timestamp,x,y,yaw,exploration_active,loop_id
0.100000000,-28.0,-28.0,0.0,0,
0.200000000,-28.0,-28.0,0.0,0,
0.300000000,-28.0,-28.0,0.0,0,
0.400000000,-28.0,-28.0,0.0,0,
0.500000000,-28.0,-28.0,0.0,0,
0.600000000,-28.0,-28.0,0.0,0,
0.700000000,-28.0,-28.0,0.0,0,
0.800000000,-28.0,-28.0,0.0,0,
0.900000000,-28.0,-28.0,0.0,0,
1.000000000,-28.0,-28.0,0.0,0,
1.100000000,-28.0,-28.0,0.0,0,
1.200000000,-28.0,-28.0,0.0,0,
1.300000000,-28.0,-28.0,0.0,0,
1.400000000,-28.0,-28.0,0.0,0,
1.500000000,-27.98,-28.0,-2.3652108225094563e-17,0,
1.600000000,-27.96,-28.0,-4.7304216450189126e-17,0,
1.700000000,-27.938333333333333,-28.0,-7.292733369404157e-17,0,
1.800000000,-27.918333333333333,-28.0,-9.657944191913614e-17,0,
1.900000000,-27.898333333333333,-28.0,-1.202315501442307e-16,0,
2.000000000,-27.88,-28.0,-1.419126493505674e-16,0,
2.100000000,-27.861666666666665,-28.0,-1.6359374855690408e-16,0,
2.200000000,-27.841666666666665,-28.0,-1.8724585678199864e-16,0,
2.300000000,-27.821666666666665,-28.0,-2.108979650070932e-16,0,
2.400000000,-27.801666666666666,-28.0,-2.345500732321878e-16,0,
2.500000000,-27.78333333333333,-28.0,-2.5623117243852447e-16,0,
2.600000000,-27.763333333333332,-28.0,-2.7988328066361906e-16,0,
2.700000000,-27.741666666666664,-28.0,-3.0550639790747147e-16,0,
2.800000000,-27.721666666666664,-28.0,-3.2915850613256605e-16,0,
2.900000000,-27.699999999999996,-28.0,-3.5478162337641847e-16,0,
3.000000000,-27.679999999999996,-28.0,-3.7843373160151305e-16,0,
3.100000000,-27.656666666666663,-28.0,-4.0602785786412336e-16,0,
3.200000000,-27.634999999999994,-28.0,-4.3165097510797578e-16,0,
3.300000000,-27.613333333333326,-28.0,-4.572740923518282e-16,0,
3.400000000,-27.589999999999993,-28.0,-4.848682186144385e-16,0,
3.500000000,-27.56666666666666,-28.0,-5.1246234487704885e-16,0,
3.600000000,-27.54499999999999,-28.0,-5.380854621209013e-16,0,
3.700000000,-27.523333333333323,-28.0,-5.637085793647538e-16,0,
3.800000000,-27.503333333333323,-28.0,-5.873606875898483e-16,0,
3.900000000,-27.483333333333324,-28.0,-6.110127958149428e-16,0,
4.000000000,-27.463333333333324,-28.0,-6.346649040400374e-16,0,
4.100000000,-27.44499999999999,-28.0,-6.563460032463741e-16,0,
4.200000000,-27.42499999999999,-28.0,-6.799981114714686e-16,0,
4.300000000,-27.40499999999999,-28.0,-7.036502196965631e-16,0,
4.400000000,-27.38499999999999,-28.0,-7.273023279216577e-16,0,
4.500000000,-27.36499999999999,-28.0,-7.509544361467522e-16,0,
4.600000000,-27.34499999999999,-28.0,-7.746065443718467e-16,0,
4.700000000,-27.324999999999992,-28.0,-7.982586525969413e-16,0,
4.800000000,-27.306666666666658,-28.0,-8.19939751803278e-16,0,
4.900000000,-27.288333333333323,-28.0,-8.416208510096147e-16,0,
5.000000000,-27.268333333333324,-28.0,-8.652729592347092e-16,0,
5.100000000,-27.24999999999999,-28.0,-8.869540584410459e-16,0,
5.200000000,-27.22999999999999,-28.0,-9.106061666661404e-16,0,
5.300000000,-27.211666666666655,-28.0,-9.322872658724771e-16,0,
5.400000000,-27.191666666666656,-28.0,-9.559393740975717e-16,0,
5.500000000,-27.169999999999987,-28.0,-9.815624913414241e-16,0,
5.600000000,-27.169999999999987,-28.0,-0.10000000000000099,0,
5.700000000,-27.169999999999987,-28.0,-0.20000000000000104,0,
5.800000000,-27.169999999999987,-28.0,-0.30000000000000104,0,
5.900000000,-27.169999999999987,-28.0,-0.40000000000000097,0,
6.000000000,-27.169999999999987,-28.0,-0.5000000000000011,0,
6.100000000,-27.169999999999987,-28.0,-0.600000000000001,0,
6.200000000,-27.169999999999987,-28.0,-0.7000000000000011,0,
6.300000000,-27.169999999999987,-28.0,-0.8000000000000012,0,
6.400000000,-27.169999999999987,-28.0,-0.900000000000001,0,
6.500000000,-27.169999999999987,-28.0,-1.000000000000001,0,
6.600000000,-27.169999999999987,-28.0,-1.1000000000000012,0,
6.700000000,-27.169999999999987,-28.0,-1.200000000000001,0,
6.800000000,-27.169999999999987,-28.0,-1.3000000000000012,0,
6.900000000,-27.169999999999987,-28.0,-1.4000000000000012,0,
7.000000000,-27.169999999999987,-28.0,-1.5000000000000016,0,
7.100000000,-27.169999999999987,-28.0,-1.6000000000000014,0,
7.200000000,-27.169999999999987,-28.0,-1.7000000000000017,0,
7.300000000,-27.169999999999987,-28.0,-1.8000000000000016,0,
7.400000000,-27.169999999999987,-28.0,-1.9000000000000028,0,
7.500000000,-27.169999999999987,-28.0,-2.0000000000000018,0,
7.600000000,-27.169999999999987,-28.0,-2.100000000000002,0,
7.700000000,-27.169999999999987,-28.0,-2.200000000000002,0,
7.800000000,-27.169999999999987,-28.0,-2.300000000000002,0,
7.900000000,-27.169999999999987,-28.0,-2.400000000000002,0,
8.000000000,-27.169999999999987,-28.0,-2.500000000000002,0,
8.100000000,-27.169999999999987,-28.0,-2.6000000000000023,0,
8.200000000,-27.169999999999987,-28.0,-2.7000000000000024,0,
8.300000000,-27.169999999999987,-28.0,-2.8000000000000025,0,
8.400000000,-27.169999999999987,-28.0,-2.9000000000000026,0,
8.500000000,-27.169999999999987,-28.0,-3.0000000000000027,0,
8.600000000,-27.169999999999987,-28.0,-3.1000000000000028,0,
8.700000000,-27.169999999999987,-28.0,3.0831853071795834,0,
8.800000000,-27.169999999999987,-28.0,2.9831853071795833,0,
8.900000000,-27.169999999999987,-28.0,2.883185307179583,0,
9.000000000,-27.169999999999987,-28.0,2.783185307179583,0,
9.100000000,-27.169999999999987,-28.0,2.683185307179583,0,
9.200000000,-27.169999999999987,-28.0,2.583185307179583,0,
9.300000000,-27.169999999999987,-28.0,2.483185307179583,0,
9.400000000,-27.169999999999987,-28.0,2.3831853071795828,0,
9.500000000,-27.169999999999987,-28.0,2.2831853071795827,0,
9.600000000,-27.169999999999987,-28.0,2.1831853071795826,0,
9.700000000,-27.169999999999987,-28.0,2.0831853071795825,0,
9.800000000,-27.169999999999987,-28.0,1.9831853071795822,0,
9.900000000,-27.169999999999987,-28.0,1.8831853071795823,0,
10.000000000,-27.169999999999987,-28.0,1.7831853071795831,0,
10.100000000,-27.169999999999987,-28.0,1.683185307179582,0,
10.200000000,-27.169999999999987,-28.0,1.5831853071795823,0,
10.300000000,-27.169999999999987,-28.0,1.483185307179582,0,
10.400000000,-27.169999999999987,-28.0,1.3831853071795819,0,
10.500000000,-27.169999999999987,-28.0,1.2831853071795822,0,
10.600000000,-27.169999999999987,-28.0,1.1831853071795817,0,
10.700000000,-27.169999999999987,-28.0,1.0831853071795816,0,
10.800000000,-27.169999999999987,-28.0,0.9831853071795814,0,
10.900000000,-27.169999999999987,-28.0,0.8831853071795818,0,
11.000000000,-27.169999999999987,-28.0,0.7831853071795818,0,
11.100000000,-27.169999999999987,-28.0,0.6831853071795817,0,
11.200000000,-27.169999999999987,-28.0,0.5831853071795817,0,
11.300000000,-27.169999999999987,-28.0,0.48318530717958175,0,
11.400000000,-27.169999999999987,-28.0,0.3831853071795819,0,
11.500000000,-27.169999999999987,-28.0,0.28318530717958185,0,
11.600000000,-27.169999999999987,-28.0,0.18318530717958173,0,
11.700000000,-27.169999999999987,-28.0,0.08318530717958178,0,
11.800000000,-27.169999999999987,-28.0,-0.01681469282041822,0,
11.900000000,-27.169999999999987,-28.0,-0.11681469282041824,0,
12.000000000,-27.169999999999987,-28.0,-0.21681469282041824,0,
12.100000000,-27.169999999999987,-28.0,-0.31681469282041835,0,
12.200000000,-27.169999999999987,-28.0,-0.4168146928204183,0,
12.300000000,-27.169999999999987,-28.0,-0.5168146928204183,0,
12.400000000,-27.169999999999987,-28.0,-0.6168146928204183,0,
12.500000000,-27.169999999999987,-28.0,-0.6168146928204183,0,
12.600000000,-27.169999999999987,-28.0,-0.6168146928204183,0,
12.700000000,-27.169999999999987,-28.0,-0.6168146928204183,0,
12.800000000,-27.169999999999987,-28.0,-0.6168146928204183,0,
12.900000000,-27.169999999999987,-28.0,-0.6168146928204183,0,
13.000000000,-27.169999999999987,-28.0,-0.6168146928204183,0,
13.100000000,-27.169999999999987,-28.0,-0.6168146928204183,0,
13.200000000,-27.169999999999987,-28.0,-0.6168146928204183,0,
13.300000000,-27.169999999999987,-28.0,-0.6168146928204183,0,
13.400000000,-27.169999999999987,-28.0,-0.6168146928204183,0,
13.500000000,-27.169999999999987,-28.0,-0.6168146928204183,0,
13.600000000,-27.169999999999987,-28.0,-0.6168146928204183,0,
13.700000000,-27.169999999999987,-28.0,-0.6168146928204183,1,
13.800000000,-27.169999999999987,-28.0,-0.6168146928204183,1,
13.900000000,-27.169999999999987,-28.0,-0.6168146928204183,1,
14.000000000,-27.169999999999987,-28.0,-0.6168146928204183,1,
14.100000000,-27.12377557765955,-28.032778253315332,-0.5756439496289412,1,
14.200000000,-27.076241201839352,-28.063626174258165,-0.5344732064374643,1,
14.300000000,-27.055137624619572,-28.076118261541662,-0.4589969340531782,1,
14.400000000,-27.03315216765524,-28.08698347659886,-0.3835206616688921,1,
14.500000000,-27.03315216765524,-28.08698347659886,-0.28352066166889217,1,
14.600000000,-27.03315216765524,-28.08698347659886,-0.18352066166889214,1,
14.700000000,-27.03315216765524,-28.08698347659886,-0.08352066166889209,1,
14.800000000,-27.03315216765524,-28.08698347659886,0.0164793383311079,1,
14.900000000,-27.03315216765524,-28.08698347659886,0.11647933833110792,1,
15.000000000,-27.03315216765524,-28.08698347659886,0.2164793383311079,1,
15.100000000,-27.03315216765524,-28.08698347659886,0.3164793383311079,1,
15.200000000,-27.03315216765524,-28.08698347659886,0.4164793383311081,1,
15.300000000,-27.03315216765524,-28.08698347659886,0.516479338331108,1,
15.400000000,-27.03315216765524,-28.08698347659886,0.616479338331108,1,
15.500000000,-27.03315216765524,-28.08698347659886,0.7164793383311079,1,
15.600000000,-27.03315216765524,-28.08698347659886,0.8164793383311083,1,
15.700000000,-27.03315216765524,-28.08698347659886,0.9164793383311082,1,
15.800000000,-27.03315216765524,-28.08698347659886,1.0164793383311077,1,
15.900000000,-27.03315216765524,-28.08698347659886,1.116479338331108,1,
16.000000000,-27.03315216765524,-28.08698347659886,1.216479338331108,1,
16.100000000,-27.03315216765524,-28.08698347659886,1.3164793383311084,1,
16.200000000,-27.03315216765524,-28.08698347659886,1.4164793383311083,1,
16.300000000,-27.03315216765524,-28.08698347659886,1.5164793383311084,1,
16.400000000,-27.03315216765524,-28.08698347659886,1.6164793383311082,1,
16.500000000,-27.03315216765524,-28.08698347659886,1.7164793383311086,1,
16.600000000,-27.03315216765524,-28.08698347659886,1.8164793383311084,1,
16.700000000,-27.03315216765524,-28.08698347659886,1.916479338331109,1,
16.800000000,-27.03315216765524,-28.08698347659886,2.016479338331109,1,
16.900000000,-27.05129210847017,-28.04901329846396,2.074398560292139,1,
17.000000000,-27.071599605131972,-28.012156854526758,2.132317782253167,1,
17.100000000,-27.102012455531327,-27.963811201828065,2.1752017284304794,1,
17.200000000,-27.1344699620643,-27.916813820263364,2.2180856746077917,1,
17.300000000,-27.168912443457643,-27.871251126315954,2.260969620785104,1,
17.400000000,-27.205276568563555,-27.82720689843581,2.3038535669624163,1,
17.500000000,-27.243495472809897,-27.78476212299189,2.3467375131397286,1,
17.600000000,-27.283498881147498,-27.743994845358333,2.389621459317041,1,
17.700000000,-27.337905658383832,-27.693108993078486,2.4151267120425475,1,
17.800000000,-27.393592456101743,-27.64362719913955,2.440631964768054,1,
17.900000000,-27.450909176729514,-27.595255786750844,2.442178593906624,1,
18.000000000,-27.50830064141078,-27.546973079890737,2.443725223045194,1,
18.100000000,-27.565766712861645,-27.498779194054418,2.445271852183764,1,
18.200000000,-27.62330725361975,-27.450674244524613,2.446818481322334,1,
18.300000000,-27.680922126044596,-27.402658346371307,2.448365110460904,1,
18.400000000,-27.738611192317883,-27.354731614451467,2.449911739599474,1,
18.500000000,-27.79637431444383,-27.306894163408767,2.451458368738044,1,
18.600000000,-27.854211354249518,-27.25914610767332,2.4530049978766137,1,
18.700000000,-27.912122173385203,-27.2114875614614,2.4457090321575476,1,
18.800000000,-27.969683739164456,-27.163407772099955,2.4384130664384815,1,
18.900000000,-28.02689298753449,-27.114909298918466,2.4297766637461753,1,
19.000000000,-28.08368125523425,-27.065918558449876,2.421140261053869,1,
19.100000000,-28.140044306597893,-27.01643920476595,2.412503858361563,1,
19.200000000,-28.1959779376752,-26.966474928382638,2.4038674556692565,1,
19.300000000,-28.2514779765451,-26.91602945598482,2.3926514312332365,1,
19.400000000,-28.30640873873288,-26.864964679813085,2.3814354067972165,1,
19.500000000,-28.360763314064812,-26.81328702370829,2.3702193823611966,1,
19.600000000,-28.414534864850257,-26.761002988610297,2.3590033579251766,1,
19.700000000,-28.467716626741836,-26.70811915174016,2.3477873334891566,1,
19.800000000,-28.52030190958636,-26.654642165772728,2.3365713090531366,1,
19.900000000,-28.57228409826645,-26.60057875799975,2.3253552846171166,1,
20.000000000,-28.62365665353269,-26.5459357294836,2.3141392601810966,1,
20.100000000,-28.674413112826265,-26.49071995420171,2.301680322095665,1,
20.200000000,-28.724477720703213,-26.43487610907866,2.2892213840102333,1,
20.300000000,-28.77384270597838,-26.378412862370894,2.2767624459248017,1,
20.400000000,-28.82250040606423,-26.321338978480313,2.26430350783937,1,
20.500000000,-28.870443268160233,-26.263663316593835,2.25308748340335,1,
20.600000000,-28.917736236630812,-26.205453565406934,2.24187145896733,1,
20.700000000,-28.964373362120536,-26.146717047583216,2.2294125208818985,1,
20.800000000,-29.01027509232304,-26.08740405436574,2.216953582796467,1,
20.900000000,-29.055434302228083,-26.027523792502983,2.2057375583604473,1,
21.000000000,-29.099919067267702,-25.967140800863202,2.194521533924427,1,
21.100000000,-29.14372379135253,-25.90626267549906,2.183305509488407,1,
21.200000000,-29.186842963940908,-25.844897074749994,2.172089485052387,1,
21.300000000,-29.2292711607321,-25.78305171827881,2.160873460616367,1,
21.400000000,-29.271003044348674,-25.72073438610057,2.149657436180347,1,
21.500000000,-29.312033365007917,-25.65795291760389,2.138441411744327,1,
21.600000000,-29.352356961182252,-25.594715210564743,2.127225387308307,1,
21.700000000,-29.391968760248556,-25.531029220152952,2.116009362872287,1,
21.800000000,-29.430863779126266,-25.466902957931435,2.104793338436267,1,
21.900000000,-29.469037124904258,-25.402344490848378,2.094850891974519,1,
22.000000000,-29.506566725409744,-25.337409684419942,2.0849084455127707,1,
22.100000000,-29.54344887078815,-25.272104957544425,2.0736924210767502,1,
22.200000000,-29.579596252263226,-25.206390675896557,2.062476396640731,1,
22.300000000,-29.615004322570815,-25.140275106194007,2.0525339501789825,1,
22.400000000,-29.649753303127248,-25.073810767257335,2.0425915037172344,1,
22.500000000,-29.683839758946196,-25.007004229181312,2.033955101024928,1,
22.600000000,-29.717347982569212,-24.939905801855257,2.025318698332623,1,
22.700000000,-29.750275474718826,-24.87252048994875,2.018022732613556,1,
22.800000000,-29.78271045392487,-24.80489673580937,2.0107267668944893,1,
22.900000000,-29.81465119364487,-24.73703813910903,1.99470673182146,1,
23.000000000,-29.84550078419177,-24.66867658000533,1.9786866967484293,1,
23.100000000,-29.87525130844897,-24.599829602537746,1.9626666616753985,1,
23.200000000,-29.903895131359885,-24.530514875321604,1.946646626602368,1,
23.300000000,-29.93142490188737,-24.460750187013666,1.9306265915293381,1,
23.400000000,-29.95783355490028,-24.390553441746924,1.914606556456307,1,
23.500000000,-29.983114312986604,-24.319942654535758,1.8985865213832767,1,
23.600000000,-30.007260688192833,-24.24893594665263,1.8825664863102465,1,
23.700000000,-30.03026648368897,-24.17755154097751,1.866546451237217,1,
23.800000000,-30.052125795358872,-24.105807757321237,1.8505264161641857,1,
23.900000000,-30.072833013315467,-24.03372300772399,1.8591628188564915,1,
24.000000000,-30.094162004213974,-23.961819780068677,1.867799221548799,1,
24.100000000,-30.116111177189207,-23.890103437400473,1.876435624241104,1,
24.200000000,-30.138678895118467,-23.818579328825354,1.8850720269334118,1,
24.300000000,-30.161863474743654,-23.74725278911114,1.8937084296257174,1,
24.400000000,-30.185663186796805,-23.676129138289582,1.9023448323180234,1,
24.500000000,-30.21007625612909,-23.60521368125956,1.9109812350103301,1,
24.600000000,-30.2351008618432,-23.534511707391406,1.9196176377026355,1,
24.700000000,-30.260735137429176,-23.464028490132385,1.9255367080780972,1,
24.800000000,-30.286786156650138,-23.393698237768632,1.931455778453557,1,
24.900000000,-30.313253006801027,-23.323523414341064,1.9373748488290174,1,
25.000000000,-30.340134760608024,-23.253506478445097,1.943293919204478,1,
25.100000000,-30.36743047626104,-23.18364988314451,1.9492129895799395,1,
25.200000000,-30.39513919744671,-23.11395607588551,1.9551320599553996,1,
25.300000000,-30.423259953381905,-23.04442749841097,1.96105113033086,1,
25.400000000,-30.45179175884773,-22.975066586674888,1.9669702007063206,1,
25.500000000,-30.480733614224057,-22.905875770757053,1.9728892710817807,1,
25.600000000,-30.51008450552454,-22.83685747477789,1.9788083414572424,1,
25.700000000,-30.53984340443213,-22.76801411681354,1.9605393063520733,1,
25.800000000,-30.56833970558454,-22.698638610900925,1.9422702712469062,1,
25.900000000,-30.59556389838796,-22.628754111001435,1.9218401888362606,1,
26.000000000,-30.621354763086167,-22.558328041267856,1.9014101064256148,1,
26.100000000,-30.645701535249245,-22.487389795692994,1.8809800240149697,1,
26.200000000,-30.668594053173603,-22.41596898203841,1.8605499416043245,1,
26.300000000,-30.690022762123196,-22.344095409476907,1.8401198591936803,1,
26.400000000,-30.709978718317412,-22.271799076150973,1.8196897767830347,1,
26.500000000,-30.72845359266399,-22.199110156652345,1.7992596943723889,1,
26.600000000,-30.745439674235342,-22.126058989427918,1.7788296119617435,1,
26.700000000,-30.760929873486912,-22.05267606411728,1.7587170304235846,1,
26.800000000,-30.774941119262568,-21.978996453696116,1.738604448885426,1,
26.900000000,-30.787189374542972,-21.906693217113208,1.7197756491475733,1,
27.000000000,-30.79807415601612,-21.83417219043777,1.700946849409722,1,
27.100000000,-30.803949918568488,-21.78928148939299,1.6462204579014637,1,
27.200000000,-30.80736140445977,-21.744136596106184,1.591494066393206,1,
27.300000000,-30.807483907093314,-21.73821879338029,1.497413136928166,1,
27.400000000,-30.807049936556506,-21.732315653065932,1.4033322074631254,1,
27.500000000,-30.806792140543315,-21.730790660132783,1.3048788367757187,1,
27.600000000,-30.806385694680017,-21.72929839206344,1.2064254660883118,1,
27.700000000,-30.80583453549198,-21.727853301830958,1.1079720954009051,1,
27.800000000,-30.80514400108772,-21.726469385479763,1.0095187247134985,1,
27.900000000,-30.80432077945805,-21.72516004657061,0.9110653540260918,1,
28.000000000,-30.80337284370129,-21.723937966363902,0.8126119833386852,1,
28.100000000,-30.802309374801894,-21.722814980998642,0.7141586126512783,1,
28.200000000,-30.80114067271043,-21.721801966856596,0.6157052419638719,1,
28.300000000,-30.799878056586095,-21.720908735221947,0.5172518712764651,1,
28.400000000,-30.798533755167945,-21.720143937256648,0.4187985005890583,1,
28.500000000,-30.797120788336635,-21.719514980211855,0.3203451299016518,1,
28.600000000,-30.795652841013773,-21.719027955686933,0.2218917592142451,1,
28.700000000,-30.794144130620168,-21.718687580630853,0.12343838852683837,1,
28.800000000,-30.792609269376715,-21.71849715165742,0.02498501783943172,1,
28.900000000,-30.791063122781548,-21.718458513116772,-0.07346835284797495,1,
29.000000000,-30.789520665634125,-21.718572039232413,-0.1719217235353817,1,
29.100000000,-30.787996837000723,-21.71883663047677,-0.2703750942227884,1,
29.200000000,-30.786506395526004,-21.719249724220376,-0.368828464910195,1,
29.300000000,-30.785063776492017,-21.719807319551553,-0.4672818355976017,1,
29.400000000,-30.78368295200904,-21.720504016026197,-0.5657352062850085,1,
29.500000000,-30.78237729569235,-21.721333065972374,-0.6641885769724151,1,
29.600000000,-30.78115945313555,-21.722286439843124,-0.7626419476598217,1,
29.700000000,-30.780041219435,-21.723354903984557,-0.8610953183472283,1,
29.800000000,-30.779033424951454,-21.72452811006599,-0.9595486890346349,1,
29.900000000,-30.778145830415454,-21.72579469530601,-1.0580020597220423,1,
30.000000000,-30.777387032392305,-21.727142392523728,-1.1564554304094485,1,
30.100000000,-30.776764380022293,-21.72855814894935,-1.2549088010968552,1,
30.200000000,-30.776283903842497,-21.730028252643386,-1.3533621717842619,1,
30.300000000,-30.7759502573796,-21.73153846530006,-1.4518155424716686,1,
30.400000000,-30.77576667207937,-21.73307416014869,-1.5502689131590757,1,
30.500000000,-30.77573492600934,-21.734620463617485,-1.648722283846482,1,
30.600000000,-30.77585532663778,-21.736162399387627,-1.7471756545338886,1,
30.700000000,-30.776126707855823,-21.737685033442503,-1.8456290252212952,1,
30.800000000,-30.77654644127148,-21.739173618707227,-1.9440823959087021,1,
30.900000000,-30.77711046166627,-21.740613737877588,-2.042535766596109,1,
31.000000000,-30.7778133063678,-21.741991443055085,-2.1409891372835155,1,
31.100000000,-30.77864816815709,-21.743293390835664,-2.239442507970922,1,
31.200000000,-30.779606961198095,-21.74450697154377,-2.337895878658329,1,
31.300000000,-30.780680399350963,-21.74562043136008,-2.4363492493457355,1,
31.400000000,-30.781858086110525,-21.746622986160045,-2.534802620033142,1,
31.500000000,-30.783128615298924,-21.74750492596071,-2.633255990720549,1,
31.600000000,-30.78447968153719,-21.748257708964232,-2.7317093614079555,1,
31.700000000,-30.78589819942576,-21.748874044287234,-2.830162732095362,1,
31.800000000,-30.78737043027971,-21.749347962574745,-2.928616102782769,1,
31.900000000,-30.788882115191218,-21.74967487381484,-3.0270694734701755,1,
32.000000000,-30.790418613130463,-21.74985161179399,-3.125522844157582,1,
32.100000000,-30.791965042747524,-21.749876464762607,3.0592090923345974,1,
32.200000000,-30.793506426501807,-21.74974919201375,2.9607557216471907,1,
32.300000000,-30.795027835723108,-21.74947102621442,2.862302350959784,1,
32.400000000,-30.796514535199343,-21.749044661466893,2.7638489802723774,1,
32.500000000,-30.797952125890617,-21.7484742272157,2.6653956095849707,1,
32.600000000,-30.799326684387353,-21.747765248252946,2.566942238897564,1,
32.700000000,-30.800624897761853,-21.74692459120941,2.4684888682101573,1,
32.800000000,-30.80183419250718,-21.74596039804956,2.3700354975227507,1,
32.900000000,-30.80294285631458,-21.744882007214688,2.271582126835344,1,
33.000000000,-30.803940151509995,-21.743699863177874,2.1731287561479373,1,
33.100000000,-30.804816419051004,-21.742425415286768,2.0746753854605307,1,
33.200000000,-30.805563172076955,-21.741071006873916,1.9762220147731246,1,
33.300000000,-30.806173178106242,-21.739649755708637,1.8777686440857173,1,
33.400000000,-30.806640529084618,-21.738175426948292,1.779315273398312,1,
33.500000000,-30.806960698606115,-21.736662299819436,1.680861902710904,1,
33.600000000,-30.807130585752365,-21.735125029320105,1.5824085320234975,1,
33.700000000,-30.80714854512573,-21.733578504282647,1.4839551613360906,1,
33.800000000,-30.80701440278539,-21.732037703171827,1.3855017906486842,1,
33.900000000,-30.79911363452534,-21.68988784304759,1.3283857369175587,1,
34.000000000,-30.788819624927662,-21.64825773118136,1.271269683186433,1,
34.100000000,-30.771010945134318,-21.590590436580428,1.2316241854424599,1,
34.200000000,-30.75093060930481,-21.53367430481142,1.1919786876984866,1,
34.300000000,-30.72830624689806,-21.476835226126813,1.1531550118772662,1,
34.400000000,-30.70349278529494,-21.420917118475554,1.114331336056046,1,
34.500000000,-30.67652762057783,-21.366004255394067,1.0755076602348261,1,
34.600000000,-30.6474513916361,-21.31217939542625,1.036683984413606,1,
34.700000000,-30.609270600536224,-21.24762533133275,1.0162539020029608,1,
34.800000000,-30.5697790241601,-21.183864721271924,0.9958238195923155,1,
34.900000000,-30.528993145255036,-21.120924177248682,1.004460222284622,1,
35.000000000,-30.488752360524412,-21.057633741602658,1.013096624976928,1,
35.100000000,-30.44905967140715,-20.993998134976806,1.0217330276692342,1,
35.200000000,-30.409918038461363,-20.930022103759345,1.0303694303615403,1,
35.300000000,-30.37133038114356,-20.86571041972974,1.0390058330538468,1,
35.400000000,-30.333299577590868,-20.801067879702785,1.0476422357461528,1,
35.500000000,-30.295828464406366,-20.73609930517083,1.0558346477722738,1,
35.600000000,-30.25889085204086,-20.67082593546514,1.0640270597983947,1,
35.700000000,-30.222489219571045,-20.605252151423553,1.0717468326691626,1,
35.800000000,-30.186594881462668,-20.53939931175994,1.0794666055399298,1,
35.900000000,-30.15120997682435,-20.473271340947754,1.103990333042599,1,
36.000000000,-30.117457253916307,-20.406295571476303,1.1285140605452693,1,
36.100000000,-30.085357011054654,-20.338512281439428,1.153037788047939,1,
36.200000000,-30.054928552781984,-20.26996223456017,1.1775615155506085,1,
36.300000000,-30.026190178257938,-20.200686655676154,1.2019304927383108,1,
36.400000000,-29.999148344331235,-20.13073138984233,1.2262994699260126,1,
36.500000000,-29.97607059651254,-20.06641294769654,1.2485023158081416,1,
36.600000000,-29.95442647186783,-20.0015980087333,1.2707051616902703,1,
36.700000000,-29.93521199744686,-19.939502888371667,1.2918249419196117,1,
36.800000000,-29.91731314593216,-19.87701584079815,1.3129447221489536,1,
36.900000000,-29.902012919584593,-19.818999437309888,1.3324399038991153,1,
37.000000000,-29.8878465693507,-19.76069579659123,1.351935085649277,1,
37.100000000,-29.873650947313777,-19.69687345448255,1.3865530771358283,1,
37.200000000,-29.86167279051116,-19.63259802529795,1.4211710686223789,1,
37.300000000,-29.851926452196363,-19.567946529362384,1.4557890601089305,1,
37.400000000,-29.8444236112668,-19.50299643763621,1.4904070515954813,1,
37.500000000,-29.839173258269156,-19.43782557888283,1.5250250430820325,1,
37.600000000,-29.836181684626126,-19.372512046407614,1.5596430345685837,1,
37.700000000,-29.8354524750975,-19.307134104479804,1.5942610260551349,1,
37.800000000,-29.836986503484603,-19.241770094549565,1.6288790175416867,1,
37.900000000,-29.841340256357416,-19.166896568948573,1.6513912849110115,1,
38.000000000,-29.847378336486585,-19.09214002014946,1.6739035522803367,1,
38.100000000,-29.855097683889163,-19.017538333334226,1.696415819649662,1,
38.200000000,-29.864494386548262,-18.943129315203784,1.7189280870189876,1,
38.300000000,-29.875563682395594,-18.868950674818265,1.7414403543883124,1,
38.400000000,-29.888299961724794,-18.795040004486786,1.7639526217576376,1,
38.500000000,-29.902696770034307,-18.72143476071639,1.786464889126963,1,
38.600000000,-29.918746811298412,-18.648172245229816,1.808977156496288,1,
38.700000000,-29.936441951664705,-18.57528958606169,1.8314894238656132,1,
38.800000000,-29.955773223576173,-18.502823718742757,1.8540016912349389,1,
38.900000000,-29.97673083031579,-18.430811367581672,1.8540016912349382,1,
39.000000000,-29.99768843705541,-18.358799016420587,1.8540016912349386,1,
39.100000000,-30.018646043795027,-18.286786665259502,1.8540016912349377,1,
39.200000000,-30.039603650534644,-18.214774314098417,1.8540016912349377,1,
39.300000000,-30.060561257274262,-18.142761962937332,1.8540016912349375,1,
39.400000000,-30.08151886401388,-18.070749611776247,1.8540016912349373,1,
39.500000000,-30.102476470753498,-17.99873726061516,1.8540016912349373,1,
39.600000000,-30.123434077493116,-17.926724909454077,1.8540016912349369,1,
39.700000000,-30.144391684232733,-17.85471255829299,1.8540016912349373,1,
39.800000000,-30.16534929097235,-17.782700207131906,1.854001691234936,1,
39.900000000,-30.18630689771197,-17.71068785597082,1.8368455523717022,1,
40.000000000,-30.2060260269771,-17.638326568385366,1.8196894135084658,1,
40.100000000,-30.224500874917638,-17.56563764217529,1.8025332746452323,1,
40.200000000,-30.241726003907683,-17.49264247157287,1.7853771357819956,1,
40.300000000,-30.25769634414596,-17.419362540946036,1.768464782173587,1,
40.400000000,-30.272425123439533,-17.345823006948866,1.7515524285651785,1,
40.500000000,-30.285908129049886,-17.2720449034241,1.7360206752513332,1,
40.600000000,-30.29824365117167,-17.198066292366693,1.7204889219374881,1,
40.700000000,-30.307688815422743,-17.135441217649124,1.705283933880448,1,
40.800000000,-30.316180711050304,-17.072679773913645,1.6900789458234091,1,
40.900000000,-30.32332070832164,-17.013106118335315,1.6756742202956876,1,
41.000000000,-30.32960185236419,-16.953435797157056,1.6612694947679651,1,
41.100000000,-30.334571090927213,-16.89866074199411,1.64806516303422,1,
41.200000000,-30.338816649310488,-16.843824848329337,1.6348608313004744,1,
41.300000000,-30.34212438499111,-16.792264172139905,1.622456762096048,1,
41.400000000,-30.344792320414143,-16.740666434156317,1.6100526928916206,1,
41.500000000,-30.346689224146743,-16.69237033837891,1.5984488862165116,1,
41.600000000,-30.34802559419124,-16.644055483249094,1.586845079541402,1,
41.700000000,-30.348747757063556,-16.599061278280168,1.5760415353956103,1,
41.800000000,-30.348983790368283,-16.554061897303548,1.5652379912498189,1,
41.900000000,-30.348696611177196,-16.50239602875809,1.5603540533111697,1,
42.000000000,-30.348157103518744,-16.450732178960276,1.5554701153725206,1,
42.100000000,-30.34741636563312,-16.40240452209078,1.550901270204107,1,
42.200000000,-30.34645483466528,-16.35408075392946,1.5463324250356933,1,
42.300000000,-30.345354068891957,-16.30909421911389,1.5420786726375153,1,
42.400000000,-30.34406195207421,-16.264112773671027,1.5378249202393368,1,
42.500000000,-30.342688392368547,-16.222468753153716,1.5338862606113943,1,
42.600000000,-30.341150822118635,-16.180830465618833,1.5299476009834514,1,
42.700000000,-30.339585389732175,-16.142529109691296,1.5263240341257445,1,
42.800000000,-30.33788118040273,-16.10423367765292,1.5227004672680367,1,
42.900000000,-30.33619847423701,-16.06927415105487,1.5193919931805646,1,
43.000000000,-30.33440011480388,-16.034320382969735,1.5160835190930926,1,
43.100000000,-30.33248612178817,-15.999372756001144,1.514983599782833,1,
43.200000000,-30.330533690368252,-15.964427255410216,1.5138836804725737,1,
43.300000000,-30.328732429331183,-15.932811859849602,1.5128885153823384,1,
43.400000000,-30.326899706653272,-15.901198272496003,1.511893350292104,1,
43.500000000,-30.32513363901818,-15.871250300860043,1.5109505623118813,1,
43.600000000,-30.323339337584464,-15.841304007560788,1.510007774331658,1,
43.700000000,-30.321618055815737,-15.813023007457355,1.509117363461448,1,
43.800000000,-30.319871593022768,-15.784743551212749,1.5082269525912384,1,
43.900000000,-30.318204164850947,-15.758129066539869,1.5078080391164195,1,
44.000000000,-30.316525587659505,-15.731515282710367,1.5073891256416,1,
44.100000000,-30.314941469612794,-15.706565521789386,1.5069963942589573,1,
44.200000000,-30.313347553134395,-15.681616384925361,1.5066036628763142,1,
44.300000000,-30.311636924159206,-15.655004642035795,1.5061847494014955,1,
44.400000000,-30.309915147316755,-15.628393618086765,1.5057658359266766,1,
44.500000000,-30.308182222909196,-15.601783317748197,1.5053469224518576,1,
44.600000000,-30.306438151240634,-15.575173745689893,1.5049280089770387,1,
44.700000000,-30.304682932617137,-15.548564906581529,1.5049280089770387,1,
44.800000000,-30.30292771399364,-15.521956067473164,1.5049280089770387,1,
44.900000000,-30.30128219653411,-15.497010280809072,1.5049280089770387,1,
45.000000000,-30.29963667907458,-15.472064494144979,1.5049280089770387,1,
45.100000000,-30.297881460451084,-15.445455655036614,1.5049280089770387,1,
45.200000000,-30.296126241827587,-15.41884681592825,1.5049280089770387,1,
45.300000000,-30.294480724368057,-15.393901029264157,1.5049280089770387,1,
45.400000000,-30.292835206908528,-15.368955242600064,1.5049280089770387,1,
45.500000000,-30.291299390612966,-15.345672508380245,1.5049280089770387,1,
45.600000000,-30.289763574317405,-15.322389774160426,1.5049280089770387,1,
45.700000000,-30.288337459185815,-15.30077009238488,1.5049280089770387,1,
45.800000000,-30.286911344054225,-15.279150410609335,1.5049280089770387,1,
45.900000000,-30.285485228922635,-15.257530728833789,1.5049280089770387,1,
46.000000000,-30.284059113791045,-15.235911047058243,1.5049280089770387,1,
46.100000000,-30.282742699823423,-15.21595441772697,1.5049280089770387,1,
46.200000000,-30.2814262858558,-15.195997788395696,1.5049280089770387,1,
46.300000000,-30.28010987188818,-15.176041159064422,1.5049280089770387,1,
46.400000000,-30.278793457920557,-15.156084529733148,1.5049280089770387,1,
46.500000000,-30.277586745116903,-15.137790952846148,1.5049280089770387,1,
46.600000000,-30.27638003231325,-15.119497375959147,1.5049280089770387,1,
46.700000000,-30.27495391718166,-15.097877694183602,1.5049280089770387,1,
46.800000000,-30.27352780205007,-15.076258012408056,1.5049280089770387,1,
46.900000000,-30.27210168691848,-15.05463833063251,1.5049280089770387,1,
47.000000000,-30.27067557178689,-15.033018648856965,1.5049280089770387,1,
47.100000000,-30.269139755491327,-15.009735914637146,1.5049280089770387,1,
47.200000000,-30.267603939195766,-14.986453180417326,1.5049280089770387,1,
47.300000000,-30.266177824064176,-14.96483349864178,1.5049280089770387,1,
47.400000000,-30.264751708932586,-14.943213816866235,1.5049280089770387,1,
47.500000000,-30.26288678914512,-14.914941925313597,1.5049280089770387,1,
47.600000000,-30.261021869357656,-14.886670033760959,1.5049280089770387,1,
47.700000000,-30.25915694957019,-14.858398142208321,1.5067105912138499,1,
47.800000000,-30.257342429690702,-14.830122971202918,1.508493173450661,1,
47.900000000,-30.255785858332732,-14.805171476546134,1.5100660401302002,1,
48.000000000,-30.25426853425854,-14.780217564475,1.5116389068097393,1,
48.100000000,-30.252790461221846,-14.755261296723226,1.5132117734892783,1,
48.200000000,-30.251351642879268,-14.730302735030351,1.5147846401688174,1,
48.300000000,-30.249858778784382,-14.703677888215669,1.5164623646269932,1,
48.400000000,-30.248410585926266,-14.677050574258816,1.5181400890851675,1,
48.500000000,-30.24709478822779,-14.652085224743605,1.5197129557647076,1,
48.600000000,-30.245818259307104,-14.627117836535891,1.5212858224442467,1,
48.700000000,-30.24449851852323,-14.600483847060515,1.5229635469024216,1,
48.800000000,-30.24322346407133,-14.573847680908912,1.5246412713605966,1,
48.900000000,-30.241993099540377,-14.547209413055464,1.526318995818772,1,
49.000000000,-30.24080742839355,-14.520569118480466,1.5279967202769469,1,
49.100000000,-30.239737764869805,-14.495592012564328,1.5291756903475346,1,
49.200000000,-30.238697549342966,-14.47061366290592,1.5303546604181224,1,
49.300000000,-30.237686783258898,-14.445634104224405,1.5315336304887102,1,
49.400000000,-30.236705468022535,-14.420653371240626,1.5327126005592981,1,
49.500000000,-30.235690147462904,-14.394006040506154,1.533970168634592,1,
49.600000000,-30.234708338529714,-14.36735745400837,1.5352277367098857,1,
49.700000000,-30.233819311260305,-14.34237326639872,1.5364067067804734,1,
49.800000000,-30.232959740211363,-14.317388048016408,1.5375856768510612,1,
49.900000000,-30.23207428566875,-14.29073608596173,1.538423710611259,1,
50.000000000,-30.23121116667843,-14.26408339122518,1.5392617443714567,1,
50.100000000,-30.23037038384657,-14.237429982524963,1.5400997781316546,1,
50.200000000,-30.229551937763652,-14.210775878579783,1.5409378118918526,1,
50.300000000,-30.22880558580192,-14.185787021888265,1.5417234685420378,1,
50.400000000,-30.228078866729952,-14.16079758653269,1.5425091251922232,1,
50.500000000,-30.22737178099632,-14.135807587937945,1.5432947818424083,1,
50.600000000,-30.226684329037482,-14.110817041529268,1.544080438492594,1,
50.700000000,-30.22601651127777,-14.08582596273223,1.5448660951427793,1,
50.800000000,-30.225368328129395,-14.060834366972731,1.5456517517929642,1,
50.900000000,-30.224697876783328,-14.03417612985728,1.5464897855531625,1,
51.000000000,-30.224049766172765,-14.007517340242078,1.5473278193133608,1,
51.100000000,-30.223423996752874,-13.98085801684961,1.548165853073558,1,
51.200000000,-30.222820568963133,-13.95419817840273,1.5490038868337557,1,
51.300000000,-30.222275801085818,-13.92920411454829,1.5497895434839417,1,
51.400000000,-30.221750670127097,-13.90420963040726,1.5505752001341269,1,
51.500000000,-30.221211476830042,-13.877548415474337,1.5514132338943247,1,
51.600000000,-30.220694626717915,-13.850886758041373,1.5522512676545226,1,
51.700000000,-30.22016921349343,-13.822558296757334,1.5531416785247327,1,
51.800000000,-30.21966902444376,-13.794229378869558,1.554032089394943,1,
51.900000000,-30.219221999052426,-13.76756645931054,1.5544510028697613,1,
52.000000000,-30.21878614315627,-13.740903354826086,1.5548699163445807,1,
52.100000000,-30.21836145683178,-13.714240070095263,1.5552888298194003,1,
52.200000000,-30.217947940153483,-13.687576609797173,1.5557077432942186,1,
52.300000000,-30.21757073987892,-13.662579455560083,1.5561004746768614,1,
52.400000000,-30.217203356800137,-13.637582155112366,1.5564932060595043,1,
52.500000000,-30.21686962869556,-13.614251208496409,1.5568597553499712,1,
52.600000000,-30.216544452555137,-13.590920141120009,1.5572263046404378,1,
52.700000000,-30.21625044443203,-13.569255469332326,1.5575666718387278,1,
52.800000000,-30.21596381026945,-13.547590698728849,1.5579070390370184,1,
52.900000000,-30.2156845501006,-13.525925831819437,1.5582474062353087,1,
53.000000000,-30.21541266395784,-13.504260871113962,1.558587773433599,1,
53.100000000,-30.215168498956135,-13.4842623615832,1.5589019585397128,1,
53.200000000,-30.214930617200217,-13.464263776326483,1.5592161436458274,1,
53.300000000,-30.214699018713567,-13.444265117317915,1.5595303287519418,1,
53.400000000,-30.214473703519047,-13.42426638653161,1.559844513858056,1,
53.500000000,-30.214272924295578,-13.405934152657514,1.5601325168719937,1,
53.600000000,-30.21407742481897,-13.387601861718688,1.5604205198859318,1,
53.700000000,-30.213800741599293,-13.36093663047073,1.5625192320655132,1,
53.800000000,-30.21358002159346,-13.334270877269477,1.5646179442450954,1,
53.900000000,-30.213425563012397,-13.309271354423096,1.566585486913453,1,
54.000000000,-30.213320292326458,-13.284271576062425,1.5685530295818109,1,
54.100000000,-30.213260471117614,-13.257604976494163,1.5706517417613934,1,
54.200000000,-30.213256615516734,-13.230938310106227,1.5727504539409742,1,
54.300000000,-30.213321753046813,-13.197605040416422,1.5753738441654512,1,
54.400000000,-30.2134743364263,-13.164272056310233,1.5779972343899284,1,
54.500000000,-30.21372636601403,-13.12927296373504,1.58075179412563,1,
54.600000000,-30.214074801614885,-13.094274698168986,1.5835063538613308,1,
54.700000000,-30.214498457776976,-13.060944057212541,1.586129744085808,1,
54.800000000,-30.215009551658596,-13.027614642363863,1.5887531343102854,1,
54.900000000,-30.215638006146495,-12.992620285033622,1.5909551476616401,1,
55.000000000,-30.216343517090536,-12.957627396408819,1.5931571610129955,1,
55.100000000,-30.217088816118405,-12.924302396176708,1.5952543165857145,1,
55.200000000,-30.21790400116606,-12.890979032234135,1.597351472158433,1,
55.300000000,-30.218744815274153,-12.859323530193993,1.5993437699525155,1,
55.400000000,-30.219648694858712,-12.827669766129125,1.6013360677465984,1,
55.500000000,-30.221938819400734,-12.752704738752474,1.6072551381220597,1,
55.600000000,-30.22467262450691,-12.677754579915808,1.6131742084975205,1,
55.700000000,-30.227850014397575,-12.602821915519813,1.6190932788729804,1,
55.800000000,-30.23147087775195,-12.527909370852255,1.625012349248441,1,
55.900000000,-30.23553508771203,-12.453019570495995,1.6374712873338728,1,
56.000000000,-30.240532005489737,-12.378186216884634,1.6499302254193038,1,
56.100000000,-30.246460855447847,-12.303420925885574,1.6623891635047354,1,
56.200000000,-30.253320717291714,-12.22873530280132,1.6748481015901668,1,
56.300000000,-30.26111052621211,-12.15414094056808,1.6860641260261864,1,
56.400000000,-30.269736479809772,-12.079638639096709,1.6972801504622061,1,
56.500000000,-30.279197492957977,-12.005237770619187,1.7084961748982272,1,
56.600000000,-30.289492375481277,-11.930947694607438,1.719712199334246,1,
56.700000000,-30.300619832305223,-11.856777756595928,1.7166653246284982,1,
56.800000000,-30.311521251320244,-11.78257425894616,1.713618449922751,1,
56.900000000,-30.322196531323684,-11.708337890521728,1.7120718207841805,1,
57.000000000,-30.33275698247439,-11.63408510019373,1.71052519164561,1,
57.100000000,-30.343202579511118,-11.559816065579387,1.7276813305088452,1,
57.200000000,-30.354920746710008,-11.485737157936935,1.7448374693720796,1,
57.300000000,-30.36790803511117,-11.411870180606162,1.7619936082353154,1,
57.400000000,-30.3821606222195,-11.338236874550278,1.7791497470985504,1,
57.500000000,-30.397674313129738,-11.264858911956992,1.796305885961786,1,
57.600000000,-30.414444541761124,-11.191757889859822,1.8134620248250204,1,
57.700000000,-30.43246637220134,-11.11895532378153,1.8306181636882561,1,
57.800000000,-30.451734500159255,-11.046472641401547,1.8477743025514908,1,
57.900000000,-30.472243254526123,-10.974331176249255,1.8522778031376823,1,
58.000000000,-30.493076688951408,-10.90228280354003,1.8567813037238747,1,
58.100000000,-30.51423438090216,-10.830328984521739,1.8612848043100656,1,
58.200000000,-30.535715901269,-10.758471178524553,1.8657883048962578,1,
58.300000000,-30.557520814374836,-10.686710842931365,1.8702918054824484,1,
58.400000000,-30.579648677983688,-10.615049433148219,1.8747953060686404,1,
58.500000000,-30.602099043309657,-10.543488402574795,1.8792988066548315,1,
58.600000000,-30.62487145502604,-10.472029202574937,1.8838023072410228,1,
58.700000000,-30.647965451274544,-10.400673282447215,1.8883058078272148,1,
58.800000000,-30.671380563674678,-10.329422089395525,1.8928093084134068,1,
58.900000000,-30.695116317333227,-10.258277068499748,1.877949896990173,1,
59.000000000,-30.71779231635548,-10.186787215594999,1.863090485566939,1,
59.100000000,-30.739403553925186,-10.114968315501041,1.8482310741437038,1,
59.200000000,-30.759945258323334,-10.042836225690618,1.8333716627204697,1,
59.300000000,-30.779412893981753,-9.970406872788145,1.8185122512972367,1,
59.400000000,-30.797802162484547,-9.89769624905315,1.8036528398740017,1,
59.500000000,-30.81510900351718,-9.824720408849208,1.7887934284507672,1,
59.600000000,-30.831329595762984,-9.751495465099175,1.773934017027534,1,
59.700000000,-30.846460357746903,-9.678037585727484,1.7590746056043,1,
59.800000000,-30.86049794862627,-9.604362990090294,1.7442151941810649,1,
59.900000000,-30.87343926892846,-9.530487945394293,1.7283382907935794,1,
60.000000000,-30.885206100495346,-9.456416752107858,1.7124613874060937,1,
60.100000000,-30.895324838285685,-9.385468022333171,1.697619934239531,1,
60.200000000,-30.904389518081615,-9.314376935048559,1.6827784810729682,1,
60.300000000,-30.911839401963146,-9.24812783185013,1.6689724781273285,1,
60.400000000,-30.91837396960233,-9.181782192428889,1.6551664751816884,1,
60.500000000,-30.9235706250512,-9.120334877191171,1.6423959224569722,1,
60.600000000,-30.927982161902605,-9.058826210156464,1.629625369732255,1,
60.700000000,-30.931313885123615,-9.002257572807755,1.6178902672284612,1,
60.800000000,-30.933981555415677,-8.945653733306147,1.6061551647246675,1,
60.900000000,-30.935866967176086,-8.892353736430554,1.5951103623681553,1,
61.000000000,-30.93716358797679,-8.839036166915959,1.5840655600116436,1,
61.100000000,-30.93779574302934,-8.791398301180113,1.5317076199154407,1,
61.200000000,-30.93593395071295,-8.743792633437211,1.4793496798192372,1,
61.300000000,-30.93502601397869,-8.733891729667288,1.3892921264283318,1,
61.400000000,-30.93323131021544,-8.724112604809875,1.2992345730374268,1,
61.500000000,-30.93281644811651,-8.72262265458606,1.2007812023500204,1,
61.600000000,-30.932257141280694,-8.721180698243453,1.1023278316626137,1,
61.700000000,-30.931558806728425,-8.719800701474007,1.0038744609752068,1,
61.800000000,-30.930728207996815,-8.718496029876393,0.9054210902878005,1,
61.900000000,-30.929773389633176,-8.717279319506982,0.8069677196003937,1,
62.000000000,-30.928703599281658,-8.716162354496621,0.708514348912987,1,
62.100000000,-30.927529198117604,-8.7151559529185,0.6100609782255804,1,
62.200000000,-30.92626156049709,-8.714269862012538,0.5116076075381737,1,
62.300000000,-30.924912963793563,-8.713512663781023,0.41315423685076713,1,
62.400000000,-30.923496469488548,-8.712891691869874,0.3147008661633604,1,
62.500000000,-30.922025796668077,-8.712412960540528,0.2162474954759537,1,
62.600000000,-30.920515189150052,-8.712081106420372,0.117794124788547,1,
62.700000000,-30.918979277529477,-8.71189934359591,0.019340754101140303,1,
62.800000000,-30.917432937477635,-8.711869432483553,-0.0791126165862664,1,
62.900000000,-30.91589114566766,-8.711991662779578,-0.17756598727367306,1,
63.000000000,-30.914368834721877,-8.712264850654343,-0.2760193579610798,1,
63.100000000,-30.91288074858578,-8.71268635021796,-0.3744727286484864,1,
63.200000000,-30.911441299729404,-8.713252079146374,-0.47292609933589314,1,
63.300000000,-30.910064429559093,-8.713956558219648,-0.5713794700232998,1,
63.400000000,-30.90876347339166,-8.714792964389515,-0.6698328407107065,1,
63.500000000,-30.907551031298645,-8.715753196862233,-0.7682862113981133,1,
63.600000000,-30.90643884607162,-8.716827955556711,-0.8667395820855198,1,
63.700000000,-30.90543768949043,-8.71800683117802,-0.9651929527729264,1,
63.800000000,-30.904557257995943,-8.719278406033892,-1.0636463234603333,1,
63.900000000,-30.90168243676955,-8.724452456566512,-1.1577272529253737,1,
64.000000000,-30.89930639070308,-8.729873692688269,-1.2518081823904141,1,
64.100000000,-30.897450135198202,-8.735494165221645,-1.345889111855455,1,
64.200000000,-30.89613008826784,-8.74126416280392,-1.4399700413204946,1,
64.300000000,-30.895357925323864,-8.747132651568993,-1.5340509707855354,1,
64.400000000,-30.895140475911656,-8.753047726526333,-1.6281319002505759,1,
64.500000000,-30.89547966330484,-8.758957070644772,-1.7222128297156163,1,
64.600000000,-30.896372487494535,-8.76480841758066,-1.8162937591806567,1,
64.700000000,-30.897811051723505,-8.77055001395771,-1.9103746886456971,1,
64.800000000,-30.89978263233057,-8.776131077109804,-2.0044556181107387,1,
64.900000000,-30.9022697912875,-8.781502244238164,-2.0985365475757782,1,
65.000000000,-30.90525053043306,-8.786616009010224,-2.1926174770408187,1,
65.100000000,-30.90615146735867,-8.78787313863228,-2.2910708477282253,1,
65.200000000,-30.907171610185454,-8.78903562340359,-2.389524218415632,1,
65.300000000,-30.908301078586224,-8.790092204381194,-2.4879775891030387,1,
65.400000000,-30.90952893338946,-8.791032648325693,-2.5864309597904453,1,
65.500000000,-30.910843282527807,-8.791847846812624,-2.684884330477852,1,
65.600000000,-30.912231396215603,-8.792529904449726,-2.7833377011652587,1,
65.700000000,-30.91367983023988,-8.7930722153457,-2.8817910718526654,1,
65.800000000,-30.915174556170786,-8.793469527089854,-2.980244442540072,1,
65.900000000,-30.916701097230295,-8.793717991622948,-3.0786978132274787,1,
66.000000000,-30.918244668503245,-8.79381520250657,3.106034123264701,1,
66.100000000,-30.91979032013279,-8.79376021823007,3.007580752577294,1,
66.200000000,-30.92132308211333,-8.79355357132931,2.9091273818898875,1,
66.300000000,-30.92282810927859,-8.793197263228937,2.810674011202481,1,
66.400000000,-30.924290825080632,-8.792694744858094,2.712220640515074,1,
66.500000000,-30.92569706276717,-8.792050883227358,2.6137672698276675,1,
66.600000000,-30.92703320258998,-8.791271914290567,2.515313899140261,1,
66.700000000,-30.928286303715396,-8.79036538254813,2.416860528452854,1,
66.800000000,-30.929444229559408,-8.789340067976724,2.3184071577654475,1,
66.900000000,-30.933468538658783,-8.784999522818508,2.224326228300407,1,
67.000000000,-30.937067290494223,-8.780300120598572,2.1302452988353666,1,
67.100000000,-30.940208655205026,-8.775283426094065,2.036164369370326,1,
67.200000000,-30.94286484837989,-8.769993810435473,1.9420834399052866,1,
67.300000000,-30.94501237680155,-8.76447805865752,1.848002510440246,1,
67.400000000,-30.9466322462371,-8.758784955899833,1.7539215809752045,1,
67.500000000,-30.947710129436196,-8.752964855917277,1.6598406515101642,1,
67.600000000,-30.94823649285119,-8.747069235716383,1.565759722045124,1,
67.700000000,-30.94809363989231,-8.718706527495483,1.494122790013731,1,
67.800000000,-30.94592107331014,-8.690426789536339,1.422485857982338,1,
67.900000000,-30.93700264782301,-8.630734850135752,1.3828403602383648,1,
68.000000000,-30.92572533349193,-8.571443298258181,1.3431948624943908,1,
68.100000000,-30.91173467214226,-8.511038416659732,1.305198800481618,1,
68.200000000,-30.895459513325722,-8.451208595237464,1.2672027384688453,1,
68.300000000,-30.876923350674275,-8.39204019995685,1.2292066764560718,1,
68.400000000,-30.856152941640058,-8.333618641996837,1.191210614443299,1,
68.500000000,-30.833178268870306,-8.276028254456497,1.1532145524305257,1,
68.600000000,-30.808032496926565,-8.219352170617922,1.1152184904177522,1,
68.700000000,-30.78075192441077,-8.163672203941081,1.0772224284049798,1,
68.800000000,-30.751375931567214,-8.109068729963875,1.0392263663922066,1,
68.900000000,-30.71335938477437,-8.044417804448864,1.0407729955307767,1,
69.000000000,-30.675442874415854,-7.9797081587827625,1.0423196246693462,1,
69.100000000,-30.637626491190275,-7.914939947755004,1.0464067209140513,1,
69.200000000,-30.600075136988504,-7.850017718914542,1.050493817158755,1,
69.300000000,-30.56278943908085,-7.784942556743872,1.0543451193893418,1,
69.400000000,-30.525754641191106,-7.719724279050683,1.0581964216199289,1,
69.500000000,-30.488971292638308,-7.654363853185767,1.0618119298363982,1,
69.600000000,-30.452424495141273,-7.588870864303668,1.0654274380528674,1,
69.700000000,-30.417728493933588,-7.526162821667118,1.0688071522552192,1,
69.800000000,-30.383244625741526,-7.463337874825727,1.072186866457571,1,
69.900000000,-30.34853850115808,-7.399598238840857,1.0996110007783721,1,
70.000000000,-30.315593211941955,-7.33493090398352,1.1270351350991734,1,
70.100000000,-30.284823889085203,-7.2702056393486965,1.1541157117426302,1,
70.200000000,-30.255818431257488,-7.204670957482407,1.181196288386087,1,
70.300000000,-30.230497200815854,-7.14300022103986,1.2063875224730234,1,
70.400000000,-30.20673740200255,-7.080711246053946,1.23157875655996,1,
70.500000000,-30.186217858701685,-7.022558635446152,1.2548806480903767,1,
70.600000000,-30.167058829179975,-6.963943711019313,1.2781825396207924,1,
70.700000000,-30.150232235537793,-6.908089941905862,1.3002248694468626,1,
70.800000000,-30.134640776958882,-6.85187887362603,1.3222671992729322,1,
70.900000000,-30.116788671078627,-6.781532881595743,1.349691333593733,1,
71.000000000,-30.100872214038024,-6.710723823740412,1.3771154679145345,1,
71.100000000,-30.086720074967953,-6.638570409225013,1.403587253829806,1,
71.200000000,-30.074482700875247,-6.56606768553959,1.4300590397450774,1,
71.300000000,-30.064168666665726,-6.493266456396021,1.4565308256603493,1,
71.400000000,-30.055785199533013,-6.420217734673294,1.483002611575621,1,
71.500000000,-30.049338173894334,-6.346972706672044,1.5094743974908924,1,
71.600000000,-30.04483210727422,-6.273582696247567,1.5359461834061638,1,
71.700000000,-30.042270157139026,-6.200099128846451,1.5624179693214357,1,
71.800000000,-30.041654118684427,-6.126573495472014,1.5888897552367074,1,
71.900000000,-30.043011051777718,-6.0515857715928325,1.6060458940999425,1,
72.000000000,-30.04565422187567,-5.976632361718209,1.6232020329631776,1,
72.100000000,-30.049582851024912,-5.901735326576571,1.6403581718264129,1,
72.200000000,-30.05479578292821,-5.826916710303803,1.6575143106896477,1,
72.300000000,-30.061291483284784,-5.752198533955089,1.6746704495528835,1,
72.400000000,-30.069068040241902,-5.67760278902354,1.6918265884161174,1,
72.500000000,-30.078123164957585,-5.603151430967535,1.7089827272793534,1,
72.600000000,-30.08845419227427,-5.5288663727486576,1.726138866142588,1,
72.700000000,-30.10005808150323,-5.454769478382146,1.721635365556396,1,
72.800000000,-30.11132815878091,-5.380621077467796,1.7171318649702054,1,
72.900000000,-30.122264195533422,-5.30642267384516,1.7112127945947444,1,
73.000000000,-30.132760857704028,-5.232160839210698,1.7052937242192834,1,
73.100000000,-30.142817777539104,-5.1578381753494575,1.6993746538438235,1,
73.200000000,-30.15243460269153,-5.083457286177657,1.693455583468362,1,
73.300000000,-30.161610996233033,-5.009020777651454,1.6875365130929016,1,
73.400000000,-30.170346636665982,-4.934531257675647,1.6816174427174415,1,
73.500000000,-30.17864121793467,-4.859991336012305,1.6759551226710994,1,
73.600000000,-30.18651359959652,-4.785405642967525,1.670292802624758,1,
73.700000000,-30.193963529248947,-4.7107765698915856,1.6650499136929613,1,
73.800000000,-30.201022086361522,-4.636109463536187,1.6598070247611632,1,
73.900000000,-30.20709645552781,-4.568046650755079,1.6533476229713369,1,
74.000000000,-30.212731055974018,-4.499946021372848,1.6468882211815103,1,
74.100000000,-30.217672257646075,-4.435134104829391,1.64074391216192,1,
74.200000000,-30.22221514410925,-4.370293051610132,1.6345996031423293,1,
74.300000000,-30.22604074387789,-4.310415135928221,1.6289279332780917,1,
74.400000000,-30.229526676166884,-4.25051648589271,1.6232562634138534,1,
74.500000000,-30.23241064945207,-4.1955921497739155,1.6180572327049692,1,
74.600000000,-30.235009031736826,-4.140653562155537,1.6128582019960847,1,
74.700000000,-30.237181587875096,-4.089032593119006,1.607974264057436,1,
74.800000000,-30.239102005495752,-4.037401629147696,1.6030903261187868,1,
74.900000000,-30.240662610836893,-3.989093497098523,1.6008109839823166,1,
75.000000000,-30.24211310145848,-3.940781933388912,1.5985316418458464,1,
75.100000000,-30.24336103062697,-3.8957992403526958,1.5964094957187887,1,
75.200000000,-30.244513497209276,-3.850814000320251,1.5942873495917302,1,
75.300000000,-30.24549219980741,-3.809158829544758,1.592322399474084,1,
75.400000000,-30.246389050236097,-3.767501816084601,1.5903574493564374,1,
75.500000000,-30.24713884544886,-3.72917581640314,1.5885496952482028,1,
75.600000000,-30.247819355490826,-3.6908485239012263,1.586741941139968,1,
75.700000000,-30.248590027524354,-3.6425213351176042,1.5859826604668588,1,
75.800000000,-30.24932400543883,-3.594193575108142,1.5852233797937492,1,
75.900000000,-30.24994915604846,-3.550864751393517,1.5845426453971685,1,
76.000000000,-30.250544811094855,-3.507535512156675,1.5838619110005878,1,
76.100000000,-30.25108919494787,-3.465872401887137,1.5832073586961835,1,
76.200000000,-30.251606308001378,-3.4242089442149632,1.582552806391778,1,
76.300000000,-30.252056962671233,-3.3858782599683575,1.5819506182717262,1,
76.400000000,-30.252484534978084,-3.347547311292818,1.5813484301516736,1,
76.500000000,-30.25285385174177,-3.312549259845229,1.5807986062159736,1,
76.600000000,-30.25320392568421,-3.2775510106285206,1.5802487822802735,1,
76.700000000,-30.253519002841706,-3.244219166432678,1.57972514043675,1,
76.800000000,-30.25381662600846,-3.210887161819068,1.5792014985932261,1,
76.900000000,-30.254068778193425,-3.1808882215165237,1.5787302209340548,1,
77.000000000,-30.254306792520545,-3.150889165711714,1.5782589432748835,1,
77.100000000,-30.254518231358272,-3.1225566213255194,1.5778138477078882,1,
77.200000000,-30.25471705948556,-3.0942239856353195,1.577368752140893,1,
77.300000000,-30.254892322899646,-3.0675578949235787,1.5769498386660743,1,
77.400000000,-30.25505641551396,-3.04089173313143,1.5765309251912552,1,
77.500000000,-30.255209337299704,-3.0142255049384787,1.576112011716437,1,
77.600000000,-30.255351088230043,-2.9875592150243406,1.5756930982416175,1,
77.700000000,-30.255481668280105,-2.960892868068643,1.5756930982416175,1,
77.800000000,-30.255612248330166,-2.9342265211129455,1.5756930982416175,1,
77.900000000,-30.255742828380228,-2.907560174157248,1.5756930982416175,1,
78.000000000,-30.25587340843029,-2.8808938272015503,1.5756930982416175,1,
78.100000000,-30.25600398848035,-2.8542274802458527,1.5756930982416175,1,
78.200000000,-30.256134568530413,-2.827561133290155,1.5756930982416175,1,
78.300000000,-30.256265148580475,-2.8008947863344575,1.5756930982416175,1,
78.400000000,-30.256395728630537,-2.77422843937876,1.5756930982416175,1,
78.500000000,-30.2565263086806,-2.7475620924230624,1.5756930982416175,1,
78.600000000,-30.25665688873066,-2.720895745467365,1.5756930982416175,1,
78.700000000,-30.256787468780722,-2.694229398511667,1.5756930982416175,1,
78.800000000,-30.256918048830784,-2.6675630515559696,1.5756930982416175,1,
78.900000000,-30.257048628880845,-2.640896704600272,1.5756930982416175,1,
79.000000000,-30.257179208930907,-2.6142303576445745,1.5756930982416175,1,
79.100000000,-30.25730978898097,-2.587564010688877,1.5756930982416175,1,
79.200000000,-30.25744036903103,-2.5608976637331793,1.5756930982416175,1,
79.300000000,-30.257562787827965,-2.535897963462213,1.5756930982416175,1,
79.400000000,-30.2576852066249,-2.5108982631912466,1.5756930982416175,1,
79.500000000,-30.257823947928088,-2.4825652695508182,1.5756930982416175,1,
79.600000000,-30.257962689231277,-2.45423227591039,1.5756930982416175,1,
79.700000000,-30.25809326928134,-2.4275659289546923,1.5756930982416175,1,
79.800000000,-30.2582238493314,-2.4008995819989947,1.5756930982416175,1,
79.900000000,-30.258346268128335,-2.3758998817280284,1.5756930982416175,1,
80.000000000,-30.25846868692527,-2.350900181457062,1.5756930982416175,1,
80.100000000,-30.25859926697533,-2.3242338345013644,1.5756930982416175,1,
80.200000000,-30.258729847025393,-2.297567487545667,1.5756930982416175,1,
80.300000000,-30.258852265822327,-2.2725677872747005,1.5756930982416175,1,
80.400000000,-30.25897468461926,-2.2475680870037342,1.5756930982416175,1,
80.500000000,-30.259097103416195,-2.222568386732768,1.5756930982416175,1,
80.600000000,-30.25921952221313,-2.1975686864618016,1.5756930982416175,1,
80.700000000,-30.25935010226319,-2.170902339506104,1.5756930982416175,1,
80.800000000,-30.259480682313253,-2.1442359925504064,1.5756930982416175,1,
80.900000000,-30.259611262363315,-2.117569645594709,1.5756930982416175,1,
81.000000000,-30.259741842413376,-2.0909032986390113,1.5756930982416175,1,
81.100000000,-30.259880583716566,-2.062570304998583,1.5756930982416175,1,
81.200000000,-30.260019325019755,-2.0342373113581544,1.5756930982416175,1,
81.300000000,-30.260149905069817,-2.007570964402457,1.5756930982416175,1,
81.400000000,-30.26028048511988,-1.9809046174467593,1.5756930982416175,1,
81.500000000,-30.26041106516994,-1.9542382704910617,1.5756930982416175,1,
81.600000000,-30.260541645220002,-1.927571923535364,1.5756930982416175,1,
81.700000000,-30.260672225270064,-1.9009055765796665,1.5756930982416175,1,
81.800000000,-30.260802805320125,-1.874239229623969,1.5756930982416175,1,
81.900000000,-30.260933385370187,-1.8475728826682714,1.5756930982416175,1,
82.000000000,-30.26106396542025,-1.8209065357125738,1.5756930982416175,1,
82.100000000,-30.261186384217183,-1.7959068354416075,1.5756930982416175,1,
82.200000000,-30.261308803014117,-1.7709071351706411,1.5756930982416175,1,
82.300000000,-30.26143122181105,-1.7459074348996748,1.5756930982416175,1,
82.400000000,-30.261553640607985,-1.7209077346287085,1.5756930982416175,1,
82.500000000,-30.261684220658047,-1.694241387673011,1.5756930982416175,1,
82.600000000,-30.26181480070811,-1.6675750407173133,1.5756930982416175,1,
82.700000000,-30.26194538075817,-1.6409086937616157,1.5756930982416175,1,
82.800000000,-30.262075960808232,-1.6142423468059182,1.5756930982416175,1,
82.900000000,-30.262206540858294,-1.5875759998502206,1.5756930982416175,1,
83.000000000,-30.262337120908356,-1.560909652894523,1.5756930982416175,1,
83.100000000,-30.26245953970529,-1.5359099526235567,1.5756930982416175,1,
83.200000000,-30.262581958502224,-1.5109102523525904,1.5756930982416175,1,
83.300000000,-30.262712538552286,-1.4842439053968928,1.5756930982416175,1,
83.400000000,-30.262843118602348,-1.4575775584411952,1.5756930982416175,1,
83.500000000,-30.262965537399282,-1.4325778581702289,1.5756930982416175,1,
83.600000000,-30.263087956196216,-1.4075781578992625,1.5756930982416175,1,
83.700000000,-30.263218536246278,-1.380911810943565,1.5756930982416175,1,
83.800000000,-30.26334911629634,-1.3542454639878674,1.5756930982416175,1,
83.900000000,-30.263463373840143,-1.330912410401632,1.5771611071425207,1,
84.000000000,-30.26361188437888,-1.3075795496883735,1.578629116043424,1,
84.100000000,-30.263820756623016,-1.2809137010520233,1.5803068405015992,1,
84.200000000,-30.264074366498658,-1.254248240374546,1.5819845649597741,1,
84.300000000,-30.264354066617372,-1.2292498050666394,1.583557431639313,1,
84.400000000,-30.264673085579837,-1.2042518406114764,1.5851302983188527,1,
84.500000000,-30.265055311731288,-1.1775879134010998,1.5868080227770274,1,
84.600000000,-30.26548227204665,-1.1509246649868459,1.5884857472352032,1,
84.700000000,-30.26595396532413,-1.1242621704193247,1.5910064893970863,1,
84.800000000,-30.266492866306027,-1.097600949576257,1.5935272315589695,1,
84.900000000,-30.267061089989216,-1.0726074079735577,1.5958904273357353,1,
85.000000000,-30.26768837666271,-1.0476152789840287,1.5982536231125009,1,
85.100000000,-30.26855774846614,-1.0159605483668654,1.599248788202736,1,
85.200000000,-30.26945862151673,-0.9843066985927147,1.6002439532929706,1,
85.300000000,-30.271666874319383,-0.9093392148443616,1.6032908279987184,1,
85.400000000,-30.274103533048518,-0.8343788073332112,1.6063377027044656,1,
85.500000000,-30.27522877301887,-0.8027321390601229,1.6058402429531178,1,
85.600000000,-30.276338269906912,-0.771084914941202,1.6053427832017704,1,
85.700000000,-30.27731689148743,-0.7427684872431339,1.6048976876347751,1,
85.800000000,-30.278282909454987,-0.7144516267698375,1.6044525920677797,1,
85.900000000,-30.279348489990344,-0.6828028935266184,1.6034574269775457,1,
86.000000000,-30.280382574288776,-0.6511531155267412,1.6024622618873103,1,
86.100000000,-30.281385161326174,-0.6195023241146734,1.6014670967970754,1,
86.200000000,-30.282356250109622,-0.5878505506358865,1.60047193170684,1,
86.300000000,-30.28334529175991,-0.554531893584242,1.599424389506593,1,
86.400000000,-30.28429943017461,-0.521212218750944,1.5983768473063455,1,
86.500000000,-30.286367706971802,-0.4462407426344222,1.6042959176818061,1,
86.600000000,-30.288879706389718,-0.37128282204610547,1.6102149880572667,1,
86.700000000,-30.291835340419723,-0.29634108315861585,1.6175109537763328,1,
86.800000000,-30.29533766329121,-0.2214229028917149,1.6248069194953991,1,
86.900000000,-30.29938648857245,-0.14653226920603957,1.6293104200815909,1,
87.000000000,-30.30377254166824,-0.071660628792323,1.6338139206677822,1,
87.100000000,-30.30849573362293,0.003190499841513747,1.6368607953735292,1,
87.200000000,-30.313446965311552,0.07802689008560283,1.639907670079277,1,
87.300000000,-30.318626190769653,0.15284784720093353,1.6485440727715839,1,
87.400000000,-30.324451398958974,0.22762128466070974,1.6571804754638897,1,
87.500000000,-30.330922155394784,0.3023416253394596,1.658727104602459,1,
87.600000000,-30.337508468701436,0.3770518687939326,1.6602737337410296,1,
87.700000000,-30.344210323124063,0.45175183631265314,1.6817542372371443,1,
87.800000000,-30.352515100967892,0.5262906226253148,1.7032347407332584,1,
87.900000000,-30.362418970455856,0.6006338359616065,1.7236648231439045,1,
88.000000000,-30.37383950545606,0.6747592120504272,1.7440949055545494,1,
88.100000000,-30.386771939336988,0.7486358129056065,1.7634548661290361,1,
88.200000000,-30.40113210844015,0.8222482136498328,1.7828148267035226,1,
88.300000000,-30.416914630626344,0.8955688246227532,1.8032449091141667,1,
88.400000000,-30.434191701129865,0.9685517187474478,1.8236749915248125,1,
88.500000000,-30.452956108955014,1.0411664348797274,1.844105073935459,1,
88.600000000,-30.473200022330534,1.113382665543232,1.8645351563461021,1,
88.700000000,-30.494914991978387,1.185170269578976,1.8849652387567488,1,
88.800000000,-30.51809195464027,1.2564992847254768,1.905395321167393,1,
88.900000000,-30.542721236860366,1.3273399401242159,1.9258254035780384,1,
89.000000000,-30.5687925590228,1.3976626687452138,1.9462554859886838,1,
89.100000000,-30.585394379557588,1.4397824880799908,2.0009818774969417,1,
89.200000000,-30.604275260545553,1.480931144910827,2.055708269005199,1,
89.300000000,-30.607034319587903,1.486167841312056,2.1497891984702395,1,
89.400000000,-30.610273123906023,1.4911221871403935,2.2438701279352795,1,
89.500000000,-30.610273123906023,1.4911221871403935,2.3438701279352796,1,
89.600000000,-30.610273123906023,1.4911221871403935,2.4438701279352797,1,
89.700000000,-30.610273123906023,1.4911221871403935,2.54387012793528,1,
89.800000000,-30.610273123906023,1.4911221871403935,2.64387012793528,1,
89.900000000,-30.62434948291189,1.498770562463467,2.7278500927310554,1,
90.000000000,-30.639017788936407,1.5052112399368112,2.811830057526831,1,
90.100000000,-30.65417465256406,1.5103988225065035,2.8958100223226064,1,
90.200000000,-30.6697132407857,1.514296745546134,2.979789987118382,1,
90.300000000,-30.68552403001002,1.516877534582226,3.0637699519141575,1,
90.400000000,-30.70149557803952,1.5181229989478011,-3.1354353904696532,1,
90.500000000,-30.716354707923536,1.5180315062191452,-3.050294802026961,1,
90.600000000,-30.73115223367566,1.5166767577389246,-2.9651542135842686,1,
90.700000000,-30.745780953999752,1.514068568039343,-2.880013625141576,1,
90.800000000,-30.76013489051767,1.5102258322601059,-2.794873036698884,1,
90.900000000,-30.76013489051767,1.5102258322601059,-2.694873036698884,1,
91.000000000,-30.76013489051767,1.5102258322601059,-2.5948730366988837,1,
91.100000000,-30.76013489051767,1.5102258322601059,-2.4948730366988836,1,
91.200000000,-30.76013489051767,1.5102258322601059,-2.3948730366988835,1,
91.300000000,-30.76013489051767,1.5102258322601059,-2.2948730366988834,1,
91.400000000,-30.76013489051767,1.5102258322601059,-2.1948730366988833,1,
91.500000000,-30.76013489051767,1.5102258322601059,-2.0948730366988833,1,
91.600000000,-30.76013489051767,1.5102258322601059,-1.9948730366988827,1,
91.700000000,-30.76013489051767,1.5102258322601059,-1.8948730366988826,1,
91.800000000,-30.76013489051767,1.5102258322601059,-1.794873036698883,1,
91.900000000,-30.76013489051767,1.5102258322601059,-1.694873036698883,1,
92.000000000,-30.76013489051767,1.5102258322601059,-1.5948730366988828,1,
92.100000000,-30.76013489051767,1.5102258322601059,-1.494873036698883,1,
92.200000000,-30.76013489051767,1.5102258322601059,-1.3948730366988826,1,
92.300000000,-30.76013489051767,1.5102258322601059,-1.294873036698883,1,
92.400000000,-30.76013489051767,1.5102258322601059,-1.1948730366988822,1,
92.500000000,-30.76013489051767,1.5102258322601059,-1.0948730366988824,1,
92.600000000,-30.76013489051767,1.5102258322601059,-0.9948730366988827,1,
92.700000000,-30.76013489051767,1.5102258322601059,-0.8948730366988824,1,
92.800000000,-30.76013489051767,1.5102258322601059,-0.7948730366988825,1,
92.900000000,-30.76013489051767,1.5102258322601059,-0.6948730366988826,1,
93.000000000,-30.76013489051767,1.5102258322601059,-0.5948730366988825,1,
93.100000000,-30.76013489051767,1.5102258322601059,-0.4948730366988824,1,
93.200000000,-30.76013489051767,1.5102258322601059,-0.39487303669888246,1,
93.300000000,-30.76013489051767,1.5102258322601059,-0.2948730366988825,1,
93.400000000,-30.76013489051767,1.5102258322601059,-0.1948730366988825,1,
93.500000000,-30.76013489051767,1.5102258322601059,-0.09487303669888256,1,
93.600000000,-30.76013489051767,1.5102258322601059,0.0051269633011174764,1,
93.700000000,-30.76013489051767,1.5102258322601059,0.10512696330111748,1,
93.800000000,-30.76013489051767,1.5102258322601059,0.20512696330111746,1,
93.900000000,-30.7401331219884,1.5143872656618145,0.2846968807693392,1,
94.000000000,-30.720525414984703,1.520125392386844,0.3642667982375607,1,
94.100000000,-30.701435847702935,1.5274039013859542,0.4438367157057824,1,
94.200000000,-30.682985219534736,1.5361767340216614,0.523406633174004,1,
94.300000000,-30.665290286644623,1.5463883755287686,0.6029765506422256,1,
94.400000000,-30.64846302313325,1.5579742063135726,0.6825464681104471,1,
94.500000000,-30.632609912461724,1.570860910868718,0.7621163855786689,1,
94.600000000,-30.617831273620855,1.5849669417160692,0.8416863030468904,1,
94.700000000,-30.591966700660947,1.6139203815322556,0.9028626271314413,1,
94.800000000,-30.5679206726267,1.6444009712142793,0.9640389512159921,1,
94.900000000,-30.53256561533505,1.6953372868429946,1.0020350132287654,1,
95.000000000,-30.4991709897903,1.7475798682364327,1.0400310752415385,1,
95.100000000,-30.46736289740504,1.801772456624606,1.077193257190627,1,
95.200000000,-30.43759021773816,1.857109414644114,1.1143554391397164,1,
95.300000000,-30.40989406295524,1.9135143292140346,1.1515176210888054,1,
95.400000000,-30.384312677813355,1.9709093125455248,1.1886798030378936,1,
95.500000000,-30.360881386850085,2.0292151096946416,1.2258419849869828,1,
95.600000000,-30.339632545604953,2.088351208003023,1.2630041669360716,1,
95.700000000,-30.32059549594068,2.148235948275311,1.3001663488851603,1,
95.800000000,-30.303796525525915,2.208786637539788,1.3373285308342489,1,
95.900000000,-30.286445078847674,2.2817518847344087,1.3598407982035743,1,
96.000000000,-30.270740503269632,2.3550892306497992,1.3823530655728997,1,
96.100000000,-30.25669075756883,2.4287615093287083,1.4038335690690145,1,
96.200000000,-30.244226649048,2.5027185644267917,1.4253140725651294,1,
96.300000000,-30.233353928575628,2.576926272581199,1.4467945760612444,1,
96.400000000,-30.224077612762848,2.6513503947791905,1.4682750795573596,1,
96.500000000,-30.216401981648797,2.725956592155823,1.489755583053474,1,
96.600000000,-30.210330576725838,2.8007104418377056,1.5112360865495895,1,
96.700000000,-30.205866199305525,2.8755774528255165,1.5327165900457047,1,
96.800000000,-30.203010909226105,2.950523081907954,1.5541970935418192,1,
96.900000000,-30.201766023902113,3.025512749599778,1.5756775970379344,1,
97.000000000,-30.20213211771653,3.1005118560965825,1.5971581005340487,1,
97.100000000,-30.20410902175576,3.175485797238953,1.6071005469957973,1,
97.200000000,-30.206831240199843,3.250436377802033,1.6170429934575452,1,
97.300000000,-30.210298503953606,3.325356188813953,1.6269854399192936,1,
97.400000000,-30.214510470273076,3.40023782434446,1.6369278863810417,1,
97.500000000,-30.21946672279937,3.475073882237,1.6468703328427903,1,
97.600000000,-30.225166771599852,3.549856964840435,1.6568127793045382,1,
97.700000000,-30.231610053216563,3.6245796797403083,1.651779605930012,1,
97.800000000,-30.23767716242896,3.6993338781896585,1.646746432555487,1,
97.900000000,-30.242103327071106,3.757499046841854,1.6421554996626508,1,
98.000000000,-30.246262413620986,3.8156839226847086,1.6375645667698164,1,
98.100000000,-30.24982074120781,3.868898420232175,1.6333671424106524,1,
98.200000000,-30.25315567427633,3.922127384770976,1.6291697180514892,1,
98.300000000,-30.2560726865834,3.9720422226370893,1.625234632714773,1,
98.400000000,-30.25879325766604,4.021968152703382,1.6212995473780576,1,
98.500000000,-30.261149072881164,4.068575318595013,1.6176268010637884,1,
98.600000000,-30.263333696295522,4.115190822435636,1.6139540547495201,1,
98.700000000,-30.26606617063529,4.178465182923069,1.6109673305706975,1,
98.800000000,-30.268609650006127,4.2417474223256155,1.6079806063918751,1,
98.900000000,-30.27084019268137,4.301705946985366,1.6051510782224643,1,
99.000000000,-30.27290107231936,4.361670542999328,1.6023215500530537,1,
99.100000000,-30.27463467241183,4.416643214670982,1.5997278158977604,1,
99.200000000,-30.276225682336687,4.47162019792233,1.5971340817424664,1,
99.300000000,-30.277586309023597,4.523268945627025,1.5946975435965853,1,
99.400000000,-30.27882108765223,4.574920855235313,1.5922610054507038,1,
99.500000000,-30.279858467457224,4.623243054629084,1.5899816633142343,1,
99.600000000,-30.280785701837587,4.671567493037771,1.5877023211777639,1,
99.700000000,-30.28154643534573,4.7165610624064,1.5855801750507057,1,
99.800000000,-30.282211684283585,4.761556144847159,1.5834580289236477,1,
99.900000000,-30.282739241109148,4.803219471585514,1.5821486011733383,1,
100.000000000,-30.283212242381826,4.844883453403233,1.580839173423029,1,
100.100000000,-30.283597211697906,4.883214853626419,1.5796344998927447,1,
100.200000000,-30.283936003922587,4.921546689797844,1.5784298263624605,1,
100.300000000,-30.284215896188478,4.958212288180578,1.5772775299421884,1,
100.400000000,-30.284453538640136,4.994878184740045,1.5761252335219165,1,
100.500000000,-30.28463116802367,5.02821104478705,1.575077691321669,1,
100.600000000,-30.284773879738573,5.06154407261948,1.5740301491214217,1,
100.700000000,-30.284887063322728,5.096543889611519,1.5729302298111623,1,
100.800000000,-30.284961749871616,5.131543809924563,1.5718303105009026,1,
100.900000000,-30.28499449268314,5.163210459663461,1.5713328507495548,1,
101.000000000,-30.285011482607555,5.194877121772377,1.570835390998207,1,
101.100000000,-30.285012719640658,5.226543788414882,1.5703379312468595,1,
101.200000000,-30.284998203782145,5.258210451754547,1.569840471495512,1,
101.300000000,-30.284971121219453,5.286543772144373,1.5693953759285166,1,
101.400000000,-30.284931427624556,5.314877077673314,1.5689502803615214,1,
101.500000000,-30.284869892778396,5.34821035420854,1.5684266385179972,1,
101.600000000,-30.284790903243092,5.381543593951541,1.567902996674474,1,
101.700000000,-30.284699281250447,5.41321012807178,1.5674055369231263,1,
101.800000000,-30.284591906443598,5.444876612695569,1.5669080771717787,1,
101.900000000,-30.284475259248826,5.474876385918577,1.5669080771717787,1,
102.000000000,-30.284358612054053,5.504876159141586,1.5669080771717787,1,
102.100000000,-30.2842549256587,5.531542624228704,1.5669080771717787,1,
102.200000000,-30.28415123926335,5.558209089315823,1.5669080771717787,1,
102.300000000,-30.28402163126916,5.591542170674722,1.5669080771717787,1,
102.400000000,-30.28389202327497,5.624875252033621,1.5669080771717787,1,
102.500000000,-30.28376241528078,5.65820833339252,1.5669080771717787,1,
102.600000000,-30.28363280728659,5.691541414751419,1.5669080771717787,1,
102.700000000,-30.2835031992924,5.724874496110318,1.5669080771717787,1,
102.800000000,-30.28337359129821,5.758207577469217,1.5669080771717787,1,
102.900000000,-30.283243983304022,5.791540658828116,1.5669080771717787,1,
103.000000000,-30.283114375309832,5.824873740187015,1.5669080771717787,1,
103.100000000,-30.28297828691593,5.859873475613859,1.5669080771717787,1,
103.200000000,-30.28284219852203,5.894873211040703,1.5669080771717787,1,
103.300000000,-30.28271259052784,5.928206292399602,1.5669080771717787,1,
103.400000000,-30.28258298253365,5.961539373758501,1.5669080771717787,1,
103.500000000,-30.28244689413975,5.996539109185345,1.5669080771717787,1,
103.600000000,-30.282310805745848,6.0315388446121885,1.5669080771717787,1,
103.700000000,-30.282187678151367,6.063205271903142,1.5669080771717787,1,
103.800000000,-30.282064550556886,6.094871699194095,1.5669080771717787,1,
103.900000000,-30.281947903362113,6.124871472417103,1.5669080771717787,1,
104.000000000,-30.28183125616734,6.154871245640112,1.5669080771717787,1,
104.100000000,-30.28169516777344,6.189870981066956,1.5669080771717787,1,
104.200000000,-30.281559079379537,6.2248707164937995,1.5669080771717787,1,
104.300000000,-30.281429471385348,6.2582037978526985,1.5669080771717787,1,
104.400000000,-30.28129986339116,6.2915368792115975,1.5669080771717787,1,
104.500000000,-30.28117025539697,6.3248699605704966,1.5669080771717787,1,
104.600000000,-30.28104064740278,6.358203041929396,1.5669080771717787,1,
104.700000000,-30.280924000208007,6.388202815152404,1.5669080771717787,1,
104.800000000,-30.280807353013234,6.418202588375412,1.5669080771717787,1,
104.900000000,-30.280697186218173,6.446535707530476,1.5669080771717787,1,
105.000000000,-30.280587019423113,6.474868826685539,1.5669080771717787,1,
105.100000000,-30.28048333302776,6.501535291772658,1.5669080771717787,1,
105.200000000,-30.280379646632408,6.528201756859777,1.5669080771717787,1,
105.300000000,-30.280282440636764,6.553201567878951,1.5669080771717787,1,
105.400000000,-30.28018523464112,6.578201378898124,1.5669080771717787,1,
105.500000000,-30.280081548245768,6.604867843985243,1.5669080771717787,1,
105.600000000,-30.279977861850416,6.631534309072362,1.5669080771717787,1,
105.700000000,-30.279874175455063,6.65820077415948,1.5669080771717787,1,
105.800000000,-30.27977048905971,6.684867239246599,1.5669080771717787,1,
105.900000000,-30.27966680266436,6.711533704333718,1.5669080771717787,1,
106.000000000,-30.279563116269006,6.738200169420836,1.5669080771717787,1,
106.100000000,-30.279465910273363,6.76319998044001,1.5669080771717787,1,
106.200000000,-30.27936870427772,6.788199791459184,1.5669080771717787,1,
106.300000000,-30.279265017882366,6.814866256546303,1.5669080771717787,1,
106.400000000,-30.279161331487014,6.841532721633421,1.5669080771717787,1,
106.500000000,-30.27905764509166,6.86819918672054,1.5669080771717787,1,
106.600000000,-30.27895395869631,6.894865651807659,1.5669080771717787,1,
106.700000000,-30.278850272300957,6.921532116894777,1.5669080771717787,1,
106.800000000,-30.278746585905605,6.948198581981896,1.5669080771717787,1,
106.900000000,-30.278642899510253,6.974865047069015,1.5669080771717787,1,
107.000000000,-30.2785392131149,7.0015315121561335,1.5669080771717787,1,
107.100000000,-30.27842904631984,7.029864631311197,1.5669080771717787,1,
107.200000000,-30.27831887952478,7.0581977504662605,1.5669080771717787,1,
107.300000000,-30.278215193129427,7.084864215553379,1.5669080771717787,1,
107.400000000,-30.278111506734074,7.111530680640498,1.5669080771717787,1,
107.500000000,-30.278007820338722,7.1381971457276165,1.5669080771717787,1,
107.600000000,-30.27790413394337,7.164863610814735,1.5669080771717787,1,
107.700000000,-30.277806927947726,7.189863421833909,1.5669080771717787,1,
107.800000000,-30.277709721952082,7.214863232853083,1.5669080771717787,1,
107.900000000,-30.27760603555673,7.2415296979402015,1.5669080771717787,1,
108.000000000,-30.277502349161377,7.26819616302732,1.5669080771717787,1,
108.100000000,-30.277398662766025,7.294862628114439,1.5669080771717787,1,
108.200000000,-30.277294976370673,7.3215290932015575,1.5669080771717787,1,
108.300000000,-30.27719128997532,7.348195558288676,1.5669080771717787,1,
108.400000000,-30.277087603579968,7.374862023375795,1.5669080771717787,1,
108.500000000,-30.276990397584324,7.399861834394969,1.5669080771717787,1,
108.600000000,-30.27689319158868,7.4248616454141425,1.5669080771717787,1,
108.700000000,-30.27678302479362,7.453194764569206,1.5669080771717787,1,
108.800000000,-30.27667285799856,7.48152788372427,1.5669080771717787,1,
108.900000000,-30.276569171603207,7.508194348811388,1.5669080771717787,1,
109.000000000,-30.276465485207854,7.534860813898507,1.5669080771717787,1,
109.100000000,-30.276361798812502,7.561527278985626,1.5669080771717787,1,
109.200000000,-30.27625811241715,7.588193744072744,1.5669080771717787,1,
109.300000000,-30.27614794562209,7.616526863227808,1.5669080771717787,1,
109.400000000,-30.27603777882703,7.644859982382871,1.5669080771717787,1,
109.500000000,-30.275940572831384,7.669859793402045,1.5669080771717787,1,
109.600000000,-30.27584336683574,7.694859604421219,1.5669080771717787,1,
109.700000000,-30.275739680440388,7.721526069508338,1.5669080771717787,1,
109.800000000,-30.275635994045036,7.748192534595456,1.5669080771717787,1,
109.900000000,-30.275538788049392,7.77319234561463,1.5669080771717787,1,
110.000000000,-30.275441582053748,7.798192156633804,1.5669080771717787,1,
110.100000000,-30.275344376058104,7.823191967652978,1.5669080771717787,1,
110.200000000,-30.27524717006246,7.848191778672152,1.5669080771717787,1,
110.300000000,-30.275143483667108,7.87485824375927,1.5669080771717787,1,
110.400000000,-30.275039797271756,7.901524708846389,1.5669080771717787,1,
110.500000000,-30.274936110876403,7.928191173933508,1.5669080771717787,1,
110.600000000,-30.27483242448105,7.954857639020626,1.5669080771717787,1,
110.700000000,-30.2747287380857,7.981524104107745,1.5669080771717787,1,
110.800000000,-30.274625051690347,8.008190569194864,1.5669080771717787,1,
110.900000000,-30.274527845694703,8.03319038021404,1.5669080771717787,1,
111.000000000,-30.27443063969906,8.058190191233214,1.5669080771717787,1,
111.100000000,-30.274326953303706,8.084856656320333,1.5669080771717787,1,
111.200000000,-30.274223266908354,8.111523121407453,1.5669080771717787,1,
111.300000000,-30.274119580513002,8.138189586494573,1.5669080771717787,1,
111.400000000,-30.27401589411765,8.164856051581692,1.5669080771717787,1,
111.500000000,-30.273918688122006,8.189855862600867,1.5669080771717787,1,
111.600000000,-30.273821482126362,8.214855673620042,1.5669080771717787,1,
111.700000000,-30.27371779573101,8.241522138707161,1.5669080771717787,1,
111.800000000,-30.273614109335657,8.26818860379428,1.5669080771717787,1,
111.900000000,-30.273510422940305,8.2948550688814,1.5669080771717787,1,
112.000000000,-30.273406736544953,8.32152153396852,1.5669080771717787,1,
112.100000000,-30.2733030501496,8.34818799905564,1.5669080771717787,1,
112.200000000,-30.273199363754248,8.374854464142759,1.5669080771717787,1,
112.300000000,-30.273095677358896,8.401520929229878,1.5669080771717787,1,
112.400000000,-30.272991990963543,8.428187394316998,1.5669080771717787,1,
112.500000000,-30.272881824168483,8.456520513472062,1.5669080771717787,1,
112.600000000,-30.272771657373422,8.484853632627127,1.5669080771717787,1,
112.700000000,-30.27266797097807,8.511520097714246,1.5669080771717787,1,
112.800000000,-30.272564284582717,8.538186562801366,1.5669080771717787,1,
112.900000000,-30.272454117787657,8.56651968195643,1.5669080771717787,1,
113.000000000,-30.272343950992596,8.594852801111495,1.5669080771717787,1,
113.100000000,-30.272246744996952,8.61985261213067,1.5669080771717787,1,
113.200000000,-30.27214953900131,8.644852423149844,1.5669080771717787,1,
113.300000000,-30.272045852605956,8.671518888236964,1.5669080771717787,1,
113.400000000,-30.271942166210604,8.698185353324083,1.5669080771717787,1,
113.500000000,-30.27183847981525,8.724851818411203,1.5669080771717787,1,
113.600000000,-30.2717347934199,8.751518283498323,1.5669080771717787,1,
113.700000000,-30.271637587424255,8.776518094517497,1.5669080771717787,1,
113.800000000,-30.27154038142861,8.801517905536672,1.5669080771717787,1,
113.900000000,-30.27144965583268,8.824851062487902,1.5669080771717787,1,
114.000000000,-30.271358930236747,8.848184219439132,1.5669080771717787,1,
114.100000000,-30.271255243841395,8.874850684526251,1.5669080771717787,1,
114.200000000,-30.271151557446043,8.90151714961337,1.5669080771717787,1,
114.300000000,-30.27104787105069,8.92818361470049,1.5669080771717787,1,
114.400000000,-30.270944184655338,8.95485007978761,1.5669080771717787,1,
114.500000000,-30.270840498259986,8.98151654487473,1.5669080771717787,1,
114.600000000,-30.270736811864634,9.008183009961849,1.5669080771717787,1,
114.700000000,-30.27063960586899,9.033182820981024,1.5669080771717787,1,
114.800000000,-30.270542399873346,9.058182632000198,1.5669080771717787,1,
114.900000000,-30.270432233078285,9.086515751155263,1.5669080771717787,1,
115.000000000,-30.270322066283224,9.114848870310327,1.5669080771717787,1,
115.100000000,-30.27022486028758,9.139848681329502,1.5669080771717787,1,
115.200000000,-30.270127654291937,9.164848492348677,1.5669080771717787,1,
115.300000000,-30.270030448296293,9.189848303367851,1.5669080771717787,1,
115.400000000,-30.26993324230065,9.214848114387026,1.5669080771717787,1,
115.500000000,-30.269829555905297,9.241514579474146,1.5669080771717787,1,
115.600000000,-30.269725869509944,9.268181044561265,1.5669080771717787,1,
115.700000000,-30.2696286635143,9.29318085558044,1.5669080771717787,1,
115.800000000,-30.269531457518656,9.318180666599615,1.5669080771717787,1,
115.900000000,-30.269427771123304,9.344847131686734,1.5669080771717787,1,
116.000000000,-30.269324084727952,9.371513596773854,1.5669080771717787,1,
116.100000000,-30.2692203983326,9.398180061860973,1.5669080771717787,1,
116.200000000,-30.269116711937247,9.424846526948093,1.5669080771717787,1,
116.300000000,-30.269013025541895,9.451512992035212,1.5669080771717787,1,
116.400000000,-30.268909339146543,9.478179457122332,1.5669080771717787,1,
116.500000000,-30.2688121331509,9.503179268141507,1.5669080771717787,1,
116.600000000,-30.268714927155255,9.528179079160681,1.5669080771717787,1,
116.700000000,-30.268611240759903,9.5548455442478,1.5669080771717787,1,
116.800000000,-30.26850755436455,9.58151200933492,1.5669080771717787,1,
116.900000000,-30.26839738756949,9.609845128489985,1.5669080771717787,1,
117.000000000,-30.26828722077443,9.63817824764505,1.5669080771717787,1,
117.100000000,-30.268190014778785,9.663178058664224,1.5669080771717787,1,
117.200000000,-30.26809280878314,9.688177869683399,1.5669080771717787,1,
117.300000000,-30.26798912238779,9.714844334770518,1.5669080771717787,1,
117.400000000,-30.267885435992437,9.741510799857638,1.5669080771717787,1,
117.500000000,-30.267781749597084,9.768177264944757,1.5669080771717787,1,
117.600000000,-30.267678063201732,9.794843730031877,1.5669080771717787,1,
117.700000000,-30.26757437680638,9.821510195118996,1.5669080771717787,1,
117.800000000,-30.267470690411027,9.848176660206116,1.5669080771717787,1,
117.900000000,-30.267367004015675,9.874843125293236,1.5669080771717787,1,
118.000000000,-30.267263317620323,9.901509590380355,1.5669080771717787,1,
118.100000000,-30.26715963122497,9.928176055467475,1.5669080771717787,1,
118.200000000,-30.267055944829618,9.954842520554594,1.5669080771717787,1,
118.300000000,-30.266952258434266,9.981508985641714,1.5669080771717787,1,
118.400000000,-30.266848572038914,10.008175450728833,1.5669080771717787,1,
118.500000000,-30.26675136604327,10.033175261748008,1.5669080771717787,1,
118.600000000,-30.266654160047626,10.058175072767183,1.5669080771717787,1,
118.700000000,-30.266511591254016,10.094841462261972,1.5669080771717787,1,
118.800000000,-30.266369022460406,10.13150785175676,1.5669080771717787,1,
118.900000000,-30.266077404473478,10.206507284814283,1.5669080771717787,1,
119.000000000,-30.26578578648655,10.281506717871805,1.5669080771717787,1,
119.100000000,-30.26549416849962,10.356506150929327,1.5669080771717787,1,
119.200000000,-30.265202550512694,10.43150558398685,1.5669080771717787,1,
119.300000000,-30.264910932525765,10.506505017044372,1.5669080771717787,1,
119.400000000,-30.264619314538837,10.581504450101894,1.5669080771717787,1,
119.500000000,-30.26432769655191,10.656503883159417,1.5669080771717785,1,
119.600000000,-30.26403607856498,10.731503316216939,1.5669080771717785,1,
119.700000000,-30.263744460578053,10.806502749274461,1.5699549518775258,1,
119.800000000,-30.263681357466695,10.881502722727772,1.5730018265832733,1,
119.900000000,-30.263846769816723,10.956502540319248,1.5760487012890212,1,
120.000000000,-30.26424069609254,11.031501505792708,1.5790955759947685,1,
120.100000000,-30.264863132637156,11.106498922899885,1.5821424507005157,1,
120.200000000,-30.26571407367222,11.181494095406885,1.5851893254062634,1,
120.300000000,-30.266793511298076,11.256486327100653,1.5882362001120107,1,
120.400000000,-30.26810143549383,11.331474921795435,1.5912830748177587,1,
120.500000000,-30.269637834117443,11.406459183339237,1.594329949523506,1,
120.600000000,-30.27140269290586,11.481438415620296,1.5973768242292532,1,
120.700000000,-30.27339599547512,11.556411922573535,1.5989234533678232,1,
120.800000000,-30.275505251824576,11.631382256957558,1.600470082506393,1,
120.900000000,-30.277730456908756,11.706349239438737,1.6020167116449633,1,
121.000000000,-30.280071605404835,11.78131269069146,1.6035633407835326,1,
121.100000000,-30.282528691712642,11.856272431398562,1.6051099699221034,1,
121.200000000,-30.285101709954674,11.931228282251755,1.6066565990606734,1,
121.300000000,-30.287790653976113,12.006180063952057,1.6165990455224215,1,
121.400000000,-30.29122465689389,12.081101406865546,1.6265414919841694,1,
121.500000000,-30.295403379251912,12.15598490491054,1.6364839384459173,1,
121.600000000,-30.30032640797751,12.230823155746371,1.646426384907666,1,
121.700000000,-30.30599325642227,12.305608761505129,1.6292702460444306,1,
121.800000000,-30.31037630161846,12.380480578063885,1.6121141071811953,1,
121.900000000,-30.313474253522447,12.45541656870924,1.63359461067731,1,
122.000000000,-30.318181029763373,12.530268731386197,1.655075114173425,1,
122.100000000,-30.324494458661565,12.605002529734385,1.6765556176695404,1,
122.200000000,-30.332411627236986,12.67958348200605,1.698036121165655,1,
122.300000000,-30.34192888255327,12.75397717697575,1.7195166246617701,1,
122.400000000,-30.353041833403164,12.82814928981749,1.7409971281578849,1,
122.500000000,-30.365745352334617,12.902065597942006,1.7624776316539998,1,
122.600000000,-30.380033578016544,12.975691996786866,1.7839581351501148,1,
122.700000000,-30.395899917943215,13.048994515552126,1.8054386386462298,1,
122.800000000,-30.413337051476,13.121939332874263,1.8269191421423447,1,
122.900000000,-30.43233693322107,13.194492792431152,1.8355555448346514,1,
123.000000000,-30.45196269949822,13.266879457626025,1.844191947526957,1,
123.100000000,-30.472212886480662,13.339093929355563,1.8528283502192637,1,
123.200000000,-30.493085983767944,13.411130821359839,1.8614647529115698,1,
123.300000000,-30.514580434498612,13.482984760624063,1.8701011556038756,1,
123.400000000,-30.53669463546633,13.554650387779343,1.8787375582961832,1,
123.500000000,-30.559426937239454,13.626122357502414,1.8873739609884894,1,
123.600000000,-30.582775644284073,13.697395338914339,1.8960103636807952,1,
123.700000000,-30.606739015090458,13.768464015978118,1.8835514255953638,1,
123.800000000,-30.629815108721697,13.839825727719935,1.871092487509931,1,
123.900000000,-30.6520003432343,13.91146939715151,1.8562330760866974,1,
124.000000000,-30.67311858493533,13.9834348045877,1.8413736646634633,1,
124.100000000,-30.693165170958306,14.05570606020723,1.826514253240229,1,
124.200000000,-30.712135675056224,14.128267206658144,1.8116548418169949,1,
124.300000000,-30.730025908578863,14.201102222581156,1.79679543039376,1,
124.400000000,-30.746831921397636,14.274195026147138,1.7819360189705273,1,
124.500000000,-30.76255000277777,14.347529478607953,1.7670766075472926,1,
124.600000000,-30.777176682197616,14.421089387859862,1.752217196124059,1,
124.700000000,-30.79070873011496,14.494858512018704,1.7373577847008252,1,
124.800000000,-30.803143158680072,14.56882056300608,1.7224983732775905,1,
124.900000000,-30.814477222395436,14.64295921014572,1.7076389618543562,1,
125.000000000,-30.824708418721936,14.717258083769273,1.6927795504311223,1,
125.100000000,-30.833834488631428,14.79170077883069,1.6779201390078886,1,
125.200000000,-30.84185341710552,14.86627085852843,1.663060727584654,1,
125.300000000,-30.848763433580473,14.940951857934678,1.64820131616142,1,
125.400000000,-30.854563012338165,15.015727287630758,1.6333419047381859,1,
125.500000000,-30.85925087284294,15.090580637347975,1.618482493314952,1,
125.600000000,-30.86282598002436,15.165495379613041,1.6036230818917179,1,
125.700000000,-30.865287544505758,15.24045497339732,1.5887636704684835,1,
125.800000000,-30.866635022778503,15.315442867769042,1.5739042590452494,1,
125.900000000,-30.866868117322028,15.390442505547725,1.5590448476220153,1,
126.000000000,-30.865986776669512,15.465437326959968,1.5441854361987812,1,
126.100000000,-30.864677288565037,15.514634439888972,1.4933999734783794,1,
126.200000000,-30.860872064512076,15.563701648384583,1.4426145107579769,1,
126.300000000,-30.85927942489073,15.576058372900006,1.3550734489837453,1,
126.400000000,-30.85661254422344,15.588228536794546,1.2675323872095137,1,
126.500000000,-30.856150663813956,15.589704588527347,1.1690790165221066,1,
126.600000000,-30.85554593250314,15.591128092047642,1.0706256458347003,1,
126.700000000,-30.854804207258333,15.592485260383475,0.9721722751472933,1,
126.800000000,-30.853932671865874,15.593762949035012,0.8737189044598868,1,
126.900000000,-30.852939767354428,15.594948783282167,0.7752655337724802,1,
127.000000000,-30.85183511024159,15.59603127803672,0.6768121630850735,1,
127.100000000,-30.85062939939563,15.59699994907815,0.5783587923976665,1,
127.200000000,-30.84933431241437,15.597845414595806,0.47990542171025996,1,
127.300000000,-30.847962392524884,15.598559486054,0.3814520510228534,1,
127.400000000,-30.84652692709933,15.599135247499925,0.2829986803354467,1,
127.500000000,-30.845041818963576,15.59956712254631,0.18454530964804003,1,
127.600000000,-30.84352145174501,15.59985092838007,0.08609193896063337,1,
127.700000000,-30.841980550563658,15.599983916273846,-0.01236143172677332,1,
127.800000000,-30.840434039415904,15.59996479820809,-0.11081480241418,1,
127.900000000,-30.83889689663198,15.59979375934584,-0.20926817310158669,1,
128.000000000,-30.83738400980728,15.59947245623937,-0.30772154378899336,1,
128.100000000,-30.83591003161244,15.599004000786094,-0.40617491447640003,1,
128.200000000,-30.834489237878703,15.598392930089082,-0.5046282851638068,1,
128.300000000,-30.833135389333094,15.597645162514144,-0.6030816558512135,1,
128.400000000,-30.831861598322487,15.596767940369036,-0.7015350265386203,1,
128.500000000,-30.830680201817383,15.595769759759978,-0.7999883972260267,1,
128.600000000,-30.82960264192541,15.594660288304835,-0.8984417679134332,1,
128.700000000,-30.82863935507176,15.593450271499925,-0.9968951386008401,1,
128.800000000,-30.827799670919944,15.592151428647322,-1.095348509288247,1,
128.900000000,-30.827091722011737,15.590776339350606,-1.1938018799756531,1,
129.000000000,-30.826522365001583,15.589338321678404,-1.2922552506630602,1,
129.100000000,-30.826097114248267,15.587851303175704,-1.3907086213504671,1,
129.200000000,-30.825820088407006,15.58632968597225,-1.489161992037874,1,
129.300000000,-30.825693970539316,15.58478820729448,-1.5876153627252803,1,
129.400000000,-30.825719982126895,15.583241796731956,-1.686068733412687,1,
129.500000000,-30.8258978712413,15.581705431640726,-1.7845221041000934,1,
129.600000000,-30.826225914983926,15.580193992084046,-1.8829754747875012,1,
129.700000000,-30.82670093617269,15.57872211671541,-1.9814288454749074,1,
129.800000000,-30.827318334113798,15.577304060999689,-2.0798822161623134,1,
129.900000000,-30.848219080026436,15.539858211191104,-2.1369982698934393,1,
130.000000000,-30.871223340044214,15.503666542693697,-2.194114323624565,1,
130.100000000,-30.909388937011993,15.450579875390638,-2.2287323151111162,1,
130.200000000,-30.94936905409245,15.39884596701822,-2.2633503065976677,1,
130.300000000,-30.991667436761077,15.34786187801756,-2.297104321756257,1,
130.400000000,-31.035662316682757,15.298334299353897,-2.330858336914846,1,
130.500000000,-31.081303573774132,15.250319654101357,-2.364612352073435,1,
130.600000000,-31.128539212357207,15.203872641761945,-2.398366367232024,1,
130.700000000,-31.17731542039414,15.15904617595048,-2.4321203823906132,1,
130.800000000,-31.22757663079128,15.115891324114065,-2.4658743975492023,1,
130.900000000,-31.286095974305162,15.06898198139106,-2.4731703632682684,1,
131.000000000,-31.344956006221015,15.02250083851715,-2.4804663289873345,1,
131.100000000,-31.404153593367564,14.976450369724457,-2.4877622947064006,1,
131.200000000,-31.463685584605173,14.930833026319943,-2.4950582604254667,1,
131.300000000,-31.52354881099358,14.885651236554926,-2.502354226144533,1,
131.400000000,-31.58374008596059,14.840907405495816,-2.509650191863599,1,
131.500000000,-31.64425620547168,14.796603914896101,-2.518286594555905,1,
131.600000000,-31.705152686154275,14.752824711608758,-2.5269229972482115,1,
131.700000000,-31.7664249859233,14.70957306099269,-2.5355593999405177,1,
131.800000000,-31.828068534662485,14.666852189058238,-2.544195802632824,1,
131.900000000,-31.87200956869404,14.636958134343287,-2.5910500692286957,1,
132.000000000,-31.917302530763514,14.609154958876518,-2.6379043358245675,1,
132.100000000,-31.933302703871973,14.60033724325551,-2.7196353005935108,1,
132.200000000,-31.949969344860083,14.592855216361206,-2.801366265362454,1,
132.300000000,-31.951427320056283,14.592339105367486,-2.8998196360498607,1,
132.400000000,-31.952928965651303,14.591968804493153,-2.9982730067372674,1,
132.500000000,-31.95445973784851,14.591747900190713,-3.096726377424674,1,
132.600000000,-31.95600481075316,14.591678531971153,3.0880055590675055,1,
132.700000000,-31.957549219964747,14.591761371682267,2.989552188380099,1,
132.800000000,-31.959078007510787,14.591995617001645,2.891098817692692,1,
132.900000000,-31.960576366718357,14.592378999207362,2.7926454470052855,1,
133.000000000,-31.962029785620274,14.592907805151087,2.694192076317879,1,
133.100000000,-31.96342418750696,14.593576913220817,2.595738705630472,1,
133.200000000,-31.964746067262737,14.594379842944912,2.4972853349430655,1,
133.300000000,-31.96598262216611,14.595308817757012,2.398831964255659,1,
133.400000000,-31.967121875887177,14.596354840313943,2.300378593568252,1,
133.500000000,-31.96815279448125,14.597507779637136,2.2019252228808455,1,
133.600000000,-31.969065393255253,14.598756469233576,2.103471852193439,1,
133.700000000,-31.969850833471856,14.60008881524596,2.0050184815060326,1,
133.800000000,-31.97050150795476,14.60149191358459,1.9065651108186255,1,
133.900000000,-31.975006653125703,14.614401256822633,1.8202379845417633,1,
134.000000000,-31.978381978876204,14.62765096066562,1.7339108582649014,1,
134.100000000,-31.98060234663833,14.641142344688388,1.6475837319880386,1,
134.200000000,-31.981651219677577,14.654774928493245,1.561256605711177,1,
134.300000000,-31.981520786254244,14.668447180062424,1.474929479434315,1,
134.400000000,-31.980212017803304,14.682057271942742,1.3886023531574525,1,
134.500000000,-31.97773466169939,14.695503839630568,1.3022752268805906,1,
134.600000000,-31.974107168660844,14.708686736508879,1.2159481006037287,1,
134.700000000,-31.962379401844274,14.740337850731295,1.1497021158615366,1,
134.800000000,-31.94858213349806,14.771143190077048,1.0834561311193447,1,
134.900000000,-31.91915660385103,14.826665524163351,1.0462939491702556,1,
135.000000000,-31.887688534407705,14.881056258511304,1.0091317672211666,1,
135.100000000,-31.853773660261837,14.934951773950601,0.9728102194071108,1,
135.200000000,-31.81792401669007,14.987580172449652,0.9364886715930548,1,
135.300000000,-31.780186893308784,15.03887203137193,0.9001671237789987,1,
135.400000000,-31.74061206952747,15.08875969112337,0.863845575964943,1,
135.500000000,-31.699251748884244,15.1371773444028,0.8275240281508869,1,
135.600000000,-31.656160490183645,15.184061123009004,0.7912024803368313,1,
135.700000000,-31.61139513552757,15.229349182089884,0.754880932522775,1,
135.800000000,-31.56501473533431,15.272981781722617,0.718559384708719,1,
135.900000000,-31.50855812021066,15.322354351118795,0.7126403143332585,1,
136.000000000,-31.451810256067585,15.371391886897003,0.7067212439577978,1,
136.100000000,-31.394773131083063,15.420092671012867,0.7022177433716058,1,
136.200000000,-31.337517261228843,15.468536095409133,0.6977142427854142,1,
136.300000000,-31.280043807738892,15.516721177581301,0.6932107421992224,1,
136.400000000,-31.222353936260095,15.564646940264435,0.6887072416130307,1,
136.500000000,-31.164448816828614,15.61231241145298,0.6842037410268389,1,
136.600000000,-31.106329623846158,15.659716624420481,0.6797002404406471,1,
136.700000000,-31.04799753605617,15.706858617739186,0.6754559481865307,1,
136.800000000,-30.989465889866626,15.75375260876514,0.6712116559324146,1,
136.900000000,-30.930735739666,15.800397752750472,0.6957353834350841,1,
137.000000000,-30.87316704726754,15.84846900877246,0.7202591109377539,1,
137.100000000,-30.816794433508196,15.897937467591591,0.7447828384404237,1,
137.200000000,-30.761651799923484,15.948773379714245,0.7693065659430935,1,
137.300000000,-30.70777230835966,16.000946173283538,0.793830293445763,1,
137.400000000,-30.65518836103076,16.054424472464714,0.8183540209484327,1,
137.500000000,-30.603931581032445,16.109176116314046,0.8428777484511026,1,
137.600000000,-30.554032793324414,16.165168178119885,0.8674014759537724,1,
137.700000000,-30.505522006192795,16.222366985204218,0.8919252034564422,1,
137.800000000,-30.458428393203672,16.280738139172858,0.9164489309591117,1,
137.900000000,-30.41278027565859,16.340246536602045,0.9409726584617815,1,
138.000000000,-30.368605105562605,16.400856390149062,0.9654963859644514,1,
138.100000000,-30.330910560361033,16.455332547958285,0.99925040112304,1,
138.200000000,-30.295075926361257,16.511049776117183,1.0330044162816288,1,
138.300000000,-30.261142027287452,16.567944600145886,1.0667584314402176,1,
138.400000000,-30.229147521498348,16.62595220401744,1.1005124465988065,1,
138.500000000,-30.19912885794664,16.685006503997865,1.1342664617573952,1,
138.600000000,-30.17112023465542,16.745040223930406,1.1680204769159843,1,
138.700000000,-30.144465598000263,16.80759964361218,1.2000193692328107,1,
138.800000000,-30.11982609693886,16.870979811122083,1.2320182615496371,1,
138.900000000,-30.09722695842093,16.935115835198932,1.2640171538664637,1,
139.000000000,-30.076691320387848,16.999942050704025,1.29601604618329,1,
139.100000000,-30.05824020808306,17.065392085851872,1.3280149385001165,1,
139.200000000,-30.04189251252555,17.131398930164394,1.3600138308169432,1,
139.300000000,-30.027664971168434,17.197895003079044,1.392012723133769,1,
139.400000000,-30.015572150762463,17.264812223140606,1.4240116154505957,1,
139.500000000,-30.005626432441957,17.332082077705838,1.4560105077674215,1,
139.600000000,-29.9978379990485,17.39963569308958,1.4880094000842483,1,
139.700000000,-29.991636069549003,17.474378827024967,1.5105216674535735,1,
139.800000000,-29.987118206850226,17.549242629470708,1.5330339348228987,1,
139.900000000,-29.984286700518144,17.624189160890722,1.5545144383190133,1,
140.000000000,-29.983065612835823,17.699179219864376,1.5759949418151287,1,
140.100000000,-29.983455507206145,17.77417820640673,1.5974754453112434,1,
140.200000000,-29.985456203734078,17.849151516413713,1.6189559488073586,1,
140.300000000,-29.989066779309667,17.924064557628263,1.6404364523034738,1,
140.400000000,-29.994285568033963,17.998882765600996,1.6619169557995888,1,
140.500000000,-30.00111016198765,18.07357161963804,1.6833974592957037,1,
140.600000000,-30.009537412342056,18.1480966587287,1.7048779627918185,1,
140.700000000,-30.019563430811996,18.22242349744555,1.7107970331672788,1,
140.800000000,-30.030029216869902,18.296689689768776,1.71671610354274,1,
140.900000000,-30.04093440384391,18.370892633760654,1.7197629782484871,1,
141.000000000,-30.05206562692243,18.445062006636366,1.7228098529542346,1,
141.100000000,-30.063422782769443,18.51919711984911,1.7258567276599825,1,
141.200000000,-30.075005765951495,18.59329728517014,1.7289036023657305,1,
141.300000000,-30.086814468938673,18.66736181469515,1.731950477071477,1,
141.400000000,-30.098848782105613,18.74139002085064,1.7349973517772246,1,
141.500000000,-30.11110859373251,18.815381216400336,1.738044226482972,1,
141.600000000,-30.12359379000616,18.889334714451532,1.7410911011887198,1,
141.700000000,-30.136304255021017,18.963249828461496,1.7441379758944677,1,
141.800000000,-30.149239870780256,19.03712587224383,1.7471848506002148,1,
141.900000000,-30.162400517196893,19.11096215997484,1.7385484479079083,1,
142.000000000,-30.174923000820016,19.184909353321906,1.7299120452156016,1,
142.100000000,-30.18680638763529,19.25896193678662,1.7212756425232951,1,
142.200000000,-30.19804979129669,19.333114387009836,1.7126392398309886,1,
142.300000000,-30.208652373192603,19.407361173183652,1.704002837138682,1,
142.400000000,-30.21861334250838,19.48169675746393,1.6953664344463757,1,
142.500000000,-30.227931956285325,19.556115595383343,1.6867300317540694,1,
142.600000000,-30.236607519476102,19.630612136264936,1.6780936290617627,1,
142.700000000,-30.24463938499659,19.705180823636116,1.6681511826000144,1,
142.800000000,-30.251929470569184,19.779825680473973,1.6582087361382665,1,
142.900000000,-30.25847705555852,19.854539328027865,1.6482662896765172,1,
143.000000000,-30.264281492726475,19.929314380747094,1.6383238432147693,1,
143.100000000,-30.269342208296152,20.004143447010964,1.6283813967530207,1,
143.200000000,-30.273658702008593,20.07901912985947,1.6184389502912728,1,
143.300000000,-30.277230547172234,20.153934027724496,1.6084965038295245,1,
143.400000000,-30.280057390705082,20.228880735161454,1.598554057367776,1,
143.500000000,-30.282138953169618,20.303851843581338,1.588611610906028,1,
143.600000000,-30.28347502880042,20.378839941983077,1.5786691644442794,1,
143.700000000,-30.284065485524508,20.45383761768611,1.5687267179825308,1,
143.800000000,-30.283910264974388,20.52883745706314,1.5587842715207825,1,
143.900000000,-30.283009382493837,20.603832046273006,1.548841825059034,1,
144.000000000,-30.281362927136374,20.678813971993513,1.5388993785972858,1,
144.100000000,-30.27897106165646,20.753775822154285,1.5264404405118541,1,
144.200000000,-30.275645460924817,20.828702055075563,1.5139815024264227,1,
144.300000000,-30.2713866411516,20.903581040472933,1.5015225643409913,1,
144.400000000,-30.26619526340415,20.978401155395883,1.4890636262555592,1,
144.500000000,-30.260072133504366,21.053150786031964,1.4766046881701274,1,
144.600000000,-30.253018201903643,21.127818329509516,1.4641457500846957,1,
144.700000000,-30.245034563535324,21.20239219569871,1.4516868119992643,1,
144.800000000,-30.236122457644747,21.276860809010596,1.4392278739138331,1,
144.900000000,-30.226283267596887,21.351212610193905,1.443731374500024,1,
145.000000000,-30.21677901957407,21.425607968043174,1.4482348750862157,1,
145.100000000,-30.207609906336543,21.5000453737102,1.4527383756724068,1,
145.200000000,-30.198776113847522,21.574523317493988,1.457241876258599,1,
145.300000000,-30.190277821269422,21.649040288871365,1.4617453768447908,1,
145.400000000,-30.182115200960222,21.723594776527626,1.4662488774309819,1,
145.500000000,-30.17428841846997,21.798185268387183,1.4707523780171736,1,
145.600000000,-30.166797632537424,21.872810251644218,1.4752558786033654,1,
145.700000000,-30.15964299508683,21.947468212793385,1.4838922812956712,1,
145.800000000,-30.153133392658997,22.022185179248346,1.4925286839879779,1,
145.900000000,-30.14726931078556,22.096955578095628,1.5024711304497256,1,
146.000000000,-30.142148907188275,22.171780583722096,1.512413576911474,1,
146.100000000,-30.137772688026345,22.246652799569144,1.52104997960378,1,
146.200000000,-30.134043250637095,22.321560017490782,1.5296863822960864,1,
146.300000000,-30.13096087318803,22.396496650383256,1.5396288287578348,1,
146.400000000,-30.128623689273255,22.471460225347023,1.5495712752195825,1,
146.500000000,-30.127031929926734,22.5464433321257,1.5582076779118883,1,
146.600000000,-30.126087806197493,22.621437389426156,1.566844080604195,1,
146.700000000,-30.12579138850488,22.696436803667545,1.5698909553099423,1,
146.800000000,-30.125723485652784,22.77143677292889,1.5729378300156904,1,
146.900000000,-30.12588409827158,22.846436600952604,1.5744844591542602,1,
147.000000000,-30.126160707571444,22.92143609086617,1.5760310882928303,1,
147.100000000,-30.126553312890707,22.99643506326622,1.5775777174313999,1,
147.200000000,-30.127061913290234,23.071433338750616,1.5791243465699698,1,
147.300000000,-30.12768650755342,23.146430737918898,1.5806709757085402,1,
147.400000000,-30.1284270941862,23.221427081372692,1.5822176048471097,1,
147.500000000,-30.129283671417046,23.296422189716154,1.5837642339856794,1,
147.600000000,-30.13025623719697,23.371415883556395,1.5853108631242498,1,
147.700000000,-30.131344789199538,23.446407983503907,1.5868574922628196,1,
147.800000000,-30.132549324820864,23.521398310172998,1.5884041214013895,1,
147.900000000,-30.133869841179628,23.596386684182214,1.6088342038120345,1,
148.000000000,-30.136721994052596,23.671332432720668,1.6292642862226796,1,
148.100000000,-30.14110459302603,23.746204275400263,1.6496943686333252,1,
148.200000000,-30.14701580891816,23.82097096267927,1.6701244510439706,1,
148.300000000,-30.154453174542645,23.89560128890506,1.6905545334546155,1,
148.400000000,-30.163413585738308,23.97006410533853,1.7109846158652604,1,
148.500000000,-30.173893302664727,24.044328333154766,1.7324651193613758,1,
148.600000000,-30.18596571228183,24.118350336140615,1.7539456228574906,1,
148.700000000,-30.19962524444877,24.192095960966636,1.7722146579626583,1,
148.800000000,-30.214629683659396,24.265579746960384,1.7904836930678267,1,
148.900000000,-30.23097402220671,24.338777169028724,1.8087527281729947,1,
149.000000000,-30.24865280519451,24.41166379765202,1.8270217632781631,1,
149.100000000,-30.267660132357953,24.484215307037438,1.8452907983833302,1,
149.200000000,-30.28798966003275,24.55640748323763,1.8635598334884984,1,
149.300000000,-30.309634603272364,24.628216232232123,1.8818288685936657,1,
149.400000000,-30.332587738112466,24.699617587968635,1.9000979036988337,1,
149.500000000,-30.35684140398192,24.770587720361725,1.918366938804003,1,
149.600000000,-30.382387506259505,24.84110294324603,1.9366359739091707,1,
149.700000000,-30.40921751897545,24.911139722281494,1.954905009014338,1,
149.800000000,-30.43732248765699,24.980674682807905,1.973174044119506,1,
149.900000000,-30.466693032316893,25.049684617646164,1.991443079224675,1,
150.000000000,-30.49731935058402,25.11814649484363,2.0097121143298424,1,
150.100000000,-30.524022801151503,25.17502810087923,2.0468742962789297,1,
150.200000000,-30.552821172817904,25.23087830380423,2.084036478228019,1,
150.300000000,-30.583674698809208,25.2856199818138,2.121198660177108,1,
150.400000000,-30.616540774452826,25.339177543830637,2.1583608421261964,1,
150.500000000,-30.651840009463243,25.39217668797917,2.1946823899402523,1,
150.600000000,-30.68904055040302,25.443859035319296,2.2310039377543083,1,
150.700000000,-30.718258513387234,25.48148982737753,2.2833618778505116,1,
150.800000000,-30.749405807809424,25.517539958057657,2.335719817946715,1,
150.900000000,-30.76049939069425,25.529097377610572,2.4196997827424904,1,
151.000000000,-30.772523328290365,25.539683521980894,2.503679747538266,1,
151.100000000,-30.785392869987966,25.549223774830704,2.5876597123340415,1,
151.200000000,-30.799017304944783,25.55765089177851,2.671639677129817,1,
151.300000000,-30.81330060146059,25.56490547437065,2.7556196419255925,1,
151.400000000,-30.82814208385572,25.57093638875071,2.839599606721368,1,
151.500000000,-30.84232904175498,25.57535592915601,2.9247401951640604,1,
151.600000000,-30.85684043847721,25.578553033627173,3.0098807836067527,1,
151.700000000,-30.87157114560003,25.580504540606718,3.095021372049445,1,
151.800000000,-30.886414445897657,25.581196312320458,-3.103023346687449,1,
151.900000000,-30.901262806458334,25.58062333719919,-3.0178827582447565,1,
152.000000000,-30.916008657711014,25.578789766185213,-2.932742169802064,1,
152.100000000,-30.916008657711014,25.578789766185213,-2.832742169802064,1,
152.200000000,-30.916008657711014,25.578789766185213,-2.732742169802064,1,
152.300000000,-30.916008657711014,25.578789766185213,-2.632742169802064,1,
152.400000000,-30.916008657711014,25.578789766185213,-2.532742169802064,1,
152.500000000,-30.916008657711014,25.578789766185213,-2.4327421698020637,1,
152.600000000,-30.916008657711014,25.578789766185213,-2.3327421698020636,1,
152.700000000,-30.916008657711014,25.578789766185213,-2.2327421698020635,1,
152.800000000,-30.916008657711014,25.578789766185213,-2.1327421698020634,1,
152.900000000,-30.916008657711014,25.578789766185213,-2.032742169802064,1,
153.000000000,-30.916008657711014,25.578789766185213,-1.9327421698020633,1,
153.100000000,-30.916008657711014,25.578789766185213,-1.8327421698020632,1,
153.200000000,-30.916008657711014,25.578789766185213,-1.732742169802064,1,
153.300000000,-30.916008657711014,25.578789766185213,-1.632742169802063,1,
153.400000000,-30.916008657711014,25.578789766185213,-1.532742169802063,1,
153.500000000,-30.916008657711014,25.578789766185213,-1.4327421698020628,1,
153.600000000,-30.916008657711014,25.578789766185213,-1.3327421698020627,1,
153.700000000,-30.916008657711014,25.578789766185213,-1.2327421698020626,1,
153.800000000,-30.916008657711014,25.578789766185213,-1.1327421698020625,1,
153.900000000,-30.916008657711014,25.578789766185213,-1.0327421698020625,1,
154.000000000,-30.916008657711014,25.578789766185213,-0.9327421698020626,1,
154.100000000,-30.916008657711014,25.578789766185213,-0.8327421698020625,1,
154.200000000,-30.916008657711014,25.578789766185213,-0.7327421698020626,1,
154.300000000,-30.916008657711014,25.578789766185213,-0.6327421698020624,1,
154.400000000,-30.916008657711014,25.578789766185213,-0.5327421698020627,1,
154.500000000,-30.916008657711014,25.578789766185213,-0.4327421698020626,1,
154.600000000,-30.916008657711014,25.578789766185213,-0.3327421698020626,1,
154.700000000,-30.892830051484577,25.570779433509884,-0.25726589741777645,1,
154.800000000,-30.869113418141755,25.564539680385607,-0.1817896250334902,1,
154.900000000,-30.843077841575493,25.559753846267107,-0.10826141105837896,1,
155.000000000,-30.816761035813396,25.55689356833873,-0.0347331970832677,1,
155.100000000,-30.790305215898172,25.555974303436358,0.03879501689184355,1,
155.200000000,-30.763853348099857,25.55700101923345,0.11232323086695478,1,
155.300000000,-30.737548377331397,25.559968167395898,0.185851444842066,1,
155.400000000,-30.71153245467963,25.56485971356503,0.2593796588171772,1,
155.500000000,-30.685946169226092,25.5716492240067,0.3329078727922885,1,
155.600000000,-30.660927788308822,25.580300008458174,0.4064360867673996,1,
155.700000000,-30.620802909636005,25.597569779838473,0.46275255563682255,1,
155.800000000,-30.581713701601558,25.61707066974832,0.5190690245062451,1,
155.900000000,-30.524193546015752,25.649933448221738,0.5528230396648337,1,
156.000000000,-30.467815194740528,25.684718675188023,0.5865770548234226,1,
156.100000000,-30.41191593795544,25.721869851977548,0.6194582285079115,1,
156.200000000,-30.35726825097841,25.76083864916238,0.6523394021924005,1,
156.300000000,-30.303931212012582,25.801582938582243,0.6852205758768894,1,
156.400000000,-30.25196248235337,25.844058672638045,0.7181017495613784,1,
156.500000000,-30.201418244052334,25.888219931910623,0.7509829232458674,1,
156.600000000,-30.152353139180217,25.93401897480302,0.7838640969303564,1,
156.700000000,-30.104820210754806,25.981406289152712,0.8167452706148454,1,
156.800000000,-30.058870845397504,26.030330645757914,0.8496264442993345,1,
156.900000000,-30.009351064529383,26.086658181677507,0.8511730734379042,1,
157.000000000,-29.95991846066206,26.143062238933137,0.8527197025764741,1,
157.100000000,-29.91057315204135,26.199542682602843,0.852719702576474,1,
157.200000000,-29.861227843420643,26.25602312627255,0.8527197025764741,1,
157.300000000,-29.811882534799935,26.312503569942255,0.852719702576474,1,
157.400000000,-29.762537226179226,26.36898401361196,0.8527197025764736,1,
157.500000000,-29.713191917558518,26.425464457281667,0.8527197025764733,1,
157.600000000,-29.66384660893781,26.481944900951373,0.8527197025764732,1,
157.700000000,-29.614501300317098,26.53842534462108,0.8527197025764734,1,
157.800000000,-29.565155991696386,26.594905788290784,0.8527197025764732,1,
157.900000000,-29.515810683075674,26.65138623196049,0.8468006322010128,1,
158.000000000,-29.46613192909981,26.70757360957687,0.8408815618255518,1,
158.100000000,-29.416121470278433,26.76346595259875,0.8349624914500914,1,
158.200000000,-29.365781058742567,26.819061302821584,0.8290434210746305,1,
158.300000000,-29.315112458183215,26.874357712446052,0.82312435069917,1,
158.400000000,-29.264117443789587,26.929353244146306,0.8172052803237092,1,
158.500000000,-29.21279780218689,26.984045971137842,0.8112862099482487,1,
158.600000000,-29.16115533137375,27.038433977245013,0.8053671395727876,1,
158.700000000,-29.109191840659193,27.092515356968153,0.8038205104342176,1,
158.800000000,-29.057144768290176,27.14651630379147,0.8022738812956474,1,
158.900000000,-29.00501423876648,27.200436688541387,0.8007272521570773,1,
159.000000000,-28.952800376787525,27.254276382237048,0.799180623018507,1,
159.100000000,-28.900503307252063,27.30803525609061,0.797633993879937,1,
159.200000000,-28.848123155257888,27.361713181507554,0.7960873647413667,1,
159.300000000,-28.795660046101528,27.415310030086996,0.7945407356027967,1,
159.400000000,-28.74311410527795,27.468825673621996,0.7929941064642263,1,
159.500000000,-28.690485458480264,27.522259984099858,0.7914474773256561,1,
159.600000000,-28.637774231599412,27.575612833702436,0.789900848187086,1,
159.700000000,-28.584980550723877,27.628884094806452,0.788354219048516,1,
159.800000000,-28.53210454213938,27.682073639983788,0.7868075899099454,1,
159.900000000,-28.47914633232856,27.735181342001795,0.7868075899099453,1,
160.000000000,-28.426188122517743,27.788289044019802,0.7868075899099453,1,
160.100000000,-28.373229912706925,27.84139674603781,0.7868075899099453,1,
160.200000000,-28.320271702896108,27.894504448055816,0.7868075899099453,1,
160.300000000,-28.26731349308529,27.947612150073823,0.786807589909945,1,
160.400000000,-28.21435528327447,28.00071985209183,0.7868075899099453,1,
160.500000000,-28.161397073463654,28.053827554109837,0.7868075899099449,1,
160.600000000,-28.108438863652836,28.106935256127844,0.7868075899099447,1,
160.700000000,-28.055480653842018,28.16004295814585,0.7868075899099446,1,
160.800000000,-28.0025224440312,28.21315066016386,0.7868075899099444,1,
160.900000000,-27.949564234220382,28.266258362181865,0.7868075899099446,1,
161.000000000,-27.896606024409564,28.319366064199873,0.7868075899099443,1,
161.100000000,-27.843647814598746,28.37247376621788,0.786807589909944,1,
161.200000000,-27.79068960478793,28.425581468235887,0.786807589909944,1,
161.300000000,-27.73773139497711,28.478689170253894,0.7868075899099439,1,
161.400000000,-27.684773185166293,28.5317968722719,0.786807589909944,1,
161.500000000,-27.631814975355475,28.584904574289908,0.786807589909944,1,
161.600000000,-27.578856765544657,28.638012276307915,0.7868075899099437,1,
161.700000000,-27.52589855573384,28.691119978325922,0.7941035556290097,1,
161.800000000,-27.473329223964825,28.744612644714497,0.8013995213480759,1,
161.900000000,-27.421151568549387,28.798487428011953,0.8086954870671419,1,
162.000000000,-27.36936836695002,28.852741460416183,0.8159914527862081,1,
162.100000000,-27.317982375632095,28.90737185393732,0.8246278554785144,1,
162.200000000,-27.26707010488985,28.962443994697132,0.8332642581708205,1,
162.300000000,-27.216635352116203,29.017953775030524,0.8432067046325684,1,
162.400000000,-27.166754986042513,29.07396224832122,0.8531491510943165,1,
162.500000000,-27.11743393741416,29.130463878051692,0.8630915975560646,1,
162.600000000,-27.068677081687195,29.187453078955198,0.8730340440178127,1,
162.700000000,-27.020489238546403,29.24492421756788,0.8829764904795607,1,
162.800000000,-26.972875171428857,29.302871612785662,0.8929189369413087,1,
162.900000000,-26.92735986137818,29.359401364510532,0.8654948026205073,1,
163.000000000,-26.880311580715,29.414661798509226,0.8380706682997057,1,
163.100000000,-26.832393762439636,29.467913396962846,0.809707600437649,1,
163.200000000,-26.782985040741547,29.51978466325062,0.7813445325755924,1,
163.300000000,-26.73145854835127,29.570895101138,0.753920398254791,1,
163.400000000,-26.67854994702349,29.62057342824976,0.7264962639339893,1,
163.500000000,-26.624299025931574,29.66878228469506,0.6990721296131878,1,
163.600000000,-26.568746583721683,29.715485415677914,0.6716479952923865,1,
163.700000000,-26.511934397830732,29.76064769876211,0.6442238609715851,1,
163.800000000,-26.45390519306824,29.804235170284535,0.6167997266507835,1,
163.900000000,-26.394702609485748,29.846215050897072,0.5893755923299819,1,
164.000000000,-26.33437116955791,29.886555770217864,0.5619514580091806,1,
164.100000000,-26.276072387754304,29.92326484448281,0.5308448836256624,1,
164.200000000,-26.216660099774916,29.95814297703356,0.4997383092421443,1,
164.300000000,-26.15619178944121,29.991156421848668,0.46863173485862636,1,
164.400000000,-26.09472596231952,30.022273237068422,0.4375251604751081,1,
164.500000000,-26.032322089114523,30.05146331589991,0.40641858609159004,1,
164.600000000,-25.96904054812889,30.07869841574657,0.37531201170807194,1,
164.700000000,-25.90410244509818,30.104283182560145,0.3451084121749493,1,
164.800000000,-25.83842132538421,30.127895214053684,0.31490481264182674,1,
164.900000000,-25.772057102521188,30.149512971613614,0.28470121310870417,1,
165.000000000,-25.705070313161865,30.169116735779262,0.25449761357558154,1,
165.100000000,-25.637522061856725,30.18668862423072,0.22429401404245888,1,
165.200000000,-25.569473965315147,30.202212608100872,0.19409041450933634,1,
165.300000000,-25.505694437105266,30.21474942513411,0.1659624027992677,1,
165.400000000,-25.441587548698156,30.22548752826074,0.13783439108919898,1,
165.500000000,-25.382156596510054,30.233731430371733,0.11187007258759712,1,
165.600000000,-25.322531652509955,30.24042964304268,0.08590575408599528,1,
165.700000000,-25.252992635386924,30.246418183407023,0.0557021545528727,1,
165.800000000,-25.183304486619626,30.250303983134195,0.0254985550197501,1,
165.900000000,-25.1299884903818,30.25166375870843,0.01180488248313076,1,
166.000000000,-25.076658873145323,30.2522933378181,-0.0018887900534885727,1,
166.100000000,-25.026658962333492,30.252198898371578,-0.0147266080565692,1,
166.200000000,-24.976664384060125,30.25146259458349,-0.02756442605964982,1,
166.300000000,-24.928349411339166,30.250130482694793,-0.039974316795961085,1,
166.400000000,-24.880054689892194,30.24819890523832,-0.052384207532272346,1,
166.500000000,-24.835116418141496,30.245842693859775,-0.06393824373504492,1,
166.600000000,-24.790208369037497,30.242967432885056,-0.0754922799378175,1,
166.700000000,-24.715421983220526,30.237310888318326,-0.09592236234846271,1,
166.800000000,-24.64076675997337,30.23012773845792,-0.11635244475910793,1,
166.900000000,-24.56627385842649,30.221420981362026,-0.12364841047817422,1,
167.000000000,-24.49184646317867,30.212170963166123,-0.1309443761972405,1,
167.100000000,-24.417488536065626,30.20237817625681,-0.1382403419163068,1,
167.200000000,-24.343204035225227,30.192043141912755,-0.1455363076353731,1,
167.300000000,-24.2689969148868,30.181166410276923,-0.15283227335443936,1,
167.400000000,-24.19487112516063,30.169748560327307,-0.16012823907350573,1,
167.500000000,-24.120830611827717,30.157790199846104,-0.16742420479257195,1,
167.600000000,-24.046879316129708,30.14529196538736,-0.17472017051163824,1,
167.700000000,-23.973021174559126,30.132254522243095,-0.18201613623070453,1,
167.800000000,-23.899260118649817,30.11867856440787,-0.1893121019497709,1,
167.900000000,-23.86815921123291,30.112719425575555,-0.18631872063253438,1,
168.000000000,-23.837040605204916,30.106853410177333,-0.18332533931529796,1,
168.100000000,-23.809182055799315,30.101688238080158,-0.1806470507682969,1,
168.200000000,-23.781309772506805,30.09659769765306,-0.17796876222129593,1,
168.300000000,-23.755064297452453,30.09187687671995,-0.17544802005941254,1,
168.400000000,-23.72880700582202,30.08722222879068,-0.17292727789752926,1,
168.500000000,-23.704179873293207,30.082920561275845,-0.17056408212076365,1,
168.600000000,-23.67954264385882,30.07867710445417,-0.168200886343998,1,
168.700000000,-23.654895455110193,30.07449188202405,-0.16383768787672523,1,
168.800000000,-23.63023024007348,30.070414239666906,-0.15947448940945244,1,
168.900000000,-23.60554746831199,30.06644425501074,-0.15511129094217965,1,
169.000000000,-23.580847609723264,30.062582003634017,-0.1507480924749069,1,
169.100000000,-23.554483369517264,30.058577262759577,-0.14609401410981596,1,
169.200000000,-23.528100776530767,30.05469526605429,-0.141439935744725,1,
169.300000000,-23.501700402221456,30.05093609760378,-0.13678585737963397,1,
169.400000000,-23.475282818432163,30.047299838833165,-0.13213177901454304,1,
169.500000000,-23.450500736194346,30.04400614790078,-0.12776858054727022,1,
169.600000000,-23.425704518868983,30.040820617120318,-0.12340538207999745,1,
169.700000000,-23.397586654465908,30.03733299913835,-0.11846042381708832,1,
169.800000000,-23.369451887784678,30.03398446489624,-0.1135154655541791,1,
169.900000000,-23.34130090679243,30.03077509627423,-0.10857050729126996,1,
170.000000000,-23.313134399852785,30.02770497174961,-0.10362554902836085,1,
170.100000000,-23.264183865313267,30.022614210712174,-0.05284008630795878,1,
170.200000000,-23.21503801738201,30.02001492027769,-0.002054623587556731,1,
170.300000000,-23.196769020712107,30.01997738431339,0.07967634118138633,1,
170.400000000,-23.178557943644783,30.021431454573566,0.16140730595032937,1,
170.500000000,-23.16052636757284,30.024367423346433,0.2431382707192724,1,
170.600000000,-23.142794675498614,30.02876568942052,0.3248692354882154,1,
170.700000000,-23.12653593171781,30.034241669312088,0.4077130964965118,1,
170.800000000,-23.110786081355982,30.04104426577834,0.49055695750480816,1,
170.900000000,-23.064602681476153,30.065710993896918,0.53819901731866,1,
171.000000000,-23.019646413660947,30.09254917350478,0.5858410771325123,1,
171.100000000,-22.965167028409184,30.128698912367497,0.6204590686190633,1,
171.200000000,-22.911971465503925,30.16671258259868,0.6550770601056144,1,
171.300000000,-22.859438334347153,30.207070984926748,0.6888310752642032,1,
171.400000000,-22.808297126189238,30.24917926600966,0.7225850904227921,1,
171.500000000,-22.758606102391965,30.292989455025314,0.7563391055813804,1,
171.600000000,-22.71042187223031,30.338451642294924,0.7900931207399694,1,
171.700000000,-22.66256410951545,30.386760908425416,0.8220920130567959,1,
171.800000000,-22.616276425400905,30.436576578103246,0.8540909053736223,1,
171.900000000,-22.5710200437385,30.488520432523188,0.8851974797571404,1,
172.000000000,-22.52740109058216,30.54184670202255,0.9163040541406585,1,
172.100000000,-22.485461769055195,30.59650379125196,0.947410628524176,1,
172.200000000,-22.445242657168535,30.652438817239457,0.9785172029076943,1,
172.300000000,-22.40627857978578,30.710346832158322,1.0087208024408167,1,
172.400000000,-22.369081038263232,30.769405112041934,1.0389244019739392,1,
172.500000000,-22.333220290056996,30.83034776329544,1.0682137238289988,1,
172.600000000,-22.299159636308335,30.892314462981087,1.0975030456840584,1,
172.700000000,-22.266928294349885,30.955252055874958,1.126792367539118,1,
172.800000000,-22.236553912325043,31.01910655391798,1.1560816893941779,1,
172.900000000,-22.206927279169395,31.086401879716657,1.1825534753094495,1,
173.000000000,-22.17909224532733,31.154457806405674,1.209025261224721,1,
173.100000000,-22.152726228945696,31.22413061711153,1.234530513950228,1,
173.200000000,-22.128145617869443,31.294453166344393,1.2600357666757342,1,
173.300000000,-22.10521190373873,31.365860762272074,1.284559494178404,1,
173.400000000,-22.08403609048064,31.43780925032331,1.3090832216810737,1,
173.500000000,-22.064630912870758,31.51025536189549,1.332609584400141,1,
173.600000000,-22.04693534157196,31.583137916436403,1.356135947119209,1,
173.700000000,-22.03095917044971,31.656416576060284,1.378648214488534,1,
173.800000000,-22.016636576974502,31.730036297033294,1.4011604818578594,1,
173.900000000,-22.00397481956141,31.803959770295933,1.422640985353974,1,
174.000000000,-21.992903774494554,31.87813814963336,1.4441214888500886,1,
174.100000000,-21.98728434110893,31.92226170118249,1.4996415401891015,1,
174.200000000,-21.984122049879446,31.966629096272396,1.5551615915281147,1,
174.300000000,-21.98405164170601,31.97113204660485,1.6506580907778718,1,
174.400000000,-21.984410917031898,31.97562119354471,1.7461545900276294,1,
174.500000000,-21.984410917031898,31.97562119354471,1.8461545900276293,1,
174.600000000,-21.984410917031898,31.97562119354471,1.9461545900276294,1,
174.700000000,-21.984410917031898,31.97562119354471,2.0461545900276286,1,
174.800000000,-21.984410917031898,31.97562119354471,2.1461545900276295,1,
174.900000000,-21.984410917031898,31.97562119354471,2.2461545900276296,1,
175.000000000,-21.984410917031898,31.97562119354471,2.3461545900276297,1,
175.100000000,-21.984410917031898,31.97562119354471,2.44615459002763,1,
175.200000000,-21.984410917031898,31.97562119354471,2.54615459002763,1,
175.300000000,-21.984410917031898,31.97562119354471,2.64615459002763,1,
175.400000000,-21.984410917031898,31.97562119354471,2.74615459002763,1,
175.500000000,-21.984410917031898,31.97562119354471,2.84615459002763,1,
175.600000000,-21.984410917031898,31.97562119354471,2.9461545900276302,1,
175.700000000,-21.984410917031898,31.97562119354471,3.0461545900276303,1,
175.800000000,-21.984410917031898,31.97562119354471,-3.137030717151956,1,
175.900000000,-21.984410917031898,31.97562119354471,-3.0370307171519557,1,
176.000000000,-21.984410917031898,31.97562119354471,-2.9370307171519556,1,
176.100000000,-21.984410917031898,31.97562119354471,-2.8370307171519555,1,
176.200000000,-21.984410917031898,31.97562119354471,-2.7370307171519555,1,
176.300000000,-21.984410917031898,31.97562119354471,-2.6370307171519554,1,
176.400000000,-21.984410917031898,31.97562119354471,-2.5370307171519553,1,
176.500000000,-21.984410917031898,31.97562119354471,-2.437030717151955,1,
176.600000000,-21.984410917031898,31.97562119354471,-2.337030717151955,1,
176.700000000,-21.984410917031898,31.97562119354471,-2.237030717151955,1,
176.800000000,-21.984410917031898,31.97562119354471,-2.137030717151955,1,
176.900000000,-21.984410917031898,31.97562119354471,-2.037030717151955,1,
177.000000000,-21.984410917031898,31.97562119354471,-1.9370307171519543,1,
177.100000000,-21.984410917031898,31.97562119354471,-1.8370307171519555,1,
177.200000000,-21.984410917031898,31.97562119354471,-1.737030717151955,1,
177.300000000,-21.984410917031898,31.97562119354471,-1.637030717151955,1,
177.400000000,-21.984410917031898,31.97562119354471,-1.5370307171519544,1,
177.500000000,-21.984410917031898,31.97562119354471,-1.4370307171519543,1,
177.600000000,-21.984410917031898,31.97562119354471,-1.3370307171519544,1,
177.700000000,-21.984410917031898,31.97562119354471,-1.2370307171519541,1,
177.800000000,-21.984410917031898,31.97562119354471,-1.137030717151954,1,
177.900000000,-21.966724759521156,31.93743753587719,-1.0791114951909249,1,
178.000000000,-21.94685792758085,31.900341702296846,-1.0211922732298955,1,
178.100000000,-21.917441040635477,31.852318880236567,-0.9775087421904954,1,
178.200000000,-21.885955077315785,31.805626495525342,-0.9338252111510951,1,
178.300000000,-21.85246011118525,31.760353634779587,-0.8901416801116953,1,
178.400000000,-21.817020048879137,31.71658667623859,-0.846458149072295,1,
178.500000000,-21.77970250817401,31.674409124959368,-0.8027746180328952,1,
178.600000000,-21.740578688976562,31.63390145349339,-0.7590910869934949,1,
178.700000000,-21.699723237477922,31.595140948349204,-0.7154075559540948,1,
178.800000000,-21.657214103732663,31.55820156253382,-0.6717240249146945,1,
178.900000000,-21.598507860764926,31.511526333165207,-0.6686771502089467,1,
179.000000000,-21.53965967693937,31.46503019073991,-0.6656302755031993,1,
179.100000000,-21.480670098569476,31.418713566902,-0.6671769046417693,1,
179.200000000,-21.421752225364393,31.372305763495785,-0.6687235337803398,1,
179.300000000,-21.36290619825928,31.32580689153157,-0.67027016291891,1,
179.400000000,-21.30413215801744,31.279217062237503,-0.67181679205748,1,
179.500000000,-21.245430245229965,31.23253638705931,-0.6733634211960502,1,
179.600000000,-21.186800600315433,31.18576497766002,-0.6749100503346204,1,
179.700000000,-21.12824336351954,31.138902945919714,-0.6764566794731905,1,
179.800000000,-21.06975867491478,31.091950403935233,-0.6780033086117606,1,
179.900000000,-21.011346674400112,31.044907464019936,-0.679549937750331,1,
180.000000000,-20.953007501700615,30.997774238703414,-0.6810965668889011,1,
180.100000000,-20.894741296367158,30.95055084073123,-0.6751774965134406,1,
180.200000000,-20.836196594736663,30.903673149757843,-0.6692584261379801,1,
180.300000000,-20.777375447939832,30.857142808156844,-0.6633393557625197,1,
180.400000000,-20.71827991679271,30.81096144613233,-0.6574202853870592,1,
180.500000000,-20.658912071724473,30.76513068166179,-0.6515012150115989,1,
180.600000000,-20.5992739927049,30.719652120439438,-0.6455821446361384,1,
180.700000000,-20.539367769171495,30.674527355819933,-0.629562109563108,1,
180.800000000,-20.478746363294707,30.630368040273588,-0.6135420744900778,1,
180.900000000,-20.41742533271178,30.587185506672053,-0.5975220394170474,1,
181.000000000,-20.355420414608865,30.544990837209536,-0.5815020043440172,1,
181.100000000,-20.2927475216823,30.50379486055871,-0.5654819692709867,1,
181.200000000,-20.229422738054833,30.46360814909168,-0.5494619341979565,1,
181.300000000,-20.165462315147852,30.42444101616674,-0.5334418991249262,1,
181.400000000,-20.100882667510692,30.386303513481582,-0.5174218640518958,1,
181.500000000,-20.03570036860807,30.34920542849369,-0.5014018289788656,1,
181.600000000,-19.969932146566723,30.3131562819085,-0.48538179390583536,1,
181.700000000,-19.903594879882398,30.27816532523606,-0.4628695265365102,1,
181.800000000,-19.83648676318695,30.244676511079838,-0.44035725916718527,1,
181.900000000,-19.768641805583997,30.21270681092714,-0.4168308964481177,1,
182.000000000,-19.700063561478153,30.182341955660576,-0.39330453372905033,1,
182.100000000,-19.630789986473395,30.153598751140894,-0.37023152103255597,1,
182.200000000,-19.5608717165453,30.126461405466312,-0.34715850833606166,1,
182.300000000,-19.49504768830908,30.102645500974624,-0.32562369648600026,1,
182.400000000,-19.42872609098505,30.080252517064714,-0.30408888463593897,1,
182.500000000,-19.366708280692528,30.06078995796986,-0.28409227363231054,1,
182.600000000,-19.304313710058707,30.042571353319087,-0.2640956626286823,1,
182.700000000,-19.246393972425754,30.026909169801783,-0.24563725247148677,1,
182.800000000,-19.188195018922727,30.012318699927494,-0.22717884231429133,1,
182.900000000,-19.134608206521307,29.999931063484045,-0.2121325449628066,1,
183.000000000,-19.080841078764465,29.988351081930546,-0.19708624761132185,1,
183.100000000,-19.030174612119495,29.978234086222407,-0.18295184706901813,1,
183.200000000,-18.979370213587718,29.968834217379243,-0.1688174465267142,1,
183.300000000,-18.931723979917525,29.960713409035453,-0.15559494279359123,1,
183.400000000,-18.883974537002082,29.953223294725507,-0.1423724390604684,1,
183.500000000,-18.839429840149048,29.946838157117643,-0.13006183213652633,1,
183.600000000,-18.7948099157172,29.94100186174334,-0.1177512252125843,1,
183.700000000,-18.720329265883887,29.932190913984584,-0.09627072171646942,1,
183.800000000,-18.64567654948409,29.924981757714168,-0.07479021822035449,1,
183.900000000,-18.60080234630652,29.92161933460304,-0.06547116623204778,1,
184.000000000,-18.555898757516637,29.91867523647473,-0.056152114243741044,1,
184.100000000,-18.514297762340362,29.91633679437479,-0.047523362402716304,1,
184.200000000,-18.472678138276798,29.91435739953834,-0.03889461056169155,1,
184.300000000,-18.397734860777888,29.91144103918316,-0.021738471698456534,1,
184.400000000,-18.322752581123236,29.909810782212208,-0.0045823328352215115,1,
184.500000000,-18.24775336853839,29.9094671084523,0.012573806028013512,1,
184.600000000,-18.172759297232705,29.91041011905552,0.02972994489124854,1,
184.700000000,-18.097792439902317,29.912639536469438,0.04218888297667988,1,
184.800000000,-18.022859176322,29.91580276412534,0.05464782106211124,1,
184.900000000,-17.947971137867494,29.91989931101712,0.06710675914754263,1,
185.000000000,-17.87313994889455,29.924928541265945,0.07956569723297395,1,
185.100000000,-17.79837722493457,29.93088967421896,0.09202463531840534,1,
185.200000000,-17.723694570891592,29.937781784570443,0.1044835734038367,1,
185.300000000,-17.64910357924096,29.945603802505453,0.11694251148926804,1,
185.400000000,-17.574615828229895,29.954354513865876,0.12940144957469943,1,
185.500000000,-17.500242880080275,29.964032560338907,0.1418603876601308,1,
185.600000000,-17.425996279193928,29.974636439667876,0.1543193257455622,1,
185.700000000,-17.351887550360654,29.986164505885437,0.16677826383099342,1,
185.800000000,-17.27792819696933,29.99861496956907,0.17923720191642484,1,
185.900000000,-17.204129699222307,30.011985898118823,0.1916961400018562,1,
186.000000000,-17.130503512353418,30.026275216057314,0.20415507808728753,1,
186.100000000,-17.05706106484986,30.041480705351884,0.19551867539498113,1,
186.200000000,-16.983490037175567,30.05605135691412,0.18688227270267466,1,
186.300000000,-16.909795916771884,30.069986083963016,0.1769398262409264,1,
186.400000000,-16.835966895757625,30.083187434502868,0.16699737977917817,1,
186.500000000,-16.762010272236896,30.09565410356133,0.15742929071282885,1,
186.600000000,-16.687937753613063,30.107412589208806,0.14786120164647956,1,
186.700000000,-16.61375612104965,30.118461814983803,0.13902911943138788,1,
186.800000000,-16.539479795359906,30.128855440050692,0.1301970372162962,1,
186.900000000,-16.475029933798346,30.13729435850602,0.11990204860716072,1,
187.000000000,-16.41049661058889,30.145069330888212,0.10960705999802528,1,
187.100000000,-16.35085666113847,30.151632594523882,0.10010399358959261,1,
187.200000000,-16.29115703446673,30.15762880793358,0.09060092718115986,1,
187.300000000,-16.23472278371225,30.162755839520372,0.08162580890652896,1,
187.400000000,-16.178244790812396,30.16737616733507,0.0726506906318981,1,
187.500000000,-16.126714415689886,30.171126485211982,0.0644674945579699,1,
187.600000000,-16.075155076671745,30.174454999063048,0.05628429848404174,1,
187.700000000,-16.02689828125088,30.177173970710555,0.04862905054391538,1,
187.800000000,-15.978622085616475,30.17952344856315,0.04097380260378903,1,
187.900000000,-15.926998783238691,30.181639836064594,0.034446784724944,1,
188.000000000,-15.875362766883017,30.183419234659908,0.027919766846099002,1,
188.100000000,-15.827048270566028,30.184768514744547,0.021813846894921402,1,
188.200000000,-15.778726436338014,30.185822767063236,0.01570792694374381,1,
188.300000000,-15.733731987850664,30.18652959470788,0.010023104920233636,1,
188.400000000,-15.688734248240966,30.186980626877222,0.004338282896723461,1,
188.500000000,-15.64706797367157,30.187161388097575,-0.0009254411991192913,1,
188.600000000,-15.605401324847431,30.187122828053116,-0.0061891652949620434,1,
188.700000000,-15.563735456215031,30.186864947812218,-0.009468403075558669,1,
188.800000000,-15.522070657256428,30.18647043691216,-0.012747640856155292,1,
188.900000000,-15.483740438509242,30.18598179058062,-0.015159369764782177,1,
189.000000000,-15.445411509715981,30.185400703663156,-0.01757109867340906,1,
189.100000000,-15.408750503201341,30.184756463197168,-0.019877969803399995,1,
189.200000000,-15.372091080413677,30.184027652302877,-0.022184840933390928,1,
189.300000000,-15.33876594953004,30.183288218262774,-0.02428199650610996,1,
189.400000000,-15.305442442636448,30.182478897915992,-0.026379152078829,1,
189.500000000,-15.273786793108913,30.18164365497667,-0.028371449872912072,1,
189.600000000,-15.242132870457525,30.180745346255993,-0.030363747666995147,1,
189.700000000,-15.213812597180686,30.179885172260242,-0.03169991374699475,1,
189.800000000,-15.185493498519474,30.178987158455076,-0.03303607982699434,1,
189.900000000,-15.158841382296998,30.178106356562065,-0.03429364790228806,1,
190.000000000,-15.13219039481743,30.17719203852387,-0.03555121597758182,1,
190.100000000,-15.107206191765494,30.176303445332554,-0.03673018604816969,1,
190.200000000,-15.082223053701743,30.175385397137987,-0.03790915611875756,1,
190.300000000,-15.058906484575312,30.17450106201101,-0.03900952818463959,1,
190.400000000,-15.035590902662422,30.17359107052326,-0.0401099002505216,1,
190.500000000,-15.013941662370328,30.17272225568704,-0.041131674311697744,1,
190.600000000,-14.992293321111687,30.17183132067603,-0.042153448372873915,1,
190.700000000,-14.970645901487845,30.17091826642038,-0.04283435080303466,1,
190.800000000,-14.948999108582994,30.169990472596897,-0.04351525323319541,1,
190.900000000,-14.929018041367794,30.16912044217121,-0.044143778553343775,1,
191.000000000,-14.90903752493541,30.16823785331153,-0.04477230387349215,1,
191.100000000,-14.88739257069933,30.167268110787774,-0.045453206303652904,1,
191.200000000,-14.865748281780842,30.166283630388012,-0.04613410873381365,1,
191.300000000,-14.84410466821485,30.165284412568685,-0.04681501116397437,1,
191.400000000,-14.82246174003594,30.16427045779305,-0.047495913594135145,1,
191.500000000,-14.799154720143187,30.16316263643415,-0.04822919313430826,1,
191.600000000,-14.775848518859178,30.16203772481379,-0.04896247267448135,1,
191.700000000,-14.754207818011595,30.16097729505661,-0.04964337510464211,1,
191.800000000,-14.732567844229775,30.159902130340598,-0.05032427753480285,1,
191.900000000,-14.710928607546617,30.158812231164223,-0.05100517996496357,1,
192.000000000,-14.689290117994677,30.157707598032797,-0.05168608239512432,1,
192.100000000,-14.665987944653207,30.156502126337354,-0.05205263168559097,1,
192.200000000,-14.642686214741943,30.155288113327984,-0.0524191809760576,1,
192.300000000,-14.621049308773829,30.15415288446495,-0.05275954817434804,1,
192.400000000,-14.599412790453691,30.153010291174752,-0.05309991537263849,1,
192.500000000,-14.576112344736918,30.15177187531399,-0.053466464663105104,1,
192.600000000,-14.552812354525896,30.15052491877477,-0.05383301395357174,1,
192.700000000,-14.531177075206509,30.14935910008536,-0.05417338115186219,1,
192.800000000,-14.509542193946778,30.148185917524213,-0.05451374835015263,1,
192.900000000,-14.4879077132531,30.147005371227245,-0.053150597227885295,1,
193.000000000,-14.466271643397297,30.145854317084616,-0.051787446105617994,1,
193.100000000,-14.439640727933666,30.144473935731476,-0.0501097216474428,1,
193.200000000,-14.413007534051365,30.143138235638315,-0.04843199718926765,1,
193.300000000,-14.388036849049842,30.1419279090069,-0.04685913050972844,1,
193.400000000,-14.363064291254275,30.14075685941481,-0.04528626383018921,1,
193.500000000,-14.3347600066032,30.139474187138365,-0.043503681593378106,1,
193.600000000,-14.30645348045435,30.13824197158815,-0.041721099356566996,1,
193.700000000,-14.28147523542507,30.137199246668892,-0.040542129285979174,1,
193.800000000,-14.256495778414113,30.136185971070795,-0.039363159215391366,1,
193.900000000,-14.233180519760309,30.13526773452685,-0.03826278714950941,1,
194.000000000,-14.209864264820139,30.134375153992966,-0.037162415083627436,1,
194.100000000,-14.188212557753557,30.133570153652975,-0.03614064102245133,1,
194.200000000,-14.166560039461082,30.132787276882013,-0.035118866961275225,1,
194.300000000,-14.144906732548424,30.132026524497423,-0.03409709290009911,1,
194.400000000,-14.123252659622114,30.131287897293447,-0.03307531883892302,1,
194.500000000,-14.103263598391992,30.130626511522166,-0.03213214278245275,1,
194.600000000,-14.083273922249685,30.129983979246212,-0.0311889667259825,1,
194.700000000,-14.064949505083632,30.129412274221256,-0.030324388674218102,1,
194.800000000,-14.04662460048273,30.128856412296894,-0.029459810622453706,1,
194.900000000,-14.026633278659487,30.12826730130606,-0.028831285302305363,1,
195.000000000,-14.006641590513821,30.12769075548271,-0.028202759982157034,1,
195.100000000,-13.98664954394333,30.127126775054606,-0.027574234662008708,1,
195.200000000,-13.966657146845751,30.12657536024454,-0.026945709341860368,1,
195.300000000,-13.943332283831166,30.12594670310799,-0.026212429801687316,1,
195.400000000,-13.920006966106083,30.125335149783744,-0.02547915026151427,1,
195.500000000,-13.896681206212499,30.124740700600636,-0.024745870721341205,1,
195.600000000,-13.873355016692647,30.124163355878302,-0.02401259118116815,1,
195.700000000,-13.850028410088994,30.123603115927178,-0.023279311640995098,1,
195.800000000,-13.826701398944229,30.123059981048506,-0.022546032100822035,1,
195.900000000,-13.803373995801259,30.12253395153433,-0.02181275256064899,1,
196.000000000,-13.780046213203201,30.122025027667494,-0.021079473020475935,1,
196.100000000,-13.75671806369338,30.121533209721644,-0.02034619348030287,1,
196.200000000,-13.733389559815313,30.121058497961233,-0.019612913940129817,1,
196.300000000,-13.711727060234326,30.120633578735777,-0.018932011509969125,1,
196.400000000,-13.690064276346499,30.12022340965629,-0.018251109079808432,1,
196.500000000,-13.668401218195308,30.119827990912942,-0.01757020664964774,1,
196.600000000,-13.646737895824357,30.119447322689055,-0.016889304219487047,1,
196.700000000,-13.626740748242522,30.11910955266327,-0.01626077889933871,1,
196.800000000,-13.606743392313565,30.118784351416963,-0.015632253579190382,1,
196.900000000,-13.585079372905968,30.118445666383735,-0.015291886380899995,1,
197.000000000,-13.563415239475985,30.11811435509157,-0.0149515191826096,1,
197.100000000,-13.5434174749136,30.117815335849063,-0.014637334076495399,1,
197.200000000,-13.523419617390836,30.117522599620994,-0.01432314897038119,1,
197.300000000,-13.501755173172635,30.11721227533753,-0.013982781772090797,1,
197.400000000,-13.48009062458514,30.116909324938078,-0.013642414573800407,1,
197.500000000,-13.458425974138185,30.116613748457738,-0.013302047375510008,1,
197.600000000,-13.436761224341618,30.11632554593075,-0.01296168017721963,1,
197.700000000,-13.415096377705295,30.116044717390505,-0.01262131297892923,1,
197.800000000,-13.393431436739084,30.115771262869536,-0.012280945780638843,1,
197.900000000,-13.37009986296931,30.11548471467106,-0.01191439649017227,1,
198.000000000,-13.346768185732897,30.11520671866345,-0.011547847199705695,1,
198.100000000,-13.31843674154288,30.114879536931337,-0.011102751632710569,1,
198.200000000,-13.290105154532103,30.11456496543143,-0.010657656065715443,1,
198.300000000,-13.265106574339073,30.114298529073746,-0.010264924683072685,1,
198.400000000,-13.240107891435994,30.114041910463317,-0.009872193300429925,1,
198.500000000,-13.2167756951291,30.11381156302797,-0.009505644009963352,1,
198.600000000,-13.193443415955956,30.113589768007905,-0.009139094719496775,1,
198.700000000,-13.166777862922235,30.113346062207928,-0.008720181244677834,1,
198.800000000,-13.140112210136623,30.113113526988485,-0.00830126776985889,1,
198.900000000,-13.115113071519758,30.112905997677768,-0.007908536387216131,1,
199.000000000,-13.09011385332753,30.112708286329077,-0.007515805004573374,1,
199.100000000,-13.06344793982165,30.112507866749162,-0.007096891529754431,1,
199.200000000,-13.03678194469709,30.112318617896992,-0.006677978054935488,1,
199.300000000,-13.011782502137404,30.11215166968648,-0.006285246672292731,1,
199.400000000,-12.98678299593985,30.11199453955423,-0.005892515289649971,1,
199.500000000,-12.960116792228328,30.1118374067225,-0.00547360181483103,1,
199.600000000,-12.933450525031555,30.111691444736284,-0.005054688340012087,1,
199.700000000,-12.908450844404303,30.111565078065894,-0.004661956957369326,1,
199.800000000,-12.883451116076845,30.111448529564136,-0.00426922557472657,1,
199.900000000,-12.855118040948852,30.111327568540297,-0.0038241300077314433,1,
200.000000000,-12.82678491478818,30.111219218454163,-0.003379034440736316,1,
200.100000000,-12.800118400359684,30.11112911104055,-0.0029601209659173744,1,
200.200000000,-12.773451850523815,30.111050174596738,-0.0025412074910984325,1,
200.300000000,-12.746785269960242,30.110982409136575,-0.00212229401627949,1,
200.400000000,-12.720118663348645,30.11092581467196,-0.0017033805414605476,1,
200.500000000,-12.695118699617451,30.110883230179017,-0.0013106491588177889,1,
200.600000000,-12.670118721089963,30.110850463959427,-0.0009179177761750303,1,
200.700000000,-12.643452065657604,30.1108259861555,-0.000499004301356088,1,
200.800000000,-12.616785402311008,30.110812679374682,-8.009082653714572e-05,1,
200.900000000,-12.590118735729869,30.11081054361931,-8.009082653717726e-05,1,
201.000000000,-12.56345206914873,30.110808407863935,-8.00908265372088e-05,1,
201.100000000,-12.53678540256759,30.11080627210856,-8.009082653724033e-05,1,
201.200000000,-12.51011873598645,30.110804136353188,-8.009082653727187e-05,1,
201.300000000,-12.485118736066633,30.110802134082526,-8.009082653730144e-05,1,
201.400000000,-12.460118736146816,30.110800131811864,-8.009082653733101e-05,1,
201.500000000,-12.435118736226999,30.1107981295412,-8.009082653736058e-05,1,
201.600000000,-12.410118736307181,30.11079612727054,-8.009082653739015e-05,1,
201.700000000,-12.38178540306472,30.11079385803046,-8.009082653742366e-05,1,
201.800000000,-12.353452069822259,30.110791588790377,-8.009082653745716e-05,1,
201.900000000,-12.32678540324112,30.110789453035004,-8.00908265374887e-05,1,
202.000000000,-12.30011873665998,30.11078731727963,-8.009082653752023e-05,1,
202.100000000,-12.27178540341752,30.11078504803955,-8.009082653755373e-05,1,
202.200000000,-12.243452070175058,30.110782778799468,-8.009082653758723e-05,1,
202.300000000,-12.21845207025524,30.110780776528806,-8.00908265376168e-05,1,
202.400000000,-12.193452070335423,30.110778774258144,-8.009082653764638e-05,1,
202.500000000,-12.170118737076926,30.110776905472193,-8.009082653767397e-05,1,
202.600000000,-12.146785403818429,30.110775036686242,-8.009082653770156e-05,1,
202.700000000,-12.121785403898611,30.11077303441558,-8.009082653773113e-05,1,
202.800000000,-12.096785403978794,30.110771032144918,-8.00908265377607e-05,1,
202.900000000,-12.070118737397655,30.110768896389544,-8.009082653779224e-05,1,
203.000000000,-12.043452070816516,30.11076676063417,-8.009082653782378e-05,1,
203.100000000,-12.016785404235376,30.110764624878797,-8.009082653785532e-05,1,
203.200000000,-11.990118737654237,30.110762489123424,-8.009082653788685e-05,1,
203.300000000,-11.963452071073098,30.11076035336805,-8.009082653791839e-05,1,
203.400000000,-11.936785404491959,30.110758217612677,-8.009082653794993e-05,1,
203.500000000,-11.911785404572141,30.110756215342015,-8.00908265379795e-05,1,
203.600000000,-11.886785404652324,30.110754213071353,-8.009082653800907e-05,1,
203.700000000,-11.860118738071185,30.11075207731598,-8.009082653804061e-05,1,
203.800000000,-11.833452071490045,30.110749941560606,-8.009082653807214e-05,1,
203.900000000,-11.806785404908906,30.110747805805232,-8.009082653810368e-05,1,
204.000000000,-11.780118738327767,30.11074567004986,-8.009082653813522e-05,1,
204.100000000,-11.751785405085306,30.110743400809778,-8.009082653816872e-05,1,
204.200000000,-11.723452071842845,30.110741131569696,-8.009082653820222e-05,1,
204.300000000,-11.698452071923027,30.110739129299034,-8.009082653823179e-05,1,
204.400000000,-11.67345207200321,30.110737127028372,-8.009082653826136e-05,1,
204.500000000,-11.650118738744712,30.11073525824242,-8.009082653828896e-05,1,
204.600000000,-11.626785405486215,30.11073338945647,-8.009082653831655e-05,1,
204.700000000,-11.601785405566398,30.110731387185808,-8.009082653834612e-05,1,
204.800000000,-11.57678540564658,30.110729384915146,-8.009082653837569e-05,1,
204.900000000,-11.550118739065441,30.110727249159773,-8.009082653840723e-05,1,
205.000000000,-11.523452072484302,30.1107251134044,-8.009082653843877e-05,1,
205.100000000,-11.496785405903163,30.110722977649026,-8.00908265384703e-05,1,
205.200000000,-11.470118739322023,30.110720841893652,-8.009082653850184e-05,1,
205.300000000,-11.445118739402206,30.11071883962299,-8.009082653853141e-05,1,
205.400000000,-11.420118739482389,30.110716837352328,-8.009082653856098e-05,1,
205.500000000,-11.39345207290125,30.110714701596955,-8.009082653859252e-05,1,
205.600000000,-11.36678540632011,30.11071256584158,-8.009082653862406e-05,1,
205.700000000,-11.34011873973897,30.110710430086208,-8.00908265386556e-05,1,
205.800000000,-11.313452073157832,30.110708294330834,-8.009082653868713e-05,1,
205.900000000,-11.288452073238014,30.110706292060172,-8.00908265387167e-05,1,
206.000000000,-11.263452073318197,30.11070428978951,-8.009082653874627e-05,1,
206.100000000,-11.236785406737058,30.110702154034136,-8.009082653877781e-05,1,
206.200000000,-11.210118740155918,30.110700018278763,-8.009082653880935e-05,1,
206.300000000,-11.181785406913457,30.110697749038682,-8.009082653884285e-05,1,
206.400000000,-11.153452073670996,30.1106954797986,-8.009082653887635e-05,1,
206.500000000,-11.126785407089857,30.110693344043227,-8.009082653890789e-05,1,
206.600000000,-11.100118740508718,30.110691208287854,-8.009082653893942e-05,1,
206.700000000,-11.073452073927578,30.11068907253248,-8.009082653897096e-05,1,
206.800000000,-11.046785407346439,30.110686936777107,-8.00908265390025e-05,1,
206.900000000,-11.0201187407653,30.110684801021733,-8.009082653903403e-05,1,
207.000000000,-10.99345207418416,30.11068266526636,-8.009082653906557e-05,1,
207.100000000,-10.966785407603021,30.110680529510987,-8.009082653909711e-05,1,
207.200000000,-10.940118741021882,30.110678393755613,-8.009082653912864e-05,1,
207.300000000,-10.915118741102065,30.11067639148495,-8.009082653915822e-05,1,
207.400000000,-10.890118741182247,30.11067438921429,-8.009082653918779e-05,1,
207.500000000,-10.863452074601108,30.110672253458915,-8.009082653921932e-05,1,
207.600000000,-10.836785408019969,30.110670117703542,-8.009082653925086e-05,1,
207.700000000,-10.811785408100151,30.11066811543288,-8.009082653928043e-05,1,
207.800000000,-10.786785408180334,30.110666113162218,-8.009082653931e-05,1,
207.900000000,-10.760118741599195,30.110663977406844,-8.009082653934154e-05,1,
208.000000000,-10.733452075018056,30.11066184165147,-8.009082653937308e-05,1,
208.100000000,-10.706785408436916,30.110659705896097,-8.009082653940461e-05,1,
208.200000000,-10.680118741855777,30.110657570140724,-8.009082653943615e-05,1,
208.300000000,-10.653452075274638,30.11065543438535,-8.009082653946769e-05,1,
208.400000000,-10.626785408693499,30.110653298629977,-8.009082653949922e-05,1,
208.500000000,-10.603452075435001,30.110651429844026,-8.009082653952682e-05,1,
208.600000000,-10.580118742176504,30.110649561058075,-8.009082653955441e-05,1,
208.700000000,-10.553452075595365,30.1106474253027,-8.009082653958595e-05,1,
208.800000000,-10.526785409014225,30.110645289547328,-8.009082653961748e-05,1,
208.900000000,-10.500118742433086,30.110643153791955,-8.009082653964902e-05,1,
209.000000000,-10.473452075851947,30.11064101803658,-8.009082653968056e-05,1,
209.100000000,-10.44845207593213,30.11063901576592,-8.009082653971013e-05,1,
209.200000000,-10.423452076012312,30.110637013495257,-8.00908265397397e-05,1,
209.300000000,-10.396785409431173,30.110634877739884,-8.009082653977124e-05,1,
209.400000000,-10.370118742850034,30.11063274198451,-8.009082653980277e-05,1,
209.500000000,-10.343452076268894,30.110630606229137,-8.009082653983431e-05,1,
209.600000000,-10.316785409687755,30.110628470473763,-8.009082653986585e-05,1,
209.700000000,-10.291785409767938,30.1106264682031,-8.009082653989542e-05,1,
209.800000000,-10.26678540984812,30.11062446593244,-8.009082653992499e-05,1,
209.900000000,-10.240118743266981,30.110622330177065,-8.009082653995653e-05,1,
210.000000000,-10.213452076685842,30.110620194421692,-8.009082653998806e-05,1,
210.100000000,-10.15553285481858,30.11061555562333,0.042000687120434706,1,
210.200000000,-10.097664711681404,30.113047487588464,0.08408146506740939,1,
210.300000000,-10.073227620616375,30.11510704978691,0.15955773745169546,1,
210.400000000,-10.049015402038345,30.119003418314062,0.23503400983598163,1,
210.500000000,-10.049015402038345,30.119003418314062,0.33503400983598164,1,
210.600000000,-10.049015402038345,30.119003418314062,0.4350340098359817,1,
210.700000000,-10.049015402038345,30.119003418314062,0.5350340098359816,1,
210.800000000,-10.049015402038345,30.119003418314062,0.6350340098359816,1,
210.900000000,-10.049015402038345,30.119003418314062,0.7350340098359814,1,
211.000000000,-10.049015402038345,30.119003418314062,0.8350340098359814,1,
211.100000000,-10.049015402038345,30.119003418314062,0.9350340098359817,1,
211.200000000,-10.049015402038345,30.119003418314062,1.0350340098359818,1,
211.300000000,-10.049015402038345,30.119003418314062,1.1350340098359815,1,
211.400000000,-10.049015402038345,30.119003418314062,1.2350340098359818,1,
211.500000000,-10.049015402038345,30.119003418314062,1.3350340098359816,1,
211.600000000,-10.049015402038345,30.119003418314062,1.4350340098359822,1,
211.700000000,-10.045696222117153,30.143301489447804,1.5105102822202683,1,
211.800000000,-10.04421867895952,30.1677806659533,1.5859865546045546,1,
211.900000000,-10.044757511171559,30.20325023061216,1.6505128973749734,1,
212.000000000,-10.04758235539774,30.238611234731664,1.7150392401453916,1,
212.100000000,-10.052681454058861,30.2737164985832,1.77956558291581,1,
212.200000000,-10.060033583663797,30.308419906881436,1.8440919256862278,1,
212.300000000,-10.069608143146008,30.34257701694601,1.9086182684566462,1,
212.400000000,-10.081365281231434,30.3760456599015,1.9731446112270647,1,
212.500000000,-10.095256062307648,30.408686532413345,2.037670953997483,1,
212.600000000,-10.111222670103874,30.44036377649681,2.102197296767901,1,
212.700000000,-10.129198648334134,30.470945544985682,2.166723639538319,1,
212.800000000,-10.14910917730189,30.50030455030715,2.231249982308737,1,
212.900000000,-10.171391545197263,30.528988185425302,2.2949284343982197,1,
213.000000000,-10.195454046787374,30.556195736947664,2.3586068864877023,1,
213.100000000,-10.196550313951418,30.557286727568894,2.457060257175109,1,
213.200000000,-10.197748510573996,30.55826467801969,2.5555136278625152,1,
213.300000000,-10.197748510573996,30.55826467801969,2.6555136278625153,1,
213.400000000,-10.197748510573996,30.55826467801969,2.7555136278625154,1,
213.500000000,-10.197748510573996,30.55826467801969,2.8555136278625155,1,
213.600000000,-10.197748510573996,30.55826467801969,2.9555136278625156,1,
213.700000000,-10.197748510573996,30.55826467801969,3.0555136278625157,1,
213.800000000,-10.197748510573996,30.55826467801969,-3.1276716793170705,1,
213.900000000,-10.197748510573996,30.55826467801969,-3.0276716793170704,1,
214.000000000,-10.197748510573996,30.55826467801969,-2.9276716793170703,1,
214.100000000,-10.197748510573996,30.55826467801969,-2.82767167931707,1,
214.200000000,-10.197748510573996,30.55826467801969,-2.72767167931707,1,
214.300000000,-10.197748510573996,30.55826467801969,-2.62767167931707,1,
214.400000000,-10.197748510573996,30.55826467801969,-2.52767167931707,1,
214.500000000,-10.197748510573996,30.55826467801969,-2.42767167931707,1,
214.600000000,-10.197748510573996,30.55826467801969,-2.3276716793170698,1,
214.700000000,-10.197748510573996,30.55826467801969,-2.2276716793170697,1,
214.800000000,-10.197748510573996,30.55826467801969,-2.1276716793170696,1,
214.900000000,-10.197748510573996,30.55826467801969,-2.0276716793170695,1,
215.000000000,-10.197748510573996,30.55826467801969,-1.9276716793170694,1,
215.100000000,-10.197748510573996,30.55826467801969,-1.8276716793170689,1,
215.200000000,-10.197748510573996,30.55826467801969,-1.7276716793170692,1,
215.300000000,-10.197748510573996,30.55826467801969,-1.627671679317069,1,
215.400000000,-10.197748510573996,30.55826467801969,-1.5276716793170688,1,
215.500000000,-10.197748510573996,30.55826467801969,-1.427671679317069,1,
215.600000000,-10.197748510573996,30.55826467801969,-1.3276716793170693,1,
215.700000000,-10.197748510573996,30.55826467801969,-1.2276716793170686,1,
215.800000000,-10.197748510573996,30.55826467801969,-1.1276716793170687,1,
215.900000000,-10.179705770557103,30.52024821562446,-1.0697524573560395,1,
216.000000000,-10.15949263245248,30.48333993839118,-1.0118332353950104,1,
216.100000000,-10.129203567227888,30.43491663685053,-0.9689492892176982,1,
216.200000000,-10.096866403196396,30.38783637106245,-0.9260653430403858,1,
216.300000000,-10.062540600351355,30.342185709913682,-0.883181396863074,1,
216.400000000,-10.026289275297767,30.29804859360399,-0.8402974506857618,1,
216.500000000,-9.988179085196558,30.255506179301015,-0.7974135045084495,1,
216.600000000,-9.948280105198656,30.21463669191246,-0.7545295583311373,1,
216.700000000,-9.894003690408107,30.163611813970668,-0.7290243056056307,1,
216.800000000,-9.838443667236515,30.11398771502003,-0.7035190528801242,1,
216.900000000,-9.78125088573202,30.06546982405413,-0.7019724237415542,1,
217.000000000,-9.723983133477846,30.01704044710424,-0.7004257946029842,1,
217.100000000,-9.666640547461967,29.96869970001639,-0.6988791654644142,1,
217.200000000,-9.609223264851355,29.92044769842461,-0.6973325363258444,1,
217.300000000,-9.551731422991669,29.87228455775064,-0.6957859071872741,1,
217.400000000,-9.49416515940691,29.824210393203657,-0.6942392780487047,1,
217.500000000,-9.436524611799106,29.77622531978001,-0.6926926489101345,1,
217.600000000,-9.378809918047976,29.728329452262933,-0.6911460197715645,1,
217.700000000,-9.3210212162106,29.680522905222272,-0.6984419854906309,1,
217.800000000,-9.263582844278847,29.63229600992691,-0.705737951209697,1,
217.900000000,-9.206497859747781,29.58365133353691,-0.7142454560060535,1,
218.000000000,-9.149828780867962,29.534522772608334,-0.72275296080241,1,
218.100000000,-9.09357970918872,29.48491388292893,-0.7304727336731779,1,
218.200000000,-9.037715279136734,29.434872245715837,-0.7381925065439455,1,
218.300000000,-8.982238819930211,29.384400843180273,-0.7454396402593604,1,
218.400000000,-8.9271295873566,29.3335287242432,-0.7526867739747753,1,
218.500000000,-8.874823325195175,29.28453723467806,-0.7594612685348369,1,
218.600000000,-8.822850153336034,29.235192523532778,-0.7662357630948984,1,
218.700000000,-8.774815086991063,29.188963995050045,-0.772537618499607,1,
218.800000000,-8.727072298034216,29.14243367647101,-0.7788394739043154,1,
218.900000000,-8.683182328652865,29.09911568522624,-0.7846686901536706,1,
219.000000000,-8.63954561346318,29.055542587273123,-0.7904979064030262,1,
219.100000000,-8.592646177531268,29.00816234504376,-0.7904979064030262,1,
219.200000000,-8.545746741599356,28.9607821028144,-0.7904979064030264,1,
219.300000000,-8.502364763362337,28.916955378752238,-0.7904979064030264,1,
219.400000000,-8.458982785125318,28.873128654690078,-0.7904979064030269,1,
219.500000000,-8.419118264583194,28.832855448795122,-0.790497906403027,1,
219.600000000,-8.379253744041069,28.792582242900167,-0.7904979064030269,1,
219.700000000,-8.341734195295539,28.754678049116677,-0.790497906403027,1,
219.800000000,-8.304214646550008,28.716773855333187,-0.7904979064030273,1,
219.900000000,-8.269040069601074,28.681238673661166,-0.7904979064030273,1,
220.000000000,-8.23386549265214,28.645703491989146,-0.7904979064030276,1,
220.100000000,-8.2010358874998,28.612537322428594,-0.7904979064030276,1,
220.200000000,-8.168206282347462,28.579371152868042,-0.7904979064030276,1,
220.300000000,-8.13772164899172,28.548573995418955,-0.7904979064030276,1,
220.400000000,-8.107237015635977,28.51777683796987,-0.7904979064030276,1,
220.500000000,-8.079097354076831,28.48934869263225,-0.7904979064030276,1,
220.600000000,-8.050957692517684,28.460920547294634,-0.7904979064030276,1,
220.700000000,-8.025163002755132,28.434861414068486,-0.7904979064030276,1,
220.800000000,-7.999368312992581,28.408802280842337,-0.7904979064030276,1,
220.900000000,-7.974746109128327,28.383927653671922,-0.7904979064030276,1,
221.000000000,-7.950123905264074,28.359053026501506,-0.7904979064030276,1,
221.100000000,-7.927846673196416,28.33654741144256,-0.7904979064030276,1,
221.200000000,-7.905569441128757,28.314041796383613,-0.7904979064030276,1,
221.300000000,-7.884464694959397,28.2927206873804,-0.7904979064030276,1,
221.400000000,-7.863359948790037,28.271399578377185,-0.7904979064030276,1,
221.500000000,-7.843427688518974,28.251262975429707,-0.7904979064030276,1,
221.600000000,-7.823495428247912,28.23112637248223,-0.7904979064030276,1,
221.700000000,-7.80356316797685,28.210989769534752,-0.7904979064030276,1,
221.800000000,-7.7836309077057875,28.190853166587274,-0.7904979064030276,1,
221.900000000,-7.764871133333022,28.17190106969553,-0.7904979064030276,1,
222.000000000,-7.746111358960257,28.152948972803784,-0.7904979064030276,1,
222.100000000,-7.726179098689195,28.132812369856307,-0.7904979064030276,1,
222.200000000,-7.706246838418132,28.11267576690883,-0.7904979064030276,1,
222.300000000,-7.685142092248772,28.091354657905615,-0.7904979064030276,1,
222.400000000,-7.664037346079412,28.0700335489024,-0.7904979064030276,1,
222.500000000,-7.645277571706647,28.051081452010656,-0.7904979064030276,1,
222.600000000,-7.626517797333881,28.03212935511891,-0.7904979064030276,1,
222.700000000,-7.608930508859414,28.014361764282903,-0.7904979064030276,1,
222.800000000,-7.591343220384947,27.996594173446894,-0.7904979064030276,1,
222.900000000,-7.571410960113885,27.976457570499417,-0.7904979064030276,1,
223.000000000,-7.551478699842822,27.95632096755194,-0.7904979064030276,1,
223.100000000,-7.53154643957176,27.93618436460446,-0.7904979064030276,1,
223.200000000,-7.511614179300698,27.916047761656984,-0.7904979064030276,1,
223.300000000,-7.491681919029635,27.895911158709506,-0.7904979064030276,1,
223.400000000,-7.471749658758573,27.87577455576203,-0.7904979064030276,1,
223.500000000,-7.452989884385808,27.856822458870283,-0.7904979064030276,1,
223.600000000,-7.434230110013043,27.83787036197854,-0.7904979064030276,1,
223.700000000,-7.415470335640277,27.818918265086793,-0.7904979064030276,1,
223.800000000,-7.396710561267512,27.79996616819505,-0.7904979064030276,1,
223.900000000,-7.382640730487939,27.78575209552624,-0.791756199746659,1,
224.000000000,-7.368588796315065,27.771520330140273,-0.7930144930902902,1,
224.100000000,-7.3522157784443944,27.754895988642,-0.7944825019911934,1,
224.200000000,-7.335867182888583,27.738247629329535,-0.7959505108920968,1,
224.300000000,-7.320709054737447,27.72276616959868,-0.7973136620143643,1,
224.400000000,-7.305572044232253,27.707264061438494,-0.7986768131366316,1,
224.500000000,-7.284642385372627,27.685771053737856,-0.8005642531520786,1,
224.600000000,-7.263753330531911,27.664238580868687,-0.8024516931675257,1,
224.700000000,-7.244063197259542,27.643865156279432,-0.8042342754043371,1,
224.800000000,-7.224409412556385,27.623456664796233,-0.8060168576411483,1,
224.900000000,-7.207099965189821,27.605418288154635,-0.8075897243206877,1,
225.000000000,-7.189818911184131,27.58735270838391,-0.8091625910002268,1,
225.100000000,-7.1737164678172745,27.57046615272381,-0.8124834160961164,1,
225.200000000,-7.157670190432988,27.55352621687532,-0.8158042411920062,1,
225.300000000,-7.142822394162196,27.53774688259451,-0.8188878644953326,1,
225.400000000,-7.128023325928998,27.521921838396356,-0.8219714877986587,1,
225.500000000,-7.114407757182538,27.507272050421424,-0.8248179093094216,1,
225.600000000,-7.100833943008807,27.492583566198164,-0.8276643308201839,1,
225.700000000,-7.088429655853044,27.479083759856277,-0.830273550538383,1,
225.800000000,-7.076060634842554,27.465551633993975,-0.8328827702565822,1,
225.900000000,-7.060363235825023,27.448287911668565,-0.8369550888260365,1,
226.000000000,-7.044736270151096,27.430960407859004,-0.8410274073954912,1,
226.100000000,-7.030291159344303,27.414811624058856,-0.8448088460671278,1,
226.200000000,-7.015907217304748,27.398608332546107,-0.8485902847387643,1,
226.300000000,-7.000482913743517,27.381100182898145,-0.8526626033082192,1,
226.400000000,-6.9851300366445885,27.36352936592142,-0.8567349218776737,1,
226.500000000,-6.9709403546183415,27.347155686785733,-0.8605163605493102,1,
226.600000000,-6.956812689959003,27.330728467431328,-0.8642977992209468,1,
226.700000000,-6.943829202010762,27.315515675422695,-0.869099374396854,1,
226.800000000,-6.930918908813983,27.30024071782625,-0.8739009495727612,1,
226.900000000,-6.91487290781714,27.281069754052634,-0.8803198585743017,1,
227.000000000,-6.898950293212877,27.261796188109507,-0.8867387675758419,1,
227.100000000,-6.884204959193038,27.243712505711063,-0.8927297493106129,1,
227.200000000,-6.869568228154022,27.22554080934182,-0.8987207310453837,1,
227.300000000,-6.856078311342378,27.20858596965342,-0.9042837855133854,1,
227.400000000,-6.842682923480485,27.191556347565015,-0.909846839981387,1,
227.500000000,-6.830405590226541,27.17576815298262,-0.9149819671826191,1,
227.600000000,-6.8182094928771475,27.15991712117254,-0.9201170943838517,1,
227.700000000,-6.8010472281035605,27.137373065512143,-0.9273918579189305,1,
227.800000000,-6.784049418687734,27.11470475607273,-0.9346666214540097,1,
227.900000000,-6.739492921479659,27.05437467604173,-0.955096703864655,1,
228.000000000,-6.696178185394524,26.99314695651964,-0.9755267862753002,1,
228.100000000,-6.65412328886615,26.931047152349358,-0.9959568686859456,1,
228.200000000,-6.6133457845043955,26.868101182359,-1.0163869510965904,1,
228.300000000,-6.573862691769163,26.804335318544094,-1.036817033507236,1,
228.400000000,-6.535690489866919,26.739776175102328,-1.0572471159178813,1,
228.500000000,-6.4988451108727086,26.674450697325483,-1.077677198328526,1,
228.600000000,-6.463341933080523,26.608386150353173,-1.0981072807391714,1,
228.700000000,-6.429195774584806,26.541610107793094,-1.119896794967789,1,
228.800000000,-6.396512624170952,26.47410594733594,-1.1416863091964062,1,
228.900000000,-6.3673883069965465,26.41045239952339,-1.1620231891431163,1,
229.000000000,-6.339564437687729,26.346219757535955,-1.1823600690898255,1,
229.100000000,-6.314946231642739,26.286062098579457,-1.2012443147546275,1,
229.200000000,-6.291468379565404,26.225450297238176,-1.220128560419429,1,
229.300000000,-6.2708568788172405,26.169101685570197,-1.2375601718023233,1,
229.400000000,-6.251230706863048,26.112402361284765,-1.254991783185217,1,
229.500000000,-6.233631098274952,26.058538042031135,-1.271454971713506,1,
229.600000000,-6.2169206130869465,26.004391289627204,-1.2879181602417948,1,
229.700000000,-6.20203418227517,25.953177633029274,-1.3034129259154785,1,
229.800000000,-6.187943050307886,25.90173947166706,-1.3189076915891618,1,
229.900000000,-6.175896767420962,25.85493137215726,-1.3337769664380132,1,
230.000000000,-6.164547793047872,25.80794933418752,-1.3486462412868656,1,
230.100000000,-6.154633060947683,25.764055165014593,-1.3624900489047622,1,
230.200000000,-6.1453269219404385,25.720027948695844,-1.376333856522659,1,
230.300000000,-6.137275290077613,25.67914662856725,-1.3891521969096001,1,
230.400000000,-6.12974833601337,25.638165461262915,-1.4019705372965412,1,
230.500000000,-6.123307379645863,25.60037712277713,-1.4137634104525272,1,
230.600000000,-6.117312493904487,25.56251545628723,-1.4255562836085138,1,
230.700000000,-6.112005729082302,25.526234845879376,-1.436836423149022,1,
230.800000000,-6.107108543546152,25.489896683869322,-1.4481165626895303,1,
230.900000000,-6.103029467972285,25.45681387483542,-1.4583712349990836,1,
231.000000000,-6.099289854290743,25.4236909764021,-1.4686259073086363,1,
231.100000000,-6.095890095749511,25.39053147168667,-1.475528908781457,1,
231.200000000,-6.092719316501625,25.357349288665173,-1.4824319102542765,1,
231.300000000,-6.090071832524945,25.327466336525312,-1.4886446115798142,1,
231.400000000,-6.087610052303512,25.297567513168172,-1.4948573129053526,1,
231.500000000,-6.085460514269725,25.269315835978684,-1.500724864157249,1,
231.600000000,-6.083476780450829,25.24105203266219,-1.5065924154091463,1,
231.700000000,-6.081765852161043,25.21444030901455,-1.512114816587402,1,
231.800000000,-6.080201909827261,25.187819542769233,-1.5176372177656579,1,
231.900000000,-6.078873557937434,25.16285485808753,-1.521195244654112,1,
232.000000000,-6.077634039287715,25.137885605124797,-1.5247532715425647,1,
232.100000000,-6.076560080884368,25.1145770003233,-1.5280740966384543,1,
232.200000000,-6.075563532060266,25.091264957622464,-1.5313949217343434,1,
232.300000000,-6.074710055823436,25.069615107212876,-1.5344785450376708,1,
232.400000000,-6.073923343521778,25.04796272793948,-1.5375621683409966,1,
232.500000000,-6.073258782704065,25.027973772015784,-1.5404085898517594,1,
232.600000000,-6.072651121495813,25.007983005450793,-1.5432550113625225,1,
232.700000000,-6.072100364820359,24.987990590211897,-1.5454630319162947,1,
232.800000000,-6.071593753115368,24.96799700762697,-1.5476710524700672,1,
232.900000000,-6.071169827539471,24.94966857620971,-1.5494040627063623,1,
233.000000000,-6.070777665943529,24.93133943764856,-1.5511370729426575,1,
233.100000000,-6.070384506192767,24.911343302386705,-1.5530276295640704,1,
233.200000000,-6.070029150948023,24.89134645956965,-1.5549181861854822,1,
233.300000000,-6.069685139023692,24.869682524095218,-1.5569662891920126,1,
233.400000000,-6.069385497761237,24.84801792948654,-1.5590143921985429,1,
233.500000000,-6.06914986452093,24.828019317610313,-1.5609049488199551,1,
233.600000000,-6.068952040187302,24.808020295995917,-1.562795505441368,1,
233.700000000,-6.068792025467419,24.788020936123925,-1.56468606206278,1,
233.800000000,-6.068669820933204,24.768021309476115,-1.566576618684193,1,
233.900000000,-6.068592459847423,24.749688139363624,-1.5680194833076555,1,
234.000000000,-6.068541551115582,24.731354876713127,-1.5694623479311183,1,
234.100000000,-6.06851487154622,24.71135489450812,-1.5710363820658044,1,
234.200000000,-6.0685196726515915,24.691354895084384,-1.5726104162004906,1,
234.300000000,-6.0685559544198036,24.67135492799358,-1.5741844503351767,1,
234.400000000,-6.068623716760964,24.65135504278728,-1.575758484469863,1,
234.500000000,-6.068714689278335,24.633021935164397,-1.5772013490933257,1,
234.600000000,-6.068832113884258,24.614688977885958,-1.5786442137167884,1,
234.700000000,-6.068989070011547,24.59468959377609,-1.5802182478514746,1,
234.800000000,-6.069177505644663,24.574690481495484,-1.5817922819861612,1,
234.900000000,-6.069397420316741,24.554691690593607,-1.5830505753297925,1,
235.000000000,-6.069642499153555,24.534693192240887,-1.5843088686734244,1,
235.100000000,-6.0698902215492785,24.516361532612645,-1.5854623042384197,1,
235.200000000,-6.070159088163708,24.498030170910504,-1.5866157398034146,1,
235.300000000,-6.070475463227814,24.478032673396594,-1.5878740331470458,1,
235.400000000,-6.070817000752833,24.458035589806254,-1.5891323264906774,1,
235.500000000,-6.071183700198008,24.438038951800905,-1.590390619834309,1,
235.600000000,-6.071575560982741,24.418042791041266,-1.5916489131779399,1,
235.700000000,-6.071992582486601,24.39804713918729,-1.5929072065215715,1,
235.800000000,-6.072434764049315,24.37805202789814,-1.5941654998652028,1,
235.900000000,-6.072902104970776,24.358057488832106,-1.595108675921673,1,
236.000000000,-6.07338830405208,24.338063399444156,-1.5960518519781433,1,
236.100000000,-6.073851272793327,24.319735912680944,-1.5969164300299077,1,
236.200000000,-6.074330086902366,24.301408833040146,-1.5977810080816723,1,
236.300000000,-6.074824746021285,24.283082174221168,-1.598645586133437,1,
236.400000000,-6.07533524978033,24.2647559499231,-1.5995101641852008,1,
236.500000000,-6.075861597797901,24.246430173844704,-1.6003747422369652,1,
236.600000000,-6.076403789680556,24.22810485968441,-1.6012393202887298,1,
236.700000000,-6.077063285994363,24.2064482323141,-1.6022610943499058,1,
236.800000000,-6.077744910140156,24.184792290104895,-1.6032828684110823,1,
236.900000000,-6.078394526693522,24.16480284293061,-1.6042260444675525,1,
237.000000000,-6.079062996523106,24.144814017350125,-1.6051692205240227,1,
237.100000000,-6.079750319034251,24.124825831145127,-1.5920316760950106,1,
237.200000000,-6.080174994101408,24.104830340376274,-1.5788941316659986,1,
237.300000000,-6.080567155870831,24.056403241465148,-1.5273228184105438,1,
237.400000000,-6.0784624540599115,24.0080203113132,-1.47575150515509,1,
237.500000000,-6.073866485093803,23.959810200661344,-1.424180191899636,1,
237.600000000,-6.0667914697043,23.911901100721565,-1.372608878644182,1,
237.700000000,-6.057256220434772,23.864420402315062,-1.321037565388728,1,
237.800000000,-6.0452860916174105,23.817494357138667,-1.2694662521332742,1,
237.900000000,-6.027615769045118,23.76063897610601,-1.2290042622795463,1,
238.000000000,-6.007660054996141,23.704544911099333,-1.1885422724258186,1,
238.100000000,-5.9851470539655445,23.64854642248429,-1.1488967746818457,1,
238.200000000,-5.960432236773266,23.59348424169089,-1.1092512769378724,1,
238.300000000,-5.933554444228307,23.5394449022197,-1.069605779193899,1,
238.400000000,-5.904555916384417,23.486513330115145,-1.0299602814499256,1,
238.500000000,-5.873482226157331,23.434772710499182,-0.9903147837059524,1,
238.600000000,-5.8403822077042165,23.38430435684091,-0.950669285961979,1,
238.700000000,-5.805307879677877,23.335187583167617,-0.9110237882180053,1,
238.800000000,-5.768314363476345,23.28749957941804,-0.8713782904740319,1,
238.900000000,-5.720031428391557,23.23010830674006,-0.8531092553688642,1,
239.000000000,-5.670708125628947,23.173608644753568,-0.8348402202636961,1,
239.100000000,-5.620360916759966,23.118019450128145,-0.8176840814004608,1,
239.200000000,-5.56906746797537,23.063302157507056,-0.800527942537226,1,
239.300000000,-5.516842876264683,23.00947287160568,-0.783371803673991,1,
239.400000000,-5.463702512676892,22.95654743577604,-0.7662156648107559,1,
239.500000000,-5.40966201779635,22.904541427343688,-0.749059525947521,1,
239.600000000,-5.354737297139347,22.85347015302289,-0.7319033870842861,1,
239.700000000,-5.2989445164727025,22.80334864441148,-0.7147472482210511,1,
239.800000000,-5.242300097055764,22.754191653566657,-0.6975911093578158,1,
239.900000000,-5.205257825917803,22.723143605962132,-0.6991100455481745,1,
240.000000000,-5.168262757496202,22.692039329349548,-0.7006289817385334,1,
240.100000000,-5.133863099927609,22.66302789093013,-0.7020431637088671,1,
240.200000000,-5.099504504196602,22.63396783416155,-0.7034573456792009,1,
240.300000000,-5.067729073475018,22.607015411013176,-0.70476677342951,1,
240.400000000,-5.035988962235246,22.58002140335225,-0.7060762011798192,1,
240.500000000,-5.006820603885814,22.555148701133884,-0.7072808747101038,1,
240.600000000,-4.97768223018024,22.530240878622898,-0.708485548240388,1,
240.700000000,-4.949839463699809,22.506382446168928,-0.7107924193703792,1,
240.800000000,-4.922051809584355,22.48245984758089,-0.7130992905003697,1,
240.900000000,-4.896840542425945,22.460653813567838,-0.7157226807248472,1,
241.000000000,-4.871686567692525,22.43878171567528,-0.7183460709493245,1,
241.100000000,-4.847844883957807,22.41794060499299,-0.720838291662578,1,
241.200000000,-4.824055214859316,22.397040140357912,-0.7233305123758313,1,
241.300000000,-4.802816393074388,22.378286734614797,-0.7255603940666371,1,
241.400000000,-4.781619441934555,22.359486015475536,-0.7277902757574428,1,
241.500000000,-4.76170887713865,22.3417467787214,-0.7298889879370244,1,
241.600000000,-4.741835585716597,22.323965794520145,-0.7319877001166065,1,
241.700000000,-4.723239400859274,22.307257057022888,-0.7339552427849645,1,
241.800000000,-4.704676127129689,22.290511763103684,-0.7359227854533221,1,
241.900000000,-4.687381189106364,22.274848763288393,-0.7373907943542257,1,
242.000000000,-4.670109263133649,22.259160391236534,-0.7388588032551291,1,
242.100000000,-4.652860386433406,22.24344668075733,-0.7403268121560328,1,
242.200000000,-4.63563459617782,22.227707665714608,-0.7417948210569362,1,
242.300000000,-4.618431929489327,22.211943380026728,-0.7432628299578391,1,
242.400000000,-4.601252423440529,22.196153857666513,-0.7447308388587427,1,
242.500000000,-4.585321565653147,22.181468755875834,-0.7460939899810103,1,
242.600000000,-4.569410740673757,22.166761951568994,-0.7474571411032773,1,
242.700000000,-4.553519978067549,22.152033472073892,-0.7488202922255448,1,
242.800000000,-4.537649307362431,22.13728334475871,-0.750183443347812,1,
242.900000000,-4.521798758048975,22.122511597031846,-0.7515465944700797,1,
243.000000000,-4.5059683595803675,22.107718256341876,-0.7529097455923466,1,
243.100000000,-4.466034381445848,22.070298270668744,-0.7981833539935422,1,
243.200000000,-4.427834881742567,22.031109290587032,-0.8434569623947376,1,
243.300000000,-4.414251233685057,22.0158491209384,-0.9230268798629595,1,
243.400000000,-4.40192353404022,21.99955752513805,-1.0025967973311813,1,
243.500000000,-4.40109126905554,21.99825391583084,-1.1010501680185878,1,
243.600000000,-4.400391171902038,21.996874812424192,-1.1995035387059945,1,
243.700000000,-4.399830023188041,21.995433571864343,-1.297956909393401,1,
243.800000000,-4.399413257773015,21.99394415291072,-1.3964102800808078,1,
243.900000000,-4.395158304494241,21.9697923706004,-1.4718865524650944,1,
244.000000000,-4.392736621253938,21.94538850479079,-1.5473628248493807,1,
244.100000000,-4.392161997028986,21.920871510212137,-1.6228390972336664,1,
244.200000000,-4.39343770370896,21.896380985745797,-1.6983153696179538,1,
244.300000000,-4.396556477466114,21.87205637955327,-1.7737916420022395,1,
244.400000000,-4.401500560115353,21.848036195063404,-1.8492679143865258,1,
244.500000000,-4.408241800228694,21.824457202338863,-1.9247441867708126,1,
244.600000000,-4.4167418134284855,21.80145365931234,-2.0002204591550994,1,
244.700000000,-4.426952200946662,21.77915654732674,-2.0756967315393844,1,
244.800000000,-4.438814825205584,21.757692825332143,-2.151173003923671,1,
244.900000000,-4.470574192015808,21.709257518963323,-2.193253781870646,1,
245.000000000,-4.504343037249696,21.662201155155678,-2.2353345598176206,1,
245.100000000,-4.546829316225227,21.60796813761113,-2.2664411342011386,1,
245.200000000,-4.590981772938135,21.55508274587212,-2.2975477085846565,1,
245.300000000,-4.636757688078573,21.50359614872073,-2.3286542829681744,1,
245.400000000,-4.684112771574186,21.453558161548013,-2.3597608573516924,1,
245.500000000,-4.733001205442571,21.40501719815553,-2.3908674317352103,1,
245.600000000,-4.783375688122052,21.358020223913048,-2.4219740061187283,1,
245.700000000,-4.835187480237876,21.312612710317605,-2.453080580502246,1,
245.800000000,-4.888386451759554,21.268838590997973,-2.484187154885764,1,
245.900000000,-4.947754974506287,21.223008704385954,-2.482640525747194,1,
246.000000000,-5.007052544436657,21.177087051537296,-2.4810938966086242,1,
246.100000000,-5.066279019707247,21.1310737422994,-2.4780470219028765,1,
246.200000000,-5.125365023494046,21.08488019127216,-2.475000147197129,1,
246.300000000,-5.184310007275784,21.03850682729055,-2.4720670290364364,1,
246.400000000,-5.243118719139454,20.991960770433543,-2.469133910875744,1,
246.500000000,-5.301790653143357,20.94524242114505,-2.466410301155101,1,
246.600000000,-5.360335127138788,20.898364445883757,-2.463686691434458,1,
246.700000000,-5.418751706840185,20.851327192392613,-2.45374424497271,1,
246.800000000,-5.4766977415908205,20.803711469604043,-2.443801798510962,1,
246.900000000,-5.534167503342451,20.755521984400207,-2.4338593520492138,1,
247.000000000,-5.5911553111271,20.7067635003805,-2.4239169055874656,1,
247.100000000,-5.647655531618626,20.657440837390663,-2.4139744591257175,1,
247.200000000,-5.703662579689588,20.607558871046333,-2.4040320126639694,1,
247.300000000,-5.7591709189633455,20.557122532251082,-2.3940895662022212,1,
247.400000000,-5.814175062361332,20.506136806708987,-2.384147119740473,1,
247.500000000,-5.868669572645462,20.454606734431792,-2.374204673278725,1,
247.600000000,-5.922649062955613,20.402537409240693,-2.364262226816977,1,
247.700000000,-5.976108197342121,20.349933978262808,-2.3543197803552287,1,
247.800000000,-6.029041691293248,20.296801641422366,-2.3443773338934806,1,
247.900000000,-6.081444312257562,20.243145650926706,-2.3428307047549106,1,
248.000000000,-6.133763884661463,20.189408677217045,-2.3412840756163407,1,
248.100000000,-6.186000283353331,20.135590848835513,-2.3397374464777707,1,
248.200000000,-6.238153383380502,20.081692294517648,-2.3381908173392008,1,
248.300000000,-6.290223059989569,20.02771314319209,-2.336644188200631,1,
248.400000000,-6.342209188626677,19.97365352398028,-2.335097559062061,1,
248.500000000,-6.394111644937825,19.91951356619613,-2.333550929923491,1,
248.600000000,-6.445930304769159,19.865293399345738,-2.332004300784921,1,
248.700000000,-6.497665044167273,19.810993153127058,-2.330457671646351,1,
248.800000000,-6.549315739379504,19.756612957429606,-2.328911042507781,1,
248.900000000,-6.600882266854227,19.702152942334138,-2.327364413369211,1,
249.000000000,-6.652364503241151,19.647613238112342,-2.325817784230641,1,
249.100000000,-6.703762325391616,19.592993975226534,-2.328864658936389,1,
249.200000000,-6.755326326760871,19.538531568349942,-2.3319115336421365,1,
249.300000000,-6.807056028657691,19.48422652308096,-2.3349494060228535,1,
249.400000000,-6.858950463399967,19.43007887638436,-2.3379872784035705,1,
249.500000000,-6.911009152071529,19.37608912797045,-2.341034153109318,1,
249.600000000,-6.96323209884557,19.322258246218098,-2.344081027815066,1,
249.700000000,-7.015618818913586,19.268586730862975,-2.346857014645721,1,
249.800000000,-7.068154328361454,19.21506084696506,-2.349633001476376,1,
249.900000000,-7.1208382223453945,19.16168100700006,-2.3511796306149466,1,
250.000000000,-7.173604612100773,19.108382713292066,-2.352726259753517,1,
250.100000000,-7.226453371407154,19.05516609333386,-2.3542728888920874,1,
250.200000000,-7.279384373847072,19.002031274422855,-2.355819518030658,1,
250.300000000,-7.332397492806328,18.948978383660787,-2.357366147169228,1,
250.400000000,-7.385492601474296,18.896007547953424,-2.3589127763077986,1,
250.500000000,-7.438669572844227,18.843118894010242,-2.360378973469665,1,
250.600000000,-7.491924032222516,18.790308264811888,-2.3618451706315318,1,
250.700000000,-7.545255865126256,18.737575773887148,-2.3618451706315318,1,
250.800000000,-7.598587698029996,18.684843282962408,-2.3618451706315318,1,
250.900000000,-7.651919530933736,18.63211079203767,-2.3618451706315318,1,
251.000000000,-7.705251363837475,18.57937830111293,-2.3618451706315318,1,
251.100000000,-7.758583196741215,18.52664581018819,-2.3618451706315318,1,
251.200000000,-7.811915029644955,18.47391331926345,-2.3618451706315318,1,
251.300000000,-7.865246862548695,18.42118082833871,-2.3618451706315318,1,
251.400000000,-7.918578695452434,18.36844833741397,-2.3618451706315318,1,
251.500000000,-7.971910528356174,18.31571584648923,-2.3618451706315318,1,
251.600000000,-8.025242361259913,18.26298335556449,-2.3618451706315318,1,
251.700000000,-8.078574194163652,18.21025086463975,-2.3618451706315318,1,
251.800000000,-8.13190602706739,18.15751837371501,-2.3618451706315318,1,
251.900000000,-8.18523785997113,18.10478588279027,-2.3618451706315318,1,
252.000000000,-8.238569692874869,18.05205339186553,-2.3618451706315318,1,
252.100000000,-8.291901525778608,17.99932090094079,-2.3618451706315318,1,
252.200000000,-8.345233358682346,17.94658841001605,-2.3618451706315318,1,
252.300000000,-8.398565191586085,17.893855919091312,-2.3618451706315318,1,
252.400000000,-8.451897024489824,17.841123428166572,-2.3618451706315318,1,
252.500000000,-8.505228857393563,17.788390937241832,-2.3618451706315318,1,
252.600000000,-8.558560690297302,17.735658446317093,-2.3618451706315318,1,
252.700000000,-8.61189252320104,17.682925955392353,-2.3618451706315318,1,
252.800000000,-8.66522435610478,17.630193464467613,-2.3618451706315318,1,
252.900000000,-8.718556189008519,17.577460973542873,-2.3618451706315318,1,
253.000000000,-8.771888021912257,17.524728482618134,-2.3618451706315318,1,
253.100000000,-8.825219854815996,17.471995991693394,-2.3618451706315318,1,
253.200000000,-8.878551687719735,17.419263500768654,-2.3618451706315318,1,
253.300000000,-8.931883520623474,17.366531009843914,-2.3618451706315318,1,
253.400000000,-8.985215353527213,17.313798518919175,-2.3618451706315318,1,
253.500000000,-9.038547186430952,17.261066027994435,-2.3618451706315318,1,
253.600000000,-9.09187901933469,17.208333537069695,-2.3618451706315318,1,
253.700000000,-9.14521085223843,17.155601046144955,-2.3618451706315318,1,
253.800000000,-9.198542685142169,17.102868555220216,-2.3618451706315318,1,
253.900000000,-9.251874518045907,17.050136064295476,-2.3618451706315318,1,
254.000000000,-9.305206350949646,16.997403573370736,-2.3618451706315318,1,
254.100000000,-9.358538183853385,16.944671082445996,-2.3618451706315318,1,
254.200000000,-9.411870016757124,16.891938591521257,-2.3618451706315318,1,
254.300000000,-9.465201849660863,16.839206100596517,-2.3630757289638127,1,
254.400000000,-9.51859853257482,16.78653927751228,-2.3643062872960936,1,
254.500000000,-9.567307855569188,16.738613853175348,-2.365379753075317,1,
254.600000000,-9.616068596792081,16.69074074423266,-2.3664532188545406,1,
254.700000000,-9.664880700055098,16.642920005849767,-2.367526684633764,1,
254.800000000,-9.713744109110655,16.595151693131882,-2.3686001504129877,1,
254.900000000,-9.754307484486441,16.555582466588593,-2.369490341546978,1,
255.000000000,-9.794906067960198,16.51604936487578,-2.3703805326809686,1,
255.100000000,-9.834344716789396,16.477714094190322,-2.371244541722783,1,
255.200000000,-9.87381647291426,16.439412913158673,-2.3721085507645974,1,
255.300000000,-9.92768670103391,16.387230554814717,-2.3733391090968783,1,
255.400000000,-9.981621101786077,16.33511452642129,-2.374569667429159,1,
255.500000000,-10.035619593499325,16.283064906896318,-2.375826407853616,1,
255.600000000,-10.089683455413779,16.231083190544364,-2.377083148278073,1,
255.700000000,-10.140203992359352,16.182630374870442,-2.3781827961494733,1,
255.800000000,-10.19077777978445,16.134233143281424,-2.3792824440208733,1,
255.900000000,-10.237788543909002,16.089344524941964,-2.3803035456157446,1,
256.000000000,-10.284845119357518,16.04450393276191,-2.381324647210616,1,
256.100000000,-10.32711644807074,16.004305518034503,-2.3822410204367825,1,
256.200000000,-10.369424595781338,15.964145856493648,-2.383157393662949,1,
256.300000000,-10.410559671784899,15.925171292566743,-2.3840475847969396,1,
256.400000000,-10.451729426296593,15.886233362157462,-2.38493777593093,1,
256.500000000,-10.491721932562578,15.84847625100519,-2.3858017849727444,1,
256.600000000,-10.531747046382499,15.810753707828697,-2.386665794014559,1,
256.700000000,-10.570590868437913,15.774207819789524,-2.3875036209641967,1,
256.800000000,-10.609465295986354,15.737694488974252,-2.3883414479138345,1,
256.900000000,-10.628917798863059,15.719454114993907,-2.3934283866337105,1,
257.000000000,-10.648462837319117,15.701312930278947,-2.3985153253535865,1,
257.100000000,-10.666872588822812,15.684398999642568,-2.40328433040347,1,
257.200000000,-10.685362793291509,15.667573057211138,-2.4080533354533538,1,
257.300000000,-10.702695014402105,15.65195132376642,-2.412504406833245,1,
257.400000000,-10.720096597040728,15.63640689176922,-2.4169554782131364,1,
257.500000000,-10.736319296489555,15.622044842227545,-2.4210886159230354,1,
257.600000000,-10.752601217533337,15.607749965817849,-2.4252217536329344,1,
257.700000000,-10.767685092454466,15.594616926666008,-2.429036957672841,1,
257.800000000,-10.782818962699405,15.581541531015805,-2.4328521617127477,1,
257.900000000,-10.79800260798311,15.568523969189616,-2.43798728891398,1,
258.000000000,-10.81325289961649,15.555584548603791,-2.4431224161152123,1,
258.100000000,-10.827293057470644,15.543795355309017,-2.4478296160496753,1,
258.200000000,-10.841388553661032,15.532072382210954,-2.4525368159841383,1,
258.300000000,-10.856825486973374,15.519356207868396,-2.4576719431853706,1,
258.400000000,-10.872327515639594,15.50671947145302,-2.462807070386603,1,
258.500000000,-10.887894230879356,15.494162506188905,-2.4679421975878353,1,
258.600000000,-10.903525222206577,15.481685643196617,-2.4730773247890676,1,
258.700000000,-10.919220077440247,15.469289211484462,-2.478548705644153,1,
258.800000000,-10.93498252301458,15.456978837423689,-2.484020086499238,1,
258.900000000,-10.950812087066051,15.44475488953684,-2.4894914673543234,1,
259.000000000,-10.966708295721878,15.43261773375921,-2.4949628482094086,1,
259.100000000,-10.984000871230238,15.419563566733615,-2.5008901774690844,1,
259.200000000,-11.001370518860544,15.40661212721349,-2.50681750672876,1,
259.300000000,-11.017474619939476,15.394752197684209,-2.5122888875838454,1,
259.400000000,-11.033643369840368,15.382980556904673,-2.5177602684389306,1,
259.500000000,-11.051229027427944,15.370323973967048,-2.5236875976986064,1,
259.600000000,-11.068889395391022,15.357771848734519,-2.529614926958282,1,
259.700000000,-11.085259664198336,15.346282101166523,-2.5364624574644337,1,
259.800000000,-11.101708224999193,15.334904718006037,-2.543309987970585,1,
259.900000000,-11.163263538410318,15.292947468783181,-2.568815240696092,1,
260.000000000,-11.225868845715379,15.2525736794053,-2.5943204934215984,1,
260.100000000,-11.289483423247995,15.213809612322015,-2.619825746147105,1,
260.200000000,-11.35406589082901,15.176680482886521,-2.6453309988726117,1,
260.300000000,-11.419574238683584,15.141210442953431,-2.6708362515981183,1,
260.400000000,-11.485965854767814,15.10742256516842,-2.696341504323625,1,
260.500000000,-11.553197552487141,15.075338827959866,-2.7218467570491316,1,
260.600000000,-11.621225598788476,15.044980101242261,-2.7473520097746382,1,
260.700000000,-11.690005742607786,15.016366132840702,-2.772857262500145,1,
260.800000000,-11.759493243654656,14.98951553564526,-2.7983625152256515,1,
260.900000000,-11.829642901515061,14.964445775503636,-2.823867767951158,1,
261.000000000,-11.900409085053457,14.94117315985991,-2.8493730206766648,1,
261.100000000,-11.97222959554401,14.91956727471543,-2.858009423368971,1,
261.200000000,-12.044234022401795,14.898582458469352,-2.8666458260612773,1,
261.300000000,-12.116416995033504,14.878220276315911,-2.8752822287535835,1,
261.400000000,-12.188773129528633,14.858482247008938,-2.88391863144589,1,
261.500000000,-12.261297029061055,14.839369842748587,-2.892555034138196,1,
261.600000000,-12.333983284291557,14.820884489071522,-2.9011914368305023,1,
261.700000000,-12.406826473771304,14.803027564744594,-2.9098278395228085,1,
261.800000000,-12.479821164346205,14.785800401662,-2.918464242215115,1,
261.900000000,-12.546460511809633,14.77067949513848,-2.8997703576269065,1,
262.000000000,-12.612805563656861,14.754315554909029,-2.881076473038698,1,
262.100000000,-12.672391421204171,14.738431495033499,-2.863160650228502,1,
262.200000000,-12.731683155392329,14.721482511738365,-2.8452448274183055,1,
262.300000000,-12.787473704109518,14.704447475735682,-2.828297427462714,1,
262.400000000,-12.842967555346132,14.686469426544894,-2.811350027507123,1,
262.500000000,-12.893418952380426,14.669174890363418,-2.7958552618334394,1,
262.600000000,-12.943596329091573,14.651100728949066,-2.780360496159756,1,
262.700000000,-12.990369431893026,14.633429372059322,-2.765834153340678,1,
262.800000000,-13.036880908716194,14.615080461363373,-2.7513078105216,1,
262.900000000,-13.080038276036982,14.597326041527278,-2.73533023934058,1,
263.000000000,-13.122906474371174,14.57888436727145,-2.7193526681595603,1,
263.100000000,-13.190858591804579,14.548356067158156,-2.6938474154340537,1,
263.200000000,-13.258010060807772,14.516104748081197,-2.668342162708547,1,
263.300000000,-13.324766921660277,14.481921103905666,-2.6438184352058776,1,
263.400000000,-13.390665482940983,14.446110775491462,-2.619294707703208,1,
263.500000000,-13.45522822442162,14.408947355519734,-2.5937894549777014,1,
263.600000000,-13.518822207775628,14.370149512117544,-2.568284202252195,1,
263.700000000,-13.581406066220005,14.329742482608996,-2.542778949526688,1,
263.800000000,-13.642939090040484,14.28775255106584,-2.5172736968011815,1,
263.900000000,-13.703791195635215,14.243911688338384,-2.4990046616960133,1,
264.000000000,-13.76383226087651,14.198966494104845,-2.480735626590845,1,
264.100000000,-13.823042247157256,14.15293196875013,-2.462466591485677,1,
264.200000000,-13.88140139324158,14.105823476221621,-2.4441975563805087,1,
264.300000000,-13.938890221860131,14.057656738901487,-2.4259285212753405,1,
264.400000000,-13.995489546210587,14.008447832359359,-2.4076594861701723,1,
264.500000000,-14.051180476361216,13.958213179987139,-2.389390451065004,1,
264.600000000,-14.10594442555536,13.906969547517717,-2.371121415959836,1,
264.700000000,-14.15976311641474,13.85473403742944,-2.3528523808546677,1,
264.800000000,-14.212618587039493,13.80152408323818,-2.3345833457494995,1,
264.900000000,-14.264493197002931,13.747357443678935,-2.331536471043752,1,
265.000000000,-14.316202527470384,13.693033000353598,-2.328489596338004,1,
265.100000000,-14.367746098401476,13.638551257579788,-2.3254427216322564,1,
265.200000000,-14.419123431294645,13.583912721135404,-2.3223958469265087,1,
265.300000000,-14.470334049191594,13.529117898253924,-2.319348972220761,1,
265.400000000,-14.52137747668171,13.474167297619706,-2.3163020975150133,1,
265.500000000,-14.572253239906484,13.41906142936326,-2.3132552228092655,1,
265.600000000,-14.622960866563908,13.363800805056513,-2.310208348103518,1,
265.700000000,-14.673499885912857,13.308385937708062,-2.30716147339777,1,
265.800000000,-14.723869828777467,13.252817341758407,-2.3041145986920224,1,
265.900000000,-14.753990068041874,13.219384256548471,-2.3055287806623563,1,
266.000000000,-14.78415755763795,13.185993800255233,-2.3069429626326903,1,
266.100000000,-14.814372237233421,13.15264603965661,-2.308357144603024,1,
266.200000000,-14.844634046401637,13.119341041445132,-2.309771326573358,1,
266.300000000,-14.87269782253132,13.08854273661428,-2.311080754323667,1,
266.400000000,-14.9008019027454,13.057781205663566,-2.312390182073976,1,
266.500000000,-14.925568918523256,13.03074346585596,-2.313542478494248,1,
266.600000000,-14.95036707334235,13.003734282935836,-2.3146947749145204,1,
266.700000000,-14.972939128736595,12.9792064736902,-2.3157423171147675,1,
266.800000000,-14.995536865656742,12.95470232307854,-2.3167898593150147,1,
266.900000000,-15.017029089622863,12.93144588124476,-2.3177850244052496,1,
267.000000000,-15.03854444694175,12.908210839234505,-2.3187801894954845,1,
267.100000000,-15.060082916305594,12.884997220058674,-2.3197753545857194,1,
267.200000000,-15.0816444763837,12.861805046706957,-2.3207705196759543,1,
267.300000000,-15.099821006437423,12.842292874446617,-2.321608553436152,1,
267.400000000,-15.118013881965629,12.822795941582028,-2.3224465871963496,1,
267.500000000,-15.135085014677337,12.804531866791903,-2.323232243846535,1,
267.600000000,-15.152170491410754,12.786281209686148,-2.3240179004967203,1,
267.700000000,-15.168130314272494,12.7692597967405,-2.3247511800368934,1,
267.800000000,-15.184102614296185,12.752250091381569,-2.3254844595770665,1,
267.900000000,-15.198945613708013,12.736466244800177,-2.3261653620072273,1,
268.000000000,-15.21379935693769,12.720692508511291,-2.326846264437388,1,
268.100000000,-15.23095068020028,12.702503717722948,-2.3276319210875736,1,
268.200000000,-15.248116288312461,12.684328407597972,-2.328417577737759,1,
268.300000000,-15.26873214715189,12.662534225706633,-2.3293603657179816,1,
268.400000000,-15.289368544118808,12.6407594898822,-2.330303153698204,1,
268.500000000,-15.308877854384361,12.620212845612631,-2.3311935645684145,1,
268.600000000,-15.328405451869104,12.599683580787712,-2.332083975438625,1,
268.700000000,-15.346801564077891,12.580378292219219,-2.3329220091988225,1,
268.800000000,-15.365213848308557,12.561088426991066,-2.33376004295902,1,
268.900000000,-15.38709762475294,12.538200043336687,-2.3342575027103676,1,
269.000000000,-15.408992784538746,12.515322548811898,-2.334754962461715,1,
269.100000000,-15.427440395240994,12.496066464825548,-2.335173875936534,1,
269.200000000,-15.445896070957389,12.476818110481283,-2.3355927894113533,1,
269.300000000,-15.466667775635644,12.455172411491429,-2.3360640670705246,1,
269.400000000,-15.487449679141147,12.433536504145353,-2.336535344729696,1,
269.500000000,-15.508241776858183,12.411910393248448,-2.3370066223888672,1,
269.600000000,-15.529044064168772,12.39029408360393,-2.3374779000480386,1,
269.700000000,-15.549856536452673,12.368687580012837,-2.33794917770721,1,
269.800000000,-15.570679189087379,12.347090887274032,-2.338420455366381,1,
269.900000000,-15.59035463809475,12.32670328113363,-2.3388655509333764,1,
270.000000000,-15.610039159585984,12.306324434467568,-2.3393106465003717,1,
270.100000000,-15.629732749661379,12.285954351313096,-2.339755742067367,1,
270.200000000,-15.649435404419437,12.265593035705736,-2.340200837634362,1,
270.300000000,-15.672625657992882,12.241648866262832,-2.340724479477886,1,
270.400000000,-15.695828446555389,12.21771684348926,-2.34124812132141,1,
270.500000000,-15.719043763744736,12.193796973947201,-2.341771763164934,1,
270.600000000,-15.742271603195265,12.1698892641955,-2.342295405008458,1,
270.700000000,-15.765511958537886,12.145993720789672,-2.342819046851982,1,
270.800000000,-15.788764823400074,12.122110350281892,-2.3433426886955058,1,
270.900000000,-15.810866923005586,12.099432718774041,-2.343840148446853,1,
271.000000000,-15.832980301084802,12.076766084976686,-2.3443376081982006,1,
271.100000000,-15.853940496845377,12.055302856103136,-2.344808885857372,1,
271.200000000,-15.874910805418182,12.033849507684735,-2.3452801635165432,1,
271.300000000,-15.894725643438575,12.013597347997349,-2.3457252590835385,1,
271.400000000,-15.91454949364241,11.993354009812315,-2.3461703546505337,1,
271.500000000,-15.933215713369442,11.97430976259135,-2.346589268125353,1,
271.600000000,-15.951889909350166,11.955273336572146,-2.347008181600172,1,
271.700000000,-15.97290734942714,11.933866159910783,-2.3474794592593433,1,
271.800000000,-15.993934875893833,11.91246889067631,-2.3479507369185146,1,
271.900000000,-16.016141240090317,11.889893347118049,-2.3479507369185146,1,
272.000000000,-16.038347604286802,11.867317803559787,-2.3479507369185146,1,
272.100000000,-16.06522899252465,11.839989513989261,-2.3479507369185146,1,
272.200000000,-16.092110380762495,11.812661224418735,-2.3479507369185146,1,
272.300000000,-16.11665425697966,11.78770930785434,-2.3479507369185146,1,
272.400000000,-16.141198133196827,11.762757391289947,-2.3479507369185146,1,
272.500000000,-16.164573253403653,11.73899366122862,-2.3479507369185146,1,
272.600000000,-16.187948373610478,11.715229931167292,-2.3479507369185146,1,
272.700000000,-16.210154737806963,11.69265438760903,-2.3479507369185146,1,
272.800000000,-16.23236110200345,11.670078844050769,-2.3479507369185146,1,
272.900000000,-16.25222995417925,11.649879673498642,-2.3479507369185146,1,
273.000000000,-16.27209880635505,11.629680502946513,-2.3479507369185146,1,
273.100000000,-16.29079890252051,11.610669518897453,-2.3479507369185146,1,
273.200000000,-16.30949899868597,11.591658534848392,-2.3479507369185146,1,
273.300000000,-16.32703033884109,11.573835737302398,-2.3479507369185146,1,
273.400000000,-16.34456167899621,11.556012939756403,-2.3479507369185146,1,
273.500000000,-16.360924263140987,11.539378328713475,-2.3479507369185146,1,
273.600000000,-16.377286847285763,11.522743717670547,-2.3479507369185146,1,
273.700000000,-16.3924806754202,11.507297293130685,-2.3479507369185146,1,
273.800000000,-16.407674503554635,11.491850868590824,-2.3479507369185146,1,
273.900000000,-16.42169957567873,11.477592630554028,-2.3479507369185146,1,
274.000000000,-16.435724647802825,11.463334392517233,-2.3479507369185146,1,
274.100000000,-16.4520872319476,11.446699781474305,-2.3479507369185146,1,
274.200000000,-16.468449816092377,11.430065170431376,-2.3479507369185146,1,
274.300000000,-16.483643644226813,11.414618745891515,-2.3479507369185146,1,
274.400000000,-16.49883747236125,11.399172321351653,-2.3479507369185146,1,
274.500000000,-16.515200056506025,11.382537710308725,-2.3479507369185146,1,
274.600000000,-16.5315626406508,11.365903099265797,-2.3479507369185146,1,
274.700000000,-16.546756468785237,11.350456674725935,-2.3479507369185146,1,
274.800000000,-16.561950296919672,11.335010250186073,-2.3479507369185146,1,
274.900000000,-16.577144125054108,11.319563825646211,-2.3479507369185146,1,
275.000000000,-16.592337953188544,11.30411740110635,-2.3479507369185146,1,
275.100000000,-16.60636302531264,11.289859163069554,-2.3479507369185146,1,
275.200000000,-16.620388097436734,11.275600925032759,-2.3479507369185146,1,
275.300000000,-16.639088193602195,11.256589940983698,-2.3479507369185146,1,
275.400000000,-16.657788289767655,11.237578956934637,-2.3479507369185146,1,
275.500000000,-16.67415087391243,11.22094434589171,-2.3479507369185146,1,
275.600000000,-16.690513458057207,11.204309734848781,-2.3479507369185146,1,
275.700000000,-16.708044798212327,11.186486937302787,-2.3479507369185146,1,
275.800000000,-16.725576138367447,11.168664139756793,-2.3479507369185146,1,
275.900000000,-16.741938722512224,11.152029528713864,-2.3479507369185146,1,
276.000000000,-16.758301306657,11.135394917670936,-2.3479507369185146,1,
276.100000000,-16.773495134791435,11.119948493131075,-2.3479507369185146,1,
276.200000000,-16.78868896292587,11.104502068591213,-2.3479507369185146,1,
276.300000000,-16.80622030308099,11.086679271045218,-2.3479507369185146,1,
276.400000000,-16.82375164323611,11.068856473499224,-2.3479507369185146,1,
276.500000000,-16.840114227380887,11.052221862456296,-2.3479507369185146,1,
276.600000000,-16.856476811525663,11.035587251413368,-2.3479507369185146,1,
276.700000000,-16.8716706396601,11.020140826873506,-2.3479507369185146,1,
276.800000000,-16.886864467794535,11.004694402333644,-2.3479507369185146,1,
276.900000000,-16.907902075980676,10.98330704527845,-2.3479507369185146,1,
277.000000000,-16.928939684166817,10.961919688223254,-2.3479507369185146,1,
277.100000000,-16.947639780332278,10.942908704174194,-2.3479507369185146,1,
277.200000000,-16.966339876497738,10.923897720125133,-2.3479507369185146,1,
277.300000000,-16.98620872867354,10.903698549573004,-2.3479507369185146,1,
277.400000000,-17.00607758084934,10.883499379020876,-2.3479507369185146,1,
277.500000000,-17.02594643302514,10.863300208468747,-2.3479507369185146,1,
277.600000000,-17.04581528520094,10.843101037916618,-2.3479507369185146,1,
277.700000000,-17.069190405407767,10.81933730785529,-2.3479507369185146,1,
277.800000000,-17.092565525614592,10.795573577793963,-2.3479507369185146,1,
277.900000000,-17.115940645821418,10.771809847732635,-2.3479507369185146,1,
278.000000000,-17.139315766028243,10.748046117671308,-2.3479507369185146,1,
278.100000000,-17.16502839825575,10.721906014603848,-2.3479507369185146,1,
278.200000000,-17.190741030483256,10.695765911536387,-2.3479507369185146,1,
278.300000000,-17.216453662710762,10.669625808468927,-2.3479507369185146,1,
278.400000000,-17.24216629493827,10.643485705401467,-2.3479507369185146,1,
278.500000000,-17.264372659134754,10.620910161843206,-2.3479507369185146,1,
278.600000000,-17.28657902333124,10.598334618284944,-2.3479507369185146,1,
278.700000000,-17.308785387527724,10.575759074726683,-2.3479507369185146,1,
278.800000000,-17.33099175172421,10.553183531168422,-2.3479507369185146,1,
278.900000000,-17.353198115920694,10.53060798761016,-2.3479507369185146,1,
279.000000000,-17.37540448011718,10.5080324440519,-2.3479507369185146,1,
279.100000000,-17.416020543450436,10.466741141304995,-2.30586995897154,1,
279.200000000,-17.4548635934177,10.423777741154769,-2.263789181024565,1,
279.300000000,-17.470530394223108,10.404910717841767,-2.1883129086402793,1,
279.400000000,-17.48472993097502,10.384916059250013,-2.1128366362559934,1,
279.500000000,-17.485527813700976,10.38359112703054,-2.014383265568587,1,
279.600000000,-17.486191599173186,10.38219418355371,-1.9159298948811803,1,
279.700000000,-17.486191599173186,10.38219418355371,-1.8159298948811806,1,
279.800000000,-17.486191599173186,10.38219418355371,-1.7159298948811805,1,
279.900000000,-17.48988028603078,10.35695707770666,-1.6414351477179705,1,
280.000000000,-17.49168044905804,10.331515432018069,-1.5669404005547605,1,
280.100000000,-17.491578376056626,10.305043842786406,-1.493412186579649,1,
280.200000000,-17.489531923546654,10.278651277782755,-1.4198839726045378,1,
280.300000000,-17.485552150481624,10.252480361449956,-1.3463557586294266,1,
280.400000000,-17.479660563407638,10.22667252044965,-1.2728275446543158,1,
280.500000000,-17.471889000242825,10.201367219397838,-1.1992993306792044,1,
280.600000000,-17.46227945822642,10.176701207203273,-1.1257711167040931,1,
280.700000000,-17.450883866967228,10.15280777808142,-1.0522429027289821,1,
280.800000000,-17.43776380781795,10.129816051237468,-0.9787146887538708,1,
280.900000000,-17.40453626748162,10.080412557278283,-0.9382526989001432,1,
281.000000000,-17.369337504769774,10.032393584405753,-0.8977907090464156,1,
281.100000000,-17.326393542509017,9.97852225438207,-0.8666841346628974,1,
281.200000000,-17.28179487296998,9.926012609853457,-0.8355775602793793,1,
281.300000000,-17.235584647191686,9.874915456051184,-0.8044709858958616,1,
281.400000000,-17.18780757545982,9.82528023156391,-0.7733644115123437,1,
281.500000000,-17.138509884047686,9.777154960503816,-0.7422578371288258,1,
281.600000000,-17.087739270490385,9.73058620604131,-0.7111512627453078,1,
281.700000000,-17.03554485743552,9.685619025353258,-0.6800446883617899,1,
281.800000000,-16.981977145115007,9.642296926028314,-0.6489381139782722,1,
281.900000000,-16.922222695971485,9.596971372445879,-0.6543907184673414,1,
282.000000000,-16.862716276194718,9.551320676883257,-0.659843322956411,1,
282.100000000,-16.803459654959482,9.505346196573157,-0.6664017985176042,1,
282.200000000,-16.744505828483994,9.458984074707372,-0.6729602740787973,1,
282.300000000,-16.68585733257557,9.412236305480599,-0.679125241106319,1,
282.400000000,-16.627498147815295,9.365127860864837,-0.6852902081338407,1,
282.500000000,-16.572011276935186,9.319770190388441,-0.6909304971164669,1,
282.600000000,-16.516781117663378,9.274100281061601,-0.6965707860990932,1,
282.700000000,-16.465644661255144,9.231327541256286,-0.7018175665480476,1,
282.800000000,-16.414733326850808,9.188287089659976,-0.7070643469970022,1,
282.900000000,-16.36658275651429,9.147145460044959,-0.7130511096314751,1,
283.000000000,-16.318679352764946,9.105716303399687,-0.7190378722659484,1,
283.100000000,-16.274787031485968,9.067294409764408,-0.7245519957450683,1,
283.200000000,-16.231107239482725,9.02863107379438,-0.7300661192241881,1,
283.300000000,-16.190125072553002,8.991950534079916,-0.7352651499330726,1,
283.400000000,-16.149334161887666,8.955057423515848,-0.7404641806419572,1,
283.500000000,-16.111196128351924,8.92020150805705,-0.7453481185806063,1,
283.600000000,-16.073228783116804,8.885159745255477,-0.7502320565192554,1,
283.700000000,-16.03787146737808,8.85220566607151,-0.754800901687669,1,
283.800000000,-16.00266508223078,8.819090389295207,-0.7593697468560824,1,
283.900000000,-15.971236712892201,8.789256928575814,-0.7607315517164039,1,
284.000000000,-15.93984900003502,8.75938069622679,-0.7620933565767255,1,
284.100000000,-15.910913309419431,8.731763205236497,-0.7633504072170221,1,
284.200000000,-15.882012358241175,8.704109362447618,-0.764607457857319,1,
284.300000000,-15.855551706008205,8.67872672413222,-0.765759754277591,1,
284.400000000,-15.829120319659085,8.65331361216009,-0.766912050697863,1,
284.500000000,-15.803918329078607,8.629026585360139,-0.7680119700081227,1,
284.600000000,-15.778743067507476,8.604711853101174,-0.7691118893183824,1,
284.700000000,-15.755989660841779,8.582687769399843,-0.7701070544086174,1,
284.800000000,-15.733258183038666,8.560641053212066,-0.7711022194988522,1,
284.900000000,-15.711743894843405,8.53973326988979,-0.7720450074790747,1,
285.000000000,-15.690249327813511,8.518805212450138,-0.7729877954592973,1,
285.100000000,-15.671160592916534,8.500184489823344,-0.7734067089341163,1,
285.200000000,-15.652079660165874,8.481555772302379,-0.7738256224089354,1,
285.300000000,-15.634198603363508,8.464083857477995,-0.7742183537915781,1,
285.400000000,-15.6163244097092,8.446604921549046,-0.774611085174221,1,
285.500000000,-15.599648237143121,8.430284697500621,-0.7749776344646877,1,
285.600000000,-15.582978047863746,8.41395836190949,-0.7753441837551545,1,
285.700000000,-15.567504144378915,8.398792520179253,-0.7756845509534447,1,
285.800000000,-15.55203540374537,8.383621412518421,-0.7760249181517354,1,
285.900000000,-15.53776133360056,8.369612453902555,-0.7763391032578494,1,
286.000000000,-15.523491665566342,8.355599011277947,-0.7766532883639637,1,
286.100000000,-15.509226401051304,8.341581086027897,-0.7769674734700778,1,
286.200000000,-15.494965541463603,8.327558679536146,-0.7772816585761919,1,
286.300000000,-15.478333012668857,8.311193978795334,-0.7776482078666588,1,
286.400000000,-15.461706483460782,8.294823182512397,-0.7780147571571254,1,
286.500000000,-15.44508595607329,8.278446292886889,-0.7783813064475921,1,
286.600000000,-15.42847143273949,8.262063312119182,-0.7787478557380586,1,
286.700000000,-15.413049238337955,8.246844890246804,-0.7787478557380586,1,
286.800000000,-15.397627043936419,8.231626468374426,-0.7787478557380586,1,
286.900000000,-15.383391172181154,8.217578694338386,-0.7787478557380586,1,
287.000000000,-15.36915530042589,8.203530920302345,-0.7787478557380586,1,
287.100000000,-15.356105751316898,8.19065379410264,-0.7787478557380586,1,
287.200000000,-15.343056202207906,8.177776667902936,-0.7787478557380586,1,
287.300000000,-15.328820330452642,8.163728893866896,-0.7787478557380586,1,
287.400000000,-15.314584458697377,8.149681119830856,-0.7787478557380586,1,
287.500000000,-15.301534909588385,8.136803993631151,-0.7787478557380586,1,
287.600000000,-15.288485360479394,8.123926867431447,-0.7787478557380586,1,
287.700000000,-15.273063166077858,8.108708445559069,-0.7787478557380586,1,
287.800000000,-15.257640971676322,8.093490023686691,-0.7787478557380586,1,
287.900000000,-15.243405099921057,8.07944224965065,-0.7787478557380586,1,
288.000000000,-15.229169228165793,8.06539447561461,-0.7787478557380586,1,
288.100000000,-15.213747033764257,8.050176053742232,-0.7787478557380586,1,
288.200000000,-15.198324839362721,8.034957631869855,-0.7787478557380586,1,
288.300000000,-15.184088967607456,8.020909857833814,-0.7787478557380586,1,
288.400000000,-15.169853095852192,8.006862083797774,-0.7787478557380586,1,
288.500000000,-15.155617224096927,7.992814309761733,-0.7787478557380586,1,
288.600000000,-15.141381352341662,7.978766535725692,-0.7787478557380586,1,
288.700000000,-15.127145480586398,7.96471876168965,-0.7787478557380586,1,
288.800000000,-15.112909608831133,7.950670987653609,-0.7787478557380586,1,
288.900000000,-15.098673737075869,7.936623213617568,-0.7787478557380586,1,
289.000000000,-15.084437865320604,7.922575439581527,-0.7787478557380586,1,
289.100000000,-15.069015670919068,7.907357017709149,-0.7787478557380586,1,
289.200000000,-15.053593476517532,7.892138595836771,-0.7787478557380586,1,
289.300000000,-15.039357604762268,7.87809082180073,-0.7787478557380586,1,
289.400000000,-15.025121733007003,7.864043047764689,-0.7787478557380586,1,
289.500000000,-15.012072183898011,7.851165921564984,-0.7787478557380586,1,
289.600000000,-14.99902263478902,7.83828879536528,-0.7787478557380586,1,
289.700000000,-14.983600440387484,7.823070373492902,-0.7787478557380586,1,
289.800000000,-14.968178245985948,7.807851951620524,-0.7787478557380586,1,
289.900000000,-14.953942374230683,7.793804177584483,-0.7787478557380586,1,
290.000000000,-14.939706502475419,7.779756403548442,-0.7787478557380586,1,
290.100000000,-14.924284308073883,7.764537981676064,-0.7787478557380586,1,
290.200000000,-14.908862113672347,7.749319559803686,-0.7787478557380586,1,
290.300000000,-14.893439919270811,7.734101137931308,-0.7787478557380586,1,
290.400000000,-14.878017724869276,7.71888271605893,-0.7787478557380586,1,
290.500000000,-14.863781853114011,7.704834942022889,-0.7787478557380586,1,
290.600000000,-14.849545981358746,7.690787167986848,-0.7787478557380586,1,
290.700000000,-14.836496432249755,7.677910041787143,-0.7787478557380586,1,
290.800000000,-14.823446883140763,7.665032915587439,-0.7787478557380586,1,
290.900000000,-14.809211011385498,7.650985141551398,-0.7787478557380586,1,
291.000000000,-14.794975139630234,7.6369373675153565,-0.7787478557380586,1,
291.100000000,-14.781925590521242,7.624060241315652,-0.7787478557380586,1,
291.200000000,-14.76887604141225,7.6111831151159475,-0.7787478557380586,1,
291.300000000,-14.754640169656986,7.597135341079906,-0.7787478557380586,1,
291.400000000,-14.740404297901721,7.583087567043865,-0.7787478557380586,1,
291.500000000,-14.726168426146456,7.569039793007824,-0.7787478557380586,1,
291.600000000,-14.711932554391192,7.554992018971783,-0.7787478557380586,1,
291.700000000,-14.696510359989656,7.539773597099405,-0.7787478557380586,1,
291.800000000,-14.68108816558812,7.524555175227027,-0.7787478557380586,1,
291.900000000,-14.666852293832855,7.510507401190986,-0.7787478557380586,1,
292.000000000,-14.65261642207759,7.496459627154945,-0.7787478557380586,1,
292.100000000,-14.639566872968599,7.48358250095524,-0.7787478557380586,1,
292.200000000,-14.626517323859607,7.470705374755536,-0.7787478557380586,1,
292.300000000,-14.612281452104343,7.4566576007194945,-0.7787478557380586,1,
292.400000000,-14.598045580349078,7.442609826683453,-0.7787478557380586,1,
292.500000000,-14.584996031240086,7.429732700483749,-0.7787478557380586,1,
292.600000000,-14.571946482131095,7.416855574284044,-0.7787478557380586,1,
292.700000000,-14.556524287729559,7.401637152411666,-0.7787478557380586,1,
292.800000000,-14.541102093328023,7.3864187305392885,-0.7787478557380586,1,
292.900000000,-14.526866221572758,7.372370956503247,-0.7787478557380586,1,
293.000000000,-14.512630349817494,7.358323182467206,-0.7787478557380586,1,
293.100000000,-14.497208155415958,7.343104760594828,-0.7787478557380586,1,
293.200000000,-14.481785961014422,7.32788633872245,-0.7787478557380586,1,
293.300000000,-14.467550089259158,7.313838564686409,-0.7787478557380586,1,
293.400000000,-14.453314217503893,7.299790790650368,-0.7787478557380586,1,
293.500000000,-14.439078345748628,7.285743016614327,-0.7787478557380586,1,
293.600000000,-14.424842473993364,7.271695242578286,-0.7787478557380586,1,
293.700000000,-14.411792924884372,7.258818116378581,-0.7787478557380586,1,
293.800000000,-14.39874337577538,7.245940990178877,-0.7787478557380586,1,
293.900000000,-14.384507504020116,7.2318932161428355,-0.7787478557380586,1,
294.000000000,-14.370271632264851,7.217845442106794,-0.7787478557380586,1,
294.100000000,-14.35722208315586,7.20496831590709,-0.7787478557380586,1,
294.200000000,-14.344172534046868,7.192091189707385,-0.7787478557380586,1,
294.300000000,-14.329936662291603,7.178043415671344,-0.7787478557380586,1,
294.400000000,-14.315700790536338,7.163995641635303,-0.7787478557380586,1,
294.500000000,-14.302651241427347,7.1511185154355985,-0.7787478557380586,1,
294.600000000,-14.289601692318355,7.138241389235894,-0.7787478557380586,1,
294.700000000,-14.274179497916819,7.123022967363516,-0.7787478557380586,1,
294.800000000,-14.258757303515283,7.107804545491138,-0.7787478557380586,1,
294.900000000,-14.23977614117493,7.08907418010975,-0.7787478557380586,1,
295.000000000,-14.220794978834578,7.070343814728362,-0.7787478557380586,1,
295.100000000,-14.206559107079313,7.056296040692321,-0.7787478557380586,1,
295.200000000,-14.192323235324048,7.04224826665628,-0.7787478557380586,1,
295.300000000,-14.17571471827624,7.025859196947565,-0.7787478557380586,1,
295.400000000,-14.15910620122843,7.009470127238851,-0.7787478557380586,1,
295.500000000,-14.143684006826895,6.994251705366473,-0.7787478557380586,1,
295.600000000,-14.12826181242536,6.979033283494095,-0.7787478557380586,1,
295.700000000,-14.11046697273128,6.961473565949044,-0.7787478557380586,1,
295.800000000,-14.0926721330372,6.943913848403993,-0.7787478557380586,1,
295.900000000,-14.079622583928208,6.931036722204288,-0.7773049911145961,1,
296.000000000,-14.06655446845947,6.918178438134986,-0.7758621264911337,1,
296.100000000,-14.052278117962175,6.904171803404318,-0.7742880923564475,1,
296.200000000,-14.037979738238226,6.8901876574786725,-0.7727140582217611,1,
296.300000000,-14.023659364713046,6.8762260350049305,-0.7711400240870748,1,
296.400000000,-14.009317032866548,6.86228697057417,-0.7695659899523883,1,
296.500000000,-13.99375575701359,6.847210792733862,-0.7678607863064782,1,
296.600000000,-13.978168795843578,6.832161171943657,-0.7661555826605679,1,
296.700000000,-13.963757163999363,6.818293768885161,-0.7645815485258816,1,
296.800000000,-13.949323722251393,6.804449067396577,-0.7630075143911953,1,
296.900000000,-13.933663905035413,6.789475271311197,-0.7613023107452851,1,
297.000000000,-13.917978577227302,6.774528200160081,-0.759597107099375,1,
297.100000000,-13.903476306958021,6.760755613001645,-0.7577065504779623,1,
297.200000000,-13.888948024765435,6.747010467802972,-0.7558159938565497,1,
297.300000000,-13.875606636092316,6.734435951534587,-0.754082983620255,1,
297.400000000,-13.86224347569895,6.721884574900436,-0.7523499733839601,1,
297.500000000,-13.846424966995649,6.707078521177446,-0.7503018703774299,1,
297.600000000,-13.830576167167546,6.692304896420699,-0.7482537673708995,1,
297.700000000,-13.81591860611688,6.678697695972187,-0.7463632107494873,1,
297.800000000,-13.801235346093181,6.665118230773717,-0.7444726541280751,1,
297.900000000,-13.787752181787056,6.652695856145445,-0.7421566155259041,1,
298.000000000,-13.774240282969547,6.640304742335277,-0.7398405769237332,1,
298.100000000,-13.760699722118918,6.627944955809551,-0.7375245383215626,1,
298.200000000,-13.747130571867176,6.615616562866561,-0.7352084997193916,1,
298.300000000,-13.732296753466274,6.602201726615265,-0.7326819121533873,1,
298.400000000,-13.71742908868985,6.588824412082974,-0.7301553245873831,1,
298.500000000,-13.703769457134582,6.57659634695044,-0.727839285985212,1,
298.600000000,-13.69008154156911,6.564399950819467,-0.7255232473830413,1,
298.700000000,-13.67511849485647,6.551129410774866,-0.7223555585802306,1,
298.800000000,-13.660113486344455,6.5379063355064435,-0.7191878697774197,1,
298.900000000,-13.645066666596982,6.5247308576977625,-0.7160201809746086,1,
299.000000000,-13.62997818659751,6.511603109554781,-0.7128524921717982,1,
299.100000000,-13.616109030151694,6.499613213367049,-0.709948777435888,1,
299.200000000,-13.602205116985827,6.487663639743394,-0.7070450626999779,1,
299.300000000,-13.5869994231811,6.4746718394094565,-0.7038773738971672,1,
299.400000000,-13.571752651753572,6.461728271082418,-0.7007096850943566,1,
299.500000000,-13.556464955693068,6.4488330646411995,-0.6975419962915455,1,
299.600000000,-13.541136488400058,6.435986349479449,-0.6943743074887346,1,
299.700000000,-13.525767403684124,6.42318825450424,-0.691206618685924,1,
299.800000000,-13.510357855762413,6.41043890813478,-0.6880389298831131,1,
299.900000000,-13.494907999258086,6.397738438301121,-0.6832373547072058,1,
300.000000000,-13.479397338826246,6.385112298235046,-0.6784357795312985,1,
300.100000000,-13.465123824296395,6.373606738966708,-0.6740343356200501,1,
300.200000000,-13.450799807114361,6.362164115015887,-0.6696328917088019,1,
300.300000000,-13.4351188154711,6.349750151060568,-0.6648313165328946,1,
300.400000000,-13.419378398238972,6.337411623378605,-0.6600297413569874,1,
300.500000000,-13.404895541641592,6.326170717014312,-0.655628297445739,1,
300.600000000,-13.390363349270938,6.314993664808413,-0.6512268535344908,1,
300.700000000,-13.375782102654483,6.303880683290331,-0.6468254096232425,1,
300.800000000,-13.361152084270012,6.292831987748271,-0.6424239657119941,1,
300.900000000,-13.346473577540149,6.281847792225046,-0.6377167657775312,1,
301.000000000,-13.331743528817684,6.2709328128047765,-0.6330095658430682,1,
301.100000000,-13.316962264486477,6.260087291338195,-0.6283023659086057,1,
301.200000000,-13.302130112065205,6.249311468137008,-0.6235951659741427,1,
301.300000000,-13.285894426394188,6.23763231958962,-0.6184600387729104,1,
301.400000000,-13.2695989811366,6.226036696973436,-0.6133249115716782,1,
301.500000000,-13.25324420599475,6.2145249060589185,-0.6081897843704459,1,
301.600000000,-13.23683053223545,6.203097250405932,-0.6030546571692137,1,
301.700000000,-13.22035839267863,6.19175403135574,-0.5979195299679815,1,
301.800000000,-13.203828221685939,6.180495548023054,-0.5927844027667493,1,
301.900000000,-13.18724045514928,6.169322097288152,-0.5873130219116639,1,
302.000000000,-13.170591802998343,6.158239571332526,-0.5818416410565785,1,
302.100000000,-13.155275183573767,6.148164241039489,-0.5768262086060838,1,
302.200000000,-13.13990822486357,6.138165856614484,-0.5718107761555888,1,
302.300000000,-13.123089776011748,6.127342743466289,-0.5663393953005035,1,
302.400000000,-13.106212361819294,6.116611811998035,-0.5608680144454181,1,
302.500000000,-13.087865164669703,6.105086847737853,-0.5549406851857422,1,
302.600000000,-13.069449977959463,6.093670835173412,-0.5490133559260667,1,
302.700000000,-13.052389181693847,6.083233918445606,-0.5435419750709813,1,
302.800000000,-13.035271536732207,6.072890503585549,-0.5380705942158959,1,
302.900000000,-13.01952872060931,6.063495033845736,-0.533055161765401,1,
303.000000000,-13.003738980341561,6.054178638974964,-0.5280397293149062,1,
303.100000000,-12.985023391797698,6.043262083203967,-0.5221124000552304,1,
303.200000000,-12.966243426380883,6.032456652005367,-0.5161850707955546,1,
303.300000000,-12.948849257927824,6.02258533477682,-0.5107136899404692,1,
303.400000000,-12.931401340363475,6.012809334947252,-0.5052423090853839,1,
303.500000000,-12.913900196007543,6.003128945170347,-0.49977092823029856,1,
303.600000000,-12.896346348773125,5.993544455237611,-0.4942995473752132,1,
303.700000000,-12.877273155432523,5.983265460139042,-0.48837221811553744,1,
303.800000000,-12.858139370510756,5.973099698042082,-0.4824448888558615,1,
303.900000000,-12.840422105027809,5.963820770097175,-0.47663435172823027,1,
304.000000000,-12.822651223380264,5.954644945040597,-0.4708238146005991,1,
304.100000000,-12.801856675915134,5.944060463940188,-0.4640448546183624,1,
304.200000000,-12.780990855023331,5.9336171903655055,-0.457265894636126,1,
304.300000000,-12.76155015782163,5.924051431809271,-0.4509711460811921,1,
304.400000000,-12.742049632129184,5.914608236261009,-0.44467639752625815,1,
304.500000000,-12.674343388476542,5.882345803456754,-0.42216413015693305,1,
304.600000000,-12.60592806176895,5.851615637959422,-0.399651862787608,1,
304.700000000,-12.536838323578934,5.822433313226204,-0.37786234855899076,1,
304.800000000,-12.467129167689588,5.794763228564337,-0.3560728343303735,1,
304.900000000,-12.404644298195517,5.771523488274194,-0.3332477326432022,1,
305.000000000,-12.341645301465885,5.7497159011654775,-0.31042263095603084,1,
305.100000000,-12.282926020412964,5.730879133650699,-0.2893094118953974,1,
305.200000000,-12.223822151210435,5.713286225333197,-0.268196192834764,1,
305.300000000,-12.169181291795608,5.698269981011785,-0.2487948564006683,1,
305.400000000,-12.114259398860451,5.684316601939667,-0.22939351996657267,1,
305.500000000,-12.062323159940613,5.672189296744121,-0.2111334386168357,1,
305.600000000,-12.01017414607158,5.661012320546067,-0.19287335726709864,1,
305.700000000,-11.96273703246061,5.6517477987898745,-0.17632515854389946,1,
305.800000000,-11.915153109709351,5.6432695084720566,-0.1597769598207003,1,
305.900000000,-11.865789970050304,5.635314607906907,-0.1502389497209332,1,
306.000000000,-11.816353202974884,5.627830888167995,-0.14070093962116628,1,
306.100000000,-11.770147699030373,5.621286487277799,-0.13179879686138368,1,
306.200000000,-11.72388576750251,5.615153668261303,-0.1228966541016012,1,
306.300000000,-11.680879266893884,5.609841542210649,-0.11463037868180309,1,
306.400000000,-11.637830324625225,5.604885097181442,-0.10636410326200506,1,
306.500000000,-11.598056377836134,5.600638550723616,-0.09873369518219144,1,
306.600000000,-11.558251186355239,5.596695616388716,-0.09110328710237782,1,
306.700000000,-11.518417067754035,5.593056523745595,-0.08412216955474137,1,
306.800000000,-11.478558515099582,5.589695604185089,-0.07714105200710494,1,
306.900000000,-11.442000891277925,5.586869903394382,-0.07074169425510486,1,
307.000000000,-11.40542593345675,5.584278204178869,-0.06434233650310475,1,
307.100000000,-11.370498357350385,5.582027775923157,-0.05823385864892288,1,
307.200000000,-11.335557686271407,5.579990742651309,-0.05212538079474099,1,
307.300000000,-11.303934029907584,5.578340852969969,-0.046598662736195444,1,
307.400000000,-11.272301738080019,5.576865762629152,-0.04107194467764993,1,
307.500000000,-11.242327038092753,5.575633950681874,-0.03583610651692258,1,
307.600000000,-11.21234629942925,5.574559097579986,-0.030600268356195247,1,
307.700000000,-11.18569211680737,5.573743217766169,-0.02765624095116475,1,
307.800000000,-11.15903564772621,5.573005812018828,-0.024712213546134246,1,
307.900000000,-11.134043281006461,5.572388069559873,-0.02195218785391816,1,
308.000000000,-11.109049304496457,5.571839308940494,-0.019192162161702067,1,
308.100000000,-11.085720268320586,5.571391519314306,-0.016616138182300382,1,
308.200000000,-11.062390156033702,5.5710038272640015,-0.014040114202898695,1,
308.300000000,-11.040725624850696,5.570699634783816,-0.011648091936311415,1,
308.400000000,-11.019060428012907,5.5704472651654555,-0.009256069669724136,1,
308.500000000,-10.999061284755047,5.570262146415423,-0.007048049115951263,1,
308.600000000,-10.979061781502955,5.570121186600141,-0.0048400285621783895,1,
308.700000000,-10.95739536861612,5.570016319724061,-0.0024480062955911128,1,
308.800000000,-10.935728766870715,5.569963279640633,-5.598402900383258e-05,1,
308.900000000,-10.914062100238002,5.569962066653338,0.0023360382375834463,1,
309.000000000,-10.892395492689618,5.570012680769119,0.004728060504170725,1,
309.100000000,-10.840038137721637,5.570260231355876,0.05237012031802278,1,
309.200000000,-10.787751980342813,5.5730009697770395,0.10001218013187482,1,
309.300000000,-10.76434317993859,5.575349972082478,0.17648581729790322,1,
309.400000000,-10.741182257764832,5.579480520745399,0.25295945446393175,1,
309.500000000,-10.719386420701996,5.585114673219393,0.3304471869777381,1,
309.600000000,-10.698092126744275,5.592419139812655,0.4079349194915446,1,
309.700000000,-10.677427170294985,5.601350083901548,0.485422652005351,1,
309.800000000,-10.657515568885975,5.6118539078099445,0.5629103845191575,1,
309.900000000,-10.628969610211648,5.6298667307255235,0.629156369261349,1,
310.000000000,-10.601678670633191,5.649729715469751,0.6954023540035408,1,
310.100000000,-10.575762473477436,5.671355724602468,0.7616483387457323,1,
310.200000000,-10.551334711178216,5.694649886426348,0.8278943234879241,1,
310.300000000,-10.528502546516096,5.719510011181994,0.894140308230116,1,
310.400000000,-10.50736614250321,5.745827039346823,0.9603862929723075,1,
310.500000000,-10.488018222975555,5.77348552007111,1.0266322777144992,1,
310.600000000,-10.470543665820403,5.802364117652289,1.0928782624566908,1,
310.700000000,-10.447547090313087,5.8467618374070645,1.1428782624118183,1,
310.800000000,-10.426798215685778,5.892253421312084,1.1928782623669458,1,
310.900000000,-10.403919615308558,5.949882042419164,1.230874324379719,1,
311.000000000,-10.383246661700774,6.0083381568560155,1.2688703863924915,1,
311.100000000,-10.364809196830112,6.067537381640357,1.3068664484052652,1,
311.200000000,-10.348633835675802,6.1273942610900205,1.344862510418038,1,
311.300000000,-10.334743927809173,6.18782239018054,1.382858572430811,1,
311.400000000,-10.323159523687918,6.2487345392731415,1.4208546344435842,1,
311.500000000,-10.313897345712716,6.310042780033088,1.4588506964563572,1,
311.600000000,-10.30697076408799,6.371658612356606,1.4968467584691303,1,
311.700000000,-10.301538338795305,6.4449858721030955,1.5233185443844015,1,
311.800000000,-10.298048693615511,6.518431230315911,1.5497903302996736,1,
311.900000000,-10.29648397229398,6.592909542720776,1.5752955830251802,1,
312.000000000,-10.296819142118952,6.667403535986535,1.6008008357506869,1,
312.100000000,-10.299053985068268,6.741864753062827,1.6263060884761933,1,
312.200000000,-10.303187047415356,6.816244758219628,1.6518113412017004,1,
312.300000000,-10.309215640674859,6.890495168553862,1.6773165939272066,1,
312.400000000,-10.317135843351439,6.9645676854616365,1.7028218466527134,1,
312.500000000,-10.326942503490647,7.038414126055647,1.72832709937822,1,
312.600000000,-10.338629242030182,7.111986454507309,1.7538323521037267,1,
312.700000000,-10.352188456949351,7.185236813293232,1.7793376048292333,1,
312.800000000,-10.367611328214066,7.258117554325707,1.8048428575547404,1,
312.900000000,-10.385004999511839,7.331072747415609,1.7989237871792796,1,
313.000000000,-10.401966541712817,7.404129616265598,1.7930047168038197,1,
313.100000000,-10.418495360564417,7.477285601306953,1.7870856464283582,1,
313.200000000,-10.43459087697465,7.55053813949839,1.7811665760528976,1,
313.300000000,-10.450252527032399,7.623884664415857,1.7752475056774375,1,
313.400000000,-10.465479762027185,7.697322606342449,1.7693284353019765,1,
313.500000000,-10.480272048468386,7.770849392358441,1.7634093649265161,1,
313.600000000,-10.49462886810393,7.844462446431428,1.7574902945510553,1,
313.700000000,-10.508549717938452,7.918159189506578,1.7475478480893072,1,
313.800000000,-10.52173716587448,7.991990695091488,1.7376054016275586,1,
313.900000000,-10.534189908313962,8.065949664836449,1.7263893771915386,1,
314.000000000,-10.545812359269357,8.140043649975524,1.7151733527555186,1,
314.100000000,-10.556603056660911,8.214263329642066,1.7039573283194993,1,
314.200000000,-10.566560643041711,8.288599367157317,1.6927413038834789,1,
314.300000000,-10.575683865768447,8.363042411204955,1.6815252794474589,1,
314.400000000,-10.58397157715899,8.437583097007455,1.6703092550114385,1,
314.500000000,-10.591422734636776,8.512212047504171,1.6590932305754187,1,
314.600000000,-10.598036400861949,8.586919874530942,1.647877206139399,1,
314.700000000,-10.603811743849283,8.66169718000111,1.6274471237287536,1,
314.800000000,-10.608058281357382,8.736576862954447,1.6070170413181086,1,
314.900000000,-10.609697765266988,8.781820776560297,1.5522906498098505,1,
315.000000000,-10.608859994311388,8.827086633071463,1.4975642583015925,1,
315.100000000,-10.608426915870204,8.83298983890064,1.4034833288365522,1,
315.200000000,-10.607441192495743,8.838826254361079,1.309402399371512,1,
315.300000000,-10.607041501135912,8.840320345739626,1.2109490286841056,1,
315.400000000,-10.606496884520773,8.84176791438155,1.1124956579966987,1,
315.500000000,-10.605812617392465,8.843154940238444,1.0140422873092918,1,
315.600000000,-10.604995327041731,8.84446798963324,0.9155889166218851,1,
315.700000000,-10.604052929121037,8.845694345368596,0.8171355459344785,1,
315.800000000,-10.602994550979572,8.846822129895996,0.7186821752470716,1,
315.900000000,-10.601830443262696,8.847840420352634,0.6202288045596651,1,
316.000000000,-10.600571880631986,8.848739354351965,0.5217754338722584,1,
316.100000000,-10.599231052567443,8.849510225503268,0.42332206318485177,1,
316.200000000,-10.59782094530947,8.850145567735126,0.3248686924974451,1,
316.300000000,-10.596355216084016,8.850639227606113,0.2264153218100384,1,
316.400000000,-10.594848060829088,8.850986423902343,0.12796195112263178,1,
316.500000000,-10.593314076703694,8.851183793944674,0.029508580435225078,1,
316.600000000,-10.591768120710864,8.851229426157053,-0.06894479025218164,1,
316.700000000,-10.566323461997793,8.84947236462029,-0.1434395374153918,1,
316.800000000,-10.541080143617016,8.845826435466382,-0.21793428457860187,1,
316.900000000,-10.49379698093419,8.83535551256003,-0.2695055978340561,1,
317.000000000,-10.447116441388363,8.822461136750714,-0.3210769110895104,1,
317.100000000,-10.4011626490452,8.807177594324866,-0.37264822434496464,1,
317.200000000,-10.356057795541593,8.789545524389103,-0.4242195376004189,1,
317.300000000,-10.311921815176774,8.769611810810405,-0.475790850855873,1,
317.400000000,-10.268872066005686,8.74742945755139,-0.5273621641113273,1,
317.500000000,-10.22702301778264,8.723057447732202,-0.5789334773667815,1,
317.600000000,-10.186485947584984,8.696560586793751,-0.6305047906222356,1,
317.700000000,-10.147368643926129,8.668009330179334,-0.6820761038776901,1,
317.800000000,-10.109775120144722,8.637479595992838,-0.7336474171331444,1,
317.900000000,-10.054069837701654,8.587260859370557,-0.7496674522061749,1,
318.000000000,-9.999176174760844,8.536156204309195,-0.7656874872792055,1,
318.100000000,-9.9451082190143,8.4841787461048,-0.7781464253646371,1,
318.200000000,-9.891692026746611,8.431531710066468,-0.7906053634500683,1,
318.300000000,-9.838935889386352,8.378223268231936,-0.8030643015354997,1,
318.400000000,-9.786847995906308,8.32426169530442,-0.8155232396209315,1,
318.500000000,-9.735436431552358,8.269655367368186,-0.827982177706363,1,
318.600000000,-9.684709176588454,8.21441276058839,-0.8404411157917946,1,
318.700000000,-9.634674105057906,8.158542449895386,-0.852900053877226,1,
318.800000000,-9.58533898356114,8.10205310765369,-0.8653589919626576,1,
318.900000000,-9.536711470050152,8.044953502315837,-0.8608554913764662,1,
319.000000000,-9.48782730242133,7.988073469305674,-0.8563519907902745,1,
319.100000000,-9.438687472118099,7.931414162234641,-0.851950502526747,1,
319.200000000,-9.389298733339631,7.874971691683892,-0.8475490142632193,1,
319.300000000,-9.339662042897304,7.818747151117227,-0.8433833200138087,1,
319.400000000,-9.289791569559384,7.7627298690602435,-0.8392176257643986,1,
319.500000000,-9.23968817872737,7.706920817579911,-0.8352877255291057,1,
319.600000000,-9.189365851356145,7.651309097880343,-0.8313578252938131,1,
319.700000000,-9.138825364628563,7.595895568834279,-0.8277423170773437,1,
319.800000000,-9.088084860597624,7.540665131114791,-0.8241268088608744,1,
319.900000000,-9.03940899622895,7.48806502332903,-0.8196179243795286,1,
320.000000000,-8.990496459644447,7.435684923329308,-0.815109039898183,1,
320.100000000,-8.94477719042749,7.387164897909777,-0.810914728752745,1,
320.200000000,-8.898854815875561,7.338837059555919,-0.8067204176073071,1,
320.300000000,-8.856189494265958,7.294312368543774,-0.8028406797977771,1,
320.400000000,-8.81335175006915,7.249953542478304,-0.7989609419882467,1,
320.500000000,-8.772667067119409,7.208150021680925,-0.7952909197359885,1,
320.600000000,-8.7318292386545,7.166496095766932,-0.7916208974837307,1,
320.700000000,-8.694352279629681,7.128549791774362,-0.7882654485673802,1,
320.800000000,-8.656748204936225,7.0907294531865945,-0.7849099996510298,1,
320.900000000,-8.621375610895468,7.05539137753401,-0.7817642662919516,1,
321.000000000,-8.585892027891681,7.020164749293241,-0.7786185329328732,1,
321.100000000,-8.552670755112905,6.987390905869926,-0.7778854343519396,1,
321.200000000,-8.519425464805288,6.954641425719242,-0.7771523357710065,1,
321.300000000,-8.488532552690915,6.924253833533097,-0.776471601374426,1,
321.400000000,-8.457618961856786,6.8938872782540095,-0.7757908669778452,1,
321.500000000,-8.429064264722742,6.865876043515373,-0.7751624967656169,1,
321.600000000,-8.400491971801737,6.837882757226759,-0.7745341265533882,1,
321.700000000,-8.374284584161034,6.812238707673415,-0.7739581205255125,1,
321.800000000,-8.348062429741608,6.7866097579866205,-0.7733821144976365,1,
321.900000000,-8.323018104175254,6.762160182184034,-0.7706275547619352,1,
322.000000000,-8.2979065258901,6.737779685141754,-0.7678729950262342,1,
322.100000000,-8.273926868302027,6.714626129624947,-0.765249604801757,1,
322.200000000,-8.249886552488487,6.691535561708666,-0.7626262145772797,1,
322.300000000,-8.22819582475802,6.6708108824464265,-0.7602651633752503,1,
322.400000000,-8.206456225502263,6.650137473820872,-0.757904112173221,1,
322.500000000,-8.185878339776165,6.63066111900737,-0.7556742304824152,1,
322.600000000,-8.165257075279492,6.6112306988282805,-0.7534443487916095,1,
322.700000000,-8.147023656987708,6.594126826243487,-0.7486753437417262,1,
322.800000000,-8.128708877895038,6.577110103092812,-0.7439063386918426,1,
322.900000000,-8.11153953609813,6.561309528840418,-0.7394552673119515,1,
323.000000000,-8.094300035129141,6.545585532822081,-0.7350041959320599,1,
323.100000000,-8.078227096436558,6.53105607700884,-0.730871058222161,1,
323.200000000,-8.062094242958649,6.516593176777394,-0.726737920512262,1,
323.300000000,-8.047147326648917,6.50330447131637,-0.7229227164723553,1,
323.400000000,-8.032149820121312,6.490072887966125,-0.7191075124324484,1,
323.500000000,-8.017101941676005,6.4768986193224665,-0.7152923083925418,1,
323.600000000,-8.002003910346367,6.463781857146943,-0.711477104352635,1,
323.700000000,-7.9868559458957815,6.450722792364051,-0.7076619003127281,1,
323.800000000,-7.971658268814446,6.437721615058458,-0.7038466962728213,1,
323.900000000,-7.956411100316166,6.424778514472236,-0.6997048953891296,1,
324.000000000,-7.941110455004409,6.411898675457566,-0.6955630945054377,1,
324.100000000,-7.925756595353944,6.399082318961518,-0.6914212936217458,1,
324.200000000,-7.910349784752401,6.386329664842151,-0.687279492738054,1,
324.300000000,-7.894890287495761,6.3736409318647445,-0.6831376918543619,1,
324.400000000,-7.879378368783814,6.36101633769804,-0.67899589097067,1,
324.500000000,-7.865111300887967,6.349502785476142,-0.6751992401606193,1,
324.600000000,-7.850800622986378,6.338043483180275,-0.6714025893505683,1,
324.700000000,-7.835141624849478,6.325601788064715,-0.665931208495483,1,
324.800000000,-7.819414788183123,6.313245955091183,-0.6604598276403976,1,
324.900000000,-7.804936767484711,6.3019988208887545,-0.6554443951899028,1,
325.000000000,-7.790402519874694,6.290824441374803,-0.6504289627394079,1,
325.100000000,-7.771833290340471,6.276695458433706,-0.6440456850751418,1,
325.200000000,-7.753174250509297,6.262685295086224,-0.6376624074108754,1,
325.300000000,-7.735765309938841,6.249786720255695,-0.6317350781511996,1,
325.400000000,-7.718280221531342,6.236991559927414,-0.6258077488915239,1,
325.500000000,-7.702070416664879,6.2252765171963285,-0.6203363680364385,1,
325.600000000,-7.685796757285526,6.213650339389122,-0.6148649871813532,1,
325.700000000,-7.670821149454227,6.203074788283186,-0.6098495547308584,1,
325.800000000,-7.655792689235137,6.192574479023247,-0.6048341222803635,1,
325.900000000,-7.640711754661809,6.1821496757394385,-0.5995077965800348,1,
326.000000000,-7.625575508374004,6.1718053459193865,-0.5941814708797062,1,
326.100000000,-7.606241344711658,6.158742629512679,-0.5874025108974699,1,
326.200000000,-7.586819074338014,6.145811277766728,-0.580623550915233,1,
326.300000000,-7.5241100168508845,6.104670372221566,-0.558111283545908,1,
326.400000000,-7.460490752400066,6.064951495214068,-0.5355990161765827,1,
326.500000000,-7.395993522005918,6.026674775507642,-0.5130867488072579,1,
326.600000000,-7.3306510116250685,5.989859611008097,-0.4905744814379327,1,
326.700000000,-7.264496335585792,5.954524658933155,-0.46806221406860754,1,
326.800000000,-7.197563019806309,5.920687826357336,-0.44554994669928244,1,
326.900000000,-7.129884984804494,5.888366261136992,-0.42303767932995745,1,
327.000000000,-7.061496528507606,5.857576343220105,-0.4005254119606323,1,
327.100000000,-6.99289757400685,5.828530675507106,-0.37502015923512577,1,
327.200000000,-6.9235801939419686,5.801243898628344,-0.3495149065096192,1,
327.300000000,-6.85781246815523,5.777272952780497,-0.3255485497380894,1,
327.400000000,-6.791489188258547,5.754884952786164,-0.30158219296655947,1,
327.500000000,-6.729422786226819,5.735577914203411,-0.2793277188215675,1,
327.600000000,-6.666942120588675,5.717656797569273,-0.25707324467657544,1,
327.700000000,-6.608913825592352,5.702401733497964,-0.23653065315812125,1,
327.800000000,-6.550584417570186,5.688341855839047,-0.21598806163966713,1,
327.900000000,-6.493606452415524,5.6758402853532255,-0.20002986747900156,1,
328.000000000,-6.436436248202489,5.6642495335218035,-0.18407167331833593,1,
328.100000000,-6.384003896760447,5.654487721871159,-0.16948132437144167,1,
328.200000000,-6.331434702888783,5.64549192840266,-0.15489097542454738,1,
328.300000000,-6.282033285082431,5.6377783093608524,-0.141212523286834,1,
328.400000000,-6.2325309816292265,5.630741125774581,-0.12753407114912066,1,
328.500000000,-6.1862433160924155,5.62480565638033,-0.11476751582058813,1,
328.600000000,-6.139883649160389,5.6194615886665655,-0.10200096049205566,1,
328.700000000,-6.096775544693719,5.6150492075556,-0.09014630197270408,1,
328.800000000,-6.053618163199471,5.61114815637191,-0.07829164345335249,1,
328.900000000,-6.008756008349076,5.6076286305261185,-0.0733235972073635,1,
329.000000000,-5.96387692203457,5.604332024456966,-0.06835555096137454,1,
329.100000000,-5.922307560832287,5.601486093968491,-0.0637555081410144,1,
329.200000000,-5.8807255480853176,5.5988314137576305,-0.05915546532065424,1,
329.300000000,-5.842459266435995,5.596565109899105,-0.05492342592592293,1,
329.400000000,-5.804183736405145,5.5944607702635,-0.050691386531191575,1,
329.500000000,-5.767564169290455,5.592602882006061,-0.046643348849274645,1,
329.600000000,-5.730937381429485,5.590893245953571,-0.042595311167357715,1,
329.700000000,-5.697634282866564,5.589473831560441,-0.03838433189068358,1,
329.800000000,-5.664325502467317,5.588194667995504,-0.034173352614009465,1,
329.900000000,-5.632677324453388,5.587112722444009,-0.03017292230116904,1,
330.000000000,-5.601025071442786,5.586157391542913,-0.026172491988328633,1,
330.100000000,-5.571035345846322,5.585372306420891,-0.022382610639321922,1,
330.200000000,-5.541042860251485,5.584700884166649,-0.0185927292903152,1,
330.300000000,-5.514380802646474,5.584205106617581,-0.015223945868975913,1,
330.400000000,-5.48771722616716,5.583799150409478,-0.01185516244763661,1,
330.500000000,-5.462718982957542,5.583502778290664,-0.008696927990131019,1,
330.600000000,-5.437719928408538,5.583285357831757,-0.005538693532625428,1,
330.700000000,-5.414386952974094,5.583156122310094,-0.0025910080389535415,1,
330.800000000,-5.391053697962814,5.583095665523496,0.0003566774547183434,1,
330.900000000,-5.369387032674351,5.583103393534851,0.002404780461248547,1,
331.000000000,-5.347720428656485,5.583155497061293,0.00445288346777875,1,
331.100000000,-5.327720626937869,5.583244554436341,0.006343440089191245,1,
331.200000000,-5.3077210293288415,5.583371422387276,0.008233996710603745,1,
331.300000000,-5.289388317480097,5.583522377287866,0.009967006946898534,1,
331.400000000,-5.2710558947671435,5.583705102723163,0.011700017183193322,1,
331.500000000,-5.249390711062916,5.583958597311876,0.01374812018972352,1,
331.600000000,-5.227726091981093,5.58425646386578,0.015796223196253734,1,
331.700000000,-5.206062128398781,5.584598701135406,0.017159374318521044,1,
331.800000000,-5.184398651465222,5.584970469334187,0.018522525440788362,1,
331.900000000,-5.164402082206621,5.585340898660762,0.01978081878441973,1,
332.000000000,-5.144405994886957,5.585736489237441,0.0210391121280511,1,
332.100000000,-5.126076718976146,5.586122177837846,0.022192547693046523,1,
332.200000000,-5.107747900124942,5.5865290078157175,0.023345983258041953,1,
332.300000000,-5.087753350226738,5.586995885067446,0.024604276601673317,1,
332.400000000,-5.067759403625621,5.587487920951977,0.02586256994530469,1,
332.500000000,-5.047766091978045,5.5880051146902705,0.027120863288936068,1,
332.600000000,-5.02777344693946,5.588547465463451,0.02837915663256743,1,
332.700000000,-5.00944749572886,5.589067680167034,0.029532592197562862,1,
332.800000000,-4.991122156742814,5.589609032323768,0.030686027762558285,1,
332.900000000,-4.969465690292287,5.5902737919206436,0.03204917888482559,1,
333.000000000,-4.947810150130084,5.590968071927301,0.033412330007092914,1,
333.100000000,-4.927821312929494,5.59163619419777,0.034355506063563176,1,
333.200000000,-4.907833114776583,5.592323169160914,0.035298682120033426,1,
333.300000000,-4.886179945008798,5.593087815126005,0.03632045618120955,1,
333.400000000,-4.864527567839485,5.5938745853353025,0.03734223024238565,1,
333.500000000,-4.844541510640764,5.594621256380318,0.0382854062988559,1,
333.600000000,-4.824556166573799,5.595386777461039,0.03922858235532617,1,
333.700000000,-4.806236937846891,5.59610578369352,0.03980473056546213,1,
333.800000000,-4.787918126414619,5.596835344396924,0.040380878775598095,1,
333.900000000,-4.767934430352691,5.597642742504725,0.04100940409574642,1,
334.000000000,-4.747951245708103,5.598462700711185,0.041637929415894746,1,
334.100000000,-4.726303358264012,5.599364595190817,0.042318831846055456,1,
334.200000000,-4.7046560899403005,5.600281229559408,0.04299973427621615,1,
334.300000000,-4.683009450773251,5.6012126033919785,0.04368063670637683,1,
334.400000000,-4.661363450798853,5.602158716256718,0.044361539136537544,1,
334.500000000,-4.641383127033267,5.603045656064347,0.04499006445668587,1,
334.600000000,-4.621403364678325,5.60394515383535,0.0456185897768342,1,
334.700000000,-4.601424171626913,5.604857209214387,0.04624711509698254,1,
334.800000000,-4.581445555771694,5.605781821841155,0.046875640417130854,1,
334.900000000,-4.563132360902316,5.606640893891288,0.047451788627266844,1,
335.000000000,-4.544819664025239,5.6075105169127,0.04802793683740281,1,
335.100000000,-4.5265074712193005,5.608390690616722,0.048604085047538784,1,
335.200000000,-4.5081957885631745,5.609281414711185,0.04918023325767473,1,
335.300000000,-4.488219970641928,5.610264622917616,0.04980875857782308,1,
335.400000000,-4.468244774637557,5.61126038623637,0.05043728389797142,1,
335.500000000,-4.448270208441145,5.612268704274076,0.051065809218119734,1,
335.600000000,-4.428296279943526,5.613289576632403,0.05169433453826805,1,
335.700000000,-4.408322997035281,5.614323002908063,0.052322859858416386,1,
335.800000000,-4.388350367606738,5.6153689826928055,0.052951385178564715,1,
335.900000000,-4.370042730219529,5.6163393045000385,0.05323938819250274,1,
336.000000000,-4.351735373047192,5.617314898921703,0.05352739120644076,1,
336.100000000,-4.331764018022884,5.618384935600074,0.053841576312554984,1,
336.200000000,-4.311793000173867,5.619461246927826,0.054155761418669186,1,
336.300000000,-4.291822321471526,5.620543832798715,0.05446994652478338,1,
336.400000000,-4.271851983887211,5.621632693105876,0.054784131630897626,1,
336.500000000,-4.250217823184326,5.622819088961487,0.05512449882918801,1,
336.600000000,-4.2285840675448245,5.624012848306899,0.05546486602747838,1,
336.700000000,-4.206950719474972,5.6252139710038165,0.05580523322576879,1,
336.800000000,-4.185317781480989,5.626422456913089,0.056145600424059174,1,
336.900000000,-4.16534929648535,5.627544779049973,0.05645978553017339,1,
337.000000000,-4.145381165092172,5.628673374931938,0.056773970636287585,1,
337.100000000,-4.1270773705908566,5.629713671987941,0.057061973650225625,1,
337.200000000,-4.108773876457335,5.630759240548709,0.05734997666416364,1,
337.300000000,-4.088806757641848,5.631905611434683,0.057664161770277875,1,
337.400000000,-4.068839999984513,5.633058255635317,0.05797834687639207,1,
337.500000000,-4.048873605456294,5.634217173036831,0.05829253198250628,1,
337.600000000,-4.0289075760281206,5.635382363524825,0.0586067170886205,1,
337.700000000,-4.008941913670884,5.636553826984282,0.05892090219473469,1,
337.800000000,-3.988976620355441,5.637731563299563,0.059235087300848914,1,
337.900000000,-3.969011698052611,5.638915572354411,0.05954927240696311,1,
338.000000000,-3.9490471487331766,5.640105854031949,0.05986345751307734,1,
338.100000000,-3.929082974367885,5.641302408214684,0.06017764261919153,1,
338.200000000,-3.9091191769274443,5.642505234784499,0.060491827725305744,1,
338.300000000,-3.890819376594603,5.643613575386148,0.060779830739243756,1,
338.400000000,-3.8725198962261365,5.644727186339408,0.0610678337531818,1,
338.500000000,-3.8525571774411604,5.645947784025775,0.06138201885929599,1,
338.600000000,-3.8325948431350745,5.647174653640714,0.06169620396541021,1,
338.700000000,-3.8142963909331282,5.648305033277918,0.06198420697934824,1,
338.800000000,-3.7959982650428095,5.649440682877554,0.06227220999328627,1,
338.900000000,-3.776037030794511,5.650685322297049,0.06258639509940046,1,
339.000000000,-3.7560761885785836,5.65193623317751,0.06290058020551467,1,
339.100000000,-3.736115740365408,5.653193415395458,0.0632147653116289,1,
339.200000000,-3.716155688125325,5.654456868826793,0.06352895041774309,1,
339.300000000,-3.696196033828637,5.655726593346797,0.06384313552385729,1,
339.400000000,-3.6762367794456066,5.657002588830132,0.06415732062997151,1,
339.500000000,-3.65794116465472,5.658177999624115,0.06444532364390954,1,
339.600000000,-3.639645889144452,5.65935867956148,0.06473332665784755,1,
339.700000000,-3.619687778549396,5.660652442088186,0.06504751176396176,1,
339.800000000,-3.599730075420305,5.661952475092029,0.06536169687007598,1,
339.900000000,-3.5814358895350047,5.663149919831959,0.06564969988401399,1,
340.000000000,-3.563142049276106,5.664352633302827,0.06593770289795202,1,
340.100000000,-3.5431855113323594,5.6656704319596045,0.06625188800406624,1,
340.200000000,-3.5232293884062944,5.666994500598229,0.06656607311018044,1,
340.300000000,-3.5032736824678254,5.668324839087999,0.06688025821629466,1,
340.400000000,-3.483318395486826,5.669661447297593,0.06719444332240887,1,
340.500000000,-3.4633635294331278,5.671004325095072,0.06750862842852308,1,
340.600000000,-3.443409086276521,5.672353472347877,0.06782281353463732,1,
340.700000000,-3.423455067986754,5.67370888892283,0.06656452019100588,1,
340.800000000,-3.4034993599824013,5.675039196423,0.06530622684737443,1,
340.900000000,-3.383541993859373,5.676344392742107,0.06404793350374302,1,
341.000000000,-3.363583001216206,5.677624475813632,0.06278964016011158,1,
341.100000000,-3.341959031357162,5.678984024260582,0.061426489037844215,1,
341.200000000,-3.3203332283193223,5.680314094714737,0.06006333791557685,1,
341.300000000,-3.3003692935205664,5.681514639320749,0.05880504457194544,1,
341.400000000,-3.280403863889391,5.682690062496709,0.05754675122831403,1,
341.500000000,-3.260436971037099,5.683840362381566,0.05628845788468261,1,
341.600000000,-3.240468646577311,5.684965537154047,0.055030164541051196,1,
341.700000000,-3.21883477842163,5.686157255689213,0.05366701341878384,1,
341.800000000,-3.1971993058738115,5.687319482894642,0.05230386229651645,1,
341.900000000,-3.177226656577807,5.688365083247932,0.05261804740263065,1,
342.000000000,-3.1572543367796277,5.689416958658451,0.052932232508744875,1,
342.100000000,-3.1372823484507872,5.6904751090223655,0.0532464176148591,1,
342.200000000,-3.1173106935627657,5.691539534235223,0.053560602720973294,1,
342.300000000,-3.0990036507099905,5.692521009195557,0.05384860573491133,1,
342.400000000,-3.0806968912842034,5.693507756598632,0.054136608748849346,1,
342.500000000,-3.0590619668983576,5.6946801435924135,0.05447697594713976,1,
342.600000000,-3.0374274428077817,5.69585989433674,0.054817343145430145,1,
342.700000000,-3.0174574846949045,5.696955692205847,0.05513152825154433,1,
342.800000000,-2.997487871851032,5.698057764284175,0.05544571335765857,1,
342.900000000,-2.977518606247409,5.699166110462936,0.054502537301188266,1,
343.000000000,-2.957548304160503,5.700255621618325,0.05355936124471796,1,
343.100000000,-2.937576983355515,5.701326296781134,0.052616185188247656,1,
343.200000000,-2.917604661598553,5.702378134998909,0.051673009131777366,1,
343.300000000,-2.897631356656615,5.703411135335958,0.05072983307530706,1,
343.400000000,-2.877657086297573,5.70442529687334,0.04978665701883676,1,
343.500000000,-2.8576818682901597,5.705420618708878,0.048843480962366466,1,
343.600000000,-2.8377057204039486,5.706397099957152,0.04790030490589617,1,
343.700000000,-2.819393415408893,5.707274936433474,0.04703572685413172,1,
343.800000000,-2.8010803582999606,5.708136940166703,0.04617114880236729,1,
343.900000000,-2.7811016722629933,5.7090600350893865,0.04522797274589697,1,
344.000000000,-2.761122124471456,5.709964286185969,0.044284796689426684,1,
344.100000000,-2.741141732698775,5.710849692652048,0.04334162063295638,1,
344.200000000,-2.721160514719127,5.711716253699982,0.042398444576486095,1,
344.300000000,-2.7011784883074244,5.712563968558894,0.04145526852001579,1,
344.400000000,-2.681195671239298,5.713392836474673,0.04051209246354549,1,
344.500000000,-2.661212081291083,5.714202856709975,0.03956891640707521,1,
344.600000000,-2.6412277362398013,5.714994028544221,0.03862574035060489,1,
344.700000000,-2.622908077394534,5.715701991046151,0.03776116229884045,1,
344.800000000,-2.6045878133074307,5.716394114510501,0.03689658424707601,1,
344.900000000,-2.584601425342379,5.717131878775314,0.03595340819060572,1,
345.000000000,-2.564614350425596,5.717850792032187,0.03501023213413542,1,
345.100000000,-2.544626606337204,5.718550853641589,0.03438170681398704,1,
345.200000000,-2.524638426190414,5.719238352310288,0.03375318149383866,1,
345.300000000,-2.506315535240519,5.719857043145326,0.033177033283702646,1,
345.400000000,-2.4879922908741383,5.720465177177435,0.032600885073566635,1,
345.500000000,-2.4680029181099297,5.721117079389051,0.031972359753418264,1,
345.600000000,-2.4480131395570432,5.721756417645813,0.03134383443326988,1,
345.700000000,-2.4280229631123222,5.722383191695154,0.030715309113121512,1,
345.800000000,-2.4080323966727675,5.72299740128947,0.030086783792973124,1,
345.900000000,-2.3880414481355334,5.723599046186123,0.029458258472824746,1,
346.000000000,-2.368050125397926,5.7241881261474346,0.02882973315267636,1,
346.100000000,-2.3463924622706878,5.724812683840132,0.028148830722515616,1,
346.200000000,-2.3247343789011823,5.725422494633733,0.027467928292354876,1,
346.300000000,-2.3047419232976654,5.725971784121529,0.026839402972206505,1,
346.400000000,-2.2847491264007704,5.726508507737097,0.026210877652058116,1,
346.500000000,-2.264755996108533,5.727032665268407,0.025582352331909742,1,
346.600000000,-2.244762540319121,5.727544256508394,0.024953827011761374,1,
346.700000000,-2.2247687669308305,5.728043281254957,0.024639641905647117,1,
346.800000000,-2.204774837743215,5.72853602423118,0.02432545679953287,1,
346.900000000,-2.186446928314362,5.728981946958652,0.024037453785594787,1,
347.000000000,-2.168118891218532,5.729422591174549,0.023749450771656716,1,
347.100000000,-2.149790727975958,5.729857956842321,0.023461447757718655,1,
347.200000000,-2.131462440106883,5.730288043925857,0.023173444743780587,1,
347.300000000,-2.10980159077241,5.730790090291959,0.022833077545490153,1,
347.400000000,-2.0881405718125285,5.731284763986522,0.022492710347199706,1,
347.500000000,-2.0681456308194224,5.731734580262567,0.02217852524108545,1,
347.600000000,-2.048150549487617,5.732178114403857,0.0218643401349712,1,
347.700000000,-2.0298215980989345,5.732578928703047,0.021576337121033136,1,
347.800000000,-2.0114925320346817,5.732974464192444,0.021288334107095058,1,
347.900000000,-1.9914970637952214,5.733400198716223,0.02097414900098081,1,
348.000000000,-1.971501462783216,5.733819650940782,0.020659963894866552,1,
348.100000000,-1.953172041956705,5.734198390001055,0.02037196088092848,1,
348.200000000,-1.9348425128123783,5.734571850117251,0.020083957866990423,1,
348.300000000,-1.9148465463304298,5.734973502271226,0.019769772760876166,1,
348.400000000,-1.8948504546422824,5.735368871970628,0.019455587654761908,1,
348.500000000,-1.8731878884784223,5.735790383110249,0.01911522045647147,1,
348.600000000,-1.8515251801008015,5.736204520998643,0.01877485325818103,1,
348.700000000,-1.8315287049484072,5.736579996004049,0.018460668152066775,1,
348.800000000,-1.8115321128143094,5.736949188396358,0.018146483045952514,1,
348.900000000,-1.791535405672417,5.737312098139127,0.017832297939838267,1,
349.000000000,-1.771538585496651,5.737668725196532,0.01751811283372401,1,
349.100000000,-1.7532080651972517,5.7379898741719675,0.017230109819785944,1,
349.200000000,-1.7348774531662001,5.738305743889063,0.016942106805847873,1,
349.300000000,-1.7148803234473735,5.738644569815488,0.016627921699733615,1,
349.400000000,-1.69488308826147,5.738977112924971,0.01631373659361936,1,
349.500000000,-1.6748857495824625,5.739303373184685,0.015999551487505106,1,
349.600000000,-1.6548883093843338,5.739623350562425,0.015685366381390852,1,
349.700000000,-1.6298913847052625,5.74001546864265,0.015292634998748039,1,
349.800000000,-1.6048943079568565,5.740397769616096,0.014899903616105221,1,
349.900000000,-1.5815635646587627,5.740745421169952,0.014533354325638589,1,
350.000000000,-1.558232695496582,5.741084520833242,0.014166805035171962,1,
350.100000000,-1.5332352041841855,5.741438679112346,0.013774073652529145,1,
350.200000000,-1.5082375757105027,5.741783020065065,0.013381342269886326,1,
350.300000000,-1.4849063313830753,5.742095242066739,0.013014792979419695,1,
350.400000000,-1.4615749741782713,5.742398911996576,0.012648243688953066,1,
350.500000000,-1.439910040584241,5.742672949969689,0.012307876490662626,1,
350.600000000,-1.418245014971615,5.742939613894323,0.011967509292372181,1,
350.700000000,-1.3965798998502825,5.743198903739583,0.011627142094081737,1,
350.800000000,-1.3749146977301434,5.743450819475433,0.011286774895791295,1,
350.900000000,-1.3549159716294952,5.74367655018059,0.01097258978967704,1,
351.000000000,-1.3349171755946825,5.743895997572827,0.010658404683562786,1,
351.100000000,-1.314918311599832,5.744109161630482,0.010344219577448535,1,
351.200000000,-1.2949193816190774,5.744316042332513,0.010030034471334279,1,
351.300000000,-1.2749203876265585,5.744516639658499,0.009715849365220025,1,
351.400000000,-1.2549213315964216,5.744710953588637,0.00940166425910577,1,
351.500000000,-1.2349222155028192,5.744898984103747,0.009087479152991514,1,
351.600000000,-1.2149230413199097,5.7450807311852685,0.008773294046877262,1,
351.700000000,-1.194923811021857,5.745256194815259,0.008459108940763004,1,
351.800000000,-1.1749245265828308,5.7454253749764,0.008144923834648751,1,
351.900000000,-1.1532585785931873,5.7456018463749565,0.007804556636358308,1,
352.000000000,-1.1315925717934676,5.745770943385418,0.007464189438067868,1,
352.100000000,-1.1115931289321206,5.745920225787981,0.007150004331953613,1,
352.200000000,-1.0915936401555622,5.746063224656202,0.006835819225839359,1,
352.300000000,-1.0715941074379873,5.746199939975964,0.006521634119725105,1,
352.400000000,-1.0515945327535958,5.746330371733772,0.006207449013610849,1,
352.500000000,-1.031594918076591,5.746454519916752,0.0058932639074965945,1,
352.600000000,-1.0115952653811808,5.746572384512649,0.005579078801382341,1,
352.700000000,-0.9932622173698765,5.746674667093395,0.005291075787444276,1,
352.800000000,-0.9749291406612052,5.746771669696892,0.005003072773506209,1,
352.900000000,-0.9549293909680548,5.746871730734927,0.005003072773506185,1,
353.000000000,-0.9349296412749045,5.746971791772963,0.005003072773506162,1,
353.100000000,-0.9132632457739916,5.747080191230834,0.005003072773506136,1,
353.200000000,-0.8915968502730788,5.7471885906887055,0.00500307277350611,1,
353.300000000,-0.8715971005799285,5.747288651726741,0.005003072773506086,1,
353.400000000,-0.8515973508867781,5.747388712764777,0.005003072773506063,1,
353.500000000,-0.8315976011936278,5.747488773802813,0.0050030727735060395,1,
353.600000000,-0.8115978515004775,5.747588834840848,0.005003072773506016,1,
353.700000000,-0.7915981018073271,5.747688895878884,0.005003072773505993,1,
353.800000000,-0.7715983521141768,5.74778895691692,0.005003072773505969,1,
353.900000000,-0.7515986024210265,5.7478890179549555,0.005003072773505946,1,
354.000000000,-0.7315988527278762,5.747989078992991,0.005003072773505922,1,
354.100000000,-0.7115991030347258,5.748089140031027,0.005003072773505899,1,
354.200000000,-0.6915993533415755,5.748189201069063,0.005003072773505876,1,
354.300000000,-0.6715996036484252,5.7482892621070985,0.005003072773505852,1,
354.400000000,-0.6515998539552749,5.748389323145134,0.005003072773505829,1,
354.500000000,-0.629933458454362,5.748497722603005,0.005003072773505803,1,
354.600000000,-0.6082670629534491,5.748606122060877,0.005003072773505777,1,
354.700000000,-0.5866006674525363,5.748714521518748,0.005003072773505751,1,
354.800000000,-0.5649342719516234,5.748822920976619,0.005003072773505725,1,
354.900000000,-0.544934522258473,5.748922982014655,0.005003072773505701,1,
355.000000000,-0.5249347725653227,5.7490230430526905,0.005003072773505678,1,
355.100000000,-0.5049350228721724,5.749123104090726,0.005003072773505654,1,
355.200000000,-0.4849352731790221,5.749223165128762,0.005003072773505631,1,
355.300000000,-0.46660216929363424,5.749314887746961,0.005003072773505609,1,
355.400000000,-0.4482690654082464,5.749406610365161,0.005003072773505588,1,
355.500000000,-0.42993596152285857,5.74949833298336,0.005003072773505566,1,
355.600000000,-0.41160285763747073,5.749590055601559,0.005003072773505544,1,
355.700000000,-0.38993646213655786,5.749698455059431,0.005003072773505518,1,
355.800000000,-0.368270066635645,5.749806854517302,0.005003072773505492,1,
355.900000000,-0.3466036711347321,5.749915253975173,0.005003072773505466,1,
356.000000000,-0.32493727563381924,5.750023653433044,0.00500307277350544,1,
356.100000000,-0.3049375259406689,5.75012371447108,0.005003072773505417,1,
356.200000000,-0.2849377762475186,5.750223775509116,0.005003072773505393,1,
356.300000000,-0.26493802655436827,5.750323836547151,0.00500307277350537,1,
356.400000000,-0.2449382768612179,5.750423897585187,0.0050030727735053465,1,
356.500000000,-0.2266051729758301,5.7505156202033865,0.005003072773505325,1,
356.600000000,-0.2082720690904423,5.750607342821586,0.005003072773505303,1,
356.700000000,-0.18827231939729194,5.7507074038596215,0.00500307277350528,1,
356.800000000,-0.1682725697041416,5.750807464897657,0.005003072773505256,1,
356.900000000,-0.14827282001099124,5.750907525935693,0.005003072773505233,1,
357.000000000,-0.12827307031784088,5.751007586973729,0.0050030727735052094,1,
357.100000000,-0.10827332062469053,5.751107648011764,0.005003072773505186,1,
357.200000000,-0.08827357093154017,5.7512077090498,0.005003072773505163,1,
357.300000000,-0.06827382123838982,5.751307770087836,0.005003072773505139,1,
357.400000000,-0.04827407154523947,5.751407831125872,0.005003072773505116,1,
357.500000000,-0.028274321852089127,5.751507892163907,0.005003072773505092,1,
357.600000000,-0.00827457215893878,5.751607953201943,0.005003072773505069,1,
357.700000000,0.010058531726449039,5.751699675820142,0.005003072773505047,1,
357.800000000,0.028391635611836857,5.751791398438342,0.0050030727735050256,1,
357.900000000,0.048391385304987204,5.7518914594763775,0.005003072773505002,1,
358.000000000,0.06839113499813755,5.751991520514413,0.005003072773504979,1,
358.100000000,0.08839088469128789,5.752091581552449,0.005003072773504955,1,
358.200000000,0.10839063438443824,5.752191642590485,0.005003072773504932,1,
358.300000000,0.13005702988535112,5.752300042048356,0.005003072773504906,1,
358.400000000,0.151723425386264,5.752408441506227,0.00500307277350488,1,
358.500000000,0.17172317507941434,5.752508502544263,0.005003072773504856,1,
358.600000000,0.1917229247725647,5.7526085635822986,0.005003072773504833,1,
358.700000000,0.21172267446571505,5.752708624620334,0.00500307277350481,1,
358.800000000,0.2317224241588654,5.75280868565837,0.005003072773504786,1,
358.900000000,0.25005552804425324,5.752900408276569,0.0050030727735047645,1,
359.000000000,0.2683886319296411,5.752992130894769,0.005003072773504743,1,
359.100000000,0.2867217358150289,5.753083853512968,0.005003072773504721,1,
359.200000000,0.30505483970041675,5.753175576131167,0.005003072773504699,1,
359.300000000,0.3233879435858046,5.753267298749367,0.005003072773504678,1,
359.400000000,0.3417210474711924,5.753359021367566,0.005003072773504656,1,
359.500000000,0.36172079716434274,5.753459082405602,0.005003072773504633,1,
359.600000000,0.38172054685749307,5.7535591434436375,0.005003072773504609,1,
359.700000000,0.4000536507428809,5.753650866061837,0.0050030727735045875,1,
359.800000000,0.41838675462826874,5.753742588680036,0.005003072773504566,1,
359.900000000,0.4367198585136566,5.7538343112982355,0.005003072773504544,1,
360.000000000,0.4550529623990444,5.753926033916435,0.0050030727735045225,1,
360.100000000,0.47338606628443225,5.754017756534634,0.005003072773504501,1,
360.200000000,0.4917191701698201,5.7541094791528336,0.005003072773504479,1,
360.300000000,0.5133855656707329,5.754217878610705,0.005003072773504453,1,
360.400000000,0.5350519611716458,5.754326278068576,0.005003072773504427,1,
360.500000000,0.5567183566725586,5.754434677526447,0.005003072773504401,1,
360.600000000,0.5783847521734715,5.754543076984318,0.005003072773504375,1,
360.700000000,0.5983845018666218,5.754643138022353,0.005003072773504352,1,
360.800000000,0.6183842515597722,5.754743199060388,0.005003072773504328,1,
360.900000000,0.63671735544516,5.7548349216785875,0.0050030727735043065,1,
361.000000000,0.6550504593305477,5.754926644296787,0.005003072773504285,1,
361.100000000,0.6733835632159355,5.755018366914986,0.005003072773504263,1,
361.200000000,0.6917166671013233,5.7551100895331855,0.0050030727735042415,1,
361.300000000,0.7100497709867111,5.755201812151385,0.00500307277350422,1,
361.400000000,0.7283828748720989,5.755293534769584,0.005003072773504198,1,
361.500000000,0.7500492703730117,5.755401934227455,0.005003072773504172,1,
361.600000000,0.7717156658739246,5.755510333685327,0.005003072773504146,1,
361.700000000,0.7933820613748375,5.755618733143198,0.00500307277350412,1,
361.800000000,0.8150484568757503,5.755727132601069,0.005003072773504094,1,
361.900000000,0.8350482065689007,5.755827193639104,0.005003072773504071,1,
362.000000000,0.855047956262051,5.755927254677139,0.005003072773504047,1,
362.100000000,0.8750477059552013,5.756027315715174,0.005003072773504024,1,
362.200000000,0.8950474556483516,5.756127376753208,0.005003072773504,1,
362.300000000,0.9133805595337394,5.756219099371408,0.005003072773503979,1,
362.400000000,0.9317136634191272,5.756310821989607,0.005003072773503957,1,
362.500000000,0.950046767304515,5.756402544607806,0.005003072773503935,1,
362.600000000,0.9683798711899028,5.756494267226006,0.005003072773503914,1,
362.700000000,0.9900462666908156,5.756602666683877,0.005003072773503888,1,
362.800000000,1.0117126621917285,5.756711066141748,0.0050030727735038616,1,
362.900000000,1.0333790576926414,5.756819465599619,0.0050030727735038355,1,
363.000000000,1.0550454531935543,5.756927865057491,0.0050030727735038095,1,
363.100000000,1.0750452028867046,5.7570279260955255,0.005003072773503786,1,
363.200000000,1.095044952579855,5.75712798713356,0.005003072773503763,1,
363.300000000,1.1150447022730052,5.757228048171595,0.005003072773503739,1,
363.400000000,1.1350444519661556,5.75732810920963,0.005003072773503716,1,
363.500000000,1.1533775558515433,5.757419831827829,0.005003072773503694,1,
363.600000000,1.1717106597369311,5.757511554446029,0.0050030727735036725,1,
363.700000000,1.1917104094300814,5.7576116154840635,0.005003072773503649,1,
363.800000000,1.2117101591232318,5.757711676522098,0.005003072773503626,1,
363.900000000,1.231709908816382,5.757811737560133,0.005003072773503602,1,
364.000000000,1.2517096585095324,5.757911798598168,0.005003072773503579,1,
364.100000000,1.2717094082026827,5.758011859636203,0.005003072773503555,1,
364.200000000,1.291709157895833,5.758111920674238,0.005003072773503532,1,
364.300000000,1.3117089075889834,5.7582119817122726,0.0050030727735035085,1,
364.400000000,1.3317086572821337,5.758312042750307,0.005003072773503485,1,
364.500000000,1.3500417611675215,5.758403765368507,0.0050030727735034634,1,
364.600000000,1.3683748650529093,5.758495487986706,0.005003072773503442,1,
364.700000000,1.3883746147460596,5.758595549024741,0.005003072773503418,1,
364.800000000,1.40837436443921,5.758695610062776,0.005003072773503395,1,
364.900000000,1.4267074683245977,5.758787332680975,0.005003072773503373,1,
365.000000000,1.4450405722099855,5.758879055299174,0.0050030727735033515,1,
365.100000000,1.4650403219031358,5.758979116337209,0.005003072773503328,1,
365.200000000,1.4850400715962861,5.759079177375244,0.005003072773503305,1,
365.300000000,1.5050398212894365,5.759179238413279,0.005003072773503281,1,
365.400000000,1.5250395709825868,5.759279299451314,0.005003072773503258,1,
365.500000000,1.5450393206757371,5.759379360489349,0.0050030727735032345,1,
365.600000000,1.5650390703688875,5.7594794215273835,0.005003072773503211,1,
365.700000000,1.5850388200620378,5.759579482565418,0.005003072773503188,1,
365.800000000,1.605038569755188,5.759679543603453,0.005003072773503164,1,
365.900000000,1.6250383194483384,5.759779604641488,0.005003072773503141,1,
366.000000000,1.6450380691414888,5.759879665679523,0.005003072773503117,1,
366.100000000,1.6633711730268765,5.759971388297722,0.005003072773503096,1,
366.200000000,1.6817042769122643,5.7600631109159215,0.005003072773503074,1,
366.300000000,1.7033706724131772,5.760171510373793,0.005003072773503048,1,
366.400000000,1.72503706791409,5.760279909831664,0.005003072773503022,1,
366.500000000,1.7450368176072404,5.760379970869699,0.0050030727735029985,1,
366.600000000,1.7650365673003907,5.760480031907734,0.005003072773502975,1,
366.700000000,1.785036316993541,5.7605800929457684,0.005003072773502952,1,
366.800000000,1.8050360666866914,5.760680153983803,0.005003072773502928,1,
366.900000000,1.8233691705720791,5.760771876602003,0.005003072773502907,1,
367.000000000,1.841702274457467,5.760863599220202,0.005003072773502885,1,
367.100000000,1.8617020241506173,5.760963660258237,0.0050030727735028615,1,
367.200000000,1.8817017738437676,5.761063721296272,0.005003072773502838,1,
367.300000000,1.9000348777291554,5.761155443914471,0.005003072773502816,1,
367.400000000,1.9183679816145431,5.76124716653267,0.005003072773502795,1,
367.500000000,1.940034377115456,5.7613555659905415,0.005003072773502769,1,
367.600000000,1.9617007726163689,5.761463965448413,0.005003072773502743,1,
367.700000000,1.9817005223095192,5.761564026486448,0.005003072773502719,1,
367.800000000,2.0017002720026698,5.7616640875244824,0.005003072773502696,1,
367.900000000,2.0217000216958203,5.761764148562517,0.005003072773502672,1,
368.000000000,2.041699771388971,5.761864209600552,0.005003072773502649,1,
368.100000000,2.0616995210821214,5.761964270638587,0.005003072773502626,1,
368.200000000,2.081699270775272,5.762064331676622,0.005003072773502602,1,
368.300000000,2.10003237466066,5.762156054294821,0.0050030727735025805,1,
368.400000000,2.118365478546048,5.7622477769130205,0.005003072773502559,1,
368.500000000,2.1383652282391985,5.762347837951055,0.005003072773502535,1,
368.600000000,2.158364977932349,5.76244789898909,0.005003072773502512,1,
368.700000000,2.1783647276254996,5.762547960027125,0.0050030727735024885,1,
368.800000000,2.19836447731865,5.76264802106516,0.005003072773502465,1,
368.900000000,2.2183642270118007,5.762748082103195,0.005003072773502442,1,
369.000000000,2.2383639767049512,5.7628481431412295,0.005003072773502418,1,
369.100000000,2.2566970805903392,5.762939865759429,0.005003072773502397,1,
369.200000000,2.2750301844757272,5.763031588377628,0.005003072773502375,1,
369.300000000,2.2933632883611152,5.7631233109958275,0.005003072773502353,1,
369.400000000,2.3116963922465033,5.763215033614027,0.0050030727735023315,1,
369.500000000,2.331696141939654,5.763315094652062,0.005003072773502308,1,
369.600000000,2.3516958916328043,5.7634151556900965,0.005003072773502285,1,
369.700000000,2.371695641325955,5.763515216728131,0.005003072773502261,1,
369.800000000,2.3916953910191054,5.763615277766166,0.005003072773502238,1,
369.900000000,2.413361786520018,5.7637236772240374,0.005003072773502212,1,
370.000000000,2.4350281820209307,5.763832076681909,0.005003072773502186,1,
370.100000000,2.4550279317140813,5.7639321377199435,0.005003072773502162,1,
370.200000000,2.475027681407232,5.764032198757978,0.005003072773502139,1,
370.300000000,2.49336078529262,5.764123921376178,0.005003072773502117,1,
370.400000000,2.511693889178008,5.764215643994377,0.005003072773502096,1,
370.500000000,2.5316936388711584,5.764315705032412,0.005003072773502072,1,
370.600000000,2.551693388564309,5.764415766070447,0.005003072773502049,1,
370.700000000,2.570026492449697,5.764507488688646,0.005003072773502027,1,
370.800000000,2.588359596335085,5.764599211306845,0.005003072773502005,1,
370.900000000,2.6100259918359976,5.764707610764717,0.005003072773501979,1,
371.000000000,2.6316923873369102,5.764816010222588,0.005003072773501953,1,
371.100000000,2.653358782837823,5.764924409680459,0.005003072773501927,1,
371.200000000,2.6750251783387355,5.76503280913833,0.005003072773501901,1,
371.300000000,2.695024928031886,5.765132870176365,0.005003072773501878,1,
371.400000000,2.7150246777250366,5.7652329312144,0.0050030727735018545,1,
371.500000000,2.735024427418187,5.765332992252435,0.005003072773501831,1,
371.600000000,2.7550241771113377,5.76543305329047,0.005003072773501808,1,
371.700000000,2.7733572809967257,5.765524775908669,0.005003072773501786,1,
371.800000000,2.7916903848821137,5.765616498526868,0.005003072773501764,1,
371.900000000,2.8100234887675017,5.765708221145068,0.005003072773501743,1,
372.000000000,2.8283565926528897,5.765799943763267,0.005003072773501721,1,
372.100000000,2.8466896965382777,5.765891666381466,0.005003072773501699,1,
372.200000000,2.8650228004236657,5.765983388999666,0.0050030727735016775,1,
372.300000000,2.8850225501168163,5.7660834500377005,0.005003072773501654,1,
372.400000000,2.905022299809967,5.766183511075735,0.005003072773501631,1,
372.500000000,2.9250220495031174,5.76628357211377,0.005003072773501607,1,
372.600000000,2.945021799196268,5.766383633151805,0.005003072773501584,1,
372.700000000,2.963354903081656,5.766475355770004,0.005003072773501562,1,
372.800000000,2.981688006967044,5.766567078388204,0.0050030727735015405,1,
372.900000000,3.000021110852432,5.766658801006403,0.005003072773501519,1,
373.000000000,3.01835421473782,5.766750523624602,0.005003072773501497,1,
373.100000000,3.036687318623208,5.766842246242802,0.0050030727735014754,1,
373.200000000,3.055020422508596,5.766933968861001,0.005003072773501454,1,
373.300000000,3.0750201722017465,5.767034029899036,0.00500307277350143,1,
373.400000000,3.095019921894897,5.767134090937071,0.005003072773501407,1,
373.500000000,3.1150196715880476,5.767234151975106,0.0050030727735013835,1,
373.600000000,3.135019421281198,5.76733421301314,0.00500307277350136,1,
373.700000000,3.153352525166586,5.76742593563134,0.005003072773501338,1,
373.800000000,3.171685629051974,5.767517658249539,0.005003072773501316,1,
373.900000000,3.1916853787451247,5.767617719287574,0.005003072773501292,1,
374.000000000,3.2116851284382752,5.767717780325609,0.005003072773501269,1,
374.100000000,3.231684878131426,5.767817841363644,0.005003072773501246,1,
374.200000000,3.2516846278245763,5.7679179024016785,0.005003072773501222,1,
374.300000000,3.271684377517727,5.768017963439713,0.005003072773501199,1,
374.400000000,3.2916841272108774,5.768118024477748,0.005003072773501175,1,
374.500000000,3.311683876904028,5.768218085515783,0.005003072773501152,1,
374.600000000,3.3316836265971785,5.768318146553818,0.0050030727735011285,1,
374.700000000,3.3500167304825665,5.768409869172017,0.005003072773501107,1,
374.800000000,3.3683498343679545,5.7685015917902165,0.005003072773501085,1,
374.900000000,3.388349584061105,5.768601652828251,0.005003072773501062,1,
375.000000000,3.4083493337542556,5.768701713866286,0.005003072773501038,1,
375.100000000,3.428349083447406,5.768801774904321,0.005003072773501015,1,
375.200000000,3.4483488331405567,5.768901835942356,0.0050030727735009915,1,
375.300000000,3.4683485828337073,5.769001896980391,0.005003072773500968,1,
375.400000000,3.488348332526858,5.7691019580184255,0.005003072773500945,1,
375.500000000,3.5083480822200084,5.76920201905646,0.005003072773500921,1,
375.600000000,3.528347831913159,5.769302080094495,0.005003072773500898,1,
375.700000000,3.5483475816063095,5.76940214113253,0.005003072773500874,1,
375.800000000,3.56834733129946,5.769502202170565,0.005003072773500851,1,
375.900000000,3.5883470809926106,5.7696022632086,0.0050030727735008275,1,
376.000000000,3.608346830685761,5.7697023242466345,0.005003072773500804,1,
376.100000000,3.6283465803789117,5.769802385284669,0.005003072773500781,1,
376.200000000,3.648346330072062,5.769902446322704,0.005003072773500757,1,
376.300000000,3.6683460797652128,5.770002507360739,0.005003072773500734,1,
376.400000000,3.6883458294583633,5.770102568398774,0.00500307277350071,1,
376.500000000,3.7066789333437513,5.770194291016973,0.005003072773500689,1,
376.600000000,3.7250120372291393,5.770286013635173,0.005003072773500667,1,
376.700000000,3.74501178692229,5.770386074673207,0.005003072773500644,1,
376.800000000,3.7650115366154404,5.770486135711242,0.00500307277350062,1,
376.900000000,3.785011286308591,5.770586196749277,0.005003072773500597,1,
377.000000000,3.8050110360017415,5.770686257787312,0.005003072773500573,1,
377.100000000,3.825010785694892,5.770786318825347,0.00500307277350055,1,
377.200000000,3.8450105353880426,5.770886379863382,0.0050030727735005266,1,
377.300000000,3.8633436392734306,5.770978102481581,0.005003072773500505,1,
377.400000000,3.8816767431588186,5.77106982509978,0.005003072773500483,1,
377.500000000,3.901676492851969,5.771169886137815,0.00500307277350046,1,
377.600000000,3.9216762425451197,5.77126994717585,0.005003072773500436,1,
377.700000000,3.943342638046033,5.771378346633721,0.00500307277350041,1,
377.800000000,3.965009033546946,5.771486746091592,0.005003072773500384,1,
377.900000000,3.9850087832400964,5.771586807129627,0.005003072773500361,1,
378.000000000,4.005008532933247,5.771686868167662,0.0050030727735003375,1,
378.100000000,4.0250082826263975,5.771786929205697,0.005003072773500314,1,
378.200000000,4.045008032319548,5.771886990243732,0.005003072773500291,1,
378.300000000,4.063341136204936,5.771978712861931,0.005003072773500269,1,
378.400000000,4.081674240090323,5.77207043548013,0.005003072773500247,1,
378.500000000,4.100007343975711,5.77216215809833,0.005003072773500226,1,
378.600000000,4.118340447861098,5.772253880716529,0.005003072773500204,1,
378.700000000,4.136673551746486,5.7723456033347285,0.005003072773500182,1,
378.800000000,4.155006655631873,5.772437325952928,0.0050030727735001605,1,
378.900000000,4.175006405325024,5.772537386990963,0.005003072773500137,1,
379.000000000,4.1950061550181745,5.7726374480289975,0.005003072773500114,1,
379.100000000,4.215005904711325,5.772737509067032,0.00500307277350009,1,
379.200000000,4.235005654404476,5.772837570105067,0.005003072773500067,1,
379.300000000,4.253338758289863,5.7729292927232665,0.005003072773500045,1,
379.400000000,4.271671862175251,5.773021015341466,0.0050030727735000235,1,
379.500000000,4.291671611868401,5.773121076379501,0.0050030727735,1,
379.600000000,4.311671361561552,5.7732211374175355,0.005003072773499977,1,
379.700000000,4.331671111254702,5.77332119845557,0.005003072773499953,1,
379.800000000,4.351670860947853,5.773421259493605,0.00500307277349993,1,
379.900000000,4.3716706106410035,5.77352132053164,0.005003072773499906,1,
380.000000000,4.391670360334154,5.773621381569675,0.005003072773499883,1,
380.100000000,4.411670110027305,5.77372144260771,0.0050030727734998596,1,
380.200000000,4.431669859720455,5.7738215036457445,0.005003072773499836,1,
380.300000000,4.451669609413606,5.773921564683779,0.005003072773499813,1,
380.400000000,4.471669359106756,5.774021625721814,0.005003072773499789,1,
380.500000000,4.490002462992144,5.7741133483400136,0.005003072773499768,1,
380.600000000,4.508335566877531,5.774205070958213,0.005003072773499746,1,
380.700000000,4.528335316570682,5.774305131996248,0.0050030727734997225,1,
380.800000000,4.548335066263832,5.774405193034283,0.005003072773499699,1,
380.900000000,4.56666817014922,5.774496915652482,0.005003072773499677,1,
381.000000000,4.5850012740346076,5.774588638270681,0.005003072773499656,1,
381.100000000,4.6429197712087324,5.774878411144722,0.04708385072047434,1,
381.200000000,4.700774804878192,5.777604463663173,0.08916462866744901,1,
381.300000000,4.750576178295698,5.782056790045788,0.13916462862257656,1,
381.400000000,4.800092789390845,5.788992583449512,0.18916462857770408,1,
381.500000000,4.8492008724238715,5.798394508002958,0.23916462853283163,1,
381.600000000,4.897777682762408,5.8102390637912125,0.28916462848795926,1,
381.700000000,4.945701803679141,5.824496645593383,0.3391646284430868,1,
381.800000000,4.992853449830393,5.841131616880234,0.3891646283982144,1,
381.900000000,5.05099265396926,5.8649732678192645,0.426326810347303,1,
382.000000000,5.108205912949805,5.89095854007538,0.463488992296392,1,
382.100000000,5.164414222765579,5.9190515513958735,0.5006511742454808,1,
382.200000000,5.219539967113117,5.949213509016845,0.5378133561945695,1,
382.300000000,5.2735070245698745,5.981402763230921,0.5749755381436582,1,
382.400000000,5.3262408737079285,6.015574864900038,0.6121377200927473,1,
382.500000000,5.377668695998293,6.051682626833868,0.6492999020418361,1,
382.600000000,5.427719476363757,6.089676188949146,0.6864620839909249,1,
382.700000000,5.483856414849578,6.135675106507326,0.7138862183117263,1,
382.800000000,5.538710922459183,6.1831960416201035,0.7413103526325276,1,
382.900000000,5.59294418392638,6.232846334843007,0.7677821385477991,1,
383.000000000,5.645844265942451,6.283914716344507,0.7942539244630709,1,
383.100000000,5.697374100651341,6.336365401767712,0.8207257103783424,1,
383.200000000,5.7474975803491954,6.390161638155293,0.8471974962936143,1,
383.300000000,5.796179582785546,6.4452657297028075,0.8736692822088854,1,
383.400000000,5.843385995773985,6.501639064172702,0.9001410681241573,1,
383.500000000,5.88908374109507,6.559242139950467,0.9266128540394284,1,
383.600000000,5.9332407976747135,6.618034593723989,0.9530846399547002,1,
383.700000000,5.975826224021813,6.677975228766716,0.9795564258699717,1,
383.800000000,6.016810179909404,6.7390220438047965,1.0060282117852433,1,
383.900000000,6.054166606170518,6.797979951969272,1.0362318113183657,1,
384.000000000,6.089725524077518,6.858039096780167,1.066435410851488,1,
384.100000000,6.123454497209504,6.919144693001744,1.0966390103846106,1,
384.200000000,6.155322758399379,6.981241000837771,1.126842609917733,1,
384.300000000,6.18530123779929,7.044271376776694,1.1570462094508553,1,
384.400000000,6.213362589397802,7.10817832526117,1.187249808983978,1,
384.500000000,6.238933719190441,7.171546785598884,1.2168202828330248,1,
384.600000000,6.262620107607631,7.235643583086702,1.246390756682071,1,
384.700000000,6.282807317386584,7.295673472912119,1.27379753732265,1,
384.800000000,6.301341925947738,7.356234016144457,1.3012043179632296,1,
384.900000000,6.316878321209427,7.4124603284906385,1.3253667757376606,1,
385.000000000,6.3310517477209505,7.469045589457609,1.349529233512091,1,
385.100000000,6.343122377757589,7.522704697636171,1.372310979413697,1,
385.200000000,6.3539675331260606,7.576624847905191,1.3950927253153032,1,
385.300000000,6.362707580600543,7.625855037526437,1.415803403407672,1,
385.400000000,6.370426235976156,7.675255668688321,1.4365140815000412,1,
385.500000000,6.376673925083818,7.721502227031529,1.4558440477195855,1,
385.600000000,6.382026558269267,7.767860905784916,1.47517401393913,1,
385.700000000,6.386482135596266,7.814314383679052,1.4879405692676633,1,
385.800000000,6.390344315046063,7.860820956845383,1.5007071245961954,1,
385.900000000,6.393379027714136,7.904047896325295,1.5118332335321985,1,
386.000000000,6.395932614835242,7.947305924142022,1.522959342468201,1,
386.100000000,6.397845364498087,7.987260165327749,1.5332295968706657,1,
386.200000000,6.3993476802773746,8.02723194346307,1.54349985127313,1,
386.300000000,6.400348426760073,8.063884950855668,1.5529142511420564,1,
386.400000000,6.401004067923794,8.100545755253673,1.562328651010982,1,
386.500000000,6.401300433034563,8.13554450048434,1.5713151236131386,1,
386.600000000,6.401282275146739,8.170544495774212,1.5803015962152944,1,
386.700000000,6.400981279480975,8.20220973190766,1.5884322142839118,1,
386.800000000,6.400422838659672,8.233871474146945,1.59656283235253,1,
386.900000000,6.39964992902367,8.263861516005777,1.6042655231543779,1,
387.000000000,6.398646040581197,8.293844714767669,1.6119682139562261,1,
387.100000000,6.397342632467052,8.325484545757512,1.6154642464997002,1,
387.200000000,6.3959286186646995,8.357119626644788,1.6189602790431734,1,
387.300000000,6.394564500899506,8.38542010297471,1.6220883081610182,1,
387.400000000,6.3931118652383105,8.413716173857672,1.6252163372788633,1,
387.500000000,6.39166138115003,8.44034336310139,1.6281603646838936,1,
387.600000000,6.39013251228602,8.466966166693568,1.631104392088924,1,
387.700000000,6.38862572442172,8.491920717187055,1.6338644177811403,1,
387.800000000,6.387050067183523,8.516871013864003,1.6366244434733561,1,
387.900000000,6.385515186881648,8.540153809806574,1.6384608166304906,1,
388.000000000,6.383937553290323,8.56343374787986,1.6402971897876244,1,
388.100000000,6.382432913269789,8.58504810659931,1.6420023934335348,1,
388.200000000,6.38089141857136,8.606659868178115,1.6437075970794446,1,
388.300000000,6.3794344848229665,8.62660673119095,1.6452816312141312,1,
388.400000000,6.377946155849114,8.646551276231277,1.6468556653488176,1,
388.500000000,6.376426435337259,8.66649345388483,1.6484296994835037,1,
388.600000000,6.374875327052636,8.686433214743209,1.65000373361819,1,
388.700000000,6.373424709189443,8.704709068182272,1.6514465982416526,1,
388.800000000,6.371947723262999,8.722982809552999,1.6528894628651156,1,
388.900000000,6.370307704083197,8.742915454562878,1.6528894628651156,1,
389.000000000,6.368667684903394,8.762848099572757,1.6528894628651156,1,
389.100000000,6.367164333988574,8.781119690831813,1.6528894628651156,1,
389.200000000,6.365660983073755,8.79939128209087,1.6528894628651156,1,
389.300000000,6.364020963893952,8.819323927100749,1.6528894628651156,1,
389.400000000,6.3623809447141495,8.839256572110628,1.6528894628651156,1,
389.500000000,6.360740925534347,8.859189217120507,1.6528894628651156,1,
389.600000000,6.359100906354544,8.879121862130386,1.6528894628651156,1,
389.700000000,6.357460887174741,8.899054507140265,1.6528894628651156,1,
389.800000000,6.355820867994939,8.918987152150144,1.6528894628651156,1,
389.900000000,6.354044180550152,8.940580850910848,1.6525490956668247,1,
390.000000000,6.352274842994886,8.962175153146854,1.6522087284685343,1,
390.100000000,6.3505128555341175,8.983770056356466,1.6518683612702438,1,
390.200000000,6.348758218371973,9.00536555803792,1.6515279940719534,1,
390.300000000,6.347145338377899,9.025300417408497,1.6512138089658395,1,
390.400000000,6.345538721699235,9.04523578253803,1.6508996238597249,1,
390.500000000,6.343938368494573,9.065171651458655,1.6505854387536103,1,
390.600000000,6.342344278921887,9.085108022202455,1.6502712536474957,1,
390.700000000,6.340888771953813,9.103383486918215,1.649983250633558,1,
390.800000000,6.33943852843495,9.121659370066427,1.6496952476196198,1,
390.900000000,6.337993548485589,9.139935670131184,1.6494072446056818,1,
391.000000000,6.336553832225586,9.158212385596546,1.6491192415917442,1,
391.100000000,6.3348585702377695,9.179812629373806,1.6487788743934533,1,
391.200000000,6.333170660362467,9.201413448911438,1.6484385071951628,1,
391.300000000,6.33161937645424,9.22135319610733,1.6481243220890482,1,
391.400000000,6.330074357394064,9.241293429709364,1.647810136982934,1,
391.500000000,6.328535603334451,9.261234147749194,1.6474959518768197,1,
391.600000000,6.327003114427296,9.281175348258428,1.6471817667707054,1,
391.700000000,6.325604076124158,9.299455222517773,1.6468937637567682,1,
391.800000000,6.324210302537851,9.317735498946242,1.6466057607428293,1,
391.900000000,6.322695565715448,9.337678055762229,1.6466057607428293,1,
392.000000000,6.321180828893046,9.357620612578216,1.6466057607428293,1,
392.100000000,6.319666092070643,9.377563169394204,1.6466057607428293,1,
392.200000000,6.318151355248241,9.397505726210191,1.6466057607428293,1,
392.300000000,6.316510390357305,9.419110162760843,1.6466057607428293,1,
392.400000000,6.314869425466369,9.440714599311494,1.6466057607428293,1,
392.500000000,6.3132284605754325,9.462319035862146,1.6466057607428293,1,
392.600000000,6.311587495684496,9.483923472412798,1.6466057607428293,1,
392.700000000,6.310072758862094,9.503866029228785,1.6466057607428293,1,
392.800000000,6.3085580220396915,9.523808586044773,1.6466057607428293,1,
392.900000000,6.307169513285823,9.542089263126094,1.6466057607428293,1,
393.000000000,6.305781004531954,9.560369940207416,1.6466057607428293,1,
393.100000000,6.304392495778085,9.578650617288737,1.6466057607428293,1,
393.200000000,6.3030039870242165,9.596931294370059,1.6466057607428293,1,
393.300000000,6.301615478270348,9.61521197145138,1.6466057607428293,1,
393.400000000,6.300226969516479,9.633492648532702,1.6466057607428293,1,
393.500000000,6.2987122326940765,9.65343520534869,1.6466057607428293,1,
393.600000000,6.297197495871674,9.673377762164677,1.6466057607428293,1,
393.700000000,6.295556530980738,9.694982198715328,1.6466057607428293,1,
393.800000000,6.293915566089802,9.71658663526598,1.6466057607428293,1,
393.900000000,6.292400829267399,9.736529192081967,1.6466057607428293,1,
394.000000000,6.290886092444997,9.756471748897955,1.6466057607428293,1,
394.100000000,6.289245127554061,9.778076185448606,1.6466057607428293,1,
394.200000000,6.287604162663125,9.799680621999258,1.6466057607428293,1,
394.300000000,6.286089425840722,9.819623178815245,1.6466057607428293,1,
394.400000000,6.28457468901832,9.839565735631233,1.6466057607428293,1,
394.500000000,6.283186180264451,9.857846412712554,1.6466057607428293,1,
394.600000000,6.281797671510582,9.876127089793876,1.6466057607428293,1,
394.700000000,6.280409162756714,9.894407766875197,1.6466057607428293,1,
394.800000000,6.279020654002845,9.912688443956519,1.6466057607428293,1,
394.900000000,6.277505917180442,9.932631000772506,1.6466057607428293,1,
395.000000000,6.27599118035804,9.952573557588494,1.6466057607428293,1,
395.100000000,6.274602671604171,9.970854234669815,1.6466057607428293,1,
395.200000000,6.273214162850302,9.989134911751137,1.6466057607428293,1,
395.300000000,6.271825654096434,10.007415588832458,1.6466057607428293,1,
395.400000000,6.270437145342565,10.02569626591378,1.6466057607428293,1,
395.500000000,6.268417496246028,10.05228634166843,1.6466057607428293,1,
395.600000000,6.2663978471494906,10.078876417423078,1.6466057607428293,1,
395.700000000,6.264504426121487,10.103804613443062,1.6466057607428293,1,
395.800000000,6.262611005093484,10.128732809463045,1.6466057607428293,1,
395.900000000,6.256930742009473,10.203517397522996,1.6466057607428293,1,
396.000000000,6.251250478925463,10.278301985582946,1.6466057607428293,1,
396.100000000,6.2458226719785195,10.349762814173564,1.6466057607428293,1,
396.200000000,6.240394865031576,10.421223642764183,1.6466057607428293,1,
396.300000000,6.234714601947566,10.496008230824133,1.6466057607428293,1,
396.400000000,6.229034338863555,10.570792818884083,1.6466057607428288,1,
396.500000000,6.223354075779545,10.645577406944033,1.6466057607428286,1,
396.600000000,6.217673812695534,10.720361995003984,1.6466057607428282,1,
396.700000000,6.211993549611524,10.795146583063934,1.6466057607428282,1,
396.800000000,6.2063132865275135,10.869931171123884,1.646605760742828,1,
396.900000000,6.200633023443503,10.944715759183834,1.6393097950237616,1,
397.000000000,6.195498532492294,11.019539799456142,1.6320138293046953,1,
397.100000000,6.1909100869873575,11.094399308991326,1.624717863585629,1,
397.200000000,6.186867931175682,11.169290302951843,1.6174218978665627,1,
397.300000000,6.183372280224778,11.244208794824207,1.6101259321474963,1,
397.400000000,6.1804233202112195,11.319150796631194,1.60282996642843,1,
397.500000000,6.178021208110743,11.394112319144124,1.5955340007093637,1,
397.600000000,6.176166071789889,11.469089372095217,1.5882380349902974,1,
397.700000000,6.174858009999195,11.54407796438999,1.5809420692712313,1,
397.800000000,6.174097092367941,11.619074104319711,1.5736461035521647,1,
397.900000000,6.173883359400442,11.694073799773884,1.5720994744135945,1,
398.000000000,6.173785623356702,11.769073736091629,1.5705528452750248,1,
398.100000000,6.173803884470512,11.844073733868507,1.569006216136454,1,
398.200000000,6.173938142698191,11.919073613699933,1.567459586997884,1,
398.300000000,6.174188397718583,11.994073196181603,1.5659129578593136,1,
398.400000000,6.174554648933065,12.069072301909923,1.5643663287207437,1,
398.500000000,6.17503689546554,12.144070751482444,1.562819699582174,1,
398.600000000,6.1756351361624455,12.21906836549828,1.5612730704436033,1,
398.700000000,6.176349369592753,12.294064964558551,1.5597264413050331,1,
398.800000000,6.177179594047972,12.3690603692668,1.558179812166463,1,
398.900000000,6.1781258075421555,12.444054400229426,1.5566331830278923,1,
399.000000000,6.179188007811903,12.519046878056118,1.5550865538893222,1,
399.100000000,6.180366192316366,12.594037623360279,1.5566331830278928,1,
399.200000000,6.181428392586113,12.669030101186971,1.558179812166463,1,
399.300000000,6.182374606080297,12.744024132149598,1.5597264413050325,1,
399.400000000,6.183204830535517,12.819019536857846,1.5612730704436026,1,
399.500000000,6.183919063965824,12.894016135918116,1.5628196995821726,1,
399.600000000,6.184517304662729,12.969013749933954,1.5643663287207425,1,
399.700000000,6.1849995511952045,13.044012199506474,1.565912957859312,1,
399.800000000,6.185365802409686,13.119011305234794,1.5674595869978822,1,
399.900000000,6.185616057430079,13.194010887716464,1.5690062161364517,1,
400.000000000,6.185750315657757,13.26901076754789,1.5705528452750224,1,
400.100000000,6.185768576771568,13.344010765324768,1.572099474413592,1,
400.200000000,6.185670840727828,13.419010701642513,1.573646103552162,1,
400.300000000,6.185457107760329,13.494010397096686,1.575192732690732,1,
400.400000000,6.185127378380333,13.569009672283423,1.5767393618293022,1,
400.500000000,6.184681653376573,13.644008347799868,1.5782859909678717,1,
400.600000000,6.18411993381525,13.719006244244598,1.5798326201064423,1,
400.700000000,6.183442221040033,13.794003182218054,1.5813792492450118,1,
400.800000000,6.18264851667205,13.868998982322967,1.5829258783835818,1,
400.900000000,6.181738822609893,13.943993465164796,1.5756299126645152,1,
401.000000000,6.181376305081292,14.018992589033289,1.5683339469454494,1,
401.100000000,6.181560983383373,14.09399236165911,1.561037981226383,1,
401.200000000,6.182292847685549,14.168988790738387,1.553742015507316,1,
401.300000000,6.183571859030038,14.243977884145233,1.5464460497882502,1,
401.400000000,6.185397949333942,14.318955650144241,1.5391500840691843,1,
401.500000000,6.187771021392868,14.393918097602974,1.5318541183501175,1,
401.600000000,6.190690948886101,14.468861236204411,1.5245581526310512,1,
401.700000000,6.1941575763833345,14.543781076659362,1.517262186911985,1,
401.800000000,6.198170719352936,14.618673630918819,1.5099662211929186,1,
401.900000000,6.202730164171775,14.693534912386237,1.5144697217791105,1,
402.000000000,6.2069524260691,14.768415968097749,1.5189732223653012,1,
402.100000000,6.210837419411178,14.843315279354476,1.5234767229514932,1,
402.200000000,6.214385065404582,14.918231327087291,1.5279802235376847,1,
402.300000000,6.217595292097788,14.993162591887629,1.532483724123876,1,
402.400000000,6.2204680343826375,15.068107554038296,1.536987224710068,1,
402.500000000,6.223003233995656,15.143064693544297,1.5414907252962593,1,
402.600000000,6.225200839519235,15.218032490163663,1.5459942258824508,1,
402.700000000,6.227060806382674,15.293009423438283,1.549041100588198,1,
402.800000000,6.228692319644621,15.367991675768259,1.5520879752939458,1,
402.900000000,6.2300953641590215,15.442978551060477,1.5551348499996935,1,
403.000000000,6.2312699269008,15.517969353178907,1.5581817247054413,1,
403.100000000,6.232215996965975,15.592963385951068,1.5612285994111879,1,
403.200000000,6.232933565571763,15.667959953174481,1.5642754741169362,1,
403.300000000,6.23342262605666,15.742958358623145,1.5673223488226833,1,
403.400000000,6.233683173880504,15.817957906053989,1.570369223528431,1,
403.500000000,6.233715206624515,15.892957899213345,1.5734160982341787,1,
403.600000000,6.2335187239913195,15.967957641843402,1.5764629729399262,1,
403.700000000,6.233093727804951,16.04295643768868,1.5795098476456735,1,
403.800000000,6.232440222010836,16.117953590502484,1.5825567223514208,1,
403.900000000,6.231558212675755,16.192948404053375,1.5825567223514205,1,
404.000000000,6.230676203340674,16.267943217604266,1.5825567223514205,1,
404.100000000,6.229794194005593,16.342938031155157,1.58255672235142,1,
404.200000000,6.228912184670512,16.417932844706048,1.5825567223514199,1,
404.300000000,6.228030175335431,16.49292765825694,1.5825567223514199,1,
404.400000000,6.22714816600035,16.56792247180783,1.5825567223514199,1,
404.500000000,6.226266156665269,16.64291728535872,1.5825567223514192,1,
404.600000000,6.225384147330188,16.71791209890961,1.582556722351419,1,
404.700000000,6.224502137995107,16.792906912460502,1.582556722351419,1,
404.800000000,6.223620128660026,16.867901726011393,1.5825567223514185,1,
404.900000000,6.222738119324945,16.942896539562284,1.5825567223514183,1,
405.000000000,6.221856109989864,17.017891353113175,1.5825567223514183,1,
405.100000000,6.220974100654783,17.092886166664066,1.5810100932128477,1,
405.200000000,6.22020808149225,17.16788225465966,1.5794634640742777,1,
405.300000000,6.2195580543346285,17.24287943770472,1.5779168349357078,1,
405.400000000,6.219024020736824,17.317877536401394,1.5763702057971378,1,
405.500000000,6.218605981976277,17.392876371349644,1.5748235766585668,1,
405.600000000,6.218303939052963,17.46787576314766,1.5732769475199972,1,
405.700000000,6.218117892689386,17.54287553239231,1.573276947519997,1,
405.800000000,6.217931846325809,17.617875301636957,1.5732769475199966,1,
405.900000000,6.217745799962231,17.692875070881605,1.5732769475199966,1,
406.000000000,6.217559753598654,17.767874840126254,1.5732769475199964,1,
406.100000000,6.217373707235077,17.842874609370902,1.5732769475199957,1,
406.200000000,6.2171876608715,17.91787437861555,1.573276947519996,1,
406.300000000,6.2170016145079225,17.9928741478602,1.5732769475199957,1,
406.400000000,6.216815568144345,18.067873917104848,1.5732769475199955,1,
406.500000000,6.216629521780768,18.142873686349496,1.573276947519995,1,
406.600000000,6.216443475417191,18.217873455594145,1.573276947519995,1,
406.700000000,6.216257429053614,18.292873224838793,1.5732769475199948,1,
406.800000000,6.2160713826900365,18.36787299408344,1.5732769475199941,1,
406.900000000,6.215885336326459,18.44287276332809,1.5732769475199944,1,
407.000000000,6.215699289962883,18.51787253257274,1.5732769475199941,1,
407.100000000,6.215513243599307,18.592872301817387,1.5732769475199937,1,
407.200000000,6.21532719723573,18.667872071062035,1.5732769475199935,1,
407.300000000,6.215141150872154,18.742871840306684,1.5732769475199935,1,
407.400000000,6.214955104508578,18.817871609551332,1.5732769475199933,1,
407.500000000,6.214769058145001,18.89287137879598,1.5732769475199928,1,
407.600000000,6.214583011781425,18.96787114804063,1.5732769475199928,1,
407.700000000,6.214396965417849,19.042870917285278,1.5732769475199926,1,
407.800000000,6.214210919054272,19.117870686529926,1.5732769475199917,1,
407.900000000,6.214024872690696,19.192870455774575,1.573276947519992,1,
408.000000000,6.21383882632712,19.267870225019223,1.573276947519992,1,
408.100000000,6.213652779963543,19.34286999426387,1.5732769475199917,1,
408.200000000,6.213466733599967,19.41786976350852,1.5732769475199913,1,
408.300000000,6.213280687236391,19.49286953275317,1.5732769475199913,1,
408.400000000,6.213094640872814,19.567869301997817,1.573276947519991,1,
408.500000000,6.212908594509238,19.642869071242465,1.5732769475199904,1,
408.600000000,6.212722548145662,19.717868840487114,1.5732769475199906,1,
408.700000000,6.212536501782085,19.792868609731762,1.57327694751999,1,
408.800000000,6.212350455418509,19.86786837897641,1.57327694751999,1,
408.900000000,6.212164409054933,19.94286814822106,1.5732769475199897,1,
409.000000000,6.211978362691356,20.017867917465708,1.5732769475199897,1,
409.100000000,6.21179231632778,20.092867686710356,1.5732769475199895,1,
409.200000000,6.211606269964204,20.167867455955005,1.573276947519989,1,
409.300000000,6.211420223600627,20.242867225199653,1.573276947519989,1,
409.400000000,6.211234177237051,20.3178669944443,1.5732769475199888,1,
409.500000000,6.211048130873475,20.39286676368895,1.5732769475199884,1,
409.600000000,6.210862084509898,20.4678665329336,1.5732769475199881,1,
409.700000000,6.210676038146322,20.542866302178247,1.5732769475199881,1,
409.800000000,6.210489991782746,20.617866071422895,1.573276947519988,1,
409.900000000,6.210303945419169,20.692865840667544,1.5732769475199875,1,
410.000000000,6.210117899055593,20.767865609912192,1.5732769475199875,1,
410.100000000,6.209931852692017,20.84286537915684,1.5732769475199873,1,
410.200000000,6.20974580632844,20.91786514840149,1.5732769475199861,1,
410.300000000,6.209559759964864,20.992864917646138,1.5732769475199866,1,
410.400000000,6.209373713601288,21.067864686890786,1.5732769475199861,1,
410.500000000,6.209187667237711,21.142864456135435,1.5732769475199861,1,
410.600000000,6.209001620874135,21.217864225380083,1.573276947519986,1,
410.700000000,6.208815574510559,21.29286399462473,1.573276947519986,1,
410.800000000,6.208629528146982,21.36786376386938,1.5732769475199857,1,
410.900000000,6.208443481783406,21.44286353311403,1.5732769475199853,1,
411.000000000,6.20825743541983,21.517863302358677,1.5732769475199853,1,
411.100000000,6.208071389056253,21.592863071603325,1.5732769475199846,1,
411.200000000,6.207885342692677,21.667862840847974,1.5732769475199846,1,
411.300000000,6.207699296329101,21.742862610092622,1.5732769475199844,1,
411.400000000,6.207513249965524,21.81786237933727,1.5732769475199844,1,
411.500000000,6.207327203601948,21.89286214858192,1.5732769475199837,1,
411.600000000,6.207141157238372,21.967861917826568,1.5732769475199835,1,
411.700000000,6.206955110874795,22.042861687071216,1.5732769475199835,1,
411.800000000,6.206769064511219,22.117861456315865,1.573276947519983,1,
411.900000000,6.206583018147643,22.192861225560513,1.5732769475199828,1,
412.000000000,6.206396971784066,22.26786099480516,1.5732769475199824,1,
412.100000000,6.20621092542049,22.34286076404981,1.5732769475199821,1,
412.200000000,6.206024879056914,22.41786053329446,1.5732769475199821,1,
412.300000000,6.205838832693337,22.492860302539107,1.573276947519982,1,
412.400000000,6.205652786329762,22.567860071783755,1.573276947519982,1,
412.500000000,6.2054667399661865,22.642859841028404,1.5732769475199815,1,
412.600000000,6.205280693602611,22.717859610273052,1.5732769475199815,1,
412.700000000,6.205094647239036,22.7928593795177,1.5732769475199813,1,
412.800000000,6.20490860087546,22.86785914876235,1.5732769475199808,1,
412.900000000,6.204722554511885,22.942858918006998,1.5732769475199808,1,
413.000000000,6.204536508148309,23.017858687251646,1.5732769475199806,1,
413.100000000,6.204350461784734,23.092858456496295,1.5732769475199806,1,
413.200000000,6.204164415421158,23.167858225740943,1.5732769475199804,1,
413.300000000,6.203978369057583,23.24285799498559,1.57327694751998,1,
413.400000000,6.2037923226940075,23.31785776423024,1.57327694751998,1,
413.500000000,6.203606276330432,23.39285753347489,1.5732769475199797,1,
413.600000000,6.203420229966857,23.467857302719537,1.5732769475199793,1,
413.700000000,6.203234183603281,23.542857071964185,1.573276947519979,1,
413.800000000,6.203048137239706,23.617856841208834,1.5732769475199786,1,
413.900000000,6.20286209087613,23.692856610453482,1.5732769475199786,1,
414.000000000,6.202676044512555,23.76785637969813,1.5732769475199784,1,
414.100000000,6.202489998148979,23.84285614894278,1.5732769475199784,1,
414.200000000,6.202303951785404,23.917855918187428,1.5732769475199782,1,
414.300000000,6.2021179054218285,23.992855687432076,1.5732769475199777,1,
414.400000000,6.201931859058253,24.067855456676725,1.5732769475199775,1,
414.500000000,6.201745812694678,24.142855225921373,1.573276947519977,1,
414.600000000,6.201559766331102,24.21785499516602,1.573276947519977,1,
414.700000000,6.201373719967527,24.29285476441067,1.5732769475199768,1,
414.800000000,6.201187673603951,24.36785453365532,1.5732769475199768,1,
414.900000000,6.201001627240376,24.442854302899967,1.5732769475199766,1,
415.000000000,6.2008155808768,24.517854072144615,1.5732769475199762,1,
415.100000000,6.200629534513225,24.592853841389264,1.5732769475199762,1,
415.200000000,6.2004434881496495,24.667853610633912,1.5732769475199755,1,
415.300000000,6.200257441786074,24.74285337987856,1.5732769475199755,1,
415.400000000,6.200071395422499,24.81785314912321,1.5732769475199753,1,
415.500000000,6.199885349058923,24.892852918367858,1.5732769475199748,1,
415.600000000,6.199699302695348,24.967852687612506,1.5732769475199748,1,
415.700000000,6.199513256331772,25.042852456857155,1.5732769475199746,1,
415.800000000,6.199327209968197,25.117852226101803,1.5732769475199746,1,
415.900000000,6.199141163604621,25.19285199534645,1.5732769475199744,1,
416.000000000,6.198955117241046,25.2678517645911,1.573276947519974,1,
416.100000000,6.1987690708774705,25.34285153383575,1.5732769475199737,1,
416.200000000,6.198583024513895,25.417851303080397,1.5732769475199733,1,
416.300000000,6.19839697815032,25.492851072325045,1.5732769475199733,1,
416.400000000,6.198210931786744,25.567850841569694,1.573276947519973,1,
416.500000000,6.198024885423169,25.642850610814342,1.573276947519973,1,
416.600000000,6.197838839059593,25.71785038005899,1.5732769475199728,1,
416.700000000,6.197652792696018,25.79285014930364,1.5732769475199724,1,
416.800000000,6.197466746332442,25.867849918548288,1.5732769475199722,1,
416.900000000,6.197280699968867,25.942849687792936,1.5732769475199717,1,
417.000000000,6.1970946536052915,26.017849457037585,1.5732769475199717,1,
417.100000000,6.196950978130038,26.075768500888337,1.6153577254669462,1,
417.200000000,6.194370870677628,26.133630226828387,1.6574385034139214,1,
417.300000000,6.190044179902732,26.18344267257667,1.7074385033690487,1,
417.400000000,6.183233311709039,26.232976621328365,1.757438503324176,1,
417.500000000,6.17395528971997,26.282108264008592,1.8074385032793039,1,
417.600000000,6.1622333041585575,26.33071479709814,1.8574385032344312,1,
417.700000000,6.148096653883959,26.378674729578293,1.9074385031895598,1,
417.800000000,6.131580673159574,26.425868186595117,1.9574385031446861,1,
417.900000000,6.107249041324438,26.48563122380144,1.9929121602769488,1,
418.000000000,6.080813148219202,26.544493711683057,2.02838581740921,1,
418.100000000,6.052306256763957,26.602381586609017,2.0638594745414713,1,
418.200000000,6.021764235709146,26.659222011253565,2.099333131673733,1,
418.300000000,5.989225514503763,26.71494346624357,2.1348067888059945,1,
418.400000000,5.9547310349415685,26.769475840147688,2.170280445938256,1,
418.500000000,5.918324199646133,26.82275051769393,2.2057541030705177,1,
418.600000000,5.880050817459562,26.874700466104738,2.2412277602027793,1,
418.700000000,5.8334515102531865,26.93346699201776,2.2572477952758097,1,
418.800000000,5.785916781039609,26.991479486521893,2.27326783034884,1,
418.900000000,5.7374588289432635,27.048723061520562,2.2869407039348606,1,
419.000000000,5.688222746544184,27.105298747022296,2.3006135775208802,1,
419.100000000,5.638217738260115,27.16119596651048,2.3142864511069003,1,
419.200000000,5.5874531522553115,27.21640427030403,2.327959324692921,1,
419.300000000,5.535938478692951,27.2709133375109,2.3416321982789405,1,
419.400000000,5.483683347960999,27.32471297795753,2.3553050718649606,1,
419.500000000,5.43069752887186,27.377793134093825,2.3689779454509807,1,
419.600000000,5.376990926836154,27.430143882873363,2.382650819037001,1,
419.700000000,5.322573582010949,27.481755437608467,2.382650819037001,1,
419.800000000,5.268156237185744,27.53336699234357,2.382650819037001,1,
419.900000000,5.2137388923605394,27.584978547078673,2.3811041898984304,1,
420.000000000,5.159401436522761,27.636674203502377,2.37955756075986,1,
420.100000000,5.105143999650929,27.6884538379555,2.3780109316212896,1,
420.200000000,5.050966711532155,27.74031732657799,2.3764643024827192,1,
420.300000000,4.9968697017618275,27.79226454530921,2.374917673344149,1,
420.400000000,4.9428530997433064,27.84429536988823,2.373371044205579,1,
420.500000000,4.888917034687609,27.89640967585413,2.371824415067008,1,
420.600000000,4.835061635613107,27.948607338546303,2.3702777859284376,1,
420.700000000,4.781287031345209,28.000888233104746,2.3687311567898672,1,
420.800000000,4.727593350516062,28.053252234470357,2.367184527651297,1,
420.900000000,4.673980721564237,28.10569921738524,2.3656378985127264,1,
421.000000000,4.620449272734424,28.158229056393,2.364091269374156,1,
421.100000000,4.566999132077126,28.21084162583905,2.3625446402355856,1,
421.200000000,4.513630427448351,28.263536799870895,2.3609980110970152,1,
421.300000000,4.460343286509309,28.31631445243846,2.359451381958445,1,
421.400000000,4.4071378367261005,28.369174457294367,2.3579047528198744,1,
421.500000000,4.35401420536942,28.42211668799425,2.356358123681304,1,
421.600000000,4.3009725195142465,28.47514101789705,2.3548114945427336,1,
421.700000000,4.248012906039538,28.528247320165327,2.3548114945427336,1,
421.800000000,4.195053292564829,28.581353622433603,2.3548114945427336,1,
421.900000000,4.14209367909012,28.63445992470188,2.3548114945427336,1,
422.000000000,4.089134065615411,28.687566226970155,2.3548114945427336,1,
422.100000000,4.036174452140703,28.74067252923843,2.3548114945427336,1,
422.200000000,3.9832148386659942,28.793778831506707,2.3548114945427336,1,
422.300000000,3.930255225191286,28.846885133774983,2.3548114945427336,1,
422.400000000,3.8772956117165776,28.89999143604326,2.3548114945427336,1,
422.500000000,3.824335998241869,28.953097738311534,2.3548114945427336,1,
422.600000000,3.771376384767161,29.00620404057981,2.3548114945427336,1,
422.700000000,3.7184167712924525,29.059310342848086,2.3548114945427336,1,
422.800000000,3.665457157817744,29.11241664511636,2.3548114945427336,1,
422.900000000,3.612497544343036,29.165522947384638,2.3548114945427336,1,1
423.000000000,3.5595379308683275,29.218629249652913,2.3548114945427336,1,1
423.100000000,3.5595379308683275,29.218629249652913,2.3548114945427336,1,1
423.200000000,3.5595379308683275,29.218629249652913,2.3548114945427336,1,1
423.300000000,3.5595379308683275,29.218629249652913,2.3548114945427336,1,1
423.400000000,3.5595379308683275,29.218629249652913,2.3548114945427336,1,1
423.500000000,3.5595379308683275,29.218629249652913,2.3548114945427336,1,1
423.600000000,3.5595379308683275,29.218629249652913,2.3548114945427336,1,1
423.700000000,3.5595379308683275,29.218629249652913,2.3548114945427336,1,1
423.800000000,3.5595379308683275,29.218629249652913,2.3548114945427336,1,1
423.900000000,3.5595379308683275,29.218629249652913,2.3548114945427336,1,1
424.000000000,3.5595379308683275,29.218629249652913,2.3548114945427336,1,1
424.100000000,3.5595379308683275,29.218629249652913,2.3548114945427336,1,1
424.200000000,3.5595379308683275,29.218629249652913,2.3548114945427336,1,1
424.300000000,3.5595379308683275,29.218629249652913,2.3548114945427336,1,1
424.400000000,3.5595379308683275,29.218629249652913,2.3548114945427336,1,1
424.500000000,3.5595379308683275,29.218629249652913,2.3548114945427336,1,1
424.600000000,3.5595379308683275,29.218629249652913,2.3548114945427336,1,1
424.700000000,3.5595379308683275,29.218629249652913,2.3548114945427336,1,1
424.800000000,3.5595379308683275,29.218629249652913,2.3548114945427336,1,1
424.900000000,3.5595379308683275,29.218629249652913,2.3548114945427336,1,1
425.000000000,3.5595379308683275,29.218629249652913,2.3548114945427336,1,1
425.100000000,3.5595379308683275,29.218629249652913,2.3548114945427336,1,1
425.200000000,3.5595379308683275,29.218629249652913,2.3548114945427336,1,1
425.300000000,3.5595379308683275,29.218629249652913,2.3548114945427336,1,1
425.400000000,3.5595379308683275,29.218629249652913,2.3548114945427336,1,1
425.500000000,3.5595379308683275,29.218629249652913,2.3548114945427336,1,1
425.600000000,3.5595379308683275,29.218629249652913,2.3548114945427336,1,1
425.700000000,3.5595379308683275,29.218629249652913,2.3548114945427336,1,1
425.800000000,3.5595379308683275,29.218629249652913,2.3548114945427336,1,1
425.900000000,3.5595379308683275,29.218629249652913,2.3548114945427336,1,1
426.000000000,3.5595379308683275,29.218629249652913,2.3548114945427336,1,1
426.100000000,3.5595379308683275,29.218629249652913,2.3548114945427336,1,1
426.200000000,3.5595379308683275,29.218629249652913,2.3548114945427336,1,1
426.300000000,3.5595379308683275,29.218629249652913,2.3548114945427336,1,1
426.400000000,3.5595379308683275,29.218629249652913,2.3548114945427336,1,1
426.500000000,3.5595379308683275,29.218629249652913,2.3548114945427336,1,1
426.600000000,3.5595379308683275,29.218629249652913,2.3548114945427336,1,1
426.700000000,3.5595379308683275,29.218629249652913,2.3548114945427336,1,1
426.800000000,3.5595379308683275,29.218629249652913,2.3548114945427336,1,1
426.900000000,3.5595379308683275,29.218629249652913,2.3548114945427336,1,1
427.000000000,3.5595379308683275,29.218629249652913,2.3548114945427336,1,1
427.100000000,3.5595379308683275,29.218629249652913,2.3548114945427336,1,1
427.200000000,3.5595379308683275,29.218629249652913,2.3548114945427336,1,1
427.300000000,3.5595379308683275,29.218629249652913,2.3548114945427336,1,1
427.400000000,3.5595379308683275,29.218629249652913,2.3548114945427336,1,1
427.500000000,3.5595379308683275,29.218629249652913,2.3548114945427336,1,1
427.600000000,3.5595379308683275,29.218629249652913,2.3548114945427336,1,1
427.700000000,3.5595379308683275,29.218629249652913,2.3548114945427336,1,1
427.800000000,3.5595379308683275,29.218629249652913,2.3548114945427336,1,1
427.900000000,3.5595379308683275,29.218629249652913,2.3548114945427336,1,1
428.000000000,3.5595379308683275,29.218629249652913,2.3548114945427336,1,1
428.100000000,3.5595379308683275,29.218629249652913,2.3548114945427336,1,1
428.200000000,3.5595379308683275,29.218629249652913,2.3548114945427336,1,1
428.300000000,3.5595379308683275,29.218629249652913,2.3548114945427336,1,1
428.400000000,3.5595379308683275,29.218629249652913,2.3548114945427336,1,1
428.500000000,3.5595379308683275,29.218629249652913,2.3548114945427336,1,1
428.600000000,3.5595379308683275,29.218629249652913,2.3548114945427336,1,1
428.700000000,3.5595379308683275,29.218629249652913,2.3548114945427336,1,1
428.800000000,3.5595379308683275,29.218629249652913,2.3548114945427336,1,1
428.900000000,3.5595379308683275,29.218629249652913,2.3548114945427336,1,1
429.000000000,3.5595379308683275,29.218629249652913,2.3548114945427336,1,1
429.100000000,3.506578317393619,29.27173555192119,2.3696709059659677,1,1
429.200000000,3.452835451253783,29.324049071579836,2.384530317389202,1,1
429.300000000,3.3983211987685995,29.375558257905983,2.399389728812436,1,1
429.400000000,3.3430475965784465,29.426251737771985,2.41424914023567,1,1
429.500000000,3.2870268489866317,29.476118318156587,2.4367614076049953,1,1
429.600000000,3.2298977815445538,29.5247112153042,2.4592736749743205,1,1
429.700000000,3.171689346165482,29.57200580326858,2.4817859423436457,1,1
429.800000000,3.1124310417656087,29.61797811406162,2.504298209712971,1,1
429.900000000,3.052152899314567,29.662604849799873,2.526810477082296,1,1
430.000000000,2.9908854666163096,29.70586339451146,2.5493227444516213,1,1
430.100000000,2.9286597928280726,29.747731825597423,2.5718350118209465,1,1
430.200000000,2.865507412725257,29.78818892494166,2.5943472791902717,1,1
430.300000000,2.801460330720211,29.827214189663874,2.616859546559597,1,1
430.400000000,2.736551004643009,29.86478784251003,2.639371813928922,1,1
430.500000000,2.670812329292448,29.90089084187509,2.660852317425037,1,1
430.600000000,2.6043133686994357,29.935573521126397,2.682332820921152,1,1
430.700000000,2.5370848051046115,29.968819877873816,2.703813324417267,1,1
430.800000000,2.4691576573832736,30.000614572438216,2.725293827913382,1,1
430.900000000,2.400563266733446,30.030942934929108,2.745723910324027,1,1
431.000000000,2.3313636229897257,30.059863676720116,2.7661539927346723,1,1
431.100000000,2.261587608266904,30.087364727052794,2.7865840751453175,1,1
431.200000000,2.1912643452418887,30.113434607710644,2.8070141575559626,1,1
431.300000000,2.1204231849986646,30.13806243780982,2.829526424925288,1,1
431.400000000,2.049045593758413,30.16108936701759,2.852038692294613,1,1
431.500000000,1.9771677443123856,30.18250372572884,2.8745509596639383,1,1
431.600000000,1.9048260629730762,30.2022946615582,2.8970632270332635,1,1
431.700000000,1.8320572111140674,30.2204521448398,2.9175809052398334,1,1
431.800000000,1.758931152395205,30.237112863199027,2.9380985834464033,1,1
431.900000000,1.6887432247614853,30.251596161359142,2.9553042278267374,1,1
432.000000000,1.6183165037021638,30.264869746856046,2.9725098722070715,1,1
432.100000000,1.549314736636687,30.27664922654921,2.988156725991403,1,1
432.200000000,1.480137111768497,30.287347647815732,3.0038035797757345,1,1
432.300000000,1.4157531755737198,30.296275624073925,3.0183328011468995,1,1
432.400000000,1.3512463229486111,30.304267242458366,3.0328620225180645,1,1
432.500000000,1.2916006441703718,30.310778233403152,3.046273611476063,1,1
432.600000000,1.2318730094507881,30.31648871944236,3.0596852004340613,1,1
432.700000000,1.1803795573771416,30.32071587427552,3.076472718052256,1,1
432.800000000,1.1288224009915526,30.324078026841416,3.093260235670451,1,1
432.900000000,1.0805455105493098,30.326413184296236,3.108964687635859,1,1
433.000000000,1.0322379023842265,30.32798992285411,3.1246691396012674,1,1
433.100000000,0.9839114903477377,30.328807853652293,3.1354729195952107,1,1
433.200000000,0.935579062080897,30.329103638949107,-3.136908607590432,1,1
433.300000000,0.8905795557364502,30.328892857649905,-3.129054850349341,1,1
433.400000000,0.8455830926115949,30.32832867128571,-3.12120109310825,1,1
433.500000000,0.8005924481415314,30.327411114656208,-3.113347335867159,1,1
433.600000000,0.7556103974025583,30.326140244357376,-3.105493578626068,1,1
433.700000000,0.7139708766047291,30.324636442894995,-3.0982215811806135,1,1
433.800000000,0.672343392335521,30.322829881374332,-3.090949583735159,1,1
433.900000000,0.6307301459276435,30.320720655329456,-3.08964015598485,1,1
434.000000000,0.5891196970731442,30.318556941568765,-3.088330728234541,1,1
434.100000000,0.5508407235137963,30.316516199623493,-3.0871260547042567,1,1
434.200000000,0.5125642361576107,30.31442934550396,-3.0859213811739723,1,1
434.300000000,0.4776184597359051,30.312481857305237,-3.084821461863713,1,1
434.400000000,0.4426748465327348,30.310495932758023,-3.0837215425534534,1,1
434.500000000,0.40939731538123947,30.308567972288415,-3.0826740003532063,1,1
434.600000000,0.376121822107786,30.3066051532648,-3.081626458152959,1,1
434.700000000,0.34617574511512894,30.30480724538344,-3.0806836701727365,1,1
434.800000000,0.3162313764769328,30.302981105503854,-3.079740882192514,1,1
434.900000000,0.2879522224574291,30.301229755818905,-3.0788504713223035,1,1
435.000000000,0.2596746390688179,30.299453226765408,-3.077960060452093,1,1
435.100000000,0.22640876808251104,30.29733357145534,-3.084863061924913,1,1
435.200000000,0.19312905780868544,30.295443599180057,-3.091766063397733,1,1
435.300000000,0.11822213938945718,30.291708151022863,-3.108922202260968,1,1
435.400000000,0.04326216176904138,30.289258303038444,-3.1260783411242032,1,1
435.500000000,0.016598704289888352,30.288844604635607,-3.131600742302459,1,1
435.600000000,-0.010066631210637833,30.28857815810159,-3.137123143480715,1,1
435.700000000,-0.08506588209236184,30.288242945959475,3.1267022031243843,1,1
435.800000000,-0.16005756753917774,30.289359688474928,3.1073422425498975,1,1
435.900000000,-0.23501358093983732,30.291927967096914,3.0890732074447294,1,1
436.000000000,-0.30991016875482447,30.295865115007764,3.070804172339561,1,1
436.100000000,-0.38472233437071673,30.301169818190818,3.0677572976338134,1,1
436.200000000,-0.4595179899886053,30.306702439693343,3.0647104229280657,1,1
436.300000000,-0.5342964412476369,30.31246292815359,3.069743596302591,1,1
436.400000000,-0.6091029387483413,30.317846972328475,3.0747767696771167,1,1
436.500000000,-0.6824670855896102,30.322756170301908,3.0483049837618448,1,1
436.600000000,-0.7556755887085868,30.329605501478632,3.021833197846573,1,1
436.700000000,-0.8286771498434903,30.338390166432777,2.995361411931301,1,1
436.800000000,-0.9014206157397952,30.34910400962198,2.968889626016029,1,1
436.900000000,-0.9753049054195324,30.36199244391481,2.9528695909429987,1,1
437.000000000,-1.048973250075769,30.376062802673918,2.9368495558699683,1,1
437.100000000,-1.1224067437566236,30.391311474938213,2.920829520796938,1,1
437.200000000,-1.1955865407814383,30.40773454734891,2.9048094857239075,1,1
437.300000000,-1.268493860577259,30.425327805153817,2.888789450650877,1,1
437.400000000,-1.3411099924986072,30.44408673328901,2.8727694155778467,1,1
437.500000000,-1.4134163006293061,30.46400651753755,2.8567493805048163,1,1
437.600000000,-1.4853942285651278,30.48508204576499,2.840729345431786,1,1
437.700000000,-1.557025304176036,30.50730790923133,2.845232846017977,1,1
437.800000000,-1.62875574724552,30.529210957810363,2.8497363466041685,1,1
437.900000000,-1.7005841029738002,30.55079074727578,2.8570323123232346,1,1
438.000000000,-1.7725679909661365,30.571845909813902,2.8643282780423007,1,1
438.100000000,-1.844703579456851,30.59237532463991,2.871624243761367,1,1
438.200000000,-1.9169870286051145,30.612377898954993,2.878920209480433,1,1
438.300000000,-1.9894144906993452,30.631852568004525,2.886216175199499,1,1
438.400000000,-2.0619821103620253,30.65079829513474,2.893512140918565,1,1
438.500000000,-2.1346860247549264,30.66921407184792,2.9008081066376312,1,1
438.600000000,-2.2075223637847317,30.687098917856073,2.9081040723566973,1,1
438.700000000,-2.2804872503090445,30.70445188113311,2.9154000380757634,1,1
438.800000000,-2.353576800342772,30.72127203796553,2.9226960037948295,1,1
438.900000000,-2.426787123264873,30.737558493001593,2.9375554152180636,1,1
439.000000000,-2.5002313620690413,30.752755327753484,2.9524148266412977,1,1
439.100000000,-2.573893300410927,30.7668591867898,2.967274238064532,1,1
439.200000000,-2.6477566738785465,30.77986695600604,2.982133649487766,1,1
439.300000000,-2.7218051735834363,30.791775763312184,2.996386764480857,1,1
439.400000000,-2.796015883744606,30.80262797494737,3.010639879473948,1,1
439.500000000,-2.870373728616001,30.812421386308156,3.024020354773585,1,1
439.600000000,-2.9448559537681995,30.82121900737167,3.0374008300732216,1,1
439.700000000,-3.0194492243171305,30.829019263060683,3.0475071803372393,1,1
439.800000000,-3.0941175162571644,30.836065267514122,3.057613530601257,1,1
439.900000000,-3.168853203159642,30.84235630107109,3.0670882339737737,1,1
440.000000000,-3.24364514036082,30.847938964386657,3.0765629373462904,1,1
440.100000000,-3.313497182273251,30.852487836847388,3.085405993827306,1,1
440.200000000,-3.3833867184127597,30.856418833947913,3.0942490503083215,1,1
440.300000000,-3.4483138859731928,30.859495018691952,3.102460459897836,1,1
440.400000000,-3.5132641241448694,30.862037962152293,3.1106718694873505,1,1
440.500000000,-3.573235443583405,30.863892913580536,3.118251632185364,1,1
440.600000000,-3.633219100227012,30.865293247705615,3.1258313948833774,1,1
440.700000000,-3.6898787285498975,30.866186348720955,3.1329900596537232,1,1
440.800000000,-3.7465432984318596,30.866673823031388,3.140148724424069,1,1
440.900000000,-3.7998765761670312,30.866750832560133,-3.1362990159128383,1,1
441.000000000,-3.85320916223278,30.866468506535952,-3.1295614490701595,1,1
441.100000000,-3.906538635615816,30.86582685777493,-3.125364024710996,1,1
441.200000000,-3.95986494594608,30.864961368892963,-3.121166600351833,1,1
441.300000000,-4.008188196725081,30.863974178303014,-3.117362684526341,1,1
441.400000000,-4.056507342710354,30.862803177720192,-3.113558768700849,1,1
441.500000000,-4.101489661147599,30.86154181813215,-3.110017191897805,1,1
441.600000000,-4.146467230291266,30.86012115845207,-3.1064756150947606,1,1
441.700000000,-4.1897738468985315,30.858599732867575,-3.10306520780294,1,1
441.800000000,-4.233075022988206,30.856930623216066,-3.0996548005111197,1,1
441.900000000,-4.27303985247302,30.855253600780376,-3.0977684483981793,1,1
442.000000000,-4.313001447401003,30.85350119363255,-3.095882096285239,1,1
442.100000000,-4.349629814061312,30.85182572347691,-3.09415294018171,1,1
442.200000000,-4.386255228814575,30.85008691969387,-3.092423784078181,1,1
442.300000000,-4.419548277302717,30.84844861768346,-3.090851823984064,1,1
442.400000000,-4.45283870931201,30.846757982375138,-3.0892798638899466,1,1
442.500000000,-4.484462055916472,30.845102166167994,-3.0877865018005353,1,1
442.600000000,-4.516082894526616,30.843399126717784,-3.086293139711124,1,1
442.700000000,-4.546037035671379,30.841740986711734,-3.0848783756264186,1,1
442.800000000,-4.575988800962534,30.840040470336174,-3.0834636115417133,1,1
442.900000000,-4.602610427173539,30.838491235366046,-3.083044698066894,1,1
443.000000000,-4.6292314020532634,30.83693084837424,-3.082625784592075,1,1
443.100000000,-4.654187951000234,30.835457530805815,-3.0822330532094324,1,1
443.200000000,-4.679143919404551,30.833974412131287,-3.08184032182679,1,1
443.300000000,-4.702435611149557,30.832581020549537,-3.0814737725363233,1,1
443.400000000,-4.7257267905831615,30.831179091508503,-3.0811072232458567,1,1
443.500000000,-4.747353835719368,30.829869372790256,-3.0807668560475663,1,1
443.600000000,-4.768980433817547,30.828552293011256,-3.080426488849276,1,1
443.700000000,-4.788943032483438,30.827329732376946,-3.0801123037431615,1,1
443.800000000,-4.808905246053715,30.826100899851898,-3.079798118637047,1,1
443.900000000,-4.830530558099877,30.824762870199542,-3.0794577514387567,1,1
444.000000000,-4.852155413471999,30.82341748007796,-3.079117384240466,1,1
444.100000000,-4.872116394573088,30.82216878736878,-3.078803199134352,1,1
444.200000000,-4.892076982368335,30.82091382327837,-3.0784890140282375,1,1
444.300000000,-4.913700524263973,30.819547484984962,-3.078148646829947,1,1
444.400000000,-4.935323599850341,30.81817378682647,-3.0778082796316566,1,1
444.500000000,-4.955282929178405,30.816898964182375,-3.0774940945255422,1,1
444.600000000,-4.975241856991072,30.8156178706773,-3.077179909419428,1,1
444.700000000,-4.996863591678742,30.81422322608441,-3.0768395422211374,1,1
444.800000000,-5.01848485042271,30.812821222243183,-3.076499175022847,1,1
444.900000000,-5.038442493772355,30.811520271848906,-3.0761849899167326,1,1
445.000000000,-5.058399727397737,30.81021305112465,-3.0758708048106183,1,1
445.100000000,-5.091661097282895,30.80802389958265,-3.0753471629670948,1,1
445.200000000,-5.124921316276609,30.805817331296538,-3.0748235211235713,1,1
445.300000000,-5.156517422309787,30.80370454609261,-3.074326061372224,1,1
445.400000000,-5.188112473407922,30.801576043359702,-3.0738286016208765,1,1
445.500000000,-5.216380778768688,30.79965753096509,-3.073383506053881,1,1
445.600000000,-5.2446482274080015,30.797726436663524,-3.072938410486886,1,1
445.700000000,-5.272914813725798,30.795782760837582,-3.072938410486886,1,1
445.800000000,-5.301181400043594,30.79383908501164,-3.072938410486886,1,1
445.900000000,-5.327785245989755,30.79200974305781,-3.072938410486886,1,1
446.000000000,-5.354389091935916,30.79018040110398,-3.072938410486886,1,1
446.100000000,-5.379330197510442,30.788465393022268,-3.072938410486886,1,1
446.200000000,-5.404271303084968,30.786750384940554,-3.072938410486886,1,1
446.300000000,-5.42754966828786,30.785149710730956,-3.072938410486886,1,1
446.400000000,-5.450828033490751,30.783549036521357,-3.072938410486886,1,1
446.500000000,-5.472443658322007,30.78206269618387,-3.072938410486886,1,1
446.600000000,-5.494059283153263,30.780576355846385,-3.072938410486886,1,1
446.700000000,-5.514012167612884,30.779204349381015,-3.072938410486886,1,1
446.800000000,-5.533965052072505,30.777832342915644,-3.072938410486886,1,1
446.900000000,-5.55225519616049,30.776574670322386,-3.072938410486886,1,1
447.000000000,-5.570545340248476,30.775316997729128,-3.072938410486886,1,1
447.100000000,-5.5921609650797315,30.773830657391642,-3.072938410486886,1,1
447.200000000,-5.613776589910987,30.772344317054156,-3.072938410486886,1,1
447.300000000,-5.633729474370608,30.770972310588785,-3.072938410486886,1,1
447.400000000,-5.653682358830229,30.769600304123415,-3.072938410486886,1,1
447.500000000,-5.6736352432898505,30.768228297658045,-3.072938410486886,1,1
447.600000000,-5.6935881277494715,30.766856291192674,-3.072938410486886,1,1
447.700000000,-5.713541012209093,30.765484284727304,-3.0741967038305176,1,1
447.800000000,-5.73349560725914,30.76413738592316,-3.075454997174149,1,1
447.900000000,-5.766756064003017,30.76193440423921,-3.0775521527468683,1,1
448.000000000,-5.800021067598082,30.759801179700766,-3.0796493083195875,1,1
448.100000000,-5.833290471742857,30.757737721689875,-3.0817464638923067,1,1
448.200000000,-5.866564130116512,30.75574403928175,-3.083843619465026,1,1
448.300000000,-5.921472444450447,30.752569607520662,-3.087303926160012,1,1
448.400000000,-5.976391414541807,30.74958519399297,-3.0907642328549985,1,1
448.500000000,-6.032984896996592,30.74670615687076,-3.094329397328621,1,1
448.600000000,-6.089588284008045,30.744028902691053,-3.097894561802243,1,1
448.700000000,-6.1462008561253665,30.741553465482777,-3.100566893962242,1,1
448.800000000,-6.202819841280041,30.73922932453055,-3.1032392261222412,1,1
448.900000000,-6.259444835135801,30.73705649643189,-3.1059115582822403,1,1
449.000000000,-6.316075433313466,30.73503499670373,-3.1085838904422394,1,1
449.100000000,-6.372711231393835,30.733164839782326,-3.1112562226022384,1,1
449.200000000,-6.429351824920574,30.731446039023123,-3.1139285547622375,1,1
449.300000000,-6.485996809403101,30.72987860670069,-3.1166008869222366,1,1
449.400000000,-6.542645780319477,30.72846255400862,-3.1192732190822356,1,1
449.500000000,-6.597632081566358,30.727235087028536,-3.121866953237529,1,1
449.600000000,-6.6526213815738195,30.72615024386502,-3.1244606873928227,1,1
449.700000000,-6.7092797324896845,30.725179479936045,-3.125350878526813,1,1
449.800000000,-6.7659389251217,30.724259153146697,-3.1262410696608036,1,1
449.900000000,-6.8209324442929296,30.723414849194526,-3.127105078702618,1,1
450.000000000,-6.875926672423668,30.72261806044939,-3.1279690877444324,1,1
450.100000000,-6.93258808046119,30.721846082265394,-3.128859278878423,1,1
450.200000000,-6.989250153256367,30.721124543863684,-3.1297494700124133,1,1
450.300000000,-7.0425797463401585,30.72049292217178,-3.130587296962051,1,1
450.400000000,-7.0959098498961035,30.71990598166663,-3.131425123911689,1,1
450.500000000,-7.1525735875259775,30.719329831578595,-3.1323153150456795,1,1
450.600000000,-7.209237815588172,30.718804123269035,-3.13320550617967,1,1
450.700000000,-7.264235881132866,30.71834283556968,-3.13320550617967,1,1
450.800000000,-7.319233946677559,30.717881547870324,-3.13320550617967,1,1
450.900000000,-7.375898620269061,30.717406281755835,-3.13320550617967,1,1
451.000000000,-7.4325632938605635,30.716931015641347,-3.13320550617967,1,1
451.100000000,-7.487561359405257,30.71646972794199,-3.13320550617967,1,1
451.200000000,-7.542559424949951,30.716008440242636,-3.13320550617967,1,1
451.300000000,-7.599224098541453,30.715533174128147,-3.13320550617967,1,1
451.400000000,-7.655888772132955,30.71505790801366,-3.13320550617967,1,1
451.500000000,-7.712553445724457,30.71458264189917,-3.13320550617967,1,1
451.600000000,-7.769218119315959,30.714107375784682,-3.13320550617967,1,1
451.700000000,-7.820882968767036,30.71367404491559,-3.13320550617967,1,1
451.800000000,-7.872547818218112,30.713240714046496,-3.13320550617967,1,1
451.900000000,-7.92087945157557,30.71283534000767,-3.13320550617967,1,1
452.000000000,-7.969211084933028,30.71242996596884,-3.13320550617967,1,1
452.100000000,-8.014209502196868,30.712052548760276,-3.13320550617967,1,1
452.200000000,-8.05920791946071,30.71167513155171,-3.13320550617967,1,1
452.300000000,-8.100873120630931,30.711325671173412,-3.13320550617967,1,1
452.400000000,-8.142538321801153,30.710976210795113,-3.13320550617967,1,1
452.500000000,-8.182536914924567,30.710640728831944,-3.13320550617967,1,1
452.600000000,-8.222535508047981,30.710305246868774,-3.13320550617967,1,1
452.700000000,-8.259200885077776,30.70999772173587,-3.13320550617967,1,1
452.800000000,-8.295866262107571,30.709690196602967,-3.13320550617967,1,1
452.900000000,-8.32919842304375,30.709410628300326,-3.13320550617967,1,1
453.000000000,-8.362530583979927,30.709131059997684,-3.13320550617967,1,1
453.100000000,-8.394196136869295,30.708865470110176,-3.13320550617967,1,1
453.200000000,-8.425861689758664,30.708599880222668,-3.13320550617967,1,1
453.300000000,-8.455860634601224,30.708348268750292,-3.13320550617967,1,1
453.400000000,-8.485859579443785,30.708096657277917,-3.13320550617967,1,1
453.500000000,-8.512525308192727,30.707873002635804,-3.13320550617967,1,1
453.600000000,-8.539191036941668,30.70764934799369,-3.13320550617967,1,1
453.700000000,-8.564190157643802,30.70743967176671,-3.13320550617967,1,1
453.800000000,-8.589189278345936,30.70722999553973,-3.13320550617967,1,1
453.900000000,-8.61252179100126,30.707034297727883,-3.13320550617967,1,1
454.000000000,-8.635854303656584,30.706838599916036,-3.13320550617967,1,1
454.100000000,-8.6575202082651,30.70665688051932,-3.13320550617967,1,1
454.200000000,-8.679186112873614,30.7064751611226,-3.13320550617967,1,1
454.300000000,-8.699185409435321,30.706307420141016,-3.13320550617967,1,1
454.400000000,-8.719184705997028,30.70613967915943,-3.13320550617967,1,1
454.500000000,-8.739184002558735,30.705971938177846,-3.13320550617967,1,1
454.600000000,-8.759183299120442,30.70580419719626,-3.13320550617967,1,1
454.700000000,-8.780849203728957,30.705622477799544,-3.13320550617967,1,1
454.800000000,-8.802515108337472,30.705440758402826,-3.13320550617967,1,1
454.900000000,-8.824181012945987,30.70525903900611,-3.13320550617967,1,1
455.000000000,-8.845846917554502,30.70507731960939,-3.13320550617967,1,1
455.100000000,-8.865846214116209,30.704909578627806,-3.13320550617967,1,1
455.200000000,-8.885845510677916,30.70474183764622,-3.13320550617967,1,1
455.300000000,-8.90751141528643,30.704560118249503,-3.13320550617967,1,1
455.400000000,-8.929177319894945,30.704378398852786,-3.13320550617967,1,1
455.500000000,-8.95084322450346,30.704196679456068,-3.13320550617967,1,1
455.600000000,-8.972509129111975,30.70401496005935,-3.13320550617967,1,1
455.700000000,-9.005841290048153,30.70373539175671,-3.13320550617967,1,1
455.800000000,-9.03917345098433,30.703455823454068,-3.13320550617967,1,1
455.900000000,-9.074172219967318,30.703162276736293,-3.13320550617967,1,1
456.000000000,-9.109170988950305,30.70286873001852,-3.13320550617967,1,1
456.100000000,-9.140836541839674,30.70260314013101,-3.13320550617967,1,1
456.200000000,-9.172502094729042,30.702337550243502,-3.13320550617967,1,1
456.300000000,-9.20416764761841,30.702071960355994,-3.13320550617967,1,1
456.400000000,-9.235833200507779,30.701806370468486,-3.13320550617967,1,1
456.500000000,-9.270831969490766,30.70151282375071,-3.13320550617967,1,1
456.600000000,-9.305830738473754,30.701219277032937,-3.13320550617967,1,1
456.700000000,-9.337496291363122,30.70095368714543,-3.13320550617967,1,1
456.800000000,-9.36916184425249,30.70068809725792,-3.13320550617967,1,1
456.900000000,-9.404160613235478,30.700394550540146,-3.13320550617967,1,1
457.000000000,-9.439159382218465,30.700101003822372,-3.13320550617967,1,1
457.100000000,-9.470824935107833,30.699835413934863,-3.13320550617967,1,1
457.200000000,-9.502490487997202,30.699569824047355,-3.13320550617967,1,1
457.300000000,-9.53582264893338,30.699290255744714,-3.13320550617967,1,1
457.400000000,-9.569154809869557,30.699010687442073,-3.13320550617967,1,1
457.500000000,-9.602486970805735,30.69873111913943,-3.13320550617967,1,1
457.600000000,-9.635819131741913,30.69845155083679,-3.13320550617967,1,1
457.700000000,-9.669151292678091,30.69817198253415,-3.13320550617967,1,1
457.800000000,-9.702483453614269,30.697892414231507,-3.13320550617967,1,1
457.900000000,-9.734149006503637,30.697626824344,-3.13320550617967,1,1
458.000000000,-9.765814559393005,30.69736123445649,-3.13320550617967,1,1
458.100000000,-9.794146896188757,30.697123601399245,-3.1287179470423547,1,1
458.200000000,-9.82247788131522,30.696758828124615,-3.1242303879050395,1,1
458.300000000,-9.84914052877259,30.696295857634116,-3.120006802834625,1,1
458.400000000,-9.87580098302778,30.695720279648068,-3.1157832177642106,1,1
458.500000000,-9.900792656902762,30.69507511538488,-3.111823606760697,1,1
458.600000000,-9.925781580268941,30.69433099913101,-3.1078639957571834,1,1
458.700000000,-9.949101642599604,30.693544146324946,-3.1041683588205706,1,1
458.800000000,-9.97241863776519,30.69267111660465,-3.100472721883958,1,1
458.900000000,-9.994066989484237,30.69178043580164,-3.0966912832123215,1,1
459.000000000,-10.015711818378758,30.690807899647393,-3.092909844540685,1,1
459.100000000,-10.035688122900233,30.68983462801761,-3.089419285766867,1,1
459.200000000,-10.05566090847125,30.68879163399357,-3.085928726993049,1,1
459.300000000,-10.073965846470928,30.687771655592307,-3.0827290481170486,1,1
459.400000000,-10.092267427170437,30.686693112588777,-3.0795293692410484,1,1
459.500000000,-10.112228921020174,30.685452643610148,-3.0760388104672303,1,1
459.600000000,-10.132185963343524,30.68414250556244,-3.072548251693412,1,1
459.700000000,-10.15213831098412,30.682762714408366,-3.069057692919594,1,1
459.800000000,-10.17208572084279,30.68131328695928,-3.065567134145776,1,1
459.900000000,-10.198675359559783,30.67928789218023,-3.060913055780685,1,1
460.000000000,-10.225255283993592,30.677138769521076,-3.0562589774155944,1,1
460.100000000,-10.258143890669723,30.674325431736737,-3.0221966251466363,1,1
460.200000000,-10.290917609415906,30.670393679184485,-2.9881342728776783,1,1
460.300000000,-10.31033141334143,30.66739085957275,-2.940707865879503,1,1
460.400000000,-10.329581028409482,30.663471034549726,-2.8932814588813276,1,1
460.500000000,-10.348623165267334,30.658643019184574,-2.8458550518831522,1,1
460.600000000,-10.367415001148075,30.652917670923497,-2.798428644884977,1,1
460.700000000,-10.371679639228887,30.651393912329002,-2.740886260831714,1,1
460.800000000,-10.375849586557415,30.64962741367576,-2.6833438767784514,1,1
460.900000000,-10.375849586557415,30.64962741367576,-2.621272808786713,1,1
461.000000000,-10.375849586557415,30.64962741367576,-2.5592017407949745,1,1
461.100000000,-10.375849586557415,30.64962741367576,-2.497130672803236,1,1
461.200000000,-10.375849586557415,30.64962741367576,-2.4350596048114976,1,1
461.300000000,-10.375849586557415,30.64962741367576,-2.372988536819759,1,1
461.400000000,-10.375849586557415,30.64962741367576,-2.3109174688280207,1,1
461.500000000,-10.375849586557415,30.64962741367576,-2.2488464008362823,1,1
461.600000000,-10.375849586557415,30.64962741367576,-2.186775332844544,1,1
461.700000000,-10.375849586557415,30.64962741367576,-2.1247042648528054,1,1
461.800000000,-10.375849586557415,30.64962741367576,-2.0626331968610683,1,1
461.900000000,-10.375849586557415,30.64962741367576,-2.0005621288693285,1,1
462.000000000,-10.375849586557415,30.64962741367576,-1.9384910608775905,1,1
462.100000000,-10.385995142466886,30.62328992307273,-1.8996440200926692,1,1
462.200000000,-10.395110167790294,30.596578277123246,-1.8607969793077483,1,1
462.300000000,-10.404398384603853,30.565452953030814,-1.8262075486915268,1,1
462.400000000,-10.412604653056428,30.53402503662646,-1.7916181180753048,1,1
462.500000000,-10.4197191559117,30.502332125422896,-1.7570286874590835,1,1
462.600000000,-10.425733382022823,30.470412133948603,-1.7224392568428621,1,1
462.700000000,-10.430640136514398,30.438303248390334,-1.6878498262266397,1,1
462.800000000,-10.434433549389766,30.406043880910612,-1.6532603956104175,1,1
462.900000000,-10.435584564121376,30.392117761644624,-1.6051629324765169,1,1
463.000000000,-10.436064694965609,30.378152407832587,-1.5570654693426156,1,1
463.100000000,-10.435872831418223,30.364180120220954,-1.5089680062087145,1,1
463.200000000,-10.435009417244258,30.350233215593505,-1.4608705430748135,1,1
463.300000000,-10.433476449451645,30.336343952025203,-1.4127730799409122,1,1
463.400000000,-10.431277473672285,30.322544454271853,-1.3646756168070113,1,1
463.500000000,-10.428417575961287,30.308866639468107,-1.3165781536731105,1,1
463.600000000,-10.424903371033329,30.29534214330569,-1.2684806905392094,1,1
463.700000000,-10.420742986963353,30.282002246862564,-1.2203832274053081,1,1
463.800000000,-10.415946046386972,30.26887780425232,-1.1722857642714073,1,1
463.900000000,-10.410523644244096,30.255999171261045,-1.124188301137506,1,1
464.000000000,-10.404488322117208,30.243396135136855,-1.076090838003605,1,1
464.100000000,-10.404488322117208,30.243396135136855,-1.0140197700118663,1,1
464.200000000,-10.404488322117208,30.243396135136855,-0.951948702020128,1,1
464.300000000,-10.404488322117208,30.243396135136855,-0.8898776340283897,1,1
464.400000000,-10.404488322117208,30.243396135136855,-0.8278065660366511,1,1
464.500000000,-10.404488322117208,30.243396135136855,-0.7657354980449126,1,1
464.600000000,-10.404488322117208,30.243396135136855,-0.7036644300531745,1,1
464.700000000,-10.404488322117208,30.243396135136855,-0.6415933620614358,1,1
464.800000000,-10.404488322117208,30.243396135136855,-0.5795222940696974,1,1
464.900000000,-10.385545570189892,30.23099837103287,-0.5350904045521082,1,1
465.000000000,-10.366070838655425,30.219454228058257,-0.490658515034519,1,1
465.100000000,-10.34559145515046,30.208513438773995,-0.4468061036672759,1,1
465.200000000,-10.324652133530371,30.198480950099864,-0.40295369230003264,1,1
465.300000000,-10.303293134369719,30.189376051760984,-0.35910128093278937,1,1
465.400000000,-10.281555525167908,30.181216249980583,-0.315248869565546,1,1
465.500000000,-10.259481101387653,30.174017233820315,-0.2713964581983027,1,1
465.600000000,-10.237112306093756,30.16779284501451,-0.22754404683105953,1,1
465.700000000,-10.214492148346736,30.162555051356303,-0.18369163546381623,1,1
465.800000000,-10.191664120508188,30.15831392368686,-0.139839224096573,1,1
465.900000000,-10.168672114616903,30.1550776165319,-0.09598681272932977,1,1
466.000000000,-10.145560337996514,30.15285235242279,-0.05213440136208651,1,1
466.100000000,-10.098640994956133,30.150404021975078,-0.029117579684950663,1,1
466.200000000,-10.051677731883231,30.149036178830713,-0.006100758007814818,1,1
466.300000000,-9.99040012865299,30.148662334364026,0.002620498689117662,1,1
466.400000000,-9.929121595452754,30.148822915047518,0.011341755386050142,1,1
466.500000000,-9.867846793117728,30.14951790866745,0.02006301208298262,1,1
466.600000000,-9.806580382199344,30.15074726236272,0.028784268779915106,1,1
466.700000000,-9.75660109412247,30.152186277070374,0.028784268779915047,1,1
466.800000000,-9.706621806045595,30.153625291778027,0.02878426877991499,1,1
466.900000000,-9.657415512201368,30.155042050264903,0.02801095421062987,1,1
467.000000000,-9.608208137470331,30.15642075638802,0.027237639641344763,1,1
467.100000000,-9.558999711279254,30.15776140932289,0.026464325072059647,1,1
467.200000000,-9.50979026305553,30.159064008267784,0.025691010502774544,1,1
467.300000000,-9.460579822227169,30.160328552443723,0.024917695933489442,1,1
467.400000000,-9.411368418222771,30.161555041094495,0.024144381364204326,1,1
467.500000000,-9.362156080471514,30.16274347348664,0.023371066794919213,1,1
467.600000000,-9.312942838403133,30.163893848909453,0.022597752225634107,1,1
467.700000000,-9.263728721447904,30.165006166674996,0.02182443765634899,1,1
467.800000000,-9.214513759036628,30.166080426118082,0.021051123087063896,1,1
467.900000000,-9.165297980600606,30.167116626596293,0.020277808517778776,1,1
468.000000000,-9.116081415571635,30.16811476748996,0.01950449394849367,1,1
468.100000000,-9.070397263339077,30.169005926770097,-0.014802663185062294,1,1
468.200000000,-9.024709426015539,30.168329575701403,-0.049109820318618255,1,1
468.300000000,-9.005911027194522,30.167405646824218,-0.1102887303933049,1,1
468.400000000,-8.987204286988023,30.165334098212508,-0.17146764046799148,1,1
468.500000000,-8.985985128083048,30.16512297879347,-0.2502303374580378,1,1
468.600000000,-8.984786359935416,30.164816588890076,-0.328993034448084,1,1
468.700000000,-8.983615415334507,30.164416828228834,-0.4077557314381301,1,1
468.800000000,-8.982479554553802,30.163926175468188,-0.4865184284281765,1,1
468.900000000,-8.981180745166592,30.16323920358429,-0.5800491312413941,1,1
469.000000000,-8.9799517719498,30.16243393280624,-0.6735798340546117,1,1
469.100000000,-8.978803378116526,30.161517402502724,-0.7671105368678294,1,1
469.200000000,-8.977745602485765,30.16049762463057,-0.860641239681047,1,1
469.300000000,-8.976787691726896,30.159383513697307,-0.9541719424942646,1,1
469.400000000,-8.975938019528844,30.158184808833955,-1.0477026453074822,1,1
469.500000000,-8.975204013400493,30.15691198865926,-1.1412333481207002,1,1
469.600000000,-8.974592089742256,30.15557617967963,-1.2347640509339177,1,1
469.700000000,-8.974107597756353,30.154189059025484,-1.3282947537471357,1,1
469.800000000,-8.97375477268614,30.152762752374233,-1.4218254565603536,1,1
469.900000000,-8.973536698793229,30.151309727952277,-1.5153561593735714,1,1
470.000000000,-8.973455282396058,30.149842687542527,-1.6088868621867891,1,1
470.100000000,-8.973511235205585,30.14837445545029,-1.7024175650000062,1,1
470.200000000,-8.973704068103782,30.14691786639811,-1.7959482678132253,1,1
470.300000000,-8.974032095419318,30.145485653329523,-1.8894789706264419,1,1
470.400000000,-8.974492449663051,30.144090336102565,-1.9830096734396596,1,1
470.500000000,-8.975081106594525,30.142744112045953,-2.076540376252878,1,1
470.600000000,-8.975792920400329,30.141458749334717,-2.170071079066095,1,1
470.700000000,-8.976621668676836,30.140245484117315,-2.263601781879313,1,1
470.800000000,-8.977560106824068,30.139114922293537,-2.3571324846925306,1,1
470.900000000,-9.0026672877049,30.11405479808277,-2.421658827462949,1,1
471.000000000,-9.029338134244181,30.090665777108818,-2.4861851702333677,1,1
471.100000000,-9.058133844352447,30.06852843485694,-2.549863622322851,1,1
471.200000000,-9.088279910862948,30.048268387557872,-2.613542074412334,1,1
471.300000000,-9.119654134427176,30.029967760837515,-2.677220526501817,1,1
471.400000000,-9.152129337269612,30.013700737663047,-2.7408989785913,1,1
471.500000000,-9.185573878712404,29.999533257636685,-2.804577430680783,1,1
471.600000000,-9.21985218879076,29.987522749704542,-2.868255882770266,1,1
471.700000000,-9.254825317796001,29.977717899364084,-2.9319343348597493,1,1
471.800000000,-9.290351499518653,29.970158451313786,-2.9956127869492324,1,1
471.900000000,-9.326286725908446,29.96487504834502,-3.0592912390387155,1,1
472.000000000,-9.36248533082178,29.961889107129203,-3.1229696911281986,1,1
472.100000000,-9.41121135081659,29.960981579370845,3.124807950585634,1,1
472.200000000,-9.459938956754538,29.961799534579214,3.08940028511988,1,1
472.300000000,-9.50860706508302,29.964341947388725,3.0539926196541263,1,1
472.400000000,-9.557154666833958,29.96860563070238,3.0185849541883725,1,1
472.500000000,-9.60552090410292,29.974585239687023,2.9831772887226187,1,1
472.600000000,-9.653645146338878,29.982273278473464,2.947769623256865,1,1
472.700000000,-9.701467066348945,29.991660109553095,2.912361957791111,1,1
472.800000000,-9.748926715922858,30.0027339658592,2.8769542923253573,1,1
472.900000000,-9.784784022993138,30.01245109239254,2.849962782574409,1,1
473.000000000,-9.82036602101673,30.02313240481407,2.8229712728234606,1,1
473.100000000,-9.855646788601703,30.034770121815804,2.7959797630725123,1,1
473.200000000,-9.890600623801708,30.047355765351522,2.768988253321564,1,1
473.300000000,-9.925202062839778,30.06088016681303,2.7419967435706156,1,1
473.400000000,-9.959425898658623,30.07533347370945,2.7150052338196673,1,1
473.500000000,-9.993247199283903,30.090705156844738,2.688013724068719,1,1
473.600000000,-10.026641325987109,30.106984017988182,2.6610222143177706,1,1
473.700000000,-10.05958395123481,30.124158198032273,2.6340307045668223,1,1
473.800000000,-10.092051076411197,30.14221518563204,2.607039194815874,1,1
473.900000000,-10.124019049301012,30.16114182631953,2.5800476850649257,1,1
474.000000000,-10.155464581320125,30.180924332086803,2.5530561753139773,1,1
474.100000000,-10.173050100136948,30.192661577242433,2.4879856626504235,1,1
474.200000000,-10.189835192336236,30.205517473779103,2.4229151499868697,1,1
474.300000000,-10.190838810997908,30.206395369919004,2.338035344695661,1,1
474.400000000,-10.191764390293525,30.20735519022408,2.2531555394044522,1,1
474.500000000,-10.19260526581439,30.208390023741572,2.1682757341132435,1,1
474.600000000,-10.193355383040743,30.209492419404317,2.0833959288220347,1,1
474.700000000,-10.19400934093586,30.210654439680354,1.998516123530826,1,1
474.800000000,-10.194562430834907,30.21186771772519,1.9136363182396179,1,1
474.900000000,-10.195047434230366,30.21322651630727,1.8217948082402964,1,1
475.000000000,-10.195405774843943,30.214624069127353,1.7299532982409773,1,1
475.100000000,-10.195634432245638,30.216048596302564,1.6381117882416576,1,1
475.200000000,-10.195731479096914,30.217488090584915,1.5462702782423374,1,1
475.300000000,-10.195696097396096,30.218930418569634,1.4544287682430177,1,1
475.400000000,-10.19552858537327,30.220363422966862,1.362587258243698,1,1
475.500000000,-10.195230354976506,30.22177502507465,1.2707457482443778,1,1
475.600000000,-10.194803919970647,30.22315332658957,1.1789042382450576,1,1
475.700000000,-10.194252874748946,30.224486709896766,1.0870627282457375,1,1
475.800000000,-10.193581864036151,30.22576393599405,0.9952212182464177,1,1
475.900000000,-10.192796543738428,30.22697423922475,0.9033797082470977,1,1
476.000000000,-10.19190353327008,30.22810741802074,0.8115381982477778,1,1
476.100000000,-10.188102581084566,30.232112465805923,0.7237754882066676,1,1
476.200000000,-10.183965214727065,30.235768945657085,0.6360127781655568,1,1
476.300000000,-10.17952328095768,30.239048712366248,0.5482500681244463,1,1
476.400000000,-10.174810970898713,30.24192652041862,0.46048735808333613,1,1
476.500000000,-10.169864556853607,30.244380218316184,0.37272464804222555,1,1
476.600000000,-10.1647221131063,30.246390919085552,0.284961938001115,1,1
476.700000000,-10.159423222850112,30.24794314565761,0.19719922796000464,1,1
476.800000000,-10.154008673502014,30.249024949999974,0.10943651791889415,1,1
476.900000000,-10.114244008327283,30.25339411264421,0.056156223062114645,1,1
477.000000000,-10.07430309141582,30.255639404371767,0.0028759282053351654,1,1
477.100000000,-10.032810466761857,30.255758734510316,-0.048915547440576315,1,1
477.200000000,-9.991367301163464,30.2537299009684,-0.10070702308648778,1,1
477.300000000,-9.950084735137354,30.249558344585417,-0.1524984987323993,1,1
477.400000000,-9.909073478511143,30.243255252463637,-0.20428997437831073,1,1
477.500000000,-9.868443513526454,30.234837527967105,-0.25608145002422217,1,1
477.600000000,-9.828303799893222,30.22432774539092,-0.30787292567013375,1,1
477.700000000,-9.788761982586182,30.211754089422453,-0.35966440131604516,1,1
477.800000000,-9.749924103167167,30.19715027955685,-0.41145587696195657,1,1
477.900000000,-9.711894315407353,30.180555479669536,-0.46324735260786815,1,1
478.000000000,-9.674774605972118,30.162014192988178,-0.5150388282537796,1,1
478.100000000,-9.615892429241498,30.1286873014957,-0.5468769182715874,1,1
478.200000000,-9.55810097868067,30.093502920370504,-0.5787150082893954,1,1
478.300000000,-9.500715566021375,30.05601111224385,-0.6096652644908358,1,1
478.400000000,-9.444517832255716,30.01676145005056,-0.6406155206922761,1,1
478.500000000,-9.389561605927447,29.975791528761405,-0.6715657768937162,1,1
478.600000000,-9.335899526412486,29.933140591083397,-0.7025160330951568,1,1
478.700000000,-9.296923825593842,29.900143819057046,-0.7305906430875135,1,1
478.800000000,-9.258889733591518,29.866065966072707,-0.7586652530798709,1,1
478.900000000,-9.22182722628892,29.830933889975384,-0.7867398630722279,1,1
479.000000000,-9.1857655138325,29.794775279477,-0.8148144730645847,1,1
479.100000000,-9.15073301761031,29.75761863233405,-0.8428890830569417,1,1
479.200000000,-9.116757347852197,29.719493232887608,-0.8709636930492985,1,1
479.300000000,-9.083865281869294,29.680429128983388,-0.8990383030416559,1,1
479.400000000,-9.05208274294997,29.640457108290096,-0.9271129130340127,1,1
479.500000000,-9.021434779928859,29.59960867403467,-0.9551875230263697,1,1
479.600000000,-8.991945547445068,29.557916020173586,-0.9832621330187268,1,1
479.700000000,-8.96363828690514,29.51541200601977,-1.0113367430110838,1,1
479.800000000,-8.936535308165748,29.472130130345125,-1.0394113530034408,1,1
479.900000000,-8.910657971950602,29.428104504979075,-1.0674859629957978,1,1
480.000000000,-8.886026673015362,29.38336982792395,-1.0955605729881546,1,1
480.100000000,-8.860603350917126,29.333962925979577,-1.1070673785626544,1,1
480.200000000,-8.835750214976743,29.284266760129682,-1.1185741841371541,1,1
480.300000000,-8.8114705558765,29.23428791040075,-1.1300809897116542,1,1
480.400000000,-8.787767588367418,29.18403299424805,-1.1415877952861537,1,1
480.500000000,-8.764644450843601,29.133508665679468,-1.1530946008606535,1,1
480.600000000,-8.7421042049267,29.082721614374464,-1.1646014064351535,1,1
480.700000000,-8.720149835060536,29.031678564798334,-1.1761082120096533,1,1
480.800000000,-8.698784248115944,28.980386275311858,-1.1876150175841529,1,1
480.900000000,-8.68898760531039,28.956083395485727,-1.2164118846760748,1,1
481.000000000,-8.679894774282504,28.93150851802924,-1.2452087517679964,1,1
481.100000000,-8.678145638914563,28.92632746316276,-1.294740406200092,1,1
481.200000000,-8.676655170057337,28.921066160410543,-1.344272060632188,1,1
481.300000000,-8.676464121787456,28.92023724582792,-1.3984214145836154,1,1
481.400000000,-8.676318216797785,28.91939920611484,-1.452570768535042,1,1
481.500000000,-8.676217882799484,28.918554497931208,-1.5067201224864695,1,1
481.600000000,-8.676163413915264,28.917705597485124,-1.560869476437896,1,1
481.700000000,-8.676154969817178,28.91685499327404,-1.6150188303893234,1,1
481.800000000,-8.676192575258563,28.91600517878988,-1.6691681843407502,1,1
481.900000000,-8.676290006862933,28.915017933847608,-1.732318279100676,1,1
482.000000000,-8.676449547438645,28.91403880551165,-1.795468373860602,1,1
482.100000000,-8.676670560959748,28.913071697184183,-1.858618468620529,1,1
482.200000000,-8.676952166331674,28.91212046434829,-1.9217685633804538,1,1
482.300000000,-8.677293240903817,28.911188899197693,-1.98491865814038,1,1
482.400000000,-8.6776924249451,28.910280715518716,-2.0480687529003063,1,1
482.500000000,-8.678148127064697,28.909399533884905,-2.111218847660232,1,1
482.600000000,-8.678658530556278,28.90854886722319,-2.1743689424201578,1,1
482.700000000,-8.679221600640517,28.90773210680923,-2.2375190371800837,1,1
482.800000000,-8.679835092576955,28.90695250874773,-2.3006691319400097,1,1
482.900000000,-8.680496560612905,28.906213180991596,-2.3638192266999356,1,1
483.000000000,-8.681203367733717,28.905517070951774,-2.4269693214598616,1,1
483.100000000,-8.68195269617552,28.90486695374705,-2.4901194162197875,1,1
483.200000000,-8.682741558658545,28.904265421140746,-2.5532695109797134,1,1
483.300000000,-8.68356681029625,28.903714871208372,-2.6164196057396394,1,1
483.400000000,-8.684425161132745,28.90321749877743,-2.6795697004995653,1,1
483.500000000,-8.685313189258565,28.9027752866775,-2.7427197952594913,1,1
483.600000000,-8.68622735445249,28.90238999783547,-2.8058698900194172,1,1
483.700000000,-8.687164012295012,28.90206316824744,-2.869019984779343,1,1
483.800000000,-8.688119428697231,28.901796100855297,-2.932170079539269,1,1
483.900000000,-8.689089794787188,28.901589860352402,-2.995320174299195,1,1
484.000000000,-8.690071242094366,28.90144526893907,-3.058470269059121,1,1
484.100000000,-8.691354893664608,28.901338322336297,-3.1404664418429933,1,1
484.200000000,-8.69264299180729,28.901336871664423,3.0607226925527207,1,1
484.300000000,-8.693926881010123,28.901440926671395,2.9787265197688484,1,1
484.400000000,-8.69519793404324,28.901649788148543,2.896730346984976,1,1
484.500000000,-8.696447609930773,28.901962052628985,2.814734174201104,1,1
484.600000000,-8.697667511342862,28.902375621818376,2.7327380014172316,1,1
484.700000000,-8.698849441022393,28.902887716694618,2.6507418286333593,1,1
484.800000000,-8.699985456867342,28.9034948961818,2.568745655849487,1,1
484.900000000,-8.701067925298574,28.904193080272865,2.4867494830656147,1,1
485.000000000,-8.70208957255449,28.90497757744565,2.4047533102817424,1,1
485.100000000,-8.703043533567836,28.905843116188077,2.32275713749787,1,1
485.200000000,-8.703923398096256,28.906783880420633,2.240760964713998,1,1
485.300000000,-8.704723253796594,28.90779354857813,2.1587647919301256,1,1
485.400000000,-8.705437725953514,28.90886533608814,2.0767686191462538,1,1
485.500000000,-8.706062013595467,28.90999204096065,1.994772446362381,1,1
485.600000000,-8.706591921755335,28.911166092182587,1.9127762735785088,1,1
485.700000000,-8.707023889658949,28.912379600592065,1.8307801007946363,1,1
485.800000000,-8.7073550146521,28.91362441189043,1.7487839280107647,1,1
485.900000000,-8.70759676318933,28.914968271218612,1.661865086619168,1,1
486.000000000,-8.70772093943565,28.91632804344551,1.574946245227572,1,1
486.100000000,-8.70772660584428,28.917693462114272,1.4880274038359755,1,1
486.200000000,-8.7076137196331,28.91905421813668,1.401108562444379,1,1
486.300000000,-8.70738313310766,28.920400037628095,1.314189721052783,1,1
486.400000000,-8.707036587226163,28.921720759476635,1.2272708796611869,1,1
486.500000000,-8.706576698455006,28.92300641206087,1.1403520382695909,1,1
486.600000000,-8.70600693901412,28.92424728853688,1.0534331968779944,1,1
486.700000000,-8.705331610661254,28.925434020126165,0.9665143554863982,1,1
486.800000000,-8.70455581221315,28.926557646851155,0.8795955140948024,1,1
486.900000000,-8.70368540104881,28.927609685184194,0.7926766727032064,1,1
487.000000000,-8.702726948885532,28.928582192099284,0.7057578313116101,1,1
487.100000000,-8.701687692161585,28.92946782504296,0.6188389899200138,1,1
487.200000000,-8.700575477400157,28.93025989737151,0.5319201485284177,1,1
487.300000000,-8.699398701967098,28.930952428836022,0.4450013071368215,1,1
487.400000000,-8.698166250669706,28.93154019073403,0.3580824657452254,1,1
487.500000000,-8.696887428675284,28.93201874538689,0.27116362435362923,1,1
487.600000000,-8.69557189125592,28.93238447964485,0.18424478296203312,1,1
487.700000000,-8.694229570889924,28.93263463216677,0.0973259415704369,1,1
487.800000000,-8.692870602270332,28.93276731426864,0.010407100178840748,1,1
487.900000000,-8.691505245786656,28.932781524183365,-0.0765117412127554,1,1
488.000000000,-8.690143810057611,28.93267715462424,-0.16343058260435156,1,1
488.100000000,-8.65278851492653,28.926517215999077,-0.21385507473202006,1,1
488.200000000,-8.61579118023472,28.918482283273896,-0.2642795668596885,1,1
488.300000000,-8.569153828302731,28.90586178614601,-0.3042490423623905,1,1
488.400000000,-8.523058024722356,28.89138779446221,-0.34421851786509244,1,1
488.500000000,-8.477577400454908,28.87508342819957,-0.38418799336779447,1,1
488.600000000,-8.4327846038073,28.856974731077216,-0.4241574688704964,1,1
488.700000000,-8.388751184387543,28.8370906289555,-0.4641269443731984,1,1
488.800000000,-8.345547478815238,28.815462883631387,-0.5040964198759004,1,1
488.900000000,-8.293148952782415,28.78655810491681,-0.5204673997882893,1,1
489.000000000,-8.241230626645653,28.7567994225853,-0.5368383797006783,1,1
489.100000000,-8.189118469907106,28.725785388538416,-0.5524088000501648,1,1
489.200000000,-8.137495512059001,28.69396373850551,-0.5679792203996512,1,1
489.300000000,-8.08637426821462,28.661342187107586,-0.5835496407491376,1,1
489.400000000,-8.035767131855168,28.62792864288821,-0.5991200610986243,1,1
489.500000000,-7.985686371825188,28.593731206396225,-0.6146904814481106,1,1
489.600000000,-7.9361441293581745,28.558758168221885,-0.6302609017975969,1,1
489.700000000,-7.88715241513315,28.523018006986973,-0.6458313221470833,1,1
489.800000000,-7.838723106362869,28.48651938728928,-0.6614017424965699,1,1
489.900000000,-7.790867943914395,28.44927115760203,-0.6769721628460561,1,1
490.000000000,-7.743598529462723,28.41128234812871,-0.6925425831955425,1,1
490.100000000,-7.712361078718155,28.38536714540434,-0.7240257706172344,1,1
490.200000000,-7.6819548662431085,28.358481493018974,-0.7555089580389261,1,1
490.300000000,-7.65282784578658,28.331045596820857,-0.7875661320818883,1,1
490.400000000,-7.624595157086425,28.302690226789256,-0.8196233061248509,1,1
490.500000000,-7.5972858113308845,28.273444520176604,-0.851680480167813,1,1
490.600000000,-7.570927870904622,28.24333852912242,-0.8837376542107752,1,1
490.700000000,-7.5455484205525405,28.21240318977249,-0.9157948282537376,1,1
490.800000000,-7.521173539548186,28.180670290489687,-0.9478520022967001,1,1
490.900000000,-7.5133945773606285,28.16984156097199,-0.9965898922845677,1,1
491.000000000,-7.50615241285787,28.158646709968163,-1.045327782272436,1,1
491.100000000,-7.505670854519929,28.15781621644918,-1.1064388409319745,1,1
491.200000000,-7.505240915861222,28.156957862986054,-1.1675498995915132,1,1
491.300000000,-7.504864202014475,28.15607485415508,-1.2286609582510515,1,1
491.400000000,-7.504542119402934,28.155170486580886,-1.28977201691059,1,1
491.500000000,-7.504275870489622,28.154248136628823,-1.3508830755701289,1,1
491.600000000,-7.504066449288072,28.15331124779964,-1.4119941342296674,1,1
491.700000000,-7.5039146376512695,28.152363317873515,-1.4731051928892052,1,1
491.800000000,-7.503821002352686,28.15140788585146,-1.5342162515487439,1,1
491.900000000,-7.5037858929702885,28.1504485187428,-1.5953273102082823,1,1
492.000000000,-7.503809440581423,28.14948879824811,-1.6564383688678204,1,1
492.100000000,-7.506269728628598,28.12083149394268,-1.6947467161425764,1,1
492.200000000,-7.509825757096529,28.092289441303386,-1.733055063417332,1,1
492.300000000,-7.5181118101046005,28.041671477023506,-1.7488344461701486,1,1
492.400000000,-7.52719551865392,27.991190557645165,-1.7646138289229667,1,1
492.500000000,-7.537338911508292,27.93951276500279,-1.7502066258021167,1,1
492.600000000,-7.546736744962603,27.88769420271714,-1.7357994226812647,1,1
492.700000000,-7.555273401167489,27.836428242446978,-1.7207002045107298,1,1
492.800000000,-7.563035037764103,27.785039234099624,-1.7056009863401949,1,1
492.900000000,-7.567866745866782,27.749414316858104,-1.6794809980492758,1,1
493.000000000,-7.571766389221508,27.71367536173403,-1.6533610097583566,1,1
493.100000000,-7.574690192790511,27.678343587203436,-1.6267424863690967,1,1
493.200000000,-7.576672591987812,27.642946510880478,-1.6001239629798365,1,1
493.300000000,-7.577712182275746,27.607509211733618,-1.5735054395905768,1,1
493.400000000,-7.577808227100484,27.57205679722935,-1.5468869162013172,1,1
493.500000000,-7.576960658413889,27.53661438554346,-1.520268392812057,1,1
493.600000000,-7.575170076721726,27.50120708776469,-1.4936498694227962,1,1
493.700000000,-7.572437750658199,27.46585999010345,-1.4670313460335371,1,1
493.800000000,-7.568765616087122,27.43059813611812,-1.440412822644277,1,1
493.900000000,-7.564156274730351,27.39544650897161,-1.4137942992550172,1,1
494.000000000,-7.558612992324454,27.360430013730664,-1.3871757758657568,1,1
494.100000000,-7.554887765878898,27.340370903742837,-1.3305067959155399,1,1
494.200000000,-7.550032398390065,27.320554985592956,-1.2738378159653228,1,1
494.300000000,-7.544501804445341,27.30248155351034,-1.2156674465896975,1,1
494.400000000,-7.537929819649621,27.284760226458697,-1.1574970772140718,1,1
494.500000000,-7.530338675961561,27.26745095281323,-1.0993267078384463,1,1
494.600000000,-7.521754052989051,27.250612287039296,-1.0411563384628209,1,1
494.700000000,-7.520612745786228,27.248662779228916,-0.9692732205921409,1,1
494.800000000,-7.519334369939731,27.24680027606676,-0.8973901027214606,1,1
494.900000000,-7.519334369939731,27.24680027606676,-0.8232479667379838,1,1
495.000000000,-7.519334369939731,27.24680027606676,-0.7491058307545072,1,1
495.100000000,-7.519334369939731,27.24680027606676,-0.6749636947710304,1,1
495.200000000,-7.519334369939731,27.24680027606676,-0.6008215587875533,1,1
495.300000000,-7.519334369939731,27.24680027606676,-0.5266794228040765,1,1
495.400000000,-7.519334369939731,27.24680027606676,-0.4525372868205998,1,1
495.500000000,-7.519334369939731,27.24680027606676,-0.37839515083712294,1,1
495.600000000,-7.519334369939731,27.24680027606676,-0.30425301485364614,1,1
495.700000000,-7.519334369939731,27.24680027606676,-0.23011087887016932,1,1
495.800000000,-7.519334369939731,27.24680027606676,-0.15596874288669252,1,1
495.900000000,-7.519334369939731,27.24680027606676,-0.08182660690321575,1,1
496.000000000,-7.519334369939731,27.24680027606676,-0.007684470919738923,1,1
496.100000000,-7.481823773011399,27.24651202130154,0.043945960810792994,1,1
496.200000000,-7.444348284898023,27.248159978641297,0.0955763925413249,1,1
496.300000000,-7.377374190958728,27.25458068356894,0.11743736711478692,1,1
496.400000000,-7.310556451603308,27.262463856673005,0.13929834168824887,1,1
496.500000000,-7.236282926800524,27.272877478203018,0.13043543252100975,1,1
496.600000000,-7.161920025340956,27.2826324198489,0.12157252335377067,1,1
496.700000000,-7.087473588478456,27.291727915353693,0.11157431957400395,1,1
496.800000000,-7.012939935467257,27.300078638005424,0.10157611579423713,1,1
496.900000000,-6.962135632856183,27.305256963474708,0.07350150580188017,1,1
497.000000000,-6.911205990121265,27.309007124718825,0.04542689580952321,1,1
497.100000000,-6.86086149307883,27.311295693389457,0.01668124702015781,1,1
497.200000000,-6.810472017411741,27.312136330654752,-0.012064401769207573,1,1
497.300000000,-6.76007919769771,27.31152834193361,-0.040810050558572966,1,1
497.400000000,-6.709724671277484,27.30947222958001,-0.06955569934793837,1,1
497.500000000,-6.659450043851769,27.30596969246794,-0.09830134813730375,1,1
497.600000000,-6.609296855104294,27.301023624587696,-0.12704699692666913,1,1
497.700000000,-6.559306544379419,27.294638112654706,-0.15579264571603454,1,1
497.800000000,-6.5095204164426566,27.286818432732854,-0.18453829450539996,1,1
497.900000000,-6.4599796073523805,27.27757104587511,-0.21328394329476533,1,1
498.000000000,-6.410725050470938,27.26690359278505,-0.24202959208413066,1,1
498.100000000,-6.385939647095704,27.260784847235424,-0.2985711623848186,1,1
498.200000000,-6.361539631177209,27.253275220696686,-0.35511273268550647,1,1
498.300000000,-6.342668516690079,27.246277181869633,-0.41705691573658066,1,1
498.400000000,-6.32426680626266,27.238124356423402,-0.4790010987876547,1,1
498.500000000,-6.306405086188597,27.22884801741455,-0.5409452818387288,1,1
498.600000000,-6.28915187143682,27.218483747534798,-0.6028894648898029,1,1
498.700000000,-6.27257334283805,27.207071302620975,-0.6648336479408772,1,1
498.800000000,-6.256733093224731,27.194654459157395,-0.7267778309919513,1,1
498.900000000,-6.245927973642988,27.185047287381327,-0.7914614623308904,1,1
499.000000000,-6.235766443850163,27.174761779567895,-0.8561450936698289,1,1
499.100000000,-6.226291004582453,27.16384095499305,-0.9208287250087678,1,1
499.200000000,-6.217541286993127,27.15233049015371,-0.9855123563477066,1,1
499.300000000,-6.209553886894689,27.140278527725204,-1.0501959876866456,1,1
499.400000000,-6.202362211696398,27.127735475203874,-1.1148796190255845,1,1
499.500000000,-6.195996340677324,27.11475379407703,-1.1795632503645237,1,1
499.600000000,-6.190482899179354,27.101387780402074,-1.2442468817034624,1,1
499.700000000,-6.185844947246344,27.087693337712512,-1.3089305130424016,1,1
499.800000000,-6.1821018831751635,27.073727743200653,-1.3736141443813403,1,1
499.900000000,-6.179269362382065,27.059549408154982,-1.4382977757202795,1,1
500.000000000,-6.177359231923689,27.045217633654154,-1.5029814070592187,1,1
500.100000000,-6.173757920083819,26.992194058406017,-1.5498356736550896,1,1
500.200000000,-6.172644032368494,26.939059999336337,-1.596689940250962,1,1
500.300000000,-6.174523073787834,26.86650846260258,-1.6241140745717628,1,1
500.400000000,-6.178390822353037,26.794035731178123,-1.6515382088925643,1,1
500.500000000,-6.184244369377908,26.721696307166642,-1.678962343213366,1,1
500.600000000,-6.1920793127843075,26.649544592419844,-1.7063864775341673,1,1
500.700000000,-6.2018897604126675,26.5776348476253,-1.7338106118549679,1,1
500.800000000,-6.21366833445311,26.506021151500477,-1.7612347461757698,1,1
500.900000000,-6.226918592908183,26.437286657606407,-1.76343458479629,1,1
501.000000000,-6.240320023974625,26.368581478432116,-1.7656344234168089,1,1
501.100000000,-6.25322720380741,26.303176209888914,-1.7677295078173045,1,1
501.200000000,-6.266271384770545,26.237798126501243,-1.769824592217798,1,1
501.300000000,-6.278793453366319,26.175715045801315,-1.7718149223982673,1,1
501.400000000,-6.291439062907181,26.113657011104337,-1.7738052525787378,1,1
501.500000000,-6.303536105383311,26.054889149450787,-1.775690828539183,1,1
501.600000000,-6.315743937556073,25.996144202147708,-1.7775764044996287,1,1
501.700000000,-6.3311421606382225,25.922741922033858,-1.780077007120086,1,1
501.800000000,-6.3467238853204595,25.84937837620947,-1.7825776097405435,1,1
501.900000000,-6.357025687520341,25.801464211593306,-1.7595156662545979,1,1
502.000000000,-6.366219854508139,25.753325229543094,-1.736453722768653,1,1
502.100000000,-6.374196641170015,25.70561419645222,-1.7127559096770268,1,1
502.200000000,-6.381040646787908,25.65772754495987,-1.6890580965854,1,1
502.300000000,-6.386743317826155,25.609731809168647,-1.66537984094051,1,1
502.400000000,-6.391308041199141,25.561614510702928,-1.6417015852956203,1,1
502.500000000,-6.394496104902663,25.516727583320645,-1.6196563127986536,1,1
502.600000000,-6.396693929552063,25.471781286845737,-1.5976110403016872,1,1
502.700000000,-6.397811075393598,25.430129599049444,-1.5771987509526444,1,1
502.800000000,-6.398077841244327,25.388463786359758,-1.5567864616036013,1,1
502.900000000,-6.397776810511937,25.36697813800027,-1.516203150705832,1,1
503.000000000,-6.396604308231601,25.345522394169492,-1.4756198398080624,1,1
503.100000000,-6.3965130758007245,25.34456672970878,-1.414508781148524,1,1
503.200000000,-6.396363648350464,25.343618421027486,-1.353397722488986,1,1
503.300000000,-6.396363648350464,25.343618421027486,-1.2913266544972475,1,1
503.400000000,-6.396363648350464,25.343618421027486,-1.2292555865055088,1,1
503.500000000,-6.396363648350464,25.343618421027486,-1.1671845185137706,1,1
503.600000000,-6.396363648350464,25.343618421027486,-1.1051134505220321,1,1
503.700000000,-6.396363648350464,25.343618421027486,-1.0430423825302935,1,1
503.800000000,-6.396363648350464,25.343618421027486,-0.9809713145385556,1,1
503.900000000,-6.3801802499590865,25.31943891372942,-0.9409247273728419,1,1
504.000000000,-6.363041778776907,25.295926709192013,-0.9008781402071285,1,1
504.100000000,-6.336064332515493,25.261869481022366,-0.8751834138571504,1,1
504.200000000,-6.308220796405637,25.228516596675043,-0.8494886875071723,1,1
504.300000000,-6.279145725457279,25.195453602833567,-0.8243751935533359,1,1
504.400000000,-6.249249582650931,25.163131134522562,-0.7992616995994994,1,1
504.500000000,-6.218551222121555,25.131569576049923,-0.7741482056456628,1,1
504.600000000,-6.187070003926275,25.10078883185238,-0.7490347116918266,1,1
504.700000000,-6.154825781834871,25.070808313942685,-0.7239212177379902,1,1
504.800000000,-6.121838890808913,25.04164692966733,-0.6988077237841538,1,1
504.900000000,-6.100453876351916,25.02367812234122,-0.6717397282930794,1,1
505.000000000,-6.078590375359377,25.006294676066158,-0.6446717328020044,1,1
505.100000000,-6.056264405724023,24.989509326505008,-0.61760373731093,1,1
505.200000000,-6.033492324157747,24.97333437113605,-0.5905357418198551,1,1
505.300000000,-6.01029081420816,24.957781660243477,-0.5634677463287808,1,1
505.400000000,-5.986676874035696,24.942862588235467,-0.5363997508377057,1,1
505.500000000,-5.9626678039602234,24.928588085296315,-0.5093317553466312,1,1
505.600000000,-5.93828119378628,24.91496860937861,-0.48226375985555653,1,1
505.700000000,-5.91353490991623,24.902014138541418,-0.45519576436448195,1,1
505.800000000,-5.888447082260766,24.889734163640036,-0.4281277688734071,1,1
505.900000000,-5.8630360909563715,24.878137681372692,-0.40105977338233245,1,1
506.000000000,-5.837320552899442,24.867233187689287,-0.37399177789125776,1,1
506.100000000,-5.828448235621474,24.863751134986508,-0.3193807860020832,1,1
506.200000000,-5.819399081433856,24.86075855860577,-0.26476979411290863,1,1
506.300000000,-5.819399081433856,24.86075855860577,-0.20062765827844348,1,1
506.400000000,-5.819399081433856,24.86075855860577,-0.13648552244397819,1,1
506.500000000,-5.819399081433856,24.86075855860577,-0.072343386609513,1,1
506.600000000,-5.819399081433856,24.86075855860577,-0.008201250775047825,1,1
506.700000000,-5.819399081433856,24.86075855860577,0.05886981729119639,1,1
506.800000000,-5.819399081433856,24.86075855860577,0.1259408853574406,1,1
506.900000000,-5.819399081433856,24.86075855860577,0.19301195342368482,1,1
507.000000000,-5.819399081433856,24.86075855860577,0.26008302148992907,1,1
507.100000000,-5.819399081433856,24.86075855860577,0.32715408955617326,1,1
507.200000000,-5.819399081433856,24.86075855860577,0.3942251576224174,1,1
507.300000000,-5.819399081433856,24.86075855860577,0.4612962256886616,1,1
507.400000000,-5.819399081433856,24.86075855860577,0.5283672937549058,1,1
507.500000000,-5.819399081433856,24.86075855860577,0.59543836182115,1,1
507.600000000,-5.819399081433856,24.86075855860577,0.6625094298873941,1,1
507.700000000,-5.819399081433856,24.86075855860577,0.7295804979536383,1,1
507.800000000,-5.819399081433856,24.86075855860577,0.7966515660198826,1,1
507.900000000,-5.819399081433856,24.86075855860577,0.8637226340861265,1,1
508.000000000,-5.819399081433856,24.86075855860577,0.9307937021523711,1,1
508.100000000,-5.819399081433856,24.86075855860577,1.0149358382848592,1,1
508.200000000,-5.819399081433856,24.86075855860577,1.0990779744173478,1,1
508.300000000,-5.819399081433856,24.86075855860577,1.1832201105498361,1,1
508.400000000,-5.819399081433856,24.86075855860577,1.2673622466823242,1,1
508.500000000,-5.819399081433856,24.86075855860577,1.3515043828148126,1,1
508.600000000,-5.819399081433856,24.86075855860577,1.4356465189473007,1,1
508.700000000,-5.819399081433856,24.86075855860577,1.5197886550797897,1,1
508.800000000,-5.819399081433856,24.86075855860577,1.6039307912122776,1,1
508.900000000,-5.819399081433856,24.86075855860577,1.6880729273447657,1,1
509.000000000,-5.819399081433856,24.86075855860577,1.7722150634772544,1,1
509.100000000,-5.819399081433856,24.86075855860577,1.8563571996097425,1,1
509.200000000,-5.819399081433856,24.86075855860577,1.9404993357422309,1,1
509.300000000,-5.819399081433856,24.86075855860577,2.024641471874719,1,1
509.400000000,-5.819399081433856,24.86075855860577,2.1087836080072075,1,1
509.500000000,-5.819399081433856,24.86075855860577,2.192925744139696,1,1
509.600000000,-5.819399081433856,24.86075855860577,2.277067880272184,1,1
509.700000000,-5.819399081433856,24.86075855860577,2.3612100164046725,1,1
509.800000000,-5.819399081433856,24.86075855860577,2.445352152537161,1,1
509.900000000,-5.819399081433856,24.86075855860577,2.529494288669649,1,1
510.000000000,-5.819399081433856,24.86075855860577,2.6136364248021375,1,1
510.100000000,-5.819399081433856,24.86075855860577,2.697778560934626,1,1
510.200000000,-5.819399081433856,24.86075855860577,2.781920697067114,1,1
510.300000000,-5.819399081433856,24.86075855860577,2.8660628331996025,1,1
510.400000000,-5.819399081433856,24.86075855860577,2.950204969332091,1,1
510.500000000,-5.819399081433856,24.86075855860577,3.034347105464579,1,1
510.600000000,-5.819399081433856,24.86075855860577,3.1184892415970675,1,1
510.700000000,-5.83287508393675,24.861069955650137,-3.094033529280041,1,1
510.800000000,-5.846339442086688,24.860429119331382,-3.0233709929775636,1,1
510.900000000,-5.860674223177757,24.858726498156173,-2.9536643986705533,1,1
511.000000000,-5.874855604118634,24.85602959207608,-2.883957804363543,1,1
511.100000000,-5.888814705344901,24.852351500077503,-2.8142512100565327,1,1
511.200000000,-5.902483726914069,24.847710086808167,-2.7445446157495224,1,1
511.300000000,-5.9157962778127615,24.842127895807778,-2.674838021442512,1,1
511.400000000,-5.928687698420661,24.835632040013092,-2.6051314271355017,1,1
511.500000000,-5.941095374565005,24.828254070069253,-2.5354248328284914,1,1
511.600000000,-5.952959041640261,24.82002982108697,-2.465718238521481,1,1
511.700000000,-5.964221077315856,24.81099923858988,-2.3960116442144708,1,1
511.800000000,-5.9748267814102585,24.801206184497456,-2.3263050499074605,1,1
511.900000000,-5.984724641572066,24.790698224085823,-2.25659845560045,1,1
512.000000000,-5.993866583477663,24.7795263949612,-2.18689186129344,1,1
512.100000000,-6.018697342543505,24.744456233082794,-2.147791513848964,1,1
512.200000000,-6.042138216797073,24.70844223213605,-2.1086911664044883,1,1
512.300000000,-6.06581783226838,24.668749404674998,-2.0728396258137636,1,1
512.400000000,-6.088059487088651,24.628233314888618,-2.0369880852230375,1,1
512.500000000,-6.108834596387753,24.58694603386489,-2.0011365446323124,1,1
512.600000000,-6.128116460092959,24.544940623823138,-1.9652850040415881,1,1
512.700000000,-6.14588029724375,24.502271069918717,-1.929433463450862,1,1
512.800000000,-6.1621032778401945,24.45899221086156,-1.8935819228601367,1,1
512.900000000,-6.174796066108175,24.421044815076694,-1.8615247488171747,1,1
513.000000000,-6.186266055058334,24.382710090943707,-1.8294675747742124,1,1
513.100000000,-6.196501458423622,24.34402743024387,-1.79741040073125,1,1
513.200000000,-6.205491758565537,24.30503658228916,-1.7653532266882876,1,1
513.300000000,-6.213227717281774,24.265777613076892,-1.7332960526453256,1,1
513.400000000,-6.219701385299175,24.226290864118926,-1.7012388786023636,1,1
513.500000000,-6.22490611044219,24.186616910987752,-1.6691817045594008,1,1
513.600000000,-6.228836544468487,24.14679652162208,-1.6371245305164386,1,1
513.700000000,-6.231488648564666,24.10687061443474,-1.6050673564734763,1,1
513.800000000,-6.232859697496444,24.066880216265986,-1.573010182430514,1,1
513.900000000,-6.232948282409034,24.026866420225343,-1.540953008387552,1,1
514.000000000,-6.231754312274847,23.986870343465394,-1.5088958343445895,1,1
514.100000000,-6.229207752760849,23.945783333392814,-1.4809195503284516,1,1
514.200000000,-6.225512877815857,23.904783635086563,-1.4529432663123127,1,1
514.300000000,-6.2206725791281485,23.86390333578878,-1.4249669822961748,1,1
514.400000000,-6.21469064481916,23.823174429297374,-1.3969906982800362,1,1
514.500000000,-6.207571756478819,23.78262879092701,-1.3690144142638976,1,1
514.600000000,-6.199321485501631,23.74229815256279,-1.3410381302477594,1,1
514.700000000,-6.189946288726389,23.702214077826206,-1.3130618462316208,1,1
514.800000000,-6.179453503382914,23.662407937372773,-1.2850855622154829,1,1
514.900000000,-6.174977026826622,23.647168740451047,-1.24096863372085,1,1
515.000000000,-6.169832817357835,23.63214179551472,-1.1968517052262178,1,1
515.100000000,-6.166072634780536,23.622559470882948,-1.1471453884977936,1,1
515.200000000,-6.161840990469455,23.613175809295498,-1.0974390717693685,1,1
515.300000000,-6.157148337471554,23.604013990360126,-1.0477327550409445,1,1
515.400000000,-6.152006267621728,23.59509664568681,-0.9980264383125192,1,1
515.500000000,-6.146427482908539,23.586445802982936,-0.9483201215840946,1,1
515.600000000,-6.140425764097647,23.57808283164027,-0.8986138048556697,1,1
515.700000000,-6.1340159366904405,23.570028389948067,-0.8489074881272449,1,1
515.800000000,-6.127213834301939,23.562302374062785,-0.7992011713988204,1,1
515.900000000,-6.120036259548455,23.554923868860413,-0.7494948546703956,1,1
516.000000000,-6.112500942541614,23.54791110079283,-0.6997885379419708,1,1
516.100000000,-6.082805020288145,23.522909303213623,-0.6644656971694551,1,1
516.200000000,-6.052244671077261,23.49897182764111,-0.6291428563969398,1,1
516.300000000,-6.008167224478427,23.466892141207474,-0.6095161088863841,1,1
516.400000000,-5.9634686876423775,23.435683674646782,-0.5898893613758286,1,1
516.500000000,-5.917570775167055,23.404959822289655,-0.570979222217154,1,1
516.600000000,-5.871100111143945,23.37510934727658,-0.5520690830584795,1,1
516.700000000,-5.824073312678887,23.346142923621223,-0.5331589438998049,1,1
516.800000000,-5.776507195741778,23.318070909215763,-0.5142488047411304,1,1
516.900000000,-5.72783743786885,23.290574918891075,-0.5080774220378165,1,1
517.000000000,-5.678998919608335,23.263379809965713,-0.5019060393345027,1,1
517.100000000,-5.629993501016403,23.236486618188344,-0.49573465663118876,1,1
517.200000000,-5.580823048505761,23.209896367808863,-0.4895632739278749,1,1
517.300000000,-5.531489434774572,23.183610071539384,-0.48339189122456105,1,1
517.400000000,-5.481994538735132,23.15762873051568,-0.4772205085212472,1,1
517.500000000,-5.432340245442313,23.131953334259038,-0.47104912581793335,1,1
517.600000000,-5.38252844602176,23.106584860638588,-0.4648777431146195,1,1
517.700000000,-5.332561037597876,23.081524275834045,-0.4587063604113056,1,1
517.800000000,-5.282439923221562,23.056772534298926,-0.4525349777079918,1,1
517.900000000,-5.232167011797743,23.03233057872418,-0.4463635950046779,1,1
518.000000000,-5.181744218012659,23.008199340002314,-0.44019221230136407,1,1
518.100000000,-5.152343234965836,22.994351025339007,-0.41062027696164327,1,1
518.200000000,-5.122545644771931,22.981378082659358,-0.38104834162192236,1,1
518.300000000,-5.112660442587755,22.97741778582019,-0.3296262723284817,1,1
518.400000000,-5.1025847499718715,22.97397081735695,-0.27820420303504084,1,1
518.500000000,-5.1025847499718715,22.97397081735695,-0.21613313504330253,1,1
518.600000000,-5.1025847499718715,22.97397081735695,-0.15406206705156414,1,1
518.700000000,-5.1025847499718715,22.97397081735695,-0.09199099905982573,1,1
518.800000000,-5.1025847499718715,22.97397081735695,-0.0299199310680873,1,1
518.900000000,-5.1025847499718715,22.97397081735695,0.04008006922993593,1,1
519.000000000,-5.1025847499718715,22.97397081735695,0.11008006952795914,1,1
519.100000000,-5.1025847499718715,22.97397081735695,0.1800800698259824,1,1
519.200000000,-5.1025847499718715,22.97397081735695,0.25008007012400557,1,1
519.300000000,-5.1025847499718715,22.97397081735695,0.3200800704220288,1,1
519.400000000,-5.1025847499718715,22.97397081735695,0.39008007072005213,1,1
519.500000000,-5.1025847499718715,22.97397081735695,0.4600800710180753,1,1
519.600000000,-5.1025847499718715,22.97397081735695,0.5300800713160984,1,1
519.700000000,-5.1025847499718715,22.97397081735695,0.6000800716141216,1,1
519.800000000,-5.1025847499718715,22.97397081735695,0.6700800719121449,1,1
519.900000000,-5.1025847499718715,22.97397081735695,0.740080072210168,1,1
520.000000000,-5.1025847499718715,22.97397081735695,0.8100800725081914,1,1
520.100000000,-5.1025847499718715,22.97397081735695,0.8750800727317087,1,1
520.200000000,-5.1025847499718715,22.97397081735695,0.940080072955226,1,1
520.300000000,-5.1025847499718715,22.97397081735695,1.0050800731787433,1,1
520.400000000,-5.1025847499718715,22.97397081735695,1.070080073402261,1,1
520.500000000,-5.1025847499718715,22.97397081735695,1.1350800736257785,1,1
520.600000000,-5.1025847499718715,22.97397081735695,1.2000800738492958,1,1
520.700000000,-5.1025847499718715,22.97397081735695,1.2650800740728132,1,1
520.800000000,-5.1025847499718715,22.97397081735695,1.3300800742963304,1,1
520.900000000,-5.1025847499718715,22.97397081735695,1.3950800745198477,1,1
521.000000000,-5.1025847499718715,22.97397081735695,1.460080074743365,1,1
521.100000000,-5.1025847499718715,22.97397081735695,1.5250800749668825,1,1
521.200000000,-5.1025847499718715,22.97397081735695,1.5900800751904003,1,1
521.300000000,-5.1025847499718715,22.97397081735695,1.6550800754139172,1,1
521.400000000,-5.1025847499718715,22.97397081735695,1.7200800756374346,1,1
521.500000000,-5.1025847499718715,22.97397081735695,1.785080075860952,1,1
521.600000000,-5.1025847499718715,22.97397081735695,1.8500800760844702,1,1
521.700000000,-5.1025847499718715,22.97397081735695,1.915080076307987,1,1
521.800000000,-5.1025847499718715,22.97397081735695,1.980080076531504,1,1
521.900000000,-5.1025847499718715,22.97397081735695,2.06629328050672,1,1
522.000000000,-5.1025847499718715,22.97397081735695,2.1525064844819344,1,1
522.100000000,-5.1025847499718715,22.97397081735695,2.2387196884571496,1,1
522.200000000,-5.1025847499718715,22.97397081735695,2.324932892432365,1,1
522.300000000,-5.1025847499718715,22.97397081735695,2.41114609640758,1,1
522.400000000,-5.1025847499718715,22.97397081735695,2.4973593003827954,1,1
522.500000000,-5.1025847499718715,22.97397081735695,2.5835725043580107,1,1
522.600000000,-5.1025847499718715,22.97397081735695,2.669785708333226,1,1
522.700000000,-5.1025847499718715,22.97397081735695,2.755998912308441,1,1
522.800000000,-5.1025847499718715,22.97397081735695,2.8422121162836564,1,1
522.900000000,-5.1025847499718715,22.97397081735695,2.9284253202588717,1,1
523.000000000,-5.1025847499718715,22.97397081735695,3.014638524234087,1,1
523.100000000,-5.1025847499718715,22.97397081735695,3.100851728209302,1,1
523.200000000,-5.1025847499718715,22.97397081735695,-3.0961203749950688,1,1
523.300000000,-5.1025847499718715,22.97397081735695,-3.0099071710198535,1,1
523.400000000,-5.1025847499718715,22.97397081735695,-2.9236939670446382,1,1
523.500000000,-5.1025847499718715,22.97397081735695,-2.837480763069423,1,1
523.600000000,-5.1025847499718715,22.97397081735695,-2.7512675590942077,1,1
523.700000000,-5.1025847499718715,22.97397081735695,-2.6650543551189925,1,1
523.800000000,-5.1025847499718715,22.97397081735695,-2.578841151143777,1,1
523.900000000,-5.1025847499718715,22.97397081735695,-2.492627947168562,1,1
524.000000000,-5.1025847499718715,22.97397081735695,-2.4064147431933467,1,1
524.100000000,-5.103573747026195,22.9730764813591,-2.3215349379021384,1,1
524.200000000,-5.104483363617142,22.972101519971154,-2.23665513261093,1,1
524.300000000,-5.10530705027159,22.97105295316556,-2.1517753273197218,1,1
524.400000000,-5.1060388762340345,22.96993833089268,-2.0668955220285135,1,1
524.500000000,-5.106673572169551,22.96876567871921,-1.9820157167373056,1,1
524.600000000,-5.107206568104358,22.96754344004203,-1.8971359114460964,1,1
524.700000000,-5.107634026330807,22.966280415293596,-1.8122561061548887,1,1
524.800000000,-5.107952869039859,22.96498569857655,-1.7273763008636793,1,1
524.900000000,-5.114052626943401,22.92634840521285,-1.6752789182287595,1,1
525.000000000,-5.118132117497629,22.88744589575944,-1.6231815355938402,1,1
525.100000000,-5.12044508980092,22.84333313552719,-1.576141688403022,1,1
525.200000000,-5.120681211242326,22.79916040974703,-1.5291018412122037,1,1
525.300000000,-5.11883995944112,22.755025443473244,-1.4820619940213855,1,1
525.400000000,-5.114925407870898,22.711025878223253,-1.4350221468305668,1,1
525.500000000,-5.10894621684768,22.6672590559615,-1.3879822996397488,1,1
525.600000000,-5.100915614370346,22.62382180374598,-1.3409424524489304,1,1
525.700000000,-5.090851366855823,22.580810219513932,-1.2939026052581128,1,1
525.800000000,-5.078775739833736,22.538319459480633,-1.2468627580672949,1,1
525.900000000,-5.06471544868751,22.49644352762154,-1.199822910876476,1,1
526.000000000,-5.048701599550874,22.455275067703624,-1.152783063685658,1,1
526.100000000,-5.02299171268894,22.39739490850673,-1.1205131185939676,1,1
526.200000000,-4.995427745746627,22.34037439607906,-1.0882431735022773,1,1
526.300000000,-4.964281771074659,22.280919664495233,-1.055361999817788,1,1
526.400000000,-4.9311980428536915,22.222521002070714,-1.0224808261332992,1,1
526.500000000,-4.896212327047929,22.165241542091326,-0.9895996524488108,1,1
526.600000000,-4.859362445811238,22.109143207902036,-0.9567184787643214,1,1
526.700000000,-4.8206882365985875,22.054286645963213,-0.9238373050798326,1,1
526.800000000,-4.780231509098811,22.000731160287323,-0.8909561313953436,1,1
526.900000000,-4.741493415667916,21.952811526137545,-0.8642911034847194,1,1
527.000000000,-4.701491466306888,21.905941756914437,-0.8376260755740946,1,1
527.100000000,-4.660254101665083,21.860155176160813,-0.8109610476634703,1,1
527.200000000,-4.61781064074937,21.81548433729242,-0.7842960197528452,1,1
527.300000000,-4.574191260078862,21.77196100045308,-0.7576309918422207,1,1
527.400000000,-4.529426972229961,21.729616109933794,-0.7309659639315964,1,1
527.500000000,-4.483549603786989,21.68847977217194,-0.7043009360209718,1,1
527.600000000,-4.436591772714073,21.64858123434614,-0.6776359081103474,1,1
527.700000000,-4.388586865164373,21.609948863582048,-0.6509708801997227,1,1
527.800000000,-4.3395690117431425,21.57261012678386,-0.6243058522890984,1,1
527.900000000,-4.2895730632414955,21.53659157110585,-0.5976408243784739,1,
528.000000000,-4.2386345658581375,21.50191880507781,-0.5709757964678492,1,
528.100000000,-4.176769838012386,21.462180237979073,-0.5445040105525778,1,
528.200000000,-4.113874956938377,21.424093072146263,-0.5180322246373061,1,
528.300000000,-4.051611297542665,21.388605781044152,-0.4922306370307445,1,
528.400000000,-3.9884528352773962,21.354736624641937,-0.4664290494241831,1,
528.500000000,-3.928907512957028,21.324756647420333,-0.44242757258087007,1,
528.600000000,-3.868659846332333,21.296214343541283,-0.418426095737557,1,
528.700000000,-3.810790305947586,21.270480564052658,-0.39784784833460857,1,
528.800000000,-3.7524034992646427,21.24594300271336,-0.37726960093166023,1,
528.900000000,-3.698172519805211,21.224453967261567,-0.35831595200789196,1,
529.000000000,-3.6435440097966962,21.203996604967582,-0.3393623030841235,1,
529.100000000,-3.5932524291292283,21.186242693893906,-0.3220332526395356,1,
529.200000000,-3.5426607564300645,21.169362910188386,-0.30470420219494754,1,
529.300000000,-3.4949639695850907,21.15436235937633,-0.2884582174031461,1,
529.400000000,-3.447029788955852,21.140138635271736,-0.27221223261134464,1,
529.500000000,-3.4020814605177385,21.1275917014472,-0.25704931347232995,1,
529.600000000,-3.3569480582552584,21.11572773170723,-0.2418863943333154,1,
529.700000000,-3.314876251595871,21.105347902123228,-0.22780654084708757,1,
529.800000000,-3.2726624734218404,21.095561446684638,-0.21372668736085967,1,
529.900000000,-3.233572583017345,21.087077316312904,-0.202783925650689,1,
530.000000000,-3.1943921950159244,21.079021436717344,-0.19184116394051834,1,
530.100000000,-3.15676209240628,21.071712550206247,-0.18135435063493804,1,
530.200000000,-3.119057413406607,21.06479867821032,-0.17086753732935778,1,
530.300000000,-3.0845670965652485,21.05884737211983,-0.16129262083295848,1,
530.400000000,-3.0500213783429673,21.053226575689894,-0.1517177043365591,1,
530.500000000,-3.017070947381439,21.048188698104973,-0.1425987362447501,1,
530.600000000,-2.9840759468082485,21.04345149974663,-0.1334797681529412,1,
530.700000000,-2.9543428029713104,21.039458987057618,-0.12527269687031317,1,
530.800000000,-2.9245778940134564,21.035710628119272,-0.11706562558768516,1,
530.900000000,-2.8964384841716666,21.032401339444412,-0.10883403132354086,1,
531.000000000,-2.8682727872616165,21.029323792474997,-0.10060243705939656,1,
531.100000000,-2.841740951491668,21.026645583784926,-0.09285505422255487,1,
531.200000000,-2.815189163063402,21.0241730057029,-0.08510767138571315,1,
531.300000000,-2.790279649871514,21.02204788157872,-0.07784449997617404,1,
531.400000000,-2.7653553587056483,21.020103733981664,-0.07058132856663495,1,
531.500000000,-2.742080121360784,21.018458203372806,-0.06380236858439846,1,
531.600000000,-2.718794263911763,21.016970491267486,-0.05702340860216198,1,
531.700000000,-2.6971628141163033,21.015735653549015,-0.05072866004722809,1,
531.800000000,-2.6755240199385795,21.014637003933096,-0.0444339114922942,1,
531.900000000,-2.653878738788298,21.013674585952323,-0.03994696053496132,1,
532.000000000,-2.632229357219149,21.01280929864868,-0.03546000957762846,1,
532.100000000,-2.6105763110915317,21.012041159442727,-0.030973058620295597,1,
532.200000000,-2.588920036339622,21.01137018379918,-0.026486107662962718,1,
532.300000000,-2.5689270510685214,21.010840523578324,-0.02234430677927084,1,
532.400000000,-2.5489320435412557,21.010393674627803,-0.01820250589557897,1,
532.500000000,-2.527268966197042,21.00999930877853,-0.014069368185679934,1,
532.600000000,-2.505604443922148,21.00969448252465,-0.009936230475780895,1,
532.700000000,-2.483938846807339,21.009479201073457,-0.006504567606069134,1,
532.800000000,-2.462272638490887,21.009338269769117,-0.003072904736357373,1,
532.900000000,-2.442272732918248,21.009276811771112,9.478406645348434e-05,1,
533.000000000,-2.422272733008088,21.009278707452438,0.0032624728692643413,1,
533.100000000,-2.4006061816483855,21.00934939423921,0.0056544951358516215,1,
533.200000000,-2.378939861358378,21.009471907647622,0.0080465174024389,1,
533.300000000,-2.3589405088193076,21.009632836259065,0.010254537956211772,1,
533.400000000,-2.33894156036558,21.009837923423802,0.012462558509984643,1,
533.500000000,-2.2639473846163694,21.010772591116904,0.01696605909617613,1,
533.600000000,-2.188958178625994,21.0120449845046,0.02146955968236762,1,
533.700000000,-2.113975463286779,21.013655077780857,0.025973060268559098,1,
533.800000000,-2.0390007593594097,21.0156028382906,0.030476560854750596,1,
533.900000000,-1.964035587442088,21.01788822653036,0.03498006144094209,1,
534.000000000,-1.8890814679396928,21.02051119614907,0.03948356202713357,1,
534.100000000,-1.8141399210329434,21.023471693949013,0.04398706261332505,1,
534.200000000,-1.7392124666475681,21.026769659886906,0.04849056319951654,1,
534.300000000,-1.6643006244234781,21.03040502707511,0.05299406378570802,1,
534.400000000,-1.589405913683947,21.03437772178298,0.05749756437189949,1,
534.500000000,-1.514529853404796,21.03868766343838,0.062001064958091,1,
534.600000000,-1.439673962183588,21.0433347646293,0.06650456554428248,1,
534.700000000,-1.3648397582088265,21.048318931105634,0.07100806613047399,1,
534.800000000,-1.2900287592291666,21.053640061781092,0.07551156671666548,1,
534.900000000,-1.215242482522631,21.059298048735254,0.08001506730285696,1,
535.000000000,-1.140482444865838,21.065292777215753,0.08451856788904845,1,
535.100000000,-1.0657501625032393,21.0716241256406,0.08902206847523994,1,
535.200000000,-0.9910471511163679,21.07829196560066,0.09352556906143143,1,
535.300000000,-0.9163749257930982,21.085296161862246,0.09802906964762292,1,
535.400000000,-0.8417350009969174,21.092636572369873,0.10253257023381443,1,
535.500000000,-0.7671288905362103,21.100313048249127,0.10982853595288049,1,
535.600000000,-0.6925807725579174,21.10853363861081,0.11712450167194657,1,
535.700000000,-0.6180946153239348,21.11729790586566,0.12442046739101267,1,
535.800000000,-0.5436743837979334,21.126605383484023,0.13171643311007877,1,
535.900000000,-0.46932403943430073,21.13645557602068,0.12866955840433095,1,
536.000000000,-0.39494402792803446,21.14607918700241,0.12562268369858318,1,
536.100000000,-0.32053503978138154,21.155476127089017,0.12257580899283539,1,
536.200000000,-0.24609776576559167,21.164646309044585,0.11952893428708761,1,
536.300000000,-0.17163289691450467,21.173589647738297,0.11648205958133985,1,
536.400000000,-0.0971411245181354,21.182306060145216,0.11343518487559202,1,
536.500000000,-0.022623140116256046,21.19079546534707,0.11038831016984427,1,
536.600000000,0.05192036450802366,21.199057784532986,0.10734143546409648,1,
536.700000000,0.12648869733467857,21.207092941000237,0.10429456075834867,1,
536.800000000,0.20108116611319243,21.214900860154945,0.10124768605260091,1,
536.900000000,0.27569707836898444,21.222481469512772,0.11610709747583481,1,
537.000000000,0.3501921138529815,21.231169949715778,0.13096650889906875,1,
537.100000000,0.4245498242069808,21.24096438236452,0.1458259203223027,1,
537.200000000,0.49875379139389975,21.25186260486742,0.16068533174553665,1,
537.300000000,0.5727876313228465,21.263862210918248,0.1755447431687706,1,
537.400000000,0.6466349974666952,21.27696055102745,0.1904041545920045,1,
537.500000000,0.7202795844713671,21.29115473310714,0.20526356601523846,1,
537.600000000,0.7937051317560211,21.306441623109656,0.22012297743847245,1,
537.700000000,0.8555102700493279,21.320270433313585,0.24635650302213985,1,
537.800000000,0.9169314056430247,21.33571566602442,0.2725900286058073,1,
537.900000000,0.9868275397502143,21.355255029267752,0.3000141629266087,1,
538.000000000,1.0561616086951997,21.376703646067376,0.32743829724741,1,
538.100000000,1.123992423378597,21.39974340790475,0.35580136510946647,1,
538.200000000,1.1911425654642402,21.424697535098748,0.384164432971523,1,
538.300000000,1.257558018727161,21.451545954307655,0.41252750083357936,1,
538.400000000,1.3231853579331987,21.4802670684029,0.4408905686956359,1,
538.500000000,1.387971791814777,21.510837773842,0.46925363655769226,1,
538.600000000,1.4518652055367103,21.543233479253274,0.49761670441974865,1,
538.700000000,1.5173254295970453,21.57879225366215,0.5231219571452553,1,
538.800000000,1.5818575260858068,21.61600886143685,0.548627209870762,1,
538.900000000,1.6454195179936737,21.654859093819617,0.5741324625962686,1,
539.000000000,1.7079700593475267,21.695317679408223,0.5996377153217752,1,
539.100000000,1.7694684621052859,21.737358300594583,0.6251429680472816,1,
539.200000000,1.8298747226227767,21.7809536106839,0.6506482207727884,1,
539.300000000,1.8891495476754065,21.82607525168321,0.6761534734982952,1,
539.400000000,1.9472543800177253,21.872693872747778,0.7016587262238017,1,
539.500000000,2.0041514234642452,21.920779149273294,0.7271639789493083,1,
539.600000000,2.059803667475203,21.970299802621522,0.7526692316748149,1,
539.700000000,2.1141749112312755,22.0212236204665,0.7781744844003219,1,
539.800000000,2.167229787181583,22.073517477748098,0.8036797371258282,1,
539.900000000,2.2189337840496677,22.127147358219304,0.829184989851335,1,
540.000000000,2.2692532692824825,22.18207837657319,0.8546902425768417,1,
540.100000000,2.3184871851971574,22.238655947426903,0.8546902425768417,1,
540.200000000,2.367721101111832,22.295233518280615,0.8546902425768415,1,
540.300000000,2.416955017026507,22.351811089134326,0.8546902425768411,1,
540.400000000,2.466188932941182,22.408388659988038,0.8546902425768411,1,
540.500000000,2.5154228488558568,22.46496623084175,0.8546902425768411,1,
540.600000000,2.5646567647705316,22.52154380169546,0.8546902425768411,1,
540.700000000,2.6138906806852065,22.578121372549173,0.8501867419906491,1,
540.800000000,2.6633788935936877,22.63447664544466,0.8456832414044574,1,
540.900000000,2.7131203998016145,22.6906084774134,0.8411797408182657,1,
541.000000000,2.7631141904774617,22.74651573001858,0.8366762402320734,1,
541.100000000,2.813359251673001,22.802197269378198,0.8321727396458819,1,
541.200000000,2.863854564343865,22.85765196618804,0.82766923905969,1,
541.300000000,2.9145991043702155,22.912878695744606,0.8231657384734987,1,
541.400000000,2.9655918425775143,22.967876337967905,0.8186622378873067,1,
541.500000000,3.016831744757395,23.022643777424175,0.814158737301115,1,
541.600000000,3.0683177716886405,23.07717990334851,0.8096552367149232,1,
541.700000000,3.120048879158257,23.13148360966739,0.8051517361287316,1,
541.800000000,3.1720240179826553,23.1855537950211,0.8006482355425397,1,
541.900000000,3.224242134028928,23.23938936278608,0.7991016064039694,1,
542.000000000,3.276543451245337,23.293144104134438,0.7975549772653993,1,
542.100000000,3.3289278445239296,23.346817890481535,0.7960083481268287,1,
542.200000000,3.3813951885580313,23.40041059343639,0.7944617189882589,1,
542.300000000,3.4339453578425427,23.453922084801977,0.7929150898496892,1,
542.400000000,3.486578226674242,23.50735223657553,0.7913684607111189,1,
542.500000000,3.539293669152085,23.56070092094886,0.7898218315725484,1,
542.600000000,3.5920915591775064,23.613968010308646,0.7882752024339784,1,
542.700000000,3.6449717704547213,23.66715337723675,0.7882752024339781,1,
542.800000000,3.697851981731936,23.720338744164856,0.788275202433978,1,
542.900000000,3.750732193009151,23.77352411109296,0.789821831572548,1,
543.000000000,3.8035300830345724,23.826791200452746,0.791368460711118,1,
543.100000000,3.8562455255124157,23.880139884826075,0.7929150898496878,1,
543.200000000,3.908878394344115,23.93357003659963,0.7944617189882579,1,
543.300000000,3.9614285636286266,23.987081527965216,0.7960083481268279,1,
543.400000000,4.013895907662728,24.04067423092007,0.7975549772653979,1,
543.500000000,4.066280300941321,24.09434801726717,0.7991016064039679,1,
543.600000000,4.118581618157729,24.148102758615526,0.8006482355425377,1,
543.700000000,4.170799734204002,24.201938326380507,0.802194864681108,1,
543.800000000,4.222934524171208,24.255854591784143,0.8037414938196776,1,
543.900000000,4.274985863349738,24.309851425855424,0.8037414938196775,1,
544.000000000,4.327037202528269,24.363848259926705,0.8037414938196774,1,
544.100000000,4.379088541706799,24.417845093997986,0.8037414938196772,1,
544.200000000,4.431139880885329,24.471841928069267,0.8037414938196772,1,
544.300000000,4.483191220063859,24.52583876214055,0.8037414938196769,1,
544.400000000,4.5352425592423895,24.57983559621183,0.8037414938196769,1,
544.500000000,4.58729389842092,24.63383243028311,0.8037414938196766,1,
544.600000000,4.63934523759945,24.68782926435439,0.8037414938196765,1,
544.700000000,4.69139657677798,24.741826098425673,0.8037414938196767,1,
544.800000000,4.74344791595651,24.795822932496954,0.8037414938196765,1,
544.900000000,4.795499255135041,24.849819766568235,0.8037414938196765,1,
545.000000000,4.847550594313571,24.903816600639516,0.8037414938196765,1,
545.100000000,4.899601933492101,24.957813434710797,0.8037414938196765,1,
545.200000000,4.951653272670631,25.011810268782078,0.8037414938196761,1,
545.300000000,5.0037046118491615,25.06580710285336,0.8037414938196759,1,
545.400000000,5.055755951027692,25.11980393692464,0.8037414938196756,1,
545.500000000,5.107807290206222,25.17380077099592,0.8037414938196759,1,
545.600000000,5.159858629384752,25.227797605067202,0.8037414938196756,1,
545.700000000,5.211909968563282,25.281794439138483,0.8037414938196755,1,
545.800000000,5.263961307741813,25.335791273209765,0.8037414938196753,1,
545.900000000,5.316012646920343,25.389788107281046,0.8037414938196752,1,
546.000000000,5.368063986098873,25.443784941352327,0.8037414938196752,1,
546.100000000,5.420115325277403,25.497781775423608,0.8037414938196753,1,
546.200000000,5.4721666644559335,25.55177860949489,0.8037414938196749,1,
546.300000000,5.524218003634464,25.60577544356617,0.8037414938196747,1,
546.400000000,5.576269342812994,25.65977227763745,0.8037414938196747,1,
546.500000000,5.628320681991524,25.713769111708732,0.8037414938196746,1,
546.600000000,5.680372021170054,25.767765945780013,0.8037414938196745,1,
546.700000000,5.732423360348585,25.821762779851294,0.8037414938196744,1,
546.800000000,5.784474699527115,25.875759613922575,0.8037414938196744,1,
546.900000000,5.836526038705646,25.929756447993856,0.8037414938196742,1,
547.000000000,5.888577377884177,25.983753282065138,0.8037414938196741,1,
547.100000000,5.940628717062708,26.03775011613642,0.8037414938196737,1,
547.200000000,5.992680056241239,26.0917469502077,0.8037414938196737,1,
547.300000000,6.04473139541977,26.14574378427898,0.8037414938196739,1,
547.400000000,6.0967827345983014,26.199740618350262,0.8037414938196737,1,
547.500000000,6.1488340737768326,26.253737452421543,0.8037414938196735,1,
547.600000000,6.200885412955364,26.307734286492824,0.8037414938196734,1,
547.700000000,6.252936752133895,26.361731120564105,0.8037414938196734,1,
547.800000000,6.304988091312426,26.415727954635386,0.8037414938196732,1,
547.900000000,6.357039430490957,26.469724788706667,0.8037414938196731,1,
548.000000000,6.409090769669488,26.52372162277795,0.8037414938196732,1,
548.100000000,6.461142108848019,26.57771845684923,0.8037414938196731,1,
548.200000000,6.51319344802655,26.63171529092051,0.8037414938196726,1,
548.300000000,6.565244787205081,26.68571212499179,0.8037414938196725,1,
548.400000000,6.6172961263836125,26.739708959063073,0.8037414938196725,1,
548.500000000,6.669347465562144,26.793705793134354,0.8037414938196725,1,
548.600000000,6.721398804740675,26.847702627205635,0.8037414938196725,1,
548.700000000,6.773450143919206,26.901699461276916,0.8037414938196725,1,
548.800000000,6.825501483097737,26.955696295348197,0.8037414938196722,1,
548.900000000,6.877552822276268,27.009693129419478,0.803741493819672,1,
549.000000000,6.929604161454799,27.06368996349076,0.8037414938196717,1,
549.100000000,6.98165550063333,27.11768679756204,0.8037414938196716,1,
549.200000000,7.033706839811861,27.17168363163332,0.8037414938196717,1,
549.300000000,7.0857581789903925,27.225680465704603,0.8037414938196715,1,
549.400000000,7.137809518168924,27.279677299775884,0.8037414938196713,1,
549.500000000,7.189860857347455,27.333674133847165,0.8037414938196713,1,
549.600000000,7.241912196525986,27.387670967918446,0.8037414938196712,1,
549.700000000,7.293963535704517,27.441667801989727,0.8037414938196712,1,
549.800000000,7.346014874883048,27.495664636061008,0.803741493819671,1,
549.900000000,7.398066214061579,27.54966147013229,0.803741493819671,1,
550.000000000,7.45011755324011,27.60365830420357,0.8037414938196707,1,
550.100000000,7.502168892418641,27.65765513827485,0.8037414938196706,1,
550.200000000,7.5542202315971725,27.711651972346132,0.8037414938196704,1,
550.300000000,7.606271570775704,27.765648806417413,0.8037414938196704,1,
550.400000000,7.658322909954235,27.819645640488694,0.8037414938196704,1,
550.500000000,7.710374249132766,27.873642474559976,0.8037414938196701,1,
550.600000000,7.762425588311297,27.927639308631257,0.8037414938196701,1,
550.700000000,7.814476927489828,27.981636142702538,0.80374149381967,1,
550.800000000,7.866528266668359,28.03563297677382,0.80374149381967,1,
550.900000000,7.91857960584689,28.0896298108451,0.8037414938196698,1,
551.000000000,7.970630945025421,28.14362664491638,0.8037414938196698,1,
551.100000000,8.022682284203952,28.197623478987662,0.80374149381967,1,
551.200000000,8.074733623382484,28.251620313058943,0.8037414938196698,1,
551.300000000,8.126784962561015,28.305617147130224,0.8037414938196693,1,
551.400000000,8.178836301739546,28.359613981201505,0.8037414938196692,1,
551.500000000,8.230887640918077,28.413610815272786,0.8037414938196691,1,
551.600000000,8.282938980096608,28.467607649344068,0.803741493819669,1,
551.700000000,8.33499031927514,28.52160448341535,0.8037414938196691,1,
551.800000000,8.38704165845367,28.57560131748663,0.8037414938196688,1,
551.900000000,8.439092997632201,28.62959815155791,0.8037414938196685,1,
552.000000000,8.491144336810732,28.683594985629192,0.8037414938196685,1,
552.100000000,8.543195675989264,28.737591819700473,0.8110374595387346,1,
552.200000000,8.594851674243325,28.791966978039337,0.8183334252578008,1,
552.300000000,8.646109581878688,28.846717566208273,0.8256293909768668,1,
552.400000000,8.696966670391843,28.90184066978531,0.8329253566959333,1,
552.500000000,8.747420232615232,28.957333354519164,0.8415617593882393,1,
552.600000000,8.797392662034905,29.013259701600802,0.8501981620805453,1,
552.700000000,8.846880231357877,29.069615539652453,0.8319291269753772,1,
552.800000000,8.897389051997013,29.125057933518914,0.813660091870209,1,
552.900000000,8.948902266716214,29.1795683793921,0.7911478245008837,1,
553.000000000,9.0016294785624,29.23290543153156,0.7686355571315585,1,
553.100000000,9.055543966398108,29.28504205974449,0.7471550536354435,1,
553.200000000,9.110565851217844,29.336008638900676,0.7256745501393284,1,
553.300000000,9.166669746238185,29.385781653311565,0.7041940466432134,1,
553.400000000,9.223829765442378,29.434338137992565,0.6827135431470982,1,
553.500000000,9.282019535524007,29.481655689258954,0.6612330396509832,1,
553.600000000,9.34121220805548,29.527712475062806,0.6397525361548682,1,
553.700000000,9.40138047187574,29.572487245066185,0.619322453744223,1,
553.800000000,9.462450867976997,29.616023514084507,0.5988923713335776,1,
553.900000000,9.52439790717903,29.65830311122192,0.5784622889229325,1,
554.000000000,9.587195734413799,29.699308390084425,0.558032206512287,1,
554.100000000,9.650818139516675,29.73902223614503,0.5376021241016419,1,
554.200000000,9.715238568165873,29.777428073886885,0.5171720416909968,1,
554.300000000,9.780430132965526,29.814509873721477,0.4967419592803514,1,
554.400000000,9.84636562466778,29.850252158678963,0.4763118768697062,1,
554.500000000,9.91301752352922,29.884640010867844,0.455881794459061,1,
554.600000000,9.980358010796891,29.91765907770131,0.4354517120484158,1,
554.700000000,10.048358980319112,29.949295577887614,0.4150216296377707,1,
554.800000000,10.116992050276243,29.97953630718205,0.3945915472271253,1,
554.900000000,10.186228575026522,30.00836864389804,0.37416146481648016,1,
555.000000000,10.256039657061992,30.03578055417509,0.35373138240583507,1,
555.100000000,10.326396159069567,30.06176059700142,0.3333012999951898,1,
555.200000000,10.397268716092187,30.086297928989136,0.3128712175845446,1,
555.300000000,10.468627747784971,30.10938230889998,0.2924411351738994,1,
555.400000000,10.540443470761284,30.131004101919746,0.2720110527632542,1,
555.500000000,10.612685911023533,30.151154283679602,0.251580970352609,1,
555.600000000,10.685324916473535,30.169824444022634,0.2311508879419638,1,
555.700000000,10.758330169497206,30.18700679051401,0.2107208055313186,1,
555.800000000,10.831671199618341,30.20269415169334,0.19029072312067338,1,
555.900000000,10.905317396216187,30.21687998006787,0.16986064071002824,1,
556.000000000,10.979238021301512,30.229558354845214,0.149430558299383,1,
556.100000000,11.053402222345841,30.240723984404553,0.12795005480326796,1,
556.200000000,11.127789138821544,30.250294076213773,0.10646955130715291,1,
556.300000000,11.202364449030185,30.25826421468717,0.08603946889650768,1,
556.400000000,11.277087015609203,30.264709216149086,0.06560938648586245,1,
556.500000000,11.351925651320796,30.269626390625096,0.045179304075217266,1,
556.600000000,11.426849120482949,30.27301368581565,0.024749221664572055,1,
556.700000000,11.501826152006393,30.27486968795265,0.0043191392539268444,1,
556.800000000,11.576825452446334,30.275193622389526,-0.01611094315671837,1,
556.900000000,11.651815719063519,30.27398535392455,-0.02605338961846661,1,
557.000000000,11.726790266286654,30.27203157075187,-0.03599583608021487,1,
557.100000000,11.801741682774733,30.269332466005743,-0.04593828254196312,1,
557.200000000,11.876662559473255,30.265888306496525,-0.055880729003711375,1,
557.300000000,11.95154549034662,30.261699432684296,-0.06582317546545964,1,
557.400000000,12.02638307311023,30.256766258645214,-0.07576562192720786,1,
557.500000000,12.101167909962209,30.251089272030576,-0.0857080683889561,1,
557.600000000,12.175892608314692,30.24466903401861,-0.09565051485070439,1,
557.700000000,12.25054978152459,30.237506179259007,-0.1055929613124526,1,
557.800000000,12.325132049623772,30.229601415810187,-0.11553540777420085,1,
557.900000000,12.39963204004858,30.220955525069293,-0.12547785423594904,1,
558.000000000,12.474042388368625,30.21156936169497,-0.13542030069769734,1,
558.100000000,12.537137843647262,30.20297233918836,-0.09909875288364149,1,
558.200000000,12.60050387251978,30.196672207624292,-0.06277720506958567,1,
558.300000000,12.653544917242842,30.19333805799523,-0.01592293847371422,1,
558.400000000,12.7066839135055,30.192491857510763,0.03093132812215724,1,
558.500000000,12.759804225424476,30.194135463513852,0.07778559471802869,1,
558.600000000,12.812789258127143,30.19826526841965,0.12463986131390012,1,
558.700000000,12.857711656740411,30.203893565559476,0.17936625282215807,1,
558.800000000,12.902258938679962,30.2119706502849,0.2340926443304159,1,
558.900000000,12.946297719115027,30.222472337942403,0.28881903583867385,1,
559.000000000,12.989696135785556,30.235367184058376,0.34354542734693183,1,
559.100000000,13.032324243828223,30.250616578491147,0.3982718188551897,1,
559.200000000,13.074054404861297,30.268174861038627,0.45299821036344756,1,
559.300000000,13.085256721358164,30.273627681117958,0.5405392721376792,1,
559.400000000,13.09593940492587,30.280039031483188,0.6280803339119109,1,
559.500000000,13.106020641754546,30.287359810520808,0.7156213956861426,1,
559.600000000,13.115423224241066,30.295533951717147,0.8031624574603738,1,
559.700000000,13.123212020020143,30.303604507316713,0.8919464328806119,1,
559.800000000,13.130254542979827,30.312333887462874,0.9807304083008498,1,
559.900000000,13.130254542979827,30.312333887462874,1.0807304083008493,1,
560.000000000,13.130254542979827,30.312333887462874,1.1807304083008494,1,
560.100000000,13.130254542979827,30.312333887462874,1.2807304083008495,1,
560.200000000,13.130254542979827,30.312333887462874,1.3807304083008491,1,
560.300000000,13.130254542979827,30.312333887462874,1.48073040830085,1,
560.400000000,13.130254542979827,30.312333887462874,1.58073040830085,1,
560.500000000,13.130254542979827,30.312333887462874,1.6807304083008499,1,
560.600000000,13.130254542979827,30.312333887462874,1.78073040830085,1,
560.700000000,13.130254542979827,30.312333887462874,1.88073040830085,1,
560.800000000,13.130254542979827,30.312333887462874,1.9807304083008506,1,
560.900000000,13.130254542979827,30.312333887462874,2.08073040830085,1,
561.000000000,13.130254542979827,30.312333887462874,2.18073040830085,1,
561.100000000,13.130254542979827,30.312333887462874,2.28073040830085,1,
561.200000000,13.130254542979827,30.312333887462874,2.3807304083008503,1,
561.300000000,13.130254542979827,30.312333887462874,2.4807304083008503,1,
561.400000000,13.130254542979827,30.312333887462874,2.5807304083008504,1,
561.500000000,13.130254542979827,30.312333887462874,2.6807304083008505,1,
561.600000000,13.130254542979827,30.312333887462874,2.7807304083008506,1,
561.700000000,13.130254542979827,30.312333887462874,2.8807304083008507,1,
561.800000000,13.130254542979827,30.312333887462874,2.980730408300851,1,
561.900000000,13.130254542979827,30.312333887462874,3.080730408300851,1,
562.000000000,13.130254542979827,30.312333887462874,-3.1024548988787353,1,
562.100000000,13.130254542979827,30.312333887462874,-3.002454898878735,1,
562.200000000,13.130254542979827,30.312333887462874,-2.902454898878735,1,
562.300000000,13.130254542979827,30.312333887462874,-2.802454898878735,1,
562.400000000,13.130254542979827,30.312333887462874,-2.702454898878735,1,
562.500000000,13.130254542979827,30.312333887462874,-2.602454898878735,1,
562.600000000,13.130254542979827,30.312333887462874,-2.5024548988787347,1,
562.700000000,13.130254542979827,30.312333887462874,-2.4024548988787346,1,
562.800000000,13.130254542979827,30.312333887462874,-2.3024548988787346,1,
562.900000000,13.130254542979827,30.312333887462874,-2.2024548988787345,1,
563.000000000,13.130254542979827,30.312333887462874,-2.1024548988787344,1,
563.100000000,13.130254542979827,30.312333887462874,-2.0024548988787347,1,
563.200000000,13.130254542979827,30.312333887462874,-1.9024548988787344,1,
563.300000000,13.130254542979827,30.312333887462874,-1.8024548988787337,1,
563.400000000,13.130254542979827,30.312333887462874,-1.702454898878734,1,
563.500000000,13.130254542979827,30.312333887462874,-1.6024548988787344,1,
563.600000000,13.130254542979827,30.312333887462874,-1.5024548988787336,1,
563.700000000,13.130254542979827,30.312333887462874,-1.402454898878734,1,
563.800000000,13.130254542979827,30.312333887462874,-1.3024548988787337,1,
563.900000000,13.131062368797748,30.309396054256315,-1.205501773753367,1,
564.000000000,13.132150786931975,30.306550216512036,-1.1085486486279998,1,
564.100000000,13.133509574363387,30.303823103896484,-1.0115955235026328,1,
564.200000000,13.135125968616371,30.301240330944676,-0.9146423983772656,1,
564.300000000,13.136984787630986,30.298826156474473,-0.8176892732518986,1,
564.400000000,13.139068572361179,30.296603255734475,-0.7207361481265315,1,
564.500000000,13.141357750759706,30.294592507425662,-0.6237830230011646,1,
564.600000000,13.143830821609521,30.292812797597218,-0.5268298978757974,1,
564.700000000,13.146464556474978,30.291280842258395,-0.4298767727504304,1,
564.800000000,13.14923421787602,30.29001103037262,-0.33292364762506327,1,
564.900000000,13.190519126238971,30.27573492328775,-0.2766071787556406,1,
565.000000000,13.232542138468883,30.263805240343064,-0.2202907098862179,1,
565.100000000,13.296344123179853,30.249518400797744,-0.1856727183996668,1,
565.200000000,13.360602364299986,30.237448376547576,-0.15105472691311578,1,
565.300000000,13.426094000253645,30.22747961896592,-0.11730071175452692,1,
565.400000000,13.49188475304398,30.219726725642154,-0.08354669659593811,1,
565.500000000,13.557899672176296,30.21419852886905,-0.049792681437349315,1,
565.600000000,13.62406355177992,30.210901326508623,-0.016038666278760508,1,
565.700000000,13.690301016284627,30.209838874817446,0.017715348879828292,1,
565.800000000,13.756536606290409,30.211012384167443,0.0514693640384171,1,
565.900000000,13.82269486453273,30.21442051766699,0.08522337919700589,1,
566.000000000,13.888700421845366,30.220059392683943,0.11897739435559472,1,
566.100000000,13.963170211978644,30.228961659670805,0.11743076521702452,1,
566.200000000,14.037653681543807,30.237748738908838,0.11588413607845431,1,
566.300000000,14.112150652371835,30.246420609378813,0.11283726137270647,1,
566.400000000,14.186673699467752,30.254865457011526,0.10979038666695871,1,
566.500000000,14.26122213100145,30.263083203409757,0.10674351196121093,1,
566.600000000,14.335795254907163,30.271073772284563,0.10369663725546312,1,
566.700000000,14.410392378889899,30.27883708945599,0.10064976254971537,1,
566.800000000,14.485012810431861,30.286373082853768,0.09760288784396758,1,
566.900000000,14.559655856798878,30.29368168251796,0.08393001425794731,1,
567.000000000,14.63439185255591,30.299969045892627,0.07025714067192704,1,
567.100000000,14.709206826215135,30.30523399758939,0.05658426708590678,1,
567.200000000,14.78408679152425,30.309475553354172,0.042911393499886534,1,
567.300000000,14.859017750081112,30.312692920251198,0.02923851991386627,1,
567.400000000,14.933985693950664,30.314885496811232,0.015565646327846015,1,
567.500000000,15.008976608283653,30.316052873144013,0.0018927727418257584,1,
567.600000000,15.08397647393662,30.316194831014887,-0.011780100844194499,1,
567.700000000,15.158971270092703,30.3153113438856,-0.02545297443021475,1,
567.800000000,15.233946976882757,30.31340257691927,-0.03912584801623502,1,
567.900000000,15.308889578006292,30.310468886949494,-0.0450449183916957,1,
568.000000000,15.383813501695883,30.307091660431112,-0.05096398876715641,1,
568.100000000,15.458716122969998,30.303271015686242,-0.05688305914261707,1,
568.200000000,15.533594817593443,30.29900708657229,-0.06280212951807775,1,
568.300000000,15.608446962169301,30.294300022477252,-0.06872119989353845,1,
568.400000000,15.683269934230845,30.289149988314495,-0.07464027026899916,1,
568.500000000,15.758061112333412,30.283557164516967,-0.08055934064445983,1,
568.600000000,15.832817876146251,30.277521747030885,-0.08647841101992051,1,
568.700000000,15.907537606544327,30.27104394730886,-0.07918244530085443,1,
568.800000000,15.982302609629325,30.265111467751346,-0.07188647958178834,1,
568.900000000,16.05710890559436,30.259724624149445,-0.06325007688948207,1,
569.000000000,16.131958934143505,30.254984030706375,-0.05461367419717581,1,
569.100000000,16.206847112438584,30.250890041008716,-0.04597727150486957,1,
569.200000000,16.281767854795955,30.247442960414833,-0.0373408688125633,1,
569.300000000,16.356715573103113,30.24464304603208,-0.02870446612025704,1,
569.400000000,16.431684677235506,30.242490506697642,-0.020068063427950773,1,
569.500000000,16.506669575473474,30.240985502962943,-0.011431660735644514,1,
569.600000000,16.581664674919324,30.240128147081673,-0.002795258043338252,1,
569.700000000,16.65666438191448,30.23991850300143,0.0002516166624093151,1,
569.800000000,16.73166437954032,30.23993737425091,0.003298491368156883,1,
569.900000000,16.806663971538992,30.240184760654927,0.006345366073904449,1,
570.000000000,16.88166246165641,30.24066065991688,0.009392240779652014,1,
570.100000000,16.956659153648722,30.24136506761879,0.012439115485399579,1,
570.200000000,17.031653351288764,30.24229797722133,0.015485990191147148,1,
570.300000000,17.106644358372527,30.24345938006389,0.018532864896894714,1,
570.400000000,17.18163147872563,30.24484926536466,0.021579739602642273,1,
570.500000000,17.256614016209767,30.246467620220727,0.024626614308389846,1,
570.600000000,17.331591274729178,30.248314429608193,0.027673489014137416,1,
570.700000000,17.40656255823711,30.250389676382316,0.027673489014137298,1,
570.800000000,17.48153384174504,30.252464923156438,0.02767348901413718,1,
570.900000000,17.556505125252972,30.25454016993056,0.026126859875566958,1,
571.000000000,17.631479528728804,30.25649946149722,0.02458023073699674,1,
571.100000000,17.706456872829175,30.25834279316968,0.023033601598426528,1,
571.200000000,17.781436978203686,30.260070160538568,0.021486972459856306,1,
571.300000000,17.856419665495338,30.26168155947192,0.01994034332128609,1,
571.400000000,17.93140475534095,30.26317698611517,0.018393714182715862,1,
571.500000000,18.0063920683716,30.264556436891166,0.01684708504414564,1,
571.600000000,18.081381425213042,30.26581990850018,0.015300455905575432,1,
571.700000000,18.156372646486147,30.26696739791991,0.013753826767005213,1,
571.800000000,18.231365552807322,30.267998902405488,0.012207197628435,1,
571.900000000,18.306359964788943,30.26891441948949,0.010660568489864781,1,
572.000000000,18.381355703039784,30.269713946981952,0.009113939351294563,1,
572.100000000,18.45635258816545,30.27039748297035,0.001817973632228269,1,
572.200000000,18.53135246422693,30.27053383091766,-0.005477992086838025,1,
572.300000000,18.606351338914845,30.270122983565965,-0.012773957805904318,1,
572.400000000,18.681345219973124,30.26916496278503,-0.020069923524970616,1,
572.500000000,18.75633011541151,30.267659819571147,-0.027365889244036906,1,
572.600000000,18.83130203371806,30.26560763404441,-0.0346618549631032,1,
572.700000000,18.90625698407161,30.26300851544446,-0.041957820682169494,1,
572.800000000,18.981190976554224,30.25986260212467,-0.04925378640123579,1,
572.900000000,19.056100022363562,30.25617006154477,-0.05230066110698359,1,
573.000000000,19.130997469775064,30.252249299980832,-0.05534753581273137,1,
573.100000000,19.205882623482896,30.248100353831013,-0.05839441051847916,1,
573.200000000,19.280754788295358,30.243723261611795,-0.06144128522422695,1,
573.300000000,19.355613269141326,30.239118063957644,-0.06448815992997475,1,
573.400000000,19.430457371076713,30.23428480362063,-0.06753503463572252,1,
573.500000000,19.505286399290917,30.229223525470022,-0.07058190934147031,1,
573.600000000,19.580099659113273,30.22393427649189,-0.0736287840472181,1,
573.700000000,19.6548964560195,30.218417105788646,-0.06770971367175761,1,
573.800000000,19.7297245989929,30.213342756652807,-0.06179064329629714,1,
573.900000000,19.804581466407647,30.208711406865678,-0.057287142710105675,1,
574.000000000,19.87945843193422,30.20441722085061,-0.05278364212391417,1,
574.100000000,19.954353976956703,30.200460285700064,-0.04828014153772268,1,
574.200000000,20.029266582482347,30.196840681666558,-0.04377664095153121,1,
574.300000000,20.1041947291724,30.193558482161027,-0.03927314036533971,1,
574.400000000,20.179136897372906,30.190613753751347,-0.03476963977914823,1,
574.500000000,20.25409156714554,30.188006556160975,-0.03172276507340066,1,
574.600000000,20.32905383279175,30.185627747806535,-0.02867589036765309,1,
574.700000000,20.404022998403967,30.183477350771547,-0.02562901566190553,1,
574.800000000,20.47899836801057,30.18155538501909,-0.02258214095615796,1,
574.900000000,20.553979245582337,30.179861868391615,-0.0195352662504104,1,
575.000000000,20.628964935038923,30.17839681661078,-0.016488391544662837,1,
575.100000000,20.703954740255305,30.1771602432773,-0.013441516838915266,1,
575.200000000,20.778947965068255,30.176152159870828,-0.010394642133167703,1,
575.300000000,20.853943913282798,30.175372575749844,-0.007347767427420132,1,
575.400000000,20.928941888678676,30.17482149815157,-0.004300892721672567,1,
575.500000000,21.00394119501681,30.1744989321919,-0.0012540180159249994,1,
575.600000000,21.078941136045774,30.174404880865353,0.0017928566898225671,1,
575.700000000,21.15394101550824,30.174539345045055,0.003339485828392554,1,
575.800000000,21.22894059730242,30.174789806016655,0.00488611496696254,1,
575.900000000,21.30393970202472,30.175156263181034,0.0064327441055325296,1,
576.000000000,21.378938150272695,30.175638715661602,0.007979373244102514,1,
576.100000000,21.45393576264546,30.176237162304307,0.009526002382672498,1,
576.200000000,21.528932359744143,30.176951601677626,0.011072631521242486,1,
576.300000000,21.603927762172287,30.177782032072578,0.012619260659812472,1,
576.400000000,21.6789217905363,30.17872845150272,0.014165889798382462,1,
576.500000000,21.753914265445875,30.179790857704162,0.015712518936952448,1,
576.600000000,21.82890500751442,30.18096924813556,0.017259148075522434,1,
576.700000000,21.903893837359494,30.182263619978134,0.02030602278127,1,
576.800000000,21.978878375344753,30.18378646702795,0.023352897487017563,1,
576.900000000,22.053857925355867,30.18553777514775,0.02639977219276513,1,
577.000000000,22.128831791324814,30.187517528079375,0.029446646898512688,1,
577.100000000,22.203799277236335,30.189725707443912,0.03395014748470417,1,
577.200000000,22.2787560584185,30.192271479391394,0.038453648070895664,1,
577.300000000,22.353700614636615,30.195154792289788,0.041500522776643234,1,
577.400000000,22.4286360379036,30.198266438124023,0.0445473974823908,1,
577.500000000,22.50356163256108,30.201606388007324,0.04759427218813838,1,
577.600000000,22.578476703041922,30.205174610933472,0.050641146893885935,1,
577.700000000,22.653380553876687,30.20897107377709,0.05656021726934642,1,
577.800000000,22.728260621172787,30.213210828691217,0.06247928764480689,1,
577.900000000,22.803114281485207,30.2178937271348,0.06839835802026735,1,
578.000000000,22.877938912294116,30.223019605041127,0.07431742839572786,1,
578.100000000,22.952731892096736,30.22858828282357,0.0773643031014754,1,
578.200000000,23.027507557694122,30.23438481924351,0.08041117780722298,1,
578.300000000,23.102265214910997,30.240409160489158,0.08345805251297053,1,
578.400000000,23.177004169739263,30.246661250633917,0.0865049272187181,1,
578.500000000,23.251723728344448,30.25314103163689,0.08955180192446566,1,
578.600000000,23.32642319707214,30.259848443343433,0.0925986766302132,1,
578.700000000,23.401101882454423,30.266783423485702,0.09259867663021308,1,
578.800000000,23.475780567836708,30.27371840362797,0.09259867663021296,1,
578.900000000,23.550459253218992,30.28065338377024,0.09259867663021283,1,
579.000000000,23.625137938601277,30.28758836391251,0.09259867663021272,1,
579.100000000,23.699816623983562,30.294523344054777,0.09259867663021261,1,
579.200000000,23.774495309365847,30.301458324197046,0.09259867663021248,1,
579.300000000,23.84917399474813,30.308393304339315,0.09259867663021236,1,
579.400000000,23.923852680130416,30.315328284481584,0.09259867663021223,1,
579.500000000,23.9985313655127,30.322263264623853,0.09259867663021211,1,
579.600000000,24.073210050894986,30.329198244766122,0.09259867663021196,1,
579.700000000,24.14788873627727,30.33613322490839,0.08530271091114569,1,
579.800000000,24.22261603098199,30.342523172178463,0.07800674519207938,1,
579.900000000,24.29738795720951,30.348367746433823,0.07071077947301313,1,
580.000000000,24.372200534784422,30.353666636562643,0.06341481375394681,1,
580.100000000,24.447049781367422,30.35841956050034,0.05611884803488051,1,
580.200000000,24.521931712667268,30.362626265244593,0.048822882315814206,1,
580.300000000,24.596842342652888,30.36628652686881,0.04152691659674791,1,
580.400000000,24.67177768376555,30.369400150534037,0.03423095087768161,1,
580.500000000,24.746733747131138,30.371966970499358,0.02693498515861533,1,
580.600000000,24.821706542772457,30.37398685013068,0.019639019439549026,1,
580.700000000,24.896692079821648,30.37545968190804,0.018092390300978815,1,
580.800000000,24.971679805109478,30.376816537153513,0.016545761162408593,1,
580.900000000,25.046669539260716,30.378057412621416,0.014999132023838376,1,
581.000000000,25.121661102895327,30.3791823053435,0.013452502885268162,1,
581.100000000,25.1966543166289,30.380191212628958,0.01190587374669794,1,
581.200000000,25.27164900107308,30.381084132064416,0.010359244608127727,1,
581.300000000,25.346644976835986,30.381861061513955,0.008812615469557509,1,
581.400000000,25.421642064522654,30.382521999119117,0.007265986330987292,1,
581.500000000,25.496640084735464,30.383066943298896,0.005719357192417076,1,
581.600000000,25.571638858074557,30.383495892749753,0.004172728053846858,1,
581.700000000,25.646638205138277,30.383808846445614,0.00417272805384674,1,
581.800000000,25.721637552201997,30.384121800141475,0.004172728053846622,1,
581.900000000,25.796636899265717,30.384434753837336,0.004172728053846504,1,
582.000000000,25.871636246329437,30.384747707533197,0.004172728053846386,1,
582.100000000,25.946635593393157,30.38506066122906,0.004172728053846268,1,
582.200000000,26.021634940456877,30.38537361492492,0.00417272805384615,1,
582.300000000,26.096634287520597,30.38568656862078,0.004172728053846032,1,
582.400000000,26.171633634584317,30.38599952231664,0.004172728053845914,1,
582.500000000,26.246632981648037,30.386312476012503,0.004172728053845796,1,
582.600000000,26.321632328711758,30.386625429708364,0.0041727280538456785,1,
582.700000000,26.396631675775478,30.386938383404225,0.0041727280538455605,1,
582.800000000,26.471631022839198,30.387251337100086,0.0041727280538454425,1,
582.900000000,26.546630369902918,30.387564290795947,0.004172728053845325,1,
583.000000000,26.621629716966638,30.387877244491808,0.004172728053845207,1,
583.100000000,26.696629064030358,30.38819019818767,0.004172728053845089,1,
583.200000000,26.771628411094078,30.38850315188353,0.004172728053844971,1,
583.300000000,26.846627758157798,30.38881610557939,0.004172728053844853,1,
583.400000000,26.921627105221518,30.389129059275252,0.004172728053844735,1,
583.500000000,26.996626452285238,30.389442012971113,0.004172728053844617,1,
583.600000000,27.071625799348958,30.389754966666974,0.004172728053844499,1,
583.700000000,27.146625146412678,30.390067920362835,0.004172728053844381,1,
583.800000000,27.221624493476398,30.390380874058696,0.004172728053844263,1,
583.900000000,27.296623840540118,30.390693827754557,0.004172728053844145,1,
584.000000000,27.371623187603838,30.391006781450418,0.004172728053844027,1,
584.100000000,27.42954190542271,30.39124846191179,-0.03790804989313078,1,
584.200000000,27.487419516911647,30.3890533829694,-0.07998882784010557,1,
584.300000000,27.538042598235297,30.384995443819747,-0.1292033650299366,1,
584.400000000,27.588404756603204,30.37845203206677,-0.17841790221976758,1,
584.500000000,27.63838403592717,30.36943899311756,-0.2276324394095986,1,
584.600000000,27.68785940729194,30.35797815278356,-0.27684697659942964,1,
584.700000000,27.746706260347132,30.341257192119542,-0.31567065242064996,1,
584.800000000,27.804859763606053,30.32226475418383,-0.35449432824187027,1,
584.900000000,27.86300842914255,30.300742184117773,-0.3924903902546434,1,
585.000000000,27.92029754894209,30.277026259541284,-0.43048645226741644,1,
585.100000000,27.976644424610715,30.251151215032948,-0.46848251428018967,1,
585.200000000,28.031967717909353,30.223154401919366,-0.5064785762929629,1,
585.300000000,28.08618756816777,30.193076234357516,-0.544474638305736,1,
585.400000000,28.139225707565604,30.16096013099581,-0.5824707003185091,1,
585.500000000,28.191005574114083,30.126852452298113,-0.6204667623312822,1,
585.600000000,28.241452422175332,30.090802433621153,-0.6584628243440555,1,
585.700000000,28.290493430359707,30.052862114141952,-0.6964588863568285,1,
585.800000000,28.33805780664546,30.01308626173787,-0.7344549483696019,1,
585.900000000,28.393722517731565,29.962822557738857,-0.7456709728056218,1,
586.000000000,28.448819980453894,29.91193769160401,-0.7568869972416419,1,
586.100000000,28.503343263668153,29.860438064541885,-0.76682944370339,1,
586.200000000,28.557351828181243,29.808398896992475,-0.7767718901651385,1,
586.300000000,28.610840335169474,29.75582533310177,-0.786714336626887,1,
586.400000000,28.663803497217586,29.702722569841605,-0.796656783088635,1,
586.500000000,28.716236078841412,29.649095856495915,-0.8065992295503832,1,
586.600000000,28.768132897005422,29.594950494141862,-0.8165416760121316,1,
586.700000000,28.819488821635066,29.5402918351258,-0.8264841224738797,1,
586.800000000,28.87029877612389,29.485125282534185,-0.8364265689356281,1,
586.900000000,28.92055773783537,29.42945628965948,-0.8476425933716482,1,
587.000000000,28.970189166617992,29.373227104381765,-0.8588586178076684,1,
587.100000000,29.019186818942963,29.31644480021364,-0.8700746422436882,1,
587.200000000,29.067544531009236,29.259116520248902,-0.8812906666797083,1,
587.300000000,29.11525621951889,29.20124947626394,-0.8925066911157284,1,
587.400000000,29.162315882442403,29.142850947810516,-0.9037227155517489,1,
587.500000000,29.208717599773692,29.083928281300018,-0.9149387399877688,1,
587.600000000,29.25445553427484,29.024488889079297,-0.9261547644237886,1,
587.700000000,29.299523932210406,28.9645402484982,-0.937370788859809,1,
587.800000000,29.343917124071233,28.904089900968945,-0.948586813295829,1,
587.900000000,29.38762952528766,28.843145451017417,-0.9710990806651543,1,
588.000000000,29.429958968335384,28.781232461659208,-0.9936113480344798,1,
588.100000000,29.470884001466306,28.71838230920726,-1.0161236154038047,1,
588.200000000,29.51038388466028,28.65462684491076,-1.0386358827731297,1,
588.300000000,29.548438600135746,28.589998378813526,-1.0611481501424551,1,
588.400000000,29.58502886249438,28.524529663379923,-1.0836604175117803,1,
588.500000000,29.62013612849454,28.458253876896517,-1.1061726848811055,1,
588.600000000,29.65374260644863,28.391204606657976,-1.1286849522504308,1,
588.700000000,29.685831265239596,28.32341583194566,-1.151197219619756,1,
588.800000000,29.716385842951954,28.254921906807592,-1.173709486989081,1,
588.900000000,29.74445336117363,28.187993058767596,-1.2011336213098827,1,
589.000000000,29.770675089846353,28.120319746269246,-1.2285577556306841,1,
589.100000000,29.79503130928595,28.05195286208037,-1.2559818899514856,1,
589.200000000,29.817503702738367,27.982943820559676,-1.2834060242722876,1,
589.300000000,29.83734523966879,27.915814740331815,-1.3098568200635707,1,
589.400000000,29.85540442544203,27.848184378738758,-1.3363076158548546,1,
589.500000000,29.870894140052442,27.78334216111989,-1.361498849941791,1,
589.600000000,29.884745657326118,27.7181303530353,-1.3866900840287277,1,
589.700000000,29.89603484780997,27.657505836905294,-1.4099919755591441,1,
589.800000000,29.905908435479326,27.5966347432375,-1.4332938670895607,1,
589.900000000,29.91367571154616,27.540502929320503,-1.4547064160634573,1,
590.000000000,29.920239373673624,27.484217678582965,-1.4761189650373536,1,
590.100000000,29.92622665242412,27.421167987035147,-1.4892346678357107,1,
590.200000000,29.931386498903738,27.35804519324861,-1.502350370634069,1,
590.300000000,29.93537606289226,27.29984844800492,-1.5144306232115037,1,
590.400000000,29.93866232149813,27.241607755339455,-1.5265108757889387,1,
590.500000000,29.94109722523197,27.18666167955777,-1.537900828219091,1,
590.600000000,29.94290615136845,27.131691435004623,-1.549290780649244,1,
590.700000000,29.944017185607926,27.080036715497464,-1.5599904329321148,1,
590.800000000,29.944575479258944,27.028373065291117,-1.5706900852149859,1,
590.900000000,29.94458043719933,26.98170639888782,-1.5780813590882112,1,
591.000000000,29.94424047203275,26.93504097055524,-1.5854726329614368,1,
591.100000000,29.943604521596086,26.89171230400733,-1.5923359587008599,1,
591.200000000,29.94267120971997,26.848389022659774,-1.5991992844402845,1,
591.300000000,29.9415352441644,26.80840515613518,-1.6055346620459057,1,
591.400000000,29.940145990207853,26.768429288746916,-1.6118700396515278,1,
591.500000000,29.93857194055219,26.730128285990773,-1.617941443190249,1,
591.600000000,29.93676538049268,26.69183754578905,-1.6240128467289692,1,
591.700000000,29.934903681306796,26.656887094058902,-1.6295563021338884,1,
591.800000000,29.932848265447504,26.621947499532844,-1.6350997575388075,1,
591.900000000,29.930706294618794,26.58868305797613,-1.6377231477632845,1,
592.000000000,29.928477065650085,26.55542435010411,-1.640346537987762,1,
592.100000000,29.92639224105999,26.525496879338466,-1.6427075891897915,1,
592.200000000,29.92423676205571,26.495574414362096,-1.645068640391821,1,
592.300000000,29.92213431406435,26.46731919377861,-1.6472985220826273,1,
592.400000000,29.919968865553233,26.439068731649233,-1.6495284037734326,1,
592.500000000,29.9178715118935,26.412484672163572,-1.6516271159530147,1,
592.600000000,29.915718370604292,26.38590507296231,-1.6537258281325962,1,
592.700000000,29.913647508634,26.360990989982998,-1.6556933708009547,1,
592.800000000,29.911527631182416,26.33608102973433,-1.6576609134693125,1,
592.900000000,29.90950333877115,26.31283567138738,-1.657294364178846,1,
593.000000000,29.90748756706529,26.289589572599102,-1.6569278148883797,1,
593.100000000,29.905623691387788,26.268003224786113,-1.656587447690089,1,
593.200000000,29.903767163102838,26.246416243821383,-1.6562470804917988,1,
593.300000000,29.902060227093003,26.22648921771465,-1.6559328953856847,1,
593.400000000,29.900359551942124,26.206561656297577,-1.65561871027957,1,
593.500000000,29.898665137818078,26.18663356153726,-1.6553045251734562,1,
593.600000000,29.896976984888127,26.166704935400844,-1.654990340067342,1,
593.700000000,29.895435250949678,26.148436542817638,-1.654702337053404,1,
593.800000000,29.89389877842722,26.13016770696806,-1.6544143340394657,1,
593.900000000,29.892228366450105,26.110237585949193,-1.6537858087193178,1,
594.000000000,29.8905704813878,26.09030641897081,-1.6531572833991692,1,
594.100000000,29.88892512389525,26.0703742139066,-1.6525287580790207,1,
594.200000000,29.887292294622434,26.050440978630665,-1.6519002327588723,1,
594.300000000,29.8856719942144,26.030506721017506,-1.6512717074387244,1,
594.400000000,29.88406422331123,26.010571448942038,-1.6506431821185763,1,
594.500000000,29.882468982548072,25.99063517027957,-1.6500146567984275,1,
594.600000000,29.880886272555113,25.97069789290581,-1.6493861314782787,1,
594.700000000,29.87931609395759,25.950759624696865,-1.6487576061581308,1,
594.800000000,29.8777584473758,25.930820373529226,-1.6481290808379823,1,
594.900000000,29.876213333425078,25.910880147279777,-1.6478148957318683,1,
595.000000000,29.87467448447261,25.890939436562714,-1.6475007106257544,1,
595.100000000,29.873269615987166,25.87266000944779,-1.6472127076118162,1,
595.200000000,29.871870012090014,25.854380178484618,-1.6469247045978785,1,
595.300000000,29.870348914788813,25.834438105798956,-1.646610519491764,1,
595.400000000,29.868834083064808,25.814495556191446,-1.6462963343856498,1,
595.500000000,29.867199803234424,25.79289061291727,-1.6459559671873594,1,
595.600000000,29.865572877112573,25.77128511463932,-1.6456155999890694,1,
595.700000000,29.86407788736657,25.751341067766646,-1.6453014148829548,1,
595.800000000,29.862589163816732,25.73139655217483,-1.6449872297768409,1,
595.900000000,29.86110670661002,25.71145156983264,-1.644673044670727,1,
596.000000000,29.859630515892764,25.69150612270889,-1.6443588595646128,1,
596.100000000,29.858160591810687,25.67156021277244,-1.6440446744584984,1,
596.200000000,29.856696934508886,25.651613841992198,-1.6437304893523843,1,
596.300000000,29.85523954413184,25.631667012337115,-1.64341630424627,1,
596.400000000,29.853788420823417,25.611719725776187,-1.6431021191401558,1,
596.500000000,29.85246396940157,25.593434296069933,-1.6428141161262175,1,
596.600000000,29.851144784293446,25.575148485676035,-1.64252611311228,1,
596.700000000,29.849591971302104,25.55353753437216,-1.6421857459139895,1,
596.800000000,29.848046514059515,25.531926055793505,-1.6418453787156992,1,
596.900000000,29.846626728230472,25.511976514239883,-1.6415311936095847,1,
597.000000000,29.84521321032023,25.49202652759534,-1.6412170085034705,1,
597.100000000,29.84357141882634,25.468751026201492,-1.640850459213004,1,
597.200000000,29.841938159061073,25.44547492457378,-1.6404839099225375,1,
597.300000000,29.840429483230814,25.423860847177703,-1.6401435427242466,1,
597.400000000,29.83892816421077,25.402246257529864,-1.6398031755259568,1,
597.500000000,29.837549122331477,25.382293858087813,-1.6394889904198424,1,
597.600000000,29.836176349266882,25.362341026356123,-1.639174805313728,1,
597.700000000,29.83435434378103,25.335736676953804,-1.6387558918389094,1,
597.800000000,29.832543483375176,25.309131566623236,-1.6383369783640906,1,
597.900000000,29.830743768367103,25.28252570003331,-1.637918064889272,1,
598.000000000,29.828955199072645,25.255919081853055,-1.6374991514144528,1,
598.100000000,29.827288864759858,25.230974677070456,-1.6371064200318095,1,
598.200000000,29.825632327025904,25.206029619789785,-1.6367136886491669,1,
598.300000000,29.823875803399645,25.179420866796427,-1.636294775174348,1,
598.400000000,29.82213042669236,25.15281138030644,-1.635875861699529,1,
598.500000000,29.820396197210346,25.12620116498948,-1.6354569482247105,1,
598.600000000,29.818673115257937,25.09959022551534,-1.6350380347498914,1,
598.700000000,29.81696118113752,25.072978566553928,-1.6329393225703095,1,
598.800000000,29.815305100959065,25.046363373344906,-1.6308406103907278,1,
598.900000000,29.813704882016935,25.019744763117316,-1.6287418982111461,1,
599.000000000,29.81216053135944,24.993122853115256,-1.6266431860315647,1,
599.100000000,29.81076508551197,24.968161828879726,-1.6246756433632066,1,
599.200000000,29.809418754214086,24.943198107361564,-1.622708100694849,1,
599.300000000,29.808035061908644,24.916567363723523,-1.6206093885152673,1,
599.400000000,29.806707262875495,24.88993377476449,-1.6185106763356853,1,
599.500000000,29.805514856707582,24.864962227605158,-1.6165431336673275,1,
599.600000000,29.804371585400535,24.83998838267254,-1.6145755909989696,1,
599.700000000,29.80327745338021,24.815012336645957,-1.612608048330612,1,
599.800000000,29.80223246488224,24.790034186213248,-1.6106405056622541,1,
599.900000000,29.801170234556658,24.76338868419421,-1.6089627812040788,1,
600.000000000,29.8001527095155,24.73674143754654,-1.6072850567459038,1,
600.100000000,29.799240693678648,24.71175807854273,-1.6057121900663645,1,
600.200000000,29.798367974446634,24.686773315963467,-1.604139323386825,1,
600.300000000,29.79753455397849,24.661787211618787,-1.6025664567072866,1,
600.400000000,29.79674043433602,24.636799827322037,-1.600993590027747,1,
600.500000000,29.795935296360323,24.610145318060916,-1.599315865569572,1,
600.600000000,29.79517487841889,24.58348949551376,-1.5976381411113967,1,
600.700000000,29.794459182652112,24.556832434710277,-1.5959604166532215,1,
600.800000000,29.793788211074503,24.53017421068366,-1.5942826921950468,1,
600.900000000,29.793161965574683,24.50351489847038,-1.5930251241197528,1,
601.000000000,29.792569246461174,24.476854819791512,-1.591767556044459,1,
601.100000000,29.792010054671344,24.450194016809355,-1.590509987969165,1,
601.200000000,29.791484391089543,24.423532531687368,-1.5892524198938713,1,
601.300000000,29.791053773364904,24.400203172227243,-1.5881520478279894,1,
601.400000000,29.790648826871248,24.376873353051312,-1.5870516757621072,1,
601.500000000,29.790242461043725,24.351876655933207,-1.5858727056915196,1,
601.600000000,29.78986556584956,24.3268794970944,-1.5846937356209323,1,
601.700000000,29.789518141812625,24.301881911280194,-1.5835147655503439,1,
601.800000000,29.789200189415826,24.276883933236494,-1.5823357954797563,1,
601.900000000,29.788892477080132,24.25021904200796,-1.5810782274044626,1,
602.000000000,29.78861829789486,24.223553784895277,-1.5798206593291686,1,
602.100000000,29.78804365016689,24.159877925633022,-1.5434991115151129,1,
602.200000000,29.789781678720953,24.096223196589982,-1.507177563701057,1,
602.300000000,29.79372363223089,24.03434469201489,-1.4691815016882839,1,
602.400000000,29.800013314396868,23.972660591760654,-1.4311854396755108,1,
602.500000000,29.808641645892553,23.911259938494386,-1.3931893776627375,1,
602.600000000,29.81959617148806,23.850231365719814,-1.3551933156499647,1,
602.700000000,29.832861078029403,23.78966296983241,-1.3171972536371916,1,
602.800000000,29.8484172172652,23.72964218294986,-1.279201191624419,1,
602.900000000,29.86506785776131,23.674167932578207,-1.2371204136774439,1,
603.000000000,29.884037468740022,23.619443256767894,-1.195039635730469,1,
603.100000000,29.908031131411573,23.55862293788632,-1.160421644243918,1,
603.200000000,29.93411547522277,23.498669505580974,-1.1258036527573667,1,
603.300000000,29.96263114338425,23.438874964217128,-1.0920496375987776,1,
603.400000000,29.993148491282927,23.380076818116763,-1.058295622440189,1,
603.500000000,30.026060757750898,23.321581351951316,-1.0254144487556998,1,
603.600000000,30.060878286932184,23.264199503709193,-0.9925332750712111,1,
603.700000000,30.097563438495136,23.207993307424665,-0.959652101386722,1,
603.800000000,30.13607655306978,23.153023526165033,-0.9267709277022335,1,
603.900000000,30.17690573392761,23.098644038887045,-0.8947720353854071,1,
604.000000000,30.21945379989478,23.04559865521804,-0.8627731430685804,1,
604.100000000,30.26425749260169,22.993263836855895,-0.8316665686850622,1,
604.200000000,30.31066720499753,22.94234780118432,-0.8005599943015442,1,
604.300000000,30.358638033785144,22.89289981155276,-0.7694534199180265,1,
604.400000000,30.408123565223352,22.844967710916006,-0.7383468455345084,1,
604.500000000,30.45974374420676,22.797990113703573,-0.708143246001386,1,
604.600000000,30.512759056344834,22.752592820865395,-0.6779396464682634,1,
604.700000000,30.567121141702007,22.708817243270666,-0.6477360469351411,1,
604.800000000,30.622780411832245,22.666703312479275,-0.6175324474020184,1,
604.900000000,30.68043151448365,22.625760054587474,-0.5882431255469592,1,
605.000000000,30.739256919296256,22.586522677606453,-0.5589538036918996,1,
605.100000000,30.771470374856936,22.566373384404667,-0.4969498657995902,1,
605.200000000,30.8048704632954,22.54825889219555,-0.43494592790728076,1,
605.300000000,30.806273090325817,22.54760720235819,-0.3364925572198743,1,
605.400000000,30.807732982425605,22.54709653878249,-0.23803918653246792,1,
605.500000000,30.807732982425605,22.54709653878249,-0.1380391865324679,1,
605.600000000,30.807732982425605,22.54709653878249,-0.0380391865324679,1,
605.700000000,30.807732982425605,22.54709653878249,0.06196081346753211,1,
605.800000000,30.807732982425605,22.54709653878249,0.1619608134675321,1,
605.900000000,30.807732982425605,22.54709653878249,0.2619608134675321,1,
606.000000000,30.807732982425605,22.54709653878249,0.3619608134675321,1,
606.100000000,30.807732982425605,22.54709653878249,0.46196081346753204,1,
606.200000000,30.807732982425605,22.54709653878249,0.5619608134675318,1,
606.300000000,30.807732982425605,22.54709653878249,0.6619608134675318,1,
606.400000000,30.807732982425605,22.54709653878249,0.7619608134675319,1,
606.500000000,30.807732982425605,22.54709653878249,0.8619608134675317,1,
606.600000000,30.807732982425605,22.54709653878249,0.9619608134675318,1,
606.700000000,30.807732982425605,22.54709653878249,1.0619608134675322,1,
606.800000000,30.807732982425605,22.54709653878249,1.161960813467532,1,
606.900000000,30.807732982425605,22.54709653878249,1.2619608134675322,1,
607.000000000,30.807732982425605,22.54709653878249,1.3619608134675323,1,
607.100000000,30.807732982425605,22.54709653878249,1.4619608134675328,1,
607.200000000,30.807732982425605,22.54709653878249,1.5619608134675327,1,
607.300000000,30.807732982425605,22.54709653878249,1.6619608134675328,1,
607.400000000,30.807732982425605,22.54709653878249,1.7619608134675326,1,
607.500000000,30.807732982425605,22.54709653878249,1.8619608134675325,1,
607.600000000,30.807732982425605,22.54709653878249,1.9619608134675337,1,
607.700000000,30.807732982425605,22.54709653878249,2.0619608134675325,1,
607.800000000,30.807732982425605,22.54709653878249,2.161960813467533,1,
607.900000000,30.807732982425605,22.54709653878249,2.261960813467533,1,
608.000000000,30.807732982425605,22.54709653878249,2.361960813467533,1,
608.100000000,30.807732982425605,22.54709653878249,2.4619608134675333,1,
608.200000000,30.807732982425605,22.54709653878249,2.5619608134675333,1,
608.300000000,30.807732982425605,22.54709653878249,2.6619608134675334,1,
608.400000000,30.807732982425605,22.54709653878249,2.7619608134675335,1,
608.500000000,30.807732982425605,22.54709653878249,2.8619608134675336,1,
608.600000000,30.807732982425605,22.54709653878249,2.9619608134675337,1,
608.700000000,30.783603852926593,22.55147812819612,3.03743708585182,1,
608.800000000,30.75921302648497,22.554027795167396,3.1129133582361064,1,
608.900000000,30.724609270607747,22.555020478678856,-3.1048899405282695,1,
609.000000000,30.690014593165955,22.553750189710527,-3.039507932113059,1,
609.100000000,30.655576827055384,22.550222356568458,-2.974125923697849,1,
609.200000000,30.621443134645077,22.544452054687014,-2.9087439152826384,1,
609.300000000,30.587759378910665,22.536463942207266,-2.843361906867428,1,
609.400000000,30.554669500120404,22.52629215460574,-2.7779798984522177,1,
609.500000000,30.522314900737467,22.51398015882382,-2.7125978900370074,1,
609.600000000,30.490833841166985,22.499580567521132,-2.647215881621797,1,
609.700000000,30.46036084893004,22.483154914246708,-2.5818338732065866,1,
609.800000000,30.431026143789285,22.46477339048861,-2.5164518647913763,1,
609.900000000,30.376600780485212,22.425494685377682,-2.483570691106887,1,
610.000000000,30.323496133318375,22.384447964494555,-2.450689517422398,1,
610.100000000,30.265695821759216,22.33665545479205,-2.4271631547033303,1,
610.200000000,30.20903578560095,22.287516465155065,-2.4036367919842627,1,
610.300000000,30.15354738414596,22.23705819225587,-2.380110429265195,1,
610.400000000,30.09926132823874,22.18530856294282,-2.3565840665461275,1,
610.500000000,30.046207663268557,22.132296218783825,-2.33305770382706,1,
610.600000000,29.994415752540394,22.07805050021428,-2.3095313411079923,1,
610.700000000,29.94391426102342,22.02260143029818,-2.2860049783889247,1,
610.800000000,29.894731139485938,21.965979698111422,-2.262478615669857,1,
610.900000000,29.846893609025653,21.908216641756503,-2.2389522529507895,1,
611.000000000,29.800428146003764,21.849344231018012,-2.215425890231722,1,
611.100000000,29.75536046739124,21.789395049668485,-2.222721855950788,1,
611.200000000,29.70985660498322,21.729776273213815,-2.230017821669854,1,
611.300000000,29.66391898099032,21.670491075213917,-2.23731378738892,1,
611.400000000,29.61755004071268,21.611542611472032,-2.2446097531079863,1,
611.500000000,29.570752252409772,21.552934019866736,-2.2519057188270524,1,
611.600000000,29.52352810716904,21.494668420184915,-2.2592016845461185,1,
611.700000000,29.47588011877327,21.436748913955693,-2.266153668640983,1,
611.800000000,29.427830629545777,21.37916205273738,-2.2731056527358477,1,
611.900000000,29.379381961713005,21.321910619696542,-2.279664128297041,1,
612.000000000,29.330558856419707,21.264978165072492,-2.286222603858234,1,
612.100000000,29.281363413715958,21.20836713772638,-2.292125231863308,1,
612.200000000,29.231834676124322,21.152047477281926,-2.298027859868382,1,
612.300000000,29.185298389728256,21.099756234721976,-2.3035369793397846,1,
612.400000000,29.13847473228244,21.047722158354688,-2.309046098811187,1,
612.500000000,29.094730096855784,20.99964506535408,-2.3141617097489178,1,
612.600000000,29.050740091184853,20.95179238098767,-2.3192773206866484,1,
612.700000000,29.011042710023766,20.90905018045086,-2.3238682535794837,1,
612.800000000,28.971149521321085,20.866490677717508,-2.328459186472319,1,
612.900000000,28.919607607196305,20.81200736753582,-2.330868533532888,1,
613.000000000,28.867934573594418,20.75764839772974,-2.3332778805934566,1,
613.100000000,28.817281917210817,20.704619290825484,-2.3355824734340005,1,
613.200000000,28.766507184947105,20.651707058389814,-2.3378870662745443,1,
613.300000000,28.71908086500746,20.6025116457843,-2.3400345277850514,1,
613.400000000,28.6715490092493,20.553418192731677,-2.3421819892955584,1,
613.500000000,28.62391183687002,20.50442692563078,-2.3443294508060655,1,
613.600000000,28.576169567552682,20.45553807040921,-2.346476912316573,1,
613.700000000,28.52365440721257,20.401992221508927,-2.346476912316573,1,
613.800000000,28.47113924687246,20.34844637260864,-2.346476912316573,1,
613.900000000,28.42212509722169,20.298470246968375,-2.346476912316573,1,
614.000000000,28.373110947570922,20.248494121328108,-2.346476912316573,1,
614.100000000,28.327597808609493,20.20208771894786,-2.346476912316573,1,
614.200000000,28.282084669648064,20.15568131656761,-2.346476912316573,1,
614.300000000,28.240072541375973,20.11284463744738,-2.346476912316573,1,
614.400000000,28.19806041310388,20.070007958327153,-2.346476912316573,1,
614.500000000,28.15838229195802,20.029551094713604,-2.346476912316573,1,
614.600000000,28.11870417081216,19.989094231100054,-2.346476912316573,1,
614.700000000,28.082527060355638,19.952207090746523,-2.346476912316573,1,
614.800000000,28.046349949899117,19.91531995039299,-2.346476912316573,1,
614.900000000,28.004337821627026,19.872483271272763,-2.346476912316573,1,
615.000000000,27.962325693354934,19.829646592152535,-2.346476912316573,1,
615.100000000,27.922647572209073,19.789189728538986,-2.346476912316573,1,
615.200000000,27.88296945106321,19.748732864925437,-2.346476912316573,1,
615.300000000,27.84679234060669,19.711845724571905,-2.346476912316573,1,
615.400000000,27.81061523015017,19.674958584218373,-2.346476912316573,1,
615.500000000,27.768603101878078,19.632121905098145,-2.346476912316573,1,
615.600000000,27.726590973605987,19.589285225977918,-2.346476912316573,1,
615.700000000,27.686912852460125,19.548828362364368,-2.346476912316573,1,
615.800000000,27.647234731314263,19.50837149875082,-2.346476912316573,1,
615.900000000,27.611057620857743,19.471484358397287,-2.346476912316573,1,
616.000000000,27.574880510401222,19.434597218043756,-2.346476912316573,1,
616.100000000,27.541037407070927,19.400089893196903,-2.346476912316573,1,
616.200000000,27.507194303740633,19.36558256835005,-2.346476912316573,1,
616.300000000,27.475685207536564,19.33345505900988,-2.346476912316573,1,
616.400000000,27.444176111332496,19.301327549669708,-2.346476912316573,1,
616.500000000,27.415001022254657,19.271579855836215,-2.346476912316573,1,
616.600000000,27.385825933176818,19.241832162002723,-2.346476912316573,1,
616.700000000,27.35781784766209,19.21327437592257,-2.346476912316573,1,
616.800000000,27.329809762147363,19.184716589842417,-2.346476912316573,1,
616.900000000,27.304135683758865,19.158538619268942,-2.346476912316573,1,
617.000000000,27.278461605370367,19.132360648695467,-2.346476912316573,1,
617.100000000,27.255121534108095,19.108562493628675,-2.346476912316573,1,
617.200000000,27.231781462845824,19.084764338561882,-2.346476912316573,1,
617.300000000,27.209608395146667,19.06215609124843,-2.346476912316573,1,
617.400000000,27.18743532744751,19.039547843934976,-2.346476912316573,1,
617.500000000,27.166429263311464,19.018129504374862,-2.346476912316573,1,
617.600000000,27.14542319917542,18.996711164814748,-2.346476912316573,1,
617.700000000,27.126751142165602,18.977672640761313,-2.346476912316573,1,
617.800000000,27.108079085155786,18.958634116707877,-2.346476912316573,1,
617.900000000,27.08707302101974,18.937215777147763,-2.346476912316573,1,
618.000000000,27.066066956883695,18.91579743758765,-2.346476912316573,1,
618.100000000,27.046227896310764,18.895569005780875,-2.346476912316573,1,
618.200000000,27.026388835737833,18.8753405739741,-2.346476912316573,1,
618.300000000,27.007716778728017,18.856302049920664,-2.346476912316573,1,
618.400000000,26.9890447217182,18.83726352586723,-2.346476912316573,1,
618.500000000,26.96920566114527,18.817035094060454,-2.346476912316573,1,
618.600000000,26.94936660057234,18.79680666225368,-2.346476912316573,1,
618.700000000,26.930694543562524,18.777768138200244,-2.346476912316573,1,
618.800000000,26.912022486552708,18.75872961414681,-2.346476912316573,1,
618.900000000,26.891016422416662,18.737311274586695,-2.346476912316573,1,
619.000000000,26.870010358280616,18.71589293502658,-2.346476912316573,1,
619.100000000,26.850171297707686,18.695664503219806,-2.346476912316573,1,
619.200000000,26.830332237134755,18.67543607141303,-2.346476912316573,1,
619.300000000,26.810493176561824,18.655207639606257,-2.346476912316573,1,
619.400000000,26.790654115988893,18.634979207799482,-2.346476912316573,1,
619.500000000,26.774316066105303,18.618320499252725,-2.346476912316573,1,
619.600000000,26.757978016221713,18.60166179070597,-2.346476912316573,1,
619.700000000,26.74280696990124,18.58619298991255,-2.346476912316573,1,
619.800000000,26.727635923580763,18.570724189119133,-2.346476912316573,1,
619.900000000,26.707796863007832,18.55049575731236,-2.346476912316573,1,
620.000000000,26.6879578024349,18.530267325505584,-2.346476912316573,1,
620.100000000,26.66811874186197,18.51003889369881,-2.346476912316573,1,
620.200000000,26.64827968128904,18.489810461892034,-2.346476912316573,1,
620.300000000,26.62844062071611,18.46958203008526,-2.346476912316573,1,
620.400000000,26.60860156014318,18.449353598278485,-2.346476912316573,1,
620.500000000,26.588762499570247,18.42912516647171,-2.346476912316573,1,
620.600000000,26.568923438997317,18.408896734664935,-2.346476912316573,1,
620.700000000,26.5502513819875,18.3898582106115,-2.346476912316573,1,
620.800000000,26.531579324977685,18.370819686558065,-2.346476912316573,1,
620.900000000,26.51057326084164,18.34940134699795,-2.346476912316573,1,
621.000000000,26.489567196705593,18.327983007437837,-2.346476912316573,1,
621.100000000,26.468561132569548,18.306564667877723,-2.346476912316573,1,
621.200000000,26.447555068433502,18.28514632831761,-2.346476912316573,1,
621.300000000,26.42771600786057,18.264917896510834,-2.346476912316573,1,
621.400000000,26.40787694728764,18.24468946470406,-2.346476912316573,1,
621.500000000,26.38803788671471,18.224461032897285,-2.346476912316573,1,
621.600000000,26.36819882614178,18.20423260109051,-2.346476912316573,1,
621.700000000,26.349526769131963,18.185194077037075,-2.346476912316573,1,
621.800000000,26.330854712122147,18.16615555298364,-2.346476912316573,1,
621.900000000,26.31218265511233,18.147117028930204,-2.346476912316573,1,
622.000000000,26.293510598102515,18.12807850487677,-2.346476912316573,1,
622.100000000,26.27600554465581,18.110229888576672,-2.346476912316573,1,
622.200000000,26.258500491209105,18.092381272276576,-2.346476912316573,1,
622.300000000,26.242162441325515,18.07572256372982,-2.346476912316573,1,
622.400000000,26.225824391441925,18.059063855183062,-2.346476912316573,1,
622.500000000,26.21065334512145,18.043595054389645,-2.346476912316573,1,
622.600000000,26.195482298800975,18.028126253596227,-2.346476912316573,1,
622.700000000,26.18147825604361,18.013847360556152,-2.346476912316573,1,
622.800000000,26.167474213286248,17.999568467516077,-2.346476912316573,1,
622.900000000,26.151136163402658,17.98290975896932,-2.346476912316573,1,
623.000000000,26.134798113519068,17.966251050422564,-2.346476912316573,1,
623.100000000,26.116126056509252,17.94721252636913,-2.346476912316573,1,
623.200000000,26.097453999499436,17.928174002315693,-2.346476912316573,1,
623.300000000,26.07878194248962,17.909135478262257,-2.346476912316573,1,
623.400000000,26.060109885479804,17.890096954208822,-2.346476912316573,1,
623.500000000,26.0426048320331,17.872248337908726,-2.346476912316573,1,
623.600000000,26.025099778586394,17.85439972160863,-2.346476912316573,1,
623.700000000,26.008761728702805,17.837741013061873,-2.346476912316573,1,
623.800000000,25.992423678819215,17.821082304515116,-2.346476912316573,1,
623.900000000,25.97725263249874,17.8056135037217,-2.346476912316573,1,
624.000000000,25.962081586178265,17.79014470292828,-2.346476912316573,1,
624.100000000,25.94457653273156,17.772296086628184,-2.346476912316573,1,
624.200000000,25.927071479284855,17.75444747032809,-2.346476912316573,1,
624.300000000,25.910733429401265,17.73778876178133,-2.346476912316573,1,
624.400000000,25.894395379517675,17.721130053234575,-2.346476912316573,1,
624.500000000,25.874556318944745,17.7009016214278,-2.346476912316573,1,
624.600000000,25.854717258371814,17.680673189621025,-2.346476912316573,1,
624.700000000,25.836045201361998,17.66163466556759,-2.346476912316573,1,
624.800000000,25.81737314435218,17.642596141514154,-2.346476912316573,1,
624.900000000,25.795200076653025,17.6199878942007,-2.346476912316573,1,
625.000000000,25.773027008953868,17.597379646887248,-2.346476912316573,1,
625.100000000,25.755521955507163,17.57953103058715,-2.346476912316573,1,
625.200000000,25.73801690206046,17.561682414287056,-2.346476912316573,1,
625.300000000,25.71350982723507,17.53669435146692,-2.346476912316573,1,
625.400000000,25.689002752409685,17.511706288646785,-2.346476912316573,1,
625.500000000,25.676165713215436,17.49861730336005,-2.346476912316573,1,
625.600000000,25.663328674021187,17.485528318073314,-2.346476912316573,1,
625.700000000,25.648157627700712,17.470059517279896,-2.346476912316573,1,
625.800000000,25.632986581380237,17.45459071648648,-2.346476912316573,1,
625.900000000,25.615481527933532,17.436742100186382,-2.346476912316573,1,
626.000000000,25.597976474486828,17.418893483886286,-2.346476912316573,1,
