timestamp,x,y,yaw,exploration_active,loop_id
0.100000000,0.0,0.0,0.0,0,
0.200000000,0.0,0.0,0.0,0,
0.300000000,0.0,0.0,0.0,0,
0.400000000,0.0,0.0,0.0,0,
0.500000000,0.0,0.0,0.0,0,
0.600000000,0.0,0.0,0.0,0,
0.700000000,0.0,0.0,0.0,0,
0.800000000,0.0,0.0,0.0,0,
0.900000000,0.0,0.0,0.0,0,
1.000000000,0.0,0.0,0.0,0,
1.100000000,0.0,0.0,0.0,0,
1.200000000,0.0,0.0,0.0,0,
1.300000000,0.0,0.0,0.0,0,
1.400000000,0.0,0.0,0.0,0,
1.500000000,0.0,0.0,0.0,0,
1.600000000,0.0,0.0,0.0,0,
1.700000000,0.0,0.0,0.0,0,
1.800000000,0.0,0.0,0.0,0,
1.900000000,0.0,0.0,0.0,0,
2.000000000,0.0,0.0,0.0,0,
2.100000000,0.0,0.0,0.0,0,
2.200000000,0.0,0.0,0.0,0,
2.300000000,0.0,0.0,0.0,0,
2.400000000,0.0,0.0,0.0,0,
2.500000000,0.0,0.0,0.0,0,
2.600000000,0.0,0.0,0.0,0,
2.700000000,0.0,0.0,0.0,0,
2.800000000,0.0,0.0,0.0,0,
2.900000000,0.0,0.0,0.0,0,
3.000000000,0.0,0.0,0.0,0,
3.100000000,0.0,0.0,0.0,0,
3.200000000,0.0,0.0,0.0,0,
3.300000000,0.0,0.0,0.0,0,
3.400000000,0.0,0.0,0.0,0,
3.500000000,0.0,0.0,0.0,0,
3.600000000,0.0,0.0,0.0,0,
3.700000000,0.0,0.0,0.0,0,
3.800000000,0.0,0.0,0.0,0,
3.900000000,0.0,0.0,0.0,0,
4.000000000,0.07500000000000001,0.0,-1.1826054112547266e-16,0,
4.100000000,0.15000000000000002,-8.869540584410451e-18,-2.365210822509453e-16,0,
4.200000000,0.22500000000000003,-2.6608621753231355e-17,-3.54781623376418e-16,0,
4.300000000,0.30000000000000004,-5.321724350646271e-17,-4.730421645018906e-16,0,
4.400000000,0.37500000000000006,-8.869540584410452e-17,-5.913027056273633e-16,0,
4.500000000,0.45000000000000007,-1.3304310876615678e-16,-7.075922377340782e-16,0,
4.600000000,0.5250000000000001,-1.8611252659621266e-16,-8.258527788595509e-16,0,
4.700000000,0.6000000000000001,-2.48051485010679e-16,-9.441133199850235e-16,0,
4.800000000,0.675,-3.1885998400955577e-16,-1.0623738611104961e-15,0,
4.900000000,0.75,-3.98538023592843e-16,-1.1806344022359687e-15,0,
5.000000000,0.825,-4.870856037605407e-16,-1.2988949433614412e-15,0,
5.100000000,0.8999999999999999,-5.845027245126488e-16,-1.4171554844869138e-15,0,
5.200000000,0.9749999999999999,-6.907893858491673e-16,-1.5354160256123863e-15,0,
5.300000000,1.0499999999999998,-8.059455877700963e-16,-1.653676566737859e-15,0,
5.400000000,1.1249999999999998,-9.299713302754357e-16,-1.7719371078633315e-15,0,
5.500000000,1.1999999999999997,-1.0628666133651856e-15,-1.890197648988804e-15,0,
5.600000000,1.2749999999999997,-1.204631437039346e-15,-2.0084581901142766e-15,0,
5.700000000,1.3499999999999996,-1.3552658012979168e-15,-2.126718731239749e-15,0,
5.800000000,1.4249999999999996,-1.514769706140898e-15,-2.2449792723652217e-15,0,
5.900000000,1.4999999999999996,-1.6831431515682896e-15,-2.3632398134906943e-15,0,
6.000000000,1.5749999999999995,-1.8603861375800916e-15,-2.481500354616167e-15,0,
6.100000000,1.6499999999999995,-2.046498664176304e-15,-2.5997608957416394e-15,0,
6.200000000,1.7249999999999994,-2.241480731356927e-15,-2.718021436867112e-15,0,
6.300000000,1.7999999999999994,-2.44533233912196e-15,0.024523727502666966,0,
6.400000000,1.8670986442526067,0.0016458388237468443,0.05740490118715594,0,
6.500000000,1.9341069118383618,0.005496672646127637,0.0902860748716449,0,
6.600000000,2.0009523618496403,0.011548338430140873,0.12316724855613392,0,
6.700000000,2.0675627293966934,0.01979429387618942,0.15604842224062287,0,
6.800000000,2.1338660037313533,0.030225624494789216,0.18892959592511185,0,
6.900000000,2.1997905060959937,0.04283105324379363,0.22181076960960078,0,
7.000000000,2.2652649672135836,0.05759695271971252,0.2546919432940899,0,
7.100000000,2.3302186043350614,0.0745073598899462,0.28757311697857874,0,
7.200000000,2.3945811977607385,0.09354399335000774,0.3204542906630678,0,
7.300000000,2.4582831667530014,0.1146862730870773,0.3533354643475566,0,
7.400000000,2.5212556447582517,0.13791134272852243,0.38621663803204564,0,
7.500000000,2.5834305538567586,0.16319409425133238,0.4190978117165345,0,
7.600000000,2.6447406783599385,0.19050719512575326,0.45197898540102355,0,
7.700000000,2.7051197374755023,0.21982111786378014,0.48486015908551255,0,
7.800000000,2.764502456961906,0.25110417194056184,0.5177413327700015,0,
7.900000000,2.8228246396946486,0.28432253805420893,0.5506225064544904,0,
8.000000000,2.8800232350681263,0.3194403046869676,0.5835036801389794,0,
8.100000000,2.8800232350681263,0.3194403046869676,0.4835036801389794,0,
8.200000000,2.8800232350681263,0.3194403046869676,0.38350368013897934,0,
8.300000000,2.8800232350681263,0.3194403046869676,0.2835036801389794,0,
8.400000000,2.8800232350681263,0.3194403046869676,0.18350368013897939,0,
8.500000000,2.8800232350681263,0.3194403046869676,0.0835036801389794,0,
8.600000000,2.8800232350681263,0.3194403046869676,-0.01649631986102059,0,
8.700000000,2.8800232350681263,0.3194403046869676,-0.11649631986102058,0,
8.800000000,2.8800232350681263,0.3194403046869676,-0.21649631986102064,0,
8.900000000,2.8800232350681263,0.3194403046869676,-0.3164963198610206,0,
9.000000000,2.8800232350681263,0.3194403046869676,-0.41649631986102065,0,
9.100000000,2.8800232350681263,0.3194403046869676,-0.5164963198610206,0,
9.200000000,2.8800232350681263,0.3194403046869676,-0.6164963198610206,0,
9.300000000,2.8800232350681263,0.3194403046869676,-0.7164963198610207,0,
9.400000000,2.8800232350681263,0.3194403046869676,-0.8164963198610203,0,
9.500000000,2.8800232350681263,0.3194403046869676,-0.9164963198610203,0,
9.600000000,2.8800232350681263,0.3194403046869676,-1.0164963198610206,0,
9.700000000,2.8800232350681263,0.3194403046869676,-1.1164963198610207,0,
9.800000000,2.8800232350681263,0.3194403046869676,-1.2164963198610204,0,
9.900000000,2.8800232350681263,0.3194403046869676,-1.3164963198610207,0,
10.000000000,2.8800232350681263,0.3194403046869676,-1.4164963198610212,0,
10.100000000,2.8800232350681263,0.3194403046869676,-1.5164963198610206,0,
10.200000000,2.8800232350681263,0.3194403046869676,-1.6164963198610214,0,
10.300000000,2.8800232350681263,0.3194403046869676,-1.7164963198610212,0,
10.400000000,2.8800232350681263,0.3194403046869676,-1.8164963198610213,0,
10.500000000,2.8800232350681263,0.3194403046869676,-1.9164963198610214,0,
10.600000000,2.8800232350681263,0.3194403046869676,-2.0164963198610213,0,
10.700000000,2.8800232350681263,0.3194403046869676,-2.1164963198610214,0,
10.800000000,2.8800232350681263,0.3194403046869676,-2.216496319861022,0,
10.900000000,2.8800232350681263,0.3194403046869676,-2.3164963198610216,0,
11.000000000,2.8800232350681263,0.3194403046869676,-2.4164963198610216,0,
11.100000000,2.8800232350681263,0.3194403046869676,-2.5164963198610217,0,
11.200000000,2.8800232350681263,0.3194403046869676,-2.616496319861022,0,
11.300000000,2.8800232350681263,0.3194403046869676,-2.716496319861022,0,
11.400000000,2.8800232350681263,0.3194403046869676,-2.816496319861022,0,
11.500000000,2.8800232350681263,0.3194403046869676,-2.916496319861022,0,
11.600000000,2.8800232350681263,0.3194403046869676,-3.016496319861022,0,
11.700000000,2.8800232350681263,0.3194403046869676,-3.1164963198610223,0,
11.800000000,2.8800232350681263,0.3194403046869676,3.066688987318564,0,
11.900000000,2.8800232350681263,0.3194403046869676,2.966688987318564,0,
12.000000000,2.8800232350681263,0.3194403046869676,2.8666889873185637,0,
12.100000000,2.8800232350681263,0.3194403046869676,2.7666889873185636,0,
12.200000000,2.8800232350681263,0.3194403046869676,2.6666889873185635,0,
12.300000000,2.8800232350681263,0.3194403046869676,2.5666889873185634,0,
12.400000000,2.8800232350681263,0.3194403046869676,2.4666889873185633,0,
12.500000000,2.8800232350681263,0.3194403046869676,2.3666889873185633,0,
12.600000000,2.8800232350681263,0.3194403046869676,2.266688987318563,0,
12.700000000,2.8800232350681263,0.3194403046869676,2.166688987318563,0,
12.800000000,2.8800232350681263,0.3194403046869676,2.066688987318563,0,
12.900000000,2.8800232350681263,0.3194403046869676,1.966688987318563,0,
13.000000000,2.8800232350681263,0.3194403046869676,1.8666889873185628,0,
13.100000000,2.8800232350681263,0.3194403046869676,1.7666889873185632,0,
13.200000000,2.8800232350681263,0.3194403046869676,1.6666889873185633,0,
13.300000000,2.8800232350681263,0.3194403046869676,1.566688987318563,0,
13.400000000,2.8800232350681263,0.3194403046869676,1.4666889873185631,0,
13.500000000,2.8800232350681263,0.3194403046869676,1.3666889873185624,0,
13.600000000,2.8800232350681263,0.3194403046869676,1.266688987318562,0,
13.700000000,2.8800232350681263,0.3194403046869676,1.1666889873185622,0,
13.800000000,2.8800232350681263,0.3194403046869676,1.066688987318562,0,
13.900000000,2.8800232350681263,0.3194403046869676,0.9666889873185622,0,
14.000000000,2.8800232350681263,0.3194403046869676,0.866688987318562,0,
14.100000000,2.8800232350681263,0.3194403046869676,0.7666889873185622,0,
14.200000000,2.8800232350681263,0.3194403046869676,0.6666889873185623,0,
14.300000000,2.8800232350681263,0.3194403046869676,0.5666889873185623,0,
14.400000000,2.8800232350681263,0.3194403046869676,0.46668898731856234,0,
14.500000000,2.8800232350681263,0.3194403046869676,0.3666889873185623,0,
14.600000000,2.8800232350681263,0.3194403046869676,0.26668898731856233,0,
14.700000000,2.8800232350681263,0.3194403046869676,0.16668898731856227,0,
14.800000000,2.8800232350681263,0.3194403046869676,0.06668898731856227,0,
14.900000000,2.8800232350681263,0.3194403046869676,-0.033311012681437734,0,
15.000000000,2.8800232350681263,0.3194403046869676,-0.033311012681437734,0,
15.100000000,2.8800232350681263,0.3194403046869676,-0.033311012681437734,0,
15.200000000,2.8800232350681263,0.3194403046869676,-0.033311012681437734,0,
15.300000000,2.8800232350681263,0.3194403046869676,-0.033311012681437734,0,
15.400000000,2.8800232350681263,0.3194403046869676,-0.033311012681437734,0,
15.500000000,2.8800232350681263,0.3194403046869676,-0.033311012681437734,0,
15.600000000,2.8800232350681263,0.3194403046869676,-0.033311012681437734,0,
15.700000000,2.8800232350681263,0.3194403046869676,-0.033311012681437734,0,
15.800000000,2.8800232350681263,0.3194403046869676,-0.033311012681437734,0,
15.900000000,2.8800232350681263,0.3194403046869676,-0.033311012681437734,0,
16.000000000,2.8800232350681263,0.3194403046869676,-0.033311012681437734,0,
16.100000000,2.8800232350681263,0.3194403046869676,-0.033311012681437734,0,
16.200000000,2.8800232350681263,0.3194403046869676,-0.033311012681437734,0,
16.300000000,2.8800232350681263,0.3194403046869676,-0.033311012681437734,0,
16.400000000,2.8800232350681263,0.3194403046869676,-0.033311012681437734,0,
16.500000000,2.8800232350681263,0.3194403046869676,-0.033311012681437734,0,
16.600000000,2.8800232350681263,0.3194403046869676,-0.033311012681437734,0,
16.700000000,2.8800232350681263,0.3194403046869676,-0.033311012681437734,0,
16.800000000,2.8800232350681263,0.3194403046869676,-0.033311012681437734,0,
16.900000000,2.8800232350681263,0.3194403046869676,-0.033311012681437734,0,
17.000000000,2.8800232350681263,0.3194403046869676,-0.033311012681437734,0,
17.100000000,2.8800232350681263,0.3194403046869676,-0.033311012681437734,1,
17.200000000,2.8800232350681263,0.3194403046869676,-0.033311012681437734,1,
17.300000000,2.934992723241608,0.3176085377953001,-0.061334912366326905,1,
17.400000000,2.9832351707621427,0.314645875421758,-0.06899016030645329,1,
17.500000000,3.0297908231531974,0.31142888797678914,-0.06159888643322797,1,
17.600000000,3.076368981279514,0.3085560908489703,-0.03782103215514038,1,
17.700000000,3.126333224825093,0.30666549004358085,0.012178967799987148,1,
17.800000000,3.1651540214714604,0.30713831065353264,0.07335529188453815,1,
17.900000000,3.2030479010286257,0.3099230238880574,0.13535922977684753,1,
18.000000000,3.2398701575626054,0.31493792150146155,0.1981970477320975,1,
18.100000000,3.2763048221117876,0.3222552293066382,0.26103486568734746,1,
18.200000000,3.312208076406976,0.3318460637511588,0.3238726836425974,1,
18.300000000,3.350566450984156,0.3447226988025493,0.38341069369585923,1,
18.400000000,3.3888433486643006,0.36016256336819047,0.44213709058416556,1,
18.500000000,3.4261480543080522,0.3778223836009861,0.5008634874724719,1,
18.600000000,3.4623519488025405,0.39764127199699806,0.5595898843607784,1,
18.700000000,3.497330208410063,0.41955089702004134,0.6183162812490848,1,
18.800000000,3.5309622351351972,0.4434757186950603,0.6770426781373909,1,
18.900000000,3.563132072522403,0.46933324905475116,0.7357690750256974,1,
19.000000000,3.593728805450531,0.49703433654146206,0.7944954719140038,1,
19.100000000,3.626003950298355,0.5299021230831099,0.8484305572055696,1,
19.200000000,3.656460294912662,0.5644620339601643,0.9023656424971351,1,
19.300000000,3.685009263462539,0.6006135589879342,0.9563007277887005,1,
19.400000000,3.711567827316579,0.6382515591089053,1.010235813080266,1,
19.500000000,3.736478414185723,0.6779351195403354,1.0633815463942946,1,
19.600000000,3.7592458104911968,0.718885918948279,1.1165272797083228,1,
19.700000000,3.7798057255630066,0.7609883202921467,1.1696730130223512,1,
19.800000000,3.798100102226005,0.8041234346329306,1.2228187463363795,1,
19.900000000,3.814077280741985,0.848169456852294,1.2759644796504082,1,
20.000000000,3.827921060818239,0.8937558103484583,1.3283224197466117,1,
20.100000000,3.8395490256339033,0.9407678102426026,1.3798937330020657,1,
20.200000000,3.8488872463200896,0.9890882853443751,1.4306791957224676,1,
20.300000000,3.8561995090588046,1.040933099107916,1.4783212555363197,1,
20.400000000,3.8614737954007308,1.0978051089885201,1.5212052017136317,1,
20.500000000,3.864888897704077,1.1666138378637974,1.5523117760971494,1,
20.600000000,3.8662751600605607,1.2416010252805754,1.5768355035998194,1,
20.700000000,3.8658222245534213,1.3165996575976142,1.6003618663188863,1,
20.800000000,3.8636051321232876,1.3915668804430434,1.6238882290379542,1,
20.900000000,3.8596251098514784,1.4664612021417938,1.6474145917570213,1,
21.000000000,3.8538843605378927,1.5412411713669718,1.6709409544760887,1,
21.100000000,3.846386061481837,1.6158654000816859,1.6944673171951563,1,
21.200000000,3.8371343627235044,1.6902925864458436,1.6929206880565864,1,
21.300000000,3.8279977862397274,1.7647339927339847,1.6856247223375196,1,
21.400000000,3.8194045700598243,1.8392400772887743,1.678328756618454,1,
21.500000000,3.8113551716082514,1.9138068740857925,1.6724096862429927,1,
21.600000000,3.8037472777038697,1.9884200093257733,1.6664906158675323,1,
21.700000000,3.796581154891462,2.06307686891575,1.6605715454920715,1,
21.800000000,3.789857054238233,2.1377748372308605,1.6546524751166112,1,
21.900000000,3.7835752113250107,2.2125112972059866,1.6487334047411506,1,
22.000000000,3.777735846237995,2.287283630427443,1.6428143343656898,1,
22.100000000,3.7723391635610457,2.362089217224716,1.6368952639902297,1,
22.200000000,3.7673853523685152,2.436925436762242,1.6323917634040384,1,
22.300000000,3.7627686152306317,2.511783206821199,1.6278882628178462,1,
22.400000000,3.7584890457816713,2.5866610091749775,1.623384762231655,1,
22.500000000,3.754546730817651,2.6615573251906834,1.6188812616454618,1,
22.600000000,3.750941750294565,2.7364706358599373,1.614377761059271,1,
22.700000000,3.747674177326765,2.811399421829684,1.6098742604730791,1,
22.800000000,3.744744078185479,2.8863421634330053,1.6068273857673312,1,
22.900000000,3.7420423334353616,2.961293484804314,1.6037805110615833,1,
23.000000000,3.739568968157894,3.036252690137643,1.6007336363558355,1,
23.100000000,3.7373240053144103,3.111219083553836,1.597686761650088,1,
23.200000000,3.7353074657458847,3.186191969107005,1.5946398869443401,1,
23.300000000,3.7335193681727374,3.2611706507909934,1.5915930122385926,1,
23.400000000,3.7319597291946622,3.3361544325458374,1.5885461375328447,1,
23.500000000,3.730628563290471,3.411142618264226,1.5854992628270972,1,
23.600000000,3.7295258828179607,3.4861345117979643,1.5824523881213495,1,
23.700000000,3.728651698013797,3.5611294169644365,1.5794055134156018,1,
23.800000000,3.728006016993421,3.6361266375530685,1.5778588842770318,1,
23.900000000,3.7274763295857296,3.7111247670714116,1.5763122551384614,1,
24.000000000,3.7270626370577675,3.7861236261193487,1.5747656259998914,1,
24.100000000,3.726764940399113,3.8611230352950177,1.5732189968613208,1,
24.200000000,3.726583240321874,3.9361228151952408,1.571672367722751,1,
24.300000000,3.726517537260689,4.011122786415954,1.5701257385841811,1,
24.400000000,3.7265678313727233,4.086122769552634,1.5701257385841811,1,
24.500000000,3.7266181254847575,4.161122752689313,1.5701257385841807,1,
24.600000000,3.7266684195967916,4.236122735825993,1.5701257385841805,1,
24.700000000,3.726718713708826,4.311122718962673,1.5701257385841805,1,
24.800000000,3.72676900782086,4.386122702099352,1.5701257385841796,1,
24.900000000,3.726819301932894,4.461122685236032,1.5701257385841796,1,
25.000000000,3.7268695960449283,4.536122668372712,1.5701257385841796,1,
25.100000000,3.7269198901569625,4.611122651509391,1.5701257385841791,1,
25.200000000,3.7269701842689966,4.686122634646071,1.5701257385841791,1,
25.300000000,3.7270204783810312,4.761122617782751,1.570125738584179,1,
25.400000000,3.727070772493066,4.83612260091943,1.570125738584179,1,
25.500000000,3.7271210666051005,4.91112258405611,1.5701257385841776,1,
25.600000000,3.727171360717135,4.98612256719279,1.5701257385841783,1,
25.700000000,3.7272216548291697,5.061122550329469,1.5701257385841783,1,
25.800000000,3.7272719489412043,5.136122533466149,1.570125738584178,1,
25.900000000,3.727322243053239,5.2111225166028285,1.5701257385841774,1,
26.000000000,3.7273725371652735,5.286122499739508,1.5701257385841774,1,
26.100000000,3.727422831277308,5.361122482876188,1.570125738584177,1,
26.200000000,3.7274731253893427,5.4361224660128675,1.570125738584177,1,
26.300000000,3.7275234195013773,5.511122449149547,1.5701257385841767,1,
26.400000000,3.727573713613412,5.586122432286227,1.5701257385841767,1,
26.500000000,3.7276240077254466,5.6611224154229065,1.5701257385841754,1,
26.600000000,3.727674301837481,5.736122398559586,1.570125738584176,1,
26.700000000,3.7277245959495158,5.811122381696266,1.5701257385841758,1,
26.800000000,3.7277748900615504,5.8861223648329455,1.5701257385841758,1,
26.900000000,3.727825184173585,5.961122347969625,1.5701257385841754,1,
27.000000000,3.7278754782856196,6.036122331106305,1.5701257385841751,1,
27.100000000,3.727925772397654,6.1111223142429845,1.5701257385841747,1,
27.200000000,3.727976066509689,6.186122297379664,1.5656222379979827,1,
27.300000000,3.7283641214380028,6.261121293462096,1.561118737411791,1,
27.400000000,3.729089929312267,6.3361177813993965,1.5566152368255992,1,
27.500000000,3.7301534754120205,6.411110240151552,1.5521117362394075,1,
27.600000000,3.731554738166971,6.486097148760265,1.5476082356532157,1,
27.700000000,3.733293689157432,6.561076986379807,1.5431047350670242,1,
27.800000000,3.7353702931148978,6.636048232307855,1.5386012344808322,1,
27.900000000,3.73778450792276,6.7110093660163415,1.5355543597750845,1,
28.000000000,3.74042710835334,6.785962795977647,1.5310508591888932,1,
28.100000000,3.743407233660747,6.860903564943225,1.526547358602701,1,
28.200000000,3.7467248234036195,6.935830153003125,1.5235004838969537,1,
28.300000000,3.750270689319897,7.010746285010216,1.5189969833107615,1,
28.400000000,3.7541539029824293,7.085645688556913,1.5159501086050138,1,
28.500000000,3.758265307365222,7.160532912794437,1.511446608018822,1,
28.600000000,3.762713923573572,7.235400861970509,1.4989876699333904,1,
28.700000000,3.768094945529719,7.31020757692784,1.4853147963473703,1,
28.800000000,3.774498255397749,7.3849337277904,1.4728558582619389,1,
28.900000000,3.7818320526960374,7.4595743026621655,1.459182984675918,1,
29.000000000,3.7901856838342365,7.534107629750166,1.4455101110898982,1,
29.100000000,3.7995575871464515,7.608519775454389,1.4342940866538778,1,
29.200000000,3.809763491921676,7.682822127420656,1.4213593573757335,1,
29.300000000,3.8209295969563626,7.756986256879272,1.412722954683427,1,
29.400000000,3.832735788892987,7.831051186717594,1.4013372686403762,1,
29.500000000,3.8453844774152923,7.904976897256389,1.3954181982649159,1,
29.600000000,3.8581797124932815,7.977185343694993,1.3838033393212759,1,
29.700000000,3.8677848117316187,8.02795134130231,1.3633470588924719,1,
29.800000000,3.8812511863568164,8.091931524106883,1.3287290674059216,1,
29.900000000,3.8969239157659445,8.155407287907888,1.29411107591937,1,
30.000000000,3.91478421955213,8.218302570607927,1.2594930844328185,1,
30.100000000,3.934810695969497,8.280542005691782,1.2248750929462673,1,
30.200000000,3.9569793475785726,8.342051012537025,1.1902571014597167,1,
30.300000000,3.9812636100020757,8.402755885782911,1.155639109973165,1,
30.400000000,4.010535909482952,8.469166643662843,1.1282149756523636,1,
30.500000000,4.0416182313157085,8.534749763050153,1.1007908413315621,1,
30.600000000,4.074487200475094,8.599455923077498,1.0733667070107604,1,
30.700000000,4.109118098312733,8.663236462382557,1.0459425726899592,1,
30.800000000,4.145484881146438,8.726043415703119,1.0185184383691572,1,
30.900000000,4.183560199845999,8.787829549948691,0.9910943040483562,1,
31.000000000,4.223315420400713,8.848548399721485,0.9636701697275548,1,
31.100000000,4.264720645453189,8.908154302260067,0.9362460354067534,1,
31.200000000,4.303480107421703,8.960808942560464,0.9016280439202021,1,
31.300000000,4.343507982404761,9.011419397490503,0.8661543867879403,1,
31.400000000,4.385305636295936,9.060578374830135,0.8306807296556783,1,
31.500000000,4.428820477264272,9.108224020374983,0.795207072523416,1,
31.600000000,4.473997752830927,9.154296384067976,0.7597334153911544,1,
31.700000000,4.520780618761394,9.198737495431406,0.7242597582588925,1,
31.800000000,4.569110210589667,9.241491436508193,0.6887861011266306,1,
31.900000000,4.6195863070832015,9.283048273731783,0.6541681096400795,1,
32.000000000,4.67147048809942,9.322833180386555,0.6195501181535281,1,
32.100000000,4.726832894367807,9.362319312361116,0.5875512258367014,1,
32.200000000,4.783430256336488,9.400013997189678,0.5555523335198749,1,
32.300000000,4.841204627263721,9.435878641480414,0.5235534412030483,1,
32.400000000,4.900869645560911,9.470322649446528,0.49244686681953015,1,
32.500000000,4.961577061997972,9.502894319386998,0.4613402924360122,1,
32.600000000,5.022469107616173,9.533164922727028,0.4293414001191854,1,
32.700000000,5.087604279213585,9.562985376565157,0.4009783322571288,1,
32.800000000,5.15355893928736,9.590946650868899,0.3726152643950722,1,
32.900000000,5.219417340272329,9.616689048259591,0.3433259425400125,1,
33.000000000,5.28687356213673,9.640803528928206,0.3149628746779559,1,
33.100000000,5.355014793557878,9.663004512949657,0.28916128707139416,1,
33.200000000,5.422108629477444,9.68296490326644,0.2639597363859153,1,
33.300000000,5.4880751990881524,9.700793423626806,0.24175689050378663,1,
33.400000000,5.552803122987023,9.71675400983742,0.22009557744805122,1,
33.500000000,5.614608640166397,9.730581126575963,0.19951733004510266,1,
33.600000000,5.688120816820741,9.7454458459995,0.17599096732603517,1,
33.700000000,5.761962330816911,9.75857713728229,0.1524646046069675,1,
33.800000000,5.8360923135194005,9.769967732724522,0.12995233723764224,1,
33.900000000,5.887323330537075,9.776663054955689,0.11668659196779228,1,
34.000000000,5.936983322570159,9.782484153758672,0.10384877396471168,1,
34.100000000,6.011579264604076,9.790258819801176,0.08448881339022511,1,
34.200000000,6.0863117353196925,9.796587944601614,0.06512885281573856,1,
34.300000000,6.1611527252585,9.801469156027004,0.046859817710570316,1,
34.400000000,6.23607039623094,9.804982356286756,0.02859078260540207,1,
34.500000000,6.311039744587123,9.80712637285604,0.01143464374216688,1,
34.600000000,6.386034841475141,9.807983952448174,-0.005721495121068315,1,
34.700000000,6.461033613896999,9.807554842655291,-0.02174153019409881,1,
34.800000000,6.536015888565167,9.80592435635137,-0.0377615652671293,1,
34.900000000,6.6109624223259775,9.803092911977952,-0.05262097669036342,1,
35.000000000,6.685858610014157,9.799148159796006,-0.0674803881135975,1,
35.100000000,6.760687914697881,9.794090970799102,-0.08115326169961776,1,
35.200000000,6.835441080764476,9.788011154764058,-0.09482613528563805,1,
35.300000000,6.91010413351623,9.780909848279409,-0.1084990088716583,1,
35.400000000,6.98466311510162,9.772788378895767,-0.11441807924711903,1,
35.500000000,7.059172719321038,9.764225734498988,-0.12033714962257966,1,
35.600000000,7.133630335708756,9.755222215083817,-0.12625621999804035,1,
35.700000000,7.208033355620457,9.745778136091184,-0.132175290373501,1,
35.800000000,7.2823791723246245,9.735893828397153,-0.13809436074896175,1,
35.900000000,7.3566651810938755,9.725569638301328,-0.1440134311244224,1,
36.000000000,7.430888779296215,9.714805927514723,-0.14993250149988313,1,
36.100000000,7.505047366486219,9.703603073147084,-0.15585157187534376,1,
36.200000000,7.579138344496146,9.691961467693686,-0.1485556061562777,1,
36.300000000,7.653312286542864,9.680860732526586,-0.1412596404372116,1,
36.400000000,7.727565244282192,9.670301458547684,-0.13396367471814546,1,
36.500000000,7.801893265163874,9.66028420783642,-0.12666770899907936,1,
36.600000000,7.876292392641975,9.650809513619865,-0.1193717432800133,1,
36.700000000,7.950758666385496,9.641877880244325,-0.11207577756094725,1,
36.800000000,8.02528812248918,9.633489783148498,-0.10477981184188116,1,
36.900000000,8.099876793684519,9.625645668838175,-0.09748384612281505,1,
37.000000000,8.174520709550936,9.618345954862457,-0.09018788040374896,1,
37.100000000,8.249215896727128,9.611591029791542,-0.08289191468468288,1,
37.200000000,8.323958379122576,9.605381253196034,-0.0729494682229348,1,
37.300000000,8.39875890667164,9.59991489440963,-0.06300702176118675,1,
37.400000000,8.473610085235407,9.5951924937897,-0.05306457529943869,1,
37.500000000,8.548504515668037,9.591214518152283,-0.043122128837690614,1,
37.600000000,8.623434794548183,9.58798136072595,-0.03317968237594256,1,
37.700000000,8.698393514910828,9.585493341112928,-0.02323723591419449,1,
37.800000000,8.773373266979473,9.583750705257506,-0.013485145135030975,1,
37.900000000,8.848366447740089,9.582739350025376,-0.004101057781496263,1,
38.000000000,8.923365817040663,9.582431771553942,0.00491502614640964,1,
38.100000000,8.99836491113691,9.582800397030741,0.01356310664868673,1,
38.200000000,9.073358012822837,9.583817598841678,0.015109735787256714,1,
38.300000000,9.148349451581385,9.58495078590603,0.016656364925826696,1,
38.400000000,9.223339048028443,9.586199955513141,0.01820299406439669,1,
38.500000000,9.298326622784305,9.587565104674923,0.01974962320296668,1,
38.600000000,9.373311996474103,9.589046230125854,0.02129625234153666,1,
38.700000000,9.44829498972823,9.590643328322994,0.022842881480106644,1,
38.800000000,9.52327542318278,9.592356395445984,0.024389510618676637,1,
38.900000000,9.598253117479963,9.594185427397063,0.025936139757246617,1,
39.000000000,9.673227893268546,9.596130419801076,0.027482768895816603,1,
39.100000000,9.748199571204276,9.59819136800548,0.02902939803438659,1,
39.200000000,9.823167971950308,9.600368267080363,0.02748276889581637,1,
39.300000000,9.898139649886039,9.602429215284767,0.02593613975724615,1,
39.400000000,9.973114425674622,9.60437420768878,0.02438951061867593,1,
39.500000000,10.048092119971805,9.606203239639859,0.022842881480105715,1,
39.600000000,10.123072553426354,9.60791630676285,0.021296252341535496,1,
39.700000000,10.198055546680482,9.609513404959989,0.019749623202965284,1,
39.800000000,10.27304092037028,9.61099453041092,0.018202994064395062,1,
39.900000000,10.348028495126142,9.612359679572702,0.01665636492582484,1,
40.000000000,10.423018091573201,9.613608849179814,0.015109735787254623,1,
40.100000000,10.49800953033175,9.614742036244165,0.013563106648684408,1,
40.200000000,10.573002632017676,9.615759238055102,0.012016477510114192,1,
40.300000000,10.647997217242892,9.616660452179415,0.010469848371543973,1,
40.400000000,10.722993106615757,9.617445676461347,0.008923219232973758,1,
40.500000000,10.797990120741513,9.618114909022593,0.007376590094403539,1,
40.600000000,10.872988080222713,9.618668148262307,0.0058299609558333226,1,
40.700000000,10.947986805659646,9.619105392857108,0.004283331817263106,1,
40.800000000,11.022986117650769,9.619426641761079,0.0027367026786928894,1,
40.900000000,11.097985836793136,9.619631894205773,0.001190073540122672,1,
41.000000000,11.172985783682828,9.619721149700213,-0.0003565555984475451,1,
41.100000000,11.247985778915382,9.619694408030897,-0.0019031847370177626,1,
41.200000000,11.322985643086218,9.61955166926179,-0.0034498138755879788,1,
41.300000000,11.397985196791069,9.619292933734334,-0.004996443014158197,1,
41.400000000,11.44631792681829,9.619051439993445,0.009872831834693693,1,
41.500000000,11.505041461708903,9.619631226416084,0.05114643485390879,1,
41.600000000,11.554976077064257,9.622187433332607,0.10114643480903636,1,
41.700000000,11.603939081743828,9.627156824884214,0.15193189752943836,1,
41.800000000,11.65258669382457,9.634605349468753,0.20271736024984044,1,
41.900000000,11.700793470139494,9.644513800254208,0.2535028229702425,1,
42.000000000,11.748435104264653,9.656856627220888,0.30428828569064464,1,
42.100000000,11.795388747056798,9.671602003044944,0.3550737484110466,1,
42.200000000,11.852748944257515,9.692870534191263,0.3938974242322667,1,
42.300000000,11.910774660012226,9.71698707806788,0.43105960618135564,1,
42.400000000,11.96786429569472,9.74324283696073,0.4682217881304443,1,
42.500000000,12.023939018006107,9.77160155511054,0.5053839700795332,1,
42.600000000,12.078921395109743,9.802024072847125,0.542546152028622,1,
42.700000000,12.132735503554445,9.834468380663772,0.5797083339777109,1,
42.800000000,12.185307033114812,9.868889677226843,0.6168705159267996,1,
42.900000000,12.236563389403907,9.905240431240548,0.6540326978758884,1,
43.000000000,12.286433794116576,9.94347044708143,0.6911948798249774,1,
43.100000000,12.344220160054531,9.991279817624083,0.7094639149301454,1,
43.200000000,12.401123500456134,10.040136852441387,0.7194063613918935,1,
43.300000000,12.457538277919587,10.089557221559282,0.7280427640841997,1,
43.400000000,12.513524142575788,10.139462962298175,0.7366791667765059,1,
43.500000000,12.569076918607726,10.18985035233919,0.7453155694688122,1,
43.600000000,12.62419246250117,10.240715633438677,0.7539519721611184,1,
43.700000000,12.67886666335372,10.29205501170853,0.7625883748534248,1,
43.800000000,12.733095443181417,10.343864657899168,0.7712247775457308,1,
43.900000000,12.786874757222922,10.39614070768514,0.7798611802380375,1,
44.000000000,12.840200594241187,10.448879261953353,0.7884975829303434,1,
44.100000000,12.893068976822658,10.502076387093902,0.7971339856226497,1,
44.200000000,12.945475961673923,10.55572811529346,0.7788649505174818,1,
44.300000000,12.998854311936437,10.60841351861594,0.758434868106836,1,
44.400000000,13.05329781509396,10.659997478951851,0.7380047856961912,1,
44.500000000,13.108783747857427,10.710458466510241,0.7175747032855457,1,
44.600000000,13.165288951855022,10.759775420199517,0.6971446208749005,1,
44.700000000,13.222789843297871,10.80792775641779,0.6767145384642551,1,
44.800000000,13.2812624228233,10.854895377643933,0.6562844560536097,1,
44.900000000,13.340682285511534,10.900658680825757,0.6358543736429648,1,
45.000000000,13.401024631071671,10.945198565561812,0.6154242912323197,1,
45.100000000,13.458015386481302,10.985492377940046,0.5852206916991969,1,
45.200000000,13.51544427090345,11.02354796001681,0.5541141173156788,1,
45.300000000,13.574028960822957,11.059799004142585,0.5230075429321609,1,
45.400000000,13.63371277315337,11.094210435947755,0.4919009685486427,1,
45.500000000,13.694437961362294,11.12674896096295,0.4607943941651245,1,
45.600000000,13.756145771343531,11.157383096832813,0.4296878197816065,1,
45.700000000,13.81877649826408,11.186083203776468,0.39858124539808826,1,
45.800000000,13.882269544331011,11.21282151326522,0.3674746710145703,1,
45.900000000,13.946563477422307,11.237572154889746,0.3363680966310522,1,
46.000000000,14.01159609052496,11.260311181390769,0.30526152224753406,1,
46.100000000,14.077304461922807,11.28101659182902,0.27415494786401595,1,
46.200000000,14.149503536318793,11.301321607375995,0.24963122036134616,1,
46.300000000,14.222178805821242,11.319850104420988,0.22610485764227856,1,
46.400000000,14.295269831674686,11.336663847005289,0.2025784949232109,1,
46.500000000,14.368736160611949,11.351753529324075,0.17905213220414334,1,
46.600000000,14.44253713164903,11.36511079977818,0.15552576948507582,1,
46.700000000,14.516631898589496,11.37672826559641,0.13199940676600824,1,
46.800000000,14.590979452631405,11.386599496927179,0.10847304404694065,1,
46.900000000,14.665538645064192,11.394719030397196,0.08494668132787304,1,
47.000000000,14.74026821004302,11.401082372135251,0.06142031860880547,1,
47.100000000,14.815126787427943,11.405686000259411,0.03789395588973789,1,
47.200000000,14.890072945675266,11.408527366826254,0.014367593170670299,1,
47.300000000,14.965065204768422,11.409604899241065,-0.009158769548397283,1,
47.400000000,15.023789138691495,11.409067045224258,-0.050432372567612516,1,
47.500000000,15.066618560484986,11.406905222746126,-0.1075484262987378,1,
47.600000000,15.091976450100809,11.404167457873038,-0.18204317346194784,1,
47.700000000,15.09497297796107,11.403615853590656,-0.2789962985873152,1,
47.800000000,15.096459802726011,11.403189925957209,-0.37744966927472184,1,
47.900000000,15.097897561065126,11.402619914388136,-0.47590303996212846,1,
48.000000000,15.099272327945133,11.401911339581776,-0.574356410649535,1,
48.100000000,15.10057078842009,11.401071064254548,-0.6728097813369418,1,
48.200000000,15.101780366589832,11.400107226673908,-0.7712631520243486,1,
48.300000000,15.102889347400575,11.39902916183728,-0.8697165227117554,1,
48.400000000,15.103886990108009,11.397847311060373,-0.9681698933991617,1,
48.500000000,15.104763632303973,11.396573120850542,-1.0666232640865685,1,
48.600000000,15.105510783499193,11.395218932044632,-1.165076634773975,1,
48.700000000,15.106121207355699,11.393797860285014,-1.2635300054613818,1,
48.800000000,15.106588991772487,11.392323668991462,-1.3619833761487885,1,
48.900000000,15.106909606145633,11.390810636059136,-1.4604367468361952,1,
49.000000000,15.107079945248273,11.389273415573753,-1.5588901175236018,1,
49.100000000,15.107098359305471,11.387726895883263,-1.6573434882110085,1,
49.200000000,15.10696466997268,11.386186055400646,-1.7557968588984147,1,
49.300000000,15.10668017206305,11.384665817534392,-1.8542502295858219,1,
49.400000000,15.106247621006865,11.383180906151729,-1.9527036002732285,1,
49.500000000,15.105671206164525,11.38174570297444,-2.051156970960636,1,
49.600000000,15.104956510251599,11.380374108288455,-2.149610341648042,1,
49.700000000,15.104110455268888,11.379079406316261,-2.2480637123354485,1,
49.800000000,15.103141235461194,11.377874136556022,-2.346517083022855,1,
49.900000000,15.102058237954097,11.376769972333548,-2.444970453710262,1,
50.000000000,15.100871951837398,11.37577760774334,-2.5434238243976686,1,
50.100000000,15.099593866575779,11.37490665407373,-2.6418771950850752,1,
50.200000000,15.087592926306169,11.368354943724965,-2.7282043213619374,1,
50.300000000,15.073985198173915,11.36238570198852,-2.8133449098046297,1,
50.400000000,15.059919149957253,11.357595253220818,-2.898485498247322,1,
50.500000000,15.045496683732631,11.35401830202894,-2.9836260866900144,1,
50.600000000,15.03082228366171,11.351680761785866,-3.0687666751327067,1,
50.700000000,15.016002259051469,11.350599566899959,3.129278043604187,1,
50.800000000,15.001143974191974,11.350782550132932,3.044137455161495,1,
50.900000000,14.986355070551271,11.352228385855076,2.9589968667188025,1,
51.000000000,14.971742686962253,11.354926599648842,2.87385627827611,1,
51.100000000,14.957412683450897,11.358857644191197,2.7887156898334178,1,
51.200000000,14.924927772121466,11.370821584899991,2.7233336814182074,1,
51.300000000,14.889450794968385,11.386590602106768,2.6621573573336565,1,
51.400000000,14.855004273050023,11.404499117939062,2.6009810332491057,1,
51.500000000,14.820312403014535,11.425323305411585,2.541443023195844,1,
51.600000000,14.787594911600618,11.44771373315133,2.481088521033411,1,
51.700000000,14.756287534387308,11.472036842138714,2.4207340188709776,1,
51.800000000,14.726504279077012,11.498204058305326,2.3603795167085444,1,
51.900000000,14.698353603190297,11.52612009215524,2.300025014546111,1,
52.000000000,14.671938019111291,11.555683285767458,2.239670512383678,1,
52.100000000,14.647353720782656,11.586785982989356,2.1793160102212448,1,
52.200000000,14.615912778594755,11.631913215946154,2.1352527014102085,1,
52.300000000,14.58738176008192,11.676973458145511,2.115099714140659,1,
52.400000000,14.558038497986349,11.72545112393814,2.11242738198066,1,
52.500000000,14.523669546163879,11.782575721048921,2.1306653181642776,1,
52.600000000,14.489851499711756,11.836532046043862,2.1669868659783336,1,
52.700000000,14.454096411758982,11.889224730149788,2.2033084137923895,1,
52.800000000,14.416451447192683,11.940584265930397,2.2396299616064455,1,
52.900000000,14.376966263854762,11.990542904518417,2.2759515094205014,1,
53.000000000,14.335692947037746,12.039034744983796,2.3122730572345573,1,
53.100000000,14.29268594077857,12.085995821264273,2.3485946050486133,1,
53.200000000,14.24800197604091,12.131364186543632,2.3849161528626692,1,
53.300000000,14.201083476223406,12.175662079256035,2.420389809994931,1,
53.400000000,14.153260191380635,12.217708228897171,2.4567113578089868,1,
53.500000000,14.103941603153325,12.25799001296966,2.4930329056230427,1,
53.600000000,14.053192768174819,12.296454295377135,2.5293544534370986,1,
53.700000000,14.000386746712808,12.333537620757129,2.56482811056936,1,
53.800000000,13.947009470078807,12.36826241898455,2.601149658383416,1,
53.900000000,13.891679367560211,12.401462248489631,2.6366233155156777,1,
54.000000000,13.835948667026347,12.432268648649377,2.6729448633297337,1,
54.100000000,13.778379562825254,12.461413925545791,2.7084185204619953,1,
54.200000000,13.719813004005092,12.488499108060395,2.743892177594257,1,
54.300000000,13.658737250988429,12.514156132460277,2.7776461927528455,1,
54.400000000,13.596830424344592,12.537737381844025,2.811400207911434,1,
54.500000000,13.533337359353665,12.559498988954473,2.8442813815959234,1,
54.600000000,13.469163196467367,12.579161482789555,2.8771625552804125,1,
54.700000000,13.404377312715921,12.59670360673496,2.9100437289649017,1,
54.800000000,13.336443631105858,12.612720860589334,2.940247328498024,1,
54.900000000,13.283598119872428,12.623507212040433,2.9863122431161577,1,
55.000000000,13.22795923928287,12.632216956177375,3.029995774155558,1,
55.100000000,13.169598148209305,12.63875704417739,3.0712693771747728,1,
55.200000000,13.1043777419705,12.643351132476274,3.1058873686613238,1,
55.300000000,13.029425544418139,12.646028459888393,3.128399636030649,1,
55.400000000,12.967764244391427,12.646842005703679,3.139162192249922,1,
55.500000000,12.90776442160561,12.6469878332405,-3.1345200485212317,1,
55.600000000,12.849432547233683,12.646575268051059,-3.1252809561797,1,
55.700000000,12.792773419091583,12.645650979520228,-3.116305837905069,1,
55.800000000,12.739457136130953,12.644302493069983,-3.10785866776424,1,
55.900000000,12.687819864539698,12.64255990101922,-3.099675471690312,1,
56.000000000,12.637863784361816,12.640464655625248,-3.091756249683285,1,
56.100000000,12.586261265818106,12.637890840482232,-3.0893197115374034,1,
56.200000000,12.536329561776418,12.635278383498235,-3.0877483982370326,1,
56.300000000,12.48806627560988,12.632677168490208,-3.086229462046674,1,
56.400000000,12.441471109280357,12.63009487251531,-3.084762902966328,1,
56.500000000,12.39654375618788,12.627538910053966,-3.083348720995994,1,
56.600000000,12.353283903118243,12.625016433062747,-3.0819869161356728,1,
56.700000000,12.311691232121792,12.62253433103179,-3.080677488385364,1,
56.800000000,12.271765422323371,12.620099231046096,-3.079420437745067,1,
56.900000000,12.233506151663477,12.61771749785001,-3.0782157642147827,1,
57.000000000,12.196913098570612,12.615395233914278,-3.0770634677945106,1,
57.100000000,12.160322745707463,12.613030805485526,-3.0759111713742384,1,
57.200000000,12.12539821456955,12.610733606147862,-3.0753613474385384,1,
57.300000000,12.092137964280177,12.608527509640597,-3.074837705595015,1,
57.400000000,12.060541828281435,12.606415172610946,-3.0743402458436675,1,
57.500000000,12.028946746994793,12.604287118037352,-3.07384278609232,1,
57.600000000,11.999015571331375,12.602256176530169,-3.0733715084331488,1,
57.700000000,11.970748145862633,12.600324743086617,-3.0729264128661535,1,
57.800000000,11.942481582866357,12.598380728129031,-3.0724813172991583,1,
57.900000000,11.915878575879137,12.596539225929984,-3.072062403824339,1,
58.000000000,11.889276342656242,12.594686579534745,-3.07164349034952,1,
58.100000000,11.864337478790443,12.59293927616008,-3.0712507589668774,1,
58.200000000,11.83607421297253,12.590947898977374,-3.0730333412036885,1,
58.300000000,11.8094701934855,12.58912108255395,-3.0747110656618637,1,
58.400000000,11.784526086980902,12.587450289123487,-3.076283932341403,1,
58.500000000,11.757916269824525,12.585709960989117,-3.077961656799578,1,
58.600000000,11.732966864047047,12.584120259334485,-3.079534523479117,1,
58.700000000,11.706351530389522,12.582466437878056,-3.0812122479372923,1,
58.800000000,11.681397088962905,12.580957844796572,-3.0827851146168315,1,
58.900000000,11.656440305588985,12.579488503574392,-3.0843579812963706,1,
59.000000000,11.629817304436548,12.577963078798009,-3.0860357057545458,1,
59.100000000,11.603191781511516,12.576482322207706,-3.087713430212721,1,
59.200000000,11.578228059867888,12.575135993236222,-3.08928629689226,1,
59.300000000,11.553262251508142,12.573828930519866,-3.0908591635717992,1,
59.400000000,11.52829441819542,12.572561137292194,-3.0936191892640155,1,
59.500000000,11.503323180844454,12.57136226066731,-3.0967774237215213,1,
59.600000000,11.476683288427251,12.570167587862317,-3.1001462071428607,1,
59.700000000,11.45170475795265,12.569131723329974,-3.1033044416003666,1,
59.800000000,11.42672308055381,12.568174751888213,-3.1064626760578724,1,
59.900000000,11.400072867065898,12.567238145161888,-3.109831459479212,1,
60.000000000,11.37341964958126,12.566391322377754,-3.113200242900551,1,
60.100000000,11.346763730579028,12.565634293146141,-3.1165690263218906,1,
60.200000000,11.320105412568989,12.564967066058342,-3.120792611392305,1,
60.300000000,11.293444514251087,12.564412438260952,-3.1254466897573963,1,
60.400000000,11.266781323404217,12.563981897932404,-3.1301007681224875,1,
60.500000000,11.240116417563927,12.563675454398377,-3.1347548464875787,1,
60.600000000,11.215117002006725,12.563504510552926,-3.1391180449548517,1,
60.700000000,11.190117078552785,12.563442645400194,3.1397040637574616,1,
60.800000000,11.163450459443057,12.563493007765784,3.1350499853923703,1,
60.900000000,11.088452064681348,12.563983704379739,3.1201905739691362,1,
61.000000000,11.065124075049178,12.564483048114866,3.1161182553996816,1,
61.100000000,10.990148409169295,12.5663934213423,3.0956881729890364,1,
61.200000000,10.915227416094298,12.569835048378483,3.0752580905783913,1,
61.300000000,10.840392365880001,12.574806492778633,3.054828008167746,1,
61.400000000,10.765674492711929,12.58130567959236,3.034397925757101,1,
61.500000000,10.691104981868977,12.589329896229692,3.013967843346456,1,
61.600000000,10.616714956707504,12.598875793593246,2.9935377609358107,1,
61.700000000,10.542535465671257,12.609939387476041,2.9731076785251656,1,
61.800000000,10.468597469332565,12.622516060224413,2.9526775961145204,1,
61.900000000,10.39493182747021,12.636600562665297,2.9322475137038753,1,
62.000000000,10.321569286189364,12.652187016297097,2.91181743129323,1,
62.100000000,10.248540465088974,12.669268915743213,2.891387348882585,1,
62.200000000,10.179134191818903,12.687006426191319,2.8630242810205284,1,
62.300000000,10.111149403836954,12.706450412582148,2.8337349591654686,1,
62.400000000,10.043763194387454,12.727877003065593,2.8044456373104087,1,
62.500000000,9.97703336756632,12.751267817847012,2.775156315455349,1,
62.600000000,9.911017164422448,12.776602792214169,2.745866993600289,1,
62.700000000,9.845771213856173,12.803860193748807,2.7165776717452292,1,
62.800000000,9.781351484042817,12.833016640968788,2.6872883498901694,1,
62.900000000,9.717813234423021,12.86404712338479,2.6579990280351096,1,
63.000000000,9.655210968301029,12.89692502295439,2.6287097061800497,1,
63.100000000,9.589860956295258,12.933726869794535,2.6041859786773798,1,
63.200000000,9.525433022486702,12.972120115882362,2.580659615958312,1,
63.300000000,9.461926088068164,13.012018352444391,2.5571332532392446,1,
63.400000000,9.399375301855189,13.053399497234484,2.533606890520177,1,
63.500000000,9.337815283469501,13.096240647269862,2.5100805278011094,1,
63.600000000,9.277280104178294,13.140518091507097,2.4865541650820417,1,
63.700000000,9.217803268036993,13.186207323965313,2.463027802362974,1,
63.800000000,9.159417693345967,13.233283057289379,2.4395014396439065,1,
63.900000000,9.10215569443142,13.28171923674555,2.415975076924839,1,
64.000000000,9.046048963760576,13.331489054641835,2.3924487142057713,1,
64.100000000,8.991128554401026,13.38256496516509,2.3689223514867037,1,
64.200000000,8.937424862833971,13.43491869962664,2.361626385767638,1,
64.300000000,8.884104568277403,13.48766285748702,2.355707315392177,1,
64.400000000,8.83109740232616,13.540721696126942,2.3497882450167165,1,
64.500000000,8.77840522210177,13.594093356614511,2.343869174641256,1,
64.600000000,8.726029873690143,13.647775969058028,2.3379501042657953,1,
64.700000000,8.673973192076897,13.7017676526715,2.3320310338903347,1,
64.800000000,8.622237001083063,13.756066515840534,2.326111963514874,1,
64.900000000,8.57082311330119,13.810670656188615,2.3201928931394136,1,
65.000000000,8.519733330031839,13.86557816064375,2.314273822763953,1,
65.100000000,8.468969441220477,13.920787105505498,2.3083547523884924,1,
65.200000000,8.41853322539476,13.976295556512367,2.302435682013032,1,
65.300000000,8.368426449602232,14.032101568909574,2.2965166116375713,1,
65.400000000,8.318650869348403,14.088203187517191,2.2905975412621107,1,
65.500000000,8.271425281286371,14.142069632344482,2.262234473400054,1,
65.600000000,8.23652923364094,14.184227001761387,2.2169608649988586,1,
65.700000000,8.213152387516088,14.215223789931176,2.1557845409143077,1,
65.800000000,8.201871109308494,14.232256729614571,2.0762146234460856,1,
65.900000000,8.193025726934588,14.248241624325923,1.9944836586771428,1,
66.000000000,8.18551487831386,14.264895296631757,1.9127526939081996,1,
66.100000000,8.179388707621367,14.28210656273626,1.8310217291392568,1,
66.200000000,8.171385036649895,14.312165841291113,1.7621283036253337,1,
66.300000000,8.165299911788862,14.343580811789547,1.694127196043537,1,
66.400000000,8.16136345755083,14.375336652890416,1.6261260884617412,1,
66.500000000,8.159593869679878,14.407286577377944,1.5581249808799444,1,
66.600000000,8.159999327864137,14.439282900911321,1.4901238732981479,1,
66.700000000,8.162577957926263,14.471177724676227,1.4221227657163513,1,
66.800000000,8.16731784048657,14.502823619027726,1.3541216581345557,1,
66.900000000,8.1741970660588,14.534074304964488,1.2861205505527586,1,
67.000000000,8.183183836323861,14.56478533028431,1.2181194429709625,1,
67.100000000,8.194236611113384,14.594814737295504,1.1501183353891662,1,
67.200000000,8.210427016753792,14.63100363426664,1.0897638332267334,1,
67.300000000,8.228770780297594,14.666150068478913,1.0294093310643002,1,
67.400000000,8.249201101823456,14.700126052072305,0.9690548289018673,1,
67.500000000,8.2716435830833,14.732807859453324,0.9087003267394341,1,
67.600000000,8.296016498428017,14.764076477849214,0.848345824577001,1,
67.700000000,8.322231092416343,14.793818040700142,0.7879913224145683,1,
67.800000000,8.350767751037983,14.822503084628329,0.7284533123613065,1,
67.900000000,8.380960688208356,14.849439290290519,0.6689153023080446,1,
68.000000000,8.412702908381304,14.874531203110033,0.6093772922547827,1,
68.100000000,8.458882671303968,14.906764325400571,0.5656937612153823,1,
68.200000000,8.505314603360022,14.93624441504667,0.5458925428196487,1,
68.300000000,8.555170017353404,14.966529980475206,0.5440593439692161,1,
68.400000000,8.615063036937649,15.002762924118821,0.5643962239159256,1,
68.500000000,8.670305062058922,15.037736138122586,0.5990142154024767,1,
68.600000000,8.723596841430854,15.074117935429182,0.6344878725347384,1,
68.700000000,8.775564768910945,15.11236690191599,0.6699615296670002,1,
68.800000000,8.826143455937808,15.15243491088229,0.705435186799262,1,
68.900000000,8.875269261959634,15.194271546820076,0.7409088439315237,1,
69.000000000,8.923511732053912,15.238401707894509,0.775526835418075,1,
69.100000000,8.969586915570892,15.283576107589044,0.8110004925503366,1,
69.200000000,9.014030946980597,15.330356199465163,0.8464741496825986,1,
69.300000000,9.056787904651804,15.378683122547308,0.8819478068148604,1,
69.400000000,9.097803989711114,15.428496069562039,0.917421463947122,1,
69.500000000,9.137547726892905,15.480411793500721,0.9520394554336733,1,
69.600000000,9.174974487037321,15.532974960728136,0.9875131125659348,1,
69.700000000,9.210984756995742,15.587546633735059,1.022131104052486,1,
69.800000000,9.245084667255222,15.643331964759874,1.0567490955390373,1,
69.900000000,9.27681262093133,15.699519026254595,1.0922227526712993,1,
70.000000000,9.30652787122868,15.756796009621834,1.1276964098035607,1,
70.100000000,9.334193028981248,15.815090846189152,1.163170066935823,1,
70.200000000,9.36011249710784,15.875115742767882,1.1977880584223743,1,
70.300000000,9.383938909423362,15.936001776580436,1.2324060499089253,1,
70.400000000,9.405643715079652,15.997675988765721,1.2670240413954765,1,
70.500000000,9.42520090551938,16.060064475999802,1.3016420328820273,1,
70.600000000,9.442587045641734,16.123092479053195,1.3362600243685787,1,
70.700000000,9.457781301884351,16.186684472373788,1.3708780158551301,1,
70.800000000,9.470937043615656,16.25161102292984,1.4046320310137186,1,
70.900000000,9.481894176021829,16.31694456528782,1.4383860461723077,1,
71.000000000,9.49075545222596,16.383475870926638,1.4712672198567966,1,
71.100000000,9.497690762138461,16.452926853601834,1.501470819389919,1,
71.200000000,9.502653051762566,16.52439171019459,1.5298338872519757,1,
71.300000000,9.505586654711127,16.59596855016309,1.5581969551140322,1,
71.400000000,9.506489211165505,16.6675997964037,1.586560022976089,1,
71.500000000,9.50530698291613,16.742590478067267,1.5951964256683955,1,
71.600000000,9.50347715708222,16.817568152993992,1.6024923913874614,1,
71.700000000,9.501100350257165,16.89253048212881,1.6084114617629217,1,
71.800000000,9.498279880357419,16.967477429695368,1.6143305321383823,1,
71.900000000,9.495015846198967,17.042406369905493,1.620249602513843,1,
72.000000000,9.491308362138199,17.117314677601897,1.626168672889304,1,
72.100000000,9.4871575580679,17.19219972835016,1.6320877432647642,1,
72.200000000,9.482563579412702,17.267058898530678,1.612727782690278,1,
72.300000000,9.479419641712736,17.341992973928583,1.5912472791941625,1,
72.400000000,9.477885927198507,17.416977290420693,1.5697667756980476,1,
72.500000000,9.47796314351713,17.491977250671617,1.5482862722019328,1,
72.600000000,9.479651255041436,17.56695825012802,1.5268057687058172,1,
72.700000000,9.48294948288641,17.641885692984978,1.505325265209703,1,
72.800000000,9.48785630526856,17.716725008148266,1.4838447617135877,1,
72.900000000,9.494369458208062,17.79144166518528,1.4623642582174727,1,
73.000000000,9.502485936573347,17.86600119025717,1.4408837547213582,1,
73.100000000,9.51220199546765,17.94036918202488,1.4194032512252428,1,
73.200000000,9.522457611073595,18.007592488955453,1.387404358908416,1,
73.300000000,9.534697783041391,18.07358578434347,1.3545231852239268,1,
73.400000000,9.54910088475871,18.13914100920688,1.3216420115394383,1,
73.500000000,9.56565134540424,18.20418729348502,1.2887608378549484,1,
73.600000000,9.584331272702384,18.26865431731975,1.2558796641704597,1,
73.700000000,9.605120472266146,18.332472387076443,1.2229984904859703,1,
73.800000000,9.627996469428748,18.395572510687956,1.1901173168014816,1,
73.900000000,9.65293453354042,18.457886472240194,1.157236143116992,1,
74.000000000,9.679907704704071,18.519346905718557,1.1243549694325032,1,
74.100000000,9.708886822920926,18.5798873678356,1.0914737957480136,1,
74.200000000,9.743475184778099,18.64643543485514,1.0790148576625822,1,
74.300000000,9.778889958975242,18.712547413864737,1.0717188919435154,1,
74.400000000,9.814786137045733,18.77839925058879,1.0644229262244498,1,
74.500000000,9.851161808204438,18.84398743967611,1.057126960505383,1,
74.600000000,9.888015036142384,18.90930848980969,1.049830994786317,1,
74.700000000,9.925343859129832,18.974358923892574,1.0425350290672506,1,
74.800000000,9.963146290120696,19.039135279232937,1.035239063348184,1,
74.900000000,10.00142031685832,19.103634107728404,1.0279430976291177,1,
75.000000000,10.040163901982597,19.167851976049597,1.0206471319100514,1,
75.100000000,10.079374983138408,19.231785465822895,1.0133511661909855,1,
75.200000000,10.119051473085412,19.2954311738124,1.028210577614219,1,
75.300000000,10.157777879829466,19.35965940296979,1.0442306126872494,1,
75.400000000,10.195470422804826,19.424499762346112,1.0613867515504847,1,
75.500000000,10.23204506319437,19.489977206404166,1.0785428904137195,1,
75.600000000,10.267491036134828,19.556072463437513,1.095699029276955,1,
75.700000000,10.301797908958973,19.622766079901368,1.1128551681401897,1,
75.800000000,10.334955584266218,19.690038426138283,1.130011307003425,1,
75.900000000,10.366954302894555,19.757869702155652,1.1471674458666603,1,
76.000000000,10.397784646792918,19.826239943453373,1.1643235847298952,1,
76.100000000,10.427437541793163,19.895129026899912,1.18147972359313,1,
76.200000000,10.455712488452805,19.964049232666326,1.2069849763186364,1,
76.300000000,10.482220602242148,20.033668104208616,1.2324902290441435,1,
76.400000000,10.506944640093009,20.10394035565853,1.2579954817696504,1,
76.500000000,10.529868519447657,20.174820276135517,1.2835007344951568,1,
76.600000000,10.550977328720236,20.24626175948087,1.3090059872206634,1,
76.700000000,10.570257336996491,20.31821833424898,1.3345112399461696,1,
76.800000000,10.58769600296549,20.390643193936192,1.360016492671676,1,
76.900000000,10.60328198307753,20.463489227427644,1.3855217453971833,1,
77.000000000,10.61700513892292,20.53670904964222,1.4110269981226897,1,
77.100000000,10.62885654382684,20.610255032355717,1.4365322508481966,1,
77.200000000,10.638828488655989,20.68407933518219,1.462037503573703,1,
77.300000000,10.646914486833237,20.75813393669329,1.4875427562992096,1,
77.400000000,10.651664111074707,20.815052164650957,1.5304267024765217,1,
77.500000000,10.653329858393995,20.85629214039889,1.589153099364828,1,
77.600000000,10.652898014556156,20.879814539491996,1.6656267365308561,1,
77.700000000,10.652609511026885,20.882847724652066,1.7625798616562232,1,
77.800000000,10.652609511026885,20.882847724652066,1.862579861656224,1,
77.900000000,10.652609511026885,20.882847724652066,1.962579861656224,1,
78.000000000,10.652609511026885,20.882847724652066,2.0625798616562236,1,
78.100000000,10.652609511026885,20.882847724652066,2.1625798616562237,1,
78.200000000,10.652609511026885,20.882847724652066,2.262579861656224,1,
78.300000000,10.652609511026885,20.882847724652066,2.362579861656224,1,
78.400000000,10.652609511026885,20.882847724652066,2.462579861656224,1,
78.500000000,10.652609511026885,20.882847724652066,2.562579861656224,1,
78.600000000,10.652609511026885,20.882847724652066,2.662579861656224,1,
78.700000000,10.652609511026885,20.882847724652066,2.7625798616562243,1,
78.800000000,10.652609511026885,20.882847724652066,2.8625798616562244,1,
78.900000000,10.652609511026885,20.882847724652066,2.9625798616562244,1,
79.000000000,10.652609511026885,20.882847724652066,3.0625798616562245,1,
79.100000000,10.652609511026885,20.882847724652066,-3.1206054455233616,1,
79.200000000,10.652609511026885,20.882847724652066,-3.0206054455233615,1,
79.300000000,10.652609511026885,20.882847724652066,-2.9206054455233614,1,
79.400000000,10.652609511026885,20.882847724652066,-2.8206054455233613,1,
79.500000000,10.652609511026885,20.882847724652066,-2.7206054455233613,1,
79.600000000,10.652609511026885,20.882847724652066,-2.620605445523361,1,
79.700000000,10.652609511026885,20.882847724652066,-2.520605445523361,1,
79.800000000,10.652609511026885,20.882847724652066,-2.420605445523361,1,
79.900000000,10.652609511026885,20.882847724652066,-2.320605445523361,1,
80.000000000,10.652609511026885,20.882847724652066,-2.220605445523361,1,
80.100000000,10.652609511026885,20.882847724652066,-2.1206054455233607,1,
80.200000000,10.651017444291663,20.880249885162748,-2.0236523203979937,1,
80.300000000,10.649684328589817,20.87751013170173,-1.926699195272627,1,
80.400000000,10.64862268527402,20.874654197533776,-1.8297460701472597,1,
80.500000000,10.647842485879638,20.871708907156467,-1.7327929450218926,1,
80.600000000,10.647351058466608,20.868701924349832,-1.6358398198965258,1,
80.700000000,10.647153018790297,20.865661492342984,-1.5388866947711586,1,
80.800000000,10.647250226947786,20.86261616853823,-1.4419335696457918,1,
80.900000000,10.647641769906832,20.859594556284335,-1.3449804445204245,1,
81.000000000,10.648323970081556,20.856625036218183,-1.248027319395058,1,
81.100000000,10.649290419874355,20.853735499698313,-1.1510741942696905,1,
81.200000000,10.660077850559391,20.829561406239343,-1.0775459802945795,1,
81.300000000,10.680761621831133,20.791085017401326,-1.0212295114251566,1,
81.400000000,10.711859389033327,20.740313927919065,-0.9807675215714291,1,
81.500000000,10.7458969755991,20.689481012000297,-0.9419438457502088,1,
81.600000000,10.781881938249466,20.640007533215407,-0.9031201699289885,1,
81.700000000,10.819760044461404,20.59196805247483,-0.8642964941077687,1,
81.800000000,10.859474208577023,20.54543496952705,-0.8254728182865482,1,
81.900000000,10.900964577836696,20.50047841384578,-0.7866491424653284,1,
82.000000000,10.94416862258247,20.457166138938632,-0.747825466644108,1,
82.100000000,10.98902123049579,20.41556342023659,-0.7090017908228878,1,
82.200000000,11.045947142834086,20.366732687040656,-0.6885717084122429,1,
82.300000000,11.103858721987587,20.319075064356056,-0.6855248337064953,1,
82.400000000,11.161915238912226,20.27159411193744,-0.6855248337064954,1,
82.500000000,11.219971755836864,20.224113159518822,-0.6855248337064955,1,
82.600000000,11.278028272761503,20.176632207100205,-0.6855248337064958,1,
82.700000000,11.336084789686142,20.129151254681588,-0.6855248337064959,1,
82.800000000,11.39414130661078,20.08167030226297,-0.685524833706496,1,
82.900000000,11.45219782353542,20.034189349844354,-0.685524833706496,1,
83.000000000,11.510254340460058,19.986708397425737,-0.6855248337064961,1,
83.100000000,11.568310857384697,19.93922744500712,-0.6855248337064962,1,
83.200000000,11.626367374309336,19.891746492588503,-0.6855248337064961,1,
83.300000000,11.684423891233974,19.844265540169886,-0.6855248337064963,1,
83.400000000,11.742480408158613,19.79678458775127,-0.7100485612091665,1,
83.500000000,11.792061561141056,19.75416397881399,-0.7446665526957175,1,
83.600000000,11.84077315656068,19.709267308789553,-0.7784205678543066,1,
83.700000000,11.888563333689302,19.662139442128876,-0.8113017415387953,1,
83.800000000,11.93477833810472,19.613465935856425,-0.8441829152232845,1,
83.900000000,11.979954344718665,19.562639967370274,-0.8761818075401114,1,
84.000000000,12.023481127633964,19.510394682270245,-0.9081806998569378,1,
84.100000000,12.065863059420789,19.45608008063136,-0.9392872742404557,1,
84.200000000,12.106535219343217,19.4004736106803,-0.970393848623974,1,
84.300000000,12.145968413282494,19.3428840219174,-1.0005974481570965,1,
84.400000000,12.183644473554173,19.28412985610307,-1.0308010476902194,1,
84.500000000,12.219999091863933,19.22348052196601,-1.060090369545279,1,
84.600000000,12.254561993725632,19.161792550540326,-1.0893796914003384,1,
84.700000000,12.2877324192353,19.098297882121287,-1.1177427592623954,1,
84.800000000,12.319088841300397,19.033888062672606,-1.1461058271244515,1,
84.900000000,12.348606036511173,18.968614904077167,-1.1744688949865079,1,
85.000000000,12.376990358315377,18.900786233574163,-1.2009406809017797,1,
85.100000000,12.403918782353008,18.831328855633874,-1.2264459336272864,1,
85.200000000,12.429067112238469,18.761207326304696,-1.2519511863527928,1,
85.300000000,12.45241898941942,18.690467258425052,-1.2774564390782999,1,
85.400000000,12.473959223904844,18.619154667181967,-1.3029616918038063,1,
85.500000000,12.493807516196224,18.546828701629366,-1.3274854193064762,1,
85.600000000,12.511876315786202,18.474037778559403,-1.3510117820255438,1,
85.700000000,12.528227767471746,18.40084194515493,-1.3735240493948688,1,
85.800000000,12.542927410866259,18.327296581711174,-1.3950045528909836,1,
85.900000000,12.556043993144765,18.253452453513116,-1.4175168202603092,1,
86.000000000,12.567494993464061,18.179331777641348,-1.4379469026709546,1,
86.100000000,12.577429417932548,18.104992641175553,-1.4573068632454405,1,
86.200000000,12.585922867859267,18.030475117677103,-1.4766668238199268,1,
86.300000000,12.592972159930044,17.955807136043067,-1.4949358589250954,1,
86.400000000,12.59865623955748,17.881022837966604,-1.5132048940302631,1,
86.500000000,12.602973209689315,17.806147182584624,-1.5045684913379573,1,
86.600000000,12.60759229583712,17.736503794087998,-1.474364891804835,1,
86.700000000,12.61309154667062,17.679653096251062,-1.4314809456275228,1,
86.800000000,12.620801347577565,17.624670962055045,-1.3870009970573747,1,
86.900000000,12.630948319110658,17.570086027508232,-1.3425210484872259,1,
87.000000000,12.643512389143158,17.51600626923407,-1.2980410999170782,1,
87.100000000,12.658468704189938,17.46253866454679,-1.2535611513469298,1,
87.200000000,12.677552101339302,17.404414946554333,-1.214737475525709,1,
87.300000000,12.698877127850905,17.347075728873005,-1.1759137997044886,1,
87.400000000,12.722411645022742,17.290607426777797,-1.137090123883269,1,
87.500000000,12.74812018425487,17.23509514299684,-1.0982664480620488,1,
87.600000000,12.775964000503716,17.180622539454074,-1.0594427722408284,1,
87.700000000,12.8059011306743,17.127271711183308,-1.0206190964196085,1,
87.800000000,12.83788645686232,17.075123062603762,-0.9817954205983883,1,
87.900000000,12.87187177435083,17.02425518634347,-0.9429717447771684,1,
88.000000000,12.907805864259018,16.974744744793252,-0.9041480689559481,1,
88.100000000,12.945634570733588,16.9266663545697,-0.8653243931347281,1,
88.200000000,12.99426405979489,16.869568431720996,-0.8448943107240828,1,
88.300000000,13.044049834642763,16.81347585981707,-0.830034899300849,1,
88.400000000,13.094663585120616,16.758129240565616,-0.8151754878776151,1,
88.500000000,13.146094135811285,16.70354079439196,-0.8003160764543811,1,
88.600000000,13.198330130949724,16.6497225743183,-0.7842960413813511,1,
88.700000000,13.25142155616435,16.5967480467727,-0.7682760063083207,1,
88.800000000,13.305354786282303,16.544630806927866,-0.7522559712352903,1,
88.900000000,13.360115980093246,16.49338422994559,-0.73623593616226,1,
89.000000000,13.415691083901526,16.4430214675442,-0.7202159010892297,1,
89.100000000,13.472065835132854,16.39355544462335,-0.7041958660161994,1,
89.200000000,13.529225765994596,16.344998855947033,-0.6859268309110313,1,
89.300000000,13.587263191018591,16.297494568808037,-0.6676577958058632,1,
89.400000000,13.646158740309364,16.251058437684332,-0.6493887607006951,1,
89.500000000,13.705892757573874,16.205705960558564,-0.6311197255955271,1,
89.600000000,13.766445306681767,16.161452273745642,-0.612850690490359,1,
89.700000000,13.827796178319026,16.118312146841003,-0.5945816553851909,1,
89.800000000,13.889924896732804,16.07629997779129,-0.5763126202800227,1,
89.900000000,13.952810726565161,16.035429788089065,-0.5580435851748548,1,
90.000000000,14.016432679773466,15.995715218093151,-0.5397745500696867,1,
90.100000000,14.080769522635116,15.95716952247619,-0.5215055149645187,1,
90.200000000,14.145799782834258,15.919805565800916,-0.5000250114684037,1,
90.300000000,14.211617575620195,15.883847004194708,-0.47854450797228876,1,
90.400000000,14.278192533039224,15.849310428732533,-0.45706400447617396,1,
90.500000000,14.345493937786204,15.81621177439307,-0.435583500980059,1,
90.600000000,14.413490737377343,15.784566312706401,-0.414102997483944,1,
90.700000000,14.482151558477645,15.754388644707822,-0.39262249398782917,1,
90.800000000,14.551444721376376,15.725692694201001,-0.37114199049171437,1,
90.900000000,14.621338254603911,15.69849170133362,-0.3496614869955993,1,
91.000000000,14.691799909683185,15.67279821648844,-0.32818098349948444,1,
91.100000000,14.762797176008952,15.648624094492632,-0.30675140848373345,1,
91.200000000,14.832707276627708,15.626480119934005,-0.2854461056824188,1,
91.300000000,14.90147403269945,15.606299823343505,-0.2646250143084067,1,
91.400000000,14.969037377867243,15.587991508572953,-0.2442881343616973,1,
91.500000000,15.033724694311323,15.571867131508768,-0.224919677269593,1,
91.600000000,15.097087475899698,15.557370307395058,-0.20603543160479132,1,
91.700000000,15.159081288956955,15.544413523313613,-0.1876353973672923,1,
91.800000000,15.218028172891762,15.533221344152416,-0.17020378598439853,1,
91.900000000,15.275518605276533,15.523340657840732,-0.15325638602880726,1,
92.000000000,15.33152109373355,15.514690085736365,-0.1367931975005186,1,
92.100000000,15.386007305248176,15.507189902086392,-0.12081422039953259,1,
92.200000000,15.438951883096163,15.50076214034976,-0.1053194547258492,1,
92.300000000,15.490332266357214,15.495330689310489,-0.09030890047946839,1,
92.400000000,15.54962765446632,15.489961182706702,-0.049846910625740794,1,
92.500000000,15.594845028607649,15.487705367637451,0.004879480882517107,1,
92.600000000,15.638528039701374,15.487918519746646,0.06119594975193979,1,
92.700000000,15.682129800160899,15.49059010670316,0.11751241862136241,1,
92.800000000,15.725512061599623,15.495711657688783,0.17382888749078515,1,
92.900000000,15.76853727159792,15.503266933768364,0.23014535636020786,1,
93.000000000,15.811069009841495,15.5132319793787,0.28646182522963054,1,
93.100000000,15.852972420670174,15.525575198284606,0.34277829409905314,1,
93.200000000,15.909046777484571,15.545586224246046,0.38324028395278076,1,
93.300000000,15.965785241096098,15.568461743628795,0.4220639597740008,1,
93.400000000,16.021593061104518,15.593522267684264,0.46088763559522095,1,
93.500000000,16.076386130186652,15.620730027985099,0.4997113114164411,1,
93.600000000,16.130081870338756,15.650044020028913,0.5385349872376614,1,
93.700000000,16.18259935732889,15.681420065035704,0.5773586630588813,1,
93.800000000,16.233859442656893,15.714810876529183,0.6161823388801013,1,
93.900000000,16.283784872838172,15.750166131601679,0.6550060147013215,1,
94.000000000,16.33230040583155,15.787432546755214,0.6938296905225418,1,
94.100000000,16.37933292443567,15.82655395820445,0.7326533663437618,1,
94.200000000,16.435088099323075,15.876717296144372,0.753083448754407,1,
94.300000000,16.489806869000457,15.928009169233523,0.7655423868398382,1,
94.400000000,16.54388236612982,15.979978781606642,0.7780013249252696,1,
94.500000000,16.59730619694323,16.032618066377815,0.7904602630107008,1,
94.600000000,16.650070068826427,16.08591885271248,0.8029192010961319,1,
94.700000000,16.70216579160605,16.139872867095736,0.8153781391815634,1,
94.800000000,16.753585278820935,16.194471734616577,0.8278370772669947,1,
94.900000000,16.804320548977316,16.249706980267874,0.840296015352426,1,
95.000000000,16.854363726787742,16.30557003026189,0.8527549534378573,1,
95.100000000,16.903707044393503,16.36205221336114,0.8652138915232888,1,
95.200000000,16.952342842570378,16.419144762224352,0.8621670168175407,1,
95.300000000,17.001152368567407,16.47608885912601,0.8576635162313493,1,
95.400000000,17.050217846506563,16.532812565586376,0.8531600156451574,1,
95.500000000,17.09953828126718,16.589314731164553,0.8486565150589658,1,
95.600000000,17.14911267255768,16.645594209912815,0.844153014472774,1,
95.700000000,17.198940014935882,16.701649860399858,0.8396495138865822,1,
95.800000000,17.249019297829374,16.75748054573394,0.8351460133003902,1,
95.900000000,17.29934950555602,16.813085133585957,0.8306425127141985,1,
96.000000000,17.349929617344554,16.86846249621239,0.8261390121280068,1,
96.100000000,17.400758607355286,16.92361151047819,0.821635511541815,1,
96.200000000,17.451835444700905,16.97853105787954,0.8171320109556232,1,
96.300000000,17.50315909346739,17.033220024566564,0.8126285103694317,1,
96.400000000,17.554728512735018,17.0876773013659,0.8081250097832396,1,
96.500000000,17.60654265659948,17.1419017838032,0.803621509197048,1,
96.600000000,17.65860047419308,17.19589237212553,0.7991180086108565,1,
96.700000000,17.710900909706066,17.249647971323682,0.7946145080246645,1,
96.800000000,17.763442902408027,17.303167491154365,0.7901110074384725,1,
96.900000000,17.816225386669423,17.356449846162338,0.7856075068522811,1,
97.000000000,17.86924729198318,17.40949395570241,0.7811040062660892,1,
97.100000000,17.922507542986413,17.46229874396136,0.7910464527278372,1,
97.200000000,17.975240161433216,17.515630450775824,0.8022624771638571,1,
97.300000000,18.027371305868694,17.569550241018806,0.8134785015998769,1,
97.400000000,18.07889441830512,17.624051331694716,0.8246945260358968,1,
97.500000000,18.129803017243894,17.679126866681596,0.8359105504719168,1,
97.600000000,18.18009069849093,17.734769917593606,0.8471265749079366,1,
97.700000000,18.22975113596226,17.79097348465261,0.8583425993439565,1,
97.800000000,18.278778082479867,17.847730497568723,0.8695586237799764,1,
97.900000000,18.327165370557555,17.905033816429736,0.8807746482159965,1,
98.000000000,18.374906913176805,17.962876232599314,0.8919906726520165,1,
98.100000000,18.42199670455251,18.021250469623816,0.9032066970880362,1,
98.200000000,18.46842882088849,18.080149184147665,0.914422721524056,1,
98.300000000,18.5141974211227,18.139564966837124,0.9256387459600756,1,
98.400000000,18.55562471576656,18.194611159726954,0.9567453203435938,1,
98.500000000,18.594805808186013,18.250189866467547,0.9887442126604202,1,
98.600000000,18.63317563241669,18.308493332116168,1.0189478121935425,1,
98.700000000,18.67024657086554,18.36870749595026,1.0482371340486023,1,
98.800000000,18.70508191419306,18.429189198748603,1.0784407335817248,1,
98.900000000,18.738944906770303,18.492317225645138,1.1068038014437809,1,
99.000000000,18.771004015033306,18.55638019172943,1.135166869305838,1,
99.100000000,18.80123345032473,18.621326564130804,1.1635299371678944,1,
99.200000000,18.822910617313774,18.671576722028615,1.2088035455690895,1,
99.300000000,18.83665957839194,18.707884350439993,1.2699798696536408,1,
99.400000000,18.844503171221785,18.733167418032103,1.3435080836287516,1,
99.500000000,18.850250431598845,18.758016702135006,1.4180028307919623,1,
99.600000000,18.85413232276223,18.783224812799318,1.4924975779551723,1,
99.700000000,18.856127312244222,18.808651923119513,1.5669923251183824,1,
99.800000000,18.856228010719782,18.835123517615585,1.6405205390934936,1,
99.900000000,18.85438378141528,18.86153098386322,1.7140487530686044,1,
100.000000000,18.850604590477506,18.887731616893802,1.7875769670437147,1,
100.100000000,18.845118748979605,18.912639918026727,1.8620717142069254,1,
100.200000000,18.837516737007046,18.93799666997402,1.9355999281820369,1,
100.300000000,18.82841733438632,18.96182352025295,2.010094675345247,1,
100.400000000,18.817158763609246,18.98578181817674,2.0836228893203574,1,
100.500000000,18.815663838338338,18.988436746600648,2.1805760144457254,1,
100.600000000,18.815663838338338,18.988436746600648,2.2805760144457254,1,
100.700000000,18.815663838338338,18.988436746600648,2.3805760144457255,1,
100.800000000,18.815663838338338,18.988436746600648,2.4805760144457256,1,
100.900000000,18.815663838338338,18.988436746600648,2.5805760144457257,1,
101.000000000,18.815663838338338,18.988436746600648,2.680576014445726,1,
101.100000000,18.815663838338338,18.988436746600648,2.780576014445726,1,
101.200000000,18.815663838338338,18.988436746600648,2.880576014445726,1,
101.300000000,18.815663838338338,18.988436746600648,2.980576014445726,1,
101.400000000,18.815663838338338,18.988436746600648,3.080576014445726,1,
101.500000000,18.815663838338338,18.988436746600648,-3.10260929273386,1,
101.600000000,18.815663838338338,18.988436746600648,-3.00260929273386,1,
101.700000000,18.815663838338338,18.988436746600648,-2.90260929273386,1,
101.800000000,18.815663838338338,18.988436746600648,-2.8026092927338597,1,
101.900000000,18.815663838338338,18.988436746600648,-2.7026092927338596,1,
102.000000000,18.815663838338338,18.988436746600648,-2.6026092927338595,1,
102.100000000,18.815663838338338,18.988436746600648,-2.5026092927338595,1,
102.200000000,18.815663838338338,18.988436746600648,-2.4026092927338594,1,
102.300000000,18.815663838338338,18.988436746600648,-2.3026092927338593,1,
102.400000000,18.815663838338338,18.988436746600648,-2.202609292733859,1,
102.500000000,18.815663838338338,18.988436746600648,-2.102609292733859,1,
102.600000000,18.815663838338338,18.988436746600648,-2.00260929273386,1,
102.700000000,18.815663838338338,18.988436746600648,-1.902609292733859,1,
102.800000000,18.815663838338338,18.988436746600648,-1.8026092927338588,1,
102.900000000,18.815663838338338,18.988436746600648,-1.7026092927338592,1,
103.000000000,18.815663838338338,18.988436746600648,-1.6026092927338587,1,
103.100000000,18.815663838338338,18.988436746600648,-1.5026092927338588,1,
103.200000000,18.81733474308185,18.963970008086743,-1.4271330203495722,1,
103.300000000,18.82335943270797,18.922322739325466,-1.369213798388543,1,
103.400000000,18.832898329018345,18.87564538583304,-1.31685585829234,1,
103.500000000,18.845064583581205,18.828769806373014,-1.2652845450368857,1,
103.600000000,18.8596310268083,18.782583699895923,-1.2137132317814316,1,
103.700000000,18.876558926367636,18.73720987576449,-1.1621419185259774,1,
103.800000000,18.89580327078897,18.69276898347378,-1.1105706052705233,1,
103.900000000,18.917312889149823,18.649379191842893,-1.0589992920150693,1,
104.000000000,18.941030587139505,18.60715587480276,-1.0074279787596154,1,
104.100000000,18.966893299139425,18.56621130461561,-0.955856665504161,1,
104.200000000,19.004119142445766,18.513505654880344,-0.9203830083718997,1,
104.300000000,19.049532796705833,18.453818135190318,-0.8968566456528319,1,
104.400000000,19.096337984253445,18.395215452498885,-0.8743443782835068,1,
104.500000000,19.1444504796449,18.337681221060485,-0.8518321109141817,1,
104.600000000,19.193845900392326,18.281244598117713,-0.8293198435448565,1,
104.700000000,19.244499213845952,18.225934184666276,-0.8068075761755317,1,
104.800000000,19.296384749880154,18.17177801096056,-0.7842953088062065,1,
104.900000000,19.34947621390259,18.11880352230843,-0.7617830414368812,1,
105.000000000,19.403746700179795,18.067037565162483,-0.739270774067556,1,
105.100000000,19.459168705472486,18.01650637351478,-0.716758506698231,1,
105.200000000,19.515714142973682,17.96723555560196,-0.7183051358368013,1,
105.300000000,19.572183309192518,17.917877341832117,-0.7228086364229931,1,
105.400000000,19.628429618778863,17.868265320527627,-0.7273121370091845,1,
105.500000000,19.68445193097413,17.81840049789387,-0.7318156375953763,1,
105.600000000,19.740249109562733,17.768283885263408,-0.7363191381815682,1,
105.700000000,19.795820022895125,17.717916499075482,-0.7408226387677599,1,
105.800000000,19.85116354391076,17.66729936085539,-0.7453261393539518,1,
105.900000000,19.90627855016095,17.61643349719378,-0.7498296399401433,1,
106.000000000,19.96116392383161,17.565319939725804,-0.7543331405263353,1,
106.100000000,20.015818551765957,17.513959725110226,-0.758836641112527,1,
106.200000000,20.07024132548707,17.46235389500838,-0.7633401416987188,1,
106.300000000,20.124431141220377,17.410503496063043,-0.7678436422849104,1,
106.400000000,20.178386899916035,17.358409579877215,-0.7708905169906585,1,
106.500000000,20.232183684774245,17.306151509314677,-0.7739373916964062,1,
106.600000000,20.28582099637588,17.253729769510002,-0.7769842664021539,1,
106.700000000,20.339298336782264,17.201144847117178,-0.7724807658159625,1,
106.800000000,20.39301195031708,17.148801292394246,-0.7694338911102149,1,
106.900000000,20.446884798534523,17.096621639032612,-0.7607974884179087,1,
107.000000000,20.501206276541954,17.044909193460118,-0.7521610857256024,1,
107.100000000,20.555972332663952,16.993667812752314,-0.7422186392638545,1,
107.200000000,20.611245138225275,16.942973464296298,-0.7322761928021063,1,
107.300000000,20.667019229430203,16.89283115930077,-0.7236397901098001,1,
107.400000000,20.72322428437894,16.84317240581048,-0.713697343648052,1,
107.500000000,20.779920282716322,16.79407491328258,-0.703754897186304,1,
107.600000000,20.837101619961988,16.745543535074276,-0.6938124507245559,1,
107.700000000,20.894762643659135,16.69758306858158,-0.683870004262808,1,
107.800000000,20.95289765393327,16.65019825476506,-0.6739275578010601,1,
107.900000000,21.011500904055648,16.60339377768119,-0.6639851113393119,1,
108.000000000,21.070566601011347,16.557174264019345,-0.6527690869032922,1,
108.100000000,21.130146971122844,16.511620125926555,-0.6415530624672722,1,
108.200000000,21.190234519305573,16.466737094017063,-0.6303370380312523,1,
108.300000000,21.25082168667303,16.422530814481373,-0.6191210135952322,1,
108.400000000,21.311900851487685,16.37900684837597,-0.6079049891592125,1,
108.500000000,21.373464330119763,16.33617067092375,-0.5966889647231927,1,
108.600000000,21.43550437801383,16.29402767082526,-0.5854729402871728,1,
108.700000000,21.498013190663062,16.252583149580786,-0.5742569158511529,1,
108.800000000,21.560982904591008,16.21184232082347,-0.563040891415133,1,
108.900000000,21.62440559834081,16.171810309663417,-0.5505819533297017,1,
109.000000000,21.68832211320141,16.132571564422584,-0.5393659288936818,1,
109.100000000,21.75267470127889,16.094052161419295,-0.5269069908082507,1,
109.200000000,21.81750219329279,16.056337492135473,-0.5144480527228193,1,
109.300000000,21.882794526516857,16.019433410760143,-0.5032320282867992,1,
109.400000000,21.948496661322345,15.983263955663315,-0.49077309020136795,1,
109.500000000,22.01464431822578,15.947915865386957,-0.47831415211593675,1,
109.600000000,22.081227229580794,15.913394626772295,-0.4658552140305052,1,
109.700000000,22.14823506017946,15.87970559831405,-0.453396275945074,1,
109.800000000,22.215657408856558,15.846854009328677,-0.44093733785964256,1,
109.900000000,22.28348381010407,15.814844959142652,-0.4284783997742111,1,
110.000000000,22.35170373569568,15.783683416300947,-0.41726237533819127,1,
110.100000000,22.420268871624135,15.753288973797222,-0.40604635090217156,1,
110.200000000,22.48917059254033,15.72366545518807,-0.39483032646615157,1,
110.300000000,22.558400230753474,15.694816587049493,-0.3836143020301317,1,
110.400000000,22.627949077321475,15.666745998508095,-0.3723982775941119,1,
110.500000000,22.697808383146505,15.639457220784555,-0.36118225315809194,1,
110.600000000,22.767969360075618,15.612953686749407,-0.349966228722072,1,
110.700000000,22.83842318200628,15.587238730491185,-0.33875020428605207,1,
110.800000000,22.90916098599668,15.562315586897011,-0.3275341798500323,1,
110.900000000,22.980173873380657,15.538187391245645,-0.3163181554140124,1,
111.000000000,23.051452910887146,15.514857178813076,-0.3051021309779926,1,
111.100000000,23.122989131763955,15.492327884490695,-0.2938861065419727,1,
111.200000000,23.19477353690577,15.470602342416088,-0.2826700821059529,1,
111.300000000,23.266797095986227,15.449683285616503,-0.2714540576699329,1,
111.400000000,23.33905074859389,15.429573345665052,-0.26151161120818484,1,
111.500000000,23.411500768720423,15.410182765898963,-0.25156916474643676,1,
111.600000000,23.484139994577923,15.391513463104724,-0.24162671828468882,1,
111.700000000,23.556961245675236,15.373567282769564,-0.23168427182294069,1,
111.800000000,23.629957323527748,15.356345998899021,-0.22174182536119263,1,
111.900000000,23.703121012368978,15.33985131384159,-0.21179937889944458,1,
112.000000000,23.77644507986385,15.32408485812043,-0.20185693243769648,1,
112.100000000,23.849922277823637,15.309048190272195,-0.19191448597594846,1,
112.200000000,23.923545342922445,15.294742796692962,-0.18327808328364217,1,
112.300000000,23.997289207963703,15.28107376714524,-0.17464168059133597,1,
112.400000000,24.071148372614648,15.268042121160772,-0.16600527789902975,1,
112.500000000,24.14511732794266,15.255648830730776,-0.15478925346300984,1,
112.600000000,24.219220631235498,15.244085940041595,-0.14357322902699,1,
112.700000000,24.293448960454302,15.233354903680427,-0.1323572045909702,1,
112.800000000,24.367792977832227,15.223457071588951,-0.12114118015495029,1,
112.900000000,24.44224333104909,15.214393688893518,-0.10992515571893044,1,
113.000000000,24.516790654407902,15.206165895748502,-0.09870913128291055,1,
113.100000000,24.591425570013016,15.198774727192884,-0.08876668482116251,1,
113.200000000,24.666130281821108,15.192125965378077,-0.07882423835941443,1,
113.300000000,24.740897405164784,15.186220267543675,-0.06888179189766634,1,
113.400000000,24.815719549207188,15.18105821747634,-0.058939345435918285,1,
113.500000000,24.890589317672585,15.17664032545209,-0.048996898974170235,1,
113.600000000,24.965499309577496,15.172967028185854,-0.03905445251242216,1,
113.700000000,25.0404421199623,15.170038688788313,-0.029112006050674114,1,
113.800000000,25.115410340623225,15.167855596729996,-0.01916955958892604,1,
113.900000000,25.19039656084465,15.166417967812668,-0.009227113127177984,1,
114.000000000,25.26539336813168,15.165725944147999,0.0007153333345700784,1,
114.100000000,25.340393348942865,15.165779594143517,0.01065777979631814,1,
114.200000000,25.41538908942305,15.166578912495842,-0.006498359066917053,1,
114.300000000,25.490387505853477,15.16609153899603,-0.027978862563032114,1,
114.400000000,25.565358152140295,15.163993398072115,-0.04945936605914715,1,
114.500000000,25.64026643725547,15.160285457794338,-0.07093986955526224,1,
114.600000000,25.715077798944055,15.154969428985167,-0.09242037305137728,1,
114.700000000,25.789757719671012,15.148047764429933,-0.11390087654749229,1,
114.800000000,25.864271742547423,15.139523657745134,-0.1353813800436074,1,
114.900000000,25.938585487228682,15.129401041904911,-0.1568618835397224,1,
115.000000000,26.0126646657774,15.117684587426403,-0.1783423870358375,1,
115.100000000,26.086475098483668,15.104379700214794,-0.19982289053195254,1,
115.200000000,26.159982729635367,15.089492519069058,-0.22130339402806753,1,
115.300000000,26.233153643231287,15.073029912849554,-0.24278389752418264,1,
115.400000000,26.291738097131258,15.058520340015912,-0.2824293952681561,1,
115.500000000,26.343536340544546,15.043489191874574,-0.32849430988628986,1,
115.600000000,26.394587472648727,15.026088750902268,-0.3745592245044238,1,
115.700000000,26.444783183303045,15.006355933894627,-0.4206241391225577,1,
115.800000000,26.494016977229887,14.984332606018974,-0.46668905374069153,1,
115.900000000,26.54218439995527,14.96006549199313,-0.5127539683588253,1,
116.000000000,26.575294045940876,14.941425425512579,-0.5747579062511348,1,
116.100000000,26.591543324370743,14.930900738879044,-0.6553979455532021,1,
116.200000000,26.601420838535997,14.923307330182764,-0.7429390073274337,1,
116.300000000,26.61059664265016,14.914879414629556,-0.8304800691016659,1,
116.400000000,26.618162091524308,14.90659912534074,-0.9192640445219035,1,
116.500000000,26.624963550740766,14.89768064117017,-1.0080480199421415,1,
116.600000000,26.63026797233488,14.889271398866217,-1.0981055733330467,1,
116.700000000,26.63479460555255,14.88041917675607,-1.1881631267239519,1,
116.800000000,26.63850676256159,14.871195721063383,-1.278220680114857,1,
116.900000000,26.641374356764114,14.861675786816534,-1.3682782335057617,1,
117.000000000,26.64337414664489,14.851936531967858,-1.4583357868966675,1,
117.100000000,26.644632849690034,14.840791359290058,-1.5471197623169046,1,
117.200000000,26.645343080263224,14.810799767592837,-1.6108730072977644,1,
117.300000000,26.643940771899977,14.775827871286598,-1.6481442216394206,1,
117.400000000,26.640721155521742,14.73428578200972,-1.6710506654496216,1,
117.500000000,26.63321466941405,14.659662376389802,-1.687070700522652,1,
117.600000000,26.624513728082334,14.585168795324437,-1.6758546760866317,1,
117.700000000,26.61670182176469,14.51108477888921,-1.6503494233611258,1,
117.800000000,26.61074163087232,14.436321979820912,-1.6268230606420582,1,
117.900000000,26.606541823834178,14.361439661341565,-1.606392978231413,1,
118.000000000,26.60387263875679,14.286487173384042,-1.5903729431583826,1,
118.100000000,26.60240448631047,14.21150154457162,-1.5804304966966347,1,
118.200000000,26.6016819347455,14.13650502519081,-1.575926996110443,1,
118.300000000,26.601297136235065,14.061506012329932,-1.5728801214046955,1,
118.400000000,26.601140851752433,13.986506175162372,-1.5713334922661257,1,
118.500000000,26.60110056434403,13.911506185982875,-1.571333492266126,1,
118.600000000,26.601060276935627,13.836506196803377,-1.5713334922661262,1,
118.700000000,26.601019989527224,13.76150620762388,-1.5713334922661266,1,
118.800000000,26.60097970211882,13.686506218444382,-1.5713334922661266,1,
118.900000000,26.600939414710417,13.611506229264885,-1.5713334922661268,1,
119.000000000,26.600899127302014,13.536506240085387,-1.5743803669718748,1,
119.100000000,26.60063032486422,13.461506721785272,-1.5904004020449047,1,
119.200000000,26.599388812958214,13.39818555818811,-1.6252181966364097,1,
119.300000000,26.596125112363293,13.338274388458029,-1.663295354434675,1,
119.400000000,26.59047442785509,13.277359592188027,-1.702119030255895,1,
119.500000000,26.582463659142466,13.216710023148668,-1.740942706077115,1,
119.600000000,26.572104879162747,13.15641708560737,-1.7797663818983351,1,
119.700000000,26.559242008983997,13.095762037205043,-1.8177624439111082,1,
119.800000000,26.544084324273438,13.035639388226983,-1.8557585059238817,1,
119.900000000,26.526653705558928,12.976135927343154,-1.8937545679366556,1,
120.000000000,26.50697531441004,12.917337549408765,-1.9317506299494283,1,
120.100000000,26.485369843169735,12.86010341403038,-1.9705743057706475,1,
120.200000000,26.46091249484671,12.802220519403335,-2.007736487719737,1,
120.300000000,26.434321473133746,12.745286268361804,-2.0448986696688256,1,
120.400000000,26.405633496744095,12.68937927963887,-2.0820608516179147,1,
120.500000000,26.374888180010384,12.63457675345309,-2.1192230335670037,1,
120.600000000,26.342127978182404,12.58095436490512,-2.156385215516093,1,
120.700000000,26.30739812880199,12.528586159480328,-2.193547397465182,1,
120.800000000,26.2707465892359,12.477544450801693,-2.230709579414271,1,
120.900000000,26.23222397045299,12.427899720774167,-2.26787176136336,1,
121.000000000,26.191883467137092,12.37972052225842,-2.305033943312449,1,
121.100000000,26.149217541371023,12.332449346566232,-2.341355491126505,1,
121.200000000,26.10544870375939,12.287361873455334,-2.378517673075594,1,
121.300000000,26.06003492241698,12.243931701436527,-2.415679855024683,1,
121.400000000,26.024992906805373,12.212828977302518,-2.4688255883387114,1,
121.500000000,26.001370660698157,12.194007528902398,-2.5386219887017756,1,
121.600000000,25.99425724766437,12.18910989589395,-2.629985585858305,1,
121.700000000,25.992908650552103,12.188352698390416,-2.7284389565457117,1,
121.800000000,25.991492155911885,12.1877317272439,-2.8268923272331183,1,
121.900000000,25.99002148283299,12.187252996708432,-2.925345697920525,1,
122.000000000,25.98851087513583,12.186921143403714,-3.0237990686079317,1,
122.100000000,25.98697496341714,12.186739381408346,-3.1222524392953384,1,
122.200000000,25.98542862334915,12.186709471130714,3.062479497196841,1,
122.300000000,25.983886831605158,12.186831702259008,2.9640261265094345,1,
122.400000000,25.982364520806843,12.187104890955526,2.865572755822028,1,
122.500000000,25.980876434898274,12.187526391322422,2.767119385134621,1,
122.600000000,25.97943698634728,12.188092121027859,2.6686660144472145,1,
122.700000000,25.978060116557252,12.188796600844377,2.570212643759808,1,
122.800000000,25.97675916084132,12.189633007716507,2.471759273072401,1,
122.900000000,25.975546719266646,12.19059324084371,2.3733059023849945,1,
123.000000000,25.974434534619782,12.191668000138554,2.274852531697588,1,
123.100000000,25.973433378674958,12.192846876300292,2.176399161010181,1,
123.200000000,25.969280093153905,12.198845320883617,2.0836951268844572,1,
123.300000000,25.965042166197453,12.206370440762162,1.9923315297279274,1,
123.400000000,25.96150848050656,12.214250829046549,1.9009679325713986,1,
123.500000000,25.95870851232762,12.222420751461826,1.8096043354148694,1,
123.600000000,25.956665617600915,12.230812058583503,1.7182407382583393,1,
123.700000000,25.955396837136973,12.239354754306108,1.6268771411018097,1,
123.800000000,25.95491275447062,12.247977579715847,1.5355135439452807,1,
123.900000000,25.955217407578406,12.256608607496977,1.444149946788751,1,
124.000000000,25.95630825519581,12.265175841913655,1.3527863496322214,1,
124.100000000,25.95817619801521,12.27360781936252,1.2614227524756922,1,
124.200000000,25.967372046682705,12.302377487388286,1.1916263521126278,1,
124.300000000,25.984715131314346,12.345903798076648,1.138480618798599,1,
124.400000000,26.010002133672973,12.400705563142086,1.0988351210546259,1,
124.500000000,26.03781496832283,12.455193991902393,1.0600114452334053,1,
124.600000000,26.067721754479212,12.508561835983109,1.0211877694121856,1,
124.700000000,26.099677419968934,12.560728665320688,0.9823640935909648,1,
124.800000000,26.133633804776345,12.611615859887083,0.943540417769745,1,
124.900000000,26.169539733624745,12.661146728177076,0.9047167419485247,1,
125.000000000,26.20734109310205,12.709246622789173,0.8658930661273041,1,
125.100000000,26.246980913214482,12.755843052925838,0.8270693903060838,1,
125.200000000,26.297758571794326,12.811039333499343,0.8066393078954385,1,
125.300000000,26.34965321986014,12.865186775748494,0.7954232834594184,1,
125.400000000,26.40215191010958,12.918748772743504,0.7842072590233984,1,
125.500000000,26.455248038318427,12.971718586498413,0.7729912345873785,1,
125.600000000,26.50893492510603,13.024089553522662,0.7617752101513584,1,
125.700000000,26.56320581677556,13.075855085659347,0.7505591857153382,1,
125.800000000,26.61805388616361,13.127008670913987,0.7393431612793181,1,
125.900000000,26.673472233499034,13.17754387427373,0.7281271368432979,1,
126.000000000,26.72945388727092,13.227454338516857,0.7169111124072778,1,
126.100000000,26.785991805105613,13.276733785012507,0.7056950879712575,1,
126.200000000,26.8430788746526,13.32537601451052,0.7101985885574492,1,
126.300000000,26.899946305725788,13.374274841522384,0.7161176589329097,1,
126.400000000,26.956523306707172,13.42350941230301,0.7220367293083702,1,
126.500000000,27.012807895405015,13.473078001904844,0.7279557996838306,1,
126.600000000,27.06879809987232,13.52297887367788,0.7338748700592913,1,
126.700000000,27.124491958475943,13.573210279330517,0.7397939404347517,1,
126.800000000,27.17988751996529,13.623770458990798,0.7457130108102122,1,
126.900000000,27.234982843540703,13.674657641268073,0.7516320811856726,1,
127.000000000,27.28977599892144,13.725870043315064,0.757551151561133,1,
127.100000000,27.34426506641331,13.777405870890318,0.7634702219365934,1,
127.200000000,27.398448136975937,13.829263318421077,0.7693892923120539,1,
127.300000000,27.45232331228963,13.881440569066536,0.7753083626875141,1,
127.400000000,27.5058887048219,13.933935794781489,0.7812274330629747,1,
127.500000000,27.559142437893588,13.986747156380385,0.7842743077687225,1,
127.600000000,27.612235014423536,14.039720530045006,0.7873211824744699,1,
127.700000000,27.665165941530088,14.092855424000303,0.7903680571802177,1,
127.800000000,27.717934727832247,14.14615134497177,0.7934149318859655,1,
127.900000000,27.770540883454245,14.199607798190012,0.7964618065917131,1,
128.000000000,27.82298392003008,14.253224287395344,0.7995086812974604,1,
128.100000000,27.87526335070806,14.307000314842398,0.802555556003208,1,
128.200000000,27.927378690155315,14.360935381304742,0.8025555560032078,1,
128.300000000,27.97949402960257,14.414870447767086,0.8025555560032078,1,
128.400000000,28.031609369049825,14.46880551422943,0.8025555560032077,1,
128.500000000,28.08372470849708,14.522740580691774,0.8025555560032076,1,
128.600000000,28.135840047944335,14.576675647154119,0.8025555560032077,1,
128.700000000,28.18795538739159,14.630610713616463,0.8025555560032077,1,
128.800000000,28.240070726838844,14.684545780078807,0.8025555560032074,1,
128.900000000,28.2921860662861,14.738480846541151,0.8025555560032072,1,
129.000000000,28.344301405733354,14.792415913003495,0.802555556003207,1,
129.100000000,28.39641674518061,14.84635097946584,0.8025555560032069,1,
129.200000000,28.448532084627864,14.900286045928183,0.8010089268646367,1,
129.300000000,28.5007307792557,14.954140444812115,0.7994622977260668,1,
129.400000000,28.55301270420165,15.007914047294618,0.7979156685874966,1,
129.500000000,28.605377734404144,15.06160672474594,0.7963690394489263,1,
129.600000000,28.657825744602825,15.115218348729913,0.794822410310356,1,
129.700000000,28.710356609338845,15.16874879100425,0.7932757811717858,1,
129.800000000,28.76297020295516,15.222197923520854,0.7917291520332158,1,
129.900000000,28.81566639959683,15.27556561842613,0.7901825228946457,1,
130.000000000,28.868445073211326,15.328851748061284,0.7886358937560755,1,
130.100000000,28.921306097548833,15.382056184962632,0.7870892646175055,1,
130.200000000,28.974249346162544,15.435178801861905,0.7870892646175051,1,
130.300000000,29.027192594776256,15.488301418761178,0.787089264617505,1,
130.400000000,29.080135843389968,15.541424035660452,0.7870892646175048,1,
130.500000000,29.13307909200368,15.594546652559725,0.7870892646175047,1,
130.600000000,29.18602234061739,15.647669269458998,0.7870892646175048,1,
130.700000000,29.238965589231103,15.700791886358271,0.7870892646175045,1,
130.800000000,29.291908837844815,15.753914503257544,0.7870892646175043,1,
130.900000000,29.344852086458527,15.807037120156817,0.7870892646175043,1,
131.000000000,29.39779533507224,15.86015973705609,0.7870892646175043,1,
131.100000000,29.45073858368595,15.913282353955363,0.7870892646175043,1,
131.200000000,29.503681832299662,15.966404970854637,0.7870892646175043,1,
131.300000000,29.556625080913374,16.01952758775391,0.787089264617504,1,
131.400000000,29.609568329527086,16.072650204653183,0.7870892646175037,1,
131.500000000,29.662511578140798,16.125772821552456,0.7870892646175037,1,
131.600000000,29.71545482675451,16.17889543845173,0.7870892646175035,1,
131.700000000,29.76839807536822,16.232018055351002,0.7870892646175037,1,
131.800000000,29.821341323981933,16.285140672250275,0.7855426354789333,1,
131.900000000,29.874366670228355,16.338181342074922,0.7839960063403626,1,
132.000000000,29.927473987267614,16.39113993794841,0.7824493772017931,1,
132.100000000,29.98066314806376,16.44401633319054,0.7809027480632229,1,
132.200000000,30.033934025385058,16.496810401317735,0.7793561189246525,1,
132.300000000,30.087286491804313,16.549522016043355,0.7778094897860823,1,
132.400000000,30.14072041969916,16.60215105127799,0.7762628606475122,1,
132.500000000,30.194235681252373,16.65469738112976,0.774716231508942,1,
132.600000000,30.247832148452165,16.707160879904638,0.773169602370372,1,
132.700000000,30.301509693092513,16.759541422106714,0.7716229732318017,1,
132.800000000,30.355268186773436,16.81183888243853,0.7700763440932317,1,
132.900000000,30.40910750090133,16.864053135801356,0.7685297149546614,1,
133.000000000,30.463027506689265,16.916184057295506,0.7669830858160912,1,
133.100000000,30.51702807515728,16.968231522220623,0.7654364566775209,1,
133.200000000,30.571109077132714,17.020195406075985,0.7638898275389507,1,
133.300000000,30.625270383250495,17.072075584560796,0.7623431984003805,1,
133.400000000,30.679511863953465,17.1238719335745,0.7607965692618104,1,
133.500000000,30.73383338949268,17.175584329217052,0.75924994012324,1,
133.600000000,30.78823482992773,17.227212647789244,0.7577033109846701,1,
133.700000000,30.84271605512704,17.278756765792973,0.7561566818460999,1,
133.800000000,30.897276934768175,17.330216559931557,0.7546100527075299,1,
133.900000000,30.95191733833818,17.381591907110014,0.7530634235689596,1,
134.000000000,31.006637135133865,17.43288268443537,0.7515167944303894,1,
134.100000000,31.06143619426212,17.484088769216946,0.7499701652918193,1,
134.200000000,31.116314384640248,17.535210038966653,0.7499701652918191,1,
134.300000000,31.171192575018374,17.58633130871636,0.7499701652918191,1,
134.400000000,31.2260707653965,17.637452578466068,0.7499701652918189,1,
134.500000000,31.280948955774626,17.688573848215775,0.7499701652918188,1,
134.600000000,31.335827146152752,17.739695117965482,0.7499701652918185,1,
134.700000000,31.39070533653088,17.79081638771519,0.7499701652918185,1,
134.800000000,31.445583526909004,17.841937657464896,0.7499701652918184,1,
134.900000000,31.50046171728713,17.893058927214604,0.7499701652918184,1,
135.000000000,31.555339907665257,17.94418019696431,0.7499701652918181,1,
135.100000000,31.610218098043383,17.995301466714018,0.749970165291818,1,
135.200000000,31.66509628842151,18.046422736463725,0.749970165291818,1,
135.300000000,31.719974478799635,18.097544006213433,0.7499701652918178,1,
135.400000000,31.77485266917776,18.14866527596314,0.7499701652918178,1,
135.500000000,31.829730859555887,18.199786545712847,0.7499701652918178,1,
135.600000000,31.884609049934014,18.250907815462554,0.7499701652918176,1,
135.700000000,31.93948724031214,18.30202908521226,0.7499701652918175,1,
135.800000000,31.994365430690266,18.35315035496197,0.7499701652918173,1,
135.900000000,32.04924362106839,18.404271624711676,0.7499701652918171,1,
136.000000000,32.10412181144652,18.455392894461383,0.749970165291817,1,
136.100000000,32.159000001824644,18.50651416421109,0.749970165291817,1,
136.200000000,32.21387819220277,18.557635433960797,0.7499701652918168,1,
136.300000000,32.2687563825809,18.608756703710505,0.7499701652918168,1,
136.400000000,32.32363457295902,18.659877973460212,0.7499701652918167,1,
136.500000000,32.37851276333715,18.71099924320992,0.7499701652918165,1,
136.600000000,32.433390953715275,18.762120512959626,0.7499701652918163,1,
136.700000000,32.4882691440934,18.813241782709333,0.7499701652918161,1,
136.800000000,32.54314733447153,18.86436305245904,0.7499701652918161,1,
136.900000000,32.59802552484965,18.915484322208748,0.749970165291816,1,
137.000000000,32.65290371522778,18.966605591958455,0.7499701652918159,1,
137.100000000,32.707781905605906,19.017726861708162,0.7499701652918158,1,
137.200000000,32.76266009598403,19.06884813145787,0.7530170399975633,1,
137.300000000,32.817382271770285,19.12013637062845,0.756063914703311,1,
137.400000000,32.87194792495472,19.1715911030887,0.7591107894090587,1,
137.500000000,32.92635654898046,19.223211851161793,0.7621576641148062,1,
137.600000000,32.9806076387484,19.27499813562969,0.765204538820554,1,
137.700000000,33.03470069062191,19.32694947573762,0.7682514135263014,1,
137.800000000,33.088635202431476,19.379065389198523,0.771298288232049,1,
137.900000000,33.142410673479375,19.43134539219753,0.7743451629377964,1,
138.000000000,33.19602660454435,19.483788999396463,0.7773920376435443,1,
138.100000000,33.24948249788621,19.536395723938327,0.7804389123492917,1,
138.200000000,33.302777857250476,19.58916507745184,0.7819855414878617,1,
138.300000000,33.35599153828463,19.642016795974477,0.7835321706264318,1,
138.400000000,33.40912341369828,19.694950753081685,0.7850787997650021,1,
138.500000000,33.46217335639675,19.7479668221522,0.7866254289035717,1,
138.600000000,33.51514123948131,19.80106487636834,0.7881720580421416,1,
138.700000000,33.56802693624955,19.854244788716308,0.7897186871807116,1,
138.800000000,33.62083032019565,19.907506431986498,0.7912653163192815,1,
138.900000000,33.67355126501067,19.9608496787738,0.7928119454578517,1,
139.000000000,33.726189644582895,20.014274401477905,0.7943585745964215,1,
139.100000000,33.77874533299809,20.0677804723036,0.7959052037349914,1,
139.200000000,33.831218204539844,20.12136776326109,0.7974518328735614,1,
139.300000000,33.883608133689826,20.1750361461663,0.7989984620121315,1,
139.400000000,33.93591499512812,20.228785492641165,0.7989984620121312,1,
139.500000000,33.98822185656642,20.282534839116032,0.798998462012131,1,
139.600000000,34.040528718004715,20.3362841855909,0.7989984620121309,1,
139.700000000,34.09283557944301,20.390033532065765,0.7989984620121309,1,
139.800000000,34.14514244088131,20.44378287854063,0.7989984620121309,1,
139.900000000,34.197449302319605,20.497532225015497,0.7989984620121307,1,
140.000000000,34.2497561637579,20.551281571490364,0.7989984620121307,1,
140.100000000,34.3020630251962,20.60503091796523,0.7974518328735604,1,
140.200000000,34.35445295434618,20.65869930087044,0.7959052037349902,1,
140.300000000,34.40692582588793,20.71228659182793,0.7943585745964202,1,
140.400000000,34.459481514303135,20.765792662653624,0.7928119454578498,1,
140.500000000,34.51211989387536,20.819217385357728,0.7912653163192797,1,
140.600000000,34.56484083869038,20.87256063214503,0.7897186871807095,1,
140.700000000,34.61764422263648,20.92582227541522,0.7881720580421394,1,
140.800000000,34.67052991940472,20.97900218776319,0.7866254289035691,1,
140.900000000,34.723497802489284,21.03210024197933,0.7850787997649988,1,
141.000000000,34.77654774518775,21.085116311049845,0.7835321706264285,1,
141.100000000,34.829679620601404,21.138050268157052,0.7819855414878584,1,
141.200000000,34.882893301635555,21.190901986679687,0.7819855414878583,1,
141.300000000,34.936106982669706,21.243753705202323,0.7819855414878583,1,
141.400000000,34.98932066370386,21.29660542372496,0.781985541487858,1,
141.500000000,35.04253434473801,21.349457142247594,0.7819855414878583,1,
141.600000000,35.09574802577216,21.40230886077023,0.781985541487858,1,
141.700000000,35.14896170680631,21.455160579292865,0.7819855414878579,1,
141.800000000,35.20217538784046,21.5080122978155,0.7819855414878578,1,
141.900000000,35.255389068874614,21.560864016338137,0.7819855414878574,1,
142.000000000,35.308602749908765,21.613715734860772,0.7819855414878576,1,
142.100000000,35.361816430942916,21.666567453383408,0.7819855414878574,1,
142.200000000,35.41503011197707,21.719419171906043,0.7819855414878574,1,
142.300000000,35.46824379301122,21.77227089042868,0.7819855414878573,1,
142.400000000,35.52145747404537,21.825122608951315,0.7819855414878571,1,
142.500000000,35.57467115507952,21.87797432747395,0.781985541487857,1,
142.600000000,35.62788483611367,21.930826045996586,0.7819855414878569,1,
142.700000000,35.681098517147824,21.98367776451922,0.7819855414878569,1,
142.800000000,35.734312198181975,22.036529483041857,0.781985541487857,1,
142.900000000,35.787525879216126,22.089381201564493,0.7819855414878569,1,
143.000000000,35.84073956025028,22.142232920087128,0.7819855414878567,1,
143.100000000,35.89395324128443,22.195084638609764,0.7819855414878566,1,
143.200000000,35.94716692231858,22.2479363571324,0.7819855414878564,1,
143.300000000,36.00038060335273,22.300788075655035,0.7819855414878566,1,
143.400000000,36.05359428438688,22.35363979417767,0.7819855414878564,1,
143.500000000,36.106807965421034,22.406491512700306,0.781985541487856,1,
143.600000000,36.160021646455185,22.45934323122294,0.7819855414878558,1,
143.700000000,36.213235327489336,22.512194949745577,0.7819855414878557,1,
143.800000000,36.26644900852349,22.565046668268213,0.7819855414878556,1,
143.900000000,36.31966268955764,22.61789838679085,0.7819855414878557,1,
144.000000000,36.37287637059179,22.670750105313484,0.7819855414878556,1,
144.100000000,36.42609005162594,22.72360182383612,0.7819855414878554,1,
144.200000000,36.47930373266009,22.776453542358755,0.786489042074047,1,
144.300000000,36.53227885712727,22.82954437195943,0.7909925426602384,1,
144.400000000,36.585014350613356,22.88287323587737,0.7954960432464296,1,
144.500000000,36.637509143564344,22.93643905252412,0.7999995438326214,1,
144.600000000,36.68976217130796,22.990240735505463,0.8045030444188132,1,
144.700000000,36.741772374075296,23.044277193643467,0.8090065450050042,1,
144.800000000,36.7935386970223,23.098547330998613,0.8135100455911963,1,
144.900000000,36.84506009025116,23.15305004689202,0.8180135461773875,1,
145.000000000,36.8963355088316,23.207784235927765,0.8225170467635791,1,
145.100000000,36.94736391282208,23.262748788015312,0.8270205473497705,1,
145.200000000,36.99814426729087,23.317942588392018,0.831524047935962,1,
145.300000000,37.04867554233707,23.373364517645747,0.8360275485221538,1,
145.400000000,37.09895671311147,23.429013451737568,0.8405310491083454,1,
145.500000000,37.14898675983735,23.484888262024555,0.8620115526044603,1,
145.600000000,37.19780513801371,23.54182477010355,0.8845238199737852,1,
145.700000000,37.24532948445383,23.59984577057268,0.90703608734311,1,
145.800000000,37.291535714732426,23.658921859504172,0.9295483547124356,1,
145.900000000,37.33640041242015,23.719023098271684,0.9520606220817605,1,
146.000000000,37.37990084095057,23.780119028722652,0.9745728894510856,1,
146.100000000,37.422014955142664,23.84217868861388,0.9970851568204107,1,
146.200000000,37.4619225965007,23.903934485327454,1.0235569427356823,1,
146.300000000,37.50018166062125,23.966724948608984,1.050028728650954,1,
146.400000000,37.53676533882223,24.03050608026857,1.0765005145662256,1,
146.500000000,37.57164799638878,24.09523318794058,1.102972300481497,1,
146.600000000,37.604805190535956,24.16086091640025,1.129444086396769,1,
146.700000000,37.63621368753606,24.227343279344748,1.1559158723120406,1,
146.800000000,37.66585147899893,24.294633691616433,1.1823876582273127,1,
146.900000000,37.69369779729347,24.362685001845765,1.2088594441425842,1,
147.000000000,37.71973313009987,24.431449525490954,1.2353312300578554,1,
147.100000000,37.74393923408216,24.500879078251202,1.2618030159731277,1,
147.200000000,37.76629914767161,24.570925009830148,1.2882748018883987,1,
147.300000000,37.78679720295188,24.641538238025838,1.3147465878036708,1,
147.400000000,37.805419036637836,24.712669283123336,1.3412183737189423,1,
147.500000000,37.822151600140046,24.784268302565884,1.367690159634214,1,
147.600000000,37.83698316870816,24.856285125880294,1.3941619455494858,1,
147.700000000,37.849903349646596,24.92866928983214,1.4206337314647572,1,
147.800000000,37.86090308959685,25.001370073786074,1.447105517380029,1,
147.900000000,37.869974680881334,25.07433653524651,1.4735773032953003,1,
148.000000000,37.87711176690423,25.14751754555377,1.5000490892105725,1,
148.100000000,37.88230934660566,25.220861825710692,1.526520875125844,1,
148.200000000,37.885628920663926,25.295788325883006,1.5458808357003302,1,
148.300000000,37.88749738916351,25.370765047773645,1.5641498708054984,1,
148.400000000,37.887995869692595,25.445763391203098,1.582418905910666,1,
148.500000000,37.887124195884134,25.52075832559717,1.6006879410158341,1,
148.600000000,37.88488265865783,25.595724821519436,1.6189569761210025,1,
148.700000000,37.881272006123055,25.670637859024755,1.63722601122617,1,
148.800000000,37.876293443329175,25.745472436009646,1.655495046331338,1,
148.900000000,37.86994863186336,25.820203576556697,1.673764081436506,1,
149.000000000,37.86223968929604,25.894806339270243,1.6920331165416738,1,
149.100000000,37.85316918847416,25.96925582560051,1.7103021516468422,1,
149.200000000,37.8427401566625,26.04352718815346,1.7162212220223025,1,
149.300000000,37.83187169268812,26.11773551983419,1.720724722608495,1,
149.400000000,37.82066914279247,26.191894153018975,1.725228223194686,1,
149.500000000,37.809132734179876,26.266001583660735,1.7297317237808785,1,
149.600000000,37.797262700825826,26.340056308750857,1.7342352243670687,1,
149.700000000,37.785059283472194,26.414056826349675,1.738738724953261,1,
149.800000000,37.77252272962238,26.488001635616932,1.7432422255394517,1,
149.900000000,37.7596532935363,26.561889236842216,1.7477457261256437,1,
150.000000000,37.746451236225205,26.63571813147538,1.7522492267118353,1,
150.100000000,37.732916825446395,26.70948682215693,1.7567527272980263,1,
150.200000000,37.7190503356978,26.783193812748408,1.7481163246057196,1,
150.300000000,37.7058209184178,26.85701780964936,1.7381738781439715,1,
150.400000000,37.693326134055255,26.930969688352565,1.7282314316822238,1,
150.500000000,37.68156721773743,27.00504213860926,1.7182889852204748,1,
150.600000000,37.670545331849986,27.079227838252006,1.7083465387587262,1,
150.700000000,37.66026156592208,27.153519453918513,1.698404092296978,1,
150.800000000,37.65071693651864,27.22790964177653,1.68846164583523,1,
150.900000000,37.64191238713992,27.30239104824981,1.6785191993734818,1,
151.000000000,37.633848788128184,27.37695631074501,1.6685767529117335,1,
151.100000000,37.62652693658171,27.451598058379503,1.6586343064499849,1,
151.200000000,37.619947556275974,27.526308912709997,1.6486918599882368,1,
151.300000000,37.6141112975921,27.601081488461904,1.638749413526488,1,
151.400000000,37.60901873745261,27.675908394259388,1.6288069670647396,1,
151.500000000,37.60502442690063,27.744685931118365,1.5977003926812214,1,
151.600000000,37.6036159553579,27.797024923355984,1.5500583328673696,1,
151.700000000,37.604587549211104,27.84386911522717,1.4969125995533406,1,
151.800000000,37.60798790119032,27.889808357422844,1.442977514261775,1,
151.900000000,37.61385984440161,27.935497487968508,1.3890424289702097,1,
152.000000000,37.62218630154119,27.980803629700045,1.3351073436786438,1,
152.100000000,37.6362798609874,28.039489552413322,1.29546184593467,1,
152.200000000,37.65313679934662,28.09915806969905,1.257465783921897,1,
152.300000000,37.67224819418614,28.158143177253518,1.2194697219091242,1,
152.400000000,37.69358645769059,28.21635972847856,1.1814736598963507,1,
152.500000000,37.71712078749946,28.27372368620788,1.1434775978835776,1,
152.600000000,37.74281721117112,28.33015224401694,1.1054815358708046,1,
152.700000000,37.77063863522298,28.38556394575629,1.0674854738580317,1,
152.800000000,37.80054489867692,28.439878803135716,1.0294894118452582,1,
152.900000000,37.83249283103275,28.493018411189514,0.9914933498324857,1,
153.000000000,37.86643631458601,28.54490606145616,0.9534972878197124,1,
153.100000000,37.909848923824,28.606064424409638,0.9320167843235972,1,
153.200000000,37.95456512930146,28.666276225310273,0.9126568237491108,1,
153.300000000,38.000438580317315,28.72561109273151,0.8932968631746243,1,
153.400000000,38.0474520836688,28.784046788180607,0.8739369026001377,1,
153.500000000,38.09558801886566,28.841561410171224,0.854576942025651,1,
153.600000000,38.14482834473428,28.89813340243199,0.8352169814511646,1,
153.700000000,38.19515460617941,28.95374156198575,0.815857020876678,1,
153.800000000,38.246547941101106,29.008365047096333,0.7964970603021917,1,
153.900000000,38.298989087464165,29.061983385079976,0.7771370997277051,1,
154.000000000,38.352458390517455,29.114576479978407,0.7577771391532188,1,
154.100000000,38.406935810160455,29.166124620090738,0.7342507764341509,1,
154.200000000,38.46261078252399,29.21637695787038,0.7097270489314809,1,
154.300000000,38.51950126500869,29.265248964199746,0.6852033214288111,1,
154.400000000,38.577573044641575,29.312711248281637,0.6606795939261412,1,
154.500000000,38.63679119803753,29.35873526710196,0.6361558664234718,1,
154.600000000,38.69712011240168,29.403293342594992,0.6116321389208016,1,
154.700000000,38.75852350694631,29.446358678288515,0.587108411418132,1,
154.800000000,38.820964454709525,29.487905375418748,0.5625846839154618,1,
154.900000000,38.88440540476248,29.527908448505432,0.5380609564127923,1,
155.000000000,38.94880820479188,29.566343840377677,0.5145345936937247,1,
155.100000000,39.014097344056424,29.603253572076717,0.491008230974657,1,
155.200000000,39.08023668735396,29.63861721538691,0.4674818682555895,1,
155.300000000,39.14718962892484,29.6724151977972,0.4449696008862641,1,
155.400000000,39.21488641021363,29.70469748091253,0.4224573335169388,1,
155.500000000,39.283292723792805,29.73544770469233,0.3999450661476136,1,
155.600000000,39.33813213616832,29.758629885402645,0.35948307629388576,1,
155.700000000,39.37902336346096,29.773997332247767,0.30316660742446305,1,
155.800000000,39.404287927626356,29.781900322370493,0.22963839344935183,1,
155.900000000,39.40725481828638,29.782593868557203,0.13268526832398458,1,
156.000000000,39.40878785306258,29.782798481864567,0.034231897636577885,1,
156.100000000,39.4103335762759,29.78285141558131,-0.06422147305082879,1,
156.200000000,39.41187701722745,29.782752157031723,-0.1626748437382355,1,
156.300000000,39.41340322732256,29.782501667558595,-0.2611282144256422,1,
156.400000000,39.41489742485155,29.782102373212368,-0.3595815851130488,1,
156.500000000,39.41634513815409,29.781558141254255,-0.4580349558004555,1,
156.600000000,39.417732345780685,29.780874242700897,-0.5564883264878623,1,
156.700000000,39.41904561229379,29.780057301273303,-0.6549416971752688,1,
156.800000000,39.42027221839323,29.779115229244532,-0.7533950678626754,1,
156.900000000,39.421400284105644,29.778057150807435,-0.8518484385500825,1,
157.000000000,39.422418883844884,29.776893313704658,-0.950301809237489,1,
157.100000000,39.42331815222892,29.775634989976822,-1.0487551799248955,1,
157.200000000,39.424089379628455,29.774294366790098,-1.1472085506123022,1,
157.300000000,39.424725096521705,29.77288442840059,-1.2456619212997087,1,
157.400000000,39.42521914583857,29.771418830398723,-1.3441152919871155,1,
157.500000000,39.425566742593276,29.769911767451568,-1.4425686626745224,1,
157.600000000,39.42576452022816,29.76837783582411,-1.541022033361929,1,
157.700000000,39.42581056321952,29.766831892010927,-1.639475404049336,1,
157.800000000,39.42570442562999,29.765288908847488,-1.7379287747367422,1,
157.900000000,39.4254471354275,29.763763830494657,-1.836382145424149,1,
158.000000000,39.42504118452917,29.76227142770093,-1.9348355161115547,1,
158.100000000,39.42449050466652,29.7608261547442,-2.0332888867989625,1,
158.200000000,39.41490632947844,29.741602325221425,-2.111808383183905,1,
158.300000000,39.40279016374218,29.721435811490807,-2.1882820203499334,1,
158.400000000,39.38916870582705,29.702253902501813,-2.2647556575159618,1,
158.500000000,39.37412157816182,29.68416872356375,-2.34122929468199,1,
158.600000000,39.357736736739,29.667285989195626,-2.4177029318480185,1,
158.700000000,39.34010995697978,29.651704385185912,-2.494176569014047,1,
158.800000000,39.321344273891455,29.63751499173784,-2.5706502061800753,1,
158.900000000,39.30154937978994,29.624800751072137,-2.6471238433461037,1,
159.000000000,39.28084098310786,29.613635982599245,-2.723597480512132,1,
159.100000000,39.25934013203622,29.604085948495058,-2.8000711176781605,1,
159.200000000,39.22045023791787,29.590262546262416,-2.858797514566467,1,
159.300000000,39.16637070232202,29.574547950947018,-2.902481045605867,1,
159.400000000,39.11009935368806,29.560830385341454,-2.9445618235528417,1,
159.500000000,39.05330074464225,29.54949220675365,-2.9866426014998164,1,
159.600000000,38.996075438858774,29.54055348977551,-3.028723379446791,1,
159.700000000,38.938524755491436,29.534030060678788,-3.070804157393766,1,
159.800000000,38.880750589785,29.529933469394177,-3.1128849353407406,1,
159.900000000,38.822855232666555,29.528270969061822,3.128219593891871,1,
160.000000000,38.764941189636275,29.529045503189398,3.086138815944896,1,
160.100000000,38.70711099927833,29.532255700440544,3.0440580379979214,1,
160.200000000,38.63246745411071,29.539559204038827,3.0195343104952515,1,
160.300000000,38.558025444804755,29.548690866017495,3.0023781716320164,1,
160.400000000,38.48375104697964,29.559098258953128,2.986358136558986,1,
160.500000000,38.409652899566446,29.5706941439962,2.9703381014859556,1,
160.600000000,38.33575001881992,29.58347554522475,2.954318066412925,1,
160.700000000,38.262061370882364,29.59743918247065,2.9382980313398948,1,
160.800000000,38.18860586691621,29.6125814721614,2.9222779962668644,1,
160.900000000,38.115402358250755,29.62889852823981,2.906257961193834,1,
161.000000000,38.0424696315442,29.646386163161303,2.8902379261208035,1,
161.100000000,37.969826403962365,29.665039888968593,2.874217891047773,1,
161.200000000,37.897491318375145,29.684854918443452,2.8581978559747427,1,
161.300000000,37.8254829385721,29.705826166335278,2.8421778209017123,1,
161.400000000,37.753819744498315,29.727948250666163,2.826157785828682,1,
161.500000000,37.68252012751177,29.751215494112095,2.834794188520988,1,
161.600000000,37.61102222675111,29.77386610529191,2.846010212957008,1,
161.700000000,37.53927477865084,29.795713386383596,2.857226237393028,1,
161.800000000,37.46728680888821,29.816754589045395,2.868442261829048,1,
161.900000000,37.39506737339759,29.8369870663385,2.879658286265068,1,
162.000000000,37.32262555723124,29.85640827306006,2.890874310701088,1,
162.100000000,37.24997047341646,29.875015766063335,2.902090335137108,1,
162.200000000,37.177111261809145,29.892807204565052,2.9225204175477533,1,
162.300000000,37.10390379969311,29.909106514075837,2.9429504999583984,1,
162.400000000,37.03037864194131,29.923906891691765,2.9633805823690436,1,
162.500000000,36.95656647602456,29.93720216012373,2.9838106647796887,1,
162.600000000,36.88249810920332,29.94898677027569,3.004240747190334,1,
162.700000000,36.80820445566958,29.959255803560715,3.024670829600979,1,
162.800000000,36.73371652364411,29.968004973953885,3.045100912011624,1,
162.900000000,36.65906540243441,29.97523062978114,3.0655309944222693,1,
163.000000000,36.58428224945885,29.980929755243416,3.0859610768329144,1,
163.100000000,36.509398277242425,29.985099971675343,3.1063911592435596,1,
163.200000000,36.4344447403894,29.987739538538055,3.1200640328295797,1,
163.300000000,36.359462120274806,29.98935406037149,3.132522970915011,1,
163.400000000,36.28446520497155,29.990034277246334,-3.138203398179144,1,
163.500000000,36.2094656357356,29.98978008357719,-3.125744460093713,1,
163.600000000,36.134475054234855,29.9885915188208,-3.113285522008282,1,
163.700000000,36.05950510074212,29.986468767469905,-3.1008265839228506,1,
163.800000000,35.98456741232827,29.983412159024613,-3.0883676458374194,1,
163.900000000,35.90967362105586,29.979422167941255,-3.075908707751988,1,
164.000000000,35.83483535217363,29.97449941355874,-3.063449769666557,1,
164.100000000,35.76006422231193,29.968644660002408,-3.050990831581126,1,
164.200000000,35.68537183767961,29.961858816065437,-3.049444202442556,1,
164.300000000,35.61069003756144,29.954957458872098,-3.049444202442556,1,
164.400000000,35.53600823744327,29.94805610167876,-3.049444202442556,1,
164.500000000,35.4613264373251,29.94115474448542,-3.049444202442556,1,
164.600000000,35.38664463720693,29.93425338729208,-3.049444202442556,1,
164.700000000,35.31196283708876,29.927352030098742,-3.0509908315811263,1,
164.800000000,35.237270452456436,29.92056618616177,-3.0525374607196967,1,
164.900000000,35.16256766197871,29.913895871713326,-3.0555843354254444,1,
165.000000000,35.08784489466943,29.907453197917192,-3.058631210131192,1,
165.100000000,35.013102844212796,29.901238224583537,-3.065927175850258,1,
165.200000000,34.93831743921861,29.89556872726409,-3.0732231415693243,1,
165.300000000,34.86349266057976,29.890445007751183,-3.0805191072883904,1,
165.400000000,34.78863249128503,29.88586733878491,-3.0878150730074565,1,
165.500000000,34.71374091620709,29.88183596403861,-3.0951110387265226,1,
165.600000000,34.63882192189035,29.87835109810592,-3.1024070044455887,1,
165.700000000,34.563879496338785,29.87541292648931,-3.109702970164655,1,
165.800000000,34.488917628803634,29.873021605590242,-3.116998935883721,1,
165.900000000,34.41394030957104,29.871177262700833,-3.124294901602787,1,
166.000000000,34.33895152974966,29.869879995997074,-3.131590867321853,1,
166.100000000,34.26395528105821,29.869129874533616,-3.1331374964604235,1,
166.200000000,34.18895796190532,29.868495745304593,-3.134684125598994,1,
166.300000000,34.11395975168916,29.86797760982688,-3.1362307547375643,1,
166.400000000,34.03896082981005,29.86757546933989,-3.1377773838761347,1,
166.500000000,33.96396137567,29.86728932480557,-3.139324013014705,1,
166.600000000,33.8889615686723,29.86711917690839,-3.1408706421532755,1,
166.700000000,33.81396158822107,29.867065026055354,3.1407680358877403,1,
166.800000000,33.73896161372085,29.867126872375998,3.13922140674917,1,
166.900000000,33.66396182457619,29.86730471572238,3.1376747776105995,1,
167.000000000,33.588962400191164,29.86759855566909,3.136128148472029,1,
167.100000000,33.51396351996898,29.868008391513243,3.1345815193334587,1,
167.200000000,33.43896536331157,29.868534222274487,3.1330348901948883,1,
167.300000000,33.363968109619094,29.869176046695003,3.131488261056318,1,
167.400000000,33.28947716522248,29.869928758054513,3.1059830083308113,1,
167.500000000,33.232397320488964,29.871962210653958,3.063099062153499,1,
167.600000000,33.19125080047563,29.875198598241074,3.0043726652651928,1,
167.700000000,33.16794558308134,29.87841676392991,2.9278990280991644,1,
167.800000000,33.16496801159352,29.87906291757775,2.830945902973797,1,
167.900000000,33.163495410032105,29.87953568271171,2.73249253228639,1,
168.000000000,33.16207640988274,29.880150906903907,2.6340391615989835,1,
168.100000000,33.160724754501146,29.880902631560947,2.535585790911577,1,
168.200000000,33.15945353499289,29.88178357604978,2.43713242022417,1,
168.300000000,33.158275063422856,29.882785208212404,2.3386790495367635,1,
168.400000000,33.157200753569974,29.883897827001825,2.240225678849357,1,
168.500000000,33.15624101038204,29.885110656439043,2.14177230816195,1,
168.600000000,33.1554051292013,29.886411949980968,2.0433189374745435,1,
168.700000000,33.15470120573685,29.887789104288505,1.944865566787137,1,
168.800000000,33.154136057655755,29.889228781292907,1.8464121960997302,1,
168.900000000,33.15371515855231,29.89071703737816,1.7479588254123233,1,
169.000000000,33.153442584934965,29.892239458428232,1.649505454724917,1,
169.100000000,33.153320976744375,29.89378129943124,1.5510520840375102,1,
169.200000000,33.15335151178495,29.895327627288413,1.452598713350104,1,
169.300000000,33.15353389431751,29.896863465444728,1.3541453426626964,1,
169.400000000,33.15386635792363,29.898373938940416,1.2556919719752901,1,
169.500000000,33.154345682613794,29.89984441847852,1.1572386012878837,1,
169.600000000,33.15496722601376,29.901260662113113,1.0587852306004768,1,
169.700000000,33.15572496832709,29.902608953185975,0.9603318599130702,1,
169.800000000,33.15661157063831,29.903876233175684,0.8618784892256636,1,
169.900000000,33.15761844599204,29.90505022817253,0.7634251185382566,1,
170.000000000,33.15873584255974,29.906119567754267,0.6649717478508503,1,
170.100000000,33.15995293808848,29.907073895111363,0.5665183771634434,1,
170.200000000,33.16125794471705,29.907903967355185,0.4680650064760369,1,
170.300000000,33.16263822314423,29.908601745037583,0.36961163578863016,1,
170.400000000,33.164080405043414,29.90916047001486,0.2711582651012235,1,
170.500000000,33.16557052253809,29.90957473090202,0.17270489441381676,1,
170.600000000,33.167094143484036,29.909840515483317,0.07425152372641007,1,
170.700000000,33.16863651124808,29.90995524957154,-0.024201846960996618,1,
170.800000000,33.170182687629655,29.909917821939604,-0.1226552176484033,1,
170.900000000,33.17171769754081,29.909728595083077,-0.22110858833581007,1,
171.000000000,33.173226674043526,29.90938940170931,-0.3195619590232166,1,
171.100000000,33.17469500233959,29.908903526987224,-0.41801532971062333,1,
171.200000000,33.19037393620012,29.90193903575672,-0.5008591907189198,1,
171.300000000,33.20442623560739,29.8942465453074,-0.5848391555146956,1,
171.400000000,33.21873103962473,29.884775236679324,-0.6676830165229922,1,
171.500000000,33.232203041449374,29.87415270063846,-0.7505268775312885,1,
171.600000000,33.24391896782277,29.86322664933171,-0.8345068423270644,1,
171.700000000,33.25467711316092,29.85135635713532,-0.91848680712284,1,
171.800000000,33.26509129031859,29.837722648203727,-1.0013306681311365,1,
171.900000000,33.27372900668986,29.82423074752836,-1.0853106329269122,1,
172.000000000,33.28120456364746,29.81006185286017,-1.169290597722688,1,
172.100000000,33.28746526979924,29.795315833518476,-1.253270562518464,1,
172.200000000,33.298392863678124,29.762065454693293,-1.3169353259892385,1,
172.300000000,33.309694302167294,29.71850770580661,-1.3591931386780673,1,
172.400000000,33.32397641153121,29.652023331715732,-1.391192030994894,1,
172.500000000,33.33737443015658,29.578229747327153,-1.41055199156938,1,
172.600000000,33.34934138637586,29.504190622812843,-1.4299119521438666,1,
172.700000000,33.35987279501735,29.42993370776767,-1.4492719127183533,1,
172.800000000,33.36896470894735,29.355486833413607,-1.4675409478235222,1,
172.900000000,33.37669510876513,29.28088629106533,-1.4869009083980083,1,
173.000000000,33.3829798865799,29.206150077836273,-1.5051699435031765,1,
173.100000000,33.38789833307297,29.13131152571175,-1.525600025913822,1,
173.200000000,33.391286901722694,29.056388114133618,-1.5449599864883086,1,
173.300000000,33.3932244116756,28.981413144609235,-1.5684863492073762,1,
173.400000000,33.39339765984059,28.906413344709012,-1.5909986165767012,1,
173.500000000,33.39188259116999,28.831428649157697,-1.614524979295769,1,
173.600000000,33.3886039873539,28.756500345046252,-1.625741003731789,1,
173.700000000,33.38448520968878,28.681613525975436,-1.6356834501935371,1,
173.800000000,33.379622089674704,28.606771358290842,-1.6456258966552855,1,
173.900000000,33.374015108038016,28.531981240247575,-1.6555683431170336,1,
174.000000000,33.367664819036854,28.45725056495555,-1.665510789578782,1,
174.100000000,33.36088990553766,28.385934714030146,-1.6938738574408385,1,
174.200000000,33.35232120842939,28.31666628725431,-1.7240774569739614,1,
174.300000000,33.34166458171309,28.247688219543175,-1.7542810565070839,1,
174.400000000,33.32892974623658,28.17906343186759,-1.7844846560402068,1,
174.500000000,33.31412831856494,28.110854522940574,-1.8146882555733297,1,
174.600000000,33.297273800383984,28.043123712115513,-1.8448918551064524,1,
174.700000000,33.27838156618422,27.975932782630395,-1.8750954546395746,1,
174.800000000,33.25746884923641,27.909343025249896,-1.9052990541726975,1,
174.900000000,33.23455472587158,27.843415182356665,-1.9355026537058193,1,
175.000000000,33.209660098079844,27.77820939254285,-1.9657062532389435,1,
175.100000000,33.18280767444381,27.713785135752385,-1.9959098527720653,1,
175.200000000,33.15689183724947,27.65654039136553,-2.0330720347211537,1,
175.300000000,33.128867043253294,27.600298038117543,-2.0702342166702437,1,
175.400000000,33.09877199102001,27.5451357393214,-2.1073963986193323,1,
175.500000000,33.06664823786942,27.49112966687654,-2.1445585805684213,1,
175.600000000,33.032540142491214,27.43835439608547,-2.1817207625175103,1,
175.700000000,32.99649480369143,27.386882802675046,-2.2188829444665994,1,
175.800000000,32.95856199535516,27.336785962164658,-2.2560451264156884,1,
175.900000000,32.918794097715384,27.288133051720248,-2.2932073083647775,1,
176.000000000,32.87724602502271,27.24099125462973,-2.3303694903138665,1,
176.100000000,32.83281241127173,27.1942012675287,-2.3658431474461286,1,
176.200000000,32.78674728791328,27.14901660935963,-2.4013168045783906,1,
176.300000000,32.73910861631492,27.10549413364617,-2.436790461710653,1,
176.400000000,32.68930454324664,27.06313423110778,-2.471408453197204,1,
176.500000000,32.63738708353531,27.02198683890936,-2.505162468355793,1,
176.600000000,32.58411057068734,26.982614974762875,-2.5389164835143823,1,
176.700000000,32.52953569865781,26.945063492094825,-2.5726704986729714,1,
176.800000000,32.47224598090279,26.908429643188533,-2.604669390989798,1,
176.900000000,32.41381354840236,26.87364744259367,-2.636668283306625,1,
177.000000000,32.354298226720076,26.84075250177912,-2.668667175623452,1,
177.100000000,32.29052419534185,26.808122408798774,-2.6970302434855085,1,
177.200000000,32.22668666985443,26.77771237191356,-2.7263195653405683,1,
177.300000000,32.161985962364035,26.749184868448317,-2.755608887195628,1,
177.400000000,32.093867327679,26.72150364963237,-2.7820806731109,1,
177.500000000,32.026782409272656,26.696290065326973,-2.809161249754357,1,
177.600000000,31.96061479247954,26.67344610577703,-2.8343628004398362,1,
177.700000000,31.89706979434217,26.653284814742822,-2.857187902127008,1,
177.800000000,31.83468091966449,26.635046714061755,-2.8794423762720003,1,
177.900000000,31.771901647918604,26.618201446505076,-2.8994389872756288,1,
178.000000000,31.69908986363551,26.600216895648515,-2.9229653499946964,1,
178.100000000,31.64051809806654,26.587203507229905,-2.941423760151892,1,
178.200000000,31.583349505821385,26.575604807368062,-2.95936943669361,1,
178.300000000,31.509591262811966,26.562013575335484,-2.9828957994126775,1,
178.400000000,31.435533708317728,26.550161207541116,-3.006422162131745,1,
178.500000000,31.361217830544863,26.54005426384638,-3.0299485248508127,1,
178.600000000,31.28668476067225,26.531698338082922,-3.0534748875698803,1,
178.700000000,31.21197575008683,26.52509805495663,-3.077001250288948,1,
178.800000000,31.137132147552418,26.520257067488014,-3.099513517658273,1,
178.900000000,31.06219853726848,26.51710206355541,-3.1220257850275983,1,
179.000000000,30.98721289414836,26.515634642054167,3.1376331594329203,1,
179.100000000,30.912213482057368,26.51593160333999,3.1141067967138527,1,
179.200000000,30.837241810486162,26.517992783055437,3.090580433994785,1,
179.300000000,30.762339373572026,26.521817040411293,3.06806816662546,1,
179.400000000,30.687542001647806,26.527326409996817,3.0455558992561347,1,
179.500000000,30.61288760058387,26.5345180997694,3.022029536537067,1,
179.600000000,30.53842303748434,26.543463983873046,2.9985031738179995,1,
179.700000000,30.4641895258201,26.554159111081038,2.9759909064486743,1,
179.800000000,30.390215575440784,26.566522551754193,2.953478639079349,1,
179.900000000,30.31653867492255,26.580548040338424,2.930966371710024,1,
180.000000000,30.243196162302397,26.59622846898571,2.9074400089909562,1,
180.100000000,30.170242815332468,26.613629881741154,2.8839136462718886,1,
180.200000000,30.097719011079608,26.632742647545527,2.860387283552821,1,
180.300000000,30.025664888874132,26.65355618816692,2.837875016183496,1,
180.400000000,29.95409754490523,26.67598641949067,2.816394512687381,1,
180.500000000,29.883028486929085,26.69994866058751,2.7928681499683132,1,
180.600000000,29.812542788415687,26.725576112764386,2.7693417872492456,1,
180.700000000,29.74267946067676,26.752854592143624,2.745815424530178,1,
180.800000000,29.673477170564087,26.781769001063076,2.7222890618111104,1,
180.900000000,29.60497421906877,26.81230333643213,2.698762699092043,1,
181.000000000,29.537208520123013,26.844440698588866,2.675236336372975,1,
181.100000000,29.470217579616126,26.878163300653394,2.6517099736539076,1,
181.200000000,29.404038474636337,26.91345247837227,2.6334409385487394,1,
181.300000000,29.338515076605418,26.949944728378018,2.615171903443571,1,
181.400000000,29.273669253850063,26.987627871442008,2.596902868338403,1,
181.500000000,29.209522648557332,27.026489330877013,2.578633833233235,1,
181.600000000,29.146096669551596,27.066516136734638,2.5603647981280666,1,
181.700000000,29.083412485149392,27.107694930134038,2.5420957630228984,1,
181.800000000,29.02149101609452,27.150011967720413,2.52382672791773,1,
181.900000000,28.960352928575784,27.193453126251825,2.505557692812562,1,
182.000000000,28.900018627329683,27.23800390731282,2.487288657707394,1,
182.100000000,28.840508248830364,27.283649442153237,2.4690196226022256,1,
182.200000000,28.781841654569114,27.330374496650645,2.4529995875291952,1,
182.300000000,28.723931093283568,27.378033356179518,2.436979552456165,1,
182.400000000,28.666791426910564,27.426613789759116,2.4209595173831344,1,
182.500000000,28.610437319547522,27.476103329899583,2.404939482310104,1,
182.600000000,28.554883233689118,27.52648927580156,2.3889194472370736,1,
182.700000000,28.500143426515674,27.577758696615668,2.372899412164043,1,
182.800000000,28.446231946234263,27.62989843476103,2.356879377091013,1,
182.900000000,28.39316262847343,27.682895109301985,2.3408593420179824,1,
183.000000000,28.340949092732465,27.7367351193821,2.324839306944952,1,
183.100000000,28.289604738886162,27.791404647714668,2.3088192718719216,1,
183.200000000,28.23914274374591,27.846889664128696,2.289459311297435,1,
183.300000000,28.18976432572101,27.90334116396137,2.270099350722948,1,
183.400000000,28.141487991663144,27.960737989395653,2.2507393901484614,1,
183.500000000,28.09433183536692,28.0190586283099,2.2313794295739746,1,
183.600000000,28.04831353078839,28.078281222340536,2.212019468999488,1,
183.700000000,28.00345032542092,28.138383575074485,2.192659508425001,1,
183.800000000,27.959759033830885,28.199343160368304,2.1732995478505144,1,
183.900000000,27.917256031355635,28.261137130790903,2.1539395872760276,1,
184.000000000,27.875957247966078,28.32374232618667,2.134579626701541,1,
184.100000000,27.835878162296183,28.387135282355832,2.115219666127054,1,
184.200000000,27.797033795841642,28.45129223984873,2.0958597055525674,1,
184.300000000,27.759438707329878,28.51618915287079,2.0764997449780807,1,
184.400000000,27.723106987263474,28.58180169829479,2.057139784403593,1,
184.500000000,27.688052252639114,28.64810528477709,2.037779823829107,1,
184.600000000,27.660138401520385,28.70347048360853,1.999783761816334,1,
184.700000000,27.64097769094251,28.74536133627646,1.9458486765247682,1,
184.800000000,27.630248390191376,28.77261471196242,1.8751379984849705,1,
184.900000000,27.621471400672068,28.800558026652453,1.8044273204451726,1,
185.000000000,27.614905027398294,28.82815053227665,1.7327903884137792,1,
185.100000000,27.61048188527283,28.85521561980485,1.660214522842622,1,
185.200000000,27.60803293516738,28.882530190871446,1.587638657271464,1,
185.300000000,27.607571070668747,28.909950435771083,1.5150627917003066,1,
185.400000000,27.609098723467962,28.93733198843152,1.4424869261291493,1,
185.500000000,27.612607850557563,28.964530686493013,1.3699110605579914,1,
185.600000000,27.618079976577583,28.991403330315165,1.2973351949868335,1,
185.700000000,27.625486291087295,29.01780843691511,1.2247593294156756,1,
185.800000000,27.634787800250596,29.043606984867587,1.152183463844518,1,
185.900000000,27.64593553213639,29.068663146245054,1.0796075982733604,1,
186.000000000,27.658421596181896,29.092005246836028,1.006079384298249,1,
186.100000000,27.67258867999578,29.114367026540645,0.9325511703231375,1,
186.200000000,27.69861475864744,29.14945112724244,0.876234701453715,1,
186.300000000,27.728483697174852,29.185306730556615,0.8445200675831005,1,
186.400000000,27.760581389286312,29.22144326708447,0.8304779361913246,1,
186.500000000,27.79992856422198,29.26450807408926,0.8323111350417571,1,
186.600000000,27.849425441817424,29.31888138900376,0.8587829209570287,1,
186.700000000,27.894437604840746,29.371037014521395,0.8898894953405467,1,
186.800000000,27.937805871092674,29.424567357089657,0.9209960697240649,1,
186.900000000,27.978948403217043,29.47871015620952,0.9529949620408911,1,
187.000000000,28.01833765966777,29.534141529297308,0.9849938543577177,1,
187.100000000,28.056426646321093,29.591548263997137,1.0161004287412359,1,
187.200000000,28.092241797444547,29.64935332948575,1.0480993210580625,1,
187.300000000,28.12663469354712,29.709047824967755,1.07920589544158,1,
187.400000000,28.15873315999515,29.768996462131774,1.1112047877584066,1,
187.500000000,28.181609269791252,29.815216414108757,1.1596334744131191,1,
187.600000000,28.19578722270063,29.847733578938143,1.224159817183537,1,
187.700000000,28.20122981023021,29.86280075415208,1.3081397819793126,1,
187.800000000,28.201631387736708,29.864294339682555,1.406593152666719,1,
187.900000000,28.201631387736708,29.864294339682555,1.506593152666719,1,
188.000000000,28.201631387736708,29.864294339682555,1.6065931526667192,1,
188.100000000,28.201631387736708,29.864294339682555,1.7065931526667195,1,
188.200000000,28.201631387736708,29.864294339682555,1.8065931526667194,1,
188.300000000,28.201631387736708,29.864294339682555,1.9065931526667195,1,
188.400000000,28.201631387736708,29.864294339682555,2.00659315266672,1,
188.500000000,28.201631387736708,29.864294339682555,2.1065931526667194,1,
188.600000000,28.201631387736708,29.864294339682555,2.2065931526667195,1,
188.700000000,28.201631387736708,29.864294339682555,2.3065931526667196,1,
188.800000000,28.201631387736708,29.864294339682555,2.4065931526667197,1,
188.900000000,28.201631387736708,29.864294339682555,2.50659315266672,1,
189.000000000,28.201631387736708,29.864294339682555,2.60659315266672,1,
189.100000000,28.201631387736708,29.864294339682555,2.70659315266672,1,
189.200000000,28.191459908692718,29.8690208840261,2.7953771280869577,1,
189.300000000,28.179740238126982,29.873248704214344,2.8829181898611895,1,
189.400000000,28.167695810038886,29.876435692407632,2.9704592516354213,1,
189.500000000,28.155418867219613,29.878557440914353,3.058000313409653,1,
189.600000000,28.143003433184813,29.879597700228675,-3.1376439319957012,1,
189.700000000,28.130544592091304,29.879548503478112,-3.0501028702214694,1,
189.800000000,28.11813776053081,29.87841022743818,-2.9625618084472376,1,
189.900000000,28.105877956777718,29.87619158964684,-2.875020746673006,1,
190.000000000,28.093859073087373,29.872909581640844,-2.787479684898774,1,
190.100000000,28.063018030030637,29.861507754917206,-2.7203608586835277,1,
190.200000000,28.018105533766256,29.84138467466226,-2.6695753959631254,1,
190.300000000,27.962881547426026,29.813192483214664,-2.6315793339503526,1,
190.400000000,27.90804059544768,29.782515759734014,-2.594417152001264,1,
190.500000000,27.853659359742746,29.749385313374177,-2.558095604187208,1,
190.600000000,27.800517075970113,29.714301941982214,-2.521774056373152,1,
190.700000000,27.74868384463741,29.677311924377356,-2.485452508559096,1,
190.800000000,27.698228039468354,29.63846405445454,-2.44913096074504,1,
190.900000000,27.649216217210313,29.597809576819923,-2.4128094129309843,1,
191.000000000,27.601713029838628,29.555402119193605,-2.3764878651169283,1,
191.100000000,27.547614796070004,29.50345617514486,-2.3593317262536933,1,
191.200000000,27.4944156716688,29.450589804331788,-2.352035760534627,1,
191.300000000,27.44160367099287,29.397336705036015,-2.3461166901591666,1,
191.400000000,27.389107802460735,29.343771942485837,-2.340197619783706,1,
191.500000000,27.33692990528047,29.289897393338343,-2.3342785494082454,1,
191.600000000,27.28507180751993,29.235714945104085,-2.328359479032785,1,
191.700000000,27.233535326042702,29.181226496080946,-2.3224404086573247,1,
191.800000000,27.18232226644445,29.126433955287638,-2.3165213382818637,1,
191.900000000,27.13143442298967,29.07133924239682,-2.310602267906403,1,
192.000000000,27.080873578548804,29.015944287667836,-2.3046831975309425,1,
192.100000000,27.03064150453579,28.960251031879086,-2.298764127155482,1,
192.200000000,26.980739960846,28.904261426260042,-2.3018110018612297,1,
192.300000000,26.930668055735968,28.84842412404502,-2.3063145024474214,1,
192.400000000,26.880345195918938,28.792812886153428,-2.310818003033613,1,
192.500000000,26.829772402017152,28.73742884046365,-2.315321503619805,1,
192.600000000,26.77895069972188,28.682273110246285,-2.3198250042059967,1,
192.700000000,26.727881119772626,28.62734681414135,-2.3243285047921884,1,
192.800000000,26.67656469793622,28.572651066135602,-2.32883200537838,1,
192.900000000,26.62500247498582,28.518186975539937,-2.333335505964572,1,
193.000000000,26.573195496679777,28.463955646966895,-2.3378390065507637,1,
193.100000000,26.52114481374046,28.40995818030826,-2.3423425071369555,1,
193.200000000,26.46885148183292,28.356195670712744,-2.346846007723147,1,
193.300000000,26.416316561543496,28.30266920856379,-2.351349508309339,1,
193.400000000,26.363541118358288,28.249379879457436,-2.3558530088955307,1,
193.500000000,26.310526222641567,28.196328764180326,-2.357399638034101,1,
193.600000000,26.257429339964276,28.143359706703777,-2.3589462671726715,1,
193.700000000,26.204250597337406,28.090472833733017,-2.360492896311242,1,
193.800000000,26.150990121967766,28.03766827177669,-2.3620395254498123,1,
193.900000000,26.097648041257674,27.98494614714653,-2.3635861545883827,1,
194.000000000,26.04422448280465,27.932306585957093,-2.365132783726953,1,
194.100000000,25.99071957440112,27.87974971412543,-2.3666794128655235,1,
194.200000000,25.937133444034096,27.827275657370798,-2.372598483240984,1,
194.300000000,25.88323765654876,27.775119698062817,-2.3785175536164447,1,
194.400000000,25.82903410019976,27.723283663500744,-2.3844366239919053,1,
194.500000000,25.774524674024505,27.671769369775173,-2.390355694367366,1,
194.600000000,25.719711287776647,27.62057862170442,-2.3962747647428264,1,
194.700000000,25.664595861859173,27.569713212771283,-2.402193835118287,1,
194.800000000,25.60918032725711,27.519174925060206,-2.4081129054937476,1,
194.900000000,25.553466625469888,27.468965529194847,-2.414031975869208,1,
195.000000000,25.497456708443305,27.419086784276043,-2.4199510462446687,1,
195.100000000,25.44115253850115,27.369540437820177,-2.4258701166201293,1,
195.200000000,25.384556088276444,27.320328225697956,-2.445230077194616,1,
195.300000000,25.327017557152292,27.27222087245466,-2.466710580690731,1,
195.400000000,25.268459009299843,27.22536047901401,-2.488191084186846,1,
195.500000000,25.208907463298644,27.17976866649392,-2.509671587682961,1,
195.600000000,25.14839039589192,27.135466470696308,-2.531152091179076,1,
195.700000000,25.086935729308955,27.092474332401302,-2.552632594675191,1,
195.800000000,25.024571818381943,27.050812087935984,-2.574113098171306,1,
195.900000000,24.961327437463225,27.010498960022016,-2.595593601667421,1,
196.000000000,24.897231767148963,26.97155354890639,-2.617074105163536,1,
196.100000000,24.832314380815387,26.93399382377937,-2.6385546086596507,1,
196.200000000,24.769551688708145,26.899458414044034,-2.6669176765217073,1,
196.300000000,24.70583484121723,26.866716798446213,-2.695280744383764,1,
196.400000000,24.641215092792166,26.835795314658753,-2.7236438122458204,1,
196.500000000,24.575744424184748,26.80671883622284,-2.752006880107877,1,
196.600000000,24.509475500635205,26.779510752539473,-2.7803699479699335,1,
196.700000000,24.442461629507772,26.75419295005481,-2.80873301583199,1,
196.800000000,24.374756717409742,26.730785794654498,-2.8370960836940466,1,
196.900000000,24.306415226828456,26.709308115281146,-2.865459151556103,1,
197.000000000,24.237492132321158,26.689777188788163,-2.8938222194181598,1,
197.100000000,24.168042876292922,26.672208726042072,-2.9221852872802163,1,
197.200000000,24.094840880679786,26.65588488341069,-2.9467090147828863,1,
197.300000000,24.021260614943806,26.64136095507767,-2.9712327422855562,1,
197.400000000,23.947346329011065,26.628645675487622,-2.995756469788226,1,
197.500000000,23.873142473681735,26.61774669139442,-3.020280197290896,1,
197.600000000,23.79869367389812,26.608670557262574,-3.044803924793566,1,
197.700000000,23.724044701907975,26.60142273132549,-3.069327652296236,1,
197.800000000,23.649240450339224,26.596007572302977,-3.093851379798906,1,
197.900000000,23.574325905202308,26.592428336779992,-3.118375107301576,1,
198.000000000,23.49934611883635,26.59068717724818,3.1402864723753403,1,
198.100000000,23.42434618281544,26.59078514081141,3.1157627448726704,1,
198.200000000,23.34937120083134,26.592722168556048,3.1020898712866503,1,
198.300000000,23.274429710840018,26.59568410675266,3.0896309332012186,1,
198.400000000,23.19953093882494,26.599579482297237,3.077171995115787,1,
198.500000000,23.124686510807955,26.604407690537393,3.0647130570303553,1,
198.600000000,23.049908044375467,26.61016798202353,3.0522541189449237,1,
198.700000000,22.975207146875118,26.61685946262517,3.039795180859492,1,
198.800000000,22.900595413614052,26.624481093669754,3.0273362427740604,1,
198.900000000,22.82608442605907,26.63303169210385,3.014877304688629,1,
199.000000000,22.7516857500389,26.6425099306768,3.002418366603197,1,
199.100000000,22.677410933948927,26.652914338146743,2.9899594285177655,1,
199.200000000,22.60327150695861,26.66424329950899,2.977500490432334,1,
199.300000000,22.52927897722188,26.676495056246686,2.9650415523469023,1,
199.400000000,22.455444830090833,26.689667706603803,2.9525826142614706,1,
199.500000000,22.381780526332907,26.703759205880313,2.958501684636931,1,
199.600000000,22.308034104911297,26.71741443665487,2.9657976503559973,1,
199.700000000,22.234190019071395,26.730531257400358,2.9730936160750634,1,
199.800000000,22.160252199598848,26.74310896989687,2.9803895817941295,1,
199.900000000,22.086224582268823,26.755146904621707,2.9876855475131956,1,
200.000000000,22.01211110763651,26.766644420785013,2.9949815132322617,1,
200.100000000,21.94615965269504,26.77638351907735,3.005540475908298,1,
200.200000000,21.881760306657593,26.785199653715,3.0158354645174335,1,
200.300000000,21.820580622862458,26.792934255741276,3.025602504992767,1,
200.400000000,21.760983781996398,26.799878070167463,3.0351055714011994,1,
200.500000000,21.70298087162802,26.80607808360098,3.044344663742731,1,
200.600000000,21.646581947047967,26.811580121162148,3.053319782017362,1,
200.700000000,21.59179609068742,26.81642882643691,3.0620309262250918,1,
200.800000000,21.54029286454623,26.820535180232437,3.07021412229902,1,
200.900000000,21.490420182844577,26.824101077018042,3.078133344306047,1,
201.000000000,21.442184138050667,26.82716621873596,3.0857885922461734,1,
201.100000000,21.395590114705684,26.829769056860922,3.0931798661193985,1,
201.200000000,21.347313412094913,26.832108094300207,3.1000587181037416,1,
201.300000000,21.300686991224115,26.834045787402083,3.1067003682955208,1,
201.400000000,21.25571438155543,26.835615621656977,3.1131048166947366,1,
201.500000000,21.212398630764714,26.83684992762171,3.119272063301389,1,
201.600000000,21.169076091506163,26.8378170728895,3.1254393099080415,1,
201.700000000,21.12741486077363,26.83849009960648,3.13136935472213,1,
201.800000000,21.087416951072218,26.838899024437914,3.1370621977436555,1,
201.900000000,21.049084011134624,26.839072691317927,-3.1406674682069693,1,
202.000000000,21.012417360160704,26.839038767858728,-3.135449028770571,1,
202.100000000,20.975751385467504,26.838813503032434,-3.130230589334173,1,
202.200000000,20.937420526457213,26.838377966607148,-3.127213690576024,1,
202.300000000,20.900757650225824,26.837850756130944,-3.124327961329099,1,
202.400000000,20.86576286631424,26.83724652192017,-3.121573401593398,1,
202.500000000,20.832436212265335,26.836579258092314,-3.1189500113689204,1,
202.600000000,20.799111423387718,26.835824567842405,-3.116326621144443,1,
202.700000000,20.76745486374629,26.835024561938255,-3.1138344004311898,1,
202.800000000,20.73746642081346,26.834191921280908,-3.1114733492291604,1,
202.900000000,20.707480027372213,26.833288478760917,-3.109112298027131,1,
203.000000000,20.679161638182887,26.832368363822702,-3.1068824163363256,1,
203.100000000,20.650845371144072,26.831385104566827,-3.10465253464552,1,
203.200000000,20.624196896707048,26.830400258746213,-3.1033949665702263,1,
203.300000000,20.599215132780756,26.82944554877396,-3.1022159964996385,1,
203.400000000,20.574234511790642,26.828461386720065,-3.1010370264290508,1,
203.500000000,20.54758977223692,26.82738019976797,-3.099779458353757,1,
203.600000000,20.520946413418056,26.826265506105806,-3.0985218902784633,1,
203.700000000,20.49430447746992,26.825117307496434,-3.0972643222031695,1,
203.800000000,20.467664006526128,26.823935605755707,-3.0960067541278757,1,
203.900000000,20.442689977955986,26.822796352940163,-3.094827784057288,1,
204.000000000,20.412722776273302,26.82139391816114,-3.0934130199725827,1,
204.100000000,20.384422321338093,26.820029356605904,-3.0920768538925834,1,
204.200000000,20.35612371494617,26.818626982172088,-3.091186443022373,1,
204.300000000,20.32782636846153,26.81719941091078,-3.0902960321521626,1,
204.400000000,20.301194778680518,26.81583210083363,-3.089457998391965,1,
204.500000000,20.27456434410307,26.814442473067903,-3.0886199646317674,1,
204.600000000,20.249599412223706,26.813118775119428,-3.087834307981582,1,
204.700000000,20.224635528021214,26.811775463716746,-3.0870486513313966,1,
204.800000000,20.201336894979143,26.810503401290877,-3.0863153717912235,1,
204.900000000,20.178039200978162,26.80921425479761,-3.0855820922510504,1,
205.000000000,20.154742458545417,26.807908024930114,-3.0848488127108773,1,
205.100000000,20.129782696040547,26.80649019006651,-3.084063156060692,1,
205.200000000,20.10648796456159,26.805148575454265,-3.083329876520519,1,
205.300000000,20.08319422312387,26.803789879654257,-3.0825965969803457,1,
205.400000000,20.05823771719015,26.802315833664398,-3.0818109403301603,1,
205.500000000,20.033282377052625,26.800822180886637,-3.0814182089475177,1,
205.600000000,20.009991275551183,26.79941895770625,-3.081051659657051,1,
205.700000000,19.986700689964866,26.798007197283592,-3.0806851103665847,1,
205.800000000,19.9617470472414,26.796485449988683,-3.080292378983942,1,
205.900000000,19.936794004080234,26.794953902732775,-3.0798996476012994,1,
206.000000000,19.91184156433008,26.793412555752088,-3.079506916218657,1,
206.100000000,19.888553187338914,26.79196481904887,-3.0791403669281903,1,
206.200000000,19.863601925096248,26.790404526609056,-3.0787476355455476,1,
206.300000000,19.83865127755359,26.7888344351461,-3.078354904162905,1,
206.400000000,19.813701248559276,26.787254544902172,-3.0779621727802624,1,
206.500000000,19.787088548188365,26.78555887686887,-3.0775432593054433,1,
206.600000000,19.76047656049073,26.78385206056589,-3.077124345830624,1,
206.700000000,19.73386529013647,26.782134096292765,-3.076705432355805,1,
206.800000000,19.707254741795563,26.780404984350973,-3.076286518880986,1,
206.900000000,19.682308033991454,26.778773491250643,-3.075893787498343,1,
207.000000000,19.655698897840285,26.77702278156605,-3.075474874023524,1,
207.100000000,19.630753522446053,26.77537104113823,-3.0750821426408814,1,
207.200000000,19.604145816013858,26.77359873486414,-3.076339710716175,1,
207.300000000,19.57919902146293,26.77196856872729,-3.0779125773957143,1,
207.400000000,19.547596539676892,26.769953395598026,-3.0799048751897975,1,
207.500000000,19.51599010578759,26.768001187981227,-3.0818971729838807,1,
207.600000000,19.486043543171935,26.76621138701282,-3.083784612999328,1,
207.700000000,19.457757538391697,26.76457440462133,-3.085567195236139,1,
207.800000000,19.424476505575647,26.762707866165233,-3.087664350808858,1,
207.900000000,19.39119163152693,26.76091112726598,-3.0897615063815773,1,
208.000000000,19.359567491079037,26.759270542397758,-3.0917538041756605,1,
208.100000000,19.32627554769241,26.75760993508333,-3.093325764269778,1,
208.200000000,19.294645760664633,26.75608207698943,-3.094819126359189,1,
208.300000000,19.26301372726161,26.754601455306474,-3.0963124884486004,1,
208.400000000,19.231379518026895,26.753168073336447,-3.0978058505380117,1,
208.500000000,19.19807813432372,26.751708979588578,-3.099377810632129,1,
208.600000000,19.166439679938897,26.750372573244185,-3.1008711727215403,1,
208.700000000,19.133133980103402,26.74901556566163,-3.1024431328156576,1,
208.800000000,19.10149157784949,26.747776147500005,-3.103936494905069,1,
208.900000000,19.069847359979505,26.746583984266792,-3.1054298569944803,1,
209.000000000,19.038201397064164,26.74543907862067,-3.1069232190838916,1,
209.100000000,19.008219424803656,26.744399203931017,-3.108337983168597,1,
209.200000000,18.984898992134273,26.743623404628902,-3.10907126270877,1,
209.300000000,18.95991221147991,26.742810513165765,-3.1098569193589554,1,
209.400000000,18.936590627323405,26.742070136994137,-3.1105901988991285,1,
209.500000000,18.91160264076359,26.74129519977956,-3.111375855549314,1,
209.600000000,18.88827995892675,26.740590248446587,-3.112109135089487,1,
209.700000000,18.86329082411293,26.73985326726848,-3.1128947917396723,1,
209.800000000,18.839967098405065,26.739183742400602,-3.1136280712798454,1,
209.900000000,18.814976872991345,26.738484718959302,-3.114413727930031,1,
210.000000000,18.79165215722418,26.737850622101227,-3.115147007470204,1,
210.100000000,18.768326982757642,26.73723362894895,-3.115880287010377,1,
210.200000000,18.74333524637479,26.736590890611744,-3.1162730183930196,1,
210.300000000,18.718343259495768,26.735957967363035,-3.1166657497756622,1,
210.400000000,18.693351025975286,26.735334859300448,-3.117058481158305,1,
210.500000000,18.6650262194938,26.734639794149373,-3.1175035767253,1,
210.600000000,18.638367289567988,26.73399748089117,-3.1179224902001192,1,
210.700000000,18.61170809290767,26.73336633547397,-3.1183414036749384,1,
210.800000000,18.58671485036101,26.732785106600122,-3.118734135057581,1,
210.900000000,18.56172138147499,26.732213693401548,-3.1191268664402236,1,
211.000000000,18.535061444013188,26.731614656137367,-3.119545779915043,1,
211.100000000,18.508401257945867,26.731026787132464,-3.119964693389862,1,
211.200000000,18.481740827951583,26.730450086490002,-3.120383606864681,1,
211.300000000,18.456746450536603,26.72991990007236,-3.1207763382473237,1,
211.400000000,18.43175186682832,26.729399529771754,-3.1211690696299663,1,
211.500000000,18.408423399758284,26.728923012608664,-3.121535618920433,1,
211.600000000,18.381762096707003,26.7283881942107,-3.121954532395252,1,
211.700000000,18.35676691724963,26.727897272736712,-3.1223472637778946,1,
211.800000000,18.33010518889759,26.72738409402205,-3.1227661772527138,1,
211.900000000,18.30344324790749,26.726882084309356,-3.123185090727533,1,
212.000000000,18.2767810989582,26.72639124368673,-3.123604004202352,1,
212.100000000,18.25178514374296,26.725941551705713,-3.1239967355849947,1,
212.200000000,18.225122605187522,26.72547235143847,-3.124415649059814,1,
212.300000000,18.200126293215398,26.72504294744185,-3.1248083804424565,1,
212.400000000,18.175129814530543,26.724623360314258,-3.125201111825099,1,
212.500000000,18.148466730218885,26.72418627210748,-3.1256200252999182,1,
212.600000000,18.123469919211765,26.723786973379244,-3.126012756682561,1,
212.700000000,18.098472953315238,26.723397491713698,-3.1264054880652035,1,
212.800000000,18.07180936192275,26.722992516201394,-3.1268244015400226,1,
212.900000000,18.045145603220146,26.72259871046202,-3.1272433150148418,1,
213.000000000,18.018481681886605,26.72221607456468,-3.127662228489661,1,
213.100000000,17.991817602601344,26.72184460857653,-3.12808114196448,1,
213.200000000,17.9651533700436,26.72148431256275,-3.128500055439299,1,
213.300000000,17.938488988892633,26.721135186586576,-3.1289189689141184,1,
213.400000000,17.911824463827745,26.72079723070927,-3.1293378823889375,1,
213.500000000,17.886826341046966,26.720490869097585,-3.12973061377158,1,
213.600000000,17.860161550464817,26.720174555453863,-3.1301495272463993,1,
213.700000000,17.833496629714304,26.719869412077646,-3.1305684407212184,1,
213.800000000,17.806831583474818,26.719575439022485,-3.1309873541960376,1,
213.900000000,17.780166416425764,26.71929263633997,-3.1314062676708567,1,
214.000000000,17.753501133246576,26.719021004079725,-3.131825181145676,1,
214.100000000,17.726835738616703,26.718760542289424,-3.132244094620495,1,
214.200000000,17.700170237215612,26.71851125101477,-3.132244094620495,1,
214.300000000,17.67350473581452,26.71826195974012,-3.132244094620495,1,
214.400000000,17.648505828251,26.718028249170132,-3.132244094620495,1,
214.500000000,17.62350692068748,26.717794538600145,-3.132244094620495,1,
214.600000000,17.59684141928639,26.717545247325493,-3.132244094620495,1,
214.700000000,17.56850932404773,26.717280375346174,-3.132244094620495,1,
214.800000000,17.54184382264664,26.71703108407152,-3.132244094620495,1,
214.900000000,17.51517832124555,26.71678179279687,-3.132244094620495,1,
215.000000000,17.48851281984446,26.716532501522217,-3.132244094620495,1,
215.100000000,17.46184731844337,26.716283210247564,-3.132244094620495,1,
215.200000000,17.436848410879847,26.716049499677577,-3.132244094620495,1,
215.300000000,17.413516097153895,26.715831369812257,-3.132244094620495,1,
215.400000000,17.386850595752804,26.715582078537604,-3.132244094620495,1,
215.500000000,17.361851688189283,26.715348367967618,-3.132244094620495,1,
215.600000000,17.335186186788192,26.715099076692965,-3.132244094620495,1,
215.700000000,17.3085206853871,26.714849785418313,-3.132244094620495,1,
215.800000000,17.28185518398601,26.71460049414366,-3.132244094620495,1,
215.900000000,17.25518968258492,26.714351202869008,-3.132244094620495,1,
216.000000000,17.22852418118383,26.714101911594355,-3.132244094620495,1,
216.100000000,17.203525273620308,26.71386820102437,-3.132244094620495,1,
216.200000000,17.176859772219217,26.713618909749716,-3.132244094620495,1,
216.300000000,17.150194270818126,26.713369618475063,-3.132244094620495,1,
216.400000000,17.125195363254605,26.713135907905077,-3.132244094620495,1,
216.500000000,17.100196455691083,26.71290219733509,-3.132244094620495,1,
216.600000000,17.073530954289993,26.712652906060438,-3.132244094620495,1,
216.700000000,17.046865452888902,26.712403614785785,-3.132244094620495,1,
216.800000000,17.02186654532538,26.7121699042158,-3.132244094620495,1,
216.900000000,16.99520104392429,26.711920612941146,-3.132244094620495,1,
217.000000000,16.97020213636077,26.71168690237116,-3.132244094620495,1,
217.100000000,16.943536634959678,26.711437611096507,-3.132244094620495,1,
217.200000000,16.918537727396156,26.71120390052652,-3.132244094620495,1,
217.300000000,16.893538819832635,26.710970189956534,-3.132244094620495,1,
217.400000000,16.866873318431544,26.71072089868188,-3.132244094620495,1,
217.500000000,16.841874410868023,26.710487188111895,-3.132244094620495,1,
217.600000000,16.8168755033045,26.710253477541908,-3.132244094620495,1,
217.700000000,16.79021000190341,26.710004186267255,-3.132244094620495,1,
217.800000000,16.76354450050232,26.709754894992603,-3.132244094620495,1,
217.900000000,16.73687899910123,26.70950560371795,-3.132244094620495,1,
218.000000000,16.71021349770014,26.709256312443298,-3.132244094620495,1,
218.100000000,16.683547996299048,26.709007021168645,-3.132244094620495,1,
218.200000000,16.656882494897957,26.708757729893993,-3.132244094620495,1,
218.300000000,16.630216993496866,26.70850843861934,-3.132244094620495,1,
218.400000000,16.603551492095775,26.708259147344688,-3.132244094620495,1,
218.500000000,16.578552584532254,26.7080254367747,-3.132244094620495,1,
218.600000000,16.553553676968733,26.707791726204714,-3.132244094620495,1,
218.700000000,16.52855476940521,26.707558015634728,-3.132244094620495,1,
218.800000000,16.50188926800412,26.707308724360075,-3.132244094620495,1,
218.900000000,16.47522376660303,26.707059433085423,-3.132244094620495,1,
219.000000000,16.45022485903951,26.706825722515436,-3.132244094620495,1,
219.100000000,16.423559357638418,26.706576431240784,-3.132244094620495,1,
219.200000000,16.398560450074896,26.706342720670797,-3.132244094620495,1,
219.300000000,16.371894948673805,26.706093429396145,-3.132244094620495,1,
219.400000000,16.346896041110284,26.705859718826158,-3.132244094620495,1,
219.500000000,16.321897133546763,26.70562600825617,-3.132244094620495,1,
219.600000000,16.295231632145672,26.70537671698152,-3.132244094620495,1,
219.700000000,16.27023272458215,26.705143006411532,-3.132244094620495,1,
219.800000000,16.24523381701863,26.704909295841546,-3.132244094620495,1,
219.900000000,16.21856831561754,26.704660004566893,-3.132244094620495,1,
220.000000000,16.191902814216448,26.70441071329224,-3.132244094620495,1,
220.100000000,16.165237312815357,26.704161422017588,-3.132244094620495,1,
220.200000000,16.138571811414266,26.703912130742935,-3.13392181907867,1,
220.300000000,16.113572546931938,26.70372036176084,-3.135889361747028,1,
220.400000000,16.0869063139646,26.703568274802873,-3.1379880739266097,1,
220.500000000,16.06190647637686,26.703478160506435,-3.1399556165949676,1,
220.600000000,16.035239845442053,26.703434506206072,3.141130978405037,1,
220.700000000,16.01023984810635,26.703446048085283,3.139163435736679,1,
220.800000000,15.985239921870058,26.70350677847188,3.1371958930683213,1,
220.900000000,15.960240163513458,26.703616697130766,3.1352283503999634,1,
221.000000000,15.933574036903035,26.7037864107368,3.1331296382203817,1,
221.100000000,15.906908325199058,26.70401208845269,3.1310309260408,1,
221.200000000,15.831912508288504,26.704804203291925,3.11981490160478,1,
221.300000000,15.756930292728658,26.70643740558705,3.10859887716876,1,
221.400000000,15.681971111123678,26.70891148988467,3.09738285273274,1,
221.500000000,15.6070443931801,26.712226144950215,3.08616682829672,1,
221.600000000,15.5321595645206,26.716380953807082,3.0749508038607,1,
221.700000000,15.457326045498265,26.721375393789106,3.06373477942468,1,
221.800000000,15.382553250011547,26.727208836606298,3.05251875498866,1,
221.900000000,15.30785058432,26.733880548423883,3.04130273055264,1,
222.000000000,15.233227445860999,26.741389689954627,3.0353836601771795,1,
222.100000000,15.158650061501357,26.749340396971885,3.0241676357411595,1,
222.200000000,15.091117236585825,26.757307090455807,2.992168743424333,1,
222.300000000,15.02299149015995,26.767563150473716,2.961062169040815,1,
222.400000000,14.957822096513228,26.77945771390947,2.927308153882226,1,
222.500000000,14.89393545336791,26.793361089933853,2.8926901623956747,1,
222.600000000,14.830568298271839,26.809467321407517,2.8580721709091232,1,
222.700000000,14.76779656317816,26.82775710846428,2.823454179422572,1,
222.800000000,14.705695466556769,26.848208534714622,2.7888361879360204,1,
222.900000000,14.644339423261096,26.870797093507782,2.754218196449469,1,
223.000000000,14.583801955357858,26.895495717297724,2.7196002049629175,1,
223.100000000,14.524155604026618,26.922274810077784,2.684982213476366,1,
223.200000000,14.465471842634733,26.95110228284515,2.6503642219898147,1,
223.300000000,14.40782099109184,26.98194359205264,2.6157462305032633,1,
223.400000000,14.360488168192749,27.00941324465017,2.5704726221020677,1,
223.500000000,14.314447071529544,27.038996945491597,2.525199013700872,1,
223.600000000,14.269792055402306,27.07063406723334,2.4799254052996766,1,
223.700000000,14.226614633547607,27.104259774354635,2.434651796898481,1,
223.800000000,14.185003291594885,27.1398051560282,2.3893781884972856,1,
223.900000000,14.14504330572846,27.1771973673426,2.34410458009609,1,
224.000000000,14.10681656792682,27.216359778586934,2.2988309716948945,1,
224.100000000,14.070401418137337,27.257212132291894,2.253557363293699,1,
224.200000000,14.03587248373033,27.299670707705374,2.2082837548925034,1,
224.300000000,14.003300526561501,27.34364849236556,2.163010146491308,1,
224.400000000,13.972752297956156,27.389055360419867,2.1177365380901123,1,
224.500000000,13.94429040191241,27.435798257324326,2.0724629296889168,1,
224.600000000,13.917973166803709,27.483781390544856,2.0271893212877212,1,
224.700000000,13.893854525843608,27.532906425869662,1.9819157128865263,1,
224.800000000,13.871983906557768,27.583072688930404,1.93664210448533,1,
224.900000000,13.852406129489667,27.63417737151916,1.891368496084135,1,
225.000000000,13.834660267654614,27.687624813590055,1.8476849650447358,1,
225.100000000,13.819483077396706,27.741030141101913,1.8032050164745863,1,
225.200000000,13.806512148867666,27.79583251047847,1.7595214854351855,1,
225.300000000,13.795946793960278,27.851149035603164,1.715837954395786,1,
225.400000000,13.78780717081651,27.906874175452856,1.6721544233563854,1,
225.500000000,13.782108809409598,27.962901609388975,1.628470892316985,1,
225.600000000,13.778862581913666,28.01912444001173,1.584787361277585,1,
225.700000000,13.778074681960193,28.07543539711471,1.5411038302381845,1,
225.800000000,13.779746612820887,28.131727042350814,1.4974202991987837,1,
225.900000000,13.783875184539522,28.187891974218967,1.4537367681593834,1,
226.000000000,13.79045252001821,28.243823032980544,1.4100532371199828,1,
226.100000000,13.799466070046485,28.299413505114515,1.3663697060805826,1,
226.200000000,13.812393162194137,28.361766015580443,1.3300481582665267,1,
226.300000000,13.827778131944832,28.424431409775764,1.2945745011342649,1,
226.400000000,13.845375927152073,28.486511732968616,1.2591008440020033,1,
226.500000000,13.865164405418271,28.54792887269193,1.2236271868697413,1,
226.600000000,13.887409797209548,28.609410167256254,1.1890091953831905,1,
226.700000000,13.911769794685018,28.670084688764444,1.154391203896639,1,
226.800000000,13.938215207609078,28.729879731807564,1.1197732124100879,1,
226.900000000,13.966714346822698,28.788723644843113,1.0851552209235362,1,
227.000000000,13.997233062216093,28.846545916054037,1.0505372294369855,1,
227.100000000,14.029734783650303,28.903277257842028,1.015919237950434,1,
227.200000000,14.069247696198657,28.967024647921512,0.993406970581109,1,
227.300000000,14.110185573628868,29.029866434906836,0.9719264670849941,1,
227.400000000,14.152463776227133,29.09181442587555,0.9504459635888788,1,
227.500000000,14.196062797072225,29.15284003837841,0.9289654600927637,1,
227.600000000,14.24096251982492,29.212915115546327,0.9074849565966486,1,
227.700000000,14.287142228009566,29.272011939081782,0.8860044531005336,1,
227.800000000,14.33458061457254,29.330103242047905,0.8645239496044185,1,
227.900000000,14.383255791713204,29.387162221449266,0.8430434461083034,1,
228.000000000,14.43314530098281,29.443162550598636,0.8215629426121883,1,
228.100000000,14.484226123646703,29.498078391263967,0.8000824391160731,1,
228.200000000,14.536474691305031,29.55188440559,0.778601935619958,1,
228.300000000,14.589866896767068,29.60455576778901,0.7571214321238429,1,
228.400000000,14.644378105174141,29.65606817559529,0.7356409286277279,1,
228.500000000,14.689124981584758,29.696569817464056,0.6959954308837544,1,
228.600000000,14.723259599724935,29.72508812171428,0.6404753795447414,1,
228.700000000,14.745248593567922,29.74147614474771,0.5678995139735838,1,
228.800000000,14.749045191544477,29.74389840873247,0.4724030147238263,1,
228.900000000,14.750422430028566,29.7446021674898,0.37394964403641967,1,
229.000000000,14.751862174612098,29.745167143387302,0.275496273349013,1,
229.100000000,14.753350481024537,29.74558786449833,0.17704290266160633,1,
229.200000000,14.754872934662423,29.745860256038323,0.07858953197419966,1,
229.300000000,14.756414790198251,29.74598167983009,-0.019863838713207047,1,
229.400000000,14.757961114392499,29.74595095985518,-0.11831720940061373,1,
229.500000000,14.759496930725614,29.745768393643885,-0.2167705800880204,1,
229.600000000,14.761007364449197,29.745435749393618,-0.3152239507754272,1,
229.700000000,14.762477786651488,29.74495624884348,-0.4136773214628338,1,
229.800000000,14.763893955941876,29.744334536070944,-0.5121306921502405,1,
229.900000000,14.765242156382179,29.74357663251287,-0.6105840628376471,1,
230.000000000,14.766509330328773,29.74268987864643,-0.709037433525054,1,
230.100000000,14.767683204899004,29.741682862894844,-0.8074908042124606,1,
230.200000000,14.768752410836983,29.740565338446448,-0.9059441748998672,1,
230.300000000,14.769706592627553,29.739348128792724,-1.004397545587274,1,
230.400000000,14.770536508791926,29.738043022900204,-1.1028509162746805,1,
230.500000000,14.771234121393615,29.736662661031513,-1.201304286962087,1,
230.600000000,14.771792673887774,29.735220412321393,-1.2997576576494938,1,
230.700000000,14.772206756559944,29.733730245293447,-1.3982110283369005,1,
230.800000000,14.77247235892044,29.73220659257164,-1.4966643990243074,1,
230.900000000,14.772586908546895,29.73066421109689,-1.5951177697117136,1,
231.000000000,14.772549295998786,29.729118039202564,-1.693571140399121,1,
231.100000000,14.772359885562635,29.727583051933156,-1.7920245110865274,1,
231.200000000,14.766763317920294,29.70269939559223,-1.8665192582497374,1,
231.300000000,14.754265586143005,29.661676968213847,-1.9236353119808627,1,
231.400000000,14.736715994670336,29.614020121150855,-1.9728498491706936,1,
231.500000000,14.716535678748915,29.566561136654034,-2.021278535825406,1,
231.600000000,14.694081545047391,29.520134719175708,-2.0697072224801185,1,
231.700000000,14.66940624580004,29.474849733063184,-2.118135909134831,1,
231.800000000,14.642567641606348,29.430812366144938,-2.1665645957895436,1,
231.900000000,14.613628665754879,29.38812588073297,-2.214993282444256,1,
232.000000000,14.582657176652312,29.34689037148515,-2.2634219690989688,1,
232.100000000,14.54972579870366,29.307202530695292,-2.3118506557536813,1,
232.200000000,14.503820554410401,29.25703422204815,-2.343849548070508,1,
232.300000000,14.451446259614455,29.20335058166649,-2.3575224216565283,1,
232.400000000,14.398342873604665,29.150388044016797,-2.36998135974196,1,
232.500000000,14.344583769125286,29.098091211554635,-2.3824402978273915,1,
232.600000000,14.2901772908328,29.04646820195805,-2.394899235912823,1,
232.700000000,14.235131883871075,28.995527028312186,-2.407358173998255,1,
232.800000000,14.179456092560493,28.94527559786548,-2.4198171120836864,1,
232.900000000,14.12315855907166,28.895721710802263,-2.432276050169118,1,
233.000000000,14.066248022083958,28.84687305903201,-2.4447349882545497,1,
233.100000000,14.008733315429083,28.79873722499536,-2.438815917879089,1,
233.200000000,13.951504534022012,28.750261802576762,-2.431519952160023,1,
233.300000000,13.894630947666567,28.701370134829897,-2.424223986440957,1,
233.400000000,13.83811558379378,28.65206482430125,-2.416928020721891,1,
233.500000000,13.78196145076618,28.60234849555587,-2.4096320550028247,1,
233.600000000,13.726171537717669,28.55222379503767,-2.4023360892837586,1,
233.700000000,13.67074881439439,28.501693390928548,-2.3950401235646925,1,
233.800000000,13.615696230996658,28.450759973006363,-2.3877441578456264,1,
233.900000000,13.561016718021916,28.39942625250176,-2.3804481921265603,1,
234.000000000,13.506713186108737,28.347694961953827,-2.3731522264074942,1,
234.100000000,13.452788525881891,28.295568855064676,-2.365856260688428,1,
234.200000000,13.399245607798479,28.243050706552825,-2.358560294969362,1,
234.300000000,13.346087281995128,28.190143312005514,-2.3512643292502964,1,
234.400000000,13.293316378136282,28.136849487729897,-2.349717700111726,1,
234.500000000,13.240627963141721,28.083474110210286,-2.348171070973156,1,
234.600000000,13.188022163045359,28.030017307123853,-2.346624441834586,1,
234.700000000,13.135499103683491,27.976479206342542,-2.345077812696016,1,
234.800000000,13.08305891069449,27.92285993593277,-2.343531183557446,1,
234.900000000,13.030701709518507,27.869159624155113,-2.341984554418876,1,
235.000000000,12.978427625397172,27.815378399464002,-2.3404379252803063,1,
235.100000000,12.926236783373296,27.76151639050742,-2.3388912961417363,1,
235.200000000,12.874129308290568,27.70757372612659,-2.3488337426034844,1,
235.300000000,12.821488095440435,27.654151795146262,-2.3600497670395044,1,
235.400000000,12.76825102454632,27.601323637099487,-2.3712657914755244,1,
235.500000000,12.714424792719166,27.549095897656834,-2.3824818159115444,1,
235.600000000,12.660016171185115,27.497475146957484,-2.3936978403475644,1,
235.700000000,12.605032004433701,27.446467878782716,-2.4049138647835844,1,
235.800000000,12.54947920935683,27.396080509739004,-2.4161298892196044,1,
235.900000000,12.49336477437865,27.346319378450826,-2.4273459136556244,1,
236.000000000,12.436695758576418,27.297190744763267,-2.4385619380916443,1,
236.100000000,12.379479290792489,27.248700788954558,-2.4497779625276643,1,
236.200000000,12.322855975804622,27.201794515746442,-2.476249748442936,1,
236.300000000,12.265760168790997,27.156991333933675,-2.5036738827637377,1,
236.400000000,12.207457296359607,27.113770605742978,-2.531098017084539,1,
236.500000000,12.147991204369927,27.072164834718276,-2.5585221514053407,1,
236.600000000,12.08740661346443,27.032205309897545,-2.585946285726142,1,
236.700000000,12.025749085437045,26.993922082282342,-2.6133704200469436,1,
236.800000000,11.963064988969059,26.95734394223836,-2.640794554367745,1,
236.900000000,11.899401464758183,26.92249839784404,-2.6682186886885466,1,
237.000000000,11.834806390067065,26.889411654203517,-2.695642823009348,1,
237.100000000,11.771011117515513,26.858913077125386,-2.724932144864408,1,
237.200000000,11.706350051927197,26.83029583405935,-2.7542214667194678,1,
237.300000000,11.641536680427388,26.803852935677597,-2.7832164160487847,1,
237.400000000,11.579105507140241,26.780469329316844,-2.8108306535052767,1,
237.500000000,11.519205147761822,26.759900954139223,-2.8347623258878665,1,
237.600000000,11.46041857834846,26.741275245175917,-2.858064217418283,1,
237.700000000,11.402814117074259,26.72449054853555,-2.880736328096526,1,
237.800000000,11.346454230787163,26.709445915090914,-2.9027786579225956,1,
237.900000000,11.293015174347943,26.696435640424877,-2.921609366814512,1,
238.000000000,11.240967115867141,26.68479759708317,-2.9398694481642496,1,
238.100000000,11.187082363252076,26.673777913076208,-2.9558484252652355,1,
238.200000000,11.134666412307535,26.6639284191286,-2.971343190938919,1,
238.300000000,11.078819002185492,26.654327487206565,-2.987806379467208,1,
238.400000000,11.024468102389177,26.645902542617378,-3.0028526768186925,1,
238.500000000,10.969996595317346,26.63829630061995,-3.017898974170177,1,
238.600000000,10.917070745409415,26.63171611399892,-3.0324893231170718,1,
238.700000000,10.870681552525712,26.626634720353838,-3.0444712865866137,1,
238.800000000,10.825893618351824,26.622271126372333,-3.0560253227893863,1,
238.900000000,10.78105825764307,26.618425293547592,-3.0668288669351775,1,
239.000000000,10.737845976423216,26.615188546792886,-3.07723227981631,1,
239.100000000,10.69626557700762,26.612508715538745,-3.0872355614327835,1,
239.200000000,10.652996246271423,26.610154401324525,-3.0962094633474493,1,
239.300000000,10.609707530681675,26.60818847142555,-3.105183365262115,1,
239.400000000,10.566402916294884,26.60661108415889,-3.113449640681913,1,
239.500000000,10.526418755832905,26.60548551223727,-3.1178656817894588,1,
239.600000000,10.48809621223619,26.604576063655784,-3.1227083079576343,1,
239.700000000,10.451436083381244,26.60388367880386,-3.127340385161976,1,
239.800000000,10.416439638046292,26.60338486629635,-3.131761913402484,1,
239.900000000,10.383107915424198,26.60305718023495,-3.135972892679158,1,
240.000000000,10.349775108451357,26.602869855857268,-3.140183871955832,1,
240.100000000,10.318108473208559,26.602825244453616,3.139001004910914,1,
240.200000000,10.286441912888678,26.602907313236575,3.13550497236744,1,
240.300000000,10.251442561434272,26.603120380763308,3.1327504126317387,1,
240.400000000,10.218110531179535,26.603415118287856,3.1301270224072613,1,
240.500000000,10.18477938883384,26.60379729762022,3.127503632182784,1,
240.600000000,10.151449363787853,26.60426691613017,3.1248802419583064,1,
240.700000000,10.119787119342712,26.604796117862943,3.1223880212450528,1,
240.800000000,10.086459932785514,26.605436232925094,3.1202908656723336,1,
240.900000000,10.054800450478174,26.606110738528475,3.1182985678782504,1,
241.000000000,10.023142374818157,26.606848317868252,3.116805205788839,1,
241.100000000,9.993151590609807,26.607591865155403,3.114917765773392,1,
241.200000000,9.964828336965336,26.60834756401655,3.113135183536581,1,
241.300000000,9.936506475415484,26.609153750179143,3.111799017456581,1,
241.400000000,9.909851643350073,26.609948129607282,3.110121292998406,1,
241.500000000,9.834888782029754,26.61230809203718,3.107074418292658,1,
241.600000000,9.759933459164692,26.614896445605428,3.1040275435869105,1,
241.700000000,9.684986370598002,26.617713166283206,3.1009806688811627,1,
241.800000000,9.610048212096356,26.620758227921662,3.097933794175415,1,
241.900000000,9.535119679343522,26.624031602252156,3.0948869194696673,1,
242.000000000,9.460201467933912,26.627533258886515,3.0918400447639196,1,
242.100000000,9.385294273366117,26.631263165317332,3.090293415625349,1,
242.200000000,9.31039293716929,26.635108920890683,3.088746786486779,1,
242.300000000,9.235497638512012,26.63907051640729,3.0872001573482084,1,
242.400000000,9.160608556548421,26.643147942390772,3.085653528209638,1,
242.500000000,9.085725870417788,26.647341189087676,3.0841068990710676,1,
242.600000000,9.01084975924408,26.651650246467497,3.082560269932497,1,
242.700000000,8.93598040213554,26.65607510422271,3.082560269932497,1,
242.800000000,8.861111045027,26.660499961977926,3.081013640793927,1,
242.900000000,8.786248621075712,26.665040609524,3.081013640793927,1,
243.000000000,8.711386197124424,26.66958125707007,3.081013640793927,1,
243.100000000,8.636523773173137,26.674121904616143,3.081013640793927,1,
243.200000000,8.561661349221849,26.678662552162216,3.081013640793927,1,
243.300000000,8.486798925270561,26.683203199708288,3.081013640793927,1,
243.400000000,8.411936501319273,26.68774384725436,3.081013640793927,1,
243.500000000,8.337074077367985,26.692284494800433,3.081013640793927,1,
243.600000000,8.262211653416697,26.696825142346505,3.081013640793927,1,
243.700000000,8.18734922946541,26.701365789892577,3.081013640793927,1,
243.800000000,8.112486805514122,26.70590643743865,3.081013640793927,1,
243.900000000,8.037624381562834,26.71044708498472,3.081013640793927,1,
244.000000000,7.962761957611546,26.714987732530794,3.081013640793927,1,
244.100000000,7.887899533660258,26.719528380076866,3.081013640793927,1,
244.200000000,7.81303710970897,26.72406902762294,3.081013640793927,1,
244.300000000,7.7381746857576825,26.72860967516901,3.081013640793927,1,
244.400000000,7.663312261806395,26.733150322715083,3.081013640793927,1,
244.500000000,7.588449837855107,26.737690970261156,3.081013640793927,1,
244.600000000,7.513587413903819,26.742231617807228,3.081013640793927,1,
244.700000000,7.438724989952531,26.7467722653533,3.081013640793927,1,
244.800000000,7.363862566001243,26.751312912899373,3.081013640793927,1,
244.900000000,7.2890001420499555,26.755853560445445,3.081013640793927,1,
245.000000000,7.214137718098668,26.760394207991517,3.081013640793927,1,
245.100000000,7.13927529414738,26.76493485553759,3.081013640793927,1,
245.200000000,7.082712573828629,26.768365567016843,3.084578805267549,1,
245.300000000,7.027801940536664,26.771499630110544,3.0880391119625354,1,
245.400000000,6.974545068441811,26.77435445394346,3.0913945608788858,1,
245.500000000,6.922943484193492,26.776946932970954,3.0946451520166,1,
245.600000000,6.872998575771177,26.77929344584896,3.0977908853756784,1,
245.700000000,6.824711601068565,26.781409854406018,3.1008317609561207,1,
245.800000000,6.778083696209978,26.783311502711122,3.1037677787579274,1,
245.900000000,6.733115883598116,26.785013216231224,3.106598938781098,1,
246.000000000,6.68980907969236,26.786529301072562,3.109325241025633,1,
246.100000000,6.646498303429877,26.78792731298915,3.1120515432701676,1,
246.200000000,6.604849816216064,26.789158013566855,3.1146729877360664,1,
246.300000000,6.564864308709039,26.790234670153506,3.117189574423329,1,
246.400000000,6.5265423887561855,26.79117002867917,3.119601303331956,1,
246.500000000,6.451560523756029,26.79281924700865,3.116554428626208,1,
246.600000000,6.376584031754469,26.794696917677303,3.1135075539204604,1,
246.700000000,6.301613608791141,26.796803023253883,3.1104606792147127,1,
246.800000000,6.226649950849341,26.79913754418649,3.107413804508965,1,
246.900000000,6.15169375384956,26.801700458802742,3.1043669298032173,1,
247.000000000,6.07674571364303,26.804491743309978,3.1013200550974696,1,
247.100000000,6.0018065260052555,26.80751137179548,3.098273180391722,1,
247.200000000,5.926876886629561,26.81075931622672,3.076792676895607,1,
247.300000000,5.852034295424283,26.815615913974074,3.0532663141765393,1,
247.400000000,5.777326663107327,26.82223177926854,3.0297399514574717,1,
247.500000000,5.702795337679695,26.830603250465433,3.006213588738404,1,
247.600000000,5.628481569562834,26.840725694255024,2.9826872260193364,1,
247.700000000,5.554426488768006,26.85259350822692,2.959160863300269,1,
247.800000000,5.4806710821322975,26.86620012397079,2.9356345005812012,1,
247.900000000,5.407256170633871,26.88153801071174,2.9121081378621336,1,
248.000000000,5.334222386799016,26.898598679478344,2.888581775143066,1,
248.100000000,5.2616101522135015,26.917372687800974,2.8650554124239984,1,
248.200000000,5.195334220178962,26.93618239077914,2.8339488380404805,1,
248.300000000,5.129675361553031,26.957044278927476,2.8028422636569625,1,
248.400000000,5.064697103970062,26.979938167514938,2.7717356892734446,1,
248.500000000,5.00046231655503,27.004841905766842,2.7406291148899267,1,
248.600000000,4.937033149095079,27.03173139829666,2.7095225405064087,1,
248.700000000,4.874470971907057,27.060580628419288,2.678415966122891,1,
248.800000000,4.812836316459221,27.091361683323242,2.647309391739373,1,
248.900000000,4.7521888168045665,27.12404478107747,2.6162028173558554,1,
249.000000000,4.692587151882434,27.158598299446567,2.585096242972337,1,
249.100000000,4.634088988744236,27.194988806486595,2.553989668588819,1,
249.200000000,4.571668596515659,27.236566380177596,2.532509165092704,1,
249.300000000,4.510155643030205,27.279475080385087,2.512079082682059,1,
249.400000000,4.4495320937910305,27.323631453397883,2.491649000271414,1,
249.500000000,4.389823251476206,27.36901706950501,2.4712189178607686,1,
249.600000000,4.3310540369891415,27.41561298594168,2.4507888354501235,1,
249.700000000,4.273248979057258,27.463399754795535,2.4303587530394783,1,
249.800000000,4.21643220399434,27.512357431123664,2.409928670628833,1,
249.900000000,4.160627425630844,27.56246558127712,2.389498588218188,1,
250.000000000,4.105857935416371,27.613703291429378,2.369068505807543,1,
250.100000000,4.052146592698424,27.666049176305222,2.349708545233056,1,
250.200000000,3.999458666351176,27.71942503617864,2.3303485846585694,1,
250.300000000,3.9478139036179978,27.773810865971278,2.3109886240840827,1,
250.400000000,3.8972316607683277,27.82918628207172,2.291628663509596,1,
250.500000000,3.847730895843012,27.8855305299752,2.272268702935109,1,
250.600000000,3.7993301615489004,27.94282249206231,2.2529087423606224,1,
250.700000000,3.7520475983053583,28.00104069551381,2.2335487817861357,1,
250.800000000,3.705900927445304,28.06016332035857,2.214188821211649,1,
250.900000000,3.660907444573317,28.12016820765159,2.194828860637162,1,
251.000000000,3.61708401308331,28.18103286777913,2.1754689000626755,1,
251.100000000,3.574447057838187,28.2427344888877,2.1561089394881887,1,
251.200000000,3.5332916909266796,28.304828797369797,2.130603686762682,1,
251.300000000,3.4942465200977173,28.36713347537576,2.10413190084741,1,
251.400000000,3.456864152504567,28.43044979917634,2.077660114932139,1,
251.500000000,3.42117078251533,28.494733402103535,2.051188329016867,1,
251.600000000,3.387191420992945,28.559939239702793,2.0247165431015945,1,
251.700000000,3.354949877769717,28.626021621296335,1.9982447571863229,1,
251.800000000,3.3244687449634185,28.692934241999268,1.9717729712710512,1,
251.900000000,3.2957693811466675,28.760630215166092,1.9453011853557802,1,
252.000000000,3.268871896380663,28.82906210524486,1.9188293994405077,1,
252.100000000,3.2437951381237733,28.89818196101594,1.8923576135252376,1,
252.200000000,3.220556678024849,28.96794134919216,1.8658858276099641,1,
252.300000000,3.1991727996105124,29.038291388356686,1.8394140416946931,1,
252.400000000,3.1796584868750544,29.109182783214965,1.812942255779421,1,
252.500000000,3.1661545579002115,29.163856255561548,1.76925872474002,1,
252.600000000,3.1581769852054986,29.203524012800273,1.70972071468676,1,
252.700000000,3.155059532648422,29.22581938624241,1.6322329821729527,1,
252.800000000,3.1537406723807657,29.24725936392782,1.5537134857880102,1,
252.900000000,3.154089659258076,29.267686465543438,1.4741435683197883,1,
253.000000000,3.156061210117432,29.288021195919427,1.3945736508515665,1,
253.100000000,3.1615145661713515,29.318646020555775,1.3256802253376436,1,
253.200000000,3.1692797040359744,29.34968843911386,1.257679117755847,1,
253.300000000,3.1791361875865722,29.3801314818003,1.1896780101740507,1,
253.400000000,3.191038456519038,29.409834429638032,1.1216769025922544,1,
253.500000000,3.2049314941543146,29.438659984641475,1.053675795010458,1,
253.600000000,3.220751081745788,29.4664749044585,0.9856746874286618,1,
253.700000000,3.238424095322031,29.49315061826574,0.9176735798468654,1,
253.800000000,3.2578688436927834,29.518563821070384,0.8496724722650689,1,
253.900000000,3.2789954460557773,29.542597043671353,0.7816713646832728,1,
254.000000000,3.3017062474589727,29.565139195645298,0.7136702571014765,1,
254.100000000,3.3258962701977812,29.586086078847522,0.6456691495196801,1,
254.200000000,3.3514536990607544,29.60534086905427,0.5776680419378837,1,
254.300000000,3.3782603981807515,29.622814563520002,0.5096669343560872,1,
254.400000000,3.4061924571025117,29.638426392380936,0.44166582677429106,1,
254.500000000,3.4351207635425016,29.65210419200316,0.37366471919249455,1,
254.600000000,3.4455628360918493,29.65619837424727,0.2848807437722567,1,
254.700000000,3.4470471287816022,29.656633043594844,0.18642737308485005,1,
254.800000000,3.4485669591672097,29.656919710351826,0.08797400239744332,1,
254.900000000,3.4501076073279933,29.65705559808213,-0.010479368289963346,1,
255.000000000,3.4516541517181447,29.657039390680602,-0.10893273897737005,1,
255.100000000,3.4531916136854646,29.6568712451198,-0.2073861096647767,1,
255.200000000,3.45470510254319,29.65655278992968,-0.3058394803521834,1,
255.300000000,3.456179959789857,29.656087109424906,-0.40429285103959006,1,
255.400000000,3.457601901080391,29.655478713832508,-0.5027462217269967,1,
255.500000000,3.458957154573405,29.65473349560927,-0.6011995924144036,1,
255.600000000,3.4602325943147765,29.653858672371868,-0.6996529631018101,1,
255.700000000,3.461415867365651,29.652862716992523,-0.798106333789217,1,
255.800000000,3.462495513443608,29.65175527553722,-0.8965597044766235,1,
255.900000000,3.4634610759182385,29.650547073841242,-0.9950130751640304,1,
256.000000000,3.464303203086108,29.649249813626902,-1.093466445851437,1,
256.100000000,3.465013738744242,29.64787605916955,-1.1919198165388436,1,
256.200000000,3.4733405062366622,29.626960344252364,-1.2694075490526502,1,
256.300000000,3.4806202931473016,29.603542019830975,-1.344883821436937,1,
256.400000000,3.4861135044951483,29.579641437301305,-1.4203600938212233,1,
256.500000000,3.489788862133251,29.555394685716777,-1.4958363662055094,1,
256.600000000,3.4916254387080037,29.53093982520491,-1.5713126385897955,1,
256.700000000,3.4916127768187435,29.506416100857937,-1.6467889109740819,1,
256.800000000,3.48975094856181,29.48196314987628,-1.7222651833583682,1,
256.900000000,3.4860505551200327,29.45772020647937,-1.797741455742655,1,
257.000000000,3.480532666399979,29.433825309111043,-1.8732177281269407,1,
257.100000000,3.473228701060666,29.410414514453624,-1.9486940005112272,1,
257.200000000,3.4577022702124833,29.37130285601932,-2.0066132224722564,1,
257.300000000,3.433251608134083,29.318797604785225,-2.048694000419231,1,
257.400000000,3.4031815460635464,29.260740749855536,-2.0833119919057834,1,
257.500000000,3.3706964208124974,29.203006469353983,-2.1170660070643716,1,
257.600000000,3.336281405749222,29.146401370239126,-2.150820022222961,1,
257.700000000,3.2999757073319893,29.090989938475946,-2.18457403738155,1,
257.800000000,3.2618206859335137,29.0368353001733,-2.218328052540139,1,
257.900000000,3.2218598087221655,28.98399914966905,-2.252082067698728,1,
258.000000000,3.1801386001430725,28.9325416792463,-2.285836082857317,1,
258.100000000,3.130965042464594,28.87591164105771,-2.2995089564433373,1,
258.200000000,3.081021809922536,28.81995921909717,-2.3081453591356436,1,
258.300000000,3.030597218297554,28.764440208303988,-2.31678176182795,1,
258.400000000,2.9796950286080515,28.70935874967394,-2.325418164520256,1,
258.500000000,2.928319037495032,28.654718951567112,-2.3340545672125623,1,
258.600000000,2.8764730769389217,28.600524889401463,-2.3426909699048686,1,
258.700000000,2.8241610139737507,28.54678060534885,-2.351327372597175,1,
258.800000000,2.771386750398724,28.493490108033534,-2.359963775289481,1,
258.900000000,2.718154222487198,28.440657372233193,-2.3686001779817873,1,
259.000000000,2.6644674006930864,28.38828633858245,-2.3772365806740936,1,
259.100000000,2.610330289354714,28.336380913278955,-2.3858729833664,1,
259.200000000,2.555746926396146,28.284944967792036,-2.38432635422783,1,
259.300000000,2.5012431810212954,28.233424663638107,-2.381279479522082,1,
259.400000000,2.4468966643062027,28.181738532800754,-2.3782326048163345,1,
259.500000000,2.3927078807734024,28.12988705510498,-2.3751857301105868,1,
259.600000000,2.338677333481122,28.07787071191078,-2.372138855404839,1,
259.700000000,2.2848055240186134,28.025689986108667,-2.3690919806990913,1,
259.800000000,2.2310929525014958,27.97334536211519,-2.3660451059933436,1,
259.900000000,2.1775401175671116,27.920837325868433,-2.362998231287596,1,
260.000000000,2.1241475163698995,27.868166364823512,-2.359951356581848,1,
260.100000000,2.070915644576778,27.815332967948045,-2.3569044818761005,1,
260.200000000,2.0178449963625438,27.76233762571761,-2.3538576071703528,1,
260.300000000,1.9649360644052847,27.709180830111194,-2.350810732464605,1,
260.400000000,1.9121893398818055,27.655863074606632,-2.3477638577588573,1,
260.500000000,1.8596053124630685,27.602384854176016,-2.3462172286202874,1,
260.600000000,1.8071040588774596,27.548825369750382,-2.3446705994817174,1,
260.700000000,1.7546857047111912,27.495184749447297,-2.3431239703431475,1,
260.800000000,1.7023503753521756,27.44146312157841,-2.3415773412045775,1,
260.900000000,1.650098195989724,27.38766061464914,-2.3400307120660075,1,
261.000000000,1.5979292916142485,27.333777357358375,-2.3384840829274376,1,
261.100000000,1.5458437870169615,27.27981347859817,-2.3369374537888676,1,
261.200000000,1.4938418067895785,27.225769107453427,-2.3369374537888676,1,
261.300000000,1.4418398265621954,27.171724736308683,-2.338484082927438,1,
261.400000000,1.3897543219649084,27.11776085754848,-2.3400307120660084,1,
261.500000000,1.3375854175894326,27.063877600257715,-2.341577341204579,1,
261.600000000,1.285333238226981,27.010075093328446,-2.3431239703431492,1,
261.700000000,1.2329979088679652,26.956353465459557,-2.3446705994817196,1,
261.800000000,1.1805795547016968,26.902712845156472,-2.34621722862029,1,
261.900000000,1.1280783011160878,26.84915336073084,-2.3477638577588604,1,
262.000000000,1.0754942736973505,26.795675140300222,-2.349310486897431,1,
262.100000000,1.0228275982296975,26.7422783117878,-2.3508571160360012,1,
262.200000000,0.9700784006950406,26.688963002922055,-2.3508571160360012,1,
262.300000000,0.9173292031603837,26.63564769405631,-2.3508571160360012,1,
262.400000000,0.8645800056257268,26.582332385190565,-2.3508571160360012,1,
262.500000000,0.8118308080910699,26.52901707632482,-2.3508571160360012,1,
262.600000000,0.759081610556413,26.475701767459075,-2.3508571160360012,1,
262.700000000,0.7063324130217561,26.42238645859333,-2.3508571160360012,1,
262.800000000,0.6535832154870992,26.369071149727585,-2.3508571160360012,1,
262.900000000,0.6008340179524423,26.31575584086184,-2.3508571160360012,1,
263.000000000,0.5480848204177854,26.262440531996095,-2.3508571160360012,1,
263.100000000,0.4953356228831285,26.20912522313035,-2.3508571160360012,1,
263.200000000,0.4425864253484716,26.155809914264605,-2.3508571160360012,1,
263.300000000,0.3898372278138147,26.10249460539886,-2.3508571160360012,1,
263.400000000,0.3370880302791578,26.049179296533115,-2.3508571160360012,1,
263.500000000,0.2843388327445009,25.99586398766737,-2.3508571160360012,1,
263.600000000,0.23158963520984402,25.942548678801625,-2.3508571160360012,1,
263.700000000,0.17884043767518715,25.88923336993588,-2.3508571160360012,1,
263.800000000,0.12609124014053028,25.835918061070135,-2.3508571160360012,1,
263.900000000,0.0733420426058734,25.78260275220439,-2.3508571160360012,1,
264.000000000,0.020592845071216524,25.729287443338645,-2.3508571160360012,1,
264.100000000,-0.032156352463440355,25.6759721344729,-2.3508571160360012,1,
264.200000000,-0.08490554999809724,25.622656825607155,-2.3508571160360012,1,
264.300000000,-0.1376547475327541,25.56934151674141,-2.3508571160360012,1,
264.400000000,-0.19040394506741098,25.516026207875665,-2.3508571160360012,1,
264.500000000,-0.24315314260206786,25.46271089900992,-2.3508571160360012,1,
264.600000000,-0.29590234013672473,25.409395590144175,-2.3508571160360012,1,
264.700000000,-0.34865153767138163,25.35608028127843,-2.3508571160360012,1,
264.800000000,-0.40140073520603853,25.302764972412685,-2.3508571160360012,1,
264.900000000,-0.45414993274069543,25.24944966354694,-2.3508571160360012,1,
265.000000000,-0.5068991302753523,25.196134354681195,-2.3508571160360012,1,
265.100000000,-0.5596483278100092,25.14281904581545,-2.3508571160360012,1,
265.200000000,-0.6123975253446661,25.089503736949705,-2.3449380456605406,1,
265.300000000,-0.6648302236150173,25.035877137653365,-2.33901897528508,1,
265.400000000,-0.7169445856261781,24.981941126749984,-2.3330999049096195,1,
265.500000000,-0.7687387855362675,24.927697593903442,-2.328596404323428,1,
265.600000000,-0.8202881752585333,24.873221356705358,-2.324092903737237,1,
265.700000000,-0.8715917092948912,24.818513520014623,-2.3195894031510456,1,
265.800000000,-0.9226483471335748,24.763575193387307,-2.3150859025648542,1,
265.900000000,-0.9734570532702391,24.708407491054167,-2.310582401978663,1,
266.000000000,-1.0240167972289616,24.65301153189803,-2.3061023157104295,1,
266.100000000,-1.0743278559461238,24.597389617414994,-2.3021724154751366,1,
266.200000000,-1.1244199381467126,24.54157041551449,-2.2979281232210207,1,
266.300000000,-1.1742746568732096,24.485539111579083,-2.2942340169998454,1,
266.400000000,-1.223922050313179,24.429324021748887,-2.2903827147692586,1,
266.500000000,-1.2717548917113741,24.374741281227177,-2.262958580448457,1,
266.600000000,-1.3071879729949827,24.331998178139983,-2.218478631878309,1,
266.700000000,-1.3311076758686475,24.300381516184235,-2.158124129715876,1,
266.800000000,-1.343010852110323,24.28250062048754,-2.0796046333309337,1,
266.900000000,-1.3490800601137645,24.271619910220075,-1.9920635715567037,1,
267.000000000,-1.3536664858447236,24.26138448612587,-1.9032795961364648,1,
267.100000000,-1.3573272987420058,24.250782710033867,-1.814495620716227,1,
267.200000000,-1.364833136503202,24.220595272650737,-1.745602195202304,1,
267.300000000,-1.3703982868449813,24.189084033105694,-1.6776010876205079,1,
267.400000000,-1.373809426963108,24.157267477052496,-1.6095999800387115,1,
267.500000000,-1.3750507893092128,24.125292672353837,-1.5415988724569152,1,
267.600000000,-1.3741166358484573,24.09330741835604,-1.4735977648751193,1,
267.700000000,-1.3710112845828488,24.061459562705952,-1.4055966572933225,1,
267.800000000,-1.3657490895918412,24.029896317944548,-1.337595549711526,1,
267.900000000,-1.358354374682483,23.998763581036254,-1.2695944421297298,1,
268.000000000,-1.3488613209558062,23.96820525897934,-1.2015933345479335,1,
268.100000000,-1.337313808809163,23.93836260361466,-1.1335922269661372,1,
268.200000000,-1.3168087053274362,23.894489167106848,-1.082020913710683,1,
268.300000000,-1.2888529278355103,23.84192255073296,-1.0415589238569558,1,
268.400000000,-1.2587936618565712,23.790529796564837,-1.001096934003228,1,
268.500000000,-1.226680112884238,23.740395031934103,-0.9606349441495005,1,
268.600000000,-1.192564849169184,23.691600324907316,-0.9201729542957726,1,
268.700000000,-1.1565037156675777,23.644225549944718,-0.8797109644420452,1,
268.800000000,-1.1185557426257215,23.598348257149784,-0.8392489745883176,1,
268.900000000,-1.0787830489505335,23.554043545323644,-0.79878698473459,1,
269.000000000,-1.0366811749297857,23.510798913905237,-0.7591414869906167,1,
269.100000000,-0.9928983778594035,23.469256975779214,-0.719495989246643,1,
269.200000000,-0.9440094097702292,23.426421607224995,-0.7017140014676158,1,
269.300000000,-0.8905478285701435,23.381234669559486,-0.7050151176652618,1,
269.400000000,-0.8334276969514046,23.33263126881573,-0.7295388451679317,1,
269.500000000,-0.7775165579574512,23.28264182456598,-0.7540625726706015,1,
269.600000000,-0.7228480356006843,23.231296399615672,-0.7785863001732714,1,
269.700000000,-0.6694550066048971,23.17862587223408,-0.8031100276759413,1,
269.800000000,-0.6173695806337698,23.124661917584646,-0.8266363903950088,1,
269.900000000,-0.566568026830219,23.06948762890645,-0.849148657764334,1,
270.000000000,-0.5170213390770957,23.013183759299697,-0.872675020483402,1,
270.100000000,-0.46881286555109114,22.955729924960355,-0.8951872878527274,1,
270.200000000,-0.42190991442075015,22.897205458493204,-0.9187136505717948,1,
270.300000000,-0.37639668365875845,22.83759383357318,-0.9412259179411198,1,
270.400000000,-0.3322368649992661,22.776972794189476,-0.9647522806601875,1,
270.500000000,-0.2895153277801997,22.715329706518272,-0.9872645480295127,1,
270.600000000,-0.248192224245106,22.65274056117958,-1.01079091074858,1,
270.700000000,-0.20835291524365482,22.589196643624184,-1.0343172734676482,1,
270.800000000,-0.17001945040768973,22.52473312313647,-1.0578436361867154,1,
270.900000000,-0.13321304593819677,22.45938567796814,-1.081369998905783,1,
271.000000000,-0.09795407286289654,22.393190475591567,-1.103882266275108,1,
271.100000000,-0.0641941122970503,22.326218354058852,-1.1263945336444336,1,
271.200000000,-0.031950273139753446,22.25850325355388,-1.149920896363501,1,
271.300000000,-0.0013082999482791832,22.190048381711673,-1.1724331637328265,1,
271.400000000,0.02778496465071484,22.12092109364847,-1.1949454311021512,1,
271.500000000,0.055314776749948016,22.051156421745127,-1.2164259345982666,1,
271.600000000,0.08133977276258621,21.98081653560261,-1.239952297317334,1,
271.700000000,0.10570287780032703,21.909883897748657,-1.2603823797279794,1,
271.800000000,0.12861183974912227,21.83846835698596,-1.2764024148010098,1,
271.900000000,0.15037383153331388,21.76669499344777,-1.2989146821703348,1,
272.000000000,0.17051466436474677,21.694449946192915,-1.308857128632083,1,
272.100000000,0.18858872766407309,21.627034326682413,-1.3390607281652054,1,
272.200000000,0.20581375816751055,21.55403913283956,-1.3490031746269544,1,
272.300000000,0.22231219846173153,21.480876290714214,-1.3562991403460205,1,
272.400000000,0.23827641079037717,21.407595024863205,-1.3635951060650868,1,
272.500000000,0.2537055453643824,21.334199236112777,-1.3708910717841531,1,
272.600000000,0.2677470224696311,21.264896733095785,-1.4001803936392132,1,
272.700000000,0.2769046267061536,21.21174476493094,-1.4462453082573463,1,
272.800000000,0.28193118906623904,21.17159621201443,-1.505783318310609,1,
272.900000000,0.28445345535454464,21.13285455504988,-1.5669596423951595,1,
273.000000000,0.28460240918083224,21.094031164879194,-1.6281359664797106,1,
273.100000000,0.2823774932528973,21.055271294385324,-1.689312290564262,1,
273.200000000,0.2769308370684994,21.00952951585077,-1.7432473758558285,1,
273.300000000,0.26902621032991303,20.96414787591545,-1.7971824611473943,1,
273.400000000,0.2586866019706523,20.91925835747214,-1.8511175464389586,1,
273.500000000,0.24594208255280628,20.874991512182426,-1.9050526317305243,1,
273.600000000,0.2308297168131748,20.83147608079485,-1.9589877170220908,1,
273.700000000,0.21339345586832784,20.788838618729685,-2.012922802313656,1,
273.800000000,0.19368400939208716,20.747203128019287,-2.066857887605222,1,
273.900000000,0.1717586981371749,20.706690696674443,-2.1207929728967865,1,
274.000000000,0.14768128722993856,20.667419146525518,-2.174728058188352,1,
274.100000000,0.12152180072297986,20.629502690562603,-2.2286631434799173,1,
274.200000000,0.08361071679721065,20.58043907836887,-2.2666592054926906,1,
274.300000000,0.0422462377406877,20.5309150559528,-2.3021328626249526,1,
274.400000000,-0.001420116811010251,20.482252375000986,-2.336750854111504,1,
274.500000000,-0.04674457680144729,20.43513018952718,-2.3713688455980555,1,
274.600000000,-0.09367283058025734,20.389604965370406,-2.405986837084607,1,
274.700000000,-0.1421486446939792,20.345731254753858,-2.440604828571159,1,
274.800000000,-0.19211393126979742,20.30356163091573,-2.4752228200577098,1,
274.900000000,-0.24350881762140708,20.263146625111478,-2.509840811544261,1,
275.000000000,-0.29627171799359514,20.224534666062922,-2.5444588030308126,1,
275.100000000,-0.3503394073595677,20.187772021926826,-2.579076794517364,1,
275.200000000,-0.4117324963589212,20.149066145083605,-2.6065009288381655,1,
275.300000000,-0.4749830734864522,20.11157264218612,-2.6329727147534374,1,
275.400000000,-0.5392038943818163,20.075766435601015,-2.6594445006687093,1,
275.500000000,-0.6043499585827489,20.041672615257475,-2.685916286583981,1,
275.600000000,-0.6703756172955584,20.009315071190763,-2.712388072499253,1,
275.700000000,-0.737234605381899,19.978716476802127,-2.738859858414525,1,
275.800000000,-0.8048800737774254,19.949898272971225,-2.765331644329797,1,
275.900000000,-0.8732646223196131,19.922880653032177,-2.7918034302450687,1,
276.000000000,-0.9423403329617406,19.897682548623816,-2.8182752161603406,1,
276.100000000,-1.012058803349761,19.874321616424,-2.8447470020756125,1,
276.200000000,-1.0823711807385352,19.852814225777337,-2.8712187879908844,1,
276.300000000,-1.1532281962236595,19.833175447224928,-2.8976905739061563,1,
276.400000000,-1.2245801992649028,19.815419041944242,-2.924162359821428,1,
276.500000000,-1.2963771924770624,19.799557452106438,-2.9506341457367,1,
276.600000000,-1.368568866663857,19.78560179215797,-2.977105931651972,1,
276.700000000,-1.4425565566030591,19.7733208419724,-3.0006322943710395,1,
276.800000000,-1.5168126712093322,19.762783790981725,-3.024158657090107,1,
276.900000000,-1.5912961123805691,19.753996471066593,-3.0466709244594323,1,
277.000000000,-1.6659584859499916,19.74688802728613,-3.0691831918287575,1,
277.100000000,-1.7407619544618025,19.741462062063007,-3.0906636953248725,1,
277.200000000,-1.815664709529064,19.737644041196923,-3.1055231067481066,1,
277.300000000,-1.8906159268604608,19.73493941173215,-3.1191959803341267,1,
277.400000000,-1.9655971172352555,19.733259801664666,-3.132868853920147,1,
277.500000000,-2.04059426332783,19.732605524988436,3.1366435796734193,1,
277.600000000,-2.115593344829731,19.732976704016924,3.1229707060873992,1,
277.700000000,-2.190580341070692,19.73437326936023,3.109297832501379,1,
277.800000000,-2.265541233639719,19.736794959938063,3.095624958915359,1,
277.900000000,-2.340462009005759,19.740241323028542,3.081952085329339,1,
278.000000000,-2.4153286611374503,19.74471171435284,3.068279211743319,1,
278.100000000,-2.490127194121476,19.750205298195613,3.0546063381572988,1,
278.200000000,-2.564843624779024,19.756721047561253,3.0409334645712787,1,
278.300000000,-2.639463985279864,19.764257744365864,3.028474526485847,1,
278.400000000,-2.7139846575681106,19.77272352263533,3.0160155884004154,1,
278.500000000,-2.788394074311737,19.78211706828505,3.0047995639643954,1,
278.600000000,-2.8626934547531593,19.792344583429053,2.9923406258789638,1,
278.700000000,-2.93685964802197,19.803496972232058,2.9823981794172156,1,
278.800000000,-3.010911295371968,19.815386191077362,2.9724557329554675,1,
278.900000000,-3.0848410766921157,19.828011064698714,2.9638193302631612,1,
279.000000000,-3.1586590687752962,19.841273946919692,2.955182927570855,1,
279.100000000,-3.2323597657598295,19.85517384850186,2.9465465248785487,1,
279.200000000,-3.305937670532725,19.86970973269343,2.9379101221862425,1,
279.300000000,-3.379387295139693,19.88488051530658,2.9306141564671764,1,
279.400000000,-3.4527242803247034,19.900586775331604,2.924695086091716,1,
279.500000000,-3.5259670149028035,19.91672684446163,2.920191585505524,1,
279.600000000,-3.5991363201801674,19.93319659750252,2.9156880849193323,1,
279.700000000,-3.672230712174756,19.949995700423255,2.9111845843331405,1,
279.800000000,-3.745248708423882,19.96712381251311,2.906681083746949,1,
279.900000000,-3.8181888280142773,19.984580586388564,2.903634209041201,1,
280.000000000,-3.891075420516654,20.002259518296135,2.9005873343354533,1,
280.100000000,-3.9639078092928273,20.02016044411455,2.8975404596297056,1,
280.200000000,-4.0366853182078115,20.038283197661663,2.894493584923958,1,
280.300000000,-4.109407271636093,20.056627610696015,2.89144671021821,1,
280.400000000,-4.182072994467905,20.07519351291838,2.8883998355124625,1,
280.500000000,-4.254681812115494,20.093980731973343,2.8853529608067148,1,
280.600000000,-4.327233050519381,20.11298909345092,2.8838063316681444,1,
280.700000000,-4.39975480327575,20.132109642008537,2.8807594569623967,1,
280.800000000,-4.472217961580888,20.151451066166143,2.8792128278238263,1,
280.900000000,-4.544651119219615,20.17090454077824,2.8761659531180785,1,
281.000000000,-4.61702466843594,20.190578619507168,2.873119078412331,1,
281.100000000,-4.6893379373544875,20.210473119709835,2.8715724492737604,1,
281.200000000,-4.7616203503827075,20.2304794378823,2.87002582013519,1,
281.300000000,-4.833871734616644,20.250597526168217,2.8684791909966196,1,
281.400000000,-4.906091917226563,20.270827336443894,2.865432316290872,1,
281.500000000,-4.978250127008815,20.291277098325647,2.8638856871523015,1,
281.600000000,-5.050376622302646,20.311838437694202,2.860838812446554,1,
281.700000000,-5.122440135077635,20.3326194416769,2.8592921833079834,1,
281.800000000,-5.194471421168983,20.353511876289133,2.857745554169413,1,
281.900000000,-5.266470308273444,20.374515691554915,2.8561989250308426,1,
282.000000000,-5.338436624165272,20.39563083723184,2.854652295892272,1,
282.100000000,-5.410370196696634,20.416857262811178,2.8487332255168116,1,
282.200000000,-5.482176869147964,20.43850909394546,2.8502798546553816,1,
282.300000000,-5.554016943055901,20.460049840935806,2.8518264837939515,1,
282.400000000,-5.62589024657459,20.481479452255435,2.8533731129325215,1,
282.500000000,-5.69779660777869,20.502797876643402,2.8549197420710914,1,
282.600000000,-5.769735854663782,20.524005063104735,2.8564663712096614,1,
282.700000000,-5.841707815146785,20.545100960910542,2.8580130003482314,1,
282.800000000,-5.913712317066364,20.566085519598143,2.8595596294868013,1,
282.900000000,-5.985749188183341,20.58695868897119,2.8611062586253713,1,
283.000000000,-6.057818256181112,20.60772041909979,2.8626528877639412,1,
283.100000000,-6.1299193486660535,20.628370660320602,2.864199516902511,1,
283.200000000,-6.20205229316794,20.648909363236996,2.865746146041081,1,
283.300000000,-6.274216917140351,20.66933647871913,2.867292775179651,1,
283.400000000,-6.346413047961089,20.6896519579041,2.868839404318221,1,
283.500000000,-6.418153937952146,20.709719645234276,2.8943446570437277,1,
283.600000000,-6.473533070209365,20.723698032648915,2.93722860322104,1,
283.700000000,-6.513947779751896,20.732074282789313,2.9959550001093462,1,
283.800000000,-6.537225082359879,20.73548850766358,3.0724286372753746,1,
283.900000000,-6.544503604475309,20.735992723742058,-3.1180526357784872,1,
284.000000000,-6.550421035111502,20.735853401584226,-3.023971706313447,1,
284.100000000,-6.551956978186279,20.73567190474784,-2.92551833562604,1,
284.200000000,-6.553467643151322,20.73534031223591,-2.827064964938634,1,
284.300000000,-6.554938398855241,20.7348618356012,-2.7286115942512277,1,
284.400000000,-6.556355000677385,20.734241109004323,-2.6301582235638215,1,
284.500000000,-6.557703728490395,20.733484144330784,-2.5317048528764152,1,
284.600000000,-6.5589715195429195,20.732598272964438,-2.433251482189009,1,
284.700000000,-6.560146094975483,20.73159207478128,-2.3347981115016028,1,
284.800000000,-6.56121607874418,20.730475295051296,-2.2363447408141965,1,
284.900000000,-6.562171107800376,20.729258750053198,-2.1378913701267903,1,
285.000000000,-6.563001932459312,20.727954222316168,-2.039437999439384,1,
285.100000000,-6.5637005059855165,20.726574346503256,-1.9409846287519779,1,
285.200000000,-6.5729280765222375,20.702796838974955,-1.8664898815887685,1,
285.300000000,-6.585424603192193,20.661774044472644,-1.8093738278576423,1,
285.400000000,-6.599302864036796,20.604711065420776,-1.7681002248384272,1,
285.500000000,-6.612119454147815,20.540597556273493,-1.733482233351876,1,
285.600000000,-6.622849265236383,20.475226296062203,-1.6997282181932871,1,
285.700000000,-6.631366840954451,20.409530166712784,-1.6659742030346985,1,
285.800000000,-6.637662477863671,20.343584010922505,-1.6322201878761096,1,
285.900000000,-6.641729003814755,20.277462956225097,-1.5984661727175202,1,
286.000000000,-6.643561786118173,20.211242329403564,-1.5647121575589313,1,
286.100000000,-6.643158736821826,20.144997570676,-1.5309581424003431,1,
286.200000000,-6.6401716632598085,20.07005707834018,-1.5172852688143226,1,
286.300000000,-6.6361602489538996,19.9951644314697,-1.512781768228131,1,
286.400000000,-6.631811597387711,19.920290609411815,-1.5097348935223838,1,
286.500000000,-6.627234835205164,19.845430384673143,-1.5066880188166365,1,
286.600000000,-6.622430004894349,19.770584452213964,-1.503641144110889,1,
286.700000000,-6.6173971510606115,19.69575350686187,-1.500594269405141,1,
286.800000000,-6.6121363204261385,19.620938243305325,-1.497547394699394,1,
286.900000000,-6.6066475618295275,19.54613935608721,-1.4945005199936459,1,
287.000000000,-6.60093092622533,19.47135753959838,-1.4914536452878986,1,
287.100000000,-6.596043259491002,19.40988487500938,-1.495333383097429,1,
287.200000000,-6.591519779000676,19.35005563362815,-1.4991082631283228,1,
287.300000000,-6.58734155620579,19.29187212881747,-1.5027782853805818,1,
287.400000000,-6.583490171838079,19.235336494483334,-1.506343449854204,1,
287.500000000,-6.5800550645596,19.182113900761966,-1.5096988987705537,1,
287.600000000,-6.5769003276840765,19.130543637240333,-1.512949489908269,1,
287.700000000,-6.574009598656177,19.080627270328396,-1.5160952232673475,1,
287.800000000,-6.57136703029944,19.0323662307251,-1.51913609884779,1,
287.900000000,-6.568957291839022,18.985761821724125,-1.5220721166495965,1,
288.000000000,-6.56676556983185,18.94081522725198,-1.5249032766727673,1,
288.100000000,-6.564012953309332,18.880878401324342,-1.5277328048421785,1,
288.200000000,-6.561501690872239,18.822599148251317,-1.5304837350068832,1,
288.300000000,-6.559217929346948,18.765978519992647,-1.5331560671668827,1,
288.400000000,-6.557148203875633,18.711017477094305,-1.535749801322176,1,
288.500000000,-6.555279438459888,18.65771689398056,-1.5382649374727628,1,
288.600000000,-6.55359894645652,18.606077564094598,-1.5407014756186448,1,
288.700000000,-6.552094431028328,18.55610020488739,-1.5430594157598205,1,
288.800000000,-6.550753985552606,18.507785462654425,-1.5453387578962905,1,
288.900000000,-6.549566093990047,18.461133917220074,-1.5475395020280545,1,
289.000000000,-6.548519631216606,18.41614608646926,-1.5496616481551126,1,
289.100000000,-6.547603863320817,18.372822430726252,-1.551705196277465,1,
289.200000000,-6.546808447868991,18.33116335698031,-1.5536701463951113,1,
289.300000000,-6.546123434140592,18.291169222958032,-1.5555564985080523,1,
289.400000000,-6.5455392633360505,18.25284034104223,-1.5573642526162867,1,
289.500000000,-6.545248243813352,18.231175628902857,-1.5655514036945417,1,
289.600000000,-6.544957046748179,18.175656341127862,-1.6100313522646899,1,
289.700000000,-6.546512139812199,18.1360413542624,-1.670385854427123,1,
289.800000000,-6.548647838594833,18.114667285247204,-1.7489053508120647,1,
289.900000000,-6.5491876498504755,18.111668610488255,-1.8458584759374337,1,
290.000000000,-6.549607724812038,18.11018012157085,-1.9443118466248401,1,
290.100000000,-6.550172075628349,18.10874013185328,-2.0427652173122457,1,
290.200000000,-6.5508752364268155,18.10736258798027,-2.1412185879996524,1,
290.300000000,-6.551710396926978,18.106060831793595,-2.239671958687059,1,
290.400000000,-6.552669468399705,18.10484747111318,-2.3381253293744657,1,
290.500000000,-6.553743162008466,18.10373425762733,-2.4365787000618724,1,
290.600000000,-6.5549210787739405,18.102731973074828,-2.535032070749279,1,
290.700000000,-6.5561918102906125,18.101850324821207,-2.6334854414366857,1,
290.800000000,-6.557543049219909,18.10109785184061,-2.7319388121240924,1,
290.900000000,-6.558961708489718,18.100481842013775,-2.830392182811499,1,
291.000000000,-6.560434048045806,18.100008261543156,-2.9288455534989057,1,
291.100000000,-6.561945807927536,18.09968169716885,-3.0272989241863124,1,
291.200000000,-6.587284653750932,18.096772949223986,-3.1017936713495224,1,
291.300000000,-6.6252506277284375,18.095261143803025,3.1193876979377544,1,
291.400000000,-6.664886352161905,18.09614139798379,3.059033195775321,1,
291.500000000,-6.704396813600249,18.099410791768214,2.998678693612888,1,
291.600000000,-6.743638132315098,18.10505741946164,2.9383241914504548,1,
291.700000000,-6.782467408677539,18.113060718528754,2.8779696892880215,1,
291.800000000,-6.82074324353574,18.12339154447329,2.8176151871255883,1,
291.900000000,-6.858326253128485,18.13601227696947,2.757260684963155,1,
292.000000000,-6.89507957665955,18.150876956858703,2.696906182800722,1,
292.100000000,-6.930869374684547,18.16793145351262,2.6365516806382887,1,
292.200000000,-6.979458005898975,18.194794458323727,2.59207173206814,1,
292.300000000,-7.035214137252192,18.228942091532716,2.5574537405815887,1,
292.400000000,-7.090475694392611,18.26547551198611,2.5236997254229996,1,
292.500000000,-7.144472858369426,18.30385306779767,2.4899457102644105,1,
292.600000000,-7.1971441142435255,18.344031038282175,2.4561916951058214,1,
292.700000000,-7.2484294575839465,18.385963651676327,2.4224376799472322,1,
292.800000000,-7.298270462826445,18.429603137283124,2.388683664788643,1,
292.900000000,-7.346610349833382,18.474899779893423,2.354929649630054,1,
293.000000000,-7.393394048579094,18.521801976422786,2.321175634471465,1,
293.100000000,-7.438568261887067,18.570256294699018,2.287421619312876,1,
293.200000000,-7.487499674589646,18.6264273212378,2.261916366587369,1,
293.300000000,-7.535304720264908,18.684217265068764,2.237392639084699,1,
293.400000000,-7.581678308584724,18.743162072357823,2.2128689115820293,1,
293.500000000,-7.626592551258196,18.803226294695822,2.1883451840793593,1,
293.600000000,-7.670020437620189,18.864373810476348,2.1638214565766893,1,
293.700000000,-7.711935850875091,18.926567846618656,2.1392977290740194,1,
293.800000000,-7.752313583803008,18.98977100068237,2.11477400157135,1,
293.900000000,-7.791129353918963,19.053945263360685,2.0902502740686795,1,
294.000000000,-7.82835981807597,19.11905204133851,2.0657265465660104,1,
294.100000000,-7.863982586503207,19.185052180501845,2.0412028190633396,1,
294.200000000,-7.897976236270843,19.251905989484396,2.0186905516940143,1,
294.300000000,-7.930456368674123,19.3195080678479,1.9961782843246896,1,
294.400000000,-7.961406523406264,19.387824156158462,1.9736660169553641,1,
294.500000000,-7.99081101552376,19.45681963313567,1.9511537495860396,1,
294.600000000,-8.018654943395203,19.52645953319799,1.928641482216714,1,
294.700000000,-8.044924196253156,19.59670856418266,1.9061292148473883,1,
294.800000000,-8.069605461345203,19.667531125231072,1.8836169474780629,1,
294.900000000,-8.092686230680611,19.738891324830607,1.8611046801087374,1,
295.000000000,-8.114154807369127,19.810752999003768,1.8385924127394135,1,
295.100000000,-8.134000311548746,19.883079729635373,1.8160801453700874,1,
295.200000000,-8.152212685899412,19.955834862928572,1.7935678780007627,1,
295.300000000,-8.168782700739873,20.02898152798028,1.7710556106314372,1,
295.400000000,-8.183701958705111,20.102482655466645,1.7485433432621122,1,
295.500000000,-8.19696289900196,20.17630099642906,1.7260310758927866,1,
295.600000000,-8.208558801240773,20.25039914115123,1.7066711153183003,1,
295.700000000,-8.218718082879114,20.324707882202286,1.6873111547438135,1,
295.800000000,-8.227436936255135,20.399199368936056,1.667951194169327,1,
295.900000000,-8.234712093574265,20.473845682213952,1.6485912335948405,1,
296.000000000,-8.240540828133975,20.54861884486896,1.6292312730203542,1,
296.100000000,-8.244920955345728,20.623490832191383,1.6155583994343337,1,
296.200000000,-8.248276989815743,20.698415708118112,1.6030994613489018,1,
296.300000000,-8.250699303578292,20.773376580551908,1.5906405232634704,1,
296.400000000,-8.252187520634253,20.848361813831495,1.5781815851780387,1,
296.500000000,-8.252741409977915,20.92335976851424,1.5657226470926076,1,
296.600000000,-8.25236088563284,20.998358803182846,1.5532637090071755,1,
296.700000000,-8.251046006665206,21.07334727625238,1.5408047709217438,1,
296.800000000,-8.248796977174644,21.148313547777317,1.528345832836312,1,
296.900000000,-8.245614146262552,21.22324598125832,1.5158868947508806,1,
297.000000000,-8.241498007977908,21.2981329454485,1.503427956665449,1,
297.100000000,-8.23644920124058,21.37296281615886,1.4909690185800173,1,
297.200000000,-8.230468509742156,21.447723978062623,1.4894223894414471,1,
297.300000000,-8.224372197651485,21.522475800641697,1.4878757603028772,1,
297.400000000,-8.218160279551322,21.597218105085144,1.4863291311643072,1,
297.500000000,-8.211832770300953,21.671950712604797,1.4847825020257366,1,
297.600000000,-8.205389685036169,21.746673444435686,1.4832358728871664,1,
297.700000000,-8.198831039169221,21.821386121836458,1.4816892437485967,1,
297.800000000,-8.192156848388795,21.89608856608982,1.4801426146100263,1,
297.900000000,-8.185367128659962,21.970780598502948,1.478595985471456,1,
298.000000000,-8.178461896224148,22.04546204040793,1.4770493563328855,1,
298.100000000,-8.171441167599092,22.120132713162185,1.4755027271943157,1,
298.200000000,-8.164304959578805,22.194792438148895,1.4785496019000632,1,
298.300000000,-8.157396263158429,22.2694735596842,1.4815964766058112,1,
298.400000000,-8.150715142474418,22.344175384470518,1.4846433513115582,1,
298.500000000,-8.144261659550544,22.418897219018067,1.4876902260173055,1,
298.600000000,-8.13803587429732,22.493638369651308,1.490737100723053,1,
298.700000000,-8.132037844511435,22.56839814251538,1.4937839754288003,1,
298.800000000,-8.126267625875233,22.643175843582547,1.496830850134548,1,
298.900000000,-8.120725271956179,22.717970778658632,1.499877724840295,1,
299.000000000,-8.115410834206374,22.792782253389475,1.502924599546043,1,
299.100000000,-8.110324361962075,22.867609573267366,1.5059714742517905,1,
299.200000000,-8.105465902443232,22.942452043637495,1.5075181033903604,1,
299.300000000,-8.100723202234583,23.017301938725804,1.5090647325289304,1,
299.400000000,-8.09609627268096,23.092159079486763,1.5106113616675008,1,
299.500000000,-8.091585124850258,23.167023286857507,1.51215799080607,1,
299.600000000,-8.087189769533422,23.241894381758268,1.5137046199446405,1,
299.700000000,-8.08291021724441,23.316772185092805,1.5152512490832102,1,
299.800000000,-8.078746478220172,23.391656517748828,1.5167978782217806,1,
299.900000000,-8.074698562420627,23.46654720059843,1.51834450736035,1,
300.000000000,-8.070766479528638,23.541444054498516,1.5198911364989198,1,
300.100000000,-8.066950238949989,23.616346900291223,1.5214377656374904,1,
300.200000000,-8.063249849813358,23.691255558804357,1.5273568360129501,1,
300.300000000,-8.059992912531255,23.76618480782996,1.5332759063884105,1,
300.400000000,-8.057179541211427,23.84113202219992,1.5391949767638717,1,
300.500000000,-8.054809834421158,23.916094576116713,1.5451140471393323,1,
300.600000000,-8.052883875183818,23.991069843245388,1.5510331175147931,1,
300.700000000,-8.051401730975952,24.066055196805582,1.5569521878902535,1,
300.800000000,-8.050363453724913,24.14104800966355,1.562871258265714,1,
300.900000000,-8.049769079807048,24.216045654424207,1.5687903286411746,1,
301.000000000,-8.049618630046421,24.291045503523186,1.5747093990166352,1,
301.100000000,-8.049912109714084,24.366044929318885,1.5806284693920958,1,
301.200000000,-8.05064950852789,24.441041304184537,1.5865475397675564,1,
301.300000000,-8.051830800652857,24.516032000600262,1.592466610143017,1,
301.400000000,-8.053455944702069,24.591014391245128,1.5983856805184775,1,
301.500000000,-8.055432110639723,24.66262406108324,1.626748748380534,1,
301.600000000,-8.058492587298684,24.717264809797413,1.6720223567817296,1,
301.700000000,-8.063545249615848,24.76700886077837,1.7220223567368569,1,
301.800000000,-8.070959433575052,24.81566171841144,1.7728078194572592,1,
301.900000000,-8.080833854293996,24.863875476770545,1.8235932821776601,1,
302.000000000,-8.093143049503224,24.911525811427776,1.874378744898064,1,
302.100000000,-8.107855278602036,24.95848985080461,1.9251642076184652,1,
302.200000000,-8.12965985012112,25.017423305126147,1.9623263895675542,1,
302.300000000,-8.154283305073028,25.07706669864225,1.9978000466998158,1,
302.400000000,-8.181006594392887,25.13579926824219,2.0332737038320774,1,
302.500000000,-8.20979609354478,25.1935471137645,2.068747360964338,1,
302.600000000,-8.240615578187583,25.25023757407518,2.1042210180966006,1,
302.700000000,-8.273426269754186,25.305799318493495,2.139694675228862,1,
302.800000000,-8.308186884244561,25.360162436543664,2.1751683323611237,1,
302.900000000,-8.344853684171289,25.41325852591961,2.2106419894933853,1,
303.000000000,-8.383380533592184,25.46502077855205,2.246115646625647,1,
303.100000000,-8.430266527097892,25.523558831244145,2.2621356816986773,1,
303.200000000,-8.478084245831326,25.58133828931646,2.2769950931219114,1,
303.300000000,-8.526755222679377,25.638400851585047,2.2906679667079315,1,
303.400000000,-8.57620183503119,25.694792628706622,2.3043408402939516,1,
303.500000000,-8.626414839111593,25.750503078545243,2.3180137138799717,1,
303.600000000,-8.677384847872649,25.805521786335394,2.3316865874659918,1,
303.700000000,-8.72910233274851,25.859838466628975,2.345359461052012,1,
303.800000000,-8.781557625436744,25.913442965218103,2.359032334638032,1,
303.900000000,-8.834740919705752,25.966325261033393,2.372705208224052,1,
304.000000000,-8.888642273228006,26.018475468017343,2.386378081810072,1,
304.100000000,-8.94325160943871,26.06988383697247,2.4000509553960923,1,
304.200000000,-8.998558719419547,26.120540757383875,2.4137238289821124,1,
304.300000000,-9.054553263807199,26.170436759215878,2.4273967025681324,1,
304.400000000,-9.11122477472622,26.21956251468239,2.4410695761541525,1,
304.500000000,-9.168562657745953,26.267908839990685,2.4547424497401726,1,
304.600000000,-9.226556193861107,26.315466697058266,2.4684153233261927,1,
304.700000000,-9.28519454149561,26.362227195202482,2.482088196912213,1,
304.800000000,-9.34446673852938,26.408181592802602,2.495761070498233,1,
304.900000000,-9.404361704347647,26.453321298934,2.509433944084253,1,
305.000000000,-9.464868241912395,26.49763787497419,2.523106817670273,1,
305.100000000,-9.525975039855604,26.541123036180373,2.5456190850395983,1,
305.200000000,-9.588045220812301,26.583221642285597,2.569145447758666,1,
305.300000000,-9.651088560671562,26.62384844746875,2.5926718104777335,1,
305.400000000,-9.715070167200844,26.662980966247027,2.616198173196801,1,
305.500000000,-9.779954628870575,26.70059754017168,2.6397245359158688,1,
305.600000000,-9.845706034453176,26.736677349815196,2.6632508986349364,1,
305.700000000,-9.912287992898635,26.771200426294083,2.686777261354004,1,
305.800000000,-9.979663653475654,26.804147662320954,2.7103036240730716,1,
305.900000000,-10.047795726167209,26.835500822779714,2.733829986792139,1,
306.000000000,-10.116646502309235,26.865242554818057,2.757356349511207,1,
306.100000000,-10.186177875461032,26.893356397451633,2.7808827122302744,1,
306.200000000,-10.254974291164565,26.919307340649063,2.807354498145546,1,
306.300000000,-10.32353384519961,26.943115822952667,2.8347786324663473,1,
306.400000000,-10.392720464785146,26.96503540208666,2.862202766787149,1,
306.500000000,-10.462482119091929,26.98504959373824,2.8896269011079503,1,
306.600000000,-10.532766344843894,27.003143346514598,2.9170510354287518,1,
306.700000000,-10.603520285772435,27.019303053262114,2.9444751697495533,1,
306.800000000,-10.672164747880347,27.03301209487396,2.9709259655408364,1,
306.900000000,-10.739505317876059,27.04461778645598,2.9967469804799465,1,
307.000000000,-10.805473864086473,27.054240434497395,3.021938214566883,1,
307.100000000,-10.868354360567897,27.061800479031703,3.0458698869494727,1,
307.200000000,-10.92973872174524,27.067694372534927,3.069171778479889,1,
307.300000000,-10.989581447008044,27.07203582771961,3.091843889158132,1,
307.400000000,-11.062067520768041,27.075644898229513,3.1192680234789334,1,
307.500000000,-11.134625301687826,27.07726499300502,-3.1364931493798514,1,
307.600000000,-11.20962432650457,27.076882531846927,-3.1193370105166163,1,
307.700000000,-11.284605753009409,27.075213496407073,-3.103316975443586,1,
307.800000000,-11.359550821183628,27.072343521431296,-3.0872969403705555,1,
307.900000000,-11.434440297422086,27.068273343458593,-3.071276905297525,1,
308.000000000,-11.509254962386533,27.063004007043304,-3.0552568702244947,1,
308.100000000,-11.583975615937991,27.056536864487033,-3.052209995518747,1,
308.200000000,-11.658676218114575,27.049842087832367,-3.050663366380177,1,
308.300000000,-11.733366376614429,27.043031785102926,-3.049116737241607,1,
308.400000000,-11.808045912774123,27.036105972589368,-3.047570108103037,1,
308.500000000,-11.882714647955634,27.029064666858662,-3.046023478964467,1,
308.600000000,-11.957372403546778,27.021907884754043,-3.044476849825897,1,
308.700000000,-12.032019000961633,27.01463564339497,-3.042930220687327,1,
308.800000000,-12.106654261640967,27.007247960177093,-3.0413835915487573,1,
308.900000000,-12.18127800705267,26.9997448527722,-3.0398369624101873,1,
309.000000000,-12.255890058692174,26.992126339128184,-3.0382903332716173,1,
309.100000000,-12.330490238082882,26.984392437468994,-3.0367437041330474,1,
309.200000000,-12.405078366776602,26.9765431662946,-3.038290333271618,1,
309.300000000,-12.47967854616731,26.96880926463541,-3.039836962410188,1,
309.400000000,-12.554290597806814,26.961190750991396,-3.0413835915487586,1,
309.500000000,-12.628914343218517,26.953687643586502,-3.042930220687329,1,
309.600000000,-12.703549603897851,26.946299960368624,-3.0444768498258994,1,
309.700000000,-12.778196201312706,26.93902771900955,-3.04602347896447,1,
309.800000000,-12.85285395690385,26.931870936904932,-3.04757010810304,1,
309.900000000,-12.927522692085361,26.924829631174227,-3.0491167372416106,1,
310.000000000,-13.002202228245055,26.91790381866067,-3.050663366380181,1,
310.100000000,-13.076892386744909,26.911093515931228,-3.0522099955187514,1,
310.200000000,-13.151592988921493,26.904398739276562,-3.058129065894212,1,
310.300000000,-13.226331909142155,26.898146235438137,-3.065425031613278,1,
310.400000000,-13.301114457802532,26.89243918577492,-3.072720997332344,1,
310.500000000,-13.375936654161775,26.88727789407818,-3.0800169630514103,1,
310.600000000,-13.450794515368557,26.88266263508802,-3.0873129287704764,1,
310.700000000,-13.525684056673075,26.878593654478735,-3.0946088944895425,1,
310.800000000,-13.600601291639173,26.87507116884574,-3.1019048602086086,1,
310.900000000,-13.675542232356529,26.872095365694044,-3.1092008259276747,1,
311.000000000,-13.75050288965295,26.869666403428266,-3.1164967916467408,1,
311.100000000,-13.825479273306708,26.867784411344207,-3.123792757365807,1,
311.200000000,-13.90046739225895,26.866449489621957,-3.1253393865043773,1,
311.300000000,-13.975457486151116,26.865230548259895,-3.1268860156429477,1,
311.400000000,-14.050449375602312,26.8641275901738,-3.128432644781518,1,
311.500000000,-14.125442881227347,26.86314061800202,-3.1299792739200885,1,
311.600000000,-14.200437823637165,26.862269634105452,-3.131525903058659,1,
311.700000000,-14.275434023439272,26.861514640567542,-3.1330725321972293,1,
311.800000000,-14.350431301238169,26.86087563919428,-3.1346191613357997,1,
311.900000000,-14.425429477635776,26.860352631514196,-3.13616579047437,1,
312.000000000,-14.500428373231863,26.859945618778358,-3.1377124196129405,1,
312.100000000,-14.575427808624482,26.859654601960365,-3.139259048751511,1,
312.200000000,-14.649922353060616,26.85948076081548,3.1184210057025687,1,
312.300000000,-14.72061404888009,26.861119097131443,3.089131683847509,1,
312.400000000,-14.791227446024383,26.86482694657011,3.059842361992449,1,
312.500000000,-14.86170197210613,26.87060112852692,3.0305530401373892,1,
312.600000000,-14.931977173861993,26.878436689890993,3.0012637182823294,1,
312.700000000,-15.001992769009643,26.888326909293898,2.9719743964272696,1,
312.800000000,-15.071688697958095,26.900263302875278,2.9426850745722097,1,
312.900000000,-15.141005175327003,26.914235631560327,2.91339575271715,1,
313.000000000,-15.209882741230741,26.9302319098429,2.88410643086209,1,
313.100000000,-15.27826231228328,26.94823841606671,2.8548171090070302,1,
313.200000000,-15.346085232280089,26.968239704195827,2.8255277871519704,1,
313.300000000,-15.41329332251361,26.990218617064308,2.7962384652969106,1,
313.400000000,-15.479828931679133,27.01415630109368,2.7669491434418507,1,
313.500000000,-15.545634985328256,27.040032222465605,2.737659821586791,1,
313.600000000,-15.610655034827525,27.067824184735837,2.708370499731731,1,
313.700000000,-15.67237405136743,27.096370877074623,2.676371607414904,1,
313.800000000,-15.733148165999276,27.12687755891408,2.6443727150980774,1,
313.900000000,-15.792915155647592,27.159312996239894,2.6123738227812505,1,
314.000000000,-15.851613828373507,27.193643980297367,2.5803749304644237,1,
314.100000000,-15.909184086025611,27.229835361591935,2.548376038147597,1,
314.200000000,-15.971370094827154,27.271762683344395,2.5279459557369517,1,
314.300000000,-16.0326866071726,27.314951632322007,2.508585995162465,1,
314.400000000,-16.093155544796357,27.35931949887714,2.489226034587978,1,
314.500000000,-16.152754244160295,27.404849654094612,2.4698660740134915,1,
314.600000000,-16.211460367888428,27.451525033437658,2.4505061134390047,1,
314.700000000,-16.269251913138866,27.499328143143686,2.431146152864518,1,
314.800000000,-16.32610721985042,27.54824106678085,2.411786192290031,1,
314.900000000,-16.3820049788607,27.598245471963082,2.3924262317155445,1,
315.000000000,-16.43692423989271,27.649322617220996,2.3730662711410577,1,
315.100000000,-16.49084441940695,27.701453359026118,2.37001939643531,1,
315.200000000,-16.54460551304602,27.753748146631875,2.3684727672967396,1,
315.300000000,-16.598285661775112,27.80612602013226,2.366926138158169,1,
315.400000000,-16.65188473718803,27.858586854236194,2.365379509019599,1,
315.500000000,-16.7054026110725,27.911130523454148,2.3638328798810284,1,
315.600000000,-16.758839155410495,27.96375690209845,2.362286250742458,1,
315.700000000,-16.812194242378528,28.01646586428358,2.3607396216038876,1,
315.800000000,-16.865467744347967,28.06925728392648,2.359192992465317,1,
315.900000000,-16.918659533885332,28.122131034746833,2.357646363326747,1,
316.000000000,-16.971769483752606,28.175086990267395,2.3560997341881764,1,
316.100000000,-17.02479746690754,28.22812502381428,2.3576463633267464,1,
316.200000000,-17.077907416774813,28.281080979334842,2.3591929924653163,1,
316.300000000,-17.13109920631218,28.333954730155195,2.3607396216038863,1,
316.400000000,-17.184372708281618,28.386746149798093,2.3622862507424562,1,
316.500000000,-17.23772779524965,28.439455111983225,2.363832879881026,1,
316.600000000,-17.291164339587645,28.492081490627527,2.365379509019596,1,
316.700000000,-17.344682213472115,28.54462515984548,2.366926138158166,1,
316.800000000,-17.398281288885034,28.597085993949413,2.368472767296736,1,
316.900000000,-17.451961437614127,28.6494638674498,2.370019396435306,1,
317.000000000,-17.505722531253195,28.701758655055556,2.371566025573876,1,
317.100000000,-17.55956444120241,28.753970231674355,2.373112654712446,1,
317.200000000,-17.61348703866863,28.806098472412906,2.373112654712446,1,
317.300000000,-17.66740963613485,28.858226713151456,2.373112654712446,1,
317.400000000,-17.721332233601068,28.910354953890007,2.373112654712446,1,
317.500000000,-17.775254831067286,28.962483194628557,2.373112654712446,1,
317.600000000,-17.829177428533505,29.014611435367108,2.373112654712446,1,
317.700000000,-17.883100025999724,29.06673967610566,2.373112654712446,1,
317.800000000,-17.937022623465943,29.11886791684421,2.373112654712446,1,
317.900000000,-17.99094522093216,29.17099615758276,2.373112654712446,1,
318.000000000,-18.04486781839838,29.22312439832131,2.373112654712446,1,
318.100000000,-18.0987904158646,29.27525263905986,2.373112654712446,1,
318.200000000,-18.152713013330818,29.32738087979841,2.373112654712446,1,
318.300000000,-18.206635610797036,29.379509120536962,2.373112654712446,1,
318.400000000,-18.260558208263255,29.431637361275513,2.373112654712446,1,
318.500000000,-18.314480805729474,29.483765602014063,2.373112654712446,1,
318.600000000,-18.368403403195693,29.535893842752614,2.3976363822151154,1,
318.700000000,-18.411020084162423,29.57511698371057,2.43971716016209,1,
318.800000000,-18.44498642375345,29.60383550748306,2.4952372115011032,1,
318.900000000,-18.479219998069013,29.62966369435656,2.5523532652322283,1,
319.000000000,-18.514872150594613,29.653495540023293,2.6094693189633533,1,
319.100000000,-18.551826606938842,29.675253320330444,2.6665853726944784,1,
319.200000000,-18.58853078434604,29.6941295931268,2.7253117695827846,1,
319.300000000,-18.626279585860605,29.71081905980599,2.784038166471091,1,
319.400000000,-18.664942861216527,29.725264178447723,2.842764563359397,1,
319.500000000,-18.70438730722615,29.737415145191797,2.9014909602477035,1,
319.600000000,-18.74447692738271,29.747230065951758,2.9602173571360098,1,
319.700000000,-18.785073500748904,29.754675100857295,3.018943754024316,1,
319.800000000,-18.826037058514853,29.75972458092729,3.0776701509126223,1,
319.900000000,-18.867226366582365,29.762361096571293,3.1363965478009286,1,
320.000000000,-18.90849941251167,29.76257555761429,-3.0880623624903514,1,
320.100000000,-18.965533653073916,29.759519578595377,-3.045178416313039,1,
320.200000000,-19.02976031926292,29.75330795448156,-3.0097047591807775,1,
320.300000000,-19.09457451061329,29.74470983626591,-2.9750867676942265,1,
320.400000000,-19.159052278869748,29.73387358055099,-2.9404687762076755,1,
320.500000000,-19.22311636124733,29.72081217226662,-2.9058507847211246,1,
320.600000000,-19.286689990674926,29.705541262711016,-2.8712327932345736,1,
320.700000000,-19.34969698778416,29.688079150796085,-2.8366148017480226,1,
320.800000000,-19.41206185219404,29.66844676112009,-2.8019968102614716,1,
320.900000000,-19.473709852981976,29.64666761889402,-2.7673788187749206,1,
321.000000000,-19.534567118232776,29.622767821751648,-2.7327608272883697,1,
321.100000000,-19.603386056373665,29.59295249426459,-2.7179014158651356,1,
321.200000000,-19.671754375056985,29.56211788707695,-2.7179014158651356,1,
321.300000000,-19.740122693740304,29.531283279889312,-2.719448045003706,1,
321.400000000,-19.808538620335963,29.500554449972483,-2.7209946741422764,1,
321.500000000,-19.877001991188877,29.469931470831703,-2.7225413032808468,1,
321.600000000,-19.945512642530467,29.439414415719014,-2.724087932419417,1,
321.700000000,-20.014070410479068,29.409003357633082,-2.7389473438426513,1,
321.800000000,-20.083072483511472,29.379614347489305,-2.7538067552658854,1,
321.900000000,-20.152503626104846,29.35125387432367,-2.7686661666891195,1,
322.000000000,-20.22234850799864,29.323928200073215,-2.7835255781123536,1,
322.100000000,-20.29259170757947,29.297643358193387,-2.7983849895355877,1,
322.200000000,-20.36321771528619,29.27240515232589,-2.813244400958822,1,
322.300000000,-20.43421093703437,29.248219155017246,-2.826917274544842,1,
322.400000000,-20.505528204664433,29.225006069531215,-2.840590148130862,1,
322.500000000,-20.577156185801186,29.202770235427845,-2.854263021716882,1,
322.600000000,-20.64908148998324,29.181515809575348,-2.867935895302902,1,
322.700000000,-20.72129067116627,29.161246765373008,-2.8816087688889223,1,
322.800000000,-20.793770230236696,29.14196689200837,-2.8952816424749424,1,
322.900000000,-20.866506617535265,29.123679793748867,-2.9089545160609624,1,
323.000000000,-20.939486235390078,29.106388889268032,-2.9226273896469825,1,
323.100000000,-21.01269544065861,29.09009741100639,-2.935086327732414,1,
323.200000000,-21.086101933314037,29.074719282510742,-2.947545265817846,1,
323.300000000,-21.159694318970782,29.06025689082233,-2.9600042039032775,1,
323.400000000,-21.233461174388374,29.046712480838867,-2.972463141988709,1,
323.500000000,-21.3073910492446,29.034088154966067,-2.9849220800741407,1,
323.600000000,-21.381472467912864,29.022385872791315,-2.9973810181595724,1,
323.700000000,-21.45569393124346,29.011607450779476,-3.009839956245004,1,
323.800000000,-21.530043918348508,29.001754561990957,-3.0222988943304356,1,
323.900000000,-21.604510888390276,28.992828735822,-3.0347578324158673,1,
324.000000000,-21.679083282372567,28.984831357767277,-3.047216770501299,1,
324.100000000,-21.75374952493495,28.97776366920485,-3.0596757085867305,1,
324.200000000,-21.828498026149525,28.971626767203464,-3.072134646672162,1,
324.300000000,-21.90331718331995,28.966421604352252,-3.084593584757594,1,
324.400000000,-21.978195382782435,28.962148988612892,-3.0970525228430255,1,
324.500000000,-22.05312100170847,28.958809583194167,-3.109511460928457,1,
324.600000000,-22.12808240990894,28.956403906449044,-3.1219703990138887,1,
324.700000000,-22.195188315161726,28.95508696826679,3.1283337344812083,1,
324.800000000,-22.24596931402213,28.95576030888092,3.0791191972913774,1,
324.900000000,-22.280519771729814,28.9579216079241,3.013737188876167,1,
325.000000000,-22.295257895099393,28.959816292956624,2.9285966004334747,1,
325.100000000,-22.296769573635075,28.960143233678064,2.830143229746068,1,
325.200000000,-22.298241795246227,28.96061718067745,2.7316898590586614,1,
325.300000000,-22.29966030111454,28.96123354366477,2.6332364883712547,1,
325.400000000,-22.30101135267151,28.961986353017117,2.534783117683848,1,
325.500000000,-22.30228186465977,28.96286831759592,2.4363297469964413,1,
325.600000000,-22.30345953186693,28.96387089536335,2.3378763763090347,1,
325.700000000,-22.304532948304512,28.964984376114014,2.239423005621628,1,
325.800000000,-22.30549171767766,28.966197975520608,2.1409696349342213,1,
325.900000000,-22.306326554075753,28.967499939582705,2.0425162642468155,1,
326.000000000,-22.307029371908662,28.96887765846706,1.944062893559408,1,
326.100000000,-22.307593364217635,28.97031778863687,1.8456095228720013,1,
326.200000000,-22.308013068602303,28.9718063820871,1.7471561521845955,1,
326.300000000,-22.308284420125354,28.973329021434257,1.648702781497188,1,
326.400000000,-22.308404790682403,28.974870959552202,1.5502494108097813,1,
326.500000000,-22.308373014455825,28.976417262401583,1.4517960401223744,1,
326.600000000,-22.308189399205972,28.97795295366958,1.3533426694349684,1,
326.700000000,-22.307855723290444,28.979463159819073,1.254889298747561,1,
326.800000000,-22.307375218440264,28.980933254142414,1.1564359280601546,1,
326.900000000,-22.306752538459794,28.982348998424584,1.057982557372748,1,
327.000000000,-22.305993714153526,28.9836966808437,0.9595291866853416,1,
327.100000000,-22.305106094916308,28.9849632487733,0.8610758159979346,1,
327.200000000,-22.30409827755268,28.98613643520015,0.762622445310528,1,
327.300000000,-22.30298002301478,28.987204877533195,0.6641690746231212,1,
327.400000000,-22.301762161865184,28.98815822765297,0.5657157039357146,1,
327.500000000,-22.30045648938032,28.988987252135622,0.4672623332483079,1,
327.600000000,-22.29907565131039,28.989683921680815,0.3688089625609014,1,
327.700000000,-22.29763302140226,28.990241488877427,0.2703555918734945,1,
327.800000000,-22.296142571871524,28.990654553553846,0.17190222118608792,1,
327.900000000,-22.29461873807826,28.990919115079915,0.07344885049868123,1,
328.000000000,-22.293076278717102,28.991032611113997,-0.025004520188725475,1,
328.100000000,-22.26757899873888,28.990394930958406,-0.09949926735193565,1,
328.200000000,-22.22490715516515,28.986135046733374,-0.15661532108306098,1,
328.300000000,-22.170850567071657,28.97759905111973,-0.2018889294842564,1,
328.400000000,-22.117235692716726,28.966625301289763,-0.24716253788545184,1,
328.500000000,-22.06417240771823,28.9532362862926,-0.29243614628664727,1,
328.600000000,-22.01176945729466,28.93745944489991,-0.33770975468784276,1,
328.700000000,-21.960134233408134,28.919327109374276,-0.38298336308903796,1,
328.800000000,-21.90863639239808,28.898579856976024,-0.4274633116591866,1,
328.900000000,-21.85811201879828,28.875563258984116,-0.47194326022933514,1,
329.000000000,-21.808661056875565,28.8503228454437,-0.5164232087994837,1,
329.100000000,-21.759688770132115,28.822515295977635,-0.5601067398388839,1,
329.200000000,-21.69739578425632,28.783451474132256,-0.5865785257541557,1,
329.300000000,-21.634932830260986,28.741937869396256,-0.6080590292502709,1,
329.400000000,-21.57337595084796,28.699092209208438,-0.6284891116609161,1,
329.500000000,-21.512707197024774,28.654997965711793,-0.6489191940715613,1,
329.600000000,-21.4529518903367,28.609673542686075,-0.6693492764822068,1,
329.700000000,-21.394134971080163,28.563137857355674,-0.6897793588928518,1,
329.800000000,-21.3362809878933,28.515410332494078,-0.7102094413034973,1,
329.900000000,-21.279414087510013,28.466510888317305,-0.7306395237141422,1,
330.000000000,-21.223558004681752,28.41645993416973,-0.7510696061247876,1,
330.100000000,-21.168736052271257,28.365278360005767,-0.771499688535433,1,
330.200000000,-21.11497111152237,28.31298752767094,-0.7919297709460781,1,
330.300000000,-21.062285622510018,28.259609261986025,-0.8123598533567234,1,
330.400000000,-21.010701574774313,28.20516584163792,-0.8327899357673687,1,
330.500000000,-20.96024049814268,28.14967998988113,-0.8532200181780136,1,
330.600000000,-20.910923453743894,28.09317486505366,-0.8736501005886591,1,
330.700000000,-20.8627710252177,28.035674050911336,-0.8751967297272295,1,
330.800000000,-20.814707586682474,27.978098831622386,-0.8751967297272296,1,
330.900000000,-20.766644148147247,27.920523612333437,-0.8751967297272297,1,
331.000000000,-20.71858070961202,27.862948393044487,-0.8751967297272297,1,
331.100000000,-20.670517271076793,27.805373173755537,-0.8751967297272298,1,
331.200000000,-20.622453832541566,27.747797954466588,-0.8665603270349235,1,
331.300000000,-20.57389494986234,27.69063997240857,-0.8566178805731754,1,
331.400000000,-20.524770186426817,27.63396760156171,-0.8466754341114276,1,
331.500000000,-20.475084398287983,27.577786444070764,-0.8367329876496793,1,
331.600000000,-20.42484249695691,27.522102053523334,-0.8267905411879314,1,
331.700000000,-20.37404944891726,27.466919934400906,-0.8168480947261835,1,
331.800000000,-20.322710275134327,27.41224554153472,-0.8069056482644356,1,
331.900000000,-20.270830050558722,27.35808427956655,-0.7969632018026878,1,
332.000000000,-20.21841390362469,27.30444150241445,-0.7870207553409395,1,
332.100000000,-20.165467015743175,27.2513225127435,-0.7839738806351915,1,
332.200000000,-20.112358526970635,27.19836509191981,-0.7809270059294441,1,
332.300000000,-20.05908893033645,27.145569731570333,-0.7778801312236964,1,
332.400000000,-20.005658720365634,27.092936921817536,-0.7748332565179489,1,
332.500000000,-19.952068393074242,27.040467151274857,-0.7717863818122016,1,
332.600000000,-19.89831844596477,26.988160907042175,-0.7687395071064538,1,
332.700000000,-19.844409378021535,26.93601867470128,-0.7656926324007061,1,
332.800000000,-19.790341689706043,26.884040938311372,-0.7626457576949582,1,
332.900000000,-19.736115882952344,26.832228180404556,-0.759598882989211,1,
333.000000000,-19.681732461162365,26.780580881981372,-0.7565520082834633,1,
333.100000000,-19.62719192920125,26.729099522506328,-0.7535051335777156,1,
333.200000000,-19.57249479339266,26.67778457990345,-0.7504582588719682,1,
333.300000000,-19.517641561514083,26.62663653055184,-0.7474113841662208,1,
333.400000000,-19.462632742792106,26.575655849281254,-0.7443645094604727,1,
333.500000000,-19.407468847897707,26.524843009367707,-0.7413176347547252,1,
333.600000000,-19.3521503889415,26.47419848252906,-0.7382707600489777,1,
333.700000000,-19.296677879468984,26.423722738920656,-0.7398173891875479,1,
333.800000000,-19.24128350356802,26.37316126031745,-0.741364018326118,1,
333.900000000,-19.185967393745347,26.32251416766559,-0.7429106474646883,1,
334.000000000,-19.13072968232048,26.27178158211603,-0.7444572766032583,1,
334.100000000,-19.075570501425414,26.22096362502422,-0.7460039057418287,1,
334.200000000,-19.020489983004282,26.170060417949816,-0.7608633171650626,1,
334.300000000,-18.966171909280053,26.11834439657453,-0.7768833522380932,1,
334.400000000,-18.91268926258249,26.06576487107055,-0.7929033873111239,1,
334.500000000,-18.86005576848598,26.01233533523883,-0.8089234223841543,1,
334.600000000,-18.80828493464177,25.9580695010236,-0.8249434574571847,1,
334.700000000,-18.75739004731138,25.902981294993392,-0.8409634925302153,1,
334.800000000,-18.7073841679569,25.847084854766976,-0.8569835276032459,1,
334.900000000,-18.658280129888936,25.79039452538515,-0.8730035626762762,1,
335.000000000,-18.610090534973125,25.732924855629268,-0.8890235977493071,1,
335.100000000,-18.562827750396035,25.67469059428751,-0.9050436328223372,1,
335.200000000,-18.51681597547656,25.616104043439638,-0.9305488855478439,1,
335.300000000,-18.47289066929763,25.55713824196474,-0.9570206714631159,1,
335.400000000,-18.430541500443127,25.49703045408478,-0.9834924573783876,1,
335.500000000,-18.389798143590955,25.43582279820003,-1.009964243293659,1,
335.600000000,-18.35068914820322,25.373558163404248,-1.0364360292089312,1,
335.700000000,-18.313241918521207,25.310280179431683,-1.0629078151242028,1,
335.800000000,-18.27748269436282,25.246033186085068,-1.0893796010394743,1,
335.900000000,-18.243436532735977,25.180862202166082,-1.1158513869547462,1,
336.000000000,-18.211127290280782,25.11481289393003,-1.1423231728700178,1,
336.100000000,-18.18135104686517,25.0496248088288,-1.1681247604765794,1,
336.200000000,-18.153919613099784,24.98522359423175,-1.194575556267863,1,
336.300000000,-18.129425733622483,24.923219607967997,-1.2197667903547997,1,
336.400000000,-18.107074525262686,24.8621833606648,-1.2443282435895633,1,
336.500000000,-18.083799468989593,24.793440884461443,-1.2717523779103648,1,
336.600000000,-18.06268598730168,24.724954885876876,-1.298832954553821,1,
336.700000000,-18.04388236593398,24.657527711655646,-1.3252837503451051,1,
336.800000000,-18.02767879510407,24.59286018706405,-1.3504749844320418,1,
336.900000000,-18.01201653179237,24.522925899199898,-1.3775555610754988,1,
337.000000000,-17.998573707760176,24.454228806961293,-1.4040063568667824,1,
337.100000000,-17.98750585935293,24.388487289059142,-1.4291975909537191,1,
337.200000000,-17.976921407144893,24.314237916190034,-1.4506780944498343,1,
337.300000000,-17.96793418800401,24.239778330560554,-1.4711081768604792,1,
337.400000000,-17.960469954027765,24.165150686814098,-1.4915382592711246,1,
337.500000000,-17.954531820591487,24.09038613257017,-1.5119683416817697,1,
337.600000000,-17.950122266116196,24.015515872591127,-1.5323984240924147,1,
337.700000000,-17.947243131034178,23.94057115575812,-1.5525110056305744,1,
337.800000000,-17.945871808367468,23.865583693645153,-1.5729410880412196,1,
337.900000000,-17.946029090738282,23.79225052897845,-1.5917698877790707,1,
338.000000000,-17.947601992488817,23.717267024258522,-1.6110266147836916,1,
338.100000000,-17.950618450256858,23.642327708925823,-1.6169456851591524,1,
338.200000000,-17.954078423674893,23.567407560875072,-1.6199925598649,1,
338.300000000,-17.95776665298356,23.492498302671784,-1.6230394345706478,1,
338.400000000,-17.961683103943404,23.41760062973144,-1.6260863092763955,1,
338.500000000,-17.965827740196296,23.342715237361958,-1.6291331839821432,1,
338.600000000,-17.970200523265763,23.26784282075726,-1.6321800586878912,1,
338.700000000,-17.974801412557344,23.192984074990804,-1.635226933393639,1,
338.800000000,-17.979630365358968,23.11813969500914,-1.6382738080993864,1,
338.900000000,-17.984687336841347,23.04331037562545,-1.6413206828051343,1,
339.000000000,-17.9899722800584,22.9684968115131,-1.6443675575108816,1,
339.100000000,-17.99548514594768,22.893699697199196,-1.6474144322166298,1,
339.200000000,-18.00122588333084,22.818919727058137,-1.6504613069223772,1,
339.300000000,-18.007194438914098,22.74415759530516,-1.6535081816281252,1,
339.400000000,-18.013390757288736,22.669413995989903,-1.6565550563338731,1,
339.500000000,-18.019814780931615,22.594689622989954,-1.6596019310396206,1,
339.600000000,-18.026466450205707,22.519985170004418,-1.6370896636702952,1,
339.700000000,-18.03062912825479,22.457285381417382,-1.5999274817212068,1,
339.800000000,-18.032459407572148,22.3944742243271,-1.5627652997721175,1,
339.900000000,-18.031954760782103,22.331638432703087,-1.525603117823029,1,
340.000000000,-18.029115884735685,22.268864774531906,-1.4884409358739399,1,
340.100000000,-18.023946699548357,22.206239932001974,-1.451278753924851,1,
340.200000000,-18.016553769404926,22.144678313197574,-1.413282691912078,1,
340.300000000,-18.006827638908987,22.083441961971364,-1.375286629899305,1,
340.400000000,-17.994782347992984,22.022619274652627,-1.3372905678865321,1,
340.500000000,-17.980435284360148,21.962298050435614,-1.2992945058737588,1,
340.600000000,-17.963807158384885,21.90256536463902,-1.261298443860986,1,
340.700000000,-17.94492197321679,21.843507443010413,-1.2233023818482127,1,
340.800000000,-17.92380699013145,21.785209537257035,-1.1853063198354394,1,
340.900000000,-17.900492689178055,21.727755801982656,-1.1473102578226668,1,
341.000000000,-17.874670049623386,21.670468956513307,-1.1101480758735778,1,
341.100000000,-17.843237111028085,21.607128839881103,-1.0808587540185184,1,
341.200000000,-17.809526862156673,21.54391911620536,-1.0524956861564616,1,
341.300000000,-17.77403759039549,21.48169081367349,-1.024132618294405,1,
341.400000000,-17.736797843658632,21.420493989335043,-0.9957695504323485,1,
341.500000000,-17.697837577959216,21.360377870508497,-0.9674064825702923,1,
341.600000000,-17.65718813331249,21.301390815182355,-0.9390434147082356,1,
341.700000000,-17.614882208525618,21.243580273115498,-0.9106803468461794,1,
341.800000000,-17.570953834894436,21.18699274766814,-0.8823172789841228,1,
341.900000000,-17.52543834882835,21.131673758394072,-0.8539542111220663,1,
342.000000000,-17.47837236342539,21.0776678044243,-0.8255911432600095,1,
342.100000000,-17.42979373902028,21.025018328671514,-0.7972280753979538,1,
342.200000000,-17.377391802480034,20.97136166974802,-0.7872856289362055,1,
342.300000000,-17.32445898627345,20.918228657708045,-0.7799896632171397,1,
342.400000000,-17.271139925701878,20.865483252412748,-0.772693697498073,1,
342.500000000,-17.217437458985817,20.81312826154645,-0.7653977317790073,1,
342.600000000,-17.16335444475481,20.761166472011364,-0.7581017660599411,1,
342.700000000,-17.108893761895274,20.70960064977926,-0.7508058003408749,1,
342.800000000,-17.054058309397266,20.658433539744212,-0.7435098346218091,1,
342.900000000,-16.99885100620016,20.6076678655765,-0.7362138689027428,1,
343.000000000,-16.94327479103726,20.55730632957761,-0.7289179031836767,1,
343.100000000,-16.8873326222794,20.507351612536407,-0.7216219374646107,1,
343.200000000,-16.83102747777742,20.457806373586422,-0.7143259717455445,1,
343.300000000,-16.774362354703694,20.408673250064304,-0.7070300060264784,1,
343.400000000,-16.717340269392572,20.359954857369438,-0.6997340403074123,1,
343.500000000,-16.659964257179812,20.311653788824724,-0.6924380745883462,1,
343.600000000,-16.605538828096915,20.26651098571216,-0.6631487527332866,1,
343.700000000,-16.55264531583582,20.225192549068726,-0.6302675790487978,1,
343.800000000,-16.498422040587975,20.185635333957347,-0.5973864053643088,1,
343.900000000,-16.45643218618359,20.157069351391684,-0.548171868174478,1,
344.000000000,-16.426886469872425,20.139028952587203,-0.48278985975926747,1,
344.100000000,-16.402596826980183,20.126297244243915,-0.4102139941881098,1,
344.200000000,-16.37832125940093,20.115740148333927,-0.33668578021299866,1,
344.300000000,-16.35333573880696,20.106994908714817,-0.2631575662378874,1,
344.400000000,-16.327775286025275,20.10010878433728,-0.18962935226277625,1,
344.500000000,-16.302727236071465,20.095301174143017,-0.1151346050995662,1,
344.600000000,-16.277390845101426,20.09237112040939,-0.04063985793635619,1,
344.700000000,-16.2519066515789,20.09133487585569,0.033854889226853827,1,
344.800000000,-16.226416013813818,20.092198188428338,0.10834963639006383,1,
344.900000000,-16.201060325861697,20.09495626941757,0.18284438355327387,1,
345.000000000,-16.175980233224728,20.099593820019955,0.2573391307164839,1,
345.100000000,-16.15131485270506,20.10608511619935,0.33183387787969393,1,
345.200000000,-16.127201000737596,20.114394151375578,0.40632862504290407,1,
345.300000000,-16.10377243448271,20.124474836149396,0.480823372206114,1,
345.400000000,-16.081159109888475,20.136271253955844,0.5553181193693238,1,
345.500000000,-16.059486460837803,20.149717971227915,0.6298128665325339,1,
345.600000000,-16.057024166253825,20.15151256084211,0.7267659916579011,1,
345.700000000,-16.057024166253825,20.15151256084211,0.8267659916579008,1,
345.800000000,-16.057024166253825,20.15151256084211,0.926765991657901,1,
345.900000000,-16.057024166253825,20.15151256084211,1.026765991657901,1,
346.000000000,-16.057024166253825,20.15151256084211,1.1267659916579011,1,
346.100000000,-16.057024166253825,20.15151256084211,1.226765991657901,1,
346.200000000,-16.057024166253825,20.15151256084211,1.3267659916579015,1,
346.300000000,-16.057024166253825,20.15151256084211,1.4267659916579014,1,
346.400000000,-16.057024166253825,20.15151256084211,1.5267659916579015,1,
346.500000000,-16.057024166253825,20.15151256084211,1.6267659916579014,1,
346.600000000,-16.057024166253825,20.15151256084211,1.7267659916579017,1,
346.700000000,-16.057024166253825,20.15151256084211,1.8267659916579027,1,
346.800000000,-16.057024166253825,20.15151256084211,1.926765991657903,1,
346.900000000,-16.057024166253825,20.15151256084211,2.0267659916579013,1,
347.000000000,-16.057024166253825,20.15151256084211,2.126765991657902,1,
347.100000000,-16.069966984598448,20.172342747338345,2.202242264042188,1,
347.200000000,-16.094807793831293,20.206309290833712,2.2601614860032173,1,
347.300000000,-16.13113631339421,20.250382891442726,2.3030454321805296,1,
347.400000000,-16.170397489196684,20.294056107227142,2.3443190351997445,1,
347.500000000,-16.211427268074413,20.33607213925766,2.3855926382189594,1,
347.600000000,-16.254155765297845,20.376359422950806,2.4268662412381743,1,
347.700000000,-16.298510202763993,20.414849338245677,2.468139844257389,1,
347.800000000,-16.344415032957084,20.451476326482332,2.509413447276604,1,
347.900000000,-16.39179206762627,20.48617800206579,2.550687050295819,1,
348.000000000,-16.4405606109612,20.518895258725447,2.591960653315034,1,
348.100000000,-16.50451437194263,20.558073268582127,2.6154870160341015,1,
348.200000000,-16.569372065911153,20.595735976040373,2.634846976608588,1,
348.300000000,-16.63494670864956,20.63213606161349,2.654206937183074,1,
348.400000000,-16.701213723019997,20.667259882681652,2.6735668977575604,1,
348.500000000,-16.768148272386235,20.701094274964337,2.6929268583320467,1,
348.600000000,-16.835725269922357,20.73362655745424,2.712286818906533,1,
348.700000000,-16.903919388015204,20.76484453717008,2.7316467794810193,1,
348.800000000,-16.97270506775708,20.79473651372648,2.7510067400555056,1,
348.900000000,-17.04205652852512,20.82329128371923,2.770366700629992,1,
349.000000000,-17.1119477776438,20.850498144924277,2.789726661204478,1,
349.100000000,-17.18235262012687,20.876346900308892,2.8142503887071477,1,
349.200000000,-17.25337013676495,20.90046146708004,2.8387741162098172,1,
349.300000000,-17.324957618825874,20.922827343145528,2.8632978437124867,1,
349.400000000,-17.397072014809925,20.94343107804615,2.8878215712151563,1,
349.500000000,-17.46966995634028,20.962260281044564,2.9123452987178258,1,
349.600000000,-17.542707784243998,20.979303628576872,2.9368690262204953,1,
349.700000000,-17.616141574807926,20.994550871062415,2.961392753723165,1,
349.800000000,-17.689927166193677,21.0079928390677,2.9859164812258343,1,
349.900000000,-17.764020184995797,21.019621448820747,3.010440208728504,1,
350.000000000,-17.838376072927193,21.029429707072524,3.0349639362311733,1,
350.100000000,-17.91295011361573,21.037411715302575,3.059487663733843,1,
350.200000000,-17.98769745949589,21.04356267326629,3.077756698839011,1,
350.300000000,-18.0625446977902,21.048347118867888,3.0960257339441792,1,
350.400000000,-18.13746684835556,21.051763455306485,3.1142947690493474,1,
350.500000000,-18.21243890604702,21.0538105423854,3.1325638041545156,1,
350.600000000,-18.287435849063208,21.05448769689267,-3.1323524679199024,1,
350.700000000,-18.362432647297318,21.053794692829094,-3.114083432814734,1,
350.800000000,-18.437404270690866,21.051731761483637,-3.095814397709566,1,
350.900000000,-18.51232569758743,21.04829959135626,-3.077545362604398,1,
351.000000000,-18.587171923083577,21.04349932792811,-3.0592763274992296,1,
351.100000000,-18.661917967374233,21.037332573279247,-3.0410072923940614,1,
351.200000000,-18.73653888408963,21.029801385553924,-3.0227382572888932,1,
351.300000000,-18.81100976862112,21.020908278273698,-3.004469222183725,1,
351.400000000,-18.885305766433053,21.010656219498546,-2.986200187078557,1,
351.500000000,-18.959402081357936,20.999048630836285,-2.9679311519733886,1,
351.600000000,-19.033273983872114,20.986089386300602,-2.9663845228348187,1,
351.700000000,-19.107125754896014,20.973015904873172,-2.9663845228348187,1,
351.800000000,-19.180977525919914,20.959942423445742,-2.9663845228348187,1,
351.900000000,-19.254829296943814,20.946868942018313,-2.9663845228348187,1,
352.000000000,-19.328681067967715,20.933795460590883,-2.9663845228348187,1,
352.100000000,-19.402532838991615,20.920721979163453,-2.9663845228348187,1,
352.200000000,-19.476384610015515,20.907648497736023,-2.9788434609202503,1,
352.300000000,-19.550393526769685,20.895496121800665,-2.9925163345062704,1,
352.400000000,-19.624561678464527,20.88435676480976,-3.0061892080922905,1,
352.500000000,-19.69887519976758,20.874232509205495,-3.0198620816783106,1,
352.600000000,-19.773320198170328,20.865125247662377,-3.0335349552643307,1,
352.700000000,-19.847882756585324,20.8570366827334,-3.047207828850351,1,
352.800000000,-19.92254893594792,20.84996832653178,-3.060880702436371,1,
352.900000000,-19.997304777822087,20.84392150044825,-3.074553576022391,1,
353.000000000,-20.072136307009888,20.83889733490405,-3.088226449608411,1,
353.100000000,-20.147029534164044,20.834896769139597,-3.101899323194431,1,
353.200000000,-20.221970458403188,20.831920551038895,-3.1034459523330016,1,
353.300000000,-20.296915896114495,20.82906024226873,-3.104992581471572,1,
353.400000000,-20.37186566802389,20.82631584967114,-3.1065392106101424,1,
353.500000000,-20.446819594846932,20.823687379810877,-3.1080858397487128,1,
353.600000000,-20.521777497289236,20.821174838975402,-3.109632468887283,1,
353.700000000,-20.596739196046915,20.818778233174868,-3.1111772123256785,1,
353.800000000,-20.67170450750621,20.816497426779996,-3.112723841464249,1,
353.900000000,-20.74667325686492,20.814332566601898,-3.1142704706028193,1,
354.000000000,-20.82164526479321,20.812283657819055,-3.1158170997413897,1,
354.100000000,-20.896620351953448,20.810350705332578,-3.117361843179785,1,
354.200000000,-20.971598335574196,20.80853357238021,-3.1189084723183553,1,
354.300000000,-21.046579039948636,20.806832404689178,-3.1204551014569257,1,
354.400000000,-21.12156228571833,20.805247206328776,-3.122001730595496,1,
354.500000000,-21.196547893518762,20.803777981090896,-3.1235483597340665,1,
354.600000000,-21.27153568397977,20.802424732490017,-3.125094988872637,1,
354.700000000,-21.346525477725972,20.801187463763192,-3.1266416180112073,1,
354.800000000,-21.421517095377187,20.80006617787004,-3.1281882471497777,1,
354.900000000,-21.496510357548875,20.79906087749275,-3.129734876288348,1,
355.000000000,-21.57150508485256,20.798171565036057,-3.1312815054269185,1,
355.100000000,-21.64650109789627,20.797398242627256,-3.132828134565489,1,
355.200000000,-21.721498217284946,20.796740912116178,-3.1343747637040593,1,
355.300000000,-21.796496263620888,20.7961995750752,-3.1359195071424546,1,
355.400000000,-21.871495056701978,20.795774091373993,-3.137466136281025,1,
355.500000000,-21.94649441814744,20.79546460345417,-3.1390127654195954,1,
355.600000000,-22.02149416855422,20.795271112056046,-3.1390127654195954,1,
355.700000000,-22.096493918961,20.79507762065792,-3.1390127654195954,1,
355.800000000,-22.171493669367777,20.794884129259795,-3.1390127654195954,1,
355.900000000,-22.246493419774556,20.79469063786167,-3.1390127654195954,1,
356.000000000,-22.321493170181334,20.794497146463545,-3.1390127654195954,1,
356.100000000,-22.396492920588113,20.79430365506542,-3.1390127654195954,1,
356.200000000,-22.47149267099489,20.794110163667295,-3.1390127654195954,1,
356.300000000,-22.54649242140167,20.79391667226917,-3.1390127654195954,1,
356.400000000,-22.62149217180845,20.793723180871044,-3.1390127654195954,1,
356.500000000,-22.696491922215227,20.79352968947292,-3.1405575088579907,1,
356.600000000,-22.771491882033057,20.7934520536319,-3.1405575088579907,1,
356.700000000,-22.846491841850888,20.79337441779088,-3.1405575088579907,1,
356.800000000,-22.92149180166872,20.79329678194986,-3.1405575088579907,1,
356.900000000,-22.99649176148655,20.79321914610884,-3.1405575088579907,1,
357.000000000,-23.07149172130438,20.79314151026782,-3.1405575088579907,1,
357.100000000,-23.14649168112221,20.7930638744268,-3.1405575088579907,1,
357.200000000,-23.22149164094004,20.79298623858578,-3.1405575088579907,1,
357.300000000,-23.29649160075787,20.79290860274476,-3.1405575088579907,1,
357.400000000,-23.371491560575702,20.79283096690374,-3.1405575088579907,1,
357.500000000,-23.446491520393533,20.79275333106272,-3.1405575088579907,1,
357.600000000,-23.521491480211363,20.7926756952217,-3.1405575088579907,1,
357.700000000,-23.596491440029194,20.79259805938068,-3.1405575088579907,1,
357.800000000,-23.671491399847024,20.79252042353966,-3.1405575088579907,1,
357.900000000,-23.746491359664855,20.79244278769864,-3.1405575088579907,1,
358.000000000,-23.821491319482686,20.79236515185762,-3.1405575088579907,1,
358.100000000,-23.896491279300516,20.7922875160166,-3.1405575088579907,1,
358.200000000,-23.971491239118347,20.79220988017558,-3.1405575088579907,1,
358.300000000,-24.046491198936177,20.79213224433456,-3.1405575088579907,1,
358.400000000,-24.121491158754008,20.79205460849354,-3.1405575088579907,1,
358.500000000,-24.19649111857184,20.79197697265252,-3.1405575088579907,1,
358.600000000,-24.27149107838967,20.7918993368115,-3.116033781355321,1,
358.700000000,-24.329391383434324,20.790419147984437,-3.0739530034083464,1,
358.800000000,-24.37137593581619,20.787574988766032,-3.0160337814473173,1,
358.900000000,-24.39570660860285,20.7845039013498,-2.940557509063031,1,
359.000000000,-24.395706608778724,20.78450390131396,-2.8405575092425206,1,
359.100000000,-24.395706608778724,20.78450390131396,-2.7405575092425205,1,
359.200000000,-24.395706608778724,20.78450390131396,-2.6405575092425204,1,
359.300000000,-24.395706608778724,20.78450390131396,-2.5405575092425203,1,
359.400000000,-24.395706608778724,20.78450390131396,-2.4405575092425202,1,
359.500000000,-24.395706608778724,20.78450390131396,-2.34055750924252,1,
359.600000000,-24.395706608778724,20.78450390131396,-2.24055750924252,1,
359.700000000,-24.395706608778724,20.78450390131396,-2.14055750924252,1,
359.800000000,-24.395706608778724,20.78450390131396,-2.04055750924252,1,
359.900000000,-24.395706608778724,20.78450390131396,-1.9405575092425198,1,
360.000000000,-24.395706608778724,20.78450390131396,-1.8405575092425206,1,
360.100000000,-24.395706608778724,20.78450390131396,-1.7405575092425203,1,
360.200000000,-24.395706608778724,20.78450390131396,-1.6405575092425195,1,
360.300000000,-24.395706608778724,20.78450390131396,-1.5405575092425203,1,
360.400000000,-24.395706608778724,20.78450390131396,-1.440557509242519,1,
360.500000000,-24.395706608778724,20.78450390131396,-1.3405575092425193,1,
360.600000000,-24.395706608778724,20.78450390131396,-1.2405575092425196,1,
360.700000000,-24.395706608778724,20.78450390131396,-1.140557509242519,1,
360.800000000,-24.395706608778724,20.78450390131396,-1.0405575092425188,1,
360.900000000,-24.395706608778724,20.78450390131396,-0.940557509242519,1,
361.000000000,-24.395706608778724,20.78450390131396,-0.8405575092425192,1,
361.100000000,-24.395706608778724,20.78450390131396,-0.7405575092425194,1,
361.200000000,-24.377605828808065,20.76795775431161,-0.6650812368582331,1,
361.300000000,-24.34449386777014,20.741988735912987,-0.6071620148972037,1,
361.400000000,-24.29692651907207,20.70894356045478,-0.5650812369502288,1,
361.500000000,-24.245954419802754,20.67662466445489,-0.5254357392062559,1,
361.600000000,-24.19374141028557,20.646351448904987,-0.48579024146228217,1,
361.700000000,-24.140369546378516,20.618171489968542,-0.4461447437183088,1,
361.800000000,-24.085922705148374,20.592129074131442,-0.40649924597433545,1,
361.900000000,-24.030486453052887,20.568265128603127,-0.36685374823036204,1,
362.000000000,-23.974147911467977,20.546617156997037,-0.32720825048638863,1,
362.100000000,-23.9169956197713,20.52721918039146,-0.28756275274241544,1,
362.200000000,-23.85911939619734,20.510101683863354,-0.24791725499844203,1,
362.300000000,-23.800610196682694,20.495291568579265,-0.20827175725446867,1,
362.400000000,-23.741559971923397,20.48281210951851,-0.16862625951049526,1,
362.500000000,-23.682061522868914,20.47268291889517,-0.12898076176652185,1,
362.600000000,-23.622208354879923,20.464919915336335,-0.08933526402254845,1,
362.700000000,-23.56209453077906,20.459535298865013,-0.049689766278575076,1,
362.800000000,-23.50181452302558,20.456537531727086,-0.010044268534601705,1,
362.900000000,-23.44146306524626,20.45593132509237,0.029601229209371683,1,
363.000000000,-23.38113500335586,20.457717631650738,0.06924672695334505,1,
363.100000000,-23.32092514650109,20.46189364411492,0.10889222469731842,1,
363.200000000,-23.260111163710576,20.468542112899705,0.14771590051853856,1,
363.300000000,-23.199601060105913,20.47754600104762,0.18653957633975865,1,
363.400000000,-23.139486029767767,20.488891738902478,0.2253632521609788,1,
363.500000000,-23.079856671366432,20.502562227433344,0.264186927982199,1,
363.600000000,-23.020802851621617,20.518536864004304,0.303010603803419,1,
363.700000000,-22.962413569865348,20.53679157342445,0.3418342796246391,1,
363.800000000,-22.904776823912087,20.557298844231326,0.3806579554458592,1,
363.900000000,-22.847979477438262,20.580027770153144,0.41948163126707927,1,
364.000000000,-22.792107129071,20.604944096687255,0.45830530708829953,1,
364.100000000,-22.73724398338343,20.63201027272473,0.49712898290951957,1,
364.200000000,-22.68419506879305,20.660793576971383,0.5367744806534929,1,
364.300000000,-22.633030331244715,20.69123933667266,0.5772364705072206,1,
364.400000000,-22.58245483154079,20.724175407662855,0.6168819682511939,1,
364.500000000,-22.533890499271685,20.758617827488322,0.6573439581049213,1,
364.600000000,-22.486759144286406,20.79499653045351,0.697805947958649,1,
364.700000000,-22.440512278046743,20.833776593702343,0.7374514457026227,1,
364.800000000,-22.395838803849713,20.874359184129027,0.777096943446596,1,
364.900000000,-22.352808928723967,20.916680523772705,0.8167424411905697,1,
365.000000000,-22.311490276684204,20.960674102124436,0.8563879389345429,1,
365.100000000,-22.27248272406484,21.005653936392974,0.8968499287882705,1,
365.200000000,-22.231140299786585,21.057416224425914,0.9306039439468593,1,
365.300000000,-22.191046886352925,21.11124423799886,0.9634851176313481,1,
365.400000000,-22.152744754244132,21.166361236482924,0.996366291315837,1,
365.500000000,-22.11627531090609,21.222707634314418,1.0292474650003263,1,
365.600000000,-22.081677982512183,21.280222516857773,1.062128638684815,1,
365.700000000,-22.048990171340673,21.338843706258768,1.0950098123693037,1,
365.800000000,-22.018247215340068,21.398507828663416,1.1278909860537933,1,
365.900000000,-21.989482349926174,21.459150382729785,1.1607721597382819,1,
366.000000000,-21.962726672052153,21.520705809358745,1.1936533334227708,1,
366.100000000,-21.938009106590396,21.583107562568213,1.2265345071072598,1,
366.200000000,-21.9153563750626,21.646288181434297,1.2594156807917487,1,
366.300000000,-21.894792966751826,21.710179363021556,1.2922968544762379,1,
366.400000000,-21.876341112227752,21.77471203622354,1.3251780281607268,1,
366.500000000,-21.860651137511894,21.83730176075801,1.3606516852929886,1,
366.600000000,-21.847190854535427,21.900408572641343,1.3961253424252502,1,
366.700000000,-21.835977199677814,21.963953067828726,1.4315989995575122,1,
366.800000000,-21.827024282502293,22.02785529156103,1.4670726566897743,1,
366.900000000,-21.820343368002536,22.092034838967752,1.5025463138220356,1,
367.000000000,-21.815942862428493,22.15641095623633,1.5380199709542974,1,
367.100000000,-21.813828302709243,22.22090264222048,1.5734936280865597,1,
367.200000000,-21.8139867053036,22.279628825571375,1.6147672311057741,1,
367.300000000,-21.816532645285278,22.337492064962525,1.656848009052749,1,
367.400000000,-21.82151054300065,22.39519697651746,1.698928786999724,1,
367.500000000,-21.82891158492959,22.452641391925695,1.741009564946699,1,
367.600000000,-21.83872266730104,22.509723604093132,1.7830903428936737,1,
367.700000000,-21.85196278206895,22.571150721381283,1.8202525248427626,1,
367.800000000,-21.867270129893964,22.631235440141445,1.8582485868555352,1,
367.900000000,-21.885323604275257,22.692301120646633,1.8945701346695911,1,
368.000000000,-21.905582683780896,22.752670939019573,1.930891682483647,1,
368.100000000,-21.92802064446045,22.81226526084087,1.967213230297703,1,
368.200000000,-21.954621470770707,22.87581602899347,1.9983198046812212,1,
368.300000000,-21.98356034632816,22.939330428932404,2.0285234042143436,1,
368.400000000,-22.0144040948771,23.00194193501222,2.058727003747465,1,
368.500000000,-22.047124581117888,23.063593433763664,2.0889306032805885,1,
368.600000000,-22.08169195781314,23.124228687424726,2.119134202813711,1,
368.700000000,-22.118074693014023,23.183792385240046,2.1493378023468335,1,
368.800000000,-22.15623959882333,23.242230193914732,2.179541401879956,1,
368.900000000,-22.19615186166907,23.29948880717654,2.2097450014130784,1,
369.000000000,-22.237775074061,23.35551599440122,2.239948600946201,1,
369.100000000,-22.281071267801096,23.410260648256667,2.2701522004793233,1,
369.200000000,-22.32935063519978,23.467654922218298,2.2861722355523537,1,
369.300000000,-22.378543226439586,23.524268427383703,2.301031646975588,1,
369.400000000,-22.428571599273056,23.580144736421033,2.314704520561608,1,
369.500000000,-22.47935926174628,23.6353318122677,2.328377394147628,1,
369.600000000,-22.53089671938206,23.689819338000113,2.342050267733648,1,
369.700000000,-22.583174337533073,23.743597127471762,2.355723141319668,1,
369.800000000,-22.636182343183012,23.796655127217477,2.3693960149056883,1,
369.900000000,-22.689910826773602,23.848983418332857,2.3830688884917084,1,
370.000000000,-22.744349744057136,23.90057221832856,2.3967417620777285,1,
370.100000000,-22.79948891797419,23.951411882959086,2.4104146356637486,1,
370.200000000,-22.85531804055618,24.00149290802572,2.4104146356637486,1,
370.300000000,-22.91114716313817,24.051573933092357,2.408868006525178,1,
370.400000000,-22.966898762205044,24.101741245173894,2.407321377386608,1,
370.500000000,-23.022572704395564,24.151994724267052,2.4057747482480374,1,
370.600000000,-23.07816885653425,24.202334250162433,2.404228119109467,1,
370.700000000,-23.133687085631706,24.252759702444813,2.4026814899708966,1,
370.800000000,-23.189127258884927,24.303270960493418,2.401134860832326,1,
370.900000000,-23.244489243677627,24.35386790348223,2.399588231693756,1,
371.000000000,-23.299772907580547,24.40455041038026,2.4055073020692164,1,
371.100000000,-23.355355594617226,24.454904803453584,2.411426372444677,1,
371.200000000,-23.411235357432002,24.50492931852134,2.4173454428201375,1,
371.300000000,-23.467410238261078,24.554622202960054,2.423264513195598,1,
371.400000000,-23.52387826900111,24.60398171576501,2.430560478914664,1,
371.500000000,-23.580704918938032,24.652927929683415,2.4391968816069705,1,
371.600000000,-23.63795216356939,24.701381546494932,2.4464928473260366,1,
371.700000000,-23.695551397331045,24.74941620346332,2.455129250018343,1,
371.800000000,-23.753563324499748,24.796951625057886,2.463765652710649,1,
371.900000000,-23.811983618140594,24.843984265754717,2.4724020554029553,1,
372.000000000,-23.870807920859853,24.89051061753081,2.4810384580952616,1,
372.100000000,-23.93003184512997,24.936527210125735,2.489674860787568,1,
372.200000000,-23.98965097361683,24.982030611300456,2.499617307249316,1,
372.300000000,-24.049719563062048,25.02693901320992,2.509559753711064,1,
372.400000000,-24.110231675599824,25.071247976594492,2.5195022001728122,1,
372.500000000,-24.171181329521463,25.114953121449904,2.5294446466345604,1,
372.600000000,-24.232562499866678,25.158050127460204,2.5393870930963085,1,
372.700000000,-24.29436911901917,25.20053473442483,2.5506031175323285,1,
372.800000000,-24.35664834899987,25.242323459136305,2.5618191419683485,1,
372.900000000,-24.419392355213343,25.28341104466142,2.5717615884300966,1,
373.000000000,-24.482541764648516,25.32387278075849,2.5829776128661166,1,
373.100000000,-24.546141012358426,25.363623701385986,2.5941936373021366,1,
373.200000000,-24.610182097692196,25.402658805962158,2.6054096617381566,1,
373.300000000,-24.674656964416716,25.440973183953393,2.6166256861741766,1,
373.400000000,-24.739557501730093,25.47856201549196,2.6278417106101966,1,
373.500000000,-24.804875545281977,25.51542057198234,2.6390577350462165,1,
373.600000000,-24.870602878200607,25.551544216696065,2.6502737594822365,1,
373.700000000,-24.936731232126494,25.58692840535502,2.6614897839182565,1,
373.800000000,-25.00325228825255,25.6215686867031,2.6727058083542765,1,
373.900000000,-25.070157678370585,25.655460703066158,2.6839218327902965,1,
374.000000000,-25.137438985924,25.688600190900207,2.6951378572263165,1,
374.100000000,-25.205087747066578,25.72098298132775,2.7063538816623365,1,
374.200000000,-25.273095451727222,25.752605000662236,2.7175699060983565,1,
374.300000000,-25.341453544680498,25.7834622709205,2.7287859305343765,1,
374.400000000,-25.410153426622863,25.81355091032319,2.7400019549703964,1,
374.500000000,-25.479186455254442,25.842867133783102,2.7512179794064164,1,
374.600000000,-25.548543946366216,25.871407253381317,2.7624340038424364,1,
374.700000000,-25.618217174932465,25.89916767883114,2.7736500282784564,1,
374.800000000,-25.68819737620837,25.92614491792975,2.7848660527144764,1,
374.900000000,-25.758475746832598,25.95233557699752,2.7948084991762245,1,
375.000000000,-25.829011038833624,25.97782621414785,2.8047509456379727,1,
375.100000000,-25.899796279697163,26.002614309594875,2.814693392099721,1,
375.200000000,-25.97082447220112,26.026697412999983,2.824635838561469,1,
375.300000000,-26.04208859510728,26.050073143714023,2.834578285023217,1,
375.400000000,-26.113581603855383,26.07273919101265,2.844520731484965,1,
375.500000000,-26.185296431259466,26.09469331432474,2.8544631779467133,1,
375.600000000,-26.257225988206482,26.115933343453865,2.8644056244084615,1,
375.700000000,-26.32936316435706,26.136457178792828,2.8743480708702096,1,
375.800000000,-26.401700828848366,26.156262791531216,2.8842905173319577,1,
375.900000000,-26.474231830999024,26.175348223855934,2.894232963793706,1,
376.000000000,-26.54694900101594,26.193711589144762,2.904175410255454,1,
376.100000000,-26.619845150703068,26.211351072152826,2.914117856717202,1,
376.200000000,-26.692913074171965,26.228264929192054,2.9227542594095084,1,
376.300000000,-26.766124345747286,26.24454711928812,2.9313906621018146,1,
376.400000000,-26.83947350482081,26.26019642800151,2.940027064794121,1,
376.500000000,-26.912955080499696,26.275211688097425,2.948663467486427,1,
376.600000000,-26.986563592014555,26.289591779632843,2.9572998701787334,1,
376.700000000,-27.06029354912823,26.30333563004005,2.9659362728710397,1,
376.800000000,-27.134139452545305,26.316442214206642,2.974572675563346,1,
376.900000000,-27.20809579432228,26.328910554551985,2.983209078255652,1,
377.000000000,-27.282157058278386,26.34073972110013,2.9905050439747183,1,
377.100000000,-27.356302655489316,26.35202822916075,2.9978010096937844,1,
377.200000000,-27.430528639119704,26.36277547783663,3.0064374123860906,1,
377.300000000,-27.504844671017388,26.372881288194158,3.015073815078397,1,
377.400000000,-27.5792452081734,26.382344906471374,3.023710217770703,1,
377.500000000,-27.653724701275777,26.391165626805495,3.0323466204630094,1,
377.600000000,-27.728277595123473,26.399342791285566,3.0409830231553157,1,
377.700000000,-27.802898329040698,26.406875790001514,3.049619425847622,1,
377.800000000,-27.87758133729168,26.413764061089662,3.058255828539928,1,
377.900000000,-27.952321049495787,26.42000709077461,3.0668922312322344,1,
378.000000000,-28.027111891043013,26.425604413407587,3.0755286339245407,1,
378.100000000,-28.10194828350977,26.430555611501152,3.084165036616847,1,
378.200000000,-28.17682464507496,26.434860315760353,3.092801439309153,1,
378.300000000,-28.251735390936307,26.438518205110267,3.1014378420014594,1,
378.400000000,-28.326674933726927,26.441529006719946,3.1100742446937657,1,
378.500000000,-28.401637683932048,26.443892496022766,3.118710647386072,1,
378.600000000,-28.47661805030593,26.44560849673318,3.11420714679988,1,
378.700000000,-28.551589928339208,26.447662153024567,3.1082880764244196,1,
378.800000000,-28.626548337376537,26.450159534571757,3.102369006048959,1,
378.900000000,-28.701490651228184,26.453100553878254,3.0964499356734985,1,
379.000000000,-28.776414244268313,26.45648510790459,3.090530865298038,1,
379.100000000,-28.851316491526976,26.46031307807193,3.0846117949225773,1,
379.200000000,-28.926194768782086,26.464584330266216,3.077315829203511,1,
379.300000000,-28.99862076210891,26.46924606489058,3.0498916948827097,1,
379.400000000,-29.069034343160208,26.475721217958238,3.02060237302765,1,
379.500000000,-29.1392280979919,26.484255665002173,2.99131305117259,1,
379.600000000,-29.209141814187078,26.494842085147695,2.96202372931753,1,
379.700000000,-29.278715519546832,26.507471397331322,2.9327344074624704,1,
379.800000000,-29.347889533534584,26.52213276809056,2.9034450856074105,1,
379.900000000,-29.41660451847023,26.538813620856875,2.8741557637523507,1,
380.000000000,-29.48480153043019,26.5574996467439,2.844866441897291,1,
380.100000000,-29.55242206980968,26.578174816821658,2.815577120042231,1,
380.200000000,-29.61600547698894,26.599671029917182,2.782695946357742,1,
380.300000000,-29.678030593315054,26.6229393657481,2.7489419311991528,1,
380.400000000,-29.739235128717986,26.648287646828273,2.7151879160405636,1,
380.500000000,-29.799549357438245,26.675686995752812,2.6814339008819745,1,
380.600000000,-29.8589045679763,26.7051061984883,2.6476798857233854,1,
380.700000000,-29.917233141370463,26.73651173993261,2.6139258705647963,1,
380.800000000,-29.974468628230124,26.769867842096172,2.580171855406207,1,
380.900000000,-30.030545824436587,26.805136504861157,2.546417840247618,1,
381.000000000,-30.085400845425255,26.842277549272172,2.512663825089029,1,
381.100000000,-30.138971198964544,26.88124866330916,2.47890980993044,1,
381.200000000,-30.19809703599727,26.92739121845275,2.461753671067205,1,
381.300000000,-30.256422582647556,26.974541304433007,2.4468942596439707,1,
381.400000000,-30.31404109347115,27.022552836490124,2.4320348482207366,1,
381.500000000,-30.370939846413503,27.07141521377168,2.4171754367975025,1,
381.600000000,-30.4271062783412,27.121117647560293,2.4023160253742684,1,
381.700000000,-30.482527987815867,27.17164916365575,2.3874566139510343,1,
381.800000000,-30.537192737832402,27.22299860479808,2.3725972025278,1,
381.900000000,-30.59108845852087,27.275154633131063,2.357737791104566,1,
382.000000000,-30.644203249811497,27.328105732705605,2.342878379681332,1,
382.100000000,-30.696525384062205,27.381840212022436,2.328018968258098,1,
382.200000000,-30.74804330864804,27.436346206613567,2.3131595568348637,1,
382.300000000,-30.798745648511964,27.491611681661947,2.2983001454116296,1,
382.400000000,-30.848621208676455,27.54762443465873,2.2834407339883955,1,
382.500000000,-30.89765897671533,27.60437209809755,2.2685813225651614,1,
382.600000000,-30.94584812518527,27.661842142205256,2.2537219111419273,1,
382.700000000,-30.993178014016504,27.72002187770846,2.238862499718693,1,
382.800000000,-31.03368014480076,27.771348132580485,2.204244508232142,1,
382.900000000,-31.062811581606976,27.811014618046812,2.1534590455117395,1,
383.000000000,-31.080904423023398,27.838470413044288,2.0863402192964933,1,
383.100000000,-31.09097661964159,27.856245089624743,2.0067703018282717,1,
383.200000000,-31.098691513925168,27.872805224118967,1.9250393370593295,1,
383.300000000,-31.10502868557945,27.889939922940297,1.8433083722903851,1,
383.400000000,-31.10994582617022,27.907534790847848,1.7615774075214419,1,
383.500000000,-31.11341010772144,27.925472360404715,1.6798464427524986,1,
383.600000000,-31.11539840188246,27.943632876217954,1.5981154779835558,1,
383.700000000,-31.115897434338287,27.96189509445347,1.516384513214612,1,
383.800000000,-31.114903873431995,27.980137092288114,1.434653548445669,1,
383.900000000,-31.112424352407647,27.998237081894835,1.3529225836767258,1,
384.000000000,-31.108475425125206,28.016074223526598,1.271191618907782,1,
384.100000000,-31.097507284079178,28.05158095044308,1.2083538009525323,1,
384.200000000,-31.078663978954875,28.101273996546684,1.1614995343566608,1,
384.300000000,-31.05298479787853,28.160470521640082,1.1260258772243992,1,
384.400000000,-31.025222295349852,28.21871906134049,1.0905522200921374,1,
384.500000000,-30.994213687331506,28.2782455518698,1.0576710464076484,1,
384.600000000,-30.96126489241919,28.336720450414372,1.0247898727231588,1,
384.700000000,-30.925953380981838,28.39483454342242,0.9927909804063322,1,
384.800000000,-30.88928271527354,28.451050191799737,0.9599098067218431,1,
384.900000000,-30.850783767983508,28.50602989626903,0.927028633037354,1,
385.000000000,-30.809968602365288,28.560419903638913,0.8950297407205274,1,
385.100000000,-30.767434207889195,28.61347625040997,0.863030848403701,1,
385.200000000,-30.718673890206553,28.670462489270662,0.8518148239676809,1,
385.300000000,-30.669277493849624,28.726898258309006,0.8431784212753742,1,
385.400000000,-30.619395543688228,28.78290532079309,0.8345420185830678,1,
385.500000000,-30.569031760266775,28.838479499324826,0.8259056158907614,1,
385.600000000,-30.51818990006817,28.893616648793632,0.8172692131984548,1,
385.700000000,-30.466873755233618,28.94831265668561,0.8086328105061484,1,
385.800000000,-30.415087153279792,29.002563443390283,0.7999964078138418,1,
385.900000000,-30.362833956813347,29.056364962504887,0.7913600051215354,1,
386.000000000,-30.310118063242808,29.109713201136163,0.7827236024292288,1,
386.100000000,-30.25694340448789,29.162604180199686,0.7740871997369223,1,
386.200000000,-30.203313946686226,29.215033954716645,0.7740871997369223,1,
386.300000000,-30.14968448888456,29.267463729233604,0.7756338288754921,1,
386.400000000,-30.096136184610035,29.319976385892,0.7771804580140623,1,
386.500000000,-30.042669161953473,29.372571799078347,0.778727087152632,1,
386.600000000,-29.989283548811265,29.425249842981195,0.780273716291202,1,
386.700000000,-29.935979472885066,29.47801039159144,0.7818203454297721,1,
386.800000000,-29.882757061681488,29.530853318702615,0.783366974568342,1,
386.900000000,-29.829616442511796,29.583778497911208,0.7849136037069121,1,
387.000000000,-29.776557742491605,29.63678580261695,0.7864602328454824,1,
387.100000000,-29.723581088540573,29.68987510602312,0.788006861984052,1,
387.200000000,-29.670686607382102,29.74304628113686,0.7895534911226221,1,
387.300000000,-29.617874425543025,29.79629920076946,0.7911001202611919,1,
387.400000000,-29.565144669353316,29.84963373753668,0.7926467493997619,1,
387.500000000,-29.512497464945778,29.90304976385904,0.7941933785383317,1,
387.600000000,-29.46028704986075,29.95618675594685,0.8196986312638385,1,
387.700000000,-29.421308683228002,29.99793517554471,0.8625825774411507,1,
387.800000000,-29.394461107988228,30.029283509113917,0.9213089743294567,1,
387.900000000,-29.380232876248446,30.048019761934444,0.9977826114954851,1,
388.000000000,-29.37858096171316,30.0505799620965,1.094735736620852,1,
388.100000000,-29.37858096171316,30.0505799620965,1.1947357366208524,1,
388.200000000,-29.37858096171316,30.0505799620965,1.2947357366208523,1,
388.300000000,-29.37858096171316,30.0505799620965,1.3947357366208522,1,
388.400000000,-29.37858096171316,30.0505799620965,1.4947357366208522,1,
388.500000000,-29.37858096171316,30.0505799620965,1.594735736620853,1,
388.600000000,-29.37858096171316,30.0505799620965,1.6947357366208529,1,
388.700000000,-29.37858096171316,30.0505799620965,1.7947357366208527,1,
388.800000000,-29.37858096171316,30.0505799620965,1.894735736620853,1,
388.900000000,-29.37858096171316,30.0505799620965,1.994735736620854,1,
389.000000000,-29.37858096171316,30.0505799620965,2.0947357366208528,1,
389.100000000,-29.37858096171316,30.0505799620965,2.194735736620853,1,
389.200000000,-29.37858096171316,30.0505799620965,2.294735736620853,1,
389.300000000,-29.37858096171316,30.0505799620965,2.394735736620853,1,
389.400000000,-29.37858096171316,30.0505799620965,2.494735736620853,1,
389.500000000,-29.37858096171316,30.0505799620965,2.594735736620853,1,
389.600000000,-29.37858096171316,30.0505799620965,2.6947357366208533,1,
389.700000000,-29.37858096171316,30.0505799620965,2.7947357366208534,1,
389.800000000,-29.37858096171316,30.0505799620965,2.8947357366208535,1,
389.900000000,-29.37858096171316,30.0505799620965,2.9947357366208536,1,
390.000000000,-29.37858096171316,30.0505799620965,3.0947357366208537,1,
390.100000000,-29.37858096171316,30.0505799620965,-3.0884495705587325,1,
390.200000000,-29.40307006767847,30.04927730896174,-3.012973298174446,1,
390.300000000,-29.43909159696222,30.04461852471304,-2.9492948460849635,1,
390.400000000,-29.473911392449153,30.037838981993197,-2.8847685033145454,1,
390.500000000,-29.508221568792724,30.02882831295505,-2.8202421605441272,1,
390.600000000,-29.54187932002436,30.017624021845343,-2.755715817773709,1,
390.700000000,-29.5747445557022,30.004272743214365,-2.691189475003291,1,
390.800000000,-29.606680483996133,29.988830047813416,-2.626663132232873,1,
390.900000000,-29.638292123563463,29.970942647597585,-2.56298468014339,1,
391.000000000,-29.66799154570602,29.951543557885948,-2.498458337372972,1,
391.100000000,-29.696378276464984,29.930269774159026,-2.433931994602554,1,
391.200000000,-29.735566526423735,29.896745433370157,-2.3855033079478414,1,
391.300000000,-29.785039004750164,29.850091124518997,-2.353504415631015,1,
391.400000000,-29.837929158877305,29.796915645241352,-2.3374843805579846,1,
391.500000000,-29.889960689638865,29.74289972345334,-2.3238115069719645,1,
391.600000000,-29.941248827035935,29.688177452280268,-2.3101386333859444,1,
391.700000000,-29.99178398303025,29.63275906175302,-2.2964657597999243,1,
391.800000000,-30.041556710349322,29.576654912038215,-2.282792886213904,1,
391.900000000,-30.09055770425256,29.519875491501416,-2.269120012627884,1,
392.000000000,-30.138777804270738,29.462431414746394,-2.255447139041864,1,
392.100000000,-30.18620799591849,29.404333420630785,-2.241774265455844,1,
392.200000000,-30.232839412379523,29.34559237025851,-2.2462777660420357,1,
392.300000000,-30.27973489542398,29.287061919465554,-2.2521968364174962,1,
392.400000000,-30.32697600080435,29.2288100700319,-2.2594928021365623,1,
392.500000000,-30.374640848567903,29.17090443742438,-2.2667887678556284,1,
392.600000000,-30.422726901472867,29.113348104010747,-2.2740847335746945,1,
392.700000000,-30.471231599856345,29.05614413356526,-2.2813806992937606,1,
392.800000000,-30.520152361770577,28.99929557110559,-2.2886766650128267,1,
392.900000000,-30.569486583120373,28.94280544273072,-2.295972630731893,1,
393.000000000,-30.619231637801732,28.88667675545987,-2.303268596450959,1,
393.100000000,-30.669384877841637,28.830912497072443,-2.310564562170025,1,
393.200000000,-30.719943633539003,28.775515635948963,-2.317860527889091,1,
393.300000000,-30.77090521360679,28.72048912091308,-2.3251564936081572,1,
393.400000000,-30.822266905315267,28.66583588107459,-2.3324524593272233,1,
393.500000000,-30.8740259746364,28.611558825673523,-2.3397484250462894,1,
393.600000000,-30.926179666389398,28.557660843925287,-2.342795299752037,1,
393.700000000,-30.9784973362028,28.503922017874693,-2.345842174457785,1,
393.800000000,-31.030978498388745,28.45034284640282,-2.3488890491635326,1,
393.900000000,-31.0836226657416,28.396923826908594,-2.3519359238692803,1,
394.000000000,-31.13642934954249,28.343665455304187,-2.354982798575028,1,
394.100000000,-31.18939805956382,28.290568226010407,-2.3580296732807757,1,
394.200000000,-31.242528304073844,28.237632631952106,-2.3564830441422058,1,
394.300000000,-31.29557661333887,28.18461492845486,-2.354936415003636,1,
394.400000000,-31.348542860464097,28.131515242340257,-2.353389785865066,1,
394.500000000,-31.401426918751017,28.078333700625997,-2.351843156726496,1,
394.600000000,-31.45422866169773,28.025070430525584,-2.350296527587926,1,
394.700000000,-31.50694796299923,27.971725559448025,-2.348749898449356,1,
394.800000000,-31.559584696547724,27.91829921499751,-2.347203269310786,1,
394.900000000,-31.61213873643292,27.864791524973132,-2.345656640172216,1,
395.000000000,-31.664609956942343,27.811202617368558,-2.344110011033646,1,
395.100000000,-31.716998232561618,27.757532620371734,-2.344110011033646,1,
395.200000000,-31.769386508180894,27.70386262337491,-2.344110011033646,1,
395.300000000,-31.82177478380017,27.650192626378086,-2.344110011033646,1,
395.400000000,-31.874163059419445,27.596522629381262,-2.344110011033646,1,
395.500000000,-31.92655133503872,27.542852632384438,-2.344110011033646,1,
395.600000000,-31.978939610657996,27.489182635387614,-2.344110011033646,1,
395.700000000,-32.03132788627727,27.43551263839079,-2.344110011033646,1,
395.800000000,-32.08371616189654,27.381842641393966,-2.344110011033646,1,
395.900000000,-32.13610443751581,27.328172644397142,-2.344110011033646,1,
396.000000000,-32.18849271313508,27.27450264740032,-2.344110011033646,1,
396.100000000,-32.240880988754355,27.220832650403494,-2.33681404531458,1,
396.200000000,-32.29287629905238,27.166781862185264,-2.329518079595514,1,
396.300000000,-32.34447587627306,27.11235315991663,-2.3208816769032077,1,
396.400000000,-32.39560346681791,27.057480858296618,-2.3122452742109014,1,
396.500000000,-32.446255257233965,27.00216905008492,-2.3023028277491533,1,
396.600000000,-32.49635461851762,26.946356381281415,-2.292360381287405,1,
396.700000000,-32.545896598275505,26.890048369048078,-2.283723978595099,1,
396.800000000,-32.594950437816685,26.833314597568755,-2.2737815321333508,1,
396.900000000,-32.643437789644594,26.776095923058445,-2.2638390856716026,1,
397.000000000,-32.69135386071529,26.718398001664795,-2.2538966392098545,1,
397.100000000,-32.73869391445676,26.660226536909686,-2.2439541927481064,1,
397.200000000,-32.78545327123712,26.601587279125443,-2.2340117462863582,1,
397.300000000,-32.83162730882721,26.542486024886394,-2.22406929982461,1,
397.400000000,-32.87721146285751,26.482928616435874,-2.214126853362862,1,
397.500000000,-32.922201227269326,26.42292094110872,-2.202910828926842,1,
397.600000000,-32.9665151284311,26.362412444483663,-2.191694804490822,1,
397.700000000,-33.01014759174777,26.301410738401625,-2.180478780054802,1,
397.800000000,-33.05309312834771,26.239923496748233,-2.169262755618782,1,
397.900000000,-33.09534633577324,26.177958454488465,-2.158046731182762,1,
398.000000000,-33.13690189866022,26.115523406693605,-2.146830706746742,1,
398.100000000,-33.1777545894067,26.052626207560635,-2.135614682310722,1,
398.200000000,-33.217899268830585,25.989274769424206,-2.124398657874702,1,
398.300000000,-33.257330886816085,25.925477061761267,-2.111939719789271,1,
398.400000000,-33.295964613325566,25.86119304216082,-2.100723695353251,1,
398.500000000,-33.33387491379682,25.796479758221746,-2.0895076709172296,1,
398.600000000,-33.37105701919422,25.731345350738323,-2.077048732831799,1,
398.700000000,-33.40742475427434,25.665752760873747,-2.0645897947463676,1,
398.800000000,-33.44297247392349,25.599712170115144,-2.052130856660938,1,
398.900000000,-33.47769466031336,25.53323382948974,-2.0409148322249187,1,
399.000000000,-33.51166905565452,25.466370233555907,-2.028455894139486,1,
399.100000000,-33.54480778633931,25.39908855307302,-2.015996956054054,1,
399.200000000,-33.577105708470214,25.331399231714137,-2.0035380179686237,1,
399.300000000,-33.60855780866266,25.263312776427608,-1.992321993532604,1,
399.400000000,-33.63924428721619,25.19487784357907,-1.9811059690965847,1,
399.500000000,-33.669161283836694,25.126103042138364,-1.9686470310111535,1,
399.600000000,-33.69821911972683,25.056960854051916,-1.957431006575133,1,
399.700000000,-33.72649964369813,24.987497108371823,-1.9462149821391133,1,
399.800000000,-33.75399929812048,24.9177205434904,-1.9349989577030937,1,
399.900000000,-33.780714623595514,24.84763993715196,-1.9237829332670737,1,
400.000000000,-33.806642259391765,24.777264105348586,-1.912566908831053,1,
400.100000000,-33.831778943867484,24.706601901211098,-1.8988940352450339,1,
400.200000000,-33.85594715347862,24.635602622030305,-1.885221161659014,1,
400.300000000,-33.87914237010987,24.564279540735193,-1.8715482880729946,1,
400.400000000,-33.90136025754167,24.492645990787786,-1.857875414486975,1,
400.500000000,-33.922596662260844,24.420715363690537,-1.8442025409009535,1,
400.600000000,-33.94284761423706,24.348501106482857,-1.8305296673149332,1,
400.700000000,-33.96210932766501,24.27601671922726,-1.8168567937289133,1,
400.800000000,-33.980378201672174,24.203275752485606,-1.803183920142893,1,
400.900000000,-33.99765082099193,24.13029180478589,-1.7895110465568729,1,
401.000000000,-34.01392395660207,24.057078520080083,-1.775838172970853,1,
401.100000000,-34.02919456632843,23.98364958519345,-1.7621652993848336,1,
401.200000000,-34.04345979541359,23.910018727265896,-1.7487026219728867,1,
401.300000000,-34.05673249323235,23.836202499425323,-1.735767892694742,1,
401.400000000,-34.069049314457786,23.76222077252671,-1.7233611115504008,1,
401.500000000,-34.080447336195526,23.68809193130775,-1.7112183044729579,1,
401.600000000,-34.09071113928754,23.615480416216368,-1.6996034455293185,1,
401.700000000,-34.09991681113359,23.54440744866207,-1.6882525606525798,1,
401.800000000,-34.10792454503012,23.47654493587123,-1.6774296239096425,1,
401.900000000,-34.1150199670398,23.41025693219825,-1.6668706612336064,1,
402.000000000,-34.12109531861611,23.34721566623432,-1.6568396466913715,1,
402.100000000,-34.12754060783458,23.272493124475556,-1.6518064733168463,1,
402.200000000,-34.13360972549476,23.19773908906056,-1.6481123670956714,1,
402.300000000,-34.1394026530249,23.122963143793175,-1.6445754568839077,1,
402.400000000,-34.144808215378255,23.049829309807652,-1.6411171446768502,1,
402.500000000,-34.14972661669347,22.980002314107548,-1.637816028479204,1,
402.600000000,-34.154302868699425,22.911822387721386,-1.6345935102862643,1,
402.700000000,-34.15855312974503,22.845291344399577,-1.6314495900980306,1,
402.800000000,-34.162392148234964,22.782074471271077,-1.6284628659192077,1,
402.900000000,-34.16594628088007,22.720510310276886,-1.6255547397450913,1,
403.000000000,-34.169230143981096,22.660600242315535,-1.6227252115756807,1,
403.100000000,-34.17225796768892,22.602345542407527,-1.6199742814109759,1,
403.200000000,-34.175944827771545,22.527436216801625,-1.6199742814109757,1,
403.300000000,-34.17963168785417,22.452526891195724,-1.6199742814109757,1,
403.400000000,-34.18331854793679,22.377617565589823,-1.619974281410976,1,
403.500000000,-34.18700540801942,22.30270823998392,-1.6199742814109768,1,
403.600000000,-34.19069226810204,22.22779891437802,-1.6199742814109765,1,
403.700000000,-34.194379128184664,22.15288958877212,-1.6199742814109772,1,
403.800000000,-34.19806598826729,22.077980263166218,-1.6199742814109774,1,
403.900000000,-34.20175284834991,22.003070937560317,-1.6199742814109772,1,
404.000000000,-34.205439708432536,21.928161611954415,-1.6199742814109774,1,
404.100000000,-34.20912656851516,21.853252286348514,-1.6199742814109774,1,
404.200000000,-34.210929033444444,21.81662994938563,-1.6176674102809872,1,
404.300000000,-34.2125689207682,21.781668388070873,-1.615465396929632,1,
404.400000000,-34.21413181835358,21.74670330046713,-1.6132633835782773,1,
404.500000000,-34.21554696146666,21.713400020131992,-1.6111662280055579,1,
404.600000000,-34.216824994464424,21.681759154002343,-1.609173930211475,1,
404.700000000,-34.21803998693969,21.650115804447296,-1.6071816324173922,1,
404.800000000,-34.21913130527351,21.620135660613514,-1.6052941924019448,1,
404.900000000,-34.220108550935,21.59181918539687,-1.6035116101651339,1,
405.000000000,-34.22103531862485,21.563501013149583,-1.6017290279283225,1,
405.100000000,-34.221860059117375,21.53684710322569,-1.6000513034701471,1,
405.200000000,-34.222640080553575,21.51019184712731,-1.5983735790119722,1,
405.300000000,-34.22332942447635,21.485201352835357,-1.596800712332433,1,
405.400000000,-34.22397946084686,21.46020980520987,-1.5952278456528939,1,
405.500000000,-34.22459018805699,21.435217266077665,-1.593654978973355,1,
405.600000000,-34.225199699031776,21.408557566014036,-1.5919772545151796,1,
405.700000000,-34.22678814983302,21.333574389073792,-1.5992732202342461,1,
405.800000000,-34.22892362819185,21.258604797023555,-1.6079096229265526,1,
405.900000000,-34.23170648644906,21.183656443473126,-1.6165460256188589,1,
406.000000000,-34.23513651703964,21.10873491859444,-1.6251824283111656,1,
406.100000000,-34.23921346412793,21.03384581055836,-1.6338188310034718,1,
406.200000000,-34.24393702362673,20.958994705117885,-1.6563310983727968,1,
406.300000000,-34.250344311990425,20.88426889528069,-1.677811601868912,1,
406.400000000,-34.258355146794194,20.809697945670628,-1.7003238692382376,1,
406.500000000,-34.26804257108864,20.735326218444893,-1.7196838298127246,1,
406.600000000,-34.27916792374246,20.661155964782605,-1.7421960971820487,1,
406.700000000,-34.29187388008388,20.587752790158202,-1.7677013499075551,1,
406.800000000,-34.306546512637645,20.51420203316725,-1.7859703850127235,1,
406.900000000,-34.322560323325504,20.440931589827162,-1.8104941125153933,1,
407.000000000,-34.34036600307827,20.36807585725558,-1.8104941125153946,1,
407.100000000,-34.35817168283104,20.295220124683997,-1.8340204752344618,1,
407.200000000,-34.3770555598416,20.225144055529576,-1.8614446095552633,1,
407.300000000,-34.39785387082747,20.155612145306858,-1.8888687438760654,1,
407.400000000,-34.42055097470987,20.086676684516082,-1.916292878196866,1,
407.500000000,-34.44512980244939,20.018389515106037,-1.9437170125176677,1,
407.600000000,-34.47157186988251,19.95080199148705,-1.9711411468384687,1,
407.700000000,-34.49985729162239,19.88396494191062,-1.998565281159271,1,
407.800000000,-34.52996479601335,19.81792863024474,-2.025989415480072,1,
407.900000000,-34.561871741127966,19.752742718173664,-2.053413549800874,1,
408.000000000,-34.59555413179458,19.68845622785053,-2.0808376841216747,1,
408.100000000,-34.63098663764255,19.62511750503093,-2.108261818442476,1,
408.200000000,-34.665800516884886,19.566703941039005,-2.140260710759303,1,
408.300000000,-34.70198971517176,19.51017714408991,-2.173141884443792,1,
408.400000000,-34.740017684378145,19.454870630874826,-2.2060230581282814,1,
408.500000000,-34.77984331344857,19.400844191836924,-2.2389042318127705,1,
408.600000000,-34.82142354792395,19.348156233564236,-2.2717854054972597,1,
408.700000000,-34.86471343648657,19.296863715647802,-2.304666579181749,1,
408.800000000,-34.90966617955585,19.24702208910413,-2.337547752866238,1,
408.900000000,-34.956233179882155,19.198685236428542,-2.3704289265507272,1,
409.000000000,-35.004364095084,19.15190541334418,-2.4033101002352164,1,
409.100000000,-35.05598729425285,19.104931135002673,-2.433513699768339,1,
409.200000000,-35.109005524972275,19.059537250728305,-2.4637172993014613,1,
409.300000000,-35.163370424644405,19.015765168281018,-2.493920898834584,1,
409.400000000,-35.219032402256026,18.973654816032475,-2.5241244983677062,1,
409.500000000,-35.275940683614884,18.93324460654386,-2.5543280979008287,1,
409.600000000,-35.334043357665315,18.894571401526406,-2.584531697433951,1,
409.700000000,-35.39328742384088,18.857670478216583,-2.6147352969670736,1,
409.800000000,-35.45361884041086,18.822575497196617,-2.644938896500196,1,
409.900000000,-35.51498257377647,18.78931847168971,-2.6751424960333186,1,
410.000000000,-35.57732264867185,18.757929738357966,-2.705346095566441,1,
410.100000000,-35.64058219922404,18.72843792962964,-2.7355496950995635,1,
410.200000000,-35.70639440061869,18.700142979661027,-2.76391276296162,1,
410.300000000,-35.77298255601628,18.673725795729307,-2.7922758308236766,1,
410.400000000,-35.840293101259384,18.64920762807321,-2.820638898685733,1,
410.500000000,-35.90827189109317,18.626608199344375,-2.8490019665477897,1,
410.600000000,-35.9768642427204,18.605945688742256,-2.8773650344098463,1,
410.700000000,-36.04601497978877,18.5872367173906,-2.905728102271903,1,
410.800000000,-36.115668476775326,18.570496334967245,-2.9340911701339594,1,
410.900000000,-36.18576870373216,18.55573800759803,-2.962454237996016,1,
411.000000000,-36.25625927135744,18.542973607024493,-2.9908173058580725,1,
411.100000000,-36.32708347635554,18.532213401054143,-3.019180373720129,1,
411.200000000,-36.398184347049664,18.523466045300925,-3.0475434415821856,1,
411.300000000,-36.46950468921048,18.51673857622257,-3.075906509444242,1,
411.400000000,-36.54098713206367,18.51203640546039,-3.1042695773062987,1,
411.500000000,-36.612574174439544,18.50936331548611,-3.1326326451683553,1,
411.600000000,-36.684208231027554,18.508721456559208,3.1221895941491744,1,
411.700000000,-36.73892432128874,18.50978324936171,3.076915985747979,1,
411.800000000,-36.78489292316504,18.512760497862217,3.0229809004564134,1,
411.900000000,-36.82984843336229,18.518117897303043,2.9682545089481556,1,
412.000000000,-36.87444359516839,18.525926301067667,2.9135281174398977,1,
412.100000000,-36.918544880389206,18.536162328995296,2.85880172593164,1,
412.200000000,-36.9749386888263,18.552549155176866,2.8175281229124245,1,
412.300000000,-37.03137768691732,18.571507376260595,2.777066133058697,1,
412.400000000,-37.08700361306266,18.592733091623103,2.7366041432049695,1,
412.500000000,-37.14172541044292,18.616191555845035,2.696142153351242,1,
412.600000000,-37.1954535022516,18.641844368610418,2.6556801634975145,1,
412.700000000,-37.248099938327826,18.66964953756602,2.615218173643787,1,
412.800000000,-37.29957853912629,18.699561547060707,2.5747561837900594,1,
412.900000000,-37.352588767612204,18.73330331721686,2.5375940018409704,1,
413.000000000,-37.40362242412952,18.768517720923246,2.499597939828197,1,
413.100000000,-37.45394941665765,18.806144642142947,2.462435757879108,1,
413.200000000,-37.51230711018951,18.853254934072012,2.44416672277394,1,
413.300000000,-37.56979445362651,18.901423443957174,2.4293073113507058,1,
413.400000000,-37.62655972115072,18.95044083273814,2.4144478999274717,1,
413.500000000,-37.68259037910206,19.00029627747129,2.3995884885042376,1,
413.600000000,-37.73787405602078,19.050978770171895,2.3847290770810035,1,
413.700000000,-37.79239854537909,19.102477120244643,2.3698696656577694,1,
413.800000000,-37.84615180827634,19.154779956954517,2.3550102542345352,1,
413.900000000,-37.899121976097156,19.207875731937417,2.340150842811301,1,
414.000000000,-37.95129735313204,19.261752721750025,2.325291431388067,1,
414.100000000,-38.00266641915974,19.316399030458317,2.310432019964833,1,
414.200000000,-38.0532178319909,19.371802592264157,2.2921629848596647,1,
414.300000000,-38.10274869578318,19.428120382810228,2.272803024285178,1,
414.400000000,-38.151180035485176,19.48538647517447,2.2534430637106913,1,
414.500000000,-38.198493699206736,19.54357940623352,2.2340831031362045,1,
414.600000000,-38.244671953958594,19.60267736548824,2.2147231425617178,1,
414.700000000,-38.28969749229864,19.662658203238216,2.195363181987231,1,
414.800000000,-38.3335534388187,19.72349943888338,2.1760032214127443,1,
414.900000000,-38.37622335646933,19.785178269349657,2.1566432608382575,1,
415.000000000,-38.417691252720445,19.84767157763548,2.137283300263771,1,
415.100000000,-38.457941585555176,19.91095594147595,2.117923339689284,1,
415.200000000,-38.49695926929502,19.975007642121426,2.095411072319959,1,
415.300000000,-38.53452523911247,20.03992141501805,2.072898804950634,1,
415.400000000,-38.570620457296094,20.105664363113465,2.0503865375813093,1,
415.500000000,-38.60522663148313,20.17220316914526,2.027874270211983,1,
415.600000000,-38.63832622392968,20.239504112525513,2.005362002842658,1,
415.700000000,-38.669902460398525,20.307533086429753,1.9828497354733328,1,
415.800000000,-38.69993933865996,20.37625561508163,1.9603374681040078,1,
415.900000000,-38.72842163660144,20.445636871224572,1.9378252007346821,1,
416.000000000,-38.755334919941845,20.515641693771588,1.915312933365358,1,
416.100000000,-38.78066554954649,20.586234605624213,1.8928006659960317,1,
416.200000000,-38.804400688339186,20.657379831651625,1.8702883986267067,1,
416.300000000,-38.82652830780782,20.729041316820794,1.8477761312573815,1,
416.400000000,-38.847037194100174,20.801182744468488,1.8252638638880572,1,
416.500000000,-38.86591695370689,20.87376755470584,1.802751596518732,1,
416.600000000,-38.8831580187287,20.94675896294622,1.7802393291494056,1,
416.700000000,-38.89875165172524,21.02011997854694,1.7577270617800806,1,
416.800000000,-38.90981643242686,21.07862079290198,1.717265071926353,1,
416.900000000,-38.9161918518202,21.121836587695032,1.66094860305693,1,
417.000000000,-38.91857511222519,21.148200872725912,1.587420389081819,1,
417.100000000,-38.91862576132992,21.151247326593914,1.4904672639564513,1,
417.200000000,-38.91850165561792,21.152788968576616,1.392013893269045,1,
417.300000000,-38.918226616136295,21.154310946077803,1.2935605225816382,1,
417.400000000,-38.91780330670818,21.15579851838147,1.1951071518942316,1,
417.500000000,-38.917235827186595,21.157237277994177,1.096653781206825,1,
417.600000000,-38.916529673746396,21.158613290185066,0.9982004105194182,1,
417.700000000,-38.9156916856525,21.15991322794706,0.8997470398320118,1,
417.800000000,-38.91472997901995,21.16112450107212,0.8012936691446051,1,
417.900000000,-38.91365386820744,21.162235378090408,0.7028402984571985,1,
418.000000000,-38.91247377560548,21.163235099892393,0.6043869277697915,1,
418.100000000,-38.91120113069308,21.164113983933387,0.505933557082385,1,
418.200000000,-38.909848259340514,21.164863518011312,0.4074801863949782,1,
418.300000000,-38.9084282644303,21.16547644270941,0.30902681570757157,1,
418.400000000,-38.90695489895266,21.165946821705422,0.2105734450201649,1,
418.500000000,-38.90544243280455,21.16627009926631,0.11212007433275818,1,
418.600000000,-38.90390551458223,21.1664431443716,0.013666703645351469,1,
418.700000000,-38.882427016987165,21.16673670291004,-0.06485279273959085,1,
418.800000000,-38.85895011140031,21.16521202187403,-0.14132642990561947,1,
418.900000000,-38.83565830567434,21.161898182074104,-0.2178000670716481,1,
419.000000000,-38.812687748975804,21.15681455412206,-0.29427370423767674,1,
419.100000000,-38.79017271265256,21.14999085369202,-0.37074734140370524,1,
419.200000000,-38.75170336876371,21.135036927967224,-0.42947373829201185,1,
419.300000000,-38.69977430897279,21.111254237759685,-0.47235768446932414,1,
419.400000000,-38.641551758000595,21.08150626983677,-0.5069756759558756,1,
419.500000000,-38.58363839715101,21.049341488744485,-0.5407296911144641,1,
419.600000000,-38.526843508846106,21.015240591834846,-0.5744837062730531,1,
419.700000000,-38.47123179526352,20.979242427714755,-0.6082377214316421,1,
419.800000000,-38.41686661067824,20.941388006406054,-0.6419917365902307,1,
419.900000000,-38.363809889287786,20.901720452625863,-0.6757457517488198,1,
420.000000000,-38.31212207465522,20.860284956657814,-0.7094997669074088,1,
420.100000000,-38.2618620508503,20.817128722870134,-0.7432537820659978,1,
420.200000000,-38.20664175078249,20.76637718633752,-0.756926655652018,1,
420.300000000,-38.15212051000445,20.714875397009155,-0.7655630583443245,1,
420.400000000,-38.09804608717672,20.66290466682526,-0.7741994610366307,1,
420.500000000,-38.0444225155476,20.610468872126052,-0.7828358637289373,1,
420.600000000,-37.991253794737794,20.55757192393952,-0.7914722664212438,1,
420.700000000,-37.93854389044203,20.504217767689692,-0.8001086691135503,1,
420.800000000,-37.88629673413329,20.450410382902373,-0.8087450718058569,1,
420.900000000,-37.8345162227696,20.396153782908318,-0.8173814744981631,1,
421.000000000,-37.78320621850333,20.341452014543894,-0.8260178771904697,1,
421.100000000,-37.73237054839314,20.28630915784923,-0.8346542798827761,1,
421.200000000,-37.682013004118545,20.230729325763914,-0.8317735388320964,1,
421.300000000,-37.63149555791167,20.17529479114211,-0.8276864425873919,1,
421.400000000,-37.5807519679874,20.12006718860862,-0.8236779443473934,1,
421.500000000,-37.52978740658337,20.065043434820875,-0.8198266421168063,1,
421.600000000,-37.47861131056369,20.010216368547134,-0.8161325358956314,1,
421.700000000,-37.427233027182936,19.95557872587428,-0.8125170276791621,1,
421.800000000,-37.37680365919186,19.902337232452343,-0.8090587154721045,1,
421.900000000,-37.32734076723941,19.85047652062912,-0.8056790012697528,1,
422.000000000,-37.2800116224981,19.80118761211513,-0.8024564830768126,1,
422.100000000,-37.23368212676802,19.753249920578718,-0.7993125628885788,1,
422.200000000,-37.189526146915235,19.707847711884078,-0.796325838709756,1,
422.300000000,-37.146400323141314,19.663768906301364,-0.7934177125356395,1,
422.400000000,-37.10431551755882,19.621003626703505,-0.7905881843662288,1,
422.500000000,-37.06445463296214,19.58072682208495,-0.7879158522062296,1,
422.600000000,-37.02566179826889,19.541738157367337,-0.7853221180509367,1,
422.700000000,-36.98794656886505,19.504028663662705,-0.7828069819003493,1,
422.800000000,-36.95131817542072,19.467589601680654,-0.7803704437544677,1,
422.900000000,-36.915785527232174,19.43241246545968,-0.7780125036132919,1,
423.000000000,-36.88135721548138,19.398488985963894,-0.7757331614768221,1,
423.100000000,-36.84804151641107,19.36581113454685,-0.775000062895889,1,
423.200000000,-36.815892571858974,19.334323909134216,-0.7742931464071319,1,
423.300000000,-36.78491290225674,19.30402476972211,-0.7736124120105513,1,
423.400000000,-36.755104932940355,19.274911266388703,-0.7729578597061469,1,
423.500000000,-36.725277913700076,19.245817280165586,-0.7723033074017419,1,
423.600000000,-36.696625699570355,19.217905801783658,-0.7716749371895137,1,
423.700000000,-36.669150525157406,19.191174560970282,-0.7710727490694615,1,
423.800000000,-36.642854530955184,19.165621378519532,-0.7704967430415856,1,
423.900000000,-36.61773976363013,19.141244166574594,-0.7699469191058858,1,
424.000000000,-36.59261159692731,19.11688076701387,-0.7693970951701857,1,
424.100000000,-36.568667255513816,19.093690691003108,-0.768873453326662,1,
424.200000000,-36.545908598160715,19.071672033158862,-0.7683759935753145,1,
424.300000000,-36.52433739064552,19.050822980270627,-0.7679047159161431,1,
424.400000000,-36.502756359833356,19.029984095725514,-0.7674334382569717,1,
424.500000000,-36.482365002146096,19.010312534794874,-0.7669883426899767,1,
424.600000000,-36.46196489075442,18.990650051915413,-0.7665432471229816,1,
424.700000000,-36.44275655093831,18.972152733390285,-0.7661243336481627,1,
424.800000000,-36.42354046403187,18.953663463120336,-0.7661243336481627,1,
424.900000000,-36.40552538255709,18.936329772242257,-0.7661243336481627,1,
425.000000000,-36.388711306513954,18.92015166075605,-0.7661243336481627,1,
425.100000000,-36.37189723047082,18.903973549269846,-0.7661243336481627,1,
425.200000000,-36.35628415985934,18.88895101717551,-0.7661243336481627,1,
425.300000000,-36.34067108924786,18.873928485081176,-0.7661243336481627,1,
425.400000000,-36.32505801863638,18.85890595298684,-0.7661243336481627,1,
425.500000000,-36.31064595345656,18.845039000284377,-0.7661243336481627,1,
425.600000000,-36.29623388827673,18.831172047581912,-0.7661243336481627,1,
425.700000000,-36.28062081766525,18.816149515487577,-0.7661243336481627,1,
425.800000000,-36.266208752485426,18.802282562785113,-0.7661243336481627,1,
425.900000000,-36.2517966873056,18.788415610082648,-0.7661243336481627,1,
426.000000000,-36.23858562755742,18.775704236772057,-0.7661243336481627,1,
426.100000000,-36.224173562377594,18.761837284069593,-0.7661243336481627,1,
426.200000000,-36.20976149719777,18.747970331367128,-0.7661243336481627,1,
426.300000000,-36.19414842658629,18.732947799272793,-0.7661243336481627,1,
426.400000000,-36.17973636140646,18.71908084657033,-0.7661243336481627,1,
426.500000000,-36.16412329079498,18.704058314475994,-0.7661243336481627,1,
426.600000000,-36.1485102201835,18.68903578238166,-0.7661243336481627,1,
426.700000000,-36.132897149572024,18.674013250287324,-0.7661243336481627,1,
426.800000000,-36.1184850843922,18.66014629758486,-0.7661243336481627,1,
426.900000000,-36.10287201378072,18.645123765490524,-0.7661243336481627,1,
427.000000000,-36.08725894316924,18.63010123339619,-0.7661243336481627,1,
427.100000000,-36.07284687798941,18.616234280693725,-0.7661243336481627,1,
427.200000000,-36.05723380737793,18.60121174859939,-0.7661243336481627,1,
427.300000000,-36.041620736766454,18.586189216505055,-0.7661243336481627,1,
427.400000000,-36.02720867158663,18.57232226380259,-0.7661243336481627,1,
427.500000000,-36.0127966064068,18.558455311100126,-0.7661243336481627,1,
427.600000000,-35.99958554665862,18.545743937789535,-0.7661243336481627,1,
427.700000000,-35.985173481478796,18.53187698508707,-0.7661243336481627,1,
427.800000000,-35.97076141629897,18.518010032384606,-0.7661243336481627,1,
427.900000000,-35.95514834568749,18.50298750029027,-0.7661243336481627,1,
428.000000000,-35.940736280507664,18.489120547587806,-0.7661243336481627,1,
428.100000000,-35.92632421532784,18.47525359488534,-0.7661243336481627,1,
428.200000000,-35.91071114471636,18.460231062791006,-0.7661243336481627,1,
428.300000000,-35.89509807410488,18.44520853069667,-0.7661243336481627,1,
428.400000000,-35.88068600892505,18.431341577994207,-0.7661243336481627,1,
428.500000000,-35.865072938313574,18.416319045899872,-0.7661243336481627,1,
428.600000000,-35.84825886227044,18.400140934413667,-0.7661243336481627,1,
428.700000000,-35.833846797090615,18.386273981711202,-0.7661243336481627,1,
428.800000000,-35.818233726479136,18.371251449616867,-0.7661243336481627,1,
428.900000000,-35.805022666730956,18.358540076306276,-0.7661243336481627,1,
429.000000000,-35.79061060155113,18.344673123603812,-0.7661243336481627,1,
429.100000000,-35.77499753093965,18.329650591509477,-0.7661243336481627,1,
429.200000000,-35.76178647119147,18.316939218198886,-0.7661243336481627,1,
429.300000000,-35.747374406011645,18.30307226549642,-0.7661243336481627,1,
429.400000000,-35.73296234083182,18.289205312793957,-0.7661243336481627,1,
429.500000000,-35.71975128108364,18.276493939483366,-0.7661243336481627,1,
429.600000000,-35.702937205040506,18.26031582799716,-0.7661243336481627,1,
429.700000000,-35.68492212356572,18.242982137119082,-0.7661243336481627,1,
429.800000000,-35.66810804752259,18.226804025632877,-0.7661243336481627,1,
429.900000000,-35.651293971479454,18.21062591414667,-0.7661243336481627,1,
430.000000000,-35.632077884573015,18.192136643876722,-0.7661243336481627,1,
430.100000000,-35.61526380852988,18.175958532390517,-0.7661243336481627,1,
430.200000000,-35.597248727055096,18.158624841512438,-0.7661243336481627,1,
430.300000000,-35.581635656443616,18.143602309418103,-0.7661243336481627,1,
430.400000000,-35.56482158040048,18.127424197931898,-0.7661243336481627,1,
430.500000000,-35.55040951522066,18.113557245229433,-0.7661243336481627,1,
430.600000000,-35.529992422882565,18.09391239556761,-0.7670147445183729,1,
430.700000000,-35.509592830623504,18.074249374094762,-0.7679051553885832,1,
430.800000000,-35.49040970026435,18.055725912735316,-0.768743189148781,1,
430.900000000,-35.47004412490434,18.036027661086155,-0.7696336000189913,1,
431.000000000,-35.44849915434372,18.015151496602662,-0.7705763879992138,1,
431.100000000,-35.42936557284019,17.996576858787655,-0.771414421759412,1,
431.200000000,-35.37559617361607,17.944290611006075,-0.7813568682211597,1,
431.300000000,-35.3223492766374,17.89147235694422,-0.791299314682908,1,
431.400000000,-35.26963014543594,17.838127317761895,-0.8012417611446566,1,
431.500000000,-35.217443991373074,17.784260766692363,-0.8111842076064048,1,
431.600000000,-35.1657959731246,17.72987802852108,-0.8211266540681531,1,
431.700000000,-35.11469119617086,17.674984479059347,-0.831069100529901,1,
431.800000000,-35.06413471229199,17.61958554461287,-0.8410115469916495,1,
431.900000000,-35.01413151906858,17.563686701445395,-0.8509539934533977,1,
432.000000000,-34.96468655938765,17.507293475237354,-0.860896439915146,1,
432.100000000,-34.91580472095404,17.45041144053965,-0.870838886376894,1,
432.200000000,-34.86749083580726,17.393046220222605,-0.8923193898730092,1,
432.300000000,-34.82042023559233,17.334656507126837,-0.9148316572423346,1,
432.400000000,-34.77467593642012,17.27522201299049,-0.9373439246116595,1,
432.500000000,-34.73028112062217,17.21477285807277,-0.9598561919809849,1,
432.600000000,-34.6872582866378,17.15333967684346,-0.98236845935031,1,
432.700000000,-34.6456292376123,17.09095360245796,-1.0048807267196354,1,
432.800000000,-34.60541507034754,17.027646250979622,-1.0273929940889606,1,
432.900000000,-34.566636164610514,16.9634497053573,-1.049905261458286,1,
433.000000000,-34.529312172805255,16.898396499166356,-1.0724175288276108,1,
433.100000000,-34.49346201001339,16.83251960012127,-1.0949297961969364,1,
433.200000000,-34.45910384440832,16.765852393368217,-1.1174420635662614,1,
433.300000000,-34.42625508804795,16.69842866456613,-1.1392315777948794,1,
433.400000000,-34.395580297765896,16.631819093039738,-1.1605368805961935,1,
433.500000000,-34.36766098970048,16.56762787684041,-1.1808737605429034,1,
433.600000000,-34.34168634205525,16.50442374624636,-1.2007264290623103,1,
433.700000000,-34.318177103143064,16.443824111876424,-1.219610674727112,1,
433.800000000,-34.296389718569245,16.38435629718189,-1.238010708964612,1,
433.900000000,-34.27624463195846,16.32607290964117,-1.2559265317748078,1,
434.000000000,-34.25817922619806,16.2706074348619,-1.2728739317303992,1,
434.100000000,-34.24154558988382,16.216437025466394,-1.2893371202586883,1,
434.200000000,-34.227194773718914,16.166803382442275,-1.3088603266760646,1,
434.300000000,-34.21424722371618,16.118508859471998,-1.327753752241267,1,
434.400000000,-34.202615474040776,16.071596030623166,-1.346017396954296,1,
434.500000000,-34.192213900630435,16.026103338370817,-1.3636512608151516,1,
434.600000000,-34.18227333667937,15.978803271780526,-1.378520535664004,1,
434.700000000,-34.173355652122474,15.93299658362343,-1.392877076897378,1,
434.800000000,-34.165391459670765,15.888706950089247,-1.406720884515275,1,
434.900000000,-34.15831338172823,15.845955592328153,-1.420051958517694,1,
435.000000000,-34.152056127527025,15.80476144370274,-1.4328702989046347,1,
435.100000000,-34.146327413541805,15.76349047391541,-1.4414990507456593,1,
435.200000000,-34.141169920886696,15.723824364079524,-1.4497826525130437,1,
435.300000000,-34.13654237722929,15.685771370975916,-1.458351167680654,1,
435.400000000,-34.132428071023895,15.649336265255021,-1.466547138710542,1,
435.500000000,-34.128612520732524,15.612868662915158,-1.4741404403306444,1,
435.600000000,-34.12523482971202,15.57803202697869,-1.4819638672228095,1,
435.700000000,-34.12227764060792,15.544830127278317,-1.4894147499772539,1,
435.800000000,-34.119703401053854,15.51326826629871,-1.496493088593975,1,
435.900000000,-34.117352629661774,15.481688974798741,-1.5035714272106961,1,
436.000000000,-34.115337401340554,15.451756737080633,-1.510277221689696,1,
436.100000000,-34.11362373987498,15.423475274209006,-1.5170794531888971,1,
436.200000000,-34.112102493629145,15.39518280899939,-1.5234127035301748,1,
436.300000000,-34.110839403116024,15.36854607283546,-1.529814803764718,1,
436.400000000,-34.10974686837781,15.341901796171289,-1.535775509968273,1,
436.500000000,-34.108813170813164,15.315251480601509,-1.5412979111465288,1,
436.600000000,-34.10802666047197,15.288596415180574,-1.546384849866405,1,
436.700000000,-34.10737575240658,15.261937693722082,-1.5510389282314958,1,
436.800000000,-34.10688184957685,15.236942572998332,-1.5558079332813792,1,
436.900000000,-34.10650715376874,15.211945381095013,-1.5601711317486524,1,
437.000000000,-34.10622382056538,15.185280219677782,-1.5639663604296692,1,
437.100000000,-34.10604168954501,15.158614174987905,-1.5673351438510081,1,
437.200000000,-34.10595516014418,15.133614324735097,-1.570893170739461,1,
437.300000000,-34.105957581242784,15.108614324852331,-1.574051405196967,1,
437.400000000,-34.106201711691824,15.033614722184558,-1.5839938516587158,1,
437.500000000,-34.10719149732343,14.9586212536396,-1.593936298120464,1,
437.600000000,-34.10892684029588,14.883641332428866,-1.6038787445822122,1,
437.700000000,-34.11140756906804,14.808682370424586,-1.6138211910439608,1,
437.800000000,-34.11463343841634,14.733751777427148,-1.6237636375057087,1,
437.900000000,-34.11860412945899,14.65885696043262,-1.633706083967457,1,
438.000000000,-34.1233192496875,14.584005322900563,-1.6436485304292052,1,
438.100000000,-34.12877833300551,14.509204264022182,-1.6535909768909538,1,
438.200000000,-34.134980839774855,14.434461177988917,-1.6635334233527022,1,
438.300000000,-34.14192615686888,14.359783453261501,-1.6734758698144503,1,
438.400000000,-34.149613597733065,14.285178471839618,-1.682112272506757,1,
438.500000000,-34.15794506255849,14.210642663707803,-1.6907486751990644,1,
438.600000000,-34.16691992992628,14.136181588267473,-1.69938507789137,1,
438.700000000,-34.17653753042811,14.061800799345956,-1.708021480583676,1,
438.800000000,-34.186797146716124,13.987505844782254,-1.7166578832759831,1,
438.900000000,-34.197698013556455,13.91330226601324,-1.7252942859682894,1,
439.000000000,-34.20923931788628,13.839195597660343,-1.7339306886605959,1,
439.100000000,-34.22142019887447,13.765191367116735,-1.7412266543796626,1,
439.200000000,-34.23414068320208,13.691277976729939,-1.7396800252410922,1,
439.300000000,-34.246746835757875,13.617345000881945,-1.7366331505353447,1,
439.400000000,-34.259127665633955,13.54337395890213,-1.7335862758295972,1,
439.500000000,-34.271283057893655,13.469365537496097,-1.7305394011238502,1,
439.600000000,-34.28321289969313,13.395320423716461,-1.7274925264181025,1,
439.700000000,-34.294917080282445,13.321239304956464,-1.7244456517123548,1,
439.800000000,-34.306395491006555,13.247122868943602,-1.7213987770066073,1,
439.900000000,-34.31764802530634,13.172971803733235,-1.71835190230086,1,
440.000000000,-34.32867457871959,13.0987867977022,-1.7153050275951125,1,
440.100000000,-34.33947504888199,13.024568539542424,-1.712258152889365,1,
440.200000000,-34.35004933552802,12.950317718254524,-1.7337386563854797,1,
440.300000000,-34.36221600509094,12.876311149953146,-1.7572650191045474,1,
440.400000000,-34.376120252505665,12.802611272722379,-1.7807913818236154,1,
440.500000000,-34.39175438226882,12.729258876806847,-1.8043177445426826,1,
440.600000000,-34.40910974144907,12.656294560132705,-1.82784410726175,1,
440.700000000,-34.42817672447618,12.58375870583813,-1.8513704699808171,1,
440.800000000,-34.44894477845738,12.511691459922709,-1.8748968326998858,1,
440.900000000,-34.471402409018,12.440132709028056,-1.898423195418953,1,
441.000000000,-34.49553718666318,12.369122058361993,-1.9219495581380217,1,
441.100000000,-34.52133575365719,12.298698809778479,-1.9444618255073456,1,
441.200000000,-34.54871303663386,12.22887414095137,-1.9669740928766715,1,
441.300000000,-34.577655161312414,12.159683437680691,-1.9894863602459962,1,
441.400000000,-34.60814746038037,12.091161764484903,-2.0119986276153212,1,
441.500000000,-34.640174480926675,12.023343846830889,-2.034510894984647,1,
441.600000000,-34.67371999227292,11.95626405353575,-2.057023162353972,1,
441.700000000,-34.70876699419876,11.889956379349346,-2.0795354297232973,1,
441.800000000,-34.74529772555727,11.82445442772642,-2.1020476970926225,1,
441.900000000,-34.783293673275985,11.759791393797006,-2.1245599644619477,1,
442.000000000,-34.82273558173893,11.69600004754377,-2.147072231831273,1,
442.100000000,-34.86360346254504,11.633112717194825,-2.169584499200598,1,
442.200000000,-34.905876604637875,11.5711612728404,-2.1920967665699234,1,
442.300000000,-34.949533584801564,11.510177110281688,-2.2146090339392486,1,
442.400000000,-34.99455227851772,11.450191135120065,-2.237121301308574,1,
442.500000000,-35.0409098711777,11.391233747094716,-2.259633568677899,1,
442.600000000,-35.08858286964461,11.333334824676642,-2.2756536037509294,1,
442.700000000,-35.13717725390087,11.276207022174228,-2.2905130151741635,1,
442.800000000,-35.18661512766676,11.219807583901241,-2.3053724265973976,1,
442.900000000,-35.23688557515639,11.164148962743399,-2.3202318380206317,1,
443.000000000,-35.287977496753236,11.109243448015443,-2.335091249443866,1,
443.100000000,-35.33987961146089,11.055103162747688,-2.3499506608671,1,
443.200000000,-35.39258045939388,11.001740061009283,-2.3544541614532917,1,
443.300000000,-35.445521092848814,10.948614837909602,-2.3575010361590394,1,
443.400000000,-35.49862334621624,10.89565116462969,-2.360547910864787,1,
443.500000000,-35.551886726524685,10.842849532854542,-2.363594785570535,1,
443.600000000,-35.60531073930683,10.790210432764846,-2.3666416602762825,1,
443.700000000,-35.65889488860416,10.73773435303244,-2.3696885349820302,1,
443.800000000,-35.71263867697152,10.685421780815773,-2.372735409687778,1,
443.900000000,-35.76654160548178,10.63327320175538,-2.3757822843935257,1,
444.000000000,-35.82060317373042,10.581289099969375,-2.3788291590992734,1,
444.100000000,-35.87482287984021,10.529469958048962,-2.3772825299607034,1,
444.200000000,-35.92896237613869,10.477567020361906,-2.3742356552549557,1,
444.300000000,-35.98294347963353,10.425499367587085,-2.371188780549208,1,
444.400000000,-36.03676568919448,10.373267483091336,-2.3681419058434603,1,
444.500000000,-36.09042850516638,10.320871851766139,-2.3650950311377126,1,
444.600000000,-36.14393142937379,10.268312960023103,-2.362048156431965,1,
444.700000000,-36.19727396512561,10.215591295789455,-2.359001281726217,1,
444.800000000,-36.25045561721971,10.162707348503513,-2.3559544070204694,1,
444.900000000,-36.30347589194749,10.109661609110137,-2.3529075323147217,1,
445.000000000,-36.35633429709852,10.056454570056177,-2.349860657608974,1,
445.100000000,-36.40903034196505,10.003086725285895,-2.3468137829032263,1,
445.200000000,-36.46156353734659,9.949558570236386,-2.3468137829032263,1,
445.300000000,-36.514096732728134,9.896030415186877,-2.3468137829032263,1,
445.400000000,-36.56662992810968,9.842502260137367,-2.3468137829032263,1,
445.500000000,-36.61916312349122,9.788974105087858,-2.3468137829032263,1,
445.600000000,-36.67169631887276,9.735445950038349,-2.3468137829032263,1,
445.700000000,-36.724229514254304,9.68191779498884,-2.3468137829032263,1,
445.800000000,-36.77676270963585,9.62838963993933,-2.3468137829032263,1,
445.900000000,-36.82929590501739,9.574861484889821,-2.3468137829032263,1,
446.000000000,-36.88182910039893,9.521333329840312,-2.3468137829032263,1,
446.100000000,-36.934362295780474,9.467805174790803,-2.3468137829032263,1,
446.200000000,-36.98689549116202,9.414277019741293,-2.3468137829032263,1,
446.300000000,-37.03942868654356,9.360748864691784,-2.3468137829032263,1,
446.400000000,-37.0919618819251,9.307220709642275,-2.3468137829032263,1,
446.500000000,-37.144495077306644,9.253692554592766,-2.3468137829032263,1,
446.600000000,-37.197028272688186,9.200164399543256,-2.3468137829032263,1,
446.700000000,-37.24956146806973,9.146636244493747,-2.3222900554005568,1,
446.800000000,-37.28910471320419,9.104316414065643,-2.280209277453582,1,
446.900000000,-37.31807843859179,9.070567501934317,-2.224689226114569,1,
447.000000000,-37.34416392343598,9.036529577085183,-2.167573172383444,1,
447.100000000,-37.3682638161538,9.001058067128863,-2.110457118652319,1,
447.200000000,-37.38821316869313,8.967751894354896,-2.049280794567768,1,
447.300000000,-37.40608892370085,8.933288360083267,-1.9881044704832171,1,
447.400000000,-37.421824201264144,8.897796405338651,-1.9269281463986663,1,
447.500000000,-37.43536012980018,8.86140881885294,-1.865751822314116,1,
447.600000000,-37.446646066316816,8.82426174025273,-1.8045754982295645,1,
447.700000000,-37.45563978588705,8.786494150709846,-1.7433991741450146,1,
447.800000000,-37.46230763962833,8.748247352960586,-1.6822228500604628,1,
447.900000000,-37.46662468059566,8.709664442639122,-1.621046525975912,1,
448.000000000,-37.468574757117494,8.670889772902981,-1.5598702018913613,1,
448.100000000,-37.4681505732252,8.63206841435368,-1.4986938778068104,1,
448.200000000,-37.46420808445056,8.577484215910472,-1.4534202694056149,1,
448.300000000,-37.457235783052596,8.518355866826521,-1.4129582795518874,1,
448.400000000,-37.447877390401466,8.459557949013346,-1.37249628969816,1,
448.500000000,-37.43614822571123,8.40118671167982,-1.3320342998444323,1,
448.600000000,-37.42206748902951,8.343337705580513,-1.2915723099907048,1,
448.700000000,-37.40565822980799,8.286105626603957,-1.2511103201369775,1,
448.800000000,-37.386947309171646,8.229584160760279,-1.2106483302832498,1,
448.900000000,-37.365965355948425,8.173865830821953,-1.170186340429522,1,
449.000000000,-37.34242830085316,8.118289999923846,-1.1305408426855488,1,
449.100000000,-37.31472721179886,8.059488217083477,-1.1127588549065215,1,
449.200000000,-37.28156305742821,7.992219064681504,-1.1163743631229908,1,
449.300000000,-37.24864233145992,7.924830446935471,-1.1346433982281594,1,
449.400000000,-37.216958155652335,7.85685167816614,-1.1529124333333272,1,
449.500000000,-37.1865211045472,7.7883054461761665,-1.1700685721965627,1,
449.600000000,-37.1572644636347,7.719247144991465,-1.1872247110597978,1,
449.700000000,-37.129196843901454,7.649697100257403,-1.2043808499230326,1,
449.800000000,-37.10232650637439,7.579675782352199,-1.221536988786268,1,
449.900000000,-37.07666135968928,7.509203800361965,-1.2386931276495026,1,
450.000000000,-37.05220895776305,7.438301896014917,-1.2547131627225332,1,
450.100000000,-37.02889549593114,7.367017378078607,-1.2707331977955638,1,
450.200000000,-37.006726957267965,7.295368540729078,-1.2878893366587987,1,
450.300000000,-36.98579083809608,7.223349939562292,-1.3050454755220338,1,
450.400000000,-36.96609330045722,7.150982771516516,-1.319904886945268,1,
450.500000000,-36.947473231358565,7.078330909690673,-1.3347642983685024,1,
450.600000000,-36.929934742074984,7.005410395473824,-1.349623709791736,1,
450.700000000,-36.91348170507062,6.932237329572954,-1.3644831212149704,1,
450.800000000,-36.898117753143886,6.858827868457967,-1.3793425326382045,1,
450.900000000,-36.885676450897584,6.79464047845285,-1.4139605241247561,1,
451.000000000,-36.87573028214919,6.731743586637546,-1.4502820719388114,1,
451.100000000,-36.8680746836327,6.668526997959005,-1.4866036197528674,1,
451.200000000,-36.86271975392318,6.6050741020392465,-1.522925167566924,1,
451.300000000,-36.85967255676093,6.54146860021549,-1.5592467153809795,1,
451.400000000,-36.858937111733596,6.477794395128898,-1.5955682631950354,1,
451.500000000,-36.86051438897393,6.414135480047783,-1.6318898110090914,1,
451.600000000,-36.86440230788006,6.350575828071259,-1.6682113588231475,1,
451.700000000,-36.869036023796056,6.30315964361187,-1.72056929891935,1,
451.800000000,-36.87367754931496,6.272401307878038,-1.789462724433275,1,
451.900000000,-36.875834344077326,6.262695614655617,-1.879520277824179,1,
452.000000000,-36.876304276821415,6.261222106784376,-1.9779736485115857,1,
452.100000000,-36.87691677142511,6.259801926306048,-2.0764270191989915,1,
452.200000000,-36.87766589573172,6.258448828008133,-2.174880389886399,1,
452.300000000,-36.878544394293215,6.257175916971173,-2.2733337605738058,1,
452.400000000,-36.87954375864099,6.255995521642916,-2.3717871312612124,1,
452.500000000,-36.88065430969238,6.25491907443435,-2.470240501948619,1,
452.600000000,-36.88186529149492,6.253957000994071,-2.5686938726360258,1,
452.700000000,-36.883164975400305,6.253118619233381,-2.6671472433234324,1,
452.800000000,-36.884540773659154,6.252412049080089,-2.765600614010839,1,
452.900000000,-36.885979361336375,6.251844133835072,-2.864053984698246,1,
453.000000000,-36.887466805366344,6.251420373893269,-2.9625073553856525,1,
453.100000000,-36.888988699497986,6.251144873471036,-3.060960726073059,1,
453.200000000,-36.89053030382274,6.251020300855836,3.1237712104191204,1,
453.300000000,-36.892076687534136,6.251047862563231,3.0253178397317138,1,
453.400000000,-36.89361287353617,6.251227291651497,2.926864469044307,1,
453.500000000,-36.89512398350012,6.251556850307011,2.8284110983569004,1,
453.600000000,-36.89659538196467,6.252033346675398,2.7299577276694937,1,
453.700000000,-36.898012818083885,6.252652165775397,2.631504356982087,1,
453.800000000,-36.89936256365003,6.253407314196066,2.5330509862946804,1,
453.900000000,-36.900631546054576,6.254291478144392,2.4345976156072737,1,
454.000000000,-36.90180747489952,6.255296094281132,2.336144244919867,1,
454.100000000,-36.90287896103283,6.256411432658796,2.2376908742324604,1,
454.200000000,-36.909028850203676,6.264223673551209,2.1476333208415554,1,
454.300000000,-36.91445121663126,6.272557351424736,2.0575757674506496,1,
454.400000000,-36.919102112670615,6.28134492279604,1.9675182140597458,1,
454.500000000,-36.92243919207389,6.28931055868597,1.8761546169032162,1,
454.600000000,-36.92503559626421,6.297547435482134,1.7847910197466863,1,
454.700000000,-36.92686966733073,6.305986845259937,1.6934274225901573,1,
454.800000000,-36.927926106365895,6.3145583906655025,1.6020638254336275,1,
454.900000000,-36.92815419579918,6.321850790356209,1.5093597913079033,1,
455.000000000,-36.92770623885533,6.329132991439333,1.416655757182179,1,
455.100000000,-36.92658608253703,6.336342455210041,1.3239517230564544,1,
455.200000000,-36.91942937056668,6.364743966695556,1.253241045016656,1,
455.300000000,-36.90504583082312,6.408505709708611,1.1993059597250908,1,
455.400000000,-36.88313687250586,6.464743272671681,1.1596604619811173,1,
455.500000000,-36.85375126322635,6.532144194280823,1.133188676065846,1,
455.600000000,-36.821968230757435,6.600076799464783,1.113828715491359,1,
455.700000000,-36.79273858836377,6.6595255884612525,1.0800747003327702,1,
455.800000000,-36.76468055802909,6.712037697406866,1.0396127104790427,1,
455.900000000,-36.72886176565957,6.773005017480055,1.0103233886239826,1,
456.000000000,-36.6954580086687,6.826228888029782,0.973161206674894,1,
456.100000000,-36.662413306573704,6.874776157425678,0.9318876036556786,1,
456.200000000,-36.62342472181101,6.927261367680138,0.8972696121691275,1,
456.300000000,-36.58210402494507,6.979041001882409,0.8635155970105386,1,
456.400000000,-36.5390594261778,7.029396667150319,0.8297615818519498,1,
456.500000000,-36.49433996300818,7.078270997032469,0.7960075666933608,1,
456.600000000,-36.44799658098317,7.1256083126523135,0.762253551534772,1,
456.700000000,-36.40008207565932,7.171354686138951,0.728499536376183,1,
456.800000000,-36.350651032456675,7.215458002063118,0.694745521217594,1,
456.900000000,-36.29975976447373,7.257868016808412,0.6609915060590053,1,
457.000000000,-36.24746624833407,7.298536415810092,0.6272374909004163,1,
457.100000000,-36.193830058137976,7.3374168685962555,0.5934834757418275,1,
457.200000000,-36.138912297594075,7.374465081568692,0.5597294605832386,1,
457.300000000,-36.08277553040844,7.40963884846327,0.5259754454246497,1,
457.400000000,-36.02548370901044,7.442898098432382,0.4922214302660608,1,
457.500000000,-35.967102101696504,7.474204941694675,0.4584674151074718,1,
457.600000000,-35.907697218274826,7.503523712700051,0.42471339994888296,1,
457.700000000,-35.85195599042027,7.528732008106401,0.3858897241276626,1,
457.800000000,-35.79603972155819,7.551448451910741,0.3462442263836891,1,
457.900000000,-35.73926702175465,7.5719307979577675,0.30659872863971566,1,
458.000000000,-35.68172711269285,7.590146857019271,0.26695323089574213,1,
458.100000000,-35.623510421771066,7.6060680014721855,0.22730773315176864,1,
458.200000000,-35.5701917767419,7.618400885550106,0.1820341247505732,1,
458.300000000,-35.51714783439364,7.628164779000144,0.13596921013243934,1,
458.400000000,-35.46371054722294,7.635475714301795,0.08990429551430554,1,
458.500000000,-35.40999328783988,7.6403181805662905,0.04383938089617166,1,
458.600000000,-35.356110022843936,7.642681904011619,-0.002225533721962173,1,
458.700000000,-35.30217507103226,7.642561869759393,-0.04829044834009602,1,
458.800000000,-35.248302860860825,7.6399583324744205,-0.09435536295822987,1,
458.900000000,-35.194607687672864,7.634876815824407,-0.14042027757636363,1,
459.000000000,-35.14120347120974,7.62732810076094,-0.18648519219449758,1,
459.100000000,-35.08027455931626,7.61583218751319,-0.22448125420727075,1,
459.200000000,-35.01982631802789,7.602030069883402,-0.2624773162200438,1,
459.300000000,-34.95914068622469,7.585725301561022,-0.29963949816913277,1,
459.400000000,-34.89910273518153,7.567177099169997,-0.33680168011822165,1,
459.500000000,-34.8397953694341,7.546411075345008,-0.3739638620673105,1,
459.600000000,-34.781300484675626,7.523455905241248,-0.4111260440163995,1,
459.700000000,-34.723698854669664,7.498343286937786,-0.4482882259654885,1,
459.800000000,-34.667070019712106,7.471107897666677,-0.4854504079145773,1,
459.900000000,-34.61074866543094,7.4413951003440895,-0.5217719557286333,1,
460.000000000,-34.555543435686204,7.409656671245778,-0.5580935035426895,1,
460.100000000,-34.50152715223779,7.37593447684479,-0.5944150513567451,1,
460.200000000,-34.44806861122278,7.339798161088599,-0.6298887084890072,1,
460.300000000,-34.395925320711285,7.301788607309073,-0.6653623656212692,1,
460.400000000,-34.345162889914945,7.26195364096628,-0.7008360227535312,1,
460.500000000,-34.30814868291259,7.230724068766392,-0.7524073360089855,1,
460.600000000,-34.28478802536167,7.208856083153156,-0.8204084435907817,1,
460.700000000,-34.270856292027176,7.193913021935593,-0.8999783610590038,1,
460.800000000,-34.258821619316436,7.178748104165594,-0.9806184003610707,1,
460.900000000,-34.248047629650706,7.162663041998842,-1.0612584396631382,1,
461.000000000,-34.23860434634365,7.14576237696435,-1.1418984789652056,1,
461.100000000,-34.23055314405863,7.128155951432993,-1.2225385182672732,1,
461.200000000,-34.21758658051746,7.092440843066584,-1.2845424561595828,1,
461.300000000,-34.202357441680306,7.040700464584902,-1.3306073707777162,1,
461.400000000,-34.18553634982012,6.972019674895583,-1.359896692632776,1,
461.500000000,-34.1698358734157,6.898681451296466,-1.377052831496011,1,
461.600000000,-34.155395846566826,6.825084674025964,-1.394208970359246,1,
461.700000000,-34.142220519347134,6.7512510045204195,-1.4102290054322768,1,
461.800000000,-34.13022965014164,6.6772157490288855,-1.4262490405053074,1,
461.900000000,-34.11942631623947,6.602997907665785,-1.441108451928541,1,
462.000000000,-34.10972696787036,6.528627734604171,-1.4559678633517752,1,
462.100000000,-34.101133746631454,6.454121650632865,-1.4696407369377953,1,
462.200000000,-34.09356000914741,6.379505040548228,-1.4833136105238158,1,
462.300000000,-34.08700717128724,6.304791853519576,-1.495772548609247,1,
462.400000000,-34.08138566489281,6.2300028258092395,-1.508231486694679,1,
462.500000000,-34.076696362551935,6.155149566404215,-1.519447511130699,1,
462.600000000,-34.07284689354736,6.080248420963155,-1.530663535566719,1,
462.700000000,-34.06983774213413,6.005308811891768,-1.541879560002739,1,
462.800000000,-34.06766928685715,5.930340166434406,-1.5518220064644872,1,
462.900000000,-34.06624629822116,5.855353666960555,-1.561764452926236,1,
463.000000000,-34.06556891689063,5.7803567259927195,-1.5704008556185423,1,
463.100000000,-34.06553925655318,5.7053567318576235,-1.5803433020802906,1,
463.200000000,-34.06625526882268,5.630360149759304,-1.588979704772597,1,
463.300000000,-34.06761894702143,5.555372548238984,-1.5976161074649036,1,
463.400000000,-34.069630189436786,5.480399520395988,-1.60491207318397,1,
463.500000000,-34.07218837411014,5.405443161818633,-1.612208038903036,1,
463.600000000,-34.07529336486708,5.330507462499821,-1.6181271092784966,1,
463.700000000,-34.078841848319804,5.255591454429545,-1.6240461796539578,1,
463.800000000,-34.08283370014617,5.180697762312008,-1.6285496802401487,1,
463.900000000,-34.087162794138436,5.105822806918324,-1.6344687506156095,1,
464.000000000,-34.09193499983762,5.030974787219973,-1.6389722512018015,1,
464.100000000,-34.09704423410428,4.956149018094568,-1.6420191259075498,1,
464.200000000,-34.10238142904585,4.881339163461935,-1.645066000613297,1,
464.300000000,-34.107946535114806,4.806545917814743,-1.6481128753190448,1,
464.400000000,-34.11373950064783,4.731769975491472,-1.6511597500247925,1,
464.500000000,-34.11976027186629,4.657012030669969,-1.65420662473054,1,
464.600000000,-34.126008792876725,4.582272777361,-1.6572534994362877,1,
464.700000000,-34.13248500567137,4.507552909401812,-1.6588001285748584,1,
464.800000000,-34.13907677459921,4.432843147105296,-1.660346757713428,1,
464.900000000,-34.14578408389233,4.358143669181776,-1.661893386851998,1,
465.000000000,-34.15260691750644,4.2834546543169765,-1.6634400159905687,1,
465.100000000,-34.1595452591209,4.208776281171593,-1.664986645129139,1,
465.200000000,-34.16659909213877,4.134108728380865,-1.664986645129139,1,
465.300000000,-34.17365292515664,4.059441175590138,-1.664986645129139,1,
465.400000000,-34.18070675817451,3.9847736227994104,-1.6649866451291395,1,
465.500000000,-34.18776059119238,3.910106070008683,-1.6649866451291395,1,
465.600000000,-34.19481442421025,3.835438517217956,-1.6649866451291397,1,
465.700000000,-34.20186825722812,3.7607709644272287,-1.6649866451291402,1,
465.800000000,-34.20892209024599,3.6861034116365015,-1.6649866451291402,1,
465.900000000,-34.21597592326386,3.6114358588457742,-1.661939770423393,1,
466.000000000,-34.22280222121388,3.536747160528709,-1.6574362698372012,1,
466.100000000,-34.229292090480506,3.4620284774775327,-1.6529327692510092,1,
466.200000000,-34.23544539943956,3.3872813250979643,-1.6529327692510098,1,
466.300000000,-34.24159870839862,3.312534172718396,-1.65293276925101,1,
466.400000000,-34.247752017357676,3.2377870203388275,-1.65293276925101,1,
466.500000000,-34.25390532631673,3.163039867959259,-1.6513861401124403,1,
466.600000000,-34.25994302183844,3.088283288096432,-1.6498395109738704,1,
466.700000000,-34.26586508948025,3.0135174595726624,-1.6482928818353002,1,
466.800000000,-34.27167151507623,2.938742561232388,-1.6467462526967305,1,
466.900000000,-34.277362284737045,2.863958771941743,-1.6451996235581605,1,
467.000000000,-34.28293738485003,2.78916627058813,-1.6451996235581612,1,
467.100000000,-34.288512484963015,2.7143737692345167,-1.643652994419591,1,
467.200000000,-34.29397190219218,2.639572734726177,-1.643652994419591,1,
467.300000000,-34.29943131942135,2.5647717002178374,-1.6436529944195912,1,
467.400000000,-34.30489073665052,2.4899706657094978,-1.6436529944195915,1,
467.500000000,-34.31035015387969,2.415169631201158,-1.6436529944195915,1,
467.600000000,-34.31580957110886,2.3403685966928185,-1.643652994419592,1,
467.700000000,-34.321268988338026,2.265567562184479,-1.6436529944195921,1,
467.800000000,-34.326728405567195,2.190766527676139,-1.6436529944195926,1,
467.900000000,-34.332187822796364,2.1159654931677996,-1.6191292669169224,1,
468.000000000,-34.334986139278776,2.0581139097141734,-1.5770484889699476,1,
468.100000000,-34.335249233413485,2.0160339541314802,-1.5191292670089187,1,
468.200000000,-34.33398272817427,1.9915429520970849,-1.4436529946246326,1,
468.300000000,-34.33359638122703,1.9885206710813568,-1.3466998694992656,1,
468.400000000,-34.33359638122703,1.9885206710813568,-1.2466998694992655,1,
468.500000000,-34.33359638122703,1.9885206710813568,-1.1466998694992656,1,
468.600000000,-34.33359638122703,1.9885206710813568,-1.0466998694992653,1,
468.700000000,-34.33359638122703,1.9885206710813568,-0.9466998694992651,1,
468.800000000,-34.33359638122703,1.9885206710813568,-0.8466998694992653,1,
468.900000000,-34.33359638122703,1.9885206710813568,-0.7466998694992655,1,
469.000000000,-34.33359638122703,1.9885206710813568,-0.6466998694992652,1,
469.100000000,-34.33359638122703,1.9885206710813568,-0.5466998694992655,1,
469.200000000,-34.33227518115968,1.9877166234381183,-0.448246498811859,1,
469.300000000,-34.33088134578476,1.987046336053339,-0.3497931281244525,1,
469.400000000,-34.32942837473115,1.9865163008206075,-0.25133975743704606,1,
469.500000000,-34.327930340370905,1.9861316512578848,-0.1528863867496396,1,
469.600000000,-34.32640175152499,1.985896112788156,-0.054433016062233185,1,
469.700000000,-34.32485741294187,1.9858119666578182,0.04402035462517328,1,
469.800000000,-34.32331228190996,1.985880027842263,0.14247372531257976,1,
469.900000000,-34.32178132339277,1.9860996371526456,0.24092709599998624,1,
470.000000000,-34.320279365089576,1.986468667620286,0.33938046668739263,1,
470.100000000,-34.31882095382567,1.9869835450968696,0.4378338373747992,1,
470.200000000,-34.29572155553086,1.9977972272027222,0.5123285845380092,1,
470.300000000,-34.25834367722406,2.018819288492566,0.5694446382691344,1,
470.400000000,-34.208884274191696,2.0504824714346923,0.6107182412883495,1,
470.500000000,-34.15461315540767,2.0884716300663144,0.6444722564469382,1,
470.600000000,-34.10165499329948,2.1282706699257385,0.6782262716055271,1,
470.700000000,-34.05007011914897,2.169834250937054,0.7119802867641157,1,
470.800000000,-33.99991729975347,2.213115022814304,0.7457343019227046,1,
470.900000000,-33.95125367047721,2.258063679004131,0.7794883170812933,1,
471.000000000,-33.90413467016126,2.3046290128570557,0.8132423322398823,1,
471.100000000,-33.8586139779662,2.3527579759633888,0.8469963473984709,1,
471.200000000,-33.80894622166543,2.4089550753907365,0.8606692209844911,1,
471.300000000,-33.76005145981868,2.4658260017411124,0.8637160956902386,1,
471.400000000,-33.711330203246575,2.522845640095233,0.8667629703959862,1,
471.500000000,-33.66278290424988,2.5800134611148042,0.8698098451017338,1,
471.600000000,-33.61441001351446,2.637328934085888,0.8728567198074817,1,
471.700000000,-33.566211980107056,2.694791526923827,0.875903594513229,1,
471.800000000,-33.518189251471135,2.752400706178187,0.8789504692189767,1,
471.900000000,-33.470342273422744,2.810155937037708,0.8819973439247243,1,
472.000000000,-33.42267149014634,2.868056683335267,0.8850352163054411,1,
472.100000000,-33.37517682164616,2.926101979992769,0.8791161459299808,1,
472.200000000,-33.32733941295108,2.9838651371895533,0.8718201802109141,1,
472.300000000,-33.27908184319387,3.041277739997021,0.8645242144918479,1,
472.400000000,-33.230406681167416,3.098336732291823,0.8572282487727815,1,
472.500000000,-33.18131651789341,3.155039076773607,0.849932283053715,1,
472.600000000,-33.131813966484415,3.2113817551266988,0.8428491294476266,1,
472.700000000,-33.08191357635981,3.2673723888560287,0.8358971453527619,1,
472.800000000,-33.031625149215564,3.3230147656506817,0.8292075002803445,1,
472.900000000,-32.980965622329194,3.378319488194501,0.8227801942303752,1,
473.000000000,-32.929951683887964,3.4332974663740843,0.8164840576916297,1,
473.100000000,-32.87859261000344,3.4879531662572956,0.8104502601753321,1,
473.200000000,-32.82690469159842,3.5422979828542505,0.804547632170258,1,
473.300000000,-32.777208355729236,3.593935036529766,0.7989073431876321,1,
473.400000000,-32.72838404751739,3.644096644634313,0.7933982237162296,1,
473.500000000,-32.67694604427155,3.6963643172423337,0.7876267652223795,1,
473.600000000,-32.62705759841862,3.7464756230933682,0.7583374433673198,1,
473.700000000,-32.58790178467153,3.7835676125918125,0.712272528749186,1,
473.800000000,-32.55914337807227,3.8084001474113434,0.6502685908568766,1,
473.900000000,-32.54373437448988,3.8201206715815075,0.5696285515548092,1,
474.000000000,-32.54243195583837,3.820954798602266,0.47117518086740245,1,
474.100000000,-32.541053854293814,3.8216568658094956,0.3727218101799958,1,
474.200000000,-32.53961341709918,3.8222200735144285,0.2742684394925892,1,
474.300000000,-32.538124595233114,3.822638966915779,0.1758150688051825,1,
474.400000000,-32.536601808291366,3.822909488930797,0.07736169811777581,1,
474.500000000,-32.535059804829565,3.8230290194890846,-0.02109167256963088,1,
474.600000000,-32.533513519519936,3.8229964009086053,-0.11954504325703756,1,
474.700000000,-32.53197792850542,3.82281194910811,-0.21799841394444425,1,
474.800000000,-32.53046790435215,3.8224774505473893,-0.3164517846318509,1,
474.900000000,-32.52899807200511,3.8219961449249826,-0.4149051553192576,1,
475.000000000,-32.52758266714201,3.8213726938009236,-0.5133585260066643,1,
475.100000000,-32.52623539829738,3.820613135448417,-0.611811896694071,1,
475.200000000,-32.52496931409211,3.8197248263717185,-0.7102652673814777,1,
475.300000000,-32.52379667685446,3.818716370056632,-0.8087186380688841,1,
475.400000000,-32.52272884385644,3.8175975336436916,-0.9071720087562911,1,
475.500000000,-32.52177615731597,3.8163791533310722,-1.0056253794436976,1,
475.600000000,-32.52094784422997,3.8150730294234183,-1.1040787501311045,1,
475.700000000,-32.520251927008744,3.813691812043071,-1.2025321208185111,1,
475.800000000,-32.519695145776964,3.8122488786106103,-1.3009854915059178,1,
475.900000000,-32.519282893093994,3.8107582042813366,-1.3994388621933247,1,
476.000000000,-32.51901916172563,3.8092342265925514,-1.4978922328807314,1,
476.100000000,-32.51890650597324,3.8076917056325557,-1.596345603568138,1,
476.200000000,-32.51894601693472,3.8061455810856657,-1.6947989742555445,1,
476.300000000,-32.51913731193696,3.8046108275377986,-1.7932523449429512,1,
476.400000000,-32.519478538242126,3.8031023094440273,-1.8917057156303578,1,
476.500000000,-32.51996639099186,3.8016346371627785,-1.9901590863177643,1,
476.600000000,-32.52059614521564,3.8002220254510184,-2.0886124570051714,1,
476.700000000,-32.521361701593236,3.798878155790933,-2.187065827692578,1,
476.800000000,-32.52225564552808,3.7976160438815008,-2.2855191983799847,1,
476.900000000,-32.523269318959414,3.796447913578338,-2.3839725690673914,1,
477.000000000,-32.5243929042177,3.795385078502732,-2.482425939754798,1,
477.100000000,-32.52561551911105,3.794437832466515,-2.5808793104422048,1,
477.200000000,-32.52942942571083,3.792042913792415,-2.676375809691962,1,
477.300000000,-32.533454313797215,3.790022568549765,-2.7718723089417194,1,
477.400000000,-32.53765350596206,3.788395207443523,-2.8673688081914768,1,
477.500000000,-32.54198873642466,3.787175660050613,-2.962865307441234,1,
477.600000000,-32.54642049973452,3.786375039683135,-3.0583618066909914,1,
477.700000000,-32.55090841077081,3.786000642116613,3.1293270012388374,1,
477.800000000,-32.55541157275795,3.7860558791061205,3.03383050198908,1,
477.900000000,-32.55988894994375,3.786540247296145,2.9383340027393228,1,
478.000000000,-32.56429974154396,3.7874493328074887,2.8428375034895654,1,
478.100000000,-32.568603753545666,3.7887748514594204,2.747341004239808,1,
478.200000000,-32.593924025683535,3.7993089374679676,2.67476513866865,1,
478.300000000,-32.63364464537397,3.8193273840683433,2.619245087329637,1,
478.400000000,-32.68524328153849,3.8490318517144577,2.5787830974759096,1,
478.500000000,-32.736983731032744,3.881673367092264,2.5399594216546895,1,
478.600000000,-32.78741824652677,3.9162985354948856,2.5011357458334693,1,
478.700000000,-32.836470818742775,3.952855173729562,2.462312070012249,1,
478.800000000,-32.884067521113764,3.9912881877075788,2.423488394191029,1,
478.900000000,-32.93013662119744,4.031539655475938,2.384664718369809,1,
479.000000000,-32.97460868878333,4.073548914510862,2.3458410425485887,1,
479.100000000,-33.01741670053024,4.117252653141591,2.3070173667273686,1,
479.200000000,-33.0584961409764,4.162585005966667,2.2681936909061484,1,
479.300000000,-33.09778509976994,4.2094776531189275,2.2293700150849283,1,
479.400000000,-33.13522436497329,4.257859923229587,2.190546339263708,1,
479.500000000,-33.170757512300774,4.307658899936245,2.151722663442488,1,
479.600000000,-33.20433099015506,4.358799531774298,2.112898987621268,1,
479.700000000,-33.235894200334094,4.411204745286136,2.0740753118000486,1,
479.800000000,-33.272066740547686,4.476905181620273,2.053645229389401,1,
479.900000000,-33.30688956007053,4.543330863705436,2.0505983546836544,1,
480.000000000,-33.34150982753822,4.609862338065063,2.049051725545084,1,
480.100000000,-33.37602715412316,4.6764472775441135,2.047505096406515,1,
480.200000000,-33.41044145725778,4.743085522867337,2.0505519711122617,1,
480.300000000,-33.44505863872084,4.809618602967041,2.0535988458180094,1,
480.400000000,-33.47987837714586,4.876045900187484,2.056645720523757,1,
480.500000000,-33.51490034928595,4.942366797854951,2.058192349662327,1,
480.600000000,-33.550024853330626,5.008633450219587,2.0597389788008975,1,
480.700000000,-33.58525180525992,5.074845698767502,2.061285607939467,1,
480.800000000,-33.620581120808815,5.141003385114947,2.0643324826452156,1,
480.900000000,-33.65611184623819,5.207053120545625,2.065879111783785,1,
481.000000000,-33.69174468357641,5.2730478241454435,2.0689259864895333,1,
481.100000000,-33.72757843279901,5.3389336527935845,2.0704726156281024,1,
481.200000000,-33.76351404006512,5.404763981141661,2.064553545252642,1,
481.300000000,-33.79905936575293,5.470805860443715,2.057257579533575,1,
481.400000000,-33.83412191037365,5.537105317188998,2.0499616138145105,1,
481.500000000,-33.868699807517196,5.603658822199108,2.0426656480954435,1,
481.600000000,-33.90279121657167,5.670462832772429,2.0353696823763783,1,
481.700000000,-33.936394322821386,5.737513792872716,2.028073716657312,1,
481.800000000,-33.96950733754344,5.80480813331838,2.020777750938246,1,
481.900000000,-34.002128498102934,5.872342271972485,2.013481785219178,1,
482.000000000,-34.03425606804679,5.940112613933424,2.0061858195001125,1,
482.100000000,-34.0658883371962,6.008115551726281,1.9988898537810473,1,
482.200000000,-34.097023621737655,6.076347465494858,2.0061858195001125,1,
482.300000000,-34.12865589088707,6.1443504032877145,2.014822222192419,1,
482.400000000,-34.16087427381283,6.2120776193950435,2.023458624884725,1,
482.500000000,-34.193676367442805,6.2795240622478,2.0320950275770313,1,
482.600000000,-34.22705972516764,6.34668470121897,2.0407314302693362,1,
482.700000000,-34.26102185702324,6.413554526998789,2.049367832961644,1,
482.800000000,-34.29556022987647,6.480128551968375,2.05800423565395,1,
482.900000000,-34.330672267614155,6.5464018105717345,2.0666406383462563,1,
483.000000000,-34.366355351335145,6.6123693596861335,2.0752770410385617,1,
483.100000000,-34.40260681954572,6.678026278990787,2.083913443730869,1,
483.200000000,-34.43942396835805,6.743367671333853,2.097586317316889,1,
483.300000000,-34.47713105254863,6.808199575531128,2.112445728740123,1,
483.400000000,-34.515797302400046,6.872464037891188,2.127305140163357,1,
483.500000000,-34.55541418047993,6.936146868946376,2.1421645515865912,1,
483.600000000,-34.595972939459045,6.99923400765209,2.1570239630098254,1,
483.700000000,-34.6374646240427,7.061711524491434,2.1718833744330595,1,
483.800000000,-34.67988007294805,7.12356562455083,2.1867427858562936,1,
483.900000000,-34.7232099209269,7.184782650565903,2.2016021972795277,1,
484.000000000,-34.767444600833514,7.245349085936984,2.216461608702762,1,
484.100000000,-34.81257434573705,7.305251557713546,2.231321020125996,1,
484.200000000,-34.85858919107805,7.364476839546925,2.244993893712016,1,
484.300000000,-34.90540948986735,7.423067449897738,2.258666767298036,1,
484.400000000,-34.953026489304804,7.481012435570132,2.2723396408840566,1,
484.500000000,-35.001431287651414,7.538300964064273,2.2860125144700763,1,
484.600000000,-35.05061483589347,7.594922325601431,2.2996853880560963,1,
484.700000000,-35.1005679394342,7.650865935126102,2.3133582616421164,1,
484.800000000,-35.15128125981266,7.70612133428484,2.3270311352281365,1,
484.900000000,-35.20274531644951,7.760678193381378,2.3407040088141566,1,
485.000000000,-35.25495048841933,7.814526313307716,2.3543768824001767,1,
485.100000000,-35.307887016249246,7.867655627450784,2.368049755986197,1,
485.200000000,-35.361545003743366,7.920056203574346,2.381722629572217,1,
485.300000000,-35.415914419832845,7.97171824567577,2.395395503158237,1,
485.400000000,-35.47098510045113,8.022632095817345,2.409068376744257,1,
485.500000000,-35.526746750434086,8.072788235931775,2.422741250330277,1,
485.600000000,-35.58318894544461,8.122177289601531,2.4364141239162973,1,
485.700000000,-35.64030113392141,8.170790023811723,2.439460998622045,1,
485.800000000,-35.69756117398054,8.219228518962035,2.441007627760615,1,
485.900000000,-35.754896061913065,8.267578396167302,2.442554256899185,1,
486.000000000,-35.81230566057043,8.315839539771655,2.444100886037755,1,
486.100000000,-35.869789832625365,8.364011834331485,2.445647515176325,1,
486.200000000,-35.9273484405722,8.412095164615714,2.4273784800711566,1,
486.300000000,-35.984019056287885,8.461221952770504,2.40801851949667,1,
486.400000000,-36.03972801876306,8.5114366070055,2.388658558922183,1,
486.500000000,-36.09445444848098,8.56272030705073,2.3692985983476964,1,
486.600000000,-36.14817783417463,8.61505383196174,2.3499386377732097,1,
486.700000000,-36.20087804051423,8.66841756732353,2.330578677198723,1,
486.800000000,-36.25253531565392,8.722791512601967,2.311218716624236,1,
486.900000000,-36.303130298634656,8.778155288639908,2.2918587560497494,1,
487.000000000,-36.35264402664063,8.834488145295241,2.2724987954752627,1,
487.100000000,-36.40105794210648,8.891768969217958,2.253138834900776,1,
487.200000000,-36.44835389967259,8.949976291763363,2.2296124721817083,1,
487.300000000,-36.49426748866752,9.0092801056846,2.2060861094626407,1,
487.400000000,-36.53877329756282,9.069647588442907,2.182559746743573,1,
487.500000000,-36.58184669398596,9.131045328796889,2.1590333840245055,1,
487.600000000,-36.62346383835344,9.193439345294436,2.135507021305438,1,
487.700000000,-36.66360169706516,9.25679510508025,2.1119806585863703,1,
487.800000000,-36.7022380552527,9.321077543008538,2.0884542958673022,1,
487.900000000,-36.73935152907444,9.386251081050315,2.0649279331482364,1,
488.000000000,-36.774921577550764,9.452279647984573,2.0414015704291675,1,
488.100000000,-36.80892851393275,9.519126699362415,2.019921066933053,1,
488.200000000,-36.84149180711247,9.58668875925768,1.9984405634369389,1,
488.300000000,-36.87259643257243,9.654934654921783,1.9780104810262928,1,
488.400000000,-36.902300394622614,9.723801734419327,1.9575803986156481,1,
488.500000000,-36.930591295609005,9.793261254439107,1.936099895119532,1,
488.600000000,-36.957383759239804,9.863312406411023,1.9156698127088876,1,
488.700000000,-36.98273958038286,9.933896273789916,1.8963098521344006,1,
488.800000000,-37.006724234362444,10.004957770913743,1.876949891559914,1,
488.900000000,-37.02932873181738,10.07647026419156,1.8586808564547472,1,
489.000000000,-37.0506230655877,10.148383763267033,1.8404118213495775,1,
489.100000000,-37.070600128724415,10.220674267127716,1.823255682486343,1,
489.200000000,-37.08933408689408,10.293296844962006,1.806099543623108,1,
489.300000000,-37.10681942620793,10.366230122065668,1.7889434047598725,1,
489.400000000,-37.12305100027807,10.439452632287631,1.772923369686842,1,
489.500000000,-37.13810751453685,10.51292576600585,1.758063958263608,1,
489.600000000,-37.15207063922568,10.586614511068609,1.743204546840375,1,
489.700000000,-37.164937291313926,10.660502597145053,1.7283451354171395,1,
489.800000000,-37.17670462986997,10.73457370989022,1.713485723993905,1,
489.900000000,-37.18737005668846,10.808811494547223,1.7010267859084733,1,
490.000000000,-37.197109755712226,10.883176393948261,1.6885678478230424,1,
490.100000000,-37.205922215114704,10.957656864940862,1.6761089097376112,1,
490.200000000,-37.21380606699835,11.032241346433171,1.6636499716521795,1,
490.300000000,-37.220760087607005,11.106918261188499,1.6524339472161595,1,
490.400000000,-37.22687611027541,11.181668473674614,1.6412179227801393,1,
490.500000000,-37.23215336562086,11.256482580472857,1.6300018983441193,1,
490.600000000,-37.23659118977577,11.331351170126798,1.6187858739080994,1,
490.700000000,-37.24018902447126,11.406264824326175,1.6075698494720791,1,
490.800000000,-37.24294641710734,11.481214119091707,1.5976274030103308,1,
490.900000000,-37.24495850638381,11.55618712421184,1.5889910003180243,1,
491.000000000,-37.246323031608334,11.631174710323887,1.5803545976257178,1,
491.100000000,-37.24703989100509,11.706171284329672,1.5717181949334114,1,
491.200000000,-37.24710903110568,11.781171252460641,1.564422229214345,1,
491.300000000,-37.24663097702431,11.856169728873802,1.5571262634952794,1,
491.400000000,-37.245605754208206,11.93116272133428,1.5498302977762124,1,
491.500000000,-37.24403341723089,12.00614623789912,1.5439112274007523,1,
491.600000000,-37.2420172776773,12.08111913421039,1.5379921570252908,1,
491.700000000,-37.23983072523835,12.147749933641855,1.5115969564719964,1,
491.800000000,-37.23687248531984,12.197662345090157,1.470233359239885,1,
491.900000000,-37.23297483844317,12.236289876209975,1.409057035155334,1,
492.000000000,-37.22968487926647,12.256453319389923,1.3294871176871128,1,
492.100000000,-37.22931527490783,12.257955136572088,1.2310337469997055,1,
492.200000000,-37.22879984019079,12.259413350988092,1.132580376312299,1,
492.300000000,-37.228143567223825,12.260813839482655,1.0341270056248923,1,
492.400000000,-37.22735281216753,12.262143037989846,0.9356736349374857,1,
492.500000000,-37.226435233673705,12.263388072904313,0.8372202642500793,1,
492.600000000,-37.225399718709454,12.264536885765217,0.7387668935626723,1,
492.700000000,-37.224256296484796,12.26557835004532,0.6403135228752657,1,
492.800000000,-37.22301604131737,12.266502378914053,0.541860152187859,1,
492.900000000,-37.221690965375025,12.267300022930884,0.4434067815004522,1,
493.000000000,-37.22029390233509,12.267963556722794,0.34495341081304565,1,
493.100000000,-37.21883838308713,12.268486553806357,0.24650004012563892,1,
493.200000000,-37.19410409310067,12.274710123612685,0.17200529296242878,1,
493.300000000,-37.16802293731528,12.279240991989232,0.09847707898731742,1,
493.400000000,-37.141679405776,12.28184364474877,0.02494886501220606,1,
493.500000000,-37.11521585795066,12.282504017252274,-0.048579348962905326,1,
493.600000000,-37.088775301870626,12.281218540871214,-0.12210756293801667,1,
493.700000000,-37.062500621320744,12.277994162272298,-0.19563577691312803,1,
493.800000000,-37.036533803700635,12.272848305877941,-0.26916399088823945,1,
493.900000000,-37.011015172730055,12.265808779705328,-0.34269220486335084,1,
494.000000000,-36.986082630144736,12.25691362509292,-0.4162204188384623,1,
494.100000000,-36.96187091048049,12.246210911126479,-0.48974863281357367,1,
494.200000000,-36.9298189194603,12.22912510666027,-0.5534270849030565,1,
494.300000000,-36.896790522535646,12.208719156347302,-0.6146034089876076,1,
494.400000000,-36.8630698980234,12.18491937071118,-0.6733298058759142,1,
494.500000000,-36.83207704747089,12.16019673506248,-0.7336843080383472,1,
494.600000000,-36.808311073375,12.138769938958875,-0.8016854156201433,1,
494.700000000,-36.784234375255835,12.113895897288025,-0.8670674240353541,1,
494.800000000,-36.75137286838946,12.075175300710569,-0.9162819612251848,1,
494.900000000,-36.710512669324345,12.021927005166663,-0.9491631349096743,1,
495.000000000,-36.66824712657061,11.962928020643051,-0.9765872692304753,1,
495.100000000,-36.62761526969465,11.902792270162191,-1.0040114035512773,1,
495.200000000,-36.58734608308484,11.83951990170815,-1.0085149041374688,1,
495.300000000,-36.54736225101967,11.77606682319036,-0.994842030551449,1,
495.400000000,-36.50651459744514,11.713166352624116,-0.9799826191282149,1,
495.500000000,-36.46473682383636,11.650879775961936,-0.965123207704981,1,
495.600000000,-36.42203815464407,11.589220845958184,-0.9502637962817472,1,
495.700000000,-36.37842801765096,11.528203176784066,-0.9354043848585131,1,
495.800000000,-36.33391604189002,11.46784024102165,-0.9205449734352795,1,
495.900000000,-36.28851205551848,11.408145366689148,-0.9056855620120456,1,
496.000000000,-36.24222608364777,11.349131734298114,-0.8908261505888114,1,
496.100000000,-36.19506834613,11.290812373943213,-0.8759667391655777,1,
496.200000000,-36.14704925530142,11.233200162425202,-0.8647507147295579,1,
496.300000000,-36.098387018398746,11.176130146658355,-0.8535346902935378,1,
496.400000000,-36.04908775702849,11.119609505929976,-0.8423186658575184,1,
496.500000000,-35.99915767293347,11.063645350417145,-0.831102641421498,1,
496.600000000,-35.948603047212686,11.008244720292284,-0.8198866169854786,1,
496.700000000,-35.897430239531154,10.95341458483751,-0.8086705925494585,1,
496.800000000,-35.845645687319866,10.899161841567919,-0.7974545681134385,1,
496.900000000,-35.79325590496598,10.845493315363889,-0.7862385436774184,1,
497.000000000,-35.74026748299334,10.792415757612527,-0.7750225192413988,1,
497.100000000,-35.68668708723337,10.739935845358358,-0.7638064948053791,1,
497.200000000,-35.63252145798656,10.68806018046337,-0.7525904703693591,1,
497.300000000,-35.57777740917453,10.636795288776508,-0.741374445933339,1,
497.400000000,-35.52246182748285,10.586147619312738,-0.7301584214973192,1,
497.500000000,-35.46658167149473,10.53612354344178,-0.7189423970612994,1,
497.600000000,-35.410143970815625,10.486729354086595,-0.7077263726252797,1,
497.700000000,-35.353155825188935,10.437971264931752,-0.6965103481892596,1,
497.800000000,-35.29562440360288,10.389855409641763,-0.6965103481892598,1,
497.900000000,-35.23809298201682,10.341739554351774,-0.6965103481892598,1,
498.000000000,-35.18056156043077,10.293623699061785,-0.69651034818926,1,
498.100000000,-35.12303013884471,10.245507843771795,-0.7024294185647207,1,
498.200000000,-35.06578452454435,10.1970523008136,-0.7083484889401812,1,
498.300000000,-35.00882672314648,10.148258767841282,-0.714267559315642,1,
498.400000000,-34.952158730184294,10.099128954350514,-0.7201866296911026,1,
498.500000000,-34.89578253103747,10.049664581618645,-0.7261057000665635,1,
498.600000000,-34.839700100862586,9.999867382644409,-0.7320247704420239,1,
498.700000000,-34.78391340452396,9.949739102087204,-0.7379438408174847,1,
498.800000000,-34.72842439652477,9.899281496205967,-0.7438629111929456,1,
498.900000000,-34.67323502093861,9.848496332797646,-0.7497819815684065,1,
499.000000000,-34.61834721134136,9.79738539113526,-0.7557010519438668,1,
499.100000000,-34.56376289074344,9.745950461905565,-0.7616201223193276,1,
499.200000000,-34.50948397152246,9.694193347146317,-0.7646669970250756,1,
499.300000000,-34.45536300144878,9.642271091818914,-0.7677138717308232,1,
499.400000000,-34.4014004829511,9.59018417794041,-0.7707607464365711,1,
499.500000000,-34.34759691698711,9.537933089056454,-0.773807621142319,1,
499.600000000,-34.293952803038906,9.485518310236806,-0.7768544958480668,1,
499.700000000,-34.240468639108315,9.432940328070831,-0.7799013705538145,1,
499.800000000,-34.18714492171227,9.380199630662982,-0.7829482452595625,1,
499.900000000,-34.1339821458782,9.32729670762827,-0.7859951199653101,1,
500.000000000,-34.08098080513946,9.274232050087713,-0.789041994671058,1,
500.100000000,-34.02814139153073,9.221006150663788,-0.7718858558078231,1,
500.200000000,-33.97439664779829,9.1686945599679,-0.7536168207026549,1,
500.300000000,-33.91970524354924,9.117373508719245,-0.7353477855974871,1,
500.400000000,-33.86408543195011,9.06706012523456,-0.7170787504923186,1,
500.500000000,-33.80755577602185,9.017771201523116,-0.6988097153871508,1,
500.600000000,-33.75013514244447,8.969523187682412,-0.6805406802819824,1,
500.700000000,-33.69184269526032,8.922332186407987,-0.6622716451768145,1,
500.800000000,-33.632697889478095,8.876213947619167,-0.6440026100716465,1,
500.900000000,-33.57272046457978,8.831183863202556,-0.6257335749664783,1,
501.000000000,-33.511930437932634,8.787256961875022,-0.6074645398613104,1,
501.100000000,-33.45034809810841,8.744447904167881,-0.5891955047561422,1,
501.200000000,-33.3915600888303,8.705154520897478,-0.5599061829010826,1,
501.300000000,-33.33242125380654,8.668085184375705,-0.5297025833679602,1,
501.400000000,-33.272189934481204,8.632818689079707,-0.49949898383483765,1,
501.500000000,-33.21092107314558,8.599387204685968,-0.4692953843017153,1,
501.600000000,-33.14867055852439,8.567821226995903,-0.4390917847685929,1,
501.700000000,-33.08549517479477,8.53814955011796,-0.40888818523547027,1,
501.800000000,-33.02145254978846,8.510399240201977,-0.378684585702348,1,
501.900000000,-32.95660110242431,8.484595610749754,-0.34848098616922535,1,
502.000000000,-32.890999989419306,8.460762199524389,-0.3182773866361029,1,
502.100000000,-32.82296095872789,8.438344787793566,-0.28991431877404644,1,
502.200000000,-32.75341380202383,8.417597516323175,-0.26249018445324507,1,
502.300000000,-32.6833238916601,8.398765077705463,-0.23506605013244375,1,
502.400000000,-32.612743937773146,8.381861634612399,-0.20764191581164246,1,
502.500000000,-32.542616688230275,8.367087333185143,-0.1805613391681857,1,
502.600000000,-32.473754675326944,8.354516606121795,-0.15411054337690228,1,
502.700000000,-32.407878111704704,8.344283189792483,-0.12891930928996573,1,
502.800000000,-32.34341752011435,8.335926627591355,-0.1043578560552026,1,
502.900000000,-32.282086341143064,8.329502900964997,-0.08105596452478628,1,
503.000000000,-32.222283335333714,8.32464486677747,-0.05838385384654338,1,
503.100000000,-32.14983112826987,8.32041001487185,-0.03095971952574203,1,
503.200000000,-32.07729004194976,8.318163445357287,-0.0035355852049406703,1,
503.300000000,-32.004714629882415,8.317906847734951,0.023888549115860684,1,
503.400000000,-31.932159471391046,8.319640414975494,0.05131268343666204,1,
503.500000000,-31.859679130567457,8.323362843373927,0.07873681775746338,1,
503.600000000,-31.78732811523787,8.329071333530056,0.10616095207826476,1,
503.700000000,-31.715160835971073,8.336761592453728,0.13358508639906608,1,
503.800000000,-31.64082902800206,8.346750702727295,0.15074122526230108,1,
503.900000000,-31.566679525076722,8.358013527236519,0.16676126033533148,1,
504.000000000,-31.528877969590347,8.364376454806044,0.1740737347451528,1,
504.100000000,-31.455011415582693,8.37736615068524,0.1900937698181831,1,
504.200000000,-31.42064188732894,8.383979434862903,0.18789175646682812,1,
504.300000000,-31.38625787987343,8.390517020908186,0.18513719673112697,1,
504.400000000,-31.351855994715358,8.396959869468478,0.18238263699542584,1,
504.500000000,-31.319075516779094,8.403005642982363,0.17975924677094848,1,
504.600000000,-31.287919102515374,8.40866741196433,0.1772670260576951,1,
504.700000000,-31.258389223482254,8.413957614634292,0.17490597485566556,1,
504.800000000,-31.228846936329408,8.419178081067367,0.17254492365363594,1,
504.900000000,-31.200934324108058,8.424042632100953,0.17031504196283026,1,
505.000000000,-31.173010933918338,8.42884492926901,0.16808516027202455,1,
505.100000000,-31.14672008280054,8.433306124020756,0.16598644809244265,1,
505.200000000,-31.12206368657449,8.437436756556314,0.1640189054240847,1,
505.300000000,-31.09739921088312,8.441518868616251,0.16205136275572676,1,
505.400000000,-31.07272675120812,8.4455524443978,0.1600838200873688,1,
505.500000000,-31.04969175960515,8.449271800026871,0.15824744693023463,1,
505.600000000,-31.02664997672123,8.452948848568136,0.15641107377310057,1,
505.700000000,-31.00524780143522,8.45632395411779,0.15470587012719036,1,
505.800000000,-30.983839902025466,8.459662559710875,0.1530006664812801,1,
505.900000000,-30.962426340740112,8.462964655639661,0.15129546283536988,1,
506.000000000,-30.942654807605035,8.465979034097744,0.14972142870068345,1,
506.100000000,-30.921230533115562,8.469210892238834,0.14801622505477327,1,
506.200000000,-30.901449221439986,8.472160419047286,0.14548963748876872,1,
506.300000000,-30.88166052067298,8.475059957278434,0.14296304992276418,1,
506.400000000,-30.863514220766383,8.477672027493979,0.14064701132059346,1,
506.500000000,-30.84371171070678,8.480475702820996,0.1381204237545889,1,
506.600000000,-30.823902180129554,8.483229336476725,0.13559383618858437,1,
506.700000000,-30.804085755491645,8.485932910882955,0.13306724862257985,1,
506.800000000,-30.784262563293996,8.488586408781037,0.13054066105657536,1,
506.900000000,-30.76443273008076,8.491189813231992,0.12801407349057076,1,
507.000000000,-30.744596382438477,8.49374310761662,0.12548748592456638,1,
507.100000000,-30.72475364699528,8.496246275635604,0.12296089835856178,1,
507.200000000,-30.70490465042007,8.49869930130962,0.12075287780478884,1,
507.300000000,-30.685050285903586,8.501108494047154,0.11854485725101595,1,
507.400000000,-30.651950893135705,8.505050740806135,0.11486482299472775,1,
507.500000000,-30.617181533113392,8.509062174918615,0.11100078702562513,1,
507.600000000,-30.58405334192955,8.512754607720696,0.10732075276933697,1,
507.700000000,-30.55256886457425,8.516146578157093,0.10382472022586317,1,
507.800000000,-30.521072721209354,8.519428457331538,0.10032868768238935,1,
507.900000000,-30.489565296788005,8.522600205132143,0.09683265513891555,1,
508.000000000,-30.456388117433498,8.52582291845944,0.09315262088262737,1,
508.100000000,-30.42485874378206,8.52876848715253,0.08965658833915356,1,
508.200000000,-30.40161912785745,8.530857672668729,0.08782021518201943,1,
508.300000000,-30.378375714595872,8.532904178079404,0.08598384202488532,1,
508.400000000,-30.356789091824254,8.534764866597211,0.08427863837897512,1,
508.500000000,-30.335199327585244,8.536588742839823,0.08257343473306483,1,
508.600000000,-30.315267472573453,8.538238335452839,0.08099940059837847,1,
508.700000000,-30.295333045739063,8.53985655261515,0.0794253664636921,1,
508.800000000,-30.275396096471273,8.541443390317493,0.07785133232900572,1,
508.900000000,-30.253795055640047,8.543128465820915,0.0761461286830955,1,
509.000000000,-30.23385300995834,8.544649917111219,0.07457209454840913,1,
509.100000000,-30.213908594165396,8.546139977069105,0.07299806041372273,1,
509.200000000,-30.19562408571601,8.547477086591682,0.07155519579026025,1,
509.300000000,-30.175675265333602,8.548906969576587,0.06998116165557383,1,
509.400000000,-30.157386806176067,8.550188910587043,0.06853829703211135,1,
509.500000000,-30.13909651638883,8.55144446250151,0.06709543240864879,1,
509.600000000,-30.119141517473384,8.552785364542887,0.06552139827396244,1,
509.700000000,-30.09918443265331,8.554094855086685,0.06394736413927608,1,
509.800000000,-30.079225311373936,8.555372930888534,0.06268907079564463,1,
509.900000000,-30.045957455252992,8.557461198167262,0.06059191522292561,1,
510.000000000,-30.012685292870913,8.559479693035112,0.05849475965020657,1,
510.100000000,-29.979408970560655,8.56142840661462,0.056397604077487555,1,
510.200000000,-29.94779265146784,8.5632133841492,0.054904241988076245,1,
510.300000000,-29.916173702012482,8.564951145098624,0.05341087989866492,1,
510.400000000,-29.882887902745605,8.566730661402659,0.051838919804547766,1,
510.500000000,-29.851263775050274,8.568371492072512,0.05034555771513645,1,
510.600000000,-29.81797267738103,8.570048968477105,0.04877359762101927,1,
510.700000000,-29.784678983919022,8.571674110553653,0.0472016375269021,1,
510.800000000,-29.753047587284104,8.573168274099704,0.0457082754374908,1,
510.900000000,-29.718084142731755,8.574767506739068,0.044057717338667764,1,
511.000000000,-29.68478315553999,8.576235622253899,0.04248575724455061,1,
511.100000000,-29.651479901674506,8.577651388153429,0.04143821504430332,1,
511.200000000,-29.619840418940697,8.578963222790453,0.040443049954068375,1,
511.300000000,-29.58653434256334,8.580310956984075,0.03939550775382107,1,
511.400000000,-29.55489224614749,8.581558158727084,0.038400342663586155,1,
511.500000000,-29.524914362224365,8.582709885904766,0.03745755468336359,1,
511.600000000,-29.491604410630373,8.583958179106297,0.03641001248311628,1,
511.700000000,-29.45829316967306,8.585171578049323,0.035362470282868985,1,
511.800000000,-29.42664630059467,8.586291156234678,0.034367305192634055,1,
511.900000000,-29.391666968014498,8.587493775145923,0.033267385882374385,1,
512.000000000,-29.358352078296136,8.588602483477505,0.03221984368212709,1,
512.100000000,-29.32503604543818,8.589676292454275,0.031172301481879792,1,
512.200000000,-29.29171890599979,8.590715200897895,0.0285489112574025,1,
512.300000000,-29.26006514326194,8.591619126953336,0.026056690544149063,1,
512.400000000,-29.22840922604649,8.59244416212008,0.023564469830895628,1,
512.500000000,-29.19341894307101,8.593268842237238,0.020809910095194468,1,
512.600000000,-29.160092827016516,8.593962455842714,0.018186519870717167,1,
512.700000000,-29.126765006022996,8.59456863975461,0.015563129646239869,1,
512.800000000,-29.09510217428649,8.595061452298742,0.013070908932986434,1,
512.900000000,-29.0634382126851,8.595475352628998,0.010578688219733002,1,
513.000000000,-29.030106744478445,8.595827968992767,0.007955297995255699,1,
513.100000000,-28.996774465918985,8.596093142795588,0.0053319077707784015,1,
513.200000000,-28.963441606405205,8.596270872212493,0.00323475219805937,1,
513.300000000,-28.931775105412406,8.59637330585346,0.0012424544039762917,1,
513.400000000,-28.90010846318754,8.596412650232796,-0.0007498433901067873,1,
513.500000000,-28.865108473027178,8.596386405716602,-0.00295185674146177,1,
513.600000000,-28.83177528491804,8.596288010634781,-0.0050490123141808015,1,
513.700000000,-28.800109021882168,8.596128125924146,-0.007041310108263878,1,
513.800000000,-28.766776514879556,8.59589341752669,-0.009138465680982913,1,
513.900000000,-28.735111170469974,8.595604036807938,-0.01113076347506599,1,
514.000000000,-28.7034464654364,8.595251569909415,-0.01312306126914907,1,
514.100000000,-28.62845292339636,8.594267368563793,-0.017626561855340773,1,
514.200000000,-28.553464574182808,8.592945444879788,-0.022130062441532483,1,
514.300000000,-28.47848293867069,8.591285825667972,-0.02663356302772418,1,
514.400000000,-28.403509537598797,8.589288544587886,-0.031137063613915886,1,
514.500000000,-28.3285458915389,8.586953642147352,-0.03564056420010759,1,
514.600000000,-28.25359352086494,8.584281165701654,-0.04014406478629929,1,
514.700000000,-28.178653945722157,8.58127116945258,-0.044647565372490976,1,
514.800000000,-28.103728685996295,8.577923714447316,-0.04915106595868269,1,
514.900000000,-28.028819261282752,8.574238868577217,-0.053654566544874396,1,
515.000000000,-27.953927190855776,8.570216706576423,-0.05815806713106608,1,
515.100000000,-27.879053993637633,8.565857310020343,-0.06266156771725778,1,
515.200000000,-27.80420118816782,8.561160767324008,-0.06716506830344948,1,
515.300000000,-27.72937029257226,8.556127173740268,-0.07166856888964117,1,
515.400000000,-27.654562824532505,8.550756631357867,-0.07617206947583288,1,
515.500000000,-27.579780301254967,8.545049249099371,-0.0806755700620246,1,
515.600000000,-27.50502423944014,8.539005142718958,-0.08517907064821627,1,
515.700000000,-27.43029615525184,8.53262443480007,-0.08968257123440798,1,
515.800000000,-27.35559756428645,8.525907254752928,-0.09560164160986867,1,
515.900000000,-27.28094004109379,8.518748048739885,-0.10152071198532935,1,
516.000000000,-27.206326201321964,8.511147067585814,-0.10743978236079006,1,
516.100000000,-27.13175865908863,8.503104577593307,-0.11335885273625076,1,
516.200000000,-27.05724002688938,8.494620860533349,-0.11031197803050319,1,
516.300000000,-26.98269589180177,8.486364231436678,-0.1058084774443117,1,
516.400000000,-26.908115329038687,8.47844339448963,-0.10130497685812019,1,
516.500000000,-26.833499851204564,8.47085851033853,-0.09680147627192873,1,
516.600000000,-26.758850971611967,8.463609732816078,-0.0922979756857372,1,
516.700000000,-26.684170204250897,8.456697208938232,-0.08779447509954572,1,
516.800000000,-26.609459063758088,8.450121078901232,-0.08329097451335425,1,
516.900000000,-26.53471906538628,8.443881476078746,-0.07881088824512052,1,
517.000000000,-26.459951863207525,8.437976776394512,-0.07448799798629853,1,
517.100000000,-26.38515983434,8.432395341285197,-0.07032230373688825,1,
517.200000000,-26.313670298605338,8.427359728953675,-0.06354780917682681,1,
517.300000000,-26.24547489491733,8.423020217428869,-0.057088407387000766,1,
517.400000000,-26.178916834957903,8.419216390555599,-0.05078655198229247,1,
517.500000000,-26.114000643342372,8.415916683578367,-0.044642242962701854,1,
517.600000000,-26.052395415141724,8.41316465957338,-0.03881302671334667,1,
517.700000000,-25.992440602999803,8.410836462625786,-0.03314135684910917,1,
517.800000000,-25.93413930192916,8.40890357068676,-0.027627233369989398,1,
517.900000000,-25.879160290354786,8.407384266140372,-0.022428202661105016,1,
518.000000000,-25.82584037043982,8.406188195613083,-0.01738671833733837,1,
518.100000000,-25.774181512940768,8.405289927091376,-0.012502780398689416,1,
518.200000000,-25.724185420877802,8.40466480435822,-0.01014484025751379,1,
518.300000000,-25.675854574702914,8.404174478823077,-0.007865498121044007,1,
518.400000000,-25.629189351570222,8.403807426028807,-0.005664753989280085,1,
518.500000000,-25.58419007358064,8.403552513462628,-0.0035426078622220144,1,
518.600000000,-25.540857012165215,8.403399000776364,-0.0014990597398698003,1,
518.700000000,-25.49919039231479,8.403336539977262,0.00046589037777656,1,
518.800000000,-25.459190396655867,8.403355175591699,0.0023522424907170656,1,
518.900000000,-25.420857169372507,8.403445344804025,0.004159996598951717,1,
519.000000000,-25.38252416772882,8.403604810880376,0.005967750707186369,1,
519.100000000,-25.34585815398444,8.403823627107478,0.007696906810715167,1,
519.200000000,-25.300859486931287,8.404169984494098,0.008403823299472132,1,
519.300000000,-25.25586107596747,8.404548152091238,0.009110739788229096,1,
519.400000000,-25.21252954107592,8.404942945353667,0.00979147418480988,1,
519.500000000,-25.17086487174677,8.405350916925721,0.010446026489214473,1,
519.600000000,-25.13086705411631,8.405768750386232,0.011074396701442892,1,
519.700000000,-25.092536071402314,8.406193260249188,0.011676584821495122,1,
519.800000000,-25.05587190432219,8.40662139196372,0.012252590849371166,1,
519.900000000,-25.020874531494016,8.407050221913506,0.012802414785071025,1,
520.000000000,-24.985877399736765,8.407498294190772,0.013352238720770888,1,
520.100000000,-24.9525470377306,8.407943355590096,0.013875880564294561,1,
520.200000000,-24.909217876031665,8.408544624452725,0.013875880564294509,1,
520.300000000,-24.86588871433273,8.409145893315355,0.013875880564294457,1,
520.400000000,-24.824226058852982,8.409724036452497,0.013875880564294408,1,
520.500000000,-24.784229909592426,8.410279053864153,0.013875880564294361,1,
520.600000000,-24.745900266551057,8.410810945550324,0.013875880564294316,1,
520.700000000,-24.70923712972888,8.411319711511009,0.013875880564294273,1,
520.800000000,-24.674240499125894,8.411805351746208,0.013875880564294231,1,
520.900000000,-24.639243868522907,8.412290991981408,0.013875880564294191,1,
521.000000000,-24.60591374413911,8.412753506491121,0.013875880564294151,1,
521.100000000,-24.5742501259745,8.41319289527535,0.013875880564294113,1,
521.200000000,-24.542586507809894,8.413632284059577,0.013875880564294075,1,
521.300000000,-24.512589395864477,8.41404854711832,0.01387588056429404,1,
521.400000000,-24.48425879013825,8.414441684451576,0.013875880564294008,1,
521.500000000,-24.45592818441202,8.414834821784833,0.013875880564293975,1,
521.600000000,-24.429264084904982,8.415204833392604,0.013875880564293943,1,
521.700000000,-24.404266491617133,8.41555171927489,0.013875880564293914,1,
521.800000000,-24.329273711753586,8.416592376921747,0.00795681018883323,1,
521.900000000,-24.254276085897125,8.417189131389026,0.0020377398133725427,1,
522.000000000,-24.179276241611454,8.41734196176926,-0.0038813305620881444,1,
522.100000000,-24.104276806538007,8.417050862707994,-0.009800400937548833,1,
522.200000000,-24.029280408303872,8.416315844403965,-0.014303901523740538,1,
522.300000000,-23.95428808073301,8.415243088371824,-0.018807402109932238,1,
522.400000000,-23.879301344781055,8.413832616368655,-0.023310902696123945,1,
522.500000000,-23.804321721290236,8.41208445700092,-0.02781440328231564,1,
522.600000000,-23.729350730958533,8.409998645723888,-0.032317903868507344,1,
522.700000000,-23.654389894308828,8.407575224840903,-0.03682140445469904,1,
522.800000000,-23.579440731658075,8.404814243502534,-0.04132490504089075,1,
522.900000000,-23.50450476308646,8.40171575770558,-0.04582840562708244,1,
523.000000000,-23.429583508406573,8.398279830291926,-0.050331906213274144,1,
523.100000000,-23.354678487132592,8.394506530947279,-0.054835406799465844,1,
523.200000000,-23.301425318291244,8.391583441349033,-0.05147995788311553,1,
523.300000000,-23.249827099645884,8.388924818195926,-0.04822936674540114,1,
523.400000000,-23.19988524017007,8.386514284624688,-0.045083633386322715,1,
523.500000000,-23.15160101808918,8.384335980432256,-0.042042757805880245,1,
523.600000000,-23.104975589195636,8.382374563018605,-0.039106740004073715,1,
523.700000000,-23.060009994895534,8.38061520823954,-0.03627557998090314,1,
523.800000000,-23.016705169985997,8.379043611175359,-0.0335492777363685,1,
523.900000000,-22.975061950162413,8.377645986821065,-0.0309278332704698,1,
524.000000000,-22.93508107925496,8.376409070703662,-0.028411246583207064,1,
524.100000000,-22.895097222147687,8.37527277372435,-0.025894659895944326,1,
524.200000000,-22.84844620038638,8.374064491305392,-0.0236939157641804,1,
524.300000000,-22.80345883133244,8.372998364856727,-0.02157176963712233,1,
524.400000000,-22.758469301104448,8.37202771050806,-0.019449623510064264,1,
524.500000000,-22.715144163749592,8.371184946626194,-0.017406075387712047,1,
524.600000000,-22.67348380882899,8.370459730106319,-0.015441125270065683,1,
524.700000000,-22.633488577301236,8.369842109639237,-0.013554773157125175,1,
524.800000000,-22.595158765441596,8.36932252591257,-0.011747019048890524,1,
524.900000000,-22.55849462860754,8.36889181178682,-0.010017862945361727,1,
525.000000000,-22.521829801814416,8.368524496289378,-0.008288706841832931,1,
525.100000000,-22.4868310041041,8.368234394871731,-0.006638148743009989,1,
525.200000000,-22.445165255455287,8.367957807372088,-0.005328720992700964,1,
525.300000000,-22.40516582335929,8.367744659541115,-0.0040716703524043005,1,
525.400000000,-22.366832807780092,8.367588579275537,-0.0028669968221199985,1,
525.500000000,-22.330166291807288,8.36748345620274,-0.0017147004018480563,1,
525.600000000,-22.293499679044228,8.367420583885481,-0.000562403981576115,1,
525.700000000,-22.258499684579448,8.367400899747164,0.0005375153286834653,1,
525.800000000,-22.225166356061493,8.367418816923923,0.001585057528930685,1,
525.900000000,-22.1934997291746,8.367469010391321,0.002580222619165543,1,
526.000000000,-22.161833167919063,8.367550717350268,0.0035753877094004023,1,
526.100000000,-22.123500079600582,8.36768777358712,0.004177575829452632,1,
526.200000000,-22.086833732889346,8.367840950921988,0.0047535818573286774,1,
526.300000000,-22.050167480491808,8.368015248267001,0.005329587885204723,1,
526.400000000,-22.015167977569504,8.36820178295991,0.005879411820904583,1,
526.500000000,-21.981835220359233,8.36839776222485,0.006403053664428264,1,
526.600000000,-21.950169202842705,8.368600524205375,0.006900513415775757,1,
526.700000000,-21.918503290110234,8.368819038729361,0.007397973167123254,1,
526.800000000,-21.888504111056594,8.369040975899924,0.007869250826294564,1,
526.900000000,-21.858505039928428,8.3692770509882,0.00834052848546587,1,
527.000000000,-21.830172692085267,8.369513363222113,0.008785624052460998,1,
527.100000000,-21.803507054574514,8.369747643516245,0.009204537527279942,1,
527.200000000,-21.776841517546686,8.36999309438436,0.009623451002098883,1,
527.300000000,-21.751842675172867,8.370233676945949,0.010016182384741643,1,
527.400000000,-21.726843929211253,8.370484077318661,0.010408913767384403,1,
527.500000000,-21.703511859897173,8.370726947587528,0.010775463057850975,1,
527.600000000,-21.680179881174446,8.37097837019334,0.011142012348317552,1,
527.700000000,-21.658514559391957,8.371219775465962,0.01148237954660794,1,
527.800000000,-21.636849321030866,8.371468554889331,0.011822746744898329,1,
527.900000000,-21.615184168601083,8.37172470843463,0.012163113943188718,1,
528.000000000,-21.593519104612515,8.371988236072182,0.012503481141479112,1,
528.100000000,-21.57185413157506,8.372259137771458,0.012843848339769504,1,
528.200000000,-21.550189251998592,8.372537413501073,0.012843848339769478,1,
528.300000000,-21.528524372422126,8.372815689230688,0.012843848339769452,1,
528.400000000,-21.50685949284566,8.373093964960303,0.012843848339769426,1,
528.500000000,-21.485194613269194,8.373372240689918,0.0128438483397694,1,
528.600000000,-21.463529733692727,8.373650516419533,0.012843848339769374,1,
528.700000000,-21.44186485411626,8.373928792149147,0.012843848339769348,1,
528.800000000,-21.420199974539795,8.374207067878762,0.012843848339769322,1,
528.900000000,-21.39853509496333,8.374485343608377,0.012843848339769296,1,
529.000000000,-21.376870215386862,8.374763619337992,0.01284384833976927,1,
529.100000000,-21.355205335810396,8.375041895067607,0.012843848339769244,1,
529.200000000,-21.33520698543212,8.375298764971866,0.01284384833976922,1,
529.300000000,-21.315208635053843,8.375555634876125,0.012843848339769195,1,
529.400000000,-21.293543755477376,8.37583391060574,0.012843848339769169,1,
529.500000000,-21.27187887590091,8.376112186335355,0.012843848339769143,1,
529.600000000,-21.251880525522633,8.376369056239614,0.012843848339769119,1,
529.700000000,-21.21854994155884,8.376797172746713,0.012843848339769079,1,
529.800000000,-21.186885886793238,8.377203883428457,0.01284384833976904,1,
529.900000000,-21.151888773631256,8.377653405760912,0.012843848339768999,1,
530.000000000,-21.118558189667464,8.37808152226801,0.01284384833976896,1,
530.100000000,-21.08689413490186,8.378488232949755,0.012843848339768921,1,
530.200000000,-21.05356355093807,8.378916349456853,0.012843848339768881,1,
530.300000000,-21.020232966974277,8.379344465963952,0.012843848339768841,1,
530.400000000,-20.988568912208674,8.379751176645696,0.012843848339768803,1,
530.500000000,-20.953571799046692,8.38020069897815,0.012843848339768761,1,
530.600000000,-20.9202412150829,8.380628815485249,0.012843848339768722,1,
530.700000000,-20.886910631119108,8.381056931992347,0.01284384833976868,1,
530.800000000,-20.855246576353505,8.381463642674092,0.012843848339768642,1,
530.900000000,-20.820249463191523,8.381913165006546,0.0128438483397686,1,
531.000000000,-20.78691887922773,8.382341281513645,0.01284384833976856,1,
531.100000000,-20.75358829526394,8.382769398020743,0.01284384833976852,1,
531.200000000,-20.720257711300146,8.383197514527842,0.01284384833976848,1,
531.300000000,-20.686927127336354,8.38362563103494,0.01284384833976844,1,
531.400000000,-20.65526307257075,8.384032341716685,0.012843848339768402,1,
531.500000000,-20.623599017805148,8.38443905239843,0.012843848339768364,1,
531.600000000,-20.590268433841356,8.384867168905528,0.012843848339768324,1,
531.700000000,-20.556937849877563,8.385295285412626,0.012843848339768284,1,
531.800000000,-20.52527379511196,8.38570199609437,0.012843848339768246,1,
531.900000000,-20.49194321114817,8.38613011260147,0.012843848339768206,1,
532.000000000,-20.460279156382565,8.386536823283214,0.012843848339768168,1,
532.100000000,-20.426948572418773,8.386964939790312,0.012843848339768128,1,
532.200000000,-20.39361798845498,8.38739305629741,0.012843848339768088,1,
532.300000000,-20.361953933689378,8.387799766979155,0.01284384833976805,1,
532.400000000,-20.330289878923775,8.3882064776609,0.012843848339768012,1,
532.500000000,-20.295292765761793,8.388655999993354,0.01284384833976797,1,
532.600000000,-20.261962181798,8.389084116500452,0.01284384833976793,1,
532.700000000,-20.2302981270324,8.389490827182197,0.012843848339767892,1,
532.800000000,-20.17363613429395,8.390218625244266,0.012843848339767825,1,
532.900000000,-20.116974141555502,8.390946423306335,0.012843848339767757,1,
533.000000000,-20.061978678015244,8.391652815543049,0.012843848339767693,1,
533.100000000,-20.005316685276796,8.392380613605118,0.012843848339767625,1,
533.200000000,-19.950321221736537,8.393087005841831,0.012843848339767561,1,
533.300000000,-19.89365922899809,8.3938148039039,0.012843848339767493,1,
533.400000000,-19.83866376545783,8.394521196140614,0.01284384833976743,1,
533.500000000,-19.78700136031395,8.395184776726618,0.012843848339767368,1,
533.600000000,-19.732005896773693,8.395891168963331,0.012843848339767304,1,
533.700000000,-19.678676962431624,8.396576155374689,0.012843848339767242,1,
533.800000000,-19.623681498891365,8.397282547611402,0.012843848339767178,1,
533.900000000,-19.567019506152917,8.398010345673471,0.01284384833976711,1,
534.000000000,-19.51202404261266,8.398716737910185,0.012843848339767046,1,
534.100000000,-19.45869510827059,8.399401724321542,0.012843848339766983,1,
534.200000000,-19.40369964473033,8.400108116558256,0.01284384833976692,1,
534.300000000,-19.348704181190072,8.40081450879497,0.012843848339766855,1,
534.400000000,-19.295375246848003,8.401499495206327,0.012843848339766793,1,
534.500000000,-19.238713254109555,8.402227293268396,0.012843848339766725,1,
534.600000000,-19.183717790569297,8.40293368550511,0.01284384833976666,1,
534.700000000,-19.130388856227228,8.403618671916467,0.012843848339766598,1,
534.800000000,-19.07372686348878,8.404346469978535,0.01284384833976653,1,
534.900000000,-19.02039792914671,8.405031456389892,0.012843848339766468,1,
535.000000000,-18.96706899480464,8.40571644280125,0.012843848339766406,1,
535.100000000,-18.910407002066194,8.406444240863317,0.012843848339766338,1,
535.200000000,-18.855411538525935,8.40715063310003,0.012843848339766274,1,
535.300000000,-18.802082604183866,8.407835619511388,0.012843848339766211,1,
535.400000000,-18.748753669841797,8.408520605922746,0.012843848339766149,1,
535.500000000,-18.697091264697917,8.40918418650875,0.012843848339766087,1,
535.600000000,-18.647095388752227,8.409826361269397,0.012843848339766028,1,
535.700000000,-18.598766042004726,8.410447130204691,0.01284384833976597,1,
535.800000000,-18.552103224455415,8.411046493314629,0.012843848339765915,1,
535.900000000,-18.507106936104293,8.411624450599213,0.012843848339765861,1,
536.000000000,-18.46377717695136,8.41218100205844,0.012843848339765809,1,
536.100000000,-18.422113946996618,8.412716147692315,0.01284384833976576,1,
536.200000000,-18.382117246240067,8.413229887500833,0.012843848339765714,1,
536.300000000,-18.342120545483517,8.413743627309351,0.012843848339765667,1,
536.400000000,-18.303790373925157,8.414235961292515,0.012843848339765622,1,
536.500000000,-18.267126731564986,8.414706889450324,0.012843848339765578,1,
536.600000000,-18.232129618403004,8.415156411782778,0.012843848339765537,1,
536.700000000,-18.19879903443921,8.415584528289877,0.012843848339765497,1,
536.800000000,-18.16546845047542,8.416012644796975,0.012843848339765457,1,
536.900000000,-18.133804395709817,8.41641935547872,0.012843848339765419,1,
537.000000000,-18.103806870142403,8.416804660335108,0.012843848339765384,1,
537.100000000,-18.07380934457499,8.417189965191497,0.01284384833976535,1,
537.200000000,-18.045478348205766,8.417553864222532,0.012843848339765316,1,
537.300000000,-18.01881388103473,8.41789635742821,0.012843848339765285,1,
537.400000000,-17.992149413863697,8.41823885063389,0.012843848339765254,1,
537.500000000,-17.96715147589085,8.418559938014214,0.012843848339765224,1,
537.600000000,-17.942153537918006,8.418881025394539,0.012843848339765195,1,
537.700000000,-17.91882212914335,8.419180706949508,0.012843848339765167,1,
537.800000000,-17.895490720368695,8.419480388504477,0.01284384833976514,1,
537.900000000,-17.87215931159404,8.419780070059446,0.012843848339765112,1,
538.000000000,-17.850494432017573,8.42005834578906,0.012843848339765086,1,
538.100000000,-17.828829552441107,8.420336621518675,0.01284384833976506,1,
538.200000000,-17.80883120206283,8.420593491422935,0.012843848339765035,1,
538.300000000,-17.788832851684553,8.420850361327194,0.012843848339765011,1,
538.400000000,-17.767167972108087,8.421128637056809,0.012843848339764985,1,
538.500000000,-17.74550309253162,8.421406912786424,0.012843848339764959,1,
538.600000000,-17.725504742153344,8.421663782690683,0.012843848339764935,1,
538.700000000,-17.703839862576878,8.421942058420298,0.012843848339764909,1,
538.800000000,-17.68217498300041,8.422220334149912,0.012843848339764883,1,
538.900000000,-17.662176632622135,8.422477204054172,0.012843848339764858,1,
539.000000000,-17.64051175304567,8.422755479783786,0.012843848339764832,1,
539.100000000,-17.618846873469202,8.423033755513401,0.012843848339764806,1,
539.200000000,-17.597181993892736,8.423312031243016,0.01284384833976478,1,
539.300000000,-17.57718364351446,8.423568901147275,0.012843848339764756,1,
539.400000000,-17.543853059550667,8.423997017654374,0.012843848339764716,1,
539.500000000,-17.510522475586875,8.424425134161472,0.012843848339764676,1,
539.600000000,-17.478858420821272,8.424831844843217,0.012843848339764638,1,
539.700000000,-17.44552783685748,8.425259961350315,0.012843848339764598,1,
539.800000000,-17.413863782091877,8.42566667203206,0.01284384833976456,1,
539.900000000,-17.380533198128084,8.426094788539158,0.01284384833976452,1,
540.000000000,-17.347202614164292,8.426522905046257,0.01284384833976448,1,
540.100000000,-17.3138720302005,8.426951021553355,0.01284384833976444,1,
540.200000000,-17.282207975434897,8.4273577322351,0.012843848339764402,1,
540.300000000,-17.22387945349826,8.428106936122523,0.012843848339764336,1,
540.400000000,-17.168883989958,8.428813328359237,0.012843848339764272,1,
540.500000000,-17.113888526417742,8.42951972059595,0.012843848339764208,1,
540.600000000,-17.060559592075673,8.430204707007308,0.012843848339764145,1,
540.700000000,-17.008897186931794,8.430868287593311,0.012843848339764085,1,
540.800000000,-16.953901723391535,8.431574679830025,0.01284384833976402,1,
540.900000000,-16.897239730653087,8.432302477892092,0.012843848339763953,1,
541.000000000,-16.84224426711283,8.433008870128806,0.012843848339763889,1,
541.100000000,-16.79058186196895,8.433672450714809,0.012843848339763828,1,
541.200000000,-16.73558639842869,8.434378842951523,0.012843848339763764,1,
541.300000000,-16.678924405690243,8.43510664101359,0.012843848339763696,1,
541.400000000,-16.623928942149984,8.435813033250303,0.012843848339763632,1,
541.500000000,-16.570600007807915,8.436498019661661,0.01284384833976357,1,
541.600000000,-16.515604544267656,8.437204411898374,0.012843848339763505,1,
541.700000000,-16.462275609925587,8.437889398309732,0.012843848339763443,1,
541.800000000,-16.40728014638533,8.438595790546445,0.012843848339763379,1,
541.900000000,-16.35228468284507,8.439302182783159,0.012843848339763314,1,
542.000000000,-16.298955748503,8.439987169194517,0.012843848339763252,1,
542.100000000,-16.242293755764553,8.440714967256584,0.012843848339763184,1,
542.200000000,-16.187298292224295,8.441421359493297,0.01284384833976312,1,
542.300000000,-16.133969357882226,8.442106345904655,0.012843848339763058,1,
542.400000000,-16.077307365143778,8.442834143966722,0.01284384833976299,1,
542.500000000,-16.02397843080171,8.44351913037808,0.012843848339762928,1,
542.600000000,-15.96898296726145,8.444225522614794,0.012843848339762863,1,
542.700000000,-15.912320974523002,8.444953320676861,0.012843848339762796,1,
542.800000000,-15.857325510982744,8.445659712913574,0.012843848339762732,1,
542.900000000,-15.800663518244296,8.446387510975642,0.012843848339762664,1,
543.000000000,-15.745668054704037,8.447093903212355,0.0128438483397626,1,
543.100000000,-15.690672591163779,8.447800295449069,0.012843848339762536,1,
543.200000000,-15.63734365682171,8.448485281860426,0.012843848339762473,1,
543.300000000,-15.580681664083261,8.449213079922494,0.012843848339762405,1,
543.400000000,-15.525686200543003,8.449919472159207,0.012843848339762341,1,
543.500000000,-15.469024207804555,8.450647270221275,0.012843848339762274,1,
543.600000000,-15.414028744264296,8.451353662457988,0.01284384833976221,1,
543.700000000,-15.357366751525849,8.452081460520056,0.012843848339762142,1,
543.800000000,-15.30237128798559,8.452787852756769,0.012843848339762078,1,
543.900000000,-15.249042353643521,8.453472839168127,0.012843848339762015,1,
544.000000000,-15.194046890103262,8.45417923140484,0.012843848339761951,1,
544.100000000,-15.137384897364814,8.454907029466908,0.012843848339761883,1,
544.200000000,-15.082389433824556,8.455613421703621,0.012843848339761819,1,
544.300000000,-15.029060499482487,8.456298408114979,0.012843848339761757,1,
544.400000000,-14.977398094338607,8.456961988700982,0.012843848339761696,1,
544.500000000,-14.927402218392917,8.45760416346163,0.012843848339761637,1,
544.600000000,-14.879072871645416,8.458224932396924,0.01284384833976158,1,
544.700000000,-14.832410054096107,8.458824295506862,0.012843848339761524,1,
544.800000000,-14.787413765744986,8.459402252791445,0.01284384833976147,1,
544.900000000,-14.744084006592056,8.459958804250673,0.012843848339761418,1,
545.000000000,-14.702420776637315,8.460493949884548,0.01284384833976137,1,
545.100000000,-14.662424075880763,8.461007689693066,0.012843848339761323,1,
545.200000000,-14.6240939043224,8.46150002367623,0.012843848339761278,1,
545.300000000,-14.587430261962227,8.461970951834038,0.012843848339761234,1,
545.400000000,-14.550766619602054,8.462441879991847,0.012843848339761191,1,
545.500000000,-14.515769506440071,8.462891402324301,0.01284384833976115,1,
545.600000000,-14.482438922476279,8.4633195188314,0.01284384833976111,1,
545.700000000,-14.450774867710676,8.463726229513144,0.012843848339761071,1,
545.800000000,-14.419110812945073,8.464132940194888,0.012843848339761033,1,
545.900000000,-14.38911328737766,8.464518245051277,0.012843848339760999,1,
546.000000000,-14.359115761810246,8.464903549907666,0.012843848339760964,1,
546.100000000,-14.330784765441022,8.4652674489387,0.012843848339760931,1,
546.200000000,-14.304120298269988,8.46560994214438,0.0128438483397609,1,
546.300000000,-14.277455831098953,8.465952435350058,0.012843848339760868,1,
546.400000000,-14.252457893126108,8.466273522730383,0.012843848339760839,1,
546.500000000,-14.227459955153263,8.466594610110707,0.01284384833976081,1,
546.600000000,-14.204128546378607,8.466894291665676,0.012843848339760782,1,
546.700000000,-14.180797137603951,8.467193973220645,0.012843848339760754,1,
546.800000000,-14.159132258027485,8.46747224895026,0.012843848339760728,1,
546.900000000,-14.137467378451019,8.467750524679875,0.012843848339760702,1,
547.000000000,-14.117469028072744,8.468007394584134,0.012843848339760678,1,
547.100000000,-14.097470677694469,8.468264264488393,0.012843848339760653,1,
547.200000000,-14.075805798118003,8.468542540218008,0.012843848339760627,1,
547.300000000,-14.055807447739728,8.468799410122267,0.012843848339760603,1,
547.400000000,-14.034142568163261,8.469077685851882,0.012843848339760577,1,
547.500000000,-14.012477688586795,8.469355961581497,0.012843848339760551,1,
547.600000000,-13.990812809010329,8.469634237311112,0.012843848339760525,1,
547.700000000,-13.967481400235673,8.469933918866081,0.012843848339760497,1,
547.800000000,-13.945816520659207,8.470212194595696,0.012843848339760471,1,
547.900000000,-13.92415164108274,8.470490470325311,0.012843848339760445,1,
548.000000000,-13.904153290704466,8.47074734022957,0.012843848339760421,1,
548.100000000,-13.88082188192981,8.471047021784539,0.012843848339760393,1,
548.200000000,-13.859157002353344,8.471325297514154,0.012843848339760367,1,
548.300000000,-13.837492122776878,8.471603573243769,0.012843848339760341,1,
548.400000000,-13.804161538813085,8.472031689750867,0.012843848339760301,1,
548.500000000,-13.769164425651102,8.472481212083322,0.01284384833976026,1,
548.600000000,-13.73583384168731,8.47290932859042,0.01284384833976022,1,
548.700000000,-13.702503257723517,8.473337445097519,0.01284384833976018,1,
548.800000000,-13.669172673759725,8.473765561604617,0.01284384833976014,1,
548.900000000,-13.635842089795933,8.474193678111716,0.0128438483397601,1,
549.000000000,-13.60417803503033,8.47460038879346,0.012843848339760062,1,
549.100000000,-13.574180509462916,8.474985693649849,0.012843848339760027,1,
549.200000000,-13.517518516724468,8.475713491711916,0.01284384833975996,1,
549.300000000,-13.459189994787831,8.47646269559934,0.01284384833975989,1,
549.400000000,-13.404194531247573,8.477169087836053,0.012843848339759826,1,
549.500000000,-13.350865596905503,8.47785407424741,0.012843848339759763,1,
549.600000000,-13.295870133365245,8.478560466484124,0.0128438483397597,1,
549.700000000,-13.239208140626797,8.479288264546192,0.012843848339759632,1,
549.800000000,-13.184212677086538,8.479994656782905,0.012843848339759567,1,
549.900000000,-13.13088374274447,8.480679643194263,0.012843848339759505,1,
550.000000000,-13.074221750006021,8.48140744125633,0.012843848339759437,1,
550.100000000,-13.020892815663952,8.482092427667688,0.012843848339759375,1,
550.200000000,-12.98422917330378,8.482563355825496,0.015150719469750223,1,
550.300000000,-12.950899665635607,8.483068360487147,0.01777410969422744,1,
550.400000000,-12.919238000887699,8.483631177658935,0.020266330407480798,1,
550.500000000,-12.887577837130799,8.484272900857865,0.02275855112073415,1,
550.600000000,-12.857585606070199,8.484955598453869,0.02511960232276366,1,
550.700000000,-12.82759507048883,8.485709107274408,0.027480653524793147,1,
550.800000000,-12.799272434955075,8.486487627794302,0.02971053521559878,1,
550.900000000,-12.77261753696804,8.487279792178699,0.03180924739518056,1,
551.000000000,-12.745964360206791,8.488127895736499,0.033907959574762336,1,
551.100000000,-12.72097873070137,8.488975432294927,0.035875502243120264,1,
551.200000000,-12.695994817121687,8.489872127473282,0.03784304491147816,1,
551.300000000,-12.672678189581747,8.490754921111792,0.03967941806861222,1,
551.400000000,-12.649363222494367,8.49168053126666,0.041515791225746265,1,
551.500000000,-12.627715225055985,8.492579781705778,0.04322099487165647,1,
551.600000000,-12.606068792495131,8.493515945063784,0.04492619851756664,1,
551.700000000,-12.582759002773424,8.494563870430481,0.0467625716747007,1,
551.800000000,-12.556121487302136,8.495810417913727,0.046343658199881684,1,
551.900000000,-12.529483451972613,8.497045806473757,0.04592474472506269,1,
552.000000000,-12.504509810866594,8.498193521555022,0.04553201334241986,1,
552.100000000,-12.479535720942797,8.499331428615427,0.04513928195977705,1,
552.200000000,-12.404612116273931,8.502715725207537,0.026870246854608808,1,
552.300000000,-12.329639190026137,8.504730751222995,0.007510286280122251,1,
552.400000000,-12.254641305181195,8.505294017398855,-0.011849674294364305,1,
552.500000000,-12.179646570673865,8.504405312625,-0.031209634868850856,1,
552.600000000,-12.104683094258172,8.50206496998475,-0.050569595443337396,1,
552.700000000,-12.029778971972721,8.498273866630024,-0.06992955601782393,1,
552.800000000,-11.954962277610406,8.493033423452585,-0.08928951659231052,1,
552.900000000,-11.880261052196452,8.486345604551499,-0.10864947716679706,1,
553.000000000,-11.805703293478745,8.47821291649699,-0.1280094377412836,1,
553.100000000,-11.731316945434367,8.468638407390994,-0.1473693983157702,1,
553.200000000,-11.660456502587285,8.458119487025684,-0.17573246617782676,1,
553.300000000,-11.59083485752599,8.445757183733967,-0.20502178803288643,1,
553.400000000,-11.521605105006845,8.43136130342552,-0.23431110988794607,1,
553.500000000,-11.452826630522631,8.414944194930362,-0.26360043174300574,1,
553.600000000,-11.38455843245846,8.396519940894214,-0.29288975359806546,1,
553.700000000,-11.316859071482773,8.37610434569836,-0.32217907545312524,1,
553.800000000,-11.24978662031382,8.353714921902606,-0.35146839730818497,1,
553.900000000,-11.183398613904712,8.329370875222946,-0.3807577191632444,1,
554.000000000,-11.117752000089753,8.303093088056842,-0.4100470410183042,1,
554.100000000,-11.052903090734423,8.274904101570245,-0.43933636287336375,1,
554.200000000,-10.988069221951195,8.244434124465965,-0.46769943073542036,1,
554.300000000,-10.9241255358246,8.212137761657129,-0.49606249859747725,1,
554.400000000,-10.861123469275366,8.17804099265093,-0.5244255664595338,1,
554.500000000,-10.799113701776305,8.142171245218748,-0.5527886343215903,1,
554.600000000,-10.738146114585257,8.10455737333299,-0.581151702183647,1,
554.700000000,-10.678269750620126,8.065229633956672,-0.6095147700457038,1,
554.800000000,-10.61953277500828,8.024219662704432,-0.6378778379077604,1,
554.900000000,-10.561982436342051,7.981560448394523,-0.666240905769817,1,
555.000000000,-10.505665028671519,7.9372863065122985,-0.6946039736318734,1,
555.100000000,-10.45062585426512,7.891432851606497,-0.7229670414939303,1,
555.200000000,-10.394387404180167,7.8418119212238215,-0.7329094879556789,1,
555.300000000,-10.338645079036315,7.791634304824105,-0.740205453674745,1,
555.400000000,-10.283270328420155,7.741051333438487,-0.7475014193938113,1,
555.500000000,-10.228266099978374,7.690065699643031,-0.7547973851128775,1,
555.600000000,-10.173635321634434,7.638680117447873,-0.7620933508319438,1,
555.700000000,-10.119380901432724,7.586897322152754,-0.7693893165510101,1,
555.800000000,-10.065505727383753,7.534720070201418,-0.7766852822700765,1,
555.900000000,-10.01201266731043,7.482151139034884,-0.783981247989143,1,
556.000000000,-9.958904568695395,7.4291933269436,-0.791277213708209,1,
556.100000000,-9.906184258529455,7.375849452918487,-0.7985731794272755,1,
556.200000000,-9.853854543161095,7.322122356500884,-0.7985731794272756,1,
556.300000000,-9.801524827792734,7.268395260083281,-0.7970265502887056,1,
556.400000000,-9.749112079152594,7.214749162555265,-0.7954799211501355,1,
556.500000000,-9.696616422615177,7.161184192241584,-0.7939332920115656,1,
556.600000000,-9.644037983753305,7.107700477272927,-0.7923866628729955,1,
556.700000000,-9.591376888337825,7.054298145585615,-0.790840033734426,1,
556.800000000,-9.5386332623373,7.000977324921293,-0.7892934045958558,1,
556.900000000,-9.485807231917711,6.94773814282663,-0.7877467754572859,1,
557.000000000,-9.432898923442158,6.894580726653007,-0.7862001463187159,1,
557.100000000,-9.379908463470555,6.841505203556217,-0.7846535171801461,1,
557.200000000,-9.326835978759323,6.788511700496162,-0.783106888041576,1,
557.300000000,-9.273681596261095,6.735600344236545,-0.7815602589030062,1,
557.400000000,-9.22044544312441,6.682771261344568,-0.780013629764436,1,
557.500000000,-9.167127646693404,6.630024578190632,-0.778467000625866,1,
557.600000000,-9.113728334507508,6.5773604209480325,-0.7769203714872962,1,
557.700000000,-9.060247634301147,6.524778915592657,-0.7753737423487265,1,
557.800000000,-9.007046505022416,6.472633856239365,-0.7498684896232198,1,
557.900000000,-8.955301950673741,6.4244415217973145,-0.7205791677681604,1,
558.000000000,-8.902168270655798,6.377785203345595,-0.6912898459131008,1,
558.100000000,-8.847691043201305,6.332704922816423,-0.6620005240580413,1,
558.200000000,-8.803898819998121,6.29857696803305,-0.6175205754878927,1,
558.300000000,-8.758632401193491,6.2664300017784065,-0.5730406269177445,1,
558.400000000,-8.711981330085374,6.236327615241145,-0.5285606783475961,1,
558.500000000,-8.664037889007353,6.2083293551457075,-0.48408072977744787,1,
558.600000000,-8.615599387595177,6.182859971204036,-0.4388071213762525,1,
558.700000000,-8.566057822853033,6.159608921758354,-0.39353351297505723,1,
558.800000000,-8.51551472276363,6.13862385633605,-0.3482599045738618,1,
558.900000000,-8.46332765298917,6.11967693418154,-0.3037799560037135,1,
559.000000000,-8.410349719614949,6.103069264683085,-0.25930000743356507,1,
559.100000000,-8.356685720391676,6.088833700130253,-0.21482005886341668,1,
559.200000000,-8.285778027795955,6.073362584791154,-0.18739592454261533,1,
559.300000000,-8.212091074711806,6.0593900064616415,-0.17372305095659518,1,
559.400000000,-8.138219969970502,6.046426215183651,-0.16126411287116385,1,
559.500000000,-8.064193087586872,6.034383761755865,-0.1488051747857325,1,
559.600000000,-7.99002191824533,6.023264515445602,-0.13634623670030113,1,
559.700000000,-7.9157179750269595,6.013070202217081,-0.1238872986148698,1,
559.800000000,-7.841292791622423,6.003802404463514,-0.11267127417884992,1,
559.900000000,-7.7667683438165716,5.995369926818544,-0.1014552497428301,1,
560.000000000,-7.692154006627348,5.9877738300700285,-0.09151280328108204,1,
560.100000000,-7.6174678347640254,5.980919945594619,-0.08157035681933394,1,
560.200000000,-7.542717211061295,5.974808950908578,-0.07162791035758587,1,
560.300000000,-7.4679095247250045,5.969441450092453,-0.06299150766527961,1,
560.400000000,-7.39305827290647,5.964720210721453,-0.05435510497297335,1,
560.500000000,-7.3181690385351015,5.960645584938603,-0.047059139253907256,1,
560.600000000,-7.243252069307359,5.9571174520429375,-0.03976317353484116,1,
560.700000000,-7.168311353119415,5.954135999840076,-0.03246720781577506,1,
560.800000000,-7.0933508791315125,5.95170138703534,-0.025171242096708988,1,
560.900000000,-7.01837463755562,5.949813743225311,-0.01925217172124851,1,
561.000000000,-6.943388536355667,5.948369919541348,-0.01333310134578803,1,
561.100000000,-6.86839520269159,5.9473699665682345,-0.007414030970327554,1,
561.200000000,-6.793397263976719,5.946813919339613,-0.0014949605948670773,1,
561.300000000,-6.718397347785723,5.946701797336762,0.004424109780593399,1,
561.400000000,-6.643398081762552,5.947033604487908,-0.016005972630051813,1,
561.500000000,-6.577160582557822,5.945973318341695,-0.049759987788640755,1,
561.600000000,-6.510996595191982,5.9426782791216635,-0.08351400294722967,1,
561.700000000,-6.461170858544516,5.938507431243289,-0.13351400290235735,1,
561.800000000,-6.427717245992598,5.93401417482388,-0.1997599876445491,1,
561.900000000,-6.414316267854558,5.931301010473409,-0.2860871139214112,1,
562.000000000,-6.4128325006168705,5.930864550836172,-0.3845404846088179,1,
562.100000000,-6.411398820235509,5.930284358803589,-0.4829938552962246,1,
562.200000000,-6.410029112247763,5.929566053674221,-0.5814472259836312,1,
562.300000000,-6.4087366426029915,5.928716592404993,-0.6799005966710379,1,
562.400000000,-6.4075339291787365,5.9277442022314055,-0.7783539673584448,1,
562.500000000,-6.406432620542081,5.92665830098479,-0.8768073380458512,1,
562.600000000,-6.405443383130497,5.925469405878359,-0.9752607087332579,1,
562.700000000,-6.404575797944843,5.9241890316454855,-1.0737140794206645,1,
562.800000000,-6.4038382677550825,5.922829579016754,-1.1721674501080712,1,
562.900000000,-6.403237935717448,5.9214042146159205,-1.2706208207954781,1,
563.000000000,-6.402780616191264,5.9199267434380145,-1.3690741914828843,1,
563.100000000,-6.402470738425488,5.918411475144659,-1.4675275621702915,1,
563.200000000,-6.399841521481183,5.893042101078112,-1.5420223093335017,1,
563.300000000,-6.39884556023349,5.858438439385198,-1.6074043177487123,1,
563.400000000,-6.400143889519519,5.8229885494233535,-1.6719306605191302,1,
563.500000000,-6.403725381573198,5.787696152623033,-1.7364570032895486,1,
563.600000000,-6.40957512949237,5.75270814315516,-1.800983346059967,1,
563.700000000,-6.417668785430232,5.718170148268349,-1.8655096888303853,1,
563.800000000,-6.427972661936042,5.684225922158525,-1.9300360316008038,1,
563.900000000,-6.440443872169182,5.651016747634568,-1.9945623743712217,1,
564.000000000,-6.455030508402955,5.618680848070377,-2.059088717141641,1,
564.100000000,-6.471671858075154,5.5873528120909315,-2.123615059912059,1,
564.200000000,-6.498751345573628,5.54346315821923,-2.1720437465667715,1,
564.300000000,-6.537217639175884,5.487387362169208,-2.2040426388835983,1,
564.400000000,-6.58016547879829,5.428883179832788,-2.2314667732044,1,
564.500000000,-6.625285799845696,5.370826699616806,-2.2579385591196717,1,
564.600000000,-6.6719269918887205,5.313984835895643,-2.2844103450349436,1,
564.700000000,-6.72005637276645,5.258397418589062,-2.3108821309502154,1,
564.800000000,-6.769640217522433,5.204103398607997,-2.3373539168654873,1,
564.900000000,-6.820643782036246,5.151140820561088,-2.363825702780759,1,
565.000000000,-6.873031327369204,5.099546796096264,-2.390297488696031,1,
565.100000000,-6.9267661448071545,5.049357477896075,-2.416769274611303,1,
565.200000000,-6.982912384853414,4.9996322355269545,-2.4198161493170507,1,
565.300000000,-7.039209870633391,4.950078294262376,-2.4182695201784807,1,
565.400000000,-7.0954306475409155,4.9004373409686055,-2.416722891039911,1,
565.500000000,-7.151574581092449,4.850709494389842,-2.415176261901341,1,
565.600000000,-7.207641536988264,4.800894873478139,-2.413629632762771,1,
565.700000000,-7.263631381112772,4.750993597393119,-2.412083003624201,1,
565.800000000,-7.319543979534837,4.70100578550169,-2.410536374485631,1,
565.900000000,-7.3753791985081,4.650931557377756,-2.408989745347061,1,
566.000000000,-7.431136904471301,4.600771032801939,-2.407443116208491,1,
566.100000000,-7.486816964048593,4.550524331761282,-2.405896487069921,1,
566.200000000,-7.542419244049865,4.50019157444897,-2.391037075646687,1,
566.300000000,-7.597267497988042,4.449038187074005,-2.3750170405736566,1,
566.400000000,-7.651289269898767,4.397012730231939,-2.358997005500626,1,
566.500000000,-7.7044706958486895,4.344128555529739,-2.342976970427596,1,
566.600000000,-7.756798127567517,4.290399234952317,-2.3269569353545654,1,
566.700000000,-7.808258135950649,4.235838557379472,-2.310936900281535,1,
566.800000000,-7.85883751450557,4.180460525047165,-2.2949168652085046,1,
566.900000000,-7.908523282741112,4.124279349954043,-2.278896830135474,1,
567.000000000,-7.957302689498717,4.067309450214126,-2.2628767950624438,1,
567.100000000,-8.005163216224842,4.009565446356602,-2.2468567599894134,1,
567.200000000,-8.052092580183674,3.951062157573667,-2.230836724916383,1,
567.300000000,-8.098078737609319,3.891814597917392,-2.2148166898433526,1,
567.400000000,-8.143109886796667,3.831837972446574,-2.198796654770322,1,
567.500000000,-8.187174471130138,3.771147673324569,-2.1827766196972918,1,
567.600000000,-8.230261182049523,3.70975927586911,-2.1667565846242614,1,
567.700000000,-8.26648005911577,3.6563566367213585,-2.1312829274919998,1,
567.800000000,-8.292642428879786,3.6146720941668837,-2.080497464771597,1,
567.900000000,-8.315887770993456,3.5730857990458293,-2.0281395246753946,1,
568.000000000,-8.336924880470407,3.5303399700477653,-1.975781584579191,1,
568.100000000,-8.35600603539619,3.4858287666659242,-1.9242102713237381,1,
568.200000000,-8.37276733799308,3.440393137088941,-1.872638958068283,1,
568.300000000,-8.387164219773988,3.3941538951532437,-1.821067644812829,1,
568.400000000,-8.399158399272654,3.3472339915093197,-1.7694963315573746,1,
568.500000000,-8.408717983834492,3.299758186694589,-1.717925018301921,1,
568.600000000,-8.415817554419505,3.2518527193937703,-1.6663537050464667,1,
568.700000000,-8.420438233191787,3.203644970768837,-1.6147823917910127,1,
568.800000000,-8.4225677337159,3.155263125751112,-1.5632110785355586,1,
568.900000000,-8.422200393626639,3.1068358321961322,-1.5116397652801046,1,
569.000000000,-8.419337189685322,3.058491858807593,-1.4600684520246505,1,
569.100000000,-8.413985735182573,3.010359752739955,-1.4084971387691967,1,
569.200000000,-8.403559078000846,2.946681391078401,-1.3730234816369342,1,
569.300000000,-8.389483418032313,2.8764409052985704,-1.344660413774878,1,
569.400000000,-8.37321092922548,2.805712817616825,-1.3172362794540768,1,
569.500000000,-8.355005145711939,2.7354575279530344,-1.2898121451332756,1,
569.600000000,-8.334879758896454,2.6657278708148255,-1.2623880108124745,1,
569.700000000,-8.3128499037946,2.5965762854152383,-1.234963876491673,1,
569.800000000,-8.28893214765068,2.52805477623655,-1.2075397421708718,1,
569.900000000,-8.26314447747856,2.460214873921032,-1.1801156078500703,1,
570.000000000,-8.23550628653479,2.39310759651805,-1.1526914735292695,1,
570.100000000,-8.206038359734173,2.326783411116655,-1.1252673392084678,1,
570.200000000,-8.173718212992501,2.2591046986983714,-1.1207638386222767,1,
570.300000000,-8.141093603910308,2.191572225900212,-1.122310467760847,1,
570.400000000,-8.108573481496734,2.123989375722033,-1.1253573424665944,1,
570.500000000,-8.076259426190584,2.0563077546593616,-1.128404217172342,1,
570.600000000,-8.044151737977394,1.9885279910303504,-1.1314510918780898,1,
570.700000000,-8.012250714926909,1.9206507140642526,-1.1344979665838377,1,
570.800000000,-7.9805566531903045,1.85267655389558,-1.1375448412895852,1,
570.900000000,-7.949069846997449,1.7846061415582541,-1.1405917159953325,1,
571.000000000,-7.917790588654164,1.7164401089797472,-1.1436385907010806,1,
571.100000000,-7.886719168539514,1.6481790889752161,-1.1466854654068288,1,
571.200000000,-7.855855875103112,1.579823715241628,-1.1671155478174735,1,
571.300000000,-7.826395431204049,1.5108521106113877,-1.1885960513135885,1,
571.400000000,-7.798423214608525,1.4412636410296167,-1.2108697769695083,1,
571.500000000,-7.772594811968941,1.372629310007414,-1.2321750797708237,1,
571.600000000,-7.748788080568095,1.3050323378036306,-1.2529961711448356,1,
571.700000000,-7.727435442450715,1.2401207880619038,-1.2728488396642428,1,
571.800000000,-7.707864859443066,1.1763913857017283,-1.2922172967563472,1,
571.900000000,-7.6899905264007815,1.11389732023713,-1.311101542421149,1,
572.000000000,-7.674155415473782,1.0542984356862644,-1.3290173652313457,1,
572.100000000,-7.65978960213524,0.9960436212318163,-1.3464489766142398,1,
572.200000000,-7.647553745784789,0.9424219481940315,-1.3643195598852214,1,
572.300000000,-7.636619730730387,0.890221452418277,-1.3816486103298096,1,
572.400000000,-7.6269052669074116,0.8394762690303282,-1.3984361279480042,1,
572.500000000,-7.618329864321436,0.790217133121459,-1.4146821127398055,1,
572.600000000,-7.610814956108973,0.7424715860445915,-1.4303865647052136,1,
572.700000000,-7.604050761407442,0.6946139139203553,-1.446091016670622,1,
572.800000000,-7.598246252330236,0.6483096435757055,-1.4612539358096368,1,
572.900000000,-7.590046993873617,0.5737591763688424,-1.4857776633123065,1,
573.000000000,-7.583678272956944,0.49903006963066754,-1.5103013908149763,1,
573.100000000,-7.579143919621152,0.4241672641807901,-1.5348251183176462,1,
573.200000000,-7.5764466607495695,0.3492157812429611,-1.5593488458203157,1,
573.300000000,-7.5755881184280165,0.2742206953700714,-1.5838725733229857,1,
573.400000000,-7.57656880896931,0.1992271073370787,-1.6083963008256552,1,
573.500000000,-7.579388142602762,0.12428011701816538,-1.6329200283283252,1,
573.600000000,-7.584044423828857,0.04942479626443727,-1.6574437558309947,1,
573.700000000,-7.590534852438897,-0.025293838201524213,-1.6819674833336644,1,
573.800000000,-7.598855525199002,-0.09983085185795701,-1.7064912108363344,1,
573.900000000,-7.609001438197445,-0.17414141940677902,-1.7064912108363344,1,
574.000000000,-7.612157944463627,-0.1972602626441903,-1.6989097512668274,1,
574.100000000,-7.61513908711836,-0.2204023721616172,-1.6896714310731742,1,
574.200000000,-7.617708652506277,-0.24191613004260268,-1.6768578001440326,1,
574.300000000,-7.620002345139922,-0.26346104634661294,-1.6635804497530566,1,
574.400000000,-7.622473039863805,-0.2900130100911741,-1.6472390954257017,1,
574.500000000,-7.62400040669447,-0.3099546035722524,-1.634983079680186,1,
574.600000000,-7.627977505925565,-0.3718308591767241,-1.5969870176674126,1,
574.700000000,-7.629601246248678,-0.4338135325079623,-1.558990955654639,1,
574.800000000,-7.628869283750735,-0.4958131499005357,-1.5209948936418665,1,
574.900000000,-7.625782675039399,-0.5577402132298023,-1.4829988316290934,1,
575.000000000,-7.620345875717829,-0.6195053291048727,-1.4450027696163206,1,
575.100000000,-7.6125667339528995,-0.6810193379103879,-1.4070067076035473,1,
575.200000000,-7.60033736376899,-0.7550155709557593,-1.382482980100878,1,
575.300000000,-7.586297189286036,-0.8286896742790316,-1.3589566173818102,1,
575.400000000,-7.570527776380395,-0.9020131058450147,-1.3354302546627426,1,
575.500000000,-7.553037852857787,-0.9749452837582878,-1.3119038919436754,1,
575.600000000,-7.533837098764987,-1.0474458426683255,-1.288377529224608,1,
575.700000000,-7.512936141032268,-1.1194746561102746,-1.2648511665055406,1,
575.800000000,-7.490346547591774,-1.1909918587135169,-1.2413248037864733,1,
575.900000000,-7.466080820975083,-1.2619578682657244,-1.217798441067406,1,
576.000000000,-7.4401523913935055,-1.3323334076201987,-1.1942720783483385,1,
576.100000000,-7.412575609304939,-1.4020795264343646,-1.1958187074869089,1,
576.200000000,-7.3851067315357035,-1.4718682128677598,-1.203114673205975,1,
576.300000000,-7.358147756209206,-1.5418554520570957,-1.210410638925041,1,
576.400000000,-7.3317001183754185,-1.6120375185200662,-1.2177066046441074,1,
576.500000000,-7.3057652258653665,-1.682410676403538,-1.2250025703631737,1,
576.600000000,-7.2803444592161926,-1.752971179682414,-1.2322985360822403,1,
576.700000000,-7.255439171597667,-1.8237152723590362,-1.2395945018013066,1,
576.800000000,-7.231050688740157,-1.8946391886631218,-1.2468904675203734,1,
576.900000000,-7.207180308864059,-1.9657391532522182,-1.2541864332394395,1,
577.000000000,-7.18382930261069,-2.0370113814126674,-1.2614823989585053,1,
577.100000000,-7.160998912974653,-2.1084520792610704,-1.2687783646775717,1,
577.200000000,-7.1386903552376735,-2.180057443946238,-1.2822410420895185,1,
577.300000000,-7.117347789918913,-2.2519566435635805,-1.2951757713676628,1,
577.400000000,-7.096936980707968,-2.324125881243872,-1.3075825525120057,1,
577.500000000,-7.077423107343139,-2.3965427905006296,-1.3194613855225463,1,
577.600000000,-7.059185314172028,-2.467572085006668,-1.3310762444661866,1,
577.700000000,-7.04256516360023,-2.5355703981840603,-1.3421631552760243,1,
577.800000000,-7.027077654404594,-2.6021254994412857,-1.3529860920189622,1,
577.900000000,-7.012671513386009,-2.6672170314972843,-1.3635450546949979,1,
578.000000000,-6.999639364311574,-2.7291950453539155,-1.373576069237232,1,
578.100000000,-6.987556136542968,-2.7896663061682045,-1.3833431097125666,1,
578.200000000,-6.9757535054155895,-2.8518901682275635,-1.3913439703382475,1,
578.300000000,-6.965044060357987,-2.9109266636059155,-1.3989237330362607,1,
578.400000000,-6.955067447368781,-2.9684005269791167,-1.4062929467704404,1,
578.500000000,-6.945787576012662,-3.024302182578258,-1.4134516115407871,1,
578.600000000,-6.937169280694657,-3.0786227586596255,-1.4203997273472992,1,
578.700000000,-6.929178333133378,-3.1313540510913245,-1.4271372941899778,1,
578.800000000,-6.922020062881452,-3.1808389898808227,-1.433453763104989,1,
578.900000000,-6.915402688742873,-3.228717183984414,-1.4395596830561668,1,
579.000000000,-6.909295876983309,-3.274982555785698,-1.44545505404351,1,
579.100000000,-6.9036702768567295,-3.3196295335469737,-1.4511398760670207,1,
579.200000000,-6.8984975282563665,-3.36265302073357,-1.4566141491266975,1,
579.300000000,-6.893560378303908,-3.4057041801619143,-1.4620884221863735,1,
579.400000000,-6.889039798159615,-3.4471248931720755,-1.4673521462822163,1,
579.500000000,-6.884909406491726,-3.4869110699759585,-1.4724053214142259,1,
579.600000000,-6.8811438337741855,-3.5250590044751338,-1.4772479475824007,1,
579.700000000,-6.877874413986749,-3.5599059683924326,-1.4937176974033448,1,
579.800000000,-6.873903302703571,-3.611324162014286,-1.5421463840580574,1,
579.900000000,-6.872887123485163,-3.646783261509873,-1.6066727268284753,1,
580.000000000,-6.873461741391531,-3.662792987997426,-1.690652691624251,1,
580.100000000,-6.873646671245689,-3.6643285215137045,-1.7891060623116577,1,
580.200000000,-6.8739816398932865,-3.6658384414571783,-1.8875594329990644,1,
580.300000000,-6.874463403082879,-3.6673081238921714,-1.986012803686471,1,
580.400000000,-6.875087294822785,-3.6687233345928973,-2.084466174373877,1,
580.500000000,-6.87584727257233,-3.670070366905341,-2.1829195450612846,1,
580.600000000,-6.8767359757653,-3.6713361744994795,-2.2813729157486913,1,
580.700000000,-6.877744797098779,-3.672508497726107,-2.379826286436098,1,
580.800000000,-6.878863965896942,-3.67357598235447,-2.4782796571235046,1,
580.900000000,-6.8800826427423845,-3.6745282895407048,-2.5767330278109113,1,
581.000000000,-6.881389024458471,-3.6753561959620153,-2.675186398498318,1,
581.100000000,-6.882770458425924,-3.6760516831467576,-2.7736397691857246,1,
581.200000000,-6.884213565126465,-3.6766080151352556,-2.8720931398731313,1,
581.300000000,-6.8857043677266505,-3.677019803719181,-2.970546510560538,1,
581.400000000,-6.887228427446846,-3.6772830606276394,-3.0689998812479446,1,
581.500000000,-6.888770983404256,-3.677395236154527,3.115732055244235,1,
581.600000000,-6.890317095575606,-3.6773552438530444,3.0172786845568282,1,
581.700000000,-6.8918517894948375,-3.677163471058194,2.9188253138694216,1,
581.800000000,-6.8933602012843975,-3.676821775135347,2.820371943182015,1,
581.900000000,-6.89482772161544,-3.6763334654912163,2.7219185724946082,1,
582.000000000,-6.896240137202672,-3.675703271521461,2.6234652018072016,1,
582.100000000,-6.897583768463422,-3.6749372968053575,2.525011831119795,1,
582.200000000,-6.915108859826945,-3.662516217614857,2.4464923347348524,1,
582.300000000,-6.932398043868834,-3.6480979548021732,2.369004602221046,1,
582.400000000,-6.94924542835825,-3.6316767677542936,2.2925309650550174,1,
582.500000000,-6.964789009032007,-3.6140164492964044,2.216057327888989,1,
582.600000000,-6.978937927947248,-3.5952202304818237,2.1395836907229606,1,
582.700000000,-6.991609479471772,-3.5753979821190116,2.063110053556932,1,
582.800000000,-7.002729593728857,-3.5546655725363063,1.9866364163909034,1,
582.900000000,-7.012233269562915,-3.533144190288951,1.910162779224875,1,
583.000000000,-7.020064954495148,-3.5109596357674393,1.8336891420588468,1,
583.100000000,-7.0307909345801995,-3.4711041008314147,1.7749627451705399,1,
583.200000000,-7.04237126944001,-3.415174328359047,1.7320787989932276,1,
583.300000000,-7.05300932571918,-3.349788073945679,1.6983247838346385,1,
583.400000000,-7.061545703524888,-3.283214302083707,1.66544361015015,1,
583.500000000,-7.067888837776763,-3.216395880268803,1.6325624364656601,1,
583.600000000,-7.072031871076173,-3.1494050441712313,1.5996812627811712,1,
583.700000000,-7.073970324496812,-3.0823142158538843,1.566800089096682,1,
583.800000000,-7.073702102426745,-3.0151959254786607,1.533918915412193,1,
583.900000000,-7.071227494833927,-2.9481227328959805,1.5010377417277037,1,
584.000000000,-7.066549176952719,-2.8811671492022057,1.4681565680432147,1,
584.100000000,-7.0596722063917685,-2.814401558349765,1.4352753943587258,1,
584.200000000,-7.049539219989278,-2.7400892270273864,1.4192553592856951,1,
584.300000000,-7.03821709859808,-2.665948755170222,1.4055824856996741,1,
584.400000000,-7.025882353796966,-2.5919700145031133,1.3919096121136543,1,
584.500000000,-7.0125372914993696,-2.5181668349491586,1.378236738527634,1,
584.600000000,-6.998184406492086,-2.4445530136112623,1.3645638649416136,1,
584.700000000,-6.982826381968884,-2.3711423121928403,1.3508909913555935,1,
584.800000000,-6.966466089028895,-2.297948454425144,1.337218117769573,1,
584.900000000,-6.9491065861398775,-2.224985123501685,1.3235452441835527,1,
585.000000000,-6.930751118566457,-2.1522659595202347,1.3098723705975324,1,
585.100000000,-6.911403117763435,-2.0798045569328827,1.296199497011512,1,
585.200000000,-6.891066200734303,-2.0076144620046295,1.2825266234254913,1,
585.300000000,-6.8697441693550605,-1.9357091702809837,1.2688537498394714,1,
585.400000000,-6.847441009663474,-1.8641021240650448,1.255180876253451,1,
585.500000000,-6.824160891113912,-1.792806709904537,1.241508002667431,1,
585.600000000,-6.799908165797886,-1.721836256089267,1.2278351290814102,1,
585.700000000,-6.774687367630451,-1.651204030159473,1.215376190995979,1,
585.800000000,-6.748588547125182,-1.5808915023409271,1.2265922154319986,1,
585.900000000,-6.723279978703628,-1.5102906782348904,1.2390511535174302,1,
586.000000000,-6.6988529630598785,-1.4393800238397996,1.2515100916028616,1,
586.100000000,-6.675311291831766,-1.3681705461294034,1.2639690296882928,1,
586.200000000,-6.65265861923119,-1.2966732984617404,1.2884927571909628,1,
586.300000000,-6.631906709001927,-1.225127330068495,1.313998009916469,1,
586.400000000,-6.612986148319304,-1.1530754060487591,1.3395032626419758,1,
586.500000000,-6.596175482967549,-1.0816948813364182,1.3646108744978642,1,
586.600000000,-6.581503334954779,-1.011546187950137,1.3891478588115735,1,
586.700000000,-6.569158838729811,-0.9443371271220301,1.4125435880409238,1,
586.800000000,-6.558652637374763,-0.8785035173354504,1.4353686897280948,1,
586.900000000,-6.549876724461027,-0.8140986778237295,1.457623163873087,1,
587.000000000,-6.542912601264955,-0.7528265082368142,1.4787363829337203,1,
587.100000000,-6.536064301846837,-0.6786472108111143,1.5042416356592272,1,
587.200000000,-6.531630597332347,-0.6121281405475979,1.5191434011681144,1,
587.300000000,-6.528188599989447,-0.5455503882670055,1.532949404113753,1,
587.400000000,-6.525729137264761,-0.48059693537105946,1.5464102569857525,1,
587.500000000,-6.524225478669586,-0.4189486037747629,1.5591808097104691,1,
587.600000000,-6.5235285633160975,-0.35895265133636856,1.5716062123615446,1,
587.700000000,-6.523575806635654,-0.30061933713387756,1.5836864649389795,1,
587.800000000,-6.524284744600855,-0.24562390635129802,1.5950764173691323,1,
587.900000000,-6.52557955553597,-0.1923062928536296,1.6061212197256436,1,
588.000000000,-6.527404295449109,-0.14067185890985676,1.6168208720085144,1,
588.100000000,-6.529704710363365,-0.09072480603161107,1.627175374217744,1,
588.200000000,-6.5325221695862465,-0.04080424990963463,1.63429142799465,1,
588.300000000,-6.535694791837714,0.00909499325145443,1.6406078969096618,1,
588.400000000,-6.5390662775920765,0.057310594408333554,1.6467138168608393,1,
588.500000000,-6.542605691626009,0.10384284479528756,1.652609187848183,1,
588.600000000,-6.546283164735357,0.1486923285328962,1.658294009871693,1,
588.700000000,-6.550069894913287,0.1918598910345864,1.6637682829313694,1,
588.800000000,-6.553938148069552,0.23334660853103528,1.6690320070272118,1,
588.900000000,-6.558024721263633,0.27481238997357565,1.6742957311230546,1,
589.000000000,-6.5621573100697095,0.31459833862080405,1.6793489062550637,1,
589.100000000,-6.566671456481103,0.356019753291088,1.6793489062550637,1,
589.200000000,-6.571185602892497,0.3974411679613719,1.678694353950659,1,
589.300000000,-6.5754931545378295,0.4372085540814426,1.6780659837384304,1,
589.400000000,-6.5797757166935344,0.4769786390874182,1.6774376135262017,1,
589.500000000,-6.583855888878015,0.515094208601587,1.6768354254061495,1,
589.600000000,-6.587736706767766,0.5515549230343986,1.6762594193782738,1,
589.700000000,-6.591421076257415,0.586360460258578,1.6757095954425738,1,
589.800000000,-6.594911773415746,0.6195105152277621,1.6751859535990496,1,
589.900000000,-6.598385111340399,0.6526623935270724,1.674662311755526,1,
590.000000000,-6.60166829019205,0.6841584014392801,1.6741648520041783,1,
590.100000000,-6.604763826407646,0.7139982683213212,1.6736935743450074,1,
590.200000000,-6.607845299417384,0.7438395907466134,1.6732222966858354,1,
590.300000000,-6.610742296919114,0.7720244303461703,1.6727772011188404,1,
590.400000000,-6.613626749187134,0.8002105565945801,1.672332105551845,1,
590.500000000,-6.616329719975718,0.8267398811247518,1.6719131920770265,1,
590.600000000,-6.6188533359696695,0.8516121822309035,1.6715204606943834,1,
590.700000000,-6.621367183636051,0.8764854725221021,1.671127729311741,1,
590.800000000,-6.623704323990392,0.8997014631192864,1.670761180021274,1,
590.900000000,-6.626032954383036,0.9229183088339588,1.670394630730808,1,
591.000000000,-6.6281873516355345,0.9444775995672569,1.6700542635325173,1,
591.100000000,-6.630334410687998,0.9660376223378775,1.669713896334227,1,
591.200000000,-6.632309537399097,0.9859398552396175,1.6693997112281123,1,
591.300000000,-6.634278411027658,1.0058427077144452,1.6690855261219977,1,
591.400000000,-6.6364045830753025,1.027404800304643,1.6687451589237072,1,
591.500000000,-6.638360428825072,1.0473089372465731,1.668430973817593,1,
591.600000000,-6.640310020895034,1.0672136877037064,1.668116788711479,1,
591.700000000,-6.64209141424293,1.0854602695439082,1.667828785697541,1,
591.800000000,-6.644029019555868,1.105366190413119,1.6675146005914263,1,
591.900000000,-6.645799424706619,1.1236138416787833,1.6672265975774885,1,
592.000000000,-6.647725042559898,1.143520925741577,1.666912412471374,1,
592.100000000,-6.64964440580892,1.1634286138222736,1.6665982273652595,1,
592.200000000,-6.65155751426422,1.1833369039557395,1.6662840422591452,1,
592.300000000,-6.653464367736952,1.2032457941767822,1.665969857153031,1,
592.400000000,-6.655206582847057,1.2214961584915358,1.6656818541390928,1,
592.500000000,-6.657101447077596,1.2414061933872316,1.6653676690329786,1,
592.600000000,-6.658990055778289,1.2613168226383544,1.6650534839268645,1,
592.700000000,-6.660715546014004,1.2795687758093868,1.6647654809129262,1,
592.800000000,-6.663374088768001,1.307777106639178,1.664320385345931,1,
592.900000000,-6.666020075856066,1.3359866179803475,1.6638752897789362,1,
593.000000000,-6.668498599054123,1.362537852111133,1.6634563763041168,1,
593.100000000,-6.6708117868458325,1.387430605318448,1.663063644921474,1,
593.200000000,-6.672961637530805,1.410664687750874,1.663063644921474,1,
593.300000000,-6.675111488215777,1.4338987701833,1.663063644921474,1,
593.400000000,-6.677107778137538,1.4554732752991242,1.663063644921474,1,
593.500000000,-6.679104068059298,1.4770477804149484,1.663063644921474,1,
593.600000000,-6.681100357981059,1.4986222855307727,1.663063644921474,1,
593.700000000,-6.6829430871396065,1.518537213329995,1.663063644921474,1,
593.800000000,-6.684785816298154,1.5384521411292174,1.663063644921474,1,
593.900000000,-6.686628545456702,1.5583670689284397,1.663063644921474,1,
594.000000000,-6.6884712746152495,1.578281996727662,1.663063644921474,1,
594.100000000,-6.69046756453701,1.5998565018434863,1.663063644921474,1,
594.200000000,-6.692310293695558,1.6197714296427086,1.663063644921474,1,
594.300000000,-6.694306583617318,1.6413459347585329,1.663063644921474,1,
594.400000000,-6.696149312775866,1.6612608625577552,1.663063644921474,1,
594.500000000,-6.697992041934413,1.6811757903569775,1.663063644921474,1,
594.600000000,-6.699681210329749,1.699431140839598,1.663063644921474,1,
594.700000000,-6.701370378725085,1.7176864913222183,1.663063644921474,1,
594.800000000,-6.703366668646845,1.7392609964380426,1.663063644921474,1,
594.900000000,-6.705209397805393,1.7591759242372649,1.663063644921474,1,
595.000000000,-6.707819930780002,1.7873887386194964,1.663063644921474,1,
595.100000000,-6.7115053890970975,1.827218594217941,1.6605470582342114,1,
595.200000000,-6.716435054865818,1.881997225046109,1.6562184643638234,1,
595.300000000,-6.720985363598642,1.9351360915646982,1.6520210400046598,1,
595.400000000,-6.725447812245798,1.989954761304774,1.647692446134272,1,
595.500000000,-6.729544898136284,2.043130491968775,1.6434950217751085,1,
595.600000000,-6.7349924987801515,2.117932387982345,1.6361990560560424,1,
595.700000000,-6.739894207206515,2.1927720382654865,1.6289030903369757,1,
595.800000000,-6.744249762493122,2.267645459037783,1.6216071246179098,1,
595.900000000,-6.7480589327899345,2.3425486647211837,1.614311158898843,1,
596.000000000,-6.751321515331467,2.417477668152163,1.607015193179777,1,
596.100000000,-6.75403733644758,2.4924284807939565,1.5997192274607106,1,
596.200000000,-6.756206251572728,2.567397112948878,1.596672352754963,1,
596.300000000,-6.758146736954764,2.642372005522873,1.5936254780492154,1,
596.400000000,-6.759858774579312,2.7173524624911534,1.590578603343468,1,
596.500000000,-6.761342348552777,2.7923377877772735,1.5875317286377197,1,
596.600000000,-6.76259744510249,2.8673272852595937,1.5844848539319727,1,
596.700000000,-6.763624052576842,2.9423202587777415,1.5814379792262243,1,
596.800000000,-6.764422161445384,3.0173160121390747,1.578391104520477,1,
596.900000000,-6.764991764298922,3.0923138491251456,1.5753442298147289,1,
597.000000000,-6.765332855849583,3.1673130734981623,1.572297355108981,1,
597.100000000,-6.765445432930865,3.2423129890074533,1.5692504804032337,1,
597.200000000,-6.765329494497665,3.3173128993959313,1.566203605697486,1,
597.300000000,-6.764985041626292,3.392312108406556,1.563156730991738,1,
597.400000000,-6.764412077514451,3.4673099197887995,1.5601098562859903,1,
597.500000000,-6.76361060748122,3.542305637305107,1.5570629815802426,1,
597.600000000,-6.762580638966996,3.617298564737364,1.5540161068744947,1,
597.700000000,-6.761322181533428,3.692288005893355,1.555534668220714,1,
597.800000000,-6.760177601573827,3.7672792716295467,1.556974683290404,1,
597.900000000,-6.759141011316384,3.8422721078250004,1.558362334175741,1,
598.000000000,-6.758208485899101,3.917266310243228,1.5596976208767268,1,
598.100000000,-6.757376100044542,3.992261690992906,1.5610067254855355,1,
598.200000000,-6.75687031205579,4.043925881908422,1.5626304158959192,1,
598.300000000,-6.756462021048494,4.093924214865165,1.56420172919629,1,
598.400000000,-6.756143284474813,4.142256497224968,1.5657206653866484,1,
598.500000000,-6.7559064212927895,4.188922562771688,1.5671872244669947,1,
598.600000000,-6.755744012040615,4.233922269695564,1.5686014064373281,1,
598.700000000,-6.755648898901491,4.277255498645973,1.5699632112976494,1,
598.800000000,-6.75561279723412,4.320588816940876,1.5713250161579717,1,
598.900000000,-6.755634825956555,4.362255477784367,1.57263444390828,1,
599.000000000,-6.755708350599688,4.402255410210896,1.573891494548577,1,
599.100000000,-6.75582699850747,4.440588559926494,1.575096168078861,1,
599.200000000,-6.756034823529127,4.488921446451834,1.5758554487519707,1,
599.300000000,-6.756270914880006,4.535587515909758,1.5765885473329035,1,
599.400000000,-6.756531563346759,4.580586761040946,1.5772954638216603,1,
599.500000000,-6.75681319063531,4.623919179203889,1.5779761982182412,1,
599.600000000,-6.757112349374301,4.665584771905301,1.5786307505226462,1,
599.700000000,-6.757425723117669,4.705583544347677,1.5792591207348747,1,
599.800000000,-6.757750126346437,4.7439155049939785,1.579861308854927,1,
599.900000000,-6.758082504469793,4.780580665149466,1.580437314882803,1,
600.000000000,-6.7584360018901055,4.817245627770724,1.5810133209106791,1,
600.100000000,-6.758793590462818,4.852243801014661,1.5815631448463787,1,
600.200000000,-6.759152477463815,4.8855752022938095,1.5820867866899018,1,
600.300000000,-6.7595288181312245,4.918906411074968,1.582610428533426,1,
600.400000000,-6.759902922650321,4.950570867861506,1.583107888284773,1,
600.500000000,-6.760272260164491,4.98056859427203,1.5835791659439447,1,
600.600000000,-6.760655734895406,5.010566143290753,1.5840504436031164,1,
600.700000000,-6.761031257209978,5.038896987979344,1.5844955391701112,1,
600.800000000,-6.761396558113826,5.065561152439547,1.5849144526449304,1,
600.900000000,-6.7617730289630815,5.092225161530656,1.5853333661197495,1,
601.000000000,-6.762136442146141,5.117222520008271,1.5857260975023921,1,
601.100000000,-6.762584318628467,5.147219176599575,1.5857260975023921,1,
601.200000000,-6.763007313083997,5.175549352269139,1.5857260975023921,1,
601.300000000,-6.763430307539527,5.203879527938704,1.5857260975023921,1,
601.400000000,-6.763828419968261,5.23054322268653,1.5857260975023921,1,
601.500000000,-6.764226532396996,5.257206917434354,1.5857260975023921,1,
601.600000000,-6.764599762798934,5.28220413126044,1.5857260975023921,1,
601.700000000,-6.764972993200872,5.307201345086526,1.5857260975023921,1,
601.800000000,-6.765321341576015,5.330532077990872,1.5857260975023921,1,
601.900000000,-6.7656696899511575,5.353862810895219,1.5857260975023921,1,
602.000000000,-6.765993156299504,5.3755270628778264,1.5857260975023921,1,
602.100000000,-6.76631662264785,5.397191314860434,1.5857260975023921,1,
602.200000000,-6.766615206969401,5.4171890859213025,1.5857260975023921,1,
602.300000000,-6.7669137912909525,5.437186856982171,1.5857260975023921,1,
602.400000000,-6.767187493585707,5.455518147121301,1.5857260975023921,1,
602.500000000,-6.767486077907258,5.475515918182169,1.5857260975023921,1,
602.600000000,-6.767784662228809,5.495513689243038,1.5857260975023921,1,
602.700000000,-6.768058364523564,5.513844979382167,1.5857260975023921,1,
602.800000000,-6.768356948845115,5.533842750443036,1.5857260975023921,1,
602.900000000,-6.768655533166666,5.553840521503904,1.5857260975023921,1,
603.000000000,-6.768954117488217,5.573838292564773,1.5857260975023921,1,
603.100000000,-6.769277583836564,5.59550254454738,1.5857260975023921,1,
603.200000000,-6.769576168158115,5.615500315608249,1.5857260975023921,1,
603.300000000,-6.769874752479666,5.635498086669117,1.5857260975023921,1,
603.400000000,-6.770148454774421,5.653829376808247,1.5857260975023921,1,
603.500000000,-6.770422157069175,5.672160666947376,1.5857260975023921,1,
603.600000000,-6.771118853819461,5.71882213275607,1.587926841634156,1,
603.700000000,-6.771889689285076,5.763815530190416,1.5900489877612138,1,
603.800000000,-6.77272391972139,5.807140832697807,1.5920925358835663,1,
603.900000000,-6.773611194695785,5.8487980512107,1.5940574860012129,1,
604.000000000,-6.774541557158417,5.888787230068088,1.5959438381141533,1,
604.100000000,-6.775505443491636,5.92710844309144,1.5977515922223873,1,
604.200000000,-6.776493683540213,5.963761789815181,1.5994807483259164,1,
604.300000000,-6.777545301438,6.0004133729220746,1.6012099044294454,1,
604.400000000,-6.7787109755226185,6.038728978729276,1.6024145779597296,1,
604.500000000,-6.779870118240971,6.075377318836339,1.6035668743800016,1,
604.600000000,-6.781016882127427,6.110358527114338,1.604666793690261,1,
604.700000000,-6.782089241848299,6.14200703138242,1.6061601557796725,1,
604.800000000,-6.783267790463051,6.175319523547879,1.6072076979799192,1,
604.900000000,-6.784420562455969,6.206965200891082,1.6082028630701548,1,
605.000000000,-6.785542496857251,6.236944214603998,1.609145651050377,1,
605.100000000,-6.786692694609519,6.266922157247393,1.6100884390305996,1,
605.200000000,-6.7878056846859245,6.295233621901621,1.6109788499008102,1,
605.300000000,-6.788876930302629,6.3218787629960085,1.6122364179761026,1,
605.400000000,-6.789981683142227,6.3485225358571205,1.6130744517363007,1,
605.500000000,-6.791108763972435,6.375165373542196,1.61349336521112,1,
605.600000000,-6.792247005747135,6.401807736740183,1.613912278685939,1,
605.700000000,-6.793324570609114,6.426784503023436,1.6143050100685816,1,
605.800000000,-6.794411944547696,6.451760844186979,1.6146977414512245,1,
605.900000000,-6.795435981872003,6.475071695565744,1.615064290741691,1,
606.000000000,-6.796468563703357,6.498382170018359,1.6154308400321578,1,
606.100000000,-6.797435323745904,6.5200272576704,1.6157712072304475,1,
606.200000000,-6.7984094510101505,6.541672015015251,1.6161115744287384,1,
606.300000000,-6.799315445816083,6.561651483812285,1.6164257595348526,1,
606.400000000,-6.800227717828719,6.581630666973139,1.6167399446409667,1,
606.500000000,-6.801146266958007,6.601609562525623,1.6173684699611153,1,
606.600000000,-6.8020773731467585,6.621587876800488,1.6176826550672292,1,
606.700000000,-6.803092871430865,6.643230732612035,1.6176826550672292,1,
606.800000000,-6.804030254462347,6.663208753361156,1.6179968401733433,1,
606.900000000,-6.80497391424403,6.6831864786124555,1.6179968401733433,1,
607.000000000,-6.805838935710573,6.701499393426147,1.6182848431872818,1,
607.100000000,-6.806788349098124,6.721476846072056,1.6182848431872818,1,
607.200000000,-6.807737762485675,6.741454298717965,1.6189133685074302,1,
607.300000000,-6.808699732019689,6.761431150687573,1.6189133685074302,1,
607.400000000,-6.809661701553703,6.78140800265718,1.6182848431872818,1,
607.500000000,-6.810531997158958,6.799720667582597,1.6185728462012192,1,
607.600000000,-6.811487164073627,6.81969784596607,1.6179443208810709,1,
607.700000000,-6.812351223757652,6.838010806184821,1.6193871855045334,1,
607.800000000,-6.8151036223511055,6.894610588985587,1.6184969943705438,1,
607.900000000,-6.817805635235823,6.951212799520882,1.6167161726301233,1,
608.000000000,-6.820330339259717,7.0061548223230306,1.6149877279997145,1,
608.100000000,-6.8236436156991465,7.081081601242426,1.6063513253074084,1,
608.200000000,-6.826309678783935,7.156034200314292,1.5977149226151015,1,
608.300000000,-6.828328329660468,7.231007029050033,1.5877724761533536,1,
608.400000000,-6.8296014797088525,7.305996222197807,1.5791360734610467,1,
608.500000000,-6.830226953458328,7.380993614036382,1.5704996707687404,1,
608.600000000,-6.830204704256692,7.455993610736202,1.563203705049674,1,
608.700000000,-6.829635263097019,7.530991448950151,1.5559077393306078,1,
608.800000000,-6.828518660291162,7.605983136477329,1.5486117736115415,1,
608.900000000,-6.82685495527687,7.680964681444244,1.5486117736115412,1,
609.000000000,-6.825191250262578,7.755946226411158,1.5373957491755212,1,
609.100000000,-6.8226866726856095,7.830904395353315,1.5225363377522871,1,
609.200000000,-6.8190685783287535,7.905817073807799,1.507676926329053,1,
609.300000000,-6.814337766060171,7.980667721201655,1.492817514905819,1,
609.400000000,-6.808495280433962,8.055439810658267,1.4779581034825848,1,
609.500000000,-6.801542411459532,8.130116832646456,1.4630986920593505,1,
609.600000000,-6.7945145280080395,8.195120031732692,1.4284807005728,1,
609.700000000,-6.787311335903893,8.245392064279168,1.3792661633829686,1,
609.800000000,-6.777643749169856,8.295248869226766,1.3300516261931377,1,
609.900000000,-6.765535178658415,8.344569714241958,1.2808370890033067,1,
610.000000000,-6.751014946264045,8.39323516486205,1.2316225518134758,1,
610.100000000,-6.734118213917847,8.441127373715515,1.1824080146236449,1,
610.200000000,-6.717878181082882,8.48081734954205,1.1252919608925194,1,
610.300000000,-6.706887634241726,8.503833122446755,1.0507972137293098,1,
610.400000000,-6.68557948611609,8.541048652418095,0.9936811599981845,1,
610.500000000,-6.671663600708004,8.562423077687036,0.9191864128349744,1,
610.600000000,-6.664861449155072,8.57134103382198,0.8304024374147364,1,
610.700000000,-6.657295357490897,8.579620735767287,0.7416184619944985,1,
610.800000000,-6.649964033169652,8.586336681588348,0.6515609086035935,1,
610.900000000,-6.641045743703556,8.593138396105493,0.5627769331833552,1,
611.000000000,-6.631559490577136,8.599122559288038,0.4739929577631176,1,
611.100000000,-6.621580000968778,8.604242031382944,0.38520898234287965,1,
611.200000000,-6.5919259897162705,8.616265705223661,0.31720787476108325,1,
611.300000000,-6.54758752183279,8.630821736397142,0.26751292230554136,1,
611.400000000,-6.485356297305615,8.647878219555553,0.23203926517327947,1,
611.500000000,-6.412366337493724,8.665125415462674,0.21601923010024898,1,
611.600000000,-6.339109454743652,8.681201146542229,0.2023463565142287,1,
611.700000000,-6.265639624891061,8.696273774097875,0.1886734829282084,1,
611.800000000,-6.19197058272094,8.710340480383891,0.17500060934218814,1,
611.900000000,-6.118116100259941,8.723398635706065,0.16290331792144697,1,
612.000000000,-6.044109057372792,8.735562418139978,0.1512804300858329,1,
612.100000000,-5.969965638195644,8.746865222779617,0.13989474404278243,1,
612.200000000,-5.895698337310281,8.757323139360034,0.12898346158485896,1,
612.300000000,-5.822974172283024,8.766755721130998,0.11854658271206266,1,
612.400000000,-5.751810492456903,8.775231674452979,0.10949297726721313,1,
612.500000000,-5.683886364387138,8.78269875356108,0.100860469750031,1,
612.600000000,-5.617558504833873,8.7894113902656,0.0924385111966826,1,
612.700000000,-5.55449556669157,8.795257495291272,0.08443765057100162,1,
612.800000000,-5.493048602379439,8.800458298556292,0.07664733890915432,1,
612.900000000,-5.4182688000921075,8.806201222016314,0.06801093621684787,1,
613.000000000,-5.343442189021812,8.811298110845271,0.059374533524541404,1,
613.100000000,-5.268574350260083,8.815748584881579,0.05073813083223494,1,
613.200000000,-5.216974173573772,8.818368930352298,0.04667187598429512,1,
613.300000000,-5.167028620289615,8.820701677046548,0.04273679064757918,1,
613.400000000,-5.118739419042785,8.822766659868323,0.038932874822087106,1,
613.500000000,-5.072108115846188,8.82458306840298,0.03526012850781888,1,
613.600000000,-5.027136086672955,8.826169445420557,0.03171855170477454,1,
613.700000000,-4.983824549620135,8.827543685537886,0.028308144412954043,1,
613.800000000,-4.942174576651967,8.828723034028343,0.02436948478501124,1,
613.900000000,-4.9021864534999455,8.829697716940277,0.02058837154218615,1,
614.000000000,-4.863861244266288,8.830486882094613,0.016964804684478776,1,
614.100000000,-4.825533427055451,8.831137168413905,0.013947905926329881,1,
614.200000000,-4.750540722340168,8.832183227440177,0.009444405340138178,1,
614.300000000,-4.675544067195014,8.832891547310602,0.004940904753946473,1,
614.400000000,-4.600544982663394,8.8332621136594,0.00043740416775477255,1,
614.500000000,-4.525544989837985,8.833294918970935,-0.00406609641843693,1,
614.600000000,-4.4505456098298835,8.832989962579868,-0.00856959700462864,1,
614.700000000,-4.375548363737761,8.832347250671166,-0.013073097590820341,1,
614.800000000,-4.300554772617007,8.831366796279982,-0.016119972296568134,1,
614.900000000,-4.225564516912503,8.83015785071745,-0.019166847002315916,1,
615.000000000,-4.1505782927916615,8.828720425206743,-0.022213721708063704,1,
615.100000000,-4.075596796384465,8.827054533092113,-0.025260596413811492,1,
615.200000000,-4.0006207237770095,8.825160189838765,-0.028307471119559276,1,
615.300000000,-3.9256507710050377,8.823037413032718,-0.0298541002581295,1,
615.400000000,-3.850684191046578,8.82079868809833,-0.03140072939669972,1,
615.500000000,-3.7757211632262786,8.818444020390768,-0.0344476041024475,1,
615.600000000,-3.700765657729679,8.815860961012973,-0.03599423324101774,1,
615.700000000,-3.6258142369154656,8.813161976401917,-0.03754086237958795,1,
615.800000000,-3.5508670800720257,8.810347073013736,-0.03908749151815817,1,
615.900000000,-3.4759243664775457,8.80741625758185,-0.04063412065672839,1,
616.000000000,-3.4009862753995845,8.804369537116953,-0.04218074979529861,1,
616.100000000,-3.3260529860946435,8.801206918906983,-0.043727378933868806,1,
616.200000000,-3.251124677807738,8.797928410517118,-0.04527400807243904,1,
616.300000000,-3.1762015297719675,8.794534019789749,-0.046820637211009264,1,
616.400000000,-3.101283721208089,8.791023754844469,-0.04836726634957948,1,
616.500000000,-3.0263714313240864,8.787397624078045,-0.049913895488149694,1,
616.600000000,-2.9514648393147436,8.783655636164404,-0.05146052462671991,1,
616.700000000,-2.8765641243612134,8.779797800054611,-0.05300715376529013,1,
616.800000000,-2.8016694656305914,8.775824124976845,-0.05455378290386035,1,
616.900000000,-2.7267810422754857,8.77173462043638,-0.05610041204243056,1,
617.000000000,-2.6518990334335895,8.767529296215562,-0.057647041181000794,1,
617.100000000,-2.577023618227252,8.763208162373783,-0.05764704118100091,1,
617.200000000,-2.502148203020915,8.758887028532003,-0.05764704118100103,1,
617.300000000,-2.4272727878145774,8.754565894690224,-0.05764704118100115,1,
617.400000000,-2.35239737260824,8.750244760848444,-0.057647041181001266,1,
617.500000000,-2.2775219574019028,8.745923627006665,-0.057647041181001384,1,
617.600000000,-2.2026465421955654,8.741602493164885,-0.0576470411810015,1,
617.700000000,-2.127771126989228,8.737281359323106,-0.05764704118100162,1,
617.800000000,-2.0528957117828908,8.732960225481326,-0.05764704118100174,1,
617.900000000,-1.9780202965765532,8.728639091639547,-0.057647041181001855,1,
618.000000000,-1.9031448813702156,8.724317957797767,-0.05764704118100197,1,
618.100000000,-1.828269466163878,8.719996823955988,-0.05764704118100209,1,
618.200000000,-1.7533940509575405,8.715675690114209,-0.05764704118100221,1,
618.300000000,-1.678518635751203,8.711354556272429,-0.05764704118100233,1,
618.400000000,-1.6036432205448654,8.70703342243065,-0.057647041181002445,1,
618.500000000,-1.5287678053385279,8.70271228858887,-0.05764704118100256,1,
618.600000000,-1.4538923901321903,8.69839115474709,-0.05764704118100268,1,
618.700000000,-1.3790169749258527,8.694070020905311,-0.0576470411810028,1,
618.800000000,-1.3041415597195152,8.689748887063532,-0.05764704118100292,1,
618.900000000,-1.2292661445131776,8.685427753221752,-0.057647041181003035,1,
619.000000000,-1.15439072930684,8.681106619379973,-0.05764704118100315,1,
619.100000000,-1.0795153141005025,8.676785485538193,-0.05764704118100327,1,
619.200000000,-1.0196149819354325,8.673328578464771,-0.05292493877694428,1,
619.300000000,-0.9613633268007572,8.670242731441888,-0.04833400588410914,1,
619.400000000,-0.9047628389056828,8.667504870753204,-0.04387424250249787,1,
619.500000000,-0.8514808293160617,8.665165661798028,-0.039676818143334326,1,
619.600000000,-0.7998548254368905,8.663116230678853,-0.03561056329539463,1,
619.700000000,-0.7498865248922613,8.661336078808477,-0.03167547795867881,1,
619.800000000,-0.7015774368159926,8.659805353375738,-0.027871562133186843,1,
619.900000000,-0.654928894868738,8.658504848868631,-0.024198815818918733,1,
620.000000000,-0.6099420698362581,8.657416008431724,-0.020657239015874476,1,
620.100000000,-0.5666179818071684,8.656520925069428,-0.017246831724054106,1,
620.200000000,-0.4916291360258455,8.655227476815737,-0.03660679229854065,1,
620.300000000,-0.4166793825609563,8.652482580542227,-0.06013315501760824,1,
620.400000000,-0.3418149415676279,8.647975311440382,-0.08365951773667583,1,
620.500000000,-0.26707724783485254,8.641708164122353,-0.1071858804557434,1,
620.600000000,-0.19250766600154973,8.633684607229904,-0.13071224317481098,1,
620.700000000,-0.11814746766271847,8.623909081514645,-0.15423860589387858,1,
620.800000000,-0.04403780852708668,8.612386997380233,-0.1777649686129461,1,
620.900000000,0.02978029436110094,8.599124731887906,-0.20129133133201368,1,
621.000000000,0.10326598532354901,8.584129625227012,-0.22481769405108126,1,
621.100000000,0.1763785926600674,8.567409976652474,-0.24834405677014884,1,
621.200000000,0.24907765115890168,8.548975039891447,-0.2718704194892164,1,
621.300000000,0.32132292449277994,8.528835018021717,-0.2953967822082841,1,
621.400000000,0.3930744274882798,8.507001057824658,-0.31892314492735174,1,
621.500000000,0.46429244825619126,8.483485243615888,-0.34244950764641924,1,
621.600000000,0.5196088945802316,8.463765191171124,-0.3837231106656346,1,
621.700000000,0.5630557889465115,8.446224105782658,-0.43686884397966314,1,
621.800000000,0.604794328729765,8.426733834777433,-0.49080392927122873,1,
621.900000000,0.6454214748164917,8.40502182501456,-0.5447390145627944,1,
622.000000000,0.6848190717527853,8.38115122127815,-0.59867409985436,1,
622.100000000,0.7228725399681565,8.35519144616593,-0.6526091851459259,1,
622.200000000,0.759471209005958,8.327217998188306,-0.7065442704374915,1,
622.300000000,0.7945086393849794,8.297312232196937,-0.760479355729057,1,
622.400000000,0.8278829321561461,8.265561122781362,-0.8144144410206225,1,
622.500000000,0.8594970252540408,8.232057011321826,-0.8683495263121883,1,
622.600000000,0.8892589757813743,8.19689733743392,-0.922284611603754,1,
622.700000000,0.9170822274054374,8.160184355586086,-0.9762196968953197,1,
622.800000000,0.9428858620888726,8.122024837714143,-1.0301547821868853,1,
622.900000000,0.9665948354226547,8.082529762697714,-1.084089867478451,1,
623.000000000,0.9881401948768685,8.04181399360165,-1.1380249527700166,1,
623.100000000,1.007459280334546,7.999995943621118,-1.1919600380615822,1,
623.200000000,1.0288800976754946,7.946183446302435,-1.234040816008557,1,
623.300000000,1.0480181484187931,7.891517448671599,-1.2761215939555315,1,
623.400000000,1.0648395480603705,7.836094738549069,-1.3182023719025062,1,
623.500000000,1.0793145137977733,7.78001344353791,-1.3602831498494816,1,
623.600000000,1.0914174172615279,7.723372857285871,-1.4023639277964557,1,
623.700000000,1.101126829890952,7.666273263682946,-1.4444447057434306,1,
623.800000000,1.1084255608740774,7.6088157593056795,-1.4865254836904054,1,
623.900000000,1.1133006875845077,7.551102074422587,-1.5286062616373806,1,
624.000000000,1.1157435784613239,7.493234392877604,-1.570687039584355,1,
624.100000000,1.1157499082915263,7.435315171170464,-1.61276781753133,1,
624.200000000,1.112821309332242,7.365580238559408,-1.6429714170644518,1,
624.300000000,1.1077221895390372,7.295053655053245,-1.6722607389195119,1,
624.400000000,1.1005598762947142,7.224706648914337,-1.7015500607745715,1,
624.500000000,1.0913405134534109,7.15459956401903,-1.730839382629631,1,
624.600000000,1.0800720094126812,7.084792538438496,-1.7601287044846907,1,
624.700000000,1.0667640303296477,7.0153454528521095,-1.7894180263397503,1,
624.800000000,1.051427991829342,6.946317879181623,-1.8187073481948108,1,
624.900000000,1.0340770492123477,6.877769029490187,-1.8479966700498702,1,
625.000000000,1.014726086170142,6.809757705190064,-1.8772859919049298,1,
625.100000000,0.9933917020178215,6.742342246602596,-1.9065753137599888,1,
625.200000000,0.9686788455151886,6.671530702886333,-1.9138712794790547,1,
625.300000000,0.9434500127441621,6.600901346404686,-1.9183747800652475,1,
625.400000000,0.9179033575390803,6.530386323836209,-1.9228782806514386,1,
625.500000000,0.8920393980240029,6.459987065330154,-1.9273817812376315,1,
625.600000000,0.8658586587583917,6.3897049986879,-1.9318852818238226,1,
625.700000000,0.8393616707264716,6.319541549334008,-1.9363887824100143,1,
625.800000000,0.8125489713264615,6.249498140287298,-1.9408922829962063,1,
625.900000000,0.7854211043596754,6.179576192131999,-1.9453957835823967,1,
626.000000000,0.7579786200194927,6.109777122988931,-1.9498992841685892,1,
626.100000000,0.7302220748801999,6.040102348486745,-1.954402784754781,1,
626.200000000,0.7021520318857024,5.970553281733214,-1.9407299111687615,1,
626.300000000,0.6750355186309747,5.9006269296983325,-1.9247098760957304,1,
626.400000000,0.649042659610273,5.830275161561846,-1.9086898410226996,1,
626.500000000,0.624180125527876,5.759516032122588,-1.8926698059496696,1,
626.600000000,0.600454297005952,5.688367700722981,-1.8766497708766385,1,
626.700000000,0.5778712629470609,5.616848426588697,-1.8606297358036088,1,
626.800000000,0.5564368189715231,5.544976564142678,-1.8447330523039964,1,
626.900000000,0.5361475593599339,5.472773060457513,-1.829472236144369,1,
627.000000000,0.5169625039370037,5.400268345794126,-1.8145293536547356,1,
627.100000000,0.49886297949903996,5.327485056399379,-1.8002223385050844,1,
627.200000000,0.4821856145528983,5.256073269723571,-1.7862332570254262,1,
627.300000000,0.4672214150618551,5.187691453912698,-1.7728800428857532,1,
627.400000000,0.4535061580298407,5.12074867111283,-1.7598447624160707,1,
627.500000000,0.44129107402117745,5.05690674348951,-1.7474453492863744,1,
627.600000000,0.4301613973860355,4.994558997667321,-1.7353638698266696,1,
627.700000000,0.4203318534568396,4.935369639957138,-1.7239182577069492,1,
627.800000000,0.4114346041280887,4.877718822684875,-1.708940803370021,1,
627.900000000,0.4038608012705448,4.823242795753067,-1.6948192035666325,1,
628.000000000,0.3972631919567319,4.770319114892919,-1.6811255310300137,1,
628.100000000,0.3915744073023527,4.71896658648778,-1.6678597857601634,1,
628.200000000,0.3865673327772861,4.667543112770567,-1.6571601334772934,1,
628.300000000,0.38225450846108494,4.617729464576347,-1.646805631268063,1,
628.400000000,0.37871082211109103,4.571197539354725,-1.6371414292061153,1,
628.500000000,0.37561698817200456,4.524633540714841,-1.6274772271441675,1,
628.600000000,0.3730677131877792,4.479705807664365,-1.6181581751558614,1,
628.700000000,0.37101613362453906,4.436421066714771,-1.6091842732411952,1,
628.800000000,0.3694170286728298,4.394785096995494,-1.6005555214001705,1,
628.900000000,0.36822683658104105,4.354802807881629,-1.592271919632787,1,
629.000000000,0.3674036687999727,4.316478313896077,-1.584333467939044,1,
629.100000000,0.3669073221179463,4.279815006838262,-1.576740166318942,1,
629.200000000,0.36669928895955156,4.244815625097936,-1.5723186380784346,1,
629.300000000,0.36664600808520686,4.209815665652982,-1.5684546021093317,1,
629.400000000,0.3667240655033854,4.176482423714182,-1.5647745678530436,1,
629.500000000,0.3669147533840985,4.144816331187475,-1.5612785353095702,1,
629.600000000,0.3672002828176725,4.114817690002539,-1.5579665044789104,1,
629.700000000,0.36758516692801674,4.0848201590337805,-1.554654473648251,1,
629.800000000,0.3680424995728463,4.0564905168787915,-1.5515264445304067,1,
629.900000000,0.36858844578132444,4.0281624438678145,-1.5483984154125616,1,
630.000000000,0.3691856734804156,4.00150246580731,-1.545454388007531,1,
630.100000000,0.369819154140009,3.9765104930509647,-1.542694362315315,1,
630.200000000,0.37052161078608786,3.951520363906433,-1.5391363354268615,1,
630.300000000,0.37126022051204566,3.9281987237386153,-1.5358155103309723,1,
630.400000000,0.37207627311095826,3.904879664954002,-1.5324946852350827,1,
630.500000000,0.3729059391211796,3.883228889015114,-1.5294110619317567,1,
630.600000000,0.3738023639182832,3.8615807743852533,-1.5263274386284305,1,
630.700000000,0.3747655389784121,3.839935526910392,-1.523243815325104,1,
630.800000000,0.37579545514299934,3.818293352409239,-1.520160192021778,1,
630.900000000,0.3768921026188552,3.7966544566712823,-1.5170765687184515,1,
631.000000000,0.3779659811044599,3.7766833078561,-1.5142301472076887,1,
631.100000000,0.3790967014705435,3.756715296651833,-1.5120221266539162,1,
631.200000000,0.3801736082108711,3.7384136195979742,-1.5099981078129574,1,
631.300000000,0.3813888236090801,3.718450572447402,-1.5077900872591843,1,
631.400000000,0.38264811482759503,3.6984902571786753,-1.5055820667054118,1,
631.500000000,0.3839514757269269,3.678532771105372,-1.5033740461516392,1,
631.600000000,0.3852988999527315,3.658578211527278,-1.5011660255978665,1,
631.700000000,0.38669038093584035,3.63862667572991,-1.4989580050440932,1,
631.800000000,0.3881259118922928,3.6186782609840447,-1.4967499844903205,1,
631.900000000,0.38960548582336896,3.5987330645452404,-1.4945419639365471,1,
632.000000000,0.3912560629899786,3.577129360245711,-1.4921499416699604,1,
632.100000000,0.3928273697010048,3.557191180910077,-1.491521416349812,1,
632.200000000,0.3944112077513883,3.5372539931186617,-1.4912072312436975,1,
632.300000000,0.39600130969095854,3.5173173039295866,-1.4908930461375836,1,
632.400000000,0.3974646448901033,3.4990424643624096,-1.4906050431236455,1,
632.500000000,0.3992002611186808,3.4774454256591163,-1.4902646759253546,1,
632.600000000,0.4006750793929888,3.4591715092160307,-1.489976672911417,1,
632.700000000,0.40242426621381344,3.4375755653859894,-1.4896363057131268,1,
632.800000000,0.40418080348407054,3.4159802181726975,-1.4892959385148359,1,
632.900000000,0.4058090073451736,3.3960466045467967,-1.488981753408722,1,
633.000000000,0.40757967952241997,3.374452411705082,-1.4886413862104315,1,
633.100000000,0.40935770155187523,3.3528588227929252,-1.488301019012141,1,
633.200000000,0.4111430732275559,3.33126584031194,-1.4879606518138504,1,
633.300000000,0.4127978927183907,3.3113344185750755,-1.4876464667077367,1,
633.400000000,0.4145973977470428,3.2897426093387865,-1.487306099509446,1,
633.500000000,0.4164042518149326,3.268151413845674,-1.4869657323111558,1,
633.600000000,0.41821845471273644,3.246560834597075,-1.4866253651128654,1,
633.700000000,0.42004000623027915,3.2249708740942538,-1.4862849979145742,1,
633.800000000,0.4217282215468223,3.2050422532427,-1.4859708128084608,1,
633.900000000,0.4234226980557957,3.1851141637868454,-1.4856566277023466,1,
634.000000000,0.42498170746208874,3.166847237368255,-1.4853686246884086,1,
634.100000000,0.426688184121828,3.1469201719192292,-1.4850544395822942,1,
634.200000000,0.42840092148441183,3.1269936436032677,-1.48474025447618,1,
634.300000000,0.4299766695560753,3.1087281534886895,-1.484452251462242,1,
634.400000000,0.4317014061260142,3.088802660175742,-1.4841380663561279,1,
634.500000000,0.43328815317245967,3.0705381222696873,-1.4838500633421896,1,
634.600000000,0.4350248883243116,3.0506136711853458,-1.4835358782360752,1,
634.700000000,0.43691313294210415,3.0290294413703207,-1.4831955110377857,1,
634.800000000,0.43866290931635377,3.009106131338097,-1.4828813259316713,1,
634.900000000,0.4404189452114148,2.9891833720428775,-1.4825671408255565,1,
635.000000000,0.44232809839082243,2.9676009815686504,-1.4822267736272665,1,
635.100000000,0.44424459739727884,2.946019242157688,-1.4818864064289758,1,
635.200000000,0.4458724659146842,2.9277583233636855,-1.4818864064289758,1,
635.300000000,0.4477963105261633,2.906177237516228,-1.4818864064289758,1,
635.400000000,0.44957216709060555,2.886256235195498,-1.4818864064289758,1,
635.500000000,0.4513480236550478,2.866335232874768,-1.4818864064289758,1,
635.600000000,0.45341985631356374,2.8430940635005832,-1.4818864064289758,1,
635.700000000,0.45534370092504284,2.821512977653126,-1.4818864064289758,1,
635.800000000,0.45726754553652194,2.7999318918056684,-1.4818864064289758,1,
635.900000000,0.45919139014800103,2.778350805958211,-1.4818864064289758,1,
636.000000000,0.46111523475948013,2.7567697201107535,-1.4818864064289758,1,
636.100000000,0.46303907937095923,2.735188634263296,-1.4818864064289758,1,
636.200000000,0.4649629239824383,2.7136075484158386,-1.4818864064289758,1,
636.300000000,0.4668867685939174,2.692026462568381,-1.4818864064289758,1,
636.400000000,0.4688106132053965,2.6704453767209237,-1.4818864064289758,1,
636.500000000,0.4707344578168756,2.6488642908734663,-1.4818864064289758,1,
636.600000000,0.47251031438131785,2.6289432885527364,-1.4818864064289758,1,
636.700000000,0.4742861709457601,2.6090222862320065,-1.4818864064289758,1,
636.800000000,0.4760620275102023,2.5891012839112766,-1.4818864064289758,1,
636.900000000,0.47783788407464456,2.5691802815905467,-1.4818864064289758,1,
637.000000000,0.47946575259204993,2.5509193627965443,-1.4818864064289758,1,
637.100000000,0.4810936211094553,2.532658444002542,-1.4818864064289758,1,
637.200000000,0.48286947767389754,2.512737441681812,-1.4818864064289758,1,
637.300000000,0.4846453342383398,2.492816439361082,-1.4818864064289758,1,
637.400000000,0.486421190802782,2.472895437040352,-1.4818864064289758,1,
637.500000000,0.48819704736722425,2.4529744347196223,-1.4818864064289758,1,
637.600000000,0.4899729039316665,2.4330534323988924,-1.4818864064289758,1,
637.700000000,0.49204473659018244,2.4098122630247074,-1.4818864064289758,1,
637.800000000,0.49396858120166154,2.38823117717725,-1.4818864064289758,1,
637.900000000,0.49589242581314064,2.3666500913297925,-1.4818864064289758,1,
638.000000000,0.49766828237758287,2.3467290890090626,-1.4818864064289758,1,
638.100000000,0.4994441389420251,2.3268080866883327,-1.4818864064289758,1,
638.200000000,0.5013679835535042,2.3052270008408753,-1.4818864064289758,1,
638.300000000,0.5032918281649833,2.283645914993418,-1.4818864064289758,1,
638.400000000,0.5050676847294255,2.263724912672688,-1.4818864064289758,1,
638.500000000,0.5068435412938678,2.243803910351958,-1.4818864064289758,1,
638.600000000,0.5089153739523837,2.220562740977773,-1.4818864064289758,1,
638.700000000,0.5108392185638628,2.1989816551303156,-1.4818864064289758,1,
638.800000000,0.5127630631753419,2.177400569282858,-1.4818864064289758,1,
638.900000000,0.514686907786821,2.1558194834354008,-1.4818864064289758,1,
639.000000000,0.5166107523983001,2.1342383975879433,-1.4818864064289758,1,
639.100000000,0.5183866089627424,2.1143173952672134,-1.4818864064289758,1,
639.200000000,0.5201624655271846,2.0943963929464835,-1.4818864064289758,1,
639.300000000,0.5219383220916268,2.0744753906257536,-1.4818864064289758,1,
639.400000000,0.5237141786560691,2.0545543883050237,-1.4818864064289758,1,
639.500000000,0.5256380232675482,2.0329733024575662,-1.4818864064289758,1,
639.600000000,0.5274138798319904,2.0130523001368363,-1.4818864064289758,1,
639.700000000,0.5291897363964326,1.9931312978161064,-1.4818864064289758,1,
639.800000000,0.530817604913838,1.974870379022104,-1.4830398419939717,1,
639.900000000,0.5325704827094964,1.9549473416172933,-1.484298135337603,1,
640.000000000,0.5341543061496467,1.936682549956244,-1.4854515709025984,1,
640.100000000,0.5358591299288785,1.9167553430299893,-1.4867098642462298,1,
640.200000000,0.5375388780932693,1.8968260067112799,-1.4879681575898611,1,
640.300000000,0.5391935479832703,1.8768945725542725,-1.4892264509334925,1,
640.400000000,0.5408231369790397,1.8569610721164451,-1.4904847442771236,1,
640.500000000,0.542427642500446,1.8370255369585473,-1.491743037620755,1,
640.600000000,0.5440070620070724,1.8170879986445505,-1.4930013309643866,1,
640.700000000,0.5456909205808168,1.7954868629163516,-1.4943644820866535,1,
640.800000000,0.5472180695709676,1.7755452527516262,-1.4956227754302849,1,
640.900000000,0.5487201249634394,1.7556017367727936,-1.4968810687739167,1,
641.000000000,0.5500740044286427,1.7373184624078224,-1.498034504338912,1,
641.100000000,0.5516491198718103,1.7157091251716845,-1.499056278400088,1,
641.200000000,0.5530826904236701,1.6957605694477018,-1.499999454456558,1,
641.300000000,0.5546153415836351,1.6741481789074053,-1.5010212285177351,1,
641.400000000,0.5561259089673277,1.6525342336260882,-1.5020430025789107,1,
641.500000000,0.5576143909976821,1.630918756169188,-1.5030647766400869,1,
641.600000000,0.55908078612069,1.609301769103742,-1.5040865507012633,1,
641.700000000,0.5604139922911939,1.5893462545449306,-1.5050297267577333,1,
641.800000000,0.5618379083093621,1.5677264278199625,-1.5060515008189093,1,
641.900000000,0.5632397330099195,1.5461051574605837,-1.5070732748800861,1,
642.000000000,0.56461946492933,1.5244824660398792,-1.5080950489412621,1,
642.100000000,0.5659771026271231,1.502858376132418,-1.509116823002438,1,
642.200000000,0.5673126446858948,1.481232910314228,-1.5101385970636145,1,
642.300000000,0.5686260897113098,1.459606091162775,-1.511160371124791,1,
642.400000000,0.5698181019766567,1.4396416450958474,-1.5121035471812612,1,
642.500000000,0.5710890488729581,1.418012286842972,-1.513125321242437,1,
642.600000000,0.572241829721705,1.3980455370745506,-1.5140684972989074,1,
642.700000000,0.573375777900191,1.378077708912016,-1.5150116733553776,1,
642.800000000,0.5743979661913867,1.3597728941845064,-1.5158762514071418,1,
642.900000000,0.5754958156132834,1.3398030487507822,-1.516819427463612,1,
643.000000000,0.5765748294695952,1.3198321767343206,-1.5177626035200822,1,
643.100000000,0.5776350068004517,1.2998602959008303,-1.5187057795765524,1,
643.200000000,0.5786763466627394,1.2798874240169171,-1.5193343048967012,1,
643.300000000,0.5796194006809934,1.2615783617735972,-1.519910453106837,1,
643.400000000,0.5806366790034024,1.241604249908116,-1.520538978426985,1,
643.500000000,0.5815576759000444,1.223294064878262,-1.521115126637121,1,
643.600000000,0.5825508912062616,1.2033187420184057,-1.5217436519572696,1,
643.700000000,0.5836132729971502,1.1816781369119205,-1.5224245543874306,1,
643.800000000,0.584580331217284,1.161701530633604,-1.5230530797075792,1,
643.900000000,0.5855348334443727,1.14172432048057,-1.523681605027727,1,
644.000000000,0.5863982838132648,1.1234113315226864,-1.5242577532378632,1,
644.100000000,0.587328719337289,1.1034329860022076,-1.5248862785580115,1,
644.200000000,0.5882465977823442,1.0834540596256452,-1.5255148038781599,1,
644.300000000,0.589076475368871,1.065139518563896,-1.526090952088296,1,
644.400000000,0.5899702850699482,1.0451595009408243,-1.5267194774084443,1,
644.500000000,0.5907780990168,1.0268439734371355,-1.5272956256185806,1,
644.600000000,0.5916478386767684,1.006862893563318,-1.5279241509387291,1,
644.700000000,0.5925764512906778,0.985216135767802,-1.5286050533688897,1,
644.800000000,0.593420026432027,0.9652339341628512,-1.5292335786890379,1,
644.900000000,0.5942510420879172,0.9452512062965246,-1.529862104009186,1,
645.000000000,0.595069497930061,0.9252679600628803,-1.5304906293293346,1,
645.100000000,0.5958753936351321,0.905284203356181,-1.531119154649483,1,
645.200000000,0.5966026176139633,0.886965299011332,-1.531695302859619,1,
645.300000000,0.5973844388373436,0.8669805859642384,-1.5323238281797678,1,
645.400000000,0.5981536990089581,0.8469953854701636,-1.5329523534999159,1,
645.500000000,0.598910397824915,0.8270097054241424,-1.5335808788200642,1,
645.600000000,0.599654534986285,0.8070235537213991,-1.5342094041402126,1,
645.700000000,0.600386110199101,0.7870369382573443,-1.5348379294603611,1,
645.800000000,0.6011051231743587,0.7670498669275719,-1.5364119635950468,1,
645.900000000,0.6018499709197928,0.7453960070804092,-1.5384600666015775,1,
646.000000000,0.602496583423271,0.7254064625065489,-1.5403506232229902,1,
646.100000000,0.6031054034278461,0.7054157311992149,-1.5422411798444025,1,
646.200000000,0.6036764287574719,0.6854238846093441,-1.5438152139790886,1,
646.300000000,0.6042159855437624,0.665431163972213,-1.545389248113775,1,
646.400000000,0.6046817318744079,0.6471037475840092,-1.5468321127372375,1,
646.500000000,0.6051210337486739,0.6287756782646734,-1.5482749773607003,1,
646.600000000,0.6055714226613893,0.6087807501620944,-1.5498490114953867,1,
646.700000000,0.6059903383298089,0.5887851379018321,-1.5514230456300726,1,
646.800000000,0.6063777797160341,0.5687888910246743,-1.5529970797647592,1,
646.900000000,0.606733745860147,0.5487920590729815,-1.5545711138994458,1,
647.000000000,0.6070582358802116,0.5287946915905632,-1.5561451480341322,1,
647.100000000,0.6073756667299494,0.5071303503335557,-1.5578503516800422,1,
647.200000000,0.6076345789998969,0.4871320262928649,-1.5591086450236737,1,
647.300000000,0.6078878063396254,0.46546683946332523,-1.5604717961459411,1,
647.400000000,0.6080942932841141,0.4454679054131876,-1.5617300894895727,1,
647.500000000,0.6082756155461828,0.42546872737414615,-1.5629883828332038,1,
647.600000000,0.6084187597310301,0.40713595287453874,-1.5641418183981985,1,
647.700000000,0.6085518489167058,0.3871363956977246,-1.5654001117418304,1,
647.800000000,0.6086597726939907,0.367136686888387,-1.5666584050854617,1,
647.900000000,0.6087356343755077,0.3488035105101271,-1.567811840650457,1,
648.000000000,0.6087953240097855,0.3288035995816364,-1.5690701339940891,1,
648.100000000,0.6088298478486563,0.3088036293790449,-1.5703284273377196,1,
648.200000000,0.6088392058374584,0.2888036315683439,-1.5715867206813507,1,
648.300000000,0.6088233979613753,0.2688036378155685,-1.5728450140249821,1,
648.400000000,0.6087824242454355,0.24880367978674747,-1.574103307368614,1,
648.500000000,0.6087107731302693,0.22713713159461174,-1.5754664584908815,1,
648.600000000,0.6086173708358699,0.20713734969551592,-1.5767247518345129,1,
648.700000000,0.6084988030296155,0.18713770115672104,-1.5779830451781445,1,
648.800000000,0.6083670476600999,0.16880484126979356,-1.5791364807431392,1,
648.900000000,0.608200246514881,0.1488055368474404,-1.5803947740867708,1,
649.000000000,0.6080082805167192,0.12880645814227126,-1.5816530674304021,1,
649.100000000,0.6077911499695545,0.10880763681886602,-1.5829113607740333,1,
649.200000000,0.6075488552171703,0.08880910454139707,-1.5838545368305037,1,
649.300000000,0.6072876984385444,0.06881080968566054,-1.584797712886974,1,
649.400000000,0.6070076798659968,0.048812770041759726,-1.5857408889434441,1,
649.500000000,0.6067087997486269,0.028815003399570875,-1.5866840649999143,1,
649.600000000,0.6063910583523127,0.008817527548727389,-1.587627241056385,1,
649.700000000,0.6060544559597109,-0.011179639721396017,-1.5885704171128547,1,
649.800000000,0.6057286147943778,-0.029510077213340546,-1.5894349951646192,1,
649.900000000,0.6053558630101838,-0.0495066033143257,-1.5903781712210898,1,
650.000000000,0.6049968854716377,-0.06783642181418899,-1.5912427492728538,1,
650.100000000,0.604622060510465,-0.08616592309926473,-1.592107327324618,1,
650.200000000,0.604195872761062,-0.10616138168370982,-1.5927358526447664,1,
650.300000000,0.6037571174446597,-0.1261565684488373,-1.5933643779649147,1,
650.400000000,0.6033057947345857,-0.1461514754956673,-1.5939929032850628,1,
650.500000000,0.6028419048091324,-0.16614609492533045,-1.5946214286052116,1,
650.600000000,0.6023654478515567,-0.186140418839071,-1.59524995392536,1,
650.700000000,0.6018764240500801,-0.20613443933825,-1.5958784792455083,1,
650.800000000,0.6013748335978887,-0.22612814852434826,-1.5965070045656569,1,
650.900000000,0.6008178302844029,-0.24778765433018812,-1.5971879069958175,1,
651.000000000,0.6002900599520667,-0.26778068957940193,-1.5978164323159658,1,
651.100000000,0.5997497235959234,-0.2877733891625555,-1.598444957636114,1,
651.200000000,0.5992428966099708,-0.3060997155133936,-1.5990211058462502,1,
651.300000000,0.5987255110285967,-0.3244257468151048,-1.5995972540563865,1,
651.400000000,0.5981495721139956,-0.3444174524543605,-1.600225779376535,1,
651.500000000,0.5975610680207951,-0.36440879215264704,-1.600854304696683,1,
651.600000000,0.5969599989814803,-0.38439975801250426,-1.6014828300168313,1,
651.700000000,0.5963463652335002,-0.4043903421366198,-1.6021113553369797,1,
651.800000000,0.5957201670192668,-0.424380536627832,-1.602739880657128,1,
651.900000000,0.5951346347889155,-0.4427045171756914,-1.603316028867264,1,
652.000000000,0.5944843553767194,-0.4626939427974064,-1.6039445541874124,1,
652.100000000,0.5938215122336565,-0.48268295575372056,-1.6045730795075608,1,
652.200000000,0.5931461056215792,-0.502671548148093,-1.6048872646136754,1,
652.300000000,0.5924644189249182,-0.5226599273532111,-1.6052014497197895,1,
652.400000000,0.5918337827704605,-0.5409824110590792,-1.6054894527337278,1,
652.500000000,0.5909088183213541,-0.567633031162165,-1.6059083662085467,1,
652.600000000,0.5900311976918294,-0.5926176220539654,-1.6063010975911893,1,
652.700000000,0.5891437648973125,-0.6176018663498255,-1.6066938289738317,1,
652.800000000,0.5881867037531702,-0.6442513531193204,-1.6071127424486513,1,
652.900000000,0.5872184788642263,-0.6709004366246784,-1.6075316559234698,1,
653.000000000,0.5862390904003931,-0.6975491121892917,-1.6079505693982892,1,
653.100000000,0.5852485385335421,-0.7241973751366245,-1.608369482873108,1,
653.200000000,0.584309430631006,-0.7491797304368638,-1.6071905128025201,1,
653.300000000,0.5833391332363378,-0.7758287385624397,-1.6055127883443447,1,
653.400000000,0.5824713960263241,-0.8008136746667078,-1.6039399216648058,1,
653.500000000,0.5815877286349891,-0.8274656960356885,-1.6022621972066302,1,
653.600000000,0.5808012116782271,-0.852453320794291,-1.6006893305270915,1,
653.700000000,0.5800539978805294,-0.8774421517301417,-1.5991164638475523,1,
653.800000000,0.5793932830097747,-0.9007661286702779,-1.597648454946649,1,
653.900000000,0.5788115568133657,-0.9224249845744308,-1.5962853038243818,1,
654.000000000,0.5782593554420221,-0.9440846133360216,-1.5949221527021142,1,
654.100000000,0.5777366799218339,-0.9657449747075463,-1.593900378640938,1,
654.200000000,0.5772746399934107,-0.9857396369728746,-1.5929572025844678,1,
654.300000000,0.5768314587544083,-1.0057347261297,-1.5920140265279976,1,
654.400000000,0.5764424967786838,-1.024063932869015,-1.5911494484762332,1,
654.500000000,0.5760693819762115,-1.0423934690457788,-1.5902848704244688,1,
654.600000000,0.5756796357758642,-1.0623896711326581,-1.5893416943679985,1,
654.700000000,0.5753087496851048,-1.0823862319246464,-1.5883985183115283,1,
654.800000000,0.5749567240338666,-1.1023831336331829,-1.5874553422550581,1,
654.900000000,0.5746513228768515,-1.1207139230663852,-1.5865907642032937,1,
655.000000000,0.5743354472623449,-1.1407114284757147,-1.585647588146824,1,
655.100000000,0.5740384329538315,-1.1607092229166158,-1.5847044120903537,1,
655.200000000,0.5737602802155296,-1.1807072885994305,-1.584075886770205,1,
655.300000000,0.5734725648725144,-1.202372044871446,-1.5833949843400446,1,
655.400000000,0.5732205983873475,-1.2223704576307215,-1.582766459019896,1,
655.500000000,0.5729812014599039,-1.2423690248071753,-1.5821379336997479,1,
655.600000000,0.572773276457685,-1.2607011790260487,-1.5815617854896118,1,
655.700000000,0.5725759135272329,-1.279033449997884,-1.580985637279476,1,
655.800000000,0.5723721308437734,-1.299032411786385,-1.5803571119593272,1,
655.900000000,0.5721809180535985,-1.3190314977072182,-1.5797285866391793,1,
656.000000000,0.5720022752322458,-1.3390306998598636,-1.5791000613190307,1,
656.100000000,0.5718362024502871,-1.3590300103437551,-1.5784715359988826,1,
656.200000000,0.5716826997733284,-1.3790294212582839,-1.5778430106787338,1,
656.300000000,0.5715417672620101,-1.399028924702801,-1.5772144853585854,1,
656.400000000,0.5714134049720068,-1.4190285127766216,-1.5765859600384373,1,
656.500000000,0.5712879636191954,-1.4406948163125608,-1.5759050576082767,1,
656.600000000,0.571185789447372,-1.4606945553218231,-1.5752765322881284,1,
656.700000000,0.5710961856372663,-1.4806943545997462,-1.5746480069679798,1,
656.800000000,0.5710255716753583,-1.4990275519417129,-1.5740718587578437,1,
656.900000000,0.5709600611532444,-1.5190274446507124,-1.5734433334376954,1,
657.000000000,0.5709071210822105,-1.5390273745843117,-1.5728148081175473,1,
657.100000000,0.5708701156164236,-1.5573606705702117,-1.5722386599074116,1,
657.200000000,0.5708412689641751,-1.5773606497669672,-1.5716101345872626,1,
657.300000000,0.5708263491562953,-1.5956939770293723,-1.5710339863771265,1,
657.400000000,0.5708215959646954,-1.6156939764645515,-1.5704054610569786,1,
657.500000000,0.5708294132792547,-1.6356939749367914,-1.5697769357368299,1,
657.600000000,0.570849801096885,-1.655693964545211,-1.5691484104166817,1,
657.700000000,0.5708827594095321,-1.6756939373889332,-1.5685198850965332,1,
657.800000000,0.5709282882041763,-1.6956938855670876,-1.5682056999904195,1,
657.900000000,0.5709801006823105,-1.7156938184536528,-1.5678915148843047,1,
658.000000000,0.5710333554924446,-1.7340270744393282,-1.567603511870367,1,
658.100000000,0.5710972116824427,-1.7540269724987434,-1.567289326764253,1,
658.200000000,0.5711673515392798,-1.7740268495083773,-1.5669751416581386,1,
658.300000000,0.5712374064296362,-1.792360048995195,-1.5666871386442,1,
658.400000000,0.5713195899613657,-1.81235988014116,-1.566372953538086,1,
658.500000000,0.5714080571380064,-1.8323596844791694,-1.566058768431972,1,
658.600000000,0.5715028079508254,-1.8523594600349969,-1.5657445833258583,1,
658.700000000,0.5716038423904699,-1.8723592048344189,-1.5654303982197444,1,
658.800000000,0.5717111604469663,-1.892358916903215,-1.5651162131136298,1,
658.900000000,0.5718342289149508,-1.9140252340474975,-1.5647758459153394,1,
659.000000000,0.571954637805145,-1.9340248715866921,-1.5644616608092252,1,
659.100000000,0.5720813302775354,-1.9540244703081024,-1.5641474757031113,1,
659.200000000,0.5722032249827758,-1.9723573984100709,-1.563859472689173,1,
659.300000000,0.5723419609522228,-1.9923569172125517,-1.5635452875830589,1,
659.400000000,0.5724869804656562,-2.012356391439159,-1.5632311024769445,1,
659.500000000,0.5726382835087607,-2.0323558191156987,-1.5629169173708306,1,
659.600000000,0.5727958700666008,-2.052355198267982,-1.5626027322647167,1,
659.700000000,0.5729597401236209,-2.0723545269218246,-1.5622885471586023,1,
659.800000000,0.573129893663645,-2.0923538031030473,-1.5619743620524882,1,
659.900000000,0.573291627586024,-2.1106864230262734,-1.5616863590385501,1,
660.000000000,0.5734738244209947,-2.1306855931168878,-1.561372173932436,1,
660.100000000,0.5736780113771843,-2.1523512976318897,-1.561031806734146,1,
660.200000000,0.5738732986750592,-2.1723503441809453,-1.5607176216280314,1,
660.300000000,0.5740748693657542,-2.1923493283865656,-1.560403436521917,1,
660.400000000,0.5742654022574039,-2.210681671617269,-1.5601154335079792,1,
660.500000000,0.574479016061525,-2.2306805308133004,-1.5598012484018655,1,
660.600000000,0.5746989131986981,-2.250679321907991,-1.5594870632957505,1,
660.700000000,0.574925093647217,-2.2706780429272135,-1.5591728781896366,1,
660.800000000,0.5751575573847546,-2.2906766918968495,-1.5588586930835227,1,
660.900000000,0.575396304388364,-2.310675266842787,-1.5585445079774087,1,
661.000000000,0.5756413346344779,-2.33067376579092,-1.5582303228712946,1,
661.100000000,0.5758717053102063,-2.3490056516857996,-1.5579423198573563,1,
661.200000000,0.57612877836965,-2.3690039994536054,-1.5576281347512424,1,
661.300000000,0.5764140809517901,-2.3906687876335315,-1.5572877675529517,1,
661.400000000,0.5766842439198449,-2.410666962849553,-1.5569735824468376,1,
661.500000000,0.5769606900032643,-2.4306650521973623,-1.5566593973407232,1,
661.600000000,0.5772198584104686,-2.448996553577441,-1.5563713943267858,1,
661.700000000,0.5775083470548654,-2.468994472826754,-1.5560572092206713,1,
661.800000000,0.5778031187333016,-2.4889923004502132,-1.5557430241145573,1,
661.900000000,0.5781041734166795,-2.508990034473787,-1.555428839008443,1,
662.000000000,0.5784115110752814,-2.528987672923454,-1.5551146539023286,1,
662.100000000,0.5786989966284787,-2.5473187520833895,-1.554826650888391,1,
662.200000000,0.5790183765709312,-2.567316201832104,-1.554826650888391,1,
662.300000000,0.5793111415181794,-2.585647197435092,-1.554826650888391,1,
662.400000000,0.579630521460632,-2.6056446471838064,-1.554826650888391,1,
662.500000000,0.579976516398289,-2.6273085510782472,-1.554826650888391,1,
662.600000000,0.5802958963407415,-2.6473060008269615,-1.554826650888391,1,
662.700000000,0.5806152762831941,-2.667303450575676,-1.554826650888391,1,
662.800000000,0.5809080412304423,-2.685634446178664,-1.554826650888391,1,
662.900000000,0.5812274211728948,-2.7056318959273784,-1.554826650888391,1,
663.000000000,0.5815468011153474,-2.7256293456760927,-1.554826650888391,1,
663.100000000,0.5818661810578,-2.745626795424807,-1.554826650888391,1,
663.200000000,0.5821855610002525,-2.7656242451735213,-1.554826650888391,1,
663.300000000,0.5825049409427051,-2.7856216949222357,-1.554826650888391,1,
663.400000000,0.5828243208851577,-2.80561914467095,-1.554826650888391,1,
663.500000000,0.5831437008276102,-2.8256165944196643,-1.554826650888391,1,
663.600000000,0.5834630807700628,-2.8456140441683786,-1.554826650888391,1,
663.700000000,0.5837824607125154,-2.865611493917093,-1.554826650888391,1,
663.800000000,0.584101840654968,-2.8856089436658072,-1.554826650888391,1,
663.900000000,0.5844212205974205,-2.9056063934145215,-1.554826650888391,1,
664.000000000,0.5847139855446687,-2.9239373890175098,-1.554826650888391,1,
664.100000000,0.5850333654871213,-2.943934838766224,-1.554826650888391,1,
664.200000000,0.5853527454295738,-2.9639322885149384,-1.554826650888391,1,
664.300000000,0.5856721253720264,-2.9839297382636527,-1.554826650888391,1,
664.400000000,0.585991505314479,-3.003927188012367,-1.554826650888391,1,
664.500000000,0.5863108852569315,-3.0239246377610813,-1.554826650888391,1,
664.600000000,0.5866302651993841,-3.0439220875097956,-1.554826650888391,1,
664.700000000,0.5869496451418367,-3.06391953725851,-1.554826650888391,1,
664.800000000,0.5872690250842892,-3.0839169870072243,-1.554826650888391,1,
664.900000000,0.5875884050267418,-3.1039144367559386,-1.554826650888391,1,
665.000000000,0.5879077849691944,-3.123911886504653,-1.554826650888391,1,
665.100000000,0.588227164911647,-3.143909336253367,-1.554826650888391,1,
665.200000000,0.5885199298588951,-3.1622403318563554,-1.554826650888391,1,
665.300000000,0.5888393098013477,-3.1822377816050698,-1.554826650888391,1,
665.400000000,0.5891586897438003,-3.202235231353784,-1.554826650888391,1,
665.500000000,0.5894780696862528,-3.2222326811024984,-1.554826650888391,1,
665.600000000,0.5897974496287054,-3.2422301308512127,-1.554826650888391,1,
665.700000000,0.5900902145759536,-3.260561126454201,-1.554826650888391,1,
665.800000000,0.5904095945184061,-3.2805585762029152,-1.554826650888391,1,
665.900000000,0.5907555894560631,-3.302222480097356,-1.554826650888391,1,
666.000000000,0.5910749693985157,-3.3222199298460704,-1.554826650888391,1,
666.100000000,0.5913943493409682,-3.3422173795947847,-1.554826650888391,1,
666.200000000,0.5917137292834208,-3.362214829343499,-1.554826650888391,1,
666.300000000,0.5920331092258734,-3.3822122790922133,-1.554826650888391,1,
666.400000000,0.5923258741731215,-3.4005432746952016,-1.554826650888391,1,
666.500000000,0.5926452541155741,-3.420540724443916,-1.554826650888391,1,
666.600000000,0.5929646340580267,-3.44053817419263,-1.554826650888391,1,
666.700000000,0.5932840140004793,-3.4605356239413445,-1.554826650888391,1,
666.800000000,0.5936033939429318,-3.480533073690059,-1.554826650888391,1,
666.900000000,0.5939227738853844,-3.500530523438773,-1.554826650888391,1,
667.000000000,0.594242153827837,-3.5205279731874874,-1.554826650888391,1,
667.100000000,0.5945349187750851,-3.5388589687904757,-1.554826650888391,1,
667.200000000,0.5948542987175377,-3.55885641853919,-1.554826650888391,1,
667.300000000,0.5952002936551947,-3.580520322433631,-1.554826650888391,1,
667.400000000,0.5955196735976472,-3.600517772182345,-1.554826650888391,1,
667.500000000,0.5958390535400998,-3.6205152219310595,-1.554826650888391,1,
667.600000000,0.596131818487348,-3.6388462175340477,-1.554826650888391,1,
667.700000000,0.5964511984298005,-3.658843667282762,-1.554826650888391,1,
667.800000000,0.5967705783722531,-3.6788411170314763,-1.554826650888391,1,
667.900000000,0.5970899583147057,-3.6988385667801906,-1.554826650888391,1,
668.000000000,0.5974093382571583,-3.718836016528905,-1.554826650888391,1,
668.100000000,0.5977021032044064,-3.737167012131893,-1.554826650888391,1,
668.200000000,0.598021483146859,-3.7571644618806075,-1.554826650888391,1,
668.300000000,0.5983408630893116,-3.777161911629322,-1.554826650888391,1,
668.400000000,0.5986602430317641,-3.797159361378036,-1.554826650888391,1,
668.500000000,0.5990062379694211,-3.818823265272477,-1.554826650888391,1,
668.600000000,0.5993256179118737,-3.8388207150211913,-1.554826650888391,1,
668.700000000,0.5996449978543262,-3.8588181647699056,-1.554826650888391,1,
668.800000000,0.5999377628015744,-3.877149160372894,-1.554826650888391,1,
668.900000000,0.6002305277488226,-3.895480155975882,-1.554826650888391,1,
669.000000000,0.6005499076912751,-3.9154776057245964,-1.554826650888391,1,
669.100000000,0.6008426726385233,-3.9338086013275846,-1.554826650888391,1,
669.200000000,0.6011620525809759,-3.953806051076299,-1.554826650888391,1,
669.300000000,0.601454817528224,-3.972137046679287,-1.554826650888391,1,
669.400000000,0.6019871174323116,-4.005466129593811,-1.554826650888391,1,
669.500000000,0.6025194173363991,-4.038795212508336,-1.554826650888391,1,
669.600000000,0.6030517172404867,-4.07212429542286,-1.554826650888391,1,
669.700000000,0.603850167096618,-4.122117919794646,-1.554826650888391,1,
669.800000000,0.604622001957545,-4.1704450900207055,-1.554826650888391,1,
669.900000000,0.6053672218232676,-4.217105806101039,-1.554826650888391,1,
670.000000000,0.6060858266937859,-4.262100068035647,-1.554826650888391,1,
670.100000000,0.6067778165690997,-4.305427875824528,-1.554826650888391,1,
670.200000000,0.6074431914492091,-4.3470892294676835,-1.554826650888391,1,
670.300000000,0.6080819513341141,-4.387084128965112,-1.554826650888391,1,
670.400000000,0.6086940962238149,-4.425412574316815,-1.554826650888391,1,
670.500000000,0.6093062411135156,-4.463741019668518,-1.554826650888391,1,
670.600000000,0.609891771008012,-4.500403010874495,-1.554826650888391,1,
670.700000000,0.6104506859073039,-4.5353985479347445,-1.554826650888391,1,
670.800000000,0.6109829858113914,-4.568727630849269,-1.554826650888391,1,
670.900000000,0.611515285715479,-4.602056713763793,-1.554826650888391,1,
671.000000000,0.6120209706243621,-4.633719342532591,-1.554826650888391,1,
671.100000000,0.612500040538041,-4.663715517155662,-1.554826650888391,1,
671.200000000,0.6129791104517198,-4.693711691778733,-1.554826650888391,1,
671.300000000,0.6134315653701943,-4.722041412256079,-1.554826650888391,1,
671.400000000,0.6138574052934643,-4.748704678587698,-1.554826650888391,1,
671.500000000,0.6142832452167344,-4.775367944919317,-1.554826650888391,1,
671.600000000,0.6146824701448,-4.800364757105211,-1.554826650888391,1,
671.700000000,0.6150816950728657,-4.825361569291104,-1.554826650888391,1,
671.800000000,0.615454305005727,-4.848691927331271,-1.554826650888391,1,
671.900000000,0.6158269149385882,-4.872022285371438,-1.554826650888391,1,
672.000000000,0.6161729098762452,-4.893686189265878,-1.554826650888391,1,
672.100000000,0.6165189048139021,-4.915350093160319,-1.554826650888391,1,
672.200000000,0.6168382847563547,-4.935347542909033,-1.554826650888391,1,
672.300000000,0.6171576646988073,-4.955344992657748,-1.554826650888391,1,
672.400000000,0.6174504296460555,-4.973675988260736,-1.554826650888391,1,
672.500000000,0.617769809588508,-4.993673438009451,-1.554826650888391,1,
672.600000000,0.6180891895309606,-5.013670887758166,-1.554826650888391,1,
672.700000000,0.6184085694734132,-5.033668337506881,-1.554826650888391,1,
672.800000000,0.6187279494158657,-5.0536657872555955,-1.554826650888391,1,
672.900000000,0.6190207143631139,-5.071996782858584,-1.554826650888391,1,
673.000000000,0.6193400943055665,-5.091994232607298,-1.554826650888391,1,
673.100000000,0.619659474248019,-5.111991682356013,-1.554826650888391,1,
673.200000000,0.6199788541904716,-5.131989132104728,-1.554826650888391,1,
673.300000000,0.6203248491281286,-5.153653035999168,-1.554826650888391,1,
673.400000000,0.6206442290705811,-5.173650485747883,-1.554826650888391,1,
673.500000000,0.6209636090130337,-5.193647935496598,-1.554826650888391,1,
673.600000000,0.6221612837972308,-5.268638372054277,-1.5548266508883914,1,
673.700000000,0.6233589585814278,-5.343628808611957,-1.5548266508883914,1,
673.800000000,0.6245566333656247,-5.418619245169636,-1.5548266508883917,1,
673.900000000,0.6257543081498217,-5.493609681727316,-1.5548266508883921,1,
674.000000000,0.6269519829340187,-5.568600118284995,-1.5548266508883921,1,
674.100000000,0.6281496577182156,-5.643590554842675,-1.5548266508883923,1,
674.200000000,0.6293473325024126,-5.718580991400354,-1.5548266508883926,1,
674.300000000,0.6305450072866094,-5.7935714279580335,-1.554826650888393,1,
674.400000000,0.6317426820708063,-5.868561864515713,-1.554826650888393,1,
674.500000000,0.6329403568550032,-5.943552301073392,-1.554826650888393,1,
674.600000000,0.6341380316392,-6.018542737631072,-1.554826650888393,1,
674.700000000,0.6353357064233969,-6.093533174188751,-1.554826650888393,1,
674.800000000,0.6365333812075937,-6.168523610746431,-1.554826650888393,1,
674.900000000,0.6377310559917906,-6.24351404730411,-1.554826650888393,1,
675.000000000,0.6389287307759874,-6.31850448386179,-1.554826650888393,1,
675.100000000,0.6401264055601843,-6.393494920419469,-1.554826650888393,1,
675.200000000,0.6413240803443812,-6.4684853569771485,-1.5548266508883937,1,
675.300000000,0.642521755128578,-6.543475793534828,-1.5548266508883937,1,
675.400000000,0.6437194299127749,-6.6184662300925075,-1.554826650888394,1,
675.500000000,0.6449171046969717,-6.693456666650187,-1.5548266508883941,1,
675.600000000,0.6461147794811685,-6.768447103207866,-1.5548266508883946,1,
675.700000000,0.6473124542653652,-6.843437539765546,-1.5548266508883946,1,
675.800000000,0.648510129049562,-6.918427976323225,-1.5752567332990395,1,
675.900000000,0.6481755996710101,-6.993427230253481,-1.5956868157096844,1,
676.000000000,0.6463090057534908,-7.0684039988364695,-1.6161168981203298,1,
676.100000000,0.6429111263643066,-7.143326988737144,-1.636546980530975,1,
676.200000000,0.6379833796891194,-7.2181649290662655,-1.6569770629416198,1,
676.300000000,0.631527822440037,-7.292886584432055,-1.6774071453522652,1,
676.400000000,0.6235471489971952,-7.367460767977024,-1.6978372277629104,1,
676.500000000,0.6140446902841944,-7.441856354394551,-1.7171971883373969,1,
676.600000000,0.6031038066654536,-7.5160540434801355,-1.7365571489118838,1,
676.700000000,0.5907285987444031,-7.5900260262094825,-1.75591710948637,1,
676.800000000,0.5769237047040104,-7.663744578152216,-1.7752770700608569,1,
676.900000000,0.5616942985684066,-7.7371820698629,-1.7946370306353432,1,
677.000000000,0.5450460882636801,-7.810310977236452,-1.8139969912098302,1,
677.100000000,0.5269853134785675,-7.883103891824078,-1.833356951784317,1,
677.200000000,0.5075187433258406,-7.955533531105859,-1.8516259868894847,1,
677.300000000,0.4867322756229097,-8.027595468079792,-1.8698950219946526,1,
677.400000000,0.4646328478193003,-8.099265652192525,-1.8881640570998204,1,
677.500000000,0.4412278355628193,-8.170520163637583,-1.9064330922049895,1,
677.600000000,0.41652505023794484,-8.241335221338563,-1.9247021273101583,1,
677.700000000,0.39053273635878955,-8.311687190886028,-1.9429711624153252,1,
677.800000000,0.3632595688175073,-8.381552592425454,-1.9612401975204934,1,
677.900000000,0.3347146499890625,-8.45090810849359,-1.979509232625663,1,
678.000000000,0.30490750669332684,-8.519730591800627,-1.9977782677308298,1,
678.100000000,0.2738480870155194,-8.587997072955568,-2.01145114131685,1,
678.200000000,0.24185820064797672,-8.655832514799723,-2.0239100794022815,1,
678.300000000,0.20902566136043058,-8.723264142126459,-2.036369017487713,1,
678.400000000,0.1753555655224056,-8.790281487987498,-2.048827955573145,1,
678.500000000,0.1408531395115761,-8.856874149740632,-2.061286893658577,1,
678.600000000,0.10552373890251118,-8.923031790664446,-2.073745831744008,1,
678.700000000,0.06937284763536586,-8.98874414156282,-2.0862047698294397,1,
678.800000000,0.0324060771646466,-9.054001002358948,-2.0986637079148713,1,
678.900000000,-0.00537083441181619,-9.118792243678621,-2.111122646000303,1,
679.000000000,-0.04395202324355366,-9.183107808422545,-2.1235815840857346,1,
679.100000000,-0.08333150063766376,-9.24693771332743,-2.1360405221711662,1,
679.200000000,-0.12350315398839486,-9.31027205051563,-2.1531966610344013,1,
679.300000000,-0.164755414942497,-9.372907910581368,-2.1703527998976364,1,
679.400000000,-0.2070761418919038,-9.43482685816992,-2.1875089387608715,1,
679.500000000,-0.25045287875135286,-9.496010668932458,-2.2046650776241066,1,
679.600000000,-0.2948728586245343,-9.556441334889952,-2.221821216487342,1,
679.700000000,-0.3403230075617186,-9.616101069733377,-2.2389773553505767,1,
679.800000000,-0.3867899484077586,-9.674972314058689,-2.256133494213812,1,
679.900000000,-0.4342600047393322,-9.73303774053501,-2.273289633077047,1,
680.000000000,-0.4827192048902679,-9.790280259004515,-2.290445771940282,1,
680.100000000,-0.5321532860637675,-9.846683021512497,-2.307601910803517,1,
680.200000000,-0.5825476985303171,-9.902229427266168,-2.324758049666752,1,
680.300000000,-0.6338876099100478,-9.95690312752069,-2.3419141885299872,1,
680.400000000,-0.68615790953829,-10.010688030391046,-2.3590703273932223,1,
680.500000000,-0.739343212913033,-10.063568305588293,-2.3762264662564574,1,
680.600000000,-0.7934278662229814,-10.11552838907882,-2.3933826051196925,1,
680.700000000,-0.848395950954878,-10.166552987665257,-2.4105387439829276,1,
680.800000000,-0.8958027226504339,-10.209068199886332,-2.4468602917969835,1,
680.900000000,-0.9324025472593084,-10.239567686939012,-2.4992182318931873,1,
681.000000000,-0.9573088194744093,-10.258203581889488,-2.56811165740711,1,
681.100000000,-0.9744704447148279,-10.269288115770653,-2.6476815748753317,1,
681.200000000,-0.9865092112258225,-10.275770058129439,-2.734008701152194,1,
681.300000000,-0.9990620195988184,-10.281189880801788,-2.820335827429056,1,
681.400000000,-1.0120353797089086,-10.28550721832656,-2.906662953705918,1,
681.500000000,-1.0253326692687836,-10.288689916271654,-2.99299007998278,1,
681.600000000,-1.0388548534469593,-10.290714270712055,-3.0793172062596423,1,
681.700000000,-1.0525012224540184,-10.291565204770633,3.1175409746430818,1,
681.800000000,-1.0661701416035163,-10.291236380906888,3.0312138483662197,1,
681.900000000,-1.0797598082612805,-10.289730248117348,2.9448867220893575,1,
682.000000000,-1.0931690100455453,-10.287058023696057,2.8585595958124954,1,
682.100000000,-1.1062978786310353,-10.283239609691027,2.7722324695356333,1,
682.200000000,-1.12333482312592,-10.276644143782402,2.69050150476669,1,
682.300000000,-1.139776442465579,-10.268679798124198,2.6087705399977468,1,
682.400000000,-1.1555129685691996,-10.259399744543337,2.5270395752288035,1,
682.500000000,-1.170439340722665,-10.248865938839327,2.4453086104598603,1,
682.600000000,-1.1844559069883562,-10.237148707152913,2.363577645690917,1,
682.700000000,-1.197469089504702,-10.224326276452384,2.2818466809219737,1,
682.800000000,-1.2093920092337815,-10.210484252272101,2.2001157161530305,1,
682.900000000,-1.2201450659860202,-10.195715047190015,2.118384751384087,1,
683.000000000,-1.2296564698495984,-10.180117263859763,2.036653786615144,1,
683.100000000,-1.230351198805218,-10.17873544842028,1.9382004159277373,1,
683.200000000,-1.2309067387398458,-10.177292036624705,1.839747045240331,1,
683.300000000,-1.2313177091163845,-10.175801008261399,1.741293674552924,1,
683.400000000,-1.2315801295884738,-10.17427680429657,1.6428403038655173,1,
683.500000000,-1.2334160403116372,-10.148837713234089,1.568345556702307,1,
683.600000000,-1.2333488301304443,-10.12141366116364,1.4957696911311495,1,
683.700000000,-1.2300147791765523,-10.077058842517625,1.4402496397921363,1,
683.800000000,-1.226326453588631,-10.048966601024015,1.4216381185177023,1,
683.900000000,-1.2226113100807354,-10.024244187939614,1.4147988924488457,1,
684.000000000,-1.218986115104807,-10.001194189982327,1.415899264514728,1,
684.100000000,-1.2151291552343255,-9.976493504555451,1.4253459772973287,1,
684.200000000,-1.2117472676686156,-9.953406554108557,1.4440395022474655,1,
684.300000000,-1.2087975223314704,-9.930260421669413,1.4795611073208412,1,
684.400000000,-1.206840461560386,-9.908869256467517,1.5580806037057828,1,
684.500000000,-1.2067306464127263,-9.900233551822957,1.6494442008623122,1,
684.600000000,-1.2074091811194383,-9.891623845397852,1.7408077980188414,1,
684.700000000,-1.2088704056818818,-9.883111955075908,1.8321713951753718,1,
684.800000000,-1.2111021312923886,-9.874768882807606,1.9235349923319016,1,
684.900000000,-1.2140857420072269,-9.86666422234729,2.014898589488431,1,
685.000000000,-1.2177963500315325,-9.85886557873672,2.1062621866449596,1,
685.100000000,-1.2222030033209026,-9.851438004377483,2.197625783801489,1,
685.200000000,-1.2272689437679352,-9.844443456396245,2.2889893809580184,1,
685.300000000,-1.2338113234309032,-9.836956834132481,2.3790469343489233,1,
685.400000000,-1.2410005063662803,-9.830088945570747,2.4691044877398283,1,
685.500000000,-1.2487782250881891,-9.823895454143646,2.559162041130733,1,
685.600000000,-1.2570814420971161,-9.81842655737397,2.649219594521638,1,
685.700000000,-1.2844929770979827,-9.803721907593912,2.718113020035561,1,
685.800000000,-1.3279265546040513,-9.784144108511757,2.7704709601317643,1,
685.900000000,-1.3781898007243567,-9.764583957065543,2.816535874749898,1,
686.000000000,-1.428552429978233,-9.74761119789977,2.863390141345769,1,
686.100000000,-1.4811746263727406,-9.732581813879007,2.9086637497469643,1,
686.200000000,-1.535970240673489,-9.719582378137643,2.9523472807863644,1,
686.300000000,-1.5920665715188236,-9.708837832080832,2.9952312269636767,1,
686.400000000,-1.64778092017199,-9.700624670062242,3.038914758003077,1,
686.500000000,-1.7070053587703125,-9.694522168534904,3.0793767478568044,1,
686.600000000,-1.7664281756532156,-9.690820346567468,3.119838737710532,1,
686.700000000,-1.8243336936072525,-9.689560476057308,-3.1212657915220796,1,
686.800000000,-1.88799899087264,-9.690854770037598,-3.0849442437080237,1,
686.900000000,-1.9541387110507522,-9.694605492950517,-3.051190228549435,1,
687.000000000,-2.0039345352448885,-9.69911945986598,-3.0011902285943073,1,
687.100000000,-2.037356402904969,-9.703843050463865,-2.9349442438521156,1,
687.200000000,-2.050738373830203,-9.70664846130812,-2.848617117575254,1,
687.300000000,-2.056405225510345,-9.708357902162057,-2.7545361881102135,1,
687.400000000,-2.0618864277658218,-9.710592139802143,-2.660455258645173,1,
687.500000000,-2.0671335010369813,-9.71333141307893,-2.5663743291801326,1,
687.600000000,-2.0721000365635196,-9.716551493957022,-2.472293399715092,1,
687.700000000,-2.07674210685579,-9.720223901804667,-2.378212470250052,1,
687.800000000,-2.0820134654998452,-9.725268096099532,-2.2855084361243274,1,
687.900000000,-2.084010387308619,-9.7275693457147,-2.1885553109989604,1,
688.000000000,-2.0866188590259642,-9.731240502794865,-2.0930588117492035,1,
688.100000000,-2.088865395663508,-9.735143654360408,-1.9975623124994457,1,
688.200000000,-2.090729525312619,-9.739243232345853,-1.9020658132496884,1,
688.300000000,-2.092194260806822,-9.743501878719933,-1.806569313999931,1,
688.400000000,-2.0935769240582967,-9.749257192641071,-1.712488384534891,1,
688.500000000,-2.094412805827729,-9.755116944996363,-1.6184074550698504,1,
688.600000000,-2.0947600437725304,-9.762404643113621,-1.5257034209441263,1,
688.700000000,-2.094493226126802,-9.768317696837524,-1.4316224914790858,1,
688.800000000,-2.094493226126802,-9.768317696837524,-1.3316224914790857,1,
688.900000000,-2.094493226126802,-9.768317696837524,-1.2316224914790852,1,
689.000000000,-2.094493226126802,-9.768317696837524,-1.1316224914790851,1,
689.100000000,-2.094493226126802,-9.768317696837524,-1.031622491479085,1,
689.200000000,-2.093699144557567,-9.769644910720805,-0.9331691207916788,1,
689.300000000,-2.092778450737241,-9.770887643644562,-0.8347157501042721,1,
689.400000000,-2.0917400618056137,-9.772033859443287,-0.7362623794168658,1,
689.500000000,-2.090594034807768,-9.77307245674291,-0.6378090087294593,1,
689.600000000,-2.0893514692891952,-9.773993376480252,-0.5393556380420529,1,
689.700000000,-2.0880243997940413,-9.774787699327465,-0.4409022673546463,1,
689.800000000,-2.0866256793076707,-9.77544773207785,-0.3424488966672398,1,
689.900000000,-2.08516885477243,-9.775967082156406,-0.24399552597983343,1,
690.000000000,-2.083668035882272,-9.776340719533442,-0.14554215529242698,1,
690.100000000,-2.0821377584269958,-9.776565025441625,-0.04708878460502053,1,
690.200000000,-2.0571654702263014,-9.77774181005295,0.025930239789589037,1,
690.300000000,-2.028841661704848,-9.777007202254309,0.06366669666559961,1,
690.400000000,-1.9939125730916483,-9.774780372972295,0.08826510862240995,1,
690.500000000,-1.9490877507287048,-9.7708135984475,0.1021089162403066,1,
690.600000000,-1.8744783947936858,-9.763168730432836,0.10056228710173656,1,
690.700000000,-1.7998573043228219,-9.755639264519562,0.08934626266571648,1,
690.800000000,-1.725156458536604,-9.748947206628026,0.0863083902849993,1,
690.900000000,-1.6504356278582262,-9.742482110903042,0.08935526499074688,1,
691.000000000,-1.5757348423191153,-9.735789380530482,0.08511097273663051,1,
691.100000000,-1.5010063237912,-9.729413761452856,0.09505341919837858,1,
691.200000000,-1.4263448869806274,-9.722295485441006,0.09810029390412617,1,
691.300000000,-1.3517054851890473,-9.714949758778852,0.09964692304269612,1,
691.400000000,-1.2770775337788465,-9.70748860147474,0.1026937977484437,1,
691.500000000,-1.2024726619469281,-9.699800097137546,0.1042404268870137,1,
691.600000000,-1.1278797706048194,-9.691996215973385,0.10119355218126587,1,
691.700000000,-1.053263448090626,-9.684419645874858,0.10119355218126574,1,
691.800000000,-0.9786471255764326,-9.67684307577633,0.10274018131983575,1,
691.900000000,-0.9040426104450578,-9.66915111100701,0.10724368190602723,1,
692.000000000,-0.8294734925095484,-9.66112324389799,0.10569705276745699,1,
692.100000000,-0.754892047632745,-9.653210717115202,0.1102005533536485,1,
692.200000000,-0.6803469930156566,-9.644962394125933,0.11749651907271458,1,
692.300000000,-0.6058641013958509,-9.63617041733159,0.1247924847917807,1,
692.400000000,-0.5314473375631672,-9.62683525473683,0.1320884505108468,1,
692.500000000,-0.4571006627874048,-9.616957403260573,0.13938441622991288,1,
692.600000000,-0.38282803460746057,-9.606537388709539,0.14668038194897898,1,
692.700000000,-0.3086334066206661,-9.59557576575027,0.1539763476680451,1,1
692.800000000,-0.3086334066206661,-9.59557576575027,0.1539763476680451,1,1
692.900000000,-0.3086334066206661,-9.59557576575027,0.1539763476680451,1,1
693.000000000,-0.3086334066206661,-9.59557576575027,0.1539763476680451,1,1
693.100000000,-0.3086334066206661,-9.59557576575027,0.1539763476680451,1,1
693.200000000,-0.3086334066206661,-9.59557576575027,0.1539763476680451,1,1
693.300000000,-0.3086334066206661,-9.59557576575027,0.1539763476680451,1,1
693.400000000,-0.3086334066206661,-9.59557576575027,0.1539763476680451,1,1
693.500000000,-0.3086334066206661,-9.59557576575027,0.1539763476680451,1,1
693.600000000,-0.3086334066206661,-9.59557576575027,0.1539763476680451,1,1
693.700000000,-0.3086334066206661,-9.59557576575027,0.1539763476680451,1,1
693.800000000,-0.3086334066206661,-9.59557576575027,0.1539763476680451,1,1
693.900000000,-0.3086334066206661,-9.59557576575027,0.1539763476680451,1,1
694.000000000,-0.3086334066206661,-9.59557576575027,0.1539763476680451,1,1
694.100000000,-0.3086334066206661,-9.59557576575027,0.1539763476680451,1,1
694.200000000,-0.3086334066206661,-9.59557576575027,0.1539763476680451,1,1
694.300000000,-0.3086334066206661,-9.59557576575027,0.1539763476680451,1,1
694.400000000,-0.3086334066206661,-9.59557576575027,0.1539763476680451,1,1
694.500000000,-0.3086334066206661,-9.59557576575027,0.1539763476680451,1,1
694.600000000,-0.3086334066206661,-9.59557576575027,0.1539763476680451,1,1
694.700000000,-0.3086334066206661,-9.59557576575027,0.1539763476680451,1,1
694.800000000,-0.3086334066206661,-9.59557576575027,0.1539763476680451,1,1
694.900000000,-0.3086334066206661,-9.59557576575027,0.1539763476680451,1,1
695.000000000,-0.3086334066206661,-9.59557576575027,0.1539763476680451,1,1
695.100000000,-0.3086334066206661,-9.59557576575027,0.1539763476680451,1,1
695.200000000,-0.3086334066206661,-9.59557576575027,0.1539763476680451,1,1
695.300000000,-0.3086334066206661,-9.59557576575027,0.1539763476680451,1,1
695.400000000,-0.3086334066206661,-9.59557576575027,0.1539763476680451,1,1
695.500000000,-0.3086334066206661,-9.59557576575027,0.1539763476680451,1,1
695.600000000,-0.3086334066206661,-9.59557576575027,0.1539763476680451,1,1
695.700000000,-0.3086334066206661,-9.59557576575027,0.1539763476680451,1,1
695.800000000,-0.3086334066206661,-9.59557576575027,0.1539763476680451,1,1
695.900000000,-0.3086334066206661,-9.59557576575027,0.1539763476680451,1,1
696.000000000,-0.3086334066206661,-9.59557576575027,0.1539763476680451,1,1
696.100000000,-0.3086334066206661,-9.59557576575027,0.1539763476680451,1,1
696.200000000,-0.3086334066206661,-9.59557576575027,0.1539763476680451,1,1
696.300000000,-0.3086334066206661,-9.59557576575027,0.1539763476680451,1,1
696.400000000,-0.3086334066206661,-9.59557576575027,0.1539763476680451,1,1
696.500000000,-0.3086334066206661,-9.59557576575027,0.1539763476680451,1,1
696.600000000,-0.3086334066206661,-9.59557576575027,0.1539763476680451,1,1
696.700000000,-0.3086334066206661,-9.59557576575027,0.1539763476680451,1,1
696.800000000,-0.3086334066206661,-9.59557576575027,0.1539763476680451,1,1
696.900000000,-0.3086334066206661,-9.59557576575027,0.1539763476680451,1,1
697.000000000,-0.3086334066206661,-9.59557576575027,0.1539763476680451,1,1
697.100000000,-0.3086334066206661,-9.59557576575027,0.1539763476680451,1,1
697.200000000,-0.3086334066206661,-9.59557576575027,0.1539763476680451,1,1
697.300000000,-0.3086334066206661,-9.59557576575027,0.1539763476680451,1,1
697.400000000,-0.3086334066206661,-9.59557576575027,0.1539763476680451,1,1
697.500000000,-0.3086334066206661,-9.59557576575027,0.1539763476680451,1,1
697.600000000,-0.3086334066206661,-9.59557576575027,0.1539763476680451,1,1
697.700000000,-0.3086334066206661,-9.59557576575027,0.1539763476680451,1,1
697.800000000,-0.3086334066206661,-9.59557576575027,0.1539763476680451,1,1
697.900000000,-0.3086334066206661,-9.59557576575027,0.1539763476680451,1,1
698.000000000,-0.3086334066206661,-9.59557576575027,0.1539763476680451,1,1
698.100000000,-0.3086334066206661,-9.59557576575027,0.1539763476680451,1,1
698.200000000,-0.3086334066206661,-9.59557576575027,0.1539763476680451,1,1
698.300000000,-0.3086334066206661,-9.59557576575027,0.1539763476680451,1,1
698.400000000,-0.3086334066206661,-9.59557576575027,0.1539763476680451,1,1
698.500000000,-0.3086334066206661,-9.59557576575027,0.1539763476680451,1,1
698.600000000,-0.3086334066206661,-9.59557576575027,0.1539763476680451,1,1
698.700000000,-0.234520728272334,-9.5840731178796,0.17850007517071476,1,1
698.800000000,-0.1775217779690973,-9.573789346802956,0.22058085311768938,1,1
698.900000000,-0.1256637377651541,-9.562161249569577,0.2674351197135609,1,1
699.000000000,-0.07440723634925085,-9.548117032195005,0.31428938630943226,1,1
699.100000000,-0.023114091081538557,-9.531443499764997,0.36035430092756604,1,1
699.200000000,0.027356849147412737,-9.512425675821264,0.4064192155456997,1,1
699.300000000,0.07689850513260295,-9.491103908601021,0.4524841301638336,1,1
699.400000000,0.12540576923955535,-9.467523434390191,0.49854904478196727,1,1
699.500000000,0.17277572840079505,-9.44173428155006,0.5446139594001009,1,1
699.600000000,0.21958470831182914,-9.41338119817075,0.5898875678012963,1,1
699.700000000,0.26506251631833566,-9.382938679938038,0.6351611762024916,1,1
699.800000000,0.3091159524955839,-9.350469114212533,0.680434784603687,1,1
699.900000000,0.35227164715057263,-9.315539726447804,0.7249147331738351,1,1
700.000000000,0.39383151269777944,-9.27872595611018,0.7693946817439837,1,1
700.100000000,0.4337133379192171,-9.240100625978515,0.813874630314132,1,1
700.200000000,0.4768632456121831,-9.19442046788457,0.8510368122632208,1,1
700.300000000,0.5188403267451374,-9.146536546445793,0.8873583600772766,1,1
700.400000000,0.5590508859331228,-9.097159869739203,0.9236799078913325,1,1
700.500000000,0.5974418810332148,-9.046355571023225,0.9600014557053885,1,1
700.600000000,0.6339626701073195,-8.994190666746476,0.9963230035194441,1,1
700.700000000,0.668565078224451,-8.940733968145711,1.0326445513335003,1,1
700.800000000,0.7012034610087549,-8.886055990476244,1.0689660991475558,1,1
700.900000000,0.7318347648494524,-8.830228859994582,1.1052876469616122,1,1
701.000000000,0.7604185836932806,-8.77332621881598,1.141609194775668,1,1
701.100000000,0.7869172123445133,-8.715423127772395,1.1779307425897239,1,1
701.200000000,0.8147019575634377,-8.648376396217422,1.2053548769105247,1,1
701.300000000,0.8409781198901213,-8.579703537241905,1.2318266628257968,1,1
701.400000000,0.8654273952604524,-8.51035924259299,1.2582984487410684,1,1
701.500000000,0.8880326517119561,-8.440392102825443,1.2847702346563403,1,1
701.600000000,0.9087780494130052,-8.369851144930651,1.3112420205716118,1,1
701.700000000,0.9276490517620212,-8.298785797982697,1.3377138064868834,1,1
701.800000000,0.9446324355734816,-8.227245858502696,1.364185592402155,1,1
701.900000000,0.9597163003435984,-8.155281455565644,1.3906573783174268,1,1
702.000000000,0.9728900765891741,-8.082943015674248,1.4171291642326982,1,1
702.100000000,0.9841445332537917,-8.010281227424343,1.44360095014797,1,1
702.200000000,0.9936584841620895,-7.935887109793213,1.4661132175172957,1,1
702.300000000,1.0014953855199775,-7.861297680400659,1.4875937210134103,1,1
702.400000000,1.0077283836392332,-7.786557130934888,1.5090742245095252,1,1
702.500000000,1.0123546026501213,-7.711699946258578,1.5305547280056402,1,1
702.600000000,1.0153719080416108,-7.636760665049224,1.5520352315017554,1,1
702.700000000,1.0167789076462257,-7.561773863863198,1.5735157349978701,1,1
702.800000000,1.016574952282384,-7.486774141182314,1.594996238493985,1,1
702.900000000,1.0147601360539258,-7.411796101450291,1.6164767419901,1,1
703.000000000,1.0113352963066944,-7.3368743391064575,1.6379572454862148,1,1
703.100000000,1.0063020132421898,-7.26204342262408,1.6594377489823304,1,1
703.200000000,0.9996626091884728,-7.187337878560661,1.6653568193577906,1,1
703.300000000,0.992581136650767,-7.112672942032879,1.669860319943982,1,1
703.400000000,0.9851634834756446,-7.03804065397085,1.6743638205301736,1,1
703.500000000,0.9774098001041144,-6.963442528028076,1.6788673211163652,1,1
703.600000000,0.9693202437923758,-6.888880077165197,1.6833708217025567,1,1
703.700000000,0.9608949786086296,-6.814354813619313,1.6878743222887478,1,1
703.800000000,0.9521341754297505,-6.739868248873307,1.6923778228749402,1,1
703.900000000,0.9430380119378217,-6.665421893625195,1.6968813234611313,1,1
704.000000000,0.9336066726165304,-6.591017257757485,1.7013848240473224,1,1
704.100000000,0.9238403487474273,-6.516655850306551,1.7058883246335146,1,1
704.200000000,0.9137392384060462,-6.442339179432034,1.7103918252197057,1,1
704.300000000,0.9033035464578875,-6.36806875238625,1.7148953258058988,1,1
704.400000000,0.8925334845542624,-6.293846075483621,1.7193988263920887,1,1
704.500000000,0.8814292711280013,-6.219672654070125,1.7239023269782805,1,1
704.600000000,0.8699911313890226,-6.145549992492767,1.7284058275644725,1,1
704.700000000,0.858219297319766,-6.071479594069065,1.7329093281506636,1,1
704.800000000,0.846114007670487,-5.9974629610565655,1.7374128287368555,1,1
704.900000000,0.8336755079544147,-5.923501594622371,1.7419163293230475,1,1
705.000000000,0.820904050442773,-5.849596994812695,1.7388694546172998,1,1
705.100000000,0.8083578299200441,-5.775653825076775,1.7343659540311074,1,1
705.200000000,0.7961447386079129,-5.701654903458946,1.7219070159456762,1,1
705.300000000,0.7848545193043405,-5.627509566801289,1.709448077860244,1,1
705.400000000,0.7744889245125091,-5.553229324175059,1.6969891397748122,1,1
705.500000000,0.76504956321249,-5.478825705592038,1.6845302016893806,1,1
705.600000000,0.7565379006114924,-5.4043102602148085,1.672071263603949,1,1
705.700000000,0.7489552579164295,-5.329694554564061,1.6596123255185173,1,1
705.800000000,0.7423028121288365,-5.254990170723198,1.6471533874330857,1,1
705.900000000,0.7365815958621731,-5.180208704540526,1.634694449347654,1,1
706.000000000,0.7317924971815372,-5.105361763829317,1.6222355112622222,1,1
706.100000000,0.7279362594658175,-5.030460966566005,1.6097765731767908,1,1
706.200000000,0.7250134812923036,-4.9555179390868025,1.5985605487407706,1,1
706.300000000,0.7229314321623843,-4.880546844180695,1.5873445243047508,1,1
706.400000000,0.7216903739934374,-4.805557113052885,1.576128499868731,1,1
706.500000000,0.7212904629079561,-4.730558179252972,1.564912475432711,1,1
706.600000000,0.7217317492139093,-4.655559477488233,1.5536964509966904,1,1
706.700000000,0.7230141773984129,-4.580570442436756,1.542480426560671,1,1
706.800000000,0.7251375861347131,-4.505600507560577,1.5312644021246504,1,1
706.900000000,0.7281017083024812,-4.430659103918968,1.5200483776886307,1,1
707.000000000,0.7319061710214165,-4.3557556589820345,1.5088323532526111,1,1
707.100000000,0.736550495698154,-4.280899595444756,1.497616328816591,1,1
707.200000000,0.7420340980864704,-4.206100330041633,1.4960696996780207,1,1
707.300000000,0.7476333805935249,-4.131309635196578,1.4960696996780205,1,1
707.400000000,0.7532326631005795,-4.0565189403515225,1.4960696996780205,1,1
707.500000000,0.758831945607634,-3.981728245506467,1.4960696996780205,1,1
707.600000000,0.7644312281146886,-3.9069375506614117,1.4960696996780198,1,1
707.700000000,0.7700305106217431,-3.8321468558163563,1.4960696996780196,1,1
707.800000000,0.7756297931287978,-3.757356160971301,1.4960696996780196,1,1
707.900000000,0.7812290756358524,-3.6825654661262455,1.4960696996780192,1,1
708.000000000,0.7868283581429071,-3.60777477128119,1.496069699678019,1,1
708.100000000,0.7924276406499617,-3.5329840764361347,1.4960696996780183,1,1
708.200000000,0.7980269231570164,-3.4581933815910793,1.504706102370325,1,1
708.300000000,0.8029800823185332,-3.3833571188949727,1.5133425050626315,1,1
708.400000000,0.80728674869329,-3.3084808701592316,1.521978907754937,1,1
708.500000000,0.810946601060014,-3.233570220177712,1.530615310447244,1,1
708.600000000,0.8139593664413414,-3.1586307563101537,1.53925171313955,1,1
708.700000000,0.8163248201241771,-3.0836680680654385,1.5478881158318563,1,1
708.800000000,0.818042785676456,-3.0086877466846844,1.5565245185241625,1,1
708.900000000,0.8191131349603025,-2.9336953847242118,1.5651609212164683,1,1
709.000000000,0.8195357881415873,-2.8586965756384113,1.573797323908775,1,1
709.100000000,0.8193107136958829,-2.7836969133625455,1.5824337266010813,1,1
709.200000000,0.8184379284108142,-2.708701991895514,1.5910701292933875,1,1
709.300000000,0.8169174973848066,-2.6337174048826144,1.5997065319856938,1,1
709.400000000,0.8147495340222306,-2.5587487451983266,1.608342934678,1,1
709.500000000,0.8119342000249432,-2.4838016045291607,1.6169793373703065,1,1
709.600000000,0.8084717053802272,-2.408881572956588,1.6256157400626126,1,1
709.700000000,0.8043623083451283,-2.333994238540093,1.6342521427549184,1,1
709.800000000,0.7996063154271936,-2.2591451869003794,1.642888545447225,1,1
709.900000000,0.794204081361609,-2.1843400008027523,1.6488076158226856,1,1
710.000000000,0.7883591673549608,-2.10956810113279,1.654726686198146,1,1
710.100000000,0.7820717781855169,-2.034832107545818,1.660645756573607,1,1
710.200000000,0.7753421341337915,-1.9601346384391802,1.656142255987415,1,1
710.300000000,0.7689489572844402,-1.8854076199667902,1.6502231856119545,1,1
710.400000000,0.7629982043270112,-1.8106440690931214,1.6443041152364941,1,1
710.500000000,0.7574900837478707,-1.7358466051809962,1.6383850448610333,1,1
710.600000000,0.7524247885256308,-1.6610178487813902,1.6324659744855723,1,1
710.700000000,0.7478024961243875,-1.5861604215416205,1.6265469041101126,1,1
710.800000000,0.7436233684875042,-1.5112769461134952,1.6206278337346518,1,1
710.900000000,0.7398875520319371,-1.4363700460614284,1.614708763359191,1,1
711.000000000,0.7365951776431059,-1.3614423457705227,1.6087896929837304,1,1
711.100000000,0.7337463606703081,-1.2864964703546233,1.6028706226082698,1,1
711.200000000,0.7313412009226777,-1.211535045564346,1.5969515522328093,1,1
711.300000000,0.7293797826656884,-1.136560697695084,1.591032481857349,1,1
711.400000000,0.727862174618201,-1.0615760534949932,1.5851134114818883,1,1
711.500000000,0.7267884299500565,-0.9865837400729655,1.579194341106428,1,1
711.600000000,0.7261585862802127,-0.9115863848065858,1.573275270730967,1,1
711.700000000,0.7259726656754263,-0.8365866152500817,1.5673562003555062,1,1
711.800000000,0.72623067464948,-0.761587059042266,1.5614371299800458,1,1
711.900000000,0.726932604162954,-0.6865903438144767,1.5614371299800456,1,1
712.000000000,0.727634533676428,-0.6115936285866874,1.561437129980045,1,1
712.100000000,0.7283364631899021,-0.5365969133588981,1.5614371299800456,1,1
712.200000000,0.7290383927033761,-0.46160019813110886,1.563874629758264,1,1
712.300000000,0.7295575158359118,-0.3866019947448059,1.5663121295364824,1,1
712.400000000,0.7298938295031896,-0.3116027487944818,1.568749629314701,1,1
712.500000000,0.7300473317070348,-0.23660290588082353,1.5711871290929196,1,1
712.600000000,0.7300180215354292,-0.16160291160806478,1.5736246288711389,1,1
712.700000000,0.7298058991625161,-0.0866032115813386,1.576062128649357,1,1
712.800000000,0.7294109658486001,-0.011604251404029736,1.5784996284275752,1,1
712.900000000,0.7288332239401386,0.06339352332487277,1.580937128205794,1,1
713.000000000,0.7280726768697289,0.13838966701342315,1.5833746279840129,1,1
713.100000000,0.7271293291560869,0.21338373407936623,1.5858121277622317,1,1
713.200000000,0.7260031864040208,0.2883752789527849,1.5882496275404498,1,1
713.300000000,0.7246942553043978,0.36336385607874755,1.5906871273186685,1,1
713.400000000,0.7232025436341039,0.4383490199199549,1.593124627096887,1,1
713.500000000,0.7215280602559981,0.5133303249593876,1.5955621268751057,1,1
713.600000000,0.7196708151188599,0.5883073257029527,1.5979996266533243,1,
713.700000000,0.7176308192573295,0.6632795766821313,1.600437126431543,1,
713.800000000,0.7154517033155722,0.7367754930326472,1.6269089123468146,1,
713.900000000,0.7122932986792718,0.7930033256099714,1.6705924433862152,1,
714.000000000,0.7082620483776113,0.8332639968842475,1.7301304534394768,1,
714.100000000,0.704690233940918,0.8554911048607649,1.8076181859532827,1,
714.200000000,0.7039753932743551,0.8584529369497087,1.9045713110786504,1,
714.300000000,0.7039753932743551,0.8584529369497087,2.00457131107865,1,
714.400000000,0.7039753932743551,0.8584529369497087,2.10457131107865,1,
714.500000000,0.7039753932743551,0.8584529369497087,2.20457131107865,1,
714.600000000,0.7039753932743551,0.8584529369497087,2.30457131107865,1,
714.700000000,0.7039753932743551,0.8584529369497087,2.40457131107865,1,
714.800000000,0.7039753932743551,0.8584529369497087,2.5045713110786503,1,
714.900000000,0.7039753932743551,0.8584529369497087,2.6045713110786504,1,
715.000000000,0.7039753932743551,0.8584529369497087,2.7045713110786505,1,
715.100000000,0.7039753932743551,0.8584529369497087,2.8045713110786505,1,
715.200000000,0.7039753932743551,0.8584529369497087,2.9045713110786506,1,
715.300000000,0.7039753932743551,0.8584529369497087,3.0045713110786507,1,
715.400000000,0.7039753932743551,0.8584529369497087,3.104571311078651,1,
715.500000000,0.7039753932743551,0.8584529369497087,-3.0786139961009353,1,
715.600000000,0.7039753932743551,0.8584529369497087,-2.9786139961009352,1,
715.700000000,0.7039753932743551,0.8584529369497087,-2.878613996100935,1,
715.800000000,0.7039753932743551,0.8584529369497087,-2.778613996100935,1,
715.900000000,0.7039753932743551,0.8584529369497087,-2.678613996100935,1,
716.000000000,0.7039753932743551,0.8584529369497087,-2.578613996100935,1,
716.100000000,0.7039753932743551,0.8584529369497087,-2.478613996100935,1,
716.200000000,0.7039753932743551,0.8584529369497087,-2.3786139961009347,1,
716.300000000,0.7039753932743551,0.8584529369497087,-2.2786139961009346,1,
716.400000000,0.7039753932743551,0.8584529369497087,-2.1786139961009345,1,
716.500000000,0.7039753932743551,0.8584529369497087,-2.0786139961009344,1,
716.600000000,0.7039753932743551,0.8584529369497087,-1.9786139961009344,1,
716.700000000,0.7039753932743551,0.8584529369497087,-1.8786139961009343,1,
716.800000000,0.7039753932743551,0.8584529369497087,-1.7786139961009348,1,
716.900000000,0.7039753932743551,0.8584529369497087,-1.678613996100934,1,
717.000000000,0.7039753932743551,0.8584529369497087,-1.578613996100934,1,
717.100000000,0.7039753932743551,0.8584529369497087,-1.478613996100934,1,
717.200000000,0.7062328473206481,0.8340333317645588,-1.4031377237166476,1,
717.300000000,0.7132550452711144,0.7925426024830724,-1.3452185017556186,1,
717.400000000,0.7232038569421952,0.7491895520803912,-1.2896984504166058,1,
717.500000000,0.7355430662712036,0.7064553766932498,-1.2341783990775925,1,
717.600000000,0.7502346477095241,0.6644717695623081,-1.1786583477385797,1,
717.700000000,0.767233326440163,0.6233681109137574,-1.1231382963995673,1,
717.800000000,0.7864867179004441,0.5832710692502977,-1.0676182450605542,1,
717.900000000,0.8079354892146976,0.5443042109987924,-1.0120981937215414,1,
718.000000000,0.8315135420394557,0.5065876197175411,-0.9565781423825289,1,
718.100000000,0.8571482162576852,0.47023752603665364,-0.9010580910435155,1,
718.200000000,0.8946151318044414,0.4229205504149493,-0.8614125932995426,1,
718.300000000,0.9434676038732214,0.36601329276911754,-0.8399320898034274,1,
718.400000000,0.993531108360433,0.31016845846495883,-0.8216630546982593,1,
718.500000000,1.044606433028992,0.25524750426711823,-0.8033940195930911,1,
718.600000000,1.0966765315730058,0.20126875995403992,-0.7851249844879231,1,
718.700000000,1.1497240256824321,0.14825024084316346,-0.7668559493827549,1,
718.800000000,1.2037312108430607,0.09620964177834107,-0.748586914277587,1,
718.900000000,1.2586800622453653,0.04516433122421245,-0.7303178791724189,1,
719.000000000,1.314552240800256,-0.004868654530491803,-0.7120488440672509,1,
719.100000000,1.3713290992597178,-0.05387261705878361,-0.693779808962083,1,
719.200000000,1.4289916884403016,-0.10183120136849008,-0.6755107738569146,1,
719.300000000,1.4875207635473813,-0.1487284013607053,-0.6572417387517464,1,
719.400000000,1.546896790598073,-0.1945485651717997,-0.6389727036465785,1,
719.500000000,1.6070999529406702,-0.23927640039720374,-0.6207036685414105,1,
719.600000000,1.668110157868418,-0.28289697919522305,-0.6024346334362423,1,
719.700000000,1.729907043325422,-0.3253957432691809,-0.5841655983310741,1,
719.800000000,1.7924699847024503,-0.3667585087262261,-0.5928020010233805,1,
719.900000000,1.8546733718305897,-0.40866004365976794,-0.609958139886616,1,
720.000000000,1.9161487716374035,-0.4516225298377395,-0.627114278749851,1,
720.100000000,1.9768780903216572,-0.4956333222885278,-0.6453833138550193,1,
720.200000000,2.036793284863044,-0.540746174814917,-0.6625394527182544,1,
720.300000000,2.095925737712314,-0.5868802513747533,-0.6808084878234228,1,
720.400000000,2.1542055447001958,-0.6340868621136665,-0.6990775229285907,1,
720.500000000,2.211613255036631,-0.6823502519026976,-0.717346558033759,1,
720.600000000,2.2681297089923906,-0.7316543129146115,-0.7356155931389272,1,
720.700000000,2.323736044293601,-0.7819825899998581,-0.7538846282440954,1,
720.800000000,2.378413702416998,-0.8333182861784522,-0.7710407671073308,1,
720.900000000,2.432202634886807,-0.8855844391242962,-0.7881969059705658,1,
721.000000000,2.4850870102280664,-0.9387656655558554,-0.8053530448338011,1,
721.100000000,2.5370512632003908,-0.9928463128617845,-0.8225091836970363,1,
721.200000000,2.5880800993792206,-1.0478104637078967,-0.8396653225602716,1,
721.300000000,2.6381584996573686,-1.1036419407220468,-0.8568214614235066,1,
721.400000000,2.6872717246655324,-1.160324311255551,-0.8739776002867418,1,
721.500000000,2.7354053191104715,-1.2178408922197401,-0.8911337391499772,1,
721.600000000,2.782545116029574,-1.2761747549962248,-0.9082898780132121,1,
721.700000000,2.8286772409605616,-1.335308730419426,-0.9254460168764476,1,
721.800000000,2.8737881160251013,-1.3952254138299045,-0.9426021557396829,1,
721.900000000,2.9178644639251274,-1.4559071701970028,-0.9597582946029178,1,
722.000000000,2.9608933118506937,-1.5173361393092912,-0.9769144334661528,1,
722.100000000,3.0028619952982076,-1.5794942410312904,-0.9940705723293881,1,
722.200000000,3.0437581617979204,-1.6423631806249226,-1.0112267111926232,1,
722.300000000,3.0835697745495803,-1.705924454134127,-1.028382850055858,1,
722.400000000,3.1222851159651723,-1.770159353831053,-1.0455389889190931,1,
722.500000000,3.1598927911177097,-1.8350489737222282,-1.0626951277823289,1,
722.600000000,3.1963817310950544,-1.9005742151130827,-1.0787151628553588,1,
722.700000000,3.2318163171182808,-1.9666755775299238,-1.0947351979283895,1,
722.800000000,3.2661874553957277,-2.0333360969811896,-1.1107552330014197,1,
722.900000000,3.2994863250547484,-2.100538665975474,-1.1267752680744505,1,
723.000000000,3.331704380405461,-2.168266037911925,-1.1427953031474807,1,
723.100000000,3.362833353133884,-2.236500831506345,-1.1588153382205109,1,
723.200000000,3.392865254423881,-2.305225535251853,-1.1748353732935413,1,
723.300000000,3.4217923770073804,-2.3744225119129703,-1.1908554083665719,1,
723.400000000,3.4496072971423364,-2.444074003051969,-1.206875443439602,1,
723.500000000,3.4763028765179307,-2.514162133586328,-1.2228954785126327,1,
723.600000000,3.5018722640865185,-2.584668916376123,-1.2389155135856629,1,
723.700000000,3.526308897821856,-2.655576256840175,-1.253774925008897,1,
723.800000000,3.549689231205776,-2.7268388698350456,-1.268634336432131,1,
723.900000000,3.5720081019063743,-2.7984410207150994,-1.283493747855365,1,
724.000000000,3.593260581960631,-2.8703668998653984,-1.2983531592785995,1,
724.100000000,3.613441978862498,-2.942600626192436,-1.3132125707018334,1,
724.200000000,3.632547836598992,-3.01512625063065,-1.3280719821250677,1,
724.300000000,3.6505739366340753,-3.0879277596639465,-1.3415346595370143,1,
724.400000000,3.6676183295102165,-3.1609653436292158,-1.354469388815158,1,
724.500000000,3.683716601548407,-3.234217276282112,-1.3671401440264022,1,
724.600000000,3.6988854488589387,-3.3076673005929984,-1.3792829511038442,1,
724.700000000,3.712844068953762,-3.3796599023158573,-1.390897810047484,1,
724.800000000,3.7256673661877335,-3.4501700020120025,-1.4022486949242232,1,
724.900000000,3.7371303333685666,-3.5175350139087995,-1.4130716316671605,1,
725.000000000,3.747601770242467,-3.583374162249588,-1.423630594343197,1,
725.100000000,3.7571330513669925,-3.6476715547326837,-1.4339255829523327,1,
725.200000000,3.765547085513996,-3.7087615032279215,-1.443692623427666,1,
725.300000000,3.7731527902464572,-3.7682774948228084,-1.453195689836099,1,
725.400000000,3.7799970260503795,-3.82620792045596,-1.4624347821776307,1,
725.500000000,3.7859452541326077,-3.8808853251372524,-1.4711459263853603,1,
725.600000000,3.791251150532843,-3.933954072134279,-1.4795930965261892,1,
725.700000000,3.796260376970553,-3.98872548484653,-1.4874207556807864,1,
725.800000000,3.800701924028298,-4.041873552583545,-1.4950112130428204,1,
725.900000000,3.8046137412172216,-4.093391919509573,-1.5023644686122906,1,
726.000000000,3.8080326642443745,-4.143274892209027,-1.509480522389197,1,
726.100000000,3.810994404802588,-4.19151739633119,-1.5163593743735402,1,
726.200000000,3.813624224860283,-4.239779132288108,-1.5209282195419542,1,
726.300000000,3.8159504387699243,-4.286387784989343,-1.5253395183252496,1,
726.400000000,3.8182224965377904,-4.336336135848,-1.5284852516843281,1,
726.500000000,3.8200554294506475,-4.379630686714301,-1.5325814576973886,1,
726.600000000,3.8216473281351884,-4.421266932578804,-1.5365201173253311,1,
726.700000000,3.8230181080650927,-4.4612434377084895,-1.5396681855947043,1,
726.800000000,3.8242111607856897,-4.499558200785538,-1.5426850843528528,1,
726.900000000,3.825241770590865,-4.5362103806371366,-1.545570813599778,1,
727.000000000,3.8261245699209727,-4.571199245513591,-1.5483253733354794,1,
727.100000000,3.826910987105413,-4.606190409369799,-1.5505273866868343,1,
727.200000000,3.8275865721817026,-4.639516895771996,-1.553678314389189,1,
727.300000000,3.8281286161014534,-4.6711789229681,-1.556671695706425,1,
727.400000000,3.828575881213623,-4.702842430854896,-1.5596650770236618,1,
727.500000000,3.8289098118107305,-4.732840572303265,-1.5625009119557804,1,
727.600000000,3.829144845868882,-4.761172930778501,-1.565179200502782,1,
727.700000000,3.829313358771486,-4.791172457498129,-1.5680150354349007,1,
727.800000000,3.8293921619250875,-4.819505681244126,-1.5706933239819016,1,
727.900000000,3.8293949086667625,-4.846172347769332,-1.573214066143785,1,
728.000000000,3.8293223765569597,-4.876172260087421,-1.576049901075904,1,
728.100000000,3.8291735259703805,-4.904505202421048,-1.5787281896229053,1,
728.200000000,3.828935572580676,-4.934504258709278,-1.5810892408249346,1,
728.300000000,3.8286439451659215,-4.962836091181406,-1.5833191225157404,1,
728.400000000,3.8282891418940665,-4.991167202921259,-1.585549004206546,1,
728.500000000,3.827846577625516,-5.021163938358106,-1.5879100554085757,1,
728.600000000,3.8273617123168053,-5.049493122663522,-1.5901399370993812,1,
728.700000000,3.8267814401964957,-5.079487510209635,-1.592500988301411,1,
728.800000000,3.8261665230702553,-5.107814169996939,-1.5947308699922167,1,
728.900000000,3.8255283295219096,-5.134473198863459,-1.5968295821717984,1,
729.000000000,3.824834187791549,-5.1611308296353275,-1.598928294351381,1,
729.100000000,3.8241309813650197,-5.186120937692751,-1.6008958370197388,1,
729.200000000,3.8233786072274594,-5.211109613791279,-1.6020748070903266,1,
729.300000000,3.8226488950189936,-5.234431534049638,-1.6031751791562086,1,
729.400000000,3.8218935204679063,-5.257752637233922,-1.6042755512220905,1,
729.500000000,3.8211682727730394,-5.279407162401321,-1.605297325283267,1,
729.600000000,3.8204208994284867,-5.301060935225665,-1.606319099344443,1,
729.700000000,3.819710593384827,-5.321048317878837,-1.6072622754009134,1,
729.800000000,3.81898143603915,-5.341035021698258,-1.6082054514573834,1,
729.900000000,3.8182334280401,-5.361021028904135,-1.609148627513854,1,
730.000000000,3.8174665700530905,-5.381006321717296,-1.610091803570324,1,
730.100000000,3.816680862760304,-5.400990882359203,-1.6110349796267944,1,
730.200000000,3.815876306860691,-5.420974693051971,-1.6116635049469423,1,
730.300000000,3.8150591907898086,-5.440957994113775,-1.6122920302670904,1,
730.400000000,3.8142295148704544,-5.460940777650331,-1.612920555587239,1,
730.500000000,3.8133872794303865,-5.480923035767558,-1.6135490809073876,1,
730.600000000,3.8125324848023254,-5.500904760571584,-1.6141776062275361,1,
730.700000000,3.8116651313239522,-5.5208859441687475,-1.614806131547684,1,
730.800000000,3.81078521933791,-5.5408665786656,-1.6154346568678322,1,
730.900000000,3.809892749191803,-5.560846656168911,-1.6160631821879807,1,
731.000000000,3.8089877212381955,-5.580826168785669,-1.6166917075081293,1,
731.100000000,3.808146601284913,-5.599140196969969,-1.6172678557182651,1,
731.200000000,3.8072175052038353,-5.619118604826255,-1.617896381038413,1,
731.300000000,3.8061973813025802,-5.640761243105137,-1.6185772834685743,1,
731.400000000,3.8052421257438387,-5.660738417250083,-1.6192058087887233,1,
731.500000000,3.8042743142148328,-5.68071498704683,-1.6198343341088715,1,
731.600000000,3.803293947097891,-5.700690944603754,-1.6204628594290194,1,
731.700000000,3.802301024780301,-5.7206662820294705,-1.6210913847491677,1,
731.800000000,3.801211757893812,-5.742305550549789,-1.620410482319007,1,
731.900000000,3.8002198818280295,-5.762280939954507,-1.6194673062625369,1,
732.000000000,3.799246846509636,-5.782257255987979,-1.6185241302060673,1,
732.100000000,3.798292652804225,-5.802234480879654,-1.6175809541495965,1,
732.200000000,3.7973573015606292,-5.822212596858171,-1.6166377780931263,1,
732.300000000,3.7964407936109197,-5.84219158615138,-1.6156946020366558,1,
732.400000000,3.795543129770404,-5.862171430986348,-1.6147514259801858,1,
732.500000000,3.7946643108376272,-5.882152113589387,-1.613808249923716,1,
732.600000000,3.7938043375943695,-5.902133616186061,-1.6128650738672454,1,
732.700000000,3.792963210805647,-5.922115921001205,-1.6119218978107757,1,
732.800000000,3.7922094545185385,-5.940433752820794,-1.611057319759011,1,
732.900000000,3.791404452178153,-5.96041754553469,-1.6101141437025406,1,
733.000000000,3.7906838112403625,-5.978736710028462,-1.6092495656507764,1,
733.100000000,3.7899149359790405,-5.998721925334596,-1.608306389594306,1,
733.200000000,3.7891649106334726,-6.018707856936126,-1.6076778642741578,1,
733.300000000,3.7880587153321876,-6.048687455531761,-1.6067350762939347,1,
733.400000000,3.7869807849235437,-6.0786680837112055,-1.605792288313713,1,
733.500000000,3.785931120365658,-6.108649714826205,-1.6048495003334904,1,
733.600000000,3.7849664669123095,-6.136966621816424,-1.6039590894632805,1,
733.700000000,3.7839717663790937,-6.1669501267958164,-1.6030163014830574,1,
733.800000000,3.783059025038928,-6.1952687546055065,-1.602125890612848,1,
733.900000000,3.7821714992712865,-6.22358818390395,-1.6012354797426371,1,
734.000000000,3.781258465692095,-6.2535742868465345,-1.6002926917624152,1,
734.100000000,3.7804228565319273,-6.281895295569905,-1.5994022808922053,1,
734.200000000,3.779612465033699,-6.310217037101763,-1.5985118700219947,1,
734.300000000,3.7788734784983715,-6.336873462406213,-1.5976738362617975,1,
734.400000000,3.7781568312042557,-6.3635304976458436,-1.5968358025015987,1,
734.500000000,3.777505917876504,-6.388522022446058,-1.5960501458514136,1,
734.600000000,3.776916724730028,-6.41184791569542,-1.5953168663112407,1,
734.700000000,3.7763446361406996,-6.435174234716869,-1.5945835867710678,1,
734.800000000,3.77578965241613,-6.45850096696787,-1.5938503072308954,1,
734.900000000,3.775290193751976,-6.480161876124395,-1.5931694048007337,1,
735.000000000,3.774805484168148,-6.501823120342209,-1.592488502370573,1,
735.100000000,3.774371674680046,-6.521818415021909,-1.5918599770504247,1,
735.200000000,3.7739504328257936,-6.541813978412327,-1.5915457919443108,1,
735.300000000,3.7735354733004343,-6.561809673163755,-1.5912316068381973,1,
735.400000000,3.77312679614493,-6.581805497302374,-1.590917421732082,1,
735.500000000,3.7727244013996217,-6.601801448854349,-1.5906032366259686,1,
735.600000000,3.772328289104231,-6.621797525845835,-1.5902890515198538,1,
735.700000000,3.7719059734806613,-6.643460076341069,-1.5899486843215638,1,
735.800000000,3.7715229497474647,-6.663456408325206,-1.58963449921545,1,
735.900000000,3.771146208582756,-6.683452859662751,-1.5893203141093357,1,
736.000000000,3.7708066215703093,-6.701783047653388,-1.5890323110953974,1,
736.100000000,3.77044192209862,-6.721779722234311,-1.588718125989284,1,
736.200000000,3.770113373368525,-6.740110111396658,-1.5884301229753448,1,
736.300000000,3.7697607157221067,-6.760107001969555,-1.5881159378692313,1,
736.400000000,3.7694143408181775,-6.780104002355261,-1.587801752763117,1,
736.500000000,3.7691025897015327,-6.7984346848944455,-1.587513749749179,1,
736.600000000,3.7687682568157475,-6.81843189023723,-1.5871995646430648,1,
736.700000000,3.768440206770443,-6.838429199635441,-1.5868853795369509,1,
736.800000000,3.768118439598002,-6.858426611115099,-1.5865711944308367,1,
736.900000000,3.767776664974535,-6.880090582001139,-1.586230827232546,1,
737.000000000,3.767467987221854,-6.900088199810393,-1.5859166421264317,1,
737.100000000,3.767165592437978,-6.920085913614593,-1.585602457020318,1,
737.200000000,3.7668941566348595,-6.938417237454291,-1.58531445400638,1,
737.300000000,3.7666280003194403,-6.956748638708065,-1.5850264509924414,1,
737.400000000,3.766343407440557,-6.976746613777889,-1.584712265886328,1,
737.500000000,3.766065097641536,-6.996744677275532,-1.5843980807802134,1,
737.600000000,3.76579307094985,-7.01674282722694,-1.5840838956740997,1,
737.700000000,3.7655494726888095,-7.035074542122125,-1.5837958926601607,1,
737.800000000,3.765289488694042,-7.055072852258795,-1.5834817075540473,1,
737.900000000,3.7650357878831953,-7.075071243091524,-1.5831675224479334,1,
738.000000000,3.764788370281313,-7.095069712646224,-1.5828533373418188,1,
738.100000000,3.7645271413821098,-7.116734804474016,-1.5825129701435288,1,
738.200000000,3.764292813876626,-7.136733431692408,-1.582198785037415,1,
738.300000000,3.7640647696534186,-7.1567321315459544,-1.5818845999313003,1,
738.400000000,3.7638614888115343,-7.1750643378509915,-1.5815965969173618,1,
738.500000000,3.7636634877086754,-7.193396601941234,-1.5813085939034246,1,
738.600000000,3.763453246238774,-7.2133954968738125,-1.5809944087973098,1,
738.700000000,3.7632492881340722,-7.233394456874061,-1.5806802236911954,1,
738.800000000,3.7630516134147034,-7.253393479967835,-1.580366038585082,1,
738.900000000,3.7628761713763907,-7.2717259738298905,-1.580078035571144,1,
739.000000000,3.7626905398662553,-7.291725112334897,-1.5797638504650293,1,
739.100000000,3.762511191796632,-7.311724308175479,-1.5794496653589152,1,
739.200000000,3.7623381271852243,-7.331723559377468,-1.5794496653589152,1,
739.300000000,3.7621506405228664,-7.35338941484629,-1.5794496653589152,1,
739.400000000,3.761977575911459,-7.373388666048279,-1.5794496653589152,1,
739.500000000,3.7618045113000513,-7.393387917250268,-1.5794496653589152,1,
739.600000000,3.7616458687395946,-7.411720564185425,-1.5794496653589152,1,
739.700000000,3.761472804128187,-7.431719815387415,-1.5794496653589152,1,
739.800000000,3.7612997395167795,-7.451719066589404,-1.5794496653589152,1,
739.900000000,3.761126674905372,-7.471718317791393,-1.5794496653589152,1,
740.000000000,3.7609536102939645,-7.491717568993383,-1.5794496653589152,1,
740.100000000,3.7607949677335077,-7.51005021592854,-1.5794496653589152,1,
740.200000000,3.7606219031221,-7.530049467130529,-1.5794496653589152,1,
740.300000000,3.7604344164597423,-7.5517153225993505,-1.5794496653589152,1,
740.400000000,3.7602613518483348,-7.57171457380134,-1.5794496653589152,1,
740.500000000,3.760073865185977,-7.593380429270161,-1.5794496653589152,1,
740.600000000,3.7599008005745693,-7.613379680472151,-1.5794496653589152,1,
740.700000000,3.759727735963162,-7.63337893167414,-1.5794496653589152,1,
740.800000000,3.759569093402705,-7.651711578609297,-1.5794496653589152,1,
740.900000000,3.7594104508422483,-7.670044225544454,-1.5794496653589152,1,
741.000000000,3.759237386230841,-7.690043476746443,-1.5794496653589152,1,
741.100000000,3.759078743670384,-7.7083761236816,-1.5794496653589152,1,
741.200000000,3.7589056790589765,-7.72837537488359,-1.5794496653589152,1,
741.300000000,3.75874703649852,-7.746708021818747,-1.5794496653589152,1,
741.400000000,3.7585739718871123,-7.766707273020736,-1.5794496653589152,1,
741.500000000,3.7584009072757047,-7.786706524222725,-1.5794496653589152,1,
741.600000000,3.758227842664297,-7.806705775424715,-1.5794496653589152,1,
741.700000000,3.7580547780528897,-7.826705026626704,-1.5794496653589152,1,
741.800000000,3.757896135492433,-7.845037673561861,-1.5794496653589152,1,
741.900000000,3.7577374929319762,-7.863370320497018,-1.5794496653589152,1,
742.000000000,3.7575644283205687,-7.883369571699007,-1.5794496653589152,1,
742.100000000,3.757391363709161,-7.903368822900997,-1.5794496653589152,1,
742.200000000,3.7572182990977536,-7.923368074102986,-1.576603243848153,1,
742.300000000,3.7571021614093905,-7.9433677369010764,-1.5737568223373903,1,
742.400000000,3.757042951585032,-7.963367649255802,-1.5709104008266277,1,
742.500000000,3.757040670104402,-7.983367649125673,-1.5680639793158642,1,
742.600000000,3.7570953169859864,-8.003367574468491,-1.5652175578051022,1,
742.700000000,3.7572068917870296,-8.023367263242664,-1.562371136294339,1,
742.800000000,3.75737539360354,-8.043366553408513,-1.559524714783577,1,
742.900000000,3.7577135348036768,-8.073364647690129,-1.5552550825174332,1,
743.000000000,3.757998446145988,-8.091695767040516,-1.5526458627992332,1,
743.100000000,3.7585429301689657,-8.121690825586029,-1.54837623053309,1,
743.200000000,3.759178113013019,-8.15001703819083,-1.5443438000595089,1,
743.300000000,3.7599715962693696,-8.180006542760294,-1.5400741677933654,1,
743.400000000,3.760841920516593,-8.208326505922036,-1.536041737319785,1,
743.500000000,3.7634479900161004,-8.2832812149253,-1.5235827992343536,1,
743.600000000,3.7669876891736895,-8.35819763855773,-1.5111238611489224,1,
743.700000000,3.7714604685461763,-8.43306414805754,-1.4986649230634908,1,
743.800000000,3.7768656338547455,-8.507869122410767,-1.4862059849780596,1,
743.900000000,3.7832023460927178,-8.58260095015513,-1.4737470468926281,1,
744.000000000,3.7904696216557836,-8.657248031182391,-1.4612881088071967,1,
744.100000000,3.798197554748803,-8.727535149872995,-1.431998786952137,1,
744.200000000,3.808238594051916,-8.79941305891881,-1.4045746526313359,1,
744.300000000,3.8197869173205667,-8.868247452559022,-1.3743710530982132,1,
744.400000000,3.834137021746311,-8.940361756060199,-1.347899267182942,1,
744.500000000,3.850716216977581,-9.013506340859646,-1.3342263935969214,1,
744.600000000,3.868293928014507,-9.08641741049041,-1.3449643907524411,1,
744.700000000,3.885087721853152,-9.159513022455187,-1.3289443556794103,1,
744.800000000,3.9020230075905484,-9.228165743455232,-1.299655033824351,1,
744.900000000,3.9207166618195766,-9.295412191760688,-1.2694514342912284,1,
745.000000000,3.941164558743785,-9.361201154395394,-1.23834485990771,1,
745.100000000,3.963648702821233,-9.426322328818758,-1.2072382855241923,1,
745.200000000,3.987830029719428,-9.489878713829087,-1.175239393207366,1,
745.300000000,4.014032364562881,-9.552628919365723,-1.1432405008905395,1,
745.400000000,4.042228880307407,-9.614508699148843,-1.1112416085737131,1,
745.500000000,4.072390708183174,-9.675454698076837,-1.0792427162568865,1,
745.600000000,4.104486967251749,-9.735404517091922,-1.0472438239400603,1,
745.700000000,4.138484796023297,-9.794296777066888,-1.015244931623234,1,
745.800000000,4.17434938610154,-9.85207118164762,-0.9832460393064075,1,
745.900000000,4.212044017822053,-9.908668578987017,-0.9512471469895806,1,
746.000000000,4.2515300978473825,-9.964031022307122,-0.9192482546727544,1,
746.100000000,4.292767198680522,-10.018101829227456,-0.8872493623559279,1,
746.200000000,4.340133230101477,-10.076252143649901,-0.8712293272828975,1,
746.300000000,4.388424713837654,-10.133636223311063,-0.8575564536968775,1,
746.400000000,4.437496264479375,-10.190354676371925,-0.8438835801108575,1,
746.500000000,4.48733870836721,-10.246396899626253,-0.8302107065248371,1,
746.600000000,4.537942727727435,-10.3017524162853,-0.8165378329388175,1,
746.700000000,4.589298862413933,-10.356410877936378,-0.802864959352797,1,
746.800000000,4.641397511676717,-10.410362066477441,-0.789192085766777,1,
746.900000000,4.694228935956744,-10.463595896027304,-0.7755192121807569,1,
747.000000000,4.747783258706663,-10.51610241481114,-0.7618463385947368,1,
747.100000000,4.802050468237191,-10.567871807020918,-0.7481734650087167,1,
747.200000000,4.857020419588736,-10.618894394650406,-0.7481734650087167,1,
747.300000000,4.911990370940281,-10.669916982279894,-0.749720094147287,1,
747.400000000,4.966881343556789,-10.721024526979416,-0.7512667232858573,1,
747.500000000,5.021693206135694,-10.772216906496599,-0.7528133524244275,1,
747.600000000,5.076425827563665,-10.823493998376135,-0.7543599815629974,1,
747.700000000,5.1310790769169214,-10.874855679960081,-0.7559066107015678,1,
747.800000000,5.185652823461545,-10.926301828388153,-0.7574532398401379,1,
747.900000000,5.240146936653794,-10.977832320598013,-0.758999868978708,1,
748.000000000,5.2945612861404125,-11.02944703332557,-0.7605464981172781,1,
748.100000000,5.3488957417589456,-11.08114584310527,-0.7620931272558483,1,
748.200000000,5.40315017353805,-11.132928626270397,-0.7651400019615962,1,
748.300000000,5.4572465780752175,-11.18487647527448,-0.7681868766673441,1,
748.400000000,5.511184453169815,-11.236988907862871,-0.7712337513730921,1,
748.500000000,5.5649632980929065,-11.289265440253017,-0.7742806260788401,1,
748.600000000,5.618582613591905,-11.341705587138955,-0.7773275007845876,1,
748.700000000,5.672041901895204,-11.39430886169582,-0.7803743754903356,1,
748.800000000,5.725340666716799,-11.447074775584355,-0.7834212501960832,1,
748.900000000,5.7784784132608955,-11.500002838955456,-0.7864681249018309,1,
749.000000000,5.8314546482265035,-11.553092560454715,-0.7895149996075791,1,
749.100000000,5.884268879812014,-11.606343447226976,-0.7925618743133265,1,
749.200000000,5.9369206177197675,-11.659755004920918,-0.7956087490190744,1,
749.300000000,5.989409373160604,-11.713326737693642,-0.7986556237248223,1,
749.400000000,6.0417346588584016,-11.767058148215272,-0.8017024984305704,1,
749.500000000,6.093895989054599,-11.820948737673573,-0.804749373136318,1,
749.600000000,6.145892879512707,-11.874998005778586,-0.825179455546963,1,
749.700000000,6.196774764714529,-11.930098221370802,-0.8466599590430782,1,
749.800000000,6.246461422254667,-11.986278609964055,-0.8681404625391935,1,
749.900000000,6.294929926993095,-12.043513250247898,-0.8896209660353085,1,
750.000000000,6.342157915838533,-12.101775734486173,-0.9111014695314236,1,
750.100000000,6.388123598066648,-12.16103918070139,-0.9325819730275386,1,
750.200000000,6.431361557703531,-12.219329275276063,-0.96000610734834,1,
750.300000000,6.472984904072823,-12.278783066711993,-0.9874302416691415,1,
750.400000000,6.512962334919253,-12.339355843617167,-1.0148543759899433,1,
750.500000000,6.551766381580533,-12.401810981349772,-1.0413261619052148,1,
750.600000000,6.5889037270130935,-12.465271329920453,-1.0677979478204864,1,
750.700000000,6.624348348539422,-12.52969242174095,-1.094269733735758,1,
750.800000000,6.658518754024762,-12.595887971141632,-1.1197749864612647,1,
750.900000000,6.6912101267771,-12.663388150012267,-1.1442987139639345,1,
751.000000000,6.722236479437887,-12.731669666109733,-1.1688224414666046,1,
751.100000000,6.7515791532839184,-12.800691456086271,-1.1933461689692737,1,
751.200000000,6.779220502127921,-12.870412011405948,-1.2168725316883418,1,
751.300000000,6.805214081957807,-12.940763513220958,-1.2393847990576667,1,
751.400000000,6.829617437218802,-13.011682313633864,-1.2618970664269917,1,
751.500000000,6.852418200759531,-13.083132472359788,-1.283377569923107,1,
751.600000000,6.873679036870259,-13.155055881955501,-1.3048580734192219,1,
751.700000000,6.893390135922626,-13.227419357370573,-1.325288155829867,1,
751.800000000,6.911618832602831,-13.300170402843069,-1.3457182382405122,1,
751.900000000,6.925272316455196,-13.359803657145683,-1.3845419140617325,1,
752.000000000,6.9336560559407925,-13.40429424646636,-1.4392683055699904,1,
752.100000000,6.937375847297483,-13.432412332760675,-1.510905237601383,1,
752.200000000,6.937730134988568,-13.438320790785387,-1.6049861670664238,1,
752.300000000,6.93767726628092,-13.439866516223596,-1.7034395377538303,1,
752.400000000,6.93747271744914,-13.441399559603932,-1.801892908441237,1,
752.500000000,6.937118469597572,-13.442905073034703,-1.900346279128644,1,
752.600000000,6.936617953701361,-13.444368475258363,-1.9987996498160505,1,
752.700000000,6.935976017376634,-13.445775592874474,-2.097253020503457,1,
752.800000000,6.935198877930184,-13.44711279761248,-2.1957063911908636,1,
752.900000000,6.934294062143366,-13.448367138324766,-2.2941597618782703,1,
753.000000000,6.933270333373418,-13.449526466421618,-2.392613132565677,1,
753.100000000,6.932137606678251,-13.450579553533224,-2.4910665032530837,1,
753.200000000,6.930906852786745,-13.45151620025911,-2.5895198739404903,1,
753.300000000,6.929589991844613,-13.452327334951786,-2.687973244627897,1,
753.400000000,6.928199777964943,-13.453005101577807,-2.7864266153153037,1,
753.500000000,6.926749675701563,-13.453542935805345,-2.8848799860027103,1,
753.600000000,6.925253729641614,-13.453935628581311,-2.983333356690117,1,
753.700000000,6.92372642838037,-13.454179376582276,-3.0817867273775237,1,
753.800000000,6.922182564195725,-13.45427181905057,3.102945209114656,1,
753.900000000,6.920637089781448,-13.454212060658785,3.004491838427249,1,
754.000000000,6.919104973426767,-13.454000680181233,2.9060384677398425,1,
754.100000000,6.917601054044907,-13.453639724888381,2.807585097052436,1,
754.200000000,6.91613989745467,-13.453132690718546,2.709131726365029,1,
754.300000000,6.914735655306998,-13.452484488418893,2.6106783556776225,1,
754.400000000,6.913401928022847,-13.451701395983681,2.512224984990216,1,
754.500000000,6.912151633069861,-13.450790997850385,2.413771614302809,1,
754.600000000,6.910996879853606,-13.449762111442602,2.3153182436154025,1,
754.700000000,6.909948852435084,-13.4486247017712,2.216864872927996,1,
754.800000000,6.909017701210429,-13.447389784920802,2.118411502240589,1,
754.900000000,6.90821244460189,-13.446069321356374,2.0199581315531834,1,
755.000000000,6.9075408817122605,-13.444676100083264,1.9215047608657767,1,
755.100000000,6.907009516788698,-13.443223614782623,1.8230513901783687,1,
755.200000000,6.901137612183418,-13.420441813174714,1.7465777530123416,1,
755.300000000,6.896677315405004,-13.395329591550233,1.67208300584913,1,
755.400000000,6.894098387862694,-13.36995505598798,1.5975882586859205,1,
755.500000000,6.893415134613404,-13.344458956535986,1.5230935115227102,1,
755.600000000,6.894631345595572,-13.318982717545204,1.4485987643595002,1,
755.700000000,6.897740274606741,-13.293667653202561,1.3741040171962904,1,
755.800000000,6.902724676724079,-13.2686541836751,1.2996092700330804,1,
755.900000000,6.909556903960268,-13.244081056213142,1.22511452286987,1,
756.000000000,6.918199058624163,-13.22008457553297,1.15061977570666,1,
756.100000000,6.928603203535552,-13.196797847747998,1.0761250285434503,1,
756.200000000,6.9489620301807085,-13.159054622856315,1.0190089748123248,1,
756.300000000,6.979747003822215,-13.109043873009542,0.9777353717931095,1,
756.400000000,7.019267335096909,-13.050408189167229,0.9484460499380497,1,
756.500000000,7.061027826343644,-12.992202421266034,0.9200829820759931,1,
756.600000000,7.104422194124942,-12.935204360851685,0.8917199142139364,1,
756.700000000,7.149415531590875,-12.87945985771628,0.8633568463518799,1,
756.800000000,7.195971645664804,-12.8250137532783,0.8349937784898229,1,
756.900000000,7.244053086157449,-12.771909844511727,0.8066307106277664,1,
757.000000000,7.2936211758921745,-12.720190848715342,0.7782676427657097,1,
757.100000000,7.3446360418172905,-12.669898369150513,0.7499045749036531,1,
757.200000000,7.39705664708032,-12.621072861575128,0.7215415070415965,1,
757.300000000,7.450840824038442,-12.573753601700593,0.6931784391795397,1,
757.400000000,7.505945308178551,-12.527978653598069,0.6648153713174831,1,
757.500000000,7.56232577291965,-12.48378483907936,0.6364523034554267,1,
757.600000000,7.619936865269583,-12.4412077080771,0.6080892355933699,1,
757.700000000,7.681492450443815,-12.398360188500607,0.6021701652179092,1,
757.800000000,7.743300573311961,-12.355877769224909,0.6037167943564791,1,
757.900000000,7.805042917734366,-12.313299806553768,0.6067636690622267,1,
758.000000000,7.866655246049387,-12.270533920621146,0.6098105437679743,1,
758.100000000,7.928136986282776,-12.227580508441505,0.6128574184737219,1,
758.200000000,7.984034182660163,-12.188274683407649,0.623680355216659,1,
758.300000000,8.023268018456356,-12.160046732014951,0.6321158722533864,1,
758.400000000,8.060917711911202,-12.132473586374058,0.6402605093922957,1,
758.500000000,8.097005018915333,-12.105590389518223,0.6481142666333869,1,
758.600000000,8.156796789113205,-12.060314079856271,0.6629736780566204,1,
758.700000000,8.21590920380334,-12.014154330837222,0.6778330894798543,1,
758.800000000,8.274329211080135,-11.967121334443421,0.6926925009030884,1,
758.900000000,8.320500971752178,-11.928804647263505,0.6983641707673258,1,
759.000000000,8.36517817971246,-11.891298316242576,0.7038782942464453,1,
759.100000000,8.408377331671394,-11.854624832890975,0.7083380576280567,1,
759.200000000,8.448881019049418,-11.819927631948712,0.7125354819872204,1,
759.300000000,8.487977533295773,-11.786150316806312,0.715786073124935,1,
759.400000000,8.52570641553292,-11.753339778177153,0.7189318064840133,1,
759.500000000,8.562077715308,-11.721508352450643,0.7219726820644558,1,
759.600000000,8.597101212481123,-11.69066791757138,0.7249086998662624,1,
759.700000000,8.63078641082517,-11.66082989799028,0.727739859889433,1,
759.800000000,8.6631425318783,-11.632005269490108,0.7304661621339676,1,
759.900000000,8.69541994813242,-11.603092535656447,0.7331924643785022,1,
760.000000000,8.726380016926779,-11.575207320015185,0.7358139088444008,1,
760.100000000,8.756031405364126,-11.548359691372463,0.7377002609573414,1,
760.200000000,8.785632096995878,-11.521456177569952,0.7395866130702821,1,
760.300000000,8.813950741097484,-11.495620178640339,0.7413943671785166,1,
760.400000000,8.840993421092003,-11.470858557062613,0.7431235232820453,1,
760.500000000,8.866765979293953,-11.447177863581908,0.7447740813808683,1,
760.600000000,8.89127401429649,-11.424584339478185,0.7463460414749854,1,
760.700000000,8.924311873931464,-11.394031110013204,0.7484681876020435,1,
760.800000000,8.956063600549928,-11.364542033484359,0.7505117357243957,1,
760.900000000,8.988973898488004,-11.333851443890364,0.7512186522131524,1,
761.000000000,9.019426300370322,-11.305412696894251,0.7518732045175575,1,
761.100000000,9.048642729854583,-11.27809237024556,0.7525015747297856,1,
761.200000000,9.076625350607566,-11.251892801923942,0.7531037628498382,1,
761.300000000,9.10216029020934,-11.2279560757582,0.7536535867855378,1,
761.400000000,9.130112710182127,-11.201724288512391,0.7548582603158221,1,
761.500000000,9.160461404701556,-11.17317489531258,0.7561676880661312,1,
761.600000000,9.184710432817118,-11.150303608803908,0.7566913299096548,1,
761.700000000,9.21137118608894,-11.12513122950787,0.7578436263299266,1,
761.800000000,9.23195024982114,-11.105656119400766,0.7587340372001368,1,
761.900000000,9.258559527702994,-11.08042933254531,0.759886333620409,1,
762.000000000,9.27909876657883,-11.060912226095347,0.7607767444906189,1,
762.100000000,9.300827786864811,-11.040227698607115,0.7612480221497903,1,
762.200000000,9.320133804391576,-11.021832351413671,0.7587272799879069,1,
762.300000000,9.341905171218485,-11.001192400190664,0.7558914450557882,1,
762.400000000,9.362522214658286,-10.981757501230824,0.7532131565087871,1,
762.500000000,9.383191236357803,-10.96237789030174,0.7505348679617857,1,
762.600000000,9.402693214424332,-10.944190423116787,0.7480141257999023,1,
762.700000000,9.43323659250902,-10.915849407498307,0.7440754661719597,1,
762.800000000,9.461438977689113,-10.889886551056879,0.7404518993142523,1,
762.900000000,9.489735255657665,-10.8640260580691,0.7374350005561032,1,
763.000000000,9.519343082684802,-10.837130397104342,0.7342869322867308,1,
763.100000000,9.547798251005995,-10.811444840068198,0.7312700335285816,1,
763.200000000,9.573849690923973,-10.788071297799213,0.7279615594411097,1,
763.300000000,9.598734098501515,-10.765892989238237,0.7248106317387555,1,
763.400000000,9.622440556370945,-10.744898189094805,0.7228183339446725,1,
763.500000000,9.646188795058299,-10.723950660910642,0.7203261132314193,1,
763.600000000,9.66873651471134,-10.704161766589639,0.7174902782993001,1,
763.700000000,9.725245882090695,-10.654849583527183,0.7014702432262696,1,
763.800000000,9.782537947412274,-10.606448971432005,0.6854502081532392,1,
763.900000000,9.840598007467596,-10.55897235164529,0.6694301730802086,1,
764.000000000,9.899411161953052,-10.512431908378494,0.6534101380071782,1,
764.100000000,9.958962317293867,-10.466839585586447,0.6397372644211579,1,
764.200000000,10.019131264895476,-10.422065734461993,0.6248778529979238,1,
764.300000000,10.07995885849546,-10.378190868572338,0.6112049794119035,1,
764.400000000,10.141380643205189,-10.33515176585084,0.5975321058258835,1,
764.500000000,10.203385136556166,-10.292956472223606,0.5826726944026493,1,
764.600000000,10.266009758826353,-10.251687153286696,0.568999820816629,1,
764.700000000,10.329192780029812,-10.211277923751808,0.554140409393395,1,
764.800000000,10.392969261159646,-10.1718119833133,0.5404675358073748,1,
764.900000000,10.457279376957906,-10.13322171244078,0.5267946622213546,1,
765.000000000,10.522111104998313,-10.095514325375449,0.5131217886353344,1,
765.100000000,10.587452325342015,-10.058696871308175,0.49944891504931427,1,
765.200000000,10.653290822803347,-10.022776233061698,0.48577604146329384,1,
765.300000000,10.719614289233391,-9.987759125803917,0.4686199026000589,1,
765.400000000,10.786528724191701,-9.953884970549357,0.4503508674948904,1,
765.500000000,10.854050806566379,-9.92123886217811,0.4430549017758241,1,
765.600000000,10.921809274585538,-9.889086257125074,0.43713583140036355,1,
765.700000000,10.986710036484538,-9.858759022647371,0.4087727635383069,1,
765.800000000,11.055530735481018,-9.828947759848958,0.40013636084600035,1,
765.900000000,11.119813770587593,-9.801758995338234,0.3699327613128778,1,
766.000000000,11.189740144940995,-9.774642539637169,0.36129635862057125,1,
766.100000000,11.259898097215357,-9.748131000023855,0.35537728824511067,1,
766.200000000,11.330211743239975,-9.722035192262362,0.3758073706557557,1,
766.300000000,11.399977613313323,-9.69450841669913,0.39933373337482303,1,
766.400000000,11.469076631762855,-9.665348072920098,0.4228600960938905,1,
766.500000000,11.537470554754634,-9.634570300132019,0.44638645881295796,1,
766.600000000,11.605121528699827,-9.602192132730716,0.4699128215320254,1,
766.700000000,11.671992111205313,-9.568231490873162,0.4934391842510928,1,
766.800000000,11.738045291796704,-9.53270717055931,0.5169655469701604,1,
766.900000000,11.803244512402319,-9.495638833229181,0.5404919096892278,1,
767.000000000,11.867553687586774,-9.457046994880962,0.564018272408295,1,
767.100000000,11.93093722452297,-9.41695301471613,0.5875446351273627,1,
767.200000000,11.993360042691453,-9.375379083317904,0.6069045957018487,1,
767.300000000,12.054966343542079,-9.332604514991594,0.625173630807017,1,
767.400000000,12.115780957269807,-9.28871165956902,0.6434426659121849,1,
767.500000000,12.175783587096989,-9.243715166218733,0.661711701017353,1,
767.600000000,12.234954207244265,-9.19763005244664,0.6799807361225211,1,
767.700000000,12.293273069614147,-9.150471699083923,0.6982497712276895,1,
767.800000000,12.350720710381907,-9.102255845153723,0.7165188063328574,1,
767.900000000,12.407277956491601,-9.052998582618258,0.7347878414380257,1,
768.000000000,12.46292593205504,-9.002716351008166,0.7530568765431935,1,
768.100000000,12.51764606465159,-8.951425931935828,0.7713259116483616,1,
768.200000000,12.571420091526688,-8.899144443494544,0.7758294122345529,1,
768.300000000,12.62495812417531,-8.84662131468337,0.7788762869403008,1,
768.400000000,12.678335877170385,-8.793935306244729,0.7819231616460486,1,
768.500000000,12.731552854982839,-8.741086907285926,0.784970036351796,1,
768.600000000,12.784608563576143,-8.688076608421813,0.7880169110575435,1,
768.700000000,12.837502510410898,-8.634904901770229,0.7910637857632911,1,
768.800000000,12.890234204449415,-8.581572280947432,0.7941106604690388,1,
768.900000000,12.942803156160265,-8.528079241063514,0.7971575351747865,1,
769.000000000,12.995208877522828,-8.47442627871781,0.800204409880534,1,
769.100000000,13.047450882031825,-8.420613891994288,0.8032512845862818,1,
769.200000000,13.09952868470183,-8.366642580456917,0.8062981592920292,1,
769.300000000,13.151441802071778,-8.312512845145037,0.8093450339977766,1,
769.400000000,13.203189752209445,-8.258225188568705,0.8123919087035243,1,
769.500000000,13.254772054715929,-8.203780114704033,0.8154387834092721,1,
769.600000000,13.306188230730108,-8.149178128988503,0.8184856581150196,1,
769.700000000,13.357437802933086,-8.09441973831628,0.8215325328207673,1,
769.800000000,13.408520295552622,-8.039505451033504,0.8245794075265149,1,
769.900000000,13.459435234367547,-7.984435776933575,0.8276262822322623,1,
770.000000000,13.510182146712168,-7.929211227252411,0.8260796530936924,1,
770.100000000,13.56101441022558,-7.874065230243533,0.8230327783879442,1,
770.200000000,13.612014460473338,-7.819074368505185,0.818529277801753,1,
770.300000000,13.663261644083715,-7.764313742394773,0.8140257772155608,1,
770.400000000,13.714754921687813,-7.709784462539017,0.8095222766293692,1,
770.500000000,13.766493248925586,-7.655487634872594,0.8050187760431773,1,
770.600000000,13.818475576467016,-7.601424360615706,0.8005152754569859,1,
770.700000000,13.870700850033398,-7.5475957362517425,0.7960117748707941,1,
770.800000000,13.92316801041872,-7.494002853505049,0.7915082742846022,1,
770.900000000,13.97587599351115,-7.4406467993187775,0.7870047736984104,1,
771.000000000,14.028823730314606,-7.387528655832848,0.7825012731122186,1,
771.100000000,14.082010146970456,-7.334649500361999,0.7779977725260269,1,
771.200000000,14.13543416477928,-7.282010405373935,0.7779977725260269,1,
771.300000000,14.188858182588104,-7.229371310385871,0.7779977725260268,1,
771.400000000,14.242282200396929,-7.1767322153978075,0.7779977725260265,1,
771.500000000,14.295706218205753,-7.124093120409744,0.7779977725260264,1,
771.600000000,14.349130236014577,-7.07145402542168,0.7779977725260263,1,
771.700000000,14.402554253823402,-7.018814930433616,0.7779977725260262,1,
771.800000000,14.455978271632226,-6.9661758354455525,0.7779977725260262,1,
771.900000000,14.50940228944105,-6.913536740457489,0.7779977725260263,1,
772.000000000,14.562826307249875,-6.860897645469425,0.7779977725260262,1,
772.100000000,14.616250325058699,-6.808258550481361,0.7779977725260259,1,
772.200000000,14.669674342867523,-6.755619455493298,0.7779977725260259,1,
772.300000000,14.723098360676348,-6.702980360505234,0.7779977725260256,1,
772.400000000,14.776522378485172,-6.65034126551717,0.7779977725260254,1,
772.500000000,14.829946396293996,-6.597702170529106,0.7779977725260256,1,
772.600000000,14.88337041410282,-6.545063075541043,0.7779977725260253,1,
772.700000000,14.936794431911645,-6.492423980552979,0.7779977725260251,1,
772.800000000,14.99021844972047,-6.439784885564915,0.777997772526025,1,
772.900000000,15.043642467529294,-6.387145790576851,0.7779977725260248,1,
773.000000000,15.097066485338118,-6.334506695588788,0.777997772526025,1,
773.100000000,15.150490503146942,-6.281867600600724,0.777997772526025,1,
773.200000000,15.203914520955767,-6.22922850561266,0.7779977725260246,1,
773.300000000,15.257338538764591,-6.176589410624596,0.7779977725260245,1,
773.400000000,15.310762556573415,-6.123950315636533,0.7779977725260243,1,
773.500000000,15.36418657438224,-6.071311220648469,0.7779977725260242,1,
773.600000000,15.417610592191064,-6.018672125660405,0.7779977725260243,1,
773.700000000,15.471034609999888,-5.9660330306723415,0.777997772526024,1,
773.800000000,15.524458627808713,-5.913393935684278,0.7779977725260239,1,
773.900000000,15.577882645617537,-5.860754840696214,0.7779977725260238,1,
774.000000000,15.631306663426361,-5.80811574570815,0.7779977725260236,1,
774.100000000,15.684730681235186,-5.7554766507200865,0.7779977725260238,1,
774.200000000,15.73815469904401,-5.702837555732023,0.7779977725260232,1,
774.300000000,15.791578716852834,-5.650198460743959,0.7779977725260231,1,
774.400000000,15.845002734661659,-5.597559365755895,0.7779977725260231,1,
774.500000000,15.898426752470483,-5.544920270767832,0.777997772526023,1,
774.600000000,15.951850770279307,-5.492281175779768,0.7779977725260229,1,
774.700000000,16.005274788088133,-5.439642080791704,0.7779977725260226,1,
774.800000000,16.05869880589696,-5.38700298580364,0.7779977725260228,1,
774.900000000,16.112122823705786,-5.334363890815577,0.7779977725260226,1,
775.000000000,16.16554684151461,-5.281724795827513,0.7779977725260224,1,
775.100000000,16.218970859323438,-5.229085700839449,0.7779977725260224,1,
775.200000000,16.272394877132264,-5.176446605851385,0.7779977725260221,1,
775.300000000,16.32581889494109,-5.123807510863322,0.7779977725260221,1,
775.400000000,16.379242912749916,-5.071168415875258,0.777997772526022,1,
775.500000000,16.432666930558742,-5.018529320887194,0.777997772526022,1,
775.600000000,16.48609094836757,-4.96589022589913,0.777997772526022,1,
775.700000000,16.539514966176394,-4.913251130911067,0.777997772526022,1,
775.800000000,16.59293898398522,-4.860612035923003,0.7852937382450879,1,
775.900000000,16.64597753026505,-4.807584565603156,0.7925897039641541,1,
776.000000000,16.698627781727414,-4.754171542650416,0.7998856696832203,1,
776.100000000,16.750886935753112,-4.700375810286979,0.8234120324022879,1,
776.200000000,16.801866126828543,-4.645365610530073,0.8479357599049573,1,
776.300000000,16.851481068963256,-4.5891218773950015,0.872459487407627,1,
776.400000000,16.899701924571044,-4.531678434910652,0.8969832149102966,1,
776.500000000,16.946499694445738,-4.473069828590801,0.9215069424129664,1,
776.600000000,16.991846235200832,-4.413331304659031,0.9460306699156363,1,
776.700000000,17.035714276194444,-4.3524987888522455,0.9705543974183062,1,
776.800000000,17.07807743592942,-4.290608864815542,0.9950781249209757,1,
776.900000000,17.118910237918712,-4.227698752101422,1.0196018524236452,1,
777.000000000,17.158188126006515,-4.163806283786589,1.044125579926315,1,
777.100000000,17.195887479135916,-4.09896988371977,1.0686493074289847,1,
777.200000000,17.231742443062693,-4.033671423299173,1.0941545601544913,1,
777.300000000,17.26547702895887,-3.968338613923613,1.1206263460697627,1,
777.400000000,17.297470521537672,-3.90213578393048,1.1470981319850346,1,
777.500000000,17.32770050249402,-3.83510932260461,1.1735699179003063,1,
777.600000000,17.35614578924105,-3.7673061963612793,1.2000417038155777,1,
777.700000000,17.382786449753052,-3.698773915836158,1.2265134897308494,1,
777.800000000,17.407603816532145,-3.629560502593914,1.252985275646121,1,
777.900000000,17.430580499688855,-3.559714455478807,1.279457061561393,1,
778.000000000,17.451700399127468,-3.4892847166308427,1.3059288474766646,1,
778.100000000,17.470948715827596,-3.4183206371913037,1.3324006333919363,1,
778.200000000,17.488659515623237,-3.3454417817488724,1.3559269961110039,1,
778.300000000,17.504650998046422,-3.2721664619617234,1.3794533588300708,1,
778.400000000,17.518914312383902,-3.1985352330971293,1.4029797215491386,1,
778.500000000,17.531441564401618,-3.124588847405301,1.4265060842682062,1,
778.600000000,17.542225820713877,-3.0503682315644753,1.4500324469872732,1,
778.700000000,17.55126111262074,-2.975914464029462,1.4735588097063406,1,
778.800000000,17.558542439411468,-2.9012687522961906,1.4970851724254075,1,
778.900000000,17.564065771132256,-2.8264724100948357,1.5206115351444753,1,
779.000000000,17.56782805081665,-2.7515668345241453,1.5441378978635423,1,
779.100000000,17.569827196177485,-2.6765934831396283,1.56766426058261,1,
779.200000000,17.570062100759344,-2.601593851008281,1.582523672005844,1,
779.300000000,17.56918257002925,-2.5265990083476364,1.5973830834290779,1,
779.400000000,17.567188798185864,-2.451625513872345,1.6122424948523126,1,
779.500000000,17.564081225450117,-2.3766899215834196,1.6271019062755456,1,
779.600000000,17.559860537967992,-2.3018087771131444,1.64196131769878,1,
779.700000000,17.554527667659034,-2.226998614071831,1.6568207291220132,1,
779.800000000,17.548083792010583,-2.152275950397232,1.6716801405452473,1,
779.900000000,17.540530333817784,-2.0776572847074086,1.6865395519684812,1,
780.000000000,17.53186896086944,-2.0031590926578717,1.7013989633917148,1,
780.100000000,17.52210158557976,-1.9287978233037877,1.716258374814949,1,
780.200000000,17.511230364566124,-1.8545898954680595,1.7132115001092012,1,
780.300000000,17.500585295922097,-1.7803491888876133,1.7087079995230106,1,
780.400000000,17.4902746771624,-1.7060612952521617,1.704204498936818,1,
780.500000000,17.480298717401677,-1.6317277212303751,1.699700998350626,1,
780.600000000,17.470657618967188,-1.5573499744173902,1.6951974977644346,1,
780.700000000,17.46135157739471,-1.482929563304233,1.6906939971782424,1,
780.800000000,17.45238078142457,-1.4084679972472254,1.6861904965920507,1,
780.900000000,17.443745412997814,-1.333966786437372,1.6816869960058598,1,
781.000000000,17.435445647252525,-1.2594274418697324,1.6771834954196672,1,
781.100000000,17.42748165252026,-1.1848514753127748,1.6726799948334756,1,
781.200000000,17.41985359032265,-1.1102403992777157,1.6681764942472839,1,
781.300000000,17.412561615368105,-1.0355957269878444,1.6636729936610917,1,
781.400000000,17.405605875548694,-0.9609189723478316,1.6591694930748997,1,
781.500000000,17.39898651193714,-0.8862116499130259,1.654665992488709,1,
781.600000000,17.39270365878395,-0.8114752748587359,1.6501624919025168,1,
781.700000000,17.386949635841553,-0.7391278664803882,1.6227383575817154,1,
