0.200000000 0.2 0 0 0 0 0 1
0.300000000 0.2 0 0 0 0 0 1
0.400000000 0.2 0 0 0 0 0 1
0.500000000 0.2 0 0 0 0 0 1
0.600000000 0.2 0 0 0 0 0 1
0.700000000 0.2 0 0 0 0 0 1
0.800000000 0.2 0 0 0 0 0 1
0.900000000 0.2 0 0 0 0 0 1
1.000000000 0.2 0 0 0 0 0 1
1.100000000 0.2 0 0 0 0 0 1
1.200000000 0.2 0 0 0 0 0 1
1.300000000 0.2 0 0 0 0 0 1
1.400000000 0.2 0 0 0 0 0 1
1.500000000 0.2 0 0 0 0 0 1
1.600000000 0.2 0 0 0 0 0 1
1.700000000 0.2 0 0 0 0 0 1
1.800000000 0.2 0 0 0 0 0 1
1.900000000 0.2 0 0 0 0 0 1
2.000000000 0.2 0 0 0 0 0 1
2.100000000 0.2 0 0 0 0 0 1
2.200000000 0.2 0 0 0 0 0 1
2.300000000 0.2 0 0 0 0 0 1
2.400000000 0.2 0 0 0 0 0 1
2.500000000 0.2 0 0 0 0 0 1
2.600000000 0.2 0 0 0 0 0 1
2.700000000 0.2 0 0 0 0 0 1
2.800000000 0.2 0 0 0 0 0 1
2.900000000 0.2 0 0 0 0 0 1
3.000000000 0.2 0 0 0 0 0 1
3.100000000 0.2 0 0 0 0 0 1
3.200000000 0.2 0 0 0 0 0 1
3.300000000 0.2 0 0 0 0 0 1
3.400000000 0.2 0 0 0 0 0 1
3.500000000 0.2 0 0 0 0 0 1
3.600000000 0.2 0 0 0 0 0 1
3.700000000 0.2 0 0 0 0 0 1
3.800000000 0.22 -4.73042e-18 0 0 0 -1.18261e-17 1
3.900000000 0.24 -9.46084e-18 0 0 0 -2.36521e-17 1
4.000000000 0.26 -1.41913e-17 0 0 0 -3.54782e-17 1
4.100000000 0.28 -1.89217e-17 0 0 0 -4.73042e-17 1
4.200000000 0.3 -2.36521e-17 0 0 0 -5.91303e-17 1
4.300000000 0.318333 -2.79883e-17 0 0 0 -6.99708e-17 1
4.400000000 0.338333 -3.27187e-17 0 0 0 -8.17969e-17 1
4.500000000 0.36 -3.78434e-17 0 0 0 -9.46084e-17 1
4.600000000 0.38 -4.25738e-17 0 0 0 -1.06434e-16 1
4.700000000 0.4 -4.73042e-17 0 0 0 -1.18261e-16 1
4.800000000 0.418333 -5.16404e-17 0 0 0 -1.29101e-16 1
4.900000000 0.436667 -5.59767e-17 0 0 0 -1.39942e-16 1
5.000000000 0.456667 -6.07071e-17 0 0 0 -1.51768e-16 1
5.100000000 0.475 -6.50433e-17 0 0 0 -1.62608e-16 1
5.200000000 0.495 -6.97737e-17 0 0 0 -1.74434e-16 1
5.300000000 0.513333 -7.41099e-17 0 0 0 -1.85275e-16 1
5.400000000 0.535 -7.92346e-17 0 0 0 -1.98086e-16 1
5.500000000 0.555 -8.3965e-17 0 0 0 -2.09912e-16 1
5.600000000 0.578333 -8.94838e-17 0 0 0 -2.2371e-16 1
5.700000000 0.601667 -9.50026e-17 0 0 0 -2.37507e-16 1
5.800000000 0.623333 -1.00127e-16 0 0 0 -2.50318e-16 1
5.900000000 0.645 -1.05252e-16 0 0 0 -2.6313e-16 1
6.000000000 0.666667 -1.10377e-16 0 0 0 -2.75941e-16 1
6.100000000 0.69 -1.15895e-16 0 0 0 -2.89738e-16 1
6.200000000 0.711667 -1.2102e-16 0 0 0 -3.0255e-16 1
6.300000000 0.733333 -1.26145e-16 0 0 0 -3.15361e-16 1
6.400000000 0.753333 -1.30875e-16 0 0 0 -3.27187e-16 1
6.500000000 0.773333 -1.35605e-16 0 0 0 -3.39014e-16 1
6.600000000 0.791667 -1.39942e-16 0 0 0 -3.49854e-16 1
6.700000000 0.811667 -1.44672e-16 0 0 0 -3.6168e-16 1
6.800000000 0.831667 -1.49402e-16 0 0 0 -3.73506e-16 1
6.900000000 0.851667 -1.54133e-16 0 0 0 -3.85332e-16 1
7.000000000 0.871667 -1.58863e-16 0 0 0 -3.97158e-16 1
7.100000000 0.891667 -1.63594e-16 0 0 0 -4.08984e-16 1
7.200000000 0.911667 -1.68324e-16 0 0 0 -4.2081e-16 1
7.300000000 0.931667 -1.73055e-16 0 0 0 -4.32636e-16 1
7.400000000 0.951667 -1.77785e-16 0 0 0 -4.44463e-16 1
7.500000000 0.971667 -1.82515e-16 0 0 0 -4.56289e-16 1
7.600000000 0.99 -1.86852e-16 0 0 0 -4.67129e-16 1
7.700000000 1.00833 -1.91188e-16 0 0 0 -4.7797e-16 1
7.800000000 1.02833 -1.95918e-16 0 0 0 -4.89796e-16 1
7.900000000 1.02733 -0.0199667 0 0 0 -0.0499792 0.99875
8.000000000 1.02435 -0.0397339 0 0 0 -0.0998334 0.995004
8.100000000 1.0194 -0.059104 0 0 0 -0.149438 0.988771
8.200000000 1.01255 -0.0778837 0 0 0 -0.198669 0.980067
8.300000000 1.00385 -0.0958851 0 0 0 -0.247404 0.968912
8.400000000 0.9934 -0.112928 0 0 0 -0.29552 0.955336
8.500000000 0.981302 -0.128844 0 0 0 -0.342898 0.939373
8.600000000 0.967675 -0.143471 0 0 0 -0.389418 0.921061
8.700000000 0.952655 -0.156665 0 0 0 -0.434966 0.900447
8.800000000 0.936394 -0.168294 0 0 0 -0.479426 0.877583
8.900000000 0.919053 -0.178241 0 0 0 -0.522687 0.852525
9.000000000 0.900805 -0.186408 0 0 0 -0.564642 0.825336
9.100000000 0.881833 -0.192712 0 0 0 -0.605186 0.796084
9.200000000 0.862327 -0.19709 0 0 0 -0.644218 0.764842
9.300000000 0.842481 -0.199499 0 0 0 -0.681639 0.731689
9.400000000 0.822493 -0.199915 0 0 0 -0.717356 0.696707
9.500000000 0.802564 -0.198333 0 0 0 -0.75128 0.659983
9.600000000 0.782893 -0.19477 0 0 0 -0.783327 0.62161
9.700000000 0.763675 -0.18926 0 0 0 -0.813416 0.581683
9.800000000 0.745104 -0.181859 0 0 0 -0.841471 0.540302
9.900000000 0.727364 -0.172642 0 0 0 0.867423 -0.497571
10.000000000 0.710633 -0.161699 0 0 0 0.891207 -0.453596
10.100000000 0.695078 -0.149141 0 0 0 0.912764 -0.408487
10.200000000 0.680855 -0.135093 0 0 0 0.932039 -0.362358
10.300000000 0.668105 -0.119694 0 0 0 0.948985 -0.315322
10.400000000 0.656956 -0.1031 0 0 0 0.963558 -0.267499
10.500000000 0.647519 -0.085476 0 0 0 0.975723 -0.219007
10.600000000 0.639889 -0.0669976 0 0 0 0.98545 -0.169967
10.700000000 0.634142 -0.0478499 0 0 0 0.992713 -0.120503
10.800000000 0.630335 -0.028224 0 0 0 0.997495 -0.0707372
10.900000000 0.628506 -0.00831613 0 0 0 0.999784 -0.0207948
11.000000000 0.628674 0.0116748 0 0 0 0.999574 0.0291995
11.100000000 0.630837 0.0315491 0 0 0 0.996865 0.0791209
11.200000000 0.634974 0.0511082 0 0 0 0.991665 0.128844
11.300000000 0.641042 0.0701566 0 0 0 0.983986 0.178246
11.400000000 0.648982 0.0885041 0 0 0 0.973848 0.227202
11.500000000 0.658713 0.105967 0 0 0 0.961275 0.27559
11.600000000 0.67014 0.122372 0 0 0 0.9463 0.32329
11.700000000 0.683147 0.137553 0 0 0 0.92896 0.370181
11.800000000 0.697605 0.15136 0 0 0 0.909297 0.416147
11.900000000 0.713369 0.163655 0 0 0 0.887362 0.461073
12.000000000 0.730281 0.174315 0 0 0 0.863209 0.504846
12.100000000 0.748173 0.183233 0 0 0 0.836899 0.547358
12.200000000 0.766867 0.19032 0 0 0 0.808496 0.588501
12.300000000 0.786174 0.195506 0 0 0 0.778073 0.628174
12.400000000 0.805903 0.198738 0 0 0 0.745705 0.666276
12.500000000 0.825856 0.199985 0 0 0 0.711473 0.702713
12.600000000 0.845833 0.199233 0 0 0 0.675463 0.737394
12.700000000 0.865636 0.196491 0 0 0 0.637765 0.770231
12.800000000 0.885066 0.191785 0 0 0 0.598472 0.801144
12.900000000 0.903929 0.185163 0 0 0 0.557684 0.830054
13.000000000 0.922037 0.176691 0 0 0 0.515501 0.856889
13.100000000 0.939208 0.166453 0 0 0 0.472031 0.881582
13.200000000 0.955272 0.154553 0 0 0 0.42738 0.904072
13.300000000 0.970067 0.141108 0 0 0 0.381661 0.924302
13.400000000 0.983447 0.126253 0 0 0 0.334988 0.942222
13.500000000 0.995276 0.110137 0 0 0 0.287478 0.957787
13.600000000 1.00544 0.0929204 0 0 0 0.239249 0.970958
13.700000000 1.01383 0.0747753 0 0 0 0.190423 0.981702
13.800000000 1.02037 0.0558831 0 0 0 0.14112 0.989992
13.900000000 1.02499 0.0364325 0 0 0 0.0914646 0.995808
14.000000000 1.02764 0.0166179 0 0 0 0.0415807 0.999135
14.100000000 1.02831 -0.00336278 0 0 0 -0.00840725 0.999965
14.200000000 1.02697 -0.0233098 0 0 0 -0.0583741 0.998295
14.300000000 1.02365 -0.043024 0 0 0 -0.108195 0.99413
14.400000000 1.01838 -0.0623083 0 0 0 -0.157746 0.98748
14.500000000 1.01121 -0.08097 0 0 0 -0.206902 0.978362
14.600000000 1.00221 -0.0988227 0 0 0 -0.255541 0.966798
14.700000000 0.991478 -0.115688 0 0 0 -0.303542 0.952818
14.800000000 0.991478 -0.115688 0 0 0 -0.303542 0.952818
14.900000000 0.991478 -0.115688 0 0 0 -0.303542 0.952818
15.000000000 0.991478 -0.115688 0 0 0 -0.303542 0.952818
15.100000000 0.991478 -0.115688 0 0 0 -0.303542 0.952818
15.200000000 0.991478 -0.115688 0 0 0 -0.303542 0.952818
15.300000000 0.991478 -0.115688 0 0 0 -0.303542 0.952818
15.400000000 0.991478 -0.115688 0 0 0 -0.303542 0.952818
15.500000000 0.991478 -0.115688 0 0 0 -0.303542 0.952818
15.600000000 0.991478 -0.115688 0 0 0 -0.303542 0.952818
15.700000000 0.991478 -0.115688 0 0 0 -0.303542 0.952818
15.800000000 0.991478 -0.115688 0 0 0 -0.303542 0.952818
15.900000000 0.991478 -0.115688 0 0 0 -0.303542 0.952818
16.000000000 0.991478 -0.115688 0 0 0 -0.303542 0.952818
16.100000000 0.991478 -0.115688 0 0 0 -0.303542 0.952818
16.200000000 0.991478 -0.115688 0 0 0 -0.303542 0.952818
16.300000000 0.991478 -0.115688 0 0 0 -0.303542 0.952818
16.400000000 0.991478 -0.115688 0 0 0 -0.303542 0.952818
16.500000000 0.991478 -0.115688 0 0 0 -0.303542 0.952818
16.600000000 0.991478 -0.115688 0 0 0 -0.303542 0.952818
16.700000000 0.991478 -0.115688 0 0 0 -0.303542 0.952818
16.800000000 0.991478 -0.115688 0 0 0 -0.303542 0.952818
16.900000000 0.991478 -0.115688 0 0 0 -0.303542 0.952818
17.000000000 0.991478 -0.115688 0 0 0 -0.303542 0.952818
17.100000000 1.05545 -0.155036 0 0 0 -0.291836 0.956468
17.200000000 1.10691 -0.179746 0 0 0 -0.272086 0.962273
17.300000000 1.14854 -0.191743 0 0 0 -0.244109 0.969748
17.400000000 1.17678 -0.1898 0 0 0 -0.207347 0.978267
17.500000000 1.18656 -0.17296 0 0 0 -0.159699 0.987166
17.600000000 1.19191 -0.153696 0 0 0 -0.110162 0.993914
17.700000000 1.19531 -0.133996 0 0 0 -0.0603491 0.998177
17.800000000 1.19672 -0.114054 0 0 0 -0.0103856 0.999946
17.900000000 1.19614 -0.0940708 0 0 0 0.0396038 0.999215
18.000000000 1.19356 -0.0742458 0 0 0 0.0894943 0.995987
18.100000000 1.21444 -0.0551361 0 0 0 0.127008 0.991902
18.200000000 1.25192 -0.0334141 0 0 0 0.155676 0.987808
18.300000000 1.30428 -0.0076493 0 0 0 0.176424 0.984314
18.400000000 1.37285 0.0229773 0 0 0 0.18848 0.982077
18.500000000 1.44241 0.0510298 0 0 0 0.189239 0.981931
18.600000000 1.51204 0.0789028 0 0 0 0.189239 0.981931
18.700000000 1.58166 0.106776 0 0 0 0.189239 0.981931
18.800000000 1.65141 0.134362 0 0 0 0.18848 0.982077
18.900000000 1.72133 0.156822 0 0 0 0.176137 0.984366
19.000000000 1.77788 0.171876 0 0 0 0.16261 0.98669
19.100000000 1.83325 0.184777 0 0 0 0.148899 0.988852
19.200000000 1.88733 0.195803 0 0 0 0.135564 0.990769
19.300000000 1.9384 0.204789 0 0 0 0.123015 0.992405
19.400000000 1.98802 0.212232 0 0 0 0.110852 0.993837
19.500000000 2.03616 0.21825 0 0 0 0.0990782 0.99508
19.600000000 2.08276 0.22296 0 0 0 0.0876973 0.996147
19.700000000 2.12779 0.226473 0 0 0 0.0767121 0.997053
19.800000000 2.17122 0.228899 0 0 0 0.0661248 0.997811
19.900000000 2.21302 0.230345 0 0 0 0.0559377 0.998434
20.000000000 2.25643 0.231773 0 0 0 0.0473708 0.998877
20.100000000 2.29985 0.232611 0 0 0 0.0391913 0.999232
20.200000000 2.34162 0.232733 0 0 0 0.031324 0.999509
20.300000000 2.3817 0.23222 0 0 0 0.0237695 0.999717
20.400000000 2.42011 0.231147 0 0 0 0.0165285 0.999863
20.500000000 2.45683 0.229589 0 0 0 0.00960152 0.999954
20.600000000 2.49352 0.227522 0 0 0 0.00267408 0.999996
20.700000000 2.52852 0.225064 0 0 0 -0.00393861 0.999992
20.800000000 2.56514 0.222005 0 0 0 -0.010866 0.999941
20.900000000 2.60006 0.2186 0 0 0 -0.017478 0.999847
21.000000000 2.63664 0.215681 0 0 0 -0.0215752 0.999767
21.100000000 2.6732 0.212582 0 0 0 -0.0253708 0.999678
21.200000000 2.70974 0.209206 0 0 0 -0.0291661 0.999575
21.300000000 2.74459 0.205718 0 0 0 -0.0327884 0.999462
21.400000000 2.77776 0.202156 0 0 0 -0.0362378 0.999343
21.500000000 2.80924 0.198555 0 0 0 -0.0395144 0.999219
21.600000000 2.84236 0.194546 0 0 0 -0.042963 0.999077
21.700000000 2.87544 0.19031 0 0 0 -0.046411 0.998922
21.800000000 2.90685 0.186068 0 0 0 -0.0496862 0.998765
21.900000000 2.93822 0.181621 0 0 0 -0.0529608 0.998597
22.000000000 2.96467 0.17813 0 0 0 -0.0546427 0.998506
22.100000000 2.98945 0.174774 0 0 0 -0.0562194 0.998418
22.200000000 3.01422 0.17134 0 0 0 -0.057796 0.998328
22.300000000 3.04888 0.166423 0 0 0 -0.0600029 0.998198
22.400000000 3.08187 0.161594 0 0 0 -0.0621044 0.99807
22.500000000 3.11319 0.156875 0 0 0 -0.0641007 0.997943
22.600000000 3.1445 0.15203 0 0 0 -0.0660966 0.997813
22.700000000 3.17578 0.14706 0 0 0 -0.0680923 0.997679
22.800000000 3.21527 0.140625 0 0 0 -0.0706129 0.997504
22.900000000 3.28948 0.129753 0 0 0 -0.0713842 0.997449
23.000000000 3.35381 0.120497 0 0 0 -0.0713842 0.997449
23.100000000 3.42805 0.109816 0 0 0 -0.0713842 0.997449
23.200000000 3.50228 0.099136 0 0 0 -0.0713842 0.997449
23.300000000 3.57652 0.0884557 0 0 0 -0.0713842 0.997449
23.400000000 3.65076 0.0777753 0 0 0 -0.0713842 0.997449
23.500000000 3.72499 0.067095 0 0 0 -0.0713842 0.997449
23.600000000 3.79923 0.0564147 0 0 0 -0.0713842 0.997449
23.700000000 3.87346 0.0457344 0 0 0 -0.0713842 0.997449
23.800000000 3.9477 0.0350541 0 0 0 -0.0713842 0.997449
23.900000000 4.02193 0.0243738 0 0 0 -0.0713842 0.997449
24.000000000 4.09617 0.0136934 0 0 0 -0.0713842 0.997449
24.100000000 4.11781 0.0120024 0 0 0 -0.0678728 0.997694
24.200000000 4.138 0.0121759 0 0 0 -0.0606224 0.998161
24.300000000 4.18084 0.018616 0 0 0 -0.0316947 0.999498
24.400000000 4.21749 0.029042 0 0 0 0.000139247 1
24.500000000 4.2534 0.0417791 0 0 0 0.031973 0.999489
24.600000000 4.28843 0.0567757 0 0 0 0.0637744 0.997964
24.700000000 4.32244 0.073971 0 0 0 0.0955111 0.995428
24.800000000 4.35528 0.0932953 0 0 0 0.127151 0.991883
24.900000000 4.38682 0.11467 0 0 0 0.158662 0.987333
25.000000000 4.43334 0.140048 0 0 0 0.182134 0.983274
25.100000000 4.48922 0.169444 0 0 0 0.200372 0.97972
25.200000000 4.54313 0.200718 0 0 0 0.218947 0.975737
25.300000000 4.59581 0.234018 0 0 0 0.237444 0.971401
25.400000000 4.6531 0.271017 0 0 0 0.252955 0.967478
25.500000000 4.70747 0.309272 0 0 0 0.269246 0.963071
25.600000000 4.76051 0.349339 0 0 0 0.285461 0.95839
25.700000000 4.81384 0.391847 0 0 0 0.300757 0.953701
25.800000000 4.86579 0.436039 0 0 0 0.315977 0.948767
25.900000000 4.91712 0.482266 0 0 0 0.330694 0.943738
26.000000000 4.96699 0.530067 0 0 0 0.345332 0.938481
26.100000000 5.01615 0.579848 0 0 0 0.359465 0.933159
26.200000000 5.06379 0.63109 0 0 0 0.373516 0.927624
26.300000000 5.11562 0.685354 0 0 0 0.380934 0.924602
26.400000000 5.16658 0.740442 0 0 0 0.388328 0.921521
26.500000000 5.21682 0.79618 0 0 0 0.395163 0.918611
26.600000000 5.26658 0.852332 0 0 0 0.400878 0.916131
26.700000000 5.31563 0.9091 0 0 0 0.406577 0.913616
26.800000000 5.36397 0.966475 0 0 0 0.412261 0.911066
26.900000000 5.4116 1.02445 0 0 0 0.417928 0.90848
27.000000000 5.4585 1.08301 0 0 0 0.423579 0.905859
27.100000000 5.48887 1.11844 0 0 0 0.422249 0.90648
27.200000000 5.51836 1.15244 0 0 0 0.420643 0.907226
27.300000000 5.54688 1.18507 0 0 0 0.419096 0.907942
27.400000000 5.57441 1.21635 0 0 0 0.417607 0.908628
27.500000000 5.60093 1.2463 0 0 0 0.416176 0.909284
27.600000000 5.62645 1.27491 0 0 0 0.414804 0.909911
27.700000000 5.65093 1.30221 0 0 0 0.41349 0.910508
27.800000000 5.67549 1.32944 0 0 0 0.412176 0.911104
27.900000000 5.69901 1.35536 0 0 0 0.410921 0.911671
28.000000000 5.72458 1.38393 0 0 0 0.410372 0.911918
28.100000000 5.75575 1.41866 0 0 0 0.409703 0.912219
28.200000000 5.78585 1.45211 0 0 0 0.409058 0.912508
28.300000000 5.80707 1.47562 0 0 0 0.408604 0.912712
28.400000000 5.83614 1.50776 0 0 0 0.407982 0.91299
28.500000000 5.85405 1.52751 0 0 0 0.4076 0.913161
28.600000000 5.88095 1.55712 0 0 0 0.407026 0.913417
28.700000000 5.8989 1.57683 0 0 0 0.406643 0.913587
28.800000000 5.91463 1.59407 0 0 0 0.406308 0.913736
28.900000000 5.93149 1.61253 0 0 0 0.405949 0.913896
29.000000000 5.98089 1.66897 0 0 0 0.408652 0.91269
29.100000000 6.02996 1.7257 0 0 0 0.411351 0.911477
29.200000000 6.07869 1.78272 0 0 0 0.414047 0.910256
29.300000000 6.12708 1.84003 0 0 0 0.416739 0.909026
29.400000000 6.17513 1.89763 0 0 0 0.419427 0.907789
29.500000000 6.22283 1.9555 0 0 0 0.422112 0.906544
29.600000000 6.2702 2.01366 0 0 0 0.424793 0.90529
29.700000000 6.31722 2.0721 0 0 0 0.427471 0.904029
29.800000000 6.36389 2.13082 0 0 0 0.430144 0.90276
29.900000000 6.41022 2.18981 0 0 0 0.432814 0.901483
30.000000000 6.45374 2.25098 0 0 0 0.442448 0.896794
30.100000000 6.49496 2.31173 0 0 0 0.451976 0.89203
30.200000000 6.53305 2.37054 0 0 0 0.461023 0.887388
30.300000000 6.56907 2.42871 0 0 0 0.469809 0.882768
30.400000000 6.60222 2.4847 0 0 0 0.478123 0.878293
30.500000000 6.63349 2.53986 0 0 0 0.486183 0.873857
30.600000000 6.66294 2.59412 0 0 0 0.493991 0.869467
30.700000000 6.68988 2.64594 0 0 0 0.501341 0.86525
30.800000000 6.71519 2.69672 0 0 0 0.508447 0.861094
30.900000000 6.73894 2.7464 0 0 0 0.51531 0.857004
31.000000000 6.7612 2.79494 0 0 0 0.521934 0.852986
31.100000000 6.77944 2.83799 0 0 0 0.529081 0.848571
31.200000000 6.79695 2.88135 0 0 0 0.536191 0.844097
31.300000000 6.81313 2.92344 0 0 0 0.543011 0.839726
31.400000000 6.82806 2.96421 0 0 0 0.549544 0.835465
31.500000000 6.84179 3.00364 0 0 0 0.555795 0.831319
31.600000000 6.85441 3.04169 0 0 0 0.561767 0.827296
31.700000000 6.86598 3.07832 0 0 0 0.567462 0.8234
31.800000000 6.87656 3.11351 0 0 0 0.572884 0.819636
31.900000000 6.88621 3.14723 0 0 0 0.578037 0.816011
32.000000000 6.89532 3.18111 0 0 0 0.58342 0.812171
32.100000000 6.90357 3.21348 0 0 0 0.588523 0.80848
32.200000000 6.91102 3.24434 0 0 0 0.59335 0.804945
32.300000000 6.9181 3.27528 0 0 0 0.598155 0.80138
32.400000000 6.92445 3.30468 0 0 0 0.602688 0.797977
32.500000000 6.93014 3.3325 0 0 0 0.606951 0.794739
32.600000000 6.93553 3.36039 0 0 0 0.611196 0.791479
32.700000000 6.94032 3.38669 0 0 0 0.615176 0.78839
32.800000000 6.94456 3.41139 0 0 0 0.618893 0.785475
32.900000000 6.94857 3.43613 0 0 0 0.622596 0.782543
33.000000000 6.9521 3.45926 0 0 0 0.62604 0.779791
33.100000000 6.95574 3.48234 0 0 0 0.628835 0.777539
33.200000000 6.95971 3.50876 0 0 0 0.632019 0.774953
33.300000000 6.96346 3.5352 0 0 0 0.635192 0.772354
33.400000000 6.96678 3.56002 0 0 0 0.638158 0.769906
33.500000000 6.97011 3.58652 0 0 0 0.641311 0.767281
33.600000000 6.97303 3.61139 0 0 0 0.644256 0.76481
33.700000000 6.97595 3.63795 0 0 0 0.647388 0.762161
33.800000000 6.97847 3.66286 0 0 0 0.650314 0.759665
33.900000000 6.9808 3.68779 0 0 0 0.653231 0.757159
34.000000000 6.98309 3.7144 0 0 0 0.656331 0.754473
34.100000000 6.98516 3.74103 0 0 0 0.65942 0.751775
34.200000000 6.98689 3.76602 0 0 0 0.662306 0.749233
34.300000000 6.98904 3.801 0 0 0 0.66633 0.745657
34.400000000 6.99074 3.83435 0 0 0 0.670145 0.74223
34.500000000 6.99209 3.86771 0 0 0 0.673942 0.738785
34.600000000 6.99305 3.89941 0 0 0 0.677532 0.735493
34.700000000 6.9945 3.97449 0 0 0 0.686137 0.727473
34.800000000 6.99418 4.04958 0 0 0 0.694647 0.719351
34.900000000 6.9921 4.12464 0 0 0 0.70306 0.71113
35.000000000 6.98825 4.19963 0 0 0 0.711376 0.702811
35.100000000 6.98103 4.26745 0 0 0 0.72253 0.69134
35.200000000 6.97178 4.33591 0 0 0 0.733194 0.680019
35.300000000 6.9603 4.40313 0 0 0 0.74398 0.668202
35.400000000 6.947 4.47367 0 0 0 0.753381 0.657584
35.500000000 6.93171 4.5438 0 0 0 0.76263 0.646834
35.600000000 6.9145 4.61541 0 0 0 0.771125 0.636684
35.700000000 6.89539 4.68557 0 0 0 0.779782 0.626051
35.800000000 6.87432 4.75713 0 0 0 0.787702 0.616056
35.900000000 6.8518 4.82704 0 0 0 0.795374 0.606119
36.000000000 6.82721 4.89646 0 0 0 0.803327 0.595539
36.100000000 6.80079 4.96521 0 0 0 0.811139 0.584854
36.200000000 6.77256 5.03323 0 0 0 0.818808 0.574067
36.300000000 6.74255 5.10048 0 0 0 0.826335 0.563179
36.400000000 6.71076 5.16692 0 0 0 0.833716 0.552193
36.500000000 6.67702 5.23346 0 0 0 0.84069 0.541516
36.600000000 6.6416 5.29912 0 0 0 0.847527 0.530752
36.700000000 6.60477 5.36289 0 0 0 0.854478 0.519488
36.800000000 6.56626 5.42567 0 0 0 0.861279 0.508133
36.900000000 6.5261 5.48741 0 0 0 0.867929 0.496689
37.000000000 6.48399 5.549 0 0 0 0.874192 0.48558
37.100000000 6.44074 5.61036 0 0 0 0.879357 0.476163
37.200000000 6.39635 5.6709 0 0 0 0.884175 0.467156
37.300000000 6.35073 5.73052 0 0 0 0.888901 0.4581
37.400000000 6.30391 5.7892 0 0 0 0.893534 0.448996
37.500000000 6.25589 5.84691 0 0 0 0.898074 0.439845
37.600000000 6.20671 5.90362 0 0 0 0.90252 0.430649
37.700000000 6.15638 5.95932 0 0 0 0.906872 0.421407
37.800000000 6.10492 6.01397 0 0 0 0.911129 0.412122
37.900000000 6.05236 6.06757 0 0 0 0.915291 0.402793
38.000000000 5.99871 6.12008 0 0 0 0.919358 0.393422
38.100000000 5.944 6.17148 0 0 0 0.923329 0.384011
38.200000000 5.88825 6.22176 0 0 0 0.927203 0.374559
38.300000000 5.83149 6.27088 0 0 0 0.930981 0.365068
38.400000000 5.77373 6.31884 0 0 0 0.934661 0.355539
38.500000000 5.71501 6.36561 0 0 0 0.938244 0.345973
38.600000000 5.65534 6.41116 0 0 0 0.941729 0.336371
38.700000000 5.59476 6.45549 0 0 0 0.945116 0.326734
38.800000000 5.53328 6.49857 0 0 0 0.948405 0.317063
38.900000000 5.47094 6.54039 0 0 0 0.951594 0.307358
39.000000000 5.40775 6.58092 0 0 0 0.954684 0.297622
39.100000000 5.34361 6.61902 0 0 0 0.958402 0.285423
39.200000000 5.27922 6.65478 0 0 0 0.962095 0.272714
39.300000000 5.21392 6.68882 0 0 0 0.965621 0.259956
39.400000000 5.14773 6.72112 0 0 0 0.968977 0.247153
39.500000000 5.08071 6.75166 0 0 0 0.972163 0.234306
39.600000000 5.0129 6.78041 0 0 0 0.975179 0.221418
39.700000000 4.94436 6.80736 0 0 0 0.978024 0.208492
39.800000000 4.87513 6.83248 0 0 0 0.980698 0.195529
39.900000000 4.80526 6.85576 0 0 0 0.9832 0.182532
40.000000000 4.73959 6.87416 0 0 0 0.985994 0.166779
40.100000000 4.67336 6.89045 0 0 0 0.988536 0.150983
40.200000000 4.60745 6.90418 0 0 0 0.990885 0.134711
40.300000000 4.5403 6.91614 0 0 0 0.992913 0.118841
40.400000000 4.47281 6.92595 0 0 0 0.994688 0.10294
40.500000000 4.40504 6.93359 0 0 0 0.996207 0.0870131
40.600000000 4.33706 6.93906 0 0 0 0.997472 0.0710639
40.700000000 4.2636 6.94423 0 0 0 0.998325 0.0578556
40.800000000 4.19002 6.94746 0 0 0 0.999003 0.0446372
40.900000000 4.11543 6.94902 0 0 0 0.999491 0.031894
41.000000000 4.04083 6.94867 0 0 0 0.999817 0.0191456
41.100000000 3.96576 6.94704 0 0 0 0.999969 0.00789058
41.200000000 3.89075 6.94372 0 0 0 0.999994 -0.00336546
41.300000000 3.81583 6.93872 0 0 0 0.999893 -0.0146211
41.400000000 3.74104 6.93202 0 0 0 0.999665 -0.0258748
41.500000000 3.66643 6.92365 0 0 0 0.999311 -0.0371253
41.600000000 3.59202 6.9136 0 0 0 0.998829 -0.0483711
41.700000000 3.51786 6.90188 0 0 0 0.998222 -0.0596108
41.800000000 3.44398 6.88849 0 0 0 0.997487 -0.0708429
41.900000000 3.37101 6.87292 0 0 0 0.996503 -0.0835574
42.000000000 3.29847 6.85549 0 0 0 0.995356 -0.0962583
42.100000000 3.2264 6.83623 0 0 0 0.994048 -0.108943
42.200000000 3.15484 6.81513 0 0 0 0.992578 -0.121611
42.300000000 3.08384 6.79221 0 0 0 0.990946 -0.134259
42.400000000 3.01346 6.76749 0 0 0 0.989154 -0.146885
42.500000000 2.94372 6.74098 0 0 0 0.9872 -0.159487
42.600000000 2.87468 6.7127 0 0 0 0.985086 -0.172063
42.700000000 2.80639 6.68267 0 0 0 0.982812 -0.184611
42.800000000 2.73888 6.65091 0 0 0 0.980378 -0.197129
42.900000000 2.67221 6.61744 0 0 0 0.977784 -0.209615
43.000000000 2.60641 6.58227 0 0 0 0.975031 -0.222067
43.100000000 2.55881 6.54989 0 0 0 0.970046 -0.242921
43.200000000 2.52824 6.52025 0 0 0 0.962496 -0.271296
43.300000000 2.51666 6.49524 0 0 0 0.951422 -0.307891
43.400000000 2.52629 6.47831 0 0 0 0.935384 -0.353633
43.500000000 2.54025 6.464 0 0 0 0.916541 -0.399941
43.600000000 2.55557 6.45115 0 0 0 0.895407 -0.445249
43.700000000 2.57209 6.4399 0 0 0 0.872035 -0.489444
43.800000000 2.58966 6.43035 0 0 0 -0.846483 0.532416
43.900000000 2.60808 6.42261 0 0 0 -0.818815 0.574057
44.000000000 2.6272 6.41674 0 0 0 -0.789101 0.614264
44.100000000 2.6468 6.41281 0 0 0 -0.757414 0.652934
44.200000000 2.66669 6.41085 0 0 0 -0.723835 0.689973
44.300000000 2.68669 6.4109 0 0 0 -0.688446 0.725288
44.400000000 2.70657 6.41293 0 0 0 -0.651336 0.758789
44.500000000 2.72616 6.41695 0 0 0 -0.612598 0.790394
44.600000000 2.74524 6.4229 0 0 0 -0.57233 0.820024
44.700000000 2.76364 6.43072 0 0 0 -0.53063 0.847603
44.800000000 2.78117 6.44034 0 0 0 -0.487605 0.873065
44.900000000 2.79764 6.45166 0 0 0 -0.44336 0.896344
45.000000000 2.8129 6.46458 0 0 0 -0.398008 0.917382
45.100000000 2.8268 6.47895 0 0 0 -0.35166 0.936128
45.200000000 2.8392 6.49463 0 0 0 -0.304434 0.952533
45.300000000 2.84996 6.51148 0 0 0 -0.256447 0.966558
45.400000000 2.85899 6.52931 0 0 0 -0.207818 0.978167
45.500000000 2.8662 6.54796 0 0 0 -0.158671 0.987332
45.600000000 2.8715 6.56724 0 0 0 -0.109126 0.994028
45.700000000 2.87486 6.58694 0 0 0 -0.0593092 0.99824
45.800000000 2.87623 6.60689 0 0 0 -0.00934385 0.999956
45.900000000 2.87561 6.62687 0 0 0 0.0406448 0.999174
46.000000000 2.89826 6.64385 0 0 0 0.0783139 0.996929
46.100000000 2.93768 6.6618 0 0 0 0.107148 0.994243
46.200000000 2.97766 6.68204 0 0 0 0.135098 0.990832
46.300000000 3.01643 6.7045 0 0 0 0.16294 0.986636
46.400000000 3.05387 6.7291 0 0 0 0.190654 0.981657
46.500000000 3.08987 6.75577 0 0 0 0.218217 0.9759
46.600000000 3.12431 6.78443 0 0 0 0.245606 0.96937
46.700000000 3.15709 6.81497 0 0 0 0.272801 0.962071
46.800000000 3.18809 6.84732 0 0 0 0.299779 0.954009
46.900000000 3.21722 6.88136 0 0 0 0.32652 0.94519
47.000000000 3.25894 6.92437 0 0 0 0.345574 0.938391
47.100000000 3.31307 6.97641 0 0 0 0.356115 0.934442
47.200000000 3.36644 7.02919 0 0 0 0.365143 0.930951
47.300000000 3.41893 7.08284 0 0 0 0.373632 0.927577
47.400000000 3.47044 7.13743 0 0 0 0.382089 0.924126
47.500000000 3.52093 7.19296 0 0 0 0.390514 0.920597
47.600000000 3.57041 7.2494 0 0 0 0.398907 0.916991
47.700000000 3.61884 7.30674 0 0 0 0.407267 0.913309
47.800000000 3.66622 7.36495 0 0 0 0.415592 0.909551
47.900000000 3.71578 7.42125 0 0 0 0.414206 0.910183
48.000000000 3.76572 7.47721 0 0 0 0.412156 0.911113
48.100000000 3.81591 7.53294 0 0 0 0.410103 0.912039
48.200000000 3.86636 7.58844 0 0 0 0.408048 0.91296
48.300000000 3.91705 7.64372 0 0 0 0.405991 0.913877
48.400000000 3.96799 7.69877 0 0 0 0.403943 0.914784
48.500000000 4.01915 7.75362 0 0 0 0.401965 0.915655
48.600000000 4.07054 7.80825 0 0 0 0.400021 0.916506
48.700000000 4.12214 7.86269 0 0 0 0.398147 0.917322
48.800000000 4.17394 7.91692 0 0 0 0.396308 0.918118
48.900000000 4.22594 7.97097 0 0 0 0.394539 0.918879
49.000000000 4.27813 8.02484 0 0 0 0.392841 0.919606
49.100000000 4.33222 8.07343 0 0 0 0.380195 0.924906
49.200000000 4.3778 8.10602 0 0 0 0.359533 0.933132
49.300000000 4.41502 8.12343 0 0 0 0.331214 0.943556
49.400000000 4.44111 8.12423 0 0 0 0.293925 0.955829
49.500000000 4.45264 8.10829 0 0 0 0.246535 0.969134
49.600000000 4.46254 8.09129 0 0 0 0.198549 0.980091
49.700000000 4.47072 8.07341 0 0 0 0.150081 0.988674
49.800000000 4.47711 8.05481 0 0 0 0.10125 0.994861
49.900000000 4.48163 8.03567 0 0 0 0.0521731 0.998638
50.000000000 4.48426 8.01618 0 0 0 0.00297012 0.999996
50.100000000 4.48495 7.99652 0 0 0 -0.0462401 0.99893
50.200000000 4.48371 7.97689 0 0 0 -0.0953382 0.995445
50.300000000 4.48055 7.95748 0 0 0 -0.144205 0.989548
50.400000000 4.47549 7.93848 0 0 0 -0.192723 0.981253
50.500000000 4.46859 7.92006 0 0 0 -0.240774 0.970581
50.600000000 4.45991 7.90241 0 0 0 -0.288242 0.957558
50.700000000 4.44954 7.8857 0 0 0 -0.335011 0.942214
50.800000000 4.43758 7.87009 0 0 0 -0.380968 0.924588
50.900000000 4.42414 7.85573 0 0 0 -0.426003 0.904722
51.000000000 4.40936 7.84276 0 0 0 -0.470005 0.882664
51.100000000 4.39337 7.83131 0 0 0 -0.512869 0.858467
51.200000000 4.37633 7.82148 0 0 0 -0.55449 0.83219
51.300000000 4.35841 7.81338 0 0 0 -0.594768 0.803898
51.400000000 4.33978 7.80707 0 0 0 -0.633605 0.773657
51.500000000 4.32062 7.80263 0 0 0 -0.670906 0.741542
51.600000000 4.30112 7.8001 0 0 0 -0.706582 0.707631
51.700000000 4.28146 7.79949 0 0 0 -0.740547 0.672005
51.800000000 4.26184 7.80082 0 0 0 -0.772717 0.634751
51.900000000 4.24244 7.80407 0 0 0 -0.803015 0.595959
52.000000000 4.22346 7.80921 0 0 0 -0.831367 0.555723
52.100000000 4.20507 7.81619 0 0 0 -0.857706 0.514141
52.200000000 4.18746 7.82495 0 0 0 0.881966 -0.471313
52.300000000 4.1708 7.83539 0 0 0 0.904089 -0.427344
52.400000000 4.15524 7.84742 0 0 0 0.924022 -0.382339
52.500000000 4.14094 7.86092 0 0 0 0.941717 -0.336407
52.600000000 4.12804 7.87577 0 0 0 0.957129 -0.289661
52.700000000 4.11665 7.89181 0 0 0 0.970223 -0.242213
52.800000000 4.1069 7.90889 0 0 0 0.980966 -0.194178
52.900000000 4.08164 7.91544 0 0 0 0.987832 -0.155526
53.000000000 4.05511 7.92294 0 0 0 0.993055 -0.11765
53.100000000 4.02923 7.93243 0 0 0 0.996827 -0.0796016
53.200000000 4.00416 7.94388 0 0 0 0.999141 -0.0414372
53.300000000 3.98003 7.9572 0 0 0 0.999995 -0.00321223
53.400000000 3.95699 7.97234 0 0 0 0.999387 0.0350174
53.500000000 3.93517 7.98918 0 0 0 0.997318 0.0731959
53.600000000 3.91471 8.00765 0 0 0 0.993791 0.111267
53.700000000 3.89571 8.02763 0 0 0 0.988811 0.149176
53.800000000 3.8783 8.04899 0 0 0 0.982385 0.186867
53.900000000 3.86257 8.07163 0 0 0 0.974524 0.224284
54.000000000 3.83089 8.10008 0 0 0 0.967519 0.252799
54.100000000 3.78543 8.13541 0 0 0 0.961876 0.273485
54.200000000 3.73439 8.17532 0 0 0 0.956875 0.290501
54.300000000 3.684 8.21736 0 0 0 0.951703 0.307019
54.400000000 3.63508 8.26111 0 0 0 0.946247 0.323446
54.500000000 3.58771 8.30653 0 0 0 0.940507 0.339775
54.600000000 3.54194 8.35357 0 0 0 0.934485 0.356003
54.700000000 3.49783 8.40216 0 0 0 0.928183 0.372123
54.800000000 3.45542 8.45225 0 0 0 0.921603 0.388133
54.900000000 3.41478 8.50377 0 0 0 0.914748 0.404026
55.000000000 3.37594 8.55667 0 0 0 0.907618 0.419798
55.100000000 3.32965 8.61573 0 0 0 0.904474 0.42653
55.200000000 3.28147 8.67321 0 0 0 0.905122 0.425151
55.300000000 3.23289 8.73036 0 0 0 0.906077 0.423112
55.400000000 3.18406 8.78729 0 0 0 0.907028 0.421071
55.500000000 3.13496 8.84399 0 0 0 0.907974 0.419027
55.600000000 3.08562 8.90047 0 0 0 0.908915 0.416982
55.700000000 3.03602 8.95674 0 0 0 0.909852 0.414934
55.800000000 2.98616 9.01277 0 0 0 0.910784 0.412884
55.900000000 2.93606 9.06858 0 0 0 0.911711 0.410832
56.000000000 2.88549 9.12398 0 0 0 0.912923 0.408132
56.100000000 2.8346 9.17908 0 0 0 0.914127 0.405429
56.200000000 2.78338 9.23387 0 0 0 0.915323 0.402721
56.300000000 2.73184 9.28836 0 0 0 0.91651 0.400011
56.400000000 2.67997 9.34255 0 0 0 0.91769 0.397297
56.500000000 2.62779 9.39643 0 0 0 0.918862 0.394579
56.600000000 2.57529 9.44999 0 0 0 0.920026 0.391858
56.700000000 2.52247 9.50325 0 0 0 0.921182 0.389133
56.800000000 2.46933 9.55619 0 0 0 0.922329 0.386405
56.900000000 2.41589 9.60882 0 0 0 0.923469 0.383674
57.000000000 2.36275 9.66174 0 0 0 0.923765 0.38296
57.100000000 2.30953 9.71459 0 0 0 0.924061 0.382245
57.200000000 2.25623 9.76735 0 0 0 0.924356 0.38153
57.300000000 2.20285 9.82003 0 0 0 0.924651 0.380815
57.400000000 2.14938 9.87263 0 0 0 0.924945 0.3801
57.500000000 2.09584 9.92515 0 0 0 0.925239 0.379385
57.600000000 2.04221 9.97758 0 0 0 0.925532 0.378669
57.700000000 1.9885 10.0299 0 0 0 0.925825 0.377953
57.800000000 1.93471 10.0822 0 0 0 0.926117 0.377237
57.900000000 1.88084 10.1344 0 0 0 0.926408 0.376521
58.000000000 1.82903 10.1886 0 0 0 0.923812 0.382846
58.100000000 1.77813 10.2438 0 0 0 0.920942 0.389699
58.200000000 1.72806 10.2997 0 0 0 0.918022 0.39653
58.300000000 1.67882 10.3563 0 0 0 0.91505 0.40334
58.400000000 1.63043 10.4136 0 0 0 0.912028 0.410127
58.500000000 1.5829 10.4717 0 0 0 0.908956 0.416892
58.600000000 1.53624 10.5305 0 0 0 0.905834 0.423634
58.700000000 1.49045 10.5899 0 0 0 0.902661 0.430352
58.800000000 1.44556 10.65 0 0 0 0.899439 0.437046
58.900000000 1.40156 10.7108 0 0 0 0.896167 0.443717
59.000000000 1.36049 10.7731 0 0 0 0.890436 0.455109
59.100000000 1.32103 10.8364 0 0 0 0.88456 0.466427
59.200000000 1.28319 10.9007 0 0 0 0.87854 0.477669
59.300000000 1.24701 10.966 0 0 0 0.872377 0.488834
59.400000000 1.2125 11.0321 0 0 0 0.866072 0.499919
59.500000000 1.17969 11.0991 0 0 0 0.859627 0.510923
59.600000000 1.1486 11.1669 0 0 0 0.853041 0.521843
59.700000000 1.11925 11.2355 0 0 0 0.846317 0.532679
59.800000000 1.09166 11.3048 0 0 0 0.839456 0.543428
59.900000000 1.06809 11.3709 0 0 0 0.831845 0.555008
60.000000000 1.04739 11.4344 0 0 0 0.824448 0.565938
60.100000000 1.02886 11.4969 0 0 0 0.817097 0.5765
60.200000000 1.0128 11.5565 0 0 0 0.809999 0.586431
60.300000000 0.998601 11.615 0 0 0 0.802976 0.596011
60.400000000 0.983311 11.6851 0 0 0 0.794444 0.607338
60.500000000 0.970016 11.7556 0 0 0 0.785751 0.618543
60.600000000 0.958727 11.8265 0 0 0 0.7769 0.629624
60.700000000 0.949074 11.8986 0 0 0 0.768194 0.640217
60.800000000 0.941401 11.9709 0 0 0 0.759344 0.65069
60.900000000 0.935378 12.0443 0 0 0 0.750665 0.660683
61.000000000 0.9313 12.1178 0 0 0 0.741855 0.670561
61.100000000 0.928865 12.1611 0 0 0 0.738598 0.674146
61.200000000 0.926707 12.2044 0 0 0 0.735566 0.677453
61.300000000 0.925006 12.2461 0 0 0 0.732636 0.68062
61.400000000 0.922916 12.3211 0 0 0 0.726771 0.68688
61.500000000 0.922114 12.3962 0 0 0 0.720852 0.693089
61.600000000 0.9226 12.4712 0 0 0 0.714881 0.699247
61.700000000 0.924372 12.5462 0 0 0 0.708856 0.705353
61.800000000 0.927432 12.6212 0 0 0 0.70278 0.711408
61.900000000 0.931081 12.6962 0 0 0 0.6979 0.716196
62.000000000 0.935512 12.7711 0 0 0 0.693425 0.720529
62.100000000 0.936847 12.7944 0 0 0 0.69263 0.721293
62.200000000 0.93816 12.8177 0 0 0 0.691967 0.721929
62.300000000 0.939556 12.8393 0 0 0 0.691103 0.722756
62.400000000 0.940934 12.8609 0 0 0 0.690363 0.723464
62.500000000 0.942289 12.8825 0 0 0 0.689746 0.724052
62.600000000 0.943612 12.9042 0 0 0 0.689252 0.724522
62.700000000 0.944924 12.9241 0 0 0 0.688681 0.725064
62.800000000 0.946174 12.9458 0 0 0 0.688435 0.725298
62.900000000 0.947371 12.9674 0 0 0 0.688311 0.725416
63.000000000 0.949873 13.0123 0 0 0 0.688055 0.725659
63.100000000 0.952407 13.0573 0 0 0 0.687798 0.725902
63.200000000 0.954877 13.1005 0 0 0 0.687551 0.726136
63.300000000 0.957331 13.1454 0 0 0 0.687551 0.726136
63.400000000 0.959695 13.1887 0 0 0 0.687551 0.726136
63.500000000 0.963423 13.2569 0 0 0 0.687551 0.726136
63.600000000 0.967059 13.3235 0 0 0 0.687551 0.726136
63.700000000 0.970877 13.3934 0 0 0 0.687551 0.726136
63.800000000 0.974514 13.46 0 0 0 0.687551 0.726136
63.900000000 0.978059 13.5249 0 0 0 0.687551 0.726136
64.000000000 0.982459 13.5998 0 0 0 0.686989 0.726668
64.100000000 0.986666 13.6746 0 0 0 0.686989 0.726668
64.200000000 0.989845 13.7312 0 0 0 0.686989 0.726668
64.300000000 0.99436 13.8061 0 0 0 0.686427 0.727199
64.400000000 0.998992 13.8809 0 0 0 0.685865 0.727729
64.500000000 1.00374 13.9558 0 0 0 0.685302 0.728259
64.600000000 1.0086 14.0306 0 0 0 0.684738 0.728789
64.700000000 1.01327 14.1055 0 0 0 0.684738 0.728789
64.800000000 1.01825 14.1803 0 0 0 0.684174 0.729318
64.900000000 1.02335 14.2551 0 0 0 0.68361 0.729847
65.000000000 1.02856 14.33 0 0 0 0.683046 0.730376
65.100000000 1.03357 14.4048 0 0 0 0.683046 0.730376
65.200000000 1.0389 14.4796 0 0 0 0.682481 0.730904
65.300000000 1.04434 14.5544 0 0 0 0.681915 0.731431
65.400000000 1.0499 14.6292 0 0 0 0.681349 0.731958
65.500000000 1.05557 14.704 0 0 0 0.680783 0.732485
65.600000000 1.06105 14.7788 0 0 0 0.680783 0.732485
65.700000000 1.06684 14.8536 0 0 0 0.680216 0.733011
65.800000000 1.07244 14.9284 0 0 0 0.680216 0.733011
65.900000000 1.07803 15.0031 0 0 0 0.680216 0.733011
66.000000000 1.08363 15.0779 0 0 0 0.680216 0.733011
66.100000000 1.08922 15.1527 0 0 0 0.680216 0.733011
66.200000000 1.09482 15.2275 0 0 0 0.680216 0.733011
66.300000000 1.10041 15.3023 0 0 0 0.680216 0.733011
66.400000000 1.10601 15.3771 0 0 0 0.680216 0.733011
66.500000000 1.11161 15.4519 0 0 0 0.680216 0.733011
66.600000000 1.1172 15.5267 0 0 0 0.680216 0.733011
66.700000000 1.1228 15.6015 0 0 0 0.680216 0.733011
66.800000000 1.12839 15.6763 0 0 0 0.680216 0.733011
66.900000000 1.13399 15.7511 0 0 0 0.680216 0.733011
67.000000000 1.13959 15.8258 0 0 0 0.680216 0.733011
67.100000000 1.14608 15.9006 0 0 0 0.678564 0.734541
67.200000000 1.15319 15.9752 0 0 0 0.676387 0.736546
67.300000000 1.16046 16.0499 0 0 0 0.674727 0.738067
67.400000000 1.16835 16.1245 0 0 0 0.67254 0.740061
67.500000000 1.17582 16.1991 0 0 0 0.671967 0.740581
67.600000000 1.18398 16.2737 0 0 0 0.670298 0.742092
67.700000000 1.19041 16.3484 0 0 0 0.672491 0.740105
67.800000000 1.19726 16.4231 0 0 0 0.673063 0.739585
67.900000000 1.20549 16.4976 0 0 0 0.670872 0.741573
68.000000000 1.20858 16.5476 0 0 0 0.674401 0.738366
68.100000000 1.21146 16.5992 0 0 0 0.677723 0.735318
68.200000000 1.21326 16.6442 0 0 0 0.681142 0.732152
68.300000000 1.22065 16.7188 0 0 0 0.677494 0.735529
68.400000000 1.23249 16.7869 0 0 0 0.665972 0.745977
68.500000000 1.24667 16.8518 0 0 0 0.653288 0.757109
68.600000000 1.26303 16.9162 0 0 0 0.640418 0.768027
68.700000000 1.2812 16.9789 0 0 0 0.627612 0.778526
68.800000000 1.30041 17.0377 0 0 0 0.615305 0.788289
68.900000000 1.32089 17.0944 0 0 0 0.603184 0.797602
69.000000000 1.34247 17.1488 0 0 0 0.591264 0.806478
69.100000000 1.36433 17.1995 0 0 0 0.579906 0.814683
69.200000000 1.38691 17.248 0 0 0 0.568784 0.822487
69.300000000 1.41004 17.2944 0 0 0 0.557908 0.829903
69.400000000 1.43361 17.3388 0 0 0 0.547292 0.836942
69.500000000 1.45748 17.381 0 0 0 0.536945 0.843617
69.600000000 1.48152 17.4212 0 0 0 0.526878 0.849941
69.700000000 1.50562 17.4594 0 0 0 0.517099 0.855925
69.800000000 1.52966 17.4957 0 0 0 0.507619 0.861582
69.900000000 1.55355 17.53 0 0 0 0.498445 0.866922
70.000000000 1.5787 17.5674 0 0 0 0.492093 0.870542
70.100000000 1.60333 17.6032 0 0 0 0.48628 0.873803
70.200000000 1.62746 17.6372 0 0 0 0.48067 0.876902
70.300000000 1.65104 17.6696 0 0 0 0.475265 0.879843
70.400000000 1.67402 17.7004 0 0 0 0.470069 0.88263
70.500000000 1.69838 17.7322 0 0 0 0.464629 0.885505
70.600000000 1.72209 17.7624 0 0 0 0.4594 0.888229
70.700000000 1.74512 17.791 0 0 0 0.454383 0.890806
70.800000000 1.7674 17.818 0 0 0 0.449581 0.89324
70.900000000 1.79427 17.85 0 0 0 0.443847 0.896103
71.000000000 1.81937 17.879 0 0 0 0.438555 0.898704
71.100000000 1.84105 17.9044 0 0 0 0.435204 0.900332
71.200000000 1.86183 17.9283 0 0 0 0.432015 0.901866
71.300000000 1.88167 17.9508 0 0 0 0.428989 0.90331
71.400000000 1.90167 17.9732 0 0 0 0.425958 0.904743
71.500000000 1.92069 17.9943 0 0 0 0.42309 0.906087
71.600000000 1.93873 18.0139 0 0 0 0.420388 0.907344
71.700000000 1.95687 18.0335 0 0 0 0.417682 0.908593
71.800000000 1.974 18.0517 0 0 0 0.415142 0.909757
71.900000000 1.99129 18.0698 0 0 0 0.41241 0.910999
72.000000000 2.00752 18.0866 0 0 0 0.409856 0.91215
72.100000000 2.06019 18.1401 0 0 0 0.401008 0.916075
72.200000000 2.11389 18.1926 0 0 0 0.392122 0.919913
72.300000000 2.1686 18.244 0 0 0 0.383199 0.923666
72.400000000 2.22428 18.2943 0 0 0 0.37424 0.927332
72.500000000 2.28094 18.3435 0 0 0 0.365246 0.930911
72.600000000 2.33853 18.3917 0 0 0 0.356218 0.934403
72.700000000 2.39705 18.4387 0 0 0 0.347156 0.937807
72.800000000 2.45646 18.4846 0 0 0 0.338062 0.941124
72.900000000 2.51675 18.5293 0 0 0 0.328936 0.944352
73.000000000 2.5779 18.5728 0 0 0 0.31978 0.947492
73.100000000 2.63908 18.6134 0 0 0 0.308469 0.951234
73.200000000 2.69852 18.6506 0 0 0 0.297048 0.954862
73.300000000 2.7574 18.6855 0 0 0 0.285858 0.958272
73.400000000 2.81418 18.7173 0 0 0 0.275178 0.961393
73.500000000 2.87018 18.7471 0 0 0 0.264739 0.96432
73.600000000 2.92532 18.775 0 0 0 0.254544 0.967061
73.700000000 2.97802 18.8002 0 0 0 0.244875 0.969555
73.800000000 3.0297 18.8237 0 0 0 0.235458 0.971885
73.900000000 3.08029 18.8455 0 0 0 0.226297 0.974058
74.000000000 3.12983 18.8655 0 0 0 0.216935 0.976186
74.100000000 3.17817 18.884 0 0 0 0.207847 0.978161
74.200000000 3.22372 18.9005 0 0 0 0.199328 0.979933
74.300000000 3.26796 18.9156 0 0 0 0.19109 0.981573
74.400000000 3.31087 18.9295 0 0 0 0.183132 0.983088
74.500000000 3.35399 18.9426 0 0 0 0.175163 0.984539
74.600000000 3.39572 18.9547 0 0 0 0.167478 0.985876
74.700000000 3.43602 18.9656 0 0 0 0.160078 0.987104
74.800000000 3.47486 18.9755 0 0 0 0.152967 0.988231
74.900000000 3.51221 18.9844 0 0 0 0.146144 0.989263
75.000000000 3.54806 18.9925 0 0 0 0.139611 0.990206
75.100000000 3.58228 19.0001 0 0 0 0.134278 0.990944
75.200000000 3.61658 19.0073 0 0 0 0.128941 0.991652
75.300000000 3.64932 19.0139 0 0 0 0.123855 0.9923
75.400000000 3.68049 19.0198 0 0 0 0.11902 0.992892
75.500000000 3.71171 19.0254 0 0 0 0.114183 0.99346
75.600000000 3.74133 19.0304 0 0 0 0.109597 0.993976
75.700000000 3.76936 19.0348 0 0 0 0.105264 0.994444
75.800000000 3.79742 19.0391 0 0 0 0.100929 0.994894
75.900000000 3.82387 19.0428 0 0 0 0.0968472 0.995299
76.000000000 3.8504 19.0461 0 0 0 0.0920684 0.995753
76.100000000 3.87695 19.0491 0 0 0 0.0872874 0.996183
76.200000000 3.90188 19.0516 0 0 0 0.0828034 0.996566
76.300000000 3.92682 19.054 0 0 0 0.0783178 0.996928
76.400000000 3.95345 19.0562 0 0 0 0.0735314 0.997293
76.500000000 3.9801 19.0583 0 0 0 0.0687432 0.997634
76.600000000 4.00677 19.06 0 0 0 0.0639535 0.997953
76.700000000 4.03513 19.0616 0 0 0 0.0588628 0.998266
76.800000000 4.06182 19.0628 0 0 0 0.0540702 0.998537
76.900000000 4.08853 19.0638 0 0 0 0.0492763 0.998785
77.000000000 4.16216 19.0658 0 0 0 0.0360526 0.99935
77.100000000 4.18211 19.0671 0 0 0 0.0357385 0.999361
77.200000000 4.20197 19.0697 0 0 0 0.0386418 0.999253
77.300000000 4.22333 19.0743 0 0 0 0.0459975 0.998942
77.400000000 4.24292 19.0793 0 0 0 0.053999 0.998541
77.500000000 4.26404 19.0852 0 0 0 0.0629457 0.998017
77.600000000 4.28506 19.0915 0 0 0 0.0718874 0.997413
77.700000000 4.30435 19.0976 0 0 0 0.0801362 0.996784
77.800000000 4.32354 19.1041 0 0 0 0.0883794 0.996087
77.900000000 4.34103 19.1103 0 0 0 0.0959305 0.995388
78.000000000 4.3961 19.1296 0 0 0 0.116851 0.993149
78.100000000 4.41798 19.1383 0 0 0 0.125265 0.992123
78.200000000 4.47182 19.1608 0 0 0 0.14611 0.989268
78.300000000 4.52466 19.1855 0 0 0 0.166891 0.985975
78.400000000 4.57642 19.2125 0 0 0 0.187598 0.982246
78.500000000 4.627 19.2416 0 0 0 0.208222 0.978082
78.600000000 4.67631 19.2728 0 0 0 0.228753 0.973484
78.700000000 4.72426 19.306 0 0 0 0.249184 0.968456
78.800000000 4.77077 19.3413 0 0 0 0.269504 0.962999
78.900000000 4.83228 19.3844 0 0 0 0.281291 0.959622
79.000000000 4.89293 19.4286 0 0 0 0.292075 0.956395
79.100000000 4.95258 19.4742 0 0 0 0.302822 0.953047
79.200000000 5.01119 19.5211 0 0 0 0.31353 0.949578
79.300000000 5.06872 19.5694 0 0 0 0.324198 0.945989
79.400000000 5.12515 19.6189 0 0 0 0.334826 0.94228
79.500000000 5.18046 19.6697 0 0 0 0.345411 0.938452
79.600000000 5.2346 19.7217 0 0 0 0.355952 0.934504
79.700000000 5.28756 19.7749 0 0 0 0.366448 0.930439
79.800000000 5.33931 19.8293 0 0 0 0.376898 0.926255
79.900000000 5.38983 19.8849 0 0 0 0.3873 0.921954
80.000000000 5.44149 19.9393 0 0 0 0.390005 0.920813
80.100000000 5.49323 19.9936 0 0 0 0.391407 0.920218
80.200000000 5.54481 20.048 0 0 0 0.392809 0.91962
80.300000000 5.59623 20.1026 0 0 0 0.394209 0.919021
80.400000000 5.64747 20.1574 0 0 0 0.395609 0.918419
80.500000000 5.69856 20.2123 0 0 0 0.396979 0.917828
80.600000000 5.7495 20.2674 0 0 0 0.398325 0.917244
80.700000000 5.80028 20.3225 0 0 0 0.399622 0.91668
80.800000000 5.85093 20.3779 0 0 0 0.40087 0.916135
80.900000000 5.90143 20.4333 0 0 0 0.402093 0.915599
81.000000000 5.95263 20.4881 0 0 0 0.400698 0.91621
81.100000000 6.00399 20.5428 0 0 0 0.399301 0.91682
81.200000000 6.05552 20.5973 0 0 0 0.397904 0.917427
81.300000000 6.10722 20.6516 0 0 0 0.396506 0.918032
81.400000000 6.15908 20.7058 0 0 0 0.395107 0.918635
81.500000000 6.2111 20.7598 0 0 0 0.393707 0.919236
81.600000000 6.26329 20.8137 0 0 0 0.392306 0.919835
81.700000000 6.31564 20.8674 0 0 0 0.390904 0.920431
81.800000000 6.36816 20.9209 0 0 0 0.389502 0.921026
81.900000000 6.42084 20.9743 0 0 0 0.388098 0.921618
82.000000000 6.47347 21.0278 0 0 0 0.387385 0.921918
82.100000000 6.52618 21.0811 0 0 0 0.386672 0.922217
82.200000000 6.57897 21.1344 0 0 0 0.385959 0.922516
82.300000000 6.63185 21.1876 0 0 0 0.385246 0.922814
82.400000000 6.68481 21.2407 0 0 0 0.384532 0.923112
82.500000000 6.73785 21.2937 0 0 0 0.383818 0.923409
82.600000000 6.79097 21.3467 0 0 0 0.383104 0.923705
82.700000000 6.84417 21.3995 0 0 0 0.382389 0.924001
82.800000000 6.89746 21.4523 0 0 0 0.381675 0.924297
82.900000000 6.95082 21.505 0 0 0 0.38096 0.924592
83.000000000 7.00427 21.5576 0 0 0 0.380245 0.924886
83.100000000 7.02318 21.5788 0 0 0 0.384272 0.92322
83.200000000 7.05859 21.6261 0 0 0 0.403241 0.915094
83.300000000 7.08543 21.6701 0 0 0 0.425635 0.904895
83.400000000 7.10946 21.7148 0 0 0 0.448122 0.893973
83.500000000 7.13122 21.7606 0 0 0 0.470329 0.882491
83.600000000 7.15066 21.8075 0 0 0 0.492242 0.870459
83.700000000 7.16773 21.8553 0 0 0 0.513847 0.857882
83.800000000 7.1824 21.9039 0 0 0 0.535131 0.844769
83.900000000 7.19462 21.9531 0 0 0 0.556081 0.831128
84.000000000 7.20796 22.0083 0 0 0 0.5741 0.818785
84.100000000 7.21888 22.0641 0 0 0 0.591846 0.806051
84.200000000 7.22735 22.1202 0 0 0 0.609309 0.792933
84.300000000 7.23336 22.1767 0 0 0 0.626481 0.779437
84.400000000 7.2369 22.2334 0 0 0 0.643354 0.765568
84.500000000 7.23796 22.2902 0 0 0 0.659921 0.751335
84.600000000 7.23654 22.347 0 0 0 0.676173 0.736743
84.700000000 7.23264 22.4036 0 0 0 0.692102 0.7218
84.800000000 7.22628 22.4601 0 0 0 0.707701 0.706512
84.900000000 7.21745 22.5162 0 0 0 0.722962 0.690887
85.000000000 7.20883 22.5893 0 0 0 0.732043 0.681258
85.100000000 7.19896 22.6638 0 0 0 0.739665 0.672975
85.200000000 7.18741 22.738 0 0 0 0.747193 0.664607
85.300000000 7.1742 22.8119 0 0 0 0.754627 0.656154
85.400000000 7.15933 22.8855 0 0 0 0.761964 0.647619
85.500000000 7.14281 22.9587 0 0 0 0.769206 0.639001
85.600000000 7.12464 23.0316 0 0 0 0.77635 0.630303
85.700000000 7.10484 23.104 0 0 0 0.783395 0.621524
85.800000000 7.08341 23.176 0 0 0 0.790341 0.612667
85.900000000 7.06441 23.2485 0 0 0 0.790815 0.612056
86.000000000 7.04591 23.3212 0 0 0 0.790341 0.612667
86.100000000 7.02751 23.3939 0 0 0 0.789867 0.613278
86.200000000 7.00923 23.4666 0 0 0 0.789393 0.613889
86.300000000 6.99105 23.5394 0 0 0 0.788918 0.614499
86.400000000 6.973 23.6122 0 0 0 0.788442 0.615109
86.500000000 6.95505 23.685 0 0 0 0.787966 0.615718
86.600000000 6.93722 23.7579 0 0 0 0.78749 0.616327
86.700000000 6.9195 23.8307 0 0 0 0.787013 0.616936
86.800000000 6.90189 23.9037 0 0 0 0.786536 0.617545
86.900000000 6.88675 23.9771 0 0 0 0.782296 0.622907
87.000000000 6.87279 24.0509 0 0 0 0.777745 0.62858
87.100000000 6.8598 24.1248 0 0 0 0.773338 0.633994
87.200000000 6.84777 24.1988 0 0 0 0.768986 0.639265
87.300000000 6.83665 24.273 0 0 0 0.764786 0.644284
87.400000000 6.82672 24.3457 0 0 0 0.760647 0.649165
87.500000000 6.81814 24.4152 0 0 0 0.756668 0.6538
87.600000000 6.81058 24.4832 0 0 0 0.752756 0.6583
87.700000000 6.80417 24.5479 0 0 0 0.74901 0.662559
87.800000000 6.79864 24.611 0 0 0 0.745336 0.666689
87.900000000 6.79393 24.6725 0 0 0 0.741738 0.67069
88.000000000 6.78904 24.7373 0 0 0 0.738978 0.673729
88.100000000 6.78436 24.8038 0 0 0 0.736494 0.676444
88.200000000 6.78038 24.8671 0 0 0 0.734124 0.679015
88.300000000 6.77694 24.9286 0 0 0 0.731809 0.68151
88.400000000 6.77399 24.9886 0 0 0 0.729548 0.68393
88.500000000 6.77152 25.0469 0 0 0 0.727342 0.686276
88.600000000 6.76954 25.1018 0 0 0 0.725255 0.688481
88.700000000 6.76794 25.1552 0 0 0 0.723225 0.690613
88.800000000 6.7667 25.2068 0 0 0 0.721252 0.692673
88.900000000 6.76578 25.2568 0 0 0 0.719337 0.694661
89.000000000 6.76516 25.3052 0 0 0 0.717482 0.696578
89.100000000 6.76405 25.3601 0 0 0 0.716578 0.697507
89.200000000 6.76292 25.4151 0 0 0 0.715974 0.698126
89.300000000 6.76191 25.4685 0 0 0 0.715389 0.698726
89.400000000 6.76104 25.5185 0 0 0 0.71484 0.699288
89.500000000 6.76028 25.5668 0 0 0 0.714309 0.699831
89.600000000 6.75962 25.6134 0 0 0 0.713795 0.700354
89.700000000 6.75905 25.6584 0 0 0 0.7133 0.700859
89.800000000 6.75856 25.7018 0 0 0 0.712823 0.701344
89.900000000 6.75854 25.7384 0 0 0 0.71181 0.702372
90.000000000 6.75872 25.7701 0 0 0 0.710758 0.703437
90.100000000 6.75897 25.8001 0 0 0 0.70976 0.704444
90.200000000 6.75931 25.8301 0 0 0 0.70876 0.70545
90.300000000 6.75972 25.8585 0 0 0 0.707815 0.706398
90.400000000 6.7602 25.8868 0 0 0 0.706868 0.707345
90.500000000 6.76072 25.9135 0 0 0 0.705976 0.708236
90.600000000 6.76127 25.9385 0 0 0 0.705139 0.709069
90.700000000 6.76188 25.9635 0 0 0 0.7043 0.709902
90.800000000 6.76251 25.9868 0 0 0 0.703517 0.710678
90.900000000 6.76319 26.0101 0 0 0 0.702733 0.711454
91.000000000 6.76381 26.0351 0 0 0 0.702173 0.712006
91.100000000 6.76447 26.0601 0 0 0 0.701613 0.712558
91.200000000 6.76513 26.0834 0 0 0 0.70109 0.713073
91.300000000 6.76581 26.1067 0 0 0 0.700566 0.713587
91.400000000 6.76649 26.1284 0 0 0 0.70008 0.714065
91.500000000 6.76719 26.1501 0 0 0 0.699593 0.714542
91.600000000 6.76786 26.17 0 0 0 0.699143 0.714982
91.700000000 6.76856 26.19 0 0 0 0.698693 0.715421
91.800000000 6.76929 26.21 0 0 0 0.698243 0.715861
91.900000000 6.76997 26.23 0 0 0 0.697905 0.71619
92.000000000 6.77062 26.2483 0 0 0 0.697596 0.716492
92.100000000 6.77134 26.2683 0 0 0 0.697258 0.716821
92.200000000 6.77208 26.2883 0 0 0 0.69692 0.717149
92.300000000 6.77284 26.3083 0 0 0 0.696581 0.717478
92.400000000 6.77362 26.3283 0 0 0 0.696243 0.717806
92.500000000 6.77436 26.3466 0 0 0 0.695933 0.718107
92.600000000 6.77517 26.3666 0 0 0 0.695594 0.718435
92.700000000 6.77608 26.3882 0 0 0 0.695227 0.718791
92.800000000 6.77693 26.4082 0 0 0 0.694888 0.719118
92.900000000 6.7778 26.4282 0 0 0 0.694548 0.719446
93.000000000 6.7787 26.4482 0 0 0 0.694209 0.719773
93.100000000 6.77961 26.4682 0 0 0 0.69387 0.720101
93.200000000 6.78046 26.4865 0 0 0 0.693558 0.720401
93.300000000 6.78133 26.5048 0 0 0 0.693247 0.7207
93.400000000 6.78246 26.5281 0 0 0 0.69285 0.721082
93.500000000 6.78352 26.5497 0 0 0 0.692482 0.721436
93.600000000 6.78462 26.5714 0 0 0 0.692113 0.721789
93.700000000 6.78573 26.593 0 0 0 0.691744 0.722143
93.800000000 6.78686 26.6147 0 0 0 0.691375 0.722496
93.900000000 6.78802 26.6363 0 0 0 0.691006 0.722849
94.000000000 6.78886 26.6579 0 0 0 0.691252 0.722614
94.100000000 6.78962 26.6796 0 0 0 0.691621 0.722261
94.200000000 6.79035 26.7013 0 0 0 0.69199 0.721907
94.300000000 6.79112 26.7246 0 0 0 0.692387 0.721526
94.400000000 6.79181 26.7462 0 0 0 0.692756 0.721173
94.500000000 6.79247 26.7679 0 0 0 0.693124 0.720819
94.600000000 6.79312 26.7895 0 0 0 0.693492 0.720464
94.700000000 6.79374 26.8112 0 0 0 0.69386 0.72011
94.800000000 6.79434 26.8329 0 0 0 0.694228 0.719755
94.900000000 6.79492 26.8545 0 0 0 0.694595 0.719401
95.000000000 6.7956 26.8812 0 0 0 0.695048 0.718964
95.100000000 6.79625 26.9078 0 0 0 0.6955 0.718527
95.200000000 6.79691 26.9328 0 0 0 0.695782 0.718253
95.300000000 6.79759 26.9595 0 0 0 0.696083 0.717962
95.400000000 6.79821 26.9845 0 0 0 0.696365 0.717688
95.500000000 6.79884 27.0111 0 0 0 0.696665 0.717396
95.600000000 6.79942 27.0361 0 0 0 0.696947 0.717123
95.700000000 6.79994 27.0595 0 0 0 0.69721 0.716867
95.800000000 6.80051 27.0861 0 0 0 0.69751 0.716575
95.900000000 6.80106 27.1128 0 0 0 0.69781 0.716282
96.000000000 6.80159 27.1395 0 0 0 0.698111 0.71599
96.100000000 6.80223 27.1728 0 0 0 0.698485 0.715624
96.200000000 6.80282 27.2061 0 0 0 0.69886 0.715258
96.300000000 6.80336 27.2378 0 0 0 0.699216 0.71491
96.400000000 6.80386 27.2694 0 0 0 0.699572 0.714562
96.500000000 6.80438 27.3044 0 0 0 0.699965 0.714178
96.600000000 6.80485 27.3378 0 0 0 0.700338 0.713811
96.700000000 6.80527 27.3711 0 0 0 0.700712 0.713444
96.800000000 6.80564 27.4028 0 0 0 0.701067 0.713095
96.900000000 6.80598 27.4344 0 0 0 0.701422 0.712746
97.000000000 6.80641 27.4678 0 0 0 0.701609 0.712563
97.100000000 6.8068 27.4994 0 0 0 0.701786 0.712388
97.200000000 6.8072 27.5327 0 0 0 0.701972 0.712204
97.300000000 6.80757 27.5661 0 0 0 0.702159 0.712021
97.400000000 6.80792 27.5977 0 0 0 0.702336 0.711846
97.500000000 6.80828 27.6327 0 0 0 0.702531 0.711653
97.600000000 6.8086 27.6661 0 0 0 0.702718 0.711469
97.700000000 6.80891 27.6994 0 0 0 0.702904 0.711285
97.800000000 6.8092 27.7327 0 0 0 0.70309 0.711101
97.900000000 6.80946 27.7644 0 0 0 0.703267 0.710926
98.000000000 6.8097 27.7961 0 0 0 0.703444 0.710751
98.100000000 6.80993 27.8277 0 0 0 0.703621 0.710576
98.200000000 6.80818 27.9027 0 0 0 0.708033 0.706179
98.300000000 6.80549 27.9777 0 0 0 0.712419 0.701755
98.400000000 6.80187 28.0527 0 0 0 0.716776 0.697303
98.500000000 6.79731 28.1275 0 0 0 0.721106 0.692824
98.600000000 6.79182 28.2024 0 0 0 0.725408 0.688319
98.700000000 6.7854 28.2771 0 0 0 0.729682 0.683787
98.800000000 6.77805 28.3518 0 0 0 0.733927 0.679228
98.900000000 6.76977 28.4264 0 0 0 0.738144 0.674643
99.000000000 6.7575 28.4952 0 0 0 0.748248 0.663419
99.100000000 6.74309 28.5628 0 0 0 0.758476 0.651701
99.200000000 6.72666 28.6317 0 0 0 0.767938 0.640524
99.300000000 6.70824 28.7011 0 0 0 0.776944 0.62957
99.400000000 6.68783 28.7729 0 0 0 0.784909 0.619611
99.500000000 6.66558 28.8441 0 0 0 0.792747 0.609551
99.600000000 6.64153 28.9147 0 0 0 0.800456 0.599392
99.700000000 6.61569 28.9847 0 0 0 0.808034 0.589136
99.800000000 6.58807 29.054 0 0 0 0.815481 0.578784
99.900000000 6.55869 29.1226 0 0 0 0.822796 0.568337
100.000000000 6.52758 29.1904 0 0 0 0.829976 0.557798
100.100000000 6.49474 29.2574 0 0 0 0.837022 0.547169
100.200000000 6.46021 29.3235 0 0 0 0.843932 0.536451
100.300000000 6.424 29.3887 0 0 0 0.850704 0.525645
100.400000000 6.38614 29.453 0 0 0 0.857338 0.514754
100.500000000 6.34665 29.5163 0 0 0 0.863833 0.503779
100.600000000 6.30548 29.5791 0 0 0 0.869945 0.493149
100.700000000 6.26287 29.6403 0 0 0 0.876163 0.482015
100.800000000 6.21872 29.7005 0 0 0 0.882238 0.470803
100.900000000 6.17305 29.7595 0 0 0 0.88817 0.459514
101.000000000 6.12658 29.8184 0 0 0 0.892577 0.450895
101.100000000 6.07916 29.8766 0 0 0 0.896658 0.442723
101.200000000 6.03068 29.9339 0 0 0 0.900665 0.434514
101.300000000 5.98116 29.9903 0 0 0 0.904596 0.426269
101.400000000 5.93062 30.0458 0 0 0 0.908452 0.417988
101.500000000 5.87907 30.1003 0 0 0 0.912232 0.409673
101.600000000 5.82654 30.1539 0 0 0 0.915937 0.401323
101.700000000 5.77304 30.2066 0 0 0 0.919564 0.39294
101.800000000 5.71858 30.2582 0 0 0 0.923115 0.384524
101.900000000 5.66319 30.3089 0 0 0 0.926589 0.376076
102.000000000 5.60688 30.3585 0 0 0 0.929986 0.367596
102.100000000 5.54897 30.4063 0 0 0 0.934245 0.356631
102.200000000 5.48996 30.4528 0 0 0 0.938376 0.345617
102.300000000 5.42986 30.4978 0 0 0 0.942376 0.334555
102.400000000 5.36873 30.5414 0 0 0 0.946246 0.323447
102.500000000 5.30659 30.5835 0 0 0 0.949985 0.312294
102.600000000 5.24347 30.6242 0 0 0 0.953593 0.301098
102.700000000 5.17941 30.6634 0 0 0 0.957069 0.28986
102.800000000 5.11445 30.7011 0 0 0 0.960412 0.278582
102.900000000 5.04862 30.7372 0 0 0 0.963623 0.267266
103.000000000 4.9878 30.7661 0 0 0 0.967886 0.251388
103.100000000 4.92606 30.7929 0 0 0 0.971888 0.235442
103.200000000 4.86346 30.8178 0 0 0 0.975628 0.219432
103.300000000 4.79936 30.8411 0 0 0 0.979014 0.203795
103.400000000 4.73455 30.8623 0 0 0 0.982149 0.188106
103.500000000 4.66909 30.8814 0 0 0 0.985032 0.172369
103.600000000 4.60383 30.898 0 0 0 0.987733 0.156152
103.700000000 4.53727 30.9129 0 0 0 0.990105 0.140329
103.800000000 4.47027 30.9256 0 0 0 0.992223 0.124471
103.900000000 4.40371 30.9358 0 0 0 0.994135 0.108142
104.000000000 4.33685 30.9437 0 0 0 0.995779 0.0917841
104.100000000 4.26231 30.9528 0 0 0 0.99679 0.0800645
104.200000000 4.1876 30.9603 0 0 0 0.997628 0.0688397
104.300000000 4.11275 30.9662 0 0 0 0.998339 0.0576061
104.400000000 4.03778 30.9703 0 0 0 0.998925 0.0463653
104.500000000 3.96273 30.9728 0 0 0 0.999383 0.0351185
104.600000000 3.88765 30.9736 0 0 0 0.999715 0.0238674
104.700000000 3.81257 30.9726 0 0 0 0.99992 0.0126132
104.800000000 3.73754 30.97 0 0 0 0.999999 0.00135736
104.900000000 3.66406 30.9649 0 0 0 0.999929 -0.0118783
105.000000000 3.59075 30.9579 0 0 0 0.999685 -0.0251118
105.100000000 3.51765 30.9489 0 0 0 0.999265 -0.0383409
105.200000000 3.44482 30.938 0 0 0 0.99867 -0.0515633
105.300000000 3.37229 30.9252 0 0 0 0.9979 -0.0647767
105.400000000 3.30014 30.9104 0 0 0 0.996955 -0.0779788
105.500000000 3.22839 30.8938 0 0 0 0.995836 -0.0911671
105.600000000 3.15712 30.8752 0 0 0 0.994542 -0.10434
105.700000000 3.08636 30.8548 0 0 0 0.993074 -0.117494
105.800000000 3.01616 30.8325 0 0 0 0.991432 -0.130627
105.900000000 2.94658 30.8084 0 0 0 0.989616 -0.143738
106.000000000 2.87767 30.7824 0 0 0 0.987627 -0.156823
106.100000000 2.80655 30.7586 0 0 0 0.987387 -0.158328
106.200000000 2.73395 30.7394 0 0 0 0.989106 -0.147204
106.300000000 2.67479 30.7299 0 0 0 0.991882 -0.127164
106.400000000 2.62999 30.7298 0 0 0 0.995069 -0.0991881
106.500000000 2.59307 30.7356 0 0 0 0.99775 -0.0670379
106.600000000 2.5566 30.7437 0 0 0 0.999394 -0.034818
106.700000000 2.52073 30.7541 0 0 0 0.999997 -0.00256191
106.800000000 2.48561 30.7668 0 0 0 0.999559 0.0296969
106.900000000 2.45138 30.7818 0 0 0 0.998081 0.0619248
107.000000000 2.40486 30.7979 0 0 0 0.996152 0.0876375
107.100000000 2.35843 30.8165 0 0 0 0.993606 0.112902
107.200000000 2.313 30.8374 0 0 0 0.990419 0.138093
107.300000000 2.26869 30.8605 0 0 0 0.986594 0.163195
107.400000000 2.22561 30.8859 0 0 0 0.982132 0.188192
107.500000000 2.18387 30.9134 0 0 0 0.977037 0.213068
107.600000000 2.14359 30.943 0 0 0 0.971313 0.237806
107.700000000 2.10486 30.9747 0 0 0 0.964962 0.262391
107.800000000 2.06778 31.0082 0 0 0 0.957988 0.286807
107.900000000 2.03246 31.0436 0 0 0 0.950398 0.311038
108.000000000 1.98392 31.0878 0 0 0 0.944872 0.327441
108.100000000 1.92949 31.1374 0 0 0 0.940455 0.339918
108.200000000 1.87552 31.1889 0 0 0 0.936044 0.351883
108.300000000 1.82288 31.2417 0 0 0 0.931481 0.363791
108.400000000 1.77161 31.2959 0 0 0 0.926766 0.37564
108.500000000 1.72174 31.3514 0 0 0 0.9219 0.387428
108.600000000 1.67329 31.4082 0 0 0 0.916884 0.399153
108.700000000 1.62631 31.4661 0 0 0 0.91172 0.410813
108.800000000 1.58083 31.5253 0 0 0 0.906407 0.422406
108.900000000 1.53686 31.5855 0 0 0 0.900946 0.43393
109.000000000 1.49398 31.6472 0 0 0 0.895558 0.444945
109.100000000 1.45262 31.7099 0 0 0 0.890035 0.455892
109.200000000 1.41281 31.7735 0 0 0 0.884378 0.466771
109.300000000 1.37458 31.8382 0 0 0 0.878588 0.47758
109.400000000 1.33794 31.9037 0 0 0 0.872666 0.488317
109.500000000 1.30292 31.9702 0 0 0 0.866613 0.49898
109.600000000 1.26953 32.0374 0 0 0 0.86043 0.509569
109.700000000 1.23781 32.1055 0 0 0 0.854117 0.520081
109.800000000 1.20777 32.1743 0 0 0 0.847676 0.530514
109.900000000 1.17982 32.2435 0 0 0 0.840842 0.541281
110.000000000 1.15365 32.3134 0 0 0 0.833871 0.55196
110.100000000 1.12927 32.3839 0 0 0 0.826764 0.562549
110.200000000 1.10704 32.4539 0 0 0 0.819637 0.572883
110.300000000 1.08751 32.5212 0 0 0 0.812713 0.582664
110.400000000 1.07002 32.5874 0 0 0 0.805842 0.59213
110.500000000 1.05265 32.6599 0 0 0 0.798226 0.602359
110.600000000 1.03714 32.7329 0 0 0 0.790479 0.612489
110.700000000 1.02349 32.8063 0 0 0 0.782604 0.622519
110.800000000 1.01172 32.8799 0 0 0 0.774602 0.632449
110.900000000 1.00183 32.9539 0 0 0 0.766474 0.642275
111.000000000 0.994811 33.0085 0 0 0 0.762217 0.647322
111.100000000 0.988322 33.0648 0 0 0 0.757796 0.652491
111.200000000 0.983441 33.1129 0 0 0 0.753998 0.656877
111.300000000 0.979268 33.1595 0 0 0 0.750306 0.661091
111.400000000 0.975747 33.2044 0 0 0 0.746724 0.665134
111.500000000 0.970957 33.2793 0 0 0 0.740251 0.672331
111.600000000 0.967619 33.3543 0 0 0 0.733708 0.679465
111.700000000 0.965733 33.4293 0 0 0 0.727097 0.686535
111.800000000 0.9653 33.5044 0 0 0 0.720417 0.693541
111.900000000 0.966321 33.5794 0 0 0 0.71367 0.700482
112.000000000 0.968794 33.6544 0 0 0 0.706856 0.707358
112.100000000 0.971819 33.7294 0 0 0 0.701581 0.71259
112.200000000 0.97572 33.8043 0 0 0 0.696693 0.717369
112.300000000 0.980646 33.8792 0 0 0 0.691772 0.722116
112.400000000 0.986595 33.954 0 0 0 0.68682 0.726828
112.500000000 0.993565 34.0287 0 0 0 0.681835 0.731506
112.600000000 1.00156 34.1033 0 0 0 0.676818 0.73615
112.700000000 1.01057 34.1778 0 0 0 0.67177 0.74076
112.800000000 1.0206 34.2522 0 0 0 0.66669 0.745335
112.900000000 1.0301 34.3266 0 0 0 0.664481 0.747305
113.000000000 1.03977 34.4009 0 0 0 0.662797 0.7488
113.100000000 1.04976 34.4753 0 0 0 0.661109 0.75029
113.200000000 1.0601 34.5496 0 0 0 0.659418 0.751777
113.300000000 1.07077 34.6238 0 0 0 0.657723 0.75326
113.400000000 1.08177 34.698 0 0 0 0.656025 0.754739
113.500000000 1.0931 34.7721 0 0 0 0.654324 0.756214
113.600000000 1.10477 34.8462 0 0 0 0.65262 0.757686
113.700000000 1.11678 34.9203 0 0 0 0.650912 0.759153
113.800000000 1.12911 34.9943 0 0 0 0.649201 0.760617
113.900000000 1.14178 35.0682 0 0 0 0.647486 0.762077
114.000000000 1.15273 35.1424 0 0 0 0.649739 0.760157
114.100000000 1.16296 35.2167 0 0 0 0.652508 0.757782
114.200000000 1.17266 35.2911 0 0 0 0.655268 0.755397
114.300000000 1.18185 35.3655 0 0 0 0.657939 0.753071
114.400000000 1.19056 35.44 0 0 0 0.660503 0.750823
114.500000000 1.19879 35.5146 0 0 0 0.663011 0.74861
114.600000000 1.20658 35.5892 0 0 0 0.665413 0.746475
114.700000000 1.21394 35.6638 0 0 0 0.667711 0.74442
114.800000000 1.22086 35.7385 0 0 0 0.669954 0.742403
114.900000000 1.22722 35.8116 0 0 0 0.672094 0.740466
115.000000000 1.23279 35.883 0 0 0 0.674598 0.738185
115.100000000 1.23764 35.9512 0 0 0 0.676978 0.736003
115.200000000 1.24195 36.0177 0 0 0 0.679294 0.733866
115.300000000 1.24564 36.081 0 0 0 0.681488 0.731829
115.400000000 1.24886 36.1425 0 0 0 0.683618 0.72984
115.500000000 1.25165 36.2025 0 0 0 0.685685 0.727898
115.600000000 1.25403 36.2608 0 0 0 0.687689 0.726005
115.700000000 1.25597 36.3158 0 0 0 0.689574 0.724215
115.800000000 1.25757 36.3691 0 0 0 0.691398 0.722475
115.900000000 1.25887 36.4207 0 0 0 0.69316 0.720784
116.000000000 1.25972 36.4707 0 0 0 0.695146 0.718868
116.100000000 1.26027 36.5191 0 0 0 0.697062 0.717011
116.200000000 1.26056 36.5657 0 0 0 0.698907 0.715213
116.300000000 1.2606 36.6108 0 0 0 0.700681 0.713475
116.400000000 1.26043 36.6541 0 0 0 0.702386 0.711796
116.500000000 1.26006 36.6958 0 0 0 0.704021 0.710179
116.600000000 1.25953 36.7358 0 0 0 0.705587 0.708623
116.700000000 1.25885 36.7741 0 0 0 0.707085 0.707128
116.800000000 1.258 36.8124 0 0 0 0.70858 0.70563
116.900000000 1.25704 36.8491 0 0 0 0.710007 0.704195
117.000000000 1.2562 36.8841 0 0 0 0.710976 0.703216
117.100000000 1.25542 36.9174 0 0 0 0.711713 0.70247
117.200000000 1.25456 36.9507 0 0 0 0.712449 0.701724
117.300000000 1.25368 36.9824 0 0 0 0.713148 0.701014
117.400000000 1.25279 37.0124 0 0 0 0.713809 0.70034
117.500000000 1.25184 37.0424 0 0 0 0.71447 0.699666
117.600000000 1.25089 37.0707 0 0 0 0.715093 0.699029
117.700000000 1.24995 37.0973 0 0 0 0.715679 0.698429
117.800000000 1.24897 37.124 0 0 0 0.716265 0.697829
117.900000000 1.24793 37.1506 0 0 0 0.71685 0.697228
118.000000000 1.24686 37.1773 0 0 0 0.717435 0.696626
118.100000000 1.24582 37.2039 0 0 0 0.717872 0.696175
118.200000000 1.24482 37.2289 0 0 0 0.718283 0.695751
118.300000000 1.24372 37.2556 0 0 0 0.71872 0.6953
118.400000000 1.24266 37.2805 0 0 0 0.71913 0.694876
118.500000000 1.24149 37.3072 0 0 0 0.719567 0.694424
118.600000000 1.24037 37.3322 0 0 0 0.719976 0.693999
118.700000000 1.23913 37.3588 0 0 0 0.720412 0.693546
118.800000000 1.23795 37.3838 0 0 0 0.720821 0.693122
118.900000000 1.23674 37.4104 0 0 0 0.721111 0.692819
119.000000000 1.23558 37.4354 0 0 0 0.721383 0.692536
119.100000000 1.2344 37.4604 0 0 0 0.721655 0.692253
119.200000000 1.23313 37.487 0 0 0 0.721945 0.69195
119.300000000 1.23183 37.5136 0 0 0 0.722235 0.691648
119.400000000 1.23059 37.5386 0 0 0 0.722507 0.691364
119.500000000 1.22933 37.5636 0 0 0 0.722778 0.69108
119.600000000 1.22814 37.5869 0 0 0 0.723032 0.690815
119.700000000 1.22693 37.6102 0 0 0 0.723285 0.69055
119.800000000 1.22579 37.6318 0 0 0 0.72352 0.690304
119.900000000 1.22464 37.6534 0 0 0 0.723755 0.690057
120.000000000 1.22354 37.6751 0 0 0 0.723872 0.689934
120.100000000 1.22243 37.6967 0 0 0 0.72399 0.689811
120.200000000 1.2214 37.7167 0 0 0 0.724098 0.689697
120.300000000 1.22037 37.7367 0 0 0 0.724206 0.689583
120.400000000 1.21941 37.755 0 0 0 0.724306 0.689479
120.500000000 1.21836 37.775 0 0 0 0.724414 0.689365
120.600000000 1.2174 37.7933 0 0 0 0.724513 0.689261
120.700000000 1.21634 37.8132 0 0 0 0.724621 0.689147
120.800000000 1.21527 37.8332 0 0 0 0.72473 0.689033
120.900000000 1.21429 37.8515 0 0 0 0.724829 0.688929
121.000000000 1.21346 37.8715 0 0 0 0.724504 0.689271
121.100000000 1.21266 37.8915 0 0 0 0.724179 0.689612
121.200000000 1.21187 37.9115 0 0 0 0.723854 0.689954
121.300000000 1.21103 37.9331 0 0 0 0.723501 0.690323
121.400000000 1.21028 37.9531 0 0 0 0.723175 0.690665
121.500000000 1.20955 37.9731 0 0 0 0.72285 0.691005
121.600000000 1.2089 37.9914 0 0 0 0.722551 0.691318
121.700000000 1.20815 38.0131 0 0 0 0.722197 0.691687
121.800000000 1.20747 38.0331 0 0 0 0.721871 0.692027
121.900000000 1.2066 38.0597 0 0 0 0.721436 0.692481
122.000000000 1.20576 38.0864 0 0 0 0.721 0.692935
122.100000000 1.205 38.1114 0 0 0 0.720592 0.69336
122.200000000 1.20432 38.1347 0 0 0 0.72021 0.693756
122.300000000 1.20358 38.1613 0 0 0 0.719774 0.694209
122.400000000 1.20291 38.1863 0 0 0 0.719364 0.694633
122.500000000 1.20227 38.2113 0 0 0 0.718955 0.695057
122.600000000 1.2017 38.2346 0 0 0 0.718572 0.695452
122.700000000 1.20108 38.2613 0 0 0 0.718135 0.695904
122.800000000 1.20053 38.2863 0 0 0 0.717725 0.696327
122.900000000 1.20001 38.3113 0 0 0 0.717314 0.69675
123.000000000 1.19872 38.368 0 0 0 0.716693 0.697389
123.100000000 1.19756 38.4229 0 0 0 0.71609 0.698008
123.200000000 1.19537 38.4979 0 0 0 0.716565 0.69752
123.300000000 1.19304 38.5729 0 0 0 0.717104 0.696966
123.400000000 1.1906 38.6478 0 0 0 0.717643 0.696411
123.500000000 1.18804 38.7228 0 0 0 0.718182 0.695856
123.600000000 1.18567 38.7978 0 0 0 0.718182 0.695856
123.700000000 1.18299 38.8727 0 0 0 0.718719 0.6953
123.800000000 1.18051 38.9477 0 0 0 0.718719 0.6953
123.900000000 1.17864 39.0226 0 0 0 0.717659 0.696394
124.000000000 1.17699 39.0976 0 0 0 0.716598 0.697487
124.100000000 1.17586 39.1726 0 0 0 0.715025 0.699099
124.200000000 1.17507 39.2476 0 0 0 0.713449 0.700707
124.300000000 1.17341 39.3226 0 0 0 0.713991 0.700155
124.400000000 1.17195 39.3976 0 0 0 0.713991 0.700155
124.500000000 1.17048 39.4726 0 0 0 0.713991 0.700155
124.600000000 1.16901 39.5476 0 0 0 0.713991 0.700155
124.700000000 1.16927 39.6226 0 0 0 0.710961 0.703232
124.800000000 1.16991 39.6976 0 0 0 0.708391 0.70582
124.900000000 1.17136 39.7726 0 0 0 0.705336 0.708873
125.000000000 1.1732 39.8476 0 0 0 0.702746 0.711441
125.100000000 1.17558 39.9225 0 0 0 0.700146 0.714
125.200000000 1.17851 39.9975 0 0 0 0.697536 0.716549
125.300000000 1.18171 40.0724 0 0 0 0.695413 0.718611
125.400000000 1.18535 40.1473 0 0 0 0.693283 0.720666
125.500000000 1.18915 40.2222 0 0 0 0.691658 0.722225
125.600000000 1.19358 40.2971 0 0 0 0.689518 0.724269
125.700000000 1.19757 40.372 0 0 0 0.688958 0.724802
125.800000000 1.20256 40.4469 0 0 0 0.686809 0.726838
125.900000000 1.20878 40.5216 0 0 0 0.683188 0.730243
126.000000000 1.21957 40.5898 0 0 0 0.671748 0.74078
126.100000000 1.23413 40.6408 0 0 0 0.653913 0.75657
126.200000000 1.25024 40.708 0 0 0 0.642067 0.766648
126.300000000 1.26842 40.7755 0 0 0 0.630416 0.776257
126.400000000 1.28865 40.8435 0 0 0 0.618981 0.785406
126.500000000 1.31056 40.9035 0 0 0 0.604616 0.796517
126.600000000 1.33519 40.97 0 0 0 0.592887 0.805285
126.700000000 1.35993 41.0338 0 0 0 0.583427 0.812166
126.800000000 1.3885 41.1033 0 0 0 0.573425 0.819258
126.900000000 1.41878 41.1714 0 0 0 0.56293 0.826504
127.000000000 1.45078 41.2388 0 0 0 0.552345 0.833616
127.100000000 1.4845 41.3054 0 0 0 0.541669 0.840592
127.200000000 1.51583 41.3537 0 0 0 0.523522 0.852012
127.300000000 1.54479 41.3849 0 0 0 0.498283 0.867015
127.400000000 1.56954 41.397 0 0 0 0.464775 0.885429
127.500000000 1.58954 41.3943 0 0 0 0.424447 0.905453
127.600000000 1.6092 41.3898 0 0 0 0.383259 0.923641
127.700000000 1.62839 41.3836 0 0 0 0.341294 0.939956
127.800000000 1.64693 41.3757 0 0 0 0.298638 0.954367
127.900000000 1.66469 41.3661 0 0 0 0.255376 0.966842
128.000000000 1.68151 41.355 0 0 0 0.211596 0.977357
128.100000000 1.69616 41.3416 0 0 0 0.166743 0.986
128.200000000 1.72881 41.3382 0 0 0 0.132239 0.991218
128.300000000 1.77297 41.34 0 0 0 0.107841 0.994168
128.400000000 1.83131 41.3457 0 0 0 0.0906774 0.99588
128.500000000 1.88419 41.353 0 0 0 0.0847397 0.996403
128.600000000 1.93494 41.3627 0 0 0 0.0871726 0.996193
128.700000000 1.99145 41.3778 0 0 0 0.0997389 0.995014
128.800000000 2.04473 41.3975 0 0 0 0.121446 0.992598
128.900000000 2.09709 41.4195 0 0 0 0.143096 0.989709
129.000000000 2.14844 41.4438 0 0 0 0.164677 0.986348
129.100000000 2.19869 41.4703 0 0 0 0.186179 0.982516
129.200000000 2.24773 41.4989 0 0 0 0.207593 0.978215
129.300000000 2.29547 41.5297 0 0 0 0.228908 0.973448
129.400000000 2.34182 41.5625 0 0 0 0.250113 0.968217
129.500000000 2.38591 41.5971 0 0 0 0.271583 0.962415
129.600000000 2.42919 41.6339 0 0 0 0.292537 0.956254
129.700000000 2.47083 41.6725 0 0 0 0.313352 0.949637
129.800000000 2.51073 41.713 0 0 0 0.334017 0.942567
129.900000000 2.54811 41.7547 0 0 0 0.354896 0.934906
130.000000000 2.58219 41.7972 0 0 0 0.376333 0.926485
130.100000000 2.61427 41.8413 0 0 0 0.39757 0.917572
130.200000000 2.64562 41.8877 0 0 0 0.417877 0.908504
130.300000000 2.67423 41.935 0 0 0 0.438334 0.898812
130.400000000 2.70066 41.9836 0 0 0 0.458566 0.88866
130.500000000 2.72429 42.0327 0 0 0 0.478911 0.877864
130.600000000 2.74562 42.0829 0 0 0 0.499001 0.866601
130.700000000 2.76409 42.1333 0 0 0 0.519165 0.854674
130.800000000 2.78221 42.1872 0 0 0 0.537707 0.843132
130.900000000 2.80668 42.2537 0 0 0 0.549996 0.835167
131.000000000 2.81944 42.3067 0 0 0 0.569084 0.822279
131.100000000 2.82155 42.347 0 0 0 0.593966 0.80449
131.200000000 2.82895 42.4017 0 0 0 0.612024 0.790839
131.300000000 2.84141 42.4724 0 0 0 0.623177 0.782081
131.400000000 2.857 42.5458 0 0 0 0.625489 0.780233
131.500000000 2.87729 42.6181 0 0 0 0.617486 0.786582
131.600000000 2.89955 42.6807 0 0 0 0.604124 0.79689
131.700000000 2.92384 42.7417 0 0 0 0.590241 0.807227
131.800000000 2.95023 42.8018 0 0 0 0.576181 0.817322
131.900000000 2.97868 42.8609 0 0 0 0.561948 0.827173
132.000000000 3.00615 42.9027 0 0 0 0.540765 0.841174
132.100000000 3.03182 42.9266 0 0 0 0.512237 0.858844
132.200000000 3.05276 42.9286 0 0 0 0.474166 0.880436
132.300000000 3.07379 42.9287 0 0 0 0.435187 0.90034
132.400000000 3.09476 42.927 0 0 0 0.395374 0.91852
132.500000000 3.1155 42.9235 0 0 0 0.354804 0.934941
132.600000000 3.13585 42.9182 0 0 0 0.313555 0.94957
132.700000000 3.15566 42.9111 0 0 0 0.271704 0.962381
132.800000000 3.17382 42.9014 0 0 0 0.228729 0.97349
132.900000000 3.19105 42.8902 0 0 0 0.185303 0.982682
133.000000000 3.20722 42.8775 0 0 0 0.141511 0.989937
133.100000000 3.2222 42.8634 0 0 0 0.0974409 0.995241
133.200000000 3.25578 42.8562 0 0 0 0.0635523 0.997979
133.300000000 3.29804 42.8526 0 0 0 0.0413981 0.999143
133.400000000 3.35493 42.8511 0 0 0 0.0258307 0.999666
133.500000000 3.42997 42.8518 0 0 0 0.0178226 0.999841
133.600000000 3.50501 42.8512 0 0 0 0.00981335 0.999952
133.700000000 3.58003 42.8495 0 0 0 0.00180348 0.999998
133.800000000 3.65502 42.8468 0 0 0 -0.00562619 0.999984
133.900000000 3.72999 42.8445 0 0 0 -0.00927407 0.999957
134.000000000 3.80495 42.8416 0 0 0 -0.0129218 0.999917
134.100000000 3.87988 42.8382 0 0 0 -0.0165694 0.999863
134.200000000 3.95478 42.8343 0 0 0 -0.0202168 0.999796
134.300000000 4.02966 42.8298 0 0 0 -0.0238639 0.999715
134.400000000 4.1045 42.8248 0 0 0 -0.0275106 0.999622
134.500000000 4.1793 42.8192 0 0 0 -0.0311571 0.999515
134.600000000 4.25406 42.8131 0 0 0 -0.0348031 0.999394
134.700000000 4.32877 42.8064 0 0 0 -0.0384486 0.999261
134.800000000 4.40343 42.7992 0 0 0 -0.0420936 0.999114
134.900000000 4.47804 42.7914 0 0 0 -0.0457381 0.998953
135.000000000 4.55258 42.7831 0 0 0 -0.0493819 0.99878
135.100000000 4.62707 42.7743 0 0 0 -0.0530251 0.998593
135.200000000 4.69668 42.761 0 0 0 -0.067643 0.99771
135.300000000 4.76219 42.7454 0 0 0 -0.084036 0.996463
135.400000000 4.82715 42.7277 0 0 0 -0.100406 0.994947
135.500000000 4.88947 42.7085 0 0 0 -0.116234 0.993222
135.600000000 4.94956 42.6878 0 0 0 -0.131628 0.991299
135.700000000 5.00743 42.6659 0 0 0 -0.146586 0.989198
135.800000000 5.06152 42.6436 0 0 0 -0.160705 0.987003
135.900000000 5.10817 42.6206 0 0 0 -0.178007 0.984029
136.000000000 5.1526 42.5969 0 0 0 -0.194142 0.980973
136.100000000 5.19658 42.5727 0 0 0 -0.20811 0.978105
136.200000000 5.23842 42.548 0 0 0 -0.221573 0.975144
136.300000000 5.27973 42.5225 0 0 0 -0.234032 0.972229
136.400000000 5.31899 42.4969 0 0 0 -0.246025 0.969264
136.500000000 5.35622 42.4713 0 0 0 -0.257554 0.966264
136.600000000 5.39748 42.4428 0 0 0 -0.267546 0.963545
136.700000000 5.43418 42.4166 0 0 0 -0.276119 0.961123
136.800000000 5.46906 42.3907 0 0 0 -0.284354 0.958719
136.900000000 5.50358 42.3643 0 0 0 -0.292193 0.956359
137.000000000 5.53635 42.3384 0 0 0 -0.299713 0.954029
137.100000000 5.57438 42.3114 0 0 0 -0.300762 0.953699
137.200000000 5.63824 42.2719 0 0 0 -0.290502 0.956874
137.300000000 5.69268 42.245 0 0 0 -0.271479 0.962445
137.400000000 5.7427 42.2254 0 0 0 -0.248859 0.96854
137.500000000 5.79296 42.2086 0 0 0 -0.225719 0.974193
137.600000000 5.84397 42.1942 0 0 0 -0.202451 0.979292
137.700000000 5.89561 42.1823 0 0 0 -0.179068 0.983837
137.800000000 5.94775 42.1728 0 0 0 -0.155583 0.987823
137.900000000 6.00456 42.1635 0 0 0 -0.134368 0.990931
138.000000000 6.06172 42.1566 0 0 0 -0.113091 0.993585
138.100000000 6.11913 42.1522 0 0 0 -0.0917625 0.995781
138.200000000 6.17667 42.1502 0 0 0 -0.0703915 0.997519
138.300000000 6.23424 42.1507 0 0 0 -0.0489882 0.998799
138.400000000 6.29174 42.1536 0 0 0 -0.0275623 0.99962
138.500000000 6.34905 42.1591 0 0 0 -0.0061238 0.999981
138.600000000 6.40609 42.1669 0 0 0 0.0153175 0.999883
138.700000000 6.46273 42.1772 0 0 0 0.0367518 0.999324
138.800000000 6.51888 42.19 0 0 0 0.0581692 0.998307
138.900000000 6.57443 42.2051 0 0 0 0.0795599 0.99683
139.000000000 6.64711 42.2219 0 0 0 0.0922653 0.995734
139.100000000 6.69756 42.2332 0 0 0 0.0967537 0.995308
139.200000000 6.74628 42.2446 0 0 0 0.101096 0.994877
139.300000000 6.79327 42.2559 0 0 0 0.105291 0.994441
139.400000000 6.83856 42.2673 0 0 0 0.10934 0.994004
139.500000000 6.88214 42.2786 0 0 0 0.113242 0.993567
139.600000000 6.92401 42.2898 0 0 0 0.116998 0.993132
139.700000000 6.96419 42.3009 0 0 0 0.120609 0.9927
139.800000000 7.03628 42.3218 0 0 0 0.127981 0.991777
139.900000000 7.075 42.3318 0 0 0 0.127669 0.991817
140.000000000 7.11376 42.3417 0 0 0 0.127046 0.991897
140.100000000 7.15092 42.3511 0 0 0 0.126448 0.991973
140.200000000 7.18647 42.3601 0 0 0 0.125877 0.992046
140.300000000 7.22203 42.369 0 0 0 0.125305 0.992118
140.400000000 7.25599 42.3775 0 0 0 0.124759 0.992187
140.500000000 7.28833 42.3856 0 0 0 0.12424 0.992252
140.600000000 7.31907 42.3932 0 0 0 0.123746 0.992314
140.700000000 7.34982 42.4008 0 0 0 0.123252 0.992375
140.800000000 7.37895 42.4079 0 0 0 0.122784 0.992433
140.900000000 7.40647 42.4146 0 0 0 0.122343 0.992488
141.000000000 7.434 42.4214 0 0 0 0.121901 0.992542
141.100000000 7.45992 42.4276 0 0 0 0.121485 0.992593
141.200000000 7.48584 42.4339 0 0 0 0.121069 0.992644
141.300000000 7.51176 42.4402 0 0 0 0.120653 0.992695
141.400000000 7.53607 42.446 0 0 0 0.120263 0.992742
141.500000000 7.56039 42.4518 0 0 0 0.119873 0.992789
141.600000000 7.58308 42.4572 0 0 0 0.119509 0.992833
141.700000000 7.60579 42.4626 0 0 0 0.119145 0.992877
141.800000000 7.62687 42.4676 0 0 0 0.118807 0.992917
141.900000000 7.64965 42.4727 0 0 0 0.117712 0.993048
142.000000000 7.67081 42.4774 0 0 0 0.116695 0.993168
142.100000000 7.69198 42.482 0 0 0 0.115678 0.993287
142.200000000 7.71153 42.4862 0 0 0 0.114739 0.993396
142.300000000 7.73109 42.4904 0 0 0 0.1138 0.993504
142.400000000 7.74903 42.4942 0 0 0 0.112939 0.993602
142.500000000 7.7686 42.4983 0 0 0 0.111999 0.993708
142.600000000 7.78818 42.5024 0 0 0 0.11106 0.993814
142.700000000 7.80777 42.5065 0 0 0 0.110121 0.993918
142.800000000 7.82737 42.5105 0 0 0 0.109181 0.994022
142.900000000 7.84698 42.5144 0 0 0 0.108241 0.994125
143.000000000 7.86659 42.5184 0 0 0 0.107301 0.994227
143.100000000 7.88777 42.5229 0 0 0 0.107132 0.994245
143.200000000 7.90894 42.5275 0 0 0 0.107132 0.994245
143.300000000 7.93011 42.5322 0 0 0 0.107132 0.994245
143.400000000 7.94965 42.5364 0 0 0 0.107132 0.994245
143.500000000 7.96919 42.5407 0 0 0 0.107132 0.994245
143.600000000 7.9871 42.5446 0 0 0 0.107132 0.994245
143.700000000 8.00502 42.5485 0 0 0 0.107132 0.994245
143.800000000 8.02456 42.5528 0 0 0 0.107132 0.994245
143.900000000 8.04247 42.5567 0 0 0 0.107132 0.994245
144.000000000 8.06206 42.5607 0 0 0 0.106507 0.994312
144.100000000 8.08004 42.5643 0 0 0 0.105789 0.994389
144.200000000 8.09966 42.5682 0 0 0 0.105007 0.994472
144.300000000 8.12256 42.5727 0 0 0 0.104094 0.994568
144.400000000 8.14382 42.5768 0 0 0 0.103246 0.994656
144.500000000 8.1651 42.581 0 0 0 0.102398 0.994744
144.600000000 8.18474 42.5847 0 0 0 0.101615 0.994824
144.700000000 8.20439 42.5885 0 0 0 0.100832 0.994904
144.800000000 8.22241 42.5919 0 0 0 0.100114 0.994976
144.900000000 8.24206 42.5956 0 0 0 0.0994878 0.995039
145.000000000 8.26171 42.5993 0 0 0 0.0988618 0.995101
145.100000000 8.27973 42.6027 0 0 0 0.0982879 0.995158
145.200000000 8.2994 42.6064 0 0 0 0.0976618 0.99522
145.300000000 8.31906 42.61 0 0 0 0.0970356 0.995281
145.400000000 8.33874 42.6136 0 0 0 0.0964094 0.995342
145.500000000 8.35841 42.6172 0 0 0 0.0957832 0.995402
145.600000000 8.37809 42.6208 0 0 0 0.0951569 0.995462
145.700000000 8.39942 42.6246 0 0 0 0.0944784 0.995527
145.800000000 8.41911 42.6281 0 0 0 0.093852 0.995586
145.900000000 8.43879 42.6317 0 0 0 0.0933825 0.99563
146.000000000 8.45848 42.6352 0 0 0 0.092913 0.995674
146.100000000 8.47653 42.6384 0 0 0 0.0924826 0.995714
146.200000000 8.49622 42.6419 0 0 0 0.092013 0.995758
146.300000000 8.51591 42.6454 0 0 0 0.0915434 0.995801
146.400000000 8.53561 42.6489 0 0 0 0.0910738 0.995844
146.500000000 8.55532 42.6523 0 0 0 0.0906041 0.995887
146.600000000 8.57502 42.6557 0 0 0 0.0901345 0.99593
146.700000000 8.59637 42.6594 0 0 0 0.0896256 0.995976
146.800000000 8.61608 42.6628 0 0 0 0.0891559 0.996018
146.900000000 8.6358 42.6662 0 0 0 0.0886862 0.99606
147.000000000 8.65392 42.669 0 0 0 0.0876782 0.996149
147.100000000 8.67204 42.6718 0 0 0 0.08667 0.996237
147.200000000 8.69346 42.6751 0 0 0 0.0854784 0.99634
147.300000000 8.71489 42.6783 0 0 0 0.0842867 0.996442
147.400000000 8.73468 42.6812 0 0 0 0.0831866 0.996534
147.500000000 8.75448 42.6841 0 0 0 0.0820864 0.996625
147.600000000 8.77428 42.6869 0 0 0 0.080986 0.996715
147.700000000 8.79244 42.6895 0 0 0 0.0799773 0.996797
147.800000000 8.81225 42.6923 0 0 0 0.0788768 0.996884
147.900000000 8.83207 42.695 0 0 0 0.0777762 0.996971
148.000000000 8.85189 42.6977 0 0 0 0.0768337 0.997044
148.100000000 8.87171 42.7004 0 0 0 0.0758912 0.997116
148.200000000 8.88988 42.7028 0 0 0 0.0750272 0.997181
148.300000000 8.90806 42.7052 0 0 0 0.0741631 0.997246
148.400000000 8.9279 42.7078 0 0 0 0.0732204 0.997316
148.500000000 8.94609 42.7101 0 0 0 0.0723562 0.997379
148.600000000 8.96593 42.7127 0 0 0 0.0714133 0.997447
148.700000000 8.9924 42.716 0 0 0 0.0701561 0.997536
148.800000000 9.01887 42.7192 0 0 0 0.0688988 0.997624
148.900000000 9.0437 42.7222 0 0 0 0.06772 0.997704
149.000000000 9.06853 42.7251 0 0 0 0.066541 0.997784
149.100000000 9.08835 42.7277 0 0 0 0.066541 0.997784
149.200000000 9.10818 42.7304 0 0 0 0.066541 0.997784
149.300000000 9.128 42.733 0 0 0 0.066541 0.997784
149.400000000 9.14782 42.7357 0 0 0 0.066541 0.997784
149.500000000 9.1693 42.7386 0 0 0 0.066541 0.997784
149.600000000 9.18912 42.7412 0 0 0 0.066541 0.997784
149.700000000 9.20894 42.7439 0 0 0 0.066541 0.997784
149.800000000 9.22711 42.7463 0 0 0 0.066541 0.997784
149.900000000 9.24529 42.7487 0 0 0 0.066541 0.997784
150.000000000 9.26514 42.7511 0 0 0 0.0659133 0.997825
150.100000000 9.285 42.7535 0 0 0 0.0652855 0.997867
150.200000000 9.30486 42.7559 0 0 0 0.0646577 0.997908
150.300000000 9.32307 42.758 0 0 0 0.0640821 0.997945
150.400000000 9.34294 42.7603 0 0 0 0.0634543 0.997985
150.500000000 9.37109 42.7636 0 0 0 0.0625647 0.998041
150.600000000 9.39759 42.7666 0 0 0 0.0617275 0.998093
150.700000000 9.42244 42.7693 0 0 0 0.0609426 0.998141
150.800000000 9.44729 42.7721 0 0 0 0.0601576 0.998189
150.900000000 9.47048 42.7746 0 0 0 0.0596084 0.998222
151.000000000 9.49202 42.777 0 0 0 0.0590984 0.998252
151.100000000 9.51356 42.7794 0 0 0 0.0585884 0.998282
151.200000000 9.53344 42.7815 0 0 0 0.0581176 0.99831
151.300000000 9.55333 42.7837 0 0 0 0.0576468 0.998337
151.400000000 9.57322 42.7858 0 0 0 0.057176 0.998364
151.500000000 9.59477 42.788 0 0 0 0.0566659 0.998393
151.600000000 9.61466 42.7901 0 0 0 0.0561951 0.99842
151.700000000 9.63455 42.7922 0 0 0 0.0557242 0.998446
151.800000000 9.65279 42.794 0 0 0 0.0552926 0.99847
151.900000000 9.67269 42.7961 0 0 0 0.0548217 0.998496
152.000000000 9.69259 42.7981 0 0 0 0.0543509 0.998522
152.100000000 9.71249 42.8001 0 0 0 0.05388 0.998547
152.200000000 9.7324 42.802 0 0 0 0.0534091 0.998573
152.300000000 9.7523 42.804 0 0 0 0.0529381 0.998598
152.400000000 9.77221 42.8059 0 0 0 0.0524672 0.998623
152.500000000 9.79212 42.8078 0 0 0 0.0519963 0.998647
152.600000000 9.81203 42.8097 0 0 0 0.0515253 0.998672
152.700000000 9.83194 42.8116 0 0 0 0.0510543 0.998696
152.800000000 9.8585 42.814 0 0 0 0.0504264 0.998728
152.900000000 9.88505 42.8165 0 0 0 0.0497984 0.998759
153.000000000 9.90995 42.8188 0 0 0 0.049406 0.998779
153.100000000 9.93484 42.8211 0 0 0 0.0490137 0.998798
153.200000000 9.95973 42.8234 0 0 0 0.0486213 0.998817
153.300000000 9.98297 42.8255 0 0 0 0.0482551 0.998835
153.400000000 10.0062 42.8276 0 0 0 0.0478889 0.998853
153.500000000 10.0278 42.8296 0 0 0 0.0475488 0.998869
153.600000000 10.0494 42.8315 0 0 0 0.0472088 0.998885
153.700000000 10.071 42.8334 0 0 0 0.0468687 0.998901
153.800000000 10.0909 42.8351 0 0 0 0.0465548 0.998916
153.900000000 10.1108 42.8369 0 0 0 0.0462408 0.99893
154.000000000 10.1324 42.8385 0 0 0 0.0452179 0.998977
154.100000000 10.1524 42.8399 0 0 0 0.0442735 0.999019
154.200000000 10.1723 42.8413 0 0 0 0.0433291 0.999061
154.300000000 10.1923 42.8426 0 0 0 0.0423847 0.999101
154.400000000 10.2122 42.844 0 0 0 0.0414403 0.999141
154.500000000 10.2322 42.8452 0 0 0 0.0404958 0.99918
154.600000000 10.2522 42.8465 0 0 0 0.0395513 0.999218
154.700000000 10.2721 42.8477 0 0 0 0.0386067 0.999254
154.800000000 10.2921 42.8488 0 0 0 0.0376621 0.999291
154.900000000 10.3121 42.85 0 0 0 0.0367175 0.999326
155.000000000 10.332 42.8511 0 0 0 0.0357729 0.99936
155.100000000 10.352 42.8522 0 0 0 0.0349863 0.999388
155.200000000 10.3703 42.8532 0 0 0 0.0342653 0.999413
155.300000000 10.397 42.8546 0 0 0 0.0332166 0.999448
155.400000000 10.4219 42.8559 0 0 0 0.0322333 0.99948
155.500000000 10.4469 42.8571 0 0 0 0.0312501 0.999512
155.600000000 10.4735 42.8583 0 0 0 0.0302012 0.999544
155.700000000 10.5002 42.8595 0 0 0 0.0291523 0.999575
155.800000000 10.5268 42.8606 0 0 0 0.0281034 0.999605
155.900000000 10.5535 42.8617 0 0 0 0.0270544 0.999634
156.000000000 10.5785 42.8628 0 0 0 0.0262683 0.999655
156.100000000 10.6068 42.8639 0 0 0 0.0253773 0.999678
156.200000000 10.6334 42.8649 0 0 0 0.0245387 0.999699
156.300000000 10.6584 42.8658 0 0 0 0.0237525 0.999718
156.400000000 10.6834 42.8667 0 0 0 0.0229662 0.999736
156.500000000 10.7067 42.8675 0 0 0 0.0222324 0.999753
156.600000000 10.7334 42.8683 0 0 0 0.0213938 0.999771
156.700000000 10.7584 42.8691 0 0 0 0.0206075 0.999788
156.800000000 10.785 42.8698 0 0 0 0.0197688 0.999805
156.900000000 10.81 42.8705 0 0 0 0.0189825 0.99982
157.000000000 10.8367 42.8713 0 0 0 0.0183539 0.999832
157.100000000 10.8633 42.872 0 0 0 0.0177252 0.999843
157.200000000 10.89 42.8727 0 0 0 0.0170965 0.999854
157.300000000 10.9166 42.8734 0 0 0 0.0164678 0.999864
157.400000000 10.9416 42.8739 0 0 0 0.0158784 0.999874
157.500000000 10.9666 42.8745 0 0 0 0.015289 0.999883
157.600000000 10.9933 42.8751 0 0 0 0.0146603 0.999893
157.700000000 11.02 42.8756 0 0 0 0.0140315 0.999902
157.800000000 11.0466 42.8761 0 0 0 0.0134028 0.99991
157.900000000 11.0733 42.8766 0 0 0 0.0129838 0.999916
158.000000000 11.0983 42.8771 0 0 0 0.012591 0.999921
158.100000000 11.1249 42.8776 0 0 0 0.012172 0.999926
158.200000000 11.1499 42.8781 0 0 0 0.0117792 0.999931
158.300000000 11.1749 42.8785 0 0 0 0.0113864 0.999935
158.400000000 11.2016 42.879 0 0 0 0.0109675 0.99994
158.500000000 11.2266 42.8794 0 0 0 0.0105747 0.999944
158.600000000 11.2516 42.8797 0 0 0 0.0101818 0.999948
158.700000000 11.2783 42.8801 0 0 0 0.00976285 0.999952
158.800000000 11.3049 42.8805 0 0 0 0.00934385 0.999956
158.900000000 11.3316 42.8808 0 0 0 0.00892485 0.99996
159.000000000 11.3582 42.8812 0 0 0 0.0087154 0.999962
159.100000000 11.3832 42.8815 0 0 0 0.00851904 0.999964
159.200000000 11.4082 42.8819 0 0 0 0.00832269 0.999965
159.300000000 11.4349 42.8822 0 0 0 0.00811324 0.999967
159.400000000 11.4616 42.8826 0 0 0 0.00790379 0.999969
159.500000000 11.4866 42.8829 0 0 0 0.00770743 0.99997
159.600000000 11.5116 42.8832 0 0 0 0.00751107 0.999972
159.700000000 11.5382 42.8835 0 0 0 0.00730161 0.999973
159.800000000 11.5632 42.8838 0 0 0 0.00710525 0.999975
159.900000000 11.5899 42.8841 0 0 0 0.0068958 0.999976
160.000000000 11.6149 42.8844 0 0 0 0.00669944 0.999978
160.100000000 11.6416 42.8847 0 0 0 0.00648999 0.999979
160.200000000 11.6666 42.8849 0 0 0 0.00629363 0.99998
160.300000000 11.6932 42.8851 0 0 0 0.00608417 0.999981
160.400000000 11.7182 42.8854 0 0 0 0.00588781 0.999983
160.500000000 11.7449 42.8856 0 0 0 0.00567836 0.999984
160.600000000 11.7699 42.8858 0 0 0 0.005482 0.999985
160.700000000 11.7966 42.886 0 0 0 0.00527254 0.999986
160.800000000 11.8216 42.8862 0 0 0 0.00507618 0.999987
160.900000000 11.8466 42.8864 0 0 0 0.00487982 0.999988
161.000000000 11.8716 42.8865 0 0 0 0.00468345 0.999989
161.100000000 11.8982 42.8867 0 0 0 0.004474 0.99999
161.200000000 11.9249 42.8869 0 0 0 0.00426454 0.999991
161.300000000 11.9516 42.887 0 0 0 0.00405509 0.999992
161.400000000 11.9782 42.8871 0 0 0 0.00384563 0.999993
161.500000000 12.0049 42.8873 0 0 0 0.00363618 0.999993
161.600000000 12.0316 42.8874 0 0 0 0.00342672 0.999994
161.700000000 12.0582 42.8875 0 0 0 0.00321727 0.999995
161.800000000 12.0832 42.8876 0 0 0 0.0030209 0.999995
161.900000000 12.1099 42.8876 0 0 0 0.00281145 0.999996
162.000000000 12.1349 42.8877 0 0 0 0.00261508 0.999997
162.100000000 12.1599 42.8877 0 0 0 0.00241872 0.999997
162.200000000 12.1866 42.8878 0 0 0 0.00220926 0.999998
162.300000000 12.2132 42.8878 0 0 0 0.0019998 0.999998
162.400000000 12.2399 42.8878 0 0 0 0.00179035 0.999998
162.500000000 12.2666 42.8879 0 0 0 0.00158089 0.999999
162.600000000 12.2916 42.8879 0 0 0 0.00138453 0.999999
162.700000000 12.3182 42.8879 0 0 0 0.00117507 0.999999
162.800000000 12.3432 42.8878 0 0 0 0.000978704 1
162.900000000 12.3682 42.8879 0 0 0 0.000978704 1
163.000000000 12.3932 42.8879 0 0 0 0.000978704 1
163.100000000 12.4166 42.888 0 0 0 0.000978704 1
163.200000000 12.4432 42.888 0 0 0 0.000978704 1
163.300000000 12.4699 42.8881 0 0 0 0.000978704 1
163.400000000 12.4966 42.8881 0 0 0 0.000978704 1
163.500000000 12.5216 42.8882 0 0 0 0.000978704 1
163.600000000 12.5482 42.8882 0 0 0 0.000978704 1
163.700000000 12.5749 42.8883 0 0 0 0.000978704 1
163.800000000 12.6016 42.8883 0 0 0 0.000978704 1
163.900000000 12.6282 42.8884 0 0 0 0.000978704 1
164.000000000 12.6549 42.8884 0 0 0 0.000978704 1
164.100000000 12.6816 42.8885 0 0 0 0.000978704 1
164.200000000 12.7066 42.8885 0 0 0 0.000978704 1
164.300000000 12.7349 42.8886 0 0 0 0.000978704 1
164.400000000 12.7616 42.8886 0 0 0 0.000978704 1
164.500000000 12.7882 42.8887 0 0 0 0.000978704 1
164.600000000 12.8132 42.8888 0 0 0 0.000978704 1
164.700000000 12.8382 42.8888 0 0 0 0.000978704 1
164.800000000 12.8649 42.8889 0 0 0 0.000978704 1
164.900000000 12.8916 42.8889 0 0 0 0.000978704 1
165.000000000 12.9166 42.889 0 0 0 0.000978704 1
165.100000000 12.9416 42.889 0 0 0 0.000978704 1
165.200000000 12.9666 42.8891 0 0 0 0.000978704 1
165.300000000 12.9899 42.8891 0 0 0 0.000978704 1
165.400000000 13.0166 42.8891 0 0 0 0.000978704 1
165.500000000 13.0416 42.8892 0 0 0 0.000978704 1
165.600000000 13.0682 42.8893 0 0 0 0.000978704 1
165.700000000 13.0949 42.8893 0 0 0 0.000978704 1
165.800000000 13.1216 42.8894 0 0 0 0.000978704 1
165.900000000 13.1466 42.8894 0 0 0 0.000978704 1
166.000000000 13.1732 42.8895 0 0 0 0.000978704 1
166.100000000 13.1982 42.8895 0 0 0 0.000978704 1
166.200000000 13.2249 42.8896 0 0 0 0.000978704 1
166.300000000 13.2499 42.8896 0 0 0 0.000978704 1
166.400000000 13.2749 42.8897 0 0 0 0.000978704 1
166.500000000 13.3016 42.8897 0 0 0 0.000978704 1
166.600000000 13.3266 42.8898 0 0 0 0.000978704 1
166.700000000 13.3532 42.8898 0 0 0 0.000978704 1
166.800000000 13.3782 42.8899 0 0 0 0.000978704 1
166.900000000 13.4049 42.8899 0 0 0 0.000978704 1
167.000000000 13.4299 42.89 0 0 0 0.000978704 1
167.100000000 13.4549 42.89 0 0 0 0.000978704 1
167.200000000 13.4816 42.8901 0 0 0 0.000978704 1
167.300000000 13.5082 42.8901 0 0 0 0.000978704 1
167.400000000 13.5332 42.8902 0 0 0 0.000978704 1
167.500000000 13.5566 42.8902 0 0 0 0.000978704 1
167.600000000 13.5832 42.8903 0 0 0 0.000978704 1
167.700000000 13.6099 42.8903 0 0 0 0.000978704 1
167.800000000 13.6365 42.8904 0 0 0 0.000978704 1
167.900000000 13.6632 42.8904 0 0 0 0.000978704 1
168.000000000 13.6899 42.8905 0 0 0 0.000978704 1
168.100000000 13.7165 42.8905 0 0 0 0.000978704 1
168.200000000 13.7432 42.8906 0 0 0 0.000978704 1
168.300000000 13.7699 42.8906 0 0 0 0.000978704 1
168.400000000 13.7965 42.8907 0 0 0 0.000978704 1
168.500000000 13.8215 42.8907 0 0 0 0.000978704 1
168.600000000 13.8465 42.8908 0 0 0 0.000978704 1
168.700000000 13.8715 42.8908 0 0 0 0.000978704 1
168.800000000 13.8982 42.8909 0 0 0 0.000978704 1
168.900000000 13.9249 42.8909 0 0 0 0.000978704 1
169.000000000 13.9515 42.891 0 0 0 0.000978704 1
169.100000000 13.9782 42.891 0 0 0 0.000978704 1
169.200000000 14.0032 42.8911 0 0 0 0.000978704 1
169.300000000 14.0299 42.8911 0 0 0 0.000978704 1
169.400000000 14.0549 42.8912 0 0 0 0.000978704 1
169.500000000 14.0799 42.8912 0 0 0 0.000978704 1
169.600000000 14.1065 42.8913 0 0 0 0.000978704 1
169.700000000 14.1315 42.8913 0 0 0 0.000978704 1
169.800000000 14.1565 42.8914 0 0 0 0.000978704 1
169.900000000 14.1832 42.8914 0 0 0 0.000978704 1
170.000000000 14.2099 42.8915 0 0 0 0.000978704 1
170.100000000 14.2365 42.8915 0 0 0 0.000978704 1
170.200000000 14.2632 42.8916 0 0 0 0.000978704 1
170.300000000 14.2899 42.8916 0 0 0 0.000978704 1
170.400000000 14.3165 42.8917 0 0 0 0.000978704 1
170.500000000 14.3432 42.8917 0 0 0 0.000978704 1
170.600000000 14.3682 42.8918 0 0 0 0.000978704 1
170.700000000 14.3932 42.8918 0 0 0 0.000978704 1
170.800000000 14.4165 42.8919 0 0 0 0.000978704 1
170.900000000 14.4399 42.8919 0 0 0 0.000978704 1
171.000000000 14.4665 42.892 0 0 0 0.000978704 1
171.100000000 14.4932 42.892 0 0 0 0.000978704 1
171.200000000 14.5182 42.8921 0 0 0 0.000978704 1
171.300000000 14.5432 42.8921 0 0 0 0.000978704 1
171.400000000 14.5699 42.8922 0 0 0 0.000978704 1
171.500000000 14.5965 42.8922 0 0 0 0.000978704 1
171.600000000 14.6215 42.8923 0 0 0 0.000978704 1
171.700000000 14.6465 42.8923 0 0 0 0.000978704 1
171.800000000 14.6699 42.8924 0 0 0 0.000978704 1
171.900000000 14.6932 42.8924 0 0 0 0.000978704 1
172.000000000 14.7199 42.8925 0 0 0 0.000978704 1
172.100000000 14.7465 42.8925 0 0 0 0.000978704 1
172.200000000 14.7715 42.8926 0 0 0 0.000978704 1
172.300000000 14.7949 42.8926 0 0 0 0.000978704 1
172.400000000 14.8182 42.8927 0 0 0 0.000978704 1
172.500000000 14.8465 42.8927 0 0 0 0.000978704 1
172.600000000 14.8732 42.8928 0 0 0 0.000978704 1
172.700000000 14.8982 42.8928 0 0 0 0.000978704 1
172.800000000 14.9232 42.8929 0 0 0 0.000978704 1
172.900000000 14.9499 42.8923 0 0 0 -0.000705687 1
173.000000000 14.9765 42.8915 0 0 0 -0.0026033 0.999997
173.100000000 15.0015 42.8906 0 0 0 -0.0043823 0.99999
173.200000000 15.0349 42.8897 0 0 0 -0.00595774 0.999982
173.300000000 15.0665 42.8887 0 0 0 -0.0074544 0.999972
173.400000000 15.1415 42.8859 0 0 0 -0.0117724 0.999931
173.500000000 15.2164 42.8827 0 0 0 -0.01542 0.999881
173.600000000 15.2913 42.8786 0 0 0 -0.0197376 0.999805
173.700000000 15.3662 42.8742 0 0 0 -0.0233847 0.999727
173.800000000 15.441 42.8692 0 0 0 -0.0270315 0.999635
173.900000000 15.5159 42.8637 0 0 0 -0.030678 0.999529
174.000000000 15.5906 42.8577 0 0 0 -0.034324 0.999411
174.100000000 15.6653 42.8511 0 0 0 -0.0379696 0.999279
174.200000000 15.74 42.8439 0 0 0 -0.0416147 0.999134
174.300000000 15.8146 42.8357 0 0 0 -0.0465811 0.998915
174.400000000 15.8891 42.8273 0 0 0 -0.0502248 0.998738
174.500000000 15.9635 42.8173 0 0 0 -0.0564454 0.998406
174.600000000 16.0377 42.8061 0 0 0 -0.0632696 0.997996
174.700000000 16.1117 42.7939 0 0 0 -0.0700908 0.997541
174.800000000 16.1856 42.781 0 0 0 -0.0763035 0.997085
174.900000000 16.2593 42.7669 0 0 0 -0.0831182 0.99654
175.000000000 16.3329 42.7522 0 0 0 -0.0887055 0.996058
175.100000000 16.4062 42.7365 0 0 0 -0.0949086 0.995486
175.200000000 16.4792 42.7192 0 0 0 -0.102879 0.994694
175.300000000 16.5523 42.7024 0 0 0 -0.106507 0.994312
175.400000000 16.625 42.6836 0 0 0 -0.113892 0.993493
175.500000000 16.6803 42.6644 0 0 0 -0.12922 0.991616
175.600000000 16.7227 42.6432 0 0 0 -0.153057 0.988217
175.700000000 16.7496 42.6206 0 0 0 -0.186128 0.982525
175.800000000 16.7541 42.6001 0 0 0 -0.228942 0.97344
175.900000000 16.7458 42.5822 0 0 0 -0.276564 0.960995
176.000000000 16.7359 42.5653 0 0 0 -0.323517 0.946222
176.100000000 16.7243 42.5494 0 0 0 -0.369685 0.929157
176.200000000 16.7311 42.5256 0 0 0 -0.398896 0.916996
176.300000000 16.7456 42.4983 0 0 0 -0.417135 0.908845
176.400000000 16.7764 42.4503 0 0 0 -0.435148 0.900359
176.500000000 16.8155 42.3941 0 0 0 -0.444588 0.895735
176.600000000 16.8368 42.3663 0 0 0 -0.444342 0.895857
176.700000000 16.8585 42.3389 0 0 0 -0.442859 0.896591
176.800000000 16.8806 42.3118 0 0 0 -0.440372 0.897815
176.900000000 16.9015 42.2858 0 0 0 -0.438957 0.898508
177.000000000 16.9265 42.2588 0 0 0 -0.431815 0.901962
177.100000000 16.9538 42.2316 0 0 0 -0.422287 0.906462
177.200000000 16.9833 42.2042 0 0 0 -0.411146 0.911569
177.300000000 17.0075 42.1812 0 0 0 -0.404561 0.914511
177.400000000 17.0307 42.1595 0 0 0 -0.398555 0.917144
177.500000000 17.053 42.1393 0 0 0 -0.392849 0.919603
177.600000000 17.0743 42.1204 0 0 0 -0.387446 0.921892
177.700000000 17.0958 42.1019 0 0 0 -0.38203 0.92415
177.800000000 17.1162 42.0846 0 0 0 -0.37692 0.926246
177.900000000 17.1368 42.0676 0 0 0 -0.371799 0.928313
178.000000000 17.1542 42.0519 0 0 0 -0.370257 0.928929
178.100000000 17.1702 42.0374 0 0 0 -0.369145 0.929372
178.200000000 17.1863 42.0229 0 0 0 -0.368034 0.929812
178.300000000 17.2012 42.0095 0 0 0 -0.367007 0.930218
178.400000000 17.2161 41.9962 0 0 0 -0.36598 0.930623
178.500000000 17.231 41.9829 0 0 0 -0.364952 0.931026
178.600000000 17.246 41.9696 0 0 0 -0.363924 0.931429
178.700000000 17.261 41.9564 0 0 0 -0.362895 0.93183
178.800000000 17.2761 41.9432 0 0 0 -0.361866 0.93223
178.900000000 17.2911 41.93 0 0 0 -0.360837 0.932629
179.000000000 17.3062 41.9169 0 0 0 -0.359807 0.933027
179.100000000 17.3213 41.9038 0 0 0 -0.358777 0.933423
179.200000000 17.3367 41.891 0 0 0 -0.356843 0.934164
179.300000000 17.3522 41.8783 0 0 0 -0.354754 0.93496
179.400000000 17.3665 41.8668 0 0 0 -0.352838 0.935685
179.500000000 17.3821 41.8542 0 0 0 -0.350745 0.936471
179.600000000 17.3965 41.8428 0 0 0 -0.348826 0.937188
179.700000000 17.4122 41.8304 0 0 0 -0.34673 0.937965
179.800000000 17.4279 41.8181 0 0 0 -0.344632 0.938738
179.900000000 17.4451 41.8048 0 0 0 -0.342358 0.939569
180.000000000 17.4609 41.7925 0 0 0 -0.340565 0.940221
180.100000000 17.4767 41.7803 0 0 0 -0.338771 0.940869
180.200000000 17.494 41.7671 0 0 0 -0.336826 0.941567
180.300000000 17.5099 41.755 0 0 0 -0.335029 0.942208
180.400000000 17.5259 41.743 0 0 0 -0.333231 0.942845
180.500000000 17.5433 41.73 0 0 0 -0.331282 0.943532
180.600000000 17.5781 41.7042 0 0 0 -0.32738 0.944893
180.700000000 17.6118 41.6797 0 0 0 -0.323622 0.946186
180.800000000 17.6444 41.6564 0 0 0 -0.32001 0.947414
180.900000000 17.6757 41.6343 0 0 0 -0.316544 0.948578
181.000000000 17.6934 41.6218 0 0 0 -0.315081 0.949065
181.100000000 17.7152 41.6064 0 0 0 -0.313482 0.949594
181.200000000 17.7316 41.5949 0 0 0 -0.312282 0.94999
181.300000000 17.7698 41.5682 0 0 0 -0.30948 0.950906
181.400000000 17.8069 41.5426 0 0 0 -0.306776 0.951782
181.500000000 17.8427 41.5182 0 0 0 -0.30417 0.952618
181.600000000 17.8786 41.494 0 0 0 -0.301561 0.953447
181.700000000 17.9106 41.4727 0 0 0 -0.299252 0.954174
181.800000000 17.9384 41.4544 0 0 0 -0.297242 0.954802
181.900000000 17.9705 41.4334 0 0 0 -0.294929 0.955519
182.000000000 18.0033 41.4105 0 0 0 -0.296131 0.955147
182.100000000 18.0345 41.3883 0 0 0 -0.297572 0.954699
182.200000000 18.0644 41.367 0 0 0 -0.298949 0.954269
182.300000000 18.0888 41.3495 0 0 0 -0.300075 0.953916
182.400000000 18.1171 41.329 0 0 0 -0.301389 0.953501
182.500000000 18.1441 41.3094 0 0 0 -0.302639 0.953105
182.600000000 18.1656 41.2937 0 0 0 -0.303639 0.952787
182.700000000 18.1912 41.2749 0 0 0 -0.304826 0.952408
182.800000000 18.2153 41.2571 0 0 0 -0.30595 0.952047
182.900000000 18.2341 41.2433 0 0 0 -0.306824 0.951766
183.000000000 18.2568 41.2263 0 0 0 -0.307885 0.951423
183.100000000 18.2742 41.2134 0 0 0 -0.308696 0.951161
183.200000000 18.2896 41.2006 0 0 0 -0.311621 0.950206
183.300000000 18.305 41.1877 0 0 0 -0.314707 0.949189
183.400000000 18.319 41.1758 0 0 0 -0.317533 0.948247
183.500000000 18.3329 41.1638 0 0 0 -0.320355 0.947297
183.600000000 18.348 41.1507 0 0 0 -0.323432 0.946252
183.700000000 18.363 41.1374 0 0 0 -0.326505 0.945196
183.800000000 18.3767 41.1252 0 0 0 -0.329318 0.944219
183.900000000 18.3903 41.1128 0 0 0 -0.332129 0.943234
184.000000000 18.405 41.0992 0 0 0 -0.335357 0.942091
184.100000000 18.4184 41.0866 0 0 0 -0.338464 0.940979
184.200000000 18.4317 41.0739 0 0 0 -0.341567 0.939857
184.300000000 18.4461 41.06 0 0 0 -0.344949 0.938621
184.400000000 18.4604 41.046 0 0 0 -0.348326 0.937373
184.500000000 18.4746 41.0318 0 0 0 -0.351698 0.936113
184.600000000 18.4887 41.0176 0 0 0 -0.355066 0.934841
184.700000000 18.5027 41.0032 0 0 0 -0.35843 0.933557
184.800000000 18.5166 40.9888 0 0 0 -0.361624 0.932324
184.900000000 18.5304 40.9743 0 0 0 -0.364978 0.931016
185.000000000 18.5425 40.9603 0 0 0 -0.369665 0.929165
185.100000000 18.5555 40.9449 0 0 0 -0.374959 0.927041
185.200000000 18.5681 40.9316 0 0 0 -0.376718 0.926328
185.300000000 18.581 40.9186 0 0 0 -0.377655 0.925946
185.400000000 18.5929 40.9046 0 0 0 -0.381485 0.924375
185.500000000 18.6066 40.8876 0 0 0 -0.386983 0.922087
185.600000000 18.619 40.8717 0 0 0 -0.392236 0.919865
185.700000000 18.6311 40.8557 0 0 0 -0.397477 0.917612
185.800000000 18.6421 40.8409 0 0 0 -0.402269 0.915522
185.900000000 18.655 40.8234 0 0 0 -0.407714 0.91311
186.000000000 18.6667 40.807 0 0 0 -0.412728 0.910854
186.100000000 18.6783 40.7906 0 0 0 -0.417729 0.908572
186.200000000 18.6896 40.7739 0 0 0 -0.422718 0.906261
186.300000000 18.7008 40.7572 0 0 0 -0.427694 0.903924
186.400000000 18.7117 40.7404 0 0 0 -0.432656 0.901559
186.500000000 18.7234 40.722 0 0 0 -0.438018 0.898966
186.600000000 18.734 40.7049 0 0 0 -0.442954 0.896545
186.700000000 18.7444 40.6877 0 0 0 -0.447876 0.894096
186.800000000 18.7538 40.6718 0 0 0 -0.452376 0.891827
186.900000000 18.7747 40.6355 0 0 0 -0.46256 0.886588
187.000000000 18.7911 40.6044 0 0 0 -0.472041 0.881577
187.100000000 18.8061 40.5743 0 0 0 -0.481339 0.876535
187.200000000 18.8204 40.544 0 0 0 -0.490583 0.871394
187.300000000 18.8333 40.5149 0 0 0 -0.499314 0.866421
187.400000000 18.8451 40.487 0 0 0 -0.507539 0.861629
187.500000000 18.8563 40.459 0 0 0 -0.515718 0.856758
187.600000000 18.8663 40.4323 0 0 0 -0.5234 0.852087
187.700000000 18.8754 40.407 0 0 0 -0.530591 0.847628
187.800000000 18.8839 40.3815 0 0 0 -0.537744 0.843108
187.900000000 18.8918 40.3577 0 0 0 -0.543962 0.83911
188.000000000 18.8994 40.3337 0 0 0 -0.549931 0.83521
188.100000000 18.9062 40.3112 0 0 0 -0.555477 0.831532
188.200000000 18.9126 40.2887 0 0 0 -0.560998 0.827817
188.300000000 18.9184 40.2676 0 0 0 -0.566102 0.824335
188.400000000 18.9238 40.2465 0 0 0 -0.571185 0.820821
188.500000000 18.9286 40.227 0 0 0 -0.575858 0.81755
188.600000000 18.9332 40.2074 0 0 0 -0.580511 0.814252
188.700000000 18.9394 40.1796 0 0 0 -0.587072 0.809535
188.800000000 18.9448 40.1533 0 0 0 -0.593212 0.805047
188.900000000 18.9498 40.127 0 0 0 -0.599317 0.800512
189.000000000 18.9543 40.1006 0 0 0 -0.605388 0.795931
189.100000000 18.9585 40.0741 0 0 0 -0.611423 0.791304
189.200000000 18.962 40.0474 0 0 0 -0.618097 0.786102
189.300000000 18.9648 40.0224 0 0 0 -0.624313 0.781174
189.400000000 18.9707 39.9612 0 0 0 -0.639359 0.768908
189.500000000 18.9742 39.8998 0 0 0 -0.654163 0.756353
189.600000000 18.9753 39.8383 0 0 0 -0.668721 0.743513
189.700000000 18.974 39.7768 0 0 0 -0.683028 0.730393
189.800000000 18.9703 39.7154 0 0 0 -0.697076 0.716997
189.900000000 18.9643 39.6541 0 0 0 -0.710862 0.703331
190.000000000 18.9559 39.5932 0 0 0 -0.72438 0.6894
190.100000000 18.9454 39.5309 0 0 0 -0.737064 0.675822
190.200000000 18.9324 39.47 0 0 0 -0.74977 0.661699
190.300000000 18.9173 39.4078 0 0 0 -0.761663 0.647974
190.400000000 18.9 39.3463 0 0 0 -0.773304 0.634035
190.500000000 18.8804 39.2854 0 0 0 -0.78469 0.619888
190.600000000 18.8586 39.2235 0 0 0 -0.795302 0.606213
190.700000000 18.8345 39.1615 0 0 0 -0.805419 0.592705
190.800000000 18.8083 39.0995 0 0 0 -0.815054 0.579384
190.900000000 18.78 39.0374 0 0 0 -0.82422 0.56627
191.000000000 18.751 38.9791 0 0 0 -0.832783 0.553599
191.100000000 18.7208 38.9231 0 0 0 -0.841271 0.540614
191.200000000 18.6899 38.8603 0 0 0 -0.843953 0.536417
191.300000000 18.6608 38.7912 0 0 0 -0.839944 0.542672
191.400000000 18.6402 38.7288 0 0 0 -0.830426 0.557129
191.500000000 18.6286 38.6779 0 0 0 -0.818331 0.574748
191.600000000 18.6198 38.6282 0 0 0 -0.805873 0.592088
191.700000000 18.6132 38.5798 0 0 0 -0.793482 0.608594
191.800000000 18.6082 38.5255 0 0 0 -0.779255 0.626707
191.900000000 18.6057 38.471 0 0 0 -0.764615 0.644488
192.000000000 18.6045 38.4257 0 0 0 -0.753978 0.6569
192.100000000 18.6048 38.382 0 0 0 -0.743544 0.668687
192.200000000 18.6071 38.3237 0 0 0 -0.729311 0.684182
192.300000000 18.6118 38.2655 0 0 0 -0.714755 0.699375
192.400000000 18.619 38.2076 0 0 0 -0.699883 0.714258
192.500000000 18.6286 38.1501 0 0 0 -0.684701 0.728824
192.600000000 18.6406 38.0929 0 0 0 -0.669216 0.743068
192.700000000 18.6549 38.0364 0 0 0 -0.653434 0.756983
192.800000000 18.6717 37.9805 0 0 0 -0.637363 0.770563
192.900000000 18.6908 37.9254 0 0 0 -0.621011 0.783802
193.000000000 18.7127 37.8551 0 0 0 -0.610582 0.791953
193.100000000 18.7366 37.7838 0 0 0 -0.600826 0.79938
193.200000000 18.7621 37.7132 0 0 0 -0.590979 0.806687
193.300000000 18.7894 37.6432 0 0 0 -0.581043 0.813873
193.400000000 18.8183 37.574 0 0 0 -0.57102 0.820936
193.500000000 18.8483 37.5069 0 0 0 -0.5612 0.827681
193.600000000 18.8791 37.4421 0 0 0 -0.551525 0.834158
193.700000000 18.91 37.381 0 0 0 -0.542231 0.84023
193.800000000 18.9414 37.3221 0 0 0 -0.533099 0.846053
193.900000000 18.9732 37.2653 0 0 0 -0.524135 0.851635
194.000000000 19.007 37.1984 0 0 0 -0.524135 0.851635
194.100000000 19.0395 37.1308 0 0 0 -0.527239 0.849717
194.200000000 19.0715 37.0629 0 0 0 -0.530335 0.847788
194.300000000 19.103 36.9948 0 0 0 -0.533424 0.845848
194.400000000 19.134 36.9265 0 0 0 -0.536506 0.843896
194.500000000 19.1645 36.858 0 0 0 -0.539581 0.841934
194.600000000 19.1945 36.7893 0 0 0 -0.542649 0.83996
194.700000000 19.224 36.7203 0 0 0 -0.545709 0.837975
194.800000000 19.253 36.6511 0 0 0 -0.548763 0.835978
194.900000000 19.2815 36.5817 0 0 0 -0.551809 0.833971
195.000000000 19.3015 36.5269 0 0 0 -0.558038 0.829815
195.100000000 19.3184 36.478 0 0 0 -0.563889 0.825851
195.200000000 19.334 36.4304 0 0 0 -0.569524 0.821975
195.300000000 19.3485 36.3843 0 0 0 -0.574946 0.818192
195.400000000 19.3619 36.3395 0 0 0 -0.580157 0.814505
195.500000000 19.3743 36.2962 0 0 0 -0.585159 0.810918
195.600000000 19.3857 36.2544 0 0 0 -0.589955 0.807436
195.700000000 19.3962 36.214 0 0 0 -0.594548 0.80406
195.800000000 19.4058 36.1751 0 0 0 -0.598938 0.800795
195.900000000 19.4146 36.1377 0 0 0 -0.603129 0.797644
196.000000000 19.4224 36.1019 0 0 0 -0.607618 0.79423
196.100000000 19.4295 36.0675 0 0 0 -0.611885 0.790947
196.200000000 19.4362 36.0331 0 0 0 -0.616134 0.787641
196.300000000 19.4422 36.0003 0 0 0 -0.620165 0.784472
196.400000000 19.4477 35.969 0 0 0 -0.623978 0.781442
196.500000000 19.4528 35.9377 0 0 0 -0.627777 0.778393
196.600000000 19.4573 35.908 0 0 0 -0.631363 0.775488
196.700000000 19.4613 35.8799 0 0 0 -0.634736 0.772729
196.800000000 19.4651 35.8518 0 0 0 -0.638098 0.769955
196.900000000 19.4685 35.8253 0 0 0 -0.641251 0.767331
197.000000000 19.4716 35.7988 0 0 0 -0.644393 0.764694
197.100000000 19.4743 35.7739 0 0 0 -0.647329 0.762211
197.200000000 19.4784 35.7442 0 0 0 -0.648772 0.760983
197.300000000 19.4823 35.7161 0 0 0 -0.649961 0.759967
197.400000000 19.4858 35.6897 0 0 0 -0.651079 0.75901
197.500000000 19.4893 35.6632 0 0 0 -0.652196 0.75805
197.600000000 19.4925 35.6384 0 0 0 -0.653242 0.75715
197.700000000 19.4956 35.6136 0 0 0 -0.654286 0.756247
197.800000000 19.4985 35.5904 0 0 0 -0.655259 0.755404
197.900000000 19.5013 35.5673 0 0 0 -0.656232 0.754559
198.000000000 19.5036 35.5457 0 0 0 -0.657525 0.753432
198.100000000 19.5058 35.5242 0 0 0 -0.658817 0.752303
198.200000000 19.5078 35.5042 0 0 0 -0.660008 0.751259
198.300000000 19.5098 35.4843 0 0 0 -0.661197 0.750212
198.400000000 19.5115 35.4661 0 0 0 -0.662285 0.749252
198.500000000 19.5133 35.4461 0 0 0 -0.663471 0.748202
198.600000000 19.5151 35.4262 0 0 0 -0.664656 0.74715
198.700000000 19.5167 35.4079 0 0 0 -0.66574 0.746184
198.800000000 19.5183 35.388 0 0 0 -0.666921 0.745129
198.900000000 19.5198 35.3697 0 0 0 -0.668002 0.74416
199.000000000 19.5214 35.3498 0 0 0 -0.668941 0.743315
199.100000000 19.523 35.3298 0 0 0 -0.66988 0.74247
199.200000000 19.5245 35.3099 0 0 0 -0.670817 0.741623
199.300000000 19.526 35.2899 0 0 0 -0.671754 0.740775
199.400000000 19.5274 35.2717 0 0 0 -0.672611 0.739996
199.500000000 19.5288 35.2517 0 0 0 -0.673545 0.739146
199.600000000 19.53 35.2334 0 0 0 -0.674401 0.738366
199.700000000 19.5313 35.2134 0 0 0 -0.675333 0.737513
199.800000000 19.5326 35.1935 0 0 0 -0.676264 0.736659
199.900000000 19.5337 35.1752 0 0 0 -0.677117 0.735876
200.000000000 19.5351 35.1535 0 0 0 -0.67787 0.735182
200.100000000 19.5364 35.1319 0 0 0 -0.678622 0.734487
200.200000000 19.5376 35.1119 0 0 0 -0.679316 0.733845
200.300000000 19.5388 35.092 0 0 0 -0.68001 0.733203
200.400000000 19.5399 35.072 0 0 0 -0.680703 0.73256
200.500000000 19.541 35.052 0 0 0 -0.681395 0.731916
200.600000000 19.542 35.0337 0 0 0 -0.682029 0.731325
200.700000000 19.543 35.0137 0 0 0 -0.68272 0.73068
200.800000000 19.5439 34.9954 0 0 0 -0.683353 0.730088
200.900000000 19.5447 34.9771 0 0 0 -0.683985 0.729496
201.000000000 19.5454 34.9571 0 0 0 -0.685023 0.728522
201.100000000 19.5461 34.9371 0 0 0 -0.686059 0.727546
201.200000000 19.5467 34.9171 0 0 0 -0.687093 0.726569
201.300000000 19.5472 34.8988 0 0 0 -0.688041 0.725672
201.400000000 19.5477 34.8788 0 0 0 -0.689073 0.724692
201.500000000 19.5482 34.8588 0 0 0 -0.690104 0.723711
201.600000000 19.5489 34.8204 0 0 0 -0.692075 0.721826
201.700000000 19.5494 34.7838 0 0 0 -0.693956 0.720017
201.800000000 19.5497 34.7454 0 0 0 -0.695918 0.718122
201.900000000 19.5498 34.7087 0 0 0 -0.697789 0.716303
202.000000000 19.5488 34.6337 0 0 0 -0.703092 0.711099
202.100000000 19.5467 34.5587 0 0 0 -0.708355 0.705856
202.200000000 19.5434 34.4837 0 0 0 -0.71358 0.700574
202.300000000 19.5391 34.4088 0 0 0 -0.718765 0.695253
202.400000000 19.5336 34.334 0 0 0 -0.723911 0.689893
202.500000000 19.5271 34.2592 0 0 0 -0.729017 0.684496
202.600000000 19.5194 34.1846 0 0 0 -0.734082 0.679061
202.700000000 19.5106 34.1101 0 0 0 -0.739107 0.673588
202.800000000 19.5007 34.0357 0 0 0 -0.744091 0.668078
202.900000000 19.4897 33.9615 0 0 0 -0.749034 0.662531
203.000000000 19.4776 33.8874 0 0 0 -0.753936 0.656948
203.100000000 19.4644 33.8136 0 0 0 -0.758796 0.651328
203.200000000 19.4584 33.7656 0 0 0 -0.756551 0.653934
203.300000000 19.4571 33.7372 0 0 0 -0.751995 0.659169
203.400000000 19.4583 33.7169 0 0 0 -0.745572 0.666425
203.500000000 19.4641 33.6709 0 0 0 -0.727059 0.686575
203.600000000 19.4727 33.6262 0 0 0 -0.707722 0.706491
203.700000000 19.4837 33.582 0 0 0 -0.68784 0.725862
203.800000000 19.4972 33.5385 0 0 0 -0.667428 0.744675
203.900000000 19.513 33.4958 0 0 0 -0.646501 0.762913
204.000000000 19.531 33.4459 0 0 0 -0.628146 0.778096
204.100000000 19.5513 33.3962 0 0 0 -0.609747 0.792596
204.200000000 19.5739 33.3474 0 0 0 -0.591013 0.806662
204.300000000 19.5988 33.2998 0 0 0 -0.571955 0.820285
204.400000000 19.6259 33.2534 0 0 0 -0.552582 0.833458
204.500000000 19.6551 33.2083 0 0 0 -0.532907 0.846174
204.600000000 19.6864 33.1646 0 0 0 -0.512939 0.858425
204.700000000 19.7197 33.1224 0 0 0 -0.49269 0.870205
204.800000000 19.755 33.0818 0 0 0 -0.47217 0.881507
204.900000000 19.7921 33.043 0 0 0 -0.451391 0.892326
205.000000000 19.834 32.9953 0 0 0 -0.439121 0.898428
205.100000000 19.8777 32.9448 0 0 0 -0.431416 0.902153
205.200000000 19.9199 32.8976 0 0 0 -0.424067 0.905631
205.300000000 19.9618 32.8522 0 0 0 -0.416884 0.90896
205.400000000 20.0033 32.8088 0 0 0 -0.40987 0.912144
205.500000000 20.0454 32.766 0 0 0 -0.402832 0.915274
205.600000000 20.0847 32.7274 0 0 0 -0.39636 0.918095
205.700000000 20.1232 32.6904 0 0 0 -0.390064 0.920788
205.800000000 20.161 32.6552 0 0 0 -0.383948 0.923355
205.900000000 20.2144 32.6024 0 0 0 -0.382541 0.923938
206.000000000 20.2664 32.5508 0 0 0 -0.382009 0.924159
206.100000000 20.3067 32.5109 0 0 0 -0.381598 0.924329
206.200000000 20.3469 32.471 0 0 0 -0.381186 0.924498
206.300000000 20.3861 32.4324 0 0 0 -0.380787 0.924663
206.400000000 20.4395 32.3797 0 0 0 -0.380242 0.924887
206.500000000 20.4752 32.3447 0 0 0 -0.379879 0.925036
206.600000000 20.5096 32.3108 0 0 0 -0.379528 0.92518
206.700000000 20.543 32.2781 0 0 0 -0.379188 0.925319
206.800000000 20.5751 32.2467 0 0 0 -0.378861 0.925453
206.900000000 20.606 32.2163 0 0 0 -0.378861 0.925453
207.000000000 20.6357 32.1871 0 0 0 -0.378861 0.925453
207.100000000 20.6666 32.1567 0 0 0 -0.378861 0.925453
207.200000000 20.6963 32.1275 0 0 0 -0.378861 0.925453
207.300000000 20.7248 32.0994 0 0 0 -0.378861 0.925453
207.400000000 20.751 32.0737 0 0 0 -0.378861 0.925453
207.500000000 20.7759 32.0492 0 0 0 -0.378861 0.925453
207.600000000 20.7997 32.0258 0 0 0 -0.378861 0.925453
207.700000000 20.8246 32.0012 0 0 0 -0.378861 0.925453
207.800000000 20.8472 31.979 0 0 0 -0.378861 0.925453
207.900000000 20.9011 31.9269 0 0 0 -0.377451 0.92603
208.000000000 20.9552 31.8749 0 0 0 -0.37604 0.926603
208.100000000 21.0094 31.823 0 0 0 -0.374628 0.927175
208.200000000 21.0638 31.7714 0 0 0 -0.373215 0.927745
208.300000000 21.1183 31.7199 0 0 0 -0.371801 0.928312
208.400000000 21.173 31.6686 0 0 0 -0.370386 0.928878
208.500000000 21.2278 31.6174 0 0 0 -0.368971 0.929441
208.600000000 21.2828 31.5664 0 0 0 -0.367555 0.930002
208.700000000 21.338 31.5156 0 0 0 -0.366137 0.930561
208.800000000 21.3933 31.4649 0 0 0 -0.364719 0.931118
208.900000000 21.4487 31.4144 0 0 0 -0.3633 0.931672
209.000000000 21.5043 31.3641 0 0 0 -0.361881 0.932224
209.100000000 21.5601 31.3139 0 0 0 -0.36046 0.932775
209.200000000 21.6021 31.2809 0 0 0 -0.351488 0.936192
209.300000000 21.6501 31.2506 0 0 0 -0.330958 0.943645
209.400000000 21.6889 31.2348 0 0 0 -0.302724 0.953078
209.500000000 21.7157 31.2348 0 0 0 -0.26558 0.964089
209.600000000 21.7275 31.2504 0 0 0 -0.218551 0.975826
209.700000000 21.7351 31.2689 0 0 0 -0.169507 0.985529
209.800000000 21.7408 31.288 0 0 0 -0.120039 0.992769
209.900000000 21.7446 31.3076 0 0 0 -0.0702712 0.997528
210.000000000 21.7464 31.3276 0 0 0 -0.0203277 0.999793
210.100000000 21.7462 31.3475 0 0 0 0.0296665 0.99956
210.200000000 21.744 31.3674 0 0 0 0.0795866 0.996828
210.300000000 21.7399 31.387 0 0 0 0.129308 0.991605
210.400000000 21.7338 31.406 0 0 0 0.178706 0.983903
210.500000000 21.7258 31.4244 0 0 0 0.227657 0.973741
210.600000000 21.7161 31.4418 0 0 0 0.276039 0.961146
210.700000000 21.7046 31.4582 0 0 0 0.323732 0.946149
210.800000000 21.6916 31.4734 0 0 0 0.370615 0.928787
210.900000000 21.6771 31.4872 0 0 0 0.416572 0.909103
211.000000000 21.6614 31.4994 0 0 0 0.461487 0.887147
211.100000000 21.6444 31.5101 0 0 0 0.505249 0.862973
211.200000000 21.6265 31.519 0 0 0 0.547749 0.836643
211.300000000 21.6078 31.5261 0 0 0 0.588879 0.808221
211.400000000 21.5885 31.5312 0 0 0 0.628537 0.77778
211.500000000 21.5688 31.5344 0 0 0 0.666624 0.745394
211.600000000 21.5488 31.5357 0 0 0 0.703045 0.711145
211.700000000 21.5289 31.5349 0 0 0 0.737709 0.675119
211.800000000 21.5091 31.5321 0 0 0 0.770529 0.637405
211.900000000 21.4896 31.5274 0 0 0 0.801423 0.598098
212.000000000 21.4708 31.5208 0 0 0 0.830314 0.557296
212.100000000 21.4527 31.5123 0 0 0 0.85713 0.515101
212.200000000 21.4355 31.502 0 0 0 0.881803 0.471619
212.300000000 21.4195 31.4901 0 0 0 0.904272 0.426957
212.400000000 21.4047 31.4767 0 0 0 0.924481 0.381229
212.500000000 21.3913 31.4618 0 0 0 0.942379 0.334548
212.600000000 21.3795 31.4457 0 0 0 0.957921 0.287031
212.700000000 21.3694 31.4284 0 0 0 0.97107 0.238796
212.800000000 21.361 31.4103 0 0 0 0.981791 0.189964
212.900000000 21.3545 31.3914 0 0 0 0.990058 0.140657
213.000000000 21.3291 31.3826 0 0 0 0.994764 0.102203
213.100000000 21.3026 31.3727 0 0 0 0.997911 0.0645984
213.200000000 21.2769 31.3609 0 0 0 0.999638 0.0269021
213.300000000 21.2522 31.3471 0 0 0 0.999941 -0.0108326
213.400000000 21.2285 31.3315 0 0 0 0.998821 -0.0485519
213.500000000 21.2062 31.3142 0 0 0 0.996278 -0.086202
213.600000000 21.1852 31.2952 0 0 0 0.992316 -0.123729
213.700000000 21.1656 31.2747 0 0 0 0.986941 -0.161081
213.800000000 21.1477 31.2528 0 0 0 0.980161 -0.198202
213.900000000 21.1315 31.2296 0 0 0 0.971985 -0.235042
214.000000000 21.0997 31.2002 0 0 0 0.964772 -0.263088
214.100000000 21.0542 31.1636 0 0 0 0.959023 -0.283327
214.200000000 20.9981 31.1203 0 0 0 0.954771 -0.297341
214.300000000 20.9424 31.075 0 0 0 0.950459 -0.310851
214.400000000 20.888 31.0282 0 0 0 0.945955 -0.324298
214.500000000 20.835 30.9798 0 0 0 0.941261 -0.33768
214.600000000 20.7834 30.9299 0 0 0 0.936378 -0.350994
214.700000000 20.7332 30.8786 0 0 0 0.931306 -0.364238
214.800000000 20.6844 30.8259 0 0 0 0.926047 -0.377408
214.900000000 20.6372 30.7718 0 0 0 0.920602 -0.390502
215.000000000 20.5916 30.7164 0 0 0 0.914972 -0.403518
215.100000000 20.5475 30.6598 0 0 0 0.909157 -0.416453
215.200000000 20.5014 30.6049 0 0 0 0.908216 -0.418501
215.300000000 20.4529 30.5477 0 0 0 0.907942 -0.419096
215.400000000 20.4076 30.4943 0 0 0 0.907712 -0.419595
215.500000000 20.3592 30.437 0 0 0 0.907453 -0.420153
215.600000000 20.3173 30.3873 0 0 0 0.907239 -0.420617
215.700000000 20.2701 30.3312 0 0 0 0.906996 -0.421139
215.800000000 20.2315 30.2853 0 0 0 0.906798 -0.421566
215.900000000 20.1845 30.2291 0 0 0 0.906555 -0.422089
216.000000000 20.1406 30.1766 0 0 0 0.906328 -0.422575
216.100000000 20.0969 30.1241 0 0 0 0.906101 -0.423062
216.200000000 20.0564 30.0755 0 0 0 0.90589 -0.423512
216.300000000 20.0255 30.0383 0 0 0 0.90573 -0.423856
216.400000000 19.9957 30.0023 0 0 0 0.905574 -0.424188
216.500000000 19.967 29.9677 0 0 0 0.905424 -0.424508
216.600000000 19.9394 29.9343 0 0 0 0.90528 -0.424816
216.700000000 19.9044 29.8919 0 0 0 0.905096 -0.425207
216.800000000 19.8607 29.8393 0 0 0 0.905096 -0.425207
216.900000000 19.83 29.802 0 0 0 0.904934 -0.425551
217.000000000 19.8004 29.7659 0 0 0 0.904778 -0.425883
217.100000000 19.7718 29.7312 0 0 0 0.904628 -0.426202
217.200000000 19.741 29.6939 0 0 0 0.904628 -0.426202
217.300000000 19.7113 29.6579 0 0 0 0.904628 -0.426202
217.400000000 19.6826 29.6232 0 0 0 0.904628 -0.426202
217.500000000 19.6499 29.5833 0 0 0 0.904455 -0.426569
217.600000000 19.6266 29.5549 0 0 0 0.904332 -0.42683
217.700000000 19.596 29.5175 0 0 0 0.90417 -0.427173
217.800000000 19.5665 29.4814 0 0 0 0.904013 -0.427505
217.900000000 19.5529 29.4645 0 0 0 0.903795 -0.427966
218.000000000 19.5331 29.4398 0 0 0 0.903475 -0.428641
218.100000000 19.5143 29.4164 0 0 0 0.903171 -0.42928
218.200000000 19.5029 29.402 0 0 0 0.902986 -0.429671
218.300000000 19.4852 29.3799 0 0 0 0.902698 -0.430274
218.400000000 19.4666 29.3564 0 0 0 0.902394 -0.430912
218.500000000 19.45 29.3355 0 0 0 0.902123 -0.431479
218.600000000 19.4272 29.3068 0 0 0 0.901749 -0.432259
218.700000000 19.4056 29.2793 0 0 0 0.901392 -0.433003
218.800000000 19.3912 29.2609 0 0 0 0.901154 -0.433499
218.900000000 19.3706 29.2347 0 0 0 0.900813 -0.434207
219.000000000 19.3574 29.2175 0 0 0 0.900442 -0.434975
219.100000000 19.3412 29.1963 0 0 0 0.899893 -0.43611
219.200000000 19.322 29.1711 0 0 0 0.89924 -0.437456
219.300000000 19.304 29.1471 0 0 0 0.898619 -0.438731
219.400000000 19.29 29.1285 0 0 0 0.898134 -0.439722
219.500000000 19.273 29.1058 0 0 0 0.897545 -0.440924
219.600000000 19.2601 29.0884 0 0 0 0.897093 -0.441843
219.700000000 19.2443 29.0669 0 0 0 0.896535 -0.442973
219.800000000 19.2324 29.0508 0 0 0 0.896116 -0.44382
219.900000000 19.2176 29.0306 0 0 0 0.895591 -0.444879
220.000000000 19.2032 29.0102 0 0 0 0.894708 -0.446651
220.100000000 19.1898 28.9911 0 0 0 0.893797 -0.448472
220.200000000 19.1784 28.9746 0 0 0 0.893013 -0.450031
220.300000000 19.1661 28.9568 0 0 0 0.89216 -0.451719
220.400000000 19.1539 28.9389 0 0 0 0.891305 -0.453405
220.500000000 19.1427 28.9223 0 0 0 0.890512 -0.45496
220.600000000 19.1315 28.9057 0 0 0 0.889717 -0.456513
220.700000000 19.1195 28.8876 0 0 0 0.888852 -0.458195
220.800000000 19.1085 28.8709 0 0 0 0.888051 -0.459745
220.900000000 19.0975 28.8542 0 0 0 0.887247 -0.461294
221.000000000 19.0875 28.8388 0 0 0 0.886508 -0.462713
221.100000000 19.0766 28.822 0 0 0 0.885699 -0.46426
221.200000000 19.0665 28.8047 0 0 0 0.883938 -0.467603
221.300000000 19.0557 28.7859 0 0 0 0.881925 -0.47139
221.400000000 19.0459 28.7683 0 0 0 0.880051 -0.474878
221.500000000 19.0363 28.7508 0 0 0 0.878164 -0.478359
221.600000000 19.0268 28.7331 0 0 0 0.876264 -0.481832
221.700000000 19.0174 28.7154 0 0 0 0.874349 -0.485298
221.800000000 18.985 28.6523 0 0 0 0.867148 -0.49805
221.900000000 18.9545 28.5884 0 0 0 -0.859762 0.510695
222.000000000 18.9258 28.5236 0 0 0 -0.852191 0.523231
222.100000000 18.8997 28.4587 0 0 0 -0.844192 0.53604
222.200000000 18.8749 28.3923 0 0 0 -0.836252 0.548345
222.300000000 18.8527 28.3259 0 0 0 -0.827876 0.560911
222.400000000 18.832 28.2582 0 0 0 -0.819573 0.572974
222.500000000 18.8132 28.1898 0 0 0 -0.811095 0.584915
222.600000000 18.7965 28.121 0 0 0 -0.802442 0.59673
222.700000000 18.7817 28.0516 0 0 0 -0.793617 0.608417
222.800000000 18.7691 27.9819 0 0 0 -0.784623 0.619974
222.900000000 18.7585 27.9126 0 0 0 -0.775552 0.631283
223.000000000 18.746 27.8386 0 0 0 -0.771219 0.63657
223.100000000 18.734 27.7645 0 0 0 -0.767637 0.640885
223.200000000 18.7232 27.6903 0 0 0 -0.76339 0.645937
223.300000000 18.7127 27.616 0 0 0 -0.76017 0.649724
223.400000000 18.7033 27.5416 0 0 0 -0.756459 0.654041
223.500000000 18.6934 27.4672 0 0 0 -0.754984 0.655743
223.600000000 18.6835 27.3929 0 0 0 -0.753984 0.656892
223.700000000 18.6754 27.3183 0 0 0 -0.750311 0.661085
223.800000000 18.6669 27.2438 0 0 0 -0.74882 0.662773
223.900000000 18.6584 27.1693 0 0 0 -0.74781 0.663913
224.000000000 18.6501 27.0947 0 0 0 -0.746798 0.665051
224.100000000 18.642 27.0201 0 0 0 -0.745784 0.666188
224.200000000 18.6291 26.9462 0 0 0 -0.753235 0.657752
224.300000000 18.6143 26.8928 0 0 0 -0.765395 0.64356
224.400000000 18.5985 26.8535 0 0 0 -0.779483 0.626423
224.500000000 18.5814 26.8148 0 0 0 -0.792364 0.610049
224.600000000 18.5635 26.7783 0 0 0 -0.804405 0.594081
224.700000000 18.5447 26.7406 0 0 0 -0.814524 0.580129
224.800000000 18.5254 26.7051 0 0 0 -0.824011 0.566574
224.900000000 18.5049 26.6702 0 0 0 -0.833272 0.552863
225.000000000 18.4787 26.6395 0 0 0 -0.849791 0.52712
225.100000000 18.4557 26.6289 0 0 0 0.870084 -0.492903
225.200000000 18.4351 26.629 0 0 0 0.891101 -0.453806
225.300000000 18.4146 26.631 0 0 0 0.910361 -0.413814
225.400000000 18.3951 26.636 0 0 0 0.928066 -0.372416
225.500000000 18.376 26.6427 0 0 0 0.943889 -0.330263
225.600000000 18.3577 26.651 0 0 0 0.957799 -0.28744
225.700000000 18.3411 26.662 0 0 0 0.969926 -0.243402
225.800000000 18.3256 26.6744 0 0 0 0.980029 -0.198855
225.900000000 18.3113 26.6881 0 0 0 0.988087 -0.153894
226.000000000 18.2996 26.7038 0 0 0 0.994157 -0.107945
226.100000000 18.2893 26.7205 0 0 0 0.998091 -0.0617645
226.200000000 18.2863 26.7399 0 0 0 0.999921 -0.0125768
226.300000000 18.2852 26.7596 0 0 0 0.999328 0.0366414
226.400000000 18.2861 26.7792 0 0 0 0.996315 0.0857707
226.500000000 18.2889 26.7987 0 0 0 0.990887 0.134692
226.600000000 18.2936 26.8178 0 0 0 0.983059 0.183288
226.700000000 18.3001 26.8363 0 0 0 0.972849 0.231439
226.800000000 18.3085 26.8542 0 0 0 0.960283 0.279029
226.900000000 18.3185 26.8711 0 0 0 0.945389 0.325944
227.000000000 18.3302 26.8869 0 0 0 0.928205 0.372068
227.100000000 18.3433 26.9015 0 0 0 0.908773 0.417292
227.200000000 18.3579 26.9148 0 0 0 0.887138 0.461504
227.300000000 18.3736 26.9265 0 0 0 0.863354 0.504598
227.400000000 18.3905 26.9367 0 0 0 0.837479 0.54647
227.500000000 18.4082 26.9451 0 0 0 0.809574 0.587017
227.600000000 18.4267 26.9518 0 0 0 0.779708 0.626143
227.700000000 18.4458 26.9566 0 0 0 0.747953 0.663751
227.800000000 18.4653 26.9595 0 0 0 0.714386 0.699752
227.900000000 18.4849 26.9605 0 0 0 0.679088 0.734057
228.000000000 18.5046 26.9595 0 0 0 0.642145 0.766583
228.100000000 18.524 26.9567 0 0 0 0.603646 0.797252
228.200000000 18.5431 26.9519 0 0 0 0.563684 0.82599
228.300000000 18.5616 26.9453 0 0 0 0.522357 0.852727
228.400000000 18.5794 26.9368 0 0 0 0.479765 0.877397
228.500000000 18.5962 26.9267 0 0 0 0.436009 0.899942
228.600000000 18.612 26.915 0 0 0 0.391198 0.920307
228.700000000 18.6266 26.9018 0 0 0 0.345439 0.938441
228.800000000 18.6398 26.8872 0 0 0 0.298843 0.954302
228.900000000 18.6515 26.8714 0 0 0 0.251522 0.967851
229.000000000 18.6615 26.8545 0 0 0 0.203593 0.979056
229.100000000 18.6699 26.8367 0 0 0 0.15517 0.987888
229.200000000 18.6765 26.8181 0 0 0 0.106371 0.994326
229.300000000 18.6812 26.799 0 0 0 0.0573148 0.998356
229.400000000 18.684 26.7796 0 0 0 0.00811941 0.999967
229.500000000 18.6849 26.7599 0 0 0 -0.0410956 0.999155
229.600000000 18.6839 26.7403 0 0 0 -0.0902111 0.995923
229.700000000 18.6809 26.7208 0 0 0 -0.139108 0.990277
229.800000000 18.6761 26.7018 0 0 0 -0.187668 0.982233
229.900000000 18.6694 26.6833 0 0 0 -0.235773 0.971808
230.000000000 18.6847 26.6586 0 0 0 -0.271798 0.962354
230.100000000 18.7127 26.6275 0 0 0 -0.300322 0.953838
230.200000000 18.7395 26.5944 0 0 0 -0.328196 0.94461
230.300000000 18.7643 26.5599 0 0 0 -0.355788 0.934567
230.400000000 18.7871 26.5239 0 0 0 -0.383072 0.923718
230.500000000 18.8077 26.4866 0 0 0 -0.410026 0.912074
230.600000000 18.8261 26.4482 0 0 0 -0.436627 0.899642
230.700000000 18.8422 26.4088 0 0 0 -0.462852 0.886436
230.800000000 18.8559 26.3685 0 0 0 -0.488677 0.872465
230.900000000 18.8673 26.3275 0 0 0 -0.514081 0.857742
231.000000000 18.8866 26.2732 0 0 0 -0.532353 0.846522
231.100000000 18.9109 26.211 0 0 0 -0.542973 0.83975
231.200000000 18.9341 26.1484 0 0 0 -0.552521 0.833499
231.300000000 18.9547 26.0884 0 0 0 -0.561525 0.82746
231.400000000 18.9736 26.0296 0 0 0 -0.570229 0.821486
231.500000000 18.9907 25.972 0 0 0 -0.578636 0.815586
231.600000000 19.0062 25.9156 0 0 0 -0.586752 0.809767
231.700000000 19.0201 25.8606 0 0 0 -0.594579 0.804037
231.800000000 19.0326 25.807 0 0 0 -0.602123 0.798403
231.900000000 19.0438 25.7547 0 0 0 -0.609388 0.792873
232.000000000 19.0533 25.7055 0 0 0 -0.616152 0.787628
232.100000000 19.0617 25.6578 0 0 0 -0.622647 0.782503
232.200000000 19.0742 25.5957 0 0 0 -0.626168 0.779688
232.300000000 19.086 25.5352 0 0 0 -0.6292 0.777243
232.400000000 19.097 25.4762 0 0 0 -0.632141 0.774853
232.500000000 19.1073 25.4188 0 0 0 -0.634992 0.772519
232.600000000 19.1165 25.3645 0 0 0 -0.637672 0.770308
232.700000000 19.1252 25.3119 0 0 0 -0.640263 0.768156
232.800000000 19.1332 25.2608 0 0 0 -0.642767 0.766062
232.900000000 19.1406 25.2114 0 0 0 -0.645183 0.764028
233.000000000 19.1484 25.1586 0 0 0 -0.647429 0.762126
233.100000000 19.1556 25.1074 0 0 0 -0.6496 0.760276
233.200000000 19.1623 25.0579 0 0 0 -0.651696 0.75848
233.300000000 19.1686 25.0099 0 0 0 -0.653717 0.756739
233.400000000 19.1743 24.9636 0 0 0 -0.655665 0.755052
233.500000000 19.1797 24.9189 0 0 0 -0.657538 0.753421
233.600000000 19.1846 24.8759 0 0 0 -0.659339 0.751846
233.700000000 19.1891 24.8344 0 0 0 -0.661066 0.750328
233.800000000 19.1933 24.7947 0 0 0 -0.662721 0.748866
233.900000000 19.1965 24.7615 0 0 0 -0.664296 0.747469
234.000000000 19.1994 24.7299 0 0 0 -0.66579 0.746139
234.100000000 19.2022 24.6984 0 0 0 -0.667281 0.744806
234.200000000 19.2047 24.6685 0 0 0 -0.668691 0.74354
234.300000000 19.207 24.6402 0 0 0 -0.670021 0.742342
234.400000000 19.2092 24.612 0 0 0 -0.671349 0.741142
234.500000000 19.2112 24.5854 0 0 0 -0.672596 0.74001
234.600000000 19.213 24.5588 0 0 0 -0.673842 0.738876
234.700000000 19.2148 24.5321 0 0 0 -0.675085 0.73774
234.800000000 19.2165 24.5055 0 0 0 -0.676327 0.736602
234.900000000 19.2184 24.4773 0 0 0 -0.677313 0.735695
235.000000000 19.2201 24.4506 0 0 0 -0.678239 0.734841
235.100000000 19.2217 24.424 0 0 0 -0.679165 0.733986
235.200000000 19.2232 24.3991 0 0 0 -0.680032 0.733183
235.300000000 19.2246 24.3741 0 0 0 -0.680898 0.732379
235.400000000 19.2258 24.3508 0 0 0 -0.681705 0.731627
235.500000000 19.227 24.3275 0 0 0 -0.682511 0.730875
235.600000000 19.2281 24.3058 0 0 0 -0.683259 0.730176
235.700000000 19.2291 24.2842 0 0 0 -0.684007 0.729476
235.800000000 19.23 24.2642 0 0 0 -0.684696 0.728829
235.900000000 19.231 24.2442 0 0 0 -0.685154 0.728398
236.000000000 19.232 24.2243 0 0 0 -0.685613 0.727967
236.100000000 19.233 24.2026 0 0 0 -0.686109 0.727499
236.200000000 19.234 24.181 0 0 0 -0.686604 0.727031
236.300000000 19.235 24.1593 0 0 0 -0.6871 0.726563
236.400000000 19.2359 24.1377 0 0 0 -0.687595 0.726095
236.500000000 19.2368 24.1177 0 0 0 -0.688051 0.725662
236.600000000 19.2376 24.096 0 0 0 -0.688546 0.725193
236.700000000 19.2384 24.076 0 0 0 -0.689002 0.72476
236.800000000 19.2393 24.0544 0 0 0 -0.689496 0.72429
236.900000000 19.24 24.0327 0 0 0 -0.689989 0.72382
237.000000000 19.2409 24.0111 0 0 0 -0.690359 0.723467
237.100000000 19.2417 23.9894 0 0 0 -0.690728 0.723114
237.200000000 19.2424 23.9695 0 0 0 -0.691069 0.722788
237.300000000 19.2432 23.9478 0 0 0 -0.691439 0.722435
237.400000000 19.2439 23.9278 0 0 0 -0.691779 0.722109
237.500000000 19.2446 23.9062 0 0 0 -0.692148 0.721756
237.600000000 19.2452 23.8862 0 0 0 -0.692488 0.721429
237.700000000 19.2459 23.8645 0 0 0 -0.692857 0.721075
237.800000000 19.2466 23.8428 0 0 0 -0.693225 0.720721
237.900000000 19.2472 23.8212 0 0 0 -0.693593 0.720367
238.000000000 19.2478 23.7995 0 0 0 -0.693961 0.720012
238.100000000 19.2484 23.7779 0 0 0 -0.694329 0.719658
238.200000000 19.249 23.7562 0 0 0 -0.694696 0.719303
238.300000000 19.2495 23.7362 0 0 0 -0.695036 0.718975
238.400000000 19.25 23.7146 0 0 0 -0.695403 0.71862
238.500000000 19.2505 23.6946 0 0 0 -0.695742 0.718292
238.600000000 19.251 23.6729 0 0 0 -0.696109 0.717937
238.700000000 19.2515 23.6496 0 0 0 -0.696503 0.717553
238.800000000 19.2519 23.6279 0 0 0 -0.69687 0.717198
238.900000000 19.2524 23.6062 0 0 0 -0.697236 0.716841
239.000000000 19.2528 23.5846 0 0 0 -0.69748 0.716604
239.100000000 19.2533 23.5629 0 0 0 -0.697724 0.716367
239.200000000 19.2537 23.5429 0 0 0 -0.697949 0.716147
239.300000000 19.2541 23.5213 0 0 0 -0.698193 0.71591
239.400000000 19.2545 23.5013 0 0 0 -0.698418 0.71569
239.500000000 19.2549 23.4796 0 0 0 -0.698662 0.715452
239.600000000 19.2552 23.4596 0 0 0 -0.698886 0.715233
239.700000000 19.2556 23.4379 0 0 0 -0.69913 0.714995
239.800000000 19.2559 23.4163 0 0 0 -0.699373 0.714757
239.900000000 19.2562 23.3963 0 0 0 -0.699598 0.714537
240.000000000 19.2566 23.3746 0 0 0 -0.699841 0.714299
240.100000000 19.2569 23.3529 0 0 0 -0.700084 0.71406
240.200000000 19.2572 23.3313 0 0 0 -0.700327 0.713822
240.300000000 19.2574 23.3096 0 0 0 -0.70057 0.713583
240.400000000 19.2577 23.288 0 0 0 -0.700813 0.713345
240.500000000 19.2579 23.268 0 0 0 -0.701037 0.713125
240.600000000 19.2582 23.2463 0 0 0 -0.70128 0.712886
240.700000000 19.2584 23.223 0 0 0 -0.701541 0.712629
240.800000000 19.2586 23.2013 0 0 0 -0.701784 0.71239
240.900000000 19.2588 23.1796 0 0 0 -0.702026 0.712151
241.000000000 19.2588 23.158 0 0 0 -0.702633 0.711552
241.100000000 19.2586 23.1363 0 0 0 -0.703362 0.710832
241.200000000 19.2584 23.1146 0 0 0 -0.704089 0.710112
241.300000000 19.2582 23.0929 0 0 0 -0.704816 0.70939
241.400000000 19.2579 23.0713 0 0 0 -0.705542 0.708668
241.500000000 19.2576 23.0496 0 0 0 -0.706267 0.707945
241.600000000 19.2573 23.0279 0 0 0 -0.706992 0.707222
241.700000000 19.2569 23.0063 0 0 0 -0.707716 0.706497
241.800000000 19.2564 22.9829 0 0 0 -0.708495 0.705716
241.900000000 19.2559 22.9613 0 0 0 -0.709217 0.70499
242.000000000 19.2554 22.9396 0 0 0 -0.709818 0.704385
242.100000000 19.255 22.918 0 0 0 -0.710298 0.703901
242.200000000 19.2545 22.8963 0 0 0 -0.710777 0.703417
242.300000000 19.254 22.8746 0 0 0 -0.711257 0.702933
242.400000000 19.2535 22.853 0 0 0 -0.711735 0.702448
242.500000000 19.2529 22.8313 0 0 0 -0.712214 0.701962
242.600000000 19.2523 22.8096 0 0 0 -0.712692 0.701477
242.700000000 19.2517 22.788 0 0 0 -0.71317 0.700991
242.800000000 19.2511 22.7663 0 0 0 -0.713648 0.700505
242.900000000 19.2504 22.743 0 0 0 -0.714162 0.699981
243.000000000 19.2497 22.7213 0 0 0 -0.714519 0.699616
243.100000000 19.2491 22.6997 0 0 0 -0.714877 0.69925
243.200000000 19.2484 22.6797 0 0 0 -0.715206 0.698913
243.300000000 19.2477 22.658 0 0 0 -0.715563 0.698548
243.400000000 19.2471 22.638 0 0 0 -0.715893 0.69821
243.500000000 19.2463 22.6164 0 0 0 -0.716249 0.697844
243.600000000 19.2456 22.5964 0 0 0 -0.716578 0.697507
243.700000000 19.2449 22.5764 0 0 0 -0.716907 0.697169
243.800000000 19.2419 22.5015 0 0 0 -0.718475 0.695553
243.900000000 19.2385 22.4265 0 0 0 -0.72004 0.693933
244.000000000 19.2349 22.3516 0 0 0 -0.7216 0.69231
244.100000000 19.2309 22.2767 0 0 0 -0.723157 0.690683
244.200000000 19.2247 22.202 0 0 0 -0.727862 0.685723
244.300000000 19.2173 22.1273 0 0 0 -0.732937 0.680297
244.400000000 19.2087 22.0527 0 0 0 -0.737971 0.674832
244.500000000 19.1991 21.9783 0 0 0 -0.742964 0.669331
244.600000000 19.1883 21.9041 0 0 0 -0.747917 0.663792
244.700000000 19.1765 21.83 0 0 0 -0.752828 0.658217
244.800000000 19.1635 21.7561 0 0 0 -0.757697 0.652606
244.900000000 19.1495 21.6824 0 0 0 -0.762525 0.646959
245.000000000 19.1366 21.6085 0 0 0 -0.76351 0.645796
245.100000000 19.1239 21.5345 0 0 0 -0.764009 0.645206
245.200000000 19.111 21.4607 0 0 0 -0.764508 0.644615
245.300000000 19.0981 21.3868 0 0 0 -0.765006 0.644023
245.400000000 19.085 21.3129 0 0 0 -0.765504 0.643431
245.500000000 19.0718 21.2391 0 0 0 -0.766001 0.642839
245.600000000 19.0584 21.1653 0 0 0 -0.766498 0.642247
245.700000000 19.045 21.0915 0 0 0 -0.766995 0.641654
245.800000000 19.0315 21.0177 0 0 0 -0.76749 0.64106
245.900000000 19.0198 20.9436 0 0 0 -0.764715 0.644369
246.000000000 19.0088 20.8694 0 0 0 -0.761925 0.647665
246.100000000 18.9984 20.7952 0 0 0 -0.759164 0.6509
246.200000000 18.9886 20.7208 0 0 0 -0.756491 0.654004
246.300000000 18.9793 20.6464 0 0 0 -0.753857 0.657038
246.400000000 18.9706 20.5719 0 0 0 -0.751316 0.659943
246.500000000 18.9624 20.4973 0 0 0 -0.748815 0.662779
246.600000000 18.9548 20.4227 0 0 0 -0.746409 0.665488
246.700000000 18.9478 20.3497 0 0 0 -0.744097 0.668071
246.800000000 18.9414 20.2783 0 0 0 -0.74183 0.670588
246.900000000 18.9346 20.2036 0 0 0 -0.74059 0.671957
247.000000000 18.9279 20.1289 0 0 0 -0.739657 0.672984
247.100000000 18.9214 20.0542 0 0 0 -0.738722 0.67401
247.200000000 18.9151 19.9794 0 0 0 -0.737804 0.675015
247.300000000 18.9089 19.9047 0 0 0 -0.736919 0.675981
247.400000000 18.903 19.8299 0 0 0 -0.736069 0.676907
247.500000000 18.8972 19.7551 0 0 0 -0.735235 0.677812
247.600000000 18.8916 19.6803 0 0 0 -0.734436 0.678678
247.700000000 18.8863 19.6072 0 0 0 -0.733653 0.679524
247.800000000 18.8813 19.5374 0 0 0 -0.732905 0.680331
247.900000000 18.8767 19.4692 0 0 0 -0.732174 0.681117
248.000000000 18.8739 19.4193 0 0 0 -0.730833 0.682556
248.100000000 18.8713 19.371 0 0 0 -0.729533 0.683945
248.200000000 18.8691 19.3244 0 0 0 -0.728276 0.685284
248.300000000 18.867 19.2794 0 0 0 -0.727062 0.686572
248.400000000 18.8652 19.2361 0 0 0 -0.72589 0.687811
248.500000000 18.8636 19.1945 0 0 0 -0.724761 0.689
248.600000000 18.8622 19.1528 0 0 0 -0.72363 0.690188
248.700000000 18.8609 19.1129 0 0 0 -0.722543 0.691326
248.800000000 18.8598 19.0745 0 0 0 -0.721499 0.692415
248.900000000 18.8585 19.0329 0 0 0 -0.720819 0.693124
249.000000000 18.8573 18.9929 0 0 0 -0.720165 0.693803
249.100000000 18.8563 18.9546 0 0 0 -0.719537 0.694454
249.200000000 18.8553 18.9163 0 0 0 -0.718909 0.695104
249.300000000 18.8544 18.8796 0 0 0 -0.718308 0.695725
249.400000000 18.8536 18.8446 0 0 0 -0.717734 0.696318
249.500000000 18.8529 18.8096 0 0 0 -0.717159 0.69691
249.600000000 18.8522 18.7763 0 0 0 -0.716611 0.697473
249.700000000 18.8517 18.7446 0 0 0 -0.71609 0.698008
249.800000000 18.8512 18.713 0 0 0 -0.715568 0.698543
249.900000000 18.8507 18.683 0 0 0 -0.715074 0.699049
250.000000000 18.8503 18.653 0 0 0 -0.714579 0.699554
250.100000000 18.85 18.6246 0 0 0 -0.714112 0.700032
250.200000000 18.8494 18.583 0 0 0 -0.713653 0.700499
250.300000000 18.8488 18.5413 0 0 0 -0.713424 0.700732
250.400000000 18.8482 18.5013 0 0 0 -0.713204 0.700957
250.500000000 18.8476 18.463 0 0 0 -0.712993 0.701171
250.600000000 18.8471 18.4263 0 0 0 -0.712791 0.701377
250.700000000 18.8467 18.3913 0 0 0 -0.712598 0.701572
250.800000000 18.8462 18.3563 0 0 0 -0.712405 0.701768
250.900000000 18.8458 18.323 0 0 0 -0.712221 0.701955
251.000000000 18.8455 18.2913 0 0 0 -0.712047 0.702132
251.100000000 18.8451 18.2597 0 0 0 -0.711872 0.702309
251.200000000 18.8448 18.2297 0 0 0 -0.711707 0.702477
251.300000000 18.8446 18.2013 0 0 0 -0.71155 0.702635
251.400000000 18.8443 18.173 0 0 0 -0.711394 0.702794
251.500000000 18.844 18.1463 0 0 0 -0.711247 0.702942
251.600000000 18.8438 18.1213 0 0 0 -0.711109 0.703082
251.700000000 18.8436 18.0963 0 0 0 -0.710971 0.703222
251.800000000 18.8434 18.0697 0 0 0 -0.710823 0.703371
251.900000000 18.8432 18.043 0 0 0 -0.710676 0.70352
252.000000000 18.843 18.018 0 0 0 -0.710538 0.703659
252.100000000 18.8429 17.9913 0 0 0 -0.71039 0.703808
252.200000000 18.8427 17.9663 0 0 0 -0.710252 0.703947
252.300000000 18.8426 17.9397 0 0 0 -0.710105 0.704096
252.400000000 18.8424 17.9147 0 0 0 -0.709966 0.704236
252.500000000 18.8423 17.888 0 0 0 -0.709819 0.704384
252.600000000 18.8422 17.863 0 0 0 -0.709681 0.704524
252.700000000 18.8421 17.8363 0 0 0 -0.709533 0.704672
252.800000000 18.842 17.8113 0 0 0 -0.709395 0.704812
252.900000000 18.8419 17.788 0 0 0 -0.709265 0.704942
253.000000000 18.8417 17.7613 0 0 0 -0.709265 0.704942
253.100000000 18.8416 17.7347 0 0 0 -0.709265 0.704942
253.200000000 18.8414 17.708 0 0 0 -0.709265 0.704942
253.300000000 18.8411 17.6513 0 0 0 -0.709265 0.704942
253.400000000 18.8407 17.5963 0 0 0 -0.709265 0.704942
253.500000000 18.8404 17.5397 0 0 0 -0.709265 0.704942
253.600000000 18.84 17.4847 0 0 0 -0.709265 0.704942
253.700000000 18.8397 17.428 0 0 0 -0.709265 0.704942
253.800000000 18.8394 17.3747 0 0 0 -0.709265 0.704942
253.900000000 18.8389 17.2997 0 0 0 -0.709265 0.704942
254.000000000 18.8385 17.2247 0 0 0 -0.709265 0.704942
254.100000000 18.838 17.1497 0 0 0 -0.709265 0.704942
254.200000000 18.8375 17.0747 0 0 0 -0.709265 0.704942
254.300000000 18.8371 16.9997 0 0 0 -0.709265 0.704942
254.400000000 18.8366 16.9247 0 0 0 -0.709265 0.704942
254.500000000 18.8362 16.8497 0 0 0 -0.709265 0.704942
254.600000000 18.8357 16.7747 0 0 0 -0.709265 0.704942
254.700000000 18.8352 16.6997 0 0 0 -0.709265 0.704942
254.800000000 18.8348 16.6247 0 0 0 -0.709265 0.704942
254.900000000 18.8343 16.5497 0 0 0 -0.709265 0.704942
255.000000000 18.8339 16.4747 0 0 0 -0.709265 0.704942
255.100000000 18.8334 16.3997 0 0 0 -0.709265 0.704942
255.200000000 18.8329 16.3247 0 0 0 -0.709265 0.704942
255.300000000 18.8325 16.2497 0 0 0 -0.709265 0.704942
255.400000000 18.832 16.1747 0 0 0 -0.709265 0.704942
255.500000000 18.8316 16.0997 0 0 0 -0.709265 0.704942
255.600000000 18.8311 16.0247 0 0 0 -0.709265 0.704942
255.700000000 18.8307 15.9497 0 0 0 -0.709265 0.704942
255.800000000 18.8302 15.8747 0 0 0 -0.709265 0.704942
255.900000000 18.8297 15.7997 0 0 0 -0.709265 0.704942
256.000000000 18.8293 15.7247 0 0 0 -0.709265 0.704942
256.100000000 18.8239 15.6498 0 0 0 -0.717856 0.696192
256.200000000 18.8156 15.5812 0 0 0 -0.728597 0.684943
256.300000000 18.8051 15.513 0 0 0 -0.739161 0.673529
256.400000000 18.7926 15.445 0 0 0 -0.749547 0.661951
256.500000000 18.778 15.3766 0 0 0 -0.759458 0.650557
256.600000000 18.7613 15.3087 0 0 0 -0.769195 0.639014
256.700000000 18.7426 15.2412 0 0 0 -0.778757 0.627325
256.800000000 18.7225 15.1758 0 0 0 -0.787557 0.616241
256.900000000 18.7011 15.1107 0 0 0 -0.795447 0.606023
257.000000000 18.6785 15.0479 0 0 0 -0.803017 0.595956
257.100000000 18.6521 14.9776 0 0 0 -0.810264 0.586065
257.200000000 18.624 14.9079 0 0 0 -0.817389 0.576085
257.300000000 18.5942 14.839 0 0 0 -0.824392 0.56602
257.400000000 18.5627 14.7714 0 0 0 -0.831543 0.555461
257.500000000 18.5295 14.7046 0 0 0 -0.838559 0.544812
257.600000000 18.4946 14.6386 0 0 0 -0.845438 0.534074
257.700000000 18.458 14.5736 0 0 0 -0.85218 0.523249
257.800000000 18.4198 14.5095 0 0 0 -0.858783 0.512339
257.900000000 18.3799 14.4465 0 0 0 -0.865247 0.501346
258.000000000 18.3385 14.3844 0 0 0 0.87157 -0.490271
258.100000000 18.2955 14.3235 0 0 0 0.877751 -0.479117
258.200000000 18.2575 14.2802 0 0 0 0.887822 -0.460188
258.300000000 18.2243 14.2535 0 0 0 0.90095 -0.433924
258.400000000 18.1981 14.2451 0 0 0 0.916879 -0.399166
258.500000000 18.1833 14.2581 0 0 0 0.93541 -0.353565
258.600000000 18.1698 14.2725 0 0 0 0.951674 -0.307109
258.700000000 18.1579 14.2881 0 0 0 0.965633 -0.259908
258.800000000 18.1475 14.3048 0 0 0 0.977253 -0.212077
258.900000000 18.1388 14.3224 0 0 0 0.986505 -0.163733
259.000000000 18.1319 14.3408 0 0 0 0.993366 -0.114992
259.100000000 18.1269 14.3599 0 0 0 0.997821 -0.0659719
259.200000000 18.1237 14.3793 0 0 0 0.999859 -0.0167923
259.300000000 18.1225 14.3989 0 0 0 0.999474 0.0324279
259.400000000 18.1232 14.4185 0 0 0 0.996668 0.0815695
259.500000000 18.1258 14.438 0 0 0 0.991447 0.130514
259.600000000 18.1303 14.4572 0 0 0 0.983823 0.179141
259.700000000 18.1367 14.4758 0 0 0 0.973817 0.227335
259.800000000 18.1449 14.4937 0 0 0 0.96145 0.274978
259.900000000 18.1548 14.5107 0 0 0 0.946755 0.321955
260.000000000 18.1663 14.5266 0 0 0 0.929766 0.368152
260.100000000 18.1794 14.5413 0 0 0 0.910524 0.413457
260.200000000 18.1938 14.5547 0 0 0 0.889076 0.45776
260.300000000 18.2095 14.5666 0 0 0 0.865474 0.500954
260.400000000 18.2262 14.5769 0 0 0 0.839775 0.542934
260.500000000 18.2439 14.5855 0 0 0 0.812042 0.583599
260.600000000 18.2624 14.5923 0 0 0 0.782341 0.62285
260.700000000 18.2814 14.5973 0 0 0 0.750745 0.660592
260.800000000 18.3008 14.6003 0 0 0 0.71733 0.696734
260.900000000 18.3204 14.6015 0 0 0 0.682177 0.731187
261.000000000 18.3401 14.6007 0 0 0 0.645371 0.763869
261.100000000 18.3596 14.598 0 0 0 0.607002 0.7947
261.200000000 18.3787 14.5934 0 0 0 0.567162 0.823606
261.300000000 18.3973 14.5869 0 0 0 0.525948 0.850517
261.400000000 18.4151 14.5786 0 0 0 0.483459 0.875367
261.500000000 18.4321 14.5686 0 0 0 0.4398 0.898096
261.600000000 18.4479 14.5571 0 0 0 0.395075 0.918649
261.700000000 18.4626 14.5439 0 0 0 0.349392 0.936977
261.800000000 18.4759 14.5295 0 0 0 0.302863 0.953034
261.900000000 18.4877 14.5138 0 0 0 0.255601 0.966782
262.000000000 18.5136 14.5104 0 0 0 0.217458 0.97607
262.100000000 18.54 14.5057 0 0 0 0.179487 0.98376
262.200000000 18.566 14.499 0 0 0 0.141248 0.989974
262.300000000 18.5914 14.4902 0 0 0 0.102796 0.994702
262.400000000 18.616 14.4796 0 0 0 0.0641896 0.997938
262.500000000 18.6397 14.467 0 0 0 0.0254871 0.999675
262.600000000 18.6624 14.4527 0 0 0 -0.0132536 0.999912
262.700000000 18.6839 14.4366 0 0 0 -0.0519744 0.998648
262.800000000 18.7041 14.4189 0 0 0 -0.0906172 0.995886
262.900000000 18.7228 14.3997 0 0 0 -0.129124 0.991628
263.000000000 18.7585 14.378 0 0 0 -0.158582 0.987346
263.100000000 18.8091 14.3521 0 0 0 -0.180108 0.983647
263.200000000 18.8668 14.3226 0 0 0 -0.197526 0.980298
263.300000000 18.9243 14.291 0 0 0 -0.214463 0.976732
263.400000000 18.9807 14.2574 0 0 0 -0.231336 0.972874
263.500000000 19.0358 14.2218 0 0 0 -0.24814 0.968724
263.600000000 19.0897 14.1844 0 0 0 -0.26487 0.964284
263.700000000 19.1423 14.1451 0 0 0 -0.28152 0.959555
263.800000000 19.1935 14.104 0 0 0 -0.298086 0.954539
263.900000000 19.2432 14.0612 0 0 0 -0.314563 0.949237
264.000000000 19.2914 14.0166 0 0 0 -0.330945 0.94365
264.100000000 19.3381 13.9705 0 0 0 -0.347229 0.937781
264.200000000 19.393 13.9194 0 0 0 -0.354186 0.935175
264.300000000 19.4482 13.8686 0 0 0 -0.357595 0.933877
264.400000000 19.5033 13.8176 0 0 0 -0.360358 0.932814
264.500000000 19.558 13.7663 0 0 0 -0.363117 0.931744
264.600000000 19.6124 13.7147 0 0 0 -0.365873 0.930665
264.700000000 19.6665 13.6628 0 0 0 -0.368626 0.929578
264.800000000 19.7203 13.6105 0 0 0 -0.371375 0.928483
264.900000000 19.7758 13.56 0 0 0 -0.367442 0.930046
265.000000000 19.8306 13.5113 0 0 0 -0.36313 0.931738
265.100000000 19.8835 13.4654 0 0 0 -0.358485 0.933536
265.200000000 19.9355 13.4211 0 0 0 -0.353941 0.935268
265.300000000 19.9855 13.3794 0 0 0 -0.349611 0.936895
265.400000000 20.0345 13.3393 0 0 0 -0.345385 0.938461
265.500000000 20.0826 13.3007 0 0 0 -0.341264 0.939968
265.600000000 20.1284 13.2645 0 0 0 -0.337359 0.941376
265.700000000 20.1732 13.2298 0 0 0 -0.33356 0.942729
265.800000000 20.2169 13.1964 0 0 0 -0.329868 0.944027
265.900000000 20.2596 13.1644 0 0 0 -0.326283 0.945272
266.000000000 20.3212 13.1216 0 0 0 -0.316112 0.948722
266.100000000 20.3838 13.08 0 0 0 -0.305904 0.952062
266.200000000 20.4472 13.0399 0 0 0 -0.295661 0.955293
266.300000000 20.5115 13.0011 0 0 0 -0.285384 0.958413
266.400000000 20.5766 12.9637 0 0 0 -0.275075 0.961423
266.500000000 20.6424 12.9277 0 0 0 -0.264733 0.964322
266.600000000 20.7091 12.8931 0 0 0 -0.254361 0.967109
266.700000000 20.7764 12.8599 0 0 0 -0.244205 0.969724
266.800000000 20.8444 12.828 0 0 0 -0.234244 0.972178
266.900000000 20.9099 12.7988 0 0 0 -0.224703 0.974427
267.000000000 20.9719 12.774 0 0 0 -0.212993 0.977054
267.100000000 21.0313 12.7518 0 0 0 -0.201841 0.979418
267.200000000 21.0897 12.7315 0 0 0 -0.190956 0.981599
267.300000000 21.1469 12.713 0 0 0 -0.180343 0.983604
267.400000000 21.2029 12.6963 0 0 0 -0.170005 0.985443
267.500000000 21.256 12.6816 0 0 0 -0.16024 0.987078
267.600000000 21.3078 12.6684 0 0 0 -0.150757 0.988571
267.700000000 21.3582 12.6565 0 0 0 -0.141556 0.98993
267.800000000 21.4071 12.646 0 0 0 -0.13264 0.991164
267.900000000 21.4547 12.6367 0 0 0 -0.124012 0.992281
268.000000000 21.5007 12.6284 0 0 0 -0.115672 0.993287
268.100000000 21.5452 12.6213 0 0 0 -0.107622 0.994192
268.200000000 21.5882 12.615 0 0 0 -0.0998637 0.995001
268.300000000 21.6296 12.6097 0 0 0 -0.092398 0.995722
268.400000000 21.6694 12.6052 0 0 0 -0.085226 0.996362
268.500000000 21.7076 12.6014 0 0 0 -0.0783487 0.996926
268.600000000 21.7459 12.5981 0 0 0 -0.0714677 0.997443
268.700000000 21.7826 12.5955 0 0 0 -0.0648826 0.997893
268.800000000 21.8561 12.5913 0 0 0 -0.0516693 0.998664
268.900000000 21.9297 12.5889 0 0 0 -0.038447 0.999261
269.000000000 22.0048 12.5875 0 0 0 -0.0277127 0.999616
269.100000000 22.0798 12.5876 0 0 0 -0.0169751 0.999856
269.200000000 22.1549 12.5893 0 0 0 -0.00623566 0.999981
269.300000000 22.2299 12.5927 0 0 0 0.00450453 0.99999
269.400000000 22.3048 12.5977 0 0 0 0.0152442 0.999884
269.500000000 22.3796 12.6043 0 0 0 0.0259821 0.999662
269.600000000 22.4542 12.6124 0 0 0 0.036717 0.999326
269.700000000 22.5287 12.6222 0 0 0 0.0474477 0.998874
269.800000000 22.6029 12.6336 0 0 0 0.0581729 0.998307
269.900000000 22.6768 12.6466 0 0 0 0.0688914 0.997624
270.000000000 22.7505 12.6611 0 0 0 0.079602 0.996827
270.100000000 22.8239 12.6764 0 0 0 0.0881498 0.996107
270.200000000 22.8972 12.693 0 0 0 0.0966911 0.995314
270.300000000 22.9701 12.7108 0 0 0 0.105225 0.994448
270.400000000 23.0427 12.7298 0 0 0 0.113752 0.993509
270.500000000 23.1149 12.7501 0 0 0 0.12227 0.992497
270.600000000 23.1868 12.7716 0 0 0 0.130779 0.991412
270.700000000 23.2583 12.7944 0 0 0 0.139279 0.990253
270.800000000 23.3294 12.8184 0 0 0 0.147768 0.989022
270.900000000 23.4003 12.8429 0 0 0 0.154526 0.987989
271.000000000 23.4717 12.8661 0 0 0 0.15529 0.987869
271.100000000 23.543 12.8891 0 0 0 0.15529 0.987869
271.200000000 23.6144 12.9121 0 0 0 0.15529 0.987869
271.300000000 23.6858 12.9351 0 0 0 0.15529 0.987869
271.400000000 23.7572 12.9581 0 0 0 0.15529 0.987869
271.500000000 23.8286 12.9811 0 0 0 0.15529 0.987869
271.600000000 23.9 13.0041 0 0 0 0.15529 0.987869
271.700000000 23.9713 13.0272 0 0 0 0.15529 0.987869
271.800000000 24.0427 13.0502 0 0 0 0.15529 0.987869
271.900000000 24.1141 13.0732 0 0 0 0.15529 0.987869
272.000000000 24.1863 13.0936 0 0 0 0.148533 0.988908
272.100000000 24.2589 13.1128 0 0 0 0.141181 0.989984
272.200000000 24.3317 13.1309 0 0 0 0.133822 0.991005
272.300000000 24.4048 13.1479 0 0 0 0.126456 0.991972
272.400000000 24.4781 13.1638 0 0 0 0.119082 0.992884
272.500000000 24.5516 13.1787 0 0 0 0.111702 0.993742
272.600000000 24.6254 13.1924 0 0 0 0.104328 0.994543
272.700000000 24.6993 13.2052 0 0 0 0.0972378 0.995261
272.800000000 24.7734 13.217 0 0 0 0.0902874 0.995916
272.900000000 24.8477 13.2278 0 0 0 0.0836225 0.996498
273.000000000 24.9188 13.2368 0 0 0 0.0762256 0.997091
273.100000000 24.9868 13.2444 0 0 0 0.0691687 0.997605
273.200000000 25.0532 13.2509 0 0 0 0.0622807 0.998059
273.300000000 25.118 13.2563 0 0 0 0.0555619 0.998455
273.400000000 25.1795 13.2606 0 0 0 0.0491854 0.99879
273.500000000 25.2395 13.264 0 0 0 0.0429793 0.999076
273.600000000 25.2978 13.2666 0 0 0 0.0369441 0.999317
273.700000000 25.3545 13.2685 0 0 0 0.0310799 0.999517
273.800000000 25.4095 13.2696 0 0 0 0.0253872 0.999678
273.900000000 25.4628 13.2701 0 0 0 0.0198662 0.999803
274.000000000 25.5212 13.2715 0 0 0 0.0175712 0.999846
274.100000000 25.5845 13.2729 0 0 0 0.0155791 0.999879
274.200000000 25.6461 13.2741 0 0 0 0.0136395 0.999907
274.300000000 25.7061 13.275 0 0 0 0.0117522 0.999931
274.400000000 25.7645 13.2756 0 0 0 0.00991729 0.999951
274.500000000 25.8195 13.276 0 0 0 0.00818721 0.999966
274.600000000 25.8728 13.2762 0 0 0 0.00650953 0.999979
274.700000000 25.9245 13.2762 0 0 0 0.00488426 0.999988
274.800000000 25.9745 13.2761 0 0 0 0.00331141 0.999995
274.900000000 26.0161 13.2756 0 0 0 0.00134208 0.999999
275.000000000 26.0561 13.2749 0 0 0 -0.000548474 1
275.100000000 26.0945 13.2741 0 0 0 -0.00236026 0.999997
275.200000000 26.1311 13.2733 0 0 0 -0.00409326 0.999992
275.300000000 26.1661 13.2723 0 0 0 -0.00574747 0.999983
275.400000000 26.2011 13.2713 0 0 0 -0.00740167 0.999973
275.500000000 26.2344 13.2701 0 0 0 -0.00897709 0.99996
275.600000000 26.2661 13.269 0 0 0 -0.0104737 0.999945
275.700000000 26.2977 13.2677 0 0 0 -0.0119703 0.999928
275.800000000 26.3277 13.2664 0 0 0 -0.0133881 0.99991
275.900000000 26.356 13.2651 0 0 0 -0.0147271 0.999892
276.000000000 26.3843 13.2638 0 0 0 -0.0160661 0.999871
276.100000000 26.411 13.2624 0 0 0 -0.0173263 0.99985
276.200000000 26.4409 13.2611 0 0 0 -0.0180336 0.999837
276.300000000 26.4709 13.2597 0 0 0 -0.0187408 0.999824
276.400000000 26.4992 13.2584 0 0 0 -0.0194088 0.999812
276.500000000 26.5258 13.2571 0 0 0 -0.0200375 0.999799
276.600000000 26.5525 13.2558 0 0 0 -0.0206661 0.999786
276.700000000 26.5775 13.2545 0 0 0 -0.0212555 0.999774
276.800000000 26.6024 13.2532 0 0 0 -0.0218448 0.999761
276.900000000 26.6257 13.252 0 0 0 -0.0223949 0.999749
277.000000000 26.6507 13.2507 0 0 0 -0.0227876 0.99974
277.100000000 26.674 13.2495 0 0 0 -0.0231541 0.999732
277.200000000 26.6973 13.2483 0 0 0 -0.0235207 0.999723
277.300000000 26.7189 13.2471 0 0 0 -0.023861 0.999715
277.400000000 26.7406 13.2459 0 0 0 -0.0242014 0.999707
277.500000000 26.7605 13.2448 0 0 0 -0.0245156 0.999699
277.600000000 26.7805 13.2437 0 0 0 -0.0248297 0.999692
277.700000000 26.7988 13.2427 0 0 0 -0.0251177 0.999685
277.800000000 26.8188 13.2416 0 0 0 -0.0254319 0.999677
277.900000000 26.8387 13.2404 0 0 0 -0.025746 0.999669
278.000000000 26.8587 13.2394 0 0 0 -0.0259031 0.999664
278.100000000 26.8787 13.2383 0 0 0 -0.0260601 0.99966
278.200000000 26.8987 13.2371 0 0 0 -0.0262171 0.999656
278.300000000 26.9186 13.236 0 0 0 -0.0263742 0.999652
278.400000000 26.9386 13.2349 0 0 0 -0.0265312 0.999648
278.500000000 26.9586 13.2338 0 0 0 -0.0266883 0.999644
278.600000000 26.9785 13.2327 0 0 0 -0.0268453 0.99964
278.700000000 26.9985 13.2315 0 0 0 -0.0270023 0.999635
278.800000000 27.0168 13.2305 0 0 0 -0.0271463 0.999631
278.900000000 27.0368 13.2293 0 0 0 -0.0273033 0.999627
279.000000000 27.0567 13.2282 0 0 0 -0.0274603 0.999623
279.100000000 27.09 13.2262 0 0 0 -0.0277221 0.999616
279.200000000 27.1216 13.2244 0 0 0 -0.0279707 0.999609
279.300000000 27.1549 13.2224 0 0 0 -0.0282324 0.999601
279.400000000 27.1865 13.2205 0 0 0 -0.028481 0.999594
279.500000000 27.2165 13.2187 0 0 0 -0.0287166 0.999588
279.600000000 27.2464 13.2169 0 0 0 -0.0289521 0.999581
279.700000000 27.2763 13.2151 0 0 0 -0.0291877 0.999574
279.800000000 27.3046 13.2133 0 0 0 -0.0294101 0.999567
279.900000000 27.3312 13.2117 0 0 0 -0.0296195 0.999561
280.000000000 27.3579 13.21 0 0 0 -0.0298289 0.999555
280.100000000 27.3828 13.2085 0 0 0 -0.0300251 0.999549
280.200000000 27.4078 13.2069 0 0 0 -0.0302214 0.999543
280.300000000 27.431 13.2054 0 0 0 -0.0304046 0.999538
280.400000000 27.4543 13.2039 0 0 0 -0.0305878 0.999532
280.500000000 27.4759 13.2025 0 0 0 -0.0307579 0.999527
280.600000000 27.4976 13.2011 0 0 0 -0.030928 0.999522
280.700000000 27.5175 13.1998 0 0 0 -0.031085 0.999517
280.800000000 27.5375 13.1985 0 0 0 -0.031242 0.999512
280.900000000 27.5574 13.1972 0 0 0 -0.031399 0.999507
281.000000000 27.5908 13.1959 0 0 0 -0.0292945 0.999571
281.100000000 27.6241 13.1948 0 0 0 -0.0271899 0.99963
281.200000000 27.6557 13.1939 0 0 0 -0.0251903 0.999683
281.300000000 27.6874 13.1931 0 0 0 -0.0231907 0.999731
281.400000000 27.7207 13.1924 0 0 0 -0.0210857 0.999778
281.500000000 27.7541 13.1918 0 0 0 -0.0189807 0.99982
281.600000000 27.7874 13.1914 0 0 0 -0.0168755 0.999858
281.700000000 27.8191 13.1912 0 0 0 -0.0148756 0.999889
281.800000000 27.8508 13.191 0 0 0 -0.0128755 0.999917
281.900000000 27.8841 13.191 0 0 0 -0.0107702 0.999942
282.000000000 27.9175 13.1911 0 0 0 -0.00866481 0.999962
282.100000000 27.9508 13.1914 0 0 0 -0.00655938 0.999978
282.200000000 28.0258 13.1936 0 0 0 0.00145059 0.999999
282.300000000 28.1008 13.1968 0 0 0 0.00888018 0.999961
282.400000000 28.1757 13.2011 0 0 0 0.0163093 0.999867
282.500000000 28.2506 13.206 0 0 0 0.0225376 0.999746
282.600000000 28.3253 13.2121 0 0 0 0.0293717 0.999569
282.700000000 28.4001 13.2183 0 0 0 0.0336877 0.999432
282.800000000 28.4747 13.226 0 0 0 0.0405195 0.999179
282.900000000 28.5491 13.2358 0 0 0 0.0496447 0.998767
283.000000000 28.6117 13.2493 0 0 0 0.0677738 0.997701
283.100000000 28.6719 13.2652 0 0 0 0.0867148 0.996233
283.200000000 28.7315 13.2834 0 0 0 0.105625 0.994406
283.300000000 28.7919 13.3034 0 0 0 0.122919 0.992417
283.400000000 28.8497 13.3258 0 0 0 0.141647 0.989917
283.500000000 28.9036 13.349 0 0 0 0.159317 0.987227
283.600000000 28.9553 13.3727 0 0 0 0.174675 0.984626
283.700000000 29.003 13.3971 0 0 0 0.190741 0.98164
283.800000000 29.0518 13.4231 0 0 0 0.205013 0.978759
283.900000000 29.0984 13.4494 0 0 0 0.218292 0.975883
284.000000000 29.143 13.4758 0 0 0 0.230139 0.973158
284.100000000 29.1855 13.5026 0 0 0 0.24204 0.970266
284.200000000 29.2255 13.535 0 0 0 0.26584 0.964017
284.300000000 29.2481 13.5637 0 0 0 0.297207 0.954813
284.400000000 29.2501 13.5858 0 0 0 0.337572 0.9413
284.500000000 29.2366 13.6005 0 0 0 0.384196 0.923252
284.600000000 29.2218 13.6139 0 0 0 0.429859 0.902896
284.700000000 29.2056 13.6257 0 0 0 0.474448 0.880284
284.800000000 29.1884 13.6359 0 0 0 0.517851 0.855471
284.900000000 29.1703 13.6442 0 0 0 0.559959 0.82852
285.000000000 29.1514 13.6508 0 0 0 0.600668 0.799498
285.100000000 29.1319 13.6554 0 0 0 0.639876 0.768478
285.200000000 29.1121 13.658 0 0 0 0.677484 0.735537
285.300000000 29.0921 13.6586 0 0 0 0.713399 0.700758
285.400000000 29.0722 13.6573 0 0 0 0.747531 0.664227
285.500000000 29.0524 13.6539 0 0 0 0.779794 0.626036
285.600000000 29.0332 13.6486 0 0 0 0.810108 0.58628
285.700000000 29.0145 13.6414 0 0 0 0.838398 0.545059
285.800000000 28.9967 13.6324 0 0 0 0.864591 0.502476
285.900000000 28.9798 13.6217 0 0 0 0.888624 0.458636
286.000000000 28.9641 13.6093 0 0 0 0.910436 0.41365
286.100000000 28.9497 13.5954 0 0 0 0.929972 0.36763
286.200000000 28.9368 13.5802 0 0 0 0.947184 0.320692
286.300000000 28.9255 13.5637 0 0 0 0.962028 0.272952
286.400000000 28.9158 13.5462 0 0 0 0.974467 0.224529
286.500000000 28.908 13.5278 0 0 0 0.984471 0.175545
286.600000000 28.902 13.5087 0 0 0 0.992015 0.126123
286.700000000 28.898 13.4891 0 0 0 0.997078 0.0763852
286.800000000 28.896 13.4692 0 0 0 0.99965 0.0264566
286.900000000 28.8959 13.4492 0 0 0 0.999723 -0.0235381
287.000000000 28.8978 13.4293 0 0 0 0.997297 -0.073474
287.100000000 28.9018 13.4097 0 0 0 0.992379 -0.123226
287.200000000 28.9076 13.3906 0 0 0 0.98498 -0.172671
287.300000000 28.9153 13.3722 0 0 0 0.975119 -0.221683
287.400000000 28.9249 13.3546 0 0 0 0.962821 -0.270142
287.500000000 28.9361 13.3381 0 0 0 0.948116 -0.317925
287.600000000 28.9489 13.3228 0 0 0 0.931041 -0.364914
287.700000000 28.9632 13.3088 0 0 0 0.91164 -0.41099
287.800000000 28.9789 13.2963 0 0 0 0.889959 -0.45604
287.900000000 28.9912 13.2813 0 0 0 0.86753 -0.497384
288.000000000 29.0048 13.2674 0 0 0 -0.843182 0.537628
288.100000000 29.0198 13.2549 0 0 0 -0.816969 0.576682
288.200000000 29.0358 13.2439 0 0 0 -0.788947 0.614461
288.300000000 29.0528 13.2344 0 0 0 -0.759181 0.65088
288.400000000 29.0706 13.2266 0 0 0 -0.727735 0.685859
288.500000000 29.089 13.2204 0 0 0 -0.694678 0.71932
288.600000000 29.108 13.2161 0 0 0 -0.660085 0.751191
288.700000000 29.1272 13.2135 0 0 0 -0.624032 0.781399
288.800000000 29.1467 13.2127 0 0 0 -0.586598 0.809878
288.900000000 29.169 13.1907 0 0 0 -0.557219 0.830366
289.000000000 29.1961 13.1532 0 0 0 -0.534292 0.8453
289.100000000 29.2291 13.1023 0 0 0 -0.517432 0.855724
289.200000000 29.2646 13.051 0 0 0 -0.501082 0.8654
289.300000000 29.302 13.0012 0 0 0 -0.484552 0.874762
289.400000000 29.3412 12.9527 0 0 0 -0.467847 0.88381
289.500000000 29.3823 12.9059 0 0 0 -0.450973 0.892538
289.600000000 29.4251 12.8606 0 0 0 -0.433936 0.900944
289.700000000 29.4696 12.8169 0 0 0 -0.416742 0.909025
289.800000000 29.5157 12.775 0 0 0 -0.399399 0.916777
289.900000000 29.5634 12.7349 0 0 0 -0.381911 0.924199
290.000000000 29.6126 12.6966 0 0 0 -0.364285 0.931288
290.100000000 29.6632 12.6602 0 0 0 -0.346527 0.93804
290.200000000 29.7227 12.6144 0 0 0 -0.337431 0.94135
290.300000000 29.7808 12.567 0 0 0 -0.336703 0.941611
290.400000000 29.8388 12.5195 0 0 0 -0.336703 0.941611
290.500000000 29.8968 12.4719 0 0 0 -0.336703 0.941611
290.600000000 29.9548 12.4244 0 0 0 -0.336703 0.941611
290.700000000 30.0128 12.3768 0 0 0 -0.336703 0.941611
290.800000000 30.0708 12.3292 0 0 0 -0.336703 0.941611
290.900000000 30.1263 12.2787 0 0 0 -0.345802 0.938308
291.000000000 30.1805 12.2268 0 0 0 -0.355859 0.934539
291.100000000 30.2336 12.1737 0 0 0 -0.365876 0.930664
291.200000000 30.2856 12.1196 0 0 0 -0.37585 0.92668
291.300000000 30.3364 12.0643 0 0 0 -0.385781 0.92259
291.400000000 30.386 12.0079 0 0 0 -0.395668 0.918394
291.500000000 30.4343 11.9505 0 0 0 -0.405508 0.914091
291.600000000 30.4814 11.892 0 0 0 -0.415302 0.909683
291.700000000 30.5273 11.8326 0 0 0 -0.425048 0.905171
291.800000000 30.5719 11.7721 0 0 0 -0.434745 0.900553
291.900000000 30.6151 11.7108 0 0 0 -0.444392 0.895832
292.000000000 30.6553 11.6491 0 0 0 -0.45621 0.889872
292.100000000 30.6939 11.5864 0 0 0 -0.467948 0.883756
292.200000000 30.7308 11.5226 0 0 0 -0.479604 0.877485
292.300000000 30.766 11.4579 0 0 0 -0.491176 0.87106
292.400000000 30.7995 11.3923 0 0 0 -0.502662 0.864483
292.500000000 30.8313 11.3259 0 0 0 -0.51406 0.857754
292.600000000 30.8612 11.2586 0 0 0 -0.525368 0.850875
292.700000000 30.8894 11.1906 0 0 0 -0.536583 0.843847
292.800000000 30.9158 11.1218 0 0 0 -0.547705 0.836671
292.900000000 30.9403 11.0523 0 0 0 -0.558731 0.829349
293.000000000 30.9625 10.9831 0 0 0 -0.57005 0.82161
293.100000000 30.9827 10.9133 0 0 0 -0.581262 0.813716
293.200000000 31.001 10.8429 0 0 0 -0.592365 0.80567
293.300000000 31.0174 10.7721 0 0 0 -0.603356 0.797472
293.400000000 31.0318 10.7008 0 0 0 -0.614234 0.789124
293.500000000 31.0443 10.6292 0 0 0 -0.624997 0.780627
293.600000000 31.0548 10.5572 0 0 0 -0.635642 0.771984
293.700000000 31.0634 10.485 0 0 0 -0.646167 0.763196
293.800000000 31.0699 10.4126 0 0 0 -0.656571 0.754264
293.900000000 31.0745 10.3401 0 0 0 -0.666851 0.745191
294.000000000 31.0779 10.265 0 0 0 -0.675938 0.736958
294.100000000 31.0795 10.1899 0 0 0 -0.684924 0.728615
294.200000000 31.0792 10.1148 0 0 0 -0.693806 0.720162
294.300000000 31.0771 10.0398 0 0 0 -0.702584 0.7116
294.400000000 31.0731 9.96478 0 0 0 -0.711257 0.702932
294.500000000 31.0674 9.8899 0 0 0 -0.719823 0.694158
294.600000000 31.0597 9.81519 0 0 0 -0.72828 0.68528
294.700000000 31.0503 9.74069 0 0 0 -0.736628 0.676298
294.800000000 31.039 9.66644 0 0 0 -0.744865 0.667215
294.900000000 31.0259 9.59249 0 0 0 -0.75299 0.658032
295.000000000 31.0144 9.51836 0 0 0 -0.755385 0.655281
295.100000000 31.0027 9.44429 0 0 0 -0.757321 0.653042
295.200000000 30.9905 9.37028 0 0 0 -0.759251 0.650798
295.300000000 30.9778 9.29635 0 0 0 -0.761174 0.648548
295.400000000 30.9647 9.22249 0 0 0 -0.76309 0.646293
295.500000000 30.9512 9.14871 0 0 0 -0.764999 0.644031
295.600000000 30.9373 9.07501 0 0 0 -0.766902 0.641765
295.700000000 30.9229 9.0014 0 0 0 -0.768798 0.639492
295.800000000 30.9081 8.92787 0 0 0 -0.770687 0.637214
295.900000000 30.8928 8.85443 0 0 0 -0.772569 0.63493
296.000000000 30.8771 8.78109 0 0 0 -0.774445 0.632641
296.100000000 30.861 8.70784 0 0 0 -0.776314 0.630346
296.200000000 30.8485 8.63384 0 0 0 -0.771609 0.636097
296.300000000 30.8374 8.55964 0 0 0 -0.766489 0.642257
296.400000000 30.8274 8.48526 0 0 0 -0.76132 0.648376
296.500000000 30.8186 8.41073 0 0 0 -0.756103 0.654453
296.600000000 30.811 8.33607 0 0 0 -0.750836 0.660488
296.700000000 30.8047 8.2613 0 0 0 -0.745522 0.666481
296.800000000 30.7995 8.18644 0 0 0 -0.740159 0.672432
296.900000000 30.7955 8.1115 0 0 0 -0.734749 0.678339
297.000000000 30.7927 8.03651 0 0 0 -0.729292 0.684202
297.100000000 30.7911 7.96148 0 0 0 -0.723789 0.690022
297.200000000 30.7908 7.88644 0 0 0 -0.718238 0.695797
297.300000000 30.7916 7.8114 0 0 0 -0.712642 0.701528
297.400000000 30.7936 7.73639 0 0 0 -0.707 0.707214
297.500000000 30.7968 7.66141 0 0 0 -0.701313 0.712854
297.600000000 30.8013 7.5865 0 0 0 -0.69558 0.718449
297.700000000 30.8069 7.51167 0 0 0 -0.689803 0.723997
297.800000000 30.8137 7.43694 0 0 0 -0.683982 0.729499
297.900000000 30.8179 7.36206 0 0 0 -0.685092 0.728456
298.000000000 30.8213 7.28713 0 0 0 -0.687245 0.726426
298.100000000 30.8243 7.21218 0 0 0 -0.689392 0.724388
298.200000000 30.8268 7.13722 0 0 0 -0.691533 0.722345
298.300000000 30.8289 7.06224 0 0 0 -0.693668 0.720295
298.400000000 30.8311 6.98727 0 0 0 -0.694764 0.719238
298.500000000 30.8331 6.9123 0 0 0 -0.695859 0.718178
298.600000000 30.8349 6.83732 0 0 0 -0.696952 0.717117
298.700000000 30.8364 6.76233 0 0 0 -0.698044 0.716055
298.800000000 30.8377 6.68734 0 0 0 -0.699134 0.714991
298.900000000 30.8391 6.61235 0 0 0 -0.699687 0.71445
299.000000000 30.8403 6.53736 0 0 0 -0.700239 0.713908
299.100000000 30.8415 6.46237 0 0 0 -0.700791 0.713367
299.200000000 30.8425 6.38738 0 0 0 -0.701342 0.712825
299.300000000 30.8434 6.31238 0 0 0 -0.701893 0.712282
299.400000000 30.8442 6.23738 0 0 0 -0.702444 0.711739
299.500000000 30.8449 6.16239 0 0 0 -0.702994 0.711196
299.600000000 30.8454 6.08739 0 0 0 -0.703544 0.710652
299.700000000 30.8459 6.01239 0 0 0 -0.704093 0.710107
299.800000000 30.8462 5.93739 0 0 0 -0.704642 0.709563
299.900000000 30.8464 5.86239 0 0 0 -0.705191 0.709018
300.000000000 30.8465 5.78739 0 0 0 -0.705739 0.708472
300.100000000 30.8465 5.71239 0 0 0 -0.706287 0.707926
300.200000000 30.8464 5.63739 0 0 0 -0.706834 0.70738
300.300000000 30.8461 5.56239 0 0 0 -0.707381 0.706833
300.400000000 30.8458 5.48739 0 0 0 -0.707927 0.706286
300.500000000 30.8453 5.41239 0 0 0 -0.708473 0.705738
300.600000000 30.8447 5.33739 0 0 0 -0.709019 0.70519
300.700000000 30.844 5.2624 0 0 0 -0.709563 0.704642
300.800000000 30.8431 5.1874 0 0 0 -0.710108 0.704093
300.900000000 30.8422 5.11241 0 0 0 -0.710652 0.703544
301.000000000 30.8411 5.03741 0 0 0 -0.711196 0.702994
301.100000000 30.8399 4.96242 0 0 0 -0.711739 0.702444
301.200000000 30.8393 4.88742 0 0 0 -0.711195 0.702995
301.300000000 30.8387 4.81243 0 0 0 -0.710651 0.703544
301.400000000 30.8383 4.73743 0 0 0 -0.710107 0.704094
301.500000000 30.8379 4.66243 0 0 0 -0.709562 0.704643
301.600000000 30.8377 4.58743 0 0 0 -0.709017 0.705191
301.700000000 30.8376 4.51243 0 0 0 -0.708472 0.705739
301.800000000 30.8376 4.43743 0 0 0 -0.707926 0.706287
301.900000000 30.8378 4.36243 0 0 0 -0.707379 0.706834
302.000000000 30.8365 4.28743 0 0 0 -0.709468 0.704738
302.100000000 30.8348 4.21244 0 0 0 -0.711551 0.702635
302.200000000 30.8327 4.13747 0 0 0 -0.713627 0.700526
302.300000000 30.8301 4.06251 0 0 0 -0.715697 0.698411
302.400000000 30.8271 3.98756 0 0 0 -0.717761 0.69629
302.500000000 30.8237 3.91264 0 0 0 -0.719818 0.694162
302.600000000 30.8198 3.83773 0 0 0 -0.72187 0.692029
302.700000000 30.8154 3.76285 0 0 0 -0.723915 0.68989
302.800000000 30.8106 3.688 0 0 0 -0.725953 0.687744
302.900000000 30.8054 3.61318 0 0 0 -0.727985 0.685593
303.000000000 30.7997 3.53838 0 0 0 -0.730011 0.683435
303.100000000 30.7936 3.46363 0 0 0 -0.732031 0.681272
303.200000000 30.7829 3.39171 0 0 0 -0.741303 0.67117
303.300000000 30.7703 3.32011 0 0 0 -0.750436 0.660943
303.400000000 30.7558 3.24791 0 0 0 -0.759119 0.650952
303.500000000 30.7393 3.17612 0 0 0 -0.767668 0.640848
303.600000000 30.721 3.10478 0 0 0 -0.776083 0.630631
303.700000000 30.7008 3.03396 0 0 0 -0.784361 0.620304
303.800000000 30.6787 2.9637 0 0 0 -0.792503 0.609869
303.900000000 30.6548 2.89405 0 0 0 -0.800505 0.599326
304.000000000 30.6291 2.82603 0 0 0 -0.808648 0.588293
304.100000000 30.6016 2.75874 0 0 0 -0.816638 0.57715
304.200000000 30.5722 2.69222 0 0 0 -0.824475 0.565898
304.300000000 30.541 2.62654 0 0 0 -0.832157 0.55454
304.400000000 30.508 2.56174 0 0 0 -0.839682 0.543078
304.500000000 30.4733 2.49787 0 0 0 -0.84705 0.531514
304.600000000 30.4368 2.43497 0 0 0 -0.854258 0.519849
304.700000000 30.3984 2.37216 0 0 0 -0.861064 0.508497
304.800000000 30.3583 2.31039 0 0 0 0.867719 -0.497056
304.900000000 30.3165 2.24801 0 0 0 0.873258 -0.487257
305.000000000 30.2733 2.1866 0 0 0 0.878688 -0.477397
305.100000000 30.2287 2.12617 0 0 0 0.884005 -0.467477
305.200000000 30.1828 2.06676 0 0 0 0.889211 -0.457497
305.300000000 30.1356 2.00839 0 0 0 0.894304 -0.447459
305.400000000 30.087 1.95111 0 0 0 0.899284 -0.437364
305.500000000 30.0372 1.89493 0 0 0 0.90415 -0.427214
305.600000000 29.9861 1.83989 0 0 0 0.908902 -0.41701
305.700000000 29.9338 1.78601 0 0 0 0.913538 -0.406753
305.800000000 29.8803 1.73332 0 0 0 0.918059 -0.396445
305.900000000 29.8257 1.68185 0 0 0 0.922463 -0.386086
306.000000000 29.7699 1.63162 0 0 0 0.92675 -0.375679
306.100000000 29.7129 1.58267 0 0 0 0.93092 -0.365223
306.200000000 29.6549 1.5358 0 0 0 0.935502 -0.353322
306.300000000 29.5957 1.49042 0 0 0 0.939931 -0.341364
306.400000000 29.5353 1.44657 0 0 0 0.944208 -0.32935
306.500000000 29.4739 1.40427 0 0 0 0.948331 -0.317282
306.600000000 29.4113 1.36355 0 0 0 0.9523 -0.305163
306.700000000 29.3478 1.32445 0 0 0 0.956114 -0.292994
306.800000000 29.2833 1.28697 0 0 0 0.959773 -0.280778
306.900000000 29.2179 1.25115 0 0 0 0.963275 -0.268516
307.000000000 29.1564 1.2215 0 0 0 0.967448 -0.25307
307.100000000 29.0941 1.19383 0 0 0 0.971373 -0.23756
307.200000000 29.0322 1.16868 0 0 0 0.97498 -0.222295
307.300000000 28.9725 1.14686 0 0 0 0.978311 -0.207143
307.400000000 28.9137 1.12742 0 0 0 0.981328 -0.192343
307.500000000 28.8561 1.11003 0 0 0 0.983945 -0.178471
307.600000000 28.8012 1.09535 0 0 0 0.986328 -0.164797
307.700000000 28.7475 1.08259 0 0 0 0.988458 -0.151494
307.800000000 28.6784 1.06703 0 0 0 0.990571 -0.137003
307.900000000 28.6096 1.05392 0 0 0 0.992527 -0.122028
308.000000000 28.5397 1.0425 0 0 0 0.994207 -0.10748
308.100000000 28.4703 1.0335 0 0 0 0.995717 -0.0924545
308.200000000 28.424 1.02742 0 0 0 0.996287 -0.0860967
308.300000000 28.3494 1.01859 0 0 0 0.997114 -0.0759153
308.400000000 28.2963 1.01322 0 0 0 0.997611 -0.0690865
308.500000000 28.2215 1.00694 0 0 0 0.998264 -0.0588924
308.600000000 28.1816 1.00428 0 0 0 0.998554 -0.0537654
308.700000000 28.1066 1.00029 0 0 0 0.999051 -0.0435625
308.800000000 28.0316 0.997835 0 0 0 0.999444 -0.0333551
308.900000000 27.9565 0.996914 0 0 0 0.999732 -0.0231442
309.000000000 27.8838 0.999037 0 0 0 0.999955 -0.00943404
309.100000000 27.8122 1.00336 0 0 0 0.999989 0.00474734
309.200000000 27.7407 1.00971 0 0 0 0.999821 0.0189278
309.300000000 27.6694 1.01808 0 0 0 0.999452 0.0331044
309.400000000 27.5984 1.02848 0 0 0 0.998882 0.0472743
309.500000000 27.5277 1.04088 0 0 0 0.998111 0.0614348
309.600000000 27.4573 1.05529 0 0 0 0.99714 0.0755829
309.700000000 27.3875 1.07168 0 0 0 0.995967 0.0897158
309.800000000 27.3181 1.09005 0 0 0 0.994595 0.103831
309.900000000 27.2492 1.11038 0 0 0 0.993023 0.117925
310.000000000 27.181 1.13265 0 0 0 0.99125 0.131995
310.100000000 27.1149 1.1563 0 0 0 0.989326 0.145718
310.200000000 27.0511 1.18116 0 0 0 0.987265 0.159087
310.300000000 27.0022 1.20688 0 0 0 0.983411 0.181393
310.400000000 26.9707 1.23202 0 0 0 0.977403 0.211384
310.500000000 26.9592 1.25468 0 0 0 0.968222 0.250093
310.600000000 26.9682 1.27216 0 0 0 0.954743 0.297433
310.700000000 26.9789 1.28867 0 0 0 0.93895 0.344052
310.800000000 26.9912 1.30404 0 0 0 0.920883 0.389838
310.900000000 27.0049 1.31814 0 0 0 0.900585 0.43468
311.000000000 27.0199 1.33082 0 0 0 0.878105 0.478468
311.100000000 27.0361 1.34197 0 0 0 0.853497 0.521097
311.200000000 27.0533 1.35147 0 0 0 0.826822 0.562464
311.300000000 27.0714 1.35922 0 0 0 0.798143 0.602468
311.400000000 27.0902 1.36517 0 0 0 0.767531 0.641012
311.500000000 27.1094 1.36924 0 0 0 0.735059 0.678003
311.600000000 27.129 1.3714 0 0 0 0.700806 0.713352
311.700000000 27.1486 1.37163 0 0 0 0.664855 0.746972
311.800000000 27.1682 1.36992 0 0 0 0.627294 0.778783
311.900000000 27.1875 1.3663 0 0 0 0.588212 0.808706
312.000000000 27.2075 1.36945 0 0 0 0.551213 0.834364
312.100000000 27.2276 1.37079 0 0 0 0.513097 0.858331
312.200000000 27.2478 1.37032 0 0 0 0.47394 0.880557
312.300000000 27.2678 1.36804 0 0 0 0.433823 0.900998
312.400000000 27.2869 1.36276 0 0 0 0.392226 0.919869
312.500000000 27.3062 1.35689 0 0 0 0.350421 0.936592
312.600000000 27.3249 1.34932 0 0 0 0.307907 0.951417
312.700000000 27.3429 1.34009 0 0 0 0.264768 0.964312
312.800000000 27.3599 1.32929 0 0 0 0.221093 0.975253
312.900000000 27.3759 1.317 0 0 0 0.176969 0.984216
313.000000000 27.3919 1.30401 0 0 0 0.133118 0.9911
313.100000000 27.4078 1.29023 0 0 0 0.0896229 0.995976
313.200000000 27.4258 1.27645 0 0 0 0.0477352 0.99886
313.300000000 27.453 1.2643 0 0 0 0.010989 0.99994
313.400000000 27.4884 1.25218 0 0 0 -0.0212723 0.999774
313.500000000 27.5202 1.2374 0 0 0 -0.0548059 0.998497
313.600000000 27.5473 1.2202 0 0 0 -0.0900665 0.995936
313.700000000 27.5904 1.20138 0 0 0 -0.116888 0.993145
313.800000000 27.6413 1.17992 0 0 0 -0.139338 0.990245
313.900000000 27.6953 1.15583 0 0 0 -0.159743 0.987159
314.000000000 27.7649 1.12773 0 0 0 -0.171343 0.985211
314.100000000 27.8356 1.1027 0 0 0 -0.170581 0.985344
314.200000000 27.907 1.0796 0 0 0 -0.165053 0.986285
314.300000000 27.9787 1.05755 0 0 0 -0.158906 0.987294
314.400000000 28.0507 1.03638 0 0 0 -0.152752 0.988264
314.500000000 28.1229 1.01612 0 0 0 -0.146593 0.989197
314.600000000 28.1954 0.996688 0 0 0 -0.140607 0.990065
314.700000000 28.2681 0.978088 0 0 0 -0.134734 0.990882
314.800000000 28.3409 0.960215 0 0 0 -0.129208 0.991617
314.900000000 28.414 0.943108 0 0 0 -0.123796 0.992308
315.000000000 28.4878 0.929256 0 0 0 -0.112115 0.993695
315.100000000 28.5619 0.917339 0 0 0 -0.0999226 0.994995
315.200000000 28.6359 0.907538 0 0 0 -0.0872261 0.996189
315.300000000 28.7101 0.899626 0 0 0 -0.0745153 0.99722
315.400000000 28.7844 0.893608 0 0 0 -0.0617924 0.998089
315.500000000 28.8589 0.889489 0 0 0 -0.0490595 0.998796
315.600000000 28.9335 0.88727 0 0 0 -0.0363186 0.99934
315.700000000 29.0081 0.886955 0 0 0 -0.0235717 0.999722
315.800000000 29.0827 0.888542 0 0 0 -0.0108211 0.999941
315.900000000 29.1572 0.89203 0 0 0 0.00193134 0.999998
316.000000000 29.2316 0.897418 0 0 0 0.0146834 0.999892
316.100000000 29.3059 0.904702 0 0 0 0.0274331 0.999624
316.200000000 29.3806 0.911303 0 0 0 0.0336597 0.999433
316.300000000 29.4553 0.918586 0 0 0 0.039264 0.999229
316.400000000 29.5299 0.926706 0 0 0 0.044867 0.998993
316.500000000 29.6043 0.935662 0 0 0 0.0504686 0.998726
316.600000000 29.6787 0.945454 0 0 0 0.0560687 0.998427
316.700000000 29.753 0.956078 0 0 0 0.061667 0.998097
316.800000000 29.8271 0.967535 0 0 0 0.0672633 0.997735
316.900000000 29.9011 0.979823 0 0 0 0.0728575 0.997342
317.000000000 29.9753 0.991325 0 0 0 0.0743768 0.99723
317.100000000 30.0494 1.00276 0 0 0 0.075148 0.997172
317.200000000 30.1235 1.0143 0 0 0 0.0759191 0.997114
317.300000000 30.1976 1.02596 0 0 0 0.0766902 0.997055
317.400000000 30.2716 1.03774 0 0 0 0.0774612 0.996995
317.500000000 30.3457 1.04963 0 0 0 0.0782321 0.996935
317.600000000 30.4197 1.06163 0 0 0 0.0790031 0.996874
317.700000000 30.4937 1.07375 0 0 0 0.0797739 0.996813
317.800000000 30.5677 1.08599 0 0 0 0.0805448 0.996751
317.900000000 30.6417 1.09833 0 0 0 0.0813155 0.996688
318.000000000 30.7161 1.10833 0 0 0 0.0758768 0.997117
318.100000000 30.7889 1.11713 0 0 0 0.0700848 0.997541
318.200000000 30.8602 1.1249 0 0 0 0.0644223 0.997923
318.300000000 30.9282 1.13154 0 0 0 0.0590211 0.998257
318.400000000 30.9946 1.1373 0 0 0 0.05375 0.998554
318.500000000 31.0595 1.14223 0 0 0 0.0486093 0.998818
318.600000000 31.121 1.14627 0 0 0 0.043731 0.999043
318.700000000 31.1809 1.14962 0 0 0 0.0389835 0.99924
318.800000000 31.2392 1.15232 0 0 0 0.0343671 0.999409
318.900000000 31.2942 1.15436 0 0 0 0.0300138 0.999549
319.000000000 31.3691 1.15856 0 0 0 0.0292679 0.999572
319.100000000 31.444 1.16266 0 0 0 0.0285351 0.999593
319.200000000 31.5189 1.16666 0 0 0 0.0278285 0.999613
319.300000000 31.5938 1.17056 0 0 0 0.027148 0.999631
319.400000000 31.6687 1.17436 0 0 0 0.0264806 0.999649
319.500000000 31.7436 1.17807 0 0 0 0.0258394 0.999666
319.600000000 31.8185 1.1817 0 0 0 0.0252112 0.999682
319.700000000 31.8934 1.18524 0 0 0 0.0246092 0.999697
319.800000000 31.9683 1.18868 0 0 0 0.0239941 0.999712
319.900000000 32.0433 1.19205 0 0 0 0.0234052 0.999726
320.000000000 32.0999 1.19416 0 0 0 0.0220693 0.999756
320.100000000 32.1549 1.19607 0 0 0 0.0207728 0.999784
320.200000000 32.2082 1.19778 0 0 0 0.0195155 0.99981
320.300000000 32.2598 1.19931 0 0 0 0.0182974 0.999833
320.400000000 32.3098 1.20067 0 0 0 0.0171186 0.999853
320.500000000 32.3581 1.20187 0 0 0 0.0159791 0.999872
320.600000000 32.4048 1.20292 0 0 0 0.0148789 0.999889
320.700000000 32.4498 1.20384 0 0 0 0.0138179 0.999905
320.800000000 32.4931 1.20463 0 0 0 0.0127962 0.999918
320.900000000 32.5348 1.2053 0 0 0 0.0118138 0.99993
321.000000000 32.5898 1.20625 0 0 0 0.0109497 0.99994
321.100000000 32.6431 1.20709 0 0 0 0.0101117 0.999949
321.200000000 32.6947 1.20781 0 0 0 0.00929987 0.999957
321.300000000 32.7447 1.20842 0 0 0 0.00851424 0.999964
321.400000000 32.7931 1.20894 0 0 0 0.0077548 0.99997
321.500000000 32.8397 1.20937 0 0 0 0.00702154 0.999975
321.600000000 32.8847 1.20972 0 0 0 0.00631446 0.99998
321.700000000 32.9281 1.21 0 0 0 0.00563357 0.999984
321.800000000 32.9697 1.2102 0 0 0 0.00497887 0.999988
321.900000000 33.0097 1.21035 0 0 0 0.00435035 0.999991
322.000000000 33.0481 1.21044 0 0 0 0.00374802 0.999993
322.100000000 33.0847 1.21049 0 0 0 0.00317187 0.999995
322.200000000 33.1197 1.2106 0 0 0 0.00289696 0.999996
322.300000000 33.1547 1.21069 0 0 0 0.00262205 0.999997
322.400000000 33.1881 1.21076 0 0 0 0.00236023 0.999997
322.500000000 33.2214 1.21081 0 0 0 0.00209841 0.999998
322.600000000 33.2547 1.21085 0 0 0 0.00183659 0.999998
322.700000000 33.2864 1.21087 0 0 0 0.00158786 0.999999
322.800000000 33.3181 1.21087 0 0 0 0.00133913 0.999999
322.900000000 33.3497 1.21085 0 0 0 0.0010904 0.999999
323.000000000 33.3831 1.21093 0 0 0 0.0010904 0.999999
323.100000000 33.4147 1.21099 0 0 0 0.0010904 0.999999
323.200000000 33.4481 1.21107 0 0 0 0.0010904 0.999999
323.300000000 33.4814 1.21114 0 0 0 0.0010904 0.999999
323.400000000 33.5131 1.21121 0 0 0 0.0010904 0.999999
323.500000000 33.5447 1.21128 0 0 0 0.0010904 0.999999
323.600000000 33.5781 1.21135 0 0 0 0.0010904 0.999999
323.700000000 33.6097 1.21142 0 0 0 0.0010904 0.999999
323.800000000 33.6414 1.21149 0 0 0 0.0010904 0.999999
323.900000000 33.6747 1.21156 0 0 0 0.0010904 0.999999
324.000000000 33.7064 1.21163 0 0 0 0.0010904 0.999999
324.100000000 33.7397 1.2117 0 0 0 0.0010904 0.999999
324.200000000 33.7731 1.21178 0 0 0 0.0010904 0.999999
324.300000000 33.8064 1.21185 0 0 0 0.0010904 0.999999
324.400000000 33.8381 1.21192 0 0 0 0.0010904 0.999999
324.500000000 33.8697 1.21199 0 0 0 0.0010904 0.999999
324.600000000 33.9031 1.21206 0 0 0 0.0010904 0.999999
324.700000000 33.9347 1.21213 0 0 0 0.0010904 0.999999
324.800000000 33.9681 1.2122 0 0 0 0.0010904 0.999999
324.900000000 34.0014 1.21227 0 0 0 0.0010904 0.999999
325.000000000 34.0331 1.21234 0 0 0 0.0010904 0.999999
325.100000000 34.0681 1.21242 0 0 0 0.0010904 0.999999
325.200000000 34.1014 1.21249 0 0 0 0.0010904 0.999999
325.300000000 34.1347 1.21257 0 0 0 0.0010904 0.999999
325.400000000 34.1664 1.21263 0 0 0 0.0010904 0.999999
325.500000000 34.1997 1.21271 0 0 0 0.0010904 0.999999
325.600000000 34.2314 1.21278 0 0 0 0.0010904 0.999999
325.700000000 34.2647 1.21285 0 0 0 0.0010904 0.999999
325.800000000 34.2981 1.21292 0 0 0 0.0010904 0.999999
325.900000000 34.3314 1.21299 0 0 0 0.0010904 0.999999
326.000000000 34.3631 1.21306 0 0 0 0.0010904 0.999999
326.100000000 34.3981 1.21314 0 0 0 0.0010904 0.999999
326.200000000 34.4314 1.21321 0 0 0 0.0010904 0.999999
326.300000000 34.4631 1.21328 0 0 0 0.0010904 0.999999
326.400000000 34.4964 1.21335 0 0 0 0.0010904 0.999999
326.500000000 34.5281 1.21342 0 0 0 0.0010904 0.999999
326.600000000 34.5597 1.21349 0 0 0 0.0010904 0.999999
326.700000000 34.5914 1.21356 0 0 0 0.0010904 0.999999
326.800000000 34.6247 1.21363 0 0 0 0.0010904 0.999999
326.900000000 34.6581 1.21371 0 0 0 0.0010904 0.999999
327.000000000 34.6897 1.21378 0 0 0 0.0010904 0.999999
327.100000000 34.7231 1.21385 0 0 0 0.0010904 0.999999
327.200000000 34.7547 1.21392 0 0 0 0.0010904 0.999999
327.300000000 34.7881 1.21399 0 0 0 0.0010904 0.999999
327.400000000 34.8214 1.21406 0 0 0 0.0010904 0.999999
327.500000000 34.8531 1.21413 0 0 0 0.0010904 0.999999
327.600000000 34.8847 1.2142 0 0 0 0.0010904 0.999999
327.700000000 34.9164 1.21427 0 0 0 0.0010904 0.999999
327.800000000 34.9497 1.21434 0 0 0 0.0010904 0.999999
327.900000000 34.9814 1.21441 0 0 0 0.0010904 0.999999
328.000000000 35.0147 1.21448 0 0 0 0.0010904 0.999999
328.100000000 35.0464 1.21455 0 0 0 0.0010904 0.999999
328.200000000 35.0781 1.21462 0 0 0 0.0010904 0.999999
328.300000000 35.1097 1.21469 0 0 0 0.0010904 0.999999
328.400000000 35.1431 1.21476 0 0 0 0.0010904 0.999999
328.500000000 35.1747 1.21483 0 0 0 0.0010904 0.999999
328.600000000 35.2064 1.2149 0 0 0 0.0010904 0.999999
328.700000000 35.2397 1.21497 0 0 0 0.0010904 0.999999
328.800000000 35.2714 1.21504 0 0 0 0.0010904 0.999999
328.900000000 35.3031 1.21511 0 0 0 0.0010904 0.999999
329.000000000 35.3331 1.21518 0 0 0 0.0010904 0.999999
329.100000000 35.3614 1.21524 0 0 0 0.0010904 0.999999
329.200000000 35.3947 1.21531 0 0 0 0.0010904 0.999999
329.300000000 35.4264 1.21538 0 0 0 0.0010904 0.999999
329.400000000 35.4564 1.21545 0 0 0 0.0010904 0.999999
329.500000000 35.4864 1.21551 0 0 0 0.0010904 0.999999
329.600000000 35.5147 1.21557 0 0 0 0.0010904 0.999999
329.700000000 35.5414 1.21563 0 0 0 0.0010904 0.999999
329.800000000 35.5681 1.21569 0 0 0 0.0010904 0.999999
329.900000000 35.5931 1.21575 0 0 0 0.0010904 0.999999
330.000000000 35.6264 1.21582 0 0 0 0.0010904 0.999999
330.100000000 35.6581 1.21589 0 0 0 0.0010904 0.999999
330.200000000 35.6881 1.21595 0 0 0 0.0010904 0.999999
330.300000000 35.7181 1.21602 0 0 0 0.0010904 0.999999
330.400000000 35.7514 1.21609 0 0 0 0.0010904 0.999999
330.500000000 35.7831 1.21616 0 0 0 0.0010904 0.999999
330.600000000 35.8147 1.21623 0 0 0 0.0010904 0.999999
330.700000000 35.8447 1.21629 0 0 0 0.0010904 0.999999
330.800000000 35.8747 1.21636 0 0 0 0.0010904 0.999999
330.900000000 35.9031 1.21642 0 0 0 0.0010904 0.999999
331.000000000 35.9297 1.21648 0 0 0 0.0010904 0.999999
331.100000000 35.9564 1.21654 0 0 0 0.0010904 0.999999
331.200000000 35.9831 1.2166 0 0 0 0.0010904 0.999999
331.300000000 36.0114 1.21666 0 0 0 0.0010904 0.999999
331.400000000 36.0381 1.21672 0 0 0 0.0010904 0.999999
331.500000000 36.0631 1.21677 0 0 0 0.0010904 0.999999
331.600000000 36.0897 1.21683 0 0 0 0.0010904 0.999999
331.700000000 36.1164 1.21689 0 0 0 0.0010904 0.999999
331.800000000 36.1431 1.21694 0 0 0 0.0010904 0.999999
331.900000000 36.1697 1.217 0 0 0 0.0010904 0.999999
332.000000000 36.1964 1.21706 0 0 0 0.0010904 0.999999
332.100000000 36.2231 1.21712 0 0 0 0.0010904 0.999999
332.200000000 36.2497 1.21718 0 0 0 0.0010904 0.999999
332.300000000 36.2747 1.21723 0 0 0 0.0010904 0.999999
332.400000000 36.2997 1.21729 0 0 0 0.0010904 0.999999
332.500000000 36.3264 1.21734 0 0 0 0.0010904 0.999999
332.600000000 36.3514 1.2174 0 0 0 0.0010904 0.999999
332.700000000 36.3781 1.21746 0 0 0 0.0010904 0.999999
332.800000000 36.4031 1.21751 0 0 0 0.0010904 0.999999
332.900000000 36.4297 1.21757 0 0 0 0.0010904 0.999999
333.000000000 36.4547 1.21731 0 0 0 0.000303969 1
333.100000000 36.4797 1.21693 0 0 0 -0.000679803 1
333.200000000 36.5064 1.21648 0 0 0 -0.00172916 0.999999
333.300000000 36.5331 1.21596 0 0 0 -0.00277851 0.999996
333.400000000 36.5581 1.21543 0 0 0 -0.00376228 0.999993
333.500000000 36.5831 1.21485 0 0 0 -0.00474604 0.999989
333.600000000 36.6064 1.21426 0 0 0 -0.00566421 0.999984
333.700000000 36.6297 1.21363 0 0 0 -0.00658238 0.999978
333.800000000 36.6514 1.213 0 0 0 -0.00743496 0.999972
333.900000000 36.673 1.21234 0 0 0 -0.00828754 0.999966
334.000000000 36.693 1.21169 0 0 0 -0.00907453 0.999959
334.100000000 36.713 1.21102 0 0 0 -0.00986151 0.999951
334.200000000 36.738 1.2106 0 0 0 -0.00966515 0.999953
334.300000000 36.7647 1.21017 0 0 0 -0.00945571 0.999955
334.400000000 36.7897 1.20978 0 0 0 -0.00925935 0.999957
334.500000000 36.8163 1.20937 0 0 0 -0.0090499 0.999959
334.600000000 36.8413 1.20899 0 0 0 -0.00885354 0.999961
334.700000000 36.8697 1.20858 0 0 0 -0.008631 0.999963
334.800000000 36.8963 1.2082 0 0 0 -0.00842155 0.999965
334.900000000 36.9213 1.20786 0 0 0 -0.00822519 0.999966
335.000000000 36.948 1.2075 0 0 0 -0.00801575 0.999968
335.100000000 36.9747 1.20716 0 0 0 -0.00780629 0.99997
335.200000000 37.0013 1.20683 0 0 0 -0.00759684 0.999971
335.300000000 37.028 1.20651 0 0 0 -0.00738739 0.999973
335.400000000 37.0547 1.2062 0 0 0 -0.00717794 0.999974
335.500000000 37.0813 1.2059 0 0 0 -0.00696849 0.999976
335.600000000 37.108 1.20561 0 0 0 -0.00675904 0.999977
335.700000000 37.1346 1.20533 0 0 0 -0.00654959 0.999979
335.800000000 37.1596 1.20508 0 0 0 -0.00635323 0.99998
335.900000000 37.1863 1.20483 0 0 0 -0.00614377 0.999981
336.000000000 37.2113 1.2046 0 0 0 -0.00594741 0.999982
336.100000000 37.2363 1.20438 0 0 0 -0.00575105 0.999983
336.200000000 37.263 1.20416 0 0 0 -0.00554159 0.999985
336.300000000 37.2896 1.20395 0 0 0 -0.00533214 0.999986
336.400000000 37.3163 1.20375 0 0 0 -0.00512269 0.999987
336.500000000 37.343 1.20356 0 0 0 -0.00491323 0.999988
336.600000000 37.3696 1.20338 0 0 0 -0.00470378 0.999989
336.700000000 37.3963 1.20321 0 0 0 -0.00449432 0.99999
336.800000000 37.423 1.20306 0 0 0 -0.00428487 0.999991
336.900000000 37.448 1.20292 0 0 0 -0.00408851 0.999992
337.000000000 37.4746 1.20279 0 0 0 -0.00387905 0.999992
337.100000000 37.5013 1.20266 0 0 0 -0.0036696 0.999993
337.200000000 37.528 1.20255 0 0 0 -0.00346014 0.999994
337.300000000 37.5546 1.20245 0 0 0 -0.00325068 0.999995
337.400000000 37.5813 1.20236 0 0 0 -0.00304123 0.999995
337.500000000 37.608 1.20228 0 0 0 -0.00283177 0.999996
337.600000000 37.6346 1.20221 0 0 0 -0.00262232 0.999997
337.700000000 37.6613 1.20216 0 0 0 -0.00241286 0.999997
337.800000000 37.6863 1.20212 0 0 0 -0.0022165 0.999998
337.900000000 37.708 1.20202 0 0 0 -0.0022165 0.999998
338.000000000 37.7296 1.20192 0 0 0 -0.0022165 0.999998
338.100000000 37.7513 1.20183 0 0 0 -0.0022165 0.999998
338.200000000 37.7713 1.20174 0 0 0 -0.0022165 0.999998
338.300000000 37.7913 1.20165 0 0 0 -0.0022165 0.999998
338.400000000 37.8113 1.20156 0 0 0 -0.0022165 0.999998
338.500000000 37.8313 1.20147 0 0 0 -0.0022165 0.999998
338.600000000 37.8513 1.20139 0 0 0 -0.0022165 0.999998
338.700000000 37.8713 1.2013 0 0 0 -0.0022165 0.999998
338.800000000 37.8913 1.20121 0 0 0 -0.0022165 0.999998
338.900000000 37.913 1.20111 0 0 0 -0.0022165 0.999998
339.000000000 37.933 1.20102 0 0 0 -0.0022165 0.999998
339.100000000 37.9546 1.20093 0 0 0 -0.0022165 0.999998
339.200000000 37.9746 1.20084 0 0 0 -0.0022165 0.999998
339.300000000 37.9946 1.20075 0 0 0 -0.0022165 0.999998
339.400000000 38.013 1.20067 0 0 0 -0.0022165 0.999998
339.500000000 38.0346 1.20057 0 0 0 -0.0022165 0.999998
339.600000000 38.0563 1.20048 0 0 0 -0.0022165 0.999998
339.700000000 38.078 1.20038 0 0 0 -0.0022165 0.999998
339.800000000 38.0996 1.20028 0 0 0 -0.0022165 0.999998
339.900000000 38.1213 1.20019 0 0 0 -0.0022165 0.999998
340.000000000 38.143 1.20009 0 0 0 -0.0022165 0.999998
340.100000000 38.163 1.2 0 0 0 -0.0022165 0.999998
340.200000000 38.1846 1.19991 0 0 0 -0.0022165 0.999998
340.300000000 38.2063 1.19981 0 0 0 -0.0022165 0.999998
340.400000000 38.228 1.19972 0 0 0 -0.0022165 0.999998
340.500000000 38.2613 1.19957 0 0 0 -0.0022165 0.999998
340.600000000 38.2946 1.19942 0 0 0 -0.0022165 0.999998
340.700000000 38.3263 1.19928 0 0 0 -0.0022165 0.999998
340.800000000 38.3813 1.19904 0 0 0 -0.0022165 0.999998
340.900000000 38.4346 1.1988 0 0 0 -0.0022165 0.999998
341.000000000 38.4896 1.19856 0 0 0 -0.0022165 0.999998
341.100000000 38.543 1.19832 0 0 0 -0.0022165 0.999998
341.200000000 38.598 1.19808 0 0 0 -0.0022165 0.999998
341.300000000 38.6546 1.19782 0 0 0 -0.0022165 0.999998
341.400000000 38.7096 1.19758 0 0 0 -0.0022165 0.999998
341.500000000 38.7846 1.19725 0 0 0 -0.0022165 0.999998
341.600000000 38.8596 1.19692 0 0 0 -0.0022165 0.999998
341.700000000 38.9346 1.19658 0 0 0 -0.0022165 0.999998
341.800000000 39.0096 1.19625 0 0 0 -0.0022165 0.999998
341.900000000 39.0846 1.19592 0 0 0 -0.0022165 0.999998
342.000000000 39.1596 1.19559 0 0 0 -0.0022165 0.999998
342.100000000 39.2346 1.19525 0 0 0 -0.0022165 0.999998
342.200000000 39.3096 1.19492 0 0 0 -0.0022165 0.999998
342.300000000 39.3846 1.19459 0 0 0 -0.0022165 0.999998
342.400000000 39.4596 1.19426 0 0 0 -0.0022165 0.999998
342.500000000 39.5346 1.19423 0 0 0 -0.00144318 0.999999
342.600000000 39.6096 1.19402 0 0 0 -0.00144318 0.999999
342.700000000 39.6846 1.19411 0 0 0 -0.000669868 1
342.800000000 39.7596 1.19432 0 0 0 0.000103446 1
342.900000000 39.8346 1.19464 0 0 0 0.000876761 1
343.000000000 39.9096 1.19508 0 0 0 0.00165007 0.999999
343.100000000 39.9846 1.19533 0 0 0 0.00165007 0.999999
343.200000000 40.0596 1.19558 0 0 0 0.00165007 0.999999
343.300000000 40.1346 1.19614 0 0 0 0.00242339 0.999997
343.400000000 40.2096 1.19681 0 0 0 0.0031967 0.999995
343.500000000 40.2846 1.1976 0 0 0 0.00397001 0.999992
343.600000000 40.3596 1.1985 0 0 0 0.00474332 0.999989
343.700000000 40.4346 1.19921 0 0 0 0.00474332 0.999989
343.800000000 40.5095 1.20483 0 0 0 0.0170044 0.999855
343.900000000 40.5669 1.2152 0 0 0 0.0380364 0.999276
344.000000000 40.6117 1.22943 0 0 0 0.0649673 0.997887
344.100000000 40.6557 1.24606 0 0 0 0.091851 0.995773
344.200000000 40.7052 1.26496 0 0 0 0.115543 0.993302
344.300000000 40.7672 1.28667 0 0 0 0.132718 0.991154
344.400000000 40.8347 1.31097 0 0 0 0.14676 0.989172
344.500000000 40.9015 1.33718 0 0 0 0.160773 0.986991
344.600000000 40.9676 1.36526 0 0 0 0.174753 0.984612
344.700000000 41.0328 1.39521 0 0 0 0.188699 0.982035
344.800000000 41.0981 1.42718 0 0 0 0.202146 0.979355
344.900000000 41.1625 1.46092 0 0 0 0.215556 0.976492
345.000000000 41.226 1.49641 0 0 0 0.228925 0.973444
345.100000000 41.2911 1.53385 0 0 0 0.239867 0.970806
345.200000000 41.3553 1.57274 0 0 0 0.250779 0.968044
345.300000000 41.4186 1.61307 0 0 0 0.26166 0.96516
345.400000000 41.4811 1.65481 0 0 0 0.272507 0.962154
345.500000000 41.5426 1.69777 0 0 0 0.282825 0.959172
345.600000000 41.6033 1.74204 0 0 0 0.29311 0.956079
345.700000000 41.6629 1.78761 0 0 0 0.303361 0.952876
345.800000000 41.7216 1.83445 0 0 0 0.313578 0.949563
345.900000000 41.7793 1.88254 0 0 0 0.323758 0.94614
346.000000000 41.8357 1.93201 0 0 0 0.334387 0.942436
346.100000000 41.8911 1.98275 0 0 0 0.344974 0.938612
346.200000000 41.9453 2.03471 0 0 0 0.355517 0.93467
346.300000000 41.9992 2.08694 0 0 0 0.362992 0.931792
346.400000000 42.0524 2.13984 0 0 0 0.369905 0.92907
346.500000000 42.1048 2.19354 0 0 0 0.376798 0.926296
346.600000000 42.1564 2.248 0 0 0 0.383669 0.923471
346.700000000 42.2072 2.30323 0 0 0 0.39052 0.920595
346.800000000 42.2572 2.35921 0 0 0 0.397349 0.917668
346.900000000 42.3056 2.41652 0 0 0 0.406213 0.913778
347.000000000 42.3528 2.47491 0 0 0 0.415526 0.909581
347.100000000 42.3988 2.53425 0 0 0 0.424795 0.905289
347.200000000 42.4436 2.59451 0 0 0 0.434021 0.900903
347.300000000 42.4871 2.65567 0 0 0 0.443201 0.896422
347.400000000 42.5294 2.71772 0 0 0 0.452334 0.891848
347.500000000 42.5704 2.78061 0 0 0 0.461421 0.887181
347.600000000 42.6101 2.84432 0 0 0 0.470459 0.882422
347.700000000 42.6485 2.9088 0 0 0 0.479309 0.877646
347.800000000 42.6858 2.97395 0 0 0 0.487737 0.872991
347.900000000 42.721 3.03835 0 0 0 0.495934 0.86836
348.000000000 42.7534 3.10044 0 0 0 0.503717 0.863869
348.100000000 42.784 3.16161 0 0 0 0.511276 0.859416
348.200000000 42.8121 3.2203 0 0 0 0.51843 0.85512
348.300000000 42.8357 3.27374 0 0 0 0.52651 0.850169
348.400000000 42.857 3.32454 0 0 0 0.534086 0.84543
348.500000000 42.8768 3.37417 0 0 0 0.541391 0.840771
348.600000000 42.8951 3.42257 0 0 0 0.548429 0.836197
348.700000000 42.912 3.4697 0 0 0 0.555203 0.831715
348.800000000 42.9276 3.51552 0 0 0 0.561717 0.82733
348.900000000 42.942 3.55999 0 0 0 0.567973 0.823047
349.000000000 42.9552 3.60308 0 0 0 0.573975 0.818873
349.100000000 42.9674 3.64475 0 0 0 0.579725 0.814812
349.200000000 42.9785 3.68499 0 0 0 0.585227 0.810869
349.300000000 42.9886 3.72375 0 0 0 0.590484 0.807049
349.400000000 42.9978 3.76103 0 0 0 0.595499 0.803356
349.500000000 43.0066 3.79842 0 0 0 0.60049 0.799632
349.600000000 43.0145 3.83428 0 0 0 0.605243 0.796041
349.700000000 43.0217 3.8686 0 0 0 0.60976 0.792586
349.800000000 43.0281 3.90136 0 0 0 0.614043 0.789273
349.900000000 43.0342 3.93419 0 0 0 0.618308 0.785936
350.000000000 43.0397 3.96544 0 0 0 0.622343 0.782745
350.100000000 43.0445 3.9951 0 0 0 0.62615 0.779702
350.200000000 43.0491 4.02481 0 0 0 0.629943 0.776641
350.300000000 43.0523 4.05306 0 0 0 0.635106 0.772425
350.400000000 43.055 4.0797 0 0 0 0.63994 0.768425
350.500000000 43.0574 4.10636 0 0 0 0.644749 0.764395
350.600000000 43.0594 4.13305 0 0 0 0.649532 0.760334
350.700000000 43.0637 4.20112 0 0 0 0.661613 0.749845
350.800000000 43.0644 4.22453 0 0 0 0.66572 0.746202
350.900000000 43.0658 4.29272 0 0 0 0.677573 0.735455
351.000000000 43.0626 4.35256 0 0 0 0.692312 0.721598
351.100000000 43.0569 4.41221 0 0 0 0.706768 0.707445
351.200000000 43.0489 4.4716 0 0 0 0.720935 0.693003
351.300000000 43.0387 4.53227 0 0 0 0.734251 0.678878
351.400000000 43.0262 4.5925 0 0 0 0.74729 0.664498
351.500000000 43.0114 4.6522 0 0 0 0.760047 0.649868
351.600000000 42.9944 4.71472 0 0 0 0.771454 0.636285
351.700000000 42.9751 4.77659 0 0 0 0.782618 0.622503
351.800000000 42.9537 4.83774 0 0 0 0.793535 0.608524
351.900000000 42.9301 4.89898 0 0 0 0.803949 0.594699
352.000000000 42.9044 4.95935 0 0 0 0.814121 0.580695
352.100000000 42.8765 5.01969 0 0 0 0.823805 0.566873
352.200000000 42.8471 5.07793 0 0 0 0.833079 0.553154
352.300000000 42.8174 5.13223 0 0 0 0.841666 0.539998
352.400000000 42.7863 5.18755 0 0 0 0.848677 0.528912
352.500000000 42.7556 5.23927 0 0 0 0.854899 0.518794
352.600000000 42.7246 5.28884 0 0 0 0.860833 0.508888
352.700000000 42.6945 5.33498 0 0 0 0.866074 0.499915
352.800000000 42.6642 5.37902 0 0 0 0.871304 0.490743
352.900000000 42.6282 5.42095 0 0 0 0.882189 0.470896
353.000000000 42.5966 5.44609 0 0 0 0.896178 0.443695
353.100000000 42.572 5.4522 0 0 0 0.913116 0.407699
353.200000000 42.5481 5.4544 0 0 0 0.92901 0.370054
353.300000000 42.5241 5.45465 0 0 0 0.943353 0.331791
353.400000000 42.5009 5.45205 0 0 0 0.956283 0.292442
353.500000000 42.4771 5.44836 0 0 0 0.967432 0.25313
353.600000000 42.4547 5.442 0 0 0 0.977085 0.212852
353.700000000 42.4319 5.43447 0 0 0 0.984965 0.172756
353.800000000 42.4098 5.42511 0 0 0 0.9912 0.132372
353.900000000 42.3906 5.41294 0 0 0 0.995883 0.090647
354.000000000 42.3714 5.39963 0 0 0 0.998783 0.0493297
354.100000000 42.3534 5.38479 0 0 0 0.999969 0.00792767
354.200000000 42.3525 5.36514 0 0 0 0.999147 -0.0412872
354.300000000 42.3551 5.34532 0 0 0 0.995835 -0.0911722
354.400000000 42.3597 5.32587 0 0 0 0.990034 -0.140829
354.500000000 42.3663 5.30698 0 0 0 0.981758 -0.190134
354.600000000 42.3747 5.28883 0 0 0 0.971028 -0.238964
354.700000000 42.3848 5.2716 0 0 0 0.957872 -0.287197
354.800000000 42.3966 5.25548 0 0 0 0.942321 -0.334711
354.900000000 42.41 5.24062 0 0 0 0.924414 -0.381389
355.000000000 42.4248 5.22716 0 0 0 0.904198 -0.427114
355.100000000 42.4408 5.21525 0 0 0 0.881721 -0.471772
355.200000000 42.458 5.20501 0 0 0 -0.85704 0.51525
355.300000000 42.4761 5.19652 0 0 0 -0.830217 0.55744
355.400000000 42.495 5.18989 0 0 0 -0.801319 0.598237
355.500000000 42.5144 5.18517 0 0 0 -0.770419 0.637538
355.600000000 42.5342 5.18242 0 0 0 -0.737592 0.675247
355.700000000 42.5542 5.18166 0 0 0 -0.702922 0.711267
355.800000000 42.5741 5.18289 0 0 0 -0.666495 0.745509
355.900000000 42.5939 5.18611 0 0 0 -0.628402 0.777889
356.000000000 42.6132 5.19129 0 0 0 -0.588739 0.808324
356.100000000 42.6319 5.19836 0 0 0 -0.547603 0.836738
356.200000000 42.6498 5.20727 0 0 0 -0.5051 0.863061
356.300000000 42.6667 5.21792 0 0 0 -0.461333 0.887227
356.400000000 42.6825 5.2302 0 0 0 -0.416414 0.909175
356.500000000 42.6969 5.244 0 0 0 -0.370454 0.928851
356.600000000 42.7099 5.25918 0 0 0 -0.323567 0.946205
356.700000000 42.7214 5.27557 0 0 0 -0.275873 0.961194
356.800000000 42.7311 5.29303 0 0 0 -0.227488 0.973781
356.900000000 42.7391 5.31137 0 0 0 -0.178535 0.983934
357.000000000 42.7528 5.32572 0 0 0 -0.133417 0.99106
357.100000000 42.7663 5.34065 0 0 0 -0.0886702 0.996061
357.200000000 42.7785 5.35674 0 0 0 -0.0437441 0.999043
357.300000000 42.7892 5.37386 0 0 0 0.00127074 0.999999
357.400000000 42.7983 5.39187 0 0 0 0.046283 0.998928
357.500000000 42.8057 5.41063 0 0 0 0.0912014 0.995832
357.600000000 42.8114 5.42997 0 0 0 0.135935 0.990718
357.700000000 42.8154 5.44975 0 0 0 0.180393 0.983595
357.800000000 42.8175 5.46981 0 0 0 0.224485 0.974478
357.900000000 42.839 5.49559 0 0 0 0.257913 0.966168
358.000000000 42.8749 5.52828 0 0 0 0.283115 0.959086
358.100000000 42.9196 5.567 0 0 0 0.302846 0.95304
358.200000000 42.9641 5.60823 0 0 0 0.321677 0.94685
358.300000000 43.0071 5.65118 0 0 0 0.340382 0.940287
358.400000000 43.0482 5.69581 0 0 0 0.358952 0.933356
358.500000000 43.0876 5.74203 0 0 0 0.377382 0.926057
358.600000000 43.1251 5.78977 0 0 0 0.395664 0.918395
358.700000000 43.1607 5.83896 0 0 0 0.41379 0.910372
358.800000000 43.1943 5.88953 0 0 0 0.431754 0.901991
358.900000000 43.237 5.9507 0 0 0 0.443221 0.896412
359.000000000 43.2786 6.01323 0 0 0 0.454179 0.89091
359.100000000 43.3187 6.07675 0 0 0 0.465069 0.885274
359.200000000 43.3572 6.14124 0 0 0 0.475889 0.879505
359.300000000 43.3941 6.20666 0 0 0 0.486637 0.873604
359.400000000 43.4293 6.27296 0 0 0 0.497313 0.867571
359.500000000 43.463 6.3401 0 0 0 0.507913 0.861408
359.600000000 43.495 6.40805 0 0 0 0.518437 0.855116
359.700000000 43.5253 6.47676 0 0 0 0.528883 0.848695
359.800000000 43.5539 6.5462 0 0 0 0.53925 0.842146
359.900000000 43.5808 6.6163 0 0 0 0.54947 0.835513
360.000000000 43.6055 6.68547 0 0 0 0.559385 0.828908
360.100000000 43.6274 6.75204 0 0 0 0.568775 0.822493
360.200000000 43.6539 6.82221 0 0 0 0.568775 0.822493
360.300000000 43.6849 6.8906 0 0 0 0.558648 0.829405
360.400000000 43.7144 6.94095 0 0 0 0.541074 0.840975
360.500000000 43.7432 6.97813 0 0 0 0.518201 0.855259
360.600000000 43.7737 7.01293 0 0 0 0.494607 0.869116
360.700000000 43.8061 7.04601 0 0 0 0.470644 0.882323
360.800000000 43.8402 7.07727 0 0 0 0.446327 0.89487
360.900000000 43.876 7.10662 0 0 0 0.421677 0.906746
361.000000000 43.911 7.12962 0 0 0 0.394501 0.918896
361.100000000 43.9472 7.1505 0 0 0 0.366975 0.930231
361.200000000 43.9847 7.16919 0 0 0 0.339125 0.940741
361.300000000 44.0231 7.18562 0 0 0 0.310974 0.950418
361.400000000 44.0625 7.19973 0 0 0 0.282547 0.959253
361.500000000 44.1027 7.21147 0 0 0 0.25387 0.967238
361.600000000 44.1435 7.2208 0 0 0 0.224968 0.974366
361.700000000 44.1847 7.22768 0 0 0 0.195867 0.98063
361.800000000 44.2263 7.2321 0 0 0 0.166592 0.986026
361.900000000 44.2681 7.23404 0 0 0 0.13717 0.990548
362.000000000 44.3245 7.24089 0 0 0 0.115503 0.993307
362.100000000 44.3834 7.24629 0 0 0 0.0949816 0.995479
362.200000000 44.4432 7.24958 0 0 0 0.074824 0.997197
362.300000000 44.5031 7.25044 0 0 0 0.0546357 0.998506
362.400000000 44.563 7.24887 0 0 0 0.0344252 0.999407
362.500000000 44.6228 7.24489 0 0 0 0.0142005 0.999899
362.600000000 44.6824 7.23849 0 0 0 -0.00602999 0.999982
362.700000000 44.7417 7.22968 0 0 0 -0.026258 0.999655
362.800000000 44.8006 7.21848 0 0 0 -0.0464753 0.998919
362.900000000 44.8589 7.20492 0 0 0 -0.0666735 0.997775
363.000000000 44.9326 7.19048 0 0 0 -0.0779001 0.996961
363.100000000 45.0061 7.17501 0 0 0 -0.0875469 0.99616
363.200000000 45.0792 7.15813 0 0 0 -0.0971855 0.995266
363.300000000 45.152 7.13983 0 0 0 -0.106815 0.994279
363.400000000 45.2244 7.12012 0 0 0 -0.116434 0.993198
363.500000000 45.2965 7.09902 0 0 0 -0.126043 0.992025
363.600000000 45.3681 7.07652 0 0 0 -0.13564 0.990758
363.700000000 45.4392 7.05264 0 0 0 -0.145224 0.989399
363.800000000 45.5099 7.02739 0 0 0 -0.154794 0.987947
363.900000000 45.5801 7.00078 0 0 0 -0.16435 0.986402
364.000000000 45.6515 6.97784 0 0 0 -0.16075 0.986995
364.100000000 45.7234 6.95641 0 0 0 -0.154599 0.987977
364.200000000 45.7956 6.93588 0 0 0 -0.148441 0.988921
364.300000000 45.868 6.91625 0 0 0 -0.142278 0.989827
364.400000000 45.9406 6.89752 0 0 0 -0.136109 0.990694
364.500000000 46.0135 6.87969 0 0 0 -0.129935 0.991522
364.600000000 46.0866 6.86278 0 0 0 -0.123756 0.992313
364.700000000 46.1599 6.84678 0 0 0 -0.117572 0.993064
364.800000000 46.2334 6.83169 0 0 0 -0.111384 0.993777
364.900000000 46.3071 6.81752 0 0 0 -0.105191 0.994452
365.000000000 46.3812 6.80541 0 0 0 -0.0961027 0.995371
365.100000000 46.4555 6.79487 0 0 0 -0.0864632 0.996255
365.200000000 46.53 6.78577 0 0 0 -0.0768155 0.997045
365.300000000 46.6047 6.77811 0 0 0 -0.0671607 0.997742
365.400000000 46.6795 6.7719 0 0 0 -0.0574996 0.998346
365.500000000 46.7544 6.76714 0 0 0 -0.0478331 0.998855
365.600000000 46.8294 6.76383 0 0 0 -0.0381621 0.999272
365.700000000 46.9044 6.76198 0 0 0 -0.0284875 0.999594
365.800000000 46.9795 6.76157 0 0 0 -0.0188103 0.999823
365.900000000 47.0545 6.76262 0 0 0 -0.00913129 0.999958
366.000000000 47.1295 6.76512 0 0 0 0.000548562 1
366.100000000 47.2045 6.76908 0 0 0 0.0102284 0.999948
366.200000000 47.2794 6.77234 0 0 0 0.0145462 0.999894
366.300000000 47.3544 6.77598 0 0 0 0.0181937 0.999834
366.400000000 47.4292 6.78017 0 0 0 0.021841 0.999761
366.500000000 47.5041 6.7849 0 0 0 0.0254879 0.999675
366.600000000 47.5789 6.79018 0 0 0 0.0291346 0.999575
366.700000000 47.6537 6.796 0 0 0 0.0327808 0.999463
366.800000000 47.7284 6.80237 0 0 0 0.0364266 0.999336
366.900000000 47.8031 6.80929 0 0 0 0.0400719 0.999197
367.000000000 47.8779 6.81529 0 0 0 0.0400719 0.999197
367.100000000 47.9527 6.8213 0 0 0 0.0400719 0.999197
367.200000000 48.0274 6.82731 0 0 0 0.0400719 0.999197
367.300000000 48.1022 6.83331 0 0 0 0.0400719 0.999197
367.400000000 48.1769 6.83932 0 0 0 0.0400719 0.999197
367.500000000 48.2517 6.84532 0 0 0 0.0400719 0.999197
367.600000000 48.3265 6.85133 0 0 0 0.0400719 0.999197
367.700000000 48.4012 6.85734 0 0 0 0.0400719 0.999197
367.800000000 48.476 6.86334 0 0 0 0.0400719 0.999197
367.900000000 48.5507 6.86935 0 0 0 0.0400719 0.999197
368.000000000 48.6256 6.8739 0 0 0 0.0364266 0.999336
368.100000000 48.7005 6.8779 0 0 0 0.0327808 0.999463
368.200000000 48.7754 6.88136 0 0 0 0.0291346 0.999575
368.300000000 48.8504 6.88427 0 0 0 0.0254879 0.999675
368.400000000 48.9254 6.88664 0 0 0 0.021841 0.999761
368.500000000 49.0003 6.88845 0 0 0 0.0181937 0.999834
368.600000000 49.0753 6.88972 0 0 0 0.0145462 0.999894
368.700000000 49.1503 6.89045 0 0 0 0.0108985 0.999941
368.800000000 49.2254 6.89062 0 0 0 0.00725071 0.999974
368.900000000 49.3004 6.89025 0 0 0 0.00360279 0.999994
369.000000000 49.3754 6.89018 0 0 0 0.00207936 0.999998
369.100000000 49.4504 6.88988 0 0 0 0.00055592 1
369.200000000 49.5254 6.88936 0 0 0 -0.000967517 1
369.300000000 49.6004 6.8886 0 0 0 -0.00249095 0.999997
369.400000000 49.6754 6.88762 0 0 0 -0.00401438 0.999992
369.500000000 49.7504 6.88641 0 0 0 -0.0055378 0.999985
369.600000000 49.8253 6.88497 0 0 0 -0.00706121 0.999975
369.700000000 49.9003 6.8833 0 0 0 -0.0085846 0.999963
369.800000000 49.9753 6.8814 0 0 0 -0.010108 0.999949
369.900000000 50.0503 6.87928 0 0 0 -0.0116313 0.999932
370.000000000 50.1252 6.87693 0 0 0 -0.0131546 0.999913
370.100000000 50.2002 6.87434 0 0 0 -0.0146779 0.999892
370.200000000 50.2751 6.87153 0 0 0 -0.0162012 0.999869
370.300000000 50.3501 6.86941 0 0 0 -0.015428 0.999881
370.400000000 50.4251 6.86741 0 0 0 -0.0146547 0.999893
370.500000000 50.5001 6.86552 0 0 0 -0.0138815 0.999904
370.600000000 50.575 6.86375 0 0 0 -0.0131083 0.999914
370.700000000 50.65 6.86209 0 0 0 -0.012335 0.999924
370.800000000 50.725 6.86055 0 0 0 -0.0115617 0.999933
370.900000000 50.7999 6.85683 0 0 0 -0.0165325 0.999863
371.000000000 50.8748 6.85211 0 0 0 -0.0221394 0.999755
371.100000000 50.9496 6.84654 0 0 0 -0.0277457 0.999615
371.200000000 51.0244 6.84015 0 0 0 -0.0333511 0.999444
371.300000000 51.099 6.83291 0 0 0 -0.0389554 0.999241
371.400000000 51.1736 6.82483 0 0 0 -0.0445585 0.999007
371.500000000 51.2481 6.81592 0 0 0 -0.0501602 0.998741
371.600000000 51.3225 6.80618 0 0 0 -0.0557604 0.998444
371.700000000 51.3968 6.7956 0 0 0 -0.0613588 0.998116
371.800000000 51.4709 6.78419 0 0 0 -0.0669552 0.997756
371.900000000 51.5449 6.77195 0 0 0 -0.0725496 0.997365
372.000000000 51.6188 6.75887 0 0 0 -0.0781416 0.996942
372.100000000 51.6925 6.74498 0 0 0 -0.0837312 0.996488
372.200000000 51.7661 6.73025 0 0 0 -0.0893182 0.996003
372.300000000 51.8374 6.71197 0 0 0 -0.102493 0.994734
372.400000000 51.9083 6.69181 0 0 0 -0.11565 0.99329
372.500000000 51.9785 6.66978 0 0 0 -0.128786 0.991672
372.600000000 52.0482 6.6459 0 0 0 -0.1419 0.989881
372.700000000 52.1172 6.62018 0 0 0 -0.15499 0.987916
372.800000000 52.1855 6.59265 0 0 0 -0.168052 0.985778
372.900000000 52.2521 6.56345 0 0 0 -0.181552 0.983381
373.000000000 52.3006 6.53539 0 0 0 -0.203376 0.979101
373.100000000 52.3319 6.50868 0 0 0 -0.232826 0.972519
373.200000000 52.3433 6.48525 0 0 0 -0.270817 0.962631
373.300000000 52.3418 6.46514 0 0 0 -0.313874 0.949465
373.400000000 52.3384 6.44525 0 0 0 -0.356295 0.934374
373.500000000 52.3332 6.42575 0 0 0 -0.397993 0.917388
373.600000000 52.3263 6.40679 0 0 0 -0.438885 0.898543
373.700000000 52.3177 6.38853 0 0 0 -0.478886 0.877877
373.800000000 52.3076 6.37112 0 0 0 -0.517917 0.855431
373.900000000 52.2959 6.35469 0 0 0 -0.555898 0.83125
374.000000000 52.282 6.34051 0 0 0 -0.593278 0.804998
374.100000000 52.2669 6.32765 0 0 0 -0.62942 0.777065
374.200000000 52.2594 6.2959 0 0 0 -0.655972 0.754785
374.300000000 52.2563 6.2586 0 0 0 -0.671525 0.740982
374.400000000 52.2554 6.21337 0 0 0 -0.681325 0.731981
374.500000000 52.257 6.15502 0 0 0 -0.686083 0.727524
374.600000000 52.2614 6.09851 0 0 0 -0.684132 0.729358
374.700000000 52.2704 6.03903 0 0 0 -0.674606 0.738178
374.800000000 52.2843 5.98555 0 0 0 -0.657724 0.753259
374.900000000 52.3007 5.93355 0 0 0 -0.640202 0.768207
375.000000000 52.3195 5.88723 0 0 0 -0.620491 0.784214
375.100000000 52.3406 5.84273 0 0 0 -0.600065 0.799951
375.200000000 52.364 5.79938 0 0 0 -0.579241 0.815156
375.300000000 52.3895 5.75729 0 0 0 -0.558031 0.82982
375.400000000 52.4172 5.71657 0 0 0 -0.536451 0.843932
375.500000000 52.447 5.67734 0 0 0 -0.514513 0.857482
375.600000000 52.4788 5.63969 0 0 0 -0.492234 0.870463
375.700000000 52.5124 5.60373 0 0 0 -0.469627 0.882865
375.800000000 52.5479 5.56955 0 0 0 -0.446709 0.894679
375.900000000 52.5851 5.53725 0 0 0 -0.423493 0.905899
376.000000000 52.6318 5.49239 0 0 0 -0.407359 0.913268
376.100000000 52.6815 5.44692 0 0 0 -0.39229 0.919841
376.200000000 52.7321 5.40387 0 0 0 -0.376711 0.926331
376.300000000 52.7847 5.36181 0 0 0 -0.361431 0.932399
376.400000000 52.8387 5.3215 0 0 0 -0.346054 0.938215
376.500000000 52.8928 5.28439 0 0 0 -0.329763 0.944064
376.600000000 52.9493 5.24781 0 0 0 -0.314199 0.949357
376.700000000 53.0029 5.21763 0 0 0 -0.295712 0.955277
376.800000000 53.0613 5.18584 0 0 0 -0.279548 0.960132
376.900000000 53.1176 5.15904 0 0 0 -0.261258 0.965269
377.000000000 53.1729 5.13608 0 0 0 -0.241678 0.970357
377.100000000 53.2395 5.10692 0 0 0 -0.22835 0.973579
377.200000000 53.2963 5.08777 0 0 0 -0.208608 0.977999
377.300000000 53.3465 5.07612 0 0 0 -0.184481 0.982836
377.400000000 53.3985 5.0661 0 0 0 -0.161019 0.986951
377.500000000 53.4657 5.05013 0 0 0 -0.14565 0.989336
377.600000000 53.5381 5.03042 0 0 0 -0.14073 0.990048
377.700000000 53.61 5.00922 0 0 0 -0.141495 0.989939
377.800000000 53.6819 4.98763 0 0 0 -0.143003 0.989722
377.900000000 53.7536 4.96582 0 0 0 -0.144511 0.989503
378.000000000 53.8253 4.94378 0 0 0 -0.146018 0.989282
378.100000000 53.8969 4.92153 0 0 0 -0.147525 0.989058
378.200000000 53.9685 4.89906 0 0 0 -0.149032 0.988832
378.300000000 54.0371 4.87235 0 0 0 -0.162106 0.986773
378.400000000 54.0875 4.84612 0 0 0 -0.183619 0.982997
378.500000000 54.1206 4.82055 0 0 0 -0.212796 0.977097
378.600000000 54.1341 4.79735 0 0 0 -0.250483 0.968121
378.700000000 54.1427 4.77419 0 0 0 -0.289304 0.957237
378.800000000 54.1483 4.75085 0 0 0 -0.32817 0.944619
378.900000000 54.152 4.72712 0 0 0 -0.366487 0.930423
379.000000000 54.1537 4.70318 0 0 0 -0.404193 0.914674
379.100000000 54.1535 4.67917 0 0 0 -0.441223 0.897397
379.200000000 54.1513 4.65526 0 0 0 -0.477517 0.878622
379.300000000 54.1464 4.63244 0 0 0 -0.513492 0.858095
379.400000000 54.1396 4.6101 0 0 0 -0.548585 0.836095
379.500000000 54.1309 4.5884 0 0 0 -0.582737 0.812661
379.600000000 54.1205 4.56749 0 0 0 -0.61589 0.787832
379.700000000 54.108 4.54858 0 0 0 -0.648418 0.761284
379.800000000 54.0938 4.53079 0 0 0 -0.679804 0.733394
379.900000000 54.0783 4.51425 0 0 0 -0.70999 0.704211
380.000000000 54.0614 4.49907 0 0 0 -0.738926 0.673787
380.100000000 54.0431 4.48656 0 0 0 -0.766931 0.64173
380.200000000 54.0242 4.45521 0 0 0 -0.787496 0.616319
380.300000000 54.0078 4.41992 0 0 0 -0.798807 0.601587
380.400000000 53.9912 4.37794 0 0 0 -0.80539 0.592746
380.500000000 53.9665 4.30708 0 0 0 -0.809066 0.587717
380.600000000 53.9462 4.23486 0 0 0 -0.804678 0.593712
380.700000000 53.9267 4.16241 0 0 0 -0.8006 0.599199
380.800000000 53.9084 4.08964 0 0 0 -0.796126 0.605131
380.900000000 53.8907 4.01672 0 0 0 -0.792341 0.610079
381.000000000 53.8737 3.94365 0 0 0 -0.788907 0.614512
381.100000000 53.8578 3.87034 0 0 0 -0.785064 0.619415
381.200000000 53.843 3.79678 0 0 0 -0.780811 0.624767
381.300000000 53.8277 3.72335 0 0 0 -0.778958 0.627076
381.400000000 53.8128 3.64983 0 0 0 -0.777099 0.629378
381.500000000 53.7984 3.57622 0 0 0 -0.775233 0.631675
381.600000000 53.7844 3.50253 0 0 0 -0.77336 0.633967
381.700000000 53.7709 3.42876 0 0 0 -0.771481 0.636253
381.800000000 53.7578 3.35491 0 0 0 -0.769594 0.638533
381.900000000 53.7451 3.28098 0 0 0 -0.767701 0.640808
382.000000000 53.7328 3.20698 0 0 0 -0.765801 0.643077
382.100000000 53.721 3.13291 0 0 0 -0.763895 0.645341
382.200000000 53.7097 3.05877 0 0 0 -0.761981 0.647599
382.300000000 53.7037 2.98724 0 0 0 -0.752721 0.658339
382.400000000 53.7054 2.93199 0 0 0 -0.737627 0.675209
382.500000000 53.7142 2.89262 0 0 0 -0.716632 0.697452
382.600000000 53.728 2.86533 0 0 0 -0.690856 0.722992
382.700000000 53.7439 2.8401 0 0 0 -0.663815 0.747896
382.800000000 53.7615 2.81609 0 0 0 -0.635877 0.77179
382.900000000 53.7809 2.79054 0 0 0 -0.608199 0.793785
383.000000000 53.802 2.76642 0 0 0 -0.57976 0.814787
383.100000000 53.8248 2.74385 0 0 0 -0.550596 0.834772
383.200000000 53.8491 2.72295 0 0 0 -0.520745 0.853712
383.300000000 53.8749 2.70382 0 0 0 -0.490242 0.871586
383.400000000 53.9019 2.68655 0 0 0 -0.459127 0.88837
383.500000000 53.9301 2.67124 0 0 0 -0.427438 0.904045
383.600000000 53.9593 2.65796 0 0 0 -0.395215 0.918589
383.700000000 53.9893 2.64677 0 0 0 -0.362498 0.931985
383.800000000 54.0201 2.63773 0 0 0 -0.329328 0.944216
383.900000000 54.0514 2.6309 0 0 0 -0.295746 0.955267
384.000000000 54.0953 2.61393 0 0 0 -0.26988 0.962894
384.100000000 54.149 2.5911 0 0 0 -0.249562 0.968359
384.200000000 54.2049 2.56949 0 0 0 -0.229921 0.973209
384.300000000 54.2616 2.55015 0 0 0 -0.210187 0.977661
384.400000000 54.3191 2.53313 0 0 0 -0.190366 0.981713
384.500000000 54.3772 2.51844 0 0 0 -0.170467 0.985363
384.600000000 54.4358 2.50611 0 0 0 -0.150499 0.98861
384.700000000 54.4949 2.49617 0 0 0 -0.130469 0.991452
384.800000000 54.5543 2.48862 0 0 0 -0.110386 0.993889
384.900000000 54.6263 2.47806 0 0 0 -0.0967474 0.995309
385.000000000 54.7003 2.46873 0 0 0 -0.0840471 0.996462
385.100000000 54.7745 2.4613 0 0 0 -0.0713331 0.997453
385.200000000 54.8489 2.45575 0 0 0 -0.0586075 0.998281
385.300000000 54.9234 2.45211 0 0 0 -0.0458723 0.998947
385.400000000 54.998 2.45037 0 0 0 -0.0331298 0.999451
385.500000000 55.0726 2.45053 0 0 0 -0.0203818 0.999792
385.600000000 55.1472 2.45259 0 0 0 -0.0076305 0.999971
385.700000000 55.2217 2.45655 0 0 0 0.00512203 0.999987
385.800000000 55.2961 2.46242 0 0 0 0.0178737 0.99984
385.900000000 55.3703 2.47017 0 0 0 0.0306225 0.999531
386.000000000 55.445 2.477 0 0 0 0.0362274 0.999344
386.100000000 55.5196 2.48442 0 0 0 0.0411949 0.999151
386.200000000 55.5942 2.49257 0 0 0 0.0461614 0.998934
386.300000000 55.6687 2.50147 0 0 0 0.0511267 0.998692
386.400000000 55.7431 2.5111 0 0 0 0.0560908 0.998426
386.500000000 55.8174 2.52148 0 0 0 0.0610534 0.998134
386.600000000 55.8916 2.53259 0 0 0 0.0660146 0.997819
386.700000000 55.9656 2.54444 0 0 0 0.0709742 0.997478
386.800000000 56.0396 2.55703 0 0 0 0.075932 0.997113
386.900000000 56.1134 2.57035 0 0 0 0.0808879 0.996723
387.000000000 56.1876 2.58127 0 0 0 0.0779377 0.996958
387.100000000 56.2619 2.59149 0 0 0 0.0743003 0.997236
387.200000000 56.3363 2.60116 0 0 0 0.0706619 0.9975
387.300000000 56.4108 2.61029 0 0 0 0.0670226 0.997751
387.400000000 56.4853 2.61887 0 0 0 0.0633823 0.997989
387.500000000 56.5599 2.62691 0 0 0 0.0597413 0.998214
387.600000000 56.6345 2.63441 0 0 0 0.0560994 0.998425
387.700000000 56.7092 2.64136 0 0 0 0.0524568 0.998623
387.800000000 56.7839 2.64776 0 0 0 0.0488135 0.998808
387.900000000 56.8587 2.65362 0 0 0 0.0451696 0.998979
388.000000000 56.9335 2.65894 0 0 0 0.041525 0.999137
388.100000000 57.0084 2.66371 0 0 0 0.0378799 0.999282
388.200000000 57.0833 2.66766 0 0 0 0.0335645 0.999437
388.300000000 57.1582 2.67097 0 0 0 0.0292484 0.999572
388.400000000 57.2332 2.67363 0 0 0 0.0249318 0.999689
388.500000000 57.3082 2.67564 0 0 0 0.0206147 0.999787
388.600000000 57.3832 2.67701 0 0 0 0.0162973 0.999867
388.700000000 57.4582 2.67773 0 0 0 0.0119795 0.999928
388.800000000 57.5332 2.6778 0 0 0 0.0076615 0.999971
388.900000000 57.6082 2.67834 0 0 0 0.0061381 0.999981
389.000000000 57.6832 2.67865 0 0 0 0.00461468 0.999989
389.100000000 57.7582 2.67873 0 0 0 0.00309126 0.999995
389.200000000 57.8332 2.67858 0 0 0 0.00156783 0.999999
389.300000000 57.9082 2.67821 0 0 0 4.43883e-05 1
389.400000000 57.9832 2.67761 0 0 0 -0.00147905 0.999999
389.500000000 58.0582 2.67678 0 0 0 -0.00300248 0.999995
389.600000000 58.1332 2.67572 0 0 0 -0.00452591 0.99999
389.700000000 58.2082 2.67443 0 0 0 -0.00604932 0.999982
389.800000000 58.2832 2.67291 0 0 0 -0.00757273 0.999971
389.900000000 58.3581 2.67117 0 0 0 -0.00909611 0.999959
390.000000000 58.4331 2.6698 0 0 0 -0.00909611 0.999959
390.100000000 58.5081 2.66875 0 0 0 -0.00832283 0.999965
390.200000000 58.5831 2.66781 0 0 0 -0.00754953 0.999972
390.300000000 58.6581 2.66698 0 0 0 -0.00677624 0.999977
390.400000000 58.7331 2.66628 0 0 0 -0.00600294 0.999982
390.500000000 58.8081 2.66569 0 0 0 -0.00522964 0.999986
390.600000000 58.8831 2.66521 0 0 0 -0.00445633 0.99999
390.700000000 58.9581 2.66485 0 0 0 -0.00368303 0.999993
390.800000000 59.0331 2.6643 0 0 0 -0.00368303 0.999993
390.900000000 59.1081 2.66375 0 0 0 -0.00368303 0.999993
391.000000000 59.1831 2.6632 0 0 0 -0.00368303 0.999993
391.100000000 59.2581 2.66264 0 0 0 -0.00368303 0.999993
391.200000000 59.3331 2.66209 0 0 0 -0.00368303 0.999993
391.300000000 59.4081 2.66154 0 0 0 -0.00368303 0.999993
391.400000000 59.4831 2.66099 0 0 0 -0.00368303 0.999993
391.500000000 59.5581 2.66043 0 0 0 -0.00368303 0.999993
391.600000000 59.6331 2.65988 0 0 0 -0.00368303 0.999993
391.700000000 59.7081 2.65933 0 0 0 -0.00368303 0.999993
391.800000000 59.7831 2.65878 0 0 0 -0.00368303 0.999993
391.900000000 59.8581 2.65822 0 0 0 -0.00368303 0.999993
392.000000000 59.9331 2.65767 0 0 0 -0.00368303 0.999993
392.100000000 60.0081 2.65712 0 0 0 -0.00368303 0.999993
392.200000000 60.0831 2.65657 0 0 0 -0.00368303 0.999993
392.300000000 60.1581 2.65601 0 0 0 -0.00368303 0.999993
392.400000000 60.2331 2.65546 0 0 0 -0.00368303 0.999993
392.500000000 60.3081 2.65491 0 0 0 -0.00368303 0.999993
392.600000000 60.3831 2.65405 0 0 0 -0.00445633 0.99999
392.700000000 60.4575 2.64828 0 0 0 -0.0172081 0.999852
392.800000000 60.5242 2.63941 0 0 0 -0.0336432 0.999434
392.900000000 60.5906 2.62834 0 0 0 -0.0500692 0.998746
393.000000000 60.6575 2.61518 0 0 0 -0.0660415 0.997817
393.100000000 60.724 2.59989 0 0 0 -0.0819969 0.996633
393.200000000 60.789 2.58245 0 0 0 -0.0983703 0.99515
393.300000000 60.8535 2.56288 0 0 0 -0.114717 0.993398
393.400000000 60.9172 2.54121 0 0 0 -0.131033 0.991378
393.500000000 60.9802 2.51745 0 0 0 -0.147313 0.98909
393.600000000 61.0424 2.49163 0 0 0 -0.163554 0.986534
393.700000000 61.1046 2.46366 0 0 0 -0.179316 0.983791
393.800000000 61.1659 2.43372 0 0 0 -0.195033 0.980797
393.900000000 61.2253 2.40201 0 0 0 -0.211131 0.977458
394.000000000 61.2672 2.37219 0 0 0 -0.235117 0.971967
394.100000000 61.2917 2.34494 0 0 0 -0.26676 0.963763
394.200000000 61.2951 2.32308 0 0 0 -0.307534 0.951537
394.300000000 61.284 2.3068 0 0 0 -0.353983 0.935252
394.400000000 61.2714 2.29169 0 0 0 -0.399575 0.9167
394.500000000 61.2574 2.27788 0 0 0 -0.444199 0.895928
394.600000000 61.2421 2.26552 0 0 0 -0.487747 0.872985
394.700000000 61.2257 2.25473 0 0 0 -0.530113 0.847927
394.800000000 61.2083 2.2456 0 0 0 -0.571194 0.820815
394.900000000 61.19 2.23822 0 0 0 -0.610892 0.791714
395.000000000 61.1712 2.23268 0 0 0 -0.64911 0.760695
395.100000000 61.1518 2.22901 0 0 0 -0.685755 0.727833
395.200000000 61.1323 2.22727 0 0 0 -0.720738 0.693207
395.300000000 61.1126 2.22746 0 0 0 -0.753976 0.656902
395.400000000 61.093 2.22958 0 0 0 -0.785386 0.619006
395.500000000 61.0738 2.23361 0 0 0 -0.814894 0.579609
395.600000000 61.055 2.23951 0 0 0 -0.842428 0.538809
395.700000000 61.0369 2.24723 0 0 0 0.867921 -0.496703
395.800000000 61.0197 2.25669 0 0 0 0.89131 -0.453394
395.900000000 60.9943 2.2481 0 0 0 0.908203 -0.418529
396.000000000 60.9688 2.24243 0 0 0 0.923931 -0.38256
396.100000000 60.9436 2.23968 0 0 0 0.938416 -0.345509
396.200000000 60.9189 2.23981 0 0 0 0.95158 -0.307401
396.300000000 60.8943 2.24193 0 0 0 0.963198 -0.268794
396.400000000 60.8708 2.24678 0 0 0 0.973375 -0.229219
396.500000000 60.8477 2.25354 0 0 0 0.981927 -0.189261
396.600000000 60.8253 2.26216 0 0 0 0.988839 -0.148988
396.700000000 60.8047 2.27312 0 0 0 0.99416 -0.107912
396.800000000 60.7851 2.28575 0 0 0 0.997776 -0.066651
396.900000000 60.7665 2.29996 0 0 0 0.999681 -0.0252758
397.000000000 60.73 2.31086 0 0 0 0.999978 0.00656069
397.100000000 60.6803 2.32061 0 0 0 0.999571 0.0293048
397.200000000 60.6175 2.33002 0 0 0 0.999049 0.0435932
397.300000000 60.543 2.33853 0 0 0 0.99882 0.0485592
397.400000000 60.4686 2.34779 0 0 0 0.998567 0.0535239
397.500000000 60.3942 2.35778 0 0 0 0.998288 0.0584873
397.600000000 60.32 2.36851 0 0 0 0.997985 0.0634493
397.700000000 60.2458 2.37998 0 0 0 0.997657 0.0684097
397.800000000 60.1718 2.39219 0 0 0 0.997305 0.0733684
397.900000000 60.0979 2.40513 0 0 0 0.996928 0.0783253
398.000000000 60.024 2.41801 0 0 0 0.996692 0.0812754
398.100000000 59.9502 2.43133 0 0 0 0.996447 0.0842248
398.200000000 59.8765 2.44508 0 0 0 0.996193 0.0871734
398.300000000 59.8028 2.45927 0 0 0 0.995931 0.0901213
398.400000000 59.7293 2.4739 0 0 0 0.99566 0.0930684
398.500000000 59.6558 2.48896 0 0 0 0.99538 0.0960147
398.600000000 59.5824 2.50446 0 0 0 0.995091 0.0989601
398.700000000 59.5091 2.52039 0 0 0 0.994794 0.101905
398.800000000 59.4359 2.53676 0 0 0 0.994488 0.104848
398.900000000 59.3628 2.55355 0 0 0 0.994174 0.107791
399.000000000 59.2901 2.57182 0 0 0 0.993553 0.113365
399.100000000 59.2175 2.59089 0 0 0 0.992902 0.118935
399.200000000 59.1452 2.61078 0 0 0 0.992219 0.124501
399.300000000 59.0731 2.63149 0 0 0 0.991506 0.130063
399.400000000 59.0012 2.65299 0 0 0 0.990761 0.135622
399.500000000 58.9296 2.67531 0 0 0 0.989985 0.141176
399.600000000 58.8582 2.69842 0 0 0 0.989177 0.146725
399.700000000 58.7871 2.72232 0 0 0 0.988343 0.152242
399.800000000 58.7162 2.74694 0 0 0 0.987512 0.157546
399.900000000 58.6456 2.77223 0 0 0 0.986686 0.162638
400.000000000 58.5833 2.80008 0 0 0 0.983957 0.178403
400.100000000 58.533 2.8281 0 0 0 0.979906 0.199459
400.200000000 58.484 2.85825 0 0 0 0.975405 0.220422
400.300000000 58.4363 2.89047 0 0 0 0.970454 0.241285
400.400000000 58.39 2.92471 0 0 0 0.965058 0.262036
400.500000000 58.3452 2.9609 0 0 0 0.959218 0.282667
400.600000000 58.302 2.99897 0 0 0 0.952937 0.303168
400.700000000 58.2605 3.03887 0 0 0 0.946218 0.32353
400.800000000 58.2207 3.0805 0 0 0 0.939064 0.343742
400.900000000 58.1828 3.12381 0 0 0 0.931478 0.363797
401.000000000 58.1467 3.1687 0 0 0 0.923464 0.383685
401.100000000 58.1127 3.21509 0 0 0 0.915026 0.403396
401.200000000 58.0806 3.2629 0 0 0 0.906166 0.422922
401.300000000 58.0506 3.31205 0 0 0 0.89689 0.442253
401.400000000 58.0227 3.36243 0 0 0 0.887202 0.461381
401.500000000 57.997 3.41397 0 0 0 0.877106 0.480297
401.600000000 57.9736 3.46655 0 0 0 0.866607 0.498992
401.700000000 57.9524 3.52009 0 0 0 0.855709 0.517457
401.800000000 57.9336 3.5745 0 0 0 0.844418 0.535685
401.900000000 57.9171 3.62965 0 0 0 0.832738 0.553667
402.000000000 57.9002 3.68964 0 0 0 0.82207 0.569386
402.100000000 57.8855 3.75022 0 0 0 0.811105 0.5849
402.200000000 57.8732 3.81131 0 0 0 0.799848 0.600203
402.300000000 57.8632 3.87283 0 0 0 0.788301 0.615289
402.400000000 57.8556 3.93468 0 0 0 0.77647 0.630154
402.500000000 57.8503 3.99678 0 0 0 0.764359 0.64479
402.600000000 57.8473 4.05903 0 0 0 0.751972 0.659195
402.700000000 57.8468 4.12136 0 0 0 0.739314 0.673361
402.800000000 57.8486 4.18365 0 0 0 0.726389 0.687284
402.900000000 57.8527 4.24584 0 0 0 0.713202 0.700959
403.000000000 57.8585 4.31121 0 0 0 0.700962 0.713198
403.100000000 57.8666 4.37634 0 0 0 0.688513 0.725224
403.200000000 57.8769 4.44116 0 0 0 0.675858 0.737032
403.300000000 57.8894 4.50558 0 0 0 0.663 0.748619
403.400000000 57.9042 4.56953 0 0 0 0.649943 0.759983
403.500000000 57.9211 4.63292 0 0 0 0.636692 0.771118
403.600000000 57.9403 4.6957 0 0 0 0.62325 0.782022
403.700000000 57.9616 4.75777 0 0 0 0.609622 0.792693
403.800000000 57.985 4.81907 0 0 0 0.59581 0.803125
403.900000000 58.0106 4.87952 0 0 0 0.58182 0.813317
404.000000000 58.038 4.93731 0 0 0 0.566955 0.823749
404.100000000 58.0676 4.99493 0 0 0 0.552256 0.833675
404.200000000 58.0992 5.05147 0 0 0 0.537383 0.843338
404.300000000 58.1327 5.106 0 0 0 0.521979 0.852958
404.400000000 58.1683 5.16011 0 0 0 0.506769 0.862082
404.500000000 58.2058 5.21293 0 0 0 0.4914 0.870934
404.600000000 58.2455 5.26522 0 0 0 0.476252 0.879309
404.700000000 58.2866 5.31528 0 0 0 0.460582 0.887617
404.800000000 58.3298 5.36466 0 0 0 0.44515 0.895456
404.900000000 58.3748 5.41251 0 0 0 0.429584 0.903027
405.000000000 58.4217 5.45956 0 0 0 0.414283 0.910148
405.100000000 58.4702 5.50499 0 0 0 0.398865 0.91701
405.200000000 58.5203 5.54877 0 0 0 0.383332 0.923611
405.300000000 58.5722 5.59158 0 0 0 0.368096 0.929788
405.400000000 58.6256 5.63265 0 0 0 0.352761 0.935713
405.500000000 58.6803 5.67195 0 0 0 0.33733 0.941386
405.600000000 58.7368 5.71013 0 0 0 0.322226 0.946663
405.700000000 58.7951 5.74718 0 0 0 0.307464 0.95156
405.800000000 58.8545 5.78239 0 0 0 0.292628 0.956226
405.900000000 58.915 5.81573 0 0 0 0.27772 0.960662
406.000000000 58.9642 5.8355 0 0 0 0.25476 0.967004
406.100000000 59.0017 5.84212 0 0 0 0.223847 0.974624
406.200000000 59.0273 5.8371 0 0 0 0.185421 0.982659
406.300000000 59.0516 5.82951 0 0 0 0.14619 0.989257
406.400000000 59.0761 5.82053 0 0 0 0.107249 0.994232
406.500000000 59.0988 5.80922 0 0 0 0.067619 0.997711
406.600000000 59.1206 5.79614 0 0 0 0.0278821 0.999611
406.700000000 59.1412 5.78137 0 0 0 -0.011899 0.999929
406.800000000 59.1606 5.76501 0 0 0 -0.0516612 0.998665
406.900000000 59.1787 5.74715 0 0 0 -0.0913417 0.99582
407.000000000 59.1953 5.72792 0 0 0 -0.130878 0.991399
407.100000000 59.2102 5.70743 0 0 0 -0.170206 0.985408
407.200000000 59.2246 5.68565 0 0 0 -0.208752 0.977969
407.300000000 59.2187 5.66712 0 0 0 -0.255897 0.966704
407.400000000 59.2094 5.64975 0 0 0 -0.303155 0.952941
407.500000000 59.1985 5.63337 0 0 0 -0.349679 0.936869
407.600000000 59.1861 5.61814 0 0 0 -0.395356 0.918528
407.700000000 59.1722 5.60421 0 0 0 -0.440075 0.897961
407.800000000 59.157 5.59171 0 0 0 -0.483728 0.875219
407.900000000 59.1407 5.58076 0 0 0 -0.526208 0.850356
408.000000000 59.1234 5.57147 0 0 0 -0.567414 0.823433
408.100000000 59.1052 5.56393 0 0 0 -0.607245 0.794514
408.200000000 59.0864 5.55821 0 0 0 -0.645605 0.763671
408.300000000 59.0671 5.55437 0 0 0 -0.682401 0.730978
408.400000000 59.0475 5.55244 0 0 0 -0.717543 0.696514
408.500000000 59.0279 5.55245 0 0 0 -0.750947 0.660362
408.600000000 59.0083 5.55439 0 0 0 -0.782532 0.62261
408.700000000 58.989 5.55824 0 0 0 -0.812221 0.58335
408.800000000 58.9702 5.56397 0 0 0 -0.839942 0.542677
408.900000000 58.952 5.57153 0 0 0 -0.865628 0.500688
409.000000000 58.9347 5.58083 0 0 0 0.889216 -0.457487
409.100000000 58.9184 5.59179 0 0 0 0.910651 -0.413178
409.200000000 58.9032 5.6043 0 0 0 0.929879 -0.367867
409.300000000 58.8893 5.61824 0 0 0 0.946854 -0.321665
409.400000000 58.8769 5.63348 0 0 0 0.961535 -0.274684
409.500000000 58.866 5.64987 0 0 0 0.973886 -0.227037
409.600000000 58.8568 5.66724 0 0 0 0.983878 -0.17884
409.700000000 58.8493 5.68544 0 0 0 0.991486 -0.13021
409.800000000 58.8437 5.70428 0 0 0 0.996693 -0.0812641
409.900000000 58.8399 5.72359 0 0 0 0.999484 -0.0321216
410.000000000 58.8202 5.73847 0 0 0 0.999966 0.00819283
410.100000000 58.8007 5.75469 0 0 0 0.998849 0.0479595
410.200000000 58.7825 5.77241 0 0 0 0.996151 0.0876502
410.300000000 58.7658 5.79152 0 0 0 0.991877 0.127202
410.400000000 58.7507 5.8119 0 0 0 0.986033 0.166553
410.500000000 58.7372 5.83341 0 0 0 0.978628 0.20564
410.600000000 58.7255 5.85593 0 0 0 0.969674 0.244402
410.700000000 58.7156 5.87932 0 0 0 0.959186 0.282777
410.800000000 58.7076 5.90341 0 0 0 0.947179 0.320704
410.900000000 58.6844 5.93648 0 0 0 0.936928 0.349522
411.000000000 58.6492 5.97903 0 0 0 0.928777 0.37064
411.100000000 58.6117 6.02578 0 0 0 0.921089 0.389353
411.200000000 58.5761 6.074 0 0 0 0.913024 0.407906
411.300000000 58.5425 6.12362 0 0 0 0.904585 0.426293
411.400000000 58.511 6.17456 0 0 0 0.895776 0.444505
411.500000000 58.4815 6.22674 0 0 0 0.886601 0.462535
411.600000000 58.4542 6.28007 0 0 0 0.877063 0.480376
411.700000000 58.429 6.33445 0 0 0 0.867165 0.49802
411.800000000 58.4061 6.38981 0 0 0 0.856913 0.515461
411.900000000 58.3763 6.45719 0 0 0 0.850016 0.526758
412.000000000 58.3474 6.52648 0 0 0 0.843493 0.53714
412.100000000 58.3201 6.59646 0 0 0 0.836843 0.547443
412.200000000 58.2946 6.66709 0 0 0 0.830068 0.557662
412.300000000 58.2708 6.73832 0 0 0 0.823168 0.567798
412.400000000 58.2487 6.81011 0 0 0 0.816188 0.577786
412.500000000 58.2293 6.8792 0 0 0 0.809406 0.587249
412.600000000 58.2119 6.9471 0 0 0 0.802676 0.596416
412.700000000 58.1965 7.01376 0 0 0 0.796005 0.60529
412.800000000 58.1812 7.08729 0 0 0 0.788524 0.615005
412.900000000 58.1677 7.16117 0 0 0 0.780923 0.624627
413.000000000 58.156 7.23535 0 0 0 0.773206 0.634155
413.100000000 58.1462 7.3098 0 0 0 0.765372 0.643588
413.200000000 58.1391 7.36608 0 0 0 0.760976 0.64878
413.300000000 58.1329 7.42076 0 0 0 0.756974 0.653445
413.400000000 58.1273 7.47552 0 0 0 0.752943 0.658086
413.500000000 58.1225 7.52867 0 0 0 0.749007 0.662562
413.600000000 58.117 7.60353 0 0 0 0.742924 0.669376
413.700000000 58.1128 7.67847 0 0 0 0.736778 0.676134
413.800000000 58.11 7.75347 0 0 0 0.730571 0.682836
413.900000000 58.1077 7.82847 0 0 0 0.725886 0.687815
414.000000000 58.1064 7.90349 0 0 0 0.721167 0.692761
414.100000000 58.1061 7.97852 0 0 0 0.716414 0.697675
414.200000000 58.1069 8.05354 0 0 0 0.711628 0.702556
414.300000000 58.1086 8.12855 0 0 0 0.706808 0.707405
414.400000000 58.1114 8.20353 0 0 0 0.701956 0.71222
414.500000000 58.1153 8.27847 0 0 0 0.69707 0.717003
414.600000000 58.1201 8.35334 0 0 0 0.692152 0.721751
414.700000000 58.126 8.42814 0 0 0 0.687202 0.726466
414.800000000 58.1329 8.50286 0 0 0 0.68222 0.731147
414.900000000 58.1408 8.57747 0 0 0 0.677205 0.735794
415.000000000 58.1464 8.65226 0 0 0 0.678325 0.734762
415.100000000 58.1516 8.72708 0 0 0 0.679681 0.733507
415.200000000 58.1562 8.7986 0 0 0 0.681333 0.731973
415.300000000 58.1603 8.86849 0 0 0 0.682943 0.730471
415.400000000 58.1639 8.93506 0 0 0 0.684474 0.729037
415.500000000 58.1672 8.99998 0 0 0 0.685963 0.727636
415.600000000 58.1702 9.06325 0 0 0 0.687411 0.726268
415.700000000 58.1728 9.12486 0 0 0 0.688819 0.724933
415.800000000 58.175 9.18315 0 0 0 0.690148 0.723668
415.900000000 58.177 9.23979 0 0 0 0.691437 0.722437
416.000000000 58.1776 9.27146 0 0 0 0.692881 0.721052
416.100000000 58.178 9.30146 0 0 0 0.694246 0.719738
416.200000000 58.1783 9.33147 0 0 0 0.695608 0.718421
416.300000000 58.1785 9.35981 0 0 0 0.696893 0.717175
416.400000000 58.1786 9.38815 0 0 0 0.698175 0.715927
416.500000000 58.1786 9.41483 0 0 0 0.69938 0.71475
416.600000000 58.1785 9.43983 0 0 0 0.700508 0.713644
416.700000000 58.1784 9.46484 0 0 0 0.701634 0.712537
416.800000000 58.1781 9.48818 0 0 0 0.702684 0.711503
416.900000000 58.1778 9.51152 0 0 0 0.703731 0.710466
417.000000000 58.1776 9.53652 0 0 0 0.70457 0.709634
417.100000000 58.1773 9.56152 0 0 0 0.705408 0.708801
417.200000000 58.177 9.58486 0 0 0 0.70619 0.708023
417.300000000 58.1766 9.60819 0 0 0 0.70697 0.707243
417.400000000 58.1762 9.62986 0 0 0 0.707694 0.706519
417.500000000 58.1758 9.65152 0 0 0 0.708417 0.705794
417.600000000 58.1753 9.67319 0 0 0 0.70914 0.705068
417.700000000 58.1748 9.69318 0 0 0 0.709806 0.704398
417.800000000 58.1742 9.71318 0 0 0 0.710471 0.703726
417.900000000 58.1738 9.73484 0 0 0 0.710951 0.703242
418.000000000 58.1733 9.75484 0 0 0 0.711393 0.702794
418.100000000 58.1728 9.7765 0 0 0 0.711872 0.702309
418.200000000 58.1722 9.79816 0 0 0 0.71235 0.701824
418.300000000 58.1716 9.81816 0 0 0 0.712792 0.701376
418.400000000 58.1711 9.83815 0 0 0 0.713233 0.700927
418.500000000 58.1705 9.85814 0 0 0 0.713674 0.700478
418.600000000 58.1698 9.87813 0 0 0 0.714114 0.700029
418.700000000 58.1692 9.89812 0 0 0 0.714555 0.69958
418.800000000 58.1685 9.91811 0 0 0 0.714995 0.69913
418.900000000 58.1678 9.93977 0 0 0 0.715471 0.698643
419.000000000 58.167 9.95976 0 0 0 0.71591 0.698192
419.100000000 58.1663 9.97974 0 0 0 0.716349 0.697742
419.200000000 58.1656 9.99807 0 0 0 0.716651 0.697432
419.300000000 58.1648 10.0197 0 0 0 0.717007 0.697066
419.400000000 58.1641 10.0397 0 0 0 0.717336 0.696728
419.500000000 58.1633 10.0597 0 0 0 0.717664 0.696389
419.600000000 58.1622 10.088 0 0 0 0.718129 0.69591
419.700000000 58.1611 10.1146 0 0 0 0.718567 0.695458
419.800000000 58.1601 10.1396 0 0 0 0.718977 0.695034
419.900000000 58.1589 10.1663 0 0 0 0.719414 0.694582
420.000000000 58.1578 10.1912 0 0 0 0.719823 0.694158
420.100000000 58.1566 10.2179 0 0 0 0.720259 0.693705
420.200000000 58.1554 10.2429 0 0 0 0.720668 0.69328
420.300000000 58.1541 10.2695 0 0 0 0.721104 0.692827
420.400000000 58.1529 10.2945 0 0 0 0.721512 0.692402
420.500000000 58.1515 10.3211 0 0 0 0.721947 0.691948
420.600000000 58.1502 10.3461 0 0 0 0.722355 0.691522
420.700000000 58.1488 10.3727 0 0 0 0.72279 0.691068
420.800000000 58.1475 10.3977 0 0 0 0.723197 0.690642
420.900000000 58.146 10.4243 0 0 0 0.723631 0.690187
421.000000000 58.1446 10.4493 0 0 0 0.723902 0.689903
421.100000000 58.1434 10.4726 0 0 0 0.724155 0.689637
421.200000000 58.1419 10.4992 0 0 0 0.724444 0.689334
421.300000000 58.1405 10.5241 0 0 0 0.724715 0.689049
421.400000000 58.1391 10.5491 0 0 0 0.724985 0.688764
421.500000000 58.1377 10.5724 0 0 0 0.725238 0.688498
421.600000000 58.1364 10.5957 0 0 0 0.72549 0.688232
421.700000000 58.1351 10.6173 0 0 0 0.725725 0.687985
421.800000000 58.1338 10.6389 0 0 0 0.725959 0.687738
421.900000000 58.1326 10.6589 0 0 0 0.726175 0.68751
422.000000000 58.1314 10.6856 0 0 0 0.725742 0.687967
422.100000000 58.1302 10.7122 0 0 0 0.72531 0.688423
422.200000000 58.1292 10.7372 0 0 0 0.724904 0.68885
422.300000000 58.1281 10.7622 0 0 0 0.724497 0.689277
422.400000000 58.1272 10.7855 0 0 0 0.724118 0.689676
422.500000000 58.1263 10.8088 0 0 0 0.723739 0.690074
422.600000000 58.1254 10.8304 0 0 0 0.723386 0.690444
422.700000000 58.1246 10.8521 0 0 0 0.723033 0.690813
422.800000000 58.1239 10.8721 0 0 0 0.722707 0.691154
422.900000000 58.1231 10.8937 0 0 0 0.722354 0.691523
423.000000000 58.1225 10.9137 0 0 0 0.722028 0.691864
423.100000000 58.1217 10.9354 0 0 0 0.721674 0.692233
423.200000000 58.1211 10.9554 0 0 0 0.721348 0.692573
423.300000000 58.1205 10.9754 0 0 0 0.721021 0.692913
423.400000000 58.1199 10.9937 0 0 0 0.720721 0.693225
423.500000000 58.1193 11.0137 0 0 0 0.720394 0.693565
423.600000000 58.1188 11.0337 0 0 0 0.720067 0.693904
423.700000000 58.1183 11.052 0 0 0 0.719767 0.694215
423.800000000 58.1177 11.072 0 0 0 0.71944 0.694555
423.900000000 58.1172 11.0936 0 0 0 0.719085 0.694922
424.000000000 58.1166 11.1153 0 0 0 0.718848 0.695167
424.100000000 58.116 11.1353 0 0 0 0.71863 0.695393
424.200000000 58.1154 11.157 0 0 0 0.718393 0.695637
424.300000000 58.1148 11.1803 0 0 0 0.718138 0.695901
424.400000000 58.1143 11.2019 0 0 0 0.717901 0.696145
424.500000000 58.1138 11.2236 0 0 0 0.717664 0.69639
424.600000000 58.1132 11.2453 0 0 0 0.717427 0.696634
424.700000000 58.1127 11.2686 0 0 0 0.717171 0.696897
424.800000000 58.1122 11.2903 0 0 0 0.716934 0.697141
424.900000000 58.1117 11.3119 0 0 0 0.716697 0.697385
425.000000000 58.1113 11.3336 0 0 0 0.716459 0.697629
425.100000000 58.1109 11.3552 0 0 0 0.716222 0.697873
425.200000000 58.1104 11.3752 0 0 0 0.716112 0.697985
425.300000000 58.1099 11.3969 0 0 0 0.715993 0.698107
425.400000000 58.1094 11.4186 0 0 0 0.715874 0.698229
425.500000000 58.109 11.4402 0 0 0 0.715755 0.698351
425.600000000 58.1085 11.4619 0 0 0 0.715637 0.698473
425.700000000 58.1081 11.4819 0 0 0 0.715527 0.698585
425.800000000 58.1076 11.5035 0 0 0 0.715408 0.698707
425.900000000 58.1072 11.5252 0 0 0 0.715289 0.698829
426.000000000 58.1067 11.5469 0 0 0 0.71517 0.69895
426.100000000 58.1063 11.5669 0 0 0 0.71506 0.699063
426.200000000 58.1059 11.5885 0 0 0 0.714941 0.699184
426.300000000 58.1055 11.6119 0 0 0 0.714813 0.699315
426.400000000 58.1051 11.6335 0 0 0 0.714694 0.699437
426.500000000 58.1046 11.6568 0 0 0 0.714566 0.699568
426.600000000 58.1042 11.6785 0 0 0 0.714447 0.69969
426.700000000 58.1038 11.7018 0 0 0 0.714319 0.699821
426.800000000 58.1035 11.7235 0 0 0 0.7142 0.699942
426.900000000 58.1031 11.7468 0 0 0 0.714071 0.700073
427.000000000 58.1027 11.7685 0 0 0 0.713952 0.700195
427.100000000 58.1023 11.7918 0 0 0 0.713824 0.700325
427.200000000 58.102 11.8135 0 0 0 0.713705 0.700447
427.300000000 58.1016 11.8402 0 0 0 0.713558 0.700596
427.400000000 58.1012 11.8652 0 0 0 0.71342 0.700736
427.500000000 58.1008 11.8901 0 0 0 0.713283 0.700876
427.600000000 58.1004 11.9168 0 0 0 0.713136 0.701026
427.700000000 58.1 11.9435 0 0 0 0.712989 0.701175
427.800000000 58.0997 11.9685 0 0 0 0.712851 0.701315
427.900000000 58.0994 11.9935 0 0 0 0.712714 0.701455
428.000000000 58.0991 12.0168 0 0 0 0.712585 0.701586
428.100000000 58.0988 12.0401 0 0 0 0.712456 0.701716
428.200000000 58.0985 12.0618 0 0 0 0.712337 0.701838
428.300000000 58.0983 12.0835 0 0 0 0.712218 0.701959
428.400000000 58.098 12.1051 0 0 0 0.712098 0.70208
428.500000000 58.0978 12.1268 0 0 0 0.711979 0.702201
428.600000000 58.0976 12.1485 0 0 0 0.711859 0.702322
428.700000000 58.0973 12.1701 0 0 0 0.711739 0.702444
428.800000000 58.0971 12.1968 0 0 0 0.711592 0.702593
428.900000000 58.0968 12.2235 0 0 0 0.711445 0.702742
429.000000000 58.0966 12.2485 0 0 0 0.711307 0.702881
429.100000000 58.0964 12.2735 0 0 0 0.711169 0.703021
429.200000000 58.0962 12.2968 0 0 0 0.71104 0.703151
429.300000000 58.096 12.3201 0 0 0 0.710911 0.703282
429.400000000 58.0958 12.3418 0 0 0 0.710792 0.703403
429.500000000 58.0956 12.3651 0 0 0 0.710663 0.703533
429.600000000 58.0955 12.3868 0 0 0 0.710543 0.703654
429.700000000 58.0954 12.4085 0 0 0 0.710423 0.703775
429.800000000 58.0952 12.4301 0 0 0 0.710303 0.703896
429.900000000 58.0951 12.4518 0 0 0 0.710184 0.704016
430.000000000 58.095 12.4718 0 0 0 0.710073 0.704128
430.100000000 58.0949 12.4935 0 0 0 0.709953 0.704249
430.200000000 58.0948 12.5135 0 0 0 0.709843 0.70436
430.300000000 58.0946 12.5401 0 0 0 0.709695 0.704509
430.400000000 58.0945 12.5668 0 0 0 0.709547 0.704658
430.500000000 58.0944 12.5918 0 0 0 0.709409 0.704797
430.600000000 58.0944 12.6151 0 0 0 0.70928 0.704927
430.700000000 58.0943 12.6385 0 0 0 0.709151 0.705057
430.800000000 58.0942 12.6601 0 0 0 0.709031 0.705178
430.900000000 58.0942 12.6818 0 0 0 0.708911 0.705298
431.000000000 58.0941 12.7035 0 0 0 0.708791 0.705419
431.100000000 58.0941 12.7251 0 0 0 0.708671 0.70554
431.200000000 58.0941 12.7468 0 0 0 0.70855 0.70566
431.300000000 58.094 12.7685 0 0 0 0.70855 0.70566
431.400000000 58.0939 12.7901 0 0 0 0.70855 0.70566
431.500000000 58.0938 12.8118 0 0 0 0.70855 0.70566
431.600000000 58.0937 12.8335 0 0 0 0.70855 0.70566
431.700000000 58.0936 12.8551 0 0 0 0.70855 0.70566
431.800000000 58.0935 12.8768 0 0 0 0.70855 0.70566
431.900000000 58.0935 12.8968 0 0 0 0.70855 0.70566
432.000000000 58.0934 12.9185 0 0 0 0.70855 0.70566
432.100000000 58.0933 12.9418 0 0 0 0.70855 0.70566
432.200000000 58.0932 12.9635 0 0 0 0.70855 0.70566
432.300000000 58.0931 12.9851 0 0 0 0.70855 0.70566
432.400000000 58.093 13.0068 0 0 0 0.70855 0.70566
432.500000000 58.0929 13.0301 0 0 0 0.70855 0.70566
432.600000000 58.0928 13.0518 0 0 0 0.70855 0.70566
432.700000000 58.0927 13.0734 0 0 0 0.70855 0.70566
432.800000000 58.0927 13.0934 0 0 0 0.70855 0.70566
432.900000000 58.0926 13.1151 0 0 0 0.70855 0.70566
433.000000000 58.0925 13.1351 0 0 0 0.70855 0.70566
433.100000000 58.0924 13.1551 0 0 0 0.70855 0.70566
433.200000000 58.0923 13.1784 0 0 0 0.70855 0.70566
433.300000000 58.0922 13.2001 0 0 0 0.70855 0.70566
433.400000000 58.0921 13.2218 0 0 0 0.70855 0.70566
433.500000000 58.092 13.2434 0 0 0 0.70855 0.70566
433.600000000 58.092 13.2651 0 0 0 0.70855 0.70566
433.700000000 58.0919 13.2851 0 0 0 0.70855 0.70566
433.800000000 58.0918 13.3068 0 0 0 0.70855 0.70566
433.900000000 58.0917 13.3268 0 0 0 0.70855 0.70566
434.000000000 58.0916 13.3484 0 0 0 0.70855 0.70566
434.100000000 58.0915 13.3718 0 0 0 0.70855 0.70566
434.200000000 58.0914 13.3934 0 0 0 0.70855 0.70566
434.300000000 58.0913 13.4168 0 0 0 0.70855 0.70566
434.400000000 58.0912 13.4384 0 0 0 0.70855 0.70566
434.500000000 58.0912 13.4601 0 0 0 0.70855 0.70566
434.600000000 58.0911 13.4818 0 0 0 0.70855 0.70566
434.700000000 58.091 13.5034 0 0 0 0.70855 0.70566
434.800000000 58.0909 13.5251 0 0 0 0.70855 0.70566
434.900000000 58.0908 13.5468 0 0 0 0.70855 0.70566
435.000000000 58.0907 13.5668 0 0 0 0.70855 0.70566
435.100000000 58.0906 13.5868 0 0 0 0.70855 0.70566
435.200000000 58.0905 13.6101 0 0 0 0.70855 0.70566
435.300000000 58.0905 13.6318 0 0 0 0.70855 0.70566
435.400000000 58.0904 13.6534 0 0 0 0.70855 0.70566
435.500000000 58.0903 13.6751 0 0 0 0.70855 0.70566
435.600000000 58.0902 13.6968 0 0 0 0.70855 0.70566
435.700000000 58.0901 13.7168 0 0 0 0.70855 0.70566
435.800000000 58.09 13.7384 0 0 0 0.70855 0.70566
435.900000000 58.0899 13.7584 0 0 0 0.70855 0.70566
436.000000000 58.0899 13.7801 0 0 0 0.70855 0.70566
436.100000000 58.0898 13.8018 0 0 0 0.70855 0.70566
436.200000000 58.0897 13.8234 0 0 0 0.70855 0.70566
436.300000000 58.0896 13.8451 0 0 0 0.70855 0.70566
436.400000000 58.0895 13.8668 0 0 0 0.70855 0.70566
436.500000000 58.0894 13.8884 0 0 0 0.70855 0.70566
436.600000000 58.0893 13.9101 0 0 0 0.70855 0.70566
436.700000000 58.0892 13.9334 0 0 0 0.70855 0.70566
436.800000000 58.0891 13.9551 0 0 0 0.70855 0.70566
436.900000000 58.089 13.9768 0 0 0 0.70855 0.70566
437.000000000 58.089 13.9968 0 0 0 0.70855 0.70566
437.100000000 58.0889 14.0168 0 0 0 0.70855 0.70566
437.200000000 58.0888 14.0401 0 0 0 0.70855 0.70566
437.300000000 58.089 14.0618 0 0 0 0.708069 0.706143
437.400000000 58.0893 14.0834 0 0 0 0.707467 0.706746
437.500000000 58.0896 14.1051 0 0 0 0.706864 0.707349
437.600000000 58.0899 14.1268 0 0 0 0.706261 0.707952
437.700000000 58.0903 14.1484 0 0 0 0.705657 0.708554
437.800000000 58.0908 14.1701 0 0 0 0.705053 0.709155
437.900000000 58.0912 14.1901 0 0 0 0.704494 0.70971
438.000000000 58.0916 14.2118 0 0 0 0.70401 0.71019
438.100000000 58.092 14.2318 0 0 0 0.703563 0.710632
438.200000000 58.0925 14.2534 0 0 0 0.703079 0.711112
438.300000000 58.093 14.2751 0 0 0 0.702594 0.711591
438.400000000 58.0936 14.2968 0 0 0 0.702109 0.71207
438.500000000 58.0942 14.3201 0 0 0 0.701586 0.712585
438.600000000 58.0948 14.3417 0 0 0 0.7011 0.713063
438.700000000 58.0955 14.3634 0 0 0 0.700614 0.71354
438.800000000 58.0961 14.3851 0 0 0 0.700128 0.714018
438.900000000 58.0968 14.4067 0 0 0 0.699641 0.714495
439.000000000 58.0978 14.4284 0 0 0 0.698786 0.715331
439.100000000 58.0988 14.45 0 0 0 0.69793 0.716166
439.200000000 58.0998 14.47 0 0 0 0.697024 0.717047
439.300000000 58.1007 14.4916 0 0 0 0.696413 0.717641
439.400000000 58.1017 14.5133 0 0 0 0.695924 0.718116
439.500000000 58.1026 14.5333 0 0 0 0.695358 0.718663
439.600000000 58.1035 14.5549 0 0 0 0.694991 0.719019
439.700000000 58.1044 14.5749 0 0 0 0.694652 0.719346
439.800000000 58.1079 14.6498 0 0 0 0.69303 0.720909
439.900000000 58.1115 14.7247 0 0 0 0.691931 0.721964
440.000000000 58.1153 14.7996 0 0 0 0.69083 0.723017
440.100000000 58.1193 14.8745 0 0 0 0.689728 0.724068
440.200000000 58.1235 14.9494 0 0 0 0.688624 0.725118
440.300000000 58.128 15.0243 0 0 0 0.687519 0.726167
440.400000000 58.1327 15.0991 0 0 0 0.686412 0.727213
440.500000000 58.1376 15.174 0 0 0 0.685303 0.728258
440.600000000 58.1428 15.2488 0 0 0 0.684193 0.729301
440.700000000 58.1482 15.3236 0 0 0 0.683081 0.730343
440.800000000 58.1538 15.3984 0 0 0 0.681968 0.731382
440.900000000 58.1597 15.4732 0 0 0 0.680853 0.73242
441.000000000 58.1669 15.5478 0 0 0 0.677683 0.735354
441.100000000 58.1744 15.6225 0 0 0 0.674996 0.737821
441.200000000 58.1811 15.6972 0 0 0 0.674996 0.737821
441.300000000 58.188 15.7718 0 0 0 0.674426 0.738343
441.400000000 58.1965 15.8464 0 0 0 0.671231 0.741248
441.500000000 58.2057 15.9208 0 0 0 0.668024 0.74414
441.600000000 58.2152 15.9952 0 0 0 0.665305 0.746572
441.700000000 58.2255 16.0695 0 0 0 0.662075 0.749438
441.800000000 58.2359 16.1438 0 0 0 0.659854 0.751394
441.900000000 58.2473 16.218 0 0 0 0.656603 0.754236
442.000000000 58.2591 16.292 0 0 0 0.653847 0.756626
442.100000000 58.2711 16.3661 0 0 0 0.651605 0.758558
442.200000000 58.2844 16.4399 0 0 0 0.647826 0.761788
442.300000000 58.2965 16.5139 0 0 0 0.647826 0.761788
442.400000000 58.3107 16.5876 0 0 0 0.643544 0.765409
442.500000000 58.3287 16.6543 0 0 0 0.631562 0.775325
442.600000000 58.3487 16.7186 0 0 0 0.61873 0.785603
442.700000000 58.3708 16.7831 0 0 0 0.606083 0.795402
442.800000000 58.3949 16.8459 0 0 0 0.592924 0.805258
442.900000000 58.4211 16.908 0 0 0 0.579606 0.814897
443.000000000 58.4493 16.9691 0 0 0 0.566131 0.824315
443.100000000 58.4785 17.0382 0 0 0 0.560985 0.827826
443.200000000 58.5095 17.098 0 0 0 0.5473 0.836937
443.300000000 58.5405 17.1484 0 0 0 0.529913 0.848052
443.400000000 58.5751 17.2031 0 0 0 0.514788 0.857317
443.500000000 58.6116 17.2566 0 0 0 0.499502 0.866313
443.600000000 58.65 17.3088 0 0 0 0.484059 0.875036
443.700000000 58.6903 17.3596 0 0 0 0.468463 0.883483
443.800000000 58.7323 17.4089 0 0 0 0.45272 0.891653
443.900000000 58.776 17.4567 0 0 0 0.436834 0.899542
444.000000000 58.8139 17.4882 0 0 0 0.413497 0.910506
444.100000000 58.8449 17.503 0 0 0 0.382306 0.924036
444.200000000 58.8648 17.4978 0 0 0 0.340923 0.940091
444.300000000 58.8842 17.4909 0 0 0 0.298868 0.954294
444.400000000 58.9019 17.4814 0 0 0 0.255609 0.96678
444.500000000 58.9187 17.4702 0 0 0 0.211832 0.977306
444.600000000 58.9345 17.4576 0 0 0 0.167625 0.985851
444.700000000 58.9479 17.443 0 0 0 0.12243 0.992477
444.800000000 58.9599 17.4272 0 0 0 0.0769802 0.997033
444.900000000 58.9704 17.4104 0 0 0 0.0313695 0.999508
445.000000000 58.9793 17.3926 0 0 0 -0.0143067 0.999898
445.100000000 58.9866 17.3742 0 0 0 -0.059953 0.998201
445.200000000 58.9922 17.3551 0 0 0 -0.105474 0.994422
445.300000000 58.9886 17.3358 0 0 0 -0.154279 0.988027
445.400000000 58.9832 17.3169 0 0 0 -0.20271 0.979239
445.500000000 58.9759 17.2986 0 0 0 -0.250649 0.968078
445.600000000 58.9669 17.2811 0 0 0 -0.297982 0.954572
445.700000000 58.9562 17.2646 0 0 0 -0.344592 0.938753
445.800000000 58.9439 17.2493 0 0 0 -0.390368 0.920659
445.900000000 58.9302 17.2352 0 0 0 -0.435197 0.900335
446.000000000 58.9151 17.2225 0 0 0 -0.478973 0.87783
446.100000000 58.8989 17.2114 0 0 0 -0.521588 0.853198
446.200000000 58.8817 17.2019 0 0 0 -0.562939 0.826498
446.300000000 58.8636 17.1942 0 0 0 -0.602927 0.797797
446.400000000 58.8448 17.1883 0 0 0 -0.641453 0.767162
446.500000000 58.8256 17.1842 0 0 0 -0.678426 0.734669
446.600000000 58.806 17.1821 0 0 0 -0.713755 0.700396
446.700000000 58.7864 17.1819 0 0 0 -0.747354 0.664426
446.800000000 58.7668 17.1836 0 0 0 -0.779143 0.626846
446.900000000 58.7474 17.1872 0 0 0 -0.809044 0.587748
447.000000000 58.7286 17.1928 0 0 0 -0.836985 0.547225
447.100000000 58.7103 17.2001 0 0 0 -0.862899 0.505377
447.200000000 58.6929 17.2092 0 0 0 0.886721 -0.462304
447.300000000 58.6765 17.22 0 0 0 0.908396 -0.418111
447.400000000 58.6611 17.2324 0 0 0 0.927869 -0.372906
447.500000000 58.6471 17.2462 0 0 0 0.945095 -0.326796
447.600000000 58.6345 17.2613 0 0 0 0.960031 -0.279895
447.700000000 58.6235 17.2775 0 0 0 0.97264 -0.232316
447.800000000 58.6141 17.2948 0 0 0 0.982894 -0.184174
447.900000000 58.5872 17.3007 0 0 0 0.989216 -0.146466
448.000000000 58.5599 17.3082 0 0 0 0.994037 -0.10904
448.100000000 58.5332 17.3178 0 0 0 0.997444 -0.0714577
448.200000000 58.5073 17.3293 0 0 0 0.999429 -0.0337741
448.300000000 58.4824 17.3427 0 0 0 0.999992 0.00395758
448.400000000 58.4586 17.358 0 0 0 0.999131 0.0416836
448.500000000 58.436 17.375 0 0 0 0.996847 0.0793504
448.600000000 58.4147 17.3937 0 0 0 0.993143 0.116904
448.700000000 58.3949 17.4139 0 0 0 0.988025 0.154291
448.800000000 58.3767 17.4356 0 0 0 0.981501 0.191459
448.900000000 58.3602 17.4586 0 0 0 0.973578 0.228354
449.000000000 58.3279 17.4875 0 0 0 0.966558 0.256448
449.100000000 58.2819 17.5234 0 0 0 0.960949 0.276727
449.200000000 58.2304 17.564 0 0 0 0.956015 0.293318
449.300000000 58.1794 17.6067 0 0 0 0.950929 0.30941
449.400000000 58.1299 17.651 0 0 0 0.945572 0.325414
449.500000000 58.0819 17.6971 0 0 0 0.939945 0.341325
449.600000000 58.0355 17.7447 0 0 0 0.934051 0.357139
449.700000000 57.9908 17.7938 0 0 0 0.927891 0.372852
449.800000000 57.9477 17.8445 0 0 0 0.921466 0.388458
449.900000000 57.9064 17.8965 0 0 0 0.91478 0.403953
450.000000000 57.8579 17.9538 0 0 0 0.911997 0.410198
450.100000000 57.8076 18.0095 0 0 0 0.91262 0.408808
450.200000000 57.757 18.0648 0 0 0 0.913539 0.406752
450.300000000 57.706 18.1198 0 0 0 0.914738 0.404046
450.400000000 57.6546 18.1744 0 0 0 0.91593 0.401337
450.500000000 57.6029 18.2288 0 0 0 0.917114 0.398625
450.600000000 57.5509 18.2828 0 0 0 0.91826 0.395979
450.700000000 57.4986 18.3366 0 0 0 0.919377 0.393377
450.800000000 57.446 18.3901 0 0 0 0.920446 0.390869
450.900000000 57.3932 18.4433 0 0 0 0.921468 0.388455
451.000000000 57.3401 18.4963 0 0 0 0.922462 0.386087
451.100000000 57.2867 18.549 0 0 0 0.923411 0.383812
451.200000000 57.2322 18.5957 0 0 0 0.928761 0.370679
451.300000000 57.1791 18.6371 0 0 0 0.934729 0.35536
451.400000000 57.1247 18.6767 0 0 0 0.940445 0.339945
451.500000000 57.0689 18.7145 0 0 0 0.945907 0.324439
451.600000000 57.012 18.7504 0 0 0 0.951113 0.308844
451.700000000 56.9539 18.7845 0 0 0 0.956061 0.293166
451.800000000 56.8947 18.8166 0 0 0 0.960752 0.277409
451.900000000 56.8345 18.8467 0 0 0 0.965183 0.261577
452.000000000 56.7766 18.8729 0 0 0 0.969432 0.245358
452.100000000 56.7209 18.8958 0 0 0 0.973207 0.229929
452.200000000 56.666 18.9163 0 0 0 0.976642 0.214873
452.300000000 56.6121 18.9346 0 0 0 0.979755 0.200198
452.400000000 56.5594 18.9508 0 0 0 0.982566 0.185912
452.500000000 56.4961 18.9682 0 0 0 0.985637 0.168878
452.600000000 56.4322 18.9834 0 0 0 0.988412 0.151793
452.700000000 56.3679 18.9964 0 0 0 0.990892 0.134662
452.800000000 56.3032 19.0071 0 0 0 0.993074 0.117492
452.900000000 56.2586 19.0143 0 0 0 0.994037 0.109044
453.000000000 56.214 19.0209 0 0 0 0.994888 0.100989
453.100000000 56.1693 19.0268 0 0 0 0.995673 0.0929265
453.200000000 56.1262 19.0317 0 0 0 0.996368 0.085157
453.300000000 56.0813 19.0362 0 0 0 0.997025 0.0770832
453.400000000 56.038 19.0397 0 0 0 0.997596 0.0693037
453.500000000 55.9645 19.0447 0 0 0 0.998425 0.056094
453.600000000 55.891 19.0476 0 0 0 0.99908 0.0428744
453.700000000 55.8173 19.0486 0 0 0 0.99956 0.0296473
453.800000000 55.7437 19.0477 0 0 0 0.999865 0.016415
453.900000000 55.6686 19.0455 0 0 0 0.999989 0.00465254
454.000000000 55.5936 19.0425 0 0 0 0.99999 -0.00448195
454.100000000 55.5187 19.0384 0 0 0 0.999915 -0.0130597
454.200000000 55.4438 19.033 0 0 0 0.999766 -0.0216364
454.300000000 55.3691 19.0263 0 0 0 0.999544 -0.0302116
454.400000000 55.2944 19.0184 0 0 0 0.999248 -0.0387845
454.500000000 55.22 19.0092 0 0 0 0.998878 -0.0473546
454.600000000 55.1457 18.9987 0 0 0 0.998435 -0.0559212
454.700000000 55.0715 18.9869 0 0 0 0.997919 -0.0644837
454.800000000 54.9976 18.9738 0 0 0 0.997329 -0.0730414
454.900000000 54.9235 18.9623 0 0 0 0.997216 -0.0745607
455.000000000 54.8494 18.9508 0 0 0 0.997159 -0.0753318
455.100000000 54.7753 18.9393 0 0 0 0.9971 -0.0761029
455.200000000 54.7012 18.9276 0 0 0 0.997041 -0.076874
455.300000000 54.6272 18.9158 0 0 0 0.996981 -0.077645
455.400000000 54.5531 18.9039 0 0 0 0.996921 -0.0784159
455.500000000 54.4791 18.8918 0 0 0 0.99686 -0.0791869
455.600000000 54.4051 18.8797 0 0 0 0.996798 -0.0799577
455.700000000 54.3311 18.8674 0 0 0 0.996736 -0.0807285
455.800000000 54.2571 18.855 0 0 0 0.996673 -0.0814993
455.900000000 54.1831 18.8425 0 0 0 0.99661 -0.08227
456.000000000 54.1089 18.8317 0 0 0 0.996904 -0.0786339
456.100000000 54.0346 18.8216 0 0 0 0.997223 -0.0744711
456.200000000 53.9602 18.812 0 0 0 0.997514 -0.0704643
456.300000000 53.8857 18.803 0 0 0 0.997779 -0.0666135
456.400000000 53.8112 18.7945 0 0 0 0.998019 -0.0629189
456.500000000 53.7366 18.7865 0 0 0 0.99824 -0.0593021
456.600000000 53.6636 18.7792 0 0 0 0.99844 -0.0558418
456.700000000 53.5923 18.7726 0 0 0 0.998623 -0.0524596
456.800000000 53.5242 18.7667 0 0 0 0.998787 -0.049234
456.900000000 53.4577 18.7614 0 0 0 0.998937 -0.0460867
457.000000000 53.3929 18.7567 0 0 0 0.999074 -0.0430176
457.100000000 53.3314 18.7525 0 0 0 0.999195 -0.0401055
457.200000000 53.2715 18.7488 0 0 0 0.999305 -0.0372718
457.300000000 53.2132 18.7456 0 0 0 0.999404 -0.0345165
457.400000000 53.1566 18.7427 0 0 0 0.999493 -0.0318397
457.500000000 53.1017 18.7403 0 0 0 0.999572 -0.0292414
457.600000000 53.0484 18.7382 0 0 0 0.999643 -0.0267216
457.700000000 52.9967 18.7364 0 0 0 0.999705 -0.0242805
457.800000000 52.9467 18.7349 0 0 0 0.99976 -0.0219179
457.900000000 52.8984 18.7337 0 0 0 0.999807 -0.019634
458.000000000 52.8567 18.733 0 0 0 0.99985 -0.0173343
458.100000000 52.8167 18.7325 0 0 0 0.999886 -0.0151266
458.200000000 52.7784 18.7322 0 0 0 0.999915 -0.0130108
458.300000000 52.7417 18.732 0 0 0 0.99994 -0.0109869
458.400000000 52.7051 18.732 0 0 0 0.99996 -0.00896301
458.500000000 52.67 18.7322 0 0 0 0.999975 -0.00703105
458.600000000 52.6367 18.7324 0 0 0 0.999987 -0.00519107
458.700000000 52.6034 18.7328 0 0 0 0.999994 -0.00335107
458.800000000 52.5717 18.7333 0 0 0 0.999999 -0.00160306
458.900000000 52.5367 18.7338 0 0 0 1 -0.000225777
459.000000000 52.5034 18.7343 0 0 0 0.999999 0.00108592
459.100000000 52.47 18.7349 0 0 0 0.999997 0.00239761
459.200000000 52.4384 18.7355 0 0 0 0.999993 0.00364372
459.300000000 52.4084 18.7362 0 0 0 0.999988 0.00482423
459.400000000 52.3784 18.737 0 0 0 0.999982 0.00600474
459.500000000 52.3501 18.7378 0 0 0 0.999975 0.00711966
459.600000000 52.3217 18.7386 0 0 0 0.999966 0.00823456
459.700000000 52.2951 18.7395 0 0 0 0.999957 0.00928388
459.800000000 52.2701 18.7403 0 0 0 0.999947 0.0102676
459.900000000 52.2451 18.7412 0 0 0 0.999937 0.0112513
460.000000000 52.2184 18.7421 0 0 0 0.999929 0.0118801
460.100000000 52.1918 18.743 0 0 0 0.999922 0.0125088
460.200000000 52.1668 18.7438 0 0 0 0.999914 0.0130982
460.300000000 52.1418 18.7447 0 0 0 0.999906 0.0136877
460.400000000 52.1185 18.7456 0 0 0 0.999899 0.0142378
460.500000000 52.0952 18.7465 0 0 0 0.999891 0.0147879
460.600000000 52.0735 18.7473 0 0 0 0.999883 0.0152988
460.700000000 52.0519 18.7482 0 0 0 0.999875 0.0158096
460.800000000 52.0319 18.749 0 0 0 0.999867 0.0162811
460.900000000 52.0103 18.7499 0 0 0 0.999859 0.0167919
461.000000000 51.9903 18.7507 0 0 0 0.999854 0.0171061
461.100000000 51.9703 18.7515 0 0 0 0.999848 0.0174204
461.200000000 51.952 18.7523 0 0 0 0.999843 0.0177084
461.300000000 51.932 18.7531 0 0 0 0.999838 0.0180226
461.400000000 51.912 18.7539 0 0 0 0.999832 0.0183368
461.500000000 51.892 18.7548 0 0 0 0.999826 0.018651
461.600000000 51.872 18.7557 0 0 0 0.99982 0.0189652
461.700000000 51.8521 18.7566 0 0 0 0.999814 0.0192794
461.800000000 51.8321 18.7574 0 0 0 0.999808 0.0195936
461.900000000 51.8138 18.7583 0 0 0 0.999802 0.0198817
462.000000000 51.7938 18.7592 0 0 0 0.999796 0.0201959
462.100000000 51.7738 18.7601 0 0 0 0.99979 0.0205101
462.200000000 51.7538 18.7611 0 0 0 0.999783 0.0208242
462.300000000 51.7339 18.762 0 0 0 0.999777 0.0211384
462.400000000 51.7006 18.7637 0 0 0 0.999765 0.0216621
462.500000000 51.6673 18.7653 0 0 0 0.999754 0.0221857
462.600000000 51.634 18.767 0 0 0 0.999742 0.0227094
462.700000000 51.6023 18.7686 0 0 0 0.999731 0.0232068
462.800000000 51.5707 18.7703 0 0 0 0.999719 0.0237043
462.900000000 51.5374 18.7721 0 0 0 0.999706 0.0242279
463.000000000 51.5058 18.7738 0 0 0 0.999694 0.0247253
463.100000000 51.4759 18.7755 0 0 0 0.999683 0.0251966
463.200000000 51.4459 18.7772 0 0 0 0.999671 0.0256678
463.300000000 51.4159 18.7785 0 0 0 0.999688 0.0249607
463.400000000 51.3826 18.7798 0 0 0 0.999708 0.0241749
463.500000000 51.351 18.781 0 0 0 0.999726 0.0234284
463.600000000 51.3193 18.7822 0 0 0 0.999743 0.022682
463.700000000 51.2844 18.7835 0 0 0 0.999761 0.0218569
463.800000000 51.251 18.7846 0 0 0 0.999778 0.0210711
463.900000000 51.2194 18.7857 0 0 0 0.999793 0.0203246
464.000000000 51.1444 18.7857 0 0 0 0.999917 0.0128959
464.100000000 51.0693 18.7845 0 0 0 0.999988 0.00488623
464.200000000 50.9943 18.782 0 0 0 0.999995 -0.00312377
464.300000000 50.9194 18.7783 0 0 0 0.999938 -0.0111336
464.400000000 50.8445 18.7735 0 0 0 0.999817 -0.0191426
464.500000000 50.7697 18.7674 0 0 0 0.999631 -0.0271505
464.600000000 50.695 18.7601 0 0 0 0.999382 -0.0351566
464.700000000 50.6204 18.7516 0 0 0 0.999068 -0.0431604
464.800000000 50.546 18.742 0 0 0 0.99869 -0.0511615
464.900000000 50.4718 18.7311 0 0 0 0.998249 -0.0591593
465.000000000 50.3977 18.7191 0 0 0 0.997743 -0.0671533
465.100000000 50.3238 18.7059 0 0 0 0.997173 -0.075143
465.200000000 50.2502 18.6915 0 0 0 0.996539 -0.0831279
465.300000000 50.1878 18.6738 0 0 0 0.994908 -0.100789
465.400000000 50.1346 18.654 0 0 0 0.992469 -0.122494
465.500000000 50.079 18.6317 0 0 0 0.989788 -0.142546
465.600000000 50.0255 18.6074 0 0 0 0.986658 -0.162804
465.700000000 49.9727 18.582 0 0 0 0.983591 -0.180412
465.800000000 49.9223 18.5554 0 0 0 0.980311 -0.197462
465.900000000 49.8741 18.5284 0 0 0 0.977093 -0.212814
466.000000000 49.8282 18.5007 0 0 0 0.973743 -0.227651
466.100000000 49.7846 18.4725 0 0 0 0.970283 -0.241974
466.200000000 49.7413 18.444 0 0 0 0.96727 -0.25375
466.300000000 49.7001 18.4154 0 0 0 0.964218 -0.265112
466.400000000 49.6609 18.3868 0 0 0 0.961141 -0.276059
466.500000000 49.6237 18.3584 0 0 0 0.958052 -0.286596
466.600000000 49.5881 18.3307 0 0 0 0.955461 -0.295119
466.700000000 49.5543 18.3034 0 0 0 0.952894 -0.303304
466.800000000 49.515 18.2645 0 0 0 0.945784 -0.324795
466.900000000 49.4922 18.2313 0 0 0 0.935409 -0.353569
467.000000000 49.4879 18.2062 0 0 0 0.920605 -0.390494
467.100000000 49.4893 18.1836 0 0 0 0.903402 -0.428795
467.200000000 49.5054 18.1717 0 0 0 0.880842 -0.47341
467.300000000 49.5226 18.1615 0 0 0 -0.856081 0.516842
467.400000000 49.5407 18.1531 0 0 0 -0.829179 0.558983
467.500000000 49.5596 18.1466 0 0 0 -0.800206 0.599726
467.600000000 49.5791 18.1419 0 0 0 -0.769232 0.63897
467.700000000 49.5989 18.1392 0 0 0 -0.736335 0.676617
467.800000000 49.6188 18.1385 0 0 0 -0.701598 0.712573
467.900000000 49.6388 18.1398 0 0 0 -0.665108 0.746747
468.000000000 49.6585 18.1431 0 0 0 -0.626955 0.779056
468.100000000 49.6778 18.1484 0 0 0 -0.587235 0.809417
468.200000000 49.6965 18.1555 0 0 0 -0.546047 0.837755
468.300000000 49.7143 18.1645 0 0 0 -0.503494 0.863999
468.400000000 49.7312 18.1752 0 0 0 -0.459683 0.888083
468.500000000 49.7469 18.1876 0 0 0 -0.414723 0.909948
468.600000000 49.7614 18.2014 0 0 0 -0.368726 0.929538
468.700000000 49.7743 18.2166 0 0 0 -0.321808 0.946805
468.800000000 49.7857 18.2331 0 0 0 -0.274085 0.961706
468.900000000 49.7954 18.2506 0 0 0 -0.225677 0.974202
469.000000000 49.8032 18.2689 0 0 0 -0.176705 0.984264
469.100000000 49.8093 18.288 0 0 0 -0.127292 0.991865
469.200000000 49.8133 18.3076 0 0 0 -0.07756 0.996988
469.300000000 49.8154 18.3275 0 0 0 -0.0276345 0.999618
469.400000000 49.8155 18.3475 0 0 0 0.0223601 0.99975
469.500000000 49.8136 18.3674 0 0 0 0.0722989 0.997383
469.600000000 49.8098 18.387 0 0 0 0.122057 0.992523
469.700000000 49.804 18.4061 0 0 0 0.17151 0.985182
469.800000000 49.7963 18.4246 0 0 0 0.220534 0.975379
469.900000000 49.7868 18.4421 0 0 0 0.269007 0.963138
470.000000000 49.7756 18.4587 0 0 0 0.316808 0.94849
470.100000000 49.7628 18.4741 0 0 0 0.363817 0.931471
470.200000000 49.7485 18.4881 0 0 0 0.409916 0.912123
470.300000000 49.7329 18.5006 0 0 0 0.454991 0.890496
470.400000000 49.7162 18.5115 0 0 0 0.498929 0.866643
470.500000000 49.6984 18.5206 0 0 0 0.541619 0.840624
470.600000000 49.6798 18.528 0 0 0 0.582956 0.812504
470.700000000 49.6606 18.5334 0 0 0 0.622836 0.782353
470.800000000 49.6409 18.5369 0 0 0 0.661159 0.750246
470.900000000 49.621 18.5384 0 0 0 0.697829 0.716264
471.000000000 49.6065 18.5628 0 0 0 0.724356 0.689426
471.100000000 49.5921 18.5989 0 0 0 0.745656 0.666331
471.200000000 49.5756 18.6349 0 0 0 0.765952 0.642898
471.300000000 49.5569 18.6698 0 0 0 0.785512 0.618846
471.400000000 49.536 18.7034 0 0 0 0.804317 0.594201
471.500000000 49.5131 18.7357 0 0 0 0.822349 0.568984
471.600000000 49.4883 18.7666 0 0 0 0.83959 0.54322
471.700000000 49.4616 18.7958 0 0 0 0.856025 0.516934
471.800000000 49.4331 18.8233 0 0 0 0.871637 0.490151
471.900000000 49.403 18.849 0 0 0 0.886412 0.462898
472.000000000 49.3663 18.8862 0 0 0 0.896408 0.443229
472.100000000 49.3188 18.9388 0 0 0 0.902803 0.430054
472.200000000 49.2679 18.994 0 0 0 0.907799 0.419405
472.300000000 49.2157 19.048 0 0 0 0.91267 0.408698
472.400000000 49.1623 19.1008 0 0 0 0.917414 0.397934
472.500000000 49.1077 19.1523 0 0 0 0.922032 0.387115
472.600000000 49.0518 19.2025 0 0 0 0.926521 0.376242
472.700000000 48.9948 19.2514 0 0 0 0.930883 0.365318
472.800000000 48.9367 19.2989 0 0 0 0.935116 0.354342
472.900000000 48.8788 19.3441 0 0 0 0.939053 0.343772
473.000000000 48.8213 19.387 0 0 0 0.942786 0.333399
473.100000000 48.7655 19.4266 0 0 0 0.946238 0.323471
473.200000000 48.7064 19.4728 0 0 0 0.945988 0.324203
473.300000000 48.6502 19.5226 0 0 0 0.941941 0.335778
473.400000000 48.5967 19.5732 0 0 0 0.937414 0.348216
473.500000000 48.5445 19.6252 0 0 0 0.932724 0.360592
473.600000000 48.4937 19.6785 0 0 0 0.927869 0.372906
473.700000000 48.4443 19.7332 0 0 0 0.922852 0.385154
473.800000000 48.3964 19.7891 0 0 0 0.917674 0.397335
473.900000000 48.35 19.8463 0 0 0 0.912334 0.409446
474.000000000 48.3118 19.8996 0 0 0 0.905111 0.425175
474.100000000 48.2762 19.9537 0 0 0 0.897428 0.441161
474.200000000 48.2425 20.0091 0 0 0 0.889462 0.457009
474.300000000 48.2107 20.0656 0 0 0 0.881217 0.472712
474.400000000 48.181 20.1231 0 0 0 0.872694 0.488267
474.500000000 48.1534 20.1817 0 0 0 0.863897 0.503668
474.600000000 48.1278 20.2413 0 0 0 0.854828 0.518911
474.700000000 48.1044 20.3017 0 0 0 0.845491 0.53399
474.800000000 48.0831 20.3629 0 0 0 0.835887 0.548902
474.900000000 48.064 20.4248 0 0 0 0.82602 0.563641
475.000000000 48.0457 20.4896 0 0 0 0.816642 0.577144
475.100000000 48.0291 20.5557 0 0 0 0.807304 0.590136
475.200000000 48.0146 20.6224 0 0 0 0.797759 0.602976
475.300000000 48.0022 20.6894 0 0 0 0.78801 0.615662
475.400000000 47.992 20.7569 0 0 0 0.77806 0.62819
475.500000000 47.9839 20.8246 0 0 0 0.76791 0.640558
475.600000000 47.9781 20.8925 0 0 0 0.757563 0.652762
475.700000000 47.9743 20.9606 0 0 0 0.747023 0.664798
475.800000000 47.9728 21.0288 0 0 0 0.736291 0.676665
475.900000000 47.9735 21.097 0 0 0 0.725371 0.688358
476.000000000 47.974 21.1721 0 0 0 0.717577 0.696479
476.100000000 47.9761 21.2471 0 0 0 0.710056 0.704145
476.200000000 47.9796 21.3221 0 0 0 0.702826 0.711362
476.300000000 47.9846 21.397 0 0 0 0.695523 0.718504
476.400000000 47.9911 21.4718 0 0 0 0.688147 0.725571
476.500000000 47.9991 21.5465 0 0 0 0.6807 0.732563
476.600000000 48.0087 21.6209 0 0 0 0.673181 0.739478
476.700000000 48.0198 21.6952 0 0 0 0.665592 0.746316
476.800000000 48.0324 21.7692 0 0 0 0.657934 0.753076
476.900000000 48.0465 21.8429 0 0 0 0.650207 0.759757
477.000000000 48.059 21.9168 0 0 0 0.648495 0.761219
477.100000000 48.0715 21.9908 0 0 0 0.647334 0.762206
477.200000000 48.0839 22.0648 0 0 0 0.646745 0.762707
477.300000000 48.0965 22.1387 0 0 0 0.646155 0.763206
477.400000000 48.1092 22.2126 0 0 0 0.645564 0.763706
477.500000000 48.122 22.2865 0 0 0 0.644974 0.764205
477.600000000 48.1349 22.3604 0 0 0 0.644382 0.764703
477.700000000 48.1479 22.4343 0 0 0 0.643791 0.765202
477.800000000 48.161 22.5081 0 0 0 0.643199 0.765699
477.900000000 48.1743 22.5819 0 0 0 0.642607 0.766196
478.000000000 48.1849 22.6562 0 0 0 0.647247 0.762281
478.100000000 48.1941 22.7273 0 0 0 0.652001 0.758218
478.200000000 48.2022 22.7969 0 0 0 0.656621 0.754221
478.300000000 48.2092 22.8649 0 0 0 0.661106 0.750292
478.400000000 48.2151 22.9296 0 0 0 0.665351 0.74653
478.500000000 48.2202 22.9928 0 0 0 0.669467 0.742842
478.600000000 48.2244 23.0543 0 0 0 0.673455 0.739228
478.700000000 48.2278 23.1126 0 0 0 0.677209 0.735791
478.800000000 48.2306 23.1692 0 0 0 0.680839 0.732433
478.900000000 48.2326 23.2242 0 0 0 0.684347 0.729157
479.000000000 48.2342 23.2775 0 0 0 0.687733 0.725964
479.100000000 48.2352 23.3292 0 0 0 0.690999 0.722856
479.200000000 48.2357 23.3792 0 0 0 0.694146 0.719834
479.300000000 48.2371 23.4392 0 0 0 0.695504 0.718523
479.400000000 48.2384 23.4959 0 0 0 0.696463 0.717593
479.500000000 48.2395 23.5509 0 0 0 0.697393 0.716689
479.600000000 48.2405 23.6042 0 0 0 0.698294 0.715811
479.700000000 48.2413 23.6558 0 0 0 0.699165 0.71496
479.800000000 48.2419 23.7058 0 0 0 0.700008 0.714135
479.900000000 48.2424 23.7542 0 0 0 0.700821 0.713337
480.000000000 48.243 23.8025 0 0 0 0.701363 0.712804
480.100000000 48.2437 23.8575 0 0 0 0.701671 0.712501
480.200000000 48.2443 23.9092 0 0 0 0.70196 0.712217
480.300000000 48.2449 23.9592 0 0 0 0.702239 0.711941
480.400000000 48.2454 24.0075 0 0 0 0.70251 0.711674
480.500000000 48.2459 24.0542 0 0 0 0.70277 0.711417
480.600000000 48.2463 24.0991 0 0 0 0.703022 0.711168
480.700000000 48.2466 24.1425 0 0 0 0.703264 0.710929
480.800000000 48.247 24.1841 0 0 0 0.703497 0.710699
480.900000000 48.2472 24.2258 0 0 0 0.703729 0.710468
481.000000000 48.2475 24.2658 0 0 0 0.703952 0.710247
481.100000000 48.2477 24.3041 0 0 0 0.704166 0.710035
481.200000000 48.2479 24.3408 0 0 0 0.704371 0.709832
481.300000000 48.2481 24.3758 0 0 0 0.704566 0.709639
481.400000000 48.2482 24.4108 0 0 0 0.704761 0.709445
481.500000000 48.2483 24.4441 0 0 0 0.704946 0.709261
481.600000000 48.2484 24.4758 0 0 0 0.705123 0.709085
481.700000000 48.2485 24.5058 0 0 0 0.70529 0.708919
481.800000000 48.2486 24.5358 0 0 0 0.705457 0.708753
481.900000000 48.2486 24.5641 0 0 0 0.705615 0.708596
482.000000000 48.2487 24.5925 0 0 0 0.705615 0.708596
482.100000000 48.2488 24.6191 0 0 0 0.705615 0.708596
482.200000000 48.2489 24.6441 0 0 0 0.705615 0.708596
482.300000000 48.2491 24.6708 0 0 0 0.705615 0.708596
482.400000000 48.2492 24.6958 0 0 0 0.705615 0.708596
482.500000000 48.2493 24.7208 0 0 0 0.705615 0.708596
482.600000000 48.2494 24.7475 0 0 0 0.705615 0.708596
482.700000000 48.2495 24.7741 0 0 0 0.705615 0.708596
482.800000000 48.2496 24.7991 0 0 0 0.705615 0.708596
482.900000000 48.2497 24.8258 0 0 0 0.705615 0.708596
483.000000000 48.2498 24.8508 0 0 0 0.705615 0.708596
483.100000000 48.2499 24.8758 0 0 0 0.705615 0.708596
483.200000000 48.25 24.9025 0 0 0 0.705615 0.708596
483.300000000 48.2501 24.9291 0 0 0 0.705615 0.708596
483.400000000 48.2502 24.9541 0 0 0 0.705615 0.708596
483.500000000 48.2503 24.9775 0 0 0 0.705615 0.708596
483.600000000 48.2505 25.0041 0 0 0 0.705615 0.708596
483.700000000 48.2506 25.0291 0 0 0 0.705615 0.708596
483.800000000 48.2507 25.0558 0 0 0 0.705615 0.708596
483.900000000 48.2508 25.0825 0 0 0 0.705615 0.708596
484.000000000 48.2509 25.1091 0 0 0 0.705615 0.708596
484.100000000 48.251 25.1341 0 0 0 0.705615 0.708596
484.200000000 48.2511 25.1608 0 0 0 0.705615 0.708596
484.300000000 48.2512 25.1858 0 0 0 0.705615 0.708596
484.400000000 48.2513 25.2125 0 0 0 0.705615 0.708596
484.500000000 48.2514 25.2391 0 0 0 0.705615 0.708596
484.600000000 48.2516 25.2641 0 0 0 0.705615 0.708596
484.700000000 48.2517 25.2908 0 0 0 0.705615 0.708596
484.800000000 48.2518 25.3158 0 0 0 0.705615 0.708596
484.900000000 48.2519 25.3425 0 0 0 0.705615 0.708596
485.000000000 48.252 25.3675 0 0 0 0.705615 0.708596
485.100000000 48.2521 25.3925 0 0 0 0.705615 0.708596
485.200000000 48.2522 25.4191 0 0 0 0.705615 0.708596
485.300000000 48.2523 25.4458 0 0 0 0.705615 0.708596
485.400000000 48.2524 25.4708 0 0 0 0.705615 0.708596
485.500000000 48.2525 25.4975 0 0 0 0.705615 0.708596
485.600000000 48.2526 25.5225 0 0 0 0.705615 0.708596
485.700000000 48.2528 25.5491 0 0 0 0.705615 0.708596
485.800000000 48.2529 25.5758 0 0 0 0.705615 0.708596
485.900000000 48.253 25.6008 0 0 0 0.705615 0.708596
486.000000000 48.2531 25.6275 0 0 0 0.705615 0.708596
486.100000000 48.2532 25.6525 0 0 0 0.705615 0.708596
486.200000000 48.2533 25.6791 0 0 0 0.705615 0.708596
486.300000000 48.2534 25.7058 0 0 0 0.705615 0.708596
486.400000000 48.2535 25.7325 0 0 0 0.705615 0.708596
486.500000000 48.2536 25.7591 0 0 0 0.705615 0.708596
486.600000000 48.2538 25.7858 0 0 0 0.705615 0.708596
486.700000000 48.2539 25.8108 0 0 0 0.705615 0.708596
486.800000000 48.254 25.8358 0 0 0 0.705615 0.708596
486.900000000 48.2541 25.8625 0 0 0 0.705615 0.708596
487.000000000 48.2542 25.8875 0 0 0 0.705615 0.708596
487.100000000 48.2543 25.9158 0 0 0 0.705615 0.708596
487.200000000 48.2544 25.9425 0 0 0 0.705615 0.708596
487.300000000 48.2545 25.9708 0 0 0 0.705615 0.708596
487.400000000 48.2546 25.9975 0 0 0 0.705615 0.708596
487.500000000 48.2548 26.0258 0 0 0 0.705615 0.708596
487.600000000 48.2549 26.0525 0 0 0 0.705615 0.708596
487.700000000 48.255 26.0775 0 0 0 0.705615 0.708596
487.800000000 48.2551 26.1025 0 0 0 0.705615 0.708596
487.900000000 48.2552 26.1291 0 0 0 0.705615 0.708596
488.000000000 48.2553 26.1558 0 0 0 0.705615 0.708596
488.100000000 48.2554 26.1825 0 0 0 0.705615 0.708596
488.200000000 48.2555 26.2091 0 0 0 0.705615 0.708596
488.300000000 48.2556 26.2358 0 0 0 0.705615 0.708596
488.400000000 48.2558 26.2625 0 0 0 0.705615 0.708596
488.500000000 48.2559 26.2875 0 0 0 0.705615 0.708596
488.600000000 48.256 26.3125 0 0 0 0.705615 0.708596
488.700000000 48.2561 26.3391 0 0 0 0.705615 0.708596
488.800000000 48.2562 26.3641 0 0 0 0.705615 0.708596
488.900000000 48.2563 26.3891 0 0 0 0.705615 0.708596
489.000000000 48.2564 26.4158 0 0 0 0.705615 0.708596
489.100000000 48.2565 26.4441 0 0 0 0.705615 0.708596
489.200000000 48.2566 26.4708 0 0 0 0.705615 0.708596
489.300000000 48.2568 26.4975 0 0 0 0.705615 0.708596
489.400000000 48.2569 26.5225 0 0 0 0.705615 0.708596
489.500000000 48.257 26.5475 0 0 0 0.705615 0.708596
489.600000000 48.2571 26.5725 0 0 0 0.705615 0.708596
489.700000000 48.2572 26.5991 0 0 0 0.705615 0.708596
489.800000000 48.2573 26.6258 0 0 0 0.705615 0.708596
489.900000000 48.2574 26.6525 0 0 0 0.705615 0.708596
490.000000000 48.2575 26.6791 0 0 0 0.705615 0.708596
490.100000000 48.2576 26.7058 0 0 0 0.705615 0.708596
490.200000000 48.2577 26.7325 0 0 0 0.705615 0.708596
490.300000000 48.2579 26.7591 0 0 0 0.705615 0.708596
490.400000000 48.258 26.7858 0 0 0 0.705615 0.708596
490.500000000 48.2581 26.8125 0 0 0 0.705615 0.708596
490.600000000 48.2582 26.8375 0 0 0 0.705615 0.708596
490.700000000 48.2583 26.8641 0 0 0 0.705615 0.708596
490.800000000 48.2584 26.8891 0 0 0 0.705615 0.708596
490.900000000 48.2585 26.9141 0 0 0 0.705615 0.708596
491.000000000 48.2586 26.9408 0 0 0 0.705615 0.708596
491.100000000 48.2587 26.9675 0 0 0 0.705615 0.708596
491.200000000 48.2588 26.9941 0 0 0 0.705615 0.708596
491.300000000 48.259 27.0208 0 0 0 0.705615 0.708596
491.400000000 48.2591 27.0458 0 0 0 0.705615 0.708596
491.500000000 48.2592 27.0725 0 0 0 0.705615 0.708596
491.600000000 48.2593 27.0975 0 0 0 0.705615 0.708596
491.700000000 48.2594 27.1308 0 0 0 0.705615 0.708596
491.800000000 48.2596 27.1641 0 0 0 0.705615 0.708596
491.900000000 48.2597 27.1975 0 0 0 0.705615 0.708596
492.000000000 48.2598 27.2291 0 0 0 0.705615 0.708596
492.100000000 48.26 27.2641 0 0 0 0.705615 0.708596
492.200000000 48.2601 27.2975 0 0 0 0.705615 0.708596
492.300000000 48.2603 27.3291 0 0 0 0.705615 0.708596
492.400000000 48.2604 27.3608 0 0 0 0.705615 0.708596
492.500000000 48.2605 27.3941 0 0 0 0.705615 0.708596
492.600000000 48.2607 27.4258 0 0 0 0.705615 0.708596
492.700000000 48.2608 27.4575 0 0 0 0.705615 0.708596
492.800000000 48.2609 27.4908 0 0 0 0.705615 0.708596
492.900000000 48.2611 27.5225 0 0 0 0.705615 0.708596
493.000000000 48.2612 27.5541 0 0 0 0.705615 0.708596
493.100000000 48.2613 27.5875 0 0 0 0.705615 0.708596
493.200000000 48.2615 27.6191 0 0 0 0.705615 0.708596
493.300000000 48.2616 27.6491 0 0 0 0.705615 0.708596
493.400000000 48.2617 27.6825 0 0 0 0.705615 0.708596
493.500000000 48.2619 27.7158 0 0 0 0.705615 0.708596
493.600000000 48.262 27.7474 0 0 0 0.705615 0.708596
493.700000000 48.2622 27.7808 0 0 0 0.705615 0.708596
493.800000000 48.2623 27.8124 0 0 0 0.705615 0.708596
493.900000000 48.2624 27.8424 0 0 0 0.705615 0.708596
494.000000000 48.2626 27.8758 0 0 0 0.705615 0.708596
494.100000000 48.2627 27.9091 0 0 0 0.705615 0.708596
494.200000000 48.2642 27.9841 0 0 0 0.703514 0.710681
494.300000000 48.2659 28.0591 0 0 0 0.701912 0.712263
494.400000000 48.2681 28.1341 0 0 0 0.699801 0.714337
494.500000000 48.2706 28.209 0 0 0 0.698191 0.715911
494.600000000 48.2757 28.2839 0 0 0 0.692434 0.721481
494.700000000 48.2822 28.3587 0 0 0 0.68622 0.727394
494.800000000 48.29 28.4333 0 0 0 0.679955 0.733254
494.900000000 48.299 28.5078 0 0 0 0.67364 0.739059
495.000000000 48.312 28.5713 0 0 0 0.660426 0.750891
495.100000000 48.3274 28.6334 0 0 0 0.646682 0.76276
495.200000000 48.3448 28.7002 0 0 0 0.63474 0.772725
495.300000000 48.364 28.7677 0 0 0 0.623472 0.781846
495.400000000 48.3847 28.833 0 0 0 0.612345 0.790591
495.500000000 48.4068 28.8978 0 0 0 0.602087 0.798431
495.600000000 48.4319 28.9641 0 0 0 0.59033 0.807162
495.700000000 48.4558 29.0246 0 0 0 0.581312 0.813681
495.800000000 48.481 29.0846 0 0 0 0.572222 0.820099
495.900000000 48.5115 29.1533 0 0 0 0.562124 0.827053
496.000000000 48.5436 29.2211 0 0 0 0.55194 0.833884
496.100000000 48.5774 29.2882 0 0 0 0.541674 0.840589
496.200000000 48.6128 29.3539 0 0 0 0.530911 0.847428
496.300000000 48.6499 29.4186 0 0 0 0.520061 0.854129
496.400000000 48.6886 29.4824 0 0 0 0.509127 0.860692
496.500000000 48.729 29.5457 0 0 0 0.498535 0.86687
496.600000000 48.7709 29.608 0 0 0 0.487868 0.872917
496.700000000 48.8144 29.6693 0 0 0 0.477128 0.878834
496.800000000 48.8592 29.7289 0 0 0 0.465882 0.884847
496.900000000 48.9055 29.7874 0 0 0 0.454561 0.890716
497.000000000 48.9524 29.846 0 0 0 0.446405 0.894831
497.100000000 49.0003 29.9038 0 0 0 0.438713 0.898627
497.200000000 49.0491 29.9608 0 0 0 0.430989 0.902357
497.300000000 49.0989 30.017 0 0 0 0.423232 0.906021
497.400000000 49.1496 30.0722 0 0 0 0.415445 0.909618
497.500000000 49.2013 30.1267 0 0 0 0.407627 0.913148
497.600000000 49.2539 30.1802 0 0 0 0.399779 0.916611
497.700000000 49.3074 30.2328 0 0 0 0.391902 0.920007
497.800000000 49.3619 30.2845 0 0 0 0.383996 0.923335
497.900000000 49.4172 30.3352 0 0 0 0.376061 0.926595
498.000000000 49.4733 30.385 0 0 0 0.368099 0.929787
498.100000000 49.5303 30.4338 0 0 0 0.36011 0.93291
498.200000000 49.5881 30.4817 0 0 0 0.352094 0.935965
498.300000000 49.6476 30.5275 0 0 0 0.34106 0.940042
498.400000000 49.7081 30.572 0 0 0 0.329979 0.943988
498.500000000 49.7697 30.615 0 0 0 0.318852 0.947805
498.600000000 49.8322 30.6565 0 0 0 0.307681 0.95149
498.700000000 49.8958 30.6966 0 0 0 0.296467 0.955043
498.800000000 49.9602 30.7351 0 0 0 0.285213 0.958464
498.900000000 50.0255 30.7722 0 0 0 0.273919 0.961753
499.000000000 50.0866 30.8025 0 0 0 0.258497 0.966012
499.100000000 50.1479 30.8303 0 0 0 0.242581 0.970131
499.200000000 50.2101 30.856 0 0 0 0.226599 0.973988
499.300000000 50.2732 30.8797 0 0 0 0.210556 0.977582
499.400000000 50.337 30.9013 0 0 0 0.194457 0.980911
499.500000000 50.4014 30.9208 0 0 0 0.178304 0.983975
499.600000000 50.4665 30.9381 0 0 0 0.162104 0.986774
499.700000000 50.5321 30.9534 0 0 0 0.145859 0.989305
499.800000000 50.5981 30.9664 0 0 0 0.129576 0.99157
499.900000000 50.6646 30.9773 0 0 0 0.113257 0.993566
500.000000000 50.7356 30.9878 0 0 0 0.0991557 0.995072
500.100000000 50.8077 30.9968 0 0 0 0.0855023 0.996338
500.200000000 50.8801 31.0037 0 0 0 0.0718329 0.997417
500.300000000 50.9536 31.009 0 0 0 0.0586253 0.99828
500.400000000 51.0271 31.0123 0 0 0 0.0454074 0.998969
500.500000000 51.1008 31.0137 0 0 0 0.0321816 0.999482
500.600000000 51.1744 31.0132 0 0 0 0.0189501 0.99982
500.700000000 51.248 31.0107 0 0 0 0.00571531 0.999984
500.800000000 51.3215 31.0062 0 0 0 -0.00752048 0.999972
500.900000000 51.3949 30.9998 0 0 0 -0.020755 0.999785
501.000000000 51.4681 30.9915 0 0 0 -0.0339858 0.999422
501.100000000 51.541 30.9812 0 0 0 -0.0472107 0.998885
501.200000000 51.6136 30.969 0 0 0 -0.0604273 0.998173
501.300000000 51.6859 30.9549 0 0 0 -0.0736333 0.997285
501.400000000 51.7578 30.9389 0 0 0 -0.0868264 0.996223
501.500000000 51.8283 30.9209 0 0 0 -0.100478 0.994939
501.600000000 51.8992 30.9011 0 0 0 -0.113638 0.993522
501.700000000 51.9695 30.8793 0 0 0 -0.126778 0.991931
501.800000000 52.0393 30.8557 0 0 0 -0.139895 0.990166
501.900000000 52.1084 30.8303 0 0 0 -0.152988 0.988228
502.000000000 52.1768 30.803 0 0 0 -0.166055 0.986117
502.100000000 52.2445 30.774 0 0 0 -0.179092 0.983832
502.200000000 52.3114 30.7431 0 0 0 -0.192098 0.981376
502.300000000 52.3774 30.7105 0 0 0 -0.20507 0.978747
502.400000000 52.4416 30.6764 0 0 0 -0.218471 0.975843
502.500000000 52.5049 30.6405 0 0 0 -0.231831 0.972756
502.600000000 52.5671 30.6029 0 0 0 -0.245147 0.969486
502.700000000 52.6283 30.5636 0 0 0 -0.258417 0.966033
502.800000000 52.6884 30.5227 0 0 0 -0.271639 0.962399
502.900000000 52.7473 30.4801 0 0 0 -0.284809 0.958584
503.000000000 52.8082 30.4363 0 0 0 -0.293022 0.956106
503.100000000 52.8685 30.3916 0 0 0 -0.300671 0.953728
503.200000000 52.9281 30.346 0 0 0 -0.3083 0.951289
503.300000000 52.987 30.2994 0 0 0 -0.31591 0.948789
503.400000000 53.0451 30.2519 0 0 0 -0.3235 0.946228
503.500000000 53.1024 30.2035 0 0 0 -0.331068 0.943607
503.600000000 53.1589 30.1541 0 0 0 -0.338616 0.940925
503.700000000 53.2147 30.1039 0 0 0 -0.346142 0.938182
503.800000000 53.2696 30.0528 0 0 0 -0.353646 0.935379
503.900000000 53.3237 30.0008 0 0 0 -0.361127 0.932517
504.000000000 53.3806 29.9519 0 0 0 -0.355891 0.934527
504.100000000 53.4387 29.9044 0 0 0 -0.348394 0.937348
504.200000000 53.4976 29.8579 0 0 0 -0.340875 0.940109
504.300000000 53.5572 29.8123 0 0 0 -0.333334 0.942809
504.400000000 53.6175 29.7677 0 0 0 -0.325772 0.945449
504.500000000 53.6786 29.724 0 0 0 -0.318188 0.948028
504.600000000 53.7403 29.6813 0 0 0 -0.310584 0.950546
504.700000000 53.8027 29.6397 0 0 0 -0.30296 0.953003
504.800000000 53.8658 29.599 0 0 0 -0.295317 0.955399
504.900000000 53.9295 29.5593 0 0 0 -0.287655 0.957734
505.000000000 53.9916 29.5253 0 0 0 -0.273599 0.961844
505.100000000 54.0541 29.4937 0 0 0 -0.259043 0.965866
505.200000000 54.1174 29.4641 0 0 0 -0.244428 0.969668
505.300000000 54.1817 29.4364 0 0 0 -0.229757 0.973248
505.400000000 54.2467 29.4106 0 0 0 -0.215033 0.976607
505.500000000 54.3125 29.3868 0 0 0 -0.200261 0.979743
505.600000000 54.379 29.365 0 0 0 -0.185442 0.982655
505.700000000 54.4461 29.3452 0 0 0 -0.170582 0.985343
505.800000000 54.5138 29.3275 0 0 0 -0.155683 0.987807
505.900000000 54.5853 29.3099 0 0 0 -0.142595 0.989781
506.000000000 54.6573 29.2943 0 0 0 -0.129482 0.991582
506.100000000 54.7296 29.2805 0 0 0 -0.116347 0.993209
506.200000000 54.8023 29.2687 0 0 0 -0.103191 0.994662
506.300000000 54.8753 29.2588 0 0 0 -0.090017 0.99594
506.400000000 54.9485 29.2508 0 0 0 -0.0768274 0.997044
506.500000000 55.0219 29.2448 0 0 0 -0.0636243 0.997974
506.600000000 55.0955 29.2407 0 0 0 -0.05041 0.998729
506.700000000 55.1691 29.2386 0 0 0 -0.0371869 0.999308
506.800000000 55.2427 29.2384 0 0 0 -0.0239573 0.999713
506.900000000 55.3164 29.2402 0 0 0 -0.0107235 0.999943
507.000000000 55.3914 29.2424 0 0 0 -0.00104372 0.999999
507.100000000 55.4664 29.2459 0 0 0 0.00809071 0.999967
507.200000000 55.5413 29.2508 0 0 0 0.0172245 0.999852
507.300000000 55.6161 29.257 0 0 0 0.0263568 0.999653
507.400000000 55.6907 29.2646 0 0 0 0.0354869 0.99937
507.500000000 55.7653 29.2736 0 0 0 0.0446141 0.999004
507.600000000 55.8396 29.2839 0 0 0 0.0537375 0.998555
507.700000000 55.9137 29.2956 0 0 0 0.0628564 0.998023
507.800000000 55.9877 29.3086 0 0 0 0.0719701 0.997407
507.900000000 56.0613 29.323 0 0 0 0.0810778 0.996708
508.000000000 56.1347 29.3387 0 0 0 0.0901788 0.995926
508.100000000 56.2078 29.3558 0 0 0 0.0992722 0.99506
508.200000000 56.2806 29.3742 0 0 0 0.108357 0.994112
508.300000000 56.3541 29.3892 0 0 0 0.105415 0.994428
508.400000000 56.4277 29.4032 0 0 0 0.10112 0.994874
508.500000000 56.5016 29.4166 0 0 0 0.0968226 0.995302
508.600000000 56.5755 29.4294 0 0 0 0.0925238 0.99571
508.700000000 56.6495 29.4415 0 0 0 0.0882233 0.996101
508.800000000 56.7236 29.453 0 0 0 0.0839211 0.996472
508.900000000 56.7979 29.4638 0 0 0 0.0796174 0.996825
509.000000000 56.8722 29.4735 0 0 0 0.074026 0.997256
509.100000000 56.9467 29.4824 0 0 0 0.0684322 0.997656
509.200000000 57.0213 29.4906 0 0 0 0.0634718 0.997984
509.300000000 57.0959 29.4982 0 0 0 0.0585098 0.998287
509.400000000 57.1706 29.5049 0 0 0 0.0535464 0.998565
509.500000000 57.2454 29.5112 0 0 0 0.0492339 0.998787
509.600000000 57.3202 29.5169 0 0 0 0.0449205 0.998991
509.700000000 57.395 29.5219 0 0 0 0.0406063 0.999175
509.800000000 57.4699 29.5263 0 0 0 0.0362913 0.999341
509.900000000 57.5448 29.5303 0 0 0 0.0326455 0.999467
510.000000000 57.6198 29.5337 0 0 0 0.0289992 0.999579
510.100000000 57.6947 29.5366 0 0 0 0.0253526 0.999679
510.200000000 57.7697 29.5389 0 0 0 0.0217056 0.999764
510.300000000 57.8447 29.541 0 0 0 0.0187467 0.999824
510.400000000 57.9197 29.5426 0 0 0 0.0157876 0.999875
510.500000000 57.9946 29.5438 0 0 0 0.0128284 0.999918
510.600000000 58.0696 29.5446 0 0 0 0.00986901 0.999951
510.700000000 58.1447 29.5449 0 0 0 0.00690958 0.999976
510.800000000 58.2197 29.545 0 0 0 0.00465787 0.999989
510.900000000 58.2947 29.5448 0 0 0 0.00240614 0.999997
511.000000000 58.3697 29.5442 0 0 0 0.000154388 1
511.100000000 58.4447 29.5437 0 0 0 -0.00136905 0.999999
511.200000000 58.5197 29.5426 0 0 0 -0.00362079 0.999993
511.300000000 58.5946 29.5414 0 0 0 -0.00514421 0.999987
511.400000000 58.6696 29.54 0 0 0 -0.00666762 0.999978
511.500000000 58.7446 29.5384 0 0 0 -0.00819102 0.999966
511.600000000 58.8196 29.5366 0 0 0 -0.0097144 0.999953
511.700000000 58.8946 29.5345 0 0 0 -0.0112377 0.999937
511.800000000 58.9695 29.5322 0 0 0 -0.0127611 0.999919
511.900000000 59.0445 29.53 0 0 0 -0.0135343 0.999908
512.000000000 59.1195 29.5277 0 0 0 -0.0143076 0.999898
512.100000000 59.1944 29.5252 0 0 0 -0.0150808 0.999886
512.200000000 59.2694 29.5226 0 0 0 -0.015854 0.999874
512.300000000 59.3444 29.5209 0 0 0 -0.0143308 0.999897
512.400000000 59.4194 29.5193 0 0 0 -0.0128075 0.999918
512.500000000 59.4943 29.518 0 0 0 -0.0112841 0.999936
512.600000000 59.5693 29.5169 0 0 0 -0.00976078 0.999952
512.700000000 59.6443 29.5161 0 0 0 -0.0082374 0.999966
512.800000000 59.7193 29.5154 0 0 0 -0.00671401 0.999977
512.900000000 59.7943 29.5138 0 0 0 -0.0082374 0.999966
513.000000000 59.8693 29.5123 0 0 0 -0.00901069 0.999959
513.100000000 59.9443 29.5106 0 0 0 -0.00978397 0.999952
513.200000000 60.0193 29.5088 0 0 0 -0.0105572 0.999944
513.300000000 60.0942 29.5069 0 0 0 -0.0113305 0.999936
513.400000000 60.1692 29.5049 0 0 0 -0.0121038 0.999927
513.500000000 60.2442 29.5028 0 0 0 -0.012877 0.999917
513.600000000 60.3192 29.5006 0 0 0 -0.0136503 0.999907
513.700000000 60.3941 29.4982 0 0 0 -0.0144235 0.999896
513.800000000 60.4692 29.5008 0 0 0 -0.00266083 0.999996
513.900000000 60.5353 29.5072 0 0 0 0.0142157 0.999899
514.000000000 60.6012 29.5158 0 0 0 0.0310882 0.999517
514.100000000 60.6668 29.5266 0 0 0 0.0479518 0.99885
514.200000000 60.732 29.5397 0 0 0 0.0648018 0.997898
514.300000000 60.7801 29.556 0 0 0 0.0897264 0.995966
514.400000000 60.8105 29.575 0 0 0 0.122661 0.992449
514.500000000 60.8188 29.5949 0 0 0 0.165371 0.986231
514.600000000 60.8129 29.6137 0 0 0 0.2137 0.976899
514.700000000 60.8037 29.6314 0 0 0 0.262257 0.964998
514.800000000 60.7927 29.6481 0 0 0 0.310159 0.950685
514.900000000 60.7801 29.6636 0 0 0 0.357286 0.933995
515.000000000 60.7661 29.6778 0 0 0 0.40352 0.914971
515.100000000 60.7507 29.6906 0 0 0 0.448745 0.89366
515.200000000 60.734 29.7017 0 0 0 0.492849 0.870115
515.300000000 60.7164 29.7111 0 0 0 0.53572 0.844396
515.400000000 60.6979 29.7187 0 0 0 0.577253 0.816565
515.500000000 60.6788 29.7244 0 0 0 0.617343 0.786694
515.600000000 60.6591 29.7282 0 0 0 0.65589 0.754857
515.700000000 60.6392 29.73 0 0 0 0.692797 0.721133
515.800000000 60.6192 29.7298 0 0 0 0.727973 0.685606
515.900000000 60.5994 29.7276 0 0 0 0.761329 0.648366
516.000000000 60.5807 29.7488 0 0 0 0.785249 0.61918
516.100000000 60.5597 29.7867 0 0 0 0.802849 0.596183
516.200000000 60.5352 29.8363 0 0 0 0.816138 0.577858
516.300000000 60.5085 29.8855 0 0 0 0.828786 0.559565
516.400000000 60.4794 29.9343 0 0 0 0.840809 0.541331
516.500000000 60.4482 29.9818 0 0 0 0.852432 0.522839
516.600000000 60.415 30.0279 0 0 0 0.863647 0.504097
516.700000000 60.3795 30.0732 0 0 0 0.874257 0.485464
516.800000000 60.3421 30.117 0 0 0 0.884464 0.466608
516.900000000 60.2959 30.1756 0 0 0 0.890342 0.455291
517.000000000 60.2489 30.2341 0 0 0 0.894708 0.446652
517.100000000 60.2007 30.2917 0 0 0 0.89899 0.43797
517.200000000 60.1515 30.3483 0 0 0 0.903187 0.429248
517.300000000 60.1011 30.404 0 0 0 0.9073 0.420485
517.400000000 60.0497 30.4587 0 0 0 0.911327 0.411683
517.500000000 59.9973 30.5124 0 0 0 0.91527 0.402842
517.600000000 59.9438 30.565 0 0 0 0.919126 0.393963
517.700000000 59.8893 30.6167 0 0 0 0.922897 0.385048
517.800000000 59.8338 30.6672 0 0 0 0.926581 0.376096
517.900000000 59.7796 30.7191 0 0 0 0.927152 0.374684
518.000000000 59.7254 30.7709 0 0 0 0.927442 0.373967
518.100000000 59.6714 30.823 0 0 0 0.927442 0.373967
518.200000000 59.6174 30.875 0 0 0 0.927442 0.373967
518.300000000 59.5634 30.927 0 0 0 0.927442 0.373967
518.400000000 59.5094 30.979 0 0 0 0.927442 0.373967
518.500000000 59.4553 31.0311 0 0 0 0.927442 0.373967
518.600000000 59.4013 31.0831 0 0 0 0.927442 0.373967
518.700000000 59.3473 31.1351 0 0 0 0.927442 0.373967
518.800000000 59.2933 31.1871 0 0 0 0.927442 0.373967
518.900000000 59.2392 31.2392 0 0 0 0.927442 0.373967
519.000000000 59.1858 31.2918 0 0 0 0.926598 0.376055
519.100000000 59.1327 31.3448 0 0 0 0.925748 0.37814
519.200000000 59.0798 31.3979 0 0 0 0.924895 0.380224
519.300000000 59.0271 31.4513 0 0 0 0.924036 0.382305
519.400000000 58.9747 31.5049 0 0 0 0.923173 0.384385
519.500000000 58.9225 31.5588 0 0 0 0.922305 0.386463
519.600000000 58.8705 31.6129 0 0 0 0.921432 0.388539
519.700000000 58.8188 31.6672 0 0 0 0.920555 0.390613
519.800000000 58.7673 31.7218 0 0 0 0.919673 0.392684
519.900000000 58.7161 31.7766 0 0 0 0.918787 0.394754
520.000000000 58.6651 31.8316 0 0 0 0.917896 0.396822
520.100000000 58.6144 31.8868 0 0 0 0.917 0.398888
520.200000000 58.5639 31.9423 0 0 0 0.916099 0.400952
520.300000000 58.5188 31.9993 0 0 0 0.910515 0.413475
520.400000000 58.4775 32.0558 0 0 0 0.904167 0.427178
520.500000000 58.4379 32.1134 0 0 0 0.897613 0.440783
520.600000000 58.4 32.1723 0 0 0 0.890855 0.454288
520.700000000 58.364 32.2323 0 0 0 0.883893 0.467689
520.800000000 58.3298 32.2933 0 0 0 0.876729 0.480984
520.900000000 58.2974 32.3553 0 0 0 0.869366 0.494169
521.000000000 58.2663 32.419 0 0 0 0.862036 0.506847
521.100000000 58.2371 32.4836 0 0 0 0.854521 0.519416
521.200000000 58.2098 32.5489 0 0 0 0.846823 0.531874
521.300000000 58.1844 32.6151 0 0 0 0.838944 0.544218
521.400000000 58.1617 32.6797 0 0 0 0.831158 0.556036
521.500000000 58.1414 32.7434 0 0 0 0.823402 0.567459
521.600000000 58.1233 32.806 0 0 0 0.815688 0.578492
521.700000000 58.1078 32.8658 0 0 0 0.808234 0.588862
521.800000000 58.0941 32.9244 0 0 0 0.800854 0.59886
521.900000000 58.0798 32.9938 0 0 0 0.791998 0.610523
522.000000000 58.0689 33.0495 0 0 0 0.786344 0.617789
522.100000000 58.0589 33.1053 0 0 0 0.78093 0.624619
522.200000000 58.0501 33.1597 0 0 0 0.775617 0.631203
522.300000000 58.0428 33.2109 0 0 0 0.770576 0.637348
522.400000000 58.0364 33.2606 0 0 0 0.765652 0.643255
522.500000000 58.031 33.3087 0 0 0 0.760848 0.64893
522.600000000 58.0238 33.3834 0 0 0 0.753162 0.657835
522.700000000 58.0184 33.4583 0 0 0 0.745372 0.666648
522.800000000 58.0148 33.5333 0 0 0 0.737479 0.67537
522.900000000 58.0129 33.6084 0 0 0 0.729484 0.683998
523.000000000 58.0121 33.6835 0 0 0 0.722459 0.691414
523.100000000 58.0129 33.7585 0 0 0 0.715358 0.698758
523.200000000 58.0152 33.8336 0 0 0 0.708183 0.706029
523.300000000 58.0191 33.9085 0 0 0 0.700934 0.713226
523.400000000 58.0245 33.9834 0 0 0 0.693612 0.720349
523.500000000 58.0314 34.0582 0 0 0 0.686218 0.727396
523.600000000 58.0398 34.1328 0 0 0 0.678752 0.734368
523.700000000 58.0498 34.2072 0 0 0 0.671215 0.741263
523.800000000 58.0613 34.2814 0 0 0 0.663608 0.748081
523.900000000 58.0743 34.3553 0 0 0 0.655932 0.75482
524.000000000 58.0859 34.4294 0 0 0 0.653695 0.756758
524.100000000 58.0974 34.5035 0 0 0 0.652541 0.757753
524.200000000 58.1092 34.5776 0 0 0 0.651386 0.758746
524.300000000 58.1211 34.6516 0 0 0 0.65023 0.759738
524.400000000 58.1333 34.7256 0 0 0 0.649071 0.760728
524.500000000 58.1457 34.7996 0 0 0 0.647912 0.761715
524.600000000 58.1583 34.8735 0 0 0 0.646751 0.762702
524.700000000 58.1712 34.9474 0 0 0 0.645588 0.763686
524.800000000 58.1843 35.0213 0 0 0 0.644424 0.764669
524.900000000 58.1976 35.0951 0 0 0 0.643258 0.76565
525.000000000 58.2082 35.1694 0 0 0 0.647794 0.761815
525.100000000 58.2168 35.2372 0 0 0 0.652325 0.757939
525.200000000 58.2244 35.3034 0 0 0 0.656724 0.754131
525.300000000 58.2309 35.3665 0 0 0 0.660881 0.75049
525.400000000 58.2366 35.4279 0 0 0 0.66491 0.746923
525.500000000 58.2415 35.4877 0 0 0 0.668812 0.743431
525.600000000 58.2455 35.5443 0 0 0 0.67248 0.740115
525.700000000 58.2488 35.5992 0 0 0 0.676025 0.736879
525.800000000 58.2515 35.6525 0 0 0 0.679447 0.733725
525.900000000 58.2537 35.7041 0 0 0 0.682748 0.730654
526.000000000 58.2554 35.7541 0 0 0 0.685929 0.727668
526.100000000 58.2565 35.8025 0 0 0 0.688992 0.724769
526.200000000 58.2573 35.8491 0 0 0 0.691938 0.721957
526.300000000 58.2588 35.9058 0 0 0 0.693546 0.720412
526.400000000 58.26 35.9608 0 0 0 0.695104 0.718909
526.500000000 58.2609 36.0124 0 0 0 0.696564 0.717495
526.600000000 58.2616 36.0624 0 0 0 0.697974 0.716123
526.700000000 58.2621 36.1108 0 0 0 0.699335 0.714794
526.800000000 58.2624 36.1574 0 0 0 0.700647 0.713508
526.900000000 58.2625 36.2025 0 0 0 0.701909 0.712267
527.000000000 58.2629 36.2558 0 0 0 0.702506 0.711678
527.100000000 58.2633 36.3075 0 0 0 0.703083 0.711108
527.200000000 58.2635 36.3575 0 0 0 0.703642 0.710555
527.300000000 58.2637 36.4058 0 0 0 0.704181 0.71002
527.400000000 58.2638 36.4525 0 0 0 0.704702 0.709504
527.500000000 58.2638 36.4975 0 0 0 0.705203 0.709005
527.600000000 58.2638 36.5408 0 0 0 0.705686 0.708525
527.700000000 58.2637 36.5825 0 0 0 0.706149 0.708063
527.800000000 58.2635 36.6225 0 0 0 0.706594 0.707619
527.900000000 58.2633 36.6625 0 0 0 0.707039 0.707175
528.000000000 58.2632 36.7008 0 0 0 0.707252 0.706962
528.100000000 58.2632 36.7375 0 0 0 0.707252 0.706962
528.200000000 58.2632 36.7725 0 0 0 0.707252 0.706962
528.300000000 58.2632 36.8058 0 0 0 0.707252 0.706962
528.400000000 58.2632 36.8391 0 0 0 0.707252 0.706962
528.500000000 58.2632 36.8708 0 0 0 0.707252 0.706962
528.600000000 58.2631 36.9008 0 0 0 0.707252 0.706962
528.700000000 58.2631 36.9308 0 0 0 0.707252 0.706962
528.800000000 58.2631 36.9591 0 0 0 0.707252 0.706962
528.900000000 58.2631 36.9858 0 0 0 0.707252 0.706962
529.000000000 58.2631 37.0125 0 0 0 0.707252 0.706962
529.100000000 58.2631 37.0375 0 0 0 0.707252 0.706962
529.200000000 58.2631 37.0641 0 0 0 0.707252 0.706962
529.300000000 58.2631 37.0908 0 0 0 0.707252 0.706962
529.400000000 58.2631 37.1175 0 0 0 0.707252 0.706962
529.500000000 58.263 37.1425 0 0 0 0.707252 0.706962
529.600000000 58.263 37.1691 0 0 0 0.707252 0.706962
529.700000000 58.263 37.1941 0 0 0 0.707252 0.706962
529.800000000 58.263 37.2208 0 0 0 0.707252 0.706962
529.900000000 58.263 37.2458 0 0 0 0.707252 0.706962
530.000000000 58.263 37.2708 0 0 0 0.707252 0.706962
530.100000000 58.263 37.2975 0 0 0 0.707252 0.706962
530.200000000 58.263 37.3225 0 0 0 0.707252 0.706962
530.300000000 58.263 37.3491 0 0 0 0.707252 0.706962
530.400000000 58.263 37.3741 0 0 0 0.707252 0.706962
530.500000000 58.2629 37.3991 0 0 0 0.707252 0.706962
530.600000000 58.2629 37.4258 0 0 0 0.707252 0.706962
530.700000000 58.2629 37.4525 0 0 0 0.707252 0.706962
530.800000000 58.2629 37.4775 0 0 0 0.707252 0.706962
530.900000000 58.2629 37.5041 0 0 0 0.707252 0.706962
531.000000000 58.2629 37.5291 0 0 0 0.707252 0.706962
531.100000000 58.2629 37.5575 0 0 0 0.707252 0.706962
531.200000000 58.2629 37.5841 0 0 0 0.707252 0.706962
531.300000000 58.2629 37.6091 0 0 0 0.707252 0.706962
531.400000000 58.2628 37.6358 0 0 0 0.707252 0.706962
531.500000000 58.2628 37.6608 0 0 0 0.707252 0.706962
531.600000000 58.2628 37.6875 0 0 0 0.707252 0.706962
531.700000000 58.2628 37.7141 0 0 0 0.707252 0.706962
531.800000000 58.2628 37.7408 0 0 0 0.707252 0.706962
531.900000000 58.2628 37.7675 0 0 0 0.707252 0.706962
532.000000000 58.2628 37.7941 0 0 0 0.707252 0.706962
532.100000000 58.2628 37.8191 0 0 0 0.707252 0.706962
532.200000000 58.2628 37.8441 0 0 0 0.707252 0.706962
532.300000000 58.2627 37.8725 0 0 0 0.707252 0.706962
532.400000000 58.2627 37.8991 0 0 0 0.707252 0.706962
532.500000000 58.2627 37.9258 0 0 0 0.707252 0.706962
532.600000000 58.2627 37.9525 0 0 0 0.707252 0.706962
532.700000000 58.2627 37.9791 0 0 0 0.707252 0.706962
532.800000000 58.2627 38.0041 0 0 0 0.707252 0.706962
532.900000000 58.2627 38.0291 0 0 0 0.707252 0.706962
533.000000000 58.2627 38.0558 0 0 0 0.707252 0.706962
533.100000000 58.2627 38.0808 0 0 0 0.707252 0.706962
533.200000000 58.2627 38.1058 0 0 0 0.707252 0.706962
533.300000000 58.2626 38.1291 0 0 0 0.707252 0.706962
533.400000000 58.2626 38.1558 0 0 0 0.707252 0.706962
533.500000000 58.2626 38.1808 0 0 0 0.707252 0.706962
533.600000000 58.2626 38.2075 0 0 0 0.707252 0.706962
533.700000000 58.2626 38.2341 0 0 0 0.707252 0.706962
533.800000000 58.2626 38.2608 0 0 0 0.707252 0.706962
533.900000000 58.2626 38.2941 0 0 0 0.707252 0.706962
534.000000000 58.2626 38.3258 0 0 0 0.707252 0.706962
534.100000000 58.2625 38.3591 0 0 0 0.707252 0.706962
534.200000000 58.2625 38.3908 0 0 0 0.707252 0.706962
534.300000000 58.2625 38.4475 0 0 0 0.707252 0.706962
534.400000000 58.2625 38.5025 0 0 0 0.707252 0.706962
534.500000000 58.2625 38.5558 0 0 0 0.707252 0.706962
534.600000000 58.2624 38.6108 0 0 0 0.707252 0.706962
534.700000000 58.2624 38.6641 0 0 0 0.707252 0.706962
534.800000000 58.2624 38.7191 0 0 0 0.707252 0.706962
534.900000000 58.2624 38.7941 0 0 0 0.707252 0.706962
535.000000000 58.2623 38.8691 0 0 0 0.707252 0.706962
535.100000000 58.2623 38.9441 0 0 0 0.707252 0.706962
535.200000000 58.2623 39.0191 0 0 0 0.707252 0.706962
535.300000000 58.2622 39.0941 0 0 0 0.707252 0.706962
535.400000000 58.2622 39.1691 0 0 0 0.707252 0.706962
535.500000000 58.2622 39.2441 0 0 0 0.707252 0.706962
535.600000000 58.2622 39.3191 0 0 0 0.707252 0.706962
535.700000000 58.2621 39.3941 0 0 0 0.707252 0.706962
535.800000000 58.2621 39.4691 0 0 0 0.707252 0.706962
535.900000000 58.2621 39.5441 0 0 0 0.707252 0.706962
536.000000000 58.262 39.6191 0 0 0 0.707252 0.706962
536.100000000 58.262 39.6941 0 0 0 0.707252 0.706962
536.200000000 58.262 39.7691 0 0 0 0.707252 0.706962
536.300000000 58.2619 39.8441 0 0 0 0.707252 0.706962
536.400000000 58.2619 39.9191 0 0 0 0.707252 0.706962
536.500000000 58.2619 39.9941 0 0 0 0.707252 0.706962
536.600000000 58.2618 40.0691 0 0 0 0.707252 0.706962
536.700000000 58.2618 40.1441 0 0 0 0.707252 0.706962
536.800000000 58.2618 40.2191 0 0 0 0.707252 0.706962
536.900000000 58.2618 40.2941 0 0 0 0.707252 0.706962
537.000000000 58.2617 40.3691 0 0 0 0.707252 0.706962
537.100000000 58.2617 40.4441 0 0 0 0.707252 0.706962
537.200000000 58.2666 40.5191 0 0 0 0.69853 0.715581
537.300000000 58.2744 40.5877 0 0 0 0.687317 0.726358
537.400000000 58.2845 40.656 0 0 0 0.675937 0.73696
537.500000000 58.2966 40.724 0 0 0 0.664393 0.747383
537.600000000 58.3108 40.7916 0 0 0 0.652689 0.757626
537.700000000 58.3272 40.8588 0 0 0 0.640827 0.767685
537.800000000 58.3456 40.9253 0 0 0 0.62881 0.777559
537.900000000 58.366 40.9913 0 0 0 0.616641 0.787245
538.000000000 58.3883 41.0504 0 0 0 0.601907 0.798566
538.100000000 58.4127 41.1086 0 0 0 0.586966 0.809612
538.200000000 58.4392 41.1659 0 0 0 0.571822 0.820378
538.300000000 58.468 41.223 0 0 0 0.55683 0.830627
538.400000000 58.4987 41.2782 0 0 0 0.541301 0.840829
538.500000000 58.5315 41.3322 0 0 0 0.525585 0.850741
538.600000000 58.5664 41.3858 0 0 0 0.510049 0.860145
538.700000000 58.6032 41.438 0 0 0 0.494345 0.869266
538.800000000 58.642 41.4889 0 0 0 0.478477 0.8781
538.900000000 58.6828 41.5392 0 0 0 0.462828 0.886448
539.000000000 58.7255 41.588 0 0 0 0.447033 0.894517
539.100000000 58.7698 41.6353 0 0 0 0.431098 0.902305
539.200000000 58.8158 41.6809 0 0 0 0.415027 0.909809
539.300000000 58.8552 41.7105 0 0 0 0.391432 0.920207
539.400000000 58.8868 41.7238 0 0 0 0.359924 0.932982
539.500000000 58.9101 41.7226 0 0 0 0.32098 0.947086
539.600000000 58.9333 41.7195 0 0 0 0.281486 0.959565
539.700000000 58.9561 41.7144 0 0 0 0.241509 0.970399
539.800000000 58.9775 41.7068 0 0 0 0.200561 0.979681
539.900000000 58.9991 41.6981 0 0 0 0.15982 0.987146
540.000000000 59.02 41.6876 0 0 0 0.118805 0.992918
540.100000000 59.0388 41.6749 0 0 0 0.0770204 0.99703
540.200000000 59.0565 41.6606 0 0 0 0.0350996 0.999384
540.300000000 59.073 41.645 0 0 0 -0.00688314 0.999976
540.400000000 59.0869 41.6278 0 0 0 -0.0494333 0.998777
540.500000000 59.0993 41.6095 0 0 0 -0.091894 0.995769
540.600000000 59.11 41.5902 0 0 0 -0.134188 0.990956
540.700000000 59.1191 41.57 0 0 0 -0.176239 0.984347
540.800000000 59.1265 41.5491 0 0 0 -0.217971 0.975955
540.900000000 59.1321 41.5277 0 0 0 -0.259307 0.965795
541.000000000 59.1346 41.5063 0 0 0 -0.30074 0.953706
541.100000000 59.1353 41.4848 0 0 0 -0.341613 0.939841
541.200000000 59.1341 41.4633 0 0 0 -0.381849 0.924225
541.300000000 59.1455 41.4372 0 0 0 -0.4059 0.913917
541.400000000 59.1593 41.4139 0 0 0 -0.418049 0.908424
541.500000000 59.1746 41.3919 0 0 0 -0.424211 0.905563
541.600000000 59.192 41.3696 0 0 0 -0.426242 0.904609
541.700000000 59.2108 41.3483 0 0 0 -0.424211 0.905563
541.800000000 59.2335 41.3261 0 0 0 -0.416892 0.908956
541.900000000 59.2735 41.2949 0 0 0 -0.39404 0.919093
542.000000000 59.3061 41.2799 0 0 0 -0.363386 0.931638
542.100000000 59.3357 41.2723 0 0 0 -0.329347 0.944209
542.200000000 59.3652 41.2677 0 0 0 -0.29442 0.955676
542.300000000 59.3809 41.2794 0 0 0 -0.249822 0.968292
542.400000000 59.3966 41.2916 0 0 0 -0.205343 0.97869
542.500000000 59.411 41.3052 0 0 0 -0.160436 0.987046
542.600000000 59.4254 41.3193 0 0 0 -0.115843 0.993268
542.700000000 59.4408 41.3337 0 0 0 -0.0722703 0.997385
542.800000000 59.4748 41.3422 0 0 0 -0.0387642 0.999248
542.900000000 59.5197 41.3499 0 0 0 -0.0110137 0.999939
543.000000000 59.5801 41.3565 0 0 0 0.00880872 0.999961
543.100000000 59.6544 41.3629 0 0 0 0.0215598 0.999768
543.200000000 59.7291 41.37 0 0 0 0.0312364 0.999512
543.300000000 59.8037 41.3783 0 0 0 0.040365 0.999185
543.400000000 59.8781 41.388 0 0 0 0.0494903 0.998775
543.500000000 59.9524 41.3991 0 0 0 0.0586114 0.998281
543.600000000 60.0264 41.4115 0 0 0 0.0677276 0.997704
543.700000000 60.1002 41.4252 0 0 0 0.0768382 0.997044
543.800000000 60.1737 41.4403 0 0 0 0.0859424 0.9963
543.900000000 60.2469 41.4568 0 0 0 0.0950394 0.995474
544.000000000 60.3208 41.4701 0 0 0 0.0927976 0.995685
544.100000000 60.3947 41.4825 0 0 0 0.0891648 0.996017
544.200000000 60.4678 41.4996 0 0 0 0.0988019 0.995107
544.300000000 60.5359 41.5192 0 0 0 0.113364 0.993554
544.400000000 60.6034 41.5409 0 0 0 0.127901 0.991787
544.500000000 60.6702 41.5644 0 0 0 0.142411 0.989808
544.600000000 60.7363 41.59 0 0 0 0.156891 0.987616
544.700000000 60.8017 41.6174 0 0 0 0.171337 0.985212
544.800000000 60.8662 41.6468 0 0 0 0.185746 0.982598
544.900000000 60.9298 41.678 0 0 0 0.200116 0.979772
545.000000000 60.9925 41.7111 0 0 0 0.214442 0.976737
545.100000000 61.0541 41.746 0 0 0 0.228723 0.973492
545.200000000 61.1148 41.7827 0 0 0 0.242954 0.970038
545.300000000 61.1578 41.8161 0 0 0 0.26523 0.964185
545.400000000 61.1838 41.846 0 0 0 0.294989 0.955501
545.500000000 61.1902 41.8699 0 0 0 0.333265 0.942833
545.600000000 61.1783 41.8855 0 0 0 0.379255 0.925292
545.700000000 61.1635 41.8991 0 0 0 0.425026 0.905181
545.800000000 61.1475 41.911 0 0 0 0.469735 0.882807
545.900000000 61.1304 41.9214 0 0 0 0.51327 0.858227
546.000000000 61.1134 41.9312 0 0 0 0.554879 0.831931
546.100000000 61.0954 41.9393 0 0 0 0.595144 0.803619
546.200000000 61.0768 41.9455 0 0 0 0.633966 0.773361
546.300000000 61.0576 41.95 0 0 0 0.671253 0.741228
546.400000000 61.0381 41.9525 0 0 0 0.706913 0.7073
546.500000000 61.0185 41.9531 0 0 0 0.740861 0.671659
546.600000000 60.9988 41.9517 0 0 0 0.773014 0.634389
546.700000000 60.9795 41.9485 0 0 0 0.803293 0.595583
546.800000000 60.9605 41.9433 0 0 0 0.831627 0.555334
546.900000000 60.9421 41.9363 0 0 0 0.857946 0.51374
547.000000000 60.9172 41.9513 0 0 0 0.876482 0.481435
547.100000000 60.8847 41.9811 0 0 0 0.889871 0.456211
547.200000000 60.8438 42.0238 0 0 0 0.899096 0.437751
547.300000000 60.7981 42.0709 0 0 0 0.906538 0.422124
547.400000000 60.7504 42.1172 0 0 0 0.913533 0.406765
547.500000000 60.7012 42.1618 0 0 0 0.920267 0.39129
547.600000000 60.6504 42.2047 0 0 0 0.92674 0.375704
547.700000000 60.5982 42.2459 0 0 0 0.932948 0.360011
547.800000000 60.5447 42.2854 0 0 0 0.938891 0.344215
547.900000000 60.4899 42.323 0 0 0 0.944566 0.328321
548.000000000 60.4286 42.3663 0 0 0 0.947871 0.318655
548.100000000 60.3666 42.4086 0 0 0 0.950742 0.309983
548.200000000 60.3039 42.4499 0 0 0 0.953534 0.301286
548.300000000 60.2405 42.4899 0 0 0 0.956246 0.292564
548.400000000 60.1763 42.5289 0 0 0 0.958879 0.283817
548.500000000 60.1114 42.5666 0 0 0 0.961431 0.275046
548.600000000 60.0458 42.6032 0 0 0 0.963903 0.266252
548.700000000 59.9796 42.6385 0 0 0 0.966295 0.257437
548.800000000 59.9128 42.6726 0 0 0 0.968605 0.248606
548.900000000 59.8455 42.7058 0 0 0 0.970654 0.240479
549.000000000 59.7789 42.7367 0 0 0 0.972875 0.23133
549.100000000 59.7148 42.765 0 0 0 0.974915 0.222578
549.200000000 59.6517 42.7914 0 0 0 0.97683 0.214017
549.300000000 59.5913 42.8156 0 0 0 0.978582 0.205859
549.400000000 59.5321 42.8381 0 0 0 0.980223 0.197895
549.500000000 59.474 42.8591 0 0 0 0.981759 0.190129
549.600000000 59.4188 42.8781 0 0 0 0.983155 0.182772
549.700000000 59.3649 42.8957 0 0 0 0.984459 0.175615
549.800000000 59.3123 42.9121 0 0 0 0.985674 0.168659
549.900000000 59.2611 42.9272 0 0 0 0.986806 0.161907
550.000000000 59.2113 42.9411 0 0 0 0.987926 0.154929
550.100000000 59.1645 42.9533 0 0 0 0.988928 0.148394
550.200000000 59.1191 42.9646 0 0 0 0.989855 0.142078
550.300000000 59.0753 42.9749 0 0 0 0.990711 0.135983
550.400000000 59.0313 42.9846 0 0 0 0.991529 0.129882
550.500000000 58.9888 42.9935 0 0 0 0.992282 0.124003
550.600000000 58.9479 43.0015 0 0 0 0.992972 0.118346
550.700000000 58.9085 43.0088 0 0 0 0.993605 0.112911
550.800000000 58.8707 43.0154 0 0 0 0.994183 0.107699
550.900000000 58.8345 43.0213 0 0 0 0.994711 0.102712
551.000000000 58.7998 43.0265 0 0 0 0.995191 0.0979486
551.100000000 58.7651 43.0315 0 0 0 0.995649 0.093183
551.200000000 58.732 43.0359 0 0 0 0.996064 0.0886424
551.300000000 58.7006 43.0398 0 0 0 0.996438 0.0843272
551.400000000 58.6691 43.0438 0 0 0 0.996709 0.0810595
551.500000000 58.6393 43.0474 0 0 0 0.996956 0.077963
551.600000000 58.6112 43.0506 0 0 0 0.997181 0.0750378
551.700000000 58.583 43.0537 0 0 0 0.997397 0.072112
551.800000000 58.5564 43.0565 0 0 0 0.997592 0.0693577
551.900000000 58.5299 43.0591 0 0 0 0.99778 0.0666029
552.000000000 58.505 43.0613 0 0 0 0.997962 0.0638147
552.100000000 58.4784 43.0635 0 0 0 0.998148 0.0608402
552.200000000 58.4517 43.0655 0 0 0 0.998324 0.0578651
552.300000000 58.4251 43.0674 0 0 0 0.998492 0.0548895
552.400000000 58.3985 43.0692 0 0 0 0.998652 0.0519134
552.500000000 58.3735 43.0707 0 0 0 0.998793 0.0491228
552.600000000 58.3469 43.0721 0 0 0 0.998935 0.0461459
552.700000000 58.3219 43.0733 0 0 0 0.99906 0.0433546
552.800000000 58.2952 43.0744 0 0 0 0.999185 0.0403769
552.900000000 58.2685 43.0754 0 0 0 0.9993 0.0373988
553.000000000 58.2435 43.076 0 0 0 0.999408 0.0343997
553.100000000 58.2168 43.0766 0 0 0 0.999513 0.0312004
553.200000000 58.1918 43.077 0 0 0 0.999602 0.0282007
553.300000000 58.1167 43.0773 0 0 0 0.999828 0.0185234
553.400000000 58.0417 43.0762 0 0 0 0.999961 0.00884438
553.500000000 57.9667 43.0737 0 0 0 1 -0.00083548
553.600000000 57.8917 43.0697 0 0 0 0.999945 -0.0105153
553.700000000 57.8169 43.0642 0 0 0 0.999796 -0.0201941
553.800000000 57.7421 43.0573 0 0 0 0.999554 -0.029871
553.900000000 57.6675 43.049 0 0 0 0.999218 -0.0395451
554.000000000 57.5929 43.0411 0 0 0 0.999009 -0.0445119
554.100000000 57.5184 43.0324 0 0 0 0.998775 -0.0494776
554.200000000 57.444 43.023 0 0 0 0.998517 -0.0544421
554.300000000 57.3696 43.0129 0 0 0 0.998234 -0.0594053
554.400000000 57.2954 43.0021 0 0 0 0.997926 -0.064367
554.500000000 57.2213 42.9904 0 0 0 0.997594 -0.0693271
554.600000000 57.1473 42.9781 0 0 0 0.997237 -0.0742855
554.700000000 57.0734 42.965 0 0 0 0.996855 -0.079242
554.800000000 56.9997 42.9512 0 0 0 0.996449 -0.0841966
554.900000000 56.9261 42.9367 0 0 0 0.996018 -0.0891491
555.000000000 56.8519 42.9254 0 0 0 0.996474 -0.0839051
555.100000000 56.7793 42.9155 0 0 0 0.996944 -0.0781168
555.200000000 56.7098 42.9067 0 0 0 0.997362 -0.0725891
555.300000000 56.6419 42.899 0 0 0 0.99774 -0.0671909
555.400000000 56.5772 42.8923 0 0 0 0.998073 -0.0620542
555.500000000 56.5141 42.8865 0 0 0 0.998371 -0.0570476
555.600000000 56.4526 42.8814 0 0 0 0.998638 -0.0521713
555.700000000 56.3944 42.8771 0 0 0 0.998868 -0.0475575
555.800000000 56.3379 42.8736 0 0 0 0.999072 -0.0430746
555.900000000 56.2829 42.8706 0 0 0 0.99925 -0.0387227
556.000000000 56.218 42.8667 0 0 0 0.999364 -0.0356526
556.100000000 56.1564 42.8635 0 0 0 0.999464 -0.0327397
556.200000000 56.0965 42.8607 0 0 0 0.999553 -0.0299053
556.300000000 56.0382 42.8583 0 0 0 0.999631 -0.0271494
556.400000000 55.9816 42.8563 0 0 0 0.999701 -0.024472
556.500000000 55.9266 42.8547 0 0 0 0.999761 -0.0218731
556.600000000 55.8733 42.8534 0 0 0 0.999813 -0.0193529
556.700000000 55.8233 42.8524 0 0 0 0.999856 -0.0169901
556.800000000 55.7749 42.8516 0 0 0 0.999892 -0.014706
556.900000000 55.7266 42.8511 0 0 0 0.999923 -0.0124218
557.000000000 55.6799 42.8508 0 0 0 0.999948 -0.0102163
557.100000000 55.6349 42.8508 0 0 0 0.999967 -0.0080895
557.200000000 55.5916 42.8509 0 0 0 0.999982 -0.00604145
557.300000000 55.5466 42.8506 0 0 0 0.999986 -0.00533437
557.400000000 55.5032 42.8504 0 0 0 0.999989 -0.00465347
557.500000000 55.4616 42.8503 0 0 0 0.999992 -0.00399876
557.600000000 55.4199 42.8502 0 0 0 0.999994 -0.00334405
557.700000000 55.3799 42.8502 0 0 0 0.999996 -0.00271553
557.800000000 55.3416 42.8503 0 0 0 0.999998 -0.0021132
557.900000000 55.3049 42.8503 0 0 0 0.999999 -0.00153705
558.000000000 55.2699 42.8508 0 0 0 1 -0.000159771
558.100000000 55.2349 42.8513 0 0 0 0.999999 0.00121751
558.200000000 55.2016 42.8519 0 0 0 0.999997 0.0025292
558.300000000 55.1699 42.8526 0 0 0 0.999993 0.00377531
558.400000000 55.1399 42.8533 0 0 0 0.999988 0.00495582
558.500000000 55.1099 42.8541 0 0 0 0.999981 0.00613633
558.600000000 55.0816 42.8549 0 0 0 0.999974 0.00725124
558.700000000 55.0533 42.8557 0 0 0 0.999965 0.00836615
558.800000000 55.0266 42.8566 0 0 0 0.999956 0.00941546
558.900000000 55.0016 42.8574 0 0 0 0.999946 0.0103992
559.000000000 54.9766 42.8583 0 0 0 0.999937 0.0111856
559.100000000 54.9533 42.859 0 0 0 0.999931 0.0117357
559.200000000 54.93 42.8598 0 0 0 0.999925 0.0122859
559.300000000 54.9083 42.8605 0 0 0 0.999918 0.0127967
559.400000000 54.8867 42.8613 0 0 0 0.999911 0.0133076
559.500000000 54.8667 42.862 0 0 0 0.999905 0.0137791
559.600000000 54.84 42.863 0 0 0 0.999896 0.0144078
559.700000000 54.8151 42.8639 0 0 0 0.999888 0.0149972
559.800000000 54.7901 42.8649 0 0 0 0.999879 0.0155867
559.900000000 54.7634 42.866 0 0 0 0.999869 0.0162154
560.000000000 54.7368 42.8671 0 0 0 0.999858 0.0168441
560.100000000 54.7101 42.8683 0 0 0 0.999847 0.0174728
560.200000000 54.6835 42.8695 0 0 0 0.999836 0.0181014
560.300000000 54.6585 42.8706 0 0 0 0.999825 0.0186908
560.400000000 54.6336 42.8718 0 0 0 0.999814 0.0192802
560.500000000 54.6102 42.8729 0 0 0 0.999803 0.0198303
560.600000000 54.5869 42.874 0 0 0 0.999792 0.0203804
560.700000000 54.5653 42.8751 0 0 0 0.999782 0.0208911
560.800000000 54.5437 42.8762 0 0 0 0.999771 0.0214019
560.900000000 54.522 42.8773 0 0 0 0.999764 0.0217423
561.000000000 54.5004 42.8784 0 0 0 0.999756 0.0220827
561.100000000 54.4804 42.8794 0 0 0 0.999749 0.0223968
561.200000000 54.4604 42.8804 0 0 0 0.999742 0.022711
561.300000000 54.4388 42.8815 0 0 0 0.999734 0.0230514
561.400000000 54.4188 42.8826 0 0 0 0.999727 0.0233656
561.500000000 54.3988 42.8836 0 0 0 0.99972 0.0236797
561.600000000 54.3789 42.8847 0 0 0 0.999712 0.0239939
561.700000000 54.3589 42.8858 0 0 0 0.999705 0.0243081
561.800000000 54.3406 42.8868 0 0 0 0.999697 0.0245961
561.900000000 54.3223 42.8878 0 0 0 0.99969 0.0248841
562.000000000 54.3023 42.8886 0 0 0 0.999702 0.0244126
562.100000000 54.2823 42.8894 0 0 0 0.999713 0.0239412
562.200000000 54.2623 42.8902 0 0 0 0.999725 0.0234697
562.300000000 54.2424 42.8909 0 0 0 0.999736 0.0229982
562.400000000 54.2224 42.8917 0 0 0 0.999746 0.0225268
562.500000000 54.2024 42.8924 0 0 0 0.999757 0.0220553
562.600000000 54.1807 42.8931 0 0 0 0.999768 0.0215445
562.700000000 54.1591 42.8938 0 0 0 0.999779 0.0210338
562.800000000 54.1374 42.8946 0 0 0 0.999789 0.020523
562.900000000 54.1158 42.8952 0 0 0 0.9998 0.0200122
563.000000000 54.0941 42.8959 0 0 0 0.99981 0.0195014
563.100000000 54.0724 42.8965 0 0 0 0.99982 0.0189906
563.200000000 54.0524 42.8971 0 0 0 0.999829 0.0185191
563.300000000 54.0325 42.8977 0 0 0 0.999837 0.0180476
563.400000000 54.0091 42.8983 0 0 0 0.999847 0.0174975
563.500000000 53.9875 42.8988 0 0 0 0.999856 0.0169867
563.600000000 53.9658 42.8994 0 0 0 0.999864 0.0164759
563.700000000 53.9441 42.8999 0 0 0 0.999873 0.0159651
563.800000000 53.9225 42.9004 0 0 0 0.999881 0.0154543
563.900000000 53.9008 42.9009 0 0 0 0.999886 0.0151138
564.000000000 53.8792 42.9014 0 0 0 0.999891 0.0147734
564.100000000 53.8575 42.9019 0 0 0 0.999896 0.014433
564.200000000 53.8358 42.9024 0 0 0 0.999901 0.0140926
564.300000000 53.8158 42.9029 0 0 0 0.999905 0.0137784
564.400000000 53.7942 42.9033 0 0 0 0.99991 0.0134379
564.500000000 53.7725 42.9038 0 0 0 0.999914 0.0130975
564.600000000 53.7509 42.9042 0 0 0 0.999919 0.0127571
564.700000000 53.7292 42.9046 0 0 0 0.999923 0.0124167
564.800000000 53.7092 42.905 0 0 0 0.999927 0.0121024
564.900000000 53.6875 42.9054 0 0 0 0.999931 0.011762
565.000000000 53.6675 42.9057 0 0 0 0.999934 0.0114478
565.100000000 53.6475 42.906 0 0 0 0.999938 0.0111335
565.200000000 53.6259 42.9064 0 0 0 0.999942 0.0107931
565.300000000 53.6042 42.9067 0 0 0 0.999945 0.0104527
565.400000000 53.5809 42.9071 0 0 0 0.999949 0.010086
565.500000000 53.5592 42.9074 0 0 0 0.999953 0.00974561
565.600000000 53.5375 42.9076 0 0 0 0.999956 0.00940517
565.700000000 53.5159 42.9079 0 0 0 0.999959 0.00906473
565.800000000 53.4942 42.9082 0 0 0 0.999962 0.0087243
565.900000000 53.4726 42.9084 0 0 0 0.999965 0.00838386
566.000000000 53.4509 42.9087 0 0 0 0.999966 0.00821368
566.100000000 53.4309 42.909 0 0 0 0.999968 0.00805659
566.200000000 53.4092 42.9093 0 0 0 0.999969 0.00788641
566.300000000 53.3876 42.9095 0 0 0 0.99997 0.00771624
566.400000000 53.3659 42.9098 0 0 0 0.999972 0.00754606
566.500000000 53.3442 42.9101 0 0 0 0.999973 0.00737588
566.600000000 53.3226 42.9103 0 0 0 0.999974 0.0072057
566.700000000 53.3009 42.9106 0 0 0 0.999975 0.00703552
566.800000000 53.2792 42.9108 0 0 0 0.999976 0.00686534
566.900000000 53.2576 42.911 0 0 0 0.999978 0.00669516
567.000000000 53.2376 42.9112 0 0 0 0.999979 0.00653807
567.100000000 53.2176 42.9114 0 0 0 0.99998 0.00638098
567.200000000 53.1959 42.9116 0 0 0 0.999981 0.0062108
567.300000000 53.1742 42.9118 0 0 0 0.999982 0.00604062
567.400000000 53.1476 42.9121 0 0 0 0.999983 0.00583117
567.500000000 53.1209 42.9123 0 0 0 0.999984 0.00562172
567.600000000 53.0959 42.9125 0 0 0 0.999985 0.00542535
567.700000000 53.0709 42.9127 0 0 0 0.999986 0.00522899
567.800000000 53.0459 42.9129 0 0 0 0.999987 0.00503263
567.900000000 53.0209 42.9131 0 0 0 0.999988 0.00483626
568.000000000 52.9942 42.9132 0 0 0 0.999989 0.00462681
568.100000000 52.9676 42.9134 0 0 0 0.99999 0.00441735
568.200000000 52.9409 42.9135 0 0 0 0.999991 0.0042079
568.300000000 52.9142 42.9137 0 0 0 0.999992 0.00399845
568.400000000 52.8892 42.9138 0 0 0 0.999993 0.00380208
568.500000000 52.8642 42.9139 0 0 0 0.999993 0.00360572
568.600000000 52.8309 42.9141 0 0 0 0.999994 0.0033439
568.700000000 52.7992 42.9142 0 0 0 0.999995 0.00309517
568.800000000 52.7676 42.9143 0 0 0 0.999996 0.00284644
568.900000000 52.7342 42.9143 0 0 0 0.999997 0.00258462
569.000000000 52.7026 42.9144 0 0 0 0.999997 0.00233589
569.100000000 52.6709 42.9145 0 0 0 0.999998 0.00208716
569.200000000 52.6376 42.9145 0 0 0 0.999998 0.00182534
569.300000000 52.6059 42.9146 0 0 0 0.999998 0.00182534
569.400000000 52.5726 42.9147 0 0 0 0.999998 0.00182534
569.500000000 52.5409 42.9148 0 0 0 0.999998 0.00182534
569.600000000 52.5092 42.915 0 0 0 0.999998 0.00182534
569.700000000 52.4759 42.9151 0 0 0 0.999998 0.00182534
569.800000000 52.4442 42.9152 0 0 0 0.999998 0.00182534
569.900000000 52.4109 42.9153 0 0 0 0.999998 0.00182534
570.000000000 52.3792 42.9154 0 0 0 0.999998 0.00182534
570.100000000 52.3459 42.9156 0 0 0 0.999998 0.00182534
570.200000000 52.3142 42.9157 0 0 0 0.999998 0.00182534
570.300000000 52.2826 42.9158 0 0 0 0.999998 0.00182534
570.400000000 52.2509 42.9159 0 0 0 0.999998 0.00182534
570.500000000 52.2176 42.916 0 0 0 0.999998 0.00182534
570.600000000 52.1859 42.9161 0 0 0 0.999998 0.00182534
570.700000000 52.1526 42.9163 0 0 0 0.999998 0.00182534
570.800000000 52.1209 42.9164 0 0 0 0.999998 0.00182534
570.900000000 52.0892 42.9165 0 0 0 0.999998 0.00182534
571.000000000 52.0576 42.9166 0 0 0 0.999998 0.00182534
571.100000000 52.0242 42.9167 0 0 0 0.999998 0.00182534
571.200000000 51.9926 42.9168 0 0 0 0.999998 0.00182534
571.300000000 51.9592 42.917 0 0 0 0.999998 0.00182534
571.400000000 51.9276 42.9171 0 0 0 0.999998 0.00182534
571.500000000 51.8959 42.9172 0 0 0 0.999998 0.00182534
571.600000000 51.8642 42.9173 0 0 0 0.999998 0.00182534
571.700000000 51.8309 42.9174 0 0 0 0.999998 0.00182534
571.800000000 51.7992 42.9176 0 0 0 0.999998 0.00182534
571.900000000 51.7659 42.9177 0 0 0 0.999998 0.00182534
572.000000000 51.7342 42.9178 0 0 0 0.999998 0.00182534
572.100000000 51.7009 42.9179 0 0 0 0.999998 0.00182534
572.200000000 51.6676 42.918 0 0 0 0.999998 0.00182534
572.300000000 51.6342 42.9182 0 0 0 0.999998 0.00182534
572.400000000 51.6026 42.9183 0 0 0 0.999998 0.00182534
572.500000000 51.5726 42.9184 0 0 0 0.999998 0.00182534
572.600000000 51.5392 42.9185 0 0 0 0.999998 0.00182534
572.700000000 51.5059 42.9186 0 0 0 0.999998 0.00182534
572.800000000 51.4742 42.9187 0 0 0 0.999998 0.00182534
572.900000000 51.3993 42.9165 0 0 0 0.99999 -0.00440411
573.000000000 51.3243 42.9134 0 0 0 0.999943 -0.0106334
573.100000000 51.2494 42.9093 0 0 0 0.999858 -0.0168623
573.200000000 51.1745 42.9043 0 0 0 0.999733 -0.0230905
573.300000000 51.0997 42.8983 0 0 0 0.99957 -0.0293178
573.400000000 51.025 42.8914 0 0 0 0.999368 -0.035544
573.500000000 50.9504 42.8836 0 0 0 0.999127 -0.0417688
573.600000000 50.8759 42.8749 0 0 0 0.998848 -0.047992
573.700000000 50.8015 42.8652 0 0 0 0.998529 -0.0542133
573.800000000 50.7272 42.8546 0 0 0 0.998172 -0.0604325
573.900000000 50.6531 42.8431 0 0 0 0.997776 -0.0666494
574.000000000 50.5791 42.8306 0 0 0 0.997342 -0.0728637
574.100000000 50.5053 42.8173 0 0 0 0.996869 -0.0790751
574.200000000 50.4316 42.803 0 0 0 0.996357 -0.0852835
574.300000000 50.3667 42.7851 0 0 0 0.99482 -0.101652
574.400000000 50.3068 42.7652 0 0 0 0.99276 -0.120118
574.500000000 50.2488 42.7432 0 0 0 0.990313 -0.138853
574.600000000 50.1933 42.7196 0 0 0 0.987593 -0.157035
574.700000000 50.1402 42.6948 0 0 0 0.984629 -0.174661
574.800000000 50.0894 42.669 0 0 0 0.981564 -0.191134
574.900000000 50.0424 42.6432 0 0 0 0.978428 -0.206589
575.000000000 49.9978 42.6166 0 0 0 0.975035 -0.222052
575.100000000 49.9536 42.5895 0 0 0 0.972028 -0.234867
575.200000000 49.9115 42.5622 0 0 0 0.968957 -0.247229
575.300000000 49.8699 42.5341 0 0 0 0.965982 -0.258611
575.400000000 49.8303 42.506 0 0 0 0.962978 -0.269579
575.500000000 49.7928 42.4781 0 0 0 0.95996 -0.280136
575.600000000 49.7572 42.4503 0 0 0 0.956941 -0.290283
575.700000000 49.723 42.4236 0 0 0 0.954532 -0.298108
575.800000000 49.6905 42.3973 0 0 0 0.952156 -0.305613
575.900000000 49.6507 42.3578 0 0 0 0.945124 -0.326712
576.000000000 49.6273 42.3241 0 0 0 0.934836 -0.35508
576.100000000 49.6221 42.2985 0 0 0 0.920179 -0.391498
576.200000000 49.6287 42.2795 0 0 0 0.901623 -0.432522
576.300000000 49.6449 42.2677 0 0 0 0.878879 -0.477044
576.400000000 49.6622 42.2577 0 0 0 -0.853939 0.520373
576.500000000 49.6804 42.2494 0 0 0 -0.826864 0.562402
576.600000000 49.6993 42.243 0 0 0 -0.797722 0.603025
576.700000000 49.7188 42.2385 0 0 0 -0.766586 0.642141
576.800000000 49.7386 42.236 0 0 0 -0.733535 0.679652
576.900000000 49.7586 42.2355 0 0 0 -0.698649 0.715464
577.000000000 49.7786 42.237 0 0 0 -0.662018 0.749488
577.100000000 49.7983 42.2404 0 0 0 -0.623732 0.781638
577.200000000 49.8175 42.2458 0 0 0 -0.583887 0.811835
577.300000000 49.8361 42.2531 0 0 0 -0.542582 0.840003
577.400000000 49.8539 42.2623 0 0 0 -0.499921 0.866071
577.500000000 49.8707 42.2731 0 0 0 -0.456011 0.889974
577.600000000 49.8863 42.2856 0 0 0 -0.410961 0.911653
577.700000000 49.9006 42.2995 0 0 0 -0.364884 0.931053
577.800000000 49.9135 42.3149 0 0 0 -0.317895 0.948126
577.900000000 49.9247 42.3314 0 0 0 -0.270111 0.962829
578.000000000 49.9342 42.349 0 0 0 -0.221652 0.975126
578.100000000 49.942 42.3674 0 0 0 -0.172639 0.984985
578.200000000 49.9478 42.3865 0 0 0 -0.123194 0.992383
578.300000000 49.9517 42.4061 0 0 0 -0.0734419 0.997299
578.400000000 49.9537 42.426 0 0 0 -0.0235059 0.999724
578.500000000 49.9536 42.446 0 0 0 0.0264888 0.999649
578.600000000 49.9515 42.4659 0 0 0 0.0764173 0.997076
578.700000000 49.9475 42.4855 0 0 0 0.126155 0.992011
578.800000000 49.9415 42.5046 0 0 0 0.175577 0.984466
578.900000000 49.9337 42.523 0 0 0 0.22456 0.97446
579.000000000 49.9241 42.5405 0 0 0 0.272982 0.962019
579.100000000 49.9127 42.557 0 0 0 0.320722 0.947173
579.200000000 49.8998 42.5722 0 0 0 0.36766 0.92996
579.300000000 49.8854 42.5861 0 0 0 0.413679 0.910423
579.400000000 49.8697 42.5985 0 0 0 0.458665 0.888609
579.500000000 49.8529 42.6092 0 0 0 0.502503 0.864575
579.600000000 49.835 42.6182 0 0 0 0.545086 0.83838
579.700000000 49.8164 42.6254 0 0 0 0.586306 0.810089
579.800000000 49.7971 42.6307 0 0 0 0.626061 0.779774
579.900000000 49.7774 42.6341 0 0 0 0.664251 0.747509
580.000000000 49.7652 42.6596 0 0 0 0.691981 0.721915
580.100000000 49.7532 42.6926 0 0 0 0.715814 0.698291
580.200000000 49.7391 42.7256 0 0 0 0.738547 0.674202
580.300000000 49.7229 42.7575 0 0 0 0.760469 0.649374
580.400000000 49.7046 42.7884 0 0 0 0.781557 0.623833
580.500000000 49.6843 42.8179 0 0 0 0.801788 0.597608
580.600000000 49.6621 42.8461 0 0 0 0.821139 0.570728
580.700000000 49.6381 42.8727 0 0 0 0.83959 0.543221
580.800000000 49.6124 42.8976 0 0 0 0.857119 0.515119
580.900000000 49.5851 42.9208 0 0 0 0.873708 0.486451
581.000000000 49.5503 42.9579 0 0 0 0.885595 0.464458
581.100000000 49.5072 43.0084 0 0 0 0.893307 0.449447
581.200000000 49.46 43.0625 0 0 0 0.899591 0.436734
581.300000000 49.4108 43.1161 0 0 0 0.905495 0.424358
581.400000000 49.3602 43.1683 0 0 0 0.911228 0.411902
581.500000000 49.3082 43.2191 0 0 0 0.91679 0.399369
581.600000000 49.2548 43.2685 0 0 0 0.92218 0.386761
581.700000000 49.2001 43.3163 0 0 0 0.927397 0.37408
581.800000000 49.1441 43.3627 0 0 0 0.932439 0.361328
581.900000000 49.0868 43.4075 0 0 0 0.937305 0.348509
582.000000000 49.0284 43.4507 0 0 0 0.941996 0.335624
582.100000000 48.9687 43.4923 0 0 0 0.946509 0.322676
582.200000000 48.9088 43.5374 0 0 0 0.947234 0.320544
582.300000000 48.8513 43.5856 0 0 0 0.944449 0.328658
582.400000000 48.7949 43.6352 0 0 0 0.941223 0.337785
582.500000000 48.7396 43.6859 0 0 0 0.93791 0.34688
582.600000000 48.6851 43.7376 0 0 0 0.934508 0.355942
582.700000000 48.6318 43.7903 0 0 0 0.931019 0.364971
582.800000000 48.5794 43.8441 0 0 0 0.927442 0.373966
582.900000000 48.5357 43.8953 0 0 0 0.921169 0.389163
583.000000000 48.4944 43.9475 0 0 0 0.91447 0.404653
583.100000000 48.4549 44.0009 0 0 0 0.907511 0.420028
583.200000000 48.4173 44.0557 0 0 0 0.900293 0.435284
583.300000000 48.3815 44.1118 0 0 0 0.892819 0.450415
583.400000000 48.3476 44.169 0 0 0 0.885091 0.465419
583.500000000 48.3157 44.2273 0 0 0 0.87711 0.480289
583.600000000 48.2858 44.2866 0 0 0 0.86888 0.495023
583.700000000 48.2579 44.347 0 0 0 0.860402 0.509616
583.800000000 48.232 44.4082 0 0 0 0.851679 0.524064
583.900000000 48.2082 44.4703 0 0 0 0.842713 0.538362
584.000000000 48.185 44.5353 0 0 0 0.834239 0.551404
584.100000000 48.1637 44.601 0 0 0 0.825562 0.564312
584.200000000 48.1445 44.6674 0 0 0 0.816685 0.577083
584.300000000 48.1274 44.7343 0 0 0 0.807611 0.589715
584.400000000 48.1124 44.8017 0 0 0 0.798342 0.602204
584.500000000 48.0995 44.8696 0 0 0 0.78888 0.614548
584.600000000 48.0887 44.9378 0 0 0 0.779226 0.626742
584.700000000 48.08 45.0064 0 0 0 0.769385 0.638786
584.800000000 48.0735 45.0751 0 0 0 0.759357 0.650674
584.900000000 48.0691 45.1441 0 0 0 0.749145 0.662406
585.000000000 48.0642 45.219 0 0 0 0.741988 0.670413
585.100000000 48.0606 45.294 0 0 0 0.735101 0.677958
585.200000000 48.0587 45.369 0 0 0 0.728137 0.685431
585.300000000 48.0582 45.4441 0 0 0 0.721098 0.692833
585.400000000 48.0593 45.5191 0 0 0 0.713983 0.700163
585.500000000 48.0619 45.5942 0 0 0 0.706794 0.70742
585.600000000 48.0661 45.6691 0 0 0 0.69953 0.714603
585.700000000 48.0718 45.744 0 0 0 0.692194 0.721711
585.800000000 48.079 45.8187 0 0 0 0.684786 0.728744
585.900000000 48.0877 45.8933 0 0 0 0.677306 0.735701
586.000000000 48.0959 45.9678 0 0 0 0.673641 0.739059
586.100000000 48.1045 46.0423 0 0 0 0.670443 0.741961
586.200000000 48.1138 46.1168 0 0 0 0.667233 0.744849
586.300000000 48.1238 46.1911 0 0 0 0.66401 0.747723
586.400000000 48.1343 46.2654 0 0 0 0.660775 0.750584
586.500000000 48.1456 46.3396 0 0 0 0.657528 0.75343
586.600000000 48.1574 46.4136 0 0 0 0.654268 0.756263
586.700000000 48.1699 46.4876 0 0 0 0.650997 0.759081
586.800000000 48.183 46.5614 0 0 0 0.647713 0.761885
586.900000000 48.1968 46.6352 0 0 0 0.644417 0.764675
587.000000000 48.2092 46.7091 0 0 0 0.645008 0.764176
587.100000000 48.2215 46.7831 0 0 0 0.645599 0.763677
587.200000000 48.2337 46.8571 0 0 0 0.646189 0.763178
587.300000000 48.2458 46.9312 0 0 0 0.646779 0.762678
587.400000000 48.2577 47.0052 0 0 0 0.647368 0.762177
587.500000000 48.2695 47.0793 0 0 0 0.647958 0.761676
587.600000000 48.2812 47.1533 0 0 0 0.648546 0.761175
587.700000000 48.2928 47.2274 0 0 0 0.649135 0.760673
587.800000000 48.3043 47.3016 0 0 0 0.649723 0.760171
587.900000000 48.3157 47.3757 0 0 0 0.650311 0.759668
588.000000000 48.327 47.4498 0 0 0 0.650898 0.759165
588.100000000 48.3381 47.524 0 0 0 0.651485 0.758662
588.200000000 48.3461 47.5986 0 0 0 0.657969 0.753045
588.300000000 48.3525 47.6734 0 0 0 0.66482 0.747004
588.400000000 48.3576 47.7483 0 0 0 0.671615 0.7409
588.500000000 48.3613 47.8233 0 0 0 0.678355 0.734734
588.600000000 48.3636 47.8983 0 0 0 0.685038 0.728507
588.700000000 48.3645 47.9733 0 0 0 0.691664 0.722219
588.800000000 48.3641 48.0484 0 0 0 0.698232 0.715871
588.900000000 48.3624 48.1234 0 0 0 0.704742 0.709464
589.000000000 48.3606 48.1984 0 0 0 0.70871 0.7055
589.100000000 48.3583 48.2734 0 0 0 0.712208 0.701968
589.200000000 48.3552 48.3484 0 0 0 0.715689 0.698419
589.300000000 48.3514 48.4233 0 0 0 0.719152 0.694853
589.400000000 48.3468 48.4982 0 0 0 0.722597 0.691269
589.500000000 48.3415 48.573 0 0 0 0.726025 0.687668
589.600000000 48.3355 48.6478 0 0 0 0.729435 0.684051
589.700000000 48.3287 48.7225 0 0 0 0.732826 0.680416
589.800000000 48.3211 48.7971 0 0 0 0.736199 0.676765
589.900000000 48.3129 48.8717 0 0 0 0.739555 0.673096
590.000000000 48.3055 48.9463 0 0 0 0.740075 0.672524
590.100000000 48.2983 49.021 0 0 0 0.740075 0.672524
590.200000000 48.2912 49.0956 0 0 0 0.740075 0.672524
590.300000000 48.284 49.1703 0 0 0 0.740075 0.672524
590.400000000 48.2769 49.2449 0 0 0 0.740075 0.672524
590.500000000 48.2697 49.3196 0 0 0 0.740075 0.672524
590.600000000 48.2626 49.3942 0 0 0 0.740075 0.672524
590.700000000 48.2554 49.4689 0 0 0 0.740075 0.672524
590.800000000 48.2483 49.5436 0 0 0 0.740075 0.672524
590.900000000 48.2411 49.6182 0 0 0 0.740075 0.672524
591.000000000 48.2351 49.693 0 0 0 0.738081 0.674712
591.100000000 48.2296 49.7678 0 0 0 0.736081 0.676893
591.200000000 48.2245 49.8426 0 0 0 0.734075 0.679069
591.300000000 48.2198 49.9175 0 0 0 0.732062 0.681238
591.400000000 48.2156 49.9924 0 0 0 0.730043 0.683402
591.500000000 48.2119 50.0673 0 0 0 0.728017 0.685559
591.600000000 48.2086 50.1422 0 0 0 0.725985 0.687711
591.700000000 48.2057 50.2172 0 0 0 0.723946 0.689856
591.800000000 48.2032 50.2921 0 0 0 0.721901 0.691996
591.900000000 48.2013 50.3671 0 0 0 0.71985 0.694129
592.000000000 48.1994 50.4421 0 0 0 0.718285 0.695749
592.100000000 48.1979 50.5171 0 0 0 0.716717 0.697364
592.200000000 48.1968 50.5921 0 0 0 0.715145 0.698976
592.300000000 48.196 50.6671 0 0 0 0.713569 0.700585
592.400000000 48.1955 50.7421 0 0 0 0.71199 0.70219
592.500000000 48.1954 50.8171 0 0 0 0.710407 0.703791
592.600000000 48.1956 50.8921 0 0 0 0.70882 0.705389
592.700000000 48.1961 50.9671 0 0 0 0.70723 0.706983
592.800000000 48.197 51.0421 0 0 0 0.705636 0.708574
592.900000000 48.1982 51.1171 0 0 0 0.704039 0.710161
593.000000000 48.1997 51.1921 0 0 0 0.702438 0.711745
593.100000000 48.2016 51.267 0 0 0 0.700834 0.713325
593.200000000 48.2038 51.342 0 0 0 0.699226 0.714901
593.300000000 48.2064 51.417 0 0 0 0.697614 0.716474
593.400000000 48.2081 51.492 0 0 0 0.698168 0.715934
593.500000000 48.2097 51.5669 0 0 0 0.698721 0.715394
593.600000000 48.2111 51.6419 0 0 0 0.699274 0.714853
593.700000000 48.2125 51.7169 0 0 0 0.699827 0.714312
593.800000000 48.2137 51.7919 0 0 0 0.700379 0.713771
593.900000000 48.2171 51.8668 0 0 0 0.696822 0.717244
594.000000000 48.2215 51.9417 0 0 0 0.692789 0.72114
594.100000000 48.2268 52.0166 0 0 0 0.688734 0.725014
594.200000000 48.2329 52.0913 0 0 0 0.684657 0.728865
594.300000000 48.2398 52.166 0 0 0 0.680559 0.732693
594.400000000 48.2475 52.2407 0 0 0 0.676439 0.736498
594.500000000 48.2561 52.3152 0 0 0 0.672299 0.74028
594.600000000 48.2656 52.3896 0 0 0 0.668136 0.744039
594.700000000 48.2758 52.4639 0 0 0 0.663953 0.747774
594.800000000 48.2869 52.5381 0 0 0 0.659749 0.751486
594.900000000 48.2989 52.6122 0 0 0 0.655525 0.755174
595.000000000 48.3116 52.6861 0 0 0 0.651279 0.758838
595.100000000 48.3252 52.7599 0 0 0 0.647014 0.762478
595.200000000 48.3396 52.8335 0 0 0 0.642728 0.766095
595.300000000 48.3549 52.907 0 0 0 0.638421 0.769687
595.400000000 48.3737 52.9772 0 0 0 0.627807 0.778369
595.500000000 48.3944 53.0469 0 0 0 0.617076 0.786904
595.600000000 48.417 53.116 0 0 0 0.606228 0.795291
595.700000000 48.4415 53.1845 0 0 0 0.595266 0.803529
595.800000000 48.4679 53.2522 0 0 0 0.584193 0.811615
595.900000000 48.4961 53.3192 0 0 0 0.573009 0.819549
596.000000000 48.5234 53.3681 0 0 0 0.554642 0.832089
596.100000000 48.5497 53.3998 0 0 0 0.529283 0.848445
596.200000000 48.5729 53.4116 0 0 0 0.495574 0.868566
596.300000000 48.5944 53.414 0 0 0 0.457634 0.889141
596.400000000 48.6154 53.4133 0 0 0 0.41829 0.908314
596.500000000 48.6356 53.4097 0 0 0 0.377569 0.925981
596.600000000 48.6555 53.4043 0 0 0 0.336105 0.941825
596.700000000 48.6748 53.3972 0 0 0 0.293978 0.955812
596.800000000 48.6934 53.3884 0 0 0 0.251272 0.967917
596.900000000 48.7111 53.378 0 0 0 0.20807 0.978114
597.000000000 48.7279 53.366 0 0 0 0.164459 0.986384
597.100000000 48.7435 53.3526 0 0 0 0.120524 0.99271
597.200000000 48.7578 53.3379 0 0 0 0.0763515 0.997081
597.300000000 48.7696 53.3215 0 0 0 0.0313919 0.999507
597.400000000 48.7983 53.3107 0 0 0 2.13975e-05 1
597.500000000 48.8331 53.3031 0 0 0 -0.0192097 0.999815
597.600000000 48.8762 53.2965 0 0 0 -0.0315641 0.999502
597.700000000 48.9326 53.2905 0 0 0 -0.0374281 0.999299
597.800000000 48.9858 53.2877 0 0 0 -0.034486 0.999405
597.900000000 49.0393 53.2889 0 0 0 -0.0224505 0.999748
598.000000000 49.0918 53.296 0 0 0 0.00136867 0.999999
598.100000000 49.1368 53.3071 0 0 0 0.0287279 0.999587
598.200000000 49.1802 53.3207 0 0 0 0.0564618 0.998405
598.300000000 49.2229 53.3367 0 0 0 0.0841523 0.996453
598.400000000 49.2646 53.3551 0 0 0 0.111778 0.993733
598.500000000 49.3052 53.3757 0 0 0 0.139317 0.990248
598.600000000 49.3446 53.3986 0 0 0 0.166749 0.985999
598.700000000 49.3826 53.4236 0 0 0 0.194053 0.980991
598.800000000 49.4192 53.4506 0 0 0 0.221207 0.975227
598.900000000 49.4543 53.4797 0 0 0 0.248191 0.968711
599.000000000 49.4962 53.5134 0 0 0 0.270815 0.962632
599.100000000 49.5365 53.549 0 0 0 0.29329 0.956024
599.200000000 49.5743 53.5861 0 0 0 0.315978 0.948766
599.300000000 49.6103 53.625 0 0 0 0.338487 0.940971
599.400000000 49.6444 53.6655 0 0 0 0.360804 0.932642
599.500000000 49.6766 53.7076 0 0 0 0.382916 0.923783
599.600000000 49.7067 53.7513 0 0 0 0.40481 0.914401
599.700000000 49.7353 53.7967 0 0 0 0.426119 0.904667
599.800000000 49.7618 53.8435 0 0 0 0.447194 0.894437
599.900000000 49.7855 53.8909 0 0 0 0.468372 0.883532
600.000000000 49.8069 53.9394 0 0 0 0.489283 0.872125
600.100000000 49.8259 53.9889 0 0 0 0.509917 0.860223
600.200000000 49.8431 54.0398 0 0 0 0.529928 0.848042
600.300000000 49.8574 54.0908 0 0 0 0.549977 0.83518
600.400000000 49.8697 54.1432 0 0 0 0.56939 0.822067
600.500000000 49.8817 54.1995 0 0 0 0.586885 0.80967
600.600000000 49.8916 54.257 0 0 0 0.60379 0.797144
600.700000000 49.894 54.3047 0 0 0 0.624756 0.78082
600.800000000 49.8945 54.3539 0 0 0 0.64468 0.764452
600.900000000 49.8948 54.4092 0 0 0 0.661818 0.749664
601.000000000 49.8975 54.4791 0 0 0 0.673064 0.739584
601.100000000 49.9015 54.554 0 0 0 0.67854 0.734563
601.200000000 49.905 54.629 0 0 0 0.683103 0.730322
601.300000000 49.913 54.7036 0 0 0 0.677658 0.735377
601.400000000 49.9252 54.7681 0 0 0 0.664828 0.746996
601.500000000 49.9406 54.8204 0 0 0 0.647448 0.762109
601.600000000 49.9583 54.8719 0 0 0 0.629725 0.776818
601.700000000 49.9785 54.9234 0 0 0 0.611981 0.790873
601.800000000 50.0009 54.9739 0 0 0 0.593922 0.804522
601.900000000 50.0256 55.0233 0 0 0 0.57556 0.81776
602.000000000 50.0501 55.0554 0 0 0 0.550281 0.83498
602.100000000 50.0725 55.0673 0 0 0 0.516635 0.856206
602.200000000 50.0931 55.0682 0 0 0 0.478129 0.878289
602.300000000 50.1131 55.0662 0 0 0 0.43811 0.898921
602.400000000 50.1329 55.0623 0 0 0 0.397202 0.917731
602.500000000 50.1523 55.0566 0 0 0 0.355489 0.93468
602.600000000 50.1711 55.0492 0 0 0 0.313056 0.949735
602.700000000 50.1891 55.0402 0 0 0 0.269987 0.962864
602.800000000 50.2063 55.0296 0 0 0 0.226372 0.974041
602.900000000 50.2224 55.0175 0 0 0 0.182297 0.983243
603.000000000 50.2374 55.004 0 0 0 0.137853 0.990453
603.100000000 50.2511 54.9891 0 0 0 0.0931295 0.995654
603.200000000 50.2634 54.9732 0 0 0 0.0482172 0.998837
603.300000000 50.2952 54.9624 0 0 0 0.0137887 0.999905
603.400000000 50.3369 54.9544 0 0 0 -0.00910622 0.999959
603.500000000 50.3867 54.9478 0 0 0 -0.023364 0.999727
603.600000000 50.4614 54.9409 0 0 0 -0.0319387 0.99949
603.700000000 50.5362 54.9346 0 0 0 -0.0355846 0.999367
603.800000000 50.6109 54.9278 0 0 0 -0.0392301 0.99923
603.900000000 50.6855 54.9197 0 0 0 -0.0448331 0.998994
604.000000000 50.7602 54.9139 0 0 0 -0.0425835 0.999093
604.100000000 50.8351 54.9087 0 0 0 -0.0396265 0.999215
604.200000000 50.9099 54.9042 0 0 0 -0.0359811 0.999352
604.300000000 50.9848 54.9003 0 0 0 -0.0323353 0.999477
604.400000000 51.0598 54.8969 0 0 0 -0.028689 0.999588
604.500000000 51.1347 54.894 0 0 0 -0.0250423 0.999686
604.600000000 51.2097 54.8917 0 0 0 -0.0213953 0.999771
604.700000000 51.2847 54.89 0 0 0 -0.017748 0.999842
604.800000000 51.3597 54.8888 0 0 0 -0.0141005 0.999901
604.900000000 51.4347 54.8881 0 0 0 -0.0104528 0.999945
605.000000000 51.5097 54.888 0 0 0 -0.00680496 0.999977
605.100000000 51.5847 54.8885 0 0 0 -0.00315703 0.999995
605.200000000 51.6597 54.8894 0 0 0 0.000490952 1
605.300000000 51.7303 54.8954 0 0 0 0.015135 0.999885
605.400000000 51.7837 54.9062 0 0 0 0.0381588 0.999272
605.500000000 51.8203 54.9214 0 0 0 0.0691149 0.997609
605.600000000 51.8366 54.94 0 0 0 0.109271 0.994012
605.700000000 51.8329 54.9593 0 0 0 0.158051 0.987431
605.800000000 51.8257 54.9779 0 0 0 0.207205 0.978298
605.900000000 51.8167 54.9958 0 0 0 0.25584 0.966719
606.000000000 51.806 55.0126 0 0 0 0.303836 0.952724
606.100000000 51.7936 55.0283 0 0 0 0.351073 0.936348
606.200000000 51.7797 55.0427 0 0 0 0.397432 0.917632
606.300000000 51.7645 55.0557 0 0 0 0.442798 0.896621
606.400000000 51.748 55.067 0 0 0 0.487057 0.87337
606.500000000 51.7305 55.0766 0 0 0 0.530099 0.847936
606.600000000 51.7121 55.0845 0 0 0 0.571815 0.820382
606.700000000 51.693 55.0905 0 0 0 0.612103 0.790778
606.800000000 51.6735 55.0945 0 0 0 0.65086 0.759198
606.900000000 51.6536 55.0966 0 0 0 0.687991 0.725719
607.000000000 51.6398 55.1213 0 0 0 0.714882 0.699245
607.100000000 51.6261 55.1561 0 0 0 0.737066 0.675821
607.200000000 51.6103 55.1907 0 0 0 0.758206 0.652015
607.300000000 51.5924 55.2252 0 0 0 0.778314 0.627875
607.400000000 51.5724 55.2585 0 0 0 0.797654 0.603116
607.500000000 51.5503 55.2904 0 0 0 0.816206 0.577761
607.600000000 51.5263 55.3201 0 0 0 0.834185 0.551485
607.700000000 51.5013 55.3447 0 0 0 0.852219 0.523185
607.800000000 51.4746 55.3675 0 0 0 0.869294 0.494296
607.900000000 51.4471 55.3868 0 0 0 0.885802 0.464064
608.000000000 51.4116 55.4198 0 0 0 0.897646 0.440718
608.100000000 51.367 55.4656 0 0 0 0.905501 0.424344
608.200000000 51.3154 55.5196 0 0 0 0.910839 0.412763
608.300000000 51.2623 55.5727 0 0 0 0.915831 0.401563
608.400000000 51.2079 55.6245 0 0 0 0.920686 0.390304
608.500000000 51.1523 55.6749 0 0 0 0.925403 0.378985
608.600000000 51.0955 55.724 0 0 0 0.92998 0.36761
608.700000000 51.0374 55.7716 0 0 0 0.934418 0.356179
608.800000000 50.9782 55.8179 0 0 0 0.938715 0.344695
608.900000000 50.9179 55.8626 0 0 0 0.942871 0.333159
609.000000000 50.8596 55.9097 0 0 0 0.942871 0.333159
609.100000000 50.8018 55.9576 0 0 0 0.942118 0.335281
609.200000000 50.7442 56.0056 0 0 0 0.941361 0.337402
609.300000000 50.6869 56.054 0 0 0 0.940599 0.339521
609.400000000 50.6297 56.1026 0 0 0 0.939832 0.341638
609.500000000 50.5728 56.1514 0 0 0 0.93906 0.343753
609.600000000 50.5161 56.2005 0 0 0 0.938284 0.345867
609.700000000 50.4597 56.2499 0 0 0 0.937502 0.347979
609.800000000 50.4034 56.2995 0 0 0 0.936716 0.350089
609.900000000 50.3474 56.3494 0 0 0 0.935926 0.352197
610.000000000 50.2939 56.402 0 0 0 0.932089 0.362229
610.100000000 50.2416 56.456 0 0 0 0.927953 0.372698
610.200000000 50.1906 56.511 0 0 0 0.923699 0.383119
610.300000000 50.1408 56.5673 0 0 0 0.919328 0.393492
610.400000000 50.0924 56.6246 0 0 0 0.914841 0.403815
610.500000000 50.0452 56.683 0 0 0 0.910238 0.414086
610.600000000 49.9993 56.7425 0 0 0 0.905519 0.424306
610.700000000 49.9548 56.803 0 0 0 0.900686 0.434471
610.800000000 49.9117 56.8644 0 0 0 0.895738 0.444582
610.900000000 49.87 56.9268 0 0 0 0.890677 0.454636
611.000000000 49.8296 56.9902 0 0 0 0.885504 0.464632
611.100000000 49.7908 57.0544 0 0 0 0.880218 0.47457
611.200000000 49.7541 57.1194 0 0 0 0.874094 0.485756
611.300000000 49.7191 57.1853 0 0 0 0.867829 0.496864
611.400000000 49.6854 57.2524 0 0 0 0.861671 0.507467
611.500000000 49.6534 57.3203 0 0 0 0.855384 0.517994
611.600000000 49.623 57.389 0 0 0 0.848968 0.528444
611.700000000 49.5943 57.4584 0 0 0 0.842425 0.538814
611.800000000 49.5672 57.5284 0 0 0 0.836029 0.548686
611.900000000 49.5415 57.599 0 0 0 0.8298 0.558061
612.000000000 49.5174 57.6701 0 0 0 0.823466 0.567366
612.100000000 49.4947 57.7416 0 0 0 0.817325 0.576177
612.200000000 49.4735 57.8137 0 0 0 0.811089 0.584922
612.300000000 49.4538 57.8861 0 0 0 0.805072 0.593177
612.400000000 49.4354 57.9589 0 0 0 0.798971 0.60137
612.500000000 49.4184 58.032 0 0 0 0.793112 0.609075
612.600000000 49.4028 58.1054 0 0 0 0.787179 0.616724
612.700000000 49.3886 58.1791 0 0 0 0.781173 0.624315
612.800000000 49.3757 58.2531 0 0 0 0.775437 0.631424
612.900000000 49.3639 58.3272 0 0 0 0.769993 0.638053
613.000000000 49.3533 58.4015 0 0 0 0.764491 0.644634
613.100000000 49.3438 58.4759 0 0 0 0.759303 0.650737
613.200000000 49.3355 58.5505 0 0 0 0.754066 0.656798
613.300000000 49.3281 58.6252 0 0 0 0.749166 0.662383
613.400000000 49.3219 58.7 0 0 0 0.744224 0.66793
613.500000000 49.3165 58.7748 0 0 0 0.73964 0.673003
613.600000000 49.3122 58.8497 0 0 0 0.735022 0.678043
613.700000000 49.3089 58.9247 0 0 0 0.730369 0.683052
613.800000000 49.3064 58.9996 0 0 0 0.7261 0.687589
613.900000000 49.3045 59.0746 0 0 0 0.722233 0.69165
614.000000000 49.3035 59.1497 0 0 0 0.718343 0.695689
614.100000000 49.3034 59.2247 0 0 0 0.71443 0.699707
614.200000000 49.3038 59.2997 0 0 0 0.710943 0.70325
614.300000000 49.305 59.3747 0 0 0 0.707438 0.706775
614.400000000 49.3069 59.4497 0 0 0 0.703916 0.710284
614.500000000 49.3093 59.5247 0 0 0 0.700842 0.713317
614.600000000 49.3123 59.5996 0 0 0 0.697755 0.716336
614.700000000 49.3158 59.6745 0 0 0 0.695137 0.718877
614.800000000 49.32 59.7494 0 0 0 0.692027 0.721872
614.900000000 49.3246 59.8243 0 0 0 0.689389 0.724392
615.000000000 49.3298 59.8991 0 0 0 0.686742 0.726902
615.100000000 49.3352 59.9739 0 0 0 0.684587 0.728931
615.200000000 49.3411 60.0487 0 0 0 0.682427 0.730954
615.300000000 49.3474 60.1235 0 0 0 0.680261 0.73297
615.400000000 49.3539 60.1982 0 0 0 0.678609 0.7345
615.500000000 49.3607 60.2729 0 0 0 0.676953 0.736026
615.600000000 49.3673 60.3476 0 0 0 0.676384 0.73655
615.700000000 49.374 60.4223 0 0 0 0.675814 0.737072
615.800000000 49.3758 60.4974 0 0 0 0.684437 0.729072
615.900000000 49.3728 60.5621 0 0 0 0.69726 0.716818
616.000000000 49.3675 60.6266 0 0 0 0.709864 0.704339
616.100000000 49.36 60.6918 0 0 0 0.721948 0.691947
616.200000000 49.3504 60.7568 0 0 0 0.733817 0.679348
616.300000000 49.3384 60.8213 0 0 0 0.745465 0.666545
616.400000000 49.3229 60.8688 0 0 0 0.762148 0.647403
616.500000000 49.3044 60.8987 0 0 0 0.783441 0.621466
616.600000000 49.2847 60.9061 0 0 0 0.809884 0.58659
616.700000000 49.2659 60.9005 0 0 0 0.837767 0.546027
616.800000000 49.248 60.8915 0 0 0 0.86401 0.503474
616.900000000 49.2311 60.8808 0 0 0 0.888094 0.459662
617.000000000 49.2154 60.8684 0 0 0 0.909957 0.414702
617.100000000 49.201 60.8546 0 0 0 0.929547 0.368705
617.200000000 49.188 60.8394 0 0 0 0.946812 0.321786
617.300000000 49.1766 60.8229 0 0 0 0.961712 0.274063
617.400000000 49.167 60.8054 0 0 0 0.974207 0.225655
617.500000000 49.1591 60.7871 0 0 0 0.984268 0.176683
617.600000000 49.1531 60.768 0 0 0 0.991868 0.127269
617.700000000 49.149 60.7484 0 0 0 0.996989 0.0775371
617.800000000 49.1469 60.7285 0 0 0 0.999619 0.0276115
617.900000000 49.1468 60.7085 0 0 0 0.999749 -0.0223831
618.000000000 49.1235 60.6924 0 0 0 0.998193 -0.0600869
618.100000000 49.0851 60.6758 0 0 0 0.995962 -0.0897711
618.200000000 49.0461 60.6569 0 0 0 0.992945 -0.118572
618.300000000 49.0083 60.6358 0 0 0 0.989096 -0.147274
618.400000000 48.9717 60.6126 0 0 0 0.984417 -0.175852
618.500000000 48.9366 60.5873 0 0 0 0.978912 -0.204282
618.600000000 48.903 60.56 0 0 0 0.972586 -0.232542
618.700000000 48.871 60.5308 0 0 0 0.965445 -0.260606
618.800000000 48.8407 60.4998 0 0 0 0.957494 -0.288452
618.900000000 48.8123 60.4671 0 0 0 0.948741 -0.316056
619.000000000 48.7711 60.4257 0 0 0 0.941881 -0.335946
619.100000000 48.7162 60.3745 0 0 0 0.937691 -0.34747
619.200000000 48.6617 60.3229 0 0 0 0.934478 -0.35602
619.300000000 48.6081 60.2704 0 0 0 0.93139 -0.364023
619.400000000 48.5553 60.217 0 0 0 0.928233 -0.371999
619.500000000 48.5034 60.1628 0 0 0 0.925008 -0.379948
619.600000000 48.4525 60.1077 0 0 0 0.921715 -0.387869
619.700000000 48.4026 60.0517 0 0 0 0.918354 -0.395761
619.800000000 48.3536 59.9948 0 0 0 0.914925 -0.403624
619.900000000 48.3056 59.9371 0 0 0 0.911429 -0.411457
620.000000000 48.256 59.8809 0 0 0 0.911429 -0.411457
620.100000000 48.2059 59.825 0 0 0 0.912055 -0.410068
620.200000000 48.1557 59.7693 0 0 0 0.912679 -0.408678
620.300000000 48.1053 59.7138 0 0 0 0.9133 -0.407287
620.400000000 48.0547 59.6584 0 0 0 0.913919 -0.405896
620.500000000 48.004 59.6032 0 0 0 0.914537 -0.404503
620.600000000 47.953 59.5481 0 0 0 0.915152 -0.403109
620.700000000 47.902 59.4931 0 0 0 0.915765 -0.401714
620.800000000 47.8507 59.4384 0 0 0 0.916376 -0.400319
620.900000000 47.7993 59.3838 0 0 0 0.916985 -0.398922
621.000000000 47.7477 59.3293 0 0 0 0.917591 -0.397525
621.100000000 47.696 59.275 0 0 0 0.918196 -0.396127
621.200000000 47.6441 59.2209 0 0 0 0.918798 -0.394727
621.300000000 47.592 59.1669 0 0 0 0.919399 -0.393327
621.400000000 47.5398 59.1131 0 0 0 0.919997 -0.391926
621.500000000 47.4874 59.0594 0 0 0 0.920593 -0.390524
621.600000000 47.4348 59.0059 0 0 0 0.921187 -0.389121
621.700000000 47.3821 58.9526 0 0 0 0.921778 -0.387717
621.800000000 47.3292 58.8994 0 0 0 0.922368 -0.386313
621.900000000 47.2762 58.8464 0 0 0 0.922955 -0.384907
622.000000000 47.223 58.7935 0 0 0 0.923541 -0.3835
622.100000000 47.1696 58.7408 0 0 0 0.924124 -0.382093
622.200000000 47.1136 58.6908 0 0 0 0.927979 -0.372633
622.300000000 47.0565 58.642 0 0 0 0.931927 -0.362645
622.400000000 46.9985 58.5945 0 0 0 0.935679 -0.352853
622.500000000 46.9395 58.548 0 0 0 0.939249 -0.343235
622.600000000 46.8794 58.503 0 0 0 0.942882 -0.333128
622.700000000 46.8184 58.4593 0 0 0 0.946405 -0.322982
622.800000000 46.7564 58.4168 0 0 0 0.949819 -0.312799
622.900000000 46.6949 58.3782 0 0 0 0.954019 -0.299746
623.000000000 46.6329 58.3419 0 0 0 0.958174 -0.286187
623.100000000 46.57 58.3074 0 0 0 0.962136 -0.27257
623.200000000 46.5061 58.2747 0 0 0 0.965905 -0.258899
623.300000000 46.4413 58.2438 0 0 0 0.969479 -0.245175
623.400000000 46.3756 58.2148 0 0 0 0.972858 -0.231402
623.500000000 46.3092 58.1876 0 0 0 0.976042 -0.217583
623.600000000 46.242 58.1624 0 0 0 0.979029 -0.20372
623.700000000 46.1757 58.1396 0 0 0 0.981758 -0.190134
623.800000000 46.1119 58.1196 0 0 0 0.984182 -0.17716
623.900000000 46.0493 58.1018 0 0 0 0.98638 -0.164482
624.000000000 45.9863 58.0851 0 0 0 0.988237 -0.15293
624.100000000 45.9246 58.0704 0 0 0 0.989916 -0.141653
624.200000000 45.8642 58.0573 0 0 0 0.991428 -0.130656
624.300000000 45.8068 58.0463 0 0 0 0.992745 -0.120238
624.400000000 45.7509 58.0367 0 0 0 0.99392 -0.110106
624.500000000 45.678 58.0258 0 0 0 0.99529 -0.0969411
624.600000000 45.6049 58.0168 0 0 0 0.996486 -0.0837595
624.700000000 45.5316 58.0098 0 0 0 0.997507 -0.0705631
624.800000000 45.4581 58.0047 0 0 0 0.998354 -0.0573544
624.900000000 45.3846 58.0015 0 0 0 0.999026 -0.0441357
625.000000000 45.3095 57.9994 0 0 0 0.999459 -0.032888
625.100000000 45.2344 57.999 0 0 0 0.999766 -0.0216361
625.200000000 45.1594 58.0002 0 0 0 0.999946 -0.0103814
625.300000000 45.0843 58.0032 0 0 0 1 0.000874511
625.400000000 45.0094 58.0078 0 0 0 0.999926 0.0121303
625.500000000 44.9346 58.0141 0 0 0 0.999727 0.0233846
625.600000000 44.8599 58.0221 0 0 0 0.9994 0.034636
625.700000000 44.7855 58.0318 0 0 0 0.998947 0.0458829
625.800000000 44.7112 58.0432 0 0 0 0.998367 0.0571241
625.900000000 44.6369 58.0529 0 0 0 0.998194 0.0600785
626.000000000 44.5625 58.0628 0 0 0 0.998056 0.062326
626.100000000 44.4882 58.073 0 0 0 0.997913 0.0645733
626.200000000 44.414 58.0836 0 0 0 0.997765 0.0668201
626.300000000 44.3397 58.0945 0 0 0 0.997612 0.0690667
626.400000000 44.2656 58.1057 0 0 0 0.997454 0.0713129
626.500000000 44.1915 58.1173 0 0 0 0.997291 0.0735587
626.600000000 44.1174 58.1291 0 0 0 0.997123 0.0758042
626.700000000 44.0434 58.1414 0 0 0 0.99695 0.0780493
626.800000000 43.9695 58.1539 0 0 0 0.996771 0.0802939
626.900000000 43.8952 58.1645 0 0 0 0.997058 0.0766572
627.000000000 43.8209 58.1743 0 0 0 0.997363 0.0725724
627.100000000 43.7464 58.1836 0 0 0 0.997641 0.0686436
627.200000000 43.6719 58.1924 0 0 0 0.997899 0.0647923
627.300000000 43.5974 58.2006 0 0 0 0.998132 0.0610973
627.400000000 43.5228 58.2084 0 0 0 0.998342 0.0575588
627.500000000 43.4498 58.2154 0 0 0 0.998536 0.0540982
627.600000000 43.38 58.2217 0 0 0 0.998709 0.0507942
627.700000000 43.3119 58.2273 0 0 0 0.998868 0.0475684
627.800000000 43.2471 58.2323 0 0 0 0.999009 0.0444995
627.900000000 43.1839 58.2367 0 0 0 0.999138 0.0415089
628.000000000 43.1224 58.2406 0 0 0 0.999255 0.0385967
628.100000000 43.0641 58.244 0 0 0 0.999357 0.0358415
628.200000000 43.0075 58.247 0 0 0 0.99945 0.0331648
628.300000000 42.9526 58.2496 0 0 0 0.999533 0.0305666
628.400000000 42.8993 58.2519 0 0 0 0.999607 0.028047
628.500000000 42.8477 58.2538 0 0 0 0.999672 0.0256059
628.600000000 42.7977 58.2554 0 0 0 0.99973 0.0232434
628.700000000 42.7494 58.2568 0 0 0 0.99978 0.0209595
628.800000000 42.7027 58.2578 0 0 0 0.999824 0.0187543
628.900000000 42.6577 58.2587 0 0 0 0.999862 0.0166278
629.000000000 42.6044 58.2599 0 0 0 0.999882 0.0153704
629.100000000 42.5527 58.261 0 0 0 0.9999 0.0141522
629.200000000 42.5027 58.262 0 0 0 0.999916 0.0129734
629.300000000 42.4544 58.2628 0 0 0 0.99993 0.0118338
629.400000000 42.4077 58.2635 0 0 0 0.999942 0.0107335
629.500000000 42.3627 58.264 0 0 0 0.999953 0.00967246
629.600000000 42.3194 58.2644 0 0 0 0.999963 0.00865073
629.700000000 42.2761 58.2648 0 0 0 0.999971 0.00762899
629.800000000 42.2344 58.265 0 0 0 0.999978 0.00664654
629.900000000 42.1944 58.2652 0 0 0 0.999984 0.00570339
630.000000000 42.1644 58.265 0 0 0 0.99999 0.00452288
630.100000000 42.1377 58.2648 0 0 0 0.999995 0.00326251
630.200000000 42.1127 58.2645 0 0 0 0.999998 0.00208092
630.300000000 42.0894 58.2641 0 0 0 1 0.000978097
630.400000000 42.0661 58.2637 0 0 0 1 -0.000124728
630.500000000 42.0444 58.2633 0 0 0 0.999999 -0.00114878
630.600000000 42.0227 58.2628 0 0 0 0.999998 -0.00217283
630.700000000 42.0011 58.2623 0 0 0 0.999995 -0.00319688
630.800000000 41.9811 58.2618 0 0 0 0.999991 -0.00414215
630.900000000 41.9594 58.2614 0 0 0 0.999988 -0.00482372
631.000000000 41.9377 58.2609 0 0 0 0.999985 -0.00550528
631.100000000 41.9161 58.2604 0 0 0 0.999981 -0.00618685
631.200000000 41.8961 58.2599 0 0 0 0.999977 -0.00681598
631.300000000 41.8744 58.2593 0 0 0 0.999972 -0.00749754
631.400000000 41.8544 58.2588 0 0 0 0.999967 -0.00812667
631.500000000 41.8344 58.2582 0 0 0 0.999962 -0.00875579
631.600000000 41.8161 58.2576 0 0 0 0.999956 -0.00933248
631.700000000 41.7978 58.2571 0 0 0 0.999951 -0.00990918
631.800000000 41.7761 58.2564 0 0 0 0.999944 -0.0105907
631.900000000 41.7561 58.2557 0 0 0 0.999937 -0.0112198
632.000000000 41.7361 58.2551 0 0 0 0.999932 -0.0116914
632.100000000 41.7178 58.2545 0 0 0 0.999927 -0.0121236
632.200000000 41.6978 58.2538 0 0 0 0.999921 -0.0125952
632.300000000 41.6778 58.2531 0 0 0 0.999915 -0.0130667
632.400000000 41.6579 58.2524 0 0 0 0.999908 -0.0135383
632.500000000 41.6379 58.2516 0 0 0 0.999902 -0.0140098
632.600000000 41.6179 58.2509 0 0 0 0.999895 -0.0144814
632.700000000 41.5962 58.2501 0 0 0 0.999888 -0.0149922
632.800000000 41.5762 58.2493 0 0 0 0.99988 -0.0154637
632.900000000 41.5563 58.2485 0 0 0 0.999873 -0.0159353
633.000000000 41.5329 58.2475 0 0 0 0.999864 -0.0164854
633.100000000 41.5113 58.2466 0 0 0 0.999856 -0.0169962
633.200000000 41.4897 58.2457 0 0 0 0.999847 -0.017507
633.300000000 41.468 58.2447 0 0 0 0.999838 -0.0180178
633.400000000 41.4464 58.2437 0 0 0 0.999828 -0.0185286
633.500000000 41.4264 58.2428 0 0 0 0.999819 -0.0190001
633.600000000 41.4047 58.2417 0 0 0 0.99981 -0.0195109
633.700000000 41.3831 58.2407 0 0 0 0.9998 -0.0200217
633.800000000 41.3615 58.2396 0 0 0 0.999789 -0.0205325
633.900000000 41.3398 58.2385 0 0 0 0.999779 -0.0210433
634.000000000 41.3182 58.2374 0 0 0 0.999768 -0.021554
634.100000000 41.2965 58.2363 0 0 0 0.999757 -0.0220648
634.200000000 41.2749 58.2351 0 0 0 0.999745 -0.0225756
634.300000000 41.2533 58.234 0 0 0 0.999737 -0.0229159
634.400000000 41.2333 58.233 0 0 0 0.99973 -0.0232301
634.500000000 41.2117 58.2318 0 0 0 0.999722 -0.0235705
634.600000000 41.1917 58.2308 0 0 0 0.999715 -0.0238846
634.700000000 41.17 58.2296 0 0 0 0.999707 -0.024225
634.800000000 41.1501 58.2285 0 0 0 0.999699 -0.0245392
634.900000000 41.1234 58.2273 0 0 0 0.999709 -0.0241203
635.000000000 41.0985 58.2264 0 0 0 0.999723 -0.0235309
635.100000000 41.0701 58.2253 0 0 0 0.999739 -0.022863
635.200000000 41.0435 58.2243 0 0 0 0.999753 -0.0222344
635.300000000 41.0168 58.2234 0 0 0 0.999767 -0.0216058
635.400000000 40.9902 58.2225 0 0 0 0.99978 -0.0209771
635.500000000 40.9635 58.2216 0 0 0 0.999793 -0.0203485
635.600000000 40.9385 58.2209 0 0 0 0.999805 -0.0197591
635.700000000 40.9136 58.2201 0 0 0 0.999816 -0.0191697
635.800000000 40.8802 58.2191 0 0 0 0.999831 -0.0183839
635.900000000 40.8486 58.2183 0 0 0 0.999844 -0.0176373
636.000000000 40.8169 58.2174 0 0 0 0.999853 -0.0171398
636.100000000 40.7869 58.2165 0 0 0 0.999861 -0.0166685
636.200000000 40.7553 58.2157 0 0 0 0.999869 -0.016171
636.300000000 40.7236 58.2148 0 0 0 0.999877 -0.0156735
636.400000000 40.6903 58.214 0 0 0 0.999885 -0.0151498
636.500000000 40.6586 58.2132 0 0 0 0.999893 -0.0146522
636.600000000 40.627 58.2125 0 0 0 0.9999 -0.0141547
636.700000000 40.5937 58.2118 0 0 0 0.999907 -0.013631
636.800000000 40.562 58.2111 0 0 0 0.999914 -0.0131335
636.900000000 40.5287 58.2104 0 0 0 0.99992 -0.0126097
637.000000000 40.497 58.2102 0 0 0 0.999938 -0.0111131
637.100000000 40.467 58.2101 0 0 0 0.999953 -0.0096953
637.200000000 40.4353 58.2101 0 0 0 0.999966 -0.00819867
637.300000000 40.4053 58.2102 0 0 0 0.999977 -0.00678079
637.400000000 40.3736 58.2104 0 0 0 0.999986 -0.00528413
637.500000000 40.342 58.2106 0 0 0 0.999993 -0.00378745
637.600000000 40.3086 58.211 0 0 0 0.999998 -0.002212
637.700000000 40.277 58.2115 0 0 0 1 -0.000715307
637.800000000 40.2453 58.212 0 0 0 1 0.000781384
637.900000000 40.1703 58.2151 0 0 0 0.999966 0.008211
638.000000000 40.0954 58.2191 0 0 0 0.999887 0.015047
638.100000000 40.0205 58.2243 0 0 0 0.999747 0.0224753
638.200000000 39.9458 58.2306 0 0 0 0.999553 0.0299025
638.300000000 39.8711 58.2376 0 0 0 0.999347 0.0361285
638.400000000 39.7965 58.246 0 0 0 0.999051 0.0435523
638.500000000 39.722 58.2548 0 0 0 0.998791 0.0491543
638.600000000 39.6476 58.2646 0 0 0 0.998466 0.0553753
638.700000000 39.5733 58.2751 0 0 0 0.998139 0.0609738
638.800000000 39.4992 58.2862 0 0 0 0.997824 0.065935
638.900000000 39.4253 58.2995 0 0 0 0.997222 0.0744918
639.000000000 39.3508 58.3087 0 0 0 0.99758 0.0695335
639.100000000 39.2771 58.3225 0 0 0 0.996946 0.0780882
639.200000000 39.2128 58.3394 0 0 0 0.995487 0.0949017
639.300000000 39.1464 58.3585 0 0 0 0.99389 0.110373
639.400000000 39.0851 58.3796 0 0 0 0.991776 0.127983
639.500000000 39.0246 58.4028 0 0 0 0.98935 0.145553
639.600000000 38.965 58.4281 0 0 0 0.986613 0.163077
639.700000000 38.9063 58.4556 0 0 0 0.983566 0.18055
639.800000000 38.8486 58.4851 0 0 0 0.980209 0.197966
639.900000000 38.792 58.5166 0 0 0 0.976544 0.21532
640.000000000 38.7366 58.5501 0 0 0 0.972571 0.232606
640.100000000 38.6824 58.5856 0 0 0 0.968293 0.249818
640.200000000 38.6294 58.623 0 0 0 0.96371 0.266953
640.300000000 38.5779 58.6622 0 0 0 0.958823 0.284003
640.400000000 38.5277 58.7032 0 0 0 0.953636 0.300964
640.500000000 38.4791 58.746 0 0 0 0.948148 0.31783
640.600000000 38.4312 58.7908 0 0 0 0.942505 0.334193
640.700000000 38.3848 58.8373 0 0 0 0.936579 0.350456
640.800000000 38.3401 58.8854 0 0 0 0.930373 0.366614
640.900000000 38.2964 58.9354 0 0 0 0.924054 0.382263
641.000000000 38.2544 58.9869 0 0 0 0.917471 0.397803
641.100000000 38.2134 59.0403 0 0 0 0.910807 0.412832
641.200000000 38.1741 59.0951 0 0 0 0.903897 0.42775
641.300000000 38.136 59.1516 0 0 0 0.896938 0.442157
641.400000000 38.1124 59.1982 0 0 0 0.885969 0.463744
641.500000000 38.1031 59.2344 0 0 0 0.870549 0.492081
641.600000000 38.1036 59.2627 0 0 0 0.851363 0.524576
641.700000000 38.1083 59.2884 0 0 0 0.830118 0.557588
641.800000000 38.1149 59.3136 0 0 0 0.807593 0.58974
641.900000000 38.1235 59.3383 0 0 0 0.783824 0.620983
642.000000000 38.1262 59.3793 0 0 0 0.76473 0.644351
642.100000000 38.1256 59.4353 0 0 0 0.750212 0.661197
642.200000000 38.1219 59.5079 0 0 0 0.741075 0.671422
642.300000000 38.1175 59.5828 0 0 0 0.736066 0.676909
642.400000000 38.1142 59.6578 0 0 0 0.731017 0.682359
642.500000000 38.1118 59.7328 0 0 0 0.726335 0.687341
642.600000000 38.1101 59.8078 0 0 0 0.722039 0.691852
642.700000000 38.1097 59.8828 0 0 0 0.717293 0.696772
642.800000000 38.1097 59.9578 0 0 0 0.713374 0.700784
642.900000000 38.1109 60.0329 0 0 0 0.708994 0.705214
643.000000000 38.1125 60.1079 0 0 0 0.70548 0.70873
643.100000000 38.1148 60.1828 0 0 0 0.701948 0.712228
643.200000000 38.1179 60.2578 0 0 0 0.698399 0.715709
643.300000000 38.1215 60.3327 0 0 0 0.695302 0.718718
643.400000000 38.1257 60.4076 0 0 0 0.692192 0.721714
643.500000000 38.1325 60.4824 0 0 0 0.68557 0.728006
643.600000000 38.1406 60.557 0 0 0 0.678892 0.734238
643.700000000 38.1501 60.6314 0 0 0 0.672157 0.740409
643.800000000 38.161 60.7057 0 0 0 0.665365 0.746518
643.900000000 38.1734 60.7797 0 0 0 0.658108 0.752924
644.000000000 38.1872 60.8535 0 0 0 0.650847 0.759209
644.100000000 38.2022 60.927 0 0 0 0.644033 0.764997
644.200000000 38.2184 61.0003 0 0 0 0.637455 0.770488
644.300000000 38.2357 61.0733 0 0 0 0.630974 0.775804
644.400000000 38.2535 61.1428 0 0 0 0.62474 0.780833
644.500000000 38.2714 61.2071 0 0 0 0.618034 0.786151
644.600000000 38.29 61.2712 0 0 0 0.61216 0.790734
644.700000000 38.3088 61.3317 0 0 0 0.606131 0.795365
644.800000000 38.3277 61.3887 0 0 0 0.599986 0.80001
644.900000000 38.3469 61.4438 0 0 0 0.593978 0.804481
645.000000000 38.366 61.4955 0 0 0 0.587909 0.808927
645.100000000 38.3852 61.5453 0 0 0 0.581993 0.813194
645.200000000 38.4046 61.5933 0 0 0 0.576231 0.817287
645.300000000 38.4242 61.6411 0 0 0 0.571151 0.820845
645.400000000 38.4443 61.6798 0 0 0 0.560203 0.828356
645.500000000 38.4648 61.7091 0 0 0 0.543113 0.839659
645.600000000 38.4895 61.7295 0 0 0 0.513094 0.858333
645.700000000 38.5089 61.7264 0 0 0 0.472771 0.881185
645.800000000 38.5256 61.7161 0 0 0 0.428838 0.903381
645.900000000 38.5412 61.7041 0 0 0 0.383866 0.923389
646.000000000 38.5555 61.6906 0 0 0 0.337964 0.941159
646.100000000 38.5685 61.6758 0 0 0 0.291243 0.956649
646.200000000 38.5799 61.6598 0 0 0 0.243817 0.969821
646.300000000 38.5897 61.6428 0 0 0 0.1958 0.980644
646.400000000 38.5978 61.6248 0 0 0 0.147308 0.989091
646.500000000 38.6041 61.6062 0 0 0 0.0984598 0.995141
646.600000000 38.6085 61.587 0 0 0 0.0493728 0.99878
646.700000000 38.611 61.5675 0 0 0 0.000166184 1
646.800000000 38.6116 61.5479 0 0 0 -0.0490408 0.998797
646.900000000 38.6102 61.5283 0 0 0 -0.098129 0.995174
647.000000000 38.607 61.5089 0 0 0 -0.146979 0.98914
647.100000000 38.6018 61.4899 0 0 0 -0.195474 0.980709
647.200000000 38.5948 61.4715 0 0 0 -0.243495 0.969902
647.300000000 38.586 61.4539 0 0 0 -0.290925 0.956746
647.400000000 38.5756 61.4373 0 0 0 -0.337651 0.941271
647.500000000 38.5635 61.4217 0 0 0 -0.383559 0.923516
647.600000000 38.55 61.4074 0 0 0 -0.428538 0.903524
647.700000000 38.5351 61.3945 0 0 0 -0.472478 0.881342
647.800000000 38.5191 61.3832 0 0 0 -0.515274 0.857025
647.900000000 38.502 61.3734 0 0 0 -0.556821 0.830632
648.000000000 38.4923 61.3529 0 0 0 -0.591198 0.806526
648.100000000 38.4815 61.3322 0 0 0 -0.62409 0.781353
648.200000000 38.469 61.3125 0 0 0 -0.65591 0.754839
648.300000000 38.4549 61.2939 0 0 0 -0.686606 0.72703
648.400000000 38.4393 61.2765 0 0 0 -0.716123 0.697974
648.500000000 38.4223 61.2604 0 0 0 -0.744412 0.667721
648.600000000 38.4041 61.2459 0 0 0 -0.771424 0.636322
648.700000000 38.3847 61.2328 0 0 0 -0.797112 0.603831
648.800000000 38.3643 61.2215 0 0 0 -0.821433 0.570305
648.900000000 38.3431 61.2118 0 0 0 -0.844345 0.5358
649.000000000 38.3163 61.1847 0 0 0 -0.860974 0.50865
649.100000000 38.2828 61.1437 0 0 0 0.872845 -0.487998
649.200000000 38.2436 61.0942 0 0 0 0.881761 -0.471696
649.300000000 38.2023 61.0453 0 0 0 0.890182 -0.455606
649.400000000 38.1589 60.9972 0 0 0 0.898122 -0.439746
649.500000000 38.1138 60.9507 0 0 0 0.90578 -0.423748
649.600000000 38.067 60.9058 0 0 0 0.913153 -0.407616
649.700000000 38.0188 60.8626 0 0 0 0.920239 -0.391357
649.800000000 37.969 60.8212 0 0 0 0.927035 -0.374974
649.900000000 37.9178 60.7815 0 0 0 0.93354 -0.358473
650.000000000 37.8599 60.7337 0 0 0 0.936381 -0.350984
650.100000000 37.803 60.6848 0 0 0 0.936915 -0.349557
650.200000000 37.7461 60.636 0 0 0 0.937185 -0.348833
650.300000000 37.6892 60.5872 0 0 0 0.937455 -0.348108
650.400000000 37.6321 60.5384 0 0 0 0.937723 -0.347383
650.500000000 37.575 60.4898 0 0 0 0.937992 -0.346657
650.600000000 37.5179 60.4413 0 0 0 0.93826 -0.345932
650.700000000 37.4606 60.3928 0 0 0 0.938527 -0.345206
650.800000000 37.4033 60.3445 0 0 0 0.938794 -0.34448
650.900000000 37.3459 60.2962 0 0 0 0.93906 -0.343754
651.000000000 37.2884 60.248 0 0 0 0.939325 -0.343028
651.100000000 37.2309 60.1999 0 0 0 0.93959 -0.342301
651.200000000 37.1744 60.1505 0 0 0 0.938335 -0.345727
651.300000000 37.1183 60.1008 0 0 0 0.937068 -0.349148
651.400000000 37.0625 60.0506 0 0 0 0.935788 -0.352564
651.500000000 37.0071 60 0 0 0 0.934495 -0.355975
651.600000000 36.9521 59.949 0 0 0 0.933191 -0.359382
651.700000000 36.8975 59.8977 0 0 0 0.931873 -0.362783
651.800000000 36.8432 59.8459 0 0 0 0.930544 -0.366181
651.900000000 36.7893 59.7937 0 0 0 0.929202 -0.369573
652.000000000 36.7354 59.7415 0 0 0 0.928367 -0.371664
652.100000000 36.6818 59.6891 0 0 0 0.927528 -0.373754
652.200000000 36.6283 59.6365 0 0 0 0.926684 -0.375841
652.300000000 36.5752 59.5836 0 0 0 0.925835 -0.377927
652.400000000 36.5222 59.5305 0 0 0 0.924982 -0.380011
652.500000000 36.4695 59.4771 0 0 0 0.924124 -0.382093
652.600000000 36.417 59.4235 0 0 0 0.923261 -0.384172
652.700000000 36.3648 59.3697 0 0 0 0.922394 -0.38625
652.800000000 36.3128 59.3156 0 0 0 0.921522 -0.388326
652.900000000 36.2611 59.2613 0 0 0 0.920645 -0.390401
653.000000000 36.209 59.2074 0 0 0 0.920645 -0.390401
653.100000000 36.1566 59.1537 0 0 0 0.920947 -0.389688
653.200000000 36.1042 59.1001 0 0 0 0.921248 -0.388976
653.300000000 36.0516 59.0465 0 0 0 0.921548 -0.388264
653.400000000 35.999 58.9931 0 0 0 0.921848 -0.387551
653.500000000 35.9463 58.9397 0 0 0 0.922148 -0.386838
653.600000000 35.8936 58.8864 0 0 0 0.922447 -0.386125
653.700000000 35.8407 58.8332 0 0 0 0.922745 -0.385411
653.800000000 35.7878 58.7801 0 0 0 0.923043 -0.384698
653.900000000 35.7348 58.727 0 0 0 0.92334 -0.383984
654.000000000 35.6819 58.6738 0 0 0 0.92334 -0.383984
654.100000000 35.629 58.6207 0 0 0 0.92334 -0.383984
654.200000000 35.5761 58.5675 0 0 0 0.92334 -0.383984
654.300000000 35.5232 58.5143 0 0 0 0.92334 -0.383984
654.400000000 35.4703 58.4611 0 0 0 0.92334 -0.383984
654.500000000 35.4175 58.4079 0 0 0 0.92334 -0.383984
654.600000000 35.3646 58.3547 0 0 0 0.92334 -0.383984
654.700000000 35.3117 58.3016 0 0 0 0.92334 -0.383984
654.800000000 35.2588 58.2484 0 0 0 0.92334 -0.383984
654.900000000 35.2059 58.1952 0 0 0 0.92334 -0.383984
655.000000000 35.153 58.142 0 0 0 0.92334 -0.383984
655.100000000 35.1001 58.0888 0 0 0 0.92334 -0.383984
655.200000000 35.0473 58.0356 0 0 0 0.92334 -0.383984
655.300000000 34.9944 57.9825 0 0 0 0.92334 -0.383984
655.400000000 34.9415 57.9293 0 0 0 0.92334 -0.383984
655.500000000 34.8886 57.8761 0 0 0 0.92334 -0.383984
655.600000000 34.8357 57.8229 0 0 0 0.92334 -0.383984
655.700000000 34.7828 57.7697 0 0 0 0.92334 -0.383984
655.800000000 34.73 57.7166 0 0 0 0.92334 -0.383984
655.900000000 34.6771 57.6634 0 0 0 0.92334 -0.383984
656.000000000 34.6242 57.6102 0 0 0 0.92334 -0.383984
656.100000000 34.5713 57.557 0 0 0 0.92334 -0.383984
656.200000000 34.5184 57.5038 0 0 0 0.92334 -0.383984
656.300000000 34.4655 57.4506 0 0 0 0.92334 -0.383984
656.400000000 34.4127 57.3975 0 0 0 0.92334 -0.383984
656.500000000 34.3598 57.3443 0 0 0 0.92334 -0.383984
656.600000000 34.3069 57.2911 0 0 0 0.92334 -0.383984
656.700000000 34.254 57.2379 0 0 0 0.92334 -0.383984
656.800000000 34.2011 57.1847 0 0 0 0.92334 -0.383984
656.900000000 34.1482 57.1316 0 0 0 0.92334 -0.383984
657.000000000 34.0954 57.0784 0 0 0 0.92334 -0.383984
657.100000000 34.0425 57.0252 0 0 0 0.92334 -0.383984
657.200000000 33.9896 56.972 0 0 0 0.92334 -0.383984
657.300000000 33.9333 56.9223 0 0 0 0.927979 -0.372633
657.400000000 33.8858 56.8885 0 0 0 0.935613 -0.353027
657.500000000 33.8468 56.8696 0 0 0 0.945443 -0.325788
657.600000000 33.8186 56.8667 0 0 0 0.957061 -0.289885
657.700000000 33.7992 56.8748 0 0 0 0.968829 -0.24773
657.800000000 33.7815 56.8853 0 0 0 0.978868 -0.204492
657.900000000 33.7649 56.8974 0 0 0 0.986979 -0.16085
658.000000000 33.7383 56.9046 0 0 0 0.992406 -0.123003
658.100000000 33.7113 56.9134 0 0 0 0.99634 -0.0854729
658.200000000 33.6842 56.9238 0 0 0 0.998832 -0.0483111
658.300000000 33.6579 56.9362 0 0 0 0.999939 -0.0110823
658.400000000 33.6327 56.9505 0 0 0 0.999658 0.0261618
658.500000000 33.6085 56.9667 0 0 0 0.99799 0.0633697
658.600000000 33.5857 56.9846 0 0 0 0.994938 0.10049
658.700000000 33.5642 57.0042 0 0 0 0.990506 0.13747
658.800000000 33.5442 57.0253 0 0 0 0.9847 0.17426
658.900000000 33.5259 57.0479 0 0 0 0.977527 0.210808
659.000000000 33.4918 57.0758 0 0 0 0.971109 0.238635
659.100000000 33.4438 57.1102 0 0 0 0.965978 0.258623
659.200000000 33.3907 57.1489 0 0 0 0.961357 0.275304
659.300000000 33.3382 57.1896 0 0 0 0.956574 0.291488
659.400000000 33.287 57.2321 0 0 0 0.951519 0.30759
659.500000000 33.2374 57.2762 0 0 0 0.946192 0.323605
659.600000000 33.1892 57.3221 0 0 0 0.940596 0.339527
659.700000000 33.1427 57.3695 0 0 0 0.934733 0.355352
659.800000000 33.0977 57.4185 0 0 0 0.928602 0.371076
659.900000000 33.0544 57.469 0 0 0 0.922208 0.386695
660.000000000 33.0038 57.5244 0 0 0 0.919543 0.39299
660.100000000 32.951 57.5775 0 0 0 0.92097 0.389633
660.200000000 32.8973 57.63 0 0 0 0.922896 0.38505
660.300000000 32.8431 57.6819 0 0 0 0.924799 0.380457
660.400000000 32.7885 57.7332 0 0 0 0.926678 0.375855
660.500000000 32.7333 57.784 0 0 0 0.928535 0.371244
660.600000000 32.6776 57.8343 0 0 0 0.93037 0.366623
660.700000000 32.6214 57.884 0 0 0 0.932181 0.361994
660.800000000 32.5647 57.9332 0 0 0 0.933969 0.357355
660.900000000 32.5075 57.9817 0 0 0 0.935734 0.352708
661.000000000 32.4501 58.0247 0 0 0 0.940641 0.339403
661.100000000 32.392 58.0653 0 0 0 0.945511 0.325591
661.200000000 32.3327 58.1042 0 0 0 0.950177 0.31171
661.300000000 32.2723 58.1413 0 0 0 0.95464 0.297762
661.400000000 32.2109 58.1766 0 0 0 0.958898 0.28375
661.500000000 32.1485 58.2101 0 0 0 0.962951 0.269678
661.600000000 32.0851 58.2418 0 0 0 0.966797 0.255547
661.700000000 32.0208 58.2716 0 0 0 0.970435 0.241362
661.800000000 31.9556 58.2995 0 0 0 0.973866 0.227125
661.900000000 31.8912 58.3244 0 0 0 0.97728 0.211951
662.000000000 31.826 58.3472 0 0 0 0.980458 0.196726
662.100000000 31.7601 58.368 0 0 0 0.983399 0.181454
662.200000000 31.6936 58.3868 0 0 0 0.986103 0.166137
662.300000000 31.6266 58.4034 0 0 0 0.988567 0.150781
662.400000000 31.5591 58.418 0 0 0 0.990793 0.135388
662.500000000 31.4911 58.4305 0 0 0 0.992779 0.119962
662.600000000 31.425 58.4405 0 0 0 0.994471 0.105007
662.700000000 31.3603 58.4483 0 0 0 0.995905 0.0904029
662.800000000 31.2971 58.4541 0 0 0 0.997096 0.0761547
662.900000000 31.2354 58.4579 0 0 0 0.99806 0.0622664
663.000000000 31.1752 58.46 0 0 0 0.998811 0.0487418
663.100000000 31.1061 58.4605 0 0 0 0.999449 0.0332018
663.200000000 31.0371 58.4588 0 0 0 0.999844 0.0176537
663.300000000 30.9681 58.4551 0 0 0 0.999998 0.00210129
663.400000000 30.9131 58.4525 0 0 0 0.999988 -0.00495949
663.500000000 30.8615 58.4495 0 0 0 0.999938 -0.0111613
663.600000000 30.8116 58.446 0 0 0 0.999853 -0.0171627
663.700000000 30.7634 58.442 0 0 0 0.999736 -0.0229634
663.800000000 30.7169 58.4376 0 0 0 0.999592 -0.0285634
663.900000000 30.6721 58.4329 0 0 0 0.999423 -0.0339625
664.000000000 30.6239 58.4287 0 0 0 0.999343 -0.0362455
664.100000000 30.5774 58.4244 0 0 0 0.999261 -0.0384496
664.200000000 30.5326 58.4201 0 0 0 0.999177 -0.0405748
664.300000000 30.4895 58.4158 0 0 0 0.999091 -0.0426212
664.400000000 30.4481 58.4114 0 0 0 0.999005 -0.0445886
664.500000000 30.4083 58.4071 0 0 0 0.998919 -0.0464772
664.600000000 30.3685 58.4027 0 0 0 0.99883 -0.0483656
664.700000000 30.3305 58.3982 0 0 0 0.99874 -0.0501752
664.800000000 30.294 58.3939 0 0 0 0.998652 -0.051906
664.900000000 30.2593 58.3896 0 0 0 0.998565 -0.0535579
665.000000000 30.2228 58.3858 0 0 0 0.99858 -0.0532703
665.100000000 30.188 58.3823 0 0 0 0.998609 -0.0527211
665.200000000 30.1532 58.3788 0 0 0 0.998638 -0.0521719
665.300000000 30.12 58.3755 0 0 0 0.998665 -0.0516489
665.400000000 30.0885 58.3725 0 0 0 0.998691 -0.0511519
665.500000000 30.0586 58.3696 0 0 0 0.998715 -0.0506812
665.600000000 30.0288 58.3667 0 0 0 0.998739 -0.0502104
665.700000000 30.0006 58.3641 0 0 0 0.998761 -0.0497657
665.800000000 29.9723 58.3614 0 0 0 0.998783 -0.0493211
665.900000000 29.9458 58.359 0 0 0 0.998804 -0.0489025
666.000000000 29.9209 58.3567 0 0 0 0.998823 -0.0485102
666.100000000 29.896 58.3544 0 0 0 0.998842 -0.0481178
666.200000000 29.8728 58.3523 0 0 0 0.998859 -0.0477516
666.300000000 29.8495 58.3503 0 0 0 0.998877 -0.0473854
666.400000000 29.8279 58.3483 0 0 0 0.998893 -0.0470453
666.500000000 29.8064 58.3464 0 0 0 0.998909 -0.0467052
666.600000000 29.7848 58.3445 0 0 0 0.998925 -0.0463651
666.700000000 29.7648 58.3428 0 0 0 0.998939 -0.0460512
666.800000000 29.7449 58.3411 0 0 0 0.998954 -0.0457373
666.900000000 29.725 58.3393 0 0 0 0.998961 -0.0455804
667.000000000 29.7051 58.3376 0 0 0 0.998968 -0.0454234
667.100000000 29.6851 58.3358 0 0 0 0.998975 -0.0452665
667.200000000 29.6652 58.3341 0 0 0 0.998982 -0.0451096
667.300000000 29.637 58.3316 0 0 0 0.998992 -0.0448872
667.400000000 29.6104 58.3293 0 0 0 0.999001 -0.044678
667.500000000 29.5855 58.3272 0 0 0 0.99901 -0.0444818
667.600000000 29.559 58.3249 0 0 0 0.999019 -0.0442726
667.700000000 29.5324 58.3226 0 0 0 0.999029 -0.0440633
667.800000000 29.5058 58.3203 0 0 0 0.999038 -0.0438541
667.900000000 29.4809 58.3182 0 0 0 0.999047 -0.0436579
668.000000000 29.456 58.3161 0 0 0 0.999055 -0.0434617
668.100000000 29.4327 58.3142 0 0 0 0.999063 -0.0432786
668.200000000 29.4095 58.3122 0 0 0 0.999071 -0.0430955
668.300000000 29.3879 58.3104 0 0 0 0.999078 -0.0429255
668.400000000 29.3663 58.3086 0 0 0 0.999086 -0.0427554
668.500000000 29.3464 58.307 0 0 0 0.999092 -0.0425985
668.600000000 29.3264 58.3053 0 0 0 0.999099 -0.0424416
668.700000000 29.3065 58.3037 0 0 0 0.999106 -0.0422846
668.800000000 29.2866 58.3021 0 0 0 0.999112 -0.0421276
668.900000000 29.265 58.3003 0 0 0 0.999119 -0.0419576
669.000000000 29.245 58.2987 0 0 0 0.999126 -0.0418007
669.100000000 29.2251 58.2971 0 0 0 0.999133 -0.0416437
669.200000000 29.2052 58.2955 0 0 0 0.999139 -0.0414867
669.300000000 29.1852 58.2942 0 0 0 0.999171 -0.0407004
669.400000000 29.1669 58.293 0 0 0 0.9992 -0.0399795
669.500000000 29.1486 58.2918 0 0 0 0.999229 -0.0392587
669.600000000 29.127 58.2904 0 0 0 0.999262 -0.0384067
669.700000000 29.107 58.2892 0 0 0 0.999292 -0.0376203
669.800000000 29.0871 58.288 0 0 0 0.999321 -0.0368338
669.900000000 29.0654 58.2868 0 0 0 0.999352 -0.0359818
670.000000000 29.0438 58.2855 0 0 0 0.999383 -0.0351297
670.100000000 29.0205 58.2843 0 0 0 0.999415 -0.0342121
670.200000000 28.9989 58.2831 0 0 0 0.999443 -0.03336
670.300000000 28.9706 58.2817 0 0 0 0.99948 -0.0322456
670.400000000 28.9439 58.2804 0 0 0 0.999513 -0.0311968
670.500000000 28.9189 58.2792 0 0 0 0.999543 -0.0302135
670.600000000 28.894 58.2781 0 0 0 0.999573 -0.0292301
670.700000000 28.8673 58.277 0 0 0 0.999603 -0.0281812
670.800000000 28.8407 58.2759 0 0 0 0.999632 -0.0271323
670.900000000 28.8157 58.2749 0 0 0 0.999658 -0.0261488
671.000000000 28.789 58.2738 0 0 0 0.999674 -0.0255203
671.100000000 28.7641 58.2727 0 0 0 0.999689 -0.024931
671.200000000 28.7308 58.2714 0 0 0 0.999708 -0.0241452
671.300000000 28.6991 58.2701 0 0 0 0.999726 -0.0233988
671.400000000 28.6675 58.269 0 0 0 0.999743 -0.0226523
671.500000000 28.6342 58.2678 0 0 0 0.999761 -0.0218665
671.600000000 28.6025 58.2667 0 0 0 0.999777 -0.02112
671.700000000 28.5725 58.2657 0 0 0 0.999792 -0.0204128
671.800000000 28.5392 58.2647 0 0 0 0.999807 -0.0196269
671.900000000 28.5076 58.2637 0 0 0 0.999822 -0.0188804
672.000000000 28.4759 58.2627 0 0 0 0.999831 -0.0183829
672.100000000 28.4426 58.2617 0 0 0 0.999841 -0.0178592
672.200000000 28.4109 58.2608 0 0 0 0.999849 -0.0173617
672.300000000 28.3809 58.2599 0 0 0 0.999857 -0.0168904
672.400000000 28.3476 58.259 0 0 0 0.999866 -0.0163667
672.500000000 28.3143 58.2581 0 0 0 0.999874 -0.015843
672.600000000 28.2826 58.2573 0 0 0 0.999882 -0.0153455
672.700000000 28.251 58.2565 0 0 0 0.99989 -0.0148479
672.800000000 28.2177 58.2558 0 0 0 0.999897 -0.0143242
672.900000000 28.1843 58.255 0 0 0 0.999905 -0.0138005
673.000000000 28.1527 58.2547 0 0 0 0.999924 -0.0123039
673.100000000 28.121 58.2546 0 0 0 0.999942 -0.0108073
673.200000000 28.0877 58.2545 0 0 0 0.999957 -0.00923195
673.300000000 28.056 58.2545 0 0 0 0.99997 -0.00773531
673.400000000 28.0226 58.2546 0 0 0 0.999981 -0.00615989
673.500000000 27.9893 58.2548 0 0 0 0.999989 -0.00458445
673.600000000 27.9576 58.2551 0 0 0 0.999995 -0.00308777
673.700000000 27.9243 58.2555 0 0 0 0.999999 -0.00151231
673.800000000 27.8926 58.256 0 0 0 1 -1.56189e-05
673.900000000 27.8176 58.2585 0 0 0 0.999981 0.00621381
674.000000000 27.7427 58.2615 0 0 0 0.999937 0.0111848
674.100000000 27.6678 58.2654 0 0 0 0.999859 0.0167923
674.200000000 27.5929 58.2696 0 0 0 0.999777 0.0211097
674.300000000 27.5181 58.2762 0 0 0 0.999559 0.029685
674.400000000 27.4435 58.2841 0 0 0 0.999268 0.0382581
674.500000000 27.369 58.2932 0 0 0 0.998903 0.0468284
674.600000000 27.2947 58.3037 0 0 0 0.998465 0.0553952
674.700000000 27.2205 58.3154 0 0 0 0.997953 0.0639579
674.800000000 27.1466 58.3283 0 0 0 0.997367 0.072516
674.900000000 27.0729 58.3426 0 0 0 0.996709 0.0810687
675.000000000 26.9995 58.3581 0 0 0 0.995976 0.0896155
675.100000000 26.9264 58.3748 0 0 0 0.995171 0.0981556
675.200000000 26.8535 58.3929 0 0 0 0.994292 0.106689
675.300000000 26.7798 58.4068 0 0 0 0.994811 0.101744
675.400000000 26.7333 58.4121 0 0 0 0.995827 0.0912582
675.500000000 26.6803 58.4122 0 0 0 0.997718 0.0675129
675.600000000 26.6366 58.4067 0 0 0 0.999239 0.0389964
675.700000000 26.5941 58.3984 0 0 0 0.99995 0.0100465
675.800000000 26.5521 58.3876 0 0 0 0.999821 -0.0189118
675.900000000 26.5044 58.3755 0 0 0 0.999001 -0.0446837
676.000000000 26.4573 58.3609 0 0 0 0.997517 -0.0704259
676.100000000 26.4111 58.344 0 0 0 0.99537 -0.0961213
676.200000000 26.3658 58.3246 0 0 0 0.99256 -0.121753
676.300000000 26.3215 58.303 0 0 0 0.989091 -0.147303
676.400000000 26.2785 58.2791 0 0 0 0.984965 -0.172756
676.500000000 26.2367 58.253 0 0 0 0.980183 -0.198094
676.600000000 26.1963 58.2248 0 0 0 0.97475 -0.2233
676.700000000 26.1574 58.1946 0 0 0 0.968669 -0.248357
676.800000000 26.1202 58.1623 0 0 0 0.961943 -0.27325
676.900000000 26.0846 58.1283 0 0 0 0.954578 -0.29796
677.000000000 26.0357 58.0858 0 0 0 0.949144 -0.314844
677.100000000 25.978 58.0377 0 0 0 0.945878 -0.324523
677.200000000 25.9212 57.9886 0 0 0 0.942692 -0.333663
677.300000000 25.8654 57.9385 0 0 0 0.939418 -0.342773
677.400000000 25.8105 57.8872 0 0 0 0.936056 -0.35185
677.500000000 25.7567 57.8349 0 0 0 0.932607 -0.360895
677.600000000 25.7039 57.7816 0 0 0 0.92907 -0.369905
677.700000000 25.6521 57.7273 0 0 0 0.925445 -0.378881
677.800000000 25.6013 57.672 0 0 0 0.921735 -0.387821
677.900000000 25.5517 57.6157 0 0 0 0.917937 -0.396726
678.000000000 25.5005 57.5609 0 0 0 0.917703 -0.397266
678.100000000 25.4526 57.5098 0 0 0 0.917703 -0.397266
678.200000000 25.4057 57.4601 0 0 0 0.917917 -0.396774
678.300000000 25.3587 57.4105 0 0 0 0.918129 -0.396281
678.400000000 25.3151 57.3646 0 0 0 0.918326 -0.395824
678.500000000 25.2726 57.3199 0 0 0 0.918518 -0.395379
678.600000000 25.2301 57.2752 0 0 0 0.918709 -0.394934
678.700000000 25.191 57.2342 0 0 0 0.918885 -0.394525
678.800000000 25.153 57.1945 0 0 0 0.919055 -0.394128
678.900000000 25.1161 57.1559 0 0 0 0.91922 -0.393743
679.000000000 25.0803 57.1186 0 0 0 0.91938 -0.39337
679.100000000 25.0457 57.0826 0 0 0 0.919535 -0.393009
679.200000000 25.011 57.0466 0 0 0 0.919689 -0.392648
679.300000000 24.9775 57.0118 0 0 0 0.919838 -0.392299
679.400000000 24.9451 56.9782 0 0 0 0.919982 -0.391962
679.500000000 24.9138 56.9458 0 0 0 0.92012 -0.391636
679.600000000 24.8836 56.9147 0 0 0 0.920253 -0.391323
679.700000000 24.8558 56.886 0 0 0 0.920376 -0.391034
679.800000000 24.8291 56.8585 0 0 0 0.920494 -0.390757
679.900000000 24.8036 56.8322 0 0 0 0.920606 -0.390492
680.000000000 24.7791 56.8071 0 0 0 0.920714 -0.390239
680.100000000 24.7536 56.7808 0 0 0 0.920826 -0.389973
680.200000000 24.7303 56.7569 0 0 0 0.920928 -0.389732
680.300000000 24.7082 56.7343 0 0 0 0.921025 -0.389503
680.400000000 24.6872 56.7128 0 0 0 0.921117 -0.389286
680.500000000 24.6662 56.6914 0 0 0 0.921209 -0.389069
680.600000000 24.6464 56.6711 0 0 0 0.921295 -0.388864
680.700000000 24.6254 56.6497 0 0 0 0.921387 -0.388647
680.800000000 24.6068 56.6306 0 0 0 0.921468 -0.388454
680.900000000 24.5892 56.6128 0 0 0 0.921544 -0.388273
681.000000000 24.5717 56.595 0 0 0 0.921621 -0.388092
681.100000000 24.5554 56.5783 0 0 0 0.921692 -0.387923
681.200000000 24.539 56.5617 0 0 0 0.921763 -0.387754
681.300000000 24.4833 56.5121 0 0 0 0.926633 -0.375968
681.400000000 24.4365 56.4785 0 0 0 0.93448 -0.356014
681.500000000 24.3981 56.4601 0 0 0 0.94453 -0.328426
681.600000000 24.3707 56.4578 0 0 0 0.956394 -0.292079
681.700000000 24.3581 56.4727 0 0 0 0.969424 -0.245391
681.800000000 24.3482 56.4897 0 0 0 0.980325 -0.197391
681.900000000 24.3401 56.5076 0 0 0 0.98885 -0.148914
682.000000000 24.3338 56.5262 0 0 0 0.99498 -0.100075
682.100000000 24.3293 56.5454 0 0 0 0.998699 -0.050994
682.200000000 24.3267 56.5649 0 0 0 0.999998 -0.00178942
682.300000000 24.326 56.5845 0 0 0 0.998875 0.0474195
682.400000000 24.3273 56.6042 0 0 0 0.995332 0.0965135
682.500000000 24.3305 56.6236 0 0 0 0.989377 0.145374
682.600000000 24.3356 56.6426 0 0 0 0.981025 0.193882
682.700000000 24.3426 56.661 0 0 0 0.970296 0.24192
682.800000000 24.3513 56.6786 0 0 0 0.957217 0.289372
682.900000000 24.3617 56.6953 0 0 0 0.941818 0.336123
683.000000000 24.3737 56.7109 0 0 0 0.924138 0.38206
683.100000000 24.3872 56.7252 0 0 0 0.904218 0.427071
683.200000000 24.402 56.7381 0 0 0 0.882108 0.471047
683.300000000 24.418 56.7495 0 0 0 0.857861 0.513882
683.400000000 24.4351 56.7593 0 0 0 0.831535 0.555472
683.500000000 24.453 56.7674 0 0 0 0.803195 0.595717
683.600000000 24.4717 56.7736 0 0 0 0.772908 0.634518
683.700000000 24.4908 56.778 0 0 0 0.74075 0.671781
683.800000000 24.5103 56.7805 0 0 0 0.706796 0.707417
683.900000000 24.53 56.7811 0 0 0 0.67113 0.74134
684.000000000 24.5473 56.8044 0 0 0 0.643058 0.765817
684.100000000 24.5659 56.8444 0 0 0 0.620929 0.783867
684.200000000 24.587 56.8897 0 0 0 0.600826 0.79938
684.300000000 24.6104 56.9347 0 0 0 0.580656 0.814149
684.400000000 24.6361 56.9785 0 0 0 0.560123 0.82841
684.500000000 24.6639 57.021 0 0 0 0.53924 0.842152
684.600000000 24.6938 57.062 0 0 0 0.51802 0.855369
684.700000000 24.7257 57.1014 0 0 0 0.496476 0.868051
684.800000000 24.7595 57.1392 0 0 0 0.474622 0.88019
684.900000000 24.7952 57.1753 0 0 0 0.452471 0.891779
685.000000000 24.8397 57.2247 0 0 0 0.437356 0.899288
685.100000000 24.8898 57.2806 0 0 0 0.426297 0.904583
685.200000000 24.9413 57.3353 0 0 0 0.415173 0.909742
685.300000000 24.9941 57.3887 0 0 0 0.403987 0.914765
685.400000000 25.0482 57.4408 0 0 0 0.39274 0.919649
685.500000000 25.1036 57.4915 0 0 0 0.381435 0.924396
685.600000000 25.1602 57.5409 0 0 0 0.370071 0.929003
685.700000000 25.218 57.5888 0 0 0 0.358652 0.933471
685.800000000 25.2769 57.6354 0 0 0 0.34718 0.937799
685.900000000 25.337 57.6805 0 0 0 0.335655 0.941985
686.000000000 25.3951 57.7279 0 0 0 0.335655 0.941985
686.100000000 25.4504 57.7786 0 0 0 0.345752 0.938326
686.200000000 25.5047 57.8305 0 0 0 0.35581 0.934558
686.300000000 25.5578 57.8836 0 0 0 0.365827 0.930683
686.400000000 25.6098 57.9378 0 0 0 0.375801 0.9267
686.500000000 25.6606 57.993 0 0 0 0.385732 0.922611
686.600000000 25.7102 58.0494 0 0 0 0.395619 0.918415
686.700000000 25.7585 58.1068 0 0 0 0.40546 0.914113
686.800000000 25.8056 58.1653 0 0 0 0.415254 0.909705
686.900000000 25.8517 58.2246 0 0 0 0.424525 0.905416
687.000000000 25.8965 58.2848 0 0 0 0.433752 0.901032
687.100000000 25.94 58.346 0 0 0 0.442933 0.896555
687.200000000 25.9823 58.408 0 0 0 0.452068 0.891983
687.300000000 26.0121 58.4618 0 0 0 0.469297 0.883041
687.400000000 26.0282 58.5052 0 0 0 0.493281 0.86987
687.500000000 26.0303 58.5364 0 0 0 0.524115 0.851647
687.600000000 26.0158 58.5494 0 0 0 0.563583 0.82606
687.700000000 25.9968 58.5557 0 0 0 0.604164 0.79686
687.800000000 25.9773 58.5602 0 0 0 0.643235 0.765669
687.900000000 25.9575 58.5626 0 0 0 0.680699 0.732563
688.000000000 25.9375 58.5631 0 0 0 0.716461 0.697627
688.100000000 25.9175 58.5616 0 0 0 0.750433 0.660947
688.200000000 25.8979 58.5581 0 0 0 0.782528 0.622615
688.300000000 25.8786 58.5526 0 0 0 0.812668 0.582727
688.400000000 25.86 58.5452 0 0 0 0.840777 0.541382
688.500000000 25.8423 58.5361 0 0 0 0.866784 0.498684
688.600000000 25.8255 58.5252 0 0 0 0.890624 0.45474
688.700000000 25.8099 58.5126 0 0 0 0.912239 0.409659
688.800000000 25.7957 58.4986 0 0 0 0.931573 0.363554
688.900000000 25.7829 58.4833 0 0 0 0.948579 0.31654
689.000000000 25.7717 58.4667 0 0 0 0.963214 0.268735
689.100000000 25.7622 58.4491 0 0 0 0.975441 0.220259
689.200000000 25.7545 58.4306 0 0 0 0.985231 0.171232
689.300000000 25.7487 58.4115 0 0 0 0.992557 0.121777
689.400000000 25.7449 58.3919 0 0 0 0.997403 0.0720176
689.500000000 25.743 58.372 0 0 0 0.999756 0.0220782
689.600000000 25.7431 58.352 0 0 0 0.99961 -0.0279164
689.700000000 25.7452 58.3321 0 0 0 0.996966 -0.0778412
689.800000000 25.7493 58.3126 0 0 0 0.991829 -0.127571
689.900000000 25.7553 58.2935 0 0 0 0.984214 -0.176983
690.000000000 25.7381 58.271 0 0 0 0.976836 -0.21399
690.100000000 25.7051 58.243 0 0 0 0.97023 -0.242185
690.200000000 25.658 58.2085 0 0 0 0.96492 -0.262544
690.300000000 25.6077 58.1703 0 0 0 0.959875 -0.280427
690.400000000 25.5589 58.1303 0 0 0 0.954499 -0.298213
690.500000000 25.5116 58.0885 0 0 0 0.948794 -0.315897
690.600000000 25.4659 58.0449 0 0 0 0.942761 -0.333471
690.700000000 25.4218 57.9997 0 0 0 0.936402 -0.35093
690.800000000 25.3794 57.9529 0 0 0 0.92972 -0.368267
690.900000000 25.3273 57.8989 0 0 0 0.926317 -0.376744
691.000000000 25.2746 57.8456 0 0 0 0.924937 -0.380121
691.100000000 25.2223 57.7918 0 0 0 0.923544 -0.383493
691.200000000 25.1704 57.7376 0 0 0 0.922139 -0.386859
691.300000000 25.1189 57.6831 0 0 0 0.920721 -0.390221
691.400000000 25.0678 57.6282 0 0 0 0.919308 -0.393539
691.500000000 25.017 57.573 0 0 0 0.917934 -0.396732
691.600000000 24.9666 57.5175 0 0 0 0.916628 -0.39974
691.700000000 24.9165 57.4616 0 0 0 0.915313 -0.402744
691.800000000 24.8667 57.4055 0 0 0 0.914067 -0.405564
691.900000000 24.816 57.3503 0 0 0 0.914684 -0.404171
692.000000000 24.7648 57.2954 0 0 0 0.915591 -0.40211
692.100000000 24.7134 57.2408 0 0 0 0.91649 -0.400058
692.200000000 24.6618 57.1864 0 0 0 0.917368 -0.39804
692.300000000 24.6099 57.1322 0 0 0 0.918211 -0.396092
692.400000000 24.5578 57.0782 0 0 0 0.919018 -0.394215
692.500000000 24.5056 57.0245 0 0 0 0.919806 -0.392372
692.600000000 24.4531 56.9709 0 0 0 0.92056 -0.3906
692.700000000 24.4005 56.9174 0 0 0 0.921296 -0.388863
692.800000000 24.3476 56.8642 0 0 0 0.921997 -0.387197
692.900000000 24.2958 56.8123 0 0 0 0.922665 -0.385602
693.000000000 24.245 56.7618 0 0 0 0.923315 -0.384042
693.100000000 24.1963 56.7138 0 0 0 0.923933 -0.382554
693.200000000 24.1478 56.6657 0 0 0 0.924138 -0.382058
693.300000000 24.1006 56.6186 0 0 0 0.924138 -0.382058
693.400000000 24.0546 56.5727 0 0 0 0.924138 -0.382058
693.500000000 24.0109 56.5291 0 0 0 0.924138 -0.382058
693.600000000 23.9685 56.4868 0 0 0 0.924138 -0.382058
693.700000000 23.9272 56.4456 0 0 0 0.924138 -0.382058
693.800000000 23.8882 56.4067 0 0 0 0.924138 -0.382058
693.900000000 23.8504 56.3691 0 0 0 0.924138 -0.382058
694.000000000 23.8139 56.3326 0 0 0 0.924138 -0.382058
694.100000000 23.7785 56.2973 0 0 0 0.924138 -0.382058
694.200000000 23.7442 56.2632 0 0 0 0.924138 -0.382058
694.300000000 23.7112 56.2302 0 0 0 0.924138 -0.382058
694.400000000 23.6793 56.1984 0 0 0 0.924138 -0.382058
694.500000000 23.6487 56.1678 0 0 0 0.924138 -0.382058
694.600000000 23.6191 56.1384 0 0 0 0.924138 -0.382058
694.700000000 23.5908 56.1102 0 0 0 0.924138 -0.382058
694.800000000 23.5625 56.0819 0 0 0 0.924138 -0.382058
694.900000000 23.5352 56.055 0 0 0 0.924368 -0.381502
695.000000000 23.509 56.0293 0 0 0 0.924588 -0.380969
695.100000000 23.4817 56.0025 0 0 0 0.924817 -0.380412
695.200000000 23.4554 55.9768 0 0 0 0.925036 -0.379879
695.300000000 23.4316 55.9536 0 0 0 0.925235 -0.379395
695.400000000 23.4089 55.9315 0 0 0 0.925424 -0.378934
695.500000000 23.385 55.9082 0 0 0 0.925622 -0.378449
695.600000000 23.3634 55.8874 0 0 0 0.9258 -0.378013
695.700000000 23.3431 55.8677 0 0 0 0.925968 -0.377601
695.800000000 23.289 55.8156 0 0 0 0.926543 -0.37619
695.900000000 23.2662 55.7937 0 0 0 0.92673 -0.375729
696.000000000 23.2112 55.7427 0 0 0 0.928344 -0.371723
696.100000000 23.1555 55.6924 0 0 0 0.93018 -0.367104
696.200000000 23.0994 55.6426 0 0 0 0.931993 -0.362475
696.300000000 23.0428 55.5934 0 0 0 0.933784 -0.357837
696.400000000 22.9857 55.5448 0 0 0 0.935551 -0.353191
696.500000000 22.9281 55.4967 0 0 0 0.937295 -0.348536
696.600000000 22.87 55.4493 0 0 0 0.939017 -0.343872
696.700000000 22.8115 55.4023 0 0 0 0.940714 -0.3392
696.800000000 22.7525 55.356 0 0 0 0.942389 -0.334519
696.900000000 22.693 55.3103 0 0 0 0.94404 -0.32983
697.000000000 22.6317 55.267 0 0 0 0.947528 -0.319672
697.100000000 22.5693 55.2251 0 0 0 0.951066 -0.308987
697.200000000 22.506 55.1847 0 0 0 0.954484 -0.298262
697.300000000 22.4419 55.1458 0 0 0 0.957781 -0.287499
697.400000000 22.3768 55.1082 0 0 0 0.960956 -0.276701
697.500000000 22.311 55.0722 0 0 0 0.96401 -0.265867
697.600000000 22.2443 55.0376 0 0 0 0.966941 -0.254999
697.700000000 22.1769 55.0046 0 0 0 0.96975 -0.244099
697.800000000 22.1087 54.9731 0 0 0 0.972436 -0.233168
697.900000000 22.0439 54.9469 0 0 0 0.975847 -0.218457
698.000000000 21.979 54.9232 0 0 0 0.979126 -0.203253
698.100000000 21.9134 54.9015 0 0 0 0.982169 -0.188
698.200000000 21.8472 54.8819 0 0 0 0.984974 -0.172702
698.300000000 21.7803 54.8643 0 0 0 0.987541 -0.157363
698.400000000 21.713 54.8488 0 0 0 0.989869 -0.141985
698.500000000 21.6453 54.8355 0 0 0 0.991957 -0.126572
698.600000000 21.5771 54.8242 0 0 0 0.993806 -0.111129
698.700000000 21.5086 54.8151 0 0 0 0.995414 -0.0956597
698.800000000 21.4399 54.8081 0 0 0 0.996781 -0.0801668
698.900000000 21.3749 54.8035 0 0 0 0.99785 -0.0655316
699.000000000 21.3059 54.8007 0 0 0 0.998749 -0.0500045
699.100000000 21.2368 54.8 0 0 0 0.999406 -0.0344652
699.200000000 21.1751 54.7985 0 0 0 0.99962 -0.0275765
699.300000000 21.1151 54.7977 0 0 0 0.999772 -0.0213657
699.400000000 21.0567 54.7976 0 0 0 0.999883 -0.0153266
699.500000000 21 54.7982 0 0 0 0.999955 -0.00945946
699.600000000 20.9467 54.7994 0 0 0 0.999992 -0.00393719
699.700000000 20.895 54.8011 0 0 0 0.999999 0.00141262
699.800000000 20.845 54.8033 0 0 0 0.999978 0.00658983
699.900000000 20.7967 54.806 0 0 0 0.999933 0.0115943
700.000000000 20.7434 54.8081 0 0 0 0.999906 0.0136928
700.100000000 20.6901 54.8102 0 0 0 0.999882 0.0153704
700.200000000 20.6385 54.8124 0 0 0 0.999856 0.0169955
700.300000000 20.5885 54.8147 0 0 0 0.999828 0.0185681
700.400000000 20.5419 54.8171 0 0 0 0.999799 0.0200358
700.500000000 20.4953 54.8195 0 0 0 0.999769 0.0215035
700.600000000 20.4504 54.822 0 0 0 0.999737 0.0229187
700.700000000 20.4071 54.8246 0 0 0 0.999705 0.0242815
700.800000000 20.3655 54.8271 0 0 0 0.999672 0.0255918
700.900000000 20.3256 54.8297 0 0 0 0.999639 0.0268497
701.000000000 20.2873 54.8318 0 0 0 0.999631 0.0271507
701.100000000 20.2507 54.8339 0 0 0 0.999623 0.0274386
701.200000000 20.2158 54.836 0 0 0 0.999616 0.0277134
701.300000000 20.1809 54.838 0 0 0 0.999608 0.0279882
701.400000000 20.1476 54.84 0 0 0 0.999601 0.0282499
701.500000000 20.116 54.8419 0 0 0 0.999594 0.0284985
701.600000000 20.0844 54.8438 0 0 0 0.999587 0.0287472
701.700000000 20.0544 54.8456 0 0 0 0.99958 0.0289827
701.800000000 20.0261 54.8473 0 0 0 0.999573 0.0292051
701.900000000 19.9979 54.8491 0 0 0 0.999567 0.0294276
702.000000000 19.9712 54.8507 0 0 0 0.999561 0.029637
702.100000000 19.9463 54.8523 0 0 0 0.999555 0.0298332
702.200000000 19.9213 54.8538 0 0 0 0.999549 0.0300295
702.300000000 19.8981 54.8553 0 0 0 0.999543 0.0302127
702.400000000 19.8748 54.8568 0 0 0 0.999538 0.0303959
702.500000000 19.8531 54.8582 0 0 0 0.999533 0.030566
702.600000000 19.8315 54.8596 0 0 0 0.999528 0.0307361
702.700000000 19.8099 54.861 0 0 0 0.999522 0.0309062
702.800000000 19.7899 54.8623 0 0 0 0.999517 0.0310632
702.900000000 19.77 54.8636 0 0 0 0.999513 0.0312202
703.000000000 19.7434 54.8653 0 0 0 0.999506 0.0314296
703.100000000 19.7168 54.8671 0 0 0 0.999499 0.031639
703.200000000 19.6918 54.8687 0 0 0 0.999493 0.0318352
703.300000000 19.6652 54.8705 0 0 0 0.999486 0.0320446
703.400000000 19.6403 54.8722 0 0 0 0.99948 0.0322408
703.500000000 19.6137 54.874 0 0 0 0.999473 0.0324502
703.600000000 19.5887 54.8757 0 0 0 0.999467 0.0326464
703.700000000 19.5654 54.8773 0 0 0 0.999461 0.0328296
703.800000000 19.5405 54.879 0 0 0 0.999454 0.0330259
703.900000000 19.5156 54.8808 0 0 0 0.999448 0.0332221
704.000000000 19.4906 54.8824 0 0 0 0.999448 0.0332221
704.100000000 19.4657 54.8841 0 0 0 0.999448 0.0332221
704.200000000 19.4424 54.8856 0 0 0 0.999448 0.0332221
704.300000000 19.4208 54.8871 0 0 0 0.999448 0.0332221
704.400000000 19.3992 54.8885 0 0 0 0.999448 0.0332221
704.500000000 19.3775 54.8899 0 0 0 0.999448 0.0332221
704.600000000 19.3576 54.8913 0 0 0 0.999448 0.0332221
704.700000000 19.336 54.8927 0 0 0 0.999448 0.0332221
704.800000000 19.316 54.894 0 0 0 0.999448 0.0332221
704.900000000 19.2944 54.8955 0 0 0 0.999448 0.0332221
705.000000000 19.2744 54.8968 0 0 0 0.999448 0.0332221
705.100000000 19.2545 54.8981 0 0 0 0.999448 0.0332221
705.200000000 19.2362 54.8993 0 0 0 0.999448 0.0332221
705.300000000 19.2162 54.9007 0 0 0 0.999448 0.0332221
705.400000000 19.1963 54.902 0 0 0 0.999448 0.0332221
705.500000000 19.1763 54.9033 0 0 0 0.999448 0.0332221
705.600000000 19.1564 54.9047 0 0 0 0.999448 0.0332221
705.700000000 19.1381 54.9059 0 0 0 0.999448 0.0332221
705.800000000 19.1181 54.9072 0 0 0 0.999448 0.0332221
705.900000000 19.0948 54.9085 0 0 0 0.999472 0.0324885
706.000000000 19.0732 54.9096 0 0 0 0.999494 0.0318073
706.100000000 19.0515 54.9107 0 0 0 0.999515 0.0311261
706.200000000 19.0316 54.9117 0 0 0 0.999535 0.0304972
706.300000000 19.0099 54.9127 0 0 0 0.999555 0.029816
706.400000000 18.9899 54.9137 0 0 0 0.999574 0.0291871
706.500000000 18.97 54.9146 0 0 0 0.999592 0.0285582
706.600000000 18.9483 54.9156 0 0 0 0.999611 0.0278769
706.700000000 18.9267 54.9165 0 0 0 0.99963 0.0271956
706.800000000 18.9033 54.9175 0 0 0 0.99965 0.0264618
706.900000000 18.8817 54.9184 0 0 0 0.999668 0.0257805
707.000000000 18.86 54.9192 0 0 0 0.999685 0.0250991
707.100000000 18.8384 54.92 0 0 0 0.999702 0.0244178
707.200000000 18.8167 54.9208 0 0 0 0.999718 0.0237364
707.300000000 18.7951 54.9216 0 0 0 0.999734 0.023055
707.400000000 18.7734 54.9223 0 0 0 0.99975 0.0223736
707.500000000 18.7518 54.923 0 0 0 0.999765 0.0216922
707.600000000 18.7301 54.9236 0 0 0 0.999779 0.0210108
707.700000000 18.7101 54.9242 0 0 0 0.999792 0.0203818
707.800000000 18.6885 54.9248 0 0 0 0.999806 0.0197003
707.900000000 18.6651 54.9255 0 0 0 0.99982 0.0189665
708.000000000 18.6435 54.9261 0 0 0 0.99983 0.0184557
708.100000000 18.6218 54.9267 0 0 0 0.999839 0.0179449
708.200000000 18.6001 54.9273 0 0 0 0.999848 0.0174341
708.300000000 18.5785 54.9278 0 0 0 0.999857 0.0169232
708.400000000 18.5518 54.9285 0 0 0 0.999867 0.0162945
708.500000000 18.5252 54.9291 0 0 0 0.999877 0.0156658
708.600000000 18.5002 54.9296 0 0 0 0.999886 0.0150764
708.700000000 18.4752 54.9301 0 0 0 0.999895 0.014487
708.800000000 18.4485 54.9307 0 0 0 0.999904 0.0138583
708.900000000 18.4235 54.9311 0 0 0 0.999912 0.0132689
709.000000000 18.3985 54.9316 0 0 0 0.999917 0.0128761
709.100000000 18.3719 54.9321 0 0 0 0.999922 0.0124571
709.200000000 18.3452 54.9326 0 0 0 0.999928 0.0120381
709.300000000 18.3202 54.9331 0 0 0 0.999932 0.0116453
709.400000000 18.2952 54.9335 0 0 0 0.999937 0.0112525
709.500000000 18.2719 54.9339 0 0 0 0.999941 0.0108859
709.600000000 18.2485 54.9343 0 0 0 0.999945 0.0105192
709.700000000 18.2269 54.9346 0 0 0 0.999948 0.0101788
709.800000000 18.2052 54.9349 0 0 0 0.999952 0.00983838
709.900000000 18.1785 54.9352 0 0 0 0.999956 0.00941938
710.000000000 18.1519 54.9357 0 0 0 0.999958 0.00920994
710.100000000 18.1269 54.936 0 0 0 0.999959 0.00901358
710.200000000 18.1019 54.9364 0 0 0 0.999961 0.00881722
710.300000000 18.0786 54.9367 0 0 0 0.999963 0.00863395
710.400000000 18.0552 54.9371 0 0 0 0.999964 0.00845068
710.500000000 18.0336 54.9374 0 0 0 0.999966 0.00828051
710.600000000 18.0119 54.9377 0 0 0 0.999967 0.00811033
710.700000000 17.9902 54.9379 0 0 0 0.999968 0.00794015
710.800000000 17.9686 54.9382 0 0 0 0.99997 0.00776997
710.900000000 17.9469 54.9385 0 0 0 0.999971 0.00759979
711.000000000 17.9252 54.9388 0 0 0 0.999972 0.00742961
711.100000000 17.9052 54.939 0 0 0 0.999974 0.00727253
711.200000000 17.8836 54.9392 0 0 0 0.999975 0.00710235
711.300000000 17.8602 54.9395 0 0 0 0.999976 0.00691908
711.400000000 17.8386 54.9397 0 0 0 0.999977 0.0067489
711.500000000 17.8169 54.9399 0 0 0 0.999978 0.00657872
711.600000000 17.7902 54.9402 0 0 0 0.99998 0.00636927
711.700000000 17.7636 54.9405 0 0 0 0.999981 0.00615981
711.800000000 17.7386 54.9407 0 0 0 0.999982 0.00596345
711.900000000 17.7053 54.941 0 0 0 0.999984 0.00570163
712.000000000 17.6736 54.9413 0 0 0 0.999985 0.00545291
712.100000000 17.6169 54.9417 0 0 0 0.999987 0.00500782
712.200000000 17.5619 54.9421 0 0 0 0.99999 0.00457582
712.300000000 17.5086 54.9424 0 0 0 0.999991 0.00415691
712.400000000 17.4536 54.9427 0 0 0 0.999993 0.00372491
712.500000000 17.3969 54.9429 0 0 0 0.999995 0.00327982
712.600000000 17.3436 54.9431 0 0 0 0.999996 0.0028609
712.700000000 17.2886 54.9432 0 0 0 0.999997 0.0024289
712.800000000 17.2353 54.9433 0 0 0 0.999998 0.00200999
712.900000000 17.1836 54.9434 0 0 0 0.999999 0.00160417
713.000000000 17.1086 54.9436 0 0 0 0.999999 0.00160417
713.100000000 17.0336 54.9439 0 0 0 0.999999 0.00160417
713.200000000 16.9586 54.9441 0 0 0 0.999999 0.00160417
713.300000000 16.8836 54.9443 0 0 0 0.999999 0.00160417
713.400000000 16.8086 54.9446 0 0 0 0.999999 0.00160417
713.500000000 16.7336 54.9448 0 0 0 0.999999 0.00160417
713.600000000 16.6586 54.9451 0 0 0 0.999999 0.00160417
713.700000000 16.5836 54.9453 0 0 0 0.999999 0.00160417
713.800000000 16.5086 54.9455 0 0 0 0.999999 0.00160417
713.900000000 16.4336 54.9458 0 0 0 0.999999 0.00160417
714.000000000 16.3586 54.946 0 0 0 0.999999 0.00160417
714.100000000 16.2836 54.9463 0 0 0 0.999999 0.00160417
714.200000000 16.2086 54.9465 0 0 0 0.999999 0.00160417
714.300000000 16.1336 54.9445 0 0 0 0.999992 -0.00400383
714.400000000 16.0586 54.9414 0 0 0 0.999948 -0.0102331
714.500000000 15.9837 54.9374 0 0 0 0.999864 -0.016462
714.600000000 15.9089 54.9324 0 0 0 0.999743 -0.0226903
714.700000000 15.8341 54.9265 0 0 0 0.999582 -0.0289177
714.800000000 15.7593 54.9197 0 0 0 0.999382 -0.035144
714.900000000 15.6847 54.912 0 0 0 0.999144 -0.0413688
715.000000000 15.6104 54.9015 0 0 0 0.998642 -0.0520973
715.100000000 15.5363 54.8892 0 0 0 0.997992 -0.0633346
715.200000000 15.4625 54.8753 0 0 0 0.997216 -0.0745639
715.300000000 15.3891 54.8597 0 0 0 0.996314 -0.0857837
715.400000000 15.316 54.8424 0 0 0 0.995285 -0.0969927
715.500000000 15.2433 54.8235 0 0 0 0.99413 -0.108189
715.600000000 15.1711 54.8031 0 0 0 0.992864 -0.119254
715.700000000 15.1009 54.7816 0 0 0 0.991537 -0.129824
715.800000000 15.0312 54.7586 0 0 0 0.990098 -0.140379
715.900000000 14.9667 54.7358 0 0 0 0.988656 -0.1502
716.000000000 14.9027 54.7117 0 0 0 0.987116 -0.160006
716.100000000 14.8438 54.6882 0 0 0 0.985602 -0.16908
716.200000000 14.7868 54.6643 0 0 0 0.984048 -0.177902
716.300000000 14.7164 54.6386 0 0 0 0.984318 -0.176403
716.400000000 14.6456 54.6181 0 0 0 0.986567 -0.16336
716.500000000 14.5793 54.6022 0 0 0 0.989054 -0.147555
716.600000000 14.5125 54.5885 0 0 0 0.991288 -0.131712
716.700000000 14.4453 54.577 0 0 0 0.993268 -0.115836
716.800000000 14.3777 54.5676 0 0 0 0.994994 -0.0999302
716.900000000 14.3099 54.5604 0 0 0 0.996466 -0.0839987
717.000000000 14.2419 54.5553 0 0 0 0.997682 -0.0680457
717.100000000 14.1738 54.5524 0 0 0 0.998643 -0.0520753
717.200000000 14.1056 54.5517 0 0 0 0.999348 -0.0360916
717.300000000 14.0374 54.5532 0 0 0 0.999798 -0.0200986
717.400000000 13.9693 54.5569 0 0 0 0.999992 -0.00410054
717.500000000 13.9013 54.5627 0 0 0 0.999929 0.0118986
717.600000000 13.8336 54.5707 0 0 0 0.999611 0.0278947
717.700000000 13.7662 54.5809 0 0 0 0.999037 0.0438837
717.800000000 13.6991 54.5932 0 0 0 0.998207 0.0598614
717.900000000 13.6251 54.6058 0 0 0 0.997618 0.0689769
718.000000000 13.5513 54.6193 0 0 0 0.997034 0.0769656
718.100000000 13.4777 54.634 0 0 0 0.996385 0.0849493
718.200000000 13.4043 54.6498 0 0 0 0.995673 0.0929275
718.300000000 13.3313 54.6669 0 0 0 0.994897 0.1009
718.400000000 13.2585 54.685 0 0 0 0.994056 0.108866
718.500000000 13.186 54.7044 0 0 0 0.993153 0.116824
718.600000000 13.1138 54.7249 0 0 0 0.992185 0.124776
718.700000000 13.0419 54.7466 0 0 0 0.991154 0.132719
718.800000000 12.9704 54.7694 0 0 0 0.990059 0.140654
718.900000000 12.8993 54.7934 0 0 0 0.9889 0.14858
719.000000000 12.8271 54.8137 0 0 0 0.989533 0.144308
719.100000000 12.7546 54.833 0 0 0 0.990327 0.138757
719.200000000 12.6819 54.8515 0 0 0 0.991089 0.133201
719.300000000 12.609 54.8691 0 0 0 0.99182 0.127641
719.400000000 12.5359 54.8859 0 0 0 0.992521 0.122076
719.500000000 12.4626 54.9019 0 0 0 0.99319 0.116508
719.600000000 12.3891 54.9171 0 0 0 0.993827 0.110937
719.700000000 12.3155 54.9314 0 0 0 0.994434 0.105362
719.800000000 12.2417 54.9449 0 0 0 0.995009 0.0997833
719.900000000 12.1675 54.9565 0 0 0 0.995829 0.0912445
720.000000000 12.0932 54.9667 0 0 0 0.996575 0.0826989
720.100000000 12.0187 54.9757 0 0 0 0.997247 0.0741473
720.200000000 11.944 54.9834 0 0 0 0.997847 0.0655902
720.300000000 11.8692 54.9898 0 0 0 0.998373 0.0570283
720.400000000 11.7944 54.9949 0 0 0 0.998825 0.0484622
720.500000000 11.7194 54.9988 0 0 0 0.999204 0.0398926
720.600000000 11.6444 55.0013 0 0 0 0.999509 0.03132
720.700000000 11.5694 55.0026 0 0 0 0.999741 0.022745
720.800000000 11.4943 55.0026 0 0 0 0.9999 0.0141685
720.900000000 11.4193 55.0027 0 0 0 0.999958 0.00919758
721.000000000 11.3443 55.0021 0 0 0 0.999991 0.00422648
721.100000000 11.2693 55.0008 0 0 0 1 -0.000744735
721.200000000 11.1943 54.9987 0 0 0 0.999984 -0.00571593
721.300000000 11.1193 54.9958 0 0 0 0.999943 -0.010687
721.400000000 11.0444 54.9922 0 0 0 0.999877 -0.0156578
721.500000000 10.9695 54.9879 0 0 0 0.999787 -0.0206282
721.600000000 10.8947 54.9828 0 0 0 0.999672 -0.0255981
721.700000000 10.8199 54.977 0 0 0 0.999533 -0.0305673
721.800000000 10.7452 54.9704 0 0 0 0.999368 -0.0355358
721.900000000 10.6705 54.9631 0 0 0 0.999179 -0.0405034
722.000000000 10.5959 54.9551 0 0 0 0.998966 -0.0454701
722.100000000 10.5214 54.9463 0 0 0 0.998727 -0.0504356
722.200000000 10.447 54.9367 0 0 0 0.998464 -0.0553998
722.300000000 10.3723 54.9296 0 0 0 0.998624 -0.0524446
722.400000000 10.2976 54.9232 0 0 0 0.998809 -0.0488013
722.500000000 10.2228 54.9173 0 0 0 0.99898 -0.0451573
722.600000000 10.148 54.912 0 0 0 0.999138 -0.0415128
722.700000000 10.0731 54.9073 0 0 0 0.999283 -0.0378677
722.800000000 9.99825 54.903 0 0 0 0.999414 -0.0342221
722.900000000 9.92333 54.8994 0 0 0 0.999532 -0.030576
723.000000000 9.84839 54.8962 0 0 0 0.999637 -0.0269295
723.100000000 9.77342 54.8937 0 0 0 0.999729 -0.0232827
723.200000000 9.69844 54.8916 0 0 0 0.999807 -0.0196355
723.300000000 9.62345 54.8901 0 0 0 0.999872 -0.0159881
723.400000000 9.54845 54.8892 0 0 0 0.999924 -0.0123405
723.500000000 9.47344 54.8888 0 0 0 0.999962 -0.00869275
723.600000000 9.39843 54.889 0 0 0 0.999987 -0.00504486
723.700000000 9.32342 54.8897 0 0 0 0.999999 -0.0013969
723.800000000 9.24842 54.8909 0 0 0 0.999997 0.00225109
723.900000000 9.17344 54.8927 0 0 0 0.999983 0.00589904
724.000000000 9.09845 54.8939 0 0 0 0.999978 0.00667234
724.100000000 9.02345 54.8949 0 0 0 0.999978 0.00667234
724.200000000 8.94846 54.8959 0 0 0 0.999978 0.00667234
724.300000000 8.87347 54.8969 0 0 0 0.999978 0.00667234
724.400000000 8.79847 54.8979 0 0 0 0.999978 0.00667234
724.500000000 8.72348 54.8989 0 0 0 0.999978 0.00667234
724.600000000 8.64849 54.8999 0 0 0 0.999978 0.00667234
724.700000000 8.57349 54.9009 0 0 0 0.999978 0.00667234
724.800000000 8.4985 54.9019 0 0 0 0.999978 0.00667234
724.900000000 8.42351 54.9029 0 0 0 0.999978 0.00667234
725.000000000 8.34851 54.9036 0 0 0 0.999983 0.00589904
725.100000000 8.27351 54.9042 0 0 0 0.999987 0.00512668
725.200000000 8.19851 54.9046 0 0 0 0.999991 0.00435337
725.300000000 8.12351 54.905 0 0 0 0.999994 0.00358006
725.400000000 8.04851 54.9052 0 0 0 0.999996 0.00280675
725.500000000 7.97351 54.9053 0 0 0 0.999998 0.00203344
725.600000000 7.89851 54.9053 0 0 0 0.999999 0.00126013
725.700000000 7.82351 54.9052 0 0 0 1 0.000486811
725.800000000 7.74851 54.905 0 0 0 1 -0.000286503
725.900000000 7.67351 54.9046 0 0 0 0.999999 -0.00105982
726.000000000 7.59851 54.9045 0 0 0 0.999999 -0.00105982
726.100000000 7.52351 54.9043 0 0 0 0.999999 -0.00105982
726.200000000 7.44851 54.9041 0 0 0 0.999999 -0.00105982
726.300000000 7.37351 54.904 0 0 0 0.999999 -0.00105982
726.400000000 7.29851 54.9038 0 0 0 0.999999 -0.00105982
726.500000000 7.22351 54.9037 0 0 0 0.999999 -0.00105982
726.600000000 7.14851 54.9035 0 0 0 0.999999 -0.00105982
726.700000000 7.07351 54.9033 0 0 0 0.999999 -0.00105982
726.800000000 6.99851 54.9032 0 0 0 0.999999 -0.00105982
726.900000000 6.92351 54.903 0 0 0 0.999999 -0.00105982
727.000000000 6.84851 54.9029 0 0 0 0.999999 -0.00105982
727.100000000 6.77351 54.9027 0 0 0 0.999999 -0.00105982
727.200000000 6.69851 54.9025 0 0 0 0.999999 -0.00105982
727.300000000 6.62351 54.9024 0 0 0 0.999999 -0.00105982
727.400000000 6.54851 54.9022 0 0 0 0.999999 -0.00105982
727.500000000 6.47351 54.9021 0 0 0 0.999999 -0.00105982
727.600000000 6.39851 54.9019 0 0 0 0.999999 -0.00105982
727.700000000 6.32352 54.9017 0 0 0 0.999999 -0.00105982
727.800000000 6.24852 54.9016 0 0 0 0.999999 -0.00105982
727.900000000 6.17352 54.9014 0 0 0 0.999999 -0.00105982
728.000000000 6.09852 54.9013 0 0 0 0.999999 -0.00105982
728.100000000 6.02352 54.9011 0 0 0 0.999999 -0.00105982
728.200000000 5.94852 54.901 0 0 0 0.999999 -0.00105982
728.300000000 5.87352 54.9008 0 0 0 0.999999 -0.00105982
728.400000000 5.79852 54.9006 0 0 0 0.999999 -0.00105982
728.500000000 5.72352 54.9005 0 0 0 0.999999 -0.00105982
728.600000000 5.64852 54.9003 0 0 0 0.999999 -0.00105982
728.700000000 5.57352 54.9002 0 0 0 0.999999 -0.00105982
728.800000000 5.49852 54.9 0 0 0 0.999999 -0.00105982
728.900000000 5.42352 54.8998 0 0 0 0.999999 -0.00105982
729.000000000 5.34852 54.8997 0 0 0 0.999999 -0.00105982
729.100000000 5.27352 54.8995 0 0 0 0.999999 -0.00105982
729.200000000 5.19852 54.8994 0 0 0 0.999999 -0.00105982
729.300000000 5.12352 54.8992 0 0 0 0.999999 -0.00105982
729.400000000 5.04852 54.899 0 0 0 0.999999 -0.00105982
729.500000000 4.97352 54.8989 0 0 0 0.999999 -0.00105982
729.600000000 4.89852 54.8987 0 0 0 0.999999 -0.00105982
729.700000000 4.82352 54.8986 0 0 0 0.999999 -0.00105982
729.800000000 4.74852 54.8984 0 0 0 0.999999 -0.00105982
729.900000000 4.67352 54.8983 0 0 0 0.999999 -0.00105982
730.000000000 4.59852 54.8981 0 0 0 0.999999 -0.00105982
730.100000000 4.52352 54.8979 0 0 0 0.999999 -0.00105982
730.200000000 4.44852 54.8978 0 0 0 0.999999 -0.00105982
730.300000000 4.37352 54.8976 0 0 0 0.999999 -0.00105982
730.400000000 4.29852 54.8975 0 0 0 0.999999 -0.00105982
730.500000000 4.22352 54.8973 0 0 0 0.999999 -0.00105982
730.600000000 4.14852 54.8971 0 0 0 0.999999 -0.00105982
730.700000000 4.07352 54.897 0 0 0 0.999999 -0.00105982
730.800000000 3.99852 54.8968 0 0 0 0.999999 -0.00105982
730.900000000 3.92352 54.8967 0 0 0 0.999999 -0.00105982
731.000000000 3.84859 54.8916 0 0 0 0.999911 -0.0133213
731.100000000 3.77381 54.8847 0 0 0 0.999673 -0.0255808
731.200000000 3.69922 54.876 0 0 0 0.999284 -0.0378364
731.300000000 3.62486 54.8654 0 0 0 0.998745 -0.0500863
731.400000000 3.55079 54.853 0 0 0 0.998056 -0.0623287
731.500000000 3.47704 54.8388 0 0 0 0.997216 -0.0745617
731.600000000 3.40367 54.8229 0 0 0 0.996227 -0.0867836
731.700000000 3.3307 54.8051 0 0 0 0.995088 -0.0989923
731.800000000 3.2582 54.7855 0 0 0 0.9938 -0.111186
731.900000000 3.18619 54.7641 0 0 0 0.992362 -0.123363
732.000000000 3.11474 54.741 0 0 0 0.990774 -0.135522
732.100000000 3.04387 54.7162 0 0 0 0.989038 -0.14766
732.200000000 2.97417 54.6896 0 0 0 0.987075 -0.160261
732.300000000 2.90518 54.6612 0 0 0 0.984951 -0.172835
732.400000000 2.83693 54.6311 0 0 0 0.982667 -0.185381
732.500000000 2.76948 54.5992 0 0 0 0.980223 -0.197898
732.600000000 2.70286 54.5656 0 0 0 0.977619 -0.210382
732.700000000 2.63711 54.5303 0 0 0 0.974857 -0.222831
732.800000000 2.57175 54.4934 0 0 0 0.972051 -0.234768
732.900000000 2.5073 54.4548 0 0 0 0.9691 -0.246669
733.000000000 2.46061 54.4198 0 0 0 0.963696 -0.267003
733.100000000 2.43078 54.3884 0 0 0 0.95556 -0.294796
733.200000000 2.41948 54.3624 0 0 0 0.943758 -0.330638
733.300000000 2.42357 54.3427 0 0 0 0.927918 -0.372785
733.400000000 2.43056 54.3241 0 0 0 0.909926 -0.41477
733.500000000 2.43922 54.3063 0 0 0 0.890036 -0.45589
733.600000000 2.44947 54.2893 0 0 0 0.868289 -0.496059
733.700000000 2.46122 54.2733 0 0 0 -0.84473 0.535193
733.800000000 2.47439 54.2584 0 0 0 -0.819409 0.57321
733.900000000 2.48886 54.2448 0 0 0 -0.792378 0.610031
734.000000000 2.5045 54.2326 0 0 0 -0.763694 0.645579
734.100000000 2.5212 54.2219 0 0 0 -0.733416 0.67978
734.200000000 2.5388 54.2127 0 0 0 -0.701608 0.712563
734.300000000 2.55717 54.2052 0 0 0 -0.668336 0.743859
734.400000000 2.57677 54.2067 0 0 0 -0.630924 0.775845
734.500000000 2.59612 54.2118 0 0 0 -0.591359 0.806408
734.600000000 2.61486 54.2187 0 0 0 -0.550316 0.834956
734.700000000 2.63282 54.2275 0 0 0 -0.507898 0.861417
734.800000000 2.6498 54.2381 0 0 0 -0.464211 0.885725
734.900000000 2.66565 54.2503 0 0 0 -0.419363 0.907819
735.000000000 2.68021 54.264 0 0 0 -0.373466 0.927644
735.100000000 2.69332 54.2791 0 0 0 -0.326637 0.94515
735.200000000 2.70487 54.2954 0 0 0 -0.278991 0.960294
735.300000000 2.71472 54.3128 0 0 0 -0.230648 0.973037
735.400000000 2.72279 54.3311 0 0 0 -0.181728 0.983349
735.500000000 2.72899 54.3501 0 0 0 -0.132354 0.991203
735.600000000 2.73327 54.3696 0 0 0 -0.0826487 0.996579
735.700000000 2.73557 54.3895 0 0 0 -0.0327372 0.999464
735.800000000 2.73588 54.4094 0 0 0 0.0172561 0.999851
735.900000000 2.73419 54.4294 0 0 0 0.0672062 0.997739
736.000000000 2.73052 54.449 0 0 0 0.116988 0.993133
736.100000000 2.72491 54.4682 0 0 0 0.166478 0.986045
736.200000000 2.71741 54.4867 0 0 0 0.215552 0.976492
736.300000000 2.7081 54.5044 0 0 0 0.264087 0.964499
736.400000000 2.69707 54.5211 0 0 0 0.311962 0.950095
736.500000000 2.68443 54.5366 0 0 0 0.359057 0.933316
736.600000000 2.67031 54.5507 0 0 0 0.405254 0.914204
736.700000000 2.65484 54.5634 0 0 0 0.450439 0.892807
736.800000000 2.63819 54.5745 0 0 0 0.494498 0.869179
736.900000000 2.63746 54.6028 0 0 0 0.526939 0.849903
737.000000000 2.64566 54.6453 0 0 0 0.551328 0.834289
737.100000000 2.65963 54.7004 0 0 0 0.569417 0.822049
737.200000000 2.67161 54.7567 0 0 0 0.586911 0.809651
737.300000000 2.68118 54.8134 0 0 0 0.604135 0.796882
737.400000000 2.68829 54.8706 0 0 0 0.621082 0.783746
737.500000000 2.69296 54.928 0 0 0 0.637743 0.770249
737.600000000 2.69515 54.9855 0 0 0 0.654111 0.756399
737.700000000 2.69488 55.0431 0 0 0 0.670178 0.742201
737.800000000 2.69215 55.1006 0 0 0 0.685937 0.727661
737.900000000 2.68694 55.1579 0 0 0 0.70138 0.712787
738.000000000 2.68305 55.2324 0 0 0 0.710413 0.703785
738.100000000 2.67985 55.3074 0 0 0 0.714783 0.699346
738.200000000 2.67597 55.3823 0 0 0 0.718694 0.695326
738.300000000 2.67125 55.4572 0 0 0 0.722582 0.691285
738.400000000 2.66569 55.532 0 0 0 0.726447 0.687222
738.500000000 2.65929 55.6067 0 0 0 0.73029 0.683137
738.600000000 2.65206 55.6814 0 0 0 0.73411 0.679031
738.700000000 2.64399 55.756 0 0 0 0.737906 0.674904
738.800000000 2.63508 55.8305 0 0 0 0.741679 0.670755
738.900000000 2.62533 55.9049 0 0 0 0.745429 0.666585
739.000000000 2.61698 55.9794 0 0 0 0.745429 0.666585
739.100000000 2.60894 56.054 0 0 0 0.744913 0.667161
739.200000000 2.60101 56.1285 0 0 0 0.744397 0.667737
739.300000000 2.5932 56.2031 0 0 0 0.743881 0.668312
739.400000000 2.58551 56.2777 0 0 0 0.743364 0.668887
739.500000000 2.57793 56.3524 0 0 0 0.742846 0.669462
739.600000000 2.57046 56.427 0 0 0 0.742328 0.670036
739.700000000 2.56311 56.5016 0 0 0 0.74181 0.67061
739.800000000 2.55588 56.5763 0 0 0 0.741291 0.671184
739.900000000 2.54876 56.6509 0 0 0 0.740772 0.671757
740.000000000 2.54175 56.7256 0 0 0 0.740252 0.672329
740.100000000 2.53486 56.8003 0 0 0 0.739732 0.672902
740.200000000 2.52809 56.875 0 0 0 0.739211 0.673473
740.300000000 2.52258 56.9498 0 0 0 0.73675 0.676166
740.400000000 2.51734 57.0246 0 0 0 0.734745 0.678343
740.500000000 2.51254 57.0995 0 0 0 0.732734 0.680515
740.600000000 2.50819 57.1743 0 0 0 0.730717 0.68268
740.700000000 2.50428 57.2492 0 0 0 0.728694 0.68484
740.800000000 2.50081 57.3242 0 0 0 0.726664 0.686993
740.900000000 2.4975 57.3991 0 0 0 0.725115 0.688628
741.000000000 2.49482 57.4741 0 0 0 0.723074 0.690771
741.100000000 2.49229 57.549 0 0 0 0.721516 0.692397
741.200000000 2.4901 57.624 0 0 0 0.719955 0.69402
741.300000000 2.48825 57.699 0 0 0 0.718391 0.69564
741.400000000 2.48674 57.774 0 0 0 0.716823 0.697256
741.500000000 2.48557 57.849 0 0 0 0.715251 0.698868
741.600000000 2.48444 57.924 0 0 0 0.714185 0.699957
741.700000000 2.48354 57.9989 0 0 0 0.713118 0.701044
741.800000000 2.48287 58.0739 0 0 0 0.712049 0.702129
741.900000000 2.48242 58.1489 0 0 0 0.710979 0.703213
742.000000000 2.48221 58.2239 0 0 0 0.709907 0.704296
742.100000000 2.48222 58.2989 0 0 0 0.708833 0.705376
742.200000000 2.48247 58.3739 0 0 0 0.707758 0.706455
742.300000000 2.48264 58.449 0 0 0 0.707211 0.707003
742.400000000 2.48323 58.5239 0 0 0 0.706133 0.708079
742.500000000 2.48374 58.5989 0 0 0 0.705585 0.708625
742.600000000 2.48437 58.6739 0 0 0 0.705037 0.70917
742.700000000 2.48512 58.7489 0 0 0 0.704489 0.709715
742.800000000 2.48568 58.8239 0 0 0 0.704489 0.709715
742.900000000 2.48654 58.8989 0 0 0 0.703939 0.71026
743.000000000 2.48752 58.9739 0 0 0 0.70339 0.710804
743.100000000 2.48861 59.0489 0 0 0 0.70284 0.711348
743.200000000 2.48983 59.1239 0 0 0 0.70229 0.711891
743.300000000 2.49115 59.1989 0 0 0 0.701739 0.712434
743.400000000 2.4926 59.2739 0 0 0 0.701188 0.712976
743.500000000 2.49416 59.3489 0 0 0 0.700636 0.713519
743.600000000 2.49583 59.4239 0 0 0 0.700084 0.71406
743.700000000 2.49731 59.4988 0 0 0 0.700084 0.71406
743.800000000 2.4988 59.5738 0 0 0 0.700084 0.71406
743.900000000 2.50028 59.6488 0 0 0 0.700084 0.71406
744.000000000 2.50176 59.7238 0 0 0 0.700084 0.71406
744.100000000 2.50324 59.7988 0 0 0 0.700084 0.71406
744.200000000 2.50473 59.8738 0 0 0 0.700084 0.71406
744.300000000 2.50621 59.9488 0 0 0 0.700084 0.71406
744.400000000 2.50769 60.0237 0 0 0 0.700084 0.71406
744.500000000 2.50917 60.0987 0 0 0 0.700084 0.71406
744.600000000 2.51066 60.1737 0 0 0 0.700084 0.71406
744.700000000 2.51214 60.2487 0 0 0 0.700084 0.71406
744.800000000 2.51362 60.3237 0 0 0 0.700084 0.71406
744.900000000 2.5151 60.3987 0 0 0 0.700084 0.71406
745.000000000 2.51168 60.4737 0 0 0 0.708787 0.705422
745.100000000 2.50462 60.5398 0 0 0 0.720591 0.69336
745.200000000 2.49532 60.6056 0 0 0 0.73219 0.681101
745.300000000 2.48176 60.6545 0 0 0 0.748987 0.662585
745.400000000 2.46456 60.686 0 0 0 0.770519 0.637417
745.500000000 2.4452 60.6954 0 0 0 0.797306 0.603576
745.600000000 2.42612 60.6906 0 0 0 0.82604 0.563612
745.700000000 2.40789 60.6824 0 0 0 0.853176 0.521622
745.800000000 2.39058 60.6724 0 0 0 0.87818 0.47833
745.900000000 2.37434 60.6608 0 0 0 0.900989 0.433841
746.000000000 2.35936 60.6475 0 0 0 0.921546 0.388268
746.100000000 2.34577 60.6329 0 0 0 0.9398 0.341725
746.200000000 2.33371 60.6169 0 0 0 0.955705 0.294327
746.300000000 2.3233 60.5999 0 0 0 0.969221 0.246194
746.400000000 2.31465 60.5818 0 0 0 0.980314 0.197446
746.500000000 2.30784 60.563 0 0 0 0.988957 0.148204
746.600000000 2.30294 60.5437 0 0 0 0.995128 0.0985911
746.700000000 2.30001 60.5239 0 0 0 0.998812 0.0487322
746.800000000 2.29906 60.5039 0 0 0 0.999999 -0.00124846
746.900000000 2.30011 60.484 0 0 0 0.998687 -0.051226
747.000000000 2.27782 60.4665 0 0 0 0.996043 -0.0888692
747.100000000 2.23878 60.4477 0 0 0 0.993052 -0.117673
747.200000000 2.19113 60.4263 0 0 0 0.989912 -0.141682
747.300000000 2.14377 60.4025 0 0 0 0.986257 -0.165221
747.400000000 2.09678 60.3764 0 0 0 0.982116 -0.188278
747.500000000 2.05027 60.348 0 0 0 0.977519 -0.210847
747.600000000 2.00512 60.3175 0 0 0 0.972404 -0.233304
747.700000000 1.96064 60.2847 0 0 0 0.966874 -0.255254
747.800000000 1.9177 60.2499 0 0 0 0.960849 -0.277074
747.900000000 1.87637 60.2132 0 0 0 0.954331 -0.298751
748.000000000 1.82082 60.1677 0 0 0 0.949998 -0.312255
748.100000000 1.76315 60.1196 0 0 0 0.946424 -0.322928
748.200000000 1.70646 60.0704 0 0 0 0.942901 -0.333074
748.300000000 1.65083 60.02 0 0 0 0.939269 -0.343182
748.400000000 1.5963 59.9684 0 0 0 0.935529 -0.35325
748.500000000 1.5429 59.9156 0 0 0 0.931681 -0.363277
748.600000000 1.49063 59.8617 0 0 0 0.927726 -0.373262
748.700000000 1.43954 59.8067 0 0 0 0.923663 -0.383205
748.800000000 1.38964 59.7506 0 0 0 0.919495 -0.393103
748.900000000 1.33804 59.6962 0 0 0 0.91919 -0.393814
749.000000000 1.28631 59.6419 0 0 0 0.91919 -0.393814
749.100000000 1.23457 59.5876 0 0 0 0.91919 -0.393814
749.200000000 1.18283 59.5333 0 0 0 0.91919 -0.393814
749.300000000 1.1311 59.479 0 0 0 0.91919 -0.393814
749.400000000 1.07936 59.4247 0 0 0 0.91919 -0.393814
749.500000000 1.02762 59.3704 0 0 0 0.91919 -0.393814
749.600000000 0.975887 59.3161 0 0 0 0.91919 -0.393814
749.700000000 0.92415 59.2618 0 0 0 0.91919 -0.393814
749.800000000 0.872414 59.2075 0 0 0 0.91919 -0.393814
749.900000000 0.820677 59.1532 0 0 0 0.91919 -0.393814
750.000000000 0.768717 59.0991 0 0 0 0.919495 -0.393103
750.100000000 0.716456 59.0453 0 0 0 0.920092 -0.391701
750.200000000 0.664032 58.9917 0 0 0 0.920688 -0.390299
750.300000000 0.611445 58.9382 0 0 0 0.921282 -0.388896
750.400000000 0.558695 58.8849 0 0 0 0.921873 -0.387492
750.500000000 0.505783 58.8317 0 0 0 0.922462 -0.386087
750.600000000 0.452709 58.7788 0 0 0 0.923049 -0.384682
750.700000000 0.399474 58.7259 0 0 0 0.923634 -0.383275
750.800000000 0.346078 58.6733 0 0 0 0.924217 -0.381867
750.900000000 0.292522 58.6207 0 0 0 0.924798 -0.380459
751.000000000 0.238806 58.5684 0 0 0 0.925376 -0.37905
751.100000000 0.184931 58.5162 0 0 0 0.925953 -0.377639
751.200000000 0.130897 58.4642 0 0 0 0.926527 -0.376228
751.300000000 0.0771294 58.4119 0 0 0 0.926527 -0.376228
751.400000000 0.0233615 58.3596 0 0 0 0.926527 -0.376228
751.500000000 -0.0304063 58.3073 0 0 0 0.926527 -0.376228
751.600000000 -0.0841741 58.2551 0 0 0 0.926527 -0.376228
751.700000000 -0.137942 58.2028 0 0 0 0.926527 -0.376228
751.800000000 -0.19171 58.1505 0 0 0 0.926527 -0.376228
751.900000000 -0.245478 58.0982 0 0 0 0.926527 -0.376228
752.000000000 -0.29903 58.0457 0 0 0 0.926236 -0.376945
752.100000000 -0.3525 57.9931 0 0 0 0.925944 -0.377661
752.200000000 -0.40589 57.9404 0 0 0 0.925652 -0.378377
752.300000000 -0.459197 57.8877 0 0 0 0.925359 -0.379093
752.400000000 -0.512424 57.8348 0 0 0 0.925065 -0.379808
752.500000000 -0.565568 57.7819 0 0 0 0.924771 -0.380523
752.600000000 -0.61863 57.7289 0 0 0 0.924477 -0.381238
752.700000000 -0.671611 57.6758 0 0 0 0.924182 -0.381953
752.800000000 -0.724509 57.6226 0 0 0 0.923886 -0.382668
752.900000000 -0.777544 57.5696 0 0 0 0.923886 -0.382668
753.000000000 -0.830579 57.5166 0 0 0 0.923886 -0.382668
753.100000000 -0.883613 57.4635 0 0 0 0.923886 -0.382668
753.200000000 -0.936648 57.4105 0 0 0 0.923886 -0.382668
753.300000000 -0.989683 57.3575 0 0 0 0.923886 -0.382668
753.400000000 -1.04272 57.3045 0 0 0 0.923886 -0.382668
753.500000000 -1.09575 57.2514 0 0 0 0.923886 -0.382668
753.600000000 -1.14879 57.1984 0 0 0 0.923886 -0.382668
753.700000000 -1.20182 57.1454 0 0 0 0.923886 -0.382668
753.800000000 -1.25486 57.0923 0 0 0 0.923886 -0.382668
753.900000000 -1.30789 57.0393 0 0 0 0.923886 -0.382668
754.000000000 -1.35951 56.9849 0 0 0 0.921972 -0.387256
754.100000000 -1.41041 56.9297 0 0 0 0.919786 -0.39242
754.200000000 -1.46068 56.8741 0 0 0 0.917571 -0.397572
754.300000000 -1.51033 56.8178 0 0 0 0.915327 -0.402712
754.400000000 -1.55934 56.761 0 0 0 0.913054 -0.407838
754.500000000 -1.60771 56.7037 0 0 0 0.910753 -0.412952
754.600000000 -1.65543 56.6458 0 0 0 0.908422 -0.418053
754.700000000 -1.70251 56.5874 0 0 0 0.906064 -0.423141
754.800000000 -1.74892 56.5284 0 0 0 0.903677 -0.428216
754.900000000 -1.79467 56.469 0 0 0 0.901261 -0.433277
755.000000000 -1.83796 56.4076 0 0 0 0.896327 -0.443394
755.100000000 -1.8797 56.3452 0 0 0 0.891049 -0.453907
755.200000000 -1.91996 56.2818 0 0 0 0.885648 -0.464357
755.300000000 -1.95871 56.2175 0 0 0 0.880125 -0.474742
755.400000000 -1.99594 56.1523 0 0 0 0.87448 -0.485062
755.500000000 -2.03163 56.0862 0 0 0 0.868713 -0.495315
755.600000000 -2.06575 56.0193 0 0 0 -0.862827 0.505499
755.700000000 -2.09829 55.9517 0 0 0 -0.856821 0.515614
755.800000000 -2.12923 55.8832 0 0 0 -0.850697 0.525657
755.900000000 -2.15855 55.8141 0 0 0 -0.844455 0.535627
756.000000000 -2.1828 55.7485 0 0 0 -0.83627 0.548318
756.100000000 -2.20452 55.6829 0 0 0 -0.827641 0.561258
756.200000000 -2.2242 55.6167 0 0 0 -0.818812 0.574062
756.300000000 -2.2418 55.5499 0 0 0 -0.809784 0.586728
756.400000000 -2.25732 55.4826 0 0 0 -0.800561 0.599251
756.500000000 -2.27074 55.4148 0 0 0 -0.791144 0.611629
756.600000000 -2.28204 55.3467 0 0 0 -0.781536 0.62386
756.700000000 -2.29093 55.2804 0 0 0 -0.772059 0.635551
756.800000000 -2.29764 55.2156 0 0 0 -0.76265 0.646812
756.900000000 -2.30233 55.1522 0 0 0 -0.753324 0.65765
757.000000000 -2.30505 55.0921 0 0 0 -0.744347 0.667793
757.100000000 -2.3063 55.0231 0 0 0 -0.733871 0.679289
757.200000000 -2.30805 54.963 0 0 0 -0.728959 0.684557
757.300000000 -2.30941 54.8997 0 0 0 -0.724454 0.689323
757.400000000 -2.30991 54.8397 0 0 0 -0.720158 0.69381
757.500000000 -2.30967 54.7813 0 0 0 -0.715954 0.698147
757.600000000 -2.30875 54.7246 0 0 0 -0.711845 0.702336
757.700000000 -2.30721 54.6696 0 0 0 -0.707834 0.706379
757.800000000 -2.30511 54.6163 0 0 0 -0.703922 0.710277
757.900000000 -2.30251 54.5646 0 0 0 -0.700113 0.714033
758.000000000 -2.30058 54.5146 0 0 0 -0.698423 0.715685
758.100000000 -2.29857 54.4647 0 0 0 -0.697014 0.717058
758.200000000 -2.29644 54.4164 0 0 0 -0.695649 0.718382
758.300000000 -2.2942 54.3698 0 0 0 -0.694328 0.719658
758.400000000 -2.29188 54.3248 0 0 0 -0.693053 0.720887
758.500000000 -2.2895 54.2816 0 0 0 -0.691823 0.722068
758.600000000 -2.28706 54.24 0 0 0 -0.690638 0.723201
758.700000000 -2.28459 54.2 0 0 0 -0.689498 0.724287
758.800000000 -2.2821 54.1618 0 0 0 -0.688405 0.725326
758.900000000 -2.27976 54.1218 0 0 0 -0.687949 0.725759
759.000000000 -2.27747 54.0836 0 0 0 -0.687512 0.726173
759.100000000 -2.27524 54.047 0 0 0 -0.687093 0.726569
759.200000000 -2.27296 54.0104 0 0 0 -0.686675 0.726965
759.300000000 -2.27075 53.9755 0 0 0 -0.686275 0.727342
759.400000000 -2.26861 53.9422 0 0 0 -0.685894 0.727702
759.500000000 -2.26654 53.9106 0 0 0 -0.685531 0.728043
759.600000000 -2.26443 53.879 0 0 0 -0.685169 0.728384
759.700000000 -2.26241 53.8491 0 0 0 -0.684826 0.728707
759.800000000 -2.26036 53.8191 0 0 0 -0.684482 0.72903
759.900000000 -2.25849 53.7909 0 0 0 -0.68432 0.729182
760.000000000 -2.25672 53.7642 0 0 0 -0.684167 0.729325
760.100000000 -2.25493 53.7376 0 0 0 -0.684014 0.729469
760.200000000 -2.25325 53.7127 0 0 0 -0.683871 0.729603
760.300000000 -2.25155 53.6878 0 0 0 -0.683728 0.729737
760.400000000 -2.24996 53.6645 0 0 0 -0.683594 0.729862
760.500000000 -2.24836 53.6412 0 0 0 -0.68346 0.729988
760.600000000 -2.24687 53.6196 0 0 0 -0.683336 0.730104
760.700000000 -2.24537 53.598 0 0 0 -0.683212 0.73022
760.800000000 -2.24386 53.5764 0 0 0 -0.683087 0.730337
760.900000000 -2.24235 53.5547 0 0 0 -0.682963 0.730453
761.000000000 -2.241 53.5348 0 0 0 -0.682963 0.730453
761.100000000 -2.23955 53.5132 0 0 0 -0.682963 0.730453
761.200000000 -2.23821 53.4932 0 0 0 -0.682963 0.730453
761.300000000 -2.23687 53.4733 0 0 0 -0.682963 0.730453
761.400000000 -2.2353 53.45 0 0 0 -0.682963 0.730453
761.500000000 -2.23384 53.4284 0 0 0 -0.682963 0.730453
761.600000000 -2.23239 53.4067 0 0 0 -0.682963 0.730453
761.700000000 -2.23094 53.3851 0 0 0 -0.682963 0.730453
761.800000000 -2.22948 53.3635 0 0 0 -0.682963 0.730453
761.900000000 -2.22803 53.3419 0 0 0 -0.682963 0.730453
762.000000000 -2.22657 53.3203 0 0 0 -0.682963 0.730453
762.100000000 -2.22523 53.3003 0 0 0 -0.682963 0.730453
762.200000000 -2.22378 53.2787 0 0 0 -0.682963 0.730453
762.300000000 -2.22232 53.2571 0 0 0 -0.682963 0.730453
762.400000000 -2.22098 53.2371 0 0 0 -0.682963 0.730453
762.500000000 -2.21964 53.2172 0 0 0 -0.682963 0.730453
762.600000000 -2.21829 53.1972 0 0 0 -0.682963 0.730453
762.700000000 -2.21684 53.1756 0 0 0 -0.682963 0.730453
762.800000000 -2.2155 53.1556 0 0 0 -0.682963 0.730453
762.900000000 -2.21416 53.1357 0 0 0 -0.682963 0.730453
763.000000000 -2.21281 53.1157 0 0 0 -0.682963 0.730453
763.100000000 -2.21158 53.0974 0 0 0 -0.682963 0.730453
763.200000000 -2.21024 53.0775 0 0 0 -0.682963 0.730453
763.300000000 -2.2089 53.0575 0 0 0 -0.682963 0.730453
763.400000000 -2.20755 53.0376 0 0 0 -0.682963 0.730453
763.500000000 -2.20632 53.0193 0 0 0 -0.682963 0.730453
763.600000000 -2.20453 52.9927 0 0 0 -0.682963 0.730453
763.700000000 -2.20263 52.9644 0 0 0 -0.682963 0.730453
763.800000000 -2.20084 52.9378 0 0 0 -0.682963 0.730453
763.900000000 -2.19916 52.9129 0 0 0 -0.682963 0.730453
764.000000000 -2.19749 52.8879 0 0 0 -0.682963 0.730453
764.100000000 -2.19592 52.8646 0 0 0 -0.682963 0.730453
764.200000000 -2.19413 52.838 0 0 0 -0.682963 0.730453
764.300000000 -2.19245 52.8131 0 0 0 -0.682963 0.730453
764.400000000 -2.19066 52.7865 0 0 0 -0.682963 0.730453
764.500000000 -2.18887 52.7599 0 0 0 -0.682963 0.730453
764.600000000 -2.18719 52.7349 0 0 0 -0.682963 0.730453
764.700000000 -2.18552 52.71 0 0 0 -0.682963 0.730453
764.800000000 -2.18384 52.685 0 0 0 -0.682963 0.730453
764.900000000 -2.18216 52.6601 0 0 0 -0.682963 0.730453
765.000000000 -2.18048 52.6352 0 0 0 -0.682963 0.730453
765.100000000 -2.1788 52.6102 0 0 0 -0.682963 0.730453
765.200000000 -2.17713 52.5853 0 0 0 -0.682963 0.730453
765.300000000 -2.17556 52.562 0 0 0 -0.682963 0.730453
765.400000000 -2.17388 52.537 0 0 0 -0.682963 0.730453
765.500000000 -2.1722 52.5121 0 0 0 -0.682963 0.730453
765.600000000 -2.17064 52.4888 0 0 0 -0.682963 0.730453
765.700000000 -2.16907 52.4655 0 0 0 -0.682963 0.730453
765.800000000 -2.16739 52.4406 0 0 0 -0.682963 0.730453
765.900000000 -2.16642 52.4073 0 0 0 -0.685282 0.728278
766.000000000 -2.16581 52.3756 0 0 0 -0.687666 0.726027
766.100000000 -2.1654 52.3439 0 0 0 -0.690043 0.723768
766.200000000 -2.16519 52.3105 0 0 0 -0.692537 0.721382
766.300000000 -2.16556 52.2355 0 0 0 -0.6987 0.715415
766.400000000 -2.16722 52.1604 0 0 0 -0.704811 0.709395
766.500000000 -2.17017 52.0855 0 0 0 -0.71087 0.703323
766.600000000 -2.1744 52.0105 0 0 0 -0.716877 0.6972
766.700000000 -2.17991 51.9357 0 0 0 -0.722831 0.691025
766.800000000 -2.18671 51.8609 0 0 0 -0.728732 0.684799
766.900000000 -2.19479 51.7863 0 0 0 -0.73458 0.678523
767.000000000 -2.20271 51.7117 0 0 0 -0.737944 0.674862
767.100000000 -2.21112 51.6372 0 0 0 -0.740851 0.67167
767.200000000 -2.22017 51.5627 0 0 0 -0.743744 0.668464
767.300000000 -2.22986 51.4883 0 0 0 -0.746624 0.665246
767.400000000 -2.24019 51.414 0 0 0 -0.74949 0.662016
767.500000000 -2.25116 51.3398 0 0 0 -0.752341 0.658773
767.600000000 -2.26277 51.2657 0 0 0 -0.755179 0.655519
767.700000000 -2.27503 51.1917 0 0 0 -0.758003 0.652251
767.800000000 -2.28792 51.1178 0 0 0 -0.760812 0.648972
767.900000000 -2.30145 51.044 0 0 0 -0.763607 0.645681
768.000000000 -2.31247 50.9699 0 0 0 -0.761247 0.648462
768.100000000 -2.32269 50.8955 0 0 0 -0.75844 0.651743
768.200000000 -2.33227 50.8211 0 0 0 -0.755618 0.655012
768.300000000 -2.3412 50.7467 0 0 0 -0.752783 0.658269
768.400000000 -2.34949 50.6721 0 0 0 -0.749933 0.661514
768.500000000 -2.35719 50.5975 0 0 0 -0.747165 0.664639
768.600000000 -2.36433 50.5228 0 0 0 -0.744489 0.667635
768.700000000 -2.37094 50.4481 0 0 0 -0.741906 0.670504
768.800000000 -2.377 50.3733 0 0 0 -0.739366 0.673304
768.900000000 -2.38255 50.2985 0 0 0 -0.736921 0.675979
769.000000000 -2.38749 50.2254 0 0 0 -0.734574 0.678529
769.100000000 -2.39181 50.1538 0 0 0 -0.732271 0.681013
769.200000000 -2.39556 50.0839 0 0 0 -0.730014 0.683432
769.300000000 -2.39869 50.0173 0 0 0 -0.727857 0.685729
769.400000000 -2.40134 49.9524 0 0 0 -0.725747 0.687962
769.500000000 -2.40352 49.8891 0 0 0 -0.723684 0.690131
769.600000000 -2.40524 49.8291 0 0 0 -0.721724 0.692181
769.700000000 -2.40657 49.7707 0 0 0 -0.719813 0.694168
769.800000000 -2.40756 49.7141 0 0 0 -0.717951 0.696093
769.900000000 -2.40822 49.6591 0 0 0 -0.716139 0.697957
770.000000000 -2.40911 49.6041 0 0 0 -0.715234 0.698885
770.100000000 -2.40982 49.5524 0 0 0 -0.714382 0.699756
770.200000000 -2.41038 49.5024 0 0 0 -0.713556 0.700598
770.300000000 -2.41081 49.4541 0 0 0 -0.712757 0.701411
770.400000000 -2.41112 49.4074 0 0 0 -0.711985 0.702195
770.500000000 -2.41132 49.3624 0 0 0 -0.71124 0.70295
770.600000000 -2.41142 49.3191 0 0 0 -0.710521 0.703676
770.700000000 -2.41143 49.2774 0 0 0 -0.709829 0.704374
770.800000000 -2.41136 49.2357 0 0 0 -0.709137 0.705071
770.900000000 -2.41121 49.1957 0 0 0 -0.708472 0.705739
771.000000000 -2.41075 49.1574 0 0 0 -0.707406 0.706807
771.100000000 -2.41021 49.1207 0 0 0 -0.706386 0.707827
771.200000000 -2.40959 49.0857 0 0 0 -0.70541 0.708799
771.300000000 -2.4089 49.0524 0 0 0 -0.70448 0.709724
771.400000000 -2.40813 49.0191 0 0 0 -0.703548 0.710648
771.500000000 -2.40731 48.9874 0 0 0 -0.702662 0.711524
771.600000000 -2.40646 48.9574 0 0 0 -0.701822 0.712353
771.700000000 -2.40555 48.9274 0 0 0 -0.70098 0.713181
771.800000000 -2.40461 48.8991 0 0 0 -0.700185 0.713962
771.900000000 -2.40361 48.8708 0 0 0 -0.699388 0.714742
772.000000000 -2.4027 48.8442 0 0 0 -0.698788 0.715329
772.100000000 -2.40188 48.8192 0 0 0 -0.698366 0.71574
772.200000000 -2.40103 48.7942 0 0 0 -0.697944 0.716152
772.300000000 -2.40021 48.7709 0 0 0 -0.69755 0.716536
772.400000000 -2.39936 48.7475 0 0 0 -0.697156 0.716919
772.500000000 -2.39855 48.7259 0 0 0 -0.69679 0.717276
772.600000000 -2.39772 48.7042 0 0 0 -0.696423 0.717631
772.700000000 -2.39693 48.6843 0 0 0 -0.696085 0.71796
772.800000000 -2.39606 48.6626 0 0 0 -0.695718 0.718315
772.900000000 -2.39516 48.641 0 0 0 -0.695351 0.718671
773.000000000 -2.39375 48.6076 0 0 0 -0.694786 0.719217
773.100000000 -2.39235 48.576 0 0 0 -0.694248 0.719736
773.200000000 -2.39091 48.5444 0 0 0 -0.693711 0.720254
773.300000000 -2.38935 48.5111 0 0 0 -0.693144 0.720799
773.400000000 -2.38781 48.4794 0 0 0 -0.692606 0.721316
773.500000000 -2.38623 48.4478 0 0 0 -0.692067 0.721833
773.600000000 -2.3846 48.4162 0 0 0 -0.691528 0.72235
773.700000000 -2.38301 48.3862 0 0 0 -0.691017 0.722839
773.800000000 -2.38147 48.3579 0 0 0 -0.690534 0.7233
773.900000000 -2.37989 48.3297 0 0 0 -0.69005 0.723761
774.000000000 -2.37836 48.3014 0 0 0 -0.689728 0.724068
774.100000000 -2.3768 48.2731 0 0 0 -0.689406 0.724375
774.200000000 -2.37532 48.2464 0 0 0 -0.689102 0.724664
774.300000000 -2.37381 48.2198 0 0 0 -0.688798 0.724953
774.400000000 -2.37238 48.1949 0 0 0 -0.688514 0.725223
774.500000000 -2.37102 48.1716 0 0 0 -0.688248 0.725476
774.600000000 -2.36964 48.1483 0 0 0 -0.687982 0.725728
774.700000000 -2.36835 48.1266 0 0 0 -0.687735 0.725962
774.800000000 -2.36705 48.105 0 0 0 -0.687487 0.726196
774.900000000 -2.36572 48.0834 0 0 0 -0.68724 0.72643
775.000000000 -2.36449 48.0634 0 0 0 -0.687012 0.726646
775.100000000 -2.36314 48.0418 0 0 0 -0.686764 0.72688
775.200000000 -2.36178 48.0202 0 0 0 -0.686517 0.727114
775.300000000 -2.36066 47.9969 0 0 0 -0.686917 0.726736
775.400000000 -2.35956 47.9719 0 0 0 -0.687488 0.726196
775.500000000 -2.35858 47.9486 0 0 0 -0.688021 0.725691
775.600000000 -2.35763 47.9253 0 0 0 -0.688553 0.725186
775.700000000 -2.35678 47.9036 0 0 0 -0.689047 0.724716
775.800000000 -2.35596 47.882 0 0 0 -0.689541 0.724246
775.900000000 -2.3551 47.8603 0 0 0 -0.689911 0.723894
776.000000000 -2.35426 47.8387 0 0 0 -0.690281 0.723541
776.100000000 -2.35345 47.817 0 0 0 -0.69065 0.723189
776.200000000 -2.35266 47.7954 0 0 0 -0.69102 0.722836
776.300000000 -2.35189 47.7737 0 0 0 -0.691389 0.722483
776.400000000 -2.35114 47.752 0 0 0 -0.691758 0.722129
776.500000000 -2.35041 47.7304 0 0 0 -0.692127 0.721776
776.600000000 -2.34971 47.7087 0 0 0 -0.692496 0.721422
776.700000000 -2.34897 47.6854 0 0 0 -0.692892 0.721041
776.800000000 -2.34831 47.6638 0 0 0 -0.693261 0.720687
776.900000000 -2.34753 47.6371 0 0 0 -0.693714 0.720251
777.000000000 -2.34683 47.6121 0 0 0 -0.694138 0.719842
777.100000000 -2.34616 47.5871 0 0 0 -0.694562 0.719433
777.200000000 -2.34547 47.5605 0 0 0 -0.695015 0.718996
777.300000000 -2.34486 47.5355 0 0 0 -0.695438 0.718586
777.400000000 -2.34428 47.5105 0 0 0 -0.695862 0.718176
777.500000000 -2.34369 47.4838 0 0 0 -0.696313 0.717738
777.600000000 -2.34313 47.4571 0 0 0 -0.696764 0.7173
777.700000000 -2.34261 47.4305 0 0 0 -0.697215 0.716862
777.800000000 -2.34212 47.4038 0 0 0 -0.697666 0.716423
777.900000000 -2.34166 47.3772 0 0 0 -0.698116 0.715984
778.000000000 -2.34115 47.3505 0 0 0 -0.698416 0.715692
778.100000000 -2.34067 47.3238 0 0 0 -0.698716 0.715399
778.200000000 -2.34024 47.2988 0 0 0 -0.698997 0.715125
778.300000000 -2.33982 47.2738 0 0 0 -0.699278 0.71485
778.400000000 -2.3393 47.2405 0 0 0 -0.699652 0.714484
778.500000000 -2.33881 47.2072 0 0 0 -0.700026 0.714117
778.600000000 -2.33838 47.1755 0 0 0 -0.700382 0.713769
778.700000000 -2.33798 47.1438 0 0 0 -0.700737 0.71342
778.800000000 -2.33761 47.1122 0 0 0 -0.701091 0.713071
778.900000000 -2.33729 47.0822 0 0 0 -0.701428 0.712741
779.000000000 -2.33692 47.0539 0 0 0 -0.701586 0.712585
779.100000000 -2.33657 47.0255 0 0 0 -0.701745 0.712428
779.200000000 -2.33625 46.9989 0 0 0 -0.701894 0.712281
779.300000000 -2.33595 46.9722 0 0 0 -0.702043 0.712134
779.400000000 -2.33558 46.9389 0 0 0 -0.70223 0.711951
779.500000000 -2.33524 46.9072 0 0 0 -0.702407 0.711776
779.600000000 -2.33492 46.8755 0 0 0 -0.702584 0.711601
779.700000000 -2.33463 46.8455 0 0 0 -0.702751 0.711436
779.800000000 -2.33437 46.8172 0 0 0 -0.70291 0.711279
779.900000000 -2.33413 46.7889 0 0 0 -0.703068 0.711123
780.000000000 -2.33385 46.7555 0 0 0 -0.703254 0.710939
780.100000000 -2.33359 46.7222 0 0 0 -0.70344 0.710755
780.200000000 -2.33337 46.6905 0 0 0 -0.703617 0.71058
780.300000000 -2.33316 46.6605 0 0 0 -0.703784 0.710414
780.400000000 -2.33298 46.6305 0 0 0 -0.703952 0.710248
780.500000000 -2.33281 46.6022 0 0 0 -0.70411 0.710091
780.600000000 -2.33267 46.5755 0 0 0 -0.704258 0.709944
780.700000000 -2.33254 46.5489 0 0 0 -0.704407 0.709796
780.800000000 -2.33243 46.5239 0 0 0 -0.704547 0.709658
780.900000000 -2.33229 46.4889 0 0 0 -0.704742 0.709464
781.000000000 -2.33217 46.4555 0 0 0 -0.704927 0.70928
781.100000000 -2.33207 46.4239 0 0 0 -0.705104 0.709104
781.200000000 -2.33199 46.3922 0 0 0 -0.70528 0.708929
781.300000000 -2.33193 46.3622 0 0 0 -0.705447 0.708763
781.400000000 -2.33144 46.3339 0 0 0 -0.704815 0.709391
781.500000000 -2.3309 46.3055 0 0 0 -0.704183 0.710019
781.600000000 -2.33021 46.2722 0 0 0 -0.703438 0.710757
781.700000000 -2.32948 46.2406 0 0 0 -0.702729 0.711457
781.800000000 -2.32869 46.2089 0 0 0 -0.70202 0.712157
781.900000000 -2.32789 46.1789 0 0 0 -0.701348 0.712819
782.000000000 -2.32707 46.1506 0 0 0 -0.700712 0.713444
782.100000000 -2.32615 46.1206 0 0 0 -0.700039 0.714105
782.200000000 -2.32523 46.0923 0 0 0 -0.699402 0.714729
782.300000000 -2.32426 46.064 0 0 0 -0.698765 0.715352
782.400000000 -2.3233 46.0373 0 0 0 -0.698164 0.715938
782.500000000 -2.3223 46.0107 0 0 0 -0.697563 0.716523
782.600000000 -2.32131 45.9857 0 0 0 -0.697 0.717071
782.700000000 -2.32035 45.9624 0 0 0 -0.696473 0.717583
782.800000000 -2.31936 45.939 0 0 0 -0.695946 0.718094
782.900000000 -2.31834 45.9157 0 0 0 -0.695419 0.718604
783.000000000 -2.31736 45.8924 0 0 0 -0.695024 0.718987
783.100000000 -2.31642 45.8708 0 0 0 -0.694656 0.719342
783.200000000 -2.31546 45.8491 0 0 0 -0.694289 0.719697
783.300000000 -2.31447 45.8275 0 0 0 -0.693921 0.720051
783.400000000 -2.31347 45.8058 0 0 0 -0.693553 0.720406
783.500000000 -2.31244 45.7842 0 0 0 -0.693185 0.72076
783.600000000 -2.31139 45.7625 0 0 0 -0.692816 0.721114
783.700000000 -2.31032 45.7409 0 0 0 -0.692448 0.721468
783.800000000 -2.30931 45.7209 0 0 0 -0.692108 0.721794
783.900000000 -2.30829 45.701 0 0 0 -0.691767 0.722121
784.000000000 -2.3073 45.681 0 0 0 -0.69154 0.722338
784.100000000 -2.3063 45.661 0 0 0 -0.691313 0.722555
784.200000000 -2.3053 45.641 0 0 0 -0.691086 0.722773
784.300000000 -2.30436 45.6227 0 0 0 -0.690878 0.722972
784.400000000 -2.30333 45.6027 0 0 0 -0.69065 0.723189
784.500000000 -2.30237 45.5844 0 0 0 -0.690442 0.723388
784.600000000 -2.30131 45.5645 0 0 0 -0.690215 0.723605
784.700000000 -2.30015 45.5428 0 0 0 -0.689968 0.72384
784.800000000 -2.29907 45.5229 0 0 0 -0.689741 0.724056
784.900000000 -2.29761 45.4962 0 0 0 -0.689437 0.724345
785.000000000 -2.29622 45.4713 0 0 0 -0.689153 0.724616
785.100000000 -2.29471 45.4446 0 0 0 -0.688849 0.724905
785.200000000 -2.29328 45.4197 0 0 0 -0.688564 0.725175
785.300000000 -2.29183 45.3947 0 0 0 -0.688279 0.725446
785.400000000 -2.29026 45.3681 0 0 0 -0.687975 0.725734
785.500000000 -2.28867 45.3415 0 0 0 -0.687671 0.726022
785.600000000 -2.28706 45.3149 0 0 0 -0.687367 0.72631
785.700000000 -2.28552 45.2899 0 0 0 -0.687082 0.72658
785.800000000 -2.28387 45.2633 0 0 0 -0.686777 0.726868
785.900000000 -2.28237 45.2383 0 0 0 -0.686634 0.727003
786.000000000 -2.28077 45.2117 0 0 0 -0.686482 0.727147
786.100000000 -2.27915 45.1851 0 0 0 -0.68633 0.727291
786.200000000 -2.27762 45.1602 0 0 0 -0.686187 0.727425
786.300000000 -2.27609 45.1352 0 0 0 -0.686044 0.72756
786.400000000 -2.27465 45.1119 0 0 0 -0.685911 0.727686
786.500000000 -2.2732 45.0886 0 0 0 -0.685777 0.727811
786.600000000 -2.27184 45.067 0 0 0 -0.685653 0.727928
786.700000000 -2.27048 45.0454 0 0 0 -0.685529 0.728045
786.800000000 -2.26921 45.0254 0 0 0 -0.685415 0.728153
786.900000000 -2.26794 45.0055 0 0 0 -0.685301 0.72826
787.000000000 -2.26666 44.9855 0 0 0 -0.685186 0.728368
787.100000000 -2.26538 44.9655 0 0 0 -0.685072 0.728475
787.200000000 -2.26409 44.9456 0 0 0 -0.684957 0.728583
787.300000000 -2.26269 44.924 0 0 0 -0.684833 0.7287
787.400000000 -2.26164 44.904 0 0 0 -0.685177 0.728377
787.500000000 -2.26058 44.8823 0 0 0 -0.685673 0.727909
787.600000000 -2.25964 44.8624 0 0 0 -0.686131 0.727478
787.700000000 -2.25872 44.8424 0 0 0 -0.686589 0.727046
787.800000000 -2.25791 44.8241 0 0 0 -0.687008 0.72665
787.900000000 -2.25704 44.8041 0 0 0 -0.687465 0.726218
788.000000000 -2.25619 44.7841 0 0 0 -0.687922 0.725785
788.100000000 -2.25537 44.7641 0 0 0 -0.688378 0.725352
788.200000000 -2.25458 44.7441 0 0 0 -0.688834 0.724919
788.300000000 -2.25381 44.7241 0 0 0 -0.68929 0.724485
788.400000000 -2.25307 44.7042 0 0 0 -0.689746 0.724051
788.500000000 -2.25211 44.6775 0 0 0 -0.690353 0.723473
788.600000000 -2.25119 44.6509 0 0 0 -0.69096 0.722893
788.700000000 -2.25032 44.6242 0 0 0 -0.691566 0.722313
788.800000000 -2.2495 44.5975 0 0 0 -0.692172 0.721733
788.900000000 -2.24872 44.5709 0 0 0 -0.692777 0.721152
789.000000000 -2.2479 44.5442 0 0 0 -0.69323 0.720716
789.100000000 -2.24717 44.5192 0 0 0 -0.693655 0.720308
789.200000000 -2.24641 44.4926 0 0 0 -0.694108 0.719871
789.300000000 -2.24569 44.4659 0 0 0 -0.69456 0.719435
789.400000000 -2.24505 44.4409 0 0 0 -0.694984 0.719025
789.500000000 -2.24435 44.4126 0 0 0 -0.695464 0.718561
789.600000000 -2.24373 44.3859 0 0 0 -0.695916 0.718123
789.700000000 -2.24315 44.3593 0 0 0 -0.696367 0.717685
789.800000000 -2.24263 44.3343 0 0 0 -0.69679 0.717275
789.900000000 -2.24211 44.3076 0 0 0 -0.697241 0.716837
790.000000000 -2.24157 44.2826 0 0 0 -0.697523 0.716563
790.100000000 -2.24099 44.2543 0 0 0 -0.697842 0.716252
790.200000000 -2.24046 44.2276 0 0 0 -0.698142 0.71596
790.300000000 -2.23999 44.2026 0 0 0 -0.698423 0.715685
790.400000000 -2.23951 44.176 0 0 0 -0.698723 0.715393
790.500000000 -2.23904 44.1493 0 0 0 -0.699022 0.7151
790.600000000 -2.23861 44.1227 0 0 0 -0.699322 0.714807
790.700000000 -2.23819 44.096 0 0 0 -0.699622 0.714514
790.800000000 -2.2378 44.0693 0 0 0 -0.699921 0.71422
790.900000000 -2.23737 44.0443 0 0 0 -0.700061 0.714083
791.000000000 -2.23692 44.0177 0 0 0 -0.700211 0.713936
791.100000000 -2.23649 43.991 0 0 0 -0.70036 0.71379
791.200000000 -2.23609 43.966 0 0 0 -0.7005 0.713652
791.300000000 -2.23571 43.941 0 0 0 -0.70064 0.713515
791.400000000 -2.23531 43.9143 0 0 0 -0.70079 0.713368
791.500000000 -2.23491 43.8877 0 0 0 -0.700939 0.713221
791.600000000 -2.23456 43.8627 0 0 0 -0.701079 0.713083
791.700000000 -2.23419 43.836 0 0 0 -0.701229 0.712936
791.800000000 -2.23385 43.811 0 0 0 -0.701369 0.712799
791.900000000 -2.23351 43.7844 0 0 0 -0.701518 0.712652
792.000000000 -2.23319 43.7594 0 0 0 -0.701658 0.712514
792.100000000 -2.23287 43.7327 0 0 0 -0.701807 0.712367
792.200000000 -2.23257 43.7077 0 0 0 -0.701947 0.712229
792.300000000 -2.23227 43.681 0 0 0 -0.702096 0.712082
792.400000000 -2.23199 43.656 0 0 0 -0.702236 0.711944
792.500000000 -2.23175 43.6327 0 0 0 -0.702366 0.711816
792.600000000 -2.23147 43.606 0 0 0 -0.702515 0.711668
792.700000000 -2.23123 43.581 0 0 0 -0.702655 0.711531
792.800000000 -2.23098 43.5544 0 0 0 -0.702804 0.711383
792.900000000 -2.23074 43.5277 0 0 0 -0.702953 0.711236
793.000000000 -2.23051 43.501 0 0 0 -0.703102 0.711089
793.100000000 -2.23029 43.4744 0 0 0 -0.703251 0.710942
793.200000000 -2.23009 43.4477 0 0 0 -0.7034 0.710794
793.300000000 -2.22989 43.421 0 0 0 -0.703549 0.710647
793.400000000 -2.22971 43.3944 0 0 0 -0.703698 0.7105
793.500000000 -2.22953 43.3677 0 0 0 -0.703846 0.710352
793.600000000 -2.22938 43.3427 0 0 0 -0.703986 0.710214
793.700000000 -2.22923 43.316 0 0 0 -0.704135 0.710066
793.800000000 -2.2291 43.291 0 0 0 -0.704274 0.709928
793.900000000 -2.22898 43.266 0 0 0 -0.704414 0.70979
794.000000000 -2.22886 43.2394 0 0 0 -0.704562 0.709642
794.100000000 -2.22875 43.2127 0 0 0 -0.704711 0.709495
794.200000000 -2.22866 43.186 0 0 0 -0.704859 0.709347
794.300000000 -2.22857 43.1594 0 0 0 -0.705008 0.709199
794.400000000 -2.2285 43.1327 0 0 0 -0.705156 0.709052
794.500000000 -2.22844 43.1077 0 0 0 -0.705296 0.708913
794.600000000 -2.22839 43.0827 0 0 0 -0.705435 0.708775
794.700000000 -2.22835 43.0594 0 0 0 -0.705565 0.708645
794.800000000 -2.22832 43.0327 0 0 0 -0.705713 0.708498
794.900000000 -2.2283 43.006 0 0 0 -0.705862 0.70835
795.000000000 -2.2282 42.9794 0 0 0 -0.705862 0.70835
795.100000000 -2.22812 42.9544 0 0 0 -0.705862 0.70835
795.200000000 -2.22802 42.9277 0 0 0 -0.705862 0.70835
795.300000000 -2.22793 42.9027 0 0 0 -0.705862 0.70835
795.400000000 -2.22784 42.876 0 0 0 -0.705862 0.70835
795.500000000 -2.22775 42.8494 0 0 0 -0.705862 0.70835
795.600000000 -2.22765 42.8227 0 0 0 -0.705862 0.70835
795.700000000 -2.22756 42.7977 0 0 0 -0.705862 0.70835
795.800000000 -2.22748 42.7727 0 0 0 -0.705862 0.70835
795.900000000 -2.22738 42.746 0 0 0 -0.705862 0.70835
796.000000000 -2.22729 42.721 0 0 0 -0.705862 0.70835
796.100000000 -2.22721 42.696 0 0 0 -0.705862 0.70835
796.200000000 -2.22711 42.6694 0 0 0 -0.705862 0.70835
796.300000000 -2.22702 42.6427 0 0 0 -0.705862 0.70835
796.400000000 -2.22693 42.6177 0 0 0 -0.705862 0.70835
796.500000000 -2.22684 42.5927 0 0 0 -0.705862 0.70835
796.600000000 -2.22675 42.566 0 0 0 -0.705862 0.70835
796.700000000 -2.22665 42.5394 0 0 0 -0.705862 0.70835
796.800000000 -2.22656 42.5127 0 0 0 -0.705862 0.70835
796.900000000 -2.22647 42.4877 0 0 0 -0.705862 0.70835
797.000000000 -2.22639 42.4627 0 0 0 -0.705862 0.70835
797.100000000 -2.22629 42.436 0 0 0 -0.705862 0.70835
797.200000000 -2.2262 42.4094 0 0 0 -0.705862 0.70835
797.300000000 -2.2261 42.3827 0 0 0 -0.705862 0.70835
797.400000000 -2.22601 42.356 0 0 0 -0.705862 0.70835
797.500000000 -2.22592 42.331 0 0 0 -0.705862 0.70835
797.600000000 -2.22583 42.3044 0 0 0 -0.705862 0.70835
797.700000000 -2.22573 42.2777 0 0 0 -0.705862 0.70835
797.800000000 -2.22564 42.251 0 0 0 -0.705862 0.70835
797.900000000 -2.22555 42.2244 0 0 0 -0.705862 0.70835
798.000000000 -2.22546 42.1994 0 0 0 -0.705862 0.70835
798.100000000 -2.22537 42.1744 0 0 0 -0.705862 0.70835
798.200000000 -2.22528 42.1477 0 0 0 -0.705862 0.70835
798.300000000 -2.22518 42.121 0 0 0 -0.705862 0.70835
798.400000000 -2.22509 42.0944 0 0 0 -0.705862 0.70835
798.500000000 -2.225 42.0677 0 0 0 -0.705862 0.70835
798.600000000 -2.22491 42.0427 0 0 0 -0.705862 0.70835
798.700000000 -2.22482 42.0177 0 0 0 -0.705862 0.70835
798.800000000 -2.22473 41.9911 0 0 0 -0.705862 0.70835
798.900000000 -2.22464 41.9661 0 0 0 -0.705862 0.70835
799.000000000 -2.22454 41.9394 0 0 0 -0.705862 0.70835
799.100000000 -2.22446 41.9144 0 0 0 -0.705862 0.70835
799.200000000 -2.22436 41.8877 0 0 0 -0.705862 0.70835
799.300000000 -2.22427 41.8611 0 0 0 -0.705862 0.70835
799.400000000 -2.22417 41.8344 0 0 0 -0.705862 0.70835
799.500000000 -2.22409 41.8094 0 0 0 -0.705862 0.70835
799.600000000 -2.22399 41.7827 0 0 0 -0.705862 0.70835
799.700000000 -2.2239 41.7561 0 0 0 -0.705862 0.70835
799.800000000 -2.2238 41.7294 0 0 0 -0.705862 0.70835
799.900000000 -2.22372 41.7044 0 0 0 -0.705862 0.70835
800.000000000 -2.22363 41.6794 0 0 0 -0.705862 0.70835
800.100000000 -2.22353 41.6527 0 0 0 -0.705862 0.70835
800.200000000 -2.22345 41.6277 0 0 0 -0.705862 0.70835
800.300000000 -2.22335 41.6011 0 0 0 -0.705862 0.70835
800.400000000 -2.22327 41.5761 0 0 0 -0.705862 0.70835
800.500000000 -2.22317 41.5494 0 0 0 -0.705862 0.70835
800.600000000 -2.22308 41.5244 0 0 0 -0.705862 0.70835
800.700000000 -2.22299 41.4977 0 0 0 -0.705862 0.70835
800.800000000 -2.2229 41.4727 0 0 0 -0.705862 0.70835
800.900000000 -2.22314 41.4461 0 0 0 -0.706456 0.707757
801.000000000 -2.22349 41.4211 0 0 0 -0.707151 0.707062
801.100000000 -2.22391 41.3944 0 0 0 -0.707893 0.70632
801.200000000 -2.22436 41.3694 0 0 0 -0.708588 0.705623
801.300000000 -2.22483 41.3461 0 0 0 -0.709235 0.704972
801.400000000 -2.22541 41.3194 0 0 0 -0.709975 0.704227
801.500000000 -2.22601 41.2944 0 0 0 -0.710667 0.703529
801.600000000 -2.22665 41.2694 0 0 0 -0.711359 0.702829
801.700000000 -2.2273 41.2461 0 0 0 -0.712004 0.702176
801.800000000 -2.22799 41.2228 0 0 0 -0.712648 0.701522
801.900000000 -2.2286 41.2011 0 0 0 -0.713126 0.701036
802.000000000 -2.22925 41.1794 0 0 0 -0.713604 0.700549
802.100000000 -2.23008 41.1528 0 0 0 -0.714191 0.699951
802.200000000 -2.23095 41.1261 0 0 0 -0.714778 0.699351
802.300000000 -2.23187 41.0995 0 0 0 -0.715365 0.698751
802.400000000 -2.23274 41.0728 0 0 0 -0.715804 0.698301
802.500000000 -2.23365 41.0462 0 0 0 -0.716243 0.697851
802.600000000 -2.23452 41.0195 0 0 0 -0.716535 0.697551
802.700000000 -2.2354 40.9929 0 0 0 -0.716827 0.697251
802.800000000 -2.2363 40.9662 0 0 0 -0.717119 0.69695
802.900000000 -2.23717 40.9412 0 0 0 -0.717393 0.696669
803.000000000 -2.23806 40.9162 0 0 0 -0.717667 0.696387
803.100000000 -2.23895 40.8896 0 0 0 -0.717813 0.696236
803.200000000 -2.23979 40.8646 0 0 0 -0.717949 0.696095
803.300000000 -2.24172 40.808 0 0 0 -0.718259 0.695776
803.400000000 -2.24364 40.753 0 0 0 -0.71856 0.695465
803.500000000 -2.24555 40.6997 0 0 0 -0.718851 0.695164
803.600000000 -2.24837 40.6248 0 0 0 -0.719388 0.694608
803.700000000 -2.25131 40.5498 0 0 0 -0.719925 0.694052
803.800000000 -2.25436 40.4749 0 0 0 -0.720462 0.693495
803.900000000 -2.25753 40.3999 0 0 0 -0.720998 0.692937
804.000000000 -2.26082 40.325 0 0 0 -0.721533 0.69238
804.100000000 -2.26422 40.2501 0 0 0 -0.722069 0.691821
804.200000000 -2.26803 40.1752 0 0 0 -0.723122 0.690721
804.300000000 -2.27208 40.1003 0 0 0 -0.724173 0.689618
804.400000000 -2.27635 40.0254 0 0 0 -0.725223 0.688514
804.500000000 -2.28085 39.9505 0 0 0 -0.726271 0.687409
804.600000000 -2.28558 39.8757 0 0 0 -0.727317 0.686301
804.700000000 -2.29054 39.8009 0 0 0 -0.728362 0.685193
804.800000000 -2.29572 39.726 0 0 0 -0.729405 0.684082
804.900000000 -2.30113 39.6512 0 0 0 -0.730446 0.68297
805.000000000 -2.30677 39.5764 0 0 0 -0.731486 0.681857
805.100000000 -2.31264 39.5017 0 0 0 -0.732524 0.680741
805.200000000 -2.31874 39.4269 0 0 0 -0.73356 0.679625
805.300000000 -2.3232 39.357 0 0 0 -0.732062 0.681238
805.400000000 -2.32715 39.2905 0 0 0 -0.730631 0.682772
805.500000000 -2.33073 39.2256 0 0 0 -0.729234 0.684265
805.600000000 -2.33387 39.164 0 0 0 -0.727905 0.685678
805.700000000 -2.3367 39.1041 0 0 0 -0.72661 0.687051
805.800000000 -2.33923 39.0458 0 0 0 -0.725348 0.688383
805.900000000 -2.34148 38.9892 0 0 0 -0.724119 0.689675
806.000000000 -2.34341 38.9359 0 0 0 -0.722961 0.690889
806.100000000 -2.3451 38.8842 0 0 0 -0.721837 0.692063
806.200000000 -2.34658 38.8342 0 0 0 -0.720748 0.693197
806.300000000 -2.34785 38.7859 0 0 0 -0.719693 0.694292
806.400000000 -2.34894 38.7393 0 0 0 -0.718673 0.695348
806.500000000 -2.34986 38.6943 0 0 0 -0.717688 0.696365
806.600000000 -2.35062 38.6509 0 0 0 -0.716738 0.697342
806.700000000 -2.35124 38.6093 0 0 0 -0.715824 0.698281
806.800000000 -2.35173 38.5693 0 0 0 -0.714944 0.699181
806.900000000 -2.35212 38.5293 0 0 0 -0.714064 0.70008
807.000000000 -2.35275 38.4826 0 0 0 -0.713551 0.700604
807.100000000 -2.35329 38.4376 0 0 0 -0.713055 0.701108
807.200000000 -2.35375 38.3943 0 0 0 -0.712577 0.701593
807.300000000 -2.35413 38.3526 0 0 0 -0.712118 0.70206
807.400000000 -2.35445 38.3126 0 0 0 -0.711677 0.702507
807.500000000 -2.35472 38.2726 0 0 0 -0.711235 0.702954
807.600000000 -2.35493 38.2343 0 0 0 -0.710811 0.703383
807.700000000 -2.35508 38.1976 0 0 0 -0.710406 0.703792
807.800000000 -2.35519 38.1626 0 0 0 -0.710019 0.704183
807.900000000 -2.35526 38.1276 0 0 0 -0.709631 0.704573
808.000000000 -2.35546 38.0759 0 0 0 -0.709345 0.704861
808.100000000 -2.35562 38.0276 0 0 0 -0.709078 0.70513
808.200000000 -2.35574 37.9793 0 0 0 -0.70881 0.705399
808.300000000 -2.35582 37.9326 0 0 0 -0.708551 0.705659
808.400000000 -2.35586 37.8876 0 0 0 -0.708302 0.70591
808.500000000 -2.35587 37.8443 0 0 0 -0.708062 0.706151
808.600000000 -2.35585 37.8026 0 0 0 -0.70783 0.706382
808.700000000 -2.35581 37.7626 0 0 0 -0.707609 0.706605
808.800000000 -2.35574 37.7243 0 0 0 -0.707396 0.706818
808.900000000 -2.35566 37.6876 0 0 0 -0.707192 0.707021
809.000000000 -2.35567 37.6476 0 0 0 -0.707192 0.707021
809.100000000 -2.35567 37.6093 0 0 0 -0.707192 0.707021
809.200000000 -2.35568 37.5726 0 0 0 -0.707192 0.707021
809.300000000 -2.35569 37.5359 0 0 0 -0.707192 0.707021
809.400000000 -2.3557 37.5009 0 0 0 -0.707192 0.707021
809.500000000 -2.35571 37.4676 0 0 0 -0.707192 0.707021
809.600000000 -2.35572 37.4359 0 0 0 -0.707192 0.707021
809.700000000 -2.35572 37.4043 0 0 0 -0.707192 0.707021
809.800000000 -2.35573 37.3709 0 0 0 -0.707192 0.707021
809.900000000 -2.35574 37.3393 0 0 0 -0.707192 0.707021
810.000000000 -2.35575 37.3059 0 0 0 -0.707192 0.707021
810.100000000 -2.35576 37.2726 0 0 0 -0.707192 0.707021
810.200000000 -2.35576 37.2409 0 0 0 -0.707192 0.707021
810.300000000 -2.35577 37.2093 0 0 0 -0.707192 0.707021
810.400000000 -2.35578 37.1759 0 0 0 -0.707192 0.707021
810.500000000 -2.35579 37.1443 0 0 0 -0.707192 0.707021
810.600000000 -2.35579 37.1126 0 0 0 -0.707192 0.707021
810.700000000 -2.3558 37.0793 0 0 0 -0.707192 0.707021
810.800000000 -2.35581 37.0476 0 0 0 -0.707192 0.707021
810.900000000 -2.35582 37.0143 0 0 0 -0.707192 0.707021
811.000000000 -2.35583 36.9826 0 0 0 -0.707192 0.707021
811.100000000 -2.35583 36.9526 0 0 0 -0.707192 0.707021
811.200000000 -2.35584 36.9193 0 0 0 -0.707192 0.707021
811.300000000 -2.35585 36.8859 0 0 0 -0.707192 0.707021
811.400000000 -2.35586 36.8543 0 0 0 -0.707192 0.707021
811.500000000 -2.35586 36.8226 0 0 0 -0.707192 0.707021
811.600000000 -2.35587 36.7893 0 0 0 -0.707192 0.707021
811.700000000 -2.35588 36.7559 0 0 0 -0.707192 0.707021
811.800000000 -2.35589 36.7226 0 0 0 -0.707192 0.707021
811.900000000 -2.3559 36.6893 0 0 0 -0.707192 0.707021
812.000000000 -2.3559 36.6576 0 0 0 -0.707192 0.707021
812.100000000 -2.35591 36.6259 0 0 0 -0.707192 0.707021
812.200000000 -2.35592 36.5943 0 0 0 -0.707192 0.707021
812.300000000 -2.35593 36.5609 0 0 0 -0.707192 0.707021
812.400000000 -2.35594 36.5293 0 0 0 -0.707192 0.707021
812.500000000 -2.35594 36.4976 0 0 0 -0.707192 0.707021
812.600000000 -2.35595 36.4643 0 0 0 -0.707192 0.707021
812.700000000 -2.35596 36.4326 0 0 0 -0.707192 0.707021
812.800000000 -2.35597 36.4009 0 0 0 -0.707192 0.707021
812.900000000 -2.35597 36.3676 0 0 0 -0.707192 0.707021
813.000000000 -2.35598 36.3359 0 0 0 -0.707192 0.707021
813.100000000 -2.35599 36.3026 0 0 0 -0.707192 0.707021
813.200000000 -2.356 36.2709 0 0 0 -0.707192 0.707021
813.300000000 -2.35601 36.2393 0 0 0 -0.707192 0.707021
813.400000000 -2.35601 36.2076 0 0 0 -0.707192 0.707021
813.500000000 -2.35602 36.1743 0 0 0 -0.707192 0.707021
813.600000000 -2.35603 36.1426 0 0 0 -0.707192 0.707021
813.700000000 -2.35604 36.1093 0 0 0 -0.707192 0.707021
813.800000000 -2.35604 36.0776 0 0 0 -0.707192 0.707021
813.900000000 -2.35605 36.0476 0 0 0 -0.707192 0.707021
814.000000000 -2.35606 36.0159 0 0 0 -0.707192 0.707021
814.100000000 -2.35607 35.9826 0 0 0 -0.707192 0.707021
814.200000000 -2.35608 35.9509 0 0 0 -0.707192 0.707021
814.300000000 -2.35608 35.9193 0 0 0 -0.707192 0.707021
814.400000000 -2.35609 35.8876 0 0 0 -0.707192 0.707021
814.500000000 -2.3561 35.8559 0 0 0 -0.707192 0.707021
814.600000000 -2.35611 35.8243 0 0 0 -0.707192 0.707021
814.700000000 -2.35611 35.7909 0 0 0 -0.707192 0.707021
814.800000000 -2.35612 35.7593 0 0 0 -0.707192 0.707021
814.900000000 -2.35613 35.7276 0 0 0 -0.707192 0.707021
815.000000000 -2.35614 35.6959 0 0 0 -0.707192 0.707021
815.100000000 -2.35614 35.6643 0 0 0 -0.707192 0.707021
815.200000000 -2.35615 35.6326 0 0 0 -0.707192 0.707021
815.300000000 -2.35616 35.5993 0 0 0 -0.707192 0.707021
815.400000000 -2.35617 35.5676 0 0 0 -0.707192 0.707021
815.500000000 -2.35618 35.5359 0 0 0 -0.707192 0.707021
815.600000000 -2.35618 35.5026 0 0 0 -0.707192 0.707021
815.700000000 -2.35619 35.4693 0 0 0 -0.707192 0.707021
815.800000000 -2.3562 35.4359 0 0 0 -0.707192 0.707021
815.900000000 -2.35621 35.4026 0 0 0 -0.707192 0.707021
816.000000000 -2.35622 35.3709 0 0 0 -0.707192 0.707021
816.100000000 -2.35622 35.3393 0 0 0 -0.707192 0.707021
816.200000000 -2.35623 35.3076 0 0 0 -0.707192 0.707021
816.300000000 -2.35624 35.2743 0 0 0 -0.707192 0.707021
816.400000000 -2.35625 35.2426 0 0 0 -0.707192 0.707021
816.500000000 -2.35625 35.2109 0 0 0 -0.707192 0.707021
816.600000000 -2.35626 35.1776 0 0 0 -0.707192 0.707021
816.700000000 -2.35627 35.1459 0 0 0 -0.707192 0.707021
816.800000000 -2.35628 35.1143 0 0 0 -0.707192 0.707021
816.900000000 -2.35629 35.0809 0 0 0 -0.707192 0.707021
817.000000000 -2.35629 35.0493 0 0 0 -0.707192 0.707021
817.100000000 -2.3563 35.0159 0 0 0 -0.707192 0.707021
817.200000000 -2.35631 34.9843 0 0 0 -0.707192 0.707021
817.300000000 -2.35632 34.9543 0 0 0 -0.707192 0.707021
817.400000000 -2.35605 34.9326 0 0 0 -0.70671 0.707503
817.500000000 -2.35568 34.9109 0 0 0 -0.706107 0.708106
817.600000000 -2.35528 34.8893 0 0 0 -0.705503 0.708707
817.700000000 -2.35488 34.8693 0 0 0 -0.704945 0.709262
817.800000000 -2.3544 34.8476 0 0 0 -0.70434 0.709863
817.900000000 -2.35389 34.826 0 0 0 -0.703734 0.710463
818.000000000 -2.35341 34.8043 0 0 0 -0.70325 0.710943
818.100000000 -2.35287 34.781 0 0 0 -0.702728 0.711459
818.200000000 -2.35233 34.7593 0 0 0 -0.702243 0.711938
818.300000000 -2.35176 34.7376 0 0 0 -0.701757 0.712416
818.400000000 -2.3512 34.7176 0 0 0 -0.701309 0.712857
818.500000000 -2.35058 34.696 0 0 0 -0.700823 0.713335
818.600000000 -2.34997 34.676 0 0 0 -0.700374 0.713776
818.700000000 -2.34934 34.656 0 0 0 -0.699925 0.714217
818.800000000 -2.34863 34.6343 0 0 0 -0.699438 0.714693
818.900000000 -2.34789 34.6127 0 0 0 -0.698951 0.71517
819.000000000 -2.34697 34.5844 0 0 0 -0.698473 0.715637
819.100000000 -2.34607 34.5577 0 0 0 -0.698022 0.716076
819.200000000 -2.3452 34.5327 0 0 0 -0.6976 0.716487
819.300000000 -2.3443 34.5078 0 0 0 -0.697178 0.716898
819.400000000 -2.3433 34.4811 0 0 0 -0.696727 0.717337
819.500000000 -2.34227 34.4545 0 0 0 -0.696276 0.717775
819.600000000 -2.34121 34.4278 0 0 0 -0.695824 0.718212
819.700000000 -2.34012 34.4012 0 0 0 -0.695372 0.71865
819.800000000 -2.33906 34.3762 0 0 0 -0.694949 0.719059
819.900000000 -2.33782 34.3479 0 0 0 -0.694468 0.719523
820.000000000 -2.33663 34.3212 0 0 0 -0.694016 0.71996
820.100000000 -2.33547 34.2963 0 0 0 -0.693591 0.720369
820.200000000 -2.33429 34.2713 0 0 0 -0.693166 0.720778
820.300000000 -2.33316 34.248 0 0 0 -0.69277 0.721159
820.400000000 -2.33184 34.2213 0 0 0 -0.692316 0.721594
820.500000000 -2.33057 34.1964 0 0 0 -0.691891 0.722002
820.600000000 -2.32918 34.1697 0 0 0 -0.691436 0.722437
820.700000000 -2.32776 34.1431 0 0 0 -0.690982 0.722872
820.800000000 -2.3264 34.1182 0 0 0 -0.690556 0.723279
820.900000000 -2.325 34.0915 0 0 0 -0.690253 0.723568
821.000000000 -2.32366 34.0666 0 0 0 -0.689968 0.72384
821.100000000 -2.32231 34.0416 0 0 0 -0.689684 0.724111
821.200000000 -2.32103 34.0183 0 0 0 -0.689418 0.724363
821.300000000 -2.31973 33.995 0 0 0 -0.689153 0.724616
821.400000000 -2.31851 33.9734 0 0 0 -0.688906 0.724851
821.500000000 -2.31727 33.9517 0 0 0 -0.688659 0.725085
821.600000000 -2.31602 33.9301 0 0 0 -0.688412 0.72532
821.700000000 -2.31475 33.9085 0 0 0 -0.688165 0.725554
821.800000000 -2.31347 33.8868 0 0 0 -0.687918 0.725788
821.900000000 -2.31217 33.8652 0 0 0 -0.687671 0.726022
822.000000000 -2.31093 33.8436 0 0 0 -0.687548 0.726139
822.100000000 -2.30968 33.822 0 0 0 -0.687424 0.726256
822.200000000 -2.30842 33.8003 0 0 0 -0.6873 0.726373
822.300000000 -2.30726 33.7804 0 0 0 -0.687186 0.726481
822.400000000 -2.30608 33.7604 0 0 0 -0.687072 0.726589
822.500000000 -2.3049 33.7404 0 0 0 -0.686958 0.726697
822.600000000 -2.30362 33.7188 0 0 0 -0.686834 0.726814
822.700000000 -2.30232 33.6972 0 0 0 -0.686711 0.726931
822.800000000 -2.30113 33.6772 0 0 0 -0.686596 0.727039
822.900000000 -2.29992 33.6572 0 0 0 -0.686482 0.727147
823.000000000 -2.29881 33.6389 0 0 0 -0.686377 0.727245
823.100000000 -2.29769 33.6206 0 0 0 -0.686273 0.727344
823.200000000 -2.29596 33.5924 0 0 0 -0.686111 0.727497
823.300000000 -2.29431 33.5657 0 0 0 -0.685958 0.727641
823.400000000 -2.29266 33.5391 0 0 0 -0.685806 0.727784
823.500000000 -2.29099 33.5125 0 0 0 -0.685654 0.727928
823.600000000 -2.28942 33.4876 0 0 0 -0.685511 0.728063
823.700000000 -2.28773 33.461 0 0 0 -0.685358 0.728206
823.800000000 -2.28614 33.436 0 0 0 -0.685215 0.728341
823.900000000 -2.28454 33.4111 0 0 0 -0.685072 0.728475
824.000000000 -2.28282 33.3844 0 0 0 -0.684919 0.728619
824.100000000 -2.28109 33.3578 0 0 0 -0.684767 0.728762
824.200000000 -2.27945 33.3329 0 0 0 -0.684624 0.728897
824.300000000 -2.27781 33.3079 0 0 0 -0.684481 0.729031
824.400000000 -2.27627 33.2847 0 0 0 -0.684347 0.729157
824.500000000 -2.27472 33.2614 0 0 0 -0.684213 0.729282
824.600000000 -2.27327 33.2398 0 0 0 -0.684089 0.729398
824.700000000 -2.27181 33.2181 0 0 0 -0.683965 0.729515
824.800000000 -2.27046 33.1982 0 0 0 -0.68385 0.729622
824.900000000 -2.26911 33.1782 0 0 0 -0.683736 0.72973
825.000000000 -2.26774 33.1583 0 0 0 -0.683621 0.729837
825.100000000 -2.26637 33.1383 0 0 0 -0.683507 0.729944
825.200000000 -2.265 33.1184 0 0 0 -0.683392 0.730052
825.300000000 -2.26362 33.0984 0 0 0 -0.683277 0.730159
825.400000000 -2.26223 33.0785 0 0 0 -0.683162 0.730266
825.500000000 -2.26095 33.0602 0 0 0 -0.683057 0.730365
825.600000000 -2.25955 33.0402 0 0 0 -0.682943 0.730472
825.700000000 -2.25814 33.0203 0 0 0 -0.682828 0.730579
825.800000000 -2.25673 33.0003 0 0 0 -0.682713 0.730687
825.900000000 -2.2552 32.9787 0 0 0 -0.682589 0.730803
826.000000000 -2.25383 32.9588 0 0 0 -0.682589 0.730803
826.100000000 -2.25247 32.9388 0 0 0 -0.682589 0.730803
826.200000000 -2.25122 32.9205 0 0 0 -0.682589 0.730803
826.300000000 -2.2494 32.8939 0 0 0 -0.682589 0.730803
826.400000000 -2.2477 32.869 0 0 0 -0.682589 0.730803
826.500000000 -2.246 32.844 0 0 0 -0.682589 0.730803
826.600000000 -2.24418 32.8174 0 0 0 -0.682589 0.730803
826.700000000 -2.24236 32.7908 0 0 0 -0.682589 0.730803
826.800000000 -2.24066 32.7659 0 0 0 -0.682589 0.730803
826.900000000 -2.23884 32.7393 0 0 0 -0.682589 0.730803
827.000000000 -2.23745 32.7143 0 0 0 -0.683163 0.730266
827.100000000 -2.2361 32.6893 0 0 0 -0.683737 0.729728
827.200000000 -2.2347 32.6627 0 0 0 -0.684349 0.729154
827.300000000 -2.23335 32.6361 0 0 0 -0.684961 0.72858
827.400000000 -2.23212 32.6111 0 0 0 -0.685533 0.728041
827.500000000 -2.23093 32.5861 0 0 0 -0.686106 0.727502
827.600000000 -2.22971 32.5595 0 0 0 -0.686716 0.726926
827.700000000 -2.2286 32.5345 0 0 0 -0.687287 0.726386
827.800000000 -2.22753 32.5095 0 0 0 -0.687858 0.725845
827.900000000 -2.22635 32.4829 0 0 0 -0.688314 0.725412
828.000000000 -2.2252 32.4563 0 0 0 -0.68877 0.724979
828.100000000 -2.22416 32.4313 0 0 0 -0.689198 0.724573
828.200000000 -2.22308 32.4046 0 0 0 -0.689653 0.72414
828.300000000 -2.22209 32.3796 0 0 0 -0.69008 0.723733
828.400000000 -2.22108 32.353 0 0 0 -0.690535 0.723299
828.500000000 -2.22015 32.328 0 0 0 -0.690961 0.722892
828.600000000 -2.2192 32.3014 0 0 0 -0.691416 0.722457
828.700000000 -2.21828 32.2747 0 0 0 -0.69187 0.722022
828.800000000 -2.21745 32.2497 0 0 0 -0.692295 0.721614
828.900000000 -2.2166 32.2231 0 0 0 -0.692749 0.721179
829.000000000 -2.21583 32.1981 0 0 0 -0.693174 0.720771
829.100000000 -2.21509 32.1731 0 0 0 -0.693599 0.720362
829.200000000 -2.21433 32.1464 0 0 0 -0.694051 0.719926
829.300000000 -2.21361 32.1198 0 0 0 -0.694504 0.719489
829.400000000 -2.21293 32.0965 0 0 0 -0.694768 0.719234
829.500000000 -2.21231 32.0748 0 0 0 -0.695012 0.718998
829.600000000 -2.21172 32.0531 0 0 0 -0.695257 0.718761
829.700000000 -2.21118 32.0331 0 0 0 -0.695483 0.718543
829.800000000 -2.21065 32.0131 0 0 0 -0.695709 0.718324
829.900000000 -2.21014 31.9932 0 0 0 -0.695935 0.718105
830.000000000 -2.20963 31.9732 0 0 0 -0.69616 0.717886
830.100000000 -2.20915 31.9532 0 0 0 -0.696386 0.717668
830.200000000 -2.20867 31.9332 0 0 0 -0.696611 0.717449
830.300000000 -2.20824 31.9148 0 0 0 -0.696818 0.717248
830.400000000 -2.20779 31.8948 0 0 0 -0.697043 0.717029
830.500000000 -2.20735 31.8749 0 0 0 -0.697269 0.71681
830.600000000 -2.20693 31.8549 0 0 0 -0.697494 0.716591
830.700000000 -2.20648 31.8332 0 0 0 -0.697738 0.716353
830.800000000 -2.20608 31.8132 0 0 0 -0.697963 0.716134
830.900000000 -2.20566 31.7915 0 0 0 -0.698207 0.715896
831.000000000 -2.20528 31.7715 0 0 0 -0.698432 0.715677
831.100000000 -2.20489 31.7499 0 0 0 -0.698675 0.715439
831.200000000 -2.20454 31.7299 0 0 0 -0.6989 0.715219
831.300000000 -2.2042 31.7099 0 0 0 -0.699125 0.715
831.400000000 -2.20383 31.6865 0 0 0 -0.699387 0.714743
831.500000000 -2.20349 31.6649 0 0 0 -0.69963 0.714505
831.600000000 -2.20317 31.6432 0 0 0 -0.699873 0.714267
831.700000000 -2.20287 31.6216 0 0 0 -0.700116 0.714029
831.800000000 -2.20258 31.5999 0 0 0 -0.700359 0.71379
831.900000000 -2.20232 31.5799 0 0 0 -0.700584 0.71357
832.000000000 -2.20199 31.5582 0 0 0 -0.700705 0.713451
832.100000000 -2.2017 31.5382 0 0 0 -0.700817 0.713341
832.200000000 -2.20138 31.5166 0 0 0 -0.700939 0.713222
832.300000000 -2.20105 31.4932 0 0 0 -0.701069 0.713093
832.400000000 -2.20075 31.4716 0 0 0 -0.701191 0.712974
832.500000000 -2.20046 31.4499 0 0 0 -0.701312 0.712854
832.600000000 -2.20017 31.4282 0 0 0 -0.701433 0.712735
832.700000000 -2.19989 31.4066 0 0 0 -0.701555 0.712616
832.800000000 -2.19962 31.3849 0 0 0 -0.701676 0.712496
832.900000000 -2.19936 31.3632 0 0 0 -0.701797 0.712377
833.000000000 -2.19912 31.3432 0 0 0 -0.701909 0.712267
833.100000000 -2.19887 31.3216 0 0 0 -0.70203 0.712147
833.200000000 -2.19865 31.3016 0 0 0 -0.702142 0.712037
833.300000000 -2.19843 31.2816 0 0 0 -0.702254 0.711927
833.400000000 -2.19819 31.2582 0 0 0 -0.702384 0.711798
833.500000000 -2.19797 31.2366 0 0 0 -0.702506 0.711678
833.600000000 -2.19775 31.2149 0 0 0 -0.702627 0.711559
833.700000000 -2.19755 31.1933 0 0 0 -0.702748 0.711439
833.800000000 -2.19735 31.1716 0 0 0 -0.702869 0.71132
833.900000000 -2.19716 31.1499 0 0 0 -0.70299 0.7112
834.000000000 -2.19697 31.1283 0 0 0 -0.703111 0.71108
834.100000000 -2.1968 31.1066 0 0 0 -0.703232 0.710961
834.200000000 -2.19663 31.0849 0 0 0 -0.703353 0.710841
834.300000000 -2.19647 31.0633 0 0 0 -0.703474 0.710721
834.400000000 -2.19631 31.0416 0 0 0 -0.703595 0.710601
834.500000000 -2.19616 31.0183 0 0 0 -0.703725 0.710473
834.600000000 -2.19602 30.9966 0 0 0 -0.703846 0.710353
834.700000000 -2.19589 30.9749 0 0 0 -0.703967 0.710233
834.800000000 -2.19577 30.9549 0 0 0 -0.704078 0.710122
834.900000000 -2.19566 30.9349 0 0 0 -0.70419 0.710012
835.000000000 -2.19555 30.9133 0 0 0 -0.704311 0.709892
835.100000000 -2.19545 30.8916 0 0 0 -0.704431 0.709772
835.200000000 -2.19536 30.8716 0 0 0 -0.704543 0.709661
835.300000000 -2.19528 30.8516 0 0 0 -0.704654 0.709551
835.400000000 -2.19512 30.8283 0 0 0 -0.704654 0.709551
835.500000000 -2.19497 30.8066 0 0 0 -0.704654 0.709551
835.600000000 -2.19482 30.7849 0 0 0 -0.704654 0.709551
835.700000000 -2.19467 30.7633 0 0 0 -0.704654 0.709551
835.800000000 -2.19452 30.7416 0 0 0 -0.704654 0.709551
835.900000000 -2.19437 30.7199 0 0 0 -0.704654 0.709551
836.000000000 -2.19422 30.6983 0 0 0 -0.704654 0.709551
836.100000000 -2.19408 30.6783 0 0 0 -0.704654 0.709551
836.200000000 -2.19393 30.6566 0 0 0 -0.704654 0.709551
836.300000000 -2.19378 30.6349 0 0 0 -0.704654 0.709551
836.400000000 -2.19363 30.6133 0 0 0 -0.704654 0.709551
836.500000000 -2.19348 30.5916 0 0 0 -0.704654 0.709551
836.600000000 -2.19334 30.5716 0 0 0 -0.704654 0.709551
836.700000000 -2.19318 30.5483 0 0 0 -0.704654 0.709551
836.800000000 -2.19303 30.5266 0 0 0 -0.704654 0.709551
836.900000000 -2.19288 30.5049 0 0 0 -0.704654 0.709551
837.000000000 -2.19274 30.4849 0 0 0 -0.704654 0.709551
837.100000000 -2.19259 30.4633 0 0 0 -0.704654 0.709551
837.200000000 -2.19245 30.4433 0 0 0 -0.704654 0.709551
837.300000000 -2.1923 30.4216 0 0 0 -0.704654 0.709551
837.400000000 -2.19215 30.3999 0 0 0 -0.704654 0.709551
837.500000000 -2.192 30.3783 0 0 0 -0.704654 0.709551
837.600000000 -2.19185 30.3566 0 0 0 -0.704654 0.709551
837.700000000 -2.1917 30.3349 0 0 0 -0.704654 0.709551
837.800000000 -2.19155 30.3133 0 0 0 -0.704654 0.709551
837.900000000 -2.1914 30.2916 0 0 0 -0.704654 0.709551
838.000000000 -2.19125 30.2699 0 0 0 -0.704654 0.709551
838.100000000 -2.1911 30.2483 0 0 0 -0.704654 0.709551
838.200000000 -2.19095 30.2266 0 0 0 -0.704654 0.709551
838.300000000 -2.1908 30.2049 0 0 0 -0.704654 0.709551
838.400000000 -2.19065 30.1833 0 0 0 -0.704654 0.709551
838.500000000 -2.19049 30.1599 0 0 0 -0.704654 0.709551
838.600000000 -2.19034 30.1383 0 0 0 -0.704654 0.709551
838.700000000 -2.19019 30.1166 0 0 0 -0.704654 0.709551
838.800000000 -2.19004 30.0949 0 0 0 -0.704654 0.709551
838.900000000 -2.18989 30.0733 0 0 0 -0.704654 0.709551
839.000000000 -2.18974 30.0516 0 0 0 -0.704654 0.709551
839.100000000 -2.18959 30.0299 0 0 0 -0.704654 0.709551
839.200000000 -2.18944 30.0083 0 0 0 -0.704654 0.709551
839.300000000 -2.18929 29.9866 0 0 0 -0.704654 0.709551
839.400000000 -2.18914 29.9649 0 0 0 -0.704654 0.709551
839.500000000 -2.18899 29.9433 0 0 0 -0.704654 0.709551
839.600000000 -2.18884 29.9216 0 0 0 -0.704654 0.709551
839.700000000 -2.18869 29.8999 0 0 0 -0.704654 0.709551
839.800000000 -2.18854 29.8783 0 0 0 -0.704654 0.709551
839.900000000 -2.18839 29.8566 0 0 0 -0.704654 0.709551
840.000000000 -2.18824 29.8349 0 0 0 -0.704654 0.709551
840.100000000 -2.18809 29.8133 0 0 0 -0.704654 0.709551
840.200000000 -2.18794 29.7916 0 0 0 -0.704654 0.709551
840.300000000 -2.18779 29.7699 0 0 0 -0.704654 0.709551
840.400000000 -2.18764 29.7483 0 0 0 -0.704654 0.709551
840.500000000 -2.1875 29.7283 0 0 0 -0.704654 0.709551
840.600000000 -2.18735 29.7066 0 0 0 -0.704654 0.709551
840.700000000 -2.1872 29.685 0 0 0 -0.704654 0.709551
840.800000000 -2.18705 29.6633 0 0 0 -0.704654 0.709551
840.900000000 -2.1869 29.6416 0 0 0 -0.704654 0.709551
841.000000000 -2.18676 29.6216 0 0 0 -0.704654 0.709551
841.100000000 -2.18662 29.6016 0 0 0 -0.704654 0.709551
841.200000000 -2.18662 29.6016 0 0 0 -0.704654 0.709551
841.300000000 -2.18662 29.6016 0 0 0 -0.704654 0.709551
841.400000000 -2.18662 29.6016 0 0 0 -0.704654 0.709551
841.500000000 -2.18662 29.6016 0 0 0 -0.704654 0.709551
841.600000000 -2.18662 29.6016 0 0 0 -0.704654 0.709551
841.700000000 -2.18662 29.6016 0 0 0 -0.704654 0.709551
841.800000000 -2.18662 29.6016 0 0 0 -0.704654 0.709551
841.900000000 -2.18662 29.6016 0 0 0 -0.704654 0.709551
842.000000000 -2.18662 29.6016 0 0 0 -0.704654 0.709551
842.100000000 -2.18662 29.6016 0 0 0 -0.704654 0.709551
842.200000000 -2.18662 29.6016 0 0 0 -0.704654 0.709551
842.300000000 -2.18662 29.6016 0 0 0 -0.704654 0.709551
842.400000000 -2.18662 29.6016 0 0 0 -0.704654 0.709551
842.500000000 -2.18662 29.6016 0 0 0 -0.704654 0.709551
842.600000000 -2.18662 29.6016 0 0 0 -0.704654 0.709551
842.700000000 -2.18662 29.6016 0 0 0 -0.704654 0.709551
842.800000000 -2.18662 29.6016 0 0 0 -0.704654 0.709551
842.900000000 -2.18662 29.6016 0 0 0 -0.704654 0.709551
843.000000000 -2.18662 29.6016 0 0 0 -0.704654 0.709551
843.100000000 -2.18662 29.6016 0 0 0 -0.704654 0.709551
843.200000000 -2.18662 29.6016 0 0 0 -0.704654 0.709551
843.300000000 -2.18662 29.6016 0 0 0 -0.704654 0.709551
843.400000000 -2.18662 29.6016 0 0 0 -0.704654 0.709551
843.500000000 -2.18662 29.6016 0 0 0 -0.704654 0.709551
843.600000000 -2.18662 29.6016 0 0 0 -0.704654 0.709551
843.700000000 -2.18662 29.6016 0 0 0 -0.704654 0.709551
843.800000000 -2.18662 29.6016 0 0 0 -0.704654 0.709551
843.900000000 -2.18662 29.6016 0 0 0 -0.704654 0.709551
844.000000000 -2.18662 29.6016 0 0 0 -0.704654 0.709551
844.100000000 -2.18662 29.6016 0 0 0 -0.704654 0.709551
844.200000000 -2.18662 29.6016 0 0 0 -0.704654 0.709551
844.300000000 -2.18662 29.6016 0 0 0 -0.704654 0.709551
844.400000000 -2.18662 29.6016 0 0 0 -0.704654 0.709551
844.500000000 -2.18662 29.6016 0 0 0 -0.704654 0.709551
844.600000000 -2.18662 29.6016 0 0 0 -0.704654 0.709551
844.700000000 -2.18662 29.6016 0 0 0 -0.704654 0.709551
844.800000000 -2.18662 29.6016 0 0 0 -0.704654 0.709551
844.900000000 -2.18662 29.6016 0 0 0 -0.704654 0.709551
845.000000000 -2.18662 29.6016 0 0 0 -0.704654 0.709551
845.100000000 -2.18662 29.6016 0 0 0 -0.704654 0.709551
845.200000000 -2.18662 29.6016 0 0 0 -0.704654 0.709551
845.300000000 -2.18662 29.6016 0 0 0 -0.704654 0.709551
845.400000000 -2.18662 29.6016 0 0 0 -0.704654 0.709551
845.500000000 -2.18662 29.6016 0 0 0 -0.704654 0.709551
845.600000000 -2.18662 29.6016 0 0 0 -0.704654 0.709551
845.700000000 -2.18662 29.6016 0 0 0 -0.704654 0.709551
845.800000000 -2.18662 29.6016 0 0 0 -0.704654 0.709551
845.900000000 -2.18662 29.6016 0 0 0 -0.704654 0.709551
846.000000000 -2.18662 29.6016 0 0 0 -0.704654 0.709551
846.100000000 -2.18662 29.6016 0 0 0 -0.704654 0.709551
846.200000000 -2.18662 29.6016 0 0 0 -0.704654 0.709551
846.300000000 -2.18662 29.6016 0 0 0 -0.704654 0.709551
846.400000000 -2.18662 29.6016 0 0 0 -0.704654 0.709551
846.500000000 -2.18662 29.6016 0 0 0 -0.704654 0.709551
846.600000000 -2.18495 29.5783 0 0 0 -0.70196 0.712217
846.700000000 -2.1757 29.5207 0 0 0 -0.68682 0.726827
846.800000000 -2.16301 29.4708 0 0 0 -0.668729 0.743506
846.900000000 -2.14782 29.4224 0 0 0 -0.649934 0.759991
847.000000000 -2.13023 29.3748 0 0 0 -0.630733 0.776
847.100000000 -2.11028 29.3281 0 0 0 -0.611138 0.791524
847.200000000 -2.08802 29.2825 0 0 0 -0.591161 0.806554
847.300000000 -2.06351 29.2381 0 0 0 -0.570815 0.821079
847.400000000 -2.03442 29.1802 0 0 0 -0.556162 0.831074
847.500000000 -2.00314 29.1225 0 0 0 -0.541695 0.840575
847.600000000 -1.96987 29.0659 0 0 0 -0.527065 0.849825
847.700000000 -1.93467 29.0105 0 0 0 -0.512277 0.85882
847.800000000 -1.89757 28.9564 0 0 0 -0.497336 0.867558
847.900000000 -1.85862 28.9036 0 0 0 -0.482245 0.876036
848.000000000 -1.81786 28.8521 0 0 0 -0.46701 0.884252
848.100000000 -1.77535 28.8021 0 0 0 -0.451636 0.892202
848.200000000 -1.73113 28.7536 0 0 0 -0.436126 0.899886
848.300000000 -1.68526 28.7067 0 0 0 -0.420485 0.907299
848.400000000 -1.63453 28.6514 0 0 0 -0.413733 0.910398
848.500000000 -1.59506 28.6084 0 0 0 -0.410375 0.911917
848.600000000 -1.55641 28.567 0 0 0 -0.407109 0.91338
848.700000000 -1.51861 28.527 0 0 0 -0.403933 0.914789
848.800000000 -1.48284 28.4897 0 0 0 -0.400945 0.916102
848.900000000 -1.44799 28.4538 0 0 0 -0.39805 0.917364
849.000000000 -1.41409 28.4194 0 0 0 -0.395248 0.918575
849.100000000 -1.37997 28.3851 0 0 0 -0.392441 0.919777
849.200000000 -1.34683 28.3523 0 0 0 -0.389729 0.92093
849.300000000 -1.31469 28.3208 0 0 0 -0.387109 0.922034
849.400000000 -1.28356 28.2906 0 0 0 -0.384584 0.92309
849.500000000 -1.25285 28.26 0 0 0 -0.383955 0.923352
849.600000000 -1.22338 28.2306 0 0 0 -0.383653 0.923477
849.700000000 -1.19506 28.2023 0 0 0 -0.383363 0.923598
849.800000000 -1.16791 28.1752 0 0 0 -0.383085 0.923713
849.900000000 -1.14193 28.1494 0 0 0 -0.382819 0.923823
850.000000000 -1.11711 28.1247 0 0 0 -0.382565 0.923929
850.100000000 -1.09227 28.1 0 0 0 -0.382311 0.924034
850.200000000 -1.06861 28.0766 0 0 0 -0.382069 0.924134
850.300000000 -1.04612 28.0543 0 0 0 -0.381839 0.924229
850.400000000 -1.02369 28.0319 0 0 0 -0.381839 0.924229
850.500000000 -1.00244 28.0107 0 0 0 -0.381839 0.924229
850.600000000 -0.982364 27.9907 0 0 0 -0.381839 0.924229
850.700000000 -0.962293 27.9707 0 0 0 -0.381839 0.924229
850.800000000 -0.943402 27.9519 0 0 0 -0.381839 0.924229
850.900000000 -0.924512 27.9331 0 0 0 -0.381839 0.924229
851.000000000 -0.906802 27.9155 0 0 0 -0.381839 0.924229
851.100000000 -0.889092 27.8978 0 0 0 -0.381839 0.924229
851.200000000 -0.872562 27.8813 0 0 0 -0.381839 0.924229
851.300000000 -0.856033 27.8649 0 0 0 -0.381839 0.924229
851.400000000 -0.840685 27.8496 0 0 0 -0.381839 0.924229
851.500000000 -0.821794 27.8308 0 0 0 -0.381839 0.924229
851.600000000 -0.805265 27.8143 0 0 0 -0.381839 0.924229
851.700000000 -0.787555 27.7966 0 0 0 -0.381839 0.924229
851.800000000 -0.772206 27.7814 0 0 0 -0.381839 0.924229
851.900000000 -0.755677 27.7649 0 0 0 -0.381839 0.924229
852.000000000 -0.737967 27.7472 0 0 0 -0.381839 0.924229
852.100000000 -0.722618 27.7319 0 0 0 -0.381839 0.924229
852.200000000 -0.706089 27.7155 0 0 0 -0.381839 0.924229
852.300000000 -0.691921 27.7014 0 0 0 -0.381839 0.924229
852.400000000 -0.676572 27.6861 0 0 0 -0.381839 0.924229
852.500000000 -0.660043 27.6696 0 0 0 -0.381839 0.924229
852.600000000 -0.642333 27.652 0 0 0 -0.381839 0.924229
852.700000000 -0.626985 27.6367 0 0 0 -0.381839 0.924229
852.800000000 -0.610455 27.6202 0 0 0 -0.381839 0.924229
852.900000000 -0.596287 27.6061 0 0 0 -0.381839 0.924229
853.000000000 -0.580939 27.5908 0 0 0 -0.381839 0.924229
853.100000000 -0.564409 27.5743 0 0 0 -0.381839 0.924229
853.200000000 -0.546699 27.5567 0 0 0 -0.381839 0.924229
853.300000000 -0.531351 27.5414 0 0 0 -0.381839 0.924229
853.400000000 -0.514822 27.5249 0 0 0 -0.381839 0.924229
853.500000000 -0.500654 27.5108 0 0 0 -0.381839 0.924229
853.600000000 -0.485305 27.4955 0 0 0 -0.381839 0.924229
853.700000000 -0.468776 27.479 0 0 0 -0.381839 0.924229
853.800000000 -0.451066 27.4614 0 0 0 -0.381839 0.924229
853.900000000 -0.435717 27.4461 0 0 0 -0.381839 0.924229
854.000000000 -0.419188 27.4296 0 0 0 -0.381839 0.924229
854.100000000 -0.40502 27.4155 0 0 0 -0.381839 0.924229
854.200000000 -0.389671 27.4002 0 0 0 -0.381839 0.924229
854.300000000 -0.373142 27.3837 0 0 0 -0.381839 0.924229
854.400000000 -0.355432 27.3661 0 0 0 -0.381839 0.924229
854.500000000 -0.340083 27.3508 0 0 0 -0.381839 0.924229
854.600000000 -0.323554 27.3343 0 0 0 -0.381839 0.924229
854.700000000 -0.309386 27.3202 0 0 0 -0.381839 0.924229
854.800000000 -0.294038 27.3049 0 0 0 -0.381839 0.924229
854.900000000 -0.277508 27.2885 0 0 0 -0.381839 0.924229
855.000000000 -0.259798 27.2708 0 0 0 -0.381839 0.924229
855.100000000 -0.24445 27.2555 0 0 0 -0.381839 0.924229
855.200000000 -0.22792 27.2391 0 0 0 -0.381839 0.924229
855.300000000 -0.213752 27.2249 0 0 0 -0.381839 0.924229
855.400000000 -0.198404 27.2096 0 0 0 -0.381839 0.924229
855.500000000 -0.181875 27.1932 0 0 0 -0.381839 0.924229
855.600000000 -0.165345 27.1767 0 0 0 -0.381839 0.924229
855.700000000 -0.149997 27.1614 0 0 0 -0.381839 0.924229
855.800000000 -0.133467 27.1449 0 0 0 -0.381839 0.924229
855.900000000 -0.119299 27.1308 0 0 0 -0.381839 0.924229
856.000000000 -0.103951 27.1155 0 0 0 -0.381839 0.924229
856.100000000 -0.0874216 27.0991 0 0 0 -0.381839 0.924229
856.200000000 -0.0697116 27.0814 0 0 0 -0.381839 0.924229
856.300000000 -0.054363 27.0661 0 0 0 -0.381839 0.924229
856.400000000 -0.0378337 27.0497 0 0 0 -0.381839 0.924229
856.500000000 -0.0236658 27.0355 0 0 0 -0.381839 0.924229
856.600000000 -0.00831715 27.0203 0 0 0 -0.381839 0.924229
856.700000000 0.00703147 27.005 0 0 0 -0.381839 0.924229
856.800000000 0.0223801 26.9897 0 0 0 -0.381839 0.924229
856.900000000 0.0412707 26.9708 0 0 0 -0.381839 0.924229
857.000000000 0.0578 26.9544 0 0 0 -0.381839 0.924229
857.100000000 0.0719679 26.9403 0 0 0 -0.381839 0.924229
857.200000000 0.0873165 26.925 0 0 0 -0.381839 0.924229
857.300000000 0.103846 26.9085 0 0 0 -0.381839 0.924229
857.400000000 0.121556 26.8909 0 0 0 -0.381839 0.924229
857.500000000 0.136904 26.8756 0 0 0 -0.381839 0.924229
857.600000000 0.153434 26.8591 0 0 0 -0.381839 0.924229
857.700000000 0.167602 26.845 0 0 0 -0.381839 0.924229
857.800000000 0.18295 26.8297 0 0 0 -0.381839 0.924229
857.900000000 0.19948 26.8132 0 0 0 -0.381839 0.924229
858.000000000 0.217189 26.7956 0 0 0 -0.381839 0.924229
858.100000000 0.232538 26.7803 0 0 0 -0.381839 0.924229
858.200000000 0.249067 26.7638 0 0 0 -0.381839 0.924229
858.300000000 0.263235 26.7497 0 0 0 -0.381839 0.924229
858.400000000 0.278584 26.7344 0 0 0 -0.381839 0.924229
858.500000000 0.295113 26.7179 0 0 0 -0.381839 0.924229
858.600000000 0.312823 26.7003 0 0 0 -0.381839 0.924229
858.700000000 0.328172 26.685 0 0 0 -0.381839 0.924229
858.800000000 0.344701 26.6685 0 0 0 -0.381839 0.924229
858.900000000 0.358869 26.6544 0 0 0 -0.381839 0.924229
859.000000000 0.374218 26.6391 0 0 0 -0.381839 0.924229
859.100000000 0.390747 26.6226 0 0 0 -0.381839 0.924229
859.200000000 0.408457 26.605 0 0 0 -0.381839 0.924229
859.300000000 0.423805 26.5897 0 0 0 -0.381839 0.924229
859.400000000 0.440335 26.5732 0 0 0 -0.381839 0.924229
859.500000000 0.454503 26.5591 0 0 0 -0.381839 0.924229
859.600000000 0.469851 26.5438 0 0 0 -0.381839 0.924229
859.700000000 0.486381 26.5274 0 0 0 -0.381839 0.924229
859.800000000 0.504091 26.5097 0 0 0 -0.381839 0.924229
859.900000000 0.519439 26.4944 0 0 0 -0.381839 0.924229
860.000000000 0.535968 26.478 0 0 0 -0.381839 0.924229
860.100000000 0.550136 26.4638 0 0 0 -0.381839 0.924229
860.200000000 0.565485 26.4485 0 0 0 -0.381839 0.924229
860.300000000 0.582014 26.4321 0 0 0 -0.381839 0.924229
860.400000000 0.599724 26.4144 0 0 0 -0.381839 0.924229
860.500000000 0.615073 26.3991 0 0 0 -0.381839 0.924229
860.600000000 0.631602 26.3827 0 0 0 -0.381839 0.924229
860.700000000 0.64577 26.3685 0 0 0 -0.381839 0.924229
860.800000000 0.661119 26.3533 0 0 0 -0.381839 0.924229
860.900000000 0.676467 26.338 0 0 0 -0.381839 0.924229
861.000000000 0.691816 26.3227 0 0 0 -0.381839 0.924229
861.100000000 0.710707 26.3038 0 0 0 -0.381839 0.924229
861.200000000 0.727236 26.2874 0 0 0 -0.381839 0.924229
861.300000000 0.741404 26.2733 0 0 0 -0.381839 0.924229
861.400000000 0.756752 26.258 0 0 0 -0.381839 0.924229
861.500000000 0.773282 26.2415 0 0 0 -0.381839 0.924229
861.600000000 0.790992 26.2239 0 0 0 -0.381839 0.924229
861.700000000 0.80634 26.2086 0 0 0 -0.381839 0.924229
861.800000000 0.82287 26.1921 0 0 0 -0.381839 0.924229
861.900000000 0.837037 26.178 0 0 0 -0.381839 0.924229
862.000000000 0.852386 26.1627 0 0 0 -0.381839 0.924229
862.100000000 0.867735 26.1474 0 0 0 -0.381839 0.924229
862.200000000 0.883083 26.1321 0 0 0 -0.381839 0.924229
862.300000000 0.897251 26.118 0 0 0 -0.381839 0.924229
862.400000000 0.911419 26.1039 0 0 0 -0.381839 0.924229
862.500000000 0.926768 26.0886 0 0 0 -0.381839 0.924229
862.600000000 0.940936 26.0745 0 0 0 -0.381839 0.924229
862.700000000 0.955104 26.0603 0 0 0 -0.381839 0.924229
862.800000000 0.968091 26.0474 0 0 0 -0.381839 0.924229
862.900000000 0.982259 26.0333 0 0 0 -0.381839 0.924229
863.000000000 0.996427 26.0192 0 0 0 -0.381839 0.924229
863.100000000 1.01059 26.0051 0 0 0 -0.381839 0.924229
863.200000000 1.02358 25.9921 0 0 0 -0.381839 0.924229
863.300000000 1.03657 25.9792 0 0 0 -0.381839 0.924229
863.400000000 1.05664 25.9592 0 0 0 -0.381839 0.924229
863.500000000 1.07435 25.9415 0 0 0 -0.381839 0.924229
863.600000000 1.09324 25.9227 0 0 0 -0.381839 0.924229
863.700000000 1.10977 25.9062 0 0 0 -0.381839 0.924229
863.800000000 1.12394 25.8921 0 0 0 -0.381839 0.924229
863.900000000 1.13929 25.8768 0 0 0 -0.381839 0.924229
864.000000000 1.15582 25.8604 0 0 0 -0.381839 0.924229
864.100000000 1.17235 25.8439 0 0 0 -0.381839 0.924229
864.200000000 1.18769 25.8286 0 0 0 -0.381839 0.924229
864.300000000 1.20304 25.8133 0 0 0 -0.381839 0.924229
864.400000000 1.21839 25.798 0 0 0 -0.381839 0.924229
864.500000000 1.23728 25.7792 0 0 0 -0.381839 0.924229
864.600000000 1.25381 25.7627 0 0 0 -0.381839 0.924229
864.700000000 1.26798 25.7486 0 0 0 -0.381839 0.924229
864.800000000 1.28569 25.731 0 0 0 -0.381839 0.924229
864.900000000 1.30222 25.7145 0 0 0 -0.381839 0.924229
865.000000000 1.31875 25.698 0 0 0 -0.381839 0.924229
865.100000000 1.3341 25.6827 0 0 0 -0.381839 0.924229
865.200000000 1.34945 25.6674 0 0 0 -0.381839 0.924229
865.300000000 1.36479 25.6521 0 0 0 -0.381839 0.924229
865.400000000 1.37896 25.638 0 0 0 -0.381839 0.924229
865.500000000 1.39313 25.6239 0 0 0 -0.381839 0.924229
865.600000000 1.40612 25.611 0 0 0 -0.381839 0.924229
865.700000000 1.42028 25.5969 0 0 0 -0.381839 0.924229
865.800000000 1.43445 25.5827 0 0 0 -0.381839 0.924229
865.900000000 1.4498 25.5675 0 0 0 -0.381839 0.924229
866.000000000 1.46397 25.5533 0 0 0 -0.381839 0.924229
866.100000000 1.47814 25.5392 0 0 0 -0.381839 0.924229
866.200000000 1.49231 25.5251 0 0 0 -0.381839 0.924229
866.300000000 1.50765 25.5098 0 0 0 -0.381839 0.924229
866.400000000 1.52182 25.4957 0 0 0 -0.381839 0.924229
866.500000000 1.53599 25.4816 0 0 0 -0.381839 0.924229
866.600000000 1.54898 25.4686 0 0 0 -0.381839 0.924229
866.700000000 1.56315 25.4545 0 0 0 -0.381839 0.924229
866.800000000 1.57731 25.4404 0 0 0 -0.381839 0.924229
866.900000000 1.5903 25.4275 0 0 0 -0.381839 0.924229
867.000000000 1.60565 25.4122 0 0 0 -0.381839 0.924229
867.100000000 1.61982 25.3981 0 0 0 -0.381839 0.924229
867.200000000 1.63398 25.3839 0 0 0 -0.381839 0.924229
867.300000000 1.64933 25.3686 0 0 0 -0.381839 0.924229
867.400000000 1.6635 25.3545 0 0 0 -0.381839 0.924229
867.500000000 1.67767 25.3404 0 0 0 -0.381839 0.924229
867.600000000 1.69066 25.3275 0 0 0 -0.381839 0.924229
867.700000000 1.71073 25.3075 0 0 0 -0.381839 0.924229
867.800000000 1.72962 25.2887 0 0 0 -0.381839 0.924229
867.900000000 1.74733 25.271 0 0 0 -0.381839 0.924229
868.000000000 1.76504 25.2534 0 0 0 -0.381839 0.924229
868.100000000 1.78157 25.2369 0 0 0 -0.381839 0.924229
868.200000000 1.7981 25.2204 0 0 0 -0.381839 0.924229
868.300000000 1.81345 25.2051 0 0 0 -0.381839 0.924229
868.400000000 1.82879 25.1898 0 0 0 -0.381839 0.924229
868.500000000 1.84414 25.1745 0 0 0 -0.381839 0.924229
868.600000000 1.85831 25.1604 0 0 0 -0.381839 0.924229
868.700000000 1.87366 25.1451 0 0 0 -0.381839 0.924229
868.800000000 1.88901 25.1298 0 0 0 -0.381839 0.924229
868.900000000 1.90318 25.1157 0 0 0 -0.381839 0.924229
869.000000000 1.91734 25.1016 0 0 0 -0.381839 0.924229
869.100000000 1.93269 25.0863 0 0 0 -0.381839 0.924229
869.200000000 1.94686 25.0722 0 0 0 -0.381839 0.924229
869.300000000 1.96103 25.0581 0 0 0 -0.381839 0.924229
869.400000000 1.97402 25.0451 0 0 0 -0.381839 0.924229
869.500000000 1.98818 25.031 0 0 0 -0.381839 0.924229
869.600000000 2.00235 25.0169 0 0 0 -0.381839 0.924229
869.700000000 2.01652 25.0028 0 0 0 -0.381839 0.924229
869.800000000 2.03187 24.9875 0 0 0 -0.381839 0.924229
869.900000000 2.04604 24.9734 0 0 0 -0.381839 0.924229
870.000000000 2.0602 24.9593 0 0 0 -0.381839 0.924229
870.100000000 2.07319 24.9463 0 0 0 -0.381839 0.924229
870.200000000 2.08736 24.9322 0 0 0 -0.381839 0.924229
870.300000000 2.10153 24.9181 0 0 0 -0.381839 0.924229
870.400000000 2.11451 24.9052 0 0 0 -0.381839 0.924229
870.500000000 2.12986 24.8899 0 0 0 -0.381839 0.924229
870.600000000 2.14403 24.8758 0 0 0 -0.381839 0.924229
870.700000000 2.15938 24.8605 0 0 0 -0.381839 0.924229
870.800000000 2.17473 24.8452 0 0 0 -0.381839 0.924229
870.900000000 2.1889 24.8311 0 0 0 -0.381839 0.924229
871.000000000 2.20306 24.8169 0 0 0 -0.381839 0.924229
871.100000000 2.21605 24.804 0 0 0 -0.381839 0.924229
871.200000000 2.23022 24.7899 0 0 0 -0.381839 0.924229
871.300000000 2.24439 24.7758 0 0 0 -0.381839 0.924229
871.400000000 2.25737 24.7628 0 0 0 -0.381839 0.924229
871.500000000 2.27272 24.7475 0 0 0 -0.381839 0.924229
871.600000000 2.28689 24.7334 0 0 0 -0.381839 0.924229
871.700000000 2.30106 24.7193 0 0 0 -0.381839 0.924229
871.800000000 2.31641 24.704 0 0 0 -0.381839 0.924229
871.900000000 2.33058 24.6899 0 0 0 -0.381839 0.924229
872.000000000 2.34474 24.6758 0 0 0 -0.381839 0.924229
872.100000000 2.36009 24.6605 0 0 0 -0.381839 0.924229
872.200000000 2.37426 24.6464 0 0 0 -0.381839 0.924229
872.300000000 2.38843 24.6322 0 0 0 -0.381839 0.924229
872.400000000 2.40142 24.6193 0 0 0 -0.381839 0.924229
872.500000000 2.41558 24.6052 0 0 0 -0.381839 0.924229
872.600000000 2.42975 24.5911 0 0 0 -0.381839 0.924229
872.700000000 2.4451 24.5758 0 0 0 -0.381839 0.924229
872.800000000 2.46045 24.5605 0 0 0 -0.381839 0.924229
872.900000000 2.47462 24.5464 0 0 0 -0.381839 0.924229
873.000000000 2.48878 24.5323 0 0 0 -0.381839 0.924229
873.100000000 2.50177 24.5193 0 0 0 -0.381839 0.924229
873.200000000 2.51594 24.5052 0 0 0 -0.381839 0.924229
873.300000000 2.53011 24.4911 0 0 0 -0.381839 0.924229
873.400000000 2.5431 24.4781 0 0 0 -0.381839 0.924229
873.500000000 2.55844 24.4629 0 0 0 -0.381839 0.924229
873.600000000 2.57261 24.4487 0 0 0 -0.381839 0.924229
873.700000000 2.58796 24.4334 0 0 0 -0.381839 0.924229
873.800000000 2.60331 24.4182 0 0 0 -0.381839 0.924229
873.900000000 2.61748 24.404 0 0 0 -0.381839 0.924229
874.000000000 2.63165 24.3899 0 0 0 -0.381839 0.924229
874.100000000 2.64699 24.3746 0 0 0 -0.381839 0.924229
874.200000000 2.66116 24.3605 0 0 0 -0.381839 0.924229
874.300000000 2.67533 24.3464 0 0 0 -0.381839 0.924229
874.400000000 2.68832 24.3335 0 0 0 -0.381839 0.924229
874.500000000 2.7013 24.3205 0 0 0 -0.381839 0.924229
874.600000000 2.71547 24.3064 0 0 0 -0.381839 0.924229
874.700000000 2.72964 24.2923 0 0 0 -0.381839 0.924229
874.800000000 2.74499 24.277 0 0 0 -0.381839 0.924229
874.900000000 2.75916 24.2629 0 0 0 -0.381839 0.924229
875.000000000 2.77332 24.2488 0 0 0 -0.381839 0.924229
875.100000000 2.78867 24.2335 0 0 0 -0.381839 0.924229
875.200000000 2.80284 24.2193 0 0 0 -0.381839 0.924229
875.300000000 2.81701 24.2052 0 0 0 -0.381839 0.924229
875.400000000 2.83 24.1923 0 0 0 -0.381839 0.924229
875.500000000 2.84416 24.1782 0 0 0 -0.381839 0.924229
875.600000000 2.85833 24.1641 0 0 0 -0.381839 0.924229
875.700000000 2.87368 24.1488 0 0 0 -0.381839 0.924229
875.800000000 2.88903 24.1335 0 0 0 -0.381839 0.924229
875.900000000 2.9032 24.1194 0 0 0 -0.381839 0.924229
876.000000000 2.91737 24.1052 0 0 0 -0.381839 0.924229
876.100000000 2.93271 24.0899 0 0 0 -0.381839 0.924229
876.200000000 2.94688 24.0758 0 0 0 -0.381839 0.924229
876.300000000 2.96105 24.0617 0 0 0 -0.381839 0.924229
876.400000000 2.97404 24.0488 0 0 0 -0.381839 0.924229
876.500000000 2.98702 24.0358 0 0 0 -0.381839 0.924229
876.600000000 3.00119 24.0217 0 0 0 -0.381839 0.924229
876.700000000 3.01536 24.0076 0 0 0 -0.381839 0.924229
876.800000000 3.03071 23.9923 0 0 0 -0.381839 0.924229
876.900000000 3.04488 23.9782 0 0 0 -0.381839 0.924229
877.000000000 3.05905 23.9641 0 0 0 -0.381839 0.924229
877.100000000 3.07439 23.9488 0 0 0 -0.381839 0.924229
877.200000000 3.08856 23.9347 0 0 0 -0.381839 0.924229
877.300000000 3.10273 23.9206 0 0 0 -0.381839 0.924229
877.400000000 3.11572 23.9076 0 0 0 -0.381839 0.924229
877.500000000 3.13107 23.8923 0 0 0 -0.381839 0.924229
877.600000000 3.14523 23.8782 0 0 0 -0.381839 0.924229
877.700000000 3.1594 23.8641 0 0 0 -0.381839 0.924229
877.800000000 3.17475 23.8488 0 0 0 -0.381839 0.924229
877.900000000 3.18892 23.8347 0 0 0 -0.381839 0.924229
878.000000000 3.20309 23.8206 0 0 0 -0.381839 0.924229
878.100000000 3.21843 23.8053 0 0 0 -0.381839 0.924229
878.200000000 3.2326 23.7912 0 0 0 -0.381839 0.924229
878.300000000 3.24677 23.777 0 0 0 -0.381839 0.924229
878.400000000 3.25976 23.7641 0 0 0 -0.381839 0.924229
878.500000000 3.27511 23.7488 0 0 0 -0.381839 0.924229
878.600000000 3.28927 23.7347 0 0 0 -0.381839 0.924229
878.700000000 3.30462 23.7194 0 0 0 -0.381839 0.924229
878.800000000 3.31997 23.7041 0 0 0 -0.381839 0.924229
878.900000000 3.33414 23.69 0 0 0 -0.381839 0.924229
879.000000000 3.34831 23.6759 0 0 0 -0.381839 0.924229
879.100000000 3.36366 23.6606 0 0 0 -0.381839 0.924229
879.200000000 3.37782 23.6465 0 0 0 -0.381839 0.924229
879.300000000 3.39199 23.6323 0 0 0 -0.381839 0.924229
879.400000000 3.40498 23.6194 0 0 0 -0.381839 0.924229
879.500000000 3.41915 23.6053 0 0 0 -0.381839 0.924229
879.600000000 3.43332 23.5912 0 0 0 -0.381839 0.924229
879.700000000 3.44866 23.5759 0 0 0 -0.381839 0.924229
879.800000000 3.46401 23.5606 0 0 0 -0.381839 0.924229
879.900000000 3.47818 23.5465 0 0 0 -0.381839 0.924229
880.000000000 3.49235 23.5324 0 0 0 -0.381839 0.924229
880.100000000 3.5077 23.5171 0 0 0 -0.381839 0.924229
880.200000000 3.52186 23.5029 0 0 0 -0.381839 0.924229
880.300000000 3.53603 23.4888 0 0 0 -0.381839 0.924229
880.400000000 3.54902 23.4759 0 0 0 -0.381839 0.924229
880.500000000 3.56201 23.463 0 0 0 -0.381839 0.924229
880.600000000 3.57618 23.4488 0 0 0 -0.381839 0.924229
880.700000000 3.59034 23.4347 0 0 0 -0.381839 0.924229
880.800000000 3.60569 23.4194 0 0 0 -0.381839 0.924229
880.900000000 3.61986 23.4053 0 0 0 -0.381839 0.924229
881.000000000 3.63403 23.3912 0 0 0 -0.381839 0.924229
881.100000000 3.64702 23.3783 0 0 0 -0.381839 0.924229
881.200000000 3.66118 23.3641 0 0 0 -0.381839 0.924229
881.300000000 3.67535 23.35 0 0 0 -0.381839 0.924229
881.400000000 3.68952 23.3359 0 0 0 -0.381839 0.924229
881.500000000 3.70487 23.3206 0 0 0 -0.381839 0.924229
881.600000000 3.71904 23.3065 0 0 0 -0.381839 0.924229
881.700000000 3.73438 23.2912 0 0 0 -0.381839 0.924229
881.800000000 3.74973 23.2759 0 0 0 -0.381841 0.924228
881.900000000 3.7639 23.2618 0 0 0 -0.381842 0.924228
882.000000000 3.77807 23.2477 0 0 0 -0.381844 0.924227
882.100000000 3.79342 23.2324 0 0 0 -0.381845 0.924226
882.200000000 3.80758 23.2183 0 0 0 -0.381847 0.924226
882.300000000 3.82175 23.2041 0 0 0 -0.381848 0.924225
882.400000000 3.83474 23.1912 0 0 0 -0.38185 0.924224
882.500000000 3.84782 23.1784 0 0 0 -0.381537 0.924354
882.600000000 3.8621 23.1644 0 0 0 -0.381196 0.924494
882.700000000 3.87758 23.1492 0 0 0 -0.380826 0.924647
882.800000000 3.89308 23.1341 0 0 0 -0.380457 0.924799
882.900000000 3.90739 23.1201 0 0 0 -0.380116 0.924939
883.000000000 3.92172 23.1061 0 0 0 -0.379774 0.925079
883.100000000 3.93724 23.091 0 0 0 -0.379405 0.925231
883.200000000 3.95159 23.0771 0 0 0 -0.379063 0.925371
883.300000000 3.96595 23.0632 0 0 0 -0.378722 0.925511
883.400000000 3.98031 23.0492 0 0 0 -0.37838 0.92565
883.500000000 3.99733 23.0333 0 0 0 -0.37716 0.926148
883.600000000 4.01561 23.0162 0 0 0 -0.375851 0.92668
883.700000000 4.0315 23.0015 0 0 0 -0.374716 0.92714
883.800000000 4.0511 22.9834 0 0 0 -0.373319 0.927703
883.900000000 4.06583 22.9699 0 0 0 -0.37227 0.928124
884.000000000 4.08183 22.9552 0 0 0 -0.371134 0.928579
884.100000000 4.0954 22.9429 0 0 0 -0.370172 0.928963
884.200000000 4.11517 22.925 0 0 0 -0.368772 0.92952
884.300000000 4.13748 22.9049 0 0 0 -0.367195 0.930144
884.400000000 4.15115 22.8927 0 0 0 -0.366232 0.930524
884.500000000 4.20764 22.8433 0 0 0 -0.36072 0.932674
884.600000000 4.2647 22.7946 0 0 0 -0.355196 0.934792
884.700000000 4.32234 22.7466 0 0 0 -0.34966 0.936877
884.800000000 4.38054 22.6993 0 0 0 -0.344111 0.938929
884.900000000 4.43929 22.6526 0 0 0 -0.338551 0.940948
885.000000000 4.4986 22.6067 0 0 0 -0.332978 0.942935
885.100000000 4.55844 22.5614 0 0 0 -0.327394 0.944888
885.200000000 4.61882 22.5169 0 0 0 -0.321798 0.946808
885.300000000 4.67971 22.4731 0 0 0 -0.316191 0.948695
885.400000000 4.74113 22.43 0 0 0 -0.310573 0.950549
885.500000000 4.80404 22.389 0 0 0 -0.300825 0.953679
885.600000000 4.86778 22.3494 0 0 0 -0.291044 0.95671
885.700000000 4.93232 22.311 0 0 0 -0.281234 0.959639
885.800000000 4.99763 22.274 0 0 0 -0.271394 0.962468
885.900000000 5.06369 22.2383 0 0 0 -0.261525 0.965197
886.000000000 5.13046 22.204 0 0 0 -0.251629 0.967824
886.100000000 5.19792 22.1711 0 0 0 -0.241707 0.970349
886.200000000 5.26604 22.1395 0 0 0 -0.231759 0.972773
886.300000000 5.33479 22.1094 0 0 0 -0.221787 0.975095
886.400000000 5.40415 22.0807 0 0 0 -0.211792 0.977315
886.500000000 5.47408 22.0534 0 0 0 -0.201774 0.979432
886.600000000 5.54455 22.0275 0 0 0 -0.191736 0.981447
886.700000000 5.61552 22.003 0 0 0 -0.181828 0.98333
886.800000000 5.68693 21.9799 0 0 0 -0.172112 0.985077
886.900000000 5.74972 21.9626 0 0 0 -0.159779 0.987153
887.000000000 5.8113 21.9473 0 0 0 -0.147738 0.989027
887.100000000 5.87161 21.9338 0 0 0 -0.135993 0.99071
887.200000000 5.92895 21.9224 0 0 0 -0.124864 0.992174
887.300000000 5.98488 21.9126 0 0 0 -0.114039 0.993476
887.400000000 6.03936 21.9043 0 0 0 -0.103519 0.994627
887.500000000 6.09723 21.8962 0 0 0 -0.0936159 0.995608
887.600000000 6.15193 21.8896 0 0 0 -0.0842699 0.996443
887.700000000 6.20508 21.8843 0 0 0 -0.0752 0.997168
887.800000000 6.25666 21.88 0 0 0 -0.0664076 0.997793
887.900000000 6.30665 21.8768 0 0 0 -0.0578939 0.998323
888.000000000 6.35501 21.8744 0 0 0 -0.04966 0.998766
888.100000000 6.40174 21.873 0 0 0 -0.0417068 0.99913
888.200000000 6.44681 21.8723 0 0 0 -0.0340351 0.999421
888.300000000 6.49023 21.8723 0 0 0 -0.0266457 0.999645
888.400000000 6.53197 21.8731 0 0 0 -0.0190889 0.999818
888.500000000 6.57203 21.8745 0 0 0 -0.0118334 0.99993
888.600000000 6.6104 21.8764 0 0 0 -0.0048796 0.999988
888.700000000 6.64874 21.8788 0 0 0 0.00207444 0.999998
888.800000000 6.68538 21.8816 0 0 0 0.00872604 0.999962
888.900000000 6.72031 21.8847 0 0 0 0.0150749 0.999886
889.000000000 6.75354 21.8881 0 0 0 0.0211209 0.999777
889.100000000 6.78673 21.892 0 0 0 0.0271662 0.999631
889.200000000 6.81821 21.896 0 0 0 0.0329082 0.999458
889.300000000 6.84799 21.9001 0 0 0 0.0383471 0.999264
889.400000000 6.87772 21.9046 0 0 0 0.0437848 0.999041
889.500000000 6.90573 21.9095 0 0 0 0.0497592 0.998761
889.600000000 6.93202 21.9143 0 0 0 0.0553806 0.998465
889.700000000 6.95827 21.9195 0 0 0 0.0610003 0.998138
889.800000000 6.98281 21.9247 0 0 0 0.0662669 0.997802
889.900000000 7.0073 21.9301 0 0 0 0.0715317 0.997438
890.000000000 7.03011 21.9353 0 0 0 0.0764437 0.997074
890.100000000 7.05448 21.9412 0 0 0 0.0817045 0.996657
890.200000000 7.07717 21.947 0 0 0 0.0866126 0.996242
890.300000000 7.12771 21.9603 0 0 0 0.0975706 0.995229
890.400000000 7.17795 21.9747 0 0 0 0.108517 0.994095
890.500000000 7.17267 21.994 0 0 0 0.158065 0.987429
890.600000000 7.16549 22.0127 0 0 0 0.207219 0.978295
890.700000000 7.15648 22.0305 0 0 0 0.255854 0.966715
890.800000000 7.14573 22.0474 0 0 0 0.30385 0.95272
890.900000000 7.13336 22.0631 0 0 0 0.351086 0.936343
891.000000000 7.11948 22.0775 0 0 0 0.397445 0.917626
891.100000000 7.10423 22.0904 0 0 0 0.442811 0.896615
891.200000000 7.08777 22.1017 0 0 0 0.487069 0.873363
891.300000000 7.07026 22.1114 0 0 0 0.530111 0.847929
891.400000000 7.05187 22.1192 0 0 0 0.571827 0.820374
891.500000000 7.03279 22.1252 0 0 0 0.612114 0.79077
891.600000000 7.01321 22.1292 0 0 0 0.650871 0.759188
891.700000000 6.99332 22.1313 0 0 0 0.688001 0.72571
891.800000000 6.99332 22.1313 0 0 0 0.688001 0.72571
891.900000000 6.99332 22.1313 0 0 0 0.688001 0.72571
892.000000000 6.99332 22.1313 0 0 0 0.688001 0.72571
892.100000000 6.98399 22.1736 0 0 0 0.708726 0.705484
892.200000000 6.9688 22.1975 0 0 0 0.734839 0.678242
892.300000000 6.94933 22.198 0 0 0 0.766841 0.641837
892.400000000 6.92985 22.1935 0 0 0 0.797961 0.602709
892.500000000 6.91092 22.1871 0 0 0 0.827087 0.562074
892.600000000 6.89272 22.1788 0 0 0 0.854145 0.520034
892.700000000 6.87544 22.1688 0 0 0 0.879069 0.476695
892.800000000 6.85926 22.1571 0 0 0 0.901795 0.432164
892.900000000 6.84432 22.1438 0 0 0 0.922267 0.386553
893.000000000 6.83078 22.1291 0 0 0 0.940434 0.339976
893.100000000 6.81878 22.1131 0 0 0 0.956251 0.292549
893.200000000 6.80844 22.096 0 0 0 0.969677 0.24439
893.300000000 6.79986 22.0779 0 0 0 0.980679 0.195621
893.400000000 6.79312 22.0591 0 0 0 0.989231 0.146363
893.500000000 6.78829 22.0397 0 0 0 0.99531 0.0967396
893.600000000 6.78543 22.0199 0 0 0 0.998901 0.0468739
893.700000000 6.76017 22.0071 0 0 0 0.999958 0.00915282
893.800000000 6.7215 21.9956 0 0 0 0.99977 -0.0214336
893.900000000 6.68277 21.9819 0 0 0 0.998668 -0.0515896
894.000000000 6.6441 21.9659 0 0 0 0.99669 -0.0812917
894.100000000 6.60645 21.9477 0 0 0 0.993829 -0.110922
894.200000000 6.56996 21.9272 0 0 0 0.990087 -0.140454
894.300000000 6.53474 21.9046 0 0 0 0.985468 -0.169861
894.400000000 6.50093 21.88 0 0 0 0.979976 -0.199118
894.500000000 6.46865 21.8534 0 0 0 0.973615 -0.228198
894.600000000 6.43801 21.8249 0 0 0 0.966391 -0.257076
894.700000000 6.40911 21.7946 0 0 0 0.958311 -0.285727
894.800000000 6.36694 21.7566 0 0 0 0.951842 -0.306588
894.900000000 6.31127 21.7098 0 0 0 0.947549 -0.31961
895.000000000 6.25513 21.6607 0 0 0 0.943396 -0.331668
895.100000000 6.20027 21.6101 0 0 0 0.93909 -0.343671
895.200000000 6.14671 21.5582 0 0 0 0.934631 -0.355619
895.300000000 6.0945 21.5049 0 0 0 0.93002 -0.367509
895.400000000 6.04366 21.4503 0 0 0 0.925258 -0.379339
895.500000000 5.99423 21.3944 0 0 0 0.920345 -0.391107
895.600000000 5.94625 21.3373 0 0 0 0.915283 -0.402812
895.700000000 5.89973 21.279 0 0 0 0.910072 -0.414451
895.800000000 5.85025 21.2226 0 0 0 0.91041 -0.413708
895.900000000 5.80068 21.1663 0 0 0 0.910747 -0.412964
896.000000000 5.75101 21.1101 0 0 0 0.911084 -0.41222
896.100000000 5.70126 21.054 0 0 0 0.911421 -0.411476
896.200000000 5.65141 20.998 0 0 0 0.911756 -0.410731
896.300000000 5.60147 20.942 0 0 0 0.912092 -0.409987
896.400000000 5.55144 20.8861 0 0 0 0.912426 -0.409242
896.500000000 5.50132 20.8303 0 0 0 0.91276 -0.408496
896.600000000 5.4511 20.7746 0 0 0 0.913093 -0.407751
896.700000000 5.4008 20.719 0 0 0 0.913426 -0.407005
896.800000000 5.3504 20.6635 0 0 0 0.913758 -0.406259
896.900000000 5.29992 20.608 0 0 0 0.914089 -0.405513
897.000000000 5.24934 20.5526 0 0 0 0.91442 -0.404766
897.100000000 5.19824 20.4977 0 0 0 0.915346 -0.402669
897.200000000 5.14689 20.443 0 0 0 0.916266 -0.400569
897.300000000 5.09528 20.3886 0 0 0 0.917182 -0.398468
897.400000000 5.04343 20.3344 0 0 0 0.918093 -0.396364
897.500000000 4.99133 20.2805 0 0 0 0.919 -0.394259
897.600000000 4.93898 20.2268 0 0 0 0.919901 -0.392151
897.700000000 4.88639 20.1733 0 0 0 0.920797 -0.390041
897.800000000 4.83445 20.1192 0 0 0 0.92047 -0.390813
897.900000000 4.7826 20.065 0 0 0 0.920142 -0.391585
898.000000000 4.73085 20.0107 0 0 0 0.919813 -0.392356
898.100000000 4.67918 19.9563 0 0 0 0.919484 -0.393127
898.200000000 4.62761 19.9019 0 0 0 0.919154 -0.393898
898.300000000 4.57609 19.8474 0 0 0 0.918868 -0.394564
898.400000000 4.52465 19.7928 0 0 0 0.918582 -0.39523
898.500000000 4.47333 19.7381 0 0 0 0.91825 -0.396
898.600000000 4.42209 19.6833 0 0 0 0.917918 -0.39677
898.700000000 4.37105 19.6284 0 0 0 0.917455 -0.39784
898.800000000 4.32239 19.5758 0 0 0 0.91702 -0.39884
898.900000000 4.27384 19.523 0 0 0 0.916585 -0.39984
899.000000000 4.22325 19.4677 0 0 0 0.915994 -0.401192
899.100000000 4.17283 19.4121 0 0 0 0.915401 -0.402544
899.200000000 4.12257 19.3565 0 0 0 0.914805 -0.403895
899.300000000 4.07248 19.3007 0 0 0 0.914208 -0.405245
899.400000000 4.02255 19.2447 0 0 0 0.913609 -0.406594
899.500000000 3.97279 19.1886 0 0 0 0.913008 -0.407942
899.600000000 3.92319 19.1323 0 0 0 0.912404 -0.40929
899.700000000 3.87376 19.0759 0 0 0 0.911799 -0.410636
899.800000000 3.82836 19.0257 0 0 0 0.912517 -0.40904
899.900000000 3.78278 18.9756 0 0 0 0.913231 -0.407442
900.000000000 3.73703 18.9257 0 0 0 0.913943 -0.405842
900.100000000 3.69111 18.8759 0 0 0 0.914652 -0.404242
900.200000000 3.64501 18.8263 0 0 0 0.915358 -0.40264
900.300000000 3.59874 18.7769 0 0 0 0.916062 -0.401037
900.400000000 3.55229 18.7276 0 0 0 0.916762 -0.399433
900.500000000 3.50567 18.6785 0 0 0 0.91746 -0.397828
900.600000000 3.45888 18.6295 0 0 0 0.918155 -0.396221
900.700000000 3.41192 18.5807 0 0 0 0.918847 -0.394614
900.800000000 3.42709 18.5677 0 0 0 0.897976 -0.440044
900.900000000 3.44348 18.5563 0 0 0 0.874861 -0.484374
901.000000000 3.46093 18.5465 0 0 0 -0.849559 0.527493
901.100000000 3.47927 18.5386 0 0 0 -0.822134 0.569294
901.200000000 3.49832 18.5325 0 0 0 -0.792653 0.609672
901.300000000 3.51787 18.5283 0 0 0 -0.761192 0.648527
901.400000000 3.53774 18.5261 0 0 0 -0.727828 0.68576
901.500000000 3.55773 18.5259 0 0 0 -0.692644 0.721279
901.600000000 3.57764 18.5277 0 0 0 -0.65573 0.754996
901.700000000 3.59727 18.5315 0 0 0 -0.617176 0.786825
901.800000000 3.61643 18.5373 0 0 0 -0.57708 0.816687
901.900000000 3.63491 18.5449 0 0 0 -0.535542 0.844509
902.000000000 3.65255 18.5543 0 0 0 -0.492665 0.870219
902.100000000 3.66915 18.5654 0 0 0 -0.448556 0.893755
902.200000000 3.68457 18.5781 0 0 0 -0.403326 0.915056
902.300000000 3.69863 18.5924 0 0 0 -0.357088 0.934071
902.400000000 3.71121 18.6079 0 0 0 -0.309958 0.95075
902.500000000 3.72217 18.6246 0 0 0 -0.262053 0.965053
902.600000000 3.7314 18.6423 0 0 0 -0.213493 0.976945
902.700000000 3.73882 18.6609 0 0 0 -0.164399 0.986394
902.800000000 3.74283 18.6741 0 0 0 -0.130406 0.991461
902.900000000 3.74593 18.6874 0 0 0 -0.0962578 0.995356
903.000000000 3.7481 18.701 0 0 0 -0.0619963 0.998076
903.100000000 3.74933 18.7147 0 0 0 -0.0276616 0.999617
903.200000000 3.74962 18.7285 0 0 0 0.0067058 0.999978
903.300000000 3.74896 18.7422 0 0 0 0.0410653 0.999156
903.400000000 3.74736 18.7558 0 0 0 0.0753762 0.997155
903.500000000 3.74483 18.7693 0 0 0 0.109598 0.993976
903.600000000 3.74138 18.7827 0 0 0 0.143691 0.989623
903.700000000 3.74138 18.7827 0 0 0 0.143691 0.989623
903.800000000 3.74138 18.7827 0 0 0 0.143691 0.989623
903.900000000 3.74138 18.7827 0 0 0 0.143691 0.989623
904.000000000 3.74138 18.7827 0 0 0 0.143691 0.989623
904.100000000 3.79434 18.8071 0 0 0 0.164479 0.986381
904.200000000 3.83007 18.8316 0 0 0 0.192972 0.981204
904.300000000 3.84653 18.8547 0 0 0 0.229854 0.973225
904.400000000 3.83975 18.8729 0 0 0 0.276744 0.960944
904.500000000 3.82829 18.8893 0 0 0 0.324426 0.945911
904.600000000 3.81524 18.9045 0 0 0 0.371296 0.928515
904.700000000 3.80075 18.9182 0 0 0 0.417238 0.908797
904.800000000 3.78496 18.9305 0 0 0 0.462138 0.886808
904.900000000 3.76802 18.9411 0 0 0 0.505882 0.862603
905.000000000 3.75011 18.95 0 0 0 0.548362 0.836241
905.100000000 3.7314 18.957 0 0 0 0.589472 0.807789
905.200000000 3.71208 18.9622 0 0 0 0.629107 0.777318
905.300000000 3.69234 18.9653 0 0 0 0.667171 0.744905
905.400000000 3.67239 18.9665 0 0 0 0.703567 0.710629
905.500000000 3.65241 18.9657 0 0 0 0.738204 0.674577
905.600000000 3.63261 18.9629 0 0 0 0.770997 0.636839
905.700000000 3.6132 18.9582 0 0 0 0.801862 0.59751
905.800000000 3.59435 18.9515 0 0 0 0.830723 0.556687
905.900000000 3.57626 18.943 0 0 0 0.857507 0.514472
906.000000000 3.55911 18.9327 0 0 0 0.882148 0.470972
906.100000000 3.54308 18.9208 0 0 0 0.904585 0.426294
906.200000000 3.52832 18.9073 0 0 0 0.92476 0.380551
906.300000000 3.51497 18.8924 0 0 0 0.942624 0.333857
906.400000000 3.50318 18.8763 0 0 0 0.958132 0.286328
906.500000000 3.49306 18.859 0 0 0 0.971245 0.238083
906.600000000 3.48471 18.8409 0 0 0 0.98193 0.189244
906.700000000 3.47822 18.822 0 0 0 0.990161 0.139931
906.800000000 3.45103 18.8141 0 0 0 0.994736 0.102474
906.900000000 3.4078 18.8113 0 0 0 0.997286 0.0736275
907.000000000 3.34944 18.8115 0 0 0 0.998614 0.0526294
907.100000000 3.28038 18.8125 0 0 0 0.999312 0.037092
907.200000000 3.21219 18.8112 0 0 0 0.999777 0.0210995
907.300000000 3.14408 18.8076 0 0 0 0.999987 0.00510155
907.400000000 3.07522 18.8021 0 0 0 0.999945 -0.0104515
907.500000000 3.00657 18.7944 0 0 0 0.999662 -0.0260021
907.600000000 2.93819 18.7847 0 0 0 0.999137 -0.0415463
907.700000000 2.87015 18.7727 0 0 0 0.99837 -0.0570805
907.800000000 2.80342 18.7587 0 0 0 0.997329 -0.0730459
907.900000000 2.73718 18.7424 0 0 0 0.996032 -0.0889926
908.000000000 2.67149 18.7241 0 0 0 0.994481 -0.104916
908.100000000 2.60642 18.7037 0 0 0 0.992675 -0.120814
908.200000000 2.54204 18.6812 0 0 0 0.990615 -0.13668
908.300000000 2.4775 18.6566 0 0 0 0.98837 -0.15207
908.400000000 2.41375 18.6299 0 0 0 0.985885 -0.167423
908.500000000 2.35087 18.6014 0 0 0 0.983162 -0.182736
908.600000000 2.2889 18.5708 0 0 0 0.980201 -0.198005
908.700000000 2.22791 18.5384 0 0 0 0.977003 -0.213226
908.800000000 2.16886 18.5043 0 0 0 0.973467 -0.228829
908.900000000 2.11092 18.4683 0 0 0 0.969681 -0.244374
909.000000000 2.05416 18.4305 0 0 0 0.965647 -0.259856
909.100000000 1.99167 18.3889 0 0 0 0.962568 -0.271042
909.200000000 1.93015 18.3458 0 0 0 0.959358 -0.282191
909.300000000 1.86965 18.3013 0 0 0 0.95602 -0.293302
909.400000000 1.81021 18.2555 0 0 0 0.952553 -0.304373
909.500000000 1.75184 18.2082 0 0 0 0.948958 -0.315404
909.600000000 1.69458 18.1596 0 0 0 0.945235 -0.326392
909.700000000 1.63846 18.1097 0 0 0 0.941384 -0.337336
909.800000000 1.58367 18.0584 0 0 0 0.937217 -0.348747
909.900000000 1.53013 18.0057 0 0 0 0.932911 -0.360106
910.000000000 1.47789 17.9518 0 0 0 0.928468 -0.371413
910.100000000 1.42698 17.8966 0 0 0 0.923888 -0.382664
910.200000000 1.37742 17.8401 0 0 0 0.919171 -0.393859
910.300000000 1.32924 17.7825 0 0 0 0.914319 -0.404996
910.400000000 1.28249 17.7238 0 0 0 0.909331 -0.416073
910.500000000 1.23717 17.6639 0 0 0 0.90421 -0.427088
910.600000000 1.19332 17.6029 0 0 0 0.898955 -0.438041
910.700000000 1.15096 17.5409 0 0 0 0.893567 -0.448929
910.800000000 1.11326 17.4805 0 0 0 0.886971 -0.461826
910.900000000 1.07733 17.4191 0 0 0 0.880188 -0.474625
911.000000000 1.04319 17.3566 0 0 0 0.87322 -0.487326
911.100000000 1.01087 17.2932 0 0 0 0.86607 -0.499923
911.200000000 0.980405 17.2289 0 0 0 -0.858737 0.512416
911.300000000 0.951816 17.1637 0 0 0 -0.851225 0.524802
911.400000000 0.925126 17.0977 0 0 0 -0.843533 0.537077
911.500000000 0.900359 17.031 0 0 0 -0.835665 0.54924
911.600000000 0.877536 16.9635 0 0 0 -0.827621 0.561287
911.700000000 0.856675 16.8955 0 0 0 -0.819404 0.573216
911.800000000 0.836228 16.8243 0 0 0 -0.811875 0.583832
911.900000000 0.81764 16.7526 0 0 0 -0.804208 0.594348
912.000000000 0.800926 16.6804 0 0 0 -0.796405 0.604764
912.100000000 0.786095 16.6078 0 0 0 -0.788467 0.615077
912.200000000 0.773159 16.5348 0 0 0 -0.780395 0.625286
912.300000000 0.762125 16.4616 0 0 0 -0.772192 0.63539
912.400000000 0.753002 16.3881 0 0 0 -0.763857 0.645385
912.500000000 0.745796 16.3143 0 0 0 -0.755393 0.655271
912.600000000 0.740511 16.2404 0 0 0 -0.746802 0.665047
912.700000000 0.735835 16.1655 0 0 0 -0.740109 0.672487
912.800000000 0.732659 16.0905 0 0 0 -0.733342 0.67986
912.900000000 0.730985 16.0155 0 0 0 -0.726501 0.687165
913.000000000 0.730813 15.9404 0 0 0 -0.719588 0.694401
913.100000000 0.732144 15.8653 0 0 0 -0.712603 0.701568
913.200000000 0.734976 15.7903 0 0 0 -0.705546 0.708664
913.300000000 0.73931 15.7154 0 0 0 -0.698419 0.71569
913.400000000 0.745142 15.6405 0 0 0 -0.691221 0.722643
913.500000000 0.752471 15.5658 0 0 0 -0.683955 0.729525
913.600000000 0.761294 15.4913 0 0 0 -0.67662 0.736333
913.700000000 0.771607 15.4169 0 0 0 -0.669217 0.743067
913.800000000 0.783406 15.3428 0 0 0 -0.661747 0.749727
913.900000000 0.796687 15.2689 0 0 0 -0.654211 0.756312
914.000000000 0.811443 15.1953 0 0 0 -0.646609 0.762821
914.100000000 0.830977 15.1996 0 0 0 -0.607676 0.794185
914.200000000 0.849988 15.2058 0 0 0 -0.567224 0.823564
914.300000000 0.868286 15.2138 0 0 0 -0.525354 0.850884
914.400000000 0.885689 15.2237 0 0 0 -0.482171 0.876077
914.500000000 0.902023 15.2352 0 0 0 -0.437783 0.899081
914.600000000 0.917125 15.2483 0 0 0 -0.3923 0.919837
914.700000000 0.930843 15.2628 0 0 0 -0.345837 0.938295
914.800000000 0.943042 15.2787 0 0 0 -0.29851 0.954407
914.900000000 0.953597 15.2956 0 0 0 -0.250436 0.968133
915.000000000 0.962406 15.3136 0 0 0 -0.201737 0.97944
915.100000000 0.969378 15.3323 0 0 0 -0.152533 0.988298
915.200000000 0.974445 15.3517 0 0 0 -0.102948 0.994687
915.300000000 0.977557 15.3714 0 0 0 -0.0531059 0.998589
915.400000000 0.978681 15.3914 0 0 0 -0.00313092 0.999995
915.500000000 0.977807 15.4113 0 0 0 0.0468519 0.998902
915.600000000 0.974943 15.4311 0 0 0 0.0967176 0.995312
915.700000000 0.970118 15.4505 0 0 0 0.146342 0.989234
915.800000000 0.963381 15.4693 0 0 0 0.1956 0.980684
915.900000000 0.954798 15.4874 0 0 0 0.244369 0.969682
916.000000000 0.944456 15.5045 0 0 0 0.292528 0.956257
916.100000000 0.932457 15.5205 0 0 0 0.339955 0.940442
916.200000000 0.918922 15.5352 0 0 0 0.386533 0.922276
916.300000000 0.903985 15.5485 0 0 0 0.432144 0.901805
916.400000000 0.887797 15.5602 0 0 0 0.476676 0.879079
916.500000000 0.870518 15.5703 0 0 0 0.520015 0.854157
916.600000000 0.852322 15.5786 0 0 0 0.562056 0.827099
916.700000000 0.844726 15.5814 0 0 0 0.578703 0.815538
916.800000000 0.837021 15.5839 0 0 0 0.595113 0.803642
916.900000000 0.82922 15.5861 0 0 0 0.611279 0.791415
917.000000000 0.821336 15.588 0 0 0 0.627193 0.778864
917.100000000 0.813382 15.5896 0 0 0 0.64285 0.765992
917.200000000 0.805372 15.5908 0 0 0 0.658242 0.752806
917.300000000 0.797317 15.5917 0 0 0 0.673365 0.739311
917.400000000 0.789232 15.5923 0 0 0 0.68821 0.725511
917.500000000 0.781129 15.5926 0 0 0 0.702773 0.711414
917.600000000 0.773022 15.5925 0 0 0 0.717047 0.697025
917.700000000 0.764925 15.5921 0 0 0 0.731027 0.682349
917.800000000 0.764925 15.5921 0 0 0 0.731027 0.682349
917.900000000 0.764925 15.5921 0 0 0 0.731027 0.682349
918.000000000 0.764925 15.5921 0 0 0 0.731027 0.682349
918.100000000 0.750503 15.633 0 0 0 0.750478 0.660896
918.200000000 0.732514 15.6548 0 0 0 0.774879 0.63211
918.300000000 0.713125 15.653 0 0 0 0.804599 0.593819
918.400000000 0.69434 15.6462 0 0 0 0.833272 0.552863
918.500000000 0.676332 15.6375 0 0 0 0.859862 0.510526
918.600000000 0.65928 15.6271 0 0 0 0.884303 0.466913
918.700000000 0.643355 15.615 0 0 0 0.906534 0.422133
918.800000000 0.628717 15.6014 0 0 0 0.926499 0.376297
918.900000000 0.615511 15.5864 0 0 0 0.944148 0.329522
919.000000000 0.603869 15.5701 0 0 0 0.959437 0.281922
919.100000000 0.593908 15.5528 0 0 0 0.972329 0.233618
919.200000000 0.585727 15.5345 0 0 0 0.982789 0.18473
919.300000000 0.579408 15.5156 0 0 0 0.990794 0.13538
919.400000000 0.575014 15.4961 0 0 0 0.996322 0.0856915
919.500000000 0.572589 15.4762 0 0 0 0.999359 0.0357891
919.600000000 0.572158 15.4562 0 0 0 0.999899 -0.0142028
919.700000000 0.573724 15.4363 0 0 0 0.99794 -0.0641591
919.800000000 0.577271 15.4166 0 0 0 0.993486 -0.113955
919.900000000 0.582765 15.3974 0 0 0 0.986549 -0.163466
920.000000000 0.590151 15.3788 0 0 0 0.977146 -0.212569
920.100000000 0.599355 15.3611 0 0 0 0.965301 -0.26114
920.200000000 0.610284 15.3443 0 0 0 0.951043 -0.309059
920.300000000 0.62283 15.3288 0 0 0 0.934408 -0.356205
920.400000000 0.636867 15.3145 0 0 0 0.915437 -0.402461
920.500000000 0.652255 15.3018 0 0 0 0.894179 -0.447711
920.600000000 0.66884 15.2906 0 0 0 0.870685 -0.491841
920.700000000 0.686457 15.2812 0 0 0 -0.845015 0.534743
920.800000000 0.689831 15.2531 0 0 0 -0.824238 0.566244
920.900000000 0.685662 15.2099 0 0 0 -0.807496 0.589873
921.000000000 0.682014 15.1631 0 0 0 -0.791297 0.611432
921.100000000 0.688423 15.1316 0 0 0 -0.76919 0.63902
921.200000000 0.70002 15.1082 0 0 0 -0.743516 0.668718
921.300000000 0.714064 15.0879 0 0 0 -0.715956 0.698145
921.400000000 0.729699 15.0688 0 0 0 -0.687233 0.726437
921.500000000 0.746821 15.051 0 0 0 -0.657392 0.753549
921.600000000 0.765321 15.0347 0 0 0 -0.626483 0.779435
921.700000000 0.785078 15.0199 0 0 0 -0.594555 0.804055
921.800000000 0.807948 14.9876 0 0 0 -0.569346 0.822098
921.900000000 0.835463 14.9405 0 0 0 -0.550262 0.834992
922.000000000 0.868701 14.8779 0 0 0 -0.537975 0.842961
922.100000000 0.903784 14.8116 0 0 0 -0.529791 0.848129
922.200000000 0.939952 14.7458 0 0 0 -0.522021 0.852932
922.300000000 0.977314 14.6807 0 0 0 -0.514208 0.857665
922.400000000 1.01586 14.6163 0 0 0 -0.506353 0.862326
922.500000000 1.05557 14.5526 0 0 0 -0.498455 0.866916
922.600000000 1.09645 14.4896 0 0 0 -0.490515 0.871433
922.700000000 1.13846 14.4275 0 0 0 -0.482535 0.875877
922.800000000 1.18161 14.366 0 0 0 -0.474514 0.880248
922.900000000 1.22587 14.3054 0 0 0 -0.466454 0.884546
923.000000000 1.27123 14.2456 0 0 0 -0.458355 0.888769
923.100000000 1.30194 14.1898 0 0 0 -0.474546 0.880231
923.200000000 1.33059 14.133 0 0 0 -0.490579 0.871397
923.300000000 1.35714 14.0751 0 0 0 -0.506448 0.862271
923.400000000 1.38155 14.0163 0 0 0 -0.522146 0.852856
923.500000000 1.40379 13.9566 0 0 0 -0.53767 0.843155
923.600000000 1.42384 13.8962 0 0 0 -0.553014 0.833172
923.700000000 1.44166 13.835 0 0 0 -0.568172 0.82291
923.800000000 1.46003 13.7688 0 0 0 -0.581045 0.813872
923.900000000 1.47631 13.702 0 0 0 -0.593774 0.804632
924.000000000 1.49048 13.6348 0 0 0 -0.606356 0.795194
924.100000000 1.50252 13.5671 0 0 0 -0.618788 0.785558
924.200000000 1.51244 13.4991 0 0 0 -0.631067 0.775729
924.300000000 1.52021 13.4308 0 0 0 -0.643189 0.765707
924.400000000 1.52583 13.3623 0 0 0 -0.655153 0.755496
924.500000000 1.52929 13.2937 0 0 0 -0.666955 0.745098
924.600000000 1.53059 13.2249 0 0 0 -0.678591 0.734516
924.700000000 1.52973 13.1562 0 0 0 -0.69006 0.723752
924.800000000 1.52927 13.0812 0 0 0 -0.697319 0.716761
924.900000000 1.5273 13.0061 0 0 0 -0.704507 0.709697
925.000000000 1.52382 12.9311 0 0 0 -0.711624 0.702561
925.100000000 1.51883 12.8562 0 0 0 -0.718668 0.695353
925.200000000 1.51233 12.7814 0 0 0 -0.72564 0.688075
925.300000000 1.50432 12.7068 0 0 0 -0.732538 0.680727
925.400000000 1.49481 12.6323 0 0 0 -0.739361 0.673309
925.500000000 1.48381 12.5581 0 0 0 -0.746109 0.665824
925.600000000 1.4713 12.4841 0 0 0 -0.752781 0.65827
925.700000000 1.45731 12.4103 0 0 0 -0.759377 0.65065
925.800000000 1.44537 12.3363 0 0 0 -0.760113 0.64979
925.900000000 1.43325 12.2623 0 0 0 -0.760849 0.648929
926.000000000 1.42097 12.1883 0 0 0 -0.761583 0.648068
926.100000000 1.40852 12.1143 0 0 0 -0.762316 0.647205
926.200000000 1.39591 12.0404 0 0 0 -0.763048 0.646342
926.300000000 1.38313 11.9665 0 0 0 -0.763779 0.645478
926.400000000 1.37018 11.8926 0 0 0 -0.764509 0.644613
926.500000000 1.35706 11.8187 0 0 0 -0.765238 0.643747
926.600000000 1.34377 11.7449 0 0 0 -0.765967 0.64288
926.700000000 1.33032 11.6711 0 0 0 -0.766694 0.642013
926.800000000 1.31901 11.597 0 0 0 -0.763654 0.645625
926.900000000 1.3084 11.5227 0 0 0 -0.760598 0.649223
927.000000000 1.29849 11.4484 0 0 0 -0.757525 0.652807
927.100000000 1.28928 11.3739 0 0 0 -0.754434 0.656376
927.200000000 1.28078 11.2994 0 0 0 -0.751327 0.65993
927.300000000 1.27298 11.2248 0 0 0 -0.748203 0.66347
927.400000000 1.26588 11.1501 0 0 0 -0.745063 0.666994
927.500000000 1.25949 11.0754 0 0 0 -0.741906 0.670504
927.600000000 1.25381 11.0006 0 0 0 -0.738732 0.673999
927.700000000 1.24883 10.9257 0 0 0 -0.735542 0.677479
927.800000000 1.24456 10.8508 0 0 0 -0.732335 0.680944
927.900000000 1.241 10.7759 0 0 0 -0.729113 0.684394
928.000000000 1.23814 10.7009 0 0 0 -0.725873 0.687828
928.100000000 1.23552 10.6355 0 0 0 -0.724318 0.689466
928.200000000 1.2332 10.5701 0 0 0 -0.722759 0.691101
928.300000000 1.23117 10.5046 0 0 0 -0.721196 0.692731
928.400000000 1.22944 10.4391 0 0 0 -0.719629 0.694359
928.500000000 1.228 10.3737 0 0 0 -0.718059 0.695982
928.600000000 1.22686 10.3082 0 0 0 -0.716485 0.697603
928.700000000 1.22601 10.2427 0 0 0 -0.714907 0.699219
928.800000000 1.20607 10.2441 0 0 0 -0.74896 0.662615
928.900000000 1.18638 10.2476 0 0 0 -0.781141 0.624354
929.000000000 1.16712 10.2529 0 0 0 -0.81137 0.584533
929.100000000 1.1485 10.2602 0 0 0 -0.83957 0.543251
929.200000000 1.13069 10.2693 0 0 0 -0.865672 0.500611
929.300000000 1.11389 10.2801 0 0 0 0.88961 -0.45672
929.400000000 1.09824 10.2926 0 0 0 0.911325 -0.411687
929.500000000 1.08392 10.3065 0 0 0 0.930762 -0.365625
929.600000000 1.07107 10.3218 0 0 0 0.947873 -0.31865
929.700000000 1.0598 10.3384 0 0 0 0.962614 -0.270878
929.800000000 1.05024 10.3559 0 0 0 0.974949 -0.222429
929.900000000 1.04248 10.3743 0 0 0 0.984847 -0.173423
930.000000000 1.0366 10.3934 0 0 0 0.992284 -0.123985
930.100000000 1.03265 10.413 0 0 0 0.997241 -0.0742364
930.200000000 1.03069 10.4329 0 0 0 0.999705 -0.0243023
930.300000000 1.03071 10.4529 0 0 0 0.99967 0.0256924
930.400000000 1.03274 10.4728 0 0 0 0.997136 0.075623
930.500000000 1.03674 10.4924 0 0 0 0.992111 0.125365
930.600000000 1.04267 10.5115 0 0 0 0.984605 0.174793
930.700000000 1.04755 10.5236 0 0 0 0.978394 0.206751
930.800000000 1.0532 10.5353 0 0 0 0.971145 0.238491
930.900000000 1.05961 10.5466 0 0 0 0.962867 0.269977
931.000000000 1.06673 10.5575 0 0 0 0.953568 0.301177
931.100000000 1.07456 10.5679 0 0 0 0.943259 0.332059
931.200000000 1.08304 10.5778 0 0 0 0.93195 0.362588
931.300000000 1.09215 10.5871 0 0 0 0.919653 0.392733
931.400000000 1.10184 10.5958 0 0 0 0.906381 0.422461
931.500000000 1.11208 10.6039 0 0 0 0.892149 0.451742
931.600000000 1.12282 10.6112 0 0 0 0.876971 0.480544
931.700000000 1.13402 10.6179 0 0 0 0.860863 0.508837
931.800000000 1.13226 10.6169 0 0 0 0.863408 0.504507
931.900000000 1.13052 10.6159 0 0 0 0.865931 0.500164
932.000000000 1.12878 10.6149 0 0 0 0.868432 0.495808
932.100000000 1.12706 10.6139 0 0 0 0.870911 0.49144
932.200000000 1.12534 10.6128 0 0 0 0.873369 0.48706
932.300000000 1.12364 10.6117 0 0 0 0.875804 0.482667
932.400000000 1.12194 10.6107 0 0 0 0.878217 0.478262
932.500000000 1.12026 10.6096 0 0 0 0.880608 0.473845
932.600000000 1.11859 10.6084 0 0 0 0.882977 0.469416
932.700000000 1.11693 10.6073 0 0 0 0.885324 0.464975
932.800000000 1.11528 10.6062 0 0 0 0.887648 0.460523
932.900000000 1.11365 10.605 0 0 0 0.88995 0.456059
933.000000000 1.11202 10.6038 0 0 0 0.892229 0.451583
933.100000000 1.11202 10.6038 0 0 0 0.892229 0.451583
933.200000000 1.1287 10.6148 0 0 0 0.868544 0.495611
933.300000000 1.1464 10.6241 0 0 0 0.842689 0.538401
933.400000000 1.16494 10.6316 0 0 0 0.814727 0.579845
933.500000000 1.18413 10.6372 0 0 0 0.784728 0.61984
933.600000000 1.20379 10.6409 0 0 0 0.752769 0.658285
933.700000000 1.22371 10.6425 0 0 0 0.718927 0.695085
933.800000000 1.2437 10.6422 0 0 0 0.683289 0.730148
933.900000000 1.26355 10.6399 0 0 0 0.645943 0.763386
934.000000000 1.28308 10.6356 0 0 0 0.606982 0.794715
934.100000000 1.30208 10.6294 0 0 0 0.566504 0.824059
934.200000000 1.32036 10.6213 0 0 0 0.524611 0.851342
934.300000000 1.33775 10.6114 0 0 0 0.481406 0.876498
934.400000000 1.35406 10.5999 0 0 0 0.436997 0.899463
934.500000000 1.36914 10.5868 0 0 0 0.391497 0.920179
934.600000000 1.38284 10.5722 0 0 0 0.345018 0.938596
934.700000000 1.39501 10.5563 0 0 0 0.297676 0.954667
934.800000000 1.40553 10.5393 0 0 0 0.249591 0.968351
934.900000000 1.41431 10.5214 0 0 0 0.200882 0.979616
935.000000000 1.42125 10.5026 0 0 0 0.15167 0.988431
935.100000000 1.4467 10.4944 0 0 0 0.11322 0.99357
935.200000000 1.47144 10.4842 0 0 0 0.0746 0.997214
935.300000000 1.49532 10.4721 0 0 0 0.0358676 0.999357
935.400000000 1.51818 10.4582 0 0 0 -0.0029189 0.999996
935.500000000 1.5399 10.4426 0 0 0 -0.041701 0.99913
935.600000000 1.56034 10.4253 0 0 0 -0.0804203 0.996761
935.700000000 1.57938 10.4065 0 0 0 -0.119019 0.992892
935.800000000 1.59691 10.3863 0 0 0 -0.157438 0.987529
935.900000000 1.61282 10.3648 0 0 0 -0.19562 0.98068
936.000000000 1.67329 10.3328 0 0 0 -0.211179 0.977447
936.100000000 1.7327 10.2989 0 0 0 -0.226685 0.973968
936.200000000 1.79101 10.2631 0 0 0 -0.242134 0.970243
936.300000000 1.84815 10.2255 0 0 0 -0.257521 0.966273
936.400000000 1.90407 10.186 0 0 0 -0.272843 0.962058
936.500000000 1.95871 10.1449 0 0 0 -0.288097 0.957601
936.600000000 2.01201 10.102 0 0 0 -0.303277 0.952902
936.700000000 2.06392 10.0574 0 0 0 -0.318382 0.947963
936.800000000 2.1144 10.0113 0 0 0 -0.333405 0.942784
936.900000000 2.16337 9.96349 0 0 0 -0.348345 0.937366
937.000000000 2.21928 9.91349 0 0 0 -0.351511 0.936184
937.100000000 2.27486 9.86311 0 0 0 -0.354673 0.93499
937.200000000 2.33009 9.81236 0 0 0 -0.357831 0.933786
937.300000000 2.38497 9.76124 0 0 0 -0.360985 0.932572
937.400000000 2.43951 9.70974 0 0 0 -0.364135 0.931346
937.500000000 2.4937 9.65788 0 0 0 -0.367281 0.93011
937.600000000 2.54754 9.60566 0 0 0 -0.370422 0.928863
937.700000000 2.60103 9.55307 0 0 0 -0.37356 0.927606
937.800000000 2.65416 9.50012 0 0 0 -0.376693 0.926338
937.900000000 2.70692 9.44681 0 0 0 -0.379821 0.92506
938.000000000 2.75933 9.39315 0 0 0 -0.382946 0.923771
938.100000000 2.81137 9.33913 0 0 0 -0.386066 0.922471
938.200000000 2.86305 9.28477 0 0 0 -0.389181 0.921161
938.300000000 2.91436 9.23005 0 0 0 -0.392292 0.919841
938.400000000 2.96652 9.17616 0 0 0 -0.391519 0.92017
938.500000000 3.01877 9.12235 0 0 0 -0.390745 0.920499
938.600000000 3.07111 9.06864 0 0 0 -0.389971 0.920827
938.700000000 3.12354 9.01501 0 0 0 -0.389197 0.921154
938.800000000 3.17606 8.96146 0 0 0 -0.388423 0.921481
938.900000000 3.22867 8.90801 0 0 0 -0.387648 0.921807
939.000000000 3.27508 8.86249 0 0 0 -0.384584 0.92309
939.100000000 3.3182 8.82075 0 0 0 -0.381751 0.924265
939.200000000 3.36157 8.77929 0 0 0 -0.378915 0.925431
939.300000000 3.40399 8.73923 0 0 0 -0.376154 0.926557
939.400000000 3.44664 8.69942 0 0 0 -0.37339 0.927674
939.500000000 3.48831 8.661 0 0 0 -0.370702 0.928752
939.600000000 3.52896 8.62395 0 0 0 -0.36809 0.92979
939.700000000 3.56611 8.59047 0 0 0 -0.365713 0.930728
939.800000000 3.60219 8.55829 0 0 0 -0.363413 0.931628
939.900000000 3.63717 8.5274 0 0 0 -0.36119 0.932492
940.000000000 3.67105 8.49777 0 0 0 -0.359044 0.933321
940.100000000 3.7075 8.46602 0 0 0 -0.357029 0.934093
940.200000000 3.74282 8.43551 0 0 0 -0.355081 0.934836
940.300000000 3.77701 8.40624 0 0 0 -0.353202 0.935547
940.400000000 3.81004 8.37818 0 0 0 -0.35139 0.936229
940.500000000 3.84191 8.35133 0 0 0 -0.349648 0.936881
940.600000000 3.87259 8.32566 0 0 0 -0.347973 0.937504
940.700000000 3.90081 8.30224 0 0 0 -0.346438 0.938073
940.800000000 3.93167 8.27678 0 0 0 -0.344761 0.93869
940.900000000 3.96004 8.25355 0 0 0 -0.343224 0.939254
941.000000000 3.98733 8.23163 0 0 0 -0.341258 0.93997
941.100000000 4.01211 8.21189 0 0 0 -0.339479 0.940614
941.200000000 4.03565 8.19328 0 0 0 -0.337792 0.941221
941.300000000 4.06057 8.17373 0 0 0 -0.33601 0.941858
941.400000000 4.08294 8.15633 0 0 0 -0.334415 0.942426
941.500000000 4.10668 8.13797 0 0 0 -0.332724 0.943024
941.600000000 4.12916 8.12072 0 0 0 -0.331127 0.943586
941.700000000 4.14905 8.10557 0 0 0 -0.329717 0.94408
941.800000000 4.17032 8.08946 0 0 0 -0.328212 0.944604
941.900000000 4.18897 8.07543 0 0 0 -0.326894 0.945061
942.000000000 4.20793 8.06181 0 0 0 -0.324527 0.945877
942.100000000 4.2256 8.04924 0 0 0 -0.322326 0.946629
942.200000000 4.24333 8.03676 0 0 0 -0.320124 0.947376
942.300000000 4.25975 8.02531 0 0 0 -0.31809 0.948061
942.400000000 4.2776 8.01298 0 0 0 -0.315884 0.948798
942.500000000 4.29412 8.00168 0 0 0 -0.313847 0.949474
942.600000000 4.31621 7.98671 0 0 0 -0.311128 0.950368
942.700000000 4.337 7.9728 0 0 0 -0.308577 0.951199
942.800000000 4.35787 7.95899 0 0 0 -0.306024 0.952024
942.900000000 4.37741 7.94621 0 0 0 -0.303639 0.952787
943.000000000 4.39702 7.93353 0 0 0 -0.301252 0.953545
943.100000000 4.41529 7.92184 0 0 0 -0.299034 0.954243
943.200000000 4.43361 7.91024 0 0 0 -0.296814 0.954935
943.300000000 4.45057 7.89961 0 0 0 -0.294763 0.95557
943.400000000 4.4385 7.88368 0 0 0 -0.342154 0.939644
943.500000000 4.42489 7.86903 0 0 0 -0.388689 0.921369
943.600000000 4.4099 7.85581 0 0 0 -0.434252 0.900791
943.700000000 4.39365 7.84416 0 0 0 -0.47873 0.877962
943.800000000 4.37633 7.83418 0 0 0 -0.522012 0.852938
943.900000000 4.35809 7.82599 0 0 0 -0.563989 0.825783
944.000000000 4.33913 7.81965 0 0 0 -0.604556 0.796563
944.100000000 4.31963 7.81524 0 0 0 -0.643612 0.765352
944.200000000 4.29979 7.8128 0 0 0 -0.681059 0.732229
944.300000000 4.2798 7.81236 0 0 0 -0.716804 0.697275
944.400000000 4.25987 7.81391 0 0 0 -0.750757 0.660578
944.500000000 4.24019 7.81744 0 0 0 -0.782834 0.62223
944.600000000 4.22097 7.82292 0 0 0 -0.812954 0.582327
944.700000000 4.20238 7.83029 0 0 0 -0.841043 0.540969
944.800000000 4.18463 7.83948 0 0 0 0.867029 -0.498258
944.900000000 4.16788 7.85039 0 0 0 0.890848 -0.454302
945.000000000 4.15231 7.86293 0 0 0 0.91244 -0.40921
945.100000000 4.14079 7.87404 0 0 0 0.92808 -0.372381
945.200000000 4.1302 7.88604 0 0 0 0.942234 -0.334956
945.300000000 4.12061 7.89884 0 0 0 0.954879 -0.296995
945.400000000 4.11207 7.91237 0 0 0 0.965996 -0.258558
945.500000000 4.10463 7.92654 0 0 0 0.975566 -0.219707
945.600000000 4.09836 7.94126 0 0 0 0.983574 -0.180504
945.700000000 4.09328 7.95644 0 0 0 0.990008 -0.141013
945.800000000 4.08943 7.97197 0 0 0 0.994856 -0.101296
945.900000000 4.08683 7.98776 0 0 0 0.998112 -0.0614161
946.000000000 4.08551 8.00371 0 0 0 0.99977 -0.0214383
946.100000000 4.08551 8.00371 0 0 0 0.99977 -0.0214383
946.200000000 4.08551 8.00371 0 0 0 0.99977 -0.0214383
946.300000000 4.08551 8.00371 0 0 0 0.99977 -0.0214383
946.400000000 4.08671 7.98876 0 0 0 0.998264 -0.0589058
946.500000000 4.08903 7.97394 0 0 0 0.995353 -0.0962905
946.600000000 4.09246 7.95934 0 0 0 0.991043 -0.13354
946.700000000 4.09697 7.94504 0 0 0 0.98534 -0.170601
946.800000000 4.10253 7.93111 0 0 0 0.978251 -0.207423
946.900000000 4.10913 7.91765 0 0 0 0.969787 -0.243953
947.000000000 4.11672 7.90471 0 0 0 0.959959 -0.28014
947.100000000 4.12525 7.89238 0 0 0 0.948781 -0.315933
947.200000000 4.13468 7.88072 0 0 0 0.93627 -0.351282
947.300000000 4.14497 7.8698 0 0 0 0.922442 -0.386137
947.400000000 4.15604 7.85969 0 0 0 0.907316 -0.420449
947.500000000 4.16783 7.85043 0 0 0 0.890915 -0.45417
947.600000000 4.18029 7.84208 0 0 0 0.873262 -0.487252
947.700000000 4.19334 7.83469 0 0 0 -0.85438 0.519649
947.800000000 4.2069 7.8283 0 0 0 -0.834297 0.551315
947.900000000 4.22091 7.82294 0 0 0 -0.813041 0.582206
948.000000000 4.23528 7.81864 0 0 0 -0.790642 0.612279
948.100000000 4.24993 7.81544 0 0 0 -0.767131 0.641491
948.200000000 4.26478 7.81334 0 0 0 -0.742541 0.6698
948.300000000 4.27974 7.81236 0 0 0 -0.716908 0.697168
948.400000000 4.29474 7.8125 0 0 0 -0.690266 0.723556
948.500000000 4.30968 7.81377 0 0 0 -0.662654 0.748926
948.600000000 4.32449 7.81615 0 0 0 -0.63411 0.773243
948.700000000 4.33907 7.81964 0 0 0 -0.604674 0.796473
948.800000000 4.35336 7.82421 0 0 0 -0.574388 0.818583
948.900000000 4.36726 7.82983 0 0 0 -0.543295 0.839542
949.000000000 4.38525 7.81681 0 0 0 -0.519815 0.854279
949.100000000 4.40394 7.80481 0 0 0 -0.495937 0.868359
949.200000000 4.42327 7.79386 0 0 0 -0.471677 0.881771
949.300000000 4.44317 7.784 0 0 0 -0.447055 0.894506
949.400000000 4.46359 7.77526 0 0 0 -0.42209 0.906554
949.500000000 4.48447 7.76766 0 0 0 -0.3968 0.917905
949.600000000 4.50573 7.76123 0 0 0 -0.371205 0.928551
949.700000000 4.52731 7.75599 0 0 0 -0.345325 0.938483
949.800000000 4.54915 7.75195 0 0 0 -0.319179 0.947694
949.900000000 4.57119 7.74913 0 0 0 -0.292788 0.956177
950.000000000 4.59334 7.74753 0 0 0 -0.266173 0.963925
950.100000000 4.62616 7.73683 0 0 0 -0.247682 0.968841
950.200000000 4.65936 7.72739 0 0 0 -0.229101 0.973403
950.300000000 4.69289 7.71923 0 0 0 -0.210436 0.977608
950.400000000 4.72672 7.71235 0 0 0 -0.191693 0.981455
950.500000000 4.76078 7.70678 0 0 0 -0.172881 0.984943
950.600000000 4.79504 7.70251 0 0 0 -0.154005 0.98807
950.700000000 4.82943 7.69955 0 0 0 -0.135073 0.990836
950.800000000 4.8639 7.69791 0 0 0 -0.116092 0.993238
950.900000000 4.89842 7.6976 0 0 0 -0.0970679 0.995278
951.000000000 4.93292 7.6986 0 0 0 -0.0780084 0.996953
951.100000000 4.96736 7.70092 0 0 0 -0.0589203 0.998263
951.200000000 5.00168 7.70456 0 0 0 -0.0398107 0.999207
951.300000000 5.03584 7.70951 0 0 0 -0.0206864 0.999786
951.400000000 5.03596 7.72251 0 0 0 0.0118118 0.99993
951.500000000 5.03523 7.73549 0 0 0 0.0442976 0.999018
951.600000000 5.03366 7.74839 0 0 0 0.0767366 0.997051
951.700000000 5.03125 7.76116 0 0 0 0.109095 0.994031
951.800000000 5.02802 7.77375 0 0 0 0.141337 0.989962
951.900000000 5.02398 7.78611 0 0 0 0.173431 0.984846
952.000000000 5.01915 7.79817 0 0 0 0.205341 0.97869
952.100000000 5.02096 7.79392 0 0 0 0.194022 0.980997
952.200000000 5.02267 7.78963 0 0 0 0.182677 0.983173
952.300000000 5.02428 7.7853 0 0 0 0.171307 0.985218
952.400000000 5.02579 7.78093 0 0 0 0.159915 0.987131
952.500000000 5.02719 7.77653 0 0 0 0.148501 0.988912
952.600000000 5.0285 7.7721 0 0 0 0.137068 0.990562
952.700000000 5.0297 7.76763 0 0 0 0.125616 0.992079
952.800000000 5.0308 7.76315 0 0 0 0.114148 0.993464
952.900000000 5.0318 7.75863 0 0 0 0.102664 0.994716
953.000000000 5.03269 7.7541 0 0 0 0.0911663 0.995836
953.100000000 5.0331 7.7518 0 0 0 0.0853527 0.996351
953.200000000 5.03349 7.7495 0 0 0 0.0795362 0.996832
953.300000000 5.03384 7.74719 0 0 0 0.073717 0.997279
953.400000000 5.03417 7.74488 0 0 0 0.0678953 0.997692
953.500000000 5.03447 7.74257 0 0 0 0.0620713 0.998072
953.600000000 5.03475 7.74025 0 0 0 0.0562452 0.998417
953.700000000 5.035 7.73793 0 0 0 0.0504171 0.998728
953.800000000 5.03522 7.7356 0 0 0 0.0445873 0.999005
953.900000000 5.03541 7.73328 0 0 0 0.038756 0.999249
954.000000000 5.03541 7.73328 0 0 0 0.038756 0.999249
954.100000000 5.03541 7.73328 0 0 0 0.038756 0.999249
954.200000000 5.03541 7.73328 0 0 0 0.038756 0.999249
954.300000000 5.03541 7.73328 0 0 0 0.038756 0.999249
954.400000000 5.03596 7.71329 0 0 0 -0.011234 0.999937
954.500000000 5.03452 7.69335 0 0 0 -0.061196 0.998126
954.600000000 5.03109 7.67366 0 0 0 -0.111005 0.99382
954.700000000 5.02571 7.6544 0 0 0 -0.160537 0.98703
954.800000000 5.01843 7.63578 0 0 0 -0.209667 0.977773
954.900000000 5.00933 7.61798 0 0 0 -0.258273 0.966072
955.000000000 4.9985 7.60118 0 0 0 -0.306234 0.951956
955.100000000 4.98605 7.58554 0 0 0 -0.353429 0.935461
955.200000000 4.9721 7.57122 0 0 0 -0.399741 0.916628
955.300000000 4.95679 7.55837 0 0 0 -0.445054 0.895504
955.400000000 4.94027 7.54711 0 0 0 -0.489254 0.872141
955.500000000 4.92271 7.53755 0 0 0 -0.532232 0.846599
955.600000000 4.90428 7.5298 0 0 0 -0.573879 0.81894
955.700000000 4.88517 7.52392 0 0 0 -0.614091 0.789235
955.800000000 4.86557 7.51998 0 0 0 -0.652769 0.757557
955.900000000 4.84568 7.51802 0 0 0 -0.689816 0.723985
956.000000000 4.82569 7.51805 0 0 0 -0.725138 0.688604
956.100000000 4.81087 7.48461 0 0 0 -0.747267 0.664524
956.200000000 4.79389 7.45221 0 0 0 -0.768598 0.639733
956.300000000 4.77484 7.42099 0 0 0 -0.789106 0.614257
956.400000000 4.75378 7.39108 0 0 0 -0.80877 0.588125
956.500000000 4.73082 7.36262 0 0 0 -0.827569 0.561364
956.600000000 4.70604 7.33571 0 0 0 -0.845483 0.534002
956.700000000 4.67956 7.31048 0 0 0 -0.862493 0.506069
956.800000000 4.65148 7.28704 0 0 0 0.87858 -0.477595
956.900000000 4.62193 7.26548 0 0 0 0.893728 -0.44861
957.000000000 4.59104 7.2459 0 0 0 0.907919 -0.419145
957.100000000 4.54608 7.20544 0 0 0 0.916097 -0.400956
957.200000000 4.49954 7.16681 0 0 0 0.923911 -0.382607
957.300000000 4.4515 7.13006 0 0 0 0.931357 -0.364106
957.400000000 4.40204 7.09526 0 0 0 0.938433 -0.34546
957.500000000 4.35122 7.06246 0 0 0 0.945136 -0.326677
957.600000000 4.29914 7.03171 0 0 0 0.951463 -0.307764
957.700000000 4.24587 7.00306 0 0 0 0.957411 -0.288729
957.800000000 4.19151 6.97656 0 0 0 0.962978 -0.269579
957.900000000 4.13613 6.95225 0 0 0 0.968163 -0.250321
958.000000000 4.06959 6.91761 0 0 0 0.969376 -0.245582
958.100000000 4.00271 6.88363 0 0 0 0.970566 -0.240837
958.200000000 3.9355 6.8503 0 0 0 0.971732 -0.236086
958.300000000 3.86797 6.81763 0 0 0 0.972876 -0.231329
958.400000000 3.80013 6.78562 0 0 0 0.973996 -0.226567
958.500000000 3.73197 6.75428 0 0 0 0.975092 -0.221799
958.600000000 3.66351 6.72361 0 0 0 0.976166 -0.217026
958.700000000 3.59476 6.69361 0 0 0 0.977216 -0.212248
958.800000000 3.52571 6.66428 0 0 0 0.978242 -0.207465
958.900000000 3.45638 6.63563 0 0 0 0.979246 -0.202677
959.000000000 3.38678 6.60766 0 0 0 0.980225 -0.197884
959.100000000 3.3169 6.58037 0 0 0 0.981182 -0.193086
959.200000000 3.24676 6.55377 0 0 0 0.982115 -0.188284
959.300000000 3.17636 6.52785 0 0 0 0.983024 -0.183477
959.400000000 3.10572 6.50263 0 0 0 0.98391 -0.178666
959.500000000 3.03526 6.47691 0 0 0 0.984219 -0.176954
959.600000000 2.96472 6.45144 0 0 0 0.984525 -0.175242
959.700000000 2.89408 6.42621 0 0 0 0.984829 -0.173529
959.800000000 2.82337 6.40123 0 0 0 0.985129 -0.171816
959.900000000 2.75256 6.3765 0 0 0 0.985426 -0.170102
960.000000000 2.68167 6.35201 0 0 0 0.985721 -0.168388
960.100000000 2.68924 6.33351 0 0 0 0.976073 -0.217443
960.200000000 2.69862 6.31585 0 0 0 0.963986 -0.265955
960.300000000 2.70971 6.29922 0 0 0 0.949489 -0.313802
960.400000000 2.72241 6.28378 0 0 0 0.932618 -0.360864
960.500000000 2.73659 6.26969 0 0 0 0.913417 -0.407025
960.600000000 2.75211 6.25708 0 0 0 0.891933 -0.452168
960.700000000 2.7688 6.24609 0 0 0 0.868219 -0.496181
960.800000000 2.78651 6.23681 0 0 0 -0.842336 0.538953
960.900000000 2.80506 6.22935 0 0 0 -0.814346 0.580379
961.000000000 2.82426 6.22378 0 0 0 -0.784322 0.620354
961.100000000 2.84392 6.22015 0 0 0 -0.752337 0.658779
961.200000000 2.86384 6.21851 0 0 0 -0.718471 0.695557
961.300000000 2.88383 6.21886 0 0 0 -0.68281 0.730596
961.400000000 2.90369 6.22121 0 0 0 -0.645442 0.763809
961.500000000 2.92321 6.22552 0 0 0 -0.606461 0.795113
961.600000000 2.9422 6.23177 0 0 0 -0.565964 0.82443
961.700000000 2.96047 6.23987 0 0 0 -0.524052 0.851686
961.800000000 2.97785 6.24976 0 0 0 -0.480831 0.876813
961.900000000 2.99414 6.26134 0 0 0 -0.436408 0.899749
962.000000000 3.00921 6.27449 0 0 0 -0.390894 0.920436
962.100000000 3.0119 6.27713 0 0 0 -0.382194 0.924082
962.200000000 3.01454 6.27983 0 0 0 -0.373461 0.927646
962.300000000 3.01712 6.28257 0 0 0 -0.364694 0.931127
962.400000000 3.01966 6.28537 0 0 0 -0.355895 0.934526
962.500000000 3.02214 6.28821 0 0 0 -0.347064 0.937841
962.600000000 3.02457 6.29109 0 0 0 -0.338203 0.941073
962.700000000 3.02695 6.29403 0 0 0 -0.329311 0.944221
962.800000000 3.02927 6.297 0 0 0 -0.32039 0.947286
962.900000000 3.03153 6.30002 0 0 0 -0.311441 0.950266
963.000000000 3.03373 6.30309 0 0 0 -0.302463 0.953161
963.100000000 3.03182 6.30043 0 0 0 -0.310245 0.950657
963.200000000 3.02987 6.2978 0 0 0 -0.318006 0.948089
963.300000000 3.02788 6.29521 0 0 0 -0.325746 0.945457
963.400000000 3.02585 6.29265 0 0 0 -0.333464 0.942763
963.500000000 3.02377 6.29013 0 0 0 -0.34116 0.940005
963.600000000 3.02165 6.28764 0 0 0 -0.348833 0.937185
963.700000000 3.01949 6.28518 0 0 0 -0.356483 0.934302
963.800000000 3.0173 6.28276 0 0 0 -0.364109 0.931356
963.900000000 3.01506 6.28037 0 0 0 -0.37171 0.928349
964.000000000 3.01278 6.27803 0 0 0 -0.379287 0.925279
964.100000000 3.01047 6.27572 0 0 0 -0.386838 0.922148
964.200000000 3.00812 6.27344 0 0 0 -0.394364 0.918954
964.300000000 3.00573 6.27121 0 0 0 -0.401863 0.9157
964.400000000 3.00573 6.27121 0 0 0 -0.401863 0.9157
964.500000000 3.00573 6.27121 0 0 0 -0.401863 0.9157
964.600000000 3.00573 6.27121 0 0 0 -0.401863 0.9157
964.700000000 3.00573 6.27121 0 0 0 -0.401863 0.9157
964.800000000 3.00573 6.27121 0 0 0 -0.401863 0.9157
964.900000000 3.00573 6.27121 0 0 0 -0.401863 0.9157
965.000000000 3.00573 6.27121 0 0 0 -0.401863 0.9157
965.100000000 3.00573 6.27121 0 0 0 -0.401863 0.9157
965.200000000 3.00573 6.27121 0 0 0 -0.401863 0.9157
965.300000000 3.00573 6.27121 0 0 0 -0.401863 0.9157
965.400000000 3.00573 6.27121 0 0 0 -0.401863 0.9157
965.500000000 3.00573 6.27121 0 0 0 -0.401863 0.9157
965.600000000 3.00573 6.27121 0 0 0 -0.401863 0.9157
965.700000000 3.00573 6.27121 0 0 0 -0.401863 0.9157
965.800000000 3.00573 6.27121 0 0 0 -0.401863 0.9157
965.900000000 3.00573 6.27121 0 0 0 -0.401863 0.9157
966.000000000 3.00573 6.27121 0 0 0 -0.401863 0.9157
966.100000000 3.00573 6.27121 0 0 0 -0.401863 0.9157
966.200000000 3.00573 6.27121 0 0 0 -0.401863 0.9157
966.300000000 3.00573 6.27121 0 0 0 -0.401863 0.9157
966.400000000 3.00573 6.27121 0 0 0 -0.401863 0.9157
966.500000000 3.00573 6.27121 0 0 0 -0.401863 0.9157
966.600000000 3.00573 6.27121 0 0 0 -0.401863 0.9157
966.700000000 3.00573 6.27121 0 0 0 -0.401863 0.9157
966.800000000 3.00573 6.27121 0 0 0 -0.401863 0.9157
966.900000000 3.00573 6.27121 0 0 0 -0.401863 0.9157
967.000000000 3.00573 6.27121 0 0 0 -0.401863 0.9157
967.100000000 3.00573 6.27121 0 0 0 -0.401863 0.9157
967.200000000 3.00573 6.27121 0 0 0 -0.401863 0.9157
967.300000000 3.00573 6.27121 0 0 0 -0.401863 0.9157
967.400000000 3.00573 6.27121 0 0 0 -0.401863 0.9157
967.500000000 3.00573 6.27121 0 0 0 -0.401863 0.9157
967.600000000 3.00573 6.27121 0 0 0 -0.401863 0.9157
967.700000000 3.00573 6.27121 0 0 0 -0.401863 0.9157
967.800000000 3.00573 6.27121 0 0 0 -0.401863 0.9157
967.900000000 3.00573 6.27121 0 0 0 -0.401863 0.9157
968.000000000 3.00573 6.27121 0 0 0 -0.401863 0.9157
968.100000000 3.00573 6.27121 0 0 0 -0.401863 0.9157
968.200000000 3.00573 6.27121 0 0 0 -0.401863 0.9157
968.300000000 3.00573 6.27121 0 0 0 -0.401863 0.9157
968.400000000 3.00573 6.27121 0 0 0 -0.401863 0.9157
968.500000000 3.00573 6.27121 0 0 0 -0.401863 0.9157
968.600000000 3.00573 6.27121 0 0 0 -0.401863 0.9157
968.700000000 3.00573 6.27121 0 0 0 -0.401863 0.9157
968.800000000 3.00573 6.27121 0 0 0 -0.401863 0.9157
968.900000000 3.00573 6.27121 0 0 0 -0.401863 0.9157
969.000000000 3.00573 6.27121 0 0 0 -0.401863 0.9157
969.100000000 3.00573 6.27121 0 0 0 -0.401863 0.9157
969.200000000 3.00573 6.27121 0 0 0 -0.401863 0.9157
969.300000000 3.00573 6.27121 0 0 0 -0.401863 0.9157
969.400000000 3.00573 6.27121 0 0 0 -0.401863 0.9157
969.500000000 3.00573 6.27121 0 0 0 -0.401863 0.9157
969.600000000 3.00573 6.27121 0 0 0 -0.401863 0.9157
969.700000000 3.00573 6.27121 0 0 0 -0.401863 0.9157
969.800000000 3.00573 6.27121 0 0 0 -0.401863 0.9157
969.900000000 3.00573 6.27121 0 0 0 -0.401863 0.9157
970.000000000 3.00573 6.27121 0 0 0 -0.401863 0.9157
970.100000000 3.00573 6.27121 0 0 0 -0.401863 0.9157
970.200000000 3.00573 6.27121 0 0 0 -0.401863 0.9157
970.300000000 3.00573 6.27121 0 0 0 -0.401863 0.9157
970.400000000 3.00573 6.27121 0 0 0 -0.401863 0.9157
970.500000000 3.00573 6.27121 0 0 0 -0.401863 0.9157
970.600000000 3.00573 6.27121 0 0 0 -0.401863 0.9157
970.700000000 3.00573 6.27121 0 0 0 -0.401863 0.9157
970.800000000 3.00573 6.27121 0 0 0 -0.401863 0.9157
970.900000000 3.00573 6.27121 0 0 0 -0.401863 0.9157
971.000000000 3.00573 6.27121 0 0 0 -0.401863 0.9157
971.100000000 3.00573 6.27121 0 0 0 -0.401863 0.9157
971.200000000 3.00573 6.27121 0 0 0 -0.401863 0.9157
971.300000000 3.00573 6.27121 0 0 0 -0.401863 0.9157
971.400000000 3.00573 6.27121 0 0 0 -0.401863 0.9157
971.500000000 3.00573 6.27121 0 0 0 -0.401863 0.9157
971.600000000 3.00573 6.27121 0 0 0 -0.401863 0.9157
971.700000000 3.00573 6.27121 0 0 0 -0.401863 0.9157
971.800000000 3.00573 6.27121 0 0 0 -0.401863 0.9157
971.900000000 3.00573 6.27121 0 0 0 -0.401863 0.9157
972.000000000 3.00573 6.27121 0 0 0 -0.401863 0.9157
972.100000000 3.00573 6.27121 0 0 0 -0.401863 0.9157
972.200000000 3.00573 6.27121 0 0 0 -0.401863 0.9157
972.300000000 3.00573 6.27121 0 0 0 -0.401863 0.9157
972.400000000 3.00573 6.27121 0 0 0 -0.401863 0.9157
972.500000000 3.00573 6.27121 0 0 0 -0.401863 0.9157
972.600000000 3.00573 6.27121 0 0 0 -0.401863 0.9157
972.700000000 3.00573 6.27121 0 0 0 -0.401863 0.9157
972.800000000 3.00573 6.27121 0 0 0 -0.401863 0.9157
972.900000000 3.00573 6.27121 0 0 0 -0.401863 0.9157
973.000000000 3.00573 6.27121 0 0 0 -0.401863 0.9157
973.100000000 3.00573 6.27121 0 0 0 -0.401863 0.9157
973.200000000 3.00573 6.27121 0 0 0 -0.401863 0.9157
973.300000000 3.00573 6.27121 0 0 0 -0.401863 0.9157
973.400000000 3.00573 6.27121 0 0 0 -0.401863 0.9157
