0.100000000 0.2 0 0 0 0 0 1
13.200000000 1.17494 -0.00151775 0 0 0 0.000246898 1
14.600000000 2.23019 -0.0014583 0 0 0 8.32205e-05 1
15.900000000 3.20142 -0.0133943 0 0 0 -0.0185146 0.999829
16.700000000 3.22731 -0.14709 0 0 0 -0.362799 0.931867
17.300000000 3.13483 -0.198658 0 0 0 -0.622089 0.782947
17.900000000 3.00796 -0.191667 0 0 0 -0.825696 0.564115
18.500000000 2.93576 -0.118502 0 0 0 -0.95553 0.294893
19.100000000 2.90155 -0.0162841 0 0 0 1 0.000668335
19.700000000 2.91709 0.0961231 0 0 0 0.95513 0.296188
20.300000000 3.01006 0.168376 0 0 0 0.824923 0.565245
20.900000000 3.12821 0.176766 0 0 0 0.621009 0.783803
21.500000000 3.22025 0.116995 0 0 0 0.36161 0.932329
22.100000000 3.28017 0.0222491 0 0 0 0.0700705 0.997542
22.700000000 3.2609 -0.115802 0 0 0 -0.227229 0.973841
26.000000000 3.31611 -0.325483 0 0 0 -0.544515 0.838751
26.600000000 3.21845 -0.429544 0 0 0 -0.736452 0.67649
27.500000000 2.9792 -0.784662 0 0 0 -0.878235 0.47823
28.900000000 2.28617 -1.48991 0 0 0 -0.929612 0.368541
30.500000000 1.4756 -2.21008 0 0 0 -0.938061 0.34647
31.900000000 0.635073 -2.7158 0 0 0 -0.976151 0.217092
33.300000000 -0.236274 -3.12279 0 0 0 -0.963452 0.26788
34.600000000 -0.95799 -3.76455 0 0 0 -0.923688 0.383145
35.900000000 -1.65927 -4.45052 0 0 0 -0.927445 0.373961
37.300000000 -2.48551 -5.02649 0 0 0 -0.973157 0.23014
38.700000000 -3.31463 -5.18613 0 0 0 0.999241 0.0389592
39.300000000 -3.2909 -5.09386 0 0 0 0.944629 0.32814
40.000000000 -3.30045 -5.10035 0 0 0 0.775123 0.631811
40.600000000 -3.17223 -5.11203 0 0 0 0.557626 0.830092
41.100000000 -3.10591 -5.14918 0 0 0 0.338242 0.941059
41.800000000 -3.06281 -5.21195 0 0 0 -0.000853118 1
42.400000000 -2.86124 -5.29838 0 0 0 -0.228365 0.973576
43.900000000 -2.18092 -6.01632 0 0 0 -0.408463 0.912775
45.100000000 -1.55648 -6.68045 0 0 0 -0.396212 0.918159
46.500000000 -0.813684 -7.42823 0 0 0 -0.382243 0.924062
47.800000000 -0.117221 -8.11968 0 0 0 -0.3822 0.92408
49.100000000 0.573065 -8.8095 0 0 0 -0.382234 0.924066
50.300000000 1.01788 -9.02378 0 0 0 -0.087378 0.996175
50.900000000 1.14799 -8.95745 0 0 0 0.144894 0.989447
52.400000000 1.89761 -8.32006 0 0 0 0.355815 0.934557
53.700000000 2.57647 -7.61908 0 0 0 0.387982 0.921667
55.100000000 3.31652 -6.86866 0 0 0 0.383624 0.923489
56.500000000 4.05934 -6.11904 0 0 0 0.381482 0.924376
57.800000000 4.74538 -5.43908 0 0 0 0.381665 0.924301
59.100000000 5.43783 -4.75784 0 0 0 0.381352 0.92443
60.400000000 6.12697 -4.0647 0 0 0 0.381431 0.924397
61.700000000 6.82535 -3.37361 0 0 0 0.381692 0.92429
63.000000000 7.52533 -2.6929 0 0 0 0.381835 0.924231
64.200000000 8.15903 -2.0611 0 0 0 0.381854 0.924223
65.600000000 8.90227 -1.32121 0 0 0 0.381818 0.924238
66.900000000 9.55901 -0.572629 0 0 0 0.421886 0.906649
68.400000000 10.2847 0.0502168 0 0 0 0.238905 0.971043
70.000000000 11.2323 0.292519 0 0 0 0.184392 0.982853
71.400000000 11.995 0.888873 0 0 0 0.363849 0.931458
72.700000000 12.6717 1.54792 0 0 0 0.397831 0.917459
73.900000000 13.2992 2.20415 0 0 0 0.355335 0.934739
75.400000000 14.2684 2.71406 0 0 0 0.168746 0.98566
76.800000000 15.2747 2.78994 0 0 0 -0.0212335 0.999775
78.100000000 16.1406 2.52734 0 0 0 -0.201417 0.979506
79.300000000 16.5523 2.49454 0 0 0 0.131219 0.991353
79.900000000 16.4878 2.59268 0 0 0 0.418332 0.908294
80.600000000 16.4017 2.70482 0 0 0 0.680011 0.733202
81.400000000 16.2181 2.88522 0 0 0 0.863537 0.504285
82.900000000 15.468 3.58835 0 0 0 0.936767 0.349954
84.100000000 14.8194 4.23743 0 0 0 0.927136 0.374724
85.500000000 14.0869 4.96472 0 0 0 0.920603 0.390499
86.800000000 13.3929 5.65959 0 0 0 0.924417 0.381383
88.100000000 12.7038 6.35081 0 0 0 0.92554 0.378651
89.500000000 12.0062 7.12192 0 0 0 0.908643 0.417574
90.800000000 11.3762 7.88777 0 0 0 0.892905 0.450246
92.200000000 10.8277 8.78853 0 0 0 0.853968 0.520326
93.500000000 10.3854 9.65428 0 0 0 0.849939 0.526881
94.900000000 9.98476 10.5905 0 0 0 0.792342 0.610078
96.100000000 9.97148 11.5203 0 0 0 0.711745 0.702438
97.100000000 10.0698 11.8457 0 0 0 0.461187 0.887303
97.700000000 10.1505 11.775 0 0 0 0.183149 0.983085
98.300000000 10.1666 11.6556 0 0 0 -0.11075 0.993848
98.900000000 10.1182 11.5544 0 0 0 -0.39529 0.918556
99.500000000 10.0222 11.4988 0 0 0 -0.645649 0.763634
100.100000000 9.88543 11.4855 0 0 0 -0.833317 0.552795
101.300000000 9.40891 11.0084 0 0 0 -0.947976 0.31834
102.700000000 8.53793 10.451 0 0 0 -0.953283 0.302077
104.100000000 8.18905 10.025 0 0 0 -0.81565 0.578546
104.700000000 8.30706 10.0198 0 0 0 -0.60767 0.79419
105.300000000 8.41648 10.1009 0 0 0 -0.346568 0.938025
105.900000000 8.46474 10.1995 0 0 0 -0.0541353 0.998534
106.500000000 8.43234 10.3219 0 0 0 0.242859 0.970061
107.200000000 8.34019 10.4182 0 0 0 0.552613 0.833438
107.900000000 8.27695 10.5763 0 0 0 0.758384 0.651808
108.800000000 8.02858 10.9558 0 0 0 0.883452 0.468521
110.300000000 7.33518 11.7176 0 0 0 0.887206 0.461374
111.800000000 6.99559 12.6964 0 0 0 0.756834 0.653607
113.100000000 7.07064 13.6643 0 0 0 0.672146 0.740418
114.800000000 6.96142 14.4725 0 0 0 0.878847 0.477104
115.400000000 6.86733 14.4317 0 0 0 0.974635 0.223801
116.000000000 6.84337 14.3017 0 0 0 -0.997352 0.0727246
116.600000000 6.89639 14.2269 0 0 0 -0.930677 0.365843
117.200000000 6.99714 14.167 0 0 0 -0.781086 0.624424
117.800000000 7.12074 14.1741 0 0 0 -0.561791 0.827279
118.400000000 7.20954 14.2454 0 0 0 -0.292218 0.956352
119.000000000 7.23855 14.3601 0 0 0 0.00266029 0.999996
120.000000000 7.57237 14.5873 0 0 0 0.307457 0.951562
121.300000000 8.17501 15.3136 0 0 0 0.443275 0.896386
122.700000000 8.85219 16.0987 0 0 0 0.399207 0.916861
123.900000000 9.4843 16.7371 0 0 0 0.37993 0.925015
125.200000000 10.1797 17.4253 0 0 0 0.379799 0.925069
126.500000000 10.8771 18.1158 0 0 0 0.37981 0.925064
127.900000000 11.6214 18.8488 0 0 0 0.379799 0.925069
129.200000000 12.3136 19.5336 0 0 0 0.379784 0.925075
130.600000000 13.0625 20.2729 0 0 0 0.379767 0.925082
131.900000000 13.7473 20.966 0 0 0 0.389282 0.921119
133.100000000 14.3482 21.6392 0 0 0 0.421255 0.906942
134.600000000 14.8345 22.5619 0 0 0 0.586329 0.810073
136.500000000 15.1962 23.2781 0 0 0 0.292828 0.956165
137.300000000 15.4525 23.2815 0 0 0 0.0708712 0.997485
139.100000000 16.4268 23.6377 0 0 0 0.211379 0.977404
140.500000000 17.355 23.9142 0 0 0 0.10129 0.994857
142.000000000 18.229 23.8663 0 0 0 -0.185352 0.982672
142.700000000 18.1674 23.7442 0 0 0 -0.49746 0.867487
143.300000000 18.0705 23.7171 0 0 0 -0.72604 0.687652
144.000000000 17.9355 23.7385 0 0 0 -0.913691 0.406409
144.600000000 17.847 23.7963 0 0 0 -0.990035 0.140819
145.100000000 17.8364 23.8921 0 0 0 0.994626 0.103532
146.900000000 16.788 24.0493 0 0 0 -0.999821 0.0189088
148.200000000 15.8501 23.8407 0 0 0 -0.989603 0.143824
149.500000000 14.9025 23.633 0 0 0 -0.996139 0.0877912
150.800000000 13.9301 23.5413 0 0 0 -0.999954 0.00962815
152.000000000 13.0285 23.585 0 0 0 0.999283 0.0378497
153.400000000 11.9765 23.619 0 0 0 -0.999986 0.00532794
154.800000000 10.9326 23.602 0 0 0 -0.999999 0.001288
156.100000000 9.94998 23.6139 0 0 0 0.999996 0.00295068
157.500000000 8.90611 23.6206 0 0 0 0.999996 0.00283616
158.800000000 7.93239 23.5983 0 0 0 -0.999451 0.0331171
160.000000000 7.04146 23.4276 0 0 0 -0.990122 0.140208
161.500000000 6.24266 22.8579 0 0 0 -0.923106 0.384545
163.000000000 5.77378 21.926 0 0 0 -0.814287 0.580462
164.600000000 5.40326 21.0067 0 0 0 -0.871892 0.489698
166.100000000 4.6512 20.2261 0 0 0 -0.927341 0.374217
167.400000000 3.9487 19.549 0 0 0 -0.926383 0.376583
168.800000000 3.20584 18.8076 0 0 0 -0.924347 0.381553
170.100000000 2.51316 18.1201 0 0 0 -0.924377 0.38148
171.500000000 1.77107 17.382 0 0 0 -0.924399 0.381426
172.900000000 1.02453 16.6395 0 0 0 -0.924409 0.381403
174.200000000 0.361278 15.9363 0 0 0 -0.91323 0.407445
175.600000000 -0.263043 15.1776 0 0 0 -0.901748 0.432262
178.900000000 -0.765971 14.4134 0 0 0 -0.874088 0.485767
183.600000000 -1.26528 13.6015 0 0 0 -0.868492 0.495704
188.200000000 -1.82419 12.7815 0 0 0 -0.888826 0.458245
192.500000000 -2.43311 11.9676 0 0 0 -0.901999 0.431737
193.700000000 -3.04683 11.2988 0 0 0 -0.936706 0.350117
195.200000000 -3.97517 10.8611 0 0 0 -0.99129 0.131695
196.700000000 -4.97868 10.9214 0 0 0 0.993697 0.112099
198.100000000 -5.79769 11.4018 0 0 0 0.944329 0.329003
199.400000000 -6.4268 12.1497 0 0 0 0.882984 0.469403
200.200000000 -6.3677 12.2996 0 0 0 0.681982 0.731369
200.900000000 -6.25606 12.2558 0 0 0 0.395 0.918681
201.500000000 -6.13481 12.1877 0 0 0 0.1366 0.990626
202.200000000 -6.0451 12.0705 0 0 0 -0.158101 0.987423
203.800000000 -5.24503 11.4424 0 0 0 -0.319115 0.947716
205.100000000 -4.35139 10.9686 0 0 0 -0.165326 0.986239
206.600000000 -3.39481 10.9333 0 0 0 0.0269364 0.999637
208.000000000 -2.37971 11.3019 0 0 0 0.241513 0.970398
209.200000000 -1.72826 11.8985 0 0 0 0.38037 0.924834
210.600000000 -1.01187 12.6491 0 0 0 0.397731 0.917502
211.800000000 -0.38123 13.2934 0 0 0 0.383948 0.923355
213.100000000 0.314715 13.9851 0 0 0 0.382796 0.923833
214.500000000 1.02216 14.7483 0 0 0 0.406749 0.91354
215.800000000 1.59422 15.5444 0 0 0 0.494511 0.869171
217.100000000 1.90372 16.436 0 0 0 0.629162 0.777275
218.400000000 1.91252 17.3998 0 0 0 0.732532 0.680733
219.800000000 1.75913 18.4388 0 0 0 0.755941 0.65464
221.100000000 1.71214 19.4084 0 0 0 0.711659 0.702525
222.400000000 1.69808 20.3901 0 0 0 0.702255 0.711926
223.700000000 1.72578 21.3609 0 0 0 0.670579 0.741838
225.200000000 1.68963 21.9697 0 0 0 0.861508 0.507744
225.900000000 1.54355 21.9582 0 0 0 0.973497 0.228702
228.100000000 0.662983 22.3355 0 0 0 0.943229 0.332143
230.400000000 0.113767 22.9871 0 0 0 0.770218 0.63778
230.900000000 0.209452 23.01 0 0 0 0.600714 0.799464
231.700000000 0.375214 23.0298 0 0 0 0.294014 0.955801
232.300000000 0.512707 22.9422 0 0 0 0.0539868 0.998542
233.400000000 0.982197 22.7413 0 0 0 -0.235681 0.971831
234.900000000 1.60371 22.0491 0 0 0 -0.491776 0.870722
236.400000000 1.80446 21.1199 0 0 0 -0.674134 0.738609
237.900000000 1.60187 20.1828 0 0 0 -0.832193 0.554485
239.400000000 0.934577 19.3648 0 0 0 -0.921266 0.388934
240.600000000 0.35093 18.6775 0 0 0 -0.899252 0.437432
242.000000000 -0.211727 17.799 0 0 0 -0.867098 0.498138
243.400000000 -0.620994 16.9657 0 0 0 -0.839775 0.542935
245.000000000 -0.89075 16.0395 0 0 0 -0.775035 0.631918
246.800000000 -0.983237 15.0145 0 0 0 -0.726024 0.68767
248.800000000 -1.04211 14.0283 0 0 0 -0.756352 0.654165
251.100000000 -1.41144 13.1081 0 0 0 -0.862466 0.506116
255.500000000 -2.00115 12.3097 0 0 0 -0.900787 0.434261
257.300000000 -2.67365 11.5193 0 0 0 -0.934997 0.354657
258.700000000 -3.57219 11.0638 0 0 0 -0.98302 0.183499
260.100000000 -4.53291 10.9722 0 0 0 0.999592 0.0285476
261.600000000 -5.51321 11.3179 0 0 0 0.968737 0.248089
263.000000000 -6.23427 12.0204 0 0 0 0.90041 0.435042
264.300000000 -6.57312 12.8522 0 0 0 0.796812 0.604227
265.900000000 -6.54207 13.7992 0 0 0 0.571062 0.820907
267.400000000 -5.95615 14.5381 0 0 0 0.478782 0.877934
268.800000000 -5.47973 15.4642 0 0 0 0.545404 0.838173
270.000000000 -5.17275 16.3139 0 0 0 0.595981 0.802998
271.400000000 -4.98917 17.3508 0 0 0 0.657872 0.75313
272.700000000 -4.94031 18.3233 0 0 0 0.698261 0.715843
274.000000000 -4.934 19.307 0 0 0 0.713043 0.701121
275.200000000 -5.08772 20.2017 0 0 0 0.793453 0.608632
276.700000000 -5.5802 21.179 0 0 0 0.86518 0.501462
278.100000000 -6.02672 21.7277 0 0 0 0.965008 0.262222
278.800000000 -6.04373 21.5926 0 0 0 -0.996365 0.085187
279.400000000 -6.00012 21.4772 0 0 0 -0.927344 0.37421
280.000000000 -5.8966 21.4302 0 0 0 -0.774235 0.632898
280.700000000 -5.79485 21.2296 0 0 0 -0.596831 0.802367
281.600000000 -5.52616 21.0138 0 0 0 -0.345707 0.938343
282.400000000 -5.33794 21.0206 0 0 0 -0.0418252 0.999125
283.000000000 -5.36331 21.1361 0 0 0 0.255304 0.966861
283.500000000 -5.42944 21.2171 0 0 0 0.486036 0.873939
284.200000000 -5.5638 21.2369 0 0 0 0.756642 0.653829
284.800000000 -5.67047 21.186 0 0 0 0.916068 0.401024
285.300000000 -5.71976 21.1037 0 0 0 0.986704 0.162525
285.900000000 -5.72288 20.9756 0 0 0 -0.990664 0.136325
286.600000000 -5.64875 20.8763 0 0 0 -0.88357 0.4683
287.200000000 -5.54061 20.7982 0 0 0 -0.722149 0.691737
287.900000000 -5.41946 20.6726 0 0 0 -0.507515 0.861643
289.700000000 -4.83156 19.8 0 0 0 -0.554114 0.832441
291.200000000 -4.74199 18.7921 0 0 0 -0.736443 0.676499
292.500000000 -4.9175 17.8315 0 0 0 -0.767793 0.640698
293.700000000 -5.04875 16.947 0 0 0 -0.74283 0.66948
295.400000000 -5.17273 15.8942 0 0 0 -0.762857 0.646567
297.000000000 -5.69645 14.9438 0 0 0 -0.901629 0.43251
298.300000000 -6.38597 14.261 0 0 0 -0.926476 0.376354
299.600000000 -7.08138 13.5746 0 0 0 -0.925505 0.378736
301.300000000 -7.77223 12.8891 0 0 0 -0.92416 0.382006
303.200000000 -8.44806 12.2149 0 0 0 -0.924185 0.381946
305.200000000 -9.13943 11.5262 0 0 0 -0.924211 0.381882
307.300000000 -9.88071 10.7882 0 0 0 -0.924252 0.381784
309.000000000 -10.5679 10.1046 0 0 0 -0.92429 0.38169
310.400000000 -11.2379 9.28553 0 0 0 -0.885263 0.46509
311.700000000 -11.6555 8.44096 0 0 0 -0.824813 0.565406
313.000000000 -11.8963 7.48429 0 0 0 -0.766008 0.642831
314.400000000 -11.8122 6.96753 0 0 0 -0.492224 0.870469
315.100000000 -11.7359 7.0354 0 0 0 -0.165039 0.986287
315.600000000 -11.7338 7.15194 0 0 0 0.0834348 0.996513
316.300000000 -11.7873 7.267 0 0 0 0.420497 0.907294
316.800000000 -11.895 7.31486 0 0 0 0.631254 0.775576
317.600000000 -11.981 7.50604 0 0 0 0.833044 0.553207
319.000000000 -12.6805 8.16031 0 0 0 0.931113 0.364732
320.400000000 -13.4626 8.83688 0 0 0 0.933577 0.358377
321.700000000 -14.1765 9.52064 0 0 0 0.922196 0.386723
323.000000000 -14.8534 10.2185 0 0 0 0.923727 0.383051
324.300000000 -15.5417 10.9086 0 0 0 0.920252 0.391326
325.700000000 -16.2086 11.7206 0 0 0 0.888302 0.459261
326.900000000 -16.5819 12.5376 0 0 0 0.815382 0.578923
328.300000000 -16.7405 13.5713 0 0 0 0.735689 0.677319
329.600000000 -16.7244 14.5399 0 0 0 0.680912 0.732365
331.000000000 -16.5973 15.5854 0 0 0 0.656629 0.754214
332.600000000 -16.7391 16.5648 0 0 0 0.820539 0.571591
333.900000000 -17.2708 17.3752 0 0 0 0.902371 0.43096
335.300000000 -18.0316 18.0614 0 0 0 0.952516 0.304487
336.300000000 -18.3367 18.0933 0 0 0 -0.999452 0.0331143
336.900000000 -18.2801 17.9801 0 0 0 -0.944927 0.327282
337.500000000 -18.2609 17.8783 0 0 0 -0.827999 0.56073
338.100000000 -18.1811 17.7745 0 0 0 -0.661062 0.750332
339.800000000 -17.6296 16.844 0 0 0 -0.51229 0.858813
341.000000000 -17.3692 15.9707 0 0 0 -0.634004 0.77333
342.400000000 -17.3808 14.9198 0 0 0 -0.747416 0.664357
343.700000000 -17.6388 13.9784 0 0 0 -0.813004 0.582259
345.000000000 -18.1032 13.1325 0 0 0 -0.880062 0.474858
346.300000000 -18.75 12.4162 0 0 0 -0.931834 0.362885
347.600000000 -19.5668 11.8886 0 0 0 -0.972604 0.232468
348.300000000 -19.6657 11.9603 0 0 0 0.997401 0.072049
348.900000000 -19.6235 12.0716 0 0 0 0.933284 0.35914
349.500000000 -19.527 12.1408 0 0 0 0.788406 0.615156
350.100000000 -19.4126 12.1467 0 0 0 0.575306 0.817938
350.700000000 -19.3159 12.0814 0 0 0 0.312497 0.949919
351.300000000 -19.204 11.9959 0 0 0 0.0555638 0.998455
352.700000000 -18.2514 11.796 0 0 0 -0.157028 0.987594
354.100000000 -17.4241 11.2808 0 0 0 -0.340884 0.940105
355.600000000 -16.921 10.4207 0 0 0 -0.555935 0.831226
357.000000000 -16.725 9.40295 0 0 0 -0.671334 0.741155
358.300000000 -16.7487 8.42979 0 0 0 -0.741721 0.670708
359.700000000 -16.9028 7.39429 0 0 0 -0.759142 0.650925
361.000000000 -17.0314 6.41798 0 0 0 -0.751344 0.659911
362.300000000 -17.1108 5.44591 0 0 0 -0.725444 0.688281
363.800000000 -17.1741 4.3802 0 0 0 -0.74301 0.66928
365.300000000 -17.5306 3.41788 0 0 0 -0.867583 0.497292
366.400000000 -17.9175 3.11341 0 0 0 -0.975143 0.221578
367.000000000 -18.0033 3.19601 0 0 0 0.999231 0.0392096
368.500000000 -19.0221 3.42416 0 0 0 0.997166 0.0752359
369.400000000 -19.2569 3.32468 0 0 0 -0.970598 0.240706
370.100000000 -19.153 3.23931 0 0 0 -0.828835 0.559494
370.700000000 -19.0354 3.22405 0 0 0 -0.626832 0.779154
371.300000000 -18.9127 3.22969 0 0 0 -0.39284 0.919607
372.100000000 -18.8131 3.28776 0 0 0 -0.0651055 0.997878
373.500000000 -17.8478 3.53261 0 0 0 0.133615 0.991033
374.900000000 -16.9752 4.00989 0 0 0 0.325675 0.945482
376.400000000 -16.477 4.72177 0 0 0 0.583876 0.811843
377.600000000 -16.3762 5.64593 0 0 0 0.689138 0.72463
379.000000000 -16.4693 6.66713 0 0 0 0.773639 0.633626
380.200000000 -16.7187 7.53609 0 0 0 0.797375 0.603484
381.600000000 -16.9269 8.56017 0 0 0 0.765261 0.64372
382.900000000 -17.0393 9.5244 0 0 0 0.733432 0.679763
384.200000000 -17.1206 10.5061 0 0 0 0.736229 0.676732
385.700000000 -17.4606 11.4894 0 0 0 0.866832 0.4986
387.200000000 -18.23 12.1218 0 0 0 0.96488 0.26269
388.500000000 -19.1034 12.3544 0 0 0 0.99754 0.070098
389.900000000 -20.129 12.3125 0 0 0 -0.998168 0.060495
391.200000000 -21.0953 12.1399 0 0 0 -0.996742 0.0806527
392.500000000 -22.066 12.0591 0 0 0 -0.999654 0.0262851
393.800000000 -23.0398 12.0544 0 0 0 0.999978 0.00667157
395.100000000 -24.0212 12.1214 0 0 0 0.998403 0.0564875
396.400000000 -24.5422 12.3111 0 0 0 0.927831 0.373
397.000000000 -24.4395 12.3852 0 0 0 0.78024 0.625481
397.700000000 -24.3051 12.3893 0 0 0 0.522762 0.852479
398.400000000 -24.1697 12.3151 0 0 0 0.227285 0.973828
399.100000000 -24.0444 12.2261 0 0 0 -0.0533827 0.998574
400.500000000 -23.0121 12.0456 0 0 0 -0.0600919 0.998193
401.800000000 -22.033 12.0791 0 0 0 0.0459767 0.998943
403.200000000 -21.003 12.26 0 0 0 0.102261 0.994758
404.500000000 -20.0567 12.4936 0 0 0 0.133977 0.990984
405.900000000 -19.0638 12.8086 0 0 0 0.164247 0.986419
407.100000000 -18.2057 13.1317 0 0 0 0.18074 0.983531
408.700000000 -17.4596 13.8148 0 0 0 0.448944 0.89356
410.100000000 -17.2382 14.5523 0 0 0 0.700006 0.714137
411.400000000 -17.3768 15.4849 0 0 0 0.763289 0.646057
412.800000000 -17.5942 16.5152 0 0 0 0.780107 0.625646
414.100000000 -17.8014 17.4666 0 0 0 0.779904 0.625899
415.400000000 -17.7801 17.9516 0 0 0 0.520975 0.853572
416.000000000 -17.6852 17.8793 0 0 0 0.250527 0.96811
416.600000000 -17.5683 17.8302 0 0 0 -0.00304145 0.999995
417.300000000 -17.451 17.6646 0 0 0 -0.268347 0.963322
418.700000000 -16.7953 16.9372 0 0 0 -0.45916 0.888353
420.000000000 -16.4026 16.0403 0 0 0 -0.590291 0.80719
421.100000000 -16.4315 15.6123 0 0 0 -0.818619 0.574337
421.700000000 -16.5306 15.6784 0 0 0 -0.950318 0.311279
422.200000000 -16.5921 15.7592 0 0 0 -0.996736 0.0807301
423.000000000 -16.7736 15.8912 0 0 0 0.975718 0.219031
424.600000000 -17.4641 16.6725 0 0 0 0.878817 0.47716
425.900000000 -17.864 17.5597 0 0 0 0.833082 0.553149
427.300000000 -18.01 18.2377 0 0 0 0.640816 0.767694
427.900000000 -17.9012 18.1932 0 0 0 0.389582 0.920992
428.600000000 -17.8238 18.0787 0 0 0 0.0562992 0.998414
429.200000000 -17.8152 17.9671 0 0 0 -0.224566 0.974459
430.600000000 -17.1938 17.3056 0 0 0 -0.455184 0.890397
432.000000000 -16.8377 16.3521 0 0 0 -0.621988 0.783026
433.600000000 -16.6801 15.4127 0 0 0 -0.626946 0.779062
436.100000000 -16.425 14.4573 0 0 0 -0.605015 0.796214
437.400000000 -16.2017 13.501 0 0 0 -0.63819 0.769879
438.800000000 -16.1531 12.5887 0 0 0 -0.74269 0.669635
439.400000000 -16.2426 12.596 0 0 0 -0.905819 0.423666
439.900000000 -16.3056 12.6888 0 0 0 -0.981524 0.191341
440.700000000 -16.496 12.8003 0 0 0 0.993043 0.117753
441.700000000 -16.9195 13.1465 0 0 0 0.939935 0.341353
443.200000000 -17.539 14.0406 0 0 0 0.854935 0.518735
444.500000000 -17.7698 14.9671 0 0 0 0.753752 0.657159
445.800000000 -17.7811 15.9453 0 0 0 0.685134 0.728417
447.000000000 -17.7292 16.8445 0 0 0 0.696231 0.717818
448.500000000 -17.8982 17.8902 0 0 0 0.812472 0.583
449.700000000 -18.3086 18.3773 0 0 0 0.94103 0.338324
450.900000000 -18.8292 18.5644 0 0 0 0.999577 0.0290704
451.400000000 -18.8163 18.4637 0 0 0 -0.975738 0.218939
452.100000000 -18.7269 18.3736 0 0 0 -0.843846 0.536585
452.700000000 -18.6319 18.2796 0 0 0 -0.673312 0.739359
453.300000000 -18.5038 18.2005 0 0 0 -0.481047 0.876695
454.800000000 -17.7493 17.5479 0 0 0 -0.360814 0.932638
456.100000000 -17.1183 16.7978 0 0 0 -0.456673 0.889635
457.700000000 -16.6341 15.9035 0 0 0 -0.535285 0.844671
460.500000000 -16.3404 14.8649 0 0 0 -0.661603 0.749855
461.900000000 -16.3035 13.8397 0 0 0 -0.674896 0.737913
463.200000000 -16.1902 12.8705 0 0 0 -0.669141 0.743136
464.800000000 -16.1507 11.9526 0 0 0 -0.700901 0.713259
467.100000000 -16.1439 10.9889 0 0 0 -0.706718 0.707496
470.100000000 -16.1451 10.0283 0 0 0 -0.706741 0.707472
473.100000000 -16.1445 9.07505 0 0 0 -0.706651 0.707562
476.700000000 -16.141 8.10974 0 0 0 -0.706647 0.707566
480.300000000 -16.1429 7.17577 0 0 0 -0.706552 0.707661
484.100000000 -16.137 6.17738 0 0 0 -0.706431 0.707782
487.800000000 -16.1253 5.20591 0 0 0 -0.706293 0.707919
491.600000000 -16.1273 4.20694 0 0 0 -0.706128 0.708084
493.000000000 -16.1177 3.15929 0 0 0 -0.706452 0.707761
494.300000000 -16.1244 2.18231 0 0 0 -0.70658 0.707633
495.700000000 -16.123 1.12721 0 0 0 -0.706658 0.707555
497.000000000 -16.1223 0.150487 0 0 0 -0.706692 0.707522
498.300000000 -16.1215 -0.824947 0 0 0 -0.706719 0.707494
499.600000000 -16.1209 -1.80041 0 0 0 -0.706739 0.707474
500.900000000 -16.2431 -2.76466 0 0 0 -0.727867 0.685718
502.300000000 -16.4403 -3.73244 0 0 0 -0.847269 0.531164
503.200000000 -16.6952 -3.93981 0 0 0 -0.962801 0.270212
503.900000000 -16.7329 -3.8068 0 0 0 0.997532 0.0702167
504.500000000 -16.6916 -3.68137 0 0 0 0.93385 0.357665
505.200000000 -16.5867 -3.57959 0 0 0 0.765922 0.642933
507.000000000 -16.2892 -2.53362 0 0 0 0.599991 0.800007
508.600000000 -16.3855 -1.58244 0 0 0 0.80822 0.588881
509.200000000 -16.4028 -1.60119 0 0 0 0.941411 0.337261
509.900000000 -16.4556 -1.71367 0 0 0 -0.999978 0.00663967
510.500000000 -16.4933 -1.85705 0 0 0 -0.959752 0.280847
511.100000000 -16.4659 -1.98777 0 0 0 -0.849832 0.527053
512.000000000 -16.4235 -2.3538 0 0 0 -0.680064 0.733153
513.400000000 -16.2353 -3.3411 0 0 0 -0.675031 0.737789
514.800000000 -16.4537 -4.01464 0 0 0 -0.881901 0.471434
515.600000000 -16.6487 -3.98598 0 0 0 -0.986923 0.161194
516.400000000 -16.9563 -3.89224 0 0 0 0.997718 0.0675213
517.800000000 -18.0022 -3.85313 0 0 0 1 0.000923439
519.000000000 -18.9019 -3.868 0 0 0 -0.999918 0.0128127
520.400000000 -19.9441 -3.88077 0 0 0 -0.999971 0.00758246
521.700000000 -20.929 -3.87464 0 0 0 -1 0.000655076
523.000000000 -21.8946 -3.88125 0 0 0 0.999975 0.00702773
524.500000000 -22.8281 -3.54264 0 0 0 0.967055 0.254567
526.000000000 -23.5665 -2.76743 0 0 0 0.894376 0.447317
527.400000000 -24.0069 -1.83541 0 0 0 0.826369 0.563129
529.100000000 -24.4971 -1.07295 0 0 0 0.959387 0.282094
529.700000000 -24.5286 -1.18461 0 0 0 -0.999901 0.0140706
530.300000000 -24.4894 -1.29937 0 0 0 -0.951081 0.308943
530.800000000 -24.4137 -1.36268 0 0 0 -0.845427 0.534091
531.400000000 -24.2972 -1.38036 0 0 0 -0.649916 0.760006
532.000000000 -24.1931 -1.32779 0 0 0 -0.395971 0.918263
533.000000000 -23.8093 -1.42176 0 0 0 -0.0955507 0.995425
534.500000000 -22.8558 -1.2492 0 0 0 0.162396 0.986726
535.800000000 -21.9477 -0.981282 0 0 0 0.103737 0.994605
537.500000000 -21.0552 -0.925265 0 0 0 0.0035751 0.999994
540.500000000 -20.0635 -0.985633 0 0 0 -0.0413659 0.999144
544.200000000 -19.1013 -1.06473 0 0 0 -0.0365677 0.999331
547.600000000 -18.0131 -1.14695 0 0 0 -0.0585411 0.998285
549.000000000 -17.0214 -1.45551 0 0 0 -0.192921 0.981214
550.300000000 -16.1883 -1.96869 0 0 0 -0.340109 0.940386
551.600000000 -15.6202 -2.6771 0 0 0 -0.393267 0.919424
552.900000000 -14.859 -3.37877 0 0 0 -0.451889 0.892074
553.500000000 -15.0373 -3.43395 0 0 0 -0.682312 0.731061
554.100000000 -15.1421 -3.41758 0 0 0 -0.865577 0.500776
554.700000000 -15.2303 -3.34034 0 0 0 -0.973864 0.227133
555.300000000 -15.3158 -3.23031 0 0 0 0.999324 0.0367502
556.200000000 -15.6346 -3.01056 0 0 0 0.955375 0.295394
557.500000000 -16.263 -2.2761 0 0 0 0.90466 0.426135
558.800000000 -16.8219 -1.46433 0 0 0 0.865912 0.500196
560.200000000 -17.1067 -0.491609 0 0 0 0.760965 0.648793
561.400000000 -17.094 0.405097 0 0 0 0.6806 0.732655
562.800000000 -17.0011 1.4374 0 0 0 0.676703 0.736256
564.100000000 -16.9689 2.40764 0 0 0 0.704638 0.709567
565.400000000 -16.996 3.37745 0 0 0 0.713707 0.700445
566.800000000 -16.9918 4.41701 0 0 0 0.706484 0.707729
568.100000000 -16.9913 5.40099 0 0 0 0.70434 0.709863
569.300000000 -16.9836 6.29905 0 0 0 0.704353 0.70985
570.700000000 -16.9768 7.34945 0 0 0 0.704388 0.709815
572.000000000 -16.9678 8.32319 0 0 0 0.70442 0.709783
573.200000000 -16.9576 9.22661 0 0 0 0.704406 0.709798
574.600000000 -16.9722 10.2824 0 0 0 0.736703 0.676216
575.900000000 -17.2471 11.2063 0 0 0 0.827065 0.562106
577.000000000 -17.5516 11.5763 0 0 0 0.957301 0.289094
577.500000000 -17.5797 11.4837 0 0 0 0.999039 0.0438372
578.100000000 -17.55 11.3707 0 0 0 -0.967386 0.253309
578.800000000 -17.4516 11.2914 0 0 0 -0.821732 0.569875
579.400000000 -17.356 11.1712 0 0 0 -0.65337 0.757039
580.300000000 -17.0999 10.8429 0 0 0 -0.452294 0.891869
581.600000000 -16.3994 10.1843 0 0 0 -0.363254 0.93169
583.200000000 -15.9238 9.56062 0 0 0 -0.632264 0.774753
583.700000000 -16.0211 9.55564 0 0 0 -0.802133 0.597146
584.400000000 -16.1391 9.62008 0 0 0 -0.956588 0.291445
585.000000000 -16.1809 9.72304 0 0 0 -1 0.000488692
585.800000000 -16.4403 9.9004 0 0 0 0.968395 0.249421
587.300000000 -17.083 10.6919 0 0 0 0.891208 0.453595
588.700000000 -17.5451 11.5365 0 0 0 0.808476 0.588528
589.400000000 -17.4221 11.5553 0 0 0 0.564942 0.825131
590.000000000 -17.3219 11.4875 0 0 0 0.300329 0.953836
590.600000000 -17.2624 11.4087 0 0 0 0.0233947 0.999726
591.200000000 -17.2205 11.2699 0 0 0 -0.240544 0.970638
592.700000000 -16.5157 10.5529 0 0 0 -0.417537 0.90866
594.000000000 -15.8589 9.85354 0 0 0 -0.393054 0.919515
595.200000000 -15.2169 9.19371 0 0 0 -0.369801 0.929111
596.600000000 -14.4711 8.47119 0 0 0 -0.383231 0.923653
597.900000000 -13.7783 7.77585 0 0 0 -0.38324 0.923649
599.200000000 -13.0898 7.08464 0 0 0 -0.383247 0.923646
600.600000000 -12.3457 6.34063 0 0 0 -0.383508 0.923538
601.600000000 -12.2463 6.05236 0 0 0 -0.664494 0.747294
602.200000000 -12.3842 5.98076 0 0 0 -0.829119 0.559073
603.600000000 -12.9926 5.27253 0 0 0 -0.922281 0.386519
605.000000000 -13.7499 4.54148 0 0 0 -0.927085 0.374852
606.300000000 -14.445 3.8519 0 0 0 -0.923368 0.383917
607.600000000 -14.6678 3.43349 0 0 0 -0.733246 0.679963
608.300000000 -14.5414 3.46853 0 0 0 -0.455583 0.890193
608.900000000 -14.4628 3.57221 0 0 0 -0.172924 0.984935
609.600000000 -14.4569 3.69087 0 0 0 0.175875 0.984412
610.200000000 -14.5286 3.78477 0 0 0 0.458926 0.888474
610.800000000 -14.641 3.82229 0 0 0 0.701005 0.713156
611.500000000 -14.8113 4.01817 0 0 0 0.847992 0.53001
612.700000000 -15.317 4.44247 0 0 0 0.958312 0.285725
613.900000000 -16.0117 5.02097 0 0 0 0.926034 0.377441
615.300000000 -16.6381 5.86021 0 0 0 0.87491 0.484285
616.600000000 -16.9903 6.76266 0 0 0 0.801404 0.598123
618.000000000 -17.0928 7.80691 0 0 0 0.71418 0.699962
619.300000000 -17.0072 8.77746 0 0 0 0.670774 0.741662
620.700000000 -16.957 9.82493 0 0 0 0.708346 0.705865
622.000000000 -17.1371 10.7773 0 0 0 0.80141 0.598116
623.300000000 -17.5419 11.6658 0 0 0 0.846203 0.532861
624.700000000 -17.7995 12.675 0 0 0 0.759912 0.650026
626.000000000 -17.7925 13.6527 0 0 0 0.678687 0.734428
627.300000000 -17.6998 14.6218 0 0 0 0.67344 0.739242
628.600000000 -17.6426 15.5983 0 0 0 0.69615 0.717896
629.800000000 -17.6496 16.4954 0 0 0 0.712936 0.701229
631.300000000 -17.7905 17.187 0 0 0 0.89078 0.454436
632.000000000 -17.8607 17.0754 0 0 0 0.992657 0.120966
632.500000000 -17.8619 16.9714 0 0 0 -0.991805 0.127764
633.200000000 -17.7834 16.8711 0 0 0 -0.887618 0.460581
633.800000000 -17.6666 16.8325 0 0 0 -0.712805 0.701363
634.400000000 -17.5378 16.7512 0 0 0 -0.521269 0.853392
636.100000000 -16.7908 16.0729 0 0 0 -0.417396 0.908725
637.200000000 -16.6891 15.7056 0 0 0 -0.705243 0.708966
637.800000000 -16.8093 15.7276 0 0 0 -0.880569 0.473917
638.400000000 -16.889 15.8136 0 0 0 -0.980414 0.196947
639.000000000 -16.9058 15.9234 0 0 0 0.995289 0.0969507
639.800000000 -17.1284 16.1428 0 0 0 0.939115 0.343603
641.200000000 -17.6661 16.9779 0 0 0 0.855885 0.517166
642.600000000 -18.0144 17.9626 0 0 0 0.810508 0.585727
643.600000000 -18.2781 18.2615 0 0 0 0.946377 0.323064
644.400000000 -18.5056 18.1945 0 0 0 0.999628 0.0272764
645.700000000 -19.477 18.1639 0 0 0 -0.999406 0.0344499
647.000000000 -20.4496 18.0575 0 0 0 -0.997932 0.0642769
648.200000000 -21.3417 17.9366 0 0 0 -0.997326 0.0730821
649.600000000 -22.3877 17.8683 0 0 0 -0.999853 0.0171383
650.900000000 -23.3706 17.8573 0 0 0 0.999942 0.0107552
652.200000000 -24.3442 17.8715 0 0 0 0.999998 0.00204287
653.500000000 -25.318 17.863 0 0 0 -0.999995 0.00317294
655.300000000 -26.1681 17.9883 0 0 0 0.942136 0.335232
655.900000000 -26.0664 18.0614 0 0 0 0.803762 0.594952
656.500000000 -25.9495 18.0711 0 0 0 0.59578 0.803148
657.100000000 -25.8343 18.0187 0 0 0 0.335883 0.941904
658.700000000 -24.8091 18.3483 0 0 0 0.0978421 0.995202
660.000000000 -23.8462 18.4075 0 0 0 -0.000475723 1
661.200000000 -22.9579 18.3349 0 0 0 -0.0527936 0.998605
662.600000000 -21.9117 18.2422 0 0 0 -0.0225998 0.999745
663.900000000 -20.9324 18.2568 0 0 0 0.0278896 0.999611
665.200000000 -19.9535 18.2919 0 0 0 0.0123461 0.999924
666.500000000 -18.9788 18.2855 0 0 0 -0.0138605 0.999904
667.900000000 -18.048 18.0632 0 0 0 -0.205637 0.978628
669.300000000 -17.2676 17.4338 0 0 0 -0.388366 0.921505
670.600000000 -16.7145 16.6375 0 0 0 -0.502645 0.864493
672.200000000 -16.4058 15.8076 0 0 0 -0.596792 0.802396
673.900000000 -16.3236 14.6674 0 0 0 -0.705721 0.70849
675.300000000 -16.2006 13.7766 0 0 0 -0.628919 0.777471
677.600000000 -15.9215 12.8115 0 0 0 -0.587283 0.809382
682.300000000 -15.5709 11.929 0 0 0 -0.551308 0.834302
686.800000000 -15.0931 11.0861 0 0 0 -0.480611 0.876934
689.100000000 -14.4056 10.2832 0 0 0 -0.389318 0.921104
690.400000000 -13.7028 9.59158 0 0 0 -0.360905 0.932603
691.600000000 -12.9684 9.06902 0 0 0 -0.267884 0.963451
693.100000000 -11.9197 8.7191 0 0 0 -0.091995 0.995759
694.500000000 -10.9229 8.71037 0 0 0 0.00838023 0.999965
696.100000000 -9.9446 8.75232 0 0 0 0.0399269 0.999203
697.700000000 -8.90514 8.80412 0 0 0 0.00782159 0.999969
699.600000000 -7.87956 8.65821 0 0 0 -0.142639 0.989775
701.000000000 -7.0393 8.13625 0 0 0 -0.338355 0.941019
702.400000000 -6.38407 7.46172 0 0 0 -0.389878 0.920866
703.700000000 -5.7615 6.84959 0 0 0 -0.388094 0.92162
705.300000000 -5.05386 6.15121 0 0 0 -0.381756 0.924263
707.700000000 -4.33938 5.41488 0 0 0 -0.381735 0.924272
710.000000000 -3.67554 4.75788 0 0 0 -0.381693 0.924289
712.200000000 -2.94356 4.04091 0 0 0 -0.381628 0.924316
713.700000000 -2.26534 3.36522 0 0 0 -0.381372 0.924422
715.100000000 -1.53349 2.63667 0 0 0 -0.381145 0.924515
717.000000000 -0.830457 1.93823 0 0 0 -0.380913 0.924611
718.400000000 -0.083982 1.19688 0 0 0 -0.380689 0.924703
719.700000000 0.606688 0.504636 0 0 0 -0.38061 0.924736
721.000000000 1.30721 -0.177411 0 0 0 -0.380522 0.924772
722.300000000 1.99549 -0.868784 0 0 0 -0.380736 0.924684
723.500000000 2.64112 -1.49876 0 0 0 -0.380796 0.924659
724.800000000 3.31515 -2.17716 0 0 0 -0.381031 0.924562
726.400000000 4.05367 -2.90563 0 0 0 -0.380908 0.924613
727.800000000 4.79884 -3.645 0 0 0 -0.381066 0.924548
729.100000000 5.48473 -4.32519 0 0 0 -0.380901 0.924616
730.400000000 6.17638 -5.01077 0 0 0 -0.380755 0.924676
731.800000000 6.9233 -5.75152 0 0 0 -0.380909 0.924612
733.300000000 7.50773 -6.55507 0 0 0 -0.539616 0.841911
734.400000000 7.48483 -7.08579 0 0 0 -0.738221 0.674558
735.800000000 7.19728 -8.08883 0 0 0 -0.814112 0.580708
737.100000000 6.99662 -9.03816 0 0 0 -0.759318 0.650719
738.400000000 6.98641 -9.99468 0 0 0 -0.686864 0.726786
739.700000000 7.13702 -10.9542 0 0 0 -0.678522 0.73458
741.000000000 7.20301 -11.9171 0 0 0 -0.746709 0.665151
741.700000000 7.07268 -11.9278 0 0 0 -0.917804 0.397034
742.400000000 7.00911 -11.8318 0 0 0 -0.998062 0.0622324
742.900000000 7.01493 -11.7144 0 0 0 0.9834 0.18145
743.500000000 6.98214 -11.7222 0 0 0 0.891825 0.452381
744.200000000 7.11778 -11.6551 0 0 0 0.695661 0.718371
745.100000000 7.26288 -11.2745 0 0 0 0.468342 0.883547
746.500000000 8.03609 -10.592 0 0 0 0.298054 0.954549
747.300000000 8.24075 -10.6205 0 0 0 0.00656956 0.999978
748.000000000 8.22982 -10.7041 0 0 0 -0.332688 0.943037
748.600000000 8.17594 -10.789 0 0 0 -0.58529 0.810824
749.100000000 8.01872 -10.8247 0 0 0 -0.74842 0.663225
750.000000000 7.79541 -11.0824 0 0 0 -0.905037 0.425333
751.500000000 7.20082 -11.8489 0 0 0 -0.917212 0.398399
752.800000000 6.64837 -12.6444 0 0 0 -0.894704 0.44666
754.000000000 5.83272 -13.2024 0 0 0 -0.946323 0.323221
755.500000000 4.96701 -13.5955 0 0 0 -0.994719 0.102637
756.900000000 3.89762 -13.6596 0 0 0 -0.999895 0.0145082
759.000000000 3.01235 -13.6329 0 0 0 0.999647 0.0265647
762.000000000 2.02537 -13.6109 0 0 0 0.999984 0.00559944
763.400000000 0.991702 -13.6324 0 0 0 -0.999693 0.0247931
764.800000000 0.0641371 -13.6804 0 0 0 -0.99978 0.0209985
766.300000000 -0.84802 -13.6172 0 0 0 0.996066 0.0886167
767.800000000 -1.77463 -13.1365 0 0 0 0.95315 0.302497
769.200000000 -2.70817 -12.6327 0 0 0 0.979924 0.199372
770.500000000 -3.64064 -12.4351 0 0 0 0.999539 0.0303459
771.900000000 -4.63 -12.548 0 0 0 -0.996391 0.0848835
773.300000000 -5.32746 -12.4117 0 0 0 0.977772 0.209671
774.800000000 -6.08306 -11.6471 0 0 0 0.917461 0.397826
776.100000000 -6.76035 -11.0049 0 0 0 0.924612 0.38091
777.500000000 -7.52626 -10.2435 0 0 0 0.927884 0.37287
778.800000000 -8.22014 -9.5994 0 0 0 0.923549 0.383479
780.100000000 -8.90297 -8.90424 0 0 0 0.923517 0.383557
781.300000000 -9.54568 -8.26899 0 0 0 0.923507 0.383581
782.700000000 -10.2859 -7.52613 0 0 0 0.923459 0.383697
784.100000000 -11.0294 -6.77815 0 0 0 0.923416 0.383802
785.400000000 -11.7121 -6.08111 0 0 0 0.923377 0.383895
786.600000000 -12.3504 -5.44261 0 0 0 0.923363 0.383928
788.000000000 -13.0983 -4.69246 0 0 0 0.923345 0.383971
789.300000000 -13.7908 -4.00583 0 0 0 0.923332 0.384002
790.600000000 -14.4788 -3.31324 0 0 0 0.923319 0.384033
791.900000000 -15.1712 -2.61648 0 0 0 0.923302 0.384075
793.300000000 -15.9055 -1.86947 0 0 0 0.92329 0.384105
794.600000000 -16.5871 -1.18101 0 0 0 0.923337 0.383991
795.800000000 -17.2253 -0.54479 0 0 0 0.923512 0.383568
797.200000000 -17.9677 0.199459 0 0 0 0.923476 0.383655
798.500000000 -18.658 0.892363 0 0 0 0.923477 0.383654
799.700000000 -19.2941 1.52559 0 0 0 0.926055 0.377389
801.000000000 -20.0215 2.17645 0 0 0 0.939603 0.342267
802.400000000 -20.8747 2.78214 0 0 0 0.959717 0.280969
803.700000000 -21.764 3.16815 0 0 0 0.984219 0.176953
805.100000000 -22.7881 3.35518 0 0 0 0.998927 0.0463043
806.400000000 -23.7681 3.35821 0 0 0 -0.999597 0.0283953
807.800000000 -24.8168 3.28362 0 0 0 -0.999528 0.0307145
809.100000000 -25.7897 3.25783 0 0 0 0.999999 0.00104535
810.400000000 -26.7631 3.27609 0 0 0 0.999741 0.0227697
811.700000000 -27.7349 3.3372 0 0 0 0.999642 0.0267731
813.300000000 -28.5076 3.24981 0 0 0 -0.958797 0.284091
813.800000000 -28.4271 3.18655 0 0 0 -0.859044 0.511902
814.500000000 -28.3102 3.16174 0 0 0 -0.631039 0.775751
815.100000000 -28.2067 3.21935 0 0 0 -0.373563 0.927605
815.800000000 -28.0247 3.25762 0 0 0 -0.101599 0.994825
817.500000000 -27.0171 3.39175 0 0 0 0.00807776 0.999967
818.800000000 -26.0929 3.31047 0 0 0 -0.0736579 0.997284
819.400000000 -26.0635 3.19572 0 0 0 -0.337073 0.941478
820.100000000 -26.1751 3.12703 0 0 0 -0.635388 0.772193
820.800000000 -26.3135 3.13419 0 0 0 -0.858694 0.512488
821.400000000 -26.4315 3.17482 0 0 0 -0.964713 0.263303
822.100000000 -26.5664 3.25081 0 0 0 0.999685 0.0251172
823.600000000 -27.5865 3.39581 0 0 0 0.998988 0.0449842
824.900000000 -28.5576 3.36827 0 0 0 -0.999249 0.0387451
826.200000000 -29.5293 3.29105 0 0 0 -0.999237 0.0390679
827.600000000 -30.5098 3.41166 0 0 0 0.990553 0.137133
829.100000000 -31.3471 3.99298 0 0 0 0.930332 0.366719
830.500000000 -32.035 4.77522 0 0 0 0.90628 0.422677
831.500000000 -32.1415 5.1441 0 0 0 0.73313 0.680088
832.400000000 -31.9396 5.51308 0 0 0 0.554161 0.832409
833.800000000 -31.4987 6.47626 0 0 0 0.537377 0.843342
835.100000000 -31.0908 7.35602 0 0 0 0.54454 0.838735
836.400000000 -30.5975 8.19918 0 0 0 0.466941 0.884288
837.700000000 -30.0957 8.57007 0 0 0 0.159331 0.987225
838.400000000 -29.9946 8.44844 0 0 0 -0.139918 0.990163
839.000000000 -30.0289 8.35272 0 0 0 -0.41135 0.911478
839.600000000 -30.1313 8.29541 0 0 0 -0.658853 0.752272
840.200000000 -30.2481 8.30481 0 0 0 -0.849299 0.527912
840.800000000 -30.3299 8.37772 0 0 0 -0.966189 0.257835
841.400000000 -30.4539 8.45729 0 0 0 -0.999961 0.00877765
842.200000000 -30.7263 8.62145 0 0 0 0.972323 0.23364
843.600000000 -31.4736 9.27837 0 0 0 0.923502 0.383593
844.900000000 -32.14 10.0185 0 0 0 0.908822 0.417185
846.200000000 -32.8128 10.7132 0 0 0 0.926697 0.375808
847.400000000 -33.4929 11.3069 0 0 0 0.941235 0.337751
848.800000000 -34.3356 11.9197 0 0 0 0.952978 0.30304
850.100000000 -35.1438 12.469 0 0 0 0.961964 0.273177
851.500000000 -36.0276 13.0228 0 0 0 0.946755 0.321955
853.000000000 -36.5667 13.8346 0 0 0 0.842749 0.538306
853.800000000 -36.5304 13.9722 0 0 0 0.621509 0.783407
854.500000000 -36.2798 14.1263 0 0 0 0.434818 0.900518
855.900000000 -35.601 14.8939 0 0 0 0.42241 0.906405
857.200000000 -35.0793 15.7178 0 0 0 0.513326 0.858194
858.500000000 -34.7101 16.6223 0 0 0 0.580056 0.814576
859.800000000 -34.4569 17.5587 0 0 0 0.586471 0.80997
861.200000000 -33.9711 18.1861 0 0 0 0.336242 0.941776
862.400000000 -33.3462 18.3745 0 0 0 0.0665134 0.997786
864.000000000 -32.2841 18.2556 0 0 0 -0.0357579 0.99936
865.300000000 -31.3007 18.2284 0 0 0 0.00563713 0.999984
866.600000000 -30.3371 18.2373 0 0 0 0.000794956 1
867.900000000 -29.3635 18.2392 0 0 0 -0.00384734 0.999993
869.200000000 -28.3898 18.2337 0 0 0 -0.000755266 1
870.500000000 -27.4074 18.2318 0 0 0 -0.00075521 1
871.800000000 -26.4337 18.2301 0 0 0 -0.000753929 1
873.200000000 -25.3813 18.2633 0 0 0 0.0332886 0.999446
874.500000000 -24.3983 18.2883 0 0 0 0.00405633 0.999992
875.700000000 -23.5052 18.2878 0 0 0 -0.00236571 0.999997
877.000000000 -22.5337 18.2828 0 0 0 0.000951356 1
878.400000000 -21.4836 18.2792 0 0 0 0.00144377 0.999999
879.700000000 -20.5053 18.2796 0 0 0 0.00176993 0.999998
880.900000000 -19.6094 18.284 0 0 0 0.00176969 0.999998
882.300000000 -18.5705 18.2232 0 0 0 -0.0650295 0.997883
883.900000000 -17.6069 17.7451 0 0 0 -0.315658 0.948873
885.100000000 -17.0089 17.0854 0 0 0 -0.438764 0.898603
886.700000000 -16.5093 16.1538 0 0 0 -0.552215 0.833702
888.100000000 -16.3168 15.1236 0 0 0 -0.683943 0.729535
889.700000000 -16.3238 14.0974 0 0 0 -0.675948 0.73695
891.500000000 -16.0775 13.1235 0 0 0 -0.594314 0.804233
895.200000000 -15.7205 12.2053 0 0 0 -0.552894 0.833252
899.900000000 -15.2788 11.3798 0 0 0 -0.499032 0.866583
902.900000000 -14.681 10.5602 0 0 0 -0.419388 0.907807
904.300000000 -13.929 9.82811 0 0 0 -0.36391 0.931434
905.600000000 -13.1589 9.23459 0 0 0 -0.288808 0.957387
906.900000000 -12.2838 8.83013 0 0 0 -0.17387 0.984769
908.300000000 -11.2916 8.6602 0 0 0 -0.0398185 0.999207
909.800000000 -10.2944 8.68373 0 0 0 0.0306198 0.999531
911.700000000 -9.30896 8.7656 0 0 0 0.0398468 0.999206
913.300000000 -8.32033 8.79319 0 0 0 -0.0209319 0.999781
915.000000000 -7.42309 8.45365 0 0 0 -0.258062 0.966128
916.400000000 -6.67811 7.76407 0 0 0 -0.418879 0.908042
918.100000000 -6.12531 6.99952 0 0 0 -0.415969 0.909379
920.800000000 -5.39449 6.28556 0 0 0 -0.392327 0.919826
923.100000000 -4.68879 5.57401 0 0 0 -0.383969 0.923346
925.600000000 -4.06408 4.93602 0 0 0 -0.383393 0.923585
928.700000000 -3.38633 4.26568 0 0 0 -0.383342 0.923606
931.400000000 -2.61745 3.51617 0 0 0 -0.368662 0.929563
932.700000000 -1.8398 2.94097 0 0 0 -0.272878 0.962049
934.100000000 -0.875638 2.61721 0 0 0 -0.0916626 0.99579
935.700000000 0.151954 2.62288 0 0 0 0.0301252 0.999546
937.900000000 1.11323 2.70166 0 0 0 0.0360183 0.999351
940.800000000 2.07171 2.7367 0 0 0 0.012047 0.999927
942.100000000 2.65178 2.49699 0 0 0 -0.275002 0.961444
943.500000000 3.39302 1.77849 0 0 0 -0.411182 0.911553
944.900000000 4.04114 0.955915 0 0 0 -0.452143 0.891945
946.100000000 4.56479 0.244964 0 0 0 -0.45552 0.890226
947.600000000 5.16875 -0.650584 0 0 0 -0.434407 0.900717
949.000000000 5.91545 -1.39029 0 0 0 -0.374188 0.927353
950.300000000 6.61765 -2.07564 0 0 0 -0.380964 0.92459
951.500000000 7.24088 -2.71368 0 0 0 -0.385145 0.922856
952.900000000 7.96643 -3.41805 0 0 0 -0.326808 0.945091
953.600000000 8.11042 -3.32835 0 0 0 -0.0369475 0.999317
954.400000000 8.29741 -3.15904 0 0 0 0.246333 0.969185
955.700000000 8.94692 -2.54203 0 0 0 0.398237 0.917283
957.000000000 9.58917 -1.80972 0 0 0 0.398505 0.917166
958.400000000 10.3281 -1.05584 0 0 0 0.378628 0.925549
959.500000000 10.6453 -0.944087 0 0 0 0.0367496 0.999325
960.000000000 10.636 -1.05788 0 0 0 -0.208227 0.97808
960.700000000 10.5489 -1.1552 0 0 0 -0.526015 0.850475
961.300000000 10.4455 -1.24736 0 0 0 -0.729053 0.684458
962.600000000 10.1213 -1.83015 0 0 0 -0.888087 0.459675
963.900000000 9.48821 -2.64468 0 0 0 -0.874933 0.484245
965.300000000 9.10641 -3.59772 0 0 0 -0.796419 0.604745
966.700000000 9.04669 -4.65089 0 0 0 -0.701921 0.712255
968.000000000 9.11826 -5.61747 0 0 0 -0.669987 0.742373
969.300000000 9.19286 -6.58776 0 0 0 -0.679867 0.733335
970.600000000 9.24746 -7.56814 0 0 0 -0.696184 0.717863
971.400000000 9.11731 -7.6439 0 0 0 -0.892736 0.45058
972.100000000 9.07166 -7.55331 0 0 0 -0.992637 0.121127
972.600000000 9.02888 -7.43673 0 0 0 0.99239 0.123137
973.300000000 9.08508 -7.35257 0 0 0 0.893606 0.448851
973.900000000 9.16732 -7.28759 0 0 0 0.733256 0.679953
975.500000000 9.50165 -6.27409 0 0 0 0.572643 0.819805
976.800000000 9.92638 -5.45971 0 0 0 0.46081 0.887499
977.500000000 10.0156 -5.55619 0 0 0 0.141287 0.989969
978.100000000 10.033 -5.6761 0 0 0 -0.153336 0.988174
978.800000000 9.96048 -5.78038 0 0 0 -0.477788 0.878475
979.300000000 9.88289 -5.86877 0 0 0 -0.651893 0.758311
980.600000000 9.65427 -6.59481 0 0 0 -0.835246 0.549876
981.800000000 9.2537 -7.37844 0 0 0 -0.831189 0.555989
983.200000000 9.05066 -8.36383 0 0 0 -0.73447 0.678641
984.700000000 9.33937 -9.24841 0 0 0 -0.513395 0.858152
986.100000000 10.0312 -9.9984 0 0 0 -0.354112 0.935203
987.400000000 10.8883 -10.4574 0 0 0 -0.204563 0.978854
988.800000000 11.9045 -10.6987 0 0 0 -0.0574202 0.99835
990.200000000 12.9004 -10.5712 0 0 0 0.121693 0.992568
991.600000000 13.7975 -10.0962 0 0 0 0.304364 0.952556
992.900000000 14.4895 -9.41573 0 0 0 0.37796 0.925822
994.200000000 15.1838 -8.72331 0 0 0 0.382215 0.924073
995.500000000 15.8783 -8.04044 0 0 0 0.382185 0.924086
996.800000000 16.5628 -7.34766 0 0 0 0.382157 0.924097
997.800000000 16.8353 -7.28217 0 0 0 0.0470575 0.998892
998.400000000 16.8178 -7.41305 0 0 0 -0.245748 0.969334
999.000000000 16.7531 -7.48257 0 0 0 -0.517312 0.855797
999.800000000 16.6411 -7.62982 0 0 0 -0.77294 0.634479
1001.100000000 16.1718 -8.10116 0 0 0 -0.931953 0.362578
1002.500000000 15.3514 -8.72997 0 0 0 -0.947437 0.319942
1003.900000000 14.5334 -9.3673 0 0 0 -0.938252 0.345953
1005.200000000 13.8989 -10.114 0 0 0 -0.904184 0.427143
1006.600000000 13.0033 -10.6099 0 0 0 -0.975659 0.219293
1008.100000000 12.1185 -10.6865 0 0 0 0.997589 0.0693918
1009.000000000 11.9878 -10.4545 0 0 0 0.935781 0.352582
1010.300000000 11.0874 -9.89222 0 0 0 0.966825 0.25544
1011.700000000 10.2159 -9.48895 0 0 0 0.983395 0.181476
1013.100000000 9.40008 -9.07414 0 0 0 0.950846 0.309664
1014.600000000 8.90932 -8.29237 0 0 0 0.830096 0.55762
1016.000000000 8.90481 -7.47304 0 0 0 0.629277 0.777181
1017.500000000 9.35178 -6.57807 0 0 0 0.518282 0.85521
1018.700000000 9.78577 -5.79575 0 0 0 0.494965 0.868913
1020.100000000 10.3568 -4.90457 0 0 0 0.466114 0.884725
1021.500000000 11.0048 -4.06836 0 0 0 0.43737 0.899282
1022.800000000 11.6121 -3.31064 0 0 0 0.417661 0.908603
1024.100000000 12.2595 -2.56851 0 0 0 0.409462 0.912327
1025.400000000 12.9161 -1.87159 0 0 0 0.384636 0.923068
1026.600000000 13.5884 -1.25371 0 0 0 0.373834 0.927495
1028.100000000 14.1172 -0.341205 0 0 0 0.568077 0.822975
1029.200000000 14.3869 -0.0758385 0 0 0 0.306364 0.951914
1030.100000000 14.6688 -0.120744 0 0 0 -0.00758542 0.999971
1031.400000000 15.5915 -0.104678 0 0 0 0.0560895 0.998426
1032.800000000 16.5622 0.220794 0 0 0 0.223126 0.97479
1034.100000000 17.3436 0.767779 0 0 0 0.326996 0.945026
1035.400000000 18.2034 1.24076 0 0 0 0.198028 0.980196
1036.800000000 19.2329 1.44746 0 0 0 0.0527745 0.998606
1038.100000000 20.2031 1.45104 0 0 0 -0.0386418 0.999253
1039.400000000 21.1679 1.30031 0 0 0 -0.0800044 0.996795
1040.800000000 22.1954 1.12785 0 0 0 -0.0595533 0.998225
1042.100000000 23.0733 1.27116 0 0 0 0.14437 0.989524
1043.300000000 23.5203 1.6044 0 0 0 0.439159 0.898409
1043.900000000 23.408 1.6425 0 0 0 0.685469 0.728101
1044.700000000 23.2452 1.89842 0 0 0 0.849562 0.527489
1046.100000000 22.5867 2.44201 0 0 0 0.956565 0.291519
1047.600000000 21.6718 2.7758 0 0 0 0.99427 0.1069
1049.200000000 20.5854 2.77103 0 0 0 -0.999065 0.0432428
1050.500000000 19.6133 2.66818 0 0 0 -0.998993 0.0448772
1052.000000000 18.6466 2.62258 0 0 0 -0.999861 0.0166454
1053.900000000 17.696 2.60163 0 0 0 -0.999991 0.00431598
1057.600000000 16.7219 2.62516 0 0 0 0.999814 0.0192701
1061.100000000 15.7736 2.65357 0 0 0 0.999997 0.00253336
1062.700000000 14.6937 2.48892 0 0 0 -0.991755 0.12815
1064.200000000 13.721 1.93857 0 0 0 -0.944634 0.328126
1065.500000000 13.0788 1.26531 0 0 0 -0.919003 0.394251
1066.700000000 12.4363 0.607857 0 0 0 -0.922964 0.384886
1068.100000000 11.7005 -0.126568 0 0 0 -0.924085 0.382187
1069.500000000 10.9496 -0.87848 0 0 0 -0.924235 0.381825
1070.900000000 10.2181 -1.60615 0 0 0 -0.924219 0.381864
1072.100000000 9.58139 -2.23721 0 0 0 -0.924203 0.381901
1073.500000000 8.84168 -2.97905 0 0 0 -0.924272 0.381735
1074.800000000 8.14773 -3.67353 0 0 0 -0.924287 0.381698
1076.100000000 7.45736 -4.3652 0 0 0 -0.924282 0.38171
1077.300000000 6.8259 -4.99623 0 0 0 -0.924254 0.381778
1078.700000000 6.07248 -5.73985 0 0 0 -0.924138 0.382059
1080.000000000 5.37695 -6.43181 0 0 0 -0.924133 0.38207
1081.200000000 4.7412 -7.06239 0 0 0 -0.924224 0.38185
1082.500000000 4.04554 -7.75678 0 0 0 -0.924117 0.382109
1083.800000000 3.36573 -8.45 0 0 0 -0.9242 0.381908
1085.200000000 2.58911 -9.14691 0 0 0 -0.946575 0.322483
1086.700000000 1.6359 -9.45407 0 0 0 -0.996654 0.0817368
1088.000000000 0.678524 -9.41838 0 0 0 0.997884 0.065022
1089.400000000 -0.315875 -9.2431 0 0 0 0.997304 0.0733869
1091.100000000 -1.2551 -9.15462 0 0 0 0.999768 0.021535
1092.800000000 -2.26991 -9.20648 0 0 0 -0.999507 0.0314023
1094.100000000 -3.24944 -9.28053 0 0 0 -0.999181 0.0404542
1096.500000000 -4.13856 -9.32142 0 0 0 -0.999925 0.0122395
1100.300000000 -5.11477 -9.32091 0 0 0 -0.999999 0.00139739
1103.300000000 -6.15703 -9.27016 0 0 0 0.997064 0.0765704
1104.700000000 -7.16599 -8.98933 0 0 0 0.989346 0.145583
1106.000000000 -8.10542 -8.80656 0 0 0 0.996371 0.0851192
1107.600000000 -9.0875 -8.70251 0 0 0 0.999966 0.00830568
1109.400000000 -10.1238 -8.80176 0 0 0 -0.991701 0.128567
1110.700000000 -11.0335 -9.16457 0 0 0 -0.988128 0.153635
1112.000000000 -11.9724 -9.34898 0 0 0 -0.99834 0.0575936
1113.500000000 -12.8847 -9.38204 0 0 0 0.999999 0.00114528
1115.400000000 -13.8593 -9.31034 0 0 0 0.999165 0.0408559
1117.500000000 -14.8819 -9.33318 0 0 0 -0.997552 0.0699331
1118.900000000 -15.8019 -9.73907 0 0 0 -0.963909 0.266233
1120.200000000 -16.524 -10.376 0 0 0 -0.920482 0.390785
1121.500000000 -17.133 -11.1322 0 0 0 -0.907681 0.419661
1122.900000000 -17.8918 -11.8657 0 0 0 -0.93217 0.36202
1124.200000000 -18.7078 -12.384 0 0 0 -0.971605 0.236607
1125.500000000 -19.6403 -12.6516 0 0 0 -0.996663 0.0816307
1126.900000000 -20.6069 -12.5894 0 0 0 0.991229 0.132157
1128.300000000 -21.5309 -12.2718 0 0 0 0.995048 0.0993987
1129.700000000 -22.5609 -12.2919 0 0 0 -0.998959 0.0456081
1131.000000000 -23.5289 -12.4549 0 0 0 -0.996327 0.0856343
1132.300000000 -24.5092 -12.464 0 0 0 0.998191 0.0601143
1133.700000000 -25.3779 -12.0747 0 0 0 0.961263 0.275633
1135.100000000 -26.1045 -11.3706 0 0 0 0.918485 0.395456
1136.400000000 -26.7862 -10.676 0 0 0 0.922188 0.386741
1137.700000000 -27.4708 -9.98381 0 0 0 0.924641 0.380841
1138.900000000 -28.1155 -9.3427 0 0 0 0.924541 0.381082
1140.300000000 -28.8968 -8.65352 0 0 0 0.945415 0.325869
1141.600000000 -29.6048 -7.97604 0 0 0 0.911917 0.410374
1142.900000000 -30.1306 -7.16107 0 0 0 0.860664 0.509173
1144.300000000 -30.5296 -6.19888 0 0 0 0.8233 0.567606
1145.600000000 -30.9374 -5.33305 0 0 0 0.873938 0.486038
1146.900000000 -31.5996 -4.63922 0 0 0 0.933872 0.357606
1148.200000000 -32.4237 -4.11791 0 0 0 0.971319 0.237782
1149.500000000 -33.3505 -3.81357 0 0 0 0.99254 0.121918
1150.800000000 -34.3209 -3.68029 0 0 0 0.999563 0.0295531
1152.300000000 -35.261 -3.39826 0 0 0 0.970967 0.239213
1153.700000000 -35.8233 -2.74619 0 0 0 0.874644 0.484767
1155.000000000 -35.9853 -1.96124 0 0 0 0.728997 0.684517
1156.400000000 -35.7023 -1.18299 0 0 0 0.508395 0.861124
1157.900000000 -34.9452 -0.493435 0 0 0 0.29505 0.955482
1159.300000000 -34.0003 -0.154775 0 0 0 0.111768 0.993734
1160.700000000 -32.99 -0.0149273 0 0 0 0.0957933 0.995401
1162.000000000 -32.1075 0.328997 0 0 0 0.258548 0.965998
1163.500000000 -31.3149 1.08132 0 0 0 0.389097 0.921197
1164.800000000 -30.6229 1.77831 0 0 0 0.384084 0.923298
1166.200000000 -29.7815 2.39532 0 0 0 0.259402 0.965769
1167.700000000 -28.7333 2.65932 0 0 0 0.0537816 0.998553
1169.000000000 -27.7635 2.56653 0 0 0 -0.0825959 0.996583
1170.300000000 -26.8143 2.42495 0 0 0 -0.0419175 0.999121
1172.000000000 -25.8792 2.40688 0 0 0 0.00596526 0.999982
1175.100000000 -24.9245 2.51962 0 0 0 0.149515 0.988759
1175.700000000 -24.9761 2.62119 0 0 0 0.434513 0.900666
1176.300000000 -25.0951 2.6627 0 0 0 0.681323 0.731983
1176.900000000 -25.2166 2.63225 0 0 0 0.866888 0.498502
1177.600000000 -25.3021 2.5293 0 0 0 0.985254 0.171096
1178.300000000 -25.3069 2.39918 0 0 0 -0.984925 0.172981
1178.800000000 -25.2645 2.30368 0 0 0 -0.914775 0.403965
1180.000000000 -25.3582 1.67418 0 0 0 -0.762717 0.646732
1181.400000000 -25.2558 0.684579 0 0 0 -0.620463 0.784235
1182.700000000 -24.834 -0.169577 0 0 0 -0.478973 0.87783
1183.900000000 -24.3078 -0.887823 0 0 0 -0.464769 0.885432
1185.300000000 -23.8411 -1.82058 0 0 0 -0.573182 0.819428
1186.700000000 -23.7991 -2.77893 0 0 0 -0.736946 0.675951
1187.500000000 -23.9369 -2.91344 0 0 0 -0.907613 0.419808
1188.100000000 -23.9961 -2.81968 0 0 0 -0.990508 0.137455
1188.700000000 -24.0176 -2.70989 0 0 0 0.987631 0.156795
1189.300000000 -23.9397 -2.60961 0 0 0 0.899128 0.437685
1190.000000000 -23.8281 -2.55638 0 0 0 0.698811 0.715306
1191.000000000 -23.5573 -2.06814 0 0 0 0.517757 0.855527
1192.300000000 -22.9771 -1.29603 0 0 0 0.39938 0.916786
1193.700000000 -22.2537 -0.665812 0 0 0 0.357772 0.933809
1195.400000000 -21.5031 0.0642021 0 0 0 0.379709 0.925106
1196.700000000 -20.8203 0.752628 0 0 0 0.383609 0.923496
1197.900000000 -20.1868 1.38836 0 0 0 0.383608 0.923496
1199.200000000 -19.4758 2.05454 0 0 0 0.35113 0.936327
1200.600000000 -18.6064 2.59808 0 0 0 0.219069 0.975709
1202.000000000 -17.7167 2.76384 0 0 0 0.0519253 0.998651
1204.900000000 -16.69 2.719 0 0 0 -0.0498741 0.998756
1205.800000000 -16.4053 2.52851 0 0 0 -0.316952 0.948442
1206.900000000 -16.1279 1.9968 0 0 0 -0.54412 0.839008
1208.200000000 -15.9821 1.07652 0 0 0 -0.687122 0.726542
1209.500000000 -16.0547 0.105316 0 0 0 -0.740864 0.671655
1210.800000000 -16.1366 -0.86506 0 0 0 -0.726954 0.686686
1211.600000000 -16.0224 -0.958087 0 0 0 -0.45797 0.888967
1212.200000000 -15.9089 -0.896719 0 0 0 -0.205646 0.978627
1213.100000000 -15.5286 -0.84932 0 0 0 0.0639278 0.997955
1214.500000000 -14.5093 -0.591854 0 0 0 0.13965 0.990201
1215.800000000 -13.606 -0.275016 0 0 0 0.177397 0.984139
1217.700000000 -12.9319 0.120669 0 0 0 0.480731 0.876868
1218.300000000 -13.056 0.15202 0 0 0 0.718368 0.695663
1218.800000000 -13.1512 0.125891 0 0 0 0.867832 0.496858
1219.500000000 -13.2459 0.0207877 0 0 0 0.985681 0.168619
1220.100000000 -13.2541 -0.0901249 0 0 0 -0.991473 0.130311
1221.100000000 -13.6398 -0.457069 0 0 0 -0.931711 0.363202
1222.400000000 -14.2959 -1.17924 0 0 0 -0.898793 0.438373
1223.300000000 -14.3386 -1.42305 0 0 0 -0.715314 0.698803
1223.900000000 -14.2251 -1.39059 0 0 0 -0.476843 0.878988
1224.500000000 -14.123 -1.30048 0 0 0 -0.196351 0.980534
1225.200000000 -14.1023 -1.13208 0 0 0 0.138585 0.99035
1226.700000000 -13.2957 -0.548823 0 0 0 0.344606 0.938748
1228.000000000 -12.6102 0.204575 0 0 0 0.395782 0.918344
1229.800000000 -11.9208 0.941765 0 0 0 0.398259 0.917273
1233.300000000 -11.2057 1.6312 0 0 0 0.38467 0.923054
1234.800000000 -10.4403 2.28356 0 0 0 0.325279 0.945618
1236.100000000 -9.58735 2.7173 0 0 0 0.176715 0.984262
1237.800000000 -8.54726 2.8604 0 0 0 0.00809382 0.999967
1239.200000000 -7.53303 2.75111 0 0 0 -0.0736557 0.997284
1240.400000000 -6.60059 2.64891 0 0 0 -0.0338708 0.999426
1242.600000000 -5.62065 2.65751 0 0 0 0.0124615 0.999922
1245.500000000 -4.68991 2.66997 0 0 0 0.00745414 0.999972
1249.300000000 -3.68725 2.67795 0 0 0 0.00400907 0.999992
1253.000000000 -2.72981 2.68634 0 0 0 0.00395716 0.999992
1256.700000000 -1.76939 2.69183 0 0 0 0.00391464 0.999992
1260.400000000 -0.806399 2.70031 0 0 0 0.00396413 0.999992
1264.100000000 0.157141 2.71091 0 0 0 0.00409136 0.999992
1267.300000000 1.16393 2.71889 0 0 0 0.00405846 0.999992
1270.900000000 2.12232 2.72506 0 0 0 0.00392637 0.999992
1274.600000000 3.08393 2.73113 0 0 0 0.00381664 0.999993
1278.300000000 4.04304 2.74361 0 0 0 0.00396449 0.999992
1281.900000000 4.9826 2.75294 0 0 0 0.00409035 0.999992
1285.700000000 5.97503 2.75992 0 0 0 0.00397629 0.999992
1288.500000000 6.96548 2.76821 0 0 0 0.00393982 0.999992
1291.800000000 7.91446 2.78182 0 0 0 0.00385175 0.999993
1295.500000000 8.95439 2.79536 0 0 0 0.00373939 0.999993
1297.000000000 9.91792 2.80833 0 0 0 0.00365179 0.999993
1298.400000000 10.9684 2.76612 0 0 0 -0.0208691 0.999782
1299.700000000 11.9339 2.66819 0 0 0 -0.0520124 0.998646
1301.400000000 12.7732 2.72353 0 0 0 0.269104 0.963111
1302.000000000 12.6849 2.80479 0 0 0 0.54134 0.840804
1302.500000000 12.5726 2.82229 0 0 0 0.732297 0.680986
1303.200000000 12.4714 2.76626 0 0 0 0.921728 0.387837
1303.800000000 12.4239 2.67974 0 0 0 0.995181 0.0980511
1304.300000000 12.3687 2.57246 0 0 0 -0.992872 0.119189
1305.500000000 11.9622 2.15456 0 0 0 -0.924284 0.381705
1306.800000000 11.2603 1.34416 0 0 0 -0.874357 0.485284
1307.500000000 11.3725 1.24074 0 0 0 -0.689936 0.72387
1308.100000000 11.4814 1.28292 0 0 0 -0.445174 0.895444
1308.700000000 11.5505 1.37654 0 0 0 -0.160907 0.98697
1309.300000000 11.6208 1.49188 0 0 0 0.104399 0.994536
1311.000000000 12.4832 2.16575 0 0 0 0.362366 0.932036
1312.500000000 13.441 2.75222 0 0 0 0.21186 0.9773
1313.700000000 13.927 2.79286 0 0 0 -0.129533 0.991575
1314.200000000 13.8826 2.70669 0 0 0 -0.367184 0.930148
1314.800000000 13.7867 2.64242 0 0 0 -0.621913 0.783086
1315.600000000 13.6411 2.46848 0 0 0 -0.83111 0.556109
1317.000000000 12.9687 1.90918 0 0 0 -0.938414 0.345514
1318.200000000 12.2961 1.26721 0 0 0 -0.92958 0.36862
1319.600000000 11.5948 0.551497 0 0 0 -0.922299 0.386477
1320.900000000 10.9124 -0.133532 0 0 0 -0.922245 0.386605
1322.300000000 10.1664 -0.883357 0 0 0 -0.922124 0.386894
1323.600000000 9.48404 -1.5728 0 0 0 -0.922226 0.386651
1324.900000000 8.79903 -2.26999 0 0 0 -0.922201 0.386712
1326.300000000 8.05894 -3.02114 0 0 0 -0.922193 0.38673
1327.500000000 7.42874 -3.66496 0 0 0 -0.92219 0.386737
1328.900000000 6.69437 -4.41498 0 0 0 -0.922187 0.386745
1330.100000000 6.06566 -5.05515 0 0 0 -0.922179 0.386764
1331.500000000 5.32843 -5.80662 0 0 0 -0.922206 0.3867
1332.700000000 4.69966 -6.44922 0 0 0 -0.922211 0.386686
1334.100000000 3.96272 -7.19834 0 0 0 -0.922194 0.386729
1335.400000000 3.27806 -7.89481 0 0 0 -0.922203 0.386707
1336.700000000 2.61637 -8.59088 0 0 0 -0.908881 0.417055
1337.300000000 2.65153 -8.68709 0 0 0 -0.767779 0.640715
1338.000000000 2.80278 -8.66463 0 0 0 -0.501175 0.865346
1338.600000000 2.88558 -8.57849 0 0 0 -0.223265 0.974758
1339.200000000 2.97023 -8.48081 0 0 0 0.0416795 0.999131
1340.100000000 3.29059 -8.27108 0 0 0 0.298409 0.954438
1341.400000000 3.95231 -7.54947 0 0 0 0.401397 0.915904
1342.700000000 4.63081 -6.86464 0 0 0 0.383761 0.923433
1344.000000000 5.31983 -6.1815 0 0 0 0.38148 0.924377
1345.300000000 6.01504 -5.49352 0 0 0 0.381477 0.924378
1346.600000000 6.70284 -4.80502 0 0 0 0.381469 0.924382
1348.000000000 7.45002 -4.06412 0 0 0 0.381498 0.92437
1349.300000000 8.14059 -3.371 0 0 0 0.381517 0.924362
1350.600000000 8.83118 -2.68251 0 0 0 0.381516 0.924362
1351.900000000 9.51674 -1.99948 0 0 0 0.381505 0.924367
1353.300000000 10.2624 -1.24949 0 0 0 0.381476 0.924379
1354.600000000 10.9569 -0.561582 0 0 0 0.381479 0.924377
1355.900000000 11.6432 0.124643 0 0 0 0.381454 0.924388
1357.200000000 12.3347 0.812663 0 0 0 0.381405 0.924408
1358.600000000 13.0796 1.55502 0 0 0 0.381313 0.924446
1359.900000000 13.8152 2.18736 0 0 0 0.325001 0.945714
1361.200000000 14.6479 2.69461 0 0 0 0.239922 0.970792
1362.000000000 14.8239 2.65884 0 0 0 -0.074322 0.997234
1362.600000000 14.7815 2.53557 0 0 0 -0.360156 0.932892
1363.300000000 14.6827 2.42649 0 0 0 -0.6406 0.767875
1364.100000000 14.5391 2.29024 0 0 0 -0.848844 0.528643
1365.800000000 13.7292 1.6175 0 0 0 -0.944124 0.329591
1367.100000000 13.0122 1.02063 0 0 0 -0.914694 0.404148
1367.700000000 13.1055 0.943039 0 0 0 -0.763226 0.646131
1368.200000000 13.1886 0.953717 0 0 0 -0.578753 0.815503
1368.900000000 13.3103 1.0395 0 0 0 -0.265065 0.964231
1369.700000000 13.4601 1.1472 0 0 0 0.0595202 0.998227
1370.500000000 13.7075 1.36282 0 0 0 0.305851 0.952079
1371.900000000 14.2941 2.12535 0 0 0 0.493663 0.869653
1373.200000000 14.7705 2.87443 0 0 0 0.41335 0.910572
1374.500000000 15.4273 3.15358 0 0 0 0.133251 0.991082
1375.800000000 16.2319 3.07048 0 0 0 -0.11158 0.993755
1377.200000000 17.1996 2.70628 0 0 0 -0.167725 0.985834
1378.500000000 18.1548 2.53664 0 0 0 -0.0497683 0.998761
1379.300000000 18.2812 2.6524 0 0 0 0.271491 0.962441
1379.800000000 18.2131 2.71734 0 0 0 0.501159 0.865355
1380.400000000 18.0958 2.74551 0 0 0 0.734553 0.678552
1381.100000000 17.9861 2.6863 0 0 0 0.922634 0.385677
1382.100000000 17.5723 2.78204 0 0 0 0.994908 0.100785
1383.500000000 16.5225 2.82205 0 0 0 -0.999983 0.00588534
1384.900000000 15.4746 2.72382 0 0 0 -0.997263 0.0739299
1385.700000000 15.3784 2.58477 0 0 0 -0.928657 0.370938
1386.200000000 15.4482 2.52979 0 0 0 -0.807593 0.589741
1386.900000000 15.5886 2.52987 0 0 0 -0.556505 0.830844
1387.600000000 15.7741 2.49713 0 0 0 -0.30976 0.950815
1388.400000000 16.1285 2.44788 0 0 0 -0.0874967 0.996165
1389.800000000 17.1673 2.48972 0 0 0 0.0611214 0.99813
1391.400000000 17.9267 2.77652 0 0 0 0.391718 0.920085
1391.900000000 17.8408 2.82949 0 0 0 0.606711 0.794923
1392.500000000 17.7305 2.82637 0 0 0 0.814518 0.580138
1393.200000000 17.5935 2.76557 0 0 0 0.960836 0.277116
1394.100000000 17.1987 2.78676 0 0 0 0.999574 0.0291812
1395.400000000 16.2191 2.75327 0 0 0 -0.999408 0.0344015
1396.700000000 15.2686 2.6521 0 0 0 -0.998133 0.0610738
1398.200000000 14.2982 2.3659 0 0 0 -0.978437 0.206543
1399.600000000 13.4813 1.74472 0 0 0 -0.933328 0.359025
1400.800000000 12.8493 1.10367 0 0 0 -0.919006 0.394244
1402.100000000 12.178 0.400768 0 0 0 -0.9237 0.383116
1403.500000000 11.4373 -0.33642 0 0 0 -0.925616 0.378465
1404.800000000 10.7437 -1.01202 0 0 0 -0.923534 0.383516
1406.100000000 10.1042 -1.64701 0 0 0 -0.923597 0.383366
1407.400000000 9.35545 -2.38758 0 0 0 -0.923542 0.383497
1408.700000000 8.67101 -3.08446 0 0 0 -0.923533 0.383518
1410.100000000 7.92523 -3.82417 0 0 0 -0.923533 0.383518
1411.500000000 7.18241 -4.57464 0 0 0 -0.923535 0.383514
1412.800000000 6.49778 -5.25969 0 0 0 -0.923533 0.383518
1414.100000000 5.80818 -5.95476 0 0 0 -0.92355 0.383479
1415.500000000 5.06897 -6.6974 0 0 0 -0.923673 0.383183
1416.800000000 4.37487 -7.39199 0 0 0 -0.923689 0.383142
1418.000000000 3.74228 -8.02403 0 0 0 -0.92372 0.383068
1419.400000000 2.99828 -8.76895 0 0 0 -0.923698 0.383122
1420.700000000 2.2841 -9.43801 0 0 0 -0.936999 0.349332
1422.000000000 1.50466 -10.0185 0 0 0 -0.952497 0.304548
1423.300000000 0.666313 -10.5166 0 0 0 -0.968094 0.250586
1424.700000000 -0.248198 -10.964 0 0 0 -0.975627 0.219436
1426.500000000 -1.11978 -11.3571 0 0 0 -0.979528 0.201306
1428.000000000 -2.02312 -11.9141 0 0 0 -0.950022 0.312182
1429.400000000 -2.78178 -12.6454 0 0 0 -0.920455 0.39085
1430.700000000 -3.46684 -13.3474 0 0 0 -0.921394 0.38863
1432.000000000 -4.15274 -14.0397 0 0 0 -0.923998 0.382397
1433.300000000 -4.84559 -14.7246 0 0 0 -0.923838 0.382784
1434.600000000 -5.54437 -15.4156 0 0 0 -0.930465 0.366382
1436.000000000 -6.34255 -16.0345 0 0 0 -0.965504 0.26039
1437.400000000 -7.28906 -16.3049 0 0 0 -0.996023 0.0890964
1438.800000000 -8.30514 -16.2853 0 0 0 0.998659 0.0517702
1440.100000000 -9.29245 -16.1628 0 0 0 0.999054 0.0434793
1441.400000000 -10.2161 -16.104 0 0 0 0.999704 0.0243176
1443.500000000 -11.1964 -16.108 0 0 0 -0.999999 0.00164606
1445.500000000 -11.6282 -16.2351 0 0 0 -0.951776 0.306793
1446.100000000 -11.5231 -16.3015 0 0 0 -0.818587 0.574382
1446.700000000 -11.4085 -16.3036 0 0 0 -0.612162 0.790732
1447.300000000 -11.296 -16.2445 0 0 0 -0.351531 0.936176
1448.000000000 -11.2565 -16.1165 0 0 0 -0.0091223 0.999958
1449.100000000 -10.7949 -15.8355 0 0 0 0.280053 0.959984
1450.500000000 -10.1135 -15.1043 0 0 0 0.447305 0.894381
1451.800000000 -9.5186 -14.3623 0 0 0 0.409296 0.912402
1453.100000000 -8.79652 -13.6149 0 0 0 0.370642 0.928776
1454.400000000 -8.09216 -13.0322 0 0 0 0.333393 0.942788
1455.700000000 -7.22256 -12.4948 0 0 0 0.197562 0.98029
1457.200000000 -6.18404 -12.3926 0 0 0 0.010307 0.999947
1458.700000000 -5.20232 -12.44 0 0 0 -0.0527521 0.998608
1460.400000000 -4.27228 -12.5621 0 0 0 -0.00390888 0.999992
1461.800000000 -3.21886 -12.3081 0 0 0 0.167226 0.985919
1463.200000000 -2.42838 -11.7334 0 0 0 0.353167 0.93556
1464.900000000 -1.7166 -11.0209 0 0 0 0.390574 0.920572
1467.100000000 -1.03684 -10.3405 0 0 0 0.383917 0.923368
1468.700000000 -0.282067 -9.58072 0 0 0 0.384022 0.923324
1470.200000000 0.38674 -8.8617 0 0 0 0.391294 0.920266
1471.500000000 1.1212 -8.21019 0 0 0 0.334895 0.942255
1472.800000000 1.93212 -7.62293 0 0 0 0.303756 0.95275
1474.100000000 2.71307 -7.06066 0 0 0 0.319292 0.947656
1475.500000000 3.51073 -6.36901 0 0 0 0.363705 0.931514
1476.800000000 4.2046 -5.68294 0 0 0 0.389191 0.921157
1478.100000000 4.88444 -4.98669 0 0 0 0.381143 0.924516
1479.400000000 5.57925 -4.30267 0 0 0 0.382039 0.924146
1480.700000000 6.27347 -3.61375 0 0 0 0.382033 0.924149
1482.000000000 6.96398 -2.92155 0 0 0 0.382048 0.924142
1483.200000000 7.59872 -2.28988 0 0 0 0.382071 0.924133
1484.500000000 8.29401 -1.59865 0 0 0 0.382022 0.924153
1485.900000000 9.03436 -0.856726 0 0 0 0.381976 0.924172
1487.300000000 9.78153 -0.115547 0 0 0 0.381958 0.92418
1488.600000000 10.4723 0.569174 0 0 0 0.381923 0.924194
1489.900000000 11.1628 1.2585 0 0 0 0.381823 0.924235
1491.200000000 11.8591 1.93841 0 0 0 0.369913 0.929066
1492.500000000 12.637 2.52003 0 0 0 0.285866 0.95827
1493.800000000 13.5352 2.89666 0 0 0 0.143523 0.989647
1495.100000000 14.504 2.9999 0 0 0 0.00338205 0.999994
1496.400000000 15.4656 2.82468 0 0 0 -0.110672 0.993857
1497.800000000 16.4971 2.62724 0 0 0 -0.0662598 0.997802
1499.100000000 17.4708 2.60506 0 0 0 0.0136713 0.999907
1500.400000000 18.4452 2.61876 0 0 0 0.00424911 0.999991
1501.700000000 19.4196 2.61887 0 0 0 -0.00107155 0.999999
1503.000000000 20.3959 2.61734 0 0 0 -0.000607801 1
1504.400000000 21.4495 2.61572 0 0 0 -0.000962255 1
1505.700000000 22.4243 2.61115 0 0 0 -0.0010558 0.999999
1507.000000000 23.3995 2.61235 0 0 0 -0.0012162 0.999999
1508.300000000 24.3762 2.61181 0 0 0 -0.00112831 0.999999
1509.600000000 25.3465 2.57638 0 0 0 -0.066838 0.997764
1511.100000000 26.0568 2.25255 0 0 0 -0.38832 0.921525
1511.600000000 25.9742 2.20648 0 0 0 -0.601764 0.798674
1512.300000000 25.8454 2.2182 0 0 0 -0.836233 0.548375
1512.900000000 25.7345 2.26768 0 0 0 -0.958059 0.286572
1513.600000000 25.5056 2.3065 0 0 0 -0.998924 0.0463678
1515.100000000 24.5511 2.55144 0 0 0 0.989826 0.142282
1516.900000000 23.6225 2.72873 0 0 0 0.998695 0.0510773
1517.600000000 23.6 2.61164 0 0 0 -0.963017 0.26944
1518.200000000 23.675 2.5319 0 0 0 -0.840456 0.54188
1518.800000000 23.7906 2.51857 0 0 0 -0.64272 0.766101
1519.400000000 23.9277 2.46651 0 0 0 -0.433937 0.900943
1520.200000000 24.1997 2.417 0 0 0 -0.174687 0.984624
1521.300000000 24.7731 2.47521 0 0 0 0.0827626 0.996569
1522.600000000 25.7335 2.67015 0 0 0 0.09115 0.995837
1524.000000000 26.5577 2.49477 0 0 0 -0.179023 0.983845
1525.500000000 27.3501 1.85809 0 0 0 -0.382544 0.923937
1526.800000000 28.0169 1.1611 0 0 0 -0.397003 0.917817
1528.100000000 28.7036 0.462685 0 0 0 -0.383042 0.923731
1529.600000000 29.2248 0.125449 0 0 0 -0.0373964 0.999301
1530.100000000 29.2065 0.222665 0 0 0 0.21055 0.977583
1530.800000000 29.1075 0.327668 0 0 0 0.534013 0.845477
1531.500000000 29.0147 0.498052 0 0 0 0.741931 0.670476
1532.300000000 28.8154 0.747396 0 0 0 0.883811 0.467844
1533.600000000 28.1395 1.43674 0 0 0 0.92787 0.372904
1534.900000000 27.4098 2.07263 0 0 0 0.940744 0.339117
1536.300000000 26.5136 2.63825 0 0 0 0.975496 0.220018
1537.800000000 25.6369 2.84397 0 0 0 0.99712 0.0758421
1539.200000000 24.5891 2.7854 0 0 0 -0.997501 0.0706548
1540.500000000 23.6249 2.62011 0 0 0 -0.995843 0.0910858
1542.100000000 22.6742 2.53795 0 0 0 -0.999922 0.0125207
1544.700000000 21.7388 2.56765 0 0 0 0.999694 0.0247334
1548.900000000 20.7878 2.63037 0 0 0 0.999465 0.0327187
1553.000000000 19.8158 2.65636 0 0 0 0.999971 0.00760151
1556.200000000 18.8238 2.66123 0 0 0 0.999998 0.00188725
1559.600000000 17.8522 2.67399 0 0 0 0.999998 0.00203925
1563.300000000 16.8594 2.67799 0 0 0 0.999998 0.00208961
1566.900000000 15.8916 2.68387 0 0 0 0.999998 0.00205202
1569.100000000 14.8603 2.58127 0 0 0 -0.996802 0.0799169
1570.600000000 13.9761 2.1169 0 0 0 -0.945005 0.327056
1571.900000000 13.3065 1.41731 0 0 0 -0.919091 0.394046
1573.200000000 12.6173 0.732287 0 0 0 -0.923657 0.38322
1574.500000000 11.9305 0.0378366 0 0 0 -0.923663 0.383205
1575.800000000 11.2413 -0.652879 0 0 0 -0.923661 0.38321
1577.100000000 10.5483 -1.34036 0 0 0 -0.923574 0.383421
1578.500000000 9.80902 -2.08034 0 0 0 -0.92366 0.383214
1579.900000000 9.06512 -2.82129 0 0 0 -0.923633 0.383277
1581.300000000 8.3203 -3.56705 0 0 0 -0.923635 0.383272
1582.600000000 7.63247 -4.26227 0 0 0 -0.923638 0.383265
1583.900000000 6.94248 -4.94829 0 0 0 -0.923641 0.383259
1585.200000000 6.2576 -5.64349 0 0 0 -0.92364 0.383261
1586.500000000 5.56397 -6.32868 0 0 0 -0.923649 0.383239
1587.700000000 4.927 -6.96873 0 0 0 -0.923641 0.38326
1589.100000000 4.18749 -7.70959 0 0 0 -0.92364 0.383261
1590.500000000 3.44146 -8.45442 0 0 0 -0.923639 0.383265
1591.700000000 2.79992 -9.09027 0 0 0 -0.929136 0.369738
1593.100000000 1.99412 -9.76344 0 0 0 -0.945642 0.32521
1594.200000000 1.30295 -10.2136 0 0 0 -0.958516 0.28504
1595.700000000 0.676168 -10.4722 0 0 0 0.998972 0.0453404
1596.300000000 0.703947 -10.3778 0 0 0 0.942509 0.33418
1596.900000000 0.809584 -10.2833 0 0 0 0.804407 0.594079
1597.400000000 0.910921 -10.2725 0 0 0 0.635143 0.772394
1598.100000000 1.00853 -10.3291 0 0 0 0.337277 0.941405
1598.800000000 1.18835 -10.3544 0 0 0 0.0673913 0.997727
1599.700000000 1.62566 -10.5207 0 0 0 -0.152442 0.988312
1601.200000000 2.27982 -10.9561 0 0 0 -0.464367 0.885643
1601.800000000 2.17197 -11 0 0 0 -0.702091 0.712087
1602.400000000 2.05615 -10.9759 0 0 0 -0.878902 0.477002
1603.000000000 1.97855 -10.8991 0 0 0 -0.979704 0.20045
1604.000000000 1.44237 -10.8781 0 0 0 0.999347 0.0361355
1605.400000000 0.41657 -10.7844 0 0 0 -0.999998 0.00202283
1606.800000000 -0.571176 -10.9844 0 0 0 -0.989062 0.147498
1608.000000000 -1.38732 -11.3786 0 0 0 -0.968093 0.250591
1609.300000000 -2.13708 -11.9883 0 0 0 -0.933208 0.359337
1610.600000000 -2.83789 -12.6688 0 0 0 -0.929985 0.367596
1612.000000000 -3.6706 -13.2927 0 0 0 -0.966082 0.258234
1613.300000000 -4.58237 -13.6197 0 0 0 -0.991957 0.126574
1614.200000000 -4.78828 -13.5271 0 0 0 0.977596 0.210489
1614.800000000 -4.70345 -13.4343 0 0 0 0.873841 0.486212
1615.500000000 -4.62287 -13.3891 0 0 0 0.657069 0.753831
1616.100000000 -4.50867 -13.4268 0 0 0 0.409003 0.912533
1616.800000000 -4.30176 -13.4457 0 0 0 0.150393 0.988626
1617.700000000 -3.92033 -13.556 0 0 0 -0.0992352 0.995064
1619.000000000 -3.32849 -13.9328 0 0 0 -0.387671 0.921798
1619.600000000 -3.34744 -13.9911 0 0 0 -0.640209 0.768201
1620.200000000 -3.53091 -14.0136 0 0 0 -0.828609 0.559828
1621.900000000 -4.33075 -14.7533 0 0 0 -0.94036 0.340182
1623.200000000 -5.04704 -15.4086 0 0 0 -0.929139 0.36973
1624.500000000 -5.79567 -16.039 0 0 0 -0.945421 0.325852
1626.000000000 -6.75407 -16.4396 0 0 0 -0.993876 0.110499
1627.500000000 -7.85215 -16.3792 0 0 0 0.998085 0.0618572
1628.700000000 -8.7213 -16.2639 0 0 0 0.99787 0.0652381
1630.300000000 -9.71344 -16.207 0 0 0 0.999913 0.0131718
1632.600000000 -10.7217 -16.2122 0 0 0 -1 0.000891323
1636.400000000 -11.7396 -16.214 0 0 0 -1 0.000895752
1640.100000000 -12.7051 -16.2165 0 0 0 -1 0.000907478
1643.700000000 -13.6375 -16.2199 0 0 0 -1 0.000886349
1647.400000000 -14.6056 -16.221 0 0 0 -1 0.00092297
1651.200000000 -15.5877 -16.2213 0 0 0 -0.999999 0.00109275
1653.600000000 -16.6329 -16.2277 0 0 0 -1 0.000945602
1654.800000000 -17.529 -16.2329 0 0 0 -1 0.000787267
1656.100000000 -18.5035 -16.2357 0 0 0 -1 0.000621269
1657.500000000 -19.5582 -16.2381 0 0 0 -1 0.00043821
1658.800000000 -20.5326 -16.2423 0 0 0 -1 0.000449235
1660.100000000 -21.5071 -16.2445 0 0 0 -1 0.000285795
1661.400000000 -22.4816 -16.2283 0 0 0 0.999819 0.0190384
1662.800000000 -23.5366 -16.1801 0 0 0 0.999723 0.023517
1664.100000000 -24.5091 -16.1538 0 0 0 1 0.000880621
1665.500000000 -25.5622 -16.1565 0 0 0 -0.999999 0.00154592
1666.900000000 -26.6084 -16.1564 0 0 0 -0.999999 0.00168144
1668.100000000 -27.5147 -16.1579 0 0 0 -0.999998 0.00184238
1669.500000000 -28.5363 -16.1073 0 0 0 0.996322 0.0856915
1671.000000000 -29.4153 -15.6271 0 0 0 0.946953 0.321373
1672.400000000 -30.0941 -14.8452 0 0 0 0.87659 0.481237
1673.700000000 -30.4452 -13.9472 0 0 0 0.828144 0.560516
1675.000000000 -30.8969 -13.1284 0 0 0 0.889584 0.456773
1676.500000000 -31.7304 -12.4822 0 0 0 0.967577 0.252578
1677.900000000 -32.6494 -12.2565 0 0 0 0.999501 0.0315947
1679.400000000 -33.7433 -12.4025 0 0 0 -0.99642 0.0845366
1681.100000000 -34.746 -12.3842 0 0 0 0.98832 0.152395
1682.400000000 -35.1692 -11.9849 0 0 0 0.872713 0.488234
1683.100000000 -35.0388 -11.9462 0 0 0 0.656752 0.754107
1683.700000000 -34.9153 -11.9699 0 0 0 0.410069 0.912055
1684.400000000 -34.7902 -12.0469 0 0 0 0.120395 0.992726
1685.100000000 -34.5789 -12.1432 0 0 0 -0.122026 0.992527
1686.500000000 -33.599 -12.4617 0 0 0 -0.116943 0.993139
1688.000000000 -32.6412 -12.4515 0 0 0 0.0196244 0.999807
1689.400000000 -31.6233 -12.6061 0 0 0 -0.122375 0.992484
1690.700000000 -30.6743 -12.8383 0 0 0 -0.101334 0.994852
1692.400000000 -29.5834 -12.9631 0 0 0 -0.0434975 0.999054
1693.700000000 -28.6242 -13.1153 0 0 0 -0.0838526 0.996478
1694.900000000 -27.7329 -13.2542 0 0 0 -0.0725141 0.997367
1696.900000000 -26.7261 -13.3596 0 0 0 -0.0361138 0.999348
1701.000000000 -25.7298 -13.3792 0 0 0 -0.00958504 0.999954
1704.100000000 -24.7331 -13.3968 0 0 0 -0.00168376 0.999999
1705.800000000 -23.8076 -13.3992 0 0 0 -0.00126254 0.999999
1707.200000000 -22.7655 -13.3438 0 0 0 0.0300271 0.999549
1708.700000000 -21.8242 -13.3155 0 0 0 0.00543879 0.999985
1710.600000000 -20.8182 -13.3192 0 0 0 -0.000799008 1
1712.500000000 -19.7857 -13.3209 0 0 0 -0.000809249 1
1714.400000000 -18.8543 -13.3237 0 0 0 -0.00514582 0.999987
1717.500000000 -17.7085 -13.5898 0 0 0 -0.183244 0.983068
1718.900000000 -16.7303 -14.0351 0 0 0 -0.189286 0.981922
1720.700000000 -15.8413 -14.2382 0 0 0 -0.0623005 0.998057
1722.400000000 -14.7903 -14.1952 0 0 0 0.0566946 0.998392
1723.900000000 -13.7045 -13.9905 0 0 0 0.104008 0.994576
1725.600000000 -12.8229 -13.9297 0 0 0 0.0240347 0.999711
1729.100000000 -11.8222 -13.9255 0 0 0 -0.0232271 0.99973
1734.000000000 -10.854 -13.9902 0 0 0 -0.0336945 0.999432
1738.900000000 -9.86133 -14.0498 0 0 0 -0.0212674 0.999774
1741.800000000 -8.91945 -14.0624 0 0 0 -0.00367686 0.999993
1744.900000000 -7.91224 -14.067 0 0 0 -0.00245491 0.999997
1748.400000000 -6.95904 -14.072 0 0 0 -0.00246358 0.999997
1752.300000000 -5.98081 -14.0771 0 0 0 -0.00247211 0.999997
1756.100000000 -4.99342 -14.0811 0 0 0 -0.00243123 0.999997
1759.800000000 -4.04622 -14.0841 0 0 0 -0.00246658 0.999997
1763.500000000 -3.08423 -14.0913 0 0 0 -0.00235209 0.999997
1766.500000000 -2.0606 -14.0729 0 0 0 0.0245148 0.999699
1767.800000000 -1.08853 -13.9542 0 0 0 0.0699718 0.997549
1769.100000000 -0.114894 -13.8224 0 0 0 0.0643085 0.99793
1770.400000000 0.851181 -13.7007 0 0 0 0.0625991 0.998039
1771.700000000 1.80535 -13.5941 0 0 0 0.0632021 0.998001
1773.200000000 2.80217 -13.3452 0 0 0 0.193508 0.981099
1774.600000000 3.57867 -12.7845 0 0 0 0.290696 0.956816
1776.000000000 4.5439 -12.457 0 0 0 0.102744 0.994708
1777.200000000 5.66808 -12.6907 0 0 0 -0.0522929 0.998632
1779.300000000 6.68082 -12.6704 0 0 0 0.0764624 0.997072
1780.700000000 7.39492 -12.1324 0 0 0 0.320111 0.94738
1782.000000000 8.12811 -11.5388 0 0 0 0.396318 0.918113
1783.400000000 8.89658 -10.7824 0 0 0 0.312294 0.949986
1784.800000000 9.83329 -10.4168 0 0 0 0.151442 0.988466
1786.100000000 10.7997 -10.3062 0 0 0 -0.00377964 0.999993
1787.400000000 11.7651 -10.3933 0 0 0 -0.0466187 0.998913
1788.700000000 12.6303 -10.6484 0 0 0 -0.218159 0.975913
1790.200000000 13.3662 -11.348 0 0 0 -0.444134 0.89596
1791.000000000 13.3249 -11.4889 0 0 0 -0.721699 0.692208
1791.600000000 13.2024 -11.456 0 0 0 -0.891887 0.452258
1792.200000000 13.1116 -11.3627 0 0 0 -0.984793 0.173731
1792.800000000 13.0961 -11.2505 0 0 0 0.992708 0.120545
1793.300000000 13.1236 -11.1609 0 0 0 0.93336 0.35894
1794.000000000 13.2218 -11.0813 0 0 0 0.757222 0.653158
1794.700000000 13.346 -10.9078 0 0 0 0.564971 0.825111
1795.300000000 13.4955 -10.8297 0 0 0 0.367668 0.929957
1798.700000000 14.3877 -10.4253 0 0 0 0.27387 0.961767
1800.400000000 14.4141 -10.2478 0 0 0 0.546616 0.837383
1801.100000000 14.329 -10.125 0 0 0 0.765146 0.643857
1801.900000000 14.1488 -10.0831 0 0 0 0.935677 0.352857
1802.600000000 14.0235 -10.141 0 0 0 0.997809 0.0661664
1803.300000000 13.9671 -10.2762 0 0 0 -0.971742 0.236047
1803.900000000 13.9789 -10.3845 0 0 0 -0.874232 0.485509
1804.400000000 14.0376 -10.4586 0 0 0 -0.744226 0.667928
1805.100000000 14.1661 -10.4762 0 0 0 -0.485849 0.874043
1805.700000000 14.2484 -10.4016 0 0 0 -0.229742 0.973252
1807.100000000 14.3948 -10.6064 0 0 0 -0.507191 0.861834
1807.800000000 14.2764 -10.6853 0 0 0 -0.751411 0.659834
1808.500000000 14.1514 -10.6855 0 0 0 -0.921186 0.389123
1809.100000000 14.0489 -10.6148 0 0 0 -0.992208 0.12459
1809.700000000 14.0233 -10.5148 0 0 0 0.987764 0.155958
1810.400000000 14.0345 -10.3816 0 0 0 0.88761 0.460595
1810.900000000 14.1074 -10.3241 0 0 0 0.759182 0.650879
1811.500000000 14.2232 -10.3306 0 0 0 0.536731 0.843753
1813.400000000 14.2103 -10.0408 0 0 0 0.768177 0.640238
1814.000000000 14.0949 -10.0201 0 0 0 0.907811 0.419379
1814.600000000 13.9728 -10.0533 0 0 0 0.985617 0.168993
1815.300000000 13.9087 -10.1755 0 0 0 -0.990359 0.138522
1816.000000000 13.9133 -10.3098 0 0 0 -0.899809 0.436284
1816.600000000 13.9755 -10.4116 0 0 0 -0.751315 0.659944
1817.200000000 14.0788 -10.4297 0 0 0 -0.543218 0.839592
1819.200000000 14.1529 -10.688 0 0 0 -0.781647 0.623722
1820.000000000 14.0203 -10.5991 0 0 0 -0.960944 0.276744
1820.600000000 13.9756 -10.4865 0 0 0 0.999889 0.0149135
1821.200000000 13.9875 -10.3774 0 0 0 0.952269 0.305261
1821.800000000 14.071 -10.3013 0 0 0 0.821895 0.569638
1823.400000000 13.8782 -10.0199 0 0 0 0.960452 0.278444
1824.000000000 13.8351 -10.1209 0 0 0 -0.999994 0.00346318
1824.600000000 13.8503 -10.2356 0 0 0 -0.95827 0.285864
1825.100000000 13.9109 -10.3148 0 0 0 -0.861426 0.507883
1825.700000000 13.9976 -10.3344 0 0 0 -0.6717 0.740823
1826.400000000 14.1544 -10.3332 0 0 0 -0.419019 0.907978
1827.700000000 14.1656 -10.5777 0 0 0 -0.704776 0.70943
1828.400000000 14.0472 -10.5827 0 0 0 -0.89453 0.447009
1829.000000000 13.9679 -10.5214 0 0 0 -0.983821 0.179152
1829.600000000 13.9188 -10.4063 0 0 0 0.994376 0.105906
1830.200000000 13.9463 -10.3038 0 0 0 0.923125 0.384499
1830.500000000 14.0326 -10.1286 0 0 0 0.72372 0.690094
1830.600000000 14.0057 -10.257 0 0 0 0.829874 0.557951
1831.200000000 14.1196 -10.2364 0 0 0 0.631738 0.775182
1833.700000000 14.3879 -9.27102 0 0 0 0.473587 0.880747
1834.600000000 14.7015 -9.15348 0 0 0 0.202028 0.97938
1835.300000000 14.888 -9.2262 0 0 0 -0.058731 0.998274
1836.700000000 15.8028 -9.53716 0 0 0 -0.172553 0.985
1838.600000000 16.7422 -9.83255 0 0 0 -0.117076 0.993123
1840.000000000 17.7591 -9.86062 0 0 0 0.0221371 0.999755
1841.300000000 18.7534 -9.79047 0 0 0 0.0539779 0.998542
1842.700000000 19.8066 -9.73329 0 0 0 0.0173148 0.99985
1844.000000000 20.774 -9.75069 0 0 0 -0.0307471 0.999527
1845.300000000 21.7472 -9.76973 0 0 0 0.00114078 0.999999
1846.600000000 22.7204 -9.76013 0 0 0 0.00330355 0.999995
1847.900000000 23.7045 -9.7644 0 0 0 0.00134134 0.999999
1849.100000000 24.5995 -9.76163 0 0 0 0.00193414 0.999998
1850.600000000 25.622 -9.87474 0 0 0 -0.11545 0.993313
1852.000000000 26.5424 -10.3006 0 0 0 -0.28065 0.95981
1853.200000000 27.2118 -10.8863 0 0 0 -0.353996 0.935247
1854.600000000 28.0625 -11.5268 0 0 0 -0.310886 0.950447
1855.900000000 28.8699 -12.0289 0 0 0 -0.244734 0.96959
1856.700000000 29.0591 -11.9611 0 0 0 0.0620573 0.998073
1857.700000000 29.4826 -11.652 0 0 0 0.300649 0.953735
1859.000000000 30.1523 -10.9458 0 0 0 0.438022 0.898964
1860.300000000 30.6608 -10.153 0 0 0 0.474521 0.880244
1861.600000000 31.3366 -9.44562 0 0 0 0.382472 0.923967
1863.000000000 32.0934 -8.68878 0 0 0 0.376902 0.926253
1864.300000000 32.6784 -7.89901 0 0 0 0.495842 0.868413
1865.700000000 32.9545 -6.93031 0 0 0 0.652666 0.757646
1867.000000000 32.9244 -5.95286 0 0 0 0.750213 0.661196
1868.300000000 32.7703 -4.98191 0 0 0 0.742687 0.669639
1869.500000000 32.7153 -4.08033 0 0 0 0.719103 0.694903
1870.900000000 32.7718 -3.0374 0 0 0 0.684055 0.72943
1872.200000000 32.832 -2.0603 0 0 0 0.685337 0.728226
1873.600000000 32.8065 -1.0064 0 0 0 0.718171 0.695867
1874.900000000 32.7863 -0.0319676 0 0 0 0.708965 0.705244
1876.200000000 32.7849 0.942597 0 0 0 0.709071 0.705137
1877.600000000 32.6862 1.93285 0 0 0 0.783641 0.621214
1879.100000000 32.1595 2.76117 0 0 0 0.915779 0.401684
1880.300000000 32.0575 3.10496 0 0 0 0.735908 0.677082
1880.900000000 32.1573 3.25187 0 0 0 0.564619 0.825352
1881.700000000 32.3648 3.32314 0 0 0 0.297604 0.954689
1882.400000000 32.4841 3.2673 0 0 0 -0.00499275 0.999988
1882.900000000 32.4596 3.17573 0 0 0 -0.248524 0.968626
1883.500000000 32.4013 3.07496 0 0 0 -0.509285 0.860598
1884.700000000 32.475 2.56497 0 0 0 -0.760448 0.649399
1885.300000000 32.3622 2.60813 0 0 0 -0.916673 0.399638
1885.900000000 32.3084 2.70504 0 0 0 -0.993294 0.115619
1886.400000000 32.2948 2.812 0 0 0 0.991654 0.128924
1887.100000000 32.3549 2.92315 0 0 0 0.889472 0.45699
1887.900000000 32.4299 3.07411 0 0 0 0.689895 0.72391
1888.500000000 32.5289 3.12695 0 0 0 0.485799 0.874071
1889.400000000 32.7519 3.11889 0 0 0 0.135894 0.990723
1890.100000000 32.8089 3.0081 0 0 0 -0.175124 0.984546
1890.700000000 32.7573 2.91506 0 0 0 -0.454299 0.890849
1891.400000000 32.6373 2.86432 0 0 0 -0.729285 0.68421
1892.000000000 32.5225 2.89843 0 0 0 -0.896752 0.442534
1892.600000000 32.4477 2.99555 0 0 0 -0.98653 0.163582
1893.300000000 32.4474 3.11011 0 0 0 0.983483 0.181
1893.900000000 32.5026 3.20734 0 0 0 0.888039 0.459767
1894.500000000 32.5809 3.27919 0 0 0 0.727484 0.686125
1895.000000000 32.6827 3.32485 0 0 0 0.557703 0.830041
1895.600000000 32.7801 3.30939 0 0 0 0.314295 0.949326
1896.700000000 32.9057 3.15322 0 0 0 -0.179517 0.983755
1897.400000000 32.8361 3.04374 0 0 0 -0.500994 0.865451
1898.000000000 32.723 3.0108 0 0 0 -0.731331 0.682023
1898.600000000 32.6211 3.0446 0 0 0 -0.898228 0.43953
1899.200000000 32.5401 3.13332 0 0 0 -0.987291 0.158921
1899.900000000 32.5406 3.26767 0 0 0 0.982997 0.183622
1900.500000000 32.5623 3.37158 0 0 0 0.894152 0.447764
1901.100000000 32.6383 3.46218 0 0 0 0.739893 0.672724
1901.700000000 32.7562 3.4782 0 0 0 0.528792 0.848752
1902.400000000 32.8589 3.43618 0 0 0 0.227266 0.973833
1903.000000000 32.9077 3.32914 0 0 0 -0.0627821 0.998027
1903.700000000 32.8491 3.21018 0 0 0 -0.395878 0.918303
1904.200000000 32.7625 3.16471 0 0 0 -0.607966 0.793963
1904.800000000 32.65 3.14818 0 0 0 -0.812907 0.582394
1905.500000000 32.5486 3.22495 0 0 0 -0.961918 0.273337
1906.200000000 32.5364 3.32909 0 0 0 0.997584 0.0694774
1906.800000000 32.5566 3.45653 0 0 0 0.9346 0.3557
1909.000000000 32.306 3.51309 0 0 0 -0.999738 0.0228789
1909.600000000 32.2772 3.40481 0 0 0 -0.957317 0.28904
1910.200000000 32.3105 3.28538 0 0 0 -0.845179 0.534484
1910.900000000 32.4079 3.21856 0 0 0 -0.635273 0.772288
1911.500000000 32.5306 3.21189 0 0 0 -0.403205 0.91511
1912.100000000 32.6306 3.27251 0 0 0 -0.136848 0.990592
1912.800000000 32.632 3.40252 0 0 0 0.205503 0.978656
1914.700000000 32.9379 3.4475 0 0 0 -0.156006 0.987756
1915.300000000 32.9043 3.33831 0 0 0 -0.420006 0.907522
1915.900000000 32.8325 3.25024 0 0 0 -0.651647 0.758523
1916.600000000 32.7106 3.2556 0 0 0 -0.869225 0.494418
1917.200000000 32.6108 3.30119 0 0 0 -0.971396 0.237464
1917.800000000 32.533 3.38473 0 0 0 0.999505 0.0314672
1918.400000000 32.5554 3.50466 0 0 0 0.947068 0.321032
1920.600000000 32.3051 3.53343 0 0 0 -0.998746 0.0500596
1921.200000000 32.2873 3.42705 0 0 0 -0.950128 0.31186
1921.800000000 32.329 3.30882 0 0 0 -0.832905 0.553416
1922.400000000 32.41 3.24563 0 0 0 -0.654861 0.75575
1923.000000000 32.534 3.23306 0 0 0 -0.425587 0.904917
1923.700000000 32.6346 3.3069 0 0 0 -0.119517 0.992832
1924.400000000 32.6315 3.42714 0 0 0 0.2245 0.974474
1926.100000000 32.9323 3.45369 0 0 0 -0.139814 0.990178
1926.700000000 32.9071 3.34726 0 0 0 -0.406866 0.913488
1927.300000000 32.8343 3.25521 0 0 0 -0.643547 0.765407
1927.900000000 32.7119 3.26405 0 0 0 -0.837812 0.545959
1928.600000000 32.6116 3.3108 0 0 0 -0.96947 0.245211
1929.100000000 32.5523 3.39001 0 0 0 -0.999967 0.00809009
1929.700000000 32.5564 3.50638 0 0 0 0.964453 0.264254
1931.100000000 32.3243 3.48787 0 0 0 -0.997896 0.0648306
1931.700000000 32.322 3.38444 0 0 0 -0.942878 0.333137
1932.300000000 32.3771 3.2815 0 0 0 -0.815892 0.578204
1933.000000000 32.5025 3.22696 0 0 0 -0.589891 0.807483
1933.600000000 32.6088 3.25032 0 0 0 -0.344547 0.938769
1934.200000000 32.6821 3.33902 0 0 0 -0.0633633 0.997991
1934.900000000 32.6811 3.46708 0 0 0 0.260338 0.965518
1936.400000000 32.9375 3.46762 0 0 0 -0.0966033 0.995323
1937.000000000 32.9076 3.36116 0 0 0 -0.370676 0.928762
1937.600000000 32.835 3.28987 0 0 0 -0.617479 0.786587
1938.200000000 32.7235 3.27671 0 0 0 -0.817775 0.575538
1938.800000000 32.6388 3.30908 0 0 0 -0.946666 0.322217
1939.400000000 32.5284 3.37727 0 0 0 -0.997638 0.0686842
1941.500000000 32.1511 3.27032 0 0 0 -0.907303 0.420477
1942.100000000 32.2269 3.19594 0 0 0 -0.754907 0.655832
1942.700000000 32.33 3.17445 0 0 0 -0.543852 0.839181
1943.200000000 32.4119 3.21717 0 0 0 -0.329084 0.944301
1943.900000000 32.4759 3.319 0 0 0 0.0063376 0.99998
1946.000000000 32.7313 3.271 0 0 0 -0.365564 0.930786
1946.600000000 32.6584 3.18792 0 0 0 -0.613732 0.789515
1947.200000000 32.5346 3.18404 0 0 0 -0.81556 0.578672
1947.800000000 32.4395 3.23798 0 0 0 -0.948855 0.315712
1948.600000000 32.2644 3.31586 0 0 0 -0.999457 0.0329516
1949.900000000 31.9294 3.18782 0 0 0 -0.945203 0.326484
1950.600000000 32.0289 3.12459 0 0 0 -0.775549 0.631287
1951.200000000 32.1433 3.13707 0 0 0 -0.554227 0.832366
1951.800000000 32.2322 3.21222 0 0 0 -0.283411 0.958999
1952.300000000 32.2647 3.29835 0 0 0 -0.03751 0.999296
1953.000000000 32.2368 3.42745 0 0 0 0.302427 0.953173
1953.600000000 32.1687 3.51962 0 0 0 0.545726 0.837963
1955.100000000 32.3706 3.60584 0 0 0 0.260188 0.965558
1955.800000000 32.4975 3.52203 0 0 0 -0.0338044 0.999428
1956.500000000 32.5881 3.37637 0 0 0 -0.311267 0.950323
1958.400000000 32.8563 3.17237 0 0 0 -0.0284128 0.999596
1959.100000000 32.8289 3.29759 0 0 0 0.309943 0.950755
1959.700000000 32.7812 3.39547 0 0 0 0.558833 0.82928
1960.300000000 32.6596 3.43044 0 0 0 0.770846 0.637022
1960.900000000 32.5715 3.38044 0 0 0 0.921996 0.387199
1962.000000000 32.0543 3.48206 0 0 0 0.994736 0.102472
1962.700000000 31.9733 3.37535 0 0 0 -0.981108 0.193463
1963.300000000 31.9789 3.26787 0 0 0 -0.892942 0.450171
1963.900000000 32.0612 3.18069 0 0 0 -0.737392 0.675465
1964.600000000 32.1819 3.17374 0 0 0 -0.477766 0.878487
1965.100000000 32.2555 3.24454 0 0 0 -0.246178 0.969225
1965.800000000 32.2862 3.36619 0 0 0 0.0955205 0.995427
1968.500000000 32.8352 3.38428 0 0 0 -0.229177 0.973385
1969.200000000 32.7527 3.27058 0 0 0 -0.535749 0.844377
1969.900000000 32.6381 3.23284 0 0 0 -0.785627 0.6187
1970.500000000 32.537 3.26243 0 0 0 -0.929524 0.368762
1971.100000000 32.4548 3.35974 0 0 0 -0.996359 0.0852557
1973.100000000 32.1236 3.30759 0 0 0 -0.942947 0.332942
1974.200000000 32.2442 3.181 0 0 0 -0.666655 0.745366
1974.800000000 32.3505 3.22239 0 0 0 -0.40676 0.913535
1975.400000000 32.4143 3.32062 0 0 0 -0.124351 0.992238
1977.100000000 32.8803 3.4379 0 0 0 0.105185 0.994453
1977.900000000 32.956 3.58184 0 0 0 0.392262 0.919854
1978.900000000 33.0126 3.98279 0 0 0 0.600059 0.799956
1980.700000000 33.0582 4.97689 0 0 0 0.701705 0.712468
1982.000000000 33.0656 5.95361 0 0 0 0.706903 0.70731
1983.300000000 33.0729 6.90685 0 0 0 0.704509 0.709695
1984.900000000 33.0867 7.91865 0 0 0 0.675894 0.736999
1986.800000000 33.1897 8.84446 0 0 0 0.674054 0.738682
1988.800000000 33.2173 9.93334 0 0 0 0.706809 0.707404
1990.300000000 33.1649 10.9033 0 0 0 0.73122 0.682142
1991.600000000 33.0779 11.8721 0 0 0 0.737021 0.675869
1993.000000000 32.8486 12.8293 0 0 0 0.822701 0.568474
1994.400000000 32.26 13.6009 0 0 0 0.914451 0.404697
1995.800000000 31.4872 14.3123 0 0 0 0.939377 0.342887
1996.900000000 30.997 14.4649 0 0 0 0.998395 0.056626
1998.400000000 29.9767 14.2513 0 0 0 -0.991051 0.133482
1999.600000000 29.1211 13.9698 0 0 0 -0.988615 0.150469
2001.100000000 28.05 13.8462 0 0 0 0.999753 0.022233
2002.600000000 27.0742 14.2049 0 0 0 0.967703 0.252092
2004.100000000 26.2441 14.6953 0 0 0 0.982801 0.184669
2005.600000000 25.243 14.7321 0 0 0 -0.998969 0.0453893
2008.100000000 24.3591 14.6841 0 0 0 0.956357 0.292201
2008.700000000 24.442 14.7533 0 0 0 0.828687 0.559713
2009.400000000 24.5979 14.7732 0 0 0 0.591061 0.806627
2010.000000000 24.694 14.7011 0 0 0 0.332521 0.943096
2010.700000000 24.7627 14.6013 0 0 0 0.00161408 0.999999
2011.300000000 24.745 14.4862 0 0 0 -0.287422 0.957804
2011.900000000 24.661 14.4054 0 0 0 -0.553356 0.832945
2012.400000000 24.5655 14.3851 0 0 0 -0.739763 0.672867
2013.000000000 24.431 14.4151 0 0 0 -0.900807 0.43422
2013.600000000 24.3646 14.4854 0 0 0 -0.987312 0.158791
2014.200000000 24.3357 14.6113 0 0 0 0.991181 0.132516
2014.900000000 24.3655 14.7286 0 0 0 0.907882 0.419225
2016.300000000 24.1426 14.7772 0 0 0 0.992303 0.123832
2016.900000000 24.0873 14.6864 0 0 0 -0.988548 0.150907
2017.500000000 24.1113 14.5638 0 0 0 -0.911063 0.412268
2018.100000000 24.1845 14.4852 0 0 0 -0.765626 0.643286
2018.700000000 24.2901 14.4409 0 0 0 -0.561524 0.827461
2019.400000000 24.4254 14.4848 0 0 0 -0.267614 0.963526
2020.000000000 24.4623 14.5904 0 0 0 0.0227481 0.999741
2021.800000000 25.4876 14.7602 0 0 0 0.0108276 0.999941
2023.200000000 26.4808 14.5473 0 0 0 -0.159788 0.987151
2024.200000000 27.3773 14.1806 0 0 0 -0.2206 0.975364
2026.000000000 28.4034 13.7071 0 0 0 -0.136164 0.990686
2027.200000000 29.0834 13.781 0 0 0 0.118528 0.992951
2028.600000000 29.7148 14.2591 0 0 0 0.40371 0.914887
2030.100000000 30.11 15.174 0 0 0 0.614474 0.788937
2031.500000000 30.0495 15.853 0 0 0 0.848047 0.529921
2032.200000000 29.9628 15.7705 0 0 0 0.978915 0.204269
2032.800000000 29.9454 15.6525 0 0 0 -0.995642 0.0932631
2033.500000000 30.0214 15.5401 0 0 0 -0.903135 0.429356
2034.100000000 30.1215 15.4983 0 0 0 -0.736024 0.676956
2034.800000000 30.2425 15.2756 0 0 0 -0.561484 0.827487
2036.500000000 30.9963 14.3961 0 0 0 -0.38098 0.924583
2038.100000000 31.5512 13.6259 0 0 0 -0.577176 0.81662
2039.500000000 31.9128 13.2217 0 0 0 -0.267753 0.963488
2040.300000000 32.1289 13.2501 0 0 0 0.03071 0.999528
2040.900000000 32.0845 13.352 0 0 0 0.322611 0.946532
2041.600000000 31.9682 13.4276 0 0 0 0.628151 0.778091
2042.100000000 31.8706 13.4165 0 0 0 0.800795 0.598939
2042.800000000 31.7627 13.3503 0 0 0 0.957807 0.287413
2043.400000000 31.7301 13.2357 0 0 0 -0.999964 0.00850325
2044.000000000 31.7774 13.1339 0 0 0 -0.95227 0.305258
2044.600000000 31.8613 13.068 0 0 0 -0.820025 0.572327
2045.300000000 31.9999 13.0134 0 0 0 -0.594206 0.804313
2046.000000000 32.1707 12.9046 0 0 0 -0.365945 0.930636
2046.600000000 32.3402 12.9026 0 0 0 -0.146926 0.989148
2047.400000000 32.4559 13.0086 0 0 0 0.187464 0.982271
2048.000000000 32.3823 13.1101 0 0 0 0.469408 0.882981
2048.100000000 32.4286 13.2226 0 0 0 0.569144 0.822238
2049.400000000 32.2225 13.2858 0 0 0 0.886609 0.462519
2050.000000000 32.0501 13.0824 0 0 0 0.991759 0.128115
2050.500000000 32.045 12.9841 0 0 0 -0.992698 0.120624
2051.200000000 32.1252 12.8749 0 0 0 -0.890949 0.454103
2051.800000000 32.2255 12.8393 0 0 0 -0.717139 0.69693
2052.400000000 32.357 12.7641 0 0 0 -0.523752 0.851871
2053.100000000 32.523 12.695 0 0 0 -0.275642 0.96126
2055.100000000 33.0217 12.5576 0 0 0 0.031096 0.999516
2055.700000000 33.0186 12.6717 0 0 0 0.309822 0.950794
2056.300000000 32.9197 12.7462 0 0 0 0.57116 0.820839
2056.800000000 32.822 12.7523 0 0 0 0.756133 0.654418
2057.500000000 32.7256 12.7014 0 0 0 0.935532 0.353242
2058.100000000 32.6769 12.5931 0 0 0 0.998136 0.061028
2058.700000000 32.7072 12.4958 0 0 0 -0.971231 0.238141
2059.300000000 32.7769 12.4036 0 0 0 -0.858155 0.513391
2059.900000000 32.8742 12.3537 0 0 0 -0.68071 0.732553
2060.000000000 33.1545 12.3502 0 0 0 -0.0200071 0.9998
2060.100000000 32.9293 12.2676 0 0 0 -0.59571 0.8032
2060.700000000 33.0183 12.3316 0 0 0 -0.367055 0.930199
2061.300000000 33.1184 12.4115 0 0 0 -0.0988463 0.995103
2062.000000000 33.1709 12.5474 0 0 0 0.208267 0.978072
2062.600000000 33.1398 12.6401 0 0 0 0.461682 0.887045
2063.200000000 33.0455 12.7195 0 0 0 0.692295 0.721615
2063.700000000 32.9484 12.7187 0 0 0 0.842711 0.538366
2064.400000000 32.859 12.6577 0 0 0 0.974179 0.225779
2065.000000000 32.8137 12.5479 0 0 0 -0.998332 0.057734
2065.600000000 32.8565 12.4256 0 0 0 -0.936928 0.349521
2066.300000000 32.9745 12.3859 0 0 0 -0.758459 0.651721
2066.900000000 33.0944 12.3817 0 0 0 -0.533978 0.845498
2070.200000000 33.1794 12.0328 0 0 0 -0.819775 0.572685
2070.800000000 33.0571 12.0343 0 0 0 -0.942389 0.33452
2071.500000000 32.8898 12.1066 0 0 0 -0.998101 0.0616008
2072.200000000 32.8123 12.2397 0 0 0 0.972174 0.234261
2072.900000000 32.7837 12.395 0 0 0 0.867037 0.498244
2073.500000000 32.831 12.5027 0 0 0 0.716549 0.697536
2074.300000000 32.9894 12.5833 0 0 0 0.444979 0.895541
2075.300000000 33.1681 12.5566 0 0 0 0.111027 0.993817
2075.900000000 33.1681 12.4258 0 0 0 -0.180781 0.983523
2076.500000000 33.1886 12.2726 0 0 0 -0.411122 0.91158
2077.700000000 33.292 11.7915 0 0 0 -0.631524 0.775357
2079.700000000 33.2248 10.8262 0 0 0 -0.752607 0.65847
2080.900000000 33.0786 10.6942 0 0 0 -0.919086 0.394057
2081.500000000 32.9915 10.7903 0 0 0 -0.993101 0.117263
2082.100000000 32.9631 10.8951 0 0 0 0.986204 0.165535
2082.700000000 32.9855 11.0095 0 0 0 0.900971 0.43388
2083.300000000 33.0857 11.0791 0 0 0 0.746604 0.665269
2084.900000000 33.0032 12.1065 0 0 0 0.756354 0.654163
2086.200000000 32.724 13.0356 0 0 0 0.849863 0.527004
2086.800000000 32.6224 12.9614 0 0 0 0.963209 0.268755
2087.500000000 32.5952 12.8261 0 0 0 -0.996968 0.0778115
2088.100000000 32.6468 12.7204 0 0 0 -0.929434 0.368989
2088.800000000 32.7281 12.588 0 0 0 -0.76833 0.640054
2089.600000000 32.865 12.4757 0 0 0 -0.552987 0.83319
2092.200000000 33.2202 11.5638 0 0 0 -0.594845 0.803841
2094.700000000 33.2058 11.0097 0 0 0 -0.782779 0.6223
2098.700000000 33.1975 10.3612 0 0 0 -0.515688 0.856776
2099.100000000 33.2742 10.4038 0 0 0 -0.336101 0.941826
2099.900000000 33.3076 10.5617 0 0 0 0.0493917 0.998779
2100.500000000 33.2829 10.6787 0 0 0 0.330242 0.943896
2101.300000000 33.2851 10.8917 0 0 0 0.604216 0.796821
2103.100000000 33.1229 11.9141 0 0 0 0.771018 0.636813
2104.500000000 32.8091 12.8493 0 0 0 0.859939 0.510396
2105.100000000 32.7205 12.7493 0 0 0 0.970212 0.242258
2105.700000000 32.698 12.6337 0 0 0 -0.998471 0.0552823
2106.300000000 32.7357 12.5081 0 0 0 -0.938284 0.345865
2107.000000000 32.8393 12.4298 0 0 0 -0.771197 0.636597
2107.600000000 32.9441 12.4118 0 0 0 -0.561942 0.827176
2108.200000000 33.0417 12.429 0 0 0 -0.306531 0.951861
2108.800000000 33.0946 12.5555 0 0 0 -0.0156831 0.999877
2109.400000000 33.0393 12.6552 0 0 0 0.277238 0.960801
2110.100000000 32.9499 12.7517 0 0 0 0.590432 0.807088
2110.700000000 32.8325 12.7528 0 0 0 0.802594 0.596526
2111.300000000 32.7345 12.6873 0 0 0 0.943028 0.332713
2111.900000000 32.7014 12.5886 0 0 0 0.9993 0.0374004
2113.700000000 32.3139 12.6701 0 0 0 0.919511 0.393065
2114.300000000 32.4018 12.7469 0 0 0 0.770958 0.636886
2114.900000000 32.5356 12.7702 0 0 0 0.556847 0.830615
2115.700000000 32.6505 12.664 0 0 0 0.202244 0.979335
2116.400000000 32.6695 12.54 0 0 0 -0.139046 0.990286
2117.000000000 32.6515 12.4387 0 0 0 -0.362235 0.932087
2118.200000000 32.9032 12.3745 0 0 0 -0.084562 0.996418
2118.900000000 32.9553 12.5019 0 0 0 0.223952 0.9746
2119.400000000 32.9264 12.5949 0 0 0 0.436341 0.899781
2120.100000000 32.8626 12.7239 0 0 0 0.699858 0.714282
2120.700000000 32.7314 12.7142 0 0 0 0.867428 0.497563
2121.300000000 32.6121 12.6419 0 0 0 0.971088 0.238723
2122.000000000 32.6087 12.5467 0 0 0 -0.994086 0.108593
2123.900000000 31.6621 12.5123 0 0 0 0.992674 0.120823
2125.300000000 30.9587 13.0404 0 0 0 0.931626 0.363417
2126.600000000 30.38 13.7165 0 0 0 0.889088 0.457736
2127.900000000 29.8991 14.6465 0 0 0 0.835028 0.550207
2129.200000000 29.6158 15.5814 0 0 0 0.78253 0.622613
2130.500000000 29.3317 16.512 0 0 0 0.826188 0.563394
2131.800000000 28.865 17.3738 0 0 0 0.867121 0.498098
2133.100000000 28.357 18.2043 0 0 0 0.87137 0.490627
2134.400000000 27.8712 19.0546 0 0 0 0.861334 0.50804
2135.800000000 27.613 20.0385 0 0 0 0.766376 0.642392
2137.100000000 27.5709 21.0087 0 0 0 0.684777 0.728752
2138.100000000 27.8018 21.3337 0 0 0 0.439053 0.898461
2140.100000000 28.0852 22.014 0 0 0 0.707843 0.706369
2140.800000000 27.9735 22.1497 0 0 0 0.870493 0.492181
2141.500000000 27.8845 22.0415 0 0 0 0.986296 0.164988
2142.100000000 27.8878 21.9234 0 0 0 -0.990857 0.134913
2142.800000000 27.9703 21.8135 0 0 0 -0.884941 0.465703
2143.400000000 28.0627 21.7778 0 0 0 -0.706468 0.707745
2144.000000000 28.1752 21.8133 0 0 0 -0.465637 0.884976
2144.600000000 28.2584 21.8861 0 0 0 -0.205532 0.97865
2146.000000000 28.467 21.6434 0 0 0 -0.518784 0.854906
2146.600000000 28.3791 21.5777 0 0 0 -0.731101 0.682269
2147.200000000 28.2694 21.5723 0 0 0 -0.890124 0.455718
2147.700000000 28.2 21.6273 0 0 0 -0.971823 0.235711
2148.300000000 28.1418 21.7204 0 0 0 0.998856 0.0478274
2149.000000000 28.0846 21.8794 0 0 0 0.94244 0.334376
2149.800000000 28.0024 22.167 0 0 0 0.824475 0.565899
2150.900000000 28.0573 22.6951 0 0 0 0.642101 0.76662
2151.900000000 28.3182 23.0518 0 0 0 0.40443 0.914569
2152.800000000 28.6785 23.1612 0 0 0 0.157826 0.987467
2154.000000000 29.2536 23.1034 0 0 0 -0.0951086 0.995467
2155.500000000 30.2118 22.9323 0 0 0 -0.0184346 0.99983
2157.000000000 31.105 23.2287 0 0 0 0.254945 0.966955
2158.400000000 31.6074 23.7879 0 0 0 0.545614 0.838036
2159.000000000 31.49 23.8017 0 0 0 0.768904 0.639364
2159.500000000 31.3953 23.7568 0 0 0 0.902919 0.429811
2160.200000000 31.3298 23.6484 0 0 0 0.995779 0.0917794
2160.900000000 31.1696 23.5239 0 0 0 -0.985077 0.172111
2162.800000000 30.3588 22.9219 0 0 0 -0.976182 0.216952
2164.500000000 29.385 22.789 0 0 0 0.999701 0.0244556
2166.400000000 28.3828 22.9267 0 0 0 -0.998476 0.0551795
2167.300000000 28.0992 22.7066 0 0 0 -0.94746 0.319875
2168.100000000 27.9869 22.4421 0 0 0 -0.83248 0.554055
2168.800000000 28.0976 22.3801 0 0 0 -0.637122 0.770763
2170.300000000 28.5486 21.4986 0 0 0 -0.485632 0.874163
2171.700000000 29.1075 20.6098 0 0 0 -0.477552 0.878603
2173.000000000 29.5974 19.777 0 0 0 -0.501774 0.864999
2174.300000000 30.0692 18.9145 0 0 0 -0.518679 0.854969
2175.700000000 30.5308 17.9772 0 0 0 -0.532663 0.846327
2177.000000000 30.9239 17.083 0 0 0 -0.550583 0.83478
2178.200000000 31.2633 16.252 0 0 0 -0.560509 0.828148
2179.600000000 31.6266 15.2744 0 0 0 -0.564665 0.82532
2180.900000000 31.9587 14.3699 0 0 0 -0.587898 0.808935
2182.500000000 32.0689 13.4542 0 0 0 -0.594242 0.804286
2183.200000000 32.231 13.4051 0 0 0 -0.343138 0.939285
2185.600000000 32.7485 12.8237 0 0 0 -0.648363 0.761331
2186.400000000 32.6296 12.6788 0 0 0 -0.851736 0.523971
2187.000000000 32.5376 12.7504 0 0 0 -0.967464 0.253009
2188.700000000 31.5019 12.7127 0 0 0 -0.998851 0.0479166
2189.700000000 31.2987 12.5639 0 0 0 -0.921748 0.387789
2190.200000000 31.3842 12.5117 0 0 0 -0.797389 0.603466
2190.900000000 31.5251 12.5165 0 0 0 -0.543145 0.839639
2191.500000000 31.6447 12.5554 0 0 0 -0.294453 0.955666
2192.400000000 31.9216 12.5949 0 0 0 0.023181 0.999731
2193.300000000 32.2689 12.8004 0 0 0 0.270155 0.962817
2193.800000000 32.4077 13.1085 0 0 0 0.404588 0.914499
2195.100000000 32.3296 13.2995 0 0 0 0.772427 0.635103
2195.700000000 32.2922 13.2282 0 0 0 0.936218 0.351421
2196.400000000 32.2441 13.1003 0 0 0 0.999964 0.00849615
2196.900000000 32.2668 12.9967 0 0 0 -0.971141 0.238507
2197.600000000 32.3382 12.873 0 0 0 -0.843506 0.53712
2198.300000000 32.4223 12.7321 0 0 0 -0.653253 0.757139
2199.000000000 32.5693 12.6448 0 0 0 -0.42237 0.906424
2199.800000000 32.7728 12.6262 0 0 0 -0.126391 0.991981
2200.500000000 32.8461 12.7367 0 0 0 0.182222 0.983257
2201.100000000 32.7634 12.8394 0 0 0 0.464662 0.885488
2201.700000000 32.6505 12.8646 0 0 0 0.705588 0.708622
2202.300000000 32.5415 12.8374 0 0 0 0.884013 0.467463
2203.000000000 32.4778 12.7344 0 0 0 0.990792 0.13539
2203.600000000 32.4813 12.6159 0 0 0 -0.986552 0.16345
2204.200000000 32.5472 12.5153 0 0 0 -0.894473 0.447122
2204.900000000 32.6485 12.4483 0 0 0 -0.694729 0.719271
2205.400000000 32.7414 12.4449 0 0 0 -0.506543 0.862215
2206.100000000 32.8709 12.4808 0 0 0 -0.207513 0.978232
2206.800000000 32.9702 12.6079 0 0 0 0.099128 0.995075
2207.400000000 32.9251 12.7116 0 0 0 0.376291 0.926502
2208.000000000 32.8498 12.7818 0 0 0 0.622768 0.782406
2208.500000000 32.7537 12.7926 0 0 0 0.792118 0.610368
2209.200000000 32.6322 12.7437 0 0 0 0.949875 0.312631
2209.800000000 32.603 12.6514 0 0 0 0.999869 0.0162153
2210.400000000 32.6346 12.5282 0 0 0 -0.960003 0.279989
2211.000000000 32.7263 12.4509 0 0 0 -0.834409 0.551145
2211.500000000 32.8258 12.4391 0 0 0 -0.671481 0.741021
2212.300000000 32.9424 12.5028 0 0 0 -0.327777 0.944755
2215.100000000 33.2177 12.0294 0 0 0 -0.617127 0.786863
2217.000000000 33.2081 11.0419 0 0 0 -0.734338 0.678784
2219.200000000 33.1 10.0405 0 0 0 -0.730795 0.682597
2220.900000000 33.1211 9.07684 0 0 0 -0.687668 0.726026
2223.000000000 33.1577 8.14024 0 0 0 -0.710602 0.703594
2226.600000000 33.0949 7.17175 0 0 0 -0.722172 0.691714
2230.200000000 33.0721 6.2393 0 0 0 -0.710426 0.703772
2233.600000000 33.0603 5.25735 0 0 0 -0.716625 0.697459
2235.200000000 32.986 4.18471 0 0 0 -0.744345 0.667796
2236.600000000 32.7282 3.26412 0 0 0 -0.843631 0.536924
2238.000000000 32.1154 2.65438 0 0 0 -0.953772 0.300531
2239.400000000 31.2102 2.37765 0 0 0 -0.996532 0.0832145
2241.300000000 30.2191 2.40447 0 0 0 0.998939 0.0460619
2243.900000000 29.2372 2.56274 0 0 0 0.996285 0.0861218
2248.000000000 28.2931 2.6824 0 0 0 0.998604 0.0528139
2251.800000000 27.3329 2.73736 0 0 0 0.999873 0.0159474
2254.500000000 26.2764 2.70722 0 0 0 -0.999689 0.0249307
2255.900000000 25.3004 2.6562 0 0 0 -0.999655 0.0262591
2258.200000000 24.4018 2.63254 0 0 0 -0.999984 0.00561057
2262.000000000 23.4144 2.62654 0 0 0 -0.999999 0.00129157
2265.700000000 22.4527 2.6268 0 0 0 -0.999999 0.00128977
2269.600000000 21.5217 2.6278 0 0 0 -0.999999 0.00133521
2273.700000000 20.5251 2.62107 0 0 0 -0.999999 0.0013239
2277.300000000 19.5782 2.62712 0 0 0 0.999947 0.0102479
2280.500000000 18.5693 2.65441 0 0 0 0.999964 0.00845431
2283.400000000 17.6261 2.66658 0 0 0 1 0.000712555
2286.900000000 16.4953 2.65611 0 0 0 -0.999997 0.00230423
2290.300000000 15.5389 2.65684 0 0 0 -0.999999 0.00150223
2291.900000000 14.5215 2.43893 0 0 0 -0.986114 0.166068
2293.300000000 13.6785 1.88522 0 0 0 -0.938169 0.346176
2294.600000000 12.9893 1.1932 0 0 0 -0.917905 0.396801
2295.900000000 12.3156 0.48723 0 0 0 -0.921863 0.387515
2297.200000000 11.6238 -0.197312 0 0 0 -0.925805 0.378002
2298.500000000 10.9298 -0.873851 0 0 0 -0.925481 0.378793
2299.800000000 10.2294 -1.56524 0 0 0 -0.923392 0.383858
2301.100000000 9.55077 -2.2581 0 0 0 -0.923527 0.383534
2302.400000000 8.8578 -2.95373 0 0 0 -0.923526 0.383536
2303.600000000 8.22433 -3.58952 0 0 0 -0.923525 0.383538
2305.000000000 7.47979 -4.33655 0 0 0 -0.923526 0.383537
2306.200000000 6.84693 -4.97318 0 0 0 -0.923528 0.383531
2306.300000000 6.07253 -5.79001 0 0 0 -0.930788 0.36556
2308.900000000 5.41875 -6.40696 0 0 0 -0.923559 0.383457
2310.300000000 4.69447 -7.16769 0 0 0 -0.916309 0.400473
2311.600000000 4.01028 -7.8633 0 0 0 -0.923073 0.384625
2312.900000000 3.32915 -8.55094 0 0 0 -0.92544 0.378895
2314.200000000 2.59318 -9.21204 0 0 0 -0.93446 0.356069
2315.500000000 1.84427 -9.82882 0 0 0 -0.948478 0.316844
2316.800000000 1.02697 -10.3481 0 0 0 -0.96319 0.268823
2318.200000000 0.0953773 -10.8478 0 0 0 -0.973499 0.228693
2320.400000000 -0.805181 -11.1949 0 0 0 -0.983844 0.179028
2321.700000000 -1.67164 -11.6466 0 0 0 -0.966059 0.258322
2323.000000000 -2.43129 -12.2568 0 0 0 -0.93106 0.364866
2324.300000000 -3.12753 -12.9564 0 0 0 -0.917732 0.397201
2325.700000000 -3.85117 -13.707 0 0 0 -0.926143 0.377172
2327.000000000 -4.55067 -14.3858 0 0 0 -0.926146 0.377166
2328.300000000 -5.2402 -15.074 0 0 0 -0.922282 0.386518
2329.600000000 -5.94292 -15.7543 0 0 0 -0.93551 0.353299
2330.900000000 -6.7699 -16.2491 0 0 0 -0.976279 0.216518
2332.300000000 -7.74265 -16.4419 0 0 0 -0.999285 0.0377966
2333.600000000 -8.7239 -16.3487 0 0 0 0.99828 0.0586205
2334.900000000 -9.68493 -16.2352 0 0 0 0.998677 0.0514148
2336.400000000 -10.6202 -16.1891 0 0 0 0.999926 0.0122043
2339.100000000 -11.5237 -16.1908 0 0 0 -0.999976 0.00698636
2343.000000000 -12.5193 -16.215 0 0 0 -0.99997 0.00775237
2346.300000000 -13.4754 -16.2241 0 0 0 -0.999998 0.00213422
2349.700000000 -14.4473 -16.2288 0 0 0 -0.999998 0.00206866
2351.000000000 -14.7341 -16.097 0 0 0 0.941777 0.336238
2351.600000000 -14.6445 -16.0026 0 0 0 0.809199 0.587535
2352.300000000 -14.6378 -15.9955 0 0 0 0.580892 0.813981
2353.400000000 -14.1123 -15.4991 0 0 0 0.368488 0.929632
2354.700000000 -13.4098 -14.8981 0 0 0 0.359272 0.933233
2356.100000000 -12.7533 -14.1984 0 0 0 0.452464 0.891782
2356.700000000 -12.8263 -14.1655 0 0 0 0.695027 0.718983
2357.300000000 -12.9705 -14.1858 0 0 0 0.87646 0.481475
2357.900000000 -13.0464 -14.2896 0 0 0 0.979477 0.201558
2358.600000000 -13.157 -14.4089 0 0 0 -0.995395 0.0958596
2359.700000000 -13.5874 -14.7747 0 0 0 -0.933489 0.358605
2361.100000000 -14.2613 -15.5788 0 0 0 -0.90175 0.432259
2362.400000000 -14.8461 -16.3625 0 0 0 -0.888654 0.458579
2363.800000000 -15.418 -16.7506 0 0 0 -0.987074 0.160265
2364.900000000 -16.0162 -16.6586 0 0 0 0.995848 0.0910311
2366.300000000 -16.9778 -16.3816 0 0 0 0.992543 0.121894
2367.400000000 -18.1594 -16.3896 0 0 0 0.990077 0.140524
2369.300000000 -19.2187 -16.244 0 0 0 -0.999761 0.0218603
2370.700000000 -20.2591 -16.3966 0 0 0 -0.998484 0.0550444
2372.000000000 -21.232 -16.369 0 0 0 0.99914 0.0414521
2373.300000000 -22.2012 -16.2295 0 0 0 0.996548 0.0830147
2374.700000000 -23.2443 -16.1043 0 0 0 0.999304 0.0372901
2376.000000000 -24.2084 -16.0943 0 0 0 -0.999998 0.00211694
2377.300000000 -25.1918 -16.1092 0 0 0 -0.999944 0.0106248
2378.600000000 -26.1647 -16.1315 0 0 0 -0.999944 0.0106259
2379.900000000 -27.1447 -16.1357 0 0 0 -0.999993 0.00366748
2381.300000000 -28.1996 -16.1504 0 0 0 -0.999999 0.00133513
2382.500000000 -29.0933 -16.1493 0 0 0 -0.999999 0.00135155
2383.900000000 -30.1471 -16.1523 0 0 0 -0.999999 0.0013535
2385.200000000 -31.1208 -16.1551 0 0 0 -0.999999 0.00135327
2386.500000000 -32.0946 -16.1579 0 0 0 -0.999999 0.00135349
2387.800000000 -33.067 -16.1511 0 0 0 0.999951 0.009905
2389.200000000 -34.118 -16.104 0 0 0 0.999489 0.0319562
2390.600000000 -35.1008 -16.0047 0 0 0 0.992578 0.121612
2391.200000000 -35.0669 -15.8876 0 0 0 0.918429 0.395587
2391.700000000 -34.9865 -15.8269 0 0 0 0.795204 0.606342
2392.400000000 -34.8476 -15.8098 0 0 0 0.550113 0.83509
2393.000000000 -34.7336 -15.8261 0 0 0 0.299033 0.954243
2393.800000000 -34.4601 -15.8772 0 0 0 0.028694 0.999588
2395.300000000 -33.4549 -16.1134 0 0 0 -0.136997 0.990571
2396.800000000 -32.476 -16.4703 0 0 0 -0.137161 0.990549
2398.200000000 -31.4907 -16.4954 0 0 0 0.0390795 0.999236
2399.400000000 -30.606 -16.3806 0 0 0 0.0613733 0.998115
2400.900000000 -29.5375 -16.2693 0 0 0 0.047548 0.998869
2403.300000000 -28.616 -16.2109 0 0 0 0.0253976 0.999677
2407.800000000 -27.6494 -16.1813 0 0 0 0.00539036 0.999985
2412.100000000 -26.6846 -16.2057 0 0 0 -0.0159479 0.999873
2417.000000000 -25.7142 -16.2203 0 0 0 -0.00509653 0.999987
2421.800000000 -24.7692 -16.2258 0 0 0 -0.0029324 0.999996
2426.700000000 -23.8189 -16.2317 0 0 0 -0.0029419 0.999996
2431.800000000 -22.7901 -16.2377 0 0 0 -0.00297187 0.999996
2436.600000000 -21.799 -16.2435 0 0 0 -0.00300367 0.999995
2440.200000000 -20.8727 -16.2368 0 0 0 0.0113341 0.999936
2444.700000000 -19.8906 -16.1854 0 0 0 0.0314123 0.999507
2447.700000000 -18.9072 -16.0767 0 0 0 0.0870255 0.996206
2449.000000000 -17.9751 -15.7249 0 0 0 0.224737 0.974419
2450.300000000 -17.2166 -15.1232 0 0 0 0.38245 0.923976
2451.700000000 -16.5274 -14.4399 0 0 0 0.351734 0.9361
2453.100000000 -15.641 -13.9709 0 0 0 0.191632 0.981467
2454.500000000 -14.6979 -13.7906 0 0 0 0.047227 0.998884
2457.000000000 -13.6782 -13.8347 0 0 0 -0.0397698 0.999209
2461.700000000 -12.6937 -13.9191 0 0 0 -0.0398147 0.999207
2466.700000000 -11.7114 -13.9552 0 0 0 -0.0153069 0.999883
2471.600000000 -10.7444 -13.9695 0 0 0 -0.00509066 0.999987
2476.200000000 -9.78729 -13.9711 0 0 0 -0.000676634 1
2478.300000000 -8.75097 -13.9721 0 0 0 -0.000728182 1
2481.100000000 -7.7818 -13.9731 0 0 0 -0.000781361 1
2484.300000000 -6.83171 -13.9742 0 0 0 -0.000836572 1
2488.300000000 -5.8653 -13.9756 0 0 0 -0.000877845 1
2492.000000000 -4.90171 -13.9778 0 0 0 -0.00108678 0.999999
2495.700000000 -3.93538 -13.9778 0 0 0 -0.00087627 1
2499.400000000 -2.9701 -13.9797 0 0 0 -0.000876169 1
2503.200000000 -1.97758 -13.9817 0 0 0 -0.00087945 1
2506.900000000 -1.00679 -13.984 0 0 0 -0.000888183 1
2510.800000000 -0.0351789 -13.9873 0 0 0 -0.000900369 1
2515.200000000 0.927402 -13.9923 0 0 0 -0.00090537 1
2517.900000000 1.89405 -13.9752 0 0 0 0.0187819 0.999824
2522.000000000 2.85074 -13.9468 0 0 0 0.00626554 0.99998
2526.500000000 3.81176 -13.9417 0 0 0 0.00219467 0.999998
2531.500000000 4.8022 -13.937 0 0 0 0.00219449 0.999998
2535.800000000 5.81986 -13.9314 0 0 0 0.00218776 0.999998
2539.900000000 6.76575 -13.9257 0 0 0 0.00219258 0.999998
2544.700000000 7.72027 -13.9173 0 0 0 0.00218204 0.999998
2549.600000000 8.67567 -13.9133 0 0 0 0.00217734 0.999998
2554.500000000 9.6345 -13.9093 0 0 0 0.00217148 0.999998
2559.100000000 10.5872 -13.9053 0 0 0 0.00218607 0.999998
2563.500000000 11.4742 -13.9008 0 0 0 0.00218497 0.999998
2568.800000000 12.529 -13.8969 0 0 0 0.00215859 0.999998
2573.700000000 13.5005 -13.8936 0 0 0 0.00208957 0.999998
2578.400000000 14.5404 -13.8832 0 0 0 0.0215202 0.999768
2579.900000000 15.5181 -13.5333 0 0 0 0.246071 0.969252
2581.200000000 16.2844 -12.94 0 0 0 0.324915 0.945743
2582.500000000 17.0267 -12.3099 0 0 0 0.348643 0.937256
2583.800000000 17.7116 -12.1118 0 0 0 0.0657988 0.997833
2585.300000000 18.6623 -12.3533 0 0 0 -0.194267 0.980949
2588.900000000 19.5353 -12.586 0 0 0 -0.0878638 0.996132
2590.600000000 20.5882 -12.5807 0 0 0 0.0408487 0.999165
2591.900000000 21.5745 -12.4743 0 0 0 0.0615702 0.998103
2593.200000000 22.5202 -12.4121 0 0 0 0.0110038 0.999939
2595.000000000 23.4538 -12.442 0 0 0 -0.0258393 0.999666
2598.100000000 24.3838 -12.5067 0 0 0 -0.0326009 0.999468
2600.700000000 25.4689 -12.5291 0 0 0 0.0323408 0.999477
2602.100000000 26.3894 -12.2471 0 0 0 0.227814 0.973705
2603.600000000 27.1092 -11.5541 0 0 0 0.410771 0.911739
2604.900000000 27.8892 -11.0244 0 0 0 0.235337 0.971914
2606.400000000 28.9221 -10.8059 0 0 0 0.0980096 0.995185
2607.800000000 29.8539 -10.356 0 0 0 0.277034 0.96086
2609.100000000 30.5881 -9.7405 0 0 0 0.388569 0.92142
2610.400000000 31.2592 -8.99021 0 0 0 0.39682 0.917896
2611.700000000 31.9436 -8.30153 0 0 0 0.37914 0.925339
2613.000000000 32.6521 -7.62019 0 0 0 0.38157 0.92434
2614.300000000 33.3422 -6.92141 0 0 0 0.382628 0.923902
2615.500000000 33.9788 -6.28836 0 0 0 0.382623 0.923905
2616.900000000 34.7209 -5.54451 0 0 0 0.38258 0.923922
2618.100000000 35.3547 -4.90842 0 0 0 0.382554 0.923933
2619.400000000 36.0428 -4.20677 0 0 0 0.391747 0.920073
2620.700000000 36.7123 -3.50179 0 0 0 0.397842 0.917454
2622.100000000 37.3949 -2.71661 0 0 0 0.41851 0.908212
2623.300000000 38.0136 -2.06478 0 0 0 0.365957 0.930632
2624.600000000 38.7952 -1.47733 0 0 0 0.294545 0.955638
2626.000000000 39.7141 -0.967418 0 0 0 0.228886 0.973453
2627.300000000 40.61 -0.580464 0 0 0 0.191511 0.98149
2629.200000000 41.4576 -0.129547 0 0 0 0.478294 0.8782
2629.700000000 41.3952 -0.0528397 0 0 0 0.6593 0.75188
2630.400000000 41.2445 -0.00972414 0 0 0 0.860628 0.509233
2631.000000000 41.1598 -0.0751669 0 0 0 0.971396 0.237465
2631.600000000 41.079 -0.156826 0 0 0 -0.999652 0.0263927
2632.300000000 41.0021 -0.311697 0 0 0 -0.950338 0.311219
2633.300000000 40.7328 -0.772981 0 0 0 -0.852096 0.523386
2635.000000000 40.0502 -1.55968 0 0 0 -0.952509 0.304511
2636.400000000 39.2353 -1.75301 0 0 0 -0.9995 0.0316115
2637.800000000 38.2276 -1.84264 0 0 0 -0.994923 0.100636
2639.400000000 37.3751 -2.38087 0 0 0 -0.924604 0.38093
2640.900000000 36.9321 -3.29089 0 0 0 -0.807239 0.590225
2642.300000000 36.8478 -4.33759 0 0 0 -0.69468 0.719319
2643.600000000 36.9721 -5.30197 0 0 0 -0.650499 0.759507
2645.000000000 37.0874 -6.34563 0 0 0 -0.671717 0.740808
2646.200000000 37.1511 -7.23977 0 0 0 -0.705596 0.708614
2647.400000000 37.1214 -8.18213 0 0 0 -0.714059 0.700086
2649.000000000 37.0979 -9.34468 0 0 0 -0.712169 0.702008
2650.400000000 37.1018 -10.3905 0 0 0 -0.709048 0.705161
2651.700000000 37.0016 -11.3723 0 0 0 -0.763368 0.645963
2653.200000000 37.0411 -12.1007 0 0 0 -0.548124 0.836397
2654.700000000 37.7496 -12.9039 0 0 0 -0.368335 0.929693
2655.900000000 38.4901 -13.408 0 0 0 -0.247005 0.969014
2657.200000000 39.4253 -13.6743 0 0 0 -0.091806 0.995777
2658.600000000 40.4574 -13.6322 0 0 0 0.0803719 0.996765
2660.000000000 41.2637 -13.1929 0 0 0 0.315298 0.948993
2661.500000000 41.8472 -12.3568 0 0 0 0.530065 0.847957
2662.800000000 42.0356 -11.4483 0 0 0 0.675051 0.737771
2664.300000000 41.8263 -10.3818 0 0 0 0.81414 0.580669
2665.700000000 41.3319 -9.46267 0 0 0 0.881503 0.472179
2667.000000000 40.6785 -8.72896 0 0 0 0.922187 0.386744
2668.300000000 39.9656 -8.07099 0 0 0 0.93432 0.356436
2669.600000000 39.2234 -7.44131 0 0 0 0.939581 0.342327
2670.900000000 38.4747 -6.81938 0 0 0 0.941324 0.337504
2672.300000000 37.6335 -6.1952 0 0 0 0.94891 0.315546
2673.800000000 37.1313 -5.43815 0 0 0 0.818876 0.57397
2675.500000000 37.2679 -4.40078 0 0 0 0.657006 0.753885
2676.800000000 37.4418 -3.4448 0 0 0 0.631454 0.775413
2678.100000000 37.6755 -2.49755 0 0 0 0.610118 0.79231
2679.500000000 38.1803 -1.60697 0 0 0 0.450269 0.892893
2680.800000000 38.8992 -0.987657 0 0 0 0.289809 0.957084
2682.100000000 39.7924 -0.6413 0 0 0 0.124259 0.99225
2683.300000000 40.6803 -0.516759 0 0 0 0.0678324 0.997697
2684.700000000 41.7303 -0.406964 0 0 0 0.0454433 0.998967
2686.000000000 42.7039 -0.341837 0 0 0 0.0282116 0.999602
2687.300000000 43.6782 -0.326279 0 0 0 -0.000935999 1
2688.600000000 44.6516 -0.319981 0 0 0 -0.00173462 0.999998
2689.900000000 45.6344 -0.313592 0 0 0 -0.00228863 0.999997
2691.700000000 46.6647 -0.0498895 0 0 0 0.272 0.962297
2692.900000000 47.0519 0.495083 0 0 0 0.508999 0.860767
2694.200000000 47.1664 1.29402 0 0 0 0.705863 0.708348
2695.700000000 46.9905 2.36398 0 0 0 0.746766 0.665087
2697.100000000 47.1512 3.32889 0 0 0 0.590901 0.806744
2698.500000000 47.6691 4.10349 0 0 0 0.391427 0.920209
2699.100000000 47.7442 4.02363 0 0 0 0.116266 0.993218
2699.700000000 47.7477 3.90463 0 0 0 -0.1778 0.984067
2700.300000000 47.6743 3.79531 0 0 0 -0.456471 0.889738
2700.900000000 47.576 3.75499 0 0 0 -0.695772 0.718263
2701.500000000 47.4385 3.6477 0 0 0 -0.846562 0.53229
2702.600000000 47.0043 3.30918 0 0 0 -0.957835 0.287317
2703.600000000 46.487 3.22223 0 0 0 -0.998817 0.0486343
2704.800000000 45.9961 3.41917 0 0 0 0.958575 0.284841
2705.400000000 46.081 3.5235 0 0 0 0.841197 0.540729
2706.400000000 46.1119 3.9949 0 0 0 0.6685 0.743712
2707.800000000 46.4219 4.96347 0 0 0 0.579052 0.815291
2709.200000000 46.6556 5.974 0 0 0 0.639545 0.768754
2710.500000000 46.7444 6.9454 0 0 0 0.713972 0.700174
2711.900000000 46.6784 7.99701 0 0 0 0.730887 0.682499
2713.200000000 46.5907 8.96774 0 0 0 0.73235 0.680928
2714.800000000 46.4896 10.1408 0 0 0 0.730571 0.682837
2716.600000000 46.3134 11.1286 0 0 0 0.828231 0.560387
2717.400000000 46.1401 11.2083 0 0 0 0.961204 0.275837
2718.100000000 46.065 11.0845 0 0 0 -0.998658 0.051786
2718.700000000 46.1109 10.9855 0 0 0 -0.93815 0.346228
2719.300000000 46.2099 10.9025 0 0 0 -0.799235 0.601019
2720.000000000 46.3323 10.8057 0 0 0 -0.586539 0.809921
2722.700000000 46.6363 9.9957 0 0 0 -0.84699 0.531608
2723.300000000 46.5053 10.0073 0 0 0 -0.955958 0.293503
2723.900000000 46.4615 10.1084 0 0 0 -0.999997 0.00240091
2724.500000000 46.4863 10.2232 0 0 0 0.957395 0.288783
2725.200000000 46.5807 10.305 0 0 0 0.802734 0.596337
2725.800000000 46.708 10.3244 0 0 0 0.595781 0.803147
2726.300000000 46.7912 10.2775 0 0 0 0.381771 0.924257
2727.000000000 46.8656 10.1585 0 0 0 0.0476797 0.998863
2727.600000000 46.8833 10.047 0 0 0 -0.23037 0.973103
2728.200000000 46.8609 9.91971 0 0 0 -0.478322 0.878184
2728.800000000 46.7842 9.82154 0 0 0 -0.691864 0.722028
2730.500000000 46.5773 8.77667 0 0 0 -0.717782 0.696268
2731.700000000 46.7242 7.89565 0 0 0 -0.634428 0.772982
2733.100000000 46.8849 6.85849 0 0 0 -0.6635 0.748176
2734.300000000 46.919 5.95044 0 0 0 -0.709766 0.704437
2735.700000000 46.8385 4.89764 0 0 0 -0.72807 0.685503
2737.000000000 46.8308 3.92184 0 0 0 -0.707185 0.707028
2738.200000000 46.8406 3.01951 0 0 0 -0.688267 0.725457
2739.600000000 46.8634 1.97588 0 0 0 -0.707863 0.706349
2740.900000000 46.8474 0.98858 0 0 0 -0.713692 0.700459
2742.400000000 46.5665 0.0373815 0 0 0 -0.850142 0.526554
2743.900000000 45.8553 -0.756804 0 0 0 -0.933682 0.358102
2745.200000000 45.0422 -1.30884 0 0 0 -0.966604 0.256275
2746.600000000 44.0566 -1.65935 0 0 0 -0.992321 0.123688
2748.000000000 43.0126 -1.74372 0 0 0 -0.999962 0.0087342
2749.300000000 42.0372 -1.6864 0 0 0 0.999168 0.0407757
2750.600000000 41.0591 -1.62095 0 0 0 0.999543 0.0302169
2751.900000000 40.085 -1.59955 0 0 0 1 0.000477024
2753.200000000 39.1096 -1.61192 0 0 0 -0.999949 0.0100593
2754.500000000 38.1807 -1.8051 0 0 0 -0.987113 0.160027
2756.000000000 37.4019 -2.39713 0 0 0 -0.9139 0.405939
2757.400000000 36.9892 -3.28763 0 0 0 -0.809376 0.587291
2758.700000000 36.8961 -4.2537 0 0 0 -0.707341 0.706873
2759.600000000 37.019 -4.48879 0 0 0 -0.457125 0.889402
2760.200000000 37.0911 -4.39269 0 0 0 -0.173812 0.984779
2760.800000000 37.1505 -4.2973 0 0 0 0.0999919 0.994988
2761.400000000 37.1762 -4.16657 0 0 0 0.35223 0.935914
2762.700000000 37.5231 -3.44603 0 0 0 0.568552 0.822648
2763.900000000 37.6934 -2.57247 0 0 0 0.658197 0.752846
2765.300000000 37.7055 -1.51994 0 0 0 0.727256 0.686366
2766.800000000 37.9118 -0.816093 0 0 0 0.468984 0.883207
2767.700000000 38.2481 -0.65348 0 0 0 0.217542 0.976051
2769.200000000 39.2773 -0.571818 0 0 0 -0.00541116 0.999985
2770.400000000 40.7237 -0.636048 0 0 0 -0.0290364 0.999578
2772.400000000 41.6668 -0.658272 0 0 0 0.0394254 0.999223
2773.700000000 42.6449 -0.560387 0 0 0 0.0532291 0.998582
2775.000000000 43.6146 -0.470411 0 0 0 0.0439775 0.999033
2776.300000000 44.5814 -0.390712 0 0 0 0.0335159 0.999438
2777.700000000 45.6345 -0.293887 0 0 0 0.0563142 0.998413
2779.100000000 46.6731 -0.110198 0 0 0 0.0846205 0.996413
2780.400000000 47.6291 0.061417 0 0 0 0.0973168 0.995253
2781.700000000 48.5783 0.269058 0 0 0 0.112343 0.99367
2782.900000000 49.0036 0.489879 0 0 0 0.40699 0.913433
2783.600000000 48.8784 0.539626 0 0 0 0.693755 0.720211
2784.200000000 48.7584 0.536919 0 0 0 0.86973 0.493528
2785.100000000 48.4082 0.746974 0 0 0 0.965043 0.262092
2786.600000000 47.4719 1.09349 0 0 0 0.9837 0.179815
2788.100000000 46.7165 1.72554 0 0 0 0.905684 0.423954
2789.200000000 46.621 2.20511 0 0 0 0.732429 0.680844
2790.500000000 46.9002 3.0008 0 0 0 0.557451 0.83021
2791.800000000 47.4326 3.81229 0 0 0 0.434494 0.900675
2793.100000000 48.1264 4.49676 0 0 0 0.357999 0.933722
2794.400000000 48.896 5.08931 0 0 0 0.314996 0.949093
2795.600000000 49.5695 5.69701 0 0 0 0.38051 0.924777
2797.000000000 50.2958 6.44846 0 0 0 0.380963 0.92459
2798.300000000 50.9576 7.15869 0 0 0 0.431771 0.901983
2799.900000000 51.3356 8.18858 0 0 0 0.640516 0.767945
2801.300000000 51.1561 8.96943 0 0 0 0.83809 0.545533
2802.700000000 50.7502 9.93289 0 0 0 0.816366 0.577534
2804.200000000 50.6926 10.9207 0 0 0 0.659213 0.751956
2805.700000000 50.9868 12.0047 0 0 0 0.585553 0.810634
2807.100000000 51.2086 12.9789 0 0 0 0.6776 0.73543
2808.300000000 51.047 13.5841 0 0 0 0.85561 0.517621
2809.800000000 50.382 14.4207 0 0 0 0.907792 0.419421
2811.100000000 49.741 15.1369 0 0 0 0.915574 0.402148
2812.400000000 49.0896 15.8609 0 0 0 0.911485 0.411332
2813.700000000 48.4641 16.5987 0 0 0 0.902591 0.430498
2815.000000000 47.9504 17.4317 0 0 0 0.857579 0.514353
2816.300000000 47.6393 18.3559 0 0 0 0.787252 0.616631
2817.800000000 47.7691 19.4344 0 0 0 0.629548 0.776962
2819.200000000 48.0691 19.861 0 0 0 0.290423 0.956898
2819.800000000 48.1122 19.7519 0 0 0 -0.000691408 1
2820.300000000 48.111 19.6478 0 0 0 -0.23304 0.972467
2821.900000000 48.8587 18.8665 0 0 0 -0.422768 0.906238
2823.200000000 49.4687 18.1074 0 0 0 -0.43434 0.900749
2824.500000000 50.0717 17.3351 0 0 0 -0.445737 0.895164
2825.800000000 50.6145 16.5381 0 0 0 -0.471453 0.881891
2827.000000000 51.0535 15.7445 0 0 0 -0.548573 0.836103
2828.400000000 51.2983 14.7188 0 0 0 -0.653757 0.756704
2829.800000000 51.3029 13.6693 0 0 0 -0.727231 0.686393
2831.100000000 51.165 12.7104 0 0 0 -0.759358 0.650673
2832.400000000 50.9593 11.7648 0 0 0 -0.791426 0.611266
2833.700000000 50.6973 10.8288 0 0 0 -0.782777 0.622302
2835.000000000 50.6956 9.87769 0 0 0 -0.665896 0.746044
2836.400000000 51.0757 8.96659 0 0 0 -0.509066 0.860727
2837.900000000 51.1894 8.09814 0 0 0 -0.743286 0.668974
2839.100000000 50.8638 7.50579 0 0 0 -0.891432 0.453155
2840.600000000 50.0762 6.74605 0 0 0 -0.930522 0.366236
2840.800000000 49.3828 5.91278 0 0 0 -0.9499 0.312555
2843.400000000 48.5682 5.27278 0 0 0 -0.920624 0.39045
2844.700000000 47.9402 4.51887 0 0 0 -0.909709 0.415247
2846.000000000 47.2798 3.79605 0 0 0 -0.899557 0.436804
2847.300000000 46.8508 2.92854 0 0 0 -0.816729 0.577021
2848.700000000 46.733 1.89405 0 0 0 -0.714022 0.700123
2850.000000000 46.7495 0.914819 0 0 0 -0.718404 0.695626
2851.400000000 46.4719 -0.00569067 0 0 0 -0.843854 0.536573
2852.800000000 45.8366 -0.800598 0 0 0 -0.92319 0.384344
2854.100000000 45.0478 -1.37036 0 0 0 -0.963139 0.269003
2855.400000000 44.1354 -1.71388 0 0 0 -0.991421 0.130704
2856.700000000 43.1613 -1.78464 0 0 0 0.999987 0.00509432
2858.100000000 42.1191 -1.66941 0 0 0 0.997832 0.0658173
2859.300000000 41.2206 -1.59639 0 0 0 0.99975 0.0223503
2860.600000000 40.2465 -1.6135 0 0 0 -0.999919 0.0126939
2862.000000000 39.1934 -1.62035 0 0 0 -0.999997 0.00241197
2863.300000000 38.2484 -1.76365 0 0 0 -0.992003 0.126216
2864.700000000 37.5545 -2.2605 0 0 0 -0.923385 0.383876
2866.300000000 37.1397 -3.24077 0 0 0 -0.791474 0.611203
2867.700000000 37.0818 -4.28249 0 0 0 -0.69435 0.719638
2869.000000000 37.2695 -5.23335 0 0 0 -0.594257 0.804275
2870.400000000 37.7412 -6.16724 0 0 0 -0.49124 0.871025
2871.700000000 38.3737 -6.91484 0 0 0 -0.384657 0.92306
2872.900000000 38.5216 -7.26552 0 0 0 -0.671555 0.740955
2873.500000000 38.4053 -7.36866 0 0 0 -0.829182 0.558979
2875.100000000 37.6746 -8.01684 0 0 0 -0.942811 0.333328
2876.500000000 37.0428 -8.76089 0 0 0 -0.871638 0.49015
2878.100000000 36.8333 -9.68487 0 0 0 -0.675202 0.737633
2878.700000000 36.9456 -9.64179 0 0 0 -0.426977 0.904262
2879.400000000 37.0673 -9.56375 0 0 0 -0.121724 0.992564
2880.300000000 37.4243 -9.44816 0 0 0 0.144614 0.989488
2881.700000000 38.3435 -8.96056 0 0 0 0.252429 0.967615
2883.000000000 39.2555 -8.62178 0 0 0 0.128552 0.991703
2884.300000000 40.2014 -8.59567 0 0 0 -0.0478759 0.998853
2885.800000000 41.1311 -9.03705 0 0 0 -0.261222 0.965279
2887.100000000 41.966 -9.528 0 0 0 -0.230868 0.972985
2888.400000000 42.9071 -9.7784 0 0 0 -0.0778253 0.996967
2889.600000000 43.7975 -9.73278 0 0 0 0.0628513 0.998023
2890.900000000 44.3841 -9.48356 0 0 0 0.371693 0.928356
2891.400000000 44.3006 -9.42539 0 0 0 0.589369 0.807864
2892.000000000 44.1822 -9.42368 0 0 0 0.801828 0.597555
2892.800000000 44.0717 -9.51464 0 0 0 0.971419 0.237371
2893.400000000 44.0225 -9.64302 0 0 0 -0.998904 0.0468025
2894.600000000 43.3957 -9.95816 0 0 0 -0.95757 0.288202
2896.000000000 42.7382 -10.7278 0 0 0 -0.887763 0.460301
2897.400000000 42.0919 -11.5737 0 0 0 -0.899 0.437948
2898.700000000 41.4853 -12.3253 0 0 0 -0.903673 0.428224
2900.000000000 40.8342 -13.0573 0 0 0 -0.915859 0.401499
2901.300000000 40.1474 -13.7497 0 0 0 -0.927397 0.37408
2902.700000000 39.3709 -14.4449 0 0 0 -0.936741 0.350024
2903.900000000 38.7066 -15.067 0 0 0 -0.920099 0.391686
2905.300000000 37.996 -15.8342 0 0 0 -0.918337 0.395799
2906.700000000 37.317 -16.664 0 0 0 -0.879716 0.475499
2908.000000000 36.973 -17.5691 0 0 0 -0.802259 0.596977
2909.400000000 36.9391 -18.5849 0 0 0 -0.688769 0.724981
2910.800000000 37.072 -19.6289 0 0 0 -0.660221 0.751072
2912.100000000 37.227 -20.5899 0 0 0 -0.623694 0.781668
2913.300000000 37.1678 -21.0205 0 0 0 -0.836625 0.547777
2914.100000000 36.9886 -21.0237 0 0 0 -0.969994 0.243129
2914.700000000 36.9292 -20.9359 0 0 0 0.999443 0.0333644
2915.300000000 36.9716 -20.8232 0 0 0 0.946453 0.322842
2915.800000000 37.0814 -20.7577 0 0 0 0.839072 0.544021
2916.500000000 37.1676 -20.6306 0 0 0 0.647503 0.762063
2917.800000000 37.61 -20.0168 0 0 0 0.415705 0.9095
2919.100000000 38.318 -19.3877 0 0 0 0.373827 0.927499
2920.400000000 38.9688 -18.7366 0 0 0 0.431455 0.902134
2921.000000000 38.8661 -18.5935 0 0 0 0.656299 0.754501
2922.000000000 38.6672 -18.2658 0 0 0 0.855888 0.517162
2923.500000000 37.9318 -17.5251 0 0 0 0.920876 0.389857
2924.900000000 37.5281 -16.6653 0 0 0 0.821963 0.569541
2926.400000000 37.4853 -15.6949 0 0 0 0.658161 0.752877
2927.700000000 37.5709 -14.7276 0 0 0 0.674039 0.738696
2929.000000000 37.611 -13.7438 0 0 0 0.709963 0.704239
2930.400000000 37.6032 -12.6996 0 0 0 0.707135 0.707078
2931.700000000 37.603 -11.7254 0 0 0 0.707133 0.707081
2933.000000000 37.6037 -10.7491 0 0 0 0.707146 0.707067
2934.300000000 37.6034 -9.77557 0 0 0 0.707137 0.707076
2935.600000000 37.6033 -8.80199 0 0 0 0.70713 0.707084
2936.800000000 37.6033 -7.89911 0 0 0 0.707086 0.707128
2938.200000000 37.605 -6.84774 0 0 0 0.707025 0.707188
2939.500000000 37.6095 -5.87708 0 0 0 0.706714 0.7075
2940.800000000 37.6136 -4.90298 0 0 0 0.706659 0.707555
2942.100000000 37.6042 -3.92928 0 0 0 0.706668 0.707545
2943.300000000 37.6062 -3.02644 0 0 0 0.706655 0.707558
2944.800000000 37.6887 -1.98572 0 0 0 0.623616 0.781731
2946.000000000 38.0451 -1.43973 0 0 0 0.390529 0.920591
2946.800000000 38.2492 -1.45783 0 0 0 0.0868039 0.996225
2947.600000000 38.5444 -1.59206 0 0 0 -0.135441 0.990785
2948.800000000 39.4326 -1.73698 0 0 0 -0.0477572 0.998859
2950.200000000 40.4773 -1.65638 0 0 0 0.078783 0.996892
2951.500000000 41.447 -1.56783 0 0 0 0.0161335 0.99987
2952.700000000 42.349 -1.58803 0 0 0 -0.0242694 0.999705
2954.100000000 43.3937 -1.66471 0 0 0 -0.035807 0.999359
2955.300000000 44.2915 -1.72132 0 0 0 -0.0357118 0.999362
2956.700000000 45.3433 -1.77653 0 0 0 -0.0228183 0.99974
2958.000000000 46.3174 -1.77373 0 0 0 0.00104834 0.999999
2959.300000000 47.2917 -1.76942 0 0 0 0.00333017 0.999994
2960.700000000 48.3449 -1.76081 0 0 0 -0.00954827 0.999954
2961.400000000 49.4549 -1.75801 0 0 0 -0.0600692 0.998194
2963.500000000 50.4346 -1.96591 0 0 0 -0.068958 0.99762
2964.800000000 51.3712 -2.22009 0 0 0 -0.171653 0.985157
2965.600000000 52.4488 -2.65119 0 0 0 -0.26355 0.964646
2967.600000000 52.8202 -3.25746 0 0 0 -0.565406 0.824813
2968.300000000 52.6635 -3.27606 0 0 0 -0.81052 0.585712
2969.000000000 52.4771 -3.34895 0 0 0 -0.9349 0.354912
2969.400000000 52.3605 -3.35326 0 0 0 -0.976566 0.215218
2970.600000000 52.0862 -3.25407 0 0 0 0.981171 0.19314
2971.700000000 52.1509 -3.16995 0 0 0 0.893692 0.44868
2972.900000000 52.2553 -3.13056 0 0 0 0.724498 0.689276
2974.400000000 52.389 -3.16099 0 0 0 0.425865 0.904787
2975.800000000 52.5421 -3.20282 0 0 0 0.142522 0.989792
2979.600000000 53.49 -2.93697 0 0 0 0.282312 0.959323
2980.800000000 53.5235 -2.77374 0 0 0 0.543947 0.83912
2981.800000000 53.3963 -2.76404 0 0 0 0.79974 0.600347
2982.600000000 53.3118 -2.82281 0 0 0 0.93449 0.35599
2983.300000000 53.2631 -2.90173 0 0 0 0.992939 0.118625
2984.200000000 53.2665 -3.02147 0 0 0 -0.980861 0.194709
2985.300000000 53.146 -3.2465 0 0 0 -0.893867 0.448332
2986.400000000 53.1755 -3.47048 0 0 0 -0.736967 0.675929
2987.600000000 53.2794 -3.47044 0 0 0 -0.482121 0.876104
2988.700000000 53.3638 -3.39843 0 0 0 -0.19733 0.980337
2989.900000000 53.3669 -3.26803 0 0 0 0.130126 0.991497
2990.900000000 53.3123 -3.18382 0 0 0 0.393202 0.919452
2992.000000000 53.2033 -3.13221 0 0 0 0.650814 0.759237
2993.000000000 53.1041 -3.13795 0 0 0 0.832577 0.553909
2994.100000000 53.0157 -3.22547 0 0 0 0.959675 0.281112
2995.300000000 52.9005 -3.30173 0 0 0 -1 0.00031893
2996.600000000 52.8079 -3.41802 0 0 0 -0.957943 0.286957
2997.800000000 52.8978 -3.49298 0 0 0 -0.830451 0.557092
2998.800000000 53.0051 -3.51515 0 0 0 -0.667826 0.744318
3000.000000000 53.1068 -3.46419 0 0 0 -0.418738 0.908107
3001.700000000 53.3884 -3.49706 0 0 0 -0.132824 0.99114
3003.300000000 53.5216 -3.38563 0 0 0 0.218055 0.975936
3004.300000000 53.4481 -3.30815 0 0 0 0.497231 0.867618
3005.200000000 53.3445 -3.28198 0 0 0 0.721707 0.692199
3005.900000000 53.2655 -3.29572 0 0 0 0.8598 0.510631
3006.700000000 53.1902 -3.35758 0 0 0 0.962176 0.272428
3007.700000000 53.0786 -3.45378 0 0 0 -0.999987 0.00518578
3008.900000000 52.9427 -3.60205 0 0 0 -0.957808 0.287408
3010.200000000 52.919 -3.77234 0 0 0 -0.840689 0.541519
3011.300000000 53.0325 -3.79885 0 0 0 -0.663647 0.748046
3012.400000000 53.1442 -3.77539 0 0 0 -0.449788 0.893136
3014.100000000 53.4247 -3.85713 0 0 0 -0.17824 0.983987
3015.100000000 53.4697 -3.77438 0 0 0 0.0901951 0.995924
3016.100000000 53.4188 -3.67435 0 0 0 0.380671 0.924711
3017.000000000 53.3239 -3.62536 0 0 0 0.614587 0.788849
3017.900000000 53.2285 -3.62656 0 0 0 0.802786 0.596267
3018.700000000 53.1353 -3.68018 0 0 0 0.920935 0.389717
3019.400000000 53.0811 -3.66422 0 0 0 0.985583 0.16919
3021.200000000 53.0561 -3.94848 0 0 0 -0.950833 0.309703
3022.400000000 53.0875 -4.10373 0 0 0 -0.811134 0.584861
3023.300000000 53.1787 -4.12669 0 0 0 -0.640293 0.768131
3024.400000000 53.2972 -4.04633 0 0 0 -0.37767 0.92594
3025.300000000 53.3418 -3.96068 0 0 0 -0.110226 0.993907
3026.200000000 53.3371 -3.85607 0 0 0 0.167021 0.985953
3027.200000000 53.2663 -3.77046 0 0 0 0.45757 0.889174
3028.200000000 53.1587 -3.73351 0 0 0 0.705644 0.708566
3029.000000000 53.0575 -3.75901 0 0 0 0.854276 0.51982
3030.000000000 52.9764 -3.826 0 0 0 0.96599 0.25858
3031.100000000 52.9381 -3.93152 0 0 0 -0.998931 0.0462187
3032.100000000 52.946 -4.05127 0 0 0 -0.949854 0.312695
3033.200000000 53.0403 -4.1199 0 0 0 -0.823679 0.567056
3034.300000000 53.1375 -4.12943 0 0 0 -0.637467 0.770478
3035.800000000 53.2838 -4.10263 0 0 0 -0.336731 0.941601
3036.900000000 53.3428 -4.00763 0 0 0 -0.046566 0.998915
3038.000000000 53.3129 -3.8855 0 0 0 0.302633 0.953107
3039.000000000 53.2174 -3.80335 0 0 0 0.592379 0.80566
3039.800000000 53.1124 -3.8146 0 0 0 0.777572 0.628794
3040.800000000 53.0126 -3.86003 0 0 0 0.937108 0.34904
3041.400000000 52.9631 -3.87588 0 0 0 0.990143 0.140061
3042.600000000 52.9766 -4.06708 0 0 0 -0.976689 0.21466
3043.400000000 53.0182 -4.147 0 0 0 -0.898781 0.438398
3044.800000000 53.1403 -4.24737 0 0 0 -0.678076 0.734992
3045.900000000 53.2361 -4.24582 0 0 0 -0.461234 0.887278
3047.300000000 53.4372 -4.24985 0 0 0 -0.213142 0.977021
3048.700000000 53.6339 -4.1823 0 0 0 0.0619185 0.998081
3049.400000000 53.5812 -4.09463 0 0 0 0.354635 0.935005
3050.900000000 53.3746 -4.02074 0 0 0 0.804781 0.593572
3051.800000000 53.2303 -4.06171 0 0 0 0.965528 0.260299
3052.500000000 53.1896 -4.15388 0 0 0 -0.999751 0.0223369
3053.200000000 53.2252 -4.24982 0 0 0 -0.953013 0.302931
3053.800000000 53.2928 -4.31922 0 0 0 -0.850721 0.525617
3054.600000000 53.4123 -4.34872 0 0 0 -0.639098 0.769125
3055.200000000 53.5121 -4.29828 0 0 0 -0.432602 0.901585
3055.900000000 53.564 -4.19828 0 0 0 -0.162433 0.98672
3056.900000000 53.5601 -4.0661 0 0 0 0.243561 0.969886
3057.600000000 53.4649 -3.98851 0 0 0 0.506586 0.862189
3058.400000000 53.3517 -3.96232 0 0 0 0.75711 0.653288
3059.800000000 52.9491 -3.40458 0 0 0 0.88592 0.463839
3061.400000000 52.429 -2.91344 0 0 0 0.962349 0.271815
3063.300000000 52.4193 -3.09732 0 0 0 -0.980197 0.198025
3064.500000000 52.5061 -3.17167 0 0 0 -0.876998 0.480493
3065.600000000 52.6082 -3.21504 0 0 0 -0.71592 0.698182
3067.300000000 52.771 -3.19745 0 0 0 -0.386715 0.922199
3068.700000000 52.9226 -3.15098 0 0 0 -0.105154 0.994456
3070.800000000 53.4172 -3.03187 0 0 0 0.166399 0.986059
3071.800000000 53.3662 -2.94408 0 0 0 0.424713 0.905328
3072.800000000 53.2664 -2.90163 0 0 0 0.65458 0.755993
3073.700000000 53.1599 -2.91603 0 0 0 0.832528 0.553983
3074.700000000 53.0764 -2.98218 0 0 0 0.959482 0.281769
3075.400000000 52.9351 -2.99339 0 0 0 0.999837 0.0180324
3077.300000000 52.995 -3.32438 0 0 0 -0.910649 0.413181
3078.700000000 53.0268 -3.51961 0 0 0 -0.741818 0.670601
3079.700000000 53.1245 -3.50042 0 0 0 -0.552044 0.833815
3080.900000000 53.2239 -3.43312 0 0 0 -0.289266 0.957249
3082.400000000 53.4903 -3.43223 0 0 0 -0.0465082 0.998918
3083.700000000 53.544 -3.31179 0 0 0 0.284745 0.958603
3084.500000000 53.4693 -3.25425 0 0 0 0.521671 0.853147
3085.300000000 53.3789 -3.23278 0 0 0 0.724594 0.689176
3086.100000000 53.2826 -3.25617 0 0 0 0.877487 0.4796
3087.000000000 53.2135 -3.33202 0 0 0 0.978641 0.205577
3087.800000000 53.1973 -3.43321 0 0 0 -0.998594 0.0530028
3088.700000000 53.1901 -3.55416 0 0 0 -0.949079 0.31504
3089.400000000 53.1546 -3.68617 0 0 0 -0.881403 0.472365
3090.700000000 53.2283 -3.83805 0 0 0 -0.670868 0.741577
3091.800000000 53.3442 -3.78292 0 0 0 -0.393291 0.919414
3092.900000000 53.4011 -3.67724 0 0 0 -0.0946805 0.995508
3093.900000000 53.3981 -3.57675 0 0 0 0.179947 0.983676
3094.800000000 53.3444 -3.49992 0 0 0 0.416261 0.909245
3095.900000000 53.2362 -3.45787 0 0 0 0.668304 0.743888
3096.900000000 53.1281 -3.47634 0 0 0 0.845208 0.534438
3098.000000000 53.0402 -3.54685 0 0 0 0.966054 0.258341
3099.200000000 52.9525 -3.63702 0 0 0 -0.999503 0.0315238
3100.400000000 52.8953 -3.77151 0 0 0 -0.950548 0.310577
3101.800000000 53.0079 -3.84848 0 0 0 -0.786019 0.618202
3103.000000000 53.1368 -3.82645 0 0 0 -0.571435 0.820648
3103.500000000 53.1838 -3.82819 0 0 0 -0.472875 0.88113
3105.400000000 53.3957 -3.75443 0 0 0 -0.0889083 0.99604
3107.300000000 53.6147 -3.61539 0 0 0 0.284612 0.958643
3108.300000000 53.5261 -3.54557 0 0 0 0.560562 0.828113
3109.100000000 53.4219 -3.53741 0 0 0 0.767656 0.640862
3109.800000000 53.3332 -3.57633 0 0 0 0.900276 0.43532
3110.800000000 53.2238 -3.66748 0 0 0 0.99248 0.122404
3111.800000000 53.1033 -3.76897 0 0 0 -0.986262 0.165187
3112.800000000 53.0501 -3.92418 0 0 0 -0.910878 0.412676
3115.800000000 52.7048 -4.12837 0 0 0 -0.992121 0.125284
3117.000000000 52.6233 -4.03215 0 0 0 0.990103 0.140342
3118.200000000 52.6214 -3.91585 0 0 0 0.918275 0.395942
3119.300000000 52.6704 -3.81989 0 0 0 0.794704 0.606997
3120.600000000 52.7998 -3.7519 0 0 0 0.588179 0.808731
3122.000000000 52.9753 -3.67961 0 0 0 0.349163 0.937062
3123.300000000 53.1149 -3.71036 0 0 0 0.0876539 0.996151
3127.200000000 53.5459 -3.69204 0 0 0 0.388363 0.921506
3128.200000000 53.4429 -3.63792 0 0 0 0.671674 0.740847
3129.100000000 53.3288 -3.65845 0 0 0 0.861338 0.508033
3129.400000000 53.2409 -3.57238 0 0 0 0.928344 0.371723
3131.200000000 53.0615 -3.78909 0 0 0 -0.997542 0.0700746
3132.200000000 53.0215 -3.9196 0 0 0 -0.938977 0.343979
3133.300000000 53.0669 -4.04731 0 0 0 -0.808659 0.588277
3135.000000000 53.1401 -4.32396 0 0 0 -0.603562 0.797316
3136.200000000 53.2473 -4.29261 0 0 0 -0.361435 0.932397
3137.700000000 53.5157 -4.32677 0 0 0 -0.118154 0.992995
3139.100000000 53.6115 -4.21309 0 0 0 0.271869 0.962334
3139.600000000 53.5323 -4.14869 0 0 0 0.480698 0.876886
3140.300000000 53.4217 -4.1211 0 0 0 0.730268 0.68316
3140.900000000 53.2998 -4.09516 0 0 0 0.872693 0.48827
3142.300000000 52.668 -3.3515 0 0 0 0.919676 0.392678
3143.800000000 52.5754 -3.4278 0 0 0 0.998626 0.0524002
3144.900000000 52.6036 -3.5248 0 0 0 -0.975269 0.22102
3146.000000000 52.6652 -3.59657 0 0 0 -0.877903 0.478838
3147.100000000 52.7699 -3.64894 0 0 0 -0.712789 0.701379
3148.200000000 52.8753 -3.62145 0 0 0 -0.492634 0.870237
3149.800000000 53.1456 -3.74891 0 0 0 -0.26331 0.964711
3151.800000000 53.5202 -3.72553 0 0 0 0.0432632 0.999064
3152.900000000 53.5647 -3.61529 0 0 0 0.31879 0.947825
3153.600000000 53.4956 -3.56942 0 0 0 0.524959 0.851127
3154.600000000 53.3884 -3.53889 0 0 0 0.769849 0.638226
3155.300000000 53.2967 -3.5854 0 0 0 0.893657 0.448751
3156.300000000 53.2254 -3.655 0 0 0 0.989523 0.144376
3157.300000000 53.1 -3.77609 0 0 0 -0.992295 0.1239
3158.300000000 53.0532 -3.90814 0 0 0 -0.923592 0.383378
3159.800000000 53.0936 -4.14824 0 0 0 -0.758065 0.652179
3161.800000000 53.2159 -4.32066 0 0 0 -0.496884 0.867817
3163.300000000 53.4139 -4.34951 0 0 0 -0.226957 0.973905
3164.600000000 53.5388 -4.25337 0 0 0 0.128135 0.991757
3165.200000000 53.4862 -4.1634 0 0 0 0.41698 0.908916
3166.100000000 53.3186 -4.12371 0 0 0 0.770454 0.637496
3166.800000000 53.1997 -4.1473 0 0 0 0.938389 0.34558
3167.300000000 53.1412 -4.22835 0 0 0 0.99418 0.107732
3168.000000000 53.15 -4.37494 0 0 0 -0.97234 0.233571
3168.600000000 53.2189 -4.44668 0 0 0 -0.877561 0.479466
3169.300000000 53.3175 -4.47623 0 0 0 -0.69949 0.714642
3170.100000000 53.4379 -4.42928 0 0 0 -0.424652 0.905357
3170.800000000 53.5118 -4.33035 0 0 0 -0.144083 0.989566
3171.600000000 53.4868 -4.20626 0 0 0 0.187688 0.982229
3172.500000000 53.389 -4.11488 0 0 0 0.538124 0.842866
3173.200000000 53.2942 -4.08909 0 0 0 0.760495 0.649344
3173.800000000 53.2093 -4.12056 0 0 0 0.898458 0.439059
3174.600000000 53.1059 -4.20363 0 0 0 0.987173 0.159654
3177.600000000 52.3201 -3.79471 0 0 0 0.893859 0.448347
3178.900000000 52.4122 -3.68543 0 0 0 0.728819 0.684707
3179.400000000 52.4461 -3.669 0 0 0 0.64638 0.763016
3181.700000000 52.6845 -3.67632 0 0 0 0.195462 0.980711
3185.900000000 53.3151 -3.48702 0 0 0 0.469494 0.882936
3186.800000000 53.2133 -3.4604 0 0 0 0.686813 0.726834
3187.800000000 53.1006 -3.48186 0 0 0 0.870879 0.491497
3188.700000000 53.0289 -3.55512 0 0 0 0.967021 0.254698
3189.800000000 52.9945 -3.68116 0 0 0 -0.999022 0.044224
3190.800000000 53.0426 -3.77194 0 0 0 -0.949279 0.314434
3192.100000000 53.046 -3.95001 0 0 0 -0.823844 0.566817
3193.300000000 53.1585 -3.99552 0 0 0 -0.626952 0.779058
3194.500000000 53.2644 -3.94155 0 0 0 -0.371566 0.928407
3196.000000000 53.5126 -3.95597 0 0 0 -0.119046 0.992889
3197.200000000 53.589 -3.85958 0 0 0 0.181781 0.983339
3197.900000000 53.5441 -3.79291 0 0 0 0.413165 0.910656
3198.800000000 53.4357 -3.74811 0 0 0 0.672297 0.740282
3199.800000000 53.3043 -3.78225 0 0 0 0.883472 0.468483
3202.100000000 52.4094 -3.27377 0 0 0 0.949162 0.314788
3203.800000000 52.3499 -3.06176 0 0 0 0.791171 0.611594
3204.900000000 52.4583 -3.05918 0 0 0 0.598806 0.800894
3206.000000000 52.5534 -3.1093 0 0 0 0.363085 0.931756
3207.300000000 52.7 -3.15761 0 0 0 0.10152 0.994834
3209.500000000 53.2818 -3.34689 0 0 0 -0.154268 0.988029
3211.400000000 53.6743 -3.66613 0 0 0 -0.494658 0.869088
3213.100000000 53.4553 -3.75813 0 0 0 -0.828143 0.560517
3214.100000000 53.3037 -3.78062 0 0 0 -0.957858 0.287243
3215.300000000 52.9605 -3.74928 0 0 0 -0.999466 0.0326674
3216.900000000 52.5818 -3.62762 0 0 0 0.962417 0.271575
3218.000000000 52.6761 -3.54806 0 0 0 0.85564 0.517571
3219.100000000 52.791 -3.5179 0 0 0 0.686292 0.727326
3220.000000000 52.8705 -3.53245 0 0 0 0.507949 0.861387
3222.000000000 53.0177 -3.65654 0 0 0 0.0588649 0.998266
3223.800000000 53.2688 -3.8729 0 0 0 -0.243309 0.969949
3225.200000000 53.3193 -4.04929 0 0 0 -0.519885 0.854236
3226.100000000 53.2419 -4.06978 0 0 0 -0.717454 0.696606
3227.200000000 53.1048 -4.05064 0 0 0 -0.894633 0.446802
3228.200000000 52.9802 -4.02792 0 0 0 -0.982369 0.186951
3229.100000000 52.963 -3.9305 0 0 0 0.996787 0.0801003
3230.600000000 52.6995 -3.67401 0 0 0 0.939053 0.343773
3231.800000000 52.8027 -3.60159 0 0 0 0.798609 0.60185
3232.800000000 52.8965 -3.59013 0 0 0 0.627895 0.778298
3233.300000000 52.9398 -3.59919 0 0 0 0.523811 0.851835
3235.300000000 53.0925 -3.72641 0 0 0 0.0816916 0.996658
3236.500000000 53.1209 -3.82971 0 0 0 -0.201311 0.979527
3237.900000000 53.0616 -3.94949 0 0 0 -0.506895 0.862008
3239.300000000 52.9467 -4.00602 0 0 0 -0.762922 0.64649
3240.500000000 52.8264 -3.94968 0 0 0 -0.917968 0.396654
3241.400000000 52.7676 -3.9046 0 0 0 -0.982818 0.184579
3242.900000000 52.7479 -3.76048 0 0 0 0.983335 0.181805
3244.000000000 52.8248 -3.66871 0 0 0 0.898869 0.438217
3245.100000000 52.921 -3.6203 0 0 0 0.748906 0.662676
3246.200000000 53.0277 -3.62635 0 0 0 0.544344 0.838862
3247.900000000 53.2595 -3.58137 0 0 0 0.24243 0.970169
3250.000000000 53.5214 -3.6869 0 0 0 -0.148003 0.988987
3251.200000000 53.5166 -3.80653 0 0 0 -0.445397 0.895333
3252.500000000 53.3686 -3.85719 0 0 0 -0.76942 0.638744
3253.400000000 53.2454 -3.82697 0 0 0 -0.915328 0.402708
3255.100000000 52.8843 -3.87942 0 0 0 -0.998286 0.0585274
3256.800000000 52.4005 -3.68795 0 0 0 0.980053 0.198736
3258.000000000 52.424 -3.58481 0 0 0 0.889045 0.457819
3259.100000000 52.5309 -3.53292 0 0 0 0.73531 0.677731
3260.300000000 52.6407 -3.55299 0 0 0 0.505581 0.862779
3261.800000000 52.8543 -3.4834 0 0 0 0.25004 0.968235
3264.200000000 53.4738 -3.50809 0 0 0 -0.0404589 0.999181
3265.200000000 53.4477 -3.62169 0 0 0 -0.325976 0.945378
3266.100000000 53.368 -3.68068 0 0 0 -0.561498 0.827478
3267.100000000 53.2864 -3.82017 0 0 0 -0.741366 0.671101
3268.700000000 53.0734 -3.93322 0 0 0 -0.936293 0.351221
3269.900000000 52.9572 -3.87633 0 0 0 -0.998508 0.0546089
3271.800000000 52.7022 -3.75838 0 0 0 0.956415 0.292012
3272.900000000 52.7845 -3.68099 0 0 0 0.844887 0.534945
3274.000000000 52.8898 -3.65476 0 0 0 0.671049 0.741413
3275.200000000 53.0123 -3.61153 0 0 0 0.459119 0.888375
3276.600000000 53.2095 -3.58631 0 0 0 0.208257 0.978074
3277.900000000 53.3642 -3.64834 0 0 0 -0.043677 0.999046
3279.300000000 53.3906 -3.77994 0 0 0 -0.357434 0.933938
3280.400000000 53.2948 -3.85511 0 0 0 -0.617836 0.786307
3281.800000000 53.1455 -3.9815 0 0 0 -0.849523 0.527551
3282.900000000 52.9987 -3.98388 0 0 0 -0.958731 0.284313
3284.500000000 52.6233 -3.98057 0 0 0 -0.999964 0.00848256
3285.400000000 52.6056 -3.89375 0 0 0 0.980416 0.196937
3287.000000000 52.6883 -3.75791 0 0 0 0.840359 0.542031
3288.100000000 52.7755 -3.70959 0 0 0 0.673273 0.739394
3289.300000000 52.895 -3.70749 0 0 0 0.443909 0.896072
3290.600000000 52.9964 -3.76827 0 0 0 0.156305 0.987709
3291.500000000 53.0145 -3.85246 0 0 0 -0.0631613 0.998003
3294.600000000 53.588 -3.8815 0 0 0 0.158528 0.987354
3295.800000000 53.4949 -3.76506 0 0 0 0.534046 0.845455
3296.700000000 53.3801 -3.71408 0 0 0 0.751868 0.659314
3297.400000000 53.3003 -3.52364 0 0 0 0.879521 0.475861
3299.000000000 53.0608 -3.7006 0 0 0 0.998746 0.05006
3300.000000000 52.9889 -3.82845 0 0 0 -0.973733 0.227692
3301.100000000 53.0267 -3.94933 0 0 0 -0.864829 0.502066
3301.700000000 53.0709 -3.97535 0 0 0 -0.781654 0.623712
3303.300000000 53.2177 -3.95565 0 0 0 -0.476204 0.879335
3304.500000000 53.2956 -3.85776 0 0 0 -0.195668 0.98067
3306.100000000 53.5695 -3.77995 0 0 0 0.0666497 0.997776
3307.100000000 53.5598 -3.68405 0 0 0 0.368712 0.929544
3307.900000000 53.4694 -3.63146 0 0 0 0.601924 0.798553
3308.700000000 53.3632 -3.63193 0 0 0 0.792183 0.610283
3309.600000000 53.2443 -3.66669 0 0 0 0.932293 0.361705
3310.600000000 53.1106 -3.71429 0 0 0 0.996421 0.0845345
3311.800000000 53.0269 -3.85554 0 0 0 -0.969055 0.246844
3312.900000000 53.0273 -4.00391 0 0 0 -0.859129 0.511759
3314.800000000 53.0417 -4.2982 0 0 0 -0.695805 0.718231
3316.000000000 53.1617 -4.30502 0 0 0 -0.475404 0.879768
3317.300000000 53.342 -4.34064 0 0 0 -0.257793 0.9662
3318.800000000 53.5884 -4.29823 0 0 0 0.0079329 0.999969
3319.800000000 53.5323 -4.19243 0 0 0 0.346829 0.937928
3320.600000000 53.4354 -4.13238 0 0 0 0.612787 0.790248
3321.200000000 53.321 -4.13719 0 0 0 0.812931 0.582361
3321.700000000 53.2476 -4.18348 0 0 0 0.928948 0.370211
3322.400000000 53.196 -4.30508 0 0 0 0.999163 0.0409039
3323.000000000 53.2195 -4.40661 0 0 0 -0.969269 0.246005
3323.600000000 53.2976 -4.47488 0 0 0 -0.859085 0.511832
3324.200000000 53.4194 -4.49746 0 0 0 -0.678645 0.734467
3324.800000000 53.5091 -4.47502 0 0 0 -0.429694 0.902975
3325.800000000 53.5833 -4.28028 0 0 0 0.0546387 0.998506
3326.400000000 53.5368 -4.19193 0 0 0 0.347573 0.937653
3327.000000000 53.4372 -4.13534 0 0 0 0.608823 0.793306
3327.600000000 53.3185 -4.14013 0 0 0 0.81611 0.577896
3328.300000000 53.2233 -4.21057 0 0 0 0.96449 0.264121
3329.000000000 53.1747 -4.33553 0 0 0 -0.997923 0.0644186
3329.700000000 53.2239 -4.4524 0 0 0 -0.922721 0.385469
3330.400000000 53.3174 -4.54798 0 0 0 -0.759128 0.650941
3331.000000000 53.4135 -4.56944 0 0 0 -0.544337 0.838867
3331.800000000 53.5442 -4.47111 0 0 0 -0.192182 0.981359
3332.400000000 53.5641 -4.37427 0 0 0 0.0978853 0.995198
3333.000000000 53.5372 -4.27231 0 0 0 0.382115 0.924115
3333.500000000 53.4598 -4.22197 0 0 0 0.597551 0.801831
3334.100000000 53.3416 -4.22364 0 0 0 0.807946 0.589256
3334.700000000 53.2405 -4.26853 0 0 0 0.938717 0.344689
3336.900000000 52.3574 -3.81054 0 0 0 0.947075 0.321014
3337.500000000 52.4192 -3.71076 0 0 0 0.823024 0.568006
3338.100000000 52.5189 -3.66238 0 0 0 0.633029 0.774128
3338.800000000 52.6546 -3.69054 0 0 0 0.349208 0.937045
3339.300000000 52.7138 -3.75678 0 0 0 0.117142 0.993115
3342.100000000 53.6926 -3.77424 0 0 0 -0.0579647 0.998319
3343.300000000 53.8113 -3.9261 0 0 0 -0.339166 0.940727
3344.300000000 53.7105 -3.99728 0 0 0 -0.654496 0.756066
3345.100000000 53.5895 -3.98131 0 0 0 -0.859742 0.510729
3345.700000000 53.5034 -3.92928 0 0 0 -0.957275 0.289179
3346.500000000 53.4414 -3.82597 0 0 0 0.999782 0.0208603
3348.200000000 52.5609 -3.48333 0 0 0 0.970718 0.240222
3349.800000000 52.4072 -3.25527 0 0 0 0.846177 0.532902
3350.900000000 52.5111 -3.22901 0 0 0 0.67273 0.739888
3352.000000000 52.6133 -3.25743 0 0 0 0.450125 0.892966
3353.300000000 52.7727 -3.26514 0 0 0 0.200829 0.979626
3354.700000000 52.9291 -3.34982 0 0 0 -0.0744306 0.997226
3355.400000000 52.9871 -3.41731 0 0 0 -0.210808 0.977528
3357.300000000 52.9662 -3.60563 0 0 0 -0.58352 0.812099
3358.500000000 52.8391 -3.63009 0 0 0 -0.793483 0.608592
3359.800000000 52.7418 -3.55246 0 0 0 -0.944695 0.32795
3361.000000000 52.6923 -3.43757 0 0 0 -0.999242 0.0389361
3361.400000000 52.7078 -3.45214 0 0 0 0.997321 0.0731466
3363.300000000 52.7789 -3.26292 0 0 0 0.864115 0.503294
3364.500000000 52.8944 -3.23664 0 0 0 0.680294 0.73294
3365.500000000 52.986 -3.22774 0 0 0 0.491123 0.87109
3367.800000000 53.2857 -3.28677 0 0 0 0.0516807 0.998664
3369.000000000 53.3453 -3.38281 0 0 0 -0.216094 0.976373
3370.100000000 53.2818 -3.47954 0 0 0 -0.492191 0.870487
3371.300000000 53.2287 -3.63608 0 0 0 -0.704061 0.71014
3372.700000000 53.0553 -3.80792 0 0 0 -0.873337 0.487117
3374.000000000 52.8473 -3.85463 0 0 0 -0.969787 0.243954
3375.200000000 52.7637 -3.80054 0 0 0 0.999428 0.0338216
3376.300000000 52.7924 -3.68668 0 0 0 0.955021 0.296537
3377.300000000 52.8611 -3.62082 0 0 0 0.853902 0.520434
3378.500000000 52.9739 -3.59106 0 0 0 0.665297 0.746579
3379.800000000 53.109 -3.58867 0 0 0 0.414264 0.910157
3381.100000000 53.2783 -3.60468 0 0 0 0.167056 0.985947
3382.500000000 53.4197 -3.69617 0 0 0 -0.110372 0.99389
3383.700000000 53.363 -3.81609 0 0 0 -0.429639 0.903001
3384.800000000 53.2695 -3.90798 0 0 0 -0.683929 0.729549
3385.900000000 53.147 -3.98754 0 0 0 -0.856121 0.516775
3387.000000000 52.9979 -4.01106 0 0 0 -0.962507 0.271257
3388.600000000 52.6696 -3.97358 0 0 0 0.999788 0.0205753
3389.400000000 52.6645 -3.8983 0 0 0 0.979133 0.20322
3391.000000000 52.7445 -3.75057 0 0 0 0.837239 0.546837
3391.400000000 52.7578 -3.7386 0 0 0 0.779845 0.625972
3393.300000000 52.9493 -3.70152 0 0 0 0.439316 0.898332
3394.600000000 53.0531 -3.76016 0 0 0 0.152577 0.988292
3396.700000000 53.5685 -3.8022 0 0 0 -0.120181 0.992752
3397.200000000 53.5381 -3.87636 0 0 0 -0.27734 0.960772
3397.900000000 53.4887 -3.92753 0 0 0 -0.482708 0.875781
3399.700000000 53.2638 -3.94723 0 0 0 -0.877561 0.479465
3400.600000000 53.131 -3.96305 0 0 0 -0.969118 0.246597
3401.800000000 52.8703 -3.92282 0 0 0 0.999816 0.0191774
3403.100000000 52.6722 -3.75901 0 0 0 0.959663 0.281152
3404.300000000 52.7642 -3.67462 0 0 0 0.837358 0.546655
3405.300000000 52.8491 -3.66022 0 0 0 0.677595 0.735435
3406.500000000 52.9668 -3.68888 0 0 0 0.434385 0.900727
3407.800000000 53.0912 -3.7301 0 0 0 0.162957 0.986633
3410.600000000 53.8378 -3.87751 0 0 0 -0.126404 0.991979
3411.600000000 53.7799 -3.95408 0 0 0 -0.518336 0.855177
3412.900000000 53.5689 -4.02475 0 0 0 -0.838008 0.545658
3414.000000000 53.3972 -4.002 0 0 0 -0.982055 0.188595
3414.800000000 53.3039 -3.91781 0 0 0 0.99592 0.090246
3416.800000000 52.4205 -3.36954 0 0 0 0.94984 0.312737
3417.600000000 52.3459 -3.25206 0 0 0 0.89512 0.445825
3419.300000000 52.5126 -3.20387 0 0 0 0.637401 0.770533
3420.400000000 52.6122 -3.24376 0 0 0 0.408011 0.912977
3421.400000000 52.6701 -3.318 0 0 0 0.173023 0.984918
3425.100000000 53.4975 -3.80024 0 0 0 -0.298592 0.954381
3425.900000000 53.4276 -3.90608 0 0 0 -0.515859 0.856673
3426.800000000 53.3169 -3.92834 0 0 0 -0.72149 0.692425
3427.900000000 53.1861 -3.97854 0 0 0 -0.890756 0.454481
3429.000000000 53.016 -3.98266 0 0 0 -0.979374 0.202057
3430.100000000 52.8359 -3.91524 0 0 0 0.998356 0.0573246
3431.200000000 52.8211 -3.80933 0 0 0 0.951384 0.308008
3432.400000000 52.9172 -3.73242 0 0 0 0.82039 0.571804
3433.600000000 53.0358 -3.71338 0 0 0 0.617797 0.786338
3435.700000000 53.2709 -3.73278 0 0 0 0.209592 0.977789
3436.800000000 53.4001 -3.77766 0 0 0 -0.00914005 0.999958
3438.000000000 53.368 -3.90898 0 0 0 -0.326083 0.945341
3439.100000000 53.2848 -4.00371 0 0 0 -0.584181 0.811624
3440.200000000 53.1907 -4.05741 0 0 0 -0.793364 0.608748
3441.300000000 53.0635 -4.04639 0 0 0 -0.933259 0.359205
3442.100000000 52.9632 -4.0153 0 0 0 -0.989025 0.147745
3443.900000000 52.7729 -3.75423 0 0 0 0.958107 0.286409
3445.600000000 52.4774 -3.41929 0 0 0 0.863385 0.504546
3447.300000000 52.6387 -3.39499 0 0 0 0.583368 0.812208
3448.500000000 52.7472 -3.44882 0 0 0 0.322694 0.946503
3449.600000000 52.8429 -3.50455 0 0 0 0.0866754 0.996237
3453.200000000 53.389 -3.42096 0 0 0 0.349569 0.936911
3454.200000000 53.3052 -3.35929 0 0 0 0.596311 0.802753
3456.000000000 53.1328 -3.52178 0 0 0 0.895277 0.44551
3457.000000000 53.0376 -3.50868 0 0 0 0.991988 0.126333
3458.100000000 52.9819 -3.64091 0 0 0 -0.98778 0.155855
3459.300000000 52.9178 -3.78811 0 0 0 -0.912525 0.409022
3460.400000000 53.016 -3.83393 0 0 0 -0.76819 0.640221
3461.600000000 53.1449 -3.83293 0 0 0 -0.555398 0.831585
3462.600000000 53.2635 -3.87991 0 0 0 -0.381278 0.92446
3464.400000000 53.4146 -3.80167 0 0 0 0.00602211 0.999982
3465.500000000 53.3905 -3.7029 0 0 0 0.305141 0.952307
3466.400000000 53.3161 -3.64221 0 0 0 0.538548 0.842595
3467.500000000 53.2011 -3.62169 0 0 0 0.774581 0.632474
3468.500000000 53.0708 -3.65385 0 0 0 0.919545 0.392985
3469.600000000 52.9575 -3.71712 0 0 0 0.995265 0.0971987
3470.500000000 52.8425 -3.76483 0 0 0 -0.984282 0.176601
3472.400000000 52.9702 -3.97371 0 0 0 -0.823247 0.567684
3473.600000000 53.0976 -3.98387 0 0 0 -0.619383 0.785089
3474.900000000 53.2197 -4.04118 0 0 0 -0.381433 0.924396
3476.400000000 53.462 -4.02512 0 0 0 -0.118956 0.9929
3477.800000000 53.588 -3.91549 0 0 0 0.20958 0.977791
3478.400000000 53.5412 -3.84897 0 0 0 0.42299 0.906134
3479.200000000 53.4448 -3.80729 0 0 0 0.671082 0.741383
3480.000000000 53.3398 -3.74034 0 0 0 0.83799 0.545686
3481.100000000 53.1592 -3.76647 0 0 0 0.97503 0.222073
3485.100000000 52.4793 -3.55006 0 0 0 0.865754 0.50047
3486.100000000 52.5491 -3.52326 0 0 0 0.716694 0.697388
3487.200000000 52.656 -3.54018 0 0 0 0.50404 0.86368
3488.400000000 52.7516 -3.60931 0 0 0 0.236169 0.971712
3489.700000000 52.8155 -3.70982 0 0 0 -0.0658554 0.997829
3492.900000000 53.5413 -3.61887 0 0 0 0.209736 0.977758
3493.900000000 53.4739 -3.52388 0 0 0 0.490767 0.871291
3494.900000000 53.3591 -3.49746 0 0 0 0.744491 0.667633
3495.800000000 53.2475 -3.52987 0 0 0 0.902583 0.430515
3496.900000000 53.1547 -3.6259 0 0 0 0.994668 0.103128
3497.800000000 53.0858 -3.73957 0 0 0 -0.988388 0.151952
3498.900000000 53.0365 -3.90535 0 0 0 -0.903621 0.428332
3499.900000000 53.1038 -3.98924 0 0 0 -0.758711 0.651427
3501.000000000 53.2162 -3.9829 0 0 0 -0.516644 0.856201
3502.200000000 53.3892 -3.99679 0 0 0 -0.292527 0.956257
3503.800000000 53.6372 -3.95573 0 0 0 -0.0130991 0.999914
3504.700000000 53.6149 -3.84551 0 0 0 0.311374 0.950288
3505.700000000 53.4876 -3.77648 0 0 0 0.634048 0.773294
3506.400000000 53.3937 -3.77127 0 0 0 0.81164 0.584157
3507.100000000 53.1345 -3.81357 0 0 0 0.988765 0.149476
3507.200000000 53.2813 -3.84908 0 0 0 0.946896 0.32154
3508.000000000 53.2498 -3.95744 0 0 0 0.999525 0.0308218
3508.900000000 53.1924 -4.08117 0 0 0 -0.967232 0.253894
3509.800000000 53.2132 -4.20269 0 0 0 -0.85346 0.521158
3510.800000000 53.3352 -4.22531 0 0 0 -0.606519 0.795069
3511.700000000 53.462 -4.15101 0 0 0 -0.312941 0.949773
3512.400000000 53.4876 -4.05247 0 0 0 -0.0610482 0.998135
3513.100000000 53.4618 -3.96182 0 0 0 0.197214 0.980361
3513.800000000 53.4145 -3.88434 0 0 0 0.445807 0.895129
3514.500000000 53.3193 -3.84848 0 0 0 0.661329 0.750096
3514.900000000 53.1067 -3.84965 0 0 0 0.885312 0.464998
3516.400000000 53.1121 -3.97786 0 0 0 0.989529 0.144334
3517.300000000 53.0703 -4.08646 0 0 0 -0.991424 0.130687
3518.300000000 53.1216 -4.20336 0 0 0 -0.897051 0.441927
3519.000000000 53.2165 -4.23197 0 0 0 -0.752827 0.658218
3519.700000000 53.3185 -4.22761 0 0 0 -0.559008 0.829162
3520.400000000 53.3892 -4.15217 0 0 0 -0.325128 0.94567
3521.400000000 53.4404 -4.02643 0 0 0 0.0403961 0.999184
3522.100000000 53.4153 -3.93221 0 0 0 0.298128 0.954526
3522.700000000 53.3421 -3.87583 0 0 0 0.501626 0.865085
3523.600000000 53.2153 -3.8516 0 0 0 0.758281 0.651928
3524.400000000 53.1214 -3.89249 0 0 0 0.916684 0.399612
3525.200000000 53.0522 -3.9868 0 0 0 0.992736 0.120316
3525.900000000 53.029 -4.09141 0 0 0 -0.99135 0.131244
3526.800000000 53.0658 -4.20404 0 0 0 -0.899249 0.437438
3527.800000000 53.1471 -4.35985 0 0 0 -0.7237 0.690115
3528.700000000 53.2698 -4.36924 0 0 0 -0.503365 0.864074
3530.600000000 53.6659 -4.64785 0 0 0 -0.18992 0.9818
3530.800000000 53.6652 -4.62567 0 0 0 -0.084081 0.996459
3531.800000000 53.608 -4.45063 0 0 0 0.391458 0.920196
3532.400000000 53.5126 -4.39857 0 0 0 0.645687 0.763602
3533.200000000 53.3792 -4.42288 0 0 0 0.892244 0.451553
3533.800000000 53.2988 -4.52756 0 0 0 0.985859 0.167575
3534.400000000 53.2943 -4.63538 0 0 0 -0.991326 0.131423
3535.200000000 53.3881 -4.75635 0 0 0 -0.860302 0.509785
3535.900000000 53.5142 -4.77886 0 0 0 -0.634148 0.773212
3536.500000000 53.608 -4.73158 0 0 0 -0.377269 0.926104
3537.000000000 53.6627 -4.62429 0 0 0 -0.142255 0.98983
3537.600000000 53.6565 -4.52852 0 0 0 0.157746 0.98748
3538.400000000 53.5639 -4.41703 0 0 0 0.530725 0.847544
3539.200000000 53.4189 -4.39971 0 0 0 0.819463 0.573133
3539.800000000 53.3246 -4.48172 0 0 0 0.952193 0.305497
3540.400000000 53.2971 -4.5838 0 0 0 0.999946 0.0104192
3540.800000000 53.4101 -4.93192 0 0 0 -0.917856 0.396913
3540.900000000 53.2917 -4.68912 0 0 0 -0.971557 0.236806
3541.500000000 53.3845 -4.75309 0 0 0 -0.856375 0.516355
3542.200000000 53.5106 -4.78444 0 0 0 -0.626902 0.779098
3542.700000000 53.6133 -4.72537 0 0 0 -0.418374 0.908275
3543.400000000 53.6662 -4.60296 0 0 0 -0.0826813 0.996576
3544.000000000 53.6605 -4.5078 0 0 0 0.21732 0.9761
3544.600000000 53.5817 -4.42304 0 0 0 0.495525 0.868594
3545.500000000 53.4128 -4.40801 0 0 0 0.824553 0.565785
3546.500000000 53.2279 -4.4567 0 0 0 0.970292 0.241937
3549.900000000 52.3984 -3.97564 0 0 0 0.944483 0.328561
3551.300000000 52.3908 -3.78826 0 0 0 0.822382 0.568935
3552.700000000 52.5034 -3.68876 0 0 0 0.615102 0.788447
3552.800000000 52.8114 -3.87626 0 0 0 0.138129 0.990414
3552.900000000 52.5244 -3.68752 0 0 0 0.578199 0.815896
3554.100000000 52.6414 -3.71041 0 0 0 0.333863 0.942621
3554.700000000 52.6868 -3.74825 0 0 0 0.198052 0.980192
3558.400000000 53.5139 -4.01878 0 0 0 -0.249117 0.968473
3559.500000000 53.3988 -4.28878 0 0 0 -0.584902 0.811104
3560.300000000 53.2916 -4.3532 0 0 0 -0.782223 0.622998
3561.200000000 53.1669 -4.28444 0 0 0 -0.9521 0.305787
3561.900000000 53.1129 -4.18573 0 0 0 -0.999257 0.0385423
3563.000000000 52.5985 -3.88372 0 0 0 0.990239 0.139382
3565.100000000 52.2234 -3.53834 0 0 0 0.845096 0.534614
3566.200000000 52.3262 -3.51299 0 0 0 0.671231 0.741249
3567.300000000 52.4298 -3.54212 0 0 0 0.449043 0.89351
3568.500000000 52.5188 -3.61409 0 0 0 0.176738 0.984258
3568.800000000 52.5326 -3.6506 0 0 0 0.102517 0.994731
3572.700000000 53.3785 -4.05802 0 0 0 -0.228276 0.973597
3574.400000000 53.6684 -4.06944 0 0 0 0.0802283 0.996777
3574.800000000 53.6358 -4.0103 0 0 0 0.22242 0.974951
3576.000000000 53.5036 -4.05052 0 0 0 0.619267 0.78518
3576.700000000 53.3738 -4.1328 0 0 0 0.797178 0.603744
3577.800000000 53.2464 -4.2441 0 0 0 0.97395 0.226764
3579.900000000 52.3699 -3.90756 0 0 0 0.982703 0.185188
3581.500000000 52.2707 -3.73836 0 0 0 0.879765 0.47541
3583.100000000 52.3956 -3.63711 0 0 0 0.655184 0.755469
3584.700000000 52.5374 -3.66402 0 0 0 0.329462 0.944169
3586.100000000 52.6994 -3.73542 0 0 0 0.047026 0.998894
3589.800000000 53.4897 -3.49346 0 0 0 0.352975 0.935633
3590.600000000 53.4017 -3.4407 0 0 0 0.581743 0.813373
3591.300000000 53.3155 -3.43505 0 0 0 0.750253 0.66115
3592.200000000 53.2213 -3.47512 0 0 0 0.909359 0.416012
3593.300000000 53.1542 -3.58843 0 0 0 0.997449 0.07138
3594.200000000 53.0926 -3.70872 0 0 0 -0.982593 0.185772
3595.200000000 53.0394 -3.86434 0 0 0 -0.903358 0.428887
3596.400000000 53.0851 -4.02994 0 0 0 -0.727793 0.685796
3597.400000000 53.2 -4.01002 0 0 0 -0.517434 0.855723
3598.700000000 53.3625 -4.00114 0 0 0 -0.270209 0.962802
3600.200000000 53.5665 -3.94949 0 0 0 0.0484018 0.998828
3601.100000000 53.5161 -3.84856 0 0 0 0.352111 0.935958
3601.900000000 53.4216 -3.79879 0 0 0 0.594275 0.804262
3602.700000000 53.3202 -3.78544 0 0 0 0.792111 0.610377
3603.600000000 53.2175 -3.86258 0 0 0 0.940494 0.33981
3607.200000000 52.498 -3.31756 0 0 0 0.778516 0.627624
3608.300000000 52.6062 -3.31646 0 0 0 0.5825 0.81283
3608.900000000 52.6542 -3.34488 0 0 0 0.452525 0.891752
3610.800000000 52.8034 -3.46265 0 0 0 0.0299125 0.999553
3614.000000000 53.3173 -3.82972 0 0 0 -0.385744 0.922606
3614.800000000 53.2615 -4.07537 0 0 0 -0.595529 0.803334
3616.700000000 53.0328 -4.08369 0 0 0 -0.898383 0.439214
3617.800000000 52.9406 -4.01838 0 0 0 -0.990179 0.139803
3619.000000000 52.9448 -3.91238 0 0 0 0.987858 0.155357
3620.300000000 53.0064 -3.81818 0 0 0 0.888894 0.458114
3621.400000000 53.1148 -3.76416 0 0 0 0.733731 0.67944
3622.500000000 53.2146 -3.77406 0 0 0 0.525644 0.850705
3623.600000000 53.2939 -3.83805 0 0 0 0.278148 0.960538
3624.100000000 53.316 -3.87971 0 0 0 0.14063 0.990062
3625.400000000 53.3169 -4.03138 0 0 0 -0.248157 0.96872
3626.300000000 53.2381 -4.10546 0 0 0 -0.499577 0.86627
3627.200000000 53.1465 -4.16142 0 0 0 -0.714229 0.699912
3628.100000000 53.0391 -4.14005 0 0 0 -0.873944 0.486026
3629.000000000 52.9495 -4.09152 0 0 0 -0.970586 0.240756
3630.100000000 52.924 -3.96704 0 0 0 0.998232 0.0594325
3630.800000000 52.9467 -3.90323 0 0 0 0.973479 0.228778
3632.300000000 53.036 -3.80034 0 0 0 0.824692 0.565581
3633.400000000 53.1413 -3.77963 0 0 0 0.643669 0.765304
3634.600000000 53.267 -3.74772 0 0 0 0.428472 0.903555
3635.900000000 53.421 -3.7557 0 0 0 0.157404 0.987534
3636.700000000 53.4338 -3.85021 0 0 0 -0.0852688 0.996358
3637.700000000 53.3918 -3.95622 0 0 0 -0.380663 0.924714
3638.700000000 53.2901 -4.03104 0 0 0 -0.641824 0.766852
3639.800000000 53.1703 -4.01646 0 0 0 -0.858701 0.512477
3640.700000000 53.0383 -4.00698 0 0 0 -0.954578 0.297962
3641.900000000 52.9151 -3.93265 0 0 0 0.999979 0.00645103
3643.200000000 52.9572 -3.8209 0 0 0 0.947071 0.321024
3644.300000000 53.0388 -3.75179 0 0 0 0.826399 0.563084
3645.300000000 53.1167 -3.73498 0 0 0 0.66569 0.746228
3646.600000000 53.2659 -3.71973 0 0 0 0.420231 0.907417
3648.100000000 53.4649 -3.71185 0 0 0 0.145316 0.989385
3649.500000000 53.5657 -3.82035 0 0 0 -0.174522 0.984653
3650.400000000 53.5152 -3.92847 0 0 0 -0.444431 0.895813
3651.300000000 53.4133 -3.98067 0 0 0 -0.67984 0.73336
3652.400000000 53.274 -3.97911 0 0 0 -0.883927 0.467625
3653.500000000 53.1215 -3.92209 0 0 0 -0.983255 0.182235
3654.700000000 52.8223 -3.88888 0 0 0 0.996539 0.0831255
3655.900000000 52.8198 -3.75542 0 0 0 0.931386 0.364032
3657.000000000 52.8975 -3.70193 0 0 0 0.79946 0.60072
3658.100000000 52.9906 -3.6819 0 0 0 0.611134 0.791527
3659.300000000 53.1093 -3.7401 0 0 0 0.352218 0.935918
3660.600000000 53.2081 -3.81551 0 0 0 0.0642445 0.997934
3665.000000000 54.1616 -3.94644 0 0 0 0.198077 0.980186
3665.800000000 54.1427 -3.79383 0 0 0 0.526071 0.850441
3666.500000000 54.0222 -3.71691 0 0 0 0.765937 0.642916
3667.200000000 53.891 -3.71947 0 0 0 0.930054 0.367422
3667.900000000 53.7318 -3.80569 0 0 0 0.996158 0.0875717
3669.300000000 52.744 -3.49432 0 0 0 0.979049 0.203625
3670.700000000 52.5503 -3.28925 0 0 0 0.885733 0.464195
3671.900000000 52.6605 -3.24139 0 0 0 0.712293 0.701882
3672.700000000 52.7401 -3.25254 0 0 0 0.560674 0.828037
3674.100000000 52.9128 -3.24822 0 0 0 0.295583 0.955317
3676.200000000 53.2402 -3.29765 0 0 0 -0.0692493 0.997599
3680.600000000 53.9786 -3.47961 0 0 0 0.0912904 0.995824
3681.200000000 53.9305 -3.38406 0 0 0 0.354256 0.935149
3681.900000000 53.8404 -3.32846 0 0 0 0.626909 0.779092
3682.600000000 53.682 -3.35081 0 0 0 0.836407 0.548109
3683.300000000 53.5995 -3.42183 0 0 0 0.965255 0.261312
3684.000000000 53.4619 -3.50238 0 0 0 0.999875 0.0158271
3684.700000000 53.3932 -3.60963 0 0 0 -0.973584 0.228331
3685.600000000 53.3969 -3.75547 0 0 0 -0.848908 0.52854
3686.400000000 53.4491 -3.88754 0 0 0 -0.59328 0.804996
3687.800000000 53.6666 -3.89246 0 0 0 -0.195432 0.980717
3688.500000000 53.69 -3.80464 0 0 0 0.032088 0.999485
3689.300000000 53.6588 -3.73512 0 0 0 0.287154 0.957884
3690.600000000 53.5151 -3.64889 0 0 0 0.669571 0.742748
3691.800000000 53.3673 -3.69377 0 0 0 0.91945 0.393206
3692.100000000 53.2256 -3.66023 0 0 0 0.974344 0.225065
3692.200000000 53.3227 -3.73608 0 0 0 0.945538 0.325513
3693.000000000 53.3011 -3.8416 0 0 0 -0.999613 0.0278135
3693.900000000 53.3496 -3.94818 0 0 0 -0.938464 0.345376
3694.600000000 53.415 -4.02938 0 0 0 -0.823142 0.567835
3695.400000000 53.5382 -4.02725 0 0 0 -0.627518 0.778602
3696.600000000 53.6643 -3.92746 0 0 0 -0.24468 0.969604
3697.400000000 53.6868 -3.80493 0 0 0 0.0402081 0.999191
3698.100000000 53.6639 -3.73081 0 0 0 0.289021 0.957323
3699.000000000 53.563 -3.65333 0 0 0 0.579812 0.81475
3699.800000000 53.4465 -3.6517 0 0 0 0.787372 0.616478
3700.600000000 53.3491 -3.71007 0 0 0 0.93056 0.36614
3701.400000000 53.2985 -3.81171 0 0 0 0.996222 0.0868374
3702.300000000 53.3211 -3.934 0 0 0 -0.971859 0.235562
3703.100000000 53.3893 -4.00613 0 0 0 -0.864958 0.501844
3705.900000000 53.2206 -4.35167 0 0 0 -0.985295 0.170863
3706.500000000 53.1605 -4.2452 0 0 0 0.995943 0.0899863
3707.700000000 52.7476 -3.86811 0 0 0 0.922955 0.384908
3709.000000000 52.6028 -3.51843 0 0 0 0.785226 0.619209
3710.100000000 52.7091 -3.5176 0 0 0 0.590892 0.806751
3711.200000000 52.8289 -3.51019 0 0 0 0.3825 0.923956
3712.900000000 53.1092 -3.46797 0 0 0 0.0991984 0.995068
3714.300000000 53.209 -3.58036 0 0 0 -0.185544 0.982636
3715.300000000 53.1725 -3.64217 0 0 0 -0.432442 0.901662
3717.200000000 52.9766 -3.73291 0 0 0 -0.784177 0.620537
3718.300000000 52.8883 -3.679 0 0 0 -0.923035 0.384716
3719.400000000 52.8272 -3.59031 0 0 0 -0.992328 0.12363
3720.600000000 52.8298 -3.46318 0 0 0 0.985338 0.170614
3721.600000000 52.8628 -3.39026 0 0 0 0.913926 0.40588
3722.800000000 52.9805 -3.33936 0 0 0 0.7563 0.654225
3723.900000000 53.0863 -3.34532 0 0 0 0.554711 0.832043
3725.200000000 53.2461 -3.30762 0 0 0 0.320662 0.947194
3726.700000000 53.4444 -3.33118 0 0 0 0.026598 0.999646
3727.800000000 53.415 -3.45127 0 0 0 -0.267066 0.963678
3728.700000000 53.3399 -3.53287 0 0 0 -0.497075 0.867708
3729.300000000 53.2907 -3.55886 0 0 0 -0.644717 0.764421
3730.800000000 53.0918 -3.66171 0 0 0 -0.878836 0.477125
3731.700000000 52.8816 -3.78131 0 0 0 -0.946566 0.322509
3733.600000000 52.6765 -3.70156 0 0 0 0.996364 0.0851937
3734.800000000 52.7167 -3.60974 0 0 0 0.927721 0.373274
3735.900000000 52.8155 -3.54723 0 0 0 0.7938 0.60818
3737.000000000 52.9219 -3.5392 0 0 0 0.601985 0.798507
3738.100000000 53.0189 -3.58828 0 0 0 0.365225 0.930919
3739.200000000 53.1093 -3.64995 0 0 0 0.122559 0.992461
3740.500000000 53.1766 -3.75976 0 0 0 -0.165364 0.986233
3743.100000000 53.709 -4.15082 0 0 0 -0.458936 0.888469
3743.800000000 53.6125 -4.17669 0 0 0 -0.669739 0.742597
3744.600000000 53.4876 -4.17434 0 0 0 -0.855028 0.518581
3745.500000000 53.4206 -4.07813 0 0 0 -0.976592 0.2151
3746.500000000 53.1823 -4.01249 0 0 0 0.997421 0.071772
3747.200000000 53.0204 -3.85378 0 0 0 0.94127 0.337655
3749.000000000 53.089 -3.68782 0 0 0 0.69321 0.720736
3750.000000000 53.2087 -3.66048 0 0 0 0.493499 0.869746
3751.400000000 53.3935 -3.60984 0 0 0 0.242989 0.970029
3752.400000000 53.4728 -3.67893 0 0 0 -0.00260251 0.999997
3752.600000000 53.4623 -3.70022 0 0 0 -0.0943114 0.995543
3754.300000000 53.2944 -3.73917 0 0 0 -0.475761 0.879575
3755.200000000 53.1871 -3.80016 0 0 0 -0.685995 0.727606
3756.100000000 53.0822 -3.76693 0 0 0 -0.855476 0.517843
3757.500000000 52.8817 -3.85955 0 0 0 -0.967516 0.252811
3758.500000000 52.9263 -3.81886 0 0 0 0.99814 0.0609627
3759.700000000 52.9792 -3.697 0 0 0 0.937704 0.347436
3761.500000000 53.1299 -3.62457 0 0 0 0.700649 0.713506
3762.600000000 53.2395 -3.5906 0 0 0 0.462989 0.886364
3765.000000000 53.4159 -3.70617 0 0 0 -0.0529419 0.998598
3766.100000000 53.3646 -3.82588 0 0 0 -0.341192 0.939994
3767.000000000 53.3017 -3.88371 0 0 0 -0.559914 0.82855
3768.200000000 53.1828 -3.95575 0 0 0 -0.776584 0.630014
3769.400000000 53.0448 -4.00816 0 0 0 -0.920686 0.390303
3770.400000000 52.9292 -3.96545 0 0 0 -0.987471 0.157799
3772.300000000 52.5247 -3.89494 0 0 0 0.98941 0.14515
3773.400000000 52.5088 -3.79525 0 0 0 0.921244 0.388984
3775.100000000 52.6447 -3.67586 0 0 0 0.70394 0.71026
3776.300000000 52.7551 -3.6612 0 0 0 0.483246 0.875485
3777.600000000 52.8524 -3.72563 0 0 0 0.195323 0.980739
3780.200000000 53.6404 -3.80262 0 0 0 -0.0524283 0.998625
3781.100000000 53.6637 -3.92481 0 0 0 -0.316625 0.948551
3782.000000000 53.565 -3.99722 0 0 0 -0.586044 0.810279
3782.900000000 53.4357 -4.00414 0 0 0 -0.810121 0.586263
3784.200000000 53.2559 -3.93521 0 0 0 -0.980226 0.197881
3785.600000000 52.8408 -3.88397 0 0 0 0.994991 0.0999651
3786.600000000 52.828 -3.76937 0 0 0 0.943508 0.331349
3788.100000000 52.9386 -3.69663 0 0 0 0.758999 0.651092
3789.300000000 53.0511 -3.7041 0 0 0 0.536178 0.844105
3790.900000000 53.2671 -3.63678 0 0 0 0.26165 0.965163
3792.200000000 53.3639 -3.72118 0 0 0 -0.0440318 0.99903
3792.900000000 53.3498 -3.78802 0 0 0 -0.230107 0.973165
3794.400000000 53.2425 -3.90123 0 0 0 -0.596693 0.80247
3795.300000000 53.1374 -3.91395 0 0 0 -0.771086 0.636731
3796.500000000 52.9971 -3.95348 0 0 0 -0.919498 0.393095
3797.800000000 52.8409 -3.91394 0 0 0 -0.994017 0.109228
3798.600000000 52.8438 -3.82792 0 0 0 0.996253 0.0864829
3800.200000000 52.9136 -3.69726 0 0 0 0.886369 0.462979
3800.700000000 52.9529 -3.67181 0 0 0 0.823058 0.567957
3802.500000000 53.1273 -3.67564 0 0 0 0.49977 0.866158
3803.700000000 53.2269 -3.73836 0 0 0 0.234892 0.972022
3805.000000000 53.3425 -3.81037 0 0 0 -0.0389242 0.999242
3806.100000000 53.3419 -3.91938 0 0 0 -0.307881 0.951425
3807.300000000 53.2387 -4.00451 0 0 0 -0.604486 0.796616
3808.300000000 53.1173 -4.03738 0 0 0 -0.799201 0.601064
3809.400000000 52.9933 -4.02974 0 0 0 -0.934655 0.355557
3810.400000000 52.8752 -3.98873 0 0 0 -0.995564 0.0940832
3812.300000000 52.2807 -3.88317 0 0 0 0.986663 0.162779
3813.500000000 52.3198 -3.75354 0 0 0 0.90572 0.423877
3814.600000000 52.3899 -3.68022 0 0 0 0.769808 0.638275
3816.200000000 52.5401 -3.64432 0 0 0 0.488044 0.872819
3817.400000000 52.6448 -3.6996 0 0 0 0.227576 0.97376
3819.500000000 53.2042 -3.72695 0 0 0 -0.0239424 0.999713
3821.700000000 53.6622 -3.58633 0 0 0 0.253881 0.967235
3822.000000000 53.6467 -3.50064 0 0 0 0.369563 0.929206
3823.000000000 53.5251 -3.49389 0 0 0 0.654576 0.755996
3824.500000000 53.3541 -3.56671 0 0 0 0.919722 0.392571
3825.400000000 53.2686 -3.67275 0 0 0 0.999605 0.0281011
3826.200000000 53.2757 -3.7703 0 0 0 -0.970278 0.241995
3827.000000000 53.3419 -3.84851 0 0 0 -0.86563 0.500684
3827.900000000 53.4658 -3.87283 0 0 0 -0.666734 0.745295
3829.000000000 53.5888 -3.79719 0 0 0 -0.338169 0.941085
3830.200000000 53.6431 -3.64263 0 0 0 0.0713322 0.997453
3831.000000000 53.5972 -3.55442 0 0 0 0.344838 0.938662
3831.900000000 53.5022 -3.49454 0 0 0 0.620295 0.784369
3833.000000000 53.3587 -3.51092 0 0 0 0.869476 0.493976
3833.700000000 53.2848 -3.57477 0 0 0 0.962124 0.272612
3835.000000000 53.1974 -3.71617 0 0 0 -0.989324 0.145734
3835.900000000 53.1657 -3.86688 0 0 0 -0.922403 0.386228
3839.100000000 52.7163 -4.13458 0 0 0 -0.993563 0.113283
3840.400000000 52.6477 -4.01525 0 0 0 0.984735 0.174061
3841.700000000 52.6761 -3.89544 0 0 0 0.891042 0.453921
3842.700000000 52.7376 -3.82704 0 0 0 0.765446 0.6435
3844.400000000 52.9655 -3.79672 0 0 0 0.362774 0.931877
3844.900000000 53.0235 -3.85798 0 0 0 0.132557 0.991175
3845.600000000 53.0798 -3.97632 0 0 0 -0.18533 0.982676
3846.200000000 53.033 -4.07725 0 0 0 -0.449161 0.893451
3848.500000000 53.465 -4.39615 0 0 0 -0.181055 0.983473
3849.500000000 53.5369 -4.30915 0 0 0 0.120119 0.992759
3850.400000000 53.4682 -4.20483 0 0 0 0.478802 0.877923
3851.100000000 53.3386 -4.16841 0 0 0 0.722909 0.690944
3851.800000000 53.2225 -4.20722 0 0 0 0.908872 0.417074
3852.400000000 53.1432 -4.29673 0 0 0 0.989478 0.144684
3853.000000000 53.1233 -4.38923 0 0 0 -0.992727 0.120387
3854.600000000 52.9246 -4.27069 0 0 0 0.981909 0.189356
3855.600000000 52.8995 -4.14855 0 0 0 0.887365 0.461068
3856.600000000 52.9703 -3.9279 0 0 0 0.691936 0.721959
3857.400000000 53.1087 -3.83029 0 0 0 0.422462 0.906381
3858.100000000 53.2098 -3.89718 0 0 0 0.158041 0.987433
3859.400000000 53.2542 -4.00226 0 0 0 -0.143863 0.989598
3860.500000000 53.2112 -4.10869 0 0 0 -0.397974 0.917397
3861.700000000 53.1205 -4.15864 0 0 0 -0.649902 0.760018
3862.800000000 53.0032 -4.15529 0 0 0 -0.8305 0.557018
3863.800000000 52.9131 -4.11674 0 0 0 -0.940881 0.338738
3864.900000000 52.864 -4.01602 0 0 0 -0.996801 0.0799189
3866.100000000 52.8513 -3.91105 0 0 0 0.978327 0.207067
3867.400000000 52.9121 -3.81708 0 0 0 0.863348 0.50461
3868.500000000 53.0336 -3.7746 0 0 0 0.698171 0.715931
3869.600000000 53.134 -3.79561 0 0 0 0.480365 0.877069
3870.900000000 53.2865 -3.81202 0 0 0 0.226186 0.974084
3872.300000000 53.4182 -3.8721 0 0 0 -0.062282 0.998059
3873.500000000 53.4598 -3.99832 0 0 0 -0.313424 0.949613
3874.500000000 53.3952 -4.10356 0 0 0 -0.563086 0.826398
3875.700000000 53.2398 -4.10326 0 0 0 -0.838474 0.544942
3876.500000000 53.1467 -4.06126 0 0 0 -0.94906 0.315095
3877.500000000 52.9988 -4.00636 0 0 0 -0.999111 0.0421494
3878.600000000 52.9247 -3.88046 0 0 0 0.962692 0.270598
3879.500000000 53.0065 -3.80122 0 0 0 0.854396 0.519623
3880.500000000 53.1139 -3.77209 0 0 0 0.690669 0.723171
3881.700000000 53.2189 -3.79722 0 0 0 0.449772 0.893143
3882.900000000 53.3675 -3.81072 0 0 0 0.217546 0.97605
3884.300000000 53.4676 -3.89742 0 0 0 -0.10349 0.994631
3885.400000000 53.4195 -4.02474 0 0 0 -0.420577 0.907257
3886.300000000 53.3157 -4.07684 0 0 0 -0.648115 0.761543
3887.200000000 53.2168 -4.05254 0 0 0 -0.830735 0.556669
3887.500000000 53.2501 -4.0768 0 0 0 -0.892311 0.45142
3889.500000000 52.9193 -3.87113 0 0 0 0.999441 0.0334404
3890.800000000 52.7847 -3.73158 0 0 0 0.94445 0.328656
3891.100000000 52.7955 -3.63976 0 0 0 0.886784 0.462184
3892.900000000 52.9424 -3.64856 0 0 0 0.658701 0.752405
3894.100000000 53.0591 -3.68703 0 0 0 0.411326 0.911488
3895.400000000 53.2084 -3.7197 0 0 0 0.150898 0.988549
3898.400000000 53.9385 -3.87586 0 0 0 -0.110669 0.993857
3899.400000000 53.8846 -4.02546 0 0 0 -0.481328 0.87654
3900.200000000 53.7619 -4.05534 0 0 0 -0.734264 0.678864
3900.900000000 53.6456 -4.03131 0 0 0 -0.903307 0.428995
3901.200000000 53.6224 -3.97862 0 0 0 -0.950408 0.311005
3902.700000000 53.1889 -3.79121 0 0 0 0.991737 0.128285
3904.400000000 52.5994 -3.40296 0 0 0 0.914988 0.403482
3905.500000000 52.7022 -3.3465 0 0 0 0.774846 0.63215
3906.600000000 52.8103 -3.3434 0 0 0 0.577603 0.816318
3907.800000000 52.9042 -3.40198 0 0 0 0.314415 0.949286
3909.100000000 53.0075 -3.49386 0 0 0 0.0257999 0.999667
3913.500000000 53.7415 -3.7139 0 0 0 0.29658 0.955008
3914.300000000 53.6444 -3.64494 0 0 0 0.579409 0.815037
3914.900000000 53.5569 -3.63272 0 0 0 0.756543 0.653944
3915.600000000 53.4573 -3.67908 0 0 0 0.907738 0.419537
3916.500000000 53.3276 -3.74861 0 0 0 0.993148 0.116867
3917.200000000 53.2215 -3.82312 0 0 0 -0.994728 0.10255
3918.600000000 53.1747 -4.03813 0 0 0 -0.857935 0.513759
3919.400000000 53.2719 -4.05138 0 0 0 -0.705034 0.709173
3920.300000000 53.368 -4.02988 0 0 0 -0.479033 0.877797
3921.300000000 53.4659 -3.92294 0 0 0 -0.193664 0.981068
3922.200000000 53.4658 -3.82826 0 0 0 0.0830396 0.996546
3923.300000000 53.4009 -3.72295 0 0 0 0.411672 0.911332
3924.700000000 53.2462 -3.67629 0 0 0 0.757208 0.653173
3925.900000000 53.1286 -3.73896 0 0 0 0.9431 0.332509
3926.800000000 53.0194 -3.82094 0 0 0 0.996037 0.0889397
3929.700000000 52.4614 -3.65676 0 0 0 0.922095 0.386963
3930.900000000 52.5695 -3.59629 0 0 0 0.770324 0.637653
3932.000000000 52.6762 -3.59606 0 0 0 0.572011 0.820246
3933.100000000 52.8166 -3.54318 0 0 0 0.378756 0.925497
3935.400000000 53.0338 -3.65092 0 0 0 -0.0821628 0.996619
3938.200000000 53.6602 -4.12503 0 0 0 -0.359709 0.933065
3938.900000000 53.5849 -4.17891 0 0 0 -0.581356 0.813649
3939.800000000 53.4407 -4.20319 0 0 0 -0.813632 0.58138
3940.400000000 53.3703 -4.15313 0 0 0 -0.923567 0.383436
3941.400000000 53.3229 -4.02929 0 0 0 -0.99983 0.0184329
3942.300000000 53.1341 -3.86635 0 0 0 0.976804 0.214134
3944.000000000 52.3728 -3.32005 0 0 0 0.933061 0.359717
3945.400000000 52.4612 -3.24345 0 0 0 0.760964 0.648794
3946.600000000 52.5835 -3.24052 0 0 0 0.541628 0.840618
3947.800000000 52.6827 -3.30168 0 0 0 0.278368 0.960475
3948.900000000 52.7727 -3.3657 0 0 0 0.0391052 0.999235
3951.700000000 53.7185 -3.582 0 0 0 -0.118933 0.992902
3952.900000000 53.7869 -3.73002 0 0 0 -0.436625 0.899644
3953.700000000 53.6726 -3.78192 0 0 0 -0.677608 0.735423
3954.500000000 53.5776 -3.76827 0 0 0 -0.863341 0.504621
3956.000000000 53.4614 -3.5791 0 0 0 0.998215 0.059722
3956.800000000 53.4575 -3.43626 0 0 0 0.939989 0.341205
3959.300000000 52.7383 -2.99459 0 0 0 0.999447 0.0332506
3960.400000000 52.76 -3.10091 0 0 0 -0.97082 0.239809
3961.500000000 52.8228 -3.18312 0 0 0 -0.868976 0.494854
3962.600000000 52.9385 -3.19883 0 0 0 -0.703572 0.710624
3963.800000000 53.0459 -3.17276 0 0 0 -0.459054 0.888408
3965.500000000 53.3152 -3.21615 0 0 0 -0.177189 0.984177
3966.700000000 53.3942 -3.13462 0 0 0 0.100738 0.994913
3967.400000000 53.3682 -3.06456 0 0 0 0.288307 0.957538
3968.900000000 53.24 -2.99017 0 0 0 0.649191 0.760626
3969.600000000 53.1618 -2.9919 0 0 0 0.782713 0.622383
3971.200000000 53.0326 -3.09153 0 0 0 0.973266 0.22968
3972.400000000 52.9392 -3.21833 0 0 0 -0.998206 0.0598732
3973.800000000 52.7777 -3.3863 0 0 0 -0.943739 0.33069
3974.900000000 52.8483 -3.46051 0 0 0 -0.82255 0.568693
3976.100000000 52.9755 -3.46237 0 0 0 -0.622183 0.782872
3977.500000000 53.1061 -3.44685 0 0 0 -0.344194 0.938898
3978.900000000 53.3136 -3.41668 0 0 0 -0.0888386 0.996046
3980.300000000 53.4948 -3.32061 0 0 0 0.175746 0.984436
3981.000000000 53.4626 -3.26038 0 0 0 0.376812 0.92629
3982.400000000 53.3159 -3.19742 0 0 0 0.723019 0.690829
3983.000000000 53.2466 -3.21691 0 0 0 0.834822 0.55052
3984.300000000 53.1441 -3.32399 0 0 0 0.981549 0.191209
3985.300000000 53.137 -3.43311 0 0 0 -0.994168 0.107838
3986.500000000 53.0987 -3.61466 0 0 0 -0.917039 0.398797
3987.600000000 53.087 -3.81616 0 0 0 -0.793113 0.609074
3988.800000000 53.1978 -3.85671 0 0 0 -0.570832 0.821067
3989.400000000 53.2471 -3.8143 0 0 0 -0.430667 0.902511
3991.500000000 53.5183 -3.69254 0 0 0 0.00716481 0.999974
3992.700000000 53.5617 -3.5859 0 0 0 0.299126 0.954214
3993.600000000 53.4787 -3.51833 0 0 0 0.543852 0.839181
3994.400000000 53.3782 -3.50339 0 0 0 0.736288 0.676669
3995.200000000 53.2917 -3.53792 0 0 0 0.885411 0.464809
3996.000000000 53.2266 -3.61688 0 0 0 0.975145 0.221569
3996.900000000 53.2087 -3.72038 0 0 0 -0.997586 0.0694414
3997.300000000 53.157 -3.81363 0 0 0 -0.974129 0.225992
3999.000000000 53.1836 -3.9635 0 0 0 -0.795592 0.605833
4000.800000000 53.3614 -3.90884 0 0 0 -0.411927 0.911217
4001.700000000 53.4182 -3.81817 0 0 0 -0.123955 0.992288
4002.900000000 53.416 -3.68874 0 0 0 0.236036 0.971744
4003.800000000 53.3433 -3.61398 0 0 0 0.48652 0.87367
4004.500000000 53.2635 -3.58536 0 0 0 0.657747 0.753239
4005.900000000 53.119 -3.61849 0 0 0 0.908235 0.418461
4006.900000000 53.0472 -3.72773 0 0 0 0.990925 0.134414
4007.900000000 53.0115 -3.82442 0 0 0 -0.989649 0.143507
4008.900000000 52.9979 -3.95731 0 0 0 -0.918062 0.396437
4010.000000000 53.0596 -4.05347 0 0 0 -0.769691 0.638417
4011.000000000 53.156 -4.05285 0 0 0 -0.587713 0.80907
4012.300000000 53.3106 -4.04176 0 0 0 -0.341042 0.940048
4013.700000000 53.4865 -4.00194 0 0 0 -0.0539412 0.998544
4014.900000000 53.4391 -3.88363 0 0 0 0.308591 0.951195
4015.600000000 53.3634 -3.82776 0 0 0 0.521938 0.852983
4016.600000000 53.2619 -3.79643 0 0 0 0.775105 0.631832
4017.700000000 53.09 -3.89851 0 0 0 0.969088 0.246714
4018.800000000 53.0415 -4.02839 0 0 0 -0.990676 0.136242
4019.700000000 53.0662 -4.15168 0 0 0 -0.903759 0.428043
4020.900000000 53.1941 -4.23432 0 0 0 -0.694243 0.719741
4021.800000000 53.2879 -4.25886 0 0 0 -0.477394 0.87869
4022.600000000 53.3614 -4.17974 0 0 0 -0.2401 0.970748
4023.500000000 53.3846 -4.07544 0 0 0 0.0466344 0.998912
4024.300000000 53.3374 -3.98047 0 0 0 0.306442 0.951889
4025.100000000 53.2642 -3.91364 0 0 0 0.550569 0.834789
4025.900000000 53.1591 -3.89941 0 0 0 0.753179 0.657815
4026.500000000 53.0017 -3.85358 0 0 0 0.922972 0.384867
4026.600000000 53.0709 -3.93204 0 0 0 0.885337 0.46495
4027.400000000 53.0016 -4.01387 0 0 0 0.977415 0.211331
4028.200000000 52.9653 -4.1172 0 0 0 -0.998869 0.0475387
4029.900000000 52.7599 -4.00578 0 0 0 0.965933 0.258792
4031.000000000 52.7974 -3.90094 0 0 0 0.868027 0.496516
4032.200000000 52.8999 -3.81989 0 0 0 0.703856 0.710343
4033.400000000 53.0146 -3.79754 0 0 0 0.485837 0.87405
4034.700000000 53.1181 -3.86401 0 0 0 0.200232 0.979748
4036.600000000 53.5659 -3.86953 0 0 0 -0.0496247 0.998768
4037.700000000 53.5882 -4.00141 0 0 0 -0.339358 0.940657
4038.000000000 53.5573 -4.02916 0 0 0 -0.428544 0.903521
4039.300000000 53.3928 -4.08099 0 0 0 -0.773288 0.634055
4040.500000000 53.2513 -4.0055 0 0 0 -0.966524 0.256577
4041.500000000 53.0517 -3.92722 0 0 0 -0.999997 0.00259212
4043.100000000 52.5418 -3.69779 0 0 0 0.967642 0.252326
4044.500000000 52.6335 -3.6018 0 0 0 0.82424 0.566241
4045.500000000 52.7223 -3.58778 0 0 0 0.662403 0.749148
4046.600000000 52.8262 -3.61853 0 0 0 0.437943 0.899003
4047.800000000 52.9009 -3.70478 0 0 0 0.158315 0.987389
4050.600000000 53.7605 -3.80576 0 0 0 -0.11554 0.993303
4051.300000000 53.7097 -3.90635 0 0 0 -0.346924 0.937893
4052.600000000 53.5615 -3.98567 0 0 0 -0.724127 0.689667
4053.500000000 53.4383 -3.94083 0 0 0 -0.924395 0.381436
4054.900000000 53.2138 -3.81657 0 0 0 0.999719 0.0236939
4056.900000000 52.3703 -3.43607 0 0 0 0.955065 0.296397
4058.100000000 52.4633 -3.34948 0 0 0 0.829957 0.557827
4059.100000000 52.5418 -3.3375 0 0 0 0.667381 0.744717
4060.300000000 52.6564 -3.36686 0 0 0 0.421842 0.906669
4061.900000000 52.9196 -3.29811 0 0 0 0.163754 0.986501
4063.100000000 53.0536 -3.37922 0 0 0 -0.0721384 0.997395
4066.800000000 53.6768 -3.48645 0 0 0 0.0735179 0.997294
4067.500000000 53.6339 -3.44694 0 0 0 0.296333 0.955085
4068.200000000 53.3494 -3.29389 0 0 0 0.60584 0.795587
4069.900000000 53.379 -3.40646 0 0 0 0.877169 0.480182
4070.700000000 53.2888 -3.54593 0 0 0 0.965233 0.261393
4071.700000000 53.2816 -3.64884 0 0 0 -0.999314 0.0370426
4073.100000000 53.1552 -3.87493 0 0 0 -0.913634 0.406538
4074.100000000 53.2031 -4.00714 0 0 0 -0.762272 0.647257
4075.100000000 53.3199 -3.98571 0 0 0 -0.537318 0.84338
4076.100000000 53.4117 -3.90701 0 0 0 -0.256515 0.96654
4077.200000000 53.4246 -3.76367 0 0 0 0.0798154 0.99681
4078.100000000 53.3891 -3.67566 0 0 0 0.346774 0.937949
4079.100000000 53.2953 -3.61669 0 0 0 0.598384 0.801209
4080.000000000 53.1841 -3.61434 0 0 0 0.78677 0.617246
4081.100000000 53.0747 -3.68741 0 0 0 0.947582 0.319512
4082.000000000 52.9785 -3.7694 0 0 0 0.997101 0.0760908
4084.700000000 52.0182 -3.80478 0 0 0 -0.999234 0.0391434
4085.900000000 52.0055 -3.69494 0 0 0 0.967977 0.25104
4086.900000000 52.0344 -3.65101 0 0 0 0.882885 0.46959
4088.100000000 52.1753 -3.58478 0 0 0 0.715296 0.698821
4089.100000000 52.2583 -3.61418 0 0 0 0.524532 0.851391
4090.300000000 52.3553 -3.68504 0 0 0 0.253447 0.967349
4091.000000000 52.3796 -3.75148 0 0 0 0.0834657 0.996511
4094.400000000 53.2911 -4.18528 0 0 0 -0.199884 0.97982
4097.300000000 53.7896 -4.60563 0 0 0 -0.507355 0.861737
4097.900000000 53.7147 -4.6819 0 0 0 -0.722367 0.69151
4098.400000000 53.6224 -4.70832 0 0 0 -0.861337 0.508034
4099.200000000 53.4686 -4.63253 0 0 0 -0.986263 0.165184
4100.000000000 53.4475 -4.50178 0 0 0 0.977706 0.209977
4100.800000000 53.2267 -3.80669 0 0 0 0.907601 0.419834
4103.000000000 52.856 -3.20966 0 0 0 0.697641 0.716447
4103.800000000 52.9238 -3.2262 0 0 0 0.540892 0.841092
4105.900000000 52.8796 -3.27275 0 0 0 0.210306 0.977636
4107.200000000 53.0179 -3.35645 0 0 0 -0.0510093 0.998698
4110.800000000 53.7507 -3.43045 0 0 0 0.27075 0.96265
4111.500000000 53.6847 -3.36852 0 0 0 0.515483 0.8569
4112.200000000 53.5858 -3.34647 0 0 0 0.719412 0.694584
4113.100000000 53.4653 -3.39353 0 0 0 0.908632 0.417597
4113.800000000 53.5609 -3.63846 0 0 0 0.955149 0.296126
4115.000000000 53.3262 -3.71337 0 0 0 -0.999032 0.0439999
4120.100000000 52.6828 -3.90721 0 0 0 0.96657 0.256404
4121.300000000 52.7286 -3.80757 0 0 0 0.859905 0.510455
4122.500000000 52.8199 -3.74099 0 0 0 0.687691 0.726004
4123.700000000 52.938 -3.73789 0 0 0 0.460149 0.887842
4125.200000000 53.0459 -3.82775 0 0 0 0.120812 0.992675
4126.500000000 53.1423 -3.95381 0 0 0 -0.1501 0.988671
4130.300000000 54.0125 -4.03916 0 0 0 0.186827 0.982393
4130.800000000 53.9846 -3.96352 0 0 0 0.406101 0.913828
4131.600000000 53.8717 -3.86512 0 0 0 0.711553 0.702632
4132.400000000 53.7042 -3.80484 0 0 0 0.899886 0.436124
4133.100000000 53.5222 -3.78347 0 0 0 0.982069 0.188519
4133.900000000 53.3533 -3.87608 0 0 0 -0.995649 0.0931883
4135.100000000 53.2941 -4.05292 0 0 0 -0.873571 0.486697
4135.900000000 53.3597 -4.13436 0 0 0 -0.705485 0.708725
4137.000000000 53.5068 -4.07448 0 0 0 -0.391153 0.920326
4138.400000000 53.5649 -3.90176 0 0 0 0.0785825 0.996908
4139.200000000 53.5163 -3.815 0 0 0 0.347502 0.937679
4140.200000000 53.3987 -3.76247 0 0 0 0.644364 0.764719
4141.100000000 53.29 -3.75839 0 0 0 0.845867 0.533393
4142.000000000 53.1525 -3.77897 0 0 0 0.959194 0.28275
4142.900000000 53.0659 -3.857 0 0 0 0.999992 0.00403567
4143.800000000 53.0259 -3.97728 0 0 0 -0.967376 0.253347
4144.200000000 52.9789 -3.98869 0 0 0 -0.880762 0.473559
4146.600000000 53.2193 -4.17767 0 0 0 -0.530584 0.847632
4147.600000000 53.31 -4.10337 0 0 0 -0.274362 0.961626
4148.600000000 53.3384 -3.98783 0 0 0 0.0425247 0.999095
4149.500000000 53.2913 -3.88525 0 0 0 0.325238 0.945632
4150.800000000 53.1594 -3.81093 0 0 0 0.681917 0.73143
4151.700000000 53.0468 -3.83461 0 0 0 0.863233 0.504805
4152.600000000 52.9673 -3.91665 0 0 0 0.971464 0.237187
4153.500000000 52.9444 -4.03177 0 0 0 -0.998924 0.0463822
4154.100000000 52.9016 -4.08323 0 0 0 -0.934913 0.354877
4156.000000000 53.1303 -4.20917 0 0 0 -0.692094 0.721807
4157.100000000 53.2429 -4.18262 0 0 0 -0.466374 0.884588
4158.100000000 53.3037 -4.08737 0 0 0 -0.191868 0.981421
4159.100000000 53.3189 -3.96817 0 0 0 0.128428 0.991719
4160.000000000 53.2498 -3.87257 0 0 0 0.403579 0.914945
4161.000000000 53.1505 -3.82731 0 0 0 0.666836 0.745205
4162.000000000 52.9567 -3.83704 0 0 0 0.883214 0.46897
4164.000000000 52.9114 -4.00185 0 0 0 0.998428 0.056047
4164.400000000 52.7445 -3.95869 0 0 0 0.988304 0.152497
4164.500000000 52.8007 -3.99814 0 0 0 0.999925 0.0122277
4165.900000000 52.6775 -3.8797 0 0 0 0.956561 0.291532
4166.200000000 52.6311 -3.77224 0 0 0 0.888198 0.459462
4168.100000000 52.8006 -3.71592 0 0 0 0.699977 0.714165
4169.800000000 52.9703 -3.721 0 0 0 0.372122 0.928184
4171.000000000 53.0468 -3.79374 0 0 0 0.0981075 0.995176
4173.600000000 53.789 -3.89944 0 0 0 -0.204634 0.978839
4174.200000000 53.7397 -3.97689 0 0 0 -0.419246 0.907873
4175.000000000 53.6381 -4.02958 0 0 0 -0.670422 0.74198
4175.700000000 53.5201 -4.0058 0 0 0 -0.866508 0.499163
4176.300000000 53.4434 -3.9268 0 0 0 -0.974284 0.225322
4176.900000000 53.4154 -3.83289 0 0 0 0.997563 0.0697749
4177.800000000 53.0609 -3.54815 0 0 0 0.95542 0.29525
4179.200000000 52.3009 -2.83675 0 0 0 0.920064 0.391768
