0.300000000 0.2 0 0 0 0 0 1
0.400000000 0.2 0 0 0 0 0 1
0.500000000 0.2 0 0 0 0 0 1
0.600000000 0.2 0 0 0 0 0 1
0.700000000 0.2 0 0 0 0 0 1
0.800000000 0.2 0 0 0 0 0 1
0.900000000 0.2 0 0 0 0 0 1
1.000000000 0.2 0 0 0 0 0 1
1.100000000 0.2 0 0 0 0 0 1
1.200000000 0.2 0 0 0 0 0 1
1.300000000 0.2 0 0 0 0 0 1
1.400000000 0.2 0 0 0 0 0 1
1.500000000 0.2 0 0 0 0 0 1
1.600000000 0.2 0 0 0 0 0 1
1.700000000 0.2 0 0 0 0 0 1
1.800000000 0.2 0 0 0 0 0 1
1.900000000 0.2 0 0 0 0 0 1
2.000000000 0.2 0 0 0 0 0 1
2.100000000 0.2 0 0 0 0 0 1
2.200000000 0.2 0 0 0 0 0 1
2.300000000 0.2 0 0 0 0 0 1
2.400000000 0.2 0 0 0 0 0 1
2.500000000 0.2 0 0 0 0 0 1
2.600000000 0.2 0 0 0 0 0 1
2.700000000 0.2 0 0 0 0 0 1
2.800000000 0.2 0 0 0 0 0 1
2.900000000 0.2 0 0 0 0 0 1
3.000000000 0.2 0 0 0 0 0 1
3.100000000 0.2 0 0 0 0 0 1
3.200000000 0.2 0 0 0 0 0 1
3.300000000 0.2 0 0 0 0 0 1
3.400000000 0.2 0 0 0 0 0 1
3.500000000 0.2 0 0 0 0 0 1
3.600000000 0.2 0 0 0 0 0 1
3.700000000 0.2 0 0 0 0 0 1
3.800000000 0.2 0 0 0 0 0 1
3.900000000 0.2 0 0 0 0 0 1
4.000000000 0.2 0 0 0 0 0 1
4.100000000 0.2 0 0 0 0 0 1
4.200000000 0.2 0 0 0 0 0 1
4.300000000 0.2 0 0 0 0 0 1
4.400000000 0.275 -2.36521e-17 0 0 0 -5.91303e-17 1
4.500000000 0.35 -5.61738e-17 0 0 0 -1.18261e-16 1
4.600000000 0.425 -9.75649e-17 0 0 0 -1.77391e-16 1
4.700000000 0.5 -1.47826e-16 0 0 0 -2.36521e-16 1
4.800000000 0.575 -2.06956e-16 0 0 0 -2.95651e-16 1
4.900000000 0.65 -2.74956e-16 0 0 0 -3.54782e-16 1
5.000000000 0.725 -3.51825e-16 0 0 0 -4.13912e-16 1
5.100000000 0.8 -4.37564e-16 0 0 0 -4.73042e-16 1
5.200000000 0.875 -5.32172e-16 0 0 0 -5.32172e-16 1
5.300000000 0.95 -6.3565e-16 0 0 0 -5.91303e-16 1
5.400000000 1.025 -7.47998e-16 0 0 0 -6.50433e-16 1
5.500000000 1.1 -8.69215e-16 0 0 0 -7.09563e-16 1
5.600000000 1.175 -9.99302e-16 0 0 0 -7.68694e-16 1
5.700000000 1.25 -1.13826e-15 0 0 0 -8.27824e-16 1
5.800000000 1.325 -1.28608e-15 0 0 0 -8.86954e-16 1
5.900000000 1.4 -1.44278e-15 0 0 0 -9.46084e-16 1
6.000000000 1.475 -1.60834e-15 0 0 0 -1.00521e-15 1
6.100000000 1.55 -1.78278e-15 0 0 0 -1.06434e-15 1
6.200000000 1.625 -1.96608e-15 0 0 0 -1.12348e-15 1
6.300000000 1.7 -2.15825e-15 0 0 0 -1.18261e-15 1
6.400000000 1.775 -2.3593e-15 0 0 0 -1.24174e-15 1
6.500000000 1.85 -2.56921e-15 0 0 0 -1.30087e-15 1
6.600000000 1.925 -2.78799e-15 0 0 0 -1.36e-15 1
6.700000000 2 -3.01564e-15 0 0 0 -1.41913e-15 1
6.800000000 2.07494 0.00490425 0 0 0 0.0122616 0.999925
6.900000000 2.14089 0.0132734 0 0 0 0.0291347 0.999575
7.000000000 2.20651 0.0238633 0 0 0 0.0459996 0.998941
7.100000000 2.27175 0.0366619 0 0 0 0.0628514 0.998023
7.200000000 2.33651 0.0516547 0 0 0 0.0796853 0.99682
7.300000000 2.40073 0.0688245 0 0 0 0.0964965 0.995333
7.400000000 2.46433 0.0881518 0 0 0 0.11328 0.993563
7.500000000 2.52725 0.109615 0 0 0 0.130032 0.99151
7.600000000 2.5894 0.133188 0 0 0 0.146746 0.989174
7.700000000 2.65073 0.158846 0 0 0 0.163419 0.986557
7.800000000 2.71115 0.186559 0 0 0 0.180045 0.983658
7.900000000 2.7706 0.216295 0 0 0 0.19662 0.98048
8.000000000 2.82902 0.248021 0 0 0 0.213138 0.977022
8.100000000 2.88633 0.2817 0 0 0 0.229596 0.973286
8.200000000 2.94248 0.317294 0 0 0 0.245989 0.969273
8.300000000 2.99739 0.354763 0 0 0 0.262312 0.964983
8.400000000 3.051 0.394063 0 0 0 0.27856 0.960419
8.500000000 3.06084 0.37666 0 0 0 0.23021 0.973141
8.600000000 3.06889 0.358362 0 0 0 0.181286 0.98343
8.700000000 3.07508 0.339352 0 0 0 0.131908 0.991262
8.800000000 3.07934 0.319819 0 0 0 0.0822011 0.996616
8.900000000 3.08162 0.299958 0 0 0 0.0322884 0.999479
9.000000000 3.08191 0.279968 0 0 0 -0.0177051 0.999843
9.100000000 3.08021 0.26005 0 0 0 -0.0676543 0.997709
9.200000000 3.07652 0.240401 0 0 0 -0.117434 0.993081
9.300000000 3.07089 0.221218 0 0 0 -0.166921 0.98597
9.400000000 3.06338 0.202693 0 0 0 -0.21599 0.976395
9.500000000 3.05405 0.18501 0 0 0 -0.26452 0.96438
9.600000000 3.043 0.168348 0 0 0 -0.312388 0.949955
9.700000000 3.03035 0.152871 0 0 0 -0.359476 0.933154
9.800000000 3.01621 0.138735 0 0 0 -0.405665 0.914022
9.900000000 3.00074 0.126081 0 0 0 -0.45084 0.892605
10.000000000 2.98407 0.115035 0 0 0 -0.494888 0.868957
10.100000000 2.96639 0.105708 0 0 0 -0.537699 0.843137
10.200000000 2.94787 0.0981926 0 0 0 -0.579167 0.815209
10.300000000 2.92868 0.0925644 0 0 0 -0.619186 0.785244
10.400000000 2.90903 0.0888795 0 0 0 -0.657658 0.753316
10.500000000 2.88911 0.0871746 0 0 0 -0.694487 0.719506
10.600000000 2.86913 0.0874668 0 0 0 -0.729579 0.683897
10.700000000 2.84926 0.0897531 0 0 0 -0.762848 0.646578
10.800000000 2.82973 0.0940108 0 0 0 -0.79421 0.607644
10.900000000 2.81072 0.100197 0 0 0 -0.823587 0.56719
11.000000000 2.79242 0.108251 0 0 0 -0.850905 0.525319
11.100000000 2.77502 0.118091 0 0 0 0.876097 -0.482135
11.200000000 2.75869 0.129619 0 0 0 0.899099 -0.437746
11.300000000 2.74359 0.14272 0 0 0 0.919853 -0.392263
11.400000000 2.72987 0.157263 0 0 0 0.938309 -0.345799
11.500000000 2.71767 0.173103 0 0 0 0.954419 -0.298471
11.600000000 2.70712 0.190081 0 0 0 0.968143 -0.250397
11.700000000 2.69831 0.208029 0 0 0 0.979448 -0.201697
11.800000000 2.69134 0.226766 0 0 0 0.988305 -0.152493
11.900000000 2.68628 0.246105 0 0 0 0.994691 -0.102908
12.000000000 2.68317 0.265853 0 0 0 0.998591 -0.0530654
12.100000000 2.68204 0.285813 0 0 0 0.999995 -0.00309031
12.200000000 2.68292 0.305786 0 0 0 0.9989 0.0468925
12.300000000 2.68578 0.325571 0 0 0 0.995308 0.0967581
12.400000000 2.69061 0.344971 0 0 0 0.989228 0.146382
12.500000000 2.69735 0.363793 0 0 0 0.980676 0.19564
12.600000000 2.70593 0.381848 0 0 0 0.969672 0.244409
12.700000000 2.71628 0.398956 0 0 0 0.956245 0.292567
12.800000000 2.72828 0.414945 0 0 0 0.940428 0.339993
12.900000000 2.74181 0.429657 0 0 0 0.92226 0.38657
13.000000000 2.75675 0.442943 0 0 0 0.901787 0.432181
13.100000000 2.77294 0.454672 0 0 0 0.87906 0.476711
13.200000000 2.79022 0.464727 0 0 0 0.854136 0.52005
13.300000000 2.80842 0.473006 0 0 0 0.827077 0.562089
13.400000000 2.82735 0.479427 0 0 0 0.79795 0.602723
13.500000000 2.84683 0.483925 0 0 0 0.766829 0.641851
13.600000000 2.86666 0.486457 0 0 0 0.733792 0.679374
13.700000000 2.88664 0.486996 0 0 0 0.69892 0.7152
13.800000000 2.90658 0.485538 0 0 0 0.662302 0.749237
13.900000000 2.92627 0.482096 0 0 0 0.624028 0.781402
14.000000000 2.94553 0.476705 0 0 0 0.584194 0.811614
14.100000000 2.96414 0.46942 0 0 0 0.5429 0.839797
14.200000000 2.98194 0.460312 0 0 0 0.500249 0.865881
14.300000000 2.99874 0.449473 0 0 0 0.456348 0.889801
14.400000000 3.01437 0.437011 0 0 0 0.411306 0.911497
14.500000000 3.02868 0.423051 0 0 0 0.365236 0.930915
14.600000000 3.04153 0.407732 0 0 0 0.318254 0.948006
14.700000000 3.05278 0.391207 0 0 0 0.270475 0.962727
14.800000000 3.06232 0.373641 0 0 0 0.222021 0.975042
14.900000000 3.07007 0.35521 0 0 0 0.173012 0.98492
15.000000000 3.07593 0.336099 0 0 0 0.12357 0.992336
15.100000000 3.07986 0.316497 0 0 0 0.0738194 0.997272
15.200000000 3.08181 0.2966 0 0 0 0.0238844 0.999715
15.300000000 3.08177 0.276609 0 0 0 -0.0261104 0.999659
15.400000000 3.08177 0.276609 0 0 0 -0.0261104 0.999659
15.500000000 3.08177 0.276609 0 0 0 -0.0261104 0.999659
15.600000000 3.08177 0.276609 0 0 0 -0.0261104 0.999659
15.700000000 3.08177 0.276609 0 0 0 -0.0261104 0.999659
15.800000000 3.08177 0.276609 0 0 0 -0.0261104 0.999659
15.900000000 3.08177 0.276609 0 0 0 -0.0261104 0.999659
16.000000000 3.08177 0.276609 0 0 0 -0.0261104 0.999659
16.100000000 3.08177 0.276609 0 0 0 -0.0261104 0.999659
16.200000000 3.08177 0.276609 0 0 0 -0.0261104 0.999659
16.300000000 3.08177 0.276609 0 0 0 -0.0261104 0.999659
16.400000000 3.08177 0.276609 0 0 0 -0.0261104 0.999659
16.500000000 3.08177 0.276609 0 0 0 -0.0261104 0.999659
16.600000000 3.08177 0.276609 0 0 0 -0.0261104 0.999659
16.700000000 3.08177 0.276609 0 0 0 -0.0261104 0.999659
16.800000000 3.08177 0.276609 0 0 0 -0.0261104 0.999659
16.900000000 3.08177 0.276609 0 0 0 -0.0261104 0.999659
17.000000000 3.08177 0.276609 0 0 0 -0.0261104 0.999659
17.100000000 3.08177 0.276609 0 0 0 -0.0261104 0.999659
17.200000000 3.08177 0.276609 0 0 0 -0.0261104 0.999659
17.300000000 3.08177 0.276609 0 0 0 -0.0261104 0.999659
17.400000000 3.08177 0.276609 0 0 0 -0.0261104 0.999659
17.500000000 3.08177 0.276609 0 0 0 -0.0261104 0.999659
17.600000000 3.08177 0.276609 0 0 0 -0.0261104 0.999659
17.700000000 3.11523 0.261775 0 0 0 -0.0587705 0.998272
17.800000000 3.12727 0.243226 0 0 0 -0.101201 0.994866
17.900000000 3.12388 0.223853 0 0 0 -0.150033 0.988681
18.000000000 3.1186 0.204908 0 0 0 -0.198501 0.980101
18.100000000 3.11148 0.186573 0 0 0 -0.246488 0.969146
18.200000000 3.1026 0.169027 0 0 0 -0.293878 0.955843
18.300000000 3.09203 0.152439 0 0 0 -0.340556 0.940224
18.400000000 3.07988 0.13697 0 0 0 -0.386409 0.922328
18.500000000 3.06628 0.12277 0 0 0 -0.431326 0.902196
18.600000000 3.05134 0.109976 0 0 0 -0.475197 0.879879
18.700000000 3.04653 0.0871272 0 0 0 -0.511225 0.859447
18.800000000 3.04059 0.0638668 0 0 0 -0.545911 0.837843
18.900000000 3.03276 0.0411696 0 0 0 -0.579684 0.814841
19.000000000 3.02311 0.019187 0 0 0 -0.61249 0.790478
19.100000000 3.01169 -0.00193407 0 0 0 -0.644273 0.764796
19.200000000 2.99859 -0.0220527 0 0 0 -0.67498 0.737836
19.300000000 2.98389 -0.0410346 0 0 0 -0.70456 0.709644
19.400000000 2.96769 -0.0587529 0 0 0 -0.732964 0.680268
19.500000000 2.95243 -0.094483 0 0 0 -0.753972 0.656907
19.600000000 2.9359 -0.145628 0 0 0 -0.769153 0.639065
19.700000000 2.91702 -0.198385 0 0 0 -0.783174 0.621802
19.800000000 2.89582 -0.25025 0 0 0 -0.796808 0.604232
19.900000000 2.87233 -0.301121 0 0 0 -0.810048 0.586363
20.000000000 2.8466 -0.350898 0 0 0 -0.822888 0.568204
20.100000000 2.81868 -0.399481 0 0 0 -0.83532 0.549764
20.200000000 2.78863 -0.446774 0 0 0 -0.847339 0.531052
20.300000000 2.75651 -0.492685 0 0 0 -0.858939 0.512078
20.400000000 2.72238 -0.537122 0 0 0 0.870114 -0.49285
20.500000000 2.6804 -0.596484 0 0 0 0.87679 -0.480873
20.600000000 2.63799 -0.658376 0 0 0 0.879769 -0.475402
20.700000000 2.59502 -0.719872 0 0 0 0.882421 -0.47046
20.800000000 2.55137 -0.780883 0 0 0 0.885046 -0.465504
20.900000000 2.50703 -0.841401 0 0 0 0.887642 -0.460534
21.000000000 2.46202 -0.901417 0 0 0 0.890211 -0.455549
21.100000000 2.41633 -0.960925 0 0 0 0.892752 -0.450549
21.200000000 2.36998 -1.01992 0 0 0 0.895264 -0.445536
21.300000000 2.32298 -1.07838 0 0 0 0.897749 -0.440508
21.400000000 2.27532 -1.13632 0 0 0 0.900205 -0.435466
21.500000000 2.22701 -1.19372 0 0 0 0.902633 -0.430411
21.600000000 2.18231 -1.25399 0 0 0 0.899156 -0.437628
21.700000000 2.13927 -1.31551 0 0 0 0.894639 -0.446789
21.800000000 2.09751 -1.37788 0 0 0 0.890029 -0.455905
21.900000000 2.05703 -1.4411 0 0 0 0.885325 -0.464972
22.000000000 2.01784 -1.50514 0 0 0 0.880529 -0.473992
22.100000000 1.97998 -1.56996 0 0 0 0.875642 -0.482961
22.200000000 1.94344 -1.63553 0 0 0 0.870663 -0.491881
22.300000000 1.90826 -1.70185 0 0 0 -0.865593 0.500749
22.400000000 1.87443 -1.76886 0 0 0 -0.860432 0.509565
22.500000000 1.84682 -1.83218 0 0 0 -0.852403 0.522885
22.600000000 1.82175 -1.89561 0 0 0 -0.843929 0.536455
22.700000000 1.79941 -1.95865 0 0 0 -0.835056 0.550165
22.800000000 1.77965 -2.02079 0 0 0 -0.826191 0.56339
22.900000000 1.76234 -2.08193 0 0 0 -0.817352 0.576138
23.000000000 1.74773 -2.14033 0 0 0 -0.808797 0.588088
23.100000000 1.73521 -2.19751 0 0 0 -0.800312 0.599584
23.200000000 1.72464 -2.25337 0 0 0 -0.791912 0.610635
23.300000000 1.71588 -2.30787 0 0 0 -0.783614 0.621248
23.400000000 1.70904 -2.35926 0 0 0 -0.775689 0.631115
23.500000000 1.70368 -2.40916 0 0 0 -0.767902 0.640568
23.600000000 1.69753 -2.46222 0 0 0 -0.762323 0.647197
23.700000000 1.69228 -2.51369 0 0 0 -0.757155 0.653235
23.800000000 1.688 -2.56358 0 0 0 -0.752109 0.659039
23.900000000 1.68461 -2.61186 0 0 0 -0.747188 0.664612
24.000000000 1.68202 -2.65852 0 0 0 -0.742399 0.669959
24.100000000 1.68017 -2.70355 0 0 0 -0.737743 0.675081
24.200000000 1.67899 -2.74693 0 0 0 -0.733227 0.679984
24.300000000 1.67841 -2.78866 0 0 0 -0.728854 0.684669
24.400000000 1.67837 -2.82872 0 0 0 -0.724628 0.689141
24.500000000 1.67881 -2.86711 0 0 0 -0.720552 0.693401
24.600000000 1.67965 -2.90382 0 0 0 -0.716629 0.697454
24.700000000 1.68632 -2.96258 0 0 0 -0.702085 0.712094
24.800000000 1.69833 -3.00497 0 0 0 -0.681465 0.731851
24.900000000 1.71496 -3.0288 0 0 0 -0.653739 0.75672
25.000000000 1.73442 -3.02807 0 0 0 -0.616302 0.78751
25.100000000 1.75356 -3.0223 0 0 0 -0.576173 0.817328
25.200000000 1.77203 -3.01465 0 0 0 -0.534604 0.845103
25.300000000 1.78964 -3.0052 0 0 0 -0.491698 0.870766
25.400000000 1.80623 -2.99403 0 0 0 -0.447563 0.894252
25.500000000 1.82161 -2.98126 0 0 0 -0.40231 0.915503
25.600000000 1.83564 -2.96702 0 0 0 -0.356051 0.934466
25.700000000 1.84818 -2.95145 0 0 0 -0.308902 0.951094
25.800000000 1.85911 -2.93471 0 0 0 -0.260981 0.965344
25.900000000 1.8683 -2.91696 0 0 0 -0.212408 0.977181
26.000000000 1.87568 -2.89838 0 0 0 -0.163304 0.986576
26.100000000 1.88117 -2.87916 0 0 0 -0.113792 0.993505
26.200000000 1.88471 -2.85948 0 0 0 -0.0639949 0.99795
26.300000000 1.88627 -2.83955 0 0 0 -0.0140382 0.999901
26.400000000 1.88583 -2.81956 0 0 0 0.0359536 0.999353
26.500000000 1.8834 -2.79972 0 0 0 0.0858555 0.996308
26.600000000 1.90442 -2.78076 0 0 0 0.123384 0.992359
26.700000000 1.94206 -2.75932 0 0 0 0.152067 0.98837
26.800000000 1.98892 -2.73456 0 0 0 0.175565 0.984468
26.900000000 2.03534 -2.70747 0 0 0 0.198578 0.980085
27.000000000 2.08045 -2.67824 0 0 0 0.221482 0.975164
27.100000000 2.12414 -2.64693 0 0 0 0.244265 0.969709
27.200000000 2.16631 -2.61361 0 0 0 0.266913 0.963721
27.300000000 2.20688 -2.57835 0 0 0 0.289415 0.957204
27.400000000 2.24575 -2.54123 0 0 0 0.311758 0.950161
27.500000000 2.29832 -2.49507 0 0 0 0.326071 0.945345
27.600000000 2.35496 -2.4458 0 0 0 0.335207 0.942145
27.700000000 2.41077 -2.39562 0 0 0 0.343799 0.939043
27.800000000 2.46551 -2.34426 0 0 0 0.352872 0.935671
27.900000000 2.51925 -2.29185 0 0 0 0.361913 0.932212
28.000000000 2.57196 -2.23841 0 0 0 0.37092 0.928665
28.100000000 2.62378 -2.18412 0 0 0 0.379387 0.925238
28.200000000 2.67461 -2.12889 0 0 0 0.387823 0.921734
28.300000000 2.72441 -2.07274 0 0 0 0.396226 0.918153
28.400000000 2.77318 -2.01568 0 0 0 0.404596 0.914495
28.500000000 2.8209 -1.95775 0 0 0 0.412933 0.910762
28.600000000 2.86755 -1.89896 0 0 0 0.421235 0.906952
28.700000000 2.91312 -1.83932 0 0 0 0.429502 0.903066
28.800000000 2.9576 -1.77886 0 0 0 0.437733 0.899105
28.900000000 3.00096 -1.7176 0 0 0 0.445927 0.895069
29.000000000 3.04319 -1.65555 0 0 0 0.454084 0.890959
29.100000000 3.08429 -1.59275 0 0 0 0.462204 0.886774
29.200000000 3.12441 -1.52933 0 0 0 0.469794 0.882776
29.300000000 3.16345 -1.46523 0 0 0 0.477349 0.878714
29.400000000 3.20137 -1.40046 0 0 0 0.484869 0.874587
29.500000000 3.23818 -1.33506 0 0 0 0.492353 0.870396
29.600000000 3.27386 -1.26904 0 0 0 0.499801 0.86614
29.700000000 3.30841 -1.20241 0 0 0 0.507212 0.861821
29.800000000 3.34181 -1.1352 0 0 0 0.514586 0.857438
29.900000000 3.37404 -1.06743 0 0 0 0.521923 0.852993
30.000000000 3.40511 -0.999117 0 0 0 0.52922 0.848484
30.100000000 3.43501 -0.930279 0 0 0 0.536479 0.843914
30.200000000 3.46372 -0.860939 0 0 0 0.543698 0.839281
30.300000000 3.49123 -0.791116 0 0 0 0.550878 0.834586
30.400000000 3.51755 -0.720831 0 0 0 0.558017 0.82983
30.500000000 3.54286 -0.650187 0 0 0 0.564646 0.825334
30.600000000 3.56704 -0.579147 0 0 0 0.571238 0.820784
30.700000000 3.59008 -0.507729 0 0 0 0.577794 0.816182
30.800000000 3.61198 -0.43595 0 0 0 0.584313 0.811528
30.900000000 3.63272 -0.36383 0 0 0 0.590795 0.806822
31.000000000 3.6523 -0.291388 0 0 0 0.597239 0.802064
31.100000000 3.67072 -0.21864 0 0 0 0.603644 0.797254
31.200000000 3.68819 -0.145667 0 0 0 0.609551 0.792747
31.300000000 3.70458 -0.0724421 0 0 0 0.615424 0.788197
31.400000000 3.71988 0.00101841 0 0 0 0.621263 0.783602
31.500000000 3.73409 0.0746981 0 0 0 0.627067 0.778965
31.600000000 3.7472 0.148581 0 0 0 0.632837 0.774285
31.700000000 3.75921 0.22265 0 0 0 0.638573 0.769562
31.800000000 3.77035 0.296849 0 0 0 0.643819 0.765178
31.900000000 3.78048 0.371194 0 0 0 0.649035 0.760759
32.000000000 3.78959 0.44567 0 0 0 0.65422 0.756304
32.100000000 3.79792 0.520232 0 0 0 0.658919 0.752214
32.200000000 3.80532 0.594892 0 0 0 0.663592 0.748095
32.300000000 3.81179 0.669638 0 0 0 0.668239 0.743946
32.400000000 3.81758 0.744435 0 0 0 0.672401 0.740187
32.500000000 3.82253 0.819293 0 0 0 0.676541 0.736405
32.600000000 3.82664 0.894201 0 0 0 0.68066 0.732599
32.700000000 3.83016 0.969135 0 0 0 0.684294 0.729206
32.800000000 3.83293 1.0441 0 0 0 0.687911 0.725795
32.900000000 3.83496 1.11909 0 0 0 0.69151 0.722367
33.000000000 3.83625 1.19409 0 0 0 0.695093 0.71892
33.100000000 3.83679 1.26911 0 0 0 0.698658 0.715456
33.200000000 3.83658 1.34413 0 0 0 0.702206 0.711974
33.300000000 3.83563 1.41914 0 0 0 0.705737 0.708474
33.400000000 3.83393 1.49413 0 0 0 0.70925 0.704957
33.500000000 3.83149 1.56911 0 0 0 0.712746 0.701423
33.600000000 3.82998 1.64409 0 0 0 0.713288 0.700871
33.700000000 3.82866 1.71908 0 0 0 0.713288 0.700871
33.800000000 3.82734 1.79407 0 0 0 0.713288 0.700871
33.900000000 3.82603 1.86906 0 0 0 0.713288 0.700871
34.000000000 3.82471 1.94405 0 0 0 0.713288 0.700871
34.100000000 3.82339 2.01904 0 0 0 0.713288 0.700871
34.200000000 3.82208 2.09403 0 0 0 0.713288 0.700871
34.300000000 3.82076 2.16901 0 0 0 0.713288 0.700871
34.400000000 3.81944 2.244 0 0 0 0.713288 0.700871
34.500000000 3.81813 2.31899 0 0 0 0.713288 0.700871
34.600000000 3.81712 2.39398 0 0 0 0.712746 0.701423
34.700000000 3.81623 2.46898 0 0 0 0.712203 0.701974
34.800000000 3.81545 2.54398 0 0 0 0.71166 0.702524
34.900000000 3.81448 2.61897 0 0 0 0.71166 0.702524
35.000000000 3.81351 2.69396 0 0 0 0.71166 0.702524
35.100000000 3.81254 2.76896 0 0 0 0.71166 0.702524
35.200000000 3.81188 2.84395 0 0 0 0.711116 0.703074
35.300000000 3.81103 2.91895 0 0 0 0.711116 0.703074
35.400000000 3.81018 2.99394 0 0 0 0.711116 0.703074
35.500000000 3.80932 3.06894 0 0 0 0.711116 0.703074
35.600000000 3.80847 3.14394 0 0 0 0.711116 0.703074
35.700000000 3.80762 3.21893 0 0 0 0.711116 0.703074
35.800000000 3.80677 3.29393 0 0 0 0.711116 0.703074
35.900000000 3.80591 3.36892 0 0 0 0.711116 0.703074
36.000000000 3.80506 3.44392 0 0 0 0.711116 0.703074
36.100000000 3.80421 3.51891 0 0 0 0.711116 0.703074
36.200000000 3.80335 3.59391 0 0 0 0.711116 0.703074
36.300000000 3.8025 3.6689 0 0 0 0.711116 0.703074
36.400000000 3.80165 3.7439 0 0 0 0.711116 0.703074
36.500000000 3.80079 3.81889 0 0 0 0.711116 0.703074
36.600000000 3.79994 3.89389 0 0 0 0.711116 0.703074
36.700000000 3.79909 3.96888 0 0 0 0.711116 0.703074
36.800000000 3.79824 4.04388 0 0 0 0.711116 0.703074
36.900000000 3.79738 4.11887 0 0 0 0.711116 0.703074
37.000000000 3.79653 4.19387 0 0 0 0.711116 0.703074
37.100000000 3.79568 4.26886 0 0 0 0.711116 0.703074
37.200000000 3.79482 4.34386 0 0 0 0.711116 0.703074
37.300000000 3.79397 4.41885 0 0 0 0.711116 0.703074
37.400000000 3.79312 4.49385 0 0 0 0.711116 0.703074
37.500000000 3.79226 4.56884 0 0 0 0.711116 0.703074
37.600000000 3.79141 4.64384 0 0 0 0.711116 0.703074
37.700000000 3.79056 4.71883 0 0 0 0.711116 0.703074
37.800000000 3.78971 4.79383 0 0 0 0.711116 0.703074
37.900000000 3.78885 4.86882 0 0 0 0.711116 0.703074
38.000000000 3.788 4.94382 0 0 0 0.711116 0.703074
38.100000000 3.78715 5.01881 0 0 0 0.711116 0.703074
38.200000000 3.78629 5.09381 0 0 0 0.711116 0.703074
38.300000000 3.78544 5.1688 0 0 0 0.711116 0.703074
38.400000000 3.78459 5.2438 0 0 0 0.711116 0.703074
38.500000000 3.78373 5.31879 0 0 0 0.711116 0.703074
38.600000000 3.78288 5.39379 0 0 0 0.711116 0.703074
38.700000000 3.78203 5.46878 0 0 0 0.711116 0.703074
38.800000000 3.78118 5.54378 0 0 0 0.711116 0.703074
38.900000000 3.78032 5.61878 0 0 0 0.711116 0.703074
39.000000000 3.77947 5.69377 0 0 0 0.711116 0.703074
39.100000000 3.77862 5.76877 0 0 0 0.711116 0.703074
39.200000000 3.77776 5.84376 0 0 0 0.711116 0.703074
39.300000000 3.77691 5.91876 0 0 0 0.711116 0.703074
39.400000000 3.77606 5.99375 0 0 0 0.711116 0.703074
39.500000000 3.7752 6.06875 0 0 0 0.711116 0.703074
39.600000000 3.77435 6.14374 0 0 0 0.711116 0.703074
39.700000000 3.7735 6.21874 0 0 0 0.711116 0.703074
39.800000000 3.77265 6.29373 0 0 0 0.711116 0.703074
39.900000000 3.77179 6.36873 0 0 0 0.711116 0.703074
40.000000000 3.77094 6.44372 0 0 0 0.711116 0.703074
40.100000000 3.77009 6.51872 0 0 0 0.711116 0.703074
40.200000000 3.76923 6.59371 0 0 0 0.711116 0.703074
40.300000000 3.76838 6.66871 0 0 0 0.711116 0.703074
40.400000000 3.76753 6.7437 0 0 0 0.711116 0.703074
40.500000000 3.76668 6.8187 0 0 0 0.711116 0.703074
40.600000000 3.76582 6.89369 0 0 0 0.711116 0.703074
40.700000000 3.76497 6.96869 0 0 0 0.711116 0.703074
40.800000000 3.76412 7.04368 0 0 0 0.711116 0.703074
40.900000000 3.76326 7.11868 0 0 0 0.711116 0.703074
41.000000000 3.76241 7.19367 0 0 0 0.711116 0.703074
41.100000000 3.76156 7.26867 0 0 0 0.711116 0.703074
41.200000000 3.7607 7.34366 0 0 0 0.711116 0.703074
41.300000000 3.75985 7.41866 0 0 0 0.711116 0.703074
41.400000000 3.759 7.49365 0 0 0 0.711116 0.703074
41.500000000 3.76064 7.56866 0 0 0 0.706723 0.70749
41.600000000 3.76345 7.64364 0 0 0 0.70187 0.712305
41.700000000 3.76729 7.71857 0 0 0 0.696984 0.717087
41.800000000 3.77216 7.79345 0 0 0 0.692065 0.721835
41.900000000 3.77805 7.86825 0 0 0 0.687114 0.726549
42.000000000 3.78496 7.94296 0 0 0 0.682131 0.73123
42.100000000 3.79289 8.01757 0 0 0 0.677116 0.735876
42.200000000 3.80184 8.09206 0 0 0 0.67207 0.740488
42.300000000 3.81181 8.16643 0 0 0 0.666992 0.745065
42.400000000 3.82279 8.24065 0 0 0 0.661883 0.749607
42.500000000 3.83475 8.31472 0 0 0 0.656822 0.754046
42.600000000 3.84774 8.38862 0 0 0 0.651652 0.758518
42.700000000 3.86155 8.46237 0 0 0 0.646833 0.762632
42.800000000 3.879 8.52651 0 0 0 0.633871 0.773439
42.900000000 3.8986 8.58739 0 0 0 0.619721 0.784823
43.000000000 3.9204 8.64752 0 0 0 0.605366 0.795947
43.100000000 3.94437 8.70682 0 0 0 0.590812 0.806809
43.200000000 3.97048 8.76521 0 0 0 0.576063 0.817405
43.300000000 3.99869 8.82261 0 0 0 0.561124 0.827732
43.400000000 4.02897 8.87896 0 0 0 0.546 0.837785
43.500000000 4.06127 8.93416 0 0 0 0.530696 0.847562
43.600000000 4.0949 8.98567 0 0 0 0.514145 0.857703
43.700000000 4.13051 9.03583 0 0 0 0.497399 0.867522
43.800000000 4.16804 9.08458 0 0 0 0.480466 0.877013
43.900000000 4.20774 9.13262 0 0 0 0.463719 0.885982
44.000000000 4.24924 9.17912 0 0 0 0.446805 0.894632
44.100000000 4.29248 9.22401 0 0 0 0.429729 0.902958
44.200000000 4.33779 9.26798 0 0 0 0.412878 0.910787
44.300000000 4.38513 9.31099 0 0 0 0.39627 0.918134
44.400000000 4.434 9.35224 0 0 0 0.379531 0.925179
44.500000000 4.48386 9.39099 0 0 0 0.362276 0.932071
44.600000000 4.53614 9.42925 0 0 0 0.345688 0.93835
44.700000000 4.5903 9.46632 0 0 0 0.329395 0.944192
44.800000000 4.64571 9.50149 0 0 0 0.313003 0.949752
44.900000000 4.70289 9.53538 0 0 0 0.296931 0.954899
45.000000000 4.76119 9.56733 0 0 0 0.280773 0.959774
45.100000000 4.82053 9.59728 0 0 0 0.264536 0.964376
45.200000000 4.88219 9.62642 0 0 0 0.249073 0.968485
45.300000000 4.94546 9.65417 0 0 0 0.233981 0.972241
45.400000000 5.00955 9.67993 0 0 0 0.218831 0.975763
45.500000000 5.07591 9.70479 0 0 0 0.204519 0.978863
45.600000000 5.14297 9.7277 0 0 0 0.190162 0.981753
45.700000000 5.21147 9.74916 0 0 0 0.176221 0.984351
45.800000000 5.28055 9.76866 0 0 0 0.162244 0.986751
45.900000000 5.34857 9.7858 0 0 0 0.148555 0.988904
46.000000000 5.41371 9.80056 0 0 0 0.136088 0.990697
46.100000000 5.48676 9.81571 0 0 0 0.123443 0.992352
46.200000000 5.55246 9.82761 0 0 0 0.11211 0.993696
46.300000000 5.62661 9.83952 0 0 0 0.0999172 0.994996
46.400000000 5.70103 9.84962 0 0 0 0.0877095 0.996146
46.500000000 5.77561 9.85828 0 0 0 0.0764914 0.99707
46.600000000 5.85037 9.86527 0 0 0 0.0652636 0.997868
46.700000000 5.92525 9.87077 0 0 0 0.0545427 0.998511
46.800000000 6.00022 9.87466 0 0 0 0.0438155 0.99904
46.900000000 6.07525 9.87716 0 0 0 0.0336082 0.999435
47.000000000 6.15032 9.87811 0 0 0 0.0233973 0.999726
47.100000000 6.22538 9.87754 0 0 0 0.0131841 0.999913
47.200000000 6.30042 9.87586 0 0 0 0.00404991 0.999992
47.300000000 6.37542 9.87304 0 0 0 -0.00452814 0.99999
47.400000000 6.45035 9.86893 0 0 0 -0.0131058 0.999914
47.500000000 6.52522 9.86376 0 0 0 -0.0211147 0.999777
47.600000000 6.59999 9.8574 0 0 0 -0.0291221 0.999576
47.700000000 6.67467 9.85006 0 0 0 -0.0365478 0.999332
47.800000000 6.74923 9.84162 0 0 0 -0.0439715 0.999033
47.900000000 6.82365 9.83208 0 0 0 -0.0513927 0.998679
48.000000000 6.89799 9.8219 0 0 0 -0.0576129 0.998339
48.100000000 6.97222 9.81105 0 0 0 -0.0632107 0.998
48.200000000 7.04632 9.79936 0 0 0 -0.0688065 0.99763
48.300000000 7.12033 9.7871 0 0 0 -0.073765 0.997276
48.400000000 7.19421 9.7741 0 0 0 -0.0787218 0.996897
48.500000000 7.26796 9.76036 0 0 0 -0.0836766 0.996493
48.600000000 7.34161 9.74615 0 0 0 -0.0879788 0.996122
48.700000000 7.41514 9.73131 0 0 0 -0.0922795 0.995733
48.800000000 7.48859 9.71609 0 0 0 -0.0959113 0.99539
48.900000000 7.56188 9.70008 0 0 0 -0.100209 0.994966
49.000000000 7.63513 9.68396 0 0 0 -0.103153 0.994666
49.100000000 7.70829 9.66741 0 0 0 -0.106096 0.994356
49.200000000 7.78141 9.65071 0 0 0 -0.108335 0.994114
49.300000000 7.85451 9.63396 0 0 0 -0.109849 0.993948
49.400000000 7.92757 9.61699 0 0 0 -0.111363 0.99378
49.500000000 8.00057 9.59979 0 0 0 -0.112877 0.993609
49.600000000 8.07353 9.58238 0 0 0 -0.114391 0.993436
49.700000000 8.14649 9.56503 0 0 0 -0.115159 0.993347
49.800000000 8.21943 9.54757 0 0 0 -0.115927 0.993258
49.900000000 8.29234 9.53 0 0 0 -0.116695 0.993168
50.000000000 8.3653 9.51261 0 0 0 -0.116695 0.993168
50.100000000 8.43826 9.49523 0 0 0 -0.116695 0.993168
50.200000000 8.51122 9.47784 0 0 0 -0.116695 0.993168
50.300000000 8.58417 9.46046 0 0 0 -0.116695 0.993168
50.400000000 8.65713 9.44307 0 0 0 -0.116695 0.993168
50.500000000 8.73009 9.42569 0 0 0 -0.116695 0.993168
50.600000000 8.80305 9.4083 0 0 0 -0.116695 0.993168
50.700000000 8.876 9.39092 0 0 0 -0.116695 0.993168
50.800000000 8.94896 9.37353 0 0 0 -0.116695 0.993168
50.900000000 9.02192 9.35615 0 0 0 -0.116695 0.993168
51.000000000 9.09488 9.33876 0 0 0 -0.116695 0.993168
51.100000000 9.16783 9.32138 0 0 0 -0.116695 0.993168
51.200000000 9.24079 9.30399 0 0 0 -0.116695 0.993168
51.300000000 9.31375 9.28661 0 0 0 -0.116695 0.993168
51.400000000 9.38678 9.26953 0 0 0 -0.115927 0.993258
51.500000000 9.45976 9.25225 0 0 0 -0.115927 0.993258
51.600000000 9.53282 9.23528 0 0 0 -0.115159 0.993347
51.700000000 9.60596 9.21872 0 0 0 -0.113646 0.993521
51.800000000 9.67916 9.20238 0 0 0 -0.112132 0.993693
51.900000000 9.75241 9.18626 0 0 0 -0.110618 0.993863
52.000000000 9.82571 9.17036 0 0 0 -0.109104 0.99403
52.100000000 9.89906 9.15469 0 0 0 -0.107589 0.994195
52.200000000 9.97245 9.13924 0 0 0 -0.106074 0.994358
52.300000000 10.0459 9.12401 0 0 0 -0.104559 0.994519
52.400000000 10.1194 9.10901 0 0 0 -0.103044 0.994677
52.500000000 10.1927 9.09333 0 0 0 -0.103813 0.994597
52.600000000 10.266 9.07725 0 0 0 -0.105329 0.994437
52.700000000 10.3392 9.06094 0 0 0 -0.106843 0.994276
52.800000000 10.4124 9.04471 0 0 0 -0.107612 0.994193
52.900000000 10.4856 9.02836 0 0 0 -0.108381 0.994109
53.000000000 10.5588 9.01189 0 0 0 -0.10915 0.994025
53.100000000 10.6319 8.99532 0 0 0 -0.109918 0.993941
53.200000000 10.705 8.97863 0 0 0 -0.110687 0.993855
53.300000000 10.7781 8.96182 0 0 0 -0.111456 0.993769
53.400000000 10.8512 8.94491 0 0 0 -0.112224 0.993683
53.500000000 10.924 8.92676 0 0 0 -0.115848 0.993267
53.600000000 10.9966 8.90782 0 0 0 -0.120136 0.992757
53.700000000 11.069 8.88851 0 0 0 -0.123757 0.992313
53.800000000 11.1361 8.86549 0 0 0 -0.138275 0.990394
53.900000000 11.171 8.84872 0 0 0 -0.154469 0.987998
54.000000000 11.1964 8.83032 0 0 0 -0.178604 0.983921
54.100000000 11.2082 8.80866 0 0 0 -0.21812 0.975922
54.200000000 11.2004 8.79063 0 0 0 -0.265878 0.964007
54.300000000 11.1908 8.77345 0 0 0 -0.312991 0.949756
54.400000000 11.1796 8.7573 0 0 0 -0.359346 0.933204
54.500000000 11.1668 8.74233 0 0 0 -0.404831 0.914391
54.600000000 11.1527 8.72869 0 0 0 -0.449335 0.893363
54.700000000 11.1372 8.7165 0 0 0 -0.49275 0.870171
54.800000000 11.1207 8.70589 0 0 0 -0.534972 0.84487
54.900000000 11.1031 8.69697 0 0 0 -0.575897 0.817522
55.000000000 11.0848 8.6898 0 0 0 -0.615427 0.788194
55.100000000 11.0659 8.68447 0 0 0 -0.653466 0.756956
55.200000000 11.0465 8.68103 0 0 0 -0.689922 0.723884
55.300000000 11.0269 8.67951 0 0 0 -0.724706 0.689058
55.400000000 11.0073 8.67993 0 0 0 -0.757734 0.652563
55.500000000 10.9877 8.68227 0 0 0 -0.788927 0.614487
55.600000000 10.9685 8.68652 0 0 0 -0.818208 0.574922
55.700000000 10.9498 8.69264 0 0 0 -0.845507 0.533964
55.800000000 10.9318 8.70057 0 0 0 0.870758 -0.491712
55.900000000 10.9147 8.71022 0 0 0 0.893898 -0.44827
56.000000000 10.8986 8.72152 0 0 0 0.914873 -0.403741
56.100000000 10.8837 8.73434 0 0 0 0.933632 -0.358234
56.200000000 10.8701 8.74857 0 0 0 0.950129 -0.311859
56.300000000 10.858 8.76406 0 0 0 0.964323 -0.264728
56.400000000 10.8475 8.78067 0 0 0 0.976181 -0.216956
56.500000000 10.8386 8.79823 0 0 0 0.985675 -0.168658
56.600000000 10.811 8.80449 0 0 0 0.991336 -0.13135
56.700000000 10.7822 8.81192 0 0 0 0.995494 -0.0948236
56.800000000 10.7539 8.82146 0 0 0 0.998307 -0.0581693
56.900000000 10.7264 8.83304 0 0 0 0.99977 -0.0214364
57.000000000 10.6999 8.8466 0 0 0 0.999883 0.0153255
57.100000000 10.6744 8.86209 0 0 0 0.998644 0.0520666
57.200000000 10.6502 8.87939 0 0 0 0.996055 0.0887374
57.300000000 10.6273 8.89844 0 0 0 0.99212 0.125288
57.400000000 10.6058 8.91912 0 0 0 0.986845 0.16167
57.500000000 10.5683 8.94362 0 0 0 0.981902 0.18939
57.600000000 10.5162 8.97322 0 0 0 0.97787 0.209215
57.700000000 10.462 9.00565 0 0 0 0.973814 0.227347
57.800000000 10.4091 9.04008 0 0 0 0.969422 0.245402
57.900000000 10.3575 9.07644 0 0 0 0.964695 0.263371
58.000000000 10.3072 9.1147 0 0 0 0.959635 0.28125
58.100000000 10.2585 9.15481 0 0 0 0.954243 0.299031
58.200000000 10.2112 9.19669 0 0 0 0.948523 0.316709
58.300000000 10.1656 9.2403 0 0 0 0.942474 0.334278
58.400000000 10.1216 9.28558 0 0 0 0.936101 0.351732
58.500000000 10.0793 9.33246 0 0 0 0.929404 0.369064
58.600000000 10.0272 9.38654 0 0 0 0.925994 0.377538
58.700000000 9.97501 9.4404 0 0 0 0.924106 0.382137
58.800000000 9.92332 9.49477 0 0 0 0.922195 0.386726
58.900000000 9.87218 9.54965 0 0 0 0.920261 0.391305
59.000000000 9.82159 9.60504 0 0 0 0.918304 0.395875
59.100000000 9.77155 9.66093 0 0 0 0.916325 0.400436
59.200000000 9.72207 9.71731 0 0 0 0.914323 0.404986
59.300000000 9.67315 9.77418 0 0 0 0.912298 0.409526
59.400000000 9.6248 9.83154 0 0 0 0.910251 0.414056
59.500000000 9.57702 9.88937 0 0 0 0.908182 0.418576
59.600000000 9.52982 9.94768 0 0 0 0.90609 0.423086
59.700000000 9.4832 10.0064 0 0 0 0.903975 0.427585
59.800000000 9.44437 10.0636 0 0 0 0.897216 0.441592
59.900000000 9.42012 10.1107 0 0 0 0.886443 0.462838
60.000000000 9.41003 10.1474 0 0 0 0.87126 0.490822
60.100000000 9.41565 10.1701 0 0 0 0.850187 0.52648
60.200000000 9.43023 10.183 0 0 0 0.82449 0.565876
60.300000000 9.44673 10.1932 0 0 0 0.796541 0.604584
60.400000000 9.46413 10.2018 0 0 0 0.766777 0.641914
60.500000000 9.47368 10.2308 0 0 0 0.742983 0.66931
60.600000000 9.48474 10.2609 0 0 0 0.71886 0.695155
60.700000000 9.49789 10.2902 0 0 0 0.693838 0.720131
60.800000000 9.51308 10.3184 0 0 0 0.66795 0.744206
60.900000000 9.53023 10.3455 0 0 0 0.641226 0.767352
61.000000000 9.54925 10.3713 0 0 0 0.613701 0.789538
61.100000000 9.57005 10.3957 0 0 0 0.585409 0.810738
61.200000000 9.59252 10.4186 0 0 0 0.556385 0.830925
61.300000000 9.61655 10.4399 0 0 0 0.526666 0.850072
61.400000000 9.64202 10.4593 0 0 0 0.496288 0.868158
61.500000000 9.66881 10.477 0 0 0 0.465291 0.885158
61.600000000 9.70364 10.5086 0 0 0 0.441254 0.897382
61.700000000 9.74593 10.5499 0 0 0 0.422642 0.906297
61.800000000 9.79029 10.5902 0 0 0 0.404222 0.914661
61.900000000 9.83538 10.6272 0 0 0 0.384889 0.922963
62.000000000 9.882 10.6623 0 0 0 0.365386 0.930856
62.100000000 9.92908 10.6941 0 0 0 0.344968 0.938614
62.200000000 9.9775 10.7238 0 0 0 0.324387 0.945925
62.300000000 10.0266 10.7507 0 0 0 0.303271 0.952904
62.400000000 10.0764 10.7749 0 0 0 0.281624 0.959525
62.500000000 10.1271 10.7967 0 0 0 0.259834 0.965653
62.600000000 10.1919 10.8277 0 0 0 0.246113 0.969241
62.700000000 10.26 10.8593 0 0 0 0.234695 0.972069
62.800000000 10.3288 10.8893 0 0 0 0.223245 0.974762
62.900000000 10.3983 10.9177 0 0 0 0.211763 0.977321
63.000000000 10.4685 10.9445 0 0 0 0.200252 0.979744
63.100000000 10.5393 10.9695 0 0 0 0.188714 0.982032
63.200000000 10.6106 10.9929 0 0 0 0.177149 0.984184
63.300000000 10.6825 11.0147 0 0 0 0.16556 0.9862
63.400000000 10.7549 11.0347 0 0 0 0.153948 0.988079
63.500000000 10.8277 11.053 0 0 0 0.142315 0.989821
63.600000000 10.8989 11.0708 0 0 0 0.134795 0.990874
63.700000000 10.9719 11.088 0 0 0 0.127703 0.991812
63.800000000 11.0419 11.1035 0 0 0 0.120921 0.992662
63.900000000 11.1105 11.1177 0 0 0 0.11429 0.993447
64.000000000 11.176 11.1304 0 0 0 0.107971 0.994154
64.100000000 11.24 11.1419 0 0 0 0.101806 0.994804
64.200000000 11.3025 11.1524 0 0 0 0.0957944 0.995401
64.300000000 11.3618 11.1616 0 0 0 0.0900964 0.995933
64.400000000 11.4196 11.1699 0 0 0 0.0845538 0.996419
64.500000000 11.494 11.1793 0 0 0 0.0765698 0.997064
64.600000000 11.5686 11.1878 0 0 0 0.0691599 0.997606
64.700000000 11.6433 11.1952 0 0 0 0.0617461 0.998092
64.800000000 11.718 11.2015 0 0 0 0.054329 0.998523
64.900000000 11.7929 11.2067 0 0 0 0.0469088 0.998899
65.000000000 11.8678 11.2108 0 0 0 0.0394861 0.99922
65.100000000 11.9428 11.2137 0 0 0 0.0320611 0.999486
65.200000000 12.0178 11.2156 0 0 0 0.0246344 0.999697
65.300000000 12.0928 11.2163 0 0 0 0.0172064 0.999852
65.400000000 12.1679 11.2159 0 0 0 0.00977735 0.999952
65.500000000 12.2429 11.2144 0 0 0 0.0023478 0.999997
65.600000000 12.3179 11.2118 0 0 0 -0.00508188 0.999987
65.700000000 12.3928 11.2081 0 0 0 -0.0125113 0.999922
65.800000000 12.4579 11.1995 0 0 0 -0.0298162 0.999555
65.900000000 12.5086 11.1868 0 0 0 -0.0540087 0.99854
66.000000000 12.5569 11.1715 0 0 0 -0.0789527 0.996878
66.100000000 12.6045 11.1538 0 0 0 -0.103847 0.994593
66.200000000 12.6511 11.1337 0 0 0 -0.128677 0.991687
66.300000000 12.6967 11.1114 0 0 0 -0.153427 0.98816
66.400000000 12.741 11.0867 0 0 0 -0.17808 0.984016
66.500000000 12.8006 11.0572 0 0 0 -0.194661 0.980871
66.600000000 12.8618 11.0252 0 0 0 -0.209893 0.977724
66.700000000 12.922 10.9913 0 0 0 -0.225074 0.974342
66.800000000 12.9811 10.9556 0 0 0 -0.2402 0.970723
66.900000000 13.0391 10.918 0 0 0 -0.255268 0.96687
67.000000000 13.0958 10.8786 0 0 0 -0.270275 0.962783
67.100000000 13.1513 10.8375 0 0 0 -0.285216 0.958463
67.200000000 13.2055 10.7947 0 0 0 -0.300088 0.953912
67.300000000 13.2584 10.7502 0 0 0 -0.314888 0.949129
67.400000000 13.3098 10.7041 0 0 0 -0.329611 0.944117
67.500000000 13.3598 10.6564 0 0 0 -0.344255 0.938876
67.600000000 13.4149 10.6055 0 0 0 -0.351764 0.936089
67.700000000 13.4691 10.5535 0 0 0 -0.359781 0.933037
67.800000000 13.5223 10.5006 0 0 0 -0.367771 0.929916
67.900000000 13.5747 10.4469 0 0 0 -0.375734 0.926727
68.000000000 13.6261 10.3922 0 0 0 -0.38367 0.92347
68.100000000 13.6766 10.3366 0 0 0 -0.391577 0.920145
68.200000000 13.7261 10.2802 0 0 0 -0.399456 0.916752
68.300000000 13.7746 10.223 0 0 0 -0.407305 0.913292
68.400000000 13.8221 10.1649 0 0 0 -0.415124 0.909765
68.500000000 13.8687 10.106 0 0 0 -0.422913 0.90617
68.600000000 13.9184 10.0498 0 0 0 -0.418403 0.908262
68.700000000 13.9704 9.99567 0 0 0 -0.408624 0.912703
68.800000000 14.0235 9.94262 0 0 0 -0.398798 0.917039
68.900000000 14.0777 9.89073 0 0 0 -0.388926 0.921269
69.000000000 14.1331 9.84001 0 0 0 -0.379009 0.925393
69.100000000 14.1895 9.79049 0 0 0 -0.369048 0.92941
69.200000000 14.247 9.7422 0 0 0 -0.359045 0.93332
69.300000000 14.3055 9.69515 0 0 0 -0.349001 0.937122
69.400000000 14.365 9.64938 0 0 0 -0.338916 0.940817
69.500000000 14.4255 9.60489 0 0 0 -0.328792 0.944402
69.600000000 14.4869 9.5617 0 0 0 -0.31863 0.947879
69.700000000 14.5492 9.51985 0 0 0 -0.308431 0.951247
69.800000000 14.6125 9.47935 0 0 0 -0.298197 0.954504
69.900000000 14.6765 9.44021 0 0 0 -0.287928 0.957652
70.000000000 14.7414 9.40246 0 0 0 -0.277627 0.960689
70.100000000 14.8071 9.36611 0 0 0 -0.267293 0.963615
70.200000000 14.8736 9.33118 0 0 0 -0.256928 0.966431
70.300000000 14.9408 9.29769 0 0 0 -0.246534 0.969134
70.400000000 15.0087 9.26565 0 0 0 -0.236111 0.971726
70.500000000 15.0772 9.23507 0 0 0 -0.225661 0.974206
70.600000000 15.1465 9.20616 0 0 0 -0.214681 0.976684
70.700000000 15.2164 9.17882 0 0 0 -0.203674 0.979039
70.800000000 15.287 9.15305 0 0 0 -0.192641 0.981269
70.900000000 15.3581 9.12889 0 0 0 -0.181584 0.983375
71.000000000 15.4297 9.10632 0 0 0 -0.170504 0.985357
71.100000000 15.5018 9.08538 0 0 0 -0.159402 0.987214
71.200000000 15.5743 9.06606 0 0 0 -0.14828 0.988945
71.300000000 15.6473 9.04839 0 0 0 -0.137139 0.990552
71.400000000 15.7207 9.03236 0 0 0 -0.125981 0.992033
71.500000000 15.7944 9.01798 0 0 0 -0.114806 0.993388
71.600000000 15.8684 9.00527 0 0 0 -0.103618 0.994617
71.700000000 15.9426 8.99423 0 0 0 -0.0924158 0.995721
71.800000000 16.0171 8.98486 0 0 0 -0.0812022 0.996698
71.900000000 16.077 8.98323 0 0 0 -0.0610228 0.998136
72.000000000 16.1214 8.98912 0 0 0 -0.0328966 0.999459
72.100000000 16.1483 9.00208 0 0 0 0.0038616 0.999993
72.200000000 16.1502 9.02145 0 0 0 0.0523143 0.998631
72.300000000 16.1472 9.04121 0 0 0 0.10216 0.994768
72.400000000 16.1421 9.06055 0 0 0 0.15175 0.988419
72.500000000 16.1352 9.0793 0 0 0 0.20096 0.979599
72.600000000 16.1264 9.09726 0 0 0 0.249669 0.968331
72.700000000 16.1159 9.11426 0 0 0 0.297753 0.954643
72.800000000 16.1037 9.13011 0 0 0 0.345093 0.938568
72.900000000 16.09 9.14468 0 0 0 0.391571 0.920148
73.000000000 16.0749 9.1578 0 0 0 0.43707 0.899428
73.100000000 16.0586 9.16935 0 0 0 0.481476 0.876459
73.200000000 16.0412 9.17922 0 0 0 0.524679 0.8513
73.300000000 16.0229 9.1873 0 0 0 0.566571 0.824013
73.400000000 16.0039 9.19352 0 0 0 0.607046 0.794667
73.500000000 15.9844 9.1978 0 0 0 0.646004 0.763334
73.600000000 15.9735 9.22392 0 0 0 0.674344 0.738417
73.700000000 15.9623 9.25478 0 0 0 0.699698 0.714439
73.800000000 15.9492 9.28569 0 0 0 0.723888 0.689918
73.900000000 15.9339 9.31563 0 0 0 0.747219 0.664578
74.000000000 15.9167 9.34444 0 0 0 0.769664 0.638449
74.100000000 15.8975 9.372 0 0 0 0.791195 0.611563
74.200000000 15.8765 9.39818 0 0 0 0.811788 0.583952
74.300000000 15.8537 9.42284 0 0 0 0.831418 0.555647
74.400000000 15.8292 9.44588 0 0 0 0.850061 0.526684
74.500000000 15.8033 9.46718 0 0 0 0.867696 0.497095
74.600000000 15.7703 9.50275 0 0 0 0.880411 0.474212
74.700000000 15.7292 9.55181 0 0 0 0.888877 0.458146
74.800000000 15.6839 9.60508 0 0 0 0.895694 0.444671
74.900000000 15.6365 9.6578 0 0 0 0.90211 0.431506
75.000000000 15.5876 9.70911 0 0 0 0.908332 0.418249
75.100000000 15.5373 9.75896 0 0 0 0.91436 0.404903
75.200000000 15.4855 9.80732 0 0 0 0.920191 0.391469
75.300000000 15.4323 9.85414 0 0 0 0.925825 0.377952
75.400000000 15.3777 9.89938 0 0 0 0.931261 0.364354
75.500000000 15.3219 9.94301 0 0 0 0.936496 0.350677
75.600000000 15.2644 9.99116 0 0 0 0.937769 0.347258
75.700000000 15.2079 10.0405 0 0 0 0.937239 0.348687
75.800000000 15.1515 10.09 0 0 0 0.936707 0.350114
75.900000000 15.0953 10.1396 0 0 0 0.936173 0.351541
76.000000000 15.0392 10.1894 0 0 0 0.935636 0.352966
76.100000000 14.9833 10.2394 0 0 0 0.935097 0.354391
76.200000000 14.9276 10.2896 0 0 0 0.934556 0.355816
76.300000000 14.8719 10.3399 0 0 0 0.934013 0.357239
76.400000000 14.8165 10.3904 0 0 0 0.933468 0.358661
76.500000000 14.7612 10.4411 0 0 0 0.93292 0.360083
76.600000000 14.7063 10.4922 0 0 0 0.932107 0.362183
76.700000000 14.6515 10.5435 0 0 0 0.931289 0.364281
76.800000000 14.5971 10.595 0 0 0 0.930467 0.366377
76.900000000 14.5428 10.6468 0 0 0 0.929639 0.368471
77.000000000 14.4874 10.6973 0 0 0 0.930726 0.365718
77.100000000 14.4316 10.7475 0 0 0 0.931804 0.362962
77.200000000 14.3754 10.7972 0 0 0 0.933122 0.35956
77.300000000 14.3186 10.8462 0 0 0 0.934666 0.355528
77.400000000 14.2615 10.8947 0 0 0 0.936192 0.351488
77.500000000 14.2039 10.9428 0 0 0 0.937701 0.347442
77.600000000 14.1459 10.9904 0 0 0 0.939193 0.34339
77.700000000 14.0874 11.0374 0 0 0 0.940667 0.339331
77.800000000 14.0286 11.0839 0 0 0 0.942123 0.335266
77.900000000 13.9692 11.1298 0 0 0 0.943779 0.330578
78.000000000 13.9095 11.1752 0 0 0 0.945197 0.3265
78.100000000 13.8495 11.2202 0 0 0 0.946598 0.322415
78.200000000 13.7889 11.2644 0 0 0 0.948189 0.317706
78.300000000 13.7278 11.3079 0 0 0 0.949757 0.312988
78.400000000 13.6663 11.3509 0 0 0 0.951301 0.308263
78.500000000 13.6044 11.3933 0 0 0 0.952822 0.30353
78.600000000 13.5421 11.4351 0 0 0 0.954319 0.298789
78.700000000 13.4794 11.4762 0 0 0 0.955793 0.294042
78.800000000 13.4161 11.5165 0 0 0 0.957427 0.288677
78.900000000 13.3524 11.5561 0 0 0 0.95903 0.283303
79.000000000 13.2882 11.5949 0 0 0 0.960604 0.27792
79.100000000 13.2236 11.6331 0 0 0 0.962148 0.272529
79.200000000 13.1586 11.6705 0 0 0 0.963661 0.267129
79.300000000 13.0931 11.7072 0 0 0 0.965144 0.261721
79.400000000 13.0273 11.7431 0 0 0 0.966596 0.256304
79.500000000 12.961 11.7783 0 0 0 0.968018 0.250879
79.600000000 12.8944 11.8128 0 0 0 0.96941 0.245447
79.700000000 12.8274 11.8465 0 0 0 0.970771 0.240007
79.800000000 12.76 11.8795 0 0 0 0.972102 0.234559
79.900000000 12.6922 11.9117 0 0 0 0.973402 0.229103
80.000000000 12.6241 11.9431 0 0 0 0.974672 0.223641
80.100000000 12.5556 11.9738 0 0 0 0.97591 0.218172
80.200000000 12.4868 12.0037 0 0 0 0.977119 0.212695
80.300000000 12.4178 12.033 0 0 0 0.978164 0.207835
80.400000000 12.3485 12.0617 0 0 0 0.979185 0.20297
80.500000000 12.2789 12.0897 0 0 0 0.980182 0.1981
80.600000000 12.209 12.117 0 0 0 0.981155 0.193225
80.700000000 12.1389 12.1436 0 0 0 0.982103 0.188345
80.800000000 12.0684 12.1695 0 0 0 0.983027 0.18346
80.900000000 11.9978 12.1947 0 0 0 0.983927 0.178571
81.000000000 11.9271 12.2196 0 0 0 0.984572 0.17498
81.100000000 11.8562 12.2441 0 0 0 0.985204 0.171388
81.200000000 11.7851 12.2681 0 0 0 0.985822 0.167792
81.300000000 11.7138 12.2915 0 0 0 0.986428 0.164195
81.400000000 11.6425 12.3147 0 0 0 0.98691 0.161275
81.500000000 11.5708 12.3367 0 0 0 0.987699 0.156367
81.600000000 11.4989 12.3582 0 0 0 0.988365 0.1521
81.700000000 11.4268 12.3788 0 0 0 0.989109 0.147185
81.800000000 11.3545 12.399 0 0 0 0.989735 0.142913
81.900000000 11.2821 12.4186 0 0 0 0.990343 0.138637
82.000000000 11.2097 12.438 0 0 0 0.990749 0.135706
82.100000000 11.1371 12.4571 0 0 0 0.991146 0.132773
82.200000000 11.0645 12.4757 0 0 0 0.991535 0.129839
82.300000000 10.9917 12.4938 0 0 0 0.991915 0.126904
82.400000000 10.9188 12.5116 0 0 0 0.992286 0.123968
82.500000000 10.8458 12.5289 0 0 0 0.992649 0.121031
82.600000000 10.773 12.5469 0 0 0 0.992649 0.121031
82.700000000 10.7003 12.5652 0 0 0 0.992555 0.121798
82.800000000 10.6275 12.583 0 0 0 0.992649 0.121031
82.900000000 10.5547 12.6014 0 0 0 0.992555 0.121798
83.000000000 10.482 12.6198 0 0 0 0.99246 0.122566
83.100000000 10.4093 12.638 0 0 0 0.99246 0.122566
83.200000000 10.3362 12.6549 0 0 0 0.992901 0.118945
83.300000000 10.2634 12.6729 0 0 0 0.992809 0.119712
83.400000000 10.1906 12.691 0 0 0 0.992716 0.12048
83.500000000 10.1174 12.7075 0 0 0 0.993149 0.116858
83.600000000 10.0446 12.7252 0 0 0 0.993058 0.117626
83.700000000 9.9717 12.7431 0 0 0 0.992967 0.118394
83.800000000 9.89888 12.761 0 0 0 0.992875 0.119162
83.900000000 9.82777 12.7836 0 0 0 0.991275 0.131813
84.000000000 9.76919 12.8071 0 0 0 0.988654 0.150208
84.100000000 9.71153 12.8328 0 0 0 0.985693 0.168552
84.200000000 9.65486 12.8607 0 0 0 0.982391 0.186837
84.300000000 9.59927 12.8906 0 0 0 0.97875 0.205057
84.400000000 9.54398 12.9228 0 0 0 0.974865 0.222798
84.500000000 9.48989 12.9569 0 0 0 0.970658 0.240464
84.600000000 9.43709 12.993 0 0 0 0.966131 0.258051
84.700000000 9.38563 13.031 0 0 0 0.961286 0.275554
84.800000000 9.33558 13.0708 0 0 0 0.956123 0.292965
84.900000000 9.2862 13.1128 0 0 0 0.950777 0.309876
85.000000000 9.23835 13.1564 0 0 0 0.945131 0.326691
85.100000000 9.19129 13.2022 0 0 0 0.939335 0.343
85.200000000 9.14585 13.2495 0 0 0 0.933258 0.359207
85.300000000 9.10207 13.2984 0 0 0 0.926901 0.375306
85.400000000 9.06001 13.3488 0 0 0 0.920266 0.391293
85.500000000 9.01899 13.4011 0 0 0 0.913532 0.406768
85.600000000 8.97904 13.4553 0 0 0 0.906721 0.421731
85.700000000 8.94089 13.5108 0 0 0 0.899665 0.43658
85.800000000 8.90459 13.5675 0 0 0 0.892366 0.451312
85.900000000 8.88256 13.6141 0 0 0 0.880992 0.473132
86.000000000 8.87457 13.6498 0 0 0 0.865057 0.501674
86.100000000 8.87577 13.6781 0 0 0 0.845513 0.533955
86.200000000 8.8797 13.7053 0 0 0 0.824483 0.565886
86.300000000 8.88627 13.7313 0 0 0 0.801945 0.597397
86.400000000 8.89483 13.7568 0 0 0 0.778204 0.628012
86.500000000 8.898 13.7985 0 0 0 0.759167 0.650896
86.600000000 8.89806 13.8553 0 0 0 0.74477 0.667321
86.700000000 8.89529 13.9289 0 0 0 0.735872 0.67712
86.800000000 8.89202 14.0039 0 0 0 0.730821 0.682569
86.900000000 8.88988 14.0789 0 0 0 0.72573 0.68798
87.000000000 8.8886 14.1539 0 0 0 0.72101 0.692925
87.100000000 8.88836 14.2289 0 0 0 0.716256 0.697838
87.200000000 8.88914 14.3039 0 0 0 0.711468 0.702718
87.300000000 8.89046 14.3789 0 0 0 0.707516 0.706697
87.400000000 8.89286 14.4539 0 0 0 0.7031 0.711091
87.500000000 8.8962 14.5289 0 0 0 0.698657 0.715457
87.600000000 8.89997 14.6038 0 0 0 0.695091 0.718921
87.700000000 8.90422 14.6787 0 0 0 0.691981 0.721916
87.800000000 8.90912 14.7536 0 0 0 0.688857 0.724898
87.900000000 8.91467 14.8284 0 0 0 0.68572 0.727865
88.000000000 8.92086 14.9031 0 0 0 0.682571 0.73082
88.100000000 8.92743 14.9778 0 0 0 0.6799 0.733305
88.200000000 8.93454 15.0525 0 0 0 0.67722 0.73578
88.300000000 8.94193 15.1271 0 0 0 0.67504 0.737781
88.400000000 8.94976 15.2017 0 0 0 0.672853 0.739776
88.500000000 8.95803 15.2763 0 0 0 0.670661 0.741764
88.600000000 8.96673 15.3508 0 0 0 0.668463 0.743745
88.700000000 8.97589 15.4252 0 0 0 0.666259 0.745721
88.800000000 8.98519 15.4997 0 0 0 0.664578 0.747219
88.900000000 8.99512 15.574 0 0 0 0.662364 0.749182
89.000000000 9.00549 15.6483 0 0 0 0.660144 0.751139
89.100000000 9.01601 15.7226 0 0 0 0.65845 0.752624
89.200000000 9.02715 15.7967 0 0 0 0.65622 0.754569
89.300000000 9.03845 15.8709 0 0 0 0.654519 0.756045
89.400000000 9.05036 15.9449 0 0 0 0.652279 0.757979
89.500000000 9.06243 16.019 0 0 0 0.650571 0.759446
89.600000000 9.07483 16.0929 0 0 0 0.648859 0.760909
89.700000000 9.08757 16.1668 0 0 0 0.647144 0.762368
89.800000000 9.10064 16.2407 0 0 0 0.645426 0.763823
89.900000000 9.11404 16.3145 0 0 0 0.643704 0.765275
90.000000000 9.12777 16.3882 0 0 0 0.641979 0.766722
90.100000000 9.14184 16.4619 0 0 0 0.640251 0.768166
90.200000000 9.15624 16.5355 0 0 0 0.63852 0.769605
90.300000000 9.17097 16.6091 0 0 0 0.636785 0.771041
90.400000000 9.18603 16.6825 0 0 0 0.635047 0.772473
90.500000000 9.20084 16.7561 0 0 0 0.63445 0.772964
90.600000000 9.21576 16.8296 0 0 0 0.633852 0.773455
90.700000000 9.2308 16.903 0 0 0 0.633254 0.773944
90.800000000 9.24595 16.9765 0 0 0 0.632655 0.774434
90.900000000 9.26122 17.0499 0 0 0 0.632056 0.774923
91.000000000 9.27659 17.1233 0 0 0 0.631456 0.775411
91.100000000 9.29209 17.1967 0 0 0 0.630856 0.7759
91.200000000 9.30769 17.2701 0 0 0 0.630256 0.776387
91.300000000 9.32341 17.3434 0 0 0 0.629656 0.776874
91.400000000 9.33924 17.4167 0 0 0 0.629055 0.777361
91.500000000 9.35519 17.49 0 0 0 0.628453 0.777847
91.600000000 9.37385 17.5627 0 0 0 0.622657 0.782495
91.700000000 9.39381 17.635 0 0 0 0.616369 0.787457
91.800000000 9.41493 17.707 0 0 0 0.610042 0.792369
91.900000000 9.43719 17.7787 0 0 0 0.603676 0.79723
92.000000000 9.46061 17.85 0 0 0 0.59727 0.80204
92.100000000 9.48516 17.9209 0 0 0 0.590827 0.806798
92.200000000 9.51085 17.9914 0 0 0 0.584346 0.811505
92.300000000 9.53766 18.0615 0 0 0 0.577827 0.816159
92.400000000 9.56559 18.1311 0 0 0 0.571271 0.820762
92.500000000 9.59164 18.2015 0 0 0 0.571271 0.820762
92.600000000 9.6215 18.2704 0 0 0 0.562857 0.826554
92.700000000 9.65315 18.3384 0 0 0 0.553518 0.832837
92.800000000 9.68632 18.4058 0 0 0 0.544108 0.839015
92.900000000 9.721 18.4724 0 0 0 0.53463 0.845086
93.000000000 9.75718 18.5382 0 0 0 0.525084 0.85105
93.100000000 9.79482 18.6032 0 0 0 0.515471 0.856907
93.200000000 9.83392 18.6673 0 0 0 0.505794 0.862655
93.300000000 9.87445 18.7305 0 0 0 0.496052 0.868293
93.400000000 9.91639 18.7927 0 0 0 0.486247 0.873822
93.500000000 9.95541 18.8568 0 0 0 0.487577 0.87308
93.600000000 9.99374 18.9213 0 0 0 0.490159 0.871633
93.700000000 10.0314 18.9861 0 0 0 0.493336 0.869839
93.800000000 10.0687 19.0512 0 0 0 0.496505 0.868034
93.900000000 10.1054 19.1166 0 0 0 0.499669 0.866217
94.000000000 10.1417 19.1823 0 0 0 0.502825 0.864388
94.100000000 10.1775 19.2482 0 0 0 0.505975 0.862548
94.200000000 10.2129 19.3143 0 0 0 0.509118 0.860696
94.300000000 10.2477 19.3808 0 0 0 0.512255 0.858834
94.400000000 10.282 19.4474 0 0 0 0.515384 0.856959
94.500000000 10.3134 19.5157 0 0 0 0.524558 0.851374
94.600000000 10.3431 19.5846 0 0 0 0.534108 0.845416
94.700000000 10.3712 19.6543 0 0 0 0.54359 0.839351
94.800000000 10.3977 19.7245 0 0 0 0.553004 0.833179
94.900000000 10.4227 19.7953 0 0 0 0.562347 0.826902
95.000000000 10.4461 19.8667 0 0 0 0.571619 0.820519
95.100000000 10.4678 19.9385 0 0 0 0.580818 0.814033
95.200000000 10.4879 20.0109 0 0 0 0.589944 0.807444
95.300000000 10.5064 20.0836 0 0 0 0.598995 0.800753
95.400000000 10.5233 20.1568 0 0 0 0.60797 0.79396
95.500000000 10.5385 20.2303 0 0 0 0.616868 0.787066
95.600000000 10.552 20.3042 0 0 0 0.625689 0.780073
95.700000000 10.5639 20.3783 0 0 0 0.634429 0.772981
95.800000000 10.5741 20.4527 0 0 0 0.64309 0.765791
95.900000000 10.5764 20.5126 0 0 0 0.65845 0.752625
96.000000000 10.571 20.5571 0 0 0 0.679379 0.733788
96.100000000 10.5583 20.5841 0 0 0 0.70589 0.708321
96.200000000 10.539 20.5862 0 0 0 0.739385 0.673283
96.300000000 10.5192 20.5834 0 0 0 0.772111 0.635488
96.400000000 10.4998 20.5786 0 0 0 0.802907 0.596104
96.500000000 10.481 20.5718 0 0 0 0.831696 0.555231
96.600000000 10.4629 20.5632 0 0 0 0.858407 0.512969
96.700000000 10.4458 20.5529 0 0 0 0.882972 0.469426
96.800000000 10.4298 20.5409 0 0 0 0.90533 0.424709
96.900000000 10.4151 20.5274 0 0 0 0.925425 0.37893
97.000000000 10.4018 20.5124 0 0 0 0.943207 0.332205
97.100000000 10.3901 20.4963 0 0 0 0.958632 0.284649
97.200000000 10.38 20.479 0 0 0 0.97166 0.236382
97.300000000 10.3717 20.4608 0 0 0 0.98226 0.187523
97.400000000 10.3653 20.4419 0 0 0 0.990405 0.138197
97.500000000 10.3608 20.4224 0 0 0 0.996074 0.0885242
97.600000000 10.3582 20.4026 0 0 0 0.999254 0.0386306
97.700000000 10.3577 20.3826 0 0 0 0.999935 -0.0113595
97.800000000 10.3591 20.3626 0 0 0 0.998118 -0.0613212
97.900000000 10.3626 20.3429 0 0 0 0.993806 -0.11113
98.000000000 10.368 20.3237 0 0 0 0.98701 -0.16066
98.100000000 10.3752 20.3051 0 0 0 0.977747 -0.20979
98.200000000 10.3843 20.2873 0 0 0 0.96604 -0.258394
98.300000000 10.3952 20.2705 0 0 0 0.951918 -0.306353
98.400000000 10.4076 20.2548 0 0 0 0.935417 -0.353546
98.500000000 10.4216 20.2405 0 0 0 0.916578 -0.399856
98.600000000 10.4369 20.2277 0 0 0 0.895448 -0.445166
98.700000000 10.4534 20.2164 0 0 0 0.87208 -0.489364
98.800000000 10.471 20.2069 0 0 0 -0.846532 0.532338
98.900000000 10.4894 20.1991 0 0 0 -0.818868 0.573981
99.000000000 10.5085 20.1932 0 0 0 -0.789158 0.61419
99.100000000 10.5281 20.1893 0 0 0 -0.757475 0.652864
99.200000000 10.548 20.1873 0 0 0 -0.723899 0.689906
99.300000000 10.568 20.1874 0 0 0 -0.688513 0.725224
99.400000000 10.5879 20.1894 0 0 0 -0.651406 0.758729
99.500000000 10.6075 20.1934 0 0 0 -0.612672 0.790338
99.600000000 10.6281 20.174 0 0 0 -0.582417 0.81289
99.700000000 10.6525 20.1382 0 0 0 -0.558635 0.829414
99.800000000 10.6816 20.0895 0 0 0 -0.540387 0.841417
99.900000000 10.7131 20.0412 0 0 0 -0.522223 0.852809
100.000000000 10.7466 19.9944 0 0 0 -0.503818 0.86381
100.100000000 10.7821 19.9491 0 0 0 -0.485182 0.874413
100.200000000 10.8195 19.9053 0 0 0 -0.466323 0.884615
100.300000000 10.8588 19.8632 0 0 0 -0.447249 0.894409
100.400000000 10.8998 19.8228 0 0 0 -0.42797 0.903793
100.500000000 10.9425 19.7842 0 0 0 -0.408494 0.912761
100.600000000 10.9959 19.7321 0 0 0 -0.396821 0.917896
100.700000000 11.0489 19.679 0 0 0 -0.391667 0.920107
100.800000000 11.1023 19.6263 0 0 0 -0.387088 0.922043
100.900000000 11.1563 19.5742 0 0 0 -0.3825 0.923956
101.000000000 11.2107 19.5226 0 0 0 -0.377902 0.925846
101.100000000 11.2657 19.4715 0 0 0 -0.373295 0.927713
101.200000000 11.3211 19.421 0 0 0 -0.368678 0.929557
101.300000000 11.3771 19.3711 0 0 0 -0.364052 0.931378
101.400000000 11.4336 19.3217 0 0 0 -0.359418 0.933177
101.500000000 11.4905 19.2729 0 0 0 -0.354774 0.934952
101.600000000 11.548 19.2246 0 0 0 -0.350122 0.936704
101.700000000 11.6059 19.1769 0 0 0 -0.345461 0.938433
101.800000000 11.6607 19.1257 0 0 0 -0.353499 0.935435
101.900000000 11.709 19.0751 0 0 0 -0.367584 0.92999
102.000000000 11.755 19.0235 0 0 0 -0.382004 0.924161
102.100000000 11.7993 18.9705 0 0 0 -0.396331 0.918108
102.200000000 11.8419 18.9162 0 0 0 -0.410562 0.911833
102.300000000 11.8836 18.86 0 0 0 -0.424285 0.905529
102.400000000 11.9236 18.8025 0 0 0 -0.437911 0.899018
102.500000000 11.9625 18.7433 0 0 0 -0.451029 0.892509
102.600000000 11.9997 18.683 0 0 0 -0.464051 0.885808
102.700000000 12.0358 18.6209 0 0 0 -0.476566 0.879139
102.800000000 12.0701 18.5579 0 0 0 -0.488985 0.872292
102.900000000 12.1032 18.4932 0 0 0 -0.5009 0.865505
103.000000000 12.1346 18.4276 0 0 0 -0.51272 0.858556
103.100000000 12.1648 18.3604 0 0 0 -0.524039 0.851694
103.200000000 12.1931 18.2924 0 0 0 -0.535265 0.844684
103.300000000 12.2203 18.223 0 0 0 -0.545994 0.837789
103.400000000 12.2457 18.1528 0 0 0 -0.556633 0.830759
103.500000000 12.2697 18.0816 0 0 0 -0.566777 0.823871
103.600000000 12.2919 18.0099 0 0 0 -0.576837 0.816859
103.700000000 12.3123 17.9376 0 0 0 -0.586809 0.809725
103.800000000 12.3312 17.8649 0 0 0 -0.596294 0.802766
103.900000000 12.3485 17.7919 0 0 0 -0.605292 0.796004
104.000000000 12.3642 17.7185 0 0 0 -0.614213 0.78914
104.100000000 12.3785 17.6447 0 0 0 -0.622653 0.782498
104.200000000 12.3911 17.5707 0 0 0 -0.631021 0.775766
104.300000000 12.4026 17.4966 0 0 0 -0.638501 0.769621
104.400000000 12.4126 17.4222 0 0 0 -0.645921 0.763404
104.500000000 12.4214 17.3476 0 0 0 -0.652867 0.757473
104.600000000 12.4289 17.273 0 0 0 -0.659759 0.751477
104.700000000 12.4347 17.1981 0 0 0 -0.667002 0.745056
104.800000000 12.434 17.1358 0 0 0 -0.681035 0.73225
104.900000000 12.4266 17.0894 0 0 0 -0.700532 0.713621
105.000000000 12.413 17.0603 0 0 0 -0.72532 0.688412
105.100000000 12.3941 17.0549 0 0 0 -0.756439 0.654065
105.200000000 12.3746 17.0571 0 0 0 -0.787707 0.616051
105.300000000 12.3554 17.0613 0 0 0 -0.817066 0.576544
105.400000000 12.3367 17.0673 0 0 0 -0.844446 0.53564
105.500000000 12.3186 17.0752 0 0 0 0.869781 -0.493439
105.600000000 12.3015 17.0848 0 0 0 0.893007 -0.450042
105.700000000 12.2853 17.096 0 0 0 0.914071 -0.405555
105.800000000 12.2704 17.1088 0 0 0 0.93292 -0.360085
105.900000000 12.2567 17.123 0 0 0 0.949508 -0.313743
106.000000000 12.2445 17.1384 0 0 0 0.963796 -0.26664
106.100000000 12.2339 17.155 0 0 0 0.975749 -0.218892
106.200000000 12.225 17.1725 0 0 0 0.985338 -0.170613
106.300000000 12.2179 17.1908 0 0 0 0.99254 -0.121921
106.400000000 12.2126 17.2097 0 0 0 0.997337 -0.0729339
106.500000000 12.2091 17.2291 0 0 0 0.999717 -0.0237698
106.600000000 12.2076 17.2487 0 0 0 0.999676 0.0254519
106.700000000 12.208 17.2684 0 0 0 0.997213 0.074612
106.800000000 12.2104 17.2879 0 0 0 0.992333 0.123591
106.900000000 12.2146 17.3071 0 0 0 0.98505 0.172271
107.000000000 12.2208 17.3258 0 0 0 0.975379 0.220534
107.100000000 12.2287 17.3438 0 0 0 0.963346 0.268262
107.200000000 12.2384 17.3609 0 0 0 0.948979 0.31534
107.300000000 12.2497 17.377 0 0 0 0.932312 0.361654
107.400000000 12.2625 17.3919 0 0 0 0.913387 0.407092
107.500000000 12.2767 17.4055 0 0 0 0.892249 0.451544
107.600000000 12.2922 17.4176 0 0 0 0.868949 0.494902
107.700000000 12.3089 17.4281 0 0 0 0.843544 0.53706
107.800000000 12.3264 17.437 0 0 0 0.816095 0.577918
107.900000000 12.3448 17.444 0 0 0 0.786669 0.617375
108.000000000 12.3637 17.4493 0 0 0 0.755337 0.655337
108.100000000 12.3831 17.4526 0 0 0 0.722175 0.691711
108.200000000 12.4027 17.4541 0 0 0 0.687263 0.726409
108.300000000 12.4224 17.4535 0 0 0 0.650686 0.759347
108.400000000 12.4419 17.4511 0 0 0 0.612533 0.790445
108.500000000 12.4611 17.4468 0 0 0 0.572896 0.819628
108.600000000 12.4836 17.4651 0 0 0 0.541977 0.840394
108.700000000 12.5116 17.4991 0 0 0 0.517759 0.855527
108.800000000 12.5461 17.5472 0 0 0 0.499994 0.866029
108.900000000 12.5839 17.5978 0 0 0 0.483817 0.875169
109.000000000 12.6235 17.6469 0 0 0 0.467473 0.884007
109.100000000 12.6649 17.6945 0 0 0 0.450968 0.89254
109.200000000 12.7081 17.7406 0 0 0 0.434306 0.900765
109.300000000 12.753 17.785 0 0 0 0.417495 0.908679
109.400000000 12.7994 17.8278 0 0 0 0.40054 0.916279
109.500000000 12.8475 17.8687 0 0 0 0.383446 0.923563
109.600000000 12.903 17.9193 0 0 0 0.374994 0.927027
109.700000000 12.9579 17.9704 0 0 0 0.37161 0.928389
109.800000000 13.0132 18.021 0 0 0 0.36822 0.929738
109.900000000 13.0689 18.0713 0 0 0 0.364826 0.931076
110.000000000 13.1249 18.1212 0 0 0 0.361427 0.9324
110.100000000 13.1813 18.1707 0 0 0 0.358024 0.933713
110.200000000 13.238 18.2197 0 0 0 0.354615 0.935012
110.300000000 13.2951 18.2684 0 0 0 0.351202 0.9363
110.400000000 13.3526 18.3166 0 0 0 0.347784 0.937575
110.500000000 13.4104 18.3644 0 0 0 0.344361 0.938837
110.600000000 13.4685 18.4118 0 0 0 0.340934 0.940087
110.700000000 13.527 18.4587 0 0 0 0.337502 0.941325
110.800000000 13.5842 18.5073 0 0 0 0.340287 0.940322
110.900000000 13.6409 18.5564 0 0 0 0.343715 0.939074
111.000000000 13.6972 18.6059 0 0 0 0.347138 0.937814
111.100000000 13.7532 18.6559 0 0 0 0.350557 0.936541
111.200000000 13.8088 18.7062 0 0 0 0.353971 0.935256
111.300000000 13.8635 18.7575 0 0 0 0.359211 0.933257
111.400000000 13.9176 18.8095 0 0 0 0.364439 0.931227
111.500000000 13.9712 18.862 0 0 0 0.369655 0.929169
111.600000000 14.0239 18.9154 0 0 0 0.375436 0.926848
111.700000000 14.0761 18.9693 0 0 0 0.381203 0.924491
111.800000000 14.1275 19.0239 0 0 0 0.386954 0.922099
111.900000000 14.1782 19.0792 0 0 0 0.392691 0.91967
112.000000000 14.2283 19.1351 0 0 0 0.398412 0.917206
112.100000000 14.2777 19.1916 0 0 0 0.404118 0.914707
112.200000000 14.3263 19.2487 0 0 0 0.409809 0.912172
112.300000000 14.3742 19.3064 0 0 0 0.415483 0.909601
112.400000000 14.4213 19.3649 0 0 0 0.421692 0.906739
112.500000000 14.4675 19.424 0 0 0 0.427881 0.903835
112.600000000 14.5129 19.4837 0 0 0 0.43405 0.900889
112.700000000 14.5575 19.5441 0 0 0 0.440198 0.897901
112.800000000 14.6013 19.605 0 0 0 0.446326 0.89487
112.900000000 14.6442 19.6665 0 0 0 0.452434 0.891798
113.000000000 14.6863 19.7287 0 0 0 0.45852 0.888684
113.100000000 14.7275 19.7914 0 0 0 0.464584 0.885529
113.200000000 14.768 19.8545 0 0 0 0.470092 0.882618
113.300000000 14.8078 19.9181 0 0 0 0.475581 0.879672
113.400000000 14.8466 19.9823 0 0 0 0.481583 0.8764
113.500000000 14.8845 20.0471 0 0 0 0.487564 0.873087
113.600000000 14.9215 20.1124 0 0 0 0.493521 0.869734
113.700000000 14.9576 20.1781 0 0 0 0.499455 0.86634
113.800000000 14.9928 20.2444 0 0 0 0.505366 0.862905
113.900000000 15.0271 20.3111 0 0 0 0.511254 0.85943
114.000000000 15.0605 20.3783 0 0 0 0.517117 0.855915
114.100000000 15.0932 20.4459 0 0 0 0.522439 0.852677
114.200000000 15.125 20.5138 0 0 0 0.52774 0.849406
114.300000000 15.156 20.5821 0 0 0 0.533021 0.846102
114.400000000 15.1861 20.6508 0 0 0 0.538282 0.842765
114.500000000 15.2154 20.7199 0 0 0 0.543521 0.839395
114.600000000 15.2438 20.7893 0 0 0 0.54874 0.835993
114.700000000 15.2713 20.8591 0 0 0 0.553937 0.832559
114.800000000 15.298 20.9293 0 0 0 0.559112 0.829092
114.900000000 15.3238 20.9997 0 0 0 0.564266 0.825593
115.000000000 15.3487 21.0705 0 0 0 0.569398 0.822062
115.100000000 15.3727 21.1416 0 0 0 0.574508 0.818499
115.200000000 15.3959 21.2129 0 0 0 0.579596 0.814904
115.300000000 15.4181 21.2846 0 0 0 0.584661 0.811278
115.400000000 15.4395 21.3565 0 0 0 0.589704 0.80762
115.500000000 15.4602 21.4286 0 0 0 0.594223 0.8043
115.600000000 15.4801 21.5009 0 0 0 0.598725 0.800955
115.700000000 15.4991 21.5735 0 0 0 0.603207 0.797585
115.800000000 15.5174 21.6463 0 0 0 0.60767 0.794189
115.900000000 15.5348 21.7192 0 0 0 0.612115 0.790769
116.000000000 15.5515 21.7924 0 0 0 0.61654 0.787324
116.100000000 15.5673 21.8657 0 0 0 0.620945 0.783854
116.200000000 15.5822 21.9392 0 0 0 0.625331 0.780359
116.300000000 15.5966 22.0129 0 0 0 0.629203 0.777241
116.400000000 15.6103 22.0866 0 0 0 0.633059 0.774104
116.500000000 15.6232 22.1605 0 0 0 0.636899 0.770947
116.600000000 15.6354 22.2345 0 0 0 0.640724 0.767771
116.700000000 15.6469 22.3087 0 0 0 0.644533 0.764577
116.800000000 15.6576 22.3829 0 0 0 0.648326 0.761363
116.900000000 15.6674 22.4573 0 0 0 0.652585 0.757715
117.000000000 15.6763 22.5318 0 0 0 0.656824 0.754044
117.100000000 15.6843 22.6064 0 0 0 0.661042 0.750348
117.200000000 15.6916 22.681 0 0 0 0.66524 0.74663
117.300000000 15.6979 22.7558 0 0 0 0.669417 0.742887
117.400000000 15.7035 22.8306 0 0 0 0.673572 0.739121
117.500000000 15.7085 22.9055 0 0 0 0.677238 0.735764
117.600000000 15.7127 22.9804 0 0 0 0.680887 0.732388
117.700000000 15.7162 23.0553 0 0 0 0.68452 0.728994
117.800000000 15.7189 23.1303 0 0 0 0.688135 0.725582
117.900000000 15.7209 23.2053 0 0 0 0.691734 0.722152
118.000000000 15.7221 23.2803 0 0 0 0.695315 0.718705
118.100000000 15.7226 23.3553 0 0 0 0.69888 0.715239
118.200000000 15.7223 23.4303 0 0 0 0.702427 0.711756
118.300000000 15.7214 23.5053 0 0 0 0.705956 0.708256
118.400000000 15.7196 23.5803 0 0 0 0.709468 0.704737
118.500000000 15.7225 23.6553 0 0 0 0.703397 0.710797
118.600000000 15.729 23.7268 0 0 0 0.693246 0.720701
118.700000000 15.7376 23.7971 0 0 0 0.682618 0.730775
118.800000000 15.7482 23.8672 0 0 0 0.671843 0.740693
118.900000000 15.7609 23.9369 0 0 0 0.660924 0.750452
119.000000000 15.7756 24.0062 0 0 0 0.649864 0.760051
119.100000000 15.7924 24.0751 0 0 0 0.638664 0.769486
119.200000000 15.8112 24.1434 0 0 0 0.627327 0.778756
119.300000000 15.8319 24.2112 0 0 0 0.615855 0.787859
119.400000000 15.8547 24.2783 0 0 0 0.604252 0.796793
119.500000000 15.8793 24.3447 0 0 0 0.592519 0.805557
119.600000000 15.9059 24.4095 0 0 0 0.580286 0.814413
119.700000000 15.9343 24.4734 0 0 0 0.567921 0.823083
119.800000000 15.9647 24.5364 0 0 0 0.555427 0.831565
119.900000000 15.997 24.5985 0 0 0 0.542806 0.839858
120.000000000 16.0311 24.6596 0 0 0 0.530061 0.847959
120.100000000 16.0671 24.7196 0 0 0 0.517196 0.855867
120.200000000 16.1049 24.7785 0 0 0 0.504212 0.86358
120.300000000 16.1444 24.8362 0 0 0 0.491113 0.871096
120.400000000 16.1856 24.8927 0 0 0 0.477903 0.878413
120.500000000 16.2286 24.948 0 0 0 0.464583 0.885529
120.600000000 16.2742 25.0076 0 0 0 0.456475 0.889736
120.700000000 16.3207 25.0665 0 0 0 0.448826 0.893619
120.800000000 16.3682 25.1246 0 0 0 0.441144 0.897436
120.900000000 16.4167 25.1818 0 0 0 0.43343 0.901187
121.000000000 16.4662 25.2382 0 0 0 0.425684 0.904872
121.100000000 16.5167 25.2938 0 0 0 0.417906 0.90849
121.200000000 16.568 25.3485 0 0 0 0.410098 0.912042
121.300000000 16.6204 25.4023 0 0 0 0.402259 0.915526
121.400000000 16.6736 25.4552 0 0 0 0.394391 0.918943
121.500000000 16.7276 25.5074 0 0 0 0.387018 0.922072
121.600000000 16.7824 25.5586 0 0 0 0.379619 0.925143
121.700000000 16.838 25.609 0 0 0 0.372197 0.928154
121.800000000 16.8942 25.6587 0 0 0 0.365291 0.930893
121.900000000 16.9512 25.7075 0 0 0 0.358364 0.933582
122.000000000 17.0089 25.7554 0 0 0 0.351418 0.936219
122.100000000 17.0674 25.8025 0 0 0 0.344453 0.938804
122.200000000 17.1265 25.8488 0 0 0 0.337468 0.941337
122.300000000 17.1863 25.8941 0 0 0 0.330465 0.943818
122.400000000 17.2467 25.9385 0 0 0 0.323444 0.946247
122.500000000 17.3078 25.9821 0 0 0 0.316405 0.948624
122.600000000 17.3696 26.0247 0 0 0 0.309348 0.950949
122.700000000 17.4319 26.0664 0 0 0 0.302274 0.953221
122.800000000 17.4949 26.1072 0 0 0 0.295184 0.95544
122.900000000 17.5585 26.147 0 0 0 0.288077 0.957607
123.000000000 17.6227 26.1859 0 0 0 0.280955 0.959721
123.100000000 17.6873 26.2241 0 0 0 0.274387 0.961619
123.200000000 17.7524 26.2613 0 0 0 0.267807 0.963473
123.300000000 17.8181 26.2977 0 0 0 0.261214 0.965281
123.400000000 17.8842 26.3331 0 0 0 0.254609 0.967044
123.500000000 17.9507 26.3679 0 0 0 0.248579 0.968611
123.600000000 18.0176 26.4018 0 0 0 0.242541 0.970141
123.700000000 18.0848 26.4351 0 0 0 0.237096 0.971486
123.800000000 18.1524 26.4677 0 0 0 0.231645 0.9728
123.900000000 18.2204 26.4995 0 0 0 0.226186 0.974084
124.000000000 18.2887 26.5305 0 0 0 0.220719 0.975337
124.100000000 18.3573 26.5607 0 0 0 0.215246 0.97656
124.200000000 18.4262 26.5905 0 0 0 0.210389 0.977618
124.300000000 18.4955 26.6193 0 0 0 0.204903 0.978782
124.400000000 18.565 26.6475 0 0 0 0.200035 0.979789
124.500000000 18.6346 26.6753 0 0 0 0.195802 0.980643
124.600000000 18.7045 26.7025 0 0 0 0.191566 0.98148
124.700000000 18.7746 26.7294 0 0 0 0.187984 0.982172
124.800000000 18.845 26.7552 0 0 0 0.183099 0.983094
124.900000000 18.9155 26.7809 0 0 0 0.179511 0.983756
125.000000000 18.9864 26.8055 0 0 0 0.174619 0.984636
125.100000000 19.0576 26.8289 0 0 0 0.168482 0.985705
125.200000000 19.1288 26.8525 0 0 0 0.164885 0.986313
125.300000000 19.2006 26.8745 0 0 0 0.158737 0.987321
125.400000000 19.2722 26.8966 0 0 0 0.155135 0.987893
125.500000000 19.3445 26.9168 0 0 0 0.147791 0.989019
125.600000000 19.4161 26.9393 0 0 0 0.149297 0.988792
125.700000000 19.489 26.9571 0 0 0 0.138158 0.99041
125.800000000 19.561 26.9782 0 0 0 0.139667 0.990199
125.900000000 19.6317 27.0033 0 0 0 0.150803 0.988564
126.000000000 19.7018 27.0303 0 0 0 0.162913 0.98664
126.100000000 19.7712 27.059 0 0 0 0.174999 0.984569
126.200000000 19.8399 27.0895 0 0 0 0.187058 0.982349
126.300000000 19.9078 27.1216 0 0 0 0.199089 0.979981
126.400000000 19.9748 27.1553 0 0 0 0.21109 0.977467
126.500000000 20.0411 27.1907 0 0 0 0.22306 0.974805
126.600000000 20.1021 27.2267 0 0 0 0.237311 0.971434
126.700000000 20.1621 27.2645 0 0 0 0.251511 0.967854
126.800000000 20.2209 27.304 0 0 0 0.265658 0.964067
126.900000000 20.2786 27.3452 0 0 0 0.279747 0.960074
127.000000000 20.335 27.3881 0 0 0 0.293777 0.955874
127.100000000 20.3902 27.4326 0 0 0 0.307743 0.95147
127.200000000 20.444 27.4787 0 0 0 0.321643 0.946861
127.300000000 20.4964 27.5263 0 0 0 0.335475 0.942049
127.400000000 20.5475 27.5755 0 0 0 0.349234 0.937035
127.500000000 20.597 27.6262 0 0 0 0.362919 0.931821
127.600000000 20.6506 27.6787 0 0 0 0.368717 0.929542
127.700000000 20.7038 27.7316 0 0 0 0.373333 0.927697
127.800000000 20.7565 27.7849 0 0 0 0.37794 0.92583
127.900000000 20.8087 27.8388 0 0 0 0.382538 0.92394
128.000000000 20.8603 27.8933 0 0 0 0.387127 0.922027
128.100000000 20.9114 27.9482 0 0 0 0.391705 0.920091
128.200000000 20.962 28.0036 0 0 0 0.396274 0.918132
128.300000000 21.012 28.0596 0 0 0 0.400834 0.916151
128.400000000 21.0614 28.116 0 0 0 0.405383 0.914147
128.500000000 21.1103 28.1729 0 0 0 0.409923 0.91212
128.600000000 21.1586 28.2303 0 0 0 0.414452 0.910071
128.700000000 21.2063 28.2882 0 0 0 0.418971 0.908
128.800000000 21.2462 28.3445 0 0 0 0.433042 0.901374
128.900000000 21.2713 28.3912 0 0 0 0.454389 0.890803
129.000000000 21.2821 28.4277 0 0 0 0.482516 0.875887
129.100000000 21.2769 28.4505 0 0 0 0.518373 0.855155
129.200000000 21.2598 28.4601 0 0 0 0.559824 0.828611
129.300000000 21.2409 28.4666 0 0 0 0.600538 0.799596
129.400000000 21.2214 28.4712 0 0 0 0.639751 0.768583
129.500000000 21.2016 28.4739 0 0 0 0.677364 0.735648
129.600000000 21.1816 28.4745 0 0 0 0.713285 0.700874
129.700000000 21.1617 28.4732 0 0 0 0.747422 0.664349
129.800000000 21.142 28.4698 0 0 0 0.779692 0.626163
129.900000000 21.1227 28.4646 0 0 0 0.810013 0.586412
130.000000000 21.104 28.4574 0 0 0 0.838309 0.545196
130.100000000 21.0862 28.4484 0 0 0 0.86451 0.502616
130.200000000 21.0693 28.4376 0 0 0 0.888549 0.458781
130.300000000 21.0536 28.4252 0 0 0 0.910369 0.413798
130.400000000 21.0392 28.4114 0 0 0 0.929912 0.367782
130.500000000 21.0263 28.3961 0 0 0 0.947131 0.320846
130.600000000 21.015 28.3797 0 0 0 0.961983 0.273108
130.700000000 21.0053 28.3621 0 0 0 0.974431 0.224688
130.800000000 20.9975 28.3438 0 0 0 0.984443 0.175706
130.900000000 20.9915 28.3247 0 0 0 0.991994 0.126284
131.000000000 20.9875 28.3051 0 0 0 0.997066 0.0765476
131.100000000 20.9854 28.2852 0 0 0 0.999646 0.0266194
131.200000000 20.9853 28.2652 0 0 0 0.999727 -0.0233753
131.300000000 20.9873 28.2453 0 0 0 0.997309 -0.0733116
131.400000000 20.9912 28.2257 0 0 0 0.992399 -0.123065
131.500000000 20.997 28.2066 0 0 0 0.985008 -0.17251
131.600000000 21.0048 28.1882 0 0 0 0.975155 -0.221524
131.700000000 21.0143 28.1706 0 0 0 0.962865 -0.269985
131.800000000 21.0255 28.154 0 0 0 0.948168 -0.317771
131.900000000 21.0384 28.1387 0 0 0 0.931101 -0.364762
132.000000000 21.0526 28.1247 0 0 0 0.911707 -0.410842
132.100000000 21.0683 28.1123 0 0 0 0.890034 -0.455895
132.200000000 21.0851 28.1014 0 0 0 0.866136 -0.499808
132.300000000 21.1028 28.0923 0 0 0 -0.840074 0.542472
132.400000000 21.1215 28.085 0 0 0 -0.811911 0.583781
132.500000000 21.1313 28.0631 0 0 0 -0.787384 0.616463
132.600000000 21.1425 28.0411 0 0 0 -0.761895 0.647701
132.700000000 21.1554 28.02 0 0 0 -0.735167 0.677886
132.800000000 21.1699 28 0 0 0 -0.707245 0.706969
132.900000000 21.186 27.9813 0 0 0 -0.678173 0.734903
133.000000000 21.2036 27.964 0 0 0 -0.647998 0.761642
133.100000000 21.2225 27.9481 0 0 0 -0.616771 0.787143
133.200000000 21.2426 27.9338 0 0 0 -0.58454 0.811365
133.300000000 21.2638 27.9211 0 0 0 -0.55136 0.834268
133.400000000 21.2859 27.9102 0 0 0 -0.517283 0.855814
133.500000000 21.3089 27.9011 0 0 0 -0.482366 0.87597
133.600000000 21.3395 27.876 0 0 0 -0.454981 0.890501
133.700000000 21.3784 27.8379 0 0 0 -0.434352 0.900743
133.800000000 21.4225 27.7949 0 0 0 -0.416786 0.909005
133.900000000 21.4686 27.753 0 0 0 -0.399443 0.916758
134.000000000 21.5163 27.7129 0 0 0 -0.381955 0.924181
134.100000000 21.5655 27.6746 0 0 0 -0.36433 0.93127
134.200000000 21.6161 27.6382 0 0 0 -0.346573 0.938023
134.300000000 21.668 27.6038 0 0 0 -0.328691 0.944438
134.400000000 21.7212 27.5713 0 0 0 -0.31069 0.950511
134.500000000 21.7845 27.5308 0 0 0 -0.299488 0.9541
134.600000000 21.8486 27.4917 0 0 0 -0.288729 0.957411
134.700000000 21.9135 27.454 0 0 0 -0.277935 0.9606
134.800000000 21.9793 27.4178 0 0 0 -0.267105 0.963668
134.900000000 22.0459 27.3831 0 0 0 -0.256241 0.966613
135.000000000 22.1132 27.3499 0 0 0 -0.245344 0.969436
135.100000000 22.1813 27.3182 0 0 0 -0.234417 0.972136
135.200000000 22.25 27.288 0 0 0 -0.22346 0.974713
135.300000000 22.3194 27.2594 0 0 0 -0.212474 0.977167
135.400000000 22.3895 27.2324 0 0 0 -0.201462 0.979496
135.500000000 22.4601 27.2069 0 0 0 -0.190424 0.981702
135.600000000 22.5314 27.1833 0 0 0 -0.178863 0.983874
135.700000000 22.6032 27.1613 0 0 0 -0.167278 0.98591
135.800000000 22.6755 27.141 0 0 0 -0.155669 0.987809
135.900000000 22.7483 27.1225 0 0 0 -0.144039 0.989572
136.000000000 22.8215 27.1056 0 0 0 -0.132389 0.991198
136.100000000 22.895 27.0905 0 0 0 -0.12072 0.992687
136.200000000 22.9689 27.0771 0 0 0 -0.109035 0.994038
136.300000000 23.0431 27.0654 0 0 0 -0.0973344 0.995252
136.400000000 23.1175 27.0555 0 0 0 -0.0856206 0.996328
136.500000000 23.1922 27.0474 0 0 0 -0.073895 0.997266
136.600000000 23.267 27.041 0 0 0 -0.0621591 0.998066
136.700000000 23.3419 27.0364 0 0 0 -0.0504147 0.998728
136.800000000 23.417 27.0335 0 0 0 -0.0386632 0.999252
136.900000000 23.492 27.0316 0 0 0 -0.0289888 0.99958
137.000000000 23.5671 27.0311 0 0 0 -0.0193117 0.999814
137.100000000 23.6421 27.0321 0 0 0 -0.00963278 0.999954
137.200000000 23.7171 27.0345 0 0 0 4.70506e-05 1
137.300000000 23.7921 27.0384 0 0 0 0.00972688 0.999953
137.400000000 23.867 27.0437 0 0 0 0.0194058 0.999812
137.500000000 23.9417 27.0505 0 0 0 0.0290829 0.999577
137.600000000 24.0165 27.0563 0 0 0 0.0327291 0.999464
137.700000000 24.0913 27.0624 0 0 0 0.0356869 0.999363
137.800000000 24.166 27.0689 0 0 0 0.0386444 0.999253
137.900000000 24.2407 27.0759 0 0 0 0.0416016 0.999134
138.000000000 24.3153 27.0833 0 0 0 0.0445584 0.999007
138.100000000 24.3899 27.0911 0 0 0 0.0475148 0.998871
138.200000000 24.4645 27.0994 0 0 0 0.0504707 0.998726
138.300000000 24.539 27.1082 0 0 0 0.0534263 0.998572
138.400000000 24.6134 27.1174 0 0 0 0.0563813 0.998409
138.500000000 24.688 27.1255 0 0 0 0.0556092 0.998453
138.600000000 24.7625 27.1335 0 0 0 0.0548371 0.998495
138.700000000 24.8371 27.1414 0 0 0 0.0540649 0.998537
138.800000000 24.9117 27.1492 0 0 0 0.0532927 0.998579
138.900000000 24.9863 27.1569 0 0 0 0.0525205 0.99862
139.000000000 25.0609 27.1644 0 0 0 0.0517482 0.99866
139.100000000 25.1356 27.1719 0 0 0 0.050976 0.9987
139.200000000 25.2102 27.1792 0 0 0 0.0502036 0.998739
139.300000000 25.2848 27.1864 0 0 0 0.0494313 0.998778
139.400000000 25.3595 27.1935 0 0 0 0.0486589 0.998815
139.500000000 25.4343 27.1994 0 0 0 0.0450149 0.998986
139.600000000 25.5091 27.2047 0 0 0 0.0413703 0.999144
139.700000000 25.584 27.2094 0 0 0 0.0377252 0.999288
139.800000000 25.6589 27.2136 0 0 0 0.0340796 0.999419
139.900000000 25.7338 27.2173 0 0 0 0.0304335 0.999537
140.000000000 25.8087 27.2204 0 0 0 0.026787 0.999641
140.100000000 25.8837 27.2229 0 0 0 0.0231402 0.999732
140.200000000 25.9587 27.2249 0 0 0 0.019493 0.99981
140.300000000 26.0337 27.2264 0 0 0 0.0158456 0.999874
140.400000000 26.1087 27.2273 0 0 0 0.012198 0.999926
140.500000000 26.1837 27.2277 0 0 0 0.00855019 0.999963
140.600000000 26.2587 27.2275 0 0 0 0.0049023 0.999988
140.700000000 26.3337 27.2268 0 0 0 0.00125433 0.999999
140.800000000 26.4087 27.2255 0 0 0 -0.00239365 0.999997
140.900000000 26.4837 27.2237 0 0 0 -0.0060416 0.999982
141.000000000 26.5587 27.2213 0 0 0 -0.00968946 0.999953
141.100000000 26.6336 27.2184 0 0 0 -0.0133372 0.999911
141.200000000 26.7085 27.215 0 0 0 -0.0169848 0.999856
141.300000000 26.7834 27.211 0 0 0 -0.0206321 0.999787
141.400000000 26.8583 27.2064 0 0 0 -0.0242792 0.999705
141.500000000 26.9331 27.2013 0 0 0 -0.0279259 0.99961
141.600000000 27.0081 27.198 0 0 0 -0.025675 0.99967
141.700000000 27.083 27.1951 0 0 0 -0.0234239 0.999726
141.800000000 27.158 27.1922 0 0 0 -0.0219008 0.99976
141.900000000 27.2329 27.1895 0 0 0 -0.0203777 0.999792
142.000000000 27.3079 27.187 0 0 0 -0.0188546 0.999822
142.100000000 27.3828 27.1848 0 0 0 -0.0173314 0.99985
142.200000000 27.4578 27.1828 0 0 0 -0.0158082 0.999875
142.300000000 27.5328 27.1811 0 0 0 -0.0142849 0.999898
142.400000000 27.6078 27.1795 0 0 0 -0.0127616 0.999919
142.500000000 27.6828 27.1782 0 0 0 -0.0112383 0.999937
142.600000000 27.7578 27.1772 0 0 0 -0.00971494 0.999953
142.700000000 27.8326 27.1712 0 0 0 -0.0209697 0.99978
142.800000000 27.8916 27.1606 0 0 0 -0.0411906 0.999151
142.900000000 27.9428 27.1468 0 0 0 -0.0649774 0.997887
143.000000000 27.9924 27.1306 0 0 0 -0.0891192 0.996021
143.100000000 28.0412 27.1119 0 0 0 -0.113209 0.993571
143.200000000 28.0891 27.091 0 0 0 -0.137232 0.990539
143.300000000 28.1358 27.0677 0 0 0 -0.161175 0.986926
143.400000000 28.1814 27.0422 0 0 0 -0.185023 0.982734
143.500000000 28.2397 27.012 0 0 0 -0.202004 0.979385
143.600000000 28.2986 26.9794 0 0 0 -0.218078 0.975931
143.700000000 28.3565 26.945 0 0 0 -0.234093 0.972214
143.800000000 28.4132 26.9086 0 0 0 -0.250044 0.968234
143.900000000 28.4686 26.8704 0 0 0 -0.265928 0.963993
144.000000000 28.5228 26.8304 0 0 0 -0.28174 0.959491
144.100000000 28.5756 26.7887 0 0 0 -0.297476 0.954729
144.200000000 28.627 26.7452 0 0 0 -0.313131 0.94971
144.300000000 28.677 26.7 0 0 0 -0.328702 0.944434
144.400000000 28.7254 26.6533 0 0 0 -0.344184 0.938902
144.500000000 28.7723 26.6049 0 0 0 -0.359573 0.933117
144.600000000 28.8262 26.5528 0 0 0 -0.365378 0.930859
144.700000000 28.8824 26.503 0 0 0 -0.361355 0.932428
144.800000000 28.9389 26.4538 0 0 0 -0.357326 0.93398
144.900000000 28.9959 26.405 0 0 0 -0.353289 0.935514
145.000000000 29.0533 26.3567 0 0 0 -0.349246 0.937031
145.100000000 29.1112 26.309 0 0 0 -0.345197 0.93853
145.200000000 29.1694 26.2617 0 0 0 -0.341141 0.940012
145.300000000 29.2281 26.2149 0 0 0 -0.337078 0.941477
145.400000000 29.2871 26.1686 0 0 0 -0.33301 0.942923
145.500000000 29.3465 26.1229 0 0 0 -0.328935 0.944353
145.600000000 29.4064 26.0777 0 0 0 -0.324854 0.945764
145.700000000 29.4664 26.0327 0 0 0 -0.321402 0.946943
145.800000000 29.5268 25.9882 0 0 0 -0.317945 0.948109
145.900000000 29.5875 25.9442 0 0 0 -0.314484 0.949263
146.000000000 29.6486 25.9006 0 0 0 -0.311019 0.950404
146.100000000 29.7099 25.8574 0 0 0 -0.30755 0.951532
146.200000000 29.7716 25.8147 0 0 0 -0.304077 0.952647
146.300000000 29.8336 25.7725 0 0 0 -0.3006 0.95375
146.400000000 29.8958 25.7306 0 0 0 -0.297118 0.954841
146.500000000 29.9584 25.6893 0 0 0 -0.293633 0.955918
146.600000000 30.0213 25.6484 0 0 0 -0.290144 0.956983
146.700000000 30.0845 25.608 0 0 0 -0.286651 0.958035
146.800000000 30.148 25.568 0 0 0 -0.283154 0.959074
146.900000000 30.2117 25.5285 0 0 0 -0.279654 0.960101
147.000000000 30.2756 25.4892 0 0 0 -0.276811 0.960924
147.100000000 30.3399 25.4506 0 0 0 -0.273304 0.961928
147.200000000 30.4043 25.4121 0 0 0 -0.270456 0.962732
147.300000000 30.469 25.3741 0 0 0 -0.267605 0.963529
147.400000000 30.5338 25.3364 0 0 0 -0.264753 0.964316
147.500000000 30.5988 25.2989 0 0 0 -0.262581 0.96491
147.600000000 30.6643 25.2624 0 0 0 -0.258411 0.966035
147.700000000 30.7301 25.2264 0 0 0 -0.254238 0.967142
147.800000000 30.7963 25.1911 0 0 0 -0.250059 0.968231
147.900000000 30.8627 25.1563 0 0 0 -0.245876 0.969301
148.000000000 30.9295 25.122 0 0 0 -0.241688 0.970354
148.100000000 30.9965 25.0884 0 0 0 -0.237495 0.971389
148.200000000 31.0638 25.0553 0 0 0 -0.233298 0.972405
148.300000000 31.1315 25.0228 0 0 0 -0.229097 0.973404
148.400000000 31.1993 24.9909 0 0 0 -0.224892 0.974384
148.500000000 31.2675 24.9596 0 0 0 -0.220682 0.975346
148.600000000 31.3359 24.9289 0 0 0 -0.216468 0.97629
148.700000000 31.4046 24.8988 0 0 0 -0.21225 0.977215
148.800000000 31.4729 24.8677 0 0 0 -0.21225 0.977215
148.900000000 31.5411 24.8365 0 0 0 -0.21225 0.977215
149.000000000 31.6094 24.8054 0 0 0 -0.21225 0.977215
149.100000000 31.6776 24.7743 0 0 0 -0.21225 0.977215
149.200000000 31.7459 24.7432 0 0 0 -0.21225 0.977215
149.300000000 31.8141 24.7121 0 0 0 -0.21225 0.977215
149.400000000 31.8823 24.681 0 0 0 -0.21225 0.977215
149.500000000 31.9506 24.6499 0 0 0 -0.21225 0.977215
149.600000000 32.0177 24.6163 0 0 0 -0.218926 0.975741
149.700000000 32.0842 24.5816 0 0 0 -0.226169 0.974088
149.800000000 32.1502 24.5459 0 0 0 -0.2334 0.972381
149.900000000 32.2156 24.5092 0 0 0 -0.240618 0.97062
150.000000000 32.2806 24.4715 0 0 0 -0.247823 0.968805
150.100000000 32.3449 24.4329 0 0 0 -0.255014 0.966937
150.200000000 32.4087 24.3934 0 0 0 -0.262191 0.965016
150.300000000 32.4718 24.3528 0 0 0 -0.269353 0.963041
150.400000000 32.5344 24.3114 0 0 0 -0.276501 0.961014
150.500000000 32.5963 24.269 0 0 0 -0.283633 0.958933
150.600000000 32.6574 24.2254 0 0 0 -0.291849 0.956465
150.700000000 32.7175 24.1805 0 0 0 -0.300573 0.953759
150.800000000 32.7768 24.1345 0 0 0 -0.309273 0.950973
150.900000000 32.8353 24.0875 0 0 0 -0.317946 0.948109
151.000000000 32.8929 24.0394 0 0 0 -0.326593 0.945165
151.100000000 32.9496 23.9902 0 0 0 -0.335213 0.942142
151.200000000 33.0055 23.94 0 0 0 -0.343805 0.939041
151.300000000 33.0603 23.8888 0 0 0 -0.352368 0.935861
151.400000000 33.1143 23.8366 0 0 0 -0.360902 0.932604
151.500000000 33.1673 23.7835 0 0 0 -0.369406 0.929268
151.600000000 33.221 23.7311 0 0 0 -0.372155 0.928171
151.700000000 33.2746 23.6787 0 0 0 -0.374244 0.92733
151.800000000 33.3279 23.626 0 0 0 -0.376331 0.926485
151.900000000 33.3811 23.573 0 0 0 -0.378416 0.925636
152.000000000 33.434 23.5198 0 0 0 -0.380499 0.924781
152.100000000 33.4866 23.4664 0 0 0 -0.382581 0.923922
152.200000000 33.539 23.4127 0 0 0 -0.38466 0.923058
152.300000000 33.5912 23.3589 0 0 0 -0.386738 0.92219
152.400000000 33.6431 23.3047 0 0 0 -0.388813 0.921317
152.500000000 33.6936 23.2493 0 0 0 -0.394545 0.918877
152.600000000 33.7435 23.1932 0 0 0 -0.400262 0.916401
152.700000000 33.7926 23.1365 0 0 0 -0.405962 0.91389
152.800000000 33.841 23.0792 0 0 0 -0.411648 0.911343
152.900000000 33.8887 23.0213 0 0 0 -0.417317 0.908761
153.000000000 33.9357 22.9628 0 0 0 -0.42297 0.906144
153.100000000 33.9819 22.9037 0 0 0 -0.428606 0.903491
153.200000000 34.0274 22.844 0 0 0 -0.434226 0.900804
153.300000000 34.0722 22.7838 0 0 0 -0.439829 0.898081
153.400000000 34.1162 22.7231 0 0 0 -0.445415 0.895324
153.500000000 34.1578 22.6606 0 0 0 -0.455465 0.890254
153.600000000 34.1978 22.597 0 0 0 -0.465905 0.884835
153.700000000 34.2364 22.5326 0 0 0 -0.476281 0.879293
153.800000000 34.2734 22.4672 0 0 0 -0.486591 0.87363
153.900000000 34.3088 22.401 0 0 0 -0.496834 0.867846
154.000000000 34.3427 22.334 0 0 0 -0.507008 0.861941
154.100000000 34.375 22.2662 0 0 0 -0.517112 0.855918
154.200000000 34.4057 22.1977 0 0 0 -0.527144 0.849776
154.300000000 34.4348 22.1285 0 0 0 -0.537104 0.843516
154.400000000 34.4622 22.0586 0 0 0 -0.546989 0.83714
154.500000000 34.488 21.9881 0 0 0 -0.556798 0.830648
154.600000000 34.5122 21.9169 0 0 0 -0.56653 0.824041
154.700000000 34.5346 21.8453 0 0 0 -0.576184 0.81732
154.800000000 34.5554 21.7731 0 0 0 -0.585758 0.810486
154.900000000 34.5659 21.7149 0 0 0 -0.602358 0.798226
155.000000000 34.5666 21.6709 0 0 0 -0.624905 0.780701
155.100000000 34.5575 21.6433 0 0 0 -0.653544 0.756888
155.200000000 34.5387 21.6384 0 0 0 -0.689453 0.72433
155.300000000 34.5191 21.6368 0 0 0 -0.72426 0.689527
155.400000000 34.4994 21.6372 0 0 0 -0.757312 0.653053
155.500000000 34.4799 21.6395 0 0 0 -0.78853 0.614997
155.600000000 34.4607 21.6437 0 0 0 -0.817836 0.575451
155.700000000 34.442 21.6498 0 0 0 -0.845162 0.534511
155.800000000 34.424 21.6577 0 0 0 0.870439 -0.492275
155.900000000 34.4068 21.6674 0 0 0 0.893608 -0.448848
156.000000000 34.3907 21.6787 0 0 0 0.914612 -0.404332
156.100000000 34.3758 21.6915 0 0 0 0.9334 -0.358837
156.200000000 34.3622 21.7057 0 0 0 0.949927 -0.312473
156.300000000 34.35 21.7211 0 0 0 0.964152 -0.265352
156.400000000 34.3395 21.7377 0 0 0 0.976041 -0.217587
156.500000000 34.3306 21.7553 0 0 0 0.985565 -0.169296
156.600000000 34.3235 21.7736 0 0 0 0.992702 -0.120594
156.700000000 34.3182 21.7926 0 0 0 0.997433 -0.0716005
156.800000000 34.3149 21.812 0 0 0 0.999748 -0.0224333
156.900000000 34.3134 21.8316 0 0 0 0.999641 0.0267883
157.000000000 34.3139 21.8512 0 0 0 0.997112 0.075945
157.100000000 34.3163 21.8707 0 0 0 0.992167 0.124918
157.200000000 34.3206 21.8899 0 0 0 0.984818 0.173588
157.300000000 34.3268 21.9086 0 0 0 0.975084 0.221837
157.400000000 34.3348 21.9266 0 0 0 0.962987 0.269549
157.500000000 34.3445 21.9437 0 0 0 0.948556 0.316608
157.600000000 34.3558 21.9597 0 0 0 0.931828 0.3629
157.700000000 34.3687 21.9746 0 0 0 0.912842 0.408313
157.800000000 34.383 21.9882 0 0 0 0.891644 0.452736
157.900000000 34.3985 22.0002 0 0 0 0.868287 0.496063
158.000000000 34.4151 22.0107 0 0 0 0.842825 0.538187
158.100000000 34.4327 22.0195 0 0 0 0.815322 0.579008
158.200000000 34.4511 22.0265 0 0 0 0.785843 0.618426
158.300000000 34.4701 22.0317 0 0 0 0.75446 0.656346
158.400000000 34.4894 22.035 0 0 0 0.721249 0.692675
158.500000000 34.5033 22.0605 0 0 0 0.694955 0.719053
158.600000000 34.5163 22.1019 0 0 0 0.673843 0.738875
158.700000000 34.5315 22.144 0 0 0 0.652773 0.757553
158.800000000 34.549 22.1852 0 0 0 0.631186 0.775632
158.900000000 34.5689 22.2254 0 0 0 0.609098 0.793095
159.000000000 34.5909 22.2644 0 0 0 0.586527 0.809929
159.100000000 34.6152 22.3021 0 0 0 0.563492 0.826122
159.200000000 34.6415 22.3384 0 0 0 0.540009 0.841659
159.300000000 34.6698 22.3731 0 0 0 0.516099 0.856529
159.400000000 34.7 22.4062 0 0 0 0.491779 0.87072
159.500000000 34.7376 22.4528 0 0 0 0.474064 0.88049
159.600000000 34.7826 22.5129 0 0 0 0.464123 0.885771
159.700000000 34.8285 22.5724 0 0 0 0.455527 0.890222
159.800000000 34.8754 22.6309 0 0 0 0.446889 0.894589
159.900000000 34.9236 22.6885 0 0 0 0.438208 0.898873
160.000000000 34.9728 22.7452 0 0 0 0.429487 0.903073
160.100000000 35.0231 22.8009 0 0 0 0.420725 0.907188
160.200000000 35.0745 22.8556 0 0 0 0.411924 0.911218
160.300000000 35.1269 22.9093 0 0 0 0.403084 0.915163
160.400000000 35.1804 22.962 0 0 0 0.394207 0.919022
160.500000000 35.2348 23.0137 0 0 0 0.385292 0.922795
160.600000000 35.2903 23.0642 0 0 0 0.376342 0.926481
160.700000000 35.3467 23.1137 0 0 0 0.367356 0.93008
160.800000000 35.4041 23.1621 0 0 0 0.358336 0.933593
160.900000000 35.4624 23.2094 0 0 0 0.349282 0.937018
161.000000000 35.5193 23.2583 0 0 0 0.348557 0.937287
161.100000000 35.5761 23.3073 0 0 0 0.348557 0.937287
161.200000000 35.6329 23.3563 0 0 0 0.348557 0.937287
161.300000000 35.6896 23.4053 0 0 0 0.348557 0.937287
161.400000000 35.7464 23.4543 0 0 0 0.348557 0.937287
161.500000000 35.8022 23.5044 0 0 0 0.351974 0.93601
161.600000000 35.8577 23.5549 0 0 0 0.355386 0.934719
161.700000000 35.9128 23.6058 0 0 0 0.358794 0.933417
161.800000000 35.9675 23.6571 0 0 0 0.362197 0.932102
161.900000000 36.0218 23.7089 0 0 0 0.365594 0.930774
162.000000000 36.0758 23.761 0 0 0 0.368987 0.929434
162.100000000 36.1293 23.8135 0 0 0 0.372376 0.928082
162.200000000 36.1825 23.8664 0 0 0 0.375759 0.926718
162.300000000 36.2353 23.9196 0 0 0 0.379137 0.925341
162.400000000 36.2877 23.9733 0 0 0 0.38251 0.923951
162.500000000 36.3403 24.0267 0 0 0 0.383917 0.923368
162.600000000 36.393 24.0801 0 0 0 0.384631 0.92307
162.700000000 36.4456 24.1336 0 0 0 0.385345 0.922773
162.800000000 36.4981 24.1872 0 0 0 0.386058 0.922474
162.900000000 36.5505 24.2408 0 0 0 0.386771 0.922176
163.000000000 36.6029 24.2945 0 0 0 0.387484 0.921876
163.100000000 36.6551 24.3483 0 0 0 0.388197 0.921576
163.200000000 36.7073 24.4022 0 0 0 0.38891 0.921276
163.300000000 36.7594 24.4561 0 0 0 0.389622 0.920975
163.400000000 36.8114 24.5102 0 0 0 0.390334 0.920673
163.500000000 36.8633 24.5643 0 0 0 0.391046 0.920371
163.600000000 36.914 24.6197 0 0 0 0.395617 0.918416
163.700000000 36.964 24.6755 0 0 0 0.400177 0.916438
163.800000000 37.0135 24.7319 0 0 0 0.404728 0.914437
163.900000000 37.0625 24.7887 0 0 0 0.409269 0.912414
164.000000000 37.1109 24.8461 0 0 0 0.4138 0.910368
164.100000000 37.1587 24.9039 0 0 0 0.41832 0.9083
164.200000000 37.2059 24.9621 0 0 0 0.42283 0.906209
164.300000000 37.2526 25.0209 0 0 0 0.42733 0.904096
164.400000000 37.2986 25.0801 0 0 0 0.431819 0.90196
164.500000000 37.3441 25.1398 0 0 0 0.436298 0.899802
164.600000000 37.387 25.2014 0 0 0 0.446398 0.894834
164.700000000 37.4283 25.2641 0 0 0 0.456893 0.889522
164.800000000 37.4681 25.3278 0 0 0 0.467325 0.884086
164.900000000 37.5065 25.3923 0 0 0 0.477692 0.878527
165.000000000 37.5433 25.4578 0 0 0 0.487993 0.872848
165.100000000 37.5785 25.5241 0 0 0 0.498227 0.867047
165.200000000 37.6122 25.5912 0 0 0 0.508391 0.861126
165.300000000 37.6443 25.6591 0 0 0 0.518485 0.855087
165.400000000 37.6747 25.7277 0 0 0 0.528508 0.848929
165.500000000 37.7036 25.7971 0 0 0 0.538457 0.842653
165.600000000 37.7279 25.8636 0 0 0 0.550739 0.834677
165.700000000 37.7503 25.9309 0 0 0 0.562903 0.826523
165.800000000 37.7708 25.9987 0 0 0 0.574947 0.818191
165.900000000 37.7892 26.0671 0 0 0 0.586867 0.809684
166.000000000 37.8056 26.1361 0 0 0 0.598661 0.801003
166.100000000 37.82 26.2055 0 0 0 0.610327 0.79215
166.200000000 37.8323 26.2753 0 0 0 0.621862 0.783127
166.300000000 37.8426 26.3454 0 0 0 0.633263 0.773937
166.400000000 37.8509 26.4158 0 0 0 0.644529 0.76458
166.500000000 37.857 26.4864 0 0 0 0.655656 0.755059
166.600000000 37.8611 26.5571 0 0 0 0.666643 0.745377
166.700000000 37.8632 26.6279 0 0 0 0.677487 0.735535
166.800000000 37.8631 26.6988 0 0 0 0.688186 0.725535
166.900000000 37.8656 26.7738 0 0 0 0.690828 0.723019
167.000000000 37.8729 26.8485 0 0 0 0.683797 0.729672
167.100000000 37.8845 26.9097 0 0 0 0.669812 0.742531
167.200000000 37.8988 26.9663 0 0 0 0.654042 0.756459
167.300000000 37.9155 27.0222 0 0 0 0.637982 0.770051
167.400000000 37.9345 27.0774 0 0 0 0.62164 0.783303
167.500000000 37.9558 27.1317 0 0 0 0.605022 0.796209
167.600000000 37.9794 27.1851 0 0 0 0.588137 0.808761
167.700000000 38.0053 27.2383 0 0 0 0.571323 0.820725
167.800000000 38.0333 27.2903 0 0 0 0.554265 0.83234
167.900000000 38.0635 27.3411 0 0 0 0.536972 0.8436
168.000000000 38.0958 27.3907 0 0 0 0.519449 0.854501
168.100000000 38.1298 27.4381 0 0 0 0.501357 0.865241
168.200000000 38.1661 27.4848 0 0 0 0.483395 0.875402
168.300000000 38.204 27.5292 0 0 0 0.464871 0.885379
168.400000000 38.2437 27.5719 0 0 0 0.446141 0.894963
168.500000000 38.2855 27.6137 0 0 0 0.427578 0.903979
168.600000000 38.3367 27.6687 0 0 0 0.416915 0.908946
168.700000000 38.3865 27.7247 0 0 0 0.414223 0.910175
168.800000000 38.4367 27.7805 0 0 0 0.411527 0.911397
168.900000000 38.4872 27.836 0 0 0 0.408828 0.912611
169.000000000 38.538 27.8912 0 0 0 0.406126 0.913817
169.100000000 38.5891 27.946 0 0 0 0.403419 0.915015
169.200000000 38.6406 28.0006 0 0 0 0.40071 0.916205
169.300000000 38.6924 28.0549 0 0 0 0.397996 0.917387
169.400000000 38.7445 28.1088 0 0 0 0.395279 0.918561
169.500000000 38.7967 28.1627 0 0 0 0.39321 0.919449
169.600000000 38.8487 28.2167 0 0 0 0.392499 0.919752
169.700000000 38.9008 28.2706 0 0 0 0.391788 0.920056
169.800000000 38.953 28.3245 0 0 0 0.391076 0.920358
169.900000000 39.0053 28.3783 0 0 0 0.390364 0.920661
170.000000000 39.0577 28.4319 0 0 0 0.389652 0.920962
170.100000000 39.1101 28.4856 0 0 0 0.38894 0.921263
170.200000000 39.1626 28.5391 0 0 0 0.388227 0.921564
170.300000000 39.2153 28.5925 0 0 0 0.387514 0.921864
170.400000000 39.2679 28.6459 0 0 0 0.386801 0.922163
170.500000000 39.3205 28.6994 0 0 0 0.386801 0.922163
170.600000000 39.3731 28.7529 0 0 0 0.386801 0.922163
170.700000000 39.4256 28.8064 0 0 0 0.386801 0.922163
170.800000000 39.4782 28.8599 0 0 0 0.386801 0.922163
170.900000000 39.5307 28.9134 0 0 0 0.386801 0.922163
171.000000000 39.5833 28.9669 0 0 0 0.386801 0.922163
171.100000000 39.6359 29.0204 0 0 0 0.386801 0.922163
171.200000000 39.6884 29.0739 0 0 0 0.386801 0.922163
171.300000000 39.741 29.1274 0 0 0 0.386801 0.922163
171.400000000 39.7925 29.182 0 0 0 0.390163 0.920746
171.500000000 39.8434 29.2371 0 0 0 0.394135 0.919052
171.600000000 39.8938 29.2926 0 0 0 0.3981 0.917342
171.700000000 39.9436 29.3487 0 0 0 0.402656 0.915352
171.800000000 39.9928 29.4053 0 0 0 0.407201 0.913339
171.900000000 40.0415 29.4624 0 0 0 0.411736 0.911303
172.000000000 40.0895 29.52 0 0 0 0.416261 0.909245
172.100000000 40.137 29.5781 0 0 0 0.420776 0.907164
172.200000000 40.1839 29.6366 0 0 0 0.425281 0.905061
172.300000000 40.2303 29.6956 0 0 0 0.429775 0.902936
172.400000000 40.276 29.7551 0 0 0 0.434258 0.900788
172.500000000 40.321 29.8151 0 0 0 0.439303 0.898339
172.600000000 40.3653 29.8757 0 0 0 0.444334 0.895861
172.700000000 40.4088 29.9368 0 0 0 0.449351 0.893355
172.800000000 40.4442 29.9951 0 0 0 0.463586 0.886052
172.900000000 40.4655 30.0428 0 0 0 0.484903 0.874568
173.000000000 40.4731 30.0793 0 0 0 0.512862 0.858471
173.100000000 40.4656 30.1008 0 0 0 0.548447 0.836185
173.200000000 40.4478 30.1091 0 0 0 0.588928 0.808185
173.300000000 40.4285 30.1143 0 0 0 0.628585 0.777741
173.400000000 40.4088 30.1175 0 0 0 0.66667 0.745353
173.500000000 40.3888 30.1187 0 0 0 0.703089 0.711102
173.600000000 40.3688 30.118 0 0 0 0.737751 0.675073
173.700000000 40.349 30.1152 0 0 0 0.770568 0.637357
173.800000000 40.3296 30.1105 0 0 0 0.80146 0.598049
173.900000000 40.3108 30.1038 0 0 0 0.830348 0.557245
174.000000000 40.2927 30.0954 0 0 0 0.857161 0.515048
174.100000000 40.2755 30.0851 0 0 0 0.881832 0.471564
174.200000000 40.2595 30.0732 0 0 0 0.904298 0.426902
174.300000000 40.2447 30.0597 0 0 0 0.924504 0.381172
174.400000000 40.2313 30.0448 0 0 0 0.942399 0.33449
174.500000000 40.2195 30.0287 0 0 0 0.957939 0.286972
174.600000000 40.1912 30.0293 0 0 0 0.968084 0.250625
174.700000000 40.1491 30.0394 0 0 0 0.974935 0.222489
174.800000000 40.1006 30.0515 0 0 0 0.98027 0.197663
174.900000000 40.0515 30.0611 0 0 0 0.984973 0.17271
175.000000000 40.002 30.0682 0 0 0 0.98904 0.147646
175.100000000 39.9522 30.0728 0 0 0 0.99247 0.122487
175.200000000 39.9023 30.0749 0 0 0 0.99526 0.0972487
175.300000000 39.8523 30.0744 0 0 0 0.997408 0.0719477
175.400000000 39.8024 30.0714 0 0 0 0.998914 0.0466003
175.500000000 39.7527 30.0658 0 0 0 0.999775 0.0212228
175.600000000 39.6872 30.0617 0 0 0 0.999992 0.00391542
175.700000000 39.6122 30.0582 0 0 0 0.99998 -0.00629957
175.800000000 39.5373 30.0534 0 0 0 0.999872 -0.0159789
175.900000000 39.4625 30.0471 0 0 0 0.999671 -0.0256568
176.000000000 39.3878 30.0394 0 0 0 0.999376 -0.0353322
176.100000000 39.3133 30.0302 0 0 0 0.998987 -0.0450043
176.200000000 39.239 30.0196 0 0 0 0.998504 -0.0546722
176.300000000 39.1649 30.0076 0 0 0 0.997928 -0.064335
176.400000000 39.0911 29.9941 0 0 0 0.997259 -0.0739918
176.500000000 39.0175 29.9792 0 0 0 0.996496 -0.0836416
176.600000000 38.9435 29.967 0 0 0 0.99656 -0.082871
176.700000000 38.8694 29.9555 0 0 0 0.996744 -0.0806268
176.800000000 38.7952 29.9444 0 0 0 0.996923 -0.0783822
176.900000000 38.721 29.9336 0 0 0 0.997097 -0.0761371
177.000000000 38.6467 29.9231 0 0 0 0.997266 -0.0738917
177.100000000 38.5724 29.9129 0 0 0 0.99743 -0.0716459
177.200000000 38.4981 29.9031 0 0 0 0.997589 -0.0693998
177.300000000 38.4237 29.8936 0 0 0 0.997743 -0.0671533
177.400000000 38.3492 29.8844 0 0 0 0.997891 -0.0649065
177.500000000 38.2747 29.8756 0 0 0 0.998035 -0.0626593
177.600000000 38.2001 29.8682 0 0 0 0.998334 -0.0576971
177.700000000 38.1254 29.8615 0 0 0 0.998609 -0.0527335
177.800000000 38.0506 29.8556 0 0 0 0.998858 -0.0477685
177.900000000 37.9757 29.8504 0 0 0 0.999084 -0.0428024
178.000000000 37.9009 29.846 0 0 0 0.999284 -0.0378352
178.100000000 37.8259 29.8423 0 0 0 0.99946 -0.0328671
178.200000000 37.751 29.8394 0 0 0 0.999611 -0.0278982
178.300000000 37.676 29.8372 0 0 0 0.999737 -0.0229286
178.400000000 37.601 29.8357 0 0 0 0.999839 -0.0179584
178.500000000 37.526 29.835 0 0 0 0.999916 -0.0129878
178.600000000 37.451 29.835 0 0 0 0.999968 -0.00801684
178.700000000 37.3759 29.8358 0 0 0 0.999995 -0.0030457
178.800000000 37.3009 29.8374 0 0 0 0.999998 0.00192552
178.900000000 37.226 29.8342 0 0 0 0.999978 -0.0066525
179.000000000 37.1625 29.8261 0 0 0 0.999692 -0.0248108
179.100000000 37.1117 29.8139 0 0 0 0.998798 -0.049008
179.200000000 37.0624 29.7992 0 0 0 0.99729 -0.0735684
179.300000000 37.0138 29.782 0 0 0 0.995178 -0.0980843
179.400000000 36.9662 29.7625 0 0 0 0.992463 -0.122541
179.500000000 36.9195 29.7407 0 0 0 0.989148 -0.146923
179.600000000 36.8634 29.7155 0 0 0 0.98611 -0.166095
179.700000000 36.8075 29.6881 0 0 0 0.982776 -0.184798
179.800000000 36.7526 29.6585 0 0 0 0.979089 -0.203435
179.900000000 36.6989 29.6269 0 0 0 0.975047 -0.221998
180.000000000 36.6464 29.5933 0 0 0 0.970654 -0.24048
180.100000000 36.5952 29.5577 0 0 0 0.96591 -0.258876
180.200000000 36.5455 29.5202 0 0 0 0.960818 -0.277179
180.300000000 36.4972 29.4808 0 0 0 0.955379 -0.295381
180.400000000 36.4504 29.4396 0 0 0 0.949596 -0.313477
180.500000000 36.4052 29.3967 0 0 0 0.943469 -0.33146
180.600000000 36.3491 29.3467 0 0 0 0.940217 -0.340577
180.700000000 36.2938 29.2961 0 0 0 0.93726 -0.34863
180.800000000 36.2392 29.2445 0 0 0 0.934235 -0.356657
180.900000000 36.1856 29.192 0 0 0 0.931142 -0.364658
181.000000000 36.1329 29.1386 0 0 0 0.927979 -0.372631
181.100000000 36.0812 29.0842 0 0 0 0.924749 -0.380578
181.200000000 36.0303 29.029 0 0 0 0.92145 -0.388496
181.300000000 35.9804 28.973 0 0 0 0.918084 -0.396386
181.400000000 35.9315 28.916 0 0 0 0.91465 -0.404247
181.500000000 35.8836 28.8583 0 0 0 0.911149 -0.412078
181.600000000 35.8341 28.802 0 0 0 0.911149 -0.412078
181.700000000 35.7843 28.7458 0 0 0 0.911467 -0.411373
181.800000000 35.7345 28.6898 0 0 0 0.911785 -0.410668
181.900000000 35.6845 28.6338 0 0 0 0.912102 -0.409963
182.000000000 35.6345 28.578 0 0 0 0.912419 -0.409258
182.100000000 35.5844 28.5222 0 0 0 0.912735 -0.408552
182.200000000 35.5342 28.4664 0 0 0 0.913051 -0.407846
182.300000000 35.4839 28.4108 0 0 0 0.913366 -0.40714
182.400000000 35.4336 28.3552 0 0 0 0.91368 -0.406433
182.500000000 35.3829 28.2999 0 0 0 0.914299 -0.405041
182.600000000 35.332 28.2448 0 0 0 0.914915 -0.403648
182.700000000 35.281 28.1898 0 0 0 0.915528 -0.402253
182.800000000 35.2299 28.135 0 0 0 0.91614 -0.400858
182.900000000 35.1785 28.0803 0 0 0 0.91675 -0.399462
183.000000000 35.127 28.0258 0 0 0 0.917357 -0.398065
183.100000000 35.0753 27.9714 0 0 0 0.917963 -0.396667
183.200000000 35.0235 27.9172 0 0 0 0.918566 -0.395268
183.300000000 34.9715 27.8632 0 0 0 0.919167 -0.393868
183.400000000 34.9193 27.8093 0 0 0 0.919766 -0.392467
183.500000000 34.867 27.7556 0 0 0 0.920363 -0.391066
183.600000000 34.8149 27.7016 0 0 0 0.920363 -0.391066
183.700000000 34.7628 27.6476 0 0 0 0.920363 -0.391066
183.800000000 34.7108 27.5936 0 0 0 0.920363 -0.391066
183.900000000 34.6587 27.5396 0 0 0 0.920363 -0.391066
184.000000000 34.6067 27.4856 0 0 0 0.920363 -0.391066
184.100000000 34.5546 27.4316 0 0 0 0.920363 -0.391066
184.200000000 34.5025 27.3776 0 0 0 0.920363 -0.391066
184.300000000 34.4505 27.3237 0 0 0 0.920363 -0.391066
184.400000000 34.3984 27.2697 0 0 0 0.920363 -0.391066
184.500000000 34.3464 27.2157 0 0 0 0.920363 -0.391066
184.600000000 34.2943 27.1617 0 0 0 0.920363 -0.391066
184.700000000 34.2422 27.1077 0 0 0 0.920363 -0.391066
184.800000000 34.1902 27.0537 0 0 0 0.920363 -0.391066
184.900000000 34.1381 26.9997 0 0 0 0.920363 -0.391066
185.000000000 34.0861 26.9457 0 0 0 0.920363 -0.391066
185.100000000 34.034 26.8918 0 0 0 0.920363 -0.391066
185.200000000 33.9819 26.8378 0 0 0 0.920363 -0.391066
185.300000000 33.9299 26.7838 0 0 0 0.920363 -0.391066
185.400000000 33.8778 26.7298 0 0 0 0.920363 -0.391066
185.500000000 33.8258 26.6758 0 0 0 0.920363 -0.391066
185.600000000 33.7737 26.6218 0 0 0 0.920363 -0.391066
185.700000000 33.7202 26.5692 0 0 0 0.922295 -0.386485
185.800000000 33.6662 26.5171 0 0 0 0.924205 -0.381896
185.900000000 33.6119 26.4654 0 0 0 0.925846 -0.377901
186.000000000 33.5569 26.4144 0 0 0 0.927713 -0.373294
186.100000000 33.5014 26.3639 0 0 0 0.929557 -0.368678
186.200000000 33.4455 26.3139 0 0 0 0.931379 -0.364052
186.300000000 33.3888 26.2647 0 0 0 0.933406 -0.358823
186.400000000 33.3317 26.2161 0 0 0 0.935403 -0.353583
186.500000000 33.2739 26.1682 0 0 0 0.937371 -0.348332
186.600000000 33.2193 26.1168 0 0 0 0.934551 -0.355829
186.700000000 33.1696 26.065 0 0 0 0.929411 -0.369046
186.800000000 33.1214 26.0118 0 0 0 0.924084 -0.382189
186.900000000 33.0748 25.9572 0 0 0 0.918571 -0.395255
187.000000000 33.0297 25.9014 0 0 0 0.912874 -0.408242
187.100000000 32.9854 25.8437 0 0 0 0.90719 -0.42072
187.200000000 32.9428 25.7848 0 0 0 0.901336 -0.43312
187.300000000 32.9018 25.7248 0 0 0 0.895313 -0.445438
187.400000000 32.8631 25.6643 0 0 0 0.888906 -0.458089
187.500000000 32.8255 25.602 0 0 0 0.882541 -0.470235
187.600000000 32.7903 25.5395 0 0 0 0.875784 -0.482703
187.700000000 32.7569 25.476 0 0 0 0.868851 -0.495074
187.800000000 32.7253 25.4115 0 0 0 -0.861743 0.507345
187.900000000 32.6956 25.3462 0 0 0 -0.854462 0.519515
188.000000000 32.6677 25.2801 0 0 0 -0.847008 0.53158
188.100000000 32.6417 25.2131 0 0 0 -0.839385 0.543538
188.200000000 32.6176 25.1455 0 0 0 -0.831592 0.555386
188.300000000 32.5954 25.0773 0 0 0 -0.823633 0.567123
188.400000000 32.5752 25.0084 0 0 0 -0.815508 0.578746
188.500000000 32.5569 24.939 0 0 0 -0.807218 0.590253
188.600000000 32.5406 24.8691 0 0 0 -0.798767 0.601641
188.700000000 32.5263 24.7987 0 0 0 -0.790155 0.612908
188.800000000 32.514 24.728 0 0 0 -0.781383 0.624051
188.900000000 32.5037 24.657 0 0 0 -0.772455 0.635069
189.000000000 32.4954 24.5857 0 0 0 -0.763372 0.64596
189.100000000 32.4892 24.5142 0 0 0 -0.754134 0.65672
189.200000000 32.485 24.4425 0 0 0 -0.744746 0.667349
189.300000000 32.4828 24.3708 0 0 0 -0.735207 0.677843
189.400000000 32.4826 24.299 0 0 0 -0.725521 0.688201
189.500000000 32.4845 24.2272 0 0 0 -0.715688 0.69842
189.600000000 32.4859 24.1522 0 0 0 -0.710071 0.70413
189.700000000 32.4882 24.0772 0 0 0 -0.70482 0.709386
189.800000000 32.4915 24.0022 0 0 0 -0.699954 0.714188
189.900000000 32.4957 23.9273 0 0 0 -0.695055 0.718957
190.000000000 32.501 23.8525 0 0 0 -0.690124 0.723691
190.100000000 32.5088 23.7778 0 0 0 -0.682311 0.731062
190.200000000 32.5193 23.7058 0 0 0 -0.672223 0.740349
190.300000000 32.5297 23.6315 0 0 0 -0.666271 0.745709
190.400000000 32.541 23.5574 0 0 0 -0.660713 0.750639
190.500000000 32.5533 23.4833 0 0 0 -0.655566 0.755138
190.600000000 32.5665 23.4095 0 0 0 -0.650388 0.759602
190.700000000 32.5808 23.3358 0 0 0 -0.64518 0.764031
190.800000000 32.596 23.2623 0 0 0 -0.639941 0.768424
190.900000000 32.609 23.1885 0 0 0 -0.641111 0.767448
191.000000000 32.6212 23.1145 0 0 0 -0.64338 0.765547
191.100000000 32.6329 23.0404 0 0 0 -0.645643 0.76364
191.200000000 32.6442 22.9662 0 0 0 -0.6479 0.761726
191.300000000 32.6551 22.892 0 0 0 -0.650151 0.759805
191.400000000 32.6655 22.8177 0 0 0 -0.652397 0.757877
191.500000000 32.6755 22.7434 0 0 0 -0.654637 0.755943
191.600000000 32.684 22.6689 0 0 0 -0.658866 0.75226
191.700000000 32.6916 22.5942 0 0 0 -0.663075 0.748553
191.800000000 32.6987 22.5196 0 0 0 -0.666788 0.745248
191.900000000 32.7051 22.4448 0 0 0 -0.670484 0.741924
192.000000000 32.7106 22.37 0 0 0 -0.674164 0.738582
192.100000000 32.7157 22.2952 0 0 0 -0.677347 0.735663
192.200000000 32.7202 22.2203 0 0 0 -0.680518 0.732732
192.300000000 32.724 22.1454 0 0 0 -0.683675 0.729786
192.400000000 32.7272 22.0704 0 0 0 -0.68682 0.726827
192.500000000 32.73 21.9955 0 0 0 -0.689467 0.724317
192.600000000 32.7322 21.9205 0 0 0 -0.692105 0.721797
192.700000000 32.7339 21.8455 0 0 0 -0.694733 0.719267
192.800000000 32.735 21.7705 0 0 0 -0.697353 0.716728
192.900000000 32.7356 21.6955 0 0 0 -0.699963 0.714179
193.000000000 32.7357 21.6205 0 0 0 -0.702563 0.711621
193.100000000 32.7355 21.5455 0 0 0 -0.704666 0.709539
193.200000000 32.7345 21.4705 0 0 0 -0.70725 0.706964
193.300000000 32.733 21.3955 0 0 0 -0.709824 0.704379
193.400000000 32.7313 21.3205 0 0 0 -0.711906 0.702275
193.500000000 32.7291 21.2455 0 0 0 -0.713981 0.700165
193.600000000 32.7267 21.1706 0 0 0 -0.715556 0.698556
193.700000000 32.724 21.0956 0 0 0 -0.717127 0.696943
193.800000000 32.7209 21.0207 0 0 0 -0.718694 0.695326
193.900000000 32.7176 20.9457 0 0 0 -0.720258 0.693706
194.000000000 32.7139 20.8708 0 0 0 -0.721819 0.692082
194.100000000 32.7098 20.7959 0 0 0 -0.723375 0.690455
194.200000000 32.7054 20.7211 0 0 0 -0.724928 0.688825
194.300000000 32.7007 20.6462 0 0 0 -0.726477 0.68719
194.400000000 32.6956 20.5714 0 0 0 -0.728023 0.685553
194.500000000 32.6902 20.4966 0 0 0 -0.729565 0.683912
194.600000000 32.6866 20.4216 0 0 0 -0.727537 0.686068
194.700000000 32.6833 20.3467 0 0 0 -0.725504 0.688218
194.800000000 32.6806 20.2717 0 0 0 -0.723464 0.690362
194.900000000 32.6782 20.1968 0 0 0 -0.721417 0.6925
195.000000000 32.6764 20.1218 0 0 0 -0.719365 0.694632
195.100000000 32.6749 20.0468 0 0 0 -0.717306 0.696758
195.200000000 32.6739 19.9718 0 0 0 -0.715241 0.698878
195.300000000 32.6734 19.8968 0 0 0 -0.713169 0.700992
195.400000000 32.6733 19.8218 0 0 0 -0.711091 0.703099
195.500000000 32.6697 19.7468 0 0 0 -0.715882 0.698222
195.600000000 32.6648 19.672 0 0 0 -0.721049 0.692884
195.700000000 32.6587 19.5972 0 0 0 -0.726576 0.687086
195.800000000 32.6513 19.5225 0 0 0 -0.732056 0.681244
195.900000000 32.6427 19.448 0 0 0 -0.73749 0.675359
196.000000000 32.6329 19.3735 0 0 0 -0.742875 0.66943
196.100000000 32.622 19.2993 0 0 0 -0.748214 0.663458
196.200000000 32.6098 19.2253 0 0 0 -0.753504 0.657443
196.300000000 32.5965 19.1514 0 0 0 -0.758746 0.651387
196.400000000 32.582 19.0778 0 0 0 -0.763939 0.645288
196.500000000 32.5663 19.0044 0 0 0 -0.769083 0.639149
196.600000000 32.5494 18.9313 0 0 0 -0.774178 0.632968
196.700000000 32.5313 18.8584 0 0 0 -0.779223 0.626746
196.800000000 32.5106 18.7971 0 0 0 -0.790217 0.612827
196.900000000 32.4881 18.744 0 0 0 -0.803174 0.595744
197.000000000 32.4635 18.6929 0 0 0 -0.815994 0.578061
197.100000000 32.4366 18.6428 0 0 0 -0.828424 0.560101
197.200000000 32.4076 18.594 0 0 0 -0.840459 0.541875
197.300000000 32.3765 18.5465 0 0 0 -0.852093 0.52339
197.400000000 32.3433 18.5004 0 0 0 -0.863321 0.504656
197.500000000 32.3082 18.4557 0 0 0 0.874137 -0.48568
197.600000000 32.2714 18.4135 0 0 0 0.884721 -0.466121
197.700000000 32.2328 18.3729 0 0 0 0.894868 -0.446331
197.800000000 32.1924 18.334 0 0 0 0.904572 -0.426321
197.900000000 32.1503 18.297 0 0 0 0.913829 -0.406099
198.000000000 32.1067 18.2619 0 0 0 0.922634 -0.385677
198.100000000 32.0615 18.2288 0 0 0 0.930982 -0.365064
198.200000000 32.0149 18.1977 0 0 0 0.938871 -0.34427
198.300000000 31.9669 18.1687 0 0 0 0.946294 -0.323306
198.400000000 31.9172 18.1413 0 0 0 0.95313 -0.302562
198.500000000 31.8668 18.1166 0 0 0 0.959622 -0.281291
198.600000000 31.8155 18.0943 0 0 0 0.96564 -0.259882
198.700000000 31.7632 18.0742 0 0 0 0.971181 -0.238343
198.800000000 31.71 18.0565 0 0 0 0.976241 -0.216687
198.900000000 31.6561 18.0411 0 0 0 0.980818 -0.194924
199.000000000 31.6002 18.0273 0 0 0 0.984772 -0.17385
199.100000000 31.5445 18.0163 0 0 0 0.988334 -0.152301
199.200000000 31.4884 18.0077 0 0 0 0.991425 -0.130679
199.300000000 31.4311 18.0012 0 0 0 0.993999 -0.109393
199.400000000 31.3737 17.9972 0 0 0 0.996116 -0.0880561
199.500000000 31.3169 17.996 0 0 0 0.997801 -0.0662799
199.600000000 31.2601 17.9972 0 0 0 0.999011 -0.0444721
199.700000000 31.2035 18.0009 0 0 0 0.999744 -0.0226431
199.800000000 31.147 18.0071 0 0 0 1 -0.000803264
199.900000000 31.0908 18.0157 0 0 0 0.999779 0.0210369
200.000000000 31.0343 18.0267 0 0 0 0.999098 0.0424677
200.100000000 30.9783 18.0401 0 0 0 0.997958 0.0638789
200.200000000 30.923 18.0558 0 0 0 0.996359 0.0852608
200.300000000 30.8683 18.074 0 0 0 0.994302 0.106603
200.400000000 30.8145 18.0944 0 0 0 0.991787 0.127897
200.500000000 30.7624 18.1171 0 0 0 0.988758 0.149527
200.600000000 30.6938 18.1439 0 0 0 0.986692 0.162601
200.700000000 30.6239 18.1712 0 0 0 0.985261 0.171059
200.800000000 30.5544 18.1995 0 0 0 0.983859 0.178945
200.900000000 30.4853 18.2289 0 0 0 0.982394 0.18682
201.000000000 30.4168 18.2594 0 0 0 0.980866 0.194683
201.100000000 30.3487 18.291 0 0 0 0.979275 0.202533
201.200000000 30.2812 18.3236 0 0 0 0.977622 0.210371
201.300000000 30.2141 18.3574 0 0 0 0.975905 0.218195
201.400000000 30.1477 18.3922 0 0 0 0.974126 0.226005
201.500000000 30.0818 18.4281 0 0 0 0.972285 0.2338
201.600000000 30.014 18.4602 0 0 0 0.973581 0.228344
201.700000000 29.9454 18.4907 0 0 0 0.975378 0.220538
201.800000000 29.8763 18.52 0 0 0 0.977114 0.212718
201.900000000 29.8068 18.5483 0 0 0 0.978786 0.204885
202.000000000 29.7368 18.5754 0 0 0 0.980396 0.197038
202.100000000 29.6664 18.6014 0 0 0 0.981943 0.189179
202.200000000 29.5956 18.6263 0 0 0 0.983426 0.181308
202.300000000 29.5245 18.6501 0 0 0 0.984847 0.173425
202.400000000 29.4529 18.6727 0 0 0 0.986205 0.165531
202.500000000 29.381 18.6941 0 0 0 0.987499 0.157626
202.600000000 29.3087 18.7144 0 0 0 0.98873 0.149711
202.700000000 29.2362 18.7335 0 0 0 0.989897 0.141787
202.800000000 29.1633 18.7515 0 0 0 0.991001 0.133853
202.900000000 29.097 18.763 0 0 0 0.993068 0.117543
203.000000000 29.0311 18.7718 0 0 0 0.99491 0.100767
203.100000000 28.9658 18.7781 0 0 0 0.996505 0.083532
203.200000000 28.9003 18.7822 0 0 0 0.997802 0.0662718
203.300000000 28.8347 18.7839 0 0 0 0.998799 0.0489918
203.400000000 28.769 18.7834 0 0 0 0.999498 0.0316971
203.500000000 28.7035 18.7807 0 0 0 0.999896 0.0143929
203.600000000 28.6327 18.7768 0 0 0 1 -0.000251222
203.700000000 28.5621 18.771 0 0 0 0.999889 -0.0148953
203.800000000 28.4916 18.763 0 0 0 0.999564 -0.0295362
203.900000000 28.4215 18.753 0 0 0 0.999024 -0.0441708
204.000000000 28.3517 18.7409 0 0 0 0.99827 -0.0587959
204.100000000 28.2822 18.7268 0 0 0 0.997302 -0.0734084
204.200000000 28.2132 18.7107 0 0 0 0.99612 -0.0880052
204.300000000 28.1447 18.6925 0 0 0 0.994724 -0.102583
204.400000000 28.0768 18.6724 0 0 0 0.993116 -0.117139
204.500000000 28.0094 18.6502 0 0 0 0.991294 -0.13167
204.600000000 27.9374 18.6293 0 0 0 0.990807 -0.135285
204.700000000 27.8652 18.6089 0 0 0 0.990702 -0.136051
204.800000000 27.7931 18.5883 0 0 0 0.990596 -0.136817
204.900000000 27.721 18.5677 0 0 0 0.99049 -0.137583
205.000000000 27.6489 18.547 0 0 0 0.990384 -0.138349
205.100000000 27.5769 18.5261 0 0 0 0.990276 -0.139115
205.200000000 27.5049 18.5052 0 0 0 0.990168 -0.139881
205.300000000 27.4329 18.4841 0 0 0 0.99006 -0.140646
205.400000000 27.3609 18.4629 0 0 0 0.989951 -0.141412
205.500000000 27.289 18.4416 0 0 0 0.989841 -0.142178
205.600000000 27.2162 18.4236 0 0 0 0.990948 -0.134244
205.700000000 27.143 18.4069 0 0 0 0.992063 -0.125739
205.800000000 27.0695 18.3916 0 0 0 0.993105 -0.117225
205.900000000 26.9958 18.3774 0 0 0 0.994074 -0.108702
206.000000000 26.9219 18.3646 0 0 0 0.99497 -0.10017
206.100000000 26.8477 18.353 0 0 0 0.995793 -0.0916319
206.200000000 26.7734 18.3427 0 0 0 0.996542 -0.0830867
206.300000000 26.6989 18.3337 0 0 0 0.997218 -0.0745353
206.400000000 26.6243 18.3259 0 0 0 0.997821 -0.0659784
206.500000000 26.5495 18.3194 0 0 0 0.99835 -0.0574167
206.600000000 26.4747 18.3133 0 0 0 0.998689 -0.0511965
206.700000000 26.3999 18.3081 0 0 0 0.998988 -0.0449742
206.800000000 26.325 18.3039 0 0 0 0.999249 -0.0387502
206.900000000 26.25 18.3006 0 0 0 0.999471 -0.0325247
207.000000000 26.175 18.2982 0 0 0 0.999654 -0.026298
207.100000000 26.1 18.2967 0 0 0 0.999799 -0.0200702
207.200000000 26.025 18.2962 0 0 0 0.999904 -0.0138416
207.300000000 25.95 18.2966 0 0 0 0.999971 -0.00761252
207.400000000 25.8749 18.298 0 0 0 0.999999 -0.00138312
207.500000000 25.8 18.3002 0 0 0 0.999988 0.00484633
207.600000000 25.725 18.3024 0 0 0 0.999964 0.00849423
207.700000000 25.65 18.3049 0 0 0 0.999934 0.0114536
207.800000000 25.5751 18.3078 0 0 0 0.999896 0.0144129
207.900000000 25.5001 18.3111 0 0 0 0.999849 0.0173721
208.000000000 25.4252 18.3149 0 0 0 0.999793 0.0203311
208.100000000 25.3503 18.3191 0 0 0 0.999729 0.0232899
208.200000000 25.2755 18.3238 0 0 0 0.999655 0.0262485
208.300000000 25.2006 18.3289 0 0 0 0.999573 0.0292069
208.400000000 25.1258 18.3345 0 0 0 0.999483 0.0321651
208.500000000 25.0511 18.3405 0 0 0 0.999383 0.0351229
208.600000000 24.9764 18.347 0 0 0 0.999275 0.0380805
208.700000000 24.9017 18.3538 0 0 0 0.999158 0.0410377
208.800000000 24.827 18.3612 0 0 0 0.999032 0.0439945
208.900000000 24.7524 18.3689 0 0 0 0.998897 0.046951
209.000000000 24.6777 18.376 0 0 0 0.998897 0.046951
209.100000000 24.603 18.3827 0 0 0 0.998933 0.0461785
209.200000000 24.5283 18.3893 0 0 0 0.998969 0.045406
209.300000000 24.4536 18.3958 0 0 0 0.999003 0.0446335
209.400000000 24.3789 18.4022 0 0 0 0.999038 0.043861
209.500000000 24.3041 18.4082 0 0 0 0.999103 0.0423389
209.600000000 24.2293 18.4139 0 0 0 0.999167 0.0408168
209.700000000 24.1545 18.4194 0 0 0 0.999228 0.0392946
209.800000000 24.0797 18.4247 0 0 0 0.999286 0.0377723
209.900000000 24.0049 18.4297 0 0 0 0.999343 0.0362499
210.000000000 23.9301 18.4346 0 0 0 0.999397 0.0347274
210.100000000 23.8552 18.4392 0 0 0 0.999449 0.0332049
210.200000000 23.7803 18.4435 0 0 0 0.999498 0.0316822
210.300000000 23.7054 18.4477 0 0 0 0.999545 0.0301595
210.400000000 23.6305 18.4516 0 0 0 0.99959 0.0286367
210.500000000 23.5556 18.4553 0 0 0 0.999632 0.0271139
210.600000000 23.4807 18.4582 0 0 0 0.999708 0.0241553
210.700000000 23.4057 18.4603 0 0 0 0.99979 0.0205083
210.800000000 23.3307 18.4619 0 0 0 0.999858 0.0168609
210.900000000 23.2557 18.463 0 0 0 0.999913 0.0132134
211.000000000 23.1807 18.4635 0 0 0 0.999954 0.00956561
211.100000000 23.1057 18.4635 0 0 0 0.999982 0.00591774
211.200000000 23.0307 18.4629 0 0 0 0.999997 0.00226979
211.300000000 22.9557 18.4618 0 0 0 0.999999 -0.00137819
211.400000000 22.8807 18.4602 0 0 0 0.999987 -0.00502616
211.500000000 22.8057 18.4591 0 0 0 0.999983 -0.00579946
211.600000000 22.7307 18.4579 0 0 0 0.999978 -0.00657276
211.700000000 22.6557 18.4566 0 0 0 0.999973 -0.00734606
211.800000000 22.5807 18.4552 0 0 0 0.999967 -0.00811935
211.900000000 22.5057 18.4537 0 0 0 0.99996 -0.00889263
212.000000000 22.4308 18.452 0 0 0 0.999953 -0.00966592
212.100000000 22.3558 18.4503 0 0 0 0.999946 -0.0104392
212.200000000 22.2808 18.4484 0 0 0 0.999937 -0.0112125
212.300000000 22.2058 18.4464 0 0 0 0.999928 -0.0119857
212.400000000 22.1309 18.4443 0 0 0 0.999919 -0.012759
212.500000000 22.0559 18.4421 0 0 0 0.999908 -0.0135313
212.600000000 21.9809 18.4404 0 0 0 0.999919 -0.012758
212.700000000 21.9059 18.4388 0 0 0 0.999928 -0.0119848
212.800000000 21.8309 18.4373 0 0 0 0.999937 -0.0112115
212.900000000 21.756 18.4359 0 0 0 0.999946 -0.0104382
213.000000000 21.681 18.4346 0 0 0 0.999953 -0.00966497
213.100000000 21.606 18.4335 0 0 0 0.99996 -0.00889169
213.200000000 21.531 18.4325 0 0 0 0.999967 -0.0081184
213.300000000 21.456 18.4316 0 0 0 0.999973 -0.00734511
213.400000000 21.381 18.4308 0 0 0 0.999978 -0.00657182
213.500000000 21.306 18.4298 0 0 0 0.999978 -0.00657182
213.600000000 21.231 18.4288 0 0 0 0.999978 -0.00657182
213.700000000 21.156 18.4278 0 0 0 0.999978 -0.00657182
213.800000000 21.081 18.4268 0 0 0 0.999978 -0.00657182
213.900000000 21.006 18.4258 0 0 0 0.999978 -0.00657182
214.000000000 20.931 18.4249 0 0 0 0.999978 -0.00657182
214.100000000 20.856 18.4239 0 0 0 0.999978 -0.00657182
214.200000000 20.781 18.4229 0 0 0 0.999978 -0.00657182
214.300000000 20.706 18.4219 0 0 0 0.999978 -0.00657182
214.400000000 20.6311 18.4209 0 0 0 0.999978 -0.00657182
214.500000000 20.5561 18.4199 0 0 0 0.999978 -0.00657182
214.600000000 20.4811 18.4189 0 0 0 0.999978 -0.00657182
214.700000000 20.4061 18.418 0 0 0 0.999978 -0.00657182
214.800000000 20.3311 18.417 0 0 0 0.999978 -0.00657182
214.900000000 20.2561 18.416 0 0 0 0.999978 -0.00657182
215.000000000 20.1811 18.415 0 0 0 0.999978 -0.00657182
215.100000000 20.1061 18.414 0 0 0 0.999978 -0.00657182
215.200000000 20.0311 18.413 0 0 0 0.999978 -0.00657182
215.300000000 19.9561 18.412 0 0 0 0.999978 -0.00657182
215.400000000 19.8811 18.4107 0 0 0 0.999973 -0.00734511
215.500000000 19.8061 18.4093 0 0 0 0.999967 -0.0081184
215.600000000 19.7312 18.4078 0 0 0 0.99996 -0.00889169
215.700000000 19.6562 18.4062 0 0 0 0.999953 -0.00966497
215.800000000 19.5812 18.4044 0 0 0 0.999946 -0.0104382
215.900000000 19.5062 18.4025 0 0 0 0.999937 -0.0112115
216.000000000 19.4312 18.4009 0 0 0 0.999937 -0.0112115
216.100000000 19.3563 18.3992 0 0 0 0.999937 -0.0112115
216.200000000 19.2813 18.3972 0 0 0 0.999928 -0.0119848
216.300000000 19.2063 18.3954 0 0 0 0.999928 -0.0119848
216.400000000 19.1313 18.3936 0 0 0 0.999928 -0.0119848
216.500000000 19.0563 18.3918 0 0 0 0.999928 -0.0119848
216.600000000 18.9814 18.39 0 0 0 0.999928 -0.0119848
216.700000000 18.9064 18.3882 0 0 0 0.999928 -0.0119848
216.800000000 18.8314 18.3864 0 0 0 0.999928 -0.0119848
216.900000000 18.7564 18.3846 0 0 0 0.999928 -0.0119848
217.000000000 18.6814 18.3828 0 0 0 0.999928 -0.0119848
217.100000000 18.6065 18.381 0 0 0 0.999928 -0.0119848
217.200000000 18.5315 18.3792 0 0 0 0.999928 -0.0119848
217.300000000 18.4565 18.3774 0 0 0 0.999928 -0.0119848
217.400000000 18.3815 18.3756 0 0 0 0.999928 -0.0119848
217.500000000 18.3066 18.3738 0 0 0 0.999928 -0.0119848
217.600000000 18.2316 18.372 0 0 0 0.999928 -0.0119848
217.700000000 18.1566 18.3702 0 0 0 0.999928 -0.0119848
217.800000000 18.0816 18.3684 0 0 0 0.999928 -0.0119848
217.900000000 18.0066 18.3666 0 0 0 0.999928 -0.0119848
218.000000000 17.9317 18.3648 0 0 0 0.999928 -0.0119848
218.100000000 17.8567 18.3633 0 0 0 0.999937 -0.0112115
218.200000000 17.7817 18.362 0 0 0 0.999946 -0.0104382
218.300000000 17.7067 18.3607 0 0 0 0.999953 -0.00966497
218.400000000 17.6317 18.3596 0 0 0 0.99996 -0.00889169
218.500000000 17.5567 18.3585 0 0 0 0.999967 -0.0081184
218.600000000 17.4817 18.3576 0 0 0 0.999973 -0.00734511
218.700000000 17.4067 18.3568 0 0 0 0.999978 -0.00657182
218.800000000 17.3317 18.3562 0 0 0 0.999983 -0.00579852
218.900000000 17.2567 18.3568 0 0 0 0.999998 -0.00215057
219.000000000 17.1817 18.3579 0 0 0 0.999999 0.00149742
219.100000000 17.1067 18.3596 0 0 0 0.999987 0.00514538
219.200000000 17.0318 18.3618 0 0 0 0.999961 0.00879327
219.300000000 16.9568 18.3646 0 0 0 0.999923 0.012441
219.400000000 16.8819 18.3679 0 0 0 0.999871 0.0160887
219.500000000 16.807 18.3718 0 0 0 0.999805 0.019736
219.600000000 16.7366 18.3804 0 0 0 0.999409 0.0343752
219.700000000 16.6711 18.3917 0 0 0 0.998687 0.0512366
219.800000000 16.606 18.4052 0 0 0 0.99768 0.0680833
219.900000000 16.5414 18.4208 0 0 0 0.996389 0.0849106
220.000000000 16.4774 18.4387 0 0 0 0.994814 0.101714
220.100000000 16.414 18.4587 0 0 0 0.992955 0.118488
220.200000000 16.3513 18.4808 0 0 0 0.990814 0.135228
220.300000000 16.2894 18.505 0 0 0 0.988391 0.15193
220.400000000 16.2283 18.5313 0 0 0 0.985686 0.168589
220.500000000 16.1682 18.5597 0 0 0 0.982701 0.1852
220.600000000 16.1091 18.59 0 0 0 0.979435 0.201758
220.700000000 16.051 18.6224 0 0 0 0.975891 0.218258
220.800000000 15.994 18.6566 0 0 0 0.972069 0.234696
220.900000000 15.9348 18.6938 0 0 0 0.968414 0.249349
221.000000000 15.8766 18.7328 0 0 0 0.964538 0.263945
221.100000000 15.8197 18.7735 0 0 0 0.960442 0.27848
221.200000000 15.7641 18.8159 0 0 0 0.956127 0.292952
221.300000000 15.7097 18.8599 0 0 0 0.951594 0.307358
221.400000000 15.6567 18.9056 0 0 0 0.946844 0.321693
221.500000000 15.599 18.9536 0 0 0 0.944428 0.328719
221.600000000 15.542 19.0023 0 0 0 0.942159 0.335168
221.700000000 15.4856 19.0518 0 0 0 0.939845 0.341601
221.800000000 15.4298 19.102 0 0 0 0.937488 0.348018
221.900000000 15.3748 19.153 0 0 0 0.935087 0.354419
222.000000000 15.3205 19.2048 0 0 0 0.932642 0.360803
222.100000000 15.2668 19.2573 0 0 0 0.930154 0.36717
222.200000000 15.2139 19.3105 0 0 0 0.927622 0.373521
222.300000000 15.1618 19.3644 0 0 0 0.925047 0.379854
222.400000000 15.1104 19.419 0 0 0 0.922428 0.386169
222.500000000 15.0597 19.4744 0 0 0 0.919767 0.392466
222.600000000 15.008 19.5287 0 0 0 0.919463 0.393177
222.700000000 14.9562 19.583 0 0 0 0.919463 0.393177
222.800000000 14.9044 19.6372 0 0 0 0.919463 0.393177
222.900000000 14.8526 19.6914 0 0 0 0.919463 0.393177
223.000000000 14.8008 19.7457 0 0 0 0.919463 0.393177
223.100000000 14.749 19.7999 0 0 0 0.919463 0.393177
223.200000000 14.6972 19.8541 0 0 0 0.919463 0.393177
223.300000000 14.6453 19.9083 0 0 0 0.919463 0.393177
223.400000000 14.5935 19.9626 0 0 0 0.919463 0.393177
223.500000000 14.5417 20.0168 0 0 0 0.919463 0.393177
223.600000000 14.4921 20.0731 0 0 0 0.916516 0.399997
223.700000000 14.4434 20.1302 0 0 0 0.913283 0.407326
223.800000000 14.3957 20.1881 0 0 0 0.909991 0.414628
223.900000000 14.3489 20.2468 0 0 0 0.906641 0.421904
224.000000000 14.3031 20.3062 0 0 0 0.903232 0.429152
224.100000000 14.2582 20.3664 0 0 0 0.899766 0.436373
224.200000000 14.2143 20.4272 0 0 0 0.896242 0.443566
224.300000000 14.1714 20.4888 0 0 0 0.89266 0.450731
224.400000000 14.1295 20.551 0 0 0 0.889021 0.457867
224.500000000 14.0904 20.6146 0 0 0 0.88311 0.469167
224.600000000 14.0537 20.6784 0 0 0 0.876823 0.480814
224.700000000 14.0186 20.7432 0 0 0 0.870382 0.492377
224.800000000 13.9853 20.8089 0 0 0 0.863789 0.503854
224.900000000 13.9538 20.8754 0 0 0 0.857045 0.515242
225.000000000 13.924 20.9428 0 0 0 0.85015 0.526541
225.100000000 13.896 21.0109 0 0 0 0.843107 0.537747
225.200000000 13.8698 21.0798 0 0 0 0.835915 0.548858
225.300000000 13.8455 21.1493 0 0 0 0.828578 0.559874
225.400000000 13.823 21.2194 0 0 0 0.821095 0.570792
225.500000000 13.8024 21.2901 0 0 0 0.813468 0.581609
225.600000000 13.7846 21.3596 0 0 0 0.805139 0.593087
225.700000000 13.7688 21.4297 0 0 0 0.796647 0.604445
225.800000000 13.755 21.5001 0 0 0 0.787995 0.615681
225.900000000 13.7432 21.5709 0 0 0 0.779185 0.626794
226.000000000 13.7334 21.642 0 0 0 0.770218 0.637781
226.100000000 13.7256 21.7134 0 0 0 0.761096 0.648639
226.200000000 13.7195 21.7858 0 0 0 0.752131 0.659014
226.300000000 13.7151 21.8593 0 0 0 0.743342 0.668911
226.400000000 13.7127 21.9329 0 0 0 0.734424 0.678691
226.500000000 13.7122 22.0066 0 0 0 0.725377 0.688352
226.600000000 13.7136 22.0802 0 0 0 0.716203 0.697892
226.700000000 13.717 22.1538 0 0 0 0.706903 0.707311
226.800000000 13.7223 22.2273 0 0 0 0.697479 0.716605
226.900000000 13.7269 22.3021 0 0 0 0.693002 0.720936
227.000000000 13.7318 22.377 0 0 0 0.689409 0.724372
227.100000000 13.7375 22.4518 0 0 0 0.6858 0.72779
227.200000000 13.7439 22.5265 0 0 0 0.682173 0.73119
227.300000000 13.7511 22.6012 0 0 0 0.67853 0.734573
227.400000000 13.759 22.6758 0 0 0 0.67487 0.737937
227.500000000 13.7657 22.7505 0 0 0 0.67487 0.737937
227.600000000 13.7721 22.8252 0 0 0 0.67544 0.737415
227.700000000 13.7784 22.9 0 0 0 0.67601 0.736892
227.800000000 13.7845 22.9747 0 0 0 0.67658 0.736369
227.900000000 13.7905 23.0495 0 0 0 0.677149 0.735846
228.000000000 13.7964 23.1242 0 0 0 0.677718 0.735322
228.100000000 13.8022 23.199 0 0 0 0.678287 0.734797
228.200000000 13.8079 23.2738 0 0 0 0.678855 0.734273
228.300000000 13.8135 23.3486 0 0 0 0.679422 0.733748
228.400000000 13.8189 23.4234 0 0 0 0.679989 0.733222
228.500000000 13.824 23.4982 0 0 0 0.681106 0.732185
228.600000000 13.8288 23.5731 0 0 0 0.68222 0.731147
228.700000000 13.8334 23.6479 0 0 0 0.683333 0.730106
228.800000000 13.8377 23.7228 0 0 0 0.684445 0.729065
228.900000000 13.8418 23.7977 0 0 0 0.685555 0.728021
229.000000000 13.8457 23.8726 0 0 0 0.686663 0.726976
229.100000000 13.8494 23.9475 0 0 0 0.68777 0.725929
229.200000000 13.8528 24.0224 0 0 0 0.688875 0.72488
229.300000000 13.856 24.0974 0 0 0 0.689978 0.72383
229.400000000 13.859 24.1723 0 0 0 0.69108 0.722778
229.500000000 13.8618 24.2473 0 0 0 0.692181 0.721724
229.600000000 13.8649 24.3222 0 0 0 0.692181 0.721724
229.700000000 13.868 24.3971 0 0 0 0.692181 0.721724
229.800000000 13.8712 24.4721 0 0 0 0.692181 0.721724
229.900000000 13.8743 24.547 0 0 0 0.692181 0.721724
230.000000000 13.8774 24.6219 0 0 0 0.692181 0.721724
230.100000000 13.8806 24.6969 0 0 0 0.692181 0.721724
230.200000000 13.8837 24.7718 0 0 0 0.692181 0.721724
230.300000000 13.8868 24.8467 0 0 0 0.692181 0.721724
230.400000000 13.89 24.9217 0 0 0 0.692181 0.721724
230.500000000 13.8931 24.9966 0 0 0 0.692181 0.721724
230.600000000 13.8953 25.0716 0 0 0 0.693804 0.720164
230.700000000 13.8972 25.1466 0 0 0 0.695424 0.7186
230.800000000 13.8988 25.2216 0 0 0 0.69704 0.717032
230.900000000 13.9 25.2965 0 0 0 0.698653 0.715461
231.000000000 13.9009 25.3715 0 0 0 0.700262 0.713886
231.100000000 13.9014 25.4465 0 0 0 0.701868 0.712307
231.200000000 13.9016 25.5215 0 0 0 0.70347 0.710725
231.300000000 13.9015 25.5966 0 0 0 0.705069 0.709139
231.400000000 13.901 25.6716 0 0 0 0.706664 0.70755
231.500000000 13.9002 25.7466 0 0 0 0.708255 0.705956
231.600000000 13.8997 25.8216 0 0 0 0.708801 0.705409
231.700000000 13.899 25.8965 0 0 0 0.709346 0.70486
231.800000000 13.8982 25.9715 0 0 0 0.709891 0.704311
231.900000000 13.8973 26.0465 0 0 0 0.710436 0.703762
232.000000000 13.8963 26.1215 0 0 0 0.71098 0.703213
232.100000000 13.8952 26.1965 0 0 0 0.711523 0.702663
232.200000000 13.8939 26.2715 0 0 0 0.712066 0.702112
232.300000000 13.8926 26.3465 0 0 0 0.712609 0.701561
232.400000000 13.8911 26.4215 0 0 0 0.713151 0.70101
232.500000000 13.8895 26.4965 0 0 0 0.713693 0.700458
232.600000000 13.8878 26.5715 0 0 0 0.714235 0.699906
232.700000000 13.8859 26.6464 0 0 0 0.714776 0.699354
232.800000000 13.884 26.7214 0 0 0 0.715316 0.698801
232.900000000 13.8822 26.7964 0 0 0 0.715316 0.698801
233.000000000 13.8805 26.8714 0 0 0 0.715316 0.698801
233.100000000 13.8787 26.9463 0 0 0 0.715316 0.698801
233.200000000 13.877 27.0213 0 0 0 0.715316 0.698801
233.300000000 13.8752 27.0963 0 0 0 0.715316 0.698801
233.400000000 13.8735 27.1713 0 0 0 0.715316 0.698801
233.500000000 13.8717 27.2463 0 0 0 0.715316 0.698801
233.600000000 13.8703 27.3213 0 0 0 0.714776 0.699354
233.700000000 13.869 27.3962 0 0 0 0.714235 0.699906
233.800000000 13.8677 27.4712 0 0 0 0.713693 0.700458
233.900000000 13.8667 27.5462 0 0 0 0.713151 0.70101
234.000000000 13.8657 27.6212 0 0 0 0.712609 0.701561
234.100000000 13.8648 27.6962 0 0 0 0.712066 0.702112
234.200000000 13.8641 27.7712 0 0 0 0.711523 0.702663
234.300000000 13.8634 27.8462 0 0 0 0.71098 0.703213
234.400000000 13.8629 27.9212 0 0 0 0.710436 0.703762
234.500000000 13.8625 27.9962 0 0 0 0.709891 0.704311
234.600000000 13.8619 28.0712 0 0 0 0.709891 0.704311
234.700000000 13.8613 28.1462 0 0 0 0.709891 0.704311
234.800000000 13.8607 28.2212 0 0 0 0.709891 0.704311
234.900000000 13.8602 28.2962 0 0 0 0.709891 0.704311
235.000000000 13.8596 28.3712 0 0 0 0.709891 0.704311
235.100000000 13.859 28.4462 0 0 0 0.709891 0.704311
235.200000000 13.8584 28.5212 0 0 0 0.709891 0.704311
235.300000000 13.8578 28.5962 0 0 0 0.709891 0.704311
235.400000000 13.8572 28.6712 0 0 0 0.709891 0.704311
235.500000000 13.8566 28.7462 0 0 0 0.709891 0.704311
235.600000000 13.856 28.8212 0 0 0 0.709891 0.704311
235.700000000 13.8554 28.8962 0 0 0 0.709891 0.704311
235.800000000 13.8548 28.9712 0 0 0 0.709891 0.704311
235.900000000 13.8591 29.0462 0 0 0 0.701202 0.712963
236.000000000 13.8685 29.1037 0 0 0 0.686047 0.727558
236.100000000 13.8819 29.1496 0 0 0 0.666473 0.745529
236.200000000 13.8975 29.1955 0 0 0 0.64673 0.762719
236.300000000 13.9156 29.2405 0 0 0 0.626544 0.779386
236.400000000 13.936 29.2854 0 0 0 0.606241 0.795281
236.500000000 13.9587 29.3291 0 0 0 0.585534 0.810648
236.600000000 13.9837 29.3716 0 0 0 0.564439 0.825475
236.700000000 14.0109 29.4135 0 0 0 0.543298 0.83954
236.800000000 14.04 29.4532 0 0 0 0.521472 0.853268
236.900000000 14.0665 29.4751 0 0 0 0.492165 0.870502
237.000000000 14.0907 29.4849 0 0 0 0.457618 0.889149
237.100000000 14.1156 29.4927 0 0 0 0.422367 0.906425
237.200000000 14.141 29.4986 0 0 0 0.386465 0.922304
237.300000000 14.1662 29.5016 0 0 0 0.349475 0.936946
237.400000000 14.1909 29.5016 0 0 0 0.311423 0.950271
237.500000000 14.2163 29.5005 0 0 0 0.27338 0.961906
237.600000000 14.2415 29.4974 0 0 0 0.234905 0.972018
237.700000000 14.2655 29.4917 0 0 0 0.195532 0.980697
237.800000000 14.2899 29.4846 0 0 0 0.156371 0.987698
237.900000000 14.3126 29.475 0 0 0 0.116431 0.993199
238.000000000 14.3177 29.456 0 0 0 0.0674176 0.997725
238.100000000 14.321 29.4366 0 0 0 0.018241 0.999834
238.200000000 14.3223 29.417 0 0 0 -0.0309797 0.99952
238.300000000 14.3216 29.3973 0 0 0 -0.0801253 0.996785
238.400000000 14.3191 29.3778 0 0 0 -0.129077 0.991635
238.500000000 14.3146 29.3587 0 0 0 -0.177716 0.984082
238.600000000 14.3082 29.3401 0 0 0 -0.225924 0.974145
238.700000000 14.3001 29.3222 0 0 0 -0.273585 0.961848
238.800000000 14.2903 29.3051 0 0 0 -0.320583 0.94722
238.900000000 14.2788 29.2892 0 0 0 -0.366804 0.930298
239.000000000 14.2658 29.2744 0 0 0 -0.412137 0.911122
239.100000000 14.2514 29.261 0 0 0 -0.456471 0.889738
239.200000000 14.2358 29.2491 0 0 0 -0.499699 0.866199
239.300000000 14.219 29.2387 0 0 0 -0.541717 0.840561
239.400000000 14.2014 29.2301 0 0 0 -0.582422 0.812887
239.500000000 14.1829 29.2232 0 0 0 -0.621716 0.783243
239.600000000 14.1741 29.1955 0 0 0 -0.650452 0.759548
239.700000000 14.1639 29.1667 0 0 0 -0.67758 0.735449
239.800000000 14.1519 29.1378 0 0 0 -0.703482 0.710713
239.900000000 14.1379 29.1098 0 0 0 -0.728482 0.685065
240.000000000 14.1219 29.0829 0 0 0 -0.752548 0.658538
240.100000000 14.104 29.0572 0 0 0 -0.775648 0.631166
240.200000000 14.0843 29.0328 0 0 0 -0.797753 0.602985
240.300000000 14.063 29.0099 0 0 0 -0.818834 0.57403
240.400000000 14.04 28.9886 0 0 0 -0.838866 0.544338
240.500000000 14.0156 28.969 0 0 0 -0.857821 0.513949
240.600000000 13.9847 28.9345 0 0 0 0.871561 -0.490287
240.700000000 13.9464 28.8864 0 0 0 0.880914 -0.473277
240.800000000 13.9036 28.8333 0 0 0 0.888373 -0.459123
240.900000000 13.8587 28.7808 0 0 0 0.895406 -0.44525
241.000000000 13.8123 28.7297 0 0 0 0.902223 -0.431271
241.100000000 13.7642 28.6801 0 0 0 0.908821 -0.417187
241.200000000 13.7146 28.632 0 0 0 0.915199 -0.403002
241.300000000 13.6636 28.5854 0 0 0 0.921356 -0.388719
241.400000000 13.6111 28.5405 0 0 0 0.927291 -0.374342
241.500000000 13.5558 28.4898 0 0 0 0.92914 -0.369728
241.600000000 13.5011 28.4385 0 0 0 0.929426 -0.369009
241.700000000 13.4465 28.3871 0 0 0 0.929426 -0.369009
241.800000000 13.3919 28.3356 0 0 0 0.929426 -0.369009
241.900000000 13.3374 28.2842 0 0 0 0.929426 -0.369009
242.000000000 13.2828 28.2327 0 0 0 0.929426 -0.369009
242.100000000 13.2282 28.1813 0 0 0 0.929426 -0.369009
242.200000000 13.1736 28.1299 0 0 0 0.929426 -0.369009
242.300000000 13.1191 28.0784 0 0 0 0.929426 -0.369009
242.400000000 13.0645 28.027 0 0 0 0.929426 -0.369009
242.500000000 13.0099 27.9755 0 0 0 0.929426 -0.369009
242.600000000 12.9558 27.9236 0 0 0 0.928862 -0.370425
242.700000000 12.902 27.8714 0 0 0 0.928026 -0.372516
242.800000000 12.8484 27.8189 0 0 0 0.927185 -0.374604
242.900000000 12.7951 27.7661 0 0 0 0.926339 -0.376691
243.000000000 12.742 27.7131 0 0 0 0.925488 -0.378776
243.100000000 12.6891 27.6599 0 0 0 0.924633 -0.380859
243.200000000 12.6365 27.6065 0 0 0 0.923773 -0.38294
243.300000000 12.5842 27.5528 0 0 0 0.922909 -0.385019
243.400000000 12.532 27.4988 0 0 0 0.922039 -0.387096
243.500000000 12.4802 27.4447 0 0 0 0.921165 -0.389172
243.600000000 12.4285 27.3903 0 0 0 0.920287 -0.391245
243.700000000 12.3771 27.3356 0 0 0 0.919403 -0.393316
243.800000000 12.326 27.2808 0 0 0 0.918515 -0.395385
243.900000000 12.2721 27.2285 0 0 0 0.921653 -0.388016
244.000000000 12.2171 27.1774 0 0 0 0.925159 -0.379581
244.100000000 12.1612 27.1274 0 0 0 0.928587 -0.371114
244.200000000 12.1044 27.0784 0 0 0 0.931938 -0.362616
244.300000000 12.0466 27.0304 0 0 0 0.935212 -0.354089
244.400000000 11.9881 26.9835 0 0 0 0.938407 -0.345531
244.500000000 11.9286 26.9376 0 0 0 0.941524 -0.336945
244.600000000 11.8709 26.8981 0 0 0 0.946505 -0.322688
244.700000000 11.8126 26.861 0 0 0 0.951409 -0.307929
244.800000000 11.7532 26.8257 0 0 0 0.956083 -0.293095
244.900000000 11.6928 26.7923 0 0 0 0.960526 -0.278189
245.000000000 11.6313 26.7608 0 0 0 0.964737 -0.263217
245.100000000 11.5689 26.7312 0 0 0 0.968714 -0.248181
245.200000000 11.5056 26.7036 0 0 0 0.972456 -0.233085
245.300000000 11.4414 26.678 0 0 0 0.975964 -0.217932
245.400000000 11.3765 26.6543 0 0 0 0.979235 -0.202727
245.500000000 11.3078 26.6306 0 0 0 0.981923 -0.189281
245.600000000 11.2393 26.609 0 0 0 0.984396 -0.175969
245.700000000 11.1719 26.5897 0 0 0 0.986637 -0.162935
245.800000000 11.1056 26.5727 0 0 0 0.988658 -0.150184
245.900000000 11.0421 26.5581 0 0 0 0.990428 -0.138031
246.000000000 10.9784 26.5446 0 0 0 0.991902 -0.127002
246.100000000 10.9161 26.5328 0 0 0 0.993221 -0.116241
246.200000000 10.8568 26.5232 0 0 0 0.994419 -0.105507
246.300000000 10.799 26.5145 0 0 0 0.995325 -0.0965798
246.400000000 10.7428 26.507 0 0 0 0.996129 -0.0879005
246.500000000 10.6848 26.4997 0 0 0 0.99676 -0.0804384
246.600000000 10.6285 26.4935 0 0 0 0.997318 -0.0731851
246.700000000 10.572 26.4881 0 0 0 0.997824 -0.065928
246.800000000 10.5171 26.4837 0 0 0 0.998265 -0.058881
246.900000000 10.4605 26.4799 0 0 0 0.998667 -0.0516173
247.000000000 10.4055 26.4771 0 0 0 0.999006 -0.0445647
247.100000000 10.3589 26.4747 0 0 0 0.999195 -0.0401176
247.200000000 10.3139 26.4728 0 0 0 0.999358 -0.0358286
247.300000000 10.2706 26.4713 0 0 0 0.999497 -0.0316979
247.400000000 10.2289 26.4703 0 0 0 0.999616 -0.0277255
247.500000000 10.1539 26.4684 0 0 0 0.999755 -0.0221192
247.600000000 10.0789 26.4673 0 0 0 0.999864 -0.0165122
247.700000000 10.0039 26.4671 0 0 0 0.999941 -0.0109048
247.800000000 9.92887 26.4674 0 0 0 0.999982 -0.00593371
247.900000000 9.85386 26.4685 0 0 0 1 -0.000962521
248.000000000 9.77886 26.4701 0 0 0 0.999994 0.00335567
248.100000000 9.70388 26.4721 0 0 0 0.999975 0.00700361
248.200000000 9.62891 26.4746 0 0 0 0.999943 0.0106514
248.300000000 9.55397 26.4776 0 0 0 0.999898 0.0142991
248.400000000 9.47903 26.481 0 0 0 0.999851 0.0172583
248.500000000 9.40413 26.485 0 0 0 0.999781 0.0209056
248.600000000 9.32925 26.4893 0 0 0 0.999715 0.0238644
248.700000000 9.25438 26.4938 0 0 0 0.999659 0.0261155
248.800000000 9.17953 26.4986 0 0 0 0.999598 0.0283664
248.900000000 9.10471 26.5038 0 0 0 0.999531 0.0306171
249.000000000 9.02991 26.5093 0 0 0 0.99946 0.0328678
249.100000000 8.95511 26.5148 0 0 0 0.999408 0.0343903
249.200000000 8.88033 26.5206 0 0 0 0.999355 0.0359128
249.300000000 8.80557 26.5265 0 0 0 0.999299 0.0374352
249.400000000 8.73082 26.5328 0 0 0 0.999241 0.0389576
249.500000000 8.65608 26.5389 0 0 0 0.99921 0.0397303
249.600000000 8.58134 26.5452 0 0 0 0.999179 0.040503
249.700000000 8.50661 26.5516 0 0 0 0.999148 0.0412756
249.800000000 8.43189 26.558 0 0 0 0.999116 0.0420483
249.900000000 8.35713 26.564 0 0 0 0.999148 0.0412756
250.000000000 8.28236 26.5699 0 0 0 0.999179 0.040503
250.100000000 8.20758 26.5757 0 0 0 0.99921 0.0397303
250.200000000 8.13279 26.5813 0 0 0 0.999241 0.0389576
250.300000000 8.058 26.5869 0 0 0 0.999271 0.0381848
250.400000000 7.98319 26.5923 0 0 0 0.9993 0.0374121
250.500000000 7.90838 26.5976 0 0 0 0.999327 0.0366795
250.600000000 7.83356 26.6028 0 0 0 0.999353 0.0359599
250.700000000 7.75874 26.6079 0 0 0 0.999378 0.0352666
250.800000000 7.6839 26.6129 0 0 0 0.999402 0.0345862
250.900000000 7.60906 26.6178 0 0 0 0.999428 0.0338134
251.000000000 7.53421 26.6226 0 0 0 0.999454 0.0330405
251.100000000 7.45936 26.6272 0 0 0 0.999479 0.0322676
251.200000000 7.38449 26.6317 0 0 0 0.999504 0.0314947
251.300000000 7.30962 26.6362 0 0 0 0.999528 0.0307217
251.400000000 7.23475 26.6405 0 0 0 0.999551 0.0299628
251.500000000 7.15986 26.6446 0 0 0 0.999573 0.0292169
251.600000000 7.11158 26.6469 0 0 0 0.999616 0.0276971
251.700000000 7.06495 26.6489 0 0 0 0.999656 0.0262296
251.800000000 7.01998 26.6507 0 0 0 0.999692 0.0248145
251.900000000 6.97668 26.6523 0 0 0 0.999725 0.0234518
252.000000000 6.93503 26.6537 0 0 0 0.999755 0.0221414
252.100000000 6.89505 26.655 0 0 0 0.999782 0.0208834
252.200000000 6.85673 26.6561 0 0 0 0.999806 0.0196778
252.300000000 6.81841 26.6571 0 0 0 0.999829 0.0184721
252.400000000 6.78175 26.658 0 0 0 0.99985 0.0173189
252.500000000 6.74676 26.6588 0 0 0 0.999868 0.016218
252.600000000 6.67181 26.6615 0 0 0 0.999856 0.0169912
252.700000000 6.59687 26.6647 0 0 0 0.999829 0.0185144
252.800000000 6.52195 26.6681 0 0 0 0.999799 0.0200376
252.900000000 6.44703 26.6717 0 0 0 0.999768 0.0215607
253.000000000 6.37213 26.6755 0 0 0 0.999734 0.0230837
253.100000000 6.29724 26.6796 0 0 0 0.999697 0.0246067
253.200000000 6.22236 26.6839 0 0 0 0.999659 0.0261297
253.300000000 6.14749 26.6884 0 0 0 0.999618 0.0276526
253.400000000 6.07264 26.6932 0 0 0 0.999574 0.0291754
253.500000000 5.99781 26.6981 0 0 0 0.999529 0.0306982
253.600000000 5.92319 26.7062 0 0 0 0.999229 0.0392709
253.700000000 5.84874 26.7157 0 0 0 0.998828 0.0483967
253.800000000 5.77448 26.7266 0 0 0 0.998344 0.0575183
253.900000000 5.70043 26.7388 0 0 0 0.997777 0.0666352
254.000000000 5.62661 26.7524 0 0 0 0.997127 0.0757465
254.100000000 5.55306 26.7673 0 0 0 0.996394 0.0848515
254.200000000 5.47979 26.7836 0 0 0 0.995577 0.0939494
254.300000000 5.40683 26.8012 0 0 0 0.994677 0.103039
254.400000000 5.3342 26.8202 0 0 0 0.993695 0.112121
254.500000000 5.26193 26.8404 0 0 0 0.992629 0.121193
254.600000000 5.19573 26.8631 0 0 0 0.990686 0.136169
254.700000000 5.13116 26.8876 0 0 0 0.988448 0.15156
254.800000000 5.06739 26.9142 0 0 0 0.985971 0.166915
254.900000000 5.00448 26.9427 0 0 0 0.983256 0.182229
255.000000000 4.94248 26.9732 0 0 0 0.980303 0.1975
255.100000000 4.88146 27.0055 0 0 0 0.977113 0.212722
255.200000000 4.82147 27.0398 0 0 0 0.973686 0.227893
255.300000000 4.76258 27.0759 0 0 0 0.970024 0.243009
255.400000000 4.70484 27.1138 0 0 0 0.966127 0.258066
255.500000000 4.64831 27.1535 0 0 0 0.961997 0.273061
255.600000000 4.59304 27.1949 0 0 0 0.957634 0.287989
255.700000000 4.53909 27.2381 0 0 0 0.953039 0.302848
255.800000000 4.4865 27.2829 0 0 0 0.948213 0.317634
255.900000000 4.44917 27.3226 0 0 0 0.940647 0.339387
256.000000000 4.4137 27.364 0 0 0 0.932581 0.360961
256.100000000 4.38018 27.407 0 0 0 0.924021 0.382343
256.200000000 4.34867 27.4514 0 0 0 0.91497 0.403522
256.300000000 4.31924 27.4973 0 0 0 0.905434 0.424487
256.400000000 4.29196 27.5445 0 0 0 0.895418 0.445227
256.500000000 4.26688 27.5929 0 0 0 0.884927 0.465731
256.600000000 4.2558 27.6309 0 0 0 0.870065 0.492937
256.700000000 4.26 27.6552 0 0 0 0.849488 0.527608
256.800000000 4.26898 27.6754 0 0 0 0.826265 0.563282
256.900000000 4.28031 27.6938 0 0 0 0.801189 0.598411
257.000000000 4.29317 27.7111 0 0 0 0.774622 0.632425
257.100000000 4.30748 27.7272 0 0 0 0.746611 0.665261
257.200000000 4.32313 27.742 0 0 0 0.71721 0.696858
257.300000000 4.33999 27.7554 0 0 0 0.686472 0.727156
257.400000000 4.35795 27.7673 0 0 0 0.654456 0.7561
257.500000000 4.37561 27.798 0 0 0 0.629378 0.777099
257.600000000 4.39104 27.8338 0 0 0 0.614369 0.789019
257.700000000 4.40764 27.8794 0 0 0 0.604607 0.796524
257.800000000 4.43044 27.9509 0 0 0 0.599147 0.800639
257.900000000 4.45073 28.0231 0 0 0 0.600949 0.799288
258.000000000 4.47042 28.0955 0 0 0 0.603312 0.797506
258.100000000 4.48996 28.1679 0 0 0 0.605106 0.796145
258.200000000 4.50973 28.2402 0 0 0 0.605721 0.795677
258.300000000 4.52803 28.313 0 0 0 0.609152 0.793054
258.400000000 4.54623 28.3857 0 0 0 0.611496 0.791248
258.500000000 4.56347 28.4587 0 0 0 0.614907 0.7886
258.600000000 4.58087 28.5317 0 0 0 0.616681 0.787213
258.700000000 4.5969 28.605 0 0 0 0.620587 0.784138
258.800000000 4.61383 28.678 0 0 0 0.621193 0.783658
258.900000000 4.6336 28.7504 0 0 0 0.615821 0.787886
259.000000000 4.64906 28.8238 0 0 0 0.621193 0.783658
259.100000000 4.66884 28.8962 0 0 0 0.615821 0.787886
259.200000000 4.69162 28.9643 0 0 0 0.604586 0.79654
259.300000000 4.71626 29.0307 0 0 0 0.592857 0.805308
259.400000000 4.74283 29.0964 0 0 0 0.581 0.813903
259.500000000 4.77131 29.1613 0 0 0 0.569019 0.822324
259.600000000 4.80169 29.2254 0 0 0 0.556916 0.830569
259.700000000 4.83392 29.2885 0 0 0 0.544693 0.838636
259.800000000 4.86799 29.3506 0 0 0 0.532353 0.846522
259.900000000 4.90185 29.4039 0 0 0 0.516533 0.856267
260.000000000 4.93296 29.4401 0 0 0 0.4936 0.869689
260.100000000 4.96018 29.4585 0 0 0 0.462955 0.886382
260.200000000 4.98069 29.4569 0 0 0 0.423164 0.906053
260.300000000 5.00034 29.4524 0 0 0 0.38195 0.924183
260.400000000 5.01951 29.4461 0 0 0 0.339962 0.940439
260.500000000 5.03803 29.4381 0 0 0 0.297285 0.954789
260.600000000 5.05576 29.4285 0 0 0 0.254005 0.967203
260.700000000 5.07255 29.4173 0 0 0 0.210211 0.977656
260.800000000 5.08827 29.4047 0 0 0 0.16599 0.986127
260.900000000 5.10279 29.3907 0 0 0 0.121432 0.9926
261.000000000 5.11599 29.3754 0 0 0 0.0766288 0.99706
261.100000000 5.12518 29.3581 0 0 0 0.0303473 0.999539
261.200000000 5.13273 29.34 0 0 0 -0.0159994 0.999872
261.300000000 5.13857 29.3213 0 0 0 -0.0623117 0.998057
261.400000000 5.14265 29.3021 0 0 0 -0.10849 0.994098
261.500000000 5.14351 29.2827 0 0 0 -0.155116 0.987896
261.600000000 5.14255 29.2633 0 0 0 -0.201398 0.979509
261.700000000 5.13976 29.244 0 0 0 -0.247235 0.968956
261.800000000 5.13654 29.2247 0 0 0 -0.291866 0.956459
261.900000000 5.12605 29.208 0 0 0 -0.338577 0.940939
262.000000000 5.11397 29.1925 0 0 0 -0.384467 0.923139
262.100000000 5.10042 29.1783 0 0 0 -0.429426 0.903102
262.200000000 5.08553 29.1654 0 0 0 -0.473345 0.880877
262.300000000 5.06946 29.1541 0 0 0 -0.516117 0.856518
262.400000000 5.05235 29.1444 0 0 0 -0.557638 0.830084
262.500000000 5.03437 29.1364 0 0 0 -0.597808 0.801639
262.600000000 5.02035 29.1213 0 0 0 -0.632794 0.77432
262.700000000 5.00554 29.1064 0 0 0 -0.66607 0.74589
262.800000000 4.98948 29.0928 0 0 0 -0.698069 0.71603
262.900000000 4.97173 29.0832 0 0 0 -0.729593 0.683882
263.000000000 4.95319 29.0753 0 0 0 -0.759637 0.650347
263.100000000 4.93416 29.0652 0 0 0 -0.786992 0.616963
263.200000000 4.91427 29.0555 0 0 0 -0.812536 0.582912
263.300000000 4.89317 29.0441 0 0 0 -0.835671 0.54923
263.400000000 4.87049 29.0311 0 0 0 -0.856585 0.516007
263.500000000 4.8475 29.0221 0 0 0 0.876688 -0.481059
263.600000000 4.81684 28.9971 0 0 0 0.891178 -0.453653
263.700000000 4.77779 28.959 0 0 0 0.90139 -0.433009
263.800000000 4.72907 28.9076 0 0 0 0.907634 -0.419762
263.900000000 4.67695 28.8535 0 0 0 0.912509 -0.409057
264.000000000 4.62373 28.8005 0 0 0 0.917055 -0.39876
264.100000000 4.56932 28.7488 0 0 0 0.921486 -0.388412
264.200000000 4.51376 28.6983 0 0 0 0.925799 -0.378015
264.300000000 4.45708 28.649 0 0 0 0.929996 -0.367571
264.400000000 4.39931 28.6011 0 0 0 0.934074 -0.357079
264.500000000 4.34364 28.5508 0 0 0 0.933798 -0.357802
264.600000000 4.28825 28.5003 0 0 0 0.933251 -0.359224
264.700000000 4.23321 28.4493 0 0 0 0.93244 -0.361324
264.800000000 4.1784 28.3981 0 0 0 0.931624 -0.363423
264.900000000 4.12383 28.3467 0 0 0 0.930803 -0.36552
265.000000000 4.06948 28.295 0 0 0 0.929978 -0.367615
265.100000000 4.01537 28.243 0 0 0 0.929148 -0.369708
265.200000000 3.96149 28.1909 0 0 0 0.928313 -0.371799
265.300000000 3.90784 28.1384 0 0 0 0.927493 -0.373841
265.400000000 3.8544 28.0858 0 0 0 0.926682 -0.375845
265.500000000 3.80117 28.033 0 0 0 0.925898 -0.377775
265.600000000 3.74796 27.9801 0 0 0 0.925382 -0.379035
265.700000000 3.69489 27.9271 0 0 0 0.924875 -0.380271
265.800000000 3.64194 27.874 0 0 0 0.924386 -0.381457
265.900000000 3.58912 27.8208 0 0 0 0.923906 -0.382619
266.000000000 3.53642 27.7674 0 0 0 0.923445 -0.383732
266.100000000 3.48384 27.7139 0 0 0 0.922992 -0.38482
266.200000000 3.43372 27.6627 0 0 0 0.922558 -0.385859
266.300000000 3.38604 27.6137 0 0 0 0.922143 -0.386849
266.400000000 3.33963 27.5659 0 0 0 0.921737 -0.387815
266.500000000 3.29447 27.5191 0 0 0 0.921341 -0.388756
266.600000000 3.25028 27.4737 0 0 0 0.921341 -0.388756
266.700000000 3.20726 27.4296 0 0 0 0.921341 -0.388756
266.800000000 3.16655 27.3878 0 0 0 0.921341 -0.388756
266.900000000 3.12702 27.3472 0 0 0 0.921341 -0.388756
267.000000000 3.08864 27.3078 0 0 0 0.921341 -0.388756
267.100000000 3.05143 27.2696 0 0 0 0.921341 -0.388756
267.200000000 3.01538 27.2326 0 0 0 0.921341 -0.388756
267.300000000 2.98049 27.1968 0 0 0 0.921341 -0.388756
267.400000000 2.94677 27.1621 0 0 0 0.921341 -0.388756
267.500000000 2.91421 27.1287 0 0 0 0.921341 -0.388756
267.600000000 2.88281 27.0965 0 0 0 0.921341 -0.388756
267.700000000 2.85257 27.0654 0 0 0 0.921341 -0.388756
267.800000000 2.8235 27.0356 0 0 0 0.921341 -0.388756
267.900000000 2.79559 27.0069 0 0 0 0.921341 -0.388756
268.000000000 2.76884 26.9795 0 0 0 0.921341 -0.388756
268.100000000 2.74326 26.9532 0 0 0 0.921341 -0.388756
268.200000000 2.71768 26.9269 0 0 0 0.921341 -0.388756
268.300000000 2.69326 26.9019 0 0 0 0.921341 -0.388756
268.400000000 2.67 26.878 0 0 0 0.921341 -0.388756
268.500000000 2.6479 26.8553 0 0 0 0.921341 -0.388756
268.600000000 2.62581 26.8326 0 0 0 0.921341 -0.388756
268.700000000 2.60488 26.8111 0 0 0 0.921341 -0.388756
268.800000000 2.58511 26.7908 0 0 0 0.921341 -0.388756
268.900000000 2.56534 26.7705 0 0 0 0.921341 -0.388756
269.000000000 2.54673 26.7514 0 0 0 0.921341 -0.388756
269.100000000 2.52813 26.7323 0 0 0 0.921341 -0.388756
269.200000000 2.51068 26.7144 0 0 0 0.921341 -0.388756
269.300000000 2.49324 26.6965 0 0 0 0.921341 -0.388756
269.400000000 2.47696 26.6798 0 0 0 0.921341 -0.388756
269.500000000 2.46184 26.6643 0 0 0 0.921341 -0.388756
269.600000000 2.44323 26.6452 0 0 0 0.921341 -0.388756
269.700000000 2.42579 26.6273 0 0 0 0.921341 -0.388756
269.800000000 2.40835 26.6093 0 0 0 0.921341 -0.388756
269.900000000 2.39207 26.5926 0 0 0 0.921341 -0.388756
270.000000000 2.37579 26.5759 0 0 0 0.921341 -0.388756
270.100000000 2.36067 26.5604 0 0 0 0.921341 -0.388756
270.200000000 2.34555 26.5449 0 0 0 0.921341 -0.388756
270.300000000 2.3316 26.5305 0 0 0 0.921341 -0.388756
270.400000000 2.31648 26.515 0 0 0 0.921341 -0.388756
270.500000000 2.30136 26.4995 0 0 0 0.921341 -0.388756
270.600000000 2.28741 26.4852 0 0 0 0.921341 -0.388756
270.700000000 2.27229 26.4697 0 0 0 0.921341 -0.388756
270.800000000 2.25717 26.4541 0 0 0 0.921341 -0.388756
270.900000000 2.24322 26.4398 0 0 0 0.921341 -0.388756
271.000000000 2.22926 26.4255 0 0 0 0.921341 -0.388756
271.100000000 2.21414 26.41 0 0 0 0.921341 -0.388756
271.200000000 2.19903 26.3944 0 0 0 0.921341 -0.388756
271.300000000 2.18507 26.3801 0 0 0 0.921341 -0.388756
271.400000000 2.16995 26.3646 0 0 0 0.921341 -0.388756
271.500000000 2.15484 26.3491 0 0 0 0.921341 -0.388756
271.600000000 2.14088 26.3347 0 0 0 0.921341 -0.388756
271.700000000 2.12693 26.3204 0 0 0 0.921341 -0.388756
271.800000000 2.11181 26.3049 0 0 0 0.921341 -0.388756
271.900000000 2.09204 26.2846 0 0 0 0.921341 -0.388756
272.000000000 2.07343 26.2655 0 0 0 0.921341 -0.388756
272.100000000 2.05599 26.2476 0 0 0 0.921341 -0.388756
272.200000000 2.03855 26.2297 0 0 0 0.921341 -0.388756
272.300000000 2.02227 26.213 0 0 0 0.921341 -0.388756
272.400000000 2.00599 26.1962 0 0 0 0.921341 -0.388756
272.500000000 1.99087 26.1807 0 0 0 0.921341 -0.388756
272.600000000 1.97575 26.1652 0 0 0 0.921341 -0.388756
272.700000000 1.96063 26.1497 0 0 0 0.921341 -0.388756
272.800000000 1.94668 26.1354 0 0 0 0.921341 -0.388756
272.900000000 1.93272 26.121 0 0 0 0.921341 -0.388756
273.000000000 1.91761 26.1055 0 0 0 0.921341 -0.388756
273.100000000 1.90365 26.0912 0 0 0 0.921341 -0.388756
273.200000000 1.88853 26.0757 0 0 0 0.921341 -0.388756
273.300000000 1.87225 26.0589 0 0 0 0.921341 -0.388756
273.400000000 1.85597 26.0422 0 0 0 0.921341 -0.388756
273.500000000 1.84085 26.0267 0 0 0 0.921341 -0.388756
273.600000000 1.82574 26.0112 0 0 0 0.921341 -0.388756
273.700000000 1.80946 25.9945 0 0 0 0.921341 -0.388756
273.800000000 1.79434 25.979 0 0 0 0.921341 -0.388756
273.900000000 1.77922 25.9634 0 0 0 0.921341 -0.388756
274.000000000 1.76527 25.9491 0 0 0 0.921341 -0.388756
274.100000000 1.75131 25.9348 0 0 0 0.921341 -0.388756
274.200000000 1.73619 25.9193 0 0 0 0.921341 -0.388756
274.300000000 1.71759 25.9002 0 0 0 0.921341 -0.388756
274.400000000 1.69782 25.8799 0 0 0 0.921341 -0.388756
274.500000000 1.67572 25.8572 0 0 0 0.921341 -0.388756
274.600000000 1.65595 25.8369 0 0 0 0.921341 -0.388756
274.700000000 1.63502 25.8154 0 0 0 0.921341 -0.388756
274.800000000 1.61642 25.7963 0 0 0 0.921341 -0.388756
274.900000000 1.59548 25.7748 0 0 0 0.921341 -0.388756
275.000000000 1.57688 25.7557 0 0 0 0.921341 -0.388756
275.100000000 1.55711 25.7354 0 0 0 0.921341 -0.388756
275.200000000 1.53618 25.7139 0 0 0 0.921341 -0.388756
275.300000000 1.51641 25.6936 0 0 0 0.921341 -0.388756
275.400000000 1.49664 25.6733 0 0 0 0.921341 -0.388756
275.500000000 1.47803 25.6542 0 0 0 0.921341 -0.388756
275.600000000 1.45942 25.6351 0 0 0 0.921341 -0.388756
275.700000000 1.44082 25.616 0 0 0 0.921341 -0.388756
275.800000000 1.42337 25.5981 0 0 0 0.921341 -0.388756
275.900000000 1.40593 25.5802 0 0 0 0.921341 -0.388756
276.000000000 1.38732 25.5611 0 0 0 0.921341 -0.388756
276.100000000 1.36756 25.5408 0 0 0 0.921341 -0.388756
276.200000000 1.34895 25.5217 0 0 0 0.921341 -0.388756
276.300000000 1.33034 25.5026 0 0 0 0.921341 -0.388756
276.400000000 1.30941 25.4811 0 0 0 0.921341 -0.388756
276.500000000 1.2908 25.462 0 0 0 0.921341 -0.388756
276.600000000 1.27336 25.4441 0 0 0 0.921341 -0.388756
276.700000000 1.25475 25.425 0 0 0 0.921341 -0.388756
276.800000000 1.23615 25.4059 0 0 0 0.921341 -0.388756
276.900000000 1.21871 25.388 0 0 0 0.921341 -0.388756
277.000000000 1.20126 25.3701 0 0 0 0.921341 -0.388756
277.100000000 1.18149 25.3498 0 0 0 0.921341 -0.388756
277.200000000 1.16289 25.3307 0 0 0 0.921341 -0.388756
277.300000000 1.14428 25.3115 0 0 0 0.921341 -0.388756
277.400000000 1.12684 25.2936 0 0 0 0.921341 -0.388756
277.500000000 1.10939 25.2757 0 0 0 0.921341 -0.388756
277.600000000 1.09311 25.259 0 0 0 0.921341 -0.388756
277.700000000 1.07567 25.2411 0 0 0 0.921341 -0.388756
277.800000000 1.05823 25.2232 0 0 0 0.921341 -0.388756
277.900000000 1.04078 25.2053 0 0 0 0.921341 -0.388756
278.000000000 1.02334 25.1874 0 0 0 0.921341 -0.388756
278.100000000 1.00706 25.1707 0 0 0 0.921341 -0.388756
278.200000000 0.989615 25.1528 0 0 0 0.921341 -0.388756
278.300000000 0.972171 25.1348 0 0 0 0.921341 -0.388756
278.400000000 0.955891 25.1181 0 0 0 0.921341 -0.388756
278.500000000 0.93961 25.1014 0 0 0 0.921341 -0.388756
278.600000000 0.924493 25.0859 0 0 0 0.921341 -0.388756
278.700000000 0.909375 25.0704 0 0 0 0.921341 -0.388756
278.800000000 0.891932 25.0525 0 0 0 0.921341 -0.388756
278.900000000 0.874488 25.0346 0 0 0 0.921341 -0.388756
279.000000000 0.858208 25.0178 0 0 0 0.921341 -0.388756
279.100000000 0.840764 24.9999 0 0 0 0.921341 -0.388756
279.200000000 0.823321 24.982 0 0 0 0.921341 -0.388756
279.300000000 0.80704 24.9653 0 0 0 0.921341 -0.388756
279.400000000 0.791923 24.9498 0 0 0 0.921341 -0.388756
279.500000000 0.776805 24.9343 0 0 0 0.921341 -0.388756
279.600000000 0.759362 24.9164 0 0 0 0.921341 -0.388756
279.700000000 0.741918 24.8985 0 0 0 0.921341 -0.388756
279.800000000 0.725638 24.8817 0 0 0 0.921341 -0.388756
279.900000000 0.709357 24.865 0 0 0 0.921341 -0.388756
280.000000000 0.694239 24.8495 0 0 0 0.921341 -0.388756
280.100000000 0.679122 24.834 0 0 0 0.921341 -0.388756
280.200000000 0.665167 24.8197 0 0 0 0.921341 -0.388756
280.300000000 0.650049 24.8041 0 0 0 0.921341 -0.388756
280.400000000 0.634932 24.7886 0 0 0 0.921341 -0.388756
280.500000000 0.617488 24.7707 0 0 0 0.921341 -0.388756
280.600000000 0.600045 24.7528 0 0 0 0.921341 -0.388756
280.700000000 0.583764 24.7361 0 0 0 0.921341 -0.388756
280.800000000 0.566321 24.7182 0 0 0 0.921341 -0.388756
280.900000000 0.548877 24.7003 0 0 0 0.921341 -0.388756
281.000000000 0.532597 24.6835 0 0 0 0.921341 -0.388756
281.100000000 0.516316 24.6668 0 0 0 0.921341 -0.388756
281.200000000 0.501199 24.6513 0 0 0 0.921341 -0.388756
281.300000000 0.486081 24.6358 0 0 0 0.921341 -0.388756
281.400000000 0.472126 24.6215 0 0 0 0.921341 -0.388756
281.500000000 0.458172 24.6071 0 0 0 0.921341 -0.388756
281.600000000 0.443054 24.5916 0 0 0 0.921341 -0.388756
281.700000000 0.429099 24.5773 0 0 0 0.921341 -0.388756
281.800000000 0.413982 24.5618 0 0 0 0.921341 -0.388756
281.900000000 0.398864 24.5462 0 0 0 0.921341 -0.388756
282.000000000 0.384909 24.5319 0 0 0 0.921341 -0.388756
282.100000000 0.370954 24.5176 0 0 0 0.921341 -0.388756
282.200000000 0.355837 24.5021 0 0 0 0.921341 -0.388756
282.300000000 0.341882 24.4877 0 0 0 0.921341 -0.388756
282.400000000 0.327927 24.4734 0 0 0 0.921341 -0.388756
282.500000000 0.31281 24.4579 0 0 0 0.921341 -0.388756
282.600000000 0.297692 24.4424 0 0 0 0.921341 -0.388756
282.700000000 0.281412 24.4257 0 0 0 0.921341 -0.388756
282.800000000 0.266294 24.4101 0 0 0 0.921341 -0.388756
282.900000000 0.251176 24.3946 0 0 0 0.921341 -0.388756
283.000000000 0.237222 24.3803 0 0 0 0.921341 -0.388756
283.100000000 0.223267 24.366 0 0 0 0.921341 -0.388756
283.200000000 0.208149 24.3504 0 0 0 0.921341 -0.388756
283.300000000 0.194194 24.3361 0 0 0 0.921341 -0.388756
283.400000000 0.179077 24.3206 0 0 0 0.921341 -0.388756
283.500000000 0.163959 24.3051 0 0 0 0.921341 -0.388756
283.600000000 0.150004 24.2907 0 0 0 0.921341 -0.388756
283.700000000 0.134887 24.2752 0 0 0 0.921341 -0.388756
283.800000000 0.119769 24.2597 0 0 0 0.921341 -0.388756
283.900000000 0.104651 24.2442 0 0 0 0.921341 -0.388756
284.000000000 0.0883709 24.2275 0 0 0 0.921341 -0.388756
284.100000000 0.0732533 24.2119 0 0 0 0.921341 -0.388756
284.200000000 0.0581357 24.1964 0 0 0 0.921341 -0.388756
284.300000000 0.0418551 24.1797 0 0 0 0.921341 -0.388756
284.400000000 0.0267375 24.1642 0 0 0 0.921341 -0.388756
284.500000000 0.0116199 24.1487 0 0 0 0.921341 -0.388756
284.600000000 -0.00233488 24.1343 0 0 0 0.921341 -0.388756
284.700000000 -0.0162896 24.12 0 0 0 0.921341 -0.388756
284.800000000 -0.0290815 24.1069 0 0 0 0.921341 -0.388756
284.900000000 -0.0430362 24.0926 0 0 0 0.921341 -0.388756
285.000000000 -0.056991 24.0782 0 0 0 0.921341 -0.388756
285.100000000 -0.0721086 24.0627 0 0 0 0.921341 -0.388756
285.200000000 -0.0872262 24.0472 0 0 0 0.921341 -0.388756
285.300000000 -0.101181 24.0329 0 0 0 0.921341 -0.388756
285.400000000 -0.115136 24.0185 0 0 0 0.921341 -0.388756
285.500000000 -0.130253 24.003 0 0 0 0.921341 -0.388756
285.600000000 -0.144208 23.9887 0 0 0 0.921341 -0.388756
285.700000000 -0.159326 23.9732 0 0 0 0.921341 -0.388756
285.800000000 -0.174443 23.9576 0 0 0 0.921341 -0.388756
285.900000000 -0.188398 23.9433 0 0 0 0.921341 -0.388756
286.000000000 -0.237173 23.8862 0 0 0 0.916505 -0.400024
286.100000000 -0.270266 23.8381 0 0 0 0.907886 -0.419218
286.200000000 -0.288526 23.7989 0 0 0 0.895366 -0.44533
286.300000000 -0.298735 23.7637 0 0 0 0.880332 -0.474358
286.400000000 -0.306625 23.728 0 0 0 -0.864357 0.502878
286.500000000 -0.312164 23.6918 0 0 0 -0.847459 0.530861
286.600000000 -0.314789 23.656 0 0 0 -0.829414 0.558635
286.700000000 -0.315531 23.6194 0 0 0 -0.810711 0.585446
286.800000000 -0.31388 23.5829 0 0 0 -0.791143 0.611631
286.900000000 -0.309844 23.5465 0 0 0 -0.770729 0.637163
287.000000000 -0.303439 23.5105 0 0 0 -0.749491 0.662014
287.100000000 -0.294694 23.4749 0 0 0 -0.727453 0.686158
287.200000000 -0.283645 23.44 0 0 0 -0.704637 0.709568
287.300000000 -0.270504 23.4051 0 0 0 -0.681381 0.731929
287.400000000 -0.255136 23.371 0 0 0 -0.657416 0.753528
287.500000000 -0.237808 23.3346 0 0 0 -0.634063 0.773281
287.600000000 -0.219935 23.2873 0 0 0 -0.617936 0.786228
287.700000000 -0.202717 23.235 0 0 0 -0.609339 0.79291
287.800000000 -0.182268 23.1628 0 0 0 -0.60699 0.79471
287.900000000 -0.163677 23.0901 0 0 0 -0.609339 0.79291
288.000000000 -0.145516 23.0174 0 0 0 -0.611683 0.791103
288.100000000 -0.127786 22.9445 0 0 0 -0.614022 0.789289
288.200000000 -0.110488 22.8715 0 0 0 -0.616355 0.787468
288.300000000 -0.0933464 22.7985 0 0 0 -0.618127 0.786079
288.400000000 -0.0765342 22.7254 0 0 0 -0.619895 0.784685
288.500000000 -0.0600514 22.6522 0 0 0 -0.62166 0.783287
288.600000000 -0.0438983 22.579 0 0 0 -0.623423 0.781885
288.700000000 -0.0280752 22.5057 0 0 0 -0.625182 0.780479
288.800000000 -0.0122979 22.4323 0 0 0 -0.62637 0.779526
288.900000000 0.00269446 22.3588 0 0 0 -0.628674 0.777669
289.000000000 0.0175287 22.2853 0 0 0 -0.630424 0.776251
289.100000000 0.0337947 22.2121 0 0 0 -0.628674 0.777669
289.200000000 0.0506668 22.139 0 0 0 -0.62637 0.779526
289.300000000 0.067695 22.066 0 0 0 -0.624613 0.780934
289.400000000 0.0853279 21.9931 0 0 0 -0.622299 0.78278
289.500000000 0.102833 21.9201 0 0 0 -0.621106 0.783727
289.600000000 0.120844 21.8473 0 0 0 -0.619339 0.785123
289.700000000 0.139984 21.7748 0 0 0 -0.615943 0.78779
289.800000000 0.158377 21.7021 0 0 0 -0.615334 0.788266
289.900000000 0.178255 21.6298 0 0 0 -0.611924 0.790916
290.000000000 0.19594 21.5569 0 0 0 -0.614262 0.789102
290.100000000 0.21123 21.4834 0 0 0 -0.620563 0.784156
290.200000000 0.224689 21.4095 0 0 0 -0.628125 0.778113
290.300000000 0.238818 21.3359 0 0 0 -0.631479 0.775393
290.400000000 0.257574 21.2632 0 0 0 -0.62437 0.781129
290.500000000 0.278682 21.2019 0 0 0 -0.610418 0.79208
290.600000000 0.301842 21.1432 0 0 0 -0.595595 0.803285
290.700000000 0.327169 21.0854 0 0 0 -0.580568 0.814212
290.800000000 0.354627 21.0285 0 0 0 -0.565339 0.824858
290.900000000 0.384178 20.9727 0 0 0 -0.549916 0.83522
291.000000000 0.415782 20.9181 0 0 0 -0.534302 0.845293
291.100000000 0.449606 20.8638 0 0 0 -0.518864 0.854857
291.200000000 0.485379 20.8108 0 0 0 -0.503254 0.864138
291.300000000 0.523055 20.7591 0 0 0 -0.487479 0.873135
291.400000000 0.562886 20.708 0 0 0 -0.471916 0.881643
291.500000000 0.604504 20.6583 0 0 0 -0.456205 0.889874
291.600000000 0.647857 20.6102 0 0 0 -0.440351 0.897826
291.700000000 0.692891 20.5636 0 0 0 -0.424358 0.905495
291.800000000 0.739968 20.5179 0 0 0 -0.408622 0.912704
291.900000000 0.7886 20.4738 0 0 0 -0.392764 0.919639
292.000000000 0.829786 20.4454 0 0 0 -0.369287 0.929315
292.100000000 0.862578 20.4329 0 0 0 -0.337898 0.941183
292.200000000 0.882723 20.439 0 0 0 -0.296391 0.955067
292.300000000 0.893204 20.456 0 0 0 -0.248288 0.968686
292.400000000 0.901932 20.474 0 0 0 -0.199563 0.979885
292.500000000 0.908821 20.4928 0 0 0 -0.15034 0.988634
292.600000000 0.913803 20.5121 0 0 0 -0.100741 0.994913
292.700000000 0.916826 20.5319 0 0 0 -0.0508901 0.998704
292.800000000 0.917862 20.5519 0 0 0 -0.000912067 1
292.900000000 0.916899 20.5718 0 0 0 0.0490682 0.998795
293.000000000 0.913948 20.5916 0 0 0 0.0989259 0.995095
293.100000000 0.909037 20.611 0 0 0 0.148536 0.988907
293.200000000 0.902216 20.6298 0 0 0 0.197775 0.980247
293.300000000 0.893553 20.6478 0 0 0 0.24652 0.969138
293.400000000 0.883135 20.6649 0 0 0 0.294649 0.955606
293.500000000 0.871065 20.6808 0 0 0 0.342041 0.939685
293.600000000 0.857465 20.6954 0 0 0 0.388578 0.921416
293.700000000 0.84247 20.7087 0 0 0 0.434144 0.900843
293.800000000 0.82623 20.7203 0 0 0 0.478625 0.878019
293.900000000 0.808906 20.7303 0 0 0 0.521909 0.853001
294.000000000 0.790674 20.7385 0 0 0 0.563889 0.82585
294.100000000 0.771713 20.7448 0 0 0 0.60446 0.796635
294.200000000 0.752215 20.7493 0 0 0 0.64352 0.765429
294.300000000 0.732374 20.7517 0 0 0 0.680971 0.73231
294.400000000 0.712387 20.7522 0 0 0 0.71672 0.697361
294.500000000 0.692455 20.7506 0 0 0 0.750678 0.660668
294.600000000 0.672777 20.7471 0 0 0 0.78276 0.622324
294.700000000 0.65355 20.7416 0 0 0 0.812885 0.582425
294.800000000 0.634965 20.7342 0 0 0 0.840978 0.54107
294.900000000 0.617208 20.7251 0 0 0 0.866969 0.498362
295.000000000 0.600457 20.7141 0 0 0 0.890793 0.454409
295.100000000 0.584879 20.7016 0 0 0 0.912391 0.40932
295.200000000 0.57063 20.6876 0 0 0 0.931708 0.363208
295.300000000 0.557852 20.6722 0 0 0 0.948697 0.316188
295.400000000 0.546673 20.6556 0 0 0 0.963314 0.268378
295.500000000 0.528577 20.6459 0 0 0 0.974275 0.225364
295.600000000 0.511421 20.6345 0 0 0 0.983316 0.181906
295.700000000 0.495339 20.6217 0 0 0 0.99042 0.13809
295.800000000 0.480458 20.6075 0 0 0 0.995572 0.0940015
295.900000000 0.466895 20.592 0 0 0 0.998763 0.0497279
296.000000000 0.454756 20.5754 0 0 0 0.999986 0.00535644
296.100000000 0.444139 20.5578 0 0 0 0.999238 -0.0390256
296.200000000 0.435125 20.5393 0 0 0 0.996522 -0.0833308
296.300000000 0.427787 20.5201 0 0 0 0.991842 -0.127472
296.400000000 0.422182 20.5003 0 0 0 0.985208 -0.171362
296.500000000 0.418354 20.4801 0 0 0 0.976633 -0.214914
296.600000000 0.395435 20.4545 0 0 0 0.968763 -0.247989
296.700000000 0.35815 20.4223 0 0 0 0.962047 -0.272884
296.800000000 0.310289 20.3836 0 0 0 0.956569 -0.291507
296.900000000 0.262389 20.3425 0 0 0 0.950987 -0.309229
297.000000000 0.216051 20.2996 0 0 0 0.945078 -0.326845
297.100000000 0.171338 20.255 0 0 0 0.938842 -0.344349
297.200000000 0.128312 20.2088 0 0 0 0.932282 -0.361733
297.300000000 0.0870325 20.1611 0 0 0 0.9254 -0.378992
297.400000000 0.0475568 20.1118 0 0 0 0.918198 -0.396121
297.500000000 0.00993903 20.0611 0 0 0 0.91068 -0.413112
297.600000000 -0.0257687 20.009 0 0 0 0.902847 -0.429962
297.700000000 -0.0595172 19.9556 0 0 0 0.894703 -0.446662
297.800000000 -0.0912597 19.9011 0 0 0 0.886249 -0.463209
297.900000000 -0.109124 19.8568 0 0 0 0.873629 -0.486593
298.000000000 -0.11291 19.8242 0 0 0 -0.856119 0.516778
298.100000000 -0.100398 19.8087 0 0 0 -0.831627 0.555335
298.200000000 -0.081573 19.802 0 0 0 -0.802833 0.596205
298.300000000 -0.06217 19.7972 0 0 0 -0.772031 0.635584
298.400000000 -0.0423831 19.7944 0 0 0 -0.739301 0.673376
298.500000000 -0.0224101 19.7935 0 0 0 -0.704722 0.709484
298.600000000 -0.00245064 19.7946 0 0 0 -0.668382 0.743818
298.700000000 0.017296 19.7977 0 0 0 -0.630371 0.776294
298.800000000 0.0366324 19.8028 0 0 0 -0.590785 0.806829
298.900000000 0.0553654 19.8098 0 0 0 -0.549722 0.835348
299.000000000 0.0733079 19.8186 0 0 0 -0.507285 0.861779
299.100000000 0.0902806 19.8292 0 0 0 -0.46358 0.886055
299.200000000 0.106114 19.8414 0 0 0 -0.418716 0.908117
299.300000000 0.120649 19.8551 0 0 0 -0.372806 0.927909
299.400000000 0.133742 19.8702 0 0 0 -0.325964 0.945382
299.500000000 0.145261 19.8866 0 0 0 -0.278307 0.960492
299.600000000 0.155091 19.904 0 0 0 -0.229955 0.973201
299.700000000 0.163135 19.9223 0 0 0 -0.181027 0.983478
299.800000000 0.169311 19.9413 0 0 0 -0.131648 0.991297
299.900000000 0.173557 19.9608 0 0 0 -0.0819391 0.996637
300.000000000 0.175833 19.9807 0 0 0 -0.0320256 0.999487
300.100000000 0.176114 20.0007 0 0 0 0.017968 0.999839
300.200000000 0.174398 20.0206 0 0 0 0.0679166 0.997691
300.300000000 0.170702 20.0402 0 0 0 0.117696 0.99305
300.400000000 0.165063 20.0594 0 0 0 0.16718 0.985926
300.500000000 0.157538 20.0779 0 0 0 0.216247 0.976339
300.600000000 0.148201 20.0956 0 0 0 0.264773 0.964311
300.700000000 0.137146 20.1123 0 0 0 0.312638 0.949872
300.800000000 0.124483 20.1277 0 0 0 0.359721 0.93306
300.900000000 0.110339 20.1419 0 0 0 0.405905 0.913915
301.000000000 0.0948557 20.1545 0 0 0 0.451075 0.892486
301.100000000 0.0781869 20.1656 0 0 0 0.495117 0.868827
301.200000000 0.0604994 20.1749 0 0 0 0.537921 0.842995
301.300000000 0.0419701 20.1824 0 0 0 0.579381 0.815057
301.400000000 0.0227841 20.188 0 0 0 0.619393 0.785081
301.500000000 0.00902192 20.2046 0 0 0 0.652692 0.757623
301.600000000 -0.0057066 20.2211 0 0 0 0.684343 0.72916
301.700000000 -0.0217846 20.2363 0 0 0 0.714755 0.699375
301.800000000 -0.0390955 20.25 0 0 0 0.743871 0.668324
301.900000000 -0.057514 20.2623 0 0 0 0.771639 0.636061
302.000000000 -0.0769066 20.2729 0 0 0 0.798009 0.602646
302.100000000 -0.0971329 20.2818 0 0 0 0.822933 0.568138
302.200000000 -0.118046 20.289 0 0 0 0.846366 0.532602
302.300000000 -0.139495 20.2944 0 0 0 0.868265 0.4961
302.400000000 -0.161324 20.2979 0 0 0 0.888591 0.4587
302.500000000 -0.183376 20.2996 0 0 0 0.907307 0.420468
302.600000000 -0.215447 20.3173 0 0 0 0.920566 0.390588
302.700000000 -0.257644 20.3468 0 0 0 0.929897 0.367819
302.800000000 -0.306487 20.3815 0 0 0 0.937148 0.348932
302.900000000 -0.35721 20.4149 0 0 0 0.94388 0.330288
303.000000000 -0.409216 20.4462 0 0 0 0.950242 0.311514
303.100000000 -0.462423 20.4754 0 0 0 0.956229 0.292618
303.200000000 -0.516748 20.5026 0 0 0 0.961842 0.273606
303.300000000 -0.572105 20.5275 0 0 0 0.967076 0.254488
303.400000000 -0.628407 20.5502 0 0 0 0.97193 0.235269
303.500000000 -0.685565 20.5707 0 0 0 0.976403 0.215957
303.600000000 -0.743491 20.5889 0 0 0 0.980492 0.196561
303.700000000 -0.802092 20.6048 0 0 0 0.984195 0.177088
303.800000000 -0.861277 20.6184 0 0 0 0.987512 0.157545
303.900000000 -0.920952 20.6296 0 0 0 0.990441 0.13794
304.000000000 -0.994228 20.6459 0 0 0 0.991865 0.127295
304.100000000 -1.06774 20.6611 0 0 0 0.993051 0.117688
304.200000000 -1.14153 20.6748 0 0 0 0.994143 0.10807
304.300000000 -1.21557 20.6872 0 0 0 0.995143 0.0984415
304.400000000 -1.28984 20.6981 0 0 0 0.996049 0.088804
304.500000000 -1.36396 20.7096 0 0 0 0.996423 0.0845021
304.600000000 -1.43817 20.7205 0 0 0 0.996779 0.0801986
304.700000000 -1.51247 20.7308 0 0 0 0.997116 0.0758935
304.800000000 -1.58686 20.7405 0 0 0 0.997434 0.0715871
304.900000000 -1.6613 20.7497 0 0 0 0.997689 0.067948
305.000000000 -1.7358 20.7585 0 0 0 0.99793 0.064308
305.100000000 -1.81036 20.7666 0 0 0 0.998158 0.0606671
305.200000000 -1.88498 20.7743 0 0 0 0.998373 0.0570255
305.300000000 -1.95965 20.7814 0 0 0 0.998574 0.0533831
305.400000000 -2.03437 20.7879 0 0 0 0.998762 0.0497399
305.500000000 -2.10914 20.7939 0 0 0 0.998937 0.0460961
305.600000000 -2.184 20.7988 0 0 0 0.999154 0.0411297
305.700000000 -2.2589 20.803 0 0 0 0.999346 0.0361622
305.800000000 -2.33384 20.8065 0 0 0 0.999513 0.0311938
305.900000000 -2.4088 20.8091 0 0 0 0.999656 0.0262246
306.000000000 -2.48379 20.8111 0 0 0 0.999774 0.0212548
306.100000000 -2.5588 20.8123 0 0 0 0.999867 0.0162844
306.200000000 -2.63382 20.8127 0 0 0 0.999936 0.0113137
306.300000000 -2.70883 20.8125 0 0 0 0.99998 0.00634266
306.400000000 -2.78384 20.8114 0 0 0 0.999999 0.00137148
306.500000000 -2.85884 20.8096 0 0 0 0.999994 -0.00359973
306.600000000 -2.93383 20.8085 0 0 0 0.999987 -0.00512316
306.700000000 -3.00882 20.8074 0 0 0 0.999983 -0.00589646
306.800000000 -3.08381 20.8062 0 0 0 0.999978 -0.00666976
306.900000000 -3.1588 20.8049 0 0 0 0.999972 -0.00744305
307.000000000 -3.23379 20.8035 0 0 0 0.999966 -0.00821635
307.100000000 -3.30877 20.8019 0 0 0 0.99996 -0.00898963
307.200000000 -3.38376 20.8003 0 0 0 0.999952 -0.00976291
307.300000000 -3.45874 20.7985 0 0 0 0.999944 -0.0105362
307.400000000 -3.53371 20.7966 0 0 0 0.999936 -0.0113095
307.500000000 -3.60869 20.7946 0 0 0 0.999927 -0.0120827
307.600000000 -3.68367 20.7931 0 0 0 0.999936 -0.0113095
307.700000000 -3.75866 20.7917 0 0 0 0.999944 -0.0105371
307.800000000 -3.83365 20.7905 0 0 0 0.999952 -0.00976385
307.900000000 -3.90864 20.7893 0 0 0 0.99996 -0.00899152
308.000000000 -3.98363 20.7883 0 0 0 0.999966 -0.00821823
308.100000000 -4.05863 20.7873 0 0 0 0.999972 -0.00744588
308.200000000 -4.13362 20.7865 0 0 0 0.999978 -0.00667259
308.300000000 -4.20862 20.7858 0 0 0 0.999983 -0.00589929
308.400000000 -4.28362 20.7853 0 0 0 0.999987 -0.00512599
308.500000000 -4.35862 20.7848 0 0 0 0.999991 -0.00435268
308.600000000 -4.43362 20.7845 0 0 0 0.999994 -0.00357937
308.700000000 -4.50862 20.7842 0 0 0 0.999996 -0.00280606
308.800000000 -4.58362 20.7841 0 0 0 0.999998 -0.00203275
308.900000000 -4.65862 20.7841 0 0 0 0.999999 -0.00125944
309.000000000 -4.73362 20.7839 0 0 0 0.999999 -0.00125944
309.100000000 -4.80862 20.7837 0 0 0 0.999999 -0.00125944
309.200000000 -4.88362 20.7836 0 0 0 0.999999 -0.00125944
309.300000000 -4.95862 20.7834 0 0 0 0.999999 -0.00125944
309.400000000 -5.03362 20.7832 0 0 0 0.999999 -0.00125944
309.500000000 -5.10862 20.783 0 0 0 0.999999 -0.00125944
309.600000000 -5.18362 20.7837 0 0 0 1 0.000992315
309.700000000 -5.25861 20.7847 0 0 0 0.999995 0.00324406
309.800000000 -5.3336 20.7861 0 0 0 0.999985 0.00549579
309.900000000 -5.40859 20.7876 0 0 0 0.999975 0.0070192
310.000000000 -5.48357 20.7895 0 0 0 0.999957 0.00927087
310.100000000 -5.55854 20.7915 0 0 0 0.999942 0.0107942
310.200000000 -5.63351 20.7938 0 0 0 0.999924 0.0123176
310.300000000 -5.70847 20.7962 0 0 0 0.999904 0.0138409
310.400000000 -5.78343 20.7989 0 0 0 0.999882 0.0153641
310.500000000 -5.85837 20.8018 0 0 0 0.999857 0.0168874
310.600000000 -5.93331 20.8049 0 0 0 0.999831 0.0184106
310.700000000 -6.00823 20.8083 0 0 0 0.999801 0.0199337
310.800000000 -6.08315 20.8119 0 0 0 0.99977 0.0214569
310.900000000 -6.15805 20.8157 0 0 0 0.999736 0.0229799
311.000000000 -6.23293 20.8201 0 0 0 0.999682 0.025231
311.100000000 -6.3078 20.8245 0 0 0 0.999642 0.0267539
311.200000000 -6.38265 20.8294 0 0 0 0.999579 0.0290048
311.300000000 -6.45752 20.8337 0 0 0 0.999579 0.0290048
311.400000000 -6.53234 20.839 0 0 0 0.999511 0.0312555
311.500000000 -6.60729 20.8419 0 0 0 0.999637 0.0269392
311.600000000 -6.6822 20.8457 0 0 0 0.999658 0.0261661
311.700000000 -6.75684 20.8537 0 0 0 0.999338 0.0363761
311.800000000 -6.81714 20.8659 0 0 0 0.998444 0.055767
311.900000000 -6.8695 20.881 0 0 0 0.996895 0.0787468
312.000000000 -6.9203 20.8986 0 0 0 0.994776 0.102077
312.100000000 -6.97267 20.9185 0 0 0 0.99226 0.124174
312.200000000 -7.02409 20.9408 0 0 0 0.989254 0.14621
312.300000000 -7.07448 20.9653 0 0 0 0.985758 0.168173
312.400000000 -7.12372 20.992 0 0 0 0.981774 0.190052
312.500000000 -7.17173 21.0209 0 0 0 0.977305 0.211838
312.600000000 -7.2184 21.0519 0 0 0 0.972352 0.233519
312.700000000 -7.26365 21.0849 0 0 0 0.966919 0.255085
312.800000000 -7.30739 21.12 0 0 0 0.961007 0.276524
312.900000000 -7.34876 21.1566 0 0 0 0.954502 0.298206
313.000000000 -7.37341 21.1886 0 0 0 0.944935 0.327258
313.100000000 -7.37914 21.2133 0 0 0 0.931171 0.364583
313.200000000 -7.36621 21.2281 0 0 0 0.912103 0.409962
313.300000000 -7.35189 21.2416 0 0 0 0.890825 0.454347
313.400000000 -7.33632 21.2536 0 0 0 0.867389 0.497631
313.500000000 -7.31964 21.264 0 0 0 0.841851 0.53971
313.600000000 -7.30202 21.2728 0 0 0 0.814274 0.580481
313.700000000 -7.28362 21.2797 0 0 0 0.784724 0.619845
313.800000000 -7.26463 21.2848 0 0 0 0.753273 0.657708
313.900000000 -7.24523 21.2881 0 0 0 0.719997 0.693978
314.000000000 -7.22561 21.2894 0 0 0 0.684976 0.728566
314.100000000 -7.20595 21.2887 0 0 0 0.648296 0.761388
314.200000000 -7.18645 21.2862 0 0 0 0.610045 0.792367
314.300000000 -7.1673 21.2817 0 0 0 0.570316 0.821425
314.400000000 -7.14867 21.2754 0 0 0 0.529206 0.848494
314.500000000 -7.13077 21.2672 0 0 0 0.486813 0.873506
314.600000000 -7.11374 21.2574 0 0 0 0.443241 0.896403
314.700000000 -7.09777 21.2459 0 0 0 0.398595 0.917127
314.800000000 -7.083 21.2329 0 0 0 0.352983 0.93563
314.900000000 -7.06958 21.2185 0 0 0 0.306516 0.951866
315.000000000 -7.05764 21.2029 0 0 0 0.259306 0.965795
315.100000000 -7.0473 21.1862 0 0 0 0.211469 0.977385
315.200000000 -7.03864 21.1685 0 0 0 0.163118 0.986606
315.300000000 -7.03177 21.1501 0 0 0 0.114373 0.993438
315.400000000 -7.02674 21.1311 0 0 0 0.0653507 0.997862
315.500000000 -7.0236 21.1117 0 0 0 0.0161699 0.999869
315.600000000 -7.01796 21.0931 0 0 0 -0.030865 0.999524
315.700000000 -7.01268 21.0742 0 0 0 -0.0771452 0.99702
315.800000000 -7.00778 21.055 0 0 0 -0.122595 0.992457
315.900000000 -6.98235 21.0342 0 0 0 -0.157148 0.987575
316.000000000 -6.98059 21.0144 0 0 0 -0.202082 0.979369
316.100000000 -6.96764 20.9918 0 0 0 -0.240367 0.970682
316.200000000 -6.96796 20.9716 0 0 0 -0.283817 0.958879
316.300000000 -6.95513 20.9455 0 0 0 -0.319327 0.947644
316.400000000 -6.93269 20.9129 0 0 0 -0.348548 0.937291
316.500000000 -6.91083 20.8781 0 0 0 -0.37667 0.926348
316.600000000 -6.87742 20.8331 0 0 0 -0.397177 0.917742
316.700000000 -6.83179 20.7765 0 0 0 -0.409723 0.91221
316.800000000 -6.78438 20.7183 0 0 0 -0.417017 0.908899
316.900000000 -6.73773 20.6596 0 0 0 -0.423758 0.905775
317.000000000 -6.69196 20.6001 0 0 0 -0.430476 0.902602
317.100000000 -6.64708 20.54 0 0 0 -0.43717 0.899379
317.200000000 -6.6031 20.4792 0 0 0 -0.44384 0.896106
317.300000000 -6.56003 20.4177 0 0 0 -0.450486 0.892784
317.400000000 -6.51787 20.3557 0 0 0 -0.457106 0.889412
317.500000000 -6.47664 20.293 0 0 0 -0.463702 0.885991
317.600000000 -6.43554 20.2302 0 0 0 -0.468101 0.883675
317.700000000 -6.39505 20.167 0 0 0 -0.472488 0.881337
317.800000000 -6.3552 20.1035 0 0 0 -0.476863 0.878978
317.900000000 -6.31599 20.0395 0 0 0 -0.481227 0.876596
318.000000000 -6.2774 19.9752 0 0 0 -0.485579 0.874193
318.100000000 -6.23947 19.9105 0 0 0 -0.489918 0.871768
318.200000000 -6.20217 19.8454 0 0 0 -0.494246 0.869322
318.300000000 -6.16553 19.7799 0 0 0 -0.498562 0.866854
318.400000000 -6.12954 19.7141 0 0 0 -0.502865 0.864365
318.500000000 -6.0942 19.648 0 0 0 -0.507155 0.861855
318.600000000 -6.05953 19.5814 0 0 0 -0.511434 0.859323
318.700000000 -6.02551 19.5146 0 0 0 -0.515699 0.85677
318.800000000 -5.99217 19.4474 0 0 0 -0.519952 0.854195
318.900000000 -5.96609 19.3834 0 0 0 -0.533174 0.846006
319.000000000 -5.95219 19.3323 0 0 0 -0.553174 0.833066
319.100000000 -5.94999 19.2942 0 0 0 -0.579413 0.815034
319.200000000 -5.96021 19.2732 0 0 0 -0.612667 0.790341
319.300000000 -5.9791 19.2678 0 0 0 -0.650815 0.759237
319.400000000 -5.99844 19.2642 0 0 0 -0.687386 0.726292
319.500000000 -6.01804 19.2625 0 0 0 -0.722292 0.691589
319.600000000 -6.0377 19.2628 0 0 0 -0.755448 0.655209
319.700000000 -6.05725 19.265 0 0 0 -0.786773 0.617242
319.800000000 -6.07648 19.2691 0 0 0 -0.816193 0.57778
319.900000000 -6.09521 19.2751 0 0 0 -0.843635 0.536918
320.000000000 -6.11327 19.2829 0 0 0 0.869033 -0.494755
320.100000000 -6.13047 19.2925 0 0 0 0.892325 -0.451393
320.200000000 -6.14665 19.3036 0 0 0 0.913456 -0.406938
320.300000000 -6.16165 19.3164 0 0 0 0.932373 -0.361497
320.400000000 -6.17533 19.3305 0 0 0 0.949032 -0.31518
320.500000000 -6.18755 19.3459 0 0 0 0.963391 -0.268099
320.600000000 -6.20048 19.3604 0 0 0 0.97509 -0.221811
320.700000000 -6.21197 19.376 0 0 0 0.984565 -0.175017
320.800000000 -6.22191 19.3927 0 0 0 0.991797 -0.127824
320.900000000 -6.23022 19.4102 0 0 0 0.996768 -0.0803395
321.000000000 -6.23682 19.4285 0 0 0 0.999466 -0.0326722
321.100000000 -6.24165 19.4473 0 0 0 0.999886 0.0150697
321.200000000 -6.24467 19.4664 0 0 0 0.998028 0.0627772
321.300000000 -6.24584 19.4858 0 0 0 0.993894 0.110342
321.400000000 -6.24516 19.5052 0 0 0 0.987494 0.157655
321.500000000 -6.26621 19.5274 0 0 0 0.981125 0.193377
321.600000000 -6.30286 19.5544 0 0 0 0.975379 0.220535
321.700000000 -6.3538 19.5874 0 0 0 0.970816 0.239825
321.800000000 -6.4154 19.626 0 0 0 0.967436 0.253114
321.900000000 -6.47593 19.6663 0 0 0 0.963875 0.266355
322.000000000 -6.53533 19.7083 0 0 0 0.960132 0.279547
322.100000000 -6.59355 19.7518 0 0 0 0.956209 0.292685
322.200000000 -6.65056 19.7969 0 0 0 0.952106 0.305769
322.300000000 -6.70631 19.8436 0 0 0 0.947824 0.318795
322.400000000 -6.76076 19.8918 0 0 0 0.943363 0.331761
322.500000000 -6.81302 19.941 0 0 0 0.938564 0.345106
322.600000000 -6.86869 19.9913 0 0 0 0.936614 0.350364
322.700000000 -6.92396 20.042 0 0 0 0.93486 0.355016
322.800000000 -6.97873 20.0933 0 0 0 0.933084 0.359659
322.900000000 -7.03298 20.1451 0 0 0 0.931284 0.364293
323.000000000 -7.08672 20.1974 0 0 0 0.929462 0.368918
323.100000000 -7.13994 20.2503 0 0 0 0.927616 0.373534
323.200000000 -7.19262 20.3037 0 0 0 0.925748 0.378141
323.300000000 -7.24477 20.3576 0 0 0 0.923857 0.382738
323.400000000 -7.29639 20.4121 0 0 0 0.921943 0.387326
323.500000000 -7.34746 20.467 0 0 0 0.920006 0.391904
323.600000000 -7.39942 20.5211 0 0 0 0.920006 0.391904
323.700000000 -7.4516 20.575 0 0 0 0.920309 0.391193
323.800000000 -7.50387 20.6288 0 0 0 0.920611 0.390481
323.900000000 -7.55622 20.6825 0 0 0 0.920913 0.389769
324.000000000 -7.60866 20.7361 0 0 0 0.921214 0.389057
324.100000000 -7.66117 20.7896 0 0 0 0.921514 0.388344
324.200000000 -7.71377 20.8431 0 0 0 0.921814 0.387632
324.300000000 -7.76645 20.8965 0 0 0 0.922114 0.386919
324.400000000 -7.81922 20.9498 0 0 0 0.922413 0.386205
324.500000000 -7.87207 21.003 0 0 0 0.922711 0.385492
324.600000000 -7.925 21.0561 0 0 0 0.923009 0.384778
324.700000000 -7.97801 21.1092 0 0 0 0.923306 0.384064
324.800000000 -8.0311 21.1622 0 0 0 0.923603 0.38335
324.900000000 -8.08428 21.2151 0 0 0 0.923899 0.382636
325.000000000 -8.13753 21.2679 0 0 0 0.924195 0.381921
325.100000000 -8.19087 21.3206 0 0 0 0.92449 0.381207
325.200000000 -8.24429 21.3732 0 0 0 0.924784 0.380492
325.300000000 -8.29779 21.4258 0 0 0 0.925078 0.379776
325.400000000 -8.35138 21.4783 0 0 0 0.925372 0.379061
325.500000000 -8.40504 21.5307 0 0 0 0.925665 0.378345
325.600000000 -8.45857 21.5832 0 0 0 0.925665 0.378345
325.700000000 -8.5121 21.6357 0 0 0 0.925665 0.378345
325.800000000 -8.56562 21.6883 0 0 0 0.925665 0.378345
325.900000000 -8.61915 21.7408 0 0 0 0.925665 0.378345
326.000000000 -8.67268 21.7933 0 0 0 0.925665 0.378345
326.100000000 -8.72621 21.8459 0 0 0 0.925665 0.378345
326.200000000 -8.77974 21.8984 0 0 0 0.925665 0.378345
326.300000000 -8.83327 21.9509 0 0 0 0.925665 0.378345
326.400000000 -8.88679 22.0035 0 0 0 0.925665 0.378345
326.500000000 -8.94032 22.056 0 0 0 0.925665 0.378345
326.600000000 -8.99385 22.1085 0 0 0 0.925665 0.378345
326.700000000 -9.04738 22.1611 0 0 0 0.925665 0.378345
326.800000000 -9.10091 22.2136 0 0 0 0.925665 0.378345
326.900000000 -9.15443 22.2661 0 0 0 0.925665 0.378345
327.000000000 -9.20796 22.3187 0 0 0 0.925665 0.378345
327.100000000 -9.26149 22.3712 0 0 0 0.925665 0.378345
327.200000000 -9.31502 22.4237 0 0 0 0.925665 0.378345
327.300000000 -9.36855 22.4763 0 0 0 0.925665 0.378345
327.400000000 -9.42208 22.5288 0 0 0 0.925665 0.378345
327.500000000 -9.4756 22.5813 0 0 0 0.925665 0.378345
327.600000000 -9.52913 22.6339 0 0 0 0.925665 0.378345
327.700000000 -9.58266 22.6864 0 0 0 0.925665 0.378345
327.800000000 -9.63619 22.7389 0 0 0 0.925665 0.378345
327.900000000 -9.68972 22.7915 0 0 0 0.925665 0.378345
328.000000000 -9.74325 22.844 0 0 0 0.925665 0.378345
328.100000000 -9.79677 22.8965 0 0 0 0.925665 0.378345
328.200000000 -9.8503 22.9491 0 0 0 0.925665 0.378345
328.300000000 -9.90383 23.0016 0 0 0 0.925665 0.378345
328.400000000 -9.95736 23.0541 0 0 0 0.925665 0.378345
328.500000000 -10.0109 23.1067 0 0 0 0.925665 0.378345
328.600000000 -10.0644 23.1592 0 0 0 0.925665 0.378345
328.700000000 -10.1179 23.2117 0 0 0 0.925665 0.378345
328.800000000 -10.1715 23.2643 0 0 0 0.925665 0.378345
328.900000000 -10.225 23.3168 0 0 0 0.925665 0.378345
329.000000000 -10.2785 23.3693 0 0 0 0.925665 0.378345
329.100000000 -10.3321 23.4219 0 0 0 0.925665 0.378345
329.200000000 -10.3856 23.4744 0 0 0 0.925665 0.378345
329.300000000 -10.4391 23.5269 0 0 0 0.925665 0.378345
329.400000000 -10.4926 23.5795 0 0 0 0.925665 0.378345
329.500000000 -10.5462 23.632 0 0 0 0.925665 0.378345
329.600000000 -10.5997 23.6845 0 0 0 0.925665 0.378345
329.700000000 -10.6532 23.7371 0 0 0 0.925665 0.378345
329.800000000 -10.7068 23.7896 0 0 0 0.925665 0.378345
329.900000000 -10.7603 23.8421 0 0 0 0.925665 0.378345
330.000000000 -10.8138 23.8947 0 0 0 0.925665 0.378345
330.100000000 -10.8673 23.9472 0 0 0 0.925665 0.378345
330.200000000 -10.9209 23.9997 0 0 0 0.925665 0.378345
330.300000000 -10.9744 24.0523 0 0 0 0.925665 0.378345
330.400000000 -11.0279 24.1048 0 0 0 0.925665 0.378345
330.500000000 -11.0815 24.1573 0 0 0 0.925665 0.378345
330.600000000 -11.135 24.2099 0 0 0 0.925665 0.378345
330.700000000 -11.1885 24.2624 0 0 0 0.925665 0.378345
330.800000000 -11.242 24.3149 0 0 0 0.925665 0.378345
330.900000000 -11.2956 24.3675 0 0 0 0.925665 0.378345
331.000000000 -11.3491 24.42 0 0 0 0.925665 0.378345
331.100000000 -11.4026 24.4725 0 0 0 0.925665 0.378345
331.200000000 -11.4561 24.525 0 0 0 0.925665 0.378345
331.300000000 -11.5097 24.5776 0 0 0 0.925665 0.378345
331.400000000 -11.5632 24.6301 0 0 0 0.925665 0.378345
331.500000000 -11.6167 24.6826 0 0 0 0.925665 0.378345
331.600000000 -11.6703 24.7352 0 0 0 0.925665 0.378345
331.700000000 -11.7238 24.7877 0 0 0 0.925665 0.378345
331.800000000 -11.7773 24.8402 0 0 0 0.925665 0.378345
331.900000000 -11.8308 24.8928 0 0 0 0.925665 0.378345
332.000000000 -11.8844 24.9453 0 0 0 0.925665 0.378345
332.100000000 -11.9379 24.9978 0 0 0 0.925665 0.378345
332.200000000 -11.9926 25.0491 0 0 0 0.92729 0.374344
332.300000000 -12.0478 25.1 0 0 0 0.928898 0.370337
332.400000000 -12.1034 25.1503 0 0 0 0.930488 0.366322
332.500000000 -12.1595 25.2002 0 0 0 0.932061 0.362301
332.600000000 -12.2159 25.2495 0 0 0 0.933617 0.358272
332.700000000 -12.273 25.2982 0 0 0 0.935387 0.353627
332.800000000 -12.3306 25.3463 0 0 0 0.937133 0.348972
332.900000000 -12.3886 25.3939 0 0 0 0.938856 0.344309
333.000000000 -12.4471 25.4409 0 0 0 0.940556 0.339638
333.100000000 -12.506 25.4872 0 0 0 0.942233 0.334958
333.200000000 -12.5655 25.533 0 0 0 0.943887 0.33027
333.300000000 -12.6253 25.5782 0 0 0 0.945517 0.325573
333.400000000 -12.6856 25.6228 0 0 0 0.947124 0.320869
333.500000000 -12.7464 25.6668 0 0 0 0.948707 0.316157
333.600000000 -12.8076 25.7102 0 0 0 0.950267 0.311437
333.700000000 -12.8692 25.753 0 0 0 0.951803 0.306709
333.800000000 -12.9313 25.7952 0 0 0 0.953316 0.301973
333.900000000 -12.9937 25.8367 0 0 0 0.954806 0.297231
334.000000000 -13.0564 25.8779 0 0 0 0.95608 0.293105
334.100000000 -13.1197 25.9183 0 0 0 0.957526 0.288348
334.200000000 -13.1831 25.9582 0 0 0 0.958762 0.284211
334.300000000 -13.2469 25.9976 0 0 0 0.95998 0.280068
334.400000000 -13.311 26.0367 0 0 0 0.960995 0.276564
334.500000000 -13.3754 26.0751 0 0 0 0.962181 0.272412
334.600000000 -13.44 26.1132 0 0 0 0.963168 0.2689
334.700000000 -13.5049 26.1508 0 0 0 0.964143 0.265385
334.800000000 -13.5701 26.1879 0 0 0 0.965104 0.261866
334.900000000 -13.6356 26.2246 0 0 0 0.966053 0.258343
335.000000000 -13.7014 26.2605 0 0 0 0.96716 0.254169
335.100000000 -13.7674 26.2961 0 0 0 0.968081 0.250639
335.200000000 -13.8337 26.3312 0 0 0 0.968988 0.247106
335.300000000 -13.9002 26.3659 0 0 0 0.969883 0.24357
335.400000000 -13.967 26.4 0 0 0 0.970765 0.24003
335.500000000 -14.0342 26.4334 0 0 0 0.971793 0.235836
335.600000000 -14.1016 26.4663 0 0 0 0.972802 0.231637
335.700000000 -14.1694 26.4985 0 0 0 0.973793 0.227434
335.800000000 -14.2373 26.5302 0 0 0 0.974766 0.223227
335.900000000 -14.3056 26.5613 0 0 0 0.975721 0.219016
336.000000000 -14.3742 26.5918 0 0 0 0.976658 0.214801
336.100000000 -14.443 26.6217 0 0 0 0.977576 0.210581
336.200000000 -14.512 26.651 0 0 0 0.978477 0.206358
336.300000000 -14.5813 26.6797 0 0 0 0.979359 0.202131
336.400000000 -14.6509 26.7078 0 0 0 0.980222 0.1979
336.500000000 -14.7206 26.7353 0 0 0 0.981068 0.193665
336.600000000 -14.7907 26.7622 0 0 0 0.981895 0.189427
336.700000000 -14.8609 26.7885 0 0 0 0.982704 0.185185
336.800000000 -14.9314 26.8142 0 0 0 0.983494 0.18094
336.900000000 -15.0021 26.8392 0 0 0 0.984266 0.176691
337.000000000 -15.073 26.8637 0 0 0 0.98502 0.172439
337.100000000 -15.143 26.8908 0 0 0 0.984266 0.176691
337.200000000 -15.2126 26.9187 0 0 0 0.983376 0.181582
337.300000000 -15.2818 26.9476 0 0 0 0.982342 0.187094
337.400000000 -15.3507 26.9773 0 0 0 0.981277 0.1926
337.500000000 -15.4193 27.0077 0 0 0 0.980182 0.1981
337.600000000 -15.4867 27.0408 0 0 0 0.977998 0.208616
337.700000000 -15.5533 27.0755 0 0 0 0.975588 0.219611
337.800000000 -15.6191 27.1116 0 0 0 0.973054 0.230578
337.900000000 -15.684 27.1493 0 0 0 0.970397 0.241516
338.000000000 -15.7481 27.1884 0 0 0 0.967617 0.252423
338.100000000 -15.8113 27.2289 0 0 0 0.964714 0.263299
338.200000000 -15.8736 27.2709 0 0 0 0.96169 0.274141
338.300000000 -15.9349 27.3142 0 0 0 0.958543 0.284948
338.400000000 -15.9952 27.359 0 0 0 0.955275 0.295719
338.500000000 -16.0552 27.4041 0 0 0 0.952703 0.303903
338.600000000 -16.1143 27.4504 0 0 0 0.950061 0.312064
338.700000000 -16.1726 27.4976 0 0 0 0.947349 0.320202
338.800000000 -16.2301 27.5458 0 0 0 0.944568 0.328316
338.900000000 -16.2868 27.595 0 0 0 0.941717 0.336407
339.000000000 -16.3426 27.6451 0 0 0 0.938796 0.344472
339.100000000 -16.3976 27.6962 0 0 0 0.935807 0.352513
339.200000000 -16.4517 27.7483 0 0 0 0.932749 0.360527
339.300000000 -16.5049 27.8012 0 0 0 0.929622 0.368515
339.400000000 -16.5571 27.8551 0 0 0 0.926427 0.376476
339.500000000 -16.6084 27.9099 0 0 0 0.923163 0.384409
339.600000000 -16.6611 27.9633 0 0 0 0.922866 0.385122
339.700000000 -16.7138 28.0166 0 0 0 0.922866 0.385122
339.800000000 -16.7666 28.0699 0 0 0 0.922866 0.385122
339.900000000 -16.8193 28.1232 0 0 0 0.922866 0.385122
340.000000000 -16.8721 28.1766 0 0 0 0.922866 0.385122
340.100000000 -16.9248 28.2299 0 0 0 0.922866 0.385122
340.200000000 -16.9776 28.2832 0 0 0 0.922866 0.385122
340.300000000 -17.0303 28.3365 0 0 0 0.922866 0.385122
340.400000000 -17.0831 28.3898 0 0 0 0.922866 0.385122
340.500000000 -17.1358 28.4431 0 0 0 0.922866 0.385122
340.600000000 -17.1888 28.4962 0 0 0 0.923163 0.384409
340.700000000 -17.2418 28.5492 0 0 0 0.92346 0.383695
340.800000000 -17.295 28.6022 0 0 0 0.923756 0.38298
340.900000000 -17.3482 28.655 0 0 0 0.924052 0.382266
341.000000000 -17.4015 28.7078 0 0 0 0.924348 0.381551
341.100000000 -17.4549 28.7605 0 0 0 0.924642 0.380836
341.200000000 -17.5083 28.8131 0 0 0 0.924937 0.380121
341.300000000 -17.5619 28.8656 0 0 0 0.92523 0.379406
341.400000000 -17.6155 28.918 0 0 0 0.925524 0.37869
341.500000000 -17.669 28.9706 0 0 0 0.925524 0.37869
341.600000000 -17.7225 29.0232 0 0 0 0.925524 0.37869
341.700000000 -17.776 29.0757 0 0 0 0.925524 0.37869
341.800000000 -17.8295 29.1283 0 0 0 0.925524 0.37869
341.900000000 -17.883 29.1809 0 0 0 0.925524 0.37869
342.000000000 -17.9364 29.2334 0 0 0 0.925524 0.37869
342.100000000 -17.9899 29.286 0 0 0 0.925524 0.37869
342.200000000 -18.0434 29.3386 0 0 0 0.925524 0.37869
342.300000000 -18.0969 29.3912 0 0 0 0.925524 0.37869
342.400000000 -18.1504 29.4437 0 0 0 0.925524 0.37869
342.500000000 -18.2039 29.4963 0 0 0 0.925524 0.37869
342.600000000 -18.2574 29.5489 0 0 0 0.925524 0.37869
342.700000000 -18.3109 29.6015 0 0 0 0.925524 0.37869
342.800000000 -18.3644 29.654 0 0 0 0.925524 0.37869
342.900000000 -18.4212 29.7031 0 0 0 0.930097 0.367313
343.000000000 -18.4692 29.7364 0 0 0 0.937619 0.347664
343.100000000 -18.5099 29.7568 0 0 0 0.946908 0.321505
343.200000000 -18.5506 29.7736 0 0 0 0.955702 0.294336
343.300000000 -18.5922 29.7881 0 0 0 0.963717 0.266926
343.400000000 -18.6346 29.8002 0 0 0 0.970946 0.239299
343.500000000 -18.6763 29.8088 0 0 0 0.977553 0.21069
343.600000000 -18.7184 29.815 0 0 0 0.983317 0.1819
343.700000000 -18.7608 29.8187 0 0 0 0.988234 0.152952
343.800000000 -18.8034 29.8199 0 0 0 0.992298 0.123872
343.900000000 -18.8459 29.8186 0 0 0 0.995507 0.0946862
344.000000000 -18.8883 29.8147 0 0 0 0.997858 0.0654183
344.100000000 -18.9305 29.8084 0 0 0 0.999348 0.036094
344.200000000 -18.9721 29.7997 0 0 0 0.999977 0.00673861
344.300000000 -19.0132 29.7885 0 0 0 0.999744 -0.0226226
344.400000000 -19.0536 29.7749 0 0 0 0.998649 -0.0519643
344.500000000 -19.0931 29.759 0 0 0 0.996693 -0.0812612
344.600000000 -19.1478 29.7413 0 0 0 0.994721 -0.102612
344.700000000 -19.2187 29.7211 0 0 0 0.993276 -0.115769
344.800000000 -19.2905 29.6991 0 0 0 0.991782 -0.127939
344.900000000 -19.3617 29.6754 0 0 0 0.990139 -0.14009
345.000000000 -19.4324 29.6499 0 0 0 0.988347 -0.15222
345.100000000 -19.5023 29.6226 0 0 0 0.986406 -0.164328
345.200000000 -19.5717 29.5937 0 0 0 0.984317 -0.17641
345.300000000 -19.6402 29.5631 0 0 0 0.98208 -0.188466
345.400000000 -19.708 29.5308 0 0 0 0.979695 -0.200494
345.500000000 -19.777 29.5013 0 0 0 0.979695 -0.200494
345.600000000 -19.8461 29.4722 0 0 0 0.97985 -0.199736
345.700000000 -19.9152 29.4431 0 0 0 0.980004 -0.198978
345.800000000 -19.9844 29.4141 0 0 0 0.980157 -0.19822
345.900000000 -20.0536 29.3853 0 0 0 0.98031 -0.197462
346.000000000 -20.1229 29.3565 0 0 0 0.980463 -0.196704
346.100000000 -20.1922 29.3279 0 0 0 0.980615 -0.195946
346.200000000 -20.2626 29.3018 0 0 0 0.982043 -0.188655
346.300000000 -20.3332 29.2765 0 0 0 0.98331 -0.181937
346.400000000 -20.4043 29.2525 0 0 0 0.984635 -0.174626
346.500000000 -20.4757 29.2295 0 0 0 0.985905 -0.167306
346.600000000 -20.5476 29.208 0 0 0 0.987304 -0.158843
346.700000000 -20.62 29.188 0 0 0 0.988714 -0.149818
346.800000000 -20.6927 29.1692 0 0 0 0.990041 -0.14078
346.900000000 -20.7657 29.1519 0 0 0 0.991286 -0.131731
347.000000000 -20.839 29.1358 0 0 0 0.992447 -0.122671
347.100000000 -20.9126 29.1211 0 0 0 0.993527 -0.1136
347.200000000 -20.9864 29.1077 0 0 0 0.994523 -0.10452
347.300000000 -21.0605 29.0957 0 0 0 0.995436 -0.0954313
347.400000000 -21.1348 29.0851 0 0 0 0.996266 -0.0863346
347.500000000 -21.2092 29.0753 0 0 0 0.996926 -0.0783518
347.600000000 -21.2838 29.0665 0 0 0 0.99748 -0.0709428
347.700000000 -21.3584 29.0589 0 0 0 0.99798 -0.06353
347.800000000 -21.4332 29.0523 0 0 0 0.998424 -0.0561136
347.900000000 -21.508 29.0469 0 0 0 0.998814 -0.0486941
348.000000000 -21.5829 29.0425 0 0 0 0.999148 -0.0412719
348.100000000 -21.6579 29.0393 0 0 0 0.999427 -0.0338475
348.200000000 -21.7329 29.0372 0 0 0 0.999651 -0.0264212
348.300000000 -21.8079 29.0362 0 0 0 0.99982 -0.0189934
348.400000000 -21.8829 29.0363 0 0 0 0.999933 -0.0115646
348.500000000 -21.958 29.0376 0 0 0 0.999991 -0.00413511
348.600000000 -22.033 29.0399 0 0 0 0.999995 0.00329457
348.700000000 -22.1079 29.0434 0 0 0 0.999942 0.0107241
348.800000000 -22.1828 29.048 0 0 0 0.999835 0.018153
348.900000000 -22.2576 29.0537 0 0 0 0.999673 0.0255809
349.000000000 -22.3324 29.0605 0 0 0 0.999455 0.0330074
349.100000000 -22.397 29.0717 0 0 0 0.998734 0.0503012
349.200000000 -22.4447 29.0867 0 0 0 0.997135 0.0756428
349.300000000 -22.4748 29.1048 0 0 0 0.994035 0.109057
349.400000000 -22.4824 29.1245 0 0 0 0.988311 0.152448
349.500000000 -22.477 29.1434 0 0 0 0.979613 0.200895
349.600000000 -22.4698 29.1617 0 0 0 0.968541 0.248856
349.700000000 -22.4608 29.1792 0 0 0 0.955122 0.296213
349.800000000 -22.4502 29.1957 0 0 0 0.939389 0.342853
349.900000000 -22.438 29.2111 0 0 0 0.921381 0.388662
350.000000000 -22.4243 29.2253 0 0 0 0.90114 0.433529
350.100000000 -22.4093 29.238 0 0 0 0.878715 0.477346
350.200000000 -22.3931 29.2492 0 0 0 0.854162 0.520006
350.300000000 -22.3759 29.2587 0 0 0 0.82754 0.561407
350.400000000 -22.3579 29.2665 0 0 0 0.798912 0.601448
350.500000000 -22.3391 29.2725 0 0 0 0.768349 0.640031
350.600000000 -22.3199 29.2766 0 0 0 0.735924 0.677064
350.700000000 -22.3004 29.2788 0 0 0 0.701717 0.712456
350.800000000 -22.2807 29.2791 0 0 0 0.665809 0.746122
350.900000000 -22.2611 29.2775 0 0 0 0.628288 0.777981
351.000000000 -22.2418 29.2739 0 0 0 0.589245 0.807954
351.100000000 -22.2229 29.2684 0 0 0 0.548775 0.83597
351.200000000 -22.2046 29.2611 0 0 0 0.506974 0.861961
351.300000000 -22.1871 29.2521 0 0 0 0.463946 0.885864
351.400000000 -22.1706 29.2414 0 0 0 0.419793 0.90762
351.500000000 -22.1553 29.2291 0 0 0 0.374624 0.927177
351.600000000 -22.1412 29.2153 0 0 0 0.328546 0.944488
351.700000000 -22.1286 29.2003 0 0 0 0.281673 0.95951
351.800000000 -22.1175 29.1841 0 0 0 0.234118 0.972208
351.900000000 -22.108 29.1668 0 0 0 0.185995 0.982551
352.000000000 -22.1003 29.1487 0 0 0 0.137421 0.990513
352.100000000 -22.0944 29.13 0 0 0 0.0885148 0.996075
352.200000000 -22.0903 29.1107 0 0 0 0.0393939 0.999224
352.300000000 -22.0882 29.0912 0 0 0 -0.00982246 0.999952
352.400000000 -22.088 29.0715 0 0 0 -0.059015 0.998257
352.500000000 -22.0897 29.0519 0 0 0 -0.108065 0.994144
352.600000000 -22.0784 29.0322 0 0 0 -0.149701 0.988731
352.700000000 -22.0699 29.0118 0 0 0 -0.191643 0.981465
352.800000000 -22.0644 28.991 0 0 0 -0.233815 0.972281
352.900000000 -22.0608 28.9697 0 0 0 -0.275552 0.961286
353.000000000 -22.0589 28.9483 0 0 0 -0.316775 0.948501
353.100000000 -22.059 28.9267 0 0 0 -0.357407 0.933949
353.200000000 -22.0619 28.9059 0 0 0 -0.397932 0.917415
353.300000000 -22.0667 28.8854 0 0 0 -0.437693 0.899124
353.400000000 -22.0733 28.8654 0 0 0 -0.476617 0.879111
353.500000000 -22.0668 28.8309 0 0 0 -0.505845 0.862624
353.600000000 -22.052 28.7841 0 0 0 -0.527198 0.849743
353.700000000 -22.0292 28.7225 0 0 0 -0.541826 0.84049
353.800000000 -22.0054 28.6558 0 0 0 -0.554077 0.832466
353.900000000 -21.983 28.5876 0 0 0 -0.565826 0.824525
354.000000000 -21.9626 28.5188 0 0 0 -0.577462 0.816418
354.100000000 -21.9441 28.4494 0 0 0 -0.588981 0.808147
354.200000000 -21.9276 28.3796 0 0 0 -0.600383 0.799713
354.300000000 -21.9131 28.3093 0 0 0 -0.611663 0.791118
354.400000000 -21.9005 28.2386 0 0 0 -0.62282 0.782365
354.500000000 -21.89 28.1676 0 0 0 -0.633852 0.773454
354.600000000 -21.8815 28.0963 0 0 0 -0.644757 0.764387
354.700000000 -21.8751 28.0248 0 0 0 -0.655532 0.755167
354.800000000 -21.8706 27.9532 0 0 0 -0.666175 0.745795
354.900000000 -21.8682 27.8814 0 0 0 -0.676684 0.736273
355.000000000 -21.8662 27.8064 0 0 0 -0.684553 0.728963
355.100000000 -21.8655 27.7313 0 0 0 -0.691964 0.721932
355.200000000 -21.8665 27.6562 0 0 0 -0.699302 0.714826
355.300000000 -21.8689 27.5812 0 0 0 -0.706567 0.707646
355.400000000 -21.8729 27.5063 0 0 0 -0.713759 0.700391
355.500000000 -21.8784 27.4314 0 0 0 -0.720876 0.693064
355.600000000 -21.8874 27.3638 0 0 0 -0.731872 0.681442
355.700000000 -21.8988 27.2974 0 0 0 -0.742976 0.669318
355.800000000 -21.9123 27.2315 0 0 0 -0.753879 0.657013
355.900000000 -21.9279 27.166 0 0 0 -0.764578 0.644531
356.000000000 -21.9458 27.101 0 0 0 -0.775071 0.631874
356.100000000 -21.9657 27.0367 0 0 0 -0.785354 0.619047
356.200000000 -21.9877 26.9731 0 0 0 -0.795425 0.606052
356.300000000 -22.0119 26.9102 0 0 0 -0.805281 0.592893
356.400000000 -22.038 26.8482 0 0 0 -0.814919 0.579575
356.500000000 -22.0663 26.7871 0 0 0 -0.824337 0.566099
356.600000000 -22.0958 26.7304 0 0 0 -0.834481 0.551036
356.700000000 -22.1275 26.6748 0 0 0 -0.844351 0.535791
356.800000000 -22.1611 26.6204 0 0 0 -0.853941 0.52037
356.900000000 -22.1969 26.5664 0 0 0 -0.863036 0.505142
357.000000000 -22.2344 26.5145 0 0 0 0.872067 -0.489386
357.100000000 -22.274 26.4633 0 0 0 0.88061 -0.473843
357.200000000 -22.3154 26.4134 0 0 0 0.888875 -0.45815
357.300000000 -22.3589 26.3643 0 0 0 0.896672 -0.442696
357.400000000 -22.4041 26.3167 0 0 0 0.9042 -0.42711
357.500000000 -22.4513 26.2699 0 0 0 0.911279 -0.41179
357.600000000 -22.4996 26.2255 0 0 0 0.91827 -0.395956
357.700000000 -22.5499 26.182 0 0 0 0.924821 -0.380402
357.800000000 -22.6017 26.1403 0 0 0 0.931109 -0.364741
357.900000000 -22.6553 26.0996 0 0 0 0.93698 -0.349384
358.000000000 -22.7103 26.0607 0 0 0 0.942597 -0.333933
358.100000000 -22.7665 26.0236 0 0 0 0.947959 -0.318392
358.200000000 -22.8245 25.9877 0 0 0 0.952932 -0.303185
358.300000000 -22.8842 25.9531 0 0 0 0.957532 -0.288328
358.400000000 -22.945 25.9203 0 0 0 0.9619 -0.273401
358.500000000 -23.0075 25.8887 0 0 0 0.965919 -0.258844
358.600000000 -23.0709 25.8591 0 0 0 0.969718 -0.244228
358.700000000 -23.1219 25.8423 0 0 0 0.975173 -0.221445
358.800000000 -23.1605 25.8377 0 0 0 0.981648 -0.190702
358.900000000 -23.1883 25.8428 0 0 0 0.988144 -0.153529
359.000000000 -23.2148 25.8504 0 0 0 0.993291 -0.115643
359.100000000 -23.2407 25.86 0 0 0 0.996986 -0.0775872
359.200000000 -23.2647 25.8719 0 0 0 0.999243 -0.0389115
359.300000000 -23.2878 25.8856 0 0 0 1 -0.000177498
359.400000000 -23.3097 25.9011 0 0 0 0.999256 0.0385568
359.500000000 -23.3303 25.9182 0 0 0 0.997013 0.0772332
359.600000000 -23.3496 25.9369 0 0 0 0.993273 0.115794
359.700000000 -23.3674 25.957 0 0 0 0.988043 0.15418
359.800000000 -23.3835 25.9784 0 0 0 0.981329 0.192336
359.900000000 -23.398 26.001 0 0 0 0.973143 0.230202
360.000000000 -23.3912 26.0193 0 0 0 0.960845 0.277088
360.100000000 -23.3812 26.0362 0 0 0 0.946046 0.324033
360.200000000 -23.3696 26.0521 0 0 0 0.928955 0.370192
360.300000000 -23.3565 26.0668 0 0 0 0.909614 0.415454
360.400000000 -23.342 26.0801 0 0 0 0.888069 0.45971
360.500000000 -23.3263 26.0919 0 0 0 0.864372 0.502852
360.600000000 -23.3095 26.1021 0 0 0 0.838581 0.544776
360.700000000 -23.2918 26.1106 0 0 0 0.810759 0.58538
360.800000000 -23.2733 26.1174 0 0 0 0.780972 0.624566
360.900000000 -23.2543 26.1222 0 0 0 0.749293 0.662239
361.000000000 -23.2348 26.1252 0 0 0 0.715799 0.698307
361.100000000 -23.2152 26.1263 0 0 0 0.68057 0.732683
361.200000000 -23.1955 26.1254 0 0 0 0.643693 0.765284
361.300000000 -23.1761 26.1226 0 0 0 0.605256 0.796031
361.400000000 -23.157 26.1179 0 0 0 0.565352 0.824849
361.500000000 -23.1384 26.1114 0 0 0 0.524079 0.851669
361.600000000 -23.1206 26.103 0 0 0 0.481537 0.876426
361.700000000 -23.1037 26.093 0 0 0 0.437827 0.899059
361.800000000 -23.0879 26.0813 0 0 0 0.393057 0.919514
361.900000000 -23.0733 26.0681 0 0 0 0.347334 0.937741
362.000000000 -23.06 26.0536 0 0 0 0.30077 0.953697
362.100000000 -23.0483 26.0378 0 0 0 0.253478 0.967341
362.200000000 -23.0381 26.021 0 0 0 0.205571 0.978642
362.300000000 -23.0297 26.0032 0 0 0 0.157166 0.987572
362.400000000 -23.023 25.9847 0 0 0 0.10838 0.99411
362.500000000 -23.0182 25.9656 0 0 0 0.0593321 0.998238
362.600000000 -22.9917 25.9538 0 0 0 0.0221178 0.999755
362.700000000 -22.9578 25.9421 0 0 0 -0.0110032 0.999939
362.800000000 -22.9239 25.9282 0 0 0 -0.0436805 0.999046
362.900000000 -22.891 25.9122 0 0 0 -0.0763112 0.997084
363.000000000 -22.8592 25.8941 0 0 0 -0.10886 0.994057
363.100000000 -22.8287 25.874 0 0 0 -0.141293 0.989968
363.200000000 -22.7995 25.8519 0 0 0 -0.173575 0.984821
363.300000000 -22.7718 25.8279 0 0 0 -0.205671 0.978621
363.400000000 -22.7458 25.8022 0 0 0 -0.237548 0.971376
363.500000000 -22.7215 25.7748 0 0 0 -0.26917 0.963093
363.600000000 -22.6834 25.7402 0 0 0 -0.292786 0.956178
363.700000000 -22.6315 25.6972 0 0 0 -0.308465 0.951236
363.800000000 -22.576 25.6502 0 0 0 -0.321479 0.946917
363.900000000 -22.5219 25.6017 0 0 0 -0.334433 0.94242
364.000000000 -22.469 25.5518 0 0 0 -0.347324 0.937745
364.100000000 -22.4176 25.5004 0 0 0 -0.360149 0.932895
364.200000000 -22.3676 25.4476 0 0 0 -0.372907 0.927869
364.300000000 -22.319 25.3935 0 0 0 -0.385594 0.922668
364.400000000 -22.272 25.338 0 0 0 -0.398209 0.917295
364.500000000 -22.2215 25.2826 0 0 0 -0.400274 0.916396
364.600000000 -22.1694 25.2286 0 0 0 -0.396928 0.91785
364.700000000 -22.1168 25.1751 0 0 0 -0.392961 0.919555
364.800000000 -22.0637 25.1221 0 0 0 -0.388986 0.921243
364.900000000 -22.0102 25.0696 0 0 0 -0.385005 0.922915
365.000000000 -21.9562 25.0175 0 0 0 -0.381016 0.924569
365.100000000 -21.9018 24.9659 0 0 0 -0.37702 0.926205
365.200000000 -21.8469 24.9148 0 0 0 -0.373017 0.927825
365.300000000 -21.7916 24.8641 0 0 0 -0.369007 0.929427
365.400000000 -21.7358 24.8139 0 0 0 -0.36499 0.931011
365.500000000 -21.6796 24.7642 0 0 0 -0.360966 0.932579
365.600000000 -21.623 24.715 0 0 0 -0.356936 0.934129
365.700000000 -21.566 24.6663 0 0 0 -0.352899 0.935662
365.800000000 -21.5085 24.6181 0 0 0 -0.348855 0.937177
365.900000000 -21.4506 24.5703 0 0 0 -0.344805 0.938674
366.000000000 -21.3958 24.5191 0 0 0 -0.353184 0.935554
366.100000000 -21.3537 24.4721 0 0 0 -0.370505 0.92883
366.200000000 -21.3272 24.4323 0 0 0 -0.395053 0.918658
366.300000000 -21.3076 24.3945 0 0 0 -0.421854 0.906664
366.400000000 -21.2902 24.3557 0 0 0 -0.448291 0.893888
366.500000000 -21.2776 24.3181 0 0 0 -0.475783 0.879563
366.600000000 -21.268 24.2805 0 0 0 -0.503179 0.864182
366.700000000 -21.2608 24.2423 0 0 0 -0.530078 0.847949
366.800000000 -21.256 24.2037 0 0 0 -0.556453 0.830879
366.900000000 -21.2536 24.1649 0 0 0 -0.58228 0.812989
367.000000000 -21.2536 24.1261 0 0 0 -0.607531 0.794296
367.100000000 -21.2561 24.0873 0 0 0 -0.632183 0.774819
367.200000000 -21.2611 24.0488 0 0 0 -0.656211 0.754577
367.300000000 -21.2684 24.0106 0 0 0 -0.679591 0.733591
367.400000000 -21.2781 23.973 0 0 0 -0.702301 0.71188
367.500000000 -21.2876 23.9239 0 0 0 -0.720149 0.693819
367.600000000 -21.2996 23.8754 0 0 0 -0.737533 0.675311
367.700000000 -21.314 23.8275 0 0 0 -0.754441 0.656367
367.800000000 -21.3308 23.7804 0 0 0 -0.770863 0.637001
367.900000000 -21.35 23.7334 0 0 0 -0.786546 0.617532
368.000000000 -21.3715 23.6875 0 0 0 -0.801737 0.597677
368.100000000 -21.3953 23.6427 0 0 0 -0.816427 0.577449
368.200000000 -21.4213 23.5991 0 0 0 -0.830606 0.55686
368.300000000 -21.4495 23.5569 0 0 0 -0.844267 0.535923
368.400000000 -21.4797 23.5161 0 0 0 -0.8574 0.514651
368.500000000 -21.5119 23.4769 0 0 0 0.869997 -0.493058
368.600000000 -21.5469 23.43 0 0 0 0.877228 -0.480075
368.700000000 -21.5827 23.3777 0 0 0 0.879624 -0.475669
368.800000000 -21.6215 23.3135 0 0 0 0.876352 -0.481671
368.900000000 -21.6584 23.2481 0 0 0 0.871648 -0.490132
369.000000000 -21.694 23.182 0 0 0 0.866863 -0.498546
369.100000000 -21.7284 23.1153 0 0 0 -0.861997 0.506914
369.200000000 -21.7615 23.0479 0 0 0 -0.85705 0.515234
369.300000000 -21.7932 22.9799 0 0 0 -0.852022 0.523506
369.400000000 -21.8236 22.9113 0 0 0 -0.846915 0.531729
369.500000000 -21.8523 22.8419 0 0 0 -0.841155 0.540794
369.600000000 -21.8795 22.7719 0 0 0 -0.835298 0.549797
369.700000000 -21.9052 22.7014 0 0 0 -0.829345 0.558736
369.800000000 -21.9294 22.6303 0 0 0 -0.823297 0.567611
369.900000000 -21.952 22.5587 0 0 0 -0.817153 0.576421
370.000000000 -21.9731 22.4867 0 0 0 -0.810915 0.585164
370.100000000 -21.9927 22.4142 0 0 0 -0.804584 0.593839
370.200000000 -22.0107 22.3413 0 0 0 -0.798159 0.602446
370.300000000 -22.0271 22.268 0 0 0 -0.791643 0.610984
370.400000000 -22.0419 22.1944 0 0 0 -0.785035 0.619451
370.500000000 -22.0552 22.1205 0 0 0 -0.778337 0.627846
370.600000000 -22.0707 22.0472 0 0 0 -0.777851 0.628448
370.700000000 -22.0868 21.9739 0 0 0 -0.778337 0.627846
370.800000000 -22.103 21.9007 0 0 0 -0.778822 0.627244
370.900000000 -22.1193 21.8275 0 0 0 -0.779307 0.626642
371.000000000 -22.1357 21.7543 0 0 0 -0.779792 0.626039
371.100000000 -22.1522 21.6811 0 0 0 -0.780276 0.625436
371.200000000 -22.1688 21.608 0 0 0 -0.780759 0.624832
371.300000000 -22.1855 21.5349 0 0 0 -0.781242 0.624228
371.400000000 -22.2024 21.4618 0 0 0 -0.781724 0.623624
371.500000000 -22.2194 21.3887 0 0 0 -0.782206 0.623019
371.600000000 -22.2364 21.3157 0 0 0 -0.782688 0.622414
371.700000000 -22.2536 21.2427 0 0 0 -0.783169 0.621809
371.800000000 -22.2709 21.1697 0 0 0 -0.78365 0.621203
371.900000000 -22.2883 21.0968 0 0 0 -0.78413 0.620597
372.000000000 -22.3076 21.0346 0 0 0 -0.790987 0.611833
372.100000000 -22.3305 20.9766 0 0 0 -0.802467 0.596697
372.200000000 -22.3556 20.9196 0 0 0 -0.813657 0.581345
372.300000000 -22.3828 20.8635 0 0 0 -0.824554 0.565783
372.400000000 -22.4122 20.8085 0 0 0 -0.835154 0.550017
372.500000000 -22.4438 20.7539 0 0 0 -0.845229 0.534405
372.600000000 -22.4733 20.7163 0 0 0 -0.859129 0.511758
372.700000000 -22.4997 20.6969 0 0 0 0.876462 -0.481471
372.800000000 -22.5208 20.6964 0 0 0 0.89669 -0.442659
372.900000000 -22.5418 20.6977 0 0 0 0.915201 -0.402999
373.000000000 -22.5626 20.7009 0 0 0 0.931958 -0.362567
373.100000000 -22.583 20.7059 0 0 0 0.94693 -0.32144
373.200000000 -22.6021 20.7136 0 0 0 0.960262 -0.279101
373.300000000 -22.6204 20.723 0 0 0 0.971701 -0.236212
373.400000000 -22.6378 20.7339 0 0 0 0.981227 -0.192858
373.500000000 -22.6541 20.7464 0 0 0 0.988819 -0.149124
373.600000000 -22.6682 20.7609 0 0 0 0.994529 -0.104462
373.700000000 -22.6808 20.7766 0 0 0 0.998223 -0.0595891
373.800000000 -22.692 20.7934 0 0 0 0.999893 -0.0145951
373.900000000 -22.7017 20.8111 0 0 0 0.999537 0.0304285
374.000000000 -22.7097 20.8296 0 0 0 0.997154 0.0753903
374.100000000 -22.7073 20.8491 0 0 0 0.992236 0.124366
374.200000000 -22.703 20.8683 0 0 0 0.984915 0.17304
374.300000000 -22.6969 20.887 0 0 0 0.975207 0.221295
374.400000000 -22.6889 20.905 0 0 0 0.963136 0.269014
374.500000000 -22.6792 20.9221 0 0 0 0.948732 0.316081
374.600000000 -22.6679 20.9382 0 0 0 0.93203 0.362382
374.700000000 -22.655 20.9531 0 0 0 0.913069 0.407805
374.800000000 -22.6408 20.9666 0 0 0 0.891896 0.45224
374.900000000 -22.6253 20.9787 0 0 0 0.868562 0.49558
375.000000000 -22.6086 20.9892 0 0 0 0.843124 0.537719
375.100000000 -22.5911 20.998 0 0 0 0.815644 0.578555
375.200000000 -22.5727 21.005 0 0 0 0.786187 0.617989
375.300000000 -22.5537 21.0103 0 0 0 0.754825 0.655926
375.400000000 -22.5343 21.0136 0 0 0 0.721635 0.692274
375.500000000 -22.5147 21.015 0 0 0 0.686696 0.726945
375.600000000 -22.4951 21.0144 0 0 0 0.650093 0.759854
375.700000000 -22.4756 21.012 0 0 0 0.611916 0.790923
375.800000000 -22.4564 21.0076 0 0 0 0.572256 0.820075
375.900000000 -22.4377 21.0013 0 0 0 0.531209 0.847241
376.000000000 -22.4198 20.9933 0 0 0 0.488876 0.872353
376.100000000 -22.4027 20.9835 0 0 0 0.445358 0.895353
376.200000000 -22.3867 20.9721 0 0 0 0.400761 0.916183
376.300000000 -22.3719 20.9592 0 0 0 0.355193 0.934793
376.400000000 -22.3584 20.9449 0 0 0 0.308765 0.951138
376.500000000 -22.3464 20.9293 0 0 0 0.261588 0.96518
376.600000000 -22.3173 20.9291 0 0 0 0.225465 0.974251
376.700000000 -22.2741 20.9375 0 0 0 0.197554 0.980292
376.800000000 -22.2236 20.948 0 0 0 0.173374 0.984856
376.900000000 -22.1728 20.956 0 0 0 0.149089 0.988824
377.000000000 -22.1216 20.9615 0 0 0 0.124714 0.992193
377.100000000 -22.0702 20.9645 0 0 0 0.100264 0.994961
377.200000000 -22.0187 20.9649 0 0 0 0.0757529 0.997127
377.300000000 -21.9672 20.9629 0 0 0 0.0511959 0.998689
377.400000000 -21.916 20.9582 0 0 0 0.0266078 0.999646
377.500000000 -21.865 20.9511 0 0 0 0.00200371 0.999998
377.600000000 -21.7979 20.9448 0 0 0 -0.0144364 0.999896
377.700000000 -21.7232 20.9377 0 0 0 -0.0266956 0.999644
377.800000000 -21.6486 20.929 0 0 0 -0.0384524 0.99926
377.900000000 -21.5742 20.9186 0 0 0 -0.050204 0.998739
378.000000000 -21.5001 20.9064 0 0 0 -0.0619486 0.998079
378.100000000 -21.4263 20.8924 0 0 0 -0.0736846 0.997282
378.200000000 -21.3529 20.8768 0 0 0 -0.0854105 0.996346
378.300000000 -21.2798 20.8594 0 0 0 -0.0971245 0.995272
378.400000000 -21.2072 20.8403 0 0 0 -0.108825 0.994061
378.500000000 -21.1351 20.8195 0 0 0 -0.120511 0.992712
378.600000000 -21.0622 20.8018 0 0 0 -0.119743 0.992805
378.700000000 -20.989 20.7854 0 0 0 -0.11612 0.993235
378.800000000 -20.9157 20.7695 0 0 0 -0.112496 0.993652
378.900000000 -20.8422 20.7542 0 0 0 -0.108871 0.994056
379.000000000 -20.7687 20.7394 0 0 0 -0.105244 0.994446
379.100000000 -20.6951 20.7251 0 0 0 -0.101615 0.994824
379.200000000 -20.6213 20.7114 0 0 0 -0.0979855 0.995188
379.300000000 -20.5475 20.6982 0 0 0 -0.0943544 0.995539
379.400000000 -20.4736 20.6855 0 0 0 -0.0907221 0.995876
379.500000000 -20.3995 20.6734 0 0 0 -0.0870886 0.996201
379.600000000 -20.3254 20.6618 0 0 0 -0.0834539 0.996512
379.700000000 -20.2512 20.6508 0 0 0 -0.0798181 0.996809
379.800000000 -20.177 20.6403 0 0 0 -0.0761812 0.997094
379.900000000 -20.1026 20.6304 0 0 0 -0.0725433 0.997365
380.000000000 -20.0282 20.6209 0 0 0 -0.0689045 0.997623
380.100000000 -19.9535 20.6136 0 0 0 -0.0614906 0.998108
380.200000000 -19.8787 20.6076 0 0 0 -0.0534939 0.998568
380.300000000 -19.8038 20.6027 0 0 0 -0.0454937 0.998965
380.400000000 -19.7289 20.5991 0 0 0 -0.0374906 0.999297
380.500000000 -19.6539 20.5965 0 0 0 -0.0300651 0.999548
380.600000000 -19.5789 20.5949 0 0 0 -0.022638 0.999744
380.700000000 -19.5038 20.5945 0 0 0 -0.0152097 0.999884
380.800000000 -19.4288 20.5952 0 0 0 -0.00778046 0.99997
380.900000000 -19.3538 20.597 0 0 0 -0.000350832 1
381.000000000 -19.2788 20.5999 0 0 0 0.00707881 0.999975
381.100000000 -19.2039 20.6039 0 0 0 0.0145081 0.999895
381.200000000 -19.129 20.6091 0 0 0 0.0219365 0.999759
381.300000000 -19.0542 20.6153 0 0 0 0.0293638 0.999569
381.400000000 -18.9796 20.6227 0 0 0 0.0367894 0.999323
381.500000000 -18.9049 20.6299 0 0 0 0.0411043 0.999155
381.600000000 -18.8301 20.6358 0 0 0 0.0403316 0.999186
381.700000000 -18.7553 20.6412 0 0 0 0.0388094 0.999247
381.800000000 -18.6805 20.6464 0 0 0 0.0372871 0.999305
381.900000000 -18.6057 20.6514 0 0 0 0.0357646 0.99936
382.000000000 -18.5308 20.6562 0 0 0 0.0342421 0.999414
382.100000000 -18.456 20.6607 0 0 0 0.0327196 0.999465
382.200000000 -18.3811 20.665 0 0 0 0.0311969 0.999513
382.300000000 -18.3062 20.6691 0 0 0 0.0296742 0.99956
382.400000000 -18.2313 20.6729 0 0 0 0.0281514 0.999604
382.500000000 -18.1564 20.6765 0 0 0 0.0266285 0.999645
382.600000000 -18.0814 20.6799 0 0 0 0.0251056 0.999685
382.700000000 -18.0065 20.6831 0 0 0 0.0235826 0.999722
382.800000000 -17.9316 20.686 0 0 0 0.0220595 0.999757
382.900000000 -17.8566 20.689 0 0 0 0.0212864 0.999773
383.000000000 -17.7817 20.6919 0 0 0 0.0205133 0.99979
383.100000000 -17.7067 20.6946 0 0 0 0.0197401 0.999805
383.200000000 -17.6318 20.6973 0 0 0 0.0189669 0.99982
383.300000000 -17.5568 20.6998 0 0 0 0.0181938 0.999834
383.400000000 -17.4819 20.7023 0 0 0 0.0174206 0.999848
383.500000000 -17.4069 20.7046 0 0 0 0.0166474 0.999861
383.600000000 -17.3319 20.7067 0 0 0 0.0158742 0.999874
383.700000000 -17.257 20.7091 0 0 0 0.0158742 0.999874
383.800000000 -17.182 20.7112 0 0 0 0.0151009 0.999886
383.900000000 -17.107 20.7132 0 0 0 0.0143277 0.999897
384.000000000 -17.032 20.715 0 0 0 0.0135545 0.999908
384.100000000 -16.9571 20.717 0 0 0 0.0135545 0.999908
384.200000000 -16.8821 20.7191 0 0 0 0.0135545 0.999908
384.300000000 -16.8071 20.7211 0 0 0 0.0135545 0.999908
384.400000000 -16.7321 20.7228 0 0 0 0.0127812 0.999918
384.500000000 -16.6572 20.7244 0 0 0 0.012008 0.999928
384.600000000 -16.5822 20.7262 0 0 0 0.012008 0.999928
384.700000000 -16.5072 20.728 0 0 0 0.012008 0.999928
384.800000000 -16.4322 20.7295 0 0 0 0.0112347 0.999937
384.900000000 -16.3572 20.7312 0 0 0 0.0112347 0.999937
385.000000000 -16.2822 20.7323 0 0 0 0.00971134 0.999953
385.100000000 -16.2072 20.7331 0 0 0 0.00818796 0.999966
385.200000000 -16.1323 20.734 0 0 0 0.00741467 0.999973
385.300000000 -16.0573 20.7348 0 0 0 0.00664138 0.999978
385.400000000 -15.9823 20.7355 0 0 0 0.00586808 0.999983
385.500000000 -15.9073 20.7361 0 0 0 0.00509478 0.999987
385.600000000 -15.8323 20.7366 0 0 0 0.00432147 0.999991
385.700000000 -15.7573 20.7369 0 0 0 0.00354816 0.999994
385.800000000 -15.6823 20.7371 0 0 0 0.00277485 0.999996
385.900000000 -15.6073 20.7372 0 0 0 0.00200154 0.999998
386.000000000 -15.5323 20.7372 0 0 0 0.00122822 0.999999
386.100000000 -15.4573 20.7374 0 0 0 0.00122822 0.999999
386.200000000 -15.3823 20.7376 0 0 0 0.00122822 0.999999
386.300000000 -15.3073 20.7378 0 0 0 0.00122822 0.999999
386.400000000 -15.2323 20.733 0 0 0 -0.0110334 0.999939
386.500000000 -15.1663 20.7248 0 0 0 -0.027907 0.999611
386.600000000 -15.1007 20.7144 0 0 0 -0.0447727 0.998997
386.700000000 -15.0354 20.7018 0 0 0 -0.0616256 0.998099
386.800000000 -14.9706 20.6869 0 0 0 -0.0784609 0.996917
386.900000000 -14.9064 20.6699 0 0 0 -0.0952739 0.995451
387.000000000 -14.8427 20.6508 0 0 0 -0.11206 0.993701
387.100000000 -14.7964 20.6299 0 0 0 -0.136865 0.99059
387.200000000 -14.768 20.6082 0 0 0 -0.169595 0.985514
387.300000000 -14.7615 20.5876 0 0 0 -0.211962 0.977278
387.400000000 -14.7692 20.5695 0 0 0 -0.259794 0.965664
387.500000000 -14.7785 20.5522 0 0 0 -0.306997 0.951711
387.600000000 -14.7895 20.5359 0 0 0 -0.353455 0.935451
387.700000000 -14.8021 20.5207 0 0 0 -0.399058 0.916926
387.800000000 -14.8161 20.5069 0 0 0 -0.443693 0.896179
387.900000000 -14.8314 20.4945 0 0 0 -0.487254 0.87326
388.000000000 -14.8478 20.4837 0 0 0 -0.529634 0.848226
388.100000000 -14.8652 20.4746 0 0 0 -0.570731 0.821137
388.200000000 -14.8834 20.4672 0 0 0 -0.610445 0.792059
388.300000000 -14.9023 20.4616 0 0 0 -0.64868 0.761061
388.400000000 -14.9216 20.4579 0 0 0 -0.685344 0.72822
388.500000000 -14.9412 20.4562 0 0 0 -0.720347 0.693614
388.600000000 -14.9609 20.4563 0 0 0 -0.753605 0.657328
388.700000000 -14.9804 20.4584 0 0 0 -0.785037 0.619449
388.800000000 -14.9997 20.4624 0 0 0 -0.814567 0.580069
388.900000000 -15.0185 20.4683 0 0 0 -0.842124 0.539284
389.000000000 -15.0366 20.476 0 0 0 0.86764 -0.497193
389.100000000 -15.0538 20.4855 0 0 0 0.891054 -0.453897
389.200000000 -15.0701 20.4965 0 0 0 0.91231 -0.409501
389.300000000 -15.0851 20.5092 0 0 0 0.931355 -0.364113
389.400000000 -15.0989 20.5232 0 0 0 0.948143 -0.317843
389.500000000 -15.1278 20.5201 0 0 0 0.959322 -0.282315
389.600000000 -15.1697 20.5066 0 0 0 0.966992 -0.254807
389.700000000 -15.2247 20.4849 0 0 0 0.972044 -0.234799
389.800000000 -15.2819 20.4645 0 0 0 0.976507 -0.215485
389.900000000 -15.3399 20.4464 0 0 0 0.980586 -0.196087
390.000000000 -15.3985 20.4305 0 0 0 0.984281 -0.176612
390.100000000 -15.4577 20.417 0 0 0 0.987588 -0.157067
390.200000000 -15.5174 20.4059 0 0 0 0.990507 -0.137461
390.300000000 -15.5774 20.3971 0 0 0 0.993037 -0.117801
390.400000000 -15.6378 20.3908 0 0 0 0.995177 -0.0980942
390.500000000 -15.6992 20.3865 0 0 0 0.996894 -0.0787588
390.600000000 -15.7607 20.3845 0 0 0 0.998235 -0.0593936
390.700000000 -15.8222 20.385 0 0 0 0.999199 -0.0400061
390.800000000 -15.8836 20.3879 0 0 0 0.999788 -0.0206034
390.900000000 -15.9449 20.3931 0 0 0 0.999999 -0.00119306
391.000000000 -16.006 20.4007 0 0 0 0.999834 0.0182178
391.100000000 -16.0667 20.4107 0 0 0 0.999292 0.0376217
391.200000000 -16.127 20.423 0 0 0 0.998374 0.0570115
391.300000000 -16.1867 20.4377 0 0 0 0.997079 0.0763798
391.400000000 -16.2458 20.4547 0 0 0 0.995408 0.0957194
391.500000000 -16.3043 20.4739 0 0 0 0.993363 0.115023
391.600000000 -16.3671 20.4956 0 0 0 0.99128 0.131771
391.700000000 -16.4292 20.5194 0 0 0 0.988915 0.148481
391.800000000 -16.4904 20.5453 0 0 0 0.986269 0.165149
391.900000000 -16.5507 20.5732 0 0 0 0.983341 0.18177
392.000000000 -16.6101 20.6031 0 0 0 0.980133 0.198339
392.100000000 -16.6684 20.6351 0 0 0 0.976647 0.214852
392.200000000 -16.7256 20.6689 0 0 0 0.972882 0.231303
392.300000000 -16.7816 20.7047 0 0 0 0.96884 0.247689
392.400000000 -16.8364 20.7424 0 0 0 0.964522 0.264004
392.500000000 -16.8899 20.7819 0 0 0 0.959929 0.280244
392.600000000 -16.942 20.8232 0 0 0 0.955063 0.296404
392.700000000 -16.9927 20.8662 0 0 0 0.949925 0.312479
392.800000000 -17.0419 20.9109 0 0 0 0.944516 0.328466
392.900000000 -17.0895 20.9572 0 0 0 0.938838 0.344359
393.000000000 -17.1442 21.0086 0 0 0 0.935461 0.353431
393.100000000 -17.1982 21.0608 0 0 0 0.932395 0.361442
393.200000000 -17.2513 21.1138 0 0 0 0.92926 0.369427
393.300000000 -17.3034 21.1678 0 0 0 0.926057 0.377384
393.400000000 -17.3546 21.2226 0 0 0 0.922785 0.385314
393.500000000 -17.4049 21.2784 0 0 0 0.919446 0.393216
393.600000000 -17.4565 21.3328 0 0 0 0.919142 0.393927
393.700000000 -17.5082 21.3871 0 0 0 0.919142 0.393927
393.800000000 -17.5599 21.4414 0 0 0 0.919142 0.393927
393.900000000 -17.6117 21.4957 0 0 0 0.919142 0.393927
394.000000000 -17.6634 21.5501 0 0 0 0.919142 0.393927
394.100000000 -17.7151 21.6044 0 0 0 0.919142 0.393927
394.200000000 -17.7668 21.6587 0 0 0 0.919142 0.393927
394.300000000 -17.8185 21.713 0 0 0 0.919142 0.393927
394.400000000 -17.8703 21.7673 0 0 0 0.919142 0.393927
394.500000000 -17.9224 21.8212 0 0 0 0.919741 0.392526
394.600000000 -17.9748 21.8749 0 0 0 0.920338 0.391124
394.700000000 -18.0273 21.9285 0 0 0 0.920933 0.389722
394.800000000 -18.0799 21.9819 0 0 0 0.921525 0.388318
394.900000000 -18.1327 22.0352 0 0 0 0.922116 0.386914
395.000000000 -18.1857 22.0882 0 0 0 0.922704 0.385509
395.100000000 -18.2388 22.1412 0 0 0 0.92329 0.384103
395.200000000 -18.2921 22.1939 0 0 0 0.923875 0.382696
395.300000000 -18.3456 22.2465 0 0 0 0.924456 0.381288
395.400000000 -18.3992 22.299 0 0 0 0.925036 0.379879
395.500000000 -18.453 22.3513 0 0 0 0.925614 0.378469
395.600000000 -18.5067 22.4036 0 0 0 0.925906 0.377753
395.700000000 -18.5603 22.4561 0 0 0 0.925906 0.377753
395.800000000 -18.6139 22.5085 0 0 0 0.925906 0.377753
395.900000000 -18.6675 22.561 0 0 0 0.925906 0.377753
396.000000000 -18.7211 22.6134 0 0 0 0.925906 0.377753
396.100000000 -18.7747 22.6659 0 0 0 0.925906 0.377753
396.200000000 -18.8283 22.7184 0 0 0 0.925906 0.377753
396.300000000 -18.8819 22.7708 0 0 0 0.925906 0.377753
396.400000000 -18.9355 22.8233 0 0 0 0.925906 0.377753
396.500000000 -18.9891 22.8758 0 0 0 0.925906 0.377753
396.600000000 -19.0427 22.9282 0 0 0 0.925906 0.377753
396.700000000 -19.0963 22.9807 0 0 0 0.925906 0.377753
396.800000000 -19.1499 23.0332 0 0 0 0.925906 0.377753
396.900000000 -19.2035 23.0856 0 0 0 0.925906 0.377753
397.000000000 -19.2571 23.1381 0 0 0 0.925906 0.377753
397.100000000 -19.3107 23.1906 0 0 0 0.925906 0.377753
397.200000000 -19.3643 23.243 0 0 0 0.925906 0.377753
397.300000000 -19.4179 23.2955 0 0 0 0.925906 0.377753
397.400000000 -19.4715 23.3479 0 0 0 0.925906 0.377753
397.500000000 -19.5251 23.4004 0 0 0 0.925906 0.377753
397.600000000 -19.5786 23.4529 0 0 0 0.925906 0.377753
397.700000000 -19.6322 23.5053 0 0 0 0.925906 0.377753
397.800000000 -19.6858 23.5578 0 0 0 0.925906 0.377753
397.900000000 -19.7394 23.6103 0 0 0 0.925906 0.377753
398.000000000 -19.793 23.6627 0 0 0 0.925906 0.377753
398.100000000 -19.8466 23.7152 0 0 0 0.925906 0.377753
398.200000000 -19.9002 23.7677 0 0 0 0.925906 0.377753
398.300000000 -19.9538 23.8201 0 0 0 0.925906 0.377753
398.400000000 -20.0074 23.8726 0 0 0 0.925906 0.377753
398.500000000 -20.061 23.9251 0 0 0 0.925906 0.377753
398.600000000 -20.1146 23.9775 0 0 0 0.925906 0.377753
398.700000000 -20.1682 24.03 0 0 0 0.925906 0.377753
398.800000000 -20.2218 24.0825 0 0 0 0.925906 0.377753
398.900000000 -20.2754 24.1349 0 0 0 0.925906 0.377753
399.000000000 -20.329 24.1874 0 0 0 0.925906 0.377753
399.100000000 -20.3826 24.2398 0 0 0 0.925906 0.377753
399.200000000 -20.4362 24.2923 0 0 0 0.925906 0.377753
399.300000000 -20.4898 24.3448 0 0 0 0.925906 0.377753
399.400000000 -20.5434 24.3972 0 0 0 0.925906 0.377753
399.500000000 -20.597 24.4497 0 0 0 0.925906 0.377753
399.600000000 -20.6506 24.5022 0 0 0 0.925906 0.377753
399.700000000 -20.7052 24.5536 0 0 0 0.927278 0.374373
399.800000000 -20.7602 24.6046 0 0 0 0.928638 0.370988
399.900000000 -20.8155 24.6552 0 0 0 0.929985 0.367598
400.000000000 -20.8714 24.7052 0 0 0 0.931564 0.363579
400.100000000 -20.9279 24.7546 0 0 0 0.933359 0.358943
400.200000000 -20.9848 24.8035 0 0 0 0.934901 0.354909
400.300000000 -21.0422 24.8518 0 0 0 0.936654 0.350257
400.400000000 -21.1001 24.8995 0 0 0 0.938383 0.345597
400.500000000 -21.1584 24.9466 0 0 0 0.94009 0.340928
400.600000000 -21.2173 24.9932 0 0 0 0.941773 0.33625
400.700000000 -21.2766 25.0391 0 0 0 0.943433 0.331564
400.800000000 -21.3363 25.0845 0 0 0 0.945069 0.32687
400.900000000 -21.3967 25.1291 0 0 0 0.946888 0.321565
401.000000000 -21.4575 25.173 0 0 0 0.948676 0.31625
401.100000000 -21.5188 25.2162 0 0 0 0.950435 0.310925
401.200000000 -21.5806 25.2587 0 0 0 0.952163 0.30559
401.300000000 -21.6429 25.3005 0 0 0 0.953862 0.300245
401.400000000 -21.7057 25.3416 0 0 0 0.955531 0.294891
401.500000000 -21.7689 25.382 0 0 0 0.95717 0.289528
401.600000000 -21.8326 25.4217 0 0 0 0.958778 0.284156
401.700000000 -21.8968 25.4605 0 0 0 0.96053 0.278177
401.800000000 -21.9614 25.4986 0 0 0 0.962075 0.272786
401.900000000 -22.0264 25.5361 0 0 0 0.963589 0.267387
402.000000000 -22.0919 25.5726 0 0 0 0.965236 0.261379
402.100000000 -22.1579 25.6083 0 0 0 0.966846 0.255361
402.200000000 -22.2244 25.6431 0 0 0 0.968418 0.249333
402.300000000 -22.2911 25.6774 0 0 0 0.969801 0.243898
402.400000000 -22.3583 25.7107 0 0 0 0.971301 0.237852
402.500000000 -22.426 25.7431 0 0 0 0.972764 0.231797
402.600000000 -22.494 25.7747 0 0 0 0.974189 0.225733
402.700000000 -22.5624 25.8057 0 0 0 0.97544 0.220266
402.800000000 -22.6311 25.8359 0 0 0 0.97666 0.214792
402.900000000 -22.7001 25.8653 0 0 0 0.977849 0.209312
403.000000000 -22.7694 25.8939 0 0 0 0.979007 0.203825
403.100000000 -22.839 25.9218 0 0 0 0.980135 0.198331
403.200000000 -22.909 25.9489 0 0 0 0.981232 0.192832
403.300000000 -22.9793 25.9752 0 0 0 0.982298 0.187326
403.400000000 -23.0498 26.0007 0 0 0 0.983333 0.181814
403.500000000 -23.1206 26.0254 0 0 0 0.984337 0.176297
403.600000000 -23.1918 26.0493 0 0 0 0.98531 0.170774
403.700000000 -23.2631 26.0725 0 0 0 0.986252 0.165246
403.800000000 -23.3347 26.0948 0 0 0 0.987164 0.159712
403.900000000 -23.4065 26.1165 0 0 0 0.987945 0.154803
404.000000000 -23.4785 26.1376 0 0 0 0.988703 0.14989
404.100000000 -23.5508 26.1579 0 0 0 0.989436 0.144973
404.200000000 -23.6232 26.1775 0 0 0 0.990144 0.140052
404.300000000 -23.6958 26.1964 0 0 0 0.990828 0.135128
404.400000000 -23.7685 26.2146 0 0 0 0.991488 0.130201
404.500000000 -23.8415 26.232 0 0 0 0.992123 0.125271
404.600000000 -23.9146 26.2487 0 0 0 0.992733 0.120337
404.700000000 -23.9879 26.2647 0 0 0 0.993319 0.1154
404.800000000 -24.0614 26.28 0 0 0 0.99388 0.110461
404.900000000 -24.135 26.2945 0 0 0 0.994417 0.105519
405.000000000 -24.2087 26.3086 0 0 0 0.994864 0.101224
405.100000000 -24.2826 26.3215 0 0 0 0.995416 0.095643
405.200000000 -24.3566 26.3335 0 0 0 0.995936 0.0900592
405.300000000 -24.4308 26.3448 0 0 0 0.996426 0.0844726
405.400000000 -24.5051 26.3552 0 0 0 0.996884 0.0788834
405.500000000 -24.5795 26.3648 0 0 0 0.997311 0.0732916
405.600000000 -24.654 26.3738 0 0 0 0.997663 0.0683329
405.700000000 -24.7285 26.382 0 0 0 0.99799 0.0633725
405.800000000 -24.8032 26.3895 0 0 0 0.998293 0.0584105
405.900000000 -24.8779 26.3963 0 0 0 0.998571 0.053447
406.000000000 -24.9526 26.4023 0 0 0 0.998824 0.0484823
406.100000000 -25.0275 26.4076 0 0 0 0.999053 0.0435163
406.200000000 -25.1023 26.4122 0 0 0 0.999257 0.0385493
406.300000000 -25.1773 26.4159 0 0 0 0.999436 0.0335813
406.400000000 -25.2522 26.419 0 0 0 0.999591 0.0286125
406.500000000 -25.3272 26.4218 0 0 0 0.999688 0.0249658
406.600000000 -25.4022 26.4241 0 0 0 0.999773 0.0213188
406.700000000 -25.4771 26.4259 0 0 0 0.999844 0.0176715
406.800000000 -25.5521 26.427 0 0 0 0.999902 0.014024
406.900000000 -25.6271 26.4277 0 0 0 0.999946 0.0103763
407.000000000 -25.7022 26.4278 0 0 0 0.999977 0.00672844
407.100000000 -25.7772 26.4273 0 0 0 0.999995 0.0030805
407.200000000 -25.8522 26.4263 0 0 0 1 -0.000567479
407.300000000 -25.9272 26.4248 0 0 0 0.999991 -0.00421545
407.400000000 -26.0021 26.4227 0 0 0 0.999969 -0.00786336
407.500000000 -26.0771 26.4201 0 0 0 0.999934 -0.0115112
407.600000000 -26.1521 26.4183 0 0 0 0.999934 -0.0115112
407.700000000 -26.2271 26.4166 0 0 0 0.999934 -0.0115112
407.800000000 -26.302 26.4149 0 0 0 0.999934 -0.0115112
407.900000000 -26.377 26.4132 0 0 0 0.999934 -0.0115112
408.000000000 -26.452 26.4114 0 0 0 0.999934 -0.0115112
408.100000000 -26.527 26.4097 0 0 0 0.999934 -0.0115112
408.200000000 -26.602 26.408 0 0 0 0.999934 -0.0115112
408.300000000 -26.6769 26.4063 0 0 0 0.999934 -0.0115112
408.400000000 -26.7519 26.4045 0 0 0 0.999934 -0.0115112
408.500000000 -26.8269 26.4034 0 0 0 0.99995 -0.00998782
408.600000000 -26.9019 26.4025 0 0 0 0.999964 -0.00846445
408.700000000 -26.9769 26.4019 0 0 0 0.999976 -0.00694106
408.800000000 -27.0519 26.4014 0 0 0 0.999985 -0.00541765
408.900000000 -27.1269 26.4012 0 0 0 0.999992 -0.00389423
409.000000000 -27.2019 26.4013 0 0 0 0.999997 -0.0023708
409.100000000 -27.2769 26.4015 0 0 0 1 -0.000847366
409.200000000 -27.3519 26.402 0 0 0 1 0.000676071
409.300000000 -27.4269 26.4027 0 0 0 0.999998 0.00219951
409.400000000 -27.5019 26.4036 0 0 0 0.999993 0.00372294
409.500000000 -27.5769 26.4048 0 0 0 0.999986 0.00524636
409.600000000 -27.6519 26.4062 0 0 0 0.999977 0.00676977
409.700000000 -27.7269 26.4081 0 0 0 0.999959 0.00902145
409.800000000 -27.8018 26.4101 0 0 0 0.999944 0.0105448
409.900000000 -27.8768 26.4123 0 0 0 0.999927 0.0120682
410.000000000 -27.9518 26.4147 0 0 0 0.999908 0.0135915
410.100000000 -28.0267 26.4173 0 0 0 0.999886 0.0151147
410.200000000 -28.1017 26.4202 0 0 0 0.999862 0.016638
410.300000000 -28.1766 26.4233 0 0 0 0.999835 0.0181612
410.400000000 -28.2515 26.4267 0 0 0 0.999806 0.0196844
410.500000000 -28.3265 26.4302 0 0 0 0.999775 0.0212075
410.600000000 -28.4014 26.4343 0 0 0 0.999725 0.0234587
410.700000000 -28.4762 26.4387 0 0 0 0.999669 0.0257097
410.800000000 -28.5511 26.4432 0 0 0 0.999629 0.0272326
410.900000000 -28.6259 26.4479 0 0 0 0.999586 0.0287555
411.000000000 -28.7008 26.4525 0 0 0 0.999564 0.0295285
411.100000000 -28.7756 26.4575 0 0 0 0.999518 0.0310512
411.200000000 -28.8505 26.4625 0 0 0 0.999493 0.0318241
411.300000000 -28.9253 26.4679 0 0 0 0.999444 0.0333468
411.400000000 -29.0001 26.4735 0 0 0 0.999392 0.0348693
411.500000000 -29.0749 26.479 0 0 0 0.999365 0.0356421
411.600000000 -29.1496 26.485 0 0 0 0.999309 0.0371646
411.700000000 -29.2225 26.4957 0 0 0 0.99873 0.0503877
411.800000000 -29.2931 26.5085 0 0 0 0.997915 0.0645457
411.900000000 -29.3633 26.5234 0 0 0 0.996899 0.0786907
412.000000000 -29.4331 26.5402 0 0 0 0.995683 0.0928198
412.100000000 -29.5024 26.559 0 0 0 0.994267 0.10693
412.200000000 -29.5711 26.5798 0 0 0 0.99265 0.121019
412.300000000 -29.6392 26.6025 0 0 0 0.990834 0.135084
412.400000000 -29.7066 26.6271 0 0 0 0.988819 0.149121
412.500000000 -29.7733 26.6536 0 0 0 0.986605 0.163129
412.600000000 -29.8347 26.6814 0 0 0 0.98379 0.179327
412.700000000 -29.8942 26.7111 0 0 0 0.980623 0.195904
412.800000000 -29.9526 26.7427 0 0 0 0.977177 0.212425
412.900000000 -30.01 26.7763 0 0 0 0.973453 0.228886
413.000000000 -30.0662 26.8118 0 0 0 0.969452 0.245281
413.100000000 -30.1212 26.8492 0 0 0 0.965174 0.261607
413.200000000 -30.1748 26.8884 0 0 0 0.960622 0.277858
413.300000000 -30.2271 26.9294 0 0 0 0.955796 0.29403
413.400000000 -30.278 26.9722 0 0 0 0.950698 0.310119
413.500000000 -30.3275 27.0166 0 0 0 0.945329 0.326119
413.600000000 -30.3754 27.0627 0 0 0 0.939691 0.342026
413.700000000 -30.4217 27.1104 0 0 0 0.933785 0.357836
413.800000000 -30.4664 27.1596 0 0 0 0.927613 0.373543
413.900000000 -30.5094 27.2103 0 0 0 0.921177 0.389145
414.000000000 -30.5507 27.2624 0 0 0 0.914478 0.404635
414.100000000 -30.5787 27.3074 0 0 0 0.904581 0.426302
414.200000000 -30.6045 27.3537 0 0 0 0.89417 0.447727
414.300000000 -30.6275 27.4006 0 0 0 0.883068 0.469246
414.400000000 -30.6482 27.4485 0 0 0 0.871447 0.490489
414.500000000 -30.6671 27.4981 0 0 0 0.859517 0.511107
414.600000000 -30.6836 27.5484 0 0 0 0.8471 0.531434
414.700000000 -30.6977 27.5995 0 0 0 0.834201 0.55146
414.800000000 -30.7094 27.6512 0 0 0 0.820829 0.571174
414.900000000 -30.7186 27.7034 0 0 0 0.806992 0.590563
415.000000000 -30.7253 27.7559 0 0 0 0.792696 0.609617
415.100000000 -30.7295 27.8088 0 0 0 0.777951 0.628325
415.200000000 -30.7321 27.864 0 0 0 0.76353 0.645773
415.300000000 -30.7322 27.9192 0 0 0 0.748717 0.66289
415.400000000 -30.7298 27.9745 0 0 0 0.733521 0.679667
415.500000000 -30.725 28.0295 0 0 0 0.717949 0.696096
415.600000000 -30.7176 28.0843 0 0 0 0.702009 0.712168
415.700000000 -30.7078 28.1387 0 0 0 0.685709 0.727876
415.800000000 -30.6956 28.1934 0 0 0 0.669353 0.742945
415.900000000 -30.681 28.2475 0 0 0 0.652666 0.757646
416.000000000 -30.664 28.3 0 0 0 0.635349 0.772225
416.100000000 -30.6446 28.3518 0 0 0 0.617707 0.786408
416.200000000 -30.6226 28.4084 0 0 0 0.601998 0.798497
416.300000000 -30.5984 28.4641 0 0 0 0.586053 0.810273
416.400000000 -30.5715 28.523 0 0 0 0.571589 0.82054
416.500000000 -30.5421 28.5836 0 0 0 0.558023 0.829826
416.600000000 -30.5108 28.6432 0 0 0 0.544305 0.838887
416.700000000 -30.4775 28.7017 0 0 0 0.53044 0.847722
416.800000000 -30.4422 28.7591 0 0 0 0.516432 0.856328
416.900000000 -30.4052 28.8153 0 0 0 0.502285 0.864702
417.000000000 -30.3663 28.8703 0 0 0 0.488001 0.872843
417.100000000 -30.3256 28.9239 0 0 0 0.473586 0.880748
417.200000000 -30.2831 28.9762 0 0 0 0.459042 0.888414
417.300000000 -30.239 29.027 0 0 0 0.444375 0.895841
417.400000000 -30.1932 29.0764 0 0 0 0.429587 0.903025
417.500000000 -30.1458 29.1242 0 0 0 0.414684 0.909966
417.600000000 -30.0969 29.1705 0 0 0 0.399668 0.91666
417.700000000 -30.0465 29.2151 0 0 0 0.384544 0.923107
417.800000000 -29.9946 29.2581 0 0 0 0.369317 0.929304
417.900000000 -29.9414 29.2993 0 0 0 0.353989 0.93525
418.000000000 -29.8868 29.3387 0 0 0 0.338566 0.940943
418.100000000 -29.831 29.3764 0 0 0 0.323051 0.946382
418.200000000 -29.7733 29.4128 0 0 0 0.307869 0.951429
418.300000000 -29.7139 29.4481 0 0 0 0.293034 0.956102
418.400000000 -29.6535 29.4815 0 0 0 0.278129 0.960544
418.500000000 -29.592 29.513 0 0 0 0.263156 0.964753
418.600000000 -29.5422 29.5312 0 0 0 0.240102 0.970748
418.700000000 -29.5045 29.5367 0 0 0 0.209078 0.977899
418.800000000 -29.4782 29.5316 0 0 0 0.171043 0.985264
418.900000000 -29.4524 29.5244 0 0 0 0.132751 0.991149
419.000000000 -29.4281 29.5147 0 0 0 0.0937468 0.995596
419.100000000 -29.4047 29.5032 0 0 0 0.0545977 0.998508
419.200000000 -29.3822 29.4899 0 0 0 0.0153645 0.999882
419.300000000 -29.3609 29.4748 0 0 0 -0.0238923 0.999715
419.400000000 -29.3408 29.4582 0 0 0 -0.0631124 0.998006
419.500000000 -29.3221 29.44 0 0 0 -0.102235 0.99476
419.600000000 -29.3027 29.4204 0 0 0 -0.140188 0.990125
419.700000000 -29.286 29.3994 0 0 0 -0.178434 0.983952
419.800000000 -29.2709 29.3772 0 0 0 -0.216413 0.976302
419.900000000 -29.2576 29.3539 0 0 0 -0.254067 0.967187
420.000000000 -29.2652 29.336 0 0 0 -0.300636 0.953739
420.100000000 -29.276 29.3196 0 0 0 -0.347202 0.93779
420.200000000 -29.2884 29.3043 0 0 0 -0.392927 0.91957
420.300000000 -29.3022 29.2903 0 0 0 -0.4377 0.899121
420.400000000 -29.3173 29.2777 0 0 0 -0.481413 0.876494
420.500000000 -29.3336 29.2667 0 0 0 -0.523959 0.851743
420.600000000 -29.3447 29.2494 0 0 0 -0.561241 0.827652
420.700000000 -29.3574 29.2331 0 0 0 -0.597417 0.801931
420.800000000 -29.3714 29.2181 0 0 0 -0.632416 0.774629
420.900000000 -29.3867 29.2043 0 0 0 -0.666169 0.745801
421.000000000 -29.4031 29.1919 0 0 0 -0.69861 0.715503
421.100000000 -29.4206 29.1811 0 0 0 -0.729674 0.683796
421.200000000 -29.439 29.1718 0 0 0 -0.7593 0.650741
421.300000000 -29.4581 29.1642 0 0 0 -0.78743 0.616404
421.400000000 -29.4778 29.1584 0 0 0 -0.814009 0.580853
421.500000000 -29.498 29.1543 0 0 0 -0.838983 0.544157
421.600000000 -29.5232 29.131 0 0 0 -0.856997 0.515322
421.700000000 -29.5549 29.0933 0 0 0 0.869998 -0.493055
421.800000000 -29.5932 29.0441 0 0 0 0.879208 -0.476439
421.900000000 -29.6337 28.9957 0 0 0 0.887908 -0.460021
422.000000000 -29.6759 28.9487 0 0 0 0.896302 -0.443444
422.100000000 -29.7199 28.9034 0 0 0 0.904387 -0.426714
422.200000000 -29.7655 28.8597 0 0 0 0.912159 -0.409837
422.300000000 -29.8126 28.8178 0 0 0 0.919616 -0.392818
422.400000000 -29.8614 28.7776 0 0 0 0.926756 -0.375664
422.500000000 -29.9115 28.7393 0 0 0 0.933576 -0.35838
422.600000000 -29.9697 28.6919 0 0 0 0.93681 -0.349837
422.700000000 -30.0263 28.6427 0 0 0 0.93681 -0.349837
422.800000000 -30.0826 28.5931 0 0 0 0.936276 -0.351264
422.900000000 -30.1387 28.5433 0 0 0 0.93574 -0.35269
423.000000000 -30.1946 28.4933 0 0 0 0.935202 -0.354115
423.100000000 -30.2504 28.4432 0 0 0 0.934661 -0.35554
423.200000000 -30.306 28.3929 0 0 0 0.934118 -0.356963
423.300000000 -30.3615 28.3424 0 0 0 0.933574 -0.358386
423.400000000 -30.4168 28.2918 0 0 0 0.933027 -0.359808
423.500000000 -30.472 28.241 0 0 0 0.932477 -0.361229
423.600000000 -30.5266 28.1896 0 0 0 0.931404 -0.363987
423.700000000 -30.581 28.1379 0 0 0 0.930323 -0.366742
423.800000000 -30.635 28.0858 0 0 0 0.929233 -0.369493
423.900000000 -30.6887 28.0335 0 0 0 0.928136 -0.372242
424.000000000 -30.7421 27.9808 0 0 0 0.92703 -0.374987
424.100000000 -30.7952 27.9278 0 0 0 0.925916 -0.377729
424.200000000 -30.8479 27.8745 0 0 0 0.924794 -0.380468
424.300000000 -30.9004 27.8209 0 0 0 0.923664 -0.383203
424.400000000 -30.9525 27.7669 0 0 0 0.922526 -0.385935
424.500000000 -31.0043 27.7127 0 0 0 0.92138 -0.388663
424.600000000 -31.0564 27.6588 0 0 0 0.921079 -0.389376
424.700000000 -31.1085 27.6048 0 0 0 0.920778 -0.390088
424.800000000 -31.1604 27.5507 0 0 0 0.920476 -0.3908
424.900000000 -31.2123 27.4965 0 0 0 0.920173 -0.391512
425.000000000 -31.2641 27.4422 0 0 0 0.91987 -0.392223
425.100000000 -31.3158 27.3879 0 0 0 0.919567 -0.392934
425.200000000 -31.3674 27.3335 0 0 0 0.919262 -0.393645
425.300000000 -31.4189 27.279 0 0 0 0.918958 -0.394356
425.400000000 -31.4704 27.2244 0 0 0 0.918653 -0.395066
425.500000000 -31.5217 27.1698 0 0 0 0.918347 -0.395777
425.600000000 -31.573 27.1151 0 0 0 0.91804 -0.396487
425.700000000 -31.6242 27.0602 0 0 0 0.917734 -0.397197
425.800000000 -31.6753 27.0054 0 0 0 0.917426 -0.397906
425.900000000 -31.7268 26.9508 0 0 0 0.917734 -0.397197
426.000000000 -31.7784 26.8963 0 0 0 0.91804 -0.396487
426.100000000 -31.83 26.842 0 0 0 0.918347 -0.395777
426.200000000 -31.8817 26.7876 0 0 0 0.918653 -0.395066
426.300000000 -31.9335 26.7334 0 0 0 0.918958 -0.394356
426.400000000 -31.9854 26.6793 0 0 0 0.919262 -0.393645
426.500000000 -32.0374 26.6252 0 0 0 0.919567 -0.392934
426.600000000 -32.0895 26.5712 0 0 0 0.91987 -0.392223
426.700000000 -32.1416 26.5173 0 0 0 0.920173 -0.391512
426.800000000 -32.1939 26.4635 0 0 0 0.920476 -0.3908
426.900000000 -32.2462 26.4098 0 0 0 0.920778 -0.390088
427.000000000 -32.2986 26.3561 0 0 0 0.921079 -0.389376
427.100000000 -32.3498 26.3013 0 0 0 0.919652 -0.392733
427.200000000 -32.4006 26.2461 0 0 0 0.918214 -0.396085
427.300000000 -32.4508 26.1904 0 0 0 0.916495 -0.400047
427.400000000 -32.5005 26.1342 0 0 0 0.914759 -0.404001
427.500000000 -32.5498 26.0776 0 0 0 0.913006 -0.407947
427.600000000 -32.5985 26.0206 0 0 0 0.911236 -0.411886
427.700000000 -32.6467 25.9632 0 0 0 0.909448 -0.415817
427.800000000 -32.6945 25.9053 0 0 0 0.907644 -0.41974
427.900000000 -32.7416 25.8469 0 0 0 0.905547 -0.424247
428.000000000 -32.7882 25.7882 0 0 0 0.903706 -0.428153
428.100000000 -32.8342 25.7289 0 0 0 0.901567 -0.432641
428.200000000 -32.8795 25.6691 0 0 0 0.899405 -0.437117
428.300000000 -32.9243 25.6089 0 0 0 0.897221 -0.441583
428.400000000 -32.9685 25.5483 0 0 0 0.895014 -0.446038
428.500000000 -33.012 25.4872 0 0 0 0.892786 -0.450481
428.600000000 -33.0548 25.4256 0 0 0 0.890246 -0.455481
428.700000000 -33.0969 25.3634 0 0 0 0.887677 -0.460466
428.800000000 -33.1382 25.3009 0 0 0 0.885081 -0.465437
428.900000000 -33.1789 25.2378 0 0 0 0.882457 -0.470393
429.000000000 -33.2188 25.1743 0 0 0 0.879805 -0.475335
429.100000000 -33.258 25.1103 0 0 0 0.877126 -0.480261
429.200000000 -33.2965 25.046 0 0 0 0.874418 -0.485173
429.300000000 -33.3343 24.9811 0 0 0 0.871684 -0.490069
429.400000000 -33.3714 24.9159 0 0 0 0.868922 -0.494949
429.500000000 -33.4075 24.8501 0 0 0 -0.865822 0.500353
429.600000000 -33.443 24.7841 0 0 0 -0.863002 0.5052
429.700000000 -33.4775 24.7174 0 0 0 -0.859838 0.510566
429.800000000 -33.5114 24.6505 0 0 0 -0.856962 0.51538
429.900000000 -33.5444 24.5831 0 0 0 -0.853734 0.520709
430.000000000 -33.5767 24.5154 0 0 0 -0.850801 0.525488
430.100000000 -33.608 24.4473 0 0 0 -0.847511 0.530778
430.200000000 -33.6385 24.3787 0 0 0 -0.844188 0.536047
430.300000000 -33.6682 24.3098 0 0 0 -0.840832 0.541296
430.400000000 -33.6972 24.2406 0 0 0 -0.837783 0.546003
430.500000000 -33.7254 24.1711 0 0 0 -0.834708 0.550692
430.600000000 -33.7528 24.1013 0 0 0 -0.831607 0.555365
430.700000000 -33.7795 24.0312 0 0 0 -0.828479 0.56002
430.800000000 -33.8054 23.9607 0 0 0 -0.825326 0.564657
430.900000000 -33.8305 23.89 0 0 0 -0.822146 0.569276
431.000000000 -33.8547 23.819 0 0 0 -0.818941 0.573878
431.100000000 -33.8782 23.7478 0 0 0 -0.81571 0.578462
431.200000000 -33.9009 23.6763 0 0 0 -0.812453 0.583027
431.300000000 -33.9228 23.6045 0 0 0 -0.80917 0.587574
431.400000000 -33.9439 23.5325 0 0 0 -0.805863 0.592103
431.500000000 -33.9641 23.4603 0 0 0 -0.802529 0.596613
431.600000000 -33.9836 23.3878 0 0 0 -0.799171 0.601104
431.700000000 -34.0025 23.3152 0 0 0 -0.796173 0.605069
431.800000000 -34.0206 23.2425 0 0 0 -0.793155 0.60902
431.900000000 -34.0381 23.1695 0 0 0 -0.790118 0.612955
432.000000000 -34.0548 23.0964 0 0 0 -0.787061 0.616875
432.100000000 -34.0708 23.0231 0 0 0 -0.783985 0.62078
432.200000000 -34.086 22.9496 0 0 0 -0.780889 0.62467
432.300000000 -34.1006 22.876 0 0 0 -0.777774 0.628544
432.400000000 -34.1144 22.8023 0 0 0 -0.77464 0.632403
432.500000000 -34.1274 22.7284 0 0 0 -0.771486 0.636246
432.600000000 -34.1393 22.6543 0 0 0 -0.767548 0.640992
432.700000000 -34.1503 22.5801 0 0 0 -0.763733 0.645532
432.800000000 -34.1606 22.5058 0 0 0 -0.760046 0.649869
432.900000000 -34.17 22.4314 0 0 0 -0.756412 0.654096
433.000000000 -34.1787 22.3569 0 0 0 -0.75291 0.658124
433.100000000 -34.1864 22.2839 0 0 0 -0.749465 0.662044
433.200000000 -34.1931 22.2142 0 0 0 -0.746158 0.665769
433.300000000 -34.1989 22.1461 0 0 0 -0.742912 0.669389
433.400000000 -34.2038 22.0813 0 0 0 -0.739808 0.672818
433.500000000 -34.208 22.0181 0 0 0 -0.736768 0.676146
433.600000000 -34.2119 21.9549 0 0 0 -0.734057 0.679088
433.700000000 -34.215 21.8949 0 0 0 -0.731478 0.681865
433.800000000 -34.2176 21.8366 0 0 0 -0.728961 0.684555
433.900000000 -34.2198 21.78 0 0 0 -0.726506 0.68716
434.000000000 -34.2214 21.725 0 0 0 -0.724114 0.68968
434.100000000 -34.2226 21.6733 0 0 0 -0.72186 0.692039
434.200000000 -34.2235 21.6233 0 0 0 -0.719671 0.694316
434.300000000 -34.224 21.575 0 0 0 -0.717547 0.69651
434.400000000 -34.2242 21.5283 0 0 0 -0.715491 0.698622
434.500000000 -34.2242 21.4833 0 0 0 -0.713503 0.700653
434.600000000 -34.2246 21.43 0 0 0 -0.712621 0.701549
434.700000000 -34.2249 21.3783 0 0 0 -0.711766 0.702417
434.800000000 -34.2251 21.3283 0 0 0 -0.710937 0.703256
434.900000000 -34.2252 21.28 0 0 0 -0.710135 0.704065
435.000000000 -34.2252 21.2333 0 0 0 -0.70936 0.704846
435.100000000 -34.225 21.1883 0 0 0 -0.708612 0.705599
435.200000000 -34.2248 21.145 0 0 0 -0.70789 0.706322
435.300000000 -34.2245 21.1033 0 0 0 -0.707196 0.707017
435.400000000 -34.2241 21.0633 0 0 0 -0.706529 0.707684
435.500000000 -34.2237 21.0233 0 0 0 -0.705861 0.70835
435.600000000 -34.2254 20.9483 0 0 0 -0.709374 0.704832
435.700000000 -34.2281 20.8733 0 0 0 -0.713315 0.700843
435.800000000 -34.2317 20.7984 0 0 0 -0.717234 0.696832
435.900000000 -34.2361 20.7235 0 0 0 -0.721131 0.692799
436.000000000 -34.2414 20.6487 0 0 0 -0.725005 0.688744
436.100000000 -34.2474 20.5739 0 0 0 -0.728856 0.684667
436.200000000 -34.2544 20.4992 0 0 0 -0.732684 0.680569
436.300000000 -34.2621 20.4246 0 0 0 -0.736489 0.676449
436.400000000 -34.2707 20.3501 0 0 0 -0.740271 0.672309
436.500000000 -34.2801 20.2756 0 0 0 -0.74403 0.668147
436.600000000 -34.2938 20.2088 0 0 0 -0.754624 0.656157
436.700000000 -34.3097 20.1443 0 0 0 -0.76559 0.643329
436.800000000 -34.3277 20.0803 0 0 0 -0.776338 0.630317
436.900000000 -34.3479 20.0169 0 0 0 -0.786865 0.617126
437.000000000 -34.3702 19.9543 0 0 0 -0.797167 0.603758
437.100000000 -34.3946 19.8925 0 0 0 -0.807243 0.590219
437.200000000 -34.4211 19.8315 0 0 0 -0.817089 0.576512
437.300000000 -34.4496 19.7715 0 0 0 -0.826702 0.562641
437.400000000 -34.4802 19.7124 0 0 0 -0.836079 0.548609
437.500000000 -34.5127 19.6544 0 0 0 -0.845219 0.534421
437.600000000 -34.5471 19.5976 0 0 0 -0.854117 0.520081
437.700000000 -34.5835 19.5419 0 0 0 -0.862773 0.505592
437.800000000 -34.6217 19.4875 0 0 0 0.871182 -0.49096
437.900000000 -34.6617 19.4345 0 0 0 0.879344 -0.476188
438.000000000 -34.6973 19.3983 0 0 0 0.890972 -0.454058
438.100000000 -34.7276 19.3791 0 0 0 0.905521 -0.424302
438.200000000 -34.7497 19.3791 0 0 0 0.922757 -0.385381
438.300000000 -34.7717 19.381 0 0 0 0.938322 -0.345762
438.400000000 -34.7928 19.3858 0 0 0 0.952368 -0.304951
438.500000000 -34.8141 19.3914 0 0 0 0.964483 -0.264145
438.600000000 -34.835 19.3988 0 0 0 0.974851 -0.222859
438.700000000 -34.8541 19.4087 0 0 0 0.983559 -0.180587
438.800000000 -34.8723 19.4203 0 0 0 0.990435 -0.137978
438.900000000 -34.8895 19.4333 0 0 0 0.995467 -0.0951119
439.000000000 -34.9054 19.4478 0 0 0 0.998644 -0.0520688
439.100000000 -34.9201 19.4636 0 0 0 0.99996 -0.00892865
439.200000000 -34.9333 19.4806 0 0 0 0.999414 0.0342281
439.300000000 -34.9462 19.4985 0 0 0 0.997052 0.0767296
439.400000000 -34.9564 19.5176 0 0 0 0.992812 0.119681
439.500000000 -34.9648 19.5374 0 0 0 0.986723 0.16241
439.600000000 -34.9905 19.5592 0 0 0 0.981201 0.192988
439.700000000 -35.0173 19.577 0 0 0 0.978023 0.208499
439.800000000 -35.0478 19.5945 0 0 0 0.976125 0.217212
439.900000000 -35.0835 19.6126 0 0 0 0.975432 0.220303
440.000000000 -35.1523 19.6424 0 0 0 0.976915 0.213629
440.100000000 -35.2153 19.6638 0 0 0 0.980381 0.197112
440.200000000 -35.265 19.6739 0 0 0 0.985002 0.172543
440.300000000 -35.3152 19.6814 0 0 0 0.989007 0.147867
440.400000000 -35.3664 19.6867 0 0 0 0.992346 0.123488
440.500000000 -35.433 19.6968 0 0 0 0.994242 0.107157
440.600000000 -35.5069 19.7099 0 0 0 0.995011 0.0997673
440.700000000 -35.5809 19.7221 0 0 0 0.99567 0.0929627
440.800000000 -35.6552 19.7326 0 0 0 0.99643 0.0844185
440.900000000 -35.7297 19.7418 0 0 0 0.997118 0.075868
441.000000000 -35.8043 19.75 0 0 0 0.997694 0.0678788
441.100000000 -35.8789 19.7582 0 0 0 0.998019 0.0629182
441.200000000 -35.9534 19.7667 0 0 0 0.998158 0.0606707
441.300000000 -36.0281 19.7738 0 0 0 0.998447 0.0557079
441.400000000 -36.1027 19.7813 0 0 0 0.99857 0.0534596
441.500000000 -36.1771 19.7907 0 0 0 0.998368 0.057102
441.600000000 -36.2514 19.8007 0 0 0 0.998153 0.0607436
441.700000000 -36.3257 19.8113 0 0 0 0.997925 0.0643844
441.800000000 -36.3999 19.8223 0 0 0 0.997684 0.0680244
441.900000000 -36.474 19.834 0 0 0 0.997429 0.0716635
442.000000000 -36.548 19.8461 0 0 0 0.997161 0.0753016
442.100000000 -36.6219 19.8588 0 0 0 0.996879 0.0789387
442.200000000 -36.6958 19.8721 0 0 0 0.996585 0.0825748
442.300000000 -36.7695 19.8859 0 0 0 0.996277 0.0862098
442.400000000 -36.8431 19.9002 0 0 0 0.995956 0.0898436
442.500000000 -36.917 19.913 0 0 0 0.996092 0.0883262
442.600000000 -36.991 19.9253 0 0 0 0.996288 0.086083
442.700000000 -37.065 19.9373 0 0 0 0.996479 0.0838394
442.800000000 -37.1391 19.9489 0 0 0 0.996666 0.0815954
442.900000000 -37.2133 19.9602 0 0 0 0.996847 0.0793509
443.000000000 -37.2875 19.9712 0 0 0 0.997023 0.0771061
443.100000000 -37.3617 19.9819 0 0 0 0.997194 0.0748608
443.200000000 -37.436 19.9922 0 0 0 0.99736 0.0726152
443.300000000 -37.5104 20.0021 0 0 0 0.997521 0.0703692
443.400000000 -37.5847 20.0118 0 0 0 0.997677 0.0681229
443.500000000 -37.6592 20.0211 0 0 0 0.997828 0.0658762
443.600000000 -37.7336 20.03 0 0 0 0.997974 0.0636292
443.700000000 -37.8081 20.0387 0 0 0 0.998114 0.0613818
443.800000000 -37.8827 20.047 0 0 0 0.99825 0.0591342
443.900000000 -37.9573 20.0549 0 0 0 0.998381 0.0568862
444.000000000 -38.0319 20.0626 0 0 0 0.998506 0.054638
444.100000000 -38.1045 20.065 0 0 0 0.999162 0.0409417
444.200000000 -38.1604 20.0607 0 0 0 0.999825 0.0187121
444.300000000 -38.2001 20.0501 0 0 0 0.999934 -0.0114639
444.400000000 -38.2206 20.0339 0 0 0 0.998714 -0.0507021
444.500000000 -38.2207 20.0145 0 0 0 0.995084 -0.0990378
444.600000000 -38.2158 19.9951 0 0 0 0.98889 -0.148647
444.700000000 -38.209 19.9763 0 0 0 0.980225 -0.197886
444.800000000 -38.2003 19.9583 0 0 0 0.96911 -0.246629
444.900000000 -38.1899 19.9412 0 0 0 0.955572 -0.294756
445.000000000 -38.1778 19.9253 0 0 0 0.939647 -0.342147
445.100000000 -38.1642 19.9106 0 0 0 0.921372 -0.388682
445.200000000 -38.1492 19.8974 0 0 0 0.900795 -0.434245
445.300000000 -38.133 19.8858 0 0 0 0.877966 -0.478724
445.400000000 -38.1157 19.8758 0 0 0 -0.852942 0.522005
445.500000000 -38.0974 19.8676 0 0 0 -0.825787 0.563982
445.600000000 -38.0785 19.8612 0 0 0 -0.796567 0.60455
445.700000000 -38.059 19.8568 0 0 0 -0.765357 0.643606
445.800000000 -38.0391 19.8544 0 0 0 -0.732234 0.681053
445.900000000 -38.0191 19.854 0 0 0 -0.69728 0.716799
446.000000000 -37.9992 19.8555 0 0 0 -0.660584 0.750752
446.100000000 -37.9795 19.859 0 0 0 -0.622236 0.78283
446.200000000 -37.9603 19.8645 0 0 0 -0.582333 0.81295
446.300000000 -37.9417 19.8719 0 0 0 -0.540975 0.841039
446.400000000 -37.924 19.8811 0 0 0 -0.498264 0.867025
446.500000000 -37.9072 19.892 0 0 0 -0.454309 0.890844
446.600000000 -37.8916 19.9045 0 0 0 -0.409217 0.912437
446.700000000 -37.8774 19.9185 0 0 0 -0.363103 0.931749
446.800000000 -37.8646 19.9339 0 0 0 -0.316081 0.948732
446.900000000 -37.8535 19.9505 0 0 0 -0.268269 0.963344
447.000000000 -37.844 19.9681 0 0 0 -0.219787 0.975548
447.100000000 -37.8363 19.9866 0 0 0 -0.170755 0.985314
447.200000000 -37.8306 20.0057 0 0 0 -0.121296 0.992616
447.300000000 -37.8267 20.0253 0 0 0 -0.0715348 0.997438
447.400000000 -37.8249 20.0452 0 0 0 -0.0215942 0.999767
447.500000000 -37.8003 20.0593 0 0 0 0.0161415 0.99987
447.600000000 -37.7606 20.0725 0 0 0 0.0458951 0.998946
447.700000000 -37.7201 20.0878 0 0 0 0.0748009 0.997198
447.800000000 -37.6805 20.1055 0 0 0 0.103644 0.994614
447.900000000 -37.642 20.1254 0 0 0 0.1324 0.991196
448.000000000 -37.6048 20.1476 0 0 0 0.161045 0.986947
448.100000000 -37.5689 20.1718 0 0 0 0.189555 0.98187
448.200000000 -37.5345 20.1981 0 0 0 0.217906 0.97597
448.300000000 -37.5016 20.2263 0 0 0 0.246075 0.969251
448.400000000 -37.4704 20.2564 0 0 0 0.274037 0.961719
448.500000000 -37.4411 20.2883 0 0 0 0.301769 0.953381
448.600000000 -37.3987 20.3284 0 0 0 0.32176 0.946821
448.700000000 -37.3504 20.374 0 0 0 0.337693 0.941256
448.800000000 -37.3036 20.4213 0 0 0 0.35353 0.935423
448.900000000 -37.2585 20.4701 0 0 0 0.369266 0.929324
449.000000000 -37.2165 20.5194 0 0 0 0.38569 0.922628
449.100000000 -37.1756 20.5707 0 0 0 0.401602 0.915814
449.200000000 -37.1372 20.6229 0 0 0 0.417781 0.908548
449.300000000 -37.0999 20.677 0 0 0 0.433444 0.901181
449.400000000 -37.0653 20.7317 0 0 0 0.449359 0.893351
449.500000000 -37.0326 20.7876 0 0 0 0.465133 0.885241
449.600000000 -37.0019 20.8447 0 0 0 0.48076 0.876852
449.700000000 -36.9732 20.9028 0 0 0 0.496236 0.868188
449.800000000 -36.9467 20.9619 0 0 0 0.511556 0.85925
449.900000000 -36.9216 21.0226 0 0 0 0.526352 0.850267
450.000000000 -36.8993 21.0834 0 0 0 0.541349 0.840798
450.100000000 -36.8887 21.1315 0 0 0 0.562847 0.826561
450.200000000 -36.8898 21.1658 0 0 0 0.59062 0.80695
450.300000000 -36.9036 21.1811 0 0 0 0.625848 0.779945
450.400000000 -36.9226 21.1859 0 0 0 0.663469 0.748204
450.500000000 -36.9426 21.1873 0 0 0 0.700034 0.714109
450.600000000 -36.9626 21.1867 0 0 0 0.73485 0.67823
450.700000000 -36.9824 21.1841 0 0 0 0.767829 0.640655
450.800000000 -37.0019 21.1796 0 0 0 0.798889 0.601479
450.900000000 -37.0208 21.1731 0 0 0 0.827952 0.560799
451.000000000 -37.0389 21.1648 0 0 0 0.854945 0.518718
451.100000000 -37.0562 21.1546 0 0 0 0.879802 0.47534
451.200000000 -37.0723 21.1429 0 0 0 0.90246 0.430774
451.300000000 -37.0872 21.1295 0 0 0 0.922862 0.385132
451.400000000 -37.1007 21.1148 0 0 0 0.940957 0.338527
451.500000000 -37.1127 21.0987 0 0 0 0.9567 0.291075
451.600000000 -37.123 21.0816 0 0 0 0.970052 0.242897
451.700000000 -37.1315 21.0635 0 0 0 0.98098 0.194111
451.800000000 -37.1382 21.0447 0 0 0 0.989455 0.144839
451.900000000 -37.1429 21.0253 0 0 0 0.995458 0.0952063
452.000000000 -37.1457 21.0055 0 0 0 0.998972 0.0453351
452.100000000 -37.1466 20.9855 0 0 0 0.999989 -0.00464929
452.200000000 -37.1454 20.9655 0 0 0 0.998507 -0.0546221
452.300000000 -37.1422 20.9458 0 0 0 0.994529 -0.104458
452.400000000 -37.1371 20.9265 0 0 0 0.988066 -0.154034
452.500000000 -37.13 20.9078 0 0 0 0.979132 -0.203224
452.600000000 -37.1212 20.8898 0 0 0 0.967752 -0.251906
452.700000000 -37.1106 20.8729 0 0 0 0.953952 -0.299959
452.800000000 -37.0983 20.8571 0 0 0 0.937768 -0.347262
452.900000000 -37.0846 20.8426 0 0 0 0.919241 -0.393696
453.000000000 -37.0694 20.8295 0 0 0 0.898415 -0.439147
453.100000000 -37.0531 20.8181 0 0 0 0.875344 -0.4835
453.200000000 -37.0356 20.8083 0 0 0 -0.850085 0.526645
453.300000000 -37.0173 20.8003 0 0 0 -0.822702 0.568474
453.400000000 -36.9983 20.7942 0 0 0 -0.793262 0.608881
453.500000000 -36.9787 20.79 0 0 0 -0.761839 0.647767
453.600000000 -36.9677 20.7639 0 0 0 -0.736857 0.676049
453.700000000 -36.9597 20.7213 0 0 0 -0.716972 0.697102
453.800000000 -36.953 20.6634 0 0 0 -0.702147 0.712032
453.900000000 -36.9439 20.6049 0 0 0 -0.687305 0.726369
454.000000000 -36.9325 20.5461 0 0 0 -0.67247 0.740124
454.100000000 -36.9188 20.4878 0 0 0 -0.65736 0.753577
454.200000000 -36.9027 20.4309 0 0 0 -0.64167 0.766981
454.300000000 -36.8842 20.3747 0 0 0 -0.625706 0.780059
454.400000000 -36.8635 20.3193 0 0 0 -0.609476 0.792804
454.500000000 -36.8404 20.2648 0 0 0 -0.592987 0.805212
454.600000000 -36.8142 20.2019 0 0 0 -0.580028 0.814596
454.700000000 -36.7858 20.1389 0 0 0 -0.567289 0.823519
454.800000000 -36.7555 20.0769 0 0 0 -0.554412 0.832242
454.900000000 -36.7232 20.0158 0 0 0 -0.541402 0.840764
455.000000000 -36.6891 19.9557 0 0 0 -0.52826 0.849083
455.100000000 -36.6531 19.8967 0 0 0 -0.514991 0.857196
455.200000000 -36.6153 19.8389 0 0 0 -0.501597 0.865101
455.300000000 -36.5757 19.7823 0 0 0 -0.488082 0.872798
455.400000000 -36.5344 19.727 0 0 0 -0.474448 0.880283
455.500000000 -36.4914 19.6729 0 0 0 -0.4607 0.887556
455.600000000 -36.4467 19.6202 0 0 0 -0.446841 0.894614
455.700000000 -36.4004 19.569 0 0 0 -0.432873 0.901455
455.800000000 -36.3525 19.5192 0 0 0 -0.4188 0.908078
455.900000000 -36.3031 19.4709 0 0 0 -0.404627 0.914482
456.000000000 -36.2523 19.4241 0 0 0 -0.390355 0.920664
456.100000000 -36.1974 19.3729 0 0 0 -0.381425 0.9244
456.200000000 -36.1416 19.3227 0 0 0 -0.372965 0.927845
456.300000000 -36.085 19.2734 0 0 0 -0.364474 0.931213
456.400000000 -36.0275 19.2252 0 0 0 -0.355953 0.934504
456.500000000 -35.9691 19.1781 0 0 0 -0.347402 0.937716
456.600000000 -35.9248 19.1401 0 0 0 -0.347402 0.937716
456.700000000 -35.8833 19.104 0 0 0 -0.348212 0.937416
456.800000000 -35.8419 19.0678 0 0 0 -0.349023 0.937114
456.900000000 -35.8018 19.0327 0 0 0 -0.349808 0.936822
457.000000000 -35.763 18.9986 0 0 0 -0.350568 0.936537
457.100000000 -35.7255 18.9655 0 0 0 -0.351304 0.936262
457.200000000 -35.6917 18.9357 0 0 0 -0.351966 0.936013
457.300000000 -35.6568 18.9047 0 0 0 -0.352652 0.935755
457.400000000 -35.6232 18.8748 0 0 0 -0.353314 0.935505
457.500000000 -35.5935 18.8481 0 0 0 -0.354196 0.935171
457.600000000 -35.5625 18.8202 0 0 0 -0.355114 0.934823
457.700000000 -35.5341 18.7944 0 0 0 -0.355959 0.934501
457.800000000 -35.5069 18.7698 0 0 0 -0.356767 0.934193
457.900000000 -35.4811 18.7462 0 0 0 -0.357538 0.933899
458.000000000 -35.4565 18.7237 0 0 0 -0.358272 0.933617
458.100000000 -35.4319 18.7012 0 0 0 -0.359006 0.933335
458.200000000 -35.4086 18.6798 0 0 0 -0.359702 0.933067
458.300000000 -35.3865 18.6594 0 0 0 -0.360362 0.932812
458.400000000 -35.3645 18.639 0 0 0 -0.361022 0.932557
458.500000000 -35.3437 18.6198 0 0 0 -0.361437 0.932396
458.600000000 -35.3217 18.5995 0 0 0 -0.361877 0.932226
458.700000000 -35.3021 18.5813 0 0 0 -0.362267 0.932074
458.800000000 -35.2838 18.5643 0 0 0 -0.362633 0.931932
458.900000000 -35.2642 18.5462 0 0 0 -0.363024 0.93178
459.000000000 -35.2471 18.5303 0 0 0 -0.363365 0.931647
459.100000000 -35.2276 18.5121 0 0 0 -0.363756 0.931494
459.200000000 -35.2093 18.4951 0 0 0 -0.364122 0.931351
459.300000000 -35.1911 18.478 0 0 0 -0.364487 0.931208
459.400000000 -35.1741 18.462 0 0 0 -0.364829 0.931075
459.500000000 -35.157 18.4461 0 0 0 -0.36517 0.930941
459.600000000 -35.1412 18.4313 0 0 0 -0.365487 0.930816
459.700000000 -35.1254 18.4164 0 0 0 -0.365804 0.930692
459.800000000 -35.1109 18.4027 0 0 0 -0.366096 0.930577
459.900000000 -35.0963 18.389 0 0 0 -0.366389 0.930462
460.000000000 -35.083 18.3764 0 0 0 -0.366657 0.930356
460.100000000 -35.0685 18.3627 0 0 0 -0.366949 0.930241
460.200000000 -35.0539 18.3489 0 0 0 -0.367242 0.930126
460.300000000 -35.0382 18.334 0 0 0 -0.367558 0.93
460.400000000 -35.0225 18.3191 0 0 0 -0.367875 0.929875
460.500000000 -35.0056 18.303 0 0 0 -0.368216 0.92974
460.600000000 -34.9898 18.2882 0 0 0 -0.368374 0.929678
460.700000000 -34.9741 18.2733 0 0 0 -0.368532 0.929615
460.800000000 -34.9596 18.2595 0 0 0 -0.368678 0.929557
460.900000000 -34.945 18.2458 0 0 0 -0.368824 0.929499
461.000000000 -34.9293 18.2309 0 0 0 -0.368982 0.929436
461.100000000 -34.9148 18.2171 0 0 0 -0.369128 0.929378
461.200000000 -34.9003 18.2033 0 0 0 -0.369274 0.92932
461.300000000 -34.887 18.1907 0 0 0 -0.369408 0.929267
461.400000000 -34.8725 18.1769 0 0 0 -0.369554 0.929209
461.500000000 -34.858 18.1631 0 0 0 -0.3697 0.929151
461.600000000 -34.8411 18.1471 0 0 0 -0.36987 0.929083
461.700000000 -34.8242 18.131 0 0 0 -0.370041 0.929016
461.800000000 -34.8085 18.116 0 0 0 -0.370199 0.928953
461.900000000 -34.7916 18.0999 0 0 0 -0.370369 0.928885
462.000000000 -34.7748 18.0838 0 0 0 -0.370539 0.928817
462.100000000 -34.7543 18.0642 0 0 0 -0.370746 0.928734
462.200000000 -34.7338 18.0447 0 0 0 -0.370953 0.928652
462.300000000 -34.7121 18.0239 0 0 0 -0.371172 0.928564
462.400000000 -34.6916 18.0043 0 0 0 -0.371378 0.928482
462.500000000 -34.6724 17.9859 0 0 0 -0.371573 0.928404
462.600000000 -34.6555 17.9697 0 0 0 -0.371743 0.928336
462.700000000 -34.6375 17.9524 0 0 0 -0.371925 0.928263
462.800000000 -34.6219 17.9374 0 0 0 -0.372083 0.928199
462.900000000 -34.6051 17.9212 0 0 0 -0.372253 0.928131
463.000000000 -34.5906 17.9074 0 0 0 -0.372399 0.928073
463.100000000 -34.575 17.8923 0 0 0 -0.372557 0.928009
463.200000000 -34.5582 17.8762 0 0 0 -0.372727 0.927941
463.300000000 -34.5438 17.8623 0 0 0 -0.372873 0.927883
463.400000000 -34.5282 17.8472 0 0 0 -0.373031 0.927819
463.500000000 -34.5114 17.831 0 0 0 -0.373201 0.927751
463.600000000 -34.4935 17.8137 0 0 0 -0.373383 0.927677
463.700000000 -34.4779 17.7986 0 0 0 -0.373541 0.927614
463.800000000 -34.4611 17.7824 0 0 0 -0.373711 0.927545
463.900000000 -34.4467 17.7685 0 0 0 -0.373856 0.927487
464.000000000 -34.4312 17.7534 0 0 0 -0.374014 0.927423
464.100000000 -34.4144 17.7372 0 0 0 -0.374184 0.927354
464.200000000 -34.4001 17.7232 0 0 0 -0.37433 0.927296
464.300000000 -34.3762 17.7 0 0 0 -0.374573 0.927198
464.400000000 -34.3511 17.6756 0 0 0 -0.374828 0.927095
464.500000000 -34.3283 17.6536 0 0 0 -0.374828 0.927095
464.600000000 -34.3067 17.6328 0 0 0 -0.374828 0.927095
464.700000000 -34.2839 17.6108 0 0 0 -0.374828 0.927095
464.800000000 -34.2636 17.5911 0 0 0 -0.374828 0.927095
464.900000000 -34.2444 17.5725 0 0 0 -0.374828 0.927095
465.000000000 -34.212 17.5413 0 0 0 -0.374828 0.927095
465.100000000 -34.1809 17.5111 0 0 0 -0.374828 0.927095
465.200000000 -34.1509 17.4822 0 0 0 -0.374828 0.927095
465.300000000 -34.1222 17.4544 0 0 0 -0.374828 0.927095
465.400000000 -34.0946 17.4277 0 0 0 -0.374828 0.927095
465.500000000 -34.067 17.4011 0 0 0 -0.374828 0.927095
465.600000000 -34.0407 17.3756 0 0 0 -0.374828 0.927095
465.700000000 -33.9927 17.3293 0 0 0 -0.374828 0.927095
465.800000000 -33.9448 17.2829 0 0 0 -0.374828 0.927095
465.900000000 -33.8969 17.2366 0 0 0 -0.374828 0.927095
466.000000000 -33.8573 17.1984 0 0 0 -0.374828 0.927095
466.100000000 -33.8106 17.1532 0 0 0 -0.374828 0.927095
466.200000000 -33.7722 17.1161 0 0 0 -0.374828 0.927095
466.300000000 -33.7387 17.0837 0 0 0 -0.374828 0.927095
466.400000000 -33.7063 17.0524 0 0 0 -0.374828 0.927095
466.500000000 -33.6668 17.0142 0 0 0 -0.374828 0.927095
466.600000000 -33.6284 16.9771 0 0 0 -0.374828 0.927095
466.700000000 -33.5949 16.9447 0 0 0 -0.374828 0.927095
466.800000000 -33.5625 16.9134 0 0 0 -0.374828 0.927095
466.900000000 -33.5278 16.8798 0 0 0 -0.374828 0.927095
467.000000000 -33.4942 16.8474 0 0 0 -0.374828 0.927095
467.100000000 -33.4403 16.7953 0 0 0 -0.374828 0.927095
467.200000000 -33.3864 16.7432 0 0 0 -0.374828 0.927095
467.300000000 -33.3612 16.7188 0 0 0 -0.374828 0.927095
467.400000000 -33.342 16.7003 0 0 0 -0.374828 0.927095
467.500000000 -33.2881 16.6482 0 0 0 -0.374828 0.927095
467.600000000 -33.2342 16.5961 0 0 0 -0.374828 0.927095
467.700000000 -33.1803 16.5439 0 0 0 -0.374828 0.927095
467.800000000 -33.1263 16.4918 0 0 0 -0.374828 0.927095
467.900000000 -33.112 16.4779 0 0 0 -0.374828 0.927095
468.000000000 -33.058 16.4258 0 0 0 -0.374828 0.927095
468.100000000 -33.0041 16.3737 0 0 0 -0.374828 0.927095
468.200000000 -32.9536 16.318 0 0 0 -0.386167 0.922429
468.300000000 -32.9191 16.271 0 0 0 -0.405488 0.9141
468.400000000 -32.8997 16.2323 0 0 0 -0.431787 0.901976
468.500000000 -32.8964 16.2042 0 0 0 -0.46551 0.885043
468.600000000 -32.908 16.1884 0 0 0 -0.506019 0.862522
468.700000000 -32.9219 16.1748 0 0 0 -0.546018 0.837774
468.800000000 -32.9371 16.1626 0 0 0 -0.584808 0.811172
468.900000000 -32.9533 16.1519 0 0 0 -0.622305 0.782775
469.000000000 -32.9705 16.1428 0 0 0 -0.658425 0.752646
469.100000000 -32.9885 16.1353 0 0 0 -0.693089 0.720852
469.200000000 -33.007 16.1295 0 0 0 -0.726219 0.687464
469.300000000 -33.0261 16.1255 0 0 0 -0.757742 0.652554
469.400000000 -33.0454 16.1233 0 0 0 -0.787589 0.616201
469.500000000 -33.0648 16.123 0 0 0 -0.815693 0.578484
469.600000000 -33.0876 16.1014 0 0 0 -0.835886 0.548903
469.700000000 -33.1153 16.0653 0 0 0 -0.8508 0.52549
469.800000000 -33.145 16.0308 0 0 0 -0.865058 0.501672
469.900000000 -33.1766 15.9979 0 0 0 0.878649 -0.477468
470.000000000 -33.2099 15.9669 0 0 0 0.891563 -0.452896
470.100000000 -33.2446 15.9385 0 0 0 0.903961 -0.427615
470.200000000 -33.2808 15.9121 0 0 0 0.915642 -0.401995
470.300000000 -33.3184 15.8878 0 0 0 0.926597 -0.376056
470.400000000 -33.3574 15.8657 0 0 0 0.936817 -0.349819
470.500000000 -33.3975 15.8458 0 0 0 0.946295 -0.323305
470.600000000 -33.4494 15.8158 0 0 0 0.952642 -0.304095
470.700000000 -33.5046 15.7813 0 0 0 0.95547 -0.295087
470.800000000 -33.5621 15.7414 0 0 0 0.955145 -0.296138
470.900000000 -33.6197 15.6955 0 0 0 0.951142 -0.308754
471.000000000 -33.6752 15.6485 0 0 0 0.946819 -0.321766
471.100000000 -33.7293 15.6 0 0 0 0.942318 -0.334718
471.200000000 -33.7821 15.55 0 0 0 0.93764 -0.347608
471.300000000 -33.8335 15.4986 0 0 0 0.932786 -0.360432
471.400000000 -33.8827 15.4462 0 0 0 0.927581 -0.373623
471.500000000 -33.9303 15.3926 0 0 0 0.922189 -0.38674
471.600000000 -33.9772 15.337 0 0 0 0.916799 -0.399348
471.700000000 -34.0218 15.2807 0 0 0 0.911044 -0.412309
471.800000000 -34.0648 15.2232 0 0 0 0.905105 -0.425187
471.900000000 -34.1068 15.1639 0 0 0 0.89919 -0.437558
472.000000000 -34.1465 15.1041 0 0 0 0.892895 -0.450265
472.100000000 -34.1845 15.0432 0 0 0 0.88642 -0.462882
472.200000000 -34.2214 14.9806 0 0 0 0.87999 -0.474993
472.300000000 -34.256 14.9177 0 0 0 0.873165 -0.487424
472.400000000 -34.2887 14.8538 0 0 0 0.866165 -0.499758
472.500000000 -34.3202 14.7883 0 0 0 -0.859231 0.511587
472.600000000 -34.3493 14.7226 0 0 0 -0.85189 0.523721
472.700000000 -34.3772 14.6555 0 0 0 -0.844629 0.535352
472.800000000 -34.4032 14.5876 0 0 0 -0.837209 0.546883
472.900000000 -34.4267 14.5198 0 0 0 -0.829369 0.558701
473.000000000 -34.4489 14.4505 0 0 0 -0.821631 0.57002
473.100000000 -34.4691 14.3807 0 0 0 -0.813738 0.581232
473.200000000 -34.487 14.3112 0 0 0 -0.805413 0.592714
473.300000000 -34.5033 14.2403 0 0 0 -0.79721 0.603702
473.400000000 -34.5177 14.169 0 0 0 -0.788858 0.614576
473.500000000 -34.5301 14.0974 0 0 0 -0.780357 0.625335
473.600000000 -34.5404 14.0263 0 0 0 -0.771818 0.635843
473.700000000 -34.5484 13.9584 0 0 0 -0.763545 0.645754
473.800000000 -34.5545 13.8918 0 0 0 -0.755351 0.65532
473.900000000 -34.5587 13.8285 0 0 0 -0.747456 0.664312
474.000000000 -34.5613 13.7668 0 0 0 -0.739665 0.672975
474.100000000 -34.5624 13.7067 0 0 0 -0.731989 0.681316
474.200000000 -34.5628 13.6483 0 0 0 -0.7255 0.688223
474.300000000 -34.5623 13.5898 0 0 0 -0.719295 0.694705
474.400000000 -34.5608 13.5331 0 0 0 -0.713213 0.700948
474.500000000 -34.5601 13.4731 0 0 0 -0.710213 0.703987
474.600000000 -34.5591 13.4148 0 0 0 -0.707615 0.706599
474.700000000 -34.5578 13.3581 0 0 0 -0.705081 0.709127
474.800000000 -34.5561 13.3031 0 0 0 -0.702613 0.711572
474.900000000 -34.5541 13.2498 0 0 0 -0.700212 0.713935
475.000000000 -34.5518 13.1982 0 0 0 -0.697878 0.716216
475.100000000 -34.5492 13.1482 0 0 0 -0.695613 0.718417
475.200000000 -34.5464 13.1 0 0 0 -0.693416 0.720537
475.300000000 -34.5435 13.0534 0 0 0 -0.691289 0.722578
475.400000000 -34.5403 13.0085 0 0 0 -0.689233 0.72454
475.500000000 -34.5371 12.9653 0 0 0 -0.687247 0.726424
475.600000000 -34.5342 12.9204 0 0 0 -0.686476 0.727153
475.700000000 -34.5314 12.8771 0 0 0 -0.685981 0.72762
475.800000000 -34.5287 12.8355 0 0 0 -0.685504 0.728069
475.900000000 -34.526 12.7956 0 0 0 -0.685046 0.7285
476.000000000 -34.5234 12.7574 0 0 0 -0.684607 0.728912
476.100000000 -34.5209 12.7208 0 0 0 -0.684187 0.729306
476.200000000 -34.5185 12.6859 0 0 0 -0.683786 0.729683
476.300000000 -34.516 12.651 0 0 0 -0.683385 0.730059
476.400000000 -34.5136 12.6177 0 0 0 -0.683002 0.730416
476.500000000 -34.5112 12.5861 0 0 0 -0.682639 0.730756
476.600000000 -34.5092 12.5512 0 0 0 -0.683241 0.730192
476.700000000 -34.5073 12.5179 0 0 0 -0.683815 0.729655
476.800000000 -34.5055 12.4863 0 0 0 -0.68436 0.729144
476.900000000 -34.5037 12.453 0 0 0 -0.684933 0.728606
477.000000000 -34.5021 12.4214 0 0 0 -0.685477 0.728095
477.100000000 -34.5006 12.3914 0 0 0 -0.685991 0.72761
477.200000000 -34.4989 12.3581 0 0 0 -0.686563 0.72707
477.300000000 -34.4973 12.3248 0 0 0 -0.687134 0.72653
477.400000000 -34.4958 12.2932 0 0 0 -0.687677 0.726017
477.500000000 -34.4944 12.2616 0 0 0 -0.688219 0.725503
477.600000000 -34.4931 12.2299 0 0 0 -0.68876 0.724989
477.700000000 -34.4918 12.2 0 0 0 -0.689273 0.724502
477.800000000 -34.4905 12.1666 0 0 0 -0.689842 0.72396
477.900000000 -34.4892 12.135 0 0 0 -0.690382 0.723445
478.000000000 -34.488 12.1034 0 0 0 -0.690922 0.722929
478.100000000 -34.487 12.0734 0 0 0 -0.691434 0.72244
478.200000000 -34.4858 12.0401 0 0 0 -0.692001 0.721896
478.300000000 -34.4848 12.0084 0 0 0 -0.69254 0.721379
478.400000000 -34.4838 11.9768 0 0 0 -0.693078 0.720862
478.500000000 -34.4827 11.9418 0 0 0 -0.693673 0.72029
478.600000000 -34.4817 11.9085 0 0 0 -0.69405 0.719927
478.700000000 -34.4807 11.8768 0 0 0 -0.694408 0.719581
478.800000000 -34.4798 11.8451 0 0 0 -0.694766 0.719235
478.900000000 -34.4789 11.8118 0 0 0 -0.695143 0.718871
479.000000000 -34.478 11.7802 0 0 0 -0.695501 0.718525
479.100000000 -34.4771 11.7469 0 0 0 -0.695877 0.718161
479.200000000 -34.4763 11.7152 0 0 0 -0.696234 0.717815
479.300000000 -34.4755 11.6819 0 0 0 -0.69661 0.71745
479.400000000 -34.4748 11.6502 0 0 0 -0.696967 0.717103
479.500000000 -34.4741 11.6186 0 0 0 -0.697324 0.716756
479.600000000 -34.4734 11.5886 0 0 0 -0.697661 0.716428
479.700000000 -34.4729 11.5602 0 0 0 -0.69798 0.716117
479.800000000 -34.4724 11.5336 0 0 0 -0.69828 0.715824
479.900000000 -34.4719 11.5069 0 0 0 -0.69858 0.715532
480.000000000 -34.4714 11.4819 0 0 0 -0.698861 0.715257
480.100000000 -34.475 11.4083 0 0 0 -0.708267 0.705945
480.200000000 -34.4839 11.3523 0 0 0 -0.723516 0.690308
480.300000000 -34.4962 11.303 0 0 0 -0.740546 0.672006
480.400000000 -34.5111 11.2553 0 0 0 -0.757369 0.652987
480.500000000 -34.5283 11.2084 0 0 0 -0.773704 0.633547
480.600000000 -34.548 11.1567 0 0 0 -0.787846 0.615872
480.700000000 -34.57 11.1051 0 0 0 -0.801347 0.598199
480.800000000 -34.5942 11.0546 0 0 0 -0.814452 0.580231
480.900000000 -34.6207 11.0053 0 0 0 -0.827154 0.561976
481.000000000 -34.6493 10.9571 0 0 0 -0.839447 0.543442
481.100000000 -34.6801 10.9103 0 0 0 -0.851324 0.52464
481.200000000 -34.7129 10.8648 0 0 0 -0.862781 0.505579
481.300000000 -34.7477 10.8209 0 0 0 0.87381 -0.486267
481.400000000 -34.7844 10.7786 0 0 0 0.884408 -0.466715
481.500000000 -34.8299 10.7218 0 0 0 0.890724 -0.454544
481.600000000 -34.877 10.6634 0 0 0 0.895082 -0.445901
481.700000000 -34.9251 10.6058 0 0 0 0.899118 -0.437706
481.800000000 -34.9742 10.549 0 0 0 0.903079 -0.429475
481.900000000 -35.0243 10.4932 0 0 0 0.906964 -0.421208
482.000000000 -35.0755 10.4383 0 0 0 0.910774 -0.412906
482.100000000 -35.1276 10.3843 0 0 0 0.914507 -0.404569
482.200000000 -35.1808 10.3313 0 0 0 0.918165 -0.396199
482.300000000 -35.2348 10.2792 0 0 0 0.921745 -0.387796
482.400000000 -35.2899 10.2282 0 0 0 0.925249 -0.37936
482.500000000 -35.3458 10.1782 0 0 0 0.928676 -0.370892
482.600000000 -35.4004 10.1267 0 0 0 0.928962 -0.370174
482.700000000 -35.4549 10.0751 0 0 0 0.928962 -0.370174
482.800000000 -35.5093 10.0236 0 0 0 0.928962 -0.370174
482.900000000 -35.5638 9.97198 0 0 0 0.928962 -0.370174
483.000000000 -35.6182 9.9204 0 0 0 0.928962 -0.370174
483.100000000 -35.6726 9.86882 0 0 0 0.928962 -0.370174
483.200000000 -35.7271 9.81723 0 0 0 0.928962 -0.370174
483.300000000 -35.7815 9.76565 0 0 0 0.928962 -0.370174
483.400000000 -35.836 9.71407 0 0 0 0.928962 -0.370174
483.500000000 -35.8904 9.66249 0 0 0 0.928962 -0.370174
483.600000000 -35.9462 9.61236 0 0 0 0.930791 -0.365551
483.700000000 -36.0027 9.56297 0 0 0 0.932827 -0.360326
483.800000000 -36.0597 9.51422 0 0 0 0.934833 -0.355089
483.900000000 -36.1173 9.46612 0 0 0 0.936809 -0.349841
484.000000000 -36.1754 9.41866 0 0 0 0.938756 -0.344582
484.100000000 -36.234 9.37186 0 0 0 0.940674 -0.339312
484.200000000 -36.2932 9.32571 0 0 0 0.942562 -0.334031
484.300000000 -36.3528 9.28024 0 0 0 0.94442 -0.32874
484.400000000 -36.413 9.23543 0 0 0 0.946249 -0.323439
484.500000000 -36.4737 9.19131 0 0 0 0.948048 -0.318127
484.600000000 -36.5363 9.14985 0 0 0 0.951725 -0.306953
484.700000000 -36.6 9.11005 0 0 0 0.955417 -0.29526
484.800000000 -36.6646 9.07182 0 0 0 0.958965 -0.283523
484.900000000 -36.7302 9.03518 0 0 0 0.96237 -0.271744
485.000000000 -36.7966 9.00016 0 0 0 0.965629 -0.259923
485.100000000 -36.8639 8.96679 0 0 0 0.968744 -0.248063
485.200000000 -36.932 8.93507 0 0 0 0.971713 -0.236166
485.300000000 -37.0008 8.90503 0 0 0 0.974535 -0.224234
485.400000000 -37.0704 8.87669 0 0 0 0.977212 -0.212268
485.500000000 -37.1406 8.85006 0 0 0 0.979741 -0.20027
485.600000000 -37.2114 8.82517 0 0 0 0.982123 -0.188241
485.700000000 -37.2829 8.80201 0 0 0 0.984357 -0.176185
485.800000000 -37.3549 8.78062 0 0 0 0.986443 -0.164102
485.900000000 -37.4273 8.761 0 0 0 0.988381 -0.151994
486.000000000 -37.4849 8.75168 0 0 0 0.99136 -0.131166
486.100000000 -37.5283 8.752 0 0 0 0.994743 -0.102406
486.200000000 -37.5585 8.76034 0 0 0 0.997772 -0.0667176
486.300000000 -37.587 8.77113 0 0 0 0.999536 -0.0304746
486.400000000 -37.6148 8.78397 0 0 0 0.999983 0.00580862
486.500000000 -37.6415 8.79878 0 0 0 0.999114 0.0420842
486.600000000 -37.6788 8.8142 0 0 0 0.99736 0.0726208
486.700000000 -37.7167 8.83178 0 0 0 0.994756 0.102275
486.800000000 -37.7536 8.8516 0 0 0 0.991271 0.131838
486.900000000 -37.7892 8.87357 0 0 0 0.986908 0.161284
487.000000000 -37.8234 8.89762 0 0 0 0.98167 0.190588
487.100000000 -37.8562 8.92366 0 0 0 0.975562 0.219722
487.200000000 -37.8873 8.95161 0 0 0 0.96859 0.248662
487.300000000 -37.9167 8.98135 0 0 0 0.96076 0.277382
487.400000000 -37.9443 9.0128 0 0 0 0.952078 0.305855
487.500000000 -37.97 9.04583 0 0 0 0.942552 0.334058
487.600000000 -38.0081 9.08796 0 0 0 0.935032 0.354564
487.700000000 -38.0472 9.13339 0 0 0 0.927668 0.373407
487.800000000 -38.0844 9.18036 0 0 0 0.919924 0.392097
487.900000000 -38.1197 9.22879 0 0 0 0.911804 0.410626
488.000000000 -38.153 9.27861 0 0 0 0.90331 0.428987
488.100000000 -38.1842 9.32974 0 0 0 0.894447 0.447173
488.200000000 -38.2134 9.38209 0 0 0 0.885218 0.465176
488.300000000 -38.2404 9.43558 0 0 0 0.875627 0.482989
488.400000000 -38.2652 9.49012 0 0 0 0.865677 0.500603
488.500000000 -38.2941 9.55285 0 0 0 0.857786 0.514006
488.600000000 -38.3217 9.61716 0 0 0 0.849926 0.526901
488.700000000 -38.3473 9.68228 0 0 0 0.841873 0.539676
488.800000000 -38.3709 9.74814 0 0 0 0.833627 0.552328
488.900000000 -38.3925 9.81469 0 0 0 0.825191 0.564854
489.000000000 -38.4121 9.88185 0 0 0 0.816567 0.577251
489.100000000 -38.4301 9.95039 0 0 0 0.808026 0.589147
489.200000000 -38.4457 10.0186 0 0 0 0.799037 0.601282
489.300000000 -38.4596 10.0881 0 0 0 0.790146 0.612918
489.400000000 -38.4719 10.1588 0 0 0 0.781375 0.624062
489.500000000 -38.4837 10.233 0 0 0 0.773664 0.633596
489.600000000 -38.4937 10.3074 0 0 0 0.765837 0.643035
489.700000000 -38.5018 10.3821 0 0 0 0.757895 0.652377
489.800000000 -38.5081 10.4569 0 0 0 0.749839 0.661621
489.900000000 -38.5126 10.5319 0 0 0 0.74167 0.670765
490.000000000 -38.5152 10.6069 0 0 0 0.73339 0.679809
490.100000000 -38.5162 10.682 0 0 0 0.725342 0.688388
490.200000000 -38.5152 10.7571 0 0 0 0.716847 0.69723
490.300000000 -38.5128 10.8321 0 0 0 0.708954 0.705255
490.400000000 -38.5087 10.9071 0 0 0 0.70097 0.71319
490.500000000 -38.5031 10.982 0 0 0 0.69327 0.720678
490.600000000 -38.4959 11.0567 0 0 0 0.68549 0.728082
490.700000000 -38.4871 11.1313 0 0 0 0.677631 0.735402
490.800000000 -38.4771 11.2057 0 0 0 0.670481 0.741927
490.900000000 -38.4657 11.2799 0 0 0 0.663268 0.748382
491.000000000 -38.453 11.3538 0 0 0 0.656404 0.75441
491.100000000 -38.4395 11.4277 0 0 0 0.65034 0.759643
491.200000000 -38.4226 11.4902 0 0 0 0.636765 0.771058
491.300000000 -38.4033 11.5355 0 0 0 0.616673 0.787219
491.400000000 -38.3826 11.5629 0 0 0 0.589556 0.807727
491.500000000 -38.3625 11.5674 0 0 0 0.55313 0.833095
491.600000000 -38.3442 11.5603 0 0 0 0.511466 0.859303
491.700000000 -38.3266 11.5515 0 0 0 0.468563 0.88343
491.800000000 -38.31 11.5409 0 0 0 0.424525 0.905416
491.900000000 -38.2946 11.5288 0 0 0 0.379458 0.925209
492.000000000 -38.2803 11.5152 0 0 0 0.333472 0.94276
492.100000000 -38.2675 11.5003 0 0 0 0.286678 0.958027
492.200000000 -38.2562 11.4842 0 0 0 0.239189 0.970973
492.300000000 -38.2466 11.467 0 0 0 0.191121 0.981567
492.400000000 -38.2387 11.449 0 0 0 0.142589 0.989782
492.500000000 -38.2326 11.4303 0 0 0 0.0937125 0.995599
492.600000000 -38.2053 11.4204 0 0 0 0.0565726 0.998398
492.700000000 -38.169 11.4115 0 0 0 0.0243373 0.999704
492.800000000 -38.1325 11.4005 0 0 0 -0.00749946 0.999972
492.900000000 -38.0968 11.3873 0 0 0 -0.0393286 0.999226
493.000000000 -38.062 11.3718 0 0 0 -0.0711179 0.997468
493.100000000 -38.0282 11.3541 0 0 0 -0.102835 0.994698
493.200000000 -37.9957 11.3343 0 0 0 -0.134448 0.990921
493.300000000 -37.9645 11.3124 0 0 0 -0.165925 0.986138
493.400000000 -37.9347 11.2887 0 0 0 -0.197233 0.980357
493.500000000 -37.8903 11.2597 0 0 0 -0.220528 0.975381
493.600000000 -37.8335 11.2252 0 0 0 -0.236957 0.97152
493.700000000 -37.7762 11.1882 0 0 0 -0.25247 0.967605
493.800000000 -37.7201 11.1495 0 0 0 -0.267918 0.963442
493.900000000 -37.6652 11.1089 0 0 0 -0.283298 0.959032
494.000000000 -37.6117 11.0667 0 0 0 -0.298605 0.954377
494.100000000 -37.5595 11.0227 0 0 0 -0.313836 0.949477
494.200000000 -37.5088 10.9771 0 0 0 -0.328986 0.944335
494.300000000 -37.4596 10.9299 0 0 0 -0.344052 0.938951
494.400000000 -37.4119 10.8812 0 0 0 -0.35903 0.933326
494.500000000 -37.3578 10.8292 0 0 0 -0.364259 0.931298
494.600000000 -37.3037 10.7773 0 0 0 -0.367653 0.929963
494.700000000 -37.2499 10.7249 0 0 0 -0.371043 0.928615
494.800000000 -37.1966 10.6722 0 0 0 -0.374429 0.927256
494.900000000 -37.1436 10.6191 0 0 0 -0.377809 0.925884
495.000000000 -37.0911 10.5656 0 0 0 -0.381184 0.924499
495.100000000 -37.0389 10.5117 0 0 0 -0.384554 0.923103
495.200000000 -36.9871 10.4574 0 0 0 -0.387919 0.921694
495.300000000 -36.9357 10.4027 0 0 0 -0.391278 0.920272
495.400000000 -36.8848 10.3477 0 0 0 -0.394633 0.918839
495.500000000 -36.8342 10.2923 0 0 0 -0.397982 0.917393
495.600000000 -36.7827 10.2378 0 0 0 -0.397273 0.917701
495.700000000 -36.731 10.1835 0 0 0 -0.395874 0.918305
495.800000000 -36.679 10.1294 0 0 0 -0.394475 0.918907
495.900000000 -36.6269 10.0754 0 0 0 -0.393074 0.919507
496.000000000 -36.5747 10.0217 0 0 0 -0.391673 0.920104
496.100000000 -36.5222 9.96802 0 0 0 -0.390271 0.9207
496.200000000 -36.4696 9.91455 0 0 0 -0.388868 0.921294
496.300000000 -36.4169 9.86123 0 0 0 -0.387464 0.921885
496.400000000 -36.364 9.80808 0 0 0 -0.386059 0.922474
496.500000000 -36.3109 9.75509 0 0 0 -0.384653 0.923061
496.600000000 -36.2577 9.70226 0 0 0 -0.383247 0.923646
496.700000000 -36.2043 9.64959 0 0 0 -0.381839 0.924229
496.800000000 -36.1507 9.59709 0 0 0 -0.380431 0.92481
496.900000000 -36.097 9.54475 0 0 0 -0.379021 0.925388
497.000000000 -36.0433 9.49236 0 0 0 -0.378305 0.925681
497.100000000 -35.9896 9.44005 0 0 0 -0.37759 0.925973
497.200000000 -35.9357 9.38783 0 0 0 -0.376873 0.926265
497.300000000 -35.8818 9.33569 0 0 0 -0.376157 0.926556
497.400000000 -35.8278 9.28363 0 0 0 -0.37544 0.926847
497.500000000 -35.7738 9.23166 0 0 0 -0.374723 0.927137
497.600000000 -35.7176 9.18186 0 0 0 -0.367285 0.930108
497.700000000 -35.6605 9.13315 0 0 0 -0.359293 0.933225
497.800000000 -35.6026 9.08542 0 0 0 -0.351275 0.936272
497.900000000 -35.5439 9.03869 0 0 0 -0.343231 0.939251
498.000000000 -35.4844 8.99297 0 0 0 -0.335161 0.942161
498.100000000 -35.4241 8.94829 0 0 0 -0.327067 0.945001
498.200000000 -35.363 8.90464 0 0 0 -0.318949 0.947772
498.300000000 -35.3012 8.86205 0 0 0 -0.310807 0.950473
498.400000000 -35.2387 8.82052 0 0 0 -0.302642 0.953104
498.500000000 -35.1755 8.78007 0 0 0 -0.294456 0.955665
498.600000000 -35.1109 8.74178 0 0 0 -0.283194 0.959063
498.700000000 -35.0454 8.70502 0 0 0 -0.271893 0.962328
498.800000000 -34.9791 8.66981 0 0 0 -0.260554 0.965459
498.900000000 -34.912 8.63617 0 0 0 -0.24918 0.968457
499.000000000 -34.844 8.60412 0 0 0 -0.237771 0.971321
499.100000000 -34.7754 8.57368 0 0 0 -0.226329 0.974051
499.200000000 -34.7061 8.54486 0 0 0 -0.214855 0.976646
499.300000000 -34.6361 8.51767 0 0 0 -0.203352 0.979106
499.400000000 -34.5654 8.49215 0 0 0 -0.191821 0.98143
499.500000000 -34.4942 8.46829 0 0 0 -0.180263 0.983618
499.600000000 -34.4237 8.44719 0 0 0 -0.167229 0.985918
499.700000000 -34.3526 8.42796 0 0 0 -0.154165 0.988045
499.800000000 -34.281 8.41063 0 0 0 -0.141074 0.989999
499.900000000 -34.209 8.39519 0 0 0 -0.127959 0.99178
500.000000000 -34.1384 8.38201 0 0 0 -0.115154 0.993348
500.100000000 -34.0692 8.37091 0 0 0 -0.102628 0.99472
500.200000000 -34.0014 8.36179 0 0 0 -0.0903846 0.995907
500.300000000 -33.9366 8.3547 0 0 0 -0.0787258 0.996896
500.400000000 -33.8734 8.34927 0 0 0 -0.0673556 0.997729
500.500000000 -33.8053 8.34357 0 0 0 -0.0586006 0.998282
500.600000000 -33.7387 8.33895 0 0 0 -0.0506099 0.998718
500.700000000 -33.6754 8.33558 0 0 0 -0.0430158 0.999074
500.800000000 -33.6137 8.33323 0 0 0 -0.0356191 0.999365
500.900000000 -33.5537 8.33183 0 0 0 -0.0284204 0.999596
501.000000000 -33.497 8.33133 0 0 0 -0.0216203 0.999766
501.100000000 -33.4419 8.33159 0 0 0 -0.0150193 0.999887
501.200000000 -33.3886 8.33255 0 0 0 -0.00861765 0.999963
501.300000000 -33.3369 8.33414 0 0 0 -0.00241572 0.999997
501.400000000 -33.2869 8.3363 0 0 0 0.00358624 0.999994
501.500000000 -33.2386 8.33897 0 0 0 0.00938802 0.999956
501.600000000 -33.1886 8.34149 0 0 0 0.0133474 0.999911
501.700000000 -33.1404 8.34415 0 0 0 0.0167864 0.999859
501.800000000 -33.0938 8.34705 0 0 0 0.0201067 0.999798
501.900000000 -33.0489 8.35014 0 0 0 0.0233081 0.999728
502.000000000 -33.0056 8.35339 0 0 0 0.0263908 0.999652
502.100000000 -32.9641 8.35677 0 0 0 0.0293547 0.999569
502.200000000 -32.9242 8.36025 0 0 0 0.0321997 0.999481
502.300000000 -32.8861 8.36381 0 0 0 0.034926 0.99939
502.400000000 -32.8479 8.36757 0 0 0 0.037652 0.999291
502.500000000 -32.8114 8.37137 0 0 0 0.0402593 0.999189
502.600000000 -32.7766 8.37518 0 0 0 0.0427478 0.999086
502.700000000 -32.7435 8.37898 0 0 0 0.0451175 0.998982
502.800000000 -32.7104 8.38292 0 0 0 0.047487 0.998872
502.900000000 -32.6789 8.38683 0 0 0 0.0497377 0.998762
503.000000000 -32.6475 8.39087 0 0 0 0.0519882 0.998648
503.100000000 -32.6178 8.39483 0 0 0 0.05412 0.998534
503.200000000 -32.588 8.39892 0 0 0 0.0562516 0.998417
503.300000000 -32.5583 8.40276 0 0 0 0.0574302 0.99835
503.400000000 -32.5302 8.40646 0 0 0 0.0585433 0.998285
503.500000000 -32.5021 8.41021 0 0 0 0.0596563 0.998219
503.600000000 -32.474 8.4135 0 0 0 0.0594341 0.998232
503.700000000 -32.4475 8.41649 0 0 0 0.0590158 0.998257
503.800000000 -32.421 8.41947 0 0 0 0.0585975 0.998282
503.900000000 -32.3961 8.42224 0 0 0 0.0582054 0.998305
504.000000000 -32.3713 8.42499 0 0 0 0.0578132 0.998327
504.100000000 -32.3481 8.42754 0 0 0 0.0574472 0.998349
504.200000000 -32.3249 8.43007 0 0 0 0.0570811 0.99837
504.300000000 -32.3033 8.4324 0 0 0 0.0567412 0.998389
504.400000000 -32.2818 8.43472 0 0 0 0.0564013 0.998408
504.500000000 -32.2553 8.43756 0 0 0 0.055983 0.998432
504.600000000 -32.2304 8.44019 0 0 0 0.0555908 0.998454
504.700000000 -32.2056 8.44281 0 0 0 0.0551985 0.998475
504.800000000 -32.1823 8.44524 0 0 0 0.0548324 0.998496
504.900000000 -32.1591 8.44765 0 0 0 0.0544664 0.998516
505.000000000 -32.1376 8.44987 0 0 0 0.0541264 0.998534
505.100000000 -32.116 8.45208 0 0 0 0.0537865 0.998552
505.200000000 -32.0961 8.4541 0 0 0 0.0534726 0.998569
505.300000000 -32.0762 8.45611 0 0 0 0.0531588 0.998586
505.400000000 -32.0563 8.45811 0 0 0 0.052845 0.998603
505.500000000 -32.0364 8.4601 0 0 0 0.0525312 0.998619
505.600000000 -32.0165 8.46207 0 0 0 0.0522173 0.998636
505.700000000 -31.9966 8.46403 0 0 0 0.0519035 0.998652
505.800000000 -31.9784 8.46582 0 0 0 0.0516158 0.998667
505.900000000 -31.9585 8.46775 0 0 0 0.051302 0.998683
506.000000000 -31.9386 8.46968 0 0 0 0.0509881 0.998699
506.100000000 -31.9187 8.47159 0 0 0 0.0506743 0.998715
506.200000000 -31.8987 8.47349 0 0 0 0.0503604 0.998731
506.300000000 -31.8788 8.47538 0 0 0 0.0500465 0.998747
506.400000000 -31.8589 8.47725 0 0 0 0.0497327 0.998763
506.500000000 -31.8407 8.47896 0 0 0 0.049445 0.998777
506.600000000 -31.8141 8.48151 0 0 0 0.0492357 0.998787
506.700000000 -31.7876 8.48405 0 0 0 0.0490265 0.998797
506.800000000 -31.761 8.48657 0 0 0 0.0488173 0.998808
506.900000000 -31.7361 8.48893 0 0 0 0.0486212 0.998817
507.000000000 -31.7113 8.49128 0 0 0 0.0484251 0.998827
507.100000000 -31.6864 8.49362 0 0 0 0.0482289 0.998836
507.200000000 -31.6631 8.4958 0 0 0 0.0480459 0.998845
507.300000000 -31.6399 8.49797 0 0 0 0.0478628 0.998854
507.400000000 -31.6183 8.49997 0 0 0 0.0476928 0.998862
507.500000000 -31.5967 8.50197 0 0 0 0.0475228 0.99887
507.600000000 -31.5768 8.5038 0 0 0 0.0473659 0.998878
507.700000000 -31.5569 8.50563 0 0 0 0.047209 0.998885
507.800000000 -31.537 8.50746 0 0 0 0.0470521 0.998892
507.900000000 -31.5171 8.50927 0 0 0 0.0468952 0.9989
508.000000000 -31.4972 8.51108 0 0 0 0.0467382 0.998907
508.100000000 -31.4772 8.51289 0 0 0 0.0465813 0.998915
508.200000000 -31.4573 8.51469 0 0 0 0.0464244 0.998922
508.300000000 -31.4357 8.51663 0 0 0 0.0462544 0.99893
508.400000000 -31.4142 8.51856 0 0 0 0.0460844 0.998938
508.500000000 -31.3942 8.52034 0 0 0 0.0459275 0.998945
508.600000000 -31.3743 8.52212 0 0 0 0.0457705 0.998952
508.700000000 -31.3544 8.52388 0 0 0 0.0456136 0.998959
508.800000000 -31.3345 8.52564 0 0 0 0.0454567 0.998966
508.900000000 -31.3146 8.5274 0 0 0 0.0452998 0.998973
509.000000000 -31.2946 8.52914 0 0 0 0.0451428 0.998981
509.100000000 -31.2747 8.53088 0 0 0 0.0449859 0.998988
509.200000000 -31.2481 8.5332 0 0 0 0.0447766 0.998997
509.300000000 -31.2215 8.53517 0 0 0 0.0437283 0.999043
509.400000000 -31.1949 8.53708 0 0 0 0.0426799 0.999089
509.500000000 -31.17 8.53882 0 0 0 0.041697 0.99913
509.600000000 -31.1451 8.54051 0 0 0 0.0407141 0.999171
509.700000000 -31.1184 8.54226 0 0 0 0.0396656 0.999213
509.800000000 -31.0918 8.54396 0 0 0 0.038617 0.999254
509.900000000 -31.0652 8.54559 0 0 0 0.0375685 0.999294
510.000000000 -31.0386 8.54718 0 0 0 0.0365198 0.999333
510.100000000 -31.0136 8.54861 0 0 0 0.0355367 0.999368
510.200000000 -30.987 8.55009 0 0 0 0.034488 0.999405
510.300000000 -30.9604 8.55151 0 0 0 0.0334392 0.999441
510.400000000 -30.9337 8.55287 0 0 0 0.0323904 0.999475
510.500000000 -30.9071 8.55418 0 0 0 0.0313416 0.999509
510.600000000 -30.8821 8.55543 0 0 0 0.0305556 0.999533
510.700000000 -30.8572 8.55672 0 0 0 0.0299663 0.999551
510.800000000 -30.8322 8.55798 0 0 0 0.0293771 0.999568
510.900000000 -30.8089 8.55913 0 0 0 0.0288272 0.999584
511.000000000 -30.7856 8.56026 0 0 0 0.0282772 0.9996
511.100000000 -30.7639 8.56128 0 0 0 0.0277665 0.999614
511.200000000 -30.7423 8.56228 0 0 0 0.0272558 0.999628
511.300000000 -30.7223 8.56318 0 0 0 0.0267844 0.999641
511.400000000 -30.7023 8.56406 0 0 0 0.026313 0.999654
511.500000000 -30.6823 8.56493 0 0 0 0.0258416 0.999666
511.600000000 -30.6624 8.56577 0 0 0 0.0253701 0.999678
511.700000000 -30.6424 8.5666 0 0 0 0.0248987 0.99969
511.800000000 -30.6224 8.5674 0 0 0 0.0244272 0.999702
511.900000000 -30.6024 8.56819 0 0 0 0.0239558 0.999713
512.000000000 -30.5824 8.56896 0 0 0 0.0234843 0.999724
512.100000000 -30.5624 8.56971 0 0 0 0.0230129 0.999735
512.200000000 -30.5424 8.57044 0 0 0 0.0225414 0.999746
512.300000000 -30.5225 8.57116 0 0 0 0.0220699 0.999756
512.400000000 -30.5025 8.57185 0 0 0 0.0215985 0.999767
512.500000000 -30.4825 8.57253 0 0 0 0.021127 0.999777
512.600000000 -30.4542 8.57355 0 0 0 0.0206819 0.999786
512.700000000 -30.4275 8.57448 0 0 0 0.0202629 0.999795
512.800000000 -30.3959 8.57557 0 0 0 0.0197655 0.999805
512.900000000 -30.3642 8.57662 0 0 0 0.019268 0.999814
513.000000000 -30.3342 8.57759 0 0 0 0.0187967 0.999823
513.100000000 -30.3059 8.57847 0 0 0 0.0183515 0.999832
513.200000000 -30.2726 8.57949 0 0 0 0.0178278 0.999841
513.300000000 -30.2393 8.58047 0 0 0 0.0173042 0.99985
513.400000000 -30.2076 8.58136 0 0 0 0.0168066 0.999859
513.500000000 -30.1726 8.58232 0 0 0 0.0162568 0.999868
513.600000000 -30.1393 8.58319 0 0 0 0.0157331 0.999876
513.700000000 -30.106 8.58403 0 0 0 0.0152093 0.999884
513.800000000 -30.0727 8.58484 0 0 0 0.0146856 0.999892
513.900000000 -30.0393 8.58561 0 0 0 0.0141619 0.9999
514.000000000 -30.0077 8.5863 0 0 0 0.0136644 0.999907
514.100000000 -29.976 8.58697 0 0 0 0.0131668 0.999913
514.200000000 -29.9427 8.58764 0 0 0 0.0126431 0.99992
514.300000000 -29.9094 8.58827 0 0 0 0.0121194 0.999927
514.400000000 -29.8777 8.58884 0 0 0 0.0116218 0.999932
514.500000000 -29.846 8.58938 0 0 0 0.0111243 0.999938
514.600000000 -29.8127 8.58991 0 0 0 0.0106006 0.999944
514.700000000 -29.781 8.59038 0 0 0 0.010103 0.999949
514.800000000 -29.7477 8.59085 0 0 0 0.00957925 0.999954
514.900000000 -29.7144 8.59128 0 0 0 0.0090555 0.999959
515.000000000 -29.6827 8.59165 0 0 0 0.00855794 0.999963
515.100000000 -29.6477 8.59203 0 0 0 0.008008 0.999968
515.200000000 -29.6144 8.59235 0 0 0 0.00748424 0.999972
515.300000000 -29.5827 8.59273 0 0 0 0.00723552 0.999974
515.400000000 -29.5494 8.59311 0 0 0 0.0069737 0.999976
515.500000000 -29.5177 8.59345 0 0 0 0.00672498 0.999977
515.600000000 -29.4861 8.59387 0 0 0 0.00672498 0.999977
515.700000000 -29.4544 8.5943 0 0 0 0.00672498 0.999977
515.800000000 -29.4211 8.59475 0 0 0 0.00672498 0.999977
515.900000000 -29.3877 8.5952 0 0 0 0.00672498 0.999977
516.000000000 -29.3544 8.59564 0 0 0 0.00672498 0.999977
516.100000000 -29.3211 8.59609 0 0 0 0.00672498 0.999977
516.200000000 -29.2894 8.59652 0 0 0 0.00672498 0.999977
516.300000000 -29.2561 8.59697 0 0 0 0.00672498 0.999977
516.400000000 -29.2228 8.59742 0 0 0 0.00672498 0.999977
516.500000000 -29.1894 8.59786 0 0 0 0.00672498 0.999977
516.600000000 -29.1578 8.59829 0 0 0 0.00672498 0.999977
516.700000000 -29.1261 8.59872 0 0 0 0.00672498 0.999977
516.800000000 -29.0928 8.59916 0 0 0 0.00672498 0.999977
516.900000000 -29.0611 8.59959 0 0 0 0.00672498 0.999977
517.000000000 -29.0278 8.60004 0 0 0 0.00672498 0.999977
517.100000000 -28.9961 8.60046 0 0 0 0.00672498 0.999977
517.200000000 -28.9644 8.60089 0 0 0 0.00672498 0.999977
517.300000000 -28.9294 8.60136 0 0 0 0.00672498 0.999977
517.400000000 -28.8961 8.60181 0 0 0 0.00672498 0.999977
517.500000000 -28.8628 8.60226 0 0 0 0.00672498 0.999977
517.600000000 -28.8311 8.60268 0 0 0 0.00672498 0.999977
517.700000000 -28.7978 8.60313 0 0 0 0.00672498 0.999977
517.800000000 -28.7661 8.60356 0 0 0 0.00672498 0.999977
517.900000000 -28.7328 8.60401 0 0 0 0.00672498 0.999977
518.000000000 -28.6995 8.60445 0 0 0 0.00672498 0.999977
518.100000000 -28.6661 8.6049 0 0 0 0.00672498 0.999977
518.200000000 -28.6345 8.60533 0 0 0 0.00672498 0.999977
518.300000000 -28.5995 8.6058 0 0 0 0.00672498 0.999977
518.400000000 -28.5661 8.60625 0 0 0 0.00672498 0.999977
518.500000000 -28.5328 8.6067 0 0 0 0.00672498 0.999977
518.600000000 -28.4995 8.60714 0 0 0 0.00672498 0.999977
518.700000000 -28.4662 8.60759 0 0 0 0.00672498 0.999977
518.800000000 -28.4345 8.60802 0 0 0 0.00672498 0.999977
518.900000000 -28.4028 8.60844 0 0 0 0.00672498 0.999977
519.000000000 -28.3695 8.60889 0 0 0 0.00672498 0.999977
519.100000000 -28.3378 8.60932 0 0 0 0.00672498 0.999977
519.200000000 -28.3062 8.60974 0 0 0 0.00672498 0.999977
519.300000000 -28.2745 8.61017 0 0 0 0.00672498 0.999977
519.400000000 -28.2412 8.61062 0 0 0 0.00672498 0.999977
519.500000000 -28.2078 8.61107 0 0 0 0.00672498 0.999977
519.600000000 -28.1745 8.61151 0 0 0 0.00672498 0.999977
519.700000000 -28.1429 8.61194 0 0 0 0.00672498 0.999977
519.800000000 -28.1129 8.61234 0 0 0 0.00672498 0.999977
519.900000000 -28.0829 8.61275 0 0 0 0.00672498 0.999977
520.000000000 -28.0545 8.61313 0 0 0 0.00672498 0.999977
520.100000000 -28.0279 8.61349 0 0 0 0.00672498 0.999977
520.200000000 -28.0012 8.61385 0 0 0 0.00672498 0.999977
520.300000000 -27.9762 8.61418 0 0 0 0.00672498 0.999977
520.400000000 -27.9512 8.61452 0 0 0 0.00672498 0.999977
520.500000000 -27.9279 8.61483 0 0 0 0.00672498 0.999977
520.600000000 -27.9045 8.61515 0 0 0 0.00672498 0.999977
520.700000000 -27.8829 8.61544 0 0 0 0.00672498 0.999977
520.800000000 -27.8612 8.61573 0 0 0 0.00672498 0.999977
520.900000000 -27.8412 8.616 0 0 0 0.00672498 0.999977
521.000000000 -27.8195 8.61629 0 0 0 0.00672498 0.999977
521.100000000 -27.7962 8.6166 0 0 0 0.00672498 0.999977
521.200000000 -27.7746 8.61689 0 0 0 0.00672498 0.999977
521.300000000 -27.7395 8.61693 0 0 0 0.00562399 0.999984
521.400000000 -27.7062 8.61678 0 0 0 0.00431232 0.999991
521.500000000 -27.6729 8.61654 0 0 0 0.00300063 0.999995
521.600000000 -27.6395 8.61621 0 0 0 0.00168894 0.999999
521.700000000 -27.5645 8.61501 0 0 0 -0.00195904 0.999998
521.800000000 -27.4896 8.61325 0 0 0 -0.005607 0.999984
521.900000000 -27.4146 8.61095 0 0 0 -0.00925488 0.999957
522.000000000 -27.3396 8.60811 0 0 0 -0.0129026 0.999917
522.100000000 -27.2647 8.60471 0 0 0 -0.0165502 0.999863
522.200000000 -27.1898 8.60077 0 0 0 -0.0201976 0.999796
522.300000000 -27.1149 8.59629 0 0 0 -0.0238447 0.999716
522.400000000 -27.0401 8.59125 0 0 0 -0.0274915 0.999622
522.500000000 -26.9653 8.58567 0 0 0 -0.0311379 0.999515
522.600000000 -26.8904 8.5807 0 0 0 -0.0319108 0.999491
522.700000000 -26.8156 8.5756 0 0 0 -0.0326837 0.999466
522.800000000 -26.7408 8.5704 0 0 0 -0.0334566 0.99944
522.900000000 -26.666 8.56507 0 0 0 -0.0342295 0.999414
523.000000000 -26.5912 8.55963 0 0 0 -0.0350023 0.999387
523.100000000 -26.5164 8.55408 0 0 0 -0.0357752 0.99936
523.200000000 -26.4416 8.54841 0 0 0 -0.036548 0.999332
523.300000000 -26.3668 8.54262 0 0 0 -0.0373208 0.999303
523.400000000 -26.2921 8.53672 0 0 0 -0.0380935 0.999274
523.500000000 -26.2173 8.5307 0 0 0 -0.0388663 0.999244
523.600000000 -26.1541 8.52677 0 0 0 -0.0363758 0.999338
523.700000000 -26.0925 8.52326 0 0 0 -0.0339507 0.999424
523.800000000 -26.0326 8.52013 0 0 0 -0.0315909 0.999501
523.900000000 -25.976 8.51744 0 0 0 -0.029362 0.999569
524.000000000 -25.921 8.51507 0 0 0 -0.0271986 0.99963
524.100000000 -25.8677 8.51301 0 0 0 -0.0251006 0.999685
524.200000000 -25.8161 8.51123 0 0 0 -0.0230681 0.999734
524.300000000 -25.7661 8.50971 0 0 0 -0.021101 0.999777
524.400000000 -25.7178 8.50843 0 0 0 -0.0191994 0.999816
524.500000000 -25.6711 8.50738 0 0 0 -0.0173634 0.999849
524.600000000 -25.6178 8.50619 0 0 0 -0.0156859 0.999877
524.700000000 -25.5545 8.50481 0 0 0 -0.0141927 0.999899
524.800000000 -25.4928 8.50364 0 0 0 -0.0127388 0.999919
524.900000000 -25.4345 8.5027 0 0 0 -0.0113634 0.999935
525.000000000 -25.3778 8.50195 0 0 0 -0.0100273 0.99995
525.100000000 -25.3228 8.50136 0 0 0 -0.00873049 0.999962
525.200000000 -25.2695 8.50093 0 0 0 -0.00747297 0.999972
525.300000000 -25.2178 8.50065 0 0 0 -0.00625473 0.99998
525.400000000 -25.1678 8.5005 0 0 0 -0.00507578 0.999987
525.500000000 -25.1128 8.50028 0 0 0 -0.00421156 0.999991
525.600000000 -25.0595 8.50017 0 0 0 -0.00337354 0.999994
525.700000000 -25.0078 8.50015 0 0 0 -0.00256169 0.999997
525.800000000 -24.9578 8.5002 0 0 0 -0.00177604 0.999998
525.900000000 -24.9112 8.50033 0 0 0 -0.00104276 0.999999
526.000000000 -24.8645 8.50053 0 0 0 -0.000309481 1
526.100000000 -24.8195 8.50078 0 0 0 0.00039761 1
526.200000000 -24.7762 8.50109 0 0 0 0.00107851 0.999999
526.300000000 -24.7345 8.50144 0 0 0 0.00173323 0.999998
526.400000000 -24.6945 8.50183 0 0 0 0.00236175 0.999997
526.500000000 -24.6562 8.50225 0 0 0 0.00296408 0.999996
526.600000000 -24.6195 8.5027 0 0 0 0.00354023 0.999994
526.700000000 -24.5845 8.50317 0 0 0 0.00409019 0.999992
526.800000000 -24.5495 8.50367 0 0 0 0.00464014 0.999989
526.900000000 -24.5162 8.50419 0 0 0 0.0051639 0.999987
527.000000000 -24.4845 8.50472 0 0 0 0.00566148 0.999984
527.100000000 -24.4528 8.50528 0 0 0 0.00615905 0.999981
527.200000000 -24.4195 8.5059 0 0 0 0.00668281 0.999978
527.300000000 -24.3862 8.50634 0 0 0 0.00668281 0.999978
527.400000000 -24.3545 8.50677 0 0 0 0.00668281 0.999978
527.500000000 -24.3212 8.50721 0 0 0 0.00668281 0.999978
527.600000000 -24.2895 8.50763 0 0 0 0.00668281 0.999978
527.700000000 -24.2562 8.50808 0 0 0 0.00668281 0.999978
527.800000000 -24.2229 8.50853 0 0 0 0.00668281 0.999978
527.900000000 -24.1895 8.50897 0 0 0 0.00668281 0.999978
528.000000000 -24.1579 8.50939 0 0 0 0.00668281 0.999978
528.100000000 -24.1229 8.50986 0 0 0 0.00668281 0.999978
528.200000000 -24.0895 8.51031 0 0 0 0.00668281 0.999978
528.300000000 -24.0579 8.51073 0 0 0 0.00668281 0.999978
528.400000000 -24.0246 8.51118 0 0 0 0.00668281 0.999978
528.500000000 -23.9912 8.51162 0 0 0 0.00668281 0.999978
528.600000000 -23.9596 8.51204 0 0 0 0.00668281 0.999978
528.700000000 -23.9279 8.51247 0 0 0 0.00668281 0.999978
528.800000000 -23.8946 8.51291 0 0 0 0.00668281 0.999978
528.900000000 -23.8612 8.51336 0 0 0 0.00668281 0.999978
529.000000000 -23.8296 8.51378 0 0 0 0.00668281 0.999978
529.100000000 -23.7962 8.51423 0 0 0 0.00668281 0.999978
529.200000000 -23.7646 8.51465 0 0 0 0.00668281 0.999978
529.300000000 -23.7312 8.5151 0 0 0 0.00668281 0.999978
529.400000000 -23.6979 8.51554 0 0 0 0.00668281 0.999978
529.500000000 -23.6663 8.51597 0 0 0 0.00668281 0.999978
529.600000000 -23.6346 8.51639 0 0 0 0.00668281 0.999978
529.700000000 -23.5996 8.51686 0 0 0 0.00668281 0.999978
529.800000000 -23.5663 8.5173 0 0 0 0.00668281 0.999978
529.900000000 -23.5346 8.51773 0 0 0 0.00668281 0.999978
530.000000000 -23.5029 8.51815 0 0 0 0.00668281 0.999978
530.100000000 -23.4713 8.51857 0 0 0 0.00668281 0.999978
530.200000000 -23.4413 8.51897 0 0 0 0.00668281 0.999978
530.300000000 -23.4129 8.51935 0 0 0 0.00668281 0.999978
530.400000000 -23.3846 8.51973 0 0 0 0.00668281 0.999978
530.500000000 -23.3579 8.52009 0 0 0 0.00668281 0.999978
530.600000000 -23.3313 8.52044 0 0 0 0.00668281 0.999978
530.700000000 -23.3063 8.52078 0 0 0 0.00668281 0.999978
530.800000000 -23.2813 8.52111 0 0 0 0.00668281 0.999978
530.900000000 -23.258 8.52142 0 0 0 0.00668281 0.999978
531.000000000 -23.2346 8.52173 0 0 0 0.00668281 0.999978
531.100000000 -23.213 8.52202 0 0 0 0.00668281 0.999978
531.200000000 -23.1913 8.52231 0 0 0 0.00668281 0.999978
531.300000000 -23.1696 8.5226 0 0 0 0.00668281 0.999978
531.400000000 -23.148 8.52289 0 0 0 0.00668281 0.999978
531.500000000 -23.1263 8.52318 0 0 0 0.00668281 0.999978
531.600000000 -23.1046 8.52347 0 0 0 0.00668281 0.999978
531.700000000 -23.0813 8.52378 0 0 0 0.00668281 0.999978
531.800000000 -23.0596 8.52407 0 0 0 0.00668281 0.999978
531.900000000 -23.0363 8.52439 0 0 0 0.00668281 0.999978
532.000000000 -23.0146 8.52468 0 0 0 0.00668281 0.999978
532.100000000 -22.9913 8.52499 0 0 0 0.00668281 0.999978
532.200000000 -22.9696 8.52528 0 0 0 0.00668281 0.999978
532.300000000 -22.9463 8.52559 0 0 0 0.00668281 0.999978
532.400000000 -22.9247 8.52588 0 0 0 0.00668281 0.999978
532.500000000 -22.903 8.52617 0 0 0 0.00668281 0.999978
532.600000000 -22.883 8.52643 0 0 0 0.00668281 0.999978
532.700000000 -22.863 8.5267 0 0 0 0.00668281 0.999978
532.800000000 -22.828 8.52717 0 0 0 0.00668281 0.999978
532.900000000 -22.7947 8.52762 0 0 0 0.00668281 0.999978
533.000000000 -22.763 8.52804 0 0 0 0.00668281 0.999978
533.100000000 -22.733 8.52844 0 0 0 0.00668281 0.999978
533.200000000 -22.6997 8.52889 0 0 0 0.00668281 0.999978
533.300000000 -22.6663 8.52933 0 0 0 0.00668281 0.999978
533.400000000 -22.6347 8.52975 0 0 0 0.00668281 0.999978
533.500000000 -22.5997 8.53022 0 0 0 0.00668281 0.999978
533.600000000 -22.5663 8.53067 0 0 0 0.00668281 0.999978
533.700000000 -22.5347 8.53109 0 0 0 0.00668281 0.999978
533.800000000 -22.5014 8.53154 0 0 0 0.00668281 0.999978
533.900000000 -22.468 8.53198 0 0 0 0.00668281 0.999978
534.000000000 -22.4364 8.5324 0 0 0 0.00668281 0.999978
534.100000000 -22.4014 8.53287 0 0 0 0.00668281 0.999978
534.200000000 -22.368 8.53332 0 0 0 0.00668281 0.999978
534.300000000 -22.3347 8.53376 0 0 0 0.00668281 0.999978
534.400000000 -22.303 8.53419 0 0 0 0.00668281 0.999978
534.500000000 -22.268 8.53465 0 0 0 0.00668281 0.999978
534.600000000 -22.2347 8.5351 0 0 0 0.00668281 0.999978
534.700000000 -22.203 8.53552 0 0 0 0.00668281 0.999978
534.800000000 -22.1697 8.53597 0 0 0 0.00668281 0.999978
534.900000000 -22.1381 8.53639 0 0 0 0.00668281 0.999978
535.000000000 -22.1064 8.53682 0 0 0 0.00668281 0.999978
535.100000000 -22.0714 8.53728 0 0 0 0.00668281 0.999978
535.200000000 -22.0381 8.53773 0 0 0 0.00668281 0.999978
535.300000000 -22.0064 8.53815 0 0 0 0.00668281 0.999978
535.400000000 -21.9731 8.5386 0 0 0 0.00668281 0.999978
535.500000000 -21.9414 8.53902 0 0 0 0.00668281 0.999978
535.600000000 -21.9097 8.53944 0 0 0 0.00668281 0.999978
535.700000000 -21.8797 8.53984 0 0 0 0.00668281 0.999978
535.800000000 -21.8464 8.54029 0 0 0 0.00668281 0.999978
535.900000000 -21.8131 8.54074 0 0 0 0.00668281 0.999978
536.000000000 -21.7814 8.54116 0 0 0 0.00668281 0.999978
536.100000000 -21.7498 8.54158 0 0 0 0.00668281 0.999978
536.200000000 -21.7164 8.54203 0 0 0 0.00668281 0.999978
536.300000000 -21.6831 8.54247 0 0 0 0.00668281 0.999978
536.400000000 -21.6498 8.54292 0 0 0 0.00668281 0.999978
536.500000000 -21.6164 8.54336 0 0 0 0.00668281 0.999978
536.600000000 -21.5848 8.54379 0 0 0 0.00668281 0.999978
536.700000000 -21.5498 8.54426 0 0 0 0.00668281 0.999978
536.800000000 -21.5164 8.5447 0 0 0 0.00668281 0.999978
536.900000000 -21.4848 8.54512 0 0 0 0.00668281 0.999978
537.000000000 -21.4514 8.54557 0 0 0 0.00668281 0.999978
537.100000000 -21.4181 8.54602 0 0 0 0.00668281 0.999978
537.200000000 -21.3865 8.54644 0 0 0 0.00668281 0.999978
537.300000000 -21.3531 8.54688 0 0 0 0.00668281 0.999978
537.400000000 -21.3198 8.54733 0 0 0 0.00668281 0.999978
537.500000000 -21.2865 8.54777 0 0 0 0.00668281 0.999978
537.600000000 -21.2548 8.5482 0 0 0 0.00668281 0.999978
537.700000000 -21.2198 8.54867 0 0 0 0.00668281 0.999978
537.800000000 -21.1865 8.54911 0 0 0 0.00668281 0.999978
537.900000000 -21.1548 8.54953 0 0 0 0.00668281 0.999978
538.000000000 -21.1215 8.54998 0 0 0 0.00668281 0.999978
538.100000000 -21.0898 8.5504 0 0 0 0.00668281 0.999978
538.200000000 -21.0582 8.55083 0 0 0 0.00668281 0.999978
538.300000000 -21.0265 8.55125 0 0 0 0.00668281 0.999978
538.400000000 -20.9932 8.5517 0 0 0 0.00668281 0.999978
538.500000000 -20.9598 8.55214 0 0 0 0.00668281 0.999978
538.600000000 -20.9265 8.55259 0 0 0 0.00668281 0.999978
538.700000000 -20.8932 8.55303 0 0 0 0.00668281 0.999978
538.800000000 -20.8615 8.55346 0 0 0 0.00668281 0.999978
538.900000000 -20.8282 8.5539 0 0 0 0.00668281 0.999978
539.000000000 -20.7948 8.55435 0 0 0 0.00668281 0.999978
539.100000000 -20.7632 8.55477 0 0 0 0.00668281 0.999978
539.200000000 -20.7315 8.55519 0 0 0 0.00668281 0.999978
539.300000000 -20.6965 8.55566 0 0 0 0.00668281 0.999978
539.400000000 -20.6632 8.55611 0 0 0 0.00668281 0.999978
539.500000000 -20.6299 8.55655 0 0 0 0.00668281 0.999978
539.600000000 -20.5965 8.557 0 0 0 0.00668281 0.999978
539.700000000 -20.5632 8.55744 0 0 0 0.00668281 0.999978
539.800000000 -20.5315 8.55787 0 0 0 0.00668281 0.999978
539.900000000 -20.4965 8.55833 0 0 0 0.00668281 0.999978
540.000000000 -20.4632 8.55878 0 0 0 0.00668281 0.999978
540.100000000 -20.4299 8.55922 0 0 0 0.00668281 0.999978
540.200000000 -20.3982 8.55965 0 0 0 0.00668281 0.999978
540.300000000 -20.3632 8.56012 0 0 0 0.00668281 0.999978
540.400000000 -20.3299 8.56056 0 0 0 0.00668281 0.999978
540.500000000 -20.2966 8.56101 0 0 0 0.00668281 0.999978
540.600000000 -20.2632 8.56145 0 0 0 0.00668281 0.999978
540.700000000 -20.2316 8.56188 0 0 0 0.00668281 0.999978
540.800000000 -20.1999 8.5623 0 0 0 0.00668281 0.999978
540.900000000 -20.1649 8.56277 0 0 0 0.00668281 0.999978
541.000000000 -20.1316 8.56321 0 0 0 0.00668281 0.999978
541.100000000 -20.0999 8.56364 0 0 0 0.00668281 0.999978
541.200000000 -20.0632 8.56413 0 0 0 0.00668281 0.999978
541.300000000 -20.0282 8.56459 0 0 0 0.00668281 0.999978
541.400000000 -19.9932 8.56506 0 0 0 0.00668281 0.999978
541.500000000 -19.9599 8.56551 0 0 0 0.00668281 0.999978
541.600000000 -19.9283 8.56593 0 0 0 0.00668281 0.999978
541.700000000 -19.8983 8.56633 0 0 0 0.00668281 0.999978
541.800000000 -19.8683 8.56673 0 0 0 0.00668281 0.999978
541.900000000 -19.8399 8.56711 0 0 0 0.00668281 0.999978
542.000000000 -19.8116 8.56749 0 0 0 0.00668281 0.999978
542.100000000 -19.7849 8.56785 0 0 0 0.00668281 0.999978
542.200000000 -19.7599 8.56818 0 0 0 0.00668281 0.999978
542.300000000 -19.7349 8.56851 0 0 0 0.00668281 0.999978
542.400000000 -19.7116 8.56883 0 0 0 0.00668281 0.999978
542.500000000 -19.6883 8.56914 0 0 0 0.00668281 0.999978
542.600000000 -19.6666 8.56943 0 0 0 0.00668281 0.999978
542.700000000 -19.6449 8.56972 0 0 0 0.00668281 0.999978
542.800000000 -19.6233 8.57001 0 0 0 0.00668281 0.999978
542.900000000 -19.6016 8.5703 0 0 0 0.00668281 0.999978
543.000000000 -19.5799 8.57058 0 0 0 0.00668281 0.999978
543.100000000 -19.5583 8.57087 0 0 0 0.00668281 0.999978
543.200000000 -19.5366 8.57116 0 0 0 0.00668281 0.999978
543.300000000 -19.5133 8.57148 0 0 0 0.00668281 0.999978
543.400000000 -19.4916 8.57177 0 0 0 0.00668281 0.999978
543.500000000 -19.4683 8.57208 0 0 0 0.00668281 0.999978
543.600000000 -19.4466 8.57237 0 0 0 0.00668281 0.999978
543.700000000 -19.425 8.57266 0 0 0 0.00668281 0.999978
543.800000000 -19.4033 8.57295 0 0 0 0.00668281 0.999978
543.900000000 -19.3816 8.57324 0 0 0 0.00668281 0.999978
544.000000000 -19.3616 8.5735 0 0 0 0.00668281 0.999978
544.100000000 -19.3283 8.57395 0 0 0 0.00668281 0.999978
544.200000000 -19.2966 8.57437 0 0 0 0.00668281 0.999978
544.300000000 -19.265 8.5748 0 0 0 0.00668281 0.999978
544.400000000 -19.2316 8.57524 0 0 0 0.00668281 0.999978
544.500000000 -19.2 8.57566 0 0 0 0.00668281 0.999978
544.600000000 -19.1667 8.57611 0 0 0 0.00668281 0.999978
544.700000000 -19.135 8.57653 0 0 0 0.00668281 0.999978
544.800000000 -19.1033 8.57696 0 0 0 0.00668281 0.999978
544.900000000 -19.0717 8.57738 0 0 0 0.00668281 0.999978
545.000000000 -19.0383 8.57782 0 0 0 0.00668281 0.999978
545.100000000 -19.005 8.57827 0 0 0 0.00668281 0.999978
545.200000000 -18.9733 8.57869 0 0 0 0.00668281 0.999978
545.300000000 -18.9417 8.57912 0 0 0 0.00668281 0.999978
545.400000000 -18.9083 8.57956 0 0 0 0.00668281 0.999978
545.500000000 -18.8767 8.57999 0 0 0 0.00668281 0.999978
545.600000000 -18.8433 8.58043 0 0 0 0.00668281 0.999978
545.700000000 -18.8117 8.58085 0 0 0 0.00668281 0.999978
545.800000000 -18.78 8.58128 0 0 0 0.00668281 0.999978
545.900000000 -18.7484 8.5817 0 0 0 0.00668281 0.999978
546.000000000 -18.715 8.58215 0 0 0 0.00668281 0.999978
546.100000000 -18.6817 8.58259 0 0 0 0.00668281 0.999978
546.200000000 -18.6484 8.58304 0 0 0 0.00668281 0.999978
546.300000000 -18.615 8.58348 0 0 0 0.00668281 0.999978
546.400000000 -18.5834 8.58391 0 0 0 0.00668281 0.999978
546.500000000 -18.5517 8.58433 0 0 0 0.00668281 0.999978
546.600000000 -18.5184 8.58477 0 0 0 0.00668281 0.999978
546.700000000 -18.485 8.58522 0 0 0 0.00668281 0.999978
546.800000000 -18.4517 8.58567 0 0 0 0.00668281 0.999978
546.900000000 -18.4184 8.58611 0 0 0 0.00668281 0.999978
547.000000000 -18.3867 8.58653 0 0 0 0.00668281 0.999978
547.100000000 -18.3284 8.58731 0 0 0 0.00668281 0.999978
547.200000000 -18.2734 8.58805 0 0 0 0.00668281 0.999978
547.300000000 -18.2201 8.58876 0 0 0 0.00668281 0.999978
547.400000000 -18.1651 8.5895 0 0 0 0.00668281 0.999978
547.500000000 -18.1084 8.59025 0 0 0 0.00668281 0.999978
547.600000000 -18.0534 8.59099 0 0 0 0.00668281 0.999978
547.700000000 -18.0001 8.5917 0 0 0 0.00668281 0.999978
547.800000000 -17.9451 8.59244 0 0 0 0.00668281 0.999978
547.900000000 -17.8918 8.59315 0 0 0 0.00668281 0.999978
548.000000000 -17.8401 8.59384 0 0 0 0.00668281 0.999978
548.100000000 -17.7901 8.59451 0 0 0 0.00668281 0.999978
548.200000000 -17.7418 8.59515 0 0 0 0.00668281 0.999978
548.300000000 -17.6951 8.59578 0 0 0 0.00668281 0.999978
548.400000000 -17.6501 8.59638 0 0 0 0.00668281 0.999978
548.500000000 -17.5935 8.59714 0 0 0 0.00668281 0.999978
548.600000000 -17.5385 8.59787 0 0 0 0.00668281 0.999978
548.700000000 -17.4851 8.59859 0 0 0 0.00668281 0.999978
548.800000000 -17.4285 8.59934 0 0 0 0.00668281 0.999978
548.900000000 -17.3751 8.60006 0 0 0 0.00668281 0.999978
549.000000000 -17.3202 8.60079 0 0 0 0.00668281 0.999978
549.100000000 -17.2668 8.6015 0 0 0 0.00668281 0.999978
549.200000000 -17.2118 8.60224 0 0 0 0.00668281 0.999978
549.300000000 -17.1585 8.60295 0 0 0 0.00668281 0.999978
549.400000000 -17.1035 8.60369 0 0 0 0.00668281 0.999978
549.500000000 -17.0468 8.60444 0 0 0 0.00668281 0.999978
549.600000000 -16.9935 8.60516 0 0 0 0.00668281 0.999978
549.700000000 -16.9402 8.60587 0 0 0 0.00668281 0.999978
549.800000000 -16.8885 8.60656 0 0 0 0.00668281 0.999978
549.900000000 -16.8402 8.60721 0 0 0 0.00668281 0.999978
550.000000000 -16.7935 8.60783 0 0 0 0.00668281 0.999978
550.100000000 -16.7485 8.60843 0 0 0 0.00668281 0.999978
550.200000000 -16.7035 8.60903 0 0 0 0.00668281 0.999978
550.300000000 -16.6602 8.60961 0 0 0 0.00668281 0.999978
550.400000000 -16.6185 8.61017 0 0 0 0.00668281 0.999978
550.500000000 -16.5786 8.6107 0 0 0 0.00668281 0.999978
550.600000000 -16.5402 8.61122 0 0 0 0.00668281 0.999978
550.700000000 -16.5036 8.61171 0 0 0 0.00668281 0.999978
550.800000000 -16.4686 8.61217 0 0 0 0.00668281 0.999978
550.900000000 -16.4336 8.61264 0 0 0 0.00668281 0.999978
551.000000000 -16.4002 8.61309 0 0 0 0.00668281 0.999978
551.100000000 -16.3686 8.61351 0 0 0 0.00668281 0.999978
551.200000000 -16.3369 8.61393 0 0 0 0.00668281 0.999978
551.300000000 -16.3069 8.61433 0 0 0 0.00668281 0.999978
551.400000000 -16.2786 8.61471 0 0 0 0.00668281 0.999978
551.500000000 -16.2502 8.61509 0 0 0 0.00668281 0.999978
551.600000000 -16.2236 8.61545 0 0 0 0.00668281 0.999978
551.700000000 -16.1986 8.61578 0 0 0 0.00668281 0.999978
551.800000000 -16.1736 8.61612 0 0 0 0.00668281 0.999978
551.900000000 -16.1503 8.61643 0 0 0 0.00668281 0.999978
552.000000000 -16.1269 8.61674 0 0 0 0.00668281 0.999978
552.100000000 -16.1053 8.61703 0 0 0 0.00668281 0.999978
552.200000000 -16.0836 8.61732 0 0 0 0.00668281 0.999978
552.300000000 -16.0619 8.61761 0 0 0 0.00668281 0.999978
552.400000000 -16.0403 8.6179 0 0 0 0.00668281 0.999978
552.500000000 -16.0186 8.61819 0 0 0 0.00668281 0.999978
552.600000000 -15.9969 8.61848 0 0 0 0.00668281 0.999978
552.700000000 -15.9769 8.61874 0 0 0 0.00668281 0.999978
552.800000000 -15.9569 8.61901 0 0 0 0.00668281 0.999978
552.900000000 -15.9369 8.61928 0 0 0 0.00668281 0.999978
553.000000000 -15.9169 8.61955 0 0 0 0.00668281 0.999978
553.100000000 -15.8969 8.61981 0 0 0 0.00668281 0.999978
553.200000000 -15.8769 8.62008 0 0 0 0.00668281 0.999978
553.300000000 -15.8569 8.62035 0 0 0 0.00668281 0.999978
553.400000000 -15.8386 8.62059 0 0 0 0.00668281 0.999978
553.500000000 -15.8186 8.62086 0 0 0 0.00668281 0.999978
553.600000000 -15.7986 8.62113 0 0 0 0.00668281 0.999978
553.700000000 -15.7653 8.62157 0 0 0 0.00668281 0.999978
553.800000000 -15.7336 8.622 0 0 0 0.00668281 0.999978
553.900000000 -15.7003 8.62244 0 0 0 0.00668281 0.999978
554.000000000 -15.6686 8.62287 0 0 0 0.00668281 0.999978
554.100000000 -15.6353 8.62331 0 0 0 0.00668281 0.999978
554.200000000 -15.602 8.62376 0 0 0 0.00668281 0.999978
554.300000000 -15.5686 8.6242 0 0 0 0.00668281 0.999978
554.400000000 -15.537 8.62463 0 0 0 0.00668281 0.999978
554.500000000 -15.5053 8.62505 0 0 0 0.00668281 0.999978
554.600000000 -15.472 8.62549 0 0 0 0.00668281 0.999978
554.700000000 -15.4387 8.62594 0 0 0 0.00668281 0.999978
554.800000000 -15.4053 8.62639 0 0 0 0.00668281 0.999978
554.900000000 -15.372 8.62683 0 0 0 0.00668281 0.999978
555.000000000 -15.3403 8.62725 0 0 0 0.00668281 0.999978
555.100000000 -15.3087 8.62768 0 0 0 0.00668281 0.999978
555.200000000 -15.2753 8.62812 0 0 0 0.00668281 0.999978
555.300000000 -15.242 8.62857 0 0 0 0.00668281 0.999978
555.400000000 -15.2103 8.62899 0 0 0 0.00668281 0.999978
555.500000000 -15.1787 8.62941 0 0 0 0.00668281 0.999978
555.600000000 -15.1453 8.62986 0 0 0 0.00668281 0.999978
555.700000000 -15.112 8.63031 0 0 0 0.00668281 0.999978
555.800000000 -15.0787 8.63075 0 0 0 0.00668281 0.999978
555.900000000 -15.0454 8.6312 0 0 0 0.00668281 0.999978
556.000000000 -15.0137 8.63162 0 0 0 0.00668281 0.999978
556.100000000 -14.9787 8.63209 0 0 0 0.00668281 0.999978
556.200000000 -14.9454 8.63253 0 0 0 0.00668281 0.999978
556.300000000 -14.912 8.63298 0 0 0 0.00668281 0.999978
556.400000000 -14.8787 8.63342 0 0 0 0.00668281 0.999978
556.500000000 -14.8454 8.63387 0 0 0 0.00668281 0.999978
556.600000000 -14.8137 8.63429 0 0 0 0.00668281 0.999978
556.700000000 -14.7837 8.63469 0 0 0 0.00668281 0.999978
556.800000000 -14.7504 8.63514 0 0 0 0.00668281 0.999978
556.900000000 -14.7187 8.63556 0 0 0 0.00668281 0.999978
557.000000000 -14.6871 8.63599 0 0 0 0.00668281 0.999978
557.100000000 -14.6537 8.63643 0 0 0 0.00668281 0.999978
557.200000000 -14.6221 8.63685 0 0 0 0.00668281 0.999978
557.300000000 -14.5887 8.6373 0 0 0 0.00668281 0.999978
557.400000000 -14.5554 8.63775 0 0 0 0.00668281 0.999978
557.500000000 -14.5237 8.63817 0 0 0 0.00668281 0.999978
557.600000000 -14.4921 8.63859 0 0 0 0.00668281 0.999978
557.700000000 -14.4571 8.63906 0 0 0 0.00668281 0.999978
557.800000000 -14.4237 8.63951 0 0 0 0.00668281 0.999978
557.900000000 -14.3904 8.63995 0 0 0 0.00668281 0.999978
558.000000000 -14.3571 8.6404 0 0 0 0.00668281 0.999978
558.100000000 -14.3254 8.64082 0 0 0 0.00668281 0.999978
558.200000000 -14.2704 8.64155 0 0 0 0.00668281 0.999978
558.300000000 -14.2171 8.64227 0 0 0 0.00668281 0.999978
558.400000000 -14.1621 8.643 0 0 0 0.00668281 0.999978
558.500000000 -14.1054 8.64376 0 0 0 0.00668281 0.999978
558.600000000 -14.0504 8.6445 0 0 0 0.00668281 0.999978
558.700000000 -13.9988 8.64519 0 0 0 0.00668281 0.999978
558.800000000 -13.9438 8.64592 0 0 0 0.00668281 0.999978
558.900000000 -13.8871 8.64668 0 0 0 0.00668281 0.999978
559.000000000 -13.8321 8.64741 0 0 0 0.00668281 0.999978
559.100000000 -13.7788 8.64813 0 0 0 0.00668281 0.999978
559.200000000 -13.7238 8.64886 0 0 0 0.00668281 0.999978
559.300000000 -13.6671 8.64962 0 0 0 0.00668281 0.999978
559.400000000 -13.6138 8.65033 0 0 0 0.00668281 0.999978
559.500000000 -13.5588 8.65107 0 0 0 0.00668281 0.999978
559.600000000 -13.5055 8.65178 0 0 0 0.00668281 0.999978
559.700000000 -13.4505 8.65251 0 0 0 0.00668281 0.999978
559.800000000 -13.3972 8.65323 0 0 0 0.00668281 0.999978
559.900000000 -13.3455 8.65392 0 0 0 0.00668281 0.999978
560.000000000 -13.2955 8.65459 0 0 0 0.00668281 0.999978
560.100000000 -13.2472 8.65523 0 0 0 0.00668281 0.999978
560.200000000 -13.2005 8.65586 0 0 0 0.00668281 0.999978
560.300000000 -13.1555 8.65646 0 0 0 0.00668281 0.999978
560.400000000 -13.1122 8.65704 0 0 0 0.00668281 0.999978
560.500000000 -13.0705 8.65759 0 0 0 0.00668281 0.999978
560.600000000 -13.0305 8.65813 0 0 0 0.00668281 0.999978
560.700000000 -12.9922 8.65864 0 0 0 0.00668281 0.999978
560.800000000 -12.9555 8.65913 0 0 0 0.00668281 0.999978
560.900000000 -12.9189 8.65962 0 0 0 0.00668281 0.999978
561.000000000 -12.8839 8.66009 0 0 0 0.00668281 0.999978
561.100000000 -12.8506 8.66053 0 0 0 0.00668281 0.999978
561.200000000 -12.8189 8.66096 0 0 0 0.00668281 0.999978
561.300000000 -12.7872 8.66138 0 0 0 0.00668281 0.999978
561.400000000 -12.7572 8.66178 0 0 0 0.00668281 0.999978
561.500000000 -12.7272 8.66218 0 0 0 0.00668281 0.999978
561.600000000 -12.6522 8.662 0 0 0 0.00372332 0.999993
561.700000000 -12.5772 8.6611 0 0 0 7.53455e-05 1
561.800000000 -12.5022 8.65965 0 0 0 -0.00357263 0.999994
561.900000000 -12.4272 8.65766 0 0 0 -0.00722056 0.999974
562.000000000 -12.3523 8.65512 0 0 0 -0.0108684 0.999941
562.100000000 -12.2773 8.65203 0 0 0 -0.0145161 0.999895
562.200000000 -12.2024 8.64839 0 0 0 -0.0181636 0.999835
562.300000000 -12.1275 8.64421 0 0 0 -0.0218108 0.999762
562.400000000 -12.0527 8.63948 0 0 0 -0.0254578 0.999676
562.500000000 -11.9778 8.63421 0 0 0 -0.0291044 0.999576
562.600000000 -11.9031 8.62839 0 0 0 -0.0327506 0.999464
562.700000000 -11.8283 8.62202 0 0 0 -0.0363964 0.999337
562.800000000 -11.7536 8.61511 0 0 0 -0.0400418 0.999198
562.900000000 -11.679 8.60765 0 0 0 -0.0436865 0.999045
563.000000000 -11.6044 8.59965 0 0 0 -0.0473307 0.998879
563.100000000 -11.5347 8.58714 0 0 0 -0.0619534 0.998079
563.200000000 -11.4681 8.5724 0 0 0 -0.0779135 0.99696
563.300000000 -11.4029 8.55549 0 0 0 -0.0942928 0.995545
563.400000000 -11.3383 8.53645 0 0 0 -0.110647 0.99386
563.500000000 -11.277 8.51537 0 0 0 -0.128256 0.991741
563.600000000 -11.2174 8.49218 0 0 0 -0.146245 0.989248
563.700000000 -11.1587 8.46684 0 0 0 -0.164185 0.98643
563.800000000 -11.1009 8.43939 0 0 0 -0.182072 0.983285
563.900000000 -11.0442 8.40985 0 0 0 -0.199898 0.979817
564.000000000 -10.9886 8.37828 0 0 0 -0.217658 0.976025
564.100000000 -10.9341 8.3447 0 0 0 -0.235347 0.971912
564.200000000 -10.881 8.30917 0 0 0 -0.252958 0.967477
564.300000000 -10.8291 8.27174 0 0 0 -0.270485 0.962724
564.400000000 -10.7786 8.23244 0 0 0 -0.287923 0.957653
564.500000000 -10.7296 8.19134 0 0 0 -0.305267 0.952267
564.600000000 -10.6708 8.14478 0 0 0 -0.313952 0.949439
564.700000000 -10.6126 8.09733 0 0 0 -0.322085 0.946711
564.800000000 -10.5551 8.04907 0 0 0 -0.329658 0.944101
564.900000000 -10.4985 7.9999 0 0 0 -0.337209 0.94143
565.000000000 -10.4426 7.94982 0 0 0 -0.344739 0.938699
565.100000000 -10.3875 7.89885 0 0 0 -0.352247 0.935907
565.200000000 -10.3332 7.84701 0 0 0 -0.359732 0.933056
565.300000000 -10.2798 7.7943 0 0 0 -0.367194 0.930144
565.400000000 -10.2272 7.74075 0 0 0 -0.374633 0.927173
565.500000000 -10.1755 7.68636 0 0 0 -0.382048 0.924143
565.600000000 -10.1229 7.63297 0 0 0 -0.383455 0.92356
565.700000000 -10.0704 7.57942 0 0 0 -0.384862 0.922974
565.800000000 -10.018 7.52571 0 0 0 -0.386267 0.922387
565.900000000 -9.96582 7.47184 0 0 0 -0.387672 0.921797
566.000000000 -9.9138 7.41781 0 0 0 -0.389076 0.921206
566.100000000 -9.86195 7.36362 0 0 0 -0.390479 0.920612
566.200000000 -9.81026 7.30928 0 0 0 -0.391881 0.920016
566.300000000 -9.75873 7.25478 0 0 0 -0.393282 0.919418
566.400000000 -9.70738 7.20012 0 0 0 -0.394682 0.918818
566.500000000 -9.65618 7.1453 0 0 0 -0.396082 0.918215
566.600000000 -9.60494 7.09054 0 0 0 -0.396791 0.917909
566.700000000 -9.55356 7.0359 0 0 0 -0.396791 0.917909
566.800000000 -9.50217 6.98127 0 0 0 -0.396791 0.917909
566.900000000 -9.45079 6.92664 0 0 0 -0.396791 0.917909
567.000000000 -9.39941 6.87201 0 0 0 -0.396791 0.917909
567.100000000 -9.34802 6.81737 0 0 0 -0.396791 0.917909
567.200000000 -9.29664 6.76274 0 0 0 -0.396791 0.917909
567.300000000 -9.24526 6.70811 0 0 0 -0.396791 0.917909
567.400000000 -9.19387 6.65347 0 0 0 -0.396791 0.917909
567.500000000 -9.14249 6.59884 0 0 0 -0.396791 0.917909
567.600000000 -9.09363 6.54188 0 0 0 -0.404651 0.914471
567.700000000 -9.04591 6.48394 0 0 0 -0.412987 0.910737
567.800000000 -8.99927 6.42514 0 0 0 -0.421289 0.906927
567.900000000 -8.9537 6.3655 0 0 0 -0.429555 0.903041
568.000000000 -8.90924 6.30503 0 0 0 -0.437786 0.899079
568.100000000 -8.86588 6.24376 0 0 0 -0.44598 0.895043
568.200000000 -8.82365 6.18172 0 0 0 -0.454137 0.890932
568.300000000 -8.78257 6.11891 0 0 0 -0.462257 0.886746
568.400000000 -8.74263 6.05535 0 0 0 -0.470337 0.882487
568.500000000 -8.70387 5.99109 0 0 0 -0.478379 0.878154
568.600000000 -8.66628 5.92612 0 0 0 -0.48638 0.873747
568.700000000 -8.62989 5.86048 0 0 0 -0.494341 0.869268
568.800000000 -8.5947 5.79418 0 0 0 -0.502261 0.864716
568.900000000 -8.56073 5.72725 0 0 0 -0.510138 0.860092
569.000000000 -8.52799 5.65971 0 0 0 -0.517973 0.855397
569.100000000 -8.49171 5.59406 0 0 0 -0.514275 0.857625
569.200000000 -8.45355 5.53542 0 0 0 -0.501265 0.865294
569.300000000 -8.41909 5.49416 0 0 0 -0.480858 0.876799
569.400000000 -8.38719 5.46596 0 0 0 -0.454909 0.890538
569.500000000 -8.35439 5.44121 0 0 0 -0.427832 0.903858
569.600000000 -8.32903 5.43501 0 0 0 -0.392026 0.919954
569.700000000 -8.30764 5.43763 0 0 0 -0.351965 0.936013
569.800000000 -8.28656 5.44209 0 0 0 -0.311248 0.950329
569.900000000 -8.26593 5.44834 0 0 0 -0.269951 0.962874
570.000000000 -8.24592 5.45635 0 0 0 -0.228151 0.973626
570.100000000 -8.22668 5.46606 0 0 0 -0.185927 0.982564
570.200000000 -8.20834 5.47739 0 0 0 -0.143356 0.989671
570.300000000 -8.19106 5.49025 0 0 0 -0.100518 0.994935
570.400000000 -8.17494 5.50456 0 0 0 -0.0574925 0.998346
570.500000000 -8.14032 5.51389 0 0 0 -0.0243988 0.999702
570.600000000 -8.09015 5.52145 0 0 0 0.000598819 1
570.700000000 -8.03483 5.53041 0 0 0 0.0228368 0.999739
570.800000000 -7.97998 5.54182 0 0 0 0.0450635 0.998984
570.900000000 -7.92568 5.55565 0 0 0 0.0672679 0.997735
571.000000000 -7.87205 5.57189 0 0 0 0.089439 0.995992
571.100000000 -7.8192 5.5905 0 0 0 0.111566 0.993757
571.200000000 -7.76723 5.61144 0 0 0 0.133638 0.99103
571.300000000 -7.71623 5.63467 0 0 0 0.155643 0.987813
571.400000000 -7.66633 5.66014 0 0 0 0.177572 0.984108
571.500000000 -7.6176 5.68781 0 0 0 0.199413 0.979916
571.600000000 -7.55382 5.72077 0 0 0 0.212662 0.977126
571.700000000 -7.48892 5.75117 0 0 0 0.214313 0.976765
571.800000000 -7.41949 5.77965 0 0 0 0.206483 0.97845
571.900000000 -7.3497 5.80723 0 0 0 0.199207 0.979957
572.000000000 -7.27952 5.83377 0 0 0 0.191921 0.98141
572.100000000 -7.20894 5.85926 0 0 0 0.184624 0.982809
572.200000000 -7.138 5.8837 0 0 0 0.177317 0.984154
572.300000000 -7.0667 5.90708 0 0 0 0.170001 0.985444
572.400000000 -6.99506 5.9294 0 0 0 0.162674 0.98668
572.500000000 -6.92309 5.95066 0 0 0 0.155339 0.987861
572.600000000 -6.85082 5.97084 0 0 0 0.147995 0.988988
572.700000000 -6.77826 5.98995 0 0 0 0.140644 0.99006
572.800000000 -6.70548 6.0082 0 0 0 0.133872 0.990999
572.900000000 -6.63246 6.02546 0 0 0 0.127094 0.991891
573.000000000 -6.55921 6.04172 0 0 0 0.12031 0.992736
573.100000000 -6.48575 6.05698 0 0 0 0.11352 0.993536
573.200000000 -6.4198 6.06532 0 0 0 0.0967371 0.99531
573.300000000 -6.36906 6.06509 0 0 0 0.0718267 0.997417
573.400000000 -6.33419 6.05676 0 0 0 0.0387559 0.999249
573.500000000 -6.31996 6.04057 0 0 0 -0.00439793 0.99999
573.600000000 -6.31956 6.02091 0 0 0 -0.0535989 0.998563
573.700000000 -6.32109 6.0013 0 0 0 -0.10267 0.994715
573.800000000 -6.32454 5.98194 0 0 0 -0.151492 0.988458
573.900000000 -6.32987 5.96301 0 0 0 -0.199948 0.979807
574.000000000 -6.33704 5.94469 0 0 0 -0.247919 0.968781
574.100000000 -6.34598 5.92717 0 0 0 -0.295289 0.955408
574.200000000 -6.35659 5.91062 0 0 0 -0.341944 0.93972
574.300000000 -6.36879 5.89518 0 0 0 -0.38777 0.921756
574.400000000 -6.38243 5.88102 0 0 0 -0.432657 0.901558
574.500000000 -6.39741 5.86827 0 0 0 -0.476496 0.879177
574.600000000 -6.41357 5.85706 0 0 0 -0.51918 0.854665
574.700000000 -6.43074 5.84748 0 0 0 -0.560607 0.828082
574.800000000 -6.44878 5.83964 0 0 0 -0.600675 0.799493
574.900000000 -6.4675 5.83362 0 0 0 -0.639288 0.768968
575.000000000 -6.48673 5.82946 0 0 0 -0.676352 0.736579
575.100000000 -6.50626 5.82721 0 0 0 -0.711777 0.702405
575.200000000 -6.52593 5.82689 0 0 0 -0.745478 0.66653
575.300000000 -6.54553 5.82851 0 0 0 -0.777373 0.62904
575.400000000 -6.56488 5.83204 0 0 0 -0.807384 0.590026
575.500000000 -6.58378 5.83746 0 0 0 -0.835439 0.549583
575.600000000 -6.60733 5.82044 0 0 0 -0.855326 0.518091
575.700000000 -6.63716 5.78801 0 0 0 0.869771 -0.493456
575.800000000 -6.67428 5.74198 0 0 0 0.879768 -0.475403
575.900000000 -6.71422 5.69519 0 0 0 0.88883 -0.458237
576.000000000 -6.75594 5.64998 0 0 0 0.897557 -0.440898
576.100000000 -6.79938 5.60643 0 0 0 0.905946 -0.423393
576.200000000 -6.84448 5.56459 0 0 0 0.913994 -0.405728
576.300000000 -6.89118 5.52454 0 0 0 0.921697 -0.38791
576.400000000 -6.93939 5.48633 0 0 0 0.929053 -0.369947
576.500000000 -6.98904 5.45002 0 0 0 0.936059 -0.351843
576.600000000 -7.04813 5.40372 0 0 0 0.939604 -0.342263
576.700000000 -7.10595 5.35595 0 0 0 0.940124 -0.340831
576.800000000 -7.16353 5.30788 0 0 0 0.940124 -0.340831
576.900000000 -7.2211 5.25982 0 0 0 0.940124 -0.340831
577.000000000 -7.27868 5.21175 0 0 0 0.940124 -0.340831
577.100000000 -7.33625 5.16369 0 0 0 0.940124 -0.340831
577.200000000 -7.39383 5.11563 0 0 0 0.940124 -0.340831
577.300000000 -7.4514 5.06756 0 0 0 0.940124 -0.340831
577.400000000 -7.50898 5.0195 0 0 0 0.940124 -0.340831
577.500000000 -7.56656 4.97144 0 0 0 0.940124 -0.340831
577.600000000 -7.62302 4.92205 0 0 0 0.938644 -0.344888
577.700000000 -7.67905 4.87218 0 0 0 0.937146 -0.348938
577.800000000 -7.73465 4.82183 0 0 0 0.93563 -0.352981
577.900000000 -7.78982 4.771 0 0 0 0.934097 -0.357018
578.000000000 -7.84454 4.71969 0 0 0 0.932547 -0.361049
578.100000000 -7.89882 4.66792 0 0 0 0.930979 -0.365072
578.200000000 -7.95265 4.61567 0 0 0 0.929394 -0.369089
578.300000000 -8.00602 4.56297 0 0 0 0.927792 -0.373099
578.400000000 -8.05894 4.5098 0 0 0 0.926172 -0.377102
578.500000000 -8.1114 4.45618 0 0 0 0.924535 -0.381098
578.600000000 -8.16339 4.40211 0 0 0 0.922881 -0.385086
578.700000000 -8.21491 4.34759 0 0 0 0.921209 -0.389068
578.800000000 -8.26596 4.29263 0 0 0 0.91952 -0.393042
578.900000000 -8.31654 4.23723 0 0 0 0.917815 -0.397009
579.000000000 -8.36663 4.1814 0 0 0 0.916092 -0.400969
579.100000000 -8.40949 4.12609 0 0 0 0.909932 -0.414757
579.200000000 -8.43713 4.08 0 0 0 0.899967 -0.435959
579.300000000 -8.45007 4.04336 0 0 0 0.885828 -0.464015
579.400000000 -8.44667 4.0196 0 0 0 0.866131 -0.499817
579.500000000 -8.42994 4.00926 0 0 0 -0.840487 0.541831
579.600000000 -8.41134 4.00193 0 0 0 -0.812357 0.583161
579.700000000 -8.3921 3.99649 0 0 0 -0.782196 0.623033
579.800000000 -8.37242 3.99299 0 0 0 -0.750079 0.661348
579.900000000 -8.35248 3.99148 0 0 0 -0.716088 0.69801
580.000000000 -8.3325 3.99197 0 0 0 -0.680308 0.732927
580.100000000 -8.31266 3.99445 0 0 0 -0.642826 0.766012
580.200000000 -8.29317 3.9989 0 0 0 -0.603738 0.797183
580.300000000 -8.27422 4.00528 0 0 0 -0.563141 0.826361
580.400000000 -8.256 4.01351 0 0 0 -0.521137 0.853473
580.500000000 -8.2387 4.02352 0 0 0 -0.477829 0.878453
580.600000000 -8.22248 4.03521 0 0 0 -0.433328 0.901236
580.700000000 -8.20751 4.04846 0 0 0 -0.387743 0.921767
580.800000000 -8.19393 4.06313 0 0 0 -0.34119 0.939994
580.900000000 -8.18189 4.07909 0 0 0 -0.293783 0.955872
581.000000000 -8.1715 4.09617 0 0 0 -0.245642 0.969361
581.100000000 -8.16287 4.11421 0 0 0 -0.196887 0.980426
581.200000000 -8.15609 4.13301 0 0 0 -0.14764 0.989041
581.300000000 -8.15121 4.1524 0 0 0 -0.0980245 0.995184
581.400000000 -8.1483 4.17218 0 0 0 -0.0481635 0.998839
581.500000000 -8.14737 4.19215 0 0 0 0.00181783 0.999998
581.600000000 -8.12347 4.20731 0 0 0 0.0395457 0.999218
581.700000000 -8.08696 4.22264 0 0 0 0.0704994 0.997512
581.800000000 -8.04976 4.24011 0 0 0 0.100565 0.994931
581.900000000 -8.01369 4.25979 0 0 0 0.130539 0.991443
582.000000000 -7.97887 4.28161 0 0 0 0.160394 0.987053
582.100000000 -7.94543 4.30549 0 0 0 0.190103 0.981764
582.200000000 -7.91349 4.33134 0 0 0 0.219639 0.975581
582.300000000 -7.88317 4.35908 0 0 0 0.248975 0.96851
582.400000000 -7.85457 4.38859 0 0 0 0.278084 0.960557
582.500000000 -7.82781 4.41977 0 0 0 0.30694 0.951729
582.600000000 -7.78811 4.45931 0 0 0 0.328029 0.944668
582.700000000 -7.73879 4.50641 0 0 0 0.3431 0.939299
582.800000000 -7.68939 4.55596 0 0 0 0.357246 0.934011
582.900000000 -7.64151 4.60698 0 0 0 0.37131 0.928509
583.000000000 -7.59519 4.65941 0 0 0 0.385289 0.922796
583.100000000 -7.55047 4.71323 0 0 0 0.39918 0.916872
583.200000000 -7.5074 4.76837 0 0 0 0.412981 0.91074
583.300000000 -7.46602 4.82478 0 0 0 0.426687 0.904399
583.400000000 -7.42635 4.88242 0 0 0 0.440296 0.897853
583.500000000 -7.38419 4.94455 0 0 0 0.450827 0.892612
583.600000000 -7.34333 5.00755 0 0 0 0.460845 0.887481
583.700000000 -7.30406 5.07156 0 0 0 0.471253 0.881998
583.800000000 -7.26615 5.13636 0 0 0 0.48115 0.876638
583.900000000 -7.2297 5.20201 0 0 0 0.490987 0.871167
584.000000000 -7.19473 5.26846 0 0 0 0.500762 0.865585
584.100000000 -7.16128 5.33567 0 0 0 0.510473 0.859894
584.200000000 -7.12934 5.40363 0 0 0 0.52012 0.854093
584.300000000 -7.09894 5.47228 0 0 0 0.5297 0.848185
584.400000000 -7.0701 5.54161 0 0 0 0.539214 0.842169
584.500000000 -7.04282 5.61156 0 0 0 0.548659 0.836046
584.600000000 -7.01713 5.68211 0 0 0 0.558035 0.829818
584.700000000 -6.99302 5.75322 0 0 0 0.56734 0.823484
584.800000000 -6.97053 5.82486 0 0 0 0.576573 0.817046
584.900000000 -6.94965 5.89698 0 0 0 0.585733 0.810504
585.000000000 -6.93041 5.96956 0 0 0 0.594819 0.80386
585.100000000 -6.9128 6.04255 0 0 0 0.603829 0.797114
585.200000000 -6.89684 6.11592 0 0 0 0.612763 0.790267
585.300000000 -6.88253 6.18963 0 0 0 0.62162 0.783319
585.400000000 -6.86975 6.26361 0 0 0 0.630117 0.776501
585.500000000 -6.85842 6.33782 0 0 0 0.638225 0.76985
585.600000000 -6.84878 6.41059 0 0 0 0.645915 0.763409
585.700000000 -6.84078 6.48188 0 0 0 0.653367 0.757041
585.800000000 -6.8345 6.54999 0 0 0 0.660415 0.750901
585.900000000 -6.82913 6.61984 0 0 0 0.667136 0.744936
586.000000000 -6.82521 6.68645 0 0 0 0.673487 0.739199
586.100000000 -6.8225 6.75145 0 0 0 0.679632 0.733553
586.200000000 -6.82071 6.81481 0 0 0 0.685189 0.728365
586.300000000 -6.8199 6.87652 0 0 0 0.690562 0.723273
586.400000000 -6.82 6.93657 0 0 0 0.695753 0.718281
586.500000000 -6.82073 6.99327 0 0 0 0.700288 0.71386
586.600000000 -6.82184 7.05163 0 0 0 0.704249 0.709953
586.700000000 -6.82415 7.10496 0 0 0 0.709093 0.705115
586.800000000 -6.82543 7.16495 0 0 0 0.710756 0.703438
586.900000000 -6.8268 7.22494 0 0 0 0.712083 0.702096
587.000000000 -6.82836 7.28326 0 0 0 0.71337 0.700788
587.100000000 -6.83008 7.3399 0 0 0 0.714618 0.699515
587.200000000 -6.83189 7.39321 0 0 0 0.715791 0.698315
587.300000000 -6.83382 7.44484 0 0 0 0.716925 0.697151
587.400000000 -6.83585 7.4948 0 0 0 0.71802 0.696022
587.500000000 -6.83796 7.54309 0 0 0 0.719078 0.69493
587.600000000 -6.83709 7.61814 0 0 0 0.71309 0.701072
587.700000000 -6.83539 7.69315 0 0 0 0.707862 0.706351
587.800000000 -6.83235 7.76813 0 0 0 0.702181 0.711998
587.900000000 -6.82788 7.84305 0 0 0 0.696048 0.717995
588.000000000 -6.82409 7.91796 0 0 0 0.693424 0.72053
588.100000000 -6.81757 7.99273 0 0 0 0.686813 0.726834
588.200000000 -6.80863 8.06729 0 0 0 0.678216 0.734862
588.300000000 -6.79794 8.14162 0 0 0 0.669525 0.742789
588.400000000 -6.78551 8.21568 0 0 0 0.660741 0.750614
588.500000000 -6.77133 8.28942 0 0 0 0.651866 0.758334
588.600000000 -6.75438 8.34607 0 0 0 0.636079 0.771624
588.700000000 -6.73506 8.38649 0 0 0 0.614102 0.789226
588.800000000 -6.71349 8.42576 0 0 0 0.591639 0.806203
588.900000000 -6.68974 8.46376 0 0 0 0.568706 0.822541
589.000000000 -6.66389 8.50035 0 0 0 0.545322 0.838227
589.100000000 -6.63603 8.53544 0 0 0 0.521506 0.853248
589.200000000 -6.60175 8.58459 0 0 0 0.504138 0.863623
589.300000000 -6.56445 8.63553 0 0 0 0.488005 0.872841
589.400000000 -6.52528 8.68505 0 0 0 0.471704 0.881757
589.500000000 -6.48431 8.73309 0 0 0 0.455239 0.890369
589.600000000 -6.44121 8.78035 0 0 0 0.438995 0.898489
589.700000000 -6.39643 8.82602 0 0 0 0.422606 0.906313
589.800000000 -6.35002 8.87003 0 0 0 0.406078 0.913838
589.900000000 -6.30159 8.91307 0 0 0 0.389807 0.920897
590.000000000 -6.25167 8.95437 0 0 0 0.373412 0.927665
590.100000000 -6.19981 8.99459 0 0 0 0.3573 0.93399
590.200000000 -6.14712 9.03229 0 0 0 0.340679 0.94018
590.300000000 -6.09201 9.06947 0 0 0 0.324764 0.945795
590.400000000 -6.03627 9.1041 0 0 0 0.308345 0.951275
590.500000000 -5.99066 9.1246 0 0 0 0.284093 0.958797
590.600000000 -5.95616 9.13102 0 0 0 0.251762 0.967789
590.700000000 -5.92636 9.13082 0 0 0 0.21602 0.976389
590.800000000 -5.89911 9.12665 0 0 0 0.178538 0.983933
590.900000000 -5.87226 9.1204 0 0 0 0.140794 0.990039
591.000000000 -5.84785 9.11115 0 0 0 0.101827 0.994802
591.100000000 -5.82424 9.10002 0 0 0 0.0627024 0.998032
591.200000000 -5.80158 9.08707 0 0 0 0.0234817 0.999724
591.300000000 -5.78 9.07237 0 0 0 -0.0157753 0.999876
591.400000000 -5.75964 9.05604 0 0 0 -0.0550079 0.998486
591.500000000 -5.74063 9.03815 0 0 0 -0.0941557 0.995557
591.600000000 -5.7043 9.01894 0 0 0 -0.124152 0.992263
591.700000000 -5.65951 8.99956 0 0 0 -0.143338 0.989674
591.800000000 -5.60643 8.97939 0 0 0 -0.153926 0.988082
591.900000000 -5.53522 8.95586 0 0 0 -0.155789 0.98779
592.000000000 -5.46318 8.93491 0 0 0 -0.150247 0.988648
592.100000000 -5.39091 8.91478 0 0 0 -0.144701 0.989475
592.200000000 -5.31849 8.89521 0 0 0 -0.13978 0.990183
592.300000000 -5.24588 8.87636 0 0 0 -0.134856 0.990865
592.400000000 -5.17309 8.85824 0 0 0 -0.129928 0.991523
592.500000000 -5.10012 8.84084 0 0 0 -0.124998 0.992157
592.600000000 -5.02698 8.82416 0 0 0 -0.120064 0.992766
592.700000000 -4.95368 8.80822 0 0 0 -0.115127 0.993351
592.800000000 -4.88022 8.793 0 0 0 -0.110188 0.993911
592.900000000 -4.80661 8.77852 0 0 0 -0.105245 0.994446
593.000000000 -4.73287 8.76476 0 0 0 -0.1003 0.994957
593.100000000 -4.65899 8.75175 0 0 0 -0.0953531 0.995444
593.200000000 -4.58503 8.7392 0 0 0 -0.0910537 0.995846
593.300000000 -4.51097 8.7273 0 0 0 -0.0867526 0.99623
593.400000000 -4.43681 8.71604 0 0 0 -0.0824499 0.996595
593.500000000 -4.36251 8.70568 0 0 0 -0.0774946 0.996993
593.600000000 -4.28812 8.69606 0 0 0 -0.0725374 0.997366
593.700000000 -4.21363 8.68717 0 0 0 -0.0675816 0.997714
593.800000000 -4.13906 8.67899 0 0 0 -0.0627159 0.998031
593.900000000 -4.06442 8.67147 0 0 0 -0.0580324 0.998315
594.000000000 -3.98972 8.6646 0 0 0 -0.0534395 0.998571
594.100000000 -3.91497 8.65836 0 0 0 -0.0490293 0.998797
594.200000000 -3.84678 8.6536 0 0 0 -0.0441719 0.999024
594.300000000 -3.77194 8.64863 0 0 0 -0.0400356 0.999198
594.400000000 -3.69872 8.64438 0 0 0 -0.0359904 0.999352
594.500000000 -3.62879 8.64089 0 0 0 -0.0321286 0.999484
594.600000000 -3.56219 8.63786 0 0 0 -0.0289792 0.99958
594.700000000 -3.49723 8.63532 0 0 0 -0.0259082 0.999664
594.800000000 -3.43392 8.63324 0 0 0 -0.0229157 0.999737
594.900000000 -3.37394 8.63162 0 0 0 -0.0200805 0.999798
595.000000000 -3.31561 8.63038 0 0 0 -0.017324 0.99985
595.100000000 -3.25894 8.62949 0 0 0 -0.014646 0.999893
595.200000000 -3.20394 8.62892 0 0 0 -0.0120467 0.999927
595.300000000 -3.1506 8.62864 0 0 0 -0.00952613 0.999955
595.400000000 -3.10059 8.62864 0 0 0 -0.00716302 0.999974
595.500000000 -3.05225 8.62886 0 0 0 -0.00487864 0.999988
595.600000000 -2.99558 8.62866 0 0 0 -0.00398823 0.999992
595.700000000 -2.94058 8.62857 0 0 0 -0.00312402 0.999995
595.800000000 -2.88725 8.62857 0 0 0 -0.00228599 0.999997
595.900000000 -2.83558 8.62866 0 0 0 -0.00147414 0.999999
596.000000000 -2.78558 8.62882 0 0 0 -0.000688486 1
596.100000000 -2.73725 8.62906 0 0 0 7.09817e-05 1
596.200000000 -2.69058 8.62936 0 0 0 0.000804261 1
596.300000000 -2.64558 8.62972 0 0 0 0.00151135 0.999999
596.400000000 -2.60225 8.63012 0 0 0 0.00219225 0.999998
596.500000000 -2.56059 8.63056 0 0 0 0.00284696 0.999996
596.600000000 -2.52059 8.63104 0 0 0 0.00347549 0.999994
596.700000000 -2.48226 8.63155 0 0 0 0.00407782 0.999992
596.800000000 -2.44559 8.63208 0 0 0 0.00465396 0.999989
596.900000000 -2.40893 8.63265 0 0 0 0.0052301 0.999986
597.000000000 -2.37393 8.63324 0 0 0 0.00578005 0.999983
597.100000000 -2.34061 8.63383 0 0 0 0.00630382 0.99998
597.200000000 -2.30894 8.63423 0 0 0 0.00630382 0.99998
597.300000000 -2.27728 8.63463 0 0 0 0.00630382 0.99998
597.400000000 -2.24728 8.63501 0 0 0 0.00630382 0.99998
597.500000000 -2.21895 8.63537 0 0 0 0.00630382 0.99998
597.600000000 -2.19062 8.63564 0 0 0 0.00608127 0.999982
597.700000000 -2.16395 8.63588 0 0 0 0.00587182 0.999983
597.800000000 -2.13729 8.63611 0 0 0 0.00566237 0.999984
597.900000000 -2.11229 8.63631 0 0 0 0.005466 0.999985
598.000000000 -2.08729 8.6365 0 0 0 0.00526964 0.999986
598.100000000 -2.06395 8.63668 0 0 0 0.00508637 0.999987
598.200000000 -2.04062 8.63684 0 0 0 0.0049031 0.999988
598.300000000 -2.00729 8.63706 0 0 0 0.00464128 0.999989
598.400000000 -1.97562 8.63726 0 0 0 0.00439255 0.99999
598.500000000 -1.94396 8.63744 0 0 0 0.00414382 0.999991
598.600000000 -1.86895 8.63716 0 0 0 0.00189208 0.999998
598.700000000 -1.83729 8.63728 0 0 0 0.00189208 0.999998
598.800000000 -1.80562 8.6374 0 0 0 0.00189208 0.999998
598.900000000 -1.73062 8.63678 0 0 0 -0.000359665 1
599.000000000 -1.65562 8.63583 0 0 0 -0.00261141 0.999997
599.100000000 -1.58063 8.63453 0 0 0 -0.00486315 0.999988
599.200000000 -1.50564 8.6329 0 0 0 -0.00711486 0.999975
599.300000000 -1.43066 8.63123 0 0 0 -0.00863825 0.999963
599.400000000 -1.35568 8.62932 0 0 0 -0.0101616 0.999948
599.500000000 -1.28569 8.62812 0 0 0 -0.00961182 0.999954
599.600000000 -1.21904 8.62705 0 0 0 -0.0090882 0.999959
599.700000000 -1.15404 8.62607 0 0 0 -0.00857767 0.999963
599.800000000 -1.09238 8.62521 0 0 0 -0.00809332 0.999967
599.900000000 -1.03239 8.62442 0 0 0 -0.00762205 0.999971
600.000000000 -0.974058 8.62372 0 0 0 -0.00716388 0.999974
600.100000000 -0.917395 8.62308 0 0 0 -0.0067188 0.999977
600.200000000 -0.860731 8.6225 0 0 0 -0.00627371 0.99998
600.300000000 -0.805733 8.62198 0 0 0 -0.00584171 0.999983
600.400000000 -0.752402 8.62153 0 0 0 -0.00542281 0.999985
600.500000000 -0.700736 8.62113 0 0 0 -0.00501699 0.999987
600.600000000 -0.625798 8.61717 0 0 0 -0.0130267 0.999915
600.700000000 -0.550942 8.61179 0 0 0 -0.0216034 0.999767
600.800000000 -0.47619 8.60512 0 0 0 -0.0301786 0.999545
600.900000000 -0.401563 8.59718 0 0 0 -0.0387515 0.999249
601.000000000 -0.327083 8.58795 0 0 0 -0.0473216 0.99888
601.100000000 -0.252773 8.57745 0 0 0 -0.0558882 0.998437
601.200000000 -0.178653 8.56567 0 0 0 -0.0644507 0.997921
601.300000000 -0.104747 8.55262 0 0 0 -0.0730085 0.997331
601.400000000 -0.0310751 8.53831 0 0 0 -0.0815609 0.996668
601.500000000 0.0304452 8.52081 0 0 0 -0.0996467 0.995023
601.600000000 0.0796522 8.50114 0 0 0 -0.123319 0.992367
601.700000000 0.128676 8.4791 0 0 0 -0.146531 0.989206
601.800000000 0.176614 8.45479 0 0 0 -0.169663 0.985502
601.900000000 0.22336 8.42827 0 0 0 -0.192702 0.981257
602.000000000 0.268813 8.39958 0 0 0 -0.215635 0.976474
602.100000000 0.312873 8.3688 0 0 0 -0.23845 0.971155
602.200000000 0.355442 8.33598 0 0 0 -0.261133 0.965303
602.300000000 0.396428 8.30121 0 0 0 -0.283674 0.958921
602.400000000 0.43574 8.26455 0 0 0 -0.306059 0.952013
602.500000000 0.473292 8.2261 0 0 0 -0.328276 0.944582
602.600000000 0.509001 8.18593 0 0 0 -0.350312 0.936633
602.700000000 0.54279 8.14413 0 0 0 -0.372157 0.92817
602.800000000 0.574584 8.10079 0 0 0 -0.393797 0.919197
602.900000000 0.604314 8.05601 0 0 0 -0.415221 0.90972
603.000000000 0.633197 8.00889 0 0 0 -0.435706 0.900089
603.100000000 0.659918 7.96051 0 0 0 -0.455968 0.889996
603.200000000 0.684422 7.91098 0 0 0 -0.475996 0.879447
603.300000000 0.706659 7.86038 0 0 0 -0.495781 0.868448
603.400000000 0.726584 7.80883 0 0 0 -0.515311 0.857003
603.500000000 0.744155 7.75643 0 0 0 -0.534577 0.84512
603.600000000 0.759822 7.70263 0 0 0 -0.553239 0.833023
603.700000000 0.773082 7.64819 0 0 0 -0.571627 0.820514
603.800000000 0.783908 7.59321 0 0 0 -0.589732 0.807599
603.900000000 0.792279 7.53781 0 0 0 -0.607546 0.794285
604.000000000 0.798179 7.48209 0 0 0 -0.625059 0.780578
604.100000000 0.801594 7.42616 0 0 0 -0.642263 0.766485
604.200000000 0.80252 7.37014 0 0 0 -0.659149 0.752012
604.300000000 0.800953 7.31412 0 0 0 -0.675709 0.737168
604.400000000 0.796897 7.25824 0 0 0 -0.691936 0.721959
604.500000000 0.792339 7.19444 0 0 0 -0.704932 0.709275
604.600000000 0.785641 7.13 0 0 0 -0.717401 0.696661
604.700000000 0.776662 7.06583 0 0 0 -0.729644 0.683827
604.800000000 0.765413 7.00203 0 0 0 -0.741657 0.670779
604.900000000 0.751908 6.93866 0 0 0 -0.753438 0.657519
605.000000000 0.736165 6.87581 0 0 0 -0.764981 0.644053
605.100000000 0.718202 6.81356 0 0 0 -0.776283 0.630384
605.200000000 0.698042 6.75199 0 0 0 -0.787342 0.616517
605.300000000 0.675712 6.69117 0 0 0 -0.798152 0.602456
605.400000000 0.651239 6.63118 0 0 0 -0.808712 0.588205
605.500000000 0.624653 6.57209 0 0 0 -0.819017 0.573769
605.600000000 0.596032 6.50272 0 0 0 -0.823587 0.567191
605.700000000 0.567927 6.43318 0 0 0 -0.82565 0.564182
605.800000000 0.53957 6.36374 0 0 0 -0.827316 0.561736
605.900000000 0.510803 6.29447 0 0 0 -0.828975 0.559285
606.000000000 0.481627 6.22537 0 0 0 -0.830627 0.55683
606.100000000 0.452042 6.15645 0 0 0 -0.832271 0.554369
606.200000000 0.42205 6.0877 0 0 0 -0.833908 0.551903
606.300000000 0.391651 6.01913 0 0 0 -0.835538 0.549433
606.400000000 0.360847 5.95074 0 0 0 -0.83716 0.546958
606.500000000 0.329639 5.88254 0 0 0 -0.838775 0.544478
606.600000000 0.302659 5.81249 0 0 0 -0.833466 0.552571
606.700000000 0.277434 5.74178 0 0 0 -0.827483 0.561491
606.800000000 0.253734 5.67054 0 0 0 -0.821405 0.570346
606.900000000 0.231569 5.59881 0 0 0 -0.815232 0.579135
607.000000000 0.21095 5.52662 0 0 0 -0.808965 0.587857
607.100000000 0.191886 5.454 0 0 0 -0.802605 0.596511
607.200000000 0.174289 5.38102 0 0 0 -0.796305 0.604895
607.300000000 0.158138 5.30771 0 0 0 -0.790058 0.613032
607.400000000 0.144145 5.23735 0 0 0 -0.78401 0.620748
607.500000000 0.131298 5.16678 0 0 0 -0.778266 0.627935
607.600000000 0.120021 5.09764 0 0 0 -0.772592 0.634903
607.700000000 0.110226 5.02995 0 0 0 -0.766993 0.641656
607.800000000 0.10204 4.96541 0 0 0 -0.761612 0.648034
607.900000000 0.0951146 4.9024 0 0 0 -0.756317 0.654205
608.000000000 0.0893698 4.84094 0 0 0 -0.751115 0.660172
608.100000000 0.0848564 4.78273 0 0 0 -0.74615 0.665778
608.200000000 0.0813193 4.72612 0 0 0 -0.741287 0.671188
608.300000000 0.0786859 4.67113 0 0 0 -0.736529 0.676406
608.400000000 0.0768856 4.61778 0 0 0 -0.731881 0.681433
608.500000000 0.0758494 4.56607 0 0 0 -0.727345 0.686272
608.600000000 0.0755104 4.51602 0 0 0 -0.722925 0.690927
608.700000000 0.0758039 4.46764 0 0 0 -0.718624 0.695399
608.800000000 0.0766669 4.42094 0 0 0 -0.714445 0.699692
608.900000000 0.0780386 4.37591 0 0 0 -0.710391 0.703808
609.000000000 0.0798604 4.33257 0 0 0 -0.706464 0.707749
609.100000000 0.0811693 4.28424 0 0 0 -0.7043 0.709902
609.200000000 0.082718 4.23759 0 0 0 -0.702205 0.711975
609.300000000 0.0844766 4.19261 0 0 0 -0.700178 0.713968
609.400000000 0.0864162 4.14931 0 0 0 -0.698221 0.715882
609.500000000 0.0885091 4.10769 0 0 0 -0.696335 0.717717
609.600000000 0.0902216 4.06772 0 0 0 -0.695431 0.718593
609.700000000 0.0919087 4.02776 0 0 0 -0.694753 0.719248
609.800000000 0.0935978 3.98946 0 0 0 -0.694103 0.719876
609.900000000 0.0952796 3.95283 0 0 0 -0.69348 0.720476
610.000000000 0.0969454 3.91787 0 0 0 -0.692885 0.721048
610.100000000 0.0985869 3.88457 0 0 0 -0.692318 0.721592
610.200000000 0.100281 3.85128 0 0 0 -0.691751 0.722136
610.300000000 0.10194 3.81966 0 0 0 -0.691212 0.722653
610.400000000 0.103556 3.7897 0 0 0 -0.6907 0.723141
610.500000000 0.105214 3.75975 0 0 0 -0.690188 0.72363
610.600000000 0.106732 3.73145 0 0 0 -0.689866 0.723937
610.700000000 0.108184 3.70482 0 0 0 -0.689563 0.724226
610.800000000 0.109658 3.6782 0 0 0 -0.689259 0.724515
610.900000000 0.111061 3.65324 0 0 0 -0.688975 0.724785
611.000000000 0.112484 3.62828 0 0 0 -0.68869 0.725056
611.100000000 0.11383 3.60498 0 0 0 -0.688424 0.725309
611.200000000 0.115193 3.58169 0 0 0 -0.688158 0.725561
611.300000000 0.116475 3.56006 0 0 0 -0.687911 0.725795
611.400000000 0.117771 3.53843 0 0 0 -0.687664 0.726029
611.500000000 0.119014 3.5168 0 0 0 -0.68754 0.726146
611.600000000 0.120265 3.49517 0 0 0 -0.687417 0.726263
611.700000000 0.121619 3.47188 0 0 0 -0.687284 0.726389
611.800000000 0.122885 3.45025 0 0 0 -0.68716 0.726506
611.900000000 0.124158 3.42862 0 0 0 -0.687036 0.726623
612.000000000 0.125439 3.40699 0 0 0 -0.686913 0.72674
612.100000000 0.126726 3.38536 0 0 0 -0.686789 0.726857
612.200000000 0.127922 3.36539 0 0 0 -0.686675 0.726965
612.300000000 0.129324 3.3421 0 0 0 -0.686541 0.727091
612.400000000 0.130634 3.32048 0 0 0 -0.686418 0.727207
612.500000000 0.131951 3.29885 0 0 0 -0.686294 0.727324
612.600000000 0.133174 3.27889 0 0 0 -0.68618 0.727432
612.700000000 0.134403 3.25892 0 0 0 -0.686065 0.72754
612.800000000 0.135638 3.23896 0 0 0 -0.685951 0.727648
612.900000000 0.13688 3.219 0 0 0 -0.685837 0.727755
613.000000000 0.138128 3.19904 0 0 0 -0.685722 0.727863
613.100000000 0.139277 3.18074 0 0 0 -0.685618 0.727962
613.200000000 0.140537 3.16078 0 0 0 -0.685503 0.72807
613.300000000 0.141698 3.14249 0 0 0 -0.685398 0.728168
613.400000000 0.14297 3.12253 0 0 0 -0.685284 0.728276
613.500000000 0.144248 3.10257 0 0 0 -0.68517 0.728384
613.600000000 0.145281 3.08259 0 0 0 -0.685513 0.72806
613.700000000 0.146233 3.06261 0 0 0 -0.685971 0.727629
613.800000000 0.14716 3.04263 0 0 0 -0.686429 0.727197
613.900000000 0.148061 3.02265 0 0 0 -0.686886 0.726765
614.000000000 0.14901 3.00101 0 0 0 -0.687381 0.726297
614.100000000 0.149859 2.98102 0 0 0 -0.687838 0.725864
614.200000000 0.150683 2.96104 0 0 0 -0.688294 0.725431
614.300000000 0.151482 2.94105 0 0 0 -0.688751 0.724998
614.400000000 0.152255 2.92107 0 0 0 -0.689207 0.724565
614.500000000 0.153004 2.90108 0 0 0 -0.689662 0.724131
614.600000000 0.153727 2.88109 0 0 0 -0.690118 0.723697
614.700000000 0.154425 2.8611 0 0 0 -0.690573 0.723263
614.800000000 0.155098 2.84111 0 0 0 -0.691028 0.722828
614.900000000 0.155746 2.82112 0 0 0 -0.691483 0.722393
615.000000000 0.156317 2.80279 0 0 0 -0.691899 0.721994
615.100000000 0.156866 2.78447 0 0 0 -0.692315 0.721595
615.200000000 0.157491 2.76281 0 0 0 -0.692807 0.721123
615.300000000 0.158103 2.74282 0 0 0 -0.693147 0.720796
615.400000000 0.158696 2.72282 0 0 0 -0.693487 0.720469
615.500000000 0.159223 2.7045 0 0 0 -0.693798 0.720169
615.600000000 0.159843 2.68451 0 0 0 -0.694025 0.719951
615.700000000 0.1604 2.66618 0 0 0 -0.694232 0.719751
615.800000000 0.160996 2.64619 0 0 0 -0.694458 0.719533
615.900000000 0.161628 2.62453 0 0 0 -0.694703 0.719297
616.000000000 0.162198 2.60454 0 0 0 -0.694929 0.719078
616.100000000 0.162756 2.58455 0 0 0 -0.695155 0.71886
616.200000000 0.163255 2.56622 0 0 0 -0.695362 0.71866
616.300000000 0.163788 2.54623 0 0 0 -0.695588 0.718441
616.400000000 0.164309 2.52623 0 0 0 -0.695814 0.718222
616.500000000 0.164817 2.50624 0 0 0 -0.696039 0.718004
616.600000000 0.165312 2.48625 0 0 0 -0.696265 0.717785
616.700000000 0.165755 2.46792 0 0 0 -0.696472 0.717584
616.800000000 0.166227 2.44792 0 0 0 -0.696697 0.717365
616.900000000 0.166685 2.42793 0 0 0 -0.696923 0.717146
617.000000000 0.167132 2.40793 0 0 0 -0.697148 0.716927
617.100000000 0.167565 2.38794 0 0 0 -0.697373 0.716708
617.200000000 0.167987 2.36794 0 0 0 -0.697598 0.716489
617.300000000 0.168395 2.34795 0 0 0 -0.697823 0.71627
617.400000000 0.168791 2.32795 0 0 0 -0.698049 0.71605
617.500000000 0.169175 2.30795 0 0 0 -0.698274 0.715831
617.600000000 0.169577 2.28629 0 0 0 -0.698517 0.715593
617.700000000 0.169934 2.26629 0 0 0 -0.698742 0.715374
617.800000000 0.170279 2.24629 0 0 0 -0.698967 0.715154
617.900000000 0.170611 2.2263 0 0 0 -0.699192 0.714934
618.000000000 0.17093 2.2063 0 0 0 -0.699416 0.714715
618.100000000 0.171237 2.1863 0 0 0 -0.699641 0.714495
618.200000000 0.171532 2.1663 0 0 0 -0.699865 0.714275
618.300000000 0.171814 2.1463 0 0 0 -0.70009 0.714055
618.400000000 0.172083 2.12631 0 0 0 -0.700314 0.713835
618.500000000 0.17234 2.10631 0 0 0 -0.700538 0.713615
618.600000000 0.172621 2.08798 0 0 0 -0.700641 0.713514
618.700000000 0.172922 2.06798 0 0 0 -0.700753 0.713404
618.800000000 0.173217 2.04798 0 0 0 -0.700865 0.713294
618.900000000 0.173506 2.02798 0 0 0 -0.700977 0.713184
619.000000000 0.173788 2.00798 0 0 0 -0.701089 0.713073
619.100000000 0.174041 1.98965 0 0 0 -0.701192 0.712973
619.200000000 0.174312 1.96965 0 0 0 -0.701304 0.712862
619.300000000 0.174554 1.95132 0 0 0 -0.701407 0.712761
619.400000000 0.174812 1.93132 0 0 0 -0.701519 0.712651
619.500000000 0.175085 1.90966 0 0 0 -0.70164 0.712532
619.600000000 0.175331 1.88966 0 0 0 -0.701752 0.712422
619.700000000 0.175569 1.86966 0 0 0 -0.701864 0.712311
619.800000000 0.175802 1.84966 0 0 0 -0.701976 0.712201
619.900000000 0.176029 1.82966 0 0 0 -0.702087 0.712091
620.000000000 0.176249 1.80967 0 0 0 -0.702199 0.71198
620.100000000 0.176462 1.78967 0 0 0 -0.702311 0.71187
620.200000000 0.17667 1.76967 0 0 0 -0.702423 0.71176
620.300000000 0.176854 1.75133 0 0 0 -0.702525 0.711659
620.400000000 0.17705 1.73134 0 0 0 -0.702637 0.711548
620.500000000 0.177239 1.71134 0 0 0 -0.702749 0.711438
620.600000000 0.177422 1.69134 0 0 0 -0.702861 0.711327
620.700000000 0.177613 1.66967 0 0 0 -0.702982 0.711208
620.800000000 0.177783 1.64967 0 0 0 -0.703094 0.711097
620.900000000 0.177947 1.62967 0 0 0 -0.703205 0.710987
621.000000000 0.178091 1.61134 0 0 0 -0.703308 0.710886
621.100000000 0.178242 1.59134 0 0 0 -0.703419 0.710775
621.200000000 0.178388 1.57134 0 0 0 -0.703531 0.710665
621.300000000 0.178515 1.55301 0 0 0 -0.703633 0.710563
621.400000000 0.178648 1.53301 0 0 0 -0.703745 0.710453
621.500000000 0.178775 1.51301 0 0 0 -0.703856 0.710342
621.600000000 0.178896 1.49301 0 0 0 -0.703968 0.710232
621.700000000 0.179001 1.47468 0 0 0 -0.70407 0.71013
621.800000000 0.179109 1.45468 0 0 0 -0.704182 0.71002
621.900000000 0.179211 1.43468 0 0 0 -0.704293 0.709909
622.000000000 0.179307 1.41468 0 0 0 -0.704405 0.709798
622.100000000 0.179397 1.39468 0 0 0 -0.704516 0.709688
622.200000000 0.179474 1.37634 0 0 0 -0.704619 0.709586
622.300000000 0.179545 1.35801 0 0 0 -0.704721 0.709485
622.400000000 0.179617 1.33801 0 0 0 -0.704832 0.709374
622.500000000 0.179682 1.31801 0 0 0 -0.704944 0.709263
622.600000000 0.179804 1.29801 0 0 0 -0.704944 0.709263
622.700000000 0.179927 1.27801 0 0 0 -0.704944 0.709263
622.800000000 0.180049 1.25801 0 0 0 -0.704944 0.709263
622.900000000 0.180171 1.23801 0 0 0 -0.704944 0.709263
623.000000000 0.180293 1.21801 0 0 0 -0.704944 0.709263
623.100000000 0.180415 1.19801 0 0 0 -0.704944 0.709263
623.200000000 0.180538 1.17801 0 0 0 -0.704944 0.709263
623.300000000 0.18066 1.15801 0 0 0 -0.704944 0.709263
623.400000000 0.180772 1.13968 0 0 0 -0.704944 0.709263
623.500000000 0.180894 1.11968 0 0 0 -0.704944 0.709263
623.600000000 0.181016 1.09968 0 0 0 -0.704944 0.709263
623.700000000 0.181138 1.07968 0 0 0 -0.704944 0.709263
623.800000000 0.18126 1.05968 0 0 0 -0.704944 0.709263
623.900000000 0.181372 1.04135 0 0 0 -0.704944 0.709263
624.000000000 0.181495 1.02135 0 0 0 -0.704944 0.709263
624.100000000 0.181627 0.999682 0 0 0 -0.704944 0.709263
624.200000000 0.181749 0.979682 0 0 0 -0.704944 0.709263
624.300000000 0.181882 0.958016 0 0 0 -0.704944 0.709263
624.400000000 0.182004 0.938017 0 0 0 -0.704944 0.709263
624.500000000 0.182126 0.918017 0 0 0 -0.704944 0.709263
624.600000000 0.182238 0.899684 0 0 0 -0.704944 0.709263
624.700000000 0.18235 0.881351 0 0 0 -0.704944 0.709263
624.800000000 0.182472 0.861351 0 0 0 -0.704944 0.709263
624.900000000 0.182594 0.841352 0 0 0 -0.704944 0.709263
625.000000000 0.182716 0.821352 0 0 0 -0.704944 0.709263
625.100000000 0.182839 0.801352 0 0 0 -0.704944 0.709263
625.200000000 0.182961 0.781353 0 0 0 -0.704944 0.709263
625.300000000 0.183093 0.759687 0 0 0 -0.704944 0.709263
625.400000000 0.183215 0.739687 0 0 0 -0.704944 0.709263
625.500000000 0.183348 0.718021 0 0 0 -0.704944 0.709263
625.600000000 0.18347 0.698021 0 0 0 -0.704944 0.709263
625.700000000 0.183592 0.678021 0 0 0 -0.704944 0.709263
625.800000000 0.183704 0.659688 0 0 0 -0.704944 0.709263
625.900000000 0.183816 0.641355 0 0 0 -0.704944 0.709263
626.000000000 0.183938 0.621356 0 0 0 -0.704944 0.709263
626.100000000 0.18406 0.601356 0 0 0 -0.704944 0.709263
626.200000000 0.184183 0.581357 0 0 0 -0.704944 0.709263
626.300000000 0.184305 0.561357 0 0 0 -0.704944 0.709263
626.400000000 0.184427 0.541357 0 0 0 -0.704944 0.709263
626.500000000 0.184549 0.521358 0 0 0 -0.704944 0.709263
626.600000000 0.184671 0.501358 0 0 0 -0.704944 0.709263
626.700000000 0.184804 0.479692 0 0 0 -0.704944 0.709263
626.800000000 0.184926 0.459692 0 0 0 -0.704944 0.709263
626.900000000 0.185048 0.439693 0 0 0 -0.704944 0.709263
627.000000000 0.18516 0.42136 0 0 0 -0.704944 0.709263
627.100000000 0.185272 0.403027 0 0 0 -0.704944 0.709263
627.200000000 0.185394 0.383027 0 0 0 -0.704944 0.709263
627.300000000 0.185506 0.364694 0 0 0 -0.704944 0.709263
627.400000000 0.185628 0.344694 0 0 0 -0.704944 0.709263
627.500000000 0.18574 0.326361 0 0 0 -0.704944 0.709263
627.600000000 0.185863 0.306362 0 0 0 -0.704944 0.709263
627.700000000 0.185985 0.286362 0 0 0 -0.704944 0.709263
627.800000000 0.186107 0.266362 0 0 0 -0.704944 0.709263
627.900000000 0.186229 0.246363 0 0 0 -0.704944 0.709263
628.000000000 0.186341 0.22803 0 0 0 -0.704944 0.709263
628.100000000 0.186463 0.20803 0 0 0 -0.704944 0.709263
628.200000000 0.186575 0.189697 0 0 0 -0.704944 0.709263
628.300000000 0.186687 0.171364 0 0 0 -0.704944 0.709263
628.400000000 0.186809 0.151365 0 0 0 -0.704944 0.709263
628.500000000 0.186921 0.133032 0 0 0 -0.704944 0.709263
628.600000000 0.187044 0.113032 0 0 0 -0.704944 0.709263
628.700000000 0.187156 0.094699 0 0 0 -0.704944 0.709263
628.800000000 0.187278 0.0746994 0 0 0 -0.704944 0.709263
628.900000000 0.1874 0.0546997 0 0 0 -0.704944 0.709263
629.000000000 0.187522 0.0347001 0 0 0 -0.704944 0.709263
629.100000000 0.187644 0.0147005 0 0 0 -0.704944 0.709263
629.200000000 0.187756 -0.00363251 0 0 0 -0.704944 0.709263
629.300000000 0.187879 -0.0236321 0 0 0 -0.704944 0.709263
629.400000000 0.188001 -0.0436318 0 0 0 -0.704944 0.709263
629.500000000 0.188123 -0.0636314 0 0 0 -0.704944 0.709263
629.600000000 0.188245 -0.083631 0 0 0 -0.704944 0.709263
629.700000000 0.188357 -0.101964 0 0 0 -0.704944 0.709263
629.800000000 0.188479 -0.121964 0 0 0 -0.704944 0.709263
629.900000000 0.188612 -0.14363 0 0 0 -0.704944 0.709263
630.000000000 0.188734 -0.16363 0 0 0 -0.704944 0.709263
630.100000000 0.188856 -0.183629 0 0 0 -0.704944 0.709263
630.200000000 0.188978 -0.203629 0 0 0 -0.704944 0.709263
630.300000000 0.1891 -0.223628 0 0 0 -0.704944 0.709263
630.400000000 0.189212 -0.241961 0 0 0 -0.704944 0.709263
630.500000000 0.189324 -0.260294 0 0 0 -0.704944 0.709263
630.600000000 0.189446 -0.280294 0 0 0 -0.704944 0.709263
630.700000000 0.189569 -0.300294 0 0 0 -0.704944 0.709263
630.800000000 0.189691 -0.320293 0 0 0 -0.704944 0.709263
630.900000000 0.189813 -0.340293 0 0 0 -0.704944 0.709263
631.000000000 0.189935 -0.360293 0 0 0 -0.704944 0.709263
631.100000000 0.190068 -0.381959 0 0 0 -0.704944 0.709263
631.200000000 0.19019 -0.401958 0 0 0 -0.704944 0.709263
631.300000000 0.190322 -0.423625 0 0 0 -0.704944 0.709263
631.400000000 0.190444 -0.443624 0 0 0 -0.704944 0.709263
631.500000000 0.190566 -0.463624 0 0 0 -0.704944 0.709263
631.600000000 0.190678 -0.481957 0 0 0 -0.704944 0.709263
631.700000000 0.19079 -0.50029 0 0 0 -0.704944 0.709263
631.800000000 0.190913 -0.52029 0 0 0 -0.704944 0.709263
631.900000000 0.191035 -0.540289 0 0 0 -0.704944 0.709263
632.000000000 0.191157 -0.560289 0 0 0 -0.704944 0.709263
632.100000000 0.191269 -0.578622 0 0 0 -0.704944 0.709263
632.200000000 0.191391 -0.598621 0 0 0 -0.704944 0.709263
632.300000000 0.191524 -0.620288 0 0 0 -0.704944 0.709263
632.400000000 0.191646 -0.640287 0 0 0 -0.704944 0.709263
632.500000000 0.191778 -0.661954 0 0 0 -0.704944 0.709263
632.600000000 0.1919 -0.681953 0 0 0 -0.704944 0.709263
632.700000000 0.192022 -0.701953 0 0 0 -0.704944 0.709263
632.800000000 0.192134 -0.720286 0 0 0 -0.704944 0.709263
632.900000000 0.192246 -0.738619 0 0 0 -0.704944 0.709263
633.000000000 0.192369 -0.758618 0 0 0 -0.704944 0.709263
633.100000000 0.192491 -0.778618 0 0 0 -0.704944 0.709263
633.200000000 0.192613 -0.798618 0 0 0 -0.704944 0.709263
633.300000000 0.192725 -0.816951 0 0 0 -0.704944 0.709263
633.400000000 0.192847 -0.83695 0 0 0 -0.704944 0.709263
633.500000000 0.19298 -0.858617 0 0 0 -0.704944 0.709263
633.600000000 0.193102 -0.878616 0 0 0 -0.704944 0.709263
633.700000000 0.193234 -0.900282 0 0 0 -0.704944 0.709263
633.800000000 0.193356 -0.920282 0 0 0 -0.704944 0.709263
633.900000000 0.193478 -0.940282 0 0 0 -0.704944 0.709263
634.000000000 0.19359 -0.958615 0 0 0 -0.704944 0.709263
634.100000000 0.193713 -0.978614 0 0 0 -0.704944 0.709263
634.200000000 0.193835 -0.998614 0 0 0 -0.704944 0.709263
634.300000000 0.193947 -1.01695 0 0 0 -0.704944 0.709263
634.400000000 0.194069 -1.03695 0 0 0 -0.704944 0.709263
634.500000000 0.194191 -1.05695 0 0 0 -0.704944 0.709263
634.600000000 0.194313 -1.07695 0 0 0 -0.704944 0.709263
634.700000000 0.194435 -1.09695 0 0 0 -0.704944 0.709263
634.800000000 0.194558 -1.11695 0 0 0 -0.704944 0.709263
634.900000000 0.19469 -1.13861 0 0 0 -0.704944 0.709263
635.000000000 0.194812 -1.15861 0 0 0 -0.704944 0.709263
635.100000000 0.194934 -1.17861 0 0 0 -0.704944 0.709263
635.200000000 0.195046 -1.19694 0 0 0 -0.704944 0.709263
635.300000000 0.195158 -1.21528 0 0 0 -0.704944 0.709263
635.400000000 0.195281 -1.23528 0 0 0 -0.704944 0.709263
635.500000000 0.195403 -1.25528 0 0 0 -0.704944 0.709263
635.600000000 0.195525 -1.27528 0 0 0 -0.704944 0.709263
635.700000000 0.195637 -1.29361 0 0 0 -0.704944 0.709263
635.800000000 0.195759 -1.31361 0 0 0 -0.704944 0.709263
635.900000000 0.195881 -1.33361 0 0 0 -0.704944 0.709263
636.000000000 0.196003 -1.35361 0 0 0 -0.704944 0.709263
636.100000000 0.196136 -1.37527 0 0 0 -0.704944 0.709263
636.200000000 0.196258 -1.39527 0 0 0 -0.704944 0.709263
636.300000000 0.19638 -1.41527 0 0 0 -0.704944 0.709263
636.400000000 0.196492 -1.43361 0 0 0 -0.704944 0.709263
636.500000000 0.196604 -1.45194 0 0 0 -0.704944 0.709263
636.600000000 0.196726 -1.47194 0 0 0 -0.704944 0.709263
636.700000000 0.196838 -1.49027 0 0 0 -0.704944 0.709263
636.800000000 0.196961 -1.51027 0 0 0 -0.704944 0.709263
636.900000000 0.197083 -1.53027 0 0 0 -0.704944 0.709263
637.000000000 0.197205 -1.55027 0 0 0 -0.704944 0.709263
637.100000000 0.197337 -1.57194 0 0 0 -0.704944 0.709263
637.200000000 0.197459 -1.59194 0 0 0 -0.704944 0.709263
637.300000000 0.197592 -1.6136 0 0 0 -0.704944 0.709263
637.400000000 0.197714 -1.6336 0 0 0 -0.704944 0.709263
637.500000000 0.197836 -1.6536 0 0 0 -0.704944 0.709263
637.600000000 0.197948 -1.67193 0 0 0 -0.704944 0.709263
637.700000000 0.19807 -1.69193 0 0 0 -0.704944 0.709263
637.800000000 0.198193 -1.71193 0 0 0 -0.704944 0.709263
637.900000000 0.198315 -1.73193 0 0 0 -0.704944 0.709263
638.000000000 0.198437 -1.75193 0 0 0 -0.704944 0.709263
638.100000000 0.198559 -1.77193 0 0 0 -0.704944 0.709263
638.200000000 0.198681 -1.79193 0 0 0 -0.704944 0.709263
638.300000000 0.198793 -1.81027 0 0 0 -0.704944 0.709263
638.400000000 0.198915 -1.83027 0 0 0 -0.704944 0.709263
638.500000000 0.199048 -1.85193 0 0 0 -0.704944 0.709263
638.600000000 0.19917 -1.87193 0 0 0 -0.704944 0.709263
638.700000000 0.199292 -1.89193 0 0 0 -0.704944 0.709263
638.800000000 0.199404 -1.91026 0 0 0 -0.704944 0.709263
638.900000000 0.199516 -1.9286 0 0 0 -0.704944 0.709263
639.000000000 0.199638 -1.9486 0 0 0 -0.704944 0.709263
639.100000000 0.19976 -1.9686 0 0 0 -0.704944 0.709263
639.200000000 0.199883 -1.9886 0 0 0 -0.704944 0.709263
639.300000000 0.200005 -2.0086 0 0 0 -0.704944 0.709263
639.400000000 0.200127 -2.02859 0 0 0 -0.704944 0.709263
639.500000000 0.200249 -2.04859 0 0 0 -0.704944 0.709263
639.600000000 0.200371 -2.06859 0 0 0 -0.704944 0.709263
639.700000000 0.200504 -2.09026 0 0 0 -0.704944 0.709263
639.800000000 0.200626 -2.11026 0 0 0 -0.704944 0.709263
639.900000000 0.200748 -2.13026 0 0 0 -0.704944 0.709263
640.000000000 0.20086 -2.14859 0 0 0 -0.704944 0.709263
640.100000000 0.200982 -2.16859 0 0 0 -0.704944 0.709263
640.200000000 0.201104 -2.18859 0 0 0 -0.704944 0.709263
640.300000000 0.201216 -2.20692 0 0 0 -0.704944 0.709263
640.400000000 0.201339 -2.22692 0 0 0 -0.704944 0.709263
640.500000000 0.201461 -2.24692 0 0 0 -0.704944 0.709263
640.600000000 0.201583 -2.26692 0 0 0 -0.704944 0.709263
640.700000000 0.201705 -2.28692 0 0 0 -0.704944 0.709263
640.800000000 0.201827 -2.30692 0 0 0 -0.704944 0.709263
640.900000000 0.20196 -2.32859 0 0 0 -0.704944 0.709263
641.000000000 0.202082 -2.34859 0 0 0 -0.704944 0.709263
641.100000000 0.202204 -2.36859 0 0 0 -0.704944 0.709263
641.200000000 0.202316 -2.38692 0 0 0 -0.704944 0.709263
641.300000000 0.202428 -2.40525 0 0 0 -0.704944 0.709263
641.400000000 0.20255 -2.42525 0 0 0 -0.704944 0.709263
641.500000000 0.202672 -2.44525 0 0 0 -0.704944 0.709263
641.600000000 0.202795 -2.46525 0 0 0 -0.704944 0.709263
641.700000000 0.202907 -2.48359 0 0 0 -0.704944 0.709263
641.800000000 0.203029 -2.50359 0 0 0 -0.704944 0.709263
641.900000000 0.203161 -2.52525 0 0 0 -0.704944 0.709263
642.000000000 0.203283 -2.54525 0 0 0 -0.704944 0.709263
642.100000000 0.203416 -2.56692 0 0 0 -0.704944 0.709263
642.200000000 0.203538 -2.58692 0 0 0 -0.704944 0.709263
642.300000000 0.20366 -2.60692 0 0 0 -0.704944 0.709263
642.400000000 0.203772 -2.62525 0 0 0 -0.704944 0.709263
642.500000000 0.203894 -2.64525 0 0 0 -0.704944 0.709263
642.600000000 0.204016 -2.66525 0 0 0 -0.704944 0.709263
642.700000000 0.204139 -2.68525 0 0 0 -0.704944 0.709263
642.800000000 0.204261 -2.70525 0 0 0 -0.704944 0.709263
642.900000000 0.204373 -2.72358 0 0 0 -0.704944 0.709263
643.000000000 0.204495 -2.74358 0 0 0 -0.704944 0.709263
643.100000000 0.204617 -2.76358 0 0 0 -0.704944 0.709263
643.200000000 0.204739 -2.78358 0 0 0 -0.704944 0.709263
643.300000000 0.204861 -2.80358 0 0 0 -0.704944 0.709263
643.400000000 0.204984 -2.82358 0 0 0 -0.704944 0.709263
643.500000000 0.205106 -2.84358 0 0 0 -0.704944 0.709263
643.600000000 0.205218 -2.86191 0 0 0 -0.704944 0.709263
643.700000000 0.20533 -2.88025 0 0 0 -0.704944 0.709263
643.800000000 0.205452 -2.90025 0 0 0 -0.704944 0.709263
643.900000000 0.205574 -2.92024 0 0 0 -0.704944 0.709263
644.000000000 0.205696 -2.94024 0 0 0 -0.704944 0.709263
644.100000000 0.205808 -2.95858 0 0 0 -0.704944 0.709263
644.200000000 0.205931 -2.97858 0 0 0 -0.704944 0.709263
644.300000000 0.206063 -3.00024 0 0 0 -0.704944 0.709263
644.400000000 0.206185 -3.02024 0 0 0 -0.704944 0.709263
644.500000000 0.206317 -3.04191 0 0 0 -0.704944 0.709263
644.600000000 0.20644 -3.06191 0 0 0 -0.704944 0.709263
644.700000000 0.206562 -3.08191 0 0 0 -0.704944 0.709263
644.800000000 0.206674 -3.10024 0 0 0 -0.704944 0.709263
644.900000000 0.206796 -3.12024 0 0 0 -0.704944 0.709263
645.000000000 0.206918 -3.14024 0 0 0 -0.704944 0.709263
645.100000000 0.20704 -3.16024 0 0 0 -0.704944 0.709263
645.200000000 0.206911 -3.18024 0 0 0 -0.70539 0.70882
645.300000000 0.206711 -3.19858 0 0 0 -0.705901 0.708311
645.400000000 0.206465 -3.21858 0 0 0 -0.706458 0.707755
645.500000000 0.206163 -3.24024 0 0 0 -0.707061 0.707152
645.600000000 0.205851 -3.26024 0 0 0 -0.707618 0.706596
645.700000000 0.205479 -3.28191 0 0 0 -0.70822 0.705992
645.800000000 0.205101 -3.30191 0 0 0 -0.708775 0.705434
645.900000000 0.204692 -3.32191 0 0 0 -0.70933 0.704876
646.000000000 0.204288 -3.34024 0 0 0 -0.709839 0.704364
646.100000000 0.203818 -3.36023 0 0 0 -0.710393 0.703806
646.200000000 0.203317 -3.38023 0 0 0 -0.710946 0.703246
646.300000000 0.202784 -3.40022 0 0 0 -0.7115 0.702687
646.400000000 0.20222 -3.42022 0 0 0 -0.712052 0.702126
646.500000000 0.201625 -3.44021 0 0 0 -0.712605 0.701566
646.600000000 0.201061 -3.46021 0 0 0 -0.713046 0.701117
646.700000000 0.200521 -3.47853 0 0 0 -0.71345 0.700706
646.800000000 0.199909 -3.49852 0 0 0 -0.713891 0.700257
646.900000000 0.199219 -3.52018 0 0 0 -0.714368 0.69977
647.000000000 0.198554 -3.54017 0 0 0 -0.714808 0.699321
647.100000000 0.197864 -3.56016 0 0 0 -0.715248 0.698871
647.200000000 0.197209 -3.57848 0 0 0 -0.715651 0.698458
647.300000000 0.196471 -3.59847 0 0 0 -0.71609 0.698008
647.400000000 0.195708 -3.61846 0 0 0 -0.716529 0.697557
647.500000000 0.194986 -3.63678 0 0 0 -0.716931 0.697144
647.600000000 0.194238 -3.65677 0 0 0 -0.71726 0.696806
647.700000000 0.193471 -3.67675 0 0 0 -0.717589 0.696467
647.800000000 0.192685 -3.69674 0 0 0 -0.717917 0.696129
647.900000000 0.19188 -3.71672 0 0 0 -0.718245 0.69579
648.000000000 0.191057 -3.73671 0 0 0 -0.718573 0.695451
648.100000000 0.190214 -3.75669 0 0 0 -0.718901 0.695112
648.200000000 0.189353 -3.77667 0 0 0 -0.719229 0.694773
648.300000000 0.188473 -3.79665 0 0 0 -0.719556 0.694434
648.400000000 0.187649 -3.81497 0 0 0 -0.719857 0.694123
648.500000000 0.186427 -3.84161 0 0 0 -0.720293 0.69367
648.600000000 0.185622 -3.85992 0 0 0 -0.720493 0.693463
648.700000000 0.184435 -3.88656 0 0 0 -0.720783 0.693161
648.800000000 0.183226 -3.9132 0 0 0 -0.721074 0.692859
648.900000000 0.181995 -3.93984 0 0 0 -0.721364 0.692556
649.000000000 0.180819 -3.96482 0 0 0 -0.721636 0.692273
649.100000000 0.179625 -3.98979 0 0 0 -0.721908 0.691989
649.200000000 0.178329 -4.01642 0 0 0 -0.722198 0.691687
649.300000000 0.177011 -4.04306 0 0 0 -0.722487 0.691384
649.400000000 0.175755 -4.06803 0 0 0 -0.722759 0.6911
649.500000000 0.174394 -4.09466 0 0 0 -0.723048 0.690797
649.600000000 0.173097 -4.11963 0 0 0 -0.72332 0.690513
649.700000000 0.17178 -4.14459 0 0 0 -0.723591 0.690229
649.800000000 0.170533 -4.16789 0 0 0 -0.723844 0.689964
649.900000000 0.167554 -4.22281 0 0 0 -0.72444 0.689338
650.000000000 0.164572 -4.27606 0 0 0 -0.725017 0.688731
650.100000000 0.161597 -4.32764 0 0 0 -0.725576 0.688142
650.200000000 0.158637 -4.37756 0 0 0 -0.726117 0.687571
650.300000000 0.15408 -4.45242 0 0 0 -0.726926 0.686715
650.400000000 0.149451 -4.52561 0 0 0 -0.727717 0.685877
650.500000000 0.144471 -4.60044 0 0 0 -0.728651 0.684886
650.600000000 0.139309 -4.67527 0 0 0 -0.729547 0.683931
650.700000000 0.133971 -4.75008 0 0 0 -0.730406 0.683013
650.800000000 0.12834 -4.82487 0 0 0 -0.731446 0.6819
650.900000000 0.12248 -4.89964 0 0 0 -0.732484 0.680785
651.000000000 0.116392 -4.97439 0 0 0 -0.73352 0.679668
651.100000000 0.110077 -5.04913 0 0 0 -0.734555 0.67855
651.200000000 0.102687 -5.12377 0 0 0 -0.737025 0.675866
651.300000000 0.0947532 -5.19836 0 0 0 -0.739486 0.673172
651.400000000 0.0862751 -5.27289 0 0 0 -0.741936 0.67047
651.500000000 0.0790124 -5.34754 0 0 0 -0.741418 0.671044
651.600000000 0.0721638 -5.42223 0 0 0 -0.740395 0.672173
651.700000000 0.0655428 -5.49693 0 0 0 -0.73937 0.6733
651.800000000 0.0591495 -5.57166 0 0 0 -0.738343 0.674425
651.900000000 0.0529839 -5.64641 0 0 0 -0.737315 0.675549
652.000000000 0.0470461 -5.72118 0 0 0 -0.736285 0.676672
652.100000000 0.0413361 -5.79596 0 0 0 -0.735253 0.677793
652.200000000 0.035854 -5.87076 0 0 0 -0.73422 0.678912
652.300000000 0.0305998 -5.94558 0 0 0 -0.733184 0.68003
652.400000000 0.0255736 -6.02041 0 0 0 -0.732148 0.681146
652.500000000 0.0204761 -6.09524 0 0 0 -0.731621 0.681712
652.600000000 0.0154943 -6.17007 0 0 0 -0.731093 0.682277
652.700000000 0.0106283 -6.24492 0 0 0 -0.730565 0.682843
652.800000000 0.00587807 -6.31977 0 0 0 -0.730037 0.683407
652.900000000 0.00124359 -6.39462 0 0 0 -0.729508 0.683972
653.000000000 -0.0035838 -6.46947 0 0 0 -0.729508 0.683972
653.100000000 -0.0081025 -6.54433 0 0 0 -0.728979 0.684536
653.200000000 -0.0128141 -6.61918 0 0 0 -0.728979 0.684536
653.300000000 -0.0175258 -6.69404 0 0 0 -0.728979 0.684536
653.400000000 -0.0222374 -6.76889 0 0 0 -0.728979 0.684536
653.500000000 -0.0257673 -6.84381 0 0 0 -0.72695 0.68669
653.600000000 -0.0288538 -6.91875 0 0 0 -0.724915 0.688839
653.700000000 -0.0314965 -6.99371 0 0 0 -0.722873 0.690981
653.800000000 -0.0336956 -7.06868 0 0 0 -0.720825 0.693117
653.900000000 -0.0354508 -7.14367 0 0 0 -0.71877 0.695248
654.000000000 -0.0367621 -7.21866 0 0 0 -0.71671 0.697372
654.100000000 -0.0376296 -7.29367 0 0 0 -0.714643 0.69949
654.200000000 -0.0380531 -7.36867 0 0 0 -0.712569 0.701602
654.300000000 -0.038063 -7.44368 0 0 0 -0.710543 0.703654
654.400000000 -0.0376823 -7.51868 0 0 0 -0.708585 0.705625
654.500000000 -0.0369267 -7.59368 0 0 0 -0.706696 0.707517
654.600000000 -0.0365302 -7.66868 0 0 0 -0.706149 0.708064
654.700000000 -0.0360178 -7.74368 0 0 0 -0.705601 0.70861
654.800000000 -0.0353893 -7.81868 0 0 0 -0.705053 0.709155
654.900000000 -0.0346449 -7.89367 0 0 0 -0.704504 0.7097
655.000000000 -0.0337844 -7.96867 0 0 0 -0.703955 0.710245
655.100000000 -0.032808 -8.04366 0 0 0 -0.703406 0.710789
655.200000000 -0.0317156 -8.11866 0 0 0 -0.702856 0.711333
655.300000000 -0.0305072 -8.19365 0 0 0 -0.702305 0.711876
655.400000000 -0.0291828 -8.26863 0 0 0 -0.701755 0.712419
655.500000000 -0.0305434 -8.34365 0 0 0 -0.706179 0.708033
655.600000000 -0.0330813 -8.41864 0 0 0 -0.711003 0.703189
655.700000000 -0.0366442 -8.49358 0 0 0 -0.715794 0.698312
655.800000000 -0.0412314 -8.56847 0 0 0 -0.720551 0.693402
655.900000000 -0.0468422 -8.64329 0 0 0 -0.725274 0.68846
656.000000000 -0.0534754 -8.71803 0 0 0 -0.729964 0.683486
656.100000000 -0.0611298 -8.79267 0 0 0 -0.734619 0.678479
656.200000000 -0.0698041 -8.8672 0 0 0 -0.739241 0.673441
656.300000000 -0.0794965 -8.9416 0 0 0 -0.743827 0.668372
656.400000000 -0.0902052 -9.01587 0 0 0 -0.748379 0.663271
656.500000000 -0.101928 -9.08997 0 0 0 -0.752896 0.65814
656.600000000 -0.114664 -9.16392 0 0 0 -0.757378 0.652977
656.700000000 -0.128409 -9.23768 0 0 0 -0.761824 0.647784
656.800000000 -0.143161 -9.31125 0 0 0 -0.766235 0.642561
656.900000000 -0.158918 -9.3846 0 0 0 -0.77061 0.637308
657.000000000 -0.177952 -9.44919 0 0 0 -0.780983 0.624553
657.100000000 -0.199054 -9.51133 0 0 0 -0.791675 0.610942
657.200000000 -0.222294 -9.57271 0 0 0 -0.802131 0.597148
657.300000000 -0.247645 -9.63324 0 0 0 -0.812347 0.583175
657.400000000 -0.275075 -9.69286 0 0 0 -0.822318 0.569027
657.500000000 -0.304844 -9.75326 0 0 0 -0.831562 0.555432
657.600000000 -0.336582 -9.81264 0 0 0 -0.840581 0.541686
657.700000000 -0.370256 -9.87095 0 0 0 -0.849373 0.527794
657.800000000 -0.405827 -9.92812 0 0 0 -0.857935 0.513759
657.900000000 -0.44326 -9.98409 0 0 0 0.866265 -0.499585
658.000000000 -0.482512 -10.0388 0 0 0 0.874361 -0.485276
658.100000000 -0.523541 -10.0922 0 0 0 0.882221 -0.470836
658.200000000 -0.566303 -10.1442 0 0 0 0.889842 -0.456269
658.300000000 -0.610752 -10.1948 0 0 0 0.897223 -0.441579
658.400000000 -0.65684 -10.2439 0 0 0 0.904361 -0.426769
658.500000000 -0.706977 -10.2997 0 0 0 0.90775 -0.419511
658.600000000 -0.757827 -10.3549 0 0 0 0.910842 -0.412755
658.700000000 -0.809316 -10.4094 0 0 0 0.913642 -0.406519
658.800000000 -0.861546 -10.4633 0 0 0 0.9164 -0.400263
658.900000000 -0.914508 -10.5165 0 0 0 0.919115 -0.393989
659.000000000 -0.968191 -10.5689 0 0 0 0.921787 -0.387697
659.100000000 -1.02259 -10.6206 0 0 0 0.924416 -0.381386
659.200000000 -1.07768 -10.6715 0 0 0 0.927002 -0.375057
659.300000000 -1.13347 -10.7217 0 0 0 0.929544 -0.368711
659.400000000 -1.18994 -10.7711 0 0 0 0.932043 -0.362348
659.500000000 -1.24708 -10.8197 0 0 0 0.934498 -0.355968
659.600000000 -1.30562 -10.8667 0 0 0 0.9379 -0.346905
659.700000000 -1.36519 -10.9124 0 0 0 0.941395 -0.337306
659.800000000 -1.42569 -10.9568 0 0 0 0.944791 -0.327673
659.900000000 -1.48708 -11 0 0 0 0.948089 -0.318005
660.000000000 -1.54934 -11.042 0 0 0 0.951288 -0.308303
660.100000000 -1.61245 -11.0826 0 0 0 0.954388 -0.29857
660.200000000 -1.67637 -11.122 0 0 0 0.957388 -0.288806
660.300000000 -1.74108 -11.16 0 0 0 0.960288 -0.279011
660.400000000 -1.80656 -11.1967 0 0 0 0.963088 -0.269187
660.500000000 -1.87278 -11.2321 0 0 0 0.965787 -0.259335
660.600000000 -1.93827 -11.2637 0 0 0 0.969252 -0.246068
660.700000000 -2.00461 -11.2934 0 0 0 0.972535 -0.232755
660.800000000 -2.07174 -11.3214 0 0 0 0.975635 -0.219398
660.900000000 -2.1396 -11.3475 0 0 0 0.978552 -0.206
661.000000000 -2.20816 -11.3717 0 0 0 0.981285 -0.192563
661.100000000 -2.27736 -11.394 0 0 0 0.983833 -0.17909
661.200000000 -2.34714 -11.4144 0 0 0 0.986196 -0.165583
661.300000000 -2.41497 -11.4322 0 0 0 0.988299 -0.152526
661.400000000 -2.48161 -11.4479 0 0 0 0.990186 -0.139755
661.500000000 -2.55393 -11.4678 0 0 0 0.990498 -0.137525
661.600000000 -2.62569 -11.4896 0 0 0 0.98999 -0.141137
661.700000000 -2.69721 -11.5122 0 0 0 0.989371 -0.145411
661.800000000 -2.76854 -11.5355 0 0 0 0.988734 -0.149681
661.900000000 -2.83966 -11.5593 0 0 0 0.988079 -0.15395
662.000000000 -2.91057 -11.5838 0 0 0 0.987405 -0.158215
662.100000000 -2.98127 -11.6089 0 0 0 0.986712 -0.162477
662.200000000 -3.05175 -11.6345 0 0 0 0.986001 -0.166737
662.300000000 -3.122 -11.6608 0 0 0 0.985272 -0.170993
662.400000000 -3.19203 -11.6877 0 0 0 0.984525 -0.175246
662.500000000 -3.26182 -11.7152 0 0 0 0.983759 -0.179495
662.600000000 -3.33137 -11.7433 0 0 0 0.982975 -0.183742
662.700000000 -3.40067 -11.772 0 0 0 0.982172 -0.187985
662.800000000 -3.46973 -11.8013 0 0 0 0.981351 -0.192224
662.900000000 -3.53853 -11.8312 0 0 0 0.980512 -0.19646
663.000000000 -3.60706 -11.8617 0 0 0 0.979654 -0.200692
663.100000000 -3.67534 -11.8928 0 0 0 0.978779 -0.204921
663.200000000 -3.73677 -11.9263 0 0 0 0.975572 -0.219678
663.300000000 -3.78057 -11.9574 0 0 0 0.970159 -0.242471
663.400000000 -3.8071 -11.9858 0 0 0 0.962063 -0.272827
663.500000000 -3.81351 -12.0089 0 0 0 0.950114 -0.311904
663.600000000 -3.80233 -12.0251 0 0 0 0.933615 -0.358278
663.700000000 -3.78823 -12.0393 0 0 0 0.914542 -0.404491
663.800000000 -3.77278 -12.052 0 0 0 0.893183 -0.449694
663.900000000 -3.75615 -12.0631 0 0 0 0.869591 -0.493773
664.000000000 -3.73849 -12.0724 0 0 0 -0.843826 0.536617
664.100000000 -3.71998 -12.08 0 0 0 -0.815952 0.57812
664.200000000 -3.70081 -12.0857 0 0 0 -0.786038 0.618178
664.300000000 -3.68118 -12.0894 0 0 0 -0.75416 0.656691
664.400000000 -3.66126 -12.0912 0 0 0 -0.720396 0.693563
664.500000000 -3.64127 -12.0909 0 0 0 -0.684832 0.728701
664.600000000 -3.6214 -12.0887 0 0 0 -0.647557 0.762017
664.700000000 -3.60186 -12.0845 0 0 0 -0.608662 0.793429
664.800000000 -3.58283 -12.0783 0 0 0 -0.568247 0.822858
664.900000000 -3.56452 -12.0703 0 0 0 -0.526411 0.85023
665.000000000 -3.54709 -12.0605 0 0 0 -0.483259 0.875477
665.100000000 -3.53073 -12.0491 0 0 0 -0.4389 0.898536
665.200000000 -3.51559 -12.036 0 0 0 -0.393443 0.919349
665.300000000 -3.50184 -12.0215 0 0 0 -0.347003 0.937864
665.400000000 -3.4896 -12.0057 0 0 0 -0.299696 0.954035
665.500000000 -3.47373 -11.9942 0 0 0 -0.255168 0.966897
665.600000000 -3.459 -11.9812 0 0 0 -0.210092 0.977682
665.700000000 -3.44552 -11.967 0 0 0 -0.164566 0.986366
665.800000000 -3.43342 -11.9516 0 0 0 -0.118685 0.992932
665.900000000 -3.4228 -11.9351 0 0 0 -0.0725497 0.997365
666.000000000 -3.41375 -11.9177 0 0 0 -0.0262585 0.999655
666.100000000 -3.40635 -11.8996 0 0 0 0.0200892 0.999798
666.200000000 -3.40067 -11.8808 0 0 0 0.0663937 0.997794
666.300000000 -3.39674 -11.8616 0 0 0 0.112556 0.993645
666.400000000 -3.39461 -11.8421 0 0 0 0.158476 0.987363
666.500000000 -3.39429 -11.8225 0 0 0 0.204055 0.978959
666.600000000 -3.37354 -11.7981 0 0 0 0.238532 0.971135
666.700000000 -3.33797 -11.7673 0 0 0 0.264631 0.96435
666.800000000 -3.298 -11.7325 0 0 0 0.287526 0.957773
666.900000000 -3.26049 -11.6962 0 0 0 0.310631 0.950531
667.000000000 -3.22477 -11.658 0 0 0 0.333554 0.942731
667.100000000 -3.19095 -11.6182 0 0 0 0.356282 0.934379
667.200000000 -3.15839 -11.5764 0 0 0 0.378436 0.925627
667.300000000 -3.12787 -11.5331 0 0 0 0.400376 0.916351
667.400000000 -3.09944 -11.4884 0 0 0 0.422089 0.906554
667.500000000 -3.05992 -11.4317 0 0 0 0.436137 0.89988
667.600000000 -3.01499 -11.3716 0 0 0 0.44052 0.897743
667.700000000 -2.96658 -11.3143 0 0 0 0.433315 0.901242
667.800000000 -2.91725 -11.2577 0 0 0 0.426082 0.904684
667.900000000 -2.86703 -11.202 0 0 0 0.418822 0.908068
668.000000000 -2.81592 -11.147 0 0 0 0.411535 0.911394
668.100000000 -2.76394 -11.0929 0 0 0 0.404222 0.914661
668.200000000 -2.71127 -11.0395 0 0 0 0.397415 0.917639
668.300000000 -2.65764 -10.987 0 0 0 0.390052 0.920793
668.400000000 -2.60334 -10.9352 0 0 0 0.3832 0.923665
668.500000000 -2.54828 -10.8842 0 0 0 0.376327 0.926487
668.600000000 -2.49247 -10.834 0 0 0 0.369433 0.929257
668.700000000 -2.43591 -10.7847 0 0 0 0.362519 0.931976
668.800000000 -2.37879 -10.7361 0 0 0 0.356139 0.934433
668.900000000 -2.32101 -10.6882 0 0 0 0.349743 0.936846
669.000000000 -2.26258 -10.6411 0 0 0 0.34333 0.939215
669.100000000 -2.26258 -10.6411 0 0 0 0.34333 0.939215
669.200000000 -2.26258 -10.6411 0 0 0 0.34333 0.939215
669.300000000 -2.26258 -10.6411 0 0 0 0.34333 0.939215
669.400000000 -2.26258 -10.6411 0 0 0 0.34333 0.939215
669.500000000 -2.26258 -10.6411 0 0 0 0.34333 0.939215
669.600000000 -2.26258 -10.6411 0 0 0 0.34333 0.939215
669.700000000 -2.26258 -10.6411 0 0 0 0.34333 0.939215
669.800000000 -2.26258 -10.6411 0 0 0 0.34333 0.939215
669.900000000 -2.26258 -10.6411 0 0 0 0.34333 0.939215
670.000000000 -2.26258 -10.6411 0 0 0 0.34333 0.939215
670.100000000 -2.26258 -10.6411 0 0 0 0.34333 0.939215
670.200000000 -2.26258 -10.6411 0 0 0 0.34333 0.939215
670.300000000 -2.26258 -10.6411 0 0 0 0.34333 0.939215
670.400000000 -2.26258 -10.6411 0 0 0 0.34333 0.939215
670.500000000 -2.26258 -10.6411 0 0 0 0.34333 0.939215
670.600000000 -2.26258 -10.6411 0 0 0 0.34333 0.939215
670.700000000 -2.26258 -10.6411 0 0 0 0.34333 0.939215
670.800000000 -2.26258 -10.6411 0 0 0 0.34333 0.939215
670.900000000 -2.26258 -10.6411 0 0 0 0.34333 0.939215
671.000000000 -2.26258 -10.6411 0 0 0 0.34333 0.939215
671.100000000 -2.26258 -10.6411 0 0 0 0.34333 0.939215
671.200000000 -2.26258 -10.6411 0 0 0 0.34333 0.939215
671.300000000 -2.26258 -10.6411 0 0 0 0.34333 0.939215
671.400000000 -2.26258 -10.6411 0 0 0 0.34333 0.939215
671.500000000 -2.26258 -10.6411 0 0 0 0.34333 0.939215
671.600000000 -2.26258 -10.6411 0 0 0 0.34333 0.939215
671.700000000 -2.26258 -10.6411 0 0 0 0.34333 0.939215
671.800000000 -2.26258 -10.6411 0 0 0 0.34333 0.939215
671.900000000 -2.26258 -10.6411 0 0 0 0.34333 0.939215
672.000000000 -2.26258 -10.6411 0 0 0 0.34333 0.939215
672.100000000 -2.26258 -10.6411 0 0 0 0.34333 0.939215
672.200000000 -2.26258 -10.6411 0 0 0 0.34333 0.939215
672.300000000 -2.26258 -10.6411 0 0 0 0.34333 0.939215
672.400000000 -2.26258 -10.6411 0 0 0 0.34333 0.939215
672.500000000 -2.26258 -10.6411 0 0 0 0.34333 0.939215
672.600000000 -2.26258 -10.6411 0 0 0 0.34333 0.939215
672.700000000 -2.26258 -10.6411 0 0 0 0.34333 0.939215
672.800000000 -2.26258 -10.6411 0 0 0 0.34333 0.939215
672.900000000 -2.26258 -10.6411 0 0 0 0.34333 0.939215
673.000000000 -2.26258 -10.6411 0 0 0 0.34333 0.939215
673.100000000 -2.26258 -10.6411 0 0 0 0.34333 0.939215
673.200000000 -2.26258 -10.6411 0 0 0 0.34333 0.939215
673.300000000 -2.26258 -10.6411 0 0 0 0.34333 0.939215
673.400000000 -2.26258 -10.6411 0 0 0 0.34333 0.939215
673.500000000 -2.26258 -10.6411 0 0 0 0.34333 0.939215
673.600000000 -2.26258 -10.6411 0 0 0 0.34333 0.939215
673.700000000 -2.26258 -10.6411 0 0 0 0.34333 0.939215
673.800000000 -2.26258 -10.6411 0 0 0 0.34333 0.939215
673.900000000 -2.26258 -10.6411 0 0 0 0.34333 0.939215
674.000000000 -2.26258 -10.6411 0 0 0 0.34333 0.939215
674.100000000 -2.26258 -10.6411 0 0 0 0.34333 0.939215
674.200000000 -2.26258 -10.6411 0 0 0 0.34333 0.939215
674.300000000 -2.26258 -10.6411 0 0 0 0.34333 0.939215
674.400000000 -2.26258 -10.6411 0 0 0 0.34333 0.939215
674.500000000 -2.26258 -10.6411 0 0 0 0.34333 0.939215
674.600000000 -2.26258 -10.6411 0 0 0 0.34333 0.939215
674.700000000 -2.26258 -10.6411 0 0 0 0.34333 0.939215
674.800000000 -2.26258 -10.6411 0 0 0 0.34333 0.939215
674.900000000 -2.26258 -10.6411 0 0 0 0.34333 0.939215
675.000000000 -2.26258 -10.6411 0 0 0 0.34333 0.939215
675.100000000 -2.26258 -10.6411 0 0 0 0.34333 0.939215
675.200000000 -2.20351 -10.5949 0 0 0 0.336901 0.94154
675.300000000 -2.14382 -10.5494 0 0 0 0.330456 0.943821
675.400000000 -2.08366 -10.5046 0 0 0 0.324571 0.945861
675.500000000 -2.02294 -10.4605 0 0 0 0.318672 0.947865
675.600000000 -1.96168 -10.4172 0 0 0 0.312761 0.949832
675.700000000 -1.89989 -10.3747 0 0 0 0.306838 0.951762
675.800000000 -1.83757 -10.3329 0 0 0 0.300903 0.953655
675.900000000 -1.77487 -10.2917 0 0 0 0.295551 0.955327
676.000000000 -1.71158 -10.2514 0 0 0 0.289594 0.95715
676.100000000 -1.64793 -10.2117 0 0 0 0.284221 0.958759
676.200000000 -1.58383 -10.1727 0 0 0 0.27884 0.960337
676.300000000 -1.5193 -10.1344 0 0 0 0.27345 0.961886
676.400000000 -1.45435 -10.0969 0 0 0 0.268052 0.963404
676.500000000 -1.38873 -10.0605 0 0 0 0.261459 0.965214
676.600000000 -1.32274 -10.0248 0 0 0 0.255442 0.966825
676.700000000 -1.25631 -9.98995 0 0 0 0.249414 0.968397
676.800000000 -1.18945 -9.95591 0 0 0 0.243376 0.969932
676.900000000 -1.12217 -9.92271 0 0 0 0.23733 0.971429
677.000000000 -1.05449 -9.89034 0 0 0 0.231274 0.972889
677.100000000 -0.986404 -9.85882 0 0 0 0.225208 0.974311
677.200000000 -0.917932 -9.82816 0 0 0 0.219135 0.975695
677.300000000 -0.849084 -9.79834 0 0 0 0.213052 0.977041
677.400000000 -0.779869 -9.76939 0 0 0 0.206962 0.978349
677.500000000 -0.712419 -9.73653 0 0 0 0.213645 0.976911
677.600000000 -0.644879 -9.7039 0 0 0 0.217208 0.976125
677.700000000 -0.578338 -9.6692 0 0 0 0.22502 0.974354
677.800000000 -0.512361 -9.63345 0 0 0 0.232817 0.972521
677.900000000 -0.446965 -9.59664 0 0 0 0.240599 0.970625
678.000000000 -0.382168 -9.55879 0 0 0 0.248366 0.968666
678.100000000 -0.317985 -9.51991 0 0 0 0.256117 0.966646
678.200000000 -0.254433 -9.48 0 0 0 0.263852 0.964563
678.300000000 -0.191528 -9.43908 0 0 0 0.271569 0.962419
678.400000000 -0.129287 -9.39716 0 0 0 0.279269 0.960213
678.500000000 -0.0680942 -9.35368 0 0 0 0.288551 0.957465
678.600000000 -0.00775407 -9.30904 0 0 0 0.297806 0.954627
678.700000000 0.0517104 -9.26323 0 0 0 0.307032 0.951699
678.800000000 0.110277 -9.21628 0 0 0 0.31623 0.948682
678.900000000 0.167924 -9.1682 0 0 0 0.325398 0.945577
679.000000000 0.224629 -9.11902 0 0 0 0.334536 0.942383
679.100000000 0.280372 -9.06875 0 0 0 0.343643 0.9391
679.200000000 0.33513 -9.01741 0 0 0 0.352717 0.93573
679.300000000 0.388885 -8.96502 0 0 0 0.361758 0.932272
679.400000000 0.441616 -8.9116 0 0 0 0.370765 0.928727
679.500000000 0.495178 -8.85909 0 0 0 0.373512 0.927625
679.600000000 0.548625 -8.80647 0 0 0 0.3756 0.926782
679.700000000 0.601836 -8.75361 0 0 0 0.377686 0.925934
679.800000000 0.654807 -8.70051 0 0 0 0.37977 0.925081
679.900000000 0.707539 -8.64717 0 0 0 0.381852 0.924223
680.000000000 0.76003 -8.5936 0 0 0 0.383932 0.923361
680.100000000 0.81228 -8.53979 0 0 0 0.386011 0.922494
680.200000000 0.864286 -8.48575 0 0 0 0.388087 0.921623
680.300000000 0.916049 -8.43147 0 0 0 0.390161 0.920747
680.400000000 0.967566 -8.37696 0 0 0 0.392233 0.919866
680.500000000 1.01884 -8.32221 0 0 0 0.394304 0.91898
680.600000000 1.06986 -8.26724 0 0 0 0.396372 0.91809
680.700000000 1.12064 -8.21204 0 0 0 0.398438 0.917195
680.800000000 1.17117 -8.15661 0 0 0 0.400503 0.916296
680.900000000 1.22144 -8.10095 0 0 0 0.402565 0.915391
681.000000000 1.27147 -8.04507 0 0 0 0.404625 0.914483
681.100000000 1.32124 -7.98896 0 0 0 0.406683 0.913569
681.200000000 1.37076 -7.93263 0 0 0 0.408739 0.912651
681.300000000 1.4207 -7.87667 0 0 0 0.408739 0.912651
681.400000000 1.47064 -7.82072 0 0 0 0.408739 0.912651
681.500000000 1.52058 -7.76476 0 0 0 0.408739 0.912651
681.600000000 1.56884 -7.70732 0 0 0 0.413851 0.910345
681.700000000 1.61626 -7.64919 0 0 0 0.419514 0.907749
681.800000000 1.66296 -7.59046 0 0 0 0.425161 0.905118
681.900000000 1.70891 -7.53116 0 0 0 0.430791 0.902452
682.000000000 1.75413 -7.47129 0 0 0 0.436404 0.899751
682.100000000 1.7986 -7.41086 0 0 0 0.442001 0.897015
682.200000000 1.84231 -7.34988 0 0 0 0.44758 0.894244
682.300000000 1.88525 -7.28836 0 0 0 0.453142 0.891438
682.400000000 1.92743 -7.22632 0 0 0 0.458686 0.888598
682.500000000 1.96883 -7.16375 0 0 0 0.464213 0.885724
682.600000000 2.0042 -7.10234 0 0 0 0.477134 0.878831
682.700000000 2.0371 -7.04059 0 0 0 0.490351 0.871525
682.800000000 2.06813 -6.97788 0 0 0 0.503456 0.864021
682.900000000 2.09724 -6.91426 0 0 0 0.516446 0.85632
683.000000000 2.12442 -6.84979 0 0 0 0.529319 0.848423
683.100000000 2.14964 -6.78452 0 0 0 0.542071 0.840333
683.200000000 2.17288 -6.71853 0 0 0 0.554699 0.832051
683.300000000 2.19411 -6.65186 0 0 0 0.567201 0.82358
683.400000000 2.21333 -6.58459 0 0 0 0.579573 0.81492
683.500000000 2.2305 -6.51676 0 0 0 0.591813 0.806075
683.600000000 2.24745 -6.44509 0 0 0 0.60243 0.798172
683.700000000 2.26295 -6.37211 0 0 0 0.61256 0.790424
683.800000000 2.27658 -6.29876 0 0 0 0.62259 0.782549
683.900000000 2.28834 -6.22509 0 0 0 0.632518 0.774545
684.000000000 2.29822 -6.15114 0 0 0 0.642344 0.766416
684.100000000 2.30621 -6.07697 0 0 0 0.652065 0.758163
684.200000000 2.3123 -6.00261 0 0 0 0.661681 0.749786
684.300000000 2.31649 -5.92813 0 0 0 0.671188 0.741287
684.400000000 2.31879 -5.85356 0 0 0 0.680587 0.732667
684.500000000 2.31918 -5.77895 0 0 0 0.689875 0.723929
684.600000000 2.31871 -5.70389 0 0 0 0.697233 0.716844
684.700000000 2.3167 -5.62884 0 0 0 0.70452 0.709685
684.800000000 2.31316 -5.55386 0 0 0 0.711732 0.702451
684.900000000 2.3081 -5.47896 0 0 0 0.71887 0.695144
685.000000000 2.3015 -5.40418 0 0 0 0.725934 0.687765
685.100000000 2.29337 -5.32955 0 0 0 0.732921 0.680313
685.200000000 2.28373 -5.25511 0 0 0 0.739832 0.672791
685.300000000 2.27256 -5.18087 0 0 0 0.746666 0.665199
685.400000000 2.25988 -5.10688 0 0 0 0.753422 0.657537
685.500000000 2.24569 -5.03316 0 0 0 0.7601 0.649807
685.600000000 2.23 -4.95975 0 0 0 0.766698 0.642008
685.700000000 2.21281 -4.88668 0 0 0 0.773216 0.634143
685.800000000 2.19413 -4.81397 0 0 0 0.779653 0.626212
685.900000000 2.17397 -4.74166 0 0 0 0.786009 0.618215
686.000000000 2.15234 -4.66977 0 0 0 0.792283 0.610154
686.100000000 2.12924 -4.59834 0 0 0 0.798474 0.602029
686.200000000 2.10891 -4.52615 0 0 0 0.798008 0.602646
686.300000000 2.08897 -4.45385 0 0 0 0.797089 0.603861
686.400000000 2.06925 -4.38149 0 0 0 0.796169 0.605075
686.500000000 2.04976 -4.30906 0 0 0 0.795246 0.606287
686.600000000 2.03385 -4.2357 0 0 0 0.789011 0.614379
686.700000000 2.01964 -4.16198 0 0 0 0.782367 0.622817
686.800000000 2.00723 -4.08793 0 0 0 0.775307 0.631584
686.900000000 1.99648 -4.01361 0 0 0 0.768149 0.640271
687.000000000 1.98741 -3.93908 0 0 0 0.760894 0.648877
687.100000000 1.98002 -3.86436 0 0 0 0.753542 0.6574
687.200000000 1.97431 -3.78949 0 0 0 0.746094 0.66584
687.300000000 1.97029 -3.71452 0 0 0 0.738553 0.674196
687.400000000 1.96796 -3.63947 0 0 0 0.730917 0.682466
687.500000000 1.96732 -3.56439 0 0 0 0.723189 0.69065
687.600000000 1.96837 -3.48931 0 0 0 0.715369 0.698747
687.700000000 1.97111 -3.41428 0 0 0 0.707459 0.706754
687.800000000 1.97554 -3.33932 0 0 0 0.699459 0.714673
687.900000000 1.98165 -3.26449 0 0 0 0.69137 0.722501
688.000000000 1.98945 -3.18981 0 0 0 0.683194 0.730237
688.100000000 1.99892 -3.11532 0 0 0 0.674931 0.73788
688.200000000 2.00966 -3.04103 0 0 0 0.667359 0.744736
688.300000000 2.02191 -2.96696 0 0 0 0.659717 0.751514
688.400000000 2.03546 -2.89313 0 0 0 0.652411 0.757865
688.500000000 2.04897 -2.81934 0 0 0 0.647888 0.761735
688.600000000 2.05934 -2.76964 0 0 0 0.643559 0.765396
688.700000000 2.07027 -2.71936 0 0 0 0.639475 0.768812
688.800000000 2.08173 -2.66919 0 0 0 0.635372 0.772206
688.900000000 2.09372 -2.61916 0 0 0 0.631251 0.775578
689.000000000 2.10625 -2.56853 0 0 0 0.627388 0.778707
689.100000000 2.11929 -2.51729 0 0 0 0.62379 0.781592
689.200000000 2.13281 -2.46618 0 0 0 0.620179 0.784461
689.300000000 2.14682 -2.41444 0 0 0 0.616844 0.787085
689.400000000 2.16128 -2.36282 0 0 0 0.613499 0.789696
689.500000000 2.17617 -2.31132 0 0 0 0.610142 0.792292
689.600000000 2.1915 -2.25996 0 0 0 0.606775 0.794874
689.700000000 2.20731 -2.20796 0 0 0 0.603697 0.797214
689.800000000 2.22353 -2.15608 0 0 0 0.60061 0.799542
689.900000000 2.24022 -2.10354 0 0 0 0.597823 0.801628
690.000000000 2.25727 -2.05113 0 0 0 0.595029 0.803704
690.100000000 2.27476 -1.99802 0 0 0 0.592546 0.805537
690.200000000 2.30119 -1.9342 0 0 0 0.579946 0.814655
690.300000000 2.32725 -1.88806 0 0 0 0.560377 0.828237
690.400000000 2.35242 -1.85945 0 0 0 0.533727 0.845657
690.500000000 2.37445 -1.85171 0 0 0 0.498251 0.867033
690.600000000 2.39173 -1.86111 0 0 0 0.454983 0.8905
690.700000000 2.408 -1.87216 0 0 0 0.410614 0.911809
690.800000000 2.4231 -1.88475 0 0 0 0.365249 0.93091
690.900000000 2.43689 -1.89877 0 0 0 0.318999 0.947755
691.000000000 2.44924 -1.91408 0 0 0 0.271977 0.962304
691.100000000 2.46002 -1.93053 0 0 0 0.224296 0.974521
691.200000000 2.46914 -1.94796 0 0 0 0.176071 0.984378
691.300000000 2.47649 -1.9662 0 0 0 0.127419 0.991849
691.400000000 2.48202 -1.98507 0 0 0 0.0784593 0.996917
691.500000000 2.48567 -2.0044 0 0 0 0.0293091 0.99957
691.600000000 2.51145 -2.0178 0 0 0 -0.00793396 0.999969
691.700000000 2.54716 -2.03109 0 0 0 -0.0397628 0.999209
691.800000000 2.58281 -2.04653 0 0 0 -0.0711321 0.997467
691.900000000 2.61742 -2.06418 0 0 0 -0.102431 0.99474
692.000000000 2.65086 -2.08397 0 0 0 -0.133629 0.991031
692.100000000 2.68299 -2.10582 0 0 0 -0.164695 0.986345
692.200000000 2.71368 -2.12964 0 0 0 -0.195599 0.980684
692.300000000 2.74282 -2.15535 0 0 0 -0.226309 0.974056
692.400000000 2.77028 -2.18283 0 0 0 -0.256796 0.966466
692.500000000 2.79597 -2.21198 0 0 0 -0.28703 0.957922
692.600000000 2.83502 -2.24891 0 0 0 -0.30939 0.950935
692.700000000 2.88452 -2.29328 0 0 0 -0.325394 0.945578
692.800000000 2.9341 -2.34011 0 0 0 -0.340481 0.940251
692.900000000 2.98216 -2.3885 0 0 0 -0.35548 0.934684
693.000000000 3.02865 -2.4384 0 0 0 -0.370388 0.928877
693.100000000 3.07351 -2.48976 0 0 0 -0.385202 0.922832
693.200000000 3.11671 -2.54254 0 0 0 -0.399917 0.916552
693.300000000 3.1582 -2.59666 0 0 0 -0.414529 0.910036
693.400000000 3.19794 -2.65209 0 0 0 -0.429036 0.903288
693.500000000 3.23588 -2.70876 0 0 0 -0.443432 0.896308
693.600000000 3.27699 -2.77102 0 0 0 -0.454826 0.89058
693.700000000 3.31695 -2.83461 0 0 0 -0.465712 0.884936
693.800000000 3.35534 -2.89915 0 0 0 -0.476527 0.87916
693.900000000 3.39214 -2.96462 0 0 0 -0.487271 0.873251
694.000000000 3.42732 -3.03097 0 0 0 -0.497942 0.86721
694.100000000 3.46086 -3.09816 0 0 0 -0.508538 0.861039
694.200000000 3.49274 -3.16616 0 0 0 -0.519058 0.854739
694.300000000 3.52295 -3.23492 0 0 0 -0.529499 0.848311
694.400000000 3.55146 -3.30439 0 0 0 -0.539861 0.841754
694.500000000 3.57826 -3.37455 0 0 0 -0.550141 0.835071
694.600000000 3.60333 -3.44534 0 0 0 -0.560339 0.828263
694.700000000 3.62666 -3.51673 0 0 0 -0.570453 0.82133
694.800000000 3.64823 -3.58866 0 0 0 -0.580481 0.814274
694.900000000 3.66803 -3.6611 0 0 0 -0.590422 0.807095
695.000000000 3.68608 -3.734 0 0 0 -0.600212 0.799841
695.100000000 3.70199 -3.80569 0 0 0 -0.609698 0.792634
695.200000000 3.71553 -3.87447 0 0 0 -0.618672 0.785649
695.300000000 3.72723 -3.94189 0 0 0 -0.627356 0.778733
695.400000000 3.73693 -4.00625 0 0 0 -0.635544 0.772065
695.500000000 3.74505 -4.06915 0 0 0 -0.643454 0.765485
695.600000000 3.75152 -4.12889 0 0 0 -0.650885 0.759176
695.700000000 3.75668 -4.18709 0 0 0 -0.65805 0.752974
695.800000000 3.76061 -4.2437 0 0 0 -0.664954 0.746884
695.900000000 3.76342 -4.29871 0 0 0 -0.671601 0.740913
696.000000000 3.76519 -4.3521 0 0 0 -0.677996 0.735066
696.100000000 3.76601 -4.40384 0 0 0 -0.684142 0.729349
696.200000000 3.76766 -4.46051 0 0 0 -0.68774 0.725957
696.300000000 3.76889 -4.51552 0 0 0 -0.690895 0.722955
696.400000000 3.76962 -4.56886 0 0 0 -0.693942 0.72003
696.500000000 3.76989 -4.62055 0 0 0 -0.696883 0.717185
696.600000000 3.77098 -4.67721 0 0 0 -0.69784 0.716253
696.700000000 3.7721 -4.73386 0 0 0 -0.698478 0.715632
696.800000000 3.77309 -4.78886 0 0 0 -0.699096 0.715028
696.900000000 3.77395 -4.84218 0 0 0 -0.699695 0.714442
697.000000000 3.77471 -4.89384 0 0 0 -0.700275 0.713873
697.100000000 3.77535 -4.94384 0 0 0 -0.700835 0.713323
697.200000000 3.7759 -4.99217 0 0 0 -0.701377 0.712791
697.300000000 3.77636 -5.03884 0 0 0 -0.701899 0.712276
697.400000000 3.77674 -5.08384 0 0 0 -0.702403 0.71178
697.500000000 3.77718 -5.12717 0 0 0 -0.702645 0.71154
697.600000000 3.77757 -5.16883 0 0 0 -0.702878 0.71131
697.700000000 3.77792 -5.20883 0 0 0 -0.703101 0.71109
697.800000000 3.77824 -5.24716 0 0 0 -0.703316 0.710878
697.900000000 3.77851 -5.28383 0 0 0 -0.70352 0.710675
698.000000000 3.77876 -5.31883 0 0 0 -0.703716 0.710482
698.100000000 3.77898 -5.35383 0 0 0 -0.703911 0.710288
698.200000000 3.77918 -5.38716 0 0 0 -0.704097 0.710104
698.300000000 3.77935 -5.41883 0 0 0 -0.704273 0.709929
698.400000000 3.7795 -5.45049 0 0 0 -0.70445 0.709754
698.500000000 3.77963 -5.48049 0 0 0 -0.704617 0.709588
698.600000000 3.77974 -5.50883 0 0 0 -0.704775 0.709431
698.700000000 3.77984 -5.53716 0 0 0 -0.704933 0.709274
698.800000000 3.77992 -5.56383 0 0 0 -0.705082 0.709126
698.900000000 3.77999 -5.59049 0 0 0 -0.70523 0.708979
699.000000000 3.78004 -5.61549 0 0 0 -0.705369 0.70884
699.100000000 3.78009 -5.64049 0 0 0 -0.705508 0.708702
699.200000000 3.78012 -5.66383 0 0 0 -0.705638 0.708572
699.300000000 3.78014 -5.68716 0 0 0 -0.705768 0.708443
699.400000000 3.78016 -5.70883 0 0 0 -0.705889 0.708323
699.500000000 3.78023 -5.73049 0 0 0 -0.705889 0.708323
699.600000000 3.7803 -5.75049 0 0 0 -0.705889 0.708323
699.700000000 3.78037 -5.77049 0 0 0 -0.705889 0.708323
699.800000000 3.78044 -5.79049 0 0 0 -0.705889 0.708323
699.900000000 3.78051 -5.81049 0 0 0 -0.705889 0.708323
700.000000000 3.78057 -5.82883 0 0 0 -0.705889 0.708323
700.100000000 3.78063 -5.84716 0 0 0 -0.705889 0.708323
700.200000000 3.78071 -5.86883 0 0 0 -0.705889 0.708323
700.300000000 3.78078 -5.88883 0 0 0 -0.705889 0.708323
700.400000000 3.78085 -5.90883 0 0 0 -0.705889 0.708323
700.500000000 3.78091 -5.92883 0 0 0 -0.705889 0.708323
700.600000000 3.78098 -5.94883 0 0 0 -0.705889 0.708323
700.700000000 3.78106 -5.97049 0 0 0 -0.705889 0.708323
700.800000000 3.78113 -5.99049 0 0 0 -0.705889 0.708323
700.900000000 3.7812 -6.01216 0 0 0 -0.705889 0.708323
701.000000000 3.78127 -6.03216 0 0 0 -0.705889 0.708323
701.100000000 3.78134 -6.05216 0 0 0 -0.705889 0.708323
701.200000000 3.78141 -6.07216 0 0 0 -0.705889 0.708323
701.300000000 3.78148 -6.09216 0 0 0 -0.705889 0.708323
701.400000000 3.78155 -6.11216 0 0 0 -0.705889 0.708323
701.500000000 3.78161 -6.13049 0 0 0 -0.705889 0.708323
701.600000000 3.78168 -6.15049 0 0 0 -0.705889 0.708323
701.700000000 3.78175 -6.17049 0 0 0 -0.705889 0.708323
701.800000000 3.78182 -6.19049 0 0 0 -0.705889 0.708323
701.900000000 3.78188 -6.20882 0 0 0 -0.705889 0.708323
702.000000000 3.78195 -6.22882 0 0 0 -0.705889 0.708323
702.100000000 3.78202 -6.24882 0 0 0 -0.705889 0.708323
702.200000000 3.78209 -6.26882 0 0 0 -0.705889 0.708323
702.300000000 3.78215 -6.28882 0 0 0 -0.705889 0.708323
702.400000000 3.78222 -6.30716 0 0 0 -0.705889 0.708323
702.500000000 3.78229 -6.32716 0 0 0 -0.705889 0.708323
702.600000000 3.78235 -6.34716 0 0 0 -0.705889 0.708323
702.700000000 3.78242 -6.36549 0 0 0 -0.705889 0.708323
702.800000000 3.78249 -6.38549 0 0 0 -0.705889 0.708323
702.900000000 3.78256 -6.40549 0 0 0 -0.705889 0.708323
703.000000000 3.78262 -6.42549 0 0 0 -0.705889 0.708323
703.100000000 3.7827 -6.44716 0 0 0 -0.705889 0.708323
703.200000000 3.78277 -6.46716 0 0 0 -0.705889 0.708323
703.300000000 3.78284 -6.48882 0 0 0 -0.705889 0.708323
703.400000000 3.78291 -6.50882 0 0 0 -0.705889 0.708323
703.500000000 3.78298 -6.52882 0 0 0 -0.705889 0.708323
703.600000000 3.78304 -6.54716 0 0 0 -0.705889 0.708323
703.700000000 3.78311 -6.56716 0 0 0 -0.705889 0.708323
703.800000000 3.78318 -6.58715 0 0 0 -0.705889 0.708323
703.900000000 3.78325 -6.60715 0 0 0 -0.705889 0.708323
704.000000000 3.78332 -6.62715 0 0 0 -0.705889 0.708323
704.100000000 3.78338 -6.64549 0 0 0 -0.705889 0.708323
704.200000000 3.78345 -6.66549 0 0 0 -0.705889 0.708323
704.300000000 3.78352 -6.68549 0 0 0 -0.705889 0.708323
704.400000000 3.78359 -6.70549 0 0 0 -0.705889 0.708323
704.500000000 3.78366 -6.72715 0 0 0 -0.705889 0.708323
704.600000000 3.78373 -6.74715 0 0 0 -0.705889 0.708323
704.700000000 3.7838 -6.76715 0 0 0 -0.705889 0.708323
704.800000000 3.78386 -6.78549 0 0 0 -0.705889 0.708323
704.900000000 3.78393 -6.80382 0 0 0 -0.705889 0.708323
705.000000000 3.784 -6.82382 0 0 0 -0.705889 0.708323
705.100000000 3.78406 -6.84382 0 0 0 -0.705889 0.708323
705.200000000 3.78413 -6.86382 0 0 0 -0.705889 0.708323
705.300000000 3.7842 -6.88382 0 0 0 -0.705889 0.708323
705.400000000 3.78427 -6.90382 0 0 0 -0.705889 0.708323
705.500000000 3.78434 -6.92382 0 0 0 -0.705889 0.708323
705.600000000 3.78441 -6.94382 0 0 0 -0.705889 0.708323
705.700000000 3.78448 -6.96549 0 0 0 -0.705889 0.708323
705.800000000 3.78455 -6.98549 0 0 0 -0.705889 0.708323
705.900000000 3.78462 -7.00549 0 0 0 -0.705889 0.708323
706.000000000 3.78468 -7.02382 0 0 0 -0.705889 0.708323
706.100000000 3.78475 -7.04215 0 0 0 -0.705889 0.708323
706.200000000 3.78482 -7.06215 0 0 0 -0.705889 0.708323
706.300000000 3.78488 -7.08049 0 0 0 -0.705889 0.708323
706.400000000 3.78495 -7.10049 0 0 0 -0.705889 0.708323
706.500000000 3.78501 -7.11882 0 0 0 -0.705889 0.708323
706.600000000 3.78508 -7.13882 0 0 0 -0.705889 0.708323
706.700000000 3.78515 -7.15882 0 0 0 -0.705889 0.708323
706.800000000 3.78522 -7.17882 0 0 0 -0.705889 0.708323
706.900000000 3.78529 -7.20048 0 0 0 -0.705889 0.708323
707.000000000 3.78536 -7.22048 0 0 0 -0.705889 0.708323
707.100000000 3.78543 -7.24048 0 0 0 -0.705889 0.708323
707.200000000 3.78549 -7.25882 0 0 0 -0.705889 0.708323
707.300000000 3.78556 -7.27882 0 0 0 -0.705889 0.708323
707.400000000 3.78563 -7.29882 0 0 0 -0.705889 0.708323
707.500000000 3.7857 -7.31882 0 0 0 -0.705889 0.708323
707.600000000 3.78577 -7.33882 0 0 0 -0.705889 0.708323
707.700000000 3.78584 -7.35882 0 0 0 -0.705889 0.708323
707.800000000 3.78591 -7.37882 0 0 0 -0.705889 0.708323
707.900000000 3.78597 -7.39715 0 0 0 -0.705889 0.708323
708.000000000 3.78604 -7.41715 0 0 0 -0.705889 0.708323
708.100000000 3.78611 -7.43715 0 0 0 -0.705889 0.708323
708.200000000 3.78618 -7.45715 0 0 0 -0.705889 0.708323
708.300000000 3.78624 -7.47715 0 0 0 -0.705889 0.708323
708.400000000 3.78631 -7.49548 0 0 0 -0.705889 0.708323
708.500000000 3.78637 -7.51382 0 0 0 -0.705889 0.708323
708.600000000 3.78644 -7.53382 0 0 0 -0.705889 0.708323
708.700000000 3.78651 -7.55382 0 0 0 -0.705889 0.708323
708.800000000 3.78658 -7.57382 0 0 0 -0.705889 0.708323
708.900000000 3.78665 -7.59382 0 0 0 -0.705889 0.708323
709.000000000 3.78671 -7.61382 0 0 0 -0.705889 0.708323
709.100000000 3.78678 -7.63382 0 0 0 -0.705889 0.708323
709.200000000 3.78685 -7.65382 0 0 0 -0.705889 0.708323
709.300000000 3.78692 -7.67382 0 0 0 -0.705889 0.708323
709.400000000 3.78698 -7.69215 0 0 0 -0.705889 0.708323
709.500000000 3.78705 -7.71215 0 0 0 -0.705889 0.708323
709.600000000 3.78712 -7.73048 0 0 0 -0.705889 0.708323
709.700000000 3.78719 -7.75048 0 0 0 -0.705889 0.708323
709.800000000 3.78725 -7.77048 0 0 0 -0.705889 0.708323
709.900000000 3.78732 -7.79048 0 0 0 -0.705889 0.708323
710.000000000 3.78739 -7.81048 0 0 0 -0.705889 0.708323
710.100000000 3.78746 -7.83048 0 0 0 -0.705889 0.708323
710.200000000 3.78753 -7.85048 0 0 0 -0.705889 0.708323
710.300000000 3.7876 -7.87048 0 0 0 -0.705889 0.708323
710.400000000 3.78767 -7.89048 0 0 0 -0.705889 0.708323
710.500000000 3.78774 -7.91048 0 0 0 -0.705889 0.708323
710.600000000 3.7878 -7.92881 0 0 0 -0.705889 0.708323
710.700000000 3.78787 -7.94881 0 0 0 -0.705889 0.708323
710.800000000 3.78794 -7.96881 0 0 0 -0.705889 0.708323
710.900000000 3.788 -7.98715 0 0 0 -0.705889 0.708323
711.000000000 3.78807 -8.00715 0 0 0 -0.705889 0.708323
711.100000000 3.78813 -8.02548 0 0 0 -0.705889 0.708323
711.200000000 3.7882 -8.04548 0 0 0 -0.705889 0.708323
711.300000000 3.78826 -8.06381 0 0 0 -0.705889 0.708323
711.400000000 3.78833 -8.08381 0 0 0 -0.705889 0.708323
711.500000000 3.78868 -8.10548 0 0 0 -0.705406 0.708804
711.600000000 3.78903 -8.12548 0 0 0 -0.70496 0.709247
711.700000000 3.7894 -8.14547 0 0 0 -0.704513 0.709691
711.800000000 3.78977 -8.16381 0 0 0 -0.704104 0.710097
711.900000000 3.79019 -8.1838 0 0 0 -0.703657 0.71054
712.000000000 3.79063 -8.2038 0 0 0 -0.70321 0.710982
712.100000000 3.7911 -8.22379 0 0 0 -0.702762 0.711425
712.200000000 3.7916 -8.24379 0 0 0 -0.702315 0.711867
712.300000000 3.79212 -8.26378 0 0 0 -0.701867 0.712308
712.400000000 3.79267 -8.28378 0 0 0 -0.701418 0.71275
712.500000000 3.79319 -8.30211 0 0 0 -0.701007 0.713154
712.600000000 3.79447 -8.33209 0 0 0 -0.699655 0.714481
712.700000000 3.79585 -8.36206 0 0 0 -0.698299 0.715806
712.800000000 3.79735 -8.39203 0 0 0 -0.696942 0.717128
712.900000000 3.79897 -8.422 0 0 0 -0.695582 0.718447
713.000000000 3.8007 -8.45196 0 0 0 -0.694219 0.719764
713.100000000 3.80244 -8.48191 0 0 0 -0.693026 0.720913
713.200000000 3.80418 -8.5102 0 0 0 -0.691898 0.721996
713.300000000 3.80962 -8.58502 0 0 0 -0.687838 0.725864
713.400000000 3.81589 -8.65978 0 0 0 -0.683756 0.72971
713.500000000 3.82274 -8.73448 0 0 0 -0.68012 0.7331
713.600000000 3.82954 -8.80918 0 0 0 -0.677948 0.73511
713.700000000 3.83732 -8.88379 0 0 0 -0.674767 0.738031
713.800000000 3.84009 -8.91366 0 0 0 -0.674593 0.73819
713.900000000 3.84828 -8.98822 0 0 0 -0.671896 0.740646
714.000000000 3.85029 -9.01482 0 0 0 -0.672985 0.739656
714.100000000 3.85825 -9.0894 0 0 0 -0.671318 0.741169
714.200000000 3.87032 -9.16351 0 0 0 -0.662553 0.749015
714.300000000 3.88447 -9.23676 0 0 0 -0.652948 0.757403
714.400000000 3.90016 -9.3102 0 0 0 -0.643993 0.765031
714.500000000 3.91788 -9.38267 0 0 0 -0.634185 0.773181
714.600000000 3.93744 -9.44356 0 0 0 -0.62004 0.78457
714.700000000 3.95916 -9.50285 0 0 0 -0.605355 0.795955
714.800000000 3.98306 -9.56129 0 0 0 -0.590462 0.807065
714.900000000 4.00913 -9.61879 0 0 0 -0.575365 0.817897
715.000000000 4.03731 -9.6753 0 0 0 -0.560069 0.828446
715.100000000 4.06757 -9.73071 0 0 0 -0.54458 0.838709
715.200000000 4.09986 -9.78496 0 0 0 -0.528902 0.848683
715.300000000 4.13416 -9.83798 0 0 0 -0.513043 0.858363
715.400000000 4.17039 -9.88968 0 0 0 -0.497006 0.867747
715.500000000 4.20853 -9.94 0 0 0 -0.480797 0.876832
715.600000000 4.25262 -10.0008 0 0 0 -0.470897 0.882188
715.700000000 4.29773 -10.0608 0 0 0 -0.461861 0.886952
715.800000000 4.34406 -10.1199 0 0 0 -0.452777 0.891624
715.900000000 4.39158 -10.178 0 0 0 -0.443645 0.896202
716.000000000 4.44028 -10.2351 0 0 0 -0.434468 0.900687
716.100000000 4.49014 -10.2912 0 0 0 -0.425245 0.905078
716.200000000 4.54113 -10.3463 0 0 0 -0.415977 0.909375
716.300000000 4.59324 -10.4003 0 0 0 -0.406666 0.913577
716.400000000 4.64644 -10.4533 0 0 0 -0.397313 0.917683
716.500000000 4.69882 -10.507 0 0 0 -0.393963 0.919126
716.600000000 4.7514 -10.5605 0 0 0 -0.391241 0.920288
716.700000000 4.80408 -10.6139 0 0 0 -0.389168 0.921167
716.800000000 4.85701 -10.667 0 0 0 -0.387092 0.922041
716.900000000 4.91018 -10.7199 0 0 0 -0.385015 0.92291
717.000000000 4.96358 -10.7726 0 0 0 -0.382936 0.923775
717.100000000 5.01722 -10.825 0 0 0 -0.380855 0.924635
717.200000000 5.07109 -10.8772 0 0 0 -0.378772 0.92549
717.300000000 5.1252 -10.9291 0 0 0 -0.376687 0.926341
717.400000000 5.17955 -10.9808 0 0 0 -0.3746 0.927186
717.500000000 5.2335 -11.0329 0 0 0 -0.3746 0.927186
717.600000000 5.28723 -11.0852 0 0 0 -0.375317 0.926896
717.700000000 5.34089 -11.1377 0 0 0 -0.376034 0.926606
717.800000000 5.39446 -11.1901 0 0 0 -0.37675 0.926315
717.900000000 5.44796 -11.2427 0 0 0 -0.377466 0.926023
718.000000000 5.50137 -11.2954 0 0 0 -0.378182 0.925731
718.100000000 5.5547 -11.3481 0 0 0 -0.378898 0.925438
718.200000000 5.60795 -11.4009 0 0 0 -0.379614 0.925145
718.300000000 5.66111 -11.4538 0 0 0 -0.380329 0.924851
718.400000000 5.7142 -11.5068 0 0 0 -0.381044 0.924557
718.500000000 5.7672 -11.5599 0 0 0 -0.381759 0.924262
718.600000000 5.82034 -11.6128 0 0 0 -0.381759 0.924262
718.700000000 5.87348 -11.6657 0 0 0 -0.381759 0.924262
718.800000000 5.92662 -11.7186 0 0 0 -0.381759 0.924262
718.900000000 5.97976 -11.7716 0 0 0 -0.381759 0.924262
719.000000000 6.0329 -11.8245 0 0 0 -0.381759 0.924262
719.100000000 6.08603 -11.8774 0 0 0 -0.381759 0.924262
719.200000000 6.13917 -11.9303 0 0 0 -0.381759 0.924262
719.300000000 6.19231 -11.9833 0 0 0 -0.381759 0.924262
719.400000000 6.24545 -12.0362 0 0 0 -0.381759 0.924262
719.500000000 6.29859 -12.0891 0 0 0 -0.381759 0.924262
719.600000000 6.35173 -12.1421 0 0 0 -0.381759 0.924262
719.700000000 6.40487 -12.195 0 0 0 -0.381759 0.924262
719.800000000 6.45801 -12.2479 0 0 0 -0.381759 0.924262
719.900000000 6.51115 -12.3008 0 0 0 -0.381759 0.924262
720.000000000 6.56429 -12.3538 0 0 0 -0.381759 0.924262
720.100000000 6.61392 -12.4101 0 0 0 -0.393063 0.919511
720.200000000 6.65621 -12.4636 0 0 0 -0.407724 0.913105
720.300000000 6.69751 -12.519 0 0 0 -0.421876 0.906654
720.400000000 6.73705 -12.5756 0 0 0 -0.435926 0.899983
720.500000000 6.77553 -12.6341 0 0 0 -0.449467 0.893297
720.600000000 6.81222 -12.6936 0 0 0 -0.462905 0.886408
720.700000000 6.84777 -12.755 0 0 0 -0.475836 0.879534
720.800000000 6.88086 -12.8166 0 0 0 -0.489064 0.872248
720.900000000 6.91334 -12.8806 0 0 0 -0.501384 0.865225
721.000000000 6.944 -12.9455 0 0 0 -0.513604 0.858027
721.100000000 6.97281 -13.0113 0 0 0 -0.52572 0.850658
721.200000000 6.99974 -13.0778 0 0 0 -0.53773 0.843117
721.300000000 7.02591 -13.1466 0 0 0 -0.548842 0.835926
721.400000000 7.05026 -13.2161 0 0 0 -0.559858 0.828588
721.500000000 7.07276 -13.2863 0 0 0 -0.570776 0.821106
721.600000000 7.09391 -13.3578 0 0 0 -0.5812 0.81376
721.700000000 7.11323 -13.4299 0 0 0 -0.59153 0.806283
721.800000000 7.13105 -13.5028 0 0 0 -0.601372 0.798969
721.900000000 7.14726 -13.5762 0 0 0 -0.610729 0.79184
722.000000000 7.16175 -13.6498 0 0 0 -0.620001 0.784601
722.100000000 7.1749 -13.7238 0 0 0 -0.628392 0.777897
722.200000000 7.17981 -13.7843 0 0 0 -0.643687 0.765288
722.300000000 7.17644 -13.8297 0 0 0 -0.664681 0.747127
722.400000000 7.16517 -13.8581 0 0 0 -0.691349 0.722521
722.500000000 7.14627 -13.8625 0 0 0 -0.725047 0.688699
722.600000000 7.12661 -13.8621 0 0 0 -0.758058 0.652187
722.700000000 7.10709 -13.8597 0 0 0 -0.789231 0.614096
722.800000000 7.08789 -13.8555 0 0 0 -0.818493 0.574516
722.900000000 7.0692 -13.8493 0 0 0 -0.845772 0.533545
723.000000000 7.05121 -13.8414 0 0 0 0.871001 -0.491281
723.100000000 7.03409 -13.8317 0 0 0 0.89412 -0.447827
723.200000000 7.018 -13.8204 0 0 0 0.915073 -0.403287
723.300000000 7.0031 -13.8075 0 0 0 0.933809 -0.357771
723.400000000 6.98953 -13.7933 0 0 0 0.950283 -0.311388
723.500000000 6.97743 -13.7778 0 0 0 0.964454 -0.26425
723.600000000 6.96692 -13.7612 0 0 0 0.976289 -0.216472
723.700000000 6.95808 -13.7436 0 0 0 0.985758 -0.16817
723.800000000 6.95102 -13.7253 0 0 0 0.992839 -0.11946
723.900000000 6.94579 -13.7063 0 0 0 0.997515 -0.0704611
724.000000000 6.94246 -13.6869 0 0 0 0.999773 -0.0212913
724.100000000 6.94104 -13.6673 0 0 0 0.99961 0.0279302
724.200000000 6.94156 -13.6476 0 0 0 0.997025 0.0770839
724.300000000 6.94402 -13.6281 0 0 0 0.992024 0.126051
724.400000000 6.94837 -13.6089 0 0 0 0.984619 0.174713
724.500000000 6.95459 -13.5903 0 0 0 0.97483 0.222951
724.600000000 6.96262 -13.5723 0 0 0 0.962678 0.270649
724.700000000 6.97237 -13.5553 0 0 0 0.948194 0.317692
724.800000000 6.98375 -13.5392 0 0 0 0.931413 0.363964
724.900000000 6.99665 -13.5244 0 0 0 0.912375 0.409355
725.000000000 7.01095 -13.5109 0 0 0 0.891127 0.453754
725.100000000 7.02651 -13.4988 0 0 0 0.867719 0.497054
725.200000000 7.04318 -13.4884 0 0 0 0.84221 0.53915
725.300000000 7.06079 -13.4796 0 0 0 0.81466 0.579939
725.400000000 7.07918 -13.4727 0 0 0 0.785136 0.619323
725.500000000 7.09816 -13.4675 0 0 0 0.75371 0.657207
725.600000000 7.10951 -13.4408 0 0 0 0.728714 0.684819
725.700000000 7.12112 -13.4085 0 0 0 0.705013 0.709195
725.800000000 7.13472 -13.3761 0 0 0 0.68082 0.732451
725.900000000 7.15047 -13.3447 0 0 0 0.655861 0.754882
726.000000000 7.16828 -13.3145 0 0 0 0.630163 0.776463
726.100000000 7.18808 -13.2855 0 0 0 0.603755 0.79717
726.200000000 7.20978 -13.2579 0 0 0 0.576668 0.816979
726.300000000 7.23328 -13.2319 0 0 0 0.548931 0.835868
726.400000000 7.25847 -13.2074 0 0 0 0.520576 0.853816
726.500000000 7.28525 -13.1848 0 0 0 0.491634 0.870802
726.600000000 7.31924 -13.1481 0 0 0 0.469366 0.883004
726.700000000 7.36148 -13.0979 0 0 0 0.454013 0.890995
726.800000000 7.40773 -13.0442 0 0 0 0.440916 0.897548
726.900000000 7.45595 -12.991 0 0 0 0.428144 0.903711
727.000000000 7.50566 -12.9392 0 0 0 0.415285 0.909691
727.100000000 7.55682 -12.8889 0 0 0 0.402343 0.915489
727.200000000 7.60939 -12.84 0 0 0 0.38932 0.921103
727.300000000 7.66332 -12.7926 0 0 0 0.376219 0.926531
727.400000000 7.71858 -12.7468 0 0 0 0.363042 0.931773
727.500000000 7.77511 -12.7026 0 0 0 0.349792 0.936828
727.600000000 7.83287 -12.6599 0 0 0 0.336471 0.941694
727.700000000 7.89182 -12.619 0 0 0 0.323083 0.946371
727.800000000 7.95191 -12.5797 0 0 0 0.30963 0.950857
727.900000000 8.01308 -12.5422 0 0 0 0.296115 0.955152
728.000000000 8.0753 -12.5064 0 0 0 0.28254 0.959256
728.100000000 8.12661 -12.4839 0 0 0 0.261138 0.965301
728.200000000 8.17765 -12.4647 0 0 0 0.238837 0.97106
728.300000000 8.22952 -12.448 0 0 0 0.21641 0.976303
728.400000000 8.2821 -12.4336 0 0 0 0.193868 0.981028
728.500000000 8.33529 -12.4217 0 0 0 0.171223 0.985232
728.600000000 8.39107 -12.411 0 0 0 0.149665 0.988737
728.700000000 8.44799 -12.4023 0 0 0 0.128432 0.991718
728.800000000 8.50523 -12.3961 0 0 0 0.107139 0.994244
728.900000000 8.56268 -12.3924 0 0 0 0.0857978 0.996313
729.000000000 8.62024 -12.3911 0 0 0 0.0644168 0.997923
729.100000000 8.6778 -12.3923 0 0 0 0.0430062 0.999075
729.200000000 8.73526 -12.3959 0 0 0 0.0215758 0.999767
729.300000000 8.79251 -12.402 0 0 0 0.000135527 1
729.400000000 8.84944 -12.4106 0 0 0 -0.0213048 0.999773
729.500000000 8.90596 -12.4216 0 0 0 -0.0427354 0.999086
729.600000000 8.97968 -12.433 0 0 0 -0.0554726 0.99846
729.700000000 9.05364 -12.446 0 0 0 -0.0672135 0.997739
729.800000000 9.12728 -12.4607 0 0 0 -0.0789452 0.996879
729.900000000 9.20055 -12.4771 0 0 0 -0.0906659 0.995881
730.000000000 9.27341 -12.4953 0 0 0 -0.102374 0.994746
730.100000000 9.34583 -12.5152 0 0 0 -0.114068 0.993473
730.200000000 9.41775 -12.5367 0 0 0 -0.125746 0.992062
730.300000000 9.48915 -12.56 0 0 0 -0.137407 0.990515
730.400000000 9.55999 -12.5849 0 0 0 -0.149049 0.98883
730.500000000 9.63022 -12.6115 0 0 0 -0.16067 0.987008
730.600000000 9.70144 -12.635 0 0 0 -0.159907 0.987132
730.700000000 9.77306 -12.6573 0 0 0 -0.156305 0.987709
730.800000000 9.84492 -12.6788 0 0 0 -0.152038 0.988375
730.900000000 9.91697 -12.6997 0 0 0 -0.147769 0.989022
731.000000000 9.98919 -12.72 0 0 0 -0.143497 0.989651
731.100000000 10.0616 -12.7396 0 0 0 -0.139222 0.990261
731.200000000 10.1341 -12.7586 0 0 0 -0.134944 0.990853
731.300000000 10.2069 -12.777 0 0 0 -0.130664 0.991427
731.400000000 10.2797 -12.7948 0 0 0 -0.126382 0.991982
731.500000000 10.3529 -12.8114 0 0 0 -0.120817 0.992675
731.600000000 10.4262 -12.8272 0 0 0 -0.115248 0.993337
731.700000000 10.4997 -12.8422 0 0 0 -0.109676 0.993967
731.800000000 10.5734 -12.8564 0 0 0 -0.1041 0.994567
731.900000000 10.6472 -12.8697 0 0 0 -0.0985208 0.995135
732.000000000 10.7212 -12.8822 0 0 0 -0.0929386 0.995672
732.100000000 10.7953 -12.8939 0 0 0 -0.0873534 0.996177
732.200000000 10.8696 -12.9047 0 0 0 -0.0817655 0.996652
732.300000000 10.9439 -12.9147 0 0 0 -0.076175 0.997094
732.400000000 11.0184 -12.9239 0 0 0 -0.0705821 0.997506
732.500000000 11.0929 -12.9322 0 0 0 -0.064987 0.997886
732.600000000 11.1676 -12.9392 0 0 0 -0.0581636 0.998307
732.700000000 11.2424 -12.9452 0 0 0 -0.0513374 0.998681
732.800000000 11.3173 -12.9502 0 0 0 -0.0445088 0.999009
732.900000000 11.3922 -12.9542 0 0 0 -0.0376782 0.99929
733.000000000 11.4672 -12.9571 0 0 0 -0.0308458 0.999524
733.100000000 11.5422 -12.959 0 0 0 -0.0240119 0.999712
733.200000000 11.6172 -12.9598 0 0 0 -0.0171769 0.999852
733.300000000 11.6923 -12.9597 0 0 0 -0.0103412 0.999947
733.400000000 11.7673 -12.9585 0 0 0 -0.0035049 0.999994
733.500000000 11.8423 -12.9563 0 0 0 0.00333153 0.999994
733.600000000 11.9172 -12.953 0 0 0 0.0101678 0.999948
733.700000000 11.9921 -12.9488 0 0 0 0.0170036 0.999855
733.800000000 12.067 -12.9435 0 0 0 0.0238386 0.999716
733.900000000 12.1418 -12.9372 0 0 0 0.0306725 0.999529
734.000000000 12.2164 -12.9299 0 0 0 0.0375049 0.999296
734.100000000 12.2912 -12.9239 0 0 0 0.0382777 0.999267
734.200000000 12.366 -12.9182 0 0 0 0.0382777 0.999267
734.300000000 12.4408 -12.9125 0 0 0 0.0382777 0.999267
734.400000000 12.5155 -12.9067 0 0 0 0.0382777 0.999267
734.500000000 12.5903 -12.901 0 0 0 0.0382777 0.999267
734.600000000 12.6652 -12.8964 0 0 0 0.0353201 0.999376
734.700000000 12.7401 -12.8926 0 0 0 0.0316742 0.999498
734.800000000 12.815 -12.8893 0 0 0 0.0280279 0.999607
734.900000000 12.89 -12.8866 0 0 0 0.0243811 0.999703
735.000000000 12.965 -12.8844 0 0 0 0.0207341 0.999785
735.100000000 13.04 -12.8827 0 0 0 0.0170867 0.999854
735.200000000 13.115 -12.8816 0 0 0 0.0134392 0.99991
735.300000000 13.19 -12.8811 0 0 0 0.00979146 0.999952
735.400000000 13.265 -12.881 0 0 0 0.00614359 0.999981
735.500000000 13.34 -12.8816 0 0 0 0.00249565 0.999997
735.600000000 13.415 -12.8815 0 0 0 0.00172233 0.999999
735.700000000 13.49 -12.8816 0 0 0 0.00094902 1
735.800000000 13.565 -12.8817 0 0 0 0.000175705 1
735.900000000 13.64 -12.882 0 0 0 -0.000597609 1
736.000000000 13.715 -12.8824 0 0 0 -0.00137092 0.999999
736.100000000 13.79 -12.8829 0 0 0 -0.00214424 0.999998
736.200000000 13.865 -12.8836 0 0 0 -0.00291755 0.999996
736.300000000 13.94 -12.8843 0 0 0 -0.00369086 0.999993
736.400000000 14.015 -12.8852 0 0 0 -0.00446417 0.99999
736.500000000 14.09 -12.8858 0 0 0 -0.00446417 0.99999
736.600000000 14.165 -12.8862 0 0 0 -0.00369086 0.999993
736.700000000 14.24 -12.8864 0 0 0 -0.00291755 0.999996
736.800000000 14.315 -12.8866 0 0 0 -0.00214424 0.999998
736.900000000 14.39 -12.8866 0 0 0 -0.00137092 0.999999
737.000000000 14.465 -12.8865 0 0 0 -0.000597609 1
737.100000000 14.54 -12.8863 0 0 0 0.000175705 1
737.200000000 14.615 -12.8859 0 0 0 0.00094902 1
737.300000000 14.69 -12.8855 0 0 0 0.00172233 0.999999
737.400000000 14.765 -12.8849 0 0 0 0.00249565 0.999997
737.500000000 14.84 -12.8842 0 0 0 0.00326896 0.999995
737.600000000 14.915 -12.8837 0 0 0 0.00326896 0.999995
737.700000000 14.99 -12.8832 0 0 0 0.00326896 0.999995
737.800000000 15.065 -12.8828 0 0 0 0.00326896 0.999995
737.900000000 15.14 -12.8823 0 0 0 0.00326896 0.999995
738.000000000 15.2149 -12.8818 0 0 0 0.00326896 0.999995
738.100000000 15.2899 -12.8813 0 0 0 0.00326896 0.999995
738.200000000 15.3649 -12.8857 0 0 0 -0.00899278 0.99996
738.300000000 15.4309 -12.8936 0 0 0 -0.025867 0.999665
738.400000000 15.4966 -12.9038 0 0 0 -0.0427339 0.999086
738.500000000 15.5619 -12.9162 0 0 0 -0.0595886 0.998223
738.600000000 15.6277 -12.9307 0 0 0 -0.0759912 0.997108
738.700000000 15.6929 -12.9473 0 0 0 -0.0923732 0.995724
738.800000000 15.7567 -12.9661 0 0 0 -0.109164 0.994024
738.900000000 15.8198 -12.9871 0 0 0 -0.125924 0.99204
739.000000000 15.8821 -13.0101 0 0 0 -0.142648 0.989774
739.100000000 15.9437 -13.0353 0 0 0 -0.159331 0.987225
739.200000000 16.0043 -13.0625 0 0 0 -0.175969 0.984396
739.300000000 16.064 -13.0917 0 0 0 -0.192557 0.981286
739.400000000 16.1063 -13.1198 0 0 0 -0.217026 0.976166
739.500000000 16.1309 -13.1459 0 0 0 -0.249235 0.968443
739.600000000 16.1339 -13.1672 0 0 0 -0.290791 0.956787
739.700000000 16.1234 -13.1839 0 0 0 -0.337519 0.941319
739.800000000 16.1113 -13.1994 0 0 0 -0.38343 0.92357
739.900000000 16.0978 -13.2137 0 0 0 -0.428411 0.903584
740.000000000 16.083 -13.2266 0 0 0 -0.472355 0.881409
740.100000000 16.0669 -13.238 0 0 0 -0.515154 0.857098
740.200000000 16.0498 -13.2477 0 0 0 -0.556705 0.83071
740.300000000 16.0319 -13.2557 0 0 0 -0.596907 0.80231
740.400000000 16.0132 -13.2619 0 0 0 -0.635663 0.771967
740.500000000 15.994 -13.2663 0 0 0 -0.672879 0.739752
740.600000000 15.9745 -13.2687 0 0 0 -0.708465 0.705746
740.700000000 15.9549 -13.2692 0 0 0 -0.742334 0.67003
740.800000000 15.9352 -13.2678 0 0 0 -0.774405 0.63269
740.900000000 15.9159 -13.2644 0 0 0 -0.804599 0.593818
741.000000000 15.8969 -13.2592 0 0 0 -0.832845 0.553507
741.100000000 15.8786 -13.2521 0 0 0 -0.859072 0.511855
741.200000000 15.861 -13.2432 0 0 0 0.883218 -0.468962
741.300000000 15.8444 -13.2327 0 0 0 0.905224 -0.424934
741.400000000 15.8289 -13.2206 0 0 0 0.925037 -0.379876
741.500000000 15.8147 -13.207 0 0 0 0.942609 -0.333898
741.600000000 15.8018 -13.1921 0 0 0 0.957897 -0.28711
741.700000000 15.7905 -13.176 0 0 0 0.970865 -0.239628
741.800000000 15.7809 -13.1589 0 0 0 0.98148 -0.191564
741.900000000 15.773 -13.1409 0 0 0 0.989717 -0.143037
742.000000000 15.7668 -13.1222 0 0 0 0.995557 -0.0941625
742.100000000 15.7626 -13.103 0 0 0 0.998984 -0.0450602
742.200000000 15.7602 -13.0835 0 0 0 0.999991 0.00415118
742.300000000 15.7598 -13.0638 0 0 0 0.998576 0.0533525
742.400000000 15.7613 -13.0442 0 0 0 0.994741 0.102425
742.500000000 15.7648 -13.0248 0 0 0 0.988496 0.151249
742.600000000 15.7454 -13.0032 0 0 0 0.982178 0.187954
742.700000000 15.7101 -12.9768 0 0 0 0.97641 0.215923
742.800000000 15.6605 -12.9447 0 0 0 0.971747 0.236025
742.900000000 15.6098 -12.9098 0 0 0 0.966982 0.254843
743.000000000 15.5605 -12.8729 0 0 0 0.961854 0.273565
743.100000000 15.5127 -12.8342 0 0 0 0.956362 0.292183
743.200000000 15.4665 -12.7937 0 0 0 0.950511 0.310692
743.300000000 15.4218 -12.7514 0 0 0 0.944301 0.329083
743.400000000 15.3788 -12.7074 0 0 0 0.937735 0.347351
743.500000000 15.3376 -12.6617 0 0 0 0.930816 0.365487
743.600000000 15.2981 -12.6145 0 0 0 0.923547 0.383486
743.700000000 15.2598 -12.5653 0 0 0 0.916095 0.400962
743.800000000 15.2241 -12.5152 0 0 0 0.908139 0.418668
743.900000000 15.1904 -12.4638 0 0 0 0.899842 0.436217
744.000000000 15.1587 -12.4111 0 0 0 0.891205 0.453601
744.100000000 15.1291 -12.3572 0 0 0 0.882232 0.470814
744.200000000 15.1016 -12.3021 0 0 0 0.872927 0.48785
744.300000000 15.0762 -12.2461 0 0 0 0.863293 0.504702
744.400000000 15.053 -12.1891 0 0 0 0.853334 0.521364
744.500000000 15.0315 -12.1306 0 0 0 0.843276 0.537481
744.600000000 15.0128 -12.072 0 0 0 0.832684 0.553748
744.700000000 14.9959 -12.012 0 0 0 0.822014 0.569467
744.800000000 14.9817 -11.9522 0 0 0 0.810806 0.585315
744.900000000 14.9699 -11.8918 0 0 0 0.799292 0.600943
745.000000000 14.9604 -11.831 0 0 0 0.787476 0.616345
745.100000000 14.9507 -11.7644 0 0 0 0.777237 0.629207
745.200000000 14.9428 -11.6966 0 0 0 0.767071 0.641562
745.300000000 14.9371 -11.6287 0 0 0 0.756709 0.653752
745.400000000 14.9336 -11.5606 0 0 0 0.746153 0.665775
745.500000000 14.9322 -11.4924 0 0 0 0.735406 0.677627
745.600000000 14.9343 -11.4285 0 0 0 0.722979 0.69087
745.700000000 14.9386 -11.3646 0 0 0 0.710314 0.703885
745.800000000 14.9453 -11.301 0 0 0 0.697414 0.716668
745.900000000 14.9543 -11.2377 0 0 0 0.684285 0.729215
746.000000000 14.9656 -11.1747 0 0 0 0.67093 0.741521
746.100000000 14.9792 -11.1122 0 0 0 0.657353 0.753583
746.200000000 14.995 -11.0503 0 0 0 0.64356 0.765396
746.300000000 15.013 -10.9889 0 0 0 0.629554 0.776957
746.400000000 15.0333 -10.9283 0 0 0 0.615341 0.788261
746.500000000 15.0558 -10.8684 0 0 0 0.600925 0.799305
746.600000000 15.0809 -10.804 0 0 0 0.588421 0.808555
746.700000000 15.1079 -10.7405 0 0 0 0.575775 0.817608
746.800000000 15.137 -10.6778 0 0 0 0.562989 0.826464
746.900000000 15.168 -10.616 0 0 0 0.550067 0.83512
747.000000000 15.2008 -10.5553 0 0 0 0.537012 0.843574
747.100000000 15.2356 -10.4956 0 0 0 0.523827 0.851824
747.200000000 15.2722 -10.437 0 0 0 0.510516 0.859868
747.300000000 15.3106 -10.3796 0 0 0 0.497081 0.867704
747.400000000 15.3507 -10.3234 0 0 0 0.483526 0.87533
747.500000000 15.3926 -10.2685 0 0 0 0.469854 0.882744
747.600000000 15.4381 -10.2087 0 0 0 0.460346 0.88774
747.700000000 15.4846 -10.1498 0 0 0 0.451254 0.892396
747.800000000 15.5323 -10.0918 0 0 0 0.442114 0.896959
747.900000000 15.5812 -10.0349 0 0 0 0.432929 0.901428
748.000000000 15.6313 -9.9789 0 0 0 0.423698 0.905803
748.100000000 15.6824 -9.92399 0 0 0 0.414424 0.910084
748.200000000 15.7347 -9.87013 0 0 0 0.405106 0.91427
748.300000000 15.7881 -9.81735 0 0 0 0.395745 0.91836
748.400000000 15.8426 -9.76567 0 0 0 0.386344 0.922355
748.500000000 15.8981 -9.71511 0 0 0 0.376902 0.926253
748.600000000 15.9522 -9.66318 0 0 0 0.37549 0.926826
748.700000000 16.0062 -9.6112 0 0 0 0.374774 0.927116
748.800000000 16.0604 -9.5593 0 0 0 0.374056 0.927406
748.900000000 16.1146 -9.50749 0 0 0 0.373339 0.927695
749.000000000 16.1689 -9.45576 0 0 0 0.372622 0.927983
749.100000000 16.2233 -9.40412 0 0 0 0.371904 0.928271
749.200000000 16.2778 -9.35256 0 0 0 0.371186 0.928559
749.300000000 16.3323 -9.30108 0 0 0 0.370468 0.928845
749.400000000 16.3869 -9.24969 0 0 0 0.369749 0.929132
749.500000000 16.4416 -9.19838 0 0 0 0.369031 0.929417
749.600000000 16.4958 -9.14649 0 0 0 0.370446 0.928854
749.700000000 16.5498 -9.09444 0 0 0 0.371861 0.928288
749.800000000 16.6036 -9.04222 0 0 0 0.373275 0.927721
749.900000000 16.6573 -8.98984 0 0 0 0.374688 0.927151
750.000000000 16.7108 -8.93729 0 0 0 0.3761 0.926579
750.100000000 16.7642 -8.88458 0 0 0 0.377511 0.926005
750.200000000 16.8174 -8.83171 0 0 0 0.378921 0.925429
750.300000000 16.8704 -8.77868 0 0 0 0.38033 0.924851
750.400000000 16.9233 -8.72548 0 0 0 0.381739 0.92427
750.500000000 16.976 -8.67213 0 0 0 0.383147 0.923688
750.600000000 17.0285 -8.61861 0 0 0 0.384553 0.923103
750.700000000 17.0809 -8.56493 0 0 0 0.385959 0.922516
750.800000000 17.1332 -8.5111 0 0 0 0.387364 0.921927
750.900000000 17.1852 -8.45711 0 0 0 0.388768 0.921336
751.000000000 17.2371 -8.40295 0 0 0 0.390171 0.920742
751.100000000 17.2844 -8.34649 0 0 0 0.402324 0.915498
751.200000000 17.3159 -8.29924 0 0 0 0.422222 0.906492
751.300000000 17.3326 -8.26088 0 0 0 0.449016 0.893524
751.400000000 17.3333 -8.23406 0 0 0 0.483289 0.875461
751.500000000 17.3256 -8.21393 0 0 0 0.520615 0.853791
751.600000000 17.3154 -8.19553 0 0 0 0.557476 0.830193
751.700000000 17.3036 -8.17809 0 0 0 0.593268 0.805005
751.800000000 17.2904 -8.16174 0 0 0 0.627924 0.778274
751.900000000 17.2758 -8.14662 0 0 0 0.661377 0.750053
752.000000000 17.2599 -8.13283 0 0 0 0.693564 0.720395
752.100000000 17.2428 -8.12048 0 0 0 0.724421 0.689357
752.200000000 17.2248 -8.10967 0 0 0 0.753892 0.656999
752.300000000 17.2059 -8.10047 0 0 0 0.781918 0.623382
752.400000000 17.1862 -8.09297 0 0 0 0.808446 0.588571
752.500000000 17.166 -8.08721 0 0 0 0.833425 0.552632
752.600000000 17.141 -8.06256 0 0 0 0.851498 0.524357
752.700000000 17.1099 -8.02341 0 0 0 0.864537 0.502569
752.800000000 17.0732 -7.97502 0 0 0 0.874329 0.485333
752.900000000 17.0344 -7.92734 0 0 0 0.883585 0.468271
753.000000000 16.9937 -7.8812 0 0 0 0.892508 0.451032
753.100000000 16.9512 -7.83667 0 0 0 0.901095 0.433622
753.200000000 16.9071 -7.79382 0 0 0 0.909342 0.41605
753.300000000 16.8613 -7.75272 0 0 0 0.917246 0.398321
753.400000000 16.814 -7.71343 0 0 0 0.924805 0.380441
753.500000000 16.7652 -7.67601 0 0 0 0.932015 0.362419
753.600000000 16.7071 -7.62838 0 0 0 0.935669 0.352879
753.700000000 16.65 -7.57974 0 0 0 0.936709 0.350109
753.800000000 16.5928 -7.53123 0 0 0 0.937495 0.347998
753.900000000 16.5356 -7.48276 0 0 0 0.938024 0.34657
754.000000000 16.4782 -7.43446 0 0 0 0.938551 0.34514
754.100000000 16.4207 -7.38633 0 0 0 0.939076 0.34371
754.200000000 16.363 -7.33838 0 0 0 0.939598 0.342279
754.300000000 16.3052 -7.29061 0 0 0 0.940119 0.340847
754.400000000 16.2472 -7.24301 0 0 0 0.940637 0.339415
754.500000000 16.1905 -7.194 0 0 0 0.939392 0.342844
754.600000000 16.1342 -7.14438 0 0 0 0.937903 0.346897
754.700000000 16.0784 -7.09427 0 0 0 0.936396 0.350944
754.800000000 16.023 -7.04368 0 0 0 0.934872 0.354984
754.900000000 15.9681 -6.99261 0 0 0 0.933331 0.359018
755.000000000 15.9136 -6.94107 0 0 0 0.931772 0.363045
755.100000000 15.8595 -6.88906 0 0 0 0.930195 0.367065
755.200000000 15.8059 -6.83659 0 0 0 0.928602 0.371078
755.300000000 15.7527 -6.78366 0 0 0 0.926991 0.375085
755.400000000 15.7001 -6.73026 0 0 0 0.925362 0.379084
755.500000000 15.6478 -6.67642 0 0 0 0.923717 0.383077
755.600000000 15.5953 -6.62291 0 0 0 0.923132 0.384483
755.700000000 15.5427 -6.56945 0 0 0 0.922834 0.385197
755.800000000 15.4901 -6.51592 0 0 0 0.922536 0.385911
755.900000000 15.4377 -6.4623 0 0 0 0.922237 0.386624
756.000000000 15.3853 -6.4086 0 0 0 0.921938 0.387337
756.100000000 15.3331 -6.35481 0 0 0 0.921638 0.38805
756.200000000 15.2809 -6.30095 0 0 0 0.921338 0.388762
756.300000000 15.2288 -6.24701 0 0 0 0.921037 0.389475
756.400000000 15.1767 -6.19299 0 0 0 0.920736 0.390187
756.500000000 15.1248 -6.13888 0 0 0 0.920434 0.390899
756.600000000 15.0729 -6.0847 0 0 0 0.920131 0.391611
756.700000000 15.0212 -6.03043 0 0 0 0.919828 0.392322
756.800000000 14.9695 -5.97609 0 0 0 0.919524 0.393033
756.900000000 14.9179 -5.92167 0 0 0 0.91922 0.393744
757.000000000 14.8664 -5.86716 0 0 0 0.918915 0.394455
757.100000000 14.8145 -5.813 0 0 0 0.91922 0.393744
757.200000000 14.7625 -5.75893 0 0 0 0.919524 0.393033
757.300000000 14.7105 -5.70493 0 0 0 0.919828 0.392322
757.400000000 14.6583 -5.65102 0 0 0 0.920131 0.391611
757.500000000 14.6061 -5.59718 0 0 0 0.920434 0.390899
757.600000000 14.5538 -5.54343 0 0 0 0.920736 0.390187
757.700000000 14.5014 -5.48975 0 0 0 0.921037 0.389475
757.800000000 14.4489 -5.43616 0 0 0 0.921338 0.388762
757.900000000 14.3964 -5.38265 0 0 0 0.921638 0.38805
758.000000000 14.3438 -5.32922 0 0 0 0.921938 0.387337
758.100000000 14.291 -5.27587 0 0 0 0.922237 0.386624
758.200000000 14.2382 -5.2226 0 0 0 0.922536 0.385911
758.300000000 14.1854 -5.16942 0 0 0 0.922834 0.385197
758.400000000 14.1324 -5.11631 0 0 0 0.923132 0.384483
758.500000000 14.0794 -5.06329 0 0 0 0.923429 0.383769
758.600000000 14.0264 -5.01014 0 0 0 0.923429 0.383769
758.700000000 13.9735 -4.95698 0 0 0 0.923429 0.383769
758.800000000 13.9206 -4.90382 0 0 0 0.923429 0.383769
758.900000000 13.8677 -4.85066 0 0 0 0.923429 0.383769
759.000000000 13.8148 -4.79751 0 0 0 0.923429 0.383769
759.100000000 13.7619 -4.74435 0 0 0 0.923429 0.383769
759.200000000 13.709 -4.69119 0 0 0 0.923429 0.383769
759.300000000 13.6573 -4.63682 0 0 0 0.921763 0.387753
759.400000000 13.6061 -4.582 0 0 0 0.92008 0.39173
759.500000000 13.5556 -4.52657 0 0 0 0.918121 0.396299
759.600000000 13.5056 -4.47064 0 0 0 0.91614 0.400858
759.700000000 13.4562 -4.41421 0 0 0 0.914136 0.405408
759.800000000 13.4073 -4.35729 0 0 0 0.912109 0.409947
759.900000000 13.359 -4.29989 0 0 0 0.91006 0.414476
760.000000000 13.3115 -4.24185 0 0 0 0.907721 0.419573
760.100000000 13.2646 -4.18327 0 0 0 0.905354 0.424657
760.200000000 13.2184 -4.12418 0 0 0 0.902958 0.429728
760.300000000 13.1728 -4.06457 0 0 0 0.900534 0.434785
760.400000000 13.1279 -4.00446 0 0 0 0.898082 0.439828
760.500000000 13.0837 -3.94384 0 0 0 0.895601 0.444858
760.600000000 13.0402 -3.88273 0 0 0 0.893092 0.449873
760.700000000 12.9974 -3.82114 0 0 0 0.890555 0.454875
760.800000000 12.9552 -3.75907 0 0 0 0.887991 0.459862
760.900000000 12.914 -3.69639 0 0 0 0.885109 0.465384
761.000000000 12.8736 -3.63321 0 0 0 0.882192 0.470889
761.100000000 12.8339 -3.56952 0 0 0 0.879242 0.476376
761.200000000 12.795 -3.50535 0 0 0 0.876257 0.481843
761.300000000 12.757 -3.44069 0 0 0 0.873239 0.487293
761.400000000 12.7197 -3.37557 0 0 0 0.870186 0.492723
761.500000000 12.6833 -3.30999 0 0 0 0.8671 0.498134
761.600000000 12.6477 -3.24395 0 0 0 0.86398 0.503526
761.700000000 12.6129 -3.17748 0 0 0 0.860827 0.508898
761.800000000 12.5789 -3.11058 0 0 0 0.85764 0.514251
761.900000000 12.5456 -3.04338 0 0 0 0.854742 0.519053
762.000000000 12.513 -2.97581 0 0 0 0.851818 0.523838
762.100000000 12.4811 -2.90788 0 0 0 0.848867 0.528607
762.200000000 12.4503 -2.83949 0 0 0 0.845558 0.533884
762.300000000 12.4203 -2.77071 0 0 0 0.842215 0.539141
762.400000000 12.3909 -2.70168 0 0 0 0.839179 0.543856
762.500000000 12.3624 -2.63231 0 0 0 0.836116 0.548553
762.600000000 12.3346 -2.56263 0 0 0 0.833026 0.553234
762.700000000 12.3075 -2.49264 0 0 0 0.82991 0.557897
762.800000000 12.2813 -2.42236 0 0 0 0.826769 0.562542
762.900000000 12.2559 -2.35178 0 0 0 0.823601 0.56717
763.000000000 12.2312 -2.28093 0 0 0 0.820407 0.571779
763.100000000 12.2076 -2.20972 0 0 0 0.81683 0.576879
763.200000000 12.1849 -2.13821 0 0 0 0.81322 0.581956
763.300000000 12.163 -2.06644 0 0 0 0.809579 0.587011
763.400000000 12.1419 -1.99447 0 0 0 0.806274 0.591542
763.500000000 12.1215 -1.92226 0 0 0 0.802944 0.596054
763.600000000 12.1019 -1.84984 0 0 0 0.799589 0.600547
763.700000000 12.0832 -1.77719 0 0 0 0.796209 0.605022
763.800000000 12.0653 -1.70435 0 0 0 0.792803 0.609478
763.900000000 12.0482 -1.6313 0 0 0 0.789373 0.613914
764.000000000 12.0316 -1.55813 0 0 0 0.786311 0.617831
764.100000000 12.0161 -1.48474 0 0 0 0.782834 0.622231
764.200000000 12.0013 -1.41118 0 0 0 0.779332 0.626611
764.300000000 11.9872 -1.33752 0 0 0 0.776208 0.630477
764.400000000 11.9737 -1.26371 0 0 0 0.773064 0.634328
764.500000000 11.961 -1.18978 0 0 0 0.769901 0.638164
764.600000000 11.9496 -1.11563 0 0 0 0.765911 0.642947
764.700000000 11.939 -1.04135 0 0 0 0.76189 0.647706
764.800000000 11.9294 -0.96694 0 0 0 0.757841 0.652439
764.900000000 11.9208 -0.892418 0 0 0 0.753762 0.657148
765.000000000 11.913 -0.817794 0 0 0 0.749654 0.66183
765.100000000 11.9062 -0.743079 0 0 0 0.745516 0.666488
765.200000000 11.9003 -0.668285 0 0 0 0.74135 0.671119
765.300000000 11.8953 -0.593423 0 0 0 0.737155 0.675724
765.400000000 11.8913 -0.518505 0 0 0 0.732931 0.680303
765.500000000 11.8882 -0.443543 0 0 0 0.728679 0.684855
765.600000000 11.8861 -0.368548 0 0 0 0.724399 0.689381
765.700000000 11.8848 -0.293532 0 0 0 0.72009 0.693881
765.800000000 11.8845 -0.218507 0 0 0 0.715754 0.698353
765.900000000 11.8852 -0.143484 0 0 0 0.711389 0.702798
766.000000000 11.8868 -0.0684746 0 0 0 0.706998 0.707216
766.100000000 11.8893 0.00650914 0 0 0 0.702578 0.711606
766.200000000 11.8927 0.0814557 0 0 0 0.698132 0.715969
766.300000000 11.8971 0.156353 0 0 0 0.693658 0.720304
766.400000000 11.9024 0.231191 0 0 0 0.689158 0.724611
766.500000000 11.9087 0.305956 0 0 0 0.68463 0.72889
766.600000000 11.9143 0.380751 0 0 0 0.682987 0.73043
766.700000000 11.9199 0.45554 0 0 0 0.681874 0.73147
766.800000000 11.9258 0.530312 0 0 0 0.680759 0.732508
766.900000000 11.9319 0.605066 0 0 0 0.679642 0.733544
767.000000000 11.9382 0.679801 0 0 0 0.678524 0.734579
767.100000000 11.9447 0.754516 0 0 0 0.677404 0.735611
767.200000000 11.9515 0.829211 0 0 0 0.676282 0.736643
767.300000000 11.9585 0.903884 0 0 0 0.675159 0.737672
767.400000000 11.9657 0.978537 0 0 0 0.674035 0.7387
767.500000000 11.9732 1.05317 0 0 0 0.672909 0.739726
767.600000000 11.9758 1.12821 0 0 0 0.681192 0.732105
767.700000000 11.9755 1.20091 0 0 0 0.691166 0.722696
767.800000000 11.9733 1.27359 0 0 0 0.701011 0.713151
767.900000000 11.9691 1.34617 0 0 0 0.710723 0.703472
768.000000000 11.9628 1.41861 0 0 0 0.720302 0.69366
768.100000000 11.9546 1.49085 0 0 0 0.729746 0.683718
768.200000000 11.9444 1.56284 0 0 0 0.739052 0.673648
768.300000000 11.9323 1.63453 0 0 0 0.748219 0.663451
768.400000000 11.9181 1.70585 0 0 0 0.757246 0.65313
768.500000000 11.9021 1.77676 0 0 0 0.76613 0.642685
768.600000000 11.8841 1.8472 0 0 0 0.774871 0.63212
768.700000000 11.8641 1.91712 0 0 0 0.783465 0.621436
768.800000000 11.8423 1.98647 0 0 0 0.791912 0.610635
768.900000000 11.8186 2.0552 0 0 0 0.800211 0.599719
769.000000000 11.7929 2.12324 0 0 0 0.808359 0.58869
769.100000000 11.7675 2.17317 0 0 0 0.82125 0.570568
769.200000000 11.741 2.21471 0 0 0 0.835688 0.549204
769.300000000 11.7126 2.25403 0 0 0 0.849778 0.527141
769.400000000 11.6822 2.29182 0 0 0 0.863285 0.504717
769.500000000 11.6504 2.32642 0 0 0 0.87658 0.481256
769.600000000 11.6167 2.35926 0 0 0 0.889238 0.457444
769.700000000 11.5813 2.39023 0 0 0 0.90125 0.4333
769.800000000 11.5443 2.41924 0 0 0 0.912606 0.408841
769.900000000 11.5058 2.44622 0 0 0 0.923298 0.384085
770.000000000 11.4659 2.47109 0 0 0 0.933319 0.359049
770.100000000 11.4184 2.50222 0 0 0 0.940938 0.33858
770.200000000 11.3701 2.53062 0 0 0 0.948234 0.317571
770.300000000 11.32 2.55745 0 0 0 0.954944 0.296786
770.400000000 11.2688 2.58207 0 0 0 0.961198 0.275859
770.500000000 11.2166 2.60442 0 0 0 0.966994 0.254801
770.600000000 11.1557 2.63114 0 0 0 0.971156 0.238445
770.700000000 11.0926 2.65692 0 0 0 0.974846 0.222878
770.800000000 11.0294 2.68011 0 0 0 0.978379 0.206821
770.900000000 10.9647 2.70174 0 0 0 0.981562 0.191142
771.000000000 10.8993 2.72129 0 0 0 0.984495 0.175413
771.100000000 10.8326 2.73921 0 0 0 0.987104 0.160081
771.200000000 10.7654 2.75505 0 0 0 0.989474 0.144709
771.300000000 10.6977 2.76879 0 0 0 0.991605 0.129303
771.400000000 10.6279 2.78124 0 0 0 0.993392 0.114768
771.500000000 10.557 2.79204 0 0 0 0.99492 0.100669
771.600000000 10.4857 2.80081 0 0 0 0.996248 0.0865497
771.700000000 10.4134 2.80791 0 0 0 0.997341 0.0728814
771.800000000 10.3408 2.81303 0 0 0 0.998246 0.0591994
771.900000000 10.2673 2.81645 0 0 0 0.998942 0.0459819
772.000000000 10.1936 2.81793 0 0 0 0.999463 0.0327564
772.100000000 10.12 2.81746 0 0 0 0.999809 0.0195251
772.200000000 10.0636 2.81092 0 0 0 0.999997 -0.00231541
772.300000000 10.0235 2.79884 0 0 0 0.999485 -0.0320789
772.400000000 9.99858 2.78251 0 0 0 0.997631 -0.0687941
772.500000000 9.97491 2.7644 0 0 0 0.994428 -0.105416
772.600000000 9.95465 2.74463 0 0 0 0.989743 -0.14286
772.700000000 9.93593 2.72339 0 0 0 0.983648 -0.180101
772.800000000 9.91888 2.7008 0 0 0 0.976153 -0.217085
772.900000000 9.90357 2.67699 0 0 0 0.967267 -0.25376
773.000000000 9.89011 2.65209 0 0 0 0.957004 -0.290073
773.100000000 9.87856 2.62625 0 0 0 0.945379 -0.325974
773.200000000 9.86899 2.59961 0 0 0 0.932407 -0.36141
773.300000000 9.86145 2.57232 0 0 0 0.918107 -0.396332
773.400000000 9.85436 2.54337 0 0 0 0.90292 -0.42981
773.500000000 9.8359 2.50294 0 0 0 0.890563 -0.454859
773.600000000 9.80765 2.4501 0 0 0 0.881179 -0.472782
773.700000000 9.76996 2.38516 0 0 0 0.875802 -0.482671
773.800000000 9.72945 2.32204 0 0 0 0.876458 -0.481477
773.900000000 9.68528 2.26131 0 0 0 0.882061 -0.471134
774.000000000 9.63969 2.20164 0 0 0 0.887542 -0.460726
774.100000000 9.59272 2.14305 0 0 0 0.8929 -0.450254
774.200000000 9.54438 2.08559 0 0 0 0.898135 -0.43972
774.300000000 9.4947 2.02928 0 0 0 0.903245 -0.429125
774.400000000 9.44371 1.97416 0 0 0 0.90823 -0.41847
774.500000000 9.39143 1.92024 0 0 0 0.91309 -0.407758
774.600000000 9.33791 1.86758 0 0 0 0.917823 -0.396989
774.700000000 9.28316 1.81619 0 0 0 0.92243 -0.386166
774.800000000 9.22721 1.76609 0 0 0 0.926908 -0.375288
774.900000000 9.17011 1.71733 0 0 0 0.931258 -0.364359
775.000000000 9.11187 1.66993 0 0 0 0.93548 -0.35338
775.100000000 9.05253 1.62391 0 0 0 0.939572 -0.342351
775.200000000 8.99225 1.57914 0 0 0 0.943366 -0.331754
775.300000000 8.94088 1.54828 0 0 0 0.949884 -0.312602
775.400000000 8.89931 1.53159 0 0 0 0.958309 -0.285735
775.500000000 8.86956 1.52968 0 0 0 0.968164 -0.250318
775.600000000 8.85834 1.54559 0 0 0 0.979156 -0.203109
775.700000000 8.84999 1.5634 0 0 0 0.987964 -0.154682
775.800000000 8.84343 1.58194 0 0 0 0.994379 -0.10588
775.900000000 8.83872 1.60104 0 0 0 0.998384 -0.0568216
776.000000000 8.83592 1.6205 0 0 0 0.999971 -0.00762544
776.100000000 8.83504 1.64015 0 0 0 0.999135 0.0415892
776.200000000 8.8361 1.65979 0 0 0 0.995878 0.090703
776.300000000 8.83908 1.67923 0 0 0 0.990208 0.139597
776.400000000 8.84396 1.69828 0 0 0 0.98214 0.188153
776.500000000 8.85069 1.71676 0 0 0 0.971692 0.236253
776.600000000 8.8592 1.73449 0 0 0 0.958889 0.283781
776.700000000 8.86942 1.7513 0 0 0 0.943764 0.330621
776.800000000 8.88123 1.76702 0 0 0 0.926352 0.37666
776.900000000 8.89454 1.78151 0 0 0 0.906695 0.421786
777.000000000 8.9092 1.79461 0 0 0 0.884842 0.465891
777.100000000 8.92508 1.80621 0 0 0 0.860845 0.508867
777.200000000 8.94203 1.8162 0 0 0 0.834763 0.55061
777.300000000 8.95987 1.82447 0 0 0 0.806658 0.591019
777.400000000 8.97844 1.83094 0 0 0 0.776598 0.629996
777.500000000 8.98786 1.85843 0 0 0 0.752599 0.658479
777.600000000 8.99898 1.88608 0 0 0 0.727888 0.685696
777.700000000 9.0121 1.91284 0 0 0 0.702193 0.711987
777.800000000 9.02751 1.93659 0 0 0 0.67483 0.737973
777.900000000 9.04467 1.9591 0 0 0 0.646507 0.762908
778.000000000 9.06348 1.98026 0 0 0 0.617262 0.786757
778.100000000 9.08382 1.99993 0 0 0 0.587139 0.809486
778.200000000 9.10547 2.017 0 0 0 0.555765 0.831339
778.300000000 9.12836 2.03235 0 0 0 0.523579 0.851977
778.400000000 9.15236 2.04592 0 0 0 0.490627 0.871369
778.500000000 9.17732 2.05761 0 0 0 0.456959 0.889488
778.600000000 9.2107 2.08405 0 0 0 0.430647 0.90252
778.700000000 9.25318 2.12291 0 0 0 0.411198 0.911546
778.800000000 9.30576 2.17447 0 0 0 0.399097 0.916909
778.900000000 9.36042 2.22598 0 0 0 0.387824 0.921733
779.000000000 9.41632 2.27613 0 0 0 0.376493 0.926419
779.100000000 9.47344 2.32489 0 0 0 0.365106 0.930966
779.200000000 9.53173 2.37224 0 0 0 0.353663 0.935373
779.300000000 9.59117 2.41814 0 0 0 0.342167 0.939639
779.400000000 9.65172 2.46257 0 0 0 0.33062 0.943764
779.500000000 9.71333 2.50551 0 0 0 0.319023 0.947747
779.600000000 9.77325 2.55061 0 0 0 0.31829 0.947993
779.700000000 9.83306 2.59587 0 0 0 0.31829 0.947993
779.800000000 9.89267 2.64138 0 0 0 0.319023 0.947747
779.900000000 9.95222 2.68698 0 0 0 0.319756 0.9475
780.000000000 10.0117 2.73267 0 0 0 0.320489 0.947252
780.100000000 10.0711 2.77846 0 0 0 0.321221 0.947004
780.200000000 10.1304 2.82433 0 0 0 0.321953 0.946756
780.300000000 10.1897 2.8703 0 0 0 0.322685 0.946506
780.400000000 10.2489 2.91636 0 0 0 0.323417 0.946256
780.500000000 10.308 2.96251 0 0 0 0.324149 0.946006
780.600000000 10.3671 3.00875 0 0 0 0.32488 0.945755
780.700000000 10.426 3.05508 0 0 0 0.325612 0.945504
780.800000000 10.4849 3.1015 0 0 0 0.326343 0.945252
780.900000000 10.5438 3.14802 0 0 0 0.327074 0.944999
781.000000000 10.6025 3.19462 0 0 0 0.327804 0.944746
781.100000000 10.6612 3.24132 0 0 0 0.328535 0.944492
781.200000000 10.7198 3.28811 0 0 0 0.329265 0.944238
781.300000000 10.7804 3.3324 0 0 0 0.322241 0.946658
781.400000000 10.8419 3.37542 0 0 0 0.314108 0.949387
781.500000000 10.9041 3.41738 0 0 0 0.305953 0.952047
781.600000000 10.9637 3.4524 0 0 0 0.291109 0.95669
781.700000000 11.0236 3.48491 0 0 0 0.275766 0.961225
781.800000000 11.0846 3.51548 0 0 0 0.260352 0.965514
781.900000000 11.1465 3.54409 0 0 0 0.244872 0.969555
782.000000000 11.2093 3.5707 0 0 0 0.229329 0.973349
782.100000000 11.2729 3.59528 0 0 0 0.213727 0.976893
782.200000000 11.3373 3.61782 0 0 0 0.198071 0.980188
782.300000000 11.4023 3.63829 0 0 0 0.182364 0.983231
782.400000000 11.468 3.65666 0 0 0 0.16661 0.986023
782.500000000 11.5358 3.67386 0 0 0 0.151701 0.988426
782.600000000 11.6041 3.689 0 0 0 0.136757 0.990605
782.700000000 11.6729 3.70208 0 0 0 0.121782 0.992557
782.800000000 11.742 3.71307 0 0 0 0.106779 0.994283
782.900000000 11.8114 3.72197 0 0 0 0.0917522 0.995782
783.000000000 11.881 3.72877 0 0 0 0.0767042 0.997054
783.100000000 11.9508 3.73346 0 0 0 0.0616387 0.998099
783.200000000 12.0207 3.73604 0 0 0 0.0465592 0.998916
783.300000000 12.0907 3.73651 0 0 0 0.031469 0.999505
783.400000000 12.1606 3.73487 0 0 0 0.0163717 0.999866
783.500000000 12.2305 3.73111 0 0 0 0.00127064 0.999999
783.600000000 12.3055 3.72765 0 0 0 -0.0078638 0.999969
783.700000000 12.3804 3.72304 0 0 0 -0.0164412 0.999865
783.800000000 12.4552 3.71715 0 0 0 -0.0250174 0.999687
783.900000000 12.5299 3.70997 0 0 0 -0.0335918 0.999436
784.000000000 12.6045 3.70151 0 0 0 -0.0421637 0.999111
784.100000000 12.6789 3.69178 0 0 0 -0.0507324 0.998712
784.200000000 12.7531 3.68077 0 0 0 -0.0592975 0.99824
784.300000000 12.8272 3.66849 0 0 0 -0.0678582 0.997695
784.400000000 12.901 3.65493 0 0 0 -0.0764139 0.997076
784.500000000 12.975 3.6429 0 0 0 -0.0779328 0.996959
784.600000000 13.0491 3.63094 0 0 0 -0.0787037 0.996898
784.700000000 13.1231 3.61918 0 0 0 -0.0787037 0.996898
784.800000000 13.1972 3.60741 0 0 0 -0.0787037 0.996898
784.900000000 13.2713 3.59564 0 0 0 -0.0787037 0.996898
785.000000000 13.3453 3.58387 0 0 0 -0.0787037 0.996898
785.100000000 13.4194 3.5721 0 0 0 -0.0787037 0.996898
785.200000000 13.4935 3.56033 0 0 0 -0.0787037 0.996898
785.300000000 13.5676 3.54856 0 0 0 -0.0787037 0.996898
785.400000000 13.6416 3.53679 0 0 0 -0.0787037 0.996898
785.500000000 13.7157 3.52502 0 0 0 -0.0787037 0.996898
785.600000000 13.7901 3.51572 0 0 0 -0.0724921 0.997369
785.700000000 13.8647 3.50758 0 0 0 -0.065672 0.997841
785.800000000 13.9394 3.50047 0 0 0 -0.0588488 0.998267
785.900000000 14.0142 3.49437 0 0 0 -0.0520229 0.998646
786.000000000 14.0891 3.4893 0 0 0 -0.0451946 0.998978
786.100000000 14.164 3.48525 0 0 0 -0.0383641 0.999264
786.200000000 14.239 3.48223 0 0 0 -0.0315319 0.999503
786.300000000 14.314 3.48023 0 0 0 -0.0246981 0.999695
786.400000000 14.389 3.47926 0 0 0 -0.0178633 0.99984
786.500000000 14.464 3.47932 0 0 0 -0.0110276 0.999939
786.600000000 14.539 3.4804 0 0 0 -0.00419134 0.999991
786.700000000 14.614 3.4825 0 0 0 0.00264508 0.999997
786.800000000 14.689 3.48563 0 0 0 0.00948138 0.999955
786.900000000 14.7639 3.48979 0 0 0 0.0163172 0.999867
787.000000000 14.8388 3.49497 0 0 0 0.0231523 0.999732
787.100000000 14.9136 3.50117 0 0 0 0.0299863 0.99955
787.200000000 14.9882 3.5084 0 0 0 0.0368189 0.999322
787.300000000 15.063 3.51452 0 0 0 0.0383413 0.999265
787.400000000 15.1377 3.52058 0 0 0 0.039114 0.999235
787.500000000 15.2126 3.52526 0 0 0 0.0361566 0.999346
787.600000000 15.2875 3.52922 0 0 0 0.0325108 0.999471
787.700000000 15.3624 3.53264 0 0 0 0.0288645 0.999583
787.800000000 15.4374 3.53551 0 0 0 0.0252179 0.999682
787.900000000 15.5124 3.53784 0 0 0 0.0215709 0.999767
788.000000000 15.5874 3.53961 0 0 0 0.0179236 0.999839
788.100000000 15.6624 3.54084 0 0 0 0.0142761 0.999898
788.200000000 15.7374 3.54153 0 0 0 0.0106284 0.999944
788.300000000 15.8124 3.54166 0 0 0 0.00698057 0.999976
788.400000000 15.8874 3.54125 0 0 0 0.00333264 0.999994
788.500000000 15.9624 3.54029 0 0 0 -0.000315341 1
788.600000000 16.0374 3.53993 0 0 0 -0.00108866 0.999999
788.700000000 16.1124 3.53977 0 0 0 -0.00108866 0.999999
788.800000000 16.1874 3.53961 0 0 0 -0.00108866 0.999999
788.900000000 16.2624 3.53944 0 0 0 -0.00108866 0.999999
789.000000000 16.3374 3.53928 0 0 0 -0.00108866 0.999999
789.100000000 16.4124 3.53912 0 0 0 -0.00108866 0.999999
789.200000000 16.4874 3.53895 0 0 0 -0.00108866 0.999999
789.300000000 16.5624 3.53879 0 0 0 -0.00108866 0.999999
789.400000000 16.6374 3.53863 0 0 0 -0.00108866 0.999999
789.500000000 16.7124 3.53846 0 0 0 -0.00108866 0.999999
789.600000000 16.7874 3.5383 0 0 0 -0.00108866 0.999999
789.700000000 16.8624 3.53814 0 0 0 -0.00108866 0.999999
789.800000000 16.9374 3.53797 0 0 0 -0.00108866 0.999999
789.900000000 17.0124 3.53781 0 0 0 -0.00108866 0.999999
790.000000000 17.0874 3.53765 0 0 0 -0.00108866 0.999999
790.100000000 17.1624 3.53748 0 0 0 -0.00108866 0.999999
790.200000000 17.2374 3.53732 0 0 0 -0.00108866 0.999999
790.300000000 17.3124 3.53716 0 0 0 -0.00108866 0.999999
790.400000000 17.3874 3.53699 0 0 0 -0.00108866 0.999999
790.500000000 17.4624 3.53683 0 0 0 -0.00108866 0.999999
790.600000000 17.5374 3.53667 0 0 0 -0.00108866 0.999999
790.700000000 17.6124 3.5365 0 0 0 -0.00108866 0.999999
790.800000000 17.6874 3.53634 0 0 0 -0.00108866 0.999999
790.900000000 17.7624 3.53618 0 0 0 -0.00108866 0.999999
791.000000000 17.8374 3.53601 0 0 0 -0.00108866 0.999999
791.100000000 17.9124 3.53585 0 0 0 -0.00108866 0.999999
791.200000000 17.9874 3.53569 0 0 0 -0.00108866 0.999999
791.300000000 18.0624 3.53552 0 0 0 -0.00108866 0.999999
791.400000000 18.1374 3.53536 0 0 0 -0.00108866 0.999999
791.500000000 18.2124 3.5352 0 0 0 -0.00108866 0.999999
791.600000000 18.2874 3.53503 0 0 0 -0.00108866 0.999999
791.700000000 18.3624 3.53487 0 0 0 -0.00108866 0.999999
791.800000000 18.4374 3.53471 0 0 0 -0.00108866 0.999999
791.900000000 18.5124 3.53454 0 0 0 -0.00108866 0.999999
792.000000000 18.5874 3.53438 0 0 0 -0.00108866 0.999999
792.100000000 18.6624 3.53422 0 0 0 -0.00108866 0.999999
792.200000000 18.7374 3.53405 0 0 0 -0.00108866 0.999999
792.300000000 18.8124 3.53389 0 0 0 -0.00108866 0.999999
792.400000000 18.8874 3.53373 0 0 0 -0.00108866 0.999999
792.500000000 18.9624 3.53356 0 0 0 -0.00108866 0.999999
792.600000000 19.0374 3.5334 0 0 0 -0.00108866 0.999999
792.700000000 19.1124 3.53324 0 0 0 -0.00108866 0.999999
792.800000000 19.1874 3.53307 0 0 0 -0.00108866 0.999999
792.900000000 19.2624 3.53291 0 0 0 -0.00108866 0.999999
793.000000000 19.3374 3.53275 0 0 0 -0.00108866 0.999999
793.100000000 19.4124 3.53258 0 0 0 -0.00108866 0.999999
793.200000000 19.4874 3.53242 0 0 0 -0.00108866 0.999999
793.300000000 19.5624 3.53226 0 0 0 -0.00108866 0.999999
793.400000000 19.6374 3.53209 0 0 0 -0.00108866 0.999999
793.500000000 19.7124 3.53193 0 0 0 -0.00108866 0.999999
793.600000000 19.7874 3.53177 0 0 0 -0.00108866 0.999999
793.700000000 19.8624 3.5316 0 0 0 -0.00108866 0.999999
793.800000000 19.9374 3.53144 0 0 0 -0.00108866 0.999999
793.900000000 20.0124 3.53128 0 0 0 -0.00108866 0.999999
794.000000000 20.0874 3.53111 0 0 0 -0.00108866 0.999999
794.100000000 20.1624 3.53095 0 0 0 -0.00108866 0.999999
794.200000000 20.2374 3.53079 0 0 0 -0.00108866 0.999999
794.300000000 20.3124 3.53062 0 0 0 -0.00108866 0.999999
794.400000000 20.3874 3.53046 0 0 0 -0.00108866 0.999999
794.500000000 20.4624 3.5303 0 0 0 -0.00108866 0.999999
794.600000000 20.5374 3.53013 0 0 0 -0.00108866 0.999999
794.700000000 20.6124 3.52997 0 0 0 -0.00108866 0.999999
794.800000000 20.6874 3.52981 0 0 0 -0.00108866 0.999999
794.900000000 20.7624 3.52964 0 0 0 -0.00108866 0.999999
795.000000000 20.8374 3.52948 0 0 0 -0.00108866 0.999999
795.100000000 20.9124 3.52932 0 0 0 -0.00108866 0.999999
795.200000000 20.9874 3.52915 0 0 0 -0.00108866 0.999999
795.300000000 21.0624 3.52899 0 0 0 -0.00108866 0.999999
795.400000000 21.1374 3.52883 0 0 0 -0.00108866 0.999999
795.500000000 21.2124 3.52866 0 0 0 -0.00108866 0.999999
795.600000000 21.2874 3.5285 0 0 0 -0.00108866 0.999999
795.700000000 21.3624 3.52834 0 0 0 -0.00108866 0.999999
795.800000000 21.4374 3.52817 0 0 0 -0.00108866 0.999999
795.900000000 21.5124 3.52801 0 0 0 -0.00108866 0.999999
796.000000000 21.5874 3.52785 0 0 0 -0.00108866 0.999999
796.100000000 21.6624 3.52768 0 0 0 -0.00108866 0.999999
796.200000000 21.7374 3.52752 0 0 0 -0.00108866 0.999999
796.300000000 21.8124 3.52736 0 0 0 -0.00108866 0.999999
796.400000000 21.8874 3.5272 0 0 0 -0.00108866 0.999999
796.500000000 21.9624 3.52703 0 0 0 -0.00108866 0.999999
796.600000000 22.0374 3.52687 0 0 0 -0.00108866 0.999999
796.700000000 22.1124 3.52671 0 0 0 -0.00108866 0.999999
796.800000000 22.1874 3.52654 0 0 0 -0.00108866 0.999999
796.900000000 22.2624 3.52638 0 0 0 -0.00108866 0.999999
797.000000000 22.3374 3.52622 0 0 0 -0.00108866 0.999999
797.100000000 22.4124 3.52605 0 0 0 -0.00108866 0.999999
797.200000000 22.4874 3.52589 0 0 0 -0.00108866 0.999999
797.300000000 22.5624 3.52573 0 0 0 -0.00108866 0.999999
797.400000000 22.6374 3.52556 0 0 0 -0.00108866 0.999999
797.500000000 22.7124 3.5254 0 0 0 -0.00108866 0.999999
797.600000000 22.7874 3.52524 0 0 0 -0.00108866 0.999999
797.700000000 22.8624 3.52507 0 0 0 -0.00108866 0.999999
797.800000000 22.9374 3.52491 0 0 0 -0.00108866 0.999999
797.900000000 23.0124 3.52475 0 0 0 -0.00108866 0.999999
798.000000000 23.0874 3.52458 0 0 0 -0.00108866 0.999999
798.100000000 23.1624 3.52442 0 0 0 -0.00108866 0.999999
798.200000000 23.2374 3.52426 0 0 0 -0.00108866 0.999999
798.300000000 23.3124 3.52409 0 0 0 -0.00108866 0.999999
798.400000000 23.3874 3.52393 0 0 0 -0.00108866 0.999999
798.500000000 23.4624 3.52377 0 0 0 -0.00108866 0.999999
798.600000000 23.5374 3.5236 0 0 0 -0.00108866 0.999999
798.700000000 23.6124 3.52344 0 0 0 -0.00108866 0.999999
798.800000000 23.6874 3.52328 0 0 0 -0.00108866 0.999999
798.900000000 23.7624 3.52311 0 0 0 -0.00108866 0.999999
799.000000000 23.8374 3.52295 0 0 0 -0.00108866 0.999999
799.100000000 23.9124 3.52279 0 0 0 -0.00108866 0.999999
799.200000000 23.9873 3.51772 0 0 0 -0.0133501 0.999911
799.300000000 24.0448 3.50777 0 0 0 -0.0343841 0.999409
799.400000000 24.0889 3.49376 0 0 0 -0.0617149 0.998094
799.500000000 24.1322 3.47736 0 0 0 -0.0889994 0.996032
799.600000000 24.1745 3.45862 0 0 0 -0.116217 0.993224
799.700000000 24.2166 3.43757 0 0 0 -0.142957 0.989729
799.800000000 24.2574 3.41427 0 0 0 -0.169592 0.985514
799.900000000 24.2969 3.38881 0 0 0 -0.196104 0.980583
800.000000000 24.3351 3.36125 0 0 0 -0.222473 0.974939
800.100000000 24.3716 3.33168 0 0 0 -0.248681 0.968585
800.200000000 24.4058 3.30043 0 0 0 -0.275088 0.961419
800.300000000 24.4381 3.26736 0 0 0 -0.301289 0.953533
800.400000000 24.4687 3.23256 0 0 0 -0.327265 0.944933
800.500000000 24.4972 3.19615 0 0 0 -0.352996 0.935625
800.600000000 24.5379 3.15001 0 0 0 -0.37109 0.928597
800.700000000 24.5896 3.09556 0 0 0 -0.380014 0.924981
800.800000000 24.6421 3.04199 0 0 0 -0.38275 0.923852
800.900000000 24.6943 2.98812 0 0 0 -0.385482 0.922715
801.000000000 24.7461 2.93393 0 0 0 -0.388211 0.92157
801.100000000 24.7977 2.87944 0 0 0 -0.390937 0.920417
801.200000000 24.8489 2.82465 0 0 0 -0.393659 0.919256
801.300000000 24.9015 2.77119 0 0 0 -0.390937 0.920417
801.400000000 24.9544 2.71804 0 0 0 -0.388211 0.92157
801.500000000 25.0077 2.6652 0 0 0 -0.385482 0.922715
801.600000000 25.0618 2.61326 0 0 0 -0.38089 0.92462
801.700000000 25.1164 2.56185 0 0 0 -0.376289 0.926502
801.800000000 25.1716 2.51098 0 0 0 -0.371679 0.928361
801.900000000 25.2274 2.46086 0 0 0 -0.366467 0.930431
802.000000000 25.2838 2.41136 0 0 0 -0.361243 0.932472
802.100000000 25.3407 2.3625 0 0 0 -0.356008 0.934483
802.200000000 25.3982 2.31428 0 0 0 -0.350762 0.936465
802.300000000 25.4562 2.26671 0 0 0 -0.345505 0.938417
802.400000000 25.512 2.22755 0 0 0 -0.330447 0.943825
802.500000000 25.5582 2.2031 0 0 0 -0.307498 0.951549
802.600000000 25.5942 2.19304 0 0 0 -0.276644 0.960973
802.700000000 25.616 2.1991 0 0 0 -0.23606 0.971738
802.800000000 25.6256 2.21631 0 0 0 -0.187958 0.982177
802.900000000 25.632 2.23523 0 0 0 -0.138635 0.990344
803.000000000 25.6365 2.25471 0 0 0 -0.0889651 0.996035
803.100000000 25.6391 2.27453 0 0 0 -0.039073 0.999236
803.200000000 25.6397 2.29452 0 0 0 0.0109169 0.99994
803.300000000 25.6382 2.31446 0 0 0 0.0608794 0.998145
803.400000000 25.6348 2.33415 0 0 0 0.11069 0.993855
803.500000000 25.6549 2.35414 0 0 0 0.148108 0.988971
803.600000000 25.6905 2.37735 0 0 0 0.17708 0.984197
803.700000000 25.7265 2.40288 0 0 0 0.20511 0.978739
803.800000000 25.7609 2.43043 0 0 0 0.232974 0.972483
803.900000000 25.7936 2.45989 0 0 0 0.260647 0.965434
804.000000000 25.8246 2.49117 0 0 0 0.288108 0.957598
804.100000000 25.8538 2.52418 0 0 0 0.315334 0.948981
804.200000000 25.8811 2.55879 0 0 0 0.342303 0.93959
804.300000000 25.9063 2.59491 0 0 0 0.368992 0.929432
804.400000000 25.9295 2.63241 0 0 0 0.395381 0.918517
804.500000000 25.9504 2.67117 0 0 0 0.421447 0.906853
804.600000000 25.9799 2.7197 0 0 0 0.441152 0.897432
804.700000000 26.0206 2.7811 0 0 0 0.452992 0.891515
804.800000000 26.0597 2.84355 0 0 0 0.464752 0.885441
804.900000000 26.0977 2.90771 0 0 0 0.476005 0.879442
805.000000000 26.1342 2.97281 0 0 0 0.487182 0.873301
805.100000000 26.1689 3.03882 0 0 0 0.498279 0.867017
805.200000000 26.2024 3.10604 0 0 0 0.508872 0.860842
805.300000000 26.2344 3.17397 0 0 0 0.518963 0.854797
805.400000000 26.2648 3.24263 0 0 0 0.528982 0.848633
805.500000000 26.2936 3.31199 0 0 0 0.538928 0.842352
805.600000000 26.3209 3.38193 0 0 0 0.548375 0.836233
805.700000000 26.3467 3.45246 0 0 0 0.557753 0.830007
805.800000000 26.3708 3.52356 0 0 0 0.56706 0.823677
805.900000000 26.3934 3.59518 0 0 0 0.576295 0.817242
806.000000000 26.4145 3.66722 0 0 0 0.585039 0.811005
806.100000000 26.4341 3.7397 0 0 0 0.593716 0.804675
806.200000000 26.4523 3.81253 0 0 0 0.601904 0.798568
806.300000000 26.469 3.88572 0 0 0 0.61003 0.792378
806.400000000 26.4844 3.95918 0 0 0 0.617672 0.786436
806.500000000 26.4986 4.03287 0 0 0 0.624829 0.780761
806.600000000 26.5115 4.10682 0 0 0 0.631935 0.775021
806.700000000 26.5232 4.18094 0 0 0 0.63856 0.769572
806.800000000 26.5337 4.25526 0 0 0 0.645138 0.764066
806.900000000 26.5429 4.32975 0 0 0 0.651668 0.758504
807.000000000 26.551 4.40435 0 0 0 0.657723 0.75326
807.100000000 26.5526 4.46912 0 0 0 0.670979 0.741476
807.200000000 26.5472 4.51807 0 0 0 0.689874 0.72393
807.300000000 26.5351 4.55022 0 0 0 0.714084 0.70006
807.400000000 26.5172 4.5603 0 0 0 0.744447 0.667681
807.500000000 26.4976 4.55874 0 0 0 0.7764 0.63024
807.600000000 26.4782 4.55366 0 0 0 0.806929 0.590649
807.700000000 26.4595 4.54667 0 0 0 0.83544 0.549581
807.800000000 26.4416 4.53785 0 0 0 0.861864 0.50714
807.900000000 26.4246 4.52728 0 0 0 0.886133 0.463431
808.000000000 26.4088 4.51507 0 0 0 0.908188 0.418563
808.100000000 26.3942 4.50134 0 0 0 0.927972 0.37265
808.200000000 26.3812 4.48622 0 0 0 0.945437 0.325805
808.300000000 26.3696 4.46988 0 0 0 0.960539 0.278145
808.400000000 26.3598 4.45247 0 0 0 0.97324 0.229791
808.500000000 26.3518 4.43416 0 0 0 0.983509 0.180862
808.600000000 26.3305 4.42456 0 0 0 0.990154 0.13998
808.700000000 26.3091 4.41375 0 0 0 0.995046 0.0994109
808.800000000 26.2886 4.40122 0 0 0 0.998277 0.0586761
808.900000000 26.2692 4.38707 0 0 0 0.999841 0.0178434
809.000000000 26.251 4.37138 0 0 0 0.999735 -0.0230191
809.100000000 26.2342 4.35426 0 0 0 0.99796 -0.0638432
809.200000000 26.2188 4.33582 0 0 0 0.994519 -0.104561
809.300000000 26.205 4.31619 0 0 0 0.989416 -0.145103
809.400000000 26.1928 4.2955 0 0 0 0.982662 -0.185404
809.500000000 26.1824 4.27388 0 0 0 0.974267 -0.225395
809.600000000 26.1549 4.24645 0 0 0 0.966706 -0.255889
809.700000000 26.1135 4.21212 0 0 0 0.960447 -0.278464
809.800000000 26.0637 4.17199 0 0 0 0.955231 -0.29586
809.900000000 26.0146 4.12974 0 0 0 0.949834 -0.312755
810.000000000 25.9662 4.0854 0 0 0 0.944278 -0.329148
810.100000000 25.9194 4.03941 0 0 0 0.93844 -0.345442
810.200000000 25.8742 3.99183 0 0 0 0.93232 -0.361633
810.300000000 25.8321 3.94361 0 0 0 0.925599 -0.378504
810.400000000 25.7919 3.8939 0 0 0 0.918573 -0.395251
810.500000000 25.7535 3.84277 0 0 0 0.911244 -0.411867
810.600000000 25.7065 3.78423 0 0 0 0.907678 -0.419668
810.700000000 25.6577 3.72729 0 0 0 0.908002 -0.418966
810.800000000 25.6088 3.67042 0 0 0 0.908326 -0.418264
810.900000000 25.5598 3.61364 0 0 0 0.908649 -0.417561
811.000000000 25.5107 3.55693 0 0 0 0.908971 -0.416858
811.100000000 25.4616 3.50029 0 0 0 0.909294 -0.416155
811.200000000 25.4123 3.44373 0 0 0 0.909615 -0.415452
811.300000000 25.363 3.38725 0 0 0 0.909936 -0.414748
811.400000000 25.3135 3.33085 0 0 0 0.910257 -0.414045
811.500000000 25.264 3.27452 0 0 0 0.910576 -0.413341
811.600000000 25.2138 3.21882 0 0 0 0.911764 -0.410714
811.700000000 25.1631 3.16356 0 0 0 0.91316 -0.407602
811.800000000 25.112 3.10862 0 0 0 0.914518 -0.404546
811.900000000 25.0606 3.054 0 0 0 0.915813 -0.401605
812.000000000 25.0089 2.99966 0 0 0 0.917047 -0.39878
812.100000000 24.9568 2.94564 0 0 0 0.918246 -0.396011
812.200000000 24.9057 2.8931 0 0 0 0.919385 -0.39336
812.300000000 24.8554 2.84204 0 0 0 0.92049 -0.390765
812.400000000 24.8022 2.7891 0 0 0 0.92191 -0.387405
812.500000000 24.7487 2.73656 0 0 0 0.923317 -0.384039
812.600000000 24.6948 2.6844 0 0 0 0.924712 -0.380668
812.700000000 24.6405 2.63264 0 0 0 0.926094 -0.377293
812.800000000 24.5858 2.58128 0 0 0 0.927464 -0.373912
812.900000000 24.5308 2.53031 0 0 0 0.928822 -0.370526
813.000000000 24.4754 2.47975 0 0 0 0.930168 -0.367135
813.100000000 24.4373 2.44482 0 0 0 0.930614 -0.366002
813.200000000 24.4004 2.4111 0 0 0 0.931045 -0.364904
813.300000000 24.3646 2.3786 0 0 0 0.93146 -0.363843
813.400000000 24.3288 2.34617 0 0 0 0.931874 -0.362781
813.500000000 24.276 2.29279 0 0 0 0.928522 -0.371278
813.600000000 24.2245 2.23815 0 0 0 0.924681 -0.380743
813.700000000 24.1742 2.18247 0 0 0 0.920743 -0.390169
813.800000000 24.125 2.12577 0 0 0 0.91671 -0.399554
813.900000000 24.077 2.06808 0 0 0 0.912581 -0.408897
814.000000000 24.0301 2.00942 0 0 0 0.908356 -0.418198
814.100000000 23.9845 1.94981 0 0 0 0.904037 -0.427455
814.200000000 23.9401 1.88929 0 0 0 0.899623 -0.436667
814.300000000 23.8969 1.82787 0 0 0 0.895116 -0.445834
814.400000000 23.855 1.76558 0 0 0 0.890515 -0.454954
814.500000000 23.8144 1.70245 0 0 0 0.885821 -0.464027
814.600000000 23.7758 1.63805 0 0 0 0.880065 -0.474853
814.700000000 23.7392 1.57304 0 0 0 0.873938 -0.486037
814.800000000 23.7042 1.50712 0 0 0 0.867669 -0.497143
814.900000000 23.671 1.44033 0 0 0 -0.861259 0.508167
815.000000000 23.6395 1.37271 0 0 0 -0.854708 0.519109
815.100000000 23.6097 1.30431 0 0 0 -0.848019 0.529966
815.200000000 23.5816 1.23517 0 0 0 -0.841192 0.540737
815.300000000 23.5554 1.16535 0 0 0 -0.834228 0.55142
815.400000000 23.5313 1.09597 0 0 0 -0.82724 0.561849
815.500000000 23.5095 1.0276 0 0 0 -0.820285 0.571956
815.600000000 23.4902 0.961911 0 0 0 -0.813538 0.581512
815.700000000 23.473 0.897405 0 0 0 -0.806849 0.590758
815.800000000 23.458 0.835764 0 0 0 -0.800396 0.599471
815.900000000 23.4447 0.775442 0 0 0 -0.794023 0.607887
816.000000000 23.4331 0.71649 0 0 0 -0.787738 0.616011
816.100000000 23.4229 0.658952 0 0 0 -0.781547 0.623846
816.200000000 23.4144 0.60452 0 0 0 -0.775639 0.631177
816.300000000 23.4071 0.55159 0 0 0 -0.769844 0.638232
816.400000000 23.401 0.500194 0 0 0 -0.764169 0.645016
816.500000000 23.3949 0.447149 0 0 0 -0.759443 0.650574
816.600000000 23.3896 0.395705 0 0 0 -0.755111 0.655597
816.700000000 23.3852 0.345856 0 0 0 -0.750888 0.66043
816.800000000 23.3815 0.297616 0 0 0 -0.746775 0.665076
816.900000000 23.3785 0.250999 0 0 0 -0.742777 0.669538
817.000000000 23.3761 0.206015 0 0 0 -0.738897 0.673818
817.100000000 23.3743 0.162672 0 0 0 -0.735137 0.677918
817.200000000 23.3731 0.120981 0 0 0 -0.7315 0.681841
817.300000000 23.3723 0.0809456 0 0 0 -0.72799 0.685588
817.400000000 23.372 0.0425729 0 0 0 -0.724607 0.689163
817.500000000 23.372 0.0058668 0 0 0 -0.721355 0.692566
817.600000000 23.3721 -0.0291579 0 0 0 -0.71884 0.695175
817.700000000 23.3724 -0.0658491 0 0 0 -0.716196 0.6979
817.800000000 23.3729 -0.10087 0 0 0 -0.713662 0.700491
817.900000000 23.3737 -0.134218 0 0 0 -0.71124 0.70295
818.000000000 23.3746 -0.165894 0 0 0 -0.708931 0.705278
818.100000000 23.3758 -0.199229 0 0 0 -0.706492 0.707721
818.200000000 23.3772 -0.230889 0 0 0 -0.704168 0.710033
818.300000000 23.3787 -0.260874 0 0 0 -0.701959 0.712217
818.400000000 23.3804 -0.290849 0 0 0 -0.699743 0.714394
818.500000000 23.3821 -0.319148 0 0 0 -0.697644 0.716444
818.600000000 23.384 -0.347437 0 0 0 -0.69554 0.718488
818.700000000 23.386 -0.374051 0 0 0 -0.693553 0.720406
818.800000000 23.388 -0.398991 0 0 0 -0.691686 0.722199
818.900000000 23.3902 -0.425582 0 0 0 -0.689689 0.724106
819.000000000 23.3925 -0.450499 0 0 0 -0.687812 0.725889
819.100000000 23.3949 -0.475405 0 0 0 -0.685931 0.727667
819.200000000 23.3976 -0.501957 0 0 0 -0.683919 0.729558
819.300000000 23.3999 -0.528523 0 0 0 -0.682689 0.730709
819.400000000 23.4023 -0.555087 0 0 0 -0.681613 0.731713
819.500000000 23.4048 -0.581645 0 0 0 -0.680535 0.732715
819.600000000 23.4071 -0.606547 0 0 0 -0.679814 0.733385
819.700000000 23.4093 -0.631445 0 0 0 -0.679092 0.734053
819.800000000 23.4118 -0.657998 0 0 0 -0.678321 0.734765
819.900000000 23.4142 -0.682887 0 0 0 -0.677598 0.735432
820.000000000 23.4166 -0.707771 0 0 0 -0.676874 0.736098
820.100000000 23.419 -0.730991 0 0 0 -0.676198 0.73672
820.200000000 23.4227 -0.767473 0 0 0 -0.675135 0.737695
820.300000000 23.4263 -0.802287 0 0 0 -0.674118 0.738624
820.400000000 23.4288 -0.825489 0 0 0 -0.67344 0.739242
820.500000000 23.4324 -0.858629 0 0 0 -0.672469 0.740125
820.600000000 23.4347 -0.880177 0 0 0 -0.672091 0.740469
820.700000000 23.437 -0.901722 0 0 0 -0.671713 0.740812
820.800000000 23.4391 -0.921608 0 0 0 -0.671363 0.741128
820.900000000 23.4413 -0.941492 0 0 0 -0.671014 0.741445
821.000000000 23.4446 -0.971315 0 0 0 -0.670489 0.741919
821.100000000 23.4477 -0.999477 0 0 0 -0.669993 0.742367
821.200000000 23.4507 -1.02598 0 0 0 -0.669526 0.742788
821.300000000 23.4537 -1.05248 0 0 0 -0.669059 0.743209
821.400000000 23.4565 -1.07731 0 0 0 -0.668621 0.743603
821.500000000 23.4596 -1.1038 0 0 0 -0.668153 0.744024
821.600000000 23.4621 -1.12868 0 0 0 -0.668445 0.743761
821.700000000 23.4648 -1.15521 0 0 0 -0.668757 0.743481
821.800000000 23.4673 -1.18009 0 0 0 -0.669049 0.743218
821.900000000 23.4697 -1.20496 0 0 0 -0.669341 0.742955
822.000000000 23.472 -1.22819 0 0 0 -0.669613 0.74271
822.100000000 23.4741 -1.24975 0 0 0 -0.669866 0.742482
822.200000000 23.4762 -1.27132 0 0 0 -0.670119 0.742254
822.300000000 23.4783 -1.29289 0 0 0 -0.670371 0.742026
822.400000000 23.4802 -1.3128 0 0 0 -0.670605 0.741815
822.500000000 23.4821 -1.33271 0 0 0 -0.670838 0.741604
822.600000000 23.4838 -1.35096 0 0 0 -0.671051 0.741411
822.700000000 23.4856 -1.37087 0 0 0 -0.671284 0.7412
822.800000000 23.4873 -1.38913 0 0 0 -0.671498 0.741007
822.900000000 23.4892 -1.40904 0 0 0 -0.671731 0.740796
823.000000000 23.491 -1.42896 0 0 0 -0.671963 0.740584
823.100000000 23.4928 -1.44888 0 0 0 -0.672196 0.740373
823.200000000 23.4946 -1.4688 0 0 0 -0.672429 0.740162
823.300000000 23.4964 -1.48872 0 0 0 -0.672661 0.739951
823.400000000 23.4988 -1.51528 0 0 0 -0.672971 0.739669
823.500000000 23.5011 -1.54184 0 0 0 -0.673281 0.739387
823.600000000 23.5042 -1.56834 0 0 0 -0.672192 0.740377
823.700000000 23.5134 -1.64279 0 0 0 -0.668503 0.743709
823.800000000 23.5233 -1.71714 0 0 0 -0.664798 0.747023
823.900000000 23.534 -1.7914 0 0 0 -0.661076 0.750319
824.000000000 23.5454 -1.86554 0 0 0 -0.657338 0.753596
824.100000000 23.5576 -1.93956 0 0 0 -0.653583 0.756854
824.200000000 23.5705 -2.01346 0 0 0 -0.649813 0.760094
824.300000000 23.5841 -2.08723 0 0 0 -0.646026 0.763315
824.400000000 23.5985 -2.16086 0 0 0 -0.642224 0.766517
824.500000000 23.6136 -2.23435 0 0 0 -0.638405 0.7697
824.600000000 23.6294 -2.30768 0 0 0 -0.634571 0.772865
824.700000000 23.6459 -2.38084 0 0 0 -0.630721 0.77601
824.800000000 23.6632 -2.45384 0 0 0 -0.626856 0.779135
824.900000000 23.6812 -2.52667 0 0 0 -0.622975 0.782242
825.000000000 23.6999 -2.59931 0 0 0 -0.619078 0.785329
825.100000000 23.7194 -2.67177 0 0 0 -0.615167 0.788397
825.200000000 23.7395 -2.74402 0 0 0 -0.61124 0.791446
825.300000000 23.7632 -2.81529 0 0 0 -0.601489 0.798881
825.400000000 23.7887 -2.88541 0 0 0 -0.591253 0.806486
825.500000000 23.8159 -2.95486 0 0 0 -0.58092 0.81396
825.600000000 23.8442 -3.01789 0 0 0 -0.568191 0.822897
825.700000000 23.8744 -3.08002 0 0 0 -0.555324 0.831634
825.800000000 23.9065 -3.14118 0 0 0 -0.542323 0.84017
825.900000000 23.9405 -3.20132 0 0 0 -0.52919 0.848503
826.000000000 23.9763 -3.26036 0 0 0 -0.51593 0.856631
826.100000000 24.014 -3.31826 0 0 0 -0.502544 0.864551
826.200000000 24.0535 -3.37497 0 0 0 -0.489037 0.872263
826.300000000 24.0947 -3.43042 0 0 0 -0.475412 0.879763
826.400000000 24.1376 -3.48456 0 0 0 -0.461672 0.887051
826.500000000 24.1821 -3.53733 0 0 0 -0.44782 0.894124
826.600000000 24.2299 -3.59518 0 0 0 -0.439634 0.898177
826.700000000 24.2786 -3.65228 0 0 0 -0.431914 0.901915
826.800000000 24.3283 -3.70854 0 0 0 -0.424161 0.905587
826.900000000 24.3789 -3.76394 0 0 0 -0.416377 0.909192
827.000000000 24.4305 -3.81846 0 0 0 -0.408563 0.91273
827.100000000 24.483 -3.87209 0 0 0 -0.400719 0.916201
827.200000000 24.5364 -3.92481 0 0 0 -0.392845 0.919605
827.300000000 24.5907 -3.97661 0 0 0 -0.384942 0.922941
827.400000000 24.6459 -4.02746 0 0 0 -0.377011 0.926209
827.500000000 24.6998 -4.07962 0 0 0 -0.376295 0.9265
827.600000000 24.7536 -4.13191 0 0 0 -0.376295 0.9265
827.700000000 24.8073 -4.18421 0 0 0 -0.376295 0.9265
827.800000000 24.8611 -4.23651 0 0 0 -0.376295 0.9265
827.900000000 24.9149 -4.2888 0 0 0 -0.376295 0.9265
828.000000000 24.9686 -4.3411 0 0 0 -0.376295 0.9265
828.100000000 25.0224 -4.39339 0 0 0 -0.376295 0.9265
828.200000000 25.0761 -4.44569 0 0 0 -0.376295 0.9265
828.300000000 25.1299 -4.49798 0 0 0 -0.376295 0.9265
828.400000000 25.1837 -4.55028 0 0 0 -0.376295 0.9265
828.500000000 25.2374 -4.60257 0 0 0 -0.376295 0.9265
828.600000000 25.291 -4.65509 0 0 0 -0.377011 0.926209
828.700000000 25.3444 -4.70769 0 0 0 -0.377727 0.925917
828.800000000 25.3978 -4.76037 0 0 0 -0.378443 0.925625
828.900000000 25.4511 -4.81314 0 0 0 -0.379159 0.925332
829.000000000 25.5043 -4.86599 0 0 0 -0.379874 0.925038
829.100000000 25.5575 -4.91892 0 0 0 -0.380589 0.924744
829.200000000 25.6105 -4.97193 0 0 0 -0.381304 0.92445
829.300000000 25.6635 -5.02502 0 0 0 -0.382019 0.924154
829.400000000 25.7164 -5.0782 0 0 0 -0.382734 0.923859
829.500000000 25.7692 -5.13145 0 0 0 -0.383448 0.923562
829.600000000 25.8219 -5.18479 0 0 0 -0.384162 0.923266
829.700000000 25.8746 -5.23821 0 0 0 -0.384876 0.922968
829.800000000 25.9271 -5.29172 0 0 0 -0.38559 0.92267
829.900000000 25.9796 -5.3453 0 0 0 -0.386303 0.922372
830.000000000 26.032 -5.39896 0 0 0 -0.387016 0.922073
830.100000000 26.0843 -5.45271 0 0 0 -0.387729 0.921773
830.200000000 26.1365 -5.50653 0 0 0 -0.388442 0.921473
830.300000000 26.1887 -5.56044 0 0 0 -0.389154 0.921173
830.400000000 26.2408 -5.61443 0 0 0 -0.389866 0.920871
830.500000000 26.2889 -5.67142 0 0 0 -0.401578 0.915825
830.600000000 26.3212 -5.71911 0 0 0 -0.421121 0.907004
830.700000000 26.3386 -5.75795 0 0 0 -0.447568 0.89425
830.800000000 26.3401 -5.78547 0 0 0 -0.481426 0.876487
830.900000000 26.3249 -5.79763 0 0 0 -0.523333 0.852128
831.000000000 26.3076 -5.80704 0 0 0 -0.56463 0.825344
831.100000000 26.2895 -5.8147 0 0 0 -0.604558 0.796561
831.200000000 26.2707 -5.82055 0 0 0 -0.643022 0.765848
831.300000000 26.2515 -5.82452 0 0 0 -0.679928 0.733279
831.400000000 26.2319 -5.82658 0 0 0 -0.715187 0.698933
831.500000000 26.2123 -5.8267 0 0 0 -0.748713 0.662895
831.600000000 26.1927 -5.8249 0 0 0 -0.780425 0.62525
831.700000000 26.1734 -5.82117 0 0 0 -0.810246 0.58609
831.800000000 26.1545 -5.81557 0 0 0 -0.838104 0.545511
831.900000000 26.1363 -5.80814 0 0 0 -0.863931 0.50361
832.000000000 26.1189 -5.79895 0 0 0 0.887666 -0.460488
832.100000000 26.1025 -5.78811 0 0 0 0.90925 -0.416251
832.200000000 26.0872 -5.7757 0 0 0 0.928631 -0.371006
832.300000000 26.0733 -5.76185 0 0 0 0.945762 -0.324861
832.400000000 26.0607 -5.74669 0 0 0 0.960601 -0.27793
832.500000000 26.0498 -5.73038 0 0 0 0.973114 -0.230325
832.600000000 26.0404 -5.71307 0 0 0 0.983269 -0.182162
832.700000000 26.0328 -5.69492 0 0 0 0.991041 -0.133558
832.800000000 26.0271 -5.67612 0 0 0 0.996412 -0.0846302
832.900000000 26.0232 -5.65684 0 0 0 0.99937 -0.0354974
833.000000000 26.0212 -5.63727 0 0 0 0.999906 0.0137214
833.100000000 26.0212 -5.6176 0 0 0 0.998019 0.0629069
833.200000000 26.0231 -5.59802 0 0 0 0.993715 0.11194
833.300000000 26.0269 -5.57873 0 0 0 0.987003 0.160702
833.400000000 26.0326 -5.5599 0 0 0 0.9779 0.209075
833.500000000 26.0401 -5.54173 0 0 0 0.966427 0.256941
833.600000000 26.0258 -5.51641 0 0 0 0.956189 0.292751
833.700000000 26.0016 -5.48509 0 0 0 0.946655 0.322249
833.800000000 25.9786 -5.45194 0 0 0 0.936357 0.35105
833.900000000 25.9577 -5.41745 0 0 0 0.925182 0.379523
834.000000000 25.9389 -5.38174 0 0 0 0.913142 0.407641
834.100000000 25.9223 -5.34496 0 0 0 0.900248 0.435377
834.200000000 25.908 -5.30722 0 0 0 0.886512 0.462706
834.300000000 25.8961 -5.26869 0 0 0 0.871946 0.489602
834.400000000 25.8865 -5.22949 0 0 0 0.856564 0.51604
834.500000000 25.869 -5.17706 0 0 0 0.844664 0.535296
834.600000000 25.85 -5.11857 0 0 0 0.834115 0.551591
834.700000000 25.8332 -5.05937 0 0 0 0.823251 0.567678
834.800000000 25.8188 -4.99957 0 0 0 0.812077 0.583551
834.900000000 25.8067 -4.93926 0 0 0 0.800597 0.599204
835.000000000 25.7969 -4.87852 0 0 0 0.788815 0.614631
835.100000000 25.7895 -4.81745 0 0 0 0.776736 0.629826
835.200000000 25.7845 -4.75613 0 0 0 0.764364 0.644785
835.300000000 25.7819 -4.69467 0 0 0 0.751705 0.6595
835.400000000 25.7817 -4.63316 0 0 0 0.738762 0.673967
835.500000000 25.7838 -4.57168 0 0 0 0.72554 0.68818
835.600000000 25.7883 -4.51033 0 0 0 0.712046 0.702133
835.700000000 25.7952 -4.4492 0 0 0 0.698283 0.715822
835.800000000 25.8045 -4.38838 0 0 0 0.684257 0.729241
835.900000000 25.8161 -4.32798 0 0 0 0.669973 0.742386
836.000000000 25.8301 -4.26806 0 0 0 0.655436 0.75525
836.100000000 25.8473 -4.22508 0 0 0 0.634528 0.7729
836.200000000 25.8667 -4.20055 0 0 0 0.606442 0.795127
836.300000000 25.8862 -4.20066 0 0 0 0.568382 0.822765
836.400000000 25.9048 -4.20708 0 0 0 0.527208 0.849736
836.500000000 25.9226 -4.21529 0 0 0 0.484756 0.874649
836.600000000 25.9396 -4.22522 0 0 0 0.441131 0.897443
836.700000000 25.9555 -4.23677 0 0 0 0.396436 0.918062
836.800000000 25.9702 -4.24983 0 0 0 0.350781 0.936458
836.900000000 25.9836 -4.26427 0 0 0 0.304276 0.952584
837.000000000 25.9955 -4.27995 0 0 0 0.257033 0.966402
837.100000000 26.0057 -4.29673 0 0 0 0.209169 0.97788
837.200000000 26.0143 -4.31443 0 0 0 0.160797 0.986988
837.300000000 26.0211 -4.33289 0 0 0 0.112036 0.993704
837.400000000 26.026 -4.35193 0 0 0 0.0630028 0.998013
837.500000000 26.0291 -4.37136 0 0 0 0.0138174 0.999905
837.600000000 26.0302 -4.39099 0 0 0 -0.0354014 0.999373
837.700000000 26.0294 -4.41064 0 0 0 -0.0845345 0.996421
837.800000000 26.0266 -4.43012 0 0 0 -0.133463 0.991054
837.900000000 26.022 -4.44923 0 0 0 -0.182068 0.983286
838.000000000 26.0155 -4.46779 0 0 0 -0.230231 0.973136
838.100000000 26.0072 -4.48562 0 0 0 -0.277837 0.960628
838.200000000 25.9972 -4.50256 0 0 0 -0.32477 0.945793
838.300000000 25.9856 -4.51842 0 0 0 -0.370916 0.928666
838.400000000 25.9725 -4.53307 0 0 0 -0.416164 0.90929
838.500000000 25.9775 -4.56168 0 0 0 -0.449736 0.893162
838.600000000 25.9867 -4.59633 0 0 0 -0.479068 0.877778
838.700000000 25.9942 -4.63216 0 0 0 -0.507502 0.86165
838.800000000 25.9994 -4.6684 0 0 0 -0.535394 0.844602
838.900000000 26.0021 -4.70489 0 0 0 -0.562714 0.826651
839.000000000 26.0025 -4.74149 0 0 0 -0.589433 0.807817
839.100000000 26.0005 -4.77804 0 0 0 -0.615522 0.78812
839.200000000 25.9961 -4.81438 0 0 0 -0.640953 0.76758
839.300000000 25.9893 -4.85035 0 0 0 -0.665699 0.746221
839.400000000 25.9802 -4.88581 0 0 0 -0.689733 0.724063
839.500000000 25.9729 -4.93677 0 0 0 -0.70734 0.706874
839.600000000 25.9659 -5.00203 0 0 0 -0.719469 0.694525
839.700000000 25.957 -5.06876 0 0 0 -0.730789 0.682603
839.800000000 25.9458 -5.13517 0 0 0 -0.741912 0.670497
839.900000000 25.9325 -5.20118 0 0 0 -0.752835 0.658209
840.000000000 25.9171 -5.26671 0 0 0 -0.763554 0.645744
840.100000000 25.8995 -5.3317 0 0 0 -0.774067 0.633104
840.200000000 25.8797 -5.39607 0 0 0 -0.78437 0.620293
840.300000000 25.8579 -5.45976 0 0 0 -0.794462 0.607314
840.400000000 25.834 -5.5227 0 0 0 -0.804339 0.594171
840.500000000 25.808 -5.58482 0 0 0 -0.813998 0.580868
840.600000000 25.7813 -5.65492 0 0 0 -0.817601 0.575786
840.700000000 25.7554 -5.72533 0 0 0 -0.818477 0.574539
840.800000000 25.7296 -5.79576 0 0 0 -0.818921 0.573906
840.900000000 25.7037 -5.86615 0 0 0 -0.819365 0.573273
841.000000000 25.6778 -5.9365 0 0 0 -0.819808 0.572639
841.100000000 25.6516 -6.00681 0 0 0 -0.82025 0.572005
841.200000000 25.6254 -6.07709 0 0 0 -0.820692 0.57137
841.300000000 25.5991 -6.14732 0 0 0 -0.821134 0.570736
841.400000000 25.5727 -6.21751 0 0 0 -0.821575 0.5701
841.500000000 25.5461 -6.28765 0 0 0 -0.822016 0.569465
841.600000000 25.5195 -6.35776 0 0 0 -0.822456 0.568829
841.700000000 25.4927 -6.42783 0 0 0 -0.822895 0.568193
841.800000000 25.4659 -6.49785 0 0 0 -0.823335 0.567556
841.900000000 25.4389 -6.56784 0 0 0 -0.823773 0.566919
842.000000000 25.4118 -6.63778 0 0 0 -0.824211 0.566282
842.100000000 25.3879 -6.70891 0 0 0 -0.819649 0.572866
842.200000000 25.3656 -6.78057 0 0 0 -0.814382 0.580329
842.300000000 25.3446 -6.85262 0 0 0 -0.809047 0.587744
842.400000000 25.3249 -6.92505 0 0 0 -0.803645 0.595109
842.500000000 25.3065 -6.99782 0 0 0 -0.798175 0.602425
842.600000000 25.2927 -7.06658 0 0 0 -0.789751 0.613428
842.700000000 25.2808 -7.13231 0 0 0 -0.782333 0.622861
842.800000000 25.2709 -7.19665 0 0 0 -0.774991 0.631972
842.900000000 25.2615 -7.26274 0 0 0 -0.76847 0.639886
843.000000000 25.2534 -7.32731 0 0 0 -0.762394 0.647113
843.100000000 25.2468 -7.39037 0 0 0 -0.756408 0.6541
843.200000000 25.2414 -7.45187 0 0 0 -0.750519 0.660849
843.300000000 25.2364 -7.51506 0 0 0 -0.745473 0.666536
843.400000000 25.2326 -7.57499 0 0 0 -0.740653 0.671888
843.500000000 25.2297 -7.6333 0 0 0 -0.73593 0.677058
843.600000000 25.2277 -7.68997 0 0 0 -0.731308 0.682048
843.700000000 25.2263 -7.74666 0 0 0 -0.726973 0.686666
843.800000000 25.2258 -7.80004 0 0 0 -0.722562 0.691306
843.900000000 25.2255 -7.85674 0 0 0 -0.718815 0.695201
844.000000000 25.2257 -7.91176 0 0 0 -0.715159 0.698962
844.100000000 25.2264 -7.96845 0 0 0 -0.711694 0.70249
844.200000000 25.2276 -8.02346 0 0 0 -0.708314 0.705898
844.300000000 25.2293 -8.07679 0 0 0 -0.705021 0.709187
844.400000000 25.231 -8.12178 0 0 0 -0.702489 0.711695
844.500000000 25.2329 -8.16509 0 0 0 -0.700043 0.714101
844.600000000 25.2349 -8.20672 0 0 0 -0.697922 0.716174
844.700000000 25.2373 -8.25 0 0 0 -0.69571 0.718322
844.800000000 25.2398 -8.2916 0 0 0 -0.693578 0.720382
844.900000000 25.2451 -8.36644 0 0 0 -0.689077 0.724689
845.000000000 25.2514 -8.4412 0 0 0 -0.684549 0.728967
845.100000000 25.2586 -8.51588 0 0 0 -0.679994 0.733217
845.200000000 25.2665 -8.59049 0 0 0 -0.675872 0.737019
845.300000000 25.2752 -8.665 0 0 0 -0.671728 0.740798
845.400000000 25.2847 -8.73941 0 0 0 -0.667563 0.744553
845.500000000 25.2949 -8.81374 0 0 0 -0.663854 0.747863
845.600000000 25.3057 -8.88797 0 0 0 -0.660128 0.751154
845.700000000 25.3173 -8.96208 0 0 0 -0.656385 0.754426
845.800000000 25.3297 -9.03608 0 0 0 -0.652627 0.75768
845.900000000 25.3428 -9.10994 0 0 0 -0.648852 0.760915
846.000000000 25.3566 -9.18368 0 0 0 -0.645061 0.764131
846.100000000 25.3711 -9.25727 0 0 0 -0.641255 0.767328
846.200000000 25.3864 -9.33072 0 0 0 -0.637432 0.770506
846.300000000 25.4024 -9.40401 0 0 0 -0.633594 0.773666
846.400000000 25.4191 -9.47713 0 0 0 -0.62974 0.776806
846.500000000 25.4366 -9.55009 0 0 0 -0.625871 0.779927
846.600000000 25.4568 -9.62238 0 0 0 -0.617871 0.786279
846.700000000 25.4785 -9.69425 0 0 0 -0.609807 0.79255
846.800000000 25.5008 -9.7659 0 0 0 -0.603439 0.797409
846.900000000 25.5251 -9.83693 0 0 0 -0.595263 0.803531
847.000000000 25.5506 -9.90751 0 0 0 -0.587457 0.809256
847.100000000 25.5769 -9.9778 0 0 0 -0.580956 0.813935
847.200000000 25.6047 -10.0475 0 0 0 -0.573497 0.819208
847.300000000 25.6342 -10.1165 0 0 0 -0.565099 0.825023
847.400000000 25.6653 -10.1849 0 0 0 -0.556205 0.831045
847.500000000 25.6979 -10.2525 0 0 0 -0.547248 0.836971
847.600000000 25.7319 -10.3195 0 0 0 -0.538227 0.8428
847.700000000 25.7673 -10.3857 0 0 0 -0.529144 0.848532
847.800000000 25.8041 -10.4511 0 0 0 -0.520001 0.854166
847.900000000 25.8424 -10.5157 0 0 0 -0.510797 0.859702
848.000000000 25.8791 -10.568 0 0 0 -0.495101 0.868836
848.100000000 25.9181 -10.6198 0 0 0 -0.479613 0.87748
848.200000000 25.9588 -10.6702 0 0 0 -0.463975 0.885848
848.300000000 26.0013 -10.7191 0 0 0 -0.44819 0.893938
848.400000000 26.0455 -10.7665 0 0 0 -0.432265 0.901747
848.500000000 26.0918 -10.813 0 0 0 -0.416593 0.909093
848.600000000 26.1314 -10.8435 0 0 0 -0.393377 0.919377
848.700000000 26.1635 -10.8577 0 0 0 -0.362307 0.932059
848.800000000 26.1854 -10.8547 0 0 0 -0.322313 0.946633
848.900000000 26.207 -10.8498 0 0 0 -0.281735 0.959492
849.000000000 26.2272 -10.8423 0 0 0 -0.24007 0.970756
849.100000000 26.2467 -10.8331 0 0 0 -0.197958 0.98021
849.200000000 26.2643 -10.8215 0 0 0 -0.154878 0.987934
849.300000000 26.2807 -10.8084 0 0 0 -0.111501 0.993764
849.400000000 26.296 -10.794 0 0 0 -0.0679105 0.997691
849.500000000 26.31 -10.7782 0 0 0 -0.0241899 0.999707
849.600000000 26.3212 -10.761 0 0 0 0.0201984 0.999796
849.700000000 26.3322 -10.7431 0 0 0 0.0639266 0.997955
849.800000000 26.3416 -10.7242 0 0 0 0.107532 0.994202
849.900000000 26.348 -10.7047 0 0 0 0.151547 0.98845
850.000000000 26.3526 -10.6846 0 0 0 0.195262 0.980751
850.100000000 26.3555 -10.6643 0 0 0 0.238593 0.97112
850.200000000 26.3565 -10.6437 0 0 0 0.281454 0.959575
850.300000000 26.3557 -10.6232 0 0 0 0.32376 0.946139
850.400000000 26.3531 -10.6028 0 0 0 0.365428 0.93084
850.500000000 26.3387 -10.5888 0 0 0 0.411494 0.911412
850.600000000 26.3231 -10.5763 0 0 0 0.456531 0.889707
850.700000000 26.3063 -10.5655 0 0 0 0.500428 0.865778
850.800000000 26.2885 -10.5564 0 0 0 0.543073 0.839685
850.900000000 26.2699 -10.5491 0 0 0 0.584361 0.811494
851.000000000 26.2506 -10.5438 0 0 0 0.624189 0.781274
851.100000000 26.2309 -10.5403 0 0 0 0.662456 0.749101
851.200000000 26.211 -10.5389 0 0 0 0.699068 0.715056
851.300000000 26.191 -10.5394 0 0 0 0.733932 0.679223
851.400000000 26.1712 -10.542 0 0 0 0.766962 0.641693
851.500000000 26.1517 -10.5465 0 0 0 0.798074 0.602559
851.600000000 26.1328 -10.5529 0 0 0 0.827192 0.561919
851.700000000 26.1146 -10.5612 0 0 0 0.854243 0.519874
851.800000000 26.0973 -10.5712 0 0 0 0.879158 0.47653
851.900000000 26.0811 -10.583 0 0 0 0.901876 0.431995
852.000000000 26.0662 -10.5963 0 0 0 0.92234 0.38638
852.100000000 26.0527 -10.611 0 0 0 0.940498 0.339799
852.200000000 26.0407 -10.627 0 0 0 0.956305 0.292369
852.300000000 26.0303 -10.6441 0 0 0 0.969723 0.244209
852.400000000 26.0218 -10.6621 0 0 0 0.980716 0.195438
852.500000000 26.015 -10.681 0 0 0 0.989258 0.146178
852.600000000 26.0102 -10.7004 0 0 0 0.995328 0.096553
852.700000000 26.0073 -10.7202 0 0 0 0.99891 0.0466866
852.800000000 26.0065 -10.7401 0 0 0 0.999995 -0.00329639
852.900000000 26.0076 -10.7601 0 0 0 0.99858 -0.0532712
853.000000000 26.0107 -10.7798 0 0 0 0.99467 -0.103113
853.100000000 26.0158 -10.7992 0 0 0 0.988273 -0.152697
853.200000000 26.0228 -10.8179 0 0 0 0.979406 -0.201899
853.300000000 26.0316 -10.8359 0 0 0 0.968092 -0.250597
853.400000000 26.0422 -10.8528 0 0 0 0.954357 -0.298668
853.500000000 26.0544 -10.8687 0 0 0 0.938237 -0.345992
853.600000000 26.0459 -10.8957 0 0 0 0.924515 -0.381145
853.700000000 26.0309 -10.9291 0 0 0 0.911563 -0.411159
853.800000000 26.0173 -10.9639 0 0 0 0.897826 -0.44035
853.900000000 26.0061 -10.9995 0 0 0 0.883154 -0.469083
854.000000000 25.9971 -11.0358 0 0 0 0.867563 -0.497327
854.100000000 25.9906 -11.0725 0 0 0 -0.851069 0.525054
854.200000000 25.9863 -11.1096 0 0 0 -0.833689 0.552234
854.300000000 25.9845 -11.1469 0 0 0 -0.815442 0.578839
854.400000000 25.9852 -11.1843 0 0 0 -0.796345 0.604842
854.500000000 25.9807 -11.2364 0 0 0 -0.781467 0.623946
854.600000000 25.9734 -11.3007 0 0 0 -0.770278 0.637708
854.700000000 25.968 -11.3661 0 0 0 -0.759125 0.650944
854.800000000 25.9646 -11.4325 0 0 0 -0.748032 0.663663
854.900000000 25.9634 -11.499 0 0 0 -0.736725 0.676192
855.000000000 25.9645 -11.5655 0 0 0 -0.725209 0.688529
855.100000000 25.9678 -11.6318 0 0 0 -0.713486 0.70067
855.200000000 25.9733 -11.6981 0 0 0 -0.701559 0.712611
855.300000000 25.9811 -11.7641 0 0 0 -0.689433 0.724349
855.400000000 25.9911 -11.8298 0 0 0 -0.677111 0.735881
855.500000000 26.0033 -11.8952 0 0 0 -0.664596 0.747203
855.600000000 26.0177 -11.9601 0 0 0 -0.651891 0.758313
855.700000000 26.0343 -12.0244 0 0 0 -0.639001 0.769206
855.800000000 26.0531 -12.0882 0 0 0 -0.625928 0.779881
855.900000000 26.074 -12.1513 0 0 0 -0.612678 0.790333
856.000000000 26.097 -12.2137 0 0 0 -0.599253 0.80056
856.100000000 26.1208 -12.2848 0 0 0 -0.593766 0.804638
856.200000000 26.1438 -12.3562 0 0 0 -0.591952 0.805973
856.300000000 26.1668 -12.4276 0 0 0 -0.590724 0.806874
856.400000000 26.19 -12.4989 0 0 0 -0.589494 0.807773
856.500000000 26.2135 -12.5702 0 0 0 -0.588263 0.80867
856.600000000 26.2333 -12.6426 0 0 0 -0.595178 0.803594
856.700000000 26.2514 -12.7154 0 0 0 -0.602929 0.797795
856.800000000 26.2682 -12.7886 0 0 0 -0.610623 0.791922
856.900000000 26.2835 -12.862 0 0 0 -0.61826 0.785974
857.000000000 26.2974 -12.9358 0 0 0 -0.625839 0.779952
857.100000000 26.3098 -13.0098 0 0 0 -0.63336 0.773858
857.200000000 26.3209 -13.0841 0 0 0 -0.640821 0.767691
857.300000000 26.3305 -13.1585 0 0 0 -0.648222 0.761452
857.400000000 26.3386 -13.2332 0 0 0 -0.655562 0.755141
857.500000000 26.3453 -13.3079 0 0 0 -0.662841 0.74876
857.600000000 26.3508 -13.3828 0 0 0 -0.669653 0.742674
857.700000000 26.3549 -13.4577 0 0 0 -0.676409 0.736526
857.800000000 26.3576 -13.5327 0 0 0 -0.683108 0.730317
857.900000000 26.3589 -13.6078 0 0 0 -0.689751 0.724047
858.000000000 26.3589 -13.6828 0 0 0 -0.696336 0.717716
858.100000000 26.3575 -13.7579 0 0 0 -0.702863 0.711326
858.200000000 26.3548 -13.8329 0 0 0 -0.709331 0.704876
858.300000000 26.3507 -13.9078 0 0 0 -0.71574 0.698367
858.400000000 26.3452 -13.9827 0 0 0 -0.722089 0.6918
858.500000000 26.3383 -14.0574 0 0 0 -0.728378 0.685175
858.600000000 26.3325 -14.1322 0 0 0 -0.730403 0.683017
858.700000000 26.3266 -14.207 0 0 0 -0.731939 0.68137
858.800000000 26.3204 -14.2817 0 0 0 -0.733471 0.67972
858.900000000 26.3138 -14.3564 0 0 0 -0.735 0.678067
859.000000000 26.3068 -14.4311 0 0 0 -0.736525 0.67641
859.100000000 26.2996 -14.5057 0 0 0 -0.738046 0.67475
859.200000000 26.292 -14.5804 0 0 0 -0.739564 0.673087
859.300000000 26.284 -14.6549 0 0 0 -0.741077 0.67142
859.400000000 26.2758 -14.7295 0 0 0 -0.742587 0.669749
859.500000000 26.2671 -14.804 0 0 0 -0.744094 0.668075
859.600000000 26.2597 -14.8786 0 0 0 -0.743075 0.669208
859.700000000 26.2525 -14.9533 0 0 0 -0.742055 0.670339
859.800000000 26.2455 -15.028 0 0 0 -0.741033 0.671469
859.900000000 26.2387 -15.1027 0 0 0 -0.740009 0.672597
860.000000000 26.2322 -15.1774 0 0 0 -0.738983 0.673724
860.100000000 26.2259 -15.2521 0 0 0 -0.737956 0.674849
860.200000000 26.2198 -15.3269 0 0 0 -0.736927 0.675972
860.300000000 26.2139 -15.4016 0 0 0 -0.735896 0.677094
860.400000000 26.2083 -15.4764 0 0 0 -0.734864 0.678214
860.500000000 26.2038 -15.5513 0 0 0 -0.732385 0.680891
860.600000000 26.2 -15.6262 0 0 0 -0.729438 0.684047
860.700000000 26.197 -15.7012 0 0 0 -0.726477 0.68719
860.800000000 26.1945 -15.7761 0 0 0 -0.723503 0.690321
860.900000000 26.1927 -15.8511 0 0 0 -0.720516 0.693439
861.000000000 26.1916 -15.9261 0 0 0 -0.717514 0.696544
861.100000000 26.1911 -16.0011 0 0 0 -0.7145 0.699636
861.200000000 26.1912 -16.0762 0 0 0 -0.711472 0.702714
861.300000000 26.192 -16.1512 0 0 0 -0.708431 0.70578
861.400000000 26.1935 -16.2262 0 0 0 -0.705377 0.708833
861.500000000 26.1956 -16.3011 0 0 0 -0.702309 0.711872
861.600000000 26.1983 -16.3761 0 0 0 -0.699229 0.714898
861.700000000 26.2017 -16.451 0 0 0 -0.696135 0.717911
861.800000000 26.2057 -16.5259 0 0 0 -0.693029 0.72091
861.900000000 26.2104 -16.6008 0 0 0 -0.689909 0.723896
862.000000000 26.2157 -16.6756 0 0 0 -0.686777 0.726868
862.100000000 26.2217 -16.7504 0 0 0 -0.683632 0.729827
862.200000000 26.2266 -16.8252 0 0 0 -0.683632 0.729827
862.300000000 26.2315 -16.9001 0 0 0 -0.683632 0.729827
862.400000000 26.2364 -16.9749 0 0 0 -0.683632 0.729827
862.500000000 26.2413 -17.0498 0 0 0 -0.683632 0.729827
862.600000000 26.2453 -17.1247 0 0 0 -0.685273 0.728286
862.700000000 26.2487 -17.1996 0 0 0 -0.687426 0.726255
862.800000000 26.2516 -17.2745 0 0 0 -0.689572 0.724217
862.900000000 26.2541 -17.3495 0 0 0 -0.691712 0.722173
863.000000000 26.2562 -17.4245 0 0 0 -0.693847 0.720123
863.100000000 26.2578 -17.4995 0 0 0 -0.695975 0.718066
863.200000000 26.2589 -17.5745 0 0 0 -0.698097 0.716003
863.300000000 26.2596 -17.6495 0 0 0 -0.700213 0.713934
863.400000000 26.2599 -17.7245 0 0 0 -0.702323 0.711859
863.500000000 26.2597 -17.7995 0 0 0 -0.704426 0.709777
863.600000000 26.2597 -17.8745 0 0 0 -0.705507 0.708703
863.700000000 26.2597 -17.9495 0 0 0 -0.706055 0.708157
863.800000000 26.2596 -18.0245 0 0 0 -0.706602 0.707611
863.900000000 26.2594 -18.0995 0 0 0 -0.707149 0.707064
864.000000000 26.2591 -18.1745 0 0 0 -0.707696 0.706517
864.100000000 26.2587 -18.2495 0 0 0 -0.708242 0.70597
864.200000000 26.2581 -18.3245 0 0 0 -0.708788 0.705422
864.300000000 26.2575 -18.3995 0 0 0 -0.709333 0.704874
864.400000000 26.2567 -18.4745 0 0 0 -0.709878 0.704325
864.500000000 26.2558 -18.5495 0 0 0 -0.710422 0.703776
864.600000000 26.2554 -18.6245 0 0 0 -0.709878 0.704325
864.700000000 26.2551 -18.6995 0 0 0 -0.709333 0.704874
864.800000000 26.2549 -18.7745 0 0 0 -0.708788 0.705422
864.900000000 26.2549 -18.8495 0 0 0 -0.708242 0.70597
865.000000000 26.255 -18.9245 0 0 0 -0.707696 0.706517
865.100000000 26.2551 -18.9995 0 0 0 -0.707149 0.707064
865.200000000 26.2554 -19.0745 0 0 0 -0.706602 0.707611
865.300000000 26.2559 -19.1495 0 0 0 -0.706055 0.708157
865.400000000 26.2564 -19.2245 0 0 0 -0.705507 0.708703
865.500000000 26.257 -19.2995 0 0 0 -0.704959 0.709248
865.600000000 26.2575 -19.3745 0 0 0 -0.704959 0.709248
865.700000000 26.258 -19.4495 0 0 0 -0.704959 0.709248
865.800000000 26.2584 -19.5245 0 0 0 -0.704959 0.709248
865.900000000 26.2589 -19.5995 0 0 0 -0.704959 0.709248
866.000000000 26.2593 -19.6745 0 0 0 -0.704959 0.709248
866.100000000 26.2598 -19.7495 0 0 0 -0.704959 0.709248
866.200000000 26.2602 -19.8245 0 0 0 -0.704959 0.709248
866.300000000 26.2607 -19.8995 0 0 0 -0.704959 0.709248
866.400000000 26.2611 -19.9745 0 0 0 -0.704959 0.709248
866.500000000 26.2616 -20.0495 0 0 0 -0.704959 0.709248
866.600000000 26.2621 -20.1245 0 0 0 -0.704959 0.709248
866.700000000 26.2625 -20.1995 0 0 0 -0.704959 0.709248
866.800000000 26.263 -20.2744 0 0 0 -0.704959 0.709248
866.900000000 26.2634 -20.3494 0 0 0 -0.704959 0.709248
867.000000000 26.2639 -20.4244 0 0 0 -0.704959 0.709248
867.100000000 26.2643 -20.4994 0 0 0 -0.704959 0.709248
867.200000000 26.2648 -20.5744 0 0 0 -0.704959 0.709248
867.300000000 26.2652 -20.6494 0 0 0 -0.704959 0.709248
867.400000000 26.2657 -20.7244 0 0 0 -0.704959 0.709248
867.500000000 26.2661 -20.7994 0 0 0 -0.704959 0.709248
867.600000000 26.2666 -20.8744 0 0 0 -0.704959 0.709248
867.700000000 26.2671 -20.9494 0 0 0 -0.704959 0.709248
867.800000000 26.2675 -21.0244 0 0 0 -0.704959 0.709248
867.900000000 26.268 -21.0994 0 0 0 -0.704959 0.709248
868.000000000 26.2684 -21.1744 0 0 0 -0.704959 0.709248
868.100000000 26.2689 -21.2494 0 0 0 -0.704959 0.709248
868.200000000 26.2693 -21.3244 0 0 0 -0.704959 0.709248
868.300000000 26.2698 -21.3994 0 0 0 -0.704959 0.709248
868.400000000 26.2702 -21.4744 0 0 0 -0.704959 0.709248
868.500000000 26.2707 -21.5494 0 0 0 -0.704959 0.709248
868.600000000 26.2712 -21.6244 0 0 0 -0.704959 0.709248
868.700000000 26.2716 -21.6994 0 0 0 -0.704959 0.709248
868.800000000 26.2721 -21.7744 0 0 0 -0.704959 0.709248
868.900000000 26.2725 -21.8494 0 0 0 -0.704959 0.709248
869.000000000 26.273 -21.9244 0 0 0 -0.704959 0.709248
869.100000000 26.2734 -21.9994 0 0 0 -0.704959 0.709248
869.200000000 26.2739 -22.0744 0 0 0 -0.704959 0.709248
869.300000000 26.2743 -22.1494 0 0 0 -0.704959 0.709248
869.400000000 26.2748 -22.2244 0 0 0 -0.704959 0.709248
869.500000000 26.2752 -22.2994 0 0 0 -0.704959 0.709248
869.600000000 26.2757 -22.3744 0 0 0 -0.704959 0.709248
869.700000000 26.2762 -22.4494 0 0 0 -0.704959 0.709248
869.800000000 26.2766 -22.5244 0 0 0 -0.704959 0.709248
869.900000000 26.2771 -22.5994 0 0 0 -0.704959 0.709248
870.000000000 26.2775 -22.6744 0 0 0 -0.704959 0.709248
870.100000000 26.278 -22.7494 0 0 0 -0.704959 0.709248
870.200000000 26.2784 -22.8244 0 0 0 -0.704959 0.709248
870.300000000 26.2789 -22.8994 0 0 0 -0.704959 0.709248
870.400000000 26.2793 -22.9744 0 0 0 -0.704959 0.709248
870.500000000 26.2798 -23.0494 0 0 0 -0.704959 0.709248
870.600000000 26.2814 -23.1244 0 0 0 -0.702856 0.711332
870.700000000 26.2835 -23.1994 0 0 0 -0.700748 0.713409
870.800000000 26.286 -23.2743 0 0 0 -0.698634 0.715479
870.900000000 26.2887 -23.3493 0 0 0 -0.697021 0.717051
871.000000000 26.2918 -23.4242 0 0 0 -0.695404 0.718619
871.100000000 26.2954 -23.4991 0 0 0 -0.693275 0.720673
871.200000000 26.2992 -23.574 0 0 0 -0.69165 0.722233
871.300000000 26.3033 -23.6489 0 0 0 -0.690022 0.723788
871.400000000 26.3118 -23.7236 0 0 0 -0.681095 0.732195
871.500000000 26.3219 -23.798 0 0 0 -0.672436 0.740156
871.600000000 26.333 -23.8722 0 0 0 -0.66524 0.74663
871.700000000 26.3462 -23.9461 0 0 0 -0.656411 0.754404
871.800000000 26.3613 -24.0197 0 0 0 -0.647492 0.762073
871.900000000 26.378 -24.0929 0 0 0 -0.638483 0.769636
872.000000000 26.3965 -24.1657 0 0 0 -0.629385 0.777093
872.100000000 26.415 -24.2384 0 0 0 -0.623594 0.781748
872.200000000 26.436 -24.3105 0 0 0 -0.614756 0.788718
872.300000000 26.4589 -24.382 0 0 0 -0.605435 0.795894
872.400000000 26.4834 -24.453 0 0 0 -0.596031 0.802961
872.500000000 26.5048 -24.5249 0 0 0 -0.596652 0.8025
872.600000000 26.5267 -24.5966 0 0 0 -0.596031 0.802961
872.700000000 26.5487 -24.6683 0 0 0 -0.59541 0.803422
872.800000000 26.5708 -24.74 0 0 0 -0.594789 0.803882
872.900000000 26.5931 -24.8116 0 0 0 -0.594167 0.804342
873.000000000 26.6154 -24.8832 0 0 0 -0.593545 0.804801
873.100000000 26.6379 -24.9547 0 0 0 -0.592922 0.80526
873.200000000 26.6604 -25.0263 0 0 0 -0.592299 0.805718
873.300000000 26.6831 -25.0978 0 0 0 -0.591676 0.806176
873.400000000 26.7059 -25.1692 0 0 0 -0.591053 0.806633
873.500000000 26.7288 -25.2406 0 0 0 -0.590429 0.80709
873.600000000 26.7518 -25.312 0 0 0 -0.589804 0.807546
873.700000000 26.7749 -25.3834 0 0 0 -0.58918 0.808002
873.800000000 26.7981 -25.4547 0 0 0 -0.588555 0.808457
873.900000000 26.8215 -25.526 0 0 0 -0.587929 0.808912
874.000000000 26.8493 -25.5952 0 0 0 -0.577566 0.816344
874.100000000 26.8763 -25.646 0 0 0 -0.559931 0.82854
874.200000000 26.9025 -25.6796 0 0 0 -0.535364 0.844621
874.300000000 26.9261 -25.6938 0 0 0 -0.502685 0.86447
874.400000000 26.9439 -25.6861 0 0 0 -0.460204 0.887813
874.500000000 26.9597 -25.6738 0 0 0 -0.415257 0.909704
874.600000000 26.9741 -25.6599 0 0 0 -0.369272 0.929321
874.700000000 26.9871 -25.6447 0 0 0 -0.322364 0.946616
874.800000000 26.9985 -25.6283 0 0 0 -0.27465 0.961544
874.900000000 27.0082 -25.6108 0 0 0 -0.226249 0.974069
875.000000000 27.0161 -25.5925 0 0 0 -0.177283 0.98416
875.100000000 27.0221 -25.5734 0 0 0 -0.127874 0.99179
875.200000000 27.0262 -25.5538 0 0 0 -0.0781456 0.996942
875.300000000 27.0283 -25.534 0 0 0 -0.0282216 0.999602
875.400000000 27.0285 -25.514 0 0 0 0.0217729 0.999763
875.500000000 27.0266 -25.4941 0 0 0 0.071713 0.997425
875.600000000 27.0228 -25.4744 0 0 0 0.121474 0.992595
875.700000000 27.017 -25.4553 0 0 0 0.170931 0.985283
875.800000000 27.0093 -25.4368 0 0 0 0.219961 0.975509
875.900000000 26.9998 -25.4192 0 0 0 0.268441 0.963296
876.000000000 26.9887 -25.4027 0 0 0 0.316251 0.948676
876.100000000 26.9759 -25.3873 0 0 0 0.363269 0.931684
876.200000000 26.9616 -25.3733 0 0 0 0.40938 0.912364
876.300000000 26.946 -25.3607 0 0 0 0.454468 0.890763
876.400000000 26.9293 -25.3498 0 0 0 0.498419 0.866936
876.500000000 26.9115 -25.3406 0 0 0 0.541125 0.840942
876.600000000 26.8929 -25.3333 0 0 0 0.582479 0.812846
876.700000000 26.8737 -25.3278 0 0 0 0.622376 0.782718
876.800000000 26.854 -25.3243 0 0 0 0.660718 0.750634
876.900000000 26.8341 -25.3227 0 0 0 0.697408 0.716674
877.000000000 26.8141 -25.3232 0 0 0 0.732355 0.680923
877.100000000 26.7943 -25.3256 0 0 0 0.765472 0.643469
877.200000000 26.7748 -25.3301 0 0 0 0.796675 0.604407
877.300000000 26.7558 -25.3364 0 0 0 0.825888 0.563835
877.400000000 26.7376 -25.3446 0 0 0 0.853035 0.521853
877.500000000 26.7203 -25.3546 0 0 0 0.878051 0.478567
877.600000000 26.704 -25.3662 0 0 0 0.900872 0.434084
877.700000000 26.689 -25.3795 0 0 0 0.921442 0.388517
877.800000000 26.6754 -25.3941 0 0 0 0.939708 0.341979
877.900000000 26.6634 -25.4101 0 0 0 0.955625 0.294585
878.000000000 26.653 -25.4271 0 0 0 0.969154 0.246456
878.100000000 26.6443 -25.4451 0 0 0 0.98026 0.19771
878.200000000 26.6375 -25.4639 0 0 0 0.988917 0.148471
878.300000000 26.6326 -25.4833 0 0 0 0.995101 0.0988599
878.400000000 26.6296 -25.5031 0 0 0 0.998799 0.0490021
878.500000000 26.6043 -25.5158 0 0 0 0.999936 0.0112833
878.600000000 26.5664 -25.5273 0 0 0 0.999806 -0.0197171
878.700000000 26.5276 -25.5409 0 0 0 0.998755 -0.049875
878.800000000 26.4898 -25.5568 0 0 0 0.996796 -0.0799874
878.900000000 26.4529 -25.575 0 0 0 0.993929 -0.110027
879.000000000 26.4172 -25.5954 0 0 0 0.990156 -0.139966
879.100000000 26.3828 -25.6178 0 0 0 0.985482 -0.169778
879.200000000 26.3498 -25.6423 0 0 0 0.979911 -0.199436
879.300000000 26.3184 -25.6688 0 0 0 0.973447 -0.228911
879.400000000 26.2886 -25.6971 0 0 0 0.966097 -0.258179
879.500000000 26.2606 -25.7272 0 0 0 0.957867 -0.287211
879.600000000 26.2193 -25.765 0 0 0 0.951243 -0.308441
879.700000000 26.1638 -25.812 0 0 0 0.946925 -0.321455
879.800000000 26.1071 -25.8612 0 0 0 0.943247 -0.332093
879.900000000 26.0513 -25.9115 0 0 0 0.939625 -0.342205
880.000000000 25.9967 -25.963 0 0 0 0.935896 -0.352276
880.100000000 25.9432 -26.0157 0 0 0 0.932059 -0.362308
880.200000000 25.8908 -26.0694 0 0 0 0.928114 -0.372297
880.300000000 25.8396 -26.1244 0 0 0 0.924062 -0.382244
880.400000000 25.7896 -26.1803 0 0 0 0.919903 -0.392146
880.500000000 25.7408 -26.2374 0 0 0 0.915638 -0.402003
880.600000000 25.6926 -26.2949 0 0 0 0.912156 -0.409843
880.700000000 25.6454 -26.3532 0 0 0 0.908607 -0.417652
880.800000000 25.5991 -26.4124 0 0 0 0.904991 -0.425431
880.900000000 25.554 -26.4723 0 0 0 0.901308 -0.433178
881.000000000 25.5098 -26.533 0 0 0 0.897559 -0.440894
881.100000000 25.4669 -26.5945 0 0 0 0.893495 -0.449074
881.200000000 25.4251 -26.6569 0 0 0 0.889355 -0.457217
881.300000000 25.3842 -26.7198 0 0 0 0.885401 -0.464829
881.400000000 25.3445 -26.7835 0 0 0 0.881381 -0.472406
881.500000000 25.3058 -26.8478 0 0 0 0.877296 -0.47995
881.600000000 25.2683 -26.9128 0 0 0 0.873147 -0.487457
881.700000000 25.2317 -26.9783 0 0 0 0.869214 -0.494436
881.800000000 25.1961 -27.0444 0 0 0 -0.865226 0.501382
881.900000000 25.1616 -27.111 0 0 0 -0.861182 0.508296
882.000000000 25.1282 -27.1782 0 0 0 -0.857083 0.515178
882.100000000 25.0958 -27.2459 0 0 0 -0.852929 0.522027
882.200000000 25.0646 -27.3142 0 0 0 -0.84872 0.528842
882.300000000 25.0344 -27.3829 0 0 0 -0.844457 0.535623
882.400000000 25.0058 -27.4523 0 0 0 -0.839529 0.543314
882.500000000 24.978 -27.522 0 0 0 -0.835151 0.550021
882.600000000 24.9511 -27.592 0 0 0 -0.831041 0.556211
882.700000000 24.9255 -27.6626 0 0 0 -0.826559 0.56285
882.800000000 24.9008 -27.7334 0 0 0 -0.822355 0.568975
882.900000000 24.8769 -27.8045 0 0 0 -0.818446 0.574584
883.000000000 24.854 -27.876 0 0 0 -0.814498 0.580166
883.100000000 24.8321 -27.9477 0 0 0 -0.810513 0.58572
883.200000000 24.8111 -28.0198 0 0 0 -0.80649 0.591248
883.300000000 24.7912 -28.0921 0 0 0 -0.802429 0.596747
883.400000000 24.7722 -28.1647 0 0 0 -0.798331 0.602219
883.500000000 24.7545 -28.2376 0 0 0 -0.793834 0.608134
883.600000000 24.7366 -28.3105 0 0 0 -0.791201 0.611556
883.700000000 24.7208 -28.3839 0 0 0 -0.786277 0.617874
883.800000000 24.7034 -28.4568 0 0 0 -0.785799 0.618482
883.900000000 24.6831 -28.529 0 0 0 -0.790009 0.613095
884.000000000 24.6616 -28.6009 0 0 0 -0.794542 0.607209
884.100000000 24.6391 -28.6725 0 0 0 -0.799032 0.601289
884.200000000 24.6155 -28.7437 0 0 0 -0.803477 0.595336
884.300000000 24.5908 -28.8146 0 0 0 -0.807878 0.58935
884.400000000 24.5651 -28.8851 0 0 0 -0.812234 0.583331
884.500000000 24.5383 -28.9552 0 0 0 -0.816546 0.577281
884.600000000 24.5105 -29.0249 0 0 0 -0.820812 0.571198
884.700000000 24.4817 -29.0941 0 0 0 -0.825033 0.565084
884.800000000 24.4518 -29.163 0 0 0 -0.829209 0.558939
884.900000000 24.4209 -29.2314 0 0 0 -0.833339 0.552763
885.000000000 24.389 -29.2993 0 0 0 -0.837423 0.546556
885.100000000 24.3561 -29.3667 0 0 0 -0.84146 0.540319
885.200000000 24.3222 -29.4337 0 0 0 -0.845451 0.534052
885.300000000 24.2879 -29.4896 0 0 0 -0.854568 0.519339
885.400000000 24.2564 -29.5284 0 0 0 0.867479 -0.497474
885.500000000 24.2284 -29.5496 0 0 0 0.883682 -0.468088
885.600000000 24.2074 -29.5495 0 0 0 0.903318 -0.428972
885.700000000 24.1918 -29.5375 0 0 0 0.923332 -0.384003
885.800000000 24.1774 -29.524 0 0 0 0.941109 -0.338104
885.900000000 24.1645 -29.5093 0 0 0 0.956606 -0.291386
886.000000000 24.153 -29.4933 0 0 0 0.969785 -0.243961
886.100000000 24.1432 -29.4762 0 0 0 0.980615 -0.195945
886.200000000 24.1351 -29.4583 0 0 0 0.989069 -0.147455
886.300000000 24.1288 -29.4396 0 0 0 0.995126 -0.0986076
886.400000000 24.1244 -29.4205 0 0 0 0.998773 -0.0495212
886.500000000 24.1219 -29.401 0 0 0 1 -0.000314766
886.600000000 24.1213 -29.3813 0 0 0 0.998804 0.0488924
886.700000000 24.1226 -29.3617 0 0 0 0.995188 0.0979811
886.800000000 24.1259 -29.3423 0 0 0 0.989161 0.146832
886.900000000 24.1311 -29.3233 0 0 0 0.980738 0.195328
887.000000000 24.1381 -29.3049 0 0 0 0.969938 0.24335
887.100000000 24.1468 -29.2873 0 0 0 0.956789 0.290783
887.200000000 24.1573 -29.2707 0 0 0 0.941321 0.337512
887.300000000 24.1693 -29.2551 0 0 0 0.923573 0.383422
887.400000000 24.1829 -29.2408 0 0 0 0.903587 0.428404
887.500000000 24.1786 -29.2121 0 0 0 0.887007 0.461755
887.600000000 24.1772 -29.1838 0 0 0 0.868954 0.494892
887.700000000 24.1773 -29.1548 0 0 0 0.849922 0.526908
887.800000000 24.1789 -29.125 0 0 0 0.829981 0.557791
887.900000000 24.1822 -29.0946 0 0 0 0.809198 0.587536
888.000000000 24.1881 -29.0654 0 0 0 0.787056 0.616882
888.100000000 24.1958 -29.0359 0 0 0 0.764157 0.64503
888.200000000 24.2056 -29.0069 0 0 0 0.740253 0.672329
888.300000000 24.2177 -28.9797 0 0 0 0.71504 0.699083
888.400000000 24.2314 -28.9515 0 0 0 0.689547 0.724241
888.500000000 24.2475 -28.9273 0 0 0 0.662099 0.749416
888.600000000 24.2652 -28.9024 0 0 0 0.634474 0.772944
888.700000000 24.2846 -28.8819 0 0 0 0.60486 0.796332
888.800000000 24.3054 -28.8649 0 0 0 0.573561 0.819163
888.900000000 24.3279 -28.8466 0 0 0 0.542658 0.839954
889.000000000 24.3513 -28.8319 0 0 0 0.510152 0.860084
889.100000000 24.3766 -28.8162 0 0 0 0.478195 0.878254
889.200000000 24.4023 -28.8043 0 0 0 0.444718 0.89567
889.300000000 24.4292 -28.7934 0 0 0 0.411056 0.91161
889.400000000 24.4603 -28.7788 0 0 0 0.379829 0.925057
889.500000000 24.5018 -28.7522 0 0 0 0.355853 0.934542
889.600000000 24.5546 -28.7147 0 0 0 0.339222 0.940706
889.700000000 24.6144 -28.6693 0 0 0 0.331676 0.943393
889.800000000 24.6715 -28.6206 0 0 0 0.336961 0.941519
889.900000000 24.7268 -28.5699 0 0 0 0.346561 0.938027
890.000000000 24.781 -28.5179 0 0 0 0.356615 0.934251
890.100000000 24.834 -28.4648 0 0 0 0.366629 0.930367
890.200000000 24.8859 -28.4105 0 0 0 0.3766 0.926376
890.300000000 24.9366 -28.3551 0 0 0 0.386527 0.922278
890.400000000 24.9861 -28.2987 0 0 0 0.39641 0.918073
890.500000000 25.0343 -28.2412 0 0 0 0.406248 0.913763
890.600000000 25.0688 -28.1912 0 0 0 0.42428 0.905531
890.700000000 25.0993 -28.1414 0 0 0 0.443237 0.896404
890.800000000 25.1276 -28.0904 0 0 0 0.461999 0.886881
890.900000000 25.1538 -28.0383 0 0 0 0.480555 0.876964
891.000000000 25.1778 -27.9851 0 0 0 0.498899 0.86666
891.100000000 25.1995 -27.9309 0 0 0 0.517022 0.855972
891.200000000 25.2195 -27.8753 0 0 0 0.534575 0.845121
891.300000000 25.2371 -27.8188 0 0 0 0.551901 0.83391
891.400000000 25.2529 -27.761 0 0 0 0.568658 0.822574
891.500000000 25.2663 -27.7026 0 0 0 0.585182 0.810902
891.600000000 25.2773 -27.6437 0 0 0 0.601466 0.798898
891.700000000 25.2859 -27.5844 0 0 0 0.617505 0.786567
891.800000000 25.2922 -27.5248 0 0 0 0.63329 0.773914
891.900000000 25.296 -27.465 0 0 0 0.648817 0.760945
892.000000000 25.2974 -27.4051 0 0 0 0.664077 0.747664
892.100000000 25.2961 -27.346 0 0 0 0.679364 0.733801
892.200000000 25.2924 -27.287 0 0 0 0.694362 0.719626
892.300000000 25.2862 -27.2282 0 0 0 0.709064 0.705144
892.400000000 25.2777 -27.1696 0 0 0 0.723464 0.690363
892.500000000 25.2667 -27.1115 0 0 0 0.737555 0.675287
892.600000000 25.2533 -27.0539 0 0 0 0.751333 0.659923
892.700000000 25.2376 -26.9969 0 0 0 0.764791 0.644279
892.800000000 25.2195 -26.9406 0 0 0 0.777923 0.62836
892.900000000 25.1991 -26.8851 0 0 0 0.790724 0.612173
893.000000000 25.1765 -26.8305 0 0 0 0.803188 0.595726
893.100000000 25.1516 -26.7769 0 0 0 0.81531 0.579025
893.200000000 25.1245 -26.7243 0 0 0 0.827085 0.562078
893.300000000 25.0952 -26.6729 0 0 0 0.838507 0.544891
893.400000000 25.0639 -26.6227 0 0 0 0.849573 0.527472
893.500000000 25.0306 -26.5739 0 0 0 0.860276 0.509828
893.600000000 24.9952 -26.5265 0 0 0 0.870613 0.491968
893.700000000 24.9576 -26.4798 0 0 0 0.880388 0.474255
893.800000000 24.9182 -26.4347 0 0 0 0.889801 0.456348
893.900000000 24.877 -26.3912 0 0 0 0.898851 0.438254
894.000000000 24.8341 -26.3494 0 0 0 0.907533 0.419981
894.100000000 24.7895 -26.3094 0 0 0 0.915843 0.401536
894.200000000 24.7433 -26.2712 0 0 0 0.923779 0.382927
894.300000000 24.6951 -26.2342 0 0 0 0.931187 0.364541
894.400000000 24.6451 -26.1985 0 0 0 0.938088 0.346397
894.500000000 24.5926 -26.1634 0 0 0 0.944362 0.328908
894.600000000 24.5388 -26.1302 0 0 0 0.95031 0.311305
894.700000000 24.4833 -26.0985 0 0 0 0.955807 0.293996
894.800000000 24.426 -26.0682 0 0 0 0.960871 0.276998
894.900000000 24.3684 -26.0405 0 0 0 0.965742 0.259503
895.000000000 24.3078 -26.0132 0 0 0 0.969984 0.243168
895.100000000 24.2463 -25.9879 0 0 0 0.97395 0.226763
895.200000000 24.1833 -25.9642 0 0 0 0.977546 0.210721
895.300000000 24.1187 -25.9421 0 0 0 0.980792 0.195055
895.400000000 24.0536 -25.922 0 0 0 0.983787 0.179338
895.500000000 23.987 -25.9036 0 0 0 0.986458 0.164016
895.600000000 23.9204 -25.8873 0 0 0 0.98887 0.148779
895.700000000 23.8567 -25.8736 0 0 0 0.990865 0.134858
895.800000000 23.7943 -25.862 0 0 0 0.99262 0.121267
895.900000000 23.735 -25.8521 0 0 0 0.99399 0.109469
896.000000000 23.6771 -25.844 0 0 0 0.995188 0.0979831
896.100000000 23.6224 -25.8371 0 0 0 0.996109 0.0881254
896.200000000 23.5693 -25.8318 0 0 0 0.996947 0.0780839
896.300000000 23.5177 -25.8274 0 0 0 0.99763 0.0688084
896.400000000 23.4677 -25.8241 0 0 0 0.998209 0.0598265
896.500000000 23.4194 -25.8213 0 0 0 0.998626 0.0524036
896.600000000 23.3727 -25.8192 0 0 0 0.998976 0.0452339
896.700000000 23.3276 -25.8179 0 0 0 0.999266 0.0383181
896.800000000 23.2842 -25.8173 0 0 0 0.999499 0.0316567
896.900000000 23.2425 -25.8173 0 0 0 0.99969 0.0248902
897.000000000 23.2008 -25.8177 0 0 0 0.999823 0.018839
897.100000000 23.1607 -25.8186 0 0 0 0.99992 0.012687
897.200000000 23.119 -25.8197 0 0 0 0.999973 0.00733818
897.300000000 23.0773 -25.8211 0 0 0 0.999997 0.0023366
897.400000000 23.0423 -25.8224 0 0 0 0.999999 -0.00128747
897.500000000 23.009 -25.824 0 0 0 0.999987 -0.00501289
897.600000000 22.9774 -25.8257 0 0 0 0.999963 -0.00855198
897.700000000 22.9474 -25.8277 0 0 0 0.999926 -0.012153
897.800000000 22.9175 -25.8297 0 0 0 0.99988 -0.0155055
897.900000000 22.8875 -25.8318 0 0 0 0.999831 -0.0183665
898.000000000 22.8576 -25.834 0 0 0 0.99978 -0.0209839
898.100000000 22.8293 -25.8362 0 0 0 0.999719 -0.0236857
898.200000000 22.7994 -25.8385 0 0 0 0.999667 -0.0258199
898.300000000 22.7695 -25.8408 0 0 0 0.999616 -0.0277141
898.400000000 22.7412 -25.8432 0 0 0 0.999558 -0.0297295
898.500000000 22.6665 -25.8499 0 0 0 0.999376 -0.0353345
898.600000000 22.5919 -25.8574 0 0 0 0.999162 -0.0409385
898.700000000 22.5173 -25.8655 0 0 0 0.998946 -0.045905
898.800000000 22.4428 -25.8744 0 0 0 0.998705 -0.0508704
898.900000000 22.3684 -25.8837 0 0 0 0.998476 -0.0551825
899.000000000 22.294 -25.8934 0 0 0 0.998268 -0.0588246
899.100000000 22.2197 -25.9037 0 0 0 0.998047 -0.0624658
899.200000000 22.1455 -25.9145 0 0 0 0.997813 -0.0661063
899.300000000 22.0713 -25.9258 0 0 0 0.997565 -0.0697458
899.400000000 21.9972 -25.9374 0 0 0 0.997354 -0.0726978
899.500000000 21.9232 -25.9495 0 0 0 0.997134 -0.0756492
899.600000000 21.8492 -25.9617 0 0 0 0.996962 -0.0778943
899.700000000 21.7752 -25.9739 0 0 0 0.996842 -0.079413
899.800000000 21.7012 -25.9864 0 0 0 0.99672 -0.0809316
899.900000000 21.6273 -25.9991 0 0 0 0.996595 -0.0824499
900.000000000 21.5534 -26.012 0 0 0 0.996468 -0.0839681
900.100000000 21.4796 -26.0252 0 0 0 0.996339 -0.085486
900.200000000 21.4057 -26.0383 0 0 0 0.996273 -0.0862565
900.300000000 21.3319 -26.0515 0 0 0 0.996206 -0.0870269
900.400000000 21.2581 -26.0648 0 0 0 0.996138 -0.0877973
900.500000000 21.1843 -26.0782 0 0 0 0.99607 -0.0885676
900.600000000 21.1105 -26.0914 0 0 0 0.99607 -0.0885676
900.700000000 21.0367 -26.1047 0 0 0 0.99607 -0.0885676
900.800000000 20.9628 -26.1179 0 0 0 0.99607 -0.0885676
900.900000000 20.889 -26.1308 0 0 0 0.996138 -0.0877973
901.000000000 20.8151 -26.1436 0 0 0 0.996206 -0.0870269
901.100000000 20.7411 -26.1563 0 0 0 0.996273 -0.0862565
901.200000000 20.6672 -26.1689 0 0 0 0.996339 -0.085486
901.300000000 20.5932 -26.1814 0 0 0 0.996405 -0.0847155
901.400000000 20.5193 -26.1938 0 0 0 0.99647 -0.083945
901.500000000 20.4453 -26.206 0 0 0 0.996535 -0.0831744
901.600000000 20.3712 -26.2178 0 0 0 0.996661 -0.0816561
901.700000000 20.2971 -26.2294 0 0 0 0.996784 -0.0801377
901.800000000 20.223 -26.2408 0 0 0 0.996904 -0.0786235
901.900000000 20.1488 -26.252 0 0 0 0.997023 -0.0771092
902.000000000 20.0746 -26.2629 0 0 0 0.997135 -0.0756469
902.100000000 20.0004 -26.2736 0 0 0 0.997249 -0.0741278
902.200000000 19.9261 -26.2841 0 0 0 0.997361 -0.0726084
902.300000000 19.8518 -26.2944 0 0 0 0.99747 -0.0710889
902.400000000 19.7775 -26.3045 0 0 0 0.997568 -0.0697044
902.500000000 19.7032 -26.3144 0 0 0 0.99766 -0.0683719
902.600000000 19.6288 -26.3241 0 0 0 0.997749 -0.0670655
902.700000000 19.5544 -26.3336 0 0 0 0.997832 -0.0658113
902.800000000 19.48 -26.343 0 0 0 0.997912 -0.064583
902.900000000 19.4055 -26.3522 0 0 0 0.997988 -0.0634069
903.000000000 19.3327 -26.361 0 0 0 0.99806 -0.0622569
903.100000000 19.2632 -26.3693 0 0 0 0.998128 -0.0611591
903.200000000 19.1954 -26.3772 0 0 0 0.998193 -0.0600873
903.300000000 19.1308 -26.3846 0 0 0 0.998254 -0.0590678
903.400000000 19.0678 -26.3917 0 0 0 0.998312 -0.0580743
903.500000000 18.9966 -26.3997 0 0 0 0.998345 -0.0575124
903.600000000 18.9386 -26.4061 0 0 0 0.998397 -0.0565973
903.700000000 18.8823 -26.4121 0 0 0 0.998447 -0.0557083
903.800000000 18.8293 -26.4177 0 0 0 0.998493 -0.0548715
903.900000000 18.7779 -26.4231 0 0 0 0.998538 -0.0540609
904.000000000 18.7281 -26.4282 0 0 0 0.99858 -0.0532763
904.100000000 18.68 -26.433 0 0 0 0.99862 -0.0525179
904.200000000 18.6336 -26.4376 0 0 0 0.998658 -0.0517857
904.300000000 18.5888 -26.442 0 0 0 0.998695 -0.0510795
904.400000000 18.5457 -26.4461 0 0 0 0.998729 -0.0503995
904.500000000 18.5042 -26.4501 0 0 0 0.998762 -0.0497456
904.600000000 18.4644 -26.4538 0 0 0 0.998793 -0.0491178
904.700000000 18.4129 -26.4585 0 0 0 0.998833 -0.0483069
904.800000000 18.3631 -26.463 0 0 0 0.99887 -0.0475222
904.900000000 18.315 -26.4673 0 0 0 0.998906 -0.0467636
905.000000000 18.2685 -26.4714 0 0 0 0.99894 -0.0460311
905.100000000 18.2187 -26.4757 0 0 0 0.998976 -0.0452462
905.200000000 18.1888 -26.4782 0 0 0 0.998997 -0.0447753
905.300000000 18.1588 -26.4803 0 0 0 0.99906 -0.0433588
905.400000000 18.1306 -26.4822 0 0 0 0.999117 -0.0420209
905.500000000 18.1023 -26.4841 0 0 0 0.999172 -0.0406829
905.600000000 18.0757 -26.4858 0 0 0 0.999214 -0.0396344
905.700000000 18.0507 -26.4874 0 0 0 0.999253 -0.0386513
905.800000000 18.0258 -26.489 0 0 0 0.99929 -0.0376683
905.900000000 18.0025 -26.4904 0 0 0 0.999324 -0.0367507
906.000000000 17.9792 -26.4917 0 0 0 0.999358 -0.0358331
906.100000000 17.9576 -26.4929 0 0 0 0.999388 -0.0349811
906.200000000 17.9359 -26.4941 0 0 0 0.999417 -0.034129
906.300000000 17.9143 -26.4952 0 0 0 0.999446 -0.0332769
906.400000000 17.8943 -26.4962 0 0 0 0.999472 -0.0324903
906.500000000 17.8743 -26.4972 0 0 0 0.999497 -0.0317037
906.600000000 17.8543 -26.4982 0 0 0 0.999517 -0.0310748
906.700000000 17.8344 -26.4992 0 0 0 0.999536 -0.030446
906.800000000 17.8161 -26.5001 0 0 0 0.999554 -0.0298695
906.900000000 17.7977 -26.501 0 0 0 0.999571 -0.0292931
907.000000000 17.7778 -26.5019 0 0 0 0.999589 -0.0286642
907.100000000 17.7594 -26.5027 0 0 0 0.999605 -0.0280877
907.200000000 17.7395 -26.5036 0 0 0 0.999623 -0.0274588
907.300000000 17.7211 -26.5044 0 0 0 0.999639 -0.0268823
907.400000000 17.7028 -26.5051 0 0 0 0.999654 -0.0263058
907.500000000 17.6845 -26.5059 0 0 0 0.999669 -0.0257292
907.600000000 17.6645 -26.5067 0 0 0 0.999681 -0.0252578
907.700000000 17.6445 -26.5075 0 0 0 0.999693 -0.0247864
907.800000000 17.6262 -26.5083 0 0 0 0.999703 -0.0243542
907.900000000 17.6079 -26.509 0 0 0 0.999714 -0.0239221
908.000000000 17.5879 -26.5097 0 0 0 0.999725 -0.0234506
908.100000000 17.5679 -26.5105 0 0 0 0.999736 -0.0229791
908.200000000 17.5479 -26.5112 0 0 0 0.999747 -0.0225077
908.300000000 17.528 -26.5119 0 0 0 0.999757 -0.0220362
908.400000000 17.4946 -26.5131 0 0 0 0.999774 -0.0212504
908.500000000 17.463 -26.5146 0 0 0 0.999763 -0.0217479
908.600000000 17.4314 -26.5162 0 0 0 0.999753 -0.0222453
908.700000000 17.4014 -26.5177 0 0 0 0.999742 -0.0227166
908.800000000 17.3731 -26.5192 0 0 0 0.999732 -0.0231617
908.900000000 17.3448 -26.5207 0 0 0 0.999721 -0.0236068
909.000000000 17.3182 -26.5221 0 0 0 0.999711 -0.0240257
909.100000000 17.2916 -26.5236 0 0 0 0.999701 -0.0244446
909.200000000 17.2666 -26.5249 0 0 0 0.999692 -0.0248373
909.300000000 17.2433 -26.5262 0 0 0 0.999682 -0.0252038
909.400000000 17.22 -26.5276 0 0 0 0.999673 -0.0255703
909.500000000 17.1453 -26.5341 0 0 0 0.999475 -0.0324039
909.600000000 17.0706 -26.542 0 0 0 0.999207 -0.0398287
909.700000000 16.9961 -26.5509 0 0 0 0.998883 -0.0472514
909.800000000 16.9218 -26.5609 0 0 0 0.998504 -0.0546714
909.900000000 16.8476 -26.5721 0 0 0 0.998071 -0.0620884
910.000000000 16.7735 -26.5843 0 0 0 0.997582 -0.069502
910.100000000 16.6997 -26.5976 0 0 0 0.997038 -0.0769118
910.200000000 16.6261 -26.6121 0 0 0 0.996439 -0.0843173
910.300000000 16.5527 -26.6276 0 0 0 0.995785 -0.0917181
910.400000000 16.4794 -26.6438 0 0 0 0.995194 -0.0979195
910.500000000 16.4064 -26.6611 0 0 0 0.994502 -0.104721
910.600000000 16.3326 -26.6747 0 0 0 0.995018 -0.099694
910.700000000 16.2596 -26.692 0 0 0 0.994378 -0.105891
910.800000000 16.1869 -26.7105 0 0 0 0.993631 -0.112686
910.900000000 16.1145 -26.7302 0 0 0 0.992766 -0.120065
911.000000000 16.0424 -26.7509 0 0 0 0.991847 -0.127438
911.100000000 15.9706 -26.7728 0 0 0 0.990872 -0.134803
911.200000000 15.8991 -26.7956 0 0 0 0.989843 -0.142161
911.300000000 15.828 -26.8196 0 0 0 0.98876 -0.149512
911.400000000 15.7668 -26.8456 0 0 0 0.986096 -0.166177
911.500000000 15.702 -26.8743 0 0 0 0.983557 -0.1806
911.600000000 15.6371 -26.905 0 0 0 0.980897 -0.194529
911.700000000 15.5732 -26.9376 0 0 0 0.978039 -0.20842
911.800000000 15.5101 -26.9719 0 0 0 0.974985 -0.222269
911.900000000 15.4481 -27.008 0 0 0 0.971735 -0.236073
912.000000000 15.3871 -27.0459 0 0 0 0.96829 -0.249829
912.100000000 15.3273 -27.0855 0 0 0 0.96465 -0.263535
912.200000000 15.2685 -27.1267 0 0 0 0.960816 -0.277189
912.300000000 15.211 -27.1697 0 0 0 0.956788 -0.290786
912.400000000 15.1547 -27.2142 0 0 0 0.952568 -0.304325
912.500000000 15.0997 -27.2603 0 0 0 0.948157 -0.317803
912.600000000 15.0405 -27.3064 0 0 0 0.947212 -0.320608
912.700000000 14.9804 -27.3513 0 0 0 0.947932 -0.318474
912.800000000 14.9201 -27.3958 0 0 0 0.948646 -0.316339
912.900000000 14.8596 -27.4401 0 0 0 0.949356 -0.314202
913.000000000 14.7988 -27.4842 0 0 0 0.950061 -0.312063
913.100000000 14.7379 -27.5279 0 0 0 0.950762 -0.309923
913.200000000 14.6768 -27.5714 0 0 0 0.951457 -0.307781
913.300000000 14.6155 -27.6146 0 0 0 0.952148 -0.305638
913.400000000 14.554 -27.6575 0 0 0 0.952834 -0.303493
913.500000000 14.4901 -27.697 0 0 0 0.956338 -0.292264
913.600000000 14.4255 -27.7344 0 0 0 0.959987 -0.280045
913.700000000 14.36 -27.7701 0 0 0 0.96348 -0.26778
913.800000000 14.2936 -27.8041 0 0 0 0.966816 -0.255472
913.900000000 14.2264 -27.8365 0 0 0 0.969996 -0.243122
914.000000000 14.1584 -27.8671 0 0 0 0.973017 -0.230733
914.100000000 14.0896 -27.8959 0 0 0 0.97588 -0.218306
914.200000000 14.0201 -27.923 0 0 0 0.978585 -0.205843
914.300000000 13.9499 -27.9483 0 0 0 0.98113 -0.193347
914.400000000 13.8791 -27.9719 0 0 0 0.983516 -0.18082
914.500000000 13.8077 -27.9936 0 0 0 0.985742 -0.168263
914.600000000 13.7355 -28.014 0 0 0 0.987653 -0.156656
914.700000000 13.6627 -28.0327 0 0 0 0.989428 -0.145028
914.800000000 13.5896 -28.0497 0 0 0 0.991065 -0.133379
914.900000000 13.5161 -28.065 0 0 0 0.992565 -0.121712
915.000000000 13.4439 -28.0783 0 0 0 0.993875 -0.110508
915.100000000 13.373 -28.0897 0 0 0 0.995033 -0.0995457
915.200000000 13.3053 -28.0992 0 0 0 0.996024 -0.0890815
915.300000000 13.239 -28.1069 0 0 0 0.996885 -0.0788631
915.400000000 13.1758 -28.113 0 0 0 0.997606 -0.0691479
915.500000000 13.1094 -28.1193 0 0 0 0.998094 -0.061713
915.600000000 13.0462 -28.1243 0 0 0 0.998506 -0.0546467
915.700000000 12.9847 -28.1283 0 0 0 0.998859 -0.0477637
915.800000000 12.9247 -28.1313 0 0 0 0.999156 -0.0410645
915.900000000 12.8664 -28.1335 0 0 0 0.999403 -0.0345497
916.000000000 12.8113 -28.1348 0 0 0 0.999596 -0.0284058
916.100000000 12.758 -28.1355 0 0 0 0.999748 -0.022447
916.200000000 12.7063 -28.1355 0 0 0 0.999861 -0.0166737
916.300000000 12.6562 -28.1349 0 0 0 0.999939 -0.0110861
916.400000000 12.6079 -28.1338 0 0 0 0.999984 -0.00568436
916.500000000 12.5612 -28.1323 0 0 0 1 -0.000468774
916.600000000 12.5162 -28.1303 0 0 0 0.99999 0.00456056
916.700000000 12.4729 -28.128 0 0 0 0.999956 0.00940351
916.800000000 12.428 -28.1251 0 0 0 0.999896 0.0144325
916.900000000 12.3847 -28.1219 0 0 0 0.999814 0.0192749
917.000000000 12.3099 -28.1154 0 0 0 0.999596 0.0284068
917.100000000 12.2353 -28.1075 0 0 0 0.999295 0.0375363
917.200000000 12.1608 -28.0982 0 0 0 0.998911 0.0466627
917.300000000 12.0865 -28.0876 0 0 0 0.998443 0.0557852
917.400000000 12.0123 -28.0768 0 0 0 0.998076 0.0620038
917.500000000 11.9382 -28.065 0 0 0 0.99767 0.06822
917.600000000 11.8952 -28.0595 0 0 0 0.997739 0.0672006
917.700000000 11.8538 -28.0545 0 0 0 0.997827 0.0658928
917.800000000 11.8141 -28.0497 0 0 0 0.997909 0.0646372
917.900000000 11.786 -28.0464 0 0 0 0.997966 0.0637477
918.000000000 11.7595 -28.0433 0 0 0 0.998019 0.0629106
918.100000000 11.7231 -28.0392 0 0 0 0.998091 0.0617594
918.200000000 11.6883 -28.0353 0 0 0 0.998158 0.0606604
918.300000000 11.6551 -28.0317 0 0 0 0.998222 0.0596137
918.400000000 11.622 -28.0281 0 0 0 0.998283 0.058567
918.500000000 11.5905 -28.0248 0 0 0 0.998341 0.0575725
918.600000000 11.5607 -28.0217 0 0 0 0.998382 0.0568663
918.700000000 11.5308 -28.0185 0 0 0 0.998422 0.0561601
918.800000000 11.5026 -28.0156 0 0 0 0.998459 0.055493
918.900000000 11.4761 -28.0129 0 0 0 0.998494 0.0548652
919.000000000 11.4496 -28.0103 0 0 0 0.998528 0.0542373
919.100000000 11.4247 -28.0078 0 0 0 0.99856 0.0536487
919.200000000 11.3981 -28.0052 0 0 0 0.998593 0.0530208
919.300000000 11.3716 -28.0026 0 0 0 0.998627 0.0523929
919.400000000 11.3451 -28.0001 0 0 0 0.998659 0.051765
919.500000000 11.3202 -27.9977 0 0 0 0.99869 0.0511763
919.600000000 11.2936 -27.9956 0 0 0 0.998764 0.0497061
919.700000000 11.2686 -27.9936 0 0 0 0.998832 0.0483278
919.800000000 11.2421 -27.9917 0 0 0 0.998902 0.0468574
919.900000000 11.2171 -27.9899 0 0 0 0.998965 0.0454789
920.000000000 11.1905 -27.988 0 0 0 0.999031 0.0440084
920.100000000 11.1639 -27.9863 0 0 0 0.999095 0.0425377
920.200000000 11.1373 -27.9846 0 0 0 0.999156 0.041067
920.300000000 11.1106 -27.983 0 0 0 0.999216 0.0395962
920.400000000 11.0774 -27.9811 0 0 0 0.999287 0.0377575
920.500000000 11.0457 -27.9794 0 0 0 0.999351 0.0360107
920.600000000 11.0141 -27.9777 0 0 0 0.999404 0.034515
920.700000000 10.9841 -27.9761 0 0 0 0.999444 0.0333351
920.800000000 10.9542 -27.9746 0 0 0 0.999483 0.0321552
920.900000000 10.9209 -27.973 0 0 0 0.999524 0.0308442
921.000000000 10.8892 -27.9715 0 0 0 0.999562 0.0295986
921.100000000 10.8559 -27.9701 0 0 0 0.9996 0.0282875
921.200000000 10.8243 -27.9688 0 0 0 0.999634 0.0270419
921.300000000 10.7943 -27.9676 0 0 0 0.999666 0.0258617
921.400000000 10.761 -27.9664 0 0 0 0.999699 0.0245505
921.500000000 10.7277 -27.9652 0 0 0 0.999724 0.0235022
921.600000000 10.696 -27.9641 0 0 0 0.999747 0.0225063
921.700000000 10.666 -27.9631 0 0 0 0.999767 0.0215628
921.800000000 10.6327 -27.9621 0 0 0 0.99979 0.0205145
921.900000000 10.5994 -27.9612 0 0 0 0.999811 0.0194661
922.000000000 10.5677 -27.9603 0 0 0 0.999829 0.0184701
922.100000000 10.5344 -27.9595 0 0 0 0.999848 0.0174217
922.200000000 10.5028 -27.9588 0 0 0 0.999865 0.0164257
922.300000000 10.4711 -27.9582 0 0 0 0.999881 0.0154297
922.400000000 10.4394 -27.9576 0 0 0 0.999896 0.0144337
922.500000000 10.4061 -27.9571 0 0 0 0.99991 0.0133852
922.600000000 10.3744 -27.9566 0 0 0 0.999923 0.0123891
922.700000000 10.3428 -27.9562 0 0 0 0.999935 0.011393
922.800000000 10.3094 -27.9559 0 0 0 0.999946 0.0103445
922.900000000 10.2778 -27.9556 0 0 0 0.999956 0.00934842
923.000000000 10.2444 -27.9554 0 0 0 0.999966 0.00829988
923.100000000 10.2111 -27.9551 0 0 0 0.99997 0.00777613
923.200000000 10.1794 -27.9548 0 0 0 0.999974 0.00727856
923.300000000 10.1478 -27.9545 0 0 0 0.999977 0.00678099
923.400000000 10.1144 -27.9543 0 0 0 0.99998 0.00625723
923.500000000 10.0828 -27.9541 0 0 0 0.999983 0.00575965
923.600000000 10.0511 -27.9538 0 0 0 0.999985 0.00551093
923.700000000 10.0211 -27.9536 0 0 0 0.999986 0.00527529
923.800000000 9.98944 -27.9533 0 0 0 0.999987 0.00502657
923.900000000 9.96278 -27.9532 0 0 0 0.999988 0.00481711
924.000000000 9.93778 -27.953 0 0 0 0.999989 0.00462075
924.100000000 9.90444 -27.9528 0 0 0 0.99999 0.00435893
924.200000000 9.87945 -27.9527 0 0 0 0.999991 0.00416257
924.300000000 9.85611 -27.9525 0 0 0 0.999992 0.00397929
924.400000000 9.82278 -27.9524 0 0 0 0.999993 0.00371747
924.500000000 9.78945 -27.9522 0 0 0 0.999994 0.00345565
924.600000000 9.75778 -27.9521 0 0 0 0.999995 0.00320693
924.700000000 9.72278 -27.952 0 0 0 0.999996 0.00293202
924.800000000 9.68945 -27.9519 0 0 0 0.999996 0.0026702
924.900000000 9.63445 -27.9518 0 0 0 0.999997 0.00223819
925.000000000 9.58111 -27.9517 0 0 0 0.999998 0.00181928
925.100000000 9.52445 -27.9517 0 0 0 0.999999 0.00137418
925.200000000 9.46945 -27.9517 0 0 0 1 0.000942181
925.300000000 9.41611 -27.9518 0 0 0 1 0.000523267
925.400000000 9.36111 -27.9519 0 0 0 1 9.12628e-05
925.500000000 9.33778 -27.9519 0 0 0 1 9.12628e-05
925.600000000 9.31445 -27.9519 0 0 0 1 9.12628e-05
925.700000000 9.29278 -27.9519 0 0 0 1 9.12628e-05
925.800000000 9.26611 -27.9519 0 0 0 1 9.12628e-05
925.900000000 9.23945 -27.9519 0 0 0 1 9.12628e-05
926.000000000 9.21278 -27.9519 0 0 0 1 9.12628e-05
926.100000000 9.18611 -27.9519 0 0 0 1 9.12628e-05
926.200000000 9.15945 -27.9519 0 0 0 1 9.12628e-05
926.300000000 9.13278 -27.9518 0 0 0 1 9.12628e-05
926.400000000 9.10611 -27.9518 0 0 0 1 9.12628e-05
926.500000000 9.07945 -27.9518 0 0 0 1 9.12628e-05
926.600000000 9.05278 -27.9518 0 0 0 1 9.12628e-05
926.700000000 9.02611 -27.9518 0 0 0 1 9.12628e-05
926.800000000 9.00111 -27.9518 0 0 0 1 9.12628e-05
926.900000000 8.97278 -27.9518 0 0 0 1 9.12628e-05
927.000000000 8.94611 -27.9518 0 0 0 1 9.12628e-05
927.100000000 8.91945 -27.9518 0 0 0 1 9.12628e-05
927.200000000 8.89445 -27.9518 0 0 0 1 9.12628e-05
927.300000000 8.86778 -27.9518 0 0 0 1 9.12628e-05
927.400000000 8.84278 -27.9518 0 0 0 1 9.12628e-05
927.500000000 8.76778 -27.953 0 0 0 0.999996 -0.00286827
927.600000000 8.69279 -27.9546 0 0 0 0.999983 -0.00582777
927.700000000 8.61782 -27.9566 0 0 0 0.999961 -0.00878723
927.800000000 8.54285 -27.9591 0 0 0 0.999931 -0.0117466
927.900000000 8.4679 -27.9621 0 0 0 0.999892 -0.0147059
928.000000000 8.39297 -27.9655 0 0 0 0.999844 -0.017665
928.100000000 8.31807 -27.9693 0 0 0 0.999787 -0.020624
928.200000000 8.24318 -27.9736 0 0 0 0.999722 -0.0235828
928.300000000 8.16833 -27.9783 0 0 0 0.999648 -0.0265414
928.400000000 8.09348 -27.9832 0 0 0 0.999585 -0.0287923
928.500000000 8.01868 -27.9887 0 0 0 0.999496 -0.0317505
928.600000000 7.94389 -27.9943 0 0 0 0.999422 -0.034001
928.700000000 7.86912 -28.0003 0 0 0 0.999343 -0.0362514
928.800000000 7.79441 -28.0069 0 0 0 0.999231 -0.0392088
928.900000000 7.71971 -28.0137 0 0 0 0.99914 -0.0414587
929.000000000 7.64507 -28.0211 0 0 0 0.999013 -0.0444155
929.100000000 7.57045 -28.0287 0 0 0 0.998911 -0.046665
929.200000000 7.49586 -28.0366 0 0 0 0.998803 -0.0489141
929.300000000 7.42131 -28.0448 0 0 0 0.99869 -0.0511631
929.400000000 7.34661 -28.0515 0 0 0 0.998803 -0.0489141
929.500000000 7.27516 -28.0572 0 0 0 0.998963 -0.0455307
929.600000000 7.20534 -28.0622 0 0 0 0.999108 -0.0422254
929.700000000 7.13881 -28.0666 0 0 0 0.999236 -0.0390771
929.800000000 7.07391 -28.0705 0 0 0 0.999352 -0.0360071
929.900000000 7.01066 -28.0738 0 0 0 0.999455 -0.0330155
930.000000000 6.95072 -28.0767 0 0 0 0.999544 -0.0301811
930.100000000 6.89243 -28.0791 0 0 0 0.999624 -0.0274251
930.200000000 6.83579 -28.0811 0 0 0 0.999694 -0.0247478
930.300000000 6.78081 -28.0828 0 0 0 0.999755 -0.022149
930.400000000 6.72749 -28.0842 0 0 0 0.999807 -0.0196288
930.500000000 6.65272 -28.0907 0 0 0 0.999586 -0.0287606
930.600000000 6.57817 -28.0998 0 0 0 0.999179 -0.0405166
930.700000000 6.50385 -28.1105 0 0 0 0.998633 -0.0522671
930.800000000 6.42981 -28.123 0 0 0 0.997949 -0.0640103
930.900000000 6.35608 -28.1373 0 0 0 0.997127 -0.0757447
931.000000000 6.28271 -28.1532 0 0 0 0.996167 -0.0874685
931.100000000 6.20973 -28.1709 0 0 0 0.995069 -0.0991803
931.200000000 6.13719 -28.1903 0 0 0 0.993834 -0.110878
931.300000000 6.06512 -28.2114 0 0 0 0.992461 -0.122561
931.400000000 5.99357 -28.2342 0 0 0 0.990951 -0.134227
931.500000000 5.92258 -28.2587 0 0 0 0.989303 -0.145874
931.600000000 5.85851 -28.2845 0 0 0 0.986915 -0.161243
931.700000000 5.79618 -28.3122 0 0 0 0.984209 -0.177011
931.800000000 5.73476 -28.3418 0 0 0 0.981251 -0.192735
931.900000000 5.67433 -28.3734 0 0 0 0.978042 -0.208409
932.000000000 5.61494 -28.407 0 0 0 0.974582 -0.22403
932.100000000 5.55665 -28.4424 0 0 0 0.970873 -0.239593
932.200000000 5.49952 -28.4796 0 0 0 0.966916 -0.255095
932.300000000 5.44362 -28.5187 0 0 0 0.962711 -0.270532
932.400000000 5.38899 -28.5595 0 0 0 0.95826 -0.2859
932.500000000 5.32864 -28.6042 0 0 0 0.955134 -0.296175
932.600000000 5.26915 -28.65 0 0 0 0.952058 -0.305916
932.700000000 5.2106 -28.6969 0 0 0 0.948884 -0.315625
932.800000000 5.15302 -28.7451 0 0 0 0.94561 -0.325302
932.900000000 5.09644 -28.7945 0 0 0 0.942238 -0.334944
933.000000000 5.04088 -28.8449 0 0 0 0.938768 -0.344551
933.100000000 4.98636 -28.8965 0 0 0 0.935199 -0.354123
933.200000000 4.93291 -28.9492 0 0 0 0.931533 -0.363657
933.300000000 4.88055 -29.003 0 0 0 0.92777 -0.373154
933.400000000 4.82929 -29.0579 0 0 0 0.923909 -0.382611
933.500000000 4.77917 -29.1138 0 0 0 0.919953 -0.392029
933.600000000 4.7302 -29.1707 0 0 0 0.9159 -0.401406
933.700000000 4.6824 -29.2286 0 0 0 0.911752 -0.41074
933.800000000 4.63579 -29.2874 0 0 0 0.907509 -0.420032
933.900000000 4.5904 -29.3472 0 0 0 0.903171 -0.429281
934.000000000 4.54623 -29.4079 0 0 0 0.898739 -0.438484
934.100000000 4.50332 -29.4695 0 0 0 0.894213 -0.447642
934.200000000 4.46167 -29.532 0 0 0 0.889594 -0.456752
934.300000000 4.43242 -29.5861 0 0 0 0.88056 -0.473934
934.400000000 4.41678 -29.6296 0 0 0 0.867264 -0.497848
934.500000000 4.4151 -29.6609 0 0 0 -0.848879 0.528587
934.600000000 4.41997 -29.6865 0 0 0 -0.827478 0.561498
934.700000000 4.42743 -29.7108 0 0 0 -0.80449 0.593966
934.800000000 4.43679 -29.7344 0 0 0 -0.780229 0.625494
934.900000000 4.448 -29.7572 0 0 0 -0.754733 0.656032
935.000000000 4.46099 -29.779 0 0 0 -0.728042 0.685532
935.100000000 4.47567 -29.7997 0 0 0 -0.7002 0.713947
935.200000000 4.49195 -29.8192 0 0 0 -0.671249 0.741232
935.300000000 4.50972 -29.8373 0 0 0 -0.641235 0.767344
935.400000000 4.52888 -29.854 0 0 0 -0.610207 0.792242
935.500000000 4.55052 -29.8881 0 0 0 -0.585692 0.810533
935.600000000 4.57623 -29.937 0 0 0 -0.567196 0.823583
935.700000000 4.60525 -29.9912 0 0 0 -0.551103 0.834437
935.800000000 4.63652 -30.0451 0 0 0 -0.535152 0.844756
935.900000000 4.66981 -30.0978 0 0 0 -0.519007 0.85477
936.000000000 4.70656 -30.1542 0 0 0 -0.504885 0.863187
936.100000000 4.74542 -30.2103 0 0 0 -0.491011 0.871154
936.200000000 4.78605 -30.2651 0 0 0 -0.47701 0.878898
936.300000000 4.82842 -30.3185 0 0 0 -0.462888 0.886417
936.400000000 4.87247 -30.3706 0 0 0 -0.448647 0.893709
936.500000000 4.91816 -30.4212 0 0 0 -0.434291 0.900772
936.600000000 4.96754 -30.4777 0 0 0 -0.426549 0.904465
936.700000000 5.0177 -30.5335 0 0 0 -0.41929 0.907852
936.800000000 5.06876 -30.5885 0 0 0 -0.412005 0.911182
936.900000000 5.12068 -30.6427 0 0 0 -0.404693 0.914452
937.000000000 5.17347 -30.696 0 0 0 -0.397356 0.917665
937.100000000 5.2271 -30.7485 0 0 0 -0.389992 0.920818
937.200000000 5.28157 -30.8002 0 0 0 -0.382604 0.923912
937.300000000 5.33686 -30.8509 0 0 0 -0.375192 0.926947
937.400000000 5.39296 -30.9007 0 0 0 -0.367755 0.929923
937.500000000 5.44984 -30.9497 0 0 0 -0.360294 0.932839
937.600000000 5.50751 -30.9977 0 0 0 -0.352811 0.935695
937.700000000 5.56593 -31.0448 0 0 0 -0.345305 0.938491
937.800000000 5.6251 -31.091 0 0 0 -0.337776 0.941226
937.900000000 5.68501 -31.1362 0 0 0 -0.330226 0.943902
938.000000000 5.74563 -31.1804 0 0 0 -0.322655 0.946517
938.100000000 5.80695 -31.2236 0 0 0 -0.315063 0.949071
938.200000000 5.86824 -31.2669 0 0 0 -0.310341 0.950625
938.300000000 5.9298 -31.3098 0 0 0 -0.306233 0.951956
938.400000000 5.99158 -31.3523 0 0 0 -0.302759 0.953067
938.500000000 6.05264 -31.3883 0 0 0 -0.288769 0.957399
938.600000000 6.1025 -31.4103 0 0 0 -0.266643 0.963795
938.700000000 6.14113 -31.419 0 0 0 -0.236641 0.971597
938.800000000 6.17168 -31.4185 0 0 0 -0.201235 0.979543
938.900000000 6.20292 -31.4163 0 0 0 -0.166028 0.986121
939.000000000 6.23309 -31.4114 0 0 0 -0.130142 0.991495
939.100000000 6.26369 -31.4048 0 0 0 -0.0945525 0.99552
939.200000000 6.29283 -31.3956 0 0 0 -0.0583728 0.998295
939.300000000 6.32124 -31.3843 0 0 0 -0.0221163 0.999755
939.400000000 6.34875 -31.371 0 0 0 0.0141694 0.9999
939.500000000 6.37523 -31.3558 0 0 0 0.0504364 0.998727
939.600000000 6.40053 -31.3386 0 0 0 0.086637 0.99624
939.700000000 6.42452 -31.3197 0 0 0 0.122724 0.992441
939.800000000 6.44707 -31.2991 0 0 0 0.158648 0.987335
939.900000000 6.46807 -31.2769 0 0 0 0.194364 0.980929
940.000000000 6.48741 -31.2532 0 0 0 0.229825 0.973232
940.100000000 6.50498 -31.2282 0 0 0 0.264982 0.964253
940.200000000 6.52069 -31.202 0 0 0 0.299791 0.954005
940.300000000 6.51272 -31.1843 0 0 0 0.344984 0.938609
940.400000000 6.49903 -31.1697 0 0 0 0.391464 0.920194
940.500000000 6.48395 -31.1566 0 0 0 0.436965 0.899479
940.600000000 6.46764 -31.1451 0 0 0 0.481374 0.876515
940.700000000 6.45026 -31.1352 0 0 0 0.52458 0.851361
940.800000000 6.43197 -31.1271 0 0 0 0.566475 0.824079
940.900000000 6.41297 -31.1209 0 0 0 0.606953 0.794737
941.000000000 6.39345 -31.1166 0 0 0 0.645915 0.763409
941.100000000 6.37359 -31.1143 0 0 0 0.683263 0.730173
941.200000000 6.3536 -31.1139 0 0 0 0.718902 0.695111
941.300000000 6.33368 -31.1156 0 0 0 0.752745 0.658312
941.400000000 6.31402 -31.1193 0 0 0 0.784706 0.619868
941.500000000 6.29483 -31.1249 0 0 0 0.814706 0.579875
941.600000000 6.27274 -31.1072 0 0 0 0.836004 0.548724
941.700000000 6.24622 -31.0768 0 0 0 0.852395 0.522899
941.800000000 6.21744 -31.0464 0 0 0 0.867581 0.497296
941.900000000 6.1869 -31.0178 0 0 0 0.881998 0.471253
942.000000000 6.15471 -30.9911 0 0 0 0.895634 0.444791
942.100000000 6.121 -30.9663 0 0 0 0.908476 0.417936
942.200000000 6.08586 -30.9436 0 0 0 0.920514 0.390711
942.300000000 6.04944 -30.923 0 0 0 0.931735 0.363139
942.400000000 6.01186 -30.9046 0 0 0 0.942131 0.335245
942.500000000 5.97325 -30.8885 0 0 0 0.951692 0.307054
942.600000000 5.9226 -30.8628 0 0 0 0.958171 0.286196
942.700000000 5.86296 -30.8316 0 0 0 0.962747 0.270405
942.800000000 5.80233 -30.8023 0 0 0 0.967062 0.254541
942.900000000 5.74076 -30.775 0 0 0 0.971116 0.238609
943.000000000 5.67763 -30.7492 0 0 0 0.974809 0.223041
943.100000000 5.61297 -30.7249 0 0 0 0.97816 0.207854
943.200000000 5.54759 -30.7026 0 0 0 0.981274 0.192615
943.300000000 5.48381 -30.6839 0 0 0 0.984385 0.176028
943.400000000 5.41944 -30.6673 0 0 0 0.987216 0.15939
943.500000000 5.35455 -30.6529 0 0 0 0.989765 0.142707
943.600000000 5.28132 -30.6362 0 0 0 0.991375 0.131055
943.700000000 5.20778 -30.6211 0 0 0 0.992787 0.119887
943.800000000 5.13391 -30.6076 0 0 0 0.994074 0.108705
943.900000000 5.05976 -30.5958 0 0 0 0.995235 0.0975091
944.000000000 4.98536 -30.5857 0 0 0 0.996269 0.0863006
944.100000000 4.91076 -30.5772 0 0 0 0.997177 0.0750813
944.200000000 4.83598 -30.5705 0 0 0 0.997959 0.0638524
944.300000000 4.76107 -30.5654 0 0 0 0.998615 0.0526154
944.400000000 4.68606 -30.562 0 0 0 0.999144 0.0413718
944.500000000 4.61099 -30.5603 0 0 0 0.999546 0.0301229
944.600000000 4.53602 -30.5577 0 0 0 0.999684 0.0251536
944.700000000 4.46104 -30.5557 0 0 0 0.999783 0.0208365
944.800000000 4.38604 -30.5543 0 0 0 0.999864 0.0165191
944.900000000 4.31103 -30.5535 0 0 0 0.999926 0.0122013
945.000000000 4.23602 -30.5534 0 0 0 0.999969 0.00788334
945.100000000 4.16101 -30.554 0 0 0 0.999994 0.00356521
945.200000000 4.086 -30.5552 0 0 0 1 -0.00075298
945.300000000 4.01101 -30.557 0 0 0 0.999987 -0.00507116
945.400000000 3.93604 -30.5595 0 0 0 0.999956 -0.00938924
945.500000000 3.86109 -30.5626 0 0 0 0.999906 -0.0137072
945.600000000 3.78618 -30.5664 0 0 0 0.999838 -0.0180248
945.700000000 3.7113 -30.5708 0 0 0 0.99975 -0.0223421
945.800000000 3.63646 -30.5759 0 0 0 0.999645 -0.026659
945.900000000 3.56166 -30.5816 0 0 0 0.99952 -0.0309754
946.000000000 3.48692 -30.588 0 0 0 0.999377 -0.0352913
946.100000000 3.41224 -30.595 0 0 0 0.999215 -0.0396064
946.200000000 3.33762 -30.6027 0 0 0 0.999035 -0.0439209
946.300000000 3.26299 -30.6102 0 0 0 0.998934 -0.0461703
946.400000000 3.18839 -30.618 0 0 0 0.998827 -0.0484196
946.500000000 3.11368 -30.6246 0 0 0 0.9989 -0.0468978
946.600000000 3.03896 -30.631 0 0 0 0.99897 -0.045376
946.700000000 2.96421 -30.6372 0 0 0 0.999038 -0.0438541
946.800000000 2.88945 -30.6432 0 0 0 0.999104 -0.0423321
946.900000000 2.81467 -30.6489 0 0 0 0.999167 -0.04081
947.000000000 2.73987 -30.6544 0 0 0 0.999228 -0.0392878
947.100000000 2.66505 -30.6597 0 0 0 0.999287 -0.0377654
947.200000000 2.59022 -30.6648 0 0 0 0.999343 -0.0362431
947.300000000 2.51538 -30.6696 0 0 0 0.999397 -0.0347206
947.400000000 2.44051 -30.6742 0 0 0 0.999449 -0.033198
947.500000000 2.36564 -30.6786 0 0 0 0.999498 -0.0316754
947.600000000 2.29075 -30.6827 0 0 0 0.999545 -0.0301527
947.700000000 2.21585 -30.6866 0 0 0 0.99959 -0.0286299
947.800000000 2.14094 -30.6903 0 0 0 0.999633 -0.0271071
947.900000000 2.06602 -30.6938 0 0 0 0.999673 -0.0255841
948.000000000 1.99109 -30.697 0 0 0 0.99971 -0.0240612
948.100000000 1.91615 -30.7 0 0 0 0.999746 -0.0225382
948.200000000 1.8412 -30.7028 0 0 0 0.999779 -0.0210151
948.300000000 1.76624 -30.7053 0 0 0 0.99981 -0.0194919
948.400000000 1.69127 -30.7076 0 0 0 0.999839 -0.0179688
948.500000000 1.6163 -30.7097 0 0 0 0.999865 -0.0164456
948.600000000 1.54132 -30.7116 0 0 0 0.999889 -0.0149223
948.700000000 1.46634 -30.7132 0 0 0 0.99991 -0.013399
948.800000000 1.39135 -30.7146 0 0 0 0.999929 -0.0118757
948.900000000 1.31636 -30.7161 0 0 0 0.999938 -0.0111025
949.000000000 1.24138 -30.7174 0 0 0 0.999947 -0.0103292
949.100000000 1.16639 -30.7187 0 0 0 0.999954 -0.00955591
949.200000000 1.09139 -30.7198 0 0 0 0.999961 -0.00878263
949.300000000 1.0164 -30.7208 0 0 0 0.999968 -0.00800934
949.400000000 0.941405 -30.7217 0 0 0 0.999974 -0.00723605
949.500000000 0.866408 -30.7225 0 0 0 0.999979 -0.00646275
949.600000000 0.791411 -30.7231 0 0 0 0.999984 -0.00568945
949.700000000 0.716524 -30.7287 0 0 0 0.999848 -0.0174518
949.800000000 0.64889 -30.7374 0 0 0 0.999441 -0.0334459
949.900000000 0.581571 -30.7484 0 0 0 0.998778 -0.0494314
950.000000000 0.514636 -30.7614 0 0 0 0.997859 -0.0654043
950.100000000 0.448154 -30.7766 0 0 0 0.996685 -0.0813604
950.200000000 0.382192 -30.794 0 0 0 0.995256 -0.0972957
950.300000000 0.316818 -30.8134 0 0 0 0.993572 -0.113206
950.400000000 0.252099 -30.8349 0 0 0 0.991633 -0.129088
950.500000000 0.188101 -30.8585 0 0 0 0.989441 -0.144936
950.600000000 0.12489 -30.8841 0 0 0 0.986996 -0.160747
950.700000000 0.0625307 -30.9117 0 0 0 0.984298 -0.176517
950.800000000 0.00108667 -30.9413 0 0 0 0.981347 -0.192242
950.900000000 -0.0435973 -30.9698 0 0 0 0.97649 -0.215562
951.000000000 -0.0868737 -31.0004 0 0 0 0.971079 -0.23876
951.100000000 -0.128644 -31.033 0 0 0 0.965116 -0.261822
951.200000000 -0.168815 -31.0675 0 0 0 0.958606 -0.284736
951.300000000 -0.191959 -31.0978 0 0 0 0.949056 -0.315107
951.400000000 -0.19526 -31.1209 0 0 0 0.935193 -0.354138
951.500000000 -0.182672 -31.136 0 0 0 0.916634 -0.399727
951.600000000 -0.16736 -31.1489 0 0 0 0.895511 -0.44504
951.700000000 -0.150842 -31.1601 0 0 0 0.872149 -0.48924
951.800000000 -0.133282 -31.1697 0 0 0 -0.846607 0.532218
951.900000000 -0.114855 -31.1775 0 0 0 -0.818949 0.573866
952.000000000 -0.095747 -31.1833 0 0 0 -0.789245 0.614079
952.100000000 -0.0761473 -31.1873 0 0 0 -0.757567 0.652757
952.200000000 -0.0562523 -31.1892 0 0 0 -0.723996 0.689804
952.300000000 -0.0362606 -31.1892 0 0 0 -0.688615 0.725127
952.400000000 -0.0163721 -31.1872 0 0 0 -0.651514 0.758637
952.500000000 0.00321448 -31.1832 0 0 0 -0.612783 0.790251
952.600000000 0.0223035 -31.1772 0 0 0 -0.572521 0.81989
952.700000000 0.0407043 -31.1694 0 0 0 -0.530828 0.847479
952.800000000 0.0582329 -31.1598 0 0 0 -0.487809 0.872951
952.900000000 0.0747142 -31.1485 0 0 0 -0.44357 0.89624
953.000000000 0.0899835 -31.1356 0 0 0 -0.398222 0.917289
953.100000000 0.103888 -31.1212 0 0 0 -0.351879 0.936045
953.200000000 0.11629 -31.1055 0 0 0 -0.304657 0.952462
953.300000000 0.127063 -31.0887 0 0 0 -0.256673 0.966498
953.400000000 0.136102 -31.0709 0 0 0 -0.208047 0.978119
953.500000000 0.143316 -31.0522 0 0 0 -0.158901 0.987294
953.600000000 0.170792 -31.0454 0 0 0 -0.121538 0.992587
953.700000000 0.214098 -31.0443 0 0 0 -0.0927466 0.99569
953.800000000 0.272401 -31.0467 0 0 0 -0.0717779 0.997421
953.900000000 0.334711 -31.048 0 0 0 -0.052817 0.998604
954.000000000 0.397027 -31.047 0 0 0 -0.0338371 0.999427
954.100000000 0.458437 -31.0433 0 0 0 -0.0144313 0.999896
954.200000000 0.519662 -31.0373 0 0 0 0.00498006 0.999988
954.300000000 0.580607 -31.029 0 0 0 0.0243895 0.999703
954.400000000 0.641181 -31.0182 0 0 0 0.0437897 0.999041
954.500000000 0.701294 -31.0052 0 0 0 0.0631735 0.998003
954.600000000 0.762556 -30.9899 0 0 0 0.0817055 0.996657
954.700000000 0.823208 -30.9724 0 0 0 0.100209 0.994966
954.800000000 0.883167 -30.9526 0 0 0 0.118678 0.992933
954.900000000 0.942349 -30.9306 0 0 0 0.137107 0.990556
955.000000000 1.00067 -30.9064 0 0 0 0.155488 0.987838
955.100000000 1.05806 -30.8801 0 0 0 0.173815 0.984778
955.200000000 1.11443 -30.8516 0 0 0 0.192082 0.981379
955.300000000 1.1697 -30.8211 0 0 0 0.210283 0.977641
955.400000000 1.2238 -30.7885 0 0 0 0.228411 0.973565
955.500000000 1.27665 -30.754 0 0 0 0.246461 0.969153
955.600000000 1.33772 -30.7145 0 0 0 0.259726 0.965682
955.700000000 1.39955 -30.6728 0 0 0 0.27202 0.962292
955.800000000 1.4603 -30.6295 0 0 0 0.284269 0.958745
955.900000000 1.51992 -30.5846 0 0 0 0.296472 0.955042
956.000000000 1.57837 -30.5383 0 0 0 0.308627 0.951183
956.100000000 1.63563 -30.4905 0 0 0 0.320732 0.94717
956.200000000 1.69165 -30.4412 0 0 0 0.332784 0.943003
956.300000000 1.74639 -30.3905 0 0 0 0.344782 0.938683
956.400000000 1.79982 -30.3384 0 0 0 0.356725 0.93421
956.500000000 1.85191 -30.285 0 0 0 0.368609 0.929585
956.600000000 1.90262 -30.2303 0 0 0 0.380433 0.924808
956.700000000 1.95192 -30.1743 0 0 0 0.392196 0.919882
956.800000000 1.99977 -30.1171 0 0 0 0.403895 0.914806
956.900000000 2.04615 -30.0586 0 0 0 0.415528 0.909581
957.000000000 2.09102 -29.999 0 0 0 0.427093 0.904208
957.100000000 2.13435 -29.9383 0 0 0 0.438589 0.898688
957.200000000 2.17613 -29.8765 0 0 0 0.450014 0.893022
957.300000000 2.21631 -29.8136 0 0 0 0.461365 0.88721
957.400000000 2.25841 -29.7516 0 0 0 0.463989 0.885841
957.500000000 2.30038 -29.6894 0 0 0 0.465982 0.884794
957.600000000 2.34505 -29.6291 0 0 0 0.459923 0.887959
957.700000000 2.39074 -29.5696 0 0 0 0.453313 0.891352
957.800000000 2.4373 -29.5107 0 0 0 0.446678 0.894695
957.900000000 2.48474 -29.4526 0 0 0 0.440018 0.897989
958.000000000 2.53303 -29.3952 0 0 0 0.433334 0.901233
958.100000000 2.58217 -29.3385 0 0 0 0.426627 0.904428
958.200000000 2.63215 -29.2825 0 0 0 0.419895 0.907573
958.300000000 2.68295 -29.2273 0 0 0 0.413141 0.910667
958.400000000 2.73457 -29.1728 0 0 0 0.406363 0.913712
958.500000000 2.78699 -29.1191 0 0 0 0.399564 0.916705
958.600000000 2.83911 -29.0652 0 0 0 0.396217 0.918157
958.700000000 2.89142 -29.0114 0 0 0 0.393498 0.919326
958.800000000 2.94405 -28.958 0 0 0 0.390775 0.920486
958.900000000 2.99699 -28.9048 0 0 0 0.388049 0.921639
959.000000000 3.05025 -28.852 0 0 0 0.38532 0.922783
959.100000000 3.10382 -28.7995 0 0 0 0.382587 0.923919
959.200000000 3.1577 -28.7473 0 0 0 0.379851 0.925048
959.300000000 3.21188 -28.6955 0 0 0 0.377112 0.926168
959.400000000 3.26637 -28.6439 0 0 0 0.374369 0.92728
959.500000000 3.32117 -28.5927 0 0 0 0.371623 0.928384
959.600000000 3.37853 -28.5443 0 0 0 0.36115 0.932508
959.700000000 3.43709 -28.4973 0 0 0 0.350156 0.936691
959.800000000 3.49674 -28.4517 0 0 0 0.339114 0.940745
959.900000000 3.55745 -28.4075 0 0 0 0.328024 0.944669
960.000000000 3.61918 -28.3647 0 0 0 0.316889 0.948462
960.100000000 3.68191 -28.3234 0 0 0 0.305711 0.952124
960.200000000 3.74558 -28.2836 0 0 0 0.29449 0.955655
960.300000000 3.81017 -28.2453 0 0 0 0.283228 0.959053
960.400000000 3.87565 -28.2086 0 0 0 0.271927 0.962318
960.500000000 3.94197 -28.1733 0 0 0 0.260589 0.96545
960.600000000 4.00812 -28.141 0 0 0 0.247788 0.968814
960.700000000 4.07621 -28.1093 0 0 0 0.23589 0.97178
960.800000000 4.1447 -28.0797 0 0 0 0.223478 0.974709
960.900000000 4.21421 -28.0513 0 0 0 0.211998 0.97727
961.000000000 4.28436 -28.0245 0 0 0 0.200487 0.979696
961.100000000 4.35506 -27.9992 0 0 0 0.189447 0.981891
961.200000000 4.42628 -27.9754 0 0 0 0.178501 0.98394
961.300000000 4.49791 -27.953 0 0 0 0.168397 0.985719
961.400000000 4.56997 -27.9319 0 0 0 0.15832 0.987388
961.500000000 4.64245 -27.9124 0 0 0 0.148225 0.988954
961.600000000 4.71525 -27.8941 0 0 0 0.138645 0.990342
961.700000000 4.78839 -27.8772 0 0 0 0.129053 0.991638
961.800000000 4.8618 -27.8616 0 0 0 0.119989 0.992775
961.900000000 4.93543 -27.847 0 0 0 0.111469 0.993768
962.000000000 5.0093 -27.8338 0 0 0 0.10294 0.994688
962.100000000 5.08338 -27.8218 0 0 0 0.094404 0.995534
962.200000000 5.15762 -27.8108 0 0 0 0.0864268 0.996258
962.300000000 5.23199 -27.8009 0 0 0 0.0790226 0.996873
962.400000000 5.3065 -27.792 0 0 0 0.071614 0.997432
962.500000000 5.38113 -27.7842 0 0 0 0.0642015 0.997937
962.600000000 5.45585 -27.7773 0 0 0 0.0573777 0.998353
962.700000000 5.53065 -27.7714 0 0 0 0.0505512 0.998721
962.800000000 5.6055 -27.7663 0 0 0 0.0443288 0.999017
962.900000000 5.68041 -27.7622 0 0 0 0.0381046 0.999274
963.000000000 5.75537 -27.759 0 0 0 0.031879 0.999492
963.100000000 5.83035 -27.7564 0 0 0 0.0262733 0.999655
963.200000000 5.90535 -27.7547 0 0 0 0.0206669 0.999786
963.300000000 5.98036 -27.7536 0 0 0 0.0156965 0.999877
963.400000000 6.05537 -27.7532 0 0 0 0.0107257 0.999942
963.500000000 6.13038 -27.7534 0 0 0 0.00640767 0.999979
963.600000000 6.20539 -27.7541 0 0 0 0.00208951 0.999998
963.700000000 6.28039 -27.7555 0 0 0 -0.00222869 0.999998
963.800000000 6.35538 -27.7573 0 0 0 -0.00587664 0.999983
963.900000000 6.43035 -27.7597 0 0 0 -0.00952451 0.999955
964.000000000 6.5053 -27.7626 0 0 0 -0.0131723 0.999913
964.100000000 6.58023 -27.766 0 0 0 -0.0168198 0.999859
964.200000000 6.65515 -27.7697 0 0 0 -0.0197789 0.999804
964.300000000 6.73004 -27.7739 0 0 0 -0.0227377 0.999741
964.400000000 6.8049 -27.7784 0 0 0 -0.0256964 0.99967
964.500000000 6.87976 -27.7832 0 0 0 -0.0279473 0.999609
964.600000000 6.95459 -27.7883 0 0 0 -0.0301981 0.999544
964.700000000 7.02941 -27.7934 0 0 0 -0.0317208 0.999497
964.800000000 7.1042 -27.7991 0 0 0 -0.0339714 0.999423
964.900000000 7.17899 -27.8048 0 0 0 -0.0354939 0.99937
965.000000000 7.25375 -27.8107 0 0 0 -0.0370163 0.999315
965.100000000 7.3285 -27.8169 0 0 0 -0.0385387 0.999257
965.200000000 7.40326 -27.8229 0 0 0 -0.0393114 0.999227
965.300000000 7.47798 -27.8294 0 0 0 -0.0408336 0.999166
965.400000000 7.5527 -27.8359 0 0 0 -0.0416063 0.999134
965.500000000 7.62741 -27.8424 0 0 0 -0.0423789 0.999102
965.600000000 7.70212 -27.8491 0 0 0 -0.0431515 0.999069
965.700000000 7.77681 -27.8559 0 0 0 -0.0439241 0.999035
965.800000000 7.8515 -27.8627 0 0 0 -0.0446967 0.999001
965.900000000 7.92617 -27.8698 0 0 0 -0.0454692 0.998966
966.000000000 8.00086 -27.8766 0 0 0 -0.0454692 0.998966
966.100000000 8.07552 -27.8837 0 0 0 -0.0462417 0.99893
966.200000000 8.15017 -27.8909 0 0 0 -0.0470142 0.998894
966.300000000 8.22484 -27.898 0 0 0 -0.0470142 0.998894
966.400000000 8.29951 -27.905 0 0 0 -0.0470142 0.998894
966.500000000 8.37418 -27.9121 0 0 0 -0.0470142 0.998894
966.600000000 8.4489 -27.9185 0 0 0 -0.0454924 0.998965
966.700000000 8.52364 -27.9247 0 0 0 -0.0439704 0.999033
966.800000000 8.59841 -27.9307 0 0 0 -0.0424484 0.999099
966.900000000 8.67319 -27.9364 0 0 0 -0.0409263 0.999162
967.000000000 8.74798 -27.942 0 0 0 -0.0394041 0.999223
967.100000000 8.8228 -27.9473 0 0 0 -0.0378818 0.999282
967.200000000 8.89763 -27.9523 0 0 0 -0.0363594 0.999339
967.300000000 8.97247 -27.9572 0 0 0 -0.0348369 0.999393
967.400000000 9.04733 -27.9618 0 0 0 -0.0333144 0.999445
967.500000000 9.12226 -27.9653 0 0 0 -0.0296682 0.99956
967.600000000 9.19721 -27.9683 0 0 0 -0.0260217 0.999661
967.700000000 9.27218 -27.9708 0 0 0 -0.0223747 0.99975
967.800000000 9.34716 -27.9727 0 0 0 -0.0187275 0.999825
967.900000000 9.42216 -27.974 0 0 0 -0.0150801 0.999886
968.000000000 9.49716 -27.9748 0 0 0 -0.0114324 0.999935
968.100000000 9.57217 -27.9751 0 0 0 -0.0077846 0.99997
968.200000000 9.64718 -27.9748 0 0 0 -0.00413669 0.999991
968.300000000 9.72218 -27.9739 0 0 0 -0.000488715 1
968.400000000 9.79718 -27.9726 0 0 0 0.00315926 0.999995
968.500000000 9.87216 -27.9706 0 0 0 0.0068072 0.999977
968.600000000 9.94713 -27.9681 0 0 0 0.010455 0.999945
968.700000000 10.0221 -27.9651 0 0 0 0.0141027 0.999901
968.800000000 10.097 -27.9615 0 0 0 0.0177503 0.999842
968.900000000 10.1719 -27.9574 0 0 0 0.0213975 0.999771
969.000000000 10.2468 -27.9528 0 0 0 0.0250445 0.999686
969.100000000 10.3216 -27.9475 0 0 0 0.0286912 0.999588
969.200000000 10.3964 -27.9418 0 0 0 0.0323375 0.999477
969.300000000 10.4711 -27.9355 0 0 0 0.0359833 0.999352
969.400000000 10.5458 -27.9286 0 0 0 0.0396287 0.999214
969.500000000 10.6205 -27.9212 0 0 0 0.0432736 0.999063
969.600000000 10.6955 -27.9186 0 0 0 0.0336008 0.999435
969.700000000 10.7706 -27.9181 0 0 0 0.0223491 0.99975
969.800000000 10.8456 -27.9192 0 0 0 0.0110946 0.999938
969.900000000 10.9207 -27.9221 0 0 0 -0.000161302 1
970.000000000 10.9956 -27.9266 0 0 0 -0.0114172 0.999935
970.100000000 11.0704 -27.9328 0 0 0 -0.0226716 0.999743
970.200000000 11.1451 -27.9407 0 0 0 -0.0339232 0.999424
970.300000000 11.2196 -27.9503 0 0 0 -0.0451705 0.998979
970.400000000 11.2938 -27.9615 0 0 0 -0.056412 0.998408
970.500000000 11.3678 -27.9744 0 0 0 -0.0676464 0.997709
970.600000000 11.4333 -27.99 0 0 0 -0.0840395 0.996462
970.700000000 11.4974 -28.0077 0 0 0 -0.100844 0.994902
970.800000000 11.5608 -28.0276 0 0 0 -0.11762 0.993059
970.900000000 11.6235 -28.0496 0 0 0 -0.134362 0.990932
971.000000000 11.6855 -28.0737 0 0 0 -0.151066 0.988524
971.100000000 11.7466 -28.0999 0 0 0 -0.167727 0.985833
971.200000000 11.8067 -28.1282 0 0 0 -0.18434 0.982862
971.300000000 11.8659 -28.1584 0 0 0 -0.200901 0.979612
971.400000000 11.9241 -28.1907 0 0 0 -0.217405 0.976082
971.500000000 11.9811 -28.2248 0 0 0 -0.233846 0.972274
971.600000000 12.0422 -28.2624 0 0 0 -0.247611 0.96886
971.700000000 12.1023 -28.3017 0 0 0 -0.261325 0.965251
971.800000000 12.1612 -28.3427 0 0 0 -0.274987 0.961448
971.900000000 12.219 -28.3854 0 0 0 -0.288594 0.957452
972.000000000 12.2755 -28.4296 0 0 0 -0.302143 0.953263
972.100000000 12.3307 -28.4755 0 0 0 -0.31563 0.948882
972.200000000 12.3846 -28.5229 0 0 0 -0.329055 0.944311
972.300000000 12.4371 -28.5718 0 0 0 -0.342413 0.93955
972.400000000 12.4882 -28.6222 0 0 0 -0.355702 0.934599
972.500000000 12.5379 -28.674 0 0 0 -0.36892 0.929461
972.600000000 12.5911 -28.7269 0 0 0 -0.373536 0.927616
972.700000000 12.6442 -28.7799 0 0 0 -0.376918 0.926247
972.800000000 12.6969 -28.8333 0 0 0 -0.380294 0.924866
972.900000000 12.7491 -28.8871 0 0 0 -0.383665 0.923472
973.000000000 12.801 -28.9413 0 0 0 -0.387032 0.922066
973.100000000 12.8525 -28.9958 0 0 0 -0.390393 0.920648
973.200000000 12.9036 -29.0508 0 0 0 -0.393749 0.919218
973.300000000 12.9543 -29.1061 0 0 0 -0.397099 0.917776
973.400000000 13.0046 -29.1617 0 0 0 -0.400445 0.916321
973.500000000 13.0544 -29.2177 0 0 0 -0.403785 0.914854
973.600000000 13.1054 -29.2727 0 0 0 -0.402391 0.915468
973.700000000 13.1566 -29.3276 0 0 0 -0.400996 0.91608
973.800000000 13.2079 -29.3823 0 0 0 -0.399599 0.91669
973.900000000 13.2594 -29.4368 0 0 0 -0.398202 0.917298
974.000000000 13.3111 -29.4912 0 0 0 -0.396805 0.917903
974.100000000 13.3629 -29.5454 0 0 0 -0.395406 0.918507
974.200000000 13.4149 -29.5995 0 0 0 -0.394006 0.919108
974.300000000 13.467 -29.6534 0 0 0 -0.392605 0.919707
974.400000000 13.5194 -29.7071 0 0 0 -0.391204 0.920304
974.500000000 13.5718 -29.7607 0 0 0 -0.389801 0.920899
974.600000000 13.6245 -29.8141 0 0 0 -0.388398 0.921492
974.700000000 13.6773 -29.8674 0 0 0 -0.386994 0.922082
974.800000000 13.7303 -29.9204 0 0 0 -0.385588 0.922671
974.900000000 13.7834 -29.9734 0 0 0 -0.384182 0.923257
975.000000000 13.8367 -30.0262 0 0 0 -0.382775 0.923841
975.100000000 13.8901 -30.0788 0 0 0 -0.381368 0.924424
975.200000000 13.9437 -30.1312 0 0 0 -0.379959 0.925003
975.300000000 13.9975 -30.1835 0 0 0 -0.378549 0.925581
975.400000000 14.0536 -30.2312 0 0 0 -0.366265 0.93051
975.500000000 14.1007 -30.2631 0 0 0 -0.345856 0.938288
975.600000000 14.1389 -30.2801 0 0 0 -0.317775 0.948166
975.700000000 14.1657 -30.2809 0 0 0 -0.28081 0.959763
975.800000000 14.1779 -30.2657 0 0 0 -0.233972 0.972243
975.900000000 14.1861 -30.2475 0 0 0 -0.185088 0.982722
976.000000000 14.1924 -30.2285 0 0 0 -0.135741 0.990744
976.100000000 14.1969 -30.209 0 0 0 -0.0860546 0.99629
976.200000000 14.1993 -30.1892 0 0 0 -0.0361533 0.999346
976.300000000 14.1997 -30.1692 0 0 0 0.0138384 0.999904
976.400000000 14.1982 -30.1493 0 0 0 0.0637954 0.997963
976.500000000 14.1947 -30.1296 0 0 0 0.113593 0.993527
976.600000000 14.1892 -30.1104 0 0 0 0.163107 0.986608
976.700000000 14.1818 -30.0918 0 0 0 0.212213 0.977223
976.800000000 14.1726 -30.074 0 0 0 0.260788 0.965396
976.900000000 14.1617 -30.0573 0 0 0 0.308712 0.951155
977.000000000 14.1492 -30.0417 0 0 0 0.355864 0.934538
977.100000000 14.1351 -30.0275 0 0 0 0.402127 0.915584
977.200000000 14.1198 -30.0147 0 0 0 0.447385 0.894342
977.300000000 14.1032 -30.0035 0 0 0 0.491524 0.870864
977.400000000 14.0856 -29.9941 0 0 0 0.534435 0.84521
977.500000000 14.0671 -29.9864 0 0 0 0.57601 0.817443
977.600000000 14.048 -29.9806 0 0 0 0.616145 0.787633
977.700000000 14.0283 -29.9768 0 0 0 0.65474 0.755854
977.800000000 14.0084 -29.9749 0 0 0 0.691699 0.722186
977.900000000 13.9884 -29.9751 0 0 0 0.726929 0.686713
978.000000000 13.9686 -29.9772 0 0 0 0.760342 0.649523
978.100000000 13.949 -29.9813 0 0 0 0.791854 0.61071
978.200000000 13.9299 -29.9873 0 0 0 0.821387 0.570371
978.300000000 13.9116 -29.9953 0 0 0 0.848867 0.528606
978.400000000 13.8941 -30.005 0 0 0 0.874226 0.48552
978.500000000 13.8777 -30.0164 0 0 0 0.897399 0.44122
978.600000000 13.855 -30.0145 0 0 0 0.915129 0.40316
978.700000000 13.8317 -30.0135 0 0 0 0.931039 0.364919
978.800000000 13.8084 -30.0144 0 0 0 0.945352 0.326051
978.900000000 13.7852 -30.0173 0 0 0 0.958043 0.286625
979.000000000 13.7624 -30.0221 0 0 0 0.96909 0.246706
979.100000000 13.74 -30.0288 0 0 0 0.978475 0.206364
979.200000000 13.7182 -30.0373 0 0 0 0.986181 0.165669
979.300000000 13.6973 -30.0475 0 0 0 0.992196 0.124689
979.400000000 13.6772 -30.0595 0 0 0 0.996508 0.0834948
979.500000000 13.6582 -30.0731 0 0 0 0.999111 0.0421577
979.600000000 13.6214 -30.0827 0 0 0 0.999947 0.0103308
979.700000000 13.569 -30.0912 0 0 0 0.999909 -0.0134897
979.800000000 13.5066 -30.1003 0 0 0 0.999486 -0.0320657
979.900000000 13.4436 -30.1116 0 0 0 0.998739 -0.0502108
980.000000000 13.3811 -30.1252 0 0 0 0.997662 -0.0683394
980.100000000 13.3192 -30.1411 0 0 0 0.996257 -0.0864455
980.200000000 13.2578 -30.1592 0 0 0 0.994522 -0.104523
980.300000000 13.1972 -30.1795 0 0 0 0.99246 -0.122566
980.400000000 13.1373 -30.202 0 0 0 0.990071 -0.140569
980.500000000 13.0783 -30.2266 0 0 0 0.987355 -0.158525
980.600000000 13.0202 -30.2534 0 0 0 0.984313 -0.176429
980.700000000 12.9631 -30.2823 0 0 0 0.980947 -0.194275
980.800000000 12.9071 -30.3132 0 0 0 0.977257 -0.212057
980.900000000 12.8523 -30.3462 0 0 0 0.973245 -0.229768
981.000000000 12.7987 -30.3811 0 0 0 0.968912 -0.247404
981.100000000 12.7346 -30.4201 0 0 0 0.966754 -0.255707
981.200000000 12.6698 -30.4579 0 0 0 0.966176 -0.257883
981.300000000 12.6051 -30.4958 0 0 0 0.965782 -0.259354
981.400000000 12.5405 -30.5339 0 0 0 0.965386 -0.260825
981.500000000 12.476 -30.5722 0 0 0 0.964988 -0.262296
981.600000000 12.4092 -30.6065 0 0 0 0.967749 -0.251917
981.700000000 12.3416 -30.6391 0 0 0 0.970523 -0.241008
981.800000000 12.2732 -30.6702 0 0 0 0.973174 -0.230069
981.900000000 12.2042 -30.6997 0 0 0 0.975702 -0.2191
982.000000000 12.1345 -30.7277 0 0 0 0.978107 -0.208104
982.100000000 12.0643 -30.7543 0 0 0 0.980285 -0.197587
982.200000000 11.9936 -30.7795 0 0 0 0.982253 -0.187563
982.300000000 11.9243 -30.8083 0 0 0 0.981693 -0.190469
982.400000000 11.8566 -30.8407 0 0 0 0.979385 -0.202004
982.500000000 11.7897 -30.8748 0 0 0 0.976834 -0.213997
982.600000000 11.7237 -30.9106 0 0 0 0.974137 -0.225959
982.700000000 11.6586 -30.948 0 0 0 0.971293 -0.237886
982.800000000 11.5944 -30.987 0 0 0 0.968303 -0.249778
982.900000000 11.5287 -31.0232 0 0 0 0.968303 -0.249778
983.000000000 11.4615 -31.0566 0 0 0 0.970363 -0.241652
983.100000000 11.3962 -31.0863 0 0 0 0.972968 -0.230941
983.200000000 11.3333 -31.1132 0 0 0 0.975341 -0.220701
983.300000000 11.2714 -31.1382 0 0 0 0.977553 -0.210688
983.400000000 11.2146 -31.1548 0 0 0 0.981693 -0.190471
983.500000000 11.1709 -31.1601 0 0 0 0.986731 -0.162362
983.600000000 11.1425 -31.154 0 0 0 0.992093 -0.125505
983.700000000 11.1224 -31.1421 0 0 0 0.996439 -0.0843146
983.800000000 11.1034 -31.1285 0 0 0 0.999076 -0.0429797
983.900000000 11.0855 -31.1135 0 0 0 0.999999 -0.00157096
984.000000000 11.069 -31.097 0 0 0 0.999206 0.0398404
984.100000000 11.0539 -31.0792 0 0 0 0.996699 0.0811835
984.200000000 11.0404 -31.0602 0 0 0 0.992482 0.122387
984.300000000 11.0284 -31.0401 0 0 0 0.986563 0.163381
984.400000000 11.0181 -31.0191 0 0 0 0.978951 0.204095
984.500000000 11.0085 -30.9971 0 0 0 0.969796 0.243918
984.600000000 11.0007 -30.9744 0 0 0 0.959021 0.283335
984.700000000 10.9959 -30.9516 0 0 0 0.946466 0.322805
984.800000000 10.992 -30.9279 0 0 0 0.932487 0.361202
984.900000000 10.989 -30.9034 0 0 0 0.91717 0.398497
985.000000000 10.988 -30.8787 0 0 0 0.900361 0.435143
985.100000000 10.9881 -30.8533 0 0 0 0.882341 0.47061
985.200000000 10.9911 -30.8288 0 0 0 0.862654 0.505794
985.300000000 10.9953 -30.8038 0 0 0 0.841854 0.539705
985.400000000 11.0129 -30.795 0 0 0 0.814277 0.580476
985.500000000 11.0313 -30.7881 0 0 0 0.784727 0.619841
985.600000000 11.0409 -30.7622 0 0 0 0.760459 0.649386
985.700000000 11.0524 -30.7372 0 0 0 0.735078 0.677982
985.800000000 11.0658 -30.7131 0 0 0 0.708624 0.705587
985.900000000 11.0809 -30.6901 0 0 0 0.681133 0.73216
986.000000000 11.098 -30.6693 0 0 0 0.652262 0.757994
986.100000000 11.1165 -30.65 0 0 0 0.622412 0.78269
986.200000000 11.1366 -30.6321 0 0 0 0.591628 0.806211
986.300000000 11.158 -30.6148 0 0 0 0.560376 0.828238
986.400000000 11.1805 -30.6002 0 0 0 0.527875 0.849322
986.500000000 11.2041 -30.5874 0 0 0 0.494581 0.869132
986.600000000 11.229 -30.5755 0 0 0 0.460995 0.887403
986.700000000 11.2547 -30.5655 0 0 0 0.426734 0.904377
986.800000000 11.281 -30.5575 0 0 0 0.39185 0.920029
986.900000000 11.3074 -30.5525 0 0 0 0.35592 0.934516
987.000000000 11.3347 -30.5486 0 0 0 0.319935 0.947439
987.100000000 11.3622 -30.5468 0 0 0 0.283483 0.958977
987.200000000 11.3898 -30.5472 0 0 0 0.246617 0.969113
987.300000000 11.4172 -30.5496 0 0 0 0.20939 0.977832
987.400000000 11.4444 -30.5542 0 0 0 0.171857 0.985122
987.500000000 11.472 -30.5603 0 0 0 0.134566 0.990905
987.600000000 11.5154 -30.5603 0 0 0 0.105818 0.994386
987.700000000 11.5736 -30.5564 0 0 0 0.0848737 0.996392
987.800000000 11.6483 -30.5485 0 0 0 0.07265 0.997357
987.900000000 11.7225 -30.5377 0 0 0 0.07265 0.997357
988.000000000 11.796 -30.5223 0 0 0 0.0838716 0.996477
988.100000000 11.8691 -30.505 0 0 0 0.0960836 0.995373
988.200000000 11.9417 -30.4858 0 0 0 0.108281 0.99412
988.300000000 12.0138 -30.4649 0 0 0 0.120463 0.992718
988.400000000 12.0854 -30.4422 0 0 0 0.132626 0.991166
988.500000000 12.1564 -30.4178 0 0 0 0.144769 0.989465
988.600000000 12.2093 -30.3932 0 0 0 0.165554 0.986201
988.700000000 12.2563 -30.3671 0 0 0 0.18861 0.982052
988.800000000 12.3028 -30.3386 0 0 0 0.211178 0.977448
988.900000000 12.3479 -30.308 0 0 0 0.233633 0.972325
989.000000000 12.3758 -30.2799 0 0 0 0.263659 0.964616
989.100000000 12.3847 -30.2561 0 0 0 0.301818 0.953366
989.200000000 12.3908 -30.2322 0 0 0 0.340002 0.940425
989.300000000 12.3939 -30.2084 0 0 0 0.378138 0.925749
989.400000000 12.394 -30.185 0 0 0 0.416149 0.909296
989.500000000 12.4079 -30.1495 0 0 0 0.444885 0.895588
989.600000000 12.4318 -30.1023 0 0 0 0.46609 0.884737
989.700000000 12.4557 -30.0516 0 0 0 0.48565 0.874153
989.800000000 12.4785 -29.9987 0 0 0 0.50428 0.86354
989.900000000 12.499 -29.9449 0 0 0 0.522679 0.852529
990.000000000 12.5172 -29.8903 0 0 0 0.540837 0.841127
990.100000000 12.533 -29.8349 0 0 0 0.558747 0.829338
990.200000000 12.5465 -29.779 0 0 0 0.5764 0.817168
990.300000000 12.5575 -29.7225 0 0 0 0.593788 0.804622
990.400000000 12.5661 -29.6655 0 0 0 0.610903 0.791706
990.500000000 12.5722 -29.6083 0 0 0 0.627737 0.778426
990.600000000 12.5759 -29.5508 0 0 0 0.644282 0.764788
990.700000000 12.5771 -29.4933 0 0 0 0.660531 0.750798
990.800000000 12.5759 -29.4357 0 0 0 0.676477 0.736464
990.900000000 12.5724 -29.3775 0 0 0 0.691822 0.722069
991.000000000 12.5665 -29.3194 0 0 0 0.70686 0.707354
991.100000000 12.5581 -29.2617 0 0 0 0.721585 0.692326
991.200000000 12.5472 -29.2051 0 0 0 0.736263 0.676695
991.300000000 12.5338 -29.1491 0 0 0 0.750602 0.660754
991.400000000 12.5181 -29.0937 0 0 0 0.764597 0.644509
991.500000000 12.5001 -29.0357 0 0 0 0.777222 0.629227
991.600000000 12.4798 -28.976 0 0 0 0.788778 0.614678
991.700000000 12.4573 -28.917 0 0 0 0.800063 0.599916
991.800000000 12.4326 -28.8589 0 0 0 0.811071 0.584947
991.900000000 12.4057 -28.8017 0 0 0 0.8218 0.569777
992.000000000 12.3768 -28.7456 0 0 0 0.832244 0.554409
992.100000000 12.3458 -28.6906 0 0 0 0.842402 0.53885
992.200000000 12.3121 -28.6343 0 0 0 0.851602 0.524189
992.300000000 12.2765 -28.5791 0 0 0 0.860547 0.509371
992.400000000 12.2391 -28.5252 0 0 0 0.869234 0.4944
992.500000000 12.1998 -28.4727 0 0 0 0.877661 0.479281
992.600000000 12.1583 -28.4207 0 0 0 0.885625 0.464401
992.700000000 12.1152 -28.3701 0 0 0 0.893336 0.449389
992.800000000 12.0703 -28.3211 0 0 0 0.900793 0.434249
992.900000000 12.0243 -28.2743 0 0 0 0.908174 0.418593
993.000000000 11.9762 -28.2284 0 0 0 0.915109 0.403207
993.100000000 11.9266 -28.1842 0 0 0 0.921783 0.387706
993.200000000 11.8755 -28.1416 0 0 0 0.928195 0.372095
993.300000000 11.823 -28.1008 0 0 0 0.934342 0.356377
993.400000000 11.7692 -28.0618 0 0 0 0.940223 0.340558
993.500000000 11.7146 -28.0253 0 0 0 0.945977 0.324234
993.600000000 11.6583 -27.9901 0 0 0 0.951314 0.308223
993.700000000 11.6007 -27.9568 0 0 0 0.95638 0.292125
993.800000000 11.5415 -27.9248 0 0 0 0.961053 0.276362
993.900000000 11.4806 -27.8942 0 0 0 0.965352 0.260951
994.000000000 11.4187 -27.8655 0 0 0 0.969403 0.245474
994.100000000 11.3538 -27.837 0 0 0 0.972894 0.231251
994.200000000 11.2888 -27.811 0 0 0 0.976275 0.216533
994.300000000 11.2231 -27.787 0 0 0 0.979434 0.201765
994.400000000 11.1551 -27.764 0 0 0 0.982197 0.187856
994.500000000 11.0857 -27.7423 0 0 0 0.98468 0.17437
994.600000000 11.0151 -27.7221 0 0 0 0.986896 0.161357
994.700000000 10.9441 -27.7033 0 0 0 0.988748 0.149588
994.800000000 10.8743 -27.6866 0 0 0 0.990423 0.138066
994.900000000 10.8043 -27.671 0 0 0 0.991807 0.127748
995.000000000 10.7356 -27.6572 0 0 0 0.993054 0.117657
995.100000000 10.6699 -27.6454 0 0 0 0.994147 0.108034
995.200000000 10.6056 -27.6351 0 0 0 0.995123 0.0986428
995.300000000 10.5446 -27.6261 0 0 0 0.995873 0.0907617
995.400000000 10.485 -27.6183 0 0 0 0.996542 0.0830882
995.500000000 10.427 -27.6116 0 0 0 0.997136 0.0756231
995.600000000 10.3706 -27.6059 0 0 0 0.99766 0.0683673
995.700000000 10.3142 -27.6005 0 0 0 0.998044 0.0625123
995.800000000 10.2593 -27.5959 0 0 0 0.998384 0.0568275
995.900000000 10.2028 -27.5916 0 0 0 0.998677 0.0514305
996.000000000 10.1479 -27.5881 0 0 0 0.998933 0.0461909
996.100000000 10.0729 -27.5844 0 0 0 0.999271 0.038188
996.200000000 9.99793 -27.5816 0 0 0 0.999527 0.0307628
996.300000000 9.92292 -27.5797 0 0 0 0.999714 0.0239289
996.400000000 9.8479 -27.5789 0 0 0 0.999854 0.0170939
996.500000000 9.77287 -27.5788 0 0 0 0.999941 0.010865
996.600000000 9.69785 -27.5797 0 0 0 0.999989 0.00463578
996.700000000 9.62285 -27.5812 0 0 0 1 -0.000972219
996.800000000 9.54786 -27.5836 0 0 0 0.999978 -0.00658018
996.900000000 9.47291 -27.5866 0 0 0 0.999933 -0.0115512
997.000000000 9.39798 -27.5903 0 0 0 0.999864 -0.0165219
997.100000000 9.32309 -27.5945 0 0 0 0.999783 -0.0208394
997.200000000 9.24823 -27.5993 0 0 0 0.999684 -0.0251564
997.300000000 9.17342 -27.6048 0 0 0 0.999566 -0.029473
997.400000000 9.09866 -27.611 0 0 0 0.999429 -0.0337891
997.500000000 9.02394 -27.6175 0 0 0 0.999299 -0.0374347
997.600000000 8.94926 -27.6246 0 0 0 0.999156 -0.0410799
997.700000000 8.87464 -27.6322 0 0 0 0.998999 -0.0447245
997.800000000 8.80007 -27.6403 0 0 0 0.99883 -0.0483685
997.900000000 8.72557 -27.649 0 0 0 0.998646 -0.0520119
998.000000000 8.65113 -27.6583 0 0 0 0.99845 -0.0556546
998.100000000 8.57677 -27.6681 0 0 0 0.99824 -0.0592966
998.200000000 8.50247 -27.6784 0 0 0 0.998017 -0.0629377
998.300000000 8.42822 -27.689 0 0 0 0.997827 -0.0658911
998.400000000 8.35407 -27.7003 0 0 0 0.99758 -0.0695307
998.500000000 8.28 -27.7121 0 0 0 0.99732 -0.0731694
998.600000000 8.20598 -27.7243 0 0 0 0.997099 -0.0761207
998.700000000 8.13207 -27.7371 0 0 0 0.996814 -0.0797576
998.800000000 8.05822 -27.7502 0 0 0 0.996574 -0.0827073
998.900000000 7.98445 -27.7637 0 0 0 0.996325 -0.0856563
999.000000000 7.91075 -27.7777 0 0 0 0.996067 -0.0886046
999.100000000 7.83714 -27.7921 0 0 0 0.9958 -0.0915521
999.200000000 7.76367 -27.8072 0 0 0 0.99546 -0.0951842
999.300000000 7.69026 -27.8226 0 0 0 0.995174 -0.0981298
999.400000000 7.61694 -27.8384 0 0 0 0.994879 -0.101075
999.500000000 7.54365 -27.8543 0 0 0 0.994649 -0.103315
999.600000000 7.47007 -27.8689 0 0 0 0.994879 -0.101075
999.700000000 7.39642 -27.8831 0 0 0 0.995104 -0.0988342
999.800000000 7.32271 -27.8969 0 0 0 0.995324 -0.0965932
999.900000000 7.24894 -27.9105 0 0 0 0.995539 -0.0943518
1000.000000000 7.17511 -27.9237 0 0 0 0.995749 -0.0921098
1000.100000000 7.10122 -27.9365 0 0 0 0.995954 -0.0898674
1000.200000000 7.02727 -27.9491 0 0 0 0.996154 -0.0876245
1000.300000000 6.95327 -27.9613 0 0 0 0.996348 -0.0853812
1000.400000000 6.87921 -27.9732 0 0 0 0.996538 -0.0831375
1000.500000000 6.8051 -27.9847 0 0 0 0.996723 -0.0808933
1000.600000000 6.7307 -27.9944 0 0 0 0.997196 -0.0748404
1000.700000000 6.6562 -28.0032 0 0 0 0.997622 -0.0689163
1000.800000000 6.58492 -28.0108 0 0 0 0.997998 -0.0632533
1000.900000000 6.51521 -28.0175 0 0 0 0.998333 -0.05772
1001.000000000 6.44709 -28.0232 0 0 0 0.998631 -0.0523167
1001.100000000 6.38225 -28.0279 0 0 0 0.998887 -0.0471756
1001.200000000 6.31901 -28.0319 0 0 0 0.999111 -0.0421651
1001.300000000 6.25741 -28.0352 0 0 0 0.999305 -0.0372855
1001.400000000 6.19911 -28.0377 0 0 0 0.999466 -0.0326687
1001.500000000 6.13086 -28.0411 0 0 0 0.99955 -0.0299811
1001.600000000 6.06592 -28.0439 0 0 0 0.999624 -0.0274243
1001.700000000 6.00262 -28.0464 0 0 0 0.999689 -0.024933
1001.800000000 5.94099 -28.0485 0 0 0 0.999747 -0.022507
1001.900000000 5.88268 -28.0502 0 0 0 0.999796 -0.0202121
1002.000000000 5.82602 -28.0516 0 0 0 0.999838 -0.0179826
1002.100000000 5.77103 -28.0527 0 0 0 0.999875 -0.0158186
1002.200000000 5.7177 -28.0536 0 0 0 0.999906 -0.0137201
1002.300000000 5.66603 -28.0542 0 0 0 0.999932 -0.0116872
1002.400000000 5.61602 -28.0546 0 0 0 0.999953 -0.00971973
1002.500000000 5.56935 -28.0547 0 0 0 0.999969 -0.00788343
1002.600000000 5.52435 -28.0547 0 0 0 0.999981 -0.00611269
1002.700000000 5.47935 -28.0546 0 0 0 0.999991 -0.00434192
1002.800000000 5.43601 -28.0543 0 0 0 0.999997 -0.00263673
1002.900000000 5.39434 -28.0538 0 0 0 1 -0.000997115
1003.000000000 5.35434 -28.0533 0 0 0 1 0.000576919
1003.100000000 5.31601 -28.0526 0 0 0 0.999998 0.00208537
1003.200000000 5.27935 -28.0519 0 0 0 0.999994 0.00352823
1003.300000000 5.24435 -28.0511 0 0 0 0.999988 0.00490549
1003.400000000 5.20936 -28.0502 0 0 0 0.99998 0.00628275
1003.500000000 5.17603 -28.0494 0 0 0 0.999973 0.0073313
1003.600000000 5.14438 -28.0485 0 0 0 0.999965 0.00832742
1003.700000000 5.11272 -28.0476 0 0 0 0.999957 0.00932353
1003.800000000 5.08273 -28.0467 0 0 0 0.999947 0.0102672
1003.900000000 5.05441 -28.0457 0 0 0 0.999938 0.0111584
1004.000000000 5.0261 -28.0447 0 0 0 0.999927 0.0120497
1004.100000000 4.99945 -28.0438 0 0 0 0.999917 0.0128885
1004.200000000 4.9728 -28.0427 0 0 0 0.999906 0.0137273
1004.300000000 4.94782 -28.0417 0 0 0 0.999895 0.0145136
1004.400000000 4.9245 -28.0408 0 0 0 0.999884 0.0152475
1004.500000000 4.90119 -28.0398 0 0 0 0.999872 0.0159815
1004.600000000 4.87454 -28.0387 0 0 0 0.999862 0.0166102
1004.700000000 4.8479 -28.0375 0 0 0 0.999851 0.0172389
1004.800000000 4.82292 -28.0364 0 0 0 0.999841 0.0178282
1004.900000000 4.79795 -28.0353 0 0 0 0.99983 0.0184176
1005.000000000 4.77131 -28.0341 0 0 0 0.999819 0.0190463
1005.100000000 4.74467 -28.0328 0 0 0 0.999806 0.019675
1005.200000000 4.7197 -28.0316 0 0 0 0.999795 0.0202643
1005.300000000 4.69473 -28.0303 0 0 0 0.999783 0.0208537
1005.400000000 4.6681 -28.029 0 0 0 0.999769 0.0214823
1005.500000000 4.64146 -28.0276 0 0 0 0.99976 0.0219013
1005.600000000 4.61649 -28.0264 0 0 0 0.999751 0.022294
1005.700000000 4.59319 -28.0252 0 0 0 0.999743 0.0226605
1005.800000000 4.56656 -28.0238 0 0 0 0.999734 0.0230794
1005.900000000 4.53993 -28.0224 0 0 0 0.999724 0.0234984
1006.000000000 4.5133 -28.021 0 0 0 0.999714 0.0239173
1006.100000000 4.48667 -28.0196 0 0 0 0.999704 0.0243361
1006.200000000 4.46004 -28.0181 0 0 0 0.999694 0.024755
1006.300000000 4.43508 -28.0167 0 0 0 0.999684 0.0251477
1006.400000000 4.41012 -28.0153 0 0 0 0.999674 0.0255404
1006.500000000 4.38516 -28.0139 0 0 0 0.999664 0.0259331
1006.600000000 4.35852 -28.0127 0 0 0 0.99968 0.0253046
1006.700000000 4.33187 -28.0116 0 0 0 0.999696 0.024676
1006.800000000 4.30689 -28.0106 0 0 0 0.99971 0.0240867
1006.900000000 4.28024 -28.0096 0 0 0 0.999725 0.0234581
1007.000000000 4.25526 -28.0087 0 0 0 0.999738 0.0228687
1007.100000000 4.23028 -28.0078 0 0 0 0.999752 0.0222794
1007.200000000 4.19696 -28.0066 0 0 0 0.999769 0.0214936
1007.300000000 4.16365 -28.0055 0 0 0 0.999786 0.0207078
1007.400000000 4.13033 -28.0044 0 0 0 0.999802 0.019922
1007.500000000 4.09701 -28.0034 0 0 0 0.999817 0.0191362
1007.600000000 4.06369 -28.0024 0 0 0 0.999832 0.0183503
1007.700000000 4.03203 -28.0016 0 0 0 0.999845 0.0176038
1007.800000000 4.00038 -28.0007 0 0 0 0.999858 0.0168572
1007.900000000 3.96705 -27.9999 0 0 0 0.999871 0.0160713
1008.000000000 3.93539 -27.9992 0 0 0 0.999883 0.0153247
1008.100000000 3.9054 -27.9986 0 0 0 0.999893 0.0146174
1008.200000000 3.87207 -27.9979 0 0 0 0.999904 0.0138315
1008.300000000 3.84041 -27.9973 0 0 0 0.999914 0.0130849
1008.400000000 3.80874 -27.9968 0 0 0 0.999924 0.0123383
1008.500000000 3.77874 -27.9964 0 0 0 0.999932 0.011631
1008.600000000 3.74541 -27.9959 0 0 0 0.999941 0.010845
1008.700000000 3.71208 -27.9955 0 0 0 0.999949 0.0100591
1008.800000000 3.68042 -27.9952 0 0 0 0.999957 0.00931244
1008.900000000 3.64708 -27.9948 0 0 0 0.999964 0.00852649
1009.000000000 3.61542 -27.9946 0 0 0 0.99997 0.00777983
1009.100000000 3.58375 -27.9944 0 0 0 0.999975 0.00703317
1009.200000000 3.55208 -27.9943 0 0 0 0.99998 0.00628651
1009.300000000 3.52208 -27.9941 0 0 0 0.999983 0.00581512
1009.400000000 3.49041 -27.9939 0 0 0 0.999986 0.00531755
1009.500000000 3.45875 -27.9938 0 0 0 0.999988 0.00481997
1009.600000000 3.43208 -27.9936 0 0 0 0.999989 0.00461052
1009.700000000 3.40375 -27.9934 0 0 0 0.99999 0.00438797
1009.800000000 3.37708 -27.9933 0 0 0 0.999991 0.00417852
1009.900000000 3.35208 -27.9931 0 0 0 0.999992 0.00398215
1010.000000000 3.32542 -27.993 0 0 0 0.999993 0.0037727
1010.100000000 3.29875 -27.9929 0 0 0 0.999994 0.00356324
1010.200000000 3.27208 -27.9928 0 0 0 0.999994 0.00335379
1010.300000000 3.24708 -27.9927 0 0 0 0.999995 0.00315742
1010.400000000 3.22042 -27.9926 0 0 0 0.999996 0.00294797
1010.500000000 3.19542 -27.9925 0 0 0 0.999996 0.0027516
1010.600000000 3.16875 -27.9925 0 0 0 0.999997 0.00254215
1010.700000000 3.14208 -27.9924 0 0 0 0.999997 0.00233269
1010.800000000 3.11708 -27.9924 0 0 0 0.999998 0.00213633
1010.900000000 3.09042 -27.9924 0 0 0 0.999998 0.00192687
1011.000000000 3.06542 -27.9923 0 0 0 0.999999 0.0017305
1011.100000000 3.03875 -27.9923 0 0 0 0.999999 0.00152105
1011.200000000 3.01375 -27.9923 0 0 0 0.999999 0.00132468
1011.300000000 2.95708 -27.9924 0 0 0 1 0.000879586
1011.400000000 2.90208 -27.9924 0 0 0 1 0.000447582
1011.500000000 2.88041 -27.9924 0 0 0 1 0.000447582
1011.600000000 2.85541 -27.9924 0 0 0 1 0.000447582
1011.700000000 2.82875 -27.9924 0 0 0 1 0.000447582
1011.800000000 2.80208 -27.9924 0 0 0 1 0.000447582
1011.900000000 2.77708 -27.9923 0 0 0 1 0.000447582
1012.000000000 2.75041 -27.9923 0 0 0 1 0.000447582
1012.100000000 2.72375 -27.9923 0 0 0 1 0.000447582
1012.200000000 2.69708 -27.9923 0 0 0 1 0.000447582
1012.300000000 2.67041 -27.9922 0 0 0 1 0.000447582
1012.400000000 2.64375 -27.9922 0 0 0 1 0.000447582
1012.500000000 2.61875 -27.9922 0 0 0 1 0.000447582
1012.600000000 2.59208 -27.9922 0 0 0 1 0.000447582
1012.700000000 2.56541 -27.9921 0 0 0 1 0.000447582
1012.800000000 2.54041 -27.9921 0 0 0 1 0.000447582
1012.900000000 2.51541 -27.9921 0 0 0 1 0.000447582
1013.000000000 2.48875 -27.9921 0 0 0 1 0.000447582
1013.100000000 2.46208 -27.992 0 0 0 1 0.000447582
1013.200000000 2.43708 -27.992 0 0 0 1 0.000447582
1013.300000000 2.41208 -27.992 0 0 0 1 0.000447582
1013.400000000 2.38541 -27.992 0 0 0 1 0.000447582
1013.500000000 2.35875 -27.992 0 0 0 1 0.000447582
1013.600000000 2.33375 -27.9919 0 0 0 1 0.000447582
1013.700000000 2.30708 -27.9919 0 0 0 1 0.000447582
1013.800000000 2.28208 -27.9919 0 0 0 1 0.000447582
1013.900000000 2.25708 -27.9919 0 0 0 1 0.000447582
1014.000000000 2.23208 -27.9918 0 0 0 1 0.000447582
1014.100000000 2.20875 -27.9918 0 0 0 1 0.000447582
1014.200000000 2.18208 -27.9918 0 0 0 1 0.000447582
1014.300000000 2.15541 -27.9918 0 0 0 1 0.000447582
1014.400000000 2.12875 -27.9918 0 0 0 1 0.000447582
1014.500000000 2.10208 -27.9917 0 0 0 1 0.000447582
1014.600000000 2.07541 -27.9917 0 0 0 1 0.000447582
1014.700000000 2.04875 -27.9917 0 0 0 1 0.000447582
1014.800000000 2.02208 -27.9917 0 0 0 1 0.000447582
1014.900000000 1.99541 -27.9916 0 0 0 1 0.000447582
1015.000000000 1.97042 -27.9916 0 0 0 1 0.000447582
1015.100000000 1.94542 -27.9916 0 0 0 1 0.000447582
1015.200000000 1.91875 -27.9916 0 0 0 1 0.000447582
1015.300000000 1.89208 -27.9915 0 0 0 1 0.000447582
1015.400000000 1.86708 -27.9915 0 0 0 1 0.000447582
1015.500000000 1.84042 -27.9915 0 0 0 1 0.000447582
1015.600000000 1.81542 -27.9915 0 0 0 1 0.000447582
1015.700000000 1.79042 -27.9914 0 0 0 1 0.000447582
1015.800000000 1.76375 -27.9914 0 0 0 1 0.000447582
1015.900000000 1.73708 -27.9914 0 0 0 1 0.000447582
1016.000000000 1.71208 -27.9914 0 0 0 1 0.000447582
1016.100000000 1.68875 -27.9914 0 0 0 1 0.000447582
1016.200000000 1.66208 -27.9913 0 0 0 1 0.000447582
1016.300000000 1.63542 -27.9913 0 0 0 1 0.000447582
1016.400000000 1.60875 -27.9913 0 0 0 1 0.000447582
1016.500000000 1.58375 -27.9913 0 0 0 1 0.000447582
1016.600000000 1.55875 -27.9912 0 0 0 1 0.000447582
1016.700000000 1.53542 -27.9912 0 0 0 1 0.000447582
1016.800000000 1.51208 -27.9912 0 0 0 1 0.000447582
1016.900000000 1.49042 -27.9912 0 0 0 1 0.000447582
1017.000000000 1.46875 -27.9912 0 0 0 1 0.000447582
1017.100000000 1.44875 -27.9911 0 0 0 1 0.000447582
1017.200000000 1.42208 -27.9911 0 0 0 1 0.000447582
1017.300000000 1.39708 -27.9911 0 0 0 1 0.000447582
1017.400000000 1.37208 -27.9911 0 0 0 1 0.000447582
1017.500000000 1.34542 -27.991 0 0 0 1 0.000447582
1017.600000000 1.31875 -27.991 0 0 0 1 0.000447582
1017.700000000 1.29375 -27.991 0 0 0 1 0.000447582
1017.800000000 1.26875 -27.991 0 0 0 1 0.000447582
1017.900000000 1.24542 -27.991 0 0 0 1 0.000447582
1018.000000000 1.22208 -27.9909 0 0 0 1 0.000447582
1018.100000000 1.20042 -27.9909 0 0 0 1 0.000447582
1018.200000000 1.17875 -27.9909 0 0 0 1 0.000447582
1018.300000000 1.15875 -27.9909 0 0 0 1 0.000447582
1018.400000000 1.13208 -27.9909 0 0 0 1 0.000447582
1018.500000000 1.10708 -27.9908 0 0 0 1 0.000447582
1018.600000000 1.08208 -27.9908 0 0 0 1 0.000447582
1018.700000000 1.05875 -27.9908 0 0 0 1 0.000447582
1018.800000000 1.03542 -27.9908 0 0 0 1 0.000447582
1018.900000000 1.00875 -27.9907 0 0 0 1 0.000447582
1019.000000000 0.982082 -27.9907 0 0 0 1 0.000447582
1019.100000000 0.957082 -27.9907 0 0 0 1 0.000447582
1019.200000000 0.932082 -27.9907 0 0 0 1 0.000447582
1019.300000000 0.908749 -27.9907 0 0 0 1 0.000447582
1019.400000000 0.885415 -27.9906 0 0 0 1 0.000447582
1019.500000000 0.863749 -27.9906 0 0 0 1 0.000447582
1019.600000000 0.842082 -27.9906 0 0 0 1 0.000447582
1019.700000000 0.822082 -27.9906 0 0 0 1 0.000447582
1019.800000000 0.800415 -27.9906 0 0 0 1 0.000447582
1019.900000000 0.780415 -27.9905 0 0 0 1 0.000447582
1020.000000000 0.753749 -27.9905 0 0 0 1 0.000447582
1020.100000000 0.728749 -27.9905 0 0 0 1 0.000447582
1020.200000000 0.702082 -27.9905 0 0 0 1 0.000447582
1020.300000000 0.677082 -27.9905 0 0 0 1 0.000447582
1020.400000000 0.650416 -27.9904 0 0 0 1 0.000447582
1020.500000000 0.625416 -27.9904 0 0 0 1 0.000447582
1020.600000000 0.600416 -27.9904 0 0 0 1 0.000447582
1020.700000000 0.577082 -27.9904 0 0 0 1 0.000447582
1020.800000000 0.553749 -27.9903 0 0 0 1 0.000447582
1020.900000000 0.532082 -27.9903 0 0 0 1 0.000447582
1021.000000000 0.510416 -27.9903 0 0 0 1 0.000447582
1021.100000000 0.488749 -27.9903 0 0 0 1 0.000447582
1021.200000000 0.467082 -27.9903 0 0 0 1 0.000447582
1021.300000000 0.445416 -27.9902 0 0 0 1 0.000447582
1021.400000000 0.423749 -27.9902 0 0 0 1 0.000447582
1021.500000000 0.402082 -27.9902 0 0 0 1 0.000447582
1021.600000000 0.380416 -27.9902 0 0 0 1 0.000447582
1021.700000000 0.358749 -27.9902 0 0 0 1 0.000447582
1021.800000000 0.337082 -27.9901 0 0 0 1 0.000447582
1021.900000000 0.313749 -27.9901 0 0 0 1 0.000447582
1022.000000000 0.292082 -27.9901 0 0 0 1 0.000447582
1022.100000000 0.270416 -27.9901 0 0 0 1 0.000447582
1022.200000000 0.250416 -27.9901 0 0 0 1 0.000447582
1022.300000000 0.230416 -27.9901 0 0 0 1 0.000447582
1022.400000000 0.208749 -27.99 0 0 0 1 0.000447582
1022.500000000 0.187082 -27.99 0 0 0 1 0.000447582
1022.600000000 0.167082 -27.99 0 0 0 1 0.000447582
1022.700000000 0.145416 -27.99 0 0 0 1 0.000447582
1022.800000000 0.123749 -27.99 0 0 0 1 0.000447582
1022.900000000 0.103749 -27.9899 0 0 0 1 0.000447582
1023.000000000 0.0820824 -27.9899 0 0 0 1 0.000447582
1023.100000000 0.0604158 -27.9899 0 0 0 1 0.000447582
1023.200000000 0.0387491 -27.9899 0 0 0 1 0.000447582
1023.300000000 0.0170825 -27.9899 0 0 0 1 0.000447582
1023.400000000 -0.00458421 -27.9898 0 0 0 1 0.000447582
1023.500000000 -0.0262509 -27.9898 0 0 0 1 0.000447582
1023.600000000 -0.0479175 -27.9898 0 0 0 1 0.000447582
1023.700000000 -0.0712508 -27.9898 0 0 0 1 0.000447582
1023.800000000 -0.0929175 -27.9898 0 0 0 1 0.000447582
1023.900000000 -0.114584 -27.9897 0 0 0 1 0.000447582
1024.000000000 -0.134584 -27.9897 0 0 0 1 0.000447582
1024.100000000 -0.156251 -27.9897 0 0 0 1 0.000447582
1024.200000000 -0.176251 -27.9897 0 0 0 1 0.000447582
1024.300000000 -0.196251 -27.9897 0 0 0 1 0.000447582
1024.400000000 -0.217917 -27.9896 0 0 0 1 0.000447582
1024.500000000 -0.239584 -27.9896 0 0 0 1 0.000447582
1024.600000000 -0.259584 -27.9896 0 0 0 1 0.000447582
1024.700000000 -0.281251 -27.9896 0 0 0 1 0.000447582
1024.800000000 -0.302917 -27.9896 0 0 0 1 0.000447582
1024.900000000 -0.322917 -27.9896 0 0 0 1 0.000447582
1025.000000000 -0.344584 -27.9895 0 0 0 1 0.000447582
1025.100000000 -0.366251 -27.9895 0 0 0 1 0.000447582
1025.200000000 -0.387917 -27.9895 0 0 0 1 0.000447582
1025.300000000 -0.407917 -27.9895 0 0 0 1 0.000447582
1025.400000000 -0.429584 -27.9895 0 0 0 1 0.000447582
1025.500000000 -0.451251 -27.9894 0 0 0 1 0.000447582
1025.600000000 -0.472917 -27.9894 0 0 0 1 0.000447582
1025.700000000 -0.496251 -27.9894 0 0 0 1 0.000447582
1025.800000000 -0.517917 -27.9894 0 0 0 1 0.000447582
1025.900000000 -0.539584 -27.9894 0 0 0 1 0.000447582
1026.000000000 -0.559584 -27.9893 0 0 0 1 0.000447582
1026.100000000 -0.581251 -27.9893 0 0 0 1 0.000447582
1026.200000000 -0.601251 -27.9893 0 0 0 1 0.000447582
1026.300000000 -0.621251 -27.9893 0 0 0 1 0.000447582
1026.400000000 -0.654584 -27.9893 0 0 0 1 0.000447582
1026.500000000 -0.689584 -27.9892 0 0 0 1 0.000447582
1026.600000000 -0.722917 -27.9892 0 0 0 1 0.000447582
1026.700000000 -0.754584 -27.9892 0 0 0 1 0.000447582
1026.800000000 -0.786251 -27.9891 0 0 0 1 0.000447582
1026.900000000 -0.819584 -27.9891 0 0 0 1 0.000447582
1027.000000000 -0.851251 -27.9891 0 0 0 1 0.000447582
1027.100000000 -0.884584 -27.9891 0 0 0 1 0.000447582
1027.200000000 -0.916251 -27.989 0 0 0 1 0.000447582
1027.300000000 -0.947917 -27.989 0 0 0 1 0.000447582
1027.400000000 -0.979584 -27.989 0 0 0 1 0.000447582
1027.500000000 -1.03625 -27.9889 0 0 0 1 0.000447582
1027.600000000 -1.09125 -27.9889 0 0 0 1 0.000447582
1027.700000000 -1.14792 -27.9888 0 0 0 1 0.000447582
1027.800000000 -1.20125 -27.9888 0 0 0 1 0.000447582
1027.900000000 -1.25625 -27.9887 0 0 0 1 0.000447582
1028.000000000 -1.30958 -27.9887 0 0 0 1 0.000447582
1028.100000000 -1.36625 -27.9886 0 0 0 1 0.000447582
1028.200000000 -1.42125 -27.9886 0 0 0 1 0.000447582
1028.300000000 -1.47458 -27.9885 0 0 0 1 0.000447582
1028.400000000 -1.52958 -27.9885 0 0 0 1 0.000447582
1028.500000000 -1.58458 -27.9884 0 0 0 1 0.000447582
1028.600000000 -1.63792 -27.9884 0 0 0 1 0.000447582
1028.700000000 -1.68958 -27.9883 0 0 0 1 0.000447582
1028.800000000 -1.74458 -27.9883 0 0 0 1 0.000447582
1028.900000000 -1.80125 -27.9882 0 0 0 1 0.000447582
1029.000000000 -1.85625 -27.9882 0 0 0 1 0.000447582
1029.100000000 -1.90958 -27.9881 0 0 0 1 0.000447582
1029.200000000 -1.96292 -27.9881 0 0 0 1 0.000447582
1029.300000000 -2.01792 -27.988 0 0 0 1 0.000447582
1029.400000000 -2.07125 -27.988 0 0 0 1 0.000447582
1029.500000000 -2.12792 -27.9879 0 0 0 1 0.000447582
1029.600000000 -2.18292 -27.9879 0 0 0 1 0.000447582
1029.700000000 -2.23958 -27.9878 0 0 0 1 0.000447582
1029.800000000 -2.29292 -27.9878 0 0 0 1 0.000447582
1029.900000000 -2.34792 -27.9877 0 0 0 1 0.000447582
1030.000000000 -2.40125 -27.9877 0 0 0 1 0.000447582
1030.100000000 -2.45792 -27.9876 0 0 0 1 0.000447582
1030.200000000 -2.51292 -27.9876 0 0 0 1 0.000447582
1030.300000000 -2.56625 -27.9875 0 0 0 1 0.000447582
1030.400000000 -2.62125 -27.9875 0 0 0 1 0.000447582
1030.500000000 -2.69625 -27.9883 0 0 0 0.999998 -0.00180417
1030.600000000 -2.77124 -27.9895 0 0 0 0.999992 -0.00405591
1030.700000000 -2.84623 -27.9907 0 0 0 0.999984 -0.00557933
1030.800000000 -2.92122 -27.9922 0 0 0 0.999975 -0.00710273
1030.900000000 -2.9962 -27.9938 0 0 0 0.999963 -0.00862612
1031.000000000 -3.07118 -27.9957 0 0 0 0.999949 -0.010145
1031.100000000 -3.14615 -27.9979 0 0 0 0.999932 -0.0116377
1031.200000000 -3.22112 -28.0002 0 0 0 0.999914 -0.0131041
1031.300000000 -3.29608 -28.0027 0 0 0 0.999895 -0.0145181
1031.400000000 -3.37103 -28.0055 0 0 0 0.999871 -0.0160414
1031.500000000 -3.44597 -28.0085 0 0 0 0.999846 -0.0175646
1031.600000000 -3.5209 -28.0118 0 0 0 0.999818 -0.0190878
1031.700000000 -3.59582 -28.0152 0 0 0 0.999788 -0.0206109
1031.800000000 -3.67073 -28.0189 0 0 0 0.999755 -0.022134
1031.900000000 -3.74563 -28.0229 0 0 0 0.99972 -0.0236571
1032.000000000 -3.8205 -28.0273 0 0 0 0.999664 -0.0259081
1032.100000000 -3.89537 -28.0318 0 0 0 0.999624 -0.027431
1032.200000000 -3.97022 -28.0365 0 0 0 0.999581 -0.0289539
1032.300000000 -4.04506 -28.0415 0 0 0 0.999535 -0.0304766
1032.400000000 -4.11986 -28.0469 0 0 0 0.999464 -0.0327272
1032.500000000 -4.19464 -28.0528 0 0 0 0.999388 -0.0349777
1032.600000000 -4.26941 -28.0586 0 0 0 0.999334 -0.0365002
1032.700000000 -4.34417 -28.0647 0 0 0 0.999277 -0.0380225
1032.800000000 -4.4189 -28.071 0 0 0 0.999218 -0.0395448
1032.900000000 -4.49362 -28.0775 0 0 0 0.999156 -0.041067
1033.000000000 -4.56832 -28.0843 0 0 0 0.999093 -0.0425891
1033.100000000 -4.64299 -28.0913 0 0 0 0.999027 -0.0441111
1033.200000000 -4.71765 -28.0985 0 0 0 0.998958 -0.0456331
1033.300000000 -4.79228 -28.1059 0 0 0 0.998888 -0.0471548
1033.400000000 -4.86691 -28.1133 0 0 0 0.998851 -0.0479273
1033.500000000 -4.94151 -28.1211 0 0 0 0.998777 -0.0494489
1033.600000000 -5.01611 -28.1288 0 0 0 0.998738 -0.0502213
1033.700000000 -5.0907 -28.1366 0 0 0 0.998699 -0.0509936
1033.800000000 -5.16493 -28.1477 0 0 0 0.998225 -0.0595585
1033.900000000 -5.23893 -28.1602 0 0 0 0.997639 -0.0686742
1034.000000000 -5.31276 -28.1737 0 0 0 0.997057 -0.076663
1034.100000000 -5.38629 -28.1888 0 0 0 0.996315 -0.0857673
1034.200000000 -5.4597 -28.2043 0 0 0 0.995706 -0.0925765
1034.300000000 -5.5328 -28.2212 0 0 0 0.994932 -0.100549
1034.400000000 -5.60567 -28.2391 0 0 0 0.994158 -0.107938
1034.500000000 -5.67837 -28.2577 0 0 0 0.993466 -0.114129
1034.600000000 -5.74774 -28.2795 0 0 0 0.991808 -0.127741
1034.700000000 -5.8048 -28.3024 0 0 0 0.989141 -0.146968
1034.800000000 -5.8601 -28.3275 0 0 0 0.986034 -0.166545
1034.900000000 -5.91435 -28.3548 0 0 0 0.982539 -0.186057
1035.000000000 -5.98254 -28.3862 0 0 0 0.980484 -0.196599
1035.100000000 -6.03669 -28.417 0 0 0 0.976572 -0.21519
1035.200000000 -6.08798 -28.4495 0 0 0 0.972115 -0.234505
1035.300000000 -6.13795 -28.484 0 0 0 0.967276 -0.253727
1035.400000000 -6.1865 -28.5205 0 0 0 0.962057 -0.27285
1035.500000000 -6.22815 -28.5568 0 0 0 0.955634 -0.294556
1035.600000000 -6.26662 -28.5944 0 0 0 0.948472 -0.316861
1035.700000000 -6.30475 -28.6344 0 0 0 0.941057 -0.338249
1035.800000000 -6.34104 -28.676 0 0 0 0.933159 -0.359463
1035.900000000 -6.3747 -28.7189 0 0 0 0.924633 -0.380858
1036.000000000 -6.40635 -28.7633 0 0 0 0.915617 -0.402052
1036.100000000 -6.43592 -28.8091 0 0 0 0.906115 -0.423032
1036.200000000 -6.46336 -28.8562 0 0 0 0.896132 -0.443788
1036.300000000 -6.4763 -28.8936 0 0 0 0.881945 -0.471353
1036.400000000 -6.4733 -28.9181 0 0 0 -0.862228 0.50652
1036.500000000 -6.46026 -28.9327 0 0 0 -0.837832 0.545928
1036.600000000 -6.44593 -28.9461 0 0 0 -0.811637 0.584162
1036.700000000 -6.43041 -28.9581 0 0 0 -0.783698 0.621143
1036.800000000 -6.41386 -28.9686 0 0 0 -0.754075 0.656788
1036.900000000 -6.39594 -28.9762 0 0 0 -0.722357 0.691521
1037.000000000 -6.37739 -28.982 0 0 0 -0.68904 0.724723
1037.100000000 -6.35837 -28.9861 0 0 0 -0.654199 0.756322
1037.200000000 -6.33905 -28.9884 0 0 0 -0.617911 0.786248
1037.300000000 -6.3196 -28.9888 0 0 0 -0.580255 0.814435
1037.400000000 -6.3 -28.9889 0 0 0 -0.541895 0.840446
1037.500000000 -6.27885 -29.0063 0 0 0 -0.516289 0.856414
1037.600000000 -6.26204 -29.0256 0 0 0 -0.5037 0.863878
1037.700000000 -6.24607 -29.0472 0 0 0 -0.496625 0.867965
1037.800000000 -6.23055 -29.0709 0 0 0 -0.49367 0.869649
1037.900000000 -6.21474 -29.0984 0 0 0 -0.494754 0.869033
1038.000000000 -6.18373 -29.1621 0 0 0 -0.507427 0.861695
1038.100000000 -6.15926 -29.2212 0 0 0 -0.522991 0.852338
1038.200000000 -6.13748 -29.2804 0 0 0 -0.538737 0.842474
1038.300000000 -6.11792 -29.3405 0 0 0 -0.554298 0.832319
1038.400000000 -6.10013 -29.4019 0 0 0 -0.569321 0.822115
1038.500000000 -6.08457 -29.464 0 0 0 -0.584156 0.811641
1038.600000000 -6.06627 -29.5353 0 0 0 -0.594848 0.803838
1038.700000000 -6.04866 -29.6083 0 0 0 -0.603858 0.797092
1038.800000000 -6.03231 -29.6815 0 0 0 -0.611969 0.790882
1038.900000000 -6.01636 -29.7549 0 0 0 -0.617828 0.786313
1039.000000000 -6.00281 -29.8287 0 0 0 -0.626237 0.779633
1039.100000000 -5.98832 -29.9023 0 0 0 -0.629598 0.776921
1039.200000000 -5.97498 -29.9761 0 0 0 -0.633945 0.773378
1039.300000000 -5.96169 -30.05 0 0 0 -0.636762 0.77106
1039.400000000 -5.94894 -30.1239 0 0 0 -0.639571 0.768732
1039.500000000 -5.93674 -30.1979 0 0 0 -0.642371 0.766394
1039.600000000 -5.91983 -30.271 0 0 0 -0.634922 0.772576
1039.700000000 -5.9004 -30.3401 0 0 0 -0.623902 0.781502
1039.800000000 -5.87905 -30.4077 0 0 0 -0.612391 0.790555
1039.900000000 -5.85572 -30.4746 0 0 0 -0.600748 0.799438
1040.000000000 -5.83045 -30.5408 0 0 0 -0.588977 0.80815
1040.100000000 -5.80325 -30.6063 0 0 0 -0.577079 0.816688
1040.200000000 -5.77414 -30.6709 0 0 0 -0.565057 0.825052
1040.300000000 -5.74315 -30.7346 0 0 0 -0.552915 0.833238
1040.400000000 -5.71031 -30.7974 0 0 0 -0.540653 0.841246
1040.500000000 -5.67565 -30.8592 0 0 0 -0.528276 0.849073
1040.600000000 -5.63919 -30.92 0 0 0 -0.515785 0.856718
1040.700000000 -5.60096 -30.9797 0 0 0 -0.503184 0.864179
1040.800000000 -5.56101 -31.0382 0 0 0 -0.490475 0.871455
1040.900000000 -5.51827 -31.0999 0 0 0 -0.480635 0.876921
1041.000000000 -5.47433 -31.1608 0 0 0 -0.471189 0.882032
1041.100000000 -5.42909 -31.2189 0 0 0 -0.459474 0.888191
1041.200000000 -5.38272 -31.2749 0 0 0 -0.447252 0.894408
1041.300000000 -5.33432 -31.3323 0 0 0 -0.43762 0.89916
1041.400000000 -5.28453 -31.3885 0 0 0 -0.427472 0.904029
1041.500000000 -5.24061 -31.4293 0 0 0 -0.409096 0.912491
1041.600000000 -5.20335 -31.4542 0 0 0 -0.383243 0.923648
1041.700000000 -5.17463 -31.4621 0 0 0 -0.349035 0.93711
1041.800000000 -5.16038 -31.4489 0 0 0 -0.303214 0.952922
1041.900000000 -5.14965 -31.432 0 0 0 -0.255209 0.966886
1042.000000000 -5.14067 -31.4141 0 0 0 -0.206566 0.978433
1042.100000000 -5.13351 -31.3955 0 0 0 -0.157407 0.987534
1042.200000000 -5.12825 -31.3762 0 0 0 -0.107854 0.994167
1042.300000000 -5.12495 -31.3565 0 0 0 -0.0580315 0.998315
1042.400000000 -5.12363 -31.3365 0 0 0 -0.00806403 0.999967
1042.500000000 -5.1243 -31.3165 0 0 0 0.0419236 0.999121
1042.600000000 -5.12697 -31.2967 0 0 0 0.0918064 0.995777
1042.700000000 -5.1316 -31.2773 0 0 0 0.14146 0.989944
1042.800000000 -5.13816 -31.2584 0 0 0 0.19076 0.981637
1042.900000000 -5.14656 -31.2403 0 0 0 0.239583 0.970876
1043.000000000 -5.15673 -31.2231 0 0 0 0.287807 0.957689
1043.100000000 -5.16857 -31.2069 0 0 0 0.335312 0.942107
1043.200000000 -5.18196 -31.1921 0 0 0 0.381978 0.924171
1043.300000000 -5.19677 -31.1787 0 0 0 0.42769 0.903925
1043.400000000 -5.21284 -31.1668 0 0 0 0.472333 0.88142
1043.500000000 -5.23002 -31.1565 0 0 0 0.515795 0.856712
1043.600000000 -5.24813 -31.1481 0 0 0 0.557969 0.829862
1043.700000000 -5.267 -31.1415 0 0 0 0.598747 0.800938
1043.800000000 -5.28643 -31.1368 0 0 0 0.638029 0.770012
1043.900000000 -5.30624 -31.1341 0 0 0 0.675716 0.737162
1044.000000000 -5.32621 -31.1333 0 0 0 0.711715 0.702469
1044.100000000 -5.34617 -31.1346 0 0 0 0.745934 0.66602
1044.200000000 -5.36589 -31.1378 0 0 0 0.778289 0.627907
1044.300000000 -5.3852 -31.143 0 0 0 0.808698 0.588224
1044.400000000 -5.40389 -31.1501 0 0 0 0.837087 0.54707
1044.500000000 -5.42177 -31.1591 0 0 0 0.863383 0.50455
1044.600000000 -5.44667 -31.1456 0 0 0 0.881804 0.471616
1044.700000000 -5.47947 -31.1173 0 0 0 0.89509 0.445885
1044.800000000 -5.51671 -31.0851 0 0 0 0.906289 0.422659
1044.900000000 -5.55596 -31.0541 0 0 0 0.916728 0.399512
1045.000000000 -5.59672 -31.0251 0 0 0 0.926576 0.376107
1045.100000000 -5.63891 -30.9983 0 0 0 0.935827 0.35246
1045.200000000 -5.6824 -30.9736 0 0 0 0.944474 0.328586
1045.300000000 -5.72708 -30.9512 0 0 0 0.952512 0.3045
1045.400000000 -5.77285 -30.9311 0 0 0 0.959937 0.280217
1045.500000000 -5.81958 -30.9133 0 0 0 0.966742 0.255754
1045.600000000 -5.87973 -30.887 0 0 0 0.971024 0.238984
1045.700000000 -5.94649 -30.8582 0 0 0 0.974209 0.225647
1045.800000000 -6.0148 -30.8307 0 0 0 0.97711 0.212733
1045.900000000 -6.08381 -30.805 0 0 0 0.97984 0.199782
1046.000000000 -6.15348 -30.7811 0 0 0 0.982399 0.186795
1046.100000000 -6.22375 -30.7591 0 0 0 0.984785 0.173777
1046.200000000 -6.29458 -30.7389 0 0 0 0.986999 0.160727
1046.300000000 -6.36593 -30.7206 0 0 0 0.98904 0.14765
1046.400000000 -6.43773 -30.7042 0 0 0 0.990907 0.134546
1046.500000000 -6.50994 -30.6897 0 0 0 0.992601 0.121419
1046.600000000 -6.58357 -30.6752 0 0 0 0.993669 0.112348
1046.700000000 -6.65742 -30.6618 0 0 0 0.994596 0.10382
1046.800000000 -6.73148 -30.6497 0 0 0 0.99545 0.0952843
1046.900000000 -6.80574 -30.6388 0 0 0 0.996231 0.0867418
1047.000000000 -6.88018 -30.6292 0 0 0 0.996938 0.078193
1047.100000000 -6.95477 -30.6209 0 0 0 0.997572 0.0696384
1047.200000000 -7.02949 -30.6139 0 0 0 0.998133 0.0610787
1047.300000000 -7.10432 -30.6082 0 0 0 0.99862 0.0525145
1047.400000000 -7.17923 -30.6037 0 0 0 0.999034 0.0439465
1047.500000000 -7.2542 -30.6004 0 0 0 0.999354 0.0359429
1047.600000000 -7.3292 -30.5979 0 0 0 0.999593 0.028517
1047.700000000 -7.40422 -30.5966 0 0 0 0.999778 0.0210896
1047.800000000 -7.47926 -30.5964 0 0 0 0.999907 0.0136611
1047.900000000 -7.55429 -30.5974 0 0 0 0.999981 0.00623176
1048.000000000 -7.6293 -30.5994 0 0 0 0.999999 -0.00119791
1048.100000000 -7.70427 -30.6025 0 0 0 0.999963 -0.00862751
1048.200000000 -7.77918 -30.6068 0 0 0 0.999871 -0.0160566
1048.300000000 -7.85403 -30.6122 0 0 0 0.999724 -0.0234849
1048.400000000 -7.92878 -30.6187 0 0 0 0.999522 -0.0309118
1048.500000000 -8.00343 -30.6263 0 0 0 0.999265 -0.038337
1048.600000000 -8.07796 -30.635 0 0 0 0.998952 -0.0457602
1048.700000000 -8.15236 -30.6448 0 0 0 0.998585 -0.0531807
1048.800000000 -8.22659 -30.6557 0 0 0 0.998162 -0.0605984
1048.900000000 -8.30066 -30.6677 0 0 0 0.997684 -0.0680127
1049.000000000 -8.37454 -30.6809 0 0 0 0.997152 -0.0754233
1049.100000000 -8.44822 -30.6951 0 0 0 0.996564 -0.0828297
1049.200000000 -8.52259 -30.705 0 0 0 0.99706 -0.07662
1049.300000000 -8.58982 -30.7087 0 0 0 0.998185 -0.0602182
1049.400000000 -8.64118 -30.705 0 0 0 0.999365 -0.0356398
1049.500000000 -8.68603 -30.6971 0 0 0 0.999969 -0.00788724
1049.600000000 -8.73037 -30.6867 0 0 0 0.999803 0.0198714
1049.700000000 -8.77406 -30.6739 0 0 0 0.998866 0.0476147
1049.800000000 -8.81698 -30.6586 0 0 0 0.997159 0.0753214
1049.900000000 -8.85898 -30.641 0 0 0 0.994684 0.10297
1050.000000000 -8.89994 -30.6211 0 0 0 0.991443 0.130539
1050.100000000 -8.93974 -30.5989 0 0 0 0.987438 0.158008
1050.200000000 -8.97824 -30.5746 0 0 0 0.982672 0.185355
1050.300000000 -9.01534 -30.5482 0 0 0 0.977148 0.212559
1050.400000000 -9.05091 -30.5197 0 0 0 0.970872 0.239599
1050.500000000 -9.1005 -30.4847 0 0 0 0.965932 0.258796
1050.600000000 -9.16241 -30.4431 0 0 0 0.962553 0.271093
1050.700000000 -9.22389 -30.4 0 0 0 0.959298 0.282397
1050.800000000 -9.28433 -30.3554 0 0 0 0.95591 0.293661
1050.900000000 -9.34371 -30.3094 0 0 0 0.952389 0.304885
1051.000000000 -9.40199 -30.2621 0 0 0 0.948737 0.316067
1051.100000000 -9.45913 -30.2134 0 0 0 0.944953 0.327205
1051.200000000 -9.51512 -30.1633 0 0 0 0.941039 0.338298
1051.300000000 -9.56992 -30.112 0 0 0 0.936995 0.349344
1051.400000000 -9.62349 -30.0594 0 0 0 0.932821 0.360341
1051.500000000 -9.67668 -30.0064 0 0 0 0.929695 0.36833
1051.600000000 -9.72912 -29.9527 0 0 0 0.926715 0.375765
1051.700000000 -9.78069 -29.8982 0 0 0 0.923676 0.383176
1051.800000000 -9.83138 -29.8429 0 0 0 0.920577 0.390562
1051.900000000 -9.88118 -29.7868 0 0 0 0.917419 0.397923
1052.000000000 -9.93007 -29.7298 0 0 0 0.914202 0.405259
1052.100000000 -9.97804 -29.6721 0 0 0 0.910927 0.412568
1052.200000000 -10.0251 -29.6137 0 0 0 0.907593 0.419852
1052.300000000 -10.0712 -29.5544 0 0 0 0.904201 0.427108
1052.400000000 -10.1163 -29.4945 0 0 0 0.900751 0.434337
1052.500000000 -10.1605 -29.4338 0 0 0 0.897243 0.441538
1052.600000000 -10.2039 -29.3726 0 0 0 0.893937 0.448192
1052.700000000 -10.2464 -29.3108 0 0 0 0.890583 0.454821
1052.800000000 -10.2879 -29.2483 0 0 0 0.887179 0.461425
1052.900000000 -10.3285 -29.1852 0 0 0 0.883726 0.468004
1053.000000000 -10.3682 -29.1215 0 0 0 0.880225 0.474557
1053.100000000 -10.4069 -29.0572 0 0 0 0.876675 0.481084
1053.200000000 -10.4447 -28.9924 0 0 0 0.873076 0.487584
1053.300000000 -10.4815 -28.927 0 0 0 0.86943 0.494057
1053.400000000 -10.5173 -28.8611 0 0 0 0.865735 0.500503
1053.500000000 -10.5522 -28.7946 0 0 0 0.861993 0.506921
1053.600000000 -10.5908 -28.7303 0 0 0 0.865134 0.501541
1053.700000000 -10.6319 -28.6692 0 0 0 0.871696 0.490047
1053.800000000 -10.6743 -28.6101 0 0 0 0.878333 0.478049
1053.900000000 -10.7182 -28.5522 0 0 0 0.884806 0.46596
1054.000000000 -10.7638 -28.4955 0 0 0 0.891112 0.453784
1054.100000000 -10.8108 -28.4401 0 0 0 0.89725 0.441523
1054.200000000 -10.8594 -28.386 0 0 0 0.90322 0.429179
1054.300000000 -10.9095 -28.3332 0 0 0 0.909019 0.416754
1054.400000000 -10.9609 -28.2819 0 0 0 0.914648 0.40425
1054.500000000 -11.0138 -28.232 0 0 0 0.920105 0.391671
1054.600000000 -11.068 -28.1835 0 0 0 0.925389 0.379018
1054.700000000 -11.1235 -28.1366 0 0 0 0.930499 0.366294
1054.800000000 -11.1803 -28.0911 0 0 0 0.935434 0.353501
1054.900000000 -11.2383 -28.0473 0 0 0 0.940193 0.340641
1055.000000000 -11.2975 -28.0051 0 0 0 0.944776 0.327718
1055.100000000 -11.3578 -27.9645 0 0 0 0.94918 0.314732
1055.200000000 -11.4192 -27.9256 0 0 0 0.953407 0.301688
1055.300000000 -11.4817 -27.8883 0 0 0 0.957454 0.288587
1055.400000000 -11.5452 -27.8529 0 0 0 0.961321 0.275431
1055.500000000 -11.6096 -27.8191 0 0 0 0.965007 0.262224
1055.600000000 -11.6618 -27.7988 0 0 0 0.9706 0.2407
1055.700000000 -11.7021 -27.7911 0 0 0 0.97742 0.211304
1055.800000000 -11.7276 -27.7968 0 0 0 0.984961 0.172778
1055.900000000 -11.7362 -27.8143 0 0 0 0.992176 0.124846
1056.000000000 -11.7402 -27.8338 0 0 0 0.997176 0.0751022
1056.100000000 -11.7422 -27.8537 0 0 0 0.999683 0.0251703
1056.200000000 -11.7422 -27.8737 0 0 0 0.999692 -0.0248245
1056.300000000 -11.7402 -27.8936 0 0 0 0.997202 -0.0747573
1056.400000000 -11.7362 -27.9132 0 0 0 0.992219 -0.124503
1056.500000000 -11.7303 -27.9323 0 0 0 0.984757 -0.173938
1056.600000000 -11.7225 -27.9507 0 0 0 0.974833 -0.222938
1056.700000000 -11.713 -27.9683 0 0 0 0.962472 -0.27138
1056.800000000 -11.7017 -27.9848 0 0 0 0.947706 -0.319145
1056.900000000 -11.6888 -28.0001 0 0 0 0.930571 -0.366112
1057.000000000 -11.6745 -28.014 0 0 0 0.91111 -0.412163
1057.100000000 -11.6588 -28.0264 0 0 0 0.889372 -0.457185
1057.200000000 -11.642 -28.0373 0 0 0 -0.865411 0.501063
1057.300000000 -11.6242 -28.0463 0 0 0 -0.839286 0.54369
1057.400000000 -11.6056 -28.0536 0 0 0 -0.811064 0.584957
1057.500000000 -11.5978 -28.0793 0 0 0 -0.787798 0.615934
1057.600000000 -11.588 -28.1043 0 0 0 -0.763349 0.645986
1057.700000000 -11.5764 -28.1284 0 0 0 -0.737754 0.675069
1057.800000000 -11.5629 -28.1516 0 0 0 -0.711052 0.703139
1057.900000000 -11.5477 -28.1737 0 0 0 -0.683283 0.730153
1058.000000000 -11.5308 -28.1945 0 0 0 -0.654489 0.756072
1058.100000000 -11.5123 -28.214 0 0 0 -0.624712 0.780856
1058.200000000 -11.4924 -28.233 0 0 0 -0.594405 0.804166
1058.300000000 -11.4711 -28.2494 0 0 0 -0.56281 0.826586
1058.400000000 -11.4487 -28.2642 0 0 0 -0.530371 0.847766
1058.500000000 -11.4249 -28.2781 0 0 0 -0.497575 0.867421
1058.600000000 -11.4002 -28.2902 0 0 0 -0.464052 0.885808
1058.700000000 -11.3745 -28.3004 0 0 0 -0.42985 0.9029
1058.800000000 -11.3487 -28.3076 0 0 0 -0.394555 0.918872
1058.900000000 -11.3224 -28.3128 0 0 0 -0.358667 0.933466
1059.000000000 -11.2951 -28.3168 0 0 0 -0.322721 0.946494
1059.100000000 -11.2676 -28.3188 0 0 0 -0.286303 0.958139
1059.200000000 -11.2401 -28.3186 0 0 0 -0.249466 0.968384
1059.300000000 -11.2126 -28.3163 0 0 0 -0.212265 0.977212
1059.400000000 -11.1854 -28.3119 0 0 0 -0.174753 0.984612
1059.500000000 -11.1577 -28.306 0 0 0 -0.13748 0.990504
1059.600000000 -11.1144 -28.3062 0 0 0 -0.108742 0.99407
1059.700000000 -11.0562 -28.3105 0 0 0 -0.087804 0.996138
1059.800000000 -10.9815 -28.3188 0 0 0 -0.0755832 0.997139
1059.900000000 -10.9074 -28.3301 0 0 0 -0.0755832 0.997139
1060.000000000 -10.8341 -28.3462 0 0 0 -0.087804 0.996138
1060.100000000 -10.7627 -28.3643 0 0 0 -0.100981 0.994888
1060.200000000 -10.6918 -28.3842 0 0 0 -0.11414 0.993465
1060.300000000 -10.6214 -28.406 0 0 0 -0.127279 0.991867
1060.400000000 -10.5517 -28.4297 0 0 0 -0.140395 0.990096
1060.500000000 -10.4826 -28.4552 0 0 0 -0.153488 0.988151
1060.600000000 -10.4142 -28.4825 0 0 0 -0.166553 0.986033
1060.700000000 -10.3465 -28.5117 0 0 0 -0.179589 0.983742
1060.800000000 -10.2797 -28.5426 0 0 0 -0.192593 0.981279
1060.900000000 -10.2137 -28.5752 0 0 0 -0.205564 0.978644
1061.000000000 -10.1486 -28.6096 0 0 0 -0.218499 0.975837
1061.100000000 -10.0844 -28.6458 0 0 0 -0.231396 0.97286
1061.200000000 -10.0382 -28.6788 0 0 0 -0.252588 0.967574
1061.300000000 -10.009 -28.7088 0 0 0 -0.281275 0.959627
1061.400000000 -9.99154 -28.7366 0 0 0 -0.314587 0.949229
1061.500000000 -9.97863 -28.7643 0 0 0 -0.348817 0.937191
1061.600000000 -9.96776 -28.7928 0 0 0 -0.382589 0.923919
1061.700000000 -9.95899 -28.8221 0 0 0 -0.415857 0.90943
1061.800000000 -9.95236 -28.852 0 0 0 -0.448577 0.893744
1061.900000000 -9.94792 -28.8822 0 0 0 -0.480707 0.876881
1062.000000000 -9.94568 -28.9127 0 0 0 -0.512204 0.858864
1062.100000000 -9.94628 -28.9425 0 0 0 -0.543426 0.839457
1062.200000000 -9.94907 -28.9721 0 0 0 -0.573914 0.818916
1062.300000000 -9.95455 -29.0007 0 0 0 -0.604011 0.796976
1062.400000000 -9.96213 -29.0287 0 0 0 -0.63327 0.773931
1062.500000000 -9.9649 -29.0727 0 0 0 -0.655111 0.755533
1062.600000000 -9.96477 -29.1318 0 0 0 -0.670562 0.741853
1062.700000000 -9.96535 -29.1966 0 0 0 -0.683614 0.729844
1062.800000000 -9.96822 -29.2613 0 0 0 -0.696451 0.717604
1062.900000000 -9.97338 -29.3259 0 0 0 -0.709069 0.705139
1063.000000000 -9.98083 -29.3903 0 0 0 -0.721464 0.692452
1063.100000000 -9.99056 -29.4543 0 0 0 -0.733631 0.679548
1063.200000000 -10.0026 -29.518 0 0 0 -0.745568 0.666429
1063.300000000 -10.0168 -29.5812 0 0 0 -0.757271 0.653101
1063.400000000 -10.0333 -29.6439 0 0 0 -0.768735 0.639567
1063.500000000 -10.052 -29.7059 0 0 0 -0.779957 0.625833
1063.600000000 -10.0728 -29.7672 0 0 0 -0.790934 0.611901
1063.700000000 -10.0959 -29.8278 0 0 0 -0.801663 0.597777
1063.800000000 -10.1211 -29.8875 0 0 0 -0.812139 0.583464
1063.900000000 -10.1483 -29.9463 0 0 0 -0.822359 0.568969
1064.000000000 -10.1777 -30.004 0 0 0 -0.832321 0.554294
1064.100000000 -10.209 -30.0607 0 0 0 -0.842021 0.539445
1064.200000000 -10.2424 -30.1163 0 0 0 -0.851456 0.524426
1064.300000000 -10.2777 -30.1706 0 0 0 -0.860623 0.509242
1064.400000000 -10.3157 -30.2261 0 0 0 0.868879 -0.495025
1064.500000000 -10.3556 -30.2804 0 0 0 0.8769 -0.480674
1064.600000000 -10.3972 -30.3334 0 0 0 0.884683 -0.466193
1064.700000000 -10.4405 -30.385 0 0 0 0.892228 -0.451585
1064.800000000 -10.4858 -30.4359 0 0 0 0.899338 -0.437253
1064.900000000 -10.5328 -30.4853 0 0 0 0.906219 -0.422809
1065.000000000 -10.5813 -30.5332 0 0 0 0.912867 -0.408256
1065.100000000 -10.6318 -30.5804 0 0 0 0.919106 -0.394009
1065.200000000 -10.6838 -30.6259 0 0 0 0.925123 -0.379667
1065.300000000 -10.7376 -30.6706 0 0 0 0.930751 -0.365653
1065.400000000 -10.7928 -30.7136 0 0 0 0.936167 -0.351556
1065.500000000 -10.8492 -30.7549 0 0 0 0.941369 -0.337379
1065.600000000 -10.9075 -30.7953 0 0 0 0.946209 -0.323557
1065.700000000 -10.9669 -30.8339 0 0 0 0.950845 -0.309666
1065.800000000 -11.0275 -30.8707 0 0 0 0.955278 -0.295709
1065.900000000 -11.0897 -30.9065 0 0 0 0.959376 -0.282132
1066.000000000 -11.1529 -30.9405 0 0 0 0.96328 -0.268499
1066.100000000 -11.2117 -30.9677 0 0 0 0.967891 -0.251372
1066.200000000 -11.2588 -30.9821 0 0 0 0.97405 -0.226333
1066.300000000 -11.2931 -30.9838 0 0 0 0.981181 -0.193091
1066.400000000 -11.3126 -30.9735 0 0 0 0.988509 -0.151159
1066.500000000 -11.3301 -30.9609 0 0 0 0.994111 -0.108364
1066.600000000 -11.3465 -30.9468 0 0 0 0.997861 -0.065367
1066.700000000 -11.3615 -30.9314 0 0 0 0.999752 -0.0222483
1066.800000000 -11.3752 -30.9148 0 0 0 0.999781 0.0209119
1066.900000000 -11.3862 -30.8968 0 0 0 0.997909 0.0646389
1067.000000000 -11.3955 -30.8779 0 0 0 0.994125 0.108242
1067.100000000 -11.4044 -30.8583 0 0 0 0.988528 0.151038
1067.200000000 -11.4116 -30.838 0 0 0 0.98109 0.193552
1067.300000000 -11.417 -30.8171 0 0 0 0.971824 0.235706
1067.400000000 -11.4218 -30.7955 0 0 0 0.960913 0.276851
1067.500000000 -11.4247 -30.7736 0 0 0 0.94826 0.317494
1067.600000000 -11.4247 -30.7521 0 0 0 0.933677 0.358116
1067.700000000 -11.4238 -30.73 0 0 0 0.917591 0.397527
1067.800000000 -11.4211 -30.708 0 0 0 0.899842 0.436217
1067.900000000 -11.4155 -30.6872 0 0 0 0.880181 0.474639
1068.000000000 -11.4091 -30.666 0 0 0 0.859184 0.511667
1068.100000000 -11.4016 -30.6446 0 0 0 0.836948 0.547282
1068.200000000 -11.391 -30.6258 0 0 0 0.812553 0.582887
1068.300000000 -11.3788 -30.6081 0 0 0 0.786645 0.617406
1068.400000000 -11.3646 -30.5925 0 0 0 0.758876 0.651236
1068.500000000 -11.3453 -30.589 0 0 0 0.725911 0.687789
1068.600000000 -11.329 -30.574 0 0 0 0.695983 0.718058
1068.700000000 -11.3116 -30.5604 0 0 0 0.664794 0.747027
1068.800000000 -11.2934 -30.5437 0 0 0 0.634141 0.773217
1068.900000000 -11.274 -30.5319 0 0 0 0.601125 0.799155
1069.000000000 -11.2538 -30.5243 0 0 0 0.566081 0.82435
1069.100000000 -11.2319 -30.5115 0 0 0 0.532845 0.846213
1069.200000000 -11.2104 -30.5061 0 0 0 0.49635 0.868123
1069.300000000 -11.1871 -30.4982 0 0 0 0.460953 0.887425
1069.400000000 -11.1677 -30.5023 0 0 0 0.419947 0.907549
1069.500000000 -11.1487 -30.5081 0 0 0 0.378065 0.925779
1069.600000000 -11.1177 -30.4973 0 0 0 0.345533 0.938407
1069.700000000 -11.0754 -30.4752 0 0 0 0.320478 0.947256
1069.800000000 -11.021 -30.443 0 0 0 0.302823 0.953047
1069.900000000 -10.9576 -30.4029 0 0 0 0.293583 0.955934
1070.000000000 -10.8936 -30.3637 0 0 0 0.285372 0.958417
1070.100000000 -10.8287 -30.3259 0 0 0 0.276082 0.961134
1070.200000000 -10.7634 -30.289 0 0 0 0.267827 0.963467
1070.300000000 -10.6974 -30.2533 0 0 0 0.259553 0.965729
1070.400000000 -10.6308 -30.2187 0 0 0 0.251259 0.96792
1070.500000000 -10.5636 -30.1852 0 0 0 0.242947 0.97004
1070.600000000 -10.4984 -30.1481 0 0 0 0.247766 0.96882
1070.700000000 -10.4341 -30.1095 0 0 0 0.254957 0.966952
1070.800000000 -10.3704 -30.0697 0 0 0 0.262694 0.964879
1070.900000000 -10.3074 -30.029 0 0 0 0.270415 0.962744
1071.000000000 -10.2451 -29.9872 0 0 0 0.278117 0.960547
1071.100000000 -10.1834 -29.9444 0 0 0 0.285802 0.958289
1071.200000000 -10.1225 -29.9007 0 0 0 0.293469 0.955969
1071.300000000 -10.0622 -29.856 0 0 0 0.301117 0.953587
1071.400000000 -10.0027 -29.8103 0 0 0 0.308745 0.951145
1071.500000000 -9.94372 -29.7638 0 0 0 0.315804 0.948825
1071.600000000 -9.88548 -29.7165 0 0 0 0.322844 0.946452
1071.700000000 -9.82794 -29.6683 0 0 0 0.329867 0.944027
1071.800000000 -9.77113 -29.6193 0 0 0 0.336872 0.941551
1071.900000000 -9.71506 -29.5695 0 0 0 0.343858 0.939022
1072.000000000 -9.65973 -29.5188 0 0 0 0.350825 0.936441
1072.100000000 -9.60516 -29.4673 0 0 0 0.357773 0.933809
1072.200000000 -9.55136 -29.415 0 0 0 0.364701 0.931125
1072.300000000 -9.49835 -29.3619 0 0 0 0.371609 0.928389
1072.400000000 -9.44613 -29.308 0 0 0 0.378496 0.925603
1072.500000000 -9.39472 -29.2533 0 0 0 0.385362 0.922765
1072.600000000 -9.34243 -29.1996 0 0 0 0.386768 0.922177
1072.700000000 -9.29009 -29.1458 0 0 0 0.387481 0.921878
1072.800000000 -9.23783 -29.092 0 0 0 0.388194 0.921578
1072.900000000 -9.18565 -29.0382 0 0 0 0.388906 0.921277
1073.000000000 -9.13356 -28.9842 0 0 0 0.389618 0.920976
1073.100000000 -9.08155 -28.9302 0 0 0 0.39033 0.920675
1073.200000000 -9.02963 -28.876 0 0 0 0.391042 0.920373
1073.300000000 -8.97779 -28.8218 0 0 0 0.391754 0.92007
1073.400000000 -8.92603 -28.7676 0 0 0 0.392465 0.919767
1073.500000000 -8.87436 -28.7132 0 0 0 0.393177 0.919463
1073.600000000 -8.82277 -28.6588 0 0 0 0.393887 0.919159
1073.700000000 -8.77127 -28.6042 0 0 0 0.394598 0.918854
1073.800000000 -8.71985 -28.5496 0 0 0 0.395309 0.918548
1073.900000000 -8.66852 -28.495 0 0 0 0.396019 0.918242
1074.000000000 -8.61727 -28.4402 0 0 0 0.396729 0.917936
1074.100000000 -8.5661 -28.3854 0 0 0 0.397438 0.917629
1074.200000000 -8.51502 -28.3304 0 0 0 0.398148 0.917321
1074.300000000 -8.46402 -28.2755 0 0 0 0.398857 0.917013
1074.400000000 -8.41311 -28.2204 0 0 0 0.399566 0.916704
1074.500000000 -8.41311 -28.2204 0 0 0 0.399566 0.916704
1074.600000000 -8.41311 -28.2204 0 0 0 0.399566 0.916704
1074.700000000 -8.41311 -28.2204 0 0 0 0.399566 0.916704
1074.800000000 -8.41311 -28.2204 0 0 0 0.399566 0.916704
1074.900000000 -8.41311 -28.2204 0 0 0 0.399566 0.916704
1075.000000000 -8.41311 -28.2204 0 0 0 0.399566 0.916704
1075.100000000 -8.41311 -28.2204 0 0 0 0.399566 0.916704
1075.200000000 -8.41311 -28.2204 0 0 0 0.399566 0.916704
1075.300000000 -8.41311 -28.2204 0 0 0 0.399566 0.916704
1075.400000000 -8.41311 -28.2204 0 0 0 0.399566 0.916704
1075.500000000 -8.41311 -28.2204 0 0 0 0.399566 0.916704
1075.600000000 -8.41311 -28.2204 0 0 0 0.399566 0.916704
1075.700000000 -8.41311 -28.2204 0 0 0 0.399566 0.916704
1075.800000000 -8.41311 -28.2204 0 0 0 0.399566 0.916704
1075.900000000 -8.41311 -28.2204 0 0 0 0.399566 0.916704
1076.000000000 -8.41311 -28.2204 0 0 0 0.399566 0.916704
1076.100000000 -8.41311 -28.2204 0 0 0 0.399566 0.916704
1076.200000000 -8.41311 -28.2204 0 0 0 0.399566 0.916704
1076.300000000 -8.41311 -28.2204 0 0 0 0.399566 0.916704
1076.400000000 -8.41311 -28.2204 0 0 0 0.399566 0.916704
1076.500000000 -8.41311 -28.2204 0 0 0 0.399566 0.916704
1076.600000000 -8.41311 -28.2204 0 0 0 0.399566 0.916704
1076.700000000 -8.41311 -28.2204 0 0 0 0.399566 0.916704
1076.800000000 -8.41311 -28.2204 0 0 0 0.399566 0.916704
1076.900000000 -8.41311 -28.2204 0 0 0 0.399566 0.916704
1077.000000000 -8.41311 -28.2204 0 0 0 0.399566 0.916704
1077.100000000 -8.41311 -28.2204 0 0 0 0.399566 0.916704
1077.200000000 -8.41311 -28.2204 0 0 0 0.399566 0.916704
1077.300000000 -8.41311 -28.2204 0 0 0 0.399566 0.916704
1077.400000000 -8.41311 -28.2204 0 0 0 0.399566 0.916704
1077.500000000 -8.41311 -28.2204 0 0 0 0.399566 0.916704
1077.600000000 -8.41311 -28.2204 0 0 0 0.399566 0.916704
1077.700000000 -8.41311 -28.2204 0 0 0 0.399566 0.916704
1077.800000000 -8.41311 -28.2204 0 0 0 0.399566 0.916704
1077.900000000 -8.41311 -28.2204 0 0 0 0.399566 0.916704
1078.000000000 -8.41311 -28.2204 0 0 0 0.399566 0.916704
1078.100000000 -8.41311 -28.2204 0 0 0 0.399566 0.916704
1078.200000000 -8.41311 -28.2204 0 0 0 0.399566 0.916704
1078.300000000 -8.41311 -28.2204 0 0 0 0.399566 0.916704
1078.400000000 -8.41311 -28.2204 0 0 0 0.399566 0.916704
1078.500000000 -8.41311 -28.2204 0 0 0 0.399566 0.916704
1078.600000000 -8.41311 -28.2204 0 0 0 0.399566 0.916704
1078.700000000 -8.41311 -28.2204 0 0 0 0.399566 0.916704
1078.800000000 -8.41311 -28.2204 0 0 0 0.399566 0.916704
1078.900000000 -8.41311 -28.2204 0 0 0 0.399566 0.916704
1079.000000000 -8.41311 -28.2204 0 0 0 0.399566 0.916704
1079.100000000 -8.41311 -28.2204 0 0 0 0.399566 0.916704
1079.200000000 -8.41311 -28.2204 0 0 0 0.399566 0.916704
1079.300000000 -8.41311 -28.2204 0 0 0 0.399566 0.916704
1079.400000000 -8.41311 -28.2204 0 0 0 0.399566 0.916704
1079.500000000 -8.41311 -28.2204 0 0 0 0.399566 0.916704
1079.600000000 -8.41311 -28.2204 0 0 0 0.399566 0.916704
1079.700000000 -8.41311 -28.2204 0 0 0 0.399566 0.916704
1079.800000000 -8.41311 -28.2204 0 0 0 0.399566 0.916704
1079.900000000 -8.41311 -28.2204 0 0 0 0.399566 0.916704
1080.000000000 -8.41311 -28.2204 0 0 0 0.399566 0.916704
1080.100000000 -8.41311 -28.2204 0 0 0 0.399566 0.916704
1080.200000000 -8.41311 -28.2204 0 0 0 0.399566 0.916704
1080.300000000 -8.36162 -28.1659 0 0 0 0.398169 0.917312
1080.400000000 -8.30995 -28.1115 0 0 0 0.396771 0.917917
1080.500000000 -8.25812 -28.0573 0 0 0 0.395372 0.918521
1080.600000000 -8.20613 -28.0032 0 0 0 0.393973 0.919122
1080.700000000 -8.15397 -27.9493 0 0 0 0.392572 0.919721
1080.800000000 -8.10165 -27.8956 0 0 0 0.39117 0.920318
1080.900000000 -8.04916 -27.842 0 0 0 0.389768 0.920913
1081.000000000 -7.99651 -27.7886 0 0 0 0.388365 0.921506
1081.100000000 -7.9437 -27.7353 0 0 0 0.38696 0.922096
1081.200000000 -7.89073 -27.6822 0 0 0 0.385555 0.922685
1081.300000000 -7.83759 -27.6293 0 0 0 0.384149 0.923271
1081.400000000 -7.7843 -27.5765 0 0 0 0.382742 0.923855
1081.500000000 -7.73084 -27.5239 0 0 0 0.381334 0.924437
1081.600000000 -7.67765 -27.471 0 0 0 0.381334 0.924437
1081.700000000 -7.62447 -27.4182 0 0 0 0.381334 0.924437
1081.800000000 -7.57128 -27.3653 0 0 0 0.381334 0.924437
1081.900000000 -7.51809 -27.3124 0 0 0 0.381334 0.924437
1082.000000000 -7.4649 -27.2595 0 0 0 0.381334 0.924437
1082.100000000 -7.41172 -27.2067 0 0 0 0.381334 0.924437
1082.200000000 -7.35853 -27.1538 0 0 0 0.381334 0.924437
1082.300000000 -7.30534 -27.1009 0 0 0 0.381334 0.924437
1082.400000000 -7.25215 -27.048 0 0 0 0.381334 0.924437
1082.500000000 -7.19896 -26.9951 0 0 0 0.381334 0.924437
1082.600000000 -7.14578 -26.9423 0 0 0 0.381334 0.924437
1082.700000000 -7.09259 -26.8894 0 0 0 0.381334 0.924437
1082.800000000 -7.0394 -26.8365 0 0 0 0.381334 0.924437
1082.900000000 -6.98621 -26.7836 0 0 0 0.381334 0.924437
1083.000000000 -6.93303 -26.7308 0 0 0 0.381334 0.924437
1083.100000000 -6.87984 -26.6779 0 0 0 0.381334 0.924437
1083.200000000 -6.82665 -26.625 0 0 0 0.381334 0.924437
1083.300000000 -6.77346 -26.5721 0 0 0 0.381334 0.924437
1083.400000000 -6.72028 -26.5192 0 0 0 0.381334 0.924437
1083.500000000 -6.66709 -26.4664 0 0 0 0.381334 0.924437
1083.600000000 -6.6139 -26.4135 0 0 0 0.381334 0.924437
1083.700000000 -6.56194 -26.3594 0 0 0 0.385322 0.922782
1083.800000000 -6.51044 -26.3048 0 0 0 0.389304 0.92111
1083.900000000 -6.45942 -26.2499 0 0 0 0.393277 0.91942
1084.000000000 -6.40887 -26.1944 0 0 0 0.397244 0.917713
1084.100000000 -6.35881 -26.1386 0 0 0 0.401203 0.915989
1084.200000000 -6.30942 -26.0821 0 0 0 0.405752 0.913983
1084.300000000 -6.2606 -26.0252 0 0 0 0.41029 0.911955
1084.400000000 -6.21234 -25.9677 0 0 0 0.414819 0.909904
1084.500000000 -6.16466 -25.9098 0 0 0 0.419337 0.907831
1084.600000000 -6.11775 -25.8513 0 0 0 0.424421 0.905465
1084.700000000 -6.07151 -25.7922 0 0 0 0.429493 0.90307
1084.800000000 -6.02592 -25.7326 0 0 0 0.43455 0.900648
1084.900000000 -5.98101 -25.6725 0 0 0 0.439594 0.898196
1085.000000000 -5.93678 -25.6119 0 0 0 0.444624 0.895717
1085.100000000 -5.89323 -25.5508 0 0 0 0.449641 0.89321
1085.200000000 -5.85056 -25.4891 0 0 0 0.455196 0.890391
1085.300000000 -5.80867 -25.4269 0 0 0 0.460734 0.887538
1085.400000000 -5.76735 -25.3643 0 0 0 0.465704 0.884941
1085.500000000 -5.72695 -25.301 0 0 0 0.471208 0.882022
1085.600000000 -5.68733 -25.2373 0 0 0 0.476693 0.87907
1085.700000000 -5.64852 -25.1731 0 0 0 0.48216 0.876083
1085.800000000 -5.6105 -25.1084 0 0 0 0.487608 0.873063
1085.900000000 -5.5733 -25.0433 0 0 0 0.493037 0.870008
1086.000000000 -5.5369 -24.9777 0 0 0 0.498447 0.86692
1086.100000000 -5.50133 -24.9116 0 0 0 0.503838 0.863798
1086.200000000 -5.46659 -24.8451 0 0 0 0.509209 0.860643
1086.300000000 -5.43267 -24.7782 0 0 0 0.514561 0.857454
1086.400000000 -5.39959 -24.7109 0 0 0 0.519892 0.854232
1086.500000000 -5.36736 -24.6431 0 0 0 0.525203 0.850977
1086.600000000 -5.33597 -24.575 0 0 0 0.530494 0.847689
1086.700000000 -5.30543 -24.5064 0 0 0 0.535765 0.844367
1086.800000000 -5.27552 -24.4376 0 0 0 0.540491 0.84135
1086.900000000 -5.24639 -24.3685 0 0 0 0.545201 0.838305
1087.000000000 -5.21803 -24.2991 0 0 0 0.549894 0.835235
1087.100000000 -5.19045 -24.2293 0 0 0 0.554569 0.832138
1087.200000000 -5.16366 -24.1592 0 0 0 0.559227 0.829015
1087.300000000 -5.13765 -24.0888 0 0 0 0.563867 0.825865
1087.400000000 -5.11244 -24.0182 0 0 0 0.56849 0.82269
1087.500000000 -5.08802 -23.9473 0 0 0 0.573095 0.819489
1087.600000000 -5.0644 -23.8761 0 0 0 0.577681 0.816262
1087.700000000 -5.04157 -23.8046 0 0 0 0.58225 0.81301
1087.800000000 -5.01955 -23.7329 0 0 0 0.5868 0.809732
1087.900000000 -4.99834 -23.6609 0 0 0 0.591332 0.806428
1088.000000000 -4.97793 -23.5887 0 0 0 0.595845 0.8031
1088.100000000 -4.95834 -23.5163 0 0 0 0.600339 0.799746
1088.200000000 -4.93956 -23.4437 0 0 0 0.604815 0.796366
1088.300000000 -4.92134 -23.3709 0 0 0 0.608766 0.79335
1088.400000000 -4.90386 -23.2979 0 0 0 0.612702 0.790314
1088.500000000 -4.8871 -23.2248 0 0 0 0.616624 0.787258
1088.600000000 -4.87106 -23.1515 0 0 0 0.62053 0.784183
1088.700000000 -4.85601 -23.078 0 0 0 0.624918 0.780691
1088.800000000 -4.84178 -23.0044 0 0 0 0.629286 0.777174
1088.900000000 -4.82812 -22.9306 0 0 0 0.633142 0.774036
1089.000000000 -4.81521 -22.8567 0 0 0 0.636982 0.770879
1089.100000000 -4.80302 -22.7827 0 0 0 0.640806 0.767703
1089.200000000 -4.79157 -22.7086 0 0 0 0.644615 0.764508
1089.300000000 -4.78061 -22.6344 0 0 0 0.64791 0.761717
1089.400000000 -4.77028 -22.5601 0 0 0 0.651193 0.758912
1089.500000000 -4.76086 -22.4856 0 0 0 0.654958 0.755666
1089.600000000 -4.75217 -22.4111 0 0 0 0.658706 0.7524
1089.700000000 -4.74397 -22.3366 0 0 0 0.661949 0.749549
1089.800000000 -4.73641 -22.2619 0 0 0 0.66518 0.746683
1089.900000000 -4.7295 -22.1872 0 0 0 0.668398 0.743804
1090.000000000 -4.72323 -22.1125 0 0 0 0.671603 0.740911
1090.100000000 -4.71761 -22.0377 0 0 0 0.674796 0.738004
1090.200000000 -4.71263 -21.9628 0 0 0 0.677977 0.735083
1090.300000000 -4.7083 -21.888 0 0 0 0.681145 0.732149
1090.400000000 -4.70462 -21.813 0 0 0 0.6843 0.729201
1090.500000000 -4.70131 -21.7381 0 0 0 0.686956 0.726699
1090.600000000 -4.69856 -21.6631 0 0 0 0.689602 0.724189
1090.700000000 -4.69635 -21.5882 0 0 0 0.692239 0.721668
1090.800000000 -4.69468 -21.5132 0 0 0 0.694867 0.719138
1090.900000000 -4.69357 -21.4382 0 0 0 0.697486 0.716598
1091.000000000 -4.693 -21.3632 0 0 0 0.700096 0.714049
1091.100000000 -4.69298 -21.2882 0 0 0 0.702696 0.71149
1091.200000000 -4.69351 -21.2132 0 0 0 0.705287 0.708922
1091.300000000 -4.69458 -21.1382 0 0 0 0.707868 0.706345
1091.400000000 -4.6962 -21.0632 0 0 0 0.71044 0.703758
1091.500000000 -4.69835 -20.9882 0 0 0 0.712974 0.701191
1091.600000000 -4.70099 -20.9132 0 0 0 0.715407 0.698708
1091.700000000 -4.7041 -20.8383 0 0 0 0.71774 0.696311
1091.800000000 -4.70768 -20.7634 0 0 0 0.72002 0.693954
1091.900000000 -4.71171 -20.6885 0 0 0 0.722201 0.691684
1092.000000000 -4.71615 -20.6136 0 0 0 0.724284 0.689502
1092.100000000 -4.71984 -20.5387 0 0 0 0.724284 0.689502
1092.200000000 -4.72352 -20.4638 0 0 0 0.724284 0.689502
1092.300000000 -4.72721 -20.3889 0 0 0 0.724284 0.689502
1092.400000000 -4.7309 -20.3139 0 0 0 0.724284 0.689502
1092.500000000 -4.73459 -20.239 0 0 0 0.724284 0.689502
1092.600000000 -4.73767 -20.1641 0 0 0 0.723233 0.690604
1092.700000000 -4.74023 -20.0891 0 0 0 0.721676 0.692231
1092.800000000 -4.74245 -20.0142 0 0 0 0.720115 0.693854
1092.900000000 -4.74433 -19.9392 0 0 0 0.718551 0.695474
1093.000000000 -4.74588 -19.8642 0 0 0 0.716983 0.69709
1093.100000000 -4.74738 -19.7892 0 0 0 0.71592 0.698182
1093.200000000 -4.74865 -19.7142 0 0 0 0.714856 0.699272
1093.300000000 -4.7497 -19.6392 0 0 0 0.71379 0.70036
1093.400000000 -4.75051 -19.5642 0 0 0 0.712722 0.701447
1093.500000000 -4.7514 -19.4892 0 0 0 0.712179 0.701998
1093.600000000 -4.75217 -19.4142 0 0 0 0.711636 0.702548
1093.700000000 -4.75282 -19.3392 0 0 0 0.711093 0.703098
1093.800000000 -4.75336 -19.2642 0 0 0 0.710549 0.703648
1093.900000000 -4.75379 -19.1892 0 0 0 0.710005 0.704197
1094.000000000 -4.75409 -19.1142 0 0 0 0.70946 0.704746
1094.100000000 -4.75428 -19.0392 0 0 0 0.708915 0.705294
1094.200000000 -4.75436 -18.9642 0 0 0 0.708369 0.705842
1094.300000000 -4.75432 -18.8892 0 0 0 0.707823 0.70639
1094.400000000 -4.75416 -18.8142 0 0 0 0.707276 0.706937
1094.500000000 -4.7542 -18.7392 0 0 0 0.707276 0.706937
1094.600000000 -4.75423 -18.6642 0 0 0 0.707276 0.706937
1094.700000000 -4.75427 -18.5892 0 0 0 0.707276 0.706937
1094.800000000 -4.7543 -18.5142 0 0 0 0.707276 0.706937
1094.900000000 -4.75434 -18.4392 0 0 0 0.707276 0.706937
1095.000000000 -4.75438 -18.3642 0 0 0 0.707276 0.706937
1095.100000000 -4.75441 -18.2892 0 0 0 0.707276 0.706937
1095.200000000 -4.75445 -18.2142 0 0 0 0.707276 0.706937
1095.300000000 -4.75448 -18.1392 0 0 0 0.707276 0.706937
1095.400000000 -4.75452 -18.0642 0 0 0 0.707276 0.706937
1095.500000000 -4.75456 -17.9892 0 0 0 0.707276 0.706937
1095.600000000 -4.75459 -17.9142 0 0 0 0.707276 0.706937
1095.700000000 -4.75463 -17.8392 0 0 0 0.707276 0.706937
1095.800000000 -4.75466 -17.7642 0 0 0 0.707276 0.706937
1095.900000000 -4.7547 -17.6892 0 0 0 0.707276 0.706937
1096.000000000 -4.75474 -17.6142 0 0 0 0.707276 0.706937
1096.100000000 -4.75477 -17.5392 0 0 0 0.707276 0.706937
1096.200000000 -4.75481 -17.4642 0 0 0 0.707276 0.706937
1096.300000000 -4.75484 -17.3892 0 0 0 0.707276 0.706937
1096.400000000 -4.75488 -17.3142 0 0 0 0.707276 0.706937
1096.500000000 -4.75491 -17.2392 0 0 0 0.707276 0.706937
1096.600000000 -4.75495 -17.1642 0 0 0 0.707276 0.706937
1096.700000000 -4.75499 -17.0892 0 0 0 0.707276 0.706937
1096.800000000 -4.75502 -17.0142 0 0 0 0.707276 0.706937
1096.900000000 -4.75506 -16.9392 0 0 0 0.707276 0.706937
1097.000000000 -4.75509 -16.8642 0 0 0 0.707276 0.706937
1097.100000000 -4.75513 -16.7892 0 0 0 0.707276 0.706937
1097.200000000 -4.75517 -16.7142 0 0 0 0.707276 0.706937
1097.300000000 -4.7552 -16.6392 0 0 0 0.707276 0.706937
1097.400000000 -4.75524 -16.5642 0 0 0 0.707276 0.706937
1097.500000000 -4.75527 -16.4892 0 0 0 0.707276 0.706937
1097.600000000 -4.75531 -16.4142 0 0 0 0.707276 0.706937
1097.700000000 -4.75535 -16.3392 0 0 0 0.707276 0.706937
1097.800000000 -4.75538 -16.2642 0 0 0 0.707276 0.706937
1097.900000000 -4.75542 -16.1892 0 0 0 0.707276 0.706937
1098.000000000 -4.75545 -16.1142 0 0 0 0.707276 0.706937
1098.100000000 -4.75549 -16.0392 0 0 0 0.707276 0.706937
1098.200000000 -4.75553 -15.9642 0 0 0 0.707276 0.706937
1098.300000000 -4.75556 -15.8892 0 0 0 0.707276 0.706937
1098.400000000 -4.7556 -15.8142 0 0 0 0.707276 0.706937
1098.500000000 -4.75445 -15.7393 0 0 0 0.705181 0.709027
1098.600000000 -4.75286 -15.6643 0 0 0 0.70308 0.711111
1098.700000000 -4.75082 -15.5893 0 0 0 0.700972 0.713189
1098.800000000 -4.74834 -15.5143 0 0 0 0.698858 0.71526
1098.900000000 -4.74542 -15.4394 0 0 0 0.696738 0.717325
1099.000000000 -4.74205 -15.3644 0 0 0 0.694612 0.719384
1099.100000000 -4.73824 -15.2895 0 0 0 0.69248 0.721437
1099.200000000 -4.73399 -15.2146 0 0 0 0.690342 0.723483
1099.300000000 -4.72929 -15.1398 0 0 0 0.688198 0.725523
1099.400000000 -4.72416 -15.065 0 0 0 0.686048 0.727557
1099.500000000 -4.71857 -14.9902 0 0 0 0.683891 0.729584
1099.600000000 -4.70829 -14.9191 0 0 0 0.673476 0.739209
1099.700000000 -4.69552 -14.853 0 0 0 0.661233 0.750181
1099.800000000 -4.68059 -14.7874 0 0 0 0.648811 0.76095
1099.900000000 -4.6635 -14.7222 0 0 0 0.636213 0.771513
1100.000000000 -4.64428 -14.6577 0 0 0 0.623444 0.781868
1100.100000000 -4.62295 -14.5938 0 0 0 0.610506 0.792012
1100.200000000 -4.59954 -14.5307 0 0 0 0.597402 0.801942
1100.300000000 -4.57406 -14.4684 0 0 0 0.584138 0.811654
1100.400000000 -4.54654 -14.4069 0 0 0 0.570716 0.821148
1100.500000000 -4.51702 -14.3464 0 0 0 0.557139 0.830419
1100.600000000 -4.48446 -14.2814 0 0 0 0.5457 0.837981
1100.700000000 -4.44991 -14.2164 0 0 0 0.534561 0.84513
1100.800000000 -4.41365 -14.1522 0 0 0 0.523329 0.852131
1100.900000000 -4.3757 -14.0891 0 0 0 0.512004 0.858983
1101.000000000 -4.3361 -14.027 0 0 0 0.50059 0.865684
1101.100000000 -4.29487 -13.966 0 0 0 0.489089 0.872234
1101.200000000 -4.25204 -13.9061 0 0 0 0.477502 0.878631
1101.300000000 -4.20764 -13.8473 0 0 0 0.465831 0.884874
1101.400000000 -4.1617 -13.7898 0 0 0 0.454078 0.890962
1101.500000000 -4.11425 -13.7334 0 0 0 0.442246 0.896894
1101.600000000 -4.06606 -13.6759 0 0 0 0.435048 0.900407
1101.700000000 -4.01713 -13.619 0 0 0 0.428346 0.903615
1101.800000000 -3.96737 -13.5629 0 0 0 0.421621 0.906772
1101.900000000 -3.91678 -13.5074 0 0 0 0.414872 0.90988
1102.000000000 -3.86537 -13.4528 0 0 0 0.4081 0.912937
1102.100000000 -3.81315 -13.3989 0 0 0 0.401306 0.915944
1102.200000000 -3.76013 -13.3458 0 0 0 0.39449 0.9189
1102.300000000 -3.70634 -13.2935 0 0 0 0.387652 0.921806
1102.400000000 -3.65177 -13.242 0 0 0 0.380793 0.92466
1102.500000000 -3.59644 -13.1913 0 0 0 0.373912 0.927464
1102.600000000 -3.54199 -13.1397 0 0 0 0.372499 0.928033
1102.700000000 -3.48759 -13.0881 0 0 0 0.371781 0.92832
1102.800000000 -3.43311 -13.0365 0 0 0 0.371063 0.928608
1102.900000000 -3.37855 -12.9851 0 0 0 0.370345 0.928894
1103.000000000 -3.32391 -12.9337 0 0 0 0.369627 0.92918
1103.100000000 -3.2692 -12.8824 0 0 0 0.368908 0.929466
1103.200000000 -3.2144 -12.8312 0 0 0 0.368189 0.929751
1103.300000000 -3.15952 -12.7801 0 0 0 0.36747 0.930035
1103.400000000 -3.10457 -12.729 0 0 0 0.366751 0.930319
1103.500000000 -3.04953 -12.6781 0 0 0 0.366031 0.930603
1103.600000000 -2.99442 -12.6272 0 0 0 0.365311 0.930885
1103.700000000 -2.93922 -12.5764 0 0 0 0.364591 0.931168
1103.800000000 -2.88395 -12.5257 0 0 0 0.363871 0.931449
1103.900000000 -2.8286 -12.4751 0 0 0 0.363151 0.93173
1104.000000000 -2.77318 -12.4246 0 0 0 0.36243 0.932011
1104.100000000 -2.71767 -12.3742 0 0 0 0.361709 0.932291
1104.200000000 -2.66347 -12.3223 0 0 0 0.365732 0.93072
1104.300000000 -2.60989 -12.2698 0 0 0 0.370354 0.928891
1104.400000000 -2.55684 -12.2168 0 0 0 0.374967 0.927038
1104.500000000 -2.50432 -12.1632 0 0 0 0.379571 0.925163
1104.600000000 -2.45492 -12.1073 0 0 0 0.391338 0.920247
1104.700000000 -2.40777 -12.0507 0 0 0 0.403484 0.914987
1104.800000000 -2.36214 -11.9929 0 0 0 0.415559 0.909566
1104.900000000 -2.31806 -11.9339 0 0 0 0.427561 0.903987
1105.000000000 -2.27555 -11.8738 0 0 0 0.439488 0.898248
1105.100000000 -2.23465 -11.8125 0 0 0 0.451338 0.892353
1105.200000000 -2.19538 -11.7502 0 0 0 0.46311 0.886301
1105.300000000 -2.16991 -11.6986 0 0 0 0.482006 0.876168
1105.400000000 -2.14667 -11.6459 0 0 0 0.50068 0.865632
1105.500000000 -2.12626 -11.5929 0 0 0 0.519466 0.854491
1105.600000000 -2.10817 -11.539 0 0 0 0.538005 0.842942
1105.700000000 -2.09198 -11.4838 0 0 0 0.555954 0.831213
1105.800000000 -2.07862 -11.4286 0 0 0 0.573975 0.818873
1105.900000000 -2.06768 -11.3728 0 0 0 0.591722 0.806142
1106.000000000 -2.05919 -11.3167 0 0 0 0.609187 0.793026
1106.100000000 -2.05316 -11.2602 0 0 0 0.626362 0.779533
1106.200000000 -2.04928 -11.2028 0 0 0 0.642931 0.765924
1106.300000000 -2.04786 -11.1452 0 0 0 0.659205 0.751963
1106.400000000 -2.04917 -11.0884 0 0 0 0.675471 0.737387
1106.500000000 -2.05273 -11.031 0 0 0 0.691125 0.722735
1106.600000000 -2.05435 -10.9625 0 0 0 0.699532 0.714601
1106.700000000 -2.05323 -10.9009 0 0 0 0.699878 0.714262
1106.800000000 -2.04805 -10.8377 0 0 0 0.692887 0.721046
1106.900000000 -2.03747 -10.7795 0 0 0 0.67786 0.735191
1107.000000000 -2.02413 -10.7251 0 0 0 0.661343 0.750083
1107.100000000 -2.00837 -10.6713 0 0 0 0.644499 0.764605
1107.200000000 -1.99027 -10.6175 0 0 0 0.627647 0.778498
1107.300000000 -1.96984 -10.5653 0 0 0 0.610179 0.792264
1107.400000000 -1.94701 -10.5124 0 0 0 0.593052 0.805164
1107.500000000 -1.92194 -10.4606 0 0 0 0.575653 0.817694
1107.600000000 -1.89467 -10.4099 0 0 0 0.557989 0.829848
1107.700000000 -1.86525 -10.3604 0 0 0 0.540069 0.841621
1107.800000000 -1.83373 -10.3122 0 0 0 0.5219 0.853007
1107.900000000 -1.80018 -10.2654 0 0 0 0.503491 0.864
1108.000000000 -1.76465 -10.2201 0 0 0 0.484851 0.874597
1108.100000000 -1.72722 -10.1764 0 0 0 0.465988 0.884791
1108.200000000 -1.68826 -10.1351 0 0 0 0.446553 0.894757
1108.300000000 -1.66566 -10.1183 0 0 0 0.4286 0.903494
1108.400000000 -1.64824 -10.1134 0 0 0 0.40498 0.914326
1108.500000000 -1.63752 -10.1209 0 0 0 0.375043 0.927007
1108.600000000 -1.62529 -10.1327 0 0 0 0.335375 0.942085
1108.700000000 -1.6141 -10.1454 0 0 0 0.295103 0.955465
1108.800000000 -1.60403 -10.1591 0 0 0 0.254299 0.967126
1108.900000000 -1.59516 -10.1735 0 0 0 0.213038 0.977044
1109.000000000 -1.58754 -10.1887 0 0 0 0.171393 0.985203
1109.100000000 -1.58124 -10.2045 0 0 0 0.129439 0.991587
1109.200000000 -1.57629 -10.2207 0 0 0 0.0872526 0.996186
1109.300000000 -1.57274 -10.2373 0 0 0 0.0449087 0.998991
1109.400000000 -1.57061 -10.2541 0 0 0 0.00248387 0.999997
1109.500000000 -1.56991 -10.2711 0 0 0 -0.0399454 0.999202
1109.600000000 -1.57066 -10.288 0 0 0 -0.0823027 0.996607
1109.700000000 -1.57283 -10.3048 0 0 0 -0.124512 0.992218
1109.800000000 -1.57643 -10.3214 0 0 0 -0.166497 0.986042
1109.900000000 -1.58142 -10.3376 0 0 0 -0.208182 0.97809
1110.000000000 -1.58776 -10.3534 0 0 0 -0.249492 0.968377
1110.100000000 -1.59542 -10.3685 0 0 0 -0.290353 0.95692
1110.200000000 -1.60433 -10.383 0 0 0 -0.330691 0.943739
1110.300000000 -1.61443 -10.3966 0 0 0 -0.370433 0.928859
1110.400000000 -1.62566 -10.4093 0 0 0 -0.409508 0.912306
1110.500000000 -1.63822 -10.4213 0 0 0 -0.448758 0.893654
1110.600000000 -1.65099 -10.4316 0 0 0 -0.485008 0.87451
1110.700000000 -1.66456 -10.4408 0 0 0 -0.520444 0.853896
1110.800000000 -1.67884 -10.4488 0 0 0 -0.555005 0.831847
1110.900000000 -1.69373 -10.4557 0 0 0 -0.588633 0.8084
1111.000000000 -1.70913 -10.4613 0 0 0 -0.621272 0.783595
1111.100000000 -1.72494 -10.4656 0 0 0 -0.652867 0.757473
1111.200000000 -1.74105 -10.4687 0 0 0 -0.683365 0.730077
1111.300000000 -1.75735 -10.4704 0 0 0 -0.712714 0.701455
1111.400000000 -1.77374 -10.4707 0 0 0 -0.740865 0.671654
1111.500000000 -1.7901 -10.4697 0 0 0 -0.767771 0.640724
1111.600000000 -1.80633 -10.4674 0 0 0 -0.793387 0.608717
1111.700000000 -1.82231 -10.4638 0 0 0 -0.81767 0.575688
1111.800000000 -1.83794 -10.4588 0 0 0 -0.840578 0.54169
1111.900000000 -1.85311 -10.4526 0 0 0 -0.862074 0.506783
1112.000000000 -1.86773 -10.4452 0 0 0 0.882121 -0.471023
1112.100000000 -1.88168 -10.4366 0 0 0 0.900685 -0.434472
1112.200000000 -1.89489 -10.4269 0 0 0 0.917736 -0.397191
1112.300000000 -1.92282 -10.4349 0 0 0 0.93189 -0.36274
1112.400000000 -1.96189 -10.4552 0 0 0 0.941868 -0.335983
1112.500000000 -2.01245 -10.4859 0 0 0 0.948601 -0.316476
1112.600000000 -2.07521 -10.5271 0 0 0 0.952258 -0.305296
1112.700000000 -2.13738 -10.5691 0 0 0 0.953764 -0.300558
1112.800000000 -2.19981 -10.6107 0 0 0 0.955053 -0.296437
1112.900000000 -2.2626 -10.6517 0 0 0 0.956324 -0.29231
1113.000000000 -2.32574 -10.6922 0 0 0 0.957577 -0.288178
1113.100000000 -2.38923 -10.7322 0 0 0 0.958812 -0.28404
1113.200000000 -2.45307 -10.7716 0 0 0 0.96003 -0.279897
1113.300000000 -2.51724 -10.8104 0 0 0 0.96123 -0.275749
1113.400000000 -2.58174 -10.8487 0 0 0 0.962412 -0.271595
1113.500000000 -2.64657 -10.8864 0 0 0 0.963575 -0.267437
1113.600000000 -2.71173 -10.9236 0 0 0 0.964721 -0.263274
1113.700000000 -2.7772 -10.9602 0 0 0 0.965849 -0.259105
1113.800000000 -2.84299 -10.9963 0 0 0 0.966959 -0.254932
1113.900000000 -2.90909 -11.0317 0 0 0 0.968051 -0.250754
1114.000000000 -2.97549 -11.0666 0 0 0 0.969125 -0.246572
1114.100000000 -3.04219 -11.101 0 0 0 0.97018 -0.242384
1114.200000000 -3.10918 -11.1347 0 0 0 0.971218 -0.238193
1114.300000000 -3.17395 -11.1726 0 0 0 0.969002 -0.247054
1114.400000000 -3.2378 -11.2121 0 0 0 0.966427 -0.25694
1114.500000000 -3.30083 -11.2529 0 0 0 0.963752 -0.266798
1114.600000000 -3.34878 -11.2873 0 0 0 0.960427 -0.278533
1114.700000000 -3.39514 -11.3226 0 0 0 0.956848 -0.29059
1114.800000000 -3.44061 -11.3591 0 0 0 0.953117 -0.302601
1114.900000000 -3.48514 -11.3967 0 0 0 0.949236 -0.314565
1115.000000000 -3.52871 -11.4354 0 0 0 0.945205 -0.326479
1115.100000000 -3.57129 -11.4752 0 0 0 0.941024 -0.338341
1115.200000000 -3.61286 -11.5161 0 0 0 0.936694 -0.350149
1115.300000000 -3.65339 -11.5579 0 0 0 0.932216 -0.361902
1115.400000000 -3.69285 -11.6008 0 0 0 0.927591 -0.373598
1115.500000000 -3.73122 -11.6447 0 0 0 0.922818 -0.385235
1115.600000000 -3.76847 -11.6895 0 0 0 0.9179 -0.396811
1115.700000000 -3.80459 -11.7353 0 0 0 0.912837 -0.408324
1115.800000000 -3.83954 -11.7819 0 0 0 0.907629 -0.419773
1115.900000000 -3.87331 -11.8294 0 0 0 0.902278 -0.431155
1116.000000000 -3.90588 -11.8778 0 0 0 0.896784 -0.442469
1116.100000000 -3.93721 -11.9269 0 0 0 0.891148 -0.453713
1116.200000000 -3.96731 -11.9768 0 0 0 0.885371 -0.464885
1116.300000000 -3.99613 -12.0275 0 0 0 0.879454 -0.475984
1116.400000000 -4.02368 -12.0788 0 0 0 0.873398 -0.487007
1116.500000000 -4.04992 -12.1309 0 0 0 0.867204 -0.497953
1116.600000000 -4.06295 -12.1662 0 0 0 -0.858922 0.512107
1116.700000000 -4.0675 -12.1931 0 0 0 -0.847452 0.530872
1116.800000000 -4.06264 -12.2093 0 0 0 -0.831921 0.554894
1116.900000000 -4.05016 -12.2152 0 0 0 -0.81231 0.583225
1117.000000000 -4.03675 -12.2192 0 0 0 -0.791404 0.611293
1117.100000000 -4.02309 -12.2222 0 0 0 -0.769529 0.638612
1117.200000000 -4.00925 -12.2243 0 0 0 -0.74671 0.665149
1117.300000000 -3.9953 -12.2255 0 0 0 -0.722978 0.690871
1117.400000000 -3.9813 -12.2256 0 0 0 -0.698359 0.715747
1117.500000000 -3.96733 -12.2248 0 0 0 -0.672886 0.739747
1117.600000000 -3.95345 -12.223 0 0 0 -0.646588 0.76284
1117.700000000 -3.93973 -12.2202 0 0 0 -0.619498 0.784999
1117.800000000 -3.92624 -12.2165 0 0 0 -0.591649 0.806196
1117.900000000 -3.91304 -12.2118 0 0 0 -0.563075 0.826405
1118.000000000 -3.9002 -12.2062 0 0 0 -0.533812 0.845603
1118.100000000 -3.88779 -12.1998 0 0 0 -0.503895 0.863765
1118.200000000 -3.87585 -12.1925 0 0 0 -0.473361 0.880868
1118.300000000 -3.86445 -12.1843 0 0 0 -0.442247 0.896893
1118.400000000 -3.85366 -12.1754 0 0 0 -0.410591 0.911819
1118.500000000 -3.84351 -12.1658 0 0 0 -0.378433 0.925629
1118.600000000 -3.83406 -12.1555 0 0 0 -0.345811 0.938304
1118.700000000 -3.82535 -12.1445 0 0 0 -0.312765 0.949831
1118.800000000 -3.80631 -12.146 0 0 0 -0.288626 0.957442
1118.900000000 -3.78534 -12.1484 0 0 0 -0.265543 0.964099
1119.000000000 -3.76381 -12.1502 0 0 0 -0.242609 0.970124
1119.100000000 -3.74221 -12.1509 0 0 0 -0.219538 0.975604
1119.200000000 -3.7206 -12.1507 0 0 0 -0.196344 0.980535
1119.300000000 -3.69903 -12.1494 0 0 0 -0.173039 0.984915
1119.400000000 -3.67754 -12.1471 0 0 0 -0.149637 0.988741
1119.500000000 -3.65618 -12.1438 0 0 0 -0.126151 0.992011
1119.600000000 -3.63501 -12.1395 0 0 0 -0.102594 0.994723
1119.700000000 -3.61406 -12.1342 0 0 0 -0.0789794 0.996876
1119.800000000 -3.59339 -12.1279 0 0 0 -0.0553203 0.998469
1119.900000000 -3.57304 -12.1206 0 0 0 -0.0316301 0.9995
1120.000000000 -3.55306 -12.1123 0 0 0 -0.00792205 0.999969
1120.100000000 -3.53349 -12.1032 0 0 0 0.0157904 0.999875
1120.200000000 -3.51438 -12.0931 0 0 0 0.039494 0.99922
1120.300000000 -3.48876 -12.0849 0 0 0 0.0548674 0.998494
1120.400000000 -3.4541 -12.0767 0 0 0 0.06569 0.99784
1120.500000000 -3.40878 -12.0685 0 0 0 0.0712015 0.997462
1120.600000000 -3.37566 -12.0595 0 0 0 0.0816198 0.996664
1120.700000000 -3.35172 -12.0495 0 0 0 0.096393 0.995343
1120.800000000 -3.33755 -12.0388 0 0 0 0.115728 0.993281
1120.900000000 -3.33624 -12.0281 0 0 0 0.14101 0.990008
1121.000000000 -3.3396 -12.0176 0 0 0 0.168179 0.985757
1121.100000000 -3.34353 -12.0073 0 0 0 0.19522 0.980759
1121.200000000 -3.34802 -11.9973 0 0 0 0.222114 0.975021
1121.300000000 -3.35305 -11.9875 0 0 0 0.24884 0.968545
1121.400000000 -3.35862 -11.978 0 0 0 0.275377 0.961336
1121.500000000 -3.36469 -11.9688 0 0 0 0.301706 0.953401
1121.600000000 -3.37127 -11.96 0 0 0 0.327807 0.944745
1121.700000000 -3.37831 -11.9516 0 0 0 0.353661 0.935374
1121.800000000 -3.38582 -11.9435 0 0 0 0.379247 0.925296
1121.900000000 -3.39375 -11.9359 0 0 0 0.404546 0.914518
1122.000000000 -3.40209 -11.9287 0 0 0 0.429539 0.903048
1122.100000000 -3.41081 -11.922 0 0 0 0.454207 0.890896
1122.200000000 -3.41988 -11.9158 0 0 0 0.478532 0.87807
1122.300000000 -3.43314 -11.908 0 0 0 0.512005 0.858982
1122.400000000 -3.44697 -11.9012 0 0 0 0.544718 0.838619
1122.500000000 -3.46128 -11.8955 0 0 0 0.576622 0.817011
1122.600000000 -3.47599 -11.8909 0 0 0 0.60767 0.794189
1122.700000000 -3.49101 -11.8874 0 0 0 0.637816 0.770189
1122.800000000 -3.50625 -11.8851 0 0 0 0.667015 0.745044
1122.900000000 -3.52162 -11.884 0 0 0 0.695223 0.718794
1123.000000000 -3.53703 -11.8841 0 0 0 0.7224 0.691476
1123.100000000 -3.55239 -11.8854 0 0 0 0.748503 0.663131
1123.200000000 -3.5676 -11.8878 0 0 0 0.773495 0.633802
1123.300000000 -3.58258 -11.8914 0 0 0 0.797339 0.603532
1123.400000000 -3.59724 -11.8962 0 0 0 0.819998 0.572366
1123.500000000 -3.61149 -11.902 0 0 0 0.841441 0.54035
1123.600000000 -3.62525 -11.909 0 0 0 0.861633 0.507531
1123.700000000 -3.63843 -11.917 0 0 0 0.880547 0.473959
1123.800000000 -3.65096 -11.9259 0 0 0 0.898153 0.439683
1123.900000000 -3.66275 -11.9359 0 0 0 0.914425 0.404755
1124.000000000 -3.67375 -11.9467 0 0 0 0.92934 0.369225
1124.100000000 -3.68389 -11.9583 0 0 0 0.942875 0.333147
1124.200000000 -3.6931 -11.9706 0 0 0 0.95501 0.296574
1124.300000000 -3.70134 -11.9836 0 0 0 0.965727 0.259562
1124.400000000 -3.70854 -11.9973 0 0 0 0.975009 0.222163
1124.500000000 -3.71394 -12.0095 0 0 0 0.98191 0.189347
1124.600000000 -3.71851 -12.0221 0 0 0 0.987707 0.156318
1124.700000000 -3.72222 -12.035 0 0 0 0.992393 0.123113
1124.800000000 -3.72506 -12.0481 0 0 0 0.995963 0.0897695
1124.900000000 -3.72701 -12.0614 0 0 0 0.998412 0.0563252
1125.000000000 -3.72808 -12.0748 0 0 0 0.99974 0.0228175
1125.100000000 -3.72824 -12.0882 0 0 0 0.999943 -0.0107159
1125.200000000 -3.7275 -12.1016 0 0 0 0.999021 -0.0442372
1125.300000000 -3.72587 -12.1149 0 0 0 0.996976 -0.0777087
1125.400000000 -3.72335 -12.1281 0 0 0 0.99381 -0.111093
1125.500000000 -3.71995 -12.141 0 0 0 0.989526 -0.144352
1125.600000000 -3.71569 -12.1538 0 0 0 0.98413 -0.177449
1125.700000000 -3.71059 -12.1662 0 0 0 0.977627 -0.210346
1125.800000000 -3.70466 -12.1782 0 0 0 0.970024 -0.243007
1125.900000000 -3.69795 -12.1898 0 0 0 0.961331 -0.275395
1126.000000000 -3.69047 -12.2009 0 0 0 0.951557 -0.307473
1126.100000000 -3.68226 -12.2115 0 0 0 0.940713 -0.339205
1126.200000000 -3.67336 -12.2216 0 0 0 0.92881 -0.370555
1126.300000000 -3.66381 -12.231 0 0 0 0.915864 -0.401489
1126.400000000 -3.65364 -12.2397 0 0 0 0.901887 -0.431972
1126.500000000 -3.64025 -12.2496 0 0 0 0.883122 -0.469143
1126.600000000 -3.6252 -12.2589 0 0 0 -0.86156 0.507656
1126.700000000 -3.6094 -12.2667 0 0 0 -0.838319 0.545181
1126.800000000 -3.59296 -12.2732 0 0 0 -0.813444 0.581643
1126.900000000 -3.57602 -12.2781 0 0 0 -0.786985 0.616972
1127.000000000 -3.55871 -12.2816 0 0 0 -0.758993 0.651098
1127.100000000 -3.54117 -12.2835 0 0 0 -0.729522 0.683957
1127.200000000 -3.52352 -12.2838 0 0 0 -0.69863 0.715483
1127.300000000 -3.50591 -12.2826 0 0 0 -0.666377 0.745615
1127.400000000 -3.48847 -12.2799 0 0 0 -0.632826 0.774294
1127.500000000 -3.47135 -12.2756 0 0 0 -0.598041 0.801465
1127.600000000 -3.45466 -12.2699 0 0 0 -0.562092 0.827075
1127.700000000 -3.43855 -12.2626 0 0 0 -0.525047 0.851073
1127.800000000 -3.42314 -12.254 0 0 0 -0.48698 0.873413
1127.900000000 -3.40855 -12.2441 0 0 0 -0.447964 0.894052
1128.000000000 -3.39489 -12.2329 0 0 0 -0.408075 0.912949
1128.100000000 -3.38227 -12.2206 0 0 0 -0.367391 0.930067
1128.200000000 -3.37079 -12.2072 0 0 0 -0.325991 0.945373
1128.300000000 -3.36031 -12.1925 0 0 0 -0.282963 0.959131
1128.400000000 -3.3512 -12.1769 0 0 0 -0.239358 0.970931
1128.500000000 -3.34354 -12.1605 0 0 0 -0.195264 0.980751
1128.600000000 -3.32064 -12.1547 0 0 0 -0.160358 0.987059
1128.700000000 -3.29738 -12.1477 0 0 0 -0.125713 0.992067
1128.800000000 -3.27381 -12.1395 0 0 0 -0.0913698 0.995817
1128.900000000 -3.25087 -12.1297 0 0 0 -0.0569176 0.998379
1129.000000000 -3.22865 -12.1183 0 0 0 -0.0223975 0.999749
1129.100000000 -3.20728 -12.1055 0 0 0 0.0121493 0.999926
1129.200000000 -3.18684 -12.0911 0 0 0 0.0466816 0.99891
1129.300000000 -3.16744 -12.0755 0 0 0 0.0811583 0.996701
1129.400000000 -3.14916 -12.0585 0 0 0 0.115538 0.993303
1129.500000000 -3.13211 -12.0403 0 0 0 0.14978 0.988719
1129.600000000 -3.11635 -12.0209 0 0 0 0.183843 0.982956
1129.700000000 -3.10197 -12.0005 0 0 0 0.217687 0.976019
1129.800000000 -3.08902 -11.9792 0 0 0 0.251271 0.967917
1129.900000000 -3.07758 -11.957 0 0 0 0.284554 0.95866
1130.000000000 -3.0677 -11.9341 0 0 0 0.317499 0.948259
1130.100000000 -3.05943 -11.9106 0 0 0 0.350064 0.936726
1130.200000000 -3.05279 -11.8865 0 0 0 0.382212 0.924075
1130.300000000 -3.04784 -11.8621 0 0 0 0.413903 0.910321
1130.400000000 -3.04459 -11.8373 0 0 0 0.445101 0.895481
1130.500000000 -3.03361 -11.809 0 0 0 0.463727 0.885978
1130.600000000 -3.0155 -11.7722 0 0 0 0.477201 0.878794
1130.700000000 -2.98968 -11.7257 0 0 0 0.485162 0.874424
1130.800000000 -2.95276 -11.6661 0 0 0 0.485643 0.874157
1130.900000000 -2.91923 -11.6166 0 0 0 0.480649 0.876913
1131.000000000 -2.88514 -11.5674 0 0 0 0.475639 0.87964
1131.100000000 -2.85018 -11.5178 0 0 0 0.470978 0.882145
1131.200000000 -2.81502 -11.4694 0 0 0 0.465939 0.884817
1131.300000000 -2.77931 -11.4214 0 0 0 0.460884 0.88746
1131.400000000 -2.74271 -11.373 0 0 0 0.456182 0.889886
1131.500000000 -2.7056 -11.325 0 0 0 0.451468 0.892288
1131.600000000 -2.66835 -11.2782 0 0 0 0.44637 0.894848
1131.700000000 -2.63056 -11.2318 0 0 0 0.441259 0.89738
1131.800000000 -2.59224 -11.1859 0 0 0 0.436133 0.899882
1131.900000000 -2.55341 -11.1404 0 0 0 0.430993 0.902355
1132.000000000 -2.51405 -11.0953 0 0 0 0.425839 0.904799
1132.100000000 -2.47419 -11.0507 0 0 0 0.42067 0.907214
1132.200000000 -2.43341 -11.0058 0 0 0 0.415865 0.909427
1132.300000000 -2.39216 -10.9613 0 0 0 0.411047 0.911614
1132.400000000 -2.35043 -10.9173 0 0 0 0.406218 0.913776
1132.500000000 -2.30825 -10.8737 0 0 0 0.401378 0.915913
1132.600000000 -2.26561 -10.8305 0 0 0 0.396526 0.918023
1132.700000000 -2.22251 -10.7879 0 0 0 0.391663 0.920109
1132.800000000 -2.17228 -10.7456 0 0 0 0.375679 0.92675
1132.900000000 -2.13007 -10.7188 0 0 0 0.352028 0.935989
1133.000000000 -2.09684 -10.7075 0 0 0 0.320424 0.947274
1133.100000000 -2.07693 -10.7143 0 0 0 0.278668 0.960387
1133.200000000 -2.06592 -10.7306 0 0 0 0.231073 0.972936
1133.300000000 -2.05656 -10.7479 0 0 0 0.182918 0.983128
1133.400000000 -2.04895 -10.7661 0 0 0 0.13432 0.990938
1133.500000000 -2.04316 -10.7849 0 0 0 0.0853961 0.996347
1133.600000000 -2.03925 -10.8041 0 0 0 0.0362656 0.999342
1133.700000000 -2.03725 -10.8237 0 0 0 -0.0129528 0.999916
1133.800000000 -2.03718 -10.8434 0 0 0 -0.0621398 0.998067
1133.900000000 -2.03904 -10.8629 0 0 0 -0.111176 0.993801
1134.000000000 -2.04282 -10.8822 0 0 0 -0.159943 0.987126
1134.100000000 -2.04848 -10.9011 0 0 0 -0.208323 0.97806
1134.200000000 -2.05597 -10.9193 0 0 0 -0.256198 0.966624
1134.300000000 -2.0652 -10.9366 0 0 0 -0.303452 0.952847
1134.400000000 -2.0761 -10.953 0 0 0 -0.349971 0.936761
1134.500000000 -2.08855 -10.9682 0 0 0 -0.395642 0.918405
1134.600000000 -2.10244 -10.9821 0 0 0 -0.440354 0.897824
1134.700000000 -2.11763 -10.9946 0 0 0 -0.484 0.875068
1134.800000000 -2.13398 -11.0056 0 0 0 -0.526473 0.850192
1134.900000000 -2.15132 -11.0149 0 0 0 -0.56767 0.823256
1135.000000000 -2.16949 -11.0224 0 0 0 -0.607493 0.794325
1135.100000000 -2.18831 -11.0281 0 0 0 -0.645843 0.76347
1135.200000000 -2.2076 -11.0319 0 0 0 -0.682628 0.730766
1135.300000000 -2.22717 -11.0338 0 0 0 -0.71776 0.69629
1135.400000000 -2.24684 -11.0338 0 0 0 -0.751153 0.660128
1135.500000000 -2.26641 -11.0319 0 0 0 -0.782726 0.622367
1135.600000000 -2.28569 -11.028 0 0 0 -0.812402 0.583097
1135.700000000 -2.3045 -11.0223 0 0 0 -0.84011 0.542415
1135.800000000 -2.32266 -11.0147 0 0 0 -0.865783 0.500419
1135.900000000 -2.33998 -11.0054 0 0 0 0.889359 -0.45721
1136.000000000 -2.35631 -10.9944 0 0 0 0.910779 -0.412894
1136.100000000 -2.37147 -10.9819 0 0 0 0.929993 -0.367577
1136.200000000 -2.38534 -10.9679 0 0 0 0.946954 -0.32137
1136.300000000 -2.39776 -10.9527 0 0 0 0.96162 -0.274384
1136.400000000 -2.40862 -10.9363 0 0 0 0.973957 -0.226734
1136.500000000 -2.41783 -10.9189 0 0 0 0.983934 -0.178534
1136.600000000 -2.44642 -10.9137 0 0 0 0.9899 -0.141769
1136.700000000 -2.4829 -10.9108 0 0 0 0.994005 -0.109339
1136.800000000 -2.51911 -10.9055 0 0 0 0.997047 -0.076791
1136.900000000 -2.5549 -10.8978 0 0 0 0.999024 -0.0441613
1137.000000000 -2.59011 -10.8878 0 0 0 0.999934 -0.0114844
1137.100000000 -2.62459 -10.8755 0 0 0 0.999775 0.0212048
1137.200000000 -2.6582 -10.861 0 0 0 0.998548 0.0538713
1137.300000000 -2.69079 -10.8443 0 0 0 0.996254 0.0864802
1137.400000000 -2.72221 -10.8256 0 0 0 0.992895 0.118997
1137.500000000 -2.75235 -10.8048 0 0 0 0.988475 0.151386
1137.600000000 -2.78106 -10.7821 0 0 0 0.982998 0.183614
1137.700000000 -2.80823 -10.7576 0 0 0 0.976472 0.215645
1137.800000000 -2.83374 -10.7313 0 0 0 0.968902 0.247446
1137.900000000 -2.85747 -10.7035 0 0 0 0.960296 0.278983
1138.000000000 -2.87934 -10.6741 0 0 0 0.950664 0.310221
1138.100000000 -2.89924 -10.6434 0 0 0 0.940017 0.341128
1138.200000000 -2.9171 -10.6114 0 0 0 0.928365 0.37167
1138.300000000 -2.93282 -10.5784 0 0 0 0.915721 0.401815
1138.400000000 -2.94636 -10.5444 0 0 0 0.902098 0.431531
1138.500000000 -2.97005 -10.4996 0 0 0 0.89138 0.453257
1138.600000000 -2.99466 -10.4578 0 0 0 0.885951 0.463778
1138.700000000 -3.02289 -10.4145 0 0 0 0.88424 0.467033
1138.800000000 -3.05647 -10.3688 0 0 0 0.886539 0.462654
1138.900000000 -3.09947 -10.3192 0 0 0 0.894414 0.447241
1139.000000000 -3.1412 -10.2773 0 0 0 0.903452 0.428689
1139.100000000 -3.18463 -10.2372 0 0 0 0.912106 0.409955
1139.200000000 -3.22967 -10.1989 0 0 0 0.920371 0.391046
1139.300000000 -3.27626 -10.1624 0 0 0 0.928245 0.37197
1139.400000000 -3.32431 -10.128 0 0 0 0.935723 0.352736
1139.500000000 -3.37374 -10.0955 0 0 0 0.942802 0.333352
1139.600000000 -3.41872 -10.072 0 0 0 0.950841 0.309681
1139.700000000 -3.46426 -10.0514 0 0 0 0.958397 0.285439
1139.800000000 -3.5108 -10.0331 0 0 0 0.965335 0.261013
1139.900000000 -3.5582 -10.0172 0 0 0 0.971651 0.236419
1140.000000000 -3.60635 -10.0037 0 0 0 0.977341 0.211673
1140.100000000 -3.65512 -9.99271 0 0 0 0.9824 0.18679
1140.200000000 -3.70439 -9.98419 0 0 0 0.986826 0.161786
1140.300000000 -3.75402 -9.97818 0 0 0 0.990615 0.136679
1140.400000000 -3.8039 -9.9747 0 0 0 0.993766 0.111483
1140.500000000 -3.85389 -9.97375 0 0 0 0.996277 0.0862154
1140.600000000 -3.91937 -9.96936 0 0 0 0.99762 0.0689588
1140.700000000 -3.9875 -9.96635 0 0 0 0.998595 0.0529893
1140.800000000 -4.0557 -9.96553 0 0 0 0.999315 0.0370062
1140.900000000 -4.12388 -9.96689 0 0 0 0.999779 0.0210137
1141.000000000 -4.19199 -9.97043 0 0 0 0.999987 0.00501574
1141.100000000 -4.25995 -9.97615 0 0 0 0.99994 -0.0109835
1141.200000000 -4.32769 -9.98403 0 0 0 0.999636 -0.0269799
1141.300000000 -4.39515 -9.99409 0 0 0 0.999076 -0.0429693
1141.400000000 -4.46225 -10.0063 0 0 0 0.998261 -0.0589478
1141.500000000 -4.52892 -10.0206 0 0 0 0.99719 -0.0749112
1141.600000000 -4.60265 -10.0345 0 0 0 0.996655 -0.0817267
1141.700000000 -4.67627 -10.049 0 0 0 0.996181 -0.0873146
1141.800000000 -4.74972 -10.0642 0 0 0 0.995675 -0.0928998
1141.900000000 -4.823 -10.0803 0 0 0 0.995139 -0.0984821
1142.000000000 -4.8961 -10.0972 0 0 0 0.994571 -0.104061
1142.100000000 -4.96899 -10.1149 0 0 0 0.993972 -0.109637
1142.200000000 -5.04169 -10.1334 0 0 0 0.993341 -0.11521
1142.300000000 -5.11417 -10.1528 0 0 0 0.992679 -0.120778
1142.400000000 -5.18644 -10.173 0 0 0 0.991987 -0.126343
1142.500000000 -5.25847 -10.1939 0 0 0 0.991262 -0.131904
1142.600000000 -5.30212 -10.2049 0 0 0 0.991541 -0.129796
1142.700000000 -5.34424 -10.2151 0 0 0 0.991848 -0.127424
1142.800000000 -5.38478 -10.2247 0 0 0 0.992139 -0.125142
1142.900000000 -5.42375 -10.2338 0 0 0 0.992413 -0.122951
1143.000000000 -5.46113 -10.2424 0 0 0 0.992671 -0.120851
1143.100000000 -5.49854 -10.2507 0 0 0 0.992924 -0.11875
1143.200000000 -5.53436 -10.2586 0 0 0 0.993162 -0.11674
1143.300000000 -5.57022 -10.2663 0 0 0 0.993397 -0.11473
1143.400000000 -5.60447 -10.2735 0 0 0 0.993617 -0.11281
1143.500000000 -5.63875 -10.2806 0 0 0 0.993833 -0.11089
1143.600000000 -5.67143 -10.2872 0 0 0 0.994035 -0.109062
1143.700000000 -5.70249 -10.2934 0 0 0 0.994224 -0.107324
1143.800000000 -5.73194 -10.2992 0 0 0 0.9944 -0.105677
1143.900000000 -5.76141 -10.3048 0 0 0 0.994574 -0.10403
1144.000000000 -5.78926 -10.3101 0 0 0 0.994736 -0.102475
1144.100000000 -5.81712 -10.3153 0 0 0 0.994895 -0.100919
1144.200000000 -5.84346 -10.3195 0 0 0 0.99517 -0.0981713
1144.300000000 -5.8682 -10.3233 0 0 0 0.99544 -0.0953903
1144.400000000 -5.89295 -10.327 0 0 0 0.995703 -0.0926086
1144.500000000 -5.91605 -10.3304 0 0 0 0.995906 -0.0903924
1144.600000000 -5.93914 -10.3338 0 0 0 0.996088 -0.0883644
1144.700000000 -5.9606 -10.3369 0 0 0 0.996254 -0.0864809
1144.800000000 -5.98207 -10.3399 0 0 0 0.996415 -0.0845971
1144.900000000 -6.0019 -10.3425 0 0 0 0.996561 -0.082858
1145.000000000 -6.0234 -10.3454 0 0 0 0.996716 -0.0809736
1145.100000000 -6.0449 -10.3481 0 0 0 0.996868 -0.079089
1145.200000000 -6.07138 -10.3514 0 0 0 0.997049 -0.076769
1145.300000000 -6.09787 -10.3546 0 0 0 0.997225 -0.0744486
1145.400000000 -6.12438 -10.3576 0 0 0 0.997395 -0.0721279
1145.500000000 -6.14926 -10.3602 0 0 0 0.997579 -0.0695457
1145.600000000 -6.17416 -10.3626 0 0 0 0.997755 -0.0669631
1145.700000000 -6.19741 -10.3648 0 0 0 0.997914 -0.0645523
1145.800000000 -6.23064 -10.3677 0 0 0 0.998131 -0.0611076
1145.900000000 -6.26223 -10.3703 0 0 0 0.998326 -0.0578345
1146.000000000 -6.29383 -10.3726 0 0 0 0.99851 -0.0545608
1146.100000000 -6.32378 -10.3747 0 0 0 0.998675 -0.0514588
1146.200000000 -6.35541 -10.3766 0 0 0 0.998838 -0.0481839
1146.300000000 -6.38705 -10.3783 0 0 0 0.998991 -0.0449086
1146.400000000 -6.42037 -10.38 0 0 0 0.99914 -0.0414603
1146.500000000 -6.45203 -10.3813 0 0 0 0.999271 -0.038184
1146.600000000 -6.48535 -10.3828 0 0 0 0.999368 -0.035546
1146.700000000 -6.51867 -10.3841 0 0 0 0.999458 -0.0329078
1146.800000000 -6.55033 -10.3852 0 0 0 0.999538 -0.0304013
1146.900000000 -6.582 -10.3861 0 0 0 0.999611 -0.0278947
1147.000000000 -6.61534 -10.3869 0 0 0 0.999681 -0.0252558
1147.100000000 -6.64868 -10.3875 0 0 0 0.999744 -0.0226169
1147.200000000 -6.68035 -10.3879 0 0 0 0.999798 -0.0201097
1147.300000000 -6.7137 -10.3882 0 0 0 0.999847 -0.0174704
1147.400000000 -6.74538 -10.3883 0 0 0 0.999888 -0.014963
1147.500000000 -6.77705 -10.3886 0 0 0 0.999913 -0.0132151
1147.600000000 -6.80873 -10.3887 0 0 0 0.999934 -0.0114673
1147.700000000 -6.84207 -10.3888 0 0 0 0.999954 -0.00962734
1147.800000000 -6.87374 -10.3887 0 0 0 0.999969 -0.00787939
1147.900000000 -6.90541 -10.3885 0 0 0 0.999981 -0.00613142
1148.000000000 -6.93875 -10.3881 0 0 0 0.999991 -0.00429143
1148.100000000 -6.97042 -10.3877 0 0 0 0.999997 -0.00254342
1148.200000000 -7.00376 -10.3871 0 0 0 1 -0.000703407
1148.300000000 -7.03542 -10.3865 0 0 0 0.999999 0.00104461
1148.400000000 -7.06709 -10.3857 0 0 0 0.999996 0.00279262
1148.500000000 -7.14206 -10.3833 0 0 0 0.99997 0.00776377
1148.600000000 -7.17205 -10.3825 0 0 0 0.999962 0.00870746
1148.700000000 -7.20371 -10.3815 0 0 0 0.999953 0.00970357
1148.800000000 -7.23536 -10.3805 0 0 0 0.999943 0.0106997
1148.900000000 -7.26535 -10.3795 0 0 0 0.999932 0.0116433
1149.000000000 -7.34029 -10.3766 0 0 0 0.999893 0.0146026
1149.100000000 -7.41522 -10.3732 0 0 0 0.999846 0.0175618
1149.200000000 -7.49013 -10.3694 0 0 0 0.999789 0.0205208
1149.300000000 -7.56502 -10.3651 0 0 0 0.999724 0.0234796
1149.400000000 -7.63988 -10.3604 0 0 0 0.99965 0.0264382
1149.500000000 -7.7147 -10.3553 0 0 0 0.999568 0.0293966
1149.600000000 -7.7895 -10.3497 0 0 0 0.999476 0.0323547
1149.700000000 -7.86426 -10.3436 0 0 0 0.999376 0.0353125
1149.800000000 -7.93899 -10.3372 0 0 0 0.999267 0.0382701
1149.900000000 -8.01368 -10.3302 0 0 0 0.99915 0.0412273
1150.000000000 -8.08832 -10.3229 0 0 0 0.999023 0.0441841
1150.100000000 -8.163 -10.316 0 0 0 0.998989 0.0449566
1150.200000000 -8.23767 -10.3089 0 0 0 0.998954 0.0457292
1150.300000000 -8.31233 -10.3018 0 0 0 0.998918 0.0465016
1150.400000000 -8.38697 -10.2945 0 0 0 0.998882 0.0472741
1150.500000000 -8.46161 -10.2871 0 0 0 0.998845 0.0480465
1150.600000000 -8.5264 -10.2819 0 0 0 0.998965 0.0454915
1150.700000000 -8.58958 -10.2773 0 0 0 0.999096 0.0425011
1150.800000000 -8.65112 -10.2732 0 0 0 0.999216 0.0395889
1150.900000000 -8.70936 -10.2697 0 0 0 0.999321 0.0368339
1151.000000000 -8.76594 -10.2666 0 0 0 0.999416 0.0341573
1151.100000000 -8.82088 -10.2639 0 0 0 0.999502 0.0315591
1151.200000000 -8.87417 -10.2615 0 0 0 0.999578 0.0290396
1151.300000000 -8.92581 -10.2595 0 0 0 0.999646 0.0265985
1151.400000000 -8.97578 -10.2578 0 0 0 0.999706 0.0242361
1151.500000000 -9.0241 -10.2564 0 0 0 0.999759 0.0219523
1151.600000000 -9.07075 -10.2549 0 0 0 0.99979 0.0204846
1151.700000000 -9.11573 -10.2536 0 0 0 0.999818 0.0190693
1151.800000000 -9.15906 -10.2525 0 0 0 0.999843 0.0177064
1151.900000000 -9.20071 -10.2516 0 0 0 0.999866 0.0163959
1152.000000000 -9.24071 -10.2508 0 0 0 0.999885 0.0151377
1152.100000000 -9.27904 -10.2501 0 0 0 0.999903 0.013932
1152.200000000 -9.3157 -10.2495 0 0 0 0.999918 0.0127787
1152.300000000 -9.3507 -10.2491 0 0 0 0.999932 0.0116777
1152.400000000 -9.3857 -10.2487 0 0 0 0.999944 0.0105768
1152.500000000 -9.41904 -10.2484 0 0 0 0.999955 0.00952827
1152.600000000 -9.4657 -10.2478 0 0 0 0.999961 0.00879502
1152.700000000 -9.5107 -10.2473 0 0 0 0.999967 0.00808795
1152.800000000 -9.55403 -10.2469 0 0 0 0.999973 0.00740707
1152.900000000 -9.5957 -10.2465 0 0 0 0.999977 0.00675237
1153.000000000 -9.63736 -10.2462 0 0 0 0.999981 0.00609767
1153.100000000 -9.67736 -10.246 0 0 0 0.999985 0.00546916
1153.200000000 -9.7157 -10.2458 0 0 0 0.999988 0.00486683
1153.300000000 -9.75236 -10.2457 0 0 0 0.999991 0.00429069
1153.400000000 -9.78736 -10.2456 0 0 0 0.999993 0.00374073
1153.500000000 -9.80903 -10.2458 0 0 0 0.999996 0.00288813
1153.600000000 -9.82903 -10.246 0 0 0 0.999998 0.00210112
1153.700000000 -9.8507 -10.2462 0 0 0 0.999999 0.00124852
1153.800000000 -9.8707 -10.2465 0 0 0 1 0.000461501
1153.900000000 -9.8907 -10.2468 0 0 0 1 -0.000325516
1154.000000000 -9.9107 -10.2471 0 0 0 0.999999 -0.00111253
1154.100000000 -9.9307 -10.2475 0 0 0 0.999998 -0.00189955
1154.200000000 -9.95236 -10.2479 0 0 0 0.999996 -0.00275215
1154.300000000 -9.97236 -10.2483 0 0 0 0.999994 -0.00353916
1154.400000000 -9.99236 -10.2488 0 0 0 0.999991 -0.00432617
1154.500000000 -10.0107 -10.2492 0 0 0 0.999988 -0.00490288
1154.600000000 -10.0307 -10.2496 0 0 0 0.999985 -0.00553202
1154.700000000 -10.049 -10.25 0 0 0 0.999981 -0.00610873
1154.800000000 -10.069 -10.2505 0 0 0 0.999977 -0.00673786
1154.900000000 -10.0907 -10.2511 0 0 0 0.999972 -0.00741942
1155.000000000 -10.1107 -10.2517 0 0 0 0.999968 -0.00804855
1155.100000000 -10.1307 -10.2522 0 0 0 0.999962 -0.00867767
1155.200000000 -10.149 -10.2528 0 0 0 0.999957 -0.00925437
1155.300000000 -10.169 -10.2534 0 0 0 0.999951 -0.00988349
1155.400000000 -10.189 -10.254 0 0 0 0.999945 -0.0105126
1155.500000000 -10.2073 -10.2547 0 0 0 0.999939 -0.0110893
1155.600000000 -10.2339 -10.2556 0 0 0 0.999929 -0.0119281
1155.700000000 -10.2606 -10.2566 0 0 0 0.999918 -0.0127669
1155.800000000 -10.2872 -10.2576 0 0 0 0.999907 -0.0136057
1155.900000000 -10.3122 -10.2586 0 0 0 0.999896 -0.014392
1156.000000000 -10.3389 -10.2597 0 0 0 0.999884 -0.0152308
1156.100000000 -10.3655 -10.2608 0 0 0 0.999871 -0.0160696
1156.200000000 -10.3905 -10.2619 0 0 0 0.999858 -0.0168559
1156.300000000 -10.4155 -10.2631 0 0 0 0.999844 -0.0176422
1156.400000000 -10.4421 -10.2643 0 0 0 0.999833 -0.0182709
1156.500000000 -10.4737 -10.2657 0 0 0 0.999819 -0.0190174
1156.600000000 -10.5054 -10.2672 0 0 0 0.999805 -0.019764
1156.700000000 -10.5353 -10.2687 0 0 0 0.99979 -0.0204712
1156.800000000 -10.5636 -10.2701 0 0 0 0.999777 -0.0211392
1156.900000000 -10.5919 -10.2716 0 0 0 0.999762 -0.0218071
1157.000000000 -10.6652 -10.2755 0 0 0 0.999723 -0.0235358
1157.100000000 -10.74 -10.2798 0 0 0 0.999675 -0.0255002
1157.200000000 -10.8083 -10.2839 0 0 0 0.999632 -0.0271109
1157.300000000 -10.8831 -10.2888 0 0 0 0.999577 -0.029075
1157.400000000 -10.9579 -10.2939 0 0 0 0.999519 -0.0309998
1157.500000000 -11.0327 -10.2995 0 0 0 0.999447 -0.0332504
1157.600000000 -11.1076 -10.3035 0 0 0 0.999519 -0.0309998
1157.700000000 -11.1825 -10.3073 0 0 0 0.999587 -0.0287491
1157.800000000 -11.2575 -10.3107 0 0 0 0.999649 -0.0264982
1157.900000000 -11.3324 -10.3138 0 0 0 0.999706 -0.0242472
1158.000000000 -11.4073 -10.3165 0 0 0 0.999758 -0.021996
1158.100000000 -11.4823 -10.3189 0 0 0 0.999805 -0.0197447
1158.200000000 -11.5573 -10.321 0 0 0 0.999847 -0.0174934
1158.300000000 -11.6323 -10.3227 0 0 0 0.999884 -0.0152419
1158.400000000 -11.7073 -10.3241 0 0 0 0.999916 -0.0129904
1158.500000000 -11.7823 -10.3251 0 0 0 0.999942 -0.0107388
1158.600000000 -11.8573 -10.3253 0 0 0 0.999975 -0.00709099
1158.700000000 -11.9323 -10.3249 0 0 0 0.999994 -0.00344306
1158.800000000 -12.0073 -10.3242 0 0 0 1 -0.000483531
1158.900000000 -12.0823 -10.3231 0 0 0 0.999997 0.002476
1159.000000000 -12.1573 -10.3213 0 0 0 0.999981 0.00612395
1159.100000000 -12.2322 -10.3189 0 0 0 0.999952 0.00977181
1159.200000000 -12.3072 -10.316 0 0 0 0.99991 0.0134195
1159.300000000 -12.3821 -10.3131 0 0 0 0.999877 0.0156711
1159.400000000 -12.4571 -10.3101 0 0 0 0.999852 0.0171943
1159.500000000 -12.532 -10.3066 0 0 0 0.999811 0.0194457
1159.600000000 -12.6069 -10.3037 0 0 0 0.999811 0.0194457
1159.700000000 -12.6818 -10.2988 0 0 0 0.999702 0.0244157
1159.800000000 -12.7568 -10.2986 0 0 0 0.999875 0.0158394
1159.900000000 -12.8317 -10.2942 0 0 0 0.999783 0.0208098
1160.000000000 -12.9011 -10.2853 0 0 0 0.999355 0.0359053
1160.100000000 -12.9693 -10.2741 0 0 0 0.998676 0.0514436
1160.200000000 -13.0371 -10.2609 0 0 0 0.997755 0.0669695
1160.300000000 -13.1044 -10.2455 0 0 0 0.996593 0.0824791
1160.400000000 -13.1713 -10.2281 0 0 0 0.995189 0.0979688
1160.500000000 -13.2375 -10.2086 0 0 0 0.993545 0.113435
1160.600000000 -13.2961 -10.1872 0 0 0 0.991211 0.132289
1160.700000000 -13.3538 -10.1637 0 0 0 0.988519 0.151095
1160.800000000 -13.4106 -10.1379 0 0 0 0.985471 0.169846
1160.900000000 -13.4663 -10.1101 0 0 0 0.982066 0.188536
1161.000000000 -13.521 -10.0801 0 0 0 0.978307 0.207159
1161.100000000 -13.5753 -10.0479 0 0 0 0.974289 0.2253
1161.200000000 -13.6283 -10.0137 0 0 0 0.969935 0.243363
1161.300000000 -13.6801 -9.97754 0 0 0 0.965246 0.261343
1161.400000000 -13.7305 -9.93949 0 0 0 0.960224 0.279232
1161.500000000 -13.7794 -9.8996 0 0 0 0.95487 0.297025
1161.600000000 -13.8276 -9.85757 0 0 0 0.949318 0.314316
1161.700000000 -13.8743 -9.81382 0 0 0 0.943454 0.331503
1161.800000000 -13.9193 -9.7684 0 0 0 0.937278 0.348582
1161.900000000 -13.9635 -9.72095 0 0 0 0.930949 0.36515
1162.000000000 -14.0059 -9.67197 0 0 0 0.924326 0.381604
1162.100000000 -14.0472 -9.62102 0 0 0 0.917583 0.397545
1162.200000000 -14.0868 -9.56867 0 0 0 0.910564 0.413367
1162.300000000 -14.1246 -9.51499 0 0 0 0.903273 0.429066
1162.400000000 -14.1611 -9.45946 0 0 0 0.895904 0.444248
1162.500000000 -14.1964 -9.40214 0 0 0 0.888479 0.458917
1162.600000000 -14.2177 -9.35523 0 0 0 0.876919 0.480639
1162.700000000 -14.225 -9.31938 0 0 0 0.86074 0.509044
1162.800000000 -14.2185 -9.29697 0 0 0 0.838923 0.544251
1162.900000000 -14.2087 -9.27713 0 0 0 0.815001 0.57946
1163.000000000 -14.1973 -9.2582 0 0 0 0.789602 0.61362
1163.100000000 -14.1843 -9.2403 0 0 0 0.762772 0.646667
1163.200000000 -14.1698 -9.22357 0 0 0 0.734561 0.678543
1163.300000000 -14.154 -9.20813 0 0 0 0.705018 0.709189
1163.400000000 -14.1369 -9.1941 0 0 0 0.674198 0.73855
1163.500000000 -14.1187 -9.18157 0 0 0 0.642157 0.766573
1163.600000000 -14.0995 -9.17063 0 0 0 0.608952 0.793207
1163.700000000 -14.0794 -9.16137 0 0 0 0.574643 0.818404
1163.800000000 -14.0586 -9.15385 0 0 0 0.539293 0.842118
1163.900000000 -14.0372 -9.14813 0 0 0 0.502966 0.864306
1164.000000000 -14.0155 -9.14424 0 0 0 0.465728 0.884928
1164.100000000 -13.9934 -9.14222 0 0 0 0.427646 0.903946
1164.200000000 -13.9713 -9.14208 0 0 0 0.388789 0.921327
1164.300000000 -13.9493 -9.14382 0 0 0 0.349227 0.937038
1164.400000000 -13.9275 -9.14743 0 0 0 0.309033 0.951051
1164.500000000 -13.906 -9.15288 0 0 0 0.268278 0.963341
1164.600000000 -13.8954 -9.16941 0 0 0 0.22055 0.975376
1164.700000000 -13.8864 -9.18691 0 0 0 0.172288 0.985047
1164.800000000 -13.8792 -9.2052 0 0 0 0.123608 0.992331
1164.900000000 -13.8738 -9.22412 0 0 0 0.0746293 0.997211
1165.000000000 -13.8703 -9.24347 0 0 0 0.0254693 0.999676
1165.100000000 -13.8687 -9.26308 0 0 0 -0.0237524 0.999718
1165.200000000 -13.8691 -9.28274 0 0 0 -0.0729166 0.997338
1165.300000000 -13.8714 -9.30227 0 0 0 -0.121904 0.992542
1165.400000000 -13.8755 -9.32149 0 0 0 -0.170596 0.985341
1165.500000000 -13.8816 -9.3402 0 0 0 -0.218875 0.975753
1165.600000000 -13.8895 -9.35822 0 0 0 -0.266624 0.963801
1165.700000000 -13.8991 -9.37538 0 0 0 -0.313726 0.949514
1165.800000000 -13.9103 -9.39151 0 0 0 -0.360069 0.932926
1165.900000000 -13.9231 -9.40646 0 0 0 -0.405539 0.914078
1166.000000000 -13.9373 -9.42009 0 0 0 -0.450026 0.893015
1166.100000000 -13.9528 -9.43225 0 0 0 -0.493424 0.869789
1166.200000000 -13.9693 -9.44283 0 0 0 -0.535625 0.844456
1166.300000000 -13.9869 -9.45173 0 0 0 -0.57653 0.817076
1166.400000000 -14.0052 -9.45887 0 0 0 -0.616037 0.787717
1166.500000000 -14.0241 -9.46416 0 0 0 -0.654052 0.75645
1166.600000000 -14.0353 -9.491 0 0 0 -0.681767 0.731569
1166.700000000 -14.0452 -9.52856 0 0 0 -0.704412 0.709791
1166.800000000 -14.0573 -9.56627 0 0 0 -0.726075 0.687615
1166.900000000 -14.0717 -9.60315 0 0 0 -0.74704 0.664779
1167.000000000 -14.0884 -9.63907 0 0 0 -0.767287 0.641303
1167.100000000 -14.1073 -9.67388 0 0 0 -0.786797 0.617212
1167.200000000 -14.1283 -9.70746 0 0 0 -0.805551 0.592527
1167.300000000 -14.1513 -9.73968 0 0 0 -0.82353 0.567272
1167.400000000 -14.1763 -9.7704 0 0 0 -0.840718 0.541473
1167.500000000 -14.2031 -9.79952 0 0 0 -0.857098 0.515153
1167.600000000 -14.2365 -9.84264 0 0 0 0.868735 -0.495277
1167.700000000 -14.2766 -9.89781 0 0 0 0.876548 -0.481315
1167.800000000 -14.3187 -9.95252 0 0 0 0.883927 -0.467624
1167.900000000 -14.3626 -10.0059 0 0 0 0.891093 -0.45382
1168.000000000 -14.4081 -10.0579 0 0 0 0.898044 -0.439906
1168.100000000 -14.4552 -10.1084 0 0 0 0.904777 -0.425886
1168.200000000 -14.5038 -10.1575 0 0 0 0.911291 -0.411763
1168.300000000 -14.5539 -10.205 0 0 0 0.917585 -0.39754
1168.400000000 -14.6055 -10.2509 0 0 0 0.923657 -0.383221
1168.500000000 -14.6585 -10.2952 0 0 0 0.929505 -0.368809
1168.600000000 -14.7145 -10.3452 0 0 0 0.931327 -0.364184
1168.700000000 -14.77 -10.3956 0 0 0 0.931881 -0.362765
1168.800000000 -14.8257 -10.4459 0 0 0 0.932432 -0.361345
1168.900000000 -14.8815 -10.496 0 0 0 0.932982 -0.359924
1169.000000000 -14.9375 -10.5459 0 0 0 0.933529 -0.358502
1169.100000000 -14.9936 -10.5957 0 0 0 0.934074 -0.35708
1169.200000000 -15.0499 -10.6452 0 0 0 0.934617 -0.355656
1169.300000000 -15.1063 -10.6946 0 0 0 0.935158 -0.354232
1169.400000000 -15.1629 -10.7439 0 0 0 0.935696 -0.352807
1169.500000000 -15.2196 -10.7929 0 0 0 0.936233 -0.351381
1169.600000000 -15.2765 -10.8418 0 0 0 0.936767 -0.349954
1169.700000000 -15.3335 -10.8905 0 0 0 0.937299 -0.348527
1169.800000000 -15.3907 -10.9391 0 0 0 0.937829 -0.347098
1169.900000000 -15.448 -10.9874 0 0 0 0.938356 -0.345669
1170.000000000 -15.5055 -11.0356 0 0 0 0.938882 -0.344239
1170.100000000 -15.5631 -11.0836 0 0 0 0.939405 -0.342809
1170.200000000 -15.6209 -11.1315 0 0 0 0.939926 -0.341377
1170.300000000 -15.6788 -11.1791 0 0 0 0.940445 -0.339945
1170.400000000 -15.7368 -11.2266 0 0 0 0.940962 -0.338512
1170.500000000 -15.795 -11.2739 0 0 0 0.941477 -0.337078
1170.600000000 -15.8521 -11.3227 0 0 0 0.940241 -0.34051
1170.700000000 -15.9086 -11.372 0 0 0 0.938762 -0.344567
1170.800000000 -15.9646 -11.4218 0 0 0 0.937265 -0.348618
1170.900000000 -16.0203 -11.4721 0 0 0 0.935751 -0.352662
1171.000000000 -16.0755 -11.5229 0 0 0 0.934219 -0.356699
1171.100000000 -16.1302 -11.5742 0 0 0 0.93267 -0.36073
1171.200000000 -16.1845 -11.6259 0 0 0 0.931104 -0.364754
1171.300000000 -16.2384 -11.6782 0 0 0 0.92952 -0.368771
1171.400000000 -16.2918 -11.7308 0 0 0 0.927919 -0.372782
1171.500000000 -16.3448 -11.784 0 0 0 0.926301 -0.376785
1171.600000000 -16.398 -11.8367 0 0 0 0.925726 -0.378196
1171.700000000 -16.4512 -11.8897 0 0 0 0.925148 -0.379606
1171.800000000 -16.5041 -11.9428 0 0 0 0.924569 -0.381015
1171.900000000 -16.5569 -11.9961 0 0 0 0.923988 -0.382423
1172.000000000 -16.6095 -12.0495 0 0 0 0.923404 -0.38383
1172.100000000 -16.662 -12.1031 0 0 0 0.922818 -0.385236
1172.200000000 -16.7143 -12.1569 0 0 0 0.92223 -0.386642
1172.300000000 -16.7665 -12.2108 0 0 0 0.92164 -0.388046
1172.400000000 -16.8184 -12.2648 0 0 0 0.921048 -0.38945
1172.500000000 -16.8703 -12.3191 0 0 0 0.920453 -0.390852
1172.600000000 -16.9205 -12.3748 0 0 0 0.918001 -0.396579
1172.700000000 -16.9699 -12.4312 0 0 0 0.915268 -0.402845
1172.800000000 -17.0186 -12.4884 0 0 0 0.912493 -0.409093
1172.900000000 -17.0664 -12.5462 0 0 0 0.909675 -0.415322
1173.000000000 -17.1135 -12.6046 0 0 0 0.906814 -0.421531
1173.100000000 -17.1597 -12.6637 0 0 0 0.903911 -0.42772
1173.200000000 -17.2051 -12.7234 0 0 0 0.900966 -0.43389
1173.300000000 -17.2497 -12.7837 0 0 0 0.897979 -0.440039
1173.400000000 -17.2935 -12.8447 0 0 0 0.894949 -0.446168
1173.500000000 -17.3365 -12.9062 0 0 0 0.891878 -0.452275
1173.600000000 -17.3775 -12.9691 0 0 0 0.887212 -0.461362
1173.700000000 -17.4172 -13.0328 0 0 0 0.882453 -0.470401
1173.800000000 -17.4556 -13.0973 0 0 0 0.877602 -0.47939
1173.900000000 -17.4926 -13.1626 0 0 0 0.872659 -0.48833
1174.000000000 -17.5284 -13.2286 0 0 0 0.867625 -0.497219
1174.100000000 -17.5627 -13.2953 0 0 0 -0.862501 0.506055
1174.200000000 -17.5957 -13.3628 0 0 0 -0.857287 0.514839
1174.300000000 -17.6273 -13.4309 0 0 0 -0.851983 0.523569
1174.400000000 -17.6576 -13.4996 0 0 0 -0.84659 0.532245
1174.500000000 -17.6856 -13.5692 0 0 0 -0.840001 0.542586
1174.600000000 -17.7116 -13.6392 0 0 0 -0.833013 0.553253
1174.700000000 -17.7357 -13.7098 0 0 0 -0.82589 0.563831
1174.800000000 -17.7581 -13.7809 0 0 0 -0.818633 0.574317
1174.900000000 -17.7786 -13.8527 0 0 0 -0.811242 0.58471
1175.000000000 -17.7973 -13.9249 0 0 0 -0.80372 0.595008
1175.100000000 -17.8142 -13.9976 0 0 0 -0.796067 0.605209
1175.200000000 -17.8292 -14.0706 0 0 0 -0.788284 0.615311
1175.300000000 -17.8423 -14.1441 0 0 0 -0.780374 0.625313
1175.400000000 -17.8535 -14.2178 0 0 0 -0.772336 0.635214
1175.500000000 -17.8629 -14.2919 0 0 0 -0.764173 0.645012
1175.600000000 -17.8704 -14.3661 0 0 0 -0.755885 0.654704
1175.700000000 -17.8759 -14.4405 0 0 0 -0.747475 0.66429
1175.800000000 -17.8796 -14.515 0 0 0 -0.738943 0.673768
1175.900000000 -17.8814 -14.5896 0 0 0 -0.730291 0.683136
1176.000000000 -17.8813 -14.6642 0 0 0 -0.72152 0.692394
1176.100000000 -17.8792 -14.7388 0 0 0 -0.712632 0.701539
1176.200000000 -17.8753 -14.8133 0 0 0 -0.703627 0.710569
1176.300000000 -17.8695 -14.8876 0 0 0 -0.694509 0.719484
1176.400000000 -17.8589 -14.9442 0 0 0 -0.678923 0.734209
1176.500000000 -17.844 -14.9841 0 0 0 -0.657075 0.753825
1176.600000000 -17.8268 -15.0231 0 0 0 -0.63466 0.772791
1176.700000000 -17.8073 -15.0609 0 0 0 -0.611698 0.791091
1176.800000000 -17.7856 -15.0976 0 0 0 -0.588209 0.808709
1176.900000000 -17.762 -15.1321 0 0 0 -0.563877 0.825859
1177.000000000 -17.7361 -15.1659 0 0 0 -0.539388 0.842057
1177.100000000 -17.7084 -15.1982 0 0 0 -0.514433 0.85753
1177.200000000 -17.6787 -15.2288 0 0 0 -0.489035 0.872264
1177.300000000 -17.6471 -15.2583 0 0 0 -0.463573 0.886058
1177.400000000 -17.6141 -15.2853 0 0 0 -0.43736 0.899287
1177.500000000 -17.5722 -15.3248 0 0 0 -0.417978 0.908457
1177.600000000 -17.5199 -15.378 0 0 0 -0.406359 0.913713
1177.700000000 -17.4673 -15.4315 0 0 0 -0.399028 0.916939
1177.800000000 -17.414 -15.4843 0 0 0 -0.392204 0.919878
1177.900000000 -17.36 -15.5364 0 0 0 -0.385359 0.922767
1178.000000000 -17.3052 -15.5876 0 0 0 -0.378492 0.925604
1178.100000000 -17.2496 -15.638 0 0 0 -0.371605 0.928391
1178.200000000 -17.1933 -15.6876 0 0 0 -0.364697 0.931126
1178.300000000 -17.1362 -15.7364 0 0 0 -0.357769 0.93381
1178.400000000 -17.0784 -15.7842 0 0 0 -0.350821 0.936442
1178.500000000 -17.02 -15.8313 0 0 0 -0.343854 0.939023
1178.600000000 -16.9627 -15.8797 0 0 0 -0.343854 0.939023
1178.700000000 -16.9056 -15.9284 0 0 0 -0.34458 0.938757
1178.800000000 -16.8486 -15.9771 0 0 0 -0.345306 0.93849
1178.900000000 -16.7917 -16.026 0 0 0 -0.346032 0.938223
1179.000000000 -16.7349 -16.0749 0 0 0 -0.346757 0.937955
1179.100000000 -16.6781 -16.1239 0 0 0 -0.347483 0.937686
1179.200000000 -16.6214 -16.173 0 0 0 -0.348208 0.937417
1179.300000000 -16.5648 -16.2222 0 0 0 -0.348932 0.937148
1179.400000000 -16.5083 -16.2715 0 0 0 -0.349657 0.936878
1179.500000000 -16.4518 -16.3209 0 0 0 -0.350381 0.936607
1179.600000000 -16.3955 -16.3704 0 0 0 -0.351106 0.936336
1179.700000000 -16.3392 -16.4199 0 0 0 -0.35183 0.936064
1179.800000000 -16.2829 -16.4695 0 0 0 -0.352553 0.935792
1179.900000000 -16.2268 -16.5192 0 0 0 -0.353277 0.935519
1180.000000000 -16.1707 -16.5691 0 0 0 -0.354 0.935245
1180.100000000 -16.1147 -16.6189 0 0 0 -0.354723 0.934971
1180.200000000 -16.0588 -16.6689 0 0 0 -0.355446 0.934697
1180.300000000 -16.0042 -16.7204 0 0 0 -0.360683 0.932689
1180.400000000 -15.9501 -16.7724 0 0 0 -0.365315 0.930884
1180.500000000 -15.8966 -16.825 0 0 0 -0.370529 0.928821
1180.600000000 -15.8438 -16.8782 0 0 0 -0.375732 0.926728
1180.700000000 -15.7915 -16.9321 0 0 0 -0.380923 0.924607
1180.800000000 -15.7361 -16.9826 0 0 0 -0.373505 0.927628
1180.900000000 -15.6847 -17.0221 0 0 0 -0.356994 0.934107
1181.000000000 -15.642 -17.0466 0 0 0 -0.332792 0.943
1181.100000000 -15.6089 -17.0558 0 0 0 -0.300543 0.953768
1181.200000000 -15.5835 -17.0541 0 0 0 -0.262369 0.964968
1181.300000000 -15.5592 -17.0497 0 0 0 -0.223259 0.974759
1181.400000000 -15.5354 -17.0433 0 0 0 -0.183786 0.982966
1181.500000000 -15.5121 -17.0351 0 0 0 -0.144014 0.989576
1181.600000000 -15.4896 -17.025 0 0 0 -0.104008 0.994576
1181.700000000 -15.468 -17.0131 0 0 0 -0.0638333 0.997961
1181.800000000 -15.4473 -16.9995 0 0 0 -0.0235545 0.999723
1181.900000000 -15.4279 -16.9843 0 0 0 0.0167626 0.999859
1182.000000000 -15.4097 -16.9675 0 0 0 0.0570524 0.998371
1182.100000000 -15.393 -16.9494 0 0 0 0.0972494 0.99526
1182.200000000 -15.3777 -16.93 0 0 0 0.137288 0.990531
1182.300000000 -15.3641 -16.9094 0 0 0 0.177104 0.984192
1182.400000000 -15.3522 -16.8877 0 0 0 0.216632 0.976253
1182.500000000 -15.3421 -16.8652 0 0 0 0.255808 0.966728
1182.600000000 -15.3338 -16.842 0 0 0 0.294568 0.955631
1182.700000000 -15.3274 -16.8181 0 0 0 0.332849 0.94298
1182.800000000 -15.3393 -16.8025 0 0 0 0.378847 0.925459
1182.900000000 -15.354 -16.7889 0 0 0 0.424627 0.905368
1183.000000000 -15.37 -16.7769 0 0 0 0.469346 0.883014
1183.100000000 -15.3871 -16.7666 0 0 0 0.512892 0.858453
1183.200000000 -15.4051 -16.758 0 0 0 0.555156 0.831746
1183.300000000 -15.424 -16.7513 0 0 0 0.596032 0.802961
1183.400000000 -15.4434 -16.7464 0 0 0 0.635418 0.772168
1183.500000000 -15.4632 -16.7436 0 0 0 0.673217 0.739445
1183.600000000 -15.481 -16.7354 0 0 0 0.706756 0.707457
1183.700000000 -15.4995 -16.729 0 0 0 0.738777 0.67395
1183.800000000 -15.5185 -16.7243 0 0 0 0.769211 0.638994
1183.900000000 -15.5379 -16.7213 0 0 0 0.797993 0.602666
1184.000000000 -15.5575 -16.7202 0 0 0 0.825061 0.565044
1184.100000000 -15.5771 -16.7209 0 0 0 0.850356 0.526207
1184.200000000 -15.5965 -16.7234 0 0 0 0.873825 0.48624
1184.300000000 -15.6156 -16.7277 0 0 0 0.895417 0.445229
1184.400000000 -15.6343 -16.7337 0 0 0 0.915085 0.403261
1184.500000000 -15.6641 -16.722 0 0 0 0.928767 0.370663
1184.600000000 -15.7047 -16.6983 0 0 0 0.938424 0.345485
1184.700000000 -15.7511 -16.6711 0 0 0 0.94626 0.323407
1184.800000000 -15.7992 -16.6455 0 0 0 0.953457 0.301529
1184.900000000 -15.8485 -16.6222 0 0 0 0.960149 0.27949
1185.000000000 -15.8988 -16.6011 0 0 0 0.966331 0.257303
1185.100000000 -15.9499 -16.5824 0 0 0 0.972 0.23498
1185.200000000 -16.0019 -16.5661 0 0 0 0.977154 0.212532
1185.300000000 -16.0546 -16.5521 0 0 0 0.98179 0.189972
1185.400000000 -16.1079 -16.5406 0 0 0 0.985904 0.16731
1185.500000000 -16.1617 -16.5316 0 0 0 0.989496 0.14456
1185.600000000 -16.231 -16.517 0 0 0 0.991507 0.130054
1185.700000000 -16.3046 -16.502 0 0 0 0.992908 0.118886
1185.800000000 -16.3784 -16.4885 0 0 0 0.994128 0.108215
1185.900000000 -16.4526 -16.4766 0 0 0 0.995232 0.0975317
1186.000000000 -16.5269 -16.4662 0 0 0 0.996223 0.0868373
1186.100000000 -16.6015 -16.4575 0 0 0 0.997098 0.0761328
1186.200000000 -16.6762 -16.4504 0 0 0 0.997858 0.0654195
1186.300000000 -16.7511 -16.4448 0 0 0 0.998503 0.0546987
1186.400000000 -16.8261 -16.4409 0 0 0 0.999033 0.0439716
1186.500000000 -16.901 -16.4375 0 0 0 0.999353 0.035968
1186.600000000 -16.9761 -16.4353 0 0 0 0.999609 0.0279621
1186.700000000 -17.0511 -16.4343 0 0 0 0.999801 0.0199544
1186.800000000 -17.1261 -16.4345 0 0 0 0.999929 0.0119454
1186.900000000 -17.2012 -16.436 0 0 0 0.999992 0.00393566
1187.000000000 -17.2762 -16.4386 0 0 0 0.999992 -0.00407433
1187.100000000 -17.3511 -16.4424 0 0 0 0.999927 -0.0120841
1187.200000000 -17.426 -16.4474 0 0 0 0.999798 -0.020093
1187.300000000 -17.5008 -16.4536 0 0 0 0.999605 -0.0281007
1187.400000000 -17.5754 -16.461 0 0 0 0.999348 -0.0361066
1187.500000000 -17.65 -16.4696 0 0 0 0.999027 -0.0441101
1187.600000000 -17.7244 -16.4794 0 0 0 0.998641 -0.0521108
1187.700000000 -17.7986 -16.4904 0 0 0 0.998192 -0.0601082
1187.800000000 -17.8727 -16.5026 0 0 0 0.997678 -0.0681017
1187.900000000 -17.9465 -16.516 0 0 0 0.997101 -0.0760909
1188.000000000 -18.0201 -16.5305 0 0 0 0.996459 -0.0840752
1188.100000000 -18.0935 -16.5462 0 0 0 0.995754 -0.092054
1188.200000000 -18.1666 -16.5631 0 0 0 0.994985 -0.100027
1188.300000000 -18.2395 -16.5812 0 0 0 0.994152 -0.107994
1188.400000000 -18.312 -16.6004 0 0 0 0.993255 -0.115953
1188.500000000 -18.385 -16.6177 0 0 0 0.993255 -0.115953
1188.600000000 -18.4587 -16.6316 0 0 0 0.994213 -0.107429
1188.700000000 -18.5327 -16.6441 0 0 0 0.995153 -0.0983428
1188.800000000 -18.607 -16.6551 0 0 0 0.996009 -0.0892486
1188.900000000 -18.6814 -16.6649 0 0 0 0.996783 -0.0801469
1189.000000000 -18.756 -16.6732 0 0 0 0.997474 -0.0710386
1189.100000000 -18.8307 -16.6803 0 0 0 0.998081 -0.0619243
1189.200000000 -18.9056 -16.6859 0 0 0 0.998605 -0.0528048
1189.300000000 -18.9805 -16.6902 0 0 0 0.999046 -0.043681
1189.400000000 -19.0555 -16.6931 0 0 0 0.999403 -0.0345535
1189.500000000 -19.1305 -16.6946 0 0 0 0.999677 -0.0254231
1189.600000000 -19.2056 -16.6957 0 0 0 0.999827 -0.0185884
1189.700000000 -19.2805 -16.6976 0 0 0 0.999867 -0.0163369
1189.800000000 -19.3555 -16.6991 0 0 0 0.999901 -0.0140855
1189.900000000 -19.4305 -16.7003 0 0 0 0.99993 -0.0118339
1190.000000000 -19.5055 -16.7015 0 0 0 0.999947 -0.0103106
1190.100000000 -19.5805 -16.7024 0 0 0 0.999961 -0.00878719
1190.200000000 -19.6555 -16.7031 0 0 0 0.999974 -0.0072638
1190.300000000 -19.7305 -16.7036 0 0 0 0.999984 -0.00574039
1190.400000000 -19.8055 -16.7039 0 0 0 0.999991 -0.00421697
1190.500000000 -19.8805 -16.7039 0 0 0 0.999996 -0.00269355
1190.600000000 -19.9555 -16.7037 0 0 0 0.999999 -0.00117011
1190.700000000 -20.0305 -16.7036 0 0 0 1 -0.000396797
1190.800000000 -20.1055 -16.703 0 0 0 0.999999 0.00112664
1190.900000000 -20.1805 -16.7025 0 0 0 0.999998 0.00189995
1191.000000000 -20.2555 -16.7019 0 0 0 0.999996 0.00267327
1191.100000000 -20.3305 -16.7012 0 0 0 0.999994 0.00344658
1191.200000000 -20.4055 -16.7004 0 0 0 0.999991 0.00421989
1191.300000000 -20.4805 -16.6995 0 0 0 0.999988 0.00499225
1191.400000000 -20.5555 -16.6984 0 0 0 0.999983 0.00576555
1191.500000000 -20.6305 -16.6972 0 0 0 0.999979 0.00653791
1191.600000000 -20.7055 -16.6959 0 0 0 0.999973 0.00731121
1191.700000000 -20.7805 -16.6945 0 0 0 0.999967 0.0080845
1191.800000000 -20.8554 -16.693 0 0 0 0.999961 0.00885778
1191.900000000 -20.9304 -16.6914 0 0 0 0.999954 0.00963107
1192.000000000 -21.0054 -16.6896 0 0 0 0.999946 0.0104043
1192.100000000 -21.0804 -16.6881 0 0 0 0.999946 0.0104043
1192.200000000 -21.1554 -16.6865 0 0 0 0.999946 0.0104043
1192.300000000 -21.2303 -16.6849 0 0 0 0.999946 0.0104043
1192.400000000 -21.3053 -16.6834 0 0 0 0.999946 0.0104043
1192.500000000 -21.3803 -16.6818 0 0 0 0.999946 0.0104043
1192.600000000 -21.4553 -16.6803 0 0 0 0.999946 0.0104043
1192.700000000 -21.5303 -16.6787 0 0 0 0.999946 0.0104043
1192.800000000 -21.6053 -16.6771 0 0 0 0.999946 0.0104043
1192.900000000 -21.6803 -16.6756 0 0 0 0.999946 0.0104043
1193.000000000 -21.7552 -16.674 0 0 0 0.999946 0.0104043
1193.100000000 -21.8302 -16.6725 0 0 0 0.999946 0.0104043
1193.200000000 -21.9052 -16.6709 0 0 0 0.999946 0.0104043
1193.300000000 -21.9802 -16.6693 0 0 0 0.999946 0.0104043
1193.400000000 -22.0552 -16.6727 0 0 0 0.999998 -0.00185733
1193.500000000 -22.1129 -16.6813 0 0 0 0.999738 -0.0228957
1193.600000000 -22.1541 -16.6948 0 0 0 0.998656 -0.0518341
1193.700000000 -22.1764 -16.7123 0 0 0 0.995989 -0.0894756
1193.800000000 -22.175 -16.7317 0 0 0 0.990483 -0.137634
1193.900000000 -22.1686 -16.7506 0 0 0 0.982367 -0.186965
1194.000000000 -22.1603 -16.7688 0 0 0 0.971794 -0.235829
1194.100000000 -22.1503 -16.7861 0 0 0 0.958793 -0.284104
1194.200000000 -22.1386 -16.8023 0 0 0 0.943396 -0.331669
1194.300000000 -22.1253 -16.8173 0 0 0 0.92564 -0.378405
1194.400000000 -22.1106 -16.8308 0 0 0 0.905571 -0.424194
1194.500000000 -22.0946 -16.8428 0 0 0 0.883239 -0.468924
1194.600000000 -22.0839 -16.8595 0 0 0 -0.860903 0.508769
1194.700000000 -22.0725 -16.8762 0 0 0 -0.837129 0.547005
1194.800000000 -22.0597 -16.8918 0 0 0 -0.811658 0.584133
1194.900000000 -22.0455 -16.9061 0 0 0 -0.784541 0.620076
1195.000000000 -22.0302 -16.9192 0 0 0 -0.755834 0.654763
1195.100000000 -22.0137 -16.9308 0 0 0 -0.725595 0.688122
1195.200000000 -21.9962 -16.9409 0 0 0 -0.693885 0.720086
1195.300000000 -21.9779 -16.9493 0 0 0 -0.660768 0.75059
1195.400000000 -21.9589 -16.9561 0 0 0 -0.626311 0.779573
1195.500000000 -21.9388 -16.983 0 0 0 -0.599091 0.800681
1195.600000000 -21.9154 -17.0255 0 0 0 -0.577927 0.816088
1195.700000000 -21.8878 -17.0805 0 0 0 -0.561978 0.827152
1195.800000000 -21.8578 -17.1361 0 0 0 -0.546512 0.837451
1195.900000000 -21.8258 -17.1905 0 0 0 -0.530858 0.847461
1196.000000000 -21.7917 -17.2436 0 0 0 -0.51502 0.857178
1196.100000000 -21.7557 -17.2955 0 0 0 -0.499005 0.866599
1196.200000000 -21.7178 -17.346 0 0 0 -0.482818 0.875721
1196.300000000 -21.6781 -17.3951 0 0 0 -0.466463 0.884541
1196.400000000 -21.6365 -17.4426 0 0 0 -0.449948 0.893055
1196.500000000 -21.5932 -17.4886 0 0 0 -0.433277 0.901261
1196.600000000 -21.5436 -17.5448 0 0 0 -0.425027 0.905181
1196.700000000 -21.4964 -17.6031 0 0 0 -0.427064 0.904221
1196.800000000 -21.4499 -17.662 0 0 0 -0.43036 0.902657
1196.900000000 -21.4038 -17.7212 0 0 0 -0.43365 0.901082
1197.000000000 -21.3581 -17.7807 0 0 0 -0.436934 0.899494
1197.100000000 -21.3129 -17.8405 0 0 0 -0.440212 0.897894
1197.200000000 -21.2681 -17.9007 0 0 0 -0.443485 0.896282
1197.300000000 -21.2238 -17.9612 0 0 0 -0.446752 0.894658
1197.400000000 -21.1799 -18.022 0 0 0 -0.450012 0.893022
1197.500000000 -21.1365 -18.0832 0 0 0 -0.453267 0.891375
1197.600000000 -21.0959 -18.1464 0 0 0 -0.463272 0.886216
1197.700000000 -21.057 -18.2106 0 0 0 -0.473664 0.880706
1197.800000000 -21.0196 -18.2757 0 0 0 -0.483991 0.875073
1197.900000000 -20.9838 -18.3417 0 0 0 -0.494251 0.869319
1198.000000000 -20.9495 -18.4085 0 0 0 -0.504442 0.863445
1198.100000000 -20.9168 -18.4761 0 0 0 -0.514564 0.857452
1198.200000000 -20.8857 -18.5445 0 0 0 -0.524615 0.85134
1198.300000000 -20.8562 -18.6135 0 0 0 -0.534593 0.84511
1198.400000000 -20.8284 -18.6833 0 0 0 -0.544497 0.838763
1198.500000000 -20.8021 -18.7536 0 0 0 -0.554325 0.8323
1198.600000000 -20.7776 -18.8246 0 0 0 -0.564077 0.825722
1198.700000000 -20.7547 -18.8961 0 0 0 -0.573751 0.81903
1198.800000000 -20.7335 -18.9682 0 0 0 -0.583345 0.812224
1198.900000000 -20.7141 -19.0407 0 0 0 -0.592859 0.805306
1199.000000000 -20.6963 -19.1137 0 0 0 -0.602291 0.798277
1199.100000000 -20.6802 -19.187 0 0 0 -0.611639 0.791137
1199.200000000 -20.6659 -19.2607 0 0 0 -0.620903 0.783887
1199.300000000 -20.6534 -19.3348 0 0 0 -0.630081 0.77653
1199.400000000 -20.6425 -19.4091 0 0 0 -0.639172 0.769064
1199.500000000 -20.6354 -19.4796 0 0 0 -0.650365 0.759622
1199.600000000 -20.6289 -19.5539 0 0 0 -0.659999 0.751266
1199.700000000 -20.6244 -19.6284 0 0 0 -0.669526 0.742789
1199.800000000 -20.6218 -19.7029 0 0 0 -0.678944 0.73419
1199.900000000 -20.621 -19.7775 0 0 0 -0.688251 0.725472
1200.000000000 -20.6222 -19.8521 0 0 0 -0.697447 0.716637
1200.100000000 -20.6253 -19.9267 0 0 0 -0.706529 0.707684
1200.200000000 -20.6303 -20.0011 0 0 0 -0.715496 0.698617
1200.300000000 -20.6372 -20.0754 0 0 0 -0.724347 0.689436
1200.400000000 -20.6459 -20.1495 0 0 0 -0.73308 0.680143
1200.500000000 -20.6566 -20.2233 0 0 0 -0.741693 0.670739
1200.600000000 -20.6658 -20.2978 0 0 0 -0.744583 0.66753
1200.700000000 -20.6752 -20.3722 0 0 0 -0.746555 0.665324
1200.800000000 -20.6849 -20.4465 0 0 0 -0.748521 0.663111
1200.900000000 -20.6951 -20.5208 0 0 0 -0.75048 0.660893
1201.000000000 -20.7058 -20.5951 0 0 0 -0.752433 0.658669
1201.100000000 -20.7169 -20.6693 0 0 0 -0.754379 0.656439
1201.200000000 -20.7284 -20.7434 0 0 0 -0.756318 0.654204
1201.300000000 -20.7404 -20.8174 0 0 0 -0.758251 0.651963
1201.400000000 -20.7513 -20.8916 0 0 0 -0.757747 0.652549
1201.500000000 -20.7622 -20.9658 0 0 0 -0.757242 0.653135
1201.600000000 -20.7729 -21.0401 0 0 0 -0.756737 0.65372
1201.700000000 -20.7832 -21.1144 0 0 0 -0.75574 0.654872
1201.800000000 -20.7932 -21.1887 0 0 0 -0.754741 0.656023
1201.900000000 -20.8031 -21.263 0 0 0 -0.753741 0.657172
1202.000000000 -20.8127 -21.3374 0 0 0 -0.752739 0.658319
1202.100000000 -20.8221 -21.4118 0 0 0 -0.751735 0.659465
1202.200000000 -20.8312 -21.4863 0 0 0 -0.75073 0.66061
1202.300000000 -20.8402 -21.5607 0 0 0 -0.749722 0.661753
1202.400000000 -20.8489 -21.6352 0 0 0 -0.748713 0.662894
1202.500000000 -20.8574 -21.7098 0 0 0 -0.747703 0.664034
1202.600000000 -20.8653 -21.7843 0 0 0 -0.746205 0.665716
1202.700000000 -20.873 -21.859 0 0 0 -0.744705 0.667394
1202.800000000 -20.8802 -21.9336 0 0 0 -0.7432 0.669069
1202.900000000 -20.8872 -22.0083 0 0 0 -0.741691 0.670741
1203.000000000 -20.8938 -22.083 0 0 0 -0.740179 0.67241
1203.100000000 -20.9001 -22.1577 0 0 0 -0.738663 0.674075
1203.200000000 -20.9061 -22.2325 0 0 0 -0.737143 0.675736
1203.300000000 -20.9117 -22.3073 0 0 0 -0.73562 0.677394
1203.400000000 -20.9169 -22.3821 0 0 0 -0.734093 0.679049
1203.500000000 -20.9219 -22.457 0 0 0 -0.732562 0.6807
1203.600000000 -20.9259 -22.5319 0 0 0 -0.730074 0.683368
1203.700000000 -20.9294 -22.6068 0 0 0 -0.727576 0.686027
1203.800000000 -20.9324 -22.6817 0 0 0 -0.725069 0.688677
1203.900000000 -20.9348 -22.7567 0 0 0 -0.722552 0.691317
1204.000000000 -20.9366 -22.8317 0 0 0 -0.720025 0.693948
1204.100000000 -20.9379 -22.9067 0 0 0 -0.717489 0.69657
1204.200000000 -20.9387 -22.9817 0 0 0 -0.714943 0.699183
1204.300000000 -20.9389 -23.0567 0 0 0 -0.712387 0.701786
1204.400000000 -20.9386 -23.1317 0 0 0 -0.709822 0.704381
1204.500000000 -20.9377 -23.2067 0 0 0 -0.707248 0.706965
1204.600000000 -20.9362 -23.2817 0 0 0 -0.704665 0.709541
1204.700000000 -20.9343 -23.3567 0 0 0 -0.702071 0.712107
1204.800000000 -20.9317 -23.4317 0 0 0 -0.699469 0.714663
1204.900000000 -20.9287 -23.5066 0 0 0 -0.696857 0.71721
1205.000000000 -20.9251 -23.5815 0 0 0 -0.694236 0.719747
1205.100000000 -20.9209 -23.6564 0 0 0 -0.691606 0.722275
1205.200000000 -20.9162 -23.7313 0 0 0 -0.688967 0.724793
1205.300000000 -20.9109 -23.8061 0 0 0 -0.686318 0.727302
1205.400000000 -20.9066 -23.881 0 0 0 -0.686318 0.727302
1205.500000000 -20.9022 -23.9559 0 0 0 -0.686318 0.727302
1205.600000000 -20.9001 -24.0308 0 0 0 -0.690386 0.723441
1205.700000000 -20.8989 -24.1059 0 0 0 -0.694432 0.719558
1205.800000000 -20.8984 -24.1809 0 0 0 -0.698456 0.715653
1205.900000000 -20.8989 -24.2559 0 0 0 -0.702459 0.711724
1206.000000000 -20.9001 -24.3309 0 0 0 -0.706439 0.707774
1206.100000000 -20.9022 -24.4059 0 0 0 -0.710397 0.703801
1206.200000000 -20.9052 -24.4809 0 0 0 -0.714333 0.699806
1206.300000000 -20.909 -24.5558 0 0 0 -0.718246 0.695789
1206.400000000 -20.9136 -24.6307 0 0 0 -0.722137 0.69175
1206.500000000 -20.9162 -24.7056 0 0 0 -0.721082 0.69285
1206.600000000 -20.9183 -24.7806 0 0 0 -0.71952 0.694471
1206.700000000 -20.92 -24.8556 0 0 0 -0.717955 0.69609
1206.800000000 -20.9215 -24.9306 0 0 0 -0.716385 0.697705
1206.900000000 -20.9225 -25.0056 0 0 0 -0.714813 0.699316
1207.000000000 -20.9233 -25.0806 0 0 0 -0.713236 0.700924
1207.100000000 -20.9237 -25.1556 0 0 0 -0.711656 0.702528
1207.200000000 -20.9238 -25.2306 0 0 0 -0.710072 0.704129
1207.300000000 -20.9235 -25.3056 0 0 0 -0.708485 0.705726
1207.400000000 -20.9229 -25.3806 0 0 0 -0.706894 0.70732
1207.500000000 -20.924 -25.4556 0 0 0 -0.708984 0.705224
1207.600000000 -20.9256 -25.5306 0 0 0 -0.711068 0.703123
1207.700000000 -20.9276 -25.6055 0 0 0 -0.713146 0.701016
1207.800000000 -20.9301 -25.6805 0 0 0 -0.715218 0.698902
1207.900000000 -20.933 -25.7554 0 0 0 -0.717283 0.696782
1208.000000000 -20.9364 -25.8304 0 0 0 -0.719342 0.694656
1208.100000000 -20.9402 -25.9053 0 0 0 -0.721395 0.692524
1208.200000000 -20.9444 -25.9802 0 0 0 -0.723441 0.690386
1208.300000000 -20.9491 -26.055 0 0 0 -0.725481 0.688242
1208.400000000 -20.9542 -26.1299 0 0 0 -0.727515 0.686092
1208.500000000 -20.9598 -26.2047 0 0 0 -0.729542 0.683936
1208.600000000 -20.9637 -26.2796 0 0 0 -0.728 0.685577
1208.700000000 -20.9673 -26.3545 0 0 0 -0.726455 0.687215
1208.800000000 -20.9706 -26.4294 0 0 0 -0.724905 0.688849
1208.900000000 -20.9735 -26.5044 0 0 0 -0.723352 0.690479
1209.000000000 -20.9761 -26.5793 0 0 0 -0.721796 0.692106
1209.100000000 -20.9784 -26.6543 0 0 0 -0.720235 0.69373
1209.200000000 -20.9803 -26.7293 0 0 0 -0.718672 0.69535
1209.300000000 -20.9818 -26.8043 0 0 0 -0.717104 0.696966
1209.400000000 -20.9831 -26.8792 0 0 0 -0.715533 0.698579
1209.500000000 -20.984 -26.9542 0 0 0 -0.713958 0.700189
1209.600000000 -20.9848 -27.0292 0 0 0 -0.71289 0.701276
1209.700000000 -20.9854 -27.1042 0 0 0 -0.711821 0.702361
1209.800000000 -20.9858 -27.1792 0 0 0 -0.71075 0.703444
1209.900000000 -20.986 -27.2542 0 0 0 -0.709678 0.704526
1210.000000000 -20.9859 -27.3292 0 0 0 -0.708604 0.705607
1210.100000000 -20.9857 -27.4042 0 0 0 -0.707528 0.706685
1210.200000000 -20.9851 -27.4792 0 0 0 -0.706451 0.707762
1210.300000000 -20.9844 -27.5542 0 0 0 -0.705372 0.708838
1210.400000000 -20.9834 -27.6292 0 0 0 -0.704291 0.709912
1210.500000000 -20.9822 -27.7042 0 0 0 -0.703209 0.710984
1210.600000000 -20.9808 -27.7792 0 0 0 -0.702125 0.712054
1210.700000000 -20.9791 -27.8542 0 0 0 -0.701039 0.713123
1210.800000000 -20.9772 -27.9292 0 0 0 -0.699952 0.71419
1210.900000000 -20.9751 -28.0041 0 0 0 -0.698863 0.715256
1211.000000000 -20.9727 -28.0791 0 0 0 -0.697772 0.716319
1211.100000000 -20.9702 -28.1541 0 0 0 -0.69668 0.717382
1211.200000000 -20.9674 -28.229 0 0 0 -0.695587 0.718442
1211.300000000 -20.9643 -28.304 0 0 0 -0.694491 0.719501
1211.400000000 -20.9611 -28.3789 0 0 0 -0.693394 0.720558
1211.500000000 -20.953 -28.4521 0 0 0 -0.683797 0.729673
1211.600000000 -20.9406 -28.5075 0 0 0 -0.667698 0.744433
1211.700000000 -20.9255 -28.5583 0 0 0 -0.649777 0.760125
1211.800000000 -20.9079 -28.6075 0 0 0 -0.631182 0.775635
1211.900000000 -20.888 -28.6558 0 0 0 -0.612217 0.790689
1212.000000000 -20.8658 -28.7031 0 0 0 -0.592894 0.805281
1212.100000000 -20.8413 -28.7493 0 0 0 -0.573223 0.8194
1212.200000000 -20.8146 -28.7942 0 0 0 -0.553215 0.833038
1212.300000000 -20.7858 -28.8377 0 0 0 -0.532884 0.846189
1212.400000000 -20.7549 -28.8798 0 0 0 -0.512239 0.858843
1212.500000000 -20.717 -28.9365 0 0 0 -0.498433 0.866928
1212.600000000 -20.6754 -28.9974 0 0 0 -0.486916 0.873449
1212.700000000 -20.6323 -29.0571 0 0 0 -0.475312 0.879817
1212.800000000 -20.5876 -29.1156 0 0 0 -0.463626 0.886031
1212.900000000 -20.5414 -29.1729 0 0 0 -0.451858 0.89209
1213.000000000 -20.4937 -29.229 0 0 0 -0.440011 0.897992
1213.100000000 -20.4445 -29.2838 0 0 0 -0.428087 0.903737
1213.200000000 -20.3938 -29.3373 0 0 0 -0.416089 0.909324
1213.300000000 -20.3418 -29.3894 0 0 0 -0.404017 0.914752
1213.400000000 -20.2884 -29.4402 0 0 0 -0.391874 0.920019
1213.500000000 -20.2337 -29.4895 0 0 0 -0.379663 0.925125
1213.600000000 -20.1793 -29.5411 0 0 0 -0.376286 0.926504
1213.700000000 -20.1249 -29.5928 0 0 0 -0.374198 0.927349
1213.800000000 -20.0703 -29.6442 0 0 0 -0.372109 0.928189
1213.900000000 -20.0154 -29.6953 0 0 0 -0.370018 0.929025
1214.000000000 -19.9604 -29.7462 0 0 0 -0.367925 0.929855
1214.100000000 -19.905 -29.7969 0 0 0 -0.365831 0.930681
1214.200000000 -19.8495 -29.8473 0 0 0 -0.363734 0.931503
1214.300000000 -19.7937 -29.8974 0 0 0 -0.361636 0.93232
1214.400000000 -19.7378 -29.9474 0 0 0 -0.359535 0.933131
1214.500000000 -19.6815 -29.997 0 0 0 -0.357433 0.933939
1214.600000000 -19.6253 -30.0466 0 0 0 -0.35601 0.934482
1214.700000000 -19.5689 -30.0961 0 0 0 -0.354586 0.935023
1214.800000000 -19.5124 -30.1454 0 0 0 -0.353161 0.935563
1214.900000000 -19.4557 -30.1945 0 0 0 -0.351735 0.936099
1215.000000000 -19.3988 -30.2434 0 0 0 -0.350309 0.936634
1215.100000000 -19.3418 -30.2921 0 0 0 -0.348882 0.937167
1215.200000000 -19.2847 -30.3407 0 0 0 -0.347454 0.937697
1215.300000000 -19.2274 -30.3891 0 0 0 -0.346025 0.938225
1215.400000000 -19.17 -30.4374 0 0 0 -0.344595 0.938752
1215.500000000 -19.1124 -30.4854 0 0 0 -0.343164 0.939275
1215.600000000 -19.0527 -30.531 0 0 0 -0.33457 0.942371
1215.700000000 -18.9921 -30.5752 0 0 0 -0.325433 0.945565
1215.800000000 -18.9306 -30.6183 0 0 0 -0.316264 0.948671
1215.900000000 -18.8683 -30.6602 0 0 0 -0.307067 0.951688
1216.000000000 -18.8053 -30.7009 0 0 0 -0.29784 0.954616
1216.100000000 -18.7414 -30.7403 0 0 0 -0.288586 0.957454
1216.200000000 -18.6768 -30.7785 0 0 0 -0.279304 0.960203
1216.300000000 -18.6114 -30.8154 0 0 0 -0.269996 0.962861
1216.400000000 -18.5454 -30.8511 0 0 0 -0.260663 0.96543
1216.500000000 -18.4787 -30.8855 0 0 0 -0.251306 0.967908
1216.600000000 -18.4113 -30.9186 0 0 0 -0.241925 0.970295
1216.700000000 -18.3433 -30.9504 0 0 0 -0.232522 0.972591
1216.800000000 -18.2747 -30.9808 0 0 0 -0.223096 0.974796
1216.900000000 -18.2055 -31.0099 0 0 0 -0.21365 0.97691
1217.000000000 -18.1357 -31.0377 0 0 0 -0.204183 0.978933
1217.100000000 -18.0655 -31.0641 0 0 0 -0.194698 0.980863
1217.200000000 -17.9947 -31.0892 0 0 0 -0.185194 0.982702
1217.300000000 -17.9235 -31.1128 0 0 0 -0.175673 0.984449
1217.400000000 -17.8518 -31.1351 0 0 0 -0.166136 0.986103
1217.500000000 -17.7797 -31.156 0 0 0 -0.156583 0.987665
1217.600000000 -17.7071 -31.1749 0 0 0 -0.145456 0.989365
1217.700000000 -17.634 -31.1924 0 0 0 -0.134821 0.99087
1217.800000000 -17.5607 -31.2083 0 0 0 -0.124172 0.992261
1217.900000000 -17.487 -31.2226 0 0 0 -0.113508 0.993537
1218.000000000 -17.413 -31.2355 0 0 0 -0.103353 0.994645
1218.100000000 -17.3389 -31.2471 0 0 0 -0.0937199 0.995599
1218.200000000 -17.2645 -31.2573 0 0 0 -0.0840783 0.996459
1218.300000000 -17.2022 -31.2602 0 0 0 -0.0651335 0.997877
1218.400000000 -17.1555 -31.2555 0 0 0 -0.0382028 0.99927
1218.500000000 -17.1257 -31.2436 0 0 0 -0.00285679 0.999996
1218.600000000 -17.1047 -31.228 0 0 0 0.0363949 0.999337
1218.700000000 -17.085 -31.2108 0 0 0 0.0755905 0.997139
1218.800000000 -17.0668 -31.1922 0 0 0 0.11467 0.993404
1218.900000000 -17.0479 -31.1721 0 0 0 0.152561 0.988294
1219.000000000 -17.0307 -31.1506 0 0 0 0.19023 0.98174
1219.100000000 -17.0151 -31.1279 0 0 0 0.22762 0.97375
1219.200000000 -17.0013 -31.104 0 0 0 0.264678 0.964337
1219.300000000 -16.9894 -31.0791 0 0 0 0.301348 0.953514
1219.400000000 -16.9794 -31.0535 0 0 0 0.337579 0.941297
1219.500000000 -16.9714 -31.0271 0 0 0 0.373315 0.927705
1219.600000000 -16.9654 -31.0002 0 0 0 0.408506 0.912755
1219.700000000 -16.9615 -30.9729 0 0 0 0.4431 0.896472
1219.800000000 -16.9597 -30.9454 0 0 0 0.477046 0.878878
1219.900000000 -16.9717 -30.9299 0 0 0 0.517257 0.85583
1220.000000000 -16.986 -30.9167 0 0 0 0.556929 0.83056
1220.100000000 -17.0015 -30.9049 0 0 0 0.595368 0.803453
1220.200000000 -17.018 -30.8946 0 0 0 0.63249 0.774568
1220.300000000 -17.0354 -30.8859 0 0 0 0.668213 0.74397
1220.400000000 -17.0536 -30.8789 0 0 0 0.702458 0.711725
1220.500000000 -17.0723 -30.8736 0 0 0 0.735148 0.677906
1220.600000000 -17.0888 -30.847 0 0 0 0.758953 0.651145
1220.700000000 -17.107 -30.8161 0 0 0 0.780101 0.625654
1220.800000000 -17.1271 -30.7874 0 0 0 0.800654 0.599127
1220.900000000 -17.1492 -30.7591 0 0 0 0.820056 0.572283
1221.000000000 -17.1731 -30.7324 0 0 0 0.838559 0.544811
1221.100000000 -17.1985 -30.7083 0 0 0 0.856367 0.516368
1221.200000000 -17.2255 -30.6858 0 0 0 0.87321 0.487344
1221.300000000 -17.2558 -30.6603 0 0 0 0.887897 0.460043
1221.400000000 -17.288 -30.636 0 0 0 0.901551 0.432673
1221.500000000 -17.3258 -30.6056 0 0 0 0.912568 0.408925
1221.600000000 -17.3651 -30.5772 0 0 0 0.922959 0.384898
1221.700000000 -17.3985 -30.5621 0 0 0 0.935046 0.354525
1221.800000000 -17.4349 -30.5464 0 0 0 0.945586 0.325371
1221.900000000 -17.4738 -30.5311 0 0 0 0.954852 0.297082
1222.000000000 -17.525 -30.5065 0 0 0 0.961113 0.276157
1222.100000000 -17.5653 -30.4953 0 0 0 0.968906 0.247428
1222.200000000 -17.6187 -30.476 0 0 0 0.974079 0.226208
1222.300000000 -17.6839 -30.4507 0 0 0 0.977384 0.211472
1222.400000000 -17.7507 -30.4269 0 0 0 0.980376 0.197136
1222.500000000 -17.8189 -30.4044 0 0 0 0.983073 0.183214
1222.600000000 -17.8893 -30.3785 0 0 0 0.983611 0.180304
1222.700000000 -17.9596 -30.3525 0 0 0 0.983885 0.178805
1222.800000000 -18.0299 -30.3264 0 0 0 0.984023 0.178044
1222.900000000 -18.1003 -30.3004 0 0 0 0.98416 0.177283
1223.000000000 -18.1706 -30.2745 0 0 0 0.984297 0.176522
1223.100000000 -18.2411 -30.2488 0 0 0 0.984433 0.175761
1223.200000000 -18.3116 -30.2231 0 0 0 0.984569 0.174999
1223.300000000 -18.3821 -30.1975 0 0 0 0.984704 0.174238
1223.400000000 -18.4526 -30.1721 0 0 0 0.984838 0.173476
1223.500000000 -18.5232 -30.1468 0 0 0 0.984972 0.172715
1223.600000000 -18.5941 -30.1223 0 0 0 0.985479 0.169799
1223.700000000 -18.6653 -30.0986 0 0 0 0.986092 0.166203
1223.800000000 -18.7366 -30.0754 0 0 0 0.986691 0.162604
1223.900000000 -18.8081 -30.0527 0 0 0 0.987278 0.159004
1224.000000000 -18.8798 -30.0306 0 0 0 0.987851 0.155401
1224.100000000 -18.9516 -30.0089 0 0 0 0.988412 0.151797
1224.200000000 -19.0236 -29.9878 0 0 0 0.988959 0.14819
1224.300000000 -19.0957 -29.9672 0 0 0 0.989493 0.144581
1224.400000000 -19.168 -29.9472 0 0 0 0.990014 0.140971
1224.500000000 -19.2404 -29.9277 0 0 0 0.990521 0.137358
1224.600000000 -19.313 -29.9086 0 0 0 0.991016 0.133744
1224.700000000 -19.3857 -29.8902 0 0 0 0.991497 0.130128
1224.800000000 -19.4585 -29.8722 0 0 0 0.991965 0.12651
1224.900000000 -19.5315 -29.8548 0 0 0 0.99242 0.12289
1225.000000000 -19.6045 -29.8379 0 0 0 0.992862 0.119269
1225.100000000 -19.6778 -29.8216 0 0 0 0.99329 0.115647
1225.200000000 -19.7511 -29.8058 0 0 0 0.993706 0.112022
1225.300000000 -19.8245 -29.7905 0 0 0 0.994108 0.108396
1225.400000000 -19.8981 -29.7758 0 0 0 0.994497 0.104769
1225.500000000 -19.9717 -29.7616 0 0 0 0.994872 0.101141
1225.600000000 -20.0455 -29.7479 0 0 0 0.995234 0.0975108
1225.700000000 -20.1199 -29.7382 0 0 0 0.996355 0.0853003
1225.800000000 -20.1932 -29.7309 0 0 0 0.997397 0.0721056
1225.900000000 -20.2667 -29.7256 0 0 0 0.998264 0.0588982
1226.000000000 -20.3402 -29.7222 0 0 0 0.998956 0.0456805
1226.100000000 -20.4139 -29.7208 0 0 0 0.999473 0.0324548
1226.200000000 -20.4875 -29.7213 0 0 0 0.999815 0.0192234
1226.300000000 -20.5611 -29.7238 0 0 0 0.999982 0.00598869
1226.400000000 -20.6347 -29.7282 0 0 0 0.999974 -0.00724711
1226.500000000 -20.708 -29.7345 0 0 0 0.99979 -0.0204816
1226.600000000 -20.7828 -29.7415 0 0 0 0.999545 -0.0301585
1226.700000000 -20.8574 -29.7496 0 0 0 0.999228 -0.0392874
1226.800000000 -20.9318 -29.7592 0 0 0 0.998827 -0.0484131
1226.900000000 -21.0061 -29.77 0 0 0 0.998344 -0.0575348
1227.000000000 -21.0801 -29.7823 0 0 0 0.997776 -0.0666517
1227.100000000 -21.154 -29.7959 0 0 0 0.997126 -0.075763
1227.200000000 -21.2275 -29.8108 0 0 0 0.996392 -0.0848679
1227.300000000 -21.3008 -29.8271 0 0 0 0.995575 -0.0939658
1227.400000000 -21.3737 -29.8447 0 0 0 0.994676 -0.103056
1227.500000000 -21.4464 -29.8637 0 0 0 0.993693 -0.112137
1227.600000000 -21.5197 -29.8795 0 0 0 0.993943 -0.1099
1227.700000000 -21.5931 -29.8947 0 0 0 0.994264 -0.106957
1227.800000000 -21.6666 -29.9095 0 0 0 0.994576 -0.104014
1227.900000000 -21.7403 -29.9239 0 0 0 0.994879 -0.10107
1228.000000000 -21.814 -29.9378 0 0 0 0.995174 -0.0981257
1228.100000000 -21.8878 -29.9513 0 0 0 0.99546 -0.09518
1228.200000000 -21.9616 -29.9643 0 0 0 0.995737 -0.0922335
1228.300000000 -22.0356 -29.9769 0 0 0 0.996006 -0.0892861
1228.400000000 -22.1096 -29.9891 0 0 0 0.996266 -0.086338
1228.500000000 -22.1836 -30.0009 0 0 0 0.996517 -0.0833892
1228.600000000 -22.2579 -30.0114 0 0 0 0.996919 -0.0784343
1228.700000000 -22.3323 -30.0211 0 0 0 0.997297 -0.0734774
1228.800000000 -22.4068 -30.0301 0 0 0 0.99765 -0.0685187
1228.900000000 -22.4813 -30.0384 0 0 0 0.997978 -0.0635584
1229.000000000 -22.556 -30.046 0 0 0 0.998282 -0.0585964
1229.100000000 -22.6307 -30.0528 0 0 0 0.998561 -0.053633
1229.200000000 -22.7054 -30.0588 0 0 0 0.998815 -0.0486683
1229.300000000 -22.7803 -30.0644 0 0 0 0.999016 -0.0443548
1229.400000000 -22.8551 -30.0693 0 0 0 0.999198 -0.0400405
1229.500000000 -22.93 -30.0736 0 0 0 0.999362 -0.0357254
1229.600000000 -23.0049 -30.0778 0 0 0 0.999463 -0.0327676
1229.700000000 -23.0798 -30.0815 0 0 0 0.999556 -0.0298095
1229.800000000 -23.1547 -30.0848 0 0 0 0.999639 -0.0268511
1229.900000000 -23.2297 -30.0879 0 0 0 0.999697 -0.0246001
1230.000000000 -23.3046 -30.0907 0 0 0 0.99975 -0.022349
1230.100000000 -23.3796 -30.0929 0 0 0 0.999812 -0.0193901
1230.200000000 -23.4546 -30.0949 0 0 0 0.999853 -0.0171387
1230.300000000 -23.5296 -30.0966 0 0 0 0.999889 -0.0148873
1230.400000000 -23.6045 -30.0979 0 0 0 0.99992 -0.0126357
1230.500000000 -23.6795 -30.0989 0 0 0 0.999946 -0.0103841
1230.600000000 -23.7545 -30.0995 0 0 0 0.999967 -0.00813249
1230.700000000 -23.8295 -30.0999 0 0 0 0.999983 -0.00588079
1230.800000000 -23.9046 -30.0998 0 0 0 0.999993 -0.00362907
1230.900000000 -23.9796 -30.0998 0 0 0 0.999998 -0.00210564
1231.000000000 -24.0546 -30.0995 0 0 0 1 -0.0005822
1231.100000000 -24.1296 -30.099 0 0 0 1 0.000941237
1231.200000000 -24.2046 -30.0982 0 0 0 0.999997 0.00246467
1231.300000000 -24.2795 -30.0972 0 0 0 0.999992 0.0039881
1231.400000000 -24.3545 -30.096 0 0 0 0.999985 0.00551152
1231.500000000 -24.4295 -30.0949 0 0 0 0.99998 0.00628482
1231.600000000 -24.5045 -30.0939 0 0 0 0.99998 0.00628482
1231.700000000 -24.5795 -30.093 0 0 0 0.99998 0.00628482
1231.800000000 -24.6545 -30.0921 0 0 0 0.99998 0.00628482
1231.900000000 -24.7295 -30.0911 0 0 0 0.99998 0.00628482
1232.000000000 -24.8045 -30.0902 0 0 0 0.99998 0.00628482
1232.100000000 -24.8795 -30.0892 0 0 0 0.99998 0.00628482
1232.200000000 -24.9545 -30.0883 0 0 0 0.99998 0.00628482
1232.300000000 -25.0295 -30.0873 0 0 0 0.99998 0.00628482
1232.400000000 -25.1045 -30.0864 0 0 0 0.99998 0.00628482
1232.500000000 -25.1795 -30.0855 0 0 0 0.99998 0.00628482
1232.600000000 -25.2545 -30.0845 0 0 0 0.99998 0.00628482
1232.700000000 -25.3295 -30.0836 0 0 0 0.99998 0.00628482
1232.800000000 -25.4045 -30.0826 0 0 0 0.99998 0.00628482
1232.900000000 -25.4794 -30.0817 0 0 0 0.99998 0.00628482
1233.000000000 -25.5544 -30.0807 0 0 0 0.99998 0.00628482
1233.100000000 -25.6294 -30.0798 0 0 0 0.99998 0.00628482
1233.200000000 -25.7044 -30.0789 0 0 0 0.99998 0.00628482
1233.300000000 -25.7794 -30.0779 0 0 0 0.99998 0.00628482
1233.400000000 -25.8544 -30.077 0 0 0 0.99998 0.00628482
1233.500000000 -25.9294 -30.076 0 0 0 0.99998 0.00628482
1233.600000000 -26.0044 -30.0751 0 0 0 0.99998 0.00628482
1233.700000000 -26.0794 -30.0738 0 0 0 0.999975 0.00705812
1233.800000000 -26.1544 -30.0725 0 0 0 0.999969 0.00783141
1233.900000000 -26.2294 -30.071 0 0 0 0.999963 0.0086047
1234.000000000 -26.3044 -30.0694 0 0 0 0.999956 0.00937798
1234.100000000 -26.3793 -30.0677 0 0 0 0.999948 0.0101513
1234.200000000 -26.4543 -30.0658 0 0 0 0.99994 0.0109245
1234.300000000 -26.5293 -30.0639 0 0 0 0.999932 0.0116978
1234.400000000 -26.6043 -30.0618 0 0 0 0.999922 0.0124711
1234.500000000 -26.6793 -30.0647 0 0 0 1 0.000708199
1234.600000000 -26.7463 -30.0711 0 0 0 0.999876 -0.0157317
1234.700000000 -26.8131 -30.0798 0 0 0 0.999482 -0.0321674
1234.800000000 -26.8786 -30.0908 0 0 0 0.998797 -0.0490303
1234.900000000 -26.9438 -30.104 0 0 0 0.997828 -0.0658792
1235.000000000 -27.0085 -30.1194 0 0 0 0.996574 -0.0827094
1235.100000000 -27.0726 -30.1369 0 0 0 0.995036 -0.099516
1235.200000000 -27.1361 -30.1567 0 0 0 0.993215 -0.116294
1235.300000000 -27.1989 -30.1785 0 0 0 0.991111 -0.133039
1235.400000000 -27.2609 -30.2025 0 0 0 0.988724 -0.149747
1235.500000000 -27.322 -30.2285 0 0 0 0.986056 -0.166411
1235.600000000 -27.3823 -30.2566 0 0 0 0.983108 -0.183028
1235.700000000 -27.4416 -30.2867 0 0 0 0.979879 -0.199593
1235.800000000 -27.4834 -30.3153 0 0 0 0.974583 -0.224026
1235.900000000 -27.5076 -30.3418 0 0 0 0.96663 -0.256178
1236.000000000 -27.5103 -30.3632 0 0 0 0.954675 -0.297649
1236.100000000 -27.4996 -30.3797 0 0 0 0.938872 -0.344265
1236.200000000 -27.486 -30.3943 0 0 0 0.920493 -0.390759
1236.300000000 -27.4709 -30.4074 0 0 0 0.899813 -0.436276
1236.400000000 -27.4546 -30.419 0 0 0 0.876883 -0.480703
1236.500000000 -27.4372 -30.4289 0 0 0 -0.851762 0.523928
1236.600000000 -27.419 -30.437 0 0 0 -0.824512 0.565844
1236.700000000 -27.4 -30.4432 0 0 0 -0.795202 0.606345
1236.800000000 -27.3804 -30.4476 0 0 0 -0.763903 0.645331
1236.900000000 -27.3606 -30.4499 0 0 0 -0.730695 0.682704
1237.000000000 -27.3406 -30.4503 0 0 0 -0.695661 0.71837
1237.100000000 -27.3207 -30.4486 0 0 0 -0.658888 0.752241
1237.200000000 -27.301 -30.445 0 0 0 -0.620469 0.784231
1237.300000000 -27.2818 -30.4394 0 0 0 -0.580498 0.814262
1237.400000000 -27.2633 -30.432 0 0 0 -0.539076 0.842257
1237.500000000 -27.2419 -30.4377 0 0 0 -0.502744 0.864436
1237.600000000 -27.2198 -30.4427 0 0 0 -0.466014 0.884778
1237.700000000 -27.1973 -30.4459 0 0 0 -0.428462 0.90356
1237.800000000 -27.1746 -30.4471 0 0 0 -0.390155 0.920749
1237.900000000 -27.1519 -30.4464 0 0 0 -0.35116 0.936315
1238.000000000 -27.1293 -30.4439 0 0 0 -0.311546 0.950231
1238.100000000 -27.107 -30.4394 0 0 0 -0.271383 0.962471
1238.200000000 -27.0852 -30.4331 0 0 0 -0.230742 0.973015
1238.300000000 -27.064 -30.425 0 0 0 -0.189693 0.981843
1238.400000000 -27.0435 -30.4151 0 0 0 -0.148311 0.988941
1238.500000000 -27.024 -30.4036 0 0 0 -0.106667 0.994295
1238.600000000 -26.987 -30.3984 0 0 0 -0.0745376 0.997218
1238.700000000 -26.9348 -30.3965 0 0 0 -0.0503711 0.998731
1238.800000000 -26.8666 -30.3969 0 0 0 -0.0343862 0.999409
1238.900000000 -26.7915 -30.3972 0 0 0 -0.0221293 0.999755
1239.000000000 -26.7164 -30.3956 0 0 0 -0.00986907 0.999951
1239.100000000 -26.6419 -30.392 0 0 0 0.00288339 0.999996
1239.200000000 -26.5675 -30.3865 0 0 0 0.0156354 0.999878
1239.300000000 -26.4927 -30.3794 0 0 0 0.0273958 0.999625
1239.400000000 -26.4181 -30.3704 0 0 0 0.0396507 0.999214
1239.500000000 -26.3436 -30.3615 0 0 0 0.0470734 0.998891
1239.600000000 -26.2692 -30.3517 0 0 0 0.0539011 0.998546
1239.700000000 -26.195 -30.3409 0 0 0 0.0607263 0.998154
1239.800000000 -26.1209 -30.3291 0 0 0 0.0675486 0.997716
1239.900000000 -26.047 -30.3163 0 0 0 0.0743678 0.997231
1240.000000000 -25.9732 -30.3025 0 0 0 0.0811835 0.996699
1240.100000000 -25.8997 -30.2877 0 0 0 0.0879954 0.996121
1240.200000000 -25.8263 -30.2718 0 0 0 0.0948032 0.995496
1240.300000000 -25.7532 -30.255 0 0 0 0.101607 0.994825
1240.400000000 -25.6803 -30.2372 0 0 0 0.108405 0.994107
1240.500000000 -25.6077 -30.2183 0 0 0 0.115199 0.993342
1240.600000000 -25.5353 -30.1985 0 0 0 0.121987 0.992532
1240.700000000 -25.4632 -30.1777 0 0 0 0.128769 0.991675
1240.800000000 -25.3915 -30.1559 0 0 0 0.135546 0.990771
1240.900000000 -25.32 -30.1331 0 0 0 0.142316 0.989821
1241.000000000 -25.2488 -30.1094 0 0 0 0.14908 0.988825
1241.100000000 -25.1779 -30.0847 0 0 0 0.155836 0.987783
1241.200000000 -25.1107 -30.0571 0 0 0 0.169365 0.985553
1241.300000000 -25.0451 -30.0279 0 0 0 0.183325 0.983052
1241.400000000 -24.9804 -29.9968 0 0 0 0.197247 0.980354
1241.500000000 -24.9166 -29.9639 0 0 0 0.21113 0.977458
1241.600000000 -24.8683 -29.9326 0 0 0 0.232038 0.972707
1241.700000000 -24.8213 -29.8992 0 0 0 0.25284 0.967508
1241.800000000 -24.7759 -29.8639 0 0 0 0.273525 0.961865
1241.900000000 -24.732 -29.8267 0 0 0 0.294085 0.955779
1242.000000000 -24.6897 -29.7876 0 0 0 0.31451 0.949254
1242.100000000 -24.6492 -29.7467 0 0 0 0.33479 0.942293
1242.200000000 -24.6104 -29.7041 0 0 0 0.354916 0.934898
1242.300000000 -24.5735 -29.6599 0 0 0 0.374879 0.927074
1242.400000000 -24.5385 -29.6142 0 0 0 0.39467 0.918823
1242.500000000 -24.5056 -29.567 0 0 0 0.414279 0.91015
1242.600000000 -24.4746 -29.5184 0 0 0 0.433697 0.901059
1242.700000000 -24.4458 -29.4686 0 0 0 0.452917 0.891553
1242.800000000 -24.4192 -29.4175 0 0 0 0.471928 0.881637
1242.900000000 -24.3947 -29.3654 0 0 0 0.490722 0.871316
1243.000000000 -24.3726 -29.3123 0 0 0 0.50929 0.860595
1243.100000000 -24.3527 -29.2583 0 0 0 0.527625 0.849478
1243.200000000 -24.3351 -29.2034 0 0 0 0.545717 0.83797
1243.300000000 -24.3199 -29.1479 0 0 0 0.563557 0.826077
1243.400000000 -24.3067 -29.0911 0 0 0 0.580812 0.814037
1243.500000000 -24.2959 -29.0337 0 0 0 0.59781 0.801638
1243.600000000 -24.2851 -28.9715 0 0 0 0.612602 0.790392
1243.700000000 -24.2763 -28.9082 0 0 0 0.626854 0.779137
1243.800000000 -24.2698 -28.8445 0 0 0 0.640899 0.767625
1243.900000000 -24.2656 -28.7807 0 0 0 0.654734 0.75586
1244.000000000 -24.2637 -28.7168 0 0 0 0.668352 0.743845
1244.100000000 -24.2642 -28.6528 0 0 0 0.68175 0.731585
1244.200000000 -24.2669 -28.5889 0 0 0 0.694923 0.719084
1244.300000000 -24.272 -28.5252 0 0 0 0.707867 0.706346
1244.400000000 -24.2794 -28.4616 0 0 0 0.720577 0.693375
1244.500000000 -24.2891 -28.3984 0 0 0 0.73305 0.680175
1244.600000000 -24.3011 -28.3356 0 0 0 0.745281 0.666751
1244.700000000 -24.3154 -28.2732 0 0 0 0.757266 0.653107
1244.800000000 -24.3319 -28.2114 0 0 0 0.769001 0.639247
1244.900000000 -24.3507 -28.1503 0 0 0 0.780483 0.625177
1245.000000000 -24.3716 -28.0899 0 0 0 0.791707 0.610901
1245.100000000 -24.3948 -28.0302 0 0 0 0.802671 0.596423
1245.200000000 -24.42 -27.9715 0 0 0 0.813369 0.581748
1245.300000000 -24.4475 -27.9137 0 0 0 0.823799 0.566881
1245.400000000 -24.4771 -27.8561 0 0 0 0.833724 0.552181
1245.500000000 -24.5097 -27.7952 0 0 0 0.842211 0.539148
1245.600000000 -24.5441 -27.7353 0 0 0 0.850494 0.525984
1245.700000000 -24.5804 -27.6765 0 0 0 0.858572 0.512693
1245.800000000 -24.6185 -27.6189 0 0 0 0.866442 0.499278
1245.900000000 -24.6584 -27.5625 0 0 0 0.874102 0.485742
1246.000000000 -24.7 -27.5074 0 0 0 0.881551 0.472089
1246.100000000 -24.7433 -27.4535 0 0 0 0.888787 0.458321
1246.200000000 -24.7883 -27.4011 0 0 0 0.895807 0.444443
1246.300000000 -24.8348 -27.3501 0 0 0 0.902611 0.430457
1246.400000000 -24.883 -27.3005 0 0 0 0.909197 0.416367
1246.500000000 -24.9326 -27.2525 0 0 0 0.915562 0.402176
1246.600000000 -24.9838 -27.2061 0 0 0 0.921707 0.387888
1246.700000000 -25.0363 -27.1612 0 0 0 0.927628 0.373506
1246.800000000 -25.0902 -27.118 0 0 0 0.933325 0.359034
1246.900000000 -25.1454 -27.0765 0 0 0 0.938796 0.344475
1247.000000000 -25.2019 -27.0368 0 0 0 0.94404 0.329832
1247.100000000 -25.2596 -26.9988 0 0 0 0.949055 0.31511
1247.200000000 -25.3209 -26.9555 0 0 0 0.95061 0.310388
1247.300000000 -25.382 -26.912 0 0 0 0.951306 0.308247
1247.400000000 -25.4431 -26.8685 0 0 0 0.951775 0.306797
1247.500000000 -25.5043 -26.8252 0 0 0 0.952241 0.305347
1247.600000000 -25.5639 -26.7796 0 0 0 0.950321 0.311273
1247.700000000 -25.6227 -26.733 0 0 0 0.94817 0.317762
1247.800000000 -25.6809 -26.6857 0 0 0 0.945976 0.324237
1247.900000000 -25.7385 -26.6375 0 0 0 0.943737 0.330697
1248.000000000 -25.7953 -26.5886 0 0 0 0.941454 0.337141
1248.100000000 -25.8515 -26.5389 0 0 0 0.939127 0.343569
1248.200000000 -25.907 -26.4884 0 0 0 0.936757 0.349981
1248.300000000 -25.9619 -26.4371 0 0 0 0.934342 0.356377
1248.400000000 -26.016 -26.3852 0 0 0 0.931884 0.362756
1248.500000000 -26.0704 -26.3336 0 0 0 0.930806 0.365512
1248.600000000 -26.1246 -26.2817 0 0 0 0.929721 0.368266
1248.700000000 -26.1784 -26.2295 0 0 0 0.928627 0.371016
1248.800000000 -26.232 -26.1769 0 0 0 0.927525 0.373762
1248.900000000 -26.2852 -26.1241 0 0 0 0.926414 0.376506
1249.000000000 -26.3381 -26.0709 0 0 0 0.925296 0.379246
1249.100000000 -26.3907 -26.0175 0 0 0 0.92417 0.381982
1249.200000000 -26.443 -25.9637 0 0 0 0.923035 0.384716
1249.300000000 -26.4949 -25.9096 0 0 0 0.921892 0.387446
1249.400000000 -26.5466 -25.8552 0 0 0 0.920742 0.390173
1249.500000000 -26.5987 -25.8013 0 0 0 0.920742 0.390173
1249.600000000 -26.6509 -25.7474 0 0 0 0.920742 0.390173
1249.700000000 -26.7031 -25.6935 0 0 0 0.920742 0.390173
1249.800000000 -26.7552 -25.6396 0 0 0 0.920742 0.390173
1249.900000000 -26.8074 -25.5857 0 0 0 0.920742 0.390173
1250.000000000 -26.8595 -25.5318 0 0 0 0.920742 0.390173
1250.100000000 -26.9117 -25.478 0 0 0 0.920742 0.390173
1250.200000000 -26.9639 -25.4241 0 0 0 0.920742 0.390173
1250.300000000 -27.016 -25.3702 0 0 0 0.920742 0.390173
1250.400000000 -27.0682 -25.3163 0 0 0 0.920742 0.390173
1250.500000000 -27.1204 -25.2624 0 0 0 0.920742 0.390173
1250.600000000 -27.1728 -25.2087 0 0 0 0.921043 0.389461
1250.700000000 -27.2252 -25.1551 0 0 0 0.921344 0.388748
1250.800000000 -27.2778 -25.1016 0 0 0 0.921644 0.388036
1250.900000000 -27.3304 -25.0482 0 0 0 0.921944 0.387323
1251.000000000 -27.3831 -24.9949 0 0 0 0.922243 0.38661
1251.100000000 -27.4359 -24.9416 0 0 0 0.922542 0.385896
1251.200000000 -27.4888 -24.8884 0 0 0 0.92284 0.385183
1251.300000000 -27.5418 -24.8353 0 0 0 0.923138 0.384469
1251.400000000 -27.5948 -24.7823 0 0 0 0.923435 0.383755
1251.500000000 -27.6497 -24.7311 0 0 0 0.926037 0.377433
1251.600000000 -27.7054 -24.6808 0 0 0 0.928815 0.370543
1251.700000000 -27.7618 -24.6313 0 0 0 0.931543 0.363632
1251.800000000 -27.819 -24.5827 0 0 0 0.934219 0.356701
1251.900000000 -27.8768 -24.535 0 0 0 0.936843 0.34975
1252.000000000 -27.9354 -24.4881 0 0 0 0.939416 0.34278
1252.100000000 -27.9947 -24.4421 0 0 0 0.941937 0.335791
1252.200000000 -28.0546 -24.3969 0 0 0 0.944405 0.328783
1252.300000000 -28.1152 -24.3527 0 0 0 0.946822 0.321758
1252.400000000 -28.1765 -24.3094 0 0 0 0.949186 0.314714
1252.500000000 -28.2384 -24.267 0 0 0 0.951499 0.307653
1252.600000000 -28.3009 -24.2255 0 0 0 0.953758 0.300576
1252.700000000 -28.3641 -24.1849 0 0 0 0.955965 0.293481
1252.800000000 -28.4278 -24.1453 0 0 0 0.958119 0.286371
1252.900000000 -28.4921 -24.1066 0 0 0 0.96022 0.279244
1253.000000000 -28.557 -24.0689 0 0 0 0.962268 0.272102
1253.100000000 -28.6224 -24.0322 0 0 0 0.964263 0.264946
1253.200000000 -28.6884 -23.9965 0 0 0 0.966205 0.257774
1253.300000000 -28.7549 -23.9617 0 0 0 0.968094 0.250589
1253.400000000 -28.8219 -23.9279 0 0 0 0.969929 0.243389
1253.500000000 -28.8868 -23.8903 0 0 0 0.968394 0.249426
1253.600000000 -28.9423 -23.8522 0 0 0 0.964162 0.265313
1253.700000000 -28.9815 -23.8176 0 0 0 0.957456 0.288579
1253.800000000 -29.0174 -23.7818 0 0 0 0.949943 0.312423
1253.900000000 -29.0515 -23.7442 0 0 0 0.941836 0.336072
1254.000000000 -29.0837 -23.705 0 0 0 0.933141 0.35951
1254.100000000 -29.1139 -23.6642 0 0 0 0.923863 0.382724
1254.200000000 -29.142 -23.6219 0 0 0 0.914007 0.405698
1254.300000000 -29.1679 -23.5783 0 0 0 0.90358 0.428419
1254.400000000 -29.1917 -23.5335 0 0 0 0.892588 0.450873
1254.500000000 -29.2132 -23.4875 0 0 0 0.881039 0.473044
1254.600000000 -29.2335 -23.4394 0 0 0 0.869327 0.494237
1254.700000000 -29.2514 -23.3903 0 0 0 0.857106 0.51514
1254.800000000 -29.2669 -23.3404 0 0 0 0.844382 0.535742
1254.900000000 -29.28 -23.2899 0 0 0 0.831163 0.556029
1255.000000000 -29.2907 -23.2387 0 0 0 0.817457 0.57599
1255.100000000 -29.2988 -23.1871 0 0 0 0.803271 0.595613
1255.200000000 -29.3045 -23.1352 0 0 0 0.788615 0.614887
1255.300000000 -29.3076 -23.083 0 0 0 0.773496 0.633801
1255.400000000 -29.3082 -23.0308 0 0 0 0.757924 0.652343
1255.500000000 -29.3063 -22.9786 0 0 0 0.741907 0.670503
1255.600000000 -29.3068 -22.9104 0 0 0 0.731085 0.682287
1255.700000000 -29.3056 -22.8404 0 0 0 0.720698 0.693249
1255.800000000 -29.3022 -22.7705 0 0 0 0.710147 0.704053
1255.900000000 -29.2968 -22.7008 0 0 0 0.699434 0.714697
1256.000000000 -29.2892 -22.6312 0 0 0 0.688561 0.725178
1256.100000000 -29.2796 -22.5619 0 0 0 0.677532 0.735493
1256.200000000 -29.2679 -22.4929 0 0 0 0.666348 0.745641
1256.300000000 -29.2541 -22.4244 0 0 0 0.655012 0.755619
1256.400000000 -29.2382 -22.3562 0 0 0 0.643526 0.765424
1256.500000000 -29.2203 -22.2886 0 0 0 0.631894 0.775055
1256.600000000 -29.2035 -22.2155 0 0 0 0.628541 0.777776
1256.700000000 -29.1866 -22.1424 0 0 0 0.626237 0.779633
1256.800000000 -29.1693 -22.0694 0 0 0 0.623927 0.781483
1256.900000000 -29.1515 -21.9965 0 0 0 0.621611 0.783326
1257.000000000 -29.1333 -21.9238 0 0 0 0.61929 0.785162
1257.100000000 -29.1147 -21.8511 0 0 0 0.616964 0.786992
1257.200000000 -29.0956 -21.7786 0 0 0 0.614632 0.788814
1257.300000000 -29.0761 -21.7061 0 0 0 0.612295 0.79063
1257.400000000 -29.0562 -21.6338 0 0 0 0.609952 0.792438
1257.500000000 -29.0397 -21.5606 0 0 0 0.615355 0.78825
1257.600000000 -29.0246 -21.4871 0 0 0 0.621649 0.783296
1257.700000000 -29.0107 -21.4134 0 0 0 0.627855 0.77833
1257.800000000 -28.9979 -21.3395 0 0 0 0.633899 0.773416
1257.900000000 -28.9861 -21.2654 0 0 0 0.63966 0.768658
1258.000000000 -28.9753 -21.1911 0 0 0 0.645142 0.764063
1258.100000000 -28.9657 -21.1184 0 0 0 0.65047 0.759532
1258.200000000 -28.9576 -21.0488 0 0 0 0.655527 0.755172
1258.300000000 -28.9506 -20.9808 0 0 0 0.660435 0.750883
1258.400000000 -28.9447 -20.916 0 0 0 0.665077 0.746774
1258.500000000 -28.9398 -20.8528 0 0 0 0.669576 0.742743
1258.600000000 -28.9358 -20.7913 0 0 0 0.673933 0.738792
1258.700000000 -28.9326 -20.7313 0 0 0 0.67815 0.734923
1258.800000000 -28.9302 -20.6747 0 0 0 0.682113 0.731247
1258.900000000 -28.9285 -20.6197 0 0 0 0.685939 0.727659
1259.000000000 -28.9274 -20.5663 0 0 0 0.689632 0.72416
1259.100000000 -28.9268 -20.5146 0 0 0 0.693192 0.720753
1259.200000000 -28.9268 -20.4646 0 0 0 0.696622 0.717439
1259.300000000 -28.9272 -20.4163 0 0 0 0.699922 0.71422
1259.400000000 -28.928 -20.3696 0 0 0 0.703094 0.711097
1259.500000000 -28.9292 -20.3246 0 0 0 0.706139 0.708073
1259.600000000 -28.9308 -20.2812 0 0 0 0.70906 0.705148
1259.700000000 -28.9326 -20.2396 0 0 0 0.711857 0.702325
1259.800000000 -28.9406 -20.1753 0 0 0 0.724201 0.689589
1259.900000000 -28.9532 -20.1277 0 0 0 0.74174 0.670688
1260.000000000 -28.9699 -20.0977 0 0 0 0.76411 0.645086
1260.100000000 -28.9891 -20.0904 0 0 0 0.791985 0.610541
1260.200000000 -29.0083 -20.0948 0 0 0 0.821068 0.57083
1260.300000000 -29.0267 -20.1027 0 0 0 0.848572 0.52908
1260.400000000 -29.0441 -20.1124 0 0 0 0.873954 0.486008
1260.500000000 -29.0606 -20.1238 0 0 0 0.897152 0.441721
1260.600000000 -29.0758 -20.1367 0 0 0 0.918108 0.39633
1260.700000000 -29.0896 -20.1512 0 0 0 0.936769 0.349949
1260.800000000 -29.102 -20.1669 0 0 0 0.953088 0.302693
1260.900000000 -29.1127 -20.1838 0 0 0 0.967025 0.25468
1261.000000000 -29.1216 -20.2016 0 0 0 0.978546 0.20603
1261.100000000 -29.1288 -20.2203 0 0 0 0.98762 0.156866
1261.200000000 -29.134 -20.2396 0 0 0 0.994226 0.10731
1261.300000000 -29.1373 -20.2593 0 0 0 0.998346 0.0574848
1261.400000000 -29.1386 -20.2793 0 0 0 0.999972 0.00751646
1261.500000000 -29.1379 -20.2993 0 0 0 0.999098 -0.0424707
1261.600000000 -29.1605 -20.3163 0 0 0 0.996784 -0.0801356
1261.700000000 -29.1998 -20.3344 0 0 0 0.994046 -0.108964
1261.800000000 -29.2397 -20.3548 0 0 0 0.990584 -0.136908
1261.900000000 -29.2793 -20.3775 0 0 0 0.986402 -0.16435
1262.000000000 -29.3174 -20.4023 0 0 0 0.98146 -0.191666
1262.100000000 -29.3542 -20.4292 0 0 0 0.975762 -0.218834
1262.200000000 -29.3894 -20.4581 0 0 0 0.969312 -0.245834
1262.300000000 -29.4229 -20.4889 0 0 0 0.962115 -0.272644
1262.400000000 -29.4547 -20.5215 0 0 0 0.954177 -0.299243
1262.500000000 -29.4996 -20.5624 0 0 0 0.948058 -0.318098
1262.600000000 -29.5568 -20.611 0 0 0 0.944587 -0.328262
1262.700000000 -29.6132 -20.6606 0 0 0 0.941365 -0.33739
1262.800000000 -29.6686 -20.7112 0 0 0 0.938055 -0.346486
1262.900000000 -29.7231 -20.7628 0 0 0 0.934657 -0.35555
1263.000000000 -29.7765 -20.8156 0 0 0 0.931172 -0.364581
1263.100000000 -29.8289 -20.8693 0 0 0 0.927599 -0.373577
1263.200000000 -29.8803 -20.924 0 0 0 0.923939 -0.382539
1263.300000000 -29.9306 -20.9798 0 0 0 0.920193 -0.391464
1263.400000000 -29.9798 -21.0365 0 0 0 0.916361 -0.400353
1263.500000000 -30.0307 -21.0915 0 0 0 0.916361 -0.400353
1263.600000000 -30.0819 -21.1463 0 0 0 0.91667 -0.399645
1263.700000000 -30.1332 -21.2011 0 0 0 0.916979 -0.398936
1263.800000000 -30.1845 -21.2557 0 0 0 0.917287 -0.398226
1263.900000000 -30.236 -21.3103 0 0 0 0.917595 -0.397517
1264.000000000 -30.2875 -21.3648 0 0 0 0.917902 -0.396807
1264.100000000 -30.3391 -21.4192 0 0 0 0.918209 -0.396097
1264.200000000 -30.3908 -21.4736 0 0 0 0.918515 -0.395387
1264.300000000 -30.4426 -21.5278 0 0 0 0.91882 -0.394677
1264.400000000 -30.4944 -21.582 0 0 0 0.919125 -0.393966
1264.500000000 -30.5464 -21.6361 0 0 0 0.919429 -0.393255
1264.600000000 -30.5984 -21.6901 0 0 0 0.919733 -0.392544
1264.700000000 -30.6505 -21.7441 0 0 0 0.920037 -0.391833
1264.800000000 -30.7027 -21.7979 0 0 0 0.920339 -0.391121
1264.900000000 -30.755 -21.8517 0 0 0 0.920641 -0.390409
1265.000000000 -30.8073 -21.9054 0 0 0 0.920943 -0.389697
1265.100000000 -30.8598 -21.959 0 0 0 0.921244 -0.388985
1265.200000000 -30.9123 -22.0126 0 0 0 0.921545 -0.388272
1265.300000000 -30.9649 -22.066 0 0 0 0.921845 -0.38756
1265.400000000 -31.0176 -22.1194 0 0 0 0.922144 -0.386847
1265.500000000 -31.0704 -22.1727 0 0 0 0.922443 -0.386133
1265.600000000 -31.1196 -22.2294 0 0 0 0.917837 -0.396957
1265.700000000 -31.1537 -22.2777 0 0 0 0.90945 -0.415813
1265.800000000 -31.18 -22.3229 0 0 0 0.899116 -0.43771
1265.900000000 -31.2034 -22.3687 0 0 0 0.888074 -0.4597
1266.000000000 -31.2245 -22.4157 0 0 0 0.876494 -0.481412
1266.100000000 -31.2434 -22.4636 0 0 0 -0.864384 0.502832
1266.200000000 -31.2598 -22.5124 0 0 0 -0.85175 0.523948
1266.300000000 -31.2738 -22.5619 0 0 0 -0.838601 0.544747
1266.400000000 -31.2854 -22.6121 0 0 0 -0.824944 0.565215
1266.500000000 -31.2944 -22.6628 0 0 0 -0.810787 0.585342
1266.600000000 -31.3054 -22.7217 0 0 0 -0.79878 0.601624
1266.700000000 -31.3144 -22.7818 0 0 0 -0.786698 0.617339
1266.800000000 -31.3211 -22.8421 0 0 0 -0.774307 0.632811
1266.900000000 -31.3253 -22.9027 0 0 0 -0.761611 0.648034
1267.000000000 -31.3271 -22.9634 0 0 0 -0.748617 0.663003
1267.100000000 -31.3265 -23.0241 0 0 0 -0.735328 0.677712
1267.200000000 -31.3235 -23.0847 0 0 0 -0.72175 0.692154
1267.300000000 -31.3181 -23.1452 0 0 0 -0.707889 0.706324
1267.400000000 -31.3103 -23.2054 0 0 0 -0.693749 0.720217
1267.500000000 -31.3026 -23.2801 0 0 0 -0.684866 0.728669
1267.600000000 -31.2935 -23.3546 0 0 0 -0.676621 0.736331
1267.700000000 -31.2827 -23.429 0 0 0 -0.66829 0.743901
1267.800000000 -31.2702 -23.503 0 0 0 -0.659874 0.751376
1267.900000000 -31.256 -23.5767 0 0 0 -0.651375 0.758756
1268.000000000 -31.2402 -23.6501 0 0 0 -0.642794 0.766039
1268.100000000 -31.2228 -23.7232 0 0 0 -0.63413 0.773226
1268.200000000 -31.2037 -23.7958 0 0 0 -0.625387 0.780315
1268.300000000 -31.183 -23.868 0 0 0 -0.616564 0.787305
1268.400000000 -31.1606 -23.9396 0 0 0 -0.607663 0.794195
1268.500000000 -31.1367 -24.0108 0 0 0 -0.598685 0.800984
1268.600000000 -31.1155 -24.0827 0 0 0 -0.598685 0.800984
1268.700000000 -31.0948 -24.1548 0 0 0 -0.599905 0.800071
1268.800000000 -31.0744 -24.227 0 0 0 -0.601123 0.799156
1268.900000000 -31.0542 -24.2992 0 0 0 -0.60234 0.79824
1269.000000000 -31.0342 -24.3715 0 0 0 -0.603555 0.797321
1269.100000000 -31.0144 -24.4439 0 0 0 -0.604769 0.796401
1269.200000000 -30.9949 -24.5163 0 0 0 -0.605982 0.795479
1269.300000000 -30.9755 -24.5887 0 0 0 -0.607193 0.794554
1269.400000000 -30.9564 -24.6613 0 0 0 -0.608403 0.793629
1269.500000000 -30.9398 -24.7344 0 0 0 -0.614282 0.789086
1269.600000000 -30.9245 -24.8079 0 0 0 -0.620583 0.784141
1269.700000000 -30.9104 -24.8816 0 0 0 -0.626844 0.779145
1269.800000000 -30.8975 -24.9555 0 0 0 -0.633065 0.774099
1269.900000000 -30.8858 -25.0297 0 0 0 -0.639245 0.769003
1270.000000000 -30.8752 -25.104 0 0 0 -0.645384 0.763858
1270.100000000 -30.8658 -25.1784 0 0 0 -0.651482 0.758664
1270.200000000 -30.8577 -25.253 0 0 0 -0.657538 0.753422
1270.300000000 -30.8507 -25.3277 0 0 0 -0.663552 0.748131
1270.400000000 -30.8449 -25.4025 0 0 0 -0.669523 0.742792
1270.500000000 -30.8404 -25.4775 0 0 0 -0.675451 0.737405
1270.600000000 -30.837 -25.5524 0 0 0 -0.681336 0.731971
1270.700000000 -30.8348 -25.6274 0 0 0 -0.687177 0.72649
1270.800000000 -30.8339 -25.7025 0 0 0 -0.692974 0.720962
1270.900000000 -30.8341 -25.7775 0 0 0 -0.698727 0.715389
1271.000000000 -30.8355 -25.8525 0 0 0 -0.704435 0.709769
1271.100000000 -30.8382 -25.9275 0 0 0 -0.710097 0.704104
1271.200000000 -30.842 -26.0025 0 0 0 -0.715714 0.698393
1271.300000000 -30.8471 -26.0774 0 0 0 -0.721285 0.692638
1271.400000000 -30.8533 -26.1521 0 0 0 -0.72681 0.686838
1271.500000000 -30.8595 -26.2269 0 0 0 -0.730216 0.683217
1271.600000000 -30.8662 -26.3016 0 0 0 -0.733159 0.680057
1271.700000000 -30.8736 -26.3763 0 0 0 -0.736089 0.676885
1271.800000000 -30.8816 -26.4508 0 0 0 -0.739005 0.6737
1271.900000000 -30.8902 -26.5254 0 0 0 -0.741907 0.670503
1272.000000000 -30.8995 -26.5998 0 0 0 -0.744796 0.667293
1272.100000000 -30.9094 -26.6741 0 0 0 -0.74767 0.66407
1272.200000000 -30.92 -26.7484 0 0 0 -0.750531 0.660835
1272.300000000 -30.9312 -26.8226 0 0 0 -0.753377 0.657588
1272.400000000 -30.943 -26.8967 0 0 0 -0.75621 0.654329
1272.500000000 -30.9529 -26.971 0 0 0 -0.754735 0.65603
1272.600000000 -30.9622 -27.0454 0 0 0 -0.75279 0.658261
1272.700000000 -30.971 -27.1199 0 0 0 -0.750838 0.660486
1272.800000000 -30.9794 -27.1944 0 0 0 -0.74888 0.662705
1272.900000000 -30.9874 -27.269 0 0 0 -0.746916 0.664919
1273.000000000 -30.9949 -27.3437 0 0 0 -0.744945 0.667126
1273.100000000 -31.0019 -27.4183 0 0 0 -0.742967 0.669328
1273.200000000 -31.0085 -27.493 0 0 0 -0.740983 0.671524
1273.300000000 -31.0147 -27.5678 0 0 0 -0.738992 0.673714
1273.400000000 -31.0205 -27.6426 0 0 0 -0.736995 0.675898
1273.500000000 -31.0252 -27.7174 0 0 0 -0.73407 0.679074
1273.600000000 -31.0293 -27.7923 0 0 0 -0.73113 0.682238
1273.700000000 -31.033 -27.8673 0 0 0 -0.728637 0.6849
1273.800000000 -31.0362 -27.9422 0 0 0 -0.726133 0.687554
1273.900000000 -31.0389 -28.0172 0 0 0 -0.72362 0.690198
1274.000000000 -31.0409 -28.0921 0 0 0 -0.721098 0.692833
1274.100000000 -31.0428 -28.1671 0 0 0 -0.719044 0.694964
1274.200000000 -31.0439 -28.2421 0 0 0 -0.716504 0.697583
1274.300000000 -31.0444 -28.3171 0 0 0 -0.713955 0.700192
1274.400000000 -31.0447 -28.3921 0 0 0 -0.711879 0.702302
1274.500000000 -31.0448 -28.4671 0 0 0 -0.710296 0.703903
1274.600000000 -31.0446 -28.5421 0 0 0 -0.708709 0.705501
1274.700000000 -31.044 -28.6172 0 0 0 -0.707119 0.707095
1274.800000000 -31.0431 -28.6921 0 0 0 -0.705525 0.708685
1274.900000000 -31.0419 -28.7671 0 0 0 -0.703927 0.710272
1275.000000000 -31.0403 -28.8421 0 0 0 -0.702326 0.711855
1275.100000000 -31.0387 -28.9171 0 0 0 -0.701241 0.712924
1275.200000000 -31.0368 -28.9921 0 0 0 -0.700154 0.713992
1275.300000000 -31.0348 -29.0671 0 0 0 -0.699065 0.715058
1275.400000000 -31.0325 -29.142 0 0 0 -0.697975 0.716122
1275.500000000 -31.0299 -29.217 0 0 0 -0.696883 0.717184
1275.600000000 -31.0272 -29.2919 0 0 0 -0.69579 0.718245
1275.700000000 -31.0242 -29.3669 0 0 0 -0.694695 0.719304
1275.800000000 -31.0209 -29.4418 0 0 0 -0.693598 0.720362
1275.900000000 -31.0175 -29.5167 0 0 0 -0.6925 0.721418
1276.000000000 -31.0141 -29.5917 0 0 0 -0.691942 0.721953
1276.100000000 -31.0109 -29.6666 0 0 0 -0.691942 0.721953
1276.200000000 -31.0078 -29.7415 0 0 0 -0.691942 0.721953
1276.300000000 -31.0046 -29.8165 0 0 0 -0.691942 0.721953
1276.400000000 -31.0011 -29.8914 0 0 0 -0.691384 0.722488
1276.500000000 -30.9975 -29.9663 0 0 0 -0.690825 0.723022
1276.600000000 -30.9938 -30.0412 0 0 0 -0.690265 0.723556
1276.700000000 -30.9899 -30.1161 0 0 0 -0.689706 0.72409
1276.800000000 -30.9863 -30.191 0 0 0 -0.689706 0.72409
1276.900000000 -30.9826 -30.2659 0 0 0 -0.689706 0.72409
1277.000000000 -30.979 -30.3408 0 0 0 -0.689706 0.72409
1277.100000000 -30.9802 -30.4159 0 0 0 -0.698532 0.715579
1277.200000000 -30.9873 -30.4739 0 0 0 -0.713433 0.700724
1277.300000000 -30.9996 -30.5154 0 0 0 -0.733423 0.679772
1277.400000000 -31.0164 -30.5381 0 0 0 -0.758548 0.651617
1277.500000000 -31.0359 -30.5373 0 0 0 -0.789233 0.614094
1277.600000000 -31.0551 -30.533 0 0 0 -0.818495 0.574514
1277.700000000 -31.0738 -30.5269 0 0 0 -0.845773 0.533543
1277.800000000 -31.0918 -30.5189 0 0 0 0.871002 -0.491279
1277.900000000 -31.1089 -30.5093 0 0 0 0.894122 -0.447824
1278.000000000 -31.125 -30.498 0 0 0 0.915074 -0.403285
1278.100000000 -31.1399 -30.4851 0 0 0 0.93381 -0.357769
1278.200000000 -31.1534 -30.4709 0 0 0 0.950284 -0.311385
1278.300000000 -31.1655 -30.4554 0 0 0 0.964455 -0.264248
1278.400000000 -31.1761 -30.4387 0 0 0 0.976289 -0.21647
1278.500000000 -31.1849 -30.4212 0 0 0 0.985758 -0.168168
1278.600000000 -31.192 -30.4028 0 0 0 0.992839 -0.119458
1278.700000000 -31.1972 -30.3839 0 0 0 0.997515 -0.0704587
1278.800000000 -31.2005 -30.3645 0 0 0 0.999773 -0.0212888
1278.900000000 -31.2019 -30.3449 0 0 0 0.99961 0.0279326
1279.000000000 -31.2014 -30.3252 0 0 0 0.997024 0.0770864
1279.100000000 -31.199 -30.3057 0 0 0 0.992023 0.126053
1279.200000000 -31.1946 -30.2865 0 0 0 0.984619 0.174715
1279.300000000 -31.1884 -30.2679 0 0 0 0.974829 0.222953
1279.400000000 -31.1804 -30.2499 0 0 0 0.962677 0.270651
1279.500000000 -31.1858 -30.2272 0 0 0 0.950644 0.310284
1279.600000000 -31.1883 -30.2046 0 0 0 0.936781 0.349916
1279.700000000 -31.1888 -30.1819 0 0 0 0.921267 0.388932
1279.800000000 -31.1875 -30.1592 0 0 0 0.904128 0.427261
1279.900000000 -31.1842 -30.1367 0 0 0 0.885396 0.464838
1280.000000000 -31.1791 -30.1146 0 0 0 0.865103 0.501595
1280.100000000 -31.1714 -30.0939 0 0 0 0.842972 0.537957
1280.200000000 -31.1619 -30.0739 0 0 0 0.819314 0.573344
1280.300000000 -31.1502 -30.0559 0 0 0 0.793811 0.608164
1280.400000000 -31.1369 -30.0389 0 0 0 0.76683 0.641851
1280.500000000 -31.1222 -30.0231 0 0 0 0.738419 0.674342
1280.600000000 -31.112 -29.9887 0 0 0 0.715682 0.698426
1280.700000000 -31.1041 -29.9437 0 0 0 0.699788 0.714351
1280.800000000 -31.0976 -29.8906 0 0 0 0.690017 0.723793
1280.900000000 -31.0913 -29.8158 0 0 0 0.685053 0.728493
1281.000000000 -31.0855 -29.7411 0 0 0 0.682894 0.730517
1281.100000000 -31.0801 -29.6662 0 0 0 0.682329 0.731045
1281.200000000 -31.0744 -29.5915 0 0 0 0.681237 0.732063
1281.300000000 -31.0681 -29.5167 0 0 0 0.679587 0.733595
1281.400000000 -31.0618 -29.442 0 0 0 0.678491 0.734609
1281.500000000 -31.0549 -29.3673 0 0 0 0.676835 0.736135
1281.600000000 -31.0486 -29.2926 0 0 0 0.676835 0.736135
1281.700000000 -31.0426 -29.2178 0 0 0 0.677404 0.735611
1281.800000000 -31.0368 -29.143 0 0 0 0.677973 0.735087
1281.900000000 -31.031 -29.0683 0 0 0 0.678541 0.734562
1282.000000000 -31.0254 -28.9935 0 0 0 0.679109 0.734037
1282.100000000 -31.0199 -28.9187 0 0 0 0.679676 0.733512
1282.200000000 -31.0145 -28.8439 0 0 0 0.680244 0.732986
1282.300000000 -31.0092 -28.769 0 0 0 0.68081 0.73246
1282.400000000 -31.0041 -28.6942 0 0 0 0.681376 0.731933
1282.500000000 -30.999 -28.6194 0 0 0 0.681942 0.731406
1282.600000000 -30.9941 -28.5446 0 0 0 0.682508 0.730879
1282.700000000 -30.9892 -28.4697 0 0 0 0.683073 0.730351
1282.800000000 -30.9845 -28.3949 0 0 0 0.683637 0.729822
1282.900000000 -30.98 -28.32 0 0 0 0.684201 0.729293
1283.000000000 -30.9755 -28.2451 0 0 0 0.684765 0.728764
1283.100000000 -30.9711 -28.1703 0 0 0 0.685328 0.728234
1283.200000000 -30.9637 -28.104 0 0 0 0.679071 0.734073
1283.300000000 -30.9557 -28.0444 0 0 0 0.673023 0.739621
1283.400000000 -30.9471 -27.9867 0 0 0 0.667101 0.744968
1283.500000000 -30.9327 -27.926 0 0 0 0.652828 0.757506
1283.600000000 -30.9161 -27.866 0 0 0 0.63832 0.769771
1283.700000000 -30.8972 -27.8057 0 0 0 0.623907 0.781498
1283.800000000 -30.8761 -27.7471 0 0 0 0.608949 0.793209
1283.900000000 -30.8527 -27.6893 0 0 0 0.59377 0.804634
1284.000000000 -30.8272 -27.6324 0 0 0 0.578378 0.815769
1284.100000000 -30.7996 -27.5765 0 0 0 0.562776 0.826609
1284.200000000 -30.7697 -27.5209 0 0 0 0.547321 0.836923
1284.300000000 -30.7378 -27.4665 0 0 0 0.531676 0.846948
1284.400000000 -30.704 -27.4141 0 0 0 0.515491 0.856895
1284.500000000 -30.6683 -27.363 0 0 0 0.49912 0.866533
1284.600000000 -30.6269 -27.3021 0 0 0 0.487607 0.873063
1284.700000000 -30.5835 -27.2414 0 0 0 0.476434 0.87921
1284.800000000 -30.5386 -27.1818 0 0 0 0.465183 0.885215
1284.900000000 -30.4922 -27.1234 0 0 0 0.453857 0.891075
1285.000000000 -30.4443 -27.0662 0 0 0 0.442456 0.89679
1285.100000000 -30.395 -27.0103 0 0 0 0.430984 0.902359
1285.200000000 -30.3442 -26.9556 0 0 0 0.419442 0.907782
1285.300000000 -30.2921 -26.9022 0 0 0 0.407832 0.913057
1285.400000000 -30.2386 -26.8502 0 0 0 0.396155 0.918184
1285.500000000 -30.1838 -26.7995 0 0 0 0.384414 0.923161
1285.600000000 -30.1302 -26.7471 0 0 0 0.38168 0.924294
1285.700000000 -30.0766 -26.6946 0 0 0 0.380272 0.924875
1285.800000000 -30.0229 -26.6423 0 0 0 0.378862 0.925453
1285.900000000 -29.969 -26.5902 0 0 0 0.377452 0.926029
1286.000000000 -29.9149 -26.5382 0 0 0 0.376041 0.926603
1286.100000000 -29.8607 -26.4863 0 0 0 0.374629 0.927175
1286.200000000 -29.8063 -26.4347 0 0 0 0.373216 0.927745
1286.300000000 -29.7518 -26.3832 0 0 0 0.371802 0.928312
1286.400000000 -29.6971 -26.3318 0 0 0 0.370387 0.928877
1286.500000000 -29.6451 -26.2778 0 0 0 0.378341 0.925666
1286.600000000 -29.5943 -26.2225 0 0 0 0.387284 0.92196
1286.700000000 -29.5446 -26.1663 0 0 0 0.39619 0.918168
1286.800000000 -29.496 -26.1091 0 0 0 0.405059 0.91429
1286.900000000 -29.4485 -26.0509 0 0 0 0.413891 0.910327
1287.000000000 -29.4021 -25.9919 0 0 0 0.422683 0.906278
1287.100000000 -29.3569 -25.932 0 0 0 0.431436 0.902144
1287.200000000 -29.3128 -25.8712 0 0 0 0.440148 0.897925
1287.300000000 -29.27 -25.8096 0 0 0 0.448819 0.893622
1287.400000000 -29.2283 -25.7471 0 0 0 0.457448 0.889236
1287.500000000 -29.1879 -25.6839 0 0 0 0.466035 0.884766
1287.600000000 -29.1507 -25.6203 0 0 0 0.477704 0.878521
1287.700000000 -29.1159 -25.5565 0 0 0 0.489705 0.871888
1287.800000000 -29.0829 -25.4917 0 0 0 0.501614 0.865091
1287.900000000 -29.0516 -25.4261 0 0 0 0.513429 0.858132
1288.000000000 -29.0222 -25.3596 0 0 0 0.525147 0.851012
1288.100000000 -28.9945 -25.2923 0 0 0 0.536766 0.843731
1288.200000000 -28.9688 -25.2243 0 0 0 0.548285 0.836292
1288.300000000 -28.9449 -25.1557 0 0 0 0.5597 0.828695
1288.400000000 -28.9229 -25.0864 0 0 0 0.57101 0.820943
1288.500000000 -28.9028 -25.0165 0 0 0 0.582213 0.813036
1288.600000000 -28.8847 -24.9461 0 0 0 0.593307 0.804977
1288.700000000 -28.8685 -24.8752 0 0 0 0.604288 0.796766
1288.800000000 -28.8542 -24.8039 0 0 0 0.615156 0.788405
1288.900000000 -28.8419 -24.7323 0 0 0 0.625909 0.779896
1289.000000000 -28.8315 -24.6603 0 0 0 0.636544 0.771241
1289.100000000 -28.8232 -24.5881 0 0 0 0.647059 0.76244
1289.200000000 -28.8161 -24.5138 0 0 0 0.656729 0.754127
1289.300000000 -28.8109 -24.4394 0 0 0 0.666293 0.74569
1289.400000000 -28.8076 -24.3648 0 0 0 0.675748 0.737133
1289.500000000 -28.8063 -24.2902 0 0 0 0.685093 0.728456
1289.600000000 -28.8048 -24.2269 0 0 0 0.689481 0.724304
1289.700000000 -28.8041 -24.1652 0 0 0 0.693729 0.720236
1289.800000000 -28.8042 -24.1052 0 0 0 0.697839 0.716254
1289.900000000 -28.8048 -24.0485 0 0 0 0.7017 0.712472
1290.000000000 -28.8061 -23.9935 0 0 0 0.705428 0.708781
1290.100000000 -28.809 -23.9185 0 0 0 0.711083 0.703108
1290.200000000 -28.813 -23.8435 0 0 0 0.716692 0.69739
1290.300000000 -28.8183 -23.7687 0 0 0 0.722255 0.691627
1290.400000000 -28.8247 -23.6939 0 0 0 0.727772 0.685819
1290.500000000 -28.8323 -23.6193 0 0 0 0.733242 0.679968
1290.600000000 -28.836 -23.5744 0 0 0 0.733722 0.679449
1290.700000000 -28.8395 -23.5312 0 0 0 0.733954 0.6792
1290.800000000 -28.8428 -23.4897 0 0 0 0.734176 0.678959
1290.900000000 -28.8461 -23.4498 0 0 0 0.734389 0.678729
1291.000000000 -28.8492 -23.4116 0 0 0 0.734593 0.678508
1291.100000000 -28.8524 -23.3734 0 0 0 0.734798 0.678286
1291.200000000 -28.8554 -23.3369 0 0 0 0.734993 0.678075
1291.300000000 -28.8583 -23.302 0 0 0 0.735179 0.677873
1291.400000000 -28.8611 -23.2688 0 0 0 0.735357 0.67768
1291.500000000 -28.864 -23.2356 0 0 0 0.735534 0.677488
1291.600000000 -28.8666 -23.204 0 0 0 0.735534 0.677488
1291.700000000 -28.869 -23.1741 0 0 0 0.735534 0.677488
1291.800000000 -28.8715 -23.1442 0 0 0 0.735534 0.677488
1291.900000000 -28.8738 -23.116 0 0 0 0.735534 0.677488
1292.000000000 -28.876 -23.0894 0 0 0 0.735534 0.677488
1292.100000000 -28.8782 -23.0628 0 0 0 0.735534 0.677488
1292.200000000 -28.8804 -23.0362 0 0 0 0.735534 0.677488
1292.300000000 -28.8825 -23.0097 0 0 0 0.735534 0.677488
1292.400000000 -28.8846 -22.9848 0 0 0 0.735534 0.677488
1292.500000000 -28.8867 -22.9598 0 0 0 0.735534 0.677488
1292.600000000 -28.8887 -22.9349 0 0 0 0.735534 0.677488
1292.700000000 -28.8908 -22.91 0 0 0 0.735534 0.677488
1292.800000000 -28.8928 -22.8851 0 0 0 0.735534 0.677488
1292.900000000 -28.8947 -22.8618 0 0 0 0.735534 0.677488
1293.000000000 -28.8968 -22.8369 0 0 0 0.735534 0.677488
1293.100000000 -28.8987 -22.8137 0 0 0 0.735534 0.677488
1293.200000000 -28.9007 -22.7887 0 0 0 0.735534 0.677488
1293.300000000 -28.9028 -22.7638 0 0 0 0.735534 0.677488
1293.400000000 -28.9048 -22.7389 0 0 0 0.735534 0.677488
1293.500000000 -28.9067 -22.7157 0 0 0 0.735534 0.677488
1293.600000000 -28.9092 -22.6841 0 0 0 0.735366 0.67767
1293.700000000 -28.9116 -22.6542 0 0 0 0.735206 0.677844
1293.800000000 -28.9139 -22.6243 0 0 0 0.735046 0.678017
1293.900000000 -28.9161 -22.596 0 0 0 0.734895 0.67818
1294.000000000 -28.9182 -22.5694 0 0 0 0.734753 0.678334
1294.100000000 -28.9202 -22.5429 0 0 0 0.734611 0.678488
1294.200000000 -28.9221 -22.5179 0 0 0 0.734478 0.678633
1294.300000000 -28.924 -22.493 0 0 0 0.734345 0.678777
1294.400000000 -28.9258 -22.4697 0 0 0 0.73422 0.678911
1294.500000000 -28.9275 -22.4465 0 0 0 0.734096 0.679046
1294.600000000 -28.9294 -22.4215 0 0 0 0.733962 0.67919
1294.700000000 -28.9313 -22.3966 0 0 0 0.733829 0.679334
1294.800000000 -28.9331 -22.3717 0 0 0 0.733696 0.679478
1294.900000000 -28.9349 -22.3467 0 0 0 0.733562 0.679622
1295.000000000 -28.9368 -22.3218 0 0 0 0.733429 0.679766
1295.100000000 -28.9386 -22.2969 0 0 0 0.733295 0.67991
1295.200000000 -28.9403 -22.2736 0 0 0 0.733171 0.680045
1295.300000000 -28.942 -22.2503 0 0 0 0.733046 0.680179
1295.400000000 -28.9435 -22.2287 0 0 0 0.73293 0.680304
1295.500000000 -28.9452 -22.2054 0 0 0 0.732806 0.680438
1295.600000000 -28.9467 -22.1838 0 0 0 0.73269 0.680563
1295.700000000 -28.9481 -22.1605 0 0 0 0.73219 0.6811
1295.800000000 -28.9494 -22.1389 0 0 0 0.731609 0.681724
1295.900000000 -28.9508 -22.1123 0 0 0 0.730893 0.682492
1296.000000000 -28.9521 -22.0873 0 0 0 0.730222 0.68321
1296.100000000 -28.9534 -22.0623 0 0 0 0.729549 0.683929
1296.200000000 -28.9547 -22.0357 0 0 0 0.728831 0.684694
1296.300000000 -28.9559 -22.0091 0 0 0 0.728112 0.685458
1296.400000000 -28.9571 -21.9824 0 0 0 0.727392 0.686222
1296.500000000 -28.9586 -21.9474 0 0 0 0.726447 0.687223
1296.600000000 -28.96 -21.9141 0 0 0 0.725726 0.687984
1296.700000000 -28.9613 -21.8825 0 0 0 0.72504 0.688707
1296.800000000 -28.9626 -21.8508 0 0 0 0.724353 0.689429
1296.900000000 -28.9638 -21.8175 0 0 0 0.72363 0.690188
1297.000000000 -28.9649 -21.7859 0 0 0 0.722942 0.690908
1297.100000000 -28.966 -21.7526 0 0 0 0.722217 0.691666
1297.200000000 -28.967 -21.7192 0 0 0 0.721492 0.692423
1297.300000000 -28.968 -21.6859 0 0 0 0.720765 0.693179
1297.400000000 -28.9688 -21.6543 0 0 0 0.720074 0.693897
1297.500000000 -28.9698 -21.6193 0 0 0 0.719501 0.694491
1297.600000000 -28.9706 -21.586 0 0 0 0.718955 0.695056
1297.700000000 -28.9714 -21.5526 0 0 0 0.718409 0.695621
1297.800000000 -28.9722 -21.521 0 0 0 0.717889 0.696157
1297.900000000 -28.9729 -21.4876 0 0 0 0.717342 0.696721
1298.000000000 -28.9735 -21.456 0 0 0 0.716821 0.697257
1298.100000000 -28.9741 -21.4227 0 0 0 0.716273 0.69782
1298.200000000 -28.9747 -21.3893 0 0 0 0.715725 0.698383
1298.300000000 -28.9752 -21.356 0 0 0 0.715175 0.698945
1298.400000000 -28.9756 -21.3243 0 0 0 0.714653 0.699479
1298.500000000 -28.976 -21.2893 0 0 0 0.714076 0.700068
1298.600000000 -28.9765 -21.256 0 0 0 0.713709 0.700442
1298.700000000 -28.977 -21.2227 0 0 0 0.713526 0.700629
1298.800000000 -28.9775 -21.1893 0 0 0 0.713342 0.700816
1298.900000000 -28.978 -21.156 0 0 0 0.713159 0.701003
1299.000000000 -28.9784 -21.1243 0 0 0 0.712984 0.70118
1299.100000000 -28.9789 -21.091 0 0 0 0.712801 0.701367
1299.200000000 -28.9793 -21.0577 0 0 0 0.712617 0.701553
1299.300000000 -28.9797 -21.026 0 0 0 0.712442 0.701731
1299.400000000 -28.9801 -20.9944 0 0 0 0.712268 0.701908
1299.500000000 -28.9805 -20.961 0 0 0 0.712084 0.702094
1299.600000000 -28.9808 -20.9294 0 0 0 0.711909 0.702271
1299.700000000 -28.9812 -20.896 0 0 0 0.711726 0.702458
1299.800000000 -28.9815 -20.8627 0 0 0 0.711542 0.702644
1299.900000000 -28.9818 -20.8294 0 0 0 0.711358 0.70283
1300.000000000 -28.9821 -20.7977 0 0 0 0.711183 0.703007
1300.100000000 -28.9824 -20.7627 0 0 0 0.710989 0.703203
1300.200000000 -28.9826 -20.7294 0 0 0 0.710805 0.703389
1300.300000000 -28.9829 -20.696 0 0 0 0.710621 0.703575
1300.400000000 -28.9831 -20.6627 0 0 0 0.710437 0.703761
1300.500000000 -28.9833 -20.6294 0 0 0 0.710253 0.703947
1300.600000000 -28.9835 -20.5977 0 0 0 0.710078 0.704124
1300.700000000 -28.9837 -20.5677 0 0 0 0.709912 0.704291
1300.800000000 -28.9838 -20.5344 0 0 0 0.709727 0.704477
1300.900000000 -28.984 -20.501 0 0 0 0.709543 0.704662
1301.000000000 -28.9841 -20.4694 0 0 0 0.709367 0.704839
1301.100000000 -28.9842 -20.4377 0 0 0 0.709192 0.705015
1301.200000000 -28.9843 -20.4044 0 0 0 0.709007 0.705201
1301.300000000 -28.9844 -20.371 0 0 0 0.708823 0.705387
1301.400000000 -28.9844 -20.3377 0 0 0 0.708638 0.705572
1301.500000000 -28.9845 -20.306 0 0 0 0.708463 0.705748
1301.600000000 -28.9845 -20.2744 0 0 0 0.708287 0.705925
1301.700000000 -28.9845 -20.2394 0 0 0 0.708093 0.706119
1301.800000000 -28.9846 -20.206 0 0 0 0.708093 0.706119
1301.900000000 -28.9847 -20.1744 0 0 0 0.708093 0.706119
1302.000000000 -28.9848 -20.141 0 0 0 0.708093 0.706119
1302.100000000 -28.9848 -20.1094 0 0 0 0.708093 0.706119
1302.200000000 -28.9849 -20.0777 0 0 0 0.708093 0.706119
1302.300000000 -28.985 -20.046 0 0 0 0.708093 0.706119
1302.400000000 -28.9851 -20.0127 0 0 0 0.708093 0.706119
1302.500000000 -28.9852 -19.9794 0 0 0 0.708093 0.706119
1302.600000000 -28.9853 -19.9477 0 0 0 0.708093 0.706119
1302.700000000 -28.9854 -19.9144 0 0 0 0.708093 0.706119
1302.800000000 -28.9855 -19.8827 0 0 0 0.708093 0.706119
1302.900000000 -28.9856 -19.8494 0 0 0 0.708093 0.706119
1303.000000000 -28.9857 -19.816 0 0 0 0.708093 0.706119
1303.100000000 -28.9858 -19.7827 0 0 0 0.708093 0.706119
1303.200000000 -28.9858 -19.751 0 0 0 0.708093 0.706119
1303.300000000 -28.9859 -19.7194 0 0 0 0.708093 0.706119
1303.400000000 -28.986 -19.686 0 0 0 0.708093 0.706119
1303.500000000 -28.9861 -19.6527 0 0 0 0.708093 0.706119
1303.600000000 -28.9862 -19.6194 0 0 0 0.708093 0.706119
1303.700000000 -28.9863 -19.5877 0 0 0 0.708093 0.706119
1303.800000000 -28.9864 -19.556 0 0 0 0.708093 0.706119
1303.900000000 -28.9865 -19.5244 0 0 0 0.708093 0.706119
1304.000000000 -28.9866 -19.491 0 0 0 0.708093 0.706119
1304.100000000 -28.9867 -19.4594 0 0 0 0.708093 0.706119
1304.200000000 -28.9868 -19.426 0 0 0 0.708093 0.706119
1304.300000000 -28.9868 -19.3927 0 0 0 0.708093 0.706119
1304.400000000 -28.9869 -19.361 0 0 0 0.708093 0.706119
1304.500000000 -28.987 -19.3277 0 0 0 0.708093 0.706119
1304.600000000 -28.9871 -19.2944 0 0 0 0.708093 0.706119
1304.700000000 -28.9872 -19.261 0 0 0 0.708093 0.706119
1304.800000000 -28.9873 -19.2294 0 0 0 0.708093 0.706119
1304.900000000 -28.9874 -19.1944 0 0 0 0.708093 0.706119
1305.000000000 -28.9875 -19.161 0 0 0 0.708093 0.706119
1305.100000000 -28.9876 -19.1294 0 0 0 0.708093 0.706119
1305.200000000 -28.9877 -19.096 0 0 0 0.708093 0.706119
1305.300000000 -28.9878 -19.0627 0 0 0 0.708093 0.706119
1305.400000000 -28.9879 -19.031 0 0 0 0.708093 0.706119
1305.500000000 -28.988 -18.996 0 0 0 0.708093 0.706119
1305.600000000 -28.988 -18.9627 0 0 0 0.708093 0.706119
1305.700000000 -28.9881 -18.9294 0 0 0 0.708093 0.706119
1305.800000000 -28.9882 -18.8977 0 0 0 0.708093 0.706119
1305.900000000 -28.9883 -18.866 0 0 0 0.708093 0.706119
1306.000000000 -28.9884 -18.8327 0 0 0 0.708093 0.706119
1306.100000000 -28.9885 -18.7994 0 0 0 0.708093 0.706119
1306.200000000 -28.9886 -18.766 0 0 0 0.708093 0.706119
1306.300000000 -28.9887 -18.7327 0 0 0 0.708093 0.706119
1306.400000000 -28.9888 -18.701 0 0 0 0.708093 0.706119
1306.500000000 -28.9889 -18.666 0 0 0 0.708093 0.706119
1306.600000000 -28.989 -18.6327 0 0 0 0.708093 0.706119
1306.700000000 -28.9891 -18.5994 0 0 0 0.708093 0.706119
1306.800000000 -28.9891 -18.5677 0 0 0 0.708093 0.706119
1306.900000000 -28.9892 -18.536 0 0 0 0.708093 0.706119
1307.000000000 -28.9893 -18.5027 0 0 0 0.708093 0.706119
1307.100000000 -28.9894 -18.4694 0 0 0 0.708093 0.706119
1307.200000000 -28.9895 -18.436 0 0 0 0.708093 0.706119
1307.300000000 -28.9896 -18.4044 0 0 0 0.708093 0.706119
1307.400000000 -28.9897 -18.3727 0 0 0 0.708093 0.706119
1307.500000000 -28.9898 -18.3377 0 0 0 0.708093 0.706119
1307.600000000 -28.9899 -18.3044 0 0 0 0.708093 0.706119
1307.700000000 -28.99 -18.271 0 0 0 0.708093 0.706119
1307.800000000 -28.9901 -18.2377 0 0 0 0.708093 0.706119
1307.900000000 -28.9902 -18.206 0 0 0 0.708093 0.706119
1308.000000000 -28.9902 -18.1744 0 0 0 0.708093 0.706119
1308.100000000 -28.9903 -18.1394 0 0 0 0.708093 0.706119
1308.200000000 -28.9904 -18.106 0 0 0 0.708093 0.706119
1308.300000000 -28.9905 -18.0727 0 0 0 0.708093 0.706119
1308.400000000 -28.9906 -18.041 0 0 0 0.708093 0.706119
1308.500000000 -28.9907 -18.006 0 0 0 0.708093 0.706119
1308.600000000 -28.9908 -17.9727 0 0 0 0.708093 0.706119
1308.700000000 -28.9909 -17.9394 0 0 0 0.708093 0.706119
1308.800000000 -28.991 -17.906 0 0 0 0.708093 0.706119
1308.900000000 -28.9911 -17.8744 0 0 0 0.708093 0.706119
1309.000000000 -28.9912 -17.8427 0 0 0 0.708093 0.706119
1309.100000000 -28.9913 -17.8077 0 0 0 0.708093 0.706119
1309.200000000 -28.9914 -17.7744 0 0 0 0.708093 0.706119
1309.300000000 -28.9915 -17.741 0 0 0 0.708093 0.706119
1309.400000000 -28.9915 -17.7094 0 0 0 0.708093 0.706119
1309.500000000 -28.9916 -17.6744 0 0 0 0.708093 0.706119
1309.600000000 -28.9917 -17.641 0 0 0 0.708093 0.706119
1309.700000000 -28.9918 -17.6077 0 0 0 0.708093 0.706119
1309.800000000 -28.9919 -17.5744 0 0 0 0.708093 0.706119
1309.900000000 -28.992 -17.541 0 0 0 0.708093 0.706119
1310.000000000 -28.9921 -17.5094 0 0 0 0.708093 0.706119
1310.100000000 -28.9922 -17.4744 0 0 0 0.708093 0.706119
1310.200000000 -28.9923 -17.441 0 0 0 0.708093 0.706119
1310.300000000 -28.9924 -17.4094 0 0 0 0.708093 0.706119
1310.400000000 -28.9925 -17.3777 0 0 0 0.708093 0.706119
1310.500000000 -28.9926 -17.3444 0 0 0 0.708093 0.706119
1310.600000000 -28.9931 -17.326 0 0 0 0.70891 0.705299
1310.700000000 -28.9937 -17.3077 0 0 0 0.70983 0.704373
1310.800000000 -28.9944 -17.2877 0 0 0 0.710831 0.703362
1310.900000000 -28.9952 -17.2677 0 0 0 0.711832 0.70235
1311.000000000 -28.996 -17.2477 0 0 0 0.712831 0.701336
1311.100000000 -28.9969 -17.2294 0 0 0 0.713745 0.700406
1311.200000000 -28.9981 -17.2028 0 0 0 0.715073 0.69905
1311.300000000 -28.9994 -17.1778 0 0 0 0.716315 0.697777
1311.400000000 -29.0009 -17.1512 0 0 0 0.717638 0.696416
1311.500000000 -29.0025 -17.1262 0 0 0 0.719156 0.694849
1311.600000000 -29.0043 -17.1013 0 0 0 0.72081 0.693132
1311.700000000 -29.0061 -17.078 0 0 0 0.722351 0.691526
1311.800000000 -29.008 -17.0547 0 0 0 0.723889 0.689917
1311.900000000 -29.0099 -17.0331 0 0 0 0.725313 0.68842
1312.000000000 -29.0118 -17.0115 0 0 0 0.726734 0.686919
1312.100000000 -29.0137 -16.9916 0 0 0 0.728043 0.685532
1312.200000000 -29.0157 -16.9717 0 0 0 0.729349 0.684142
1312.300000000 -29.0175 -16.9534 0 0 0 0.730544 0.682865
1312.400000000 -29.0196 -16.9335 0 0 0 0.731846 0.68147
1312.500000000 -29.022 -16.912 0 0 0 0.733253 0.679956
1312.600000000 -29.0243 -16.8921 0 0 0 0.734548 0.678556
1312.700000000 -29.0268 -16.8706 0 0 0 0.735949 0.677037
1312.800000000 -29.0292 -16.8507 0 0 0 0.737239 0.675632
1312.900000000 -29.0317 -16.8308 0 0 0 0.738527 0.674224
1313.000000000 -29.0341 -16.8126 0 0 0 0.739705 0.672932
1313.100000000 -29.0365 -16.7945 0 0 0 0.74088 0.671637
1313.200000000 -29.0395 -16.773 0 0 0 0.742266 0.670105
1313.300000000 -29.0423 -16.7532 0 0 0 0.743543 0.668688
1313.400000000 -29.0451 -16.7333 0 0 0 0.744818 0.667268
1313.500000000 -29.0582 -16.6594 0 0 0 0.752943 0.658085
1313.600000000 -29.0729 -16.5858 0 0 0 0.760632 0.649183
1313.700000000 -29.0893 -16.5125 0 0 0 0.768216 0.640191
1313.800000000 -29.1075 -16.4396 0 0 0 0.775693 0.63111
1313.900000000 -29.1273 -16.3672 0 0 0 0.783063 0.621942
1314.000000000 -29.1489 -16.2953 0 0 0 0.790325 0.612688
1314.100000000 -29.1721 -16.2239 0 0 0 0.797477 0.603349
1314.200000000 -29.197 -16.153 0 0 0 0.804519 0.593926
1314.300000000 -29.2236 -16.0828 0 0 0 0.81145 0.584422
1314.400000000 -29.2518 -16.0132 0 0 0 0.818268 0.574836
1314.500000000 -29.2816 -15.9443 0 0 0 0.824973 0.565171
1314.600000000 -29.3128 -15.8796 0 0 0 0.832905 0.553416
1314.700000000 -29.3455 -15.8168 0 0 0 0.84092 0.541159
1314.800000000 -29.3801 -15.7549 0 0 0 0.848755 0.528787
1314.900000000 -29.4165 -15.6941 0 0 0 0.856407 0.516301
1315.000000000 -29.4547 -15.6344 0 0 0 0.863876 0.503704
1315.100000000 -29.4946 -15.5758 0 0 0 0.87116 0.490999
1315.200000000 -29.5361 -15.5184 0 0 0 0.878257 0.478189
1315.300000000 -29.5794 -15.4623 0 0 0 0.885165 0.465276
1315.400000000 -29.6243 -15.4074 0 0 0 0.891884 0.452264
1315.500000000 -29.6713 -15.349 0 0 0 0.895731 0.444597
1315.600000000 -29.7192 -15.2912 0 0 0 0.899263 0.437408
1315.700000000 -29.768 -15.2342 0 0 0 0.902738 0.430191
1315.800000000 -29.8177 -15.178 0 0 0 0.906155 0.422946
1315.900000000 -29.8683 -15.1226 0 0 0 0.909514 0.415674
1316.000000000 -29.9198 -15.068 0 0 0 0.912814 0.408376
1316.100000000 -29.9722 -15.0142 0 0 0 0.916056 0.401051
1316.200000000 -30.0254 -14.9613 0 0 0 0.919239 0.393701
1316.300000000 -30.0794 -14.9092 0 0 0 0.922363 0.386325
1316.400000000 -30.1343 -14.858 0 0 0 0.925428 0.378925
1316.500000000 -30.19 -14.8077 0 0 0 0.928433 0.3715
1316.600000000 -30.2445 -14.7562 0 0 0 0.92872 0.370782
1316.700000000 -30.2989 -14.7046 0 0 0 0.92872 0.370782
1316.800000000 -30.3533 -14.6529 0 0 0 0.92872 0.370782
1316.900000000 -30.4077 -14.6013 0 0 0 0.92872 0.370782
1317.000000000 -30.462 -14.5496 0 0 0 0.92872 0.370782
1317.100000000 -30.5164 -14.498 0 0 0 0.92872 0.370782
1317.200000000 -30.5708 -14.4463 0 0 0 0.92872 0.370782
1317.300000000 -30.6252 -14.3947 0 0 0 0.92872 0.370782
1317.400000000 -30.6795 -14.343 0 0 0 0.92872 0.370782
1317.500000000 -30.7339 -14.2914 0 0 0 0.92872 0.370782
1317.600000000 -30.7868 -14.2381 0 0 0 0.926626 0.375984
1317.700000000 -30.8388 -14.1841 0 0 0 0.924266 0.381749
1317.800000000 -30.8902 -14.1294 0 0 0 0.92187 0.3875
1317.900000000 -30.9409 -14.0741 0 0 0 0.919438 0.393235
1318.000000000 -30.9908 -14.0181 0 0 0 0.916971 0.398955
1318.100000000 -31.0401 -13.9615 0 0 0 0.914468 0.404659
1318.200000000 -31.0887 -13.9044 0 0 0 0.911929 0.410348
1318.300000000 -31.1366 -13.8466 0 0 0 0.909355 0.416021
1318.400000000 -31.1837 -13.7882 0 0 0 0.906746 0.421677
1318.500000000 -31.2301 -13.7293 0 0 0 0.904102 0.427318
1318.600000000 -31.2758 -13.6698 0 0 0 0.901422 0.432942
1318.700000000 -31.3207 -13.6097 0 0 0 0.898708 0.438548
1318.800000000 -31.3649 -13.549 0 0 0 0.895958 0.444138
1318.900000000 -31.4083 -13.4879 0 0 0 0.893174 0.449711
1319.000000000 -31.451 -13.4261 0 0 0 0.890355 0.455266
1319.100000000 -31.4929 -13.3639 0 0 0 0.887502 0.460804
1319.200000000 -31.534 -13.3011 0 0 0 0.884614 0.466324
1319.300000000 -31.5743 -13.2379 0 0 0 0.881692 0.471825
1319.400000000 -31.6138 -13.1741 0 0 0 0.878736 0.477308
1319.500000000 -31.6448 -13.1143 0 0 0 0.87077 0.49169
1319.600000000 -31.6625 -13.0659 0 0 0 0.858409 0.512966
1319.700000000 -31.6672 -13.0296 0 0 0 0.841184 0.54075
1319.800000000 -31.6596 -13.0068 0 0 0 0.818389 0.574664
1319.900000000 -31.6496 -12.9857 0 0 0 0.793891 0.608061
1320.000000000 -31.6379 -12.9655 0 0 0 0.76803 0.640414
1320.100000000 -31.6246 -12.9463 0 0 0 0.740851 0.671669
1320.200000000 -31.6098 -12.9283 0 0 0 0.712402 0.701772
1320.300000000 -31.5935 -12.9116 0 0 0 0.682731 0.73067
1320.400000000 -31.5758 -12.8963 0 0 0 0.651888 0.758315
1320.500000000 -31.557 -12.8825 0 0 0 0.619927 0.78466
1320.600000000 -31.5363 -12.8505 0 0 0 0.594634 0.803997
1320.700000000 -31.512 -12.8043 0 0 0 0.574993 0.818158
1320.800000000 -31.4853 -12.7576 0 0 0 0.55567 0.831403
1320.900000000 -31.4564 -12.7123 0 0 0 0.536042 0.844191
1321.000000000 -31.4254 -12.6684 0 0 0 0.51612 0.856516
1321.100000000 -31.3924 -12.626 0 0 0 0.495914 0.868372
1321.200000000 -31.3574 -12.5852 0 0 0 0.475436 0.87975
1321.300000000 -31.3206 -12.546 0 0 0 0.454698 0.890646
1321.400000000 -31.282 -12.5086 0 0 0 0.43371 0.901053
1321.500000000 -31.2416 -12.4731 0 0 0 0.412484 0.910965
1321.600000000 -31.1911 -12.4247 0 0 0 0.39868 0.91709
1321.700000000 -31.1376 -12.3721 0 0 0 0.391321 0.920254
1321.800000000 -31.0835 -12.3201 0 0 0 0.384473 0.923136
1321.900000000 -31.0285 -12.269 0 0 0 0.377604 0.925967
1322.000000000 -30.9729 -12.2187 0 0 0 0.370714 0.928747
1322.100000000 -30.9164 -12.1692 0 0 0 0.363804 0.931476
1322.200000000 -30.8593 -12.1206 0 0 0 0.356873 0.934153
1322.300000000 -30.8014 -12.0728 0 0 0 0.349923 0.936779
1322.400000000 -30.7429 -12.0259 0 0 0 0.342953 0.939353
1322.500000000 -30.6836 -11.9799 0 0 0 0.335965 0.941875
1322.600000000 -30.6248 -11.9333 0 0 0 0.333176 0.942865
1322.700000000 -30.5655 -11.8873 0 0 0 0.329734 0.944074
1322.800000000 -30.5059 -11.8418 0 0 0 0.326288 0.94527
1322.900000000 -30.446 -11.7967 0 0 0 0.322837 0.946454
1323.000000000 -30.3858 -11.752 0 0 0 0.319382 0.947626
1323.100000000 -30.325 -11.708 0 0 0 0.315287 0.948996
1323.200000000 -30.2639 -11.6645 0 0 0 0.311187 0.950349
1323.300000000 -30.2024 -11.6215 0 0 0 0.30708 0.951684
1323.400000000 -30.1406 -11.5791 0 0 0 0.302967 0.953001
1323.500000000 -30.0783 -11.5372 0 0 0 0.298849 0.9543
1323.600000000 -30.0188 -11.4914 0 0 0 0.307554 0.951531
1323.700000000 -29.961 -11.4436 0 0 0 0.319198 0.947688
1323.800000000 -29.9043 -11.3944 0 0 0 0.330794 0.943703
1323.900000000 -29.8488 -11.3437 0 0 0 0.342341 0.939576
1324.000000000 -29.7946 -11.2918 0 0 0 0.353835 0.935308
1324.100000000 -29.7416 -11.2385 0 0 0 0.365277 0.930899
1324.200000000 -29.69 -11.1839 0 0 0 0.376664 0.92635
1324.300000000 -29.6398 -11.1281 0 0 0 0.387994 0.921662
1324.400000000 -29.5909 -11.0711 0 0 0 0.399266 0.916835
1324.500000000 -29.5434 -11.0129 0 0 0 0.410478 0.911871
1324.600000000 -29.4974 -10.9535 0 0 0 0.421628 0.906769
1324.700000000 -29.4527 -10.8932 0 0 0 0.432265 0.901747
1324.800000000 -29.4095 -10.8318 0 0 0 0.442842 0.8966
1324.900000000 -29.3676 -10.7695 0 0 0 0.453358 0.891328
1325.000000000 -29.3271 -10.7062 0 0 0 0.463362 0.886169
1325.100000000 -29.2881 -10.6421 0 0 0 0.473308 0.880897
1325.200000000 -29.2505 -10.5771 0 0 0 0.483193 0.875514
1325.300000000 -29.2143 -10.5113 0 0 0 0.493017 0.87002
1325.400000000 -29.1797 -10.4447 0 0 0 0.502779 0.864415
1325.500000000 -29.1467 -10.3772 0 0 0 0.512912 0.858441
1325.600000000 -29.1153 -10.309 0 0 0 0.522974 0.852349
1325.700000000 -29.0856 -10.2401 0 0 0 0.532964 0.846138
1325.800000000 -29.0574 -10.1704 0 0 0 0.54288 0.83981
1325.900000000 -29.031 -10.1002 0 0 0 0.552721 0.833366
1326.000000000 -29.0061 -10.0293 0 0 0 0.562486 0.826807
1326.100000000 -28.983 -9.95787 0 0 0 0.572173 0.820133
1326.200000000 -28.9615 -9.88591 0 0 0 0.58178 0.813346
1326.300000000 -28.9418 -9.81346 0 0 0 0.591307 0.806446
1326.400000000 -28.9237 -9.74057 0 0 0 0.600752 0.799435
1326.500000000 -28.9074 -9.66728 0 0 0 0.610115 0.792313
1326.600000000 -28.8926 -9.59366 0 0 0 0.618994 0.785396
1326.700000000 -28.8794 -9.51975 0 0 0 0.627702 0.778453
1326.800000000 -28.8681 -9.44722 0 0 0 0.635959 0.771723
1326.900000000 -28.8584 -9.37612 0 0 0 0.643959 0.76506
1327.000000000 -28.8507 -9.30815 0 0 0 0.651521 0.758631
1327.100000000 -28.8445 -9.2417 0 0 0 0.658837 0.752286
1327.200000000 -28.8397 -9.17681 0 0 0 0.665911 0.746031
1327.300000000 -28.8362 -9.11517 0 0 0 0.672567 0.740036
1327.400000000 -28.834 -9.05514 0 0 0 0.678991 0.734146
1327.500000000 -28.8328 -8.99675 0 0 0 0.685188 0.728367
1327.600000000 -28.831 -8.93508 0 0 0 0.688737 0.725012
1327.700000000 -28.8296 -8.87175 0 0 0 0.691997 0.7219
1327.800000000 -28.8287 -8.81174 0 0 0 0.695073 0.718939
1327.900000000 -28.8284 -8.75339 0 0 0 0.698051 0.716048
1328.000000000 -28.8286 -8.69671 0 0 0 0.700933 0.713227
1328.100000000 -28.8292 -8.64169 0 0 0 0.703719 0.710478
1328.200000000 -28.8302 -8.58835 0 0 0 0.70641 0.707802
1328.300000000 -28.8315 -8.53836 0 0 0 0.708924 0.705285
1328.400000000 -28.8332 -8.49004 0 0 0 0.711346 0.702842
1328.500000000 -28.8351 -8.44339 0 0 0 0.713676 0.700476
1328.600000000 -28.836 -8.39007 0 0 0 0.713676 0.700476
1328.700000000 -28.837 -8.33174 0 0 0 0.713355 0.700803
1328.800000000 -28.8381 -8.28509 0 0 0 0.713869 0.70028
1328.900000000 -28.8391 -8.2401 0 0 0 0.714116 0.700027
1329.000000000 -28.8401 -8.19678 0 0 0 0.714354 0.699784
1329.100000000 -28.8411 -8.15512 0 0 0 0.714583 0.69955
1329.200000000 -28.842 -8.11513 0 0 0 0.714803 0.699326
1329.300000000 -28.8429 -8.07681 0 0 0 0.714803 0.699326
1329.400000000 -28.8437 -8.04015 0 0 0 0.714803 0.699326
1329.500000000 -28.8445 -8.00349 0 0 0 0.714803 0.699326
1329.600000000 -28.8453 -7.9685 0 0 0 0.714803 0.699326
1329.700000000 -28.846 -7.93518 0 0 0 0.714803 0.699326
1329.800000000 -28.8467 -7.90185 0 0 0 0.714803 0.699326
1329.900000000 -28.8474 -7.87019 0 0 0 0.714803 0.699326
1330.000000000 -28.8481 -7.8402 0 0 0 0.714803 0.699326
1330.100000000 -28.8487 -7.80521 0 0 0 0.714611 0.699522
1330.200000000 -28.8493 -7.77188 0 0 0 0.714428 0.699709
1330.300000000 -28.8499 -7.74022 0 0 0 0.714254 0.699887
1330.400000000 -28.8504 -7.70855 0 0 0 0.71408 0.700065
1330.500000000 -28.8509 -7.67856 0 0 0 0.713915 0.700233
1330.600000000 -28.8509 -7.64522 0 0 0 0.71281 0.701357
1330.700000000 -28.8509 -7.61188 0 0 0 0.711705 0.702479
1330.800000000 -28.8507 -7.57854 0 0 0 0.710597 0.703599
1330.900000000 -28.8504 -7.54687 0 0 0 0.709543 0.704662
1331.000000000 -28.85 -7.5152 0 0 0 0.708488 0.705723
1331.100000000 -28.8495 -7.4802 0 0 0 0.707319 0.706894
1331.200000000 -28.8489 -7.44687 0 0 0 0.706205 0.708008
1331.300000000 -28.8481 -7.41354 0 0 0 0.705088 0.709119
1331.400000000 -28.8477 -7.38021 0 0 0 0.704717 0.709489
1331.500000000 -28.8475 -7.34688 0 0 0 0.704717 0.709489
1331.600000000 -28.8473 -7.31521 0 0 0 0.704717 0.709489
1331.700000000 -28.8471 -7.28521 0 0 0 0.704717 0.709489
1331.800000000 -28.8469 -7.25188 0 0 0 0.704717 0.709489
1331.900000000 -28.8467 -7.21855 0 0 0 0.704717 0.709489
1332.000000000 -28.8464 -7.18688 0 0 0 0.704717 0.709489
1332.100000000 -28.8462 -7.15521 0 0 0 0.704717 0.709489
1332.200000000 -28.846 -7.12188 0 0 0 0.704717 0.709489
1332.300000000 -28.8458 -7.08855 0 0 0 0.704717 0.709489
1332.400000000 -28.8456 -7.05522 0 0 0 0.704717 0.709489
1332.500000000 -28.8453 -7.02188 0 0 0 0.704717 0.709489
1332.600000000 -28.8447 -6.99022 0 0 0 0.70401 0.71019
1332.700000000 -28.844 -6.95856 0 0 0 0.703302 0.710891
1332.800000000 -28.8433 -6.92523 0 0 0 0.702556 0.711628
1332.900000000 -28.8424 -6.89191 0 0 0 0.70181 0.712365
1333.000000000 -28.8415 -6.85858 0 0 0 0.701062 0.7131
1333.100000000 -28.8406 -6.82693 0 0 0 0.700352 0.713798
1333.200000000 -28.8396 -6.79528 0 0 0 0.69964 0.714495
1333.300000000 -28.8386 -6.76362 0 0 0 0.699106 0.715018
1333.400000000 -28.8376 -6.7303 0 0 0 0.698732 0.715384
1333.500000000 -28.8366 -6.69865 0 0 0 0.698197 0.715905
1333.600000000 -28.8356 -6.66533 0 0 0 0.697822 0.716271
1333.700000000 -28.8345 -6.63368 0 0 0 0.697466 0.716618
1333.800000000 -28.8336 -6.60203 0 0 0 0.697288 0.716791
1333.900000000 -28.8326 -6.57038 0 0 0 0.697109 0.716965
1334.000000000 -28.8317 -6.53706 0 0 0 0.697109 0.716965
1334.100000000 -28.8307 -6.50541 0 0 0 0.696931 0.717138
1334.200000000 -28.8298 -6.47375 0 0 0 0.696931 0.717138
1334.300000000 -28.8288 -6.44044 0 0 0 0.696931 0.717138
1334.400000000 -28.8279 -6.40878 0 0 0 0.696931 0.717138
1334.500000000 -28.827 -6.37546 0 0 0 0.696931 0.717138
1334.600000000 -28.8261 -6.34214 0 0 0 0.697119 0.716956
1334.700000000 -28.8253 -6.30882 0 0 0 0.697306 0.716773
1334.800000000 -28.8245 -6.27716 0 0 0 0.697485 0.7166
1334.900000000 -28.8237 -6.24217 0 0 0 0.697682 0.716408
1335.000000000 -28.8229 -6.20884 0 0 0 0.697869 0.716225
1335.100000000 -28.8222 -6.17719 0 0 0 0.698047 0.716052
1335.200000000 -28.8214 -6.14386 0 0 0 0.698235 0.715869
1335.300000000 -28.8207 -6.1122 0 0 0 0.698413 0.715695
1335.400000000 -28.8201 -6.08054 0 0 0 0.698591 0.715521
1335.500000000 -28.8194 -6.04888 0 0 0 0.698769 0.715348
1335.600000000 -28.8187 -6.01555 0 0 0 0.698956 0.715165
1335.700000000 -28.8181 -5.98223 0 0 0 0.699143 0.714982
1335.800000000 -28.8175 -5.9489 0 0 0 0.699518 0.714615
1335.900000000 -28.8169 -5.91557 0 0 0 0.699705 0.714432
1336.000000000 -28.8164 -5.88391 0 0 0 0.699882 0.714258
1336.100000000 -28.8158 -5.85391 0 0 0 0.700051 0.714093
1336.200000000 -28.8154 -5.82058 0 0 0 0.700425 0.713726
1336.300000000 -28.815 -5.78725 0 0 0 0.700798 0.713359
1336.400000000 -28.8146 -5.75559 0 0 0 0.701153 0.713011
1336.500000000 -28.8142 -5.72392 0 0 0 0.701331 0.712836
1336.600000000 -28.8138 -5.69059 0 0 0 0.701704 0.712469
1336.700000000 -28.8135 -5.65893 0 0 0 0.701881 0.712294
1336.800000000 -28.8131 -5.62726 0 0 0 0.702058 0.71212
1336.900000000 -28.8127 -5.59393 0 0 0 0.702245 0.711936
1337.000000000 -28.8124 -5.56226 0 0 0 0.702422 0.711761
1337.100000000 -28.8121 -5.5306 0 0 0 0.702599 0.711586
1337.200000000 -28.8118 -5.5006 0 0 0 0.702766 0.711421
1337.300000000 -28.8115 -5.47227 0 0 0 0.702925 0.711264
1337.400000000 -28.8113 -5.44394 0 0 0 0.703083 0.711108
1337.500000000 -28.8111 -5.41727 0 0 0 0.703232 0.710961
1337.600000000 -28.8108 -5.38394 0 0 0 0.703418 0.710776
1337.700000000 -28.8106 -5.3506 0 0 0 0.703604 0.710592
1337.800000000 -28.8104 -5.31894 0 0 0 0.703781 0.710417
1337.900000000 -28.8102 -5.28727 0 0 0 0.703957 0.710242
1338.000000000 -28.81 -5.25727 0 0 0 0.704125 0.710076
1338.100000000 -28.8098 -5.22894 0 0 0 0.704283 0.70992
1338.200000000 -28.8097 -5.20061 0 0 0 0.704441 0.709763
1338.300000000 -28.8096 -5.17394 0 0 0 0.704589 0.709615
1338.400000000 -28.8095 -5.14727 0 0 0 0.704738 0.709468
1338.500000000 -28.8094 -5.12227 0 0 0 0.704877 0.709329
1338.600000000 -28.8093 -5.09061 0 0 0 0.705054 0.709154
1338.700000000 -28.8092 -5.05894 0 0 0 0.70523 0.708979
1338.800000000 -28.8091 -5.02894 0 0 0 0.705397 0.708812
1338.900000000 -28.8091 -5.00061 0 0 0 0.705555 0.708655
1339.000000000 -28.8091 -4.97227 0 0 0 0.705713 0.708498
1339.100000000 -28.809 -4.94561 0 0 0 0.705861 0.70835
1339.200000000 -28.809 -4.91894 0 0 0 0.706009 0.708203
1339.300000000 -28.809 -4.89394 0 0 0 0.706148 0.708064
1339.400000000 -28.809 -4.86894 0 0 0 0.706287 0.707925
1339.500000000 -28.8091 -4.84561 0 0 0 0.706417 0.707796
1339.600000000 -28.8091 -4.82227 0 0 0 0.706547 0.707666
1339.700000000 -28.8091 -4.80061 0 0 0 0.706667 0.707546
1339.800000000 -28.8092 -4.77894 0 0 0 0.706788 0.707426
1339.900000000 -28.8092 -4.75894 0 0 0 0.706899 0.707315
1340.000000000 -28.8093 -4.73894 0 0 0 0.70701 0.707204
1340.100000000 -28.8093 -4.72061 0 0 0 0.707112 0.707102
1340.200000000 -28.8093 -4.70061 0 0 0 0.707112 0.707102
1340.300000000 -28.8093 -4.67894 0 0 0 0.707112 0.707102
1340.400000000 -28.8093 -4.65894 0 0 0 0.707112 0.707102
1340.500000000 -28.8093 -4.62394 0 0 0 0.707112 0.707102
1340.600000000 -28.8093 -4.59061 0 0 0 0.707112 0.707102
1340.700000000 -28.8093 -4.55727 0 0 0 0.707112 0.707102
1340.800000000 -28.8093 -4.52394 0 0 0 0.707112 0.707102
1340.900000000 -28.8093 -4.49061 0 0 0 0.707112 0.707102
1341.000000000 -28.8093 -4.45894 0 0 0 0.707112 0.707102
1341.100000000 -28.8093 -4.42727 0 0 0 0.707112 0.707102
1341.200000000 -28.8093 -4.39394 0 0 0 0.707112 0.707102
1341.300000000 -28.8093 -4.36061 0 0 0 0.707112 0.707102
1341.400000000 -28.8097 -4.32894 0 0 0 0.707816 0.706397
1341.500000000 -28.8098 -4.29561 0 0 0 0.707816 0.706397
1341.600000000 -28.8098 -4.26394 0 0 0 0.707816 0.706397
1341.700000000 -28.8099 -4.23394 0 0 0 0.707816 0.706397
1341.800000000 -28.81 -4.20394 0 0 0 0.707816 0.706397
1341.900000000 -28.81 -4.17561 0 0 0 0.707816 0.706397
1342.000000000 -28.8101 -4.14727 0 0 0 0.707816 0.706397
1342.100000000 -28.8101 -4.12061 0 0 0 0.707816 0.706397
1342.200000000 -28.8102 -4.09561 0 0 0 0.707816 0.706397
1342.300000000 -28.8102 -4.06894 0 0 0 0.707816 0.706397
1342.400000000 -28.8103 -4.04394 0 0 0 0.707816 0.706397
1342.500000000 -28.8103 -4.01727 0 0 0 0.707816 0.706397
1342.600000000 -28.8104 -3.99227 0 0 0 0.707816 0.706397
1342.700000000 -28.8104 -3.96561 0 0 0 0.707816 0.706397
1342.800000000 -28.8105 -3.94061 0 0 0 0.707816 0.706397
1342.900000000 -28.8105 -3.91394 0 0 0 0.707816 0.706397
1343.000000000 -28.8106 -3.88894 0 0 0 0.707816 0.706397
1343.100000000 -28.8106 -3.86394 0 0 0 0.707816 0.706397
1343.200000000 -28.8107 -3.83727 0 0 0 0.707816 0.706397
1343.300000000 -28.8107 -3.81227 0 0 0 0.707816 0.706397
1343.400000000 -28.8108 -3.78727 0 0 0 0.707816 0.706397
1343.500000000 -28.8108 -3.76394 0 0 0 0.707816 0.706397
1343.600000000 -28.8109 -3.73727 0 0 0 0.707816 0.706397
1343.700000000 -28.8109 -3.71227 0 0 0 0.707816 0.706397
1343.800000000 -28.811 -3.68561 0 0 0 0.707816 0.706397
1343.900000000 -28.8111 -3.65894 0 0 0 0.707816 0.706397
1344.000000000 -28.8111 -3.63227 0 0 0 0.707816 0.706397
1344.100000000 -28.8112 -3.60727 0 0 0 0.707816 0.706397
1344.200000000 -28.8112 -3.58061 0 0 0 0.707816 0.706397
1344.300000000 -28.8113 -3.55394 0 0 0 0.707816 0.706397
1344.400000000 -28.8113 -3.52727 0 0 0 0.707816 0.706397
1344.500000000 -28.8114 -3.50061 0 0 0 0.707816 0.706397
1344.600000000 -28.8113 -3.47561 0 0 0 0.707677 0.706536
1344.700000000 -28.8113 -3.45061 0 0 0 0.707538 0.706675
1344.800000000 -28.8113 -3.41727 0 0 0 0.707538 0.706675
1344.900000000 -28.8114 -3.38394 0 0 0 0.707538 0.706675
1345.000000000 -28.8114 -3.35227 0 0 0 0.707538 0.706675
1345.100000000 -28.8115 -3.32227 0 0 0 0.707538 0.706675
1345.200000000 -28.8115 -3.29227 0 0 0 0.707538 0.706675
1345.300000000 -28.8115 -3.26394 0 0 0 0.707538 0.706675
1345.400000000 -28.8116 -3.23727 0 0 0 0.707538 0.706675
1345.500000000 -28.8131 -3.21395 0 0 0 0.710212 0.703988
1345.600000000 -28.8159 -3.19566 0 0 0 0.714885 0.699242
1345.700000000 -28.8284 -3.15418 0 0 0 0.734832 0.678249
1345.800000000 -28.8454 -3.13151 0 0 0 0.759898 0.650042
1345.900000000 -28.8648 -3.13242 0 0 0 0.790505 0.612455
1346.000000000 -28.8839 -3.13838 0 0 0 0.820127 0.572181
1346.100000000 -28.9023 -3.14621 0 0 0 0.8477 0.530477
1346.200000000 -28.9198 -3.15584 0 0 0 0.873153 0.487446
1346.300000000 -28.9363 -3.16717 0 0 0 0.896424 0.443198
1346.400000000 -28.9516 -3.18008 0 0 0 0.917454 0.397841
1346.500000000 -28.9655 -3.19446 0 0 0 0.936191 0.351491
1346.600000000 -28.9873 -3.19796 0 0 0 0.950302 0.31133
1346.700000000 -29.0096 -3.20242 0 0 0 0.962533 0.271164
1346.800000000 -29.0314 -3.20874 0 0 0 0.973067 0.230521
1346.900000000 -29.0526 -3.21686 0 0 0 0.981886 0.18947
1347.000000000 -29.0731 -3.22673 0 0 0 0.988974 0.148086
1347.100000000 -29.0926 -3.23829 0 0 0 0.994319 0.106441
1347.200000000 -29.1111 -3.25144 0 0 0 0.997911 0.0646076
1347.300000000 -29.1285 -3.2661 0 0 0 0.999743 0.0226607
1347.400000000 -29.1445 -3.28217 0 0 0 0.999813 -0.0193261
1347.500000000 -29.1791 -3.29641 0 0 0 0.99867 -0.0515676
1347.600000000 -29.2291 -3.31133 0 0 0 0.997128 -0.0757323
1347.700000000 -29.29 -3.32814 0 0 0 0.995549 -0.0942459
1347.800000000 -29.3519 -3.34719 0 0 0 0.993721 -0.111888
1347.900000000 -29.4131 -3.36843 0 0 0 0.99158 -0.129495
1348.000000000 -29.4736 -3.39182 0 0 0 0.989127 -0.147061
1348.100000000 -29.5331 -3.41735 0 0 0 0.986364 -0.164581
1348.200000000 -29.5917 -3.44496 0 0 0 0.983289 -0.182049
1348.300000000 -29.6493 -3.47464 0 0 0 0.979906 -0.19946
1348.400000000 -29.7058 -3.50635 0 0 0 0.976214 -0.216808
1348.500000000 -29.7612 -3.54003 0 0 0 0.972215 -0.234088
1348.600000000 -29.8265 -3.57701 0 0 0 0.970309 -0.241868
1348.700000000 -29.8925 -3.61249 0 0 0 0.970122 -0.242618
1348.800000000 -29.9587 -3.6478 0 0 0 0.970122 -0.242618
1348.900000000 -30.0249 -3.6831 0 0 0 0.970122 -0.242618
1349.000000000 -30.091 -3.71841 0 0 0 0.970122 -0.242618
1349.100000000 -30.1572 -3.75371 0 0 0 0.970122 -0.242618
1349.200000000 -30.2234 -3.78902 0 0 0 0.970122 -0.242618
1349.300000000 -30.2896 -3.82432 0 0 0 0.970122 -0.242618
1349.400000000 -30.3557 -3.85963 0 0 0 0.970122 -0.242618
1349.500000000 -30.4238 -3.89131 0 0 0 0.97255 -0.232696
1349.600000000 -30.4927 -3.92122 0 0 0 0.975107 -0.221734
1349.700000000 -30.5622 -3.94957 0 0 0 0.977541 -0.210745
1349.800000000 -30.6323 -3.97635 0 0 0 0.979851 -0.199728
1349.900000000 -30.7031 -4.00154 0 0 0 0.982037 -0.188686
1350.000000000 -30.7743 -4.02513 0 0 0 0.984099 -0.177621
1350.100000000 -30.8461 -4.04712 0 0 0 0.986036 -0.166533
1350.200000000 -30.9184 -4.06748 0 0 0 0.987848 -0.155423
1350.300000000 -30.9911 -4.08621 0 0 0 0.989535 -0.144294
1350.400000000 -31.0642 -4.1033 0 0 0 0.991096 -0.133147
1350.500000000 -31.1377 -4.11874 0 0 0 0.992532 -0.121983
1350.600000000 -31.2115 -4.13252 0 0 0 0.993842 -0.110803
1350.700000000 -31.2856 -4.14463 0 0 0 0.995027 -0.0996098
1350.800000000 -31.36 -4.15508 0 0 0 0.996085 -0.0884036
1350.900000000 -31.4345 -4.16385 0 0 0 0.997017 -0.0771861
1351.000000000 -31.5093 -4.17093 0 0 0 0.997822 -0.0659589
1351.100000000 -31.5842 -4.17633 0 0 0 0.998502 -0.0547234
1351.200000000 -31.6592 -4.18005 0 0 0 0.999054 -0.0434809
1351.300000000 -31.7342 -4.18208 0 0 0 0.99948 -0.0322329
1351.400000000 -31.8093 -4.18241 0 0 0 0.99978 -0.0209808
1351.500000000 -31.8844 -4.18106 0 0 0 0.999953 -0.00972603
1351.600000000 -31.9594 -4.17931 0 0 0 0.999999 -0.00171617
1351.700000000 -32.0344 -4.17637 0 0 0 0.99998 0.00629381
1351.800000000 -32.1093 -4.17222 0 0 0 0.999898 0.0143034
1351.900000000 -32.1842 -4.16687 0 0 0 0.999751 0.022312
1352.000000000 -32.2589 -4.16033 0 0 0 0.99954 0.0303193
1352.100000000 -32.3336 -4.15259 0 0 0 0.999265 0.0383245
1352.200000000 -32.4081 -4.14365 0 0 0 0.998926 0.0463273
1352.300000000 -32.4824 -4.13352 0 0 0 0.998523 0.0543272
1352.400000000 -32.5566 -4.1222 0 0 0 0.998056 0.0623236
1352.500000000 -32.6306 -4.10969 0 0 0 0.997525 0.0703159
1352.600000000 -32.705 -4.09978 0 0 0 0.997631 0.0687962
1352.700000000 -32.7794 -4.09037 0 0 0 0.997783 0.0665496
1352.800000000 -32.8538 -4.08131 0 0 0 0.99793 0.0643027
1352.900000000 -32.9283 -4.07257 0 0 0 0.998073 0.0620554
1353.000000000 -33.0028 -4.06418 0 0 0 0.99821 0.0598078
1353.100000000 -33.0774 -4.05612 0 0 0 0.998342 0.05756
1353.200000000 -33.152 -4.04839 0 0 0 0.998469 0.0553118
1353.300000000 -33.2267 -4.041 0 0 0 0.998591 0.0530634
1353.400000000 -33.3013 -4.03395 0 0 0 0.998708 0.0508147
1353.500000000 -33.376 -4.02695 0 0 0 0.998784 0.0492931
1353.600000000 -33.4507 -4.02017 0 0 0 0.998858 0.0477715
1353.700000000 -33.5254 -4.01362 0 0 0 0.99893 0.0462497
1353.800000000 -33.6002 -4.00729 0 0 0 0.998999 0.0447279
1353.900000000 -33.6749 -4.0012 0 0 0 0.999066 0.0432059
1354.000000000 -33.7497 -3.99533 0 0 0 0.999131 0.0416838
1354.100000000 -33.8245 -3.98969 0 0 0 0.999193 0.0401617
1354.200000000 -33.8993 -3.98428 0 0 0 0.999253 0.0386394
1354.300000000 -33.9741 -3.97909 0 0 0 0.999311 0.0371171
1354.400000000 -34.0489 -3.97414 0 0 0 0.999366 0.0355947
1354.500000000 -34.1237 -3.9688 0 0 0 0.999366 0.0355947
1354.600000000 -34.1986 -3.96347 0 0 0 0.999366 0.0355947
1354.700000000 -34.2734 -3.95813 0 0 0 0.999366 0.0355947
1354.800000000 -34.3482 -3.9528 0 0 0 0.999366 0.0355947
1354.900000000 -34.423 -3.94746 0 0 0 0.999366 0.0355947
1355.000000000 -34.4978 -3.94212 0 0 0 0.999366 0.0355947
1355.100000000 -34.5726 -3.93679 0 0 0 0.999366 0.0355947
1355.200000000 -34.6474 -3.93145 0 0 0 0.999366 0.0355947
1355.300000000 -34.7222 -3.92612 0 0 0 0.999366 0.0355947
1355.400000000 -34.797 -3.92078 0 0 0 0.999366 0.0355947
1355.500000000 -34.8719 -3.91663 0 0 0 0.999467 0.0326368
1355.600000000 -34.9468 -3.91291 0 0 0 0.999559 0.0296787
1355.700000000 -35.0218 -3.90965 0 0 0 0.999643 0.0267204
1355.800000000 -35.0967 -3.90682 0 0 0 0.999718 0.0237618
1355.900000000 -35.1717 -3.90444 0 0 0 0.999784 0.020803
1356.000000000 -35.2467 -3.9025 0 0 0 0.999841 0.017844
1356.100000000 -35.3217 -3.90101 0 0 0 0.999889 0.0148849
1356.200000000 -35.3967 -3.89996 0 0 0 0.999929 0.0119256
1356.300000000 -35.4717 -3.89936 0 0 0 0.99996 0.00896624
1356.400000000 -35.5467 -3.8992 0 0 0 0.999982 0.00600679
1356.500000000 -35.6217 -3.89948 0 0 0 0.999995 0.00304728
1356.600000000 -35.6967 -3.90021 0 0 0 1 8.77543e-05
1356.700000000 -35.7717 -3.90138 0 0 0 0.999996 -0.00287178
1356.800000000 -35.8467 -3.90299 0 0 0 0.999983 -0.00583128
1356.900000000 -35.9216 -3.90505 0 0 0 0.999961 -0.00879074
1357.000000000 -35.9966 -3.90755 0 0 0 0.999931 -0.0117501
1357.100000000 -36.0716 -3.9105 0 0 0 0.999892 -0.0147094
1357.200000000 -36.1466 -3.90862 0 0 0 0.99999 -0.00449487
1357.300000000 -36.2077 -3.9014 0 0 0 0.999889 0.0149164
1357.400000000 -36.2571 -3.88993 0 0 0 0.999203 0.0399064
1357.500000000 -36.3043 -3.87581 0 0 0 0.997842 0.0656554
1357.600000000 -36.3408 -3.85865 0 0 0 0.995368 0.096142
1357.700000000 -36.3754 -3.83929 0 0 0 0.991909 0.126949
1357.800000000 -36.4086 -3.81782 0 0 0 0.987498 0.157634
1357.900000000 -36.4405 -3.79434 0 0 0 0.982137 0.188168
1358.000000000 -36.4709 -3.76892 0 0 0 0.975832 0.218521
1358.100000000 -36.4996 -3.74167 0 0 0 0.96859 0.248664
1358.200000000 -36.5266 -3.71269 0 0 0 0.960417 0.278568
1358.300000000 -36.5518 -3.6821 0 0 0 0.95132 0.308204
1358.400000000 -36.575 -3.65 0 0 0 0.94131 0.337544
1358.500000000 -36.6106 -3.60875 0 0 0 0.933286 0.359133
1358.600000000 -36.6457 -3.56507 0 0 0 0.925069 0.379799
1358.700000000 -36.6795 -3.51942 0 0 0 0.916554 0.399912
1358.800000000 -36.7113 -3.47233 0 0 0 0.907601 0.419834
1358.900000000 -36.7409 -3.4239 0 0 0 0.898215 0.439556
1359.000000000 -36.7685 -3.37423 0 0 0 0.888401 0.459068
1359.100000000 -36.7938 -3.32339 0 0 0 0.878163 0.478361
1359.200000000 -36.8169 -3.2715 0 0 0 0.867506 0.497426
1359.300000000 -36.8377 -3.21865 0 0 0 0.856435 0.516254
1359.400000000 -36.8562 -3.16494 0 0 0 0.844956 0.534836
1359.500000000 -36.8774 -3.1037 0 0 0 0.835337 0.549737
1359.600000000 -36.8968 -3.04102 0 0 0 0.825697 0.564113
1359.700000000 -36.9141 -2.97771 0 0 0 0.81581 0.57832
1359.800000000 -36.9292 -2.91384 0 0 0 0.805678 0.592354
1359.900000000 -36.942 -2.84948 0 0 0 0.795305 0.60621
1360.000000000 -36.9527 -2.78472 0 0 0 0.784693 0.619884
1360.100000000 -36.961 -2.71962 0 0 0 0.773847 0.633373
1360.200000000 -36.9671 -2.65428 0 0 0 0.762768 0.646672
1360.300000000 -36.971 -2.58877 0 0 0 0.751462 0.659777
1360.400000000 -36.9726 -2.52316 0 0 0 0.739929 0.672684
1360.500000000 -36.9767 -2.44824 0 0 0 0.734911 0.678163
1360.600000000 -36.981 -2.37335 0 0 0 0.731976 0.68133
1360.700000000 -36.9849 -2.29844 0 0 0 0.729486 0.683996
1360.800000000 -36.9883 -2.22351 0 0 0 0.726986 0.686653
1360.900000000 -36.9911 -2.14855 0 0 0 0.724476 0.6893
1361.000000000 -36.9934 -2.07358 0 0 0 0.721956 0.691939
1361.100000000 -36.9954 -1.9986 0 0 0 0.719905 0.694072
1361.200000000 -36.997 -1.92361 0 0 0 0.717848 0.6962
1361.300000000 -36.9981 -1.84861 0 0 0 0.715785 0.698321
1361.400000000 -36.9987 -1.77361 0 0 0 0.713715 0.700436
1361.500000000 -36.999 -1.6986 0 0 0 0.711639 0.702546
1361.600000000 -36.9987 -1.6236 0 0 0 0.709556 0.704649
1361.700000000 -36.9981 -1.54859 0 0 0 0.707468 0.706746
1361.800000000 -36.9973 -1.47359 0 0 0 0.705875 0.708337
1361.900000000 -36.9964 -1.3986 0 0 0 0.704795 0.709411
1362.000000000 -36.9953 -1.3236 0 0 0 0.703713 0.710484
1362.100000000 -36.994 -1.24861 0 0 0 0.70263 0.711555
1362.200000000 -36.9924 -1.17363 0 0 0 0.701545 0.712625
1362.300000000 -36.9906 -1.09865 0 0 0 0.700459 0.713693
1362.400000000 -36.9886 -1.02367 0 0 0 0.699371 0.714759
1362.500000000 -36.9867 -0.948698 0 0 0 0.698818 0.7153
1362.600000000 -36.9846 -0.873726 0 0 0 0.698264 0.71584
1362.700000000 -36.9824 -0.798757 0 0 0 0.69771 0.71638
1362.800000000 -36.9801 -0.723792 0 0 0 0.697156 0.716919
1362.900000000 -36.9777 -0.64883 0 0 0 0.696602 0.717458
1363.000000000 -36.9752 -0.573872 0 0 0 0.696047 0.717997
1363.100000000 -36.9726 -0.498918 0 0 0 0.695491 0.718535
1363.200000000 -36.9664 -0.437466 0 0 0 0.687867 0.725836
1363.300000000 -36.9569 -0.391365 0 0 0 0.675046 0.737775
1363.400000000 -36.9426 -0.354446 0 0 0 0.654678 0.755908
1363.500000000 -36.9242 -0.333921 0 0 0 0.625303 0.780382
1363.600000000 -36.9049 -0.336084 0 0 0 0.586753 0.809766
1363.700000000 -36.886 -0.341657 0 0 0 0.546196 0.837658
1363.800000000 -36.8678 -0.349058 0 0 0 0.504316 0.863519
1363.900000000 -36.8504 -0.358213 0 0 0 0.461214 0.887289
1364.000000000 -36.834 -0.369035 0 0 0 0.416994 0.908909
1364.100000000 -36.8187 -0.381419 0 0 0 0.371765 0.928327
1364.200000000 -36.8047 -0.395245 0 0 0 0.325634 0.945496
1364.300000000 -36.7921 -0.410379 0 0 0 0.278715 0.960374
1364.400000000 -36.7811 -0.426674 0 0 0 0.231121 0.972925
1364.500000000 -36.7718 -0.443972 0 0 0 0.182966 0.983119
1364.600000000 -36.7431 -0.448885 0 0 0 0.146229 0.989251
1364.700000000 -36.6991 -0.447501 0 0 0 0.117922 0.993023
1364.800000000 -36.6521 -0.447263 0 0 0 0.0911031 0.995841
1364.900000000 -36.6021 -0.448364 0 0 0 0.0657893 0.997834
1365.000000000 -36.5522 -0.452001 0 0 0 0.0404331 0.999182
1365.100000000 -36.5026 -0.458165 0 0 0 0.0150509 0.999887
1365.200000000 -36.4646 -0.46942 0 0 0 -0.0159499 0.999873
1365.300000000 -36.4283 -0.483146 0 0 0 -0.0473517 0.998878
1365.400000000 -36.3773 -0.497559 0 0 0 -0.0711304 0.997467
1365.500000000 -36.3101 -0.513479 0 0 0 -0.086635 0.99624
1365.600000000 -36.2368 -0.529577 0 0 0 -0.0946121 0.995514
1365.700000000 -36.1633 -0.544867 0 0 0 -0.0975579 0.99523
1365.800000000 -36.0901 -0.560861 0 0 0 -0.101188 0.994867
1365.900000000 -36.017 -0.577907 0 0 0 -0.106132 0.994352
1366.000000000 -35.9446 -0.597722 0 0 0 -0.116284 0.993216
1366.100000000 -35.8719 -0.616197 0 0 0 -0.119223 0.992868
1366.200000000 -35.7992 -0.634827 0 0 0 -0.121458 0.992597
1366.300000000 -35.7267 -0.653785 0 0 0 -0.123693 0.992321
1366.400000000 -35.6542 -0.673069 0 0 0 -0.125927 0.992039
1366.500000000 -35.5818 -0.692679 0 0 0 -0.128161 0.991753
1366.600000000 -35.5082 -0.707579 0 0 0 -0.117502 0.993073
1366.700000000 -35.4439 -0.715711 0 0 0 -0.0998703 0.995
1366.800000000 -35.3802 -0.721222 0 0 0 -0.0817848 0.99665
1366.900000000 -35.3163 -0.724416 0 0 0 -0.0636724 0.997971
1367.000000000 -35.2524 -0.725288 0 0 0 -0.0455389 0.998963
1367.100000000 -35.1884 -0.723837 0 0 0 -0.0273905 0.999625
1367.200000000 -35.1246 -0.720065 0 0 0 -0.00923302 0.999957
1367.300000000 -35.0609 -0.713977 0 0 0 0.0089275 0.99996
1367.400000000 -34.9975 -0.705581 0 0 0 0.0270851 0.999633
1367.500000000 -34.9345 -0.694888 0 0 0 0.0452337 0.998976
1367.600000000 -34.8761 -0.681465 0 0 0 0.0654334 0.997857
1367.700000000 -34.8182 -0.665691 0 0 0 0.0856062 0.996329
1367.800000000 -34.7611 -0.647591 0 0 0 0.105744 0.994393
1367.900000000 -34.7022 -0.627154 0 0 0 0.124615 0.992205
1368.000000000 -34.645 -0.604541 0 0 0 0.143851 0.989599
1368.100000000 -34.5879 -0.579646 0 0 0 0.162625 0.986688
1368.200000000 -34.5317 -0.552599 0 0 0 0.181339 0.983421
1368.300000000 -34.4767 -0.523438 0 0 0 0.199988 0.979798
1368.400000000 -34.4227 -0.492206 0 0 0 0.218565 0.975822
1368.500000000 -34.37 -0.458947 0 0 0 0.237064 0.971494
1368.600000000 -34.3186 -0.423711 0 0 0 0.255476 0.966815
1368.700000000 -34.2686 -0.386547 0 0 0 0.273797 0.961788
1368.800000000 -34.22 -0.347509 0 0 0 0.292018 0.956413
1368.900000000 -34.1721 -0.306323 0 0 0 0.309738 0.950822
1369.000000000 -34.1259 -0.263387 0 0 0 0.327351 0.944903
1369.100000000 -34.1259 -0.263387 0 0 0 0.327351 0.944903
1369.200000000 -34.1259 -0.263387 0 0 0 0.327351 0.944903
1369.300000000 -34.1259 -0.263387 0 0 0 0.327351 0.944903
1369.400000000 -34.1259 -0.263387 0 0 0 0.327351 0.944903
1369.500000000 -34.1259 -0.263387 0 0 0 0.327351 0.944903
1369.600000000 -34.1259 -0.263387 0 0 0 0.327351 0.944903
1369.700000000 -34.1259 -0.263387 0 0 0 0.327351 0.944903
1369.800000000 -34.1259 -0.263387 0 0 0 0.327351 0.944903
1369.900000000 -34.1259 -0.263387 0 0 0 0.327351 0.944903
1370.000000000 -34.1259 -0.263387 0 0 0 0.327351 0.944903
1370.100000000 -34.1259 -0.263387 0 0 0 0.327351 0.944903
1370.200000000 -34.1259 -0.263387 0 0 0 0.327351 0.944903
1370.300000000 -34.1259 -0.263387 0 0 0 0.327351 0.944903
1370.400000000 -34.1259 -0.263387 0 0 0 0.327351 0.944903
1370.500000000 -34.1259 -0.263387 0 0 0 0.327351 0.944903
1370.600000000 -34.1259 -0.263387 0 0 0 0.327351 0.944903
1370.700000000 -34.1259 -0.263387 0 0 0 0.327351 0.944903
1370.800000000 -34.1259 -0.263387 0 0 0 0.327351 0.944903
1370.900000000 -34.1259 -0.263387 0 0 0 0.327351 0.944903
1371.000000000 -34.1259 -0.263387 0 0 0 0.327351 0.944903
1371.100000000 -34.1259 -0.263387 0 0 0 0.327351 0.944903
1371.200000000 -34.1259 -0.263387 0 0 0 0.327351 0.944903
1371.300000000 -34.1259 -0.263387 0 0 0 0.327351 0.944903
1371.400000000 -34.1259 -0.263387 0 0 0 0.327351 0.944903
1371.500000000 -34.1259 -0.263387 0 0 0 0.327351 0.944903
1371.600000000 -34.1259 -0.263387 0 0 0 0.327351 0.944903
1371.700000000 -34.1259 -0.263387 0 0 0 0.327351 0.944903
1371.800000000 -34.1259 -0.263387 0 0 0 0.327351 0.944903
1371.900000000 -34.1259 -0.263387 0 0 0 0.327351 0.944903
1372.000000000 -34.1259 -0.263387 0 0 0 0.327351 0.944903
1372.100000000 -34.1259 -0.263387 0 0 0 0.327351 0.944903
1372.200000000 -34.1259 -0.263387 0 0 0 0.327351 0.944903
1372.300000000 -34.1259 -0.263387 0 0 0 0.327351 0.944903
1372.400000000 -34.1259 -0.263387 0 0 0 0.327351 0.944903
1372.500000000 -34.1259 -0.263387 0 0 0 0.327351 0.944903
1372.600000000 -34.1259 -0.263387 0 0 0 0.327351 0.944903
1372.700000000 -34.1259 -0.263387 0 0 0 0.327351 0.944903
1372.800000000 -34.1259 -0.263387 0 0 0 0.327351 0.944903
1372.900000000 -34.1259 -0.263387 0 0 0 0.327351 0.944903
1373.000000000 -34.1259 -0.263387 0 0 0 0.327351 0.944903
1373.100000000 -34.1259 -0.263387 0 0 0 0.327351 0.944903
1373.200000000 -34.1259 -0.263387 0 0 0 0.327351 0.944903
1373.300000000 -34.1259 -0.263387 0 0 0 0.327351 0.944903
1373.400000000 -34.1259 -0.263387 0 0 0 0.327351 0.944903
1373.500000000 -34.1259 -0.263387 0 0 0 0.327351 0.944903
1373.600000000 -34.1259 -0.263387 0 0 0 0.327351 0.944903
1373.700000000 -34.1259 -0.263387 0 0 0 0.327351 0.944903
1373.800000000 -34.1259 -0.263387 0 0 0 0.327351 0.944903
1373.900000000 -34.1259 -0.263387 0 0 0 0.327351 0.944903
1374.000000000 -34.1259 -0.263387 0 0 0 0.327351 0.944903
1374.100000000 -34.1259 -0.263387 0 0 0 0.327351 0.944903
1374.200000000 -34.1259 -0.263387 0 0 0 0.327351 0.944903
1374.300000000 -34.1259 -0.263387 0 0 0 0.327351 0.944903
1374.400000000 -34.1259 -0.263387 0 0 0 0.327351 0.944903
1374.500000000 -34.1259 -0.263387 0 0 0 0.327351 0.944903
1374.600000000 -34.1259 -0.263387 0 0 0 0.327351 0.944903
1374.700000000 -34.1259 -0.263387 0 0 0 0.327351 0.944903
1374.800000000 -34.1259 -0.263387 0 0 0 0.327351 0.944903
1374.900000000 -34.1259 -0.263387 0 0 0 0.327351 0.944903
1375.000000000 -34.1259 -0.263387 0 0 0 0.327351 0.944903
1375.100000000 -34.1259 -0.263387 0 0 0 0.327351 0.944903
1375.200000000 -34.1259 -0.263387 0 0 0 0.327351 0.944903
1375.300000000 -34.1259 -0.263387 0 0 0 0.327351 0.944903
1375.400000000 -34.1259 -0.263387 0 0 0 0.327351 0.944903
1375.500000000 -34.0682 -0.215433 0 0 0 0.332044 0.943264
1375.600000000 -34.011 -0.166909 0 0 0 0.336729 0.941602
1375.700000000 -33.9542 -0.117818 0 0 0 0.341406 0.939916
1375.800000000 -33.898 -0.0681653 0 0 0 0.346074 0.938207
1375.900000000 -33.8423 -0.0179562 0 0 0 0.350734 0.936475
1376.000000000 -33.787 0.0328045 0 0 0 0.355385 0.93472
1376.100000000 -33.7323 0.084112 0 0 0 0.360027 0.932942
1376.200000000 -33.6781 0.135961 0 0 0 0.364661 0.931141
1376.300000000 -33.6244 0.188346 0 0 0 0.369285 0.929316
1376.400000000 -33.5712 0.241263 0 0 0 0.3739 0.927469
1376.500000000 -33.5186 0.294706 0 0 0 0.378506 0.925599
1376.600000000 -33.4655 0.347692 0 0 0 0.379916 0.925021
1376.700000000 -33.4126 0.400839 0 0 0 0.381325 0.924441
1376.800000000 -33.3598 0.454147 0 0 0 0.382733 0.923859
1376.900000000 -33.3072 0.507616 0 0 0 0.38414 0.923275
1377.000000000 -33.2548 0.561245 0 0 0 0.385546 0.922689
1377.100000000 -33.2025 0.615033 0 0 0 0.386951 0.9221
1377.200000000 -33.1504 0.668981 0 0 0 0.388355 0.92151
1377.300000000 -33.0985 0.723087 0 0 0 0.389759 0.920917
1377.400000000 -33.0467 0.77735 0 0 0 0.391161 0.920322
1377.500000000 -32.9951 0.831772 0 0 0 0.392563 0.919725
1377.600000000 -32.943 0.885715 0 0 0 0.391851 0.920029
1377.700000000 -32.8908 0.939578 0 0 0 0.39114 0.920331
1377.800000000 -32.8385 0.99336 0 0 0 0.390428 0.920634
1377.900000000 -32.7862 1.04706 0 0 0 0.389716 0.920935
1378.000000000 -32.7337 1.10068 0 0 0 0.389004 0.921236
1378.100000000 -32.6812 1.15422 0 0 0 0.388291 0.921537
1378.200000000 -32.6286 1.20768 0 0 0 0.387578 0.921837
1378.300000000 -32.5759 1.26105 0 0 0 0.386865 0.922136
1378.400000000 -32.5231 1.31435 0 0 0 0.386152 0.922435
1378.500000000 -32.4703 1.36756 0 0 0 0.385439 0.922733
1378.600000000 -32.4188 1.42212 0 0 0 0.38942 0.92106
1378.700000000 -32.368 1.4773 0 0 0 0.393994 0.919113
1378.800000000 -32.3177 1.53298 0 0 0 0.398558 0.917143
1378.900000000 -32.268 1.58916 0 0 0 0.403112 0.915151
1379.000000000 -32.2188 1.64583 0 0 0 0.407657 0.913135
1379.100000000 -32.1703 1.70299 0 0 0 0.412191 0.911097
1379.200000000 -32.1222 1.76063 0 0 0 0.416715 0.909037
1379.300000000 -32.0748 1.81871 0 0 0 0.421143 0.906994
1379.400000000 -32.0277 1.87714 0 0 0 0.425144 0.905126
1379.500000000 -31.9961 1.92015 0 0 0 0.432143 0.901805
1379.600000000 -31.9662 1.96239 0 0 0 0.439297 0.898342
1379.700000000 -31.9239 2.02443 0 0 0 0.449833 0.893113
1379.800000000 -31.8831 2.08745 0 0 0 0.460308 0.887759
1379.900000000 -31.8437 2.15141 0 0 0 0.470719 0.882283
1380.000000000 -31.8059 2.21628 0 0 0 0.481064 0.876685
1380.100000000 -31.7696 2.28202 0 0 0 0.491343 0.870966
1380.200000000 -31.7349 2.3486 0 0 0 0.501554 0.865126
1380.300000000 -31.7017 2.41598 0 0 0 0.511696 0.859167
1380.400000000 -31.6702 2.48412 0 0 0 0.521767 0.853088
1380.500000000 -31.6402 2.55298 0 0 0 0.531766 0.846892
1380.600000000 -31.6119 2.62252 0 0 0 0.541691 0.840578
1380.700000000 -31.5852 2.69272 0 0 0 0.551541 0.834148
1380.800000000 -31.5602 2.76352 0 0 0 0.561315 0.827602
1380.900000000 -31.5368 2.83486 0 0 0 0.570825 0.821072
1381.000000000 -31.5155 2.90512 0 0 0 0.58005 0.814581
1381.100000000 -31.498 2.96956 0 0 0 0.589309 0.807908
1381.200000000 -31.4824 3.03277 0 0 0 0.598262 0.801301
1381.300000000 -31.4686 3.09468 0 0 0 0.606914 0.794767
1381.400000000 -31.4567 3.1536 0 0 0 0.615045 0.788492
1381.500000000 -31.4464 3.21112 0 0 0 0.622888 0.782311
1381.600000000 -31.4362 3.2703 0 0 0 0.629288 0.777172
1381.700000000 -31.4274 3.32635 0 0 0 0.635293 0.772271
1381.800000000 -31.4198 3.38087 0 0 0 0.641085 0.76747
1381.900000000 -31.4132 3.43385 0 0 0 0.646666 0.762773
1382.000000000 -31.4075 3.48527 0 0 0 0.652041 0.758184
1382.100000000 -31.4027 3.5351 0 0 0 0.657211 0.753707
1382.200000000 -31.3988 3.58332 0 0 0 0.662179 0.749345
1382.300000000 -31.3956 3.62993 0 0 0 0.666949 0.745103
1382.400000000 -31.393 3.67491 0 0 0 0.671523 0.740984
1382.500000000 -31.3912 3.71826 0 0 0 0.675903 0.73699
1382.600000000 -31.3888 3.76322 0 0 0 0.678792 0.734331
1382.700000000 -31.3869 3.80653 0 0 0 0.681564 0.731759
1382.800000000 -31.3854 3.84819 0 0 0 0.68422 0.729276
1382.900000000 -31.3842 3.88986 0 0 0 0.686867 0.726783
1383.000000000 -31.3834 3.92987 0 0 0 0.6894 0.724381
1383.100000000 -31.3828 3.96822 0 0 0 0.691819 0.722071
1383.200000000 -31.3825 4.0049 0 0 0 0.694126 0.719853
1383.300000000 -31.3825 4.03992 0 0 0 0.696321 0.71773
1383.400000000 -31.3826 4.07494 0 0 0 0.69851 0.7156
1383.500000000 -31.383 4.10828 0 0 0 0.700589 0.713565
1383.600000000 -31.3835 4.13996 0 0 0 0.702558 0.711626
1383.700000000 -31.3842 4.17164 0 0 0 0.704522 0.709682
1383.800000000 -31.385 4.20164 0 0 0 0.706377 0.707836
1383.900000000 -31.386 4.22998 0 0 0 0.708125 0.706087
1384.000000000 -31.387 4.2583 0 0 0 0.709869 0.704334
1384.100000000 -31.3882 4.28496 0 0 0 0.711506 0.70268
1384.200000000 -31.3895 4.31328 0 0 0 0.713241 0.700919
1384.300000000 -31.391 4.34159 0 0 0 0.714972 0.699153
1384.400000000 -31.3926 4.36989 0 0 0 0.716698 0.697383
1384.500000000 -31.3943 4.39652 0 0 0 0.718319 0.695714
1384.600000000 -31.3959 4.42481 0 0 0 0.719563 0.694427
1384.700000000 -31.3975 4.45144 0 0 0 0.720732 0.693214
1384.800000000 -31.3992 4.47805 0 0 0 0.721899 0.691999
1384.900000000 -31.401 4.50467 0 0 0 0.723063 0.690782
1385.000000000 -31.4031 4.53294 0 0 0 0.724298 0.689487
1385.100000000 -31.4052 4.5612 0 0 0 0.725531 0.688189
1385.200000000 -31.4072 4.58779 0 0 0 0.726689 0.686966
1385.300000000 -31.4094 4.61438 0 0 0 0.727845 0.685741
1385.400000000 -31.4117 4.64096 0 0 0 0.728999 0.684514
1385.500000000 -31.4139 4.66587 0 0 0 0.730079 0.683362
1385.600000000 -31.4161 4.69244 0 0 0 0.73094 0.682442
1385.700000000 -31.4182 4.71736 0 0 0 0.731611 0.681722
1385.800000000 -31.4205 4.74393 0 0 0 0.732326 0.680954
1385.900000000 -31.4229 4.77049 0 0 0 0.73304 0.680185
1386.000000000 -31.4262 4.80701 0 0 0 0.734021 0.679127
1386.100000000 -31.4296 4.84352 0 0 0 0.735 0.678067
1386.200000000 -31.433 4.87836 0 0 0 0.735933 0.677054
1386.300000000 -31.4407 4.95298 0 0 0 0.738398 0.674365
1386.400000000 -31.4441 4.98447 0 0 0 0.739238 0.673444
1386.500000000 -31.4473 5.01429 0 0 0 0.740032 0.672571
1386.600000000 -31.4559 5.08881 0 0 0 0.742481 0.669867
1386.700000000 -31.4591 5.11529 0 0 0 0.743183 0.669088
1386.800000000 -31.4684 5.18972 0 0 0 0.745619 0.666372
1386.900000000 -31.4782 5.26408 0 0 0 0.748045 0.663648
1387.000000000 -31.4886 5.33837 0 0 0 0.750461 0.660914
1387.100000000 -31.4995 5.41258 0 0 0 0.752867 0.658172
1387.200000000 -31.511 5.4867 0 0 0 0.755263 0.655422
1387.300000000 -31.523 5.56075 0 0 0 0.757649 0.652662
1387.400000000 -31.5355 5.6347 0 0 0 0.760025 0.649894
1387.500000000 -31.5486 5.70856 0 0 0 0.762391 0.647117
1387.600000000 -31.5569 5.76294 0 0 0 0.76127 0.648435
1387.700000000 -31.5629 5.80418 0 0 0 0.760206 0.649682
1387.800000000 -31.5685 5.84378 0 0 0 0.759182 0.650878
1387.900000000 -31.5737 5.88176 0 0 0 0.7582 0.652023
1388.000000000 -31.5786 5.9181 0 0 0 0.757258 0.653116
1388.100000000 -31.5835 5.95445 0 0 0 0.756315 0.654208
1388.200000000 -31.588 5.98916 0 0 0 0.755413 0.655249
1388.300000000 -31.5921 6.02224 0 0 0 0.754553 0.656239
1388.400000000 -31.596 6.05367 0 0 0 0.753735 0.657179
1388.500000000 -31.5999 6.0851 0 0 0 0.752915 0.658118
1388.600000000 -31.6034 6.1149 0 0 0 0.752138 0.659006
1388.700000000 -31.6069 6.1447 0 0 0 0.751359 0.659893
1388.800000000 -31.6101 6.17285 0 0 0 0.750623 0.660731
1388.900000000 -31.6131 6.19936 0 0 0 0.749929 0.661518
1389.000000000 -31.616 6.22587 0 0 0 0.749235 0.662305
1389.100000000 -31.6187 6.25073 0 0 0 0.748583 0.663041
1389.200000000 -31.6213 6.27559 0 0 0 0.74793 0.663777
1389.300000000 -31.6237 6.2988 0 0 0 0.74732 0.664464
1389.400000000 -31.6258 6.32204 0 0 0 0.74634 0.665565
1389.500000000 -31.6278 6.34362 0 0 0 0.745544 0.666457
1389.600000000 -31.6298 6.36521 0 0 0 0.744746 0.667348
1389.700000000 -31.6315 6.38513 0 0 0 0.744009 0.66817
1389.800000000 -31.6332 6.40507 0 0 0 0.743271 0.668991
1389.900000000 -31.6349 6.425 0 0 0 0.742532 0.669811
1390.000000000 -31.6365 6.44494 0 0 0 0.741792 0.67063
1390.100000000 -31.6382 6.46654 0 0 0 0.740989 0.671517
1390.200000000 -31.6397 6.48649 0 0 0 0.740247 0.672335
1390.300000000 -31.6413 6.5081 0 0 0 0.739443 0.67322
1390.400000000 -31.6428 6.52806 0 0 0 0.738699 0.674036
1390.500000000 -31.6441 6.54801 0 0 0 0.737954 0.674851
1390.600000000 -31.6454 6.56631 0 0 0 0.737271 0.675597
1390.700000000 -31.6467 6.58627 0 0 0 0.736525 0.676411
1390.800000000 -31.6479 6.60623 0 0 0 0.735778 0.677223
1390.900000000 -31.6491 6.6262 0 0 0 0.735029 0.678035
1391.000000000 -31.6508 6.65449 0 0 0 0.733968 0.679184
1391.100000000 -31.6524 6.68279 0 0 0 0.732905 0.680331
1391.200000000 -31.6532 6.70278 0 0 0 0.731826 0.681491
1391.300000000 -31.654 6.72277 0 0 0 0.730746 0.682649
1391.400000000 -31.6547 6.74277 0 0 0 0.729664 0.683806
1391.500000000 -31.6554 6.76277 0 0 0 0.72858 0.684961
1391.600000000 -31.6561 6.78276 0 0 0 0.727604 0.685997
1391.700000000 -31.6567 6.80276 0 0 0 0.726627 0.687032
1391.800000000 -31.6572 6.82276 0 0 0 0.725649 0.688065
1391.900000000 -31.6578 6.84443 0 0 0 0.724587 0.689183
1392.000000000 -31.6582 6.86443 0 0 0 0.723606 0.690214
1392.100000000 -31.6586 6.88443 0 0 0 0.722623 0.691243
1392.200000000 -31.6589 6.90277 0 0 0 0.72172 0.692185
1392.300000000 -31.6591 6.92111 0 0 0 0.720816 0.693126
1392.400000000 -31.6595 6.95279 0 0 0 0.719253 0.694749
1392.500000000 -31.6596 6.9828 0 0 0 0.717768 0.696282
1392.600000000 -31.6597 7.01114 0 0 0 0.716363 0.697728
1392.700000000 -31.6596 7.03948 0 0 0 0.714954 0.699171
1392.800000000 -31.6594 7.06949 0 0 0 0.71346 0.700696
1392.900000000 -31.6591 7.0995 0 0 0 0.711963 0.702217
1393.000000000 -31.6587 7.12951 0 0 0 0.710462 0.703736
1393.100000000 -31.6582 7.15785 0 0 0 0.709042 0.705167
1393.200000000 -31.6575 7.18785 0 0 0 0.707535 0.706679
1393.300000000 -31.6567 7.21785 0 0 0 0.706024 0.708188
1393.400000000 -31.6558 7.24618 0 0 0 0.704595 0.70961
1393.500000000 -31.6548 7.2745 0 0 0 0.703163 0.711029
1393.600000000 -31.6537 7.30116 0 0 0 0.701812 0.712362
1393.700000000 -31.6525 7.32781 0 0 0 0.700459 0.713692
1393.800000000 -31.6514 7.35279 0 0 0 0.699189 0.714937
1393.900000000 -31.6505 7.37611 0 0 0 0.698664 0.71545
1394.000000000 -31.6498 7.39943 0 0 0 0.69827 0.715835
1394.100000000 -31.649 7.42109 0 0 0 0.697904 0.716191
1394.200000000 -31.6483 7.44274 0 0 0 0.697538 0.716548
1394.300000000 -31.6475 7.46439 0 0 0 0.697172 0.716904
1394.400000000 -31.6467 7.48438 0 0 0 0.696834 0.717233
1394.500000000 -31.6459 7.50603 0 0 0 0.696467 0.717589
1394.600000000 -31.6451 7.52602 0 0 0 0.696129 0.717917
1394.700000000 -31.6443 7.546 0 0 0 0.69579 0.718245
1394.800000000 -31.6436 7.56432 0 0 0 0.69548 0.718546
1394.900000000 -31.6428 7.58264 0 0 0 0.695169 0.718846
1395.000000000 -31.6419 7.60262 0 0 0 0.69483 0.719174
1395.100000000 -31.6411 7.6226 0 0 0 0.694491 0.719502
1395.200000000 -31.6402 7.64258 0 0 0 0.694151 0.719829
1395.300000000 -31.6392 7.66256 0 0 0 0.693812 0.720156
1395.400000000 -31.6383 7.68254 0 0 0 0.693472 0.720484
1395.500000000 -31.6373 7.70419 0 0 0 0.693104 0.720838
1395.600000000 -31.6363 7.72416 0 0 0 0.692764 0.721165
1395.700000000 -31.6352 7.7458 0 0 0 0.692395 0.721518
1395.800000000 -31.6342 7.76578 0 0 0 0.692055 0.721845
1395.900000000 -31.6332 7.78575 0 0 0 0.691714 0.722171
1396.000000000 -31.6322 7.80406 0 0 0 0.691402 0.72247
1396.100000000 -31.6312 7.82237 0 0 0 0.69109 0.722769
1396.200000000 -31.6302 7.84234 0 0 0 0.690749 0.723095
1396.300000000 -31.6292 7.86065 0 0 0 0.690436 0.723393
1396.400000000 -31.628 7.88062 0 0 0 0.690095 0.723719
1396.500000000 -31.6269 7.90058 0 0 0 0.689754 0.724044
1396.600000000 -31.6252 7.93054 0 0 0 0.689241 0.724532
1396.700000000 -31.6241 7.94884 0 0 0 0.688928 0.72483
1396.800000000 -31.6223 7.97878 0 0 0 0.688415 0.725317
1396.900000000 -31.6205 8.00706 0 0 0 0.68793 0.725777
1397.000000000 -31.6186 8.03701 0 0 0 0.687417 0.726263
1397.100000000 -31.6167 8.06695 0 0 0 0.686903 0.726749
1397.200000000 -31.6146 8.09688 0 0 0 0.686217 0.727397
1397.300000000 -31.6125 8.1268 0 0 0 0.68553 0.728044
1397.400000000 -31.6105 8.15506 0 0 0 0.684881 0.728655
1397.500000000 -31.6047 8.22985 0 0 0 0.682893 0.730519
1397.600000000 -31.5986 8.3046 0 0 0 0.6809 0.732377
1397.700000000 -31.592 8.37932 0 0 0 0.678901 0.734229
1397.800000000 -31.5851 8.454 0 0 0 0.676898 0.736077
1397.900000000 -31.5777 8.52865 0 0 0 0.67489 0.737918
1398.000000000 -31.57 8.60325 0 0 0 0.672877 0.739755
1398.100000000 -31.5618 8.67781 0 0 0 0.670859 0.741585
1398.200000000 -31.5532 8.75232 0 0 0 0.668835 0.743411
1398.300000000 -31.5442 8.82679 0 0 0 0.666807 0.74523
1398.400000000 -31.5349 8.9012 0 0 0 0.664774 0.747044
1398.500000000 -31.5251 8.97556 0 0 0 0.662736 0.748853
1398.600000000 -31.5149 9.04987 0 0 0 0.660693 0.750656
1398.700000000 -31.5043 9.12412 0 0 0 0.658645 0.752454
1398.800000000 -31.4933 9.19832 0 0 0 0.656592 0.754246
1398.900000000 -31.4818 9.27245 0 0 0 0.654535 0.756032
1399.000000000 -31.47 9.34652 0 0 0 0.652472 0.757813
1399.100000000 -31.4578 9.42052 0 0 0 0.650405 0.759588
1399.200000000 -31.4452 9.49445 0 0 0 0.648333 0.761357
1399.300000000 -31.4322 9.56832 0 0 0 0.646256 0.763121
1399.400000000 -31.4187 9.64211 0 0 0 0.644174 0.764879
1399.500000000 -31.4049 9.71583 0 0 0 0.642087 0.766632
1399.600000000 -31.3907 9.78947 0 0 0 0.639996 0.768378
1399.700000000 -31.3722 9.85883 0 0 0 0.629035 0.777377
1399.800000000 -31.3519 9.91026 0 0 0 0.611278 0.791416
1399.900000000 -31.3304 9.94437 0 0 0 0.586788 0.809741
1400.000000000 -31.3091 9.95824 0 0 0 0.554117 0.832439
1400.100000000 -31.2907 9.95118 0 0 0 0.512484 0.858697
1400.200000000 -31.2732 9.94236 0 0 0 0.469609 0.882874
1400.300000000 -31.2565 9.93185 0 0 0 0.425597 0.904913
1400.400000000 -31.241 9.91976 0 0 0 0.380553 0.924759
1400.500000000 -31.2268 9.9062 0 0 0 0.334588 0.942365
1400.600000000 -31.2139 9.89131 0 0 0 0.287812 0.957687
1400.700000000 -31.2026 9.87522 0 0 0 0.240339 0.970689
1400.800000000 -31.1929 9.85811 0 0 0 0.192283 0.98134
1400.900000000 -31.185 9.84012 0 0 0 0.143761 0.989612
1401.000000000 -31.1788 9.82144 0 0 0 0.0948915 0.995488
1401.100000000 -31.1746 9.80224 0 0 0 0.0457918 0.998951
1401.200000000 -31.1722 9.78272 0 0 0 -0.00341886 0.999994
1401.300000000 -31.1717 9.76306 0 0 0 -0.0526212 0.998615
1401.400000000 -31.1732 9.74344 0 0 0 -0.101696 0.994816
1401.500000000 -31.1766 9.72408 0 0 0 -0.150525 0.988606
1401.600000000 -31.1572 9.70244 0 0 0 -0.187235 0.982315
1401.700000000 -31.1219 9.67617 0 0 0 -0.215208 0.976568
1401.800000000 -31.0841 9.64695 0 0 0 -0.241079 0.970506
1401.900000000 -31.0471 9.61554 0 0 0 -0.2664 0.963863
1402.000000000 -31.0118 9.58223 0 0 0 -0.291539 0.956559
1402.100000000 -30.9784 9.54712 0 0 0 -0.316478 0.9486
1402.200000000 -30.9468 9.51031 0 0 0 -0.3412 0.939991
1402.300000000 -30.9172 9.4719 0 0 0 -0.365688 0.930737
1402.400000000 -30.8896 9.43199 0 0 0 -0.389926 0.920846
1402.500000000 -30.8641 9.39069 0 0 0 -0.413896 0.910324
1402.600000000 -30.8409 9.34811 0 0 0 -0.437583 0.899178
1402.700000000 -30.8199 9.30438 0 0 0 -0.46097 0.887416
1402.800000000 -30.8012 9.25961 0 0 0 -0.484041 0.875045
1402.900000000 -30.7849 9.21392 0 0 0 -0.50678 0.862075
1403.000000000 -30.771 9.16744 0 0 0 -0.529172 0.848514
1403.100000000 -30.7596 9.1203 0 0 0 -0.551202 0.834372
1403.200000000 -30.7506 9.07262 0 0 0 -0.572853 0.819658
1403.300000000 -30.7442 9.02454 0 0 0 -0.594112 0.804382
1403.400000000 -30.7329 8.96404 0 0 0 -0.608076 0.793879
1403.500000000 -30.7176 8.89098 0 0 0 -0.616638 0.787247
1403.600000000 -30.6992 8.81828 0 0 0 -0.615663 0.788009
1403.700000000 -30.6802 8.75275 0 0 0 -0.610524 0.791998
1403.800000000 -30.6602 8.68651 0 0 0 -0.605734 0.795667
1403.900000000 -30.6395 8.62052 0 0 0 -0.600922 0.799307
1404.000000000 -30.6179 8.5538 0 0 0 -0.596475 0.802631
1404.100000000 -30.5956 8.48732 0 0 0 -0.59201 0.805931
1404.200000000 -30.5724 8.42009 0 0 0 -0.587925 0.808916
1404.300000000 -30.5486 8.3541 0 0 0 -0.583425 0.812167
1404.400000000 -30.5239 8.28636 0 0 0 -0.57972 0.814816
1404.500000000 -30.4985 8.21885 0 0 0 -0.576003 0.817448
1404.600000000 -30.4724 8.15052 0 0 0 -0.572698 0.819767
1404.700000000 -30.4457 8.08241 0 0 0 -0.569383 0.822072
1404.800000000 -30.4183 8.01345 0 0 0 -0.566497 0.824064
1404.900000000 -30.3904 7.94468 0 0 0 -0.563603 0.826045
1405.000000000 -30.362 7.87528 0 0 0 -0.561154 0.827712
1405.100000000 -30.3331 7.80605 0 0 0 -0.558699 0.82937
1405.200000000 -30.3038 7.73699 0 0 0 -0.556239 0.831022
1405.300000000 -30.2742 7.66811 0 0 0 -0.553775 0.832666
1405.400000000 -30.2415 7.60524 0 0 0 -0.541522 0.840687
1405.500000000 -30.2109 7.56014 0 0 0 -0.522017 0.852935
1405.600000000 -30.1827 7.53228 0 0 0 -0.495328 0.868706
1405.700000000 -30.1593 7.52439 0 0 0 -0.459908 0.887966
1405.800000000 -30.1429 7.53526 0 0 0 -0.415657 0.909521
1405.900000000 -30.1285 7.54908 0 0 0 -0.369681 0.929159
1406.000000000 -30.1155 7.56427 0 0 0 -0.32278 0.946474
1406.100000000 -30.1041 7.58069 0 0 0 -0.275073 0.961423
1406.200000000 -30.0944 7.59816 0 0 0 -0.226678 0.97397
1406.300000000 -30.0864 7.61652 0 0 0 -0.177716 0.984082
1406.400000000 -30.0804 7.63558 0 0 0 -0.128311 0.991734
1406.500000000 -30.0763 7.65514 0 0 0 -0.0785842 0.996907
1406.600000000 -30.0741 7.67502 0 0 0 -0.0286614 0.999589
1406.700000000 -30.074 7.69501 0 0 0 0.0213331 0.999772
1406.800000000 -30.0758 7.71491 0 0 0 0.0712742 0.997457
1406.900000000 -30.0797 7.73453 0 0 0 0.121037 0.992648
1407.000000000 -30.0854 7.75368 0 0 0 0.170498 0.985358
1407.100000000 -30.0931 7.77215 0 0 0 0.219532 0.975605
1407.200000000 -30.1025 7.78976 0 0 0 0.268018 0.963414
1407.300000000 -30.1137 7.80634 0 0 0 0.315833 0.948815
1407.400000000 -30.1036 7.83277 0 0 0 0.351406 0.936223
1407.500000000 -30.0798 7.86896 0 0 0 0.378368 0.925655
1407.600000000 -30.0444 7.91541 0 0 0 0.397759 0.91749
1407.700000000 -29.9981 7.97264 0 0 0 0.409867 0.912145
1407.800000000 -29.952 8.03193 0 0 0 0.421021 0.907051
1407.900000000 -29.9074 8.09234 0 0 0 0.432111 0.90182
1408.000000000 -29.8642 8.15382 0 0 0 0.443136 0.896454
1408.100000000 -29.8226 8.21633 0 0 0 0.454095 0.890953
1408.200000000 -29.7826 8.27985 0 0 0 0.464985 0.885318
1408.300000000 -29.7441 8.34434 0 0 0 0.475806 0.87955
1408.400000000 -29.7072 8.40974 0 0 0 0.486555 0.87365
1408.500000000 -29.6719 8.47604 0 0 0 0.49723 0.867619
1408.600000000 -29.6382 8.54318 0 0 0 0.507831 0.861457
1408.700000000 -29.6062 8.61112 0 0 0 0.518356 0.855165
1408.800000000 -29.5759 8.67983 0 0 0 0.528803 0.848745
1408.900000000 -29.5473 8.74926 0 0 0 0.53917 0.842197
1409.000000000 -29.5204 8.81937 0 0 0 0.549456 0.835523
1409.100000000 -29.4952 8.89012 0 0 0 0.559659 0.828723
1409.200000000 -29.4717 8.96146 0 0 0 0.569779 0.821798
1409.300000000 -29.45 9.03336 0 0 0 0.579813 0.81475
1409.400000000 -29.4255 9.10422 0 0 0 0.579813 0.81475
1409.500000000 -29.3963 9.17342 0 0 0 0.569779 0.821798
1409.600000000 -29.3682 9.22455 0 0 0 0.552363 0.833604
1409.700000000 -29.3412 9.25848 0 0 0 0.527994 0.849248
1409.800000000 -29.3171 9.27329 0 0 0 0.495577 0.868564
1409.900000000 -29.2957 9.27564 0 0 0 0.457636 0.889139
1410.000000000 -29.2746 9.275 0 0 0 0.418292 0.908312
1410.100000000 -29.2538 9.27251 0 0 0 0.378147 0.925746
1410.200000000 -29.2332 9.26822 0 0 0 0.337277 0.941405
1410.300000000 -29.213 9.26213 0 0 0 0.295762 0.955262
1410.400000000 -29.1935 9.25431 0 0 0 0.25368 0.967288
1410.500000000 -29.1747 9.24482 0 0 0 0.211111 0.977462
1410.600000000 -29.1569 9.23372 0 0 0 0.168139 0.985763
1410.700000000 -29.14 9.2211 0 0 0 0.124844 0.992176
1410.800000000 -29.1244 9.20705 0 0 0 0.0813103 0.996689
1410.900000000 -29.11 9.19169 0 0 0 0.0376208 0.999292
1411.000000000 -29.097 9.17513 0 0 0 -0.00614082 0.999981
1411.100000000 -29.0856 9.15751 0 0 0 -0.0498907 0.998755
1411.200000000 -29.0757 9.13894 0 0 0 -0.0935449 0.995615
1411.300000000 -29.0674 9.11958 0 0 0 -0.13702 0.990568
1411.400000000 -29.0609 9.09958 0 0 0 -0.180233 0.983624
1411.500000000 -29.0562 9.07909 0 0 0 -0.2231 0.974796
1411.600000000 -29.0334 9.05357 0 0 0 -0.254847 0.966981
1411.700000000 -28.9968 9.02145 0 0 0 -0.278689 0.960381
1411.800000000 -28.9603 8.98699 0 0 0 -0.301631 0.953425
1411.900000000 -28.9255 8.95082 0 0 0 -0.324399 0.94592
1412.000000000 -28.8925 8.91303 0 0 0 -0.346981 0.937872
1412.100000000 -28.8614 8.8737 0 0 0 -0.369364 0.929285
1412.200000000 -28.8322 8.83292 0 0 0 -0.391534 0.920164
1412.300000000 -28.8049 8.79079 0 0 0 -0.41348 0.910513
1412.400000000 -28.7797 8.7474 0 0 0 -0.435187 0.90034
1412.500000000 -28.7566 8.70285 0 0 0 -0.456645 0.889649
1412.600000000 -28.7357 8.65725 0 0 0 -0.47784 0.878447
1412.700000000 -28.717 8.61069 0 0 0 -0.498761 0.86674
1412.800000000 -28.6995 8.56211 0 0 0 -0.51874 0.854932
1412.900000000 -28.6853 8.51401 0 0 0 -0.539085 0.842251
1413.000000000 -28.6733 8.46527 0 0 0 -0.55912 0.829087
1413.100000000 -28.6638 8.41602 0 0 0 -0.578834 0.815445
1413.200000000 -28.6562 8.36568 0 0 0 -0.597909 0.801564
1413.300000000 -28.651 8.31505 0 0 0 -0.61665 0.787237
1413.400000000 -28.6481 8.26422 0 0 0 -0.635049 0.772472
1413.500000000 -28.6477 8.21332 0 0 0 -0.653094 0.757277
1413.600000000 -28.6553 8.17675 0 0 0 -0.677182 0.735816
1413.700000000 -28.6708 8.1601 0 0 0 -0.707473 0.706741
1413.800000000 -28.6904 8.15954 0 0 0 -0.741392 0.671072
1413.900000000 -28.7101 8.16092 0 0 0 -0.773515 0.633777
1414.000000000 -28.7294 8.16422 0 0 0 -0.803765 0.594947
1414.100000000 -28.7484 8.16941 0 0 0 -0.832066 0.554676
1414.200000000 -28.7668 8.17643 0 0 0 -0.858352 0.513061
1414.300000000 -28.7844 8.18523 0 0 0 0.882559 -0.470203
1414.400000000 -28.801 8.19572 0 0 0 0.904627 -0.426205
1414.500000000 -28.8165 8.20779 0 0 0 0.924503 -0.381175
1414.600000000 -28.8308 8.22133 0 0 0 0.942139 -0.335221
1414.700000000 -28.8437 8.23621 0 0 0 0.957493 -0.288456
1414.800000000 -28.855 8.25227 0 0 0 0.970527 -0.240991
1414.900000000 -28.8647 8.26938 0 0 0 0.98121 -0.192943
1415.000000000 -28.8727 8.28736 0 0 0 0.989516 -0.144427
1415.100000000 -28.8789 8.30603 0 0 0 0.995424 -0.0955607
1415.200000000 -28.8832 8.32522 0 0 0 0.99892 -0.0464633
1415.300000000 -28.8856 8.34474 0 0 0 0.999996 0.0027466
1415.400000000 -28.8861 8.3644 0 0 0 0.99865 0.0519499
1415.500000000 -28.8846 8.38401 0 0 0 0.994884 0.101027
1415.600000000 -28.8812 8.40339 0 0 0 0.988707 0.14986
1415.700000000 -28.8759 8.42233 0 0 0 0.980135 0.19833
1415.800000000 -28.8688 8.44067 0 0 0 0.969189 0.246319
1415.900000000 -28.8599 8.45822 0 0 0 0.955894 0.293711
1416.000000000 -28.8494 8.47481 0 0 0 0.940284 0.340392
1416.100000000 -28.8372 8.49029 0 0 0 0.922395 0.386248
1416.200000000 -28.8236 8.50449 0 0 0 0.902272 0.431168
1416.300000000 -28.8087 8.51729 0 0 0 0.879962 0.475043
1416.400000000 -28.7926 8.52856 0 0 0 0.855521 0.517768
1416.500000000 -28.7754 8.53819 0 0 0 0.829007 0.559238
1416.600000000 -28.7574 8.54609 0 0 0 0.800484 0.599354
1416.700000000 -28.7387 8.55218 0 0 0 0.770022 0.638017
1416.800000000 -28.7195 8.5564 0 0 0 0.737695 0.675134
1416.900000000 -28.7 8.55871 0 0 0 0.70358 0.710616
1417.000000000 -28.6803 8.5591 0 0 0 0.66776 0.744376
1417.100000000 -28.6607 8.55754 0 0 0 0.630323 0.776333
1417.200000000 -28.6414 8.55407 0 0 0 0.591359 0.806409
1417.300000000 -28.6224 8.54871 0 0 0 0.550962 0.834531
1417.400000000 -28.6041 8.54152 0 0 0 0.50923 0.860631
1417.500000000 -28.5866 8.53257 0 0 0 0.466264 0.884646
1417.600000000 -28.5656 8.53233 0 0 0 0.427108 0.904201
1417.700000000 -28.5346 8.54886 0 0 0 0.396529 0.918022
1417.800000000 -28.4937 8.57754 0 0 0 0.373092 0.927794
1417.900000000 -28.4467 8.61077 0 0 0 0.353115 0.93558
1418.000000000 -28.3988 8.6413 0 0 0 0.332597 0.943069
1418.100000000 -28.3485 8.67097 0 0 0 0.312683 0.949858
1418.200000000 -28.2971 8.6985 0 0 0 0.292629 0.956226
1418.300000000 -28.2445 8.72384 0 0 0 0.272447 0.962171
1418.400000000 -28.1909 8.74695 0 0 0 0.252143 0.96769
1418.500000000 -28.1364 8.76778 0 0 0 0.231729 0.97278
1418.600000000 -28.0811 8.78631 0 0 0 0.211211 0.97744
1418.700000000 -28.025 8.80248 0 0 0 0.1906 0.981668
1418.800000000 -27.9683 8.81629 0 0 0 0.169905 0.98546
1418.900000000 -27.9111 8.8277 0 0 0 0.149134 0.988817
1419.000000000 -27.8534 8.83669 0 0 0 0.128298 0.991736
1419.100000000 -27.7955 8.84325 0 0 0 0.107404 0.994215
1419.200000000 -27.7372 8.84736 0 0 0 0.0864635 0.996255
1419.300000000 -27.6789 8.84902 0 0 0 0.0654843 0.997854
1419.400000000 -27.62 8.85004 0 0 0 0.048791 0.998809
1419.500000000 -27.5768 8.848 0 0 0 0.0332045 0.999449
1419.600000000 -27.5342 8.84446 0 0 0 0.0173122 0.99985
1419.700000000 -27.4918 8.83957 0 0 0 0.00141549 0.999999
1419.800000000 -27.4495 8.83333 0 0 0 -0.0144815 0.999895
1419.900000000 -27.4075 8.82575 0 0 0 -0.0303749 0.999539
1420.000000000 -27.3657 8.81684 0 0 0 -0.0462606 0.998929
1420.100000000 -27.3242 8.80661 0 0 0 -0.0621346 0.998068
1420.200000000 -27.2831 8.79506 0 0 0 -0.0779929 0.996954
1420.300000000 -27.2417 8.78223 0 0 0 -0.0935351 0.995616
1420.400000000 -27.2008 8.76812 0 0 0 -0.109054 0.994036
1420.500000000 -27.1603 8.75274 0 0 0 -0.124547 0.992214
1420.600000000 -27.1203 8.73611 0 0 0 -0.14001 0.99015
1420.700000000 -27.0809 8.71823 0 0 0 -0.155438 0.987846
1420.800000000 -27.042 8.69914 0 0 0 -0.170829 0.985301
1420.900000000 -26.9982 8.67801 0 0 0 -0.183459 0.983027
1421.000000000 -26.9549 8.65576 0 0 0 -0.196059 0.980592
1421.100000000 -26.9122 8.63241 0 0 0 -0.208627 0.977995
1421.200000000 -26.8701 8.60797 0 0 0 -0.22116 0.975237
1421.300000000 -26.8286 8.58246 0 0 0 -0.233657 0.972319
1421.400000000 -26.7872 8.55571 0 0 0 -0.245805 0.969319
1421.500000000 -26.7464 8.52793 0 0 0 -0.257915 0.966168
1421.600000000 -26.6987 8.49843 0 0 0 -0.262205 0.965012
1421.700000000 -26.6494 8.47157 0 0 0 -0.257915 0.966168
1421.800000000 -26.6099 8.45394 0 0 0 -0.2473 0.968939
1421.900000000 -26.5705 8.43755 0 0 0 -0.236384 0.97166
1422.000000000 -26.5312 8.4224 0 0 0 -0.225166 0.97432
1422.100000000 -26.4915 8.40816 0 0 0 -0.213918 0.976852
1422.200000000 -26.4515 8.39485 0 0 0 -0.202642 0.979253
1422.300000000 -26.4113 8.38245 0 0 0 -0.191339 0.981524
1422.400000000 -26.3707 8.37099 0 0 0 -0.180011 0.983665
1422.500000000 -26.3299 8.36047 0 0 0 -0.168659 0.985675
1422.600000000 -26.2889 8.35089 0 0 0 -0.157284 0.987553
1422.700000000 -26.2476 8.34226 0 0 0 -0.145888 0.989301
1422.800000000 -26.2062 8.33459 0 0 0 -0.134473 0.990917
1422.900000000 -26.1646 8.32787 0 0 0 -0.12304 0.992402
1423.000000000 -26.1228 8.32211 0 0 0 -0.111591 0.993754
1423.100000000 -26.081 8.31731 0 0 0 -0.100127 0.994975
1423.200000000 -26.039 8.31349 0 0 0 -0.0886496 0.996063
1423.300000000 -25.9969 8.31063 0 0 0 -0.0771604 0.997019
1423.400000000 -25.9969 8.31063 0 0 0 -0.0771604 0.997019
1423.500000000 -25.9969 8.31063 0 0 0 -0.0771604 0.997019
1423.600000000 -25.9969 8.31063 0 0 0 -0.0771604 0.997019
1423.700000000 -25.9969 8.31063 0 0 0 -0.0771604 0.997019
1423.800000000 -25.9969 8.31063 0 0 0 -0.0771604 0.997019
1423.900000000 -25.9969 8.31063 0 0 0 -0.0771604 0.997019
1424.000000000 -25.9969 8.31063 0 0 0 -0.0771604 0.997019
1424.100000000 -25.9969 8.31063 0 0 0 -0.0771604 0.997019
1424.200000000 -25.9969 8.31063 0 0 0 -0.0771604 0.997019
1424.300000000 -25.9969 8.31063 0 0 0 -0.0771604 0.997019
1424.400000000 -25.9969 8.31063 0 0 0 -0.0771604 0.997019
1424.500000000 -25.9969 8.31063 0 0 0 -0.0771604 0.997019
1424.600000000 -25.9969 8.31063 0 0 0 -0.0771604 0.997019
1424.700000000 -25.9969 8.31063 0 0 0 -0.0771604 0.997019
1424.800000000 -25.9969 8.31063 0 0 0 -0.0771604 0.997019
1424.900000000 -25.9969 8.31063 0 0 0 -0.0771604 0.997019
1425.000000000 -25.9969 8.31063 0 0 0 -0.0771604 0.997019
1425.100000000 -25.9969 8.31063 0 0 0 -0.0771604 0.997019
1425.200000000 -25.9969 8.31063 0 0 0 -0.0771604 0.997019
1425.300000000 -25.9969 8.31063 0 0 0 -0.0771604 0.997019
1425.400000000 -25.9969 8.31063 0 0 0 -0.0771604 0.997019
1425.500000000 -25.9969 8.31063 0 0 0 -0.0771604 0.997019
1425.600000000 -25.9969 8.31063 0 0 0 -0.0771604 0.997019
1425.700000000 -25.9969 8.31063 0 0 0 -0.0771604 0.997019
1425.800000000 -25.9969 8.31063 0 0 0 -0.0771604 0.997019
1425.900000000 -25.9969 8.31063 0 0 0 -0.0771604 0.997019
1426.000000000 -25.9969 8.31063 0 0 0 -0.0771604 0.997019
1426.100000000 -25.9969 8.31063 0 0 0 -0.0771604 0.997019
1426.200000000 -25.9969 8.31063 0 0 0 -0.0771604 0.997019
1426.300000000 -25.9969 8.31063 0 0 0 -0.0771604 0.997019
1426.400000000 -25.9969 8.31063 0 0 0 -0.0771604 0.997019
1426.500000000 -25.9969 8.31063 0 0 0 -0.0771604 0.997019
1426.600000000 -25.9969 8.31063 0 0 0 -0.0771604 0.997019
1426.700000000 -25.9969 8.31063 0 0 0 -0.0771604 0.997019
1426.800000000 -25.9969 8.31063 0 0 0 -0.0771604 0.997019
1426.900000000 -25.9969 8.31063 0 0 0 -0.0771604 0.997019
1427.000000000 -25.9969 8.31063 0 0 0 -0.0771604 0.997019
1427.100000000 -25.9969 8.31063 0 0 0 -0.0771604 0.997019
1427.200000000 -25.9969 8.31063 0 0 0 -0.0771604 0.997019
1427.300000000 -25.9969 8.31063 0 0 0 -0.0771604 0.997019
1427.400000000 -25.9969 8.31063 0 0 0 -0.0771604 0.997019
1427.500000000 -25.9969 8.31063 0 0 0 -0.0771604 0.997019
1427.600000000 -25.9969 8.31063 0 0 0 -0.0771604 0.997019
1427.700000000 -25.9969 8.31063 0 0 0 -0.0771604 0.997019
1427.800000000 -25.9969 8.31063 0 0 0 -0.0771604 0.997019
1427.900000000 -25.9969 8.31063 0 0 0 -0.0771604 0.997019
1428.000000000 -25.9969 8.31063 0 0 0 -0.0771604 0.997019
1428.100000000 -25.9969 8.31063 0 0 0 -0.0771604 0.997019
1428.200000000 -25.9969 8.31063 0 0 0 -0.0771604 0.997019
1428.300000000 -25.9969 8.31063 0 0 0 -0.0771604 0.997019
1428.400000000 -25.9969 8.31063 0 0 0 -0.0771604 0.997019
1428.500000000 -25.9969 8.31063 0 0 0 -0.0771604 0.997019
1428.600000000 -25.9969 8.31063 0 0 0 -0.0771604 0.997019
1428.700000000 -25.9969 8.31063 0 0 0 -0.0771604 0.997019
1428.800000000 -25.9969 8.31063 0 0 0 -0.0771604 0.997019
1428.900000000 -25.9969 8.31063 0 0 0 -0.0771604 0.997019
1429.000000000 -25.9969 8.31063 0 0 0 -0.0771604 0.997019
1429.100000000 -25.9969 8.31063 0 0 0 -0.0771604 0.997019
1429.200000000 -25.9969 8.31063 0 0 0 -0.0771604 0.997019
1429.300000000 -25.9969 8.31063 0 0 0 -0.0771604 0.997019
1429.400000000 -25.9969 8.31063 0 0 0 -0.0771604 0.997019
1429.500000000 -25.9969 8.31063 0 0 0 -0.0771604 0.997019
1429.600000000 -25.9969 8.31063 0 0 0 -0.0771604 0.997019
1429.700000000 -25.9969 8.31063 0 0 0 -0.0771604 0.997019
1429.800000000 -25.9969 8.31063 0 0 0 -0.0771604 0.997019
1429.900000000 -25.9969 8.31063 0 0 0 -0.0771604 0.997019
1430.000000000 -25.9969 8.31063 0 0 0 -0.0771604 0.997019
1430.100000000 -25.9969 8.31063 0 0 0 -0.0771604 0.997019
1430.200000000 -25.9969 8.31063 0 0 0 -0.0771604 0.997019
1430.300000000 -25.9969 8.31063 0 0 0 -0.0771604 0.997019
1430.400000000 -25.9969 8.31063 0 0 0 -0.0771604 0.997019
1430.500000000 -25.9969 8.31063 0 0 0 -0.0771604 0.997019
1430.600000000 -25.9969 8.31063 0 0 0 -0.0771604 0.997019
1430.700000000 -25.9969 8.31063 0 0 0 -0.0771604 0.997019
1430.800000000 -25.9969 8.31063 0 0 0 -0.0771604 0.997019
1430.900000000 -25.9969 8.31063 0 0 0 -0.0771604 0.997019
1431.000000000 -25.9969 8.31063 0 0 0 -0.0771604 0.997019
1431.100000000 -25.9969 8.31063 0 0 0 -0.0771604 0.997019
1431.200000000 -25.9969 8.31063 0 0 0 -0.0771604 0.997019
1431.300000000 -25.9969 8.31063 0 0 0 -0.0771604 0.997019
1431.400000000 -25.9969 8.31063 0 0 0 -0.0771604 0.997019
1431.500000000 -25.9969 8.31063 0 0 0 -0.0771604 0.997019
1431.600000000 -25.9969 8.31063 0 0 0 -0.0771604 0.997019
1431.700000000 -25.9969 8.31063 0 0 0 -0.0771604 0.997019
1431.800000000 -25.9969 8.31063 0 0 0 -0.0771604 0.997019
1431.900000000 -25.9969 8.31063 0 0 0 -0.0771604 0.997019
1432.000000000 -25.9969 8.31063 0 0 0 -0.0771604 0.997019
1432.100000000 -25.9969 8.31063 0 0 0 -0.0771604 0.997019
1432.200000000 -25.9969 8.31063 0 0 0 -0.0771604 0.997019
1432.300000000 -25.9969 8.31063 0 0 0 -0.0771604 0.997019
1432.400000000 -25.9969 8.31063 0 0 0 -0.0771604 0.997019
1432.500000000 -25.9969 8.31063 0 0 0 -0.0771604 0.997019
1432.600000000 -25.9969 8.31063 0 0 0 -0.0771604 0.997019
1432.700000000 -25.9969 8.31063 0 0 0 -0.0771604 0.997019
1432.800000000 -25.9969 8.31063 0 0 0 -0.0771604 0.997019
1432.900000000 -25.9969 8.31063 0 0 0 -0.0771604 0.997019
1433.000000000 -25.9969 8.31063 0 0 0 -0.0771604 0.997019
1433.100000000 -25.9969 8.31063 0 0 0 -0.0771604 0.997019
