0.300000000 0.2 0 0 0 0 0 1
0.400000000 0.2 0 0 0 0 0 1
0.500000000 0.2 0 0 0 0 0 1
0.600000000 0.2 0 0 0 0 0 1
0.700000000 0.2 0 0 0 0 0 1
0.800000000 0.2 0 0 0 0 0 1
0.900000000 0.2 0 0 0 0 0 1
1.000000000 0.2 0 0 0 0 0 1
1.100000000 0.2 0 0 0 0 0 1
1.200000000 0.2 0 0 0 0 0 1
1.300000000 0.2 0 0 0 0 0 1
1.400000000 0.2 0 0 0 0 0 1
1.500000000 0.2 0 0 0 0 0 1
1.600000000 0.2 0 0 0 0 0 1
1.700000000 0.2 0 0 0 0 0 1
1.800000000 0.2 0 0 0 0 0 1
1.900000000 0.2 0 0 0 0 0 1
2.000000000 0.2 0 0 0 0 0 1
2.100000000 0.2 0 0 0 0 0 1
2.200000000 0.2 0 0 0 0 0 1
2.300000000 0.2 0 0 0 0 0 1
2.400000000 0.2 0 0 0 0 0 1
2.500000000 0.2 0 0 0 0 0 1
2.600000000 0.2 0 0 0 0 0 1
2.700000000 0.2 0 0 0 0 0 1
2.800000000 0.2 0 0 0 0 0 1
2.900000000 0.2 0 0 0 0 0 1
3.000000000 0.2 0 0 0 0 0 1
3.100000000 0.2 0 0 0 0 0 1
3.200000000 0.2 0 0 0 0 0 1
3.300000000 0.2 0 0 0 0 0 1
3.400000000 0.2 0 0 0 0 0 1
3.500000000 0.2 0 0 0 0 0 1
3.600000000 0.2 0 0 0 0 0 1
3.700000000 0.2 0 0 0 0 0 1
3.800000000 0.2 0 0 0 0 0 1
3.900000000 0.2 0 0 0 0 0 1
4.000000000 0.2 0 0 0 0 0 1
4.100000000 0.2 0 0 0 0 0 1
4.200000000 0.22 -4.73042e-18 0 0 0 -1.18261e-17 1
4.300000000 0.24 -9.46084e-18 0 0 0 -2.36521e-17 1
4.400000000 0.26 -1.41913e-17 0 0 0 -3.54782e-17 1
4.500000000 0.28 -1.89217e-17 0 0 0 -4.73042e-17 1
4.600000000 0.3 -2.36521e-17 0 0 0 -5.91303e-17 1
4.700000000 0.32 -2.83825e-17 0 0 0 -7.09563e-17 1
4.800000000 0.34 -3.3113e-17 0 0 0 -8.27824e-17 1
4.900000000 0.361667 -3.82376e-17 0 0 0 -9.55939e-17 1
5.000000000 0.381667 -4.2968e-17 0 0 0 -1.0742e-16 1
5.100000000 0.403333 -4.80926e-17 0 0 0 -1.20232e-16 1
5.200000000 0.423333 -5.2823e-17 0 0 0 -1.32058e-16 1
5.300000000 0.443333 -5.75535e-17 0 0 0 -1.43884e-16 1
5.400000000 0.461667 -6.18897e-17 0 0 0 -1.54724e-16 1
5.500000000 0.481667 -6.66201e-17 0 0 0 -1.6655e-16 1
5.600000000 0.501667 -7.13505e-17 0 0 0 -1.78376e-16 1
5.700000000 0.52 -7.56867e-17 0 0 0 -1.89217e-16 1
5.800000000 0.543333 -8.12056e-17 0 0 0 -2.03014e-16 1
5.900000000 0.565 -8.63302e-17 0 0 0 -2.15825e-16 1
6.000000000 0.586667 -9.14548e-17 0 0 0 -2.28637e-16 1
6.100000000 0.606667 -9.61852e-17 0 0 0 -2.40463e-16 1
6.200000000 0.628333 -1.0131e-16 0 0 0 -2.53275e-16 1
6.300000000 0.651667 -1.06829e-16 0 0 0 -2.67072e-16 1
6.400000000 0.673333 -1.11953e-16 0 0 0 -2.79883e-16 1
6.500000000 0.696667 -1.17472e-16 0 0 0 -2.9368e-16 1
6.600000000 0.718333 -1.22597e-16 0 0 0 -3.06492e-16 1
6.700000000 0.74 -1.27721e-16 0 0 0 -3.19303e-16 1
6.800000000 0.76 -1.32452e-16 0 0 0 -3.3113e-16 1
6.900000000 0.78 -1.37182e-16 0 0 0 -3.42956e-16 1
7.000000000 0.798333 -1.41518e-16 0 0 0 -3.53796e-16 1
7.100000000 0.818333 -1.46249e-16 0 0 0 -3.65622e-16 1
7.200000000 0.838333 -1.50979e-16 0 0 0 -3.77448e-16 1
7.300000000 0.856667 -1.55316e-16 0 0 0 -3.88289e-16 1
7.400000000 0.876667 -1.60046e-16 0 0 0 -4.00115e-16 1
7.500000000 0.896667 -1.64776e-16 0 0 0 -4.11941e-16 1
7.600000000 0.916667 -1.69507e-16 0 0 0 -4.23767e-16 1
7.700000000 0.935 -1.73843e-16 0 0 0 -4.34607e-16 1
7.800000000 0.955 -1.78573e-16 0 0 0 -4.46434e-16 1
7.900000000 0.975 -1.83304e-16 0 0 0 -4.5826e-16 1
8.000000000 0.995 -1.88034e-16 0 0 0 -4.70086e-16 1
8.100000000 1.015 -1.92765e-16 0 0 0 -4.81912e-16 1
8.200000000 1.03333 -1.97101e-16 0 0 0 -4.92752e-16 1
8.300000000 1.03233 -0.0199667 0 0 0 -0.0499792 0.99875
8.400000000 1.02935 -0.0397339 0 0 0 -0.0998334 0.995004
8.500000000 1.0244 -0.059104 0 0 0 -0.149438 0.988771
8.600000000 1.01755 -0.0778837 0 0 0 -0.198669 0.980067
8.700000000 1.00885 -0.0958851 0 0 0 -0.247404 0.968912
8.800000000 0.9984 -0.112928 0 0 0 -0.29552 0.955336
8.900000000 0.986302 -0.128844 0 0 0 -0.342898 0.939373
9.000000000 0.972675 -0.143471 0 0 0 -0.389418 0.921061
9.100000000 0.957655 -0.156665 0 0 0 -0.434966 0.900447
9.200000000 0.941394 -0.168294 0 0 0 -0.479426 0.877583
9.300000000 0.924053 -0.178241 0 0 0 -0.522687 0.852525
9.400000000 0.905805 -0.186408 0 0 0 -0.564642 0.825336
9.500000000 0.886833 -0.192712 0 0 0 -0.605186 0.796084
9.600000000 0.867327 -0.19709 0 0 0 -0.644218 0.764842
9.700000000 0.847481 -0.199499 0 0 0 -0.681639 0.731689
9.800000000 0.827493 -0.199915 0 0 0 -0.717356 0.696707
9.900000000 0.807564 -0.198333 0 0 0 -0.75128 0.659983
10.000000000 0.787893 -0.19477 0 0 0 -0.783327 0.62161
10.100000000 0.768675 -0.18926 0 0 0 -0.813416 0.581683
10.200000000 0.750104 -0.181859 0 0 0 -0.841471 0.540302
10.300000000 0.732364 -0.172642 0 0 0 0.867423 -0.497571
10.400000000 0.715633 -0.161699 0 0 0 0.891207 -0.453596
10.500000000 0.700078 -0.149141 0 0 0 0.912764 -0.408487
10.600000000 0.685855 -0.135093 0 0 0 0.932039 -0.362358
10.700000000 0.673105 -0.119694 0 0 0 0.948985 -0.315322
10.800000000 0.661956 -0.1031 0 0 0 0.963558 -0.267499
10.900000000 0.652519 -0.085476 0 0 0 0.975723 -0.219007
11.000000000 0.644889 -0.0669976 0 0 0 0.98545 -0.169967
11.100000000 0.639142 -0.0478499 0 0 0 0.992713 -0.120503
11.200000000 0.635335 -0.028224 0 0 0 0.997495 -0.0707372
11.300000000 0.633506 -0.00831613 0 0 0 0.999784 -0.0207948
11.400000000 0.633674 0.0116748 0 0 0 0.999574 0.0291995
11.500000000 0.635837 0.0315491 0 0 0 0.996865 0.0791209
11.600000000 0.639974 0.0511082 0 0 0 0.991665 0.128844
11.700000000 0.646042 0.0701566 0 0 0 0.983986 0.178246
11.800000000 0.653982 0.0885041 0 0 0 0.973848 0.227202
11.900000000 0.663713 0.105967 0 0 0 0.961275 0.27559
12.000000000 0.67514 0.122372 0 0 0 0.9463 0.32329
12.100000000 0.688147 0.137553 0 0 0 0.92896 0.370181
12.200000000 0.702605 0.15136 0 0 0 0.909297 0.416147
12.300000000 0.718369 0.163655 0 0 0 0.887362 0.461073
12.400000000 0.735281 0.174315 0 0 0 0.863209 0.504846
12.500000000 0.753173 0.183233 0 0 0 0.836899 0.547358
12.600000000 0.771867 0.19032 0 0 0 0.808496 0.588501
12.700000000 0.791174 0.195506 0 0 0 0.778073 0.628174
12.800000000 0.810903 0.198738 0 0 0 0.745705 0.666276
12.900000000 0.830856 0.199985 0 0 0 0.711473 0.702713
13.000000000 0.850833 0.199233 0 0 0 0.675463 0.737394
13.100000000 0.870636 0.196491 0 0 0 0.637765 0.770231
13.200000000 0.890066 0.191785 0 0 0 0.598472 0.801144
13.300000000 0.908929 0.185163 0 0 0 0.557684 0.830054
13.400000000 0.927037 0.176691 0 0 0 0.515501 0.856889
13.500000000 0.944208 0.166453 0 0 0 0.472031 0.881582
13.600000000 0.960272 0.154553 0 0 0 0.42738 0.904072
13.700000000 0.975067 0.141108 0 0 0 0.381661 0.924302
13.800000000 0.988447 0.126253 0 0 0 0.334988 0.942222
13.900000000 1.00028 0.110137 0 0 0 0.287478 0.957787
14.000000000 1.01044 0.0929204 0 0 0 0.239249 0.970958
14.100000000 1.01883 0.0747753 0 0 0 0.190423 0.981702
14.200000000 1.02537 0.0558831 0 0 0 0.14112 0.989992
14.300000000 1.02999 0.0364325 0 0 0 0.0914646 0.995808
14.400000000 1.03264 0.0166179 0 0 0 0.0415807 0.999135
14.500000000 1.03331 -0.00336278 0 0 0 -0.00840725 0.999965
14.600000000 1.03197 -0.0233098 0 0 0 -0.0583741 0.998295
14.700000000 1.02865 -0.043024 0 0 0 -0.108195 0.99413
14.800000000 1.02338 -0.0623083 0 0 0 -0.157746 0.98748
14.900000000 1.01621 -0.08097 0 0 0 -0.206902 0.978362
15.000000000 1.00721 -0.0988227 0 0 0 -0.255541 0.966798
15.100000000 1.00721 -0.0988227 0 0 0 -0.255541 0.966798
15.200000000 1.00721 -0.0988227 0 0 0 -0.255541 0.966798
15.300000000 1.00721 -0.0988227 0 0 0 -0.255541 0.966798
15.400000000 1.00721 -0.0988227 0 0 0 -0.255541 0.966798
15.500000000 1.00721 -0.0988227 0 0 0 -0.255541 0.966798
15.600000000 1.00721 -0.0988227 0 0 0 -0.255541 0.966798
15.700000000 1.00721 -0.0988227 0 0 0 -0.255541 0.966798
15.800000000 1.00721 -0.0988227 0 0 0 -0.255541 0.966798
15.900000000 1.00721 -0.0988227 0 0 0 -0.255541 0.966798
16.000000000 1.00721 -0.0988227 0 0 0 -0.255541 0.966798
16.100000000 1.00721 -0.0988227 0 0 0 -0.255541 0.966798
16.200000000 1.00721 -0.0988227 0 0 0 -0.255541 0.966798
16.300000000 1.00721 -0.0988227 0 0 0 -0.255541 0.966798
16.400000000 1.00721 -0.0988227 0 0 0 -0.255541 0.966798
16.500000000 1.00721 -0.0988227 0 0 0 -0.255541 0.966798
16.600000000 1.00721 -0.0988227 0 0 0 -0.255541 0.966798
16.700000000 1.00721 -0.0988227 0 0 0 -0.255541 0.966798
16.800000000 1.00721 -0.0988227 0 0 0 -0.255541 0.966798
16.900000000 1.00721 -0.0988227 0 0 0 -0.255541 0.966798
17.000000000 1.00721 -0.0988227 0 0 0 -0.255541 0.966798
17.100000000 1.00721 -0.0988227 0 0 0 -0.255541 0.966798
17.200000000 1.00721 -0.0988227 0 0 0 -0.255541 0.966798
17.300000000 1.00721 -0.0988227 0 0 0 -0.255541 0.966798
17.400000000 1.00721 -0.0988227 0 0 0 -0.255541 0.966798
17.500000000 1.07479 -0.131588 0 0 0 -0.243667 0.969859
17.600000000 1.12217 -0.148756 0 0 0 -0.226012 0.974124
17.700000000 1.16475 -0.156743 0 0 0 -0.197711 0.98026
17.800000000 1.19267 -0.152127 0 0 0 -0.160586 0.987022
17.900000000 1.20081 -0.134433 0 0 0 -0.112569 0.993644
18.000000000 1.2043 -0.114749 0 0 0 -0.0627663 0.998028
18.100000000 1.20581 -0.0948143 0 0 0 -0.0128073 0.999918
18.200000000 1.20533 -0.0748286 0 0 0 0.0371838 0.999308
18.300000000 1.20285 -0.0549914 0 0 0 0.087082 0.996201
18.400000000 1.1984 -0.0355009 0 0 0 0.136762 0.990604
18.500000000 1.19203 -0.0165518 0 0 0 0.186101 0.982531
18.600000000 1.18379 0.00166643 0 0 0 0.234975 0.972002
18.700000000 1.17378 0.0189719 0 0 0 0.283261 0.959043
18.800000000 1.1621 0.0351916 0 0 0 0.330839 0.943687
18.900000000 1.14885 0.0501635 0 0 0 0.37759 0.925973
19.000000000 1.13417 0.063738 0 0 0 0.423398 0.905944
19.100000000 1.11821 0.0757795 0 0 0 0.468147 0.883651
19.200000000 1.10113 0.0861676 0 0 0 0.511726 0.859149
19.300000000 1.09291 0.106697 0 0 0 0.547825 0.836593
19.400000000 1.08366 0.127442 0 0 0 0.582461 0.812859
19.500000000 1.07269 0.147337 0 0 0 0.616069 0.787692
19.600000000 1.0601 0.166243 0 0 0 0.648592 0.761137
19.700000000 1.04597 0.184026 0 0 0 0.679971 0.733239
19.800000000 1.03039 0.20056 0 0 0 0.710151 0.704049
19.900000000 1.01348 0.21573 0 0 0 0.739079 0.673618
20.000000000 0.995363 0.229428 0 0 0 0.766705 0.642
20.100000000 0.976157 0.241558 0 0 0 0.792979 0.609249
20.200000000 0.956002 0.252034 0 0 0 0.817854 0.575425
20.300000000 0.932022 0.280675 0 0 0 0.835991 0.548744
20.400000000 0.902719 0.323925 0 0 0 0.849032 0.528342
20.500000000 0.869666 0.372013 0 0 0 0.85996 0.510362
20.600000000 0.83437 0.419459 0 0 0 0.870308 0.492508
20.700000000 0.797146 0.465408 0 0 0 0.880286 0.474444
20.800000000 0.758059 0.509782 0 0 0 0.889889 0.456178
20.900000000 0.717174 0.552506 0 0 0 0.899112 0.437718
21.000000000 0.67456 0.593506 0 0 0 0.907953 0.419071
21.100000000 0.630291 0.632713 0 0 0 0.916408 0.400246
21.200000000 0.584443 0.67006 0 0 0 0.924472 0.38125
21.300000000 0.527968 0.719552 0 0 0 0.928893 0.370349
21.400000000 0.472359 0.769896 0 0 0 0.930483 0.366335
21.500000000 0.416498 0.819955 0 0 0 0.931813 0.362938
21.600000000 0.360274 0.869605 0 0 0 0.933131 0.359536
21.700000000 0.303689 0.918844 0 0 0 0.934436 0.35613
21.800000000 0.246746 0.967668 0 0 0 0.935729 0.352719
21.900000000 0.189448 1.01608 0 0 0 0.93701 0.349303
22.000000000 0.131799 1.06406 0 0 0 0.938278 0.345882
22.100000000 0.0738009 1.11163 0 0 0 0.939533 0.342457
22.200000000 0.0154575 1.15877 0 0 0 0.940776 0.339028
22.300000000 -0.0415437 1.20753 0 0 0 0.939769 0.34181
22.400000000 -0.098077 1.25682 0 0 0 0.938516 0.345236
22.500000000 -0.154249 1.30653 0 0 0 0.93725 0.348658
22.600000000 -0.210057 1.35665 0 0 0 0.935972 0.352074
22.700000000 -0.265498 1.40717 0 0 0 0.934681 0.355486
22.800000000 -0.320569 1.4581 0 0 0 0.933378 0.358894
22.900000000 -0.374908 1.50982 0 0 0 0.931583 0.363529
23.000000000 -0.428557 1.56226 0 0 0 0.929529 0.368748
23.100000000 -0.481614 1.6153 0 0 0 0.927447 0.373955
23.200000000 -0.534072 1.66893 0 0 0 0.925335 0.37915
23.300000000 -0.585926 1.72314 0 0 0 0.923194 0.384333
23.400000000 -0.637169 1.77794 0 0 0 0.921024 0.389505
23.500000000 -0.687793 1.8333 0 0 0 0.918826 0.394664
23.600000000 -0.737794 1.88923 0 0 0 0.916598 0.39981
23.700000000 -0.787164 1.94572 0 0 0 0.914341 0.404944
23.800000000 -0.835898 2.00275 0 0 0 0.912056 0.410065
23.900000000 -0.883988 2.06033 0 0 0 0.909742 0.415174
24.000000000 -0.93143 2.11845 0 0 0 0.9074 0.420269
24.100000000 -0.978217 2.17709 0 0 0 0.905028 0.425351
24.200000000 -1.02434 2.23626 0 0 0 0.902629 0.43042
24.300000000 -1.0698 2.29594 0 0 0 0.900201 0.435475
24.400000000 -1.11459 2.35612 0 0 0 0.897745 0.440516
24.500000000 -1.1589 2.41665 0 0 0 0.895544 0.444974
24.600000000 -1.20261 2.47762 0 0 0 0.89332 0.44942
24.700000000 -1.24571 2.53902 0 0 0 0.891075 0.453856
24.800000000 -1.2882 2.60084 0 0 0 0.888808 0.45828
24.900000000 -1.33007 2.66309 0 0 0 0.886519 0.462693
25.000000000 -1.37132 2.72574 0 0 0 0.884208 0.467094
25.100000000 -1.41217 2.78866 0 0 0 0.882182 0.470908
25.200000000 -1.45246 2.85193 0 0 0 0.880141 0.474713
25.300000000 -1.49221 2.91554 0 0 0 0.878083 0.478509
25.400000000 -1.53141 2.9795 0 0 0 0.876008 0.482296
25.500000000 -1.57006 3.04379 0 0 0 0.873917 0.486074
25.600000000 -1.60815 3.10842 0 0 0 0.87181 0.489844
25.700000000 -1.64545 3.1735 0 0 0 0.869364 0.494172
25.800000000 -1.68233 3.23882 0 0 0 0.867222 0.497921
25.900000000 -1.71865 3.30445 0 0 0 0.865064 0.501661
26.000000000 -1.75487 3.37013 0 0 0 0.863576 0.504219
26.100000000 -1.7907 3.43603 0 0 0 0.86208 0.506773
26.200000000 -1.82614 3.50213 0 0 0 0.860576 0.509322
26.300000000 -1.85982 3.56918 0 0 0 0.857074 0.515193
26.400000000 -1.89259 3.63668 0 0 0 0.853532 0.52104
26.500000000 -1.92442 3.70462 0 0 0 0.84995 0.526863
26.600000000 -1.95533 3.77299 0 0 0 0.846328 0.532662
26.700000000 -1.9853 3.84178 0 0 0 0.842667 0.538435
26.800000000 -2.01432 3.91097 0 0 0 0.838966 0.544183
26.900000000 -2.04239 3.98055 0 0 0 0.835227 0.549906
27.000000000 -2.06952 4.05051 0 0 0 0.831448 0.555603
27.100000000 -2.09568 4.12083 0 0 0 0.82763 0.561274
27.200000000 -2.12088 4.1915 0 0 0 0.823773 0.566919
27.300000000 -2.14877 4.26113 0 0 0 0.825448 0.564479
27.400000000 -2.17733 4.33049 0 0 0 0.827501 0.561464
27.500000000 -2.2064 4.39963 0 0 0 0.829544 0.558441
27.600000000 -2.23597 4.46857 0 0 0 0.831576 0.555411
27.700000000 -2.26605 4.53728 0 0 0 0.833596 0.552374
27.800000000 -2.29662 4.60578 0 0 0 0.835606 0.549329
27.900000000 -2.32769 4.67405 0 0 0 0.837604 0.546278
28.000000000 -2.35926 4.74209 0 0 0 0.839591 0.543218
28.100000000 -2.39133 4.8099 0 0 0 0.841568 0.540152
28.200000000 -2.42389 4.87747 0 0 0 0.843532 0.537078
28.300000000 -2.45455 4.94593 0 0 0 0.841939 0.539572
28.400000000 -2.48455 5.01467 0 0 0 0.839965 0.54264
28.500000000 -2.51405 5.08364 0 0 0 0.83798 0.545701
28.600000000 -2.54304 5.15282 0 0 0 0.835984 0.548754
28.700000000 -2.57153 5.22221 0 0 0 0.833976 0.5518
28.800000000 -2.59951 5.2918 0 0 0 0.831958 0.554839
28.900000000 -2.62699 5.3616 0 0 0 0.829928 0.55787
29.000000000 -2.65395 5.43159 0 0 0 0.827888 0.560894
29.100000000 -2.68041 5.50178 0 0 0 0.825836 0.56391
29.200000000 -2.70634 5.57216 0 0 0 0.823773 0.566919
29.300000000 -2.72971 5.64349 0 0 0 0.818561 0.57442
29.400000000 -2.75177 5.71523 0 0 0 0.81328 0.581873
29.500000000 -2.77251 5.78736 0 0 0 0.807931 0.589278
29.600000000 -2.79194 5.85986 0 0 0 0.802514 0.596633
29.700000000 -2.81003 5.9327 0 0 0 0.797031 0.603939
29.800000000 -2.8268 6.00586 0 0 0 0.791481 0.611194
29.900000000 -2.84222 6.07931 0 0 0 0.785865 0.618398
30.000000000 -2.8563 6.15304 0 0 0 0.780184 0.625551
30.100000000 -2.86903 6.22701 0 0 0 0.774437 0.632651
30.200000000 -2.8804 6.30119 0 0 0 0.768626 0.639699
30.300000000 -2.89043 6.37558 0 0 0 0.762755 0.646687
30.400000000 -2.89335 6.43865 0 0 0 0.750608 0.660748
30.500000000 -2.88872 6.48619 0 0 0 0.732787 0.680458
30.600000000 -2.87701 6.51686 0 0 0 0.708599 0.705611
30.700000000 -2.86183 6.53986 0 0 0 0.681107 0.732184
30.800000000 -2.8448 6.5606 0 0 0 0.652236 0.758016
30.900000000 -2.82622 6.57996 0 0 0 0.622385 0.782711
31.000000000 -2.8062 6.59782 0 0 0 0.5916 0.806231
31.100000000 -2.78486 6.61408 0 0 0 0.559928 0.828542
31.200000000 -2.75933 6.64435 0 0 0 0.533976 0.8455
31.300000000 -2.73156 6.67464 0 0 0 0.508222 0.861226
31.400000000 -2.70201 6.70319 0 0 0 0.482005 0.876168
31.500000000 -2.67079 6.72991 0 0 0 0.455349 0.890313
31.600000000 -2.63802 6.7547 0 0 0 0.428279 0.903647
31.700000000 -2.60381 6.77747 0 0 0 0.400819 0.916157
31.800000000 -2.56829 6.79813 0 0 0 0.372993 0.927834
31.900000000 -2.53159 6.81661 0 0 0 0.344828 0.938666
32.000000000 -2.49384 6.83285 0 0 0 0.316349 0.948643
32.100000000 -2.45518 6.84677 0 0 0 0.287582 0.957756
32.200000000 -2.40411 6.86983 0 0 0 0.266212 0.963914
32.300000000 -2.34838 6.89392 0 0 0 0.247054 0.969002
32.400000000 -2.29108 6.91632 0 0 0 0.228198 0.973615
32.500000000 -2.23297 6.93648 0 0 0 0.209257 0.977861
32.600000000 -2.17411 6.95438 0 0 0 0.190236 0.981738
32.700000000 -2.1146 6.96997 0 0 0 0.171144 0.985246
32.800000000 -2.05453 6.98324 0 0 0 0.151988 0.988382
32.900000000 -1.99399 6.99417 0 0 0 0.132774 0.991146
33.000000000 -1.93307 7.00274 0 0 0 0.11351 0.993537
33.100000000 -1.87187 7.00895 0 0 0 0.0942038 0.995553
33.200000000 -1.81047 7.01277 0 0 0 0.0748617 0.997194
33.300000000 -1.73569 7.01951 0 0 0 0.0636327 0.997973
33.400000000 -1.6608 7.02477 0 0 0 0.0529107 0.998599
33.500000000 -1.58581 7.02841 0 0 0 0.0421827 0.99911
33.600000000 -1.51076 7.03045 0 0 0 0.0314498 0.999505
33.700000000 -1.43569 7.03088 0 0 0 0.0207132 0.999785
33.800000000 -1.36062 7.02969 0 0 0 0.00997428 0.99995
33.900000000 -1.28559 7.02689 0 0 0 -0.000765802 1
34.000000000 -1.21065 7.02248 0 0 0 -0.0115058 0.999934
34.100000000 -1.13581 7.01646 0 0 0 -0.0222445 0.999753
34.200000000 -1.06112 7.00883 0 0 0 -0.0329806 0.999456
34.300000000 -0.986427 7.00191 0 0 0 -0.0379487 0.99928
34.400000000 -0.911781 6.9945 0 0 0 -0.0422634 0.999107
34.500000000 -0.837202 6.98644 0 0 0 -0.0465773 0.998915
34.600000000 -0.762696 6.97774 0 0 0 -0.0508904 0.998704
34.700000000 -0.688267 6.9684 0 0 0 -0.0552025 0.998475
34.800000000 -0.613922 6.95842 0 0 0 -0.0595136 0.998227
34.900000000 -0.539666 6.94779 0 0 0 -0.0638236 0.997961
35.000000000 -0.465505 6.93653 0 0 0 -0.0681324 0.997676
35.100000000 -0.391443 6.92462 0 0 0 -0.0724399 0.997373
35.200000000 -0.317487 6.91208 0 0 0 -0.0767461 0.997051
35.300000000 -0.243235 6.90149 0 0 0 -0.0745008 0.997221
35.400000000 -0.168895 6.89152 0 0 0 -0.0715491 0.997437
35.500000000 -0.0944973 6.88198 0 0 0 -0.0685969 0.997644
35.600000000 -0.0200458 6.87288 0 0 0 -0.0656675 0.997842
35.700000000 0.0544526 6.86418 0 0 0 -0.0628422 0.998023
35.800000000 0.128994 6.85585 0 0 0 -0.060121 0.998191
35.900000000 0.203577 6.84791 0 0 0 -0.0574518 0.998348
36.000000000 0.278198 6.84033 0 0 0 -0.0548868 0.998493
36.100000000 0.352853 6.83311 0 0 0 -0.0523738 0.998628
36.200000000 0.427541 6.82622 0 0 0 -0.0499653 0.998751
36.300000000 0.502258 6.81968 0 0 0 -0.0476088 0.998866
36.400000000 0.537344 6.81911 0 0 0 -0.0406868 0.999172
36.500000000 0.564232 6.82134 0 0 0 -0.0296634 0.99956
36.600000000 0.603339 6.83127 0 0 0 0.000920407 1
36.700000000 0.623107 6.8472 0 0 0 0.0406941 0.999172
36.800000000 0.622085 6.86684 0 0 0 0.0898109 0.995959
36.900000000 0.61753 6.88631 0 0 0 0.139476 0.990225
37.000000000 0.611054 6.90522 0 0 0 0.188792 0.982017
37.100000000 0.602723 6.92339 0 0 0 0.237637 0.971354
37.200000000 0.592619 6.94064 0 0 0 0.285887 0.958263
37.300000000 0.580843 6.9568 0 0 0 0.333423 0.942777
37.400000000 0.567513 6.9717 0 0 0 0.380126 0.924935
37.500000000 0.552763 6.98519 0 0 0 0.425878 0.904781
37.600000000 0.536738 6.99715 0 0 0 0.470566 0.882365
37.700000000 0.519601 7.00744 0 0 0 0.514078 0.857744
37.800000000 0.501521 7.01597 0 0 0 0.556305 0.830978
37.900000000 0.48268 7.02266 0 0 0 0.597141 0.802136
38.000000000 0.463266 7.02743 0 0 0 0.636485 0.771289
38.100000000 0.443473 7.03024 0 0 0 0.674238 0.738514
38.200000000 0.423498 7.03105 0 0 0 0.710305 0.703894
38.300000000 0.403541 7.02987 0 0 0 0.744598 0.667513
38.400000000 0.383802 7.02671 0 0 0 0.777029 0.629465
38.500000000 0.364477 7.02159 0 0 0 0.807518 0.589843
38.600000000 0.345761 7.01456 0 0 0 0.835989 0.548747
38.700000000 0.327839 7.0057 0 0 0 0.86237 0.506279
38.800000000 0.310891 6.9951 0 0 0 0.886595 0.462546
38.900000000 0.295086 6.98286 0 0 0 0.908605 0.417656
39.000000000 0.280583 6.9691 0 0 0 0.928344 0.371723
39.100000000 0.267525 6.95396 0 0 0 0.945762 0.324861
39.200000000 0.256044 6.93759 0 0 0 0.960816 0.277186
39.300000000 0.245084 6.92126 0 0 0 0.973292 0.229572
39.400000000 0.234546 6.90488 0 0 0 0.983273 0.182139
39.500000000 0.225644 6.88756 0 0 0 0.990944 0.134278
39.600000000 0.21846 6.86946 0 0 0 0.996286 0.0861012
39.700000000 0.213062 6.85075 0 0 0 0.999288 0.0377224
39.800000000 0.209501 6.8316 0 0 0 0.999942 -0.010745
39.900000000 0.20781 6.8122 0 0 0 0.998247 -0.0591872
40.000000000 0.208005 6.79273 0 0 0 0.994206 -0.10749
40.100000000 0.210084 6.77337 0 0 0 0.987829 -0.155541
40.200000000 0.214028 6.7543 0 0 0 0.979132 -0.203226
40.300000000 0.196085 6.7305 0 0 0 0.971001 -0.239077
40.400000000 0.162903 6.70039 0 0 0 0.963884 -0.266321
40.500000000 0.116105 6.66297 0 0 0 0.9583 -0.285765
40.600000000 0.0652928 6.62143 0 0 0 0.95321 -0.302309
40.700000000 0.0151383 6.5778 0 0 0 0.947972 -0.318352
40.800000000 -0.0335151 6.5325 0 0 0 0.942465 -0.334305
40.900000000 -0.0806122 6.48559 0 0 0 0.936689 -0.350163
41.000000000 -0.126099 6.43711 0 0 0 0.930646 -0.365921
41.100000000 -0.169924 6.38713 0 0 0 0.924338 -0.381574
41.200000000 -0.212038 6.3357 0 0 0 0.917767 -0.397119
41.300000000 -0.261376 6.27917 0 0 0 0.915031 -0.403384
41.400000000 -0.313238 6.22497 0 0 0 0.916764 -0.399429
41.500000000 -0.365756 6.17141 0 0 0 0.918738 -0.394867
41.600000000 -0.4206 6.12012 0 0 0 0.923125 -0.384501
41.700000000 -0.476584 6.07009 0 0 0 0.927394 -0.374086
41.800000000 -0.533681 6.02133 0 0 0 0.931546 -0.363623
41.900000000 -0.591724 5.97371 0 0 0 0.935398 -0.353597
42.000000000 -0.650776 5.92735 0 0 0 0.939141 -0.343531
42.100000000 -0.710811 5.88227 0 0 0 0.942777 -0.333425
42.200000000 -0.7718 5.83848 0 0 0 0.946303 -0.32328
42.300000000 -0.833715 5.79602 0 0 0 0.949721 -0.313098
42.400000000 -0.896528 5.7549 0 0 0 0.953029 -0.30288
42.500000000 -0.950257 5.72662 0 0 0 0.958845 -0.28393
42.600000000 -0.99335 5.71188 0 0 0 0.966357 -0.257206
42.700000000 -1.0239 5.71109 0 0 0 0.975052 -0.221978
42.800000000 -1.04302 5.72104 0 0 0 0.983722 -0.179697
42.900000000 -1.05904 5.73394 0 0 0 0.990727 -0.135865
43.000000000 -1.07386 5.74821 0 0 0 0.995781 -0.0917654
43.100000000 -1.08735 5.76374 0 0 0 0.998872 -0.0474849
43.200000000 -1.09942 5.78041 0 0 0 0.999995 -0.00311072
43.300000000 -1.13104 5.7938 0 0 0 0.999523 0.0308849
43.400000000 -1.16781 5.80849 0 0 0 0.998085 0.0618523
43.500000000 -1.20446 5.82537 0 0 0 0.995727 0.0923482
43.600000000 -1.24 5.84446 0 0 0 0.992437 0.122758
43.700000000 -1.27431 5.86569 0 0 0 0.988218 0.153052
43.800000000 -1.30726 5.88897 0 0 0 0.983075 0.183204
43.900000000 -1.33873 5.91423 0 0 0 0.977012 0.213184
44.000000000 -1.36859 5.94136 0 0 0 0.970035 0.242965
44.100000000 -1.39673 5.97027 0 0 0 0.962151 0.272518
44.200000000 -1.42306 6.00085 0 0 0 0.953366 0.301816
44.300000000 -1.46244 6.03963 0 0 0 0.94629 0.323318
44.400000000 -1.51305 6.08664 0 0 0 0.941147 0.337996
44.500000000 -1.56381 6.13609 0 0 0 0.936097 0.351742
44.600000000 -1.6131 6.18701 0 0 0 0.930845 0.365413
44.700000000 -1.66088 6.23935 0 0 0 0.925395 0.379005
44.800000000 -1.70711 6.29306 0 0 0 0.919745 0.392516
44.900000000 -1.75174 6.34811 0 0 0 0.913898 0.405943
45.000000000 -1.79474 6.40444 0 0 0 0.907856 0.419283
45.100000000 -1.83608 6.462 0 0 0 0.901618 0.432533
45.200000000 -1.87571 6.52075 0 0 0 0.895188 0.44569
45.300000000 -1.91503 6.58191 0 0 0 0.888992 0.457922
45.400000000 -1.95266 6.64412 0 0 0 0.88263 0.470069
45.500000000 -1.98857 6.70734 0 0 0 0.876101 0.482127
45.600000000 -2.02273 6.77152 0 0 0 0.869408 0.494094
45.700000000 -2.05512 6.83662 0 0 0 0.862552 0.505969
45.800000000 -2.08572 6.90258 0 0 0 0.855533 0.517748
45.900000000 -2.11449 6.96935 0 0 0 0.848353 0.52943
46.000000000 -2.14142 7.03689 0 0 0 0.841014 0.541013
46.100000000 -2.16649 7.10514 0 0 0 0.833517 0.552494
46.200000000 -2.18968 7.17405 0 0 0 0.825863 0.563871
46.300000000 -2.21203 7.24522 0 0 0 0.818605 0.574356
46.400000000 -2.23255 7.31695 0 0 0 0.811214 0.584749
46.500000000 -2.25124 7.38917 0 0 0 0.803692 0.595046
46.600000000 -2.26809 7.46185 0 0 0 0.796038 0.605247
46.700000000 -2.28307 7.53494 0 0 0 0.788255 0.615349
46.800000000 -2.29569 7.60559 0 0 0 0.780646 0.624973
46.900000000 -2.30632 7.67489 0 0 0 0.773101 0.634282
47.000000000 -2.31507 7.74277 0 0 0 0.765629 0.643282
47.100000000 -2.32188 7.80751 0 0 0 0.758424 0.651762
47.200000000 -2.32711 7.87073 0 0 0 0.751313 0.659946
47.300000000 -2.33267 7.93889 0 0 0 0.745874 0.666087
47.400000000 -2.33721 8.00545 0 0 0 0.740891 0.671625
47.500000000 -2.34059 8.06873 0 0 0 0.736118 0.676853
47.600000000 -2.34301 8.13039 0 0 0 0.731436 0.68191
47.700000000 -2.34453 8.19042 0 0 0 0.726847 0.6868
47.800000000 -2.34523 8.24879 0 0 0 0.722354 0.691524
47.900000000 -2.34517 8.30383 0 0 0 0.718089 0.695951
48.000000000 -2.34445 8.35719 0 0 0 0.713928 0.700219
48.100000000 -2.34314 8.40888 0 0 0 0.709873 0.70433
48.200000000 -2.3413 8.45889 0 0 0 0.705926 0.708286
48.300000000 -2.33898 8.5072 0 0 0 0.70209 0.712089
48.400000000 -2.33623 8.55382 0 0 0 0.698366 0.715741
48.500000000 -2.33408 8.60712 0 0 0 0.696863 0.717205
48.600000000 -2.33195 8.65874 0 0 0 0.695696 0.718336
48.700000000 -2.32972 8.7087 0 0 0 0.694565 0.71943
48.800000000 -2.32741 8.75698 0 0 0 0.693471 0.720485
48.900000000 -2.32504 8.80359 0 0 0 0.692412 0.721502
49.000000000 -2.32263 8.84852 0 0 0 0.69139 0.722482
49.100000000 -2.32018 8.89179 0 0 0 0.690405 0.723423
49.200000000 -2.31797 8.9334 0 0 0 0.689931 0.723875
49.300000000 -2.3158 8.97334 0 0 0 0.689476 0.724309
49.400000000 -2.31367 9.01162 0 0 0 0.689039 0.724724
49.500000000 -2.31159 9.04822 0 0 0 0.688622 0.725121
49.600000000 -2.30956 9.08317 0 0 0 0.688223 0.725499
49.700000000 -2.3075 9.11811 0 0 0 0.687824 0.725878
49.800000000 -2.3055 9.15138 0 0 0 0.687443 0.726238
49.900000000 -2.30356 9.18299 0 0 0 0.687082 0.72658
50.000000000 -2.3016 9.21459 0 0 0 0.68672 0.726922
50.100000000 -2.2997 9.24453 0 0 0 0.686378 0.727245
50.200000000 -2.29789 9.27281 0 0 0 0.686054 0.727551
50.300000000 -2.29614 9.30109 0 0 0 0.685892 0.727704
50.400000000 -2.29448 9.3277 0 0 0 0.685739 0.727847
50.500000000 -2.29291 9.35266 0 0 0 0.685596 0.727982
50.600000000 -2.29123 9.37927 0 0 0 0.685444 0.728125
50.700000000 -2.28964 9.40422 0 0 0 0.685301 0.72826
50.800000000 -2.28794 9.43083 0 0 0 0.685148 0.728404
50.900000000 -2.28633 9.45578 0 0 0 0.685005 0.728538
51.000000000 -2.28472 9.48073 0 0 0 0.684862 0.728673
51.100000000 -2.2832 9.50401 0 0 0 0.684729 0.728798
51.200000000 -2.28167 9.52729 0 0 0 0.684595 0.728924
51.300000000 -2.28025 9.54891 0 0 0 0.684471 0.72904
51.400000000 -2.27881 9.57053 0 0 0 0.684347 0.729157
51.500000000 -2.27737 9.59215 0 0 0 0.684223 0.729273
51.600000000 -2.27592 9.61377 0 0 0 0.684099 0.729389
51.700000000 -2.27458 9.63373 0 0 0 0.683984 0.729497
51.800000000 -2.27312 9.65534 0 0 0 0.68386 0.729613
51.900000000 -2.27165 9.67696 0 0 0 0.683736 0.72973
52.000000000 -2.27017 9.69858 0 0 0 0.683612 0.729846
52.100000000 -2.26869 9.72019 0 0 0 0.683487 0.729962
52.200000000 -2.26731 9.74015 0 0 0 0.683373 0.73007
52.300000000 -2.26588 9.76176 0 0 0 0.683373 0.73007
52.400000000 -2.26456 9.78172 0 0 0 0.683373 0.73007
52.500000000 -2.26313 9.80334 0 0 0 0.683373 0.73007
52.600000000 -2.26181 9.8233 0 0 0 0.683373 0.73007
52.700000000 -2.26027 9.84658 0 0 0 0.683373 0.73007
52.800000000 -2.25873 9.86986 0 0 0 0.683373 0.73007
52.900000000 -2.2573 9.89148 0 0 0 0.683373 0.73007
53.000000000 -2.25554 9.91809 0 0 0 0.683373 0.73007
53.100000000 -2.25378 9.9447 0 0 0 0.683373 0.73007
53.200000000 -2.25202 9.97131 0 0 0 0.683373 0.73007
53.300000000 -2.25026 9.99792 0 0 0 0.683373 0.73007
53.400000000 -2.24861 10.0229 0 0 0 0.683373 0.73007
53.500000000 -2.24674 10.0511 0 0 0 0.683373 0.73007
53.600000000 -2.24498 10.0777 0 0 0 0.683373 0.73007
53.700000000 -2.24322 10.1043 0 0 0 0.683373 0.73007
53.800000000 -2.24157 10.1293 0 0 0 0.683373 0.73007
53.900000000 -2.23992 10.1542 0 0 0 0.683373 0.73007
54.000000000 -2.23816 10.1808 0 0 0 0.683373 0.73007
54.100000000 -2.23651 10.2058 0 0 0 0.683373 0.73007
54.200000000 -2.23486 10.2307 0 0 0 0.683373 0.73007
54.300000000 -2.23332 10.254 0 0 0 0.683373 0.73007
54.400000000 -2.23189 10.2756 0 0 0 0.683373 0.73007
54.500000000 -2.23047 10.3023 0 0 0 0.683985 0.729496
54.600000000 -2.22909 10.3289 0 0 0 0.684597 0.728922
54.700000000 -2.22783 10.3539 0 0 0 0.68517 0.728383
54.800000000 -2.22662 10.3788 0 0 0 0.685742 0.727844
54.900000000 -2.22537 10.4055 0 0 0 0.686353 0.727269
55.000000000 -2.22424 10.4305 0 0 0 0.686924 0.726729
55.100000000 -2.22314 10.4554 0 0 0 0.687496 0.726188
55.200000000 -2.22216 10.4771 0 0 0 0.687867 0.725837
55.300000000 -2.22128 10.4971 0 0 0 0.688209 0.725513
55.400000000 -2.22041 10.517 0 0 0 0.688551 0.725188
55.500000000 -2.21956 10.537 0 0 0 0.688893 0.724863
55.600000000 -2.21874 10.557 0 0 0 0.689235 0.724538
55.700000000 -2.21786 10.5787 0 0 0 0.689605 0.724186
55.800000000 -2.21707 10.5987 0 0 0 0.689946 0.723861
55.900000000 -2.2163 10.6186 0 0 0 0.690287 0.723535
56.000000000 -2.21555 10.6386 0 0 0 0.690628 0.72321
56.100000000 -2.21481 10.6586 0 0 0 0.690969 0.722884
56.200000000 -2.2141 10.6786 0 0 0 0.69131 0.722558
56.300000000 -2.21346 10.6969 0 0 0 0.691623 0.722259
56.400000000 -2.21278 10.7169 0 0 0 0.691963 0.721933
56.500000000 -2.21218 10.7352 0 0 0 0.692275 0.721634
56.600000000 -2.21132 10.7619 0 0 0 0.692729 0.721198
56.700000000 -2.2105 10.7885 0 0 0 0.693182 0.720763
56.800000000 -2.20971 10.8152 0 0 0 0.693635 0.720327
56.900000000 -2.20896 10.8419 0 0 0 0.694088 0.71989
57.000000000 -2.20824 10.8685 0 0 0 0.69454 0.719454
57.100000000 -2.20755 10.8952 0 0 0 0.694993 0.719017
57.200000000 -2.20689 10.9218 0 0 0 0.695445 0.71858
57.300000000 -2.20623 10.9468 0 0 0 0.695727 0.718306
57.400000000 -2.20559 10.9718 0 0 0 0.696009 0.718033
57.500000000 -2.20493 10.9985 0 0 0 0.69631 0.717741
57.600000000 -2.20433 11.0235 0 0 0 0.696592 0.717468
57.700000000 -2.20375 11.0485 0 0 0 0.696873 0.717194
57.800000000 -2.20315 11.0751 0 0 0 0.697174 0.716902
57.900000000 -2.20257 11.1018 0 0 0 0.697474 0.71661
58.000000000 -2.20205 11.1268 0 0 0 0.697756 0.716336
58.100000000 -2.20152 11.1534 0 0 0 0.698056 0.716043
58.200000000 -2.20104 11.1784 0 0 0 0.698337 0.715769
58.300000000 -2.20055 11.2051 0 0 0 0.698637 0.715476
58.400000000 -2.20011 11.2301 0 0 0 0.698918 0.715202
58.500000000 -2.19967 11.2568 0 0 0 0.699218 0.714909
58.600000000 -2.19927 11.2818 0 0 0 0.699498 0.714634
58.700000000 -2.19889 11.3068 0 0 0 0.699779 0.714359
58.800000000 -2.19853 11.3318 0 0 0 0.70006 0.714084
58.900000000 -2.19817 11.3584 0 0 0 0.700359 0.713791
59.000000000 -2.19783 11.3851 0 0 0 0.700658 0.713498
59.100000000 -2.19752 11.4117 0 0 0 0.700957 0.713204
59.200000000 -2.19722 11.4384 0 0 0 0.701255 0.71291
59.300000000 -2.19687 11.4651 0 0 0 0.701405 0.712763
59.400000000 -2.19652 11.4917 0 0 0 0.701554 0.712616
59.500000000 -2.19619 11.5184 0 0 0 0.701703 0.712469
59.600000000 -2.19589 11.5434 0 0 0 0.701843 0.712332
59.700000000 -2.19559 11.5684 0 0 0 0.701983 0.712194
59.800000000 -2.19529 11.5951 0 0 0 0.702132 0.712047
59.900000000 -2.195 11.6217 0 0 0 0.702281 0.7119
60.000000000 -2.19474 11.6467 0 0 0 0.702421 0.711762
60.100000000 -2.19447 11.6734 0 0 0 0.70257 0.711615
60.200000000 -2.19423 11.6984 0 0 0 0.70271 0.711477
60.300000000 -2.194 11.7234 0 0 0 0.70285 0.711339
60.400000000 -2.19376 11.7501 0 0 0 0.702999 0.711191
60.500000000 -2.19354 11.7767 0 0 0 0.703147 0.711044
60.600000000 -2.19334 11.8017 0 0 0 0.703287 0.710906
60.700000000 -2.19313 11.8284 0 0 0 0.703436 0.710759
60.800000000 -2.19295 11.8534 0 0 0 0.703576 0.71062
60.900000000 -2.19278 11.8784 0 0 0 0.703715 0.710482
61.000000000 -2.19262 11.9034 0 0 0 0.703855 0.710344
61.100000000 -2.19248 11.9267 0 0 0 0.703985 0.710215
61.200000000 -2.19233 11.9534 0 0 0 0.704133 0.710068
61.300000000 -2.19219 11.9801 0 0 0 0.704282 0.70992
61.400000000 -2.19206 12.0067 0 0 0 0.704431 0.709773
61.500000000 -2.19194 12.0334 0 0 0 0.70458 0.709625
61.600000000 -2.19184 12.0601 0 0 0 0.704728 0.709477
61.700000000 -2.19175 12.0851 0 0 0 0.704867 0.709339
61.800000000 -2.19166 12.1117 0 0 0 0.705016 0.709191
61.900000000 -2.19159 12.1384 0 0 0 0.705165 0.709044
62.000000000 -2.19153 12.1634 0 0 0 0.705304 0.708905
62.100000000 -2.19148 12.1901 0 0 0 0.705452 0.708757
62.200000000 -2.19144 12.2151 0 0 0 0.705591 0.708619
62.300000000 -2.19133 12.2417 0 0 0 0.705591 0.708619
62.400000000 -2.19122 12.2667 0 0 0 0.705591 0.708619
62.500000000 -2.1911 12.2951 0 0 0 0.705591 0.708619
62.600000000 -2.19098 12.3217 0 0 0 0.705591 0.708619
62.700000000 -2.19087 12.3484 0 0 0 0.705591 0.708619
62.800000000 -2.19076 12.3751 0 0 0 0.705591 0.708619
62.900000000 -2.19065 12.4001 0 0 0 0.705591 0.708619
63.000000000 -2.19054 12.4251 0 0 0 0.705591 0.708619
63.100000000 -2.19044 12.4484 0 0 0 0.705591 0.708619
63.200000000 -2.19033 12.4751 0 0 0 0.705591 0.708619
63.300000000 -2.19021 12.5017 0 0 0 0.705591 0.708619
63.400000000 -2.1901 12.5284 0 0 0 0.705591 0.708619
63.500000000 -2.18999 12.5551 0 0 0 0.705591 0.708619
63.600000000 -2.18987 12.5817 0 0 0 0.705591 0.708619
63.700000000 -2.18976 12.6067 0 0 0 0.705591 0.708619
63.800000000 -2.18965 12.6334 0 0 0 0.705591 0.708619
63.900000000 -2.18954 12.6601 0 0 0 0.705591 0.708619
64.000000000 -2.18943 12.6851 0 0 0 0.705591 0.708619
64.100000000 -2.18931 12.7117 0 0 0 0.705591 0.708619
64.200000000 -2.18921 12.7367 0 0 0 0.705591 0.708619
64.300000000 -2.1891 12.7617 0 0 0 0.705591 0.708619
64.400000000 -2.18899 12.7884 0 0 0 0.705591 0.708619
64.500000000 -2.18887 12.8151 0 0 0 0.705591 0.708619
64.600000000 -2.18876 12.8401 0 0 0 0.705591 0.708619
64.700000000 -2.18866 12.8651 0 0 0 0.705591 0.708619
64.800000000 -2.18854 12.8917 0 0 0 0.705591 0.708619
64.900000000 -2.18843 12.9184 0 0 0 0.705591 0.708619
65.000000000 -2.18832 12.9434 0 0 0 0.705591 0.708619
65.100000000 -2.18821 12.97 0 0 0 0.705591 0.708619
65.200000000 -2.1881 12.995 0 0 0 0.705591 0.708619
65.300000000 -2.188 13.0184 0 0 0 0.705591 0.708619
65.400000000 -2.18789 13.045 0 0 0 0.705591 0.708619
65.500000000 -2.18778 13.07 0 0 0 0.705591 0.708619
65.600000000 -2.18767 13.095 0 0 0 0.705591 0.708619
65.700000000 -2.18757 13.1184 0 0 0 0.705591 0.708619
65.800000000 -2.18746 13.145 0 0 0 0.705591 0.708619
65.900000000 -2.18735 13.17 0 0 0 0.705591 0.708619
66.000000000 -2.18724 13.1967 0 0 0 0.705591 0.708619
66.100000000 -2.18713 13.2217 0 0 0 0.705591 0.708619
66.200000000 -2.18702 13.2484 0 0 0 0.705591 0.708619
66.300000000 -2.18691 13.2734 0 0 0 0.705591 0.708619
66.400000000 -2.1868 13.3 0 0 0 0.705591 0.708619
66.500000000 -2.18668 13.3267 0 0 0 0.705591 0.708619
66.600000000 -2.18657 13.3517 0 0 0 0.705591 0.708619
66.700000000 -2.18646 13.3784 0 0 0 0.705591 0.708619
66.800000000 -2.18635 13.4034 0 0 0 0.705591 0.708619
66.900000000 -2.18624 13.43 0 0 0 0.705591 0.708619
67.000000000 -2.18613 13.455 0 0 0 0.705591 0.708619
67.100000000 -2.18602 13.4817 0 0 0 0.705591 0.708619
67.200000000 -2.18591 13.5067 0 0 0 0.705591 0.708619
67.300000000 -2.1858 13.5317 0 0 0 0.705591 0.708619
67.400000000 -2.18569 13.5584 0 0 0 0.705591 0.708619
67.500000000 -2.18557 13.5867 0 0 0 0.705591 0.708619
67.600000000 -2.18545 13.6134 0 0 0 0.705591 0.708619
67.700000000 -2.18535 13.6384 0 0 0 0.705591 0.708619
67.800000000 -2.18524 13.6634 0 0 0 0.705591 0.708619
67.900000000 -2.18513 13.69 0 0 0 0.705591 0.708619
68.000000000 -2.18501 13.7167 0 0 0 0.705591 0.708619
68.100000000 -2.1849 13.7417 0 0 0 0.705591 0.708619
68.200000000 -2.18479 13.7684 0 0 0 0.705591 0.708619
68.300000000 -2.18468 13.795 0 0 0 0.705591 0.708619
68.400000000 -2.18456 13.8217 0 0 0 0.705591 0.708619
68.500000000 -2.18445 13.8467 0 0 0 0.705591 0.708619
68.600000000 -2.18434 13.8734 0 0 0 0.705591 0.708619
68.700000000 -2.18423 13.9 0 0 0 0.705591 0.708619
68.800000000 -2.18412 13.925 0 0 0 0.705591 0.708619
68.900000000 -2.18401 13.95 0 0 0 0.705591 0.708619
69.000000000 -2.18391 13.9734 0 0 0 0.705591 0.708619
69.100000000 -2.18381 13.9967 0 0 0 0.705591 0.708619
69.200000000 -2.18372 14.0184 0 0 0 0.705591 0.708619
69.300000000 -2.18363 14.04 0 0 0 0.705591 0.708619
69.400000000 -2.18353 14.0617 0 0 0 0.705591 0.708619
69.500000000 -2.18345 14.0817 0 0 0 0.705591 0.708619
69.600000000 -2.18336 14.1034 0 0 0 0.705591 0.708619
69.700000000 -2.18326 14.125 0 0 0 0.705591 0.708619
69.800000000 -2.18317 14.1467 0 0 0 0.705591 0.708619
69.900000000 -2.18308 14.1684 0 0 0 0.705591 0.708619
70.000000000 -2.18298 14.19 0 0 0 0.705591 0.708619
70.100000000 -2.18289 14.2117 0 0 0 0.705591 0.708619
70.200000000 -2.1828 14.2334 0 0 0 0.705591 0.708619
70.300000000 -2.18271 14.2534 0 0 0 0.705591 0.708619
70.400000000 -2.18262 14.275 0 0 0 0.705591 0.708619
70.500000000 -2.18252 14.2984 0 0 0 0.705591 0.708619
70.600000000 -2.18243 14.32 0 0 0 0.705591 0.708619
70.700000000 -2.18233 14.3434 0 0 0 0.705591 0.708619
70.800000000 -2.18224 14.365 0 0 0 0.705591 0.708619
70.900000000 -2.18214 14.3884 0 0 0 0.705591 0.708619
71.000000000 -2.18204 14.41 0 0 0 0.705591 0.708619
71.100000000 -2.18194 14.4334 0 0 0 0.705591 0.708619
71.200000000 -2.18185 14.455 0 0 0 0.705591 0.708619
71.300000000 -2.18176 14.4767 0 0 0 0.705591 0.708619
71.400000000 -2.18166 14.4984 0 0 0 0.705591 0.708619
71.500000000 -2.18157 14.52 0 0 0 0.705591 0.708619
71.600000000 -2.18148 14.5417 0 0 0 0.705591 0.708619
71.700000000 -2.18139 14.5634 0 0 0 0.705591 0.708619
71.800000000 -2.18129 14.585 0 0 0 0.705591 0.708619
71.900000000 -2.1812 14.6067 0 0 0 0.705591 0.708619
72.000000000 -2.18111 14.6284 0 0 0 0.705591 0.708619
72.100000000 -2.18102 14.6484 0 0 0 0.705591 0.708619
72.200000000 -2.18093 14.67 0 0 0 0.705591 0.708619
72.300000000 -2.18084 14.6917 0 0 0 0.705591 0.708619
72.400000000 -2.18074 14.7134 0 0 0 0.705591 0.708619
72.500000000 -2.18066 14.7334 0 0 0 0.705591 0.708619
72.600000000 -2.18054 14.76 0 0 0 0.705591 0.708619
72.700000000 -2.18043 14.7867 0 0 0 0.705591 0.708619
72.800000000 -2.18032 14.8134 0 0 0 0.705591 0.708619
72.900000000 -2.1802 14.84 0 0 0 0.705591 0.708619
73.000000000 -2.18009 14.8667 0 0 0 0.705591 0.708619
73.100000000 -2.17997 14.8934 0 0 0 0.705591 0.708619
73.200000000 -2.17986 14.92 0 0 0 0.705591 0.708619
73.300000000 -2.17975 14.945 0 0 0 0.705591 0.708619
73.400000000 -2.17964 14.9717 0 0 0 0.705591 0.708619
73.500000000 -2.17952 14.9984 0 0 0 0.705591 0.708619
73.600000000 -2.17942 15.0234 0 0 0 0.705591 0.708619
73.700000000 -2.1793 15.05 0 0 0 0.705591 0.708619
73.800000000 -2.1792 15.075 0 0 0 0.705591 0.708619
73.900000000 -2.17905 15.1084 0 0 0 0.705591 0.708619
74.000000000 -2.17892 15.14 0 0 0 0.705591 0.708619
74.100000000 -2.17877 15.1734 0 0 0 0.705591 0.708619
74.200000000 -2.17863 15.2067 0 0 0 0.705591 0.708619
74.300000000 -2.17849 15.24 0 0 0 0.705591 0.708619
74.400000000 -2.17835 15.2717 0 0 0 0.705591 0.708619
74.500000000 -2.17822 15.3034 0 0 0 0.705591 0.708619
74.600000000 -2.17808 15.3367 0 0 0 0.705591 0.708619
74.700000000 -2.17794 15.3684 0 0 0 0.705591 0.708619
74.800000000 -2.1778 15.4017 0 0 0 0.705591 0.708619
74.900000000 -2.17765 15.435 0 0 0 0.705591 0.708619
75.000000000 -2.17752 15.4667 0 0 0 0.705591 0.708619
75.100000000 -2.17737 15.5017 0 0 0 0.705591 0.708619
75.200000000 -2.17723 15.535 0 0 0 0.705591 0.708619
75.300000000 -2.17709 15.5667 0 0 0 0.705591 0.708619
75.400000000 -2.17695 15.5984 0 0 0 0.705591 0.708619
75.500000000 -2.17681 15.6317 0 0 0 0.705591 0.708619
75.600000000 -2.17668 15.6634 0 0 0 0.705591 0.708619
75.700000000 -2.17653 15.6967 0 0 0 0.705591 0.708619
75.800000000 -2.17639 15.73 0 0 0 0.705591 0.708619
75.900000000 -2.17625 15.7634 0 0 0 0.705591 0.708619
76.000000000 -2.17611 15.795 0 0 0 0.705591 0.708619
76.100000000 -2.17596 15.83 0 0 0 0.705591 0.708619
76.200000000 -2.17582 15.8634 0 0 0 0.705591 0.708619
76.300000000 -2.17774 15.9384 0 0 0 0.709554 0.704651
76.400000000 -2.18075 16.0133 0 0 0 0.71393 0.700217
76.500000000 -2.1847 16.0882 0 0 0 0.718278 0.695756
76.600000000 -2.18958 16.1631 0 0 0 0.722598 0.691268
76.700000000 -2.19539 16.2379 0 0 0 0.726891 0.686753
76.800000000 -2.20213 16.3126 0 0 0 0.731155 0.682212
76.900000000 -2.2098 16.3873 0 0 0 0.73539 0.677644
77.000000000 -2.21841 16.4618 0 0 0 0.739597 0.67305
77.100000000 -2.22794 16.5362 0 0 0 0.743776 0.668429
77.200000000 -2.23839 16.6105 0 0 0 0.747925 0.663783
77.300000000 -2.25197 16.6844 0 0 0 0.755681 0.654939
77.400000000 -2.26747 16.7578 0 0 0 0.763655 0.645624
77.500000000 -2.28477 16.8309 0 0 0 0.771514 0.636212
77.600000000 -2.30386 16.9036 0 0 0 0.779257 0.626704
77.700000000 -2.32472 16.9757 0 0 0 0.786883 0.617102
77.800000000 -2.34735 17.0473 0 0 0 0.79439 0.607408
77.900000000 -2.37172 17.1183 0 0 0 0.801778 0.597622
78.000000000 -2.39783 17.1888 0 0 0 0.809046 0.587746
78.100000000 -2.42566 17.2585 0 0 0 0.816192 0.577781
78.200000000 -2.45519 17.3276 0 0 0 0.823215 0.56773
78.300000000 -2.48641 17.3959 0 0 0 0.830114 0.557593
78.400000000 -2.51929 17.4634 0 0 0 0.836889 0.547373
78.500000000 -2.54935 17.5321 0 0 0 0.836889 0.547373
78.600000000 -2.57489 17.6027 0 0 0 0.830114 0.557593
78.700000000 -2.59316 17.6658 0 0 0 0.820339 0.571878
78.800000000 -2.60878 17.7286 0 0 0 0.810067 0.586337
78.900000000 -2.62216 17.792 0 0 0 0.799541 0.600612
79.000000000 -2.63329 17.8559 0 0 0 0.788762 0.614698
79.100000000 -2.64214 17.92 0 0 0 0.777736 0.628591
79.200000000 -2.64871 17.9845 0 0 0 0.766465 0.642286
79.300000000 -2.65268 18.0483 0 0 0 0.754675 0.656099
79.400000000 -2.65404 18.1115 0 0 0 0.742354 0.670008
79.500000000 -2.65306 18.1746 0 0 0 0.729777 0.683685
79.600000000 -2.64973 18.2376 0 0 0 0.716949 0.697126
79.700000000 -2.64406 18.3005 0 0 0 0.703872 0.710327
79.800000000 -2.63605 18.3632 0 0 0 0.690553 0.723282
79.900000000 -2.62573 18.4254 0 0 0 0.676995 0.735988
80.000000000 -2.6131 18.4873 0 0 0 0.663203 0.748439
80.100000000 -2.59818 18.5487 0 0 0 0.649183 0.760632
80.200000000 -2.58279 18.6221 0 0 0 0.642208 0.76653
80.300000000 -2.56697 18.6955 0 0 0 0.636953 0.770903
80.400000000 -2.55014 18.7686 0 0 0 0.631668 0.775239
80.500000000 -2.53232 18.8415 0 0 0 0.626353 0.77954
80.600000000 -2.5135 18.9141 0 0 0 0.621009 0.783803
80.700000000 -2.49369 18.9865 0 0 0 0.615636 0.78803
80.800000000 -2.47289 19.0586 0 0 0 0.610235 0.792221
80.900000000 -2.45111 19.1304 0 0 0 0.604804 0.796374
81.000000000 -2.42835 19.2019 0 0 0 0.599346 0.80049
81.100000000 -2.40461 19.273 0 0 0 0.593859 0.804569
81.200000000 -2.3799 19.3439 0 0 0 0.588345 0.80861
81.300000000 -2.35865 19.4158 0 0 0 0.592207 0.805786
81.400000000 -2.33965 19.4832 0 0 0 0.596213 0.802826
81.500000000 -2.32177 19.5492 0 0 0 0.60011 0.799917
81.600000000 -2.30536 19.6121 0 0 0 0.603804 0.797133
81.700000000 -2.28995 19.6735 0 0 0 0.60739 0.794404
81.800000000 -2.27548 19.7335 0 0 0 0.61087 0.791731
81.900000000 -2.26229 19.7903 0 0 0 0.614151 0.789188
82.000000000 -2.24993 19.8457 0 0 0 0.617329 0.786705
82.100000000 -2.23837 19.8995 0 0 0 0.620403 0.784283
82.200000000 -2.22758 19.9517 0 0 0 0.623375 0.781923
82.300000000 -2.22011 19.9927 0 0 0 0.62701 0.779011
82.400000000 -2.21303 20.0338 0 0 0 0.630631 0.776083
82.500000000 -2.20659 20.0733 0 0 0 0.634094 0.773256
82.600000000 -2.20077 20.1112 0 0 0 0.637401 0.770532
82.700000000 -2.19551 20.1476 0 0 0 0.640553 0.767914
82.800000000 -2.19077 20.1823 0 0 0 0.643552 0.765402
82.900000000 -2.1863 20.217 0 0 0 0.646541 0.762879
83.000000000 -2.18231 20.2501 0 0 0 0.649379 0.760465
83.100000000 -2.17875 20.2816 0 0 0 0.652066 0.758162
83.200000000 -2.17559 20.3115 0 0 0 0.654604 0.755972
83.300000000 -2.17224 20.3413 0 0 0 0.656399 0.754414
83.400000000 -2.16921 20.3695 0 0 0 0.65809 0.75294
83.500000000 -2.16631 20.3977 0 0 0 0.659777 0.751461
83.600000000 -2.16369 20.4242 0 0 0 0.661363 0.750066
83.700000000 -2.16119 20.4508 0 0 0 0.662945 0.748668
83.800000000 -2.15895 20.4757 0 0 0 0.664426 0.747354
83.900000000 -2.15667 20.5023 0 0 0 0.666003 0.745949
84.000000000 -2.1545 20.5289 0 0 0 0.667577 0.744541
84.100000000 -2.15257 20.5538 0 0 0 0.66905 0.743218
84.200000000 -2.15062 20.5804 0 0 0 0.670618 0.741803
84.300000000 -2.14878 20.607 0 0 0 0.672183 0.740385
84.400000000 -2.14705 20.6337 0 0 0 0.673745 0.738964
84.500000000 -2.14518 20.6603 0 0 0 0.674832 0.737972
84.600000000 -2.14339 20.6869 0 0 0 0.675917 0.736977
84.700000000 -2.14167 20.7135 0 0 0 0.677001 0.735982
84.800000000 -2.14014 20.7385 0 0 0 0.678016 0.735047
84.900000000 -2.13858 20.7651 0 0 0 0.679098 0.734048
85.000000000 -2.13719 20.79 0 0 0 0.68011 0.73311
85.100000000 -2.13586 20.815 0 0 0 0.681121 0.732171
85.200000000 -2.13453 20.8417 0 0 0 0.682198 0.731167
85.300000000 -2.13328 20.865 0 0 0 0.682869 0.730541
85.400000000 -2.13216 20.8866 0 0 0 0.683492 0.729958
85.500000000 -2.13108 20.9082 0 0 0 0.684114 0.729375
85.600000000 -2.13003 20.9299 0 0 0 0.684736 0.728792
85.700000000 -2.12902 20.9515 0 0 0 0.685357 0.728208
85.800000000 -2.12813 20.9715 0 0 0 0.68593 0.727668
85.900000000 -2.12726 20.9915 0 0 0 0.686502 0.727128
86.000000000 -2.12629 21.0148 0 0 0 0.687169 0.726497
86.100000000 -2.12542 21.0365 0 0 0 0.687789 0.725911
86.200000000 -2.12459 21.0581 0 0 0 0.688407 0.725324
86.300000000 -2.12374 21.0898 0 0 0 0.689857 0.723946
86.400000000 -2.12298 21.1231 0 0 0 0.691379 0.722492
86.500000000 -2.12238 21.1548 0 0 0 0.692823 0.721108
86.600000000 -2.12162 21.2298 0 0 0 0.696856 0.717211
86.700000000 -2.12171 21.3048 0 0 0 0.700867 0.713292
86.800000000 -2.12263 21.3798 0 0 0 0.704856 0.70935
86.900000000 -2.1244 21.4548 0 0 0 0.708823 0.705386
87.000000000 -2.12701 21.5298 0 0 0 0.712768 0.7014
87.100000000 -2.13046 21.6048 0 0 0 0.71669 0.697392
87.200000000 -2.13475 21.6797 0 0 0 0.72059 0.693361
87.300000000 -2.13853 21.7546 0 0 0 0.722149 0.691737
87.400000000 -2.14266 21.8295 0 0 0 0.723705 0.690109
87.500000000 -2.14712 21.9043 0 0 0 0.725257 0.688478
87.600000000 -2.15192 21.9792 0 0 0 0.726806 0.686843
87.700000000 -2.15705 22.054 0 0 0 0.72835 0.685205
87.800000000 -2.16253 22.1288 0 0 0 0.729892 0.683563
87.900000000 -2.16834 22.2036 0 0 0 0.731429 0.681918
88.000000000 -2.17448 22.2783 0 0 0 0.732963 0.680269
88.100000000 -2.18097 22.3531 0 0 0 0.734492 0.678617
88.200000000 -2.18779 22.4277 0 0 0 0.736019 0.676961
88.300000000 -2.19299 22.5009 0 0 0 0.734455 0.678657
88.400000000 -2.19625 22.5525 0 0 0 0.733074 0.680149
88.500000000 -2.1992 22.6024 0 0 0 0.731734 0.68159
88.600000000 -2.20187 22.6507 0 0 0 0.730436 0.682981
88.700000000 -2.20427 22.6973 0 0 0 0.729181 0.684321
88.800000000 -2.20641 22.7422 0 0 0 0.727968 0.685611
88.900000000 -2.20833 22.7855 0 0 0 0.726798 0.686851
89.000000000 -2.21003 22.8271 0 0 0 0.725671 0.688042
89.100000000 -2.21153 22.8671 0 0 0 0.724587 0.689183
89.200000000 -2.2129 22.9071 0 0 0 0.723501 0.690323
89.300000000 -2.21521 22.9687 0 0 0 0.722497 0.691374
89.400000000 -2.21729 23.0287 0 0 0 0.721518 0.692396
89.500000000 -2.21914 23.087 0 0 0 0.720565 0.693388
89.600000000 -2.22078 23.1436 0 0 0 0.719638 0.69435
89.700000000 -2.22218 23.197 0 0 0 0.718764 0.695254
89.800000000 -2.22342 23.2486 0 0 0 0.717916 0.696129
89.900000000 -2.22448 23.2986 0 0 0 0.717095 0.696975
90.000000000 -2.2254 23.3469 0 0 0 0.7163 0.697792
90.100000000 -2.22619 23.3936 0 0 0 0.715532 0.69858
90.200000000 -2.22684 23.4386 0 0 0 0.71479 0.699339
90.300000000 -2.22738 23.4819 0 0 0 0.714075 0.700069
90.400000000 -2.22781 23.5236 0 0 0 0.713387 0.70077
90.500000000 -2.22827 23.5636 0 0 0 0.712947 0.701218
90.600000000 -2.22881 23.6036 0 0 0 0.712726 0.701442
90.700000000 -2.2293 23.6419 0 0 0 0.712515 0.701657
90.800000000 -2.22975 23.6786 0 0 0 0.712313 0.701862
90.900000000 -2.23016 23.7136 0 0 0 0.71212 0.702058
91.000000000 -2.23053 23.7469 0 0 0 0.711936 0.702244
91.100000000 -2.23088 23.7802 0 0 0 0.711752 0.702431
91.200000000 -2.2312 23.8119 0 0 0 0.711578 0.702608
91.300000000 -2.23148 23.8419 0 0 0 0.711412 0.702775
91.400000000 -2.23176 23.8719 0 0 0 0.711246 0.702943
91.500000000 -2.232 23.9002 0 0 0 0.71109 0.703101
91.600000000 -2.23222 23.9269 0 0 0 0.710943 0.70325
91.700000000 -2.23242 23.9536 0 0 0 0.710795 0.703399
91.800000000 -2.23261 23.9786 0 0 0 0.710657 0.703538
91.900000000 -2.23279 24.0052 0 0 0 0.71051 0.703687
92.000000000 -2.23295 24.0302 0 0 0 0.710372 0.703827
92.100000000 -2.23311 24.0552 0 0 0 0.710233 0.703966
92.200000000 -2.23326 24.0819 0 0 0 0.710086 0.704115
92.300000000 -2.23341 24.1102 0 0 0 0.709929 0.704273
92.400000000 -2.23354 24.1369 0 0 0 0.709782 0.704422
92.500000000 -2.23366 24.1636 0 0 0 0.709634 0.70457
92.600000000 -2.23376 24.1886 0 0 0 0.709496 0.70471
92.700000000 -2.23385 24.2136 0 0 0 0.709357 0.704849
92.800000000 -2.23393 24.2386 0 0 0 0.709219 0.704988
92.900000000 -2.234 24.2652 0 0 0 0.709071 0.705137
93.000000000 -2.23407 24.2919 0 0 0 0.708924 0.705285
93.100000000 -2.23412 24.3186 0 0 0 0.708776 0.705434
93.200000000 -2.23425 24.3452 0 0 0 0.708776 0.705434
93.300000000 -2.23437 24.3702 0 0 0 0.708776 0.705434
93.400000000 -2.23449 24.3969 0 0 0 0.708776 0.705434
93.500000000 -2.23462 24.4236 0 0 0 0.708776 0.705434
93.600000000 -2.23474 24.4502 0 0 0 0.708776 0.705434
93.700000000 -2.23487 24.4769 0 0 0 0.708776 0.705434
93.800000000 -2.23499 24.5019 0 0 0 0.708776 0.705434
93.900000000 -2.23511 24.5286 0 0 0 0.708776 0.705434
94.000000000 -2.23523 24.5536 0 0 0 0.708776 0.705434
94.100000000 -2.23536 24.5802 0 0 0 0.708776 0.705434
94.200000000 -2.23548 24.6052 0 0 0 0.708776 0.705434
94.300000000 -2.2356 24.6302 0 0 0 0.708776 0.705434
94.400000000 -2.23572 24.6569 0 0 0 0.708776 0.705434
94.500000000 -2.23585 24.6836 0 0 0 0.708776 0.705434
94.600000000 -2.23597 24.7086 0 0 0 0.708776 0.705434
94.700000000 -2.23609 24.7352 0 0 0 0.708776 0.705434
94.800000000 -2.23621 24.7602 0 0 0 0.708776 0.705434
94.900000000 -2.23633 24.7852 0 0 0 0.708776 0.705434
95.000000000 -2.23645 24.8102 0 0 0 0.708776 0.705434
95.100000000 -2.23657 24.8369 0 0 0 0.708776 0.705434
95.200000000 -2.2367 24.8636 0 0 0 0.708776 0.705434
95.300000000 -2.23682 24.8886 0 0 0 0.708776 0.705434
95.400000000 -2.23694 24.9152 0 0 0 0.708776 0.705434
95.500000000 -2.23707 24.9419 0 0 0 0.708776 0.705434
95.600000000 -2.23719 24.9686 0 0 0 0.708776 0.705434
95.700000000 -2.23732 24.9952 0 0 0 0.708776 0.705434
95.800000000 -2.23744 25.0202 0 0 0 0.708776 0.705434
95.900000000 -2.23756 25.0469 0 0 0 0.708776 0.705434
96.000000000 -2.23768 25.0719 0 0 0 0.708776 0.705434
96.100000000 -2.23781 25.0985 0 0 0 0.708776 0.705434
96.200000000 -2.23793 25.1235 0 0 0 0.708776 0.705434
96.300000000 -2.23805 25.1502 0 0 0 0.708776 0.705434
96.400000000 -2.23817 25.1752 0 0 0 0.708776 0.705434
96.500000000 -2.23829 25.2002 0 0 0 0.708776 0.705434
96.600000000 -2.23842 25.2269 0 0 0 0.708776 0.705434
96.700000000 -2.23854 25.2535 0 0 0 0.708776 0.705434
96.800000000 -2.23866 25.2785 0 0 0 0.708776 0.705434
96.900000000 -2.23878 25.3035 0 0 0 0.708776 0.705434
97.000000000 -2.2389 25.3302 0 0 0 0.708776 0.705434
97.100000000 -2.23902 25.3552 0 0 0 0.708776 0.705434
97.200000000 -2.23914 25.3802 0 0 0 0.708776 0.705434
97.300000000 -2.23925 25.4035 0 0 0 0.708776 0.705434
97.400000000 -2.23938 25.4302 0 0 0 0.708776 0.705434
97.500000000 -2.23949 25.4552 0 0 0 0.708776 0.705434
97.600000000 -2.23962 25.4819 0 0 0 0.708776 0.705434
97.700000000 -2.23975 25.5085 0 0 0 0.708776 0.705434
97.800000000 -2.23987 25.5352 0 0 0 0.708776 0.705434
97.900000000 -2.24 25.5619 0 0 0 0.708776 0.705434
98.000000000 -2.24012 25.5885 0 0 0 0.708776 0.705434
98.100000000 -2.24024 25.6135 0 0 0 0.708776 0.705434
98.200000000 -2.24037 25.6402 0 0 0 0.708776 0.705434
98.300000000 -2.24049 25.6669 0 0 0 0.708776 0.705434
98.400000000 -2.24061 25.6919 0 0 0 0.708776 0.705434
98.500000000 -2.24073 25.7169 0 0 0 0.708776 0.705434
98.600000000 -2.24086 25.7435 0 0 0 0.708776 0.705434
98.700000000 -2.24099 25.7719 0 0 0 0.708776 0.705434
98.800000000 -2.24112 25.7985 0 0 0 0.708776 0.705434
98.900000000 -2.24124 25.8252 0 0 0 0.708776 0.705434
99.000000000 -2.24136 25.8502 0 0 0 0.708776 0.705434
99.100000000 -2.24148 25.8752 0 0 0 0.708776 0.705434
99.200000000 -2.24159 25.8985 0 0 0 0.708776 0.705434
99.300000000 -2.2417 25.9219 0 0 0 0.708776 0.705434
99.400000000 -2.2418 25.9435 0 0 0 0.708776 0.705434
99.500000000 -2.24191 25.9669 0 0 0 0.708776 0.705434
99.600000000 -2.24202 25.9885 0 0 0 0.708776 0.705434
99.700000000 -2.24213 26.0119 0 0 0 0.708776 0.705434
99.800000000 -2.24223 26.0335 0 0 0 0.708776 0.705434
99.900000000 -2.24233 26.0552 0 0 0 0.708776 0.705434
100.000000000 -2.24243 26.0769 0 0 0 0.708776 0.705434
100.100000000 -2.24254 26.0985 0 0 0 0.708776 0.705434
100.200000000 -2.24263 26.1185 0 0 0 0.708776 0.705434
100.300000000 -2.24273 26.1402 0 0 0 0.708776 0.705434
100.400000000 -2.24283 26.1602 0 0 0 0.708776 0.705434
100.500000000 -2.24294 26.1835 0 0 0 0.708776 0.705434
100.600000000 -2.24305 26.2069 0 0 0 0.708776 0.705434
100.700000000 -2.24315 26.2285 0 0 0 0.708776 0.705434
100.800000000 -2.24325 26.2502 0 0 0 0.708776 0.705434
100.900000000 -2.24335 26.2702 0 0 0 0.708776 0.705434
101.000000000 -2.24345 26.2919 0 0 0 0.708776 0.705434
101.100000000 -2.24355 26.3135 0 0 0 0.708776 0.705434
101.200000000 -2.24365 26.3352 0 0 0 0.708776 0.705434
101.300000000 -2.24376 26.3569 0 0 0 0.708776 0.705434
101.400000000 -2.24386 26.3785 0 0 0 0.708776 0.705434
101.500000000 -2.24395 26.3985 0 0 0 0.708776 0.705434
101.600000000 -2.24406 26.4202 0 0 0 0.708776 0.705434
101.700000000 -2.24417 26.4435 0 0 0 0.708776 0.705434
101.800000000 -2.24427 26.4652 0 0 0 0.708776 0.705434
101.900000000 -2.24437 26.4869 0 0 0 0.708776 0.705434
102.000000000 -2.24447 26.5085 0 0 0 0.708776 0.705434
102.100000000 -2.24458 26.5319 0 0 0 0.708776 0.705434
102.200000000 -2.24469 26.5535 0 0 0 0.708776 0.705434
102.300000000 -2.24479 26.5752 0 0 0 0.708776 0.705434
102.400000000 -2.24488 26.5952 0 0 0 0.708776 0.705434
102.500000000 -2.24498 26.6152 0 0 0 0.708776 0.705434
102.600000000 -2.24508 26.6369 0 0 0 0.708776 0.705434
102.700000000 -2.24518 26.6585 0 0 0 0.708776 0.705434
102.800000000 -2.24529 26.6819 0 0 0 0.708776 0.705434
102.900000000 -2.24539 26.7035 0 0 0 0.708776 0.705434
103.000000000 -2.2455 26.7252 0 0 0 0.708776 0.705434
103.100000000 -2.2456 26.7469 0 0 0 0.708776 0.705434
103.200000000 -2.2457 26.7685 0 0 0 0.708776 0.705434
103.300000000 -2.2458 26.7885 0 0 0 0.708776 0.705434
103.400000000 -2.2459 26.8102 0 0 0 0.708776 0.705434
103.500000000 -2.246 26.8319 0 0 0 0.708776 0.705434
103.600000000 -2.2461 26.8535 0 0 0 0.708776 0.705434
103.700000000 -2.24623 26.8802 0 0 0 0.708776 0.705434
103.800000000 -2.24636 26.9069 0 0 0 0.708776 0.705434
103.900000000 -2.24648 26.9335 0 0 0 0.708776 0.705434
104.000000000 -2.24661 26.9602 0 0 0 0.708776 0.705434
104.100000000 -2.24673 26.9869 0 0 0 0.708776 0.705434
104.200000000 -2.24686 27.0135 0 0 0 0.708776 0.705434
104.300000000 -2.24699 27.0402 0 0 0 0.708776 0.705434
104.400000000 -2.24711 27.0669 0 0 0 0.708776 0.705434
104.500000000 -2.24724 27.0935 0 0 0 0.708776 0.705434
104.600000000 -2.24736 27.1185 0 0 0 0.708776 0.705434
104.700000000 -2.24748 27.1452 0 0 0 0.708776 0.705434
104.800000000 -2.2476 27.1702 0 0 0 0.708776 0.705434
104.900000000 -2.24776 27.2035 0 0 0 0.708776 0.705434
105.000000000 -2.24791 27.2352 0 0 0 0.708776 0.705434
105.100000000 -2.24806 27.2685 0 0 0 0.708776 0.705434
105.200000000 -2.24822 27.3019 0 0 0 0.708776 0.705434
105.300000000 -2.24838 27.3352 0 0 0 0.708776 0.705434
105.400000000 -2.24853 27.3669 0 0 0 0.708776 0.705434
105.500000000 -2.2487 27.4019 0 0 0 0.708776 0.705434
105.600000000 -2.24885 27.4352 0 0 0 0.708776 0.705434
105.700000000 -2.24901 27.4685 0 0 0 0.708776 0.705434
105.800000000 -2.24917 27.5019 0 0 0 0.708776 0.705434
105.900000000 -2.24932 27.5335 0 0 0 0.708776 0.705434
106.000000000 -2.24947 27.5652 0 0 0 0.708776 0.705434
106.100000000 -2.24962 27.5969 0 0 0 0.708776 0.705434
106.200000000 -2.25115 27.6718 0 0 0 0.71086 0.703333
106.300000000 -2.25314 27.7468 0 0 0 0.712939 0.701226
106.400000000 -2.25556 27.8218 0 0 0 0.715011 0.699113
106.500000000 -2.25843 27.8967 0 0 0 0.717077 0.696994
106.600000000 -2.26175 27.9717 0 0 0 0.719137 0.694869
106.700000000 -2.2655 28.0466 0 0 0 0.72119 0.692737
106.800000000 -2.2697 28.1215 0 0 0 0.723237 0.6906
106.900000000 -2.27435 28.1963 0 0 0 0.725278 0.688456
107.000000000 -2.27943 28.2712 0 0 0 0.727312 0.686307
107.100000000 -2.28496 28.346 0 0 0 0.72934 0.684151
107.200000000 -2.29093 28.4207 0 0 0 0.731362 0.68199
107.300000000 -2.29889 28.4953 0 0 0 0.736007 0.676974
107.400000000 -2.30922 28.5697 0 0 0 0.742884 0.669421
107.500000000 -2.32127 28.6438 0 0 0 0.75003 0.661403
107.600000000 -2.33511 28.7176 0 0 0 0.757428 0.652919
107.700000000 -2.35061 28.7911 0 0 0 0.764729 0.644352
107.800000000 -2.36776 28.8642 0 0 0 0.771933 0.635704
107.900000000 -2.38655 28.9369 0 0 0 0.77904 0.626975
108.000000000 -2.40697 29.0091 0 0 0 0.786047 0.618166
108.100000000 -2.42901 29.0809 0 0 0 0.792956 0.609279
108.200000000 -2.45267 29.1522 0 0 0 0.799763 0.600315
108.300000000 -2.47792 29.2229 0 0 0 0.80647 0.591275
108.400000000 -2.50476 29.293 0 0 0 0.813074 0.58216
108.500000000 -2.53155 29.3466 0 0 0 0.824684 0.565593
108.600000000 -2.55767 29.383 0 0 0 0.840282 0.54215
108.700000000 -2.58174 29.4006 0 0 0 0.859641 0.510899
108.800000000 -2.60269 29.4025 0 0 0 0.881173 0.472794
108.900000000 -2.62373 29.4026 0 0 0 0.901017 0.433784
109.000000000 -2.64469 29.4008 0 0 0 0.919135 0.393944
109.100000000 -2.66541 29.3972 0 0 0 0.935492 0.353348
109.200000000 -2.68575 29.3918 0 0 0 0.950057 0.312076
109.300000000 -2.70466 29.3837 0 0 0 0.96297 0.269607
109.400000000 -2.72278 29.374 0 0 0 0.973986 0.226608
109.500000000 -2.73996 29.3627 0 0 0 0.983083 0.183161
109.600000000 -2.75496 29.3492 0 0 0 0.990331 0.138724
109.700000000 -2.76868 29.3344 0 0 0 0.995572 0.0940047
109.800000000 -2.78102 29.3184 0 0 0 0.998794 0.0490952
109.900000000 -2.79187 29.3014 0 0 0 0.999992 0.00408611
110.000000000 -2.80115 29.2835 0 0 0 0.999162 -0.0409312
110.100000000 -2.80744 29.2647 0 0 0 0.99625 -0.0865162
110.200000000 -2.81198 29.2454 0 0 0 0.99126 -0.131921
110.300000000 -2.81473 29.2257 0 0 0 0.984202 -0.17705
110.400000000 -2.81702 29.2057 0 0 0 0.975235 -0.221173
110.500000000 -2.80907 29.1877 0 0 0 0.96317 -0.268893
110.600000000 -2.79787 29.1711 0 0 0 0.948527 -0.316695
110.700000000 -2.78507 29.1558 0 0 0 0.931514 -0.363706
110.800000000 -2.77081 29.1418 0 0 0 0.912172 -0.409808
110.900000000 -2.75522 29.1292 0 0 0 0.89055 -0.454885
111.000000000 -2.73846 29.1183 0 0 0 0.866702 -0.498826
111.100000000 -2.72069 29.1092 0 0 0 -0.840688 0.54152
111.200000000 -2.7021 29.1018 0 0 0 -0.812573 0.58286
111.300000000 -2.68286 29.0964 0 0 0 -0.782427 0.622743
111.400000000 -2.66318 29.0929 0 0 0 -0.750324 0.66107
111.500000000 -2.64325 29.0914 0 0 0 -0.716347 0.697744
111.600000000 -2.62326 29.0918 0 0 0 -0.680579 0.732675
111.700000000 -2.60342 29.0943 0 0 0 -0.64311 0.765774
111.800000000 -2.58393 29.0987 0 0 0 -0.604034 0.796959
111.900000000 -2.56498 29.1051 0 0 0 -0.563447 0.826152
112.000000000 -2.54675 29.1133 0 0 0 -0.521453 0.85328
112.100000000 -2.52944 29.1233 0 0 0 -0.478155 0.878275
112.200000000 -2.51321 29.135 0 0 0 -0.433662 0.901076
112.300000000 -2.49823 29.1482 0 0 0 -0.388085 0.921624
112.400000000 -2.48465 29.1629 0 0 0 -0.341538 0.939868
112.500000000 -2.47259 29.1788 0 0 0 -0.294137 0.955763
112.600000000 -2.46219 29.1959 0 0 0 -0.246002 0.969269
112.700000000 -2.45355 29.2139 0 0 0 -0.197251 0.980353
112.800000000 -2.44675 29.2327 0 0 0 -0.148007 0.988986
112.900000000 -2.44186 29.2521 0 0 0 -0.0983934 0.995148
113.000000000 -2.43893 29.2719 0 0 0 -0.0485337 0.998822
113.100000000 -2.43799 29.2919 0 0 0 0.00144719 0.999999
113.200000000 -2.41824 29.3078 0 0 0 0.0412205 0.99915
113.300000000 -2.39767 29.325 0 0 0 0.0798908 0.996804
113.400000000 -2.37851 29.3438 0 0 0 0.118441 0.992961
113.500000000 -2.36085 29.364 0 0 0 0.156814 0.987628
113.600000000 -2.34481 29.3855 0 0 0 0.194951 0.980813
113.700000000 -2.33049 29.4082 0 0 0 0.232796 0.972526
113.800000000 -2.31796 29.4319 0 0 0 0.270291 0.962779
113.900000000 -2.30731 29.4566 0 0 0 0.307381 0.951587
114.000000000 -2.29859 29.4819 0 0 0 0.344009 0.938966
114.100000000 -2.29187 29.5079 0 0 0 0.380121 0.924937
114.200000000 -2.28718 29.5343 0 0 0 0.415662 0.909519
114.300000000 -2.26993 29.5724 0 0 0 0.44255 0.896744
114.400000000 -2.24394 29.6212 0 0 0 0.462734 0.886497
114.500000000 -2.21902 29.6723 0 0 0 0.481985 0.87618
114.600000000 -2.19635 29.7243 0 0 0 0.501005 0.865444
114.700000000 -2.17597 29.7774 0 0 0 0.519787 0.854296
114.800000000 -2.15793 29.8312 0 0 0 0.538321 0.84274
114.900000000 -2.14226 29.8858 0 0 0 0.556598 0.830782
115.000000000 -2.12899 29.9411 0 0 0 0.57461 0.818428
115.100000000 -2.11814 29.9968 0 0 0 0.592347 0.805683
115.200000000 -2.10221 30.0668 0 0 0 0.603713 0.797202
115.300000000 -2.08739 30.1389 0 0 0 0.614212 0.789141
115.400000000 -2.07449 30.2115 0 0 0 0.624602 0.780943
115.500000000 -2.06352 30.2843 0 0 0 0.634884 0.772608
115.600000000 -2.05447 30.3574 0 0 0 0.645054 0.764137
115.700000000 -2.04736 30.4307 0 0 0 0.655111 0.755532
115.800000000 -2.04219 30.5041 0 0 0 0.665054 0.746795
115.900000000 -2.03898 30.5777 0 0 0 0.67488 0.737928
116.000000000 -2.03771 30.6514 0 0 0 0.684588 0.728931
116.100000000 -2.03838 30.725 0 0 0 0.694175 0.719806
116.200000000 -2.04101 30.7986 0 0 0 0.703641 0.710555
116.300000000 -2.04559 30.8721 0 0 0 0.712984 0.70118
116.400000000 -2.05211 30.9455 0 0 0 0.722202 0.691682
116.500000000 -2.06057 31.0186 0 0 0 0.731294 0.682062
116.600000000 -2.06875 31.0932 0 0 0 0.736341 0.67661
116.700000000 -2.0778 31.1677 0 0 0 0.74095 0.671561
116.800000000 -2.08787 31.2421 0 0 0 0.745523 0.66648
116.900000000 -2.09896 31.3163 0 0 0 0.750062 0.661367
117.000000000 -2.11106 31.3903 0 0 0 0.754566 0.656224
117.100000000 -2.12417 31.4642 0 0 0 0.759035 0.65105
117.200000000 -2.13442 31.5385 0 0 0 0.757104 0.653294
117.300000000 -2.14395 31.6129 0 0 0 0.754716 0.656051
117.400000000 -2.15296 31.6874 0 0 0 0.752345 0.658769
117.500000000 -2.16146 31.7619 0 0 0 0.750007 0.66143
117.600000000 -2.16948 31.8365 0 0 0 0.747747 0.663984
117.700000000 -2.17702 31.9111 0 0 0 0.745522 0.666481
117.800000000 -2.18412 31.9858 0 0 0 0.743376 0.668874
117.900000000 -2.19076 32.0605 0 0 0 0.741267 0.67121
118.000000000 -2.19698 32.1352 0 0 0 0.739239 0.673444
118.100000000 -2.20264 32.2083 0 0 0 0.737292 0.675574
118.200000000 -2.20777 32.2798 0 0 0 0.735384 0.677651
118.300000000 -2.21329 32.3546 0 0 0 0.734372 0.678748
118.400000000 -2.21888 32.4294 0 0 0 0.733846 0.679315
118.500000000 -2.22435 32.5042 0 0 0 0.733321 0.679883
118.600000000 -2.2297 32.579 0 0 0 0.732795 0.68045
118.700000000 -2.23494 32.6538 0 0 0 0.732268 0.681016
118.800000000 -2.24007 32.7287 0 0 0 0.731742 0.681582
118.900000000 -2.24508 32.8035 0 0 0 0.731214 0.682148
119.000000000 -2.24997 32.8783 0 0 0 0.730687 0.682713
119.100000000 -2.25475 32.9532 0 0 0 0.730158 0.683278
119.200000000 -2.25779 33.0098 0 0 0 0.728939 0.684578
119.300000000 -2.2603 33.0631 0 0 0 0.727501 0.686107
119.400000000 -2.26251 33.1147 0 0 0 0.726104 0.687584
119.500000000 -2.26444 33.1647 0 0 0 0.72475 0.689012
119.600000000 -2.26613 33.213 0 0 0 0.723438 0.690389
119.700000000 -2.26757 33.2596 0 0 0 0.722169 0.691716
119.800000000 -2.2688 33.3046 0 0 0 0.720943 0.692994
119.900000000 -2.26983 33.3479 0 0 0 0.719761 0.694222
120.000000000 -2.27068 33.3896 0 0 0 0.718621 0.695402
120.100000000 -2.27137 33.4296 0 0 0 0.717526 0.696532
120.200000000 -2.2719 33.4679 0 0 0 0.716474 0.697613
120.300000000 -2.27259 33.5079 0 0 0 0.715816 0.698289
120.400000000 -2.27318 33.5462 0 0 0 0.715185 0.698936
120.500000000 -2.27368 33.5829 0 0 0 0.71458 0.699554
120.600000000 -2.27409 33.6179 0 0 0 0.714003 0.700143
120.700000000 -2.27445 33.6529 0 0 0 0.713425 0.700732
120.800000000 -2.27473 33.6862 0 0 0 0.712874 0.701293
120.900000000 -2.27495 33.7179 0 0 0 0.71235 0.701825
121.000000000 -2.27512 33.7496 0 0 0 0.711825 0.702356
121.100000000 -2.27524 33.7796 0 0 0 0.711328 0.70286
121.200000000 -2.27532 33.8096 0 0 0 0.710831 0.703363
121.300000000 -2.27563 33.8512 0 0 0 0.710601 0.703595
121.400000000 -2.2759 33.8912 0 0 0 0.71038 0.703819
121.500000000 -2.27613 33.9296 0 0 0 0.710168 0.704032
121.600000000 -2.27635 33.9679 0 0 0 0.709956 0.704246
121.700000000 -2.27653 34.0046 0 0 0 0.709753 0.704451
121.800000000 -2.27668 34.0396 0 0 0 0.709559 0.704646
121.900000000 -2.27681 34.0729 0 0 0 0.709375 0.704832
122.000000000 -2.27691 34.1062 0 0 0 0.70919 0.705017
122.100000000 -2.27701 34.1396 0 0 0 0.709006 0.705203
122.200000000 -2.27708 34.1712 0 0 0 0.70883 0.705379
122.300000000 -2.27713 34.2029 0 0 0 0.708655 0.705556
122.400000000 -2.27717 34.2362 0 0 0 0.70847 0.705741
122.500000000 -2.2772 34.2679 0 0 0 0.708294 0.705917
122.600000000 -2.2772 34.3012 0 0 0 0.708109 0.706103
122.700000000 -2.27719 34.3346 0 0 0 0.707925 0.706288
122.800000000 -2.27717 34.3662 0 0 0 0.707749 0.706464
122.900000000 -2.27712 34.3996 0 0 0 0.707564 0.706649
123.000000000 -2.27706 34.4329 0 0 0 0.707379 0.706835
123.100000000 -2.27699 34.4646 0 0 0 0.707203 0.707011
123.200000000 -2.2769 34.4962 0 0 0 0.707027 0.707186
123.300000000 -2.27678 34.5296 0 0 0 0.706842 0.707371
123.400000000 -2.27666 34.5612 0 0 0 0.706666 0.707547
123.500000000 -2.27651 34.5946 0 0 0 0.706481 0.707732
123.600000000 -2.27635 34.6279 0 0 0 0.706295 0.707917
123.700000000 -2.27618 34.6596 0 0 0 0.706119 0.708093
123.800000000 -2.27599 34.6912 0 0 0 0.705943 0.708268
123.900000000 -2.2758 34.7212 0 0 0 0.705776 0.708435
124.000000000 -2.27559 34.7512 0 0 0 0.705609 0.708601
124.100000000 -2.27538 34.7796 0 0 0 0.705452 0.708758
124.200000000 -2.27517 34.8062 0 0 0 0.705303 0.708906
124.300000000 -2.275 34.8396 0 0 0 0.705303 0.708906
124.400000000 -2.27483 34.8729 0 0 0 0.705303 0.708906
124.500000000 -2.27466 34.9062 0 0 0 0.705303 0.708906
124.600000000 -2.2745 34.9379 0 0 0 0.705303 0.708906
124.700000000 -2.27433 34.9712 0 0 0 0.705303 0.708906
124.800000000 -2.27416 35.0046 0 0 0 0.705303 0.708906
124.900000000 -2.27399 35.0379 0 0 0 0.705303 0.708906
125.000000000 -2.27383 35.0696 0 0 0 0.705303 0.708906
125.100000000 -2.27365 35.1046 0 0 0 0.705303 0.708906
125.200000000 -2.27348 35.1379 0 0 0 0.705303 0.708906
125.300000000 -2.27332 35.1696 0 0 0 0.705303 0.708906
125.400000000 -2.27315 35.2029 0 0 0 0.705303 0.708906
125.500000000 -2.27299 35.2346 0 0 0 0.705303 0.708906
125.600000000 -2.27284 35.2646 0 0 0 0.705303 0.708906
125.700000000 -2.27269 35.2946 0 0 0 0.705303 0.708906
125.800000000 -2.27254 35.3229 0 0 0 0.705303 0.708906
125.900000000 -2.2724 35.3512 0 0 0 0.705303 0.708906
126.000000000 -2.27226 35.3779 0 0 0 0.705303 0.708906
126.100000000 -2.27213 35.4029 0 0 0 0.705303 0.708906
126.200000000 -2.27201 35.4279 0 0 0 0.705303 0.708906
126.300000000 -2.27189 35.4512 0 0 0 0.705303 0.708906
126.400000000 -2.27177 35.4746 0 0 0 0.705303 0.708906
126.500000000 -2.27166 35.4962 0 0 0 0.705303 0.708906
126.600000000 -2.27155 35.5179 0 0 0 0.705303 0.708906
126.700000000 -2.27144 35.5396 0 0 0 0.705303 0.708906
126.800000000 -2.27133 35.5596 0 0 0 0.705303 0.708906
126.900000000 -2.27123 35.5796 0 0 0 0.705303 0.708906
127.000000000 -2.27113 35.5996 0 0 0 0.705303 0.708906
127.100000000 -2.27102 35.6212 0 0 0 0.705303 0.708906
127.200000000 -2.27092 35.6412 0 0 0 0.705303 0.708906
127.300000000 -2.27082 35.6612 0 0 0 0.705303 0.708906
127.400000000 -2.27071 35.6812 0 0 0 0.705303 0.708906
127.500000000 -2.27061 35.7012 0 0 0 0.705303 0.708906
127.600000000 -2.27052 35.7196 0 0 0 0.705303 0.708906
127.700000000 -2.27043 35.7379 0 0 0 0.705303 0.708906
127.800000000 -2.27032 35.7596 0 0 0 0.705303 0.708906
127.900000000 -2.27021 35.7796 0 0 0 0.705303 0.708906
128.000000000 -2.27011 35.7996 0 0 0 0.705303 0.708906
128.100000000 -2.26998 35.8262 0 0 0 0.705303 0.708906
128.200000000 -2.26984 35.8529 0 0 0 0.705303 0.708906
128.300000000 -2.2697 35.8796 0 0 0 0.705303 0.708906
128.400000000 -2.26957 35.9062 0 0 0 0.705303 0.708906
128.500000000 -2.26943 35.9329 0 0 0 0.705303 0.708906
128.600000000 -2.2693 35.9596 0 0 0 0.705303 0.708906
128.700000000 -2.26916 35.9862 0 0 0 0.705303 0.708906
128.800000000 -2.26903 36.0112 0 0 0 0.705303 0.708906
128.900000000 -2.26891 36.0362 0 0 0 0.705303 0.708906
129.000000000 -2.26879 36.0596 0 0 0 0.705303 0.708906
129.100000000 -2.26867 36.0829 0 0 0 0.705303 0.708906
129.200000000 -2.26856 36.1046 0 0 0 0.705303 0.708906
129.300000000 -2.26842 36.1312 0 0 0 0.705303 0.708906
129.400000000 -2.26829 36.1562 0 0 0 0.705303 0.708906
129.500000000 -2.26816 36.1829 0 0 0 0.705303 0.708906
129.600000000 -2.26803 36.2079 0 0 0 0.705303 0.708906
129.700000000 -2.2679 36.2345 0 0 0 0.705303 0.708906
129.800000000 -2.26777 36.2595 0 0 0 0.705303 0.708906
129.900000000 -2.26762 36.2879 0 0 0 0.705303 0.708906
130.000000000 -2.26749 36.3145 0 0 0 0.705303 0.708906
130.100000000 -2.26735 36.3412 0 0 0 0.705303 0.708906
130.200000000 -2.26722 36.3662 0 0 0 0.705303 0.708906
130.300000000 -2.26711 36.3895 0 0 0 0.705303 0.708906
130.400000000 -2.26699 36.4129 0 0 0 0.705303 0.708906
130.500000000 -2.26687 36.4362 0 0 0 0.705303 0.708906
130.600000000 -2.26676 36.4579 0 0 0 0.705303 0.708906
130.700000000 -2.26665 36.4795 0 0 0 0.705303 0.708906
130.800000000 -2.26651 36.5062 0 0 0 0.705303 0.708906
130.900000000 -2.26638 36.5329 0 0 0 0.705303 0.708906
131.000000000 -2.26624 36.5595 0 0 0 0.705303 0.708906
131.100000000 -2.26611 36.5845 0 0 0 0.705303 0.708906
131.200000000 -2.26598 36.6112 0 0 0 0.705303 0.708906
131.300000000 -2.26585 36.6362 0 0 0 0.705303 0.708906
131.400000000 -2.26572 36.6612 0 0 0 0.705303 0.708906
131.500000000 -2.26559 36.6879 0 0 0 0.705303 0.708906
131.600000000 -2.26545 36.7145 0 0 0 0.705303 0.708906
131.700000000 -2.26531 36.7412 0 0 0 0.705303 0.708906
131.800000000 -2.26518 36.7679 0 0 0 0.705303 0.708906
131.900000000 -2.26505 36.7929 0 0 0 0.705303 0.708906
132.000000000 -2.26492 36.8195 0 0 0 0.705303 0.708906
132.100000000 -2.26479 36.8445 0 0 0 0.705303 0.708906
132.200000000 -2.26466 36.8695 0 0 0 0.705303 0.708906
132.300000000 -2.26453 36.8945 0 0 0 0.705303 0.708906
132.400000000 -2.2644 36.9212 0 0 0 0.705303 0.708906
132.500000000 -2.26426 36.9479 0 0 0 0.705303 0.708906
132.600000000 -2.26413 36.9745 0 0 0 0.705303 0.708906
132.700000000 -2.26399 37.0012 0 0 0 0.705303 0.708906
132.800000000 -2.26386 37.0262 0 0 0 0.705303 0.708906
132.900000000 -2.26373 37.0512 0 0 0 0.705303 0.708906
133.000000000 -2.2636 37.0779 0 0 0 0.705303 0.708906
133.100000000 -2.26346 37.1045 0 0 0 0.705303 0.708906
133.200000000 -2.26334 37.1295 0 0 0 0.705303 0.708906
133.300000000 -2.26322 37.1529 0 0 0 0.705303 0.708906
133.400000000 -2.2631 37.1762 0 0 0 0.705303 0.708906
133.500000000 -2.26299 37.1979 0 0 0 0.705303 0.708906
133.600000000 -2.26288 37.2195 0 0 0 0.705303 0.708906
133.700000000 -2.26276 37.2429 0 0 0 0.705303 0.708906
133.800000000 -2.26265 37.2645 0 0 0 0.705303 0.708906
133.900000000 -2.26253 37.2879 0 0 0 0.705303 0.708906
134.000000000 -2.26242 37.3095 0 0 0 0.705303 0.708906
134.100000000 -2.2623 37.3329 0 0 0 0.705303 0.708906
134.200000000 -2.26219 37.3545 0 0 0 0.705303 0.708906
134.300000000 -2.26208 37.3762 0 0 0 0.705303 0.708906
134.400000000 -2.26197 37.3979 0 0 0 0.705303 0.708906
134.500000000 -2.26186 37.4195 0 0 0 0.705303 0.708906
134.600000000 -2.26175 37.4412 0 0 0 0.705303 0.708906
134.700000000 -2.26164 37.4629 0 0 0 0.705303 0.708906
134.800000000 -2.26154 37.4829 0 0 0 0.705303 0.708906
134.900000000 -2.26142 37.5045 0 0 0 0.705303 0.708906
135.000000000 -2.26131 37.5262 0 0 0 0.705303 0.708906
135.100000000 -2.2612 37.5479 0 0 0 0.705303 0.708906
135.200000000 -2.26109 37.5695 0 0 0 0.705303 0.708906
135.300000000 -2.26099 37.5895 0 0 0 0.705303 0.708906
135.400000000 -2.26088 37.6112 0 0 0 0.705303 0.708906
135.500000000 -2.26078 37.6312 0 0 0 0.705303 0.708906
135.600000000 -2.26067 37.6529 0 0 0 0.705303 0.708906
135.700000000 -2.26056 37.6745 0 0 0 0.705303 0.708906
135.800000000 -2.26045 37.6962 0 0 0 0.705303 0.708906
135.900000000 -2.26033 37.7195 0 0 0 0.705303 0.708906
136.000000000 -2.26022 37.7412 0 0 0 0.705303 0.708906
136.100000000 -2.2601 37.7645 0 0 0 0.705303 0.708906
136.200000000 -2.25999 37.7862 0 0 0 0.705303 0.708906
136.300000000 -2.25988 37.8079 0 0 0 0.705303 0.708906
136.400000000 -2.25977 37.8295 0 0 0 0.705303 0.708906
136.500000000 -2.25966 37.8512 0 0 0 0.705303 0.708906
136.600000000 -2.25955 37.8729 0 0 0 0.705303 0.708906
136.700000000 -2.25944 37.8945 0 0 0 0.705303 0.708906
136.800000000 -2.25934 37.9145 0 0 0 0.705303 0.708906
136.900000000 -2.25923 37.9362 0 0 0 0.705303 0.708906
137.000000000 -2.25912 37.9579 0 0 0 0.705303 0.708906
137.100000000 -2.25901 37.9779 0 0 0 0.705303 0.708906
137.200000000 -2.2589 37.9995 0 0 0 0.705303 0.708906
137.300000000 -2.25879 38.0212 0 0 0 0.705303 0.708906
137.400000000 -2.25868 38.0429 0 0 0 0.705303 0.708906
137.500000000 -2.25858 38.0629 0 0 0 0.705303 0.708906
137.600000000 -2.25847 38.0845 0 0 0 0.705303 0.708906
137.700000000 -2.25836 38.1062 0 0 0 0.705303 0.708906
137.800000000 -2.25825 38.1279 0 0 0 0.705303 0.708906
137.900000000 -2.25814 38.1495 0 0 0 0.705303 0.708906
138.000000000 -2.25803 38.1712 0 0 0 0.705303 0.708906
138.100000000 -2.25792 38.1929 0 0 0 0.705303 0.708906
138.200000000 -2.25781 38.2145 0 0 0 0.705303 0.708906
138.300000000 -2.25769 38.2379 0 0 0 0.705303 0.708906
138.400000000 -2.25758 38.2595 0 0 0 0.705303 0.708906
138.500000000 -2.25728 38.3179 0 0 0 0.705303 0.708906
138.600000000 -2.25699 38.3745 0 0 0 0.705303 0.708906
138.700000000 -2.2567 38.4312 0 0 0 0.705303 0.708906
138.800000000 -2.25642 38.4862 0 0 0 0.705303 0.708906
138.900000000 -2.25613 38.5429 0 0 0 0.705303 0.708906
139.000000000 -2.25585 38.5979 0 0 0 0.705303 0.708906
139.100000000 -2.25558 38.6512 0 0 0 0.705303 0.708906
139.200000000 -2.25529 38.7078 0 0 0 0.705303 0.708906
139.300000000 -2.25502 38.7612 0 0 0 0.705303 0.708906
139.400000000 -2.25464 38.8362 0 0 0 0.705303 0.708906
139.500000000 -2.25426 38.9112 0 0 0 0.705303 0.708906
139.600000000 -2.25388 38.9862 0 0 0 0.705303 0.708906
139.700000000 -2.25349 39.0612 0 0 0 0.705303 0.708906
139.800000000 -2.25311 39.1362 0 0 0 0.705303 0.708906
139.900000000 -2.25273 39.2112 0 0 0 0.705303 0.708906
140.000000000 -2.25235 39.2862 0 0 0 0.705303 0.708906
140.100000000 -2.25197 39.3612 0 0 0 0.705303 0.708906
140.200000000 -2.25158 39.4362 0 0 0 0.705303 0.708906
140.300000000 -2.2512 39.5112 0 0 0 0.705303 0.708906
140.400000000 -2.25082 39.5862 0 0 0 0.705303 0.708906
140.500000000 -2.25243 39.6612 0 0 0 0.708819 0.705391
140.600000000 -2.25503 39.7361 0 0 0 0.712763 0.701405
140.700000000 -2.25822 39.8111 0 0 0 0.716241 0.697853
140.800000000 -2.26216 39.886 0 0 0 0.719702 0.694284
140.900000000 -2.26658 39.9609 0 0 0 0.722693 0.691169
141.000000000 -2.27191 40.0357 0 0 0 0.72612 0.687568
141.100000000 -2.27798 40.1105 0 0 0 0.729529 0.68395
141.200000000 -2.28454 40.1852 0 0 0 0.732476 0.680793
141.300000000 -2.292 40.2599 0 0 0 0.735851 0.677144
141.400000000 -2.29912 40.3345 0 0 0 0.737374 0.675485
141.500000000 -2.30995 40.4088 0 0 0 0.744586 0.667527
141.600000000 -2.32258 40.4828 0 0 0 0.752052 0.659103
141.700000000 -2.33688 40.5565 0 0 0 0.759424 0.650597
141.800000000 -2.35283 40.6299 0 0 0 0.766699 0.642007
141.900000000 -2.37042 40.7029 0 0 0 0.773876 0.633337
142.000000000 -2.38966 40.7755 0 0 0 0.780956 0.624586
142.100000000 -2.41053 40.8476 0 0 0 0.787937 0.615756
142.200000000 -2.43083 40.9198 0 0 0 0.791378 0.611328
142.300000000 -2.45169 40.9919 0 0 0 0.794407 0.607386
142.400000000 -2.47327 41.0637 0 0 0 0.797416 0.603429
142.500000000 -2.49556 41.1354 0 0 0 0.800406 0.599458
142.600000000 -2.51856 41.2068 0 0 0 0.803377 0.595471
142.700000000 -2.54227 41.2779 0 0 0 0.806327 0.59147
142.800000000 -2.56669 41.3489 0 0 0 0.809257 0.587455
142.900000000 -2.59181 41.4196 0 0 0 0.812168 0.583424
143.000000000 -2.61764 41.49 0 0 0 0.815058 0.57938
143.100000000 -2.64416 41.5602 0 0 0 0.817928 0.575321
143.200000000 -2.66671 41.6317 0 0 0 0.813631 0.581382
143.300000000 -2.68775 41.7038 0 0 0 0.808614 0.58834
143.400000000 -2.70756 41.7762 0 0 0 0.803537 0.595254
143.500000000 -2.72612 41.8489 0 0 0 0.798402 0.602125
143.600000000 -2.74343 41.9219 0 0 0 0.793207 0.608952
143.700000000 -2.75948 41.9952 0 0 0 0.787955 0.615733
143.800000000 -2.77427 42.0688 0 0 0 0.782644 0.62247
143.900000000 -2.7878 42.1426 0 0 0 0.777276 0.62916
144.000000000 -2.80007 42.2166 0 0 0 0.77185 0.635805
144.100000000 -2.81106 42.2909 0 0 0 0.766368 0.642402
144.200000000 -2.82077 42.3653 0 0 0 0.760829 0.648952
144.300000000 -2.82966 42.4398 0 0 0 0.755987 0.654587
144.400000000 -2.83744 42.5144 0 0 0 0.751102 0.660186
144.500000000 -2.84412 42.5892 0 0 0 0.746177 0.665748
144.600000000 -2.84968 42.664 0 0 0 0.74121 0.671273
144.700000000 -2.85413 42.7389 0 0 0 0.736202 0.676762
144.800000000 -2.85747 42.8139 0 0 0 0.731154 0.682213
144.900000000 -2.85969 42.8889 0 0 0 0.726065 0.687626
145.000000000 -2.86079 42.9639 0 0 0 0.720936 0.693002
145.100000000 -2.86079 43.0389 0 0 0 0.715767 0.698339
145.200000000 -2.85966 43.114 0 0 0 0.710559 0.703637
145.300000000 -2.85841 43.189 0 0 0 0.707053 0.707161
145.400000000 -2.85667 43.264 0 0 0 0.703992 0.710208
145.500000000 -2.85428 43.3389 0 0 0 0.700919 0.713241
145.600000000 -2.85125 43.4139 0 0 0 0.697833 0.716261
145.700000000 -2.84757 43.4888 0 0 0 0.694733 0.719268
145.800000000 -2.84324 43.5637 0 0 0 0.691621 0.722261
145.900000000 -2.83827 43.6386 0 0 0 0.688495 0.725241
146.000000000 -2.83265 43.7134 0 0 0 0.685357 0.728207
146.100000000 -2.82638 43.7881 0 0 0 0.682206 0.73116
146.200000000 -2.81947 43.8628 0 0 0 0.679043 0.734099
146.300000000 -2.81191 43.9374 0 0 0 0.675866 0.737024
146.400000000 -2.80371 44.012 0 0 0 0.672677 0.739936
146.500000000 -2.79487 44.0865 0 0 0 0.669476 0.742834
146.600000000 -2.78222 44.1605 0 0 0 0.660317 0.750987
146.700000000 -2.76764 44.2337 0 0 0 0.650687 0.759346
146.800000000 -2.7512 44.3064 0 0 0 0.640951 0.767582
146.900000000 -2.7329 44.3788 0 0 0 0.63111 0.775693
147.000000000 -2.71277 44.4506 0 0 0 0.621167 0.783678
147.100000000 -2.69081 44.5219 0 0 0 0.611123 0.791536
147.200000000 -2.66874 44.5936 0 0 0 0.604763 0.796406
147.300000000 -2.64574 44.6651 0 0 0 0.598829 0.800877
147.400000000 -2.62169 44.7361 0 0 0 0.592862 0.805304
147.500000000 -2.59658 44.8068 0 0 0 0.586863 0.809686
147.600000000 -2.57042 44.8772 0 0 0 0.580831 0.814024
147.700000000 -2.54323 44.9471 0 0 0 0.574767 0.818317
147.800000000 -2.51499 45.0166 0 0 0 0.568671 0.822565
147.900000000 -2.48573 45.0857 0 0 0 0.562544 0.826767
148.000000000 -2.45544 45.1544 0 0 0 0.556386 0.830924
148.100000000 -2.42413 45.2226 0 0 0 0.550198 0.835035
148.200000000 -2.39182 45.2903 0 0 0 0.543978 0.839099
148.300000000 -2.36349 45.3598 0 0 0 0.549195 0.835694
148.400000000 -2.33668 45.4299 0 0 0 0.555871 0.831268
148.500000000 -2.311 45.5004 0 0 0 0.562512 0.826789
148.600000000 -2.28645 45.5713 0 0 0 0.569116 0.822257
148.700000000 -2.26304 45.6426 0 0 0 0.575684 0.817672
148.800000000 -2.24078 45.7142 0 0 0 0.582215 0.813035
148.900000000 -2.21967 45.7863 0 0 0 0.588709 0.808345
149.000000000 -2.19971 45.8586 0 0 0 0.595165 0.803604
149.100000000 -2.18092 45.9313 0 0 0 0.601582 0.798811
149.200000000 -2.16329 46.0042 0 0 0 0.607962 0.793966
149.300000000 -2.14727 46.0775 0 0 0 0.615189 0.78838
149.400000000 -2.13259 46.1511 0 0 0 0.622364 0.782728
149.500000000 -2.11926 46.225 0 0 0 0.629488 0.77701
149.600000000 -2.10728 46.2991 0 0 0 0.636559 0.771228
149.700000000 -2.09665 46.3734 0 0 0 0.643577 0.765381
149.800000000 -2.08739 46.4479 0 0 0 0.650542 0.75947
149.900000000 -2.07948 46.5225 0 0 0 0.657452 0.753496
150.000000000 -2.07294 46.5973 0 0 0 0.664307 0.747459
150.100000000 -2.06777 46.6721 0 0 0 0.671107 0.74136
150.200000000 -2.06397 46.7471 0 0 0 0.677851 0.735199
150.300000000 -2.06108 46.8221 0 0 0 0.683718 0.729746
150.400000000 -2.0594 46.8971 0 0 0 0.689542 0.724246
150.500000000 -2.05893 46.9722 0 0 0 0.695321 0.7187
150.600000000 -2.05965 47.0472 0 0 0 0.701055 0.713107
150.700000000 -2.06157 47.1222 0 0 0 0.706744 0.707469
150.800000000 -2.0647 47.1972 0 0 0 0.712389 0.701785
150.900000000 -2.06903 47.2721 0 0 0 0.717987 0.696057
151.000000000 -2.07456 47.347 0 0 0 0.723539 0.690283
151.100000000 -2.08128 47.4217 0 0 0 0.729045 0.684466
151.200000000 -2.08662 47.4965 0 0 0 0.730087 0.683354
151.300000000 -2.09188 47.5713 0 0 0 0.730615 0.682789
151.400000000 -2.09726 47.6461 0 0 0 0.731143 0.682224
151.500000000 -2.10275 47.7209 0 0 0 0.731671 0.681658
151.600000000 -2.10836 47.7957 0 0 0 0.732197 0.681092
151.700000000 -2.11409 47.8705 0 0 0 0.732724 0.680526
151.800000000 -2.11993 47.9453 0 0 0 0.73325 0.679959
151.900000000 -2.12588 48.02 0 0 0 0.733776 0.679392
152.000000000 -2.13196 48.0948 0 0 0 0.734301 0.678824
152.100000000 -2.13814 48.1695 0 0 0 0.734825 0.678256
152.200000000 -2.14445 48.2443 0 0 0 0.73535 0.677688
152.300000000 -2.15087 48.319 0 0 0 0.735874 0.677119
152.400000000 -2.1574 48.3937 0 0 0 0.736397 0.67655
152.500000000 -2.16229 48.4686 0 0 0 0.733924 0.679232
152.600000000 -2.16663 48.5434 0 0 0 0.731441 0.681904
152.700000000 -2.17043 48.6184 0 0 0 0.728949 0.684568
152.800000000 -2.17367 48.6933 0 0 0 0.726447 0.687223
152.900000000 -2.17638 48.7683 0 0 0 0.723935 0.689868
153.000000000 -2.17853 48.8432 0 0 0 0.721414 0.692505
153.100000000 -2.18014 48.9182 0 0 0 0.718882 0.695132
153.200000000 -2.1812 48.9932 0 0 0 0.716342 0.697749
153.300000000 -2.18227 49.0682 0 0 0 0.714769 0.699361
153.400000000 -2.18329 49.1432 0 0 0 0.713703 0.700449
153.500000000 -2.18409 49.2182 0 0 0 0.712635 0.701535
153.600000000 -2.18466 49.2932 0 0 0 0.711565 0.70262
153.700000000 -2.185 49.3682 0 0 0 0.710494 0.703703
153.800000000 -2.18511 49.4432 0 0 0 0.709421 0.704785
153.900000000 -2.18499 49.5182 0 0 0 0.708347 0.705865
154.000000000 -2.18465 49.5932 0 0 0 0.70727 0.706943
154.100000000 -2.18407 49.6682 0 0 0 0.706193 0.70802
154.200000000 -2.18388 49.7432 0 0 0 0.706193 0.70802
154.300000000 -2.18368 49.8182 0 0 0 0.706193 0.70802
154.400000000 -2.18349 49.8932 0 0 0 0.706193 0.70802
154.500000000 -2.1833 49.9682 0 0 0 0.706193 0.70802
154.600000000 -2.1831 50.0432 0 0 0 0.706193 0.70802
154.700000000 -2.18291 50.1182 0 0 0 0.706193 0.70802
154.800000000 -2.18271 50.1932 0 0 0 0.706193 0.70802
154.900000000 -2.18252 50.2682 0 0 0 0.706193 0.70802
155.000000000 -2.18233 50.3432 0 0 0 0.706193 0.70802
155.100000000 -2.18213 50.4182 0 0 0 0.706193 0.70802
155.200000000 -2.18194 50.4932 0 0 0 0.706193 0.70802
155.300000000 -2.18175 50.5682 0 0 0 0.706193 0.70802
155.400000000 -2.18155 50.6432 0 0 0 0.706193 0.70802
155.500000000 -2.18136 50.7182 0 0 0 0.706193 0.70802
155.600000000 -2.18116 50.7932 0 0 0 0.706193 0.70802
155.700000000 -2.18097 50.8682 0 0 0 0.706193 0.70802
155.800000000 -2.18078 50.9432 0 0 0 0.706193 0.70802
155.900000000 -2.18058 51.0182 0 0 0 0.706193 0.70802
156.000000000 -2.18039 51.0932 0 0 0 0.706193 0.70802
156.100000000 -2.18019 51.1682 0 0 0 0.706193 0.70802
156.200000000 -2.18 51.2432 0 0 0 0.706193 0.70802
156.300000000 -2.18205 51.3182 0 0 0 0.710152 0.704048
156.400000000 -2.18494 51.3932 0 0 0 0.714089 0.700055
156.500000000 -2.18867 51.4681 0 0 0 0.718004 0.696039
156.600000000 -2.19324 51.543 0 0 0 0.721896 0.692002
156.700000000 -2.19865 51.6178 0 0 0 0.725765 0.687942
156.800000000 -2.20465 51.6926 0 0 0 0.729176 0.684326
156.900000000 -2.21139 51.7673 0 0 0 0.732569 0.680693
157.000000000 -2.21961 51.8419 0 0 0 0.737205 0.675669
157.100000000 -2.22759 51.9165 0 0 0 0.739665 0.672975
157.200000000 -2.23637 51.991 0 0 0 0.742565 0.669775
157.300000000 -2.24726 52.0652 0 0 0 0.747906 0.663805
157.400000000 -2.25957 52.1392 0 0 0 0.753572 0.657365
157.500000000 -2.27269 52.2131 0 0 0 0.758435 0.651748
157.600000000 -2.28714 52.2868 0 0 0 0.763631 0.645652
157.700000000 -2.30254 52.3602 0 0 0 0.768407 0.639961
157.800000000 -2.31902 52.4334 0 0 0 0.773141 0.634234
157.900000000 -2.33705 52.5062 0 0 0 0.778553 0.627579
158.000000000 -2.35491 52.5791 0 0 0 0.781663 0.623701
158.100000000 -2.37468 52.6515 0 0 0 0.786634 0.61742
158.200000000 -2.39219 52.7244 0 0 0 0.786156 0.618028
158.300000000 -2.41406 52.7962 0 0 0 0.792748 0.609549
158.400000000 -2.43806 52.8674 0 0 0 0.800163 0.599783
158.500000000 -2.46379 52.938 0 0 0 0.807457 0.589927
158.600000000 -2.49002 52.9963 0 0 0 0.818037 0.575166
158.700000000 -2.51836 53.0536 0 0 0 0.828347 0.560216
158.800000000 -2.54876 53.1099 0 0 0 0.838383 0.545081
158.900000000 -2.58118 53.165 0 0 0 0.848144 0.529766
159.000000000 -2.61559 53.219 0 0 0 0.857624 0.514277
159.100000000 -2.65192 53.2716 0 0 0 0.866822 0.498618
159.200000000 -2.69015 53.3229 0 0 0 0.875734 0.482794
159.300000000 -2.72429 53.3573 0 0 0 0.888071 0.459705
159.400000000 -2.75321 53.3744 0 0 0 0.903377 0.428848
159.500000000 -2.77292 53.3701 0 0 0 0.921765 0.387749
159.600000000 -2.79142 53.3629 0 0 0 0.93851 0.345251
159.700000000 -2.80832 53.353 0 0 0 0.9535 0.301394
159.800000000 -2.82423 53.3415 0 0 0 0.966441 0.256889
159.900000000 -2.83901 53.3287 0 0 0 0.977306 0.211833
160.000000000 -2.85254 53.3145 0 0 0 0.986072 0.166322
160.100000000 -2.86346 53.2984 0 0 0 0.992802 0.119769
160.200000000 -2.87282 53.2813 0 0 0 0.997335 0.0729524
160.300000000 -2.88053 53.2635 0 0 0 0.999663 0.0259738
160.400000000 -2.88654 53.245 0 0 0 0.999778 -0.0210621
160.500000000 -2.89077 53.226 0 0 0 0.997682 -0.0680515
160.600000000 -2.89023 53.2065 0 0 0 0.993212 -0.116317
160.700000000 -2.90953 53.1886 0 0 0 0.988922 -0.148436
160.800000000 -2.92999 53.1761 0 0 0 0.986578 -0.163292
160.900000000 -2.95553 53.1633 0 0 0 0.98496 -0.172783
161.000000000 -2.98467 53.1508 0 0 0 0.984155 -0.177312
161.100000000 -3.01755 53.1388 0 0 0 0.984252 -0.176771
161.200000000 -3.08826 53.1182 0 0 0 0.986506 -0.163728
161.300000000 -3.1442 53.1083 0 0 0 0.989846 -0.142144
161.400000000 -3.20197 53.1001 0 0 0 0.992617 -0.121287
161.500000000 -3.26004 53.0944 0 0 0 0.99495 -0.100377
161.600000000 -3.32061 53.0901 0 0 0 0.996744 -0.0806356
161.700000000 -3.37973 53.0889 0 0 0 0.998195 -0.0600503
161.800000000 -3.43728 53.0906 0 0 0 0.999253 -0.0386349
161.900000000 -3.49471 53.0947 0 0 0 0.999852 -0.0172016
162.000000000 -3.55596 53.1004 0 0 0 0.999998 0.00220934
162.100000000 -3.61448 53.1089 0 0 0 0.999739 0.0228442
162.200000000 -3.67342 53.1197 0 0 0 0.999072 0.0430638
162.300000000 -3.74615 53.1313 0 0 0 0.998415 0.0562833
162.400000000 -3.82007 53.1446 0 0 0 0.99765 0.0685212
162.500000000 -3.89211 53.1599 0 0 0 0.996655 0.0817196
162.600000000 -3.96533 53.1765 0 0 0 0.995672 0.0929326
162.700000000 -4.03753 53.1953 0 0 0 0.994406 0.105622
162.800000000 -4.10996 53.215 0 0 0 0.993276 0.115774
162.900000000 -4.18181 53.2369 0 0 0 0.991845 0.12745
163.000000000 -4.2533 53.2598 0 0 0 0.990491 0.137575
163.100000000 -4.32437 53.2839 0 0 0 0.989113 0.147156
163.200000000 -4.39496 53.3094 0 0 0 0.987642 0.156724
163.300000000 -4.4647 53.3373 0 0 0 0.985647 0.168822
163.400000000 -4.53319 53.3669 0 0 0 0.983413 0.181378
163.500000000 -4.6009 53.3982 0 0 0 0.981021 0.193904
163.600000000 -4.66779 53.4312 0 0 0 0.978468 0.206398
163.700000000 -4.73382 53.466 0 0 0 0.975756 0.218859
163.800000000 -4.79894 53.5024 0 0 0 0.972886 0.231284
163.900000000 -4.86311 53.5404 0 0 0 0.969858 0.243672
164.000000000 -4.92629 53.5801 0 0 0 0.966671 0.25602
164.100000000 -4.98898 53.6214 0 0 0 0.96346 0.267854
164.200000000 -5.0501 53.6642 0 0 0 0.959965 0.280118
164.300000000 -5.1132 53.7048 0 0 0 0.959797 0.280696
164.400000000 -5.17154 53.7372 0 0 0 0.962625 0.27084
164.500000000 -5.2258 53.7607 0 0 0 0.968008 0.250918
164.600000000 -5.26855 53.7714 0 0 0 0.974778 0.223175
164.700000000 -5.29749 53.7688 0 0 0 0.982413 0.18672
164.800000000 -5.31986 53.7601 0 0 0 0.989221 0.146429
164.900000000 -5.34143 53.7496 0 0 0 0.994378 0.105893
165.000000000 -5.36208 53.7373 0 0 0 0.997874 0.0651801
165.100000000 -5.38165 53.7234 0 0 0 0.999703 0.0243585
165.200000000 -5.40003 53.708 0 0 0 0.999864 -0.0165038
165.300000000 -5.41708 53.6911 0 0 0 0.998355 -0.0573386
165.400000000 -5.4327 53.6728 0 0 0 0.995179 -0.0980776
165.500000000 -5.44677 53.6534 0 0 0 0.990341 -0.138653
165.600000000 -5.44193 53.6343 0 0 0 0.982319 -0.187216
165.700000000 -5.43366 53.6161 0 0 0 0.971734 -0.236078
165.800000000 -5.42361 53.5989 0 0 0 0.958721 -0.284349
165.900000000 -5.41188 53.5827 0 0 0 0.943311 -0.33191
166.000000000 -5.3986 53.5677 0 0 0 0.925544 -0.378641
166.100000000 -5.3839 53.5542 0 0 0 0.905463 -0.424426
166.200000000 -5.36791 53.5422 0 0 0 0.883119 -0.46915
166.300000000 -5.35081 53.5318 0 0 0 -0.858567 0.512701
166.400000000 -5.33275 53.5232 0 0 0 -0.83187 0.554971
166.500000000 -5.31393 53.5165 0 0 0 -0.803093 0.595853
166.600000000 -5.29454 53.5117 0 0 0 -0.772309 0.635247
166.700000000 -5.27475 53.5088 0 0 0 -0.739595 0.673052
166.800000000 -5.25478 53.5079 0 0 0 -0.705032 0.709175
166.900000000 -5.23482 53.509 0 0 0 -0.668707 0.743526
167.000000000 -5.21507 53.5121 0 0 0 -0.630711 0.776018
167.100000000 -5.19573 53.5172 0 0 0 -0.591138 0.806571
167.200000000 -5.17699 53.5241 0 0 0 -0.550087 0.835107
167.300000000 -5.15904 53.5329 0 0 0 -0.507662 0.861556
167.400000000 -5.14206 53.5435 0 0 0 -0.463967 0.885852
167.500000000 -5.12621 53.5557 0 0 0 -0.419113 0.907934
167.600000000 -5.11167 53.5694 0 0 0 -0.373212 0.927746
167.700000000 -5.09856 53.5845 0 0 0 -0.326377 0.94524
167.800000000 -5.08703 53.6008 0 0 0 -0.278727 0.96037
167.900000000 -5.07718 53.6182 0 0 0 -0.23038 0.973101
168.000000000 -5.06912 53.6365 0 0 0 -0.181458 0.983399
168.100000000 -5.06293 53.6555 0 0 0 -0.132082 0.991239
168.200000000 -5.03586 53.6638 0 0 0 -0.0945889 0.995516
168.300000000 -5.00405 53.6719 0 0 0 -0.0597966 0.998211
168.400000000 -4.97199 53.6819 0 0 0 -0.0253828 0.999678
168.500000000 -4.9407 53.6941 0 0 0 0.00906103 0.999959
168.600000000 -4.91032 53.7084 0 0 0 0.0434941 0.999054
168.700000000 -4.881 53.7248 0 0 0 0.0778757 0.996963
168.800000000 -4.85288 53.7432 0 0 0 0.112165 0.99369
168.900000000 -4.82609 53.7634 0 0 0 0.146321 0.989237
169.000000000 -4.80075 53.7855 0 0 0 0.180303 0.983611
169.100000000 -4.777 53.8092 0 0 0 0.214072 0.976818
169.200000000 -4.75493 53.8345 0 0 0 0.247586 0.968866
169.300000000 -4.71839 53.8664 0 0 0 0.272862 0.962053
169.400000000 -4.66812 53.906 0 0 0 0.290288 0.956939
169.500000000 -4.61437 53.9494 0 0 0 0.305136 0.952309
169.600000000 -4.562 53.9944 0 0 0 0.31991 0.947448
169.700000000 -4.51106 54.0411 0 0 0 0.334607 0.942358
169.800000000 -4.46159 54.0893 0 0 0 0.349222 0.93704
169.900000000 -4.41365 54.139 0 0 0 0.363754 0.931495
170.000000000 -4.36727 54.1902 0 0 0 0.378197 0.925725
170.100000000 -4.32251 54.2428 0 0 0 0.392549 0.919731
170.200000000 -4.27207 54.2983 0 0 0 0.397116 0.917768
170.300000000 -4.22095 54.3532 0 0 0 0.397825 0.917461
170.400000000 -4.16991 54.4082 0 0 0 0.398535 0.917153
170.500000000 -4.11896 54.4632 0 0 0 0.399244 0.916845
170.600000000 -4.0681 54.5183 0 0 0 0.399953 0.916536
170.700000000 -4.01732 54.5735 0 0 0 0.400661 0.916226
170.800000000 -3.96663 54.6288 0 0 0 0.40137 0.915916
170.900000000 -3.91602 54.6842 0 0 0 0.402078 0.915605
171.000000000 -3.8655 54.7396 0 0 0 0.402786 0.915294
171.100000000 -3.81506 54.7951 0 0 0 0.403494 0.914982
171.200000000 -3.76471 54.8507 0 0 0 0.404201 0.91467
171.300000000 -3.71445 54.9064 0 0 0 0.404908 0.914357
171.400000000 -3.66427 54.9621 0 0 0 0.405615 0.914044
171.500000000 -3.61418 55.0179 0 0 0 0.406322 0.91373
171.600000000 -3.56327 55.073 0 0 0 0.404264 0.914643
171.700000000 -3.51212 55.1279 0 0 0 0.402203 0.915551
171.800000000 -3.46073 55.1825 0 0 0 0.40014 0.916454
171.900000000 -3.40908 55.2369 0 0 0 0.398076 0.917353
172.000000000 -3.3572 55.291 0 0 0 0.396009 0.918247
172.100000000 -3.30507 55.345 0 0 0 0.39394 0.919136
172.200000000 -3.2529 55.3989 0 0 0 0.39254 0.919735
172.300000000 -3.20058 55.4526 0 0 0 0.391138 0.920332
172.400000000 -3.14809 55.5062 0 0 0 0.389736 0.920927
172.500000000 -3.09544 55.5596 0 0 0 0.388332 0.921519
172.600000000 -3.04262 55.6128 0 0 0 0.386928 0.92211
172.700000000 -2.98964 55.6659 0 0 0 0.385523 0.922698
172.800000000 -2.9365 55.7188 0 0 0 0.384116 0.923285
172.900000000 -2.8832 55.7716 0 0 0 0.382709 0.923869
173.000000000 -2.82974 55.8242 0 0 0 0.381302 0.924451
173.100000000 -2.77612 55.8767 0 0 0 0.379893 0.925031
173.200000000 -2.72277 55.9294 0 0 0 0.379893 0.925031
173.300000000 -2.66942 55.9821 0 0 0 0.379893 0.925031
173.400000000 -2.61607 56.0348 0 0 0 0.379893 0.925031
173.500000000 -2.56272 56.0875 0 0 0 0.379893 0.925031
173.600000000 -2.50936 56.1402 0 0 0 0.379893 0.925031
173.700000000 -2.45601 56.1929 0 0 0 0.379893 0.925031
173.800000000 -2.40266 56.2456 0 0 0 0.379893 0.925031
173.900000000 -2.34931 56.2983 0 0 0 0.379893 0.925031
174.000000000 -2.29595 56.3511 0 0 0 0.379893 0.925031
174.100000000 -2.2426 56.4038 0 0 0 0.379893 0.925031
174.200000000 -2.18925 56.4565 0 0 0 0.379893 0.925031
174.300000000 -2.1359 56.5092 0 0 0 0.379893 0.925031
174.400000000 -2.08255 56.5619 0 0 0 0.379893 0.925031
174.500000000 -2.02919 56.6146 0 0 0 0.379893 0.925031
174.600000000 -1.97584 56.6673 0 0 0 0.379893 0.925031
174.700000000 -1.92249 56.72 0 0 0 0.379893 0.925031
174.800000000 -1.86914 56.7728 0 0 0 0.379893 0.925031
174.900000000 -1.81578 56.8255 0 0 0 0.379893 0.925031
175.000000000 -1.76243 56.8782 0 0 0 0.379893 0.925031
175.100000000 -1.70908 56.9309 0 0 0 0.379893 0.925031
175.200000000 -1.6553 56.9832 0 0 0 0.378483 0.925608
175.300000000 -1.60136 57.0353 0 0 0 0.377073 0.926184
175.400000000 -1.54726 57.0872 0 0 0 0.375661 0.926757
175.500000000 -1.49301 57.139 0 0 0 0.374249 0.927328
175.600000000 -1.4386 57.1906 0 0 0 0.372836 0.927897
175.700000000 -1.38403 57.2421 0 0 0 0.371422 0.928464
175.800000000 -1.3293 57.2934 0 0 0 0.370007 0.929029
175.900000000 -1.27442 57.3445 0 0 0 0.368591 0.929592
176.000000000 -1.21938 57.3954 0 0 0 0.367174 0.930152
176.100000000 -1.16419 57.4462 0 0 0 0.365757 0.93071
176.200000000 -1.10884 57.4968 0 0 0 0.364339 0.931267
176.300000000 -1.05129 57.545 0 0 0 0.355817 0.934556
176.400000000 -0.992738 57.592 0 0 0 0.346754 0.937956
176.500000000 -0.933284 57.6378 0 0 0 0.337658 0.941269
176.600000000 -0.872954 57.6825 0 0 0 0.328531 0.944493
176.700000000 -0.81177 57.726 0 0 0 0.319373 0.947629
176.800000000 -0.749756 57.7683 0 0 0 0.310185 0.950676
176.900000000 -0.686936 57.8093 0 0 0 0.300969 0.953634
177.000000000 -0.623331 57.8492 0 0 0 0.291723 0.956503
177.100000000 -0.558967 57.8878 0 0 0 0.282451 0.959282
177.200000000 -0.493867 57.9252 0 0 0 0.273152 0.961971
177.300000000 -0.428056 57.9613 0 0 0 0.263828 0.96457
177.400000000 -0.361558 57.9961 0 0 0 0.254478 0.967078
177.500000000 -0.294258 58.0283 0 0 0 0.242125 0.970245
177.600000000 -0.226926 58.0581 0 0 0 0.229262 0.973365
177.700000000 -0.158827 58.0862 0 0 0 0.216359 0.976314
177.800000000 -0.0900099 58.1124 0 0 0 0.203418 0.979092
177.900000000 -0.0205223 58.1368 0 0 0 0.190442 0.981699
178.000000000 0.0495868 58.1594 0 0 0 0.177432 0.984133
178.100000000 0.120269 58.1801 0 0 0 0.164391 0.986395
178.200000000 0.191473 58.1989 0 0 0 0.151321 0.988485
178.300000000 0.262294 58.2154 0 0 0 0.137753 0.990467
178.400000000 0.332648 58.2297 0 0 0 0.124329 0.992241
178.500000000 0.401721 58.2418 0 0 0 0.111196 0.993798
178.600000000 0.467791 58.2516 0 0 0 0.0986702 0.99512
178.700000000 0.532431 58.2596 0 0 0 0.0864422 0.996257
178.800000000 0.593925 58.2656 0 0 0 0.0748293 0.997196
178.900000000 0.653879 58.27 0 0 0 0.0635205 0.997981
179.000000000 0.712252 58.2731 0 0 0 0.0525179 0.99862
179.100000000 0.76901 58.2747 0 0 0 0.0418236 0.999125
179.200000000 0.822453 58.2752 0 0 0 0.031754 0.999496
179.300000000 0.879178 58.2757 0 0 0 0.0240059 0.999712
179.400000000 0.93423 58.2755 0 0 0 0.0169466 0.999856
179.500000000 0.987607 58.2746 0 0 0 0.0101004 0.999949
179.600000000 1.0393 58.273 0 0 0 0.00346768 0.999994
179.700000000 1.0893 58.2707 0 0 0 -0.00295122 0.999996
179.800000000 1.1376 58.268 0 0 0 -0.00915604 0.999958
179.900000000 1.1842 58.2647 0 0 0 -0.0151466 0.999885
180.000000000 1.2291 58.261 0 0 0 -0.0209226 0.999781
180.100000000 1.27229 58.257 0 0 0 -0.0264841 0.999649
180.200000000 1.32049 58.2534 0 0 0 -0.0291511 0.999575
180.300000000 1.36702 58.2496 0 0 0 -0.0317259 0.999497
180.400000000 1.41186 58.2458 0 0 0 -0.0342086 0.999415
180.500000000 1.45503 58.2419 0 0 0 -0.0365991 0.99933
180.600000000 1.49651 58.2379 0 0 0 -0.0388975 0.999243
180.700000000 1.53632 58.2339 0 0 0 -0.0411038 0.999155
180.800000000 1.57611 58.2297 0 0 0 -0.0433098 0.999062
180.900000000 1.61423 58.2256 0 0 0 -0.0454238 0.998968
181.000000000 1.65067 58.2215 0 0 0 -0.0474456 0.998874
181.100000000 1.68543 58.2174 0 0 0 -0.0493754 0.99878
181.200000000 1.71853 58.2133 0 0 0 -0.051213 0.998688
181.300000000 1.75165 58.2095 0 0 0 -0.0522602 0.998634
181.400000000 1.78311 58.2059 0 0 0 -0.0530059 0.998594
181.500000000 1.81291 58.2025 0 0 0 -0.0537122 0.998556
181.600000000 1.84271 58.199 0 0 0 -0.0544186 0.998518
181.700000000 1.87084 58.1956 0 0 0 -0.0550857 0.998482
181.800000000 1.89732 58.1924 0 0 0 -0.0557135 0.998447
181.900000000 1.92379 58.1892 0 0 0 -0.0563413 0.998412
182.000000000 1.94861 58.1862 0 0 0 -0.0569298 0.998378
182.100000000 1.97342 58.1831 0 0 0 -0.0575183 0.998344
182.200000000 1.99661 58.1806 0 0 0 -0.0571523 0.998365
182.300000000 2.01981 58.178 0 0 0 -0.0567863 0.998386
182.400000000 2.04135 58.1757 0 0 0 -0.0564463 0.998406
182.500000000 2.0629 58.1734 0 0 0 -0.0561064 0.998425
182.600000000 2.08279 58.1713 0 0 0 -0.0557927 0.998442
182.700000000 2.10268 58.1692 0 0 0 -0.0554789 0.99846
182.800000000 2.12257 58.1671 0 0 0 -0.0551651 0.998477
182.900000000 2.14246 58.165 0 0 0 -0.0548513 0.998495
183.000000000 2.16235 58.163 0 0 0 -0.0545375 0.998512
183.100000000 2.18225 58.1609 0 0 0 -0.0542237 0.998529
183.200000000 2.20214 58.1589 0 0 0 -0.0539099 0.998546
183.300000000 2.2237 58.1567 0 0 0 -0.05357 0.998564
183.400000000 2.24525 58.1545 0 0 0 -0.05323 0.998582
183.500000000 2.26681 58.1523 0 0 0 -0.05289 0.9986
183.600000000 2.28837 58.1502 0 0 0 -0.0525501 0.998618
183.700000000 2.31159 58.1479 0 0 0 -0.0521839 0.998637
183.800000000 2.33315 58.1457 0 0 0 -0.0518439 0.998655
183.900000000 2.35638 58.1435 0 0 0 -0.0514778 0.998674
184.000000000 2.37794 58.1414 0 0 0 -0.0511378 0.998692
184.100000000 2.40117 58.1391 0 0 0 -0.0507716 0.99871
184.200000000 2.42274 58.1371 0 0 0 -0.0504316 0.998728
184.300000000 2.44431 58.135 0 0 0 -0.0500916 0.998745
184.400000000 2.46588 58.133 0 0 0 -0.0497516 0.998762
184.500000000 2.48911 58.1308 0 0 0 -0.0493854 0.99878
184.600000000 2.51069 58.1288 0 0 0 -0.0490453 0.998797
184.700000000 2.53226 58.1268 0 0 0 -0.0487053 0.998813
184.800000000 2.55384 58.1249 0 0 0 -0.0483652 0.99883
184.900000000 2.57376 58.1231 0 0 0 -0.0480513 0.998845
185.000000000 2.59368 58.1213 0 0 0 -0.0477374 0.99886
185.100000000 2.6136 58.1195 0 0 0 -0.0474235 0.998875
185.200000000 2.63352 58.1177 0 0 0 -0.0471096 0.99889
185.300000000 2.65344 58.1159 0 0 0 -0.0469527 0.998897
185.400000000 2.67336 58.1141 0 0 0 -0.0467958 0.998904
185.500000000 2.69493 58.1121 0 0 0 -0.0466258 0.998912
185.600000000 2.71485 58.1103 0 0 0 -0.0464689 0.99892
185.700000000 2.73809 58.1082 0 0 0 -0.0462858 0.998928
185.800000000 2.75967 58.1063 0 0 0 -0.0461158 0.998936
185.900000000 2.78291 58.1042 0 0 0 -0.0459327 0.998945
186.000000000 2.80449 58.1023 0 0 0 -0.0457627 0.998952
186.100000000 2.82608 58.1004 0 0 0 -0.0455927 0.99896
186.200000000 2.85264 58.098 0 0 0 -0.0453834 0.99897
186.300000000 2.87754 58.0958 0 0 0 -0.0451873 0.998979
186.400000000 2.90079 58.0938 0 0 0 -0.0450042 0.998987
186.500000000 2.92403 58.0918 0 0 0 -0.0448211 0.998995
186.600000000 2.94562 58.0899 0 0 0 -0.0446511 0.999003
186.700000000 2.96887 58.0879 0 0 0 -0.044468 0.999011
186.800000000 2.99045 58.086 0 0 0 -0.044298 0.999018
186.900000000 3.0137 58.0841 0 0 0 -0.0441149 0.999026
187.000000000 3.03529 58.0822 0 0 0 -0.0439449 0.999034
187.100000000 3.05688 58.0804 0 0 0 -0.0437748 0.999041
187.200000000 3.07847 58.0786 0 0 0 -0.0436048 0.999049
187.300000000 3.10008 58.077 0 0 0 -0.042753 0.999086
187.400000000 3.1217 58.0755 0 0 0 -0.0419012 0.999122
187.500000000 3.14165 58.0741 0 0 0 -0.0411148 0.999154
187.600000000 3.16161 58.0728 0 0 0 -0.0403285 0.999186
187.700000000 3.18157 58.0715 0 0 0 -0.0395421 0.999218
187.800000000 3.20153 58.0702 0 0 0 -0.0387557 0.999249
187.900000000 3.21984 58.0691 0 0 0 -0.0380348 0.999276
188.000000000 3.24313 58.0677 0 0 0 -0.0371172 0.999311
188.100000000 3.26809 58.0662 0 0 0 -0.0361341 0.999347
188.200000000 3.29139 58.0649 0 0 0 -0.0352165 0.99938
188.300000000 3.31968 58.0634 0 0 0 -0.0341023 0.999418
188.400000000 3.34631 58.062 0 0 0 -0.0330535 0.999454
188.500000000 3.37128 58.0607 0 0 0 -0.0320702 0.999486
188.600000000 3.39626 58.0595 0 0 0 -0.031087 0.999517
188.700000000 3.41957 58.0584 0 0 0 -0.0301692 0.999545
188.800000000 3.44621 58.0572 0 0 0 -0.0291203 0.999576
188.900000000 3.47286 58.0561 0 0 0 -0.0280714 0.999606
189.000000000 3.49951 58.055 0 0 0 -0.0270224 0.999635
189.100000000 3.52449 58.0541 0 0 0 -0.026039 0.999661
189.200000000 3.55114 58.0531 0 0 0 -0.02499 0.999688
189.300000000 3.57613 58.0522 0 0 0 -0.0240065 0.999712
189.400000000 3.60279 58.0514 0 0 0 -0.0229574 0.999736
189.500000000 3.62944 58.0506 0 0 0 -0.0219083 0.99976
189.600000000 3.65443 58.0497 0 0 0 -0.021319 0.999773
189.700000000 3.68108 58.0488 0 0 0 -0.0206904 0.999786
189.800000000 3.70607 58.048 0 0 0 -0.020101 0.999798
189.900000000 3.73272 58.0472 0 0 0 -0.0194723 0.99981
190.000000000 3.75771 58.0465 0 0 0 -0.018883 0.999822
190.100000000 3.78437 58.0457 0 0 0 -0.0182543 0.999833
190.200000000 3.80936 58.045 0 0 0 -0.0176649 0.999844
190.300000000 3.84435 58.044 0 0 0 -0.017115 0.999854
190.400000000 3.87767 58.0431 0 0 0 -0.0165913 0.999862
190.500000000 3.90933 58.0422 0 0 0 -0.0160938 0.99987
190.600000000 3.94098 58.0414 0 0 0 -0.0155963 0.999878
190.700000000 3.97097 58.0407 0 0 0 -0.0151249 0.999886
190.800000000 4.00263 58.0399 0 0 0 -0.0146274 0.999893
190.900000000 4.03429 58.0392 0 0 0 -0.0141299 0.9999
191.000000000 4.06428 58.0385 0 0 0 -0.0136585 0.999907
191.100000000 4.09261 58.0379 0 0 0 -0.0132134 0.999913
191.200000000 4.12594 58.0373 0 0 0 -0.0126896 0.999919
191.300000000 4.1576 58.0367 0 0 0 -0.0121921 0.999926
191.400000000 4.18926 58.0361 0 0 0 -0.0116945 0.999932
191.500000000 4.22092 58.0355 0 0 0 -0.011197 0.999937
191.600000000 4.25425 58.035 0 0 0 -0.0106733 0.999943
191.700000000 4.28592 58.0345 0 0 0 -0.0101757 0.999948
191.800000000 4.31925 58.0341 0 0 0 -0.00965196 0.999953
191.900000000 4.35258 58.0336 0 0 0 -0.00912821 0.999958
192.000000000 4.38424 58.0332 0 0 0 -0.00863065 0.999963
192.100000000 4.41924 58.0329 0 0 0 -0.00808071 0.999967
192.200000000 4.45257 58.0324 0 0 0 -0.00781889 0.999969
192.300000000 4.4859 58.032 0 0 0 -0.00755708 0.999971
192.400000000 4.51757 58.0316 0 0 0 -0.00730836 0.999973
192.500000000 4.5509 58.0312 0 0 0 -0.00704654 0.999975
192.600000000 4.58257 58.0309 0 0 0 -0.00679782 0.999977
192.700000000 4.61256 58.0306 0 0 0 -0.00656219 0.999978
192.800000000 4.6459 58.0303 0 0 0 -0.00630037 0.99998
192.900000000 4.67923 58.0299 0 0 0 -0.00603856 0.999982
193.000000000 4.71089 58.0297 0 0 0 -0.00578983 0.999983
193.100000000 4.74423 58.0294 0 0 0 -0.00552801 0.999985
193.200000000 4.77589 58.0291 0 0 0 -0.00527929 0.999986
193.300000000 4.80922 58.0289 0 0 0 -0.00501747 0.999987
193.400000000 4.84256 58.0286 0 0 0 -0.00475565 0.999989
193.500000000 4.87589 58.0284 0 0 0 -0.00449383 0.99999
193.600000000 4.90756 58.0282 0 0 0 -0.00424511 0.999991
193.700000000 4.93922 58.0281 0 0 0 -0.00399638 0.999992
193.800000000 4.97255 58.0279 0 0 0 -0.00373456 0.999993
193.900000000 5.00422 58.0278 0 0 0 -0.00348583 0.999994
194.000000000 5.03755 58.0276 0 0 0 -0.00322401 0.999995
194.100000000 5.07089 58.0275 0 0 0 -0.00296219 0.999996
194.200000000 5.10255 58.0274 0 0 0 -0.00296219 0.999996
194.300000000 5.13422 58.0272 0 0 0 -0.00296219 0.999996
194.400000000 5.16755 58.027 0 0 0 -0.00296219 0.999996
194.500000000 5.19922 58.0268 0 0 0 -0.00296219 0.999996
194.600000000 5.23255 58.0266 0 0 0 -0.00296219 0.999996
194.700000000 5.26422 58.0264 0 0 0 -0.00296219 0.999996
194.800000000 5.29588 58.0262 0 0 0 -0.00296219 0.999996
194.900000000 5.32922 58.026 0 0 0 -0.00296219 0.999996
195.000000000 5.36255 58.0258 0 0 0 -0.00296219 0.999996
195.100000000 5.39588 58.0256 0 0 0 -0.00296219 0.999996
195.200000000 5.42755 58.0254 0 0 0 -0.00296219 0.999996
195.300000000 5.45921 58.0252 0 0 0 -0.00296219 0.999996
195.400000000 5.49255 58.025 0 0 0 -0.00296219 0.999996
195.500000000 5.52588 58.0248 0 0 0 -0.00296219 0.999996
195.600000000 5.60085 58.0293 0 0 0 0.00929953 0.999957
195.700000000 5.65842 58.0388 0 0 0 0.0303354 0.99954
195.800000000 5.69939 58.0529 0 0 0 0.0592649 0.998242
195.900000000 5.72139 58.0707 0 0 0 0.0968856 0.995296
196.000000000 5.72553 58.0901 0 0 0 0.142236 0.989833
196.100000000 5.72507 58.1095 0 0 0 0.188623 0.98205
196.200000000 5.72278 58.1289 0 0 0 0.234594 0.972094
196.300000000 5.72521 58.1498 0 0 0 0.276904 0.960897
196.400000000 5.72581 58.1708 0 0 0 0.318685 0.947861
196.500000000 5.72456 58.1918 0 0 0 0.359855 0.933008
196.600000000 5.72149 58.2126 0 0 0 0.400335 0.916369
196.700000000 5.7166 58.233 0 0 0 0.440049 0.897974
196.800000000 5.70995 58.253 0 0 0 0.47892 0.877859
196.900000000 5.70157 58.2723 0 0 0 0.516873 0.856062
197.000000000 5.69155 58.2908 0 0 0 0.553836 0.832626
197.100000000 5.67994 58.3083 0 0 0 0.589739 0.807594
197.200000000 5.66684 58.3248 0 0 0 0.624511 0.781016
197.300000000 5.66089 58.3594 0 0 0 0.650365 0.759622
197.400000000 5.6584 58.4093 0 0 0 0.669442 0.742864
197.500000000 5.65828 58.4749 0 0 0 0.6822 0.731166
197.600000000 5.66051 58.55 0 0 0 0.687613 0.726077
197.700000000 5.6621 58.625 0 0 0 0.692123 0.72178
197.800000000 5.663 58.7 0 0 0 0.69616 0.717887
197.900000000 5.66306 58.775 0 0 0 0.700175 0.713972
198.000000000 5.66254 58.85 0 0 0 0.703715 0.710482
198.100000000 5.66127 58.925 0 0 0 0.707239 0.706975
198.200000000 5.65925 59 0 0 0 0.710744 0.70345
198.300000000 5.65675 59.075 0 0 0 0.713775 0.700375
198.400000000 5.6536 59.1499 0 0 0 0.716793 0.697286
198.500000000 5.65007 59.2248 0 0 0 0.719332 0.694666
198.600000000 5.64176 59.2952 0 0 0 0.729428 0.684058
198.700000000 5.62965 59.346 0 0 0 0.744342 0.667799
198.800000000 5.61327 59.3821 0 0 0 0.764684 0.644406
198.900000000 5.59422 59.3978 0 0 0 0.790038 0.613058
199.000000000 5.57503 59.3935 0 0 0 0.819247 0.57344
199.100000000 5.55661 59.3857 0 0 0 0.846884 0.531778
199.200000000 5.53906 59.3761 0 0 0 0.872403 0.488787
199.300000000 5.52256 59.3648 0 0 0 0.895742 0.444574
199.400000000 5.50726 59.352 0 0 0 0.916842 0.39925
199.500000000 5.49332 59.3376 0 0 0 0.93565 0.352928
199.600000000 5.48088 59.322 0 0 0 0.95212 0.305724
199.700000000 5.47007 59.3052 0 0 0 0.96621 0.257756
199.800000000 5.46099 59.2874 0 0 0 0.977885 0.209143
199.900000000 5.45374 59.2687 0 0 0 0.987116 0.160008
200.000000000 5.44838 59.2495 0 0 0 0.993879 0.110473
200.100000000 5.44497 59.2298 0 0 0 0.998158 0.0606617
200.200000000 5.44354 59.2098 0 0 0 0.999943 0.0106988
200.300000000 5.44411 59.1898 0 0 0 0.999228 -0.0392909
200.400000000 5.44668 59.17 0 0 0 0.996015 -0.0891824
200.500000000 5.45121 59.1505 0 0 0 0.990313 -0.138851
200.600000000 5.45766 59.1316 0 0 0 0.982136 -0.188172
200.700000000 5.46597 59.1134 0 0 0 0.971504 -0.237024
200.800000000 5.47605 59.0962 0 0 0 0.958444 -0.285282
200.900000000 5.48781 59.08 0 0 0 0.942988 -0.332828
201.000000000 5.50112 59.0651 0 0 0 0.925175 -0.379542
201.100000000 5.51585 59.0516 0 0 0 0.905049 -0.425307
201.200000000 5.53186 59.0396 0 0 0 0.882662 -0.470009
201.300000000 5.54785 59.0282 0 0 0 -0.858465 0.512873
201.400000000 5.56489 59.0183 0 0 0 -0.832188 0.554494
201.500000000 5.58281 59.0102 0 0 0 -0.803895 0.594771
201.600000000 5.60144 59.0039 0 0 0 -0.773654 0.633608
201.700000000 5.6206 58.9995 0 0 0 -0.741539 0.670909
201.800000000 5.6401 58.9969 0 0 0 -0.707628 0.706585
201.900000000 5.65976 58.9963 0 0 0 -0.672002 0.74055
202.000000000 5.67938 58.9977 0 0 0 -0.634748 0.77272
202.100000000 5.69878 59.0009 0 0 0 -0.595956 0.803017
202.200000000 5.72025 58.9813 0 0 0 -0.565639 0.824653
202.300000000 5.74623 58.9458 0 0 0 -0.541861 0.840468
202.400000000 5.77698 58.8998 0 0 0 -0.522698 0.852518
202.500000000 5.81022 58.8538 0 0 0 -0.503955 0.86373
202.600000000 5.84544 58.8092 0 0 0 -0.48497 0.874531
202.700000000 5.88257 58.7662 0 0 0 -0.465755 0.884914
202.800000000 5.92155 58.7249 0 0 0 -0.446317 0.894875
202.900000000 5.96229 58.6853 0 0 0 -0.426667 0.904409
203.000000000 6.00472 58.6476 0 0 0 -0.406813 0.913512
203.100000000 6.04876 58.6117 0 0 0 -0.386765 0.922178
203.200000000 6.10402 58.563 0 0 0 -0.374525 0.927217
203.300000000 6.16134 58.5145 0 0 0 -0.363128 0.931739
203.400000000 6.21983 58.4674 0 0 0 -0.351676 0.936122
203.500000000 6.27947 58.4217 0 0 0 -0.340171 0.940363
203.600000000 6.3402 58.3776 0 0 0 -0.328615 0.944464
203.700000000 6.402 58.3349 0 0 0 -0.31701 0.948422
203.800000000 6.46483 58.2937 0 0 0 -0.305357 0.952238
203.900000000 6.52864 58.2541 0 0 0 -0.293658 0.95591
204.000000000 6.59341 58.2161 0 0 0 -0.281915 0.959439
204.100000000 6.65909 58.1797 0 0 0 -0.27013 0.962824
204.200000000 6.72565 58.1449 0 0 0 -0.258304 0.966064
204.300000000 6.79303 58.1118 0 0 0 -0.246439 0.969158
204.400000000 6.86121 58.0803 0 0 0 -0.234537 0.972107
204.500000000 6.93015 58.0505 0 0 0 -0.2226 0.97491
204.600000000 6.99979 58.0224 0 0 0 -0.210629 0.977566
204.700000000 7.06733 57.9981 0 0 0 -0.196745 0.980455
204.800000000 7.13553 57.9757 0 0 0 -0.182821 0.983146
204.900000000 7.20118 57.9562 0 0 0 -0.169506 0.985529
205.000000000 7.27052 57.9376 0 0 0 -0.155513 0.987834
205.100000000 7.34035 57.9211 0 0 0 -0.141489 0.98994
205.200000000 7.40389 57.9069 0 0 0 -0.131027 0.991379
205.300000000 7.46444 57.8948 0 0 0 -0.121089 0.992642
205.400000000 7.52358 57.8841 0 0 0 -0.111407 0.993775
205.500000000 7.58127 57.8749 0 0 0 -0.101985 0.994786
205.600000000 7.65565 57.8645 0 0 0 -0.0897794 0.995962
205.700000000 7.73026 57.856 0 0 0 -0.0775606 0.996988
205.800000000 7.80506 57.8492 0 0 0 -0.0653301 0.997864
205.900000000 7.88 57.8443 0 0 0 -0.0530899 0.99859
206.000000000 7.95503 57.8412 0 0 0 -0.0408416 0.999166
206.100000000 8.03012 57.84 0 0 0 -0.0285872 0.999591
206.200000000 8.10515 57.8387 0 0 0 -0.0211598 0.999776
206.300000000 8.14516 57.8383 0 0 0 -0.0179927 0.999838
206.400000000 8.22019 57.8383 0 0 0 -0.011157 0.999938
206.500000000 8.29522 57.8394 0 0 0 -0.00432081 0.999991
206.600000000 8.37022 57.8414 0 0 0 0.00251561 0.999997
206.700000000 8.44519 57.8446 0 0 0 0.00935191 0.999956
206.800000000 8.5201 57.8487 0 0 0 0.0161878 0.999869
206.900000000 8.59496 57.8539 0 0 0 0.0230229 0.999735
207.000000000 8.66973 57.86 0 0 0 0.0298569 0.999554
207.100000000 8.74442 57.8672 0 0 0 0.0366896 0.999327
207.200000000 8.819 57.8755 0 0 0 0.0435205 0.999053
207.300000000 8.89355 57.8837 0 0 0 0.0478342 0.998855
207.400000000 8.96804 57.8926 0 0 0 0.052147 0.998639
207.500000000 9.04244 57.9021 0 0 0 0.0564588 0.998405
207.600000000 9.11676 57.9123 0 0 0 0.0607696 0.998152
207.700000000 9.19099 57.9231 0 0 0 0.0650792 0.99788
207.800000000 9.26512 57.9346 0 0 0 0.0693876 0.99759
207.900000000 9.33916 57.9467 0 0 0 0.0736948 0.997281
208.000000000 9.41308 57.9594 0 0 0 0.0780005 0.996953
208.100000000 9.48689 57.9728 0 0 0 0.0823048 0.996607
208.200000000 9.56058 57.9868 0 0 0 0.0866076 0.996243
208.300000000 9.63466 57.9985 0 0 0 0.0836588 0.996494
208.400000000 9.70885 58.0096 0 0 0 0.0800231 0.996793
208.500000000 9.78312 58.0201 0 0 0 0.0763863 0.997078
208.600000000 9.85745 58.0301 0 0 0 0.0727892 0.997347
208.700000000 9.93186 58.0396 0 0 0 0.0692565 0.997599
208.800000000 10.0063 58.0486 0 0 0 0.0658539 0.997829
208.900000000 10.0808 58.0572 0 0 0 0.0625814 0.99804
209.000000000 10.1554 58.0653 0 0 0 0.0593738 0.998236
209.100000000 10.23 58.0729 0 0 0 0.0562964 0.998414
209.200000000 10.3047 58.0802 0 0 0 0.0532841 0.998579
209.300000000 10.3695 58.0857 0 0 0 0.0497008 0.998764
209.400000000 10.4326 58.0906 0 0 0 0.0462088 0.998932
209.500000000 10.4941 58.0949 0 0 0 0.0428081 0.999083
209.600000000 10.5524 58.0986 0 0 0 0.0395908 0.999216
209.700000000 10.6089 58.1018 0 0 0 0.0364651 0.999335
209.800000000 10.6639 58.1046 0 0 0 0.0334309 0.999441
209.900000000 10.7172 58.107 0 0 0 0.0304884 0.999535
210.000000000 10.7688 58.109 0 0 0 0.0276376 0.999618
210.100000000 10.8188 58.1107 0 0 0 0.0248785 0.99969
210.200000000 10.8671 58.112 0 0 0 0.0222112 0.999753
210.300000000 10.9138 58.1131 0 0 0 0.0196357 0.999807
210.400000000 10.9588 58.1138 0 0 0 0.0171521 0.999853
210.500000000 11.0021 58.1144 0 0 0 0.0147604 0.999891
210.600000000 11.0438 58.1147 0 0 0 0.0124606 0.999922
210.700000000 11.0838 58.1148 0 0 0 0.0102527 0.999947
210.800000000 11.1238 58.1147 0 0 0 0.00804482 0.999968
210.900000000 11.1622 58.1145 0 0 0 0.00592885 0.999982
211.000000000 11.1988 58.1141 0 0 0 0.00390485 0.999992
211.100000000 11.2338 58.1136 0 0 0 0.00197285 0.999998
211.200000000 11.2672 58.113 0 0 0 0.00013283 1
211.300000000 11.3055 58.1124 0 0 0 -0.00137562 0.999999
211.400000000 11.3422 58.1118 0 0 0 -0.00281848 0.999996
211.500000000 11.3772 58.111 0 0 0 -0.00419575 0.999991
211.600000000 11.4121 58.1102 0 0 0 -0.00557302 0.999984
211.700000000 11.4455 58.1093 0 0 0 -0.00688468 0.999976
211.800000000 11.4771 58.1083 0 0 0 -0.00813076 0.999967
211.900000000 11.5088 58.1073 0 0 0 -0.00937682 0.999956
212.000000000 11.5388 58.1063 0 0 0 -0.0105573 0.999944
212.100000000 11.5671 58.1052 0 0 0 -0.0116722 0.999932
212.200000000 11.5954 58.1041 0 0 0 -0.012787 0.999918
212.300000000 11.6237 58.1031 0 0 0 -0.013455 0.999909
212.400000000 11.6504 58.1022 0 0 0 -0.0140838 0.999901
212.500000000 11.677 58.1012 0 0 0 -0.0147125 0.999892
212.600000000 11.7037 58.1001 0 0 0 -0.0153412 0.999882
212.700000000 11.7303 58.0991 0 0 0 -0.0159699 0.999872
212.800000000 11.7553 58.098 0 0 0 -0.0165593 0.999863
212.900000000 11.7803 58.097 0 0 0 -0.0171487 0.999853
213.000000000 11.8036 58.0959 0 0 0 -0.0176988 0.999843
213.100000000 11.8269 58.0949 0 0 0 -0.0182489 0.999833
213.200000000 11.8485 58.0939 0 0 0 -0.0187597 0.999824
213.300000000 11.8718 58.0929 0 0 0 -0.0191263 0.999817
213.400000000 11.8935 58.0919 0 0 0 -0.0194667 0.999811
213.500000000 11.9151 58.0909 0 0 0 -0.0198071 0.999804
213.600000000 11.9351 58.09 0 0 0 -0.0201213 0.999798
213.700000000 11.9551 58.0891 0 0 0 -0.0204355 0.999791
213.800000000 11.9751 58.0881 0 0 0 -0.0207497 0.999785
213.900000000 11.9951 58.0872 0 0 0 -0.0210639 0.999778
214.000000000 12.015 58.0862 0 0 0 -0.021378 0.999771
214.100000000 12.0333 58.0853 0 0 0 -0.021666 0.999765
214.200000000 12.0533 58.0843 0 0 0 -0.0219802 0.999758
214.300000000 12.0733 58.0833 0 0 0 -0.0222944 0.999751
214.400000000 12.0933 58.0823 0 0 0 -0.0226086 0.999744
214.500000000 12.1149 58.0812 0 0 0 -0.022949 0.999737
214.600000000 12.1349 58.0802 0 0 0 -0.0232631 0.999729
214.700000000 12.1548 58.0791 0 0 0 -0.0235773 0.999722
214.800000000 12.1748 58.078 0 0 0 -0.0238915 0.999715
214.900000000 12.1948 58.0769 0 0 0 -0.0242057 0.999707
215.000000000 12.2131 58.0759 0 0 0 -0.0244937 0.9997
215.100000000 12.2314 58.0749 0 0 0 -0.0247816 0.999693
215.200000000 12.2547 58.0736 0 0 0 -0.0251482 0.999684
215.300000000 12.2764 58.0727 0 0 0 -0.0246374 0.999696
215.400000000 12.298 58.0719 0 0 0 -0.0241267 0.999709
215.500000000 12.3197 58.071 0 0 0 -0.023616 0.999721
215.600000000 12.3413 58.0702 0 0 0 -0.0231052 0.999733
215.700000000 12.363 58.0694 0 0 0 -0.0225945 0.999745
215.800000000 12.3846 58.0686 0 0 0 -0.0220837 0.999756
215.900000000 12.4046 58.068 0 0 0 -0.0216122 0.999766
216.000000000 12.4263 58.0672 0 0 0 -0.0211015 0.999777
216.100000000 12.4496 58.0665 0 0 0 -0.0205514 0.999789
216.200000000 12.4712 58.0658 0 0 0 -0.0200406 0.999799
216.300000000 12.4946 58.0651 0 0 0 -0.0194905 0.99981
216.400000000 12.5162 58.0644 0 0 0 -0.0189797 0.99982
216.500000000 12.5395 58.0637 0 0 0 -0.0184297 0.99983
216.600000000 12.5612 58.0632 0 0 0 -0.0179188 0.999839
216.700000000 12.5845 58.0625 0 0 0 -0.0173687 0.999849
216.800000000 12.6062 58.062 0 0 0 -0.0168579 0.999858
216.900000000 12.6278 58.0615 0 0 0 -0.0163471 0.999866
217.000000000 12.6495 58.061 0 0 0 -0.0158363 0.999875
217.100000000 12.6712 58.0605 0 0 0 -0.0153255 0.999883
217.200000000 12.6912 58.06 0 0 0 -0.0150112 0.999887
217.300000000 12.7128 58.0595 0 0 0 -0.0146708 0.999892
217.400000000 12.7345 58.059 0 0 0 -0.0143304 0.999897
217.500000000 12.7545 58.0585 0 0 0 -0.0140162 0.999902
217.600000000 12.7761 58.0581 0 0 0 -0.0136758 0.999906
217.700000000 12.7978 58.0576 0 0 0 -0.0133353 0.999911
217.800000000 12.8195 58.0572 0 0 0 -0.0129949 0.999916
217.900000000 12.8411 58.0567 0 0 0 -0.0126545 0.99992
218.000000000 12.8628 58.0563 0 0 0 -0.0123141 0.999924
218.100000000 12.8845 58.0559 0 0 0 -0.0119737 0.999928
218.200000000 12.9061 58.0555 0 0 0 -0.0116332 0.999932
218.300000000 12.9278 58.0552 0 0 0 -0.0112928 0.999936
218.400000000 12.9494 58.0548 0 0 0 -0.0109524 0.99994
218.500000000 12.9728 58.0545 0 0 0 -0.0105857 0.999944
218.600000000 12.9944 58.0541 0 0 0 -0.0102453 0.999948
218.700000000 13.0161 58.0538 0 0 0 -0.00990488 0.999951
218.800000000 13.0378 58.0535 0 0 0 -0.00956444 0.999954
218.900000000 13.0611 58.0532 0 0 0 -0.00919782 0.999958
219.000000000 13.0828 58.053 0 0 0 -0.00885738 0.999961
219.100000000 13.1044 58.0527 0 0 0 -0.00851695 0.999964
219.200000000 13.1261 58.0525 0 0 0 -0.00817651 0.999967
219.300000000 13.1478 58.0522 0 0 0 -0.00800633 0.999968
219.400000000 13.1678 58.0519 0 0 0 -0.00784924 0.999969
219.500000000 13.1894 58.0517 0 0 0 -0.00767906 0.999971
219.600000000 13.2094 58.0514 0 0 0 -0.00752197 0.999972
219.700000000 13.2328 58.0512 0 0 0 -0.0073387 0.999973
219.800000000 13.2561 58.0509 0 0 0 -0.00715543 0.999974
219.900000000 13.2778 58.0506 0 0 0 -0.00698525 0.999976
220.000000000 13.2994 58.0504 0 0 0 -0.00681508 0.999977
220.100000000 13.3194 58.0502 0 0 0 -0.00665799 0.999978
220.200000000 13.3411 58.05 0 0 0 -0.00648781 0.999979
220.300000000 13.3628 58.0498 0 0 0 -0.00631763 0.99998
220.400000000 13.3844 58.0496 0 0 0 -0.00614745 0.999981
220.500000000 13.4061 58.0494 0 0 0 -0.00597727 0.999982
220.600000000 13.4278 58.0492 0 0 0 -0.00580708 0.999983
220.700000000 13.4494 58.049 0 0 0 -0.0056369 0.999984
220.800000000 13.4711 58.0488 0 0 0 -0.00546672 0.999985
220.900000000 13.4928 58.0486 0 0 0 -0.00529654 0.999986
221.000000000 13.5144 58.0485 0 0 0 -0.00512636 0.999987
221.100000000 13.5378 58.0483 0 0 0 -0.00494309 0.999988
221.200000000 13.5594 58.0482 0 0 0 -0.00477291 0.999989
221.300000000 13.5827 58.048 0 0 0 -0.00458963 0.999989
221.400000000 13.6044 58.0479 0 0 0 -0.00441945 0.99999
221.500000000 13.6261 58.0478 0 0 0 -0.00424927 0.999991
221.600000000 13.6477 58.0476 0 0 0 -0.00407909 0.999992
221.700000000 13.6694 58.0475 0 0 0 -0.00390891 0.999992
221.800000000 13.6894 58.0474 0 0 0 -0.00375181 0.999993
221.900000000 13.7111 58.0473 0 0 0 -0.00358163 0.999994
222.000000000 13.7327 58.0473 0 0 0 -0.00341145 0.999994
222.100000000 13.7544 58.0472 0 0 0 -0.00324127 0.999995
222.200000000 13.7761 58.0471 0 0 0 -0.00307108 0.999995
222.300000000 13.7977 58.047 0 0 0 -0.0029009 0.999996
222.400000000 13.8194 58.047 0 0 0 -0.00273072 0.999996
222.500000000 13.8394 58.0469 0 0 0 -0.00257363 0.999997
222.600000000 13.8611 58.0468 0 0 0 -0.00257363 0.999997
222.700000000 13.8811 58.0467 0 0 0 -0.00257363 0.999997
222.800000000 13.9027 58.0466 0 0 0 -0.00257363 0.999997
222.900000000 13.9261 58.0465 0 0 0 -0.00257363 0.999997
223.000000000 13.9477 58.0464 0 0 0 -0.00257363 0.999997
223.100000000 13.9711 58.0463 0 0 0 -0.00257363 0.999997
223.200000000 13.9927 58.0462 0 0 0 -0.00257363 0.999997
223.300000000 14.0144 58.046 0 0 0 -0.00257363 0.999997
223.400000000 14.0361 58.0459 0 0 0 -0.00257363 0.999997
223.500000000 14.0577 58.0458 0 0 0 -0.00257363 0.999997
223.600000000 14.0794 58.0457 0 0 0 -0.00257363 0.999997
223.700000000 14.1011 58.0456 0 0 0 -0.00257363 0.999997
223.800000000 14.1227 58.0455 0 0 0 -0.00257363 0.999997
223.900000000 14.1444 58.0454 0 0 0 -0.00257363 0.999997
224.000000000 14.1661 58.0453 0 0 0 -0.00257363 0.999997
224.100000000 14.1877 58.0451 0 0 0 -0.00257363 0.999997
224.200000000 14.2111 58.045 0 0 0 -0.00257363 0.999997
224.300000000 14.2327 58.0449 0 0 0 -0.00257363 0.999997
224.400000000 14.2544 58.0448 0 0 0 -0.00257363 0.999997
224.500000000 14.2744 58.0447 0 0 0 -0.00257363 0.999997
224.600000000 14.2961 58.0446 0 0 0 -0.00257363 0.999997
224.700000000 14.3161 58.0445 0 0 0 -0.00257363 0.999997
224.800000000 14.3377 58.0444 0 0 0 -0.00257363 0.999997
224.900000000 14.3577 58.0443 0 0 0 -0.00257363 0.999997
225.000000000 14.3794 58.0442 0 0 0 -0.00257363 0.999997
225.100000000 14.4011 58.044 0 0 0 -0.00257363 0.999997
225.200000000 14.4227 58.0439 0 0 0 -0.00257363 0.999997
225.300000000 14.4461 58.0438 0 0 0 -0.00257363 0.999997
225.400000000 14.4677 58.0437 0 0 0 -0.00257363 0.999997
225.500000000 14.4911 58.0436 0 0 0 -0.00257363 0.999997
225.600000000 14.5127 58.0435 0 0 0 -0.00257363 0.999997
225.700000000 14.5344 58.0434 0 0 0 -0.00257363 0.999997
225.800000000 14.5561 58.0433 0 0 0 -0.00257363 0.999997
225.900000000 14.5777 58.0431 0 0 0 -0.00257363 0.999997
226.000000000 14.5977 58.043 0 0 0 -0.00257363 0.999997
226.100000000 14.6194 58.0429 0 0 0 -0.00257363 0.999997
226.200000000 14.6394 58.0428 0 0 0 -0.00257363 0.999997
226.300000000 14.6611 58.0427 0 0 0 -0.00257363 0.999997
226.400000000 14.6827 58.0426 0 0 0 -0.00257363 0.999997
226.500000000 14.7027 58.0425 0 0 0 -0.00257363 0.999997
226.600000000 14.7294 58.0424 0 0 0 -0.00257363 0.999997
226.700000000 14.7561 58.0422 0 0 0 -0.00257363 0.999997
226.800000000 14.7827 58.0421 0 0 0 -0.00257363 0.999997
226.900000000 14.8094 58.0419 0 0 0 -0.00257363 0.999997
227.000000000 14.8344 58.0418 0 0 0 -0.00257363 0.999997
227.100000000 14.8594 58.0417 0 0 0 -0.00257363 0.999997
227.200000000 14.8861 58.0416 0 0 0 -0.00257363 0.999997
227.300000000 14.9127 58.0414 0 0 0 -0.00257363 0.999997
227.400000000 14.9377 58.0413 0 0 0 -0.00257363 0.999997
227.500000000 14.9727 58.0411 0 0 0 -0.00257363 0.999997
227.600000000 15.0061 58.0409 0 0 0 -0.00257363 0.999997
227.700000000 15.0377 58.0408 0 0 0 -0.00257363 0.999997
227.800000000 15.0711 58.0406 0 0 0 -0.00257363 0.999997
227.900000000 15.1044 58.0404 0 0 0 -0.00257363 0.999997
228.000000000 15.1361 58.0403 0 0 0 -0.00257363 0.999997
228.100000000 15.1711 58.0401 0 0 0 -0.00257363 0.999997
228.200000000 15.2044 58.0399 0 0 0 -0.00257363 0.999997
228.300000000 15.2361 58.0398 0 0 0 -0.00257363 0.999997
228.400000000 15.2694 58.0396 0 0 0 -0.00257363 0.999997
228.500000000 15.3027 58.0394 0 0 0 -0.00257363 0.999997
228.600000000 15.3344 58.0392 0 0 0 -0.00257363 0.999997
228.700000000 15.3677 58.0391 0 0 0 -0.00257363 0.999997
228.800000000 15.4011 58.0389 0 0 0 -0.00257363 0.999997
228.900000000 15.4344 58.0387 0 0 0 -0.00257363 0.999997
229.000000000 15.4661 58.0386 0 0 0 -0.00257363 0.999997
229.100000000 15.4977 58.0384 0 0 0 -0.00257363 0.999997
229.200000000 15.5311 58.0382 0 0 0 -0.00257363 0.999997
229.300000000 15.5644 58.0381 0 0 0 -0.00257363 0.999997
229.400000000 15.5977 58.0379 0 0 0 -0.00257363 0.999997
229.500000000 15.6311 58.0377 0 0 0 -0.00257363 0.999997
229.600000000 15.6627 58.0376 0 0 0 -0.00257363 0.999997
229.700000000 15.6977 58.0374 0 0 0 -0.00257363 0.999997
229.800000000 15.7311 58.0372 0 0 0 -0.00257363 0.999997
229.900000000 15.7644 58.037 0 0 0 -0.00257363 0.999997
230.000000000 15.7961 58.0369 0 0 0 -0.00257363 0.999997
230.100000000 15.8294 58.0367 0 0 0 -0.00257363 0.999997
230.200000000 15.8611 58.0365 0 0 0 -0.00257363 0.999997
230.300000000 15.8911 58.0364 0 0 0 -0.00257363 0.999997
230.400000000 15.9244 58.0362 0 0 0 -0.00257363 0.999997
230.500000000 15.9577 58.036 0 0 0 -0.00257363 0.999997
230.600000000 15.9894 58.0359 0 0 0 -0.00257363 0.999997
230.700000000 16.0244 58.0357 0 0 0 -0.00257363 0.999997
230.800000000 16.0577 58.0355 0 0 0 -0.00257363 0.999997
230.900000000 16.0911 58.0354 0 0 0 -0.00257363 0.999997
231.000000000 16.1244 58.0352 0 0 0 -0.00257363 0.999997
231.100000000 16.1577 58.035 0 0 0 -0.00257363 0.999997
231.200000000 16.1894 58.0348 0 0 0 -0.00257363 0.999997
231.300000000 16.2244 58.0347 0 0 0 -0.00257363 0.999997
231.400000000 16.2577 58.0345 0 0 0 -0.00257363 0.999997
231.500000000 16.291 58.0343 0 0 0 -0.00257363 0.999997
231.600000000 16.3227 58.0342 0 0 0 -0.00257363 0.999997
231.700000000 16.356 58.034 0 0 0 -0.00257363 0.999997
231.800000000 16.3894 58.0338 0 0 0 -0.00257363 0.999997
231.900000000 16.421 58.0337 0 0 0 -0.00257363 0.999997
232.000000000 16.451 58.0335 0 0 0 -0.00257363 0.999997
232.100000000 16.481 58.0333 0 0 0 -0.00257363 0.999997
232.200000000 16.5094 58.0332 0 0 0 -0.00257363 0.999997
232.300000000 16.536 58.0331 0 0 0 -0.00257363 0.999997
232.400000000 16.5627 58.0329 0 0 0 -0.00257363 0.999997
232.500000000 16.5877 58.0328 0 0 0 -0.00257363 0.999997
232.600000000 16.6127 58.0327 0 0 0 -0.00257363 0.999997
232.700000000 16.6377 58.0325 0 0 0 -0.00257363 0.999997
232.800000000 16.661 58.0324 0 0 0 -0.00257363 0.999997
232.900000000 16.686 58.0323 0 0 0 -0.00257363 0.999997
233.000000000 16.7094 58.0322 0 0 0 -0.00257363 0.999997
233.100000000 16.7344 58.032 0 0 0 -0.00257363 0.999997
233.200000000 16.7577 58.0319 0 0 0 -0.00257363 0.999997
233.300000000 16.781 58.0318 0 0 0 -0.00257363 0.999997
233.400000000 16.806 58.0317 0 0 0 -0.00257363 0.999997
233.500000000 16.831 58.0315 0 0 0 -0.00257363 0.999997
233.600000000 16.856 58.0314 0 0 0 -0.00257363 0.999997
233.700000000 16.881 58.0313 0 0 0 -0.00257363 0.999997
233.800000000 16.9044 58.0312 0 0 0 -0.00257363 0.999997
233.900000000 16.9277 58.031 0 0 0 -0.00257363 0.999997
234.000000000 16.951 58.0309 0 0 0 -0.00257363 0.999997
234.100000000 16.9777 58.0308 0 0 0 -0.00257363 0.999997
234.200000000 17.0027 58.0307 0 0 0 -0.00257363 0.999997
234.300000000 17.0294 58.0305 0 0 0 -0.00257363 0.999997
234.400000000 17.056 58.0304 0 0 0 -0.00257363 0.999997
234.500000000 17.081 58.0303 0 0 0 -0.00257363 0.999997
234.600000000 17.1077 58.0301 0 0 0 -0.00257363 0.999997
234.700000000 17.1827 58.0346 0 0 0 0.00968808 0.999953
234.800000000 17.2402 58.0442 0 0 0 0.0307238 0.999528
234.900000000 17.2812 58.0583 0 0 0 0.0596528 0.998219
235.000000000 17.3032 58.0761 0 0 0 0.0972723 0.995258
235.100000000 17.3217 58.0955 0 0 0 0.13575 0.990743
235.200000000 17.3386 58.1164 0 0 0 0.174024 0.984741
235.300000000 17.3528 58.1382 0 0 0 0.21254 0.977152
235.400000000 17.3653 58.1612 0 0 0 0.250729 0.968057
235.500000000 17.3749 58.1847 0 0 0 0.289035 0.957319
235.600000000 17.3826 58.2089 0 0 0 0.326883 0.945065
235.700000000 17.3883 58.2336 0 0 0 0.364214 0.931315
235.800000000 17.3921 58.2587 0 0 0 0.400968 0.916092
235.900000000 17.3938 58.2841 0 0 0 0.437088 0.899419
236.000000000 17.3936 58.3094 0 0 0 0.472516 0.881322
236.100000000 17.3913 58.3347 0 0 0 0.507196 0.861831
236.200000000 17.3863 58.3589 0 0 0 0.541524 0.840686
236.300000000 17.38 58.3835 0 0 0 0.574533 0.818482
236.400000000 17.3712 58.4066 0 0 0 0.607058 0.794657
236.500000000 17.3611 58.4299 0 0 0 0.638185 0.769883
236.600000000 17.3487 58.4512 0 0 0 0.668699 0.743533
236.700000000 17.3292 58.4539 0 0 0 0.704476 0.709728
236.800000000 17.3093 58.453 0 0 0 0.739067 0.673631
236.900000000 17.2895 58.4502 0 0 0 0.771811 0.635852
237.000000000 17.2701 58.4454 0 0 0 0.802626 0.596482
237.100000000 17.2512 58.4387 0 0 0 0.831435 0.555622
237.200000000 17.2332 58.4301 0 0 0 0.858165 0.513374
237.300000000 17.216 58.4198 0 0 0 0.882751 0.469842
237.400000000 17.2 58.4078 0 0 0 0.90513 0.425135
237.500000000 17.1853 58.3943 0 0 0 0.925247 0.379366
237.600000000 17.172 58.3794 0 0 0 0.943051 0.332649
237.700000000 17.1603 58.3632 0 0 0 0.958498 0.285101
237.800000000 17.1502 58.3459 0 0 0 0.971549 0.236839
237.900000000 17.1419 58.3277 0 0 0 0.982172 0.187986
238.000000000 17.1354 58.3088 0 0 0 0.99034 0.138663
238.100000000 17.1309 58.2893 0 0 0 0.996032 0.0889935
238.200000000 17.1284 58.2695 0 0 0 0.999235 0.0391014
238.300000000 17.1278 58.2495 0 0 0 0.999941 -0.0108884
238.400000000 17.1292 58.2296 0 0 0 0.998147 -0.060851
238.500000000 17.1326 58.2099 0 0 0 0.993858 -0.110662
238.600000000 17.138 58.1906 0 0 0 0.987085 -0.160195
238.700000000 17.1453 58.172 0 0 0 0.977845 -0.209329
238.800000000 17.1544 58.1542 0 0 0 0.966161 -0.257939
238.900000000 17.1652 58.1374 0 0 0 0.952062 -0.305905
239.000000000 17.1776 58.1217 0 0 0 0.935583 -0.353106
239.100000000 17.1916 58.1074 0 0 0 0.916766 -0.399424
239.200000000 17.2069 58.0946 0 0 0 0.895658 -0.444744
239.300000000 17.2234 58.0833 0 0 0 0.87231 -0.488953
239.400000000 17.2409 58.0737 0 0 0 -0.846783 0.531939
239.500000000 17.2594 58.0659 0 0 0 -0.819139 0.573596
239.600000000 17.2785 58.0601 0 0 0 -0.789447 0.613819
239.700000000 17.2981 58.0561 0 0 0 -0.757782 0.652507
239.800000000 17.3179 58.0541 0 0 0 -0.724224 0.689565
239.900000000 17.3379 58.0541 0 0 0 -0.688855 0.7249
240.000000000 17.3578 58.0562 0 0 0 -0.651764 0.758422
240.100000000 17.3774 58.0602 0 0 0 -0.613044 0.790049
240.200000000 17.398 58.0407 0 0 0 -0.5828 0.812616
240.300000000 17.4223 58.0049 0 0 0 -0.559025 0.829151
240.400000000 17.4515 57.9561 0 0 0 -0.540783 0.841162
240.500000000 17.4829 57.9079 0 0 0 -0.522624 0.852563
240.600000000 17.5166 57.8602 0 0 0 -0.504572 0.86337
240.700000000 17.5523 57.8141 0 0 0 -0.486296 0.873794
240.800000000 17.5899 57.7694 0 0 0 -0.467804 0.883832
240.900000000 17.6293 57.7264 0 0 0 -0.449106 0.893478
241.000000000 17.6705 57.6851 0 0 0 -0.430209 0.902729
241.100000000 17.7134 57.6455 0 0 0 -0.411121 0.911581
241.200000000 17.7579 57.6078 0 0 0 -0.391852 0.920028
241.300000000 17.8134 57.5572 0 0 0 -0.380541 0.924764
241.400000000 17.8682 57.506 0 0 0 -0.375349 0.926883
241.500000000 17.9235 57.4553 0 0 0 -0.370737 0.928738
241.600000000 17.9792 57.4051 0 0 0 -0.366115 0.930569
241.700000000 18.0355 57.3554 0 0 0 -0.361485 0.932378
241.800000000 18.0922 57.3063 0 0 0 -0.356845 0.934163
241.900000000 18.1494 57.2578 0 0 0 -0.352197 0.935926
242.000000000 18.2071 57.2099 0 0 0 -0.34754 0.937665
242.100000000 18.2653 57.1625 0 0 0 -0.342874 0.939381
242.200000000 18.3239 57.1157 0 0 0 -0.3382 0.941074
242.300000000 18.383 57.0695 0 0 0 -0.333518 0.942744
242.400000000 18.4426 57.0239 0 0 0 -0.328827 0.94439
242.500000000 18.5026 56.9789 0 0 0 -0.324128 0.946013
242.600000000 18.563 56.9345 0 0 0 -0.319421 0.947613
242.700000000 18.6142 56.8943 0 0 0 -0.321844 0.946793
242.800000000 18.6623 56.8558 0 0 0 -0.324602 0.945851
242.900000000 18.709 56.8181 0 0 0 -0.327283 0.944926
243.000000000 18.7541 56.7811 0 0 0 -0.329887 0.94402
243.100000000 18.7978 56.745 0 0 0 -0.332415 0.943133
243.200000000 18.8387 56.7108 0 0 0 -0.334791 0.942292
243.300000000 18.8781 56.6773 0 0 0 -0.337477 0.941334
243.400000000 18.916 56.6447 0 0 0 -0.340074 0.940399
243.500000000 18.9525 56.6129 0 0 0 -0.342582 0.939488
243.600000000 18.9875 56.5821 0 0 0 -0.345001 0.938602
243.700000000 19.0211 56.5522 0 0 0 -0.347331 0.937743
243.800000000 19.0534 56.5233 0 0 0 -0.349573 0.936909
243.900000000 19.0843 56.4953 0 0 0 -0.351727 0.936103
244.000000000 19.1138 56.4683 0 0 0 -0.353793 0.935324
244.100000000 19.142 56.4423 0 0 0 -0.355772 0.934573
244.200000000 19.17 56.4161 0 0 0 -0.357748 0.933818
244.300000000 19.197 56.3913 0 0 0 -0.358825 0.933405
244.400000000 19.2227 56.3675 0 0 0 -0.359853 0.933009
244.500000000 19.2483 56.3437 0 0 0 -0.36088 0.932612
244.600000000 19.2727 56.321 0 0 0 -0.361857 0.932233
244.700000000 19.2958 56.2993 0 0 0 -0.362786 0.931873
244.800000000 19.3177 56.2787 0 0 0 -0.363665 0.93153
244.900000000 19.3395 56.2581 0 0 0 -0.364544 0.931186
245.000000000 19.36 56.2386 0 0 0 -0.365374 0.930861
245.100000000 19.3806 56.2191 0 0 0 -0.366203 0.930535
245.200000000 19.3998 56.2007 0 0 0 -0.366984 0.930227
245.300000000 19.4204 56.1811 0 0 0 -0.367605 0.929982
245.400000000 19.4385 56.1639 0 0 0 -0.367971 0.929837
245.500000000 19.4554 56.1479 0 0 0 -0.368311 0.929702
245.600000000 19.4723 56.1318 0 0 0 -0.368652 0.929567
245.700000000 19.488 56.1168 0 0 0 -0.368969 0.929442
245.800000000 19.5037 56.1019 0 0 0 -0.369285 0.929316
245.900000000 19.5205 56.0857 0 0 0 -0.369626 0.929181
246.000000000 19.535 56.0719 0 0 0 -0.369918 0.929064
246.100000000 19.5506 56.0569 0 0 0 -0.370234 0.928938
246.200000000 19.5675 56.0408 0 0 0 -0.370575 0.928803
246.300000000 19.5855 56.0234 0 0 0 -0.370939 0.928657
246.400000000 19.6011 56.0084 0 0 0 -0.371256 0.928531
246.500000000 19.6179 55.9922 0 0 0 -0.371596 0.928395
246.600000000 19.6323 55.9783 0 0 0 -0.371888 0.928278
246.700000000 19.6479 55.9633 0 0 0 -0.372204 0.928151
246.800000000 19.6646 55.947 0 0 0 -0.372544 0.928015
246.900000000 19.6826 55.9296 0 0 0 -0.372909 0.927868
247.000000000 19.6981 55.9146 0 0 0 -0.373224 0.927741
247.100000000 19.7149 55.8983 0 0 0 -0.373565 0.927604
247.200000000 19.7292 55.8844 0 0 0 -0.37371 0.927545
247.300000000 19.7448 55.8693 0 0 0 -0.373868 0.927482
247.400000000 19.7616 55.8531 0 0 0 -0.374038 0.927413
247.500000000 19.7795 55.8357 0 0 0 -0.37422 0.92734
247.600000000 19.7951 55.8206 0 0 0 -0.374378 0.927276
247.700000000 19.8118 55.8043 0 0 0 -0.374548 0.927208
247.800000000 19.8262 55.7904 0 0 0 -0.374694 0.927149
247.900000000 19.8417 55.7753 0 0 0 -0.374851 0.927085
248.000000000 19.8584 55.759 0 0 0 -0.375021 0.927016
248.100000000 19.8727 55.7451 0 0 0 -0.375167 0.926957
248.200000000 19.8883 55.73 0 0 0 -0.375325 0.926893
248.300000000 19.905 55.7137 0 0 0 -0.375495 0.926825
248.400000000 19.9193 55.6997 0 0 0 -0.37564 0.926766
248.500000000 19.9348 55.6846 0 0 0 -0.375798 0.926702
248.600000000 19.9515 55.6683 0 0 0 -0.375968 0.926633
248.700000000 19.9658 55.6543 0 0 0 -0.376113 0.926574
248.800000000 19.9813 55.6391 0 0 0 -0.376271 0.92651
248.900000000 19.998 55.6228 0 0 0 -0.376441 0.926441
249.000000000 20.0122 55.6088 0 0 0 -0.376586 0.926382
249.100000000 20.0277 55.5937 0 0 0 -0.376744 0.926317
249.200000000 20.0444 55.5773 0 0 0 -0.376914 0.926248
249.300000000 20.0622 55.5598 0 0 0 -0.377096 0.926174
249.400000000 20.0777 55.5446 0 0 0 -0.377253 0.92611
249.500000000 20.0943 55.5283 0 0 0 -0.377423 0.926041
249.600000000 20.1086 55.5142 0 0 0 -0.377568 0.925982
249.700000000 20.124 55.499 0 0 0 -0.377726 0.925917
249.800000000 20.1406 55.4827 0 0 0 -0.377896 0.925848
249.900000000 20.1584 55.4651 0 0 0 -0.378077 0.925774
250.000000000 20.1739 55.4499 0 0 0 -0.378235 0.92571
250.100000000 20.1905 55.4335 0 0 0 -0.378405 0.92564
250.200000000 20.2047 55.4195 0 0 0 -0.37855 0.925581
250.300000000 20.2201 55.4042 0 0 0 -0.378708 0.925516
250.400000000 20.2367 55.3878 0 0 0 -0.378877 0.925447
250.500000000 20.2545 55.3702 0 0 0 -0.379059 0.925373
250.600000000 20.2699 55.355 0 0 0 -0.379216 0.925308
250.700000000 20.2864 55.3385 0 0 0 -0.379386 0.925239
250.800000000 20.3006 55.3245 0 0 0 -0.379531 0.925179
250.900000000 20.316 55.3092 0 0 0 -0.379689 0.925114
251.000000000 20.3326 55.2928 0 0 0 -0.379858 0.925045
251.100000000 20.3503 55.2751 0 0 0 -0.38004 0.92497
251.200000000 20.3657 55.2599 0 0 0 -0.38004 0.92497
251.300000000 20.3823 55.2435 0 0 0 -0.38004 0.92497
251.400000000 20.3965 55.2294 0 0 0 -0.38004 0.92497
251.500000000 20.4119 55.2142 0 0 0 -0.38004 0.92497
251.600000000 20.4285 55.1978 0 0 0 -0.38004 0.92497
251.700000000 20.4463 55.1802 0 0 0 -0.38004 0.92497
251.800000000 20.4617 55.165 0 0 0 -0.38004 0.92497
251.900000000 20.4783 55.1486 0 0 0 -0.38004 0.92497
252.000000000 20.4925 55.1345 0 0 0 -0.38004 0.92497
252.100000000 20.5115 55.1158 0 0 0 -0.38004 0.92497
252.200000000 20.5281 55.0994 0 0 0 -0.38004 0.92497
252.300000000 20.5423 55.0853 0 0 0 -0.38004 0.92497
252.400000000 20.5577 55.0701 0 0 0 -0.38004 0.92497
252.500000000 20.5743 55.0537 0 0 0 -0.38004 0.92497
252.600000000 20.5921 55.0361 0 0 0 -0.38004 0.92497
252.700000000 20.6075 55.0209 0 0 0 -0.38004 0.92497
252.800000000 20.6241 55.0045 0 0 0 -0.38004 0.92497
252.900000000 20.6383 54.9904 0 0 0 -0.38004 0.92497
253.000000000 20.6537 54.9752 0 0 0 -0.38004 0.92497
253.100000000 20.6703 54.9588 0 0 0 -0.38004 0.92497
253.200000000 20.6916 54.9377 0 0 0 -0.38004 0.92497
253.300000000 20.713 54.9166 0 0 0 -0.38004 0.92497
253.400000000 20.7331 54.8967 0 0 0 -0.38004 0.92497
253.500000000 20.7521 54.8779 0 0 0 -0.38004 0.92497
253.600000000 20.771 54.8592 0 0 0 -0.38004 0.92497
253.700000000 20.7853 54.8451 0 0 0 -0.38004 0.92497
253.800000000 20.8031 54.8275 0 0 0 -0.38004 0.92497
253.900000000 20.8196 54.8111 0 0 0 -0.38004 0.92497
254.000000000 20.8362 54.7947 0 0 0 -0.38004 0.92497
254.100000000 20.8516 54.7795 0 0 0 -0.38004 0.92497
254.200000000 20.8671 54.7642 0 0 0 -0.38004 0.92497
254.300000000 20.8813 54.7502 0 0 0 -0.38004 0.92497
254.400000000 20.8955 54.7361 0 0 0 -0.38004 0.92497
254.500000000 20.9109 54.7209 0 0 0 -0.38004 0.92497
254.600000000 20.9263 54.7057 0 0 0 -0.38004 0.92497
254.700000000 20.9417 54.6904 0 0 0 -0.38004 0.92497
254.800000000 20.9569 54.675 0 0 0 -0.380828 0.924646
254.900000000 20.9732 54.6583 0 0 0 -0.381677 0.924296
255.000000000 20.9883 54.6427 0 0 0 -0.382465 0.92397
255.100000000 21.0034 54.6272 0 0 0 -0.383253 0.923643
255.200000000 21.0173 54.6128 0 0 0 -0.38398 0.923342
255.300000000 21.0311 54.5983 0 0 0 -0.384999 0.922917
255.400000000 21.0459 54.5825 0 0 0 -0.386261 0.922389
255.500000000 21.0596 54.5679 0 0 0 -0.387426 0.921901
255.600000000 21.0732 54.5533 0 0 0 -0.388591 0.92141
255.700000000 21.0868 54.5386 0 0 0 -0.389754 0.920919
255.800000000 21.1004 54.5239 0 0 0 -0.390918 0.920426
255.900000000 21.1139 54.5091 0 0 0 -0.39208 0.919931
256.000000000 21.1274 54.4944 0 0 0 -0.393242 0.919435
256.100000000 21.1397 54.4808 0 0 0 -0.394306 0.918979
256.200000000 21.1532 54.466 0 0 0 -0.395467 0.91848
256.300000000 21.1674 54.4496 0 0 0 -0.397364 0.917661
256.400000000 21.1817 54.4333 0 0 0 -0.39926 0.916838
256.500000000 21.1947 54.4181 0 0 0 -0.401008 0.916075
256.600000000 21.2077 54.4029 0 0 0 -0.402755 0.915308
256.700000000 21.2196 54.3889 0 0 0 -0.404355 0.914602
256.800000000 21.2346 54.3711 0 0 0 -0.406389 0.9137
256.900000000 21.2496 54.3531 0 0 0 -0.408422 0.912793
257.000000000 21.2634 54.3364 0 0 0 -0.410307 0.911947
257.100000000 21.2793 54.3171 0 0 0 -0.41248 0.910966
257.200000000 21.2919 54.3016 0 0 0 -0.414217 0.910178
257.300000000 21.3065 54.2833 0 0 0 -0.416415 0.909175
257.400000000 21.32 54.2663 0 0 0 -0.418454 0.908238
257.500000000 21.3334 54.2493 0 0 0 -0.42049 0.907297
257.600000000 21.3457 54.2335 0 0 0 -0.422368 0.906424
257.700000000 21.361 54.2137 0 0 0 -0.424713 0.905328
257.800000000 21.3761 54.1938 0 0 0 -0.427056 0.904225
257.900000000 21.3902 54.1752 0 0 0 -0.429239 0.903191
258.000000000 21.4042 54.1565 0 0 0 -0.43142 0.902151
258.100000000 21.4486 54.096 0 0 0 -0.439143 0.898417
258.200000000 21.4919 54.0347 0 0 0 -0.446833 0.894617
258.300000000 21.5335 53.9722 0 0 0 -0.456416 0.889767
258.400000000 21.5736 53.9087 0 0 0 -0.466402 0.884573
258.500000000 21.6122 53.8443 0 0 0 -0.476329 0.879267
258.600000000 21.6494 53.7791 0 0 0 -0.486196 0.87385
258.700000000 21.6851 53.713 0 0 0 -0.496001 0.868322
258.800000000 21.7193 53.6462 0 0 0 -0.505743 0.862684
258.900000000 21.752 53.5786 0 0 0 -0.515421 0.856937
259.000000000 21.7832 53.5103 0 0 0 -0.524933 0.851144
259.100000000 21.8122 53.4429 0 0 0 -0.53397 0.845504
259.200000000 21.8393 53.3764 0 0 0 -0.542743 0.839899
259.300000000 21.8629 53.314 0 0 0 -0.551327 0.834289
259.400000000 21.8847 53.2526 0 0 0 -0.559641 0.828735
259.500000000 21.9047 53.1925 0 0 0 -0.567688 0.823244
259.600000000 21.9231 53.1335 0 0 0 -0.575471 0.817822
259.700000000 21.9394 53.0774 0 0 0 -0.582786 0.812626
259.800000000 21.9543 53.0227 0 0 0 -0.589847 0.807515
259.900000000 21.9677 52.9693 0 0 0 -0.596657 0.802496
260.000000000 21.98 52.9173 0 0 0 -0.603221 0.797574
260.100000000 21.991 52.8667 0 0 0 -0.60954 0.792755
260.200000000 22.0008 52.8176 0 0 0 -0.615619 0.788044
260.300000000 22.0096 52.77 0 0 0 -0.621461 0.783445
260.400000000 22.0175 52.724 0 0 0 -0.627069 0.778964
260.500000000 22.0244 52.6794 0 0 0 -0.632445 0.774605
260.600000000 22.0304 52.6365 0 0 0 -0.637595 0.770372
260.700000000 22.0357 52.5951 0 0 0 -0.642519 0.76627
260.800000000 22.0406 52.5553 0 0 0 -0.646445 0.76296
260.900000000 22.045 52.5172 0 0 0 -0.650192 0.75977
261.000000000 22.0488 52.4807 0 0 0 -0.653761 0.756701
261.100000000 22.0522 52.4442 0 0 0 -0.657316 0.753615
261.200000000 22.0552 52.4092 0 0 0 -0.660695 0.750654
261.300000000 22.058 52.376 0 0 0 -0.663487 0.748188
261.400000000 22.0605 52.3427 0 0 0 -0.66627 0.745711
261.500000000 22.0626 52.3111 0 0 0 -0.668905 0.743348
261.600000000 22.0644 52.2811 0 0 0 -0.671394 0.741101
261.700000000 22.0661 52.2512 0 0 0 -0.673875 0.738846
261.800000000 22.0674 52.2228 0 0 0 -0.676211 0.736708
261.900000000 22.0685 52.1962 0 0 0 -0.678404 0.734689
262.000000000 22.0694 52.1695 0 0 0 -0.68059 0.732664
262.100000000 22.0701 52.1445 0 0 0 -0.682635 0.73076
262.200000000 22.0707 52.1195 0 0 0 -0.684674 0.72885
262.300000000 22.0716 52.0928 0 0 0 -0.686056 0.727549
262.400000000 22.0724 52.0661 0 0 0 -0.687435 0.726246
262.500000000 22.0731 52.0411 0 0 0 -0.688726 0.725022
262.600000000 22.0736 52.0178 0 0 0 -0.689929 0.723877
262.700000000 22.0741 51.9945 0 0 0 -0.69113 0.722731
262.800000000 22.0744 51.9728 0 0 0 -0.692243 0.721664
262.900000000 22.0747 51.9511 0 0 0 -0.693355 0.720596
263.000000000 22.0749 51.9294 0 0 0 -0.694465 0.719526
263.100000000 22.0751 51.9094 0 0 0 -0.695489 0.718537
263.200000000 22.0752 51.8894 0 0 0 -0.696511 0.717546
263.300000000 22.0753 51.8694 0 0 0 -0.697302 0.716777
263.400000000 22.0754 51.8494 0 0 0 -0.698093 0.716007
263.500000000 22.0755 51.8294 0 0 0 -0.698883 0.715236
263.600000000 22.0755 51.8094 0 0 0 -0.699673 0.714464
263.700000000 22.0755 51.7877 0 0 0 -0.700527 0.713626
263.800000000 22.0754 51.7677 0 0 0 -0.701314 0.712852
263.900000000 22.0753 51.7477 0 0 0 -0.702101 0.712078
264.000000000 22.0752 51.7294 0 0 0 -0.702821 0.711367
264.100000000 22.075 51.7094 0 0 0 -0.703606 0.710591
264.200000000 22.0748 51.6894 0 0 0 -0.704165 0.710037
264.300000000 22.0747 51.6694 0 0 0 -0.704723 0.709482
264.400000000 22.0745 51.6494 0 0 0 -0.705282 0.708927
264.500000000 22.0743 51.6294 0 0 0 -0.705839 0.708372
264.600000000 22.0741 51.6094 0 0 0 -0.706397 0.707816
264.700000000 22.0738 51.5894 0 0 0 -0.706953 0.70726
264.800000000 22.0735 51.5694 0 0 0 -0.70751 0.706704
264.900000000 22.073 51.5427 0 0 0 -0.708251 0.705961
265.000000000 22.0726 51.5177 0 0 0 -0.708945 0.705264
265.100000000 22.0721 51.4944 0 0 0 -0.709592 0.704612
265.200000000 22.0715 51.4711 0 0 0 -0.710239 0.703961
265.300000000 22.071 51.4444 0 0 0 -0.710829 0.703365
265.400000000 22.0704 51.4194 0 0 0 -0.711382 0.702805
265.500000000 22.0698 51.3961 0 0 0 -0.711898 0.702283
265.600000000 22.0692 51.3711 0 0 0 -0.71245 0.701723
265.700000000 22.0685 51.3478 0 0 0 -0.712965 0.7012
265.800000000 22.0678 51.3228 0 0 0 -0.713516 0.700639
265.900000000 22.0671 51.2994 0 0 0 -0.71403 0.700115
266.000000000 22.0663 51.2745 0 0 0 -0.714581 0.699553
266.100000000 22.0654 51.2495 0 0 0 -0.715131 0.698991
266.200000000 22.0645 51.2245 0 0 0 -0.71568 0.698428
266.300000000 22.0636 51.1995 0 0 0 -0.716229 0.697865
266.400000000 22.0626 51.1745 0 0 0 -0.716778 0.697302
266.500000000 22.0617 51.1512 0 0 0 -0.717289 0.696775
266.600000000 22.0607 51.1279 0 0 0 -0.717801 0.696249
266.700000000 22.0598 51.1062 0 0 0 -0.718275 0.695759
266.800000000 22.0602 51.0862 0 0 0 -0.716486 0.697601
266.900000000 22.062 51.0678 0 0 0 -0.712416 0.701758
267.000000000 22.0713 51.0179 0 0 0 -0.694651 0.719347
267.100000000 22.0831 50.9694 0 0 0 -0.676163 0.736752
267.200000000 22.0974 50.9215 0 0 0 -0.657239 0.753682
267.300000000 22.1139 50.8695 0 0 0 -0.639707 0.768619
267.400000000 22.1327 50.8183 0 0 0 -0.621836 0.783148
267.500000000 22.1538 50.7681 0 0 0 -0.603634 0.797261
267.600000000 22.1773 50.7189 0 0 0 -0.585113 0.810952
267.700000000 22.2029 50.6708 0 0 0 -0.566281 0.824212
267.800000000 22.2308 50.624 0 0 0 -0.547149 0.837035
267.900000000 22.2608 50.5785 0 0 0 -0.527727 0.849414
268.000000000 22.2928 50.5344 0 0 0 -0.508024 0.861343
268.100000000 22.3269 50.4918 0 0 0 -0.488053 0.872814
268.200000000 22.3629 50.4509 0 0 0 -0.467822 0.883823
268.300000000 22.4074 50.3958 0 0 0 -0.454829 0.890579
268.400000000 22.455 50.3377 0 0 0 -0.444776 0.895642
268.500000000 22.5039 50.2807 0 0 0 -0.434666 0.900592
268.600000000 22.5541 50.2248 0 0 0 -0.424502 0.905427
268.700000000 22.6055 50.1701 0 0 0 -0.414284 0.910148
268.800000000 22.6581 50.1165 0 0 0 -0.404013 0.914753
268.900000000 22.7119 50.0641 0 0 0 -0.393691 0.919243
269.000000000 22.7669 50.013 0 0 0 -0.383319 0.923616
269.100000000 22.823 49.9631 0 0 0 -0.372899 0.927872
269.200000000 22.8702 49.9184 0 0 0 -0.371951 0.928252
269.300000000 22.916 49.8747 0 0 0 -0.371951 0.928252
269.400000000 22.9606 49.8321 0 0 0 -0.371951 0.928252
269.500000000 23.0052 49.7895 0 0 0 -0.371951 0.928252
269.600000000 23.0462 49.7504 0 0 0 -0.371951 0.928252
269.700000000 23.086 49.7124 0 0 0 -0.371951 0.928252
269.800000000 23.1245 49.6756 0 0 0 -0.371951 0.928252
269.900000000 23.1619 49.6399 0 0 0 -0.371951 0.928252
270.000000000 23.1981 49.6054 0 0 0 -0.371951 0.928252
270.100000000 23.2342 49.5709 0 0 0 -0.371951 0.928252
270.200000000 23.2692 49.5375 0 0 0 -0.371951 0.928252
270.300000000 23.3028 49.5051 0 0 0 -0.372291 0.928116
270.400000000 23.3353 49.4739 0 0 0 -0.372619 0.927984
270.500000000 23.3677 49.4427 0 0 0 -0.372947 0.927853
270.600000000 23.3989 49.4126 0 0 0 -0.373263 0.927726
270.700000000 23.4288 49.3837 0 0 0 -0.373566 0.927603
270.800000000 23.4552 49.3582 0 0 0 -0.373834 0.927496
270.900000000 23.4827 49.3315 0 0 0 -0.374113 0.927383
271.000000000 23.509 49.306 0 0 0 -0.37438 0.927275
271.100000000 23.5342 49.2816 0 0 0 -0.374635 0.927172
271.200000000 23.5593 49.2572 0 0 0 -0.37489 0.927069
271.300000000 23.5831 49.234 0 0 0 -0.375132 0.926971
271.400000000 23.6058 49.2119 0 0 0 -0.375363 0.926878
271.500000000 23.6285 49.1898 0 0 0 -0.375593 0.926785
271.600000000 23.65 49.1688 0 0 0 -0.375812 0.926696
271.700000000 23.6702 49.149 0 0 0 -0.376018 0.926612
271.800000000 23.6905 49.1292 0 0 0 -0.376224 0.926529
271.900000000 23.7096 49.1106 0 0 0 -0.376418 0.92645
272.000000000 23.7286 49.0919 0 0 0 -0.376612 0.926371
272.100000000 23.7465 49.0744 0 0 0 -0.376794 0.926297
272.200000000 23.7631 49.0581 0 0 0 -0.376964 0.926228
272.300000000 23.7798 49.0417 0 0 0 -0.377134 0.926159
272.400000000 23.7952 49.0265 0 0 0 -0.377291 0.926095
272.500000000 23.8107 49.0113 0 0 0 -0.377449 0.92603
272.600000000 23.8261 48.9961 0 0 0 -0.377607 0.925966
272.700000000 23.8404 48.9821 0 0 0 -0.377752 0.925907
272.800000000 23.8537 48.9672 0 0 0 -0.38092 0.924608
272.900000000 23.8881 48.921 0 0 0 -0.400656 0.916228
273.000000000 23.9072 48.8829 0 0 0 -0.427383 0.904071
273.100000000 23.91 48.8555 0 0 0 -0.461631 0.887072
273.200000000 23.8954 48.8427 0 0 0 -0.504074 0.86366
273.300000000 23.8867 48.8229 0 0 0 -0.540872 0.841105
273.400000000 23.8771 48.803 0 0 0 -0.576177 0.817325
273.500000000 23.8658 48.784 0 0 0 -0.610438 0.792064
273.600000000 23.853 48.766 0 0 0 -0.643593 0.765368
273.700000000 23.8386 48.7492 0 0 0 -0.675582 0.737285
273.800000000 23.8229 48.7336 0 0 0 -0.706347 0.707866
273.900000000 23.806 48.7194 0 0 0 -0.735832 0.677164
274.000000000 23.7878 48.7067 0 0 0 -0.763984 0.645235
274.100000000 23.7687 48.6957 0 0 0 -0.790751 0.612138
274.200000000 23.7487 48.6862 0 0 0 -0.816086 0.577931
274.300000000 23.725 48.6583 0 0 0 -0.83454 0.550948
274.400000000 23.6961 48.6157 0 0 0 -0.847843 0.530247
274.500000000 23.6635 48.5683 0 0 0 -0.859017 0.511947
274.600000000 23.6286 48.5215 0 0 0 0.869597 -0.493761
274.700000000 23.5918 48.4762 0 0 0 0.879793 -0.475357
274.800000000 23.5531 48.4325 0 0 0 0.889599 -0.456742
274.900000000 23.5126 48.3905 0 0 0 0.899012 -0.437925
275.000000000 23.4704 48.3502 0 0 0 0.908026 -0.418913
275.100000000 23.4265 48.3118 0 0 0 0.916639 -0.399717
275.200000000 23.3811 48.2752 0 0 0 0.924845 -0.380343
275.300000000 23.3244 48.2259 0 0 0 0.929439 -0.368975
275.400000000 23.269 48.1754 0 0 0 0.930527 -0.366223
275.500000000 23.2135 48.1249 0 0 0 0.93135 -0.364126
275.600000000 23.1578 48.0747 0 0 0 0.932167 -0.362028
275.700000000 23.1018 48.0247 0 0 0 0.93298 -0.359928
275.800000000 23.0456 47.975 0 0 0 0.933788 -0.357826
275.900000000 22.9892 47.9256 0 0 0 0.934591 -0.355723
276.000000000 22.9326 47.8764 0 0 0 0.93539 -0.353618
276.100000000 22.8758 47.8275 0 0 0 0.936184 -0.35151
276.200000000 22.8187 47.7788 0 0 0 0.936973 -0.349401
276.300000000 22.7626 47.729 0 0 0 0.936184 -0.35151
276.400000000 22.7068 47.6789 0 0 0 0.93539 -0.353618
276.500000000 22.6511 47.6287 0 0 0 0.934591 -0.355723
276.600000000 22.5957 47.5781 0 0 0 0.933788 -0.357826
276.700000000 22.5405 47.5273 0 0 0 0.93298 -0.359928
276.800000000 22.4856 47.4763 0 0 0 0.932167 -0.362028
276.900000000 22.4308 47.425 0 0 0 0.93135 -0.364126
277.000000000 22.3763 47.3735 0 0 0 0.930527 -0.366223
277.100000000 22.3221 47.3217 0 0 0 0.9297 -0.368317
277.200000000 22.268 47.2697 0 0 0 0.928869 -0.370409
277.300000000 22.214 47.2176 0 0 0 0.928303 -0.371824
277.400000000 22.1602 47.1654 0 0 0 0.927736 -0.373238
277.500000000 22.1065 47.113 0 0 0 0.927166 -0.374651
277.600000000 22.053 47.0605 0 0 0 0.926594 -0.376063
277.700000000 21.9996 47.0078 0 0 0 0.92602 -0.377474
277.800000000 21.9464 46.9549 0 0 0 0.925444 -0.378884
277.900000000 21.8934 46.9019 0 0 0 0.924866 -0.380294
278.000000000 21.8405 46.8487 0 0 0 0.924285 -0.381702
278.100000000 21.7878 46.7954 0 0 0 0.923703 -0.38311
278.200000000 21.7352 46.7418 0 0 0 0.923118 -0.384517
278.300000000 21.6828 46.6882 0 0 0 0.922531 -0.385922
278.400000000 21.6306 46.6343 0 0 0 0.921942 -0.387327
278.500000000 21.5786 46.5804 0 0 0 0.921351 -0.388732
278.600000000 21.5262 46.5266 0 0 0 0.921351 -0.388732
278.700000000 21.4739 46.4729 0 0 0 0.921351 -0.388732
278.800000000 21.4216 46.4192 0 0 0 0.921351 -0.388732
278.900000000 21.3692 46.3655 0 0 0 0.921351 -0.388732
279.000000000 21.3169 46.3117 0 0 0 0.921351 -0.388732
279.100000000 21.2646 46.258 0 0 0 0.921351 -0.388732
279.200000000 21.2122 46.2043 0 0 0 0.921351 -0.388732
279.300000000 21.1597 46.1508 0 0 0 0.921651 -0.388019
279.400000000 21.107 46.0974 0 0 0 0.921951 -0.387306
279.500000000 21.0543 46.044 0 0 0 0.92225 -0.386593
279.600000000 21.0015 45.9907 0 0 0 0.922549 -0.38588
279.700000000 20.9486 45.9376 0 0 0 0.922847 -0.385166
279.800000000 20.8957 45.8845 0 0 0 0.923145 -0.384452
279.900000000 20.8426 45.8314 0 0 0 0.923442 -0.383738
280.000000000 20.7895 45.7785 0 0 0 0.923738 -0.383024
280.100000000 20.7363 45.7257 0 0 0 0.924034 -0.38231
280.200000000 20.6832 45.6727 0 0 0 0.924034 -0.38231
280.300000000 20.6301 45.6197 0 0 0 0.924034 -0.38231
280.400000000 20.577 45.5667 0 0 0 0.924034 -0.38231
280.500000000 20.524 45.5137 0 0 0 0.924034 -0.38231
280.600000000 20.4709 45.4607 0 0 0 0.924034 -0.38231
280.700000000 20.4178 45.4077 0 0 0 0.924034 -0.38231
280.800000000 20.3647 45.3547 0 0 0 0.924034 -0.38231
280.900000000 20.3117 45.3017 0 0 0 0.924034 -0.38231
281.000000000 20.2586 45.2487 0 0 0 0.924034 -0.38231
281.100000000 20.2055 45.1958 0 0 0 0.924034 -0.38231
281.200000000 20.1524 45.1428 0 0 0 0.924034 -0.38231
281.300000000 20.0994 45.0898 0 0 0 0.924034 -0.38231
281.400000000 20.0463 45.0368 0 0 0 0.924034 -0.38231
281.500000000 19.9932 44.9838 0 0 0 0.924034 -0.38231
281.600000000 19.9401 44.9308 0 0 0 0.924034 -0.38231
281.700000000 19.8871 44.8778 0 0 0 0.924034 -0.38231
281.800000000 19.834 44.8248 0 0 0 0.924034 -0.38231
281.900000000 19.7809 44.7718 0 0 0 0.924034 -0.38231
282.000000000 19.7278 44.7188 0 0 0 0.924034 -0.38231
282.100000000 19.6748 44.6659 0 0 0 0.924034 -0.38231
282.200000000 19.6217 44.6129 0 0 0 0.924034 -0.38231
282.300000000 19.5709 44.5576 0 0 0 0.920942 -0.389699
282.400000000 19.5213 44.5013 0 0 0 0.917344 -0.398095
282.500000000 19.4728 44.444 0 0 0 0.91367 -0.406458
282.600000000 19.4253 44.3859 0 0 0 0.909919 -0.414787
282.700000000 19.3789 44.3269 0 0 0 0.906092 -0.423081
282.800000000 19.3335 44.2671 0 0 0 0.90219 -0.43134
282.900000000 19.2893 44.2064 0 0 0 0.898212 -0.439563
283.000000000 19.2462 44.145 0 0 0 0.894159 -0.447749
283.100000000 19.2042 44.0828 0 0 0 0.890032 -0.455898
283.200000000 19.1656 44.0201 0 0 0 0.88392 -0.467638
283.300000000 19.1293 43.9571 0 0 0 0.877425 -0.479714
283.400000000 19.0948 43.8931 0 0 0 0.870765 -0.4917
283.500000000 19.0621 43.8282 0 0 0 -0.863941 0.503593
283.600000000 19.0311 43.7624 0 0 0 -0.856955 0.515392
283.700000000 19.002 43.6958 0 0 0 -0.849807 0.527094
283.800000000 18.9747 43.6284 0 0 0 -0.8425 0.538696
283.900000000 18.9492 43.5603 0 0 0 -0.835034 0.550198
284.000000000 18.9257 43.4915 0 0 0 -0.827412 0.561596
284.100000000 18.904 43.4221 0 0 0 -0.819634 0.572888
284.200000000 18.8842 43.3521 0 0 0 -0.811701 0.584073
284.300000000 18.8664 43.2816 0 0 0 -0.803616 0.595148
284.400000000 18.8505 43.2107 0 0 0 -0.79538 0.606111
284.500000000 18.8371 43.1418 0 0 0 -0.787295 0.616577
284.600000000 18.8244 43.0695 0 0 0 -0.779493 0.626411
284.700000000 18.814 43.0002 0 0 0 -0.771931 0.635707
284.800000000 18.8055 42.9323 0 0 0 -0.764442 0.644693
284.900000000 18.7989 42.8675 0 0 0 -0.757221 0.653159
285.000000000 18.7939 42.8042 0 0 0 -0.750095 0.66133
285.100000000 18.7905 42.7442 0 0 0 -0.743263 0.669
285.200000000 18.7883 42.6859 0 0 0 -0.736545 0.676388
285.300000000 18.7858 42.6275 0 0 0 -0.732446 0.680825
285.400000000 18.784 42.5709 0 0 0 -0.728439 0.685111
285.500000000 18.7829 42.5158 0 0 0 -0.724525 0.689248
285.600000000 18.7825 42.4625 0 0 0 -0.720708 0.693239
285.700000000 18.7826 42.4108 0 0 0 -0.716989 0.697084
285.800000000 18.7833 42.3608 0 0 0 -0.71337 0.700787
285.900000000 18.7844 42.3124 0 0 0 -0.709854 0.704349
286.000000000 18.786 42.2657 0 0 0 -0.706443 0.70777
286.100000000 18.7879 42.2207 0 0 0 -0.703137 0.711054
286.200000000 18.7893 42.1708 0 0 0 -0.701737 0.712436
286.300000000 18.7906 42.1224 0 0 0 -0.700653 0.713503
286.400000000 18.792 42.0758 0 0 0 -0.699604 0.71453
286.500000000 18.7935 42.0308 0 0 0 -0.698592 0.71552
286.600000000 18.7951 41.9875 0 0 0 -0.697616 0.716472
286.700000000 18.7968 41.9442 0 0 0 -0.696639 0.717422
286.800000000 18.7986 41.9026 0 0 0 -0.695698 0.718334
286.900000000 18.8004 41.8626 0 0 0 -0.694794 0.719209
287.000000000 18.8022 41.8243 0 0 0 -0.693926 0.720046
287.100000000 18.804 41.7877 0 0 0 -0.693095 0.720846
287.200000000 18.8058 41.7527 0 0 0 -0.692301 0.721609
287.300000000 18.8075 41.7178 0 0 0 -0.691904 0.72199
287.400000000 18.8091 41.6845 0 0 0 -0.691526 0.722352
287.500000000 18.8107 41.6529 0 0 0 -0.691166 0.722696
287.600000000 18.8122 41.6229 0 0 0 -0.690825 0.723022
287.700000000 18.8138 41.5929 0 0 0 -0.690484 0.723347
287.800000000 18.8152 41.5646 0 0 0 -0.690162 0.723655
287.900000000 18.8168 41.5363 0 0 0 -0.68984 0.723962
288.000000000 18.8182 41.5097 0 0 0 -0.689537 0.724251
288.100000000 18.8196 41.4848 0 0 0 -0.689252 0.724522
288.200000000 18.821 41.4598 0 0 0 -0.688967 0.724792
288.300000000 18.8223 41.4365 0 0 0 -0.688835 0.724919
288.400000000 18.8235 41.4132 0 0 0 -0.688702 0.725045
288.500000000 18.8247 41.3916 0 0 0 -0.688578 0.725162
288.600000000 18.8259 41.3699 0 0 0 -0.688455 0.725279
288.700000000 18.8271 41.3483 0 0 0 -0.688331 0.725396
288.800000000 18.8283 41.3267 0 0 0 -0.688208 0.725513
288.900000000 18.8295 41.305 0 0 0 -0.688084 0.725631
289.000000000 18.8307 41.2834 0 0 0 -0.687961 0.725748
289.100000000 18.832 41.2618 0 0 0 -0.687837 0.725865
289.200000000 18.8331 41.2418 0 0 0 -0.687723 0.725973
289.300000000 18.8343 41.2202 0 0 0 -0.6876 0.72609
289.400000000 18.8355 41.2002 0 0 0 -0.687486 0.726198
289.500000000 18.8367 41.1786 0 0 0 -0.687362 0.726315
289.600000000 18.8379 41.1586 0 0 0 -0.687248 0.726423
289.700000000 18.8392 41.137 0 0 0 -0.687124 0.72654
289.800000000 18.8404 41.1153 0 0 0 -0.687001 0.726657
289.900000000 18.842 41.0887 0 0 0 -0.686849 0.726801
290.000000000 18.8436 41.0621 0 0 0 -0.686696 0.726944
290.100000000 18.8451 41.0371 0 0 0 -0.686554 0.727079
290.200000000 18.8466 41.0122 0 0 0 -0.686411 0.727214
290.300000000 18.848 40.9889 0 0 0 -0.686277 0.72734
290.400000000 18.8495 40.9656 0 0 0 -0.686144 0.727466
290.500000000 18.8508 40.944 0 0 0 -0.68602 0.727582
290.600000000 18.8521 40.9224 0 0 0 -0.685897 0.727699
290.700000000 18.8534 40.9024 0 0 0 -0.685782 0.727807
290.800000000 18.8546 40.8824 0 0 0 -0.685668 0.727915
290.900000000 18.8559 40.8625 0 0 0 -0.685553 0.728022
291.000000000 18.8572 40.8425 0 0 0 -0.685439 0.72813
291.100000000 18.8583 40.8242 0 0 0 -0.685334 0.728229
291.200000000 18.8596 40.8043 0 0 0 -0.68522 0.728336
291.300000000 18.861 40.7826 0 0 0 -0.685096 0.728453
291.400000000 18.8623 40.7627 0 0 0 -0.684981 0.728561
291.500000000 18.8636 40.7427 0 0 0 -0.684867 0.728668
291.600000000 18.8648 40.7244 0 0 0 -0.684762 0.728767
291.700000000 18.866 40.7061 0 0 0 -0.684657 0.728865
291.800000000 18.8673 40.6862 0 0 0 -0.684543 0.728973
291.900000000 18.8685 40.6679 0 0 0 -0.684438 0.729071
292.000000000 18.8698 40.6479 0 0 0 -0.684323 0.729179
292.100000000 18.871 40.6296 0 0 0 -0.684218 0.729277
292.200000000 18.8728 40.603 0 0 0 -0.684065 0.729421
292.300000000 18.8746 40.5764 0 0 0 -0.683912 0.729564
292.400000000 18.8764 40.5498 0 0 0 -0.68376 0.729707
292.500000000 18.8782 40.5232 0 0 0 -0.683607 0.72985
292.600000000 18.88 40.4966 0 0 0 -0.683454 0.729994
292.700000000 18.8819 40.47 0 0 0 -0.683301 0.730137
292.800000000 18.8837 40.4434 0 0 0 -0.683148 0.73028
292.900000000 18.8856 40.4168 0 0 0 -0.682995 0.730423
293.000000000 18.8875 40.3902 0 0 0 -0.682842 0.730566
293.100000000 18.8892 40.3653 0 0 0 -0.682699 0.7307
293.200000000 18.891 40.3403 0 0 0 -0.682555 0.730834
293.300000000 18.892 40.2653 0 0 0 -0.689985 0.723824
293.400000000 18.8911 40.1902 0 0 0 -0.698088 0.716012
293.500000000 18.8885 40.1151 0 0 0 -0.706104 0.708109
293.600000000 18.8842 40.0402 0 0 0 -0.714029 0.700116
293.700000000 18.8783 39.9653 0 0 0 -0.721864 0.692034
293.800000000 18.8706 39.8906 0 0 0 -0.729608 0.683865
293.900000000 18.8613 39.8161 0 0 0 -0.737259 0.67561
294.000000000 18.8503 39.7419 0 0 0 -0.744817 0.667268
294.100000000 18.8376 39.6679 0 0 0 -0.752281 0.658843
294.200000000 18.8232 39.5942 0 0 0 -0.759649 0.650333
294.300000000 18.8065 39.5271 0 0 0 -0.769672 0.63844
294.400000000 18.7876 39.4616 0 0 0 -0.779787 0.626044
294.500000000 18.7667 39.3967 0 0 0 -0.789703 0.613489
294.600000000 18.7447 39.3353 0 0 0 -0.798993 0.60134
294.700000000 18.7215 39.2762 0 0 0 -0.807865 0.589368
294.800000000 18.6978 39.2208 0 0 0 -0.816104 0.577905
294.900000000 18.6733 39.1677 0 0 0 -0.823959 0.56665
295.000000000 18.6481 39.1168 0 0 0 -0.83144 0.555615
295.100000000 18.6223 39.068 0 0 0 -0.83856 0.544809
295.200000000 18.5962 39.0195 0 0 0 -0.844176 0.536066
295.300000000 18.5698 38.973 0 0 0 -0.849535 0.527533
295.400000000 18.5435 38.9284 0 0 0 -0.854644 0.519215
295.500000000 18.5171 38.8858 0 0 0 -0.85951 0.511118
295.600000000 18.4908 38.8451 0 0 0 -0.864142 0.503248
295.700000000 18.4647 38.8063 0 0 0 0.868545 -0.495609
295.800000000 18.4389 38.7693 0 0 0 0.872728 -0.488207
295.900000000 18.4135 38.7341 0 0 0 0.876695 -0.481046
296.000000000 18.3884 38.7007 0 0 0 0.880455 -0.474129
296.100000000 18.363 38.6676 0 0 0 0.883987 -0.467512
296.200000000 18.3381 38.6362 0 0 0 0.88733 -0.461135
296.300000000 18.314 38.6063 0 0 0 0.890337 -0.455302
296.400000000 18.2906 38.578 0 0 0 0.893033 -0.449991
296.500000000 18.2668 38.5499 0 0 0 0.895698 -0.444663
296.600000000 18.2437 38.5236 0 0 0 0.898482 -0.439011
296.700000000 18.2208 38.4971 0 0 0 0.900445 -0.43497
296.800000000 18.1991 38.4717 0 0 0 0.901707 -0.432349
296.900000000 18.1785 38.4477 0 0 0 0.902898 -0.429855
297.000000000 18.1576 38.4238 0 0 0 0.904082 -0.427358
297.100000000 18.1378 38.4013 0 0 0 0.905198 -0.42499
297.200000000 18.1181 38.3787 0 0 0 0.9059 -0.423491
297.300000000 18.0995 38.3573 0 0 0 0.906467 -0.422277
297.400000000 18.0809 38.3359 0 0 0 0.907031 -0.421063
297.500000000 18.0633 38.3159 0 0 0 0.907561 -0.419919
297.600000000 18.0468 38.2971 0 0 0 0.908057 -0.418847
297.700000000 18.0302 38.2784 0 0 0 0.908551 -0.417773
297.800000000 18.0146 38.261 0 0 0 0.909011 -0.416771
297.900000000 17.9991 38.2436 0 0 0 0.909471 -0.415768
298.000000000 17.9835 38.2262 0 0 0 0.909928 -0.414765
298.100000000 17.969 38.2102 0 0 0 0.910353 -0.413833
298.200000000 17.9545 38.1941 0 0 0 0.910705 -0.413057
298.300000000 17.941 38.1792 0 0 0 0.91103 -0.41234
298.400000000 17.9276 38.1644 0 0 0 0.911354 -0.411623
298.500000000 17.913 38.1484 0 0 0 0.911705 -0.410846
298.600000000 17.8995 38.1336 0 0 0 0.912028 -0.410128
298.700000000 17.886 38.1188 0 0 0 0.91235 -0.40941
298.800000000 17.8714 38.1029 0 0 0 0.912699 -0.408632
298.900000000 17.8578 38.0882 0 0 0 0.913021 -0.407914
299.000000000 17.8431 38.0723 0 0 0 0.913368 -0.407135
299.100000000 17.8284 38.0564 0 0 0 0.913715 -0.406356
299.200000000 17.8136 38.0405 0 0 0 0.914061 -0.405577
299.300000000 17.7989 38.0246 0 0 0 0.914268 -0.40511
299.400000000 17.7842 38.0087 0 0 0 0.914475 -0.404643
299.500000000 17.7706 37.994 0 0 0 0.914666 -0.404212
299.600000000 17.7548 37.9769 0 0 0 0.914888 -0.403708
299.700000000 17.74 37.961 0 0 0 0.915094 -0.403241
299.800000000 17.7252 37.9452 0 0 0 0.9153 -0.402773
299.900000000 17.7093 37.9281 0 0 0 0.915521 -0.40227
300.000000000 17.6945 37.9123 0 0 0 0.915727 -0.401802
300.100000000 17.6797 37.8965 0 0 0 0.915932 -0.401334
300.200000000 17.666 37.8819 0 0 0 0.916121 -0.400902
300.300000000 17.6523 37.8674 0 0 0 0.91631 -0.40047
300.400000000 17.6374 37.8516 0 0 0 0.916514 -0.400002
300.500000000 17.6237 37.8371 0 0 0 0.916703 -0.399569
300.600000000 17.6076 37.8201 0 0 0 0.916923 -0.399065
300.700000000 17.5916 37.8032 0 0 0 0.917142 -0.39856
300.800000000 17.5766 37.7875 0 0 0 0.917346 -0.398092
300.900000000 17.5617 37.7718 0 0 0 0.917549 -0.397623
301.000000000 17.5456 37.7549 0 0 0 0.917767 -0.397118
301.100000000 17.5306 37.7393 0 0 0 0.91797 -0.396649
301.200000000 17.5145 37.7224 0 0 0 0.918116 -0.396313
301.300000000 17.4972 37.7043 0 0 0 0.918271 -0.395952
301.400000000 17.4823 37.6886 0 0 0 0.918406 -0.395639
301.500000000 17.4661 37.6718 0 0 0 0.918551 -0.395303
301.600000000 17.4488 37.6537 0 0 0 0.918706 -0.394942
301.700000000 17.4338 37.6381 0 0 0 0.918841 -0.394629
301.800000000 17.4176 37.6213 0 0 0 0.918985 -0.394292
301.900000000 17.4003 37.6033 0 0 0 0.91914 -0.393931
302.000000000 17.3853 37.5877 0 0 0 0.919274 -0.393618
302.100000000 17.369 37.5709 0 0 0 0.919418 -0.393281
302.200000000 17.3517 37.5529 0 0 0 0.919573 -0.39292
302.300000000 17.3366 37.5374 0 0 0 0.919706 -0.392607
302.400000000 17.3203 37.5206 0 0 0 0.91985 -0.392269
302.500000000 17.3064 37.5063 0 0 0 0.919974 -0.39198
302.600000000 17.2913 37.4907 0 0 0 0.920107 -0.391667
302.700000000 17.2751 37.474 0 0 0 0.920179 -0.391498
302.800000000 17.2577 37.456 0 0 0 0.920256 -0.391318
302.900000000 17.2426 37.4405 0 0 0 0.920322 -0.391161
303.000000000 17.2264 37.4237 0 0 0 0.920394 -0.390992
303.100000000 17.2089 37.4058 0 0 0 0.920471 -0.390812
303.200000000 17.1938 37.3902 0 0 0 0.920537 -0.390655
303.300000000 17.1776 37.3735 0 0 0 0.920609 -0.390486
303.400000000 17.1625 37.358 0 0 0 0.920675 -0.39033
303.500000000 17.1474 37.3424 0 0 0 0.920742 -0.390173
303.600000000 17.1311 37.3257 0 0 0 0.920813 -0.390004
303.700000000 17.116 37.3102 0 0 0 0.920879 -0.389848
303.800000000 17.1008 37.2947 0 0 0 0.920946 -0.389691
303.900000000 17.0845 37.278 0 0 0 0.921017 -0.389522
304.000000000 17.0694 37.2625 0 0 0 0.921083 -0.389365
304.100000000 17.0542 37.247 0 0 0 0.92115 -0.389209
304.200000000 17.0379 37.2303 0 0 0 0.921221 -0.38904
304.300000000 17.0228 37.2148 0 0 0 0.921287 -0.388883
304.400000000 17.0076 37.1994 0 0 0 0.921353 -0.388726
304.500000000 16.9913 37.1827 0 0 0 0.921425 -0.388557
304.600000000 16.9761 37.1672 0 0 0 0.921491 -0.3884
304.700000000 16.9609 37.1518 0 0 0 0.921557 -0.388244
304.800000000 16.9446 37.1351 0 0 0 0.921628 -0.388075
304.900000000 16.927 37.1173 0 0 0 0.921704 -0.387894
305.000000000 16.9118 37.1019 0 0 0 0.92177 -0.387737
305.100000000 16.8955 37.0852 0 0 0 0.921841 -0.387568
305.200000000 16.8803 37.0698 0 0 0 0.921907 -0.387411
305.300000000 16.8651 37.0544 0 0 0 0.921973 -0.387254
305.400000000 16.8487 37.0378 0 0 0 0.922044 -0.387085
305.500000000 16.8334 37.0223 0 0 0 0.92211 -0.386928
305.600000000 16.8182 37.0069 0 0 0 0.922176 -0.386771
305.700000000 16.8018 36.9903 0 0 0 0.922247 -0.386602
305.800000000 16.7866 36.9749 0 0 0 0.922312 -0.386445
305.900000000 16.7713 36.9595 0 0 0 0.922378 -0.386288
306.000000000 16.7549 36.943 0 0 0 0.922449 -0.386119
306.100000000 16.7397 36.9276 0 0 0 0.922515 -0.385962
306.200000000 16.7244 36.9122 0 0 0 0.92258 -0.385805
306.300000000 16.7092 36.8968 0 0 0 0.92258 -0.385805
306.400000000 16.6951 36.8825 0 0 0 0.92258 -0.385805
306.500000000 16.6799 36.8671 0 0 0 0.92258 -0.385805
306.600000000 16.6647 36.8517 0 0 0 0.92258 -0.385805
306.700000000 16.6507 36.8374 0 0 0 0.92258 -0.385805
306.800000000 16.6354 36.822 0 0 0 0.92258 -0.385805
306.900000000 16.6202 36.8066 0 0 0 0.92258 -0.385805
307.000000000 16.6062 36.7924 0 0 0 0.92258 -0.385805
307.100000000 16.591 36.7769 0 0 0 0.92258 -0.385805
307.200000000 16.5757 36.7615 0 0 0 0.92258 -0.385805
307.300000000 16.5617 36.7473 0 0 0 0.92258 -0.385805
307.400000000 16.5465 36.7318 0 0 0 0.92258 -0.385805
307.500000000 16.5313 36.7164 0 0 0 0.92258 -0.385805
307.600000000 16.5172 36.7022 0 0 0 0.92258 -0.385805
307.700000000 16.5032 36.6879 0 0 0 0.92258 -0.385805
307.800000000 16.488 36.6725 0 0 0 0.92258 -0.385805
307.900000000 16.4739 36.6583 0 0 0 0.92258 -0.385805
308.000000000 16.4599 36.6441 0 0 0 0.92258 -0.385805
308.100000000 16.4446 36.6286 0 0 0 0.92258 -0.385805
308.200000000 16.4294 36.6132 0 0 0 0.92258 -0.385805
308.300000000 16.4154 36.599 0 0 0 0.92258 -0.385805
308.400000000 16.4002 36.5835 0 0 0 0.92258 -0.385805
308.500000000 16.3849 36.5681 0 0 0 0.92258 -0.385805
308.600000000 16.3686 36.5515 0 0 0 0.92258 -0.385805
308.700000000 16.3533 36.5361 0 0 0 0.92258 -0.385805
308.800000000 16.3381 36.5207 0 0 0 0.92258 -0.385805
308.900000000 16.3217 36.504 0 0 0 0.92258 -0.385805
309.000000000 16.3065 36.4886 0 0 0 0.92258 -0.385805
309.100000000 16.2901 36.472 0 0 0 0.92258 -0.385805
309.200000000 16.2738 36.4554 0 0 0 0.92258 -0.385805
309.300000000 16.2585 36.44 0 0 0 0.92258 -0.385805
309.400000000 16.2433 36.4246 0 0 0 0.92258 -0.385805
309.500000000 16.2269 36.4079 0 0 0 0.92258 -0.385805
309.600000000 16.2117 36.3925 0 0 0 0.92258 -0.385805
309.700000000 16.1965 36.3771 0 0 0 0.92258 -0.385805
309.800000000 16.1825 36.3629 0 0 0 0.92258 -0.385805
309.900000000 16.1684 36.3486 0 0 0 0.92258 -0.385805
310.000000000 16.1532 36.3332 0 0 0 0.92258 -0.385805
310.100000000 16.1368 36.3166 0 0 0 0.92258 -0.385805
310.200000000 16.1216 36.3012 0 0 0 0.92258 -0.385805
310.300000000 16.1064 36.2857 0 0 0 0.92258 -0.385805
310.400000000 16.0923 36.2715 0 0 0 0.92258 -0.385805
310.500000000 16.0783 36.2573 0 0 0 0.92258 -0.385805
310.600000000 16.0631 36.2418 0 0 0 0.92258 -0.385805
310.700000000 16.0467 36.2252 0 0 0 0.92258 -0.385805
310.800000000 16.0315 36.2098 0 0 0 0.92258 -0.385805
310.900000000 16.0162 36.1944 0 0 0 0.92258 -0.385805
311.000000000 16.0022 36.1801 0 0 0 0.92258 -0.385805
311.100000000 15.987 36.1647 0 0 0 0.92258 -0.385805
311.200000000 15.9718 36.1493 0 0 0 0.92258 -0.385805
311.300000000 15.9565 36.1339 0 0 0 0.92258 -0.385805
311.400000000 15.9425 36.1196 0 0 0 0.92258 -0.385805
311.500000000 15.9284 36.1054 0 0 0 0.92258 -0.385805
311.600000000 15.9132 36.09 0 0 0 0.92258 -0.385805
311.700000000 15.8992 36.0757 0 0 0 0.92258 -0.385805
311.800000000 15.884 36.0603 0 0 0 0.92258 -0.385805
311.900000000 15.8688 36.0449 0 0 0 0.92258 -0.385805
312.000000000 15.8547 36.0307 0 0 0 0.92258 -0.385805
312.100000000 15.8395 36.0152 0 0 0 0.92258 -0.385805
312.200000000 15.8243 35.9998 0 0 0 0.92258 -0.385805
312.300000000 15.8079 35.9832 0 0 0 0.92258 -0.385805
312.400000000 15.7927 35.9678 0 0 0 0.92258 -0.385805
312.500000000 15.7775 35.9523 0 0 0 0.92258 -0.385805
312.600000000 15.7611 35.9357 0 0 0 0.92258 -0.385805
312.700000000 15.7458 35.9203 0 0 0 0.92258 -0.385805
312.800000000 15.7306 35.9049 0 0 0 0.92258 -0.385805
312.900000000 15.7142 35.8883 0 0 0 0.92258 -0.385805
313.000000000 15.699 35.8729 0 0 0 0.92258 -0.385805
313.100000000 15.6838 35.8574 0 0 0 0.92258 -0.385805
313.200000000 15.6698 35.8432 0 0 0 0.92258 -0.385805
313.300000000 15.6557 35.829 0 0 0 0.92258 -0.385805
313.400000000 15.6405 35.8135 0 0 0 0.92258 -0.385805
313.500000000 15.6265 35.7993 0 0 0 0.92258 -0.385805
313.600000000 15.6124 35.7851 0 0 0 0.92258 -0.385805
313.700000000 15.5972 35.7696 0 0 0 0.92258 -0.385805
313.800000000 15.582 35.7542 0 0 0 0.92258 -0.385805
313.900000000 15.5668 35.7388 0 0 0 0.92258 -0.385805
314.000000000 15.5515 35.7234 0 0 0 0.92258 -0.385805
314.100000000 15.5363 35.7079 0 0 0 0.92258 -0.385805
314.200000000 15.5199 35.6913 0 0 0 0.92258 -0.385805
314.300000000 15.5047 35.6759 0 0 0 0.92258 -0.385805
314.400000000 15.4895 35.6605 0 0 0 0.92258 -0.385805
314.500000000 15.4755 35.6462 0 0 0 0.92258 -0.385805
314.600000000 15.4602 35.6308 0 0 0 0.92258 -0.385805
314.700000000 15.445 35.6154 0 0 0 0.92258 -0.385805
314.800000000 15.431 35.6012 0 0 0 0.92258 -0.385805
314.900000000 15.4169 35.5869 0 0 0 0.92258 -0.385805
315.000000000 15.4017 35.5715 0 0 0 0.92258 -0.385805
315.100000000 15.3877 35.5573 0 0 0 0.92258 -0.385805
315.200000000 15.3725 35.5418 0 0 0 0.92258 -0.385805
315.300000000 15.3572 35.5264 0 0 0 0.92258 -0.385805
315.400000000 15.342 35.511 0 0 0 0.92258 -0.385805
315.500000000 15.328 35.4967 0 0 0 0.92258 -0.385805
315.600000000 15.3128 35.4813 0 0 0 0.92258 -0.385805
315.700000000 15.2975 35.4659 0 0 0 0.92258 -0.385805
315.800000000 15.2823 35.4505 0 0 0 0.92258 -0.385805
315.900000000 15.2671 35.4351 0 0 0 0.92258 -0.385805
316.000000000 15.2519 35.4196 0 0 0 0.92258 -0.385805
316.100000000 15.2378 35.4054 0 0 0 0.92258 -0.385805
316.200000000 15.2226 35.39 0 0 0 0.92258 -0.385805
316.300000000 15.2074 35.3745 0 0 0 0.92258 -0.385805
316.400000000 15.1934 35.3603 0 0 0 0.92258 -0.385805
316.500000000 15.1793 35.3461 0 0 0 0.92258 -0.385805
316.600000000 15.1641 35.3306 0 0 0 0.92258 -0.385805
316.700000000 15.1454 35.3117 0 0 0 0.92258 -0.385805
316.800000000 15.129 35.2951 0 0 0 0.92258 -0.385805
316.900000000 15.1114 35.2773 0 0 0 0.92258 -0.385805
317.000000000 15.0962 35.2618 0 0 0 0.92258 -0.385805
317.100000000 15.0798 35.2452 0 0 0 0.92258 -0.385805
317.200000000 15.0623 35.2274 0 0 0 0.92258 -0.385805
317.300000000 15.0471 35.212 0 0 0 0.92258 -0.385805
317.400000000 15.0307 35.1954 0 0 0 0.92258 -0.385805
317.500000000 15.0166 35.1812 0 0 0 0.92258 -0.385805
317.600000000 15.0014 35.1657 0 0 0 0.92258 -0.385805
317.700000000 14.985 35.1491 0 0 0 0.92258 -0.385805
317.800000000 14.9675 35.1313 0 0 0 0.92258 -0.385805
317.900000000 14.9522 35.1159 0 0 0 0.92258 -0.385805
318.000000000 14.9359 35.0993 0 0 0 0.92258 -0.385805
318.100000000 14.9218 35.0851 0 0 0 0.92258 -0.385805
318.200000000 14.9066 35.0696 0 0 0 0.92258 -0.385805
318.300000000 14.8902 35.053 0 0 0 0.92258 -0.385805
318.400000000 14.8726 35.0352 0 0 0 0.92258 -0.385805
318.500000000 14.8574 35.0198 0 0 0 0.92258 -0.385805
318.600000000 14.841 35.0032 0 0 0 0.92258 -0.385805
318.700000000 14.827 34.9889 0 0 0 0.92258 -0.385805
318.800000000 14.8118 34.9735 0 0 0 0.92258 -0.385805
318.900000000 14.7954 34.9569 0 0 0 0.92258 -0.385805
319.000000000 14.7778 34.9391 0 0 0 0.92258 -0.385805
319.100000000 14.7626 34.9237 0 0 0 0.92258 -0.385805
319.200000000 14.7462 34.9071 0 0 0 0.92258 -0.385805
319.300000000 14.7287 34.8893 0 0 0 0.92258 -0.385805
319.400000000 14.7135 34.8739 0 0 0 0.92258 -0.385805
319.500000000 14.6971 34.8573 0 0 0 0.92258 -0.385805
319.600000000 14.6795 34.8395 0 0 0 0.92258 -0.385805
319.700000000 14.6643 34.824 0 0 0 0.92258 -0.385805
319.800000000 14.6479 34.8074 0 0 0 0.92258 -0.385805
319.900000000 14.6339 34.7932 0 0 0 0.92258 -0.385805
320.000000000 14.6186 34.7778 0 0 0 0.92258 -0.385805
320.100000000 14.6023 34.7611 0 0 0 0.92258 -0.385805
320.200000000 14.5882 34.7469 0 0 0 0.92258 -0.385805
320.300000000 14.573 34.7315 0 0 0 0.92258 -0.385805
320.400000000 14.5578 34.7161 0 0 0 0.92258 -0.385805
320.500000000 14.5437 34.7018 0 0 0 0.92258 -0.385805
320.600000000 14.5297 34.6876 0 0 0 0.92258 -0.385805
320.700000000 14.5145 34.6722 0 0 0 0.92258 -0.385805
320.800000000 14.5004 34.6579 0 0 0 0.92258 -0.385805
320.900000000 14.4864 34.6437 0 0 0 0.92258 -0.385805
321.000000000 14.4712 34.6283 0 0 0 0.92258 -0.385805
321.100000000 14.4559 34.6128 0 0 0 0.92258 -0.385805
321.200000000 14.4419 34.5986 0 0 0 0.92258 -0.385805
321.300000000 14.4267 34.5832 0 0 0 0.92258 -0.385805
321.400000000 14.4115 34.5678 0 0 0 0.92258 -0.385805
321.500000000 14.3974 34.5535 0 0 0 0.92258 -0.385805
321.600000000 14.3834 34.5393 0 0 0 0.92258 -0.385805
321.700000000 14.3693 34.525 0 0 0 0.92258 -0.385805
321.800000000 14.3564 34.512 0 0 0 0.92258 -0.385805
321.900000000 14.3436 34.4989 0 0 0 0.92258 -0.385805
322.000000000 14.3295 34.4847 0 0 0 0.92258 -0.385805
322.100000000 14.3143 34.4693 0 0 0 0.92258 -0.385805
322.200000000 14.3003 34.455 0 0 0 0.92258 -0.385805
322.300000000 14.2862 34.4408 0 0 0 0.92258 -0.385805
322.400000000 14.2722 34.4266 0 0 0 0.92258 -0.385805
322.500000000 14.2581 34.4123 0 0 0 0.92258 -0.385805
322.600000000 14.2429 34.3969 0 0 0 0.92258 -0.385805
322.700000000 14.23 34.3839 0 0 0 0.92258 -0.385805
322.800000000 14.216 34.3696 0 0 0 0.92258 -0.385805
322.900000000 14.2008 34.3542 0 0 0 0.92258 -0.385805
323.000000000 14.1856 34.3388 0 0 0 0.92258 -0.385805
323.100000000 14.1715 34.3245 0 0 0 0.92258 -0.385805
323.200000000 14.1575 34.3103 0 0 0 0.92258 -0.385805
323.300000000 14.1422 34.2949 0 0 0 0.92258 -0.385805
323.400000000 14.1259 34.2783 0 0 0 0.92258 -0.385805
323.500000000 14.1118 34.264 0 0 0 0.92258 -0.385805
323.600000000 14.0966 34.2486 0 0 0 0.92258 -0.385805
323.700000000 14.0837 34.2355 0 0 0 0.92258 -0.385805
323.800000000 14.0697 34.2213 0 0 0 0.92258 -0.385805
323.900000000 14.0545 34.2059 0 0 0 0.92258 -0.385805
324.000000000 14.0416 34.1928 0 0 0 0.92258 -0.385805
324.100000000 14.0275 34.1786 0 0 0 0.92258 -0.385805
324.200000000 14.0135 34.1644 0 0 0 0.92258 -0.385805
324.300000000 13.9983 34.1489 0 0 0 0.92258 -0.385805
324.400000000 13.9819 34.1323 0 0 0 0.92258 -0.385805
324.500000000 13.9678 34.1181 0 0 0 0.92258 -0.385805
324.600000000 13.9526 34.1027 0 0 0 0.92258 -0.385805
324.700000000 13.9362 34.0861 0 0 0 0.92258 -0.385805
324.800000000 13.9117 34.0611 0 0 0 0.92258 -0.385805
324.900000000 13.8894 34.0386 0 0 0 0.92258 -0.385805
325.000000000 13.8578 34.0066 0 0 0 0.92258 -0.385805
325.100000000 13.8274 33.9757 0 0 0 0.92258 -0.385805
325.200000000 13.7981 33.9461 0 0 0 0.92258 -0.385805
325.300000000 13.77 33.9176 0 0 0 0.92258 -0.385805
325.400000000 13.7431 33.8903 0 0 0 0.92258 -0.385805
325.500000000 13.6904 33.8369 0 0 0 0.92258 -0.385805
325.600000000 13.6378 33.7835 0 0 0 0.92258 -0.385805
325.700000000 13.5851 33.7301 0 0 0 0.92258 -0.385805
325.800000000 13.5324 33.6767 0 0 0 0.92258 -0.385805
325.900000000 13.4797 33.6233 0 0 0 0.92258 -0.385805
326.000000000 13.4271 33.5699 0 0 0 0.92258 -0.385805
326.100000000 13.3756 33.5177 0 0 0 0.92258 -0.385805
326.200000000 13.3229 33.4644 0 0 0 0.92258 -0.385805
326.300000000 13.2702 33.411 0 0 0 0.92258 -0.385805
326.400000000 13.2175 33.3576 0 0 0 0.92258 -0.385805
326.500000000 13.1649 33.3042 0 0 0 0.92258 -0.385805
326.600000000 13.1122 33.2508 0 0 0 0.92258 -0.385805
326.700000000 13.0595 33.1974 0 0 0 0.92258 -0.385805
326.800000000 13.0068 33.144 0 0 0 0.92258 -0.385805
326.900000000 12.9542 33.0906 0 0 0 0.92258 -0.385805
327.000000000 12.9015 33.0372 0 0 0 0.92258 -0.385805
327.100000000 12.8488 32.9838 0 0 0 0.92258 -0.385805
327.200000000 12.7962 32.9304 0 0 0 0.92258 -0.385805
327.300000000 12.7435 32.8771 0 0 0 0.92258 -0.385805
327.400000000 12.6908 32.8237 0 0 0 0.92258 -0.385805
327.500000000 12.6381 32.7703 0 0 0 0.92258 -0.385805
327.600000000 12.5855 32.7169 0 0 0 0.92258 -0.385805
327.700000000 12.5328 32.6635 0 0 0 0.92258 -0.385805
327.800000000 12.4801 32.6101 0 0 0 0.92258 -0.385805
327.900000000 12.4274 32.5567 0 0 0 0.92258 -0.385805
328.000000000 12.3748 32.5033 0 0 0 0.92258 -0.385805
328.100000000 12.3221 32.4499 0 0 0 0.92258 -0.385805
328.200000000 12.2694 32.3965 0 0 0 0.92258 -0.385805
328.300000000 12.2167 32.3432 0 0 0 0.92258 -0.385805
328.400000000 12.1641 32.2898 0 0 0 0.92258 -0.385805
328.500000000 12.1114 32.2364 0 0 0 0.92258 -0.385805
328.600000000 12.0587 32.183 0 0 0 0.92258 -0.385805
328.700000000 12.0061 32.1296 0 0 0 0.92258 -0.385805
328.800000000 11.9534 32.0762 0 0 0 0.92258 -0.385805
328.900000000 11.9007 32.0228 0 0 0 0.92258 -0.385805
329.000000000 11.848 31.9694 0 0 0 0.92258 -0.385805
329.100000000 11.7954 31.916 0 0 0 0.92258 -0.385805
329.200000000 11.7427 31.8626 0 0 0 0.92258 -0.385805
329.300000000 11.69 31.8092 0 0 0 0.92258 -0.385805
329.400000000 11.6373 31.7559 0 0 0 0.92258 -0.385805
329.500000000 11.5847 31.7025 0 0 0 0.92258 -0.385805
329.600000000 11.532 31.6491 0 0 0 0.92258 -0.385805
329.700000000 11.4793 31.5957 0 0 0 0.92258 -0.385805
329.800000000 11.4267 31.5423 0 0 0 0.92258 -0.385805
329.900000000 11.374 31.4889 0 0 0 0.92258 -0.385805
330.000000000 11.3213 31.4355 0 0 0 0.92258 -0.385805
330.100000000 11.2686 31.3821 0 0 0 0.92258 -0.385805
330.200000000 11.216 31.3287 0 0 0 0.92258 -0.385805
330.300000000 11.1633 31.2753 0 0 0 0.92258 -0.385805
330.400000000 11.1106 31.222 0 0 0 0.92258 -0.385805
330.500000000 11.0579 31.1686 0 0 0 0.92258 -0.385805
330.600000000 11.0053 31.1152 0 0 0 0.92258 -0.385805
330.700000000 10.9526 31.0618 0 0 0 0.92258 -0.385805
330.800000000 10.9275 31.0328 0 0 0 0.92016 -0.391543
330.900000000 10.8935 30.9853 0 0 0 0.911718 -0.410816
331.000000000 10.8745 30.9464 0 0 0 0.899441 -0.437043
331.100000000 10.8716 30.9182 0 0 0 0.882311 -0.470667
331.200000000 10.8865 30.9057 0 0 0 -0.858467 0.512868
331.300000000 10.9045 30.8971 0 0 0 -0.831762 0.555133
331.400000000 10.9233 30.8904 0 0 0 -0.802977 0.59601
331.500000000 10.9427 30.8855 0 0 0 -0.772185 0.635397
331.600000000 10.9625 30.8827 0 0 0 -0.739464 0.673196
331.700000000 10.9825 30.8818 0 0 0 -0.704894 0.709313
331.800000000 11.0025 30.8829 0 0 0 -0.668562 0.743656
331.900000000 11.0222 30.886 0 0 0 -0.630559 0.776141
332.000000000 11.0415 30.8911 0 0 0 -0.59098 0.806686
332.100000000 11.0603 30.8981 0 0 0 -0.549924 0.835215
332.200000000 11.0782 30.9069 0 0 0 -0.507494 0.861656
332.300000000 11.0952 30.9174 0 0 0 -0.463795 0.885943
332.400000000 11.111 30.9296 0 0 0 -0.418936 0.908016
332.500000000 11.1256 30.9434 0 0 0 -0.373031 0.927819
332.600000000 11.1387 30.9585 0 0 0 -0.326193 0.945303
332.700000000 11.1502 30.9748 0 0 0 -0.27854 0.960425
332.800000000 11.16 30.9922 0 0 0 -0.230191 0.973146
332.900000000 11.1681 31.0105 0 0 0 -0.181266 0.983434
333.000000000 11.1743 31.0295 0 0 0 -0.131888 0.991265
333.100000000 11.1785 31.049 0 0 0 -0.0821807 0.996617
333.200000000 11.2046 31.06 0 0 0 -0.0445206 0.999008
333.300000000 11.2415 31.0695 0 0 0 -0.0126958 0.999919
333.400000000 11.2786 31.0811 0 0 0 0.0187217 0.999825
333.500000000 11.3149 31.095 0 0 0 0.0501207 0.998743
333.600000000 11.3502 31.1112 0 0 0 0.0814702 0.996676
333.700000000 11.3845 31.1296 0 0 0 0.112739 0.993625
333.800000000 11.4175 31.15 0 0 0 0.143897 0.989593
333.900000000 11.4491 31.1726 0 0 0 0.174913 0.984584
334.000000000 11.4793 31.197 0 0 0 0.205756 0.978603
334.100000000 11.5079 31.2233 0 0 0 0.236396 0.971657
334.200000000 11.5348 31.2514 0 0 0 0.266803 0.963751
334.300000000 11.5754 31.2866 0 0 0 0.289305 0.957237
334.400000000 11.6301 31.3302 0 0 0 0.303728 0.952759
334.500000000 11.686 31.3767 0 0 0 0.316763 0.948505
334.600000000 11.7407 31.4246 0 0 0 0.329739 0.944072
334.700000000 11.794 31.4741 0 0 0 0.342653 0.939462
334.800000000 11.846 31.5249 0 0 0 0.355502 0.934675
334.900000000 11.8965 31.5772 0 0 0 0.368285 0.929713
335.000000000 11.9456 31.6309 0 0 0 0.380998 0.924576
335.100000000 11.9932 31.6858 0 0 0 0.39364 0.919265
335.200000000 12.0443 31.7407 0 0 0 0.395709 0.918376
335.300000000 12.0958 31.7952 0 0 0 0.395709 0.918376
335.400000000 12.1475 31.8495 0 0 0 0.394998 0.918682
335.500000000 12.1993 31.9038 0 0 0 0.394289 0.918987
335.600000000 12.2512 31.9579 0 0 0 0.393591 0.919286
335.700000000 12.3032 32.012 0 0 0 0.392917 0.919574
335.800000000 12.3553 32.066 0 0 0 0.392266 0.919852
335.900000000 12.4074 32.1199 0 0 0 0.391628 0.920124
336.000000000 12.4596 32.1738 0 0 0 0.391014 0.920385
336.100000000 12.5118 32.2276 0 0 0 0.390411 0.920641
336.200000000 12.5641 32.2813 0 0 0 0.389833 0.920886
336.300000000 12.6165 32.335 0 0 0 0.389278 0.92112
336.400000000 12.6689 32.3886 0 0 0 0.388735 0.921349
336.500000000 12.7191 32.4398 0 0 0 0.388217 0.921568
336.600000000 12.7682 32.4897 0 0 0 0.38771 0.921781
336.700000000 12.8151 32.5371 0 0 0 0.386744 0.922187
336.800000000 12.8598 32.582 0 0 0 0.385826 0.922572
336.900000000 12.9034 32.6256 0 0 0 0.384932 0.922945
337.000000000 12.9458 32.668 0 0 0 0.384062 0.923307
337.100000000 12.9872 32.7091 0 0 0 0.383215 0.923659
337.200000000 13.0263 32.7478 0 0 0 0.382417 0.92399
337.300000000 13.0636 32.7836 0 0 0 0.380159 0.924921
337.400000000 13.0998 32.8181 0 0 0 0.377973 0.925817
337.500000000 13.1349 32.8513 0 0 0 0.375857 0.926678
337.600000000 13.169 32.8831 0 0 0 0.373812 0.927505
337.700000000 13.202 32.9137 0 0 0 0.371838 0.928298
337.800000000 13.234 32.943 0 0 0 0.369936 0.929057
337.900000000 13.2648 32.9711 0 0 0 0.368106 0.929784
338.000000000 13.2944 32.9979 0 0 0 0.366347 0.930478
338.100000000 13.323 33.0235 0 0 0 0.364661 0.93114
338.200000000 13.3516 33.049 0 0 0 0.362973 0.9318
338.300000000 13.3785 33.0715 0 0 0 0.359055 0.933316
338.400000000 13.4044 33.0925 0 0 0 0.355058 0.934844
338.500000000 13.4317 33.1144 0 0 0 0.350854 0.93643
338.600000000 13.458 33.135 0 0 0 0.346844 0.937923
338.700000000 13.4831 33.1544 0 0 0 0.343028 0.939325
338.800000000 13.5084 33.1736 0 0 0 0.339206 0.940712
338.900000000 13.5324 33.1915 0 0 0 0.335581 0.942011
339.000000000 13.5553 33.2083 0 0 0 0.332152 0.943226
339.100000000 13.5783 33.2249 0 0 0 0.328719 0.944428
339.200000000 13.6396 33.2682 0 0 0 0.319055 0.947736
339.300000000 13.702 33.31 0 0 0 0.308367 0.951267
339.400000000 13.7653 33.3503 0 0 0 0.29764 0.954678
339.500000000 13.8296 33.3892 0 0 0 0.286875 0.957968
339.600000000 13.8946 33.4266 0 0 0 0.276074 0.961136
339.700000000 13.9606 33.4626 0 0 0 0.265239 0.964183
339.800000000 14.0273 33.4971 0 0 0 0.254369 0.967107
339.900000000 14.0947 33.53 0 0 0 0.243467 0.969909
340.000000000 14.1629 33.5615 0 0 0 0.232651 0.97256
340.100000000 14.2302 33.5909 0 0 0 0.222277 0.974984
340.200000000 14.2965 33.6181 0 0 0 0.212115 0.977245
340.300000000 14.359 33.6416 0 0 0 0.200949 0.979602
340.400000000 14.4206 33.6629 0 0 0 0.189473 0.981886
340.500000000 14.4794 33.6817 0 0 0 0.178562 0.983929
340.600000000 14.5371 33.6987 0 0 0 0.167925 0.9858
340.700000000 14.5935 33.714 0 0 0 0.157564 0.987509
340.800000000 14.6469 33.7274 0 0 0 0.14778 0.98902
340.900000000 14.699 33.7393 0 0 0 0.138278 0.990393
341.000000000 14.7497 33.7499 0 0 0 0.129061 0.991637
341.100000000 14.7989 33.7592 0 0 0 0.120131 0.992758
341.200000000 14.8467 33.7673 0 0 0 0.111489 0.993766
341.300000000 14.8944 33.7753 0 0 0 0.104509 0.994524
341.400000000 14.9406 33.7825 0 0 0 0.0981582 0.995171
341.500000000 14.9852 33.7888 0 0 0 0.0920308 0.995756
341.600000000 15.0282 33.7945 0 0 0 0.086127 0.996284
341.700000000 15.0696 33.7994 0 0 0 0.0804475 0.996759
341.800000000 15.1094 33.8036 0 0 0 0.0749926 0.997184
341.900000000 15.1476 33.8073 0 0 0 0.069763 0.997564
342.000000000 15.1859 33.8105 0 0 0 0.0645314 0.997916
342.100000000 15.2225 33.8133 0 0 0 0.0595257 0.998227
342.200000000 15.2575 33.8155 0 0 0 0.054746 0.9985
342.300000000 15.2908 33.8173 0 0 0 0.0501928 0.99874
342.400000000 15.3241 33.8189 0 0 0 0.0456386 0.998958
342.500000000 15.3558 33.82 0 0 0 0.0413112 0.999146
342.600000000 15.3858 33.8209 0 0 0 0.0372108 0.999307
342.700000000 15.4159 33.8215 0 0 0 0.0331098 0.999452
342.800000000 15.4442 33.8222 0 0 0 0.0301775 0.999545
342.900000000 15.4709 33.8228 0 0 0 0.0276351 0.999618
343.000000000 15.4976 33.8232 0 0 0 0.0250925 0.999685
343.100000000 15.5226 33.8235 0 0 0 0.0227087 0.999742
343.200000000 15.5476 33.8239 0 0 0 0.0209301 0.999781
343.300000000 15.5709 33.8243 0 0 0 0.01927 0.999814
343.400000000 15.5943 33.8245 0 0 0 0.0176099 0.999845
343.500000000 15.6159 33.8246 0 0 0 0.0160683 0.999871
343.600000000 15.6376 33.8247 0 0 0 0.0145267 0.999894
343.700000000 15.6576 33.8247 0 0 0 0.0131036 0.999914
343.800000000 15.6776 33.8247 0 0 0 0.0116805 0.999932
343.900000000 15.6976 33.8246 0 0 0 0.0102574 0.999947
344.000000000 15.7176 33.8244 0 0 0 0.00883422 0.999961
344.100000000 15.7377 33.8242 0 0 0 0.00741106 0.999973
344.200000000 15.7577 33.8239 0 0 0 0.00598788 0.999982
344.300000000 15.7777 33.8235 0 0 0 0.00424262 0.999991
344.400000000 15.796 33.823 0 0 0 0.00264279 0.999997
344.500000000 15.8143 33.8224 0 0 0 0.00104295 0.999999
344.600000000 15.8343 33.8218 0 0 0 -0.000702325 1
344.700000000 15.8543 33.8211 0 0 0 -0.0024476 0.999997
344.800000000 15.8743 33.8203 0 0 0 -0.00419287 0.999991
344.900000000 15.8927 33.8195 0 0 0 -0.00579269 0.999983
345.000000000 15.9193 33.8182 0 0 0 -0.00811967 0.999967
345.100000000 15.946 33.8169 0 0 0 -0.0104466 0.999945
345.200000000 15.9659 33.8161 0 0 0 -0.0112336 0.999937
345.300000000 15.9859 33.8154 0 0 0 -0.0118627 0.99993
345.400000000 16.0059 33.8147 0 0 0 -0.0124918 0.999922
345.500000000 16.0259 33.814 0 0 0 -0.0131209 0.999914
345.600000000 16.0459 33.8132 0 0 0 -0.01375 0.999905
345.700000000 16.0725 33.8121 0 0 0 -0.0145888 0.999894
345.800000000 16.0909 33.8114 0 0 0 -0.0151654 0.999885
345.900000000 16.1175 33.8102 0 0 0 -0.0160042 0.999872
346.000000000 16.1425 33.8091 0 0 0 -0.0167905 0.999859
346.100000000 16.1691 33.8079 0 0 0 -0.0176292 0.999845
346.200000000 16.1941 33.8067 0 0 0 -0.0184155 0.99983
346.300000000 16.2191 33.8055 0 0 0 -0.0190049 0.999819
346.400000000 16.244 33.8043 0 0 0 -0.0195943 0.999808
346.500000000 16.269 33.8031 0 0 0 -0.0201837 0.999796
346.600000000 16.294 33.8019 0 0 0 -0.020773 0.999784
346.700000000 16.3189 33.8006 0 0 0 -0.0213624 0.999772
346.800000000 16.3423 33.7994 0 0 0 -0.0219124 0.99976
346.900000000 16.3689 33.798 0 0 0 -0.0225411 0.999746
347.000000000 16.3938 33.7966 0 0 0 -0.0231304 0.999732
347.100000000 16.4171 33.7953 0 0 0 -0.0236804 0.99972
347.200000000 16.4404 33.794 0 0 0 -0.0242305 0.999706
347.300000000 16.4621 33.7927 0 0 0 -0.0247412 0.999694
347.400000000 16.4837 33.7914 0 0 0 -0.0252519 0.999681
347.500000000 16.5053 33.7901 0 0 0 -0.0257626 0.999668
347.600000000 16.5253 33.7889 0 0 0 -0.0262341 0.999656
347.700000000 16.5469 33.7876 0 0 0 -0.0267448 0.999642
347.800000000 16.5669 33.7863 0 0 0 -0.0272162 0.99963
347.900000000 16.5868 33.785 0 0 0 -0.0276876 0.999617
348.000000000 16.6051 33.7839 0 0 0 -0.0281197 0.999605
348.100000000 16.6234 33.7827 0 0 0 -0.0285518 0.999592
348.200000000 16.6434 33.7813 0 0 0 -0.0290232 0.999579
348.300000000 16.6633 33.78 0 0 0 -0.0294946 0.999565
348.400000000 16.6833 33.7786 0 0 0 -0.029966 0.999551
348.500000000 16.7032 33.7772 0 0 0 -0.0304374 0.999537
348.600000000 16.7232 33.7758 0 0 0 -0.0309087 0.999522
348.700000000 16.7432 33.7744 0 0 0 -0.0313801 0.999508
348.800000000 16.7631 33.773 0 0 0 -0.0318514 0.999493
348.900000000 16.7831 33.7716 0 0 0 -0.0321655 0.999483
349.000000000 16.8097 33.7697 0 0 0 -0.0325843 0.999469
349.100000000 16.8362 33.7678 0 0 0 -0.0330031 0.999455
349.200000000 16.8612 33.766 0 0 0 -0.0331994 0.999449
349.300000000 16.8878 33.7642 0 0 0 -0.0334087 0.999442
349.400000000 16.9127 33.7624 0 0 0 -0.033605 0.999435
349.500000000 16.941 33.7604 0 0 0 -0.0338274 0.999428
349.600000000 16.9676 33.7586 0 0 0 -0.0340367 0.999421
349.700000000 16.9925 33.7568 0 0 0 -0.034233 0.999414
349.800000000 17.0175 33.755 0 0 0 -0.0344293 0.999407
349.900000000 17.0407 33.7533 0 0 0 -0.0346124 0.999401
350.000000000 17.0657 33.7515 0 0 0 -0.0348087 0.999394
350.100000000 17.0906 33.7497 0 0 0 -0.0350049 0.999387
350.200000000 17.1155 33.7479 0 0 0 -0.0352012 0.99938
350.300000000 17.1388 33.7461 0 0 0 -0.0353843 0.999374
350.400000000 17.1621 33.7444 0 0 0 -0.0355675 0.999367
350.500000000 17.1837 33.7428 0 0 0 -0.0357375 0.999361
350.600000000 17.2053 33.7412 0 0 0 -0.0359076 0.999355
350.700000000 17.2252 33.7397 0 0 0 -0.0360646 0.999349
350.800000000 17.2452 33.7382 0 0 0 -0.0362216 0.999344
350.900000000 17.2668 33.7366 0 0 0 -0.0363917 0.999338
351.000000000 17.2867 33.735 0 0 0 -0.0365487 0.999332
351.100000000 17.3083 33.7334 0 0 0 -0.0367187 0.999326
351.200000000 17.3283 33.7319 0 0 0 -0.0368757 0.99932
351.300000000 17.3482 33.7303 0 0 0 -0.0370327 0.999314
351.400000000 17.3665 33.7289 0 0 0 -0.0371766 0.999309
351.500000000 17.3864 33.7274 0 0 0 -0.0373336 0.999303
351.600000000 17.4064 33.7258 0 0 0 -0.0374906 0.999297
351.700000000 17.4263 33.7242 0 0 0 -0.0376476 0.999291
351.800000000 17.4529 33.7222 0 0 0 -0.0378569 0.999283
351.900000000 17.4712 33.7207 0 0 0 -0.0380008 0.999278
352.000000000 17.4978 33.7186 0 0 0 -0.0382101 0.99927
352.100000000 17.5243 33.7165 0 0 0 -0.0384194 0.999262
352.200000000 17.5509 33.7144 0 0 0 -0.0386287 0.999254
352.300000000 17.5758 33.7123 0 0 0 -0.0388249 0.999246
352.400000000 17.6008 33.7103 0 0 0 -0.0390211 0.999238
352.500000000 17.6257 33.7083 0 0 0 -0.0392173 0.999231
352.600000000 17.6506 33.7063 0 0 0 -0.0394135 0.999223
352.700000000 17.6738 33.7043 0 0 0 -0.0395967 0.999216
352.800000000 17.6988 33.7023 0 0 0 -0.0397929 0.999208
352.900000000 17.7237 33.7002 0 0 0 -0.0399891 0.9992
353.000000000 17.7486 33.6981 0 0 0 -0.0401853 0.999192
353.100000000 17.7718 33.6962 0 0 0 -0.0403684 0.999185
353.200000000 17.7934 33.6944 0 0 0 -0.0405385 0.999178
353.300000000 17.815 33.6926 0 0 0 -0.0405385 0.999178
353.400000000 17.8366 33.6909 0 0 0 -0.0405385 0.999178
353.500000000 17.8566 33.6893 0 0 0 -0.0405385 0.999178
353.600000000 17.8765 33.6876 0 0 0 -0.0405385 0.999178
353.700000000 17.8964 33.686 0 0 0 -0.0405385 0.999178
353.800000000 17.9164 33.6844 0 0 0 -0.0405385 0.999178
353.900000000 17.9363 33.6828 0 0 0 -0.0405385 0.999178
354.000000000 17.9562 33.6812 0 0 0 -0.0405385 0.999178
354.100000000 17.9762 33.6795 0 0 0 -0.0405385 0.999178
354.200000000 17.9961 33.6779 0 0 0 -0.0405385 0.999178
354.300000000 18.016 33.6763 0 0 0 -0.0405385 0.999178
354.400000000 18.0343 33.6748 0 0 0 -0.0405385 0.999178
354.500000000 18.0526 33.6733 0 0 0 -0.0405385 0.999178
354.600000000 18.0792 33.6712 0 0 0 -0.0405385 0.999178
354.700000000 18.1041 33.6691 0 0 0 -0.0405385 0.999178
354.800000000 18.129 33.6671 0 0 0 -0.0405385 0.999178
354.900000000 18.1539 33.6651 0 0 0 -0.0405385 0.999178
355.000000000 18.1772 33.6632 0 0 0 -0.0405385 0.999178
355.100000000 18.2037 33.661 0 0 0 -0.0405385 0.999178
355.200000000 18.2287 33.659 0 0 0 -0.0405385 0.999178
355.300000000 18.2536 33.657 0 0 0 -0.0405385 0.999178
355.400000000 18.2785 33.655 0 0 0 -0.0405385 0.999178
355.500000000 18.3034 33.6529 0 0 0 -0.0405385 0.999178
355.600000000 18.3267 33.651 0 0 0 -0.0405385 0.999178
355.700000000 18.3499 33.6492 0 0 0 -0.0405385 0.999178
355.800000000 18.3715 33.6474 0 0 0 -0.0405385 0.999178
355.900000000 18.3931 33.6456 0 0 0 -0.0405385 0.999178
356.000000000 18.4131 33.644 0 0 0 -0.0405385 0.999178
356.100000000 18.433 33.6424 0 0 0 -0.0405385 0.999178
356.200000000 18.4529 33.6408 0 0 0 -0.0405385 0.999178
356.300000000 18.4712 33.6395 0 0 0 -0.0399622 0.999201
356.400000000 18.4912 33.6382 0 0 0 -0.0393336 0.999226
356.500000000 18.5111 33.6369 0 0 0 -0.0387049 0.999251
356.600000000 18.5311 33.6356 0 0 0 -0.0380762 0.999275
356.700000000 18.5527 33.6342 0 0 0 -0.0373951 0.999301
356.800000000 18.5727 33.6329 0 0 0 -0.0367664 0.999324
356.900000000 18.5943 33.6316 0 0 0 -0.0360853 0.999349
357.000000000 18.6143 33.6304 0 0 0 -0.0354565 0.999371
357.100000000 18.6342 33.6293 0 0 0 -0.0348278 0.999393
357.200000000 18.6525 33.6282 0 0 0 -0.0342514 0.999413
357.300000000 18.6709 33.6272 0 0 0 -0.033675 0.999433
357.400000000 18.6908 33.6261 0 0 0 -0.0330462 0.999454
357.500000000 18.7108 33.625 0 0 0 -0.0324174 0.999474
357.600000000 18.7308 33.624 0 0 0 -0.0317886 0.999495
357.700000000 18.7491 33.6231 0 0 0 -0.0312122 0.999513
357.800000000 18.7691 33.6221 0 0 0 -0.0305833 0.999532
357.900000000 18.7907 33.621 0 0 0 -0.0299021 0.999553
358.000000000 18.8107 33.6201 0 0 0 -0.0292732 0.999571
358.100000000 18.8323 33.6191 0 0 0 -0.0285919 0.999591
358.200000000 18.8523 33.6182 0 0 0 -0.027963 0.999609
358.300000000 18.8773 33.617 0 0 0 -0.0273737 0.999625
358.400000000 18.9006 33.616 0 0 0 -0.0268238 0.99964
358.500000000 18.9239 33.6149 0 0 0 -0.0262738 0.999655
358.600000000 18.9489 33.6138 0 0 0 -0.0256845 0.99967
358.700000000 18.9739 33.6128 0 0 0 -0.0250952 0.999685
358.800000000 18.9988 33.6118 0 0 0 -0.0245059 0.9997
358.900000000 19.0238 33.6108 0 0 0 -0.0239166 0.999714
359.000000000 19.0488 33.6098 0 0 0 -0.0233272 0.999728
359.100000000 19.0738 33.6089 0 0 0 -0.0227379 0.999741
359.200000000 19.0988 33.608 0 0 0 -0.0221486 0.999755
359.300000000 19.1238 33.607 0 0 0 -0.0217558 0.999763
359.400000000 19.1471 33.6062 0 0 0 -0.0213893 0.999771
359.500000000 19.1704 33.6053 0 0 0 -0.0210227 0.999779
359.600000000 19.192 33.6045 0 0 0 -0.0206824 0.999786
359.700000000 19.2137 33.6038 0 0 0 -0.020342 0.999793
359.800000000 19.2337 33.6031 0 0 0 -0.0200278 0.999799
359.900000000 19.2537 33.6024 0 0 0 -0.0197136 0.999806
360.000000000 19.272 33.6018 0 0 0 -0.0194256 0.999811
360.100000000 19.2903 33.6012 0 0 0 -0.0191375 0.999817
360.200000000 19.3103 33.6006 0 0 0 -0.0188233 0.999823
360.300000000 19.3303 33.6 0 0 0 -0.0185091 0.999829
360.400000000 19.3503 33.5993 0 0 0 -0.0181949 0.999834
360.500000000 19.3703 33.5987 0 0 0 -0.0178807 0.99984
360.600000000 19.3903 33.5981 0 0 0 -0.0175665 0.999846
360.700000000 19.4086 33.5976 0 0 0 -0.0172785 0.999851
360.800000000 19.4286 33.5971 0 0 0 -0.0169642 0.999856
360.900000000 19.4486 33.5965 0 0 0 -0.01665 0.999861
361.000000000 19.4686 33.596 0 0 0 -0.0163358 0.999867
361.100000000 19.4886 33.5954 0 0 0 -0.0160216 0.999872
361.200000000 19.5069 33.5949 0 0 0 -0.0158776 0.999874
361.300000000 19.5269 33.5943 0 0 0 -0.0157205 0.999876
361.400000000 19.5469 33.5938 0 0 0 -0.0155635 0.999879
361.500000000 19.5652 33.5933 0 0 0 -0.0154195 0.999881
361.600000000 19.5852 33.5927 0 0 0 -0.0152624 0.999884
361.700000000 19.6052 33.5921 0 0 0 -0.0151053 0.999886
361.800000000 19.6252 33.5916 0 0 0 -0.0149482 0.999888
361.900000000 19.6468 33.591 0 0 0 -0.0147781 0.999891
362.000000000 19.6668 33.5905 0 0 0 -0.014621 0.999893
362.100000000 19.6885 33.5899 0 0 0 -0.0144508 0.999896
362.200000000 19.7085 33.5894 0 0 0 -0.0142938 0.999898
362.300000000 19.7285 33.5889 0 0 0 -0.0141367 0.9999
362.400000000 19.7468 33.5885 0 0 0 -0.0139927 0.999902
362.500000000 19.7668 33.588 0 0 0 -0.0138356 0.999904
362.600000000 19.7868 33.5875 0 0 0 -0.0136785 0.999906
362.700000000 19.8068 33.587 0 0 0 -0.0135215 0.999909
362.800000000 19.8268 33.5865 0 0 0 -0.0133644 0.999911
362.900000000 19.8468 33.586 0 0 0 -0.0132073 0.999913
363.000000000 19.8668 33.5856 0 0 0 -0.0130502 0.999915
363.100000000 19.8868 33.5851 0 0 0 -0.0128931 0.999917
363.200000000 19.9068 33.5847 0 0 0 -0.0127361 0.999919
363.300000000 19.9268 33.5842 0 0 0 -0.012579 0.999921
363.400000000 19.9468 33.5838 0 0 0 -0.0124219 0.999923
363.500000000 19.9668 33.5833 0 0 0 -0.0122648 0.999925
363.600000000 19.9851 33.5829 0 0 0 -0.0121208 0.999927
363.700000000 20.0051 33.5825 0 0 0 -0.0119638 0.999928
363.800000000 20.0251 33.5821 0 0 0 -0.0118067 0.99993
363.900000000 20.0451 33.5817 0 0 0 -0.0116496 0.999932
364.000000000 20.0651 33.5813 0 0 0 -0.0114925 0.999934
364.100000000 20.0851 33.5809 0 0 0 -0.0113354 0.999936
364.200000000 20.1051 33.5805 0 0 0 -0.0111783 0.999938
364.300000000 20.1251 33.5801 0 0 0 -0.0110213 0.999939
364.400000000 20.1451 33.5797 0 0 0 -0.0108642 0.999941
364.500000000 20.1667 33.5793 0 0 0 -0.010694 0.999943
364.600000000 20.1867 33.579 0 0 0 -0.0105369 0.999944
364.700000000 20.2067 33.5786 0 0 0 -0.0103798 0.999946
364.800000000 20.225 33.5783 0 0 0 -0.0102358 0.999948
364.900000000 20.2434 33.578 0 0 0 -0.0100919 0.999949
365.000000000 20.2634 33.5776 0 0 0 -0.00993477 0.999951
365.100000000 20.2834 33.5773 0 0 0 -0.00977768 0.999952
365.200000000 20.3034 33.577 0 0 0 -0.0096206 0.999954
365.300000000 20.3217 33.5766 0 0 0 -0.0096206 0.999954
365.400000000 20.3417 33.5762 0 0 0 -0.0096206 0.999954
365.500000000 20.36 33.5759 0 0 0 -0.0096206 0.999954
365.600000000 20.38 33.5755 0 0 0 -0.0096206 0.999954
365.700000000 20.4 33.5751 0 0 0 -0.0096206 0.999954
365.800000000 20.42 33.5747 0 0 0 -0.0096206 0.999954
365.900000000 20.44 33.5743 0 0 0 -0.0096206 0.999954
366.000000000 20.4583 33.574 0 0 0 -0.0096206 0.999954
366.100000000 20.4767 33.5736 0 0 0 -0.0096206 0.999954
366.200000000 20.4967 33.5732 0 0 0 -0.0096206 0.999954
366.300000000 20.515 33.5729 0 0 0 -0.0096206 0.999954
366.400000000 20.535 33.5725 0 0 0 -0.0096206 0.999954
366.500000000 20.555 33.5721 0 0 0 -0.0096206 0.999954
366.600000000 20.575 33.5717 0 0 0 -0.0096206 0.999954
366.700000000 20.595 33.5714 0 0 0 -0.0096206 0.999954
366.800000000 20.615 33.571 0 0 0 -0.0096206 0.999954
366.900000000 20.635 33.5706 0 0 0 -0.0096206 0.999954
367.000000000 20.6533 33.5702 0 0 0 -0.0096206 0.999954
367.100000000 20.6733 33.5698 0 0 0 -0.0096206 0.999954
367.200000000 20.6933 33.5695 0 0 0 -0.0096206 0.999954
367.300000000 20.7116 33.5691 0 0 0 -0.0096206 0.999954
367.400000000 20.7316 33.5687 0 0 0 -0.0096206 0.999954
367.500000000 20.7516 33.5683 0 0 0 -0.0096206 0.999954
367.600000000 20.7716 33.568 0 0 0 -0.0096206 0.999954
367.700000000 20.7899 33.5676 0 0 0 -0.0096206 0.999954
367.800000000 20.8099 33.5672 0 0 0 -0.0096206 0.999954
367.900000000 20.8349 33.5667 0 0 0 -0.0096206 0.999954
368.000000000 20.8583 33.5663 0 0 0 -0.0096206 0.999954
368.100000000 20.8816 33.5658 0 0 0 -0.0096206 0.999954
368.200000000 20.9033 33.5654 0 0 0 -0.0096206 0.999954
368.300000000 20.9249 33.565 0 0 0 -0.0096206 0.999954
368.400000000 20.9482 33.5646 0 0 0 -0.0096206 0.999954
368.500000000 20.9716 33.5641 0 0 0 -0.0096206 0.999954
368.600000000 20.9932 33.5637 0 0 0 -0.0096206 0.999954
368.700000000 21.0166 33.5632 0 0 0 -0.0096206 0.999954
368.800000000 21.0382 33.5628 0 0 0 -0.0096206 0.999954
368.900000000 21.0599 33.5624 0 0 0 -0.0096206 0.999954
369.000000000 21.0832 33.562 0 0 0 -0.0096206 0.999954
369.100000000 21.1065 33.5615 0 0 0 -0.0096206 0.999954
369.200000000 21.1282 33.5611 0 0 0 -0.0096206 0.999954
369.300000000 21.1499 33.5607 0 0 0 -0.0096206 0.999954
369.400000000 21.1715 33.5603 0 0 0 -0.0096206 0.999954
369.500000000 21.1915 33.5599 0 0 0 -0.0096206 0.999954
369.600000000 21.2115 33.5595 0 0 0 -0.0096206 0.999954
369.700000000 21.2315 33.5591 0 0 0 -0.0096206 0.999954
369.800000000 21.2515 33.5587 0 0 0 -0.0096206 0.999954
369.900000000 21.2715 33.5583 0 0 0 -0.0096206 0.999954
370.000000000 21.2915 33.558 0 0 0 -0.0096206 0.999954
370.100000000 21.3132 33.5575 0 0 0 -0.0096206 0.999954
370.200000000 21.3332 33.5572 0 0 0 -0.0096206 0.999954
370.300000000 21.3548 33.5567 0 0 0 -0.0096206 0.999954
370.400000000 21.3748 33.5563 0 0 0 -0.0096206 0.999954
370.500000000 21.3948 33.556 0 0 0 -0.0096206 0.999954
370.600000000 21.4132 33.5556 0 0 0 -0.0096206 0.999954
370.700000000 21.4332 33.5552 0 0 0 -0.0096206 0.999954
370.800000000 21.4531 33.5548 0 0 0 -0.0096206 0.999954
370.900000000 21.4731 33.5545 0 0 0 -0.0096206 0.999954
371.000000000 21.4931 33.5541 0 0 0 -0.0096206 0.999954
371.100000000 21.5131 33.5537 0 0 0 -0.0096206 0.999954
371.200000000 21.5331 33.5533 0 0 0 -0.0096206 0.999954
371.300000000 21.5531 33.5529 0 0 0 -0.0096206 0.999954
371.400000000 21.5731 33.5525 0 0 0 -0.0096206 0.999954
371.500000000 21.5948 33.5521 0 0 0 -0.0096206 0.999954
371.600000000 21.6148 33.5517 0 0 0 -0.0096206 0.999954
371.700000000 21.6348 33.5513 0 0 0 -0.0096206 0.999954
371.800000000 21.6531 33.551 0 0 0 -0.0096206 0.999954
371.900000000 21.6714 33.5506 0 0 0 -0.0096206 0.999954
372.000000000 21.6914 33.5503 0 0 0 -0.0096206 0.999954
372.100000000 21.7098 33.5499 0 0 0 -0.0096206 0.999954
372.200000000 21.7298 33.5495 0 0 0 -0.0096206 0.999954
372.300000000 21.7498 33.5491 0 0 0 -0.0096206 0.999954
372.400000000 21.7698 33.5487 0 0 0 -0.0096206 0.999954
372.500000000 21.7914 33.5483 0 0 0 -0.0096206 0.999954
372.600000000 21.8114 33.5479 0 0 0 -0.0096206 0.999954
372.700000000 21.8331 33.5475 0 0 0 -0.0096206 0.999954
372.800000000 21.8531 33.5471 0 0 0 -0.0096206 0.999954
372.900000000 21.8731 33.5468 0 0 0 -0.0096206 0.999954
373.000000000 21.8914 33.5464 0 0 0 -0.0096206 0.999954
373.100000000 21.9097 33.5461 0 0 0 -0.0096206 0.999954
373.200000000 21.9297 33.5457 0 0 0 -0.0096206 0.999954
373.300000000 21.9481 33.5453 0 0 0 -0.0096206 0.999954
373.400000000 21.9681 33.5449 0 0 0 -0.0096206 0.999954
373.500000000 21.9881 33.5445 0 0 0 -0.0096206 0.999954
373.600000000 22.008 33.5442 0 0 0 -0.0096206 0.999954
373.700000000 22.0297 33.5437 0 0 0 -0.0096206 0.999954
373.800000000 22.0497 33.5434 0 0 0 -0.0096206 0.999954
373.900000000 22.0714 33.5429 0 0 0 -0.0096206 0.999954
374.000000000 22.0914 33.5426 0 0 0 -0.0096206 0.999954
374.100000000 22.1114 33.5422 0 0 0 -0.0096206 0.999954
374.200000000 22.1297 33.5418 0 0 0 -0.0096206 0.999954
374.300000000 22.1497 33.5414 0 0 0 -0.0096206 0.999954
374.400000000 22.1697 33.5411 0 0 0 -0.0096206 0.999954
374.500000000 22.188 33.5407 0 0 0 -0.0096206 0.999954
374.600000000 22.208 33.5403 0 0 0 -0.0096206 0.999954
374.700000000 22.228 33.5399 0 0 0 -0.0096206 0.999954
374.800000000 22.248 33.5395 0 0 0 -0.0096206 0.999954
374.900000000 22.268 33.5392 0 0 0 -0.0096206 0.999954
375.000000000 22.288 33.5388 0 0 0 -0.0096206 0.999954
375.100000000 22.3097 33.5384 0 0 0 -0.0096206 0.999954
375.200000000 22.3297 33.538 0 0 0 -0.0096206 0.999954
375.300000000 22.3497 33.5376 0 0 0 -0.0096206 0.999954
375.400000000 22.368 33.5372 0 0 0 -0.0096206 0.999954
375.500000000 22.3863 33.5369 0 0 0 -0.0096206 0.999954
375.600000000 22.4063 33.5365 0 0 0 -0.0096206 0.999954
375.700000000 22.4263 33.5361 0 0 0 -0.0096206 0.999954
375.800000000 22.4463 33.5357 0 0 0 -0.0096206 0.999954
375.900000000 22.4663 33.5353 0 0 0 -0.0096206 0.999954
376.000000000 22.4863 33.535 0 0 0 -0.0096206 0.999954
376.100000000 22.5046 33.5346 0 0 0 -0.0096206 0.999954
376.200000000 22.5246 33.5342 0 0 0 -0.0096206 0.999954
376.300000000 22.5463 33.5338 0 0 0 -0.0096206 0.999954
376.400000000 22.5663 33.5334 0 0 0 -0.0096206 0.999954
376.500000000 22.5863 33.533 0 0 0 -0.0096206 0.999954
376.600000000 22.6046 33.5327 0 0 0 -0.0096206 0.999954
376.700000000 22.6246 33.5323 0 0 0 -0.0096206 0.999954
376.800000000 22.6446 33.5319 0 0 0 -0.0096206 0.999954
376.900000000 22.6629 33.5316 0 0 0 -0.0096206 0.999954
377.000000000 22.6829 33.5312 0 0 0 -0.0096206 0.999954
377.100000000 22.7013 33.5308 0 0 0 -0.0096206 0.999954
377.200000000 22.7212 33.5304 0 0 0 -0.0096206 0.999954
377.300000000 22.7412 33.5301 0 0 0 -0.0096206 0.999954
377.400000000 22.7612 33.5297 0 0 0 -0.0096206 0.999954
377.500000000 22.7829 33.5293 0 0 0 -0.0096206 0.999954
377.600000000 22.8029 33.5289 0 0 0 -0.0096206 0.999954
377.700000000 22.8229 33.5285 0 0 0 -0.0096206 0.999954
377.800000000 22.8412 33.5281 0 0 0 -0.0096206 0.999954
377.900000000 22.8612 33.5277 0 0 0 -0.0096206 0.999954
378.000000000 22.8812 33.5274 0 0 0 -0.0096206 0.999954
378.100000000 22.9012 33.527 0 0 0 -0.0096206 0.999954
378.200000000 22.9212 33.5266 0 0 0 -0.0096206 0.999954
378.300000000 22.9395 33.5262 0 0 0 -0.0096206 0.999954
378.400000000 22.9595 33.5259 0 0 0 -0.0096206 0.999954
378.500000000 22.9812 33.5254 0 0 0 -0.0096206 0.999954
378.600000000 23.0012 33.5251 0 0 0 -0.0096206 0.999954
378.700000000 23.0229 33.5246 0 0 0 -0.0096206 0.999954
378.800000000 23.0429 33.5242 0 0 0 -0.0096206 0.999954
378.900000000 23.0629 33.5239 0 0 0 -0.0096206 0.999954
379.000000000 23.0812 33.5235 0 0 0 -0.0096206 0.999954
379.100000000 23.0995 33.5232 0 0 0 -0.0096206 0.999954
379.200000000 23.1195 33.5228 0 0 0 -0.0096206 0.999954
379.300000000 23.1395 33.5224 0 0 0 -0.0096206 0.999954
379.400000000 23.1595 33.522 0 0 0 -0.0096206 0.999954
379.500000000 23.1795 33.5216 0 0 0 -0.0096206 0.999954
379.600000000 23.1995 33.5212 0 0 0 -0.0096206 0.999954
379.700000000 23.2195 33.5209 0 0 0 -0.0096206 0.999954
379.800000000 23.2395 33.5205 0 0 0 -0.0096206 0.999954
379.900000000 23.2595 33.5201 0 0 0 -0.0096206 0.999954
380.000000000 23.2795 33.5197 0 0 0 -0.0096206 0.999954
380.100000000 23.2995 33.5193 0 0 0 -0.0096206 0.999954
380.200000000 23.3178 33.519 0 0 0 -0.0096206 0.999954
380.300000000 23.3395 33.5185 0 0 0 -0.0096206 0.999954
380.400000000 23.3611 33.5181 0 0 0 -0.0096206 0.999954
380.500000000 23.3828 33.5177 0 0 0 -0.0096206 0.999954
380.600000000 23.4045 33.5173 0 0 0 -0.0096206 0.999954
380.700000000 23.4261 33.5169 0 0 0 -0.0096206 0.999954
380.800000000 23.4478 33.5165 0 0 0 -0.0096206 0.999954
380.900000000 23.4694 33.516 0 0 0 -0.0096206 0.999954
381.000000000 23.4911 33.5156 0 0 0 -0.0096206 0.999954
381.100000000 23.5128 33.5152 0 0 0 -0.0096206 0.999954
381.200000000 23.5344 33.5148 0 0 0 -0.0096206 0.999954
381.300000000 23.5544 33.5144 0 0 0 -0.0096206 0.999954
381.400000000 23.5761 33.514 0 0 0 -0.0096206 0.999954
381.500000000 23.5978 33.5136 0 0 0 -0.0096206 0.999954
381.600000000 23.6177 33.5132 0 0 0 -0.0096206 0.999954
381.700000000 23.6377 33.5128 0 0 0 -0.0096206 0.999954
381.800000000 23.6577 33.5124 0 0 0 -0.0096206 0.999954
381.900000000 23.6777 33.512 0 0 0 -0.0096206 0.999954
382.000000000 23.6961 33.5117 0 0 0 -0.0096206 0.999954
382.100000000 23.7144 33.5113 0 0 0 -0.0096206 0.999954
382.200000000 23.7344 33.5109 0 0 0 -0.0096206 0.999954
382.300000000 23.7544 33.5106 0 0 0 -0.0096206 0.999954
382.400000000 23.7744 33.5102 0 0 0 -0.0096206 0.999954
382.500000000 23.7944 33.5098 0 0 0 -0.0096206 0.999954
382.600000000 23.8144 33.5094 0 0 0 -0.0096206 0.999954
382.700000000 23.836 33.509 0 0 0 -0.0096206 0.999954
382.800000000 23.856 33.5086 0 0 0 -0.0096206 0.999954
382.900000000 23.8777 33.5082 0 0 0 -0.0096206 0.999954
383.000000000 23.8977 33.5078 0 0 0 -0.0096206 0.999954
383.100000000 23.9177 33.5074 0 0 0 -0.0096206 0.999954
383.200000000 23.936 33.5071 0 0 0 -0.0096206 0.999954
383.300000000 23.956 33.5067 0 0 0 -0.0096206 0.999954
383.400000000 23.976 33.5063 0 0 0 -0.0096206 0.999954
383.500000000 23.996 33.5059 0 0 0 -0.0096206 0.999954
383.600000000 24.016 33.5055 0 0 0 -0.0096206 0.999954
383.700000000 24.036 33.5051 0 0 0 -0.0096206 0.999954
383.800000000 24.056 33.5048 0 0 0 -0.0096206 0.999954
383.900000000 24.076 33.5044 0 0 0 -0.0096206 0.999954
384.000000000 24.096 33.504 0 0 0 -0.0096206 0.999954
384.100000000 24.116 33.5036 0 0 0 -0.0096206 0.999954
384.200000000 24.136 33.5032 0 0 0 -0.0096206 0.999954
384.300000000 24.156 33.5028 0 0 0 -0.0096206 0.999954
384.400000000 24.1743 33.5025 0 0 0 -0.0096206 0.999954
384.500000000 24.1926 33.5021 0 0 0 -0.0096206 0.999954
384.600000000 24.2126 33.5017 0 0 0 -0.0096206 0.999954
384.700000000 24.231 33.5014 0 0 0 -0.0096206 0.999954
384.800000000 24.251 33.501 0 0 0 -0.0096206 0.999954
384.900000000 24.271 33.5006 0 0 0 -0.0096206 0.999954
385.000000000 24.291 33.5002 0 0 0 -0.0096206 0.999954
385.100000000 24.311 33.4998 0 0 0 -0.0096206 0.999954
385.200000000 24.3309 33.4995 0 0 0 -0.0096206 0.999954
385.300000000 24.3509 33.4991 0 0 0 -0.0096206 0.999954
385.400000000 24.3693 33.4987 0 0 0 -0.0096206 0.999954
385.500000000 24.3893 33.4983 0 0 0 -0.0096206 0.999954
385.600000000 24.4076 33.498 0 0 0 -0.0096206 0.999954
385.700000000 24.4276 33.4976 0 0 0 -0.0096206 0.999954
385.800000000 24.4476 33.4972 0 0 0 -0.0096206 0.999954
385.900000000 24.4676 33.4968 0 0 0 -0.0096206 0.999954
386.000000000 24.4876 33.4964 0 0 0 -0.0096206 0.999954
386.100000000 24.5076 33.4961 0 0 0 -0.0096206 0.999954
386.200000000 24.5276 33.4957 0 0 0 -0.0096206 0.999954
386.300000000 24.5492 33.4953 0 0 0 -0.0096206 0.999954
386.400000000 24.5692 33.4949 0 0 0 -0.0096206 0.999954
386.500000000 24.5892 33.4945 0 0 0 -0.0096206 0.999954
386.600000000 24.6076 33.4941 0 0 0 -0.0096206 0.999954
386.700000000 24.6276 33.4938 0 0 0 -0.0096206 0.999954
386.800000000 24.6459 33.4934 0 0 0 -0.0096206 0.999954
386.900000000 24.6659 33.493 0 0 0 -0.0096206 0.999954
387.000000000 24.6859 33.4926 0 0 0 -0.0096206 0.999954
387.100000000 24.7042 33.4923 0 0 0 -0.0096206 0.999954
387.200000000 24.7242 33.4919 0 0 0 -0.0096206 0.999954
387.300000000 24.7425 33.4915 0 0 0 -0.0096206 0.999954
387.400000000 24.7625 33.4912 0 0 0 -0.0096206 0.999954
387.500000000 24.7825 33.4908 0 0 0 -0.0096206 0.999954
387.600000000 24.8025 33.4904 0 0 0 -0.0096206 0.999954
387.700000000 24.8225 33.49 0 0 0 -0.0096206 0.999954
387.800000000 24.8409 33.4896 0 0 0 -0.0096206 0.999954
387.900000000 24.8592 33.4893 0 0 0 -0.0096206 0.999954
388.000000000 24.8792 33.4889 0 0 0 -0.0096206 0.999954
388.100000000 24.8992 33.4885 0 0 0 -0.0096206 0.999954
388.200000000 24.9192 33.4881 0 0 0 -0.0096206 0.999954
388.300000000 24.9392 33.4878 0 0 0 -0.0096206 0.999954
388.400000000 24.9592 33.4874 0 0 0 -0.0096206 0.999954
388.500000000 24.9792 33.487 0 0 0 -0.0096206 0.999954
388.600000000 24.9992 33.4866 0 0 0 -0.0096206 0.999954
388.700000000 25.0192 33.4862 0 0 0 -0.0096206 0.999954
388.800000000 25.0392 33.4858 0 0 0 -0.0096206 0.999954
388.900000000 25.0591 33.4854 0 0 0 -0.0096206 0.999954
389.000000000 25.0775 33.4851 0 0 0 -0.0096206 0.999954
389.100000000 25.0958 33.4847 0 0 0 -0.0096206 0.999954
389.200000000 25.1158 33.4844 0 0 0 -0.0096206 0.999954
389.300000000 25.1358 33.4842 0 0 0 -0.00899148 0.99996
389.400000000 25.1558 33.4842 0 0 0 -0.00820449 0.999966
389.500000000 25.1741 33.4842 0 0 0 -0.00748308 0.999972
389.600000000 25.1941 33.4842 0 0 0 -0.00669608 0.999978
389.700000000 25.2141 33.4842 0 0 0 -0.00590908 0.999983
389.800000000 25.2341 33.4843 0 0 0 -0.00512208 0.999987
389.900000000 25.2542 33.4844 0 0 0 -0.00433507 0.999991
390.000000000 25.2725 33.4845 0 0 0 -0.00361364 0.999993
390.100000000 25.2925 33.4847 0 0 0 -0.00282663 0.999996
390.200000000 25.3125 33.4849 0 0 0 -0.00203961 0.999998
390.300000000 25.3325 33.4852 0 0 0 -0.0012526 0.999999
390.400000000 25.3525 33.4854 0 0 0 -0.00046558 1
390.500000000 25.3725 33.4857 0 0 0 0.000321437 1
390.600000000 25.3925 33.486 0 0 0 0.00110845 0.999999
390.700000000 25.4108 33.4864 0 0 0 0.00182989 0.999998
390.800000000 25.4308 33.4868 0 0 0 0.0026169 0.999997
390.900000000 25.4525 33.4869 0 0 0 0.0026169 0.999997
391.000000000 25.4725 33.4869 0 0 0 0.00245981 0.999997
391.100000000 25.4925 33.4869 0 0 0 0.00230272 0.999997
391.200000000 25.5108 33.487 0 0 0 0.00215872 0.999998
391.300000000 25.5308 33.487 0 0 0 0.00200162 0.999998
391.400000000 25.5508 33.487 0 0 0 0.00184453 0.999998
391.500000000 25.5708 33.487 0 0 0 0.00168744 0.999999
391.600000000 25.5908 33.487 0 0 0 0.00153035 0.999999
391.700000000 25.6092 33.487 0 0 0 0.00138634 0.999999
391.800000000 25.6292 33.487 0 0 0 0.00122925 0.999999
391.900000000 25.6475 33.487 0 0 0 0.00108525 0.999999
392.000000000 25.6675 33.487 0 0 0 0.000928158 1
392.100000000 25.6875 33.487 0 0 0 0.000771066 1
392.200000000 25.7075 33.4869 0 0 0 0.000613973 1
392.300000000 25.7275 33.4869 0 0 0 0.000456881 1
392.400000000 25.7458 33.4869 0 0 0 0.000312879 1
392.500000000 25.7658 33.4868 0 0 0 0.000155787 1
392.600000000 25.7858 33.4867 0 0 0 -1.30587e-06 1
392.700000000 25.8058 33.4867 0 0 0 -0.000158398 1
392.800000000 25.8258 33.4866 0 0 0 -0.000315491 1
392.900000000 25.8458 33.4865 0 0 0 -0.000472584 1
393.000000000 25.8658 33.4865 0 0 0 -0.000629676 1
393.100000000 25.8858 33.4864 0 0 0 -0.000786769 1
393.200000000 25.9058 33.4863 0 0 0 -0.000943861 1
393.300000000 25.9258 33.4862 0 0 0 -0.00110095 0.999999
393.400000000 25.9458 33.4861 0 0 0 -0.00125805 0.999999
393.500000000 25.9658 33.486 0 0 0 -0.00141514 0.999999
393.600000000 25.9842 33.4858 0 0 0 -0.00155914 0.999999
393.700000000 26.0042 33.4857 0 0 0 -0.00171623 0.999999
393.800000000 26.0242 33.4856 0 0 0 -0.00187332 0.999998
393.900000000 26.0442 33.4855 0 0 0 -0.00203042 0.999998
394.000000000 26.0642 33.4853 0 0 0 -0.00218751 0.999998
394.100000000 26.0842 33.4852 0 0 0 -0.0023446 0.999997
394.200000000 26.1042 33.485 0 0 0 -0.00250169 0.999997
394.300000000 26.1242 33.4848 0 0 0 -0.00265879 0.999996
394.400000000 26.1442 33.4847 0 0 0 -0.00281588 0.999996
394.500000000 26.1658 33.4845 0 0 0 -0.00298606 0.999996
394.600000000 26.1858 33.4843 0 0 0 -0.00314315 0.999995
394.700000000 26.2058 33.4841 0 0 0 -0.00330024 0.999995
394.800000000 26.2241 33.4839 0 0 0 -0.00344424 0.999994
394.900000000 26.2441 33.4837 0 0 0 -0.00360134 0.999994
395.000000000 26.2641 33.4835 0 0 0 -0.00375843 0.999993
395.100000000 26.2825 33.4833 0 0 0 -0.00390243 0.999992
395.200000000 26.3025 33.4832 0 0 0 -0.00390243 0.999992
395.300000000 26.3208 33.483 0 0 0 -0.00390243 0.999992
395.400000000 26.3408 33.4829 0 0 0 -0.00390243 0.999992
395.500000000 26.3608 33.4827 0 0 0 -0.00390243 0.999992
395.600000000 26.3808 33.4826 0 0 0 -0.00390243 0.999992
395.700000000 26.4025 33.4824 0 0 0 -0.00390243 0.999992
395.800000000 26.4225 33.4822 0 0 0 -0.00390243 0.999992
395.900000000 26.4425 33.4821 0 0 0 -0.00390243 0.999992
396.000000000 26.4608 33.4819 0 0 0 -0.00390243 0.999992
396.100000000 26.4791 33.4818 0 0 0 -0.00390243 0.999992
396.200000000 26.4991 33.4816 0 0 0 -0.00390243 0.999992
396.300000000 26.5175 33.4815 0 0 0 -0.00390243 0.999992
396.400000000 26.5375 33.4813 0 0 0 -0.00390243 0.999992
396.500000000 26.5575 33.4812 0 0 0 -0.00390243 0.999992
396.600000000 26.5775 33.481 0 0 0 -0.00390243 0.999992
396.700000000 26.5991 33.4809 0 0 0 -0.00390243 0.999992
396.800000000 26.6191 33.4807 0 0 0 -0.00390243 0.999992
396.900000000 26.6391 33.4805 0 0 0 -0.00390243 0.999992
397.000000000 26.6591 33.4804 0 0 0 -0.00390243 0.999992
397.100000000 26.6791 33.4802 0 0 0 -0.00390243 0.999992
397.200000000 26.6975 33.4801 0 0 0 -0.00390243 0.999992
397.300000000 26.7175 33.4799 0 0 0 -0.00390243 0.999992
397.400000000 26.7375 33.4798 0 0 0 -0.00390243 0.999992
397.500000000 26.7575 33.4796 0 0 0 -0.00390243 0.999992
397.600000000 26.7775 33.4795 0 0 0 -0.00390243 0.999992
397.700000000 26.7958 33.4793 0 0 0 -0.00390243 0.999992
397.800000000 26.8158 33.4792 0 0 0 -0.00390243 0.999992
397.900000000 26.8375 33.479 0 0 0 -0.00390243 0.999992
398.000000000 26.8575 33.4788 0 0 0 -0.00390243 0.999992
398.100000000 26.8775 33.4787 0 0 0 -0.00390243 0.999992
398.200000000 26.8975 33.4785 0 0 0 -0.00390243 0.999992
398.300000000 26.9175 33.4784 0 0 0 -0.00390243 0.999992
398.400000000 26.9358 33.4782 0 0 0 -0.00390243 0.999992
398.500000000 26.9558 33.4781 0 0 0 -0.00390243 0.999992
398.600000000 26.9758 33.4779 0 0 0 -0.00390243 0.999992
398.700000000 26.9958 33.4778 0 0 0 -0.00390243 0.999992
398.800000000 27.0158 33.4776 0 0 0 -0.00390243 0.999992
398.900000000 27.0358 33.4774 0 0 0 -0.00390243 0.999992
399.000000000 27.0558 33.4773 0 0 0 -0.00390243 0.999992
399.100000000 27.0758 33.4771 0 0 0 -0.00390243 0.999992
399.200000000 27.0958 33.477 0 0 0 -0.00390243 0.999992
399.300000000 27.1158 33.4768 0 0 0 -0.00390243 0.999992
399.400000000 27.1358 33.4767 0 0 0 -0.00390243 0.999992
399.500000000 27.1558 33.4765 0 0 0 -0.00390243 0.999992
399.600000000 27.1741 33.4764 0 0 0 -0.00390243 0.999992
399.700000000 27.1924 33.4762 0 0 0 -0.00390243 0.999992
399.800000000 27.2124 33.4761 0 0 0 -0.00390243 0.999992
399.900000000 27.2308 33.4759 0 0 0 -0.00390243 0.999992
400.000000000 27.2508 33.4758 0 0 0 -0.00390243 0.999992
400.100000000 27.2708 33.4756 0 0 0 -0.00390243 0.999992
400.200000000 27.2908 33.4755 0 0 0 -0.00390243 0.999992
400.300000000 27.3124 33.4753 0 0 0 -0.00390243 0.999992
400.400000000 27.3324 33.4751 0 0 0 -0.00390243 0.999992
400.500000000 27.3541 33.475 0 0 0 -0.00390243 0.999992
400.600000000 27.3741 33.4748 0 0 0 -0.00390243 0.999992
400.700000000 27.3941 33.4747 0 0 0 -0.00390243 0.999992
400.800000000 27.4124 33.4745 0 0 0 -0.00390243 0.999992
400.900000000 27.4308 33.4744 0 0 0 -0.00390243 0.999992
401.000000000 27.4508 33.4742 0 0 0 -0.00390243 0.999992
401.100000000 27.4691 33.4741 0 0 0 -0.00390243 0.999992
401.200000000 27.4891 33.4739 0 0 0 -0.00390243 0.999992
401.300000000 27.5091 33.4738 0 0 0 -0.00390243 0.999992
401.400000000 27.5291 33.4736 0 0 0 -0.00390243 0.999992
401.500000000 27.5508 33.4734 0 0 0 -0.00390243 0.999992
401.600000000 27.5708 33.4733 0 0 0 -0.00390243 0.999992
401.700000000 27.5908 33.4731 0 0 0 -0.00390243 0.999992
401.800000000 27.6108 33.473 0 0 0 -0.00390243 0.999992
401.900000000 27.6308 33.4728 0 0 0 -0.00390243 0.999992
402.000000000 27.6491 33.4727 0 0 0 -0.00390243 0.999992
402.100000000 27.6674 33.4725 0 0 0 -0.00390243 0.999992
402.200000000 27.6874 33.4724 0 0 0 -0.00390243 0.999992
402.300000000 27.7058 33.4722 0 0 0 -0.00390243 0.999992
402.400000000 27.7258 33.4721 0 0 0 -0.00390243 0.999992
402.500000000 27.7441 33.4719 0 0 0 -0.00390243 0.999992
402.600000000 27.7641 33.4718 0 0 0 -0.00390243 0.999992
402.700000000 27.7858 33.473 0 0 0 -0.000382474 1
402.800000000 27.8435 33.4814 0 0 0 0.0206564 0.999787
402.900000000 27.8936 33.4933 0 0 0 0.0452497 0.998976
403.000000000 27.9423 33.5077 0 0 0 0.0702074 0.997532
403.100000000 27.9901 33.5246 0 0 0 0.0951212 0.995466
403.200000000 28.0371 33.5438 0 0 0 0.119975 0.992777
403.300000000 28.0903 33.5657 0 0 0 0.141233 0.989976
403.400000000 28.1434 33.59 0 0 0 0.16203 0.986786
403.500000000 28.1954 33.6164 0 0 0 0.182755 0.983158
403.600000000 28.2463 33.645 0 0 0 0.203399 0.979096
403.700000000 28.2959 33.6757 0 0 0 0.223953 0.9746
403.800000000 28.3442 33.7085 0 0 0 0.244408 0.969672
403.900000000 28.391 33.7433 0 0 0 0.264755 0.964316
404.000000000 28.4364 33.78 0 0 0 0.284984 0.958532
404.100000000 28.4802 33.8186 0 0 0 0.305087 0.952324
404.200000000 28.5223 33.859 0 0 0 0.325056 0.945695
404.300000000 28.5783 33.9089 0 0 0 0.336627 0.941638
404.400000000 28.6342 33.9591 0 0 0 0.344692 0.938716
404.500000000 28.6882 34.0087 0 0 0 0.351249 0.936282
404.600000000 28.7404 34.0579 0 0 0 0.357641 0.933859
404.700000000 28.7895 34.1054 0 0 0 0.36372 0.931508
404.800000000 28.8425 34.1586 0 0 0 0.37117 0.928565
404.900000000 28.8946 34.2126 0 0 0 0.378596 0.925562
405.000000000 28.9458 34.2674 0 0 0 0.385997 0.9225
405.100000000 28.9962 34.3231 0 0 0 0.393374 0.919379
405.200000000 29.0456 34.3795 0 0 0 0.400725 0.916198
405.300000000 29.083 34.4199 0 0 0 0.400725 0.916198
405.400000000 29.1216 34.4614 0 0 0 0.400318 0.916376
405.500000000 29.1568 34.4992 0 0 0 0.399946 0.916539
405.600000000 29.1909 34.5357 0 0 0 0.399586 0.916696
405.700000000 29.2239 34.571 0 0 0 0.399238 0.916848
405.800000000 29.2558 34.6051 0 0 0 0.398901 0.916994
405.900000000 29.2866 34.6379 0 0 0 0.398577 0.917135
406.000000000 29.3163 34.6695 0 0 0 0.398265 0.91727
406.100000000 29.3448 34.6999 0 0 0 0.397965 0.917401
406.200000000 29.3745 34.7314 0 0 0 0.397653 0.917536
406.300000000 29.4033 34.7616 0 0 0 0.396751 0.917926
406.400000000 29.4321 34.7916 0 0 0 0.395849 0.918316
406.500000000 29.4599 34.8205 0 0 0 0.394983 0.918689
406.600000000 29.4865 34.848 0 0 0 0.394152 0.919045
406.700000000 29.512 34.8744 0 0 0 0.393357 0.919386
406.800000000 29.5364 34.8994 0 0 0 0.392599 0.91971
406.900000000 29.5609 34.9245 0 0 0 0.391839 0.920034
407.000000000 29.5842 34.9483 0 0 0 0.391116 0.920341
407.100000000 29.6064 34.9709 0 0 0 0.390429 0.920633
407.200000000 29.6274 34.9923 0 0 0 0.389777 0.920909
407.300000000 29.6485 35.0137 0 0 0 0.389343 0.921093
407.400000000 29.6683 35.0339 0 0 0 0.388933 0.921266
407.500000000 29.6871 35.0529 0 0 0 0.388547 0.921429
407.600000000 29.7058 35.0718 0 0 0 0.388161 0.921592
407.700000000 29.7234 35.0896 0 0 0 0.387799 0.921744
407.800000000 29.741 35.1074 0 0 0 0.387437 0.921896
407.900000000 29.7574 35.1239 0 0 0 0.387099 0.922038
408.000000000 29.7738 35.1405 0 0 0 0.386761 0.92218
408.100000000 29.7903 35.157 0 0 0 0.386423 0.922322
408.200000000 29.8056 35.1724 0 0 0 0.386109 0.922453
408.300000000 29.8209 35.1877 0 0 0 0.385794 0.922585
408.400000000 29.835 35.2019 0 0 0 0.385505 0.922706
408.500000000 29.8492 35.216 0 0 0 0.385215 0.922827
408.600000000 29.8621 35.229 0 0 0 0.384949 0.922938
408.700000000 29.8763 35.2431 0 0 0 0.384659 0.923059
408.800000000 29.8905 35.2572 0 0 0 0.384369 0.92318
408.900000000 29.9058 35.2725 0 0 0 0.384211 0.923245
409.000000000 29.9199 35.2867 0 0 0 0.384066 0.923305
409.100000000 29.9341 35.3008 0 0 0 0.383921 0.923366
409.200000000 29.9482 35.315 0 0 0 0.383776 0.923426
409.300000000 29.9636 35.3303 0 0 0 0.383619 0.923491
409.400000000 29.9777 35.3444 0 0 0 0.383474 0.923552
409.500000000 29.9919 35.3585 0 0 0 0.383329 0.923612
409.600000000 30.0049 35.3714 0 0 0 0.383196 0.923667
409.700000000 30.019 35.3856 0 0 0 0.383051 0.923727
409.800000000 30.0332 35.3997 0 0 0 0.382906 0.923787
409.900000000 30.0462 35.4126 0 0 0 0.382773 0.923843
410.000000000 30.0604 35.4267 0 0 0 0.382628 0.923903
410.100000000 30.0746 35.4408 0 0 0 0.382482 0.923963
410.200000000 30.0888 35.4549 0 0 0 0.382337 0.924023
410.300000000 30.1042 35.4701 0 0 0 0.38218 0.924088
410.400000000 30.1184 35.4842 0 0 0 0.382035 0.924148
410.500000000 30.1326 35.4983 0 0 0 0.38189 0.924208
410.600000000 30.1456 35.5112 0 0 0 0.381757 0.924263
410.700000000 30.1598 35.5253 0 0 0 0.381611 0.924323
410.800000000 30.174 35.5393 0 0 0 0.381466 0.924383
410.900000000 30.1882 35.5534 0 0 0 0.381321 0.924443
411.000000000 30.2025 35.5675 0 0 0 0.381176 0.924503
411.100000000 30.2167 35.5815 0 0 0 0.38103 0.924562
411.200000000 30.2309 35.5956 0 0 0 0.380885 0.924622
411.300000000 30.2464 35.6108 0 0 0 0.380728 0.924687
411.400000000 30.2606 35.6248 0 0 0 0.380583 0.924747
411.500000000 30.2749 35.6388 0 0 0 0.380437 0.924807
411.600000000 30.2879 35.6517 0 0 0 0.380304 0.924861
411.700000000 30.3022 35.6657 0 0 0 0.380159 0.924921
411.800000000 30.3165 35.6797 0 0 0 0.380014 0.924981
411.900000000 30.3319 35.6949 0 0 0 0.379856 0.925046
412.000000000 30.3462 35.7089 0 0 0 0.379711 0.925105
412.100000000 30.3605 35.7229 0 0 0 0.379565 0.925165
412.200000000 30.3747 35.7369 0 0 0 0.37942 0.925224
412.300000000 30.3878 35.7498 0 0 0 0.379287 0.925279
412.400000000 30.4021 35.7638 0 0 0 0.379142 0.925339
412.500000000 30.4164 35.7778 0 0 0 0.378996 0.925398
412.600000000 30.4295 35.7906 0 0 0 0.378863 0.925453
412.700000000 30.4438 35.8046 0 0 0 0.378718 0.925512
412.800000000 30.4581 35.8185 0 0 0 0.378572 0.925572
412.900000000 30.4725 35.8325 0 0 0 0.378427 0.925631
413.000000000 30.488 35.8476 0 0 0 0.378269 0.925696
413.100000000 30.5023 35.8616 0 0 0 0.378124 0.925755
413.200000000 30.5178 35.8767 0 0 0 0.377966 0.925819
413.300000000 30.5333 35.8919 0 0 0 0.377966 0.925819
413.400000000 30.5476 35.9059 0 0 0 0.377966 0.925819
413.500000000 30.563 35.921 0 0 0 0.377966 0.925819
413.600000000 30.5785 35.9362 0 0 0 0.377966 0.925819
413.700000000 30.5928 35.9502 0 0 0 0.377966 0.925819
413.800000000 30.6083 35.9654 0 0 0 0.377966 0.925819
413.900000000 30.6238 35.9805 0 0 0 0.377966 0.925819
414.000000000 30.638 35.9945 0 0 0 0.377966 0.925819
414.100000000 30.6523 36.0085 0 0 0 0.377966 0.925819
414.200000000 30.6678 36.0237 0 0 0 0.377966 0.925819
414.300000000 30.6833 36.0389 0 0 0 0.377966 0.925819
414.400000000 30.6999 36.0552 0 0 0 0.377966 0.925819
414.500000000 30.7154 36.0703 0 0 0 0.377966 0.925819
414.600000000 30.7309 36.0855 0 0 0 0.377966 0.925819
414.700000000 30.7476 36.1018 0 0 0 0.377966 0.925819
414.800000000 30.763 36.117 0 0 0 0.377966 0.925819
414.900000000 30.7785 36.1322 0 0 0 0.377966 0.925819
415.000000000 30.7928 36.1462 0 0 0 0.377966 0.925819
415.100000000 30.8071 36.1602 0 0 0 0.377966 0.925819
415.200000000 30.8226 36.1753 0 0 0 0.377966 0.925819
415.300000000 30.8368 36.1893 0 0 0 0.377966 0.925819
415.400000000 30.8523 36.2045 0 0 0 0.377966 0.925819
415.500000000 30.8678 36.2196 0 0 0 0.377966 0.925819
415.600000000 30.8821 36.2336 0 0 0 0.377966 0.925819
415.700000000 30.8976 36.2488 0 0 0 0.377966 0.925819
415.800000000 30.913 36.264 0 0 0 0.377966 0.925819
415.900000000 30.9285 36.2791 0 0 0 0.377966 0.925819
416.000000000 30.9452 36.2955 0 0 0 0.377966 0.925819
416.100000000 30.9607 36.3106 0 0 0 0.377966 0.925819
416.200000000 30.9761 36.3258 0 0 0 0.377966 0.925819
416.300000000 30.9904 36.3398 0 0 0 0.377966 0.925819
416.400000000 31.0059 36.355 0 0 0 0.377966 0.925819
416.500000000 31.0214 36.3701 0 0 0 0.377966 0.925819
416.600000000 31.0357 36.3841 0 0 0 0.377966 0.925819
416.700000000 31.0499 36.3981 0 0 0 0.377966 0.925819
416.800000000 31.0654 36.4133 0 0 0 0.377966 0.925819
416.900000000 31.0821 36.4296 0 0 0 0.377966 0.925819
417.000000000 31.0976 36.4448 0 0 0 0.377966 0.925819
417.100000000 31.113 36.4599 0 0 0 0.377966 0.925819
417.200000000 31.1273 36.4739 0 0 0 0.377966 0.925819
417.300000000 31.1428 36.4891 0 0 0 0.377966 0.925819
417.400000000 31.1583 36.5043 0 0 0 0.377966 0.925819
417.500000000 31.1749 36.5206 0 0 0 0.377966 0.925819
417.600000000 31.1904 36.5357 0 0 0 0.377966 0.925819
417.700000000 31.2059 36.5509 0 0 0 0.377966 0.925819
417.800000000 31.2226 36.5672 0 0 0 0.377966 0.925819
417.900000000 31.2368 36.5812 0 0 0 0.377966 0.925819
418.000000000 31.2523 36.5964 0 0 0 0.377966 0.925819
418.100000000 31.269 36.6127 0 0 0 0.377966 0.925819
418.200000000 31.2868 36.6302 0 0 0 0.377966 0.925819
418.300000000 31.3023 36.6454 0 0 0 0.377966 0.925819
418.400000000 31.319 36.6617 0 0 0 0.377966 0.925819
418.500000000 31.3345 36.6769 0 0 0 0.377966 0.925819
418.600000000 31.3499 36.6921 0 0 0 0.377966 0.925819
418.700000000 31.3666 36.7084 0 0 0 0.377966 0.925819
418.800000000 31.3821 36.7235 0 0 0 0.377966 0.925819
418.900000000 31.3976 36.7387 0 0 0 0.377966 0.925819
419.000000000 31.4142 36.755 0 0 0 0.377966 0.925819
419.100000000 31.4285 36.769 0 0 0 0.377966 0.925819
419.200000000 31.444 36.7842 0 0 0 0.377966 0.925819
419.300000000 31.4607 36.8005 0 0 0 0.377966 0.925819
419.400000000 31.4785 36.818 0 0 0 0.377966 0.925819
419.500000000 31.4952 36.8344 0 0 0 0.377966 0.925819
419.600000000 31.5118 36.8507 0 0 0 0.377966 0.925819
419.700000000 31.5297 36.8682 0 0 0 0.377966 0.925819
419.800000000 31.5452 36.8833 0 0 0 0.377966 0.925819
419.900000000 31.5618 36.8997 0 0 0 0.377966 0.925819
420.000000000 31.5773 36.9148 0 0 0 0.377966 0.925819
420.100000000 31.5928 36.93 0 0 0 0.377966 0.925819
420.200000000 31.6095 36.9463 0 0 0 0.377966 0.925819
420.300000000 31.6249 36.9615 0 0 0 0.377966 0.925819
420.400000000 31.6404 36.9767 0 0 0 0.377966 0.925819
420.500000000 31.6571 36.993 0 0 0 0.377966 0.925819
420.600000000 31.6749 37.0105 0 0 0 0.377966 0.925819
420.700000000 31.6904 37.0256 0 0 0 0.377966 0.925819
420.800000000 31.7071 37.042 0 0 0 0.377966 0.925819
420.900000000 31.7226 37.0571 0 0 0 0.377966 0.925819
421.000000000 31.738 37.0723 0 0 0 0.377966 0.925819
421.100000000 31.7547 37.0886 0 0 0 0.377966 0.925819
421.200000000 31.7737 37.1073 0 0 0 0.377966 0.925819
421.300000000 31.7904 37.1236 0 0 0 0.377966 0.925819
421.400000000 31.8083 37.1411 0 0 0 0.377966 0.925819
421.500000000 31.8237 37.1563 0 0 0 0.377966 0.925819
421.600000000 31.8404 37.1726 0 0 0 0.377966 0.925819
421.700000000 31.8583 37.1901 0 0 0 0.377966 0.925819
421.800000000 31.8737 37.2053 0 0 0 0.377966 0.925819
421.900000000 31.8904 37.2216 0 0 0 0.377966 0.925819
422.000000000 31.9083 37.2391 0 0 0 0.377966 0.925819
422.100000000 31.9237 37.2543 0 0 0 0.377966 0.925819
422.200000000 31.9404 37.2706 0 0 0 0.377966 0.925819
422.300000000 31.9547 37.2846 0 0 0 0.377966 0.925819
422.400000000 31.9702 37.2998 0 0 0 0.377966 0.925819
422.500000000 31.9868 37.3161 0 0 0 0.377966 0.925819
422.600000000 32.0047 37.3336 0 0 0 0.377966 0.925819
422.700000000 32.0202 37.3487 0 0 0 0.377966 0.925819
422.800000000 32.0368 37.3651 0 0 0 0.377966 0.925819
422.900000000 32.0511 37.3791 0 0 0 0.377966 0.925819
423.000000000 32.0666 37.3942 0 0 0 0.377966 0.925819
423.100000000 32.0833 37.4106 0 0 0 0.377966 0.925819
423.200000000 32.1011 37.4281 0 0 0 0.377966 0.925819
423.300000000 32.1166 37.4432 0 0 0 0.377966 0.925819
423.400000000 32.1333 37.4596 0 0 0 0.377966 0.925819
423.500000000 32.1476 37.4736 0 0 0 0.377966 0.925819
423.600000000 32.163 37.4887 0 0 0 0.377966 0.925819
423.700000000 32.1797 37.5051 0 0 0 0.377966 0.925819
423.800000000 32.1976 37.5225 0 0 0 0.377966 0.925819
423.900000000 32.213 37.5377 0 0 0 0.377966 0.925819
424.000000000 32.2297 37.554 0 0 0 0.377966 0.925819
424.100000000 32.2547 37.5785 0 0 0 0.377966 0.925819
424.200000000 32.2749 37.5984 0 0 0 0.377966 0.925819
424.300000000 32.2928 37.6159 0 0 0 0.377966 0.925819
424.400000000 32.3083 37.631 0 0 0 0.377966 0.925819
424.500000000 32.3249 37.6474 0 0 0 0.377966 0.925819
424.600000000 32.3535 37.6753 0 0 0 0.377966 0.925819
424.700000000 32.3702 37.6917 0 0 0 0.377966 0.925819
424.800000000 32.388 37.7092 0 0 0 0.377966 0.925819
424.900000000 32.4035 37.7243 0 0 0 0.377966 0.925819
425.000000000 32.4202 37.7407 0 0 0 0.377966 0.925819
425.100000000 32.4452 37.7652 0 0 0 0.377966 0.925819
425.200000000 32.4761 37.7955 0 0 0 0.377966 0.925819
425.300000000 32.5059 37.8247 0 0 0 0.377966 0.925819
425.400000000 32.519 37.8375 0 0 0 0.377966 0.925819
425.500000000 32.5333 37.8515 0 0 0 0.377966 0.925819
425.600000000 32.5487 37.8666 0 0 0 0.377966 0.925819
425.700000000 32.5761 37.8935 0 0 0 0.377966 0.925819
425.800000000 32.6023 37.9191 0 0 0 0.377966 0.925819
425.900000000 32.6154 37.932 0 0 0 0.377966 0.925819
426.000000000 32.6297 37.946 0 0 0 0.377966 0.925819
426.100000000 32.6547 37.9705 0 0 0 0.377966 0.925819
426.200000000 32.6785 37.9938 0 0 0 0.377966 0.925819
426.300000000 32.7011 38.0159 0 0 0 0.377966 0.925819
426.400000000 32.7237 38.0381 0 0 0 0.377966 0.925819
426.500000000 32.7452 38.0591 0 0 0 0.377966 0.925819
426.600000000 32.7654 38.0789 0 0 0 0.377966 0.925819
426.700000000 32.7856 38.0988 0 0 0 0.377966 0.925819
426.800000000 32.8047 38.1174 0 0 0 0.377966 0.925819
426.900000000 32.8237 38.1361 0 0 0 0.377966 0.925819
427.000000000 32.8416 38.1536 0 0 0 0.377966 0.925819
427.100000000 32.8583 38.1699 0 0 0 0.377966 0.925819
427.200000000 32.8749 38.1862 0 0 0 0.377966 0.925819
427.300000000 32.8904 38.2014 0 0 0 0.377966 0.925819
427.400000000 32.9059 38.2166 0 0 0 0.377966 0.925819
427.500000000 32.9214 38.2317 0 0 0 0.377966 0.925819
427.600000000 32.9356 38.2457 0 0 0 0.377966 0.925819
427.700000000 32.9499 38.2597 0 0 0 0.377966 0.925819
427.800000000 32.9654 38.2749 0 0 0 0.377966 0.925819
427.900000000 32.9821 38.2912 0 0 0 0.377966 0.925819
428.000000000 32.9976 38.3064 0 0 0 0.377966 0.925819
428.100000000 33.013 38.3216 0 0 0 0.377966 0.925819
428.200000000 33.0273 38.3355 0 0 0 0.377966 0.925819
428.300000000 33.0428 38.3507 0 0 0 0.377966 0.925819
428.400000000 33.0583 38.3659 0 0 0 0.377966 0.925819
428.500000000 33.0726 38.3799 0 0 0 0.377966 0.925819
428.600000000 33.088 38.395 0 0 0 0.377966 0.925819
428.700000000 33.1035 38.4102 0 0 0 0.377966 0.925819
428.800000000 33.1178 38.4242 0 0 0 0.377966 0.925819
428.900000000 33.1333 38.4394 0 0 0 0.377966 0.925819
429.000000000 33.1487 38.4545 0 0 0 0.377966 0.925819
429.100000000 33.1642 38.4697 0 0 0 0.377966 0.925819
429.200000000 33.1809 38.486 0 0 0 0.377966 0.925819
429.300000000 33.1963 38.5013 0 0 0 0.378281 0.925691
429.400000000 33.2105 38.5154 0 0 0 0.378572 0.925572
429.500000000 33.2246 38.5295 0 0 0 0.378863 0.925453
429.600000000 33.24 38.5448 0 0 0 0.379178 0.925324
429.700000000 33.2553 38.5601 0 0 0 0.379493 0.925195
429.800000000 33.2718 38.5766 0 0 0 0.379832 0.925055
429.900000000 33.2872 38.5919 0 0 0 0.380147 0.924926
430.000000000 33.3025 38.6072 0 0 0 0.380462 0.924796
430.100000000 33.3189 38.6237 0 0 0 0.380801 0.924657
430.200000000 33.3342 38.6391 0 0 0 0.381116 0.924527
430.300000000 33.3494 38.6546 0 0 0 0.381746 0.924267
430.400000000 33.3634 38.6688 0 0 0 0.382327 0.924027
430.500000000 33.3785 38.6844 0 0 0 0.382957 0.923766
430.600000000 33.3937 38.6999 0 0 0 0.383587 0.923505
430.700000000 33.4076 38.7142 0 0 0 0.384168 0.923263
430.800000000 33.4215 38.7286 0 0 0 0.384748 0.923021
430.900000000 33.4366 38.7442 0 0 0 0.385377 0.922759
431.000000000 33.4504 38.7586 0 0 0 0.385958 0.922516
431.100000000 33.4655 38.7742 0 0 0 0.386587 0.922253
431.200000000 33.4805 38.7898 0 0 0 0.387215 0.921989
431.300000000 33.4965 38.8068 0 0 0 0.388232 0.921562
431.400000000 33.5125 38.8238 0 0 0 0.389248 0.921133
431.500000000 33.5273 38.8396 0 0 0 0.390191 0.920734
431.600000000 33.542 38.8555 0 0 0 0.391133 0.920334
431.700000000 33.5568 38.8714 0 0 0 0.392076 0.919933
431.800000000 33.5715 38.8873 0 0 0 0.393018 0.919531
431.900000000 33.585 38.902 0 0 0 0.393887 0.919159
432.000000000 33.5986 38.9167 0 0 0 0.394755 0.918786
432.100000000 33.6132 38.9327 0 0 0 0.395696 0.918382
432.200000000 33.6266 38.9475 0 0 0 0.396564 0.918007
432.300000000 33.6412 38.9636 0 0 0 0.397504 0.917601
432.400000000 33.6557 38.9797 0 0 0 0.398443 0.917193
432.500000000 33.6691 38.9945 0 0 0 0.39931 0.916816
432.600000000 33.6824 39.0094 0 0 0 0.400177 0.916438
432.700000000 33.6946 39.0231 0 0 0 0.400971 0.916091
432.800000000 33.7077 39.0382 0 0 0 0.402421 0.915455
432.900000000 33.7218 39.0547 0 0 0 0.404151 0.914692
433.000000000 33.7359 39.0712 0 0 0 0.40588 0.913926
433.100000000 33.7488 39.0866 0 0 0 0.407474 0.913217
433.200000000 33.7616 39.1019 0 0 0 0.409067 0.912504
433.300000000 33.7773 39.1214 0 0 0 0.411994 0.911187
433.400000000 33.8237 39.1804 0 0 0 0.42128 0.906931
433.500000000 33.8689 39.2403 0 0 0 0.430522 0.90258
433.600000000 33.9129 39.3011 0 0 0 0.43972 0.898135
433.700000000 33.9557 39.3628 0 0 0 0.448871 0.893597
433.800000000 33.9668 39.3795 0 0 0 0.451164 0.892441
433.900000000 34.008 39.4423 0 0 0 0.460256 0.887786
434.000000000 34.0478 39.5059 0 0 0 0.469301 0.883038
434.100000000 34.0864 39.5703 0 0 0 0.478297 0.878198
434.200000000 34.1236 39.6355 0 0 0 0.487242 0.873267
434.300000000 34.1597 39.7013 0 0 0 0.495673 0.868509
434.400000000 34.1945 39.7678 0 0 0 0.504056 0.863671
434.500000000 34.228 39.835 0 0 0 0.512393 0.858751
434.600000000 34.2602 39.9028 0 0 0 0.520682 0.853751
434.700000000 34.291 39.9712 0 0 0 0.528921 0.848671
434.800000000 34.3206 40.0402 0 0 0 0.537112 0.843511
434.900000000 34.3488 40.1098 0 0 0 0.545251 0.838273
435.000000000 34.3756 40.1799 0 0 0 0.55334 0.832955
435.100000000 34.4011 40.2505 0 0 0 0.561377 0.82756
435.200000000 34.4246 40.3218 0 0 0 0.570657 0.821189
435.300000000 34.4464 40.3937 0 0 0 0.580277 0.814419
435.400000000 34.4664 40.4661 0 0 0 0.589816 0.807537
435.500000000 34.4847 40.5389 0 0 0 0.599275 0.800544
435.600000000 34.5013 40.6121 0 0 0 0.60865 0.793439
435.700000000 34.5162 40.6857 0 0 0 0.617941 0.786225
435.800000000 34.5293 40.7597 0 0 0 0.627146 0.778901
435.900000000 34.5407 40.8339 0 0 0 0.636265 0.77147
436.000000000 34.5504 40.9083 0 0 0 0.645296 0.763933
436.100000000 34.5583 40.983 0 0 0 0.654237 0.756289
436.200000000 34.5644 41.0579 0 0 0 0.663088 0.748541
436.300000000 34.5696 41.1327 0 0 0 0.670303 0.742088
436.400000000 34.5736 41.2077 0 0 0 0.677053 0.735934
436.500000000 34.5761 41.2827 0 0 0 0.683748 0.729719
436.600000000 34.5774 41.3578 0 0 0 0.690385 0.723443
436.700000000 34.5772 41.4328 0 0 0 0.696964 0.717106
436.800000000 34.5757 41.5079 0 0 0 0.703485 0.71071
436.900000000 34.5728 41.5829 0 0 0 0.709948 0.704254
437.000000000 34.5686 41.6578 0 0 0 0.716351 0.69774
437.100000000 34.5629 41.7326 0 0 0 0.722695 0.691167
437.200000000 34.5559 41.8074 0 0 0 0.728978 0.684537
437.300000000 34.5506 41.8822 0 0 0 0.73002 0.683426
437.400000000 34.5454 41.957 0 0 0 0.730548 0.682861
437.500000000 34.54 42.0318 0 0 0 0.731076 0.682296
437.600000000 34.5345 42.1066 0 0 0 0.731603 0.68173
437.700000000 34.5289 42.1814 0 0 0 0.73213 0.681165
437.800000000 34.5232 42.2562 0 0 0 0.732657 0.680598
437.900000000 34.5174 42.3309 0 0 0 0.733183 0.680031
438.000000000 34.5115 42.4057 0 0 0 0.733709 0.679464
438.100000000 34.5054 42.4805 0 0 0 0.734234 0.678897
438.200000000 34.4992 42.5552 0 0 0 0.734759 0.678329
438.300000000 34.4929 42.6299 0 0 0 0.735283 0.67776
438.400000000 34.4865 42.7047 0 0 0 0.735807 0.677191
438.500000000 34.48 42.7794 0 0 0 0.73633 0.676622
438.600000000 34.4734 42.8541 0 0 0 0.736853 0.676053
438.700000000 34.4666 42.9288 0 0 0 0.737376 0.675483
438.800000000 34.4598 43.0035 0 0 0 0.737898 0.674912
438.900000000 34.4556 43.0784 0 0 0 0.73368 0.679496
439.000000000 34.4523 43.1533 0 0 0 0.729432 0.684053
439.100000000 34.45 43.2283 0 0 0 0.725157 0.688584
439.200000000 34.4486 43.3033 0 0 0 0.720853 0.693088
439.300000000 34.4471 43.3783 0 0 0 0.71832 0.695713
439.400000000 34.4462 43.4533 0 0 0 0.715778 0.698328
439.500000000 34.4458 43.5283 0 0 0 0.713225 0.700935
439.600000000 34.4459 43.6034 0 0 0 0.710664 0.703532
439.700000000 34.4466 43.6784 0 0 0 0.708092 0.70612
439.800000000 34.4479 43.7534 0 0 0 0.705512 0.708698
439.900000000 34.4497 43.8283 0 0 0 0.702922 0.711267
440.000000000 34.452 43.9033 0 0 0 0.700322 0.713827
440.100000000 34.4549 43.9783 0 0 0 0.697714 0.716377
440.200000000 34.4584 44.0532 0 0 0 0.695096 0.718917
440.300000000 34.4609 44.1282 0 0 0 0.695096 0.718917
440.400000000 34.4634 44.2031 0 0 0 0.695096 0.718917
440.500000000 34.4659 44.2781 0 0 0 0.695096 0.718917
440.600000000 34.4685 44.353 0 0 0 0.695096 0.718917
440.700000000 34.471 44.428 0 0 0 0.695096 0.718917
440.800000000 34.4735 44.5029 0 0 0 0.695096 0.718917
440.900000000 34.4761 44.5779 0 0 0 0.695096 0.718917
441.000000000 34.4786 44.6529 0 0 0 0.695096 0.718917
441.100000000 34.4811 44.7278 0 0 0 0.695096 0.718917
441.200000000 34.4836 44.8028 0 0 0 0.695096 0.718917
441.300000000 34.4858 44.8777 0 0 0 0.695651 0.718379
441.400000000 34.488 44.9527 0 0 0 0.696207 0.717841
441.500000000 34.4899 45.0277 0 0 0 0.696762 0.717303
441.600000000 34.4918 45.1027 0 0 0 0.697316 0.716764
441.700000000 34.4936 45.1776 0 0 0 0.69787 0.716224
441.800000000 34.4952 45.2526 0 0 0 0.698424 0.715684
441.900000000 34.4967 45.3276 0 0 0 0.698977 0.715144
442.000000000 34.4981 45.4026 0 0 0 0.69953 0.714603
442.100000000 34.4994 45.4776 0 0 0 0.700082 0.714062
442.200000000 34.5018 45.5526 0 0 0 0.698473 0.715637
442.300000000 34.5045 45.6275 0 0 0 0.69686 0.717208
442.400000000 34.5076 45.7025 0 0 0 0.695243 0.718775
442.500000000 34.511 45.7774 0 0 0 0.693623 0.720339
442.600000000 34.5147 45.8523 0 0 0 0.691999 0.721899
442.700000000 34.5188 45.9272 0 0 0 0.690371 0.723455
442.800000000 34.5232 46.0021 0 0 0 0.688741 0.725008
442.900000000 34.5279 46.0769 0 0 0 0.687106 0.726557
443.000000000 34.533 46.1517 0 0 0 0.685469 0.728102
443.100000000 34.5384 46.2265 0 0 0 0.683827 0.729644
443.200000000 34.5442 46.3013 0 0 0 0.682183 0.731182
443.300000000 34.5485 46.3762 0 0 0 0.683827 0.729644
443.400000000 34.5524 46.4511 0 0 0 0.685469 0.728102
443.500000000 34.5561 46.526 0 0 0 0.687106 0.726557
443.600000000 34.5593 46.601 0 0 0 0.688741 0.725008
443.700000000 34.5623 46.6759 0 0 0 0.690371 0.723455
443.800000000 34.5649 46.7509 0 0 0 0.691999 0.721899
443.900000000 34.5672 46.8258 0 0 0 0.693623 0.720339
444.000000000 34.5691 46.9008 0 0 0 0.695243 0.718775
444.100000000 34.5707 46.9758 0 0 0 0.69686 0.717208
444.200000000 34.572 47.0508 0 0 0 0.698473 0.715637
444.300000000 34.5729 47.1258 0 0 0 0.700082 0.714062
444.400000000 34.5735 47.2008 0 0 0 0.701689 0.712484
444.500000000 34.5737 47.2758 0 0 0 0.703291 0.710902
444.600000000 34.5736 47.3508 0 0 0 0.70489 0.709317
444.700000000 34.5732 47.4258 0 0 0 0.706485 0.707728
444.800000000 34.5724 47.5008 0 0 0 0.708077 0.706135
444.900000000 34.5719 47.5758 0 0 0 0.708623 0.705587
445.000000000 34.5713 47.6508 0 0 0 0.709169 0.705039
445.100000000 34.5705 47.7258 0 0 0 0.709714 0.70449
445.200000000 34.5696 47.8008 0 0 0 0.710258 0.703941
445.300000000 34.5693 47.8758 0 0 0 0.709714 0.70449
445.400000000 34.569 47.9508 0 0 0 0.709169 0.705039
445.500000000 34.5689 48.0258 0 0 0 0.708623 0.705587
445.600000000 34.5689 48.1008 0 0 0 0.708077 0.706135
445.700000000 34.569 48.1758 0 0 0 0.707531 0.706682
445.800000000 34.5692 48.2508 0 0 0 0.706984 0.707229
445.900000000 34.5696 48.3258 0 0 0 0.706437 0.707776
446.000000000 34.57 48.4008 0 0 0 0.70589 0.708322
446.100000000 34.5706 48.4758 0 0 0 0.705342 0.708867
446.200000000 34.5713 48.5508 0 0 0 0.704793 0.709413
446.300000000 34.5721 48.6258 0 0 0 0.704244 0.709958
446.400000000 34.573 48.7008 0 0 0 0.703695 0.710502
446.500000000 34.574 48.7758 0 0 0 0.703146 0.711046
446.600000000 34.5752 48.8508 0 0 0 0.702596 0.711589
446.700000000 34.5764 48.9257 0 0 0 0.702045 0.712133
446.800000000 34.5778 49.0007 0 0 0 0.701494 0.712675
446.900000000 34.5793 49.0757 0 0 0 0.700943 0.713217
447.000000000 34.5809 49.1507 0 0 0 0.700391 0.713759
447.100000000 34.5826 49.2257 0 0 0 0.699839 0.714301
447.200000000 34.5845 49.3007 0 0 0 0.699286 0.714842
447.300000000 34.5861 49.3756 0 0 0 0.699286 0.714842
447.400000000 34.5878 49.4506 0 0 0 0.699286 0.714842
447.500000000 34.5894 49.5256 0 0 0 0.699286 0.714842
447.600000000 34.5911 49.6006 0 0 0 0.699286 0.714842
447.700000000 34.5927 49.6756 0 0 0 0.699286 0.714842
447.800000000 34.5944 49.7505 0 0 0 0.699286 0.714842
447.900000000 34.596 49.8255 0 0 0 0.699286 0.714842
448.000000000 34.5977 49.9005 0 0 0 0.699286 0.714842
448.100000000 34.5993 49.9755 0 0 0 0.699286 0.714842
448.200000000 34.601 50.0505 0 0 0 0.699286 0.714842
448.300000000 34.6023 50.1255 0 0 0 0.699839 0.714301
448.400000000 34.6035 50.2005 0 0 0 0.700391 0.713759
448.500000000 34.6046 50.2754 0 0 0 0.700943 0.713217
448.600000000 34.6056 50.3504 0 0 0 0.701494 0.712675
448.700000000 34.6065 50.4254 0 0 0 0.702045 0.712133
448.800000000 34.6073 50.5004 0 0 0 0.702596 0.711589
448.900000000 34.6079 50.5754 0 0 0 0.703146 0.711046
449.000000000 34.6084 50.6504 0 0 0 0.703695 0.710502
449.100000000 34.6089 50.7254 0 0 0 0.704244 0.709958
449.200000000 34.6092 50.8004 0 0 0 0.704793 0.709413
449.300000000 34.6096 50.8754 0 0 0 0.704793 0.709413
449.400000000 34.6101 50.9504 0 0 0 0.704793 0.709413
449.500000000 34.6106 51.0254 0 0 0 0.704793 0.709413
449.600000000 34.6111 51.1004 0 0 0 0.704793 0.709413
449.700000000 34.6116 51.1754 0 0 0 0.704793 0.709413
449.800000000 34.6121 51.2504 0 0 0 0.704793 0.709413
449.900000000 34.6126 51.3254 0 0 0 0.704793 0.709413
450.000000000 34.6131 51.4004 0 0 0 0.704793 0.709413
450.100000000 34.6136 51.4754 0 0 0 0.704793 0.709413
450.200000000 34.6141 51.5504 0 0 0 0.704793 0.709413
450.300000000 34.6145 51.6254 0 0 0 0.704793 0.709413
450.400000000 34.615 51.7004 0 0 0 0.704793 0.709413
450.500000000 34.6155 51.7754 0 0 0 0.704793 0.709413
450.600000000 34.616 51.8504 0 0 0 0.704793 0.709413
450.700000000 34.6165 51.9254 0 0 0 0.704793 0.709413
450.800000000 34.617 52.0004 0 0 0 0.704793 0.709413
450.900000000 34.6175 52.0754 0 0 0 0.704793 0.709413
451.000000000 34.618 52.1504 0 0 0 0.704793 0.709413
451.100000000 34.6185 52.2254 0 0 0 0.704793 0.709413
451.200000000 34.619 52.3004 0 0 0 0.704793 0.709413
451.300000000 34.6194 52.3754 0 0 0 0.704793 0.709413
451.400000000 34.6199 52.4504 0 0 0 0.704793 0.709413
451.500000000 34.6204 52.5254 0 0 0 0.704793 0.709413
451.600000000 34.6209 52.6004 0 0 0 0.704793 0.709413
451.700000000 34.6214 52.6754 0 0 0 0.704793 0.709413
451.800000000 34.6219 52.7504 0 0 0 0.704793 0.709413
451.900000000 34.6224 52.8254 0 0 0 0.704793 0.709413
452.000000000 34.6229 52.9004 0 0 0 0.704793 0.709413
452.100000000 34.6234 52.9754 0 0 0 0.704793 0.709413
452.200000000 34.6239 53.0504 0 0 0 0.704793 0.709413
452.300000000 34.6243 53.1254 0 0 0 0.704793 0.709413
452.400000000 34.6248 53.2004 0 0 0 0.704793 0.709413
452.500000000 34.6253 53.2754 0 0 0 0.704793 0.709413
452.600000000 34.6258 53.3504 0 0 0 0.704793 0.709413
452.700000000 34.6263 53.4254 0 0 0 0.704793 0.709413
452.800000000 34.6268 53.5004 0 0 0 0.704793 0.709413
452.900000000 34.6273 53.5754 0 0 0 0.704793 0.709413
453.000000000 34.6278 53.6504 0 0 0 0.704793 0.709413
453.100000000 34.6283 53.7254 0 0 0 0.704793 0.709413
453.200000000 34.6288 53.8004 0 0 0 0.704793 0.709413
453.300000000 34.6292 53.8754 0 0 0 0.704793 0.709413
453.400000000 34.6297 53.9504 0 0 0 0.704793 0.709413
453.500000000 34.6302 54.0254 0 0 0 0.704793 0.709413
453.600000000 34.6307 54.1004 0 0 0 0.704793 0.709413
453.700000000 34.6312 54.1754 0 0 0 0.704793 0.709413
453.800000000 34.6317 54.2504 0 0 0 0.704793 0.709413
453.900000000 34.6322 54.3254 0 0 0 0.704793 0.709413
454.000000000 34.6327 54.4004 0 0 0 0.704793 0.709413
454.100000000 34.6332 54.4753 0 0 0 0.704793 0.709413
454.200000000 34.6337 54.5503 0 0 0 0.704793 0.709413
454.300000000 34.6341 54.6253 0 0 0 0.704793 0.709413
454.400000000 34.6346 54.7003 0 0 0 0.704793 0.709413
454.500000000 34.6351 54.7753 0 0 0 0.704793 0.709413
454.600000000 34.6356 54.8503 0 0 0 0.704793 0.709413
454.700000000 34.6361 54.9253 0 0 0 0.704793 0.709413
454.800000000 34.6366 55.0003 0 0 0 0.704793 0.709413
454.900000000 34.6371 55.0753 0 0 0 0.704793 0.709413
455.000000000 34.6376 55.1503 0 0 0 0.704793 0.709413
455.100000000 34.6381 55.2253 0 0 0 0.704793 0.709413
455.200000000 34.6386 55.3003 0 0 0 0.704793 0.709413
455.300000000 34.639 55.3753 0 0 0 0.704793 0.709413
455.400000000 34.6395 55.4503 0 0 0 0.704793 0.709413
455.500000000 34.64 55.5253 0 0 0 0.704793 0.709413
455.600000000 34.6405 55.6003 0 0 0 0.704793 0.709413
455.700000000 34.641 55.6753 0 0 0 0.704793 0.709413
455.800000000 34.6415 55.7503 0 0 0 0.704793 0.709413
455.900000000 34.642 55.8253 0 0 0 0.704793 0.709413
456.000000000 34.6425 55.9003 0 0 0 0.704793 0.709413
456.100000000 34.643 55.9753 0 0 0 0.704793 0.709413
456.200000000 34.6435 56.0503 0 0 0 0.704793 0.709413
456.300000000 34.6439 56.1253 0 0 0 0.704793 0.709413
456.400000000 34.6444 56.2003 0 0 0 0.704793 0.709413
456.500000000 34.6449 56.2753 0 0 0 0.704793 0.709413
456.600000000 34.6454 56.3503 0 0 0 0.704793 0.709413
456.700000000 34.6508 56.4252 0 0 0 0.696042 0.718001
456.800000000 34.661 56.4827 0 0 0 0.680782 0.732486
456.900000000 34.6745 56.5324 0 0 0 0.662553 0.749015
457.000000000 34.6905 56.5805 0 0 0 0.643623 0.765343
457.100000000 34.7089 56.6278 0 0 0 0.62429 0.781193
457.200000000 34.7298 56.6815 0 0 0 0.607397 0.794398
457.300000000 34.7531 56.735 0 0 0 0.59055 0.807001
457.400000000 34.7785 56.7875 0 0 0 0.573441 0.819247
457.500000000 34.8062 56.8388 0 0 0 0.556078 0.83113
457.600000000 34.836 56.889 0 0 0 0.538469 0.842646
457.700000000 34.8679 56.9379 0 0 0 0.520621 0.853788
457.800000000 34.9018 56.9853 0 0 0 0.502543 0.864552
457.900000000 34.9377 57.0314 0 0 0 0.484243 0.874934
458.000000000 34.9755 57.0758 0 0 0 0.465728 0.884928
458.100000000 35.0151 57.1186 0 0 0 0.447007 0.89453
458.200000000 35.0565 57.1598 0 0 0 0.428088 0.903737
458.300000000 35.1063 57.2115 0 0 0 0.415229 0.909717
458.400000000 35.1579 57.2627 0 0 0 0.402717 0.915325
458.500000000 35.2109 57.3125 0 0 0 0.390128 0.920761
458.600000000 35.2653 57.3607 0 0 0 0.377466 0.926023
458.700000000 35.321 57.4075 0 0 0 0.364733 0.931112
458.800000000 35.3779 57.4527 0 0 0 0.351932 0.936026
458.900000000 35.4361 57.4964 0 0 0 0.339065 0.940763
459.000000000 35.4954 57.5384 0 0 0 0.326133 0.945324
459.100000000 35.5559 57.5788 0 0 0 0.313141 0.949707
459.200000000 35.6174 57.6175 0 0 0 0.300089 0.953911
459.300000000 35.6817 57.6564 0 0 0 0.28837 0.957519
459.400000000 35.7467 57.6938 0 0 0 0.277087 0.960845
459.500000000 35.8127 57.7298 0 0 0 0.265766 0.964038
459.600000000 35.8794 57.7641 0 0 0 0.254407 0.967097
459.700000000 35.947 57.7969 0 0 0 0.243014 0.970023
459.800000000 36.0153 57.8281 0 0 0 0.231587 0.972814
459.900000000 36.0843 57.8577 0 0 0 0.220128 0.975471
460.000000000 36.154 57.8856 0 0 0 0.208638 0.977993
460.100000000 36.2244 57.9119 0 0 0 0.19712 0.980379
460.200000000 36.2934 57.9349 0 0 0 0.183658 0.98299
460.300000000 36.363 57.9559 0 0 0 0.170163 0.985416
460.400000000 36.4331 57.9751 0 0 0 0.156635 0.987657
460.500000000 36.5037 57.9923 0 0 0 0.143078 0.989711
460.600000000 36.5739 58.0074 0 0 0 0.129664 0.991558
460.700000000 36.6429 58.0202 0 0 0 0.11654 0.993186
460.800000000 36.7088 58.0308 0 0 0 0.104021 0.994575
460.900000000 36.7734 58.0394 0 0 0 0.0917992 0.995778
461.000000000 36.8348 58.0461 0 0 0 0.0801915 0.996779
461.100000000 36.8947 58.0512 0 0 0 0.068887 0.997624
461.200000000 36.953 58.0548 0 0 0 0.0578881 0.998323
461.300000000 37.013 58.0587 0 0 0 0.0501966 0.998739
461.400000000 37.0729 58.0618 0 0 0 0.0430021 0.999075
461.500000000 37.1313 58.0641 0 0 0 0.0360053 0.999352
461.600000000 37.1863 58.0654 0 0 0 0.0294067 0.999568
461.700000000 37.2397 58.066 0 0 0 0.0230068 0.999735
461.800000000 37.2914 58.0659 0 0 0 0.016806 0.999859
461.900000000 37.3414 58.0651 0 0 0 0.0108046 0.999942
462.000000000 37.3898 58.0639 0 0 0 0.0050029 0.999987
462.100000000 37.4365 58.0621 0 0 0 -0.000598917 1
462.200000000 37.4815 58.0599 0 0 0 -0.00600065 0.999982
462.300000000 37.5248 58.0573 0 0 0 -0.0112022 0.999937
462.400000000 37.5664 58.0543 0 0 0 -0.0162033 0.999869
462.500000000 37.6079 58.051 0 0 0 -0.0212041 0.999775
462.600000000 37.6478 58.0474 0 0 0 -0.0260043 0.999662
462.700000000 37.6877 58.044 0 0 0 -0.0291708 0.999574
462.800000000 37.7275 58.0406 0 0 0 -0.0320159 0.999487
462.900000000 37.7657 58.037 0 0 0 -0.0347422 0.999396
463.000000000 37.8022 58.0334 0 0 0 -0.0373497 0.999302
463.100000000 37.837 58.0298 0 0 0 -0.0398385 0.999206
463.200000000 37.8702 58.0262 0 0 0 -0.0422085 0.999109
463.300000000 37.9034 58.0233 0 0 0 -0.0424701 0.999098
463.400000000 37.9349 58.0205 0 0 0 -0.0427186 0.999087
463.500000000 37.9648 58.0179 0 0 0 -0.042954 0.999077
463.600000000 37.9947 58.0152 0 0 0 -0.0431894 0.999067
463.700000000 38.0229 58.0127 0 0 0 -0.0434118 0.999057
463.800000000 38.0495 58.0103 0 0 0 -0.043621 0.999048
463.900000000 38.076 58.0079 0 0 0 -0.0438303 0.999039
464.000000000 38.1009 58.0056 0 0 0 -0.0440265 0.99903
464.100000000 38.1258 58.0033 0 0 0 -0.0442226 0.999022
464.200000000 38.1491 58.0012 0 0 0 -0.0444057 0.999014
464.300000000 38.1723 57.9991 0 0 0 -0.0444057 0.999014
464.400000000 38.1939 57.9972 0 0 0 -0.0444057 0.999014
464.500000000 38.2155 57.9953 0 0 0 -0.0444057 0.999014
464.600000000 38.2371 57.9933 0 0 0 -0.0444057 0.999014
464.700000000 38.2586 57.9914 0 0 0 -0.0444057 0.999014
464.800000000 38.2786 57.9897 0 0 0 -0.0444057 0.999014
464.900000000 38.3068 57.9871 0 0 0 -0.0444057 0.999014
465.000000000 38.3333 57.9848 0 0 0 -0.0444057 0.999014
465.100000000 38.3782 57.9808 0 0 0 -0.0444057 0.999014
465.200000000 38.4213 57.9769 0 0 0 -0.0444057 0.999014
465.300000000 38.4628 57.9732 0 0 0 -0.0444057 0.999014
465.400000000 38.5375 57.9666 0 0 0 -0.0444057 0.999014
465.500000000 38.6122 57.9599 0 0 0 -0.0444057 0.999014
465.600000000 38.6869 57.9533 0 0 0 -0.0444057 0.999014
465.700000000 38.7616 57.9466 0 0 0 -0.0444057 0.999014
465.800000000 38.8364 57.94 0 0 0 -0.0444057 0.999014
465.900000000 38.9111 57.9333 0 0 0 -0.0444057 0.999014
466.000000000 38.9858 57.9267 0 0 0 -0.0444057 0.999014
466.100000000 39.0605 57.92 0 0 0 -0.0444057 0.999014
466.200000000 39.1352 57.9133 0 0 0 -0.0444057 0.999014
466.300000000 39.2099 57.9067 0 0 0 -0.0444057 0.999014
466.400000000 39.2846 57.9 0 0 0 -0.0444057 0.999014
466.500000000 39.3593 57.8934 0 0 0 -0.0444057 0.999014
466.600000000 39.434 57.8867 0 0 0 -0.0444057 0.999014
466.700000000 39.5087 57.8801 0 0 0 -0.0444057 0.999014
466.800000000 39.5834 57.8734 0 0 0 -0.0444057 0.999014
466.900000000 39.6581 57.8668 0 0 0 -0.0444057 0.999014
467.000000000 39.7328 57.8601 0 0 0 -0.0444057 0.999014
467.100000000 39.8075 57.8535 0 0 0 -0.0444057 0.999014
467.200000000 39.8822 57.8468 0 0 0 -0.0444057 0.999014
467.300000000 39.957 57.8416 0 0 0 -0.0407611 0.999169
467.400000000 40.0319 57.837 0 0 0 -0.0371158 0.999311
467.500000000 40.1068 57.8328 0 0 0 -0.0334701 0.99944
467.600000000 40.1817 57.8293 0 0 0 -0.029824 0.999555
467.700000000 40.2567 57.8263 0 0 0 -0.0261774 0.999657
467.800000000 40.3316 57.8238 0 0 0 -0.0225305 0.999746
467.900000000 40.4066 57.8219 0 0 0 -0.0188833 0.999822
468.000000000 40.4816 57.8205 0 0 0 -0.0152359 0.999884
468.100000000 40.5566 57.8197 0 0 0 -0.0115882 0.999933
468.200000000 40.6316 57.8194 0 0 0 -0.00794042 0.999968
468.300000000 40.7066 57.8197 0 0 0 -0.00429251 0.999991
468.400000000 40.7816 57.8205 0 0 0 -0.000644541 1
468.500000000 40.8566 57.8218 0 0 0 0.00300344 0.999995
468.600000000 40.9316 57.8238 0 0 0 0.00665138 0.999978
468.700000000 41.0066 57.8262 0 0 0 0.0102992 0.999947
468.800000000 41.0816 57.8281 0 0 0 0.0110725 0.999939
468.900000000 41.1566 57.8297 0 0 0 0.0110725 0.999939
469.000000000 41.2315 57.8314 0 0 0 0.0110725 0.999939
469.100000000 41.3065 57.833 0 0 0 0.0110725 0.999939
469.200000000 41.3815 57.8347 0 0 0 0.0110725 0.999939
469.300000000 41.4565 57.8358 0 0 0 0.00954914 0.999954
469.400000000 41.5315 57.8366 0 0 0 0.00802576 0.999968
469.500000000 41.6065 57.8372 0 0 0 0.00650236 0.999979
469.600000000 41.6815 57.8375 0 0 0 0.00497895 0.999988
469.700000000 41.7565 57.8377 0 0 0 0.00345553 0.999994
469.800000000 41.8315 57.8376 0 0 0 0.0019321 0.999998
469.900000000 41.9065 57.8373 0 0 0 0.00040866 1
470.000000000 41.9815 57.8367 0 0 0 -0.00111478 0.999999
470.100000000 42.0565 57.8359 0 0 0 -0.00263821 0.999997
470.200000000 42.1315 57.8349 0 0 0 -0.00416164 0.999991
470.300000000 42.2065 57.834 0 0 0 -0.00493495 0.999988
470.400000000 42.2815 57.8333 0 0 0 -0.00493495 0.999988
470.500000000 42.3565 57.8325 0 0 0 -0.00493495 0.999988
470.600000000 42.4315 57.8318 0 0 0 -0.00493495 0.999988
470.700000000 42.5065 57.831 0 0 0 -0.00493495 0.999988
470.800000000 42.5815 57.8303 0 0 0 -0.00493495 0.999988
470.900000000 42.6565 57.8296 0 0 0 -0.00493495 0.999988
471.000000000 42.7315 57.8288 0 0 0 -0.00493495 0.999988
471.100000000 42.8065 57.8281 0 0 0 -0.00493495 0.999988
471.200000000 42.8814 57.8273 0 0 0 -0.00493495 0.999988
471.300000000 42.9564 57.8266 0 0 0 -0.00493495 0.999988
471.400000000 43.0314 57.8259 0 0 0 -0.00493495 0.999988
471.500000000 43.1064 57.8251 0 0 0 -0.00493495 0.999988
471.600000000 43.1814 57.8244 0 0 0 -0.00493495 0.999988
471.700000000 43.2564 57.8236 0 0 0 -0.00493495 0.999988
471.800000000 43.3314 57.8229 0 0 0 -0.00493495 0.999988
471.900000000 43.4064 57.8222 0 0 0 -0.00493495 0.999988
472.000000000 43.4814 57.8214 0 0 0 -0.00493495 0.999988
472.100000000 43.5564 57.8207 0 0 0 -0.00493495 0.999988
472.200000000 43.6314 57.8199 0 0 0 -0.00493495 0.999988
472.300000000 43.7064 57.8192 0 0 0 -0.00493495 0.999988
472.400000000 43.7814 57.8185 0 0 0 -0.00493495 0.999988
472.500000000 43.8564 57.8177 0 0 0 -0.00493495 0.999988
472.600000000 43.9314 57.817 0 0 0 -0.00493495 0.999988
472.700000000 44.0064 57.8162 0 0 0 -0.00493495 0.999988
472.800000000 44.0814 57.8155 0 0 0 -0.00493495 0.999988
472.900000000 44.1564 57.8148 0 0 0 -0.00493495 0.999988
473.000000000 44.2314 57.814 0 0 0 -0.00493495 0.999988
473.100000000 44.3064 57.8133 0 0 0 -0.00493495 0.999988
473.200000000 44.3814 57.8125 0 0 0 -0.00493495 0.999988
473.300000000 44.4564 57.8118 0 0 0 -0.00493495 0.999988
473.400000000 44.5314 57.8111 0 0 0 -0.00493495 0.999988
473.500000000 44.6064 57.8103 0 0 0 -0.00493495 0.999988
473.600000000 44.6814 57.8096 0 0 0 -0.00493495 0.999988
473.700000000 44.7564 57.8088 0 0 0 -0.00493495 0.999988
473.800000000 44.8314 57.8081 0 0 0 -0.00493495 0.999988
473.900000000 44.9063 57.8074 0 0 0 -0.00493495 0.999988
474.000000000 44.9813 57.8115 0 0 0 0.00732683 0.999973
474.100000000 45.0389 57.8208 0 0 0 0.0283635 0.999598
474.200000000 45.08 57.8347 0 0 0 0.0572955 0.998357
474.300000000 45.102 57.8524 0 0 0 0.0949219 0.995485
474.400000000 45.1005 57.8718 0 0 0 0.143049 0.989716
474.500000000 45.0938 57.8907 0 0 0 0.192336 0.981329
474.600000000 45.0854 57.9088 0 0 0 0.241141 0.97049
474.700000000 45.0751 57.926 0 0 0 0.289344 0.957225
474.800000000 45.0633 57.9421 0 0 0 0.336824 0.941568
474.900000000 45.0498 57.9569 0 0 0 0.383462 0.923557
475.000000000 45.035 57.9703 0 0 0 0.429141 0.903237
475.100000000 45.0189 57.9821 0 0 0 0.473748 0.880661
475.200000000 45.0017 57.9923 0 0 0 0.51717 0.855882
475.300000000 44.9891 58.0077 0 0 0 0.555716 0.831373
475.400000000 44.976 58.023 0 0 0 0.592575 0.805515
475.500000000 44.9615 58.037 0 0 0 0.628234 0.778025
475.600000000 44.9459 58.0498 0 0 0 0.662619 0.748957
475.700000000 44.9291 58.061 0 0 0 0.69566 0.718371
475.800000000 44.9115 58.0707 0 0 0 0.727291 0.686329
475.900000000 44.893 58.0788 0 0 0 0.757448 0.652895
476.000000000 44.8738 58.0852 0 0 0 0.78607 0.618138
476.100000000 44.8542 58.0898 0 0 0 0.813098 0.582127
476.200000000 44.8342 58.0927 0 0 0 0.838477 0.544937
476.300000000 44.8092 58.1151 0 0 0 0.856747 0.515737
476.400000000 44.7778 58.152 0 0 0 0.869954 0.493134
476.500000000 44.7398 58.2004 0 0 0 0.879362 0.476154
476.600000000 44.6993 58.2488 0 0 0 0.888057 0.459734
476.700000000 44.657 58.2957 0 0 0 0.896445 0.443154
476.800000000 44.6131 58.3411 0 0 0 0.904524 0.426422
476.900000000 44.5674 58.3847 0 0 0 0.912291 0.409542
477.000000000 44.5202 58.4266 0 0 0 0.919743 0.392521
477.100000000 44.4715 58.4667 0 0 0 0.926877 0.375364
477.200000000 44.4213 58.505 0 0 0 0.933692 0.358078
477.300000000 44.3631 58.5524 0 0 0 0.936923 0.349535
477.400000000 44.306 58.6011 0 0 0 0.937455 0.348107
477.500000000 44.249 58.6498 0 0 0 0.937724 0.347382
477.600000000 44.1919 58.6984 0 0 0 0.937992 0.346656
477.700000000 44.1347 58.747 0 0 0 0.93826 0.345931
477.800000000 44.0775 58.7954 0 0 0 0.938527 0.345205
477.900000000 44.0201 58.8438 0 0 0 0.938794 0.344479
478.000000000 43.9627 58.8921 0 0 0 0.93906 0.343753
478.100000000 43.9053 58.9403 0 0 0 0.939326 0.343027
478.200000000 43.8477 58.9883 0 0 0 0.93959 0.342301
478.300000000 43.7912 59.0377 0 0 0 0.938336 0.345726
478.400000000 43.7353 59.0877 0 0 0 0.936834 0.349775
478.500000000 43.6798 59.1381 0 0 0 0.935315 0.353817
478.600000000 43.6247 59.1891 0 0 0 0.933778 0.357852
478.700000000 43.5701 59.2405 0 0 0 0.932224 0.361881
478.800000000 43.5159 59.2923 0 0 0 0.930653 0.365903
478.900000000 43.4621 59.3447 0 0 0 0.929064 0.369919
479.000000000 43.4089 59.3975 0 0 0 0.927458 0.373927
479.100000000 43.356 59.4507 0 0 0 0.925835 0.377929
479.200000000 43.3037 59.5044 0 0 0 0.924194 0.381923
479.300000000 43.2518 59.5586 0 0 0 0.922536 0.38591
479.400000000 43.2004 59.6132 0 0 0 0.920861 0.38989
479.500000000 43.1494 59.6683 0 0 0 0.919169 0.393863
479.600000000 43.0989 59.7238 0 0 0 0.91746 0.397829
479.700000000 43.0489 59.7797 0 0 0 0.915733 0.401787
479.800000000 42.9994 59.836 0 0 0 0.91399 0.405737
479.900000000 42.9504 59.8928 0 0 0 0.912229 0.40968
480.000000000 42.9086 59.9489 0 0 0 0.905938 0.423409
480.100000000 42.8818 59.9955 0 0 0 0.895772 0.444515
480.200000000 42.8696 60.0324 0 0 0 0.881366 0.472435
480.300000000 42.8735 60.0561 0 0 0 0.861329 0.508048
480.400000000 42.8904 60.0661 0 0 0 0.835286 0.549816
480.500000000 42.9082 60.0744 0 0 0 0.807219 0.590251
480.600000000 42.9268 60.0809 0 0 0 0.777197 0.629257
480.700000000 42.9459 60.0856 0 0 0 0.745292 0.666738
480.800000000 42.9654 60.0884 0 0 0 0.711581 0.702604
480.900000000 42.985 60.0892 0 0 0 0.676146 0.736767
481.000000000 43.0046 60.0881 0 0 0 0.639073 0.769146
481.100000000 43.0241 60.085 0 0 0 0.600452 0.799661
481.200000000 43.0431 60.0801 0 0 0 0.560376 0.828239
481.300000000 43.0616 60.0733 0 0 0 0.518942 0.85481
481.400000000 43.0793 60.0648 0 0 0 0.476251 0.879309
481.500000000 43.0961 60.0545 0 0 0 0.432406 0.901679
481.600000000 43.1118 60.0427 0 0 0 0.387513 0.921864
481.700000000 43.1262 60.0293 0 0 0 0.341682 0.939816
481.800000000 43.1393 60.0146 0 0 0 0.295023 0.95549
481.900000000 43.1508 59.9987 0 0 0 0.247649 0.96885
482.000000000 43.1608 59.9818 0 0 0 0.199675 0.979862
482.100000000 43.169 59.9639 0 0 0 0.151217 0.988501
482.200000000 43.1754 59.9453 0 0 0 0.102393 0.994744
482.300000000 43.2029 59.9358 0 0 0 0.0652786 0.997867
482.400000000 43.2314 59.9249 0 0 0 0.0290331 0.999578
482.500000000 43.2601 59.9123 0 0 0 -0.00678126 0.999977
482.600000000 43.2877 59.8976 0 0 0 -0.0425869 0.999093
482.700000000 43.3143 59.8809 0 0 0 -0.0783379 0.996927
482.800000000 43.3395 59.8624 0 0 0 -0.113988 0.993482
482.900000000 43.3634 59.8422 0 0 0 -0.149493 0.988763
483.000000000 43.3858 59.8203 0 0 0 -0.184805 0.982775
483.100000000 43.4065 59.7968 0 0 0 -0.219881 0.975527
483.200000000 43.4256 59.772 0 0 0 -0.254674 0.967027
483.300000000 43.4593 59.7403 0 0 0 -0.281036 0.959697
483.400000000 43.5065 59.7008 0 0 0 -0.299612 0.954061
483.500000000 43.562 59.6553 0 0 0 -0.313111 0.949716
483.600000000 43.617 59.6077 0 0 0 -0.326104 0.945334
483.700000000 43.6707 59.5587 0 0 0 -0.339035 0.940774
483.800000000 43.723 59.5082 0 0 0 -0.351903 0.936036
483.900000000 43.774 59.4564 0 0 0 -0.364704 0.931123
484.000000000 43.8235 59.4031 0 0 0 -0.377437 0.926035
484.100000000 43.8715 59.3485 0 0 0 -0.390099 0.920773
484.200000000 43.918 59.2926 0 0 0 -0.402688 0.915337
484.300000000 43.968 59.2367 0 0 0 -0.404748 0.914428
484.400000000 44.0184 59.1812 0 0 0 -0.404748 0.914428
484.500000000 44.0688 59.1257 0 0 0 -0.404748 0.914428
484.600000000 44.1193 59.0701 0 0 0 -0.404748 0.914428
484.700000000 44.1697 59.0146 0 0 0 -0.404748 0.914428
484.800000000 44.2201 58.9591 0 0 0 -0.404748 0.914428
484.900000000 44.2705 58.9036 0 0 0 -0.404748 0.914428
485.000000000 44.321 58.8481 0 0 0 -0.404748 0.914428
485.100000000 44.3714 58.7926 0 0 0 -0.404748 0.914428
485.200000000 44.4218 58.737 0 0 0 -0.404748 0.914428
485.300000000 44.4722 58.6815 0 0 0 -0.404748 0.914428
485.400000000 44.5227 58.626 0 0 0 -0.404748 0.914428
485.500000000 44.5731 58.5705 0 0 0 -0.404748 0.914428
485.600000000 44.6235 58.515 0 0 0 -0.404748 0.914428
485.700000000 44.6739 58.4595 0 0 0 -0.404748 0.914428
485.800000000 44.7244 58.4039 0 0 0 -0.404748 0.914428
485.900000000 44.7748 58.3484 0 0 0 -0.404748 0.914428
486.000000000 44.8276 58.2951 0 0 0 -0.397411 0.917641
486.100000000 44.8814 58.2427 0 0 0 -0.389525 0.921016
486.200000000 44.9361 58.1913 0 0 0 -0.38161 0.924324
486.300000000 44.9892 58.1472 0 0 0 -0.367188 0.930147
486.400000000 45.0432 58.1055 0 0 0 -0.35226 0.935902
486.500000000 45.0984 58.0656 0 0 0 -0.337241 0.941418
486.600000000 45.155 58.0274 0 0 0 -0.322137 0.946693
486.700000000 45.2127 57.991 0 0 0 -0.306949 0.951726
486.800000000 45.2715 57.9566 0 0 0 -0.291684 0.956515
486.900000000 45.3314 57.924 0 0 0 -0.276343 0.961059
487.000000000 45.3923 57.8933 0 0 0 -0.260932 0.965357
487.100000000 45.4542 57.8647 0 0 0 -0.245454 0.969408
487.200000000 45.5199 57.8356 0 0 0 -0.231682 0.972791
487.300000000 45.5863 57.8084 0 0 0 -0.217864 0.975979
487.400000000 45.6535 57.7831 0 0 0 -0.204002 0.978971
487.500000000 45.7213 57.7597 0 0 0 -0.190098 0.981765
487.600000000 45.7898 57.7383 0 0 0 -0.176157 0.984362
487.700000000 45.8589 57.7188 0 0 0 -0.16218 0.986761
487.800000000 45.9285 57.7013 0 0 0 -0.14817 0.988962
487.900000000 45.9986 57.6857 0 0 0 -0.134131 0.990964
488.000000000 46.0691 57.6722 0 0 0 -0.120064 0.992766
488.100000000 46.1399 57.6606 0 0 0 -0.105974 0.994369
488.200000000 46.2111 57.6511 0 0 0 -0.0918618 0.995772
488.300000000 46.2856 57.6422 0 0 0 -0.0796452 0.996823
488.400000000 46.3604 57.6349 0 0 0 -0.0679141 0.997691
488.500000000 46.4353 57.6294 0 0 0 -0.0561737 0.998421
488.600000000 46.5103 57.6257 0 0 0 -0.0444254 0.999013
488.700000000 46.5853 57.6237 0 0 0 -0.0326711 0.999466
488.800000000 46.6604 57.6235 0 0 0 -0.0209122 0.999781
488.900000000 46.7355 57.6251 0 0 0 -0.00915039 0.999958
489.000000000 46.8105 57.6284 0 0 0 0.00261266 0.999997
489.100000000 46.8855 57.6335 0 0 0 0.0143753 0.999897
489.200000000 46.9602 57.6404 0 0 0 0.026136 0.999658
489.300000000 47.035 57.6468 0 0 0 0.0323628 0.999476
489.400000000 47.1097 57.6539 0 0 0 0.0379674 0.999279
489.500000000 47.1843 57.6618 0 0 0 0.0435707 0.99905
489.600000000 47.2588 57.6706 0 0 0 0.0491727 0.99879
489.700000000 47.3332 57.6802 0 0 0 0.0547731 0.998499
489.800000000 47.4075 57.6906 0 0 0 0.0603718 0.998176
489.900000000 47.4816 57.7019 0 0 0 0.0659686 0.997822
490.000000000 47.5557 57.714 0 0 0 0.0715634 0.997436
490.100000000 47.6296 57.7269 0 0 0 0.0771558 0.997019
490.200000000 47.7033 57.7406 0 0 0 0.0827459 0.996571
490.300000000 47.7775 57.7518 0 0 0 0.0797961 0.996811
490.400000000 47.8518 57.7623 0 0 0 0.0761593 0.997096
490.500000000 47.9261 57.7723 0 0 0 0.0725214 0.997367
490.600000000 48.0005 57.7817 0 0 0 0.0688825 0.997625
490.700000000 48.075 57.7905 0 0 0 0.0652428 0.997869
490.800000000 48.1496 57.7989 0 0 0 0.0616021 0.998101
490.900000000 48.2242 57.8066 0 0 0 0.0579607 0.998319
491.000000000 48.2988 57.8139 0 0 0 0.0543184 0.998524
491.100000000 48.3735 57.8205 0 0 0 0.0506755 0.998715
491.200000000 48.4483 57.8267 0 0 0 0.0470319 0.998893
491.300000000 48.5231 57.8323 0 0 0 0.0433876 0.999058
491.400000000 48.5979 57.8373 0 0 0 0.0397428 0.99921
491.500000000 48.6728 57.8418 0 0 0 0.0360974 0.999348
491.600000000 48.7477 57.8458 0 0 0 0.0324516 0.999473
491.700000000 48.8226 57.8492 0 0 0 0.0288053 0.999585
491.800000000 48.8976 57.8515 0 0 0 0.0238358 0.999716
491.900000000 48.9726 57.8531 0 0 0 0.0188657 0.999822
492.000000000 49.0476 57.854 0 0 0 0.0138952 0.999903
492.100000000 49.1226 57.8541 0 0 0 0.0089243 0.99996
492.200000000 49.1977 57.8534 0 0 0 0.00395318 0.999992
492.300000000 49.2727 57.852 0 0 0 -0.00101803 0.999999
492.400000000 49.3477 57.8499 0 0 0 -0.00598922 0.999982
492.500000000 49.4226 57.847 0 0 0 -0.0109603 0.99994
492.600000000 49.4975 57.8434 0 0 0 -0.015931 0.999873
492.700000000 49.5724 57.839 0 0 0 -0.0209014 0.999782
492.800000000 49.6473 57.8339 0 0 0 -0.0258713 0.999665
492.900000000 49.7221 57.828 0 0 0 -0.0308405 0.999524
493.000000000 49.7968 57.8214 0 0 0 -0.0358089 0.999359
493.100000000 49.8714 57.814 0 0 0 -0.0407765 0.999168
493.200000000 49.946 57.8059 0 0 0 -0.0457431 0.998953
493.300000000 50.0207 57.7988 0 0 0 -0.0465156 0.998918
493.400000000 50.0953 57.7915 0 0 0 -0.047288 0.998881
493.500000000 50.17 57.7841 0 0 0 -0.0480605 0.998844
493.600000000 50.2446 57.7766 0 0 0 -0.0488329 0.998807
493.700000000 50.3192 57.769 0 0 0 -0.0496052 0.998769
493.800000000 50.3938 57.7612 0 0 0 -0.0503776 0.99873
493.900000000 50.4684 57.7534 0 0 0 -0.0511499 0.998691
494.000000000 50.543 57.7454 0 0 0 -0.0519222 0.998651
494.100000000 50.6175 57.7373 0 0 0 -0.0526945 0.998611
494.200000000 50.6921 57.7291 0 0 0 -0.0534667 0.99857
494.300000000 50.7668 57.7226 0 0 0 -0.0498236 0.998758
494.400000000 50.8416 57.7168 0 0 0 -0.0455103 0.998964
494.500000000 50.9164 57.7117 0 0 0 -0.0411961 0.999151
494.600000000 50.9913 57.7073 0 0 0 -0.0368812 0.99932
494.700000000 51.0662 57.7035 0 0 0 -0.0325656 0.99947
494.800000000 51.1412 57.7003 0 0 0 -0.0282494 0.999601
494.900000000 51.2161 57.6978 0 0 0 -0.0239327 0.999714
495.000000000 51.2911 57.6959 0 0 0 -0.0196155 0.999808
495.100000000 51.3661 57.6947 0 0 0 -0.015298 0.999883
495.200000000 51.4411 57.6941 0 0 0 -0.0109802 0.99994
495.300000000 51.5162 57.6942 0 0 0 -0.00666214 0.999978
495.400000000 51.5912 57.695 0 0 0 -0.00234399 0.999997
495.500000000 51.6662 57.6963 0 0 0 0.00197421 0.999998
495.600000000 51.7411 57.6984 0 0 0 0.00629237 0.99998
495.700000000 51.8161 57.701 0 0 0 0.0106104 0.999944
495.800000000 51.891 57.7043 0 0 0 0.0149283 0.999889
495.900000000 51.966 57.7083 0 0 0 0.0192458 0.999815
496.000000000 52.0408 57.7129 0 0 0 0.023563 0.999722
496.100000000 52.1157 57.7182 0 0 0 0.0278798 0.999611
496.200000000 52.1904 57.7241 0 0 0 0.0321961 0.999482
496.300000000 52.2653 57.728 0 0 0 0.0299454 0.999552
496.400000000 52.3403 57.7313 0 0 0 0.0269871 0.999636
496.500000000 52.4152 57.7342 0 0 0 0.0240285 0.999711
496.600000000 52.4902 57.7366 0 0 0 0.0210697 0.999778
496.700000000 52.5652 57.7386 0 0 0 0.0181107 0.999836
496.800000000 52.6402 57.7401 0 0 0 0.0151516 0.999885
496.900000000 52.7152 57.7412 0 0 0 0.0121924 0.999926
497.000000000 52.7902 57.7418 0 0 0 0.00923299 0.999957
497.100000000 52.8652 57.742 0 0 0 0.00627355 0.99998
497.200000000 52.9402 57.7418 0 0 0 0.00331405 0.999995
497.300000000 53.0152 57.7411 0 0 0 0.000354519 1
497.400000000 53.0902 57.74 0 0 0 -0.00260501 0.999997
497.500000000 53.1652 57.7384 0 0 0 -0.00556452 0.999985
497.600000000 53.2401 57.7364 0 0 0 -0.00852398 0.999964
497.700000000 53.3151 57.7339 0 0 0 -0.0114834 0.999934
497.800000000 53.39 57.731 0 0 0 -0.0144427 0.999896
497.900000000 53.465 57.7277 0 0 0 -0.0174018 0.999849
498.000000000 53.5363 57.7195 0 0 0 -0.031579 0.999501
498.100000000 53.5901 57.707 0 0 0 -0.0541945 0.99853
498.200000000 53.6409 57.6919 0 0 0 -0.0779629 0.996956
498.300000000 53.6909 57.6744 0 0 0 -0.101687 0.994816
498.400000000 53.7401 57.6545 0 0 0 -0.125353 0.992112
498.500000000 53.7882 57.6324 0 0 0 -0.148949 0.988845
498.600000000 53.8352 57.6079 0 0 0 -0.17246 0.985017
498.700000000 53.881 57.5812 0 0 0 -0.195873 0.980629
498.800000000 53.9255 57.5524 0 0 0 -0.219174 0.975686
498.900000000 53.9685 57.5215 0 0 0 -0.242352 0.970188
499.000000000 54.0101 57.4886 0 0 0 -0.265392 0.964141
499.100000000 54.05 57.4537 0 0 0 -0.288281 0.957546
499.200000000 54.0882 57.417 0 0 0 -0.311007 0.950408
499.300000000 54.14 57.3713 0 0 0 -0.325751 0.945456
499.400000000 54.1964 57.3218 0 0 0 -0.335886 0.941903
499.500000000 54.2517 57.271 0 0 0 -0.345983 0.938241
499.600000000 54.3059 57.2191 0 0 0 -0.35604 0.934471
499.700000000 54.359 57.166 0 0 0 -0.366055 0.930593
499.800000000 54.411 57.1118 0 0 0 -0.376029 0.926608
499.900000000 54.4617 57.0565 0 0 0 -0.385959 0.922516
500.000000000 54.5113 57.0001 0 0 0 -0.395845 0.918318
500.100000000 54.5596 56.9426 0 0 0 -0.405685 0.914013
500.200000000 54.6067 56.8842 0 0 0 -0.415478 0.909603
500.300000000 54.6556 56.8273 0 0 0 -0.416181 0.909282
500.400000000 54.7049 56.7707 0 0 0 -0.415478 0.909603
500.500000000 54.7542 56.7142 0 0 0 -0.414774 0.909924
500.600000000 54.8036 56.6578 0 0 0 -0.41407 0.910245
500.700000000 54.8531 56.6015 0 0 0 -0.413366 0.910565
500.800000000 54.9027 56.5452 0 0 0 -0.412662 0.910884
500.900000000 54.9524 56.4891 0 0 0 -0.411958 0.911203
501.000000000 55.0022 56.433 0 0 0 -0.411253 0.911521
501.100000000 55.0521 56.3769 0 0 0 -0.410548 0.911839
501.200000000 55.102 56.321 0 0 0 -0.409843 0.912156
501.300000000 55.1525 56.2655 0 0 0 -0.407788 0.913077
501.400000000 55.2032 56.2103 0 0 0 -0.40573 0.913993
501.500000000 55.2542 56.1552 0 0 0 -0.403671 0.914904
501.600000000 55.3054 56.1004 0 0 0 -0.40161 0.915811
501.700000000 55.3569 56.0459 0 0 0 -0.399547 0.916713
501.800000000 55.4086 55.9916 0 0 0 -0.397482 0.91761
501.900000000 55.4605 55.9375 0 0 0 -0.395415 0.918503
502.000000000 55.5127 55.8836 0 0 0 -0.393345 0.919391
502.100000000 55.5652 55.83 0 0 0 -0.391274 0.920274
502.200000000 55.6179 55.7766 0 0 0 -0.389201 0.921153
502.300000000 55.6704 55.723 0 0 0 -0.388488 0.921454
502.400000000 55.723 55.6696 0 0 0 -0.387776 0.921754
502.500000000 55.7756 55.6162 0 0 0 -0.387063 0.922053
502.600000000 55.8284 55.5628 0 0 0 -0.38635 0.922352
502.700000000 55.8812 55.5096 0 0 0 -0.385636 0.922651
502.800000000 55.9341 55.4565 0 0 0 -0.384923 0.922949
502.900000000 55.9871 55.4034 0 0 0 -0.384209 0.923246
503.000000000 56.0402 55.3504 0 0 0 -0.383495 0.923543
503.100000000 56.0933 55.2975 0 0 0 -0.38278 0.923839
503.200000000 56.1466 55.2447 0 0 0 -0.382066 0.924135
503.300000000 56.1999 55.1919 0 0 0 -0.381351 0.92443
503.400000000 56.2533 55.1393 0 0 0 -0.380636 0.924725
503.500000000 56.3068 55.0867 0 0 0 -0.379921 0.925019
503.600000000 56.3615 55.0354 0 0 0 -0.375318 0.926896
503.700000000 56.4168 54.9846 0 0 0 -0.370705 0.928751
503.800000000 56.4727 54.9346 0 0 0 -0.365491 0.930815
503.900000000 56.5292 54.8853 0 0 0 -0.360265 0.93285
504.000000000 56.5864 54.8367 0 0 0 -0.354447 0.935076
504.100000000 56.6442 54.7889 0 0 0 -0.348615 0.937266
504.200000000 56.699 54.7376 0 0 0 -0.355569 0.93465
504.300000000 56.7529 54.6854 0 0 0 -0.363044 0.931772
504.400000000 56.8059 54.6323 0 0 0 -0.370496 0.928834
504.500000000 56.8581 54.5784 0 0 0 -0.377924 0.925837
504.600000000 56.9094 54.5236 0 0 0 -0.385328 0.92278
504.700000000 56.9598 54.468 0 0 0 -0.392707 0.919664
504.800000000 57.0094 54.4117 0 0 0 -0.400061 0.916489
504.900000000 57.058 54.3545 0 0 0 -0.407389 0.913255
505.000000000 57.1057 54.2966 0 0 0 -0.414691 0.909962
505.100000000 57.1525 54.2379 0 0 0 -0.421966 0.906611
505.200000000 57.1983 54.1785 0 0 0 -0.429215 0.903202
505.300000000 57.2432 54.1183 0 0 0 -0.436436 0.899735
505.400000000 57.2873 54.0576 0 0 0 -0.443108 0.896468
505.500000000 57.3302 53.9961 0 0 0 -0.450275 0.89289
505.600000000 57.3724 53.934 0 0 0 -0.456896 0.88952
505.700000000 57.4137 53.8714 0 0 0 -0.463492 0.886101
505.800000000 57.454 53.8081 0 0 0 -0.470063 0.882633
505.900000000 57.4934 53.7442 0 0 0 -0.476608 0.879116
506.000000000 57.5318 53.6798 0 0 0 -0.483126 0.875551
506.100000000 57.5693 53.6147 0 0 0 -0.489618 0.871937
506.200000000 57.6058 53.5492 0 0 0 -0.496082 0.868275
506.300000000 57.6413 53.4831 0 0 0 -0.50252 0.864566
506.400000000 57.6758 53.4164 0 0 0 -0.508929 0.860808
506.500000000 57.7093 53.3493 0 0 0 -0.515311 0.857003
506.600000000 57.7421 53.2818 0 0 0 -0.521157 0.853461
506.700000000 57.7739 53.2139 0 0 0 -0.52698 0.849878
506.800000000 57.8048 53.1455 0 0 0 -0.532778 0.846255
506.900000000 57.8347 53.0767 0 0 0 -0.53855 0.842593
507.000000000 57.8637 53.0075 0 0 0 -0.544298 0.838892
507.100000000 57.8918 52.9379 0 0 0 -0.55002 0.835151
507.200000000 57.9189 52.8679 0 0 0 -0.555717 0.831372
507.300000000 57.945 52.7976 0 0 0 -0.561388 0.827553
507.400000000 57.9704 52.727 0 0 0 -0.566532 0.82404
507.500000000 57.995 52.6561 0 0 0 -0.571654 0.820495
507.600000000 58.0186 52.5849 0 0 0 -0.576754 0.816918
507.700000000 58.0414 52.5134 0 0 0 -0.581832 0.813309
507.800000000 58.0632 52.4416 0 0 0 -0.586887 0.809669
507.900000000 58.0842 52.3696 0 0 0 -0.59192 0.805997
508.000000000 58.1042 52.2973 0 0 0 -0.596929 0.802294
508.100000000 58.1234 52.2248 0 0 0 -0.601915 0.79856
508.200000000 58.1417 52.152 0 0 0 -0.606878 0.794795
508.300000000 58.1579 52.0787 0 0 0 -0.614113 0.789218
508.400000000 58.1726 52.0051 0 0 0 -0.621663 0.783285
508.500000000 58.1859 51.9312 0 0 0 -0.629001 0.777404
508.600000000 58.1981 51.8572 0 0 0 -0.635974 0.77171
508.700000000 58.2086 51.7846 0 0 0 -0.642743 0.766082
508.800000000 58.2175 51.7151 0 0 0 -0.649157 0.760654
508.900000000 58.225 51.6471 0 0 0 -0.655375 0.755304
509.000000000 58.231 51.5823 0 0 0 -0.661248 0.750167
509.100000000 58.236 51.5191 0 0 0 -0.666932 0.745118
509.200000000 58.2398 51.4575 0 0 0 -0.67243 0.740161
509.300000000 58.2427 51.3976 0 0 0 -0.677743 0.735299
509.400000000 58.2446 51.3409 0 0 0 -0.682729 0.730672
509.500000000 58.2457 51.2858 0 0 0 -0.687538 0.726148
509.600000000 58.246 51.2325 0 0 0 -0.692173 0.721732
509.700000000 58.2457 51.1808 0 0 0 -0.696636 0.717425
509.800000000 58.2448 51.1307 0 0 0 -0.700929 0.713231
509.900000000 58.2433 51.0824 0 0 0 -0.705055 0.709152
510.000000000 58.2413 51.0357 0 0 0 -0.709017 0.705192
510.100000000 58.2424 50.9607 0 0 0 -0.70644 0.707773
510.200000000 58.2484 50.8901 0 0 0 -0.695999 0.718043
510.300000000 58.2593 50.8367 0 0 0 -0.679278 0.733881
510.400000000 58.2745 50.8001 0 0 0 -0.656203 0.754584
510.500000000 58.2931 50.7838 0 0 0 -0.625253 0.780422
510.600000000 58.3127 50.7738 0 0 0 -0.591474 0.806324
510.700000000 58.3332 50.7654 0 0 0 -0.556623 0.830765
510.800000000 58.3541 50.76 0 0 0 -0.520257 0.85401
510.900000000 58.375 50.7576 0 0 0 -0.48239 0.875957
511.000000000 58.3965 50.7559 0 0 0 -0.444143 0.895956
511.100000000 58.418 50.7561 0 0 0 -0.405069 0.914286
511.200000000 58.4395 50.7581 0 0 0 -0.36524 0.930913
511.300000000 58.4599 50.7629 0 0 0 -0.324156 0.946003
511.400000000 58.4799 50.7696 0 0 0 -0.282452 0.959281
511.500000000 58.4983 50.7788 0 0 0 -0.239603 0.970871
511.600000000 58.5168 50.7889 0 0 0 -0.196892 0.980425
511.700000000 58.5343 50.8005 0 0 0 -0.153803 0.988101
511.800000000 58.5496 50.8142 0 0 0 -0.109803 0.993953
511.900000000 58.553 50.8339 0 0 0 -0.0599883 0.998199
512.000000000 58.5544 50.8539 0 0 0 -0.0100242 0.99995
512.100000000 58.5538 50.8738 0 0 0 0.039965 0.999201
512.200000000 58.5512 50.8937 0 0 0 0.0898543 0.995955
512.300000000 58.5467 50.9131 0 0 0 0.139519 0.990219
512.400000000 58.5402 50.932 0 0 0 0.188835 0.982009
512.500000000 58.5318 50.9502 0 0 0 0.237679 0.971344
512.600000000 58.5217 50.9675 0 0 0 0.285929 0.958251
512.700000000 58.51 50.9836 0 0 0 0.333464 0.942763
512.800000000 58.4966 50.9985 0 0 0 0.380166 0.924918
512.900000000 58.4819 51.012 0 0 0 0.425917 0.904762
513.000000000 58.4659 51.024 0 0 0 0.470604 0.882344
513.100000000 58.4487 51.0342 0 0 0 0.514115 0.857721
513.200000000 58.4306 51.0428 0 0 0 0.556341 0.830954
513.300000000 58.4118 51.0495 0 0 0 0.597176 0.80211
513.400000000 58.3924 51.0542 0 0 0 0.636518 0.771262
513.500000000 58.3726 51.057 0 0 0 0.67427 0.738485
513.600000000 58.3526 51.0579 0 0 0 0.710336 0.703863
513.700000000 58.3327 51.0567 0 0 0 0.744627 0.667481
513.800000000 58.3129 51.0535 0 0 0 0.777056 0.629431
513.900000000 58.2936 51.0484 0 0 0 0.807544 0.589808
514.000000000 58.2749 51.0414 0 0 0 0.836013 0.54871
514.100000000 58.257 51.0325 0 0 0 0.862392 0.506241
514.200000000 58.24 51.0219 0 0 0 0.886616 0.462507
514.300000000 58.2242 51.0096 0 0 0 0.908623 0.417617
514.400000000 58.2097 50.9959 0 0 0 0.92836 0.371682
514.500000000 58.1966 50.9807 0 0 0 0.945776 0.324819
514.600000000 58.1852 50.9644 0 0 0 0.960828 0.277144
514.700000000 58.1754 50.9469 0 0 0 0.973479 0.228777
514.800000000 58.1674 50.9286 0 0 0 0.983696 0.179837
514.900000000 58.1612 50.9096 0 0 0 0.991455 0.130448
515.000000000 58.157 50.89 0 0 0 0.996736 0.0807327
515.100000000 58.1548 50.8702 0 0 0 0.999525 0.0308158
515.200000000 58.1546 50.8502 0 0 0 0.999816 -0.0191781
515.300000000 58.1411 50.8327 0 0 0 0.998094 -0.0617104
515.400000000 58.128 50.8141 0 0 0 0.994624 -0.103554
515.500000000 58.1165 50.7945 0 0 0 0.9894 -0.145214
515.600000000 58.1066 50.7741 0 0 0 0.982432 -0.186619
515.700000000 58.0985 50.7529 0 0 0 0.973733 -0.227695
515.800000000 58.0922 50.731 0 0 0 0.963316 -0.268369
515.900000000 58.0878 50.7087 0 0 0 0.951202 -0.30857
516.000000000 58.0852 50.6862 0 0 0 0.93741 -0.348227
516.100000000 58.0846 50.6635 0 0 0 0.921966 -0.387271
516.200000000 58.0693 50.6294 0 0 0 0.908994 -0.41681
516.300000000 58.0431 50.5842 0 0 0 0.898636 -0.438696
516.400000000 58.0123 50.5319 0 0 0 0.889763 -0.456422
516.500000000 57.983 50.4778 0 0 0 0.880736 -0.473607
516.600000000 57.9558 50.4226 0 0 0 0.871377 -0.490613
516.700000000 57.9308 50.3664 0 0 0 -0.86169 0.507435
516.800000000 57.908 50.3092 0 0 0 -0.851678 0.524065
516.900000000 57.8874 50.2513 0 0 0 -0.841345 0.540498
517.000000000 57.8691 50.1925 0 0 0 -0.830695 0.556727
517.100000000 57.8531 50.1331 0 0 0 -0.819732 0.572747
517.200000000 57.8394 50.0732 0 0 0 -0.808461 0.58855
517.300000000 57.8281 50.0127 0 0 0 -0.796884 0.604132
517.400000000 57.8191 49.9518 0 0 0 -0.785007 0.619486
517.500000000 57.8124 49.8907 0 0 0 -0.772835 0.634607
517.600000000 57.8082 49.8293 0 0 0 -0.760371 0.649489
517.700000000 57.8063 49.7678 0 0 0 -0.747621 0.664126
517.800000000 57.8068 49.7063 0 0 0 -0.734589 0.678512
517.900000000 57.8049 49.6313 0 0 0 -0.72762 0.685981
518.000000000 57.8001 49.5631 0 0 0 -0.729093 0.684415
518.100000000 57.7899 49.492 0 0 0 -0.738725 0.674007
518.200000000 57.7771 49.4268 0 0 0 -0.749995 0.661444
518.300000000 57.7613 49.3747 0 0 0 -0.765029 0.643996
518.400000000 57.743 49.3249 0 0 0 -0.780151 0.625591
518.500000000 57.7224 49.2761 0 0 0 -0.794831 0.606831
518.600000000 57.6994 49.2283 0 0 0 -0.809059 0.587727
518.700000000 57.6743 49.1817 0 0 0 -0.822829 0.56829
518.800000000 57.6469 49.1363 0 0 0 -0.836131 0.54853
518.900000000 57.6174 49.0923 0 0 0 -0.848959 0.528458
519.000000000 57.5858 49.0497 0 0 0 -0.861306 0.508087
519.100000000 57.5523 49.0087 0 0 0 0.873163 -0.487428
519.200000000 57.5109 48.9534 0 0 0 0.880638 -0.473789
519.300000000 57.4655 48.8936 0 0 0 0.886382 -0.462955
519.400000000 57.4188 48.8347 0 0 0 0.891766 -0.452497
519.500000000 57.3708 48.777 0 0 0 0.897027 -0.441976
519.600000000 57.3214 48.7205 0 0 0 0.902164 -0.431394
519.700000000 57.2707 48.6651 0 0 0 0.907176 -0.420752
519.800000000 57.2187 48.6109 0 0 0 0.912062 -0.410052
519.900000000 57.1654 48.558 0 0 0 0.916823 -0.399295
520.000000000 57.1109 48.5063 0 0 0 0.921456 -0.388483
520.100000000 57.0552 48.4559 0 0 0 0.925962 -0.377617
520.200000000 56.9983 48.4069 0 0 0 0.93034 -0.366699
520.300000000 56.9429 48.3564 0 0 0 0.931145 -0.36465
520.400000000 56.8875 48.3059 0 0 0 0.931659 -0.363333
520.500000000 56.8319 48.2555 0 0 0 0.932153 -0.362064
520.600000000 56.7762 48.2053 0 0 0 0.932636 -0.360819
520.700000000 56.7204 48.1552 0 0 0 0.933098 -0.359622
520.800000000 56.6645 48.1052 0 0 0 0.93355 -0.358448
520.900000000 56.6084 48.0554 0 0 0 0.933981 -0.357323
521.000000000 56.5535 48.0068 0 0 0 0.934392 -0.356247
521.100000000 56.4997 47.9594 0 0 0 0.934792 -0.355195
521.200000000 56.444 47.9092 0 0 0 0.934364 -0.35632
521.300000000 56.3897 47.8599 0 0 0 0.933746 -0.357936
521.400000000 56.3369 47.8115 0 0 0 0.93314 -0.359513
521.500000000 56.2866 47.7651 0 0 0 0.93256 -0.361016
521.600000000 56.2378 47.7198 0 0 0 0.931991 -0.362481
521.700000000 56.189 47.6743 0 0 0 0.93142 -0.363946
521.800000000 56.1345 47.6228 0 0 0 0.930598 -0.366042
521.900000000 56.0802 47.571 0 0 0 0.929772 -0.368137
522.000000000 56.0262 47.519 0 0 0 0.92894 -0.37023
522.100000000 55.9724 47.4668 0 0 0 0.928104 -0.372321
522.200000000 55.9188 47.4143 0 0 0 0.927263 -0.374409
522.300000000 55.8829 47.3795 0 0 0 0.927116 -0.374774
522.400000000 55.8399 47.3376 0 0 0 0.92694 -0.37521
522.500000000 55.8053 47.3039 0 0 0 0.926797 -0.375562
522.600000000 55.7719 47.2713 0 0 0 0.926659 -0.375902
522.700000000 55.7397 47.2399 0 0 0 0.926526 -0.37623
522.800000000 55.7087 47.2096 0 0 0 0.926398 -0.376545
522.900000000 55.6754 47.1769 0 0 0 0.92626 -0.376884
523.000000000 55.6433 47.1454 0 0 0 0.926127 -0.377212
523.100000000 55.6124 47.115 0 0 0 0.925999 -0.377527
523.200000000 55.5874 47.0904 0 0 0 0.925895 -0.377782
523.300000000 55.5601 47.0635 0 0 0 0.925781 -0.37806
523.400000000 55.5305 47.0343 0 0 0 0.925657 -0.378363
523.500000000 55.5067 47.0109 0 0 0 0.925558 -0.378606
523.600000000 55.4807 46.9851 0 0 0 0.925449 -0.378872
523.700000000 55.4605 46.9651 0 0 0 0.925365 -0.379078
523.800000000 55.4073 46.9123 0 0 0 0.925071 -0.379794
523.900000000 55.3813 46.8865 0 0 0 0.924962 -0.38006
524.000000000 55.3647 46.87 0 0 0 0.924892 -0.38023
524.100000000 55.347 46.8524 0 0 0 0.924892 -0.38023
524.200000000 55.3316 46.8372 0 0 0 0.924892 -0.38023
524.300000000 55.3149 46.8208 0 0 0 0.924962 -0.38006
524.400000000 55.3007 46.8068 0 0 0 0.925022 -0.379915
524.500000000 55.2686 46.7753 0 0 0 0.925156 -0.379588
524.600000000 55.2376 46.7449 0 0 0 0.925285 -0.379273
524.700000000 55.2078 46.7158 0 0 0 0.925409 -0.37897
524.800000000 55.1781 46.6867 0 0 0 0.925533 -0.378667
524.900000000 55.1494 46.6587 0 0 0 0.925652 -0.378376
525.000000000 55.122 46.6319 0 0 0 0.925766 -0.378098
525.100000000 55.0957 46.6064 0 0 0 0.925875 -0.377831
525.200000000 55.0707 46.5819 0 0 0 0.925875 -0.377831
525.300000000 55.0445 46.5562 0 0 0 0.925875 -0.377831
525.400000000 55.0207 46.5329 0 0 0 0.925875 -0.377831
525.500000000 54.9981 46.5107 0 0 0 0.925875 -0.377831
525.600000000 54.9743 46.4874 0 0 0 0.925875 -0.377831
525.700000000 54.9528 46.4664 0 0 0 0.925875 -0.377831
525.800000000 54.8993 46.414 0 0 0 0.925875 -0.377831
525.900000000 54.8457 46.3615 0 0 0 0.925875 -0.377831
526.000000000 54.7945 46.3113 0 0 0 0.925875 -0.377831
526.100000000 54.7444 46.2624 0 0 0 0.925875 -0.377831
526.200000000 54.6909 46.2099 0 0 0 0.925875 -0.377831
526.300000000 54.6373 46.1574 0 0 0 0.925875 -0.377831
526.400000000 54.5849 46.1061 0 0 0 0.925875 -0.377831
526.500000000 54.5337 46.056 0 0 0 0.925875 -0.377831
526.600000000 54.4848 46.0082 0 0 0 0.925875 -0.377831
526.700000000 54.4372 45.9615 0 0 0 0.925875 -0.377831
526.800000000 54.392 45.9172 0 0 0 0.925875 -0.377831
526.900000000 54.3479 45.8741 0 0 0 0.925875 -0.377831
527.000000000 54.305 45.8321 0 0 0 0.925875 -0.377831
527.100000000 54.2634 45.7913 0 0 0 0.925875 -0.377831
527.200000000 54.2241 45.7528 0 0 0 0.925875 -0.377831
527.300000000 54.186 45.7155 0 0 0 0.925875 -0.377831
527.400000000 54.1478 45.6782 0 0 0 0.925875 -0.377831
527.500000000 54.1026 45.6338 0 0 0 0.925875 -0.377831
527.600000000 54.0657 45.5977 0 0 0 0.925875 -0.377831
527.700000000 54.0216 45.5546 0 0 0 0.925875 -0.377831
527.800000000 53.9859 45.5196 0 0 0 0.925875 -0.377831
527.900000000 53.9514 45.4858 0 0 0 0.925875 -0.377831
528.000000000 53.9097 45.4449 0 0 0 0.925875 -0.377831
528.100000000 53.8728 45.4088 0 0 0 0.925875 -0.377831
528.200000000 53.8406 45.3773 0 0 0 0.925875 -0.377831
528.300000000 53.8061 45.3435 0 0 0 0.925875 -0.377831
528.400000000 53.7763 45.3143 0 0 0 0.925875 -0.377831
528.500000000 53.7442 45.2829 0 0 0 0.925875 -0.377831
528.600000000 53.7215 45.2607 0 0 0 0.925875 -0.377831
528.700000000 53.693 45.2327 0 0 0 0.925875 -0.377831
528.800000000 53.662 45.2024 0 0 0 0.925875 -0.377831
528.900000000 53.6406 45.1814 0 0 0 0.925875 -0.377831
529.000000000 53.6215 45.1628 0 0 0 0.925875 -0.377831
529.100000000 53.6048 45.1464 0 0 0 0.925875 -0.377831
529.200000000 53.5786 45.1208 0 0 0 0.925875 -0.377831
529.300000000 53.5584 45.1009 0 0 0 0.925875 -0.377831
529.400000000 53.5405 45.0835 0 0 0 0.925875 -0.377831
529.500000000 53.5251 45.0683 0 0 0 0.925875 -0.377831
529.600000000 53.5084 45.052 0 0 0 0.925875 -0.377831
529.700000000 53.4822 45.0263 0 0 0 0.925875 -0.377831
529.800000000 53.4619 45.0065 0 0 0 0.925875 -0.377831
529.900000000 53.4441 44.989 0 0 0 0.925875 -0.377831
530.000000000 53.4286 44.9738 0 0 0 0.925875 -0.377831
530.100000000 53.4119 44.9575 0 0 0 0.925875 -0.377831
530.200000000 53.3941 44.94 0 0 0 0.925875 -0.377831
530.300000000 53.3786 44.9249 0 0 0 0.925875 -0.377831
530.400000000 53.3619 44.9085 0 0 0 0.925875 -0.377831
530.500000000 53.3476 44.8946 0 0 0 0.925875 -0.377831
530.600000000 53.3321 44.8794 0 0 0 0.925875 -0.377831
530.700000000 53.3155 44.8631 0 0 0 0.925875 -0.377831
530.800000000 53.3012 44.8491 0 0 0 0.925875 -0.377831
530.900000000 53.2857 44.8339 0 0 0 0.925875 -0.377831
531.000000000 53.269 44.8176 0 0 0 0.925875 -0.377831
531.100000000 53.2512 44.8001 0 0 0 0.925875 -0.377831
531.200000000 53.2357 44.7849 0 0 0 0.925875 -0.377831
531.300000000 53.219 44.7686 0 0 0 0.925875 -0.377831
531.400000000 53.2047 44.7546 0 0 0 0.925875 -0.377831
531.500000000 53.1892 44.7395 0 0 0 0.925875 -0.377831
531.600000000 53.1726 44.7231 0 0 0 0.925875 -0.377831
531.700000000 53.1583 44.7091 0 0 0 0.925875 -0.377831
531.800000000 53.1345 44.6858 0 0 0 0.925875 -0.377831
531.900000000 53.1095 44.6613 0 0 0 0.925875 -0.377831
532.000000000 53.0856 44.638 0 0 0 0.925875 -0.377831
532.100000000 53.0642 44.617 0 0 0 0.925875 -0.377831
532.200000000 53.0416 44.5949 0 0 0 0.925875 -0.377831
532.300000000 53.0201 44.5739 0 0 0 0.925875 -0.377831
532.400000000 53.0011 44.5552 0 0 0 0.925875 -0.377831
532.500000000 52.9809 44.5354 0 0 0 0.925875 -0.377831
532.600000000 52.963 44.5179 0 0 0 0.925875 -0.377831
532.700000000 52.9392 44.4946 0 0 0 0.925875 -0.377831
532.800000000 52.9142 44.4701 0 0 0 0.925875 -0.377831
532.900000000 52.8904 44.4468 0 0 0 0.925875 -0.377831
533.000000000 52.8689 44.4258 0 0 0 0.925875 -0.377831
533.100000000 52.8463 44.4036 0 0 0 0.925875 -0.377831
533.200000000 52.8249 44.3826 0 0 0 0.925875 -0.377831
533.300000000 52.8058 44.364 0 0 0 0.925875 -0.377831
533.400000000 52.7856 44.3442 0 0 0 0.925875 -0.377831
533.500000000 52.7677 44.3267 0 0 0 0.925875 -0.377831
533.600000000 52.7439 44.3033 0 0 0 0.925875 -0.377831
533.700000000 52.7213 44.2812 0 0 0 0.925875 -0.377831
533.800000000 52.6974 44.2579 0 0 0 0.925875 -0.377831
533.900000000 52.676 44.2369 0 0 0 0.925875 -0.377831
534.000000000 52.6558 44.2171 0 0 0 0.925875 -0.377831
534.100000000 52.6355 44.1972 0 0 0 0.925875 -0.377831
534.200000000 52.6165 44.1786 0 0 0 0.925875 -0.377831
534.300000000 52.5962 44.1588 0 0 0 0.925875 -0.377831
534.400000000 52.5784 44.1413 0 0 0 0.925875 -0.377831
534.500000000 52.5593 44.1226 0 0 0 0.925875 -0.377831
534.600000000 52.5426 44.1063 0 0 0 0.925875 -0.377831
534.700000000 52.5248 44.0888 0 0 0 0.925875 -0.377831
534.800000000 52.501 44.0655 0 0 0 0.925875 -0.377831
534.900000000 52.4783 44.0433 0 0 0 0.925875 -0.377831
535.000000000 52.4545 44.02 0 0 0 0.925875 -0.377831
535.100000000 52.4319 43.9978 0 0 0 0.925875 -0.377831
535.200000000 52.4093 43.9757 0 0 0 0.925875 -0.377831
535.300000000 52.3878 43.9547 0 0 0 0.925875 -0.377831
535.400000000 52.3676 43.9349 0 0 0 0.925875 -0.377831
535.500000000 52.3473 43.915 0 0 0 0.925875 -0.377831
535.600000000 52.3283 43.8964 0 0 0 0.925875 -0.377831
535.700000000 52.3045 43.8731 0 0 0 0.925875 -0.377831
535.800000000 52.2839 43.8536 0 0 0 0.926295 -0.376798
535.900000000 52.2657 43.8364 0 0 0 0.926666 -0.375887
536.000000000 52.2463 43.8181 0 0 0 0.927059 -0.374914
536.100000000 52.2256 43.7987 0 0 0 0.927477 -0.37388
536.200000000 52.2061 43.7805 0 0 0 0.927869 -0.372907
536.300000000 52.19 43.7661 0 0 0 0.928507 -0.371314
536.400000000 52.1726 43.7505 0 0 0 0.929192 -0.369598
536.500000000 52.1576 43.7372 0 0 0 0.929776 -0.368126
536.600000000 52.1414 43.7229 0 0 0 0.930406 -0.36653
536.700000000 52.1276 43.7108 0 0 0 0.930937 -0.365179
536.800000000 52.1125 43.6977 0 0 0 0.931515 -0.363704
536.900000000 52.0973 43.6846 0 0 0 0.932089 -0.362228
537.000000000 52.0834 43.6726 0 0 0 0.932614 -0.360874
537.100000000 52.0682 43.6597 0 0 0 0.933185 -0.359397
537.200000000 52.0529 43.6468 0 0 0 0.933811 -0.357768
537.300000000 52.0362 43.6329 0 0 0 0.934548 -0.355837
537.400000000 52.0208 43.6202 0 0 0 0.935225 -0.354054
537.500000000 52.0053 43.6075 0 0 0 0.935899 -0.352269
537.600000000 51.9911 43.5959 0 0 0 0.936513 -0.350632
537.700000000 51.9755 43.5834 0 0 0 0.937181 -0.348845
537.800000000 51.9599 43.5709 0 0 0 0.937844 -0.347056
537.900000000 51.9429 43.5574 0 0 0 0.938559 -0.345118
538.000000000 51.9271 43.545 0 0 0 0.939216 -0.343327
538.100000000 51.9114 43.5327 0 0 0 0.939869 -0.341534
538.200000000 51.8969 43.5215 0 0 0 0.940465 -0.33989
538.300000000 51.8822 43.5105 0 0 0 0.941262 -0.337676
538.400000000 51.8661 43.4986 0 0 0 0.942126 -0.335258
538.500000000 51.8513 43.4877 0 0 0 0.942913 -0.33304
538.600000000 51.8337 43.475 0 0 0 0.943836 -0.330416
538.700000000 51.8174 43.4633 0 0 0 0.944681 -0.327991
538.800000000 51.7984 43.4498 0 0 0 0.945659 -0.32516
538.900000000 51.7834 43.4393 0 0 0 0.946422 -0.322933
539.000000000 51.7655 43.4269 0 0 0 0.947316 -0.3203
539.100000000 51.749 43.4156 0 0 0 0.948136 -0.317866
539.200000000 51.7324 43.4043 0 0 0 0.948949 -0.315431
539.300000000 51.7144 43.3923 0 0 0 0.949822 -0.31279
539.400000000 51.6963 43.3803 0 0 0 0.950689 -0.310147
539.500000000 51.6796 43.3693 0 0 0 0.951482 -0.307705
539.600000000 51.6628 43.3584 0 0 0 0.952269 -0.305261
539.700000000 51.6459 43.3477 0 0 0 0.953049 -0.302815
539.800000000 51.6304 43.3378 0 0 0 0.953759 -0.300571
539.900000000 51.612 43.3263 0 0 0 0.954592 -0.297917
540.000000000 51.595 43.3158 0 0 0 0.955354 -0.295465
540.100000000 51.5779 43.3054 0 0 0 0.956109 -0.293011
540.200000000 51.5607 43.295 0 0 0 0.956858 -0.290555
540.300000000 51.5437 43.2846 0 0 0 0.957458 -0.288573
540.400000000 51.528 43.2751 0 0 0 0.958004 -0.286755
540.500000000 51.5108 43.2648 0 0 0 0.958596 -0.28477
540.600000000 51.4936 43.2546 0 0 0 0.959183 -0.282785
540.700000000 51.4735 43.2427 0 0 0 0.959864 -0.280466
540.800000000 51.4547 43.2318 0 0 0 0.960491 -0.278312
540.900000000 51.4359 43.221 0 0 0 0.961113 -0.276157
541.000000000 51.4185 43.2111 0 0 0 0.961682 -0.274166
541.100000000 51.4011 43.2012 0 0 0 0.962248 -0.272174
541.200000000 51.3851 43.1923 0 0 0 0.962763 -0.270346
541.300000000 51.3193 43.1562 0 0 0 0.965047 -0.262078
541.400000000 51.2529 43.1212 0 0 0 0.967259 -0.25379
541.500000000 51.1859 43.0874 0 0 0 0.969401 -0.245484
541.600000000 51.1183 43.0547 0 0 0 0.971471 -0.237159
541.700000000 51.0502 43.0232 0 0 0 0.973469 -0.228817
541.800000000 50.9816 42.9929 0 0 0 0.975396 -0.220458
541.900000000 50.9124 42.9638 0 0 0 0.977252 -0.212083
542.000000000 50.8428 42.9358 0 0 0 0.979035 -0.203693
542.100000000 50.7726 42.9092 0 0 0 0.980855 -0.194741
542.200000000 50.7019 42.884 0 0 0 0.982593 -0.185774
542.300000000 50.6322 42.8563 0 0 0 0.982449 -0.186534
542.400000000 50.5626 42.8283 0 0 0 0.982163 -0.18803
542.500000000 50.4933 42.7997 0 0 0 0.981737 -0.190241
542.600000000 50.424 42.7709 0 0 0 0.981307 -0.192451
542.700000000 50.3549 42.7417 0 0 0 0.980871 -0.19466
542.800000000 50.2859 42.7122 0 0 0 0.98043 -0.196869
542.900000000 50.2171 42.6825 0 0 0 0.979984 -0.199076
543.000000000 50.1484 42.6524 0 0 0 0.979533 -0.201282
543.100000000 50.0798 42.622 0 0 0 0.97908 -0.203476
543.200000000 50.0114 42.5913 0 0 0 0.978638 -0.205591
543.300000000 49.98 42.5757 0 0 0 0.977766 -0.209701
543.400000000 49.9533 42.562 0 0 0 0.976951 -0.213465
543.500000000 49.9223 42.5457 0 0 0 0.975982 -0.217853
543.600000000 49.8943 42.5308 0 0 0 0.975088 -0.221819
543.700000000 49.8709 42.518 0 0 0 0.974323 -0.225156
543.800000000 49.8431 42.5027 0 0 0 0.973399 -0.229115
543.900000000 49.8184 42.4887 0 0 0 0.97256 -0.232654
544.000000000 49.7953 42.4755 0 0 0 0.971757 -0.235982
544.100000000 49.7722 42.462 0 0 0 0.970944 -0.239307
544.200000000 49.7507 42.4493 0 0 0 0.970171 -0.242422
544.300000000 49.7293 42.4362 0 0 0 0.969231 -0.246151
544.400000000 49.7123 42.4255 0 0 0 0.96847 -0.249132
544.500000000 49.6926 42.413 0 0 0 0.967569 -0.252606
544.600000000 49.6772 42.4031 0 0 0 0.966853 -0.255334
544.700000000 49.659 42.3912 0 0 0 0.965997 -0.258555
544.800000000 49.6423 42.3802 0 0 0 0.965197 -0.261525
544.900000000 49.6256 42.369 0 0 0 0.964388 -0.264493
545.000000000 49.6104 42.3587 0 0 0 0.963638 -0.267212
545.100000000 49.5953 42.3483 0 0 0 0.96288 -0.269928
545.200000000 49.5801 42.338 0 0 0 0.962284 -0.272047
545.300000000 49.5636 42.3267 0 0 0 0.961628 -0.274356
545.400000000 49.5471 42.3153 0 0 0 0.960967 -0.276664
545.500000000 49.5307 42.3039 0 0 0 0.9603 -0.27897
545.600000000 49.5157 42.2933 0 0 0 0.959684 -0.281083
545.700000000 49.4993 42.2817 0 0 0 0.959006 -0.283386
545.800000000 49.4831 42.2701 0 0 0 0.958323 -0.285688
545.900000000 49.4682 42.2593 0 0 0 0.957692 -0.287796
546.000000000 49.4534 42.2484 0 0 0 0.957056 -0.289903
546.100000000 49.4386 42.2375 0 0 0 0.956416 -0.292008
546.200000000 49.4226 42.2256 0 0 0 0.955712 -0.294304
546.300000000 49.4078 42.2147 0 0 0 0.955196 -0.295974
546.400000000 49.3931 42.2037 0 0 0 0.954677 -0.297644
546.500000000 49.3771 42.1917 0 0 0 0.954107 -0.299465
546.600000000 49.3611 42.1797 0 0 0 0.953534 -0.301284
546.700000000 49.3465 42.1686 0 0 0 0.953006 -0.302951
546.800000000 49.3306 42.1564 0 0 0 0.952426 -0.304769
546.900000000 49.3161 42.1452 0 0 0 0.951892 -0.306434
547.000000000 49.3003 42.1329 0 0 0 0.951306 -0.308249
547.100000000 49.2859 42.1216 0 0 0 0.950765 -0.309912
547.200000000 49.2702 42.1092 0 0 0 0.950172 -0.311725
547.300000000 49.2545 42.0967 0 0 0 0.949576 -0.313537
547.400000000 49.2389 42.0842 0 0 0 0.948976 -0.315348
547.500000000 49.2246 42.0727 0 0 0 0.948423 -0.317007
547.600000000 49.2091 42.06 0 0 0 0.947817 -0.318815
547.700000000 49.1936 42.0473 0 0 0 0.947207 -0.320623
547.800000000 49.1795 42.0357 0 0 0 0.946645 -0.322279
547.900000000 49.1641 42.0229 0 0 0 0.946028 -0.324084
548.000000000 49.1488 42.01 0 0 0 0.945408 -0.325888
548.100000000 49.1334 41.9972 0 0 0 0.944944 -0.327233
548.200000000 49.1192 41.9856 0 0 0 0.944612 -0.328189
548.300000000 49.1051 41.9739 0 0 0 0.944279 -0.329145
548.400000000 49.0897 41.9611 0 0 0 0.943915 -0.330187
548.500000000 49.0743 41.9483 0 0 0 0.94355 -0.331229
548.600000000 49.0603 41.9365 0 0 0 0.943215 -0.332184
548.700000000 49.0462 41.9247 0 0 0 0.942878 -0.333138
548.800000000 49.031 41.9118 0 0 0 0.94251 -0.334179
548.900000000 49.0157 41.8989 0 0 0 0.94214 -0.335219
549.000000000 49.0017 41.887 0 0 0 0.9418 -0.336173
549.100000000 48.9865 41.874 0 0 0 0.941429 -0.337212
549.200000000 48.9713 41.861 0 0 0 0.941109 -0.338102
549.300000000 48.9562 41.8479 0 0 0 0.940789 -0.338991
549.400000000 48.9423 41.836 0 0 0 0.940495 -0.339807
549.500000000 48.9284 41.824 0 0 0 0.940201 -0.340621
549.600000000 48.9133 41.8109 0 0 0 0.939878 -0.34151
549.700000000 48.8969 41.7967 0 0 0 0.939528 -0.342472
549.800000000 48.8818 41.7835 0 0 0 0.939204 -0.34336
549.900000000 48.8668 41.7703 0 0 0 0.938879 -0.344248
550.000000000 48.8518 41.7571 0 0 0 0.938553 -0.345135
550.100000000 48.8355 41.7428 0 0 0 0.938199 -0.346096
550.200000000 48.8205 41.7295 0 0 0 0.937926 -0.346834
550.300000000 48.8055 41.7163 0 0 0 0.937708 -0.347424
550.400000000 48.7918 41.7042 0 0 0 0.937507 -0.347965
550.500000000 48.778 41.6921 0 0 0 0.937307 -0.348506
550.600000000 48.763 41.6788 0 0 0 0.937087 -0.349095
550.700000000 48.7481 41.6655 0 0 0 0.936867 -0.349685
550.800000000 48.7344 41.6534 0 0 0 0.936666 -0.350225
550.900000000 48.7207 41.6412 0 0 0 0.936463 -0.350765
551.000000000 48.7058 41.6278 0 0 0 0.936243 -0.351354
551.100000000 48.6909 41.6145 0 0 0 0.936021 -0.351943
551.200000000 48.6773 41.6022 0 0 0 0.935818 -0.352483
551.300000000 48.6636 41.59 0 0 0 0.935615 -0.353023
551.400000000 48.6488 41.5766 0 0 0 0.935392 -0.353611
551.500000000 48.6339 41.5631 0 0 0 0.93517 -0.3542
551.600000000 48.6191 41.5497 0 0 0 0.934947 -0.354788
551.700000000 48.6031 41.5351 0 0 0 0.934705 -0.355425
551.800000000 48.5883 41.5216 0 0 0 0.934481 -0.356013
551.900000000 48.5736 41.5082 0 0 0 0.934257 -0.356601
552.000000000 48.56 41.4958 0 0 0 0.934051 -0.35714
552.100000000 48.5453 41.4822 0 0 0 0.933826 -0.357727
552.200000000 48.5306 41.4687 0 0 0 0.933657 -0.358168
552.300000000 48.5146 41.4541 0 0 0 0.933474 -0.358645
552.400000000 48.4986 41.4394 0 0 0 0.933291 -0.359122
552.500000000 48.4839 41.4259 0 0 0 0.933121 -0.359562
552.600000000 48.4692 41.4123 0 0 0 0.932952 -0.360002
552.700000000 48.4557 41.3999 0 0 0 0.932796 -0.360405
552.800000000 48.4411 41.3863 0 0 0 0.932626 -0.360845
552.900000000 48.4264 41.3727 0 0 0 0.932456 -0.361285
553.000000000 48.413 41.3602 0 0 0 0.932299 -0.361688
553.100000000 48.3983 41.3466 0 0 0 0.932129 -0.362127
553.200000000 48.3837 41.3329 0 0 0 0.931958 -0.362567
553.300000000 48.3679 41.3182 0 0 0 0.931772 -0.363043
553.400000000 48.3533 41.3045 0 0 0 0.931601 -0.363482
553.500000000 48.3387 41.2908 0 0 0 0.93143 -0.363922
553.600000000 48.3241 41.2771 0 0 0 0.931258 -0.364361
553.700000000 48.3108 41.2645 0 0 0 0.9311 -0.364763
553.800000000 48.2962 41.2508 0 0 0 0.930928 -0.365202
553.900000000 48.2817 41.2371 0 0 0 0.930756 -0.365641
554.000000000 48.2684 41.2245 0 0 0 0.930598 -0.366044
554.100000000 48.2538 41.2107 0 0 0 0.930483 -0.366336
554.200000000 48.2393 41.197 0 0 0 0.930367 -0.366628
554.300000000 48.2235 41.1821 0 0 0 0.930243 -0.366945
554.400000000 48.209 41.1684 0 0 0 0.930127 -0.367237
554.500000000 48.1945 41.1546 0 0 0 0.930012 -0.36753
554.600000000 48.18 41.1409 0 0 0 0.929896 -0.367822
554.700000000 48.1642 41.126 0 0 0 0.929771 -0.368139
554.800000000 48.1498 41.1122 0 0 0 0.929655 -0.368431
554.900000000 48.1353 41.0984 0 0 0 0.929539 -0.368723
555.000000000 48.122 41.0857 0 0 0 0.929433 -0.368991
555.100000000 48.1087 41.0731 0 0 0 0.929327 -0.369258
555.200000000 48.0943 41.0593 0 0 0 0.929211 -0.36955
555.300000000 48.0786 41.0443 0 0 0 0.929148 -0.369709
555.400000000 48.0641 41.0305 0 0 0 0.92909 -0.369855
555.500000000 48.0496 41.0167 0 0 0 0.929032 -0.37
555.600000000 48.0351 41.003 0 0 0 0.928973 -0.370146
555.700000000 48.0206 40.9892 0 0 0 0.928915 -0.370292
555.800000000 48.0062 40.9753 0 0 0 0.928857 -0.370438
555.900000000 47.9917 40.9615 0 0 0 0.928799 -0.370584
556.000000000 47.9772 40.9477 0 0 0 0.928741 -0.37073
556.100000000 47.9628 40.9339 0 0 0 0.928682 -0.370876
556.200000000 47.9471 40.9189 0 0 0 0.928619 -0.371034
556.300000000 47.928 40.9004 0 0 0 0.928386 -0.371618
556.400000000 47.9136 40.8864 0 0 0 0.92821 -0.372056
556.500000000 47.8981 40.8713 0 0 0 0.92802 -0.37253
556.600000000 47.885 40.8585 0 0 0 0.927859 -0.372931
556.700000000 47.8707 40.8445 0 0 0 0.927683 -0.373368
556.800000000 47.8552 40.8294 0 0 0 0.927492 -0.373842
556.900000000 47.8421 40.8166 0 0 0 0.927331 -0.374243
557.000000000 47.8266 40.8014 0 0 0 0.927139 -0.374717
557.100000000 47.8112 40.7862 0 0 0 0.926948 -0.375191
557.200000000 47.7946 40.7698 0 0 0 0.926741 -0.3757
557.300000000 47.7757 40.7509 0 0 0 0.926346 -0.376673
557.400000000 47.7605 40.7355 0 0 0 0.926025 -0.377462
557.500000000 47.744 40.719 0 0 0 0.925678 -0.378313
557.600000000 47.7276 40.7024 0 0 0 0.92533 -0.379162
557.700000000 47.7089 40.6834 0 0 0 0.924932 -0.380133
557.800000000 47.6903 40.6643 0 0 0 0.924532 -0.381103
557.900000000 47.6728 40.6464 0 0 0 0.924157 -0.382013
558.000000000 47.6554 40.6285 0 0 0 0.923781 -0.382922
558.100000000 47.6392 40.6117 0 0 0 0.923429 -0.38377
558.200000000 47.623 40.5949 0 0 0 0.923076 -0.384618
558.300000000 47.6081 40.5791 0 0 0 0.922482 -0.38604
558.400000000 47.5934 40.5632 0 0 0 0.921818 -0.387623
558.500000000 47.5776 40.546 0 0 0 0.9211 -0.389325
558.600000000 47.5641 40.5312 0 0 0 0.920483 -0.390784
558.700000000 47.5496 40.5151 0 0 0 0.919811 -0.392362
558.800000000 47.534 40.4978 0 0 0 0.919084 -0.394061
558.900000000 47.5206 40.4829 0 0 0 0.918459 -0.395517
559.000000000 47.5063 40.4667 0 0 0 0.917779 -0.397092
559.100000000 47.4941 40.4529 0 0 0 0.917201 -0.398424
559.200000000 47.4449 40.3962 0 0 0 0.914456 -0.404685
559.300000000 47.3965 40.3389 0 0 0 0.911668 -0.410927
559.400000000 47.3817 40.3209 0 0 0 0.910907 -0.412611
559.500000000 47.3343 40.2628 0 0 0 0.908065 -0.418829
559.600000000 47.3218 40.2471 0 0 0 0.907401 -0.420266
559.700000000 47.2753 40.1882 0 0 0 0.904506 -0.42646
559.800000000 47.2297 40.1286 0 0 0 0.90157 -0.432634
559.900000000 47.185 40.0684 0 0 0 0.898591 -0.438787
560.000000000 47.1416 40.0072 0 0 0 0.894794 -0.446479
560.100000000 47.0992 39.9452 0 0 0 0.890931 -0.454138
560.200000000 47.058 39.8825 0 0 0 0.887003 -0.461764
560.300000000 47.0187 39.8185 0 0 0 0.881749 -0.471718
560.400000000 46.9808 39.7537 0 0 0 0.876384 -0.481613
560.500000000 46.9444 39.688 0 0 0 0.870907 -0.491447
560.600000000 46.9095 39.6215 0 0 0 -0.86532 0.501219
560.700000000 46.8762 39.5543 0 0 0 -0.859624 0.510927
560.800000000 46.8443 39.4863 0 0 0 -0.853819 0.520571
560.900000000 46.814 39.4176 0 0 0 -0.847905 0.530148
561.000000000 46.7852 39.3482 0 0 0 -0.841884 0.539659
561.100000000 46.758 39.2782 0 0 0 -0.835756 0.549101
561.200000000 46.7324 39.2077 0 0 0 -0.829523 0.558473
561.300000000 46.7092 39.138 0 0 0 -0.822811 0.568316
561.400000000 46.6894 39.0725 0 0 0 -0.816106 0.577902
561.500000000 46.6721 39.0097 0 0 0 -0.809625 0.586947
561.600000000 46.6565 38.9482 0 0 0 -0.803214 0.59569
561.700000000 46.6426 38.888 0 0 0 -0.796881 0.604136
561.800000000 46.6307 38.8308 0 0 0 -0.790809 0.612063
561.900000000 46.6203 38.775 0 0 0 -0.784834 0.619706
562.000000000 46.6112 38.7207 0 0 0 -0.778965 0.627068
562.100000000 46.6034 38.6678 0 0 0 -0.773207 0.634153
562.200000000 46.5968 38.6165 0 0 0 -0.767568 0.640967
562.300000000 46.5903 38.5635 0 0 0 -0.762579 0.646895
562.400000000 46.5847 38.5121 0 0 0 -0.757989 0.652268
562.500000000 46.5799 38.4623 0 0 0 -0.75351 0.657437
562.600000000 46.576 38.414 0 0 0 -0.749147 0.662404
562.700000000 46.5728 38.3674 0 0 0 -0.744903 0.667172
562.800000000 46.5703 38.3224 0 0 0 -0.740783 0.671745
562.900000000 46.5685 38.2791 0 0 0 -0.736788 0.676124
563.000000000 46.5663 38.2041 0 0 0 -0.729484 0.683998
563.100000000 46.5658 38.129 0 0 0 -0.722096 0.691793
563.200000000 46.5652 38.0906 0 0 0 -0.720206 0.69376
563.300000000 46.5648 38.0523 0 0 0 -0.718524 0.695502
563.400000000 46.5645 38.0156 0 0 0 -0.716911 0.697164
563.500000000 46.5644 37.9806 0 0 0 -0.715368 0.698748
563.600000000 46.5645 37.9473 0 0 0 -0.713895 0.700252
563.700000000 46.5647 37.9139 0 0 0 -0.71242 0.701754
563.800000000 46.565 37.8823 0 0 0 -0.711014 0.703177
563.900000000 46.5654 37.8506 0 0 0 -0.709606 0.704598
564.000000000 46.566 37.8189 0 0 0 -0.708196 0.706016
564.100000000 46.5667 37.7889 0 0 0 -0.706857 0.707357
564.200000000 46.5674 37.7606 0 0 0 -0.70559 0.708621
564.300000000 46.5683 37.7322 0 0 0 -0.70432 0.709882
564.400000000 46.5694 37.6989 0 0 0 -0.702824 0.711364
564.500000000 46.5705 37.6673 0 0 0 -0.7014 0.712768
564.600000000 46.5719 37.6356 0 0 0 -0.699973 0.71417
564.700000000 46.5732 37.6056 0 0 0 -0.698618 0.715495
564.800000000 46.5747 37.5757 0 0 0 -0.697261 0.716817
564.900000000 46.5762 37.5474 0 0 0 -0.695977 0.718064
565.000000000 46.5779 37.5174 0 0 0 -0.694615 0.719382
565.100000000 46.5797 37.4875 0 0 0 -0.693251 0.720697
565.200000000 46.5815 37.4592 0 0 0 -0.69196 0.721936
565.300000000 46.5833 37.4326 0 0 0 -0.690743 0.723101
565.400000000 46.589 37.3578 0 0 0 -0.686677 0.726963
565.500000000 46.5955 37.283 0 0 0 -0.682589 0.730802
565.600000000 46.6028 37.2084 0 0 0 -0.67848 0.734619
565.700000000 46.611 37.1338 0 0 0 -0.67435 0.738412
565.800000000 46.62 37.0593 0 0 0 -0.670198 0.742182
565.900000000 46.6333 36.9924 0 0 0 -0.658238 0.75281
566.000000000 46.6498 36.9428 0 0 0 -0.639818 0.768526
566.100000000 46.6688 36.9107 0 0 0 -0.614695 0.788765
566.200000000 46.6892 36.8932 0 0 0 -0.583681 0.811983
566.300000000 46.7086 36.8944 0 0 0 -0.544853 0.838531
566.400000000 46.7275 36.8989 0 0 0 -0.504209 0.863582
566.500000000 46.7458 36.9051 0 0 0 -0.462416 0.886663
566.600000000 46.7635 36.9131 0 0 0 -0.419568 0.907724
566.700000000 46.7804 36.9227 0 0 0 -0.375764 0.926715
566.800000000 46.7962 36.9339 0 0 0 -0.331104 0.943594
566.900000000 46.811 36.9466 0 0 0 -0.285689 0.958323
567.000000000 46.8244 36.9606 0 0 0 -0.239622 0.970866
567.100000000 46.8365 36.9758 0 0 0 -0.193009 0.981197
567.200000000 46.847 36.9921 0 0 0 -0.145957 0.989291
567.300000000 46.8769 36.9982 0 0 0 -0.109969 0.993935
567.400000000 46.9225 36.9993 0 0 0 -0.0823388 0.996604
567.500000000 46.9816 36.9979 0 0 0 -0.061756 0.998091
567.600000000 47.0415 36.9986 0 0 0 -0.0415524 0.999136
567.700000000 47.1014 37.0017 0 0 0 -0.0213317 0.999772
567.800000000 47.161 37.0073 0 0 0 -0.00110233 0.999999
567.900000000 47.2204 37.0152 0 0 0 0.0191275 0.999817
568.000000000 47.2794 37.0256 0 0 0 0.0393495 0.999226
568.100000000 47.338 37.0383 0 0 0 0.0595554 0.998225
568.200000000 47.396 37.0534 0 0 0 0.0797369 0.996816
568.300000000 47.4693 37.0698 0 0 0 0.0909519 0.995855
568.400000000 47.5427 37.085 0 0 0 0.0952514 0.995453
568.500000000 47.6161 37.1007 0 0 0 0.0988821 0.995099
568.600000000 47.6893 37.1169 0 0 0 0.102512 0.994732
568.700000000 47.7624 37.1336 0 0 0 0.10614 0.994351
568.800000000 47.8354 37.1509 0 0 0 0.109766 0.993957
568.900000000 47.9091 37.165 0 0 0 0.10419 0.994557
569.000000000 47.9829 37.1784 0 0 0 0.0986114 0.995126
569.100000000 48.0569 37.1909 0 0 0 0.0930292 0.995663
569.200000000 48.1309 37.2028 0 0 0 0.0880784 0.996114
569.300000000 48.2051 37.214 0 0 0 0.0831254 0.996539
569.400000000 48.2794 37.2245 0 0 0 0.0781704 0.99694
569.500000000 48.3538 37.2342 0 0 0 0.0732134 0.997316
569.600000000 48.4283 37.2432 0 0 0 0.0682547 0.997668
569.700000000 48.5028 37.2515 0 0 0 0.0632942 0.997995
569.800000000 48.5775 37.259 0 0 0 0.0583322 0.998297
569.900000000 48.6522 37.2657 0 0 0 0.0533687 0.998575
570.000000000 48.7269 37.272 0 0 0 0.0490562 0.998796
570.100000000 48.8017 37.2774 0 0 0 0.0440904 0.999028
570.200000000 48.8766 37.2823 0 0 0 0.039776 0.999209
570.300000000 48.9515 37.2865 0 0 0 0.0354608 0.999371
570.400000000 49.0264 37.2901 0 0 0 0.031145 0.999515
570.500000000 49.1014 37.293 0 0 0 0.0268286 0.99964
570.600000000 49.1763 37.2953 0 0 0 0.0225118 0.999747
570.700000000 49.2513 37.297 0 0 0 0.0181945 0.999834
570.800000000 49.3263 37.298 0 0 0 0.0138768 0.999904
570.900000000 49.4014 37.2983 0 0 0 0.00955891 0.999954
571.000000000 49.4764 37.298 0 0 0 0.00524083 0.999986
571.100000000 49.5514 37.2971 0 0 0 0.000922657 1
571.200000000 49.6264 37.2955 0 0 0 -0.00339554 0.999994
571.300000000 49.7014 37.2933 0 0 0 -0.00771367 0.99997
571.400000000 49.7763 37.2904 0 0 0 -0.0120317 0.999928
571.500000000 49.8512 37.2869 0 0 0 -0.0163494 0.999866
571.600000000 49.9261 37.2827 0 0 0 -0.0206669 0.999786
571.700000000 50.001 37.2779 0 0 0 -0.024984 0.999688
571.800000000 50.0758 37.2724 0 0 0 -0.0293006 0.999571
571.900000000 50.1506 37.2663 0 0 0 -0.0336166 0.999435
572.000000000 50.2253 37.2595 0 0 0 -0.0379321 0.99928
572.100000000 50.2943 37.2482 0 0 0 -0.0530181 0.998594
572.200000000 50.346 37.2333 0 0 0 -0.0763956 0.997078
572.300000000 50.3968 37.216 0 0 0 -0.0997312 0.995014
572.400000000 50.4469 37.1963 0 0 0 -0.123012 0.992405
572.500000000 50.4959 37.1743 0 0 0 -0.146225 0.989251
572.600000000 50.5438 37.15 0 0 0 -0.169358 0.985555
572.700000000 50.5906 37.1235 0 0 0 -0.192399 0.981317
572.800000000 50.6361 37.0948 0 0 0 -0.215333 0.976541
572.900000000 50.6802 37.0641 0 0 0 -0.238149 0.971229
573.000000000 50.7227 37.0313 0 0 0 -0.260835 0.965383
573.100000000 50.7638 36.9965 0 0 0 -0.283378 0.959008
573.200000000 50.819 36.9536 0 0 0 -0.297828 0.95462
573.300000000 50.8781 36.9073 0 0 0 -0.308554 0.951207
573.400000000 50.9362 36.8598 0 0 0 -0.318752 0.947838
573.500000000 50.9934 36.8111 0 0 0 -0.328913 0.94436
573.600000000 51.0494 36.7611 0 0 0 -0.339037 0.940773
573.700000000 51.1044 36.71 0 0 0 -0.349121 0.937078
573.800000000 51.1583 36.6577 0 0 0 -0.359165 0.933274
573.900000000 51.211 36.6043 0 0 0 -0.369168 0.929363
574.000000000 51.2626 36.5497 0 0 0 -0.379128 0.925344
574.100000000 51.313 36.4941 0 0 0 -0.389045 0.921219
574.200000000 51.3622 36.4374 0 0 0 -0.398916 0.916987
574.300000000 51.4126 36.3819 0 0 0 -0.40098 0.916087
574.400000000 51.4633 36.3266 0 0 0 -0.401688 0.915777
574.500000000 51.5139 36.2712 0 0 0 -0.402396 0.915466
574.600000000 51.5643 36.2157 0 0 0 -0.403104 0.915154
574.700000000 51.6147 36.1602 0 0 0 -0.403812 0.914842
574.800000000 51.6651 36.1046 0 0 0 -0.404519 0.91453
574.900000000 51.7153 36.0489 0 0 0 -0.405226 0.914217
575.000000000 51.7654 35.9931 0 0 0 -0.405933 0.913903
575.100000000 51.8155 35.9372 0 0 0 -0.40664 0.913589
575.200000000 51.8654 35.8813 0 0 0 -0.407346 0.913274
575.300000000 51.916 35.8259 0 0 0 -0.405954 0.913893
575.400000000 51.967 35.7708 0 0 0 -0.403895 0.914805
575.500000000 52.0181 35.716 0 0 0 -0.401834 0.915712
575.600000000 52.0696 35.6614 0 0 0 -0.399771 0.916615
575.700000000 52.1213 35.6071 0 0 0 -0.397706 0.917513
575.800000000 52.1732 35.553 0 0 0 -0.395639 0.918406
575.900000000 52.2254 35.4991 0 0 0 -0.39357 0.919295
576.000000000 52.2778 35.4454 0 0 0 -0.391499 0.920178
576.100000000 52.3304 35.392 0 0 0 -0.389426 0.921058
576.200000000 52.3833 35.3389 0 0 0 -0.387351 0.921932
576.300000000 52.4361 35.2855 0 0 0 -0.386638 0.922231
576.400000000 52.4889 35.2322 0 0 0 -0.385925 0.92253
576.500000000 52.5417 35.1791 0 0 0 -0.385211 0.922828
576.600000000 52.5947 35.126 0 0 0 -0.384498 0.923126
576.700000000 52.6477 35.0729 0 0 0 -0.383784 0.923423
576.800000000 52.7009 35.02 0 0 0 -0.383069 0.92372
576.900000000 52.7541 34.9671 0 0 0 -0.382355 0.924015
577.000000000 52.8074 34.9144 0 0 0 -0.38164 0.924311
577.100000000 52.8607 34.8617 0 0 0 -0.380925 0.924606
577.200000000 52.9142 34.8091 0 0 0 -0.38021 0.9249
577.300000000 52.9677 34.7565 0 0 0 -0.379495 0.925194
577.400000000 53.0213 34.7041 0 0 0 -0.378779 0.925487
577.500000000 53.075 34.6517 0 0 0 -0.378064 0.92578
577.600000000 53.1288 34.5994 0 0 0 -0.377348 0.926072
577.700000000 53.1827 34.5472 0 0 0 -0.376631 0.926363
577.800000000 53.2362 34.4947 0 0 0 -0.377348 0.926072
577.900000000 53.2896 34.442 0 0 0 -0.378064 0.92578
578.000000000 53.3429 34.3893 0 0 0 -0.378779 0.925487
578.100000000 53.3962 34.3365 0 0 0 -0.379495 0.925194
578.200000000 53.4494 34.2836 0 0 0 -0.38021 0.9249
578.300000000 53.5025 34.2307 0 0 0 -0.380925 0.924606
578.400000000 53.5555 34.1776 0 0 0 -0.38164 0.924311
578.500000000 53.6084 34.1245 0 0 0 -0.382355 0.924015
578.600000000 53.6613 34.0713 0 0 0 -0.383069 0.92372
578.700000000 53.7141 34.018 0 0 0 -0.383784 0.923423
578.800000000 53.7667 33.9646 0 0 0 -0.384498 0.923126
578.900000000 53.8193 33.9111 0 0 0 -0.385211 0.922828
579.000000000 53.8719 33.8576 0 0 0 -0.385925 0.92253
579.100000000 53.9243 33.804 0 0 0 -0.386638 0.922231
579.200000000 53.9769 33.7505 0 0 0 -0.386638 0.922231
579.300000000 54.0295 33.697 0 0 0 -0.386638 0.922231
579.400000000 54.082 33.6435 0 0 0 -0.386638 0.922231
579.500000000 54.1346 33.59 0 0 0 -0.386638 0.922231
579.600000000 54.1872 33.5365 0 0 0 -0.386638 0.922231
579.700000000 54.2398 33.4831 0 0 0 -0.386638 0.922231
579.800000000 54.2923 33.4296 0 0 0 -0.386638 0.922231
579.900000000 54.3449 33.3761 0 0 0 -0.386638 0.922231
580.000000000 54.3975 33.3226 0 0 0 -0.386638 0.922231
580.100000000 54.4501 33.2691 0 0 0 -0.386638 0.922231
580.200000000 54.5026 33.2156 0 0 0 -0.386638 0.922231
580.300000000 54.5552 33.1621 0 0 0 -0.386638 0.922231
580.400000000 54.6078 33.1087 0 0 0 -0.386638 0.922231
580.500000000 54.6604 33.0552 0 0 0 -0.386638 0.922231
580.600000000 54.713 33.0017 0 0 0 -0.386638 0.922231
580.700000000 54.7655 32.9482 0 0 0 -0.386638 0.922231
580.800000000 54.8181 32.8947 0 0 0 -0.386638 0.922231
580.900000000 54.8707 32.8412 0 0 0 -0.386638 0.922231
581.000000000 54.9233 32.7878 0 0 0 -0.386638 0.922231
581.100000000 54.9758 32.7343 0 0 0 -0.386638 0.922231
581.200000000 55.0284 32.6808 0 0 0 -0.386638 0.922231
581.300000000 55.081 32.6273 0 0 0 -0.386638 0.922231
581.400000000 55.1336 32.5738 0 0 0 -0.386638 0.922231
581.500000000 55.1861 32.5203 0 0 0 -0.386638 0.922231
581.600000000 55.2387 32.4668 0 0 0 -0.386638 0.922231
581.700000000 55.2913 32.4134 0 0 0 -0.386638 0.922231
581.800000000 55.3439 32.3599 0 0 0 -0.386638 0.922231
581.900000000 55.3964 32.3064 0 0 0 -0.386638 0.922231
582.000000000 55.449 32.2529 0 0 0 -0.386638 0.922231
582.100000000 55.5016 32.1994 0 0 0 -0.386638 0.922231
582.200000000 55.5542 32.1459 0 0 0 -0.386638 0.922231
582.300000000 55.6068 32.0924 0 0 0 -0.386638 0.922231
582.400000000 55.6593 32.039 0 0 0 -0.386638 0.922231
582.500000000 55.7119 31.9855 0 0 0 -0.386638 0.922231
582.600000000 55.7645 31.932 0 0 0 -0.386638 0.922231
582.700000000 55.8171 31.8785 0 0 0 -0.386638 0.922231
582.800000000 55.8696 31.825 0 0 0 -0.386638 0.922231
582.900000000 55.9222 31.7715 0 0 0 -0.386638 0.922231
583.000000000 55.9748 31.718 0 0 0 -0.386638 0.922231
583.100000000 56.0274 31.6646 0 0 0 -0.386638 0.922231
583.200000000 56.0799 31.6111 0 0 0 -0.386638 0.922231
583.300000000 56.1325 31.5576 0 0 0 -0.386638 0.922231
583.400000000 56.1851 31.5041 0 0 0 -0.386638 0.922231
583.500000000 56.2377 31.4506 0 0 0 -0.386638 0.922231
583.600000000 56.2903 31.3971 0 0 0 -0.386638 0.922231
583.700000000 56.3428 31.3436 0 0 0 -0.386638 0.922231
583.800000000 56.3954 31.2902 0 0 0 -0.386638 0.922231
583.900000000 56.448 31.2367 0 0 0 -0.386638 0.922231
584.000000000 56.4991 31.1818 0 0 0 -0.391218 0.920298
584.100000000 56.5497 31.1264 0 0 0 -0.395788 0.918342
584.200000000 56.5998 31.0705 0 0 0 -0.400349 0.916363
584.300000000 56.6493 31.0142 0 0 0 -0.404899 0.914361
584.400000000 56.6982 30.9573 0 0 0 -0.40944 0.912337
584.500000000 56.7466 30.9 0 0 0 -0.41397 0.910291
584.600000000 56.7942 30.842 0 0 0 -0.419068 0.907955
584.700000000 56.8411 30.7834 0 0 0 -0.424153 0.90559
584.800000000 56.8874 30.7244 0 0 0 -0.429225 0.903197
584.900000000 56.933 30.6648 0 0 0 -0.434284 0.900776
585.000000000 56.978 30.6048 0 0 0 -0.439328 0.898327
585.100000000 57.022 30.5441 0 0 0 -0.444916 0.895572
585.200000000 57.0655 30.483 0 0 0 -0.449931 0.893063
585.300000000 57.1082 30.4212 0 0 0 -0.455486 0.890243
585.400000000 57.15 30.3589 0 0 0 -0.461023 0.887388
585.500000000 57.1911 30.2962 0 0 0 -0.466542 0.884499
585.600000000 57.2314 30.2329 0 0 0 -0.472043 0.881576
585.700000000 57.2709 30.1691 0 0 0 -0.477525 0.878618
585.800000000 57.3096 30.1048 0 0 0 -0.482989 0.875626
585.900000000 57.3475 30.04 0 0 0 -0.488434 0.872601
586.000000000 57.3845 29.9748 0 0 0 -0.493861 0.869541
586.100000000 57.4208 29.9091 0 0 0 -0.499268 0.866448
586.200000000 57.4565 29.8431 0 0 0 -0.504119 0.863634
586.300000000 57.4912 29.7766 0 0 0 -0.509489 0.860477
586.400000000 57.525 29.7097 0 0 0 -0.51484 0.857286
586.500000000 57.5581 29.6423 0 0 0 -0.52017 0.854063
586.600000000 57.5903 29.5745 0 0 0 -0.52548 0.850806
586.700000000 57.6216 29.5064 0 0 0 -0.53077 0.847516
586.800000000 57.6521 29.4378 0 0 0 -0.536039 0.844193
586.900000000 57.6817 29.3689 0 0 0 -0.541288 0.840837
587.000000000 57.7105 29.2996 0 0 0 -0.546515 0.837449
587.100000000 57.7384 29.23 0 0 0 -0.551721 0.834028
587.200000000 57.7638 29.1593 0 0 0 -0.560647 0.828055
587.300000000 57.7875 29.0881 0 0 0 -0.569932 0.821692
587.400000000 57.8095 29.0163 0 0 0 -0.579145 0.815225
587.500000000 57.8299 28.944 0 0 0 -0.588284 0.808654
587.600000000 57.8487 28.8713 0 0 0 -0.597349 0.801981
587.700000000 57.8659 28.7982 0 0 0 -0.606244 0.795279
587.800000000 57.8812 28.7264 0 0 0 -0.614681 0.788776
587.900000000 57.8944 28.6576 0 0 0 -0.622669 0.782485
588.000000000 57.9058 28.5902 0 0 0 -0.630406 0.776266
588.100000000 57.9157 28.5242 0 0 0 -0.637894 0.770124
588.200000000 57.9239 28.4613 0 0 0 -0.644952 0.764223
588.300000000 57.9319 28.3967 0 0 0 -0.650487 0.759518
588.400000000 57.9387 28.3354 0 0 0 -0.655706 0.755017
588.500000000 57.9444 28.2756 0 0 0 -0.660754 0.750603
588.600000000 57.9492 28.2175 0 0 0 -0.665633 0.746279
588.700000000 57.9531 28.1626 0 0 0 -0.670208 0.742173
588.800000000 57.9561 28.1093 0 0 0 -0.67462 0.738165
588.900000000 57.9584 28.0576 0 0 0 -0.678871 0.734257
589.000000000 57.9601 28.0076 0 0 0 -0.682964 0.730452
589.100000000 57.9612 27.9593 0 0 0 -0.6869 0.726752
589.200000000 57.9618 27.9126 0 0 0 -0.690681 0.72316
589.300000000 57.9618 27.8675 0 0 0 -0.694309 0.719677
589.400000000 57.9614 27.8242 0 0 0 -0.697786 0.716306
589.500000000 57.9607 27.7825 0 0 0 -0.701114 0.713049
589.600000000 57.9595 27.7424 0 0 0 -0.704295 0.709907
589.700000000 57.9581 27.7041 0 0 0 -0.70733 0.706883
589.800000000 57.9564 27.6658 0 0 0 -0.710352 0.703847
589.900000000 57.9544 27.6291 0 0 0 -0.71323 0.70093
590.000000000 57.9523 27.5942 0 0 0 -0.715967 0.698134
590.100000000 57.9503 27.5576 0 0 0 -0.717786 0.696264
590.200000000 57.9488 27.5092 0 0 0 -0.717786 0.696264
590.300000000 57.9474 27.4576 0 0 0 -0.717503 0.696555
590.400000000 57.9461 27.4076 0 0 0 -0.71723 0.696837
590.500000000 57.9448 27.3593 0 0 0 -0.716965 0.697109
590.600000000 57.9437 27.3126 0 0 0 -0.71671 0.697372
590.700000000 57.9426 27.2677 0 0 0 -0.716463 0.697625
590.800000000 57.9416 27.2243 0 0 0 -0.716226 0.697869
590.900000000 57.9406 27.1827 0 0 0 -0.715997 0.698103
591.000000000 57.9397 27.141 0 0 0 -0.715769 0.698338
591.100000000 57.9388 27.101 0 0 0 -0.715549 0.698562
591.200000000 57.938 27.0627 0 0 0 -0.715339 0.698778
591.300000000 57.9373 27.026 0 0 0 -0.715137 0.698984
591.400000000 57.9366 26.9911 0 0 0 -0.714945 0.69918
591.500000000 57.9359 26.9561 0 0 0 -0.714753 0.699377
591.600000000 57.9353 26.9227 0 0 0 -0.71457 0.699564
591.700000000 57.9347 26.8911 0 0 0 -0.714396 0.699742
591.800000000 57.9342 26.8611 0 0 0 -0.714231 0.69991
591.900000000 57.9337 26.8311 0 0 0 -0.714066 0.700078
592.000000000 57.9332 26.8027 0 0 0 -0.71391 0.700237
592.100000000 57.9328 26.7744 0 0 0 -0.713754 0.700396
592.200000000 57.9323 26.7478 0 0 0 -0.713754 0.700396
592.300000000 57.9318 26.7228 0 0 0 -0.713754 0.700396
592.400000000 57.9313 26.6978 0 0 0 -0.713754 0.700396
592.500000000 57.9308 26.6711 0 0 0 -0.713754 0.700396
592.600000000 57.9303 26.6444 0 0 0 -0.713754 0.700396
592.700000000 57.9298 26.6178 0 0 0 -0.713754 0.700396
592.800000000 57.9293 26.5911 0 0 0 -0.713754 0.700396
592.900000000 57.9288 26.5661 0 0 0 -0.713754 0.700396
593.000000000 57.9283 26.5395 0 0 0 -0.713754 0.700396
593.100000000 57.9279 26.5145 0 0 0 -0.713754 0.700396
593.200000000 57.9274 26.4911 0 0 0 -0.713754 0.700396
593.300000000 57.927 26.4678 0 0 0 -0.713754 0.700396
593.400000000 57.9266 26.4461 0 0 0 -0.713754 0.700396
593.500000000 57.9262 26.4245 0 0 0 -0.713754 0.700396
593.600000000 57.9257 26.4028 0 0 0 -0.713754 0.700396
593.700000000 57.9254 26.3828 0 0 0 -0.713754 0.700396
593.800000000 57.925 26.3612 0 0 0 -0.713754 0.700396
593.900000000 57.9245 26.3395 0 0 0 -0.713754 0.700396
594.000000000 57.9241 26.3178 0 0 0 -0.713754 0.700396
594.100000000 57.9237 26.2962 0 0 0 -0.713754 0.700396
594.200000000 57.9233 26.2745 0 0 0 -0.713754 0.700396
594.300000000 57.9229 26.2512 0 0 0 -0.713754 0.700396
594.400000000 57.9225 26.2295 0 0 0 -0.713754 0.700396
594.500000000 57.9221 26.2079 0 0 0 -0.713754 0.700396
594.600000000 57.9217 26.1879 0 0 0 -0.713754 0.700396
594.700000000 57.9213 26.1662 0 0 0 -0.713754 0.700396
594.800000000 57.9209 26.1462 0 0 0 -0.713754 0.700396
594.900000000 57.9205 26.1245 0 0 0 -0.713754 0.700396
595.000000000 57.9201 26.1045 0 0 0 -0.713754 0.700396
595.100000000 57.9196 26.0779 0 0 0 -0.713754 0.700396
595.200000000 57.9191 26.0529 0 0 0 -0.713754 0.700396
595.300000000 57.9186 26.0262 0 0 0 -0.713754 0.700396
595.400000000 57.9182 26.0012 0 0 0 -0.713754 0.700396
595.500000000 57.9177 25.9762 0 0 0 -0.713754 0.700396
595.600000000 57.9172 25.9529 0 0 0 -0.713754 0.700396
595.700000000 57.9168 25.9296 0 0 0 -0.713754 0.700396
595.800000000 57.9163 25.9029 0 0 0 -0.713754 0.700396
595.900000000 57.9158 25.8762 0 0 0 -0.713754 0.700396
596.000000000 57.9193 25.8012 0 0 0 -0.705113 0.709095
596.100000000 57.928 25.7435 0 0 0 -0.690038 0.723773
596.200000000 57.9416 25.7024 0 0 0 -0.668792 0.74345
596.300000000 57.9591 25.6802 0 0 0 -0.640266 0.768154
596.400000000 57.9785 25.6816 0 0 0 -0.602291 0.798277
596.500000000 57.9974 25.688 0 0 0 -0.561641 0.827381
596.600000000 58.0156 25.6963 0 0 0 -0.519587 0.854418
596.700000000 58.0329 25.7064 0 0 0 -0.476235 0.879318
596.800000000 58.0491 25.7181 0 0 0 -0.431692 0.902021
596.900000000 58.064 25.7314 0 0 0 -0.38607 0.922469
597.000000000 58.0775 25.7462 0 0 0 -0.339483 0.940612
597.100000000 58.0895 25.7622 0 0 0 -0.292048 0.956404
597.200000000 58.0998 25.7793 0 0 0 -0.243883 0.969805
597.300000000 58.1281 25.7812 0 0 0 -0.207119 0.978316
597.400000000 58.1593 25.783 0 0 0 -0.171952 0.985105
597.500000000 58.1904 25.7871 0 0 0 -0.136564 0.990631
597.600000000 58.2211 25.7933 0 0 0 -0.101001 0.994886
597.700000000 58.2512 25.8017 0 0 0 -0.065309 0.997865
597.800000000 58.2807 25.8123 0 0 0 -0.0295327 0.999564
597.900000000 58.3094 25.825 0 0 0 0.00628142 0.99998
598.000000000 58.337 25.8396 0 0 0 0.0420875 0.999114
598.100000000 58.3636 25.8562 0 0 0 0.0778396 0.996966
598.200000000 58.3889 25.8747 0 0 0 0.113492 0.993539
598.300000000 58.4244 25.8953 0 0 0 0.143418 0.989662
598.400000000 58.4586 25.918 0 0 0 0.173213 0.984884
598.500000000 58.4923 25.9429 0 0 0 0.202451 0.979292
598.600000000 58.5236 25.9695 0 0 0 0.231907 0.972738
598.700000000 58.5532 25.998 0 0 0 0.261151 0.965298
598.800000000 58.581 26.0282 0 0 0 0.290158 0.956979
598.900000000 58.607 26.0601 0 0 0 0.318901 0.947788
599.000000000 58.6325 26.0942 0 0 0 0.346589 0.938017
599.100000000 58.6552 26.1293 0 0 0 0.374355 0.927285
599.200000000 58.6758 26.1657 0 0 0 0.40179 0.915732
599.300000000 58.6942 26.2033 0 0 0 0.428868 0.903367
599.400000000 58.7104 26.2419 0 0 0 0.455567 0.890202
599.500000000 58.7242 26.2814 0 0 0 0.481861 0.876248
599.600000000 58.7356 26.3216 0 0 0 0.507729 0.861517
599.700000000 58.7446 26.3625 0 0 0 0.533147 0.846023
599.800000000 58.7512 26.4038 0 0 0 0.558092 0.829779
599.900000000 58.7553 26.4454 0 0 0 0.582543 0.8128
600.000000000 58.7569 26.4872 0 0 0 0.606477 0.795101
600.100000000 58.756 26.5291 0 0 0 0.629875 0.776697
600.200000000 58.7454 26.5537 0 0 0 0.659487 0.751716
600.300000000 58.7265 26.5583 0 0 0 0.695138 0.718876
600.400000000 58.7065 26.558 0 0 0 0.730198 0.683235
600.500000000 58.6867 26.5557 0 0 0 0.763433 0.645887
600.600000000 58.6671 26.5514 0 0 0 0.79476 0.606924
600.700000000 58.6481 26.5451 0 0 0 0.8241 0.566444
600.800000000 58.6298 26.5371 0 0 0 0.851381 0.524548
600.900000000 58.6125 26.5272 0 0 0 0.876533 0.481341
601.000000000 58.5961 26.5156 0 0 0 0.899495 0.436931
601.100000000 58.5811 26.5025 0 0 0 0.920208 0.391429
601.200000000 58.5674 26.4879 0 0 0 0.938621 0.344949
601.300000000 58.5552 26.4721 0 0 0 0.954689 0.297606
601.400000000 58.5447 26.4551 0 0 0 0.96837 0.24952
601.500000000 58.5359 26.4371 0 0 0 0.97963 0.20081
601.600000000 58.529 26.4184 0 0 0 0.988442 0.151598
601.700000000 58.5239 26.399 0 0 0 0.994784 0.102007
601.800000000 58.5209 26.3793 0 0 0 0.998639 0.0521606
601.900000000 58.5198 26.3593 0 0 0 0.999998 0.00218428
602.000000000 58.5207 26.3393 0 0 0 0.998857 -0.0477975
602.100000000 58.5236 26.3195 0 0 0 0.99522 -0.0976598
602.200000000 58.5285 26.3002 0 0 0 0.989095 -0.147278
602.300000000 58.5099 26.2787 0 0 0 0.982834 -0.184491
602.400000000 58.4752 26.2528 0 0 0 0.97708 -0.212872
602.500000000 58.4294 26.2219 0 0 0 0.972011 -0.234934
602.600000000 58.3835 26.1885 0 0 0 0.966649 -0.256106
602.700000000 58.339 26.1531 0 0 0 0.960825 -0.277157
602.800000000 58.2962 26.1158 0 0 0 0.954542 -0.298075
602.900000000 58.255 26.0767 0 0 0 0.947805 -0.318851
603.000000000 58.2156 26.0358 0 0 0 0.940615 -0.339475
603.100000000 58.178 25.9933 0 0 0 0.932976 -0.359937
603.200000000 58.1422 25.9491 0 0 0 0.924893 -0.380228
603.300000000 58.0937 25.8937 0 0 0 0.919779 -0.392436
603.400000000 58.0431 25.8383 0 0 0 0.918076 -0.396404
603.500000000 57.9927 25.7828 0 0 0 0.916624 -0.399751
603.600000000 57.9428 25.7268 0 0 0 0.91516 -0.403092
603.700000000 57.8932 25.6705 0 0 0 0.913683 -0.406428
603.800000000 57.8441 25.6138 0 0 0 0.912194 -0.409758
603.900000000 57.7954 25.5568 0 0 0 0.910693 -0.413083
604.000000000 57.7471 25.4994 0 0 0 0.90918 -0.416402
604.100000000 57.6992 25.4417 0 0 0 0.907655 -0.419716
604.200000000 57.6517 25.3836 0 0 0 0.906118 -0.423024
604.300000000 57.6064 25.3238 0 0 0 0.902216 -0.431284
604.400000000 57.5622 25.2631 0 0 0 0.898239 -0.439507
604.500000000 57.519 25.2017 0 0 0 0.894187 -0.447693
604.600000000 57.4771 25.1395 0 0 0 0.89006 -0.455843
604.700000000 57.4362 25.0765 0 0 0 0.885859 -0.463954
604.800000000 57.3965 25.0128 0 0 0 0.881585 -0.472026
604.900000000 57.358 24.9484 0 0 0 0.877236 -0.480059
605.000000000 57.3207 24.8833 0 0 0 0.872814 -0.488052
605.100000000 57.2845 24.8175 0 0 0 0.86832 -0.496004
605.200000000 57.2496 24.7511 0 0 0 -0.863753 0.503915
605.300000000 57.2159 24.684 0 0 0 -0.859114 0.511784
605.400000000 57.1834 24.6164 0 0 0 -0.854403 0.51961
605.500000000 57.1521 24.5481 0 0 0 -0.849621 0.527393
605.600000000 57.1222 24.4793 0 0 0 -0.844769 0.535132
605.700000000 57.0934 24.41 0 0 0 -0.839845 0.542826
605.800000000 57.066 24.3401 0 0 0 -0.834852 0.550475
605.900000000 57.0398 24.2698 0 0 0 -0.829789 0.558078
606.000000000 57.0148 24.199 0 0 0 -0.824766 0.565474
606.100000000 56.9911 24.1278 0 0 0 -0.819784 0.572673
606.200000000 56.9637 24.058 0 0 0 -0.822249 0.569128
606.300000000 56.9335 23.9949 0 0 0 -0.83075 0.556646
606.400000000 56.9015 23.9336 0 0 0 -0.839307 0.543659
606.500000000 56.8677 23.8734 0 0 0 -0.84766 0.530539
606.600000000 56.8321 23.8142 0 0 0 -0.855809 0.517292
606.700000000 56.7946 23.7562 0 0 0 -0.863751 0.503919
606.800000000 56.7553 23.6994 0 0 0 0.871484 -0.490425
606.900000000 56.7143 23.6438 0 0 0 0.879006 -0.476811
607.000000000 56.6716 23.5895 0 0 0 0.886315 -0.463083
607.100000000 56.6272 23.5366 0 0 0 0.89341 -0.449242
607.200000000 56.5795 23.4786 0 0 0 0.897476 -0.441063
607.300000000 56.5312 23.4212 0 0 0 0.90098 -0.43386
607.400000000 56.4819 23.3646 0 0 0 0.904427 -0.426629
607.500000000 56.4318 23.3087 0 0 0 0.907815 -0.419371
607.600000000 56.3807 23.2537 0 0 0 0.911145 -0.412086
607.700000000 56.3288 23.1995 0 0 0 0.914416 -0.404775
607.800000000 56.276 23.1462 0 0 0 0.917629 -0.397437
607.900000000 56.2224 23.0937 0 0 0 0.920783 -0.390074
608.000000000 56.168 23.042 0 0 0 0.923794 -0.38289
608.100000000 56.1129 22.9911 0 0 0 0.926689 -0.37583
608.200000000 56.0588 22.9391 0 0 0 0.926979 -0.375113
608.300000000 56.0049 22.887 0 0 0 0.926979 -0.375113
608.400000000 55.9511 22.8348 0 0 0 0.926979 -0.375113
608.500000000 55.8972 22.7826 0 0 0 0.926979 -0.375113
608.600000000 55.8433 22.7305 0 0 0 0.926979 -0.375113
608.700000000 55.7894 22.6783 0 0 0 0.926979 -0.375113
608.800000000 55.7355 22.6262 0 0 0 0.926979 -0.375113
608.900000000 55.6816 22.574 0 0 0 0.926979 -0.375113
609.000000000 55.6277 22.5218 0 0 0 0.926979 -0.375113
609.100000000 55.5738 22.4697 0 0 0 0.926979 -0.375113
609.200000000 55.5199 22.4175 0 0 0 0.926979 -0.375113
609.300000000 55.466 22.3654 0 0 0 0.926979 -0.375113
609.400000000 55.4121 22.3132 0 0 0 0.926979 -0.375113
609.500000000 55.3582 22.2611 0 0 0 0.926979 -0.375113
609.600000000 55.3043 22.2089 0 0 0 0.926979 -0.375113
609.700000000 55.2504 22.1567 0 0 0 0.926979 -0.375113
609.800000000 55.1965 22.1046 0 0 0 0.926979 -0.375113
609.900000000 55.1426 22.0524 0 0 0 0.926979 -0.375113
610.000000000 55.0888 22.0003 0 0 0 0.926979 -0.375113
610.100000000 55.0349 21.9481 0 0 0 0.926979 -0.375113
610.200000000 54.981 21.8959 0 0 0 0.926979 -0.375113
610.300000000 54.9301 21.8479 0 0 0 0.927803 -0.373071
610.400000000 54.8861 21.807 0 0 0 0.928681 -0.37088
610.500000000 54.8432 21.7675 0 0 0 0.92953 -0.368747
610.600000000 54.8001 21.7282 0 0 0 0.930374 -0.366612
610.700000000 54.7581 21.6902 0 0 0 0.931189 -0.364537
610.800000000 54.7196 21.6557 0 0 0 0.931928 -0.362643
610.900000000 54.6822 21.6225 0 0 0 0.93264 -0.360809
611.000000000 54.6459 21.5905 0 0 0 0.933324 -0.359034
611.100000000 54.6108 21.5598 0 0 0 0.933982 -0.357319
611.200000000 54.5768 21.5303 0 0 0 0.934613 -0.355665
611.300000000 54.544 21.502 0 0 0 0.935219 -0.354071
611.400000000 54.5123 21.4749 0 0 0 0.935798 -0.352537
611.500000000 54.4793 21.4468 0 0 0 0.936398 -0.350941
611.600000000 54.4475 21.4199 0 0 0 0.936972 -0.349405
611.700000000 54.4207 21.3974 0 0 0 0.937452 -0.348114
611.800000000 54.3912 21.3729 0 0 0 0.937976 -0.3467
611.900000000 54.3643 21.3505 0 0 0 0.938453 -0.345407
612.000000000 54.3386 21.3293 0 0 0 0.938905 -0.344176
612.100000000 54.3186 21.3142 0 0 0 0.940077 -0.340963
612.200000000 54.2985 21.2993 0 0 0 0.941309 -0.337547
612.300000000 54.2739 21.282 0 0 0 0.943207 -0.332206
612.400000000 54.2532 21.2679 0 0 0 0.944839 -0.327534
612.500000000 54.1935 21.228 0 0 0 0.949389 -0.314103
612.600000000 54.1751 21.2165 0 0 0 0.950728 -0.310028
612.700000000 54.1537 21.2034 0 0 0 0.95225 -0.305319
612.800000000 54.1365 21.193 0 0 0 0.953452 -0.301546
612.900000000 54.0747 21.1565 0 0 0 0.957632 -0.287995
613.000000000 54.0119 21.1218 0 0 0 0.96162 -0.274386
613.100000000 53.9481 21.0888 0 0 0 0.965414 -0.260721
613.200000000 53.8835 21.0577 0 0 0 0.969014 -0.247004
613.300000000 53.8187 21.0291 0 0 0 0.972528 -0.232787
613.400000000 53.7538 21.0029 0 0 0 0.975932 -0.218075
613.500000000 53.6881 20.9787 0 0 0 0.979114 -0.203312
613.600000000 53.6232 20.9569 0 0 0 0.982013 -0.188814
613.700000000 53.5592 20.9376 0 0 0 0.984634 -0.174629
613.800000000 53.4979 20.921 0 0 0 0.986935 -0.161121
613.900000000 53.4378 20.9065 0 0 0 0.988997 -0.147938
614.000000000 53.379 20.8939 0 0 0 0.990834 -0.135087
614.100000000 53.3231 20.8835 0 0 0 0.992416 -0.122928
614.200000000 53.2687 20.8747 0 0 0 0.993808 -0.11111
614.300000000 53.211 20.8653 0 0 0 0.994765 -0.102188
614.400000000 53.1566 20.8572 0 0 0 0.99555 -0.0942375
614.500000000 53.1036 20.8503 0 0 0 0.99625 -0.0865219
614.600000000 53.0522 20.8443 0 0 0 0.996871 -0.0790424
614.700000000 53.0024 20.8393 0 0 0 0.997419 -0.0717999
614.800000000 52.9542 20.8352 0 0 0 0.997899 -0.0647953
614.900000000 52.9076 20.8319 0 0 0 0.998315 -0.0580291
615.000000000 52.8626 20.8292 0 0 0 0.998673 -0.0515021
615.100000000 52.8193 20.8273 0 0 0 0.998977 -0.0452147
615.200000000 52.7776 20.8259 0 0 0 0.999233 -0.0391674
615.300000000 52.7342 20.8243 0 0 0 0.999398 -0.0346836
615.400000000 52.6925 20.823 0 0 0 0.999528 -0.0307115
615.500000000 52.6525 20.8221 0 0 0 0.999638 -0.0268979
615.600000000 52.6125 20.8215 0 0 0 0.999734 -0.0230839
615.700000000 52.5742 20.8212 0 0 0 0.999811 -0.0194285
615.800000000 52.5375 20.8211 0 0 0 0.999873 -0.0159318
615.900000000 52.5025 20.8214 0 0 0 0.999921 -0.0125938
616.000000000 52.4691 20.8218 0 0 0 0.999956 -0.00941465
616.100000000 52.4358 20.8224 0 0 0 0.999981 -0.00623542
616.200000000 52.4041 20.8227 0 0 0 0.99999 -0.00448742
616.300000000 52.3741 20.8231 0 0 0 0.999996 -0.00283142
616.400000000 52.3441 20.8236 0 0 0 0.999999 -0.00117541
616.500000000 52.3157 20.8242 0 0 0 1 0.000388606
616.600000000 52.2891 20.8248 0 0 0 0.999998 0.00186062
616.700000000 52.2624 20.8255 0 0 0 0.999994 0.00333263
616.800000000 52.2374 20.8262 0 0 0 0.999989 0.00471263
616.900000000 52.2124 20.827 0 0 0 0.999981 0.00609262
617.000000000 52.1891 20.8278 0 0 0 0.999973 0.0073806
617.100000000 52.1658 20.8286 0 0 0 0.999962 0.00866857
617.200000000 52.1441 20.8295 0 0 0 0.999951 0.00986453
617.300000000 52.1225 20.8304 0 0 0 0.999939 0.0110605
617.400000000 52.1025 20.8313 0 0 0 0.999926 0.0121644
617.500000000 52.0825 20.8322 0 0 0 0.999912 0.0132683
617.600000000 52.0625 20.8332 0 0 0 0.999897 0.0143722
617.700000000 52.0425 20.8342 0 0 0 0.99988 0.0154761
617.800000000 52.0226 20.8353 0 0 0 0.999863 0.01658
617.900000000 52.0026 20.8364 0 0 0 0.999844 0.0176838
618.000000000 51.9726 20.8362 0 0 0 0.999894 0.0145779
618.100000000 51.9088 20.8308 0 0 0 0.999994 -0.00358235
618.200000000 51.8584 20.8206 0 0 0 0.999603 -0.0281859
618.300000000 51.8101 20.8077 0 0 0 0.998565 -0.0535567
618.400000000 51.7625 20.7924 0 0 0 0.996883 -0.078893
618.500000000 51.7157 20.7746 0 0 0 0.994559 -0.104178
618.600000000 51.6699 20.7545 0 0 0 0.991593 -0.129397
618.700000000 51.6252 20.7322 0 0 0 0.987988 -0.154532
618.800000000 51.5817 20.7076 0 0 0 0.983746 -0.179567
618.900000000 51.5395 20.6808 0 0 0 0.978869 -0.204486
619.000000000 51.4987 20.6519 0 0 0 0.973362 -0.229274
619.100000000 51.4594 20.6209 0 0 0 0.967227 -0.253913
619.200000000 51.406 20.5828 0 0 0 0.962687 -0.270616
619.300000000 51.35 20.5435 0 0 0 0.959624 -0.281287
619.400000000 51.2975 20.505 0 0 0 0.956763 -0.290867
619.500000000 51.2484 20.4676 0 0 0 0.953961 -0.299929
619.600000000 51.2013 20.4302 0 0 0 0.951153 -0.308721
619.700000000 51.1562 20.3931 0 0 0 0.948344 -0.317243
619.800000000 51.0988 20.3447 0 0 0 0.945054 -0.326913
619.900000000 51.0561 20.3074 0 0 0 0.942651 -0.33378
620.000000000 51.0151 20.2706 0 0 0 0.940271 -0.340427
620.100000000 50.9602 20.2195 0 0 0 0.936744 -0.350014
620.200000000 50.9063 20.1673 0 0 0 0.93312 -0.359565
620.300000000 50.8686 20.1319 0 0 0 0.932239 -0.361842
620.400000000 50.831 20.0964 0 0 0 0.931502 -0.363737
620.500000000 50.7948 20.062 0 0 0 0.930784 -0.365569
620.600000000 50.7611 20.0297 0 0 0 0.930111 -0.367277
620.700000000 50.7275 19.9973 0 0 0 0.929435 -0.368985
620.800000000 50.6953 19.9659 0 0 0 0.928781 -0.37063
620.900000000 50.6643 19.9355 0 0 0 0.928147 -0.372213
621.000000000 50.6346 19.9063 0 0 0 0.927536 -0.373735
621.100000000 50.6062 19.8781 0 0 0 0.926946 -0.375194
621.200000000 50.5791 19.851 0 0 0 0.926379 -0.376592
621.300000000 50.5517 19.8242 0 0 0 0.926266 -0.376871
621.400000000 50.5255 19.7986 0 0 0 0.926266 -0.376871
621.500000000 50.5004 19.7741 0 0 0 0.926266 -0.376871
621.600000000 50.4766 19.7509 0 0 0 0.926266 -0.376871
621.700000000 50.4527 19.7276 0 0 0 0.926266 -0.376871
621.800000000 50.43 19.7055 0 0 0 0.926266 -0.376871
621.900000000 50.4086 19.6845 0 0 0 0.926266 -0.376871
622.000000000 50.3871 19.6636 0 0 0 0.926266 -0.376871
622.100000000 50.3668 19.6438 0 0 0 0.926266 -0.376871
622.200000000 50.3477 19.6252 0 0 0 0.926266 -0.376871
622.300000000 50.3286 19.6066 0 0 0 0.926266 -0.376871
622.400000000 50.3107 19.5891 0 0 0 0.926266 -0.376871
622.500000000 50.2928 19.5717 0 0 0 0.926266 -0.376871
622.600000000 50.2761 19.5554 0 0 0 0.926266 -0.376871
622.700000000 50.2594 19.5391 0 0 0 0.926266 -0.376871
622.800000000 50.2439 19.524 0 0 0 0.926266 -0.376871
622.900000000 50.2284 19.5088 0 0 0 0.926266 -0.376871
623.000000000 50.2141 19.4949 0 0 0 0.926266 -0.376871
623.100000000 50.1997 19.4809 0 0 0 0.926266 -0.376871
623.200000000 50.1866 19.4681 0 0 0 0.926266 -0.376871
623.300000000 50.1723 19.4541 0 0 0 0.926266 -0.376871
623.400000000 50.158 19.4402 0 0 0 0.926266 -0.376871
623.500000000 50.1437 19.4262 0 0 0 0.926266 -0.376871
623.600000000 50.1305 19.4134 0 0 0 0.926266 -0.376871
623.700000000 50.1174 19.4006 0 0 0 0.926266 -0.376871
623.800000000 50.1031 19.3867 0 0 0 0.926266 -0.376871
623.900000000 50.09 19.3739 0 0 0 0.926266 -0.376871
624.000000000 50.0768 19.3611 0 0 0 0.926266 -0.376871
624.100000000 50.0637 19.3483 0 0 0 0.926266 -0.376871
624.200000000 50.0494 19.3343 0 0 0 0.926266 -0.376871
624.300000000 50.0363 19.3215 0 0 0 0.926266 -0.376871
624.400000000 50.022 19.3075 0 0 0 0.926266 -0.376871
624.500000000 50.0064 19.2924 0 0 0 0.926266 -0.376871
624.600000000 49.9933 19.2796 0 0 0 0.926266 -0.376871
624.700000000 49.979 19.2656 0 0 0 0.926266 -0.376871
624.800000000 49.9635 19.2505 0 0 0 0.926266 -0.376871
624.900000000 49.9504 19.2377 0 0 0 0.926266 -0.376871
625.000000000 49.936 19.2238 0 0 0 0.926266 -0.376871
625.100000000 49.9217 19.2098 0 0 0 0.926266 -0.376871
625.200000000 49.9062 19.1947 0 0 0 0.926266 -0.376871
625.300000000 49.8931 19.1819 0 0 0 0.926266 -0.376871
625.400000000 49.8788 19.1679 0 0 0 0.926266 -0.376871
625.500000000 49.8633 19.1528 0 0 0 0.926266 -0.376871
625.600000000 49.8501 19.14 0 0 0 0.926266 -0.376871
625.700000000 49.8358 19.126 0 0 0 0.926266 -0.376871
625.800000000 49.8203 19.1109 0 0 0 0.926266 -0.376871
625.900000000 49.8036 19.0946 0 0 0 0.926266 -0.376871
626.000000000 49.7893 19.0806 0 0 0 0.926266 -0.376871
626.100000000 49.775 19.0667 0 0 0 0.926266 -0.376871
626.200000000 49.7594 19.0515 0 0 0 0.926266 -0.376871
626.300000000 49.7451 19.0376 0 0 0 0.926266 -0.376871
626.400000000 49.7308 19.0236 0 0 0 0.926266 -0.376871
626.500000000 49.7153 19.0085 0 0 0 0.926266 -0.376871
626.600000000 49.6998 18.9934 0 0 0 0.926266 -0.376871
626.700000000 49.6855 18.9794 0 0 0 0.926266 -0.376871
626.800000000 49.67 18.9643 0 0 0 0.926266 -0.376871
626.900000000 49.6532 18.948 0 0 0 0.926266 -0.376871
627.000000000 49.6353 18.9305 0 0 0 0.926266 -0.376871
627.100000000 49.6198 18.9154 0 0 0 0.926266 -0.376871
627.200000000 49.6019 18.8979 0 0 0 0.926266 -0.376871
627.300000000 49.584 18.8805 0 0 0 0.926266 -0.376871
627.400000000 49.5673 18.8642 0 0 0 0.926266 -0.376871
627.500000000 49.5506 18.8479 0 0 0 0.926266 -0.376871
627.600000000 49.5351 18.8328 0 0 0 0.926266 -0.376871
627.700000000 49.5196 18.8177 0 0 0 0.926266 -0.376871
627.800000000 49.5017 18.8002 0 0 0 0.926266 -0.376871
627.900000000 49.4838 18.7827 0 0 0 0.926266 -0.376871
628.000000000 49.4671 18.7665 0 0 0 0.926266 -0.376871
628.100000000 49.4492 18.749 0 0 0 0.926266 -0.376871
628.200000000 49.4313 18.7315 0 0 0 0.926266 -0.376871
628.300000000 49.4134 18.7141 0 0 0 0.926266 -0.376871
628.400000000 49.3967 18.6978 0 0 0 0.926266 -0.376871
628.500000000 49.38 18.6815 0 0 0 0.926266 -0.376871
628.600000000 49.3633 18.6652 0 0 0 0.926266 -0.376871
628.700000000 49.3478 18.6501 0 0 0 0.926266 -0.376871
628.800000000 49.3323 18.635 0 0 0 0.926266 -0.376871
628.900000000 49.3144 18.6175 0 0 0 0.926266 -0.376871
629.000000000 49.2965 18.6001 0 0 0 0.926266 -0.376871
629.100000000 49.2798 18.5838 0 0 0 0.926266 -0.376871
629.200000000 49.2619 18.5663 0 0 0 0.926266 -0.376871
629.300000000 49.2452 18.55 0 0 0 0.926266 -0.376871
629.400000000 49.2285 18.5337 0 0 0 0.926266 -0.376871
629.500000000 49.2129 18.5186 0 0 0 0.926266 -0.376871
629.600000000 49.1962 18.5023 0 0 0 0.926266 -0.376871
629.700000000 49.1819 18.4884 0 0 0 0.926266 -0.376871
629.800000000 49.1664 18.4732 0 0 0 0.926266 -0.376871
629.900000000 49.1533 18.4604 0 0 0 0.926266 -0.376871
630.000000000 49.1366 18.4441 0 0 0 0.926266 -0.376871
630.100000000 49.1187 18.4267 0 0 0 0.926266 -0.376871
630.200000000 49.1008 18.4092 0 0 0 0.926266 -0.376871
630.300000000 49.0841 18.3929 0 0 0 0.926266 -0.376871
630.400000000 49.0662 18.3755 0 0 0 0.926266 -0.376871
630.500000000 49.0495 18.3592 0 0 0 0.926266 -0.376871
630.600000000 49.0328 18.3429 0 0 0 0.926266 -0.376871
630.700000000 49.0161 18.3266 0 0 0 0.926266 -0.376871
630.800000000 49.0006 18.3115 0 0 0 0.926266 -0.376871
630.900000000 48.985 18.2964 0 0 0 0.926266 -0.376871
631.000000000 48.9707 18.2824 0 0 0 0.926266 -0.376871
631.100000000 48.9564 18.2684 0 0 0 0.926266 -0.376871
631.200000000 48.9409 18.2533 0 0 0 0.926266 -0.376871
631.300000000 48.9266 18.2393 0 0 0 0.926266 -0.376871
631.400000000 48.9123 18.2254 0 0 0 0.926266 -0.376871
631.500000000 48.8967 18.2102 0 0 0 0.926266 -0.376871
631.600000000 48.8824 18.1963 0 0 0 0.926266 -0.376871
631.700000000 48.8681 18.1823 0 0 0 0.926266 -0.376871
631.800000000 48.855 18.1695 0 0 0 0.926266 -0.376871
631.900000000 48.8371 18.1521 0 0 0 0.926266 -0.376871
632.000000000 48.8192 18.1346 0 0 0 0.926266 -0.376871
632.100000000 48.8025 18.1183 0 0 0 0.926266 -0.376871
632.200000000 48.7858 18.102 0 0 0 0.926266 -0.376871
632.300000000 48.7703 18.0869 0 0 0 0.926266 -0.376871
632.400000000 48.7547 18.0718 0 0 0 0.926266 -0.376871
632.500000000 48.7368 18.0543 0 0 0 0.926266 -0.376871
632.600000000 48.7189 18.0369 0 0 0 0.926266 -0.376871
632.700000000 48.7022 18.0206 0 0 0 0.926266 -0.376871
632.800000000 48.6843 18.0031 0 0 0 0.926266 -0.376871
632.900000000 48.6664 17.9857 0 0 0 0.926266 -0.376871
633.000000000 48.6497 17.9694 0 0 0 0.926266 -0.376871
633.100000000 48.633 17.9531 0 0 0 0.926266 -0.376871
633.200000000 48.6175 17.938 0 0 0 0.926266 -0.376871
633.300000000 48.602 17.9228 0 0 0 0.926266 -0.376871
633.400000000 48.5877 17.9089 0 0 0 0.926266 -0.376871
633.500000000 48.5734 17.8949 0 0 0 0.926266 -0.376871
633.600000000 48.5579 17.8798 0 0 0 0.926266 -0.376871
633.700000000 48.5435 17.8658 0 0 0 0.926266 -0.376871
633.800000000 48.5292 17.8519 0 0 0 0.926266 -0.376871
633.900000000 48.5137 17.8367 0 0 0 0.926266 -0.376871
634.000000000 48.4994 17.8228 0 0 0 0.926266 -0.376871
634.100000000 48.4851 17.8088 0 0 0 0.926266 -0.376871
634.200000000 48.4708 17.7948 0 0 0 0.926266 -0.376871
634.300000000 48.4552 17.7797 0 0 0 0.926266 -0.376871
634.400000000 48.4409 17.7657 0 0 0 0.926266 -0.376871
634.500000000 48.4254 17.7506 0 0 0 0.926266 -0.376871
634.600000000 48.4099 17.7355 0 0 0 0.926266 -0.376871
634.700000000 48.3956 17.7215 0 0 0 0.926266 -0.376871
634.800000000 48.3813 17.7076 0 0 0 0.926266 -0.376871
634.900000000 48.3681 17.6948 0 0 0 0.926266 -0.376871
635.000000000 48.3538 17.6808 0 0 0 0.926266 -0.376871
635.100000000 48.3395 17.6668 0 0 0 0.926266 -0.376871
635.200000000 48.3252 17.6529 0 0 0 0.926266 -0.376871
635.300000000 48.3097 17.6378 0 0 0 0.926266 -0.376871
635.400000000 48.2954 17.6238 0 0 0 0.926266 -0.376871
635.500000000 48.281 17.6098 0 0 0 0.926266 -0.376871
635.600000000 48.2679 17.597 0 0 0 0.926266 -0.376871
635.700000000 48.2536 17.5831 0 0 0 0.926266 -0.376871
635.800000000 48.2393 17.5691 0 0 0 0.926266 -0.376871
635.900000000 48.2238 17.554 0 0 0 0.926266 -0.376871
636.000000000 48.2094 17.54 0 0 0 0.926266 -0.376871
636.100000000 48.1951 17.526 0 0 0 0.926266 -0.376871
636.200000000 48.1808 17.5121 0 0 0 0.926266 -0.376871
636.300000000 48.1653 17.497 0 0 0 0.926266 -0.376871
636.400000000 48.151 17.483 0 0 0 0.926266 -0.376871
636.500000000 48.1367 17.469 0 0 0 0.926266 -0.376871
636.600000000 48.1235 17.4562 0 0 0 0.926266 -0.376871
636.700000000 48.1104 17.4434 0 0 0 0.926266 -0.376871
636.800000000 48.0961 17.4295 0 0 0 0.926266 -0.376871
636.900000000 48.0806 17.4143 0 0 0 0.926266 -0.376871
637.000000000 48.0651 17.3992 0 0 0 0.926266 -0.376871
637.100000000 48.0507 17.3852 0 0 0 0.926266 -0.376871
637.200000000 48.0364 17.3713 0 0 0 0.926266 -0.376871
637.300000000 48.0185 17.3538 0 0 0 0.926266 -0.376871
637.400000000 48.0018 17.3375 0 0 0 0.926266 -0.376871
637.500000000 47.9839 17.3201 0 0 0 0.926266 -0.376871
637.600000000 47.9672 17.3038 0 0 0 0.926266 -0.376871
637.700000000 47.9493 17.2863 0 0 0 0.926266 -0.376871
637.800000000 47.9338 17.2712 0 0 0 0.926266 -0.376871
637.900000000 47.9159 17.2538 0 0 0 0.926266 -0.376871
638.000000000 47.8992 17.2375 0 0 0 0.926266 -0.376871
638.100000000 47.8825 17.2212 0 0 0 0.926266 -0.376871
638.200000000 47.8658 17.2049 0 0 0 0.926266 -0.376871
638.300000000 47.8503 17.1898 0 0 0 0.926266 -0.376871
638.400000000 47.8348 17.1746 0 0 0 0.926266 -0.376871
638.500000000 47.8169 17.1572 0 0 0 0.926266 -0.376871
638.600000000 47.8002 17.1409 0 0 0 0.926266 -0.376871
638.700000000 47.7835 17.1246 0 0 0 0.926266 -0.376871
638.800000000 47.7668 17.1083 0 0 0 0.926266 -0.376871
638.900000000 47.7512 17.0932 0 0 0 0.926266 -0.376871
639.000000000 47.7357 17.0781 0 0 0 0.926266 -0.376871
639.100000000 47.7178 17.0606 0 0 0 0.926266 -0.376871
639.200000000 47.6999 17.0431 0 0 0 0.926266 -0.376871
639.300000000 47.6832 17.0269 0 0 0 0.926266 -0.376871
639.400000000 47.6653 17.0094 0 0 0 0.926266 -0.376871
639.500000000 47.6474 16.9919 0 0 0 0.926266 -0.376871
639.600000000 47.6295 16.9745 0 0 0 0.926266 -0.376871
639.700000000 47.6128 16.9582 0 0 0 0.926266 -0.376871
639.800000000 47.5949 16.9408 0 0 0 0.926266 -0.376871
639.900000000 47.5782 16.9245 0 0 0 0.926266 -0.376871
640.000000000 47.5603 16.907 0 0 0 0.926266 -0.376871
640.100000000 47.5448 16.8919 0 0 0 0.926266 -0.376871
640.200000000 47.5281 16.8756 0 0 0 0.926266 -0.376871
640.300000000 47.5138 16.8616 0 0 0 0.926266 -0.376871
640.400000000 47.4983 16.8465 0 0 0 0.926266 -0.376871
640.500000000 47.4804 16.829 0 0 0 0.926266 -0.376871
640.600000000 47.4637 16.8128 0 0 0 0.926266 -0.376871
640.700000000 47.4458 16.7953 0 0 0 0.926266 -0.376871
640.800000000 47.4291 16.779 0 0 0 0.926266 -0.376871
640.900000000 47.4112 16.7616 0 0 0 0.926266 -0.376871
641.000000000 47.3945 16.7453 0 0 0 0.926266 -0.376871
641.100000000 47.3778 16.729 0 0 0 0.926266 -0.376871
641.200000000 47.3611 16.7127 0 0 0 0.926266 -0.376871
641.300000000 47.3455 16.6976 0 0 0 0.926266 -0.376871
641.400000000 47.33 16.6824 0 0 0 0.926266 -0.376871
641.500000000 47.3121 16.665 0 0 0 0.926266 -0.376871
641.600000000 47.2954 16.6487 0 0 0 0.926266 -0.376871
641.700000000 47.2787 16.6324 0 0 0 0.926266 -0.376871
641.800000000 47.262 16.6161 0 0 0 0.926266 -0.376871
641.900000000 47.2118 16.5603 0 0 0 0.921575 -0.3882
642.000000000 47.1775 16.5131 0 0 0 0.913204 -0.407503
642.100000000 47.1582 16.4743 0 0 0 0.901021 -0.433774
642.200000000 47.1506 16.4423 0 0 0 0.885338 -0.464948
642.300000000 47.1459 16.4106 0 0 0 0.86835 -0.495952
642.400000000 47.1434 16.3787 0 0 0 -0.850276 0.526337
642.500000000 47.1432 16.3466 0 0 0 -0.83114 0.556063
642.600000000 47.1453 16.3146 0 0 0 -0.810965 0.585095
642.700000000 47.1496 16.2828 0 0 0 -0.789776 0.613395
642.800000000 47.1562 16.2514 0 0 0 -0.7676 0.640929
642.900000000 47.165 16.2206 0 0 0 -0.744465 0.667662
643.000000000 47.1759 16.1904 0 0 0 -0.720399 0.69356
643.100000000 47.1889 16.1611 0 0 0 -0.695433 0.718591
643.200000000 47.204 16.1328 0 0 0 -0.669598 0.742724
643.300000000 47.2194 16.0884 0 0 0 -0.649327 0.760509
643.400000000 47.2366 16.0285 0 0 0 -0.634763 0.772707
643.500000000 47.2561 15.9658 0 0 0 -0.621294 0.783578
643.600000000 47.2777 15.9038 0 0 0 -0.607638 0.794214
643.700000000 47.3015 15.8427 0 0 0 -0.593801 0.804612
643.800000000 47.3273 15.7823 0 0 0 -0.579786 0.814769
643.900000000 47.3552 15.7229 0 0 0 -0.565597 0.824682
644.000000000 47.3852 15.6646 0 0 0 -0.551238 0.834348
644.100000000 47.4172 15.6072 0 0 0 -0.536715 0.843764
644.200000000 47.4511 15.5511 0 0 0 -0.52203 0.852927
644.300000000 47.4877 15.4855 0 0 0 -0.516188 0.856475
644.400000000 47.5236 15.4197 0 0 0 -0.513986 0.857799
644.500000000 47.5596 15.3539 0 0 0 -0.5124 0.858747
644.600000000 47.5959 15.2882 0 0 0 -0.510881 0.859651
644.700000000 47.6315 15.2242 0 0 0 -0.509394 0.860534
644.800000000 47.6658 15.1631 0 0 0 -0.507973 0.861373
644.900000000 47.6994 15.1036 0 0 0 -0.506584 0.862191
645.000000000 47.7316 15.0472 0 0 0 -0.505262 0.862966
645.100000000 47.7631 14.9922 0 0 0 -0.503973 0.863719
645.200000000 47.7939 14.9388 0 0 0 -0.502716 0.864451
645.300000000 47.8278 14.8719 0 0 0 -0.510592 0.859823
645.400000000 47.8601 14.8041 0 0 0 -0.519348 0.854563
645.500000000 47.891 14.7357 0 0 0 -0.52805 0.849213
645.600000000 47.9205 14.6666 0 0 0 -0.536697 0.843775
645.700000000 47.9486 14.597 0 0 0 -0.545288 0.838249
645.800000000 47.9752 14.5268 0 0 0 -0.553822 0.832635
645.900000000 48.0004 14.4561 0 0 0 -0.562299 0.826934
646.000000000 48.0242 14.3849 0 0 0 -0.570716 0.821147
646.100000000 48.0465 14.3132 0 0 0 -0.579075 0.815275
646.200000000 48.0673 14.2411 0 0 0 -0.587372 0.809317
646.300000000 48.0861 14.1684 0 0 0 -0.596852 0.802352
646.400000000 48.1031 14.0953 0 0 0 -0.606248 0.795275
646.500000000 48.1184 14.0217 0 0 0 -0.615561 0.788089
646.600000000 48.132 13.9479 0 0 0 -0.624789 0.780794
646.700000000 48.1439 13.8737 0 0 0 -0.63393 0.773391
646.800000000 48.154 13.7993 0 0 0 -0.642983 0.76588
646.900000000 48.1623 13.7247 0 0 0 -0.651948 0.758264
647.000000000 48.1689 13.6499 0 0 0 -0.660822 0.750543
647.100000000 48.1737 13.575 0 0 0 -0.669605 0.742717
647.200000000 48.1768 13.4999 0 0 0 -0.678295 0.73479
647.300000000 48.1781 13.4248 0 0 0 -0.686891 0.72676
647.400000000 48.1776 13.3498 0 0 0 -0.695393 0.71863
647.500000000 48.1754 13.2747 0 0 0 -0.703798 0.7104
647.600000000 48.1714 13.1997 0 0 0 -0.712106 0.702072
647.700000000 48.1656 13.1248 0 0 0 -0.720315 0.693647
647.800000000 48.1581 13.0501 0 0 0 -0.728424 0.685126
647.900000000 48.1488 12.9756 0 0 0 -0.736433 0.676511
648.000000000 48.1377 12.9013 0 0 0 -0.74434 0.667801
648.100000000 48.1299 12.8267 0 0 0 -0.743823 0.668377
648.200000000 48.1271 12.7522 0 0 0 -0.735239 0.677808
648.300000000 48.131 12.6948 0 0 0 -0.720538 0.693416
648.400000000 48.14 12.6486 0 0 0 -0.701578 0.712592
648.500000000 48.1517 12.6038 0 0 0 -0.681819 0.731521
648.600000000 48.1657 12.5597 0 0 0 -0.66155 0.749901
648.700000000 48.1822 12.5164 0 0 0 -0.640785 0.76772
648.800000000 48.201 12.4742 0 0 0 -0.61954 0.784965
648.900000000 48.2221 12.433 0 0 0 -0.597832 0.801621
649.000000000 48.2454 12.393 0 0 0 -0.575676 0.817678
649.100000000 48.2709 12.3543 0 0 0 -0.553089 0.833122
649.200000000 48.3017 12.3011 0 0 0 -0.536814 0.843701
649.300000000 48.3363 12.2423 0 0 0 -0.523247 0.852181
649.400000000 48.373 12.1838 0 0 0 -0.50993 0.860216
649.500000000 48.4114 12.1264 0 0 0 -0.496489 0.868043
649.600000000 48.4517 12.0702 0 0 0 -0.482929 0.87566
649.700000000 48.4936 12.0154 0 0 0 -0.469252 0.883064
649.800000000 48.5373 11.9618 0 0 0 -0.455461 0.890256
649.900000000 48.5826 11.9097 0 0 0 -0.44156 0.897232
650.000000000 48.6295 11.859 0 0 0 -0.427552 0.903991
650.100000000 48.6779 11.8097 0 0 0 -0.413441 0.910531
650.200000000 48.7279 11.762 0 0 0 -0.39923 0.916851
650.300000000 48.7804 11.7085 0 0 0 -0.394667 0.918824
650.400000000 48.8329 11.6549 0 0 0 -0.391946 0.919988
650.500000000 48.8855 11.6014 0 0 0 -0.389873 0.920868
650.600000000 48.9384 11.5482 0 0 0 -0.387799 0.921744
650.700000000 48.9915 11.4952 0 0 0 -0.385722 0.922615
650.800000000 49.0448 11.4425 0 0 0 -0.383644 0.923481
650.900000000 49.0984 11.39 0 0 0 -0.381564 0.924343
651.000000000 49.1521 11.3377 0 0 0 -0.379481 0.925199
651.100000000 49.2062 11.2857 0 0 0 -0.377397 0.926052
651.200000000 49.2604 11.2339 0 0 0 -0.375311 0.926899
651.300000000 49.3141 11.1815 0 0 0 -0.376027 0.926609
651.400000000 49.3677 11.129 0 0 0 -0.376744 0.926317
651.500000000 49.4212 11.0765 0 0 0 -0.37746 0.926026
651.600000000 49.4746 11.0238 0 0 0 -0.378176 0.925734
651.700000000 49.5279 10.9711 0 0 0 -0.378892 0.925441
651.800000000 49.5812 10.9183 0 0 0 -0.379607 0.925148
651.900000000 49.6343 10.8654 0 0 0 -0.380323 0.924854
652.000000000 49.6874 10.8124 0 0 0 -0.381038 0.924559
652.100000000 49.7404 10.7593 0 0 0 -0.381753 0.924265
652.200000000 49.7933 10.7062 0 0 0 -0.382467 0.923969
652.300000000 49.8462 10.6529 0 0 0 -0.383182 0.923673
652.400000000 49.8989 10.5996 0 0 0 -0.383896 0.923376
652.500000000 49.9516 10.5462 0 0 0 -0.38461 0.923079
652.600000000 50.0042 10.4928 0 0 0 -0.385323 0.922782
652.700000000 50.0567 10.4392 0 0 0 -0.386037 0.922483
652.800000000 50.1091 10.3856 0 0 0 -0.38675 0.922185
652.900000000 50.1615 10.3319 0 0 0 -0.387463 0.921885
653.000000000 50.2137 10.2781 0 0 0 -0.388176 0.921585
653.100000000 50.2659 10.2242 0 0 0 -0.388889 0.921285
653.200000000 50.318 10.1702 0 0 0 -0.389601 0.920984
653.300000000 50.37 10.1162 0 0 0 -0.390313 0.920682
653.400000000 50.4219 10.0621 0 0 0 -0.391025 0.92038
653.500000000 50.4738 10.0079 0 0 0 -0.391737 0.920077
653.600000000 50.5255 9.95361 0 0 0 -0.392448 0.919774
653.700000000 50.5772 9.89925 0 0 0 -0.393159 0.91947
653.800000000 50.6288 9.84482 0 0 0 -0.39387 0.919166
653.900000000 50.6803 9.7903 0 0 0 -0.394581 0.918861
654.000000000 50.7317 9.7357 0 0 0 -0.395291 0.918556
654.100000000 50.7831 9.68102 0 0 0 -0.396001 0.91825
654.200000000 50.8345 9.62648 0 0 0 -0.396001 0.91825
654.300000000 50.8862 9.57215 0 0 0 -0.395291 0.918556
654.400000000 50.938 9.51789 0 0 0 -0.394581 0.918861
654.500000000 50.9899 9.46372 0 0 0 -0.39387 0.919166
654.600000000 51.0419 9.40963 0 0 0 -0.393159 0.91947
654.700000000 51.0939 9.35562 0 0 0 -0.392448 0.919774
654.800000000 51.146 9.30169 0 0 0 -0.391737 0.920077
654.900000000 51.1982 9.24784 0 0 0 -0.391025 0.92038
655.000000000 51.2505 9.19407 0 0 0 -0.390313 0.920682
655.100000000 51.3029 9.14038 0 0 0 -0.389601 0.920984
655.200000000 51.3553 9.08678 0 0 0 -0.388889 0.921285
655.300000000 51.4076 9.03304 0 0 0 -0.388889 0.921285
655.400000000 51.46 8.97929 0 0 0 -0.388889 0.921285
655.500000000 51.5123 8.92555 0 0 0 -0.388889 0.921285
655.600000000 51.5646 8.87181 0 0 0 -0.388889 0.921285
655.700000000 51.6169 8.81807 0 0 0 -0.388889 0.921285
655.800000000 51.6692 8.76433 0 0 0 -0.388889 0.921285
655.900000000 51.7215 8.71059 0 0 0 -0.388889 0.921285
656.000000000 51.7738 8.65685 0 0 0 -0.388889 0.921285
656.100000000 51.8262 8.6031 0 0 0 -0.388889 0.921285
656.200000000 51.8785 8.54936 0 0 0 -0.388889 0.921285
656.300000000 51.9308 8.49562 0 0 0 -0.388889 0.921285
656.400000000 51.9831 8.44188 0 0 0 -0.388889 0.921285
656.500000000 52.0354 8.38814 0 0 0 -0.388889 0.921285
656.600000000 52.0877 8.3344 0 0 0 -0.388889 0.921285
656.700000000 52.1401 8.28065 0 0 0 -0.388889 0.921285
656.800000000 52.1924 8.22691 0 0 0 -0.388889 0.921285
656.900000000 52.2447 8.17317 0 0 0 -0.388889 0.921285
657.000000000 52.297 8.11943 0 0 0 -0.388889 0.921285
657.100000000 52.3493 8.06569 0 0 0 -0.388889 0.921285
657.200000000 52.4016 8.01195 0 0 0 -0.388889 0.921285
657.300000000 52.4539 7.9582 0 0 0 -0.388889 0.921285
657.400000000 52.5063 7.90446 0 0 0 -0.388889 0.921285
657.500000000 52.5586 7.85072 0 0 0 -0.388889 0.921285
657.600000000 52.6109 7.79698 0 0 0 -0.388889 0.921285
657.700000000 52.6632 7.74324 0 0 0 -0.388889 0.921285
657.800000000 52.7155 7.6895 0 0 0 -0.388889 0.921285
657.900000000 52.7678 7.63576 0 0 0 -0.388889 0.921285
658.000000000 52.8201 7.58201 0 0 0 -0.388889 0.921285
658.100000000 52.8725 7.52827 0 0 0 -0.388889 0.921285
658.200000000 52.9248 7.47453 0 0 0 -0.388889 0.921285
658.300000000 52.9771 7.42079 0 0 0 -0.388889 0.921285
658.400000000 53.0294 7.36705 0 0 0 -0.388889 0.921285
658.500000000 53.0817 7.31331 0 0 0 -0.388889 0.921285
658.600000000 53.134 7.25956 0 0 0 -0.388889 0.921285
658.700000000 53.1863 7.20582 0 0 0 -0.388889 0.921285
658.800000000 53.2387 7.15208 0 0 0 -0.388889 0.921285
658.900000000 53.291 7.09834 0 0 0 -0.388889 0.921285
659.000000000 53.3433 7.0446 0 0 0 -0.388889 0.921285
659.100000000 53.3956 6.99086 0 0 0 -0.388889 0.921285
659.200000000 53.4479 6.93711 0 0 0 -0.388889 0.921285
659.300000000 53.5002 6.88337 0 0 0 -0.388889 0.921285
659.400000000 53.5526 6.82963 0 0 0 -0.388889 0.921285
659.500000000 53.6049 6.77589 0 0 0 -0.388889 0.921285
659.600000000 53.6572 6.72215 0 0 0 -0.388889 0.921285
659.700000000 53.7095 6.66841 0 0 0 -0.388889 0.921285
659.800000000 53.7618 6.61467 0 0 0 -0.388889 0.921285
659.900000000 53.8141 6.56092 0 0 0 -0.388889 0.921285
660.000000000 53.8664 6.50718 0 0 0 -0.388889 0.921285
660.100000000 53.9188 6.45344 0 0 0 -0.388889 0.921285
660.200000000 53.9711 6.3997 0 0 0 -0.388889 0.921285
660.300000000 54.0234 6.34596 0 0 0 -0.388889 0.921285
660.400000000 54.0757 6.29222 0 0 0 -0.388889 0.921285
660.500000000 54.128 6.23847 0 0 0 -0.388889 0.921285
660.600000000 54.1803 6.18473 0 0 0 -0.388889 0.921285
660.700000000 54.2326 6.13099 0 0 0 -0.388889 0.921285
660.800000000 54.285 6.07725 0 0 0 -0.388889 0.921285
660.900000000 54.3373 6.02351 0 0 0 -0.388889 0.921285
661.000000000 54.3896 5.96977 0 0 0 -0.388889 0.921285
661.100000000 54.4419 5.91602 0 0 0 -0.388889 0.921285
661.200000000 54.4942 5.86228 0 0 0 -0.388889 0.921285
661.300000000 54.5465 5.80854 0 0 0 -0.388889 0.921285
661.400000000 54.5989 5.7548 0 0 0 -0.388889 0.921285
661.500000000 54.6512 5.70106 0 0 0 -0.388889 0.921285
661.600000000 54.7035 5.64732 0 0 0 -0.388889 0.921285
661.700000000 54.7558 5.59358 0 0 0 -0.388889 0.921285
661.800000000 54.8081 5.53983 0 0 0 -0.388889 0.921285
661.900000000 54.8604 5.48609 0 0 0 -0.388889 0.921285
662.000000000 54.9127 5.43235 0 0 0 -0.388889 0.921285
662.100000000 54.9651 5.37861 0 0 0 -0.388889 0.921285
662.200000000 55.0174 5.32487 0 0 0 -0.388889 0.921285
662.300000000 55.0697 5.27113 0 0 0 -0.388889 0.921285
662.400000000 55.122 5.21738 0 0 0 -0.388889 0.921285
662.500000000 55.1743 5.16364 0 0 0 -0.388889 0.921285
662.600000000 55.2266 5.1099 0 0 0 -0.388889 0.921285
662.700000000 55.2789 5.05616 0 0 0 -0.388889 0.921285
662.800000000 55.3313 5.00242 0 0 0 -0.388889 0.921285
662.900000000 55.3836 4.94868 0 0 0 -0.388889 0.921285
663.000000000 55.4359 4.89494 0 0 0 -0.388889 0.921285
663.100000000 55.4882 4.84119 0 0 0 -0.388889 0.921285
663.200000000 55.5405 4.78745 0 0 0 -0.388889 0.921285
663.300000000 55.5928 4.73371 0 0 0 -0.388889 0.921285
663.400000000 55.6451 4.67997 0 0 0 -0.388889 0.921285
663.500000000 55.6975 4.62623 0 0 0 -0.388889 0.921285
663.600000000 55.7498 4.57249 0 0 0 -0.388889 0.921285
663.700000000 55.8021 4.51874 0 0 0 -0.388889 0.921285
663.800000000 55.8544 4.465 0 0 0 -0.388889 0.921285
663.900000000 55.9067 4.41126 0 0 0 -0.388889 0.921285
664.000000000 55.959 4.35752 0 0 0 -0.388889 0.921285
664.100000000 56.0114 4.30378 0 0 0 -0.388889 0.921285
664.200000000 56.0637 4.25004 0 0 0 -0.388889 0.921285
664.300000000 56.116 4.19629 0 0 0 -0.388889 0.921285
664.400000000 56.1683 4.14255 0 0 0 -0.388889 0.921285
664.500000000 56.2206 4.08881 0 0 0 -0.388889 0.921285
664.600000000 56.2729 4.03507 0 0 0 -0.388889 0.921285
664.700000000 56.3252 3.98133 0 0 0 -0.388889 0.921285
664.800000000 56.3776 3.92759 0 0 0 -0.388889 0.921285
664.900000000 56.4299 3.87385 0 0 0 -0.388889 0.921285
665.000000000 56.4822 3.8201 0 0 0 -0.388889 0.921285
665.100000000 56.5345 3.76636 0 0 0 -0.388889 0.921285
665.200000000 56.5868 3.71262 0 0 0 -0.388889 0.921285
665.300000000 56.6391 3.65888 0 0 0 -0.388889 0.921285
665.400000000 56.6914 3.60514 0 0 0 -0.388889 0.921285
665.500000000 56.7438 3.5514 0 0 0 -0.388889 0.921285
665.600000000 56.7961 3.49765 0 0 0 -0.388889 0.921285
665.700000000 56.8484 3.44391 0 0 0 -0.388889 0.921285
665.800000000 56.9007 3.39017 0 0 0 -0.388889 0.921285
665.900000000 56.953 3.33643 0 0 0 -0.388889 0.921285
666.000000000 57.0039 3.28131 0 0 0 -0.393464 0.91934
666.100000000 57.054 3.22551 0 0 0 -0.398613 0.917119
666.200000000 57.1036 3.16915 0 0 0 -0.40375 0.914869
666.300000000 57.1492 3.11132 0 0 0 -0.415823 0.909445
666.400000000 57.1924 3.05289 0 0 0 -0.428254 0.903658
666.500000000 57.2341 2.99331 0 0 0 -0.440605 0.897701
666.600000000 57.2741 2.9326 0 0 0 -0.452872 0.891575
666.700000000 57.3125 2.87082 0 0 0 -0.465055 0.885282
666.800000000 57.3491 2.80801 0 0 0 -0.47715 0.878822
666.900000000 57.384 2.74422 0 0 0 -0.489155 0.872197
667.000000000 57.4171 2.67949 0 0 0 -0.501068 0.865408
667.100000000 57.4484 2.61389 0 0 0 -0.512887 0.858456
667.200000000 57.478 2.54745 0 0 0 -0.52461 0.851343
667.300000000 57.5057 2.48022 0 0 0 -0.536234 0.84407
667.400000000 57.5315 2.41226 0 0 0 -0.547757 0.836638
667.500000000 57.5555 2.34361 0 0 0 -0.559177 0.829048
667.600000000 57.5775 2.27434 0 0 0 -0.570492 0.821303
667.700000000 57.5977 2.20449 0 0 0 -0.5817 0.813403
667.800000000 57.616 2.1341 0 0 0 -0.592798 0.805351
667.900000000 57.6323 2.06325 0 0 0 -0.603785 0.797147
668.000000000 57.6466 1.99197 0 0 0 -0.614659 0.788793
668.100000000 57.659 1.92033 0 0 0 -0.625417 0.780291
668.200000000 57.6703 1.84658 0 0 0 -0.635316 0.772252
668.300000000 57.6796 1.77256 0 0 0 -0.645113 0.764088
668.400000000 57.687 1.69833 0 0 0 -0.654804 0.755799
668.500000000 57.6926 1.62393 0 0 0 -0.664389 0.747387
668.600000000 57.6963 1.54942 0 0 0 -0.673866 0.738854
668.700000000 57.698 1.47483 0 0 0 -0.683233 0.7302
668.800000000 57.6979 1.40023 0 0 0 -0.692489 0.721428
668.900000000 57.6958 1.32565 0 0 0 -0.701633 0.712539
669.000000000 57.6919 1.25115 0 0 0 -0.710662 0.703533
669.100000000 57.686 1.17678 0 0 0 -0.719576 0.694414
669.200000000 57.6783 1.10258 0 0 0 -0.728373 0.685181
669.300000000 57.671 1.0279 0 0 0 -0.73304 0.680186
669.400000000 57.6629 0.953314 0 0 0 -0.737263 0.675606
669.500000000 57.6539 0.878832 0 0 0 -0.741457 0.671
669.600000000 57.6439 0.804468 0 0 0 -0.745623 0.666368
669.700000000 57.633 0.730233 0 0 0 -0.749759 0.66171
669.800000000 57.6213 0.656139 0 0 0 -0.753867 0.657027
669.900000000 57.6085 0.582199 0 0 0 -0.757945 0.652318
670.000000000 57.5949 0.508422 0 0 0 -0.761994 0.647584
670.100000000 57.5804 0.434821 0 0 0 -0.766013 0.642825
670.200000000 57.5649 0.361407 0 0 0 -0.770003 0.63804
670.300000000 57.5513 0.287656 0 0 0 -0.769509 0.638636
670.400000000 57.538 0.213829 0 0 0 -0.768536 0.639807
670.500000000 57.525 0.139962 0 0 0 -0.76756 0.640977
670.600000000 57.5123 0.066056 0 0 0 -0.766583 0.642146
670.700000000 57.4997 -0.00788854 0 0 0 -0.765603 0.643313
670.800000000 57.4874 -0.081871 0 0 0 -0.764622 0.644478
670.900000000 57.4753 -0.155891 0 0 0 -0.76364 0.645643
671.000000000 57.4634 -0.229947 0 0 0 -0.762655 0.646805
671.100000000 57.4518 -0.304039 0 0 0 -0.761669 0.647966
671.200000000 57.4404 -0.378166 0 0 0 -0.760681 0.649126
671.300000000 57.4292 -0.452328 0 0 0 -0.759691 0.650284
671.400000000 57.4182 -0.526523 0 0 0 -0.7587 0.651441
671.500000000 57.4075 -0.600751 0 0 0 -0.757706 0.652596
671.600000000 57.3969 -0.675012 0 0 0 -0.756711 0.653749
671.700000000 57.3867 -0.749305 0 0 0 -0.755714 0.654901
671.800000000 57.3766 -0.823628 0 0 0 -0.754716 0.656052
671.900000000 57.3668 -0.897982 0 0 0 -0.753716 0.657201
672.000000000 57.3572 -0.972365 0 0 0 -0.752713 0.658348
672.100000000 57.3427 -1.04605 0 0 0 -0.760076 0.649834
672.200000000 57.3255 -1.10344 0 0 0 -0.773066 0.634325
672.300000000 57.306 -1.15678 0 0 0 -0.786736 0.61729
672.400000000 57.2842 -1.2084 0 0 0 -0.800269 0.599642
672.500000000 57.2601 -1.259 0 0 0 -0.813406 0.581697
672.600000000 57.2338 -1.30848 0 0 0 -0.82614 0.563464
672.700000000 57.2053 -1.35674 0 0 0 -0.838466 0.544953
672.800000000 57.1747 -1.40368 0 0 0 -0.850378 0.526173
672.900000000 57.1421 -1.44922 0 0 0 -0.861869 0.507132
673.000000000 57.1074 -1.49326 0 0 0 0.872933 -0.48784
673.100000000 57.0709 -1.53572 0 0 0 0.883566 -0.468307
673.200000000 57.0325 -1.57651 0 0 0 0.893762 -0.448542
673.300000000 56.9879 -1.6247 0 0 0 0.901391 -0.433006
673.400000000 56.9413 -1.6721 0 0 0 0.90857 -0.417732
673.500000000 56.8931 -1.71791 0 0 0 0.915491 -0.402339
673.600000000 56.8434 -1.76206 0 0 0 0.92215 -0.386832
673.700000000 56.7923 -1.80451 0 0 0 0.928547 -0.371214
673.800000000 56.7397 -1.84521 0 0 0 0.93468 -0.355491
673.900000000 56.6858 -1.88412 0 0 0 0.940546 -0.339667
674.000000000 56.6306 -1.92118 0 0 0 0.946144 -0.323746
674.100000000 56.5742 -1.95636 0 0 0 0.951473 -0.307732
674.200000000 56.5167 -1.98962 0 0 0 0.956531 -0.291631
674.300000000 56.4541 -2.02483 0 0 0 0.96057 -0.278037
674.400000000 56.3899 -2.05892 0 0 0 0.964292 -0.26484
674.500000000 56.3248 -2.09124 0 0 0 0.967833 -0.251593
674.600000000 56.2588 -2.12175 0 0 0 0.971192 -0.238299
674.700000000 56.192 -2.15045 0 0 0 0.974368 -0.22496
674.800000000 56.1244 -2.17731 0 0 0 0.977361 -0.211578
674.900000000 56.0561 -2.2023 0 0 0 0.98017 -0.198157
675.000000000 55.9872 -2.22541 0 0 0 0.982795 -0.184699
675.100000000 55.9176 -2.24662 0 0 0 0.985235 -0.171206
675.200000000 55.8454 -2.26728 0 0 0 0.98726 -0.159112
675.300000000 55.7728 -2.28617 0 0 0 0.989137 -0.146995
675.400000000 55.6996 -2.30327 0 0 0 0.990865 -0.134856
675.500000000 55.6261 -2.3186 0 0 0 0.992435 -0.122773
675.600000000 55.5539 -2.33184 0 0 0 0.993827 -0.110941
675.700000000 55.4847 -2.34282 0 0 0 0.995024 -0.0996319
675.800000000 55.4168 -2.35201 0 0 0 0.996069 -0.0885798
675.900000000 55.3505 -2.3595 0 0 0 0.99697 -0.0777867
676.000000000 55.2873 -2.36525 0 0 0 0.997718 -0.0675248
676.100000000 55.2257 -2.36959 0 0 0 0.998344 -0.0575261
676.200000000 55.1657 -2.3726 0 0 0 0.998857 -0.0477921
676.300000000 55.1024 -2.37562 0 0 0 0.999192 -0.040197
676.400000000 55.0424 -2.37776 0 0 0 0.999439 -0.0334957
676.500000000 54.9841 -2.37907 0 0 0 0.999636 -0.0269792
676.600000000 54.9273 -2.37959 0 0 0 0.999787 -0.0206478
676.700000000 54.8723 -2.37941 0 0 0 0.999895 -0.0145018
676.800000000 54.8206 -2.3786 0 0 0 0.999962 -0.00872772
676.900000000 54.7706 -2.37723 0 0 0 0.999995 -0.00313966
677.000000000 54.7223 -2.37538 0 0 0 0.999997 0.00226222
677.100000000 54.6756 -2.37308 0 0 0 0.999972 0.00747777
677.200000000 54.6307 -2.37039 0 0 0 0.999922 0.0125069
677.300000000 54.5874 -2.36737 0 0 0 0.999849 0.0173494
677.400000000 54.5458 -2.36407 0 0 0 0.999758 0.0220053
677.500000000 54.5043 -2.36037 0 0 0 0.999645 0.0266607
677.600000000 54.4628 -2.35629 0 0 0 0.99951 0.0313155
677.700000000 54.4246 -2.35218 0 0 0 0.999366 0.0355974
677.800000000 54.3882 -2.34794 0 0 0 0.999212 0.0396925
677.900000000 54.3534 -2.3436 0 0 0 0.999049 0.0436008
678.000000000 54.3187 -2.339 0 0 0 0.998871 0.0475084
678.100000000 54.284 -2.33468 0 0 0 0.998749 0.0499961
678.200000000 54.2509 -2.33041 0 0 0 0.998628 0.052365
678.300000000 54.2161 -2.3262 0 0 0 0.998555 0.0537404
678.400000000 54.1831 -2.32221 0 0 0 0.998498 0.0547874
678.500000000 54.15 -2.31814 0 0 0 0.99844 0.0558344
678.600000000 54.1185 -2.31422 0 0 0 0.998384 0.0568289
678.700000000 54.0888 -2.31044 0 0 0 0.99833 0.0577711
678.800000000 54.059 -2.3066 0 0 0 0.998275 0.0587132
678.900000000 54.0309 -2.30293 0 0 0 0.998222 0.0596029
679.000000000 54.0028 -2.2992 0 0 0 0.998169 0.0604926
679.100000000 53.9764 -2.29565 0 0 0 0.998118 0.0613299
679.200000000 53.9516 -2.29243 0 0 0 0.998093 0.061722
679.300000000 53.9268 -2.2892 0 0 0 0.998069 0.0621141
679.400000000 53.9037 -2.28616 0 0 0 0.998046 0.06248
679.500000000 53.8806 -2.2831 0 0 0 0.998023 0.0628459
679.600000000 53.8591 -2.28025 0 0 0 0.998002 0.0631857
679.700000000 53.8376 -2.27738 0 0 0 0.99798 0.0635255
679.800000000 53.8178 -2.27472 0 0 0 0.99796 0.0638391
679.900000000 53.798 -2.27205 0 0 0 0.99794 0.0641527
680.000000000 53.7732 -2.26869 0 0 0 0.997915 0.0645447
680.100000000 53.7501 -2.26554 0 0 0 0.997891 0.0649106
680.200000000 53.7286 -2.26287 0 0 0 0.997913 0.0645709
680.300000000 53.707 -2.26028 0 0 0 0.997946 0.064061
680.400000000 53.6855 -2.25771 0 0 0 0.997979 0.0635512
680.500000000 53.6657 -2.25536 0 0 0 0.998008 0.0630806
680.600000000 53.6442 -2.25284 0 0 0 0.998041 0.0625707
680.700000000 53.6226 -2.25033 0 0 0 0.998072 0.0620608
680.800000000 53.6011 -2.24785 0 0 0 0.998104 0.0615509
680.900000000 53.5812 -2.24558 0 0 0 0.998133 0.0610802
681.000000000 53.5614 -2.24333 0 0 0 0.998162 0.0606095
681.100000000 53.5398 -2.24091 0 0 0 0.998192 0.0600995
681.200000000 53.52 -2.23864 0 0 0 0.998211 0.0597858
681.300000000 53.5001 -2.23637 0 0 0 0.99823 0.0594721
681.400000000 53.4819 -2.23431 0 0 0 0.998247 0.0591845
681.500000000 53.462 -2.23207 0 0 0 0.998266 0.0588708
681.600000000 53.4421 -2.22985 0 0 0 0.998284 0.0585571
681.700000000 53.4222 -2.22763 0 0 0 0.998302 0.0582434
681.800000000 53.4024 -2.22543 0 0 0 0.998321 0.0579296
681.900000000 53.3841 -2.22343 0 0 0 0.998337 0.057642
682.000000000 53.3626 -2.22107 0 0 0 0.998357 0.0573022
682.100000000 53.3427 -2.2189 0 0 0 0.998375 0.0569884
682.200000000 53.3212 -2.21657 0 0 0 0.998394 0.0566485
682.300000000 53.298 -2.21408 0 0 0 0.998415 0.0562825
682.400000000 53.2764 -2.21178 0 0 0 0.998434 0.0559425
682.500000000 53.2549 -2.2095 0 0 0 0.998453 0.0556026
682.600000000 53.235 -2.2074 0 0 0 0.99847 0.0552888
682.700000000 53.2118 -2.20497 0 0 0 0.998491 0.0549228
682.800000000 53.1902 -2.20273 0 0 0 0.998509 0.0545828
682.900000000 53.1687 -2.2005 0 0 0 0.998528 0.0542429
683.000000000 53.1471 -2.19829 0 0 0 0.998546 0.0539029
683.100000000 53.1256 -2.19609 0 0 0 0.998564 0.053563
683.200000000 53.1057 -2.19408 0 0 0 0.998581 0.0532491
683.300000000 53.0858 -2.19208 0 0 0 0.998598 0.0529353
683.400000000 53.0626 -2.18976 0 0 0 0.998617 0.0525692
683.500000000 53.041 -2.18762 0 0 0 0.998635 0.0522292
683.600000000 53.0194 -2.18549 0 0 0 0.998653 0.0518892
683.700000000 52.9995 -2.18354 0 0 0 0.998669 0.0515754
683.800000000 52.9796 -2.18161 0 0 0 0.998685 0.0512615
683.900000000 52.9614 -2.17979 0 0 0 0.998693 0.0511177
684.000000000 52.9415 -2.17781 0 0 0 0.998701 0.0509608
684.100000000 52.9216 -2.17584 0 0 0 0.998709 0.0508039
684.200000000 52.895 -2.17321 0 0 0 0.998719 0.0505948
684.300000000 52.8685 -2.17094 0 0 0 0.998772 0.0495467
684.400000000 52.8435 -2.16885 0 0 0 0.99882 0.0485641
684.500000000 52.8103 -2.16614 0 0 0 0.998883 0.0472539
684.600000000 52.7788 -2.16365 0 0 0 0.998941 0.0460092
684.700000000 52.7455 -2.16111 0 0 0 0.999001 0.0446988
684.800000000 52.7139 -2.15878 0 0 0 0.999055 0.0434539
684.900000000 52.6823 -2.15652 0 0 0 0.999109 0.042209
685.000000000 52.6524 -2.15446 0 0 0 0.999158 0.0410295
685.100000000 52.6241 -2.15259 0 0 0 0.999203 0.0399154
685.200000000 52.5959 -2.15077 0 0 0 0.999247 0.0388014
685.300000000 52.5709 -2.14914 0 0 0 0.999277 0.0380155
685.400000000 52.5476 -2.14766 0 0 0 0.999305 0.037282
685.500000000 52.5243 -2.14622 0 0 0 0.999332 0.0365485
685.600000000 52.4994 -2.14471 0 0 0 0.99936 0.0357626
685.700000000 52.4761 -2.14333 0 0 0 0.999386 0.0350291
685.800000000 52.4511 -2.14189 0 0 0 0.999414 0.0342431
685.900000000 52.4262 -2.1405 0 0 0 0.99944 0.0334571
686.000000000 52.4012 -2.13914 0 0 0 0.999466 0.0326711
686.100000000 52.3779 -2.13791 0 0 0 0.99949 0.0319375
686.200000000 52.3529 -2.13663 0 0 0 0.999515 0.0311514
686.300000000 52.3279 -2.13531 0 0 0 0.999533 0.0305622
686.400000000 52.303 -2.13401 0 0 0 0.999551 0.029973
686.500000000 52.2797 -2.13283 0 0 0 0.999567 0.0294231
686.600000000 52.2547 -2.1316 0 0 0 0.999584 0.0288339
686.700000000 52.2297 -2.13039 0 0 0 0.999601 0.0282446
686.800000000 52.2048 -2.12922 0 0 0 0.999618 0.0276554
686.900000000 52.1815 -2.12815 0 0 0 0.999633 0.0271054
687.000000000 52.1548 -2.12695 0 0 0 0.999649 0.0264768
687.100000000 52.1282 -2.12579 0 0 0 0.999666 0.0258482
687.200000000 52.1015 -2.12467 0 0 0 0.999682 0.0252197
687.300000000 52.0765 -2.12356 0 0 0 0.999692 0.024827
687.400000000 52.0516 -2.12248 0 0 0 0.999701 0.0244343
687.500000000 52.0266 -2.12141 0 0 0 0.999711 0.0240415
687.600000000 52 -2.1203 0 0 0 0.999721 0.0236226
687.700000000 51.9733 -2.11921 0 0 0 0.999731 0.0232037
687.800000000 51.9483 -2.1182 0 0 0 0.99974 0.022811
687.900000000 51.9233 -2.11722 0 0 0 0.999749 0.0224183
688.000000000 51.89 -2.11594 0 0 0 0.99976 0.0218946
688.100000000 51.8567 -2.11469 0 0 0 0.999772 0.021371
688.200000000 51.8251 -2.11353 0 0 0 0.999782 0.0208735
688.300000000 51.7951 -2.11247 0 0 0 0.999792 0.0204022
688.400000000 51.7651 -2.11143 0 0 0 0.999801 0.0199309
688.500000000 51.7318 -2.11031 0 0 0 0.999812 0.0194073
688.600000000 51.7001 -2.10928 0 0 0 0.999821 0.0189098
688.700000000 51.6668 -2.10823 0 0 0 0.999831 0.0183861
688.800000000 51.6352 -2.10727 0 0 0 0.99984 0.0178886
688.900000000 51.6019 -2.10628 0 0 0 0.999849 0.0173649
689.000000000 51.5702 -2.10538 0 0 0 0.999858 0.0168674
689.100000000 51.5369 -2.10447 0 0 0 0.999866 0.0163437
689.200000000 51.5052 -2.10363 0 0 0 0.999874 0.0158462
689.300000000 51.4736 -2.10283 0 0 0 0.999882 0.0153487
689.400000000 51.4419 -2.10206 0 0 0 0.99989 0.0148511
689.500000000 51.4086 -2.10127 0 0 0 0.999897 0.0143274
689.600000000 51.3769 -2.10057 0 0 0 0.999904 0.0138299
689.700000000 51.3453 -2.09989 0 0 0 0.999911 0.0133323
689.800000000 51.3119 -2.09921 0 0 0 0.999918 0.0128086
689.900000000 51.2803 -2.0986 0 0 0 0.999924 0.0123111
690.000000000 51.2486 -2.09802 0 0 0 0.99993 0.0118135
690.100000000 51.2186 -2.0975 0 0 0 0.999936 0.0113422
690.200000000 51.187 -2.09698 0 0 0 0.999941 0.0108446
690.300000000 51.1119 -2.09965 0 0 0 1 0.000104571
690.400000000 51.037 -2.10413 0 0 0 0.999938 -0.0111513
690.500000000 50.9622 -2.11031 0 0 0 0.999749 -0.0224058
690.600000000 50.8875 -2.11816 0 0 0 0.999433 -0.0336575
690.700000000 50.813 -2.1277 0 0 0 0.998991 -0.0449049
690.800000000 50.7388 -2.1389 0 0 0 0.998423 -0.0561466
690.900000000 50.6648 -2.15178 0 0 0 0.997727 -0.0673811
691.000000000 50.5911 -2.16632 0 0 0 0.996906 -0.0786072
691.100000000 50.5178 -2.18251 0 0 0 0.995958 -0.0898233
691.200000000 50.4449 -2.20035 0 0 0 0.994884 -0.101028
691.300000000 50.3841 -2.22024 0 0 0 0.992885 -0.119078
691.400000000 50.3241 -2.24232 0 0 0 0.990559 -0.137089
691.500000000 50.2649 -2.26657 0 0 0 0.987906 -0.155055
691.600000000 50.2066 -2.29295 0 0 0 0.984927 -0.172969
691.700000000 50.1485 -2.32156 0 0 0 0.981705 -0.190411
691.800000000 50.0914 -2.35222 0 0 0 0.978173 -0.207792
691.900000000 50.0354 -2.38488 0 0 0 0.974334 -0.225108
692.000000000 49.9807 -2.4195 0 0 0 0.970188 -0.242354
692.100000000 49.9272 -2.45605 0 0 0 0.965737 -0.259523
692.200000000 49.875 -2.49447 0 0 0 0.960982 -0.27661
692.300000000 49.8234 -2.53503 0 0 0 0.956051 -0.293201
692.400000000 49.7733 -2.57735 0 0 0 0.950833 -0.309705
692.500000000 49.7238 -2.62175 0 0 0 0.945471 -0.325707
692.600000000 49.6766 -2.6674 0 0 0 0.939692 -0.342023
692.700000000 49.6303 -2.71508 0 0 0 0.933786 -0.357833
692.800000000 49.5856 -2.76429 0 0 0 0.927614 -0.37354
692.900000000 49.5419 -2.81547 0 0 0 0.921348 -0.38874
693.000000000 49.4998 -2.86806 0 0 0 0.914832 -0.403834
693.100000000 49.4595 -2.92201 0 0 0 0.90807 -0.418819
693.200000000 49.4203 -2.97781 0 0 0 0.901253 -0.433293
693.300000000 49.3829 -3.03483 0 0 0 0.894205 -0.447657
693.400000000 49.3467 -3.09364 0 0 0 0.887135 -0.46151
693.500000000 49.3116 -3.15418 0 0 0 0.880064 -0.474854
693.600000000 49.2784 -3.21576 0 0 0 0.872793 -0.48809
693.700000000 49.247 -3.27831 0 0 0 -0.865323 0.501215
693.800000000 49.217 -3.34248 0 0 0 -0.85789 0.513833
693.900000000 49.1882 -3.40825 0 0 0 -0.850517 0.525947
694.000000000 49.1613 -3.4748 0 0 0 -0.842973 0.537955
694.100000000 49.1363 -3.54209 0 0 0 -0.83526 0.549856
694.200000000 49.1127 -3.61085 0 0 0 -0.827642 0.561257
694.300000000 49.0904 -3.68106 0 0 0 -0.820141 0.572162
694.400000000 49.07 -3.75182 0 0 0 -0.812496 0.582967
694.500000000 49.0515 -3.82311 0 0 0 -0.804709 0.593669
694.600000000 49.0344 -3.89573 0 0 0 -0.797073 0.603883
694.700000000 49.0189 -3.9692 0 0 0 -0.789609 0.613611
694.800000000 49.0049 -4.04298 0 0 0 -0.782336 0.622857
694.900000000 48.9927 -4.11708 0 0 0 -0.774955 0.632016
695.000000000 48.989 -4.1761 0 0 0 -0.761748 0.647873
695.100000000 48.9934 -4.21993 0 0 0 -0.742938 0.66936
695.200000000 49.0057 -4.2463 0 0 0 -0.717497 0.696562
695.300000000 49.0249 -4.24898 0 0 0 -0.6829 0.730512
695.400000000 49.0448 -4.24664 0 0 0 -0.645537 0.763729
695.500000000 49.0643 -4.24232 0 0 0 -0.606559 0.795038
695.600000000 49.0833 -4.23609 0 0 0 -0.566066 0.82436
695.700000000 49.1016 -4.22798 0 0 0 -0.524158 0.851621
695.800000000 49.119 -4.2181 0 0 0 -0.480939 0.876754
695.900000000 49.1353 -4.20652 0 0 0 -0.436519 0.899695
696.000000000 49.1503 -4.19338 0 0 0 -0.391007 0.920388
696.100000000 49.164 -4.1788 0 0 0 -0.344518 0.93878
696.200000000 49.1762 -4.16293 0 0 0 -0.297168 0.954825
696.300000000 49.1867 -4.14592 0 0 0 -0.249076 0.968484
696.400000000 49.1954 -4.12795 0 0 0 -0.20036 0.979722
696.500000000 49.2024 -4.10919 0 0 0 -0.151144 0.988512
696.600000000 49.2074 -4.08984 0 0 0 -0.10155 0.99483
696.700000000 49.2104 -4.07008 0 0 0 -0.0517026 0.998663
696.800000000 49.2115 -4.05012 0 0 0 -0.00172565 0.999999
696.900000000 49.2106 -4.03015 0 0 0 0.0482556 0.998835
697.000000000 49.2076 -4.01037 0 0 0 0.0981162 0.995175
697.100000000 49.2028 -3.99098 0 0 0 0.147732 0.989027
697.200000000 49.196 -3.97218 0 0 0 0.196978 0.980408
697.300000000 49.1873 -3.95415 0 0 0 0.245732 0.969338
697.400000000 49.1769 -3.93707 0 0 0 0.293871 0.955845
697.500000000 49.1649 -3.92111 0 0 0 0.341276 0.939963
697.600000000 49.1513 -3.90644 0 0 0 0.387828 0.921732
697.700000000 49.1364 -3.89319 0 0 0 0.433411 0.901196
697.800000000 49.1201 -3.88151 0 0 0 0.47791 0.878409
697.900000000 49.1028 -3.8715 0 0 0 0.521215 0.853425
698.000000000 49.0846 -3.86327 0 0 0 0.563217 0.826309
698.100000000 49.0657 -3.8569 0 0 0 0.603812 0.797127
698.200000000 49.0462 -3.85246 0 0 0 0.642897 0.765953
698.300000000 49.0355 -3.82625 0 0 0 0.671338 0.741151
698.400000000 49.0248 -3.79441 0 0 0 0.696465 0.717591
698.500000000 49.0119 -3.76338 0 0 0 0.720765 0.693179
698.600000000 48.997 -3.73331 0 0 0 0.744211 0.667945
698.700000000 48.98 -3.70434 0 0 0 0.766773 0.641918
698.800000000 48.9611 -3.67661 0 0 0 0.788426 0.61513
698.900000000 48.9403 -3.65024 0 0 0 0.809143 0.587611
699.000000000 48.9177 -3.62537 0 0 0 0.828901 0.559396
699.100000000 48.8935 -3.60212 0 0 0 0.847674 0.530517
699.200000000 48.8677 -3.58058 0 0 0 0.865442 0.501008
699.300000000 48.835 -3.54472 0 0 0 0.87826 0.478183
699.400000000 48.7944 -3.49529 0 0 0 0.886799 0.462155
699.500000000 48.7495 -3.44161 0 0 0 0.893677 0.44871
699.600000000 48.7027 -3.38847 0 0 0 0.900152 0.435575
699.700000000 48.6542 -3.33672 0 0 0 0.906434 0.422347
699.800000000 48.6043 -3.28641 0 0 0 0.912522 0.409027
699.900000000 48.553 -3.23759 0 0 0 0.918414 0.39562
700.000000000 48.5002 -3.19029 0 0 0 0.924109 0.382129
700.100000000 48.4461 -3.14456 0 0 0 0.929606 0.368555
700.200000000 48.3906 -3.10043 0 0 0 0.934904 0.354902
700.300000000 48.3339 -3.05794 0 0 0 0.94 0.341173
700.400000000 48.2759 -3.01714 0 0 0 0.944896 0.327371
700.500000000 48.2168 -2.97805 0 0 0 0.949589 0.313499
700.600000000 48.1566 -2.9407 0 0 0 0.954078 0.299559
700.700000000 48.0953 -2.90514 0 0 0 0.958362 0.285555
700.800000000 48.033 -2.87139 0 0 0 0.962441 0.27149
700.900000000 47.9676 -2.83453 0 0 0 0.964275 0.264904
701.000000000 47.9019 -2.79837 0 0 0 0.965906 0.258892
701.100000000 47.8357 -2.76302 0 0 0 0.9675 0.25287
701.200000000 47.7691 -2.72851 0 0 0 0.969057 0.246839
701.300000000 47.7024 -2.69415 0 0 0 0.970113 0.242652
701.400000000 47.6355 -2.66036 0 0 0 0.971152 0.23846
701.500000000 47.5682 -2.62716 0 0 0 0.972173 0.234264
701.600000000 47.5006 -2.59454 0 0 0 0.973175 0.230064
701.700000000 47.4328 -2.5625 0 0 0 0.97416 0.22586
701.800000000 47.3647 -2.53105 0 0 0 0.975126 0.221651
701.900000000 47.2963 -2.50019 0 0 0 0.976074 0.217438
702.000000000 47.2277 -2.46993 0 0 0 0.977004 0.213221
702.100000000 47.1588 -2.44025 0 0 0 0.977916 0.209
702.200000000 47.0897 -2.41117 0 0 0 0.978809 0.204776
702.300000000 47.0195 -2.38457 0 0 0 0.980691 0.195563
702.400000000 46.9488 -2.35937 0 0 0 0.982529 0.186111
702.500000000 46.8808 -2.3366 0 0 0 0.984199 0.177064
702.600000000 46.8139 -2.31558 0 0 0 0.985751 0.168213
702.700000000 46.7499 -2.29671 0 0 0 0.987154 0.15977
702.800000000 46.6872 -2.27938 0 0 0 0.988453 0.151527
702.900000000 46.6258 -2.26352 0 0 0 0.989652 0.143485
703.000000000 46.5675 -2.24944 0 0 0 0.990728 0.135858
703.100000000 46.5105 -2.23663 0 0 0 0.991718 0.128435
703.200000000 46.455 -2.22502 0 0 0 0.992626 0.121217
703.300000000 46.4009 -2.21453 0 0 0 0.993457 0.114206
703.400000000 46.3484 -2.2051 0 0 0 0.994216 0.107401
703.500000000 46.299 -2.19693 0 0 0 0.994885 0.101017
703.600000000 46.2512 -2.18965 0 0 0 0.995492 0.0948419
703.700000000 46.2049 -2.18319 0 0 0 0.996043 0.0888763
703.800000000 46.1602 -2.1775 0 0 0 0.996539 0.0831206
703.900000000 46.1171 -2.17252 0 0 0 0.996986 0.0775756
704.000000000 46.0757 -2.16819 0 0 0 0.997387 0.0722415
704.100000000 46.0341 -2.1643 0 0 0 0.997759 0.0669054
704.200000000 45.9942 -2.161 0 0 0 0.99809 0.0617809
704.300000000 45.956 -2.15785 0 0 0 0.998327 0.0578188
704.400000000 45.9194 -2.15513 0 0 0 0.998539 0.0540281
704.500000000 45.8845 -2.15279 0 0 0 0.998729 0.050409
704.600000000 45.8495 -2.15071 0 0 0 0.998905 0.0467892
704.700000000 45.8162 -2.14897 0 0 0 0.99906 0.0433412
704.800000000 45.7845 -2.14753 0 0 0 0.999197 0.0400651
704.900000000 45.7095 -2.14495 0 0 0 0.999504 0.0314926
705.000000000 45.6345 -2.14366 0 0 0 0.999737 0.0229177
705.100000000 45.5594 -2.14365 0 0 0 0.999897 0.0143411
705.200000000 45.4844 -2.14493 0 0 0 0.999983 0.00576353
705.300000000 45.4094 -2.14579 0 0 0 0.999999 0.00144536
705.400000000 45.3661 -2.14635 0 0 0 1 -0.00025984
705.500000000 45.3244 -2.14702 0 0 0 0.999998 -0.00189946
705.600000000 45.2494 -2.14877 0 0 0 0.999985 -0.00554741
705.700000000 45.1744 -2.15106 0 0 0 0.999958 -0.0091953
705.800000000 45.0995 -2.1539 0 0 0 0.999918 -0.0128431
705.900000000 45.0245 -2.15728 0 0 0 0.999864 -0.0164906
706.000000000 44.9496 -2.16121 0 0 0 0.999797 -0.020138
706.100000000 44.8748 -2.16569 0 0 0 0.999717 -0.0237851
706.200000000 44.7999 -2.17072 0 0 0 0.999624 -0.0274319
706.300000000 44.7251 -2.17629 0 0 0 0.999517 -0.0310783
706.400000000 44.6504 -2.1824 0 0 0 0.999397 -0.0347243
706.500000000 44.5756 -2.18906 0 0 0 0.999264 -0.0383699
706.600000000 44.501 -2.19627 0 0 0 0.999117 -0.0420149
706.700000000 44.4264 -2.20402 0 0 0 0.998957 -0.0456594
706.800000000 44.3518 -2.21231 0 0 0 0.998784 -0.0493032
706.900000000 44.2772 -2.22001 0 0 0 0.998745 -0.0500756
707.000000000 44.2026 -2.22751 0 0 0 0.998745 -0.0500756
707.100000000 44.128 -2.23501 0 0 0 0.998745 -0.0500756
707.200000000 44.0533 -2.24251 0 0 0 0.998745 -0.0500756
707.300000000 43.9919 -2.24733 0 0 0 0.99891 -0.0466756
707.400000000 43.9386 -2.25096 0 0 0 0.999062 -0.0433102
707.500000000 43.8871 -2.25413 0 0 0 0.999198 -0.0400495
707.600000000 43.8371 -2.25687 0 0 0 0.999319 -0.0368936
707.700000000 43.7888 -2.25922 0 0 0 0.999427 -0.0338426
707.800000000 43.7422 -2.2612 0 0 0 0.999523 -0.0308964
707.900000000 43.6972 -2.26284 0 0 0 0.999606 -0.0280553
708.000000000 43.6539 -2.26418 0 0 0 0.999679 -0.0253191
708.100000000 43.6122 -2.26523 0 0 0 0.999743 -0.022688
708.200000000 43.5722 -2.26604 0 0 0 0.999797 -0.020162
708.300000000 43.5222 -2.26727 0 0 0 0.999834 -0.0181948
708.400000000 43.4739 -2.26842 0 0 0 0.999861 -0.0166746
708.500000000 43.4273 -2.26939 0 0 0 0.999884 -0.0152068
708.600000000 43.3823 -2.27019 0 0 0 0.999905 -0.0137913
708.700000000 43.3389 -2.27084 0 0 0 0.999923 -0.0124283
708.800000000 43.2973 -2.27135 0 0 0 0.999938 -0.0111177
708.900000000 43.2573 -2.27174 0 0 0 0.999951 -0.00985945
709.000000000 43.2189 -2.27201 0 0 0 0.999963 -0.00865364
709.100000000 43.1806 -2.27219 0 0 0 0.999972 -0.00744782
709.200000000 43.1439 -2.27228 0 0 0 0.99998 -0.00629441
709.300000000 43.1089 -2.2725 0 0 0 0.999984 -0.00574446
709.400000000 43.0756 -2.27267 0 0 0 0.999986 -0.00522069
709.500000000 43.0423 -2.27281 0 0 0 0.999989 -0.00469693
709.600000000 43.0106 -2.27291 0 0 0 0.999991 -0.00419935
709.700000000 42.9806 -2.27297 0 0 0 0.999993 -0.00372796
709.800000000 42.9506 -2.27301 0 0 0 0.999995 -0.00325657
709.900000000 42.9222 -2.27301 0 0 0 0.999996 -0.00281137
710.000000000 42.8956 -2.273 0 0 0 0.999997 -0.00239235
710.100000000 42.8689 -2.27296 0 0 0 0.999998 -0.00197334
710.200000000 42.8422 -2.27289 0 0 0 0.999999 -0.00155432
710.300000000 42.8156 -2.27247 0 0 0 1 -0.00029395
710.400000000 42.7906 -2.27202 0 0 0 1 0.000887648
710.500000000 42.7639 -2.27146 0 0 0 0.999998 0.00214802
710.600000000 42.7389 -2.27088 0 0 0 0.999994 0.00332961
710.700000000 42.7123 -2.2702 0 0 0 0.999989 0.00458997
710.800000000 42.6873 -2.2695 0 0 0 0.999983 0.00577155
710.900000000 42.6606 -2.26869 0 0 0 0.999975 0.0070319
711.000000000 42.6339 -2.26781 0 0 0 0.999966 0.00829223
711.100000000 42.6073 -2.26686 0 0 0 0.999954 0.00955255
711.200000000 42.5806 -2.26585 0 0 0 0.999942 0.0108129
711.300000000 42.554 -2.26485 0 0 0 0.99993 0.0118621
711.400000000 42.5273 -2.2638 0 0 0 0.999917 0.0129114
711.500000000 42.5024 -2.26276 0 0 0 0.999903 0.0138951
711.600000000 42.4774 -2.26167 0 0 0 0.999889 0.0148788
711.700000000 42.4524 -2.26054 0 0 0 0.999874 0.0158624
711.800000000 42.4291 -2.25943 0 0 0 0.999859 0.0167805
711.900000000 42.4058 -2.25828 0 0 0 0.999843 0.0176985
712.000000000 42.3841 -2.25717 0 0 0 0.999828 0.018551
712.100000000 42.3625 -2.25603 0 0 0 0.999812 0.0194035
712.200000000 42.3425 -2.25494 0 0 0 0.999796 0.0201903
712.300000000 42.3226 -2.25381 0 0 0 0.99978 0.0209772
712.400000000 42.3026 -2.25266 0 0 0 0.999763 0.021764
712.500000000 42.2826 -2.25148 0 0 0 0.999746 0.0225508
712.600000000 42.2627 -2.25026 0 0 0 0.999728 0.0233376
712.700000000 42.2427 -2.24901 0 0 0 0.999709 0.0241244
712.800000000 42.2227 -2.24773 0 0 0 0.99969 0.0249112
712.900000000 42.2028 -2.24642 0 0 0 0.99967 0.025698
713.000000000 42.1828 -2.24508 0 0 0 0.999649 0.0264847
713.100000000 42.1629 -2.24383 0 0 0 0.999637 0.0269561
713.200000000 42.1429 -2.24288 0 0 0 0.999645 0.026642
713.300000000 42.1229 -2.24194 0 0 0 0.999653 0.0263278
713.400000000 42.1029 -2.24101 0 0 0 0.999662 0.0260137
713.500000000 42.0846 -2.24018 0 0 0 0.999669 0.0257257
713.600000000 42.0646 -2.23927 0 0 0 0.999677 0.0254116
713.700000000 42.0463 -2.23846 0 0 0 0.999684 0.0251236
713.800000000 42.0263 -2.23758 0 0 0 0.999692 0.0248094
713.900000000 42.003 -2.23657 0 0 0 0.999701 0.0244429
714.000000000 41.9814 -2.23564 0 0 0 0.999709 0.0241025
714.100000000 41.9597 -2.23474 0 0 0 0.999718 0.0237622
714.200000000 41.9381 -2.23384 0 0 0 0.999726 0.0234218
714.300000000 41.9164 -2.23269 0 0 0 0.999718 0.0237622
714.400000000 41.8965 -2.23162 0 0 0 0.99971 0.0240763
714.500000000 41.8748 -2.23044 0 0 0 0.999702 0.0244167
714.600000000 41.8549 -2.22933 0 0 0 0.999694 0.0247309
714.700000000 41.8332 -2.22813 0 0 0 0.999686 0.0250712
714.800000000 41.8116 -2.22691 0 0 0 0.999677 0.0254116
714.900000000 41.79 -2.22567 0 0 0 0.999668 0.0257519
715.000000000 41.7683 -2.22442 0 0 0 0.99966 0.0260922
715.100000000 41.7467 -2.22315 0 0 0 0.999651 0.0264326
715.200000000 41.7251 -2.22187 0 0 0 0.999642 0.0267729
715.300000000 41.7051 -2.22092 0 0 0 0.99965 0.0264587
715.400000000 41.6835 -2.21991 0 0 0 0.999659 0.0261184
715.500000000 41.6635 -2.219 0 0 0 0.999667 0.0258043
715.600000000 41.6418 -2.21801 0 0 0 0.999676 0.0254639
715.700000000 41.6202 -2.21705 0 0 0 0.999684 0.0251236
715.800000000 41.5985 -2.21609 0 0 0 0.999693 0.0247832
715.900000000 41.5752 -2.21508 0 0 0 0.999702 0.0244167
716.000000000 41.5536 -2.21416 0 0 0 0.99971 0.0240763
716.100000000 41.5303 -2.21319 0 0 0 0.999719 0.0237098
716.200000000 41.5086 -2.21229 0 0 0 0.999727 0.0233695
716.300000000 41.487 -2.21142 0 0 0 0.999735 0.0230291
716.400000000 41.467 -2.21062 0 0 0 0.999742 0.0227149
716.500000000 41.4437 -2.20971 0 0 0 0.99975 0.0223484
716.600000000 41.422 -2.20888 0 0 0 0.999758 0.022008
716.700000000 41.4004 -2.20806 0 0 0 0.999765 0.0216676
716.800000000 41.3804 -2.20732 0 0 0 0.999772 0.0213534
716.900000000 41.3604 -2.20659 0 0 0 0.999779 0.0210392
717.000000000 41.3321 -2.20558 0 0 0 0.999788 0.0205941
717.100000000 41.3054 -2.20465 0 0 0 0.999796 0.0201752
717.200000000 41.2804 -2.20379 0 0 0 0.999804 0.0197825
717.300000000 41.2555 -2.20296 0 0 0 0.999812 0.0193897
717.400000000 41.2321 -2.2022 0 0 0 0.999819 0.0190231
717.500000000 41.2055 -2.20136 0 0 0 0.999827 0.0186042
717.600000000 41.1805 -2.20058 0 0 0 0.999834 0.0182114
717.700000000 41.1538 -2.19978 0 0 0 0.999842 0.0177925
717.800000000 41.1272 -2.199 0 0 0 0.999849 0.0173735
717.900000000 41.1022 -2.19829 0 0 0 0.999856 0.0169808
718.000000000 41.0789 -2.19764 0 0 0 0.999862 0.0166142
718.100000000 41.0555 -2.19701 0 0 0 0.999868 0.0162476
718.200000000 41.0339 -2.19645 0 0 0 0.999873 0.0159072
718.300000000 41.0122 -2.19589 0 0 0 0.999879 0.0155668
718.400000000 40.9906 -2.19535 0 0 0 0.999884 0.0152264
718.500000000 40.9706 -2.19487 0 0 0 0.999889 0.0149121
718.600000000 40.9506 -2.1944 0 0 0 0.999893 0.0145979
718.700000000 40.9322 -2.19398 0 0 0 0.999898 0.0143099
718.800000000 40.9106 -2.1935 0 0 0 0.999902 0.0139694
718.900000000 40.8906 -2.19306 0 0 0 0.999907 0.0136552
719.000000000 40.8706 -2.19264 0 0 0 0.999911 0.013341
719.100000000 40.8506 -2.19224 0 0 0 0.999915 0.0130267
719.200000000 40.8306 -2.19178 0 0 0 0.999917 0.0128697
719.300000000 40.8123 -2.19136 0 0 0 0.999919 0.0127257
719.400000000 40.7889 -2.19084 0 0 0 0.999921 0.0125424
719.500000000 40.7606 -2.19022 0 0 0 0.999924 0.0123199
719.600000000 40.734 -2.18965 0 0 0 0.999927 0.0121104
719.700000000 40.709 -2.18912 0 0 0 0.999929 0.0119141
719.800000000 40.684 -2.1886 0 0 0 0.999931 0.0117177
719.900000000 40.6573 -2.18806 0 0 0 0.999934 0.0115083
720.000000000 40.6306 -2.18753 0 0 0 0.999936 0.0112988
720.100000000 40.604 -2.18701 0 0 0 0.999939 0.0110894
720.200000000 40.5773 -2.18651 0 0 0 0.999941 0.01088
720.300000000 40.5507 -2.18601 0 0 0 0.999943 0.0106705
720.400000000 40.524 -2.18552 0 0 0 0.999945 0.0104611
720.500000000 40.4973 -2.18505 0 0 0 0.999947 0.0102516
720.600000000 40.4723 -2.18462 0 0 0 0.999949 0.0100553
720.700000000 40.4457 -2.18416 0 0 0 0.999952 0.00984582
720.800000000 40.4207 -2.18375 0 0 0 0.999953 0.00964946
720.900000000 40.3957 -2.18335 0 0 0 0.999955 0.00945311
721.000000000 40.3707 -2.18295 0 0 0 0.999957 0.00925675
721.100000000 40.344 -2.18254 0 0 0 0.999959 0.0090473
721.200000000 40.319 -2.18217 0 0 0 0.999961 0.00885094
721.300000000 40.244 -2.18333 0 0 0 0.999997 0.00262159
721.400000000 40.169 -2.18543 0 0 0 0.999993 -0.00360787
721.500000000 40.094 -2.18846 0 0 0 0.999952 -0.00983719
721.600000000 40.0191 -2.19243 0 0 0 0.999871 -0.0160661
721.700000000 39.9443 -2.19733 0 0 0 0.999751 -0.0222944
721.800000000 39.8695 -2.20316 0 0 0 0.999593 -0.0285219
721.900000000 39.7947 -2.20992 0 0 0 0.999396 -0.0347482
722.000000000 39.7201 -2.21762 0 0 0 0.99916 -0.0409732
722.100000000 39.6456 -2.22624 0 0 0 0.998886 -0.0471966
722.200000000 39.5711 -2.23529 0 0 0 0.998639 -0.0521617
722.300000000 39.4967 -2.24508 0 0 0 0.998367 -0.0571255
722.400000000 39.4225 -2.25561 0 0 0 0.998071 -0.0620879
722.500000000 39.3483 -2.26688 0 0 0 0.99775 -0.0670487
722.600000000 39.2742 -2.27888 0 0 0 0.997404 -0.0720079
722.700000000 39.2003 -2.29162 0 0 0 0.997034 -0.0769653
722.800000000 39.1265 -2.3051 0 0 0 0.996639 -0.0819208
722.900000000 39.0529 -2.3193 0 0 0 0.996219 -0.0868743
723.000000000 38.9794 -2.33424 0 0 0 0.995775 -0.0918256
723.100000000 38.906 -2.34991 0 0 0 0.995306 -0.0967747
723.200000000 38.8328 -2.36631 0 0 0 0.994813 -0.101721
723.300000000 38.7589 -2.37954 0 0 0 0.995306 -0.0967747
723.400000000 38.6849 -2.39154 0 0 0 0.99589 -0.0905726
723.500000000 38.6107 -2.40261 0 0 0 0.996435 -0.084367
723.600000000 38.5364 -2.41284 0 0 0 0.996927 -0.0783385
723.700000000 38.4619 -2.42225 0 0 0 0.997365 -0.0725436
723.800000000 38.3874 -2.4309 0 0 0 0.997754 -0.0669829
723.900000000 38.3128 -2.43876 0 0 0 0.998105 -0.0615386
724.000000000 38.2398 -2.44569 0 0 0 0.998412 -0.0563292
724.100000000 38.1683 -2.45173 0 0 0 0.998687 -0.0512368
724.200000000 38.1002 -2.45678 0 0 0 0.998924 -0.0463799
724.300000000 38.0336 -2.46107 0 0 0 0.999133 -0.0416405
724.400000000 37.9687 -2.46463 0 0 0 0.999315 -0.0370186
724.500000000 37.9071 -2.46745 0 0 0 0.999467 -0.0326331
724.600000000 37.8471 -2.46966 0 0 0 0.999598 -0.0283654
724.700000000 37.7888 -2.47131 0 0 0 0.999707 -0.0242158
724.800000000 37.7321 -2.47244 0 0 0 0.999796 -0.0201844
724.900000000 37.6771 -2.47309 0 0 0 0.999868 -0.0162712
725.000000000 37.6238 -2.47331 0 0 0 0.999922 -0.0124764
725.100000000 37.587 -2.47063 0 0 0 0.999994 -0.0034953
725.200000000 37.5364 -2.46115 0 0 0 0.999777 0.0211104
725.300000000 37.5028 -2.44665 0 0 0 0.998553 0.053777
725.400000000 37.4906 -2.42822 0 0 0 0.99536 0.0962241
725.500000000 37.4938 -2.40882 0 0 0 0.989419 0.145086
725.600000000 37.4989 -2.38982 0 0 0 0.981081 0.193596
725.700000000 37.5058 -2.37141 0 0 0 0.970367 0.241638
725.800000000 37.5145 -2.35378 0 0 0 0.957301 0.289094
725.900000000 37.5249 -2.33709 0 0 0 0.941916 0.335849
726.000000000 37.5369 -2.3215 0 0 0 0.924249 0.381791
726.100000000 37.5504 -2.30716 0 0 0 0.904342 0.426808
726.200000000 37.5652 -2.29422 0 0 0 0.882245 0.470791
726.300000000 37.5812 -2.28279 0 0 0 0.85801 0.513633
726.400000000 37.5983 -2.273 0 0 0 0.831696 0.555231
726.500000000 37.6162 -2.26493 0 0 0 0.803368 0.595483
726.600000000 37.6348 -2.25866 0 0 0 0.773093 0.634293
726.700000000 37.654 -2.25425 0 0 0 0.740945 0.671566
726.800000000 37.6735 -2.25175 0 0 0 0.707002 0.707212
726.900000000 37.6932 -2.25118 0 0 0 0.671346 0.741144
727.000000000 37.7128 -2.25254 0 0 0 0.634063 0.773281
727.100000000 37.7322 -2.25582 0 0 0 0.595244 0.803545
727.200000000 37.7512 -2.261 0 0 0 0.554983 0.831862
727.300000000 37.7695 -2.26801 0 0 0 0.513378 0.858163
727.400000000 37.7871 -2.2768 0 0 0 0.470528 0.882385
727.500000000 37.8038 -2.28727 0 0 0 0.426539 0.904469
727.600000000 37.8193 -2.29933 0 0 0 0.381516 0.924362
727.700000000 37.8336 -2.31286 0 0 0 0.335569 0.942016
727.800000000 37.8465 -2.32773 0 0 0 0.288809 0.957387
727.900000000 37.8578 -2.34379 0 0 0 0.241349 0.970438
728.000000000 37.8675 -2.36089 0 0 0 0.193305 0.981139
728.100000000 37.8755 -2.37886 0 0 0 0.144792 0.989462
728.200000000 37.8817 -2.39753 0 0 0 0.0959281 0.995388
728.300000000 37.909 -2.40737 0 0 0 0.0587946 0.99827
728.400000000 37.9437 -2.41661 0 0 0 0.0257027 0.99967
728.500000000 37.9776 -2.42812 0 0 0 -0.00741742 0.999972
728.600000000 38.0107 -2.44185 0 0 0 -0.0405294 0.999178
728.700000000 38.0429 -2.45775 0 0 0 -0.0735969 0.997288
728.800000000 38.0739 -2.47573 0 0 0 -0.106584 0.994304
728.900000000 38.1036 -2.49573 0 0 0 -0.139453 0.990229
729.000000000 38.132 -2.51766 0 0 0 -0.17217 0.985067
729.100000000 38.1589 -2.54141 0 0 0 -0.204698 0.978825
729.200000000 38.1841 -2.56689 0 0 0 -0.237002 0.971509
729.300000000 38.2236 -2.59868 0 0 0 -0.261213 0.965281
729.400000000 38.2693 -2.63506 0 0 0 -0.281463 0.959572
729.500000000 38.3133 -2.67333 0 0 0 -0.301589 0.953438
729.600000000 38.3557 -2.71342 0 0 0 -0.321582 0.946882
729.700000000 38.3964 -2.75526 0 0 0 -0.341432 0.939906
729.800000000 38.4353 -2.79877 0 0 0 -0.361131 0.932515
729.900000000 38.4723 -2.84388 0 0 0 -0.38067 0.924711
730.000000000 38.5074 -2.89051 0 0 0 -0.400041 0.916497
730.100000000 38.5404 -2.93857 0 0 0 -0.419234 0.907878
730.200000000 38.5715 -2.98798 0 0 0 -0.438242 0.898857
730.300000000 38.601 -3.0392 0 0 0 -0.456697 0.889622
730.400000000 38.6285 -3.09159 0 0 0 -0.474957 0.880009
730.500000000 38.6555 -3.14686 0 0 0 -0.491949 0.870624
730.600000000 38.6803 -3.20314 0 0 0 -0.508756 0.860911
730.700000000 38.7029 -3.26034 0 0 0 -0.525371 0.850873
730.800000000 38.7233 -3.31838 0 0 0 -0.541788 0.840515
730.900000000 38.7415 -3.37717 0 0 0 -0.558001 0.82984
731.000000000 38.7564 -3.43521 0 0 0 -0.574674 0.818382
731.100000000 38.7694 -3.49452 0 0 0 -0.590783 0.806831
731.200000000 38.7808 -3.55578 0 0 0 -0.606003 0.795462
731.300000000 38.7826 -3.60278 0 0 0 -0.627232 0.778832
731.400000000 38.7749 -3.63392 0 0 0 -0.65437 0.756174
731.500000000 38.7575 -3.64295 0 0 0 -0.688705 0.725042
731.600000000 38.7379 -3.64453 0 0 0 -0.723548 0.690274
731.700000000 38.7182 -3.64419 0 0 0 -0.756637 0.653835
731.800000000 38.6987 -3.64191 0 0 0 -0.787894 0.615811
731.900000000 38.6795 -3.63772 0 0 0 -0.817242 0.576295
732.000000000 38.6608 -3.63166 0 0 0 -0.844609 0.535383
732.100000000 38.6427 -3.6238 0 0 0 0.869931 -0.493174
732.200000000 38.6256 -3.6142 0 0 0 0.893144 -0.44977
732.300000000 38.6094 -3.60296 0 0 0 0.914194 -0.405277
732.400000000 38.5945 -3.59019 0 0 0 0.933029 -0.359801
732.500000000 38.5808 -3.576 0 0 0 0.949603 -0.313454
732.600000000 38.5687 -3.56055 0 0 0 0.963877 -0.266347
732.700000000 38.5581 -3.54398 0 0 0 0.975816 -0.218595
732.800000000 38.5492 -3.52645 0 0 0 0.98539 -0.170314
732.900000000 38.542 -3.50812 0 0 0 0.992577 -0.12162
733.000000000 38.5367 -3.48918 0 0 0 0.997359 -0.0726306
733.100000000 38.5333 -3.46982 0 0 0 0.999725 -0.0234658
733.200000000 38.5318 -3.45021 0 0 0 0.999668 0.0257559
733.300000000 38.5077 -3.43406 0 0 0 0.998016 0.0629644
733.400000000 38.4669 -3.41738 0 0 0 0.995811 0.0914362
733.500000000 38.4182 -3.39851 0 0 0 0.993305 0.11552
733.600000000 38.3696 -3.37728 0 0 0 0.990272 0.139147
733.700000000 38.3221 -3.35376 0 0 0 0.986677 0.162694
733.800000000 38.2758 -3.328 0 0 0 0.982521 0.186149
733.900000000 38.2308 -3.30006 0 0 0 0.977809 0.209499
734.000000000 38.1871 -3.27002 0 0 0 0.972541 0.23273
734.100000000 38.1449 -3.23793 0 0 0 0.966722 0.255829
734.200000000 38.0882 -3.19849 0 0 0 0.962626 0.270833
734.300000000 38.0253 -3.15769 0 0 0 0.961268 0.275615
734.400000000 37.9623 -3.11695 0 0 0 0.960448 0.278458
734.500000000 37.8996 -3.07583 0 0 0 0.95962 0.2813
734.600000000 37.8371 -3.03435 0 0 0 0.958783 0.284138
734.700000000 37.7748 -2.99249 0 0 0 0.957938 0.286975
734.800000000 37.7128 -2.95027 0 0 0 0.957085 0.289809
734.900000000 37.6511 -2.90768 0 0 0 0.956223 0.29264
735.000000000 37.5896 -2.86473 0 0 0 0.955352 0.295469
735.100000000 37.5284 -2.82141 0 0 0 0.954474 0.298295
735.200000000 37.4674 -2.77773 0 0 0 0.953587 0.301118
735.300000000 37.4037 -2.73803 0 0 0 0.956613 0.291362
735.400000000 37.3389 -2.70016 0 0 0 0.959974 0.280089
735.500000000 37.2731 -2.66383 0 0 0 0.963202 0.268777
735.600000000 37.2066 -2.62905 0 0 0 0.966297 0.257429
735.700000000 37.1392 -2.59584 0 0 0 0.969259 0.246045
735.800000000 37.0711 -2.56423 0 0 0 0.972086 0.234626
735.900000000 37.0023 -2.53423 0 0 0 0.974778 0.223175
736.000000000 36.9327 -2.50586 0 0 0 0.977336 0.211694
736.100000000 36.8626 -2.47913 0 0 0 0.979759 0.200183
736.200000000 36.7918 -2.45406 0 0 0 0.982046 0.188644
736.300000000 36.7221 -2.4311 0 0 0 0.984111 0.177555
736.400000000 36.6534 -2.4102 0 0 0 0.986008 0.166696
736.500000000 36.5875 -2.39173 0 0 0 0.987706 0.156323
736.600000000 36.5229 -2.37505 0 0 0 0.989257 0.146186
736.700000000 36.4612 -2.36048 0 0 0 0.990634 0.136542
736.800000000 36.4008 -2.34746 0 0 0 0.991885 0.127139
736.900000000 36.3271 -2.33311 0 0 0 0.993312 0.115463
737.000000000 36.2531 -2.32049 0 0 0 0.994601 0.103771
737.100000000 36.1788 -2.30963 0 0 0 0.995753 0.0920641
737.200000000 36.1043 -2.30051 0 0 0 0.996767 0.0803447
737.300000000 36.0295 -2.29335 0 0 0 0.997677 0.0681168
737.400000000 35.9546 -2.28802 0 0 0 0.998438 0.0558786
737.500000000 35.8796 -2.28453 0 0 0 0.999048 0.043632
737.600000000 35.8045 -2.28289 0 0 0 0.999508 0.0313788
737.700000000 35.7294 -2.28308 0 0 0 0.999817 0.019121
737.800000000 35.6543 -2.28512 0 0 0 0.999976 0.0068602
737.900000000 35.5793 -2.28899 0 0 0 0.999985 -0.00540158
738.000000000 35.5044 -2.29471 0 0 0 0.999844 -0.0176626
738.100000000 35.4297 -2.30225 0 0 0 0.999552 -0.0299209
738.200000000 35.3552 -2.31163 0 0 0 0.99911 -0.0421747
738.300000000 35.2806 -2.31993 0 0 0 0.998888 -0.0471409
738.400000000 35.2061 -2.32871 0 0 0 0.998675 -0.0514539
738.500000000 35.1317 -2.33814 0 0 0 0.998444 -0.0557659
738.600000000 35.0574 -2.34821 0 0 0 0.998194 -0.0600768
738.700000000 34.9831 -2.35892 0 0 0 0.997925 -0.0643867
738.800000000 34.909 -2.37027 0 0 0 0.997638 -0.0686953
738.900000000 34.8349 -2.38226 0 0 0 0.997332 -0.0730026
739.000000000 34.761 -2.39489 0 0 0 0.997007 -0.0773086
739.100000000 34.6872 -2.40815 0 0 0 0.996664 -0.0816132
739.200000000 34.6135 -2.42206 0 0 0 0.996302 -0.0859162
739.300000000 34.5393 -2.43346 0 0 0 0.996609 -0.0822811
739.400000000 34.4651 -2.44405 0 0 0 0.996955 -0.0779768
739.500000000 34.3907 -2.45401 0 0 0 0.997283 -0.073671
739.600000000 34.3163 -2.46332 0 0 0 0.997591 -0.0693639
739.700000000 34.2418 -2.47201 0 0 0 0.997877 -0.0651198
739.800000000 34.1672 -2.48013 0 0 0 0.998136 -0.0610317
739.900000000 34.0926 -2.48767 0 0 0 0.998373 -0.0570213
740.000000000 34.0179 -2.49468 0 0 0 0.998586 -0.0531673
740.100000000 33.9432 -2.50117 0 0 0 0.998776 -0.0494698
740.200000000 33.8684 -2.50714 0 0 0 0.998948 -0.0458504
740.300000000 33.8035 -2.51146 0 0 0 0.999128 -0.0417486
740.400000000 33.7403 -2.51515 0 0 0 0.999287 -0.0377514
740.500000000 33.6803 -2.51816 0 0 0 0.999423 -0.0339639
740.600000000 33.6221 -2.52065 0 0 0 0.999541 -0.0302812
740.700000000 33.5654 -2.52265 0 0 0 0.999643 -0.0267033
740.800000000 33.5104 -2.5242 0 0 0 0.99973 -0.0232304
740.900000000 33.4571 -2.52533 0 0 0 0.999803 -0.0198624
741.000000000 33.4054 -2.52608 0 0 0 0.999862 -0.0165994
741.100000000 33.3554 -2.52647 0 0 0 0.99991 -0.0134415
741.200000000 33.3071 -2.52655 0 0 0 0.999946 -0.0103888
741.300000000 33.2537 -2.52699 0 0 0 0.999962 -0.00871113
741.400000000 33.2021 -2.5274 0 0 0 0.999972 -0.0074929
741.500000000 33.1521 -2.52768 0 0 0 0.99998 -0.00631396
741.600000000 33.1037 -2.52784 0 0 0 0.999987 -0.0051743
741.700000000 33.0571 -2.52788 0 0 0 0.999992 -0.00407394
741.800000000 33.0121 -2.52782 0 0 0 0.999995 -0.00301288
741.900000000 32.9687 -2.52767 0 0 0 0.999998 -0.00199111
742.000000000 32.927 -2.52745 0 0 0 0.999999 -0.00100863
742.100000000 32.887 -2.52715 0 0 0 1 -6.54574e-05
742.200000000 32.847 -2.52678 0 0 0 1 0.000877719
742.300000000 32.8087 -2.52635 0 0 0 0.999998 0.00178159
742.400000000 32.7721 -2.52587 0 0 0 0.999996 0.00264617
742.500000000 32.7371 -2.52536 0 0 0 0.999994 0.00347145
742.600000000 32.7021 -2.52478 0 0 0 0.999991 0.00429672
742.700000000 32.6687 -2.52418 0 0 0 0.999987 0.00508269
742.800000000 32.6371 -2.52356 0 0 0 0.999983 0.00582936
742.900000000 32.6071 -2.52293 0 0 0 0.999979 0.00653673
743.000000000 32.5771 -2.52225 0 0 0 0.999974 0.00724409
743.100000000 32.5488 -2.52158 0 0 0 0.999969 0.00791216
743.200000000 32.5204 -2.52086 0 0 0 0.999963 0.00858022
743.300000000 32.4938 -2.52015 0 0 0 0.999958 0.00920898
743.400000000 32.4672 -2.51765 0 0 0 0.999899 0.0142469
743.500000000 32.4121 -2.50718 0 0 0 0.999334 0.0364792
743.600000000 32.3738 -2.49228 0 0 0 0.997779 0.0666152
743.700000000 32.3552 -2.47396 0 0 0 0.994395 0.105726
743.800000000 32.3572 -2.45459 0 0 0 0.988104 0.153788
743.900000000 32.3627 -2.43569 0 0 0 0.979339 0.202223
744.000000000 32.3699 -2.41741 0 0 0 0.968202 0.250168
744.100000000 32.3789 -2.39993 0 0 0 0.954719 0.297508
744.200000000 32.3896 -2.38342 0 0 0 0.938924 0.344126
744.300000000 32.4019 -2.36805 0 0 0 0.920853 0.38991
744.400000000 32.4156 -2.35395 0 0 0 0.900551 0.43475
744.500000000 32.4306 -2.34127 0 0 0 0.878067 0.478537
744.600000000 32.4468 -2.33013 0 0 0 0.853456 0.521164
744.700000000 32.4641 -2.32063 0 0 0 0.826778 0.562529
744.800000000 32.4821 -2.31288 0 0 0 0.798096 0.60253
744.900000000 32.5009 -2.30694 0 0 0 0.767481 0.641072
745.000000000 32.5201 -2.30287 0 0 0 0.735006 0.678061
745.100000000 32.5397 -2.30071 0 0 0 0.70075 0.713407
745.200000000 32.5593 -2.30048 0 0 0 0.664797 0.747024
745.300000000 32.577 -2.27743 0 0 0 0.636517 0.771262
745.400000000 32.5963 -2.23781 0 0 0 0.614235 0.789123
745.500000000 32.618 -2.19527 0 0 0 0.593052 0.805164
745.600000000 32.642 -2.15395 0 0 0 0.571449 0.820637
745.700000000 32.6681 -2.11395 0 0 0 0.549443 0.835531
745.800000000 32.6963 -2.0754 0 0 0 0.52705 0.849835
745.900000000 32.7265 -2.0384 0 0 0 0.504284 0.863538
746.000000000 32.7587 -2.00306 0 0 0 0.481162 0.876632
746.100000000 32.7926 -1.96948 0 0 0 0.4577 0.889107
746.200000000 32.8283 -1.93775 0 0 0 0.433915 0.900954
746.300000000 32.8732 -1.89336 0 0 0 0.4171 0.90886
746.400000000 32.9249 -1.8389 0 0 0 0.408781 0.912633
746.500000000 32.977 -1.78494 0 0 0 0.401989 0.915644
746.600000000 33.0298 -1.73159 0 0 0 0.39572 0.918371
746.700000000 33.0833 -1.67897 0 0 0 0.389432 0.921055
746.800000000 33.1375 -1.62708 0 0 0 0.383127 0.923696
746.900000000 33.1924 -1.57594 0 0 0 0.376803 0.926293
747.000000000 33.248 -1.52556 0 0 0 0.370462 0.928848
747.100000000 33.3043 -1.47594 0 0 0 0.364103 0.931359
747.200000000 33.3575 -1.42308 0 0 0 0.370462 0.928848
747.300000000 33.4091 -1.36853 0 0 0 0.37993 0.925015
747.400000000 33.4594 -1.31279 0 0 0 0.389843 0.920881
747.500000000 33.5085 -1.25599 0 0 0 0.399688 0.916651
747.600000000 33.5563 -1.19814 0 0 0 0.409509 0.912306
747.700000000 33.6029 -1.13928 0 0 0 0.419284 0.907855
747.800000000 33.6483 -1.07944 0 0 0 0.42901 0.9033
747.900000000 33.6923 -1.01863 0 0 0 0.438687 0.89864
748.000000000 33.735 -0.956889 0 0 0 0.448313 0.893877
748.100000000 33.7764 -0.894246 0 0 0 0.457888 0.88901
748.200000000 33.8164 -0.830729 0 0 0 0.467409 0.884041
748.300000000 33.8551 -0.766367 0 0 0 0.476877 0.87897
748.400000000 33.8923 -0.70119 0 0 0 0.48629 0.873798
748.500000000 33.9282 -0.635227 0 0 0 0.495646 0.868525
748.600000000 33.9626 -0.56851 0 0 0 0.504946 0.863151
748.700000000 33.9956 -0.501068 0 0 0 0.514187 0.857678
748.800000000 34.0271 -0.432933 0 0 0 0.523369 0.852106
748.900000000 34.0533 -0.36803 0 0 0 0.536177 0.844106
749.000000000 34.0769 -0.303113 0 0 0 0.54924 0.835665
749.100000000 34.0983 -0.238026 0 0 0 0.562066 0.827093
749.200000000 34.1167 -0.175511 0 0 0 0.574142 0.818756
749.300000000 34.1316 -0.117179 0 0 0 0.586113 0.81023
749.400000000 34.1444 -0.0600651 0 0 0 0.597629 0.801773
749.500000000 34.1553 -0.00424793 0 0 0 0.6087 0.7934
749.600000000 34.164 0.0485532 0 0 0 0.619013 0.785381
749.700000000 34.1711 0.0999101 0 0 0 0.628903 0.777484
749.800000000 34.1768 0.149771 0 0 0 0.638377 0.769724
749.900000000 34.1811 0.198091 0 0 0 0.647445 0.762112
750.000000000 34.1841 0.244832 0 0 0 0.656114 0.754661
750.100000000 34.186 0.28996 0 0 0 0.664393 0.747384
750.200000000 34.1868 0.333447 0 0 0 0.672288 0.74029
750.300000000 34.1881 0.378511 0 0 0 0.677971 0.735089
750.400000000 34.1888 0.421911 0 0 0 0.683129 0.730298
750.500000000 34.1888 0.463647 0 0 0 0.688057 0.725657
750.600000000 34.1884 0.503712 0 0 0 0.692758 0.72117
750.700000000 34.1874 0.542099 0 0 0 0.697236 0.716842
750.800000000 34.186 0.580471 0 0 0 0.701686 0.712486
750.900000000 34.1842 0.617156 0 0 0 0.705918 0.708294
751.000000000 34.182 0.65215 0 0 0 0.709934 0.704268
751.100000000 34.1796 0.685453 0 0 0 0.713737 0.700413
751.200000000 34.1768 0.718728 0 0 0 0.71752 0.696538
751.300000000 34.1744 0.752001 0 0 0 0.71992 0.694057
751.400000000 34.1721 0.783599 0 0 0 0.722013 0.69188
751.500000000 34.1696 0.813519 0 0 0 0.72399 0.689811
751.600000000 34.167 0.843426 0 0 0 0.72596 0.687737
751.700000000 34.1644 0.871656 0 0 0 0.727816 0.685772
751.800000000 34.1617 0.899873 0 0 0 0.729667 0.683803
751.900000000 34.1589 0.926415 0 0 0 0.731404 0.681945
752.000000000 34.1562 0.951284 0 0 0 0.733028 0.680199
752.100000000 34.1534 0.976141 0 0 0 0.734648 0.678449
752.200000000 34.1507 0.999328 0 0 0 0.736156 0.676812
752.300000000 34.1481 1.02253 0 0 0 0.737152 0.675726
752.400000000 34.1457 1.04407 0 0 0 0.738077 0.674717
752.500000000 34.1432 1.0656 0 0 0 0.738999 0.673706
752.600000000 34.1409 1.08546 0 0 0 0.73985 0.672772
752.700000000 34.1383 1.10698 0 0 0 0.74077 0.671759
752.800000000 34.1356 1.12849 0 0 0 0.741688 0.670745
752.900000000 34.1331 1.14834 0 0 0 0.742535 0.669807
753.000000000 34.1306 1.16818 0 0 0 0.743381 0.668869
753.100000000 34.1275 1.19132 0 0 0 0.744366 0.667772
753.200000000 34.1244 1.21445 0 0 0 0.745349 0.666674
753.300000000 34.1216 1.23594 0 0 0 0.746031 0.665911
753.400000000 34.1187 1.25742 0 0 0 0.746713 0.665146
753.500000000 34.1161 1.27724 0 0 0 0.747341 0.66444
753.600000000 34.1133 1.29706 0 0 0 0.747969 0.663734
753.700000000 34.1104 1.31852 0 0 0 0.748648 0.662967
753.800000000 34.1076 1.33833 0 0 0 0.749275 0.662259
753.900000000 34.1047 1.35813 0 0 0 0.7499 0.661551
754.000000000 34.1019 1.37793 0 0 0 0.750525 0.660841
754.100000000 34.099 1.39772 0 0 0 0.75115 0.660132
754.200000000 34.096 1.41751 0 0 0 0.751774 0.659421
754.300000000 34.093 1.43729 0 0 0 0.752397 0.65871
754.400000000 34.09 1.45706 0 0 0 0.753019 0.657999
754.500000000 34.0872 1.47518 0 0 0 0.753589 0.657346
754.600000000 34.0836 1.49824 0 0 0 0.754313 0.656515
754.700000000 34.0802 1.51964 0 0 0 0.754985 0.655742
754.800000000 34.0768 1.54104 0 0 0 0.755656 0.654968
754.900000000 34.0736 1.56078 0 0 0 0.756275 0.654254
755.000000000 34.0703 1.58052 0 0 0 0.756893 0.653539
755.100000000 34.0671 1.60195 0 0 0 0.756893 0.653539
755.200000000 34.0642 1.62174 0 0 0 0.756893 0.653539
755.300000000 34.0614 1.64153 0 0 0 0.75679 0.653658
755.400000000 34.0588 1.65968 0 0 0 0.756696 0.653767
755.500000000 34.0559 1.67948 0 0 0 0.756594 0.653885
755.600000000 34.0531 1.69927 0 0 0 0.756491 0.654004
755.700000000 34.05 1.72072 0 0 0 0.75638 0.654133
755.800000000 34.047 1.74217 0 0 0 0.756268 0.654262
755.900000000 34.0441 1.76197 0 0 0 0.756165 0.65438
756.000000000 34.0413 1.78178 0 0 0 0.756063 0.654499
756.100000000 34.0385 1.80158 0 0 0 0.75596 0.654618
756.200000000 34.0357 1.82138 0 0 0 0.755857 0.654737
756.300000000 34.0325 1.84449 0 0 0 0.755737 0.654875
756.400000000 34.0295 1.86594 0 0 0 0.755625 0.655004
756.500000000 34.0265 1.8874 0 0 0 0.755514 0.655132
756.600000000 34.0237 1.90721 0 0 0 0.755411 0.655251
756.700000000 34.0209 1.92702 0 0 0 0.755308 0.65537
756.800000000 34.0182 1.94683 0 0 0 0.755205 0.655488
756.900000000 34.0154 1.96664 0 0 0 0.755102 0.655607
757.000000000 34.0129 1.98479 0 0 0 0.755008 0.655716
757.100000000 34.0099 2.00626 0 0 0 0.754896 0.655844
757.200000000 34.007 2.02772 0 0 0 0.754785 0.655973
757.300000000 34.0045 2.04757 0 0 0 0.754268 0.656567
757.400000000 34.0021 2.06742 0 0 0 0.753751 0.65716
757.500000000 33.9996 2.08728 0 0 0 0.753234 0.657753
757.600000000 33.9973 2.10714 0 0 0 0.752716 0.658346
757.700000000 33.9947 2.12866 0 0 0 0.752154 0.658987
757.800000000 33.9924 2.14852 0 0 0 0.751635 0.659579
757.900000000 33.9899 2.17005 0 0 0 0.751073 0.66022
758.000000000 33.9877 2.18993 0 0 0 0.750553 0.66081
758.100000000 33.9854 2.2098 0 0 0 0.750033 0.661401
758.200000000 33.9834 2.22803 0 0 0 0.749555 0.661942
758.300000000 33.9815 2.24626 0 0 0 0.749077 0.662482
758.400000000 33.9793 2.26615 0 0 0 0.748556 0.663072
758.500000000 33.9774 2.28438 0 0 0 0.748077 0.663612
758.600000000 33.9753 2.30427 0 0 0 0.747555 0.6642
758.700000000 33.9735 2.32251 0 0 0 0.747075 0.664739
758.800000000 33.9714 2.34242 0 0 0 0.746552 0.665327
758.900000000 33.9693 2.36398 0 0 0 0.745984 0.665963
759.000000000 33.9673 2.38389 0 0 0 0.74546 0.66655
759.100000000 33.9654 2.4038 0 0 0 0.744935 0.667137
759.200000000 33.9637 2.42205 0 0 0 0.744454 0.667674
759.300000000 33.9618 2.44196 0 0 0 0.744034 0.668142
759.400000000 33.9601 2.46021 0 0 0 0.743648 0.668571
759.500000000 33.9583 2.47847 0 0 0 0.743262 0.669
759.600000000 33.9563 2.50004 0 0 0 0.742806 0.669506
759.700000000 33.9545 2.51996 0 0 0 0.742385 0.669974
759.800000000 33.9527 2.53988 0 0 0 0.741963 0.670441
759.900000000 33.951 2.5598 0 0 0 0.741541 0.670907
760.000000000 33.9492 2.57973 0 0 0 0.741119 0.671374
760.100000000 33.9473 2.60132 0 0 0 0.740661 0.671879
760.200000000 33.9456 2.62125 0 0 0 0.740238 0.672344
760.300000000 33.944 2.64118 0 0 0 0.739815 0.67281
760.400000000 33.9425 2.65945 0 0 0 0.739427 0.673237
760.500000000 33.9409 2.67939 0 0 0 0.739003 0.673702
760.600000000 33.9394 2.69766 0 0 0 0.738615 0.674128
760.700000000 33.9378 2.7176 0 0 0 0.738191 0.674592
760.800000000 33.9363 2.73754 0 0 0 0.737766 0.675057
760.900000000 33.9349 2.75582 0 0 0 0.737377 0.675482
761.000000000 33.9334 2.77577 0 0 0 0.736951 0.675946
761.100000000 33.9304 2.79726 0 0 0 0.738829 0.673893
761.200000000 33.9171 2.85731 0 0 0 0.75177 0.659425
761.300000000 33.9011 2.911 0 0 0 0.766249 0.642544
761.400000000 33.8827 2.96393 0 0 0 0.780348 0.625345
761.500000000 33.8619 3.01599 0 0 0 0.794062 0.607837
761.600000000 33.8389 3.06707 0 0 0 0.807383 0.590028
761.700000000 33.8136 3.11708 0 0 0 0.820304 0.571928
761.800000000 33.7861 3.16591 0 0 0 0.83282 0.553544
761.900000000 33.7565 3.21347 0 0 0 0.844924 0.534887
762.000000000 33.7248 3.25967 0 0 0 0.85661 0.515965
762.100000000 33.6911 3.30442 0 0 0 0.867872 0.496788
762.200000000 33.6554 3.34762 0 0 0 0.878705 0.477366
762.300000000 33.6114 3.40546 0 0 0 0.885168 0.465272
762.400000000 33.5718 3.45708 0 0 0 0.889019 0.45787
762.500000000 33.5315 3.50817 0 0 0 0.892565 0.450919
762.600000000 33.4915 3.55732 0 0 0 0.895967 0.444121
762.700000000 33.443 3.61464 0 0 0 0.900224 0.435427
762.800000000 33.3934 3.671 0 0 0 0.904397 0.426692
762.900000000 33.3428 3.7264 0 0 0 0.908485 0.417918
763.000000000 33.2911 3.7808 0 0 0 0.912488 0.409105
763.100000000 33.2383 3.83419 0 0 0 0.916405 0.400253
763.200000000 33.1845 3.88655 0 0 0 0.920236 0.391363
763.300000000 33.1507 3.92105 0 0 0 0.920682 0.390314
763.400000000 33.118 3.95438 0 0 0 0.920968 0.389639
763.500000000 33.0865 3.98648 0 0 0 0.921243 0.388988
763.600000000 33.056 4.01735 0 0 0 0.921508 0.38836
763.700000000 33.0268 4.04699 0 0 0 0.921762 0.387757
763.800000000 32.9986 4.07541 0 0 0 0.922005 0.387178
763.900000000 32.9716 4.10261 0 0 0 0.922238 0.386622
764.000000000 32.9446 4.12977 0 0 0 0.922471 0.386067
764.100000000 32.9186 4.15573 0 0 0 0.922693 0.385535
764.200000000 32.8939 4.18048 0 0 0 0.922905 0.385027
764.300000000 32.8704 4.20417 0 0 0 0.922905 0.385027
764.400000000 32.847 4.22785 0 0 0 0.922905 0.385027
764.500000000 32.8247 4.25036 0 0 0 0.922905 0.385027
764.600000000 32.8036 4.27168 0 0 0 0.922905 0.385027
764.700000000 32.7825 4.293 0 0 0 0.922905 0.385027
764.800000000 32.7626 4.31314 0 0 0 0.922905 0.385027
764.900000000 32.7426 4.33327 0 0 0 0.922905 0.385027
765.000000000 32.7239 4.35223 0 0 0 0.922905 0.385027
765.100000000 32.7051 4.37118 0 0 0 0.922905 0.385027
765.200000000 32.6852 4.39131 0 0 0 0.922905 0.385027
765.300000000 32.6677 4.40914 0 0 0 0.922829 0.385209
765.400000000 32.6513 4.42578 0 0 0 0.922759 0.385378
765.500000000 32.635 4.44242 0 0 0 0.922688 0.385547
765.600000000 32.6198 4.45789 0 0 0 0.922623 0.385704
765.700000000 32.6046 4.47335 0 0 0 0.922557 0.385861
765.800000000 32.5883 4.49002 0 0 0 0.922486 0.38603
765.900000000 32.5743 4.50431 0 0 0 0.922426 0.386175
766.000000000 32.5591 4.51979 0 0 0 0.92236 0.386332
766.100000000 32.5428 4.53647 0 0 0 0.922289 0.386501
766.200000000 32.5288 4.55077 0 0 0 0.922228 0.386646
766.300000000 32.5137 4.56627 0 0 0 0.922162 0.386803
766.400000000 32.5009 4.57939 0 0 0 0.922107 0.386936
766.500000000 32.4869 4.59371 0 0 0 0.922046 0.38708
766.600000000 32.4729 4.60803 0 0 0 0.921985 0.387225
766.700000000 32.4602 4.62116 0 0 0 0.921929 0.387358
766.800000000 32.4462 4.63549 0 0 0 0.921869 0.387503
766.900000000 32.4323 4.64982 0 0 0 0.921808 0.387648
767.000000000 32.4171 4.66535 0 0 0 0.921742 0.387805
767.100000000 32.4043 4.67846 0 0 0 0.921742 0.387805
767.200000000 32.3903 4.69276 0 0 0 0.921742 0.387805
767.300000000 32.3764 4.70706 0 0 0 0.921742 0.387805
767.400000000 32.3635 4.72016 0 0 0 0.921742 0.387805
767.500000000 32.3496 4.73446 0 0 0 0.921742 0.387805
767.600000000 32.3356 4.74876 0 0 0 0.921742 0.387805
767.700000000 32.3204 4.76425 0 0 0 0.921742 0.387805
767.800000000 32.3064 4.77855 0 0 0 0.921742 0.387805
767.900000000 32.2925 4.79285 0 0 0 0.921742 0.387805
768.000000000 32.2785 4.80714 0 0 0 0.921742 0.387805
768.100000000 32.2633 4.82263 0 0 0 0.921742 0.387805
768.200000000 32.2493 4.83693 0 0 0 0.921742 0.387805
768.300000000 32.2354 4.85123 0 0 0 0.921742 0.387805
768.400000000 32.2202 4.86672 0 0 0 0.921742 0.387805
768.500000000 32.2062 4.88102 0 0 0 0.921742 0.387805
768.600000000 32.1922 4.89532 0 0 0 0.921742 0.387805
768.700000000 32.1794 4.90842 0 0 0 0.921742 0.387805
768.800000000 32.1654 4.92272 0 0 0 0.921742 0.387805
768.900000000 32.1514 4.93702 0 0 0 0.921742 0.387805
769.000000000 32.1375 4.95132 0 0 0 0.921742 0.387805
769.100000000 32.1223 4.96681 0 0 0 0.921742 0.387805
769.200000000 32.1083 4.98111 0 0 0 0.921742 0.387805
769.300000000 32.0943 4.9954 0 0 0 0.921742 0.387805
769.400000000 32.0792 5.01089 0 0 0 0.921742 0.387805
769.500000000 32.0652 5.02519 0 0 0 0.921742 0.387805
769.600000000 32.0512 5.03949 0 0 0 0.921742 0.387805
769.700000000 32.0384 5.0526 0 0 0 0.921742 0.387805
769.800000000 32.0244 5.06689 0 0 0 0.921742 0.387805
769.900000000 32.0104 5.08119 0 0 0 0.921742 0.387805
770.000000000 31.9965 5.09549 0 0 0 0.921742 0.387805
770.100000000 31.9836 5.1086 0 0 0 0.921742 0.387805
770.200000000 31.9696 5.1229 0 0 0 0.921742 0.387805
770.300000000 31.9545 5.13839 0 0 0 0.921742 0.387805
770.400000000 31.9394 5.15388 0 0 0 0.921742 0.387805
770.500000000 31.9254 5.16817 0 0 0 0.921742 0.387805
770.600000000 31.9114 5.18247 0 0 0 0.921742 0.387805
770.700000000 31.8986 5.19558 0 0 0 0.921742 0.387805
770.800000000 31.8846 5.20988 0 0 0 0.921742 0.387805
770.900000000 31.8706 5.22418 0 0 0 0.921742 0.387805
771.000000000 31.8566 5.23847 0 0 0 0.921742 0.387805
771.100000000 31.8426 5.25277 0 0 0 0.921742 0.387805
771.200000000 31.8286 5.26707 0 0 0 0.921742 0.387805
771.300000000 31.8135 5.28256 0 0 0 0.921742 0.387805
771.400000000 31.7983 5.29805 0 0 0 0.921742 0.387805
771.500000000 31.7844 5.31235 0 0 0 0.921742 0.387805
771.600000000 31.7704 5.32665 0 0 0 0.921742 0.387805
771.700000000 31.7576 5.33975 0 0 0 0.921742 0.387805
771.800000000 31.7436 5.35405 0 0 0 0.921742 0.387805
771.900000000 31.7296 5.36835 0 0 0 0.921742 0.387805
772.000000000 31.7168 5.38146 0 0 0 0.921742 0.387805
772.100000000 31.7039 5.39456 0 0 0 0.921742 0.387805
772.200000000 31.69 5.40886 0 0 0 0.921742 0.387805
772.300000000 31.6748 5.42435 0 0 0 0.921742 0.387805
772.400000000 31.6597 5.43984 0 0 0 0.921742 0.387805
772.500000000 31.6457 5.45414 0 0 0 0.921742 0.387805
772.600000000 31.6317 5.46844 0 0 0 0.921742 0.387805
772.700000000 31.6165 5.48393 0 0 0 0.921742 0.387805
772.800000000 31.6026 5.49822 0 0 0 0.921742 0.387805
772.900000000 31.5886 5.51252 0 0 0 0.921742 0.387805
773.000000000 31.5758 5.52563 0 0 0 0.921742 0.387805
773.100000000 31.5618 5.53993 0 0 0 0.921742 0.387805
773.200000000 31.5478 5.55423 0 0 0 0.921742 0.387805
773.300000000 31.5326 5.56972 0 0 0 0.921742 0.387805
773.400000000 31.5175 5.58521 0 0 0 0.921742 0.387805
773.500000000 31.5035 5.5995 0 0 0 0.921742 0.387805
773.600000000 31.4895 5.6138 0 0 0 0.921742 0.387805
773.700000000 31.4744 5.62929 0 0 0 0.921742 0.387805
773.800000000 31.4604 5.64359 0 0 0 0.921742 0.387805
773.900000000 31.4464 5.65789 0 0 0 0.921742 0.387805
774.000000000 31.4336 5.67099 0 0 0 0.921742 0.387805
774.100000000 31.4196 5.68529 0 0 0 0.921742 0.387805
774.200000000 31.4056 5.69959 0 0 0 0.921742 0.387805
774.300000000 31.3916 5.71389 0 0 0 0.921742 0.387805
774.400000000 31.3765 5.72938 0 0 0 0.921742 0.387805
774.500000000 31.3625 5.74368 0 0 0 0.921742 0.387805
774.600000000 31.3485 5.75798 0 0 0 0.921742 0.387805
774.700000000 31.3334 5.77347 0 0 0 0.921742 0.387805
774.800000000 31.3194 5.78776 0 0 0 0.921742 0.387805
774.900000000 31.3054 5.80206 0 0 0 0.921742 0.387805
775.000000000 31.2926 5.81517 0 0 0 0.921742 0.387805
775.100000000 31.2798 5.82828 0 0 0 0.921742 0.387805
775.200000000 31.2658 5.84257 0 0 0 0.921742 0.387805
775.300000000 31.2518 5.85687 0 0 0 0.921742 0.387805
775.400000000 31.239 5.86998 0 0 0 0.921742 0.387805
775.500000000 31.225 5.88428 0 0 0 0.921742 0.387805
775.600000000 31.211 5.89857 0 0 0 0.921742 0.387805
775.700000000 31.1959 5.91406 0 0 0 0.921742 0.387805
775.800000000 31.1819 5.92836 0 0 0 0.921742 0.387805
775.900000000 31.1679 5.94266 0 0 0 0.921742 0.387805
776.000000000 31.1551 5.95577 0 0 0 0.921742 0.387805
776.100000000 31.1411 5.97007 0 0 0 0.921742 0.387805
776.200000000 31.1271 5.98436 0 0 0 0.921742 0.387805
776.300000000 31.1131 5.99866 0 0 0 0.921742 0.387805
776.400000000 31.1003 6.01177 0 0 0 0.921742 0.387805
776.500000000 31.0816 6.03083 0 0 0 0.921742 0.387805
776.600000000 31.0653 6.04751 0 0 0 0.921742 0.387805
776.700000000 31.0513 6.06181 0 0 0 0.921742 0.387805
776.800000000 31.0362 6.0773 0 0 0 0.921742 0.387805
776.900000000 31.0199 6.09398 0 0 0 0.921742 0.387805
777.000000000 31.0036 6.11066 0 0 0 0.921742 0.387805
777.100000000 30.9884 6.12615 0 0 0 0.921742 0.387805
777.200000000 30.9721 6.14284 0 0 0 0.921742 0.387805
777.300000000 30.9581 6.15713 0 0 0 0.921742 0.387805
777.400000000 30.943 6.17262 0 0 0 0.921742 0.387805
777.500000000 30.9267 6.18931 0 0 0 0.921742 0.387805
777.600000000 30.9092 6.20718 0 0 0 0.921742 0.387805
777.700000000 30.894 6.22267 0 0 0 0.921742 0.387805
777.800000000 30.8777 6.23935 0 0 0 0.921742 0.387805
777.900000000 30.8637 6.25365 0 0 0 0.921742 0.387805
778.000000000 30.8497 6.26795 0 0 0 0.921742 0.387805
778.100000000 30.8334 6.28463 0 0 0 0.921742 0.387805
778.200000000 30.8159 6.3025 0 0 0 0.921742 0.387805
778.300000000 30.8008 6.31799 0 0 0 0.921742 0.387805
778.400000000 30.7845 6.33467 0 0 0 0.921742 0.387805
778.500000000 30.7682 6.35135 0 0 0 0.921742 0.387805
778.600000000 30.7518 6.36803 0 0 0 0.921742 0.387805
778.700000000 30.7367 6.38352 0 0 0 0.921742 0.387805
778.800000000 30.7216 6.39901 0 0 0 0.921742 0.387805
778.900000000 30.7029 6.41808 0 0 0 0.921742 0.387805
779.000000000 30.6866 6.43476 0 0 0 0.921742 0.387805
779.100000000 30.6691 6.45263 0 0 0 0.921742 0.387805
779.200000000 30.654 6.46812 0 0 0 0.921742 0.387805
779.300000000 30.6376 6.4848 0 0 0 0.921742 0.387805
779.400000000 30.6202 6.50267 0 0 0 0.921742 0.387805
779.500000000 30.6015 6.52174 0 0 0 0.921742 0.387805
779.600000000 30.5852 6.53842 0 0 0 0.921742 0.387805
779.700000000 30.5701 6.55391 0 0 0 0.921742 0.387805
779.800000000 30.5526 6.57178 0 0 0 0.921742 0.387805
779.900000000 30.5351 6.58966 0 0 0 0.921742 0.387805
780.000000000 30.5188 6.60634 0 0 0 0.921742 0.387805
780.100000000 30.5013 6.62421 0 0 0 0.921742 0.387805
780.200000000 30.4861 6.6397 0 0 0 0.921742 0.387805
780.300000000 30.4698 6.65638 0 0 0 0.921742 0.387805
780.400000000 30.4558 6.67068 0 0 0 0.921742 0.387805
780.500000000 30.4407 6.68617 0 0 0 0.921742 0.387805
780.600000000 30.4255 6.70166 0 0 0 0.921742 0.387805
780.700000000 30.4069 6.72072 0 0 0 0.921742 0.387805
780.800000000 30.3894 6.7386 0 0 0 0.921742 0.387805
780.900000000 30.3719 6.75647 0 0 0 0.921742 0.387805
781.000000000 30.3545 6.77434 0 0 0 0.921742 0.387805
781.100000000 30.3381 6.79102 0 0 0 0.921742 0.387805
781.200000000 30.3218 6.8077 0 0 0 0.921742 0.387805
781.300000000 30.3067 6.82319 0 0 0 0.921742 0.387805
781.400000000 30.2904 6.83987 0 0 0 0.921742 0.387805
781.500000000 30.2764 6.85417 0 0 0 0.921742 0.387805
781.600000000 30.2624 6.86847 0 0 0 0.921742 0.387805
781.700000000 30.2472 6.88396 0 0 0 0.921742 0.387805
781.800000000 30.2286 6.90302 0 0 0 0.921742 0.387805
781.900000000 30.2123 6.91971 0 0 0 0.921742 0.387805
782.000000000 30.1948 6.93758 0 0 0 0.921742 0.387805
782.100000000 30.1785 6.95426 0 0 0 0.921742 0.387805
782.200000000 30.1622 6.97094 0 0 0 0.921742 0.387805
782.300000000 30.147 6.98643 0 0 0 0.921742 0.387805
782.400000000 30.1319 7.00192 0 0 0 0.921742 0.387805
782.500000000 30.1179 7.01622 0 0 0 0.921742 0.387805
782.600000000 30.1004 7.03409 0 0 0 0.921742 0.387805
782.700000000 30.0841 7.05077 0 0 0 0.921742 0.387805
782.800000000 30.0666 7.06865 0 0 0 0.921742 0.387805
782.900000000 30.0503 7.08533 0 0 0 0.921742 0.387805
783.000000000 30.034 7.10201 0 0 0 0.921742 0.387805
783.100000000 30.0165 7.11988 0 0 0 0.921742 0.387805
783.200000000 29.999 7.13775 0 0 0 0.921742 0.387805
783.300000000 29.9827 7.15444 0 0 0 0.921742 0.387805
783.400000000 29.9652 7.17231 0 0 0 0.921742 0.387805
783.500000000 29.9489 7.18899 0 0 0 0.921742 0.387805
783.600000000 29.9326 7.20567 0 0 0 0.921742 0.387805
783.700000000 29.9175 7.22116 0 0 0 0.921742 0.387805
783.800000000 29.9023 7.23665 0 0 0 0.921742 0.387805
783.900000000 29.8872 7.25214 0 0 0 0.921742 0.387805
784.000000000 29.8732 7.26644 0 0 0 0.921742 0.387805
784.100000000 29.8592 7.28074 0 0 0 0.921742 0.387805
784.200000000 29.8417 7.29861 0 0 0 0.921742 0.387805
784.300000000 29.8242 7.31648 0 0 0 0.921742 0.387805
784.400000000 29.8079 7.33316 0 0 0 0.921742 0.387805
784.500000000 29.7916 7.34984 0 0 0 0.921742 0.387805
784.600000000 29.7764 7.36533 0 0 0 0.921742 0.387805
784.700000000 29.7613 7.38082 0 0 0 0.921742 0.387805
784.800000000 29.7473 7.39512 0 0 0 0.921742 0.387805
784.900000000 29.7333 7.40942 0 0 0 0.921742 0.387805
785.000000000 29.7193 7.42372 0 0 0 0.921742 0.387805
785.100000000 29.7042 7.43921 0 0 0 0.921742 0.387805
785.200000000 29.6902 7.45351 0 0 0 0.921742 0.387805
785.300000000 29.6762 7.4678 0 0 0 0.921742 0.387805
785.400000000 29.6634 7.48091 0 0 0 0.921742 0.387805
785.500000000 29.6506 7.49402 0 0 0 0.921742 0.387805
785.600000000 29.6366 7.50832 0 0 0 0.921742 0.387805
785.700000000 29.6215 7.52381 0 0 0 0.921742 0.387805
785.800000000 29.6075 7.5381 0 0 0 0.921742 0.387805
785.900000000 29.5935 7.5524 0 0 0 0.921742 0.387805
786.000000000 29.5795 7.5667 0 0 0 0.921742 0.387805
786.100000000 29.5643 7.58219 0 0 0 0.921742 0.387805
786.200000000 29.5504 7.59649 0 0 0 0.921742 0.387805
786.300000000 29.5364 7.61079 0 0 0 0.921742 0.387805
786.400000000 29.5236 7.62389 0 0 0 0.921742 0.387805
786.500000000 29.5061 7.64177 0 0 0 0.921742 0.387805
786.600000000 29.4886 7.65964 0 0 0 0.921742 0.387805
786.700000000 29.4723 7.67632 0 0 0 0.921742 0.387805
786.800000000 29.4548 7.69419 0 0 0 0.921742 0.387805
786.900000000 29.4373 7.71207 0 0 0 0.921742 0.387805
787.000000000 29.421 7.72875 0 0 0 0.921742 0.387805
787.100000000 29.4047 7.74543 0 0 0 0.921742 0.387805
787.200000000 29.3895 7.76092 0 0 0 0.921742 0.387805
787.300000000 29.3744 7.77641 0 0 0 0.921742 0.387805
787.400000000 29.3604 7.79071 0 0 0 0.921742 0.387805
787.500000000 29.3453 7.8062 0 0 0 0.921742 0.387805
787.600000000 29.3301 7.82169 0 0 0 0.921742 0.387805
787.700000000 29.3161 7.83598 0 0 0 0.921742 0.387805
787.800000000 29.3021 7.85028 0 0 0 0.921742 0.387805
787.900000000 29.2893 7.86339 0 0 0 0.921742 0.387805
788.000000000 29.2753 7.87769 0 0 0 0.921742 0.387805
788.100000000 29.2614 7.89199 0 0 0 0.921742 0.387805
788.200000000 29.2474 7.90628 0 0 0 0.921742 0.387805
788.300000000 29.2346 7.91939 0 0 0 0.921742 0.387805
788.400000000 29.2206 7.93369 0 0 0 0.921742 0.387805
788.500000000 29.2066 7.94799 0 0 0 0.921742 0.387805
788.600000000 29.1938 7.96109 0 0 0 0.921742 0.387805
788.700000000 29.1809 7.9742 0 0 0 0.921742 0.387805
788.800000000 29.167 7.9885 0 0 0 0.921742 0.387805
788.900000000 29.153 8.0028 0 0 0 0.921742 0.387805
789.000000000 29.1378 8.01829 0 0 0 0.921742 0.387805
789.100000000 29.1238 8.03258 0 0 0 0.921742 0.387805
789.200000000 29.1099 8.04688 0 0 0 0.921742 0.387805
789.300000000 29.0947 8.06237 0 0 0 0.921742 0.387805
789.400000000 29.0807 8.07667 0 0 0 0.921742 0.387805
789.500000000 29.0667 8.09097 0 0 0 0.921742 0.387805
789.600000000 29.0539 8.10408 0 0 0 0.921742 0.387805
789.700000000 29.0411 8.11718 0 0 0 0.921742 0.387805
789.800000000 29.0271 8.13148 0 0 0 0.921742 0.387805
789.900000000 29.012 8.14697 0 0 0 0.921742 0.387805
790.000000000 28.9968 8.16246 0 0 0 0.921742 0.387805
790.100000000 28.9828 8.17676 0 0 0 0.921742 0.387805
790.200000000 28.9689 8.19106 0 0 0 0.921742 0.387805
790.300000000 28.9537 8.20655 0 0 0 0.921742 0.387805
790.400000000 28.9397 8.22084 0 0 0 0.921742 0.387805
790.500000000 28.9257 8.23514 0 0 0 0.921742 0.387805
790.600000000 28.9117 8.24944 0 0 0 0.921742 0.387805
790.700000000 28.8966 8.26493 0 0 0 0.921742 0.387805
790.800000000 28.8826 8.27923 0 0 0 0.921742 0.387805
790.900000000 28.8675 8.29472 0 0 0 0.921742 0.387805
791.000000000 28.8523 8.31021 0 0 0 0.921742 0.387805
791.100000000 28.8383 8.32451 0 0 0 0.921742 0.387805
791.200000000 28.8243 8.3388 0 0 0 0.921742 0.387805
791.300000000 28.8092 8.35429 0 0 0 0.921742 0.387805
791.400000000 28.7952 8.36859 0 0 0 0.921742 0.387805
791.500000000 28.7812 8.38289 0 0 0 0.921742 0.387805
791.600000000 28.7684 8.396 0 0 0 0.921742 0.387805
791.700000000 28.7556 8.4091 0 0 0 0.921742 0.387805
791.800000000 28.7416 8.4234 0 0 0 0.921742 0.387805
791.900000000 28.7276 8.4377 0 0 0 0.921742 0.387805
792.000000000 28.7148 8.45081 0 0 0 0.921742 0.387805
792.100000000 28.7008 8.46511 0 0 0 0.921742 0.387805
792.200000000 28.6868 8.4794 0 0 0 0.921742 0.387805
792.300000000 28.6717 8.49489 0 0 0 0.921742 0.387805
792.400000000 28.6577 8.50919 0 0 0 0.921742 0.387805
792.500000000 28.6437 8.52349 0 0 0 0.921742 0.387805
792.600000000 28.6297 8.53779 0 0 0 0.921742 0.387805
792.700000000 28.6123 8.55566 0 0 0 0.921742 0.387805
792.800000000 28.5959 8.57234 0 0 0 0.921742 0.387805
792.900000000 28.5796 8.58902 0 0 0 0.921742 0.387805
793.000000000 28.5633 8.6057 0 0 0 0.921742 0.387805
793.100000000 28.5482 8.62119 0 0 0 0.921742 0.387805
793.200000000 28.533 8.63668 0 0 0 0.921742 0.387805
793.300000000 28.5167 8.65337 0 0 0 0.921742 0.387805
793.400000000 28.5027 8.66766 0 0 0 0.921742 0.387805
793.500000000 28.4876 8.68315 0 0 0 0.921742 0.387805
793.600000000 28.4701 8.70103 0 0 0 0.921742 0.387805
793.700000000 28.4538 8.71771 0 0 0 0.921742 0.387805
793.800000000 28.4374 8.73439 0 0 0 0.921742 0.387805
793.900000000 28.42 8.75226 0 0 0 0.921742 0.387805
794.000000000 28.4037 8.76894 0 0 0 0.921742 0.387805
794.100000000 28.3873 8.78562 0 0 0 0.921742 0.387805
794.200000000 28.371 8.80231 0 0 0 0.921742 0.387805
794.300000000 28.3559 8.8178 0 0 0 0.921742 0.387805
794.400000000 28.3407 8.83328 0 0 0 0.921742 0.387805
794.500000000 28.3232 8.85116 0 0 0 0.921742 0.387805
794.600000000 28.3069 8.86784 0 0 0 0.921742 0.387805
794.700000000 28.2894 8.88571 0 0 0 0.921742 0.387805
794.800000000 28.2743 8.9012 0 0 0 0.921742 0.387805
794.900000000 28.258 8.91788 0 0 0 0.921742 0.387805
795.000000000 28.244 8.93218 0 0 0 0.921742 0.387805
795.100000000 28.2288 8.94767 0 0 0 0.921742 0.387805
795.200000000 28.2125 8.96435 0 0 0 0.921742 0.387805
795.300000000 28.1985 8.97865 0 0 0 0.921742 0.387805
795.400000000 28.1846 8.99295 0 0 0 0.921742 0.387805
795.500000000 28.1717 9.00606 0 0 0 0.921742 0.387805
795.600000000 28.1543 9.02393 0 0 0 0.921742 0.387805
795.700000000 28.1379 9.04061 0 0 0 0.921742 0.387805
795.800000000 28.1205 9.05848 0 0 0 0.921742 0.387805
795.900000000 28.1053 9.07397 0 0 0 0.921742 0.387805
796.000000000 28.089 9.09065 0 0 0 0.921742 0.387805
796.100000000 28.075 9.10495 0 0 0 0.921742 0.387805
796.200000000 28.0599 9.12044 0 0 0 0.921742 0.387805
796.300000000 28.0471 9.13355 0 0 0 0.921742 0.387805
796.400000000 28.0331 9.14785 0 0 0 0.921742 0.387805
796.500000000 28.0179 9.16334 0 0 0 0.921742 0.387805
796.600000000 28.0051 9.17644 0 0 0 0.921742 0.387805
796.700000000 27.9888 9.19312 0 0 0 0.921742 0.387805
796.800000000 27.9725 9.2098 0 0 0 0.921742 0.387805
796.900000000 27.9573 9.22529 0 0 0 0.921742 0.387805
797.000000000 27.9422 9.24078 0 0 0 0.921742 0.387805
797.100000000 27.9282 9.25508 0 0 0 0.921742 0.387805
797.200000000 27.9142 9.26938 0 0 0 0.921742 0.387805
797.300000000 27.8991 9.28487 0 0 0 0.921742 0.387805
797.400000000 27.8839 9.30036 0 0 0 0.921742 0.387805
797.500000000 27.8699 9.31466 0 0 0 0.921742 0.387805
797.600000000 27.8559 9.32896 0 0 0 0.921742 0.387805
797.700000000 27.8385 9.34683 0 0 0 0.921742 0.387805
797.800000000 27.821 9.3647 0 0 0 0.921742 0.387805
797.900000000 27.8047 9.38138 0 0 0 0.921742 0.387805
798.000000000 27.7883 9.39806 0 0 0 0.921742 0.387805
798.100000000 27.7732 9.41355 0 0 0 0.921742 0.387805
798.200000000 27.758 9.42904 0 0 0 0.921742 0.387805
798.300000000 27.7406 9.44692 0 0 0 0.921742 0.387805
798.400000000 27.7231 9.46479 0 0 0 0.921742 0.387805
798.500000000 27.7068 9.48147 0 0 0 0.921742 0.387805
798.600000000 27.6905 9.49815 0 0 0 0.921742 0.387805
798.700000000 27.6753 9.51364 0 0 0 0.921742 0.387805
798.800000000 27.6602 9.52913 0 0 0 0.921742 0.387805
798.900000000 27.6427 9.547 0 0 0 0.921742 0.387805
799.000000000 27.6264 9.56369 0 0 0 0.921742 0.387805
799.100000000 27.61 9.58037 0 0 0 0.921742 0.387805
799.200000000 27.5949 9.59586 0 0 0 0.921742 0.387805
799.300000000 27.5774 9.61373 0 0 0 0.921742 0.387805
799.400000000 27.5611 9.63041 0 0 0 0.921742 0.387805
799.500000000 27.5436 9.64828 0 0 0 0.921742 0.387805
799.600000000 27.5273 9.66496 0 0 0 0.921742 0.387805
799.700000000 27.511 9.68165 0 0 0 0.921742 0.387805
799.800000000 27.4958 9.69714 0 0 0 0.921742 0.387805
799.900000000 27.4807 9.71263 0 0 0 0.921742 0.387805
800.000000000 27.4655 9.72812 0 0 0 0.921742 0.387805
800.100000000 27.4516 9.74241 0 0 0 0.921742 0.387805
800.200000000 27.4376 9.75671 0 0 0 0.921742 0.387805
800.300000000 27.4247 9.76982 0 0 0 0.921742 0.387805
800.400000000 27.4108 9.78412 0 0 0 0.921742 0.387805
800.500000000 27.3968 9.79842 0 0 0 0.921742 0.387805
800.600000000 27.384 9.81152 0 0 0 0.921742 0.387805
800.700000000 27.3676 9.8282 0 0 0 0.921742 0.387805
800.800000000 27.3525 9.84369 0 0 0 0.921742 0.387805
800.900000000 27.3373 9.85918 0 0 0 0.921742 0.387805
801.000000000 27.3234 9.87348 0 0 0 0.921742 0.387805
801.100000000 27.3094 9.88778 0 0 0 0.921742 0.387805
801.200000000 27.2954 9.90208 0 0 0 0.921742 0.387805
801.300000000 27.2802 9.91757 0 0 0 0.921742 0.387805
801.400000000 27.2663 9.93187 0 0 0 0.921742 0.387805
801.500000000 27.2523 9.94616 0 0 0 0.921742 0.387805
801.600000000 27.2395 9.95927 0 0 0 0.921742 0.387805
801.700000000 27.2231 9.97595 0 0 0 0.921742 0.387805
801.800000000 27.208 9.99144 0 0 0 0.921742 0.387805
801.900000000 27.1928 10.0069 0 0 0 0.921742 0.387805
802.000000000 27.1789 10.0212 0 0 0 0.921742 0.387805
802.100000000 27.1649 10.0355 0 0 0 0.921742 0.387805
802.200000000 27.1509 10.0498 0 0 0 0.921742 0.387805
802.300000000 27.1357 10.0653 0 0 0 0.921742 0.387805
802.400000000 27.1218 10.0796 0 0 0 0.921742 0.387805
802.500000000 27.1066 10.0951 0 0 0 0.921742 0.387805
802.600000000 27.0915 10.1106 0 0 0 0.921742 0.387805
802.700000000 27.0775 10.1249 0 0 0 0.921742 0.387805
802.800000000 27.0635 10.1392 0 0 0 0.921742 0.387805
802.900000000 27.0507 10.1523 0 0 0 0.921742 0.387805
803.000000000 27.0367 10.1666 0 0 0 0.921742 0.387805
803.100000000 27.0227 10.1809 0 0 0 0.921742 0.387805
803.200000000 27.0087 10.1952 0 0 0 0.921742 0.387805
803.300000000 26.9936 10.2107 0 0 0 0.921742 0.387805
803.400000000 26.9796 10.225 0 0 0 0.921742 0.387805
803.500000000 26.9644 10.2405 0 0 0 0.921742 0.387805
803.600000000 26.9493 10.256 0 0 0 0.921742 0.387805
803.700000000 26.9353 10.2703 0 0 0 0.921742 0.387805
803.800000000 26.9213 10.2846 0 0 0 0.921742 0.387805
803.900000000 26.9062 10.3 0 0 0 0.921742 0.387805
804.000000000 26.8922 10.3143 0 0 0 0.921742 0.387805
804.100000000 26.8782 10.3286 0 0 0 0.921742 0.387805
804.200000000 26.8642 10.3429 0 0 0 0.921742 0.387805
804.300000000 26.8479 10.3596 0 0 0 0.921742 0.387805
804.400000000 26.8327 10.3751 0 0 0 0.921742 0.387805
804.500000000 26.8176 10.3906 0 0 0 0.921742 0.387805
804.600000000 26.8024 10.4061 0 0 0 0.921742 0.387805
804.700000000 26.7885 10.4204 0 0 0 0.921742 0.387805
804.800000000 26.7745 10.4347 0 0 0 0.921742 0.387805
804.900000000 26.7593 10.4502 0 0 0 0.921742 0.387805
805.000000000 26.7453 10.4645 0 0 0 0.921742 0.387805
805.100000000 26.7314 10.4788 0 0 0 0.921742 0.387805
805.200000000 26.7185 10.4919 0 0 0 0.921742 0.387805
805.300000000 26.7057 10.505 0 0 0 0.921742 0.387805
805.400000000 26.6917 10.5193 0 0 0 0.921742 0.387805
805.500000000 26.6766 10.5348 0 0 0 0.921742 0.387805
805.600000000 26.6614 10.5503 0 0 0 0.921742 0.387805
805.700000000 26.6475 10.5646 0 0 0 0.921742 0.387805
805.800000000 26.6335 10.5789 0 0 0 0.921742 0.387805
805.900000000 26.6207 10.592 0 0 0 0.921742 0.387805
806.000000000 26.6067 10.6063 0 0 0 0.921742 0.387805
806.100000000 26.5927 10.6206 0 0 0 0.921742 0.387805
806.200000000 26.5775 10.6361 0 0 0 0.921742 0.387805
806.300000000 26.5612 10.6527 0 0 0 0.921742 0.387805
806.400000000 26.5461 10.6682 0 0 0 0.921742 0.387805
806.500000000 26.5309 10.6837 0 0 0 0.921742 0.387805
806.600000000 26.5158 10.6992 0 0 0 0.921742 0.387805
806.700000000 26.5006 10.7147 0 0 0 0.921742 0.387805
806.800000000 26.4855 10.7302 0 0 0 0.921742 0.387805
806.900000000 26.4703 10.7457 0 0 0 0.921742 0.387805
807.000000000 26.4563 10.76 0 0 0 0.921742 0.387805
807.100000000 26.4424 10.7743 0 0 0 0.921742 0.387805
807.200000000 26.426 10.7909 0 0 0 0.921742 0.387805
807.300000000 26.4097 10.8076 0 0 0 0.921742 0.387805
807.400000000 26.3946 10.8231 0 0 0 0.921742 0.387805
807.500000000 26.3794 10.8386 0 0 0 0.921742 0.387805
807.600000000 26.3643 10.8541 0 0 0 0.921742 0.387805
807.700000000 26.3491 10.8696 0 0 0 0.921742 0.387805
807.800000000 26.334 10.8851 0 0 0 0.921742 0.387805
807.900000000 26.3188 10.9006 0 0 0 0.921742 0.387805
808.000000000 26.3037 10.9161 0 0 0 0.921742 0.387805
808.100000000 26.2897 10.9304 0 0 0 0.921742 0.387805
808.200000000 26.2745 10.9458 0 0 0 0.921742 0.387805
808.300000000 26.2594 10.9613 0 0 0 0.921742 0.387805
808.400000000 26.2442 10.9768 0 0 0 0.921742 0.387805
808.500000000 26.2291 10.9923 0 0 0 0.921742 0.387805
808.600000000 26.2139 11.0078 0 0 0 0.921742 0.387805
808.700000000 26.1988 11.0233 0 0 0 0.921742 0.387805
808.800000000 26.1836 11.0388 0 0 0 0.921742 0.387805
808.900000000 26.1697 11.0531 0 0 0 0.921742 0.387805
809.000000000 26.1545 11.0686 0 0 0 0.921742 0.387805
809.100000000 26.1394 11.0841 0 0 0 0.921742 0.387805
809.200000000 26.1242 11.0996 0 0 0 0.921742 0.387805
809.300000000 26.1102 11.1139 0 0 0 0.921742 0.387805
809.400000000 26.0962 11.1281 0 0 0 0.921742 0.387805
809.500000000 26.0823 11.1424 0 0 0 0.921742 0.387805
809.600000000 26.0683 11.1567 0 0 0 0.921742 0.387805
809.700000000 26.0531 11.1722 0 0 0 0.921742 0.387805
809.800000000 26.038 11.1877 0 0 0 0.921742 0.387805
809.900000000 26.0228 11.2032 0 0 0 0.921742 0.387805
810.000000000 26.0077 11.2187 0 0 0 0.921742 0.387805
810.100000000 25.9925 11.2342 0 0 0 0.921742 0.387805
810.200000000 25.9774 11.2497 0 0 0 0.921742 0.387805
810.300000000 25.9634 11.264 0 0 0 0.921742 0.387805
810.400000000 25.9494 11.2783 0 0 0 0.921742 0.387805
810.500000000 25.9366 11.2914 0 0 0 0.921742 0.387805
810.600000000 25.9214 11.3069 0 0 0 0.921742 0.387805
810.700000000 25.9063 11.3224 0 0 0 0.921742 0.387805
810.800000000 25.8911 11.3379 0 0 0 0.921742 0.387805
810.900000000 25.876 11.3533 0 0 0 0.921742 0.387805
811.000000000 25.8608 11.3688 0 0 0 0.921742 0.387805
811.100000000 25.8457 11.3843 0 0 0 0.921742 0.387805
811.200000000 25.8317 11.3986 0 0 0 0.921742 0.387805
811.300000000 25.8177 11.4129 0 0 0 0.921742 0.387805
811.400000000 25.8037 11.4272 0 0 0 0.921742 0.387805
811.500000000 25.7909 11.4403 0 0 0 0.921742 0.387805
811.600000000 25.7769 11.4546 0 0 0 0.921742 0.387805
811.700000000 25.7629 11.4689 0 0 0 0.921742 0.387805
811.800000000 25.7501 11.482 0 0 0 0.921742 0.387805
811.900000000 25.7373 11.4951 0 0 0 0.921742 0.387805
812.000000000 25.7233 11.5094 0 0 0 0.921742 0.387805
812.100000000 25.7082 11.5249 0 0 0 0.921742 0.387805
812.200000000 25.6942 11.5392 0 0 0 0.921742 0.387805
812.300000000 25.6802 11.5535 0 0 0 0.921742 0.387805
812.400000000 25.6662 11.5678 0 0 0 0.921742 0.387805
812.500000000 25.6534 11.5809 0 0 0 0.921742 0.387805
812.600000000 25.6394 11.5952 0 0 0 0.921742 0.387805
812.700000000 25.6254 11.6095 0 0 0 0.921742 0.387805
812.800000000 25.6126 11.6226 0 0 0 0.921742 0.387805
812.900000000 25.5998 11.6357 0 0 0 0.921742 0.387805
813.000000000 25.5858 11.65 0 0 0 0.921742 0.387805
813.100000000 25.5695 11.6667 0 0 0 0.921742 0.387805
813.200000000 25.5532 11.6834 0 0 0 0.921742 0.387805
813.300000000 25.538 11.6989 0 0 0 0.921742 0.387805
813.400000000 25.5229 11.7144 0 0 0 0.921742 0.387805
813.500000000 25.5066 11.7311 0 0 0 0.921742 0.387805
813.600000000 25.4914 11.7465 0 0 0 0.921742 0.387805
813.700000000 25.4763 11.762 0 0 0 0.921742 0.387805
813.800000000 25.4623 11.7763 0 0 0 0.921742 0.387805
813.900000000 25.4483 11.7906 0 0 0 0.921742 0.387805
814.000000000 25.4343 11.8049 0 0 0 0.921742 0.387805
814.100000000 25.4215 11.818 0 0 0 0.921742 0.387805
814.200000000 25.4075 11.8323 0 0 0 0.921742 0.387805
814.300000000 25.3935 11.8466 0 0 0 0.921742 0.387805
814.400000000 25.3807 11.8597 0 0 0 0.921742 0.387805
814.500000000 25.3644 11.8764 0 0 0 0.921742 0.387805
814.600000000 25.3492 11.8919 0 0 0 0.921742 0.387805
814.700000000 25.3341 11.9074 0 0 0 0.921742 0.387805
814.800000000 25.3201 11.9217 0 0 0 0.921742 0.387805
814.900000000 25.3061 11.936 0 0 0 0.921742 0.387805
815.000000000 25.2921 11.9503 0 0 0 0.921742 0.387805
815.100000000 25.2793 11.9634 0 0 0 0.921742 0.387805
815.200000000 25.2653 11.9777 0 0 0 0.921742 0.387805
815.300000000 25.2514 11.992 0 0 0 0.921742 0.387805
815.400000000 25.2385 12.0051 0 0 0 0.921742 0.387805
815.500000000 25.2246 12.0194 0 0 0 0.921742 0.387805
815.600000000 25.2106 12.0337 0 0 0 0.921742 0.387805
815.700000000 25.1954 12.0492 0 0 0 0.921742 0.387805
815.800000000 25.1814 12.0635 0 0 0 0.921742 0.387805
815.900000000 25.1674 12.0778 0 0 0 0.921742 0.387805
816.000000000 25.1535 12.0921 0 0 0 0.921742 0.387805
816.100000000 25.1406 12.1052 0 0 0 0.921742 0.387805
816.200000000 25.1267 12.1195 0 0 0 0.921742 0.387805
816.300000000 25.1127 12.1338 0 0 0 0.921742 0.387805
816.400000000 25.0999 12.1469 0 0 0 0.921742 0.387805
816.500000000 25.0859 12.1612 0 0 0 0.921742 0.387805
816.600000000 25.0719 12.1755 0 0 0 0.921742 0.387805
816.700000000 25.0567 12.191 0 0 0 0.921742 0.387805
816.800000000 25.0416 12.2065 0 0 0 0.921742 0.387805
816.900000000 25.0276 12.2208 0 0 0 0.921742 0.387805
817.000000000 25.0136 12.2351 0 0 0 0.921742 0.387805
817.100000000 25.0008 12.2482 0 0 0 0.921742 0.387805
817.200000000 24.9868 12.2625 0 0 0 0.921742 0.387805
817.300000000 24.9728 12.2768 0 0 0 0.921742 0.387805
817.400000000 24.96 12.2899 0 0 0 0.921742 0.387805
817.500000000 24.9449 12.3054 0 0 0 0.921742 0.387805
817.600000000 24.9309 12.3197 0 0 0 0.921742 0.387805
817.700000000 24.9169 12.334 0 0 0 0.921742 0.387805
817.800000000 24.9017 12.3495 0 0 0 0.921742 0.387805
817.900000000 24.8878 12.3638 0 0 0 0.921742 0.387805
818.000000000 24.8738 12.3781 0 0 0 0.921742 0.387805
818.100000000 24.8563 12.3959 0 0 0 0.921742 0.387805
818.200000000 24.8411 12.4114 0 0 0 0.921742 0.387805
818.300000000 24.8248 12.4281 0 0 0 0.921742 0.387805
818.400000000 24.8074 12.446 0 0 0 0.921742 0.387805
818.500000000 24.7922 12.4615 0 0 0 0.921742 0.387805
818.600000000 24.7759 12.4781 0 0 0 0.921742 0.387805
818.700000000 24.7596 12.4948 0 0 0 0.921742 0.387805
818.800000000 24.7444 12.5103 0 0 0 0.921742 0.387805
818.900000000 24.7293 12.5258 0 0 0 0.921742 0.387805
819.000000000 24.7141 12.5413 0 0 0 0.921742 0.387805
819.100000000 24.7001 12.5556 0 0 0 0.921742 0.387805
819.200000000 24.6862 12.5699 0 0 0 0.921742 0.387805
819.300000000 24.671 12.5854 0 0 0 0.921742 0.387805
819.400000000 24.657 12.5997 0 0 0 0.921742 0.387805
819.500000000 24.643 12.614 0 0 0 0.921742 0.387805
819.600000000 24.6291 12.6283 0 0 0 0.921742 0.387805
819.700000000 24.6162 12.6414 0 0 0 0.921742 0.387805
819.800000000 24.6023 12.6557 0 0 0 0.921742 0.387805
819.900000000 24.5883 12.67 0 0 0 0.921742 0.387805
820.000000000 24.5754 12.6831 0 0 0 0.921742 0.387805
820.100000000 24.5626 12.6962 0 0 0 0.921742 0.387805
820.200000000 24.5486 12.7105 0 0 0 0.921742 0.387805
820.300000000 24.5335 12.726 0 0 0 0.921742 0.387805
820.400000000 24.5183 12.7415 0 0 0 0.921742 0.387805
820.500000000 24.5044 12.7558 0 0 0 0.921742 0.387805
820.600000000 24.4904 12.7701 0 0 0 0.921742 0.387805
820.700000000 24.4776 12.7832 0 0 0 0.921742 0.387805
820.800000000 24.4636 12.7975 0 0 0 0.921742 0.387805
820.900000000 24.4496 12.8118 0 0 0 0.921742 0.387805
821.000000000 24.4344 12.8273 0 0 0 0.921742 0.387805
821.100000000 24.4193 12.8427 0 0 0 0.921742 0.387805
821.200000000 24.403 12.8594 0 0 0 0.921742 0.387805
821.300000000 24.3855 12.8773 0 0 0 0.921742 0.387805
821.400000000 24.3703 12.8928 0 0 0 0.921742 0.387805
821.500000000 24.354 12.9095 0 0 0 0.921742 0.387805
821.600000000 24.3365 12.9273 0 0 0 0.921742 0.387805
821.700000000 24.3214 12.9428 0 0 0 0.921742 0.387805
821.800000000 24.3051 12.9595 0 0 0 0.921742 0.387805
821.900000000 24.2876 12.9774 0 0 0 0.921742 0.387805
822.000000000 24.2725 12.9929 0 0 0 0.921742 0.387805
822.100000000 24.2561 13.0096 0 0 0 0.921742 0.387805
822.200000000 24.2387 13.0274 0 0 0 0.921742 0.387805
822.300000000 24.2235 13.0429 0 0 0 0.921742 0.387805
822.400000000 24.2072 13.0596 0 0 0 0.921742 0.387805
822.500000000 24.1897 13.0775 0 0 0 0.921742 0.387805
822.600000000 24.1746 13.093 0 0 0 0.921742 0.387805
822.700000000 24.1582 13.1096 0 0 0 0.921742 0.387805
822.800000000 24.1443 13.1239 0 0 0 0.921742 0.387805
822.900000000 24.1291 13.1394 0 0 0 0.921742 0.387805
823.000000000 24.1128 13.1561 0 0 0 0.921742 0.387805
823.100000000 24.0988 13.1704 0 0 0 0.921742 0.387805
823.200000000 24.0837 13.1859 0 0 0 0.921742 0.387805
823.300000000 24.0708 13.199 0 0 0 0.921742 0.387805
823.400000000 24.0569 13.2133 0 0 0 0.921742 0.387805
823.500000000 24.0429 13.2276 0 0 0 0.921742 0.387805
823.600000000 24.0301 13.2407 0 0 0 0.921742 0.387805
823.700000000 24.0172 13.2538 0 0 0 0.921742 0.387805
823.800000000 24.0033 13.2681 0 0 0 0.921742 0.387805
823.900000000 23.9869 13.2848 0 0 0 0.921742 0.387805
824.000000000 23.9706 13.3015 0 0 0 0.921742 0.387805
824.100000000 23.9555 13.317 0 0 0 0.921742 0.387805
824.200000000 23.9403 13.3325 0 0 0 0.921742 0.387805
824.300000000 23.924 13.3491 0 0 0 0.921742 0.387805
824.400000000 23.91 13.3634 0 0 0 0.921742 0.387805
824.500000000 23.8949 13.3789 0 0 0 0.921742 0.387805
824.600000000 23.8786 13.3956 0 0 0 0.921742 0.387805
824.700000000 23.8646 13.4099 0 0 0 0.921742 0.387805
824.800000000 23.8506 13.4242 0 0 0 0.921742 0.387805
824.900000000 23.8378 13.4373 0 0 0 0.921742 0.387805
825.000000000 23.8238 13.4516 0 0 0 0.921742 0.387805
825.100000000 23.8098 13.4659 0 0 0 0.921742 0.387805
825.200000000 23.797 13.479 0 0 0 0.921742 0.387805
825.300000000 23.7842 13.4921 0 0 0 0.921742 0.387805
825.400000000 23.7702 13.5064 0 0 0 0.921742 0.387805
825.500000000 23.755 13.5219 0 0 0 0.921742 0.387805
825.600000000 23.7399 13.5374 0 0 0 0.921742 0.387805
825.700000000 23.7259 13.5517 0 0 0 0.921742 0.387805
825.800000000 23.7119 13.566 0 0 0 0.921742 0.387805
825.900000000 23.6968 13.5815 0 0 0 0.921742 0.387805
826.000000000 23.6828 13.5958 0 0 0 0.921742 0.387805
826.100000000 23.6688 13.6101 0 0 0 0.921742 0.387805
826.200000000 23.656 13.6232 0 0 0 0.921742 0.387805
826.300000000 23.642 13.6375 0 0 0 0.921742 0.387805
826.400000000 23.628 13.6518 0 0 0 0.921742 0.387805
826.500000000 23.6129 13.6673 0 0 0 0.921742 0.387805
826.600000000 23.5989 13.6816 0 0 0 0.921742 0.387805
826.700000000 23.5849 13.6959 0 0 0 0.921742 0.387805
826.800000000 23.5709 13.7102 0 0 0 0.921742 0.387805
826.900000000 23.5581 13.7233 0 0 0 0.921742 0.387805
827.000000000 23.5022 13.7734 0 0 0 0.926427 0.376473
827.100000000 23.4549 13.8077 0 0 0 0.934143 0.356899
827.200000000 23.4161 13.8269 0 0 0 0.944085 0.329701
827.300000000 23.388 13.83 0 0 0 0.955853 0.293846
827.400000000 23.3743 13.8162 0 0 0 0.968789 0.247889
827.500000000 23.3631 13.8003 0 0 0 0.979663 0.200652
827.600000000 23.3536 13.7833 0 0 0 0.988235 0.152944
827.700000000 23.3457 13.7655 0 0 0 0.994485 0.104877
827.800000000 23.3396 13.747 0 0 0 0.998399 0.0565638
827.900000000 23.3354 13.728 0 0 0 0.999967 0.00811736
828.000000000 23.3329 13.7087 0 0 0 0.999186 -0.0403482
828.100000000 23.3324 13.6892 0 0 0 0.996057 -0.0887189
828.200000000 23.3337 13.6698 0 0 0 0.990587 -0.136881
828.300000000 23.3128 13.6486 0 0 0 0.984887 -0.173199
828.400000000 23.2758 13.6232 0 0 0 0.97962 -0.200859
828.500000000 23.2301 13.5936 0 0 0 0.974734 -0.223367
828.600000000 23.1849 13.5617 0 0 0 0.969429 -0.245372
828.700000000 23.1413 13.5278 0 0 0 0.963627 -0.267252
828.800000000 23.0992 13.492 0 0 0 0.95733 -0.288996
828.900000000 23.0588 13.4543 0 0 0 0.950544 -0.310591
829.000000000 23.0202 13.4148 0 0 0 0.94327 -0.332026
829.100000000 22.9833 13.3736 0 0 0 0.935513 -0.353292
829.200000000 22.9484 13.3307 0 0 0 0.927277 -0.374377
829.300000000 22.9008 13.277 0 0 0 0.921874 -0.387489
829.400000000 22.8498 13.222 0 0 0 0.919937 -0.392067
829.500000000 22.7991 13.1667 0 0 0 0.918235 -0.396036
829.600000000 22.7489 13.111 0 0 0 0.916516 -0.399997
829.700000000 22.6991 13.0548 0 0 0 0.914781 -0.403951
829.800000000 22.6499 12.9982 0 0 0 0.913028 -0.407898
829.900000000 22.6012 12.9412 0 0 0 0.911258 -0.411836
830.000000000 22.5529 12.8838 0 0 0 0.909471 -0.415768
830.100000000 22.5051 12.8259 0 0 0 0.907667 -0.419691
830.200000000 22.4579 12.7677 0 0 0 0.905846 -0.423607
830.300000000 22.4113 12.7089 0 0 0 0.903729 -0.428104
830.400000000 22.3654 12.6496 0 0 0 0.90159 -0.432592
830.500000000 22.32 12.5898 0 0 0 0.899428 -0.437068
830.600000000 22.2752 12.5297 0 0 0 0.897244 -0.441534
830.700000000 22.231 12.469 0 0 0 0.895038 -0.445989
830.800000000 22.1875 12.408 0 0 0 0.89281 -0.450433
830.900000000 22.1445 12.3465 0 0 0 0.89056 -0.454866
831.000000000 22.1022 12.2845 0 0 0 0.888288 -0.459287
831.100000000 22.0604 12.2222 0 0 0 0.885994 -0.463698
831.200000000 22.0193 12.1595 0 0 0 0.883677 -0.468096
831.300000000 21.9804 12.0953 0 0 0 0.879105 -0.476628
831.400000000 21.9429 12.0302 0 0 0 0.87419 -0.485583
831.500000000 21.9068 11.9644 0 0 0 0.869185 -0.494488
831.600000000 21.872 11.8979 0 0 0 -0.864088 0.50334
831.700000000 21.8386 11.8307 0 0 0 -0.858902 0.512141
831.800000000 21.8065 11.7628 0 0 0 -0.853625 0.520888
831.900000000 21.7759 11.6943 0 0 0 -0.84826 0.52958
832.000000000 21.7467 11.6251 0 0 0 -0.842806 0.538217
832.100000000 21.7188 11.5554 0 0 0 -0.837264 0.546798
832.200000000 21.6924 11.4851 0 0 0 -0.831635 0.555322
832.300000000 21.6675 11.4143 0 0 0 -0.825919 0.563788
832.400000000 21.644 11.343 0 0 0 -0.820117 0.572196
832.500000000 21.6219 11.2713 0 0 0 -0.814229 0.580543
832.600000000 21.6014 11.1991 0 0 0 -0.808257 0.58883
832.700000000 21.5823 11.1265 0 0 0 -0.8022 0.597056
832.800000000 21.5647 11.0535 0 0 0 -0.796059 0.605219
832.900000000 21.5486 10.9802 0 0 0 -0.789835 0.613319
833.000000000 21.534 10.9065 0 0 0 -0.783529 0.621355
833.100000000 21.5209 10.8326 0 0 0 -0.777141 0.629326
833.200000000 21.5104 10.7588 0 0 0 -0.769053 0.639185
833.300000000 21.5011 10.6842 0 0 0 -0.761809 0.647801
833.400000000 21.4935 10.6095 0 0 0 -0.754469 0.656335
833.500000000 21.4876 10.5347 0 0 0 -0.747034 0.664786
833.600000000 21.4833 10.4597 0 0 0 -0.739504 0.673152
833.700000000 21.4808 10.3847 0 0 0 -0.73188 0.681433
833.800000000 21.48 10.3096 0 0 0 -0.724164 0.689628
833.900000000 21.4808 10.2345 0 0 0 -0.716355 0.697736
834.000000000 21.4833 10.1595 0 0 0 -0.708456 0.705755
834.100000000 21.4875 10.0845 0 0 0 -0.700468 0.713684
834.200000000 21.4934 10.0097 0 0 0 -0.69239 0.721523
834.300000000 21.4988 9.93484 0 0 0 -0.688333 0.725395
834.400000000 21.5047 9.86005 0 0 0 -0.684718 0.728808
834.500000000 21.5113 9.78533 0 0 0 -0.681087 0.732203
834.600000000 21.5187 9.71068 0 0 0 -0.677438 0.735579
834.700000000 21.5269 9.63611 0 0 0 -0.673773 0.738938
834.800000000 21.5358 9.56162 0 0 0 -0.670092 0.742278
834.900000000 21.5454 9.48723 0 0 0 -0.666393 0.7456
835.000000000 21.5557 9.41293 0 0 0 -0.662679 0.748904
835.100000000 21.5668 9.33874 0 0 0 -0.658947 0.752189
835.200000000 21.5758 9.26427 0 0 0 -0.66064 0.750703
835.300000000 21.5842 9.18973 0 0 0 -0.662858 0.748745
835.400000000 21.5921 9.11515 0 0 0 -0.665071 0.74678
835.500000000 21.5996 9.04052 0 0 0 -0.667279 0.744808
835.600000000 21.6066 8.96584 0 0 0 -0.66948 0.74283
835.700000000 21.6132 8.89112 0 0 0 -0.671675 0.740846
835.800000000 21.6194 8.81637 0 0 0 -0.673865 0.738854
835.900000000 21.6251 8.74158 0 0 0 -0.676049 0.736857
836.000000000 21.6303 8.66676 0 0 0 -0.678227 0.734853
836.100000000 21.6351 8.59191 0 0 0 -0.680398 0.732842
836.200000000 21.6395 8.51703 0 0 0 -0.682564 0.730826
836.300000000 21.6429 8.4421 0 0 0 -0.685714 0.727871
836.400000000 21.6457 8.36714 0 0 0 -0.68885 0.724903
836.500000000 21.6478 8.29215 0 0 0 -0.691974 0.721922
836.600000000 21.6492 8.21715 0 0 0 -0.695085 0.718927
836.700000000 21.65 8.14215 0 0 0 -0.698183 0.715919
836.800000000 21.6502 8.06713 0 0 0 -0.701268 0.712898
836.900000000 21.6497 7.99212 0 0 0 -0.70434 0.709863
837.000000000 21.6485 7.91712 0 0 0 -0.707399 0.706815
837.100000000 21.6467 7.84213 0 0 0 -0.710444 0.703753
837.200000000 21.6443 7.76715 0 0 0 -0.713477 0.700679
837.300000000 21.6426 7.69217 0 0 0 -0.714018 0.700127
837.400000000 21.6409 7.61719 0 0 0 -0.71456 0.699575
837.500000000 21.639 7.54222 0 0 0 -0.7151 0.699022
837.600000000 21.6369 7.46724 0 0 0 -0.715641 0.698469
837.700000000 21.6348 7.39227 0 0 0 -0.716181 0.697915
837.800000000 21.6326 7.31731 0 0 0 -0.71672 0.697361
837.900000000 21.6302 7.24234 0 0 0 -0.717259 0.696806
838.000000000 21.6277 7.16738 0 0 0 -0.717798 0.696252
838.100000000 21.6251 7.09243 0 0 0 -0.718336 0.695696
838.200000000 21.6224 7.01748 0 0 0 -0.718874 0.695141
838.300000000 21.6196 6.94253 0 0 0 -0.719411 0.694584
838.400000000 21.6166 6.86759 0 0 0 -0.719948 0.694028
838.500000000 21.6136 6.79265 0 0 0 -0.720484 0.693472
838.600000000 21.6104 6.71772 0 0 0 -0.72102 0.692914
838.700000000 21.6071 6.64279 0 0 0 -0.721555 0.692357
838.800000000 21.6037 6.56787 0 0 0 -0.72209 0.691799
838.900000000 21.6002 6.49295 0 0 0 -0.722625 0.69124
839.000000000 21.5972 6.41801 0 0 0 -0.72209 0.691799
839.100000000 21.5943 6.34306 0 0 0 -0.721555 0.692357
839.200000000 21.5915 6.26812 0 0 0 -0.721019 0.692915
839.300000000 21.5888 6.19316 0 0 0 -0.720483 0.693472
839.400000000 21.5863 6.11821 0 0 0 -0.719947 0.694029
839.500000000 21.5838 6.04324 0 0 0 -0.71941 0.694586
839.600000000 21.5815 5.96828 0 0 0 -0.718872 0.695142
839.700000000 21.5793 5.89331 0 0 0 -0.718335 0.695698
839.800000000 21.5772 5.81834 0 0 0 -0.717796 0.696253
839.900000000 21.5752 5.74337 0 0 0 -0.717258 0.696808
840.000000000 21.5734 5.66839 0 0 0 -0.716719 0.697362
840.100000000 21.5716 5.59341 0 0 0 -0.716179 0.697916
840.200000000 21.57 5.51843 0 0 0 -0.715639 0.69847
840.300000000 21.5685 5.44344 0 0 0 -0.715099 0.699023
840.400000000 21.5671 5.36845 0 0 0 -0.714558 0.699576
840.500000000 21.5658 5.29346 0 0 0 -0.714017 0.700128
840.600000000 21.5646 5.21847 0 0 0 -0.713475 0.70068
840.700000000 21.5636 5.14348 0 0 0 -0.712933 0.701232
840.800000000 21.5627 5.06849 0 0 0 -0.712391 0.701783
840.900000000 21.5619 4.99349 0 0 0 -0.711848 0.702334
841.000000000 21.5612 4.91849 0 0 0 -0.711305 0.702884
841.100000000 21.5606 4.84349 0 0 0 -0.710762 0.703433
841.200000000 21.5601 4.7685 0 0 0 -0.710217 0.703982
841.300000000 21.5594 4.6935 0 0 0 -0.710217 0.703982
841.400000000 21.5588 4.6185 0 0 0 -0.710217 0.703982
841.500000000 21.5581 4.5435 0 0 0 -0.710217 0.703982
841.600000000 21.5575 4.46851 0 0 0 -0.710217 0.703982
841.700000000 21.5568 4.39351 0 0 0 -0.710217 0.703982
841.800000000 21.5561 4.31851 0 0 0 -0.710217 0.703982
841.900000000 21.5555 4.24352 0 0 0 -0.710217 0.703982
842.000000000 21.5548 4.16852 0 0 0 -0.710217 0.703982
842.100000000 21.5541 4.09352 0 0 0 -0.710217 0.703982
842.200000000 21.5535 4.01852 0 0 0 -0.710217 0.703982
842.300000000 21.5525 3.94353 0 0 0 -0.710762 0.703433
842.400000000 21.5514 3.86854 0 0 0 -0.711305 0.702883
842.500000000 21.5502 3.79355 0 0 0 -0.711848 0.702334
842.600000000 21.5489 3.71856 0 0 0 -0.712391 0.701783
842.700000000 21.5475 3.64357 0 0 0 -0.712933 0.701232
842.800000000 21.5459 3.56859 0 0 0 -0.713475 0.70068
842.900000000 21.5443 3.49361 0 0 0 -0.714017 0.700128
843.000000000 21.5425 3.41863 0 0 0 -0.714558 0.699576
843.100000000 21.5406 3.34365 0 0 0 -0.715099 0.699023
843.200000000 21.5389 3.26867 0 0 0 -0.715099 0.699023
843.300000000 21.5372 3.19369 0 0 0 -0.715099 0.699023
843.400000000 21.5355 3.11871 0 0 0 -0.715099 0.699023
843.500000000 21.5338 3.04373 0 0 0 -0.715099 0.699023
843.600000000 21.5321 2.96875 0 0 0 -0.715099 0.699023
843.700000000 21.5303 2.89377 0 0 0 -0.715099 0.699023
843.800000000 21.5286 2.81879 0 0 0 -0.715099 0.699023
843.900000000 21.5269 2.7438 0 0 0 -0.715099 0.699023
844.000000000 21.5252 2.66882 0 0 0 -0.715099 0.699023
844.100000000 21.5235 2.59384 0 0 0 -0.715099 0.699023
844.200000000 21.5218 2.51886 0 0 0 -0.715099 0.699023
844.300000000 21.5201 2.44388 0 0 0 -0.715099 0.699023
844.400000000 21.5184 2.3689 0 0 0 -0.715099 0.699023
844.500000000 21.5167 2.29392 0 0 0 -0.715099 0.699023
844.600000000 21.515 2.21894 0 0 0 -0.715099 0.699023
844.700000000 21.5133 2.14396 0 0 0 -0.715099 0.699023
844.800000000 21.5116 2.06898 0 0 0 -0.715099 0.699023
844.900000000 21.5099 1.994 0 0 0 -0.715099 0.699023
845.000000000 21.5082 1.91902 0 0 0 -0.715099 0.699023
845.100000000 21.5016 1.84421 0 0 0 -0.723616 0.690202
845.200000000 21.4904 1.78693 0 0 0 -0.737977 0.674826
845.300000000 21.4761 1.73746 0 0 0 -0.754358 0.656464
845.400000000 21.4594 1.68957 0 0 0 -0.770532 0.637401
845.500000000 21.4402 1.64258 0 0 0 -0.786225 0.617941
845.600000000 21.4187 1.5966 0 0 0 -0.801426 0.598094
845.700000000 21.395 1.55175 0 0 0 -0.816126 0.577874
845.800000000 21.3691 1.50814 0 0 0 -0.830316 0.557292
845.900000000 21.341 1.46589 0 0 0 -0.843988 0.536362
846.000000000 21.3108 1.42509 0 0 0 -0.857132 0.515097
846.100000000 21.2786 1.38585 0 0 0 0.86974 -0.49351
846.200000000 21.2445 1.34827 0 0 0 0.881805 -0.471615
846.300000000 21.2022 1.29701 0 0 0 0.889638 -0.456666
846.400000000 21.1548 1.23874 0 0 0 0.894722 -0.446623
846.500000000 21.1064 1.18142 0 0 0 0.899467 -0.436988
846.600000000 21.0566 1.12515 0 0 0 0.904109 -0.427303
846.700000000 21.0057 1.06996 0 0 0 0.908646 -0.417568
846.800000000 20.9537 1.01588 0 0 0 0.913078 -0.407785
846.900000000 20.9004 0.962934 0 0 0 0.917405 -0.397955
847.000000000 20.8461 0.91114 0 0 0 0.921626 -0.388079
847.100000000 20.7906 0.860525 0 0 0 0.925741 -0.378158
847.200000000 20.7365 0.808658 0 0 0 0.92659 -0.376073
847.300000000 20.6823 0.756826 0 0 0 0.927162 -0.374661
847.400000000 20.6279 0.705159 0 0 0 0.927732 -0.373248
847.500000000 20.5734 0.653658 0 0 0 0.928299 -0.371834
847.600000000 20.5187 0.602324 0 0 0 0.928865 -0.37042
847.700000000 20.4638 0.551156 0 0 0 0.929428 -0.369004
847.800000000 20.4089 0.500156 0 0 0 0.929989 -0.367588
847.900000000 20.3537 0.449323 0 0 0 0.930548 -0.36617
848.000000000 20.2984 0.398659 0 0 0 0.931105 -0.364752
848.100000000 20.2429 0.348164 0 0 0 0.931659 -0.363334
848.200000000 20.188 0.297161 0 0 0 0.931378 -0.364054
848.300000000 20.133 0.246073 0 0 0 0.931096 -0.364774
848.400000000 20.0782 0.1949 0 0 0 0.930814 -0.365494
848.500000000 20.0235 0.143642 0 0 0 0.930531 -0.366214
848.600000000 19.9688 0.0923002 0 0 0 0.930247 -0.366933
848.700000000 19.9142 0.0408735 0 0 0 0.929963 -0.367652
848.800000000 19.8597 -0.0106375 0 0 0 0.929679 -0.368371
848.900000000 19.8053 -0.0622328 0 0 0 0.929394 -0.36909
849.000000000 19.7509 -0.113912 0 0 0 0.929108 -0.369809
849.100000000 19.6966 -0.165676 0 0 0 0.928822 -0.370527
849.200000000 19.6424 -0.217523 0 0 0 0.928535 -0.371245
849.300000000 19.5883 -0.269454 0 0 0 0.928247 -0.371963
849.400000000 19.5343 -0.321469 0 0 0 0.927959 -0.372681
849.500000000 19.4803 -0.373567 0 0 0 0.927671 -0.373399
849.600000000 19.4265 -0.425748 0 0 0 0.927382 -0.374116
849.700000000 19.3727 -0.478013 0 0 0 0.927092 -0.374833
849.800000000 19.319 -0.530361 0 0 0 0.926802 -0.37555
849.900000000 19.2653 -0.582792 0 0 0 0.926512 -0.376266
850.000000000 19.2118 -0.635306 0 0 0 0.92622 -0.376983
850.100000000 19.1593 -0.688912 0 0 0 0.924584 -0.380979
850.200000000 19.1073 -0.74297 0 0 0 0.92293 -0.384968
850.300000000 19.056 -0.797657 0 0 0 0.921005 -0.389551
850.400000000 19.005 -0.852671 0 0 0 0.919314 -0.393524
850.500000000 18.9546 -0.908302 0 0 0 0.917346 -0.39809
850.600000000 18.9049 -0.964431 0 0 0 0.915356 -0.402645
850.700000000 18.8557 -1.02105 0 0 0 0.913343 -0.407191
850.800000000 18.8557 -1.02105 0 0 0 0.913343 -0.407191
850.900000000 18.8557 -1.02105 0 0 0 0.913343 -0.407191
851.000000000 18.8557 -1.02105 0 0 0 0.913343 -0.407191
851.100000000 18.8557 -1.02105 0 0 0 0.913343 -0.407191
851.200000000 18.8557 -1.02105 0 0 0 0.913343 -0.407191
851.300000000 18.8557 -1.02105 0 0 0 0.913343 -0.407191
851.400000000 18.8557 -1.02105 0 0 0 0.913343 -0.407191
851.500000000 18.8557 -1.02105 0 0 0 0.913343 -0.407191
851.600000000 18.8557 -1.02105 0 0 0 0.913343 -0.407191
851.700000000 18.8557 -1.02105 0 0 0 0.913343 -0.407191
851.800000000 18.8557 -1.02105 0 0 0 0.913343 -0.407191
851.900000000 18.8557 -1.02105 0 0 0 0.913343 -0.407191
852.000000000 18.8557 -1.02105 0 0 0 0.913343 -0.407191
852.100000000 18.8557 -1.02105 0 0 0 0.913343 -0.407191
852.200000000 18.8557 -1.02105 0 0 0 0.913343 -0.407191
852.300000000 18.8557 -1.02105 0 0 0 0.913343 -0.407191
852.400000000 18.8557 -1.02105 0 0 0 0.913343 -0.407191
852.500000000 18.8557 -1.02105 0 0 0 0.913343 -0.407191
852.600000000 18.8557 -1.02105 0 0 0 0.913343 -0.407191
852.700000000 18.8557 -1.02105 0 0 0 0.913343 -0.407191
852.800000000 18.8557 -1.02105 0 0 0 0.913343 -0.407191
852.900000000 18.8557 -1.02105 0 0 0 0.913343 -0.407191
853.000000000 18.8557 -1.02105 0 0 0 0.913343 -0.407191
853.100000000 18.8557 -1.02105 0 0 0 0.913343 -0.407191
853.200000000 18.8557 -1.02105 0 0 0 0.913343 -0.407191
853.300000000 18.8557 -1.02105 0 0 0 0.913343 -0.407191
853.400000000 18.8557 -1.02105 0 0 0 0.913343 -0.407191
853.500000000 18.8557 -1.02105 0 0 0 0.913343 -0.407191
853.600000000 18.8557 -1.02105 0 0 0 0.913343 -0.407191
853.700000000 18.8557 -1.02105 0 0 0 0.913343 -0.407191
853.800000000 18.8557 -1.02105 0 0 0 0.913343 -0.407191
853.900000000 18.8557 -1.02105 0 0 0 0.913343 -0.407191
854.000000000 18.8557 -1.02105 0 0 0 0.913343 -0.407191
854.100000000 18.8557 -1.02105 0 0 0 0.913343 -0.407191
854.200000000 18.8557 -1.02105 0 0 0 0.913343 -0.407191
854.300000000 18.8557 -1.02105 0 0 0 0.913343 -0.407191
854.400000000 18.8557 -1.02105 0 0 0 0.913343 -0.407191
854.500000000 18.8557 -1.02105 0 0 0 0.913343 -0.407191
854.600000000 18.8557 -1.02105 0 0 0 0.913343 -0.407191
854.700000000 18.8557 -1.02105 0 0 0 0.913343 -0.407191
854.800000000 18.8557 -1.02105 0 0 0 0.913343 -0.407191
854.900000000 18.8557 -1.02105 0 0 0 0.913343 -0.407191
855.000000000 18.8557 -1.02105 0 0 0 0.913343 -0.407191
855.100000000 18.8557 -1.02105 0 0 0 0.913343 -0.407191
855.200000000 18.8557 -1.02105 0 0 0 0.913343 -0.407191
855.300000000 18.8557 -1.02105 0 0 0 0.913343 -0.407191
855.400000000 18.8557 -1.02105 0 0 0 0.913343 -0.407191
855.500000000 18.8557 -1.02105 0 0 0 0.913343 -0.407191
855.600000000 18.8557 -1.02105 0 0 0 0.913343 -0.407191
855.700000000 18.8557 -1.02105 0 0 0 0.913343 -0.407191
855.800000000 18.8557 -1.02105 0 0 0 0.913343 -0.407191
855.900000000 18.8557 -1.02105 0 0 0 0.913343 -0.407191
856.000000000 18.8557 -1.02105 0 0 0 0.913343 -0.407191
856.100000000 18.8557 -1.02105 0 0 0 0.913343 -0.407191
856.200000000 18.8557 -1.02105 0 0 0 0.913343 -0.407191
856.300000000 18.8557 -1.02105 0 0 0 0.913343 -0.407191
856.400000000 18.8557 -1.02105 0 0 0 0.913343 -0.407191
856.500000000 18.8557 -1.02105 0 0 0 0.913343 -0.407191
856.600000000 18.8557 -1.02105 0 0 0 0.913343 -0.407191
856.700000000 18.8557 -1.02105 0 0 0 0.913343 -0.407191
856.800000000 18.8557 -1.02105 0 0 0 0.913343 -0.407191
856.900000000 18.8557 -1.02105 0 0 0 0.913343 -0.407191
857.000000000 18.8557 -1.02105 0 0 0 0.913343 -0.407191
857.100000000 18.8557 -1.02105 0 0 0 0.913343 -0.407191
857.200000000 18.8557 -1.02105 0 0 0 0.913343 -0.407191
857.300000000 18.8557 -1.02105 0 0 0 0.913343 -0.407191
857.400000000 18.8557 -1.02105 0 0 0 0.913343 -0.407191
857.500000000 18.8557 -1.02105 0 0 0 0.913343 -0.407191
857.600000000 18.8557 -1.02105 0 0 0 0.913343 -0.407191
857.700000000 18.8557 -1.02105 0 0 0 0.913343 -0.407191
857.800000000 18.8557 -1.02105 0 0 0 0.913343 -0.407191
857.900000000 18.8557 -1.02105 0 0 0 0.913343 -0.407191
858.000000000 18.8557 -1.02105 0 0 0 0.913343 -0.407191
858.100000000 18.8557 -1.02105 0 0 0 0.913343 -0.407191
858.200000000 18.8557 -1.02105 0 0 0 0.913343 -0.407191
858.300000000 18.8557 -1.02105 0 0 0 0.913343 -0.407191
858.400000000 18.8557 -1.02105 0 0 0 0.913343 -0.407191
858.500000000 18.8557 -1.02105 0 0 0 0.913343 -0.407191
858.600000000 18.8557 -1.02105 0 0 0 0.913343 -0.407191
858.700000000 18.8557 -1.02105 0 0 0 0.913343 -0.407191
858.800000000 18.8557 -1.02105 0 0 0 0.913343 -0.407191
858.900000000 18.8557 -1.02105 0 0 0 0.913343 -0.407191
859.000000000 18.8557 -1.02105 0 0 0 0.913343 -0.407191
859.100000000 18.8557 -1.02105 0 0 0 0.913343 -0.407191
859.200000000 18.8557 -1.02105 0 0 0 0.913343 -0.407191
859.300000000 18.8557 -1.02105 0 0 0 0.913343 -0.407191
859.400000000 18.8557 -1.02105 0 0 0 0.913343 -0.407191
859.500000000 18.8557 -1.02105 0 0 0 0.913343 -0.407191
859.600000000 18.8557 -1.02105 0 0 0 0.913343 -0.407191
859.700000000 18.8557 -1.02105 0 0 0 0.913343 -0.407191
859.800000000 18.8557 -1.02105 0 0 0 0.913343 -0.407191
859.900000000 18.8557 -1.02105 0 0 0 0.913343 -0.407191
860.000000000 18.8557 -1.02105 0 0 0 0.913343 -0.407191
860.100000000 18.8557 -1.02105 0 0 0 0.913343 -0.407191
860.200000000 18.8557 -1.02105 0 0 0 0.913343 -0.407191
860.300000000 18.8557 -1.02105 0 0 0 0.913343 -0.407191
860.400000000 18.8557 -1.02105 0 0 0 0.913343 -0.407191
860.500000000 18.8557 -1.02105 0 0 0 0.913343 -0.407191
