[WARN] [1788234769.784166584]: The root link base_link has an inertia specified in the URDF, but KDL does not support a root link with an inertia.  As a workaround, you can add an extra dummy link to your URDF.
0x5591b4b83970
[INFO] [1788234769.812443690]: Inititialized robot 1, starting to map now.
Create multimapper!!
concorde -s 21004 /tmp/tmploi9eu4o/problem.tsp
Host: msxg  Current process id: 114911
Using random seed 21004
Number of Nodes: 78
Explicit Lengths (CC_MATRIXNORM)
Set initial upperbound to 8444 (from tour)
ERROR: No dual change in basis finding code
Did not find a basic optimal solution
Fractional matching routine failed
Warning: restarting running timer Miscellaneous
No warmstart, stumbling on anyway
Basic dual change required, but no candidate edges
  LP Value  1: 8406.000000  (0.00 seconds)
  LP Value  2: 8451.000000  (0.01 seconds)
New lower bound: 8424.000000
  LP Value  1: 8444.000000  (0.01 seconds)
recomputing rownorms ...
  LP Value  2: 8444.000000  (0.01 seconds)
New lower bound: 8444.000000
Final lower bound 8444.000000, upper bound 8444.000000
Exact lower bound: 8444.000000
DIFF: 0.000000
Final LP has 95 rows, 170 columns, 459 nonzeros
Optimal Solution: 8444.00
Number of bbnodes: 1
Total Running Time: 0.04 (seconds)
[WARN] [1788234771.347572063, 0.400000000]: local_map: Parameter "plugins" not provided, loading pre-Hydro parameters
[INFO] [1788234771.432395075, 0.400000000]: PHASE2C_KEYSCAN_ACCEPTED unique_id=0 state_id=0 sim_time=0.300000
Warning: Warning: TF_REPEATED_DATA ignoring data with redundant timestamp for frame odom (parent offset) at time 0.400000 according to authority unknown_publisherTF_REPEATED_DATA ignoring data with redundant timestamp for frame odom (parent offset) at time 0.400000 according to authority unknown_publisher

         at line          at line 277277 in  in /tmp/binarydeb/ros-noetic-tf2-0.7.10/src/buffer_core.cpp/tmp/binarydeb/ros-noetic-tf2-0.7.10/src/buffer_core.cpp

Warning: TF_REPEATED_DATA ignoring data with redundant timestamp for frame offset (parent map) at time 0.400000 according to authority unknown_publisher
         at line 277 in Warning: /tmp/binarydeb/ros-noetic-tf2-0.7.10/src/buffer_core.cppTF_REPEATED_DATA ignoring data with redundant timestamp for frame offset (parent map) at time 0.400000 according to authority unknown_publisher

         at line 277 in /tmp/binarydeb/ros-noetic-tf2-0.7.10/src/buffer_core.cpp
Warning: TF_REPEATED_DATA ignoring data with redundant timestamp for frame odom (parent offset) at time 0.400000 according to authority unknown_publisher
         at line 277 in /tmp/binarydeb/ros-noetic-tf2-0.7.10/src/buffer_core.cpp
Warning: TF_REPEATED_DATA ignoring data with redundant timestamp for frame offset (parent map) at time 0.400000 according to authority unknown_publisher
         at line 277 in /tmp/binarydeb/ros-noetic-tf2-0.7.10/src/buffer_core.cpp
[INFO] [1788234769.831358549]: Waiting for prior_graph_service ...
[INFO] [1788234769.832009400]: waitForService: Service [/prior_graph_service] has not been advertised, waiting...
[INFO] [1788234770.508814894]: waitForService: Service [/prior_graph_service] is now available.
[INFO] [1788234770.514100369]: Receive response of service prior_graph_service.
[INFO] [1788234770.514939253]: Load prior_map.
[INFO] [1788234770.514976906]: Publishing prior graph......
[INFO] [1788234770.515386338]: Draw prior_map in RVIZ.
[INFO] [1788234770.515399802]: Waiting for path_plan_service ...
[INFO] [1788234770.526370980]: Receive tsp path: 20 37 17 12 17 16 15 14 15 13 17 11 18 10 36 9 36 8 0 35 1 35 6 19 38 20 38 26 21 23 21 22 21 24 21 25 27 31 32 29 32 30 32 28 33 38 33 7 5 4 3 34 2 35
[INFO] [1788234770.526423718]: Receive loop index: 0 0 0 0 0 0 0 0 0 0 0 0 0 0 0 0 0 0 0 0 0 0 0 0 0 1 0 0 0 0 0 0 0 0 0 0 0 0 0 0 0 0 0 0 0 1 0 0 0 0 0 0 0 1
[INFO] [1788234770.526430877]: Waiting for reliable_loop_service ...
[INFO] [1788234770.526828399]: reliable_loop_service is available.
[INFO] [1788234770.527129299]: MyPlanner is initialized and running!!
[INFO] [1788234770.527155649]: Successfully loaded exploration strategy [MyPlanner].
Warning: TF_REPEATED_DATA ignoring data with redundant timestamp for frame odom (parent offset) at time 0.400000 according to authority unknown_publisher
         at line 277 in /tmp/binarydeb/ros-noetic-tf2-0.7.10/src/buffer_core.cpp
Warning: TF_REPEATED_DATA ignoring data with redundant timestamp for frame offset (parent map) at time 0.400000 according to authority unknown_publisher
         at line 277 in /tmp/binarydeb/ros-noetic-tf2-0.7.10/src/buffer_core.cpp
[WARN] [1788234771.434207923, 0.400000000]: TF_REPEATED_DATA ignoring data with redundant timestamp for frame odom (parent offset) at time 0.400000 according to authority unknown_publisher
[WARN] [1788234771.434246379, 0.400000000]: TF_REPEATED_DATA ignoring data with redundant timestamp for frame offset (parent map) at time 0.400000 according to authority unknown_publisher
[WARN] [1788234788.477370574, 17.500000000]: No frontier at vertex 20. #Frontier: 0
concorde /tmp/tmppo8grhsw/problem.tsp
Host: msxg  Current process id: 115878
Using random seed 1788234789
Number of Nodes: 40
Explicit Lengths (CC_MATRIXNORM)
Set initial upperbound to 1517 (from tour)
ERROR: No dual change in basis finding code
Did not find a basic optimal solution
Fractional matching routine failed
Warning: restarting running timer Miscellaneous
No warmstart, stumbling on anyway
Basic dual change required, but no candidate edges
  LP Value  1: 1492.000000  (0.00 seconds)
  LP Value  2: 1517.000000  (0.00 seconds)
New lower bound: 1517.000000
Final lower bound 1517.000000, upper bound 1517.000000
Exact lower bound: 1517.000000
DIFF: 0.000000
Final LP has 45 rows, 83 columns, 219 nonzeros
Optimal Solution: 1517.00
Number of bbnodes: 1
Total Running Time: 0.01 (seconds)
[INFO] [1788234770.331931, 0.000000]: PHASE3A_ORACLE_ENABLED mode=2 before=8 after=8 densify_m=0.500
[INFO] [1788234770.332859, 0.000000]: PHASE4A_SELECTIVE_ENABLED span_gate=4.00 max_len=12.0 max_wp=24 densify=0.50 dir_lambda=1.00
/home/wcqw/ac-slam/catkin_ws/src/cpp_solver/world/map8/map8.xml
86.8
True
Drawio scale: 0.0811214953271028
[INFO] [1788234770.334480, 0.000000]: Build prior map with 39 vertices.
[INFO] [1788234770.335378, 0.000000]: Build prior map.
[INFO] [1788234770.344311, 0.000000]: prior_map_save_path: /home/wcqw/ac-slam/catkin_ws/src/cpp_solver/results/prior_map_Phase4C_map8_seed21004_C_attempt_01.pickle
Robot position: (0.0, 0.0)
10: 1038.6988603022098,(x, y) = (-8.11214953271028, 31.19121495327103)
11: 983.4210054677264,(x, y) = (3.244859813084112, 31.19121495327103)
Original tsp path is better!
tsp_path VS full_tsp_path:
[20, 37, 17, 12, 16, 15, 14, 13, 11, 18, 10, 9, 36, 8, 0, 1, 35, 6, 19, 38, 26, 21, 23, 22, 24, 25, 27, 31, 29, 32, 30, 28, 33, 7, 5, 4, 3, 34, 2]
[20, 37, 17, 12, 17, 16, 15, 14, 15, 13, 17, 11, 18, 10, 36, 9, 36, 8, 0, 35, 1, 35, 6, 19, 38, 26, 21, 23, 21, 22, 21, 24, 21, 25, 27, 31, 32, 29, 32, 30, 32, 28, 33, 7, 5, 4, 3, 34, 2]
[INFO] [1788234770.402727, 0.000000]: TSP_RECORD {"full_tsp_path": [20, 37, 17, 12, 17, 16, 15, 14, 15, 13, 17, 11, 18, 10, 36, 9, 36, 8, 0, 35, 1, 35, 6, 19, 38, 26, 21, 23, 21, 22, 21, 24, 21, 25, 27, 31, 32, 29, 32, 30, 32, 28, 33, 7, 5, 4, 3, 34, 2], "initial_tsp_path": [20, 37, 17, 12, 16, 15, 14, 13, 11, 18, 10, 9, 36, 8, 0, 1, 35, 6, 19, 38, 26, 21, 23, 22, 24, 25, 27, 31, 29, 32, 30, 28, 33, 7, 5, 4, 3, 34, 2], "predicted_full_tsp_length": 581.3749220957066, "predicted_tsp_length": 581.3749220957064, "seed": 21004, "solver": "concorde"}
[INFO] [1788234770.403571, 0.000000]: tsp_record_path: /home/wcqw/ac-slam/catkin_ws/src/cpp_solver/results/tsp_record_Phase4C_map8_seed21004_C_attempt_01.json
[INFO] [1788234770.404294, 0.000000]: Find initial tsp path.
tsp_d_opt: 48.14047273026632, tsp_dist: 581.3749220957066
current idx: 0 / 48
max_candidate_dist: 52.67545007187252
Iter <built-in function iter>: 0 / 49
Iter <built-in function iter>: 20 / 49
Iter <built-in function iter>: 40 / 49
#candidates: 93
current obj: 0.08498515476028107, resistance: 1.0698288338377977, dis_incre: 1.0423781168819637 tsp_obj: 0.08280452234976414
Optimization ratio: 1.0
No candidate is better than current_d_opt. Iteration stops.
#Add edges: 3, [(20, 38), (38, 33), (35, 2)]
Time cost: 0.05s for best one; 0.05s for all.
  
optimized tsp path: [20, 37, 17, 12, 17, 16, 15, 14, 15, 13, 17, 11, 18, 10, 36, 9, 36, 8, 0, 35, 1, 35, 6, 19, 38, 20, 38, 26, 21, 23, 21, 22, 21, 24, 21, 25, 27, 31, 32, 29, 32, 30, 32, 28, 33, 38, 33, 7, 5, 4, 3, 34, 2, 35]
non-optimized tsp path: [20, 37, 17, 12, 17, 16, 15, 14, 15, 13, 17, 11, 18, 10, 36, 9, 36, 8, 0, 35, 1, 35, 6, 19, 38, 26, 21, 23, 21, 22, 21, 24, 21, 25, 27, 31, 32, 29, 32, 30, 32, 28, 33, 7, 5, 4, 3, 34, 2]
[INFO] [1788234770.500726, 0.000000]: Find modified curr_path and loop index
[INFO] [1788234770.506121, 0.000000]: g2o_save_path: /home/wcqw/ac-slam/catkin_ws/src/cpp_solver/results/graph_Phase4C_map8_seed21004_C_attempt_01.g2o
[INFO] [1788234770.521659, 0.000000]: Replanning request. curr_vertex_idx: 0
[INFO] [1788234770.522758, 0.000000]:                     covered_vertices: ()
[INFO] [1788234770.523762, 0.000000]: Handle local replanning...
[INFO] [1788234770.524746, 0.000000]: curr path length: 54, is_loop length: 54
[INFO] [1788234770.525453, 0.000000]: Send new plan: 20  ---> 37 17 12 17 16 15 14 15 13 17 11 18 10 36 9 36 8 0 35 1 35 6 19 38 20(L) 38 26 21 23 21 22 21 24 21 25 27 31 32 29 32 30 32 28 33 38(L) 33 7 5 4 3 34 2 35(L) 
[INFO] [1788234771.433977, 0.400000]: Really visited vertices: 
[INFO] [1788234776.667139, 5.700000]: Really visited vertices: 
[INFO] [1788234784.366813, 13.400000]: Really visited vertices: 20 
[INFO] [1788234788.474041, 17.500000]: Replanning request. curr_vertex_idx: 0
[INFO] [1788234788.474965, 17.500000]:                     covered_vertices: ()
[INFO] [1788234788.475540, 17.500000]: Handle local replanning...
[INFO] [1788234788.476100, 17.500000]: curr path length: 54, is_loop length: 54
[INFO] [1788234788.476608, 17.500000]: Send new plan: 20  ---> 37 17 12 17 16 15 14 15 13 17 11 18 10 36 9 36 8 0 35 1 35 6 19 38 20(L) 38 26 21 23 21 22 21 24 21 25 27 31 32 29 32 30 32 28 33 38(L) 33 7 5 4 3 34 2 35(L) 
[INFO] [1788234789.480292, 18.500000]: Replanning request. curr_vertex_idx: 1
[INFO] [1788234789.481205, 18.500000]:                     covered_vertices: ()
[INFO] [1788234789.481842, 18.500000]: Handle local replanning...
[INFO] [1788234789.482331, 18.500000]: Local path to replan: [37, 17, 12, 16, 15, 14, 13, 11, 18, 10, 36, 9, 8, 0, 35, 1, 6, 19, 38, 20]
Reverse tsp path is better!
concorde /tmp/tmpvo0yfwd7/problem.tsp
Host: msxg  Current process id: 115945
Using random seed 1788234795
Number of Nodes: 40
Explicit Lengths (CC_MATRIXNORM)
Set initial upperbound to 1517 (from tour)
ERROR: No dual change in basis finding code
Did not find a basic optimal solution
Fractional matching routine failed
Warning: restarting running timer Miscellaneous
No warmstart, stumbling on anyway
Basic dual change required, but no candidate edges
  LP Value  1: 1470.000000  (0.00 seconds)
  LP Value  2: 1517.000000  (0.00 seconds)
New lower bound: 1517.000000
Final lower bound 1517.000000, upper bound 1517.000000
Exact lower bound: 1517.000000
DIFF: 0.000000
Final LP has 47 rows, 95 columns, 261 nonzeros
Optimal Solution: 1517.00
Number of bbnodes: 1
Total Running Time: 0.01 (seconds)
[[ 0.         12.98577532 21.34758767 26.09135397 31.36172117 44.01667444
  28.78365283 23.60153889 38.21151795 51.5005956  41.40676732 48.0962172
  55.91822156 49.97207257 39.05829157 47.52762433 26.78238177 37.0369123
  25.05260121 12.73381401]
 [12.98577532  0.          8.36181234 13.10557865 28.11327453 40.7682278
  15.79787751 10.61576357 25.22574263 38.51482028 50.89747913 57.586929
  65.40893337 62.9578479  52.04406689 60.51339965 39.7681571  45.03351222
  38.03837654 25.71958934]
 [21.34758767  8.36181234  0.         21.467391   36.47508688 49.13004015
  24.15968986 18.97757591 33.58755497 46.87663262 59.25929147 65.94874135
  73.77074571 71.31966024 60.40587924 68.875212   48.12996944 53.39532456
  46.40018888 34.08140168]
 [26.09135397 13.10557865 21.467391    0.         15.00769588 27.66264915
  28.90345616 23.72134222 38.33132128 51.62039893 64.00305778 70.69250765
  78.51451202 76.06342655 65.14964555 73.6189783  52.87373575 58.13909087
  51.14395519 38.82516799]
 [31.36172117 28.11327453 36.47508688 15.00769588  0.         12.65495327
  18.42029637 38.7290381  53.33901716 66.62809481 72.76848849 79.45793837
  87.27994273 81.33379375 70.42001275 78.8893455  58.14410295 68.39863347
  56.41432239 44.09553519]
 [44.01667444 40.7682278  49.13004015 27.66264915 12.65495327  0.
  31.07524964 51.38399138 65.99397043 79.28304808 85.42344176 92.11289164
  99.934896   93.98874702 83.07496602 91.54429877 70.79905622 81.05358674
  69.06927566 56.75048846]
 [28.78365283 15.79787751 24.15968986 28.90345616 18.42029637 31.07524964
   0.         26.41364108 41.02362014 54.31269779 66.69535664 73.38480651
  81.20681088 78.75572541 67.84194441 76.31127716 55.56603461 60.83138973
  53.83625405 41.51746685]
 [23.60153889 10.61576357 18.97757591 23.72134222 38.7290381  51.38399138
  26.41364108  0.         14.60997906 27.89905671 40.28171556 46.97116543
  54.7931698  55.37066814 44.45688714 52.92621989 32.18097734 34.41774865
  46.40205973 36.33535291]
 [38.21151795 25.22574263 33.58755497 38.33132128 53.33901716 65.99397043
  41.02362014 14.60997906  0.         13.28907765 25.6717365  32.36118638
  40.18319074 40.76068908 29.84690808 38.31624084 17.57099828 19.80776959
  31.79208067 44.11086787]
 [51.5005956  38.51482028 46.87663262 51.62039893 66.62809481 79.28304808
  54.31269779 27.89905671 13.28907765  0.         12.38265885 19.07210872
  26.89411309 41.51849864 39.2829542  47.75228695 27.0070444  33.09684724
  45.08115832 57.39994552]
 [41.40676732 50.89747913 59.25929147 64.00305778 72.76848849 85.42344176
  66.69535664 40.28171556 25.6717365  12.38265885  0.          6.68944987
  14.51145424 29.13583979 26.90029535 35.3696281  14.62438555 30.40142152
  42.38573261 54.14058133]
 [48.0962172  57.586929   65.94874135 70.69250765 79.45793837 92.11289164
  73.38480651 46.97116543 32.36118638 19.07210872  6.68944987  0.
  21.20090411 35.82528966 33.58974522 42.05907798 21.31383542 37.0908714
  49.07518248 60.83003121]
 [55.91822156 65.40893337 73.77074571 78.51451202 87.27994273 99.934896
  81.20681088 54.7931698  40.18319074 26.89411309 14.51145424 21.20090411
   0.         14.62438555 19.46915888 27.93849164 29.13583979 44.91287576
  56.89718684 68.65203557]
 [49.97207257 62.9578479  71.31966024 76.06342655 81.33379375 93.98874702
  78.75572541 55.37066814 40.76068908 41.51849864 29.13583979 35.82528966
  14.62438555  0.         10.913781   19.38311376 23.1896908  38.96672678
  50.95103786 62.70588659]
 [39.05829157 52.04406689 60.40587924 65.14964555 70.42001275 83.07496602
  67.84194441 44.45688714 29.84690808 39.2829542  26.90029535 33.58974522
  19.46915888 10.913781    0.          8.46933276 12.2759098  28.05294577
  40.03725686 51.79210559]
 [47.52762433 60.51339965 68.875212   73.6189783  78.8893455  91.54429877
  76.31127716 52.92621989 38.31624084 47.75228695 35.3696281  42.05907798
  27.93849164 19.38311376  8.46933276  0.         20.74524256 36.52227853
  48.50658961 60.26143834]
 [26.78238177 39.7681571  48.12996944 52.87373575 58.14410295 70.79905622
  55.56603461 32.18097734 17.57099828 27.0070444  14.62438555 21.31383542
  29.13583979 23.1896908  12.2759098  20.74524256  0.         15.77703598
  27.76134706 39.51619579]
 [37.0369123  45.03351222 53.39532456 58.13909087 68.39863347 81.05358674
  60.83138973 34.41774865 19.80776959 33.09684724 30.40142152 37.0908714
  44.91287576 38.96672678 28.05294577 36.52227853 15.77703598  0.
  11.98431108 24.30309828]
 [25.05260121 38.03837654 46.40018888 51.14395519 56.41432239 69.06927566
  53.83625405 46.40205973 31.79208067 45.08115832 42.38573261 49.07518248
  56.89718684 50.95103786 40.03725686 48.50658961 27.76134706 11.98431108
   0.         12.3187872 ]
 [12.73381401 25.71958934 34.08140168 38.82516799 44.09553519 56.75048846
  41.51746685 36.33535291 44.11086787 57.39994552 54.14058133 60.83003121
  68.65203557 62.70588659 51.79210559 60.26143834 39.51619579 24.30309828
  12.3187872   0.        ]]
[INFO] [1788234789.506003, 18.500000]: curr path length: 54, is_loop length: 54
[INFO] [1788234789.507110, 18.500000]: Send new plan: 20 37  ---> 17 12 17 16 15 14 15 13 17 11 18 10 36 9 36 8 0 35 1 35 6 19 38 20(L) 38 26 21 23 21 22 21 24 21 25 27 31 32 29 32 30 32 28 33 38(L) 33 7 5 4 3 34 2 35(L) 
[INFO] [1788234795.176670, 24.200000]: Really visited vertices: 20 
[INFO] [1788234795.485257, 24.500000]: Replanning request. curr_vertex_idx: 1
[INFO] [1788234795.486300, 24.500000]:                     covered_vertices: ()
[INFO] [1788234795.487163, 24.500000]: Handle local replanning...
[INFO] [1788234795.487847, 24.500000]: Local path to replan: [37, 17, 12, 16, 15, 14, 13, 11, 18, 10, 36, 9, 8, 0, 35, 1, 6, 19, 38, 20]
Original tsp path is better!
concorde /tmp/tmp6dllcg2u/problem.tsp
Host: msxg  Current process id: 116007
Using random seed 1788234801
Number of Nodes: 40
Explicit Lengths (CC_MATRIXNORM)
Set initial upperbound to 1517 (from tour)
ERROR: No dual change in basis finding code
Did not find a basic optimal solution
Fractional matching routine failed
Warning: restarting running timer Miscellaneous
No warmstart, stumbling on anyway
Basic dual change required, but no candidate edges
  LP Value  1: 1492.000000  (0.00 seconds)
  LP Value  2: 1517.000000  (0.00 seconds)
New lower bound: 1517.000000
Final lower bound 1517.000000, upper bound 1517.000000
Exact lower bound: 1517.000000
DIFF: 0.000000
Final LP has 46 rows, 84 columns, 219 nonzeros
Optimal Solution: 1517.00
Number of bbnodes: 1
Total Running Time: 0.01 (seconds)
[[ 0.         12.98577532 21.34758767 26.09135397 31.36172117 44.01667444
  28.78365283 23.60153889 38.21151795 51.5005956  41.40676732 48.0962172
  55.91822156 49.97207257 39.05829157 47.52762433 26.78238177 37.0369123
  25.05260121 12.73381401]
 [12.98577532  0.          8.36181234 13.10557865 28.11327453 40.7682278
  15.79787751 10.61576357 25.22574263 38.51482028 50.89747913 57.586929
  65.40893337 62.9578479  52.04406689 60.51339965 39.7681571  45.03351222
  38.03837654 25.71958934]
 [21.34758767  8.36181234  0.         21.467391   36.47508688 49.13004015
  24.15968986 18.97757591 33.58755497 46.87663262 59.25929147 65.94874135
  73.77074571 71.31966024 60.40587924 68.875212   48.12996944 53.39532456
  46.40018888 34.08140168]
 [26.09135397 13.10557865 21.467391    0.         15.00769588 27.66264915
  28.90345616 23.72134222 38.33132128 51.62039893 64.00305778 70.69250765
  78.51451202 76.06342655 65.14964555 73.6189783  52.87373575 58.13909087
  51.14395519 38.82516799]
 [31.36172117 28.11327453 36.47508688 15.00769588  0.         12.65495327
  18.42029637 38.7290381  53.33901716 66.62809481 72.76848849 79.45793837
  87.27994273 81.33379375 70.42001275 78.8893455  58.14410295 68.39863347
  56.41432239 44.09553519]
 [44.01667444 40.7682278  49.13004015 27.66264915 12.65495327  0.
  31.07524964 51.38399138 65.99397043 79.28304808 85.42344176 92.11289164
  99.934896   93.98874702 83.07496602 91.54429877 70.79905622 81.05358674
  69.06927566 56.75048846]
 [28.78365283 15.79787751 24.15968986 28.90345616 18.42029637 31.07524964
   0.         26.41364108 41.02362014 54.31269779 66.69535664 73.38480651
  81.20681088 78.75572541 67.84194441 76.31127716 55.56603461 60.83138973
  53.83625405 41.51746685]
 [23.60153889 10.61576357 18.97757591 23.72134222 38.7290381  51.38399138
  26.41364108  0.         14.60997906 27.89905671 40.28171556 46.97116543
  54.7931698  55.37066814 44.45688714 52.92621989 32.18097734 34.41774865
  46.40205973 36.33535291]
 [38.21151795 25.22574263 33.58755497 38.33132128 53.33901716 65.99397043
  41.02362014 14.60997906  0.         13.28907765 25.6717365  32.36118638
  40.18319074 40.76068908 29.84690808 38.31624084 17.57099828 19.80776959
  31.79208067 44.11086787]
 [51.5005956  38.51482028 46.87663262 51.62039893 66.62809481 79.28304808
  54.31269779 27.89905671 13.28907765  0.         12.38265885 19.07210872
  26.89411309 41.51849864 39.2829542  47.75228695 27.0070444  33.09684724
  45.08115832 57.39994552]
 [41.40676732 50.89747913 59.25929147 64.00305778 72.76848849 85.42344176
  66.69535664 40.28171556 25.6717365  12.38265885  0.          6.68944987
  14.51145424 29.13583979 26.90029535 35.3696281  14.62438555 30.40142152
  42.38573261 54.14058133]
 [48.0962172  57.586929   65.94874135 70.69250765 79.45793837 92.11289164
  73.38480651 46.97116543 32.36118638 19.07210872  6.68944987  0.
  21.20090411 35.82528966 33.58974522 42.05907798 21.31383542 37.0908714
  49.07518248 60.83003121]
 [55.91822156 65.40893337 73.77074571 78.51451202 87.27994273 99.934896
  81.20681088 54.7931698  40.18319074 26.89411309 14.51145424 21.20090411
   0.         14.62438555 19.46915888 27.93849164 29.13583979 44.91287576
  56.89718684 68.65203557]
 [49.97207257 62.9578479  71.31966024 76.06342655 81.33379375 93.98874702
  78.75572541 55.37066814 40.76068908 41.51849864 29.13583979 35.82528966
  14.62438555  0.         10.913781   19.38311376 23.1896908  38.96672678
  50.95103786 62.70588659]
 [39.05829157 52.04406689 60.40587924 65.14964555 70.42001275 83.07496602
  67.84194441 44.45688714 29.84690808 39.2829542  26.90029535 33.58974522
  19.46915888 10.913781    0.          8.46933276 12.2759098  28.05294577
  40.03725686 51.79210559]
 [47.52762433 60.51339965 68.875212   73.6189783  78.8893455  91.54429877
  76.31127716 52.92621989 38.31624084 47.75228695 35.3696281  42.05907798
  27.93849164 19.38311376  8.46933276  0.         20.74524256 36.52227853
  48.50658961 60.26143834]
 [26.78238177 39.7681571  48.12996944 52.87373575 58.14410295 70.79905622
  55.56603461 32.18097734 17.57099828 27.0070444  14.62438555 21.31383542
  29.13583979 23.1896908  12.2759098  20.74524256  0.         15.77703598
  27.76134706 39.51619579]
 [37.0369123  45.03351222 53.39532456 58.13909087 68.39863347 81.05358674
  60.83138973 34.41774865 19.80776959 33.09684724 30.40142152 37.0908714
  44.91287576 38.96672678 28.05294577 36.52227853 15.77703598  0.
  11.98431108 24.30309828]
 [25.05260121 38.03837654 46.40018888 51.14395519 56.41432239 69.06927566
  53.83625405 46.40205973 31.79208067 45.08115832 42.38573261 49.07518248
  56.89718684 50.95103786 40.03725686 48.50658961 27.76134706 11.98431108
   0.         12.3187872 ]
 [12.73381401 25.71958934 34.08140168 38.82516799 44.09553519 56.75048846
  41.51746685 36.33535291 44.11086787 57.39994552 54.14058133 60.83003121
  68.65203557 62.70588659 51.79210559 60.26143834 39.51619579 24.30309828
  12.3187872   0.        ]]
[INFO] [1788234795.511438, 24.500000]: curr path length: 54, is_loop length: 54
[INFO] [1788234795.512692, 24.500000]: Send new plan: 20 37  ---> 17 12 17 16 15 14 15 13 17 11 18 10 36 9 36 8 0 35 1 35 6 19 38 20(L) 38 26 21 23 21 22 21 24 21 25 27 31 32 29 32 30 32 28 33 38(L) 33 7 5 4 3 34 2 35(L) 
[INFO] [1788234800.473464, 29.500000]: Really visited vertices: 20 37 
[INFO] [1788234801.516275, 30.500000]: Replanning request. curr_vertex_idx: 1
[INFO] [1788234801.517189, 30.500000]:                     covered_vertices: ()
[INFO] [1788234801.517949, 30.500000]: Handle local replanning...
[INFO] [1788234801.518582, 30.500000]: Local path to replan: [37, 17, 12, 16, 15, 14, 13, 11, 18, 10, 36, 9, 8, 0, 35, 1, 6, 19, 38, 20]
Original tsp path is better!
concorde /tmp/tmpv80wkrn7/problem.tsp
Host: msxg  Current process id: 116066
Using random seed 1788234806
Number of Nodes: 40
Explicit Lengths (CC_MATRIXNORM)
Set initial upperbound to 1517 (from tour)
ERROR: No dual change in basis finding code
Did not find a basic optimal solution
Fractional matching routine failed
Warning: restarting running timer Miscellaneous
No warmstart, stumbling on anyway
Basic dual change required, but no candidate edges
  LP Value  1: 1480.000000  (0.00 seconds)
  LP Value  2: 1517.000000  (0.00 seconds)
New lower bound: 1517.000000
Final lower bound 1517.000000, upper bound 1517.000000
Exact lower bound: 1517.000000
DIFF: 0.000000
Final LP has 47 rows, 86 columns, 228 nonzeros
Optimal Solution: 1517.00
Number of bbnodes: 1
Total Running Time: 0.01 (seconds)
[[ 0.         12.98577532 21.34758767 26.09135397 31.36172117 44.01667444
  28.78365283 23.60153889 38.21151795 51.5005956  41.40676732 48.0962172
  55.91822156 49.97207257 39.05829157 47.52762433 26.78238177 37.0369123
  25.05260121 12.73381401]
 [12.98577532  0.          8.36181234 13.10557865 28.11327453 40.7682278
  15.79787751 10.61576357 25.22574263 38.51482028 50.89747913 57.586929
  65.40893337 62.9578479  52.04406689 60.51339965 39.7681571  45.03351222
  38.03837654 25.71958934]
 [21.34758767  8.36181234  0.         21.467391   36.47508688 49.13004015
  24.15968986 18.97757591 33.58755497 46.87663262 59.25929147 65.94874135
  73.77074571 71.31966024 60.40587924 68.875212   48.12996944 53.39532456
  46.40018888 34.08140168]
 [26.09135397 13.10557865 21.467391    0.         15.00769588 27.66264915
  28.90345616 23.72134222 38.33132128 51.62039893 64.00305778 70.69250765
  78.51451202 76.06342655 65.14964555 73.6189783  52.87373575 58.13909087
  51.14395519 38.82516799]
 [31.36172117 28.11327453 36.47508688 15.00769588  0.         12.65495327
  18.42029637 38.7290381  53.33901716 66.62809481 72.76848849 79.45793837
  87.27994273 81.33379375 70.42001275 78.8893455  58.14410295 68.39863347
  56.41432239 44.09553519]
 [44.01667444 40.7682278  49.13004015 27.66264915 12.65495327  0.
  31.07524964 51.38399138 65.99397043 79.28304808 85.42344176 92.11289164
  99.934896   93.98874702 83.07496602 91.54429877 70.79905622 81.05358674
  69.06927566 56.75048846]
 [28.78365283 15.79787751 24.15968986 28.90345616 18.42029637 31.07524964
   0.         26.41364108 41.02362014 54.31269779 66.69535664 73.38480651
  81.20681088 78.75572541 67.84194441 76.31127716 55.56603461 60.83138973
  53.83625405 41.51746685]
 [23.60153889 10.61576357 18.97757591 23.72134222 38.7290381  51.38399138
  26.41364108  0.         14.60997906 27.89905671 40.28171556 46.97116543
  54.7931698  55.37066814 44.45688714 52.92621989 32.18097734 34.41774865
  46.40205973 36.33535291]
 [38.21151795 25.22574263 33.58755497 38.33132128 53.33901716 65.99397043
  41.02362014 14.60997906  0.         13.28907765 25.6717365  32.36118638
  40.18319074 40.76068908 29.84690808 38.31624084 17.57099828 19.80776959
  31.79208067 44.11086787]
 [51.5005956  38.51482028 46.87663262 51.62039893 66.62809481 79.28304808
  54.31269779 27.89905671 13.28907765  0.         12.38265885 19.07210872
  26.89411309 41.51849864 39.2829542  47.75228695 27.0070444  33.09684724
  45.08115832 57.39994552]
 [41.40676732 50.89747913 59.25929147 64.00305778 72.76848849 85.42344176
  66.69535664 40.28171556 25.6717365  12.38265885  0.          6.68944987
  14.51145424 29.13583979 26.90029535 35.3696281  14.62438555 30.40142152
  42.38573261 54.14058133]
 [48.0962172  57.586929   65.94874135 70.69250765 79.45793837 92.11289164
  73.38480651 46.97116543 32.36118638 19.07210872  6.68944987  0.
  21.20090411 35.82528966 33.58974522 42.05907798 21.31383542 37.0908714
  49.07518248 60.83003121]
 [55.91822156 65.40893337 73.77074571 78.51451202 87.27994273 99.934896
  81.20681088 54.7931698  40.18319074 26.89411309 14.51145424 21.20090411
   0.         14.62438555 19.46915888 27.93849164 29.13583979 44.91287576
  56.89718684 68.65203557]
 [49.97207257 62.9578479  71.31966024 76.06342655 81.33379375 93.98874702
  78.75572541 55.37066814 40.76068908 41.51849864 29.13583979 35.82528966
  14.62438555  0.         10.913781   19.38311376 23.1896908  38.96672678
  50.95103786 62.70588659]
 [39.05829157 52.04406689 60.40587924 65.14964555 70.42001275 83.07496602
  67.84194441 44.45688714 29.84690808 39.2829542  26.90029535 33.58974522
  19.46915888 10.913781    0.          8.46933276 12.2759098  28.05294577
  40.03725686 51.79210559]
 [47.52762433 60.51339965 68.875212   73.6189783  78.8893455  91.54429877
  76.31127716 52.92621989 38.31624084 47.75228695 35.3696281  42.05907798
  27.93849164 19.38311376  8.46933276  0.         20.74524256 36.52227853
  48.50658961 60.26143834]
 [26.78238177 39.7681571  48.12996944 52.87373575 58.14410295 70.79905622
  55.56603461 32.18097734 17.57099828 27.0070444  14.62438555 21.31383542
  29.13583979 23.1896908  12.2759098  20.74524256  0.         15.77703598
  27.76134706 39.51619579]
 [37.0369123  45.03351222 53.39532456 58.13909087 68.39863347 81.05358674
  60.83138973 34.41774865 19.80776959 33.09684724 30.40142152 37.0908714
  44.91287576 38.96672678 28.05294577 36.52227853 15.77703598  0.
  11.98431108 24.30309828]
 [25.05260121 38.03837654 46.40018888 51.14395519 56.41432239 69.06927566
  53.83625405 46.40205973 31.79208067 45.08115832 42.38573261 49.07518248
  56.89718684 50.95103786 40.03725686 48.50658961 27.76134706 11.98431108
   0.         12.3187872 ]
 [12.73381401 25.71958934 34.08140168 38.82516799 44.09553519 56.75048846
  41.51746685 36.33535291 44.11086787 57.39994552 54.14058133 60.83003121
  68.65203557 62.70588659 51.79210559 60.26143834 39.51619579 24.30309828
  12.3187872   0.        ]]
[INFO] [1788234801.540829, 30.500000]: curr path length: 54, is_loop length: 54
[INFO] [1788234801.542312, 30.500000]: Send new plan: 20 37  ---> 17 12 17 16 15 14 15 13 17 11 18 10 36 9 36 8 0 35 1 35 6 19 38 20(L) 38 26 21 23 21 22 21 24 21 25 27 31 32 29 32 30 32 28 33 38(L) 33 7 5 4 3 34 2 35(L) 
[INFO] [1788234806.563930, 35.600000]: Replanning request. curr_vertex_idx: 1
[INFO] [1788234806.564917, 35.600000]:                     covered_vertices: ()
[INFO] [1788234806.565845, 35.600000]: Handle local replanning...
[INFO] [1788234806.566468, 35.600000]: Local path to replan: [37, 17, 12, 16, 15, 14, 13, 11, 18, 10, 36, 9, 8, 0, 35, 1, 6, 19, 38, 20]
Original tsp path is better!
concorde /tmp/tmpkfprqojw/problem.tsp
Host: msxg  Current process id: 116114
Using random seed 1788234811
Number of Nodes: 40
Explicit Lengths (CC_MATRIXNORM)
Set initial upperbound to 1517 (from tour)
ERROR: No dual change in basis finding code
Did not find a basic optimal solution
Fractional matching routine failed
Warning: restarting running timer Miscellaneous
No warmstart, stumbling on anyway
Basic dual change required, but no candidate edges
  LP Value  1: 1425.000000  (0.00 seconds)
  LP Value  2: 1517.000000  (0.00 seconds)
New lower bound: 1517.000000
Final lower bound 1517.000000, upper bound 1517.000000
Exact lower bound: 1517.000000
DIFF: 0.000000
Final LP has 46 rows, 82 columns, 216 nonzeros
Optimal Solution: 1517.00
Number of bbnodes: 1
Total Running Time: 0.01 (seconds)
[[ 0.         12.98577532 21.34758767 26.09135397 31.36172117 44.01667444
  28.78365283 23.60153889 38.21151795 51.5005956  41.40676732 48.0962172
  55.91822156 49.97207257 39.05829157 47.52762433 26.78238177 37.0369123
  25.05260121 12.73381401]
 [12.98577532  0.          8.36181234 13.10557865 28.11327453 40.7682278
  15.79787751 10.61576357 25.22574263 38.51482028 50.89747913 57.586929
  65.40893337 62.9578479  52.04406689 60.51339965 39.7681571  45.03351222
  38.03837654 25.71958934]
 [21.34758767  8.36181234  0.         21.467391   36.47508688 49.13004015
  24.15968986 18.97757591 33.58755497 46.87663262 59.25929147 65.94874135
  73.77074571 71.31966024 60.40587924 68.875212   48.12996944 53.39532456
  46.40018888 34.08140168]
 [26.09135397 13.10557865 21.467391    0.         15.00769588 27.66264915
  28.90345616 23.72134222 38.33132128 51.62039893 64.00305778 70.69250765
  78.51451202 76.06342655 65.14964555 73.6189783  52.87373575 58.13909087
  51.14395519 38.82516799]
 [31.36172117 28.11327453 36.47508688 15.00769588  0.         12.65495327
  18.42029637 38.7290381  53.33901716 66.62809481 72.76848849 79.45793837
  87.27994273 81.33379375 70.42001275 78.8893455  58.14410295 68.39863347
  56.41432239 44.09553519]
 [44.01667444 40.7682278  49.13004015 27.66264915 12.65495327  0.
  31.07524964 51.38399138 65.99397043 79.28304808 85.42344176 92.11289164
  99.934896   93.98874702 83.07496602 91.54429877 70.79905622 81.05358674
  69.06927566 56.75048846]
 [28.78365283 15.79787751 24.15968986 28.90345616 18.42029637 31.07524964
   0.         26.41364108 41.02362014 54.31269779 66.69535664 73.38480651
  81.20681088 78.75572541 67.84194441 76.31127716 55.56603461 60.83138973
  53.83625405 41.51746685]
 [23.60153889 10.61576357 18.97757591 23.72134222 38.7290381  51.38399138
  26.41364108  0.         14.60997906 27.89905671 40.28171556 46.97116543
  54.7931698  55.37066814 44.45688714 52.92621989 32.18097734 34.41774865
  46.40205973 36.33535291]
 [38.21151795 25.22574263 33.58755497 38.33132128 53.33901716 65.99397043
  41.02362014 14.60997906  0.         13.28907765 25.6717365  32.36118638
  40.18319074 40.76068908 29.84690808 38.31624084 17.57099828 19.80776959
  31.79208067 44.11086787]
 [51.5005956  38.51482028 46.87663262 51.62039893 66.62809481 79.28304808
  54.31269779 27.89905671 13.28907765  0.         12.38265885 19.07210872
  26.89411309 41.51849864 39.2829542  47.75228695 27.0070444  33.09684724
  45.08115832 57.39994552]
 [41.40676732 50.89747913 59.25929147 64.00305778 72.76848849 85.42344176
  66.69535664 40.28171556 25.6717365  12.38265885  0.          6.68944987
  14.51145424 29.13583979 26.90029535 35.3696281  14.62438555 30.40142152
  42.38573261 54.14058133]
 [48.0962172  57.586929   65.94874135 70.69250765 79.45793837 92.11289164
  73.38480651 46.97116543 32.36118638 19.07210872  6.68944987  0.
  21.20090411 35.82528966 33.58974522 42.05907798 21.31383542 37.0908714
  49.07518248 60.83003121]
 [55.91822156 65.40893337 73.77074571 78.51451202 87.27994273 99.934896
  81.20681088 54.7931698  40.18319074 26.89411309 14.51145424 21.20090411
   0.         14.62438555 19.46915888 27.93849164 29.13583979 44.91287576
  56.89718684 68.65203557]
 [49.97207257 62.9578479  71.31966024 76.06342655 81.33379375 93.98874702
  78.75572541 55.37066814 40.76068908 41.51849864 29.13583979 35.82528966
  14.62438555  0.         10.913781   19.38311376 23.1896908  38.96672678
  50.95103786 62.70588659]
 [39.05829157 52.04406689 60.40587924 65.14964555 70.42001275 83.07496602
  67.84194441 44.45688714 29.84690808 39.2829542  26.90029535 33.58974522
  19.46915888 10.913781    0.          8.46933276 12.2759098  28.05294577
  40.03725686 51.79210559]
 [47.52762433 60.51339965 68.875212   73.6189783  78.8893455  91.54429877
  76.31127716 52.92621989 38.31624084 47.75228695 35.3696281  42.05907798
  27.93849164 19.38311376  8.46933276  0.         20.74524256 36.52227853
  48.50658961 60.26143834]
 [26.78238177 39.7681571  48.12996944 52.87373575 58.14410295 70.79905622
  55.56603461 32.18097734 17.57099828 27.0070444  14.62438555 21.31383542
  29.13583979 23.1896908  12.2759098  20.74524256  0.         15.77703598
  27.76134706 39.51619579]
 [37.0369123  45.03351222 53.39532456 58.13909087 68.39863347 81.05358674
  60.83138973 34.41774865 19.80776959 33.09684724 30.40142152 37.0908714
  44.91287576 38.96672678 28.05294577 36.52227853 15.77703598  0.
  11.98431108 24.30309828]
 [25.05260121 38.03837654 46.40018888 51.14395519 56.41432239 69.06927566
  53.83625405 46.40205973 31.79208067 45.08115832 42.38573261 49.07518248
  56.89718684 50.95103786 40.03725686 48.50658961 27.76134706 11.98431108
   0.         12.3187872 ]
 [12.73381401 25.71958934 34.08140168 38.82516799 44.09553519 56.75048846
  41.51746685 36.33535291 44.11086787 57.39994552 54.14058133 60.83003121
  68.65203557 62.70588659 51.79210559 60.26143834 39.51619579 24.30309828
  12.3187872   0.        ]]
[INFO] [1788234806.588980, 35.600000]: curr path length: 54, is_loop length: 54
[INFO] [1788234806.590083, 35.600000]: Send new plan: 20 37  ---> 17 12 17 16 15 14 15 13 17 11 18 10 36 9 36 8 0 35 1 35 6 19 38 20(L) 38 26 21 23 21 22 21 24 21 25 27 31 32 29 32 30 32 28 33 38(L) 33 7 5 4 3 34 2 35(L) 
[INFO] [1788234811.585825, 40.600000]: Replanning request. curr_vertex_idx: 1
[INFO] [1788234811.586803, 40.600000]:                     covered_vertices: ()
[INFO] [1788234811.587475, 40.600000]: Handle local replanning...
[INFO] [1788234811.588430, 40.600000]: Local path to replan: [37, 17, 12, 16, 15, 14, 13, 11, 18, 10, 36, 9, 8, 0, 35, 1, 6, 19, 38, 20]
Original tsp path is better!
concorde /tmp/tmpsfrlmwdu/problem.tsp
Host: msxg  Current process id: 116162
Using random seed 1788234817
Number of Nodes: 40
Explicit Lengths (CC_MATRIXNORM)
Set initial upperbound to 1517 (from tour)
ERROR: No dual change in basis finding code
Did not find a basic optimal solution
Fractional matching routine failed
Warning: restarting running timer Miscellaneous
No warmstart, stumbling on anyway
Basic dual change required, but no candidate edges
  LP Value  1: 1492.000000  (0.00 seconds)
  LP Value  2: 1517.000000  (0.00 seconds)
New lower bound: 1517.000000
Final lower bound 1517.000000, upper bound 1517.000000
Exact lower bound: 1517.000000
DIFF: 0.000000
Final LP has 45 rows, 84 columns, 222 nonzeros
Optimal Solution: 1517.00
Number of bbnodes: 1
Total Running Time: 0.01 (seconds)
[[ 0.         12.98577532 21.34758767 26.09135397 31.36172117 44.01667444
  28.78365283 23.60153889 38.21151795 51.5005956  41.40676732 48.0962172
  55.91822156 49.97207257 39.05829157 47.52762433 26.78238177 37.0369123
  25.05260121 12.73381401]
 [12.98577532  0.          8.36181234 13.10557865 28.11327453 40.7682278
  15.79787751 10.61576357 25.22574263 38.51482028 50.89747913 57.586929
  65.40893337 62.9578479  52.04406689 60.51339965 39.7681571  45.03351222
  38.03837654 25.71958934]
 [21.34758767  8.36181234  0.         21.467391   36.47508688 49.13004015
  24.15968986 18.97757591 33.58755497 46.87663262 59.25929147 65.94874135
  73.77074571 71.31966024 60.40587924 68.875212   48.12996944 53.39532456
  46.40018888 34.08140168]
 [26.09135397 13.10557865 21.467391    0.         15.00769588 27.66264915
  28.90345616 23.72134222 38.33132128 51.62039893 64.00305778 70.69250765
  78.51451202 76.06342655 65.14964555 73.6189783  52.87373575 58.13909087
  51.14395519 38.82516799]
 [31.36172117 28.11327453 36.47508688 15.00769588  0.         12.65495327
  18.42029637 38.7290381  53.33901716 66.62809481 72.76848849 79.45793837
  87.27994273 81.33379375 70.42001275 78.8893455  58.14410295 68.39863347
  56.41432239 44.09553519]
 [44.01667444 40.7682278  49.13004015 27.66264915 12.65495327  0.
  31.07524964 51.38399138 65.99397043 79.28304808 85.42344176 92.11289164
  99.934896   93.98874702 83.07496602 91.54429877 70.79905622 81.05358674
  69.06927566 56.75048846]
 [28.78365283 15.79787751 24.15968986 28.90345616 18.42029637 31.07524964
   0.         26.41364108 41.02362014 54.31269779 66.69535664 73.38480651
  81.20681088 78.75572541 67.84194441 76.31127716 55.56603461 60.83138973
  53.83625405 41.51746685]
 [23.60153889 10.61576357 18.97757591 23.72134222 38.7290381  51.38399138
  26.41364108  0.         14.60997906 27.89905671 40.28171556 46.97116543
  54.7931698  55.37066814 44.45688714 52.92621989 32.18097734 34.41774865
  46.40205973 36.33535291]
 [38.21151795 25.22574263 33.58755497 38.33132128 53.33901716 65.99397043
  41.02362014 14.60997906  0.         13.28907765 25.6717365  32.36118638
  40.18319074 40.76068908 29.84690808 38.31624084 17.57099828 19.80776959
  31.79208067 44.11086787]
 [51.5005956  38.51482028 46.87663262 51.62039893 66.62809481 79.28304808
  54.31269779 27.89905671 13.28907765  0.         12.38265885 19.07210872
  26.89411309 41.51849864 39.2829542  47.75228695 27.0070444  33.09684724
  45.08115832 57.39994552]
 [41.40676732 50.89747913 59.25929147 64.00305778 72.76848849 85.42344176
  66.69535664 40.28171556 25.6717365  12.38265885  0.          6.68944987
  14.51145424 29.13583979 26.90029535 35.3696281  14.62438555 30.40142152
  42.38573261 54.14058133]
 [48.0962172  57.586929   65.94874135 70.69250765 79.45793837 92.11289164
  73.38480651 46.97116543 32.36118638 19.07210872  6.68944987  0.
  21.20090411 35.82528966 33.58974522 42.05907798 21.31383542 37.0908714
  49.07518248 60.83003121]
 [55.91822156 65.40893337 73.77074571 78.51451202 87.27994273 99.934896
  81.20681088 54.7931698  40.18319074 26.89411309 14.51145424 21.20090411
   0.         14.62438555 19.46915888 27.93849164 29.13583979 44.91287576
  56.89718684 68.65203557]
 [49.97207257 62.9578479  71.31966024 76.06342655 81.33379375 93.98874702
  78.75572541 55.37066814 40.76068908 41.51849864 29.13583979 35.82528966
  14.62438555  0.         10.913781   19.38311376 23.1896908  38.96672678
  50.95103786 62.70588659]
 [39.05829157 52.04406689 60.40587924 65.14964555 70.42001275 83.07496602
  67.84194441 44.45688714 29.84690808 39.2829542  26.90029535 33.58974522
  19.46915888 10.913781    0.          8.46933276 12.2759098  28.05294577
  40.03725686 51.79210559]
 [47.52762433 60.51339965 68.875212   73.6189783  78.8893455  91.54429877
  76.31127716 52.92621989 38.31624084 47.75228695 35.3696281  42.05907798
  27.93849164 19.38311376  8.46933276  0.         20.74524256 36.52227853
  48.50658961 60.26143834]
 [26.78238177 39.7681571  48.12996944 52.87373575 58.14410295 70.79905622
  55.56603461 32.18097734 17.57099828 27.0070444  14.62438555 21.31383542
  29.13583979 23.1896908  12.2759098  20.74524256  0.         15.77703598
  27.76134706 39.51619579]
 [37.0369123  45.03351222 53.39532456 58.13909087 68.39863347 81.05358674
  60.83138973 34.41774865 19.80776959 33.09684724 30.40142152 37.0908714
  44.91287576 38.96672678 28.05294577 36.52227853 15.77703598  0.
  11.98431108 24.30309828]
 [25.05260121 38.03837654 46.40018888 51.14395519 56.41432239 69.06927566
  53.83625405 46.40205973 31.79208067 45.08115832 42.38573261 49.07518248
  56.89718684 50.95103786 40.03725686 48.50658961 27.76134706 11.98431108
   0.         12.3187872 ]
 [12.73381401 25.71958934 34.08140168 38.82516799 44.09553519 56.75048846
  41.51746685 36.33535291 44.11086787 57.39994552 54.14058133 60.83003121
  68.65203557 62.70588659 51.79210559 60.26143834 39.51619579 24.30309828
  12.3187872   0.        ]]
[INFO] [1788234811.608718, 40.600000]: curr path length: 54, is_loop length: 54
[INFO] [1788234811.609569, 40.600000]: Send new plan: 20 37  ---> 17 12 17 16 15 14 15 13 17 11 18 10 36 9 36 8 0 35 1 35 6 19 38 20(L) 38 26 21 23 21 22 21 24 21 25 27 31 32 29 32 30 32 28 33 38(L) 33 7 5 4 3 34 2 35(L) 
[INFO] [1788234816.976657, 46.000000]: Really visited vertices: 20 37 
[INFO] [1788234817.578507, 46.600000]: Replanning request. curr_vertex_idx: 1
[INFO] [1788234817.579596, 46.600000]:                     covered_vertices: ()
[INFO] [1788234817.580373, 46.600000]: Handle local replanning...
[INFO] [1788234817.581110, 46.600000]: Local path to replan: [37, 17, 12, 16, 15, 14, 13, 11, 18, 10, 36, 9, 8, 0, 35, 1, 6, 19, 38, 20]
Reverse tsp path is better!
[INFO] [1788234776.664843191, 5.700000000]: PHASE2C_KEYSCAN_ACCEPTED unique_id=1 state_id=1 sim_time=5.700000
[INFO] [1788234777.861220584, 6.900000000]: PHASE2C_KEYSCAN_ACCEPTED unique_id=2 state_id=2 sim_time=6.900000
[INFO] [1788234779.460205834, 8.500000000]: PHASE2C_KEYSCAN_ACCEPTED unique_id=3 state_id=3 sim_time=8.500000
[INFO] [1788234779.960449342, 9.000000000]: PHASE2C_KEYSCAN_ACCEPTED unique_id=4 state_id=4 sim_time=9.000000
[INFO] [1788234780.660646209, 9.700000000]: PHASE2C_KEYSCAN_ACCEPTED unique_id=5 state_id=5 sim_time=9.700000
[INFO] [1788234781.353407357, 10.400000000]: PHASE2C_KEYSCAN_ACCEPTED unique_id=6 state_id=6 sim_time=10.400000
[INFO] [1788234781.862888781, 10.900000000]: PHASE2C_KEYSCAN_ACCEPTED unique_id=7 state_id=7 sim_time=10.900000
[INFO] [1788234782.565032890, 11.600000000]: PHASE2C_KEYSCAN_ACCEPTED unique_id=8 state_id=8 sim_time=11.600000
[INFO] [1788234783.164266645, 12.200000000]: PHASE2C_KEYSCAN_ACCEPTED unique_id=9 state_id=9 sim_time=12.200000
[INFO] [1788234783.759188296, 12.800000000]: PHASE2C_KEYSCAN_ACCEPTED unique_id=10 state_id=10 sim_time=12.800000
[INFO] [1788234784.362167666, 13.400000000]: PHASE2C_KEYSCAN_ACCEPTED unique_id=11 state_id=11 sim_time=13.400000
[INFO] [1788234784.962213788, 14.000000000]: PHASE2C_KEYSCAN_ACCEPTED unique_id=12 state_id=12 sim_time=14.000000
[INFO] [1788234785.661620129, 14.700000000]: PHASE2C_KEYSCAN_ACCEPTED unique_id=13 state_id=13 sim_time=14.700000
[INFO] [1788234786.167960768, 15.200000000]: PHASE2C_KEYSCAN_ACCEPTED unique_id=14 state_id=14 sim_time=15.200000
[INFO] [1788234790.169442995, 19.200000000]: PHASE2C_KEYSCAN_ACCEPTED unique_id=15 state_id=15 sim_time=19.200000
[INFO] [1788234791.162452560, 20.200000000]: PHASE2C_KEYSCAN_ACCEPTED unique_id=16 state_id=16 sim_time=20.200000
[INFO] [1788234792.573723557, 21.600000000]: PHASE2C_KEYSCAN_ACCEPTED unique_id=17 state_id=17 sim_time=21.600000
[INFO] [1788234793.871721613, 22.900000000]: PHASE2C_KEYSCAN_ACCEPTED unique_id=18 state_id=18 sim_time=22.900000
[INFO] [1788234795.168916960, 24.200000000]: PHASE2C_KEYSCAN_ACCEPTED unique_id=19 state_id=19 sim_time=24.200000
[INFO] [1788234796.466158373, 25.500000000]: PHASE2C_KEYSCAN_ACCEPTED unique_id=20 state_id=20 sim_time=25.500000
[INFO] [1788234797.861449757, 26.900000000]: PHASE2C_KEYSCAN_ACCEPTED unique_id=21 state_id=21 sim_time=26.900000
[INFO] [1788234799.070033862, 28.100000000]: PHASE2C_KEYSCAN_ACCEPTED unique_id=22 state_id=22 sim_time=28.100000
[INFO] [1788234800.463027221, 29.500000000]: PHASE2C_KEYSCAN_ACCEPTED unique_id=23 state_id=23 sim_time=29.500000
[INFO] [1788234801.952532593, 31.000000000]: PHASE2C_KEYSCAN_ACCEPTED unique_id=24 state_id=24 sim_time=31.000000
[INFO] [1788234803.364583354, 32.400000000]: PHASE2C_KEYSCAN_ACCEPTED unique_id=25 state_id=25 sim_time=32.400000
[INFO] [1788234804.660614251, 33.700000000]: PHASE2C_KEYSCAN_ACCEPTED unique_id=26 state_id=26 sim_time=33.700000
[INFO] [1788234805.960810606, 35.000000000]: PHASE2C_KEYSCAN_ACCEPTED unique_id=27 state_id=27 sim_time=35.000000
[INFO] [1788234807.464867716, 36.500000000]: PHASE2C_KEYSCAN_ACCEPTED unique_id=28 state_id=28 sim_time=36.500000
[INFO] [1788234808.768888093, 37.800000000]: PHASE2C_KEYSCAN_ACCEPTED unique_id=29 state_id=29 sim_time=37.800000
[INFO] [1788234809.964003104, 39.000000000]: PHASE2C_KEYSCAN_ACCEPTED unique_id=30 state_id=30 sim_time=39.000000
[INFO] [1788234811.476460024, 40.500000000]: PHASE2C_KEYSCAN_ACCEPTED unique_id=31 state_id=31 sim_time=40.500000
[INFO] [1788234812.965159558, 42.000000000]: PHASE2C_KEYSCAN_ACCEPTED unique_id=32 state_id=32 sim_time=42.000000
[INFO] [1788234814.259313917, 43.300000000]: PHASE2C_KEYSCAN_ACCEPTED unique_id=33 state_id=33 sim_time=43.300000
[INFO] [1788234815.661586457, 44.700000000]: PHASE2C_KEYSCAN_ACCEPTED unique_id=34 state_id=34 sim_time=44.700000
[INFO] [1788234816.967078417, 46.000000000]: PHASE2C_KEYSCAN_ACCEPTED unique_id=35 state_id=35 sim_time=46.000000
[INFO] [1788234818.367546958, 47.400000000]: PHASE2C_KEYSCAN_ACCEPTED unique_id=36 state_id=36 sim_time=47.400000
[INFO] [1788234819.0concorde /tmp/tmpasfkbqpk/problem.tsp
Host: msxg  Current process id: 116259
Using random seed 1788234823
Number of Nodes: 40
Explicit Lengths (CC_MATRIXNORM)
Set initial upperbound to 1517 (from tour)
ERROR: No dual change in basis finding code
Did not find a basic optimal solution
Fractional matching routine failed
Warning: restarting running timer Miscellaneous
No warmstart, stumbling on anyway
Basic dual change required, but no candidate edges
  LP Value  1: 1495.000000  (0.00 seconds)
  LP Value  2: 1517.000000  (0.00 seconds)
New lower bound: 1517.000000
Final lower bound 1517.000000, upper bound 1517.000000
Exact lower bound: 1517.000000
DIFF: 0.000000
Final LP has 47 rows, 92 columns, 238 nonzeros
Optimal Solution: 1517.00
Number of bbnodes: 1
Total Running Time: 0.01 (seconds)
[[ 0.         12.98577532 21.34758767 26.09135397 31.36172117 44.01667444
  28.78365283 23.60153889 38.21151795 51.5005956  41.40676732 48.0962172
  55.91822156 49.97207257 39.05829157 47.52762433 26.78238177 37.0369123
  25.05260121 12.73381401]
 [12.98577532  0.          8.36181234 13.10557865 28.11327453 40.7682278
  15.79787751 10.61576357 25.22574263 38.51482028 50.89747913 57.586929
  65.40893337 62.9578479  52.04406689 60.51339965 39.7681571  45.03351222
  38.03837654 25.71958934]
 [21.34758767  8.36181234  0.         21.467391   36.47508688 49.13004015
  24.15968986 18.97757591 33.58755497 46.87663262 59.25929147 65.94874135
  73.77074571 71.31966024 60.40587924 68.875212   48.12996944 53.39532456
  46.40018888 34.08140168]
 [26.09135397 13.10557865 21.467391    0.         15.00769588 27.66264915
  28.90345616 23.72134222 38.33132128 51.62039893 64.00305778 70.69250765
  78.51451202 76.06342655 65.14964555 73.6189783  52.87373575 58.13909087
  51.14395519 38.82516799]
 [31.36172117 28.11327453 36.47508688 15.00769588  0.         12.65495327
  18.42029637 38.7290381  53.33901716 66.62809481 72.76848849 79.45793837
  87.27994273 81.33379375 70.42001275 78.8893455  58.14410295 68.39863347
  56.41432239 44.09553519]
 [44.01667444 40.7682278  49.13004015 27.66264915 12.65495327  0.
  31.07524964 51.38399138 65.99397043 79.28304808 85.42344176 92.11289164
  99.934896   93.98874702 83.07496602 91.54429877 70.79905622 81.05358674
  69.06927566 56.75048846]
 [28.78365283 15.79787751 24.15968986 28.90345616 18.42029637 31.07524964
   0.         26.41364108 41.02362014 54.31269779 66.69535664 73.38480651
  81.20681088 78.75572541 67.84194441 76.31127716 55.56603461 60.83138973
  53.83625405 41.51746685]
 [23.60153889 10.61576357 18.97757591 23.72134222 38.7290381  51.38399138
  26.41364108  0.         14.60997906 27.89905671 40.28171556 46.97116543
  54.7931698  55.37066814 44.45688714 52.92621989 32.18097734 34.41774865
  46.40205973 36.33535291]
 [38.21151795 25.22574263 33.58755497 38.33132128 53.33901716 65.99397043
  41.02362014 14.60997906  0.         13.28907765 25.6717365  32.36118638
  40.18319074 40.76068908 29.84690808 38.31624084 17.57099828 19.80776959
  31.79208067 44.11086787]
 [51.5005956  38.51482028 46.87663262 51.62039893 66.62809481 79.28304808
  54.31269779 27.89905671 13.28907765  0.         12.38265885 19.07210872
  26.89411309 41.51849864 39.2829542  47.75228695 27.0070444  33.09684724
  45.08115832 57.39994552]
 [41.40676732 50.89747913 59.25929147 64.00305778 72.76848849 85.42344176
  66.69535664 40.28171556 25.6717365  12.38265885  0.          6.68944987
  14.51145424 29.13583979 26.90029535 35.3696281  14.62438555 30.40142152
  42.38573261 54.14058133]
 [48.0962172  57.586929   65.94874135 70.69250765 79.45793837 92.11289164
  73.38480651 46.97116543 32.36118638 19.07210872  6.68944987  0.
  21.20090411 35.82528966 33.58974522 42.05907798 21.31383542 37.0908714
  49.07518248 60.83003121]
 [55.91822156 65.40893337 73.77074571 78.51451202 87.27994273 99.934896
  81.20681088 54.7931698  40.18319074 26.89411309 14.51145424 21.20090411
   0.         14.62438555 19.46915888 27.93849164 29.13583979 44.91287576
  56.89718684 68.65203557]
 [49.97207257 62.9578479  71.31966024 76.06342655 81.33379375 93.98874702
  78.75572541 55.37066814 40.76068908 41.51849864 29.13583979 35.82528966
  14.62438555  0.         10.913781   19.38311376 23.1896908  38.96672678
  50.95103786 62.70588659]
 [39.05829157 52.04406689 60.40587924 65.14964555 70.42001275 83.07496602
  67.84194441 44.45688714 29.84690808 39.2829542  26.90029535 33.58974522
  19.46915888 10.913781    0.          8.46933276 12.2759098  28.05294577
  40.03725686 51.79210559]
 [47.52762433 60.51339965 68.875212   73.6189783  78.8893455  91.54429877
  76.31127716 52.92621989 38.31624084 47.75228695 35.3696281  42.05907798
  27.93849164 19.38311376  8.46933276  0.         20.74524256 36.52227853
  48.50658961 60.26143834]
 [26.78238177 39.7681571  48.12996944 52.87373575 58.14410295 70.79905622
  55.56603461 32.18097734 17.57099828 27.0070444  14.62438555 21.31383542
  29.13583979 23.1896908  12.2759098  20.74524256  0.         15.77703598
  27.76134706 39.51619579]
 [37.0369123  45.03351222 53.39532456 58.13909087 68.39863347 81.05358674
  60.83138973 34.41774865 19.80776959 33.09684724 30.40142152 37.0908714
  44.91287576 38.96672678 28.05294577 36.52227853 15.77703598  0.
  11.98431108 24.30309828]
 [25.05260121 38.03837654 46.40018888 51.14395519 56.41432239 69.06927566
  53.83625405 46.40205973 31.79208067 45.08115832 42.38573261 49.07518248
  56.89718684 50.95103786 40.03725686 48.50658961 27.76134706 11.98431108
   0.         12.3187872 ]
 [12.73381401 25.71958934 34.08140168 38.82516799 44.09553519 56.75048846
  41.51746685 36.33535291 44.11086787 57.39994552 54.14058133 60.83003121
  68.65203557 62.70588659 51.79210559 60.26143834 39.51619579 24.30309828
  12.3187872   0.        ]]
[INFO] [1788234817.605063, 46.600000]: curr path length: 54, is_loop length: 54
[INFO] [1788234817.606220, 46.600000]: Send new plan: 20 37  ---> 17 12 17 16 15 14 15 13 17 11 18 10 36 9 36 8 0 35 1 35 6 19 38 20(L) 38 26 21 23 21 22 21 24 21 25 27 31 32 29 32 30 32 28 33 38(L) 33 7 5 4 3 34 2 35(L) 
[INFO] [1788234822.484162, 51.500000]: Really visited vertices: 20 37 
[INFO] [1788234823.554323, 52.600000]: Replanning request. curr_vertex_idx: 1
[INFO] [1788234823.555165, 52.600000]:                     covered_vertices: ()
[INFO] [1788234823.555802, 52.600000]: Handle local replanning...
[INFO] [1788234823.556392, 52.600000]: Local path to replan: [37, 17, 12, 16, 15, 14, 13, 11, 18, 10, 36, 9, 8, 0, 35, 1, 6, 19, 38, 20]
Original tsp path is better!
[WARN] [1788234823.577922562, 52.600000000]: No frontier at vertex 37. #Frontier: 0
concorde /tmp/tmpwpomr6gl/problem.tsp
Host: msxg  Current process id: 116297
Using random seed 1788234829
Number of Nodes: 38
Explicit Lengths (CC_MATRIXNORM)
Set initial upperbound to 1517 (from tour)
ERROR: No dual change in basis finding code
Did not find a basic optimal solution
Fractional matching routine failed
Warning: restarting running timer Miscellaneous
No warmstart, stumbling on anyway
Basic dual change required, but no candidate edges
  LP Value  1: 1494.000000  (0.00 seconds)
  LP Value  2: 1517.000000  (0.00 seconds)
New lower bound: 1517.000000
Final lower bound 1517.000000, upper bound 1517.000000
Exact lower bound: 1517.000000
DIFF: 0.000000
Final LP has 43 rows, 79 columns, 198 nonzeros
Optimal Solution: 1517.00
Number of bbnodes: 1
Total Running Time: 0.01 (seconds)
concorde /tmp/tmpvfqqym11/problem.tsp
Host: msxg  Current process id: 116361
Using random seed 1788234835
Number of Nodes: 38
Explicit Lengths (CC_MATRIXNORM)
Set initial upperbound to 1494 (from tour)
ERROR: No dual change in basis finding code
Did not find a basic optimal solution
Fractional matching routine failed
Warning: restarting running timer Miscellaneous
No warmstart, stumbling on anyway
Basic dual change required, but no candidate edges
  LP Value  1: 1471.000000  (0.00 seconds)
  LP Value  2: 1494.000000  (0.00 seconds)
New lower bound: 1494.000000
Final lower bound 1494.000000, upper bound 1494.000000
Exact lower bound: 1494.000000
DIFF: 0.000000
Final LP has 42 rows, 77 columns, 193 nonzeros
Optimal Solution: 1494.00
Number of bbnodes: 1
Total Running Time: 0.01 (seconds)
[WARN] [1788234847.626213741, 76.600000000]: No frontier at vertex 17. #Frontier: 0
[[ 0.         12.98577532 21.34758767 26.09135397 31.36172117 44.01667444
  28.78365283 23.60153889 38.21151795 51.5005956  41.40676732 48.0962172
  55.91822156 49.97207257 39.05829157 47.52762433 26.78238177 37.0369123
  25.05260121 12.73381401]
 [12.98577532  0.          8.36181234 13.10557865 28.11327453 40.7682278
  15.79787751 10.61576357 25.22574263 38.51482028 50.89747913 57.586929
  65.40893337 62.9578479  52.04406689 60.51339965 39.7681571  45.03351222
  38.03837654 25.71958934]
 [21.34758767  8.36181234  0.         21.467391   36.47508688 49.13004015
  24.15968986 18.97757591 33.58755497 46.87663262 59.25929147 65.94874135
  73.77074571 71.31966024 60.40587924 68.875212   48.12996944 53.39532456
  46.40018888 34.08140168]
 [26.09135397 13.10557865 21.467391    0.         15.00769588 27.66264915
  28.90345616 23.72134222 38.33132128 51.62039893 64.00305778 70.69250765
  78.51451202 76.06342655 65.14964555 73.6189783  52.87373575 58.13909087
  51.14395519 38.82516799]
 [31.36172117 28.11327453 36.47508688 15.00769588  0.         12.65495327
  18.42029637 38.7290381  53.33901716 66.62809481 72.76848849 79.45793837
  87.27994273 81.33379375 70.42001275 78.8893455  58.14410295 68.39863347
  56.41432239 44.09553519]
 [44.01667444 40.7682278  49.13004015 27.66264915 12.65495327  0.
  31.07524964 51.38399138 65.99397043 79.28304808 85.42344176 92.11289164
  99.934896   93.98874702 83.07496602 91.54429877 70.79905622 81.05358674
  69.06927566 56.75048846]
 [28.78365283 15.79787751 24.15968986 28.90345616 18.42029637 31.07524964
   0.         26.41364108 41.02362014 54.31269779 66.69535664 73.38480651
  81.20681088 78.75572541 67.84194441 76.31127716 55.56603461 60.83138973
  53.83625405 41.51746685]
 [23.60153889 10.61576357 18.97757591 23.72134222 38.7290381  51.38399138
  26.41364108  0.         14.60997906 27.89905671 40.28171556 46.97116543
  54.7931698  55.37066814 44.45688714 52.92621989 32.18097734 34.41774865
  46.40205973 36.33535291]
 [38.21151795 25.22574263 33.58755497 38.33132128 53.33901716 65.99397043
  41.02362014 14.60997906  0.         13.28907765 25.6717365  32.36118638
  40.18319074 40.76068908 29.84690808 38.31624084 17.57099828 19.80776959
  31.79208067 44.11086787]
 [51.5005956  38.51482028 46.87663262 51.62039893 66.62809481 79.28304808
  54.31269779 27.89905671 13.28907765  0.         12.38265885 19.07210872
  26.89411309 41.51849864 39.2829542  47.75228695 27.0070444  33.09684724
  45.08115832 57.39994552]
 [41.40676732 50.89747913 59.25929147 64.00305778 72.76848849 85.42344176
  66.69535664 40.28171556 25.6717365  12.38265885  0.          6.68944987
  14.51145424 29.13583979 26.90029535 35.3696281  14.62438555 30.40142152
  42.38573261 54.14058133]
 [48.0962172  57.586929   65.94874135 70.69250765 79.45793837 92.11289164
  73.38480651 46.97116543 32.36118638 19.07210872  6.68944987  0.
  21.20090411 35.82528966 33.58974522 42.05907798 21.31383542 37.0908714
  49.07518248 60.83003121]
 [55.91822156 65.40893337 73.77074571 78.51451202 87.27994273 99.934896
  81.20681088 54.7931698  40.18319074 26.89411309 14.51145424 21.20090411
   0.         14.62438555 19.46915888 27.93849164 29.13583979 44.91287576
  56.89718684 68.65203557]
 [49.97207257 62.9578479  71.31966024 76.06342655 81.33379375 93.98874702
  78.75572541 55.37066814 40.76068908 41.51849864 29.13583979 35.82528966
  14.62438555  0.         10.913781   19.38311376 23.1896908  38.96672678
  50.95103786 62.70588659]
 [39.05829157 52.04406689 60.40587924 65.14964555 70.42001275 83.07496602
  67.84194441 44.45688714 29.84690808 39.2829542  26.90029535 33.58974522
  19.46915888 10.913781    0.          8.46933276 12.2759098  28.05294577
  40.03725686 51.79210559]
 [47.52762433 60.51339965 68.875212   73.6189783  78.8893455  91.54429877
  76.31127716 52.92621989 38.31624084 47.75228695 35.3696281  42.05907798
  27.93849164 19.38311376  8.46933276  0.         20.74524256 36.52227853
  48.50658961 60.26143834]
 [26.78238177 39.7681571  48.12996944 52.87373575 58.14410295 70.79905622
  55.56603461 32.18097734 17.57099828 27.0070444  14.62438555 21.31383542
  29.13583979 23.1896908  12.2759098  20.74524256  0.         15.77703598
  27.76134706 39.51619579]
 [37.0369123  45.03351222 53.39532456 58.13909087 68.39863347 81.05358674
  60.83138973 34.41774865 19.80776959 33.09684724 30.40142152 37.0908714
  44.91287576 38.96672678 28.05294577 36.52227853 15.77703598  0.
  11.98431108 24.30309828]
 [25.05260121 38.03837654 46.40018888 51.14395519 56.41432239 69.06927566
  53.83625405 46.40205973 31.79208067 45.08115832 42.38573261 49.07518248
  56.89718684 50.95103786 40.03725686 48.50658961 27.76134706 11.98431108
   0.         12.3187872 ]
 [12.73381401 25.71958934 34.08140168 38.82516799 44.09553519 56.75048846
  41.51746685 36.33535291 44.11086787 57.39994552 54.14058133 60.83003121
  68.65203557 62.70588659 51.79210559 60.26143834 39.51619579 24.30309828
  12.3187872   0.        ]]
[INFO] [1788234823.576183, 52.600000]: curr path length: 54, is_loop length: 54
[INFO] [1788234823.576903, 52.600000]: Send new plan: 20 37  ---> 17 12 17 16 15 14 15 13 17 11 18 10 36 9 36 8 0 35 1 35 6 19 38 20(L) 38 26 21 23 21 22 21 24 21 25 27 31 32 29 32 30 32 28 33 38(L) 33 7 5 4 3 34 2 35(L) 
[INFO] [1788234828.885265, 57.900000]: Really visited vertices: 20 37 
[INFO] [1788234829.551962, 58.600000]: Replanning request. curr_vertex_idx: 2
[INFO] [1788234829.552921, 58.600000]:                     covered_vertices: ()
[INFO] [1788234829.553590, 58.600000]: Handle local replanning...
[INFO] [1788234829.554079, 58.600000]: Local path to replan: [17, 12, 16, 15, 14, 13, 11, 18, 10, 36, 9, 8, 0, 35, 1, 6, 19, 38, 20]
Reverse tsp path is better!
[INFO] [1788234829.569107, 58.600000]: curr path length: 54, is_loop length: 54
[INFO] [1788234829.570321, 58.600000]: Send new plan: 20 37 17  ---> 12 17 16 15 14 15 13 17 11 18 10 36 9 36 8 0 35 1 35 6 19 38 20(L) 38 26 21 23 21 22 21 24 21 25 27 31 32 29 32 30 32 28 33 38(L) 33 7 5 4 3 34 2 35(L) 
[INFO] [1788234835.579083, 64.600000]: Replanning request. curr_vertex_idx: 2
[INFO] [1788234835.580020, 64.600000]:                     covered_vertices: ()
[INFO] [1788234835.580763, 64.600000]: Handle local replanning...
[INFO] [1788234835.581359, 64.600000]: Local path to replan: [17, 12, 16, 15, 14, 13, 11, 18, 10, 36, 9, 8, 0, 35, 1, 6, 19, 38, 20]
Reverse tsp path is better!
[INFO] [1788234835.597709, 64.600000]: curr path length: 50, is_loop length: 50
[INFO] [1788234835.598482, 64.600000]: Send new plan: 20 37 17  ---> 13 15 14 16 12 11 18 10 36 9 8 0 1 35 6 19 38 20 20(L) 38 26 21 23 21 22 21 24 21 25 27 31 32 29 32 30 32 28 33 38(L) 33 7 5 4 3 34 2 35(L) 
[INFO] [1788234841.184012, 70.200000]: Really visited vertices: 20 37 17 
[INFO] [1788234841.572285, 70.600000]: Replanning request. curr_vertex_idx: 2
[INFO] [1788234841.573148, 70.600000]:                     covered_vertices: ()
[INFO] [1788234841.573871, 70.600000]: Handle local replanning...
[INFO] [1788234841.574508, 70.600000]: curr path length: 50, is_loop length: 50
[INFO] [1788234841.575076, 70.600000]: Send new plan: 20 37 17  ---> 13 15 14 16 12 11 18 10 36 9 8 0 1 35 6 19 38 20 20(L) 38 26 21 23 21 22 21 24 21 25 27 31 32 29 32 30 32 28 33 38(L) 33 7 5 4 3 34 2 35(L) 
[INFO] [1788234847.076097, 76.100000]: Really visited vertices: 20 37 17 
[INFO] [1788234847.621659, 76.600000]: Replanning request. curr_vertex_idx: 2
[INFO] [1788234847.623141, 76.600000]:                     covered_vertices: ()
[INFO] [1788234847.624003, 76.600000]: Handle local replanning...
[INFO] [1788234847.624579, 76.600000]: curr path length: 50, is_loop length: 50
[INFO] [1788234847.625131, 76.600000]: Send new plan: 20 37 17  ---> 13 15 14 16 12 11 18 10 36 9 8 0 1 35 6 19 38 20 20(L) 38 26 21 23 21 22 21 24 21 25 27 31 32 29 32 30 32 28 33 38(L) 33 7 5 4 3 34 2 35(L) 
[INFO] [1788234852.990734, 82.000000]: Really visited vertices: 20 37 17 
[INFO] [1788234853.570101, 82.600000]: Replanning request. curr_vertex_idx: 3
[INFO] [1788234853.571189, 82.600000]:                     covered_vertices: ()
[INFO] [1788234853.572500, 82.600000]: Handle local replanning...
70508722, 48.100000000]: PHASE2C_KEYSCAN_ACCEPTED unique_id=37 state_id=37 sim_time=48.100000
[INFO] [1788234819.671184516, 48.700000000]: PHASE2C_KEYSCAN_ACCEPTED unique_id=38 state_id=38 sim_time=48.700000
[INFO] [1788234820.278839928, 49.300000000]: PHASE2C_KEYSCAN_ACCEPTED unique_id=39 state_id=39 sim_time=49.300000
[INFO] [1788234820.875296902, 49.900000000]: PHASE2C_KEYSCAN_ACCEPTED unique_id=40 state_id=40 sim_time=49.900000
[INFO] [1788234821.578809662, 50.600000000]: PHASE2C_KEYSCAN_ACCEPTED unique_id=41 state_id=41 sim_time=50.600000
[INFO] [1788234822.473955291, 51.500000000]: PHASE2C_KEYSCAN_ACCEPTED unique_id=42 state_id=42 sim_time=51.500000
[INFO] [1788234824.179726670, 53.200000000]: PHASE2C_KEYSCAN_ACCEPTED unique_id=43 state_id=43 sim_time=53.200000
[INFO] [1788234825.777444381, 54.800000000]: PHASE2C_KEYSCAN_ACCEPTED unique_id=44 state_id=44 sim_time=54.800000
[INFO] [1788234827.378889462, 56.400000000]: PHASE2C_KEYSCAN_ACCEPTED unique_id=45 state_id=45 sim_time=56.400000
[INFO] [1788234828.874044061, 57.900000000]: PHASE2C_KEYSCAN_ACCEPTED unique_id=46 state_id=46 sim_time=57.900000
[INFO] [1788234830.375691404, 59.400000000]: PHASE2C_KEYSCAN_ACCEPTED unique_id=47 state_id=47 sim_time=59.400000
[INFO] [1788234831.675808576, 60.700000000]: PHASE2C_KEYSCAN_ACCEPTED unique_id=48 state_id=48 sim_time=60.700000
[INFO] [1788234833.075069130, 62.100000000]: PHASE2C_KEYSCAN_ACCEPTED unique_id=49 state_id=49 sim_time=62.100000
[INFO] [1788234834.376487669, 63.400000000]: PHASE2C_KEYSCAN_ACCEPTED unique_id=50 state_id=50 sim_time=63.400000
[INFO] [1788234835.771871038, 64.800000000]: PHASE2C_KEYSCAN_ACCEPTED unique_id=51 state_id=51 sim_time=64.800000
[INFO] [1788234837.170161620, 66.200000000]: PHASE2C_KEYSCAN_ACCEPTED unique_id=52 state_id=52 sim_time=66.200000
[INFO] [1788234838.374292120, 67.400000000]: PHASE2C_KEYSCAN_ACCEPTED unique_id=53 state_id=53 sim_time=67.400000
[INFO] [1788234839.771077168, 68.800000000]: PHASE2C_KEYSCAN_ACCEPTED unique_id=54 state_id=54 sim_time=68.800000
[INFO] [1788234841.170756675, 70.200000000]: PHASE2C_KEYSCAN_ACCEPTED unique_id=55 state_id=55 sim_time=70.200000
[INFO] [1788234842.463691501, 71.500000000]: PHASE2C_KEYSCAN_ACCEPTED unique_id=56 state_id=56 sim_time=71.500000
[INFO] [1788234843.274334684, 72.300000000]: PHASE2C_KEYSCAN_ACCEPTED unique_id=57 state_id=57 sim_time=72.300000
[INFO] [1788234844.367975447, 73.400000000]: PHASE2C_KEYSCAN_ACCEPTED unique_id=58 state_id=58 sim_time=73.400000
[INFO] [1788234845.766547121, 74.800000000]: PHASE2C_KEYSCAN_ACCEPTED unique_id=59 state_id=59 sim_time=74.800000
[INFO] [1788234847.060624836, 76.100000000]: PHASE2C_KEYSCAN_ACCEPTED unique_id=60 state_id=60 sim_time=76.100000
[INFO] [1788234848.475869488, 77.500000000]: PHASE2C_KEYSCAN_ACCEPTED unique_id=61 state_id=61 sim_time=77.500000
[INFO] [1788234848.973580600, 78.000000000]: PHASE2C_KEYSCAN_ACCEPTED unique_id=62 state_id=62 sim_time=78.000000
[INFO] [1788234849.667509920, 78.700000000]: PHASE2C_KEYSCAN_ACCEPTED unique_id=63 state_id=63 sim_time=78.700000
[INFO] [1788234850.369777525, 79.400000000]: PHASE2C_KEYSCAN_ACCEPTED unique_id=64 state_id=64 sim_time=79.400000
[INFO] [1788234850.879804636, 79.900000000]: PHASE2C_KEYSCAN_ACCEPTED unique_id=65 state_id=65 sim_time=79.900000
[INFO] [1788234851.571554285, 80.600000000]: PHASE2C_KEYSCAN_ACCEPTED unique_id=66 state_id=66 sim_time=80.600000
[INFO] [1788234852.975255907, 82.000000000]: PHASE2C_KEYSCAN_ACCEPTED unique_id=67 state_id=67 sim_time=82.000000
[INFO] [1788234854.370717710, 83.400000000]: PHASE2C_KEYSCAN_ACCEPTED unique_id=68 state_id=68 sim_time=83.400000
[INFO] [1788234855.671564700, 84.700000000]: PHASE2C_KEYSCAN_ACCEPTED unique_id=69 state_id=69 sim_time=84.700000
[INFO] [1788234856.975316761, 86.000000000]: PHASE2C_KEYSCAN_ACCEPTED unique_id=70 state_id=70 sim_time=86.000000
[INFO] [1788234858.376888714, 87.400000000]: PHASE2C_KEYSCAN_ACCEPTED unique_id=71 state_id=71 sim_time=87.400000
[INFO] [1788234859.661855358, 88.700000000]: PHASE2C_KEYSCAN_ACCEPTED unique_id=72 state_id=72 sim_time=88.700000
[INFO] [1788[WARN] [1788234871.688428427, 100.700000000]: No frontier at vertex 13. #Frontier: 0
[WARN] [1788234893.706261602, 122.700000000]: No frontier at vertex 15. #Frontier: 0
234861.176936257, 90.200000000]: PHASE2C_KEYSCAN_ACCEPTED unique_id=73 state_id=73 sim_time=90.200000
[INFO] [1788234862.575687609, 91.600000000]: PHASE2C_KEYSCAN_ACCEPTED unique_id=74 state_id=74 sim_time=91.600000
[INFO] [1788234863.775924549, 92.800000000]: PHASE2C_KEYSCAN_ACCEPTED unique_id=75 state_id=75 sim_time=92.800000
[INFO] [1788234865.073512298, 94.100000000]: PHASE2C_KEYSCAN_ACCEPTED unique_id=76 state_id=76 sim_time=94.100000
[INFO] [1788234866.375723595, 95.400000000]: PHASE2C_KEYSCAN_ACCEPTED unique_id=77 state_id=77 sim_time=95.400000
[INFO] [1788234867.668423070, 96.700000000]: PHASE2C_KEYSCAN_ACCEPTED unique_id=78 state_id=78 sim_time=96.700000
[INFO] [1788234869.069860729, 98.100000000]: PHASE2C_KEYSCAN_ACCEPTED unique_id=79 state_id=79 sim_time=98.100000
[INFO] [1788234870.370306980, 99.400000000]: PHASE2C_KEYSCAN_ACCEPTED unique_id=80 state_id=80 sim_time=99.400000
[INFO] [1788234871.655577077, 100.700000000]: PHASE2C_KEYSCAN_ACCEPTED unique_id=81 state_id=81 sim_time=100.700000
[INFO] [1788234872.560152771, 101.600000000]: PHASE2C_KEYSCAN_ACCEPTED unique_id=82 state_id=82 sim_time=101.600000
[INFO] [1788234873.367327293, 102.400000000]: PHASE2C_KEYSCAN_ACCEPTED unique_id=83 state_id=83 sim_time=102.400000
[INFO] [1788234874.764634966, 103.800000000]: PHASE2C_KEYSCAN_ACCEPTED unique_id=84 state_id=84 sim_time=103.800000
[INFO] [1788234876.169107244, 105.200000000]: PHASE2C_KEYSCAN_ACCEPTED unique_id=85 state_id=85 sim_time=105.200000
[INFO] [1788234877.490992856, 106.500000000]: PHASE2C_KEYSCAN_ACCEPTED unique_id=86 state_id=86 sim_time=106.500000
[INFO] [1788234878.870527406, 107.900000000]: PHASE2C_KEYSCAN_ACCEPTED unique_id=87 state_id=87 sim_time=107.900000
[INFO] [1788234880.157141056, 109.200000000]: PHASE2C_KEYSCAN_ACCEPTED unique_id=88 state_id=88 sim_time=109.200000
[INFO] [1788234881.461952986, 110.500000000]: PHASE2C_KEYSCAN_ACCEPTED unique_id=89 state_id=89 sim_time=110.500000
[INFO] [1788234882.762385453, 111.800000000]: PHASE2C_KEYSCAN_ACCEPTED unique_id=90 state_id=90 sim_time=111.800000
[INFO] [1788234884.070862754, 113.100000000]: PHASE2C_KEYSCAN_ACCEPTED unique_id=91 state_id=91 sim_time=113.100000
[INFO] [1788234885.470798383, 114.500000000]: PHASE2C_KEYSCAN_ACCEPTED unique_id=92 state_id=92 sim_time=114.500000
[INFO] [1788234886.768640399, 115.800000000]: PHASE2C_KEYSCAN_ACCEPTED unique_id=93 state_id=93 sim_time=115.800000
[INFO] [1788234888.175066161, 117.200000000]: PHASE2C_KEYSCAN_ACCEPTED unique_id=94 state_id=94 sim_time=117.200000
[INFO] [1788234889.556835212, 118.600000000]: PHASE2C_KEYSCAN_ACCEPTED unique_id=95 state_id=95 sim_time=118.600000
[INFO] [1788234890.960722953, 120.000000000]: PHASE2C_KEYSCAN_ACCEPTED unique_id=96 state_id=96 sim_time=120.000000
[INFO] [1788234892.167839172, 121.200000000]: PHASE2C_KEYSCAN_ACCEPTED unique_id=97 state_id=97 sim_time=121.200000
[INFO] [1788234893.491738385, 122.500000000]: PHASE2C_KEYSCAN_ACCEPTED unique_id=98 state_id=98 sim_time=122.500000
[INFO] [1788234894.468160988, 123.500000000]: PHASE2C_KEYSCAN_ACCEPTED unique_id=99 state_id=99 sim_time=123.500000
[INFO] [1788234895.066446393, 124.100000000]: PHASE2C_KEYSCAN_ACCEPTED unique_id=100 state_id=100 sim_time=124.100000
[INFO] [1788234895.676240291, 124.700000000]: PHASE2C_KEYSCAN_ACCEPTED unique_id=101 state_id=101 sim_time=124.700000
[INFO] [1788234896.176944738, 125.200000000]: PHASE2C_KEYSCAN_ACCEPTED unique_id=102 state_id=102 sim_time=125.200000
[INFO] [1788234896.876736663, 125.900000000]: PHASE2C_KEYSCAN_ACCEPTED unique_id=103 state_id=103 sim_time=125.900000
[INFO] [1788234897.574246844, 126.600000000]: PHASE2C_KEYSCAN_ACCEPTED unique_id=104 state_id=104 sim_time=126.600000
[INFO] [1788234898.485752091, 127.500000000]: PHASE2C_KEYSCAN_ACCEPTED unique_id=105 state_id=105 sim_time=127.500000
[INFO] [1788234899.876068141, 128.900000000]: PHASE2C_KEYSCAN_ACCEPTED unique_id=106 state_id=106 sim_time=128.900000
[INFO] [1788234901.174428914, 130.200000000]: PHASE2C_KEYSCAN_ACCEPTED unique_id=107 state_id=107 sim_time=130.200000
[INFO] [1788234902.462628608, 131.500000000]: PH[WARN] [1788234918.636028851, 147.600000000]: No frontier at vertex 14. #Frontier: 0
[INFO] [1788234853.573382, 82.600000]: curr path length: 50, is_loop length: 50
[INFO] [1788234853.574219, 82.600000]: Send new plan: 20 37 17 13  ---> 15 14 16 12 11 18 10 36 9 8 0 1 35 6 19 38 20 20(L) 38 26 21 23 21 22 21 24 21 25 27 31 32 29 32 30 32 28 33 38(L) 33 7 5 4 3 34 2 35(L) 
[INFO] [1788234859.616362, 88.600000]: Replanning request. curr_vertex_idx: 3
[INFO] [1788234859.617111, 88.600000]:                     covered_vertices: ()
[INFO] [1788234859.617943, 88.600000]: Handle local replanning...
[INFO] [1788234859.618670, 88.600000]: curr path length: 50, is_loop length: 50
[INFO] [1788234859.619544, 88.600000]: Send new plan: 20 37 17 13  ---> 15 14 16 12 11 18 10 36 9 8 0 1 35 6 19 38 20 20(L) 38 26 21 23 21 22 21 24 21 25 27 31 32 29 32 30 32 28 33 38(L) 33 7 5 4 3 34 2 35(L) 
[INFO] [1788234865.090831, 94.100000]: Really visited vertices: 20 37 17 
[INFO] [1788234865.580920, 94.600000]: Replanning request. curr_vertex_idx: 3
[INFO] [1788234865.582033, 94.600000]:                     covered_vertices: ()
[INFO] [1788234865.583056, 94.600000]: Handle local replanning...
[INFO] [1788234865.584001, 94.600000]: curr path length: 50, is_loop length: 50
[INFO] [1788234865.584730, 94.600000]: Send new plan: 20 37 17 13  ---> 15 14 16 12 11 18 10 36 9 8 0 1 35 6 19 38 20 20(L) 38 26 21 23 21 22 21 24 21 25 27 31 32 29 32 30 32 28 33 38(L) 33 7 5 4 3 34 2 35(L) 
[INFO] [1788234871.684557, 100.700000]: Replanning request. curr_vertex_idx: 3
[INFO] [1788234871.685546, 100.700000]:                     covered_vertices: ()
[INFO] [1788234871.686166, 100.700000]: Handle local replanning...
[INFO] [1788234871.686894, 100.700000]: curr path length: 50, is_loop length: 50
[INFO] [1788234871.687607, 100.700000]: Send new plan: 20 37 17 13  ---> 15 14 16 12 11 18 10 36 9 8 0 1 35 6 19 38 20 20(L) 38 26 21 23 21 22 21 24 21 25 27 31 32 29 32 30 32 28 33 38(L) 33 7 5 4 3 34 2 35(L) 
[INFO] [1788234877.616941, 106.600000]: Replanning request. curr_vertex_idx: 4
[INFO] [1788234877.618065, 106.600000]:                     covered_vertices: ()
[INFO] [1788234877.618807, 106.600000]: Handle local replanning...
[INFO] [1788234877.619502, 106.600000]: curr path length: 50, is_loop length: 50
[INFO] [1788234877.620301, 106.600000]: Send new plan: 20 37 17 13 15  ---> 14 16 12 11 18 10 36 9 8 0 1 35 6 19 38 20 20(L) 38 26 21 23 21 22 21 24 21 25 27 31 32 29 32 30 32 28 33 38(L) 33 7 5 4 3 34 2 35(L) 
[INFO] [1788234882.782499, 111.800000]: Really visited vertices: 20 37 17 13 
[INFO] [1788234883.658265, 112.700000]: Replanning request. curr_vertex_idx: 4
[INFO] [1788234883.659328, 112.700000]:                     covered_vertices: ()
[INFO] [1788234883.659934, 112.700000]: Handle local replanning...
[INFO] [1788234883.660602, 112.700000]: curr path length: 50, is_loop length: 50
[INFO] [1788234883.661186, 112.700000]: Send new plan: 20 37 17 13 15  ---> 14 16 12 11 18 10 36 9 8 0 1 35 6 19 38 20 20(L) 38 26 21 23 21 22 21 24 21 25 27 31 32 29 32 30 32 28 33 38(L) 33 7 5 4 3 34 2 35(L) 
[INFO] [1788234889.702900, 118.700000]: Replanning request. curr_vertex_idx: 4
[INFO] [1788234889.703608, 118.700000]:                     covered_vertices: ()
[INFO] [1788234889.704463, 118.700000]: Handle local replanning...
[INFO] [1788234889.704919, 118.700000]: curr path length: 50, is_loop length: 50
[INFO] [1788234889.705402, 118.700000]: Send new plan: 20 37 17 13 15  ---> 14 16 12 11 18 10 36 9 8 0 1 35 6 19 38 20 20(L) 38 26 21 23 21 22 21 24 21 25 27 31 32 29 32 30 32 28 33 38(L) 33 7 5 4 3 34 2 35(L) 
[INFO] [1788234893.703266, 122.700000]: Replanning request. curr_vertex_idx: 4
[INFO] [1788234893.704147, 122.700000]:                     covered_vertices: ()
[INFO] [1788234893.704837, 122.700000]: Handle local replanning...
[INFO] [1788234893.705285, 122.700000]: curr path length: 50, is_loop length: 50
[INFO] [1788234893.705657, 122.700000]: Send new plan: 20 37 17 13 15  ---> 14 16 12 11 18 10 36 9 8 0 1 35 6 19 38 20 20(L) 38 26 21 23 21 22 21 24 21 25 27 31 32 29 32 30 32 28 33 38(L) 33 7 5 4 3 34 2 35(L) 
[INFO] [1788234898.529771, 127.500000]: Really visited vertices: 20 37 17 13 15 
[INFO] [1788234899.615016, 128.600000]: Replanning request. curr_vertex_idx: 5
[INFO] [1788234899.615908, 128.600000]:                     covered_vertices: ()
[INFO] [1788234899.616586, 128.600000]: Handle local replanning...
[INFO] [1788234899.617099, 128.600000]: curr path length: 50, is_loop length: 50
[INFO] [1788234899.617631, 128.600000]: Send new plan: 20 37 17 13 15 14  ---> 16 12 11 18 10 36 9 8 0 1 35 6 19 38 20 20(L) 38 26 21 23 21 22 21 24 21 25 27 31 32 29 32 30 32 28 33 38(L) 33 7 5 4 3 34 2 35(L) 
[INFO] [1788234905.093498, 134.100000]: Really visited vertices: 20 37 17 13 15 
[INFO] [1788234905.604385, 134.600000]: Replanning request. curr_vertex_idx: 5
[INFO] [1788234905.605451, 134.600000]:                     covered_vertices: ()
[INFO] [1788234905.606005, 134.600000]: Handle local replanning...
[INFO] [1788234905.606431, 134.600000]: curr path length: 50, is_loop length: 50
[INFO] [1788234905.606872, 134.600000]: Send new plan: 20 37 17 13 15 14  ---> 16 12 11 18 10 36 9 8 0 1 35 6 19 38 20 20(L) 38 26 21 23 21 22 21 24 21 25 27 31 32 29 32 30 32 28 33 38(L) 33 7 5 4 3 34 2 35(L) 
[INFO] [1788234910.630166, 139.600000]: Replanning request. curr_vertex_idx: 5
[INFO] [1788234910.630970, 139.600000]:                     covered_vertices: ()
[INFO] [1788234910.631668, 139.600000]: Handle local replanning...
[INFO] [1788234910.632273, 139.600000]: curr path length: 50, is_loop length: 50
[INFO] [1788234910.632801, 139.600000]: Send new plan: 20 37 17 13 15 14  ---> 16 12 11 18 10 36 9 8 0 1 35 6 19 38 20 20(L) 38 26 21 23 21 22 21 24 21 25 27 31 32 29 32 30 32 28 33 38(L) 33 7 5 4 3 34 2 35(L) 
[INFO] [1788234912.624543, 141.600000]: Replanning request. curr_vertex_idx: 5
[INFO] [1788234912.625449, 141.600000]:                     covered_vertices: ()
[INFO] [1788234912.626271, 141.600000]: Handle local replanning...
[INFO] [1788234912.626938, 141.600000]: curr path length: 50, is_loop length: 50
[INFO] [1788234912.627682, 141.600000]: Send new plan: 20 37 17 13 15 14  ---> 16 12 11 18 10 36 9 8 0 1 35 6 19 38 20 20(L) 38 26 21 23 21 22 21 24 21 25 27 31 32 29 32 30 32 28 33 38(L) 33 7 5 4 3 34 2 35(L) 
[INFO] [1788234918.632344, 147.600000]: Replanning request. curr_vertex_idx: 5
[INFO] [1788234918.633265, 147.600000]:                     covered_vertices: ()
[INFO] [1788234918.633983, 147.600000]: Handle local replanning...
[INFO] [1788234918.634727, 147.600000]: curr path length: 50, is_loop length: 50
[INFO] [1788234918.635357, 147.600000]: Send new plan: 20 37 17 13 15 14  ---> 16 12 11 18 10 36 9 8 0 1 35 6 19 38 20 20(L) 38 26 21 23 21 22 21 24 21 25 27 31 32 29 32 30 32 28 33 38(L) 33 7 5 4 3 34 2 35(L) 
[INFO] [1788234924.230876, 153.200000]: Really visited vertices: 20 37 17 13 15 14 
[INFO] [1788234924.600562, 153.600000]: Replanning request. curr_vertex_idx: 6
[INFO] [1788234924.601329, 153.600000]:                     covered_vertices: ()
[INFO] [1788234924.601866, 153.600000]: Handle local replanning...
[INFO] [1788234924.602305, 153.600000]: curr path length: 50, is_loop length: 50
[INFO] [1788234924.602754, 153.600000]: Send new plan: 20 37 17 13 15 14 16  ---> 12 11 18 10 36 9 8 0 1 35 6 19 38 20 20(L) 38 26 21 23 21 22 21 24 21 25 27 31 32 29 32 30 32 28 33 38(L) 33 7 5 4 3 34 2 35(L) 
[INFO] [1788234929.727959, 158.700000]: Really visited vertices: 20 37 17 13 15 14 
[INFO] [1788234930.609095, 159.600000]: Replanning request. curr_vertex_idx: 6
[INFO] [1788234930.610149, 159.600000]:                     covered_vertices: ()
[INFO] [1788234930.610831, 159.600000]: Handle local replanning...
[INFO] [1788234930.611538, 159.600000]: curr path length: 50, is_loop length: 50
[INFO] [1788234930.612205, 159.600000]: Send new plan: 20 37 17 13 15 14 16  ---> 12 11 18 10 36 9 8 0 1 35 6 19 38 20 20(L) 38 26 21 23 21 22 21 24 21 25 27 31 32 29 32 30 32 28 33 38(L) 33 7 5 4 3 34 2 35(L) 
[INFO] [1788234936.703359, 165.700000]: Replanning request. curr_vertex_idx: 6
[INFO] [1788234936.704307, 165.700000]:                     covered_vertices: ()
[INFO] [1788234779.254052670, 8.300000000]: Navigator is now initialized.
[INFO] [1788234788.472820876, 17.500000000]: Call local replanning...
[INFO] [1788234788.477354591, 17.500000000]: Reach vertex 20
[INFO] [1788234788.477411226, 17.500000000]: Set newGoal 37
[INFO] [1788234788.477437061, 17.500000000]: Find middle goal point.
[INFO] [1788234789.479112952, 18.500000000]: Call local replanning...
[INFO] [1788234789.508305791, 18.500000000]: Find middle goal point.
[INFO] [1788234795.483989904, 24.500000000]: Call local replanning...
[INFO] [1788234795.514047752, 24.500000000]: Find middle goal point.
[INFO] [1788234801.515021978, 30.500000000]: Call local replanning...
[INFO] [1788234801.544252932, 30.500000000]: Reach vertex 37
[INFO] [1788234801.553669205, 30.600000000]: Explore Goal 37 's frontiers...
[INFO] [1788234806.562555662, 35.600000000]: Call local replanning...
[INFO] [1788234806.600615239, 35.600000000]: Explore Goal 37 's frontiers...
[INFO] [1788234811.584595584, 40.600000000]: Call local replanning...
[INFO] [1788234811.621968761, 40.600000000]: Explore Goal 37 's frontiers...
[INFO] [1788234817.577225704, 46.600000000]: Call local replanning...
[INFO] [1788234817.625361692, 46.600000000]: Explore Goal 37 's frontiers...
[INFO] [1788234823.553026573, 52.600000000]: Call local replanning...
[INFO] [1788234823.577950400, 52.600000000]: Set newGoal 17
[INFO] [1788234829.550829806, 58.600000000]: Call local replanning...
[INFO] [1788234835.577702955, 64.600000000]: Call local replanning...
[INFO] [1788234835.599502801, 64.600000000]: Reach vertex 17
[INFO] [1788234835.610524438, 64.600000000]: Explore Goal 17 's frontiers...
[INFO] [1788234841.570960612, 70.600000000]: Call local replanning...
[INFO] [1788234841.579808787, 70.600000000]: Explore Goal 17 's frontiers...
[INFO] [1788234847.620296357, 76.600000000]: Call local replanning...
[INFO] [1788234847.626258316, 76.600000000]: Set newGoal 13
[INFO] [1788234853.568854426, 82.600000000]: Call local replanning...
[INFO] [1788234859.615227613, 88.600000000]: Call local replanning...
[INFO] [1788234865.579953315, 94.600000000]: Call local replanning...
[INFO] [1788234871.683272939, 100.700000000]: Call local replanning...
[INFO] [1788234871.688403402, 100.700000000]: Reach vertex 13
[INFO] [1788234871.688457356, 100.700000000]: Set newGoal 15
[INFO] [1788234871.688472590, 100.700000000]: Find middle goal point.
[INFO] [1788234877.615779893, 106.600000000]: Call local replanning...
[INFO] [1788234877.621587352, 106.600000000]: Find middle goal point.
[INFO] [1788234883.657086242, 112.700000000]: Call local replanning...
[INFO] [1788234883.662249861, 112.700000000]: Find middle goal point.
[INFO] [1788234889.701792017, 118.700000000]: Call local replanning...
[INFO] [1788234889.706304701, 118.700000000]: Reach vertex 15
[INFO] [1788234889.713970940, 118.700000000]: Explore Goal 15 's frontiers...
[INFO] [1788234893.702088672, 122.700000000]: Call local replanning...
[INFO] [1788234893.706292466, 122.700000000]: Set newGoal 14
[INFO] [1788234899.613793337, 128.600000000]: Call local replanning...
[INFO] [1788234905.603292183, 134.600000000]: Call local replanning...
[INFO] [1788234905.607599153, 134.600000000]: Reach vertex 14
[INFO] [1788234905.611811779, 134.600000000]: Explore Goal 14 's frontiers...
[INFO] [1788234910.629006912, 139.600000000]: Call local replanning...
[INFO] [1788234910.634523084, 139.600000000]: Explore Goal 14 's frontiers...
[INFO] [1788234912.623344633, 141.600000000]: Call local replanning...
[INFO] [1788234912.633441019, 141.600000000]: Explore Goal 14 's frontiers...
[INFO] [1788234918.631108918, 147.600000000]: Call local replanning...
[INFO] [1788234918.636054547, 147.600000000]: Set newGoal 16
[INFO] [1788234924.599285105, 153.600000000]: Call local replanning...
[INFO] [1788234930.607956952, 159.600000000]: Call local replanning...
[INFO] [1788234936.702216881, 165.700000000]: Call local replanning...
[INFO] [1788234942.689604561, 171.700000000]: Call local replanning...
[INFO] [1788234942.694553268, 171.700000000]: Reach ver[WARN] [1788234942.694600633, 171.700000000]: No frontier at vertex 16. #Frontier: 0
ASE2C_KEYSCAN_ACCEPTED unique_id=108 state_id=108 sim_time=131.500000
[INFO] [1788234903.765810594, 132.800000000]: PHASE2C_KEYSCAN_ACCEPTED unique_id=109 state_id=109 sim_time=132.800000
[INFO] [1788234905.068981601, 134.100000000]: PHASE2C_KEYSCAN_ACCEPTED unique_id=110 state_id=110 sim_time=134.100000
[INFO] [1788234906.578338128, 135.600000000]: PHASE2C_KEYSCAN_ACCEPTED unique_id=111 state_id=111 sim_time=135.600000
[INFO] [1788234908.076478060, 137.100000000]: PHASE2C_KEYSCAN_ACCEPTED unique_id=112 state_id=112 sim_time=137.100000
[INFO] [1788234909.470173002, 138.500000000]: PHASE2C_KEYSCAN_ACCEPTED unique_id=113 state_id=113 sim_time=138.500000
[INFO] [1788234910.768301683, 139.800000000]: PHASE2C_KEYSCAN_ACCEPTED unique_id=114 state_id=114 sim_time=139.800000
[INFO] [1788234912.491196963, 141.500000000]: PHASE2C_KEYSCAN_ACCEPTED unique_id=115 state_id=115 sim_time=141.500000
[INFO] [1788234913.068454536, 142.100000000]: PHASE2C_KEYSCAN_ACCEPTED unique_id=116 state_id=116 sim_time=142.100000
[INFO] [1788234913.769883398, 142.800000000]: PHASE2C_KEYSCAN_ACCEPTED unique_id=117 state_id=117 sim_time=142.800000
[INFO] [1788234914.268750360, 143.300000000]: PHASE2C_KEYSCAN_ACCEPTED unique_id=118 state_id=118 sim_time=143.300000
[INFO] [1788234914.974931313, 144.000000000]: PHASE2C_KEYSCAN_ACCEPTED unique_id=119 state_id=119 sim_time=144.000000
[INFO] [1788234915.574340140, 144.600000000]: PHASE2C_KEYSCAN_ACCEPTED unique_id=120 state_id=120 sim_time=144.600000
[INFO] [1788234917.184962366, 146.200000000]: PHASE2C_KEYSCAN_ACCEPTED unique_id=121 state_id=121 sim_time=146.200000
[INFO] [1788234918.501754905, 147.500000000]: PHASE2C_KEYSCAN_ACCEPTED unique_id=122 state_id=122 sim_time=147.500000
[INFO] [1788234920.091439409, 149.100000000]: PHASE2C_KEYSCAN_ACCEPTED unique_id=123 state_id=123 sim_time=149.100000
[INFO] [1788234921.579567686, 150.600000000]: PHASE2C_KEYSCAN_ACCEPTED unique_id=124 state_id=124 sim_time=150.600000
[INFO] [1788234922.873290890, 151.900000000]: PHASE2C_KEYSCAN_ACCEPTED unique_id=125 state_id=125 sim_time=151.900000
[INFO] [1788234924.180135402, 153.200000000]: PHASE2C_KEYSCAN_ACCEPTED unique_id=126 state_id=126 sim_time=153.200000
[INFO] [1788234925.591629825, 154.600000000]: PHASE2C_KEYSCAN_ACCEPTED unique_id=127 state_id=127 sim_time=154.600000
[INFO] [1788234926.969569115, 156.000000000]: PHASE2C_KEYSCAN_ACCEPTED unique_id=128 state_id=128 sim_time=156.000000
[INFO] [1788234928.389129279, 157.400000000]: PHASE2C_KEYSCAN_ACCEPTED unique_id=129 state_id=129 sim_time=157.400000
[INFO] [1788234929.673121953, 158.700000000]: PHASE2C_KEYSCAN_ACCEPTED unique_id=130 state_id=130 sim_time=158.700000
[INFO] [1788234931.071969827, 160.100000000]: PHASE2C_KEYSCAN_ACCEPTED unique_id=131 state_id=131 sim_time=160.100000
[INFO] [1788234932.373099828, 161.400000000]: PHASE2C_KEYSCAN_ACCEPTED unique_id=132 state_id=132 sim_time=161.400000
[INFO] [1788234933.787909140, 162.800000000]: PHASE2C_KEYSCAN_ACCEPTED unique_id=133 state_id=133 sim_time=162.800000
[INFO] [1788234935.175736086, 164.200000000]: PHASE2C_KEYSCAN_ACCEPTED unique_id=134 state_id=134 sim_time=164.200000
[INFO] [1788234936.505699815, 165.500000000]: PHASE2C_KEYSCAN_ACCEPTED unique_id=135 state_id=135 sim_time=165.500000
[INFO] [1788234937.872219081, 166.900000000]: PHASE2C_KEYSCAN_ACCEPTED unique_id=136 state_id=136 sim_time=166.900000
[INFO] [1788234939.176448628, 168.200000000]: PHASE2C_KEYSCAN_ACCEPTED unique_id=137 state_id=137 sim_time=168.200000
[INFO] [1788234940.671416610, 169.700000000]: PHASE2C_KEYSCAN_ACCEPTED unique_id=138 state_id=138 sim_time=169.700000
[INFO] [1788234941.975157206, 171.000000000]: PHASE2C_KEYSCAN_ACCEPTED unique_id=139 state_id=139 sim_time=171.000000
[INFO] [1788234943.271249653, 172.300000000]: PHASE2C_KEYSCAN_ACCEPTED unique_id=140 state_id=140 sim_time=172.300000
[INFO] [1788234944.671505848, 173.700000000]: PHASE2C_KEYSCAN_ACCEPTED unique_id=141 state_id=141 sim_time=173.700000
[INFO] [1788234946.057319081, 175.100000000]: PHASE2C_KEYSCAN_ACCEPTED unique_id=142 state_id=142 sim_time=175.100000
[INFO] [178823[WARN] [1788234967.281005112, 196.300000000]: Add one Loop closure. 1 loops have been added.
[WARN] [1788234978.763661113, 207.800000000]: No frontier at vertex 12. #Frontier: 0
4947.371853470, 176.400000000]: PHASE2C_KEYSCAN_ACCEPTED unique_id=143 state_id=143 sim_time=176.400000
[INFO] [1788234948.558708037, 177.600000000]: PHASE2C_KEYSCAN_ACCEPTED unique_id=144 state_id=144 sim_time=177.600000
[INFO] [1788234949.975790114, 179.000000000]: PHASE2C_KEYSCAN_ACCEPTED unique_id=145 state_id=145 sim_time=179.000000
[INFO] [1788234951.168524995, 180.200000000]: PHASE2C_KEYSCAN_ACCEPTED unique_id=146 state_id=146 sim_time=180.200000
[INFO] [1788234952.480713125, 181.500000000]: PHASE2C_KEYSCAN_ACCEPTED unique_id=147 state_id=147 sim_time=181.500000
[INFO] [1788234953.878585614, 182.900000000]: PHASE2C_KEYSCAN_ACCEPTED unique_id=148 state_id=148 sim_time=182.900000
[INFO] [1788234955.175104093, 184.200000000]: PHASE2C_KEYSCAN_ACCEPTED unique_id=149 state_id=149 sim_time=184.200000
[INFO] [1788234956.363671661, 185.400000000]: PHASE2C_KEYSCAN_ACCEPTED unique_id=150 state_id=150 sim_time=185.400000
[INFO] [1788234957.769502781, 186.800000000]: PHASE2C_KEYSCAN_ACCEPTED unique_id=151 state_id=151 sim_time=186.800000
[INFO] [1788234959.071924364, 188.100000000]: PHASE2C_KEYSCAN_ACCEPTED unique_id=152 state_id=152 sim_time=188.100000
[INFO] [1788234960.660669985, 189.700000000]: PHASE2C_KEYSCAN_ACCEPTED unique_id=153 state_id=153 sim_time=189.700000
[INFO] [1788234961.973707157, 191.000000000]: PHASE2C_KEYSCAN_ACCEPTED unique_id=154 state_id=154 sim_time=191.000000
[INFO] [1788234963.262946500, 192.300000000]: PHASE2C_KEYSCAN_ACCEPTED unique_id=155 state_id=155 sim_time=192.300000
[INFO] [1788234964.568181594, 193.600000000]: PHASE2C_KEYSCAN_ACCEPTED unique_id=156 state_id=156 sim_time=193.600000
[INFO] [1788234965.956691652, 195.000000000]: PHASE2C_KEYSCAN_ACCEPTED unique_id=157 state_id=157 sim_time=195.000000
[INFO] [1788234967.281093585, 196.300000000]: PHASE4A_LOOP_CLOSED seq=1 current_scan=158 chain_start=69 chain_end=72
[INFO] [1788234967.281157827, 196.300000000]: PHASE2C_KEYSCAN_ACCEPTED unique_id=158 state_id=158 sim_time=196.300000
[INFO] [1788234968.586483662, 197.600000000]: PHASE2C_KEYSCAN_ACCEPTED unique_id=159 state_id=159 sim_time=197.600000
[INFO] [1788234969.774569764, 198.800000000]: PHASE2C_KEYSCAN_ACCEPTED unique_id=160 state_id=160 sim_time=198.800000
[INFO] [1788234971.091323125, 200.100000000]: PHASE2C_KEYSCAN_ACCEPTED unique_id=161 state_id=161 sim_time=200.100000
[INFO] [1788234972.512593372, 201.500000000]: PHASE2C_KEYSCAN_ACCEPTED unique_id=162 state_id=162 sim_time=201.500000
[INFO] [1788234973.889559945, 202.900000000]: PHASE2C_KEYSCAN_ACCEPTED unique_id=163 state_id=163 sim_time=202.900000
[INFO] [1788234975.176140419, 204.200000000]: PHASE2C_KEYSCAN_ACCEPTED unique_id=164 state_id=164 sim_time=204.200000
[INFO] [1788234976.885861367, 205.900000000]: PHASE2C_KEYSCAN_ACCEPTED unique_id=165 state_id=165 sim_time=205.900000
[INFO] [1788234977.474874320, 206.500000000]: PHASE2C_KEYSCAN_ACCEPTED unique_id=166 state_id=166 sim_time=206.500000
[INFO] [1788234978.877950737, 207.900000000]: PHASE2C_KEYSCAN_ACCEPTED unique_id=167 state_id=167 sim_time=207.900000
[INFO] [1788234979.774473766, 208.800000000]: PHASE2C_KEYSCAN_ACCEPTED unique_id=168 state_id=168 sim_time=208.800000
[INFO] [1788234980.384846250, 209.400000000]: PHASE2C_KEYSCAN_ACCEPTED unique_id=169 state_id=169 sim_time=209.400000
[INFO] [1788234981.089474777, 210.100000000]: PHASE2C_KEYSCAN_ACCEPTED unique_id=170 state_id=170 sim_time=210.100000
[INFO] [1788234981.690424298, 210.700000000]: PHASE2C_KEYSCAN_ACCEPTED unique_id=171 state_id=171 sim_time=210.700000
[INFO] [1788234983.502190693, 212.500000000]: PHASE2C_KEYSCAN_ACCEPTED unique_id=172 state_id=172 sim_time=212.500000
[INFO] [1788234984.889241053, 213.900000000]: PHASE2C_KEYSCAN_ACCEPTED unique_id=173 state_id=173 sim_time=213.900000
[INFO] [1788234986.303738891, 215.300000000]: PHASE2C_KEYSCAN_ACCEPTED unique_id=174 state_id=174 sim_time=215.300000
[INFO] [1788234987.595372049, 216.600000000]: PHASE2C_KEYSCAN_ACCEPTED unique_id=175 state_id=175 sim_time=216.600000
[INFO] [1788234989.205629764, 218.200000000]: PHASE2C_KEYSCAN_ACCEPTED unique_id=176 state_id=176 s[WARN] [1788235004.667247705, 233.700000000]: No frontier at vertex 11. #Frontier: 0
[INFO] [1788234936.705001, 165.700000]: Handle local replanning...
[INFO] [1788234936.705502, 165.700000]: curr path length: 50, is_loop length: 50
[INFO] [1788234936.705956, 165.700000]: Send new plan: 20 37 17 13 15 14 16  ---> 12 11 18 10 36 9 8 0 1 35 6 19 38 20 20(L) 38 26 21 23 21 22 21 24 21 25 27 31 32 29 32 30 32 28 33 38(L) 33 7 5 4 3 34 2 35(L) 
[INFO] [1788234942.005153, 171.000000]: Really visited vertices: 20 37 17 13 15 14 15 
[INFO] [1788234942.690774, 171.700000]: Replanning request. curr_vertex_idx: 6
[INFO] [1788234942.691765, 171.700000]:                     covered_vertices: ()
[INFO] [1788234942.692407, 171.700000]: Handle local replanning...
[INFO] [1788234942.692868, 171.700000]: curr path length: 50, is_loop length: 50
[INFO] [1788234942.693531, 171.700000]: Send new plan: 20 37 17 13 15 14 16  ---> 12 11 18 10 36 9 8 0 1 35 6 19 38 20 20(L) 38 26 21 23 21 22 21 24 21 25 27 31 32 29 32 30 32 28 33 38(L) 33 7 5 4 3 34 2 35(L) 
[INFO] [1788234948.688562, 177.700000]: Replanning request. curr_vertex_idx: 7
[INFO] [1788234948.689378, 177.700000]:                     covered_vertices: ()
[INFO] [1788234948.690026, 177.700000]: Handle local replanning...
[INFO] [1788234948.690522, 177.700000]: curr path length: 50, is_loop length: 50
[INFO] [1788234948.691086, 177.700000]: Send new plan: 20 37 17 13 15 14 16 12  ---> 11 18 10 36 9 8 0 1 35 6 19 38 20 20(L) 38 26 21 23 21 22 21 24 21 25 27 31 32 29 32 30 32 28 33 38(L) 33 7 5 4 3 34 2 35(L) 
[INFO] [1788234953.942000, 182.900000]: Really visited vertices: 20 37 17 13 15 14 15 16 
[INFO] [1788234954.617682, 183.600000]: Replanning request. curr_vertex_idx: 7
[INFO] [1788234954.618432, 183.600000]:                     covered_vertices: ()
[INFO] [1788234954.619178, 183.600000]: Handle local replanning...
[INFO] [1788234954.619917, 183.600000]: curr path length: 50, is_loop length: 50
[INFO] [1788234954.620503, 183.600000]: Send new plan: 20 37 17 13 15 14 16 12  ---> 11 18 10 36 9 8 0 1 35 6 19 38 20 20(L) 38 26 21 23 21 22 21 24 21 25 27 31 32 29 32 30 32 28 33 38(L) 33 7 5 4 3 34 2 35(L) 
[INFO] [1788234960.631962, 189.600000]: Replanning request. curr_vertex_idx: 7
[INFO] [1788234960.632949, 189.600000]:                     covered_vertices: ()
[INFO] [1788234960.633753, 189.600000]: Handle local replanning...
[INFO] [1788234960.634261, 189.600000]: curr path length: 50, is_loop length: 50
[INFO] [1788234960.634905, 189.600000]: Send new plan: 20 37 17 13 15 14 16 12  ---> 11 18 10 36 9 8 0 1 35 6 19 38 20 20(L) 38 26 21 23 21 22 21 24 21 25 27 31 32 29 32 30 32 28 33 38(L) 33 7 5 4 3 34 2 35(L) 
[INFO] [1788234965.990163, 195.000000]: Really visited vertices: 20 37 17 13 15 14 15 16 17 
[INFO] [1788234966.688601, 195.700000]: Replanning request. curr_vertex_idx: 7
[INFO] [1788234966.689446, 195.700000]:                     covered_vertices: ()
[INFO] [1788234966.690173, 195.700000]: Handle local replanning...
[INFO] [1788234966.690679, 195.700000]: curr path length: 50, is_loop length: 50
[INFO] [1788234966.691171, 195.700000]: Send new plan: 20 37 17 13 15 14 16 12  ---> 11 18 10 36 9 8 0 1 35 6 19 38 20 20(L) 38 26 21 23 21 22 21 24 21 25 27 31 32 29 32 30 32 28 33 38(L) 33 7 5 4 3 34 2 35(L) 
[INFO] [1788234972.648637, 201.700000]: Replanning request. curr_vertex_idx: 7
[INFO] [1788234972.649482, 201.700000]:                     covered_vertices: ()
[INFO] [1788234972.650046, 201.700000]: Handle local replanning...
[INFO] [1788234972.650623, 201.700000]: curr path length: 50, is_loop length: 50
[INFO] [1788234972.651302, 201.700000]: Send new plan: 20 37 17 13 15 14 16 12  ---> 11 18 10 36 9 8 0 1 35 6 19 38 20 20(L) 38 26 21 23 21 22 21 24 21 25 27 31 32 29 32 30 32 28 33 38(L) 33 7 5 4 3 34 2 35(L) 
[INFO] [1788234975.723531, 204.700000]: Replanning request. curr_vertex_idx: 7
[INFO] [1788234975.724195, 204.700000]:                     covered_vertices: ()
[INFO] [1788234975.724741, 204.700000]: Handle local replanning...
[INFO] [1788234975.725193, 204.700000]: curr path length: 50, is_loop length: 50
[INFO] [1788234975.725615, 204.700000]: Send new plan: 20 37 17 13 15 14 16 12  ---> 11 18 10 36 9 8 0 1 35 6 19 38 20 20(L) 38 26 21 23 21 22 21 24 21 25 27 31 32 29 32 30 32 28 33 38(L) 33 7 5 4 3 34 2 35(L) 
[INFO] [1788234978.759966, 207.800000]: Replanning request. curr_vertex_idx: 7
[INFO] [1788234978.760714, 207.800000]:                     covered_vertices: ()
[INFO] [1788234978.761412, 207.800000]: Handle local replanning...
[INFO] [1788234978.761981, 207.800000]: curr path length: 50, is_loop length: 50
[INFO] [1788234978.762595, 207.800000]: Send new plan: 20 37 17 13 15 14 16 12  ---> 11 18 10 36 9 8 0 1 35 6 19 38 20 20(L) 38 26 21 23 21 22 21 24 21 25 27 31 32 29 32 30 32 28 33 38(L) 33 7 5 4 3 34 2 35(L) 
[INFO] [1788234984.646312, 213.700000]: Replanning request. curr_vertex_idx: 8
[INFO] [1788234984.647120, 213.700000]:                     covered_vertices: ()
[INFO] [1788234984.648039, 213.700000]: Handle local replanning...
[INFO] [1788234984.648721, 213.700000]: curr path length: 50, is_loop length: 50
[INFO] [1788234984.649314, 213.700000]: Send new plan: 20 37 17 13 15 14 16 12 11  ---> 18 10 36 9 8 0 1 35 6 19 38 20 20(L) 38 26 21 23 21 22 21 24 21 25 27 31 32 29 32 30 32 28 33 38(L) 33 7 5 4 3 34 2 35(L) 
[INFO] [1788234990.738529, 219.700000]: Replanning request. curr_vertex_idx: 8
[INFO] [1788234990.739346, 219.700000]:                     covered_vertices: ()
[INFO] [1788234990.740010, 219.700000]: Handle local replanning...
[INFO] [1788234990.740677, 219.700000]: curr path length: 50, is_loop length: 50
[INFO] [1788234990.741295, 219.700000]: Send new plan: 20 37 17 13 15 14 16 12 11  ---> 18 10 36 9 8 0 1 35 6 19 38 20 20(L) 38 26 21 23 21 22 21 24 21 25 27 31 32 29 32 30 32 28 33 38(L) 33 7 5 4 3 34 2 35(L) 
[INFO] [1788234996.654050, 225.700000]: Replanning request. curr_vertex_idx: 8
[INFO] [1788234996.654759, 225.700000]:                     covered_vertices: ()
[INFO] [1788234996.655248, 225.700000]: Handle local replanning...
[INFO] [1788234996.655703, 225.700000]: curr path length: 50, is_loop length: 50
[INFO] [1788234996.656160, 225.700000]: Send new plan: 20 37 17 13 15 14 16 12 11  ---> 18 10 36 9 8 0 1 35 6 19 38 20 20(L) 38 26 21 23 21 22 21 24 21 25 27 31 32 29 32 30 32 28 33 38(L) 33 7 5 4 3 34 2 35(L) 
[INFO] [1788235000.660392, 229.700000]: Replanning request. curr_vertex_idx: 8
[INFO] [1788235000.661237, 229.700000]:                     covered_vertices: ()
[INFO] [1788235000.661928, 229.700000]: Handle local replanning...
[INFO] [1788235000.662415, 229.700000]: curr path length: 50, is_loop length: 50
[INFO] [1788235000.662851, 229.700000]: Send new plan: 20 37 17 13 15 14 16 12 11  ---> 18 10 36 9 8 0 1 35 6 19 38 20 20(L) 38 26 21 23 21 22 21 24 21 25 27 31 32 29 32 30 32 28 33 38(L) 33 7 5 4 3 34 2 35(L) 
[INFO] [1788235002.658284, 231.700000]: Replanning request. curr_vertex_idx: 8
[INFO] [1788235002.659088, 231.700000]:                     covered_vertices: ()
[INFO] [1788235002.659785, 231.700000]: Handle local replanning...
[INFO] [1788235002.660376, 231.700000]: curr path length: 50, is_loop length: 50
[INFO] [1788235002.661190, 231.700000]: Send new plan: 20 37 17 13 15 14 16 12 11  ---> 18 10 36 9 8 0 1 35 6 19 38 20 20(L) 38 26 21 23 21 22 21 24 21 25 27 31 32 29 32 30 32 28 33 38(L) 33 7 5 4 3 34 2 35(L) 
[INFO] [1788235004.663914, 233.700000]: Replanning request. curr_vertex_idx: 8
[INFO] [1788235004.664688, 233.700000]:                     covered_vertices: ()
[INFO] [1788235004.665218, 233.700000]: Handle local replanning...
[INFO] [1788235004.665850, 233.700000]: curr path length: 50, is_loop length: 50
[INFO] [1788235004.666594, 233.700000]: Send new plan: 20 37 17 13 15 14 16 12 11  ---> 18 10 36 9 8 0 1 35 6 19 38 20 20(L) 38 26 21 23 21 22 21 24 21 25 27 31 32 29 32 30 32 28 33 38(L) 33 7 5 4 3 34 2 35(L) 
[INFO] [1788235009.713781, 238.700000]: Really visited vertices: 20 37 17 13 15 14 15 16 17 12 17 11 
[INFO] [1788235010.709114, 239.700000]: Replanning request. curr_vertex_idx: 9
[INFO] [1788235010.709913, 239.700000]:                     covered_vertices: ()
im_time=218.200000
[INFO] [1788234991.184557927, 220.200000000]: PHASE2C_KEYSCAN_ACCEPTED unique_id=177 state_id=177 sim_time=220.200000
[INFO] [1788234992.577631955, 221.600000000]: PHASE2C_KEYSCAN_ACCEPTED unique_id=178 state_id=178 sim_time=221.600000
[INFO] [1788234993.874812032, 222.900000000]: PHASE2C_KEYSCAN_ACCEPTED unique_id=179 state_id=179 sim_time=222.900000
[INFO] [1788234995.170770061, 224.200000000]: PHASE2C_KEYSCAN_ACCEPTED unique_id=180 state_id=180 sim_time=224.200000
[INFO] [1788234997.070803987, 226.100000000]: PHASE2C_KEYSCAN_ACCEPTED unique_id=181 state_id=181 sim_time=226.100000
[INFO] [1788234998.565841790, 227.600000000]: PHASE2C_KEYSCAN_ACCEPTED unique_id=182 state_id=182 sim_time=227.600000
[INFO] [1788234999.862865913, 228.900000000]: PHASE2C_KEYSCAN_ACCEPTED unique_id=183 state_id=183 sim_time=228.900000
[INFO] [1788235001.169882926, 230.200000000]: PHASE2C_KEYSCAN_ACCEPTED unique_id=184 state_id=184 sim_time=230.200000
[INFO] [1788235002.761815803, 231.800000000]: PHASE2C_KEYSCAN_ACCEPTED unique_id=185 state_id=185 sim_time=231.800000
[INFO] [1788235003.969010688, 233.000000000]: PHASE2C_KEYSCAN_ACCEPTED unique_id=186 state_id=186 sim_time=233.000000
[INFO] [1788235004.663024910, 233.700000000]: PHASE2C_KEYSCAN_ACCEPTED unique_id=187 state_id=187 sim_time=233.700000
[INFO] [1788235005.387754843, 234.400000000]: PHASE2C_KEYSCAN_ACCEPTED unique_id=188 state_id=188 sim_time=234.400000
[INFO] [1788235006.084374500, 235.100000000]: PHASE2C_KEYSCAN_ACCEPTED unique_id=189 state_id=189 sim_time=235.100000
[INFO] [1788235006.775552600, 235.800000000]: PHASE2C_KEYSCAN_ACCEPTED unique_id=190 state_id=190 sim_time=235.800000
[INFO] [1788235008.289600461, 237.300000000]: PHASE2C_KEYSCAN_ACCEPTED unique_id=191 state_id=191 sim_time=237.300000
[INFO] [1788235009.673805807, 238.700000000]: PHASE2C_KEYSCAN_ACCEPTED unique_id=192 state_id=192 sim_time=238.700000
[INFO] [1788235011.196707020, 240.200000000]: PHASE2C_KEYSCAN_ACCEPTED unique_id=193 state_id=193 sim_time=240.200000
[INFO] [1788235013.383571793, 242.400000000]: PHASE2C_KEYSCAN_ACCEPTED unique_id=194 state_id=194 sim_time=242.400000
[INFO] [1788235017.476979856, 246.500000000]: PHASE2C_KEYSCAN_ACCEPTED unique_id=195 state_id=195 sim_time=246.500000
[INFO] [1788235021.276312177, 250.300000000]: PHASE2C_KEYSCAN_ACCEPTED unique_id=196 state_id=196 sim_time=250.300000
[INFO] [1788235025.172038078, 254.200000000]: PHASE2C_KEYSCAN_ACCEPTED unique_id=197 state_id=197 sim_time=254.200000
[INFO] [1788235028.969051585, 258.000000000]: PHASE2C_KEYSCAN_ACCEPTED unique_id=198 state_id=198 sim_time=258.000000
[INFO] [1788235029.963909262, 259.000000000]: PHASE2C_KEYSCAN_ACCEPTED unique_id=199 state_id=199 sim_time=259.000000
[INFO] [1788235031.592976141, 260.600000000]: PHASE2C_KEYSCAN_ACCEPTED unique_id=200 state_id=200 sim_time=260.600000
[INFO] [1788235032.975328480, 262.000000000]: PHASE2C_KEYSCAN_ACCEPTED unique_id=201 state_id=201 sim_time=262.000000
[INFO] [1788235034.285245665, 263.300000000]: PHASE2C_KEYSCAN_ACCEPTED unique_id=202 state_id=202 sim_time=263.300000
[INFO] [1788235035.482821221, 264.500000000]: PHASE2C_KEYSCAN_ACCEPTED unique_id=203 state_id=203 sim_time=264.500000
[INFO] [1788235036.089429201, 265.100000000]: PHASE2C_KEYSCAN_ACCEPTED unique_id=204 state_id=204 sim_time=265.100000
[INFO] [1788235036.679389044, 265.700000000]: PHASE2C_KEYSCAN_ACCEPTED unique_id=205 state_id=205 sim_time=265.700000
[INFO] [1788235037.170502117, 266.200000000]: PHASE2C_KEYSCAN_ACCEPTED unique_id=206 state_id=206 sim_time=266.200000
[INFO] [1788235037.878648219, 266.900000000]: PHASE2C_KEYSCAN_ACCEPTED unique_id=207 state_id=207 sim_time=266.900000
[INFO] [1788235038.371118639, 267.400000000]: PHASE2C_KEYSCAN_ACCEPTED unique_id=208 state_id=208 sim_time=267.400000
[INFO] [1788235039.398518500, 268.400000000]: PHASE2C_KEYSCAN_ACCEPTED unique_id=209 state_id=209 sim_time=268.400000
[INFO] [1788235040.882137772, 269.900000000]: PHASE2C_KEYSCAN_ACCEPTED unique_id=210 state_id=210 sim_time=269.900000
[INFO] [1788235042.288347719, 271.300000000]: PHASE2C_KEYSCAN_ACC[WARN] [1788235057.698031529, 286.700000000]: No frontier at vertex 18. #Frontier: 0
[WARN] [1788235069.760007294, 298.800000000]: No frontier at vertex 10. #Frontier: 0
EPTED unique_id=211 state_id=211 sim_time=271.300000
[INFO] [1788235043.673439044, 272.700000000]: PHASE2C_KEYSCAN_ACCEPTED unique_id=212 state_id=212 sim_time=272.700000
[INFO] [1788235045.580360397, 274.600000000]: PHASE2C_KEYSCAN_ACCEPTED unique_id=213 state_id=213 sim_time=274.600000
[INFO] [1788235046.972428173, 276.000000000]: PHASE2C_KEYSCAN_ACCEPTED unique_id=214 state_id=214 sim_time=276.000000
[INFO] [1788235048.387861501, 277.400000000]: PHASE2C_KEYSCAN_ACCEPTED unique_id=215 state_id=215 sim_time=277.400000
[INFO] [1788235049.759769216, 278.800000000]: PHASE2C_KEYSCAN_ACCEPTED unique_id=216 state_id=216 sim_time=278.800000
[INFO] [1788235051.070059131, 280.100000000]: PHASE2C_KEYSCAN_ACCEPTED unique_id=217 state_id=217 sim_time=280.100000
[INFO] [1788235051.667096238, 280.700000000]: PHASE2C_KEYSCAN_ACCEPTED unique_id=218 state_id=218 sim_time=280.700000
[INFO] [1788235052.280792082, 281.300000000]: PHASE2C_KEYSCAN_ACCEPTED unique_id=219 state_id=219 sim_time=281.300000
[INFO] [1788235052.784078059, 281.800000000]: PHASE2C_KEYSCAN_ACCEPTED unique_id=220 state_id=220 sim_time=281.800000
[INFO] [1788235053.405704447, 282.400000000]: PHASE2C_KEYSCAN_ACCEPTED unique_id=221 state_id=221 sim_time=282.400000
[INFO] [1788235053.972341723, 283.000000000]: PHASE2C_KEYSCAN_ACCEPTED unique_id=222 state_id=222 sim_time=283.000000
[INFO] [1788235054.681464368, 283.700000000]: PHASE2C_KEYSCAN_ACCEPTED unique_id=223 state_id=223 sim_time=283.700000
[INFO] [1788235056.204702580, 285.200000000]: PHASE2C_KEYSCAN_ACCEPTED unique_id=224 state_id=224 sim_time=285.200000
[INFO] [1788235057.773049094, 286.800000000]: PHASE2C_KEYSCAN_ACCEPTED unique_id=225 state_id=225 sim_time=286.800000
[INFO] [1788235058.583890779, 287.600000000]: PHASE2C_KEYSCAN_ACCEPTED unique_id=226 state_id=226 sim_time=287.600000
[INFO] [1788235059.079505678, 288.100000000]: PHASE2C_KEYSCAN_ACCEPTED unique_id=227 state_id=227 sim_time=288.100000
[INFO] [1788235059.873454214, 288.900000000]: PHASE2C_KEYSCAN_ACCEPTED unique_id=228 state_id=228 sim_time=288.900000
[INFO] [1788235060.701675434, 289.700000000]: PHASE2C_KEYSCAN_ACCEPTED unique_id=229 state_id=229 sim_time=289.700000
[INFO] [1788235062.185622446, 291.200000000]: PHASE2C_KEYSCAN_ACCEPTED unique_id=230 state_id=230 sim_time=291.200000
[INFO] [1788235063.558607584, 292.600000000]: PHASE2C_KEYSCAN_ACCEPTED unique_id=231 state_id=231 sim_time=292.500000
[INFO] [1788235064.879659585, 293.900000000]: PHASE2C_KEYSCAN_ACCEPTED unique_id=232 state_id=232 sim_time=293.900000
[INFO] [1788235066.210638037, 295.200000000]: PHASE2C_KEYSCAN_ACCEPTED unique_id=233 state_id=233 sim_time=295.200000
[INFO] [1788235067.385693029, 296.400000000]: PHASE2C_KEYSCAN_ACCEPTED unique_id=234 state_id=234 sim_time=296.400000
[INFO] [1788235068.787754827, 297.800000000]: PHASE2C_KEYSCAN_ACCEPTED unique_id=235 state_id=235 sim_time=297.800000
[INFO] [1788235069.970130955, 299.000000000]: PHASE2C_KEYSCAN_ACCEPTED unique_id=236 state_id=236 sim_time=299.000000
[INFO] [1788235070.779538385, 299.800000000]: PHASE2C_KEYSCAN_ACCEPTED unique_id=237 state_id=237 sim_time=299.800000
[INFO] [1788235071.379457102, 300.400000000]: PHASE2C_KEYSCAN_ACCEPTED unique_id=238 state_id=238 sim_time=300.400000
[INFO] [1788235072.072539065, 301.100000000]: PHASE2C_KEYSCAN_ACCEPTED unique_id=239 state_id=239 sim_time=301.100000
[INFO] [1788235073.701977622, 302.700000000]: PHASE2C_KEYSCAN_ACCEPTED unique_id=240 state_id=240 sim_time=302.700000
[INFO] [1788235075.082574615, 304.100000000]: PHASE2C_KEYSCAN_ACCEPTED unique_id=241 state_id=241 sim_time=304.100000
[INFO] [1788235076.384654617, 305.400000000]: PHASE2C_KEYSCAN_ACCEPTED unique_id=242 state_id=242 sim_time=305.400000
[INFO] [1788235077.677914652, 306.700000000]: PHASE2C_KEYSCAN_ACCEPTED unique_id=243 state_id=243 sim_time=306.700000
[INFO] [1788235079.077024845, 308.100000000]: PHASE2C_KEYSCAN_ACCEPTED unique_id=244 state_id=244 sim_time=308.100000
[INFO] [1788235080.470222506, 309.500000000]: PHASE2C_KEYSCAN_ACCEPTED unique_id=245 state_id=245 sim_time=309.500000
[INFO] [1788235081.767447752, 3[INFO] [1788235010.710475, 239.700000]: Handle local replanning...
[INFO] [1788235010.710957, 239.700000]: curr path length: 50, is_loop length: 50
[INFO] [1788235010.711536, 239.700000]: Send new plan: 20 37 17 13 15 14 16 12 11 18  ---> 10 36 9 8 0 1 35 6 19 38 20 20(L) 38 26 21 23 21 22 21 24 21 25 27 31 32 29 32 30 32 28 33 38(L) 33 7 5 4 3 34 2 35(L) 
[INFO] [1788235016.707366, 245.700000]: Replanning request. curr_vertex_idx: 9
[INFO] [1788235016.708258, 245.700000]:                     covered_vertices: ()
[INFO] [1788235016.709001, 245.700000]: Handle local replanning...
[INFO] [1788235016.709636, 245.700000]: curr path length: 50, is_loop length: 50
[INFO] [1788235016.710196, 245.700000]: Send new plan: 20 37 17 13 15 14 16 12 11 18  ---> 10 36 9 8 0 1 35 6 19 38 20 20(L) 38 26 21 23 21 22 21 24 21 25 27 31 32 29 32 30 32 28 33 38(L) 33 7 5 4 3 34 2 35(L) 
[INFO] [1788235022.676119, 251.700000]: Replanning request. curr_vertex_idx: 9
[INFO] [1788235022.677161, 251.700000]:                     covered_vertices: ()
[INFO] [1788235022.677929, 251.700000]: Handle local replanning...
[INFO] [1788235022.678473, 251.700000]: curr path length: 50, is_loop length: 50
[INFO] [1788235022.679198, 251.700000]: Send new plan: 20 37 17 13 15 14 16 12 11 18  ---> 10 36 9 8 0 1 35 6 19 38 20 20(L) 38 26 21 23 21 22 21 24 21 25 27 31 32 29 32 30 32 28 33 38(L) 33 7 5 4 3 34 2 35(L) 
[INFO] [1788235028.666576, 257.700000]: Replanning request. curr_vertex_idx: 9
[INFO] [1788235028.667539, 257.700000]:                     covered_vertices: ()
[INFO] [1788235028.668192, 257.700000]: Handle local replanning...
[INFO] [1788235028.668877, 257.700000]: curr path length: 50, is_loop length: 50
[INFO] [1788235028.669616, 257.700000]: Send new plan: 20 37 17 13 15 14 16 12 11 18  ---> 10 36 9 8 0 1 35 6 19 38 20 20(L) 38 26 21 23 21 22 21 24 21 25 27 31 32 29 32 30 32 28 33 38(L) 33 7 5 4 3 34 2 35(L) 
[INFO] [1788235034.368163, 263.400000]: Really visited vertices: 20 37 17 13 15 14 15 16 17 12 17 11 18 
[INFO] [1788235034.645472, 263.700000]: Replanning request. curr_vertex_idx: 9
[INFO] [1788235034.646420, 263.700000]:                     covered_vertices: ()
[INFO] [1788235034.647086, 263.700000]: Handle local replanning...
[INFO] [1788235034.647638, 263.700000]: curr path length: 50, is_loop length: 50
[INFO] [1788235034.648173, 263.700000]: Send new plan: 20 37 17 13 15 14 16 12 11 18  ---> 10 36 9 8 0 1 35 6 19 38 20 20(L) 38 26 21 23 21 22 21 24 21 25 27 31 32 29 32 30 32 28 33 38(L) 33 7 5 4 3 34 2 35(L) 
[INFO] [1788235039.479862, 268.500000]: Really visited vertices: 20 37 17 13 15 14 15 16 17 12 17 11 18 
[INFO] [1788235040.638796, 269.600000]: Replanning request. curr_vertex_idx: 9
[INFO] [1788235040.639593, 269.600000]:                     covered_vertices: ()
[INFO] [1788235040.640223, 269.600000]: Handle local replanning...
[INFO] [1788235040.640763, 269.600000]: curr path length: 50, is_loop length: 50
[INFO] [1788235040.641307, 269.600000]: Send new plan: 20 37 17 13 15 14 16 12 11 18  ---> 10 36 9 8 0 1 35 6 19 38 20 20(L) 38 26 21 23 21 22 21 24 21 25 27 31 32 29 32 30 32 28 33 38(L) 33 7 5 4 3 34 2 35(L) 
[INFO] [1788235044.725662, 273.700000]: Replanning request. curr_vertex_idx: 9
[INFO] [1788235044.726410, 273.700000]:                     covered_vertices: ()
[INFO] [1788235044.727149, 273.700000]: Handle local replanning...
[INFO] [1788235044.727850, 273.700000]: curr path length: 50, is_loop length: 50
[INFO] [1788235044.728552, 273.700000]: Send new plan: 20 37 17 13 15 14 16 12 11 18  ---> 10 36 9 8 0 1 35 6 19 38 20 20(L) 38 26 21 23 21 22 21 24 21 25 27 31 32 29 32 30 32 28 33 38(L) 33 7 5 4 3 34 2 35(L) 
[INFO] [1788235049.782677, 278.800000]: Replanning request. curr_vertex_idx: 9
[INFO] [1788235049.783488, 278.800000]:                     covered_vertices: ()
[INFO] [1788235049.784114, 278.800000]: Handle local replanning...
[INFO] [1788235049.784791, 278.800000]: curr path length: 50, is_loop length: 50
[INFO] [1788235049.785644, 278.800000]: Send new plan: 20 37 17 13 15 14 16 12 11 18  ---> 10 36 9 8 0 1 35 6 19 38 20 20(L) 38 26 21 23 21 22 21 24 21 25 27 31 32 29 32 30 32 28 33 38(L) 33 7 5 4 3 34 2 35(L) 
[INFO] [1788235051.698119, 280.700000]: Replanning request. curr_vertex_idx: 9
[INFO] [1788235051.698863, 280.700000]:                     covered_vertices: ()
[INFO] [1788235051.699502, 280.700000]: Handle local replanning...
[INFO] [1788235051.699989, 280.700000]: curr path length: 50, is_loop length: 50
[INFO] [1788235051.700657, 280.700000]: Send new plan: 20 37 17 13 15 14 16 12 11 18  ---> 10 36 9 8 0 1 35 6 19 38 20 20(L) 38 26 21 23 21 22 21 24 21 25 27 31 32 29 32 30 32 28 33 38(L) 33 7 5 4 3 34 2 35(L) 
[INFO] [1788235057.694234, 286.700000]: Replanning request. curr_vertex_idx: 9
[INFO] [1788235057.695275, 286.700000]:                     covered_vertices: ()
[INFO] [1788235057.696288, 286.700000]: Handle local replanning...
[INFO] [1788235057.696880, 286.700000]: curr path length: 50, is_loop length: 50
[INFO] [1788235057.697363, 286.700000]: Send new plan: 20 37 17 13 15 14 16 12 11 18  ---> 10 36 9 8 0 1 35 6 19 38 20 20(L) 38 26 21 23 21 22 21 24 21 25 27 31 32 29 32 30 32 28 33 38(L) 33 7 5 4 3 34 2 35(L) 
[INFO] [1788235063.736597, 292.700000]: Replanning request. curr_vertex_idx: 10
[INFO] [1788235063.737512, 292.700000]:                     covered_vertices: ()
[INFO] [1788235063.738173, 292.700000]: Handle local replanning...
[INFO] [1788235063.738933, 292.700000]: curr path length: 50, is_loop length: 50
[INFO] [1788235063.739448, 292.700000]: Send new plan: 20 37 17 13 15 14 16 12 11 18 10  ---> 36 9 8 0 1 35 6 19 38 20 20(L) 38 26 21 23 21 22 21 24 21 25 27 31 32 29 32 30 32 28 33 38(L) 33 7 5 4 3 34 2 35(L) 
[INFO] [1788235068.837015, 297.800000]: Really visited vertices: 20 37 17 13 15 14 15 16 17 12 17 11 18 
[INFO] [1788235069.756197, 298.800000]: Replanning request. curr_vertex_idx: 10
[INFO] [1788235069.757036, 298.800000]:                     covered_vertices: ()
[INFO] [1788235069.757792, 298.800000]: Handle local replanning...
[INFO] [1788235069.758294, 298.800000]: curr path length: 50, is_loop length: 50
[INFO] [1788235069.758818, 298.800000]: Send new plan: 20 37 17 13 15 14 16 12 11 18 10  ---> 36 9 8 0 1 35 6 19 38 20 20(L) 38 26 21 23 21 22 21 24 21 25 27 31 32 29 32 30 32 28 33 38(L) 33 7 5 4 3 34 2 35(L) 
[INFO] [1788235075.134115, 304.100000]: Really visited vertices: 20 37 17 13 15 14 15 16 17 12 17 11 18 10 
[INFO] [1788235075.672903, 304.700000]: Replanning request. curr_vertex_idx: 11
[INFO] [1788235075.673733, 304.700000]:                     covered_vertices: ()
[INFO] [1788235075.674455, 304.700000]: Handle local replanning...
[INFO] [1788235075.675101, 304.700000]: curr path length: 50, is_loop length: 50
[INFO] [1788235075.675966, 304.700000]: Send new plan: 20 37 17 13 15 14 16 12 11 18 10 36  ---> 9 8 0 1 35 6 19 38 20 20(L) 38 26 21 23 21 22 21 24 21 25 27 31 32 29 32 30 32 28 33 38(L) 33 7 5 4 3 34 2 35(L) 
[INFO] [1788235080.523221, 309.500000]: Really visited vertices: 20 37 17 13 15 14 15 16 17 12 17 11 18 10 36 
[INFO] [1788235081.674635, 310.700000]: Replanning request. curr_vertex_idx: 11
[INFO] [1788235081.675497, 310.700000]:                     covered_vertices: ()
[INFO] [1788235081.676211, 310.700000]: Handle local replanning...
[INFO] [1788235081.676816, 310.700000]: curr path length: 50, is_loop length: 50
[INFO] [1788235081.677281, 310.700000]: Send new plan: 20 37 17 13 15 14 16 12 11 18 10 36  ---> 9 8 0 1 35 6 19 38 20 20(L) 38 26 21 23 21 22 21 24 21 25 27 31 32 29 32 30 32 28 33 38(L) 33 7 5 4 3 34 2 35(L) 
[INFO] [1788235087.851343, 316.900000]: Replanning request. curr_vertex_idx: 11
[INFO] [1788235087.852021, 316.900000]:                     covered_vertices: ()
[INFO] [1788235087.852553, 316.900000]: Handle local replanning...
[INFO] [1788235087.853009, 316.900000]: curr path length: 50, is_loop length: 50
[INFO] [1788235087.853577, 316.900000]: Send new plan: 20 37 17 13 15 14 16 12 11 18 10 36  ---> 9 8 0 1 35 6 19 38 20 20(L) 38 26 21 23 21 22 21 24 21 25 27 31 32 29 32 30 32 28 33 38(L) 33 7 5 4 3 34 2 35(L) 
tex 16
[INFO] [1788234942.694632054, 171.700000000]: Set newGoal 12
[INFO] [1788234948.687469232, 177.700000000]: Call local replanning...
[INFO] [1788234954.616621162, 183.600000000]: Call local replanning...
[INFO] [1788234960.630794313, 189.600000000]: Call local replanning...
[INFO] [1788234966.687409934, 195.700000000]: Call local replanning...
[INFO] [1788234972.647606782, 201.700000000]: Call local replanning...
[INFO] [1788234975.722501327, 204.700000000]: Call local replanning...
[INFO] [1788234975.726501593, 204.700000000]: Reach vertex 12
[INFO] [1788234975.729124792, 204.700000000]: Explore Goal 12 's frontiers...
[INFO] [1788234978.758816059, 207.800000000]: Call local replanning...
[INFO] [1788234978.763697743, 207.800000000]: Set newGoal 11
[INFO] [1788234984.645353473, 213.700000000]: Call local replanning...
[INFO] [1788234990.737199488, 219.700000000]: Call local replanning...
[INFO] [1788234996.653276524, 225.700000000]: Call local replanning...
[INFO] [1788234996.656839211, 225.700000000]: Reach vertex 11
[INFO] [1788234996.659470983, 225.700000000]: Explore Goal 11 's frontiers...
[INFO] [1788235000.659324671, 229.700000000]: Call local replanning...
[INFO] [1788235000.665290243, 229.700000000]: Explore Goal 11 's frontiers...
[INFO] [1788235002.657336303, 231.700000000]: Call local replanning...
[INFO] [1788235002.663347622, 231.700000000]: Explore Goal 11 's frontiers...
[INFO] [1788235004.663028292, 233.700000000]: Call local replanning...
[INFO] [1788235004.667275286, 233.700000000]: Set newGoal 18
[INFO] [1788235004.667286183, 233.700000000]: Find middle goal point.
[INFO] [1788235010.707911318, 239.700000000]: Call local replanning...
[INFO] [1788235010.712459949, 239.700000000]: Find middle goal point.
[INFO] [1788235016.706314041, 245.700000000]: Call local replanning...
[INFO] [1788235016.711031128, 245.700000000]: Find middle goal point.
[INFO] [1788235022.674988378, 251.700000000]: Call local replanning...
[INFO] [1788235028.665541532, 257.700000000]: Call local replanning...
[INFO] [1788235028.670726070, 257.700000000]: Reach vertex 18
[INFO] [1788235028.679680786, 257.700000000]: Explore Goal 18 's frontiers...
[INFO] [1788235034.644413673, 263.600000000]: Call local replanning...
[INFO] [1788235034.661060185, 263.700000000]: Explore Goal 18 's frontiers...
[INFO] [1788235040.637738838, 269.600000000]: Call local replanning...
[INFO] [1788235040.646583793, 269.700000000]: Explore Goal 18 's frontiers...
[INFO] [1788235044.724500041, 273.700000000]: Call local replanning...
[INFO] [1788235044.734245636, 273.700000000]: Explore Goal 18 's frontiers...
[INFO] [1788235049.781494996, 278.800000000]: Call local replanning...
[INFO] [1788235049.789323402, 278.800000000]: Explore Goal 18 's frontiers...
[INFO] [1788235051.696919141, 280.700000000]: Call local replanning...
[INFO] [1788235051.715305491, 280.700000000]: Explore Goal 18 's frontiers...
[INFO] [1788235057.692904163, 286.700000000]: Call local replanning...
[INFO] [1788235057.698062856, 286.700000000]: Set newGoal 10
[INFO] [1788235063.735425466, 292.700000000]: Call local replanning...
[INFO] [1788235069.754975331, 298.800000000]: Call local replanning...
[INFO] [1788235069.759982820, 298.800000000]: Reach vertex 10
[INFO] [1788235069.760039022, 298.800000000]: Set newGoal 36
[INFO] [1788235075.671874983, 304.700000000]: Call local replanning...
[INFO] [1788235081.673501242, 310.700000000]: Call local replanning...
[INFO] [1788235081.678122088, 310.700000000]: Reach vertex 36
[INFO] [1788235081.690064406, 310.700000000]: Explore Goal 36 's frontiers...
[INFO] [1788235087.850294018, 316.900000000]: Call local replanning...
[INFO] [1788235087.861475264, 316.900000000]: Explore Goal 36 's frontiers...
[INFO] [1788235093.696713634, 322.700000000]: Call local replanning...
[INFO] [1788235093.703894316, 322.700000000]: Explore Goal 36 's frontiers...
[INFO] [1788235095.798038165, 324.800000000]: Call local replanning...
[INFO] [1788235095.813607723, 324.800000000]: Explore Goal 36 's frontiers...
[INFO] [1788235101.798500248, 330.80000000[WARN] [1788235101.803249423, 330.800000000]: No frontier at vertex 36. #Frontier: 0
10.800000000]: PHASE2C_KEYSCAN_ACCEPTED unique_id=246 state_id=246 sim_time=310.800000
[INFO] [1788235083.164920208, 312.200000000]: PHASE2C_KEYSCAN_ACCEPTED unique_id=247 state_id=247 sim_time=312.200000
[INFO] [1788235084.472942579, 313.500000000]: PHASE2C_KEYSCAN_ACCEPTED unique_id=248 state_id=248 sim_time=313.500000
[INFO] [1788235085.875953997, 314.900000000]: PHASE2C_KEYSCAN_ACCEPTED unique_id=249 state_id=249 sim_time=314.900000
[INFO] [1788235087.521827253, 316.500000000]: PHASE2C_KEYSCAN_ACCEPTED unique_id=250 state_id=250 sim_time=316.500000
[INFO] [1788235088.872964108, 317.900000000]: PHASE2C_KEYSCAN_ACCEPTED unique_id=251 state_id=251 sim_time=317.900000
[INFO] [1788235090.175540819, 319.200000000]: PHASE2C_KEYSCAN_ACCEPTED unique_id=252 state_id=252 sim_time=319.200000
[INFO] [1788235091.469180943, 320.500000000]: PHASE2C_KEYSCAN_ACCEPTED unique_id=253 state_id=253 sim_time=320.500000
[INFO] [1788235092.772796803, 321.800000000]: PHASE2C_KEYSCAN_ACCEPTED unique_id=254 state_id=254 sim_time=321.800000
[INFO] [1788235094.067345855, 323.100000000]: PHASE2C_KEYSCAN_ACCEPTED unique_id=255 state_id=255 sim_time=323.100000
[INFO] [1788235095.372072271, 324.400000000]: PHASE2C_KEYSCAN_ACCEPTED unique_id=256 state_id=256 sim_time=324.400000
[INFO] [1788235096.761389051, 325.800000000]: PHASE2C_KEYSCAN_ACCEPTED unique_id=257 state_id=257 sim_time=325.800000
[INFO] [1788235097.362531751, 326.400000000]: PHASE2C_KEYSCAN_ACCEPTED unique_id=258 state_id=258 sim_time=326.400000
[INFO] [1788235098.058524372, 327.100000000]: PHASE2C_KEYSCAN_ACCEPTED unique_id=259 state_id=259 sim_time=327.100000
[INFO] [1788235098.962920926, 328.000000000]: PHASE2C_KEYSCAN_ACCEPTED unique_id=260 state_id=260 sim_time=328.000000
[INFO] [1788235100.283665693, 329.300000000]: PHASE2C_KEYSCAN_ACCEPTED unique_id=261 state_id=261 sim_time=329.300000
[INFO] [1788235101.666415364, 330.700000000]: PHASE2C_KEYSCAN_ACCEPTED unique_id=262 state_id=262 sim_time=330.700000
[INFO] [1788235102.690085734, 331.700000000]: PHASE2C_KEYSCAN_ACCEPTED unique_id=263 state_id=263 sim_time=331.700000
[INFO] [1788235103.267903235, 332.300000000]: PHASE2C_KEYSCAN_ACCEPTED unique_id=264 state_id=264 sim_time=332.300000
[INFO] [1788235103.970714482, 333.000000000]: PHASE2C_KEYSCAN_ACCEPTED unique_id=265 state_id=265 sim_time=333.000000
[INFO] [1788235104.566701139, 333.600000000]: PHASE2C_KEYSCAN_ACCEPTED unique_id=266 state_id=266 sim_time=333.600000
[INFO] [1788235105.090464659, 334.100000000]: PHASE2C_KEYSCAN_ACCEPTED unique_id=267 state_id=267 sim_time=334.100000
[INFO] [1788235105.771360870, 334.800000000]: PHASE2C_KEYSCAN_ACCEPTED unique_id=268 state_id=268 sim_time=334.800000
[INFO] [1788235106.381841951, 335.400000000]: PHASE2C_KEYSCAN_ACCEPTED unique_id=269 state_id=269 sim_time=335.400000
[INFO] [1788235107.690186146, 336.700000000]: PHASE2C_KEYSCAN_ACCEPTED unique_id=270 state_id=270 sim_time=336.700000
[INFO] [1788235109.087379628, 338.100000000]: PHASE2C_KEYSCAN_ACCEPTED unique_id=271 state_id=271 sim_time=338.100000
[INFO] [1788235110.502194165, 339.500000000]: PHASE2C_KEYSCAN_ACCEPTED unique_id=272 state_id=272 sim_time=339.500000
[INFO] [1788235111.766547026, 340.800000000]: PHASE2C_KEYSCAN_ACCEPTED unique_id=273 state_id=273 sim_time=340.800000
[INFO] [1788235113.085829593, 342.100000000]: PHASE2C_KEYSCAN_ACCEPTED unique_id=274 state_id=274 sim_time=342.100000
[INFO] [1788235114.363645208, 343.400000000]: PHASE2C_KEYSCAN_ACCEPTED unique_id=275 state_id=275 sim_time=343.400000
[INFO] [1788235115.692154521, 344.700000000]: PHASE2C_KEYSCAN_ACCEPTED unique_id=276 state_id=276 sim_time=344.700000
[INFO] [1788235117.081734269, 346.100000000]: PHASE2C_KEYSCAN_ACCEPTED unique_id=277 state_id=277 sim_time=346.100000
[INFO] [1788235118.292796650, 347.300000000]: PHASE2C_KEYSCAN_ACCEPTED unique_id=278 state_id=278 sim_time=347.300000
[INFO] [1788235119.658848605, 348.700000000]: PHASE2C_KEYSCAN_ACCEPTED unique_id=279 state_id=279 sim_time=348.700000
[INFO] [1788235120.984500009, 350.000000000]: PHASE2C_KEYSCAN_ACCEPTED unique_id=280 state_id=280 sim_time=350.0000[WARN] [1788235125.751335876, 354.800000000]: No frontier at vertex 9. #Frontier: 0
[WARN] [1788235150.784526102, 379.800000000]: No frontier at vertex 8. #Frontier: 0
00
[INFO] [1788235122.466991891, 351.500000000]: PHASE2C_KEYSCAN_ACCEPTED unique_id=281 state_id=281 sim_time=351.500000
[INFO] [1788235123.071299107, 352.100000000]: PHASE2C_KEYSCAN_ACCEPTED unique_id=282 state_id=282 sim_time=352.100000
[INFO] [1788235123.862389994, 352.900000000]: PHASE2C_KEYSCAN_ACCEPTED unique_id=283 state_id=283 sim_time=352.900000
[INFO] [1788235125.378081449, 354.400000000]: PHASE2C_KEYSCAN_ACCEPTED unique_id=284 state_id=284 sim_time=354.400000
[INFO] [1788235126.873706979, 355.900000000]: PHASE2C_KEYSCAN_ACCEPTED unique_id=285 state_id=285 sim_time=355.900000
[INFO] [1788235127.494171012, 356.500000000]: PHASE2C_KEYSCAN_ACCEPTED unique_id=286 state_id=286 sim_time=356.500000
[INFO] [1788235128.386409378, 357.400000000]: PHASE2C_KEYSCAN_ACCEPTED unique_id=287 state_id=287 sim_time=357.400000
[INFO] [1788235129.902580582, 358.900000000]: PHASE2C_KEYSCAN_ACCEPTED unique_id=288 state_id=288 sim_time=358.900000
[INFO] [1788235131.174766581, 360.200000000]: PHASE2C_KEYSCAN_ACCEPTED unique_id=289 state_id=289 sim_time=360.200000
[INFO] [1788235132.684646433, 361.700000000]: PHASE2C_KEYSCAN_ACCEPTED unique_id=290 state_id=290 sim_time=361.700000
[INFO] [1788235133.683169361, 362.700000000]: PHASE2C_KEYSCAN_ACCEPTED unique_id=291 state_id=291 sim_time=362.700000
[INFO] [1788235135.098854459, 364.100000000]: PHASE2C_KEYSCAN_ACCEPTED unique_id=292 state_id=292 sim_time=364.100000
[INFO] [1788235136.375759932, 365.400000000]: PHASE2C_KEYSCAN_ACCEPTED unique_id=293 state_id=293 sim_time=365.400000
[INFO] [1788235137.573186649, 366.600000000]: PHASE2C_KEYSCAN_ACCEPTED unique_id=294 state_id=294 sim_time=366.600000
[INFO] [1788235138.864475179, 367.900000000]: PHASE2C_KEYSCAN_ACCEPTED unique_id=295 state_id=295 sim_time=367.900000
[INFO] [1788235140.179804160, 369.200000000]: PHASE2C_KEYSCAN_ACCEPTED unique_id=296 state_id=296 sim_time=369.200000
[INFO] [1788235141.558715967, 370.600000000]: PHASE2C_KEYSCAN_ACCEPTED unique_id=297 state_id=297 sim_time=370.600000
[INFO] [1788235142.864949387, 371.900000000]: PHASE2C_KEYSCAN_ACCEPTED unique_id=298 state_id=298 sim_time=371.900000
[INFO] [1788235144.265526123, 373.300000000]: PHASE2C_KEYSCAN_ACCEPTED unique_id=299 state_id=299 sim_time=373.300000
[INFO] [1788235144.969955711, 374.000000000]: PHASE2C_KEYSCAN_ACCEPTED unique_id=300 state_id=300 sim_time=374.000000
[INFO] [1788235145.669999908, 374.700000000]: PHASE2C_KEYSCAN_ACCEPTED unique_id=301 state_id=301 sim_time=374.700000
[INFO] [1788235147.267903191, 376.300000000]: PHASE2C_KEYSCAN_ACCEPTED unique_id=302 state_id=302 sim_time=376.300000
[INFO] [1788235148.655296200, 377.700000000]: PHASE2C_KEYSCAN_ACCEPTED unique_id=303 state_id=303 sim_time=377.700000
[INFO] [1788235149.569552808, 378.600000000]: PHASE2C_KEYSCAN_ACCEPTED unique_id=304 state_id=304 sim_time=378.600000
[INFO] [1788235150.274445092, 379.300000000]: PHASE2C_KEYSCAN_ACCEPTED unique_id=305 state_id=305 sim_time=379.300000
[INFO] [1788235151.080148577, 380.100000000]: PHASE2C_KEYSCAN_ACCEPTED unique_id=306 state_id=306 sim_time=380.100000
[INFO] [1788235151.774731713, 380.800000000]: PHASE2C_KEYSCAN_ACCEPTED unique_id=307 state_id=307 sim_time=380.800000
[INFO] [1788235152.461463733, 381.500000000]: PHASE2C_KEYSCAN_ACCEPTED unique_id=308 state_id=308 sim_time=381.500000
[INFO] [1788235154.166411971, 383.200000000]: PHASE2C_KEYSCAN_ACCEPTED unique_id=309 state_id=309 sim_time=383.200000
[INFO] [1788235155.371263107, 384.400000000]: PHASE2C_KEYSCAN_ACCEPTED unique_id=310 state_id=310 sim_time=384.400000
[INFO] [1788235156.782335863, 385.800000000]: PHASE2C_KEYSCAN_ACCEPTED unique_id=311 state_id=311 sim_time=385.800000
[INFO] [1788235158.065825421, 387.100000000]: PHASE2C_KEYSCAN_ACCEPTED unique_id=312 state_id=312 sim_time=387.100000
[INFO] [1788235159.415962003, 388.400000000]: PHASE2C_KEYSCAN_ACCEPTED unique_id=313 state_id=313 sim_time=388.400000
[INFO] [1788235160.775538625, 389.800000000]: PHASE2C_KEYSCAN_ACCEPTED unique_id=314 state_id=314 sim_time=389.800000
[INFO] [1788235162.189825459, 391.200000000]: PHASE2C_KEYSCAN_ACCEPTED unique_id=[INFO] [1788235092.875779, 321.900000]: Really visited vertices: 20 37 17 13 15 14 15 16 17 12 17 11 18 10 36 
[INFO] [1788235093.697979, 322.700000]: Replanning request. curr_vertex_idx: 11
[INFO] [1788235093.698861, 322.700000]:                     covered_vertices: ()
[INFO] [1788235093.699528, 322.700000]: Handle local replanning...
[INFO] [1788235093.700203, 322.700000]: curr path length: 50, is_loop length: 50
[INFO] [1788235093.700862, 322.700000]: Send new plan: 20 37 17 13 15 14 16 12 11 18 10 36  ---> 9 8 0 1 35 6 19 38 20 20(L) 38 26 21 23 21 22 21 24 21 25 27 31 32 29 32 30 32 28 33 38(L) 33 7 5 4 3 34 2 35(L) 
[INFO] [1788235095.799298, 324.800000]: Replanning request. curr_vertex_idx: 11
[INFO] [1788235095.800077, 324.800000]:                     covered_vertices: ()
[INFO] [1788235095.800699, 324.800000]: Handle local replanning...
[INFO] [1788235095.801218, 324.800000]: curr path length: 50, is_loop length: 50
[INFO] [1788235095.801712, 324.800000]: Send new plan: 20 37 17 13 15 14 16 12 11 18 10 36  ---> 9 8 0 1 35 6 19 38 20 20(L) 38 26 21 23 21 22 21 24 21 25 27 31 32 29 32 30 32 28 33 38(L) 33 7 5 4 3 34 2 35(L) 
[INFO] [1788235101.799694, 330.800000]: Replanning request. curr_vertex_idx: 11
[INFO] [1788235101.800576, 330.800000]:                     covered_vertices: ()
[INFO] [1788235101.801265, 330.800000]: Handle local replanning...
[INFO] [1788235101.801915, 330.800000]: curr path length: 50, is_loop length: 50
[INFO] [1788235101.802446, 330.800000]: Send new plan: 20 37 17 13 15 14 16 12 11 18 10 36  ---> 9 8 0 1 35 6 19 38 20 20(L) 38 26 21 23 21 22 21 24 21 25 27 31 32 29 32 30 32 28 33 38(L) 33 7 5 4 3 34 2 35(L) 
[INFO] [1788235107.879694, 336.900000]: Replanning request. curr_vertex_idx: 12
[INFO] [1788235107.880652, 336.900000]:                     covered_vertices: ()
[INFO] [1788235107.881442, 336.900000]: Handle local replanning...
[INFO] [1788235107.882096, 336.900000]: curr path length: 50, is_loop length: 50
[INFO] [1788235107.882630, 336.900000]: Send new plan: 20 37 17 13 15 14 16 12 11 18 10 36 9  ---> 8 0 1 35 6 19 38 20 20(L) 38 26 21 23 21 22 21 24 21 25 27 31 32 29 32 30 32 28 33 38(L) 33 7 5 4 3 34 2 35(L) 
[INFO] [1788235113.147866, 342.200000]: Really visited vertices: 20 37 17 13 15 14 15 16 17 12 17 11 18 10 36 
[INFO] [1788235113.698867, 342.700000]: Replanning request. curr_vertex_idx: 12
[INFO] [1788235113.699989, 342.700000]:                     covered_vertices: ()
[INFO] [1788235113.700621, 342.700000]: Handle local replanning...
[INFO] [1788235113.701295, 342.700000]: curr path length: 50, is_loop length: 50
[INFO] [1788235113.702003, 342.700000]: Send new plan: 20 37 17 13 15 14 16 12 11 18 10 36 9  ---> 8 0 1 35 6 19 38 20 20(L) 38 26 21 23 21 22 21 24 21 25 27 31 32 29 32 30 32 28 33 38(L) 33 7 5 4 3 34 2 35(L) 
[INFO] [1788235119.909065, 348.900000]: Replanning request. curr_vertex_idx: 12
[INFO] [1788235119.910070, 348.900000]:                     covered_vertices: ()
[INFO] [1788235119.910827, 348.900000]: Handle local replanning...
[INFO] [1788235119.911509, 348.900000]: curr path length: 50, is_loop length: 50
[INFO] [1788235119.912076, 348.900000]: Send new plan: 20 37 17 13 15 14 16 12 11 18 10 36 9  ---> 8 0 1 35 6 19 38 20 20(L) 38 26 21 23 21 22 21 24 21 25 27 31 32 29 32 30 32 28 33 38(L) 33 7 5 4 3 34 2 35(L) 
[INFO] [1788235121.759706, 350.800000]: Replanning request. curr_vertex_idx: 12
[INFO] [1788235121.760653, 350.800000]:                     covered_vertices: ()
[INFO] [1788235121.761492, 350.800000]: Handle local replanning...
[INFO] [1788235121.762289, 350.800000]: curr path length: 50, is_loop length: 50
[INFO] [1788235121.763139, 350.800000]: Send new plan: 20 37 17 13 15 14 16 12 11 18 10 36 9  ---> 8 0 1 35 6 19 38 20 20(L) 38 26 21 23 21 22 21 24 21 25 27 31 32 29 32 30 32 28 33 38(L) 33 7 5 4 3 34 2 35(L) 
[INFO] [1788235125.747898, 354.800000]: Replanning request. curr_vertex_idx: 12
[INFO] [1788235125.748764, 354.800000]:                     covered_vertices: ()
[INFO] [1788235125.749548, 354.800000]: Handle local replanning...
[INFO] [1788235125.750047, 354.800000]: curr path length: 50, is_loop length: 50
[INFO] [1788235125.750596, 354.800000]: Send new plan: 20 37 17 13 15 14 16 12 11 18 10 36 9  ---> 8 0 1 35 6 19 38 20 20(L) 38 26 21 23 21 22 21 24 21 25 27 31 32 29 32 30 32 28 33 38(L) 33 7 5 4 3 34 2 35(L) 
[INFO] [1788235131.238262, 360.200000]: Really visited vertices: 20 37 17 13 15 14 15 16 17 12 17 11 18 10 36 9 
[INFO] [1788235131.836931, 360.800000]: Replanning request. curr_vertex_idx: 13
[INFO] [1788235131.837948, 360.800000]:                     covered_vertices: ()
[INFO] [1788235131.838488, 360.800000]: Handle local replanning...
[INFO] [1788235131.839051, 360.800000]: curr path length: 50, is_loop length: 50
[INFO] [1788235131.839475, 360.800000]: Send new plan: 20 37 17 13 15 14 16 12 11 18 10 36 9 8  ---> 0 1 35 6 19 38 20 20(L) 38 26 21 23 21 22 21 24 21 25 27 31 32 29 32 30 32 28 33 38(L) 33 7 5 4 3 34 2 35(L) 
[INFO] [1788235137.895231, 366.900000]: Replanning request. curr_vertex_idx: 13
[INFO] [1788235137.896199, 366.900000]:                     covered_vertices: ()
[INFO] [1788235137.896912, 366.900000]: Handle local replanning...
[INFO] [1788235137.897496, 366.900000]: curr path length: 50, is_loop length: 50
[INFO] [1788235137.898210, 366.900000]: Send new plan: 20 37 17 13 15 14 16 12 11 18 10 36 9 8  ---> 0 1 35 6 19 38 20 20(L) 38 26 21 23 21 22 21 24 21 25 27 31 32 29 32 30 32 28 33 38(L) 33 7 5 4 3 34 2 35(L) 
[INFO] [1788235142.930010, 371.900000]: Really visited vertices: 20 37 17 13 15 14 15 16 17 12 17 11 18 10 36 9 36 8 
[INFO] [1788235143.836858, 372.800000]: Replanning request. curr_vertex_idx: 13
[INFO] [1788235143.837949, 372.800000]:                     covered_vertices: ()
[INFO] [1788235143.838951, 372.800000]: Handle local replanning...
[INFO] [1788235143.839975, 372.800000]: curr path length: 50, is_loop length: 50
[INFO] [1788235143.840940, 372.800000]: Send new plan: 20 37 17 13 15 14 16 12 11 18 10 36 9 8  ---> 0 1 35 6 19 38 20 20(L) 38 26 21 23 21 22 21 24 21 25 27 31 32 29 32 30 32 28 33 38(L) 33 7 5 4 3 34 2 35(L) 
[INFO] [1788235148.780020, 377.800000]: Replanning request. curr_vertex_idx: 13
[INFO] [1788235148.781235, 377.800000]:                     covered_vertices: ()
[INFO] [1788235148.782048, 377.800000]: Handle local replanning...
[INFO] [1788235148.782764, 377.800000]: curr path length: 50, is_loop length: 50
[INFO] [1788235148.783546, 377.800000]: Send new plan: 20 37 17 13 15 14 16 12 11 18 10 36 9 8  ---> 0 1 35 6 19 38 20 20(L) 38 26 21 23 21 22 21 24 21 25 27 31 32 29 32 30 32 28 33 38(L) 33 7 5 4 3 34 2 35(L) 
[INFO] [1788235150.780527, 379.800000]: Replanning request. curr_vertex_idx: 13
[INFO] [1788235150.781461, 379.800000]:                     covered_vertices: ()
[INFO] [1788235150.782238, 379.800000]: Handle local replanning...
[INFO] [1788235150.782846, 379.800000]: curr path length: 50, is_loop length: 50
[INFO] [1788235150.783535, 379.800000]: Send new plan: 20 37 17 13 15 14 16 12 11 18 10 36 9 8  ---> 0 1 35 6 19 38 20 20(L) 38 26 21 23 21 22 21 24 21 25 27 31 32 29 32 30 32 28 33 38(L) 33 7 5 4 3 34 2 35(L) 
[INFO] [1788235156.838753, 385.800000]: Replanning request. curr_vertex_idx: 14
[INFO] [1788235156.839902, 385.800000]:                     covered_vertices: ()
[INFO] [1788235156.840673, 385.800000]: Handle local replanning...
[INFO] [1788235156.841367, 385.800000]: curr path length: 50, is_loop length: 50
[INFO] [1788235156.842085, 385.800000]: Send new plan: 20 37 17 13 15 14 16 12 11 18 10 36 9 8 0  ---> 1 35 6 19 38 20 20(L) 38 26 21 23 21 22 21 24 21 25 27 31 32 29 32 30 32 28 33 38(L) 33 7 5 4 3 34 2 35(L) 
[INFO] [1788235162.315459, 391.300000]: Really visited vertices: 20 37 17 13 15 14 15 16 17 12 17 11 18 10 36 9 36 8 
[INFO] [1788235162.855735, 391.900000]: Replanning request. curr_vertex_idx: 14
[INFO] [1788235162.856605, 391.900000]:                     covered_vertices: ()
[INFO] [1788235162.857220, 391.900000]: Handle local replanning...
[INFO] [1788235162.857799, 391.900000]: curr path length: 50, is_loop length: 50
[WARN] [1788235179.925129855, 408.900000000]: No frontier at vertex 0. #Frontier: 0
315 state_id=315 sim_time=391.200000
[INFO] [1788235163.376106629, 392.400000000]: PHASE2C_KEYSCAN_ACCEPTED unique_id=316 state_id=316 sim_time=392.400000
[INFO] [1788235164.978215421, 394.000000000]: PHASE2C_KEYSCAN_ACCEPTED unique_id=317 state_id=317 sim_time=394.000000
[INFO] [1788235167.074757241, 396.100000000]: PHASE2C_KEYSCAN_ACCEPTED unique_id=318 state_id=318 sim_time=396.100000
[INFO] [1788235168.266449941, 397.300000000]: PHASE2C_KEYSCAN_ACCEPTED unique_id=319 state_id=319 sim_time=397.300000
[INFO] [1788235169.475649779, 398.500000000]: PHASE2C_KEYSCAN_ACCEPTED unique_id=320 state_id=320 sim_time=398.500000
[INFO] [1788235170.269898295, 399.300000000]: PHASE2C_KEYSCAN_ACCEPTED unique_id=321 state_id=321 sim_time=399.300000
[INFO] [1788235171.982706768, 401.000000000]: PHASE2C_KEYSCAN_ACCEPTED unique_id=322 state_id=322 sim_time=401.000000
[INFO] [1788235173.270600555, 402.300000000]: PHASE2C_KEYSCAN_ACCEPTED unique_id=323 state_id=323 sim_time=402.300000
[INFO] [1788235174.659950232, 403.700000000]: PHASE2C_KEYSCAN_ACCEPTED unique_id=324 state_id=324 sim_time=403.700000
[INFO] [1788235175.664450130, 404.700000000]: PHASE2C_KEYSCAN_ACCEPTED unique_id=325 state_id=325 sim_time=404.700000
[INFO] [1788235176.271470853, 405.300000000]: PHASE2C_KEYSCAN_ACCEPTED unique_id=326 state_id=326 sim_time=405.300000
[INFO] [1788235176.969296931, 406.000000000]: PHASE2C_KEYSCAN_ACCEPTED unique_id=327 state_id=327 sim_time=406.000000
[INFO] [1788235177.578611171, 406.600000000]: PHASE2C_KEYSCAN_ACCEPTED unique_id=328 state_id=328 sim_time=406.600000
[INFO] [1788235178.075781584, 407.100000000]: PHASE2C_KEYSCAN_ACCEPTED unique_id=329 state_id=329 sim_time=407.100000
[INFO] [1788235178.770731342, 407.800000000]: PHASE2C_KEYSCAN_ACCEPTED unique_id=330 state_id=330 sim_time=407.800000
[INFO] [1788235179.968674096, 409.000000000]: PHASE2C_KEYSCAN_ACCEPTED unique_id=331 state_id=331 sim_time=409.000000
[INFO] [1788235180.675295214, 409.700000000]: PHASE2C_KEYSCAN_ACCEPTED unique_id=332 state_id=332 sim_time=409.700000
[INFO] [1788235181.375350583, 410.400000000]: PHASE2C_KEYSCAN_ACCEPTED unique_id=333 state_id=333 sim_time=410.400000
[INFO] [1788235181.981584148, 411.000000000]: PHASE2C_KEYSCAN_ACCEPTED unique_id=334 state_id=334 sim_time=411.000000
[INFO] [1788235182.677687356, 411.700000000]: PHASE2C_KEYSCAN_ACCEPTED unique_id=335 state_id=335 sim_time=411.700000
[INFO] [1788235183.167514998, 412.200000000]: PHASE2C_KEYSCAN_ACCEPTED unique_id=336 state_id=336 sim_time=412.200000
[INFO] [1788235183.771130845, 412.800000000]: PHASE2C_KEYSCAN_ACCEPTED unique_id=337 state_id=337 sim_time=412.800000
[INFO] [1788235184.573378763, 413.600000000]: PHASE2C_KEYSCAN_ACCEPTED unique_id=338 state_id=338 sim_time=413.600000
[INFO] [1788235186.087723995, 415.100000000]: PHASE2C_KEYSCAN_ACCEPTED unique_id=339 state_id=339 sim_time=415.100000
[INFO] [1788235187.742612259, 416.700000000]: PHASE2C_KEYSCAN_ACCEPTED unique_id=340 state_id=340 sim_time=416.700000
[INFO] [1788235190.800962820, 419.800000000]: PHASE2C_KEYSCAN_ACCEPTED unique_id=341 state_id=341 sim_time=419.800000
[INFO] [1788235192.079894565, 421.100000000]: PHASE2C_KEYSCAN_ACCEPTED unique_id=342 state_id=342 sim_time=421.100000
[INFO] [1788235193.608888661, 422.600000000]: PHASE2C_KEYSCAN_ACCEPTED unique_id=343 state_id=343 sim_time=422.600000
[INFO] [1788235196.186328012, 425.200000000]: PHASE2C_KEYSCAN_ACCEPTED unique_id=344 state_id=344 sim_time=425.200000
[INFO] [1788235198.064684194, 427.100000000]: PHASE2C_KEYSCAN_ACCEPTED unique_id=345 state_id=345 sim_time=427.100000
[INFO] [1788235199.489976936, 428.500000000]: PHASE2C_KEYSCAN_ACCEPTED unique_id=346 state_id=346 sim_time=428.500000
[INFO] [1788235200.671629900, 429.700000000]: PHASE2C_KEYSCAN_ACCEPTED unique_id=347 state_id=347 sim_time=429.700000
[INFO] [1788235201.976838788, 431.000000000]: PHASE2C_KEYSCAN_ACCEPTED unique_id=348 state_id=348 sim_time=431.000000
[INFO] [1788235203.269612891, 432.300000000]: PHASE2C_KEYSCAN_ACCEPTED unique_id=349 state_id=349 sim_time=432.300000
[INFO] [1788235204.677524675, 433.700000000]: P[WARN] [1788235212.945180596, 442.000000000]: No frontier at vertex 1. #Frontier: 0
[INFO] [1788235162.858361, 391.900000]: Send new plan: 20 37 17 13 15 14 16 12 11 18 10 36 9 8 0  ---> 1 35 6 19 38 20 20(L) 38 26 21 23 21 22 21 24 21 25 27 31 32 29 32 30 32 28 33 38(L) 33 7 5 4 3 34 2 35(L) 
[INFO] [1788235168.397981, 397.400000]: Really visited vertices: 20 37 17 13 15 14 15 16 17 12 17 11 18 10 36 9 36 8 0 
[INFO] [1788235168.788493, 397.800000]: Replanning request. curr_vertex_idx: 14
[INFO] [1788235168.789258, 397.800000]:                     covered_vertices: ()
[INFO] [1788235168.790020, 397.800000]: Handle local replanning...
[INFO] [1788235168.790667, 397.800000]: curr path length: 50, is_loop length: 50
[INFO] [1788235168.791308, 397.800000]: Send new plan: 20 37 17 13 15 14 16 12 11 18 10 36 9 8 0  ---> 1 35 6 19 38 20 20(L) 38 26 21 23 21 22 21 24 21 25 27 31 32 29 32 30 32 28 33 38(L) 33 7 5 4 3 34 2 35(L) 
[INFO] [1788235174.793233, 403.800000]: Replanning request. curr_vertex_idx: 14
[INFO] [1788235174.794196, 403.800000]:                     covered_vertices: ()
[INFO] [1788235174.794921, 403.800000]: Handle local replanning...
[INFO] [1788235174.795702, 403.800000]: curr path length: 50, is_loop length: 50
[INFO] [1788235174.796372, 403.800000]: Send new plan: 20 37 17 13 15 14 16 12 11 18 10 36 9 8 0  ---> 1 35 6 19 38 20 20(L) 38 26 21 23 21 22 21 24 21 25 27 31 32 29 32 30 32 28 33 38(L) 33 7 5 4 3 34 2 35(L) 
[INFO] [1788235179.921338, 408.900000]: Replanning request. curr_vertex_idx: 14
[INFO] [1788235179.922196, 408.900000]:                     covered_vertices: ()
[INFO] [1788235179.922825, 408.900000]: Handle local replanning...
[INFO] [1788235179.923494, 408.900000]: curr path length: 50, is_loop length: 50
[INFO] [1788235179.924277, 408.900000]: Send new plan: 20 37 17 13 15 14 16 12 11 18 10 36 9 8 0  ---> 1 35 6 19 38 20 20(L) 38 26 21 23 21 22 21 24 21 25 27 31 32 29 32 30 32 28 33 38(L) 33 7 5 4 3 34 2 35(L) 
[INFO] [1788235184.644004, 413.600000]: Really visited vertices: 20 37 17 13 15 14 15 16 17 12 17 11 18 10 36 9 36 8 0 
[INFO] [1788235185.861215, 414.900000]: Replanning request. curr_vertex_idx: 15
[INFO] [1788235185.861917, 414.900000]:                     covered_vertices: ()
[INFO] [1788235185.862646, 414.900000]: Handle local replanning...
[INFO] [1788235185.863337, 414.900000]: curr path length: 50, is_loop length: 50
[INFO] [1788235185.863875, 414.900000]: Send new plan: 20 37 17 13 15 14 16 12 11 18 10 36 9 8 0 1  ---> 35 6 19 38 20 20(L) 38 26 21 23 21 22 21 24 21 25 27 31 32 29 32 30 32 28 33 38(L) 33 7 5 4 3 34 2 35(L) 
[INFO] [1788235190.874203, 419.900000]: Really visited vertices: 20 37 17 13 15 14 15 16 17 12 17 11 18 10 36 9 36 8 0 
[INFO] [1788235191.721539, 420.700000]: Replanning request. curr_vertex_idx: 15
[INFO] [1788235191.722345, 420.700000]:                     covered_vertices: ()
[INFO] [1788235191.723146, 420.700000]: Handle local replanning...
[INFO] [1788235191.723756, 420.700000]: curr path length: 50, is_loop length: 50
[INFO] [1788235191.724470, 420.700000]: Send new plan: 20 37 17 13 15 14 16 12 11 18 10 36 9 8 0 1  ---> 35 6 19 38 20 20(L) 38 26 21 23 21 22 21 24 21 25 27 31 32 29 32 30 32 28 33 38(L) 33 7 5 4 3 34 2 35(L) 
[INFO] [1788235197.798464, 426.800000]: Replanning request. curr_vertex_idx: 15
[INFO] [1788235197.799355, 426.800000]:                     covered_vertices: ()
[INFO] [1788235197.800250, 426.800000]: Handle local replanning...
[INFO] [1788235197.801008, 426.800000]: curr path length: 50, is_loop length: 50
[INFO] [1788235197.801766, 426.800000]: Send new plan: 20 37 17 13 15 14 16 12 11 18 10 36 9 8 0 1  ---> 35 6 19 38 20 20(L) 38 26 21 23 21 22 21 24 21 25 27 31 32 29 32 30 32 28 33 38(L) 33 7 5 4 3 34 2 35(L) 
[INFO] [1788235203.341504, 432.300000]: Really visited vertices: 20 37 17 13 15 14 15 16 17 12 17 11 18 10 36 9 36 8 0 35 
[INFO] [1788235203.855630, 432.900000]: Replanning request. curr_vertex_idx: 15
[INFO] [1788235203.856901, 432.900000]:                     covered_vertices: ()
[INFO] [1788235203.857519, 432.900000]: Handle local replanning...
[INFO] [1788235203.858006, 432.900000]: curr path length: 50, is_loop length: 50
[INFO] [1788235203.858659, 432.900000]: Send new plan: 20 37 17 13 15 14 16 12 11 18 10 36 9 8 0 1  ---> 35 6 19 38 20 20(L) 38 26 21 23 21 22 21 24 21 25 27 31 32 29 32 30 32 28 33 38(L) 33 7 5 4 3 34 2 35(L) 
[INFO] [1788235207.944947, 436.900000]: Replanning request. curr_vertex_idx: 15
[INFO] [1788235207.946092, 437.000000]:                     covered_vertices: ()
[INFO] [1788235207.947003, 437.000000]: Handle local replanning...
[INFO] [1788235207.947796, 437.000000]: curr path length: 50, is_loop length: 50
[INFO] [1788235207.948717, 437.000000]: Send new plan: 20 37 17 13 15 14 16 12 11 18 10 36 9 8 0 1  ---> 35 6 19 38 20 20(L) 38 26 21 23 21 22 21 24 21 25 27 31 32 29 32 30 32 28 33 38(L) 33 7 5 4 3 34 2 35(L) 
[INFO] [1788235212.939870, 441.900000]: Replanning request. curr_vertex_idx: 15
[INFO] [1788235212.940978, 441.900000]:                     covered_vertices: ()
[INFO] [1788235212.942090, 441.900000]: Handle local replanning...
[INFO] [1788235212.943013, 441.900000]: curr path length: 50, is_loop length: 50
[INFO] [1788235212.943888, 441.900000]: Send new plan: 20 37 17 13 15 14 16 12 11 18 10 36 9 8 0 1  ---> 35 6 19 38 20 20(L) 38 26 21 23 21 22 21 24 21 25 27 31 32 29 32 30 32 28 33 38(L) 33 7 5 4 3 34 2 35(L) 
[INFO] [1788235219.012319, 448.000000]: Replanning request. curr_vertex_idx: 18
[INFO] [1788235219.013306, 448.000000]:                     covered_vertices: ()
[INFO] [1788235219.014102, 448.000000]: Handle local replanning...
[INFO] [1788235219.014848, 448.000000]: curr path length: 50, is_loop length: 50
[INFO] [1788235219.015631, 448.000000]: Send new plan: 20 37 17 13 15 14 16 12 11 18 10 36 9 8 0 1 35 6 19  ---> 38 20 20(L) 38 26 21 23 21 22 21 24 21 25 27 31 32 29 32 30 32 28 33 38(L) 33 7 5 4 3 34 2 35(L) 
[INFO] [1788235224.129347, 453.100000]: Really visited vertices: 20 37 17 13 15 14 15 16 17 12 17 11 18 10 36 9 36 8 0 35 1 
[INFO] [1788235224.730992, 453.700000]: Replanning request. curr_vertex_idx: 18
[INFO] [1788235224.732090, 453.700000]:                     covered_vertices: ()
[INFO] [1788235224.732974, 453.700000]: Handle local replanning...
[INFO] [1788235224.733816, 453.700000]: curr path length: 50, is_loop length: 50
[INFO] [1788235224.734395, 453.700000]: Send new plan: 20 37 17 13 15 14 16 12 11 18 10 36 9 8 0 1 35 6 19  ---> 38 20 20(L) 38 26 21 23 21 22 21 24 21 25 27 31 32 29 32 30 32 28 33 38(L) 33 7 5 4 3 34 2 35(L) 
[INFO] [1788235230.880439, 459.900000]: Replanning request. curr_vertex_idx: 18
[INFO] [1788235230.881572, 459.900000]:                     covered_vertices: ()
[INFO] [1788235230.882406, 459.900000]: Handle local replanning...
[INFO] [1788235230.883186, 459.900000]: curr path length: 50, is_loop length: 50
[INFO] [1788235230.883919, 459.900000]: Send new plan: 20 37 17 13 15 14 16 12 11 18 10 36 9 8 0 1 35 6 19  ---> 38 20 20(L) 38 26 21 23 21 22 21 24 21 25 27 31 32 29 32 30 32 28 33 38(L) 33 7 5 4 3 34 2 35(L) 
[INFO] [1788235236.796877, 465.800000]: Replanning request. curr_vertex_idx: 18
[INFO] [1788235236.797994, 465.800000]:                     covered_vertices: ()
[INFO] [1788235236.798769, 465.800000]: Handle local replanning...
[INFO] [1788235236.799625, 465.800000]: curr path length: 50, is_loop length: 50
[INFO] [1788235236.800402, 465.800000]: Send new plan: 20 37 17 13 15 14 16 12 11 18 10 36 9 8 0 1 35 6 19  ---> 38 20 20(L) 38 26 21 23 21 22 21 24 21 25 27 31 32 29 32 30 32 28 33 38(L) 33 7 5 4 3 34 2 35(L) 
[INFO] [1788235241.742832, 470.700000]: Really visited vertices: 20 37 17 13 15 14 15 16 17 12 17 11 18 10 36 9 36 8 0 35 1 35 
[INFO] [1788235242.745886, 471.800000]: Replanning request. curr_vertex_idx: 18
[INFO] [1788235242.747106, 471.800000]:                     covered_vertices: ()
[INFO] [1788235242.747837, 471.800000]: Handle local replanning...
[INFO] [1788235242.748460, 471.800000]: curr path length: 50, is_loop length: 50
0]: Call local replanning...
[INFO] [1788235101.803274793, 330.800000000]: Set newGoal 9
[INFO] [1788235107.878307926, 336.900000000]: Call local replanning...
[INFO] [1788235113.697560584, 342.700000000]: Call local replanning...
[INFO] [1788235119.907702828, 348.900000000]: Call local replanning...
[INFO] [1788235121.758525786, 350.800000000]: Call local replanning...
[INFO] [1788235121.764108610, 350.800000000]: Reach vertex 9
[INFO] [1788235121.767192752, 350.800000000]: Explore Goal 9 's frontiers...
[INFO] [1788235125.746819521, 354.800000000]: Call local replanning...
[INFO] [1788235125.751367236, 354.800000000]: Set newGoal 8
[INFO] [1788235125.751380254, 354.800000000]: Find middle goal point.
[INFO] [1788235131.835692144, 360.800000000]: Call local replanning...
[INFO] [1788235131.840191194, 360.800000000]: Find middle goal point.
[INFO] [1788235137.894044405, 366.900000000]: Call local replanning...
[INFO] [1788235137.899291114, 366.900000000]: Find middle goal point.
[INFO] [1788235143.835795883, 372.800000000]: Call local replanning...
[INFO] [1788235143.842135221, 372.800000000]: Reach vertex 8
[INFO] [1788235143.847971029, 372.900000000]: Explore Goal 8 's frontiers...
[INFO] [1788235148.778713476, 377.800000000]: Call local replanning...
[INFO] [1788235148.785868233, 377.800000000]: Explore Goal 8 's frontiers...
[INFO] [1788235150.779151948, 379.800000000]: Call local replanning...
[INFO] [1788235150.784556775, 379.800000000]: Set newGoal 0
[INFO] [1788235150.784569762, 379.800000000]: Find middle goal point.
[INFO] [1788235156.837608436, 385.800000000]: Call local replanning...
[INFO] [1788235156.842962555, 385.800000000]: Find middle goal point.
[INFO] [1788235162.854282745, 391.900000000]: Call local replanning...
[INFO] [1788235162.859184807, 391.900000000]: Reach vertex 0
[INFO] [1788235162.867824095, 391.900000000]: Explore Goal 0 's frontiers...
[INFO] [1788235168.787286568, 397.800000000]: Call local replanning...
[INFO] [1788235168.798343848, 397.800000000]: Explore Goal 0 's frontiers...
[INFO] [1788235174.791996756, 403.800000000]: Call local replanning...
[INFO] [1788235174.799038116, 403.800000000]: Explore Goal 0 's frontiers...
[INFO] [1788235179.919964009, 408.900000000]: Call local replanning...
[INFO] [1788235179.925172231, 408.900000000]: Set newGoal 1
[INFO] [1788235179.925189334, 408.900000000]: Find middle goal point.
[INFO] [1788235185.860036052, 414.900000000]: Call local replanning...
[INFO] [1788235185.864818675, 414.900000000]: Find middle goal point.
[INFO] [1788235191.720245323, 420.700000000]: Call local replanning...
[INFO] [1788235191.725308918, 420.700000000]: Find middle goal point.
[INFO] [1788235197.797249984, 426.800000000]: Call local replanning...
[INFO] [1788235197.802904142, 426.800000000]: Find middle goal point.
[INFO] [1788235203.854476215, 432.900000000]: Call local replanning...
[INFO] [1788235207.943728623, 436.900000000]: Call local replanning...
[INFO] [1788235207.949828901, 437.000000000]: Reach vertex 1
[INFO] [1788235207.955034280, 437.000000000]: Explore Goal 1 's frontiers...
[INFO] [1788235212.938746444, 441.900000000]: Call local replanning...
[INFO] [1788235212.945232358, 442.000000000]: Skip repeated visit to vertex 35
[INFO] [1788235212.945247289, 442.000000000]: Skip repeated visit to vertex 6
[INFO] [1788235212.945260993, 442.000000000]: Set newGoal 19
[INFO] [1788235212.945280349, 442.000000000]: Find middle goal point.
[INFO] [1788235219.011082934, 448.000000000]: Call local replanning...
[INFO] [1788235219.016765678, 448.000000000]: Find middle goal point.
[INFO] [1788235224.729720989, 453.700000000]: Call local replanning...
[INFO] [1788235224.735402279, 453.700000000]: Find middle goal point.
[INFO] [1788235230.879277172, 459.900000000]: Call local replanning...
[INFO] [1788235230.885003154, 459.900000000]: Find middle goal point.
[INFO] [1788235236.795570115, 465.800000000]: Call local replanning...
[INFO] [1788235242.744452383, 471.700000000]: Call local replanning...
[INFO] [1788235248.945548767, 478.000000000]: Call local replanning...HASE2C_KEYSCAN_ACCEPTED unique_id=350 state_id=350 sim_time=433.700000
[INFO] [1788235205.968082465, 435.000000000]: PHASE2C_KEYSCAN_ACCEPTED unique_id=351 state_id=351 sim_time=435.000000
[INFO] [1788235207.274969491, 436.300000000]: PHASE2C_KEYSCAN_ACCEPTED unique_id=352 state_id=352 sim_time=436.300000
[INFO] [1788235208.471023534, 437.500000000]: PHASE2C_KEYSCAN_ACCEPTED unique_id=353 state_id=353 sim_time=437.500000
[INFO] [1788235209.067750866, 438.100000000]: PHASE2C_KEYSCAN_ACCEPTED unique_id=354 state_id=354 sim_time=438.100000
[INFO] [1788235209.772241389, 438.800000000]: PHASE2C_KEYSCAN_ACCEPTED unique_id=355 state_id=355 sim_time=438.800000
[INFO] [1788235211.180065106, 440.200000000]: PHASE2C_KEYSCAN_ACCEPTED unique_id=356 state_id=356 sim_time=440.200000
[INFO] [1788235212.555559985, 441.600000000]: PHASE2C_KEYSCAN_ACCEPTED unique_id=357 state_id=357 sim_time=441.500000
[INFO] [1788235213.875317142, 442.900000000]: PHASE2C_KEYSCAN_ACCEPTED unique_id=358 state_id=358 sim_time=442.900000
[INFO] [1788235214.476145983, 443.500000000]: PHASE2C_KEYSCAN_ACCEPTED unique_id=359 state_id=359 sim_time=443.500000
[INFO] [1788235215.085419770, 444.100000000]: PHASE2C_KEYSCAN_ACCEPTED unique_id=360 state_id=360 sim_time=444.100000
[INFO] [1788235215.668433781, 444.700000000]: PHASE2C_KEYSCAN_ACCEPTED unique_id=361 state_id=361 sim_time=444.700000
[INFO] [1788235216.361658977, 445.400000000]: PHASE2C_KEYSCAN_ACCEPTED unique_id=362 state_id=362 sim_time=445.400000
[INFO] [1788235217.086304507, 446.100000000]: PHASE2C_KEYSCAN_ACCEPTED unique_id=363 state_id=363 sim_time=446.100000
[INFO] [1788235218.624708503, 447.600000000]: PHASE2C_KEYSCAN_ACCEPTED unique_id=364 state_id=364 sim_time=447.500000
[INFO] [1788235219.909179328, 448.900000000]: PHASE2C_KEYSCAN_ACCEPTED unique_id=365 state_id=365 sim_time=448.900000
[INFO] [1788235221.080284272, 450.100000000]: PHASE2C_KEYSCAN_ACCEPTED unique_id=366 state_id=366 sim_time=450.100000
[INFO] [1788235222.520936409, 451.500000000]: PHASE2C_KEYSCAN_ACCEPTED unique_id=367 state_id=367 sim_time=451.500000
[INFO] [1788235223.986282871, 453.000000000]: PHASE2C_KEYSCAN_ACCEPTED unique_id=368 state_id=368 sim_time=453.000000
[INFO] [1788235225.692539708, 454.700000000]: PHASE2C_KEYSCAN_ACCEPTED unique_id=369 state_id=369 sim_time=454.700000
[INFO] [1788235229.297012999, 458.300000000]: PHASE2C_KEYSCAN_ACCEPTED unique_id=370 state_id=370 sim_time=458.300000
[INFO] [1788235233.282917914, 462.300000000]: PHASE2C_KEYSCAN_ACCEPTED unique_id=371 state_id=371 sim_time=462.300000
[INFO] [1788235236.872871190, 465.900000000]: PHASE2C_KEYSCAN_ACCEPTED unique_id=372 state_id=372 sim_time=465.900000
[INFO] [1788235239.891906415, 468.900000000]: PHASE2C_KEYSCAN_ACCEPTED unique_id=373 state_id=373 sim_time=468.900000
[INFO] [1788235241.667811172, 470.700000000]: PHASE2C_KEYSCAN_ACCEPTED unique_id=374 state_id=374 sim_time=470.700000
[INFO] [1788235243.585625770, 472.600000000]: PHASE2C_KEYSCAN_ACCEPTED unique_id=375 state_id=375 sim_time=472.600000
[INFO] [1788235246.587601498, 475.600000000]: PHASE2C_KEYSCAN_ACCEPTED unique_id=376 state_id=376 sim_time=475.600000
[INFO] [1788235249.587251605, 478.600000000]: PHASE2C_KEYSCAN_ACCEPTED unique_id=377 state_id=377 sim_time=478.600000
[INFO] [1788235252.588185009, 481.600000000]: PHASE2C_KEYSCAN_ACCEPTED unique_id=378 state_id=378 sim_time=481.600000
[INFO] [1788235255.390023329, 484.400000000]: PHASE2C_KEYSCAN_ACCEPTED unique_id=379 state_id=379 sim_time=484.400000
[INFO] [1788235258.189818906, 487.200000000]: PHASE2C_KEYSCAN_ACCEPTED unique_id=380 state_id=380 sim_time=487.200000
[INFO] [1788235259.571027192, 488.600000000]: PHASE2C_KEYSCAN_ACCEPTED unique_id=381 state_id=381 sim_time=488.600000
[INFO] [1788235261.488121958, 490.500000000]: PHASE2C_KEYSCAN_ACCEPTED unique_id=382 state_id=382 sim_time=490.500000
[INFO] [1788235264.587958363, 493.600000000]: PHASE2C_KEYSCAN_ACCEPTED unique_id=383 state_id=383 sim_time=493.600000
[INFO] [1788235266.373281789, 495.400000000]: PHASE2C_KEYSCAN_ACCEPTED unique_id=384 state_id=384 sim_time=495.400000
[INFO] [1788235268.177670458, 497.200000000]: PHASE2C_KEYSCAN_ACCEPTED unique_id=385 state_id=385 sim_time=497.200000
[INFO] [1788235269.969007826, 499.000000000]: PHASE2C_KEYSCAN_ACCEPTED unique_id=386 state_id=386 sim_time=499.000000
[INFO] [1788235271.889997646, 500.900000000]: PHASE2C_KEYSCAN_ACCEPTED unique_id=387 state_id=387 sim_time=500.900000
Warning: TF_REPEATED_DATA ignoring data with redundant timestamp for frame odom (parent offset) at time 501.100000 according to authority unknown_publisher
         at line 277 in /tmp/binarydeb/ros-noetic-tf2-0.7.10/src/buffer_core.cpp
Warning: TF_REPEATED_DATA ignoring data with redundant timestamp for frame offset (parent map) at time 501.100000 according to authority unknown_publisher
         at line 277 in /tmp/binarydeb/ros-noetic-tf2-0.7.10/src/buffer_core.cpp
[WARN] [1788235272.046439444, 501.100000000]: TF_REPEATED_DATA ignoring data with redundant timestamp for frame odom (parent offset) at time 501.100000 according to authority unknown_publisher
Warning: [WARN] [1788235272.046465391, 501.100000000]: TF_REPEATED_DATA ignoring data with redundant timestamp for frame offset (parent map) at time 501.100000 according to authority unknown_publisher
TF_REPEATED_DATA ignoring data with redundant timestamp for frame odom (parent offset) at time 501.100000 according to authority unknown_publisher
         at line 277 in /tmp/binarydeb/ros-noetic-tf2-0.7.10/src/buffer_core.cpp
Warning: TF_REPEATED_DATA ignoring data with redundant timestamp for frame offset (parent map) at time 501.100000 according to authority unknown_publisher
         at line 277 in /tmp/binarydeb/ros-noetic-tf2-0.7.10/src/buffer_core.cpp

[INFO] [1788235248.951655851, 478.000000000]: Find middle goal point.
[INFO] [1788235254.888315542, 483.900000000]: Call local replanning...
[INFO] [1788235254.894189190, 483.900000000]: Find middle goal point.
[INFO] [1788235260.955518503, 490.000000000]: Call local replanning...
[INFO] [1788235260.961814636, 490.000000000]: Find middle goal point.
[INFO] [1788235266.732928521, 495.700000000]: Call local replanning...
[INFO] [1788235266.738297474, 495.700000000]: Find middle goal point.
Warning: Warning: TF_REPEATED_DATA ignoring data with redundant timestamp for frame odom (parent offset) at time 501.100000 according to authority unknown_publisherTF_REPEATED_DATA ignoring data with redundant timestamp for frame odom (parent offset) at time 501.100000 according to authority unknown_publisher

         at line          at line 277277 in  in /tmp/binarydeb/ros-noetic-tf2-0.7.10/src/buffer_core.cpp/tmp/binarydeb/ros-noetic-tf2-0.7.10/src/buffer_core.cpp

Warning: TF_REPEATED_DATA ignoring data with redundant timestamp for frame offset (parent map) at time 501.100000 according to authority unknown_publisher
Warning:          at line TF_REPEATED_DATA ignoring data with redundant timestamp for frame offset (parent map) at time 501.100000 according to authority unknown_publisher277
 in          at line /tmp/binarydeb/ros-noetic-tf2-0.7.10/src/buffer_core.cpp277
 in /tmp/binarydeb/ros-noetic-tf2-0.7.10/src/buffer_core.cpp
[WARN] [1788235302.930704264, 531.900000000]: No frontier at vertex 19. #Frontier: 0
[INFO] [1788235273.767407570, 502.800000000]: PHASE2C_KEYSCAN_ACCEPTED unique_id=388 state_id=388 sim_time=502.800000
[INFO] [1788235275.578256861, 504.600000000]: PHASE2C_KEYSCAN_ACCEPTED unique_id=389 state_id=389 sim_time=504.600000
[INFO] [1788235277.781728845, 506.800000000]: PHASE2C_KEYSCAN_ACCEPTED unique_id=390 state_id=390 sim_time=506.800000
[INFO] [1788235279.056630328, 508.100000000]: PHASE2C_KEYSCAN_ACCEPTED unique_id=391 state_id=391 sim_time=508.100000
[INFO] [1788235280.570130062, 509.600000000]: PHASE2C_KEYSCAN_ACCEPTED unique_id=392 state_id=392 sim_time=509.600000
[INFO] [1788235281.958216831, 511.000000000]: PHASE2C_KEYSCAN_ACCEPTED unique_id=393 state_id=393 sim_time=511.000000
[INFO] [1788235283.378077901, 512.400000000]: PHASE2C_KEYSCAN_ACCEPTED unique_id=394 state_id=394 sim_time=512.400000
[INFO] [1788235284.614460112, 513.600000000]: PHASE2C_KEYSCAN_ACCEPTED unique_id=395 state_id=395 sim_time=513.600000
[INFO] [1788235286.162005161, 515.200000000]: PHASE2C_KEYSCAN_ACCEPTED unique_id=396 state_id=396 sim_time=515.200000
[INFO] [1788235287.654810578, 516.700000000]: PHASE2C_KEYSCAN_ACCEPTED unique_id=397 state_id=397 sim_time=516.700000
[INFO] [1788235288.874213642, 517.900000000]: PHASE2C_KEYSCAN_ACCEPTED unique_id=398 state_id=398 sim_time=517.900000
[INFO] [1788235290.753861959, 519.800000000]: PHASE2C_KEYSCAN_ACCEPTED unique_id=399 state_id=399 sim_time=519.800000
[INFO] [1788235292.271474591, 521.300000000]: PHASE2C_KEYSCAN_ACCEPTED unique_id=400 state_id=400 sim_time=521.300000
[INFO] [1788235293.655363073, 522.700000000]: PHASE2C_KEYSCAN_ACCEPTED unique_id=401 state_id=401 sim_time=522.700000
[INFO] [1788235295.071280061, 524.100000000]: PHASE2C_KEYSCAN_ACCEPTED unique_id=402 state_id=402 sim_time=524.100000
[INFO] [1788235297.360809199, 526.400000000]: PHASE2C_KEYSCAN_ACCEPTED unique_id=403 state_id=403 sim_time=526.400000
[INFO] [1788235298.666094203, 527.700000000]: PHASE2C_KEYSCAN_ACCEPTED unique_id=404 state_id=404 sim_time=527.700000
[INFO] [1788235300.068301786, 529.100000000]: PHASE2C_KEYSCAN_ACCEPTED unique_id=405 state_id=405 sim_time=529.100000
[INFO] [1788235301.455196513, 530.500000000]: PHASE2C_KEYSCAN_ACCEPTED unique_id=406 state_id=406 sim_time=530.500000
[INFO] [1788235302.868829531, 531.900000000]: PHASE2C_KEYSCAN_ACCEPTED unique_id=407 state_id=407 sim_time=531.900000
[INFO] [1788235303.766955468, 532.800000000]: PHASE2C_KEYSCAN_ACCEPTED unique_id=408 state_id=408 sim_time=532.800000
[INFO] [1788235304.264274962, 533.300000000]: PHASE2C_KEYSCAN_ACCEPTED unique_id=409 state_id=409 sim_time=533.300000
[INFO] [1788235304.979575188, 534.000000000]: PHASE2C_KEYSCAN_ACCEPTED unique_id=410 state_id=410 sim_time=534.000000
[INFO] [1788235305.568389914, 534.600000000]: PHASE2C_KEYSCAN_ACCEPTED unique_id=411 state_id=411 sim_time=534.600000
[INFO] [1788235306.372212641, 535.400000000]: PHASE2C_KEYSCAN_ACCEPTED unique_id=412 state_id=412 sim_time=535.400000
[INFO] [1788235307.989682404, 537.000000000]: PHASE2C_KEYSCAN_ACCEPTED unique_id=413 state_id=413 sim_time=537.000000
[INFO] [1788235309.272882645, 538.300000000]: PHASE2C_KEYSCAN_ACCEPTED unique_id=414 state_id=414 sim_time=538.300000
[INFO] [1788235311.092429922, 540.100000000]: PHASE2C_KEYSCAN_ACCEPTED unique_id=415 state_id=415 sim_time=540.100000
[INFO] [1788235314.685000380, 543.700000000]: PHASE2C_KEYSCAN_ACCEPTED unique_id=416 state_id=416 sim_time=543.700000
[INFO] [1788235318.611780524, 547.600000000]: PHASE2C_KEYSCAN_ACCEPTED unique_id=417 state_id=417 sim_time=547.600000
[INFO] [1788235322.597529669, 551.600000000]: PHASE2C_KEYSCAN_ACCEPTED unique_id=418 state_id=418 sim_time=551.600000
[INFO] [1788235324.469379892, 553.500000000]: PHASE2C_KEYSCAN_ACCEPTED unique_id=419 state_id=419 sim_time=553.500000
[INFO] [1788235326.018452341, 555.000000000]: PHASE2C_KEYSCAN_ACCEPTED unique_id=420 state_id=420 sim_time=555.000000
Warning: TF_REPEATED_DATA ignoring data with redundant timestamp for frame odom (parent offset) at time 555.200000 according to authority unknown_publisher
         at line 277 in /tmp/binarydeb/ros-noetic-tf2-0.7.10/src/buffer_core.cpp
Warning: Warning: TF_REPEATED_DATA ignoring data with redundant timestamp for frame odom (parent offset) at time 555.200000 according to authority unknown_publisherTF_REPEATED_DATA ignoring data with redundant timestamp for frame offset (parent map) at time 555.200000 according to authority unknown_publisher

         at line          at line 277277 in  in /tmp/binarydeb/ros-noetic-tf2-0.7.10/src/buffer_core.cpp/tmp/binarydeb/ros-noetic-tf2-0.7.10/src/buffer_core.cpp

Warning: TF_REPEATED_DATA ignoring data with redundant timestamp for frame offset (parent map) at time 555.200000 according to authority unknown_publisher
         at line 277 in /tmp/binarydeb/ros-noetic-tf2-0.7.10/src/buffer_core.cpp
[WARN] [1788235326.186074351, 555.200000000]: TF_REPEATED_DATA ignoring data with redundant timestamp for frame odom (parent offset) at time 555.200000 according to authority unknown_publisher
[WARN] [1788235326.186102619, 555.200000000]: TF_REPEATED_DATA ignoring data with redundant timestamp for frame offset (parent map) at time 555.200000 according to authority unknown_publisher
Warning: TF_REPEATED_DATA ignoring data with redundant timestamp for frame odom (parent offset) at time 555.200000 according to authority unknown_publisher
         at line [INFO] [1788235272.726821323, 501.700000000]: Call local replanning...
[INFO] [1788235272.732316744, 501.700000000]: Find middle goal point.
[INFO] [1788235278.737234305, 507.700000000]: Call local replanning...
[INFO] [1788235284.892939987, 513.900000000]: Call local replanning...
[INFO] [1788235284.897692219, 513.900000000]: Reach vertex 19
[INFO] [1788235284.903015451, 513.900000000]: Explore Goal 19 's frontiers...
[INFO] [1788235290.968972159, 520.000000000]: Call local replanning...
[INFO] [1788235290.981303054, 520.000000000]: Explore Goal 19 's frontiers...
[INFO] [1788235296.899441196, 525.900000000]: Call local replanning...
[INFO] [1788235296.909326571, 525.900000000]: Explore Goal 19 's frontiers...
[INFO] [1788235302.924642040, 531.900000000]: Call local replanning...
[INFO] [1788235302.930730457, 531.900000000]: Set newGoal 38
[INFO] [1788235302.930740187, 531.900000000]: Find middle goal point.
[INFO] [1788235308.905428812, 537.900000000]: Call local replanning...
[INFO] [1788235308.911355952, 537.900000000]: Find middle goal point.
[INFO] [1788235314.847949712, 543.900000000]: Call local replanning...
[INFO] [1788235314.854092918, 543.900000000]: Find middle goal point.
[INFO] [1788235320.834582465, 549.800000000]: Call local replanning...
[INFO] [1788235320.839910816, 549.800000000]: Find middle goal point.
277Warning:  in TF_REPEATED_DATA ignoring data with redundant timestamp for frame odom (parent offset) at time 555.200000 according to authority unknown_publisher/tmp/binarydeb/ros-noetic-tf2-0.7.10/src/buffer_core.cpp

         at line 277 in /tmp/binarydeb/ros-noetic-tf2-0.7.10/src/buffer_core.cpp
Warning: Warning: TF_REPEATED_DATA ignoring data with redundant timestamp for frame offset (parent map) at time 555.200000 according to authority unknown_publisherTF_REPEATED_DATA ignoring data with redundant timestamp for frame offset (parent map) at time 555.200000 according to authority unknown_publisher

         at line          at line 277277 in  in /tmp/binarydeb/ros-noetic-tf2-0.7.10/src/buffer_core.cpp/tmp/binarydeb/ros-noetic-tf2-0.7.10/src/buffer_core.cpp

[INFO] [1788235242.749157, 471.800000]: Send new plan: 20 37 17 13 15 14 16 12 11 18 10 36 9 8 0 1 35 6 19  ---> 38 20 20(L) 38 26 21 23 21 22 21 24 21 25 27 31 32 29 32 30 32 28 33 38(L) 33 7 5 4 3 34 2 35(L) 
[INFO] [1788235248.946819, 478.000000]: Replanning request. curr_vertex_idx: 18
[INFO] [1788235248.947763, 478.000000]:                     covered_vertices: ()
[INFO] [1788235248.948702, 478.000000]: Handle local replanning...
[INFO] [1788235248.949516, 478.000000]: curr path length: 50, is_loop length: 50
[INFO] [1788235248.950402, 478.000000]: Send new plan: 20 37 17 13 15 14 16 12 11 18 10 36 9 8 0 1 35 6 19  ---> 38 20 20(L) 38 26 21 23 21 22 21 24 21 25 27 31 32 29 32 30 32 28 33 38(L) 33 7 5 4 3 34 2 35(L) 
[INFO] [1788235254.889720, 483.900000]: Replanning request. curr_vertex_idx: 18
[INFO] [1788235254.890720, 483.900000]:                     covered_vertices: ()
[INFO] [1788235254.891520, 483.900000]: Handle local replanning...
[INFO] [1788235254.892344, 483.900000]: curr path length: 50, is_loop length: 50
[INFO] [1788235254.893115, 483.900000]: Send new plan: 20 37 17 13 15 14 16 12 11 18 10 36 9 8 0 1 35 6 19  ---> 38 20 20(L) 38 26 21 23 21 22 21 24 21 25 27 31 32 29 32 30 32 28 33 38(L) 33 7 5 4 3 34 2 35(L) 
[INFO] [1788235260.956836, 490.000000]: Replanning request. curr_vertex_idx: 18
[INFO] [1788235260.957894, 490.000000]:                     covered_vertices: ()
[INFO] [1788235260.958894, 490.000000]: Handle local replanning...
[INFO] [1788235260.959701, 490.000000]: curr path length: 50, is_loop length: 50
[INFO] [1788235260.960382, 490.000000]: Send new plan: 20 37 17 13 15 14 16 12 11 18 10 36 9 8 0 1 35 6 19  ---> 38 20 20(L) 38 26 21 23 21 22 21 24 21 25 27 31 32 29 32 30 32 28 33 38(L) 33 7 5 4 3 34 2 35(L) 
[INFO] [1788235266.451818, 495.500000]: Really visited vertices: 20 37 17 13 15 14 15 16 17 12 17 11 18 10 36 9 36 8 0 35 1 35 6 
[INFO] [1788235266.734080, 495.700000]: Replanning request. curr_vertex_idx: 18
[INFO] [1788235266.735018, 495.700000]:                     covered_vertices: ()
[INFO] [1788235266.735814, 495.700000]: Handle local replanning...
[INFO] [1788235266.736634, 495.700000]: curr path length: 50, is_loop length: 50
[INFO] [1788235266.737358, 495.700000]: Send new plan: 20 37 17 13 15 14 16 12 11 18 10 36 9 8 0 1 35 6 19  ---> 38 20 20(L) 38 26 21 23 21 22 21 24 21 25 27 31 32 29 32 30 32 28 33 38(L) 33 7 5 4 3 34 2 35(L) 
[INFO] [1788235272.046619, 501.100000]: Really visited vertices: 20 37 17 13 15 14 15 16 17 12 17 11 18 10 36 9 36 8 0 35 1 35 6 
[INFO] [1788235272.727993, 501.700000]: Replanning request. curr_vertex_idx: 18
[INFO] [1788235272.728968, 501.700000]:                     covered_vertices: ()
[INFO] [1788235272.729797, 501.700000]: Handle local replanning...
[INFO] [1788235272.730590, 501.700000]: curr path length: 50, is_loop length: 50
[INFO] [1788235272.731371, 501.700000]: Send new plan: 20 37 17 13 15 14 16 12 11 18 10 36 9 8 0 1 35 6 19  ---> 38 20 20(L) 38 26 21 23 21 22 21 24 21 25 27 31 32 29 32 30 32 28 33 38(L) 33 7 5 4 3 34 2 35(L) 
[INFO] [1788235277.938506, 506.900000]: Really visited vertices: 20 37 17 13 15 14 15 16 17 12 17 11 18 10 36 9 36 8 0 35 1 35 6 
[INFO] [1788235278.738376, 507.700000]: Replanning request. curr_vertex_idx: 18
[INFO] [1788235278.739487, 507.700000]:                     covered_vertices: ()
[INFO] [1788235278.740309, 507.700000]: Handle local replanning...
[INFO] [1788235278.741083, 507.700000]: curr path length: 50, is_loop length: 50
[INFO] [1788235278.741910, 507.700000]: Send new plan: 20 37 17 13 15 14 16 12 11 18 10 36 9 8 0 1 35 6 19  ---> 38 20 20(L) 38 26 21 23 21 22 21 24 21 25 27 31 32 29 32 30 32 28 33 38(L) 33 7 5 4 3 34 2 35(L) 
[INFO] [1788235284.894081, 513.900000]: Replanning request. curr_vertex_idx: 18
[INFO] [1788235284.895102, 513.900000]:                     covered_vertices: ()
[INFO] [1788235284.895771, 513.900000]: Handle local replanning...
[INFO] [1788235284.896357, 513.900000]: curr path length: 50, is_loop length: 50
[INFO] [1788235284.896967, 513.900000]: Send new plan: 20 37 17 13 15 14 16 12 11 18 10 36 9 8 0 1 35 6 19  ---> 38 20 20(L) 38 26 21 23 21 22 21 24 21 25 27 31 32 29 32 30 32 28 33 38(L) 33 7 5 4 3 34 2 35(L) 
[INFO] [1788235290.970076, 520.000000]: Replanning request. curr_vertex_idx: 18
[INFO] [1788235290.971069, 520.000000]:                     covered_vertices: ()
[INFO] [1788235290.971957, 520.000000]: Handle local replanning...
[INFO] [1788235290.972725, 520.000000]: curr path length: 50, is_loop length: 50
[INFO] [1788235290.973642, 520.000000]: Send new plan: 20 37 17 13 15 14 16 12 11 18 10 36 9 8 0 1 35 6 19  ---> 38 20 20(L) 38 26 21 23 21 22 21 24 21 25 27 31 32 29 32 30 32 28 33 38(L) 33 7 5 4 3 34 2 35(L) 
[INFO] [1788235296.900650, 525.900000]: Replanning request. curr_vertex_idx: 18
[INFO] [1788235296.901611, 525.900000]:                     covered_vertices: ()
[INFO] [1788235296.902199, 525.900000]: Handle local replanning...
[INFO] [1788235296.902665, 525.900000]: curr path length: 50, is_loop length: 50
[INFO] [1788235296.903108, 525.900000]: Send new plan: 20 37 17 13 15 14 16 12 11 18 10 36 9 8 0 1 35 6 19  ---> 38 20 20(L) 38 26 21 23 21 22 21 24 21 25 27 31 32 29 32 30 32 28 33 38(L) 33 7 5 4 3 34 2 35(L) 
[INFO] [1788235302.925763, 531.900000]: Replanning request. curr_vertex_idx: 18
[INFO] [1788235302.926823, 531.900000]:                     covered_vertices: ()
[INFO] [1788235302.927717, 531.900000]: Handle local replanning...
[INFO] [1788235302.928563, 531.900000]: curr path length: 50, is_loop length: 50
[INFO] [1788235302.929562, 531.900000]: Send new plan: 20 37 17 13 15 14 16 12 11 18 10 36 9 8 0 1 35 6 19  ---> 38 20 20(L) 38 26 21 23 21 22 21 24 21 25 27 31 32 29 32 30 32 28 33 38(L) 33 7 5 4 3 34 2 35(L) 
[INFO] [1788235308.074274, 537.100000]: Really visited vertices: 20 37 17 13 15 14 15 16 17 12 17 11 18 10 36 9 36 8 0 35 1 35 6 19 
[INFO] [1788235308.906541, 537.900000]: Replanning request. curr_vertex_idx: 19
[INFO] [1788235308.907646, 537.900000]:                     covered_vertices: ()
[INFO] [1788235308.908436, 537.900000]: Handle local replanning...
[INFO] [1788235308.909384, 537.900000]: curr path length: 50, is_loop length: 50
[INFO] [1788235308.910187, 537.900000]: Send new plan: 20 37 17 13 15 14 16 12 11 18 10 36 9 8 0 1 35 6 19 38  ---> 20 20(L) 38 26 21 23 21 22 21 24 21 25 27 31 32 29 32 30 32 28 33 38(L) 33 7 5 4 3 34 2 35(L) 
[INFO] [1788235314.849258, 543.900000]: Replanning request. curr_vertex_idx: 19
[INFO] [1788235314.850333, 543.900000]:                     covered_vertices: ()
[INFO] [1788235314.851084, 543.900000]: Handle local replanning...
[INFO] [1788235314.852131, 543.900000]: curr path length: 50, is_loop length: 50
[INFO] [1788235314.852978, 543.900000]: Send new plan: 20 37 17 13 15 14 16 12 11 18 10 36 9 8 0 1 35 6 19 38  ---> 20 20(L) 38 26 21 23 21 22 21 24 21 25 27 31 32 29 32 30 32 28 33 38(L) 33 7 5 4 3 34 2 35(L) 
[INFO] [1788235320.836005, 549.800000]: Replanning request. curr_vertex_idx: 19
[INFO] [1788235320.837039, 549.800000]:                     covered_vertices: ()
[INFO] [1788235320.837775, 549.800000]: Handle local replanning...
[INFO] [1788235320.838285, 549.800000]: curr path length: 50, is_loop length: 50
[INFO] [1788235320.838788, 549.800000]: Send new plan: 20 37 17 13 15 14 16 12 11 18 10 36 9 8 0 1 35 6 19 38  ---> 20 20(L) 38 26 21 23 21 22 21 24 21 25 27 31 32 29 32 30 32 28 33 38(L) 33 7 5 4 3 34 2 35(L) 
[INFO] [1788235326.186369, 555.200000]: Really visited vertices: 20 37 17 13 15 14 15 16 17 12 17 11 18 10 36 9 36 8 0 35 1 35 6 19 
[INFO] [1788235326.919759, 555.900000]: Replanning request. curr_vertex_idx: 19
[INFO] [1788235326.920765, 555.900000]:                     covered_vertices: ()
[INFO] [1788235326.921640, 555.900000]: Handle local replanning...
[INFO] [1788235326.922428, 555.900000]: curr path length: 50, is_loop length: 50
[INFO] [1788235326.923298, 555.900000]: Send new plan: 20 37 17 13 15 14 16 12 11 18 10 36 9 8 0 1 35 6 19 38  ---> 20 20(L) 38 26 21 23 21 22 21 24 21 25 27 31 32 29 32 30 32 28 33 38(L) 33 7 5 4 3 34 2 35(L) 
[INFO] [1788235327.382716081, 556.400000000]: PHASE2C_KEYSCAN_ACCEPTED unique_id=421 state_id=421 sim_time=556.400000
[INFO] [1788235328.684752102, 557.700000000]: PHASE2C_KEYSCAN_ACCEPTED unique_id=422 state_id=422 sim_time=557.700000
[INFO] [1788235330.076526154, 559.100000000]: PHASE2C_KEYSCAN_ACCEPTED unique_id=423 state_id=423 sim_time=559.100000
[INFO] [1788235331.883500145, 560.900000000]: PHASE2C_KEYSCAN_ACCEPTED unique_id=424 state_id=424 sim_time=560.900000
[INFO] [1788235333.677147097, 562.700000000]: PHASE2C_KEYSCAN_ACCEPTED unique_id=425 state_id=425 sim_time=562.700000
[INFO] [1788235335.188644441, 564.200000000]: PHASE2C_KEYSCAN_ACCEPTED unique_id=426 state_id=426 sim_time=564.200000
[INFO] [1788235336.480749438, 565.500000000]: PHASE2C_KEYSCAN_ACCEPTED unique_id=427 state_id=427 sim_time=565.500000
[INFO] [1788235337.301142288, 566.300000000]: PHASE2C_KEYSCAN_ACCEPTED unique_id=428 state_id=428 sim_time=566.300000
[INFO] [1788235338.865639396, 567.900000000]: PHASE2C_KEYSCAN_ACCEPTED unique_id=429 state_id=429 sim_time=567.900000
[INFO] [1788235340.192903814, 569.200000000]: PHASE2C_KEYSCAN_ACCEPTED unique_id=430 state_id=430 sim_time=569.200000
[INFO] [1788235341.570753856, 570.600000000]: PHASE2C_KEYSCAN_ACCEPTED unique_id=431 state_id=431 sim_time=570.600000
[INFO] [1788235343.294154994, 572.300000000]: PHASE2C_KEYSCAN_ACCEPTED unique_id=432 state_id=432 sim_time=572.300000
[INFO] [1788235345.075319036, 574.100000000]: PHASE2C_KEYSCAN_ACCEPTED unique_id=433 state_id=433 sim_time=574.100000
[INFO] [1788235346.475583998, 575.500000000]: PHASE2C_KEYSCAN_ACCEPTED unique_id=434 state_id=434 sim_time=575.500000
[INFO] [1788235347.671130748, 576.700000000]: PHASE2C_KEYSCAN_ACCEPTED unique_id=435 state_id=435 sim_time=576.700000
[INFO] [1788235348.879743519, 577.900000000]: PHASE2C_KEYSCAN_ACCEPTED unique_id=436 state_id=436 sim_time=577.900000
[INFO] [1788235350.362634971, 579.400000000]: PHASE2C_KEYSCAN_ACCEPTED unique_id=437 state_id=437 sim_time=579.400000
[INFO] [1788235351.667808421, 580.700000000]: PHASE2C_KEYSCAN_ACCEPTED unique_id=438 state_id=438 sim_time=580.700000
[INFO] [1788235353.162552360, 582.200000000]: PHASE2C_KEYSCAN_ACCEPTED unique_id=439 state_id=439 sim_time=582.200000
[INFO] [1788235355.386571299, 584.400000000]: PHASE2C_KEYSCAN_ACCEPTED unique_id=440 state_id=440 sim_time=584.400000
[INFO] [1788235359.979359243, 589.000000000]: PHASE2C_KEYSCAN_ACCEPTED unique_id=441 state_id=441 sim_time=589.000000
[INFO] [1788235364.572983546, 593.600000000]: PHASE2C_KEYSCAN_ACCEPTED unique_id=442 state_id=442 sim_time=593.600000
[INFO] [1788235369.590548347, 598.600000000]: PHASE2C_KEYSCAN_ACCEPTED unique_id=443 state_id=443 sim_time=598.600000
[INFO] [1788235374.385149714, 603.400000000]: PHASE2C_KEYSCAN_ACCEPTED unique_id=444 state_id=444 sim_time=603.400000
[INFO] [1788235379.277135964, 608.300000000]: PHASE2C_KEYSCAN_ACCEPTED unique_id=445 state_id=445 sim_time=608.300000
[INFO] [1788235384.175727617, 613.200000000]: PHASE2C_KEYSCAN_ACCEPTED unique_id=446 state_id=446 sim_time=613.200000
[INFO] [1788235388.877868689, 617.900000000]: PHASE2C_KEYSCAN_ACCEPTED unique_id=447 state_id=447 sim_time=617.900000
[INFO] [1788235393.869201785, 622.900000000]: PHASE2C_KEYSCAN_ACCEPTED unique_id=448 state_id=448 sim_time=622.900000
[INFO] [1788235395.771287308, 624.800000000]: PHASE2C_KEYSCAN_ACCEPTED unique_id=449 state_id=449 sim_time=624.800000
[INFO] [1788235397.070239273, 626.100000000]: PHASE2C_KEYSCAN_ACCEPTED unique_id=450 state_id=450 sim_time=626.100000
[INFO] [1788235398.369661226, 627.400000000]: PHASE2C_KEYSCAN_ACCEPTED unique_id=451 state_id=451 sim_time=627.400000
[INFO] [1788235399.785252603, 628.800000000]: PHASE2C_KEYSCAN_ACCEPTED unique_id=452 state_id=452 sim_time=628.800000
[INFO] [1788235401.071119842, 630.100000000]: PHASE2C_KEYSCAN_ACCEPTED unique_id=453 state_id=453 sim_time=630.100000
[INFO] [1788235402.570700019, 631.600000000]: PHASE2C_KEYSCAN_ACCEPTED unique_id=454 state_id=454 sim_time=631.500000
[INFO] [1788235404.064143498, 633.100000000]: PHASE2C_KEYSCAN_ACCEPTED unique_id=455[INFO] [1788235331.969838, 561.000000]: Really visited vertices: 20 37 17 13 15 14 15 16 17 12 17 11 18 10 36 9 36 8 0 35 1 35 6 19 
[INFO] [1788235332.752280, 561.800000]: Replanning request. curr_vertex_idx: 19
[INFO] [1788235332.753207, 561.800000]:                     covered_vertices: ()
[INFO] [1788235332.753882, 561.800000]: Handle local replanning...
[INFO] [1788235332.754537, 561.800000]: curr path length: 50, is_loop length: 50
[INFO] [1788235332.755160, 561.800000]: Send new plan: 20 37 17 13 15 14 16 12 11 18 10 36 9 8 0 1 35 6 19 38  ---> 20 20(L) 38 26 21 23 21 22 21 24 21 25 27 31 32 29 32 30 32 28 33 38(L) 33 7 5 4 3 34 2 35(L) 
[INFO] [1788235338.998897, 568.000000]: Replanning request. curr_vertex_idx: 19
[INFO] [1788235338.999918, 568.000000]:                     covered_vertices: ()
[INFO] [1788235339.000690, 568.000000]: Handle local replanning...
[INFO] [1788235339.001464, 568.000000]: curr path length: 50, is_loop length: 50
[INFO] [1788235339.002262, 568.000000]: Send new plan: 20 37 17 13 15 14 16 12 11 18 10 36 9 8 0 1 35 6 19 38  ---> 20 20(L) 38 26 21 23 21 22 21 24 21 25 27 31 32 29 32 30 32 28 33 38(L) 33 7 5 4 3 34 2 35(L) 
[INFO] [1788235344.925757, 573.900000]: Replanning request. curr_vertex_idx: 19
[INFO] [1788235344.926940, 573.900000]:                     covered_vertices: ()
[INFO] [1788235344.928141, 573.900000]: Handle local replanning...
[INFO] [1788235344.929012, 573.900000]: curr path length: 50, is_loop length: 50
[INFO] [1788235344.929770, 573.900000]: Send new plan: 20 37 17 13 15 14 16 12 11 18 10 36 9 8 0 1 35 6 19 38  ---> 20 20(L) 38 26 21 23 21 22 21 24 21 25 27 31 32 29 32 30 32 28 33 38(L) 33 7 5 4 3 34 2 35(L) 
[INFO] [1788235350.453888, 579.500000]: Really visited vertices: 20 37 17 13 15 14 15 16 17 12 17 11 18 10 36 9 36 8 0 35 1 35 6 19 18 37 
[INFO] [1788235350.760415, 579.800000]: Replanning request. curr_vertex_idx: 19
[INFO] [1788235350.761360, 579.800000]:                     covered_vertices: ()
[INFO] [1788235350.762144, 579.800000]: Handle local replanning...
[INFO] [1788235350.762802, 579.800000]: curr path length: 50, is_loop length: 50
[INFO] [1788235350.763482, 579.800000]: Send new plan: 20 37 17 13 15 14 16 12 11 18 10 36 9 8 0 1 35 6 19 38  ---> 20 20(L) 38 26 21 23 21 22 21 24 21 25 27 31 32 29 32 30 32 28 33 38(L) 33 7 5 4 3 34 2 35(L) 
[INFO] [1788235356.880772, 585.900000]: Replanning request. curr_vertex_idx: 19
[INFO] [1788235356.881536, 585.900000]:                     covered_vertices: ()
[INFO] [1788235356.882143, 585.900000]: Handle local replanning...
[INFO] [1788235356.882604, 585.900000]: curr path length: 50, is_loop length: 50
[INFO] [1788235356.883071, 585.900000]: Send new plan: 20 37 17 13 15 14 16 12 11 18 10 36 9 8 0 1 35 6 19 38  ---> 20 20(L) 38 26 21 23 21 22 21 24 21 25 27 31 32 29 32 30 32 28 33 38(L) 33 7 5 4 3 34 2 35(L) 
[INFO] [1788235363.104927, 592.100000]: Replanning request. curr_vertex_idx: 19
[INFO] [1788235363.106059, 592.100000]:                     covered_vertices: ()
[INFO] [1788235363.107044, 592.100000]: Handle local replanning...
[INFO] [1788235363.107966, 592.100000]: curr path length: 50, is_loop length: 50
[INFO] [1788235363.108675, 592.100000]: Send new plan: 20 37 17 13 15 14 16 12 11 18 10 36 9 8 0 1 35 6 19 38  ---> 20 20(L) 38 26 21 23 21 22 21 24 21 25 27 31 32 29 32 30 32 28 33 38(L) 33 7 5 4 3 34 2 35(L) 
[INFO] [1788235368.854221, 597.900000]: Replanning request. curr_vertex_idx: 19
[INFO] [1788235368.855211, 597.900000]:                     covered_vertices: ()
[INFO] [1788235368.855859, 597.900000]: Handle local replanning...
[INFO] [1788235368.856465, 597.900000]: curr path length: 50, is_loop length: 50
[INFO] [1788235368.856965, 597.900000]: Send new plan: 20 37 17 13 15 14 16 12 11 18 10 36 9 8 0 1 35 6 19 38  ---> 20 20(L) 38 26 21 23 21 22 21 24 21 25 27 31 32 29 32 30 32 28 33 38(L) 33 7 5 4 3 34 2 35(L) 
[INFO] [1788235374.474309, 603.500000]: Really visited vertices: 20 37 17 13 15 14 15 16 17 12 17 11 18 10 36 9 36 8 0 35 1 35 6 19 18 37 20 
[INFO] [1788235374.938572, 603.900000]: Replanning request. curr_vertex_idx: 19
[INFO] [1788235374.939623, 603.900000]:                     covered_vertices: ()
[INFO] [1788235374.940576, 603.900000]: Handle local replanning...
[INFO] [1788235374.941446, 603.900000]: curr path length: 50, is_loop length: 50
[INFO] [1788235374.942359, 603.900000]: Send new plan: 20 37 17 13 15 14 16 12 11 18 10 36 9 8 0 1 35 6 19 38  ---> 20 20(L) 38 26 21 23 21 22 21 24 21 25 27 31 32 29 32 30 32 28 33 38(L) 33 7 5 4 3 34 2 35(L) 
[INFO] [1788235381.086480, 610.100000]: Replanning request. curr_vertex_idx: 19
[INFO] [1788235381.087591, 610.100000]:                     covered_vertices: ()
[INFO] [1788235381.088543, 610.100000]: Handle local replanning...
[INFO] [1788235381.089619, 610.100000]: curr path length: 50, is_loop length: 50
[INFO] [1788235381.090541, 610.100000]: Send new plan: 20 37 17 13 15 14 16 12 11 18 10 36 9 8 0 1 35 6 19 38  ---> 20 20(L) 38 26 21 23 21 22 21 24 21 25 27 31 32 29 32 30 32 28 33 38(L) 33 7 5 4 3 34 2 35(L) 
[INFO] [1788235386.866470, 615.900000]: Replanning request. curr_vertex_idx: 19
[INFO] [1788235386.867495, 615.900000]:                     covered_vertices: ()
[INFO] [1788235386.868373, 615.900000]: Handle local replanning...
[INFO] [1788235386.869111, 615.900000]: curr path length: 50, is_loop length: 50
[INFO] [1788235386.869732, 615.900000]: Send new plan: 20 37 17 13 15 14 16 12 11 18 10 36 9 8 0 1 35 6 19 38  ---> 20 20(L) 38 26 21 23 21 22 21 24 21 25 27 31 32 29 32 30 32 28 33 38(L) 33 7 5 4 3 34 2 35(L) 
[INFO] [1788235392.864153, 621.900000]: Replanning request. curr_vertex_idx: 19
[INFO] [1788235392.865398, 621.900000]:                     covered_vertices: ()
[INFO] [1788235392.866471, 621.900000]: Handle local replanning...
[INFO] [1788235392.867494, 621.900000]: curr path length: 50, is_loop length: 50
[INFO] [1788235392.868457, 621.900000]: Send new plan: 20 37 17 13 15 14 16 12 11 18 10 36 9 8 0 1 35 6 19 38  ---> 20 20(L) 38 26 21 23 21 22 21 24 21 25 27 31 32 29 32 30 32 28 33 38(L) 33 7 5 4 3 34 2 35(L) 
[INFO] [1788235398.459979, 627.500000]: Really visited vertices: 20 37 17 13 15 14 15 16 17 12 17 11 18 10 36 9 36 8 0 35 1 35 6 19 18 37 20 
[INFO] [1788235398.938747, 627.900000]: Replanning request. curr_vertex_idx: 19
[INFO] [1788235398.939784, 627.900000]:                     covered_vertices: ()
[INFO] [1788235398.940515, 627.900000]: Handle local replanning...
[INFO] [1788235398.941324, 627.900000]: curr path length: 50, is_loop length: 50
[INFO] [1788235398.942277, 627.900000]: Send new plan: 20 37 17 13 15 14 16 12 11 18 10 36 9 8 0 1 35 6 19 38  ---> 20 20(L) 38 26 21 23 21 22 21 24 21 25 27 31 32 29 32 30 32 28 33 38(L) 33 7 5 4 3 34 2 35(L) 
[INFO] [1788235403.056850, 632.100000]: Replanning request. curr_vertex_idx: 19
[INFO] [1788235403.057781, 632.100000]:                     covered_vertices: ()
[INFO] [1788235403.058575, 632.100000]: Handle local replanning...
[INFO] [1788235403.059222, 632.100000]: curr path length: 50, is_loop length: 50
[INFO] [1788235403.059842, 632.100000]: Send new plan: 20 37 17 13 15 14 16 12 11 18 10 36 9 8 0 1 35 6 19 38  ---> 20 20(L) 38 26 21 23 21 22 21 24 21 25 27 31 32 29 32 30 32 28 33 38(L) 33 7 5 4 3 34 2 35(L) 
[INFO] [1788235404.883943, 633.900000]: Replanning request. curr_vertex_idx: 19
[INFO] [1788235404.884956, 633.900000]:                     covered_vertices: ()
[INFO] [1788235404.885995, 633.900000]: Handle local replanning...
[INFO] [1788235404.886680, 633.900000]: curr path length: 50, is_loop length: 50
[INFO] [1788235404.887467, 633.900000]: Send new plan: 20 37 17 13 15 14 16 12 11 18 10 36 9 8 0 1 35 6 19 38  ---> 20 20(L) 38 26 21 23 21 22 21 24 21 25 27 31 32 29 32 30 32 28 33 38(L) 33 7 5 4 3 34 2 35(L) 
[INFO] [1788235406.963661, 636.000000]: Replanning request. curr_vertex_idx: 19
[INFO] [1788235406.964658, 636.000000]:                     covered_vertices: ()
[INFO] [1788235406.965432, 636.000000]: Handle local replanning...
[INFO] [1788235406.966251, 636.000000]: curr path length: 50, is_loop length: 50
 state_id=455 sim_time=633.100000
[INFO] [1788235404.870118629, 633.900000000]: PHASE2C_KEYSCAN_ACCEPTED unique_id=456 state_id=456 sim_time=633.900000
[INFO] [1788235406.650503019, 635.700000000]: PHASE2C_KEYSCAN_ACCEPTED unique_id=457 state_id=457 sim_time=635.600000
[INFO] [1788235408.079027870, 637.100000000]: PHASE2C_KEYSCAN_ACCEPTED unique_id=458 state_id=458 sim_time=637.100000
[INFO] [1788235409.465594296, 638.500000000]: PHASE2C_KEYSCAN_ACCEPTED unique_id=459 state_id=459 sim_time=638.500000
[INFO] [1788235410.789219541, 639.800000000]: PHASE2C_KEYSCAN_ACCEPTED unique_id=460 state_id=460 sim_time=639.800000
[INFO] [1788235412.271672855, 641.300000000]: PHASE2C_KEYSCAN_ACCEPTED unique_id=461 state_id=461 sim_time=641.300000
Warning: TF_REPEATED_DATA ignoring data with redundant timestamp for frame odom (parent offset) at time 641.500000 according to authority unknown_publisher
         at line 277 in Warning: /tmp/binarydeb/ros-noetic-tf2-0.7.10/src/buffer_core.cppTF_REPEATED_DATA ignoring data with redundant timestamp for frame odom (parent offset) at time 641.500000 according to authority unknown_publisher

         at line 277 in Warning: /tmp/binarydeb/ros-noetic-tf2-0.7.10/src/buffer_core.cppTF_REPEATED_DATA ignoring data with redundant timestamp for frame offset (parent map) at time 641.500000 according to authority unknown_publisher

         at line 277 in Warning: /tmp/binarydeb/ros-noetic-tf2-0.7.10/src/buffer_core.cppTF_REPEATED_DATA ignoring data with redundant timestamp for frame offset (parent map) at time 641.500000 according to authority unknown_publisher[INFO] [1788235326.918483863, 555.900000000]: Call local replanning...
[INFO] [1788235326.924606709, 555.900000000]: Find middle goal point.
[INFO] [1788235332.751186069, 561.800000000]: Call local replanning...
[INFO] [1788235332.756016736, 561.800000000]: Find middle goal point.
[INFO] [1788235338.997900640, 568.000000000]: Call local replanning...
[INFO] [1788235339.003358100, 568.000000000]: Find middle goal point.
[INFO] [1788235344.924369713, 573.900000000]: Call local replanning...
[INFO] [1788235344.930904061, 573.900000000]: Find middle goal point.
[INFO] [1788235350.759290010, 579.800000000]: Call local replanning...
[INFO] [1788235350.764516978, 579.800000000]: Find middle goal point.
[INFO] [1788235356.879673435, 585.900000000]: Call local replanning...
[INFO] [1788235356.883834922, 585.900000000]: Find middle goal point.
[INFO] [1788235363.103601084, 592.100000000]: Call local replanning...
[INFO] [1788235363.109869826, 592.100000000]: Find middle goal point.
[INFO] [1788235368.853399384, 597.900000000]: Call local replanning...
[INFO] [1788235368.857478409, 597.900000000]: Find middle goal point.
[INFO] [1788235374.937200952, 603.900000000]: Call local replanning...
[INFO] [1788235374.943543699, 603.900000000]: Find middle goal point.
[INFO] [1788235381.085274489, 610.100000000]: Call local replanning...
[INFO] [1788235381.091744370, 610.100000000]: Find middle goal point.
[INFO] [1788235386.865309850, 615.900000000]: Call local replanning...
[INFO] [1788235386.870515445, 615.900000000]: Find middle goal point.
[INFO] [1788235392.862947499, 621.900000000]: Call local replanning...
[INFO] [1788235392.870018414, 621.900000000]: Find middle goal point.
[INFO] [1788235398.937460350, 627.900000000]: Call local replanning...
[INFO] [1788235398.943543924, 627.900000000]: Reach vertex 38
[INFO] [1788235398.949185364, 628.000000000]: Explore Goal 38 's frontiers...
[INFO] [1788235403.055721241, 632.100000000]: Call local replanning...
[INFO] [1788235403.064355460, 632.100000000]: Explore Goal 38 's frontiers...
[INFO] [1788235404.882811506, 633.900000000]: Call local replanning...
[INFO] [1788235404.891367409, 633.900000000]: Explore Goal 38 's frontiers...
[INFO] [1788235406.962701829, 636.000000000]: Call local replanning...
[INFO] [1788235406.989426567, 636.000000000]: Explore Goal 38 's frontiers...


Warning:          at line TF_REPEATED_DATA ignoring data with redundant timestamp for frame odom (parent offset) at time 641.500000 according to authority unknown_publisher277
 in          at line /tmp/binarydeb/ros-noetic-tf2-0.7.10/src/buffer_core.cpp
277 in /tmp/binarydeb/ros-noetic-tf2-0.7.10/src/buffer_core.cpp
Warning: TF_REPEATED_DATA ignoring data with redundant timestamp for frame offset (parent map) at time 641.500000 according to authority unknown_publisher
         at line 277 in /tmp/binarydeb/ros-noetic-tf2-0.7.10/src/buffer_core.cpp
[WARN] [1788235412.458825518, 641.500000000]: TF_REPEATED_DATA ignoring data with redundant timestamp for frame odom (parent offset) at time 641.500000 according to authority unknown_publisher
[WARN] [1788235412.458861862, 641.500000000]: TF_REPEATED_DATA ignoring data with redundant timestamp for frame offset (parent map) at time 641.500000 according to authority unknown_publisher
Warning: TF_REPEATED_DATA ignoring data with redundant timestamp for frame odom (parent offset) at time 641.500000 according to authority unknown_publisher
         at line 277 in /tmp/binarydeb/ros-noetic-tf2-0.7.10/src/buffer_core.cpp
Warning: TF_REPEATED_DATA ignoring data with redundant timestamp for frame offset (parent map) at time 641.500000 according to authority unknown_publisher
         at line 277 in /tmp/binarydeb/ros-noetic-tf2-0.7.10/src/buffer_core.cpp
[WARN] [1788235412.816405283, 641.800000000]: No frontier at vertex 38. #Frontier: 0
[WARN] [1788235438.933026477, 667.900000000]: Add one Loop closure. 2 loops have been added.
concorde /tmp/tmpwt9t59mn/problem.tsp
Host: msxg  Current process id: 121994
Using random seed 1788235446
Number of Nodes: 28
Explicit Lengths (CC_MATRIXNORM)
Set initial upperbound to 1046 (from tour)
ERROR: No dual change in basis finding code
Did not find a basic optimal solution
Fractional matching routine failed
Warning: restarting running timer Miscellaneous
No warmstart, stumbling on anyway
Basic dual change required, but no candidate edges
  LP Value  1: 998.000000  (0.00 seconds)
  LP Value  2: 1046.000000  (0.00 seconds)
New lower bound: 1046.000000
Final lower bound 1046.000000, upper bound 1046.000000
Exact lower bound: 1046.000000
DIFF: 0.000000
Final LP has 33 rows, 58 columns, 156 nonzeros
Optimal Solution: 1046.00
Number of bbnodes: 1
Total Running Time: 0.01 (seconds)
concorde /tmp/tmpjio6k4xh/problem.tsp
Host: msxg  Current process id: 122071
Using random seed 1788235452
Number of Nodes: 28
Explicit Lengths (CC_MATRIXNORM)
Set initial upperbound to 1046 (from tour)
ERROR: No dual change in basis finding code
Did not find a basic optimal solution
Fractional matching routine failed
Warning: restarting running timer Miscellaneous
No warmstart, stumbling on anyway
Basic dual change required, but no candidate edges
  LP Value  1: 986.000000  (0.00 seconds)
  LP Value  2: 1046.000000  (0.00 seconds)
New lower bound: 1046.000000
Final lower bound 1046.000000, upper bound 1046.000000
Exact lower bound: 1046.000000
DIFF: 0.000000
Final LP has 34 rows, 60 columns, 185 nonzeros
Optimal Solution: 1046.00
Number of bbnodes: 1
Total Running Time: 0.01 (seconds)
[INFO] [1788235406.966968, 636.000000]: Send new plan: 20 37 17 13 15 14 16 12 11 18 10 36 9 8 0 1 35 6 19 38  ---> 20 20(L) 38 26 21 23 21 22 21 24 21 25 27 31 32 29 32 30 32 28 33 38(L) 33 7 5 4 3 34 2 35(L) 
[INFO] [1788235412.458252, 641.500000]: Really visited vertices: 20 37 17 13 15 14 15 16 17 12 17 11 18 10 36 9 36 8 0 35 1 35 6 19 18 37 20 38 
[INFO] [1788235412.811990, 641.800000]: Replanning request. curr_vertex_idx: 19
[INFO] [1788235412.813010, 641.800000]:                     covered_vertices: ()
[INFO] [1788235412.813765, 641.800000]: Handle local replanning...
[INFO] [1788235412.814461, 641.800000]: curr path length: 50, is_loop length: 50
[INFO] [1788235412.815303, 641.800000]: Send new plan: 20 37 17 13 15 14 16 12 11 18 10 36 9 8 0 1 35 6 19 38  ---> 20 20(L) 38 26 21 23 21 22 21 24 21 25 27 31 32 29 32 30 32 28 33 38(L) 33 7 5 4 3 34 2 35(L) 
[INFO] [1788235418.473571, 647.500000]: Really visited vertices: 20 37 17 13 15 14 15 16 17 12 17 11 18 10 36 9 36 8 0 35 1 35 6 19 18 37 20 38 
[INFO] [1788235418.859335, 647.900000]: PHASE4A_SELECTIVE_REPAIR vertex=20 span_m=2.36 planned_len_m=12.03 waypoints=24
[INFO] [1788235429.775753, 658.800000]: Really visited vertices: 20 37 17 13 15 14 15 16 17 12 17 11 18 10 36 9 36 8 0 35 1 35 6 19 18 37 20 38 
[INFO] [1788235436.399694, 665.400000]: Really visited vertices: 20 37 17 13 15 14 15 16 17 12 17 11 18 10 36 9 36 8 0 35 1 35 6 19 18 37 20 38 
[INFO] [1788235440.909565, 669.900000]: Replanning request. curr_vertex_idx: 21
[INFO] [1788235440.910779, 669.900000]:                     covered_vertices: ()
[INFO] [1788235440.911718, 669.900000]: curr path length: 50, is_loop length: 50
[INFO] [1788235440.912489, 669.900000]: Send new plan: 20 37 17 13 15 14 16 12 11 18 10 36 9 8 0 1 35 6 19 38 20 20(L)  ---> 38 26 21 23 21 22 21 24 21 25 27 31 32 29 32 30 32 28 33 38(L) 33 7 5 4 3 34 2 35(L) 
[INFO] [1788235446.079305, 675.100000]: Really visited vertices: 20 37 17 13 15 14 15 16 17 12 17 11 18 10 36 9 36 8 0 35 1 35 6 19 18 37 20 38 20 
[INFO] [1788235446.805607, 675.800000]: Replanning request. curr_vertex_idx: 23
[INFO] [1788235446.806600, 675.800000]:                     covered_vertices: ()
[INFO] [1788235446.807383, 675.800000]: Handle local replanning...
[INFO] [1788235446.808083, 675.800000]: Local path to replan: [26, 21, 23, 22, 24, 25, 27, 31, 32, 29, 30, 28, 33, 38]
Original tsp path is better!
[[ 0.         14.85658853 25.00172265 24.6585361  23.92624743 25.24212025
  36.77764252 38.83953398 17.90060043 24.87260056 28.516364   29.98200035
  22.76679993 14.69172766]
 [14.85658853  0.         10.14513412  9.80194757  9.0696589  10.38553172
  21.92105399 36.20972519 32.75718896 39.72918908 43.37295253 44.83858888
  37.62338845 29.54831619]
 [25.00172265 10.14513412  0.         19.9470817  19.21479302 20.53066584
  32.06618811 46.35485931 42.90232308 49.8743232  53.51808665 54.983723
  47.76852258 39.69345031]
 [24.6585361   9.80194757 19.9470817   0.         18.87160647 20.18747929
  31.72300157 46.01167276 42.55913654 49.53113666 53.17490011 54.64053645
  47.42533603 39.35026377]
 [23.92624743  9.0696589  19.21479302 18.87160647  0.         19.45519062
  30.99071289 45.27938409 41.82684786 48.79884798 52.44261143 53.90824778
  46.69304735 38.61797509]
 [25.24212025 10.38553172 20.53066584 20.18747929 19.45519062  0.
  11.53552227 25.82419347 30.52557746 38.85624553 41.14134103 47.75792936
  48.00892017 39.93384791]
 [36.77764252 21.92105399 32.06618811 31.72300157 30.99071289 11.53552227
   0.         14.2886712  18.99005518 27.32072326 29.60581875 36.22240709
  39.61925516 34.78793269]
 [38.83953398 36.20972519 46.35485931 46.01167276 45.27938409 25.82419347
  14.2886712   0.         20.93893354 29.26960162 31.55469711 38.17128545
  41.56813352 36.73681105]
 [17.90060043 32.75718896 42.90232308 42.55913654 41.82684786 30.52557746
  18.99005518 20.93893354  0.          8.33066808 10.61576357 17.23235191
  20.62919998 15.79787751]
 [24.87260056 39.72918908 49.8743232  49.53113666 48.79884798 38.85624553
  27.32072326 29.26960162  8.33066808  0.         18.94643165 14.27000046
  18.03300095 22.52219963]
 [28.516364   43.37295253 53.51808665 53.17490011 52.44261143 41.14134103
  29.60581875 31.55469711 10.61576357 18.94643165  0.         27.84811548
  31.24496355 26.41364108]
 [29.98200035 44.83858888 54.983723   54.64053645 53.90824778 47.75792936
  36.22240709 38.17128545 17.23235191 14.27000046 27.84811548  0.
  11.35700935 20.81732008]
 [22.76679993 37.62338845 47.76852258 47.42533603 46.69304735 48.00892017
  39.61925516 41.56813352 20.62919998 18.03300095 31.24496355 11.35700935
   0.          9.46031074]
 [14.69172766 29.54831619 39.69345031 39.35026377 38.61797509 39.93384791
  34.78793269 36.73681105 15.79787751 22.52219963 26.41364108 20.81732008
   9.46031074  0.        ]]
[INFO] [1788235446.834928, 675.800000]: curr path length: 50, is_loop length: 50
[INFO] [1788235446.836531, 675.800000]: Send new plan: 20 37 17 13 15 14 16 12 11 18 10 36 9 8 0 1 35 6 19 38 20 20(L) 38 26  ---> 21 23 21 22 21 24 21 25 27 31 32 29 32 30 32 28 33 38(L) 33 7 5 4 3 34 2 35(L) 
[INFO] [1788235452.904756, 681.900000]: Replanning request. curr_vertex_idx: 23
[INFO] [1788235452.905922, 681.900000]:                     covered_vertices: ()
[INFO] [1788235452.906780, 681.900000]: Handle local replanning...
[INFO] [1788235452.907599, 681.900000]: Local path to replan: [26, 21, 23, 22, 24, 25, 27, 31, 32, 29, 30, 28, 33, 38]
Reverse tsp path is better!
[[ 0.         14.85658853 25.00172265 24.6585361  23.92624743 25.24212025
  36.77764252 38.83953398 17.90060043 24.87260056 28.516364   29.98200035
  22.76679993 14.69172766]
 [14.85658853  0.         10.14513412  9.80194757  9.0696589  10.38553172
  21.92105399 36.20972519 32.75718896 39.72918908 43.37295253 44.83858888
  37.62338845 29.54831619]
 [25.00172265 10.14513412  0.         19.9470817  19.21479302 20.53066584
  32.06618811 46.35485931 42.90232308 49.8743232  53.51808665 54.983723
  47.76852258 39.69345031]
 [24.6585361   9.80194757 19.9470817   0.         18.87160647 20.18747929
  31.72300157 46.01167276 42.55913654 49.53113666 53.17490011 54.64053645
  47.42533603 39.35026377]
 [23.92624743  9.0696589  19.21479302 18.87160647  0.         19.45519062
  30.99071289 45.27938409 41.82684786 48.79884798 52.44261143 53.90824778
  46.69304735 38.61797509]
 [25.24212025 10.38553172 20.53066584 20.18747929 19.45519062  0.
  11.53552227 25.82419347 30.52557746 38.85624553 41.14134103 47.75792936
  48.00892017 39.93384791]
 [36.77764252 21.92105399 32.06618811 31.72300157 30.99071289 11.53552227
   0.         14.2886712  18.99005518 27.32072326 29.60581875 36.22240709
  39.61925516 34.78793269]
 [38.83953398 36.20972519 46.35485931 46.01167276 45.27938409 25.82419347
  14.2886712   0.         20.93893354 29.26960162 31.55469711 38.17128545
  41.56813352 36.73681105]
 [17.90060043 32.75718896 42.90232308 42.55913654 41.82684786 30.52557746
  18.99005518 20.93893354  0.          8.33066808 10.61576357 17.23235191
  20.62919998 15.79787751]
 [24.87260056 39.72918908 49.8743232  49.53113666 48.79884798 38.85624553
  27.32072326 29.26960162  8.33066808  0.         18.94643165 14.27000046
  18.03300095 22.52219963]
 [28.516364   43.37295253 53.51808665 53.17490011 52.44261143 41.14134103
  29.60581875 31.55469711 10.61576357 18.94643165  0.         27.84811548
  31.24496355 26.41364108]
 [29.98200035 44.83858888 54.983723   54.64053645 53.90824778 47.75792936
  36.22240709 38.17128545 17.23235191 14.27000046 27.84811548  0.
  11.35700935 20.81732008]
 [22.76679993 37.62338845 47.76852258 47.42533603 46.69304735 48.00892017
  39.61925516 41.56813352 20.62919998 18.03300095 31.24496355 11.35700935
   0.          9.46031074]
 [14.69172766 29.54831619 39.69345031 39.35026377 38.61797509 39.93384791
  34.78793269 36.73681105 15.79787751 22.52219963 26.41364108 20.81732008
   9.46031074  0.        ]]
[INFO] [1788235452.934801, 681.900000]: curr path length: 50, is_loop length: 50
concorde /tmp/tmpf0qb9ffe/problem.tsp
Host: msxg  Current process id: 122129
Using random seed 1788235458
Number of Nodes: 28
Explicit Lengths (CC_MATRIXNORM)
Set initial upperbound to 1046 (from tour)
ERROR: No dual change in basis finding code
Did not find a basic optimal solution
Fractional matching routine failed
Warning: restarting running timer Miscellaneous
No warmstart, stumbling on anyway
Basic dual change required, but no candidate edges
  LP Value  1: 998.000000  (-0.00 seconds)
  LP Value  2: 1046.000000  (-0.00 seconds)
New lower bound: 1046.000000
Final lower bound 1046.000000, upper bound 1046.000000
Exact lower bound: 1046.000000
DIFF: 0.000000
Final LP has 34 rows, 59 columns, 168 nonzeros
Optimal Solution: 1046.00
Number of bbnodes: 1
Total Running Time: 0.00 (seconds)
[INFO] [1788235413.576925836, 642.600000000]: PHASE2C_KEYSCAN_ACCEPTED unique_id=462 state_id=462 sim_time=642.600000
[INFO] [1788235414.274081413, 643.300000000]: PHASE2C_KEYSCAN_ACCEPTED unique_id=463 state_id=463 sim_time=643.300000
[INFO] [1788235414.866506204, 643.900000000]: PHASE2C_KEYSCAN_ACCEPTED unique_id=464 state_id=464 sim_time=643.900000
[INFO] [1788235415.482001344, 644.500000000]: PHASE2C_KEYSCAN_ACCEPTED unique_id=465 state_id=465 sim_time=644.500000
[INFO] [1788235417.090057128, 646.100000000]: PHASE2C_KEYSCAN_ACCEPTED unique_id=466 state_id=466 sim_time=646.100000
[INFO] [1788235418.378965223, 647.400000000]: PHASE2C_KEYSCAN_ACCEPTED unique_id=467 state_id=467 sim_time=647.400000
[INFO] [1788235425.784841771, 654.800000000]: PHASE2C_KEYSCAN_ACCEPTED unique_id=468 state_id=468 sim_time=654.800000
[INFO] [1788235426.981853552, 656.000000000]: PHASE2C_KEYSCAN_ACCEPTED unique_id=469 state_id=469 sim_time=656.000000
[INFO] [1788235428.400310811, 657.400000000]: PHASE2C_KEYSCAN_ACCEPTED unique_id=470 state_id=470 sim_time=657.400000
[INFO] [1788235429.678424086, 658.700000000]: PHASE2C_KEYSCAN_ACCEPTED unique_id=471 state_id=471 sim_time=658.700000
[INFO] [1788235430.999888108, 660.000000000]: PHASE2C_KEYSCAN_ACCEPTED unique_id=472 state_id=472 sim_time=660.000000
[INFO] [1788235432.275488795, 661.300000000]: PHASE2C_KEYSCAN_ACCEPTED unique_id=473 state_id=473 sim_time=661.300000
[INFO] [1788235433.705870457, 662.700000000]: PHASE2C_KEYSCAN_ACCEPTED unique_id=474 state_id=474 sim_time=662.700000
[INFO] [1788235434.973896834, 664.000000000]: PHASE2C_KEYSCAN_ACCEPTED unique_id=475 state_id=475 sim_time=664.000000
[INFO] [1788235436.302246835, 665.300000000]: PHASE2C_KEYSCAN_ACCEPTED unique_id=476 state_id=476 sim_time=665.300000
[INFO] [1788235437.576027533, 666.600000000]: PHASE2C_KEYSCAN_ACCEPTED unique_id=477 state_id=477 sim_time=666.600000
[INFO] [1788235438.933094592, 667.900000000]: PHASE4A_LOOP_CLOSED seq=2 current_scan=478 chain_start=9 chain_end=17
[INFO] [1788235438.933211532, 667.900000000]: PHASE2C_KEYSCAN_ACCEPTED unique_id=478 state_id=478 sim_time=667.900000
[INFO] [1788235440.092272629, 669.100000000]: PHASE2C_KEYSCAN_ACCEPTED unique_id=479 state_id=479 sim_time=669.100000
[INFO] [1788235441.915492227, 670.900000000]: PHASE2C_KEYSCAN_ACCEPTED unique_id=480 state_id=480 sim_time=670.900000
[INFO] [1788235442.583605533, 671.600000000]: PHASE2C_KEYSCAN_ACCEPTED unique_id=481 state_id=481 sim_time=671.600000
[INFO] [1788235443.282511424, 672.300000000]: PHASE2C_KEYSCAN_ACCEPTED unique_id=482 state_id=482 sim_time=672.300000
[INFO] [1788235444.644895560, 673.700000000]: PHASE2C_KEYSCAN_ACCEPTED unique_id=483 state_id=483 sim_time=673.600000
[INFO] [1788235445.980064080, 675.000000000]: PHASE2C_KEYSCAN_ACCEPTED unique_id=484 state_id=484 sim_time=675.000000
[INFO] [1788235447.213731174, 676.200000000]: PHASE2C_KEYSCAN_ACCEPTED unique_id=485 state_id=485 sim_time=676.200000
[INFO] [1788235448.585314010, 677.600000000]: PHASE2C_KEYSCAN_ACCEPTED unique_id=486 state_id=486 sim_time=677.600000
[INFO] [1788235449.917478357, 678.900000000]: PHASE2C_KEYSCAN_ACCEPTED unique_id=487 state_id=487 sim_time=678.900000
[INFO] [1788235451.191710103, 680.200000000]: PHASE2C_KEYSCAN_ACCEPTED unique_id=488 state_id=488 sim_time=680.200000
[INFO] [1788235452.701728789, 681.700000000]: PHASE2C_KEYSCAN_ACCEPTED unique_id=489 state_id=489 sim_time=681.700000
[INFO] [1788235454.999495370, 684.000000000]: PHASE2C_KEYSCAN_ACCEPTED unique_id=490 state_id=490 sim_time=684.000000
[INFO] [1788235456.779669753, 685.800000000]: PHASE2C_KEYSCAN_ACCEPTED unique_id=491 state_id=491 sim_time=685.800000
[INFO] [1788235458.089655272, 687.100000000]: PHASE2C_KEYSCAN_ACCEPTED unique_id=492 state_id=492 sim_time=687.100000
[INFO] [1788235459.478862560, 688.500000000]: PHASE2C_KEYSCAN_ACCEPTED unique_id=493 state_id=493 sim_time=688.500000
[INFO] [1788235460.687127855, 689.700000000]: PHASE2C_KEYSCAN_ACCEPTED unique_id=494 state_id=494 sim_time=689.700000
[INFO] [1788235462.077268668, 691.100000000]: PHASE2C_KEYSCAN_ACCEPTED unique_id=495 sconcorde /tmp/tmp5vzieud8/problem.tsp
Host: msxg  Current process id: 122176
Using random seed 1788235462
Number of Nodes: 28
Explicit Lengths (CC_MATRIXNORM)
Set initial upperbound to 1046 (from tour)
ERROR: No dual change in basis finding code
Did not find a basic optimal solution
Fractional matching routine failed
Warning: restarting running timer Miscellaneous
No warmstart, stumbling on anyway
Basic dual change required, but no candidate edges
  LP Value  1: 1045.000000  (0.00 seconds)
  LP Value  2: 1046.000000  (0.00 seconds)
New lower bound: 1046.000000
Final lower bound 1046.000000, upper bound 1046.000000
Exact lower bound: 1046.000000
DIFF: 0.000000
Final LP has 33 rows, 59 columns, 183 nonzeros
Optimal Solution: 1046.00
Number of bbnodes: 1
Total Running Time: 0.01 (seconds)
concorde /tmp/tmpli90tf6w/problem.tsp
Host: msxg  Current process id: 122237
Using random seed 1788235468
Number of Nodes: 28
Explicit Lengths (CC_MATRIXNORM)
Set initial upperbound to 1046 (from tour)
ERROR: No dual change in basis finding code
Did not find a basic optimal solution
Fractional matching routine failed
Warning: restarting running timer Miscellaneous
No warmstart, stumbling on anyway
Basic dual change required, but no candidate edges
  LP Value  1: 1035.000000  (0.00 seconds)
  LP Value  2: 1046.000000  (0.00 seconds)
New lower bound: 1046.000000
Final lower bound 1046.000000, upper bound 1046.000000
Exact lower bound: 1046.000000
DIFF: 0.000000
Final LP has 34 rows, 64 columns, 173 nonzeros
Optimal Solution: 1046.00
Number of bbnodes: 1
Total Running Time: 0.01 (seconds)
[INFO] [1788235452.936008, 681.900000]: Send new plan: 20 37 17 13 15 14 16 12 11 18 10 36 9 8 0 1 35 6 19 38 20 20(L) 38 26  ---> 21 23 21 22 21 24 21 25 27 31 32 29 32 30 32 28 33 38(L) 33 7 5 4 3 34 2 35(L) 
[INFO] [1788235458.194438, 687.200000]: Really visited vertices: 20 37 17 13 15 14 15 16 17 12 17 11 18 10 36 9 36 8 0 35 1 35 6 19 18 37 20 38 20 23 
[INFO] [1788235458.819463, 687.800000]: Replanning request. curr_vertex_idx: 23
[INFO] [1788235458.820482, 687.800000]:                     covered_vertices: ()
[INFO] [1788235458.821462, 687.800000]: Handle local replanning...
[INFO] [1788235458.822332, 687.800000]: Local path to replan: [26, 21, 23, 22, 24, 25, 27, 31, 32, 29, 30, 28, 33, 38]
Reverse tsp path is better!
[[ 0.         14.85658853 25.00172265 24.6585361  23.92624743 25.24212025
  36.77764252 38.83953398 17.90060043 24.87260056 28.516364   29.98200035
  22.76679993 14.69172766]
 [14.85658853  0.         10.14513412  9.80194757  9.0696589  10.38553172
  21.92105399 36.20972519 32.75718896 39.72918908 43.37295253 44.83858888
  37.62338845 29.54831619]
 [25.00172265 10.14513412  0.         19.9470817  19.21479302 20.53066584
  32.06618811 46.35485931 42.90232308 49.8743232  53.51808665 54.983723
  47.76852258 39.69345031]
 [24.6585361   9.80194757 19.9470817   0.         18.87160647 20.18747929
  31.72300157 46.01167276 42.55913654 49.53113666 53.17490011 54.64053645
  47.42533603 39.35026377]
 [23.92624743  9.0696589  19.21479302 18.87160647  0.         19.45519062
  30.99071289 45.27938409 41.82684786 48.79884798 52.44261143 53.90824778
  46.69304735 38.61797509]
 [25.24212025 10.38553172 20.53066584 20.18747929 19.45519062  0.
  11.53552227 25.82419347 30.52557746 38.85624553 41.14134103 47.75792936
  48.00892017 39.93384791]
 [36.77764252 21.92105399 32.06618811 31.72300157 30.99071289 11.53552227
   0.         14.2886712  18.99005518 27.32072326 29.60581875 36.22240709
  39.61925516 34.78793269]
 [38.83953398 36.20972519 46.35485931 46.01167276 45.27938409 25.82419347
  14.2886712   0.         20.93893354 29.26960162 31.55469711 38.17128545
  41.56813352 36.73681105]
 [17.90060043 32.75718896 42.90232308 42.55913654 41.82684786 30.52557746
  18.99005518 20.93893354  0.          8.33066808 10.61576357 17.23235191
  20.62919998 15.79787751]
 [24.87260056 39.72918908 49.8743232  49.53113666 48.79884798 38.85624553
  27.32072326 29.26960162  8.33066808  0.         18.94643165 14.27000046
  18.03300095 22.52219963]
 [28.516364   43.37295253 53.51808665 53.17490011 52.44261143 41.14134103
  29.60581875 31.55469711 10.61576357 18.94643165  0.         27.84811548
  31.24496355 26.41364108]
 [29.98200035 44.83858888 54.983723   54.64053645 53.90824778 47.75792936
  36.22240709 38.17128545 17.23235191 14.27000046 27.84811548  0.
  11.35700935 20.81732008]
 [22.76679993 37.62338845 47.76852258 47.42533603 46.69304735 48.00892017
  39.61925516 41.56813352 20.62919998 18.03300095 31.24496355 11.35700935
   0.          9.46031074]
 [14.69172766 29.54831619 39.69345031 39.35026377 38.61797509 39.93384791
  34.78793269 36.73681105 15.79787751 22.52219963 26.41364108 20.81732008
   9.46031074  0.        ]]
[INFO] [1788235458.842603, 687.800000]: curr path length: 50, is_loop length: 50
[INFO] [1788235458.843762, 687.800000]: Send new plan: 20 37 17 13 15 14 16 12 11 18 10 36 9 8 0 1 35 6 19 38 20 20(L) 38 26  ---> 21 23 21 22 21 24 21 25 27 31 32 29 32 30 32 28 33 38(L) 33 7 5 4 3 34 2 35(L) 
[INFO] [1788235462.910294, 691.900000]: Replanning request. curr_vertex_idx: 23
[INFO] [1788235462.911359, 691.900000]:                     covered_vertices: ()
[INFO] [1788235462.912072, 691.900000]: Handle local replanning...
[INFO] [1788235462.912645, 691.900000]: Local path to replan: [26, 21, 23, 22, 24, 25, 27, 31, 32, 29, 30, 28, 33, 38]
Reverse tsp path is better!
[[ 0.         14.85658853 25.00172265 24.6585361  23.92624743 25.24212025
  36.77764252 38.83953398 17.90060043 24.87260056 28.516364   29.98200035
  22.76679993 14.69172766]
 [14.85658853  0.         10.14513412  9.80194757  9.0696589  10.38553172
  21.92105399 36.20972519 32.75718896 39.72918908 43.37295253 44.83858888
  37.62338845 29.54831619]
 [25.00172265 10.14513412  0.         19.9470817  19.21479302 20.53066584
  32.06618811 46.35485931 42.90232308 49.8743232  53.51808665 54.983723
  47.76852258 39.69345031]
 [24.6585361   9.80194757 19.9470817   0.         18.87160647 20.18747929
  31.72300157 46.01167276 42.55913654 49.53113666 53.17490011 54.64053645
  47.42533603 39.35026377]
 [23.92624743  9.0696589  19.21479302 18.87160647  0.         19.45519062
  30.99071289 45.27938409 41.82684786 48.79884798 52.44261143 53.90824778
  46.69304735 38.61797509]
 [25.24212025 10.38553172 20.53066584 20.18747929 19.45519062  0.
  11.53552227 25.82419347 30.52557746 38.85624553 41.14134103 47.75792936
  48.00892017 39.93384791]
 [36.77764252 21.92105399 32.06618811 31.72300157 30.99071289 11.53552227
   0.         14.2886712  18.99005518 27.32072326 29.60581875 36.22240709
  39.61925516 34.78793269]
 [38.83953398 36.20972519 46.35485931 46.01167276 45.27938409 25.82419347
  14.2886712   0.         20.93893354 29.26960162 31.55469711 38.17128545
  41.56813352 36.73681105]
 [17.90060043 32.75718896 42.90232308 42.55913654 41.82684786 30.52557746
  18.99005518 20.93893354  0.          8.33066808 10.61576357 17.23235191
  20.62919998 15.79787751]
 [24.87260056 39.72918908 49.8743232  49.53113666 48.79884798 38.85624553
  27.32072326 29.26960162  8.33066808  0.         18.94643165 14.27000046
  18.03300095 22.52219963]
 [28.516364   43.37295253 53.51808665 53.17490011 52.44261143 41.14134103
  29.60581875 31.55469711 10.61576357 18.94643165  0.         27.84811548
  31.24496355 26.41364108]
 [29.98200035 44.83858888 54.983723   54.64053645 53.90824778 47.75792936
  36.22240709 38.17128545 17.23235191 14.27000046 27.84811548  0.
  11.35700935 20.81732008]
 [22.76679993 37.62338845 47.76852258 47.42533603 46.69304735 48.00892017
  39.61925516 41.56813352 20.62919998 18.03300095 31.24496355 11.35700935
   0.          9.46031074]
 [14.69172766 29.54831619 39.69345031 39.35026377 38.61797509 39.93384791
  34.78793269 36.73681105 15.79787751 22.52219963 26.41364108 20.81732008
   9.46031074  0.        ]]
[INFO] [1788235462.933090, 691.900000]: curr path length: 50, is_loop length: 50
[INFO] [1788235462.934668, 691.900000]: Send new plan: 20 37 17 13 15 14 16 12 11 18 10 36 9 8 0 1 35 6 19 38 20 20(L) 38 26  ---> 21 23 21 22 21 24 21 25 27 31 32 29 32 30 32 28 33 38(L) 33 7 5 4 3 34 2 35(L) 
[INFO] [1788235468.481436, 697.500000]: Really visited vertices: 20 37 17 13 15 14 15 16 17 12 17 11 18 10 36 9 36 8 0 35 1 35 6 19 18 37 20 38 20 23 26 
[INFO] [1788235468.847373, 697.900000]: Replanning request. curr_vertex_idx: 23
[INFO] [1788235468.848340, 697.900000]:                     covered_vertices: ()
[INFO] [1788235468.849189, 697.900000]: Handle local replanning...
[INFO] [1788235468.849868, 697.900000]: Local path to replan: [26, 21, 23, 22, 24, 25, 27, 31, 32, 29, 30, 28, 33, 38]
Original tsp path is better!
[WARN] [1788235468.872098281, 697.900000000]: No frontier at vertex 26. #Frontier: 0
tate_id=495 sim_time=691.100000
[INFO] [1788235463.576317252, 692.600000000]: PHASE2C_KEYSCAN_ACCEPTED unique_id=496 state_id=496 sim_time=692.600000
[INFO] [1788235464.175643971, 693.200000000]: PHASE2C_KEYSCAN_ACCEPTED unique_id=497 state_id=497 sim_time=693.200000
[INFO] [1788235464.786875892, 693.800000000]: PHASE2C_KEYSCAN_ACCEPTED unique_id=498 state_id=498 sim_time=693.800000
[INFO] [1788235465.495807824, 694.500000000]: PHASE2C_KEYSCAN_ACCEPTED unique_id=499 state_id=499 sim_time=694.500000
[INFO] [1788235466.006437452, 695.000000000]: PHASE2C_KEYSCAN_ACCEPTED unique_id=500 state_id=500 sim_time=695.000000
[INFO] [1788235466.678822875, 695.700000000]: PHASE2C_KEYSCAN_ACCEPTED unique_id=501 state_id=501 sim_time=695.700000
[INFO] [1788235467.382554988, 696.400000000]: PHASE2C_KEYSCAN_ACCEPTED unique_id=502 state_id=502 sim_time=696.400000
[INFO] [1788235468.378763250, 697.400000000]: PHASE2C_KEYSCAN_ACCEPTED unique_id=503 state_id=503 sim_time=697.400000
[INFO] [1788235469.869726291, 698.900000000]: PHASE2C_KEYSCAN_ACCEPTED unique_id=504 state_id=504 sim_time=698.900000
[INFO] [1788235471.481445140, 700.500000000]: PHASE2C_KEYSCAN_ACCEPTED unique_id=505 state_id=505 sim_time=700.500000
[INFO] [1788235472.872525735, 701.900000000]: PHASE2C_KEYSCAN_ACCEPTED unique_id=506 state_id=506 sim_time=701.900000
Warning: TF_REPEATED_DATA ignoring data with redundant timestamp for frame odom (parent offset) at time 703.700000 according to authority unknown_publisher
         at line 277 in /tmp/binarydeb/ros-noetic-tf2-0.7.10/src/buffer_core.cpp
[INFO] [1788235412.810847524, 641.800000000]: Call local replanning...
[INFO] [1788235412.816441385, 641.800000000]: Skip repeated visit to vertex 20
[INFO] [1788235412.816449569, 641.800000000]: Set newGoal 20
[INFO] [1788235418.858100306, 647.900000000]: Next target is loop vertex 20(L)
[INFO] [1788235418.860860259, 647.900000000]: Set reliable loop closing path from reliable_loop_service.
[INFO] [1788235418.860897917, 647.900000000]: PHASE2_LOOP_PLANNED vertex=20 source=reliable_loop_service waypoints=24 path=0.200000003,0;0.726875007,-5.73326109e-16;1.7007885,0.00381570379;2.14782691,0.00763140758;3.06430554,0.375859201;3.09352994,0.279224873;2.93029881,0.131820843;2.82371259,0.141335294;2.73066449,0.154240921;2.74209976,0.409078449;2.8412509,0.473438293;3.05852938,0.377023071;3.09621239,0.282859504;3.86667395,0.95814395;3.83978224,1.4033289;3.76218796,2.33755779;3.71148515,2.82660198;3.68936157,3.30818653;3.67389727,4.27174091;3.68055654,4.75371122;3.71714187,5.8014102;3.73158622,6.25050974;3.77822781,7.24047089;3.81042528,7.78133202
[INFO] [1788235418.860917279, 647.900000000]: Exploration is waiting.
[INFO] [1788235424.815448168, 653.800000000]: PHASE2_LOOP_EXECUTION_STARTED vertex=20 waypoints=24
[INFO] [1788235438.933493781, 667.900000000]: PHASE4A_CLOSURE_ATTRIBUTED seq=2 scan=478 chain=[9,17] (active loop v20)
[INFO] [1788235440.908363681, 669.900000000]: PHASE4A_EARLY_STOP vertex=20 at_waypoint=0 of 24 (closure received)
[INFO] [1788235440.908384558, 669.900000000]: PHASE2_LOOP_EXECUTION_FINISHED vertex=20 waypoints=24
[INFO] [1788235440.913457628, 669.900000000]: Skip repeated visit to vertex 38
[INFO] [1788235440.913470744, 669.900000000]: Set newGoal 26
[INFO] [1788235446.804305198, 675.800000000]: Call local replanning...
[INFO] [1788235452.903624454, 681.900000000]: Call local replanning...
[INFO] [1788235458.818284623, 687.800000000]: Call local replanning...
[INFO] [1788235458.845379296, 687.800000000]: Reach vertex 26
[INFO] [1788235458.851982864, 687.900000000]: Explore Goal 26 's frontiers...
[INFO] [1788235462.909127673, 691.900000000]: Call local replanning...
[INFO] [1788235462.958862579, 692.000000000]: Explore Goal 26 's frontiers...
[INFO] [1788235468.845903867, 697.900000000]: Call local replanning...
[INFO] [1788235468.872132886, 697.900000000]: Set newGoal 21
[INFO] [1788235468.872145491, 697.900000000]: Find middle goal point.
Warning: Warning: TF_REPEATED_DATA ignoring data with redundant timestamp for frame offset (parent map) at time 703.700000 according to authority unknown_publisherTF_REPEATED_DATA ignoring data with redundant timestamp for frame odom (parent offset) at time 703.700000 according to authority unknown_publisher

         at line          at line 277 in 277/tmp/binarydeb/ros-noetic-tf2-0.7.10/src/buffer_core.cpp in 
/tmp/binarydeb/ros-noetic-tf2-0.7.10/src/buffer_core.cpp
Warning: TF_REPEATED_DATA ignoring data with redundant timestamp for frame offset (parent map) at time 703.700000 according to authority unknown_publisher
         at line 277 in /tmp/binarydeb/ros-noetic-tf2-0.7.10/src/buffer_core.cpp
Warning: TF_REPEATED_DATA ignoring data with redundant timestamp for frame odom (parent offset) at time 703.700000 according to authority unknown_publisher
         at line 277 in /tmp/binarydeb/ros-noetic-tf2-0.7.10/src/buffer_core.cpp
Warning: TF_REPEATED_DATA ignoring data with redundant timestamp for frame offset (parent map) at time 703.700000 according to authority unknown_publisher
         at line 277 in /tmp/binarydeb/ros-noetic-tf2-0.7.10/src/buffer_core.cpp
[WARN] [1788235474.649867526, 703.700000000]: TF_REPEATED_DATA ignoring data with redundant timestamp for frame odom (parent offset) at time 703.700000 according to authority unknown_publisher
Warning: TF_REPEATED_DATA ignoring data with redundant timestamp for frame odom (parent offset) at time 703.700000 according to authority unknown_publisher
         at line 277 in /tmp/binarydeb/ros-noetic-tf2-0.7.10/src/buffer_core.cpp
Warning: TF_REPEATED_DATA ignoring data with redundant timestamp for frame offset (parent map) at time 703.700000 according to authority unknown_publisher[WARN] [1788235474.649897044, 703.700000000]: TF_REPEATED_DATA ignoring data with redundant timestamp for frame offset (parent map) at time 703.700000 according to authority unknown_publisher

         at line 277 in /tmp/binarydeb/ros-noetic-tf2-0.7.10/src/buffer_core.cpp
concorde /tmp/tmpo5j0cd2l/problem.tsp
Host: msxg  Current process id: 122288
Using random seed 1788235475
Number of Nodes: 26
Explicit Lengths (CC_MATRIXNORM)
Set initial upperbound to 1047 (from tour)
ERROR: No dual change in basis finding code
Did not find a basic optimal solution
Fractional matching routine failed
Warning: restarting running timer Miscellaneous
No warmstart, stumbling on anyway
Basic dual change required, but no candidate edges
  LP Value  1: 1046.000000  (0.00 seconds)
  LP Value  2: 1047.000000  (0.00 seconds)
New lower bound: 1047.000000
Final lower bound 1047.000000, upper bound 1047.000000
Exact lower bound: 1047.000000
DIFF: 0.000000
Final LP has 28 rows, 47 columns, 115 nonzeros
Optimal Solution: 1047.00
Number of bbnodes: 1
Total Running Time: 0.00 (seconds)
[INFO] [1788235475.980835962, 705.000000000]: PHASE2C_KEYSCAN_ACCEPTED unique_id=507 state_id=507 sim_time=705.000000
[INFO] [1788235478.594513879, 707.600000000]: PHASE2C_KEYSCAN_ACCEPTED unique_id=508 state_id=508 sim_time=707.600000
[INFO] [1788235480.272168657, 709.300000000]: PHASE2C_KEYSCAN_ACCEPTED unique_id=509 state_id=509 sim_time=709.300000
Warning: TF_REPEATED_DATA ignoring data with redundant timestamp for frame odom (parent offset) at time 709.500000 according to authority unknown_publisher
         at line 277 in /tmp/binarydeb/ros-noetic-tf2-0.7.10/src/buffer_core.cpp
Warning: TF_REPEATED_DATA ignoring data with redundant timestamp for frame offset (parent map) at time 709.500000 according to authority unknown_publisher
         at line 277 in /tmp/binarydeb/ros-noetic-tf2-0.7.10/src/buffer_core.cpp
Warning: TF_REPEATED_DATA ignoring data with redundant timestamp for frame odom (parent offset) at time 709.500000 according to authority unknown_publisher
         at line 277 in /tmp/binarydeb/ros-noetic-tf2-0.7.10/src/buffer_core.cpp
Warning: TF_REPEATED_DATA ignoring data with redundant timestamp for frame offset (parent map) at time 709.500000 according to authority unknown_publisher
         at line 277 in /tmp/binarydeb/ros-noetic-tf2-0.7.10/src/buffer_core.cpp
Warning: TF_REPEATED_DATA ignoring data with redundant timestamp for frame odom (parent offset) at time 709.500000 according to authority unknown_publisher
         at line 277 in /tmp/binarydeb/ros-noetic-tf2-0.7.10/src/buffer_core.cpp
Warning: TF_REPEATED_DATA ignoring data with redundant timestamp for frame offset (parent map) at time 709.500000 according to authority unknown_publisher
         at line 277 in /tmp/binarydeb/ros-noetic-tf2-0.7.10/src/buffer_core.cpp
[WARN] [1788235480.472919271, 709.500000000]: TF_REPEATED_DATA ignoring data with redundant timestamp for frame odom (parent offset) at time 709.500000 according to authority unknown_publisher
[WARN] [1788235480.472945204, 709.500000000]: TF_REPEATED_DATA ignoring data with redundant timestamp for frame offset (parent map) at time 709.500000 according to authority unknown_publisher
[INFO] [1788235475.027129276, 704.000000000]: Call local replanning...
Warning: TF_REPEATED_DATA ignoring data with redundant timestamp for frame odom (parent offset) at time 709.500000 according to authority unknown_publisher
         at line 277 in /tmp/binarydeb/ros-noetic-tf2-0.7.10/src/buffer_core.cpp
Warning: TF_REPEATED_DATA ignoring data with redundant timestamp for frame offset (parent map) at time 709.500000 according to authority unknown_publisher
         at line 277 in /tmp/binarydeb/ros-noetic-tf2-0.7.10/src/buffer_core.cpp
[INFO] [1788235481.685298486, 710.700000000]: PHASE2C_KEYSCAN_ACCEPTED unique_id=510 state_id=510 sim_time=710.700000
[INFO] [1788235482.962365519, 712.000000000]: PHASE2C_KEYSCAN_ACCEPTED unique_id=511 state_id=511 sim_time=712.000000
[INFO] [1788235484.178727484, 713.200000000]: PHASE2C_KEYSCAN_ACCEPTED unique_id=512 state_id=512 sim_time=713.200000
[INFO] [1788235485.458639808, 714.500000000]: PHASE2C_KEYSCAN_ACCEPTED unique_id=513 state_id=513 sim_time=714.500000
Warning: TF_REPEATED_DATA ignoring data with redundant timestamp for frame odom (parent offset) at time 715.700000 according to authority unknown_publisher
         at line 277 in /tmp/binarydeb/ros-noetic-tf2-0.7.10/src/buffer_core.cpp
Warning: TF_REPEATED_DATA ignoring data with redundant timestamp for frame offset (parent map) at time 715.700000 according to authority unknown_publisher
         at line 277 in /tmp/binarydeb/ros-noetic-tf2-0.7.10/src/buffer_core.cpp
Warning: TF_REPEATED_DATA ignoring data with redundant timestamp for frame odom (parent offset) at time 715.700000 according to authority unknown_publisher
         at line 277 in /tmp/binarydeb/ros-noetic-tf2-0.7.10/src/buffer_core.cpp
Warning: TF_REPEATED_DATA ignoring data with redundant timestamp for frame offset (parent map) at time 715.700000 according to authority unknown_publisher
         at line 277 in /tmp/binarydeb/ros-noetic-tf2-0.7.10/src/buffer_core.cpp
[WARN] [1788235486.656953136, 715.700000000]: TF_REPEATED_DATA ignoring data with redundant timestamp for frame odom (parent offset) at time 715.700000 according to authority unknown_publisher
Warning: [INFO] [1788235481.042222307, 710.000000000]: Call local replanning...
TF_REPEATED_DATA ignoring data with redundant timestamp for frame odom (parent offset) at time 715.700000 according to authority unknown_publisherWarning: [WARN] [1788235486.656978650, 715.700000000]: TF_REPEATED_DATA ignoring data with redundant timestamp for frame offset (parent map) at time 715.700000 according to authority unknown_publisher
TF_REPEATED_DATA ignoring data with redundant timestamp for frame odom (parent offset) at time 715.700000 according to authority unknown_publisher

         at line          at line 277277 in  in /tmp/binarydeb/ros-noetic-tf2-0.7.10/src/buffer_core.cpp/tmp/binarydeb/ros-noetic-tf2-0.7.10/src/buffer_core.cpp

Warning: Warning: TF_REPEATED_DATA ignoring data with redundant timestamp for frame offset (parent map) at time 715.700000 according to authority unknown_publisherTF_REPEATED_DATA ignoring data with redundant timestamp for frame offset (parent map) at time 715.700000 according to authority unknown_publisher

         at line          at line 277277 in  in /tmp/binarydeb/ros-noetic-tf2-0.7.10/src/buffer_core.cpp/tmp/binarydeb/ros-noetic-tf2-0.7.10/src/buffer_core.cpp

[INFO] [1788235487.208805502, 716.200000000]: Call local replanning...
[INFO] [1788235487.214094093, 716.200000000]: Skip currGoal 21 that has no frontier and seen by robot
[INFO] [1788235487.214125549, 716.200000000]: Set newGoal 24
[INFO] [1788235492.828191454, 721.800000000]: Call local replanning...
[INFO] [1788235498.943966891, 727.900000000]: Call local replanning...
[INFO] [1788235504.146242245, 733.200000000]: Call local replanning...
[INFO] [1788235504.151412674, 733.200000000]: Reach vertex 24
[INFO] [1788235504.154784811, 733.200000000]: Explore Goal 24 's frontiers...
[INFO] [1788235506.946631034, 736.000000000]: Call local replanning...
[INFO] [1788235506.954305964, 736.000000000]: Explore Goal 24 's frontiers...
Warning: Warning: TF_REPEATED_DATA ignoring data with redundant timestamp for frame odom (parent offset) at time 741.700000 according to authority unknown_publisherTF_REPEATED_DATA ignoring data with redundant timestamp for frame odom (parent offset) at time 741.700000 according to authority unknown_publisher
[INFO] [1788235486.778694939, 715.800000000]: PHASE2C_KEYSCAN_ACCEPTED unique_id=514 state_id=514 sim_time=715.800000
[INFO] [1788235488.165733437, 717.200000000]: PHASE2C_KEYSCAN_ACCEPTED unique_id=515 state_id=515 sim_time=717.200000
[INFO] [1788235489.378688417, 718.400000000]: PHASE2C_KEYSCAN_ACCEPTED unique_id=516 state_id=516 sim_time=718.400000
[INFO] [1788235490.672402350, 719.700000000]: PHASE2C_KEYSCAN_ACCEPTED unique_id=517 state_id=517 sim_time=719.700000
[INFO] [1788235492.082292034, 721.100000000]: PHASE2C_KEYSCAN_ACCEPTED unique_id=518 state_id=518 sim_time=721.100000
[INFO] [1788235493.271529713, 722.300000000]: PHASE2C_KEYSCAN_ACCEPTED unique_id=519 state_id=519 sim_time=722.300000
[INFO] [1788235494.691078749, 723.700000000]: PHASE2C_KEYSCAN_ACCEPTED unique_id=520 state_id=520 sim_time=723.700000
[INFO] [1788235496.069703812, 725.100000000]: PHASE2C_KEYSCAN_ACCEPTED unique_id=521 state_id=521 sim_time=725.100000
[INFO] [1788235497.379712041, 726.400000000]: PHASE2C_KEYSCAN_ACCEPTED unique_id=522 state_id=522 sim_time=726.400000
[INFO] [1788235498.655623460, 727.700000000]: PHASE2C_KEYSCAN_ACCEPTED unique_id=523 state_id=523 sim_time=727.700000
[INFO] [1788235499.976521221, 729.000000000]: PHASE2C_KEYSCAN_ACCEPTED unique_id=524 state_id=524 sim_time=729.000000
[INFO] [1788235501.255536561, 730.300000000]: PHASE2C_KEYSCAN_ACCEPTED unique_id=525 state_id=525 sim_time=730.300000
[INFO] [1788235502.584288575, 731.600000000]: PHASE2C_KEYSCAN_ACCEPTED unique_id=526 state_id=526 sim_time=731.600000
[INFO] [1788235503.853735601, 732.900000000]: PHASE2C_KEYSCAN_ACCEPTED unique_id=527 state_id=527 sim_time=732.900000
[INFO] [1788235505.164486140, 734.200000000]: PHASE2C_KEYSCAN_ACCEPTED unique_id=528 state_id=528 sim_time=734.200000
[INFO] [1788235505.762968428, 734.800000000]: PHASE2C_KEYSCAN_ACCEPTED unique_id=529 state_id=529 sim_time=734.800000
[INFO] [1788235506.751876507, 735.800000000]: PHASE2C_KEYSCAN_ACCEPTED unique_id=530 state_id=530 sim_time=735.800000
[INFO] [1788235507.572162213, 736.600000000]: PHASE2C_KEYSCAN_ACCEPTED unique_id=531 state_id=531 sim_time=736.600000
[INFO] [1788235508.172420263, 737.200000000]: PHASE2C_KEYSCAN_ACCEPTED unique_id=532 state_id=532 sim_time=737.200000
[INFO] [1788235508.763317661, 737.800000000]: PHASE2C_KEYSCAN_ACCEPTED unique_id=533 state_id=533 sim_time=737.800000
[INFO] [1788235509.362152649, 738.400000000]: PHASE2C_KEYSCAN_ACCEPTED unique_id=534 state_id=534 sim_time=738.400000
[INFO] [1788235509.985853021, 739.000000000]: PHASE2C_KEYSCAN_ACCEPTED unique_id=535 state_id=535 sim_time=739.000000
[INFO] [1788235510.663822653, 739.700000000]: PHASE2C_KEYSCAN_ACCEPTED unique_id=536 state_id=536 sim_time=739.700000
[INFO] [1788235511.562682380, 740.600000000]: PHASE2C_KEYSCAN_ACCEPTED unique_id=537 state_id=537 sim_time=740.600000

         at line Warning:          at line 277TF_REPEATED_DATA ignoring data with redundant timestamp for frame odom (parent offset) at time 741.700000 according to authority unknown_publisher in 277
/tmp/binarydeb/ros-noetic-tf2-0.7.10/src/buffer_core.cpp in          at line 
/tmp/binarydeb/ros-noetic-tf2-0.7.10/src/buffer_core.cpp277
 in /tmp/binarydeb/ros-noetic-tf2-0.7.10/src/buffer_core.cppWarning: Warning: 
TF_REPEATED_DATA ignoring data with redundant timestamp for frame odom (parent offset) at time 741.700000 according to authority unknown_publisherTF_REPEATED_DATA ignoring data with redundant timestamp for frame offset (parent map) at time 741.700000 according to authority unknown_publisher

         at line Warning:          at line 277TF_REPEATED_DATA ignoring data with redundant timestamp for frame offset (parent map) at time 741.700000 according to authority unknown_publisher277 in 
 in /tmp/binarydeb/ros-noetic-tf2-0.7.10/src/buffer_core.cpp         at line /tmp/binarydeb/ros-noetic-tf2-0.7.10/src/buffer_core.cpp
277
 in /tmp/binarydeb/ros-noetic-tf2-0.7.10/src/buffer_core.cpp
Warning: TF_REPEATED_DATA ignoring data with redundant timestamp for frame offset (parent map) at time 741.700000 according to authority unknown_publisher
         at line 277 in /tmp/binarydeb/ros-noetic-tf2-0.7.10/src/buffer_core.cpp
Warning: TF_REPEATED_DATA ignoring data with redundant timestamp for frame offset (parent map) at time 741.700000 according to authority unknown_publisher
         at line 277 in /tmp/binarydeb/ros-noetic-tf2-0.7.10/src/buffer_core.cpp
[WARN] [1788235512.666371882, 741.700000000]: TF_REPEATED_DATA ignoring data with redundant timestamp for frame odom (parent offset) at time 741.700000 according to authority unknown_publisher
[WARN] [1788235512.666397524, 741.700000000]: TF_REPEATED_DATA ignoring data with redundant timestamp for frame offset (parent map) at time 741.700000 according to authority unknown_publisher
[WARN] [1788235513.061840457, 742.100000000]: No frontier at vertex 24. #Frontier: 0
[[ 0.         14.85658853 25.00172265 24.6585361  23.92624743 25.24212025
  36.77764252 38.83953398 17.90060043 24.87260056 28.516364   29.98200035
  22.76679993 14.69172766]
 [14.85658853  0.         10.14513412  9.80194757  9.0696589  10.38553172
  21.92105399 36.20972519 32.75718896 39.72918908 43.37295253 44.83858888
  37.62338845 29.54831619]
 [25.00172265 10.14513412  0.         19.9470817  19.21479302 20.53066584
  32.06618811 46.35485931 42.90232308 49.8743232  53.51808665 54.983723
  47.76852258 39.69345031]
 [24.6585361   9.80194757 19.9470817   0.         18.87160647 20.18747929
  31.72300157 46.01167276 42.55913654 49.53113666 53.17490011 54.64053645
  47.42533603 39.35026377]
 [23.92624743  9.0696589  19.21479302 18.87160647  0.         19.45519062
  30.99071289 45.27938409 41.82684786 48.79884798 52.44261143 53.90824778
  46.69304735 38.61797509]
 [25.24212025 10.38553172 20.53066584 20.18747929 19.45519062  0.
  11.53552227 25.82419347 30.52557746 38.85624553 41.14134103 47.75792936
  48.00892017 39.93384791]
 [36.77764252 21.92105399 32.06618811 31.72300157 30.99071289 11.53552227
   0.         14.2886712  18.99005518 27.32072326 29.60581875 36.22240709
  39.61925516 34.78793269]
 [38.83953398 36.20972519 46.35485931 46.01167276 45.27938409 25.82419347
  14.2886712   0.         20.93893354 29.26960162 31.55469711 38.17128545
  41.56813352 36.73681105]
 [17.90060043 32.75718896 42.90232308 42.55913654 41.82684786 30.52557746
  18.99005518 20.93893354  0.          8.33066808 10.61576357 17.23235191
  20.62919998 15.79787751]
 [24.87260056 39.72918908 49.8743232  49.53113666 48.79884798 38.85624553
  27.32072326 29.26960162  8.33066808  0.         18.94643165 14.27000046
  18.03300095 22.52219963]
 [28.516364   43.37295253 53.51808665 53.17490011 52.44261143 41.14134103
  29.60581875 31.55469711 10.61576357 18.94643165  0.         27.84811548
  31.24496355 26.41364108]
 [29.98200035 44.83858888 54.983723   54.64053645 53.90824778 47.75792936
  36.22240709 38.17128545 17.23235191 14.27000046 27.84811548  0.
  11.35700935 20.81732008]
 [22.76679993 37.62338845 47.76852258 47.42533603 46.69304735 48.00892017
  39.61925516 41.56813352 20.62919998 18.03300095 31.24496355 11.35700935
   0.          9.46031074]
 [14.69172766 29.54831619 39.69345031 39.35026377 38.61797509 39.93384791
  34.78793269 36.73681105 15.79787751 22.52219963 26.41364108 20.81732008
   9.46031074  0.        ]]
[INFO] [1788235468.870332, 697.900000]: curr path length: 50, is_loop length: 50
[INFO] [1788235468.871096, 697.900000]: Send new plan: 20 37 17 13 15 14 16 12 11 18 10 36 9 8 0 1 35 6 19 38 20 20(L) 38 26  ---> 21 23 21 22 21 24 21 25 27 31 32 29 32 30 32 28 33 38(L) 33 7 5 4 3 34 2 35(L) 
[INFO] [1788235475.028212, 704.000000]: Replanning request. curr_vertex_idx: 24
[INFO] [1788235475.029364, 704.000000]:                     covered_vertices: ()
[INFO] [1788235475.030056, 704.000000]: Handle local replanning...
[INFO] [1788235475.030728, 704.000000]: Local path to replan: [21, 23, 22, 24, 25, 27, 31, 32, 29, 30, 28, 33, 38]
Reverse tsp path is better!
[INFO] [1788235475.047933, 704.100000]: curr path length: 46, is_loop length: 46
[INFO] [1788235475.048751, 704.100000]: Send new plan: 20 37 17 13 15 14 16 12 11 18 10 36 9 8 0 1 35 6 19 38 20 20(L) 38 26 21  ---> 24 23 22 25 27 31 32 30 29 28 33 38 38(L) 33 7 5 4 3 34 2 35(L) 
[INFO] [1788235480.472144, 709.500000]: Really visited vertices: 20 37 17 13 15 14 15 16 17 12 17 11 18 10 36 9 36 8 0 35 1 35 6 19 18 37 20 38 20 23 26 
[INFO] [1788235481.043321, 710.000000]: Replanning request. curr_vertex_idx: 24
[INFO] [1788235481.044393, 710.000000]:                     covered_vertices: ()
[INFO] [1788235481.045105, 710.000000]: Handle local replanning...
[INFO] [1788235481.045796, 710.100000]: curr path length: 46, is_loop length: 46
[INFO] [1788235481.046370, 710.100000]: Send new plan: 20 37 17 13 15 14 16 12 11 18 10 36 9 8 0 1 35 6 19 38 20 20(L) 38 26 21  ---> 24 23 22 25 27 31 32 30 29 28 33 38 38(L) 33 7 5 4 3 34 2 35(L) 
[INFO] [1788235487.210123, 716.200000]: Replanning request. curr_vertex_idx: 24
[INFO] [1788235487.210994, 716.200000]:                     covered_vertices: ()
[INFO] [1788235487.211682, 716.200000]: Handle local replanning...
[INFO] [1788235487.212302, 716.200000]: curr path length: 46, is_loop length: 46
[INFO] [1788235487.212889, 716.200000]: Send new plan: 20 37 17 13 15 14 16 12 11 18 10 36 9 8 0 1 35 6 19 38 20 20(L) 38 26 21  ---> 24 23 22 25 27 31 32 30 29 28 33 38 38(L) 33 7 5 4 3 34 2 35(L) 
[INFO] [1788235492.188954, 721.200000]: Really visited vertices: 20 37 17 13 15 14 15 16 17 12 17 11 18 10 36 9 36 8 0 35 1 35 6 19 18 37 20 38 20 23 26 23 21 
[INFO] [1788235492.829297, 721.800000]: Replanning request. curr_vertex_idx: 25
[INFO] [1788235492.830386, 721.800000]:                     covered_vertices: ()
[INFO] [1788235492.831010, 721.800000]: Handle local replanning...
[INFO] [1788235492.831576, 721.800000]: curr path length: 46, is_loop length: 46
[INFO] [1788235492.832159, 721.800000]: Send new plan: 20 37 17 13 15 14 16 12 11 18 10 36 9 8 0 1 35 6 19 38 20 20(L) 38 26 21 24  ---> 23 22 25 27 31 32 30 29 28 33 38 38(L) 33 7 5 4 3 34 2 35(L) 
[INFO] [1788235498.945226, 727.900000]: Replanning request. curr_vertex_idx: 25
[INFO] [1788235498.946491, 728.000000]:                     covered_vertices: ()
[INFO] [1788235498.947248, 728.000000]: Handle local replanning...
[INFO] [1788235498.947919, 728.000000]: curr path length: 46, is_loop length: 46
[INFO] [1788235498.948778, 728.000000]: Send new plan: 20 37 17 13 15 14 16 12 11 18 10 36 9 8 0 1 35 6 19 38 20 20(L) 38 26 21 24  ---> 23 22 25 27 31 32 30 29 28 33 38 38(L) 33 7 5 4 3 34 2 35(L) 
[INFO] [1788235504.147356, 733.200000]: Replanning request. curr_vertex_idx: 25
[INFO] [1788235504.148315, 733.200000]:                     covered_vertices: ()
[INFO] [1788235504.149024, 733.200000]: Handle local replanning...
[INFO] [1788235504.149774, 733.200000]: curr path length: 46, is_loop length: 46
[INFO] [1788235504.150450, 733.200000]: Send new plan: 20 37 17 13 15 14 16 12 11 18 10 36 9 8 0 1 35 6 19 38 20 20(L) 38 26 21 24  ---> 23 22 25 27 31 32 30 29 28 33 38 38(L) 33 7 5 4 3 34 2 35(L) 
[INFO] [1788235506.947541, 736.000000]: Replanning request. curr_vertex_idx: 25
[INFO] [1788235506.948510, 736.000000]:                     covered_vertices: ()
[INFO] [1788235506.949215, 736.000000]: Handle local replanning...
[INFO] [1788235506.949980, 736.000000]: curr path length: 46, is_loop length: 46
[INFO] [1788235506.950957, 736.000000]: Send new plan: 20 37 17 13 15 14 16 12 11 18 10 36 9 8 0 1 35 6 19 38 20 20(L) 38 26 21 24  ---> 23 22 25 27 31 32 30 29 28 33 38 38(L) 33 7 5 4 3 34 2 35(L) 
[INFO] [1788235513.056771, 742.100000]: Replanning request. curr_vertex_idx: 25
[INFO] [1788235513.057869, 742.100000]:                     covered_vertices: ()
[INFO] [1788235513.058662, 742.100000]: Handle local replanning...
[INFO] [1788235513.059558, 742.100000]: curr path length: 46, is_loop length: 46
[INFO] [1788235513.060484, 742.100000]: Send new plan: 20 37 17 13 15 14 16 12 11 18 10 36 9 8 0 1 35 6 19 38 20 20(L) 38 26 21 24  ---> 23 22 25 27 31 32 30 29 28 33 38 38(L) 33 7 5 4 3 34 2 35(L) 
[INFO] [1788235518.357318, 747.400000]: Really visited vertices: 20 37 17 13 15 14 15 16 17 12 17 11 18 10 36 9 36 8 0 35 1 35 6 19 18 37 20 38 20 23 26 23 21 24 
[INFO] [1788235518.927934, 747.900000]: Replanning request. curr_vertex_idx: 26
[INFO] [1788235518.928867, 747.900000]:                     covered_vertices: ()
[INFO] [1788235518.929597, 747.900000]: Handle local replanning...
[INFO] [1788235518.930102, 747.900000]: curr path length: 46, is_loop length: 46
[INFO] [1788235518.930530, 747.900000]: Send new plan: 20 37 17 13 15 14 16 12 11 18 10 36 9 8 0 1 35 6 19 38 20 20(L) 38 26 21 24 23  ---> 22 25 27 31 32 30 29 28 33 38 38(L) 33 7 5 4 3 34 2 35(L) 
[INFO] [1788235524.015109, 753.000000]: Really visited vertices: 20 37 17 13 15 14 15 16 17 12 17 11 18 10 36 9 36 8 0 35 1 35 6 19 18 37 20 38 20 23 26 23 21 24 
[INFO] [1788235525.029852, 754.000000]: Replanning request. curr_vertex_idx: 26
[WARN] [1788235548.843401721, 777.800000000]: No frontier at vertex 22. #Frontier: 0
[INFO] [1788235512.918652809, 741.900000000]: PHASE2C_KEYSCAN_ACCEPTED unique_id=538 state_id=538 sim_time=741.900000
[INFO] [1788235513.875375875, 742.900000000]: PHASE2C_KEYSCAN_ACCEPTED unique_id=539 state_id=539 sim_time=742.900000
[INFO] [1788235514.376093850, 743.400000000]: PHASE2C_KEYSCAN_ACCEPTED unique_id=540 state_id=540 sim_time=743.400000
[INFO] [1788235515.135796704, 744.100000000]: PHASE2C_KEYSCAN_ACCEPTED unique_id=541 state_id=541 sim_time=744.100000
[INFO] [1788235515.663855621, 744.700000000]: PHASE2C_KEYSCAN_ACCEPTED unique_id=542 state_id=542 sim_time=744.700000
[INFO] [1788235516.582863978, 745.600000000]: PHASE2C_KEYSCAN_ACCEPTED unique_id=543 state_id=543 sim_time=745.600000
[INFO] [1788235518.142618317, 747.100000000]: PHASE2C_KEYSCAN_ACCEPTED unique_id=544 state_id=544 sim_time=747.100000
[INFO] [1788235519.485154995, 748.500000000]: PHASE2C_KEYSCAN_ACCEPTED unique_id=545 state_id=545 sim_time=748.500000
[INFO] [1788235521.714492688, 750.700000000]: PHASE2C_KEYSCAN_ACCEPTED unique_id=546 state_id=546 sim_time=750.700000
[INFO] [1788235523.899837175, 752.900000000]: PHASE2C_KEYSCAN_ACCEPTED unique_id=547 state_id=547 sim_time=752.900000
[INFO] [1788235525.280046841, 754.300000000]: PHASE2C_KEYSCAN_ACCEPTED unique_id=548 state_id=548 sim_time=754.300000
[INFO] [1788235526.502530736, 755.500000000]: PHASE2C_KEYSCAN_ACCEPTED unique_id=549 state_id=549 sim_time=755.500000
[INFO] [1788235527.872763513, 756.900000000]: PHASE2C_KEYSCAN_ACCEPTED unique_id=550 state_id=550 sim_time=756.900000
[INFO] [1788235529.183899569, 758.200000000]: PHASE2C_KEYSCAN_ACCEPTED unique_id=551 state_id=551 sim_time=758.200000
[INFO] [1788235530.375039558, 759.400000000]: PHASE2C_KEYSCAN_ACCEPTED unique_id=552 state_id=552 sim_time=759.400000
[INFO] [1788235531.901645182, 760.900000000]: PHASE2C_KEYSCAN_ACCEPTED unique_id=553 state_id=553 sim_time=760.900000
[INFO] [1788235532.378501291, 761.400000000]: PHASE2C_KEYSCAN_ACCEPTED unique_id=554 state_id=554 sim_time=761.400000
[INFO] [1788235533.689334840, 762.700000000]: PHASE2C_KEYSCAN_ACCEPTED unique_id=555 state_id=555 sim_time=762.700000
[INFO] [1788235535.041792887, 764.000000000]: PHASE2C_KEYSCAN_ACCEPTED unique_id=556 state_id=556 sim_time=764.000000
[INFO] [1788235536.278106181, 765.300000000]: PHASE2C_KEYSCAN_ACCEPTED unique_id=557 state_id=557 sim_time=765.300000
[INFO] [1788235537.595436334, 766.600000000]: PHASE2C_KEYSCAN_ACCEPTED unique_id=558 state_id=558 sim_time=766.600000
[INFO] [1788235538.968909391, 768.000000000]: PHASE2C_KEYSCAN_ACCEPTED unique_id=559 state_id=559 sim_time=768.000000
[INFO] [1788235540.298255839, 769.300000000]: PHASE2C_KEYSCAN_ACCEPTED unique_id=560 state_id=560 sim_time=769.300000
[INFO] [1788235541.571323864, 770.600000000]: PHASE2C_KEYSCAN_ACCEPTED unique_id=561 state_id=561 sim_time=770.600000
[INFO] [1788235542.867147474, 771.900000000]: PHASE2C_KEYSCAN_ACCEPTED unique_id=562 state_id=562 sim_time=771.900000
[INFO] [1788235544.159690799, 773.200000000]: PHASE2C_KEYSCAN_ACCEPTED unique_id=563 state_id=563 sim_time=773.200000
[INFO] [1788235545.201258517, 774.200000000]: PHASE2C_KEYSCAN_ACCEPTED unique_id=564 state_id=564 sim_time=774.200000
[INFO] [1788235546.565458838, 775.600000000]: PHASE2C_KEYSCAN_ACCEPTED unique_id=565 state_id=565 sim_time=775.600000
[INFO] [1788235547.891435639, 776.900000000]: PHASE2C_KEYSCAN_ACCEPTED unique_id=566 state_id=566 sim_time=776.900000
[INFO] [1788235549.167770310, 778.200000000]: PHASE2C_KEYSCAN_ACCEPTED unique_id=567 state_id=567 sim_time=778.200000
[INFO] [1788235549.767859880, 778.800000000]: PHASE2C_KEYSCAN_ACCEPTED unique_id=568 state_id=568 sim_time=778.800000
[INFO] [1788235550.397971594, 779.400000000]: PHASE2C_KEYSCAN_ACCEPTED unique_id=569 state_id=569 sim_time=779.400000
[INFO] [1788235551.079990073, 780.100000000]: PHASE2C_KEYSCAN_ACCEPTED unique_id=570 state_id=570 sim_time=780.100000
[INFO] [1788235551.585130811, 780.600000000]: PHASE2C_KEYSCAN_ACCEPTED unique_id=571 state_id=571 sim_time=780.600000
[INFO] [1788235552.288158127, 781.300000000]: PHASE2C_KEYSCAN_ACCEPTED unique_id=572 state_id=572 sim_time=781.300000
[INFO] [1788235553.814862280, 782.800000000]: PHASE2C_KEYSCAN_ACCEPTED unique_id=573 state_id=573 sim_time=782.800000
[INFO] [1788235555.279145288, 784.300000000]: PHASE2C_KEYSCAN_ACCEPTED unique_id=574 state_id=574 sim_time=784.300000
[INFO] [1788235556.852316273, 785.900000000]: PHASE2C_KEYSCAN_ACCEPTED unique_id=575 state_id=575 sim_time=785.800000
[INFO] [1788235558.176026261, 787.200000000]: PHASE2C_KEYSCAN_ACCEPTED unique_id=576 state_id=576 sim_time=787.200000
[INFO] [1788235559.717104017, 788.700000000]: PHASE2C_KEYSCAN_ACCEPTED unique_id=577 state_id=577 sim_time=788.700000
[INFO] [1788235560.877513552, 789.900000000]: PHASE2C_KEYSCAN_ACCEPTED unique_id=578 state_id=578 sim_time=789.900000
[INFO] [1788235562.309132655, 791.300000000]: PHASE2C_KEYSCAN_ACCEPTED unique_id=579 state_id=579 sim_time=791.300000
[INFO] [1788235563.574152399, 792.600000000]: PHASE2C_KEYSCAN_ACCEPTED unique_id=580 state_id=580 sim_time=792.600000
[INFO] [1788235564.813620159, 793.800000000]: PHASE2C_KEYSCAN_ACCEPTED unique_id=581 state_id=581 sim_time=793.800000
[INFO] [1788235566.177805046, 795.200000000]: PHASE2C_KEYSCAN_ACCEPTED unique_id=582 state_id=582 sim_time=795.200000
Warning: TF_REPEATED_DATA ignoring data with redundant timestamp for frame odom (parent offset) at time 795.400000 according to authority unknown_publisher
         at line 277 in /tmp/binarydeb/ros-noetic-tf2-0.7.10/src/buffer_core.cpp
Warning: TF_REPEATED_DATA ignoring data with redundant timestamp for frame offset (parent map) at time 795.400000 according to authority unknown_publisher
         at line 277 in /tmp/binarydeb/ros-noetic-tf2-0.7.10/src/buffer_core.cpp
[WARN] [1788235566.416934363, 795.400000000]: TF_REPEATED_DATA ignoring data with redundant timestamp for frame odom (parent offset) at time 795.400000 according to authority unknown_publisher
Warning: [WARN] [1788235566.416973523, 795.400000000]: TF_REPEATED_DATA ignoring data with redundant timestamp for frame offset (parent map) at time 795.400000 according to authority unknown_publisher
TF_REPEATED_DATA ignoring data with redundant timestamp for frame odom (parent offset) at time 795.400000 according to authority unknown_publisher
         at line 277 in /tmp/binarydeb/ros-noetic-tf2-0.7.10/src/buffer_core.cpp[INFO] [1788235513.055506677, 742.100000000]: Call local replanning...
[INFO] [1788235513.061874320, 742.100000000]: Set newGoal 23
[INFO] [1788235518.926705309, 747.900000000]: Call local replanning...
[INFO] [1788235525.028575015, 754.000000000]: Call local replanning...
[INFO] [1788235530.882737517, 759.900000000]: Call local replanning...
[INFO] [1788235530.887610559, 759.900000000]: Skip currGoal 23 that has no frontier and seen by robot
[INFO] [1788235530.887634099, 759.900000000]: Set newGoal 22
[INFO] [1788235536.786241616, 765.800000000]: Call local replanning...
[INFO] [1788235543.046281482, 772.100000000]: Call local replanning...
[INFO] [1788235543.052013752, 772.100000000]: Reach vertex 22
[INFO] [1788235543.057102219, 772.100000000]: Explore Goal 22 's frontiers...
[INFO] [1788235548.838201457, 777.800000000]: Call local replanning...
[INFO] [1788235548.843435453, 777.800000000]: Set newGoal 25
[INFO] [1788235555.050407611, 784.100000000]: Call local replanning...
[INFO] [1788235561.041658698, 790.000000000]: Call local replanning...

Warning: TF_REPEATED_DATA ignoring data with redundant timestamp for frame odom (parent offset) at time 795.400000 according to authority unknown_publisher
         at line 277 in /tmp/binarydeb/ros-noetic-tf2-0.7.10/src/buffer_core.cpp
Warning: TF_REPEATED_DATA ignoring data with redundant timestamp for frame offset (parent map) at time 795.400000 according to authority unknown_publisherWarning: 
TF_REPEATED_DATA ignoring data with redundant timestamp for frame offset (parent map) at time 795.400000 according to authority unknown_publisher         at line 
277         at line  in 277/tmp/binarydeb/ros-noetic-tf2-0.7.10/src/buffer_core.cpp in 
/tmp/binarydeb/ros-noetic-tf2-0.7.10/src/buffer_core.cpp
Warning: TF_REPEATED_DATA ignoring data with redundant timestamp for frame odom (parent offset) at time 795.400000 according to authority unknown_publisher
         at line 277 in /tmp/binarydeb/ros-noetic-tf2-0.7.10/src/buffer_core.cpp
Warning: TF_REPEATED_DATA ignoring data with redundant timestamp for frame offset (parent map) at time 795.400000 according to authority unknown_publisher
         at line 277 in /tmp/binarydeb/ros-noetic-tf2-0.7.10/src/buffer_core.cpp
[INFO] [1788235567.539646300, 796.500000000]: PHASE2C_KEYSCAN_ACCEPTED unique_id=583 state_id=583 sim_time=796.500000
[INFO] [1788235568.778053286, 797.800000000]: PHASE2C_KEYSCAN_ACCEPTED unique_id=584 state_id=584 sim_time=797.800000
[INFO] [1788235570.179210911, 799.200000000]: PHASE2C_KEYSCAN_ACCEPTED unique_id=585 state_id=585 sim_time=799.200000
[INFO] [1788235571.562697519, 800.600000000]: PHASE2C_KEYSCAN_ACCEPTED unique_id=586 state_id=586 sim_time=800.600000
[INFO] [1788235573.070343909, 802.100000000]: PHASE2C_KEYSCAN_ACCEPTED unique_id=587 state_id=587 sim_time=802.100000
[INFO] [1788235574.381952020, 803.400000000]: PHASE2C_KEYSCAN_ACCEPTED unique_id=588 state_id=588 sim_time=803.400000
[INFO] [1788235575.735865524, 804.700000000]: PHASE2C_KEYSCAN_ACCEPTED unique_id=589 state_id=589 sim_time=804.700000
[INFO] [1788235576.863278215, 805.900000000]: PHASE2C_KEYSCAN_ACCEPTED unique_id=590 state_id=590 sim_time=805.900000
[INFO] [1788235578.297897264, 807.300000000]: PHASE2C_KEYSCAN_ACCEPTED unique_id=591 state_id=591 sim_time=807.300000
[INFO] [1788235579.858052618, 808.900000000]: PHASE2C_KEYSCAN_ACCEPTED unique_id=592 state_id=592 sim_time=808.900000
[INFO] [1788235580.505020314, 809.500000000]: PHASE2C_KEYSCAN_ACCEPTED unique_id=593 state_id=593 sim_time=809.500000
[INFO] [1788235581.279620204, 810.300000000]: PHASE2C_KEYSCAN_ACCEPTED unique_id=594 state_id=594 sim_time=810.300000
[INFO] [1788235582.817296829, 811.800000000]: PHASE2C_KEYSCAN_ACCEPTED unique_id=595 state_id=595 sim_time=811.800000
[INFO] [1788235584.081303457, 813.100000000]: PHASE2C_KEYSCAN_ACCEPTED unique_id=596 state_id=596 sim_time=813.100000
Warning: TF_REPEATED_DATA ignoring data with redundant timestamp for frame odom (parent offset) at time 813.300000 according to authority unknown_publisher
         at line Warning: 277 in TF_REPEATED_DATA ignoring data with redundant timestamp for frame odom (parent offset) at time 813.300000 according to authority unknown_publisher/tmp/binarydeb/ros-noetic-tf2-0.7.10/src/buffer_core.cpp

         at line 277Warning:  in TF_REPEATED_DATA ignoring data with redundant timestamp for frame offset (parent map) at time 813.300000 according to authority unknown_publisher/tmp/binarydeb/ros-noetic-tf2-0.7.10/src/buffer_core.cpp

         at line 277 in [INFO] [1788235566.813876535, 795.800000000]: Call local replanning...
[INFO] [1788235573.031925154, 802.000000000]: Call local replanning...
[INFO] [1788235578.813101302, 807.800000000]: Call local replanning...
[INFO] [1788235578.819078484, 807.800000000]: Reach vertex 25
[INFO] [1788235578.824390650, 807.800000000]: Explore Goal 25 's frontiers...
/tmp/binarydeb/ros-noetic-tf2-0.7.10/src/buffer_core.cppWarning: Warning: 
TF_REPEATED_DATA ignoring data with redundant timestamp for frame odom (parent offset) at time 813.300000 according to authority unknown_publisherTF_REPEATED_DATA ignoring data with redundant timestamp for frame offset (parent map) at time 813.300000 according to authority unknown_publisher

         at line          at line 277277 in  in /tmp/binarydeb/ros-noetic-tf2-0.7.10/src/buffer_core.cpp/tmp/binarydeb/ros-noetic-tf2-0.7.10/src/buffer_core.cpp[WARN] [1788235584.327855253, 813.300000000]: TF_REPEATED_DATA ignoring data with redundant timestamp for frame odom (parent offset) at time 813.300000 according to authority unknown_publisher


Warning: TF_REPEATED_DATA ignoring data with redundant timestamp for frame offset (parent map) at time 813.300000 according to authority unknown_publisher
         at line 277 in /tmp/binarydeb/ros-noetic-tf2-0.7.10/src/buffer_core.cpp
[WARN] [1788235584.327893746, 813.300000000]: TF_REPEATED_DATA ignoring data with redundant timestamp for frame offset (parent map) at time 813.300000 according to authority unknown_publisher
Warning: TF_REPEATED_DATA ignoring data with redundant timestamp for frame odom (parent offset) at time 813.300000 according to authority unknown_publisher
         at line 277 in /tmp/binarydeb/ros-noetic-tf2-0.7.10/src/buffer_core.cpp
Warning: TF_REPEATED_DATA ignoring data with redundant timestamp for frame offset (parent map) at time 813.300000 according to authority unknown_publisher
         at line 277 in /tmp/binarydeb/ros-noetic-tf2-0.7.10/src/buffer_core.cpp
[WARN] [1788235589.987795751, 819.000000000]: No frontier at vertex 25. #Frontier: 0
[INFO] [1788235525.031078, 754.000000]:                     covered_vertices: ()
[INFO] [1788235525.031778, 754.000000]: Handle local replanning...
[INFO] [1788235525.032465, 754.000000]: curr path length: 46, is_loop length: 46
[INFO] [1788235525.033274, 754.000000]: Send new plan: 20 37 17 13 15 14 16 12 11 18 10 36 9 8 0 1 35 6 19 38 20 20(L) 38 26 21 24 23  ---> 22 25 27 31 32 30 29 28 33 38 38(L) 33 7 5 4 3 34 2 35(L) 
[INFO] [1788235530.488488, 759.500000]: Really visited vertices: 20 37 17 13 15 14 15 16 17 12 17 11 18 10 36 9 36 8 0 35 1 35 6 19 18 37 20 38 20 23 26 23 21 24 21 
[INFO] [1788235530.883914, 759.900000]: Replanning request. curr_vertex_idx: 26
[INFO] [1788235530.884811, 759.900000]:                     covered_vertices: ()
[INFO] [1788235530.885386, 759.900000]: Handle local replanning...
[INFO] [1788235530.886035, 759.900000]: curr path length: 46, is_loop length: 46
[INFO] [1788235530.886729, 759.900000]: Send new plan: 20 37 17 13 15 14 16 12 11 18 10 36 9 8 0 1 35 6 19 38 20 20(L) 38 26 21 24 23  ---> 22 25 27 31 32 30 29 28 33 38 38(L) 33 7 5 4 3 34 2 35(L) 
[INFO] [1788235536.394426, 765.400000]: Really visited vertices: 20 37 17 13 15 14 15 16 17 12 17 11 18 10 36 9 36 8 0 35 1 35 6 19 18 37 20 38 20 23 26 23 21 24 21 
[INFO] [1788235536.787380, 765.800000]: Replanning request. curr_vertex_idx: 27
[INFO] [1788235536.788393, 765.800000]:                     covered_vertices: ()
[INFO] [1788235536.789180, 765.800000]: Handle local replanning...
[INFO] [1788235536.789848, 765.800000]: curr path length: 46, is_loop length: 46
[INFO] [1788235536.790607, 765.800000]: Send new plan: 20 37 17 13 15 14 16 12 11 18 10 36 9 8 0 1 35 6 19 38 20 20(L) 38 26 21 24 23 22  ---> 25 27 31 32 30 29 28 33 38 38(L) 33 7 5 4 3 34 2 35(L) 
[INFO] [1788235541.688771, 770.700000]: Really visited vertices: 20 37 17 13 15 14 15 16 17 12 17 11 18 10 36 9 36 8 0 35 1 35 6 19 18 37 20 38 20 23 26 23 21 24 21 
[INFO] [1788235543.047353, 772.100000]: Replanning request. curr_vertex_idx: 27
[INFO] [1788235543.048471, 772.100000]:                     covered_vertices: ()
[INFO] [1788235543.049296, 772.100000]: Handle local replanning...
[INFO] [1788235543.050098, 772.100000]: curr path length: 46, is_loop length: 46
[INFO] [1788235543.050864, 772.100000]: Send new plan: 20 37 17 13 15 14 16 12 11 18 10 36 9 8 0 1 35 6 19 38 20 20(L) 38 26 21 24 23 22  ---> 25 27 31 32 30 29 28 33 38 38(L) 33 7 5 4 3 34 2 35(L) 
[INFO] [1788235548.009761, 777.000000]: Really visited vertices: 20 37 17 13 15 14 15 16 17 12 17 11 18 10 36 9 36 8 0 35 1 35 6 19 18 37 20 38 20 23 26 23 21 24 21 22 
[INFO] [1788235548.839338, 777.800000]: Replanning request. curr_vertex_idx: 27
[INFO] [1788235548.840509, 777.800000]:                     covered_vertices: ()
[INFO] [1788235548.841213, 777.800000]: Handle local replanning...
[INFO] [1788235548.841825, 777.800000]: curr path length: 46, is_loop length: 46
[INFO] [1788235548.842503, 777.800000]: Send new plan: 20 37 17 13 15 14 16 12 11 18 10 36 9 8 0 1 35 6 19 38 20 20(L) 38 26 21 24 23 22  ---> 25 27 31 32 30 29 28 33 38 38(L) 33 7 5 4 3 34 2 35(L) 
[INFO] [1788235553.938685, 782.900000]: Really visited vertices: 20 37 17 13 15 14 15 16 17 12 17 11 18 10 36 9 36 8 0 35 1 35 6 19 18 37 20 38 20 23 26 23 21 24 21 22 
[INFO] [1788235555.051439, 784.100000]: Replanning request. curr_vertex_idx: 28
[INFO] [1788235555.052380, 784.100000]:                     covered_vertices: ()
[INFO] [1788235555.053083, 784.100000]: Handle local replanning...
[INFO] [1788235555.053830, 784.100000]: curr path length: 46, is_loop length: 46
[INFO] [1788235555.054536, 784.100000]: Send new plan: 20 37 17 13 15 14 16 12 11 18 10 36 9 8 0 1 35 6 19 38 20 20(L) 38 26 21 24 23 22 25  ---> 27 31 32 30 29 28 33 38 38(L) 33 7 5 4 3 34 2 35(L) 
[INFO] [1788235559.835690, 788.800000]: Really visited vertices: 20 37 17 13 15 14 15 16 17 12 17 11 18 10 36 9 36 8 0 35 1 35 6 19 18 37 20 38 20 23 26 23 21 24 21 22 
[INFO] [1788235561.042773, 790.000000]: Replanning request. curr_vertex_idx: 28
[INFO] [1788235561.044029, 790.000000]:                     covered_vertices: ()
[INFO] [1788235561.044856, 790.000000]: Handle local replanning...
[INFO] [1788235561.045675, 790.100000]: curr path length: 46, is_loop length: 46
[INFO] [1788235561.046628, 790.100000]: Send new plan: 20 37 17 13 15 14 16 12 11 18 10 36 9 8 0 1 35 6 19 38 20 20(L) 38 26 21 24 23 22 25  ---> 27 31 32 30 29 28 33 38 38(L) 33 7 5 4 3 34 2 35(L) 
[INFO] [1788235566.416087, 795.400000]: Really visited vertices: 20 37 17 13 15 14 15 16 17 12 17 11 18 10 36 9 36 8 0 35 1 35 6 19 18 37 20 38 20 23 26 23 21 24 21 22 21 
[INFO] [1788235566.814969, 795.800000]: Replanning request. curr_vertex_idx: 28
[INFO] [1788235566.816071, 795.800000]:                     covered_vertices: ()
[INFO] [1788235566.816788, 795.800000]: Handle local replanning...
[INFO] [1788235566.817367, 795.800000]: curr path length: 46, is_loop length: 46
[INFO] [1788235566.818020, 795.800000]: Send new plan: 20 37 17 13 15 14 16 12 11 18 10 36 9 8 0 1 35 6 19 38 20 20(L) 38 26 21 24 23 22 25  ---> 27 31 32 30 29 28 33 38 38(L) 33 7 5 4 3 34 2 35(L) 
[INFO] [1788235571.689189, 800.700000]: Really visited vertices: 20 37 17 13 15 14 15 16 17 12 17 11 18 10 36 9 36 8 0 35 1 35 6 19 18 37 20 38 20 23 26 23 21 24 21 22 21 
[INFO] [1788235573.033121, 802.000000]: Replanning request. curr_vertex_idx: 28
[INFO] [1788235573.034163, 802.000000]:                     covered_vertices: ()
[INFO] [1788235573.035010, 802.000000]: Handle local replanning...
[INFO] [1788235573.035848, 802.000000]: curr path length: 46, is_loop length: 46
[INFO] [1788235573.036579, 802.000000]: Send new plan: 20 37 17 13 15 14 16 12 11 18 10 36 9 8 0 1 35 6 19 38 20 20(L) 38 26 21 24 23 22 25  ---> 27 31 32 30 29 28 33 38 38(L) 33 7 5 4 3 34 2 35(L) 
[INFO] [1788235578.420693, 807.400000]: Really visited vertices: 20 37 17 13 15 14 15 16 17 12 17 11 18 10 36 9 36 8 0 35 1 35 6 19 18 37 20 38 20 23 26 23 21 24 21 22 21 25 
[INFO] [1788235578.814146, 807.800000]: Replanning request. curr_vertex_idx: 28
[INFO] [1788235578.815470, 807.800000]:                     covered_vertices: ()
[INFO] [1788235578.816594, 807.800000]: Handle local replanning...
[INFO] [1788235578.817357, 807.800000]: curr path length: 46, is_loop length: 46
[INFO] [1788235578.818241, 807.800000]: Send new plan: 20 37 17 13 15 14 16 12 11 18 10 36 9 8 0 1 35 6 19 38 20 20(L) 38 26 21 24 23 22 25  ---> 27 31 32 30 29 28 33 38 38(L) 33 7 5 4 3 34 2 35(L) 
[INFO] [1788235584.328171, 813.300000]: Really visited vertices: 20 37 17 13 15 14 15 16 17 12 17 11 18 10 36 9 36 8 0 35 1 35 6 19 18 37 20 38 20 23 26 23 21 24 21 22 21 25 
[INFO] [1788235584.855718, 813.900000]: Replanning request. curr_vertex_idx: 28
[INFO] [1788235584.856633, 813.900000]:                     covered_vertices: ()
[INFO] [1788235584.857308, 813.900000]: Handle local replanning...
[INFO] [1788235584.857903, 813.900000]: curr path length: 46, is_loop length: 46
[INFO] [1788235584.858413, 813.900000]: Send new plan: 20 37 17 13 15 14 16 12 11 18 10 36 9 8 0 1 35 6 19 38 20 20(L) 38 26 21 24 23 22 25  ---> 27 31 32 30 29 28 33 38 38(L) 33 7 5 4 3 34 2 35(L) 
[INFO] [1788235589.983701, 819.000000]: Replanning request. curr_vertex_idx: 28
[INFO] [1788235589.984884, 819.000000]:                     covered_vertices: ()
[INFO] [1788235589.985580, 819.000000]: Handle local replanning...
[INFO] [1788235589.986229, 819.000000]: curr path length: 46, is_loop length: 46
[INFO] [1788235589.986863, 819.000000]: Send new plan: 20 37 17 13 15 14 16 12 11 18 10 36 9 8 0 1 35 6 19 38 20 20(L) 38 26 21 24 23 22 25  ---> 27 31 32 30 29 28 33 38 38(L) 33 7 5 4 3 34 2 35(L) 
[INFO] [1788235595.341675, 824.300000]: Really visited vertices: 20 37 17 13 15 14 15 16 17 12 17 11 18 10 36 9 36 8 0 35 1 35 6 19 18 37 20 38 20 23 26 23 21 24 21 22 21 25 
[INFO] [1788235595.855601, 824.900000]: Replanning request. curr_vertex_idx: 30
[INFO] [1788235595.856717, 824.900000]:                     covered_vertices: ()
[INFO] [1788235595.857291, 824.900000]: Handle local replanning...
[INFO] [1788235585.509877182, 814.500000000]: PHASE2C_KEYSCAN_ACCEPTED unique_id=597 state_id=597 sim_time=814.500000
[INFO] [1788235586.963221958, 816.000000000]: PHASE2C_KEYSCAN_ACCEPTED unique_id=598 state_id=598 sim_time=816.000000
[INFO] [1788235588.575613642, 817.600000000]: PHASE2C_KEYSCAN_ACCEPTED unique_id=599 state_id=599 sim_time=817.600000
[INFO] [1788235589.166665671, 818.200000000]: PHASE2C_KEYSCAN_ACCEPTED unique_id=600 state_id=600 sim_time=818.200000
[INFO] [1788235589.957126359, 819.000000000]: PHASE2C_KEYSCAN_ACCEPTED unique_id=601 state_id=601 sim_time=819.000000
[INFO] [1788235590.588650473, 819.600000000]: PHASE2C_KEYSCAN_ACCEPTED unique_id=602 state_id=602 sim_time=819.600000
[INFO] [1788235591.180861309, 820.200000000]: PHASE2C_KEYSCAN_ACCEPTED unique_id=603 state_id=603 sim_time=820.200000
[INFO] [1788235591.786027522, 820.800000000]: PHASE2C_KEYSCAN_ACCEPTED unique_id=604 state_id=604 sim_time=820.800000
[INFO] [1788235592.304290284, 821.300000000]: PHASE2C_KEYSCAN_ACCEPTED unique_id=605 state_id=605 sim_time=821.300000
[INFO] [1788235592.998222201, 822.000000000]: PHASE2C_KEYSCAN_ACCEPTED unique_id=606 state_id=606 sim_time=822.000000
[INFO] [1788235593.676506183, 822.700000000]: PHASE2C_KEYSCAN_ACCEPTED unique_id=607 state_id=607 sim_time=822.700000
[INFO] [1788235595.210851575, 824.200000000]: PHASE2C_KEYSCAN_ACCEPTED unique_id=608 state_id=608 sim_time=824.200000
[INFO] [1788235596.573178196, 825.600000000]: PHASE2C_KEYSCAN_ACCEPTED unique_id=609 state_id=609 sim_time=825.600000
[INFO] [1788235597.848208182, 826.900000000]: PHASE2C_KEYSCAN_ACCEPTED unique_id=610 state_id=610 sim_time=826.800000
[INFO] [1788235599.175237675, 828.200000000]: PHASE2C_KEYSCAN_ACCEPTED unique_id=611 state_id=611 sim_time=828.200000
[INFO] [1788235600.413130280, 829.400000000]: PHASE2C_KEYSCAN_ACCEPTED unique_id=612 state_id=612 sim_time=829.400000
[INFO] [1788235601.661301166, 830.700000000]: PHASE2C_KEYSCAN_ACCEPTED unique_id=613 state_id=613 sim_time=830.700000
[INFO] [1788235603.101493851, 832.100000000]: PHASE2C_KEYSCAN_ACCEPTED unique_id=614 state_id=614 sim_time=832.100000
[INFO] [1788235604.370437799, 833.400000000]: PHASE2C_KEYSCAN_ACCEPTED unique_id=615 state_id=615 sim_time=833.400000
[INFO] [1788235605.687867411, 834.700000000]: PHASE2C_KEYSCAN_ACCEPTED unique_id=616 state_id=616 sim_time=834.700000
[INFO] [1788235606.865989796, 835.900000000]: PHASE2C_KEYSCAN_ACCEPTED unique_id=617 state_id=617 sim_time=835.900000
[INFO] [1788235608.278087833, 837.300000000]: PHASE2C_KEYSCAN_ACCEPTED unique_id=618 state_id=618 sim_time=837.300000
[INFO] [1788235609.564846077, 838.600000000]: PHASE2C_KEYSCAN_ACCEPTED unique_id=619 state_id=619 sim_time=838.600000
[INFO] [1788235610.967154897, 840.000000000]: PHASE2C_KEYSCAN_ACCEPTED unique_id=620 state_id=620 sim_time=840.000000
[INFO] [1788235612.258960277, 841.300000000]: PHASE2C_KEYSCAN_ACCEPTED unique_id=621 state_id=621 sim_time=841.300000
[INFO] [1788235613.596425798, 842.600000000]: PHASE2C_KEYSCAN_ACCEPTED unique_id=622 state_id=622 sim_time=842.500000
[INFO] [1788235614.854885331, 843.900000000]: PHASE2C_KEYSCAN_ACCEPTED unique_id=623 state_id=623 sim_time=843.900000
[INFO] [1788235615.362545580, 844.400000000]: PHASE2C_KEYSCAN_ACCEPTED unique_id=624 state_id=624 sim_time=844.400000
[INFO] [1788235616.075762402, 845.100000000]: PHASE2C_KEYSCAN_ACCEPTED unique_id=625 state_id=625 sim_time=845.100000
[INFO] [1788235616.664732042, 845.700000000]: PHASE2C_KEYSCAN_ACCEPTED unique_id=626 state_id=626 sim_time=845.700000
[INFO] [1788235617.268919242, 846.300000000]: PHASE2C_KEYSCAN_ACCEPTED unique_id=627 state_id=627 sim_time=846.300000
[INFO] [1788235617.766449504, 846.800000000]: PHASE2C_KEYSCAN_ACCEPTED unique_id=628 state_id=628 sim_time=846.800000
[INFO] [1788235618.483757485, 847.500000000]: PHASE2C_KEYSCAN_ACCEPTED unique_id=629 state_id=629 sim_time=847.500000
[INFO] [1788235619.061051736, 848.100000000]: PHASE2C_KEYSCAN_ACCEPTED unique_id=630 state_id=630 sim_time=848.100000
[INFO] [1788235619.661220137, 848.700000000]: PHASE2C_KEYSCAN_ACCEPTED unique_id=631 state_id=631 sim_time=848.700000
[INFO] [1788235620.165324377, 849.200000000]: PHASE2C_KEYSCAN_ACCEPTED unique_id=632 state_id=632 sim_time=849.200000
[INFO] [1788235620.919288930, 849.900000000]: PHASE2C_KEYSCAN_ACCEPTED unique_id=633 state_id=633 sim_time=849.900000
[INFO] [1788235621.765182111, 850.800000000]: PHASE2C_KEYSCAN_ACCEPTED unique_id=634 state_id=634 sim_time=850.800000
[INFO] [1788235623.312802108, 852.300000000]: PHASE2C_KEYSCAN_ACCEPTED unique_id=635 state_id=635 sim_time=852.300000
Warning: TF_REPEATED_DATA ignoring data with redundant timestamp for frame odom (parent offset) at time 852.500000 according to authority unknown_publisher
         at line 277 in /tmp/binarydeb/ros-noetic-tf2-0.7.10/src/buffer_core.cpp
Warning: TF_REPEATED_DATA ignoring data with redundant timestamp for frame offset (parent map) at time 852.500000 according to authority unknown_publisher
         at line 277 in /tmp/binarydeb/ros-noetic-tf2-0.7.10/src/buffer_core.cpp
[INFO] [1788235584.854697783, 813.900000000]: Call local replanning...
[INFO] [1788235584.862689783, 813.900000000]: Explore Goal 25 's frontiers...
[INFO] [1788235589.982743523, 819.000000000]: Call local replanning...
[INFO] [1788235589.987829006, 819.000000000]: Skip repeated visit to vertex 27
[INFO] [1788235589.987834944, 819.000000000]: Set newGoal 31
[INFO] [1788235595.854737836, 824.900000000]: Call local replanning...
[INFO] [1788235601.989467781, 831.000000000]: Call local replanning...
[INFO] [1788235608.055652556, 837.100000000]: Call local replanning...
[INFO] [1788235613.979998840, 843.000000000]: Call local replanning...
[INFO] [1788235613.985908482, 843.000000000]: Reach vertex 31
[INFO] [1788235613.987438968, 843.000000000]: Explore Goal 31 's frontiers...
[INFO] [1788235615.999369832, 845.000000000]: Call local replanning...
[INFO] [1788235616.006818709, 845.000000000]: Explore Goal 31 's frontiers...
[INFO] [1788235617.987467986, 847.000000000]: Call local replanning...
[INFO] [1788235617.997110822, 847.000000000]: Explore Goal 31 's frontiers...
Warning: TF_REPEATED_DATA ignoring data with redundant timestamp for frame odom (parent offset) at time 852.500000 according to authority unknown_publisher
         at line 277 in /tmp/binarydeb/ros-noetic-tf2-0.7.10/src/buffer_core.cpp
Warning: TF_REPEATED_DATA ignoring data with redundant timestamp for frame offset (parent map) at time 852.500000 according to authority unknown_publisher
         at line 277 in /tmp/binarydeb/ros-noetic-tf2-0.7.10/src/buffer_core.cpp
Warning: TF_REPEATED_DATA ignoring data with redundant timestamp for frame odom (parent offset) at time 852.500000 according to authority unknown_publisher
         at line 277 in /tmp/binarydeb/ros-noetic-tf2-0.7.10/src/buffer_core.cpp
[WARN] [1788235623.448105046, 852.500000000]: TF_REPEATED_DATA ignoring data with redundant timestamp for frame odom (parent offset) at time 852.500000 according to authority unknown_publisher
Warning: TF_REPEATED_DATA ignoring data with redundant timestamp for frame offset (parent map) at time 852.500000 according to authority unknown_publisher
         at line 277 in /tmp/binarydeb/ros-noetic-tf2-0.7.10/src/buffer_core.cpp
[WARN] [1788235623.448131441, 852.500000000]: TF_REPEATED_DATA ignoring data with redundant timestamp for frame offset (parent map) at time 852.500000 according to authority unknown_publisher
Warning: TF_REPEATED_DATA ignoring data with redundant timestamp for frame odom (parent offset) at time 852.500000 according to authority unknown_publisher
         at line 277 in /tmp/binarydeb/ros-noetic-tf2-0.7.10/src/buffer_core.cpp
Warning: TF_REPEATED_DATA ignoring data with redundant timestamp for frame offset (parent map) at time 852.500000 according to authority unknown_publisher
         at line 277 in /tmp/binarydeb/ros-noetic-tf2-0.7.10/src/buffer_core.cpp
[INFO] [1788235624.670280621, 853.700000000]: PHASE2C_KEYSCAN_ACCEPTED unique_id=636 state_id=636 sim_time=853.700000
Warning: TF_REPEATED_DATA ignoring data with redundant timestamp for frame odom (parent offset) at time 854.700000 according to authority unknown_publisher
         at line 277 in /tmp/binarydeb/ros-noetic-tf2-0.7.10/src/buffer_core.cpp
Warning: TF_REPEATED_DATA ignoring data with redundant timestamp for frame offset (parent map) at time 854.700000 according to authority unknown_publisher
         at line 277 in /tmp/binarydeb/ros-noetic-tf2-0.7.10/src/buffer_core.cpp
[INFO] [1788235624.053189626, 853.100000000]: Call local replanning...
[INFO] [1788235624.061868997, 853.100000000]: Explore Goal 31 's frontiers...
Warning: TF_REPEATED_DATA ignoring data with redundant timestamp for frame odom (parent offset) at time 854.700000 according to authority unknown_publisher
         at line 277 in /tmp/binarydeb/ros-noetic-tf2-0.7.10/src/buffer_core.cpp
Warning: TF_REPEATED_DATA ignoring data with redundant timestamp for frame offset (parent map) at time 854.700000 according to authority unknown_publisher
         at line 277 in /tmp/binarydeb/ros-noetic-tf2-0.7.10/src/buffer_core.cpp
Warning: TF_REPEATED_DATA ignoring data with redundant timestamp for frame odom (parent offset) at time 854.700000 according to authority unknown_publisher
         at line 277 in /tmp/binarydeb/ros-noetic-tf2-0.7.10/src/buffer_core.cpp
Warning: TF_REPEATED_DATA ignoring data with redundant timestamp for frame offset (parent map) at time 854.700000 according to authority unknown_publisher
         at line 277 in /tmp/binarydeb/ros-noetic-tf2-0.7.10/src/buffer_core.cpp
[WARN] [1788235625.729401087, 854.700000000]: TF_REPEATED_DATA ignoring data with redundant timestamp for frame odom (parent offset) at time 854.700000 according to authority unknown_publisher
[WARN] [1788235625.729422884, 854.700000000]: TF_REPEATED_DATA ignoring data with redundant timestamp for frame offset (parent map) at time 854.700000 according to authority unknown_publisher
Warning: TF_REPEATED_DATA ignoring data with redundant timestamp for frame odom (parent offset) at time 854.700000 according to authority unknown_publisher
         at line 277 in /tmp/binarydeb/ros-noetic-tf2-0.7.10/src/buffer_core.cpp
Warning: TF_REPEATED_DATA ignoring data with redundant timestamp for frame offset (parent map) at time 854.700000 according to authority unknown_publisher
         at line 277 in /tmp/binarydeb/ros-noetic-tf2-0.7.10/src/buffer_core.cpp
[WARN] [1788235628.202351624, 857.200000000]: No frontier at vertex 31. #Frontier: 0
[INFO] [1788235625.998240914, 855.000000000]: PHASE2C_KEYSCAN_ACCEPTED unique_id=637 state_id=637 sim_time=855.000000
[INFO] [1788235627.366958828, 856.400000000]: PHASE2C_KEYSCAN_ACCEPTED unique_id=638 state_id=638 sim_time=856.400000
[INFO] [1788235627.862025561, 856.900000000]: PHASE2C_KEYSCAN_ACCEPTED unique_id=639 state_id=639 sim_time=856.900000
[INFO] [1788235628.570419199, 857.600000000]: PHASE2C_KEYSCAN_ACCEPTED unique_id=640 state_id=640 sim_time=857.600000
[INFO] [1788235629.163633001, 858.200000000]: PHASE2C_KEYSCAN_ACCEPTED unique_id=641 state_id=641 sim_time=858.200000
[INFO] [1788235629.768565808, 858.800000000]: PHASE2C_KEYSCAN_ACCEPTED unique_id=642 state_id=642 sim_time=858.800000
[INFO] [1788235630.371571493, 859.400000000]: PHASE2C_KEYSCAN_ACCEPTED unique_id=643 state_id=643 sim_time=859.400000
[INFO] [1788235631.999165061, 861.000000000]: PHASE2C_KEYSCAN_ACCEPTED unique_id=644 state_id=644 sim_time=861.000000
[INFO] [1788235633.193446717, 862.200000000]: PHASE2C_KEYSCAN_ACCEPTED unique_id=645 state_id=645 sim_time=862.200000
[INFO] [1788235634.317737528, 863.300000000]: PHASE2C_KEYSCAN_ACCEPTED unique_id=646 state_id=646 sim_time=863.300000
[INFO] [1788235635.787195559, 864.800000000]: PHASE2C_KEYSCAN_ACCEPTED unique_id=647 state_id=647 sim_time=864.800000
[INFO] [1788235637.195908796, 866.200000000]: PHASE2C_KEYSCAN_ACCEPTED unique_id=648 state_id=648 sim_time=866.200000
[INFO] [1788235638.584112930, 867.600000000]: PHASE2C_KEYSCAN_ACCEPTED unique_id=649 state_id=649 sim_time=867.600000
[INFO] [1788235640.720148344, 869.700000000]: PHASE2C_KEYSCAN_ACCEPTED unique_id=650 state_id=650 sim_time=869.700000
[INFO] [1788235642.367263886, 871.400000000]: PHASE2C_KEYSCAN_ACCEPTED unique_id=651 state_id=651 sim_time=871.400000
[INFO] [1788235643.690526231, 872.700000000]: PHASE2C_KEYSCAN_ACCEPTED unique_id=652 state_id=652 sim_time=872.700000
[INFO] [1788235645.608851611, 874.600000000]: PHASE2C_KEYSCAN_ACCEPTED unique_id=653 state_id=653 sim_time=874.500000
[INFO] [1788235647.385286880, 876.400000000]: PHASE2C_KEYSCAN_ACCEPTED unique_id=654 state_id=654 sim_time=876.400000
[INFO] [1788235648.770047955, 877.800000000]: PHASE2C_KEYSCAN_ACCEPTED unique_id=655 state_id=655 sim_time=877.800000
[INFO] [1788235650.193961163, 879.200000000]: PHASE2C_KEYSCAN_ACCEPTED unique_id=656 state_id=656 sim_time=879.200000
[INFO] [1788235651.742173855, 880.700000000]: PHASE2C_KEYSCAN_ACCEPTED unique_id=657 state_id=657 sim_time=880.500000
Warning: TF_REPEATED_DATA ignoring data with redundant timestamp for frame odom (parent offset) at time 880.700000 according to authority unknown_publisher
         at line 277 in /tmp/binarydeb/ros-noetic-tf2-0.7.10/src/buffer_core.cpp
Warning: TF_REPEATED_DATA ignoring data with redundant timestamp for frame offset (parent map) at time 880.700000 according to authority unknown_publisher
         at line 277 in /tmp/binarydeb/ros-noetic-tf2-0.7.10/src/buffer_core.cpp
Warning: TF_REPEATED_DATA ignoring data with redundant timestamp for frame odom (parent offset) at time 880.700000 according to authority unknown_publisher
         at line 277 in /tmp/binarydeb/ros-noetic-tf2-0.7.10/src/buffer_core.cpp
Warning: TF_REPEATED_DATA ignoring data with redundant timestamp for frame offset (parent map) at time 880.700000 according to authority unknown_publisher
         at line 277 in /tmp/binarydeb/ros-noetic-tf2-0.7.10/src/buffer_core.cpp
[INFO] [1788235626.326745017, 855.300000000]: Call local replanning...
[INFO] [1788235626.334158631, 855.300000000]: Explore Goal 31 's frontiers...
[INFO] [1788235628.198120276, 857.200000000]: Call local replanning...
[INFO] [1788235628.202378057, 857.200000000]: Set newGoal 32
[INFO] [1788235634.057729289, 863.100000000]: Call local replanning...
[INFO] [1788235639.862183665, 868.900000000]: Call local replanning...
[INFO] [1788235646.022736285, 875.000000000]: Call local replanning...
Warning: Warning: TF_REPEATED_DATA ignoring data with redundant timestamp for frame odom (parent offset) at time 880.700000 according to authority unknown_publisherTF_REPEATED_DATA ignoring data with redundant timestamp for frame odom (parent offset) at time 880.700000 according to authority unknown_publisher

         at line          at line 277277 in  in /tmp/binarydeb/ros-noetic-tf2-0.7.10/src/buffer_core.cpp/tmp/binarydeb/ros-noetic-tf2-0.7.10/src/buffer_core.cpp

Warning: Warning: TF_REPEATED_DATA ignoring data with redundant timestamp for frame offset (parent map) at time 880.700000 according to authority unknown_publisherTF_REPEATED_DATA ignoring data with redundant timestamp for frame offset (parent map) at time 880.700000 according to authority unknown_publisher

         at line          at line 277277 in  in /tmp/binarydeb/ros-noetic-tf2-0.7.10/src/buffer_core.cpp/tmp/binarydeb/ros-noetic-tf2-0.7.10/src/buffer_core.cpp

[WARN] [1788235651.742592594, 880.700000000]: TF_REPEATED_DATA ignoring data with redundant timestamp for frame odom (parent offset) at time 880.700000 according to authority unknown_publisher
[WARN] [1788235651.742626233, 880.700000000]: TF_REPEATED_DATA ignoring data with redundant timestamp for frame offset (parent map) at time 880.700000 according to authority unknown_publisher
[WARN] [1788235658.220879441, 887.200000000]: No frontier at vertex 32. #Frontier: 0
[INFO] [1788235595.857993, 824.900000]: curr path length: 46, is_loop length: 46
[INFO] [1788235595.858675, 824.900000]: Send new plan: 20 37 17 13 15 14 16 12 11 18 10 36 9 8 0 1 35 6 19 38 20 20(L) 38 26 21 24 23 22 25 27 31  ---> 32 30 29 28 33 38 38(L) 33 7 5 4 3 34 2 35(L) 
[INFO] [1788235601.990446, 831.000000]: Replanning request. curr_vertex_idx: 30
[INFO] [1788235601.991585, 831.000000]:                     covered_vertices: ()
[INFO] [1788235601.992490, 831.000000]: Handle local replanning...
[INFO] [1788235601.993427, 831.000000]: curr path length: 46, is_loop length: 46
[INFO] [1788235601.994228, 831.000000]: Send new plan: 20 37 17 13 15 14 16 12 11 18 10 36 9 8 0 1 35 6 19 38 20 20(L) 38 26 21 24 23 22 25 27 31  ---> 32 30 29 28 33 38 38(L) 33 7 5 4 3 34 2 35(L) 
[INFO] [1788235606.999549, 836.000000]: Really visited vertices: 20 37 17 13 15 14 15 16 17 12 17 11 18 10 36 9 36 8 0 35 1 35 6 19 18 37 20 38 20 23 26 23 21 24 21 22 21 25 27 
[INFO] [1788235608.056694, 837.100000]: Replanning request. curr_vertex_idx: 30
[INFO] [1788235608.057626, 837.100000]:                     covered_vertices: ()
[INFO] [1788235608.058192, 837.100000]: Handle local replanning...
[INFO] [1788235608.058826, 837.100000]: curr path length: 46, is_loop length: 46
[INFO] [1788235608.059465, 837.100000]: Send new plan: 20 37 17 13 15 14 16 12 11 18 10 36 9 8 0 1 35 6 19 38 20 20(L) 38 26 21 24 23 22 25 27 31  ---> 32 30 29 28 33 38 38(L) 33 7 5 4 3 34 2 35(L) 
[INFO] [1788235613.980933, 843.000000]: Replanning request. curr_vertex_idx: 30
[INFO] [1788235613.982046, 843.000000]:                     covered_vertices: ()
[INFO] [1788235613.982881, 843.000000]: Handle local replanning...
[INFO] [1788235613.983743, 843.000000]: curr path length: 46, is_loop length: 46
[INFO] [1788235613.984646, 843.000000]: Send new plan: 20 37 17 13 15 14 16 12 11 18 10 36 9 8 0 1 35 6 19 38 20 20(L) 38 26 21 24 23 22 25 27 31  ---> 32 30 29 28 33 38 38(L) 33 7 5 4 3 34 2 35(L) 
[INFO] [1788235616.000522, 845.000000]: Replanning request. curr_vertex_idx: 30
[INFO] [1788235616.001696, 845.000000]:                     covered_vertices: ()
[INFO] [1788235616.002490, 845.000000]: Handle local replanning...
[INFO] [1788235616.003162, 845.000000]: curr path length: 46, is_loop length: 46
[INFO] [1788235616.003925, 845.000000]: Send new plan: 20 37 17 13 15 14 16 12 11 18 10 36 9 8 0 1 35 6 19 38 20 20(L) 38 26 21 24 23 22 25 27 31  ---> 32 30 29 28 33 38 38(L) 33 7 5 4 3 34 2 35(L) 
[INFO] [1788235617.988571, 847.000000]: Replanning request. curr_vertex_idx: 30
[INFO] [1788235617.989712, 847.000000]:                     covered_vertices: ()
[INFO] [1788235617.990559, 847.000000]: Handle local replanning...
[INFO] [1788235617.991372, 847.000000]: curr path length: 46, is_loop length: 46
[INFO] [1788235617.992208, 847.000000]: Send new plan: 20 37 17 13 15 14 16 12 11 18 10 36 9 8 0 1 35 6 19 38 20 20(L) 38 26 21 24 23 22 25 27 31  ---> 32 30 29 28 33 38 38(L) 33 7 5 4 3 34 2 35(L) 
[INFO] [1788235623.447284, 852.500000]: Really visited vertices: 20 37 17 13 15 14 15 16 17 12 17 11 18 10 36 9 36 8 0 35 1 35 6 19 18 37 20 38 20 23 26 23 21 24 21 22 21 25 27 31 
[INFO] [1788235624.054312, 853.100000]: Replanning request. curr_vertex_idx: 30
[INFO] [1788235624.055286, 853.100000]:                     covered_vertices: ()
[INFO] [1788235624.055940, 853.100000]: Handle local replanning...
[INFO] [1788235624.056447, 853.100000]: curr path length: 46, is_loop length: 46
[INFO] [1788235624.056832, 853.100000]: Send new plan: 20 37 17 13 15 14 16 12 11 18 10 36 9 8 0 1 35 6 19 38 20 20(L) 38 26 21 24 23 22 25 27 31  ---> 32 30 29 28 33 38 38(L) 33 7 5 4 3 34 2 35(L) 
[INFO] [1788235626.327922, 855.300000]: Replanning request. curr_vertex_idx: 30
[INFO] [1788235626.328881, 855.300000]:                     covered_vertices: ()
[INFO] [1788235626.329666, 855.300000]: Handle local replanning...
[INFO] [1788235626.330221, 855.300000]: curr path length: 46, is_loop length: 46
[INFO] [1788235626.330707, 855.300000]: Send new plan: 20 37 17 13 15 14 16 12 11 18 10 36 9 8 0 1 35 6 19 38 20 20(L) 38 26 21 24 23 22 25 27 31  ---> 32 30 29 28 33 38 38(L) 33 7 5 4 3 34 2 35(L) 
[INFO] [1788235628.199255, 857.200000]: Replanning request. curr_vertex_idx: 30
[INFO] [1788235628.200155, 857.200000]:                     covered_vertices: ()
[INFO] [1788235628.200775, 857.200000]: Handle local replanning...
[INFO] [1788235628.201289, 857.200000]: curr path length: 46, is_loop length: 46
[INFO] [1788235628.201820, 857.200000]: Send new plan: 20 37 17 13 15 14 16 12 11 18 10 36 9 8 0 1 35 6 19 38 20 20(L) 38 26 21 24 23 22 25 27 31  ---> 32 30 29 28 33 38 38(L) 33 7 5 4 3 34 2 35(L) 
[INFO] [1788235633.450781, 862.500000]: Really visited vertices: 20 37 17 13 15 14 15 16 17 12 17 11 18 10 36 9 36 8 0 35 1 35 6 19 18 37 20 38 20 23 26 23 21 24 21 22 21 25 27 31 
[INFO] [1788235634.058798, 863.100000]: Replanning request. curr_vertex_idx: 31
[INFO] [1788235634.059808, 863.100000]:                     covered_vertices: ()
[INFO] [1788235634.060585, 863.100000]: Handle local replanning...
[INFO] [1788235634.061283, 863.100000]: curr path length: 46, is_loop length: 46
[INFO] [1788235634.061872, 863.100000]: Send new plan: 20 37 17 13 15 14 16 12 11 18 10 36 9 8 0 1 35 6 19 38 20 20(L) 38 26 21 24 23 22 25 27 31 32  ---> 30 29 28 33 38 38(L) 33 7 5 4 3 34 2 35(L) 
[INFO] [1788235638.731759, 867.700000]: Really visited vertices: 20 37 17 13 15 14 15 16 17 12 17 11 18 10 36 9 36 8 0 35 1 35 6 19 18 37 20 38 20 23 26 23 21 24 21 22 21 25 27 31 
[INFO] [1788235639.863396, 868.900000]: Replanning request. curr_vertex_idx: 31
[INFO] [1788235639.864080, 868.900000]:                     covered_vertices: ()
[INFO] [1788235639.864811, 868.900000]: Handle local replanning...
[INFO] [1788235639.865689, 868.900000]: curr path length: 46, is_loop length: 46
[INFO] [1788235639.866167, 868.900000]: Send new plan: 20 37 17 13 15 14 16 12 11 18 10 36 9 8 0 1 35 6 19 38 20 20(L) 38 26 21 24 23 22 25 27 31 32  ---> 30 29 28 33 38 38(L) 33 7 5 4 3 34 2 35(L) 
[INFO] [1788235646.023906, 875.000000]: Replanning request. curr_vertex_idx: 31
[INFO] [1788235646.024830, 875.000000]:                     covered_vertices: ()
[INFO] [1788235646.025477, 875.000000]: Handle local replanning...
[INFO] [1788235646.026107, 875.000000]: curr path length: 46, is_loop length: 46
[INFO] [1788235646.026565, 875.000000]: Send new plan: 20 37 17 13 15 14 16 12 11 18 10 36 9 8 0 1 35 6 19 38 20 20(L) 38 26 21 24 23 22 25 27 31 32  ---> 30 29 28 33 38 38(L) 33 7 5 4 3 34 2 35(L) 
[INFO] [1788235652.142093, 881.100000]: Replanning request. curr_vertex_idx: 31
[INFO] [1788235652.142953, 881.100000]:                     covered_vertices: ()
[INFO] [1788235652.143662, 881.100000]: Handle local replanning...
[INFO] [1788235652.144341, 881.100000]: curr path length: 46, is_loop length: 46
[INFO] [1788235652.144983, 881.200000]: Send new plan: 20 37 17 13 15 14 16 12 11 18 10 36 9 8 0 1 35 6 19 38 20 20(L) 38 26 21 24 23 22 25 27 31 32  ---> 30 29 28 33 38 38(L) 33 7 5 4 3 34 2 35(L) 
[INFO] [1788235658.216629, 887.200000]: Replanning request. curr_vertex_idx: 31
[INFO] [1788235658.217415, 887.200000]:                     covered_vertices: ()
[INFO] [1788235658.218195, 887.200000]: Handle local replanning...
[INFO] [1788235658.218918, 887.200000]: curr path length: 46, is_loop length: 46
[INFO] [1788235658.219780, 887.200000]: Send new plan: 20 37 17 13 15 14 16 12 11 18 10 36 9 8 0 1 35 6 19 38 20 20(L) 38 26 21 24 23 22 25 27 31 32  ---> 30 29 28 33 38 38(L) 33 7 5 4 3 34 2 35(L) 
[INFO] [1788235662.726760, 891.700000]: Really visited vertices: 20 37 17 13 15 14 15 16 17 12 17 11 18 10 36 9 36 8 0 35 1 35 6 19 18 37 20 38 20 23 26 23 21 24 21 22 21 25 27 31 30 32 
[INFO] [1788235663.865653, 892.900000]: Replanning request. curr_vertex_idx: 32
[INFO] [1788235663.866534, 892.900000]:                     covered_vertices: ()
[INFO] [1788235663.867184, 892.900000]: Handle local replanning...
[INFO] [1788235663.867751, 892.900000]: curr path length: 46, is_loop length: 46
[WARN] [1788235684.018228321, 913.000000000]: No frontier at vertex 30. #Frontier: 0
[INFO] [1788235653.076533580, 882.100000000]: PHASE2C_KEYSCAN_ACCEPTED unique_id=658 state_id=658 sim_time=882.100000
[INFO] [1788235654.957230901, 884.000000000]: PHASE2C_KEYSCAN_ACCEPTED unique_id=659 state_id=659 sim_time=884.000000
[INFO] [1788235656.584046816, 885.600000000]: PHASE2C_KEYSCAN_ACCEPTED unique_id=660 state_id=660 sim_time=885.600000
[INFO] [1788235657.955081026, 887.000000000]: PHASE2C_KEYSCAN_ACCEPTED unique_id=661 state_id=661 sim_time=887.000000
[INFO] [1788235659.270327556, 888.300000000]: PHASE2C_KEYSCAN_ACCEPTED unique_id=662 state_id=662 sim_time=888.300000
[INFO] [1788235659.975310790, 889.000000000]: PHASE2C_KEYSCAN_ACCEPTED unique_id=663 state_id=663 sim_time=889.000000
[INFO] [1788235660.572671871, 889.600000000]: PHASE2C_KEYSCAN_ACCEPTED unique_id=664 state_id=664 sim_time=889.600000
[INFO] [1788235661.325691310, 890.300000000]: PHASE2C_KEYSCAN_ACCEPTED unique_id=665 state_id=665 sim_time=890.300000
[INFO] [1788235661.898558380, 890.900000000]: PHASE2C_KEYSCAN_ACCEPTED unique_id=666 state_id=666 sim_time=890.900000
[INFO] [1788235662.587390116, 891.600000000]: PHASE2C_KEYSCAN_ACCEPTED unique_id=667 state_id=667 sim_time=891.600000
[INFO] [1788235664.129024266, 893.100000000]: PHASE2C_KEYSCAN_ACCEPTED unique_id=668 state_id=668 sim_time=893.100000
[INFO] [1788235665.478219490, 894.500000000]: PHASE2C_KEYSCAN_ACCEPTED unique_id=669 state_id=669 sim_time=894.500000
[INFO] [1788235666.797026920, 895.800000000]: PHASE2C_KEYSCAN_ACCEPTED unique_id=670 state_id=670 sim_time=895.800000
[INFO] [1788235668.074783849, 897.100000000]: PHASE2C_KEYSCAN_ACCEPTED unique_id=671 state_id=671 sim_time=897.100000
[INFO] [1788235669.790818400, 898.800000000]: PHASE2C_KEYSCAN_ACCEPTED unique_id=672 state_id=672 sim_time=898.500000
[INFO] [1788235670.862051706, 899.900000000]: PHASE2C_KEYSCAN_ACCEPTED unique_id=673 state_id=673 sim_time=899.900000
[INFO] [1788235672.391012077, 901.400000000]: PHASE2C_KEYSCAN_ACCEPTED unique_id=674 state_id=674 sim_time=901.400000
[INFO] [1788235673.672024048, 902.700000000]: PHASE2C_KEYSCAN_ACCEPTED unique_id=675 state_id=675 sim_time=902.700000
[INFO] [1788235674.173072912, 903.200000000]: PHASE2C_KEYSCAN_ACCEPTED unique_id=676 state_id=676 sim_time=903.200000
[INFO] [1788235674.794445786, 903.800000000]: PHASE2C_KEYSCAN_ACCEPTED unique_id=677 state_id=677 sim_time=903.800000
[INFO] [1788235675.470305213, 904.500000000]: PHASE2C_KEYSCAN_ACCEPTED unique_id=678 state_id=678 sim_time=904.500000
[INFO] [1788235676.172312890, 905.200000000]: PHASE2C_KEYSCAN_ACCEPTED unique_id=679 state_id=679 sim_time=905.200000
[INFO] [1788235676.810620392, 905.800000000]: PHASE2C_KEYSCAN_ACCEPTED unique_id=680 state_id=680 sim_time=905.800000
[INFO] [1788235677.377776890, 906.400000000]: PHASE2C_KEYSCAN_ACCEPTED unique_id=681 state_id=681 sim_time=906.400000
[INFO] [1788235678.803215923, 907.800000000]: PHASE2C_KEYSCAN_ACCEPTED unique_id=682 state_id=682 sim_time=907.800000
[INFO] [1788235680.378346724, 909.400000000]: PHASE2C_KEYSCAN_ACCEPTED unique_id=683 state_id=683 sim_time=909.400000
[INFO] [1788235681.443606064, 910.400000000]: PHASE2C_KEYSCAN_ACCEPTED unique_id=684 state_id=684 sim_time=910.400000
[INFO] [1788235682.877855688, 911.900000000]: PHASE2C_KEYSCAN_ACCEPTED unique_id=685 state_id=685 sim_time=911.900000
[INFO] [1788235684.355013090, 913.400000000]: PHASE2C_KEYSCAN_ACCEPTED unique_id=686 state_id=686 sim_time=913.300000
[INFO] [1788235685.079201408, 914.100000000]: PHASE2C_KEYSCAN_ACCEPTED unique_id=687 state_id=687 sim_time=914.100000
[INFO] [1788235685.770782423, 914.800000000]: PHASE2C_KEYSCAN_ACCEPTED unique_id=688 state_id=688 sim_time=914.800000
[INFO] [1788235686.725475075, 915.700000000]: PHASE2C_KEYSCAN_ACCEPTED unique_id=689 state_id=689 sim_time=915.700000
[INFO] [1788235688.191895143, 917.200000000]: PHASE2C_KEYSCAN_ACCEPTED unique_id=690 state_id=690 sim_time=917.200000
[INFO] [1788235689.684946625, 918.700000000]: PHASE2C_KEYSCAN_ACCEPTED unique_id=691 state_id=691 sim_time=918.500000
[INFO] [1788235652.140881943, 881.100000000]: Call local replanning...
[INFO] [1788235658.215313954, 887.200000000]: Call local replanning...
[INFO] [1788235658.220856892, 887.200000000]: Reach vertex 32
[INFO] [1788235658.220917859, 887.200000000]: Set newGoal 30
[INFO] [1788235658.220934962, 887.200000000]: Find middle goal point.
[INFO] [1788235663.864607226, 892.900000000]: Call local replanning...
[INFO] [1788235670.359635803, 899.400000000]: Call local replanning...
[INFO] [1788235670.364127328, 899.400000000]: Reach vertex 30
[INFO] [1788235670.367463688, 899.400000000]: Explore Goal 30 's frontiers...
[INFO] [1788235673.014983410, 902.000000000]: Call local replanning...
[INFO] [1788235673.023033590, 902.000000000]: Explore Goal 30 's frontiers...
[INFO] [1788235679.231485861, 908.200000000]: Call local replanning...
[INFO] [1788235679.240865943, 908.200000000]: Explore Goal 30 's frontiers...
[INFO] [1788235684.013322198, 913.000000000]: Call local replanning...
[INFO] [1788235684.018257800, 913.000000000]: Set newGoal 29
Warning: Warning: TF_REPEATED_DATA ignoring data with redundant timestamp for frame odom (parent offset) at time 918.700000 according to authority unknown_publisherTF_REPEATED_DATA ignoring data with redundant timestamp for frame odom (parent offset) at time 918.700000 according to authority unknown_publisher

         at line          at line 277277 in  in /tmp/binarydeb/ros-noetic-tf2-0.7.10/src/buffer_core.cpp/tmp/binarydeb/ros-noetic-tf2-0.7.10/src/buffer_core.cpp

Warning: Warning: TF_REPEATED_DATA ignoring data with redundant timestamp for frame offset (parent map) at time 918.700000 according to authority unknown_publisherTF_REPEATED_DATA ignoring data with redundant timestamp for frame offset (parent map) at time 918.700000 according to authority unknown_publisher

         at line          at line 277277 in  in Warning: /tmp/binarydeb/ros-noetic-tf2-0.7.10/src/buffer_core.cpp/tmp/binarydeb/ros-noetic-tf2-0.7.10/src/buffer_core.cppTF_REPEATED_DATA ignoring data with redundant timestamp for frame odom (parent offset) at time 918.700000 according to authority unknown_publisher


         at line 277 in /tmp/binarydeb/ros-noetic-tf2-0.7.10/src/buffer_core.cpp
Warning: TF_REPEATED_DATA ignoring data with redundant timestamp for frame offset (parent map) at time 918.700000 according to authority unknown_publisher
         at line 277 in /tmp/binarydeb/ros-noetic-tf2-0.7.10/src/buffer_core.cpp
Warning: TF_REPEATED_DATA ignoring data with redundant timestamp for frame odom (parent offset) at time 918.700000 according to authority unknown_publisher
         at line 277 in /tmp/binarydeb/ros-noetic-tf2-0.7.10/src/buffer_core.cpp
[WARN] [1788235689.685372078, 918.700000000]: TF_REPEATED_DATA ignoring data with redundant timestamp for frame odom (parent offset) at time 918.700000 according to authority unknown_publisher
Warning: TF_REPEATED_DATA ignoring data with redundant timestamp for frame offset (parent map) at time 918.700000 according to authority unknown_publisher
         at line 277 in /tmp/binarydeb/ros-noetic-tf2-0.7.10/src/buffer_core.cpp
[WARN] [1788235689.685406659, 918.700000000]: TF_REPEATED_DATA ignoring data with redundant timestamp for frame offset (parent map) at time 918.700000 according to authority unknown_publisher
[INFO] [1788235691.077629465, 920.100000000]: PHASE2C_KEYSCAN_ACCEPTED unique_id=692 state_id=692 sim_time=920.100000
[INFO] [1788235692.504930829, 921.500000000]: PHASE2C_KEYSCAN_ACCEPTED unique_id=693 state_id=693 sim_time=921.500000
[INFO] [1788235693.778467381, 922.800000000]: PHASE2C_KEYSCAN_ACCEPTED unique_id=694 state_id=694 sim_time=922.800000
[INFO] [1788235695.221206478, 924.200000000]: PHASE2C_KEYSCAN_ACCEPTED unique_id=695 state_id=695 sim_time=924.200000
Warning: TF_REPEATED_DATA ignoring data with redundant timestamp for frame odom (parent offset) at time 924.400000 according to authority unknown_publisher
         at line 277 in /tmp/binarydeb/ros-noetic-tf2-0.7.10/src/buffer_core.cpp
Warning: TF_REPEATED_DATA ignoring data with redundant timestamp for frame offset (parent map) at time 924.400000 according to authority unknown_publisher
         at line 277 in /tmp/binarydeb/ros-noetic-tf2-0.7.10/src/buffer_core.cpp
[INFO] [1788235690.058270466, 919.100000000]: Call local replanning...
Warning: Warning: TF_REPEATED_DATA ignoring data with redundant timestamp for frame odom (parent offset) at time 924.400000 according to authority unknown_publisher
         at line TF_REPEATED_DATA ignoring data with redundant timestamp for frame odom (parent offset) at time 924.400000 according to authority unknown_publisher277
 in          at line /tmp/binarydeb/ros-noetic-tf2-0.7.10/src/buffer_core.cpp277
 in /tmp/binarydeb/ros-noetic-tf2-0.7.10/src/buffer_core.cpp
Warning: Warning: TF_REPEATED_DATA ignoring data with redundant timestamp for frame odom (parent offset) at time 924.400000 according to authority unknown_publisherTF_REPEATED_DATA ignoring data with redundant timestamp for frame offset (parent map) at time 924.400000 according to authority unknown_publisher

         at line          at line 277277 in  in /tmp/binarydeb/ros-noetic-tf2-0.7.10/src/buffer_core.cpp/tmp/binarydeb/ros-noetic-tf2-0.7.10/src/buffer_core.cpp

Warning: TF_REPEATED_DATA ignoring data with redundant timestamp for frame offset (parent map) at time 924.400000 according to authority unknown_publisher
         at line 277 in /tmp/binarydeb/ros-noetic-tf2-0.7.10/src/buffer_core.cpp
Warning: TF_REPEATED_DATA ignoring data with redundant timestamp for frame offset (parent map) at time 924.400000 according to authority unknown_publisher
         at line 277 in /tmp/binarydeb/ros-noetic-tf2-0.7.10/src/buffer_core.cpp
[WARN] [1788235695.366697907, 924.400000000]: TF_REPEATED_DATA ignoring data with redundant timestamp for frame odom (parent offset) at time 924.400000 according to authority unknown_publisher
[WARN] [1788235695.366720380, 924.400000000]: TF_REPEATED_DATA ignoring data with redundant timestamp for frame offset (parent map) at time 924.400000 according to authority unknown_publisher
[INFO] [1788235696.466112933, 925.500000000]: PHASE2C_KEYSCAN_ACCEPTED unique_id=696 state_id=696 sim_time=925.500000
[INFO] [1788235697.813904794, 926.800000000]: PHASE2C_KEYSCAN_ACCEPTED unique_id=697 state_id=697 sim_time=926.800000
[INFO] [1788235699.061386178, 928.100000000]: PHASE2C_KEYSCAN_ACCEPTED unique_id=698 state_id=698 sim_time=928.100000
[INFO] [1788235700.382439650, 929.400000000]: PHASE2C_KEYSCAN_ACCEPTED unique_id=699 state_id=699 sim_time=929.400000
[INFO] [1788235701.669625732, 930.700000000]: PHASE2C_KEYSCAN_ACCEPTED unique_id=700 state_id=700 sim_time=930.700000
[INFO] [1788235702.377067185, 931.400000000]: PHASE2C_KEYSCAN_ACCEPTED unique_id=701 state_id=701 sim_time=931.400000
[INFO] [1788235703.860959750, 932.900000000]: PHASE2C_KEYSCAN_ACCEPTED unique_id=702 state_id=702 sim_time=932.900000
Warning: Warning: TF_REPEATED_DATA ignoring data with redundant timestamp for frame odom (parent offset) at time 933.700000 according to authority unknown_publisherTF_REPEATED_DATA ignoring data with redundant timestamp for frame odom (parent offset) at time 933.700000 according to authority unknown_publisher

         at line          at line 277277 in  in /tmp/binarydeb/ros-noetic-tf2-0.7.10/src/buffer_core.cpp/tmp/binarydeb/ros-noetic-tf2-0.7.10/src/buffer_core.cpp

Warning: TF_REPEATED_DATA ignoring data with redundant timestamp for frame offset (parent map) at time 933.700000 according to authority unknown_publisherWarning: 
[INFO] [1788235695.792231340, 924.800000000]: Call local replanning...
[INFO] [1788235700.949074406, 930.000000000]: Call local replanning...
[INFO] [1788235700.953557023, 930.000000000]: Reach vertex 29
[INFO] [1788235700.956014812, 930.000000000]: Explore Goal 29 's frontiers...
TF_REPEATED_DATA ignoring data with redundant timestamp for frame offset (parent map) at time 933.700000 according to authority unknown_publisher         at line Warning: 
277TF_REPEATED_DATA ignoring data with redundant timestamp for frame odom (parent offset) at time 933.700000 according to authority unknown_publisher         at line  in 
277/tmp/binarydeb/ros-noetic-tf2-0.7.10/src/buffer_core.cpp         at line  in 
277/tmp/binarydeb/ros-noetic-tf2-0.7.10/src/buffer_core.cpp in 
/tmp/binarydeb/ros-noetic-tf2-0.7.10/src/buffer_core.cpp
Warning: TF_REPEATED_DATA ignoring data with redundant timestamp for frame offset (parent map) at time 933.700000 according to authority unknown_publisher
         at line 277 in /tmp/binarydeb/ros-noetic-tf2-0.7.10/src/buffer_core.cpp
Warning: TF_REPEATED_DATA ignoring data with redundant timestamp for frame odom (parent offset) at time 933.700000 according to authority unknown_publisher
         at line 277 in /tmp/binarydeb/ros-noetic-tf2-0.7.10/src/buffer_core.cpp
Warning: TF_REPEATED_DATA ignoring data with redundant timestamp for frame offset (parent map) at time 933.700000 according to authority unknown_publisher
         at line 277 in /tmp/binarydeb/ros-noetic-tf2-0.7.10/src/buffer_core.cpp
[WARN] [1788235704.737328641, 933.700000000]: TF_REPEATED_DATA ignoring data with redundant timestamp for frame odom (parent offset) at time 933.700000 according to authority unknown_publisher
[WARN] [1788235704.737366481, 933.700000000]: TF_REPEATED_DATA ignoring data with redundant timestamp for frame offset (parent map) at time 933.700000 according to authority unknown_publisher
[WARN] [1788235705.480946209, 934.500000000]: Missed desired rate of 1.00Hz! Loop actually took 1.1000 seconds!
[WARN] [1788235710.881262193, 939.900000000]: No frontier at vertex 29. #Frontier: 0
[INFO] [1788235705.272134967, 934.300000000]: PHASE2C_KEYSCAN_ACCEPTED unique_id=703 state_id=703 sim_time=934.300000
[INFO] [1788235706.461008524, 935.500000000]: PHASE2C_KEYSCAN_ACCEPTED unique_id=704 state_id=704 sim_time=935.500000
[INFO] [1788235707.172851057, 936.200000000]: PHASE2C_KEYSCAN_ACCEPTED unique_id=705 state_id=705 sim_time=936.200000
[INFO] [1788235707.778665149, 936.800000000]: PHASE2C_KEYSCAN_ACCEPTED unique_id=706 state_id=706 sim_time=936.800000
[INFO] [1788235708.571299621, 937.600000000]: PHASE2C_KEYSCAN_ACCEPTED unique_id=707 state_id=707 sim_time=937.600000
[INFO] [1788235709.991750494, 939.000000000]: PHASE2C_KEYSCAN_ACCEPTED unique_id=708 state_id=708 sim_time=939.000000
[INFO] [1788235711.378379356, 940.400000000]: PHASE2C_KEYSCAN_ACCEPTED unique_id=709 state_id=709 sim_time=940.400000
[INFO] [1788235712.718638835, 941.700000000]: PHASE2C_KEYSCAN_ACCEPTED unique_id=710 state_id=710 sim_time=941.700000
[INFO] [1788235713.969566508, 943.000000000]: PHASE2C_KEYSCAN_ACCEPTED unique_id=711 state_id=711 sim_time=943.000000
[INFO] [1788235715.357886754, 944.400000000]: PHASE2C_KEYSCAN_ACCEPTED unique_id=712 state_id=712 sim_time=944.300000
Warning: TF_REPEATED_DATA ignoring data with redundant timestamp for frame odom (parent offset) at time 945.700000 according to authority unknown_publisher
         at line 277 in /tmp/binarydeb/ros-noetic-tf2-0.7.10/src/buffer_core.cpp
Warning: TF_REPEATED_DATA ignoring data with redundant timestamp for frame offset (parent map) at time 945.700000 according to authority unknown_publisher
         at line 277 in /tmp/binarydeb/ros-noetic-tf2-0.7.10/src/buffer_core.cpp
[WARN] [1788235716.743727700, 945.700000000]: TF_REPEATED_DATA ignoring data with redundant timestamp for frame odom (parent offset) at time 945.700000 according to authority unknown_publisher
[INFO] [1788235705.375191364, 934.400000000]: Call local replanning...
[INFO] [1788235705.385952205, 934.400000000]: Explore Goal 29 's frontiers...
[INFO] [1788235710.876985797, 939.900000000]: Call local replanning...
[INFO] [1788235710.881299571, 939.900000000]: Set newGoal 28
[WARN] [1788235716.743767797, 945.700000000]: TF_REPEATED_DATA ignoring data with redundant timestamp for frame offset (parent map) at time 945.700000 according to authority unknown_publisher
Warning: TF_REPEATED_DATA ignoring data with redundant timestamp for frame odom (parent offset) at time 945.700000 according to authority unknown_publisher
         at line 277 in /tmp/binarydeb/ros-noetic-tf2-0.7.10/src/buffer_core.cpp
Warning: TF_REPEATED_DATA ignoring data with redundant timestamp for frame offset (parent map) at time 945.700000 according to authority unknown_publisher
         at line 277 in /tmp/binarydeb/ros-noetic-tf2-0.7.10/src/buffer_core.cpp
Warning: TF_REPEATED_DATA ignoring data with redundant timestamp for frame odom (parent offset) at time 945.700000 according to authority unknown_publisher
         at line 277 in /tmp/binarydeb/ros-noetic-tf2-0.7.10/src/buffer_core.cpp
Warning: TF_REPEATED_DATA ignoring data with redundant timestamp for frame offset (parent map) at time 945.700000 according to authority unknown_publisher
         at line 277 in /tmp/binarydeb/ros-noetic-tf2-0.7.10/src/buffer_core.cpp
Warning: TF_REPEATED_DATA ignoring data with redundant timestamp for frame odom (parent offset) at time 945.700000 according to authority unknown_publisher
         at line 277 in /tmp/binarydeb/ros-noetic-tf2-0.7.10/src/buffer_core.cpp
Warning: TF_REPEATED_DATA ignoring data with redundant timestamp for frame offset (parent map) at time 945.700000 according to authority unknown_publisher
         at line 277 in /tmp/binarydeb/ros-noetic-tf2-0.7.10/src/buffer_core.cpp
[INFO] [1788235663.868293, 892.900000]: Send new plan: 20 37 17 13 15 14 16 12 11 18 10 36 9 8 0 1 35 6 19 38 20 20(L) 38 26 21 24 23 22 25 27 31 32 30  ---> 29 28 33 38 38(L) 33 7 5 4 3 34 2 35(L) 
[INFO] [1788235670.360783, 899.400000]: Replanning request. curr_vertex_idx: 32
[INFO] [1788235670.361723, 899.400000]:                     covered_vertices: ()
[INFO] [1788235670.362338, 899.400000]: Handle local replanning...
[INFO] [1788235670.362920, 899.400000]: curr path length: 46, is_loop length: 46
[INFO] [1788235670.363447, 899.400000]: Send new plan: 20 37 17 13 15 14 16 12 11 18 10 36 9 8 0 1 35 6 19 38 20 20(L) 38 26 21 24 23 22 25 27 31 32 30  ---> 29 28 33 38 38(L) 33 7 5 4 3 34 2 35(L) 
[INFO] [1788235673.016152, 902.000000]: Replanning request. curr_vertex_idx: 32
[INFO] [1788235673.016907, 902.000000]:                     covered_vertices: ()
[INFO] [1788235673.017501, 902.000000]: Handle local replanning...
[INFO] [1788235673.018048, 902.000000]: curr path length: 46, is_loop length: 46
[INFO] [1788235673.018499, 902.000000]: Send new plan: 20 37 17 13 15 14 16 12 11 18 10 36 9 8 0 1 35 6 19 38 20 20(L) 38 26 21 24 23 22 25 27 31 32 30  ---> 29 28 33 38 38(L) 33 7 5 4 3 34 2 35(L) 
[INFO] [1788235679.232787, 908.200000]: Replanning request. curr_vertex_idx: 32
[INFO] [1788235679.233629, 908.200000]:                     covered_vertices: ()
[INFO] [1788235679.234221, 908.200000]: Handle local replanning...
[INFO] [1788235679.234675, 908.200000]: curr path length: 46, is_loop length: 46
[INFO] [1788235679.235049, 908.200000]: Send new plan: 20 37 17 13 15 14 16 12 11 18 10 36 9 8 0 1 35 6 19 38 20 20(L) 38 26 21 24 23 22 25 27 31 32 30  ---> 29 28 33 38 38(L) 33 7 5 4 3 34 2 35(L) 
[INFO] [1788235684.014307, 913.000000]: Replanning request. curr_vertex_idx: 32
[INFO] [1788235684.015399, 913.000000]:                     covered_vertices: ()
[INFO] [1788235684.016101, 913.000000]: Handle local replanning...
[INFO] [1788235684.016749, 913.000000]: curr path length: 46, is_loop length: 46
[INFO] [1788235684.017329, 913.000000]: Send new plan: 20 37 17 13 15 14 16 12 11 18 10 36 9 8 0 1 35 6 19 38 20 20(L) 38 26 21 24 23 22 25 27 31 32 30  ---> 29 28 33 38 38(L) 33 7 5 4 3 34 2 35(L) 
[INFO] [1788235690.059234, 919.100000]: Replanning request. curr_vertex_idx: 33
[INFO] [1788235690.059975, 919.100000]:                     covered_vertices: ()
[INFO] [1788235690.060589, 919.100000]: Handle local replanning...
[INFO] [1788235690.061205, 919.100000]: curr path length: 46, is_loop length: 46
[INFO] [1788235690.061682, 919.100000]: Send new plan: 20 37 17 13 15 14 16 12 11 18 10 36 9 8 0 1 35 6 19 38 20 20(L) 38 26 21 24 23 22 25 27 31 32 30 29  ---> 28 33 38 38(L) 33 7 5 4 3 34 2 35(L) 
[INFO] [1788235695.366709, 924.400000]: Really visited vertices: 20 37 17 13 15 14 15 16 17 12 17 11 18 10 36 9 36 8 0 35 1 35 6 19 18 37 20 38 20 23 26 23 21 24 21 22 21 25 27 31 30 32 30 32 
[INFO] [1788235695.793507, 924.800000]: Replanning request. curr_vertex_idx: 33
[INFO] [1788235695.794377, 924.800000]:                     covered_vertices: ()
[INFO] [1788235695.795097, 924.800000]: Handle local replanning...
[INFO] [1788235695.795669, 924.800000]: curr path length: 46, is_loop length: 46
[INFO] [1788235695.796214, 924.800000]: Send new plan: 20 37 17 13 15 14 16 12 11 18 10 36 9 8 0 1 35 6 19 38 20 20(L) 38 26 21 24 23 22 25 27 31 32 30 29  ---> 28 33 38 38(L) 33 7 5 4 3 34 2 35(L) 
[INFO] [1788235700.528754, 929.500000]: Really visited vertices: 20 37 17 13 15 14 15 16 17 12 17 11 18 10 36 9 36 8 0 35 1 35 6 19 18 37 20 38 20 23 26 23 21 24 21 22 21 25 27 31 30 32 30 32 29 
[INFO] [1788235700.949934, 930.000000]: Replanning request. curr_vertex_idx: 33
[INFO] [1788235700.950819, 930.000000]:                     covered_vertices: ()
[INFO] [1788235700.951541, 930.000000]: Handle local replanning...
[INFO] [1788235700.952163, 930.000000]: curr path length: 46, is_loop length: 46
[INFO] [1788235700.952696, 930.000000]: Send new plan: 20 37 17 13 15 14 16 12 11 18 10 36 9 8 0 1 35 6 19 38 20 20(L) 38 26 21 24 23 22 25 27 31 32 30 29  ---> 28 33 38 38(L) 33 7 5 4 3 34 2 35(L) 
[INFO] [1788235705.376379, 934.400000]: Replanning request. curr_vertex_idx: 33
[INFO] [1788235705.377260, 934.400000]:                     covered_vertices: ()
[INFO] [1788235705.378050, 934.400000]: Handle local replanning...
[INFO] [1788235705.378522, 934.400000]: curr path length: 46, is_loop length: 46
[INFO] [1788235705.379121, 934.400000]: Send new plan: 20 37 17 13 15 14 16 12 11 18 10 36 9 8 0 1 35 6 19 38 20 20(L) 38 26 21 24 23 22 25 27 31 32 30 29  ---> 28 33 38 38(L) 33 7 5 4 3 34 2 35(L) 
[INFO] [1788235710.138750, 939.100000]: Really visited vertices: 20 37 17 13 15 14 15 16 17 12 17 11 18 10 36 9 36 8 0 35 1 35 6 19 18 37 20 38 20 23 26 23 21 24 21 22 21 25 27 31 30 32 30 32 29 
[INFO] [1788235710.878164, 939.900000]: Replanning request. curr_vertex_idx: 33
[INFO] [1788235710.879054, 939.900000]:                     covered_vertices: ()
[INFO] [1788235710.879744, 939.900000]: Handle local replanning...
[INFO] [1788235710.880203, 939.900000]: curr path length: 46, is_loop length: 46
[INFO] [1788235710.880608, 939.900000]: Send new plan: 20 37 17 13 15 14 16 12 11 18 10 36 9 8 0 1 35 6 19 38 20 20(L) 38 26 21 24 23 22 25 27 31 32 30 29  ---> 28 33 38 38(L) 33 7 5 4 3 34 2 35(L) 
[INFO] [1788235717.159655, 946.200000]: Replanning request. curr_vertex_idx: 34
[INFO] [1788235717.160734, 946.200000]:                     covered_vertices: ()
[INFO] [1788235717.161457, 946.200000]: Handle local replanning...
[INFO] [1788235717.162221, 946.200000]: curr path length: 46, is_loop length: 46
[INFO] [1788235717.162799, 946.200000]: Send new plan: 20 37 17 13 15 14 16 12 11 18 10 36 9 8 0 1 35 6 19 38 20 20(L) 38 26 21 24 23 22 25 27 31 32 30 29 28  ---> 33 38 38(L) 33 7 5 4 3 34 2 35(L) 
[INFO] [1788235723.025003, 952.000000]: Replanning request. curr_vertex_idx: 34
[INFO] [1788235723.026006, 952.000000]:                     covered_vertices: ()
[INFO] [1788235723.026679, 952.000000]: Handle local replanning...
[INFO] [1788235723.027428, 952.000000]: curr path length: 46, is_loop length: 46
[INFO] [1788235723.028254, 952.000000]: Send new plan: 20 37 17 13 15 14 16 12 11 18 10 36 9 8 0 1 35 6 19 38 20 20(L) 38 26 21 24 23 22 25 27 31 32 30 29 28  ---> 33 38 38(L) 33 7 5 4 3 34 2 35(L) 
[INFO] [1788235728.319241, 957.300000]: Really visited vertices: 20 37 17 13 15 14 15 16 17 12 17 11 18 10 36 9 36 8 0 35 1 35 6 19 18 37 20 38 20 23 26 23 21 24 21 22 21 25 27 31 30 32 30 32 29 28 
[INFO] [1788235728.885942, 957.900000]: Replanning request. curr_vertex_idx: 34
[INFO] [1788235728.886684, 957.900000]:                     covered_vertices: ()
[INFO] [1788235728.887176, 957.900000]: Handle local replanning...
[INFO] [1788235728.887561, 957.900000]: curr path length: 46, is_loop length: 46
[INFO] [1788235728.887965, 957.900000]: Send new plan: 20 37 17 13 15 14 16 12 11 18 10 36 9 8 0 1 35 6 19 38 20 20(L) 38 26 21 24 23 22 25 27 31 32 30 29 28  ---> 33 38 38(L) 33 7 5 4 3 34 2 35(L) 
[INFO] [1788235732.255487, 961.300000]: Replanning request. curr_vertex_idx: 34
[INFO] [1788235732.256557, 961.300000]:                     covered_vertices: ()
[INFO] [1788235732.257243, 961.300000]: Handle local replanning...
[INFO] [1788235732.257856, 961.300000]: curr path length: 46, is_loop length: 46
[INFO] [1788235732.258267, 961.300000]: Send new plan: 20 37 17 13 15 14 16 12 11 18 10 36 9 8 0 1 35 6 19 38 20 20(L) 38 26 21 24 23 22 25 27 31 32 30 29 28  ---> 33 38 38(L) 33 7 5 4 3 34 2 35(L) 
[INFO] [1788235734.249783, 963.300000]: Replanning request. curr_vertex_idx: 34
[INFO] [1788235734.250672, 963.300000]:                     covered_vertices: ()
[INFO] [1788235734.251165, 963.300000]: Handle local replanning...
[INFO] [1788235734.251659, 963.300000]: curr path length: 46, is_loop length: 46
[INFO] [1788235734.252141, 963.300000]: Send new plan: 20 37 17 13 15 14 16 12 11 18 10 36 9 8 0 1 35 6 19 38 20 20(L) 38 26 21 24 23 22 25 27 31 32 30 29 28  ---> 33 38 38(L) 33 7 5 4 3 34 2 35(L) 
[WARN] [1788235744.240050669, 973.200000000]: No frontier at vertex 28. #Frontier: 0
[INFO] [1788235716.772832299, 945.800000000]: PHASE2C_KEYSCAN_ACCEPTED unique_id=713 state_id=713 sim_time=945.800000
[INFO] [1788235718.347448825, 947.400000000]: PHASE2C_KEYSCAN_ACCEPTED unique_id=714 state_id=714 sim_time=947.300000
[INFO] [1788235720.174590310, 949.200000000]: PHASE2C_KEYSCAN_ACCEPTED unique_id=715 state_id=715 sim_time=949.200000
[INFO] [1788235721.600207285, 950.600000000]: PHASE2C_KEYSCAN_ACCEPTED unique_id=716 state_id=716 sim_time=950.600000
[INFO] [1788235722.955112605, 952.000000000]: PHASE2C_KEYSCAN_ACCEPTED unique_id=717 state_id=717 sim_time=952.000000
[INFO] [1788235724.174726438, 953.200000000]: PHASE2C_KEYSCAN_ACCEPTED unique_id=718 state_id=718 sim_time=953.200000
[INFO] [1788235725.457135242, 954.500000000]: PHASE2C_KEYSCAN_ACCEPTED unique_id=719 state_id=719 sim_time=954.500000
[INFO] [1788235726.985465994, 956.000000000]: PHASE2C_KEYSCAN_ACCEPTED unique_id=720 state_id=720 sim_time=956.000000
[INFO] [1788235728.168094555, 957.200000000]: PHASE2C_KEYSCAN_ACCEPTED unique_id=721 state_id=721 sim_time=957.200000
[INFO] [1788235729.397401339, 958.400000000]: PHASE2C_KEYSCAN_ACCEPTED unique_id=722 state_id=722 sim_time=958.400000
[INFO] [1788235730.768334405, 959.800000000]: PHASE2C_KEYSCAN_ACCEPTED unique_id=723 state_id=723 sim_time=959.800000
[INFO] [1788235732.369645411, 961.400000000]: PHASE2C_KEYSCAN_ACCEPTED unique_id=724 state_id=724 sim_time=961.400000
[INFO] [1788235733.165018179, 962.200000000]: PHASE2C_KEYSCAN_ACCEPTED unique_id=725 state_id=725 sim_time=962.200000
[INFO] [1788235733.958105576, 963.000000000]: PHASE2C_KEYSCAN_ACCEPTED unique_id=726 state_id=726 sim_time=963.000000
[INFO] [1788235734.686548509, 963.700000000]: PHASE2C_KEYSCAN_ACCEPTED unique_id=727 state_id=727 sim_time=963.700000
[INFO] [1788235735.365322219, 964.400000000]: PHASE2C_KEYSCAN_ACCEPTED unique_id=728 state_id=728 sim_time=964.400000
[INFO] [1788235736.169282548, 965.200000000]: PHASE2C_KEYSCAN_ACCEPTED unique_id=729 state_id=729 sim_time=965.200000
[INFO] [1788235737.474475038, 966.500000000]: PHASE2C_KEYSCAN_ACCEPTED unique_id=730 state_id=730 sim_time=966.500000
[INFO] [1788235738.770452923, 967.800000000]: PHASE2C_KEYSCAN_ACCEPTED unique_id=731 state_id=731 sim_time=967.800000
[INFO] [1788235740.085266291, 969.100000000]: PHASE2C_KEYSCAN_ACCEPTED unique_id=732 state_id=732 sim_time=969.100000
[INFO] [1788235741.263921471, 970.300000000]: PHASE2C_KEYSCAN_ACCEPTED unique_id=733 state_id=733 sim_time=970.300000
[INFO] [1788235742.681586159, 971.700000000]: PHASE2C_KEYSCAN_ACCEPTED unique_id=734 state_id=734 sim_time=971.700000
[INFO] [1788235743.953163548, 973.000000000]: PHASE2C_KEYSCAN_ACCEPTED unique_id=735 state_id=735 sim_time=973.000000
[INFO] [1788235745.080024658, 974.100000000]: PHASE2C_KEYSCAN_ACCEPTED unique_id=736 state_id=736 sim_time=974.100000
[INFO] [1788235745.772025949, 974.800000000]: PHASE2C_KEYSCAN_ACCEPTED unique_id=737 state_id=737 sim_time=974.800000
[INFO] [1788235746.379308263, 975.400000000]: PHASE2C_KEYSCAN_ACCEPTED unique_id=738 state_id=738 sim_time=975.400000
[INFO] [1788235747.371174891, 976.400000000]: PHASE2C_KEYSCAN_ACCEPTED unique_id=739 state_id=739 sim_time=976.300000
[INFO] [1788235748.787146170, 977.800000000]: PHASE2C_KEYSCAN_ACCEPTED unique_id=740 state_id=740 sim_time=977.800000
[INFO] [1788235750.019372206, 979.000000000]: PHASE2C_KEYSCAN_ACCEPTED unique_id=741 state_id=741 sim_time=979.000000
[INFO] [1788235751.387672858, 980.400000000]: PHASE2C_KEYSCAN_ACCEPTED unique_id=742 state_id=742 sim_time=980.400000
[INFO] [1788235752.696646036, 981.700000000]: PHASE2C_KEYSCAN_ACCEPTED unique_id=743 state_id=743 sim_time=981.700000
[INFO] [1788235753.980119585, 983.000000000]: PHASE2C_KEYSCAN_ACCEPTED unique_id=744 state_id=744 sim_time=983.000000
[INFO] [1788235755.297928676, 984.300000000]: PHASE2C_KEYSCAN_ACCEPTED unique_id=745 state_id=745 sim_time=984.300000
Warning: TF_REPEATED_DATA ignoring data with redundant timestamp for frame odom (parent offset) at time 984.500000 according to authority unknown_publisher
         at line 277 in /tmp/binarydeb/ros-noetic-tf2-0.7.10/src/buffer_core.cpp
Warning: TF_REPEATED_DATA ignoring data with redundant timestamp for frame offset (parent map) at time 984.500000 according to authority unknown_publisher
         at line 277 in /tmp/binarydeb/ros-noetic-tf2-0.7.10/src/buffer_core.cpp
[WARN] [1788235755.450473274, 984.500000000]: TF_REPEATED_DATA ignoring data with redundant timestamp for frame odom (parent offset) at time 984.500000 according to authority unknown_publisher
[WARN] [1788235755.450495910, 984.500000000]: TF_REPEATED_DATA ignoring data with redundant timestamp for frame offset (parent map) at time 984.500000 according to authority unknown_publisher
Warning: TF_REPEATED_DATA ignoring data with redundant timestamp for frame odom (parent offset) at time 984.500000 according to authority unknown_publisher
         at line 277 in /tmp/binarydeb/ros-noetic-tf2-0.7.10/src/buffer_core.cpp
Warning: TF_REPEATED_DATA ignoring data with redundant timestamp for frame offset (parent map) at time 984.500000 according to authority unknown_publisher
         at line 277 in /tmp/binarydeb/ros-noetic-tf2-0.7.10/src/buffer_core.cpp
[INFO] [1788235717.158440659, 946.200000000]: Call local replanning...
[INFO] [1788235723.023743331, 952.000000000]: Call local replanning...
[INFO] [1788235723.029296579, 952.000000000]: Reach vertex 28
[INFO] [1788235723.033780145, 952.000000000]: Explore Goal 28 's frontiers...
[INFO] [1788235728.884777685, 957.900000000]: Call local replanning...
[INFO] [1788235728.891267266, 957.900000000]: Explore Goal 28 's frontiers...
[INFO] [1788235732.254124802, 961.300000000]: Call local replanning...
[INFO] [1788235732.262100381, 961.300000000]: Explore Goal 28 's frontiers...
[INFO] [1788235734.248739996, 963.300000000]: Call local replanning...
[INFO] [1788235734.259530007, 963.300000000]: Explore Goal 28 's frontiers...
[INFO] [1788235740.090639528, 969.100000000]: Call local replanning...
[INFO] [1788235740.100977555, 969.100000000]: Explore Goal 28 's frontiers...
[INFO] [1788235744.235248986, 973.200000000]: Call local replanning...
[INFO] [1788235744.240102401, 973.200000000]: Set newGoal 33
[INFO] [1788235749.883688853, 978.900000000]: Call local replanning...
[INFO] [1788235749.888744422, 978.900000000]: Skip currGoal 33 that has no frontier and seen by robot
[INFO] [1788235749.888775305, 978.900000000]: Skip repeated visit to vertex 38
[INFO] [1788235749.888780991, 978.900000000]: Set newGoal 38
Warning: TF_REPEATED_DATA ignoring data with redundant timestamp for frame odom (parent offset) at time 984.500000 according to authority unknown_publisher
         at line 277 in /tmp/binarydeb/ros-noetic-tf2-0.7.10/src/buffer_core.cpp
Warning: TF_REPEATED_DATA ignoring data with redundant timestamp for frame offset (parent map) at time 984.500000 according to authority unknown_publisher
         at line 277 in /tmp/binarydeb/ros-noetic-tf2-0.7.10/src/buffer_core.cpp
Warning: TF_REPEATED_DATA ignoring data with redundant timestamp for frame odom (parent offset) at time 984.500000 according to authority unknown_publisher
         at line 277 in /tmp/binarydeb/ros-noetic-tf2-0.7.10/src/buffer_core.cpp
Warning: TF_REPEATED_DATA ignoring data with redundant timestamp for frame offset (parent map) at time 984.500000 according to authority unknown_publisher
         at line 277 in /tmp/binarydeb/ros-noetic-tf2-0.7.10/src/buffer_core.cpp
[WARN] [1788235786.508726645, 1015.500000000]: Missed desired rate of 1.00Hz! Loop actually took 1.1000 seconds!
Warning: [INFO] [1788235755.872284776, 984.900000000]: Next target is loop vertex 38(L)
[INFO] [1788235755.874375865, 984.900000000]: Set reliable loop closing path from reliable_loop_service.
[INFO] [1788235755.874414120, 984.900000000]: PHASE2_LOOP_PLANNED vertex=38 source=reliable_loop_service waypoints=24 path=-4.14077377,-10.7900324;-4.5479908,-11.0724201;-4.95520782,-11.3548069;-5.33659172,-11.7310028;-5.94090462,-12.1448259;-5.9480567,-12.2728624;-5.9826417,-12.3866882;-5.39897203,-12.3448715;-4.93642235,-12.0536385;-4.47387218,-11.7624044;-4.135993,-11.4116135;-3.79811358,-11.0608234;-3.10425639,-10.3974562;-2.41467524,-10.2004442;-1.94642854,-10.3157635;-1.47818196,-10.4310818;-1.23445213,-10.5032234;-0.814590096,-10.2066746;-0.394728065,-9.91012669;-0.156487331,-9.48443222;0.0801641941,-8.56844234;0.0785749704,-8.07814693;0.0722725615,-7.55627441;0.0659701526,-7.03440189
[INFO] [1788235755.874429889, 984.900000000]: Exploration is waiting.
[INFO] [1788235762.089369869, 991.100000000]: PHASE2_LOOP_EXECUTION_STARTED vertex=38 waypoints=24
[INFO] [1788235784.187991516, 1013.200000000]: PHASE2_LOOP_WAYPOINT_REACHED vertex=38 waypoint=0
TF_REPEATED_DATA ignoring data with redundant timestamp for frame odom (parent offset) at time 1016.700000 according to authority unknown_publisherWarning: 
TF_REPEATED_DATA ignoring data with redundant timestamp for frame odom (parent offset) at time 1016.700000 according to authority unknown_publisher         at line 
         at line 277277 in  in /tmp/binarydeb/ros-noetic-tf2-0.7.10/src/buffer_core.cpp/tmp/binarydeb/ros-noetic-tf2-0.7.10/src/buffer_core.cpp

Warning: TF_REPEATED_DATA ignoring data with redundant timestamp for frame offset (parent map) at time 1016.700000 according to authority unknown_publisher
         at line 277Warning:  in TF_REPEATED_DATA ignoring data with redundant timestamp for frame odom (parent offset) at time 1016.700000 according to authority unknown_publisher/tmp/binarydeb/ros-noetic-tf2-0.7.10/src/buffer_core.cpp

         at line 277 in /tmp/binarydeb/ros-noetic-tf2-0.7.10/src/buffer_core.cpp
[INFO] [1788235762.997348261, 992.000000000]: PHASE2C_KEYSCAN_ACCEPTED unique_id=746 state_id=746 sim_time=992.000000
[INFO] [1788235764.285284207, 993.300000000]: PHASE2C_KEYSCAN_ACCEPTED unique_id=747 state_id=747 sim_time=993.300000
[INFO] [1788235765.616818087, 994.600000000]: PHASE2C_KEYSCAN_ACCEPTED unique_id=748 state_id=748 sim_time=994.600000
[INFO] [1788235766.772167460, 995.800000000]: PHASE2C_KEYSCAN_ACCEPTED unique_id=749 state_id=749 sim_time=995.800000
[INFO] [1788235768.177645122, 997.200000000]: PHASE2C_KEYSCAN_ACCEPTED unique_id=750 state_id=750 sim_time=997.200000
[INFO] [1788235769.471983828, 998.500000000]: PHASE2C_KEYSCAN_ACCEPTED unique_id=751 state_id=751 sim_time=998.500000
[INFO] [1788235770.793334791, 999.800000000]: PHASE2C_KEYSCAN_ACCEPTED unique_id=752 state_id=752 sim_time=999.800000
[INFO] [1788235772.076197353, 1001.100000000]: PHASE2C_KEYSCAN_ACCEPTED unique_id=753 state_id=753 sim_time=1001.100000
[INFO] [1788235773.386683329, 1002.400000000]: PHASE2C_KEYSCAN_ACCEPTED unique_id=754 state_id=754 sim_time=1002.400000
[INFO] [1788235774.671417595, 1003.700000000]: PHASE2C_KEYSCAN_ACCEPTED unique_id=755 state_id=755 sim_time=1003.700000
[INFO] [1788235775.985920902, 1005.000000000]: PHASE2C_KEYSCAN_ACCEPTED unique_id=756 state_id=756 sim_time=1005.000000
[INFO] [1788235777.273477044, 1006.300000000]: PHASE2C_KEYSCAN_ACCEPTED unique_id=757 state_id=757 sim_time=1006.300000
[INFO] [1788235778.687160935, 1007.700000000]: PHASE2C_KEYSCAN_ACCEPTED unique_id=758 state_id=758 sim_time=1007.700000
[INFO] [1788235780.060174205, 1009.100000000]: PHASE2C_KEYSCAN_ACCEPTED unique_id=759 state_id=759 sim_time=1009.100000
[INFO] [1788235781.386418433, 1010.400000000]: PHASE2C_KEYSCAN_ACCEPTED unique_id=760 state_id=760 sim_time=1010.400000
[INFO] [1788235782.867520521, 1011.900000000]: PHASE2C_KEYSCAN_ACCEPTED unique_id=761 state_id=761 sim_time=1011.900000
[INFO] [1788235784.284709479, 1013.300000000]: PHASE2C_KEYSCAN_ACCEPTED unique_id=762 state_id=762 sim_time=1013.300000
[INFO] [1788235785.268704720, 1014.300000000]: PHASE2C_KEYSCAN_ACCEPTED unique_id=763 state_id=763 sim_time=1014.300000
[INFO] [1788235785.868390097, 1014.900000000]: PHASE2C_KEYSCAN_ACCEPTED unique_id=764 state_id=764 sim_time=1014.900000
[INFO] [1788235786.715176091, 1015.700000000]: PHASE2C_KEYSCAN_ACCEPTED unique_id=765 state_id=765 sim_time=1015.700000
[INFO] [1788235787.652418384, 1016.700000000]: PHASE2C_KEYSCAN_ACCEPTED unique_id=766 state_id=766 sim_time=1016.500000
Warning: Warning: TF_REPEATED_DATA ignoring data with redundant timestamp for frame offset (parent map) at time 1016.700000 according to authority unknown_publisherTF_REPEATED_DATA ignoring data with redundant timestamp for frame odom (parent offset) at time 1016.700000 according to authority unknown_publisher

         at line          at line 277277 in  in /tmp/binarydeb/ros-noetic-tf2-0.7.10/src/buffer_core.cpp/tmp/binarydeb/ros-noetic-tf2-0.7.10/src/buffer_core.cpp

Warning: Warning: TF_REPEATED_DATA ignoring data with redundant timestamp for frame offset (parent map) at time 1016.700000 according to authority unknown_publisherTF_REPEATED_DATA ignoring data with redundant timestamp for frame offset (parent map) at time 1016.700000 according to authority unknown_publisher

         at line          at line 277277 in  in /tmp/binarydeb/ros-noetic-tf2-0.7.10/src/buffer_core.cpp/tmp/binarydeb/ros-noetic-tf2-0.7.10/src/buffer_core.cpp

[WARN] [1788235787.652705055, 1016.700000000]: TF_REPEATED_DATA ignoring data with redundant timestamp for frame odom (parent offset) at time 1016.700000 according to authority unknown_publisher
[WARN] [1788235787.652749595, 1016.700000000]: TF_REPEATED_DATA ignoring data with redundant timestamp for frame offset (parent map) at time 1016.700000 according to authority unknown_publisher
[WARN] [1788235798.530557039, 1027.500000000]: Missed desired rate of 1.00Hz! Loop actually took 1.1000 seconds!
[INFO] [1788235788.478130412, 1017.500000000]: PHASE2C_KEYSCAN_ACCEPTED unique_id=767 state_id=767 sim_time=1017.500000
[INFO] [1788235790.530733731, 1019.500000000]: PHASE2C_KEYSCAN_ACCEPTED unique_id=768 state_id=768 sim_time=1019.500000
[INFO] [1788235791.296196506, 1020.300000000]: PHASE2C_KEYSCAN_ACCEPTED unique_id=769 state_id=769 sim_time=1020.300000
[INFO] [1788235791.980567914, 1021.000000000]: PHASE2C_KEYSCAN_ACCEPTED unique_id=770 state_id=770 sim_time=1021.000000
[INFO] [1788235792.590668467, 1021.600000000]: PHASE2C_KEYSCAN_ACCEPTED unique_id=771 state_id=771 sim_time=1021.600000
[INFO] [1788235793.080138735, 1022.100000000]: PHASE2C_KEYSCAN_ACCEPTED unique_id=772 state_id=772 sim_time=1022.100000
[INFO] [1788235793.766298651, 1022.800000000]: PHASE2C_KEYSCAN_ACCEPTED unique_id=773 state_id=773 sim_time=1022.800000
[INFO] [1788235794.368282156, 1023.400000000]: PHASE2C_KEYSCAN_ACCEPTED unique_id=774 state_id=774 sim_time=1023.400000
[INFO] [1788235796.118852452, 1025.100000000]: PHASE2C_KEYSCAN_ACCEPTED unique_id=775 state_id=775 sim_time=1025.100000
[INFO] [1788235797.793778352, 1026.800000000]: PHASE2C_KEYSCAN_ACCEPTED unique_id=776 state_id=776 sim_time=1026.500000
[INFO] [1788235798.560664952, 1027.600000000]: PHASE2C_KEYSCAN_ACCEPTED unique_id=777 state_id=777 sim_time=1027.500000
[INFO] [1788235799.282170616, 1028.300000000]: PHASE2C_KEYSCAN_ACCEPTED unique_id=778 state_id=778 sim_time=1028.300000
[INFO] [1788235799.989390583, 1029.000000000]: PHASE2C_KEYSCAN_ACCEPTED unique_id=779 state_id=779 sim_time=1029.000000
[INFO] [1788235800.889409566, 1029.900000000]: PHASE2C_KEYSCAN_ACCEPTED unique_id=780 state_id=780 sim_time=1029.800000
[INFO] [1788235801.294963104, 1030.300000000]: PHASE2C_KEYSCAN_ACCEPTED unique_id=781 state_id=781 sim_time=1030.300000
[INFO] [1788235801.983456706, 1031.000000000]: PHASE2C_KEYSCAN_ACCEPTED unique_id=782 state_id=782 sim_time=1031.000000
[INFO] [1788235802.703670801, 1031.700000000]: PHASE2C_KEYSCAN_ACCEPTED unique_id=783 state_id=783 sim_time=1031.700000
[INFO] [1788235804.331328225, 1033.300000000]: PHASE2C_KEYSCAN_ACCEPTED unique_id=784 state_id=784 sim_time=1033.300000
[INFO] [1788235805.386800923, 1034.400000000]: PHASE2C_KEYSCAN_ACCEPTED unique_id=785 state_id=785 sim_time=1034.400000
[INFO] [1788235806.074133035, 1035.100000000]: PHASE2C_KEYSCAN_ACCEPTED unique_id=786 state_id=786 sim_time=1035.100000
[INFO] [1788235807.025464060, 1036.000000000]: PHASE2C_KEYSCAN_ACCEPTED unique_id=787 state_id=787 sim_time=1036.000000
[INFO] [1788235807.883373876, 1036.900000000]: PHASE2C_KEYSCAN_ACCEPTED unique_id=788 state_id=788 sim_time=1036.900000
[INFO] [1788235808.599008601, 1037.600000000]: PHASE2C_KEYSCAN_ACCEPTED unique_id=789 state_id=789 sim_time=1037.600000
[INFO] [1788235809.935261737, 1038.900000000]: PHASE2C_KEYSCAN_ACCEPTED unique_id=790 state_id=790 sim_time=1038.500000
[INFO] [1788235810.402632141, 1039.400000000]: PHASE2C_KEYSCAN_ACCEPTED unique_id=791 state_id=791 sim_time=1039.400000
[INFO] [1788235812.240548652, 1041.200000000]: PHASE2C_KEYSCAN_ACCEPTED unique_id=792 state_id=792 sim_time=1041.200000
[INFO] [1788235813.294792525, 1042.300000000]: PHASE2C_KEYSCAN_ACCEPTED unique_id=793 state_id=793 sim_time=1042.300000
[INFO] [1788235814.392550787, 1043.400000000]: PHASE2C_KEYSCAN_ACCEPTED unique_id=794 state_id=794 sim_time=1043.300000
[INFO] [1788235814.995226833, 1044.000000000]: PHASE2C_KEYSCAN_ACCEPTED unique_id=795 state_id=795 sim_time=1044.000000
[INFO] [1788235815.665369446, 1044.700000000]: PHASE2C_KEYSCAN_ACCEPTED unique_id=796 state_id=796 sim_time=1044.600000
[INFO] [1788235816.291842737, 1045.300000000]: PHASE2C_KEYSCAN_ACCEPTED unique_id=797 state_id=797 sim_time=1045.300000
[INFO] [1788235817.143053278, 1046.100000000]: PHASE2C_KEYSCAN_ACCEPTED unique_id=798 state_id=798 sim_time=1046.100000
[INFO] [1788235817.778976146, 1046.800000000]: PHASE2C_KEYSCAN_ACCEPTED unique_id=799 state_id=799 sim_time=1046.800000
[INFO] [1788235818.407807352, 1047.400000000]: PHASE2C_KEYSCAN_ACCEPTED unique_id=800 state_id=800 sim_time=1047.400000
[INFO] [17882358[INFO] [1788235790.257423968, 1019.300000000]: PHASE2_LOOP_WAYPOINT_REACHED vertex=38 waypoint=1
[INFO] [1788235796.276139248, 1025.300000000]: PHASE2_LOOP_WAYPOINT_REACHED vertex=38 waypoint=2
[INFO] [1788235798.429665949, 1027.400000000]: PHASE2_LOOP_WAYPOINT_REACHED vertex=38 waypoint=3
[INFO] [1788235804.275473597, 1033.300000000]: PHASE2_LOOP_WAYPOINT_REACHED vertex=38 waypoint=4
[INFO] [1788235806.259053175, 1035.300000000]: PHASE2_LOOP_WAYPOINT_REACHED vertex=38 waypoint=5
[INFO] [1788235808.212192238, 1037.200000000]: PHASE2_LOOP_WAYPOINT_REACHED vertex=38 waypoint=6
[INFO] [1788235812.279511995, 1041.300000000]: PHASE2_LOOP_WAYPOINT_REACHED vertex=38 waypoint=7
[INFO] [1788235814.204612069, 1043.200000000]: PHASE2_LOOP_WAYPOINT_REACHED vertex=38 waypoint=8
[INFO] [1788235820.306320571, 1049.300000000]: PHASE2_LOOP_WAYPOINT_REACHED vertex=38 waypoint=9
Warning: Warning: TF_REPEATED_DATA ignoring data with redundant timestamp for frame odom (parent offset) at time 1050.700000 according to authority unknown_publisherTF_REPEATED_DATA ignoring data with redundant timestamp for frame odom (parent offset) at time 1050.700000 according to authority unknown_publisher

         at line          at line 277277 in  in /tmp/binarydeb/ros-noetic-tf2-0.7.10/src/buffer_core.cpp/tmp/binarydeb/ros-noetic-tf2-0.7.10/src/buffer_core.cpp

Warning: Warning: TF_REPEATED_DATA ignoring data with redundant timestamp for frame offset (parent map) at time 1050.700000 according to authority unknown_publisherTF_REPEATED_DATA ignoring data with redundant timestamp for frame offset (parent map) at time 1050.700000 according to authority unknown_publisher

         at line          at line 277277 in  in /tmp/binarydeb/ros-noetic-tf2-0.7.10/src/buffer_core.cpp/tmp/binarydeb/ros-noetic-tf2-0.7.10/src/buffer_core.cpp

Warning: TF_REPEATED_DATA ignoring data with redundant timestamp for frame odom (parent offset) at time 1050.700000 according to authority unknown_publisher
         at line 277 in /tmp/binarydeb/ros-noetic-tf2-0.7.10/src/buffer_core.cpp
Warning: 20.044915322, 1049.000000000]: PHASE2C_KEYSCAN_ACCEPTED unique_id=801 state_id=801 sim_time=1049.000000
[INFO] [1788235821.673674712, 1050.700000000]: PHASE2C_KEYSCAN_ACCEPTED unique_id=802 state_id=802 sim_time=1050.500000
TF_REPEATED_DATA ignoring data with redundant timestamp for frame offset (parent map) at time 1050.700000 according to authority unknown_publisherWarning: 
TF_REPEATED_DATA ignoring data with redundant timestamp for frame odom (parent offset) at time 1050.700000 according to authority unknown_publisher         at line 
277         at line  in 277/tmp/binarydeb/ros-noetic-tf2-0.7.10/src/buffer_core.cpp in 
/tmp/binarydeb/ros-noetic-tf2-0.7.10/src/buffer_core.cpp
Warning: TF_REPEATED_DATA ignoring data with redundant timestamp for frame offset (parent map) at time 1050.700000 according to authority unknown_publisher
         at line 277 in /tmp/binarydeb/ros-noetic-tf2-0.7.10/src/buffer_core.cpp
[WARN] [1788235821.674127937, 1050.700000000]: TF_REPEATED_DATA ignoring data with redundant timestamp for frame odom (parent offset) at time 1050.700000 according to authority unknown_publisher
[WARN] [1788235821.674164546, 1050.700000000]: TF_REPEATED_DATA ignoring data with redundant timestamp for frame offset (parent map) at time 1050.700000 according to authority unknown_publisher
[WARN] [1788235824.516248543, 1053.500000000]: Missed desired rate of 1.00Hz! Loop actually took 1.1000 seconds!
[WARN] [1788235844.539933919, 1073.500000000]: Missed desired rate of 1.00Hz! Loop actually took 1.1000 seconds!
[INFO] [1788235824.099280039, 1053.100000000]: PHASE2C_KEYSCAN_ACCEPTED unique_id=803 state_id=803 sim_time=1053.000000
[INFO] [1788235825.410423523, 1054.400000000]: PHASE2C_KEYSCAN_ACCEPTED unique_id=804 state_id=804 sim_time=1054.400000
[INFO] [1788235826.142933124, 1055.100000000]: PHASE2C_KEYSCAN_ACCEPTED unique_id=805 state_id=805 sim_time=1055.100000
[INFO] [1788235826.731189458, 1055.700000000]: PHASE2C_KEYSCAN_ACCEPTED unique_id=806 state_id=806 sim_time=1055.700000
[INFO] [1788235827.320019425, 1056.300000000]: PHASE2C_KEYSCAN_ACCEPTED unique_id=807 state_id=807 sim_time=1056.300000
[INFO] [1788235827.904863012, 1056.900000000]: PHASE2C_KEYSCAN_ACCEPTED unique_id=808 state_id=808 sim_time=1056.900000
[INFO] [1788235828.601689199, 1057.600000000]: PHASE2C_KEYSCAN_ACCEPTED unique_id=809 state_id=809 sim_time=1057.500000
[INFO] [1788235829.981147860, 1059.000000000]: PHASE2C_KEYSCAN_ACCEPTED unique_id=810 state_id=810 sim_time=1059.000000
[INFO] [1788235831.051955815, 1060.100000000]: PHASE2C_KEYSCAN_ACCEPTED unique_id=811 state_id=811 sim_time=1060.000000
[INFO] [1788235831.855681487, 1060.900000000]: PHASE2C_KEYSCAN_ACCEPTED unique_id=812 state_id=812 sim_time=1060.500000
[INFO] [1788235832.218867464, 1061.200000000]: PHASE2C_KEYSCAN_ACCEPTED unique_id=813 state_id=813 sim_time=1061.200000
[INFO] [1788235832.828504263, 1061.800000000]: PHASE2C_KEYSCAN_ACCEPTED unique_id=814 state_id=814 sim_time=1061.800000
[INFO] [1788235833.527777719, 1062.500000000]: PHASE2C_KEYSCAN_ACCEPTED unique_id=815 state_id=815 sim_time=1062.400000
[INFO] [1788235833.920901468, 1062.900000000]: PHASE2C_KEYSCAN_ACCEPTED unique_id=816 state_id=816 sim_time=1062.900000
[INFO] [1788235834.518591028, 1063.500000000]: PHASE2C_KEYSCAN_ACCEPTED unique_id=817 state_id=817 sim_time=1063.500000
[INFO] [1788235836.154171262, 1065.200000000]: PHASE2C_KEYSCAN_ACCEPTED unique_id=818 state_id=818 sim_time=1065.100000
[INFO] [1788235837.990217534, 1067.000000000]: PHASE2C_KEYSCAN_ACCEPTED unique_id=819 state_id=819 sim_time=1067.000000
[INFO] [1788235839.267322850, 1068.300000000]: PHASE2C_KEYSCAN_ACCEPTED unique_id=820 state_id=820 sim_time=1068.200000
[INFO] [1788235840.020186959, 1069.000000000]: PHASE2C_KEYSCAN_ACCEPTED unique_id=821 state_id=821 sim_time=1069.000000
[INFO] [1788235840.914871578, 1069.900000000]: PHASE2C_KEYSCAN_ACCEPTED unique_id=822 state_id=822 sim_time=1069.900000
[INFO] [1788235841.850643044, 1070.900000000]: PHASE2C_KEYSCAN_ACCEPTED unique_id=823 state_id=823 sim_time=1070.800000
[INFO] [1788235842.706281986, 1071.700000000]: PHASE2C_KEYSCAN_ACCEPTED unique_id=824 state_id=824 sim_time=1071.700000
[INFO] [1788235843.287467780, 1072.300000000]: PHASE2C_KEYSCAN_ACCEPTED unique_id=825 state_id=825 sim_time=1072.300000
[INFO] [1788235844.137941951, 1073.100000000]: PHASE2C_KEYSCAN_ACCEPTED unique_id=826 state_id=826 sim_time=1073.100000
[INFO] [1788235844.790440119, 1073.800000000]: PHASE2C_KEYSCAN_ACCEPTED unique_id=827 state_id=827 sim_time=1073.800000
[INFO] [1788235845.662710757, 1074.700000000]: PHASE2C_KEYSCAN_ACCEPTED unique_id=828 state_id=828 sim_time=1074.500000
Warning: TF_REPEATED_DATA ignoring data with redundant timestamp for frame odom (parent offset) at time 1074.700000 according to authority unknown_publisher
         at line 277 in /tmp/binarydeb/ros-noetic-tf2-0.7.10/src/buffer_core.cpp
Warning: TF_REPEATED_DATA ignoring data with redundant timestamp for frame offset (parent map) at time 1074.700000 according to authority unknown_publisher
         at line 277 in /tmp/binarydeb/ros-noetic-tf2-0.7.10/src/buffer_core.cpp
Warning: [INFO] [1788235822.275463116, 1051.300000000]: PHASE2_LOOP_WAYPOINT_REACHED vertex=38 waypoint=10
[INFO] [1788235830.060268350, 1059.100000000]: PHASE2_LOOP_WAYPOINT_REACHED vertex=38 waypoint=11
[INFO] [1788235836.286437611, 1065.300000000]: PHASE2_LOOP_WAYPOINT_REACHED vertex=38 waypoint=12
[INFO] [1788235838.275375768, 1067.300000000]: PHASE2_LOOP_WAYPOINT_REACHED vertex=38 waypoint=13
[INFO] [1788235840.231514711, 1069.200000000]: PHASE2_LOOP_WAYPOINT_REACHED vertex=38 waypoint=14
[INFO] [1788235842.262391421, 1071.300000000]: PHASE2_LOOP_WAYPOINT_REACHED vertex=38 waypoint=15
TF_REPEATED_DATA ignoring data with redundant timestamp for frame odom (parent offset) at time 1074.700000 according to authority unknown_publisherWarning: 
TF_REPEATED_DATA ignoring data with redundant timestamp for frame odom (parent offset) at time 1074.700000 according to authority unknown_publisher         at line 
277         at line  in 277/tmp/binarydeb/ros-noetic-tf2-0.7.10/src/buffer_core.cpp in 
/tmp/binarydeb/ros-noetic-tf2-0.7.10/src/buffer_core.cpp
Warning: Warning: TF_REPEATED_DATA ignoring data with redundant timestamp for frame offset (parent map) at time 1074.700000 according to authority unknown_publisherTF_REPEATED_DATA ignoring data with redundant timestamp for frame offset (parent map) at time 1074.700000 according to authority unknown_publisher

         at line          at line 277277 in  in /tmp/binarydeb/ros-noetic-tf2-0.7.10/src/buffer_core.cpp/tmp/binarydeb/ros-noetic-tf2-0.7.10/src/buffer_core.cpp

Warning: TF_REPEATED_DATA ignoring data with redundant timestamp for frame odom (parent offset) at time 1074.700000 according to authority unknown_publisher
         at line 277 in /tmp/binarydeb/ros-noetic-tf2-0.7.10/src/buffer_core.cpp
Warning: TF_REPEATED_DATA ignoring data with redundant timestamp for frame offset (parent map) at time 1074.700000 according to authority unknown_publisher
         at line 277 in /tmp/binarydeb/ros-noetic-tf2-0.7.10/src/buffer_core.cpp
[WARN] [1788235845.663194820, 1074.700000000]: TF_REPEATED_DATA ignoring data with redundant timestamp for frame odom (parent offset) at time 1074.700000 according to authority unknown_publisher
[WARN] [1788235845.663227807, 1074.700000000]: TF_REPEATED_DATA ignoring data with redundant timestamp for frame offset (parent map) at time 1074.700000 according to authority unknown_publisher
Warning: Warning: TF_REPEATED_DATA ignoring data with redundant timestamp for frame odom (parent offset) at time 1076.700000 according to authority unknown_publisherTF_REPEATED_DATA ignoring data with redundant timestamp for frame odom (parent offset) at time 1076.700000 according to authority unknown_publisher

         at line          at line 277 in 277/tmp/binarydeb/ros-noetic-tf2-0.7.10/src/buffer_core.cpp in [INFO] [1788235846.363061610, 1075.400000000]: PHASE2C_KEYSCAN_ACCEPTED unique_id=829 state_id=829 sim_time=1075.300000
[INFO] [1788235847.682687844, 1076.700000000]: PHASE2C_KEYSCAN_ACCEPTED unique_id=830 state_id=830 sim_time=1076.500000

/tmp/binarydeb/ros-noetic-tf2-0.7.10/src/buffer_core.cppWarning: 
Warning: TF_REPEATED_DATA ignoring data with redundant timestamp for frame odom (parent offset) at time 1076.700000 according to authority unknown_publisherTF_REPEATED_DATA ignoring data with redundant timestamp for frame offset (parent map) at time 1076.700000 according to authority unknown_publisher
Warning: 
         at line TF_REPEATED_DATA ignoring data with redundant timestamp for frame offset (parent map) at time 1076.700000 according to authority unknown_publisher         at line 277
277 in          at line [WARN] [1788235847.683026463, 1076.700000000]: TF_REPEATED_DATA ignoring data with redundant timestamp for frame odom (parent offset) at time 1076.700000 according to authority unknown_publisher
 in /tmp/binarydeb/ros-noetic-tf2-0.7.10/src/buffer_core.cpp277/tmp/binarydeb/ros-noetic-tf2-0.7.10/src/buffer_core.cpp
 in 
/tmp/binarydeb/ros-noetic-tf2-0.7.10/src/buffer_core.cpp
Warning: TF_REPEATED_DATA ignoring data with redundant timestamp for frame offset (parent map) at time 1076.700000 according to authority unknown_publisher
         at line 277Warning:  in TF_REPEATED_DATA ignoring data with redundant timestamp for frame odom (parent offset) at time 1076.700000 according to authority unknown_publisher/tmp/binarydeb/ros-noetic-tf2-0.7.10/src/buffer_core.cpp

         at line 277 in /tmp/binarydeb/ros-noetic-tf2-0.7.10/src/buffer_core.cpp
[WARN] [1788235847.683063851, 1076.700000000]: TF_REPEATED_DATA ignoring data with redundant timestamp for frame offset (parent map) at time 1076.700000 according to authority unknown_publisher
Warning: TF_REPEATED_DATA ignoring data with redundant timestamp for frame offset (parent map) at time 1076.700000 according to authority unknown_publisher
         at line 277 in /tmp/binarydeb/ros-noetic-tf2-0.7.10/src/buffer_core.cpp
[INFO] [1788235849.078570464, 1078.100000000]: PHASE2C_KEYSCAN_ACCEPTED unique_id=831 state_id=831 sim_time=1078.000000
[INFO] [1788235849.807215443, 1078.800000000]: PHASE2C_KEYSCAN_ACCEPTED unique_id=832 state_id=832 sim_time=1078.800000
[INFO] [1788235850.618821544, 1079.600000000]: PHASE2C_KEYSCAN_ACCEPTED unique_id=833 state_id=833 sim_time=1079.600000
[INFO] [1788235851.369931414, 1080.400000000]: PHASE2C_KEYSCAN_ACCEPTED unique_id=834 state_id=834 sim_time=1080.300000
[INFO] [1788235851.892526697, 1080.900000000]: PHASE2C_KEYSCAN_ACCEPTED unique_id=835 state_id=835 sim_time=1080.900000
[INFO] [1788235852.401418079, 1081.400000000]: PHASE2C_KEYSCAN_ACCEPTED unique_id=836 state_id=836 sim_time=1081.400000
[INFO] [1788235853.192166250, 1082.200000000]: PHASE2C_KEYSCAN_ACCEPTED unique_id=837 state_id=837 sim_time=1082.200000
[INFO] [1788235853.933491870, 1082.900000000]: PHASE2C_KEYSCAN_ACCEPTED unique_id=838 state_id=838 sim_time=1082.900000
[INFO] [1788235855.659656179, 1084.700000000]: PHASE2C_KEYSCAN_ACCEPTED unique_id=839 state_id=839 sim_time=1084.700000
[INFO] [1788235857.709668245, 1086.700000000]: PHASE2C_KEYSCAN_ACCEPTED unique_id=840 state_id=840 sim_time=1086.500000
Warning: TF_REPEATED_DATA ignoring data with redundant timestamp for frame odom (parent offset) at time 1086.700000 according to authority unknown_publisher
         at line 277 in /tmp/binarydeb/ros-noetic-tf2-0.7.10/src/buffer_core.cpp
Warning: TF_REPEATED_DATA ignoring data with redundant timestamp for frame offset (parent map) at time 1086.700000 according to authority unknown_publisher
         at line 277 in /tmp/binarydeb/ros-noetic-tf2-0.7.10/src/buffer_core.cpp
Warning: TF_REPEATED_DATA ignoring data with redundant timestamp for frame odom (parent offset) at time 1086.700000 according to authority unknown_publisher
         at line 277 in /tmp/binarydeb/ros-noetic-tf2-0.7.10/src/buffer_core.cpp
Warning: TF_REPEATED_DATA ignoring data with redundant timestamp for frame offset (parent map) at time 1086.700000 according to authority unknown_publisher
         at line 277 in /tmp/binarydeb/ros-noetic-tf2-0.7.10/src/buffer_core.cpp
Warning: TF_REPEATED_DATA ignoring data with redundant timestamp for frame odom (parent offset) at time 1086.700000 according to authority unknown_publisher
         at line 277 in /tmp/binarydeb/ros-noetic-tf2-0.7.10/src/buffer_core.cpp
Warning: TF_REPEATED_DATA ignoring data with redundant timestamp for frame offset (parent map) at time 1086.700000 according to authority unknown_publisher
         at line 277 in /tmp/binarydeb/ros-noetic-tf2-0.7.10/src/buffer_core.cpp
[WARN] [1788235857.710122988, 1086.700000000]: TF_REPEATED_DATA ignoring data with redundant timestamp for frame odom (parent offset) at time 1086.700000 according to authority unknown_publisher
[WARN] [1788235857.710140660, 1086.700000000]: TF_REPEATED_DATA ignoring data with redundant timestamp for frame offset (parent map) at time 1086.700000 according to authority unknown_publisher
[INFO] [1788235848.269672927, 1077.300000000]: PHASE2_LOOP_WAYPOINT_REACHED vertex=38 waypoint=16
[INFO] [1788235850.287448936, 1079.300000000]: PHASE2_LOOP_WAYPOINT_REACHED vertex=38 waypoint=17
[INFO] [1788235856.285565730, 1085.300000000]: PHASE2_LOOP_WAYPOINT_REACHED vertex=38 waypoint=18
Warning: TF_REPEATED_DATA ignoring data with redundant timestamp for frame odom (parent offset) at time 1086.700000 according to authority unknown_publisher
         at line 277 in /tmp/binarydeb/ros-noetic-tf2-0.7.10/src/buffer_core.cpp
Warning: TF_REPEATED_DATA ignoring data with redundant timestamp for frame offset (parent map) at time 1086.700000 according to authority unknown_publisher
         at line 277 in /tmp/binarydeb/ros-noetic-tf2-0.7.10/src/buffer_core.cpp
[INFO] [1788235858.401453290, 1087.400000000]: PHASE2C_KEYSCAN_ACCEPTED unique_id=841 state_id=841 sim_time=1087.400000
[INFO] [1788235859.225257526, 1088.200000000]: PHASE2C_KEYSCAN_ACCEPTED unique_id=842 state_id=842 sim_time=1088.200000
[INFO] [1788235859.970022072, 1089.000000000]: PHASE2C_KEYSCAN_ACCEPTED unique_id=843 state_id=843 sim_time=1088.900000
[INFO] [1788235860.722072545, 1089.700000000]: PHASE2C_KEYSCAN_ACCEPTED unique_id=844 state_id=844 sim_time=1089.700000
[INFO] [1788235862.251454841, 1091.300000000]: PHASE2C_KEYSCAN_ACCEPTED unique_id=845 state_id=845 sim_time=1091.200000
[INFO] [1788235863.108176063, 1092.100000000]: PHASE2C_KEYSCAN_ACCEPTED unique_id=846 state_id=846 sim_time=1092.100000
[INFO] [1788235863.690270981, 1092.700000000]: PHASE2C_KEYSCAN_ACCEPTED unique_id=847 state_id=847 sim_time=1092.700000
[INFO] [1788235864.389689168, 1093.400000000]: PHASE2C_KEYSCAN_ACCEPTED unique_id=848 state_id=848 sim_time=1093.300000
[INFO] [1788235864.980317447, 1094.000000000]: PHASE2C_KEYSCAN_ACCEPTED unique_id=849 state_id=849 sim_time=1094.000000
Warning: TF_REPEATED_DATA ignoring data with redundant timestamp for frame odom (parent offset) at time 1094.700000 according to authority unknown_publisher
         at line 277[INFO] [1788235862.082392189, 1091.100000000]: PHASE2_LOOP_WAYPOINT_REACHED vertex=38 waypoint=19
 in Warning: /tmp/binarydeb/ros-noetic-tf2-0.7.10/src/buffer_core.cppTF_REPEATED_DATA ignoring data with redundant timestamp for frame odom (parent offset) at time 1094.700000 according to authority unknown_publisher

         at line 277 in Warning: /tmp/binarydeb/ros-noetic-tf2-0.7.10/src/buffer_core.cppTF_REPEATED_DATA ignoring data with redundant timestamp for frame offset (parent map) at time 1094.700000 according to authority unknown_publisher

         at line Warning: 277TF_REPEATED_DATA ignoring data with redundant timestamp for frame offset (parent map) at time 1094.700000 according to authority unknown_publisher in 
/tmp/binarydeb/ros-noetic-tf2-0.7.10/src/buffer_core.cpp         at line 
277 in /tmp/binarydeb/ros-noetic-tf2-0.7.10/src/buffer_core.cpp
Warning: [WARN] [1788235865.645761270, 1094.700000000]: TF_REPEATED_DATA ignoring data with redundant timestamp for frame odom (parent offset) at time 1094.700000 according to authority unknown_publisher
TF_REPEATED_DATA ignoring data with redundant timestamp for frame odom (parent offset) at time 1094.700000 according to authority unknown_publisher
         at line 277 in /tmp/binarydeb/ros-noetic-tf2-0.7.10/src/buffer_core.cpp[WARN] [1788235865.645794144, 1094.700000000]: TF_REPEATED_DATA ignoring data with redundant timestamp for frame offset (parent map) at time 1094.700000 according to authority unknown_publisher

Warning: TF_REPEATED_DATA ignoring data with redundant timestamp for frame offset (parent map) at time 1094.700000 according to authority unknown_publisher
         at line 277 in /tmp/binarydeb/ros-noetic-tf2-0.7.10/src/buffer_core.cpp
Warning: TF_REPEATED_DATA ignoring data with redundant timestamp for frame odom (parent offset) at time 1094.700000 according to authority unknown_publisher
         at line 277 in /tmp/binarydeb/ros-noetic-tf2-0.7.10/src/buffer_core.cpp
Warning: TF_REPEATED_DATA ignoring data with redundant timestamp for frame offset (parent map) at time 1094.700000 according to authority unknown_publisher
         at line 277 in /tmp/binarydeb/ros-noetic-tf2-0.7.10/src/buffer_core.cpp
[WARN] [1788235876.566925505, 1105.600000000]: Missed desired rate of 1.00Hz! Loop actually took 1.2000 seconds!
concorde /tmp/tmp_3q1729y/problem.tsp
Host: msxg  Current process id: 126511
Using random seed 1788235882
Number of Nodes: 14
Explicit Lengths (CC_MATRIXNORM)
Set initial upperbound to 559 (from tour)
ERROR: No dual change in basis finding code
Did not find a basic optimal solution
Fractional matching routine failed
Warning: restarting running timer Miscellaneous
No warmstart, stumbling on anyway
Basic dual change required, but no candidate edges
  LP Value  1: 559.000000  (0.00 seconds)
New lower bound: 559.000000
Final lower bound 559.000000, upper bound 559.000000
Exact lower bound: 559.000000
DIFF: 0.000000
Final LP has 14 rows, 21 columns, 42 nonzeros
Optimal Solution: 559.00
Number of bbnodes: 1
Total Running Time: 0.00 (seconds)
concorde /tmp/tmpiwmmap8e/problem.tsp
Host: msxg  Current process id: 126558
Using random seed 1788235887
Number of Nodes: 14
Explicit Lengths (CC_MATRIXNORM)
Set initial upperbound to 559 (from tour)
ERROR: No dual change in basis finding code
Did not find a basic optimal solution
Fractional matching routine failed
Warning: restarting running timer Miscellaneous
No warmstart, stumbling on anyway
Basic dual change required, but no candidate edges
  LP Value  1: 559.000000  (0.00 seconds)
New lower bound: 559.000000
Final lower bound 559.000000, upper bound 559.000000
Exact lower bound: 559.000000
DIFF: 0.000000
Final LP has 14 rows, 18 columns, 36 nonzeros
Optimal Solution: 559.00
Number of bbnodes: 1
Total Running Time: 0.00 (seconds)
concorde /tmp/tmp6iwzskzy/problem.tsp
Host: msxg  Current process id: 126617
Using random seed 1788235894
Number of Nodes: 14
Explicit Lengths (CC_MATRIXNORM)
Set initial upperbound to 559 (from tour)
ERROR: No dual change in basis finding code
Did not find a basic optimal solution
Fractional matching routine failed
Warning: restarting running timer Miscellaneous
No warmstart, stumbling on anyway
Basic dual change required, but no candidate edges
  LP Value  1: 559.000000  (0.00 seconds)
New lower bound: 559.000000
Final lower bound 559.000000, upper bound 559.000000
Exact lower bound: 559.000000
DIFF: 0.000000
Final LP has 14 rows, 18 columns, 36 nonzeros
Optimal Solution: 559.00
Number of bbnodes: 1
Total Running Time: 0.00 (seconds)
concorde /tmp/tmpi0pn6bvf/problem.tsp
Host: msxg  Current process id: 126684
Using random seed 1788235899
Number of Nodes: 14
Explicit Lengths (CC_MATRIXNORM)
Set initial upperbound to 559 (from tour)
ERROR: No dual change in basis finding code
Did not find a basic optimal solution
Fractional matching routine failed
Warning: restarting running timer Miscellaneous
No warmstart, stumbling on anyway
Basic dual change required, but no candidate edges
  LP Value  1: 559.000000  (0.00 seconds)
New lower bound: 559.000000
Final lower bound 559.000000, upper bound 559.000000
Exact lower bound: 559.000000
DIFF: 0.000000
Final LP has 14 rows, 18 columns, 36 nonzeros
Optimal Solution: 559.00
Number of bbnodes: 1
Total Running Time: 0.00 (seconds)
[INFO] [1788235866.263340289, 1095.300000000]: PHASE2C_KEYSCAN_ACCEPTED unique_id=850 state_id=850 sim_time=1095.300000
[INFO] [1788235868.432338345, 1097.400000000]: PHASE2C_KEYSCAN_ACCEPTED unique_id=851 state_id=851 sim_time=1097.400000
[INFO] [1788235869.392701725, 1098.400000000]: PHASE2C_KEYSCAN_ACCEPTED unique_id=852 state_id=852 sim_time=1098.400000
[INFO] [1788235870.274429288, 1099.300000000]: PHASE2C_KEYSCAN_ACCEPTED unique_id=853 state_id=853 sim_time=1099.300000
[INFO] [1788235871.837927991, 1100.800000000]: PHASE2C_KEYSCAN_ACCEPTED unique_id=854 state_id=854 sim_time=1100.800000
[INFO] [1788235872.984928239, 1102.000000000]: PHASE2C_KEYSCAN_ACCEPTED unique_id=855 state_id=855 sim_time=1102.000000
[INFO] [1788235873.832346881, 1102.800000000]: PHASE2C_KEYSCAN_ACCEPTED unique_id=856 state_id=856 sim_time=1102.800000
[INFO] [1788235874.471896762, 1103.500000000]: PHASE2C_KEYSCAN_ACCEPTED unique_id=857 state_id=857 sim_time=1103.500000
[INFO] [1788235875.982092769, 1105.000000000]: PHASE2C_KEYSCAN_ACCEPTED unique_id=858 state_id=858 sim_time=1104.900000
[INFO] [1788235877.218096217, 1106.200000000]: PHASE2C_KEYSCAN_ACCEPTED unique_id=859 state_id=859 sim_time=1106.200000
[INFO] [1788235877.930935005, 1106.900000000]: PHASE2C_KEYSCAN_ACCEPTED unique_id=860 state_id=860 sim_time=1106.900000
[INFO] [1788235878.493042830, 1107.500000000]: PHASE2C_KEYSCAN_ACCEPTED unique_id=861 state_id=861 sim_time=1107.400000
[INFO] [1788235879.419795137, 1108.400000000]: PHASE2C_KEYSCAN_ACCEPTED unique_id=862 state_id=862 sim_time=1108.400000
[INFO] [1788235880.984395915, 1110.000000000]: PHASE2C_KEYSCAN_ACCEPTED unique_id=863 state_id=863 sim_time=1109.900000
[INFO] [1788235882.214115062, 1111.200000000]: PHASE2C_KEYSCAN_ACCEPTED unique_id=864 state_id=864 sim_time=1111.200000
[INFO] [1788235883.990044497, 1113.000000000]: PHASE2C_KEYSCAN_ACCEPTED unique_id=865 state_id=865 sim_time=1112.900000
[INFO] [1788235885.436626203, 1114.400000000]: PHASE2C_KEYSCAN_ACCEPTED unique_id=866 state_id=866 sim_time=1114.400000
[INFO] [1788235886.974582224, 1116.000000000]: PHASE2C_KEYSCAN_ACCEPTED unique_id=867 state_id=867 sim_time=1115.900000
[INFO] [1788235888.206147640, 1117.200000000]: PHASE2C_KEYSCAN_ACCEPTED unique_id=868 state_id=868 sim_time=1117.200000
[INFO] [1788235889.681272950, 1118.700000000]: PHASE2C_KEYSCAN_ACCEPTED unique_id=869 state_id=869 sim_time=1118.600000
[INFO] [1788235890.908260133, 1119.900000000]: PHASE2C_KEYSCAN_ACCEPTED unique_id=870 state_id=870 sim_time=1119.900000
[INFO] [1788235892.272653292, 1121.300000000]: PHASE2C_KEYSCAN_ACCEPTED unique_id=871 state_id=871 sim_time=1121.200000
[INFO] [1788235894.668724857, 1123.700000000]: PHASE2C_KEYSCAN_ACCEPTED unique_id=872 state_id=872 sim_time=1123.600000
[INFO] [1788235898.669675309, 1127.700000000]: PHASE2C_KEYSCAN_ACCEPTED unique_id=873 state_id=873 sim_time=1127.600000
[INFO] [1788235901.674543741, 1130.700000000]: PHASE2C_KEYSCAN_ACCEPTED unique_id=874 state_id=874 sim_time=1130.600000
[INFO] [1788235905.460817129, 1134.500000000]: PHASE2C_KEYSCAN_ACCEPTED unique_id=875 state_id=875 sim_time=1134.400000
Warning: TF_REPEATED_DATA ignoring data with redundant timestamp for frame odom (parent offset) at time 1134.600000 according to authority unknown_publisher[INFO] [1788235868.286901254, 1097.300000000]: PHASE2_LOOP_WAYPOINT_REACHED vertex=38 waypoint=20
[INFO] [1788235870.278481899, 1099.300000000]: PHASE2_LOOP_WAYPOINT_REACHED vertex=38 waypoint=21
[INFO] [1788235872.096185501, 1101.100000000]: PHASE2_LOOP_WAYPOINT_REACHED vertex=38 waypoint=22
[INFO] [1788235876.464226440, 1105.500000000]: PHASE2_LOOP_WAYPOINT_REACHED vertex=38 waypoint=23
[INFO] [1788235876.464255669, 1105.500000000]: PHASE2_LOOP_EXECUTION_FINISHED vertex=38 waypoints=24
[INFO] [1788235876.469772181, 1105.500000000]: Skip repeated visit to vertex 33
[INFO] [1788235876.469791597, 1105.500000000]: Set newGoal 7
[INFO] [1788235882.088876965, 1111.100000000]: Call local replanning...
[INFO] [1788235887.891333633, 1116.900000000]: Call local replanning...
[INFO] [1788235894.063798572, 1123.100000000]: Call local replanning...
[INFO] [1788235899.944261845, 1128.900000000]: Call local replanning...

         at line Warning: 277TF_REPEATED_DATA ignoring data with redundant timestamp for frame odom (parent offset) at time 1134.600000 according to authority unknown_publisherWarning:  in [WARN] [1788235905.644257051, 1134.600000000]: TF_REPEATED_DATA ignoring data with redundant timestamp for frame odom (parent offset) at time 1134.600000 according to authority unknown_publisher

TF_REPEATED_DATA ignoring data with redundant timestamp for frame odom (parent offset) at time 1134.600000 according to authority unknown_publisher/tmp/binarydeb/ros-noetic-tf2-0.7.10/src/buffer_core.cpp         at line 

         at line 277 in /tmp/binarydeb/ros-noetic-tf2-0.7.10/src/buffer_core.cpp277
 in /tmp/binarydeb/ros-noetic-tf2-0.7.10/src/buffer_core.cpp
Warning: TF_REPEATED_DATA ignoring data with redundant timestamp for frame offset (parent map) at time 1134.600000 according to authority unknown_publisher
         at line Warning: 277Warning: TF_REPEATED_DATA ignoring data with redundant timestamp for frame offset (parent map) at time 1134.600000 according to authority unknown_publisher in TF_REPEATED_DATA ignoring data with redundant timestamp for frame offset (parent map) at time 1134.600000 according to authority unknown_publisher
/tmp/binarydeb/ros-noetic-tf2-0.7.10/src/buffer_core.cpp
         at line 
         at line 277277 in [WARN] [1788235905.644310370, 1134.600000000]: TF_REPEATED_DATA ignoring data with redundant timestamp for frame offset (parent map) at time 1134.600000 according to authority unknown_publisher
 in /tmp/binarydeb/ros-noetic-tf2-0.7.10/src/buffer_core.cpp/tmp/binarydeb/ros-noetic-tf2-0.7.10/src/buffer_core.cpp

Warning: TF_REPEATED_DATA ignoring data with redundant timestamp for frame odom (parent offset) at time 1134.600000 according to authority unknown_publisher
         at line 277 in /tmp/binarydeb/ros-noetic-tf2-0.7.10/src/buffer_core.cpp
Warning: TF_REPEATED_DATA ignoring data with redundant timestamp for frame offset (parent map) at time 1134.600000 according to authority unknown_publisher
         at line 277 in /tmp/binarydeb/ros-noetic-tf2-0.7.10/src/buffer_core.cpp
concorde /tmp/tmpxfhbsb0l/problem.tsp
Host: msxg  Current process id: 126723
Using random seed 1788235906
Number of Nodes: 14
Explicit Lengths (CC_MATRIXNORM)
Set initial upperbound to 559 (from tour)
ERROR: No dual change in basis finding code
Did not find a basic optimal solution
Fractional matching routine failed
Warning: restarting running timer Miscellaneous
No warmstart, stumbling on anyway
Basic dual change required, but no candidate edges
  LP Value  1: 559.000000  (0.00 seconds)
New lower bound: 559.000000
Final lower bound 559.000000, upper bound 559.000000
Exact lower bound: 559.000000
DIFF: 0.000000
Final LP has 14 rows, 23 columns, 46 nonzeros
Optimal Solution: 559.00
Number of bbnodes: 1
Total Running Time: 0.00 (seconds)
concorde /tmp/tmpkokh2zbb/problem.tsp
Host: msxg  Current process id: 126772
Using random seed 1788235912
Number of Nodes: 14
Explicit Lengths (CC_MATRIXNORM)
Set initial upperbound to 559 (from tour)
ERROR: No dual change in basis finding code
Did not find a basic optimal solution
Fractional matching routine failed
Warning: restarting running timer Miscellaneous
No warmstart, stumbling on anyway
Basic dual change required, but no candidate edges
  LP Value  1: 559.000000  (0.00 seconds)
New lower bound: 559.000000
Final lower bound 559.000000, upper bound 559.000000
Exact lower bound: 559.000000
DIFF: 0.000000
Final LP has 14 rows, 20 columns, 40 nonzeros
Optimal Solution: 559.00
Number of bbnodes: 1
Total Running Time: 0.00 (seconds)
[INFO] [1788235739.073030, 968.100000]: Really visited vertices: 20 37 17 13 15 14 15 16 17 12 17 11 18 10 36 9 36 8 0 35 1 35 6 19 18 37 20 38 20 23 26 23 21 24 21 22 21 25 27 31 30 32 30 32 29 28 
[INFO] [1788235740.091892, 969.100000]: Replanning request. curr_vertex_idx: 34
[INFO] [1788235740.092852, 969.100000]:                     covered_vertices: ()
[INFO] [1788235740.093379, 969.100000]: Handle local replanning...
[INFO] [1788235740.094115, 969.100000]: curr path length: 46, is_loop length: 46
[INFO] [1788235740.094875, 969.100000]: Send new plan: 20 37 17 13 15 14 16 12 11 18 10 36 9 8 0 1 35 6 19 38 20 20(L) 38 26 21 24 23 22 25 27 31 32 30 29 28  ---> 33 38 38(L) 33 7 5 4 3 34 2 35(L) 
[INFO] [1788235744.236544, 973.200000]: Replanning request. curr_vertex_idx: 34
[INFO] [1788235744.237711, 973.200000]:                     covered_vertices: ()
[INFO] [1788235744.238357, 973.200000]: Handle local replanning...
[INFO] [1788235744.238802, 973.200000]: curr path length: 46, is_loop length: 46
[INFO] [1788235744.239234, 973.200000]: Send new plan: 20 37 17 13 15 14 16 12 11 18 10 36 9 8 0 1 35 6 19 38 20 20(L) 38 26 21 24 23 22 25 27 31 32 30 29 28  ---> 33 38 38(L) 33 7 5 4 3 34 2 35(L) 
[INFO] [1788235748.940569, 977.900000]: Really visited vertices: 20 37 17 13 15 14 15 16 17 12 17 11 18 10 36 9 36 8 0 35 1 35 6 19 18 37 20 38 20 23 26 23 21 24 21 22 21 25 27 31 30 32 30 32 29 28 
[INFO] [1788235749.884915, 978.900000]: Replanning request. curr_vertex_idx: 35
[INFO] [1788235749.885782, 978.900000]:                     covered_vertices: ()
[INFO] [1788235749.886567, 978.900000]: Handle local replanning...
[INFO] [1788235749.887224, 978.900000]: curr path length: 46, is_loop length: 46
[INFO] [1788235749.887932, 978.900000]: Send new plan: 20 37 17 13 15 14 16 12 11 18 10 36 9 8 0 1 35 6 19 38 20 20(L) 38 26 21 24 23 22 25 27 31 32 30 29 28 33  ---> 38 38(L) 33 7 5 4 3 34 2 35(L) 
[INFO] [1788235755.449739, 984.500000]: Really visited vertices: 20 37 17 13 15 14 15 16 17 12 17 11 18 10 36 9 36 8 0 35 1 35 6 19 18 37 20 38 20 23 26 23 21 24 21 22 21 25 27 31 30 32 30 32 29 28 
[INFO] [1788235755.873596, 984.900000]: PHASE4A_SELECTIVE_REPAIR vertex=38 span_m=3.13 planned_len_m=12.05 waypoints=24
[INFO] [1788235767.068213, 996.100000]: Really visited vertices: 20 37 17 13 15 14 15 16 17 12 17 11 18 10 36 9 36 8 0 35 1 35 6 19 18 37 20 38 20 23 26 23 21 24 21 22 21 25 27 31 30 32 30 32 29 28 33 
[INFO] [1788235773.542848, 1002.500000]: Really visited vertices: 20 37 17 13 15 14 15 16 17 12 17 11 18 10 36 9 36 8 0 35 1 35 6 19 18 37 20 38 20 23 26 23 21 24 21 22 21 25 27 31 30 32 30 32 29 28 33 
[INFO] [1788235778.841365, 1007.800000]: Really visited vertices: 20 37 17 13 15 14 15 16 17 12 17 11 18 10 36 9 36 8 0 35 1 35 6 19 18 37 20 38 20 23 26 23 21 24 21 22 21 25 27 31 30 32 30 32 29 28 33 38 
[INFO] [1788235876.465612, 1105.500000]: Replanning request. curr_vertex_idx: 37
[INFO] [1788235876.466777, 1105.500000]:                     covered_vertices: ()
[INFO] [1788235876.467734, 1105.500000]: curr path length: 46, is_loop length: 46
[INFO] [1788235876.468582, 1105.500000]: Send new plan: 20 37 17 13 15 14 16 12 11 18 10 36 9 8 0 1 35 6 19 38 20 20(L) 38 26 21 24 23 22 25 27 31 32 30 29 28 33 38 38(L)  ---> 33 7 5 4 3 34 2 35(L) 
[INFO] [1788235881.165572, 1110.200000]: Really visited vertices: 20 37 17 13 15 14 15 16 17 12 17 11 18 10 36 9 36 8 0 35 1 35 6 19 18 37 20 38 20 23 26 23 21 24 21 22 21 25 27 31 30 32 30 32 29 28 33 38 
[INFO] [1788235882.090039, 1111.100000]: Replanning request. curr_vertex_idx: 39
[INFO] [1788235882.091110, 1111.100000]:                     covered_vertices: ()
[INFO] [1788235882.092010, 1111.100000]: Handle local replanning...
[INFO] [1788235882.092881, 1111.100000]: Local path to replan: [7, 5, 4, 3, 34, 2, 35]
Original tsp path is better!
[INFO] [1788235882.107543, 1111.100000]: curr path length: 46, is_loop length: 46
[INFO] [1788235882.109127, 1111.100000]: Send new plan: 20 37 17 13 15 14 16 12 11 18 10 36 9 8 0 1 35 6 19 38 20 20(L) 38 26 21 24 23 22 25 27 31 32 30 29 28 33 38 38(L) 33 7  ---> 5 4 3 34 2 35(L) 
[INFO] [1788235887.161671, 1116.200000]: Really visited vertices: 20 37 17 13 15 14 15 16 17 12 17 11 18 10 36 9 36 8 0 35 1 35 6 19 18 37 20 38 20 23 26 23 21 24 21 22 21 25 27 31 30 32 30 32 29 28 33 38 
[INFO] [1788235887.892519, 1116.900000]: Replanning request. curr_vertex_idx: 39
[INFO] [1788235887.893533, 1116.900000]:                     covered_vertices: ()
[INFO] [1788235887.894176, 1116.900000]: Handle local replanning...
[INFO] [1788235887.894808, 1116.900000]: Local path to replan: [7, 5, 4, 3, 34, 2, 35]
Reverse tsp path is better!
[INFO] [1788235887.909316, 1116.900000]: curr path length: 46, is_loop length: 46
[INFO] [1788235887.910604, 1116.900000]: Send new plan: 20 37 17 13 15 14 16 12 11 18 10 36 9 8 0 1 35 6 19 38 20 20(L) 38 26 21 24 23 22 25 27 31 32 30 29 28 33 38 38(L) 33 7  ---> 5 4 3 34 2 35(L) 
[INFO] [1788235894.065002, 1123.100000]: Replanning request. curr_vertex_idx: 39
[INFO] [1788235894.066033, 1123.100000]:                     covered_vertices: ()
[INFO] [1788235894.066955, 1123.100000]: Handle local replanning...
[INFO] [1788235894.067715, 1123.100000]: Local path to replan: [7, 5, 4, 3, 34, 2, 35]
Reverse tsp path is better!
[INFO] [1788235894.080874, 1123.100000]: curr path length: 46, is_loop length: 46
[INFO] [1788235894.082089, 1123.100000]: Send new plan: 20 37 17 13 15 14 16 12 11 18 10 36 9 8 0 1 35 6 19 38 20 20(L) 38 26 21 24 23 22 25 27 31 32 30 29 28 33 38 38(L) 33 7  ---> 5 4 3 34 2 35(L) 
[INFO] [1788235898.850657, 1127.900000]: Really visited vertices: 20 37 17 13 15 14 15 16 17 12 17 11 18 10 36 9 36 8 0 35 1 35 6 19 18 37 20 38 20 23 26 23 21 24 21 22 21 25 27 31 30 32 30 32 29 28 33 38 
[INFO] [1788235899.945550, 1129.000000]: Replanning request. curr_vertex_idx: 39
[INFO] [1788235899.946735, 1129.000000]:                     covered_vertices: ()
[INFO] [1788235899.947699, 1129.000000]: Handle local replanning...
[INFO] [1788235899.948724, 1129.000000]: Local path to replan: [7, 5, 4, 3, 34, 2, 35]
Reverse tsp path is better!
[INFO] [1788235899.966057, 1129.000000]: curr path length: 46, is_loop length: 46
[INFO] [1788235899.967939, 1129.000000]: Send new plan: 20 37 17 13 15 14 16 12 11 18 10 36 9 8 0 1 35 6 19 38 20 20(L) 38 26 21 24 23 22 25 27 31 32 30 29 28 33 38 38(L) 33 7  ---> 5 4 3 34 2 35(L) 
[INFO] [1788235905.644053, 1134.600000]: Really visited vertices: 20 37 17 13 15 14 15 16 17 12 17 11 18 10 36 9 36 8 0 35 1 35 6 19 18 37 20 38 20 23 26 23 21 24 21 22 21 25 27 31 30 32 30 32 29 28 33 38 
[INFO] [1788235906.092966, 1135.100000]: Replanning request. curr_vertex_idx: 39
[INFO] [1788235906.093895, 1135.100000]:                     covered_vertices: ()
[INFO] [1788235906.094840, 1135.100000]: Handle local replanning...
[INFO] [1788235906.095570, 1135.100000]: Local path to replan: [7, 5, 4, 3, 34, 2, 35]
Reverse tsp path is better!
[INFO] [1788235906.108651, 1135.100000]: curr path length: 46, is_loop length: 46
[INFO] [1788235906.110158, 1135.100000]: Send new plan: 20 37 17 13 15 14 16 12 11 18 10 36 9 8 0 1 35 6 19 38 20 20(L) 38 26 21 24 23 22 25 27 31 32 30 29 28 33 38 38(L) 33 7  ---> 5 4 3 34 2 35(L) 
[INFO] [1788235911.561510, 1140.600000]: Really visited vertices: 20 37 17 13 15 14 15 16 17 12 17 11 18 10 36 9 36 8 0 35 1 35 6 19 18 37 20 38 20 23 26 23 21 24 21 22 21 25 27 31 30 32 30 32 29 28 33 38 
[INFO] [1788235912.234699, 1141.200000]: Replanning request. curr_vertex_idx: 39
[INFO] [1788235912.235607, 1141.200000]:                     covered_vertices: ()
[INFO] [1788235912.236251, 1141.200000]: Handle local replanning...
[INFO] [1788235912.236920, 1141.200000]: Local path to replan: [7, 5, 4, 3, 34, 2, 35]
Original tsp path is better!
[INFO] [1788235912.250529, 1141.300000]: curr path length: 46, is_loop length: 46
[INFO] [1788235912.251693, 1141.300000]: Send new plan: 20 37 17 13 15 14 16 12 11 18 10 36 9 8 0 1 35 6 19 38 20 20(L) 38 26 21 24 23 22 25 27 31 32 30 29 28 33 38 38(L) 33 7  ---> 5 4 3 34 2 35(L) 
concorde /tmp/tmpu6idl3km/problem.tsp
Host: msxg  Current process id: 126819
Using random seed 1788235917
Number of Nodes: 14
Explicit Lengths (CC_MATRIXNORM)
Set initial upperbound to 559 (from tour)
ERROR: No dual change in basis finding code
Did not find a basic optimal solution
Fractional matching routine failed
Warning: restarting running timer Miscellaneous
No warmstart, stumbling on anyway
Basic dual change required, but no candidate edges
  LP Value  1: 559.000000  (0.00 seconds)
New lower bound: 559.000000
Final lower bound 559.000000, upper bound 559.000000
Exact lower bound: 559.000000
DIFF: 0.000000
Final LP has 14 rows, 21 columns, 42 nonzeros
Optimal Solution: 559.00
Number of bbnodes: 1
Total Running Time: 0.00 (seconds)
[WARN] [1788235917.919404077, 1146.900000000]: No frontier at vertex 7. #Frontier: 0
concorde /tmp/tmpc14cdnqu/problem.tsp
Host: msxg  Current process id: 126888
Using random seed 1788235924
Number of Nodes: 12
Explicit Lengths (CC_MATRIXNORM)
Set initial upperbound to 560 (from tour)
ERROR: No dual change in basis finding code
Did not find a basic optimal solution
Fractional matching routine failed
Warning: restarting running timer Miscellaneous
No warmstart, stumbling on anyway
Basic dual change required, but no candidate edges
  LP Value  1: 560.000000  (0.00 seconds)
New lower bound: 560.000000
Final lower bound 560.000000, upper bound 560.000000
Exact lower bound: 560.000000
DIFF: 0.000000
Final LP has 12 rows, 13 columns, 26 nonzeros
Optimal Solution: 560.00
Number of bbnodes: 1
Total Running Time: 0.00 (seconds)
[INFO] [1788235908.551063857, 1137.600000000]: PHASE2C_KEYSCAN_ACCEPTED unique_id=876 state_id=876 sim_time=1137.500000
[INFO] [1788235909.871996130, 1138.900000000]: PHASE2C_KEYSCAN_ACCEPTED unique_id=877 state_id=877 sim_time=1138.900000
[INFO] [1788235911.210149829, 1140.200000000]: PHASE2C_KEYSCAN_ACCEPTED unique_id=878 state_id=878 sim_time=1140.200000
[INFO] [1788235912.670232467, 1141.700000000]: PHASE2C_KEYSCAN_ACCEPTED unique_id=879 state_id=879 sim_time=1141.700000
[INFO] [1788235913.997451377, 1143.000000000]: PHASE2C_KEYSCAN_ACCEPTED unique_id=880 state_id=880 sim_time=1143.000000
[INFO] [1788235915.365043553, 1144.400000000]: PHASE2C_KEYSCAN_ACCEPTED unique_id=881 state_id=881 sim_time=1144.400000
[INFO] [1788235916.797608558, 1145.800000000]: PHASE2C_KEYSCAN_ACCEPTED unique_id=882 state_id=882 sim_time=1145.800000
[INFO] [1788235918.065203062, 1147.100000000]: PHASE2C_KEYSCAN_ACCEPTED unique_id=883 state_id=883 sim_time=1147.100000
[INFO] [1788235918.989540517, 1148.000000000]: PHASE2C_KEYSCAN_ACCEPTED unique_id=884 state_id=884 sim_time=1148.000000
[INFO] [1788235919.661177119, 1148.700000000]: PHASE2C_KEYSCAN_ACCEPTED unique_id=885 state_id=885 sim_time=1148.700000
[INFO] [1788235920.374022128, 1149.400000000]: PHASE2C_KEYSCAN_ACCEPTED unique_id=886 state_id=886 sim_time=1149.400000
[INFO] [1788235921.999091517, 1151.000000000]: PHASE2C_KEYSCAN_ACCEPTED unique_id=887 state_id=887 sim_time=1150.900000
[INFO] [1788235923.278988680, 1152.300000000]: PHASE2C_KEYSCAN_ACCEPTED unique_id=888 state_id=888 sim_time=1152.300000
[INFO] [1788235924.640062870, 1153.600000000]: PHASE2C_KEYSCAN_ACCEPTED unique_id=889 state_id=889 sim_time=1153.600000
[INFO] [1788235925.879400937, 1154.900000000]: PHASE2C_KEYSCAN_ACCEPTED unique_id=890 state_id=890 sim_time=1154.900000
[INFO] [1788235927.137835131, 1156.100000000]: PHASE2C_KEYSCAN_ACCEPTED unique_id=891 state_id=891 sim_time=1156.100000
[INFO] [1788235928.374718034, 1157.400000000]: PHASE2C_KEYSCAN_ACCEPTED unique_id=892 state_id=892 sim_time=1157.400000
[INFO] [1788235929.712720555, 1158.700000000]: PHASE2C_KEYSCAN_ACCEPTED unique_id=893 state_id=893 sim_time=1158.600000
Warning: TF_REPEATED_DATA ignoring data with redundant timestamp for frame odom (parent offset) at time 1158.700000 according to authority unknown_publisher
         at line 277 in /tmp/binarydeb/ros-noetic-tf2-0.7.10/src/buffer_core.cpp
Warning: TF_REPEATED_DATA ignoring data with redundant timestamp for frame offset (parent map) at time 1158.700000 according to authority unknown_publisher
         at line 277 in /tmp/binarydeb/ros-noetic-tf2-0.7.10/src/buffer_core.cpp
Warning: TF_REPEATED_DATA ignoring data with redundant timestamp for frame odom (parent offset) at time 1158.700000 according to authority unknown_publisher
         at line 277 in /tmp/binarydeb/ros-noetic-tf2-0.7.10/src/buffer_core.cpp
Warning: TF_REPEATED_DATA ignoring data with redundant timestamp for frame odom (parent offset) at time 1158.700000 according to authority unknown_publisher
         at line 277 in /tmp/binarydeb/ros-noetic-tf2-0.7.10/src/buffer_core.cpp
Warning: TF_REPEATED_DATA ignoring data with redundant timestamp for frame offset (parent map) at time 1158.700000 according to authority unknown_publisher
         at line 277 in /tmp/binarydeb/ros-noetic-tf2-0.7.10/src/buffer_core.cpp
Warning: TF_REPEATED_DATA ignoring data with redundant timestamp for frame offset (parent map) at time 1158.700000 according to authority unknown_publisher
         at line 277 in /tmp/binarydeb/ros-noetic-tf2-0.7.10/src/buffer_core.cpp
[INFO] [1788235906.091641166, 1135.100000000]: Call local replanning...
[INFO] [1788235912.233414092, 1141.200000000]: Call local replanning...
[INFO] [1788235912.253040952, 1141.300000000]: Reach vertex 7
[INFO] [1788235912.264128599, 1141.300000000]: Explore Goal 7 's frontiers...
[INFO] [1788235917.901553969, 1146.900000000]: Call local replanning...
[INFO] [1788235917.919443363, 1146.900000000]: Set newGoal 5
[INFO] [1788235917.919457164, 1146.900000000]: Find middle goal point.
[INFO] [1788235924.101414457, 1153.100000000]: Call local replanning...
Warning: TF_REPEATED_DATA ignoring data with redundant timestamp for frame odom (parent offset) at time 1158.700000 according to authority unknown_publisher
         at line 277 in /tmp/binarydeb/ros-noetic-tf2-0.7.10/src/buffer_core.cpp
Warning: TF_REPEATED_DATA ignoring data with redundant timestamp for frame offset (parent map) at time 1158.700000 according to authority unknown_publisher
         at line 277 in /tmp/binarydeb/ros-noetic-tf2-0.7.10/src/buffer_core.cpp
[WARN] [1788235929.713111299, 1158.700000000]: TF_REPEATED_DATA ignoring data with redundant timestamp for frame odom (parent offset) at time 1158.700000 according to authority unknown_publisher
[WARN] [1788235929.713137717, 1158.700000000]: TF_REPEATED_DATA ignoring data with redundant timestamp for frame offset (parent map) at time 1158.700000 according to authority unknown_publisher
concorde /tmp/tmpdprpoo6e/problem.tsp
Host: msxg  Current process id: 126985
Using random seed 1788235930
Number of Nodes: 12
Explicit Lengths (CC_MATRIXNORM)
Set initial upperbound to 560 (from tour)
ERROR: No dual change in basis finding code
Did not find a basic optimal solution
Fractional matching routine failed
Warning: restarting running timer Miscellaneous
No warmstart, stumbling on anyway
Basic dual change required, but no candidate edges
  LP Value  1: 560.000000  (0.00 seconds)
New lower bound: 560.000000
Final lower bound 560.000000, upper bound 560.000000
Exact lower bound: 560.000000
DIFF: 0.000000
Final LP has 12 rows, 14 columns, 28 nonzeros
Optimal Solution: 560.00
Number of bbnodes: 1
Total Running Time: 0.00 (seconds)
[WARN] [1788235930.470216152, 1159.500000000]: Missed desired rate of 1.00Hz! Loop actually took 1.1000 seconds!
[INFO] [1788235931.056420872, 1160.100000000]: PHASE2C_KEYSCAN_ACCEPTED unique_id=894 state_id=894 sim_time=1160.100000
[INFO] [1788235932.288680194, 1161.300000000]: PHASE2C_KEYSCAN_ACCEPTED unique_id=895 state_id=895 sim_time=1161.300000
[INFO] [1788235933.661579065, 1162.700000000]: PHASE2C_KEYSCAN_ACCEPTED unique_id=896 state_id=896 sim_time=1162.700000
[INFO] [1788235934.888969054, 1163.900000000]: PHASE2C_KEYSCAN_ACCEPTED unique_id=897 state_id=897 sim_time=1163.900000
Warning: TF_REPEATED_DATA ignoring data with redundant timestamp for frame odom (parent offset) at time 1164.100000 according to authority unknown_publisher
         at line 277 in /tmp/binarydeb/ros-noetic-tf2-0.7.10/src/buffer_core.cpp
Warning: TF_REPEATED_DATA ignoring data with redundant timestamp for frame offset (parent map) at time 1164.100000 according to authority unknown_publisher
         at line Warning: 277 in TF_REPEATED_DATA ignoring data with redundant timestamp for frame odom (parent offset) at time 1164.100000 according to authority unknown_publisher/tmp/binarydeb/ros-noetic-tf2-0.7.10/src/buffer_core.cpp

         at line 277 in /tmp/binarydeb/ros-noetic-tf2-0.7.10/src/buffer_core.cpp
Warning: TF_REPEATED_DATA ignoring data with redundant timestamp for frame offset (parent map) at time 1164.100000 according to authority unknown_publisher
         at line 277 in /tmp/binarydeb/ros-noetic-tf2-0.7.10/src/buffer_core.cpp
[WARN] [1788235935.074656609, 1164.100000000]: TF_REPEATED_DATA ignoring data with redundant timestamp for frame odom (parent offset) at time 1164.100000 according to authority unknown_publisher
[WARN] [1788235935.074698162, 1164.100000000]: TF_REPEATED_DATA ignoring data with redundant timestamp for frame offset (parent map) at time 1164.100000 according to authority unknown_publisher
[INFO] [1788235930.348463661, 1159.400000000]: Call local replanning...
Warning: TF_REPEATED_DATA ignoring data with redundant timestamp for frame odom (parent offset) at time 1164.100000 according to authority unknown_publisher
         at line 277Warning:  in TF_REPEATED_DATA ignoring data with redundant timestamp for frame odom (parent offset) at time 1164.100000 according to authority unknown_publisher/tmp/binarydeb/ros-noetic-tf2-0.7.10/src/buffer_core.cpp

         at line 277 in /tmp/binarydeb/ros-noetic-tf2-0.7.10/src/buffer_core.cpp
Warning: TF_REPEATED_DATA ignoring data with redundant timestamp for frame offset (parent map) at time 1164.100000 according to authority unknown_publisher
         at line 277 in Warning: /tmp/binarydeb/ros-noetic-tf2-0.7.10/src/buffer_core.cppTF_REPEATED_DATA ignoring data with redundant timestamp for frame offset (parent map) at time 1164.100000 according to authority unknown_publisher

         at line 277 in /tmp/binarydeb/ros-noetic-tf2-0.7.10/src/buffer_core.cpp
concorde /tmp/tmplaqrlwu8/problem.tsp
Host: msxg  Current process id: 127043
Using random seed 1788235935
Number of Nodes: 12
Explicit Lengths (CC_MATRIXNORM)
Set initial upperbound to 518 (from tour)
ERROR: No dual change in basis finding code
Did not find a basic optimal solution
Fractional matching routine failed
Warning: restarting running timer Miscellaneous
No warmstart, stumbling on anyway
Basic dual change required, but no candidate edges
  LP Value  1: 518.000000  (0.00 seconds)
New lower bound: 518.000000
Final lower bound 518.000000, upper bound 518.000000
Exact lower bound: 518.000000
DIFF: 0.000000
Final LP has 12 rows, 14 columns, 28 nonzeros
Optimal Solution: 518.00
Number of bbnodes: 1
Total Running Time: 0.00 (seconds)
concorde /tmp/tmpaccno0el/problem.tsp
Host: msxg  Current process id: 127102
Using random seed 1788235941
Number of Nodes: 12
Explicit Lengths (CC_MATRIXNORM)
Set initial upperbound to 518 (from tour)
ERROR: No dual change in basis finding code
Did not find a basic optimal solution
Fractional matching routine failed
Warning: restarting running timer Miscellaneous
No warmstart, stumbling on anyway
Basic dual change required, but no candidate edges
  LP Value  1: 518.000000  (0.00 seconds)
New lower bound: 518.000000
Final lower bound 518.000000, upper bound 518.000000
Exact lower bound: 518.000000
DIFF: 0.000000
Final LP has 12 rows, 13 columns, 26 nonzeros
Optimal Solution: 518.00
Number of bbnodes: 1
Total Running Time: 0.00 (seconds)
[INFO] [1788235936.263469205, 1165.300000000]: PHASE2C_KEYSCAN_ACCEPTED unique_id=898 state_id=898 sim_time=1165.300000
[INFO] [1788235936.882774310, 1165.900000000]: PHASE2C_KEYSCAN_ACCEPTED unique_id=899 state_id=899 sim_time=1165.900000
[INFO] [1788235937.593572921, 1166.600000000]: PHASE2C_KEYSCAN_ACCEPTED unique_id=900 state_id=900 sim_time=1166.600000
[INFO] [1788235938.697685165, 1167.700000000]: PHASE2C_KEYSCAN_ACCEPTED unique_id=901 state_id=901 sim_time=1167.700000
[INFO] [1788235940.005082869, 1169.000000000]: PHASE2C_KEYSCAN_ACCEPTED unique_id=902 state_id=902 sim_time=1169.000000
[INFO] [1788235941.287188591, 1170.300000000]: PHASE2C_KEYSCAN_ACCEPTED unique_id=903 state_id=903 sim_time=1170.300000
[INFO] [1788235942.209498114, 1171.200000000]: PHASE2C_KEYSCAN_ACCEPTED unique_id=904 state_id=904 sim_time=1171.200000
[INFO] [1788235942.759979051, 1171.800000000]: PHASE2C_KEYSCAN_ACCEPTED unique_id=905 state_id=905 sim_time=1171.800000
[INFO] [1788235943.266678492, 1172.300000000]: PHASE2C_KEYSCAN_ACCEPTED unique_id=906 state_id=906 sim_time=1172.300000
[INFO] [1788235944.068119582, 1173.100000000]: PHASE2C_KEYSCAN_ACCEPTED unique_id=907 state_id=907 sim_time=1173.100000
[INFO] [1788235945.148563164, 1174.200000000]: PHASE2C_KEYSCAN_ACCEPTED unique_id=908 state_id=908 sim_time=1174.100000
[INFO] [1788235946.673497773, 1175.700000000]: PHASE2C_KEYSCAN_ACCEPTED unique_id=909 state_id=909 sim_time=1175.500000
[INFO] [1788235935.899210393, 1164.900000000]: Call local replanning...
[INFO] [1788235935.918339204, 1164.900000000]: Reach vertex 5
[INFO] [1788235935.922644607, 1164.900000000]: Explore Goal 5 's frontiers...
[INFO] [1788235941.092763712, 1170.100000000]: Call local replanning...
[INFO] [1788235941.119393781, 1170.100000000]: Explore Goal 5 's frontiers...
Warning: Warning: Warning: TF_REPEATED_DATA ignoring data with redundant timestamp for frame odom (parent offset) at time 1175.700000 according to authority unknown_publisherTF_REPEATED_DATA ignoring data with redundant timestamp for frame odom (parent offset) at time 1175.700000 according to authority unknown_publisher
         at line TF_REPEATED_DATA ignoring data with redundant timestamp for frame odom (parent offset) at time 1175.700000 according to authority unknown_publisher
277         at line  in 277 in 
/tmp/binarydeb/ros-noetic-tf2-0.7.10/src/buffer_core.cpp/tmp/binarydeb/ros-noetic-tf2-0.7.10/src/buffer_core.cpp
         at line 
277 in Warning: Warning: /tmp/binarydeb/ros-noetic-tf2-0.7.10/src/buffer_core.cppTF_REPEATED_DATA ignoring data with redundant timestamp for frame offset (parent map) at time 1175.700000 according to authority unknown_publisherTF_REPEATED_DATA ignoring data with redundant timestamp for frame offset (parent map) at time 1175.700000 according to authority unknown_publisher


         at line          at line 277277 in Warning:  in /tmp/binarydeb/ros-noetic-tf2-0.7.10/src/buffer_core.cppTF_REPEATED_DATA ignoring data with redundant timestamp for frame offset (parent map) at time 1175.700000 according to authority unknown_publisher/tmp/binarydeb/ros-noetic-tf2-0.7.10/src/buffer_core.cpp


         at line 277 in /tmp/binarydeb/ros-noetic-tf2-0.7.10/src/buffer_core.cpp
Warning: TF_REPEATED_DATA ignoring data with redundant timestamp for frame odom (parent offset) at time 1175.700000 according to authority unknown_publisher
         at line 277 in /tmp/binarydeb/ros-noetic-tf2-0.7.10/src/buffer_core.cpp
Warning: TF_REPEATED_DATA ignoring data with redundant timestamp for frame offset (parent map) at time 1175.700000 according to authority unknown_publisher[WARN] [1788235946.673885001, 1175.700000000]: TF_REPEATED_DATA ignoring data with redundant timestamp for frame odom (parent offset) at time 1175.700000 according to authority unknown_publisher

         at line 277 in /tmp/binarydeb/ros-noetic-tf2-0.7.10/src/buffer_core.cpp
[WARN] [1788235946.673909136, 1175.700000000]: TF_REPEATED_DATA ignoring data with redundant timestamp for frame offset (parent map) at time 1175.700000 according to authority unknown_publisher
concorde /tmp/tmporkk2t7h/problem.tsp
Host: msxg  Current process id: 127171
Using random seed 1788235947
Number of Nodes: 12
Explicit Lengths (CC_MATRIXNORM)
Set initial upperbound to 518 (from tour)
ERROR: No dual change in basis finding code
Did not find a basic optimal solution
Fractional matching routine failed
Warning: restarting running timer Miscellaneous
No warmstart, stumbling on anyway
Basic dual change required, but no candidate edges
  LP Value  1: 518.000000  (0.00 seconds)
New lower bound: 518.000000
Final lower bound 518.000000, upper bound 518.000000
Exact lower bound: 518.000000
DIFF: 0.000000
Final LP has 12 rows, 14 columns, 28 nonzeros
Optimal Solution: 518.00
Number of bbnodes: 1
Total Running Time: 0.00 (seconds)
[WARN] [1788235947.452966095, 1176.500000000]: Missed desired rate of 1.00Hz! Loop actually took 1.1000 seconds!
[INFO] [1788235947.902698959, 1176.900000000]: PHASE2C_KEYSCAN_ACCEPTED unique_id=910 state_id=910 sim_time=1176.800000
[INFO] [1788235949.176745417, 1178.200000000]: PHASE2C_KEYSCAN_ACCEPTED unique_id=911 state_id=911 sim_time=1178.200000
[INFO] [1788235950.500089817, 1179.500000000]: PHASE2C_KEYSCAN_ACCEPTED unique_id=912 state_id=912 sim_time=1179.400000
[INFO] [1788235951.664634574, 1180.700000000]: PHASE2C_KEYSCAN_ACCEPTED unique_id=913 state_id=913 sim_time=1180.600000
Warning: TF_REPEATED_DATA ignoring data with redundant timestamp for frame odom (parent offset) at time 1180.700000 according to authority unknown_publisher
         at line 277 in /tmp/binarydeb/ros-noetic-tf2-0.7.10/src/buffer_core.cpp
Warning: TF_REPEATED_DATA ignoring data with redundant timestamp for frame offset (parent map) at time 1180.700000 according to authority unknown_publisher
         at line 277 in /tmp/binarydeb/ros-noetic-tf2-0.7.10/src/buffer_core.cpp
[INFO] [1788235947.322388470, 1176.300000000]: Call local replanning...
[INFO] [1788235947.351371914, 1176.400000000]: Explore Goal 5 's frontiers...
Warning: Warning: TF_REPEATED_DATA ignoring data with redundant timestamp for frame odom (parent offset) at time 1180.700000 according to authority unknown_publisherTF_REPEATED_DATA ignoring data with redundant timestamp for frame odom (parent offset) at time 1180.700000 according to authority unknown_publisher

         at line          at line 277277 in  in /tmp/binarydeb/ros-noetic-tf2-0.7.10/src/buffer_core.cpp/tmp/binarydeb/ros-noetic-tf2-0.7.10/src/buffer_core.cpp

Warning: TF_REPEATED_DATA ignoring data with redundant timestamp for frame offset (parent map) at time 1180.700000 according to authority unknown_publisherWarning: 
TF_REPEATED_DATA ignoring data with redundant timestamp for frame offset (parent map) at time 1180.700000 according to authority unknown_publisher         at line 
277         at line  in [WARN] [1788235951.664826821, 1180.700000000]: TF_REPEATED_DATA ignoring data with redundant timestamp for frame odom (parent offset) at time 1180.700000 according to authority unknown_publisher
277/tmp/binarydeb/ros-noetic-tf2-0.7.10/src/buffer_core.cpp in 
/tmp/binarydeb/ros-noetic-tf2-0.7.10/src/buffer_core.cpp
[WARN] [1788235951.664850599, 1180.700000000]: TF_REPEATED_DATA ignoring data with redundant timestamp for frame offset (parent map) at time 1180.700000 according to authority unknown_publisher
Warning: TF_REPEATED_DATA ignoring data with redundant timestamp for frame odom (parent offset) at time 1180.700000 according to authority unknown_publisher
         at line 277 in /tmp/binarydeb/ros-noetic-tf2-0.7.10/src/buffer_core.cpp
Warning: TF_REPEATED_DATA ignoring data with redundant timestamp for frame offset (parent map) at time 1180.700000 according to authority unknown_publisher
         at line 277 in /tmp/binarydeb/ros-noetic-tf2-0.7.10/src/buffer_core.cpp
concorde /tmp/tmpl3hb3ncs/problem.tsp
Host: msxg  Current process id: 127219
Using random seed 1788235952
Number of Nodes: 12
Explicit Lengths (CC_MATRIXNORM)
Set initial upperbound to 518 (from tour)
ERROR: No dual change in basis finding code
Did not find a basic optimal solution
Fractional matching routine failed
Warning: restarting running timer Miscellaneous
No warmstart, stumbling on anyway
Basic dual change required, but no candidate edges
  LP Value  1: 518.000000  (0.00 seconds)
New lower bound: 518.000000
Final lower bound 518.000000, upper bound 518.000000
Exact lower bound: 518.000000
DIFF: 0.000000
Final LP has 12 rows, 13 columns, 26 nonzeros
Optimal Solution: 518.00
Number of bbnodes: 1
Total Running Time: 0.00 (seconds)
[WARN] [1788235952.138654691, 1181.100000000]: No frontier at vertex 5. #Frontier: 0
[INFO] [1788235953.242099650, 1182.200000000]: PHASE2C_KEYSCAN_ACCEPTED unique_id=914 state_id=914 sim_time=1182.200000
[INFO] [1788235953.786333260, 1182.800000000]: PHASE2C_KEYSCAN_ACCEPTED unique_id=915 state_id=915 sim_time=1182.800000
[INFO] [1788235954.310808951, 1183.300000000]: PHASE2C_KEYSCAN_ACCEPTED unique_id=916 state_id=916 sim_time=1183.300000
[INFO] [1788235955.003766913, 1184.000000000]: PHASE2C_KEYSCAN_ACCEPTED unique_id=917 state_id=917 sim_time=1184.000000
[INFO] [1788235955.652182021, 1184.700000000]: PHASE2C_KEYSCAN_ACCEPTED unique_id=918 state_id=918 sim_time=1184.500000
Warning: TF_REPEATED_DATA ignoring data with redundant timestamp for frame odom (parent offset) at time 1184.700000 according to authority unknown_publisher
         at line 277 in /tmp/binarydeb/ros-noetic-tf2-0.7.10/src/buffer_core.cpp
Warning: TF_REPEATED_DATA ignoring data with redundant timestamp for frame offset (parent map) at time 1184.700000 according to authority unknown_publisher
         at line 277 in /tmp/binarydeb/ros-noetic-tf2-0.7.10/src/buffer_core.cpp
Warning: TF_REPEATED_DATA ignoring data with redundant timestamp for frame odom (parent offset) at time 1184.700000 according to authority unknown_publisher
         at line 277 in /tmp/binarydeb/ros-noetic-tf2-0.7.10/src/buffer_core.cpp
Warning: TF_REPEATED_DATA ignoring data with redundant timestamp for frame offset (parent map) at time 1184.700000 according to authority unknown_publisher
         at line 277 in /tmp/binarydeb/ros-noetic-tf2-0.7.10/src/buffer_core.cpp
Warning: TF_REPEATED_DATA ignoring data with redundant timestamp for frame odom (parent offset) at time 1184.700000 according to authority unknown_publisher
         at line 277 in /tmp/binarydeb/ros-noetic-tf2-0.7.10/src/buffer_core.cpp
Warning: TF_REPEATED_DATA ignoring data with redundant timestamp for frame offset (parent map) at time 1184.700000 according to authority unknown_publisher
         at line 277 in /tmp/binarydeb/ros-noetic-tf2-0.7.10/src/buffer_core.cpp
[INFO] [1788235952.117699534, 1181.100000000]: Call local replanning...
[INFO] [1788235952.138689578, 1181.100000000]: Set newGoal 4
Warning: TF_REPEATED_DATA ignoring data with redundant timestamp for frame odom (parent offset) at time 1184.700000 according to authority unknown_publisher
         at line 277 in /tmp/binarydeb/ros-noetic-tf2-0.7.10/src/buffer_core.cpp
Warning: TF_REPEATED_DATA ignoring data with redundant timestamp for frame offset (parent map) at time 1184.700000 according to authority unknown_publisher
         at line 277 in /tmp/binarydeb/ros-noetic-tf2-0.7.10/src/buffer_core.cpp
[WARN] [1788235955.652625687, 1184.700000000]: TF_REPEATED_DATA ignoring data with redundant timestamp for frame odom (parent offset) at time 1184.700000 according to authority unknown_publisher
[WARN] [1788235955.652660795, 1184.700000000]: TF_REPEATED_DATA ignoring data with redundant timestamp for frame offset (parent map) at time 1184.700000 according to authority unknown_publisher
concorde /tmp/tmptzk5oxxm/problem.tsp
Host: msxg  Current process id: 127289
Using random seed 1788235958
Number of Nodes: 10
Explicit Lengths (CC_MATRIXNORM)
Set initial upperbound to 512 (from tour)
ERROR: No dual change in basis finding code
Did not find a basic optimal solution
Fractional matching routine failed
Warning: restarting running timer Miscellaneous
No warmstart, stumbling on anyway
Basic dual change required, but no candidate edges
  LP Value  1: 512.000000  (0.00 seconds)
New lower bound: 512.000000
Final lower bound 512.000000, upper bound 512.000000
Exact lower bound: 512.000000
DIFF: 0.000000
Final LP has 10 rows, 11 columns, 22 nonzeros
Optimal Solution: 512.00
Number of bbnodes: 1
Total Running Time: 0.00 (seconds)
[WARN] [1788235958.562347898, 1187.600000000]: Missed desired rate of 1.00Hz! Loop actually took 1.2000 seconds!
concorde /tmp/tmpvdupy8kn/problem.tsp
Host: msxg  Current process id: 127388
Using random seed 1788235964
Number of Nodes: 10
Explicit Lengths (CC_MATRIXNORM)
Set initial upperbound to 512 (from tour)
ERROR: No dual change in basis finding code
Did not find a basic optimal solution
Fractional matching routine failed
Warning: restarting running timer Miscellaneous
No warmstart, stumbling on anyway
Basic dual change required, but no candidate edges
  LP Value  1: 512.000000  (0.00 seconds)
New lower bound: 512.000000
Final lower bound 512.000000, upper bound 512.000000
Exact lower bound: 512.000000
DIFF: 0.000000
Final LP has 10 rows, 11 columns, 22 nonzeros
Optimal Solution: 512.00
Number of bbnodes: 1
Total Running Time: 0.00 (seconds)
[WARN] [1788235964.627672359, 1193.600000000]: Missed desired rate of 1.00Hz! Loop actually took 1.2000 seconds!
[INFO] [1788235956.210139587, 1185.200000000]: PHASE2C_KEYSCAN_ACCEPTED unique_id=919 state_id=919 sim_time=1185.200000
[INFO] [1788235957.377844999, 1186.400000000]: PHASE2C_KEYSCAN_ACCEPTED unique_id=920 state_id=920 sim_time=1186.400000
[INFO] [1788235958.850202548, 1187.900000000]: PHASE2C_KEYSCAN_ACCEPTED unique_id=921 state_id=921 sim_time=1187.800000
[INFO] [1788235959.968355281, 1189.000000000]: PHASE2C_KEYSCAN_ACCEPTED unique_id=922 state_id=922 sim_time=1189.000000
[INFO] [1788235961.496613466, 1190.500000000]: PHASE2C_KEYSCAN_ACCEPTED unique_id=923 state_id=923 sim_time=1190.400000
[INFO] [1788235962.575568379, 1191.600000000]: PHASE2C_KEYSCAN_ACCEPTED unique_id=924 state_id=924 sim_time=1191.600000
[INFO] [1788235964.095223850, 1193.100000000]: PHASE2C_KEYSCAN_ACCEPTED unique_id=925 state_id=925 sim_time=1193.000000
[INFO] [1788235965.271070408, 1194.300000000]: PHASE2C_KEYSCAN_ACCEPTED unique_id=926 state_id=926 sim_time=1194.300000
[INFO] [1788235966.638146917, 1195.600000000]: PHASE2C_KEYSCAN_ACCEPTED unique_id=927 state_id=927 sim_time=1195.600000
[INFO] [1788235967.764623316, 1196.800000000]: PHASE2C_KEYSCAN_ACCEPTED unique_id=928 state_id=928 sim_time=1196.800000
[INFO] [1788235969.187255330, 1198.200000000]: PHASE2C_KEYSCAN_ACCEPTED unique_id=929 state_id=929 sim_time=1198.200000
Warning: TF_REPEATED_DATA ignoring data with redundant timestamp for frame odom (parent offset) at time 1198.400000 according to authority unknown_publisher
         at line 277 in /tmp/binarydeb/ros-noetic-tf2-0.7.10/src/buffer_core.cpp
Warning: TF_REPEATED_DATA ignoring data with redundant timestamp for frame offset (parent map) at time 1198.400000 according to authority unknown_publisher
         at line 277 in /tmp/binarydeb/ros-noetic-tf2-0.7.10/src/buffer_core.cpp
Warning: TF_REPEATED_DATA ignoring data with redundant timestamp for frame odom (parent offset) at time 1198.400000 according to authority unknown_publisher
         at line 277 in [WARN] [1788235969.387147312, 1198.400000000]: TF_REPEATED_DATA ignoring data with redundant timestamp for frame odom (parent offset) at time 1198.400000 according to authority unknown_publisher
/tmp/binarydeb/ros-noetic-tf2-0.7.10/src/buffer_core.cpp
[INFO] [1788235958.438412203, 1187.400000000]: Call local replanning...
[INFO] [1788235964.506810386, 1193.500000000]: Call local replanning...
Warning: Warning: TF_REPEATED_DATA ignoring data with redundant timestamp for frame offset (parent map) at time 1198.400000 according to authority unknown_publisherTF_REPEATED_DATA ignoring data with redundant timestamp for frame odom (parent offset) at time 1198.400000 according to authority unknown_publisher

         at line [WARN] [1788235969.387179543, 1198.400000000]: TF_REPEATED_DATA ignoring data with redundant timestamp for frame offset (parent map) at time 1198.400000 according to authority unknown_publisher
         at line 277277 in  in /tmp/binarydeb/ros-noetic-tf2-0.7.10/src/buffer_core.cpp/tmp/binarydeb/ros-noetic-tf2-0.7.10/src/buffer_core.cpp

Warning: TF_REPEATED_DATA ignoring data with redundant timestamp for frame offset (parent map) at time 1198.400000 according to authority unknown_publisher
         at line 277 in /tmp/binarydeb/ros-noetic-tf2-0.7.10/src/buffer_core.cppWarning: 
TF_REPEATED_DATA ignoring data with redundant timestamp for frame odom (parent offset) at time 1198.400000 according to authority unknown_publisher
         at line 277 in /tmp/binarydeb/ros-noetic-tf2-0.7.10/src/buffer_core.cpp
Warning: TF_REPEATED_DATA ignoring data with redundant timestamp for frame offset (parent map) at time 1198.400000 according to authority unknown_publisher
         at line 277 in /tmp/binarydeb/ros-noetic-tf2-0.7.10/src/buffer_core.cpp
concorde /tmp/tmphcqiheky/problem.tsp
Host: msxg  Current process id: 127451
Using random seed 1788235969
Number of Nodes: 10
Explicit Lengths (CC_MATRIXNORM)
Set initial upperbound to 512 (from tour)
ERROR: No dual change in basis finding code
Did not find a basic optimal solution
Fractional matching routine failed
Warning: restarting running timer Miscellaneous
No warmstart, stumbling on anyway
Basic dual change required, but no candidate edges
  LP Value  1: 512.000000  (0.00 seconds)
New lower bound: 512.000000
Final lower bound 512.000000, upper bound 512.000000
Exact lower bound: 512.000000
DIFF: 0.000000
Final LP has 10 rows, 11 columns, 22 nonzeros
Optimal Solution: 512.00
Number of bbnodes: 1
Total Running Time: 0.00 (seconds)
Warning: TF_REPEATED_DATA ignoring data with redundant timestamp for frame odom (parent offset) at time 1204.100000 according to authority unknown_publisher
         at line 277 in /tmp/binarydeb/ros-noetic-tf2-0.7.10/src/buffer_core.cpp
[INFO] [1788235969.863282954, 1198.900000000]: Call local replanning...
[INFO] [1788235969.882267202, 1198.900000000]: Reach vertex 4
[INFO] [1788235969.891141008, 1198.900000000]: Explore Goal 4 's frontiers...
Warning: Warning: TF_REPEATED_DATA ignoring data with redundant timestamp for frame odom (parent offset) at time 1204.100000 according to authority unknown_publisherTF_REPEATED_DATA ignoring data with redundant timestamp for frame odom (parent offset) at time 1204.100000 according to authority unknown_publisher

         at line          at line 277 in 277/tmp/binarydeb/ros-noetic-tf2-0.7.10/src/buffer_core.cpp in 
/tmp/binarydeb/ros-noetic-tf2-0.7.10/src/buffer_core.cpp
Warning: Warning: TF_REPEATED_DATA ignoring data with redundant timestamp for frame offset (parent map) at time 1204.100000 according to authority unknown_publisherTF_REPEATED_DATA ignoring data with redundant timestamp for frame offset (parent map) at time 1204.100000 according to authority unknown_publisher

         at line          at line 277277 in  in /tmp/binarydeb/ros-noetic-tf2-0.7.10/src/buffer_core.cpp/tmp/binarydeb/ros-noetic-tf2-0.7.10/src/buffer_core.cpp

[WARN] [1788235975.081981172, 1204.100000000]: TF_REPEATED_DATA ignoring data with redundant timestamp for frame odom (parent offset) at time 1204.100000 according to authority unknown_publisher
[INFO] [1788235970.764830851, 1199.800000000]: PHASE2C_KEYSCAN_ACCEPTED unique_id=930 state_id=930 sim_time=1199.800000
[INFO] [1788235972.192709295, 1201.200000000]: PHASE2C_KEYSCAN_ACCEPTED unique_id=931 state_id=931 sim_time=1201.200000
[INFO] [1788235973.466711203, 1202.500000000]: PHASE2C_KEYSCAN_ACCEPTED unique_id=932 state_id=932 sim_time=1202.500000
[INFO] [1788235974.885748466, 1203.900000000]: PHASE2C_KEYSCAN_ACCEPTED unique_id=933 state_id=933 sim_time=1203.900000
Warning: TF_REPEATED_DATA ignoring data with redundant timestamp for frame odom (parent offset) at time 1204.100000 according to authority unknown_publisher
         at line 277 in /tmp/binarydeb/ros-noetic-tf2-0.7.10/src/buffer_core.cpp
Warning: TF_REPEATED_DATA ignoring data with redundant timestamp for frame offset (parent map) at time 1204.100000 according to authority unknown_publisher
         at line 277 in /tmp/binarydeb/ros-noetic-tf2-0.7.10/src/buffer_core.cpp
[WARN] [1788235975.082027561, 1204.100000000]: TF_REPEATED_DATA ignoring data with redundant timestamp for frame offset (parent map) at time 1204.100000 according to authority unknown_publisher
Warning: TF_REPEATED_DATA ignoring data with redundant timestamp for frame offset (parent map) at time 1204.100000 according to authority unknown_publisher
         at line 277 in /tmp/binarydeb/ros-noetic-tf2-0.7.10/src/buffer_core.cpp
concorde /tmp/tmpymgxzz8b/problem.tsp
Host: msxg  Current process id: 127499
Using random seed 1788235975
Number of Nodes: 10
Explicit Lengths (CC_MATRIXNORM)
Set initial upperbound to 512 (from tour)
ERROR: No dual change in basis finding code
Did not find a basic optimal solution
Fractional matching routine failed
Warning: restarting running timer Miscellaneous
No warmstart, stumbling on anyway
Basic dual change required, but no candidate edges
  LP Value  1: 512.000000  (0.00 seconds)
New lower bound: 512.000000
Final lower bound 512.000000, upper bound 512.000000
Exact lower bound: 512.000000
DIFF: 0.000000
Final LP has 10 rows, 11 columns, 22 nonzeros
Optimal Solution: 512.00
Number of bbnodes: 1
Total Running Time: 0.00 (seconds)
[INFO] [1788235917.168112, 1146.200000]: Really visited vertices: 20 37 17 13 15 14 15 16 17 12 17 11 18 10 36 9 36 8 0 35 1 35 6 19 18 37 20 38 20 23 26 23 21 24 21 22 21 25 27 31 30 32 30 32 29 28 33 38 7 
[INFO] [1788235917.902726, 1146.900000]: Replanning request. curr_vertex_idx: 39
[INFO] [1788235917.903697, 1146.900000]:                     covered_vertices: ()
[INFO] [1788235917.904217, 1146.900000]: Handle local replanning...
[INFO] [1788235917.904685, 1146.900000]: Local path to replan: [7, 5, 4, 3, 34, 2, 35]
Original tsp path is better!
[INFO] [1788235917.917092, 1146.900000]: curr path length: 46, is_loop length: 46
[INFO] [1788235917.918232, 1146.900000]: Send new plan: 20 37 17 13 15 14 16 12 11 18 10 36 9 8 0 1 35 6 19 38 20 20(L) 38 26 21 24 23 22 25 27 31 32 30 29 28 33 38 38(L) 33 7  ---> 5 4 3 34 2 35(L) 
[INFO] [1788235923.637260, 1152.600000]: Really visited vertices: 20 37 17 13 15 14 15 16 17 12 17 11 18 10 36 9 36 8 0 35 1 35 6 19 18 37 20 38 20 23 26 23 21 24 21 22 21 25 27 31 30 32 30 32 29 28 33 38 7 
[INFO] [1788235924.102550, 1153.100000]: Replanning request. curr_vertex_idx: 40
[INFO] [1788235924.103553, 1153.100000]:                     covered_vertices: ()
[INFO] [1788235924.104306, 1153.100000]: Handle local replanning...
[INFO] [1788235924.104989, 1153.100000]: Local path to replan: [5, 4, 3, 34, 2, 35]
Original tsp path is better!
[INFO] [1788235924.117494, 1153.100000]: curr path length: 46, is_loop length: 46
[INFO] [1788235924.118491, 1153.100000]: Send new plan: 20 37 17 13 15 14 16 12 11 18 10 36 9 8 0 1 35 6 19 38 20 20(L) 38 26 21 24 23 22 25 27 31 32 30 29 28 33 38 38(L) 33 7 5  ---> 4 3 34 2 35(L) 
[INFO] [1788235930.349695, 1159.400000]: Replanning request. curr_vertex_idx: 40
[INFO] [1788235930.350795, 1159.400000]:                     covered_vertices: ()
[INFO] [1788235930.351711, 1159.400000]: Handle local replanning...
[INFO] [1788235930.352342, 1159.400000]: Local path to replan: [5, 4, 3, 34, 2, 35]
Reverse tsp path is better!
[INFO] [1788235930.366060, 1159.400000]: curr path length: 46, is_loop length: 46
[INFO] [1788235930.367547, 1159.400000]: Send new plan: 20 37 17 13 15 14 16 12 11 18 10 36 9 8 0 1 35 6 19 38 20 20(L) 38 26 21 24 23 22 25 27 31 32 30 29 28 33 38 38(L) 33 7 5  ---> 4 3 34 2 35(L) 
[INFO] [1788235935.075266, 1164.100000]: Really visited vertices: 20 37 17 13 15 14 15 16 17 12 17 11 18 10 36 9 36 8 0 35 1 35 6 19 18 37 20 38 20 23 26 23 21 24 21 22 21 25 27 31 30 32 30 32 29 28 33 38 7 5 
[INFO] [1788235935.900280, 1164.900000]: Replanning request. curr_vertex_idx: 40
[INFO] [1788235935.901207, 1164.900000]:                     covered_vertices: ()
[INFO] [1788235935.901878, 1164.900000]: Handle local replanning...
[INFO] [1788235935.902511, 1164.900000]: Local path to replan: [5, 4, 3, 34, 2, 35]
Reverse tsp path is better!
[INFO] [1788235935.916103, 1164.900000]: curr path length: 46, is_loop length: 46
[INFO] [1788235935.917477, 1164.900000]: Send new plan: 20 37 17 13 15 14 16 12 11 18 10 36 9 8 0 1 35 6 19 38 20 20(L) 38 26 21 24 23 22 25 27 31 32 30 29 28 33 38 38(L) 33 7 5  ---> 4 3 34 2 35(L) 
[INFO] [1788235941.093925, 1170.100000]: Replanning request. curr_vertex_idx: 40
[INFO] [1788235941.094889, 1170.100000]:                     covered_vertices: ()
[INFO] [1788235941.095775, 1170.100000]: Handle local replanning...
[INFO] [1788235941.096681, 1170.100000]: Local path to replan: [5, 4, 3, 34, 2, 35]
Original tsp path is better!
[INFO] [1788235941.109931, 1170.100000]: curr path length: 46, is_loop length: 46
[INFO] [1788235941.111163, 1170.100000]: Send new plan: 20 37 17 13 15 14 16 12 11 18 10 36 9 8 0 1 35 6 19 38 20 20(L) 38 26 21 24 23 22 25 27 31 32 30 29 28 33 38 38(L) 33 7 5  ---> 4 3 34 2 35(L) 
[INFO] [1788235947.323630, 1176.300000]: Replanning request. curr_vertex_idx: 40
[INFO] [1788235947.324676, 1176.300000]:                     covered_vertices: ()
[INFO] [1788235947.325383, 1176.300000]: Handle local replanning...
[INFO] [1788235947.326137, 1176.300000]: Local path to replan: [5, 4, 3, 34, 2, 35]
Reverse tsp path is better!
[INFO] [1788235947.340024, 1176.300000]: curr path length: 46, is_loop length: 46
[INFO] [1788235947.341573, 1176.300000]: Send new plan: 20 37 17 13 15 14 16 12 11 18 10 36 9 8 0 1 35 6 19 38 20 20(L) 38 26 21 24 23 22 25 27 31 32 30 29 28 33 38 38(L) 33 7 5  ---> 4 3 34 2 35(L) 
[INFO] [1788235952.118926, 1181.100000]: Replanning request. curr_vertex_idx: 40
[INFO] [1788235952.120014, 1181.100000]:                     covered_vertices: ()
[INFO] [1788235952.120947, 1181.100000]: Handle local replanning...
[INFO] [1788235952.121771, 1181.100000]: Local path to replan: [5, 4, 3, 34, 2, 35]
Original tsp path is better!
[INFO] [1788235952.136429, 1181.100000]: curr path length: 46, is_loop length: 46
[INFO] [1788235952.137709, 1181.100000]: Send new plan: 20 37 17 13 15 14 16 12 11 18 10 36 9 8 0 1 35 6 19 38 20 20(L) 38 26 21 24 23 22 25 27 31 32 30 29 28 33 38 38(L) 33 7 5  ---> 4 3 34 2 35(L) 
[INFO] [1788235957.750887, 1186.800000]: Really visited vertices: 20 37 17 13 15 14 15 16 17 12 17 11 18 10 36 9 36 8 0 35 1 35 6 19 18 37 20 38 20 23 26 23 21 24 21 22 21 25 27 31 30 32 30 32 29 28 33 38 7 5 
[INFO] [1788235958.439786, 1187.400000]: Replanning request. curr_vertex_idx: 41
[INFO] [1788235958.440727, 1187.400000]:                     covered_vertices: ()
[INFO] [1788235958.441428, 1187.400000]: Handle local replanning...
[INFO] [1788235958.442057, 1187.400000]: Local path to replan: [4, 3, 34, 2, 35]
Reverse tsp path is better!
[INFO] [1788235958.455356, 1187.500000]: curr path length: 46, is_loop length: 46
[INFO] [1788235958.456417, 1187.500000]: Send new plan: 20 37 17 13 15 14 16 12 11 18 10 36 9 8 0 1 35 6 19 38 20 20(L) 38 26 21 24 23 22 25 27 31 32 30 29 28 33 38 38(L) 33 7 5 4  ---> 3 34 2 35(L) 
[INFO] [1788235964.507971, 1193.500000]: Replanning request. curr_vertex_idx: 41
[INFO] [1788235964.508729, 1193.500000]:                     covered_vertices: ()
[INFO] [1788235964.509284, 1193.500000]: Handle local replanning...
[INFO] [1788235964.509804, 1193.500000]: Local path to replan: [4, 3, 34, 2, 35]
Original tsp path is better!
[INFO] [1788235964.523211, 1193.500000]: curr path length: 46, is_loop length: 46
[INFO] [1788235964.524468, 1193.500000]: Send new plan: 20 37 17 13 15 14 16 12 11 18 10 36 9 8 0 1 35 6 19 38 20 20(L) 38 26 21 24 23 22 25 27 31 32 30 29 28 33 38 38(L) 33 7 5 4  ---> 3 34 2 35(L) 
[INFO] [1788235969.386255, 1198.400000]: Really visited vertices: 20 37 17 13 15 14 15 16 17 12 17 11 18 10 36 9 36 8 0 35 1 35 6 19 18 37 20 38 20 23 26 23 21 24 21 22 21 25 27 31 30 32 30 32 29 28 33 38 7 5 
[INFO] [1788235969.864302, 1198.900000]: Replanning request. curr_vertex_idx: 41
[INFO] [1788235969.865145, 1198.900000]:                     covered_vertices: ()
[INFO] [1788235969.865973, 1198.900000]: Handle local replanning...
[INFO] [1788235969.866775, 1198.900000]: Local path to replan: [4, 3, 34, 2, 35]
Original tsp path is better!
[INFO] [1788235969.880027, 1198.900000]: curr path length: 46, is_loop length: 46
[INFO] [1788235969.881207, 1198.900000]: Send new plan: 20 37 17 13 15 14 16 12 11 18 10 36 9 8 0 1 35 6 19 38 20 20(L) 38 26 21 24 23 22 25 27 31 32 30 29 28 33 38 38(L) 33 7 5 4  ---> 3 34 2 35(L) 
[INFO] [1788235975.082437, 1204.100000]: Really visited vertices: 20 37 17 13 15 14 15 16 17 12 17 11 18 10 36 9 36 8 0 35 1 35 6 19 18 37 20 38 20 23 26 23 21 24 21 22 21 25 27 31 30 32 30 32 29 28 33 38 7 5 4 
[INFO] [1788235975.923104, 1204.900000]: Replanning request. curr_vertex_idx: 41
[INFO] [1788235975.923910, 1204.900000]:                     covered_vertices: ()
[INFO] [1788235975.924653, 1204.900000]: Handle local replanning...
[INFO] [1788235975.925271, 1204.900000]: Local path to replan: [4, 3, 34, 2, 35]
Original tsp path is better!
[INFO] [1788235975.939146, 1204.900000]: curr path length: 46, is_loop length: 46
[INFO] [1788235975.940559, 1204.900000]: Send new plan: 20 37 17 13 15 14 16 12 11 18 10 36 9 8 0 1 35 6 19 38 20 20(L) 38 26 21 24 23 22 25 27 31 32 30 29 28 33 38 38(L) 33 7 5 4  ---> 3 34 2 35(L) 
concorde /tmp/tmp26hebex_/problem.tsp
Host: msxg  Current process id: 127535
Using random seed 1788235978
Number of Nodes: 10
Explicit Lengths (CC_MATRIXNORM)
Set initial upperbound to 512 (from tour)
ERROR: No dual change in basis finding code
Did not find a basic optimal solution
Fractional matching routine failed
Warning: restarting running timer Miscellaneous
No warmstart, stumbling on anyway
Basic dual change required, but no candidate edges
  LP Value  1: 512.000000  (0.00 seconds)
New lower bound: 512.000000
Final lower bound 512.000000, upper bound 512.000000
Exact lower bound: 512.000000
DIFF: 0.000000
Final LP has 10 rows, 11 columns, 22 nonzeros
Optimal Solution: 512.00
Number of bbnodes: 1
Total Running Time: 0.00 (seconds)
concorde /tmp/tmpi72dgnal/problem.tsp
Host: msxg  Current process id: 127560
Using random seed 1788235980
Number of Nodes: 10
Explicit Lengths (CC_MATRIXNORM)
Set initial upperbound to 512 (from tour)
ERROR: No dual change in basis finding code
Did not find a basic optimal solution
Fractional matching routine failed
Warning: restarting running timer Miscellaneous
No warmstart, stumbling on anyway
Basic dual change required, but no candidate edges
  LP Value  1: 512.000000  (0.00 seconds)
New lower bound: 512.000000
Final lower bound 512.000000, upper bound 512.000000
Exact lower bound: 512.000000
DIFF: 0.000000
Final LP has 10 rows, 11 columns, 22 nonzeros
Optimal Solution: 512.00
Number of bbnodes: 1
Total Running Time: 0.00 (seconds)
[WARN] [1788235980.650102435, 1209.700000000]: Missed desired rate of 1.00Hz! Loop actually took 1.3000 seconds!
concorde /tmp/tmpq87evw49/problem.tsp
Host: msxg  Current process id: 127607
Using random seed 1788235986
Number of Nodes: 10
Explicit Lengths (CC_MATRIXNORM)
Set initial upperbound to 512 (from tour)
ERROR: No dual change in basis finding code
Did not find a basic optimal solution
Fractional matching routine failed
Warning: restarting running timer Miscellaneous
No warmstart, stumbling on anyway
Basic dual change required, but no candidate edges
  LP Value  1: 512.000000  (0.00 seconds)
New lower bound: 512.000000
Final lower bound 512.000000, upper bound 512.000000
Exact lower bound: 512.000000
DIFF: 0.000000
Final LP has 10 rows, 11 columns, 22 nonzeros
Optimal Solution: 512.00
Number of bbnodes: 1
Total Running Time: 0.00 (seconds)
[WARN] [1788235986.663070499, 1215.700000000]: Missed desired rate of 1.00Hz! Loop actually took 1.3000 seconds!
[INFO] [1788235976.167437337, 1205.200000000]: PHASE2C_KEYSCAN_ACCEPTED unique_id=934 state_id=934 sim_time=1205.200000
[INFO] [1788235977.882570226, 1206.900000000]: PHASE2C_KEYSCAN_ACCEPTED unique_id=935 state_id=935 sim_time=1206.500000
[INFO] [1788235979.362299666, 1208.400000000]: PHASE2C_KEYSCAN_ACCEPTED unique_id=936 state_id=936 sim_time=1208.400000
[INFO] [1788235979.898335021, 1208.900000000]: PHASE2C_KEYSCAN_ACCEPTED unique_id=937 state_id=937 sim_time=1208.900000
[INFO] [1788235980.453038755, 1209.500000000]: PHASE2C_KEYSCAN_ACCEPTED unique_id=938 state_id=938 sim_time=1209.500000
[INFO] [1788235981.259404429, 1210.300000000]: PHASE2C_KEYSCAN_ACCEPTED unique_id=939 state_id=939 sim_time=1210.300000
[INFO] [1788235982.713975148, 1211.700000000]: PHASE2C_KEYSCAN_ACCEPTED unique_id=940 state_id=940 sim_time=1211.700000
[INFO] [1788235984.078618605, 1213.100000000]: PHASE2C_KEYSCAN_ACCEPTED unique_id=941 state_id=941 sim_time=1213.100000
[INFO] [1788235985.891483024, 1214.900000000]: PHASE2C_KEYSCAN_ACCEPTED unique_id=942 state_id=942 sim_time=1214.500000
[INFO] [1788235986.857927461, 1215.900000000]: PHASE2C_KEYSCAN_ACCEPTED unique_id=943 state_id=943 sim_time=1215.900000
[INFO] [1788235988.340582092, 1217.300000000]: PHASE2C_KEYSCAN_ACCEPTED unique_id=944 state_id=944 sim_time=1217.300000
[INFO] [1788235989.463249689, 1218.500000000]: PHASE2C_KEYSCAN_ACCEPTED unique_id=945 state_id=945 sim_time=1218.500000
[INFO] [1788235990.926715699, 1219.900000000]: PHASE2C_KEYSCAN_ACCEPTED unique_id=946 state_id=946 sim_time=1219.900000
Warning: TF_REPEATED_DATA ignoring data with redundant timestamp for frame odom (parent offset) at time 1220.100000 according to authority unknown_publisher
         at line 277 in /tmp/binarydeb/ros-noetic-tf2-0.7.10/src/buffer_core.cpp
Warning: TF_REPEATED_DATA ignoring data with redundant timestamp for frame offset (parent map) at time 1220.100000 according to authority unknown_publisher
         at line 277 in /tmp/binarydeb/ros-noetic-tf2-0.7.10/src/buffer_core.cpp
Warning: TF_REPEATED_DATA ignoring data with redundant timestamp for frame odom (parent offset) at time 1220.100000 according to authority unknown_publisher
         at line 277 in /tmp/binarydeb/ros-noetic-tf2-0.7.10/src/buffer_core.cpp
Warning: TF_REPEATED_DATA ignoring data with redundant timestamp for frame offset (parent map) at time 1220.100000 according to authority unknown_publisher
         at line 277 in /tmp/binarydeb/ros-noetic-tf2-0.7.10/src/buffer_core.cpp
[INFO] [1788235975.921980403, 1204.900000000]: Call local replanning...
[INFO] [1788235975.945853364, 1205.000000000]: Explore Goal 4 's frontiers...
[INFO] [1788235978.288574359, 1207.300000000]: Call local replanning...
[INFO] [1788235978.310117727, 1207.300000000]: Explore Goal 4 's frontiers...
[INFO] [1788235980.515236601, 1209.500000000]: Call local replanning...
[INFO] [1788235980.546232320, 1209.600000000]: Explore Goal 4 's frontiers...
[INFO] [1788235986.529794944, 1215.500000000]: Call local replanning...
[INFO] [1788235986.559393303, 1215.600000000]: Explore Goal 4 's frontiers...
Warning: TF_REPEATED_DATA ignoring data with redundant timestamp for frame odom (parent offset) at time 1220.100000 according to authority unknown_publisher
         at line 277 in /tmp/binarydeb/ros-noetic-tf2-0.7.10/src/buffer_core.cpp
Warning: Warning: TF_REPEATED_DATA ignoring data with redundant timestamp for frame odom (parent offset) at time 1220.100000 according to authority unknown_publisherTF_REPEATED_DATA ignoring data with redundant timestamp for frame offset (parent map) at time 1220.100000 according to authority unknown_publisher

         at line          at line 277277 in [WARN] [1788235991.136358746, 1220.100000000]: TF_REPEATED_DATA ignoring data with redundant timestamp for frame odom (parent offset) at time 1220.100000 according to authority unknown_publisher
 in /tmp/binarydeb/ros-noetic-tf2-0.7.10/src/buffer_core.cpp/tmp/binarydeb/ros-noetic-tf2-0.7.10/src/buffer_core.cpp

Warning: TF_REPEATED_DATA ignoring data with redundant timestamp for frame offset (parent map) at time 1220.100000 according to authority unknown_publisher
         at line 277 in /tmp/binarydeb/ros-noetic-tf2-0.7.10/src/buffer_core.cpp
[WARN] [1788235991.136398124, 1220.100000000]: TF_REPEATED_DATA ignoring data with redundant timestamp for frame offset (parent map) at time 1220.100000 according to authority unknown_publisher
concorde /tmp/tmpu6863whe/problem.tsp
Host: msxg  Current process id: 127681
Using random seed 1788235991
Number of Nodes: 10
Explicit Lengths (CC_MATRIXNORM)
Set initial upperbound to 512 (from tour)
ERROR: No dual change in basis finding code
Did not find a basic optimal solution
Fractional matching routine failed
Warning: restarting running timer Miscellaneous
No warmstart, stumbling on anyway
Basic dual change required, but no candidate edges
  LP Value  1: 512.000000  (0.00 seconds)
New lower bound: 512.000000
Final lower bound 512.000000, upper bound 512.000000
Exact lower bound: 512.000000
DIFF: 0.000000
Final LP has 10 rows, 11 columns, 22 nonzeros
Optimal Solution: 512.00
Number of bbnodes: 1
Total Running Time: 0.00 (seconds)
concorde /tmp/tmpjth4y26e/problem.tsp
Host: msxg  Current process id: 127717
Using random seed 1788235994
Number of Nodes: 10
Explicit Lengths (CC_MATRIXNORM)
Set initial upperbound to 512 (from tour)
ERROR: No dual change in basis finding code
Did not find a basic optimal solution
Fractional matching routine failed
Warning: restarting running timer Miscellaneous
No warmstart, stumbling on anyway
Basic dual change required, but no candidate edges
  LP Value  1: 512.000000  (0.00 seconds)
New lower bound: 512.000000
Final lower bound 512.000000, upper bound 512.000000
Exact lower bound: 512.000000
DIFF: 0.000000
Final LP has 10 rows, 11 columns, 22 nonzeros
Optimal Solution: 512.00
Number of bbnodes: 1
Total Running Time: 0.00 (seconds)
[WARN] [1788235994.325356076, 1223.300000000]: No frontier at vertex 4. #Frontier: 0
concorde /tmp/tmpoz6ky1y0/problem.tsp
Host: msxg  Current process id: 127775
Using random seed 1788236000
Number of Nodes: 8
Explicit Lengths (CC_MATRIXNORM)
Optimal Solution: 387.00
Total Running Time: 0.00 (seconds)
[WARN] [1788236000.648132238, 1229.700000000]: Missed desired rate of 1.00Hz! Loop actually took 1.3000 seconds!
concorde /tmp/tmpcettfsmt/problem.tsp
Host: msxg  Current process id: 127833
Using random seed 1788236005
Number of Nodes: 8
Explicit Lengths (CC_MATRIXNORM)
Optimal Solution: 387.00
Total Running Time: 0.00 (seconds)
[INFO] [1788235992.172083040, 1221.200000000]: PHASE2C_KEYSCAN_ACCEPTED unique_id=947 state_id=947 sim_time=1221.200000
[INFO] [1788235993.901159331, 1222.900000000]: PHASE2C_KEYSCAN_ACCEPTED unique_id=948 state_id=948 sim_time=1222.500000
[INFO] [1788235994.960310886, 1224.000000000]: PHASE2C_KEYSCAN_ACCEPTED unique_id=949 state_id=949 sim_time=1224.000000
[INFO] [1788235995.569394971, 1224.600000000]: PHASE2C_KEYSCAN_ACCEPTED unique_id=950 state_id=950 sim_time=1224.600000
[INFO] [1788235996.239875565, 1225.200000000]: PHASE2C_KEYSCAN_ACCEPTED unique_id=951 state_id=951 sim_time=1225.200000
[INFO] [1788235996.669802496, 1225.700000000]: PHASE2C_KEYSCAN_ACCEPTED unique_id=952 state_id=952 sim_time=1225.700000
[INFO] [1788235997.367541466, 1226.400000000]: PHASE2C_KEYSCAN_ACCEPTED unique_id=953 state_id=953 sim_time=1226.400000
[INFO] [1788235998.803219648, 1227.800000000]: PHASE2C_KEYSCAN_ACCEPTED unique_id=954 state_id=954 sim_time=1227.800000
[INFO] [1788236000.276800232, 1229.300000000]: PHASE2C_KEYSCAN_ACCEPTED unique_id=955 state_id=955 sim_time=1229.300000
[INFO] [1788236001.620301895, 1230.600000000]: PHASE2C_KEYSCAN_ACCEPTED unique_id=956 state_id=956 sim_time=1230.600000
[INFO] [1788236002.394449574, 1231.400000000]: PHASE2C_KEYSCAN_ACCEPTED unique_id=957 state_id=957 sim_time=1231.400000
[INFO] [1788236003.901574660, 1232.900000000]: PHASE2C_KEYSCAN_ACCEPTED unique_id=958 state_id=958 sim_time=1232.900000
[INFO] [1788236005.090528853, 1234.100000000]: PHASE2C_KEYSCAN_ACCEPTED unique_id=959 state_id=959 sim_time=1234.100000
[INFO] [1788236006.503188183, 1235.500000000]: PHASE2C_KEYSCAN_ACCEPTED unique_id=960 state_id=960 sim_time=1235.500000
[INFO] [1788236007.656610683, 1236.700000000]: PHASE2C_KEYSCAN_ACCEPTED unique_id=961 state_id=961 sim_time=1236.700000
[INFO] [1788236009.087907701, 1238.100000000]: PHASE2C_KEYSCAN_ACCEPTED unique_id=962 state_id=962 sim_time=1238.100000
[INFO] [1788236010.464361593, 1239.500000000]: PHASE2C_KEYSCAN_ACCEPTED unique_id=963 state_id=963 sim_time=1239.500000
Warning: TF_REPEATED_DATA ignoring data with redundant timestamp for frame odom (parent offset) at time 1240.700000 according to authority unknown_publisher
         at line 277 in /tmp/binarydeb/ros-noetic-tf2-0.7.10/src/buffer_core.cpp
Warning: TF_REPEATED_DATA ignoring data with redundant timestamp for frame offset (parent map) at time 1240.700000 according to authority unknown_publisher
         at line 277 in /tmp/binarydeb/ros-noetic-tf2-0.7.10/src/buffer_core.cpp
Warning: TF_REPEATED_DATA ignoring data with redundant timestamp for frame odom (parent offset) at time 1240.700000 according to authority unknown_publisher
         at line 277 in /tmp/binarydeb/ros-noetic-tf2-0.7.10/src/buffer_core.cpp
Warning: TF_REPEATED_DATA ignoring data with redundant timestamp for frame offset (parent map) at time 1240.700000 according to authority unknown_publisher
         at line 277 in /tmp/binarydeb/ros-noetic-tf2-0.7.10/src/buffer_core.cpp
[INFO] [1788235991.934663156, 1220.900000000]: Call local replanning...
[INFO] [1788235991.956548030, 1221.000000000]: Explore Goal 4 's frontiers...
[INFO] [1788235994.307159498, 1223.300000000]: Call local replanning...
[INFO] [1788235994.325394903, 1223.300000000]: Set newGoal 3
[INFO] [1788236000.528288895, 1229.500000000]: Call local replanning...
[INFO] [1788236005.957161251, 1235.000000000]: Call local replanning...
Warning: TF_REPEATED_DATA ignoring data with redundant timestamp for frame odom (parent offset) at time 1240.700000 according to authority unknown_publisher
         at line 277 in /tmp/binarydeb/ros-noetic-tf2-0.7.10/src/buffer_core.cpp
Warning: TF_REPEATED_DATA ignoring data with redundant timestamp for frame offset (parent map) at time 1240.700000 according to authority unknown_publisher
         at line 277 in Warning: /tmp/binarydeb/ros-noetic-tf2-0.7.10/src/buffer_core.cpp
TF_REPEATED_DATA ignoring data with redundant timestamp for frame odom (parent offset) at time 1240.700000 according to authority unknown_publisher
         at line 277 in /tmp/binarydeb/ros-noetic-tf2-0.7.10/src/buffer_core.cpp
Warning: TF_REPEATED_DATA ignoring data with redundant timestamp for frame offset (parent map) at time 1240.700000 according to authority unknown_publisher
[WARN] [1788236011.659524863, 1240.700000000]: TF_REPEATED_DATA ignoring data with redundant timestamp for frame odom (parent offset) at time 1240.700000 according to authority unknown_publisher
         at line 277 in /tmp/binarydeb/ros-noetic-tf2-0.7.10/src/buffer_core.cpp
[WARN] [1788236011.659549036, 1240.700000000]: TF_REPEATED_DATA ignoring data with redundant timestamp for frame offset (parent map) at time 1240.700000 according to authority unknown_publisher
concorde /tmp/tmpy8xf0her/problem.tsp
Host: msxg  Current process id: 127881
Using random seed 1788236012
Number of Nodes: 8
Explicit Lengths (CC_MATRIXNORM)
Optimal Solution: 387.00
Total Running Time: 0.00 (seconds)
[INFO] [1788236011.782455614, 1240.800000000]: PHASE2C_KEYSCAN_ACCEPTED unique_id=964 state_id=964 sim_time=1240.800000
[INFO] [1788236013.167366977, 1242.200000000]: PHASE2C_KEYSCAN_ACCEPTED unique_id=965 state_id=965 sim_time=1242.200000
[INFO] [1788236014.723338629, 1243.700000000]: PHASE2C_KEYSCAN_ACCEPTED unique_id=966 state_id=966 sim_time=1243.700000
[INFO] [1788236016.068340856, 1245.100000000]: PHASE2C_KEYSCAN_ACCEPTED unique_id=967 state_id=967 sim_time=1245.100000
Warning: TF_REPEATED_DATA ignoring data with redundant timestamp for frame odom (parent offset) at time 1245.700000 according to authority unknown_publisher
         at line 277 in /tmp/binarydeb/ros-noetic-tf2-0.7.10/src/buffer_core.cpp
Warning: TF_REPEATED_DATA ignoring data with redundant timestamp for frame offset (parent map) at time 1245.700000 according to authority unknown_publisher
         at line 277 in /tmp/binarydeb/ros-noetic-tf2-0.7.10/src/buffer_core.cpp
Warning: TF_REPEATED_DATA ignoring data with redundant timestamp for frame odom (parent offset) at time 1245.700000 according to authority unknown_publisher
         at line 277 in /tmp/binarydeb/ros-noetic-tf2-0.7.10/src/buffer_core.cpp
Warning: TF_REPEATED_DATA ignoring data with redundant timestamp for frame offset (parent map) at time 1245.700000 according to authority unknown_publisher
         at line 277 in /tmp/binarydeb/ros-noetic-tf2-0.7.10/src/buffer_core.cpp
Warning: TF_REPEATED_DATA ignoring data with redundant timestamp for frame odom (parent offset) at time 1245.700000 according to authority unknown_publisher
         at line 277 in /tmp/binarydeb/ros-noetic-tf2-0.7.10/src/buffer_core.cpp
Warning: TF_REPEATED_DATA ignoring data with redundant timestamp for frame offset (parent map) at time 1245.700000 according to authority unknown_publisher
         at line 277 in /tmp/binarydeb/ros-noetic-tf2-0.7.10/src/buffer_core.cpp
[INFO] [1788236012.124935226, 1241.100000000]: Call local replanning...
[INFO] [1788236012.142014864, 1241.100000000]: Reach vertex 3
[INFO] [1788236012.147620182, 1241.200000000]: Explore Goal 3 's frontiers...
[WARN] [1788236016.647455455, 1245.700000000]: TF_REPEATED_DATA ignoring data with redundant timestamp for frame odom (parent offset) at time 1245.700000 according to authority unknown_publisher
Warning: TF_REPEATED_DATA ignoring data with redundant timestamp for frame odom (parent offset) at time 1245.700000 according to authority unknown_publisher
         at line 277 in /tmp/binarydeb/ros-noetic-tf2-0.7.10/src/buffer_core.cpp
Warning: TF_REPEATED_DATA ignoring data with redundant timestamp for frame offset (parent map) at time 1245.700000 according to authority unknown_publisher
         at line 277 in /tmp/binarydeb/ros-noetic-tf2-0.7.10/src/buffer_core.cpp
[WARN] [1788236016.647510314, 1245.700000000]: TF_REPEATED_DATA ignoring data with redundant timestamp for frame offset (parent map) at time 1245.700000 according to authority unknown_publisher
concorde /tmp/tmphufxujcl/problem.tsp
Host: msxg  Current process id: 127944
Using random seed 1788236017
Number of Nodes: 8
Explicit Lengths (CC_MATRIXNORM)
Optimal Solution: 387.00
Total Running Time: 0.00 (seconds)
concorde /tmp/tmpyl169veo/problem.tsp
Host: msxg  Current process id: 128041
Using random seed 1788236022
Number of Nodes: 8
Explicit Lengths (CC_MATRIXNORM)
Optimal Solution: 387.00
Total Running Time: 0.00 (seconds)
concorde /tmp/tmpmlbzslht/problem.tsp
Host: msxg  Current process id: 128107
Using random seed 1788236029
Number of Nodes: 8
Explicit Lengths (CC_MATRIXNORM)
Optimal Solution: 387.00
Total Running Time: 0.00 (seconds)
[WARN] [1788236029.346724847, 1258.400000000]: No frontier at vertex 3. #Frontier: 0
[INFO] [1788236017.384822107, 1246.400000000]: PHASE2C_KEYSCAN_ACCEPTED unique_id=968 state_id=968 sim_time=1246.400000
[INFO] [1788236018.172467511, 1247.200000000]: PHASE2C_KEYSCAN_ACCEPTED unique_id=969 state_id=969 sim_time=1247.200000
[INFO] [1788236018.679630421, 1247.700000000]: PHASE2C_KEYSCAN_ACCEPTED unique_id=970 state_id=970 sim_time=1247.700000
[INFO] [1788236019.430465150, 1248.400000000]: PHASE2C_KEYSCAN_ACCEPTED unique_id=971 state_id=971 sim_time=1248.400000
[INFO] [1788236020.065273300, 1249.100000000]: PHASE2C_KEYSCAN_ACCEPTED unique_id=972 state_id=972 sim_time=1249.100000
[INFO] [1788236020.573503436, 1249.600000000]: PHASE2C_KEYSCAN_ACCEPTED unique_id=973 state_id=973 sim_time=1249.600000
[INFO] [1788236021.809468418, 1250.800000000]: PHASE2C_KEYSCAN_ACCEPTED unique_id=974 state_id=974 sim_time=1250.700000
[INFO] [1788236023.071939562, 1252.100000000]: PHASE2C_KEYSCAN_ACCEPTED unique_id=975 state_id=975 sim_time=1252.100000
[INFO] [1788236024.612587244, 1253.600000000]: PHASE2C_KEYSCAN_ACCEPTED unique_id=976 state_id=976 sim_time=1253.500000
[INFO] [1788236026.072132401, 1255.100000000]: PHASE2C_KEYSCAN_ACCEPTED unique_id=977 state_id=977 sim_time=1255.100000
[INFO] [1788236027.405221692, 1256.400000000]: PHASE2C_KEYSCAN_ACCEPTED unique_id=978 state_id=978 sim_time=1256.400000
[INFO] [1788236028.971147374, 1258.000000000]: PHASE2C_KEYSCAN_ACCEPTED unique_id=979 state_id=979 sim_time=1258.000000
[INFO] [1788236030.290221696, 1259.300000000]: PHASE2C_KEYSCAN_ACCEPTED unique_id=980 state_id=980 sim_time=1259.300000
[INFO] [1788236030.774219780, 1259.800000000]: PHASE2C_KEYSCAN_ACCEPTED unique_id=981 state_id=981 sim_time=1259.800000
[INFO] [1788236031.378049739, 1260.400000000]: PHASE2C_KEYSCAN_ACCEPTED unique_id=982 state_id=982 sim_time=1260.400000
[INFO] [1788236032.066158006, 1261.100000000]: PHASE2C_KEYSCAN_ACCEPTED unique_id=983 state_id=983 sim_time=1261.100000
[INFO] [1788236032.815490640, 1261.800000000]: PHASE2C_KEYSCAN_ACCEPTED unique_id=984 state_id=984 sim_time=1261.700000
[INFO] [1788236033.495799472, 1262.500000000]: PHASE2C_KEYSCAN_ACCEPTED unique_id=985 state_id=985 sim_time=1262.500000
Warning: TF_REPEATED_DATA ignoring data with redundant timestamp for frame odom (parent offset) at time 1263.700000 according to authority unknown_publisher
         at line 277 in /tmp/binarydeb/ros-noetic-tf2-0.7.10/src/buffer_core.cpp
Warning: Warning: TF_REPEATED_DATA ignoring data with redundant timestamp for frame odom (parent offset) at time 1263.700000 according to authority unknown_publisherTF_REPEATED_DATA ignoring data with redundant timestamp for frame offset (parent map) at time 1263.700000 according to authority unknown_publisher

[INFO] [1788236017.113966483, 1246.100000000]: Call local replanning...
[INFO] [1788236017.140140216, 1246.100000000]: Explore Goal 3 's frontiers...
[INFO] [1788236022.916079146, 1251.900000000]: Call local replanning...
[INFO] [1788236022.947855062, 1252.000000000]: Explore Goal 3 's frontiers...
[INFO] [1788236029.328588353, 1258.300000000]: Call local replanning...
[INFO] [1788236029.346768700, 1258.400000000]: Set newGoal 34
         at line          at line Warning: 277277TF_REPEATED_DATA ignoring data with redundant timestamp for frame odom (parent offset) at time 1263.700000 according to authority unknown_publisher in  in 
/tmp/binarydeb/ros-noetic-tf2-0.7.10/src/buffer_core.cpp/tmp/binarydeb/ros-noetic-tf2-0.7.10/src/buffer_core.cpp         at line 

277 in /tmp/binarydeb/ros-noetic-tf2-0.7.10/src/buffer_core.cpp
Warning: TF_REPEATED_DATA ignoring data with redundant timestamp for frame offset (parent map) at time 1263.700000 according to authority unknown_publisher
Warning:          at line TF_REPEATED_DATA ignoring data with redundant timestamp for frame offset (parent map) at time 1263.700000 according to authority unknown_publisher277
 in          at line /tmp/binarydeb/ros-noetic-tf2-0.7.10/src/buffer_core.cpp277
 in /tmp/binarydeb/ros-noetic-tf2-0.7.10/src/buffer_core.cpp
[WARN] [1788236034.671225497, 1263.700000000]: TF_REPEATED_DATA ignoring data with redundant timestamp for frame odom (parent offset) at time 1263.700000 according to authority unknown_publisher
Warning: TF_REPEATED_DATA ignoring data with redundant timestamp for frame odom (parent offset) at time 1263.700000 according to authority unknown_publisher
[WARN] [1788236034.671249404, 1263.700000000]: TF_REPEATED_DATA ignoring data with redundant timestamp for frame offset (parent map) at time 1263.700000 according to authority unknown_publisher
         at line 277 in /tmp/binarydeb/ros-noetic-tf2-0.7.10/src/buffer_core.cpp
Warning: TF_REPEATED_DATA ignoring data with redundant timestamp for frame offset (parent map) at time 1263.700000 according to authority unknown_publisher
         at line 277 in /tmp/binarydeb/ros-noetic-tf2-0.7.10/src/buffer_core.cpp
concorde /tmp/tmpizwizq39/problem.tsp
Host: msxg  Current process id: 128166
Using random seed 1788236035
Number of Nodes: 6
Explicit Lengths (CC_MATRIXNORM)
Optimal Solution: 245.00
Total Running Time: 0.00 (seconds)
[INFO] [1788236035.182627147, 1264.200000000]: PHASE2C_KEYSCAN_ACCEPTED unique_id=986 state_id=986 sim_time=1264.100000
[INFO] [1788236036.603150198, 1265.600000000]: PHASE2C_KEYSCAN_ACCEPTED unique_id=987 state_id=987 sim_time=1265.600000
[INFO] [1788236038.048747893, 1267.100000000]: PHASE2C_KEYSCAN_ACCEPTED unique_id=988 state_id=988 sim_time=1267.000000
[INFO] [1788236039.387699313, 1268.400000000]: PHASE2C_KEYSCAN_ACCEPTED unique_id=989 state_id=989 sim_time=1268.400000
Warning: TF_REPEATED_DATA ignoring data with redundant timestamp for frame odom (parent offset) at time 1269.700000 according to authority unknown_publisher
         at line 277 in /tmp/binarydeb/ros-noetic-tf2-0.7.10/src/buffer_core.cpp
Warning: TF_REPEATED_DATA ignoring data with redundant timestamp for frame offset (parent map) at time 1269.700000 according to authority unknown_publisher
         at line 277 in /tmp/binarydeb/ros-noetic-tf2-0.7.10/src/buffer_core.cpp
[INFO] [1788236035.181816747, 1264.200000000]: Call local replanning...
Warning: TF_REPEATED_DATA ignoring data with redundant timestamp for frame odom (parent offset) at time 1269.700000 according to authority unknown_publisher
         at line 277 in /tmp/binarydeb/ros-noetic-tf2-0.7.10/src/buffer_core.cpp
Warning: TF_REPEATED_DATA ignoring data with redundant timestamp for frame offset (parent map) at time 1269.700000 according to authority unknown_publisher
         at line 277 in /tmp/binarydeb/ros-noetic-tf2-0.7.10/src/buffer_core.cpp
[WARN] [1788236040.654784519, 1269.700000000]: TF_REPEATED_DATA ignoring data with redundant timestamp for frame odom (parent offset) at time 1269.700000 according to authority unknown_publisher
Warning: [WARN] [1788236040.654816229, 1269.700000000]: TF_REPEATED_DATA ignoring data with redundant timestamp for frame offset (parent map) at time 1269.700000 according to authority unknown_publisher
TF_REPEATED_DATA ignoring data with redundant timestamp for frame odom (parent offset) at time 1269.700000 according to authority unknown_publisher
         at line 277 in /tmp/binarydeb/ros-noetic-tf2-0.7.10/src/buffer_core.cpp
Warning: TF_REPEATED_DATA ignoring data with redundant timestamp for frame offset (parent map) at time 1269.700000 according to authority unknown_publisher
         at line 277 in /tmp/binarydeb/ros-noetic-tf2-0.7.10/src/buffer_core.cpp
Warning: TF_REPEATED_DATA ignoring data with redundant timestamp for frame odom (parent offset) at time 1269.700000 according to authority unknown_publisher
         at line 277 in /tmp/binarydeb/ros-noetic-tf2-0.7.10/src/buffer_core.cpp
Warning: TF_REPEATED_DATA ignoring data with redundant timestamp for frame offset (parent map) at time 1269.700000 according to authority unknown_publisher
         at line 277 in /tmp/binarydeb/ros-noetic-tf2-0.7.10/src/buffer_core.cpp
[INFO] [1788235978.289733, 1207.300000]: Replanning request. curr_vertex_idx: 41
[INFO] [1788235978.290497, 1207.300000]:                     covered_vertices: ()
[INFO] [1788235978.291240, 1207.300000]: Handle local replanning...
[INFO] [1788235978.292084, 1207.300000]: Local path to replan: [4, 3, 34, 2, 35]
Original tsp path is better!
[INFO] [1788235978.305255, 1207.300000]: curr path length: 46, is_loop length: 46
[INFO] [1788235978.306618, 1207.300000]: Send new plan: 20 37 17 13 15 14 16 12 11 18 10 36 9 8 0 1 35 6 19 38 20 20(L) 38 26 21 24 23 22 25 27 31 32 30 29 28 33 38 38(L) 33 7 5 4  ---> 3 34 2 35(L) 
[INFO] [1788235980.516621, 1209.500000]: Replanning request. curr_vertex_idx: 41
[INFO] [1788235980.517556, 1209.500000]:                     covered_vertices: ()
[INFO] [1788235980.518139, 1209.500000]: Handle local replanning...
[INFO] [1788235980.518622, 1209.500000]: Local path to replan: [4, 3, 34, 2, 35]
Original tsp path is better!
[INFO] [1788235980.531509, 1209.500000]: curr path length: 46, is_loop length: 46
[INFO] [1788235980.532493, 1209.500000]: Send new plan: 20 37 17 13 15 14 16 12 11 18 10 36 9 8 0 1 35 6 19 38 20 20(L) 38 26 21 24 23 22 25 27 31 32 30 29 28 33 38 38(L) 33 7 5 4  ---> 3 34 2 35(L) 
[INFO] [1788235986.530998, 1215.500000]: Replanning request. curr_vertex_idx: 41
[INFO] [1788235986.531898, 1215.500000]:                     covered_vertices: ()
[INFO] [1788235986.532555, 1215.500000]: Handle local replanning...
[INFO] [1788235986.533128, 1215.500000]: Local path to replan: [4, 3, 34, 2, 35]
Reverse tsp path is better!
[INFO] [1788235986.547659, 1215.600000]: curr path length: 46, is_loop length: 46
[INFO] [1788235986.548671, 1215.600000]: Send new plan: 20 37 17 13 15 14 16 12 11 18 10 36 9 8 0 1 35 6 19 38 20 20(L) 38 26 21 24 23 22 25 27 31 32 30 29 28 33 38 38(L) 33 7 5 4  ---> 3 34 2 35(L) 
[INFO] [1788235991.136700, 1220.100000]: Really visited vertices: 20 37 17 13 15 14 15 16 17 12 17 11 18 10 36 9 36 8 0 35 1 35 6 19 18 37 20 38 20 23 26 23 21 24 21 22 21 25 27 31 30 32 30 32 29 28 33 38 7 5 4 
[INFO] [1788235991.935942, 1220.900000]: Replanning request. curr_vertex_idx: 41
[INFO] [1788235991.936692, 1220.900000]:                     covered_vertices: ()
[INFO] [1788235991.937232, 1220.900000]: Handle local replanning...
[INFO] [1788235991.937732, 1220.900000]: Local path to replan: [4, 3, 34, 2, 35]
Original tsp path is better!
[INFO] [1788235991.951630, 1221.000000]: curr path length: 46, is_loop length: 46
[INFO] [1788235991.952538, 1221.000000]: Send new plan: 20 37 17 13 15 14 16 12 11 18 10 36 9 8 0 1 35 6 19 38 20 20(L) 38 26 21 24 23 22 25 27 31 32 30 29 28 33 38 38(L) 33 7 5 4  ---> 3 34 2 35(L) 
[INFO] [1788235994.308490, 1223.300000]: Replanning request. curr_vertex_idx: 41
[INFO] [1788235994.309290, 1223.300000]:                     covered_vertices: ()
[INFO] [1788235994.309920, 1223.300000]: Handle local replanning...
[INFO] [1788235994.310433, 1223.300000]: Local path to replan: [4, 3, 34, 2, 35]
Reverse tsp path is better!
[INFO] [1788235994.323723, 1223.300000]: curr path length: 46, is_loop length: 46
[INFO] [1788235994.324700, 1223.300000]: Send new plan: 20 37 17 13 15 14 16 12 11 18 10 36 9 8 0 1 35 6 19 38 20 20(L) 38 26 21 24 23 22 25 27 31 32 30 29 28 33 38 38(L) 33 7 5 4  ---> 3 34 2 35(L) 
[INFO] [1788236000.529509, 1229.500000]: Replanning request. curr_vertex_idx: 42
[INFO] [1788236000.530328, 1229.500000]:                     covered_vertices: ()
[INFO] [1788236000.530917, 1229.500000]: Handle local replanning...
[INFO] [1788236000.531451, 1229.500000]: Local path to replan: [3, 34, 2, 35]
Original tsp path is better!
[INFO] [1788236000.543061, 1229.500000]: curr path length: 46, is_loop length: 46
[INFO] [1788236000.544139, 1229.500000]: Send new plan: 20 37 17 13 15 14 16 12 11 18 10 36 9 8 0 1 35 6 19 38 20 20(L) 38 26 21 24 23 22 25 27 31 32 30 29 28 33 38 38(L) 33 7 5 4 3  ---> 34 2 35(L) 
[INFO] [1788236005.482732, 1234.500000]: Really visited vertices: 20 37 17 13 15 14 15 16 17 12 17 11 18 10 36 9 36 8 0 35 1 35 6 19 18 37 20 38 20 23 26 23 21 24 21 22 21 25 27 31 30 32 30 32 29 28 33 38 7 5 4 
[INFO] [1788236005.958319, 1235.000000]: Replanning request. curr_vertex_idx: 42
[INFO] [1788236005.959191, 1235.000000]:                     covered_vertices: ()
[INFO] [1788236005.959674, 1235.000000]: Handle local replanning...
[INFO] [1788236005.960279, 1235.000000]: Local path to replan: [3, 34, 2, 35]
Original tsp path is better!
[INFO] [1788236005.971477, 1235.000000]: curr path length: 46, is_loop length: 46
[INFO] [1788236005.972262, 1235.000000]: Send new plan: 20 37 17 13 15 14 16 12 11 18 10 36 9 8 0 1 35 6 19 38 20 20(L) 38 26 21 24 23 22 25 27 31 32 30 29 28 33 38 38(L) 33 7 5 4 3  ---> 34 2 35(L) 
[INFO] [1788236012.126246, 1241.100000]: Replanning request. curr_vertex_idx: 42
[INFO] [1788236012.127230, 1241.100000]:                     covered_vertices: ()
[INFO] [1788236012.128017, 1241.100000]: Handle local replanning...
[INFO] [1788236012.128707, 1241.100000]: Local path to replan: [3, 34, 2, 35]
Original tsp path is better!
[INFO] [1788236012.140147, 1241.100000]: curr path length: 46, is_loop length: 46
[INFO] [1788236012.141145, 1241.100000]: Send new plan: 20 37 17 13 15 14 16 12 11 18 10 36 9 8 0 1 35 6 19 38 20 20(L) 38 26 21 24 23 22 25 27 31 32 30 29 28 33 38 38(L) 33 7 5 4 3  ---> 34 2 35(L) 
[INFO] [1788236017.115223, 1246.100000]: Replanning request. curr_vertex_idx: 42
[INFO] [1788236017.116090, 1246.100000]:                     covered_vertices: ()
[INFO] [1788236017.116790, 1246.100000]: Handle local replanning...
[INFO] [1788236017.117589, 1246.100000]: Local path to replan: [3, 34, 2, 35]
Original tsp path is better!
[INFO] [1788236017.129629, 1246.100000]: curr path length: 46, is_loop length: 46
[INFO] [1788236017.130873, 1246.100000]: Send new plan: 20 37 17 13 15 14 16 12 11 18 10 36 9 8 0 1 35 6 19 38 20 20(L) 38 26 21 24 23 22 25 27 31 32 30 29 28 33 38 38(L) 33 7 5 4 3  ---> 34 2 35(L) 
[INFO] [1788236022.199382, 1251.200000]: Really visited vertices: 20 37 17 13 15 14 15 16 17 12 17 11 18 10 36 9 36 8 0 35 1 35 6 19 18 37 20 38 20 23 26 23 21 24 21 22 21 25 27 31 30 32 30 32 29 28 33 38 7 5 4 3 
[INFO] [1788236022.917431, 1251.900000]: Replanning request. curr_vertex_idx: 42
[INFO] [1788236022.918467, 1251.900000]:                     covered_vertices: ()
[INFO] [1788236022.918941, 1251.900000]: Handle local replanning...
[INFO] [1788236022.919575, 1251.900000]: Local path to replan: [3, 34, 2, 35]
Original tsp path is better!
[INFO] [1788236022.936151, 1251.900000]: curr path length: 46, is_loop length: 46
[INFO] [1788236022.937770, 1251.900000]: Send new plan: 20 37 17 13 15 14 16 12 11 18 10 36 9 8 0 1 35 6 19 38 20 20(L) 38 26 21 24 23 22 25 27 31 32 30 29 28 33 38 38(L) 33 7 5 4 3  ---> 34 2 35(L) 
[INFO] [1788236029.329800, 1258.300000]: Replanning request. curr_vertex_idx: 42
[INFO] [1788236029.330541, 1258.300000]:                     covered_vertices: ()
[INFO] [1788236029.331233, 1258.300000]: Handle local replanning...
[INFO] [1788236029.331973, 1258.300000]: Local path to replan: [3, 34, 2, 35]
Original tsp path is better!
[INFO] [1788236029.343687, 1258.300000]: curr path length: 46, is_loop length: 46
[INFO] [1788236029.345240, 1258.300000]: Send new plan: 20 37 17 13 15 14 16 12 11 18 10 36 9 8 0 1 35 6 19 38 20 20(L) 38 26 21 24 23 22 25 27 31 32 30 29 28 33 38 38(L) 33 7 5 4 3  ---> 34 2 35(L) 
[INFO] [1788236035.183230, 1264.200000]: Replanning request. curr_vertex_idx: 43
[INFO] [1788236035.184165, 1264.200000]:                     covered_vertices: ()
[INFO] [1788236035.184811, 1264.200000]: Handle local replanning...
[INFO] [1788236035.185494, 1264.200000]: Local path to replan: [34, 2, 35]
Original tsp path is better!
[INFO] [1788236035.197564, 1264.200000]: curr path length: 46, is_loop length: 46
[INFO] [1788236035.198914, 1264.200000]: Send new plan: 20 37 17 13 15 14 16 12 11 18 10 36 9 8 0 1 35 6 19 38 20 20(L) 38 26 21 24 23 22 25 27 31 32 30 29 28 33 38 38(L) 33 7 5 4 3 34  ---> 2 35(L) 
[INFO] [1788236041.177589, 1270.200000]: Replanning request. curr_vertex_idx: 43
concorde /tmp/tmpiuszzegu/problem.tsp
Host: msxg  Current process id: 128224
Using random seed 1788236041
Number of Nodes: 6
Explicit Lengths (CC_MATRIXNORM)
Optimal Solution: 245.00
Total Running Time: 0.00 (seconds)
concorde /tmp/tmptjb4mebo/problem.tsp
Host: msxg  Current process id: 128260
Using random seed 1788236046
Number of Nodes: 6
Explicit Lengths (CC_MATRIXNORM)
Optimal Solution: 245.00
Total Running Time: 0.00 (seconds)
concorde /tmp/tmpwekw1so9/problem.tsp
Host: msxg  Current process id: 128323
Using random seed 1788236053
Number of Nodes: 6
Explicit Lengths (CC_MATRIXNORM)
Optimal Solution: 245.00
Total Running Time: 0.00 (seconds)
[INFO] [1788236042.224400598, 1271.200000000]: PHASE2C_KEYSCAN_ACCEPTED unique_id=990 state_id=990 sim_time=1271.100000
[INFO] [1788236045.729700982, 1274.700000000]: PHASE2C_KEYSCAN_ACCEPTED unique_id=991 state_id=991 sim_time=1274.700000
[INFO] [1788236049.415660272, 1278.400000000]: PHASE2C_KEYSCAN_ACCEPTED unique_id=992 state_id=992 sim_time=1278.400000
[INFO] [1788236050.884388466, 1279.900000000]: PHASE2C_KEYSCAN_ACCEPTED unique_id=993 state_id=993 sim_time=1279.900000
[INFO] [1788236053.028993966, 1282.000000000]: PHASE2C_KEYSCAN_ACCEPTED unique_id=994 state_id=994 sim_time=1281.900000
[INFO] [1788236056.826237381, 1285.800000000]: PHASE2C_KEYSCAN_ACCEPTED unique_id=995 state_id=995 sim_time=1285.800000
[INFO] [1788236058.159359480, 1287.200000000]: PHASE2C_KEYSCAN_ACCEPTED unique_id=996 state_id=996 sim_time=1287.200000
Warning: TF_REPEATED_DATA ignoring data with redundant timestamp for frame odom (parent offset) at time 1287.400000 according to authority unknown_publisher
         at line [INFO] [1788236041.176312287, 1270.200000000]: Call local replanning...
[INFO] [1788236046.928301405, 1275.900000000]: Call local replanning...
[INFO] [1788236053.332027699, 1282.300000000]: Call local replanning...
277Warning:  in Warning: TF_REPEATED_DATA ignoring data with redundant timestamp for frame odom (parent offset) at time 1287.400000 according to authority unknown_publisher/tmp/binarydeb/ros-noetic-tf2-0.7.10/src/buffer_core.cppTF_REPEATED_DATA ignoring data with redundant timestamp for frame odom (parent offset) at time 1287.400000 according to authority unknown_publisher


         at line          at line 277277 in Warning:  in /tmp/binarydeb/ros-noetic-tf2-0.7.10/src/buffer_core.cpp/tmp/binarydeb/ros-noetic-tf2-0.7.10/src/buffer_core.cppTF_REPEATED_DATA ignoring data with redundant timestamp for frame offset (parent map) at time 1287.400000 according to authority unknown_publisher


         at line Warning: 277TF_REPEATED_DATA ignoring data with redundant timestamp for frame offset (parent map) at time 1287.400000 according to authority unknown_publisher in Warning: 
/tmp/binarydeb/ros-noetic-tf2-0.7.10/src/buffer_core.cppTF_REPEATED_DATA ignoring data with redundant timestamp for frame offset (parent map) at time 1287.400000 according to authority unknown_publisher         at line 

277         at line  in 277/tmp/binarydeb/ros-noetic-tf2-0.7.10/src/buffer_core.cpp in 
/tmp/binarydeb/ros-noetic-tf2-0.7.10/src/buffer_core.cpp
Warning: TF_REPEATED_DATA ignoring data with redundant timestamp for frame odom (parent offset) at time 1287.400000 according to authority unknown_publisher
         at line [WARN] [1788236058.371273656, 1287.400000000]: TF_REPEATED_DATA ignoring data with redundant timestamp for frame odom (parent offset) at time 1287.400000 according to authority unknown_publisher
277 in /tmp/binarydeb/ros-noetic-tf2-0.7.10/src/buffer_core.cpp
Warning: TF_REPEATED_DATA ignoring data with redundant timestamp for frame offset (parent map) at time 1287.400000 according to authority unknown_publisher
         at line 277 in /tmp/binarydeb/ros-noetic-tf2-0.7.10/src/buffer_core.cpp
[WARN] [1788236058.371330078, 1287.400000000]: TF_REPEATED_DATA ignoring data with redundant timestamp for frame offset (parent map) at time 1287.400000 according to authority unknown_publisher
concorde /tmp/tmpq99ls93v/problem.tsp
Host: msxg  Current process id: 128348
Using random seed 1788236058
Number of Nodes: 6
Explicit Lengths (CC_MATRIXNORM)
Optimal Solution: 245.00
Total Running Time: 0.00 (seconds)
[WARN] [1788236058.860511915, 1287.900000000]: No frontier at vertex 34. #Frontier: 0
[WARN] [1788236065.675487982, 1294.700000000]: Missed desired rate of 1.00Hz! Loop actually took 1.3000 seconds!
[INFO] [1788236059.498955534, 1288.500000000]: PHASE2C_KEYSCAN_ACCEPTED unique_id=997 state_id=997 sim_time=1288.500000
[INFO] [1788236060.762588736, 1289.800000000]: PHASE2C_KEYSCAN_ACCEPTED unique_id=998 state_id=998 sim_time=1289.800000
[INFO] [1788236061.987568941, 1291.000000000]: PHASE2C_KEYSCAN_ACCEPTED unique_id=999 state_id=999 sim_time=1291.000000
[INFO] [1788236063.266321391, 1292.300000000]: PHASE2C_KEYSCAN_ACCEPTED unique_id=1000 state_id=1000 sim_time=1292.300000
[INFO] [1788236064.976845035, 1294.000000000]: PHASE2C_KEYSCAN_ACCEPTED unique_id=1001 state_id=1001 sim_time=1294.000000
[INFO] [1788236066.257011133, 1295.300000000]: PHASE2C_KEYSCAN_ACCEPTED unique_id=1002 state_id=1002 sim_time=1295.300000
[INFO] [1788236067.577800230, 1296.600000000]: PHASE2C_KEYSCAN_ACCEPTED unique_id=1003 state_id=1003 sim_time=1296.600000
[INFO] [1788236068.865517854, 1297.900000000]: PHASE2C_KEYSCAN_ACCEPTED unique_id=1004 state_id=1004 sim_time=1297.900000
[INFO] [1788236070.175997335, 1299.200000000]: PHASE2C_KEYSCAN_ACCEPTED unique_id=1005 state_id=1005 sim_time=1299.200000
Warning: TF_REPEATED_DATA ignoring data with redundant timestamp for frame odom (parent offset) at time 1299.400000 according to authority unknown_publisher
         at line 277 in /tmp/binarydeb/ros-noetic-tf2-0.7.10/src/buffer_core.cpp
Warning: TF_REPEATED_DATA ignoring data with redundant timestamp for frame offset (parent map) at time 1299.400000 according to authority unknown_publisher
         at line 277 in /tmp/binarydeb/ros-noetic-tf2-0.7.10/src/buffer_core.cpp
Warning: TF_REPEATED_DATA ignoring data with redundant timestamp for frame odom (parent offset) at time 1299.400000 according to authority unknown_publisher
         at line 277 in /tmp/binarydeb/ros-noetic-tf2-0.7.10/src/buffer_core.cpp
Warning: TF_REPEATED_DATA ignoring data with redundant timestamp for frame odom (parent offset) at time 1299.400000 according to authority unknown_publisher
         at line [WARN] [1788236070.389748986, 1299.400000000]: TF_REPEATED_DATA ignoring data with redundant timestamp for frame odom (parent offset) at time 1299.400000 according to authority unknown_publisher
277 in /tmp/binarydeb/ros-noetic-tf2-0.7.10/src/buffer_core.cpp
Warning: TF_REPEATED_DATA ignoring data with redundant timestamp for frame offset (parent map) at time 1299.400000 according to authority unknown_publisher
         at line 277 in /tmp/binarydeb/ros-noetic-tf2-0.7.10/src/buffer_core.cpp
[WARN] [1788236070.389776715, 1299.400000000]: TF_REPEATED_DATA ignoring data with redundant timestamp for frame offset (parent map) at time 1299.400000 according to authority unknown_publisher
Warning: [INFO] [1788236058.842116215, 1287.800000000]: Call local replanning...
[INFO] [1788236058.860483294, 1287.900000000]: Reach vertex 34
[INFO] [1788236058.860567617, 1287.900000000]: Set newGoal 2
[INFO] [1788236058.860589835, 1287.900000000]: Find middle goal point.
[INFO] [1788236065.562636749, 1294.600000000]: Call local replanning...
[INFO] [1788236065.567538941, 1294.600000000]: Find middle goal point.
TF_REPEATED_DATA ignoring data with redundant timestamp for frame offset (parent map) at time 1299.400000 according to authority unknown_publisherWarning: 
TF_REPEATED_DATA ignoring data with redundant timestamp for frame odom (parent offset) at time 1299.400000 according to authority unknown_publisher         at line 
277         at line  in /tmp/binarydeb/ros-noetic-tf2-0.7.10/src/buffer_core.cpp277
 in /tmp/binarydeb/ros-noetic-tf2-0.7.10/src/buffer_core.cpp
Warning: TF_REPEATED_DATA ignoring data with redundant timestamp for frame offset (parent map) at time 1299.400000 according to authority unknown_publisher
         at line 277 in /tmp/binarydeb/ros-noetic-tf2-0.7.10/src/buffer_core.cpp
[INFO] [1788236071.962214469, 1301.000000000]: PHASE2C_KEYSCAN_ACCEPTED unique_id=1006 state_id=1006 sim_time=1301.000000
[INFO] [1788236073.598387647, 1302.600000000]: PHASE2C_KEYSCAN_ACCEPTED unique_id=1007 state_id=1007 sim_time=1302.600000
[INFO] [1788236074.864676232, 1303.900000000]: PHASE2C_KEYSCAN_ACCEPTED unique_id=1008 state_id=1008 sim_time=1303.900000
[INFO] [1788236076.089878538, 1305.100000000]: PHASE2C_KEYSCAN_ACCEPTED unique_id=1009 state_id=1009 sim_time=1305.100000
Warning: TF_REPEATED_DATA ignoring data with redundant timestamp for frame odom (parent offset) at time 1305.300000 according to authority unknown_publisher
         at line 277 in /tmp/binarydeb/ros-noetic-tf2-0.7.10/src/buffer_core.cpp
Warning: TF_REPEATED_DATA ignoring data with redundant timestamp for frame offset (parent map) at time 1305.300000 according to authority unknown_publisher
         at line 277 in /tmp/binarydeb/ros-noetic-tf2-0.7.10/src/buffer_core.cpp
[INFO] [1788236071.087923192, 1300.100000000]: Call local replanning...
[INFO] [1788236071.093378232, 1300.100000000]: Find middle goal point.
Warning: TF_REPEATED_DATA ignoring data with redundant timestamp for frame odom (parent offset) at time 1305.300000 according to authority unknown_publisher
         at line 277 in /tmp/binarydeb/ros-noetic-tf2-0.7.10/src/buffer_core.cpp
Warning: TF_REPEATED_DATA ignoring data with redundant timestamp for frame offset (parent map) at time 1305.300000 according to authority unknown_publisher
         at line 277 in /tmp/binarydeb/ros-noetic-tf2-0.7.10/src/buffer_core.cpp
Warning: TF_REPEATED_DATA ignoring data with redundant timestamp for frame odom (parent offset) at time 1305.300000 according to authority unknown_publisher
         at line 277 in /tmp/binarydeb/ros-noetic-tf2-0.7.10/src/buffer_core.cpp
Warning: TF_REPEATED_DATA ignoring data with redundant timestamp for frame offset (parent map) at time 1305.300000 according to authority unknown_publisher
         at line 277 in /tmp/binarydeb/ros-noetic-tf2-0.7.10/src/buffer_core.cpp
[WARN] [1788236076.302480905, 1305.300000000]: TF_REPEATED_DATA ignoring data with redundant timestamp for frame odom (parent offset) at time 1305.300000 according to authority unknown_publisher
Warning: TF_REPEATED_DATA ignoring data with redundant timestamp for frame odom (parent offset) at time 1305.300000 according to authority unknown_publisher
         at line 277 in /tmp/binarydeb/ros-noetic-tf2-0.7.10/src/buffer_core.cpp
[WARN] [1788236076.302505246, 1305.300000000]: TF_REPEATED_DATA ignoring data with redundant timestamp for frame offset (parent map) at time 1305.300000 according to authority unknown_publisher
Warning: TF_REPEATED_DATA ignoring data with redundant timestamp for frame offset (parent map) at time 1305.300000 according to authority unknown_publisher
         at line 277 in /tmp/binarydeb/ros-noetic-tf2-0.7.10/src/buffer_core.cpp
[INFO] [1788236077.462602790, 1306.500000000]: PHASE2C_KEYSCAN_ACCEPTED unique_id=1010 state_id=1010 sim_time=1306.500000
[INFO] [1788236078.977882341, 1308.000000000]: PHASE2C_KEYSCAN_ACCEPTED unique_id=1011 state_id=1011 sim_time=1308.000000
[INFO] [1788236080.361669330, 1309.400000000]: PHASE2C_KEYSCAN_ACCEPTED unique_id=1012 state_id=1012 sim_time=1309.400000
[INFO] [1788236081.781281396, 1310.800000000]: PHASE2C_KEYSCAN_ACCEPTED unique_id=1013 state_id=1013 sim_time=1310.800000
Warning: TF_REPEATED_DATA ignoring data with redundant timestamp for frame odom (parent offset) at time 1311.000000 according to authority unknown_publisher
         at line 277 in /tmp/binarydeb/ros-noetic-tf2-0.7.10/src/buffer_core.cpp
Warning: TF_REPEATED_DATA ignoring data with redundant timestamp for frame offset (parent map) at time 1311.000000 according to authority unknown_publisher
         at line 277 in /tmp/binarydeb/ros-noetic-tf2-0.7.10/src/buffer_core.cpp
Warning: TF_REPEATED_DATA ignoring data with redundant timestamp for frame odom (parent offset) at time 1311.000000 according to authority unknown_publisher
         at line 277 in /tmp/binarydeb/ros-noetic-tf2-0.7.10/src/buffer_core.cpp
Warning: TF_REPEATED_DATA ignoring data with redundant timestamp for frame offset (parent map) at time 1311.000000 according to authority unknown_publisher
         at line 277 in /tmp/binarydeb/ros-noetic-tf2-0.7.10/src/buffer_core.cpp
Warning: [INFO] [1788236076.935135241, 1305.900000000]: Call local replanning...
[INFO] [1788236076.940047528, 1305.900000000]: Reach vertex 2
[INFO] [1788236076.947858681, 1306.000000000]: Explore Goal 2 's frontiers...
TF_REPEATED_DATA ignoring data with redundant timestamp for frame odom (parent offset) at time 1311.000000 according to authority unknown_publisherWarning: 
TF_REPEATED_DATA ignoring data with redundant timestamp for frame odom (parent offset) at time 1311.000000 according to authority unknown_publisher         at line 
277         at line  in 277/tmp/binarydeb/ros-noetic-tf2-0.7.10/src/buffer_core.cpp in 
/tmp/binarydeb/ros-noetic-tf2-0.7.10/src/buffer_core.cpp
Warning: TF_REPEATED_DATA ignoring data with redundant timestamp for frame offset (parent map) at time 1311.000000 according to authority unknown_publisherWarning: 
TF_REPEATED_DATA ignoring data with redundant timestamp for frame offset (parent map) at time 1311.000000 according to authority unknown_publisher         at line 
277         at line  in 277/tmp/binarydeb/ros-noetic-tf2-0.7.10/src/buffer_core.cpp in 
/tmp/binarydeb/ros-noetic-tf2-0.7.10/src/buffer_core.cpp
[WARN] [1788236081.991186291, 1311.000000000]: TF_REPEATED_DATA ignoring data with redundant timestamp for frame odom (parent offset) at time 1311.000000 according to authority unknown_publisher
[WARN] [1788236081.991214612, 1311.000000000]: TF_REPEATED_DATA ignoring data with redundant timestamp for frame offset (parent map) at time 1311.000000 according to authority unknown_publisher
[WARN] [1788236082.936385762, 1311.900000000]: No frontier at vertex 2. #Frontier: 0
[INFO] [1788236083.153911803, 1312.200000000]: PHASE2C_KEYSCAN_ACCEPTED unique_id=1014 state_id=1014 sim_time=1312.200000
[INFO] [1788236084.076226974, 1313.100000000]: PHASE2C_KEYSCAN_ACCEPTED unique_id=1015 state_id=1015 sim_time=1313.100000
[INFO] [1788236084.551976427, 1313.600000000]: PHASE2C_KEYSCAN_ACCEPTED unique_id=1016 state_id=1016 sim_time=1313.600000
[INFO] [1788236085.253818159, 1314.300000000]: PHASE2C_KEYSCAN_ACCEPTED unique_id=1017 state_id=1017 sim_time=1314.300000
[INFO] [1788236087.006692334, 1316.000000000]: PHASE2C_KEYSCAN_ACCEPTED unique_id=1018 state_id=1018 sim_time=1315.900000
[INFO] [1788236088.271588158, 1317.300000000]: PHASE2C_KEYSCAN_ACCEPTED unique_id=1019 state_id=1019 sim_time=1317.300000
[INFO] [1788236095.459192484, 1324.500000000]: PHASE2C_KEYSCAN_ACCEPTED unique_id=1020 state_id=1020 sim_time=1324.400000
[INFO] [1788236096.878077879, 1325.900000000]: PHASE2C_KEYSCAN_ACCEPTED unique_id=1021 state_id=1021 sim_time=1325.900000
[INFO] [1788236098.598448357, 1327.600000000]: PHASE2C_KEYSCAN_ACCEPTED unique_id=1022 state_id=1022 sim_time=1327.600000
[INFO] [1788236099.871129707, 1328.900000000]: PHASE2C_KEYSCAN_ACCEPTED unique_id=1023 state_id=1023 sim_time=1328.900000
[INFO] [1788236082.931111498, 1311.900000000]: Call local replanning...
[INFO] [1788236082.936423417, 1311.900000000]: Set newGoal 35
[INFO] [1788236089.417666172, 1318.400000000]: Next target is loop vertex 35(L)
[INFO] [1788236089.420127890, 1318.400000000]: Set reliable loop closing path from reliable_loop_service.
[INFO] [1788236089.420168266, 1318.400000000]: PHASE2_LOOP_PLANNED vertex=35 source=reliable_loop_service waypoints=7 path=-34.3801422,12.6644821;-34.7544937,11.7893057;-35.383564,11.066884;-34.9459572,8.77401733;-33.938324,8.50079441;-32.9834061,8.54131794;-32.0139122,8.61199474
[INFO] [1788236089.420189152, 1318.400000000]: Exploration is waiting.
[INFO] [1788236094.923865899, 1323.900000000]: PHASE2_LOOP_EXECUTION_STARTED vertex=35 waypoints=7
Warning: Warning: TF_REPEATED_DATA ignoring data with redundant timestamp for frame odom (parent offset) at time 1329.100000 according to authority unknown_publisherTF_REPEATED_DATA ignoring data with redundant timestamp for frame odom (parent offset) at time 1329.100000 according to authority unknown_publisher

         at line          at line 277277 in  in /tmp/binarydeb/ros-noetic-tf2-0.7.10/src/buffer_core.cpp/tmp/binarydeb/ros-noetic-tf2-0.7.10/src/buffer_core.cpp

Warning: TF_REPEATED_DATA ignoring data with redundant timestamp for frame offset (parent map) at time 1329.100000 according to authority unknown_publisher
         at line 277 in Warning: /tmp/binarydeb/ros-noetic-tf2-0.7.10/src/buffer_core.cppTF_REPEATED_DATA ignoring data with redundant timestamp for frame offset (parent map) at time 1329.100000 according to authority unknown_publisher

         at line 277 in /tmp/binarydeb/ros-noetic-tf2-0.7.10/src/buffer_core.cpp
[WARN] [1788236100.086369937, 1329.100000000]: TF_REPEATED_DATA ignoring data with redundant timestamp for frame odom (parent offset) at time 1329.100000 according to authority unknown_publisher
Warning: TF_REPEATED_DATA ignoring data with redundant timestamp for frame odom (parent offset) at time 1329.100000 according to authority unknown_publisher
         at line 277 in /tmp/binarydeb/ros-noetic-tf2-0.7.10/src/buffer_core.cpp
[WARN] [1788236100.086394673, 1329.100000000]: TF_REPEATED_DATA ignoring data with redundant timestamp for frame offset (parent map) at time 1329.100000 according to authority unknown_publisher
Warning: TF_REPEATED_DATA ignoring data with redundant timestamp for frame offset (parent map) at time 1329.100000 according to authority unknown_publisher
         at line 277 in /tmp/binarydeb/ros-noetic-tf2-0.7.10/src/buffer_core.cpp
Warning: TF_REPEATED_DATA ignoring data with redundant timestamp for frame odom (parent offset) at time 1329.100000 according to authority unknown_publisher
         at line 277 in /tmp/binarydeb/ros-noetic-tf2-0.7.10/src/buffer_core.cpp
Warning: TF_REPEATED_DATA ignoring data with redundant timestamp for frame offset (parent map) at time 1329.100000 according to authority unknown_publisher
         at line 277 in /tmp/binarydeb/ros-noetic-tf2-0.7.10/src/buffer_core.cpp
[INFO] [1788236101.305898291, 1330.300000000]: PHASE2C_KEYSCAN_ACCEPTED unique_id=1024 state_id=1024 sim_time=1330.300000
[INFO] [1788236102.587094041, 1331.600000000]: PHASE2C_KEYSCAN_ACCEPTED unique_id=1025 state_id=1025 sim_time=1331.600000
[INFO] [1788236104.398660301, 1333.400000000]: PHASE2C_KEYSCAN_ACCEPTED unique_id=1026 state_id=1026 sim_time=1333.400000
Warning: Warning: TF_REPEATED_DATA ignoring data with redundant timestamp for frame odom (parent offset) at time 1335.700000 according to authority unknown_publisherTF_REPEATED_DATA ignoring data with redundant timestamp for frame odom (parent offset) at time 1335.700000 according to authority unknown_publisher

         at line          at line 277277 in  in /tmp/binarydeb/ros-noetic-tf2-0.7.10/src/buffer_core.cpp/tmp/binarydeb/ros-noetic-tf2-0.7.10/src/buffer_core.cpp

Warning: TF_REPEATED_DATA ignoring data with redundant timestamp for frame offset (parent map) at time 1335.700000 according to authority unknown_publisherWarning: 
TF_REPEATED_DATA ignoring data with redundant timestamp for frame offset (parent map) at time 1335.700000 according to authority unknown_publisher         at line 
277         at line  in 277/tmp/binarydeb/ros-noetic-tf2-0.7.10/src/buffer_core.cpp in 
/tmp/binarydeb/ros-noetic-tf2-0.7.10/src/buffer_core.cpp
Warning: Warning: TF_REPEATED_DATA ignoring data with redundant timestamp for frame odom (parent offset) at time 1335.700000 according to authority unknown_publisherTF_REPEATED_DATA ignoring data with redundant timestamp for frame odom (parent offset) at time 1335.700000 according to authority unknown_publisher

         at line          at line 277277 in  in /tmp/binarydeb/ros-noetic-tf2-0.7.10/src/buffer_core.cpp/tmp/binarydeb/ros-noetic-tf2-0.7.10/src/buffer_core.cpp

Warning: TF_REPEATED_DATA ignoring data with redundant timestamp for frame offset (parent map) at time 1335.700000 according to authority unknown_publisher
         at line 277Warning:  in TF_REPEATED_DATA ignoring data with redundant timestamp for frame offset (parent map) at time 1335.700000 according to authority unknown_publisher/tmp/binarydeb/ros-noetic-tf2-0.7.10/src/buffer_core.cpp

         at line [WARN] [1788236106.665058732, 1335.700000000]: TF_REPEATED_DATA ignoring data with redundant timestamp for frame odom (parent offset) at time 1335.700000 according to authority unknown_publisher
277 in /tmp/binarydeb/ros-noetic-tf2-0.7.10/src/buffer_core.cpp
[WARN] [1788236106.665083257, 1335.700000000]: TF_REPEATED_DATA ignoring data with redundant timestamp for frame offset (parent map) at time 1335.700000 according to authority unknown_publisher
[INFO] [1788236108.021043180, 1337.000000000]: PHASE2C_KEYSCAN_ACCEPTED unique_id=1027 state_id=1027 sim_time=1337.000000
[INFO] [1788236111.804737529, 1340.800000000]: PHASE2C_KEYSCAN_ACCEPTED unique_id=1028 state_id=1028 sim_time=1340.800000
Warning: TF_REPEATED_DATA ignoring data with redundant timestamp for frame odom (parent offset) at time 1341.000000 according to authority unknown_publisher
         at line 277 in Warning: /tmp/binarydeb/ros-noetic-tf2-0.7.10/src/buffer_core.cppWarning: TF_REPEATED_DATA ignoring data with redundant timestamp for frame odom (parent offset) at time 1341.000000 according to authority unknown_publisher
TF_REPEATED_DATA ignoring data with redundant timestamp for frame odom (parent offset) at time 1341.000000 according to authority unknown_publisher

         at line          at line [WARN] [1788236112.016528698, 1341.000000000]: TF_REPEATED_DATA ignoring data with redundant timestamp for frame odom (parent offset) at time 1341.000000 according to authority unknown_publisher
277Warning: 277 in TF_REPEATED_DATA ignoring data with redundant timestamp for frame offset (parent map) at time 1341.000000 according to authority unknown_publisher in /tmp/binarydeb/ros-noetic-tf2-0.7.10/src/buffer_core.cpp
/tmp/binarydeb/ros-noetic-tf2-0.7.10/src/buffer_core.cpp
         at line 
277Warning:  in [WARN] [1788236112.016555365, 1341.000000000]: TF_REPEATED_DATA ignoring data with redundant timestamp for frame offset (parent map) at time 1341.000000 according to authority unknown_publisher
TF_REPEATED_DATA ignoring data with redundant timestamp for frame offset (parent map) at time 1341.000000 according to authority unknown_publisher/tmp/binarydeb/ros-noetic-tf2-0.7.10/src/buffer_core.cppWarning: 

TF_REPEATED_DATA ignoring data with redundant timestamp for frame offset (parent map) at time 1341.000000 according to authority unknown_publisher         at line 
277         at line  in 277/tmp/binarydeb/ros-noetic-tf2-0.7.10/src/buffer_core.cpp in 
/tmp/binarydeb/ros-noetic-tf2-0.7.10/src/buffer_core.cpp
Warning: TF_REPEATED_DATA ignoring data with redundant timestamp for frame odom (parent offset) at time 1341.000000 according to authority unknown_publisher
         at line 277 in /tmp/binarydeb/ros-noetic-tf2-0.7.10/src/buffer_core.cpp
Warning: TF_REPEATED_DATA ignoring data with redundant timestamp for frame offset (parent map) at time 1341.000000 according to authority unknown_publisher
         at line 277 in /tmp/binarydeb/ros-noetic-tf2-0.7.10/src/buffer_core.cpp
[INFO] [1788236115.910332035, 1344.900000000]: PHASE2C_KEYSCAN_ACCEPTED unique_id=1029 state_id=1029 sim_time=1344.900000
[INFO] [1788236118.422638749, 1347.400000000]: PHASE2C_KEYSCAN_ACCEPTED unique_id=1030 state_id=1030 sim_time=1347.400000
[INFO] [1788236119.667309783, 1348.700000000]: PHASE2C_KEYSCAN_ACCEPTED unique_id=1031 state_id=1031 sim_time=1348.700000
Warning: TF_REPEATED_DATA ignoring data with redundant timestamp for frame odom (parent offset) at time 1349.700000 according to authority unknown_publisher
         at line 277 in /tmp/binarydeb/ros-noetic-tf2-0.7.10/src/buffer_core.cppWarning: 
TF_REPEATED_DATA ignoring data with redundant timestamp for frame odom (parent offset) at time 1349.700000 according to authority unknown_publisher
Warning:          at line TF_REPEATED_DATA ignoring data with redundant timestamp for frame offset (parent map) at time 1349.700000 according to authority unknown_publisher
277         at line  in 277/tmp/binarydeb/ros-noetic-tf2-0.7.10/src/buffer_core.cpp in 
/tmp/binarydeb/ros-noetic-tf2-0.7.10/src/buffer_core.cpp
Warning: TF_REPEATED_DATA ignoring data with redundant timestamp for frame offset (parent map) at time 1349.700000 according to authority unknown_publisher
         at line 277 in /tmp/binarydeb/ros-noetic-tf2-0.7.10/src/buffer_core.cpp
Warning: TF_REPEATED_DATA ignoring data with redundant timestamp for frame odom (parent offset) at time 1349.700000 according to authority unknown_publisher
         at line 277 in /tmp/binarydeb/ros-noetic-tf2-0.7.10/src/buffer_core.cpp
Warning: TF_REPEATED_DATA ignoring data with redundant timestamp for frame offset (parent map) at time 1349.700000 according to authority unknown_publisher
         at line 277 in /tmp/binarydeb/ros-noetic-tf2-0.7.10/src/buffer_core.cpp
Warning: TF_REPEATED_DATA ignoring data with redundant timestamp for frame odom (parent offset) at time 1349.700000 according to authority unknown_publisher
         at line 277 in /tmp/binarydeb/ros-noetic-tf2-0.7.10/src/buffer_core.cpp
Warning: TF_REPEATED_DATA ignoring data with redundant timestamp for frame offset (parent map) at time 1349.700000 according to authority unknown_publisher
         at line 277 in /tmp/binarydeb/ros-noetic-tf2-0.7.10/src/buffer_core.cpp
[WARN] [1788236120.660120937, 1349.700000000]: TF_REPEATED_DATA ignoring data with redundant timestamp for frame odom (parent offset) at time 1349.700000 according to authority unknown_publisher
[WARN] [1788236120.660146004, 1349.700000000]: TF_REPEATED_DATA ignoring data with redundant timestamp for frame offset (parent map) at time 1349.700000 according to authority unknown_publisher
[INFO] [1788236121.084459211, 1350.100000000]: PHASE2C_KEYSCAN_ACCEPTED unique_id=1032 state_id=1032 sim_time=1350.100000
[INFO] [1788236122.376580979, 1351.400000000]: PHASE2C_KEYSCAN_ACCEPTED unique_id=1033 state_id=1033 sim_time=1351.400000
Warning: TF_REPEATED_DATA ignoring data with redundant timestamp for frame odom (parent offset) at time 1351.700000 according to authority unknown_publisher
         at line 277 in /tmp/binarydeb/ros-noetic-tf2-0.7.10/src/buffer_core.cpp
Warning: TF_REPEATED_DATA ignoring data with redundant timestamp for frame offset (parent map) at time 1351.700000 according to authority unknown_publisher
         at line 277 in /tmp/binarydeb/ros-noetic-tf2-0.7.10/src/buffer_core.cpp
Warning: TF_REPEATED_DATA ignoring data with redundant timestamp for frame odom (parent offset) at time 1351.700000 according to authority unknown_publisherWarning: 
TF_REPEATED_DATA ignoring data with redundant timestamp for frame odom (parent offset) at time 1351.700000 according to authority unknown_publisher         at line 
         at line 277 in 277/tmp/binarydeb/ros-noetic-tf2-0.7.10/src/buffer_core.cpp in 
/tmp/binarydeb/ros-noetic-tf2-0.7.10/src/buffer_core.cppWarning: 
TF_REPEATED_DATA ignoring data with redundant timestamp for frame offset (parent map) at time 1351.700000 according to authority unknown_publisher
         at line 277 in Warning: /tmp/binarydeb/ros-noetic-tf2-0.7.10/src/buffer_core.cppTF_REPEATED_DATA ignoring data with redundant timestamp for frame offset (parent map) at time 1351.700000 according to authority unknown_publisher

         at line 277 in /tmp/binarydeb/ros-noetic-tf2-0.7.10/src/buffer_core.cpp
Warning: TF_REPEATED_DATA ignoring data with redundant timestamp for frame odom (parent offset) at time 1351.700000 according to authority unknown_publisher
         at line 277 in /tmp/binarydeb/ros-noetic-tf2-0.7.10/src/buffer_core.cpp
Warning: TF_REPEATED_DATA ignoring data with redundant timestamp for frame offset (parent map) at time 1351.700000 according to authority unknown_publisher
         at line 277 in /tmp/binarydeb/ros-noetic-tf2-0.7.10/src/buffer_core.cpp
[WARN] [1788236122.658640704, 1351.700000000]: TF_REPEATED_DATA ignoring data with redundant timestamp for frame odom (parent offset) at time 1351.700000 according to authority unknown_publisher
[WARN] [1788236122.658673849, 1351.700000000]: TF_REPEATED_DATA ignoring data with redundant timestamp for frame offset (parent map) at time 1351.700000 according to authority unknown_publisher
[WARN] [1788236123.477444365, 1352.500000000]: Missed desired rate of 1.00Hz! Loop actually took 1.1000 seconds!
Warning: TF_REPEATED_DATA ignoring data with redundant timestamp for frame odom (parent offset) at time 1353.700000 according to authority unknown_publisher
         at line 277 in /tmp/binarydeb/ros-noetic-tf2-0.7.10/src/buffer_core.cpp
Warning: TF_REPEATED_DATA ignoring data with redundant timestamp for frame offset (parent map) at time 1353.700000 according to authority unknown_publisher
         at line 277 in /tmp/binarydeb/ros-noetic-tf2-0.7.10/src/buffer_core.cpp
[INFO] [1788236123.682785274, 1352.700000000]: PHASE2C_KEYSCAN_ACCEPTED unique_id=1034 state_id=1034 sim_time=1352.700000
Warning: TF_REPEATED_DATA ignoring data with redundant timestamp for frame odom (parent offset) at time 1353.700000 according to authority unknown_publisher
         at line 277 in /tmp/binarydeb/ros-noetic-tf2-0.7.10/src/buffer_core.cpp
Warning: TF_REPEATED_DATA ignoring data with redundant timestamp for frame offset (parent map) at time 1353.700000 according to authority unknown_publisher
         at line 277 in /tmp/binarydeb/ros-noetic-tf2-0.7.10/src/buffer_core.cpp
Warning: TF_REPEATED_DATA ignoring data with redundant timestamp for frame odom (parent offset) at time 1353.700000 according to authority unknown_publisher
         at line 277 in /tmp/binarydeb/ros-noetic-tf2-0.7.10/src/buffer_core.cpp
Warning: TF_REPEATED_DATA ignoring data with redundant timestamp for frame offset (parent map) at time 1353.700000 according to authority unknown_publisher
         at line 277 in /tmp/binarydeb/ros-noetic-tf2-0.7.10/src/buffer_core.cpp
Warning: TF_REPEATED_DATA ignoring data with redundant timestamp for frame odom (parent offset) at time 1353.700000 according to authority unknown_publisher
         at line 277 in /tmp/binarydeb/ros-noetic-tf2-0.7.10/src/buffer_core.cpp
Warning: TF_REPEATED_DATA ignoring data with redundant timestamp for frame offset (parent map) at time 1353.700000 according to authority unknown_publisher
         at line 277 in /tmp/binarydeb/ros-noetic-tf2-0.7.10/src/buffer_core.cpp
[WARN] [1788236124.663961196, 1353.700000000]: TF_REPEATED_DATA ignoring data with redundant timestamp for frame odom (parent offset) at time 1353.700000 according to authority unknown_publisher
[WARN] [1788236124.663987168, 1353.700000000]: TF_REPEATED_DATA ignoring data with redundant timestamp for frame offset (parent map) at time 1353.700000 according to authority unknown_publisher
[WARN] [1788236127.710639114, 1356.700000000]: Missed desired rate of 1.00Hz! Loop actually took 1.3000 seconds!
[INFO] [1788236124.860289816, 1353.900000000]: PHASE2C_KEYSCAN_ACCEPTED unique_id=1035 state_id=1035 sim_time=1353.900000
[INFO] [1788236125.686555703, 1354.700000000]: PHASE2C_KEYSCAN_ACCEPTED unique_id=1036 state_id=1036 sim_time=1354.700000
[INFO] [1788236126.266332279, 1355.300000000]: PHASE2C_KEYSCAN_ACCEPTED unique_id=1037 state_id=1037 sim_time=1355.300000
[INFO] [1788236126.909242417, 1355.900000000]: PHASE2C_KEYSCAN_ACCEPTED unique_id=1038 state_id=1038 sim_time=1355.600000
[INFO] [1788236127.570641765, 1356.600000000]: PHASE2C_KEYSCAN_ACCEPTED unique_id=1039 state_id=1039 sim_time=1356.600000
[INFO] [1788236125.141060243, 1354.100000000]: PHASE2_LOOP_WAYPOINT_REACHED vertex=35 waypoint=0
Warning: Warning: TF_REPEATED_DATA ignoring data with redundant timestamp for frame odom (parent offset) at time 1357.700000 according to authority unknown_publisherTF_REPEATED_DATA ignoring data with redundant timestamp for frame odom (parent offset) at time 1357.700000 according to authority unknown_publisher

         at line          at line 277277 in  in /tmp/binarydeb/ros-noetic-tf2-0.7.10/src/buffer_core.cpp/tmp/binarydeb/ros-noetic-tf2-0.7.10/src/buffer_core.cpp

Warning: TF_REPEATED_DATA ignoring data with redundant timestamp for frame offset (parent map) at time 1357.700000 according to authority unknown_publisher
         at line 277Warning:  in TF_REPEATED_DATA ignoring data with redundant timestamp for frame offset (parent map) at time 1357.700000 according to authority unknown_publisher/tmp/binarydeb/ros-noetic-tf2-0.7.10/src/buffer_core.cpp

         at line 277 in /tmp/binarydeb/ros-noetic-tf2-0.7.10/src/buffer_core.cpp
Warning: TF_REPEATED_DATA ignoring data with redundant timestamp for frame odom (parent offset) at time 1357.700000 according to authority unknown_publisher
[WARN] [1788236128.661179038, 1357.700000000]: TF_REPEATED_DATA ignoring data with redundant timestamp for frame odom (parent offset) at time 1357.700000 according to authority unknown_publisher
         at line 277 in /tmp/binarydeb/ros-noetic-tf2-0.7.10/src/buffer_core.cpp
Warning: TF_REPEATED_DATA ignoring data with redundant timestamp for frame offset (parent map) at time 1357.700000 according to authority unknown_publisher
         at line 277 in /tmp/binarydeb/ros-noetic-tf2-0.7.10/src/buffer_core.cpp
[WARN] [1788236128.661223989, 1357.700000000]: TF_REPEATED_DATA ignoring data with redundant timestamp for frame offset (parent map) at time 1357.700000 according to authority unknown_publisher
Warning: TF_REPEATED_DATA ignoring data with redundant timestamp for frame odom (parent offset) at time 1357.700000 according to authority unknown_publisher
         at line 277 in /tmp/binarydeb/ros-noetic-tf2-0.7.10/src/buffer_core.cpp
Warning: TF_REPEATED_DATA ignoring data with redundant timestamp for frame offset (parent map) at time 1357.700000 according to authority unknown_publisher
         at line 277 in /tmp/binarydeb/ros-noetic-tf2-0.7.10/src/buffer_core.cpp
[WARN] [1788236129.476361501, 1358.500000000]: Missed desired rate of 1.00Hz! Loop actually took 1.1000 seconds!
[INFO] [1788236129.481225908, 1358.500000000]: PHASE2C_KEYSCAN_ACCEPTED unique_id=1040 state_id=1040 sim_time=1358.500000
[INFO] [1788236130.277847644, 1359.300000000]: PHASE2C_KEYSCAN_ACCEPTED unique_id=1041 state_id=1041 sim_time=1359.300000
Warning: TF_REPEATED_DATA ignoring data with redundant timestamp for frame odom (parent offset) at time 1359.700000 according to authority unknown_publisher
         at line 277 in /tmp/binarydeb/ros-noetic-tf2-0.7.10/src/buffer_core.cpp
Warning: TF_REPEATED_DATA ignoring data with redundant timestamp for frame offset (parent map) at time 1359.700000 according to authority unknown_publisher
         at line 277 in /tmp/binarydeb/ros-noetic-tf2-0.7.10/src/buffer_core.cpp
Warning: TF_REPEATED_DATA ignoring data with redundant timestamp for frame odom (parent offset) at time 1359.700000 according to authority unknown_publisher
         at line 277 in /tmp/binarydeb/ros-noetic-tf2-0.7.10/src/buffer_core.cpp
Warning: TF_REPEATED_DATA ignoring data with redundant timestamp for frame offset (parent map) at time 1359.700000 according to authority unknown_publisher
         at line 277 in /tmp/binarydeb/ros-noetic-tf2-0.7.10/src/buffer_core.cpp
[WARN] [1788236130.675039900, 1359.700000000]: TF_REPEATED_DATA ignoring data with redundant timestamp for frame odom (parent offset) at time 1359.700000 according to authority unknown_publisher
[WARN] [1788236130.675068333, 1359.700000000]: TF_REPEATED_DATA ignoring data with redundant timestamp for frame offset (parent map) at time 1359.700000 according to authority unknown_publisher
Warning: Warning: TF_REPEATED_DATA ignoring data with redundant timestamp for frame odom (parent offset) at time 1359.700000 according to authority unknown_publisherTF_REPEATED_DATA ignoring data with redundant timestamp for frame odom (parent offset) at time 1359.700000 according to authority unknown_publisher

         at line          at line 277277 in  in /tmp/binarydeb/ros-noetic-tf2-0.7.10/src/buffer_core.cpp/tmp/binarydeb/ros-noetic-tf2-0.7.10/src/buffer_core.cpp

Warning: TF_REPEATED_DATA ignoring data with redundant timestamp for frame offset (parent map) at time 1359.700000 according to authority unknown_publisher
         at line 277Warning:  in TF_REPEATED_DATA ignoring data with redundant timestamp for frame offset (parent map) at time 1359.700000 according to authority unknown_publisher/tmp/binarydeb/ros-noetic-tf2-0.7.10/src/buffer_core.cpp

         at line 277 in /tmp/binarydeb/ros-noetic-tf2-0.7.10/src/buffer_core.cpp
[WARN] [1788236131.502457908, 1360.500000000]: Missed desired rate of 1.00Hz! Loop actually took 1.1000 seconds!
[INFO] [1788236131.073910441, 1360.100000000]: PHASE2C_KEYSCAN_ACCEPTED unique_id=1042 state_id=1042 sim_time=1360.100000
[INFO] [1788236131.995221341, 1361.000000000]: PHASE2C_KEYSCAN_ACCEPTED unique_id=1043 state_id=1043 sim_time=1361.000000
Warning: TF_REPEATED_DATA ignoring data with redundant timestamp for frame odom (parent offset) at time 1361.700000 according to authority unknown_publisher
         at line 277 in /tmp/binarydeb/ros-noetic-tf2-0.7.10/src/buffer_core.cpp
Warning: TF_REPEATED_DATA ignoring data with redundant timestamp for frame offset (parent map) at time 1361.700000 according to authority unknown_publisher
         at line 277 in /tmp/binarydeb/ros-noetic-tf2-0.7.10/src/buffer_core.cpp
Warning: Warning: TF_REPEATED_DATA ignoring data with redundant timestamp for frame odom (parent offset) at time 1361.700000 according to authority unknown_publisherTF_REPEATED_DATA ignoring data with redundant timestamp for frame odom (parent offset) at time 1361.700000 according to authority unknown_publisher

         at line          at line 277277 in  in /tmp/binarydeb/ros-noetic-tf2-0.7.10/src/buffer_core.cpp/tmp/binarydeb/ros-noetic-tf2-0.7.10/src/buffer_core.cpp

Warning: TF_REPEATED_DATA ignoring data with redundant timestamp for frame offset (parent map) at time 1361.700000 according to authority unknown_publisherWarning: 
TF_REPEATED_DATA ignoring data with redundant timestamp for frame offset (parent map) at time 1361.700000 according to authority unknown_publisher         at line 
277         at line  in 277/tmp/binarydeb/ros-noetic-tf2-0.7.10/src/buffer_core.cpp in 
/tmp/binarydeb/ros-noetic-tf2-0.7.10/src/buffer_core.cpp
[WARN] [1788236132.670357315, 1361.700000000]: TF_REPEATED_DATA ignoring data with redundant timestamp for frame odom (parent offset) at time 1361.700000 according to authority unknown_publisher
Warning: [WARN] [1788236132.670394041, 1361.700000000]: TF_REPEATED_DATA ignoring data with redundant timestamp for frame offset (parent map) at time 1361.700000 according to authority unknown_publisher
TF_REPEATED_DATA ignoring data with redundant timestamp for frame odom (parent offset) at time 1361.700000 according to authority unknown_publisher
         at line 277 in /tmp/binarydeb/ros-noetic-tf2-0.7.10/src/buffer_core.cpp
Warning: TF_REPEATED_DATA ignoring data with redundant timestamp for frame offset (parent map) at time 1361.700000 according to authority unknown_publisher
         at line 277 in /tmp/binarydeb/ros-noetic-tf2-0.7.10/src/buffer_core.cpp
[WARN] [1788236135.690472583, 1364.700000000]: Missed desired rate of 1.00Hz! Loop actually took 1.3000 seconds!
[INFO] [1788236133.479170996, 1362.500000000]: PHASE2C_KEYSCAN_ACCEPTED unique_id=1044 state_id=1044 sim_time=1362.500000
[INFO] [1788236134.219713241, 1363.200000000]: PHASE2C_KEYSCAN_ACCEPTED unique_id=1045 state_id=1045 sim_time=1363.100000
[INFO] [1788236134.901013604, 1363.900000000]: PHASE2C_KEYSCAN_ACCEPTED unique_id=1046 state_id=1046 sim_time=1363.700000
[INFO] [1788236135.374164374, 1364.400000000]: PHASE2C_KEYSCAN_ACCEPTED unique_id=1047 state_id=1047 sim_time=1364.400000
[INFO] [1788236135.878563305, 1364.900000000]: PHASE2C_KEYSCAN_ACCEPTED unique_id=1048 state_id=1048 sim_time=1364.900000
[INFO] [1788236137.050654355, 1366.100000000]: PHASE2C_KEYSCAN_ACCEPTED unique_id=1049 state_id=1049 sim_time=1365.500000
[INFO] [1788236137.088826680, 1366.100000000]: PHASE2C_KEYSCAN_ACCEPTED unique_id=1050 state_id=1050 sim_time=1366.100000
[INFO] [1788236137.788565988, 1366.800000000]: PHASE2C_KEYSCAN_ACCEPTED unique_id=1051 state_id=1051 sim_time=1366.800000
[INFO] [1788236139.348899010, 1368.400000000]: PHASE2C_KEYSCAN_ACCEPTED unique_id=1052 state_id=1052 sim_time=1368.200000
[INFO] [1788236133.141083735, 1362.100000000]: PHASE2_LOOP_WAYPOINT_REACHED vertex=35 waypoint=1
Warning: Warning: TF_REPEATED_DATA ignoring data with redundant timestamp for frame odom (parent offset) at time 1368.400000 according to authority unknown_publisherTF_REPEATED_DATA ignoring data with redundant timestamp for frame odom (parent offset) at time 1368.400000 according to authority unknown_publisher

         at line          at line 277 in 277/tmp/binarydeb/ros-noetic-tf2-0.7.10/src/buffer_core.cpp in 
/tmp/binarydeb/ros-noetic-tf2-0.7.10/src/buffer_core.cpp
Warning: TF_REPEATED_DATA ignoring data with redundant timestamp for frame offset (parent map) at time 1368.400000 according to authority unknown_publisher
Warning:          at line TF_REPEATED_DATA ignoring data with redundant timestamp for frame offset (parent map) at time 1368.400000 according to authority unknown_publisher277
 in          at line /tmp/binarydeb/ros-noetic-tf2-0.7.10/src/buffer_core.cpp277
 in /tmp/binarydeb/ros-noetic-tf2-0.7.10/src/buffer_core.cpp
Warning: TF_REPEATED_DATA ignoring data with redundant timestamp for frame odom (parent offset) at time 1368.400000 according to authority unknown_publisher
         at line 277 in /tmp/binarydeb/ros-noetic-tf2-0.7.10/src/buffer_core.cpp
Warning: TF_REPEATED_DATA ignoring data with redundant timestamp for frame offset (parent map) at time 1368.400000 according to authority unknown_publisher
         at line 277 in /tmp/binarydeb/ros-noetic-tf2-0.7.10/src/buffer_core.cpp
Warning: TF_REPEATED_DATA ignoring data with redundant timestamp for frame odom (parent offset) at time 1368.400000 according to authority unknown_publisher
         at line 277 in /tmp/binarydeb/ros-noetic-tf2-0.7.10/src/buffer_core.cpp
Warning: TF_REPEATED_DATA ignoring data with redundant timestamp for frame offset (parent map) at time 1368.400000 according to authority unknown_publisher
         at line 277 in /tmp/binarydeb/ros-noetic-tf2-0.7.10/src/buffer_core.cpp
[WARN] [1788236139.349383868, 1368.400000000]: TF_REPEATED_DATA ignoring data with redundant timestamp for frame odom (parent offset) at time 1368.400000 according to authority unknown_publisher
[WARN] [1788236139.349412977, 1368.400000000]: TF_REPEATED_DATA ignoring data with redundant timestamp for frame offset (parent map) at time 1368.400000 according to authority unknown_publisher
[WARN] [1788236139.495921325, 1368.500000000]: Missed desired rate of 1.00Hz! Loop actually took 1.1000 seconds!
[INFO] [1788236140.078740733, 1369.100000000]: PHASE2C_KEYSCAN_ACCEPTED unique_id=1053 state_id=1053 sim_time=1369.100000
[INFO] [1788236140.919857573, 1369.900000000]: PHASE2C_KEYSCAN_ACCEPTED unique_id=1054 state_id=1054 sim_time=1369.800000
[INFO] [1788236141.729634686, 1370.700000000]: PHASE2C_KEYSCAN_ACCEPTED unique_id=1055 state_id=1055 sim_time=1370.600000
[INFO] [1788236142.172895100, 1371.200000000]: PHASE2C_KEYSCAN_ACCEPTED unique_id=1056 state_id=1056 sim_time=1371.200000
[INFO] [1788236139.427584673, 1368.400000000]: PHASE2_LOOP_WAYPOINT_REACHED vertex=35 waypoint=2
Warning: Warning: TF_REPEATED_DATA ignoring data with redundant timestamp for frame odom (parent offset) at time 1371.700000 according to authority unknown_publisherTF_REPEATED_DATA ignoring data with redundant timestamp for frame odom (parent offset) at time 1371.700000 according to authority unknown_publisher

         at line          at line 277277 in  in /tmp/binarydeb/ros-noetic-tf2-0.7.10/src/buffer_core.cpp/tmp/binarydeb/ros-noetic-tf2-0.7.10/src/buffer_core.cpp

Warning: TF_REPEATED_DATA ignoring data with redundant timestamp for frame offset (parent map) at time 1371.700000 according to authority unknown_publisherWarning: 
TF_REPEATED_DATA ignoring data with redundant timestamp for frame offset (parent map) at time 1371.700000 according to authority unknown_publisher         at line 
277         at line  in 277/tmp/binarydeb/ros-noetic-tf2-0.7.10/src/buffer_core.cpp in 
/tmp/binarydeb/ros-noetic-tf2-0.7.10/src/buffer_core.cpp[WARN] [1788236142.669122112, 1371.700000000]: TF_REPEATED_DATA ignoring data with redundant timestamp for frame odom (parent offset) at time 1371.700000 according to authority unknown_publisher

[WARN] [1788236142.669150074, 1371.700000000]: TF_REPEATED_DATA ignoring data with redundant timestamp for frame offset (parent map) at time 1371.700000 according to authority unknown_publisher
Warning: TF_REPEATED_DATA ignoring data with redundant timestamp for frame odom (parent offset) at time 1371.700000 according to authority unknown_publisher
         at line 277 in /tmp/binarydeb/ros-noetic-tf2-0.7.10/src/buffer_core.cpp
Warning: TF_REPEATED_DATA ignoring data with redundant timestamp for frame odom (parent offset) at time 1371.700000 according to authority unknown_publisher
         at line 277 in /tmp/binarydeb/ros-noetic-tf2-0.7.10/src/buffer_core.cpp
Warning: TF_REPEATED_DATA ignoring data with redundant timestamp for frame offset (parent map) at time 1371.700000 according to authority unknown_publisher
         at line 277 in /tmp/binarydeb/ros-noetic-tf2-0.7.10/src/buffer_core.cpp
Warning: TF_REPEATED_DATA ignoring data with redundant timestamp for frame offset (parent map) at time 1371.700000 according to authority unknown_publisher
         at line 277 in /tmp/binarydeb/ros-noetic-tf2-0.7.10/src/buffer_core.cpp
[WARN] [1788236147.733223827, 1376.700000000]: Missed desired rate of 1.00Hz! Loop actually took 1.3000 seconds!
[WARN] [1788236149.446153762, 1378.500000000]: Missed desired rate of 1.00Hz! Loop actually took 1.1000 seconds!
[INFO] [1788236142.774333278, 1371.800000000]: PHASE2C_KEYSCAN_ACCEPTED unique_id=1057 state_id=1057 sim_time=1371.800000
[INFO] [1788236143.388437499, 1372.400000000]: PHASE2C_KEYSCAN_ACCEPTED unique_id=1058 state_id=1058 sim_time=1372.400000
[INFO] [1788236144.230795256, 1373.200000000]: PHASE2C_KEYSCAN_ACCEPTED unique_id=1059 state_id=1059 sim_time=1373.100000
[INFO] [1788236144.932080294, 1373.900000000]: PHASE2C_KEYSCAN_ACCEPTED unique_id=1060 state_id=1060 sim_time=1373.700000
[INFO] [1788236145.587514826, 1374.600000000]: PHASE2C_KEYSCAN_ACCEPTED unique_id=1061 state_id=1061 sim_time=1374.600000
[INFO] [1788236147.128003814, 1376.100000000]: PHASE2C_KEYSCAN_ACCEPTED unique_id=1062 state_id=1062 sim_time=1376.000000
[INFO] [1788236148.973391211, 1378.000000000]: PHASE2C_KEYSCAN_ACCEPTED unique_id=1063 state_id=1063 sim_time=1378.000000
[INFO] [1788236150.265848311, 1379.300000000]: PHASE2C_KEYSCAN_ACCEPTED unique_id=1064 state_id=1064 sim_time=1379.200000
Warning: TF_REPEATED_DATA ignoring data with redundant timestamp for frame odom (parent offset) at time 1379.700000 according to authority unknown_publisher
Warning:          at line TF_REPEATED_DATA ignoring data with redundant timestamp for frame odom (parent offset) at time 1379.700000 according to authority unknown_publisher
277         at line  in 277/tmp/binarydeb/ros-noetic-tf2-0.7.10/src/buffer_core.cpp in 
/tmp/binarydeb/ros-noetic-tf2-0.7.10/src/buffer_core.cpp
Warning: TF_REPEATED_DATA ignoring data with redundant timestamp for frame offset (parent map) at time 1379.700000 according to authority unknown_publisherWarning: 
TF_REPEATED_DATA ignoring data with redundant timestamp for frame offset (parent map) at time 1379.700000 according to authority unknown_publisher         at line 
277         at line  in 277/tmp/binarydeb/ros-noetic-tf2-0.7.10/src/buffer_core.cpp in 
/tmp/binarydeb/ros-noetic-tf2-0.7.10/src/buffer_core.cpp
Warning: TF_REPEATED_DATA ignoring data with redundant timestamp for frame odom (parent offset) at time 1379.700000 according to authority unknown_publisher
         at line 277 in /tmp/binarydeb/ros-noetic-tf2-0.7.10/src/buffer_core.cpp
Warning: TF_REPEATED_DATA ignoring data with redundant timestamp for frame offset (parent map) at time 1379.700000 according to authority unknown_publisher
         at line 277 in /tmp/binarydeb/ros-noetic-tf2-0.7.10/src/buffer_core.cpp
[INFO] [1788236149.377546549, 1378.400000000]: PHASE2_LOOP_WAYPOINT_REACHED vertex=35 waypoint=3
[WARN] [1788236150.672244587, 1379.700000000]: TF_REPEATED_DATA ignoring data with redundant timestamp for frame odom (parent offset) at time 1379.700000 according to authority unknown_publisher
Warning: TF_REPEATED_DATA ignoring data with redundant timestamp for frame odom (parent offset) at time 1379.700000 according to authority unknown_publisher
         at line 277 in /tmp/binarydeb/ros-noetic-tf2-0.7.10/src/buffer_core.cpp
Warning: [WARN] [1788236150.672275336, 1379.700000000]: TF_REPEATED_DATA ignoring data with redundant timestamp for frame offset (parent map) at time 1379.700000 according to authority unknown_publisher
TF_REPEATED_DATA ignoring data with redundant timestamp for frame offset (parent map) at time 1379.700000 according to authority unknown_publisher
         at line 277 in /tmp/binarydeb/ros-noetic-tf2-0.7.10/src/buffer_core.cpp
[WARN] [1788236155.731401466, 1384.700000000]: Missed desired rate of 1.00Hz! Loop actually took 1.3000 seconds!
[INFO] [1788236153.171566418, 1382.200000000]: PHASE2_LOOP_WAYPOINT_REACHED vertex=35 waypoint=4
[INFO] [1788236155.621355326, 1384.600000000]: PHASE2_LOOP_WAYPOINT_REACHED vertex=35 waypoint=5
[INFO] [1788236157.593205110, 1386.600000000]: PHASE2_LOOP_WAYPOINT_REACHED vertex=35 waypoint=6
[INFO] [1788236157.593232703, 1386.600000000]: PHASE2_LOOP_EXECUTION_FINISHED vertex=35 waypoints=7
[INFO] [1788236157.598042056, 1386.600000000]: Exploration has finished.
double free or corruption (fasttop)
[WARN] [1788234770.347906, 0.000000]: Robot Start At 20
[WARN] [1788234770.400806, 0.000000]: Tsp problem solved by Concorde. 0.049329519271850586
<class 'networkx.utils.decorators.argmap'> compilation 4:4: FutureWarning: laplacian_matrix will return a scipy.sparse array instead of a matrix in Networkx 3.0.
[ERROR] [1788234789.502760, 18.500000]: Local path replan get wrong start and end vertex! Specify_end: True
[ERROR] [1788234789.503894, 18.500000]: new_local_path: [37, 20, 38, 19, 6, 1, 35, 0, 8, 9, 36, 10, 18, 11, 17, 12, 16, 14, 15, 13]
[ERROR] [1788234795.507265, 24.500000]: Local path replan get wrong start and end vertex! Specify_end: True
[ERROR] [1788234795.508831, 24.500000]: new_local_path: [37, 20, 38, 19, 6, 35, 1, 0, 8, 9, 36, 10, 18, 11, 17, 12, 16, 15, 14, 13]
[ERROR] [1788234801.534453, 30.500000]: Local path replan get wrong start and end vertex! Specify_end: True
[ERROR] [1788234801.535999, 30.500000]: new_local_path: [37, 20, 38, 19, 6, 1, 35, 0, 8, 9, 36, 10, 18, 11, 17, 13, 15, 14, 16, 12]
[ERROR] [1788234806.585019, 35.600000]: Local path replan get wrong start and end vertex! Specify_end: True
[ERROR] [1788234806.586733, 35.600000]: new_local_path: [37, 20, 38, 19, 6, 35, 1, 0, 8, 36, 9, 10, 18, 11, 12, 16, 14, 15, 13, 17]
[ERROR] [1788234811.605129, 40.600000]: Local path replan get wrong start and end vertex! Specify_end: True
[ERROR] [1788234811.606553, 40.600000]: new_local_path: [37, 20, 38, 19, 6, 1, 35, 0, 8, 9, 36, 10, 18, 11, 12, 16, 15, 14, 13, 17]
[ERROR] [1788234817.600453, 46.600000]: Local path replan get wrong start and end vertex! Specify_end: True
[ERROR] [1788234817.602209, 46.600000]: new_local_path: [37, 20, 38, 19, 6, 1, 35, 0, 8, 9, 36, 10, 18, 11, 12, 16, 15, 14, 13, 17]
[ERROR] [1788234823.573015, 52.600000]: Local path replan get wrong start and end vertex! Specify_end: True
[ERROR] [1788234823.574278, 52.600000]: new_local_path: [37, 20, 38, 19, 6, 1, 35, 0, 8, 9, 36, 10, 18, 11, 12, 17, 13, 15, 14, 16]
[WARN] [1788234835.596593, 64.600000]: New local path obtained!
[ERROR] [1788235446.830423, 675.800000]: Local path replan get wrong start and end vertex! Specify_end: True
[ERROR] [1788235446.832384, 675.800000]: new_local_path: [26, 38, 33, 28, 29, 30, 32, 31, 27, 25, 23, 21, 24, 22]
[ERROR] [1788235452.928114, 681.900000]: Local path replan get wrong start and end vertex! Specify_end: True
[ERROR] [1788235452.930892, 681.900000]: new_local_path: [26, 38, 33, 28, 29, 30, 32, 31, 27, 25, 22, 23, 24, 21]
[ERROR] [1788235458.838804, 687.800000]: Local path replan get wrong start and end vertex! Specify_end: True
[ERROR] [1788235458.840552, 687.800000]: new_local_path: [26, 38, 33, 28, 29, 30, 32, 31, 27, 25, 24, 23, 22, 21]
[ERROR] [1788235462.929296, 691.900000]: Local path replan get wrong start and end vertex! Specify_end: True
[ERROR] [1788235462.930824, 691.900000]: new_local_path: [26, 38, 33, 28, 29, 30, 32, 31, 27, 25, 24, 22, 23, 21]
[ERROR] [1788235468.867070, 697.900000]: Local path replan get wrong start and end vertex! Specify_end: True
[ERROR] [1788235468.868642, 697.900000]: new_local_path: [26, 38, 33, 28, 29, 30, 32, 31, 27, 25, 22, 24, 23, 21]
[WARN] [1788235475.046469, 704.100000]: New local path obtained!
[INFO] [1788236041.178499, 1270.200000]:                     covered_vertices: ()
[INFO] [1788236041.179338, 1270.200000]: Handle local replanning...
[INFO] [1788236041.180073, 1270.200000]: Local path to replan: [34, 2, 35]
Original tsp path is better!
[INFO] [1788236041.192158, 1270.200000]: curr path length: 46, is_loop length: 46
[INFO] [1788236041.193465, 1270.200000]: Send new plan: 20 37 17 13 15 14 16 12 11 18 10 36 9 8 0 1 35 6 19 38 20 20(L) 38 26 21 24 23 22 25 27 31 32 30 29 28 33 38 38(L) 33 7 5 4 3 34  ---> 2 35(L) 
[INFO] [1788236046.124513, 1275.100000]: Really visited vertices: 20 37 17 13 15 14 15 16 17 12 17 11 18 10 36 9 36 8 0 35 1 35 6 19 18 37 20 38 20 23 26 23 21 24 21 22 21 25 27 31 30 32 30 32 29 28 33 38 7 5 4 3 
[INFO] [1788236046.929574, 1275.900000]: Replanning request. curr_vertex_idx: 43
[INFO] [1788236046.930425, 1275.900000]:                     covered_vertices: ()
[INFO] [1788236046.931073, 1275.900000]: Handle local replanning...
[INFO] [1788236046.931592, 1275.900000]: Local path to replan: [34, 2, 35]
Original tsp path is better!
[INFO] [1788236046.943876, 1275.900000]: curr path length: 46, is_loop length: 46
[INFO] [1788236046.945258, 1276.000000]: Send new plan: 20 37 17 13 15 14 16 12 11 18 10 36 9 8 0 1 35 6 19 38 20 20(L) 38 26 21 24 23 22 25 27 31 32 30 29 28 33 38 38(L) 33 7 5 4 3 34  ---> 2 35(L) 
[INFO] [1788236053.333366, 1282.300000]: Replanning request. curr_vertex_idx: 43
[INFO] [1788236053.334307, 1282.300000]:                     covered_vertices: ()
[INFO] [1788236053.334957, 1282.300000]: Handle local replanning...
[INFO] [1788236053.335675, 1282.300000]: Local path to replan: [34, 2, 35]
Original tsp path is better!
[INFO] [1788236053.349029, 1282.400000]: curr path length: 46, is_loop length: 46
[INFO] [1788236053.350373, 1282.400000]: Send new plan: 20 37 17 13 15 14 16 12 11 18 10 36 9 8 0 1 35 6 19 38 20 20(L) 38 26 21 24 23 22 25 27 31 32 30 29 28 33 38 38(L) 33 7 5 4 3 34  ---> 2 35(L) 
[INFO] [1788236058.370986, 1287.400000]: Really visited vertices: 20 37 17 13 15 14 15 16 17 12 17 11 18 10 36 9 36 8 0 35 1 35 6 19 18 37 20 38 20 23 26 23 21 24 21 22 21 25 27 31 30 32 30 32 29 28 33 38 7 5 4 3 
[INFO] [1788236058.843253, 1287.800000]: Replanning request. curr_vertex_idx: 43
[INFO] [1788236058.844110, 1287.800000]:                     covered_vertices: ()
[INFO] [1788236058.844947, 1287.800000]: Handle local replanning...
[INFO] [1788236058.845716, 1287.900000]: Local path to replan: [34, 2, 35]
Original tsp path is better!
[INFO] [1788236058.858136, 1287.900000]: curr path length: 46, is_loop length: 46
[INFO] [1788236058.859381, 1287.900000]: Send new plan: 20 37 17 13 15 14 16 12 11 18 10 36 9 8 0 1 35 6 19 38 20 20(L) 38 26 21 24 23 22 25 27 31 32 30 29 28 33 38 38(L) 33 7 5 4 3 34  ---> 2 35(L) 
[INFO] [1788236065.563858, 1294.600000]: Replanning request. curr_vertex_idx: 44
[INFO] [1788236065.564652, 1294.600000]:                     covered_vertices: ()
[INFO] [1788236065.565217, 1294.600000]: Handle local replanning...
[INFO] [1788236065.565729, 1294.600000]: Local path to replan: [2, 35]
[INFO] [1788236065.566195, 1294.600000]: curr path length: 46, is_loop length: 46
[INFO] [1788236065.566682, 1294.600000]: Send new plan: 20 37 17 13 15 14 16 12 11 18 10 36 9 8 0 1 35 6 19 38 20 20(L) 38 26 21 24 23 22 25 27 31 32 30 29 28 33 38 38(L) 33 7 5 4 3 34 2  ---> 35(L) 
[INFO] [1788236070.388968, 1299.400000]: Really visited vertices: 20 37 17 13 15 14 15 16 17 12 17 11 18 10 36 9 36 8 0 35 1 35 6 19 18 37 20 38 20 23 26 23 21 24 21 22 21 25 27 31 30 32 30 32 29 28 33 38 7 5 4 3 34 
[INFO] [1788236071.089277, 1300.100000]: Replanning request. curr_vertex_idx: 44
[INFO] [1788236071.090354, 1300.100000]:                     covered_vertices: ()
[INFO] [1788236071.091011, 1300.100000]: Handle local replanning...
[INFO] [1788236071.091407, 1300.100000]: Local path to replan: [2, 35]
[INFO] [1788236071.091861, 1300.100000]: curr path length: 46, is_loop length: 46
[INFO] [1788236071.092547, 1300.100000]: Send new plan: 20 37 17 13 15 14 16 12 11 18 10 36 9 8 0 1 35 6 19 38 20 20(L) 38 26 21 24 23 22 25 27 31 32 30 29 28 33 38 38(L) 33 7 5 4 3 34 2  ---> 35(L) 
[INFO] [1788236076.302844, 1305.300000]: Really visited vertices: 20 37 17 13 15 14 15 16 17 12 17 11 18 10 36 9 36 8 0 35 1 35 6 19 18 37 20 38 20 23 26 23 21 24 21 22 21 25 27 31 30 32 30 32 29 28 33 38 7 5 4 3 34 
[INFO] [1788236076.936276, 1305.900000]: Replanning request. curr_vertex_idx: 44
[INFO] [1788236076.937178, 1305.900000]:                     covered_vertices: ()
[INFO] [1788236076.937671, 1305.900000]: Handle local replanning...
[INFO] [1788236076.938071, 1305.900000]: Local path to replan: [2, 35]
[INFO] [1788236076.938625, 1305.900000]: curr path length: 46, is_loop length: 46
[INFO] [1788236076.939308, 1305.900000]: Send new plan: 20 37 17 13 15 14 16 12 11 18 10 36 9 8 0 1 35 6 19 38 20 20(L) 38 26 21 24 23 22 25 27 31 32 30 29 28 33 38 38(L) 33 7 5 4 3 34 2  ---> 35(L) 
[INFO] [1788236081.991493, 1311.000000]: Really visited vertices: 20 37 17 13 15 14 15 16 17 12 17 11 18 10 36 9 36 8 0 35 1 35 6 19 18 37 20 38 20 23 26 23 21 24 21 22 21 25 27 31 30 32 30 32 29 28 33 38 7 5 4 3 34 2 
[INFO] [1788236082.932525, 1311.900000]: Replanning request. curr_vertex_idx: 44
[INFO] [1788236082.933448, 1311.900000]:                     covered_vertices: ()
[INFO] [1788236082.934079, 1311.900000]: Handle local replanning...
[INFO] [1788236082.934596, 1311.900000]: Local path to replan: [2, 35]
[INFO] [1788236082.935128, 1311.900000]: curr path length: 46, is_loop length: 46
[INFO] [1788236082.935611, 1311.900000]: Send new plan: 20 37 17 13 15 14 16 12 11 18 10 36 9 8 0 1 35 6 19 38 20 20(L) 38 26 21 24 23 22 25 27 31 32 30 29 28 33 38 38(L) 33 7 5 4 3 34 2  ---> 35(L) 
[INFO] [1788236088.688756, 1317.700000]: Really visited vertices: 20 37 17 13 15 14 15 16 17 12 17 11 18 10 36 9 36 8 0 35 1 35 6 19 18 37 20 38 20 23 26 23 21 24 21 22 21 25 27 31 30 32 30 32 29 28 33 38 7 5 4 3 34 2 
[INFO] [1788236089.419004, 1318.400000]: PHASE4A_SELECTIVE_DECISION vertex=35 span_m=7.22 gate=4.00 decision=NO_REPAIR
[INFO] [1788236100.086682, 1329.100000]: Really visited vertices: 20 37 17 13 15 14 15 16 17 12 17 11 18 10 36 9 36 8 0 35 1 35 6 19 18 37 20 38 20 23 26 23 21 24 21 22 21 25 27 31 30 32 30 32 29 28 33 38 7 5 4 3 34 2 
[INFO] [1788236112.017024, 1341.000000]: Really visited vertices: 20 37 17 13 15 14 15 16 17 12 17 11 18 10 36 9 36 8 0 35 1 35 6 19 18 37 20 38 20 23 26 23 21 24 21 22 21 25 27 31 30 32 30 32 29 28 33 38 7 5 4 3 34 2 1 
[INFO] [1788236118.855516, 1347.900000]: Really visited vertices: 20 37 17 13 15 14 15 16 17 12 17 11 18 10 36 9 36 8 0 35 1 35 6 19 18 37 20 38 20 23 26 23 21 24 21 22 21 25 27 31 30 32 30 32 29 28 33 38 7 5 4 3 34 2 1 
[INFO] [1788236157.594595, 1386.600000]: Replanning request. curr_vertex_idx: 45
[INFO] [1788236157.595524, 1386.600000]:                     covered_vertices: ()
[INFO] [1788236157.596312, 1386.600000]: curr path length: 46, is_loop length: 46
[INFO] [1788236157.596956, 1386.600000]: Send new plan: 20 37 17 13 15 14 16 12 11 18 10 36 9 8 0 1 35 6 19 38 20 20(L) 38 26 21 24 23 22 25 27 31 32 30 29 28 33 38 38(L) 33 7 5 4 3 34 2 35(L)  ---> 
[INFO] [1788236168.092395, 1396.500000]: Pose graph has: 1031 vertices, 1836 edges.
[31m[RVIZ-16] escalating to SIGTERM[0m
... logging to /home/wcqw/ac-slam/catkin_ws/.ros/log/98b75d2e-a5b8-11f1-acdb-2f8a05f5d540/roslaunch-msxg-114375.log
Checking log directory for disk usage. This may take a while.
Press Ctrl-C to interrupt
Done checking log file disk usage. Usage is <1GB.
]2;/home/wcqw/ac-slam/baseline/Graph-Based_SLAM-Aware_Exploration/launch/exploration.launch
[1mstarted roslaunch server http://127.0.0.1:39951/[0m

SUMMARY
========

PARAMETERS
 * /Mapper/LoopMatchMaximumVarianceCoarse: 0.16
 * /Mapper/LoopMatchMinimumChainSize: 4
 * /Mapper/LoopMatchMinimumResponseCoarse: 0.6
 * /Mapper/LoopMatchMinimumResponseFine: 0.7
 * /Mapper/LoopSearchMaximumDistance: 4
 * /Mapper/LoopSearchSpaceDimension: 5.0
 * /Mapper/MinimumTravelDistance: 1.0
 * /Mapper/MinimumTravelHeading: 0.52
 * /Mapper/enable_loop_diagnostics: False
 * /Mapper/grid_resolution: 0.1
 * /Mapper/loop_diagnostics_path: 
 * /Mapper/loop_diagnostics_run_id: 
 * /Mapper/map_frame: map
 * /Mapper/map_update_rate: 5
 * /Mapper/max_covariance: 0.01
 * /Mapper/max_particles: 10000
 * /Mapper/min_map_size: 20
 * /Mapper/min_particles: 2500
 * /Mapper/publish_pose_graph: True
 * /Mapper/range_threshold: 25.0
 * /Mapper/transform_publish_period: 0.1
 * /Navigator/command_target_distance: 1.5
 * /Navigator/exploration_goal_distance: 3.0
 * /Navigator/exploration_strategy: MyPlanner
 * /Navigator/frequency: 1
 * /Navigator/map_inflation_radius: 1.0
 * /Navigator/max_replanning_period: 1.0
 * /Navigator/min_replanning_period: 5.0
 * /Navigator/min_target_area_size: 1.0
 * /Navigator/navigation_goal_angle: 1.0
 * /Navigator/navigation_goal_distance: 2.0
 * /Navigator/navigation_homing_distance: 4.0
 * /Navigator/robot_radius: 0.5
 * /Navigator/save_path_plan_time: /home/wcqw/ac-sla...
 * /Navigator/use_local_planner: True
 * /Navigator/visualize_frontiers: True
 * /Operator/conformance_weight: 1
 * /Operator/continue_weight: 1
 * /Operator/escape_weight: 1
 * /Operator/frequency: 10
 * /Operator/local_map/cost_scaling_factor: 2.0
 * /Operator/local_map/global_frame: odom
 * /Operator/local_map/height: 6.0
 * /Operator/local_map/inflation_radius: 0.75
 * /Operator/local_map/lethal_cost_threshold: 100
 * /Operator/local_map/map_type: costmap
 * /Operator/local_map/max_obstacle_height: 2.0
 * /Operator/local_map/min_obstacle_height: 0.0
 * /Operator/local_map/observation_sources: scan
 * /Operator/local_map/obstacle_range: 4.0
 * /Operator/local_map/publish_frequency: 1.0
 * /Operator/local_map/publish_voxel_map: True
 * /Operator/local_map/raytrace_range: 4.5
 * /Operator/local_map/resolution: 0.05
 * /Operator/local_map/robot_base_frame: base_link
 * /Operator/local_map/robot_radius: 0.4
 * /Operator/local_map/rolling_window: True
 * /Operator/local_map/scan/clearing: True
 * /Operator/local_map/scan/data_type: LaserScan
 * /Operator/local_map/scan/expected_update_rate: 0.4
 * /Operator/local_map/scan/marking: True
 * /Operator/local_map/scan/max_obstacle_height: 0.4
 * /Operator/local_map/scan/min_obstacle_height: 0.08
 * /Operator/local_map/scan/observation_persistence: 0.0
 * /Operator/local_map/static_map: False
 * /Operator/local_map/track_unknown_space: True
 * /Operator/local_map/transform_tolerance: 0.3
 * /Operator/local_map/update_frequency: 5.0
 * /Operator/local_map/width: 6.0
 * /Operator/max_free_space: 3.0
 * /Operator/max_velocity: 1.0
 * /Operator/publish_route: True
 * /Operator/safety_decay: 0.99
 * /Operator/safety_weight: 1
 * /Stage/base_watchdog_timeout: 0
 * /laser_frame: base_laser_link
 * /laser_topic: base_scan
 * /map_frame: map
 * /map_server/frame_id: map
 * /map_service: static_map
 * /map_topic: map
 * /odometry_frame: odom
 * /offset_frame: offset
 * /path_planner/g2o_save_path: /home/wcqw/ac-sla...
 * /path_planner/map_width: 86.8
 * /path_planner/need_noise: False
 * /path_planner/only_use_tsp: False
 * /path_planner/oracle_after: 8
 * /path_planner/oracle_before: 8
 * /path_planner/oracle_densify_m: 0.5
 * /path_planner/oracle_dir_lambda: 1.0
 * /path_planner/oracle_mode: 2
 * /path_planner/oracle_repair_densify: 0.5
 * /path_planner/oracle_repair_max_len: 12.0
 * /path_planner/oracle_repair_max_wp: 24
 * /path_planner/oracle_span_gate: 4.0
 * /path_planner/prior_map_save_path: /home/wcqw/ac-sla...
 * /path_planner/robot_position: 0.0 0.0 0
 * /path_planner/tsp_record_path: /home/wcqw/ac-sla...
 * /path_planner/tsp_seed: 21004
 * /path_planner/tsp_solver: concorde
 * /path_planner/use_drawio: True
 * /path_planner/variance: 0.0
 * /path_planner/xml_path: /home/wcqw/ac-sla...
 * /pubPath/gt_save_path: /home/wcqw/ac-sla...
 * /pubPath/robot_position: 0.0 0.0 0
 * /pubPath/slam_save_path: /home/wcqw/ac-sla...
 * /robot_description: <?xml version="1....
 * /robot_frame: base_link
 * /robot_start_position: 0.0 0.0 0
 * /robot_state_publisher/publish_frequency: 30.0
 * /robot_state_publisher/tf_prefix: 
 * /rosdistro: noetic
 * /rosversion: 1.17.4
 * /use_sim_time: True
 * /use_tf1: True

NODES
  /
    Explore (nav2d_navigator/explore_client)
    GetMap (nav2d_navigator/get_map_client)
    Mapper (nav2d_karto/mapper)
    Navigator (nav2d_navigator/navigator)
    Operator (nav2d_operator/operator)
    RVIZ (rviz/rviz)
    SetGoal (nav2d_navigator/set_goal_client)
    Stage (stage_ros/stageros)
    exploration_button_server (cpp_solver/exploration_button_server.py)
    map_server (map_server/map_server)
    path_planner (cpp_solver/path_planner.py)
    pubPath (cpp_solver/pub_path)
    publisher (p2os_urdf/p2os_publisher_3at)
    robot_state_publisher (robot_state_publisher/robot_state_publisher)
    rqt_robot_steering (rqt_robot_steering/rqt_robot_steering)
    updateDistance (cpp_solver/updateDistance)

[1mROS_MASTER_URI=http://localhost:11311[0m
]2;/home/wcqw/ac-slam/baseline/Graph-Based_SLAM-Aware_Exploration/launch/exploration.launch http://localhost:11311
[1mprocess[Stage-1]: started with pid [114487][0m
[1mprocess[map_server-2]: started with pid [114488][0m
[1mprocess[Operator-3]: started with pid [114489][0m
[1mprocess[Mapper-4]: started with pid [114494][0m
[1mprocess[Navigator-5]: started with pid [114499][0m
[1mprocess[GetMap-6]: started with pid [114505][0m
[1mprocess[Explore-7]: started with pid [114511][0m
[1mprocess[SetGoal-8]: started with pid [114515][0m
[1mprocess[pubPath-9]: started with pid [114526][0m
[1mprocess[updateDistance-10]: started with pid [114532][0m
[1mprocess[exploration_button_server-11]: started with pid [114534][0m
[1mprocess[path_planner-12]: started with pid [114542][0m
[1mprocess[rqt_robot_steering-13]: started with pid [114544][0m
[1mprocess[robot_state_publisher-14]: started with pid [114547][0m
[1mprocess[publisher-15]: started with pid [114549][0m
[1mprocess[RVIZ-16]: started with pid [114554][0m
[RVIZ-16] killing on exit
[publisher-15] killing on exit
[robot_state_publisher-14] killing on exit
[exploration_button_server-11] killing on exit
[path_planner-12] killing on exit
[rqt_robot_steering-13] killing on exit
[updateDistance-10] killing on exit
[SetGoal-8] killing on exit
[pubPath-9] killing on exit
[Explore-7] killing on exit
[GetMap-6] killing on exit
[Navigator-5] killing on exit
[Mapper-4] killing on exit
[Operator-3] killing on exit
[map_server-2] killing on exit
[Stage-1] killing on exit
shutting down processing monitor...
... shutting down processing monitor complete
[1mdone[0m
