timestamp,event,data
24.200000000,REPLAN_REQUESTED,"{""message"": ""Replanning request. curr_vertex_idx: 0"", ""wall_time_utc"": ""2026-09-01T16:18:34.126319+00:00""}"
24.200000000,SLAM_PATH_CREATED,"{""node"": ""/Navigator"", ""path"": [62, 82, 98, 106, 90, 81, 63, 70, 63, 52, 48, 56, 57, 51, 57, 56, 48, 30, 20, 16, 5, 16, 148, 10, 148, 16, 20, 9, 4, 9, 147, 7, 147, 9, 20, 30, 24, 15, 14, 15, 6, 15, 24, 22, 24, 37, 31, 37, 42, 44, 33, 29, 33, 28, 33, 41, 36, 38, 36, 32, 149, 18, 146, 3, 146, 18, 27, 18, 8, 18, 13, 18, 19, 12, 19, 26, 19, 23, 21, 17, 21, 25, 11, 25, 39, 43, 35, 40, 35, 150, 35, 43, 39, 45, 49, 45, 58, 73, 58, 154, 54, 50, 54, 59, 74, 59, 157, 156, 155, 55, 69, 59, 69, 55, 60, 47, 41, 47, 46, 47, 61, 80, 82, 80, 79, 89, 78, 69, 78, 87, 163, 86, 75, 162, 77, 58, 77, 88, 85, 88, 97, 111, 166, 111, 124, 133, 124, 129, 104, 166, 104, 108, 92, 87, 92, 105, 116, 130, 134, 137, 134, 125, 138, 125, 117, 139, 117, 140, 117, 121, 141, 121, 122, 112, 122, 123, 106, 123, 142, 123, 126, 113, 109, 100, 109, 99, 109, 165, 100, 165, 109, 113, 126, 127, 143, 127, 118, 101, 102, 94, 102, 101, 91, 83, 91, 93, 91, 101, 118, 167, 114, 110, 114, 135, 114, 128, 131, 136, 131, 145, 131, 144, 131, 119, 115, 120, 115, 132, 115, 107, 164, 96, 164, 107, 103, 95, 84, 68, 64, 53, 64, 71, 64, 68, 153, 64, 153, 152, 151, 34, 151, 152, 153, 68, 84, 72, 65, 72, 158, 65, 158, 72, 161, 160, 66, 159, 67, 76], ""wall_time_utc"": ""2026-09-01T16:18:34.129920+00:00""}"
24.200000000,LOOP_INSERTED,"{""path_index"": 111, ""vertex"": 59, ""wall_time_utc"": ""2026-09-01T16:18:34.130090+00:00""}"
24.200000000,LOOP_INSERTED,"{""path_index"": 116, ""vertex"": 41, ""wall_time_utc"": ""2026-09-01T16:18:34.130114+00:00""}"
24.200000000,LOOP_INSERTED,"{""path_index"": 122, ""vertex"": 82, ""wall_time_utc"": ""2026-09-01T16:18:34.130129+00:00""}"
24.200000000,LOOP_INSERTED,"{""path_index"": 127, ""vertex"": 69, ""wall_time_utc"": ""2026-09-01T16:18:34.130144+00:00""}"
24.200000000,LOOP_INSERTED,"{""path_index"": 135, ""vertex"": 58, ""wall_time_utc"": ""2026-09-01T16:18:34.130158+00:00""}"
24.200000000,LOOP_INSERTED,"{""path_index"": 149, ""vertex"": 166, ""wall_time_utc"": ""2026-09-01T16:18:34.130172+00:00""}"
24.200000000,LOOP_INSERTED,"{""path_index"": 153, ""vertex"": 87, ""wall_time_utc"": ""2026-09-01T16:18:34.130185+00:00""}"
24.200000000,LOOP_INSERTED,"{""path_index"": 176, ""vertex"": 106, ""wall_time_utc"": ""2026-09-01T16:18:34.130200+00:00""}"
24.200000000,LOOP_INSERTED,"{""path_index"": 183, ""vertex"": 100, ""wall_time_utc"": ""2026-09-01T16:18:34.130213+00:00""}"
24.200000000,LOOP_INSERTED,"{""path_index"": 245, ""vertex"": 64, ""wall_time_utc"": ""2026-09-01T16:18:34.130228+00:00""}"
24.200000000,LOOP_INSERTED,"{""path_index"": 256, ""vertex"": 65, ""wall_time_utc"": ""2026-09-01T16:18:34.130242+00:00""}"
42.600000000,LOCAL_REPLAN,"{""message"": ""Call local replanning..."", ""wall_time_utc"": ""2026-09-01T16:18:52.487224+00:00""}"
42.600000000,REPLAN_REQUESTED,"{""message"": ""Replanning request. curr_vertex_idx: 0"", ""wall_time_utc"": ""2026-09-01T16:18:52.488859+00:00""}"
42.600000000,GOAL_REACHED,"{""vertex"": 62, ""wall_time_utc"": ""2026-09-01T16:18:52.493037+00:00""}"
43.500000000,LOCAL_REPLAN,"{""message"": ""Call local replanning..."", ""wall_time_utc"": ""2026-09-01T16:18:53.442112+00:00""}"
43.500000000,REPLAN_REQUESTED,"{""message"": ""Replanning request. curr_vertex_idx: 0"", ""wall_time_utc"": ""2026-09-01T16:18:53.444253+00:00""}"
49.600000000,LOCAL_REPLAN,"{""message"": ""Call local replanning..."", ""wall_time_utc"": ""2026-09-01T16:18:59.459482+00:00""}"
49.700000000,REPLAN_REQUESTED,"{""message"": ""Replanning request. curr_vertex_idx: 0"", ""wall_time_utc"": ""2026-09-01T16:18:59.611259+00:00""}"
49.700000000,NO_FRONTIER,"{""message"": ""No frontier at vertex 62. #Frontier: 0"", ""wall_time_utc"": ""2026-09-01T16:18:59.617776+00:00""}"
49.700000000,REPEATED_VISIT_SKIP,"{""message"": ""Skip repeated visit to vertex 82"", ""wall_time_utc"": ""2026-09-01T16:18:59.617869+00:00""}"
55.600000000,LOCAL_REPLAN,"{""message"": ""Call local replanning..."", ""wall_time_utc"": ""2026-09-01T16:19:05.473396+00:00""}"
55.600000000,REPLAN_REQUESTED,"{""message"": ""Replanning request. curr_vertex_idx: 2"", ""wall_time_utc"": ""2026-09-01T16:19:05.475152+00:00""}"
59.600000000,LOCAL_REPLAN,"{""message"": ""Call local replanning..."", ""wall_time_utc"": ""2026-09-01T16:19:09.509146+00:00""}"
59.600000000,REPLAN_REQUESTED,"{""message"": ""Replanning request. curr_vertex_idx: 2"", ""wall_time_utc"": ""2026-09-01T16:19:09.511217+00:00""}"
59.600000000,GOAL_REACHED,"{""vertex"": 98, ""wall_time_utc"": ""2026-09-01T16:19:09.514970+00:00""}"
59.600000000,NO_FRONTIER,"{""message"": ""No frontier at vertex 98. #Frontier: 0"", ""wall_time_utc"": ""2026-09-01T16:19:09.515083+00:00""}"
64.600000000,LOCAL_REPLAN,"{""message"": ""Call local replanning..."", ""wall_time_utc"": ""2026-09-01T16:19:14.511600+00:00""}"
64.600000000,REPLAN_REQUESTED,"{""message"": ""Replanning request. curr_vertex_idx: 3"", ""wall_time_utc"": ""2026-09-01T16:19:14.513010+00:00""}"
64.600000000,GOAL_SKIP,"{""message"": ""Skip currGoal 106 that has no frontier and seen by robot"", ""wall_time_utc"": ""2026-09-01T16:19:14.517107+00:00""}"
64.600000000,REPEATED_VISIT_SKIP,"{""message"": ""Skip repeated visit to vertex 90"", ""wall_time_utc"": ""2026-09-01T16:19:14.517157+00:00""}"
64.600000000,REPEATED_VISIT_SKIP,"{""message"": ""Skip repeated visit to vertex 81"", ""wall_time_utc"": ""2026-09-01T16:19:14.517175+00:00""}"
64.600000000,REPEATED_VISIT_SKIP,"{""message"": ""Skip repeated visit to vertex 63"", ""wall_time_utc"": ""2026-09-01T16:19:14.517190+00:00""}"
70.600000000,LOCAL_REPLAN,"{""message"": ""Call local replanning..."", ""wall_time_utc"": ""2026-09-01T16:19:20.512587+00:00""}"
70.600000000,GOAL_SKIP,"{""message"": ""Skip currGoal 70 that has no frontier and seen by robot"", ""wall_time_utc"": ""2026-09-01T16:19:20.517049+00:00""}"
70.600000000,REPEATED_VISIT_SKIP,"{""message"": ""Skip repeated visit to vertex 63"", ""wall_time_utc"": ""2026-09-01T16:19:20.517097+00:00""}"
70.600000000,REPLAN_REQUESTED,"{""message"": ""Replanning request. curr_vertex_idx: 7"", ""wall_time_utc"": ""2026-09-01T16:19:20.529302+00:00""}"
76.600000000,LOCAL_REPLAN,"{""message"": ""Call local replanning..."", ""wall_time_utc"": ""2026-09-01T16:19:26.509211+00:00""}"
76.600000000,REPLAN_REQUESTED,"{""message"": ""Replanning request. curr_vertex_idx: 9"", ""wall_time_utc"": ""2026-09-01T16:19:26.511746+00:00""}"
82.700000000,LOCAL_REPLAN,"{""message"": ""Call local replanning..."", ""wall_time_utc"": ""2026-09-01T16:19:32.570588+00:00""}"
82.700000000,REPLAN_REQUESTED,"{""message"": ""Replanning request. curr_vertex_idx: 9"", ""wall_time_utc"": ""2026-09-01T16:19:32.572683+00:00""}"
82.700000000,GOAL_SKIP,"{""message"": ""Skip currGoal 52 that has no frontier and seen by robot"", ""wall_time_utc"": ""2026-09-01T16:19:32.576395+00:00""}"
82.700000000,REPEATED_VISIT_SKIP,"{""message"": ""Skip repeated visit to vertex 48"", ""wall_time_utc"": ""2026-09-01T16:19:32.576463+00:00""}"
88.700000000,LOCAL_REPLAN,"{""message"": ""Call local replanning..."", ""wall_time_utc"": ""2026-09-01T16:19:38.575368+00:00""}"
88.700000000,REPLAN_REQUESTED,"{""message"": ""Replanning request. curr_vertex_idx: 11"", ""wall_time_utc"": ""2026-09-01T16:19:38.576851+00:00""}"
93.700000000,LOCAL_REPLAN,"{""message"": ""Call local replanning..."", ""wall_time_utc"": ""2026-09-01T16:19:43.561974+00:00""}"
93.700000000,REPLAN_REQUESTED,"{""message"": ""Replanning request. curr_vertex_idx: 11"", ""wall_time_utc"": ""2026-09-01T16:19:43.563322+00:00""}"
93.700000000,GOAL_REACHED,"{""vertex"": 56, ""wall_time_utc"": ""2026-09-01T16:19:43.566590+00:00""}"
95.700000000,LOCAL_REPLAN,"{""message"": ""Call local replanning..."", ""wall_time_utc"": ""2026-09-01T16:19:45.557129+00:00""}"
95.700000000,REPLAN_REQUESTED,"{""message"": ""Replanning request. curr_vertex_idx: 11"", ""wall_time_utc"": ""2026-09-01T16:19:45.559644+00:00""}"
95.700000000,NO_FRONTIER,"{""message"": ""No frontier at vertex 56. #Frontier: 0"", ""wall_time_utc"": ""2026-09-01T16:19:45.563109+00:00""}"
99.600000000,LOCAL_REPLAN,"{""message"": ""Call local replanning..."", ""wall_time_utc"": ""2026-09-01T16:19:49.540697+00:00""}"
99.600000000,REPLAN_REQUESTED,"{""message"": ""Replanning request. curr_vertex_idx: 12"", ""wall_time_utc"": ""2026-09-01T16:19:49.542639+00:00""}"
99.600000000,GOAL_REACHED,"{""vertex"": 57, ""wall_time_utc"": ""2026-09-01T16:19:49.546437+00:00""}"
99.600000000,NO_FRONTIER,"{""message"": ""No frontier at vertex 57. #Frontier: 0"", ""wall_time_utc"": ""2026-09-01T16:19:49.546486+00:00""}"
99.600000000,REPEATED_VISIT_SKIP,"{""message"": ""Skip repeated visit to vertex 51"", ""wall_time_utc"": ""2026-09-01T16:19:49.546504+00:00""}"
99.600000000,REPEATED_VISIT_SKIP,"{""message"": ""Skip repeated visit to vertex 57"", ""wall_time_utc"": ""2026-09-01T16:19:49.546518+00:00""}"
99.600000000,REPEATED_VISIT_SKIP,"{""message"": ""Skip repeated visit to vertex 56"", ""wall_time_utc"": ""2026-09-01T16:19:49.546531+00:00""}"
99.600000000,REPEATED_VISIT_SKIP,"{""message"": ""Skip repeated visit to vertex 48"", ""wall_time_utc"": ""2026-09-01T16:19:49.546543+00:00""}"
105.600000000,LOCAL_REPLAN,"{""message"": ""Call local replanning..."", ""wall_time_utc"": ""2026-09-01T16:19:55.536370+00:00""}"
105.600000000,REPLAN_REQUESTED,"{""message"": ""Replanning request. curr_vertex_idx: 17"", ""wall_time_utc"": ""2026-09-01T16:19:55.538134+00:00""}"
111.600000000,LOCAL_REPLAN,"{""message"": ""Call local replanning..."", ""wall_time_utc"": ""2026-09-01T16:20:01.538949+00:00""}"
111.600000000,REPLAN_REQUESTED,"{""message"": ""Replanning request. curr_vertex_idx: 17"", ""wall_time_utc"": ""2026-09-01T16:20:01.541176+00:00""}"
117.600000000,LOCAL_REPLAN,"{""message"": ""Call local replanning..."", ""wall_time_utc"": ""2026-09-01T16:20:07.526724+00:00""}"
117.600000000,REPLAN_REQUESTED,"{""message"": ""Replanning request. curr_vertex_idx: 17"", ""wall_time_utc"": ""2026-09-01T16:20:07.528850+00:00""}"
123.700000000,LOCAL_REPLAN,"{""message"": ""Call local replanning..."", ""wall_time_utc"": ""2026-09-01T16:20:13.610208+00:00""}"
123.700000000,REPLAN_REQUESTED,"{""message"": ""Replanning request. curr_vertex_idx: 17"", ""wall_time_utc"": ""2026-09-01T16:20:13.611901+00:00""}"
128.700000000,LOCAL_REPLAN,"{""message"": ""Call local replanning..."", ""wall_time_utc"": ""2026-09-01T16:20:18.655751+00:00""}"
128.800000000,REPLAN_REQUESTED,"{""message"": ""Replanning request. curr_vertex_idx: 17"", ""wall_time_utc"": ""2026-09-01T16:20:18.658009+00:00""}"
128.800000000,GOAL_REACHED,"{""vertex"": 30, ""wall_time_utc"": ""2026-09-01T16:20:18.662323+00:00""}"
134.800000000,LOCAL_REPLAN,"{""message"": ""Call local replanning..."", ""wall_time_utc"": ""2026-09-01T16:20:24.669181+00:00""}"
134.800000000,REPLAN_REQUESTED,"{""message"": ""Replanning request. curr_vertex_idx: 17"", ""wall_time_utc"": ""2026-09-01T16:20:24.670967+00:00""}"
136.600000000,LOCAL_REPLAN,"{""message"": ""Call local replanning..."", ""wall_time_utc"": ""2026-09-01T16:20:26.555467+00:00""}"
136.700000000,REPLAN_REQUESTED,"{""message"": ""Replanning request. curr_vertex_idx: 17"", ""wall_time_utc"": ""2026-09-01T16:20:26.557678+00:00""}"
142.700000000,LOCAL_REPLAN,"{""message"": ""Call local replanning..."", ""wall_time_utc"": ""2026-09-01T16:20:32.650219+00:00""}"
142.700000000,REPLAN_REQUESTED,"{""message"": ""Replanning request. curr_vertex_idx: 17"", ""wall_time_utc"": ""2026-09-01T16:20:32.652781+00:00""}"
147.600000000,LOCAL_REPLAN,"{""message"": ""Call local replanning..."", ""wall_time_utc"": ""2026-09-01T16:20:37.551956+00:00""}"
147.600000000,REPLAN_REQUESTED,"{""message"": ""Replanning request. curr_vertex_idx: 17"", ""wall_time_utc"": ""2026-09-01T16:20:37.553761+00:00""}"
147.700000000,NO_FRONTIER,"{""message"": ""No frontier at vertex 30. #Frontier: 0"", ""wall_time_utc"": ""2026-09-01T16:20:37.556824+00:00""}"
147.700000000,REPEATED_VISIT_SKIP,"{""message"": ""Skip repeated visit to vertex 20"", ""wall_time_utc"": ""2026-09-01T16:20:37.557004+00:00""}"
147.700000000,REPEATED_VISIT_SKIP,"{""message"": ""Skip repeated visit to vertex 16"", ""wall_time_utc"": ""2026-09-01T16:20:37.557052+00:00""}"
147.700000000,REPEATED_VISIT_SKIP,"{""message"": ""Skip repeated visit to vertex 5"", ""wall_time_utc"": ""2026-09-01T16:20:37.557079+00:00""}"
147.700000000,REPEATED_VISIT_SKIP,"{""message"": ""Skip repeated visit to vertex 16"", ""wall_time_utc"": ""2026-09-01T16:20:37.557101+00:00""}"
153.600000000,LOCAL_REPLAN,"{""message"": ""Call local replanning..."", ""wall_time_utc"": ""2026-09-01T16:20:43.530116+00:00""}"
153.600000000,REPLAN_REQUESTED,"{""message"": ""Replanning request. curr_vertex_idx: 22"", ""wall_time_utc"": ""2026-09-01T16:20:43.531929+00:00""}"
159.600000000,LOCAL_REPLAN,"{""message"": ""Call local replanning..."", ""wall_time_utc"": ""2026-09-01T16:20:49.521807+00:00""}"
159.600000000,REPLAN_REQUESTED,"{""message"": ""Replanning request. curr_vertex_idx: 22"", ""wall_time_utc"": ""2026-09-01T16:20:49.523722+00:00""}"
165.700000000,LOCAL_REPLAN,"{""message"": ""Call local replanning..."", ""wall_time_utc"": ""2026-09-01T16:20:55.609136+00:00""}"
165.700000000,REPLAN_REQUESTED,"{""message"": ""Replanning request. curr_vertex_idx: 22"", ""wall_time_utc"": ""2026-09-01T16:20:55.611100+00:00""}"
165.700000000,GOAL_SKIP,"{""message"": ""Skip currGoal 148 that has no frontier and seen by robot"", ""wall_time_utc"": ""2026-09-01T16:20:55.614942+00:00""}"
165.700000000,REPEATED_VISIT_SKIP,"{""message"": ""Skip repeated visit to vertex 10"", ""wall_time_utc"": ""2026-09-01T16:20:55.614997+00:00""}"
165.700000000,REPEATED_VISIT_SKIP,"{""message"": ""Skip repeated visit to vertex 148"", ""wall_time_utc"": ""2026-09-01T16:20:55.615015+00:00""}"
165.700000000,REPEATED_VISIT_SKIP,"{""message"": ""Skip repeated visit to vertex 16"", ""wall_time_utc"": ""2026-09-01T16:20:55.615028+00:00""}"
165.700000000,REPEATED_VISIT_SKIP,"{""message"": ""Skip repeated visit to vertex 20"", ""wall_time_utc"": ""2026-09-01T16:20:55.615040+00:00""}"
165.700000000,REPEATED_VISIT_SKIP,"{""message"": ""Skip repeated visit to vertex 9"", ""wall_time_utc"": ""2026-09-01T16:20:55.615052+00:00""}"
165.700000000,REPEATED_VISIT_SKIP,"{""message"": ""Skip repeated visit to vertex 4"", ""wall_time_utc"": ""2026-09-01T16:20:55.615065+00:00""}"
165.700000000,REPEATED_VISIT_SKIP,"{""message"": ""Skip repeated visit to vertex 9"", ""wall_time_utc"": ""2026-09-01T16:20:55.615077+00:00""}"
171.600000000,LOCAL_REPLAN,"{""message"": ""Call local replanning..."", ""wall_time_utc"": ""2026-09-01T16:21:01.534755+00:00""}"
171.600000000,REPLAN_REQUESTED,"{""message"": ""Replanning request. curr_vertex_idx: 30"", ""wall_time_utc"": ""2026-09-01T16:21:01.537095+00:00""}"
171.600000000,GOAL_SKIP,"{""message"": ""Skip currGoal 147 that has no frontier and seen by robot"", ""wall_time_utc"": ""2026-09-01T16:21:01.540465+00:00""}"
177.600000000,LOCAL_REPLAN,"{""message"": ""Call local replanning..."", ""wall_time_utc"": ""2026-09-01T16:21:07.530348+00:00""}"
177.600000000,REPLAN_REQUESTED,"{""message"": ""Replanning request. curr_vertex_idx: 31"", ""wall_time_utc"": ""2026-09-01T16:21:07.532315+00:00""}"
181.700000000,LOCAL_REPLAN,"{""message"": ""Call local replanning..."", ""wall_time_utc"": ""2026-09-01T16:21:11.564070+00:00""}"
181.700000000,REPLAN_REQUESTED,"{""message"": ""Replanning request. curr_vertex_idx: 31"", ""wall_time_utc"": ""2026-09-01T16:21:11.565528+00:00""}"
183.700000000,LOCAL_REPLAN,"{""message"": ""Call local replanning..."", ""wall_time_utc"": ""2026-09-01T16:21:13.593583+00:00""}"
183.700000000,REPLAN_REQUESTED,"{""message"": ""Replanning request. curr_vertex_idx: 31"", ""wall_time_utc"": ""2026-09-01T16:21:13.595460+00:00""}"
189.600000000,LOCAL_REPLAN,"{""message"": ""Call local replanning..."", ""wall_time_utc"": ""2026-09-01T16:21:19.537759+00:00""}"
189.600000000,REPLAN_REQUESTED,"{""message"": ""Replanning request. curr_vertex_idx: 31"", ""wall_time_utc"": ""2026-09-01T16:21:19.539760+00:00""}"
195.700000000,LOCAL_REPLAN,"{""message"": ""Call local replanning..."", ""wall_time_utc"": ""2026-09-01T16:21:25.562485+00:00""}"
195.700000000,REPLAN_REQUESTED,"{""message"": ""Replanning request. curr_vertex_idx: 31"", ""wall_time_utc"": ""2026-09-01T16:21:25.564252+00:00""}"
201.600000000,LOCAL_REPLAN,"{""message"": ""Call local replanning..."", ""wall_time_utc"": ""2026-09-01T16:21:46.674046+00:00""}"
201.600000000,REPLAN_REQUESTED,"{""message"": ""Replanning request. curr_vertex_idx: 31"", ""wall_time_utc"": ""2026-09-01T16:21:46.676360+00:00""}"
207.600000000,LOCAL_REPLAN,"{""message"": ""Call local replanning..."", ""wall_time_utc"": ""2026-09-01T16:22:16.588629+00:00""}"
207.600000000,REPLAN_REQUESTED,"{""message"": ""Replanning request. curr_vertex_idx: 31"", ""wall_time_utc"": ""2026-09-01T16:22:16.590925+00:00""}"
213.600000000,LOCAL_REPLAN,"{""message"": ""Call local replanning..."", ""wall_time_utc"": ""2026-09-01T16:22:46.581723+00:00""}"
213.600000000,REPLAN_REQUESTED,"{""message"": ""Replanning request. curr_vertex_idx: 31"", ""wall_time_utc"": ""2026-09-01T16:22:46.583775+00:00""}"
219.600000000,LOCAL_REPLAN,"{""message"": ""Call local replanning..."", ""wall_time_utc"": ""2026-09-01T16:23:16.588452+00:00""}"
219.600000000,REPLAN_REQUESTED,"{""message"": ""Replanning request. curr_vertex_idx: 31"", ""wall_time_utc"": ""2026-09-01T16:23:16.590705+00:00""}"
219.600000000,GOAL_SKIP,"{""message"": ""Skip currGoal 7 that has no frontier and seen by robot"", ""wall_time_utc"": ""2026-09-01T16:23:16.594064+00:00""}"
219.600000000,REPEATED_VISIT_SKIP,"{""message"": ""Skip repeated visit to vertex 147"", ""wall_time_utc"": ""2026-09-01T16:23:16.594104+00:00""}"
219.600000000,REPEATED_VISIT_SKIP,"{""message"": ""Skip repeated visit to vertex 9"", ""wall_time_utc"": ""2026-09-01T16:23:16.594122+00:00""}"
219.600000000,REPEATED_VISIT_SKIP,"{""message"": ""Skip repeated visit to vertex 20"", ""wall_time_utc"": ""2026-09-01T16:23:16.594136+00:00""}"
219.600000000,REPEATED_VISIT_SKIP,"{""message"": ""Skip repeated visit to vertex 30"", ""wall_time_utc"": ""2026-09-01T16:23:16.594148+00:00""}"
219.600000000,REPEATED_VISIT_SKIP,"{""message"": ""Skip repeated visit to vertex 24"", ""wall_time_utc"": ""2026-09-01T16:23:16.594160+00:00""}"
219.600000000,REPEATED_VISIT_SKIP,"{""message"": ""Skip repeated visit to vertex 15"", ""wall_time_utc"": ""2026-09-01T16:23:16.594173+00:00""}"
225.600000000,LOCAL_REPLAN,"{""message"": ""Call local replanning..."", ""wall_time_utc"": ""2026-09-01T16:23:46.590475+00:00""}"
225.600000000,REPLAN_REQUESTED,"{""message"": ""Replanning request. curr_vertex_idx: 38"", ""wall_time_utc"": ""2026-09-01T16:23:46.592535+00:00""}"
231.600000000,LOCAL_REPLAN,"{""message"": ""Call local replanning..."", ""wall_time_utc"": ""2026-09-01T16:24:16.679140+00:00""}"
231.600000000,REPLAN_REQUESTED,"{""message"": ""Replanning request. curr_vertex_idx: 38"", ""wall_time_utc"": ""2026-09-01T16:24:16.681125+00:00""}"
237.600000000,LOCAL_REPLAN,"{""message"": ""Call local replanning..."", ""wall_time_utc"": ""2026-09-01T16:24:46.580574+00:00""}"
237.600000000,REPLAN_REQUESTED,"{""message"": ""Replanning request. curr_vertex_idx: 38"", ""wall_time_utc"": ""2026-09-01T16:24:46.582294+00:00""}"
243.600000000,LOCAL_REPLAN,"{""message"": ""Call local replanning..."", ""wall_time_utc"": ""2026-09-01T16:25:16.692220+00:00""}"
243.600000000,REPLAN_REQUESTED,"{""message"": ""Replanning request. curr_vertex_idx: 38"", ""wall_time_utc"": ""2026-09-01T16:25:16.694275+00:00""}"
249.400000000,LOCAL_REPLAN,"{""message"": ""Call local replanning..."", ""wall_time_utc"": ""2026-09-01T16:25:45.743142+00:00""}"
249.400000000,REPLAN_REQUESTED,"{""message"": ""Replanning request. curr_vertex_idx: 38"", ""wall_time_utc"": ""2026-09-01T16:25:45.745332+00:00""}"
249.400000000,GOAL_REACHED,"{""vertex"": 14, ""wall_time_utc"": ""2026-09-01T16:25:45.749413+00:00""}"
255.600000000,LOCAL_REPLAN,"{""message"": ""Call local replanning..."", ""wall_time_utc"": ""2026-09-01T16:26:16.674292+00:00""}"
255.600000000,REPLAN_REQUESTED,"{""message"": ""Replanning request. curr_vertex_idx: 38"", ""wall_time_utc"": ""2026-09-01T16:26:16.676202+00:00""}"
261.600000000,LOCAL_REPLAN,"{""message"": ""Call local replanning..."", ""wall_time_utc"": ""2026-09-01T16:26:46.592842+00:00""}"
261.600000000,REPLAN_REQUESTED,"{""message"": ""Replanning request. curr_vertex_idx: 38"", ""wall_time_utc"": ""2026-09-01T16:26:46.594902+00:00""}"
267.600000000,LOCAL_REPLAN,"{""message"": ""Call local replanning..."", ""wall_time_utc"": ""2026-09-01T16:27:16.586312+00:00""}"
267.600000000,REPLAN_REQUESTED,"{""message"": ""Replanning request. curr_vertex_idx: 38"", ""wall_time_utc"": ""2026-09-01T16:27:16.588458+00:00""}"
273.600000000,LOCAL_REPLAN,"{""message"": ""Call local replanning..."", ""wall_time_utc"": ""2026-09-01T16:27:46.584845+00:00""}"
273.600000000,REPLAN_REQUESTED,"{""message"": ""Replanning request. curr_vertex_idx: 38"", ""wall_time_utc"": ""2026-09-01T16:27:46.587052+00:00""}"
279.600000000,LOCAL_REPLAN,"{""message"": ""Call local replanning..."", ""wall_time_utc"": ""2026-09-01T16:28:16.591780+00:00""}"
279.600000000,REPLAN_REQUESTED,"{""message"": ""Replanning request. curr_vertex_idx: 38"", ""wall_time_utc"": ""2026-09-01T16:28:16.593772+00:00""}"
285.600000000,LOCAL_REPLAN,"{""message"": ""Call local replanning..."", ""wall_time_utc"": ""2026-09-01T16:28:46.655595+00:00""}"
285.600000000,REPLAN_REQUESTED,"{""message"": ""Replanning request. curr_vertex_idx: 38"", ""wall_time_utc"": ""2026-09-01T16:28:46.657560+00:00""}"
291.600000000,LOCAL_REPLAN,"{""message"": ""Call local replanning..."", ""wall_time_utc"": ""2026-09-01T16:29:16.587509+00:00""}"
291.600000000,REPLAN_REQUESTED,"{""message"": ""Replanning request. curr_vertex_idx: 38"", ""wall_time_utc"": ""2026-09-01T16:29:16.589310+00:00""}"
295.600000000,LOCAL_REPLAN,"{""message"": ""Call local replanning..."", ""wall_time_utc"": ""2026-09-01T16:29:36.588176+00:00""}"
295.600000000,REPLAN_REQUESTED,"{""message"": ""Replanning request. curr_vertex_idx: 38"", ""wall_time_utc"": ""2026-09-01T16:29:36.589850+00:00""}"
295.600000000,NO_FRONTIER,"{""message"": ""No frontier at vertex 14. #Frontier: 0"", ""wall_time_utc"": ""2026-09-01T16:29:36.593526+00:00""}"
295.600000000,REPEATED_VISIT_SKIP,"{""message"": ""Skip repeated visit to vertex 15"", ""wall_time_utc"": ""2026-09-01T16:29:36.593579+00:00""}"
301.600000000,LOCAL_REPLAN,"{""message"": ""Call local replanning..."", ""wall_time_utc"": ""2026-09-01T16:30:06.584185+00:00""}"
301.600000000,REPLAN_REQUESTED,"{""message"": ""Replanning request. curr_vertex_idx: 40"", ""wall_time_utc"": ""2026-09-01T16:30:06.586158+00:00""}"
301.600000000,GOAL_SKIP,"{""message"": ""Skip currGoal 6 that has no frontier and seen by robot"", ""wall_time_utc"": ""2026-09-01T16:30:06.589647+00:00""}"
301.600000000,REPEATED_VISIT_SKIP,"{""message"": ""Skip repeated visit to vertex 15"", ""wall_time_utc"": ""2026-09-01T16:30:06.589711+00:00""}"
301.600000000,REPEATED_VISIT_SKIP,"{""message"": ""Skip repeated visit to vertex 24"", ""wall_time_utc"": ""2026-09-01T16:30:06.589736+00:00""}"
301.600000000,REPEATED_VISIT_SKIP,"{""message"": ""Skip repeated visit to vertex 22"", ""wall_time_utc"": ""2026-09-01T16:30:06.589756+00:00""}"
301.600000000,REPEATED_VISIT_SKIP,"{""message"": ""Skip repeated visit to vertex 24"", ""wall_time_utc"": ""2026-09-01T16:30:06.589774+00:00""}"
301.600000000,REPEATED_VISIT_SKIP,"{""message"": ""Skip repeated visit to vertex 37"", ""wall_time_utc"": ""2026-09-01T16:30:06.589793+00:00""}"
307.600000000,LOCAL_REPLAN,"{""message"": ""Call local replanning..."", ""wall_time_utc"": ""2026-09-01T16:30:36.590675+00:00""}"
307.600000000,REPLAN_REQUESTED,"{""message"": ""Replanning request. curr_vertex_idx: 46"", ""wall_time_utc"": ""2026-09-01T16:30:36.592675+00:00""}"
313.600000000,LOCAL_REPLAN,"{""message"": ""Call local replanning..."", ""wall_time_utc"": ""2026-09-01T16:31:06.585897+00:00""}"
313.600000000,REPLAN_REQUESTED,"{""message"": ""Replanning request. curr_vertex_idx: 46"", ""wall_time_utc"": ""2026-09-01T16:31:06.587825+00:00""}"
319.600000000,LOCAL_REPLAN,"{""message"": ""Call local replanning..."", ""wall_time_utc"": ""2026-09-01T16:31:36.589491+00:00""}"
319.600000000,REPLAN_REQUESTED,"{""message"": ""Replanning request. curr_vertex_idx: 46"", ""wall_time_utc"": ""2026-09-01T16:31:36.591373+00:00""}"
323.600000000,LOCAL_REPLAN,"{""message"": ""Call local replanning..."", ""wall_time_utc"": ""2026-09-01T16:31:56.603549+00:00""}"
323.600000000,REPLAN_REQUESTED,"{""message"": ""Replanning request. curr_vertex_idx: 46"", ""wall_time_utc"": ""2026-09-01T16:31:56.605275+00:00""}"
325.600000000,LOCAL_REPLAN,"{""message"": ""Call local replanning..."", ""wall_time_utc"": ""2026-09-01T16:32:06.599423+00:00""}"
325.600000000,REPLAN_REQUESTED,"{""message"": ""Replanning request. curr_vertex_idx: 46"", ""wall_time_utc"": ""2026-09-01T16:32:06.601191+00:00""}"
331.600000000,LOCAL_REPLAN,"{""message"": ""Call local replanning..."", ""wall_time_utc"": ""2026-09-01T16:32:36.601206+00:00""}"
331.600000000,REPLAN_REQUESTED,"{""message"": ""Replanning request. curr_vertex_idx: 46"", ""wall_time_utc"": ""2026-09-01T16:32:36.602896+00:00""}"
337.600000000,LOCAL_REPLAN,"{""message"": ""Call local replanning..."", ""wall_time_utc"": ""2026-09-01T16:33:06.608631+00:00""}"
337.600000000,REPLAN_REQUESTED,"{""message"": ""Replanning request. curr_vertex_idx: 46"", ""wall_time_utc"": ""2026-09-01T16:33:06.610440+00:00""}"
343.600000000,LOCAL_REPLAN,"{""message"": ""Call local replanning..."", ""wall_time_utc"": ""2026-09-01T16:33:36.600722+00:00""}"
343.600000000,REPLAN_REQUESTED,"{""message"": ""Replanning request. curr_vertex_idx: 46"", ""wall_time_utc"": ""2026-09-01T16:33:36.602622+00:00""}"
349.600000000,LOCAL_REPLAN,"{""message"": ""Call local replanning..."", ""wall_time_utc"": ""2026-09-01T16:34:06.604715+00:00""}"
349.600000000,REPLAN_REQUESTED,"{""message"": ""Replanning request. curr_vertex_idx: 46"", ""wall_time_utc"": ""2026-09-01T16:34:06.606592+00:00""}"
355.600000000,LOCAL_REPLAN,"{""message"": ""Call local replanning..."", ""wall_time_utc"": ""2026-09-01T16:34:36.609598+00:00""}"
355.600000000,REPLAN_REQUESTED,"{""message"": ""Replanning request. curr_vertex_idx: 46"", ""wall_time_utc"": ""2026-09-01T16:34:36.611468+00:00""}"
361.600000000,LOCAL_REPLAN,"{""message"": ""Call local replanning..."", ""wall_time_utc"": ""2026-09-01T16:35:06.708747+00:00""}"
361.600000000,REPLAN_REQUESTED,"{""message"": ""Replanning request. curr_vertex_idx: 46"", ""wall_time_utc"": ""2026-09-01T16:35:06.710485+00:00""}"
367.400000000,LOCAL_REPLAN,"{""message"": ""Call local replanning..."", ""wall_time_utc"": ""2026-09-01T16:35:35.606128+00:00""}"
367.400000000,REPLAN_REQUESTED,"{""message"": ""Replanning request. curr_vertex_idx: 46"", ""wall_time_utc"": ""2026-09-01T16:35:35.607978+00:00""}"
369.600000000,LOCAL_REPLAN,"{""message"": ""Call local replanning..."", ""wall_time_utc"": ""2026-09-01T16:35:46.604786+00:00""}"
369.600000000,REPLAN_REQUESTED,"{""message"": ""Replanning request. curr_vertex_idx: 46"", ""wall_time_utc"": ""2026-09-01T16:35:46.606358+00:00""}"
373.600000000,LOCAL_REPLAN,"{""message"": ""Call local replanning..."", ""wall_time_utc"": ""2026-09-01T16:36:06.724135+00:00""}"
373.600000000,REPLAN_REQUESTED,"{""message"": ""Replanning request. curr_vertex_idx: 46"", ""wall_time_utc"": ""2026-09-01T16:36:06.726025+00:00""}"
379.600000000,LOCAL_REPLAN,"{""message"": ""Call local replanning..."", ""wall_time_utc"": ""2026-09-01T16:36:36.630529+00:00""}"
379.600000000,REPLAN_REQUESTED,"{""message"": ""Replanning request. curr_vertex_idx: 46"", ""wall_time_utc"": ""2026-09-01T16:36:36.632645+00:00""}"
385.600000000,LOCAL_REPLAN,"{""message"": ""Call local replanning..."", ""wall_time_utc"": ""2026-09-01T16:37:06.610574+00:00""}"
385.600000000,REPLAN_REQUESTED,"{""message"": ""Replanning request. curr_vertex_idx: 46"", ""wall_time_utc"": ""2026-09-01T16:37:06.612427+00:00""}"
391.400000000,LOCAL_REPLAN,"{""message"": ""Call local replanning..."", ""wall_time_utc"": ""2026-09-01T16:37:35.735731+00:00""}"
391.400000000,REPLAN_REQUESTED,"{""message"": ""Replanning request. curr_vertex_idx: 46"", ""wall_time_utc"": ""2026-09-01T16:37:35.737434+00:00""}"
397.600000000,LOCAL_REPLAN,"{""message"": ""Call local replanning..."", ""wall_time_utc"": ""2026-09-01T16:38:06.732119+00:00""}"
397.600000000,REPLAN_REQUESTED,"{""message"": ""Replanning request. curr_vertex_idx: 46"", ""wall_time_utc"": ""2026-09-01T16:38:06.733906+00:00""}"
403.600000000,LOCAL_REPLAN,"{""message"": ""Call local replanning..."", ""wall_time_utc"": ""2026-09-01T16:38:36.736914+00:00""}"
403.600000000,REPLAN_REQUESTED,"{""message"": ""Replanning request. curr_vertex_idx: 46"", ""wall_time_utc"": ""2026-09-01T16:38:36.738905+00:00""}"
405.400000000,LOCAL_REPLAN,"{""message"": ""Call local replanning..."", ""wall_time_utc"": ""2026-09-01T16:38:45.689506+00:00""}"
405.400000000,REPLAN_REQUESTED,"{""message"": ""Replanning request. curr_vertex_idx: 46"", ""wall_time_utc"": ""2026-09-01T16:38:45.691223+00:00""}"
411.600000000,LOCAL_REPLAN,"{""message"": ""Call local replanning..."", ""wall_time_utc"": ""2026-09-01T16:39:16.635034+00:00""}"
411.600000000,REPLAN_REQUESTED,"{""message"": ""Replanning request. curr_vertex_idx: 46"", ""wall_time_utc"": ""2026-09-01T16:39:16.637148+00:00""}"
414.600000000,LOCAL_REPLAN,"{""message"": ""Call local replanning..."", ""wall_time_utc"": ""2026-09-01T16:39:31.638471+00:00""}"
414.600000000,REPLAN_REQUESTED,"{""message"": ""Replanning request. curr_vertex_idx: 46"", ""wall_time_utc"": ""2026-09-01T16:39:31.640564+00:00""}"
420.600000000,LOCAL_REPLAN,"{""message"": ""Call local replanning..."", ""wall_time_utc"": ""2026-09-01T16:40:01.752606+00:00""}"
420.600000000,REPLAN_REQUESTED,"{""message"": ""Replanning request. curr_vertex_idx: 46"", ""wall_time_utc"": ""2026-09-01T16:40:01.754213+00:00""}"
426.600000000,LOCAL_REPLAN,"{""message"": ""Call local replanning..."", ""wall_time_utc"": ""2026-09-01T16:40:31.753541+00:00""}"
426.600000000,REPLAN_REQUESTED,"{""message"": ""Replanning request. curr_vertex_idx: 46"", ""wall_time_utc"": ""2026-09-01T16:40:31.755391+00:00""}"
432.600000000,LOCAL_REPLAN,"{""message"": ""Call local replanning..."", ""wall_time_utc"": ""2026-09-01T16:41:01.744936+00:00""}"
432.600000000,REPLAN_REQUESTED,"{""message"": ""Replanning request. curr_vertex_idx: 46"", ""wall_time_utc"": ""2026-09-01T16:41:01.746859+00:00""}"
438.600000000,LOCAL_REPLAN,"{""message"": ""Call local replanning..."", ""wall_time_utc"": ""2026-09-01T16:41:31.626877+00:00""}"
438.600000000,REPLAN_REQUESTED,"{""message"": ""Replanning request. curr_vertex_idx: 46"", ""wall_time_utc"": ""2026-09-01T16:41:31.628637+00:00""}"
443.600000000,LOCAL_REPLAN,"{""message"": ""Call local replanning..."", ""wall_time_utc"": ""2026-09-01T16:41:56.643465+00:00""}"
443.600000000,REPLAN_REQUESTED,"{""message"": ""Replanning request. curr_vertex_idx: 46"", ""wall_time_utc"": ""2026-09-01T16:41:56.645221+00:00""}"
445.600000000,LOCAL_REPLAN,"{""message"": ""Call local replanning..."", ""wall_time_utc"": ""2026-09-01T16:42:06.760300+00:00""}"
445.600000000,REPLAN_REQUESTED,"{""message"": ""Replanning request. curr_vertex_idx: 46"", ""wall_time_utc"": ""2026-09-01T16:42:06.762188+00:00""}"
451.600000000,LOCAL_REPLAN,"{""message"": ""Call local replanning..."", ""wall_time_utc"": ""2026-09-01T16:42:36.632335+00:00""}"
451.600000000,REPLAN_REQUESTED,"{""message"": ""Replanning request. curr_vertex_idx: 46"", ""wall_time_utc"": ""2026-09-01T16:42:36.634281+00:00""}"
457.600000000,LOCAL_REPLAN,"{""message"": ""Call local replanning..."", ""wall_time_utc"": ""2026-09-01T16:43:06.764598+00:00""}"
457.600000000,REPLAN_REQUESTED,"{""message"": ""Replanning request. curr_vertex_idx: 46"", ""wall_time_utc"": ""2026-09-01T16:43:06.766399+00:00""}"
463.600000000,LOCAL_REPLAN,"{""message"": ""Call local replanning..."", ""wall_time_utc"": ""2026-09-01T16:43:36.759441+00:00""}"
463.600000000,REPLAN_REQUESTED,"{""message"": ""Replanning request. curr_vertex_idx: 46"", ""wall_time_utc"": ""2026-09-01T16:43:36.761260+00:00""}"
469.600000000,LOCAL_REPLAN,"{""message"": ""Call local replanning..."", ""wall_time_utc"": ""2026-09-01T16:44:06.641938+00:00""}"
469.600000000,REPLAN_REQUESTED,"{""message"": ""Replanning request. curr_vertex_idx: 46"", ""wall_time_utc"": ""2026-09-01T16:44:06.644038+00:00""}"
475.600000000,LOCAL_REPLAN,"{""message"": ""Call local replanning..."", ""wall_time_utc"": ""2026-09-01T16:44:36.641686+00:00""}"
475.600000000,REPLAN_REQUESTED,"{""message"": ""Replanning request. curr_vertex_idx: 46"", ""wall_time_utc"": ""2026-09-01T16:44:36.643918+00:00""}"
481.600000000,LOCAL_REPLAN,"{""message"": ""Call local replanning..."", ""wall_time_utc"": ""2026-09-01T16:45:06.765909+00:00""}"
481.600000000,REPLAN_REQUESTED,"{""message"": ""Replanning request. curr_vertex_idx: 46"", ""wall_time_utc"": ""2026-09-01T16:45:06.768071+00:00""}"
487.600000000,LOCAL_REPLAN,"{""message"": ""Call local replanning..."", ""wall_time_utc"": ""2026-09-01T16:45:36.761587+00:00""}"
487.600000000,REPLAN_REQUESTED,"{""message"": ""Replanning request. curr_vertex_idx: 46"", ""wall_time_utc"": ""2026-09-01T16:45:36.763436+00:00""}"
493.600000000,LOCAL_REPLAN,"{""message"": ""Call local replanning..."", ""wall_time_utc"": ""2026-09-01T16:46:06.775881+00:00""}"
493.600000000,REPLAN_REQUESTED,"{""message"": ""Replanning request. curr_vertex_idx: 46"", ""wall_time_utc"": ""2026-09-01T16:46:06.777564+00:00""}"
499.600000000,LOCAL_REPLAN,"{""message"": ""Call local replanning..."", ""wall_time_utc"": ""2026-09-01T16:46:36.640167+00:00""}"
499.600000000,REPLAN_REQUESTED,"{""message"": ""Replanning request. curr_vertex_idx: 46"", ""wall_time_utc"": ""2026-09-01T16:46:36.641783+00:00""}"
504.600000000,LOCAL_REPLAN,"{""message"": ""Call local replanning..."", ""wall_time_utc"": ""2026-09-01T16:47:01.641206+00:00""}"
504.600000000,REPLAN_REQUESTED,"{""message"": ""Replanning request. curr_vertex_idx: 46"", ""wall_time_utc"": ""2026-09-01T16:47:01.643188+00:00""}"
510.600000000,LOCAL_REPLAN,"{""message"": ""Call local replanning..."", ""wall_time_utc"": ""2026-09-01T16:47:31.650103+00:00""}"
510.600000000,REPLAN_REQUESTED,"{""message"": ""Replanning request. curr_vertex_idx: 46"", ""wall_time_utc"": ""2026-09-01T16:47:31.651998+00:00""}"
516.400000000,LOCAL_REPLAN,"{""message"": ""Call local replanning..."", ""wall_time_utc"": ""2026-09-01T16:48:00.825358+00:00""}"
516.400000000,REPLAN_REQUESTED,"{""message"": ""Replanning request. curr_vertex_idx: 46"", ""wall_time_utc"": ""2026-09-01T16:48:00.827169+00:00""}"
522.600000000,LOCAL_REPLAN,"{""message"": ""Call local replanning..."", ""wall_time_utc"": ""2026-09-01T16:48:31.771993+00:00""}"
522.600000000,REPLAN_REQUESTED,"{""message"": ""Replanning request. curr_vertex_idx: 46"", ""wall_time_utc"": ""2026-09-01T16:48:31.774283+00:00""}"
528.600000000,LOCAL_REPLAN,"{""message"": ""Call local replanning..."", ""wall_time_utc"": ""2026-09-01T16:49:01.656389+00:00""}"
528.600000000,REPLAN_REQUESTED,"{""message"": ""Replanning request. curr_vertex_idx: 46"", ""wall_time_utc"": ""2026-09-01T16:49:01.658105+00:00""}"
534.600000000,LOCAL_REPLAN,"{""message"": ""Call local replanning..."", ""wall_time_utc"": ""2026-09-01T16:49:31.657119+00:00""}"
534.600000000,REPLAN_REQUESTED,"{""message"": ""Replanning request. curr_vertex_idx: 46"", ""wall_time_utc"": ""2026-09-01T16:49:31.659086+00:00""}"
540.600000000,LOCAL_REPLAN,"{""message"": ""Call local replanning..."", ""wall_time_utc"": ""2026-09-01T16:50:01.795784+00:00""}"
540.600000000,REPLAN_REQUESTED,"{""message"": ""Replanning request. curr_vertex_idx: 46"", ""wall_time_utc"": ""2026-09-01T16:50:01.797277+00:00""}"
546.400000000,LOCAL_REPLAN,"{""message"": ""Call local replanning..."", ""wall_time_utc"": ""2026-09-01T16:50:30.792812+00:00""}"
546.400000000,REPLAN_REQUESTED,"{""message"": ""Replanning request. curr_vertex_idx: 46"", ""wall_time_utc"": ""2026-09-01T16:50:30.794734+00:00""}"
552.600000000,LOCAL_REPLAN,"{""message"": ""Call local replanning..."", ""wall_time_utc"": ""2026-09-01T16:51:01.786108+00:00""}"
552.600000000,REPLAN_REQUESTED,"{""message"": ""Replanning request. curr_vertex_idx: 46"", ""wall_time_utc"": ""2026-09-01T16:51:01.787928+00:00""}"
558.600000000,LOCAL_REPLAN,"{""message"": ""Call local replanning..."", ""wall_time_utc"": ""2026-09-01T16:51:31.793115+00:00""}"
558.600000000,REPLAN_REQUESTED,"{""message"": ""Replanning request. curr_vertex_idx: 46"", ""wall_time_utc"": ""2026-09-01T16:51:31.795129+00:00""}"
564.600000000,LOCAL_REPLAN,"{""message"": ""Call local replanning..."", ""wall_time_utc"": ""2026-09-01T16:52:01.654253+00:00""}"
564.600000000,REPLAN_REQUESTED,"{""message"": ""Replanning request. curr_vertex_idx: 46"", ""wall_time_utc"": ""2026-09-01T16:52:01.656516+00:00""}"
570.600000000,LOCAL_REPLAN,"{""message"": ""Call local replanning..."", ""wall_time_utc"": ""2026-09-01T16:52:31.656905+00:00""}"
570.600000000,REPLAN_REQUESTED,"{""message"": ""Replanning request. curr_vertex_idx: 46"", ""wall_time_utc"": ""2026-09-01T16:52:31.659021+00:00""}"
576.600000000,LOCAL_REPLAN,"{""message"": ""Call local replanning..."", ""wall_time_utc"": ""2026-09-01T16:53:01.664439+00:00""}"
576.600000000,REPLAN_REQUESTED,"{""message"": ""Replanning request. curr_vertex_idx: 46"", ""wall_time_utc"": ""2026-09-01T16:53:01.666582+00:00""}"
582.400000000,LOCAL_REPLAN,"{""message"": ""Call local replanning..."", ""wall_time_utc"": ""2026-09-01T16:53:30.883726+00:00""}"
582.400000000,REPLAN_REQUESTED,"{""message"": ""Replanning request. curr_vertex_idx: 46"", ""wall_time_utc"": ""2026-09-01T16:53:30.885758+00:00""}"
588.600000000,LOCAL_REPLAN,"{""message"": ""Call local replanning..."", ""wall_time_utc"": ""2026-09-01T16:54:01.652074+00:00""}"
588.600000000,REPLAN_REQUESTED,"{""message"": ""Replanning request. curr_vertex_idx: 46"", ""wall_time_utc"": ""2026-09-01T16:54:01.654176+00:00""}"
594.400000000,LOCAL_REPLAN,"{""message"": ""Call local replanning..."", ""wall_time_utc"": ""2026-09-01T16:54:30.800359+00:00""}"
594.400000000,REPLAN_REQUESTED,"{""message"": ""Replanning request. curr_vertex_idx: 46"", ""wall_time_utc"": ""2026-09-01T16:54:30.802703+00:00""}"
600.600000000,LOCAL_REPLAN,"{""message"": ""Call local replanning..."", ""wall_time_utc"": ""2026-09-01T16:55:01.682290+00:00""}"
600.600000000,REPLAN_REQUESTED,"{""message"": ""Replanning request. curr_vertex_idx: 46"", ""wall_time_utc"": ""2026-09-01T16:55:01.684555+00:00""}"
606.600000000,LOCAL_REPLAN,"{""message"": ""Call local replanning..."", ""wall_time_utc"": ""2026-09-01T16:55:31.782058+00:00""}"
606.600000000,REPLAN_REQUESTED,"{""message"": ""Replanning request. curr_vertex_idx: 46"", ""wall_time_utc"": ""2026-09-01T16:55:31.784183+00:00""}"
612.600000000,LOCAL_REPLAN,"{""message"": ""Call local replanning..."", ""wall_time_utc"": ""2026-09-01T16:56:01.664742+00:00""}"
612.600000000,REPLAN_REQUESTED,"{""message"": ""Replanning request. curr_vertex_idx: 46"", ""wall_time_utc"": ""2026-09-01T16:56:01.667136+00:00""}"
618.600000000,LOCAL_REPLAN,"{""message"": ""Call local replanning..."", ""wall_time_utc"": ""2026-09-01T16:56:31.647969+00:00""}"
618.600000000,REPLAN_REQUESTED,"{""message"": ""Replanning request. curr_vertex_idx: 46"", ""wall_time_utc"": ""2026-09-01T16:56:31.649851+00:00""}"
624.600000000,LOCAL_REPLAN,"{""message"": ""Call local replanning..."", ""wall_time_utc"": ""2026-09-01T16:57:01.785833+00:00""}"
624.600000000,REPLAN_REQUESTED,"{""message"": ""Replanning request. curr_vertex_idx: 46"", ""wall_time_utc"": ""2026-09-01T16:57:01.787966+00:00""}"
630.600000000,LOCAL_REPLAN,"{""message"": ""Call local replanning..."", ""wall_time_utc"": ""2026-09-01T16:57:31.661404+00:00""}"
630.600000000,REPLAN_REQUESTED,"{""message"": ""Replanning request. curr_vertex_idx: 46"", ""wall_time_utc"": ""2026-09-01T16:57:31.663408+00:00""}"
636.600000000,LOCAL_REPLAN,"{""message"": ""Call local replanning..."", ""wall_time_utc"": ""2026-09-01T16:58:01.874932+00:00""}"
636.600000000,REPLAN_REQUESTED,"{""message"": ""Replanning request. curr_vertex_idx: 46"", ""wall_time_utc"": ""2026-09-01T16:58:01.877067+00:00""}"
642.600000000,LOCAL_REPLAN,"{""message"": ""Call local replanning..."", ""wall_time_utc"": ""2026-09-01T16:58:31.662208+00:00""}"
642.600000000,REPLAN_REQUESTED,"{""message"": ""Replanning request. curr_vertex_idx: 46"", ""wall_time_utc"": ""2026-09-01T16:58:31.664348+00:00""}"
648.600000000,LOCAL_REPLAN,"{""message"": ""Call local replanning..."", ""wall_time_utc"": ""2026-09-01T16:59:01.791501+00:00""}"
648.600000000,REPLAN_REQUESTED,"{""message"": ""Replanning request. curr_vertex_idx: 46"", ""wall_time_utc"": ""2026-09-01T16:59:01.793643+00:00""}"
654.600000000,LOCAL_REPLAN,"{""message"": ""Call local replanning..."", ""wall_time_utc"": ""2026-09-01T16:59:31.784489+00:00""}"
654.600000000,REPLAN_REQUESTED,"{""message"": ""Replanning request. curr_vertex_idx: 46"", ""wall_time_utc"": ""2026-09-01T16:59:31.786702+00:00""}"
660.600000000,LOCAL_REPLAN,"{""message"": ""Call local replanning..."", ""wall_time_utc"": ""2026-09-01T17:00:01.655389+00:00""}"
660.600000000,REPLAN_REQUESTED,"{""message"": ""Replanning request. curr_vertex_idx: 46"", ""wall_time_utc"": ""2026-09-01T17:00:01.657481+00:00""}"
666.600000000,LOCAL_REPLAN,"{""message"": ""Call local replanning..."", ""wall_time_utc"": ""2026-09-01T17:00:31.682898+00:00""}"
666.600000000,REPLAN_REQUESTED,"{""message"": ""Replanning request. curr_vertex_idx: 46"", ""wall_time_utc"": ""2026-09-01T17:00:31.684905+00:00""}"
672.600000000,LOCAL_REPLAN,"{""message"": ""Call local replanning..."", ""wall_time_utc"": ""2026-09-01T17:01:01.783662+00:00""}"
672.600000000,REPLAN_REQUESTED,"{""message"": ""Replanning request. curr_vertex_idx: 46"", ""wall_time_utc"": ""2026-09-01T17:01:01.785771+00:00""}"
678.400000000,LOCAL_REPLAN,"{""message"": ""Call local replanning..."", ""wall_time_utc"": ""2026-09-01T17:01:31.134074+00:00""}"
678.400000000,REPLAN_REQUESTED,"{""message"": ""Replanning request. curr_vertex_idx: 46"", ""wall_time_utc"": ""2026-09-01T17:01:31.136122+00:00""}"
684.600000000,LOCAL_REPLAN,"{""message"": ""Call local replanning..."", ""wall_time_utc"": ""2026-09-01T17:02:01.793611+00:00""}"
684.600000000,REPLAN_REQUESTED,"{""message"": ""Replanning request. curr_vertex_idx: 46"", ""wall_time_utc"": ""2026-09-01T17:02:01.795908+00:00""}"
690.600000000,LOCAL_REPLAN,"{""message"": ""Call local replanning..."", ""wall_time_utc"": ""2026-09-01T17:02:31.780954+00:00""}"
690.600000000,REPLAN_REQUESTED,"{""message"": ""Replanning request. curr_vertex_idx: 46"", ""wall_time_utc"": ""2026-09-01T17:02:31.782941+00:00""}"
696.600000000,LOCAL_REPLAN,"{""message"": ""Call local replanning..."", ""wall_time_utc"": ""2026-09-01T17:03:01.780327+00:00""}"
696.600000000,REPLAN_REQUESTED,"{""message"": ""Replanning request. curr_vertex_idx: 46"", ""wall_time_utc"": ""2026-09-01T17:03:01.782326+00:00""}"
702.600000000,LOCAL_REPLAN,"{""message"": ""Call local replanning..."", ""wall_time_utc"": ""2026-09-01T17:03:31.658043+00:00""}"
702.600000000,REPLAN_REQUESTED,"{""message"": ""Replanning request. curr_vertex_idx: 46"", ""wall_time_utc"": ""2026-09-01T17:03:31.660292+00:00""}"
708.600000000,LOCAL_REPLAN,"{""message"": ""Call local replanning..."", ""wall_time_utc"": ""2026-09-01T17:04:01.793864+00:00""}"
708.600000000,REPLAN_REQUESTED,"{""message"": ""Replanning request. curr_vertex_idx: 46"", ""wall_time_utc"": ""2026-09-01T17:04:01.795956+00:00""}"
714.600000000,LOCAL_REPLAN,"{""message"": ""Call local replanning..."", ""wall_time_utc"": ""2026-09-01T17:04:31.676906+00:00""}"
714.600000000,REPLAN_REQUESTED,"{""message"": ""Replanning request. curr_vertex_idx: 46"", ""wall_time_utc"": ""2026-09-01T17:04:31.679418+00:00""}"
720.600000000,LOCAL_REPLAN,"{""message"": ""Call local replanning..."", ""wall_time_utc"": ""2026-09-01T17:05:01.655875+00:00""}"
720.600000000,REPLAN_REQUESTED,"{""message"": ""Replanning request. curr_vertex_idx: 46"", ""wall_time_utc"": ""2026-09-01T17:05:01.657977+00:00""}"
726.600000000,LOCAL_REPLAN,"{""message"": ""Call local replanning..."", ""wall_time_utc"": ""2026-09-01T17:05:31.665124+00:00""}"
726.600000000,REPLAN_REQUESTED,"{""message"": ""Replanning request. curr_vertex_idx: 46"", ""wall_time_utc"": ""2026-09-01T17:05:31.667054+00:00""}"
732.600000000,LOCAL_REPLAN,"{""message"": ""Call local replanning..."", ""wall_time_utc"": ""2026-09-01T17:06:01.663487+00:00""}"
732.600000000,REPLAN_REQUESTED,"{""message"": ""Replanning request. curr_vertex_idx: 46"", ""wall_time_utc"": ""2026-09-01T17:06:01.665498+00:00""}"
738.400000000,LOCAL_REPLAN,"{""message"": ""Call local replanning..."", ""wall_time_utc"": ""2026-09-01T17:06:30.908720+00:00""}"
738.400000000,REPLAN_REQUESTED,"{""message"": ""Replanning request. curr_vertex_idx: 46"", ""wall_time_utc"": ""2026-09-01T17:06:30.910607+00:00""}"
744.600000000,LOCAL_REPLAN,"{""message"": ""Call local replanning..."", ""wall_time_utc"": ""2026-09-01T17:07:01.663335+00:00""}"
744.600000000,REPLAN_REQUESTED,"{""message"": ""Replanning request. curr_vertex_idx: 46"", ""wall_time_utc"": ""2026-09-01T17:07:01.665555+00:00""}"
750.600000000,LOCAL_REPLAN,"{""message"": ""Call local replanning..."", ""wall_time_utc"": ""2026-09-01T17:07:31.794768+00:00""}"
750.600000000,REPLAN_REQUESTED,"{""message"": ""Replanning request. curr_vertex_idx: 46"", ""wall_time_utc"": ""2026-09-01T17:07:31.796723+00:00""}"
756.600000000,LOCAL_REPLAN,"{""message"": ""Call local replanning..."", ""wall_time_utc"": ""2026-09-01T17:08:01.658818+00:00""}"
756.600000000,REPLAN_REQUESTED,"{""message"": ""Replanning request. curr_vertex_idx: 46"", ""wall_time_utc"": ""2026-09-01T17:08:01.661239+00:00""}"
762.600000000,LOCAL_REPLAN,"{""message"": ""Call local replanning..."", ""wall_time_utc"": ""2026-09-01T17:08:31.801975+00:00""}"
762.600000000,REPLAN_REQUESTED,"{""message"": ""Replanning request. curr_vertex_idx: 46"", ""wall_time_utc"": ""2026-09-01T17:08:31.803728+00:00""}"
768.600000000,LOCAL_REPLAN,"{""message"": ""Call local replanning..."", ""wall_time_utc"": ""2026-09-01T17:09:01.670248+00:00""}"
768.600000000,REPLAN_REQUESTED,"{""message"": ""Replanning request. curr_vertex_idx: 46"", ""wall_time_utc"": ""2026-09-01T17:09:01.672291+00:00""}"
774.400000000,LOCAL_REPLAN,"{""message"": ""Call local replanning..."", ""wall_time_utc"": ""2026-09-01T17:09:30.673891+00:00""}"
774.400000000,REPLAN_REQUESTED,"{""message"": ""Replanning request. curr_vertex_idx: 46"", ""wall_time_utc"": ""2026-09-01T17:09:30.676086+00:00""}"
780.400000000,LOCAL_REPLAN,"{""message"": ""Call local replanning..."", ""wall_time_utc"": ""2026-09-01T17:10:00.954849+00:00""}"
780.400000000,REPLAN_REQUESTED,"{""message"": ""Replanning request. curr_vertex_idx: 46"", ""wall_time_utc"": ""2026-09-01T17:10:00.956784+00:00""}"
786.600000000,LOCAL_REPLAN,"{""message"": ""Call local replanning..."", ""wall_time_utc"": ""2026-09-01T17:10:31.665765+00:00""}"
786.600000000,REPLAN_REQUESTED,"{""message"": ""Replanning request. curr_vertex_idx: 46"", ""wall_time_utc"": ""2026-09-01T17:10:31.668025+00:00""}"
792.600000000,LOCAL_REPLAN,"{""message"": ""Call local replanning..."", ""wall_time_utc"": ""2026-09-01T17:11:01.662681+00:00""}"
792.600000000,REPLAN_REQUESTED,"{""message"": ""Replanning request. curr_vertex_idx: 46"", ""wall_time_utc"": ""2026-09-01T17:11:01.664362+00:00""}"
796.200000000,KARTO_LOOP_CONSTRAINT,"{""message"": ""Add one Loop closure. 1 loops have been added."", ""wall_time_utc"": ""2026-09-01T17:11:19.441142+00:00""}"
796.200000000,KARTO_LOOP_ACCEPTED,"{""chain_end"": 310, ""chain_start"": 306, ""current_scan"": 598, ""loop_count"": 1, ""received_ros_time"": 796.2, ""received_wall_time_utc"": ""2026-09-01T17:11:19.441400+00:00"", ""seq"": 1, ""stamp"": 796.2, ""wall_time_utc"": ""2026-09-01T17:11:19.441410+00:00""}"
798.600000000,LOCAL_REPLAN,"{""message"": ""Call local replanning..."", ""wall_time_utc"": ""2026-09-01T17:11:31.673803+00:00""}"
798.600000000,REPLAN_REQUESTED,"{""message"": ""Replanning request. curr_vertex_idx: 46"", ""wall_time_utc"": ""2026-09-01T17:11:31.675845+00:00""}"
804.600000000,LOCAL_REPLAN,"{""message"": ""Call local replanning..."", ""wall_time_utc"": ""2026-09-01T17:12:01.666003+00:00""}"
804.600000000,REPLAN_REQUESTED,"{""message"": ""Replanning request. curr_vertex_idx: 46"", ""wall_time_utc"": ""2026-09-01T17:12:01.668030+00:00""}"
810.600000000,LOCAL_REPLAN,"{""message"": ""Call local replanning..."", ""wall_time_utc"": ""2026-09-01T17:12:31.800744+00:00""}"
810.600000000,REPLAN_REQUESTED,"{""message"": ""Replanning request. curr_vertex_idx: 46"", ""wall_time_utc"": ""2026-09-01T17:12:31.802888+00:00""}"
815.600000000,LOCAL_REPLAN,"{""message"": ""Call local replanning..."", ""wall_time_utc"": ""2026-09-01T17:12:56.665538+00:00""}"
815.600000000,REPLAN_REQUESTED,"{""message"": ""Replanning request. curr_vertex_idx: 46"", ""wall_time_utc"": ""2026-09-01T17:12:56.667251+00:00""}"
817.600000000,LOCAL_REPLAN,"{""message"": ""Call local replanning..."", ""wall_time_utc"": ""2026-09-01T17:13:06.817123+00:00""}"
817.600000000,REPLAN_REQUESTED,"{""message"": ""Replanning request. curr_vertex_idx: 46"", ""wall_time_utc"": ""2026-09-01T17:13:06.819194+00:00""}"
823.600000000,LOCAL_REPLAN,"{""message"": ""Call local replanning..."", ""wall_time_utc"": ""2026-09-01T17:13:36.790294+00:00""}"
823.600000000,REPLAN_REQUESTED,"{""message"": ""Replanning request. curr_vertex_idx: 46"", ""wall_time_utc"": ""2026-09-01T17:13:36.792648+00:00""}"
829.600000000,LOCAL_REPLAN,"{""message"": ""Call local replanning..."", ""wall_time_utc"": ""2026-09-01T17:14:06.673641+00:00""}"
829.600000000,REPLAN_REQUESTED,"{""message"": ""Replanning request. curr_vertex_idx: 46"", ""wall_time_utc"": ""2026-09-01T17:14:06.675909+00:00""}"
835.600000000,LOCAL_REPLAN,"{""message"": ""Call local replanning..."", ""wall_time_utc"": ""2026-09-01T17:14:36.800314+00:00""}"
835.600000000,REPLAN_REQUESTED,"{""message"": ""Replanning request. curr_vertex_idx: 46"", ""wall_time_utc"": ""2026-09-01T17:14:36.802457+00:00""}"
841.600000000,LOCAL_REPLAN,"{""message"": ""Call local replanning..."", ""wall_time_utc"": ""2026-09-01T17:15:06.662640+00:00""}"
841.600000000,REPLAN_REQUESTED,"{""message"": ""Replanning request. curr_vertex_idx: 46"", ""wall_time_utc"": ""2026-09-01T17:15:06.664645+00:00""}"
847.600000000,LOCAL_REPLAN,"{""message"": ""Call local replanning..."", ""wall_time_utc"": ""2026-09-01T17:15:36.670512+00:00""}"
847.600000000,REPLAN_REQUESTED,"{""message"": ""Replanning request. curr_vertex_idx: 46"", ""wall_time_utc"": ""2026-09-01T17:15:36.672498+00:00""}"
853.600000000,LOCAL_REPLAN,"{""message"": ""Call local replanning..."", ""wall_time_utc"": ""2026-09-01T17:16:06.669906+00:00""}"
853.600000000,REPLAN_REQUESTED,"{""message"": ""Replanning request. curr_vertex_idx: 46"", ""wall_time_utc"": ""2026-09-01T17:16:06.672192+00:00""}"
859.600000000,LOCAL_REPLAN,"{""message"": ""Call local replanning..."", ""wall_time_utc"": ""2026-09-01T17:16:36.803489+00:00""}"
859.600000000,REPLAN_REQUESTED,"{""message"": ""Replanning request. curr_vertex_idx: 46"", ""wall_time_utc"": ""2026-09-01T17:16:36.805773+00:00""}"
865.600000000,LOCAL_REPLAN,"{""message"": ""Call local replanning..."", ""wall_time_utc"": ""2026-09-01T17:17:06.675988+00:00""}"
865.600000000,REPLAN_REQUESTED,"{""message"": ""Replanning request. curr_vertex_idx: 46"", ""wall_time_utc"": ""2026-09-01T17:17:06.677770+00:00""}"
871.600000000,LOCAL_REPLAN,"{""message"": ""Call local replanning..."", ""wall_time_utc"": ""2026-09-01T17:17:36.669920+00:00""}"
871.600000000,REPLAN_REQUESTED,"{""message"": ""Replanning request. curr_vertex_idx: 46"", ""wall_time_utc"": ""2026-09-01T17:17:36.671759+00:00""}"
877.600000000,LOCAL_REPLAN,"{""message"": ""Call local replanning..."", ""wall_time_utc"": ""2026-09-01T17:18:06.798236+00:00""}"
877.600000000,REPLAN_REQUESTED,"{""message"": ""Replanning request. curr_vertex_idx: 46"", ""wall_time_utc"": ""2026-09-01T17:18:06.800430+00:00""}"
883.600000000,LOCAL_REPLAN,"{""message"": ""Call local replanning..."", ""wall_time_utc"": ""2026-09-01T17:18:36.666711+00:00""}"
883.600000000,REPLAN_REQUESTED,"{""message"": ""Replanning request. curr_vertex_idx: 46"", ""wall_time_utc"": ""2026-09-01T17:18:36.668575+00:00""}"
885.800000000,KARTO_LOOP_CONSTRAINT,"{""message"": ""Add one Loop closure. 2 loops have been added."", ""wall_time_utc"": ""2026-09-01T17:18:47.505131+00:00""}"
885.800000000,KARTO_LOOP_ACCEPTED,"{""chain_end"": 340, ""chain_start"": 334, ""current_scan"": 674, ""loop_count"": 2, ""received_ros_time"": 885.8, ""received_wall_time_utc"": ""2026-09-01T17:18:47.505368+00:00"", ""seq"": 2, ""stamp"": 885.8, ""wall_time_utc"": ""2026-09-01T17:18:47.505377+00:00""}"
889.600000000,LOCAL_REPLAN,"{""message"": ""Call local replanning..."", ""wall_time_utc"": ""2026-09-01T17:19:06.662315+00:00""}"
889.600000000,REPLAN_REQUESTED,"{""message"": ""Replanning request. curr_vertex_idx: 46"", ""wall_time_utc"": ""2026-09-01T17:19:06.664239+00:00""}"
895.600000000,LOCAL_REPLAN,"{""message"": ""Call local replanning..."", ""wall_time_utc"": ""2026-09-01T17:19:36.670887+00:00""}"
895.600000000,REPLAN_REQUESTED,"{""message"": ""Replanning request. curr_vertex_idx: 46"", ""wall_time_utc"": ""2026-09-01T17:19:36.672874+00:00""}"
901.600000000,LOCAL_REPLAN,"{""message"": ""Call local replanning..."", ""wall_time_utc"": ""2026-09-01T17:20:06.801568+00:00""}"
901.600000000,REPLAN_REQUESTED,"{""message"": ""Replanning request. curr_vertex_idx: 46"", ""wall_time_utc"": ""2026-09-01T17:20:06.803583+00:00""}"
907.600000000,LOCAL_REPLAN,"{""message"": ""Call local replanning..."", ""wall_time_utc"": ""2026-09-01T17:20:36.663014+00:00""}"
907.600000000,REPLAN_REQUESTED,"{""message"": ""Replanning request. curr_vertex_idx: 46"", ""wall_time_utc"": ""2026-09-01T17:20:36.664933+00:00""}"
913.600000000,LOCAL_REPLAN,"{""message"": ""Call local replanning..."", ""wall_time_utc"": ""2026-09-01T17:21:06.811246+00:00""}"
913.600000000,REPLAN_REQUESTED,"{""message"": ""Replanning request. curr_vertex_idx: 46"", ""wall_time_utc"": ""2026-09-01T17:21:06.813010+00:00""}"
919.600000000,LOCAL_REPLAN,"{""message"": ""Call local replanning..."", ""wall_time_utc"": ""2026-09-01T17:21:36.670109+00:00""}"
919.600000000,REPLAN_REQUESTED,"{""message"": ""Replanning request. curr_vertex_idx: 46"", ""wall_time_utc"": ""2026-09-01T17:21:36.671752+00:00""}"
925.600000000,LOCAL_REPLAN,"{""message"": ""Call local replanning..."", ""wall_time_utc"": ""2026-09-01T17:22:06.672315+00:00""}"
925.600000000,REPLAN_REQUESTED,"{""message"": ""Replanning request. curr_vertex_idx: 46"", ""wall_time_utc"": ""2026-09-01T17:22:06.674238+00:00""}"
931.600000000,LOCAL_REPLAN,"{""message"": ""Call local replanning..."", ""wall_time_utc"": ""2026-09-01T17:22:36.802420+00:00""}"
931.600000000,REPLAN_REQUESTED,"{""message"": ""Replanning request. curr_vertex_idx: 46"", ""wall_time_utc"": ""2026-09-01T17:22:36.804366+00:00""}"
937.600000000,LOCAL_REPLAN,"{""message"": ""Call local replanning..."", ""wall_time_utc"": ""2026-09-01T17:23:06.795530+00:00""}"
937.600000000,REPLAN_REQUESTED,"{""message"": ""Replanning request. curr_vertex_idx: 46"", ""wall_time_utc"": ""2026-09-01T17:23:06.797221+00:00""}"
943.600000000,LOCAL_REPLAN,"{""message"": ""Call local replanning..."", ""wall_time_utc"": ""2026-09-01T17:23:36.661685+00:00""}"
943.600000000,REPLAN_REQUESTED,"{""message"": ""Replanning request. curr_vertex_idx: 46"", ""wall_time_utc"": ""2026-09-01T17:23:36.663522+00:00""}"
949.600000000,LOCAL_REPLAN,"{""message"": ""Call local replanning..."", ""wall_time_utc"": ""2026-09-01T17:24:06.666156+00:00""}"
949.600000000,REPLAN_REQUESTED,"{""message"": ""Replanning request. curr_vertex_idx: 46"", ""wall_time_utc"": ""2026-09-01T17:24:06.667990+00:00""}"
955.400000000,LOCAL_REPLAN,"{""message"": ""Call local replanning..."", ""wall_time_utc"": ""2026-09-01T17:24:36.033644+00:00""}"
955.400000000,REPLAN_REQUESTED,"{""message"": ""Replanning request. curr_vertex_idx: 46"", ""wall_time_utc"": ""2026-09-01T17:24:36.035712+00:00""}"
959.400000000,LOCAL_REPLAN,"{""message"": ""Call local replanning..."", ""wall_time_utc"": ""2026-09-01T17:24:55.973569+00:00""}"
959.400000000,REPLAN_REQUESTED,"{""message"": ""Replanning request. curr_vertex_idx: 46"", ""wall_time_utc"": ""2026-09-01T17:24:55.975736+00:00""}"
965.600000000,LOCAL_REPLAN,"{""message"": ""Call local replanning..."", ""wall_time_utc"": ""2026-09-01T17:25:26.827624+00:00""}"
965.600000000,REPLAN_REQUESTED,"{""message"": ""Replanning request. curr_vertex_idx: 46"", ""wall_time_utc"": ""2026-09-01T17:25:26.829788+00:00""}"
971.600000000,LOCAL_REPLAN,"{""message"": ""Call local replanning..."", ""wall_time_utc"": ""2026-09-01T17:25:56.806313+00:00""}"
971.600000000,REPLAN_REQUESTED,"{""message"": ""Replanning request. curr_vertex_idx: 46"", ""wall_time_utc"": ""2026-09-01T17:25:56.808623+00:00""}"
977.600000000,LOCAL_REPLAN,"{""message"": ""Call local replanning..."", ""wall_time_utc"": ""2026-09-01T17:26:26.821630+00:00""}"
977.600000000,REPLAN_REQUESTED,"{""message"": ""Replanning request. curr_vertex_idx: 46"", ""wall_time_utc"": ""2026-09-01T17:26:26.823757+00:00""}"
983.400000000,LOCAL_REPLAN,"{""message"": ""Call local replanning..."", ""wall_time_utc"": ""2026-09-01T17:26:55.669735+00:00""}"
983.400000000,REPLAN_REQUESTED,"{""message"": ""Replanning request. curr_vertex_idx: 46"", ""wall_time_utc"": ""2026-09-01T17:26:55.671863+00:00""}"
989.600000000,LOCAL_REPLAN,"{""message"": ""Call local replanning..."", ""wall_time_utc"": ""2026-09-01T17:27:26.668012+00:00""}"
989.600000000,REPLAN_REQUESTED,"{""message"": ""Replanning request. curr_vertex_idx: 46"", ""wall_time_utc"": ""2026-09-01T17:27:26.670195+00:00""}"
995.600000000,LOCAL_REPLAN,"{""message"": ""Call local replanning..."", ""wall_time_utc"": ""2026-09-01T17:27:56.812736+00:00""}"
995.600000000,REPLAN_REQUESTED,"{""message"": ""Replanning request. curr_vertex_idx: 46"", ""wall_time_utc"": ""2026-09-01T17:27:56.814844+00:00""}"
1001.600000000,LOCAL_REPLAN,"{""message"": ""Call local replanning..."", ""wall_time_utc"": ""2026-09-01T17:28:26.669842+00:00""}"
1001.600000000,REPLAN_REQUESTED,"{""message"": ""Replanning request. curr_vertex_idx: 46"", ""wall_time_utc"": ""2026-09-01T17:28:26.671898+00:00""}"
1007.600000000,LOCAL_REPLAN,"{""message"": ""Call local replanning..."", ""wall_time_utc"": ""2026-09-01T17:28:56.668039+00:00""}"
1007.600000000,REPLAN_REQUESTED,"{""message"": ""Replanning request. curr_vertex_idx: 46"", ""wall_time_utc"": ""2026-09-01T17:28:56.669752+00:00""}"
1013.600000000,LOCAL_REPLAN,"{""message"": ""Call local replanning..."", ""wall_time_utc"": ""2026-09-01T17:29:26.809414+00:00""}"
1013.600000000,REPLAN_REQUESTED,"{""message"": ""Replanning request. curr_vertex_idx: 46"", ""wall_time_utc"": ""2026-09-01T17:29:26.811311+00:00""}"
1019.600000000,LOCAL_REPLAN,"{""message"": ""Call local replanning..."", ""wall_time_utc"": ""2026-09-01T17:29:56.697084+00:00""}"
1019.600000000,REPLAN_REQUESTED,"{""message"": ""Replanning request. curr_vertex_idx: 46"", ""wall_time_utc"": ""2026-09-01T17:29:56.699114+00:00""}"
1025.600000000,LOCAL_REPLAN,"{""message"": ""Call local replanning..."", ""wall_time_utc"": ""2026-09-01T17:30:26.807247+00:00""}"
1025.600000000,REPLAN_REQUESTED,"{""message"": ""Replanning request. curr_vertex_idx: 46"", ""wall_time_utc"": ""2026-09-01T17:30:26.809104+00:00""}"
1031.600000000,LOCAL_REPLAN,"{""message"": ""Call local replanning..."", ""wall_time_utc"": ""2026-09-01T17:30:56.821087+00:00""}"
1031.600000000,REPLAN_REQUESTED,"{""message"": ""Replanning request. curr_vertex_idx: 46"", ""wall_time_utc"": ""2026-09-01T17:30:56.823101+00:00""}"
1037.600000000,LOCAL_REPLAN,"{""message"": ""Call local replanning..."", ""wall_time_utc"": ""2026-09-01T17:31:26.673085+00:00""}"
1037.600000000,REPLAN_REQUESTED,"{""message"": ""Replanning request. curr_vertex_idx: 46"", ""wall_time_utc"": ""2026-09-01T17:31:26.674841+00:00""}"
1043.600000000,LOCAL_REPLAN,"{""message"": ""Call local replanning..."", ""wall_time_utc"": ""2026-09-01T17:31:56.813946+00:00""}"
1043.600000000,REPLAN_REQUESTED,"{""message"": ""Replanning request. curr_vertex_idx: 46"", ""wall_time_utc"": ""2026-09-01T17:31:56.815883+00:00""}"
1049.600000000,LOCAL_REPLAN,"{""message"": ""Call local replanning..."", ""wall_time_utc"": ""2026-09-01T17:32:26.679614+00:00""}"
1049.600000000,REPLAN_REQUESTED,"{""message"": ""Replanning request. curr_vertex_idx: 46"", ""wall_time_utc"": ""2026-09-01T17:32:26.681289+00:00""}"
1055.600000000,LOCAL_REPLAN,"{""message"": ""Call local replanning..."", ""wall_time_utc"": ""2026-09-01T17:32:56.814989+00:00""}"
1055.600000000,REPLAN_REQUESTED,"{""message"": ""Replanning request. curr_vertex_idx: 46"", ""wall_time_utc"": ""2026-09-01T17:32:56.816866+00:00""}"
1061.600000000,LOCAL_REPLAN,"{""message"": ""Call local replanning..."", ""wall_time_utc"": ""2026-09-01T17:33:26.832096+00:00""}"
1061.600000000,REPLAN_REQUESTED,"{""message"": ""Replanning request. curr_vertex_idx: 46"", ""wall_time_utc"": ""2026-09-01T17:33:26.834178+00:00""}"
1067.600000000,LOCAL_REPLAN,"{""message"": ""Call local replanning..."", ""wall_time_utc"": ""2026-09-01T17:33:56.674917+00:00""}"
1067.600000000,REPLAN_REQUESTED,"{""message"": ""Replanning request. curr_vertex_idx: 46"", ""wall_time_utc"": ""2026-09-01T17:33:56.676881+00:00""}"
1073.600000000,LOCAL_REPLAN,"{""message"": ""Call local replanning..."", ""wall_time_utc"": ""2026-09-01T17:34:26.815894+00:00""}"
1073.600000000,REPLAN_REQUESTED,"{""message"": ""Replanning request. curr_vertex_idx: 46"", ""wall_time_utc"": ""2026-09-01T17:34:26.817916+00:00""}"
1079.400000000,LOCAL_REPLAN,"{""message"": ""Call local replanning..."", ""wall_time_utc"": ""2026-09-01T17:34:56.052207+00:00""}"
1079.400000000,REPLAN_REQUESTED,"{""message"": ""Replanning request. curr_vertex_idx: 46"", ""wall_time_utc"": ""2026-09-01T17:34:56.053761+00:00""}"
1085.600000000,LOCAL_REPLAN,"{""message"": ""Call local replanning..."", ""wall_time_utc"": ""2026-09-01T17:35:26.817310+00:00""}"
1085.600000000,REPLAN_REQUESTED,"{""message"": ""Replanning request. curr_vertex_idx: 46"", ""wall_time_utc"": ""2026-09-01T17:35:26.819169+00:00""}"
1091.600000000,LOCAL_REPLAN,"{""message"": ""Call local replanning..."", ""wall_time_utc"": ""2026-09-01T17:35:56.812136+00:00""}"
1091.600000000,REPLAN_REQUESTED,"{""message"": ""Replanning request. curr_vertex_idx: 46"", ""wall_time_utc"": ""2026-09-01T17:35:56.813972+00:00""}"
1097.600000000,LOCAL_REPLAN,"{""message"": ""Call local replanning..."", ""wall_time_utc"": ""2026-09-01T17:36:26.671775+00:00""}"
1097.600000000,REPLAN_REQUESTED,"{""message"": ""Replanning request. curr_vertex_idx: 46"", ""wall_time_utc"": ""2026-09-01T17:36:26.673558+00:00""}"
1103.600000000,LOCAL_REPLAN,"{""message"": ""Call local replanning..."", ""wall_time_utc"": ""2026-09-01T17:36:56.712097+00:00""}"
1103.600000000,REPLAN_REQUESTED,"{""message"": ""Replanning request. curr_vertex_idx: 46"", ""wall_time_utc"": ""2026-09-01T17:36:56.714216+00:00""}"
1109.600000000,LOCAL_REPLAN,"{""message"": ""Call local replanning..."", ""wall_time_utc"": ""2026-09-01T17:37:26.811153+00:00""}"
1109.600000000,REPLAN_REQUESTED,"{""message"": ""Replanning request. curr_vertex_idx: 46"", ""wall_time_utc"": ""2026-09-01T17:37:26.813391+00:00""}"
1115.600000000,LOCAL_REPLAN,"{""message"": ""Call local replanning..."", ""wall_time_utc"": ""2026-09-01T17:37:56.808043+00:00""}"
1115.600000000,REPLAN_REQUESTED,"{""message"": ""Replanning request. curr_vertex_idx: 46"", ""wall_time_utc"": ""2026-09-01T17:37:56.810180+00:00""}"
1121.600000000,LOCAL_REPLAN,"{""message"": ""Call local replanning..."", ""wall_time_utc"": ""2026-09-01T17:38:26.674740+00:00""}"
1121.600000000,REPLAN_REQUESTED,"{""message"": ""Replanning request. curr_vertex_idx: 46"", ""wall_time_utc"": ""2026-09-01T17:38:26.676384+00:00""}"
1127.400000000,KARTO_LOOP_CONSTRAINT,"{""message"": ""Add one Loop closure. 3 loops have been added."", ""wall_time_utc"": ""2026-09-01T17:38:55.437585+00:00""}"
1127.400000000,KARTO_LOOP_ACCEPTED,"{""chain_end"": 541, ""chain_start"": 538, ""current_scan"": 824, ""loop_count"": 3, ""received_ros_time"": 1127.4, ""received_wall_time_utc"": ""2026-09-01T17:38:55.437820+00:00"", ""seq"": 3, ""stamp"": 1127.4, ""wall_time_utc"": ""2026-09-01T17:38:55.437832+00:00""}"
1127.400000000,LOCAL_REPLAN,"{""message"": ""Call local replanning..."", ""wall_time_utc"": ""2026-09-01T17:38:55.858469+00:00""}"
1127.400000000,REPLAN_REQUESTED,"{""message"": ""Replanning request. curr_vertex_idx: 46"", ""wall_time_utc"": ""2026-09-01T17:38:55.860151+00:00""}"
1132.800000000,KARTO_LOOP_CONSTRAINT,"{""message"": ""Add one Loop closure. 4 loops have been added."", ""wall_time_utc"": ""2026-09-01T17:39:22.460542+00:00""}"
1132.800000000,KARTO_LOOP_ACCEPTED,"{""chain_end"": 46, ""chain_start"": 37, ""current_scan"": 828, ""loop_count"": 4, ""received_ros_time"": 1132.8, ""received_wall_time_utc"": ""2026-09-01T17:39:22.460669+00:00"", ""seq"": 4, ""stamp"": 1132.8, ""wall_time_utc"": ""2026-09-01T17:39:22.460704+00:00""}"
1133.600000000,LOCAL_REPLAN,"{""message"": ""Call local replanning..."", ""wall_time_utc"": ""2026-09-01T17:39:26.811773+00:00""}"
1133.600000000,REPLAN_REQUESTED,"{""message"": ""Replanning request. curr_vertex_idx: 46"", ""wall_time_utc"": ""2026-09-01T17:39:26.813668+00:00""}"
1139.600000000,LOCAL_REPLAN,"{""message"": ""Call local replanning..."", ""wall_time_utc"": ""2026-09-01T17:39:56.809355+00:00""}"
1139.600000000,REPLAN_REQUESTED,"{""message"": ""Replanning request. curr_vertex_idx: 46"", ""wall_time_utc"": ""2026-09-01T17:39:56.811112+00:00""}"
1145.600000000,LOCAL_REPLAN,"{""message"": ""Call local replanning..."", ""wall_time_utc"": ""2026-09-01T17:40:26.667512+00:00""}"
1145.600000000,REPLAN_REQUESTED,"{""message"": ""Replanning request. curr_vertex_idx: 46"", ""wall_time_utc"": ""2026-09-01T17:40:26.669237+00:00""}"
1151.600000000,LOCAL_REPLAN,"{""message"": ""Call local replanning..."", ""wall_time_utc"": ""2026-09-01T17:40:56.672868+00:00""}"
1151.600000000,REPLAN_REQUESTED,"{""message"": ""Replanning request. curr_vertex_idx: 46"", ""wall_time_utc"": ""2026-09-01T17:40:56.674580+00:00""}"
1157.600000000,LOCAL_REPLAN,"{""message"": ""Call local replanning..."", ""wall_time_utc"": ""2026-09-01T17:41:26.819258+00:00""}"
1157.600000000,REPLAN_REQUESTED,"{""message"": ""Replanning request. curr_vertex_idx: 46"", ""wall_time_utc"": ""2026-09-01T17:41:26.821043+00:00""}"
1163.600000000,LOCAL_REPLAN,"{""message"": ""Call local replanning..."", ""wall_time_utc"": ""2026-09-01T17:41:56.685348+00:00""}"
1163.600000000,REPLAN_REQUESTED,"{""message"": ""Replanning request. curr_vertex_idx: 46"", ""wall_time_utc"": ""2026-09-01T17:41:56.687612+00:00""}"
1169.600000000,LOCAL_REPLAN,"{""message"": ""Call local replanning..."", ""wall_time_utc"": ""2026-09-01T17:42:26.688225+00:00""}"
1169.600000000,REPLAN_REQUESTED,"{""message"": ""Replanning request. curr_vertex_idx: 46"", ""wall_time_utc"": ""2026-09-01T17:42:26.690034+00:00""}"
1175.600000000,LOCAL_REPLAN,"{""message"": ""Call local replanning..."", ""wall_time_utc"": ""2026-09-01T17:42:56.828922+00:00""}"
1175.600000000,REPLAN_REQUESTED,"{""message"": ""Replanning request. curr_vertex_idx: 46"", ""wall_time_utc"": ""2026-09-01T17:42:56.831079+00:00""}"
1181.600000000,LOCAL_REPLAN,"{""message"": ""Call local replanning..."", ""wall_time_utc"": ""2026-09-01T17:43:26.830526+00:00""}"
1181.600000000,REPLAN_REQUESTED,"{""message"": ""Replanning request. curr_vertex_idx: 46"", ""wall_time_utc"": ""2026-09-01T17:43:26.832664+00:00""}"
1187.600000000,LOCAL_REPLAN,"{""message"": ""Call local replanning..."", ""wall_time_utc"": ""2026-09-01T17:43:56.694741+00:00""}"
1187.600000000,REPLAN_REQUESTED,"{""message"": ""Replanning request. curr_vertex_idx: 46"", ""wall_time_utc"": ""2026-09-01T17:43:56.696580+00:00""}"
1191.400000000,LOCAL_REPLAN,"{""message"": ""Call local replanning..."", ""wall_time_utc"": ""2026-09-01T17:44:15.896211+00:00""}"
1191.400000000,REPLAN_REQUESTED,"{""message"": ""Replanning request. curr_vertex_idx: 46"", ""wall_time_utc"": ""2026-09-01T17:44:15.897834+00:00""}"
1197.600000000,LOCAL_REPLAN,"{""message"": ""Call local replanning..."", ""wall_time_utc"": ""2026-09-01T17:44:46.694544+00:00""}"
1197.600000000,REPLAN_REQUESTED,"{""message"": ""Replanning request. curr_vertex_idx: 46"", ""wall_time_utc"": ""2026-09-01T17:44:46.697071+00:00""}"
1203.600000000,LOCAL_REPLAN,"{""message"": ""Call local replanning..."", ""wall_time_utc"": ""2026-09-01T17:45:16.686891+00:00""}"
1203.600000000,REPLAN_REQUESTED,"{""message"": ""Replanning request. curr_vertex_idx: 46"", ""wall_time_utc"": ""2026-09-01T17:45:16.689056+00:00""}"
1209.600000000,LOCAL_REPLAN,"{""message"": ""Call local replanning..."", ""wall_time_utc"": ""2026-09-01T17:45:46.697752+00:00""}"
1209.600000000,REPLAN_REQUESTED,"{""message"": ""Replanning request. curr_vertex_idx: 46"", ""wall_time_utc"": ""2026-09-01T17:45:46.700034+00:00""}"
1215.600000000,LOCAL_REPLAN,"{""message"": ""Call local replanning..."", ""wall_time_utc"": ""2026-09-01T17:46:16.690753+00:00""}"
1215.600000000,REPLAN_REQUESTED,"{""message"": ""Replanning request. curr_vertex_idx: 46"", ""wall_time_utc"": ""2026-09-01T17:46:16.693148+00:00""}"
1221.600000000,LOCAL_REPLAN,"{""message"": ""Call local replanning..."", ""wall_time_utc"": ""2026-09-01T17:46:46.850128+00:00""}"
1221.600000000,REPLAN_REQUESTED,"{""message"": ""Replanning request. curr_vertex_idx: 46"", ""wall_time_utc"": ""2026-09-01T17:46:46.852451+00:00""}"
1227.600000000,LOCAL_REPLAN,"{""message"": ""Call local replanning..."", ""wall_time_utc"": ""2026-09-01T17:47:16.832314+00:00""}"
1227.600000000,REPLAN_REQUESTED,"{""message"": ""Replanning request. curr_vertex_idx: 46"", ""wall_time_utc"": ""2026-09-01T17:47:16.833944+00:00""}"
1233.600000000,LOCAL_REPLAN,"{""message"": ""Call local replanning..."", ""wall_time_utc"": ""2026-09-01T17:47:46.842413+00:00""}"
1233.600000000,REPLAN_REQUESTED,"{""message"": ""Replanning request. curr_vertex_idx: 46"", ""wall_time_utc"": ""2026-09-01T17:47:46.844398+00:00""}"
1239.600000000,LOCAL_REPLAN,"{""message"": ""Call local replanning..."", ""wall_time_utc"": ""2026-09-01T17:48:16.686048+00:00""}"
1239.600000000,REPLAN_REQUESTED,"{""message"": ""Replanning request. curr_vertex_idx: 46"", ""wall_time_utc"": ""2026-09-01T17:48:16.688152+00:00""}"
1245.600000000,LOCAL_REPLAN,"{""message"": ""Call local replanning..."", ""wall_time_utc"": ""2026-09-01T17:48:46.845850+00:00""}"
1245.600000000,REPLAN_REQUESTED,"{""message"": ""Replanning request. curr_vertex_idx: 46"", ""wall_time_utc"": ""2026-09-01T17:48:46.847696+00:00""}"
1251.600000000,LOCAL_REPLAN,"{""message"": ""Call local replanning..."", ""wall_time_utc"": ""2026-09-01T17:49:16.847235+00:00""}"
1251.600000000,REPLAN_REQUESTED,"{""message"": ""Replanning request. curr_vertex_idx: 46"", ""wall_time_utc"": ""2026-09-01T17:49:16.849120+00:00""}"
1257.600000000,LOCAL_REPLAN,"{""message"": ""Call local replanning..."", ""wall_time_utc"": ""2026-09-01T17:49:46.840824+00:00""}"
1257.600000000,REPLAN_REQUESTED,"{""message"": ""Replanning request. curr_vertex_idx: 46"", ""wall_time_utc"": ""2026-09-01T17:49:46.842774+00:00""}"
1263.400000000,LOCAL_REPLAN,"{""message"": ""Call local replanning..."", ""wall_time_utc"": ""2026-09-01T17:50:16.130323+00:00""}"
1263.400000000,REPLAN_REQUESTED,"{""message"": ""Replanning request. curr_vertex_idx: 46"", ""wall_time_utc"": ""2026-09-01T17:50:16.132505+00:00""}"
1265.600000000,LOCAL_REPLAN,"{""message"": ""Call local replanning..."", ""wall_time_utc"": ""2026-09-01T17:50:26.701520+00:00""}"
1265.600000000,REPLAN_REQUESTED,"{""message"": ""Replanning request. curr_vertex_idx: 46"", ""wall_time_utc"": ""2026-09-01T17:50:26.703520+00:00""}"
1267.600000000,LOCAL_REPLAN,"{""message"": ""Call local replanning..."", ""wall_time_utc"": ""2026-09-01T17:50:36.711869+00:00""}"
1267.600000000,REPLAN_REQUESTED,"{""message"": ""Replanning request. curr_vertex_idx: 46"", ""wall_time_utc"": ""2026-09-01T17:50:36.713612+00:00""}"
1273.600000000,LOCAL_REPLAN,"{""message"": ""Call local replanning..."", ""wall_time_utc"": ""2026-09-01T17:51:06.708908+00:00""}"
1273.600000000,REPLAN_REQUESTED,"{""message"": ""Replanning request. curr_vertex_idx: 46"", ""wall_time_utc"": ""2026-09-01T17:51:06.710853+00:00""}"
1279.600000000,LOCAL_REPLAN,"{""message"": ""Call local replanning..."", ""wall_time_utc"": ""2026-09-01T17:51:36.710142+00:00""}"
1279.600000000,REPLAN_REQUESTED,"{""message"": ""Replanning request. curr_vertex_idx: 46"", ""wall_time_utc"": ""2026-09-01T17:51:36.711843+00:00""}"
1285.600000000,LOCAL_REPLAN,"{""message"": ""Call local replanning..."", ""wall_time_utc"": ""2026-09-01T17:52:06.708424+00:00""}"
1285.600000000,REPLAN_REQUESTED,"{""message"": ""Replanning request. curr_vertex_idx: 46"", ""wall_time_utc"": ""2026-09-01T17:52:06.710343+00:00""}"
1291.600000000,LOCAL_REPLAN,"{""message"": ""Call local replanning..."", ""wall_time_utc"": ""2026-09-01T17:52:36.699932+00:00""}"
1291.600000000,REPLAN_REQUESTED,"{""message"": ""Replanning request. curr_vertex_idx: 46"", ""wall_time_utc"": ""2026-09-01T17:52:36.701651+00:00""}"
1297.600000000,LOCAL_REPLAN,"{""message"": ""Call local replanning..."", ""wall_time_utc"": ""2026-09-01T17:53:06.859435+00:00""}"
1297.600000000,REPLAN_REQUESTED,"{""message"": ""Replanning request. curr_vertex_idx: 46"", ""wall_time_utc"": ""2026-09-01T17:53:06.860987+00:00""}"
1303.600000000,LOCAL_REPLAN,"{""message"": ""Call local replanning..."", ""wall_time_utc"": ""2026-09-01T17:53:36.703506+00:00""}"
1303.600000000,REPLAN_REQUESTED,"{""message"": ""Replanning request. curr_vertex_idx: 46"", ""wall_time_utc"": ""2026-09-01T17:53:36.705235+00:00""}"
1309.600000000,LOCAL_REPLAN,"{""message"": ""Call local replanning..."", ""wall_time_utc"": ""2026-09-01T17:54:06.698970+00:00""}"
1309.600000000,REPLAN_REQUESTED,"{""message"": ""Replanning request. curr_vertex_idx: 46"", ""wall_time_utc"": ""2026-09-01T17:54:06.700687+00:00""}"
1315.600000000,LOCAL_REPLAN,"{""message"": ""Call local replanning..."", ""wall_time_utc"": ""2026-09-01T17:54:36.703837+00:00""}"
1315.600000000,REPLAN_REQUESTED,"{""message"": ""Replanning request. curr_vertex_idx: 46"", ""wall_time_utc"": ""2026-09-01T17:54:36.705834+00:00""}"
1321.600000000,LOCAL_REPLAN,"{""message"": ""Call local replanning..."", ""wall_time_utc"": ""2026-09-01T17:55:06.863431+00:00""}"
1321.600000000,REPLAN_REQUESTED,"{""message"": ""Replanning request. curr_vertex_idx: 46"", ""wall_time_utc"": ""2026-09-01T17:55:06.865349+00:00""}"
1327.600000000,LOCAL_REPLAN,"{""message"": ""Call local replanning..."", ""wall_time_utc"": ""2026-09-01T17:55:36.720175+00:00""}"
1327.600000000,REPLAN_REQUESTED,"{""message"": ""Replanning request. curr_vertex_idx: 46"", ""wall_time_utc"": ""2026-09-01T17:55:36.721923+00:00""}"
1333.600000000,LOCAL_REPLAN,"{""message"": ""Call local replanning..."", ""wall_time_utc"": ""2026-09-01T17:56:06.704207+00:00""}"
1333.600000000,REPLAN_REQUESTED,"{""message"": ""Replanning request. curr_vertex_idx: 46"", ""wall_time_utc"": ""2026-09-01T17:56:06.706180+00:00""}"
1339.600000000,LOCAL_REPLAN,"{""message"": ""Call local replanning..."", ""wall_time_utc"": ""2026-09-01T17:56:36.856783+00:00""}"
1339.600000000,REPLAN_REQUESTED,"{""message"": ""Replanning request. curr_vertex_idx: 46"", ""wall_time_utc"": ""2026-09-01T17:56:36.858880+00:00""}"
1345.600000000,LOCAL_REPLAN,"{""message"": ""Call local replanning..."", ""wall_time_utc"": ""2026-09-01T17:57:06.845529+00:00""}"
1345.600000000,REPLAN_REQUESTED,"{""message"": ""Replanning request. curr_vertex_idx: 46"", ""wall_time_utc"": ""2026-09-01T17:57:06.847495+00:00""}"
1351.400000000,LOCAL_REPLAN,"{""message"": ""Call local replanning..."", ""wall_time_utc"": ""2026-09-01T17:57:35.703580+00:00""}"
1351.400000000,REPLAN_REQUESTED,"{""message"": ""Replanning request. curr_vertex_idx: 46"", ""wall_time_utc"": ""2026-09-01T17:57:35.705521+00:00""}"
1357.600000000,LOCAL_REPLAN,"{""message"": ""Call local replanning..."", ""wall_time_utc"": ""2026-09-01T17:58:06.865169+00:00""}"
1357.600000000,REPLAN_REQUESTED,"{""message"": ""Replanning request. curr_vertex_idx: 46"", ""wall_time_utc"": ""2026-09-01T17:58:06.867154+00:00""}"
1363.600000000,LOCAL_REPLAN,"{""message"": ""Call local replanning..."", ""wall_time_utc"": ""2026-09-01T17:58:36.709614+00:00""}"
1363.600000000,REPLAN_REQUESTED,"{""message"": ""Replanning request. curr_vertex_idx: 46"", ""wall_time_utc"": ""2026-09-01T17:58:36.711247+00:00""}"
1369.600000000,LOCAL_REPLAN,"{""message"": ""Call local replanning..."", ""wall_time_utc"": ""2026-09-01T17:59:06.708221+00:00""}"
1369.600000000,REPLAN_REQUESTED,"{""message"": ""Replanning request. curr_vertex_idx: 46"", ""wall_time_utc"": ""2026-09-01T17:59:06.710334+00:00""}"
1373.800000000,KARTO_LOOP_ACCEPTED,"{""chain_end"": 737, ""chain_start"": 732, ""current_scan"": 997, ""loop_count"": 5, ""received_ros_time"": 1373.8, ""received_wall_time_utc"": ""2026-09-01T17:59:27.529373+00:00"", ""seq"": 5, ""stamp"": 1373.8, ""wall_time_utc"": ""2026-09-01T17:59:27.529403+00:00""}"
1373.800000000,KARTO_LOOP_CONSTRAINT,"{""message"": ""Add one Loop closure. 5 loops have been added."", ""wall_time_utc"": ""2026-09-01T17:59:27.529686+00:00""}"
1375.600000000,LOCAL_REPLAN,"{""message"": ""Call local replanning..."", ""wall_time_utc"": ""2026-09-01T17:59:36.709823+00:00""}"
1375.600000000,REPLAN_REQUESTED,"{""message"": ""Replanning request. curr_vertex_idx: 46"", ""wall_time_utc"": ""2026-09-01T17:59:36.711450+00:00""}"
1381.600000000,LOCAL_REPLAN,"{""message"": ""Call local replanning..."", ""wall_time_utc"": ""2026-09-01T18:00:06.702367+00:00""}"
1381.600000000,REPLAN_REQUESTED,"{""message"": ""Replanning request. curr_vertex_idx: 46"", ""wall_time_utc"": ""2026-09-01T18:00:06.704250+00:00""}"
1387.600000000,LOCAL_REPLAN,"{""message"": ""Call local replanning..."", ""wall_time_utc"": ""2026-09-01T18:00:36.853899+00:00""}"
1387.600000000,REPLAN_REQUESTED,"{""message"": ""Replanning request. curr_vertex_idx: 46"", ""wall_time_utc"": ""2026-09-01T18:00:36.856100+00:00""}"
1393.600000000,LOCAL_REPLAN,"{""message"": ""Call local replanning..."", ""wall_time_utc"": ""2026-09-01T18:01:06.729756+00:00""}"
1393.600000000,REPLAN_REQUESTED,"{""message"": ""Replanning request. curr_vertex_idx: 46"", ""wall_time_utc"": ""2026-09-01T18:01:06.731685+00:00""}"
1399.600000000,LOCAL_REPLAN,"{""message"": ""Call local replanning..."", ""wall_time_utc"": ""2026-09-01T18:01:36.710574+00:00""}"
1399.600000000,REPLAN_REQUESTED,"{""message"": ""Replanning request. curr_vertex_idx: 46"", ""wall_time_utc"": ""2026-09-01T18:01:36.712524+00:00""}"
1405.600000000,LOCAL_REPLAN,"{""message"": ""Call local replanning..."", ""wall_time_utc"": ""2026-09-01T18:02:06.704249+00:00""}"
1405.600000000,REPLAN_REQUESTED,"{""message"": ""Replanning request. curr_vertex_idx: 46"", ""wall_time_utc"": ""2026-09-01T18:02:06.706702+00:00""}"
1411.600000000,LOCAL_REPLAN,"{""message"": ""Call local replanning..."", ""wall_time_utc"": ""2026-09-01T18:02:36.857857+00:00""}"
1411.600000000,REPLAN_REQUESTED,"{""message"": ""Replanning request. curr_vertex_idx: 46"", ""wall_time_utc"": ""2026-09-01T18:02:36.860145+00:00""}"
1417.600000000,LOCAL_REPLAN,"{""message"": ""Call local replanning..."", ""wall_time_utc"": ""2026-09-01T18:03:06.714432+00:00""}"
1417.600000000,REPLAN_REQUESTED,"{""message"": ""Replanning request. curr_vertex_idx: 46"", ""wall_time_utc"": ""2026-09-01T18:03:06.716384+00:00""}"
1423.600000000,LOCAL_REPLAN,"{""message"": ""Call local replanning..."", ""wall_time_utc"": ""2026-09-01T18:03:36.711719+00:00""}"
1423.600000000,REPLAN_REQUESTED,"{""message"": ""Replanning request. curr_vertex_idx: 46"", ""wall_time_utc"": ""2026-09-01T18:03:36.713595+00:00""}"
1429.600000000,LOCAL_REPLAN,"{""message"": ""Call local replanning..."", ""wall_time_utc"": ""2026-09-01T18:04:06.858298+00:00""}"
1429.600000000,REPLAN_REQUESTED,"{""message"": ""Replanning request. curr_vertex_idx: 46"", ""wall_time_utc"": ""2026-09-01T18:04:06.860360+00:00""}"
1435.400000000,LOCAL_REPLAN,"{""message"": ""Call local replanning..."", ""wall_time_utc"": ""2026-09-01T18:04:36.175606+00:00""}"
1435.400000000,REPLAN_REQUESTED,"{""message"": ""Replanning request. curr_vertex_idx: 46"", ""wall_time_utc"": ""2026-09-01T18:04:36.177829+00:00""}"
1441.600000000,LOCAL_REPLAN,"{""message"": ""Call local replanning..."", ""wall_time_utc"": ""2026-09-01T18:05:06.710024+00:00""}"
1441.600000000,REPLAN_REQUESTED,"{""message"": ""Replanning request. curr_vertex_idx: 46"", ""wall_time_utc"": ""2026-09-01T18:05:06.711993+00:00""}"
1447.600000000,LOCAL_REPLAN,"{""message"": ""Call local replanning..."", ""wall_time_utc"": ""2026-09-01T18:05:36.700233+00:00""}"
1447.600000000,REPLAN_REQUESTED,"{""message"": ""Replanning request. curr_vertex_idx: 46"", ""wall_time_utc"": ""2026-09-01T18:05:36.702350+00:00""}"
1453.600000000,LOCAL_REPLAN,"{""message"": ""Call local replanning..."", ""wall_time_utc"": ""2026-09-01T18:06:06.855308+00:00""}"
1453.600000000,REPLAN_REQUESTED,"{""message"": ""Replanning request. curr_vertex_idx: 46"", ""wall_time_utc"": ""2026-09-01T18:06:06.857354+00:00""}"
1459.600000000,LOCAL_REPLAN,"{""message"": ""Call local replanning..."", ""wall_time_utc"": ""2026-09-01T18:06:36.707818+00:00""}"
1459.600000000,REPLAN_REQUESTED,"{""message"": ""Replanning request. curr_vertex_idx: 46"", ""wall_time_utc"": ""2026-09-01T18:06:36.709433+00:00""}"
1465.600000000,LOCAL_REPLAN,"{""message"": ""Call local replanning..."", ""wall_time_utc"": ""2026-09-01T18:07:06.730261+00:00""}"
1465.600000000,REPLAN_REQUESTED,"{""message"": ""Replanning request. curr_vertex_idx: 46"", ""wall_time_utc"": ""2026-09-01T18:07:06.732292+00:00""}"
1471.600000000,LOCAL_REPLAN,"{""message"": ""Call local replanning..."", ""wall_time_utc"": ""2026-09-01T18:07:36.699559+00:00""}"
1471.600000000,REPLAN_REQUESTED,"{""message"": ""Replanning request. curr_vertex_idx: 46"", ""wall_time_utc"": ""2026-09-01T18:07:36.701580+00:00""}"
1477.600000000,KARTO_LOOP_ACCEPTED,"{""chain_end"": 845, ""chain_start"": 842, ""current_scan"": 1061, ""loop_count"": 6, ""received_ros_time"": 1477.6, ""received_wall_time_utc"": ""2026-09-01T18:08:06.537768+00:00"", ""seq"": 6, ""stamp"": 1477.6, ""wall_time_utc"": ""2026-09-01T18:08:06.537789+00:00""}"
1477.600000000,KARTO_LOOP_CONSTRAINT,"{""message"": ""Add one Loop closure. 6 loops have been added."", ""wall_time_utc"": ""2026-09-01T18:08:06.538031+00:00""}"
1477.600000000,LOCAL_REPLAN,"{""message"": ""Call local replanning..."", ""wall_time_utc"": ""2026-09-01T18:08:06.862572+00:00""}"
1477.600000000,REPLAN_REQUESTED,"{""message"": ""Replanning request. curr_vertex_idx: 46"", ""wall_time_utc"": ""2026-09-01T18:08:06.864475+00:00""}"
1483.600000000,LOCAL_REPLAN,"{""message"": ""Call local replanning..."", ""wall_time_utc"": ""2026-09-01T18:08:36.706719+00:00""}"
1483.600000000,REPLAN_REQUESTED,"{""message"": ""Replanning request. curr_vertex_idx: 46"", ""wall_time_utc"": ""2026-09-01T18:08:36.708729+00:00""}"
1489.600000000,LOCAL_REPLAN,"{""message"": ""Call local replanning..."", ""wall_time_utc"": ""2026-09-01T18:09:06.717168+00:00""}"
1489.600000000,REPLAN_REQUESTED,"{""message"": ""Replanning request. curr_vertex_idx: 46"", ""wall_time_utc"": ""2026-09-01T18:09:06.719028+00:00""}"
1495.600000000,LOCAL_REPLAN,"{""message"": ""Call local replanning..."", ""wall_time_utc"": ""2026-09-01T18:09:36.861386+00:00""}"
1495.600000000,REPLAN_REQUESTED,"{""message"": ""Replanning request. curr_vertex_idx: 46"", ""wall_time_utc"": ""2026-09-01T18:09:36.863385+00:00""}"
1501.600000000,LOCAL_REPLAN,"{""message"": ""Call local replanning..."", ""wall_time_utc"": ""2026-09-01T18:10:06.703964+00:00""}"
1501.600000000,REPLAN_REQUESTED,"{""message"": ""Replanning request. curr_vertex_idx: 46"", ""wall_time_utc"": ""2026-09-01T18:10:06.706047+00:00""}"
1507.600000000,LOCAL_REPLAN,"{""message"": ""Call local replanning..."", ""wall_time_utc"": ""2026-09-01T18:10:36.706647+00:00""}"
1507.600000000,REPLAN_REQUESTED,"{""message"": ""Replanning request. curr_vertex_idx: 46"", ""wall_time_utc"": ""2026-09-01T18:10:36.708399+00:00""}"
1513.600000000,LOCAL_REPLAN,"{""message"": ""Call local replanning..."", ""wall_time_utc"": ""2026-09-01T18:11:06.704636+00:00""}"
1513.600000000,REPLAN_REQUESTED,"{""message"": ""Replanning request. curr_vertex_idx: 46"", ""wall_time_utc"": ""2026-09-01T18:11:06.706681+00:00""}"
1519.600000000,LOCAL_REPLAN,"{""message"": ""Call local replanning..."", ""wall_time_utc"": ""2026-09-01T18:11:36.871915+00:00""}"
1519.600000000,REPLAN_REQUESTED,"{""message"": ""Replanning request. curr_vertex_idx: 46"", ""wall_time_utc"": ""2026-09-01T18:11:36.873805+00:00""}"
1525.600000000,LOCAL_REPLAN,"{""message"": ""Call local replanning..."", ""wall_time_utc"": ""2026-09-01T18:12:06.704127+00:00""}"
1525.600000000,REPLAN_REQUESTED,"{""message"": ""Replanning request. curr_vertex_idx: 46"", ""wall_time_utc"": ""2026-09-01T18:12:06.706142+00:00""}"
1531.400000000,LOCAL_REPLAN,"{""message"": ""Call local replanning..."", ""wall_time_utc"": ""2026-09-01T18:12:35.710281+00:00""}"
1531.400000000,REPLAN_REQUESTED,"{""message"": ""Replanning request. curr_vertex_idx: 46"", ""wall_time_utc"": ""2026-09-01T18:12:35.712152+00:00""}"
1537.600000000,LOCAL_REPLAN,"{""message"": ""Call local replanning..."", ""wall_time_utc"": ""2026-09-01T18:13:06.875598+00:00""}"
1537.600000000,REPLAN_REQUESTED,"{""message"": ""Replanning request. curr_vertex_idx: 46"", ""wall_time_utc"": ""2026-09-01T18:13:06.877384+00:00""}"
1543.600000000,LOCAL_REPLAN,"{""message"": ""Call local replanning..."", ""wall_time_utc"": ""2026-09-01T18:13:36.737407+00:00""}"
1543.600000000,REPLAN_REQUESTED,"{""message"": ""Replanning request. curr_vertex_idx: 46"", ""wall_time_utc"": ""2026-09-01T18:13:36.739251+00:00""}"
1549.600000000,LOCAL_REPLAN,"{""message"": ""Call local replanning..."", ""wall_time_utc"": ""2026-09-01T18:14:06.705665+00:00""}"
1549.600000000,REPLAN_REQUESTED,"{""message"": ""Replanning request. curr_vertex_idx: 46"", ""wall_time_utc"": ""2026-09-01T18:14:06.707907+00:00""}"
1555.600000000,LOCAL_REPLAN,"{""message"": ""Call local replanning..."", ""wall_time_utc"": ""2026-09-01T18:14:36.726258+00:00""}"
1555.600000000,REPLAN_REQUESTED,"{""message"": ""Replanning request. curr_vertex_idx: 46"", ""wall_time_utc"": ""2026-09-01T18:14:36.728247+00:00""}"
1561.600000000,LOCAL_REPLAN,"{""message"": ""Call local replanning..."", ""wall_time_utc"": ""2026-09-01T18:15:06.709348+00:00""}"
1561.600000000,REPLAN_REQUESTED,"{""message"": ""Replanning request. curr_vertex_idx: 46"", ""wall_time_utc"": ""2026-09-01T18:15:06.710968+00:00""}"
1567.400000000,LOCAL_REPLAN,"{""message"": ""Call local replanning..."", ""wall_time_utc"": ""2026-09-01T18:15:35.704597+00:00""}"
1567.400000000,REPLAN_REQUESTED,"{""message"": ""Replanning request. curr_vertex_idx: 46"", ""wall_time_utc"": ""2026-09-01T18:15:35.706328+00:00""}"
1573.600000000,LOCAL_REPLAN,"{""message"": ""Call local replanning..."", ""wall_time_utc"": ""2026-09-01T18:16:06.880078+00:00""}"
1573.600000000,REPLAN_REQUESTED,"{""message"": ""Replanning request. curr_vertex_idx: 46"", ""wall_time_utc"": ""2026-09-01T18:16:06.881955+00:00""}"
1579.600000000,LOCAL_REPLAN,"{""message"": ""Call local replanning..."", ""wall_time_utc"": ""2026-09-01T18:16:36.701677+00:00""}"
1579.600000000,REPLAN_REQUESTED,"{""message"": ""Replanning request. curr_vertex_idx: 46"", ""wall_time_utc"": ""2026-09-01T18:16:36.703246+00:00""}"
1585.600000000,LOCAL_REPLAN,"{""message"": ""Call local replanning..."", ""wall_time_utc"": ""2026-09-01T18:17:06.708869+00:00""}"
1585.600000000,REPLAN_REQUESTED,"{""message"": ""Replanning request. curr_vertex_idx: 46"", ""wall_time_utc"": ""2026-09-01T18:17:06.710776+00:00""}"
1591.600000000,LOCAL_REPLAN,"{""message"": ""Call local replanning..."", ""wall_time_utc"": ""2026-09-01T18:17:36.864456+00:00""}"
1591.600000000,REPLAN_REQUESTED,"{""message"": ""Replanning request. curr_vertex_idx: 46"", ""wall_time_utc"": ""2026-09-01T18:17:36.866450+00:00""}"
1597.600000000,LOCAL_REPLAN,"{""message"": ""Call local replanning..."", ""wall_time_utc"": ""2026-09-01T18:18:06.717737+00:00""}"
1597.600000000,REPLAN_REQUESTED,"{""message"": ""Replanning request. curr_vertex_idx: 46"", ""wall_time_utc"": ""2026-09-01T18:18:06.719720+00:00""}"
1603.600000000,LOCAL_REPLAN,"{""message"": ""Call local replanning..."", ""wall_time_utc"": ""2026-09-01T18:18:36.746772+00:00""}"
1603.600000000,REPLAN_REQUESTED,"{""message"": ""Replanning request. curr_vertex_idx: 46"", ""wall_time_utc"": ""2026-09-01T18:18:36.748620+00:00""}"
1609.600000000,LOCAL_REPLAN,"{""message"": ""Call local replanning..."", ""wall_time_utc"": ""2026-09-01T18:19:06.712559+00:00""}"
1609.600000000,REPLAN_REQUESTED,"{""message"": ""Replanning request. curr_vertex_idx: 46"", ""wall_time_utc"": ""2026-09-01T18:19:06.714475+00:00""}"
1615.600000000,LOCAL_REPLAN,"{""message"": ""Call local replanning..."", ""wall_time_utc"": ""2026-09-01T18:19:36.704445+00:00""}"
1615.600000000,REPLAN_REQUESTED,"{""message"": ""Replanning request. curr_vertex_idx: 46"", ""wall_time_utc"": ""2026-09-01T18:19:36.706025+00:00""}"
1621.600000000,LOCAL_REPLAN,"{""message"": ""Call local replanning..."", ""wall_time_utc"": ""2026-09-01T18:20:06.705494+00:00""}"
1621.600000000,REPLAN_REQUESTED,"{""message"": ""Replanning request. curr_vertex_idx: 46"", ""wall_time_utc"": ""2026-09-01T18:20:06.707320+00:00""}"
1627.600000000,LOCAL_REPLAN,"{""message"": ""Call local replanning..."", ""wall_time_utc"": ""2026-09-01T18:20:36.870305+00:00""}"
1627.600000000,REPLAN_REQUESTED,"{""message"": ""Replanning request. curr_vertex_idx: 46"", ""wall_time_utc"": ""2026-09-01T18:20:36.872218+00:00""}"
1633.600000000,LOCAL_REPLAN,"{""message"": ""Call local replanning..."", ""wall_time_utc"": ""2026-09-01T18:21:06.865202+00:00""}"
1633.600000000,REPLAN_REQUESTED,"{""message"": ""Replanning request. curr_vertex_idx: 46"", ""wall_time_utc"": ""2026-09-01T18:21:06.867269+00:00""}"
1639.600000000,LOCAL_REPLAN,"{""message"": ""Call local replanning..."", ""wall_time_utc"": ""2026-09-01T18:21:36.706707+00:00""}"
1639.600000000,REPLAN_REQUESTED,"{""message"": ""Replanning request. curr_vertex_idx: 46"", ""wall_time_utc"": ""2026-09-01T18:21:36.708505+00:00""}"
1645.600000000,LOCAL_REPLAN,"{""message"": ""Call local replanning..."", ""wall_time_utc"": ""2026-09-01T18:22:06.714685+00:00""}"
1645.600000000,REPLAN_REQUESTED,"{""message"": ""Replanning request. curr_vertex_idx: 46"", ""wall_time_utc"": ""2026-09-01T18:22:06.716684+00:00""}"
1651.600000000,LOCAL_REPLAN,"{""message"": ""Call local replanning..."", ""wall_time_utc"": ""2026-09-01T18:22:36.714298+00:00""}"
1651.600000000,REPLAN_REQUESTED,"{""message"": ""Replanning request. curr_vertex_idx: 46"", ""wall_time_utc"": ""2026-09-01T18:22:36.715858+00:00""}"
1657.600000000,LOCAL_REPLAN,"{""message"": ""Call local replanning..."", ""wall_time_utc"": ""2026-09-01T18:23:06.709425+00:00""}"
1657.600000000,REPLAN_REQUESTED,"{""message"": ""Replanning request. curr_vertex_idx: 46"", ""wall_time_utc"": ""2026-09-01T18:23:06.711263+00:00""}"
1663.600000000,LOCAL_REPLAN,"{""message"": ""Call local replanning..."", ""wall_time_utc"": ""2026-09-01T18:23:36.864516+00:00""}"
1663.600000000,REPLAN_REQUESTED,"{""message"": ""Replanning request. curr_vertex_idx: 46"", ""wall_time_utc"": ""2026-09-01T18:23:36.866452+00:00""}"
1669.600000000,LOCAL_REPLAN,"{""message"": ""Call local replanning..."", ""wall_time_utc"": ""2026-09-01T18:24:06.723456+00:00""}"
1669.600000000,REPLAN_REQUESTED,"{""message"": ""Replanning request. curr_vertex_idx: 46"", ""wall_time_utc"": ""2026-09-01T18:24:06.725353+00:00""}"
1675.600000000,LOCAL_REPLAN,"{""message"": ""Call local replanning..."", ""wall_time_utc"": ""2026-09-01T18:24:36.717132+00:00""}"
1675.600000000,REPLAN_REQUESTED,"{""message"": ""Replanning request. curr_vertex_idx: 46"", ""wall_time_utc"": ""2026-09-01T18:24:36.719242+00:00""}"
1681.600000000,LOCAL_REPLAN,"{""message"": ""Call local replanning..."", ""wall_time_utc"": ""2026-09-01T18:25:06.714180+00:00""}"
1681.600000000,REPLAN_REQUESTED,"{""message"": ""Replanning request. curr_vertex_idx: 46"", ""wall_time_utc"": ""2026-09-01T18:25:06.716298+00:00""}"
1687.400000000,LOCAL_REPLAN,"{""message"": ""Call local replanning..."", ""wall_time_utc"": ""2026-09-01T18:25:35.989801+00:00""}"
1687.400000000,REPLAN_REQUESTED,"{""message"": ""Replanning request. curr_vertex_idx: 46"", ""wall_time_utc"": ""2026-09-01T18:25:35.991822+00:00""}"
1693.600000000,LOCAL_REPLAN,"{""message"": ""Call local replanning..."", ""wall_time_utc"": ""2026-09-01T18:26:06.708444+00:00""}"
1693.600000000,REPLAN_REQUESTED,"{""message"": ""Replanning request. curr_vertex_idx: 46"", ""wall_time_utc"": ""2026-09-01T18:26:06.710859+00:00""}"
1698.600000000,LOCAL_REPLAN,"{""message"": ""Call local replanning..."", ""wall_time_utc"": ""2026-09-01T18:26:31.867299+00:00""}"
1698.600000000,REPLAN_REQUESTED,"{""message"": ""Replanning request. curr_vertex_idx: 46"", ""wall_time_utc"": ""2026-09-01T18:26:31.868825+00:00""}"
1700.600000000,LOCAL_REPLAN,"{""message"": ""Call local replanning..."", ""wall_time_utc"": ""2026-09-01T18:26:42.233968+00:00""}"
1700.600000000,REPLAN_REQUESTED,"{""message"": ""Replanning request. curr_vertex_idx: 46"", ""wall_time_utc"": ""2026-09-01T18:26:42.236196+00:00""}"
1706.600000000,LOCAL_REPLAN,"{""message"": ""Call local replanning..."", ""wall_time_utc"": ""2026-09-01T18:27:11.707614+00:00""}"
1706.600000000,REPLAN_REQUESTED,"{""message"": ""Replanning request. curr_vertex_idx: 46"", ""wall_time_utc"": ""2026-09-01T18:27:11.709810+00:00""}"
1712.600000000,LOCAL_REPLAN,"{""message"": ""Call local replanning..."", ""wall_time_utc"": ""2026-09-01T18:27:41.549287+00:00""}"
1712.600000000,REPLAN_REQUESTED,"{""message"": ""Replanning request. curr_vertex_idx: 46"", ""wall_time_utc"": ""2026-09-01T18:27:41.551400+00:00""}"
1718.600000000,LOCAL_REPLAN,"{""message"": ""Call local replanning..."", ""wall_time_utc"": ""2026-09-01T18:28:11.704306+00:00""}"
1718.600000000,REPLAN_REQUESTED,"{""message"": ""Replanning request. curr_vertex_idx: 46"", ""wall_time_utc"": ""2026-09-01T18:28:11.706205+00:00""}"
1724.600000000,LOCAL_REPLAN,"{""message"": ""Call local replanning..."", ""wall_time_utc"": ""2026-09-01T18:28:41.707938+00:00""}"
1724.600000000,REPLAN_REQUESTED,"{""message"": ""Replanning request. curr_vertex_idx: 46"", ""wall_time_utc"": ""2026-09-01T18:28:41.710093+00:00""}"
1730.600000000,LOCAL_REPLAN,"{""message"": ""Call local replanning..."", ""wall_time_utc"": ""2026-09-01T18:29:11.704252+00:00""}"
1730.600000000,REPLAN_REQUESTED,"{""message"": ""Replanning request. curr_vertex_idx: 46"", ""wall_time_utc"": ""2026-09-01T18:29:11.706228+00:00""}"
1736.600000000,LOCAL_REPLAN,"{""message"": ""Call local replanning..."", ""wall_time_utc"": ""2026-09-01T18:29:41.701610+00:00""}"
1736.600000000,REPLAN_REQUESTED,"{""message"": ""Replanning request. curr_vertex_idx: 46"", ""wall_time_utc"": ""2026-09-01T18:29:41.703913+00:00""}"
1742.600000000,LOCAL_REPLAN,"{""message"": ""Call local replanning..."", ""wall_time_utc"": ""2026-09-01T18:30:11.857128+00:00""}"
1742.600000000,REPLAN_REQUESTED,"{""message"": ""Replanning request. curr_vertex_idx: 46"", ""wall_time_utc"": ""2026-09-01T18:30:11.859219+00:00""}"
1748.600000000,LOCAL_REPLAN,"{""message"": ""Call local replanning..."", ""wall_time_utc"": ""2026-09-01T18:30:41.710974+00:00""}"
1748.600000000,REPLAN_REQUESTED,"{""message"": ""Replanning request. curr_vertex_idx: 46"", ""wall_time_utc"": ""2026-09-01T18:30:41.713090+00:00""}"
1754.600000000,LOCAL_REPLAN,"{""message"": ""Call local replanning..."", ""wall_time_utc"": ""2026-09-01T18:31:11.862044+00:00""}"
1754.600000000,REPLAN_REQUESTED,"{""message"": ""Replanning request. curr_vertex_idx: 46"", ""wall_time_utc"": ""2026-09-01T18:31:11.863949+00:00""}"
1760.600000000,LOCAL_REPLAN,"{""message"": ""Call local replanning..."", ""wall_time_utc"": ""2026-09-01T18:31:41.861171+00:00""}"
1760.600000000,REPLAN_REQUESTED,"{""message"": ""Replanning request. curr_vertex_idx: 46"", ""wall_time_utc"": ""2026-09-01T18:31:41.863404+00:00""}"
1766.600000000,LOCAL_REPLAN,"{""message"": ""Call local replanning..."", ""wall_time_utc"": ""2026-09-01T18:32:11.705820+00:00""}"
1766.600000000,REPLAN_REQUESTED,"{""message"": ""Replanning request. curr_vertex_idx: 46"", ""wall_time_utc"": ""2026-09-01T18:32:11.708080+00:00""}"
1772.600000000,LOCAL_REPLAN,"{""message"": ""Call local replanning..."", ""wall_time_utc"": ""2026-09-01T18:32:41.976641+00:00""}"
1772.600000000,REPLAN_REQUESTED,"{""message"": ""Replanning request. curr_vertex_idx: 46"", ""wall_time_utc"": ""2026-09-01T18:32:41.978198+00:00""}"
1778.600000000,LOCAL_REPLAN,"{""message"": ""Call local replanning..."", ""wall_time_utc"": ""2026-09-01T18:33:11.860067+00:00""}"
1778.600000000,REPLAN_REQUESTED,"{""message"": ""Replanning request. curr_vertex_idx: 46"", ""wall_time_utc"": ""2026-09-01T18:33:11.862109+00:00""}"
1784.600000000,LOCAL_REPLAN,"{""message"": ""Call local replanning..."", ""wall_time_utc"": ""2026-09-01T18:33:41.705946+00:00""}"
1784.600000000,REPLAN_REQUESTED,"{""message"": ""Replanning request. curr_vertex_idx: 46"", ""wall_time_utc"": ""2026-09-01T18:33:41.707920+00:00""}"
1790.600000000,LOCAL_REPLAN,"{""message"": ""Call local replanning..."", ""wall_time_utc"": ""2026-09-01T18:34:11.877200+00:00""}"
1790.600000000,REPLAN_REQUESTED,"{""message"": ""Replanning request. curr_vertex_idx: 46"", ""wall_time_utc"": ""2026-09-01T18:34:11.879456+00:00""}"
1796.600000000,LOCAL_REPLAN,"{""message"": ""Call local replanning..."", ""wall_time_utc"": ""2026-09-01T18:34:41.719711+00:00""}"
1796.600000000,REPLAN_REQUESTED,"{""message"": ""Replanning request. curr_vertex_idx: 46"", ""wall_time_utc"": ""2026-09-01T18:34:41.721679+00:00""}"
1802.600000000,LOCAL_REPLAN,"{""message"": ""Call local replanning..."", ""wall_time_utc"": ""2026-09-01T18:35:11.727252+00:00""}"
1802.600000000,REPLAN_REQUESTED,"{""message"": ""Replanning request. curr_vertex_idx: 46"", ""wall_time_utc"": ""2026-09-01T18:35:11.729320+00:00""}"
1808.600000000,LOCAL_REPLAN,"{""message"": ""Call local replanning..."", ""wall_time_utc"": ""2026-09-01T18:35:41.866383+00:00""}"
1808.600000000,REPLAN_REQUESTED,"{""message"": ""Replanning request. curr_vertex_idx: 46"", ""wall_time_utc"": ""2026-09-01T18:35:41.868332+00:00""}"
1814.600000000,LOCAL_REPLAN,"{""message"": ""Call local replanning..."", ""wall_time_utc"": ""2026-09-01T18:36:11.855556+00:00""}"
1814.600000000,REPLAN_REQUESTED,"{""message"": ""Replanning request. curr_vertex_idx: 46"", ""wall_time_utc"": ""2026-09-01T18:36:11.857618+00:00""}"
1820.600000000,LOCAL_REPLAN,"{""message"": ""Call local replanning..."", ""wall_time_utc"": ""2026-09-01T18:36:41.713774+00:00""}"
1820.600000000,REPLAN_REQUESTED,"{""message"": ""Replanning request. curr_vertex_idx: 46"", ""wall_time_utc"": ""2026-09-01T18:36:41.715962+00:00""}"
1826.600000000,LOCAL_REPLAN,"{""message"": ""Call local replanning..."", ""wall_time_utc"": ""2026-09-01T18:37:11.711463+00:00""}"
1826.600000000,REPLAN_REQUESTED,"{""message"": ""Replanning request. curr_vertex_idx: 46"", ""wall_time_utc"": ""2026-09-01T18:37:11.713510+00:00""}"
1832.600000000,LOCAL_REPLAN,"{""message"": ""Call local replanning..."", ""wall_time_utc"": ""2026-09-01T18:37:41.711849+00:00""}"
1832.600000000,REPLAN_REQUESTED,"{""message"": ""Replanning request. curr_vertex_idx: 46"", ""wall_time_utc"": ""2026-09-01T18:37:41.713899+00:00""}"
1838.600000000,LOCAL_REPLAN,"{""message"": ""Call local replanning..."", ""wall_time_utc"": ""2026-09-01T18:38:11.704409+00:00""}"
1838.600000000,REPLAN_REQUESTED,"{""message"": ""Replanning request. curr_vertex_idx: 46"", ""wall_time_utc"": ""2026-09-01T18:38:11.706298+00:00""}"
1844.600000000,LOCAL_REPLAN,"{""message"": ""Call local replanning..."", ""wall_time_utc"": ""2026-09-01T18:38:41.712666+00:00""}"
1844.600000000,REPLAN_REQUESTED,"{""message"": ""Replanning request. curr_vertex_idx: 46"", ""wall_time_utc"": ""2026-09-01T18:38:41.714485+00:00""}"
1850.600000000,LOCAL_REPLAN,"{""message"": ""Call local replanning..."", ""wall_time_utc"": ""2026-09-01T18:39:11.710821+00:00""}"
1850.600000000,REPLAN_REQUESTED,"{""message"": ""Replanning request. curr_vertex_idx: 46"", ""wall_time_utc"": ""2026-09-01T18:39:11.712804+00:00""}"
1856.400000000,LOCAL_REPLAN,"{""message"": ""Call local replanning..."", ""wall_time_utc"": ""2026-09-01T18:39:41.061725+00:00""}"
1856.400000000,REPLAN_REQUESTED,"{""message"": ""Replanning request. curr_vertex_idx: 46"", ""wall_time_utc"": ""2026-09-01T18:39:41.063762+00:00""}"
1862.600000000,LOCAL_REPLAN,"{""message"": ""Call local replanning..."", ""wall_time_utc"": ""2026-09-01T18:40:11.980877+00:00""}"
1862.600000000,REPLAN_REQUESTED,"{""message"": ""Replanning request. curr_vertex_idx: 46"", ""wall_time_utc"": ""2026-09-01T18:40:11.983160+00:00""}"
1868.600000000,LOCAL_REPLAN,"{""message"": ""Call local replanning..."", ""wall_time_utc"": ""2026-09-01T18:40:41.712480+00:00""}"
1868.600000000,REPLAN_REQUESTED,"{""message"": ""Replanning request. curr_vertex_idx: 46"", ""wall_time_utc"": ""2026-09-01T18:40:41.714632+00:00""}"
1874.600000000,LOCAL_REPLAN,"{""message"": ""Call local replanning..."", ""wall_time_utc"": ""2026-09-01T18:41:11.703876+00:00""}"
1874.600000000,REPLAN_REQUESTED,"{""message"": ""Replanning request. curr_vertex_idx: 46"", ""wall_time_utc"": ""2026-09-01T18:41:11.706077+00:00""}"
1880.600000000,LOCAL_REPLAN,"{""message"": ""Call local replanning..."", ""wall_time_utc"": ""2026-09-01T18:41:41.704130+00:00""}"
1880.600000000,REPLAN_REQUESTED,"{""message"": ""Replanning request. curr_vertex_idx: 46"", ""wall_time_utc"": ""2026-09-01T18:41:41.706069+00:00""}"
1886.600000000,LOCAL_REPLAN,"{""message"": ""Call local replanning..."", ""wall_time_utc"": ""2026-09-01T18:42:11.707604+00:00""}"
1886.600000000,REPLAN_REQUESTED,"{""message"": ""Replanning request. curr_vertex_idx: 46"", ""wall_time_utc"": ""2026-09-01T18:42:11.709829+00:00""}"
1892.400000000,LOCAL_REPLAN,"{""message"": ""Call local replanning..."", ""wall_time_utc"": ""2026-09-01T18:42:40.709399+00:00""}"
1892.400000000,REPLAN_REQUESTED,"{""message"": ""Replanning request. curr_vertex_idx: 46"", ""wall_time_utc"": ""2026-09-01T18:42:40.711207+00:00""}"
1898.400000000,LOCAL_REPLAN,"{""message"": ""Call local replanning..."", ""wall_time_utc"": ""2026-09-01T18:43:10.702522+00:00""}"
1898.400000000,REPLAN_REQUESTED,"{""message"": ""Replanning request. curr_vertex_idx: 46"", ""wall_time_utc"": ""2026-09-01T18:43:10.704506+00:00""}"
1904.600000000,LOCAL_REPLAN,"{""message"": ""Call local replanning..."", ""wall_time_utc"": ""2026-09-01T18:43:41.712071+00:00""}"
1904.600000000,REPLAN_REQUESTED,"{""message"": ""Replanning request. curr_vertex_idx: 46"", ""wall_time_utc"": ""2026-09-01T18:43:41.714088+00:00""}"
1910.600000000,LOCAL_REPLAN,"{""message"": ""Call local replanning..."", ""wall_time_utc"": ""2026-09-01T18:44:11.706982+00:00""}"
1910.600000000,REPLAN_REQUESTED,"{""message"": ""Replanning request. curr_vertex_idx: 46"", ""wall_time_utc"": ""2026-09-01T18:44:11.708799+00:00""}"
1916.600000000,LOCAL_REPLAN,"{""message"": ""Call local replanning..."", ""wall_time_utc"": ""2026-09-01T18:44:42.144660+00:00""}"
1916.600000000,REPLAN_REQUESTED,"{""message"": ""Replanning request. curr_vertex_idx: 46"", ""wall_time_utc"": ""2026-09-01T18:44:42.147031+00:00""}"
1922.600000000,LOCAL_REPLAN,"{""message"": ""Call local replanning..."", ""wall_time_utc"": ""2026-09-01T18:45:12.256764+00:00""}"
1922.600000000,REPLAN_REQUESTED,"{""message"": ""Replanning request. curr_vertex_idx: 46"", ""wall_time_utc"": ""2026-09-01T18:45:12.258740+00:00""}"
1928.600000000,LOCAL_REPLAN,"{""message"": ""Call local replanning..."", ""wall_time_utc"": ""2026-09-01T18:45:41.759802+00:00""}"
1928.600000000,REPLAN_REQUESTED,"{""message"": ""Replanning request. curr_vertex_idx: 46"", ""wall_time_utc"": ""2026-09-01T18:45:41.761458+00:00""}"
1934.600000000,LOCAL_REPLAN,"{""message"": ""Call local replanning..."", ""wall_time_utc"": ""2026-09-01T18:46:12.003804+00:00""}"
1934.600000000,REPLAN_REQUESTED,"{""message"": ""Replanning request. curr_vertex_idx: 46"", ""wall_time_utc"": ""2026-09-01T18:46:12.006066+00:00""}"
1940.400000000,LOCAL_REPLAN,"{""message"": ""Call local replanning..."", ""wall_time_utc"": ""2026-09-01T18:46:41.378885+00:00""}"
1940.400000000,REPLAN_REQUESTED,"{""message"": ""Replanning request. curr_vertex_idx: 46"", ""wall_time_utc"": ""2026-09-01T18:46:41.380687+00:00""}"
1946.600000000,LOCAL_REPLAN,"{""message"": ""Call local replanning..."", ""wall_time_utc"": ""2026-09-01T18:47:11.707754+00:00""}"
1946.600000000,REPLAN_REQUESTED,"{""message"": ""Replanning request. curr_vertex_idx: 46"", ""wall_time_utc"": ""2026-09-01T18:47:11.709528+00:00""}"
1952.600000000,LOCAL_REPLAN,"{""message"": ""Call local replanning..."", ""wall_time_utc"": ""2026-09-01T18:47:41.706922+00:00""}"
1952.600000000,REPLAN_REQUESTED,"{""message"": ""Replanning request. curr_vertex_idx: 46"", ""wall_time_utc"": ""2026-09-01T18:47:41.709136+00:00""}"
1958.600000000,LOCAL_REPLAN,"{""message"": ""Call local replanning..."", ""wall_time_utc"": ""2026-09-01T18:48:11.719090+00:00""}"
1958.600000000,REPLAN_REQUESTED,"{""message"": ""Replanning request. curr_vertex_idx: 46"", ""wall_time_utc"": ""2026-09-01T18:48:11.721131+00:00""}"
1960.400000000,LOCAL_REPLAN,"{""message"": ""Call local replanning..."", ""wall_time_utc"": ""2026-09-01T18:48:21.222056+00:00""}"
1960.400000000,REPLAN_REQUESTED,"{""message"": ""Replanning request. curr_vertex_idx: 46"", ""wall_time_utc"": ""2026-09-01T18:48:21.224095+00:00""}"
1966.600000000,LOCAL_REPLAN,"{""message"": ""Call local replanning..."", ""wall_time_utc"": ""2026-09-01T18:48:51.720073+00:00""}"
1966.600000000,REPLAN_REQUESTED,"{""message"": ""Replanning request. curr_vertex_idx: 46"", ""wall_time_utc"": ""2026-09-01T18:48:51.721865+00:00""}"
1972.600000000,LOCAL_REPLAN,"{""message"": ""Call local replanning..."", ""wall_time_utc"": ""2026-09-01T18:49:21.895760+00:00""}"
1972.600000000,REPLAN_REQUESTED,"{""message"": ""Replanning request. curr_vertex_idx: 46"", ""wall_time_utc"": ""2026-09-01T18:49:21.897581+00:00""}"
1975.400000000,LOCAL_REPLAN,"{""message"": ""Call local replanning..."", ""wall_time_utc"": ""2026-09-01T18:49:36.066184+00:00""}"
1975.400000000,REPLAN_REQUESTED,"{""message"": ""Replanning request. curr_vertex_idx: 46"", ""wall_time_utc"": ""2026-09-01T18:49:36.068101+00:00""}"
1981.600000000,LOCAL_REPLAN,"{""message"": ""Call local replanning..."", ""wall_time_utc"": ""2026-09-01T18:50:06.730347+00:00""}"
1981.600000000,REPLAN_REQUESTED,"{""message"": ""Replanning request. curr_vertex_idx: 46"", ""wall_time_utc"": ""2026-09-01T18:50:06.732213+00:00""}"
1987.600000000,LOCAL_REPLAN,"{""message"": ""Call local replanning..."", ""wall_time_utc"": ""2026-09-01T18:50:36.907875+00:00""}"
1987.600000000,REPLAN_REQUESTED,"{""message"": ""Replanning request. curr_vertex_idx: 46"", ""wall_time_utc"": ""2026-09-01T18:50:36.909947+00:00""}"
1993.600000000,LOCAL_REPLAN,"{""message"": ""Call local replanning..."", ""wall_time_utc"": ""2026-09-01T18:51:06.728653+00:00""}"
1993.600000000,REPLAN_REQUESTED,"{""message"": ""Replanning request. curr_vertex_idx: 46"", ""wall_time_utc"": ""2026-09-01T18:51:06.730920+00:00""}"
1999.600000000,LOCAL_REPLAN,"{""message"": ""Call local replanning..."", ""wall_time_utc"": ""2026-09-01T18:51:37.312290+00:00""}"
1999.600000000,REPLAN_REQUESTED,"{""message"": ""Replanning request. curr_vertex_idx: 46"", ""wall_time_utc"": ""2026-09-01T18:51:37.314047+00:00""}"
2005.600000000,LOCAL_REPLAN,"{""message"": ""Call local replanning..."", ""wall_time_utc"": ""2026-09-01T18:52:06.998781+00:00""}"
2005.600000000,REPLAN_REQUESTED,"{""message"": ""Replanning request. curr_vertex_idx: 46"", ""wall_time_utc"": ""2026-09-01T18:52:07.000842+00:00""}"
2011.600000000,LOCAL_REPLAN,"{""message"": ""Call local replanning..."", ""wall_time_utc"": ""2026-09-01T18:52:36.916182+00:00""}"
2011.600000000,REPLAN_REQUESTED,"{""message"": ""Replanning request. curr_vertex_idx: 46"", ""wall_time_utc"": ""2026-09-01T18:52:36.918260+00:00""}"
2017.600000000,LOCAL_REPLAN,"{""message"": ""Call local replanning..."", ""wall_time_utc"": ""2026-09-01T18:53:07.194323+00:00""}"
2017.600000000,REPLAN_REQUESTED,"{""message"": ""Replanning request. curr_vertex_idx: 46"", ""wall_time_utc"": ""2026-09-01T18:53:07.196630+00:00""}"
2023.400000000,LOCAL_REPLAN,"{""message"": ""Call local replanning..."", ""wall_time_utc"": ""2026-09-01T18:53:36.044065+00:00""}"
2023.400000000,REPLAN_REQUESTED,"{""message"": ""Replanning request. curr_vertex_idx: 46"", ""wall_time_utc"": ""2026-09-01T18:53:36.046030+00:00""}"
2029.600000000,LOCAL_REPLAN,"{""message"": ""Call local replanning..."", ""wall_time_utc"": ""2026-09-01T18:54:07.192965+00:00""}"
2029.600000000,REPLAN_REQUESTED,"{""message"": ""Replanning request. curr_vertex_idx: 46"", ""wall_time_utc"": ""2026-09-01T18:54:07.195152+00:00""}"
2035.600000000,LOCAL_REPLAN,"{""message"": ""Call local replanning..."", ""wall_time_utc"": ""2026-09-01T18:54:37.215951+00:00""}"
2035.600000000,REPLAN_REQUESTED,"{""message"": ""Replanning request. curr_vertex_idx: 46"", ""wall_time_utc"": ""2026-09-01T18:54:37.217915+00:00""}"
2041.600000000,LOCAL_REPLAN,"{""message"": ""Call local replanning..."", ""wall_time_utc"": ""2026-09-01T18:55:07.383175+00:00""}"
2041.600000000,REPLAN_REQUESTED,"{""message"": ""Replanning request. curr_vertex_idx: 46"", ""wall_time_utc"": ""2026-09-01T18:55:07.384969+00:00""}"
2047.600000000,LOCAL_REPLAN,"{""message"": ""Call local replanning..."", ""wall_time_utc"": ""2026-09-01T18:55:36.734896+00:00""}"
2047.600000000,REPLAN_REQUESTED,"{""message"": ""Replanning request. curr_vertex_idx: 46"", ""wall_time_utc"": ""2026-09-01T18:55:36.736908+00:00""}"
2053.800000000,LOCAL_REPLAN,"{""message"": ""Call local replanning..."", ""wall_time_utc"": ""2026-09-01T18:56:07.542498+00:00""}"
2053.800000000,REPLAN_REQUESTED,"{""message"": ""Replanning request. curr_vertex_idx: 46"", ""wall_time_utc"": ""2026-09-01T18:56:07.544489+00:00""}"
2059.600000000,LOCAL_REPLAN,"{""message"": ""Call local replanning..."", ""wall_time_utc"": ""2026-09-01T18:56:37.214913+00:00""}"
2059.600000000,REPLAN_REQUESTED,"{""message"": ""Replanning request. curr_vertex_idx: 46"", ""wall_time_utc"": ""2026-09-01T18:56:37.216949+00:00""}"
2065.400000000,LOCAL_REPLAN,"{""message"": ""Call local replanning..."", ""wall_time_utc"": ""2026-09-01T18:57:06.360740+00:00""}"
2065.400000000,REPLAN_REQUESTED,"{""message"": ""Replanning request. curr_vertex_idx: 46"", ""wall_time_utc"": ""2026-09-01T18:57:06.362906+00:00""}"
2071.400000000,LOCAL_REPLAN,"{""message"": ""Call local replanning..."", ""wall_time_utc"": ""2026-09-01T18:57:36.229338+00:00""}"
2071.400000000,REPLAN_REQUESTED,"{""message"": ""Replanning request. curr_vertex_idx: 46"", ""wall_time_utc"": ""2026-09-01T18:57:36.231672+00:00""}"
2077.800000000,LOCAL_REPLAN,"{""message"": ""Call local replanning..."", ""wall_time_utc"": ""2026-09-01T18:58:07.548450+00:00""}"
2077.800000000,REPLAN_REQUESTED,"{""message"": ""Replanning request. curr_vertex_idx: 46"", ""wall_time_utc"": ""2026-09-01T18:58:07.550553+00:00""}"
2083.600000000,LOCAL_REPLAN,"{""message"": ""Call local replanning..."", ""wall_time_utc"": ""2026-09-01T18:58:36.743212+00:00""}"
2083.600000000,REPLAN_REQUESTED,"{""message"": ""Replanning request. curr_vertex_idx: 46"", ""wall_time_utc"": ""2026-09-01T18:58:36.745452+00:00""}"
2089.600000000,LOCAL_REPLAN,"{""message"": ""Call local replanning..."", ""wall_time_utc"": ""2026-09-01T18:59:07.219071+00:00""}"
2089.600000000,REPLAN_REQUESTED,"{""message"": ""Replanning request. curr_vertex_idx: 46"", ""wall_time_utc"": ""2026-09-01T18:59:07.221465+00:00""}"
2095.600000000,LOCAL_REPLAN,"{""message"": ""Call local replanning..."", ""wall_time_utc"": ""2026-09-01T18:59:36.901925+00:00""}"
2095.600000000,REPLAN_REQUESTED,"{""message"": ""Replanning request. curr_vertex_idx: 46"", ""wall_time_utc"": ""2026-09-01T18:59:36.904145+00:00""}"
2101.600000000,LOCAL_REPLAN,"{""message"": ""Call local replanning..."", ""wall_time_utc"": ""2026-09-01T19:00:07.043093+00:00""}"
2101.600000000,REPLAN_REQUESTED,"{""message"": ""Replanning request. curr_vertex_idx: 46"", ""wall_time_utc"": ""2026-09-01T19:00:07.044887+00:00""}"
2107.400000000,LOCAL_REPLAN,"{""message"": ""Call local replanning..."", ""wall_time_utc"": ""2026-09-01T19:00:36.054453+00:00""}"
2107.400000000,REPLAN_REQUESTED,"{""message"": ""Replanning request. curr_vertex_idx: 46"", ""wall_time_utc"": ""2026-09-01T19:00:36.056388+00:00""}"
2113.600000000,LOCAL_REPLAN,"{""message"": ""Call local replanning..."", ""wall_time_utc"": ""2026-09-01T19:01:07.053199+00:00""}"
2113.600000000,REPLAN_REQUESTED,"{""message"": ""Replanning request. curr_vertex_idx: 46"", ""wall_time_utc"": ""2026-09-01T19:01:07.055682+00:00""}"
2119.600000000,LOCAL_REPLAN,"{""message"": ""Call local replanning..."", ""wall_time_utc"": ""2026-09-01T19:01:36.749944+00:00""}"
2119.600000000,REPLAN_REQUESTED,"{""message"": ""Replanning request. curr_vertex_idx: 46"", ""wall_time_utc"": ""2026-09-01T19:01:36.751897+00:00""}"
2125.600000000,LOCAL_REPLAN,"{""message"": ""Call local replanning..."", ""wall_time_utc"": ""2026-09-01T19:02:06.729636+00:00""}"
2125.600000000,REPLAN_REQUESTED,"{""message"": ""Replanning request. curr_vertex_idx: 46"", ""wall_time_utc"": ""2026-09-01T19:02:06.731455+00:00""}"
2131.600000000,LOCAL_REPLAN,"{""message"": ""Call local replanning..."", ""wall_time_utc"": ""2026-09-01T19:02:36.744524+00:00""}"
2131.600000000,REPLAN_REQUESTED,"{""message"": ""Replanning request. curr_vertex_idx: 46"", ""wall_time_utc"": ""2026-09-01T19:02:36.746525+00:00""}"
2137.400000000,LOCAL_REPLAN,"{""message"": ""Call local replanning..."", ""wall_time_utc"": ""2026-09-01T19:03:06.205569+00:00""}"
2137.400000000,REPLAN_REQUESTED,"{""message"": ""Replanning request. curr_vertex_idx: 46"", ""wall_time_utc"": ""2026-09-01T19:03:06.207862+00:00""}"
2143.600000000,LOCAL_REPLAN,"{""message"": ""Call local replanning..."", ""wall_time_utc"": ""2026-09-01T19:03:36.738105+00:00""}"
2143.600000000,REPLAN_REQUESTED,"{""message"": ""Replanning request. curr_vertex_idx: 46"", ""wall_time_utc"": ""2026-09-01T19:03:36.740138+00:00""}"
2149.600000000,LOCAL_REPLAN,"{""message"": ""Call local replanning..."", ""wall_time_utc"": ""2026-09-01T19:04:06.741043+00:00""}"
2149.600000000,REPLAN_REQUESTED,"{""message"": ""Replanning request. curr_vertex_idx: 46"", ""wall_time_utc"": ""2026-09-01T19:04:06.743092+00:00""}"
2155.600000000,LOCAL_REPLAN,"{""message"": ""Call local replanning..."", ""wall_time_utc"": ""2026-09-01T19:04:36.755238+00:00""}"
2155.600000000,REPLAN_REQUESTED,"{""message"": ""Replanning request. curr_vertex_idx: 46"", ""wall_time_utc"": ""2026-09-01T19:04:36.757415+00:00""}"
2161.600000000,LOCAL_REPLAN,"{""message"": ""Call local replanning..."", ""wall_time_utc"": ""2026-09-01T19:05:06.608491+00:00""}"
2161.600000000,REPLAN_REQUESTED,"{""message"": ""Replanning request. curr_vertex_idx: 46"", ""wall_time_utc"": ""2026-09-01T19:05:06.610603+00:00""}"
2167.600000000,LOCAL_REPLAN,"{""message"": ""Call local replanning..."", ""wall_time_utc"": ""2026-09-01T19:05:36.904913+00:00""}"
2167.600000000,REPLAN_REQUESTED,"{""message"": ""Replanning request. curr_vertex_idx: 46"", ""wall_time_utc"": ""2026-09-01T19:05:36.906870+00:00""}"
2173.600000000,LOCAL_REPLAN,"{""message"": ""Call local replanning..."", ""wall_time_utc"": ""2026-09-01T19:06:07.354906+00:00""}"
2173.600000000,REPLAN_REQUESTED,"{""message"": ""Replanning request. curr_vertex_idx: 46"", ""wall_time_utc"": ""2026-09-01T19:06:07.356704+00:00""}"
2179.600000000,LOCAL_REPLAN,"{""message"": ""Call local replanning..."", ""wall_time_utc"": ""2026-09-01T19:06:36.578541+00:00""}"
2179.600000000,REPLAN_REQUESTED,"{""message"": ""Replanning request. curr_vertex_idx: 46"", ""wall_time_utc"": ""2026-09-01T19:06:36.580400+00:00""}"
2185.600000000,LOCAL_REPLAN,"{""message"": ""Call local replanning..."", ""wall_time_utc"": ""2026-09-01T19:07:06.905638+00:00""}"
2185.600000000,REPLAN_REQUESTED,"{""message"": ""Replanning request. curr_vertex_idx: 46"", ""wall_time_utc"": ""2026-09-01T19:07:06.907102+00:00""}"
2191.600000000,LOCAL_REPLAN,"{""message"": ""Call local replanning..."", ""wall_time_utc"": ""2026-09-01T19:07:36.736030+00:00""}"
2191.600000000,REPLAN_REQUESTED,"{""message"": ""Replanning request. curr_vertex_idx: 46"", ""wall_time_utc"": ""2026-09-01T19:07:36.738512+00:00""}"
2197.600000000,LOCAL_REPLAN,"{""message"": ""Call local replanning..."", ""wall_time_utc"": ""2026-09-01T19:08:06.924010+00:00""}"
2197.600000000,REPLAN_REQUESTED,"{""message"": ""Replanning request. curr_vertex_idx: 46"", ""wall_time_utc"": ""2026-09-01T19:08:06.926295+00:00""}"
2203.600000000,LOCAL_REPLAN,"{""message"": ""Call local replanning..."", ""wall_time_utc"": ""2026-09-01T19:08:36.902247+00:00""}"
2203.600000000,REPLAN_REQUESTED,"{""message"": ""Replanning request. curr_vertex_idx: 46"", ""wall_time_utc"": ""2026-09-01T19:08:36.904290+00:00""}"
2209.400000000,LOCAL_REPLAN,"{""message"": ""Call local replanning..."", ""wall_time_utc"": ""2026-09-01T19:09:05.963917+00:00""}"
2209.400000000,REPLAN_REQUESTED,"{""message"": ""Replanning request. curr_vertex_idx: 46"", ""wall_time_utc"": ""2026-09-01T19:09:05.965675+00:00""}"
2215.600000000,LOCAL_REPLAN,"{""message"": ""Call local replanning..."", ""wall_time_utc"": ""2026-09-01T19:09:37.066618+00:00""}"
2215.600000000,REPLAN_REQUESTED,"{""message"": ""Replanning request. curr_vertex_idx: 46"", ""wall_time_utc"": ""2026-09-01T19:09:37.068460+00:00""}"
2221.600000000,LOCAL_REPLAN,"{""message"": ""Call local replanning..."", ""wall_time_utc"": ""2026-09-01T19:10:06.909559+00:00""}"
2221.600000000,REPLAN_REQUESTED,"{""message"": ""Replanning request. curr_vertex_idx: 46"", ""wall_time_utc"": ""2026-09-01T19:10:06.911818+00:00""}"
2227.600000000,LOCAL_REPLAN,"{""message"": ""Call local replanning..."", ""wall_time_utc"": ""2026-09-01T19:10:36.734180+00:00""}"
2227.600000000,REPLAN_REQUESTED,"{""message"": ""Replanning request. curr_vertex_idx: 46"", ""wall_time_utc"": ""2026-09-01T19:10:36.736351+00:00""}"
2233.600000000,LOCAL_REPLAN,"{""message"": ""Call local replanning..."", ""wall_time_utc"": ""2026-09-01T19:11:06.905497+00:00""}"
2233.600000000,REPLAN_REQUESTED,"{""message"": ""Replanning request. curr_vertex_idx: 46"", ""wall_time_utc"": ""2026-09-01T19:11:06.907451+00:00""}"
2239.600000000,LOCAL_REPLAN,"{""message"": ""Call local replanning..."", ""wall_time_utc"": ""2026-09-01T19:11:36.897807+00:00""}"
2239.600000000,REPLAN_REQUESTED,"{""message"": ""Replanning request. curr_vertex_idx: 46"", ""wall_time_utc"": ""2026-09-01T19:11:36.899745+00:00""}"
2245.600000000,LOCAL_REPLAN,"{""message"": ""Call local replanning..."", ""wall_time_utc"": ""2026-09-01T19:12:06.738388+00:00""}"
2245.600000000,REPLAN_REQUESTED,"{""message"": ""Replanning request. curr_vertex_idx: 46"", ""wall_time_utc"": ""2026-09-01T19:12:06.740157+00:00""}"
2251.600000000,LOCAL_REPLAN,"{""message"": ""Call local replanning..."", ""wall_time_utc"": ""2026-09-01T19:12:36.755800+00:00""}"
2251.600000000,REPLAN_REQUESTED,"{""message"": ""Replanning request. curr_vertex_idx: 46"", ""wall_time_utc"": ""2026-09-01T19:12:36.757761+00:00""}"
2257.600000000,LOCAL_REPLAN,"{""message"": ""Call local replanning..."", ""wall_time_utc"": ""2026-09-01T19:13:06.732193+00:00""}"
2257.600000000,REPLAN_REQUESTED,"{""message"": ""Replanning request. curr_vertex_idx: 46"", ""wall_time_utc"": ""2026-09-01T19:13:06.734166+00:00""}"
2263.600000000,LOCAL_REPLAN,"{""message"": ""Call local replanning..."", ""wall_time_utc"": ""2026-09-01T19:13:36.914238+00:00""}"
2263.600000000,REPLAN_REQUESTED,"{""message"": ""Replanning request. curr_vertex_idx: 46"", ""wall_time_utc"": ""2026-09-01T19:13:36.916196+00:00""}"
2269.600000000,LOCAL_REPLAN,"{""message"": ""Call local replanning..."", ""wall_time_utc"": ""2026-09-01T19:14:06.742658+00:00""}"
2269.600000000,REPLAN_REQUESTED,"{""message"": ""Replanning request. curr_vertex_idx: 46"", ""wall_time_utc"": ""2026-09-01T19:14:06.744496+00:00""}"
2272.000000000,KARTO_LOOP_CONSTRAINT,"{""message"": ""Add one Loop closure. 7 loops have been added."", ""wall_time_utc"": ""2026-09-01T19:14:18.965156+00:00""}"
2272.000000000,KARTO_LOOP_ACCEPTED,"{""chain_end"": 67, ""chain_start"": 62, ""current_scan"": 1743, ""loop_count"": 7, ""received_ros_time"": 2272.0, ""received_wall_time_utc"": ""2026-09-01T19:14:18.965404+00:00"", ""seq"": 7, ""stamp"": 2272.0, ""wall_time_utc"": ""2026-09-01T19:14:18.965414+00:00""}"
2275.600000000,LOCAL_REPLAN,"{""message"": ""Call local replanning..."", ""wall_time_utc"": ""2026-09-01T19:14:36.735855+00:00""}"
2275.600000000,REPLAN_REQUESTED,"{""message"": ""Replanning request. curr_vertex_idx: 46"", ""wall_time_utc"": ""2026-09-01T19:14:36.737220+00:00""}"
2281.600000000,LOCAL_REPLAN,"{""message"": ""Call local replanning..."", ""wall_time_utc"": ""2026-09-01T19:15:06.735177+00:00""}"
2281.600000000,REPLAN_REQUESTED,"{""message"": ""Replanning request. curr_vertex_idx: 46"", ""wall_time_utc"": ""2026-09-01T19:15:06.736940+00:00""}"
2287.600000000,LOCAL_REPLAN,"{""message"": ""Call local replanning..."", ""wall_time_utc"": ""2026-09-01T19:15:36.735960+00:00""}"
2287.600000000,REPLAN_REQUESTED,"{""message"": ""Replanning request. curr_vertex_idx: 46"", ""wall_time_utc"": ""2026-09-01T19:15:36.737988+00:00""}"
2293.600000000,LOCAL_REPLAN,"{""message"": ""Call local replanning..."", ""wall_time_utc"": ""2026-09-01T19:16:06.913531+00:00""}"
2293.600000000,REPLAN_REQUESTED,"{""message"": ""Replanning request. curr_vertex_idx: 46"", ""wall_time_utc"": ""2026-09-01T19:16:06.915597+00:00""}"
2299.600000000,LOCAL_REPLAN,"{""message"": ""Call local replanning..."", ""wall_time_utc"": ""2026-09-01T19:16:36.738166+00:00""}"
2299.600000000,REPLAN_REQUESTED,"{""message"": ""Replanning request. curr_vertex_idx: 46"", ""wall_time_utc"": ""2026-09-01T19:16:36.740136+00:00""}"
2305.600000000,LOCAL_REPLAN,"{""message"": ""Call local replanning..."", ""wall_time_utc"": ""2026-09-01T19:17:06.736749+00:00""}"
2305.600000000,REPLAN_REQUESTED,"{""message"": ""Replanning request. curr_vertex_idx: 46"", ""wall_time_utc"": ""2026-09-01T19:17:06.738364+00:00""}"
2311.600000000,LOCAL_REPLAN,"{""message"": ""Call local replanning..."", ""wall_time_utc"": ""2026-09-01T19:17:36.411477+00:00""}"
2311.600000000,REPLAN_REQUESTED,"{""message"": ""Replanning request. curr_vertex_idx: 46"", ""wall_time_utc"": ""2026-09-01T19:17:36.413041+00:00""}"
2317.400000000,LOCAL_REPLAN,"{""message"": ""Call local replanning..."", ""wall_time_utc"": ""2026-09-01T19:18:06.069814+00:00""}"
2317.400000000,REPLAN_REQUESTED,"{""message"": ""Replanning request. curr_vertex_idx: 46"", ""wall_time_utc"": ""2026-09-01T19:18:06.071894+00:00""}"
2323.400000000,LOCAL_REPLAN,"{""message"": ""Call local replanning..."", ""wall_time_utc"": ""2026-09-01T19:18:36.141948+00:00""}"
2323.400000000,REPLAN_REQUESTED,"{""message"": ""Replanning request. curr_vertex_idx: 46"", ""wall_time_utc"": ""2026-09-01T19:18:36.143837+00:00""}"
2329.600000000,LOCAL_REPLAN,"{""message"": ""Call local replanning..."", ""wall_time_utc"": ""2026-09-01T19:19:06.743220+00:00""}"
2329.600000000,REPLAN_REQUESTED,"{""message"": ""Replanning request. curr_vertex_idx: 46"", ""wall_time_utc"": ""2026-09-01T19:19:06.745015+00:00""}"
2335.600000000,LOCAL_REPLAN,"{""message"": ""Call local replanning..."", ""wall_time_utc"": ""2026-09-01T19:19:37.081954+00:00""}"
2335.600000000,REPLAN_REQUESTED,"{""message"": ""Replanning request. curr_vertex_idx: 46"", ""wall_time_utc"": ""2026-09-01T19:19:37.083787+00:00""}"
2341.600000000,LOCAL_REPLAN,"{""message"": ""Call local replanning..."", ""wall_time_utc"": ""2026-09-01T19:20:07.073107+00:00""}"
2341.600000000,REPLAN_REQUESTED,"{""message"": ""Replanning request. curr_vertex_idx: 46"", ""wall_time_utc"": ""2026-09-01T19:20:07.074890+00:00""}"
2347.600000000,LOCAL_REPLAN,"{""message"": ""Call local replanning..."", ""wall_time_utc"": ""2026-09-01T19:20:36.738394+00:00""}"
2347.600000000,REPLAN_REQUESTED,"{""message"": ""Replanning request. curr_vertex_idx: 46"", ""wall_time_utc"": ""2026-09-01T19:20:36.740156+00:00""}"
2353.600000000,LOCAL_REPLAN,"{""message"": ""Call local replanning..."", ""wall_time_utc"": ""2026-09-01T19:21:06.769978+00:00""}"
2353.600000000,REPLAN_REQUESTED,"{""message"": ""Replanning request. curr_vertex_idx: 46"", ""wall_time_utc"": ""2026-09-01T19:21:06.772047+00:00""}"
2359.600000000,LOCAL_REPLAN,"{""message"": ""Call local replanning..."", ""wall_time_utc"": ""2026-09-01T19:21:36.738536+00:00""}"
2359.600000000,REPLAN_REQUESTED,"{""message"": ""Replanning request. curr_vertex_idx: 46"", ""wall_time_utc"": ""2026-09-01T19:21:36.740378+00:00""}"
2365.600000000,LOCAL_REPLAN,"{""message"": ""Call local replanning..."", ""wall_time_utc"": ""2026-09-01T19:22:06.925967+00:00""}"
2365.600000000,REPLAN_REQUESTED,"{""message"": ""Replanning request. curr_vertex_idx: 46"", ""wall_time_utc"": ""2026-09-01T19:22:06.928203+00:00""}"
2371.600000000,LOCAL_REPLAN,"{""message"": ""Call local replanning..."", ""wall_time_utc"": ""2026-09-01T19:22:36.740680+00:00""}"
2371.600000000,REPLAN_REQUESTED,"{""message"": ""Replanning request. curr_vertex_idx: 46"", ""wall_time_utc"": ""2026-09-01T19:22:36.742478+00:00""}"
2377.600000000,LOCAL_REPLAN,"{""message"": ""Call local replanning..."", ""wall_time_utc"": ""2026-09-01T19:23:06.910443+00:00""}"
2377.600000000,REPLAN_REQUESTED,"{""message"": ""Replanning request. curr_vertex_idx: 46"", ""wall_time_utc"": ""2026-09-01T19:23:06.912542+00:00""}"
2383.600000000,LOCAL_REPLAN,"{""message"": ""Call local replanning..."", ""wall_time_utc"": ""2026-09-01T19:23:36.728442+00:00""}"
2383.600000000,REPLAN_REQUESTED,"{""message"": ""Replanning request. curr_vertex_idx: 46"", ""wall_time_utc"": ""2026-09-01T19:23:36.730558+00:00""}"
2389.600000000,LOCAL_REPLAN,"{""message"": ""Call local replanning..."", ""wall_time_utc"": ""2026-09-01T19:24:06.745302+00:00""}"
2389.600000000,REPLAN_REQUESTED,"{""message"": ""Replanning request. curr_vertex_idx: 46"", ""wall_time_utc"": ""2026-09-01T19:24:06.747373+00:00""}"
2395.600000000,LOCAL_REPLAN,"{""message"": ""Call local replanning..."", ""wall_time_utc"": ""2026-09-01T19:24:36.739680+00:00""}"
2395.600000000,REPLAN_REQUESTED,"{""message"": ""Replanning request. curr_vertex_idx: 46"", ""wall_time_utc"": ""2026-09-01T19:24:36.741522+00:00""}"
2401.600000000,LOCAL_REPLAN,"{""message"": ""Call local replanning..."", ""wall_time_utc"": ""2026-09-01T19:25:06.735356+00:00""}"
2401.600000000,REPLAN_REQUESTED,"{""message"": ""Replanning request. curr_vertex_idx: 46"", ""wall_time_utc"": ""2026-09-01T19:25:06.737577+00:00""}"
2407.600000000,LOCAL_REPLAN,"{""message"": ""Call local replanning..."", ""wall_time_utc"": ""2026-09-01T19:25:36.736541+00:00""}"
2407.600000000,REPLAN_REQUESTED,"{""message"": ""Replanning request. curr_vertex_idx: 46"", ""wall_time_utc"": ""2026-09-01T19:25:36.738502+00:00""}"
2413.600000000,LOCAL_REPLAN,"{""message"": ""Call local replanning..."", ""wall_time_utc"": ""2026-09-01T19:26:06.898608+00:00""}"
2413.600000000,REPLAN_REQUESTED,"{""message"": ""Replanning request. curr_vertex_idx: 46"", ""wall_time_utc"": ""2026-09-01T19:26:06.900501+00:00""}"
2419.600000000,LOCAL_REPLAN,"{""message"": ""Call local replanning..."", ""wall_time_utc"": ""2026-09-01T19:26:36.736556+00:00""}"
2419.600000000,REPLAN_REQUESTED,"{""message"": ""Replanning request. curr_vertex_idx: 46"", ""wall_time_utc"": ""2026-09-01T19:26:36.738583+00:00""}"
2425.600000000,LOCAL_REPLAN,"{""message"": ""Call local replanning..."", ""wall_time_utc"": ""2026-09-01T19:27:06.918261+00:00""}"
2425.600000000,REPLAN_REQUESTED,"{""message"": ""Replanning request. curr_vertex_idx: 46"", ""wall_time_utc"": ""2026-09-01T19:27:06.920267+00:00""}"
2431.600000000,LOCAL_REPLAN,"{""message"": ""Call local replanning..."", ""wall_time_utc"": ""2026-09-01T19:27:36.745035+00:00""}"
2431.600000000,REPLAN_REQUESTED,"{""message"": ""Replanning request. curr_vertex_idx: 46"", ""wall_time_utc"": ""2026-09-01T19:27:36.746987+00:00""}"
2437.600000000,LOCAL_REPLAN,"{""message"": ""Call local replanning..."", ""wall_time_utc"": ""2026-09-01T19:28:07.084669+00:00""}"
2437.600000000,REPLAN_REQUESTED,"{""message"": ""Replanning request. curr_vertex_idx: 46"", ""wall_time_utc"": ""2026-09-01T19:28:07.086866+00:00""}"
2443.600000000,LOCAL_REPLAN,"{""message"": ""Call local replanning..."", ""wall_time_utc"": ""2026-09-01T19:28:36.909629+00:00""}"
2443.600000000,REPLAN_REQUESTED,"{""message"": ""Replanning request. curr_vertex_idx: 46"", ""wall_time_utc"": ""2026-09-01T19:28:36.911772+00:00""}"
2449.600000000,LOCAL_REPLAN,"{""message"": ""Call local replanning..."", ""wall_time_utc"": ""2026-09-01T19:29:06.731474+00:00""}"
2449.600000000,REPLAN_REQUESTED,"{""message"": ""Replanning request. curr_vertex_idx: 46"", ""wall_time_utc"": ""2026-09-01T19:29:06.733519+00:00""}"
2455.600000000,LOCAL_REPLAN,"{""message"": ""Call local replanning..."", ""wall_time_utc"": ""2026-09-01T19:29:36.741948+00:00""}"
2455.600000000,REPLAN_REQUESTED,"{""message"": ""Replanning request. curr_vertex_idx: 46"", ""wall_time_utc"": ""2026-09-01T19:29:36.743728+00:00""}"
2461.600000000,LOCAL_REPLAN,"{""message"": ""Call local replanning..."", ""wall_time_utc"": ""2026-09-01T19:30:06.749517+00:00""}"
2461.600000000,REPLAN_REQUESTED,"{""message"": ""Replanning request. curr_vertex_idx: 46"", ""wall_time_utc"": ""2026-09-01T19:30:06.751237+00:00""}"
2467.600000000,LOCAL_REPLAN,"{""message"": ""Call local replanning..."", ""wall_time_utc"": ""2026-09-01T19:30:36.898833+00:00""}"
2467.600000000,REPLAN_REQUESTED,"{""message"": ""Replanning request. curr_vertex_idx: 46"", ""wall_time_utc"": ""2026-09-01T19:30:36.900518+00:00""}"
2473.600000000,LOCAL_REPLAN,"{""message"": ""Call local replanning..."", ""wall_time_utc"": ""2026-09-01T19:31:06.751551+00:00""}"
2473.600000000,REPLAN_REQUESTED,"{""message"": ""Replanning request. curr_vertex_idx: 46"", ""wall_time_utc"": ""2026-09-01T19:31:06.753385+00:00""}"
2479.600000000,LOCAL_REPLAN,"{""message"": ""Call local replanning..."", ""wall_time_utc"": ""2026-09-01T19:31:36.737240+00:00""}"
2479.600000000,REPLAN_REQUESTED,"{""message"": ""Replanning request. curr_vertex_idx: 46"", ""wall_time_utc"": ""2026-09-01T19:31:36.738965+00:00""}"
2485.600000000,LOCAL_REPLAN,"{""message"": ""Call local replanning..."", ""wall_time_utc"": ""2026-09-01T19:32:06.732610+00:00""}"
2485.600000000,REPLAN_REQUESTED,"{""message"": ""Replanning request. curr_vertex_idx: 46"", ""wall_time_utc"": ""2026-09-01T19:32:06.734761+00:00""}"
2491.600000000,LOCAL_REPLAN,"{""message"": ""Call local replanning..."", ""wall_time_utc"": ""2026-09-01T19:32:36.747268+00:00""}"
2491.600000000,REPLAN_REQUESTED,"{""message"": ""Replanning request. curr_vertex_idx: 46"", ""wall_time_utc"": ""2026-09-01T19:32:36.749346+00:00""}"
2497.600000000,LOCAL_REPLAN,"{""message"": ""Call local replanning..."", ""wall_time_utc"": ""2026-09-01T19:33:06.743114+00:00""}"
2497.600000000,REPLAN_REQUESTED,"{""message"": ""Replanning request. curr_vertex_idx: 46"", ""wall_time_utc"": ""2026-09-01T19:33:06.745139+00:00""}"
2503.600000000,LOCAL_REPLAN,"{""message"": ""Call local replanning..."", ""wall_time_utc"": ""2026-09-01T19:33:36.737656+00:00""}"
2503.600000000,REPLAN_REQUESTED,"{""message"": ""Replanning request. curr_vertex_idx: 46"", ""wall_time_utc"": ""2026-09-01T19:33:36.739503+00:00""}"
2509.600000000,LOCAL_REPLAN,"{""message"": ""Call local replanning..."", ""wall_time_utc"": ""2026-09-01T19:34:06.902263+00:00""}"
2509.600000000,REPLAN_REQUESTED,"{""message"": ""Replanning request. curr_vertex_idx: 46"", ""wall_time_utc"": ""2026-09-01T19:34:06.904231+00:00""}"
2515.600000000,LOCAL_REPLAN,"{""message"": ""Call local replanning..."", ""wall_time_utc"": ""2026-09-01T19:34:36.737143+00:00""}"
2515.600000000,REPLAN_REQUESTED,"{""message"": ""Replanning request. curr_vertex_idx: 46"", ""wall_time_utc"": ""2026-09-01T19:34:36.739002+00:00""}"
2521.600000000,LOCAL_REPLAN,"{""message"": ""Call local replanning..."", ""wall_time_utc"": ""2026-09-01T19:35:06.738190+00:00""}"
2521.600000000,REPLAN_REQUESTED,"{""message"": ""Replanning request. curr_vertex_idx: 46"", ""wall_time_utc"": ""2026-09-01T19:35:06.740147+00:00""}"
2527.600000000,LOCAL_REPLAN,"{""message"": ""Call local replanning..."", ""wall_time_utc"": ""2026-09-01T19:35:36.939801+00:00""}"
2527.600000000,REPLAN_REQUESTED,"{""message"": ""Replanning request. curr_vertex_idx: 46"", ""wall_time_utc"": ""2026-09-01T19:35:36.941661+00:00""}"
2533.600000000,LOCAL_REPLAN,"{""message"": ""Call local replanning..."", ""wall_time_utc"": ""2026-09-01T19:36:06.741999+00:00""}"
2533.600000000,REPLAN_REQUESTED,"{""message"": ""Replanning request. curr_vertex_idx: 46"", ""wall_time_utc"": ""2026-09-01T19:36:06.743797+00:00""}"
2539.600000000,LOCAL_REPLAN,"{""message"": ""Call local replanning..."", ""wall_time_utc"": ""2026-09-01T19:36:36.745131+00:00""}"
2539.600000000,REPLAN_REQUESTED,"{""message"": ""Replanning request. curr_vertex_idx: 46"", ""wall_time_utc"": ""2026-09-01T19:36:36.746482+00:00""}"
2545.600000000,LOCAL_REPLAN,"{""message"": ""Call local replanning..."", ""wall_time_utc"": ""2026-09-01T19:37:06.754258+00:00""}"
2545.600000000,REPLAN_REQUESTED,"{""message"": ""Replanning request. curr_vertex_idx: 46"", ""wall_time_utc"": ""2026-09-01T19:37:06.756097+00:00""}"
2551.600000000,LOCAL_REPLAN,"{""message"": ""Call local replanning..."", ""wall_time_utc"": ""2026-09-01T19:37:36.908552+00:00""}"
2551.600000000,REPLAN_REQUESTED,"{""message"": ""Replanning request. curr_vertex_idx: 46"", ""wall_time_utc"": ""2026-09-01T19:37:36.910512+00:00""}"
2557.600000000,LOCAL_REPLAN,"{""message"": ""Call local replanning..."", ""wall_time_utc"": ""2026-09-01T19:38:06.730658+00:00""}"
2557.600000000,REPLAN_REQUESTED,"{""message"": ""Replanning request. curr_vertex_idx: 46"", ""wall_time_utc"": ""2026-09-01T19:38:06.732602+00:00""}"
2563.600000000,LOCAL_REPLAN,"{""message"": ""Call local replanning..."", ""wall_time_utc"": ""2026-09-01T19:38:36.730678+00:00""}"
2563.600000000,REPLAN_REQUESTED,"{""message"": ""Replanning request. curr_vertex_idx: 46"", ""wall_time_utc"": ""2026-09-01T19:38:36.732735+00:00""}"
2569.600000000,LOCAL_REPLAN,"{""message"": ""Call local replanning..."", ""wall_time_utc"": ""2026-09-01T19:39:06.732512+00:00""}"
2569.600000000,REPLAN_REQUESTED,"{""message"": ""Replanning request. curr_vertex_idx: 46"", ""wall_time_utc"": ""2026-09-01T19:39:06.734528+00:00""}"
2575.600000000,LOCAL_REPLAN,"{""message"": ""Call local replanning..."", ""wall_time_utc"": ""2026-09-01T19:39:36.729208+00:00""}"
2575.600000000,REPLAN_REQUESTED,"{""message"": ""Replanning request. curr_vertex_idx: 46"", ""wall_time_utc"": ""2026-09-01T19:39:36.731507+00:00""}"
2581.600000000,LOCAL_REPLAN,"{""message"": ""Call local replanning..."", ""wall_time_utc"": ""2026-09-01T19:40:06.895206+00:00""}"
2581.600000000,REPLAN_REQUESTED,"{""message"": ""Replanning request. curr_vertex_idx: 46"", ""wall_time_utc"": ""2026-09-01T19:40:06.897043+00:00""}"
2587.600000000,LOCAL_REPLAN,"{""message"": ""Call local replanning..."", ""wall_time_utc"": ""2026-09-01T19:40:36.738891+00:00""}"
2587.600000000,REPLAN_REQUESTED,"{""message"": ""Replanning request. curr_vertex_idx: 46"", ""wall_time_utc"": ""2026-09-01T19:40:36.740745+00:00""}"
2593.600000000,LOCAL_REPLAN,"{""message"": ""Call local replanning..."", ""wall_time_utc"": ""2026-09-01T19:41:06.740848+00:00""}"
2593.600000000,REPLAN_REQUESTED,"{""message"": ""Replanning request. curr_vertex_idx: 46"", ""wall_time_utc"": ""2026-09-01T19:41:06.742480+00:00""}"
2599.600000000,LOCAL_REPLAN,"{""message"": ""Call local replanning..."", ""wall_time_utc"": ""2026-09-01T19:41:36.906223+00:00""}"
2599.600000000,REPLAN_REQUESTED,"{""message"": ""Replanning request. curr_vertex_idx: 46"", ""wall_time_utc"": ""2026-09-01T19:41:36.908156+00:00""}"
2605.600000000,LOCAL_REPLAN,"{""message"": ""Call local replanning..."", ""wall_time_utc"": ""2026-09-01T19:42:06.793505+00:00""}"
2605.600000000,REPLAN_REQUESTED,"{""message"": ""Replanning request. curr_vertex_idx: 46"", ""wall_time_utc"": ""2026-09-01T19:42:06.795407+00:00""}"
2611.600000000,LOCAL_REPLAN,"{""message"": ""Call local replanning..."", ""wall_time_utc"": ""2026-09-01T19:42:36.733259+00:00""}"
2611.600000000,REPLAN_REQUESTED,"{""message"": ""Replanning request. curr_vertex_idx: 46"", ""wall_time_utc"": ""2026-09-01T19:42:36.735473+00:00""}"
2617.600000000,LOCAL_REPLAN,"{""message"": ""Call local replanning..."", ""wall_time_utc"": ""2026-09-01T19:43:06.743054+00:00""}"
2617.600000000,REPLAN_REQUESTED,"{""message"": ""Replanning request. curr_vertex_idx: 46"", ""wall_time_utc"": ""2026-09-01T19:43:06.744944+00:00""}"
2623.600000000,LOCAL_REPLAN,"{""message"": ""Call local replanning..."", ""wall_time_utc"": ""2026-09-01T19:43:36.736161+00:00""}"
2623.600000000,REPLAN_REQUESTED,"{""message"": ""Replanning request. curr_vertex_idx: 46"", ""wall_time_utc"": ""2026-09-01T19:43:36.738052+00:00""}"
2629.600000000,LOCAL_REPLAN,"{""message"": ""Call local replanning..."", ""wall_time_utc"": ""2026-09-01T19:44:06.904405+00:00""}"
2629.600000000,REPLAN_REQUESTED,"{""message"": ""Replanning request. curr_vertex_idx: 46"", ""wall_time_utc"": ""2026-09-01T19:44:06.906704+00:00""}"
2632.600000000,LOCAL_REPLAN,"{""message"": ""Call local replanning..."", ""wall_time_utc"": ""2026-09-01T19:44:21.733654+00:00""}"
2632.600000000,REPLAN_REQUESTED,"{""message"": ""Replanning request. curr_vertex_idx: 46"", ""wall_time_utc"": ""2026-09-01T19:44:21.735427+00:00""}"
2634.600000000,LOCAL_REPLAN,"{""message"": ""Call local replanning..."", ""wall_time_utc"": ""2026-09-01T19:44:31.409495+00:00""}"
2634.600000000,REPLAN_REQUESTED,"{""message"": ""Replanning request. curr_vertex_idx: 46"", ""wall_time_utc"": ""2026-09-01T19:44:31.411664+00:00""}"
2640.600000000,LOCAL_REPLAN,"{""message"": ""Call local replanning..."", ""wall_time_utc"": ""2026-09-01T19:45:01.730063+00:00""}"
2640.600000000,REPLAN_REQUESTED,"{""message"": ""Replanning request. curr_vertex_idx: 46"", ""wall_time_utc"": ""2026-09-01T19:45:01.731900+00:00""}"
2646.600000000,LOCAL_REPLAN,"{""message"": ""Call local replanning..."", ""wall_time_utc"": ""2026-09-01T19:45:31.731563+00:00""}"
2646.600000000,REPLAN_REQUESTED,"{""message"": ""Replanning request. curr_vertex_idx: 46"", ""wall_time_utc"": ""2026-09-01T19:45:31.733874+00:00""}"
2652.600000000,LOCAL_REPLAN,"{""message"": ""Call local replanning..."", ""wall_time_utc"": ""2026-09-01T19:46:01.736367+00:00""}"
2652.600000000,REPLAN_REQUESTED,"{""message"": ""Replanning request. curr_vertex_idx: 46"", ""wall_time_utc"": ""2026-09-01T19:46:01.738132+00:00""}"
2656.600000000,LOCAL_REPLAN,"{""message"": ""Call local replanning..."", ""wall_time_utc"": ""2026-09-01T19:46:21.737849+00:00""}"
2656.600000000,REPLAN_REQUESTED,"{""message"": ""Replanning request. curr_vertex_idx: 46"", ""wall_time_utc"": ""2026-09-01T19:46:21.739818+00:00""}"
2662.600000000,LOCAL_REPLAN,"{""message"": ""Call local replanning..."", ""wall_time_utc"": ""2026-09-01T19:46:51.731420+00:00""}"
2662.600000000,REPLAN_REQUESTED,"{""message"": ""Replanning request. curr_vertex_idx: 46"", ""wall_time_utc"": ""2026-09-01T19:46:51.733488+00:00""}"
2664.600000000,LOCAL_REPLAN,"{""message"": ""Call local replanning..."", ""wall_time_utc"": ""2026-09-01T19:47:02.096543+00:00""}"
2664.600000000,REPLAN_REQUESTED,"{""message"": ""Replanning request. curr_vertex_idx: 46"", ""wall_time_utc"": ""2026-09-01T19:47:02.098637+00:00""}"
2670.600000000,LOCAL_REPLAN,"{""message"": ""Call local replanning..."", ""wall_time_utc"": ""2026-09-01T19:47:31.730511+00:00""}"
2670.600000000,REPLAN_REQUESTED,"{""message"": ""Replanning request. curr_vertex_idx: 46"", ""wall_time_utc"": ""2026-09-01T19:47:31.732282+00:00""}"
2676.600000000,LOCAL_REPLAN,"{""message"": ""Call local replanning..."", ""wall_time_utc"": ""2026-09-01T19:48:01.730752+00:00""}"
2676.600000000,REPLAN_REQUESTED,"{""message"": ""Replanning request. curr_vertex_idx: 46"", ""wall_time_utc"": ""2026-09-01T19:48:01.733037+00:00""}"
2682.400000000,LOCAL_REPLAN,"{""message"": ""Call local replanning..."", ""wall_time_utc"": ""2026-09-01T19:48:31.190003+00:00""}"
2682.400000000,REPLAN_REQUESTED,"{""message"": ""Replanning request. curr_vertex_idx: 46"", ""wall_time_utc"": ""2026-09-01T19:48:31.192192+00:00""}"
2688.600000000,LOCAL_REPLAN,"{""message"": ""Call local replanning..."", ""wall_time_utc"": ""2026-09-01T19:49:02.105762+00:00""}"
2688.600000000,REPLAN_REQUESTED,"{""message"": ""Replanning request. curr_vertex_idx: 46"", ""wall_time_utc"": ""2026-09-01T19:49:02.107692+00:00""}"
2692.600000000,LOCAL_REPLAN,"{""message"": ""Call local replanning..."", ""wall_time_utc"": ""2026-09-01T19:49:21.900978+00:00""}"
2692.600000000,REPLAN_REQUESTED,"{""message"": ""Replanning request. curr_vertex_idx: 46"", ""wall_time_utc"": ""2026-09-01T19:49:21.902964+00:00""}"
2694.800000000,LOCAL_REPLAN,"{""message"": ""Call local replanning..."", ""wall_time_utc"": ""2026-09-01T19:49:32.495189+00:00""}"
2694.800000000,REPLAN_REQUESTED,"{""message"": ""Replanning request. curr_vertex_idx: 46"", ""wall_time_utc"": ""2026-09-01T19:49:32.496921+00:00""}"
2699.400000000,LOCAL_REPLAN,"{""message"": ""Call local replanning..."", ""wall_time_utc"": ""2026-09-01T19:49:55.930718+00:00""}"
2699.400000000,REPLAN_REQUESTED,"{""message"": ""Replanning request. curr_vertex_idx: 46"", ""wall_time_utc"": ""2026-09-01T19:49:55.932377+00:00""}"
2705.600000000,LOCAL_REPLAN,"{""message"": ""Call local replanning..."", ""wall_time_utc"": ""2026-09-01T19:50:26.916012+00:00""}"
2705.600000000,REPLAN_REQUESTED,"{""message"": ""Replanning request. curr_vertex_idx: 46"", ""wall_time_utc"": ""2026-09-01T19:50:26.918162+00:00""}"
2708.600000000,LOCAL_REPLAN,"{""message"": ""Call local replanning..."", ""wall_time_utc"": ""2026-09-01T19:50:41.742168+00:00""}"
2708.600000000,REPLAN_REQUESTED,"{""message"": ""Replanning request. curr_vertex_idx: 46"", ""wall_time_utc"": ""2026-09-01T19:50:41.743852+00:00""}"
2713.600000000,LOCAL_REPLAN,"{""message"": ""Call local replanning..."", ""wall_time_utc"": ""2026-09-01T19:51:06.744808+00:00""}"
2713.600000000,REPLAN_REQUESTED,"{""message"": ""Replanning request. curr_vertex_idx: 46"", ""wall_time_utc"": ""2026-09-01T19:51:06.746398+00:00""}"
2719.600000000,LOCAL_REPLAN,"{""message"": ""Call local replanning..."", ""wall_time_utc"": ""2026-09-01T19:51:36.746731+00:00""}"
2719.600000000,REPLAN_REQUESTED,"{""message"": ""Replanning request. curr_vertex_idx: 46"", ""wall_time_utc"": ""2026-09-01T19:51:36.748669+00:00""}"
2725.600000000,LOCAL_REPLAN,"{""message"": ""Call local replanning..."", ""wall_time_utc"": ""2026-09-01T19:52:06.923800+00:00""}"
2725.600000000,REPLAN_REQUESTED,"{""message"": ""Replanning request. curr_vertex_idx: 46"", ""wall_time_utc"": ""2026-09-01T19:52:06.925746+00:00""}"
2731.600000000,LOCAL_REPLAN,"{""message"": ""Call local replanning..."", ""wall_time_utc"": ""2026-09-01T19:52:36.912604+00:00""}"
2731.600000000,REPLAN_REQUESTED,"{""message"": ""Replanning request. curr_vertex_idx: 46"", ""wall_time_utc"": ""2026-09-01T19:52:36.914483+00:00""}"
2737.600000000,LOCAL_REPLAN,"{""message"": ""Call local replanning..."", ""wall_time_utc"": ""2026-09-01T19:53:06.905871+00:00""}"
2737.600000000,REPLAN_REQUESTED,"{""message"": ""Replanning request. curr_vertex_idx: 46"", ""wall_time_utc"": ""2026-09-01T19:53:06.907813+00:00""}"
2743.600000000,LOCAL_REPLAN,"{""message"": ""Call local replanning..."", ""wall_time_utc"": ""2026-09-01T19:53:37.138425+00:00""}"
2743.600000000,REPLAN_REQUESTED,"{""message"": ""Replanning request. curr_vertex_idx: 46"", ""wall_time_utc"": ""2026-09-01T19:53:37.140127+00:00""}"
2749.600000000,LOCAL_REPLAN,"{""message"": ""Call local replanning..."", ""wall_time_utc"": ""2026-09-01T19:54:06.927162+00:00""}"
2749.600000000,REPLAN_REQUESTED,"{""message"": ""Replanning request. curr_vertex_idx: 46"", ""wall_time_utc"": ""2026-09-01T19:54:06.929320+00:00""}"
2755.600000000,LOCAL_REPLAN,"{""message"": ""Call local replanning..."", ""wall_time_utc"": ""2026-09-01T19:54:36.739198+00:00""}"
2755.600000000,REPLAN_REQUESTED,"{""message"": ""Replanning request. curr_vertex_idx: 46"", ""wall_time_utc"": ""2026-09-01T19:54:36.741197+00:00""}"
2761.600000000,LOCAL_REPLAN,"{""message"": ""Call local replanning..."", ""wall_time_utc"": ""2026-09-01T19:55:06.927452+00:00""}"
2761.600000000,REPLAN_REQUESTED,"{""message"": ""Replanning request. curr_vertex_idx: 46"", ""wall_time_utc"": ""2026-09-01T19:55:06.929218+00:00""}"
2767.600000000,LOCAL_REPLAN,"{""message"": ""Call local replanning..."", ""wall_time_utc"": ""2026-09-01T19:55:36.915176+00:00""}"
2767.600000000,REPLAN_REQUESTED,"{""message"": ""Replanning request. curr_vertex_idx: 46"", ""wall_time_utc"": ""2026-09-01T19:55:36.917229+00:00""}"
2773.400000000,LOCAL_REPLAN,"{""message"": ""Call local replanning..."", ""wall_time_utc"": ""2026-09-01T19:56:06.165140+00:00""}"
2773.400000000,REPLAN_REQUESTED,"{""message"": ""Replanning request. curr_vertex_idx: 46"", ""wall_time_utc"": ""2026-09-01T19:56:06.167256+00:00""}"
2779.600000000,LOCAL_REPLAN,"{""message"": ""Call local replanning..."", ""wall_time_utc"": ""2026-09-01T19:56:36.659952+00:00""}"
2779.600000000,REPLAN_REQUESTED,"{""message"": ""Replanning request. curr_vertex_idx: 46"", ""wall_time_utc"": ""2026-09-01T19:56:36.662221+00:00""}"
2785.600000000,LOCAL_REPLAN,"{""message"": ""Call local replanning..."", ""wall_time_utc"": ""2026-09-01T19:57:06.742678+00:00""}"
2785.600000000,REPLAN_REQUESTED,"{""message"": ""Replanning request. curr_vertex_idx: 46"", ""wall_time_utc"": ""2026-09-01T19:57:06.744743+00:00""}"
2791.600000000,LOCAL_REPLAN,"{""message"": ""Call local replanning..."", ""wall_time_utc"": ""2026-09-01T19:57:36.913008+00:00""}"
2791.600000000,REPLAN_REQUESTED,"{""message"": ""Replanning request. curr_vertex_idx: 46"", ""wall_time_utc"": ""2026-09-01T19:57:36.915079+00:00""}"
2797.600000000,LOCAL_REPLAN,"{""message"": ""Call local replanning..."", ""wall_time_utc"": ""2026-09-01T19:58:06.606047+00:00""}"
2797.600000000,REPLAN_REQUESTED,"{""message"": ""Replanning request. curr_vertex_idx: 46"", ""wall_time_utc"": ""2026-09-01T19:58:06.607977+00:00""}"
2803.600000000,LOCAL_REPLAN,"{""message"": ""Call local replanning..."", ""wall_time_utc"": ""2026-09-01T19:58:36.781147+00:00""}"
2803.600000000,REPLAN_REQUESTED,"{""message"": ""Replanning request. curr_vertex_idx: 46"", ""wall_time_utc"": ""2026-09-01T19:58:36.783099+00:00""}"
2809.600000000,LOCAL_REPLAN,"{""message"": ""Call local replanning..."", ""wall_time_utc"": ""2026-09-01T19:59:06.909844+00:00""}"
2809.600000000,REPLAN_REQUESTED,"{""message"": ""Replanning request. curr_vertex_idx: 46"", ""wall_time_utc"": ""2026-09-01T19:59:06.911723+00:00""}"
2815.600000000,LOCAL_REPLAN,"{""message"": ""Call local replanning..."", ""wall_time_utc"": ""2026-09-01T19:59:36.925699+00:00""}"
2815.600000000,REPLAN_REQUESTED,"{""message"": ""Replanning request. curr_vertex_idx: 46"", ""wall_time_utc"": ""2026-09-01T19:59:36.927663+00:00""}"
2819.800000000,LOCAL_REPLAN,"{""message"": ""Call local replanning..."", ""wall_time_utc"": ""2026-09-01T19:59:57.672207+00:00""}"
2819.800000000,REPLAN_REQUESTED,"{""message"": ""Replanning request. curr_vertex_idx: 46"", ""wall_time_utc"": ""2026-09-01T19:59:57.674245+00:00""}"
2825.400000000,LOCAL_REPLAN,"{""message"": ""Call local replanning..."", ""wall_time_utc"": ""2026-09-01T20:00:25.742092+00:00""}"
2825.400000000,REPLAN_REQUESTED,"{""message"": ""Replanning request. curr_vertex_idx: 46"", ""wall_time_utc"": ""2026-09-01T20:00:25.743865+00:00""}"
2831.600000000,LOCAL_REPLAN,"{""message"": ""Call local replanning..."", ""wall_time_utc"": ""2026-09-01T20:00:57.400186+00:00""}"
2831.600000000,REPLAN_REQUESTED,"{""message"": ""Replanning request. curr_vertex_idx: 46"", ""wall_time_utc"": ""2026-09-01T20:00:57.402248+00:00""}"
2837.600000000,LOCAL_REPLAN,"{""message"": ""Call local replanning..."", ""wall_time_utc"": ""2026-09-01T20:01:26.754977+00:00""}"
2837.600000000,REPLAN_REQUESTED,"{""message"": ""Replanning request. curr_vertex_idx: 46"", ""wall_time_utc"": ""2026-09-01T20:01:26.756912+00:00""}"
2843.600000000,LOCAL_REPLAN,"{""message"": ""Call local replanning..."", ""wall_time_utc"": ""2026-09-01T20:01:56.934838+00:00""}"
2843.600000000,REPLAN_REQUESTED,"{""message"": ""Replanning request. curr_vertex_idx: 46"", ""wall_time_utc"": ""2026-09-01T20:01:56.936851+00:00""}"
2849.600000000,LOCAL_REPLAN,"{""message"": ""Call local replanning..."", ""wall_time_utc"": ""2026-09-01T20:02:26.749533+00:00""}"
2849.600000000,REPLAN_REQUESTED,"{""message"": ""Replanning request. curr_vertex_idx: 46"", ""wall_time_utc"": ""2026-09-01T20:02:26.751619+00:00""}"
2855.600000000,LOCAL_REPLAN,"{""message"": ""Call local replanning..."", ""wall_time_utc"": ""2026-09-01T20:02:56.742576+00:00""}"
2855.600000000,REPLAN_REQUESTED,"{""message"": ""Replanning request. curr_vertex_idx: 46"", ""wall_time_utc"": ""2026-09-01T20:02:56.744608+00:00""}"
2861.600000000,LOCAL_REPLAN,"{""message"": ""Call local replanning..."", ""wall_time_utc"": ""2026-09-01T20:03:26.747473+00:00""}"
2861.600000000,REPLAN_REQUESTED,"{""message"": ""Replanning request. curr_vertex_idx: 46"", ""wall_time_utc"": ""2026-09-01T20:03:26.749660+00:00""}"
2867.600000000,LOCAL_REPLAN,"{""message"": ""Call local replanning..."", ""wall_time_utc"": ""2026-09-01T20:03:56.743554+00:00""}"
2867.600000000,REPLAN_REQUESTED,"{""message"": ""Replanning request. curr_vertex_idx: 46"", ""wall_time_utc"": ""2026-09-01T20:03:56.745712+00:00""}"
2873.600000000,LOCAL_REPLAN,"{""message"": ""Call local replanning..."", ""wall_time_utc"": ""2026-09-01T20:04:26.746422+00:00""}"
2873.600000000,REPLAN_REQUESTED,"{""message"": ""Replanning request. curr_vertex_idx: 46"", ""wall_time_utc"": ""2026-09-01T20:04:26.748573+00:00""}"
2879.400000000,LOCAL_REPLAN,"{""message"": ""Call local replanning..."", ""wall_time_utc"": ""2026-09-01T20:04:56.192063+00:00""}"
2879.400000000,REPLAN_REQUESTED,"{""message"": ""Replanning request. curr_vertex_idx: 46"", ""wall_time_utc"": ""2026-09-01T20:04:56.194229+00:00""}"
2885.600000000,LOCAL_REPLAN,"{""message"": ""Call local replanning..."", ""wall_time_utc"": ""2026-09-01T20:05:26.747490+00:00""}"
2885.600000000,REPLAN_REQUESTED,"{""message"": ""Replanning request. curr_vertex_idx: 46"", ""wall_time_utc"": ""2026-09-01T20:05:26.749111+00:00""}"
2891.600000000,LOCAL_REPLAN,"{""message"": ""Call local replanning..."", ""wall_time_utc"": ""2026-09-01T20:05:56.858771+00:00""}"
2891.600000000,REPLAN_REQUESTED,"{""message"": ""Replanning request. curr_vertex_idx: 46"", ""wall_time_utc"": ""2026-09-01T20:05:56.860716+00:00""}"
2897.600000000,LOCAL_REPLAN,"{""message"": ""Call local replanning..."", ""wall_time_utc"": ""2026-09-01T20:06:26.922701+00:00""}"
2897.600000000,REPLAN_REQUESTED,"{""message"": ""Replanning request. curr_vertex_idx: 46"", ""wall_time_utc"": ""2026-09-01T20:06:26.924815+00:00""}"
2903.600000000,LOCAL_REPLAN,"{""message"": ""Call local replanning..."", ""wall_time_utc"": ""2026-09-01T20:06:56.760832+00:00""}"
2903.600000000,REPLAN_REQUESTED,"{""message"": ""Replanning request. curr_vertex_idx: 46"", ""wall_time_utc"": ""2026-09-01T20:06:56.762873+00:00""}"
2909.600000000,LOCAL_REPLAN,"{""message"": ""Call local replanning..."", ""wall_time_utc"": ""2026-09-01T20:07:27.353493+00:00""}"
2909.600000000,REPLAN_REQUESTED,"{""message"": ""Replanning request. curr_vertex_idx: 46"", ""wall_time_utc"": ""2026-09-01T20:07:27.355418+00:00""}"
2915.600000000,LOCAL_REPLAN,"{""message"": ""Call local replanning..."", ""wall_time_utc"": ""2026-09-01T20:07:56.514281+00:00""}"
2915.600000000,REPLAN_REQUESTED,"{""message"": ""Replanning request. curr_vertex_idx: 46"", ""wall_time_utc"": ""2026-09-01T20:07:56.516449+00:00""}"
2919.600000000,LOCAL_REPLAN,"{""message"": ""Call local replanning..."", ""wall_time_utc"": ""2026-09-01T20:08:17.355469+00:00""}"
2919.600000000,REPLAN_REQUESTED,"{""message"": ""Replanning request. curr_vertex_idx: 46"", ""wall_time_utc"": ""2026-09-01T20:08:17.357101+00:00""}"
2921.800000000,LOCAL_REPLAN,"{""message"": ""Call local replanning..."", ""wall_time_utc"": ""2026-09-01T20:08:27.620023+00:00""}"
2921.800000000,REPLAN_REQUESTED,"{""message"": ""Replanning request. curr_vertex_idx: 46"", ""wall_time_utc"": ""2026-09-01T20:08:27.622405+00:00""}"
2923.800000000,LOCAL_REPLAN,"{""message"": ""Call local replanning..."", ""wall_time_utc"": ""2026-09-01T20:08:37.777697+00:00""}"
2923.800000000,REPLAN_REQUESTED,"{""message"": ""Replanning request. curr_vertex_idx: 46"", ""wall_time_utc"": ""2026-09-01T20:08:37.779736+00:00""}"
2925.400000000,LOCAL_REPLAN,"{""message"": ""Call local replanning..."", ""wall_time_utc"": ""2026-09-01T20:08:45.948352+00:00""}"
2925.400000000,REPLAN_REQUESTED,"{""message"": ""Replanning request. curr_vertex_idx: 46"", ""wall_time_utc"": ""2026-09-01T20:08:45.950406+00:00""}"
2927.600000000,LOCAL_REPLAN,"{""message"": ""Call local replanning..."", ""wall_time_utc"": ""2026-09-01T20:08:56.756200+00:00""}"
2927.600000000,REPLAN_REQUESTED,"{""message"": ""Replanning request. curr_vertex_idx: 46"", ""wall_time_utc"": ""2026-09-01T20:08:56.757983+00:00""}"
2933.600000000,LOCAL_REPLAN,"{""message"": ""Call local replanning..."", ""wall_time_utc"": ""2026-09-01T20:09:26.921803+00:00""}"
2933.600000000,REPLAN_REQUESTED,"{""message"": ""Replanning request. curr_vertex_idx: 46"", ""wall_time_utc"": ""2026-09-01T20:09:26.923795+00:00""}"
2939.600000000,LOCAL_REPLAN,"{""message"": ""Call local replanning..."", ""wall_time_utc"": ""2026-09-01T20:09:56.755437+00:00""}"
2939.600000000,REPLAN_REQUESTED,"{""message"": ""Replanning request. curr_vertex_idx: 46"", ""wall_time_utc"": ""2026-09-01T20:09:56.757490+00:00""}"
2945.600000000,LOCAL_REPLAN,"{""message"": ""Call local replanning..."", ""wall_time_utc"": ""2026-09-01T20:10:26.808567+00:00""}"
2945.600000000,REPLAN_REQUESTED,"{""message"": ""Replanning request. curr_vertex_idx: 46"", ""wall_time_utc"": ""2026-09-01T20:10:26.810729+00:00""}"
2951.600000000,LOCAL_REPLAN,"{""message"": ""Call local replanning..."", ""wall_time_utc"": ""2026-09-01T20:10:56.751009+00:00""}"
2951.600000000,REPLAN_REQUESTED,"{""message"": ""Replanning request. curr_vertex_idx: 46"", ""wall_time_utc"": ""2026-09-01T20:10:56.753303+00:00""}"
2953.800000000,LOCAL_REPLAN,"{""message"": ""Call local replanning..."", ""wall_time_utc"": ""2026-09-01T20:11:07.579003+00:00""}"
2953.800000000,REPLAN_REQUESTED,"{""message"": ""Replanning request. curr_vertex_idx: 46"", ""wall_time_utc"": ""2026-09-01T20:11:07.580733+00:00""}"
2955.600000000,LOCAL_REPLAN,"{""message"": ""Call local replanning..."", ""wall_time_utc"": ""2026-09-01T20:11:16.923504+00:00""}"
2955.600000000,REPLAN_REQUESTED,"{""message"": ""Replanning request. curr_vertex_idx: 46"", ""wall_time_utc"": ""2026-09-01T20:11:16.925673+00:00""}"
2957.600000000,LOCAL_REPLAN,"{""message"": ""Call local replanning..."", ""wall_time_utc"": ""2026-09-01T20:11:26.763535+00:00""}"
2957.600000000,REPLAN_REQUESTED,"{""message"": ""Replanning request. curr_vertex_idx: 46"", ""wall_time_utc"": ""2026-09-01T20:11:26.765737+00:00""}"
2963.600000000,LOCAL_REPLAN,"{""message"": ""Call local replanning..."", ""wall_time_utc"": ""2026-09-01T20:11:56.647230+00:00""}"
2963.600000000,REPLAN_REQUESTED,"{""message"": ""Replanning request. curr_vertex_idx: 46"", ""wall_time_utc"": ""2026-09-01T20:11:56.649545+00:00""}"
2969.600000000,LOCAL_REPLAN,"{""message"": ""Call local replanning..."", ""wall_time_utc"": ""2026-09-01T20:12:26.758346+00:00""}"
2969.600000000,REPLAN_REQUESTED,"{""message"": ""Replanning request. curr_vertex_idx: 46"", ""wall_time_utc"": ""2026-09-01T20:12:26.760539+00:00""}"
2975.800000000,LOCAL_REPLAN,"{""message"": ""Call local replanning..."", ""wall_time_utc"": ""2026-09-01T20:12:57.600389+00:00""}"
2975.800000000,REPLAN_REQUESTED,"{""message"": ""Replanning request. curr_vertex_idx: 46"", ""wall_time_utc"": ""2026-09-01T20:12:57.602559+00:00""}"
2980.600000000,LOCAL_REPLAN,"{""message"": ""Call local replanning..."", ""wall_time_utc"": ""2026-09-01T20:13:21.767165+00:00""}"
2980.600000000,REPLAN_REQUESTED,"{""message"": ""Replanning request. curr_vertex_idx: 46"", ""wall_time_utc"": ""2026-09-01T20:13:21.769240+00:00""}"
2982.800000000,LOCAL_REPLAN,"{""message"": ""Call local replanning..."", ""wall_time_utc"": ""2026-09-01T20:13:32.619683+00:00""}"
2982.800000000,REPLAN_REQUESTED,"{""message"": ""Replanning request. curr_vertex_idx: 46"", ""wall_time_utc"": ""2026-09-01T20:13:32.621853+00:00""}"
2984.600000000,LOCAL_REPLAN,"{""message"": ""Call local replanning..."", ""wall_time_utc"": ""2026-09-01T20:13:41.775210+00:00""}"
2984.600000000,REPLAN_REQUESTED,"{""message"": ""Replanning request. curr_vertex_idx: 46"", ""wall_time_utc"": ""2026-09-01T20:13:41.777179+00:00""}"
2987.800000000,LOCAL_REPLAN,"{""message"": ""Call local replanning..."", ""wall_time_utc"": ""2026-09-01T20:13:57.637056+00:00""}"
2987.800000000,REPLAN_REQUESTED,"{""message"": ""Replanning request. curr_vertex_idx: 46"", ""wall_time_utc"": ""2026-09-01T20:13:57.638958+00:00""}"
2993.400000000,LOCAL_REPLAN,"{""message"": ""Call local replanning..."", ""wall_time_utc"": ""2026-09-01T20:14:25.742304+00:00""}"
2993.400000000,REPLAN_REQUESTED,"{""message"": ""Replanning request. curr_vertex_idx: 46"", ""wall_time_utc"": ""2026-09-01T20:14:25.744458+00:00""}"
2995.800000000,LOCAL_REPLAN,"{""message"": ""Call local replanning..."", ""wall_time_utc"": ""2026-09-01T20:14:37.622964+00:00""}"
2995.800000000,REPLAN_REQUESTED,"{""message"": ""Replanning request. curr_vertex_idx: 46"", ""wall_time_utc"": ""2026-09-01T20:14:37.625173+00:00""}"
3000.600000000,LOCAL_REPLAN,"{""message"": ""Call local replanning..."", ""wall_time_utc"": ""2026-09-01T20:15:01.920042+00:00""}"
3000.600000000,REPLAN_REQUESTED,"{""message"": ""Replanning request. curr_vertex_idx: 46"", ""wall_time_utc"": ""2026-09-01T20:15:01.921850+00:00""}"
3002.600000000,LOCAL_REPLAN,"{""message"": ""Call local replanning..."", ""wall_time_utc"": ""2026-09-01T20:15:11.779460+00:00""}"
3002.600000000,REPLAN_REQUESTED,"{""message"": ""Replanning request. curr_vertex_idx: 46"", ""wall_time_utc"": ""2026-09-01T20:15:11.781601+00:00""}"
3005.800000000,LOCAL_REPLAN,"{""message"": ""Call local replanning..."", ""wall_time_utc"": ""2026-09-01T20:15:27.593150+00:00""}"
3005.800000000,REPLAN_REQUESTED,"{""message"": ""Replanning request. curr_vertex_idx: 46"", ""wall_time_utc"": ""2026-09-01T20:15:27.595300+00:00""}"
3007.600000000,LOCAL_REPLAN,"{""message"": ""Call local replanning..."", ""wall_time_utc"": ""2026-09-01T20:15:36.931016+00:00""}"
3007.600000000,REPLAN_REQUESTED,"{""message"": ""Replanning request. curr_vertex_idx: 46"", ""wall_time_utc"": ""2026-09-01T20:15:36.932892+00:00""}"
3009.600000000,LOCAL_REPLAN,"{""message"": ""Call local replanning..."", ""wall_time_utc"": ""2026-09-01T20:15:46.931725+00:00""}"
3009.600000000,REPLAN_REQUESTED,"{""message"": ""Replanning request. curr_vertex_idx: 46"", ""wall_time_utc"": ""2026-09-01T20:15:46.933625+00:00""}"
3011.600000000,LOCAL_REPLAN,"{""message"": ""Call local replanning..."", ""wall_time_utc"": ""2026-09-01T20:15:56.434190+00:00""}"
3011.600000000,REPLAN_REQUESTED,"{""message"": ""Replanning request. curr_vertex_idx: 46"", ""wall_time_utc"": ""2026-09-01T20:15:56.436124+00:00""}"
3013.600000000,LOCAL_REPLAN,"{""message"": ""Call local replanning..."", ""wall_time_utc"": ""2026-09-01T20:16:06.911614+00:00""}"
3013.600000000,REPLAN_REQUESTED,"{""message"": ""Replanning request. curr_vertex_idx: 46"", ""wall_time_utc"": ""2026-09-01T20:16:06.913808+00:00""}"
3015.600000000,LOCAL_REPLAN,"{""message"": ""Call local replanning..."", ""wall_time_utc"": ""2026-09-01T20:16:16.920454+00:00""}"
3015.600000000,REPLAN_REQUESTED,"{""message"": ""Replanning request. curr_vertex_idx: 46"", ""wall_time_utc"": ""2026-09-01T20:16:16.922563+00:00""}"
3018.600000000,LOCAL_REPLAN,"{""message"": ""Call local replanning..."", ""wall_time_utc"": ""2026-09-01T20:16:32.363592+00:00""}"
3018.600000000,REPLAN_REQUESTED,"{""message"": ""Replanning request. curr_vertex_idx: 46"", ""wall_time_utc"": ""2026-09-01T20:16:32.365681+00:00""}"
3020.800000000,LOCAL_REPLAN,"{""message"": ""Call local replanning..."", ""wall_time_utc"": ""2026-09-01T20:16:42.801308+00:00""}"
3020.800000000,REPLAN_REQUESTED,"{""message"": ""Replanning request. curr_vertex_idx: 46"", ""wall_time_utc"": ""2026-09-01T20:16:42.803477+00:00""}"
3022.600000000,LOCAL_REPLAN,"{""message"": ""Call local replanning..."", ""wall_time_utc"": ""2026-09-01T20:16:51.758257+00:00""}"
3022.600000000,REPLAN_REQUESTED,"{""message"": ""Replanning request. curr_vertex_idx: 46"", ""wall_time_utc"": ""2026-09-01T20:16:51.760345+00:00""}"
3024.600000000,LOCAL_REPLAN,"{""message"": ""Call local replanning..."", ""wall_time_utc"": ""2026-09-01T20:17:01.917768+00:00""}"
3024.600000000,REPLAN_REQUESTED,"{""message"": ""Replanning request. curr_vertex_idx: 46"", ""wall_time_utc"": ""2026-09-01T20:17:01.919594+00:00""}"
3026.600000000,LOCAL_REPLAN,"{""message"": ""Call local replanning..."", ""wall_time_utc"": ""2026-09-01T20:17:11.930495+00:00""}"
3026.600000000,REPLAN_REQUESTED,"{""message"": ""Replanning request. curr_vertex_idx: 46"", ""wall_time_utc"": ""2026-09-01T20:17:11.932322+00:00""}"
3028.600000000,LOCAL_REPLAN,"{""message"": ""Call local replanning..."", ""wall_time_utc"": ""2026-09-01T20:17:22.194312+00:00""}"
3028.600000000,REPLAN_REQUESTED,"{""message"": ""Replanning request. curr_vertex_idx: 46"", ""wall_time_utc"": ""2026-09-01T20:17:22.196018+00:00""}"
3032.800000000,LOCAL_REPLAN,"{""message"": ""Call local replanning..."", ""wall_time_utc"": ""2026-09-01T20:17:42.736074+00:00""}"
3032.800000000,REPLAN_REQUESTED,"{""message"": ""Replanning request. curr_vertex_idx: 46"", ""wall_time_utc"": ""2026-09-01T20:17:42.737786+00:00""}"
3034.600000000,LOCAL_REPLAN,"{""message"": ""Call local replanning..."", ""wall_time_utc"": ""2026-09-01T20:17:51.921225+00:00""}"
3034.600000000,REPLAN_REQUESTED,"{""message"": ""Replanning request. curr_vertex_idx: 46"", ""wall_time_utc"": ""2026-09-01T20:17:51.923186+00:00""}"
3036.600000000,LOCAL_REPLAN,"{""message"": ""Call local replanning..."", ""wall_time_utc"": ""2026-09-01T20:18:02.208219+00:00""}"
3036.600000000,REPLAN_REQUESTED,"{""message"": ""Replanning request. curr_vertex_idx: 46"", ""wall_time_utc"": ""2026-09-01T20:18:02.210120+00:00""}"
3038.400000000,LOCAL_REPLAN,"{""message"": ""Call local replanning..."", ""wall_time_utc"": ""2026-09-01T20:18:10.930422+00:00""}"
3038.400000000,REPLAN_REQUESTED,"{""message"": ""Replanning request. curr_vertex_idx: 46"", ""wall_time_utc"": ""2026-09-01T20:18:10.932392+00:00""}"
3040.600000000,LOCAL_REPLAN,"{""message"": ""Call local replanning..."", ""wall_time_utc"": ""2026-09-01T20:18:21.750854+00:00""}"
3040.600000000,REPLAN_REQUESTED,"{""message"": ""Replanning request. curr_vertex_idx: 46"", ""wall_time_utc"": ""2026-09-01T20:18:21.752681+00:00""}"
3042.400000000,LOCAL_REPLAN,"{""message"": ""Call local replanning..."", ""wall_time_utc"": ""2026-09-01T20:18:31.273517+00:00""}"
3042.400000000,REPLAN_REQUESTED,"{""message"": ""Replanning request. curr_vertex_idx: 46"", ""wall_time_utc"": ""2026-09-01T20:18:31.275482+00:00""}"
3044.600000000,LOCAL_REPLAN,"{""message"": ""Call local replanning..."", ""wall_time_utc"": ""2026-09-01T20:18:41.746799+00:00""}"
3044.600000000,REPLAN_REQUESTED,"{""message"": ""Replanning request. curr_vertex_idx: 46"", ""wall_time_utc"": ""2026-09-01T20:18:41.748535+00:00""}"
3046.600000000,LOCAL_REPLAN,"{""message"": ""Call local replanning..."", ""wall_time_utc"": ""2026-09-01T20:18:51.741838+00:00""}"
3046.600000000,REPLAN_REQUESTED,"{""message"": ""Replanning request. curr_vertex_idx: 46"", ""wall_time_utc"": ""2026-09-01T20:18:51.743698+00:00""}"
3048.600000000,LOCAL_REPLAN,"{""message"": ""Call local replanning..."", ""wall_time_utc"": ""2026-09-01T20:19:01.721948+00:00""}"
3048.600000000,REPLAN_REQUESTED,"{""message"": ""Replanning request. curr_vertex_idx: 46"", ""wall_time_utc"": ""2026-09-01T20:19:01.724027+00:00""}"
3050.400000000,LOCAL_REPLAN,"{""message"": ""Call local replanning..."", ""wall_time_utc"": ""2026-09-01T20:19:11.228313+00:00""}"
3050.400000000,REPLAN_REQUESTED,"{""message"": ""Replanning request. curr_vertex_idx: 46"", ""wall_time_utc"": ""2026-09-01T20:19:11.230253+00:00""}"
3052.600000000,LOCAL_REPLAN,"{""message"": ""Call local replanning..."", ""wall_time_utc"": ""2026-09-01T20:19:21.743506+00:00""}"
3052.600000000,REPLAN_REQUESTED,"{""message"": ""Replanning request. curr_vertex_idx: 46"", ""wall_time_utc"": ""2026-09-01T20:19:21.745518+00:00""}"
3054.600000000,LOCAL_REPLAN,"{""message"": ""Call local replanning..."", ""wall_time_utc"": ""2026-09-01T20:19:31.416566+00:00""}"
3054.600000000,REPLAN_REQUESTED,"{""message"": ""Replanning request. curr_vertex_idx: 46"", ""wall_time_utc"": ""2026-09-01T20:19:31.418286+00:00""}"
3056.600000000,LOCAL_REPLAN,"{""message"": ""Call local replanning..."", ""wall_time_utc"": ""2026-09-01T20:19:41.742234+00:00""}"
3056.600000000,REPLAN_REQUESTED,"{""message"": ""Replanning request. curr_vertex_idx: 46"", ""wall_time_utc"": ""2026-09-01T20:19:41.744088+00:00""}"
3058.600000000,LOCAL_REPLAN,"{""message"": ""Call local replanning..."", ""wall_time_utc"": ""2026-09-01T20:19:52.191525+00:00""}"
3058.600000000,REPLAN_REQUESTED,"{""message"": ""Replanning request. curr_vertex_idx: 46"", ""wall_time_utc"": ""2026-09-01T20:19:52.193347+00:00""}"
3060.600000000,LOCAL_REPLAN,"{""message"": ""Call local replanning..."", ""wall_time_utc"": ""2026-09-01T20:20:01.747540+00:00""}"
3060.600000000,REPLAN_REQUESTED,"{""message"": ""Replanning request. curr_vertex_idx: 46"", ""wall_time_utc"": ""2026-09-01T20:20:01.749622+00:00""}"
3062.600000000,LOCAL_REPLAN,"{""message"": ""Call local replanning..."", ""wall_time_utc"": ""2026-09-01T20:20:11.743334+00:00""}"
3062.600000000,REPLAN_REQUESTED,"{""message"": ""Replanning request. curr_vertex_idx: 46"", ""wall_time_utc"": ""2026-09-01T20:20:11.745651+00:00""}"
3064.600000000,LOCAL_REPLAN,"{""message"": ""Call local replanning..."", ""wall_time_utc"": ""2026-09-01T20:20:21.743223+00:00""}"
3064.600000000,REPLAN_REQUESTED,"{""message"": ""Replanning request. curr_vertex_idx: 46"", ""wall_time_utc"": ""2026-09-01T20:20:21.745390+00:00""}"
3066.800000000,LOCAL_REPLAN,"{""message"": ""Call local replanning..."", ""wall_time_utc"": ""2026-09-01T20:20:32.803093+00:00""}"
3066.800000000,REPLAN_REQUESTED,"{""message"": ""Replanning request. curr_vertex_idx: 46"", ""wall_time_utc"": ""2026-09-01T20:20:32.804953+00:00""}"
3068.800000000,LOCAL_REPLAN,"{""message"": ""Call local replanning..."", ""wall_time_utc"": ""2026-09-01T20:20:42.830842+00:00""}"
3068.800000000,REPLAN_REQUESTED,"{""message"": ""Replanning request. curr_vertex_idx: 46"", ""wall_time_utc"": ""2026-09-01T20:20:42.832611+00:00""}"
3070.600000000,LOCAL_REPLAN,"{""message"": ""Call local replanning..."", ""wall_time_utc"": ""2026-09-01T20:20:51.793976+00:00""}"
3070.600000000,REPLAN_REQUESTED,"{""message"": ""Replanning request. curr_vertex_idx: 46"", ""wall_time_utc"": ""2026-09-01T20:20:51.795954+00:00""}"
3072.600000000,LOCAL_REPLAN,"{""message"": ""Call local replanning..."", ""wall_time_utc"": ""2026-09-01T20:21:01.912305+00:00""}"
3072.600000000,REPLAN_REQUESTED,"{""message"": ""Replanning request. curr_vertex_idx: 46"", ""wall_time_utc"": ""2026-09-01T20:21:01.914267+00:00""}"
3074.600000000,LOCAL_REPLAN,"{""message"": ""Call local replanning..."", ""wall_time_utc"": ""2026-09-01T20:21:11.777058+00:00""}"
3074.600000000,REPLAN_REQUESTED,"{""message"": ""Replanning request. curr_vertex_idx: 46"", ""wall_time_utc"": ""2026-09-01T20:21:11.779131+00:00""}"
3076.600000000,LOCAL_REPLAN,"{""message"": ""Call local replanning..."", ""wall_time_utc"": ""2026-09-01T20:21:21.747466+00:00""}"
3076.600000000,REPLAN_REQUESTED,"{""message"": ""Replanning request. curr_vertex_idx: 46"", ""wall_time_utc"": ""2026-09-01T20:21:21.749337+00:00""}"
3078.600000000,LOCAL_REPLAN,"{""message"": ""Call local replanning..."", ""wall_time_utc"": ""2026-09-01T20:21:31.749934+00:00""}"
3078.600000000,REPLAN_REQUESTED,"{""message"": ""Replanning request. curr_vertex_idx: 46"", ""wall_time_utc"": ""2026-09-01T20:21:31.752301+00:00""}"
3080.400000000,LOCAL_REPLAN,"{""message"": ""Call local replanning..."", ""wall_time_utc"": ""2026-09-01T20:21:40.769783+00:00""}"
3080.400000000,REPLAN_REQUESTED,"{""message"": ""Replanning request. curr_vertex_idx: 46"", ""wall_time_utc"": ""2026-09-01T20:21:40.772135+00:00""}"
3082.600000000,LOCAL_REPLAN,"{""message"": ""Call local replanning..."", ""wall_time_utc"": ""2026-09-01T20:21:51.746946+00:00""}"
3082.600000000,REPLAN_REQUESTED,"{""message"": ""Replanning request. curr_vertex_idx: 46"", ""wall_time_utc"": ""2026-09-01T20:21:51.749233+00:00""}"
3084.400000000,LOCAL_REPLAN,"{""message"": ""Call local replanning..."", ""wall_time_utc"": ""2026-09-01T20:22:01.368914+00:00""}"
3084.400000000,REPLAN_REQUESTED,"{""message"": ""Replanning request. curr_vertex_idx: 46"", ""wall_time_utc"": ""2026-09-01T20:22:01.371316+00:00""}"
3086.600000000,LOCAL_REPLAN,"{""message"": ""Call local replanning..."", ""wall_time_utc"": ""2026-09-01T20:22:11.917253+00:00""}"
3086.600000000,REPLAN_REQUESTED,"{""message"": ""Replanning request. curr_vertex_idx: 46"", ""wall_time_utc"": ""2026-09-01T20:22:11.919558+00:00""}"
3088.600000000,LOCAL_REPLAN,"{""message"": ""Call local replanning..."", ""wall_time_utc"": ""2026-09-01T20:22:21.933725+00:00""}"
3088.600000000,REPLAN_REQUESTED,"{""message"": ""Replanning request. curr_vertex_idx: 46"", ""wall_time_utc"": ""2026-09-01T20:22:21.935885+00:00""}"
3090.800000000,LOCAL_REPLAN,"{""message"": ""Call local replanning..."", ""wall_time_utc"": ""2026-09-01T20:22:32.661857+00:00""}"
3090.800000000,REPLAN_REQUESTED,"{""message"": ""Replanning request. curr_vertex_idx: 46"", ""wall_time_utc"": ""2026-09-01T20:22:32.664210+00:00""}"
3092.600000000,LOCAL_REPLAN,"{""message"": ""Call local replanning..."", ""wall_time_utc"": ""2026-09-01T20:22:41.926909+00:00""}"
3092.600000000,REPLAN_REQUESTED,"{""message"": ""Replanning request. curr_vertex_idx: 46"", ""wall_time_utc"": ""2026-09-01T20:22:41.929068+00:00""}"
3094.600000000,LOCAL_REPLAN,"{""message"": ""Call local replanning..."", ""wall_time_utc"": ""2026-09-01T20:22:52.383459+00:00""}"
3094.600000000,REPLAN_REQUESTED,"{""message"": ""Replanning request. curr_vertex_idx: 46"", ""wall_time_utc"": ""2026-09-01T20:22:52.385507+00:00""}"
3096.600000000,LOCAL_REPLAN,"{""message"": ""Call local replanning..."", ""wall_time_utc"": ""2026-09-01T20:23:02.214075+00:00""}"
3096.600000000,REPLAN_REQUESTED,"{""message"": ""Replanning request. curr_vertex_idx: 46"", ""wall_time_utc"": ""2026-09-01T20:23:02.216186+00:00""}"
3098.800000000,LOCAL_REPLAN,"{""message"": ""Call local replanning..."", ""wall_time_utc"": ""2026-09-01T20:23:12.851971+00:00""}"
3098.800000000,REPLAN_REQUESTED,"{""message"": ""Replanning request. curr_vertex_idx: 46"", ""wall_time_utc"": ""2026-09-01T20:23:12.853843+00:00""}"
3100.600000000,LOCAL_REPLAN,"{""message"": ""Call local replanning..."", ""wall_time_utc"": ""2026-09-01T20:23:21.931809+00:00""}"
3100.600000000,REPLAN_REQUESTED,"{""message"": ""Replanning request. curr_vertex_idx: 46"", ""wall_time_utc"": ""2026-09-01T20:23:21.933840+00:00""}"
3102.600000000,LOCAL_REPLAN,"{""message"": ""Call local replanning..."", ""wall_time_utc"": ""2026-09-01T20:23:31.843375+00:00""}"
3102.600000000,REPLAN_REQUESTED,"{""message"": ""Replanning request. curr_vertex_idx: 46"", ""wall_time_utc"": ""2026-09-01T20:23:31.845623+00:00""}"
3104.600000000,LOCAL_REPLAN,"{""message"": ""Call local replanning..."", ""wall_time_utc"": ""2026-09-01T20:23:42.232049+00:00""}"
3104.600000000,REPLAN_REQUESTED,"{""message"": ""Replanning request. curr_vertex_idx: 46"", ""wall_time_utc"": ""2026-09-01T20:23:42.233901+00:00""}"
3106.600000000,LOCAL_REPLAN,"{""message"": ""Call local replanning..."", ""wall_time_utc"": ""2026-09-01T20:23:51.749001+00:00""}"
3106.600000000,REPLAN_REQUESTED,"{""message"": ""Replanning request. curr_vertex_idx: 46"", ""wall_time_utc"": ""2026-09-01T20:23:51.751293+00:00""}"
3108.400000000,LOCAL_REPLAN,"{""message"": ""Call local replanning..."", ""wall_time_utc"": ""2026-09-01T20:24:01.283952+00:00""}"
3108.400000000,REPLAN_REQUESTED,"{""message"": ""Replanning request. curr_vertex_idx: 46"", ""wall_time_utc"": ""2026-09-01T20:24:01.286030+00:00""}"
3110.600000000,LOCAL_REPLAN,"{""message"": ""Call local replanning..."", ""wall_time_utc"": ""2026-09-01T20:24:12.201913+00:00""}"
3110.600000000,REPLAN_REQUESTED,"{""message"": ""Replanning request. curr_vertex_idx: 46"", ""wall_time_utc"": ""2026-09-01T20:24:12.204309+00:00""}"
3112.600000000,LOCAL_REPLAN,"{""message"": ""Call local replanning..."", ""wall_time_utc"": ""2026-09-01T20:24:21.722601+00:00""}"
3112.600000000,REPLAN_REQUESTED,"{""message"": ""Replanning request. curr_vertex_idx: 46"", ""wall_time_utc"": ""2026-09-01T20:24:21.724873+00:00""}"
3114.600000000,LOCAL_REPLAN,"{""message"": ""Call local replanning..."", ""wall_time_utc"": ""2026-09-01T20:24:31.748657+00:00""}"
3114.600000000,REPLAN_REQUESTED,"{""message"": ""Replanning request. curr_vertex_idx: 46"", ""wall_time_utc"": ""2026-09-01T20:24:31.750454+00:00""}"
3116.600000000,LOCAL_REPLAN,"{""message"": ""Call local replanning..."", ""wall_time_utc"": ""2026-09-01T20:24:41.749851+00:00""}"
3116.600000000,REPLAN_REQUESTED,"{""message"": ""Replanning request. curr_vertex_idx: 46"", ""wall_time_utc"": ""2026-09-01T20:24:41.751578+00:00""}"
3118.600000000,LOCAL_REPLAN,"{""message"": ""Call local replanning..."", ""wall_time_utc"": ""2026-09-01T20:24:52.387809+00:00""}"
3118.600000000,REPLAN_REQUESTED,"{""message"": ""Replanning request. curr_vertex_idx: 46"", ""wall_time_utc"": ""2026-09-01T20:24:52.389788+00:00""}"
3120.800000000,LOCAL_REPLAN,"{""message"": ""Call local replanning..."", ""wall_time_utc"": ""2026-09-01T20:25:02.414628+00:00""}"
3120.800000000,REPLAN_REQUESTED,"{""message"": ""Replanning request. curr_vertex_idx: 46"", ""wall_time_utc"": ""2026-09-01T20:25:02.416804+00:00""}"
3122.600000000,LOCAL_REPLAN,"{""message"": ""Call local replanning..."", ""wall_time_utc"": ""2026-09-01T20:25:12.375276+00:00""}"
3122.600000000,REPLAN_REQUESTED,"{""message"": ""Replanning request. curr_vertex_idx: 46"", ""wall_time_utc"": ""2026-09-01T20:25:12.377396+00:00""}"
3124.600000000,LOCAL_REPLAN,"{""message"": ""Call local replanning..."", ""wall_time_utc"": ""2026-09-01T20:25:21.754053+00:00""}"
3124.600000000,REPLAN_REQUESTED,"{""message"": ""Replanning request. curr_vertex_idx: 46"", ""wall_time_utc"": ""2026-09-01T20:25:21.756164+00:00""}"
3126.600000000,LOCAL_REPLAN,"{""message"": ""Call local replanning..."", ""wall_time_utc"": ""2026-09-01T20:25:31.757659+00:00""}"
3126.600000000,REPLAN_REQUESTED,"{""message"": ""Replanning request. curr_vertex_idx: 46"", ""wall_time_utc"": ""2026-09-01T20:25:31.759851+00:00""}"
3128.800000000,LOCAL_REPLAN,"{""message"": ""Call local replanning..."", ""wall_time_utc"": ""2026-09-01T20:25:42.654266+00:00""}"
3128.800000000,REPLAN_REQUESTED,"{""message"": ""Replanning request. curr_vertex_idx: 46"", ""wall_time_utc"": ""2026-09-01T20:25:42.656513+00:00""}"
3130.600000000,LOCAL_REPLAN,"{""message"": ""Call local replanning..."", ""wall_time_utc"": ""2026-09-01T20:25:52.196476+00:00""}"
3130.600000000,REPLAN_REQUESTED,"{""message"": ""Replanning request. curr_vertex_idx: 46"", ""wall_time_utc"": ""2026-09-01T20:25:52.198885+00:00""}"
3132.600000000,LOCAL_REPLAN,"{""message"": ""Call local replanning..."", ""wall_time_utc"": ""2026-09-01T20:26:01.485984+00:00""}"
3132.600000000,REPLAN_REQUESTED,"{""message"": ""Replanning request. curr_vertex_idx: 46"", ""wall_time_utc"": ""2026-09-01T20:26:01.488013+00:00""}"
3134.600000000,LOCAL_REPLAN,"{""message"": ""Call local replanning..."", ""wall_time_utc"": ""2026-09-01T20:26:11.667523+00:00""}"
3134.600000000,REPLAN_REQUESTED,"{""message"": ""Replanning request. curr_vertex_idx: 46"", ""wall_time_utc"": ""2026-09-01T20:26:11.669211+00:00""}"
3136.600000000,LOCAL_REPLAN,"{""message"": ""Call local replanning..."", ""wall_time_utc"": ""2026-09-01T20:26:21.919466+00:00""}"
3136.600000000,REPLAN_REQUESTED,"{""message"": ""Replanning request. curr_vertex_idx: 46"", ""wall_time_utc"": ""2026-09-01T20:26:21.921264+00:00""}"
3138.600000000,LOCAL_REPLAN,"{""message"": ""Call local replanning..."", ""wall_time_utc"": ""2026-09-01T20:26:31.742003+00:00""}"
3138.600000000,REPLAN_REQUESTED,"{""message"": ""Replanning request. curr_vertex_idx: 46"", ""wall_time_utc"": ""2026-09-01T20:26:31.744157+00:00""}"
3140.600000000,LOCAL_REPLAN,"{""message"": ""Call local replanning..."", ""wall_time_utc"": ""2026-09-01T20:26:41.929675+00:00""}"
3140.600000000,REPLAN_REQUESTED,"{""message"": ""Replanning request. curr_vertex_idx: 46"", ""wall_time_utc"": ""2026-09-01T20:26:41.932269+00:00""}"
3142.600000000,LOCAL_REPLAN,"{""message"": ""Call local replanning..."", ""wall_time_utc"": ""2026-09-01T20:26:51.622187+00:00""}"
3142.600000000,REPLAN_REQUESTED,"{""message"": ""Replanning request. curr_vertex_idx: 46"", ""wall_time_utc"": ""2026-09-01T20:26:51.624657+00:00""}"
3144.400000000,LOCAL_REPLAN,"{""message"": ""Call local replanning..."", ""wall_time_utc"": ""2026-09-01T20:27:00.802331+00:00""}"
3144.400000000,REPLAN_REQUESTED,"{""message"": ""Replanning request. curr_vertex_idx: 46"", ""wall_time_utc"": ""2026-09-01T20:27:00.804586+00:00""}"
3146.600000000,LOCAL_REPLAN,"{""message"": ""Call local replanning..."", ""wall_time_utc"": ""2026-09-01T20:27:11.744269+00:00""}"
3146.600000000,REPLAN_REQUESTED,"{""message"": ""Replanning request. curr_vertex_idx: 46"", ""wall_time_utc"": ""2026-09-01T20:27:11.746266+00:00""}"
3148.600000000,LOCAL_REPLAN,"{""message"": ""Call local replanning..."", ""wall_time_utc"": ""2026-09-01T20:27:21.444436+00:00""}"
3148.600000000,REPLAN_REQUESTED,"{""message"": ""Replanning request. curr_vertex_idx: 46"", ""wall_time_utc"": ""2026-09-01T20:27:21.446662+00:00""}"
3150.800000000,LOCAL_REPLAN,"{""message"": ""Call local replanning..."", ""wall_time_utc"": ""2026-09-01T20:27:32.667505+00:00""}"
3150.800000000,REPLAN_REQUESTED,"{""message"": ""Replanning request. curr_vertex_idx: 46"", ""wall_time_utc"": ""2026-09-01T20:27:32.669466+00:00""}"
3152.600000000,LOCAL_REPLAN,"{""message"": ""Call local replanning..."", ""wall_time_utc"": ""2026-09-01T20:27:41.932713+00:00""}"
3152.600000000,REPLAN_REQUESTED,"{""message"": ""Replanning request. curr_vertex_idx: 46"", ""wall_time_utc"": ""2026-09-01T20:27:41.934774+00:00""}"
3154.600000000,LOCAL_REPLAN,"{""message"": ""Call local replanning..."", ""wall_time_utc"": ""2026-09-01T20:27:52.213446+00:00""}"
3154.600000000,REPLAN_REQUESTED,"{""message"": ""Replanning request. curr_vertex_idx: 46"", ""wall_time_utc"": ""2026-09-01T20:27:52.215599+00:00""}"
3156.600000000,LOCAL_REPLAN,"{""message"": ""Call local replanning..."", ""wall_time_utc"": ""2026-09-01T20:28:01.747499+00:00""}"
3156.600000000,REPLAN_REQUESTED,"{""message"": ""Replanning request. curr_vertex_idx: 46"", ""wall_time_utc"": ""2026-09-01T20:28:01.749337+00:00""}"
3158.600000000,LOCAL_REPLAN,"{""message"": ""Call local replanning..."", ""wall_time_utc"": ""2026-09-01T20:28:12.211492+00:00""}"
3158.600000000,REPLAN_REQUESTED,"{""message"": ""Replanning request. curr_vertex_idx: 46"", ""wall_time_utc"": ""2026-09-01T20:28:12.213654+00:00""}"
3160.600000000,LOCAL_REPLAN,"{""message"": ""Call local replanning..."", ""wall_time_utc"": ""2026-09-01T20:28:21.743422+00:00""}"
3160.600000000,REPLAN_REQUESTED,"{""message"": ""Replanning request. curr_vertex_idx: 46"", ""wall_time_utc"": ""2026-09-01T20:28:21.745440+00:00""}"
3162.600000000,LOCAL_REPLAN,"{""message"": ""Call local replanning..."", ""wall_time_utc"": ""2026-09-01T20:28:31.928457+00:00""}"
3162.600000000,REPLAN_REQUESTED,"{""message"": ""Replanning request. curr_vertex_idx: 46"", ""wall_time_utc"": ""2026-09-01T20:28:31.930356+00:00""}"
3164.600000000,LOCAL_REPLAN,"{""message"": ""Call local replanning..."", ""wall_time_utc"": ""2026-09-01T20:28:42.214287+00:00""}"
3164.600000000,REPLAN_REQUESTED,"{""message"": ""Replanning request. curr_vertex_idx: 46"", ""wall_time_utc"": ""2026-09-01T20:28:42.216392+00:00""}"
3166.800000000,LOCAL_REPLAN,"{""message"": ""Call local replanning..."", ""wall_time_utc"": ""2026-09-01T20:28:52.615019+00:00""}"
3166.800000000,REPLAN_REQUESTED,"{""message"": ""Replanning request. curr_vertex_idx: 46"", ""wall_time_utc"": ""2026-09-01T20:28:52.616798+00:00""}"
3168.400000000,LOCAL_REPLAN,"{""message"": ""Call local replanning..."", ""wall_time_utc"": ""2026-09-01T20:29:00.770314+00:00""}"
3168.400000000,REPLAN_REQUESTED,"{""message"": ""Replanning request. curr_vertex_idx: 46"", ""wall_time_utc"": ""2026-09-01T20:29:00.772404+00:00""}"
3170.600000000,LOCAL_REPLAN,"{""message"": ""Call local replanning..."", ""wall_time_utc"": ""2026-09-01T20:29:11.755053+00:00""}"
3170.600000000,REPLAN_REQUESTED,"{""message"": ""Replanning request. curr_vertex_idx: 46"", ""wall_time_utc"": ""2026-09-01T20:29:11.756996+00:00""}"
3172.600000000,LOCAL_REPLAN,"{""message"": ""Call local replanning..."", ""wall_time_utc"": ""2026-09-01T20:29:21.427325+00:00""}"
3172.600000000,REPLAN_REQUESTED,"{""message"": ""Replanning request. curr_vertex_idx: 46"", ""wall_time_utc"": ""2026-09-01T20:29:21.429255+00:00""}"
3174.600000000,LOCAL_REPLAN,"{""message"": ""Call local replanning..."", ""wall_time_utc"": ""2026-09-01T20:29:32.390580+00:00""}"
3174.600000000,REPLAN_REQUESTED,"{""message"": ""Replanning request. curr_vertex_idx: 46"", ""wall_time_utc"": ""2026-09-01T20:29:32.392753+00:00""}"
3176.600000000,LOCAL_REPLAN,"{""message"": ""Call local replanning..."", ""wall_time_utc"": ""2026-09-01T20:29:41.743007+00:00""}"
3176.600000000,REPLAN_REQUESTED,"{""message"": ""Replanning request. curr_vertex_idx: 46"", ""wall_time_utc"": ""2026-09-01T20:29:41.745335+00:00""}"
3178.400000000,LOCAL_REPLAN,"{""message"": ""Call local replanning..."", ""wall_time_utc"": ""2026-09-01T20:29:51.378587+00:00""}"
3178.400000000,REPLAN_REQUESTED,"{""message"": ""Replanning request. curr_vertex_idx: 46"", ""wall_time_utc"": ""2026-09-01T20:29:51.380590+00:00""}"
3180.600000000,LOCAL_REPLAN,"{""message"": ""Call local replanning..."", ""wall_time_utc"": ""2026-09-01T20:30:01.923416+00:00""}"
3180.600000000,REPLAN_REQUESTED,"{""message"": ""Replanning request. curr_vertex_idx: 46"", ""wall_time_utc"": ""2026-09-01T20:30:01.925321+00:00""}"
3182.600000000,LOCAL_REPLAN,"{""message"": ""Call local replanning..."", ""wall_time_utc"": ""2026-09-01T20:30:11.937699+00:00""}"
3182.600000000,REPLAN_REQUESTED,"{""message"": ""Replanning request. curr_vertex_idx: 46"", ""wall_time_utc"": ""2026-09-01T20:30:11.939855+00:00""}"
3184.600000000,LOCAL_REPLAN,"{""message"": ""Call local replanning..."", ""wall_time_utc"": ""2026-09-01T20:30:21.746717+00:00""}"
3184.600000000,REPLAN_REQUESTED,"{""message"": ""Replanning request. curr_vertex_idx: 46"", ""wall_time_utc"": ""2026-09-01T20:30:21.748657+00:00""}"
3186.600000000,LOCAL_REPLAN,"{""message"": ""Call local replanning..."", ""wall_time_utc"": ""2026-09-01T20:30:32.199633+00:00""}"
3186.600000000,REPLAN_REQUESTED,"{""message"": ""Replanning request. curr_vertex_idx: 46"", ""wall_time_utc"": ""2026-09-01T20:30:32.201880+00:00""}"
3188.600000000,LOCAL_REPLAN,"{""message"": ""Call local replanning..."", ""wall_time_utc"": ""2026-09-01T20:30:41.821511+00:00""}"
3188.600000000,REPLAN_REQUESTED,"{""message"": ""Replanning request. curr_vertex_idx: 46"", ""wall_time_utc"": ""2026-09-01T20:30:41.823748+00:00""}"
3190.600000000,LOCAL_REPLAN,"{""message"": ""Call local replanning..."", ""wall_time_utc"": ""2026-09-01T20:30:51.933176+00:00""}"
3190.600000000,REPLAN_REQUESTED,"{""message"": ""Replanning request. curr_vertex_idx: 46"", ""wall_time_utc"": ""2026-09-01T20:30:51.935153+00:00""}"
3192.600000000,LOCAL_REPLAN,"{""message"": ""Call local replanning..."", ""wall_time_utc"": ""2026-09-01T20:31:01.831659+00:00""}"
3192.600000000,REPLAN_REQUESTED,"{""message"": ""Replanning request. curr_vertex_idx: 46"", ""wall_time_utc"": ""2026-09-01T20:31:01.833901+00:00""}"
3194.600000000,LOCAL_REPLAN,"{""message"": ""Call local replanning..."", ""wall_time_utc"": ""2026-09-01T20:31:12.097803+00:00""}"
3194.600000000,REPLAN_REQUESTED,"{""message"": ""Replanning request. curr_vertex_idx: 46"", ""wall_time_utc"": ""2026-09-01T20:31:12.099784+00:00""}"
3196.800000000,LOCAL_REPLAN,"{""message"": ""Call local replanning..."", ""wall_time_utc"": ""2026-09-01T20:31:22.418747+00:00""}"
3196.800000000,REPLAN_REQUESTED,"{""message"": ""Replanning request. curr_vertex_idx: 46"", ""wall_time_utc"": ""2026-09-01T20:31:22.420947+00:00""}"
3198.700000000,LOCAL_REPLAN,"{""message"": ""Call local replanning..."", ""wall_time_utc"": ""2026-09-01T20:31:32.403510+00:00""}"
3198.800000000,REPLAN_REQUESTED,"{""message"": ""Replanning request. curr_vertex_idx: 46"", ""wall_time_utc"": ""2026-09-01T20:31:32.405671+00:00""}"
3200.600000000,LOCAL_REPLAN,"{""message"": ""Call local replanning..."", ""wall_time_utc"": ""2026-09-01T20:31:42.066908+00:00""}"
3200.600000000,REPLAN_REQUESTED,"{""message"": ""Replanning request. curr_vertex_idx: 46"", ""wall_time_utc"": ""2026-09-01T20:31:42.068708+00:00""}"
3202.600000000,LOCAL_REPLAN,"{""message"": ""Call local replanning..."", ""wall_time_utc"": ""2026-09-01T20:31:52.218148+00:00""}"
3202.600000000,REPLAN_REQUESTED,"{""message"": ""Replanning request. curr_vertex_idx: 46"", ""wall_time_utc"": ""2026-09-01T20:31:52.220372+00:00""}"
3204.600000000,LOCAL_REPLAN,"{""message"": ""Call local replanning..."", ""wall_time_utc"": ""2026-09-01T20:32:01.746500+00:00""}"
3204.600000000,REPLAN_REQUESTED,"{""message"": ""Replanning request. curr_vertex_idx: 46"", ""wall_time_utc"": ""2026-09-01T20:32:01.748236+00:00""}"
3206.600000000,LOCAL_REPLAN,"{""message"": ""Call local replanning..."", ""wall_time_utc"": ""2026-09-01T20:32:11.924648+00:00""}"
3206.600000000,REPLAN_REQUESTED,"{""message"": ""Replanning request. curr_vertex_idx: 46"", ""wall_time_utc"": ""2026-09-01T20:32:11.926627+00:00""}"
3208.600000000,LOCAL_REPLAN,"{""message"": ""Call local replanning..."", ""wall_time_utc"": ""2026-09-01T20:32:21.755490+00:00""}"
3208.600000000,REPLAN_REQUESTED,"{""message"": ""Replanning request. curr_vertex_idx: 46"", ""wall_time_utc"": ""2026-09-01T20:32:21.757772+00:00""}"
3210.600000000,LOCAL_REPLAN,"{""message"": ""Call local replanning..."", ""wall_time_utc"": ""2026-09-01T20:32:31.753131+00:00""}"
3210.600000000,REPLAN_REQUESTED,"{""message"": ""Replanning request. curr_vertex_idx: 46"", ""wall_time_utc"": ""2026-09-01T20:32:31.755029+00:00""}"
3212.600000000,LOCAL_REPLAN,"{""message"": ""Call local replanning..."", ""wall_time_utc"": ""2026-09-01T20:32:41.759085+00:00""}"
3212.600000000,REPLAN_REQUESTED,"{""message"": ""Replanning request. curr_vertex_idx: 46"", ""wall_time_utc"": ""2026-09-01T20:32:41.761016+00:00""}"
3214.600000000,LOCAL_REPLAN,"{""message"": ""Call local replanning..."", ""wall_time_utc"": ""2026-09-01T20:32:51.922281+00:00""}"
3214.600000000,REPLAN_REQUESTED,"{""message"": ""Replanning request. curr_vertex_idx: 46"", ""wall_time_utc"": ""2026-09-01T20:32:51.924654+00:00""}"
3216.600000000,LOCAL_REPLAN,"{""message"": ""Call local replanning..."", ""wall_time_utc"": ""2026-09-01T20:33:01.753847+00:00""}"
3216.600000000,REPLAN_REQUESTED,"{""message"": ""Replanning request. curr_vertex_idx: 46"", ""wall_time_utc"": ""2026-09-01T20:33:01.755656+00:00""}"
3218.600000000,LOCAL_REPLAN,"{""message"": ""Call local replanning..."", ""wall_time_utc"": ""2026-09-01T20:33:12.059446+00:00""}"
3218.600000000,REPLAN_REQUESTED,"{""message"": ""Replanning request. curr_vertex_idx: 46"", ""wall_time_utc"": ""2026-09-01T20:33:12.061321+00:00""}"
3220.600000000,LOCAL_REPLAN,"{""message"": ""Call local replanning..."", ""wall_time_utc"": ""2026-09-01T20:33:22.216097+00:00""}"
3220.600000000,REPLAN_REQUESTED,"{""message"": ""Replanning request. curr_vertex_idx: 46"", ""wall_time_utc"": ""2026-09-01T20:33:22.218159+00:00""}"
3222.400000000,LOCAL_REPLAN,"{""message"": ""Call local replanning..."", ""wall_time_utc"": ""2026-09-01T20:33:31.367472+00:00""}"
3222.400000000,REPLAN_REQUESTED,"{""message"": ""Replanning request. curr_vertex_idx: 46"", ""wall_time_utc"": ""2026-09-01T20:33:31.369511+00:00""}"
3224.800000000,LOCAL_REPLAN,"{""message"": ""Call local replanning..."", ""wall_time_utc"": ""2026-09-01T20:33:42.699639+00:00""}"
3224.800000000,REPLAN_REQUESTED,"{""message"": ""Replanning request. curr_vertex_idx: 46"", ""wall_time_utc"": ""2026-09-01T20:33:42.701491+00:00""}"
3226.600000000,LOCAL_REPLAN,"{""message"": ""Call local replanning..."", ""wall_time_utc"": ""2026-09-01T20:33:52.222250+00:00""}"
3226.600000000,REPLAN_REQUESTED,"{""message"": ""Replanning request. curr_vertex_idx: 46"", ""wall_time_utc"": ""2026-09-01T20:33:52.223996+00:00""}"
3228.600000000,LOCAL_REPLAN,"{""message"": ""Call local replanning..."", ""wall_time_utc"": ""2026-09-01T20:34:01.758081+00:00""}"
3228.600000000,REPLAN_REQUESTED,"{""message"": ""Replanning request. curr_vertex_idx: 46"", ""wall_time_utc"": ""2026-09-01T20:34:01.759975+00:00""}"
3230.400000000,LOCAL_REPLAN,"{""message"": ""Call local replanning..."", ""wall_time_utc"": ""2026-09-01T20:34:11.120115+00:00""}"
3230.400000000,REPLAN_REQUESTED,"{""message"": ""Replanning request. curr_vertex_idx: 46"", ""wall_time_utc"": ""2026-09-01T20:34:11.122234+00:00""}"
3232.600000000,LOCAL_REPLAN,"{""message"": ""Call local replanning..."", ""wall_time_utc"": ""2026-09-01T20:34:21.750793+00:00""}"
3232.600000000,REPLAN_REQUESTED,"{""message"": ""Replanning request. curr_vertex_idx: 46"", ""wall_time_utc"": ""2026-09-01T20:34:21.752817+00:00""}"
3234.600000000,LOCAL_REPLAN,"{""message"": ""Call local replanning..."", ""wall_time_utc"": ""2026-09-01T20:34:31.928414+00:00""}"
3234.600000000,REPLAN_REQUESTED,"{""message"": ""Replanning request. curr_vertex_idx: 46"", ""wall_time_utc"": ""2026-09-01T20:34:31.930135+00:00""}"
3236.600000000,LOCAL_REPLAN,"{""message"": ""Call local replanning..."", ""wall_time_utc"": ""2026-09-01T20:34:41.741281+00:00""}"
3236.600000000,REPLAN_REQUESTED,"{""message"": ""Replanning request. curr_vertex_idx: 46"", ""wall_time_utc"": ""2026-09-01T20:34:41.743294+00:00""}"
3238.600000000,LOCAL_REPLAN,"{""message"": ""Call local replanning..."", ""wall_time_utc"": ""2026-09-01T20:34:51.950169+00:00""}"
3238.600000000,REPLAN_REQUESTED,"{""message"": ""Replanning request. curr_vertex_idx: 46"", ""wall_time_utc"": ""2026-09-01T20:34:51.952512+00:00""}"
3240.800000000,LOCAL_REPLAN,"{""message"": ""Call local replanning..."", ""wall_time_utc"": ""2026-09-01T20:35:02.875929+00:00""}"
3240.800000000,REPLAN_REQUESTED,"{""message"": ""Replanning request. curr_vertex_idx: 46"", ""wall_time_utc"": ""2026-09-01T20:35:02.878401+00:00""}"
3242.600000000,LOCAL_REPLAN,"{""message"": ""Call local replanning..."", ""wall_time_utc"": ""2026-09-01T20:35:12.219962+00:00""}"
3242.600000000,REPLAN_REQUESTED,"{""message"": ""Replanning request. curr_vertex_idx: 46"", ""wall_time_utc"": ""2026-09-01T20:35:12.221753+00:00""}"
3244.600000000,LOCAL_REPLAN,"{""message"": ""Call local replanning..."", ""wall_time_utc"": ""2026-09-01T20:35:21.763093+00:00""}"
3244.600000000,REPLAN_REQUESTED,"{""message"": ""Replanning request. curr_vertex_idx: 46"", ""wall_time_utc"": ""2026-09-01T20:35:21.765127+00:00""}"
3246.800000000,LOCAL_REPLAN,"{""message"": ""Call local replanning..."", ""wall_time_utc"": ""2026-09-01T20:35:32.666870+00:00""}"
3246.800000000,REPLAN_REQUESTED,"{""message"": ""Replanning request. curr_vertex_idx: 46"", ""wall_time_utc"": ""2026-09-01T20:35:32.668855+00:00""}"
3248.600000000,LOCAL_REPLAN,"{""message"": ""Call local replanning..."", ""wall_time_utc"": ""2026-09-01T20:35:41.920268+00:00""}"
3248.600000000,REPLAN_REQUESTED,"{""message"": ""Replanning request. curr_vertex_idx: 46"", ""wall_time_utc"": ""2026-09-01T20:35:41.922254+00:00""}"
3250.400000000,LOCAL_REPLAN,"{""message"": ""Call local replanning..."", ""wall_time_utc"": ""2026-09-01T20:35:51.114554+00:00""}"
3250.400000000,REPLAN_REQUESTED,"{""message"": ""Replanning request. curr_vertex_idx: 46"", ""wall_time_utc"": ""2026-09-01T20:35:51.116665+00:00""}"
3252.600000000,LOCAL_REPLAN,"{""message"": ""Call local replanning..."", ""wall_time_utc"": ""2026-09-01T20:36:01.919851+00:00""}"
3252.600000000,REPLAN_REQUESTED,"{""message"": ""Replanning request. curr_vertex_idx: 46"", ""wall_time_utc"": ""2026-09-01T20:36:01.921850+00:00""}"
3254.600000000,LOCAL_REPLAN,"{""message"": ""Call local replanning..."", ""wall_time_utc"": ""2026-09-01T20:36:11.929235+00:00""}"
3254.600000000,REPLAN_REQUESTED,"{""message"": ""Replanning request. curr_vertex_idx: 46"", ""wall_time_utc"": ""2026-09-01T20:36:11.930868+00:00""}"
3256.600000000,LOCAL_REPLAN,"{""message"": ""Call local replanning..."", ""wall_time_utc"": ""2026-09-01T20:36:22.227263+00:00""}"
3256.600000000,REPLAN_REQUESTED,"{""message"": ""Replanning request. curr_vertex_idx: 46"", ""wall_time_utc"": ""2026-09-01T20:36:22.229182+00:00""}"
3258.600000000,LOCAL_REPLAN,"{""message"": ""Call local replanning..."", ""wall_time_utc"": ""2026-09-01T20:36:31.990172+00:00""}"
3258.600000000,REPLAN_REQUESTED,"{""message"": ""Replanning request. curr_vertex_idx: 46"", ""wall_time_utc"": ""2026-09-01T20:36:31.992385+00:00""}"
3260.800000000,LOCAL_REPLAN,"{""message"": ""Call local replanning..."", ""wall_time_utc"": ""2026-09-01T20:36:42.419198+00:00""}"
3260.800000000,REPLAN_REQUESTED,"{""message"": ""Replanning request. curr_vertex_idx: 46"", ""wall_time_utc"": ""2026-09-01T20:36:42.421467+00:00""}"
3262.600000000,LOCAL_REPLAN,"{""message"": ""Call local replanning..."", ""wall_time_utc"": ""2026-09-01T20:36:51.747857+00:00""}"
3262.600000000,REPLAN_REQUESTED,"{""message"": ""Replanning request. curr_vertex_idx: 46"", ""wall_time_utc"": ""2026-09-01T20:36:51.750175+00:00""}"
3264.600000000,LOCAL_REPLAN,"{""message"": ""Call local replanning..."", ""wall_time_utc"": ""2026-09-01T20:37:01.745049+00:00""}"
3264.600000000,REPLAN_REQUESTED,"{""message"": ""Replanning request. curr_vertex_idx: 46"", ""wall_time_utc"": ""2026-09-01T20:37:01.747160+00:00""}"
3266.600000000,LOCAL_REPLAN,"{""message"": ""Call local replanning..."", ""wall_time_utc"": ""2026-09-01T20:37:11.756008+00:00""}"
3266.600000000,REPLAN_REQUESTED,"{""message"": ""Replanning request. curr_vertex_idx: 46"", ""wall_time_utc"": ""2026-09-01T20:37:11.757684+00:00""}"
3268.400000000,LOCAL_REPLAN,"{""message"": ""Call local replanning..."", ""wall_time_utc"": ""2026-09-01T20:37:21.256402+00:00""}"
3268.400000000,REPLAN_REQUESTED,"{""message"": ""Replanning request. curr_vertex_idx: 46"", ""wall_time_utc"": ""2026-09-01T20:37:21.258875+00:00""}"
3270.600000000,LOCAL_REPLAN,"{""message"": ""Call local replanning..."", ""wall_time_utc"": ""2026-09-01T20:37:31.838869+00:00""}"
3270.600000000,REPLAN_REQUESTED,"{""message"": ""Replanning request. curr_vertex_idx: 46"", ""wall_time_utc"": ""2026-09-01T20:37:31.840938+00:00""}"
3270.600000000,GOAL_FAILED,"{""message"": ""No way between robot and goal!"", ""wall_time_utc"": ""2026-09-01T20:37:31.891715+00:00""}"
3270.600000000,GOAL_FAILED,"{""message"": ""Exploration has failed!"", ""wall_time_utc"": ""2026-09-01T20:37:31.891786+00:00""}"
3270.600000000,EXPLORATION_RESULT,"{""status"": 4, ""text"": """", ""wall_time_utc"": ""2026-09-01T20:37:31.891868+00:00""}"
