[WARN] [1787633385.086780039]: The root link base_link has an inertia specified in the URDF, but KDL does not support a root link with an inertia.  As a workaround, you can add an extra dummy link to your URDF.
0x5586501e59a0
[INFO] [1787633385.132802467]: Inititialized robot 1, starting to map now.
Create multimapper!!
concorde -s 21001 /tmp/tmpngb5znd7/problem.tsp
Host: msxg  Current process id: 65240
Using random seed 21001
Number of Nodes: 72
Explicit Lengths (CC_MATRIXNORM)
Set initial upperbound to 8137 (from tour)
ERROR: No dual change in basis finding code
Did not find a basic optimal solution
Fractional matching routine failed
Warning: restarting running timer Miscellaneous
No warmstart, stumbling on anyway
Basic dual change required, but no candidate edges
  LP Value  1: 8125.000000  (0.00 seconds)
  LP Value  2: 8137.000000  (0.01 seconds)
New lower bound: 8137.000000
Final lower bound 8137.000000, upper bound 8137.000000
Exact lower bound: 8137.000000
DIFF: 0.000000
Final LP has 94 rows, 199 columns, 1183 nonzeros
Optimal Solution: 8137.00
Number of bbnodes: 1
Total Running Time: 0.03 (seconds)
[WARN] [1787633386.335870308, 0.400000000]: local_map: Parameter "plugins" not provided, loading pre-Hydro parameters
Warning: [WARN] [1787633386.424034700, 0.400000000]: TF_REPEATED_DATA ignoring data with redundant timestamp for frame odom (parent offset) at time 0.400000 according to authority unknown_publisher
TF_REPEATED_DATA ignoring data with redundant timestamp for frame odom (parent offset) at time 0.400000 according to authority unknown_publisher
         at line 277 in /tmp/binarydeb/ros-noetic-tf2-0.7.10/src/buffer_core.cpp
Warning: TF_REPEATED_DATA ignoring data with redundant timestamp for frame offset (parent map) at time 0.400000 according to authority unknown_publisher
         at line 277 in /tmp/binarydeb/ros-noetic-tf2-0.7.10/src/buffer_core.cpp
Warning: TF_REPEATED_DATA ignoring data with redundant timestamp for frame odom (parent offset) at time 0.400000 according to authority unknown_publisher
         at line 277 in /tmp/binarydeb/ros-noetic-tf2-0.7.10/src/buffer_core.cpp
Warning: TF_REPEATED_DATA ignoring data with redundant timestamp for frame offset (parent map) at time 0.400000 according to authority unknown_publisher
         at line 277 in /tmp/binarydeb/ros-noetic-tf2-0.7.10/src/buffer_core.cpp
[WARN] [1787633386.424165779, 0.400000000]: TF_REPEATED_DATA ignoring data with redundant timestamp for frame offset (parent map) at time 0.400000 according to authority unknown_publisher
[INFO] [1787633385.133095369]: Waiting for prior_graph_service ...
[INFO] [1787633385.134097123]: waitForService: Service [/prior_graph_service] has not been advertised, waiting...
[INFO] [1787633385.811186359]: waitForService: Service [/prior_graph_service] is now available.
[INFO] [1787633385.812850454]: Receive response of service prior_graph_service.
[INFO] [1787633385.813648039]: Load prior_map.
[INFO] [1787633385.813681676]: Publishing prior graph......
[INFO] [1787633385.814064042]: Draw prior_map in RVIZ.
[INFO] [1787633385.814072947]: Waiting for path_plan_service ...
[INFO] [1787633385.825780241]: Receive tsp path: 8 7 6 5 4 3 9 15 16 10 11 35 37 20 19 15 19 23 29 30 24 25 31 32 26 38 36 12 11 12 13 14 8 14 18 17 21 22 28 34 33 27 26
[INFO] [1787633385.825815479]: Receive loop index: 0 0 0 0 0 0 0 0 0 0 0 0 0 0 0 1 0 0 0 0 0 0 0 0 0 0 0 0 1 0 0 0 1 0 0 0 0 0 0 0 0 0 1
[INFO] [1787633385.825824548]: Waiting for reliable_loop_service ...
[INFO] [1787633385.826149418]: reliable_loop_service is available.
[INFO] [1787633385.826393840]: MyPlanner is initialized and running!!
[INFO] [1787633385.826416624]: Successfully loaded exploration strategy [MyPlanner].
Warning: TF_REPEATED_DATA ignoring data with redundant timestamp for frame odom (parent offset) at time 0.400000 according to authority unknown_publisher
         at line [INFO] [1787633386.422400460, 0.400000000]: PHASE2C_KEYSCAN_ACCEPTED unique_id=0 state_id=0 sim_time=0.300000
277Warning:  in /tmp/binarydeb/ros-noetic-tf2-0.7.10/src/buffer_core.cpp
TF_REPEATED_DATA ignoring data with redundant timestamp for frame odom (parent offset) at time 0.400000 according to authority unknown_publisherWarning: 
TF_REPEATED_DATA ignoring data with redundant timestamp for frame offset (parent map) at time 0.400000 according to authority unknown_publisher         at line 
277         at line  in 277/tmp/binarydeb/ros-noetic-tf2-0.7.10/src/buffer_core.cpp in 
/tmp/binarydeb/ros-noetic-tf2-0.7.10/src/buffer_core.cpp
Warning: TF_REPEATED_DATA ignoring data with redundant timestamp for frame offset (parent map) at time 0.400000 according to authority unknown_publisher
         at line 277 in /tmp/binarydeb/ros-noetic-tf2-0.7.10/src/buffer_core.cpp
[WARN] [1787633403.699438497, 17.700000000]: No frontier at vertex 8. #Frontier: 0
[WARN] [1787633426.716191101, 40.700000000]: No frontier at vertex 7. #Frontier: 0
[INFO] [1787633395.249472135, 9.300000000]: PHASE2C_KEYSCAN_ACCEPTED unique_id=1 state_id=1 sim_time=9.300000
[INFO] [1787633395.846656544, 9.900000000]: PHASE2C_KEYSCAN_ACCEPTED unique_id=2 state_id=2 sim_time=9.900000
[INFO] [1787633396.449728923, 10.500000000]: PHASE2C_KEYSCAN_ACCEPTED unique_id=3 state_id=3 sim_time=10.500000
[INFO] [1787633397.047672835, 11.100000000]: PHASE2C_KEYSCAN_ACCEPTED unique_id=4 state_id=4 sim_time=11.100000
[INFO] [1787633397.642408642, 11.700000000]: PHASE2C_KEYSCAN_ACCEPTED unique_id=5 state_id=5 sim_time=11.700000
[INFO] [1787633398.344891803, 12.400000000]: PHASE2C_KEYSCAN_ACCEPTED unique_id=6 state_id=6 sim_time=12.400000
[INFO] [1787633398.943219418, 13.000000000]: PHASE2C_KEYSCAN_ACCEPTED unique_id=7 state_id=7 sim_time=13.000000
[INFO] [1787633399.547076799, 13.600000000]: PHASE2C_KEYSCAN_ACCEPTED unique_id=8 state_id=8 sim_time=13.600000
[INFO] [1787633400.254144978, 14.300000000]: PHASE2C_KEYSCAN_ACCEPTED unique_id=9 state_id=9 sim_time=14.300000
[INFO] [1787633400.850955119, 14.900000000]: PHASE2C_KEYSCAN_ACCEPTED unique_id=10 state_id=10 sim_time=14.900000
[INFO] [1787633401.347130004, 15.400000000]: PHASE2C_KEYSCAN_ACCEPTED unique_id=11 state_id=11 sim_time=15.400000
[INFO] [1787633404.740157105, 18.800000000]: PHASE2C_KEYSCAN_ACCEPTED unique_id=12 state_id=12 sim_time=18.800000
[INFO] [1787633405.342973769, 19.400000000]: PHASE2C_KEYSCAN_ACCEPTED unique_id=13 state_id=13 sim_time=19.400000
[INFO] [1787633405.861224886, 19.900000000]: PHASE2C_KEYSCAN_ACCEPTED unique_id=14 state_id=14 sim_time=19.900000
[INFO] [1787633406.553790904, 20.600000000]: PHASE2C_KEYSCAN_ACCEPTED unique_id=15 state_id=15 sim_time=20.600000
[INFO] [1787633407.650043579, 21.700000000]: PHASE2C_KEYSCAN_ACCEPTED unique_id=16 state_id=16 sim_time=21.700000
[INFO] [1787633408.953962568, 23.000000000]: PHASE2C_KEYSCAN_ACCEPTED unique_id=17 state_id=17 sim_time=23.000000
[INFO] [1787633410.363235788, 24.400000000]: PHASE2C_KEYSCAN_ACCEPTED unique_id=18 state_id=18 sim_time=24.400000
[INFO] [1787633411.656934799, 25.700000000]: PHASE2C_KEYSCAN_ACCEPTED unique_id=19 state_id=19 sim_time=25.700000
[INFO] [1787633412.956627569, 27.000000000]: PHASE2C_KEYSCAN_ACCEPTED unique_id=20 state_id=20 sim_time=27.000000
[INFO] [1787633414.257420152, 28.300000000]: PHASE2C_KEYSCAN_ACCEPTED unique_id=21 state_id=21 sim_time=28.300000
[INFO] [1787633415.656304513, 29.700000000]: PHASE2C_KEYSCAN_ACCEPTED unique_id=22 state_id=22 sim_time=29.700000
[INFO] [1787633416.957714176, 31.000000000]: PHASE2C_KEYSCAN_ACCEPTED unique_id=23 state_id=23 sim_time=31.000000
[INFO] [1787633417.654783441, 31.700000000]: PHASE2C_KEYSCAN_ACCEPTED unique_id=24 state_id=24 sim_time=31.700000
[INFO] [1787633418.247879470, 32.300000000]: PHASE2C_KEYSCAN_ACCEPTED unique_id=25 state_id=25 sim_time=32.300000
[INFO] [1787633418.867776061, 32.900000000]: PHASE2C_KEYSCAN_ACCEPTED unique_id=26 state_id=26 sim_time=32.900000
[INFO] [1787633419.357752123, 33.400000000]: PHASE2C_KEYSCAN_ACCEPTED unique_id=27 state_id=27 sim_time=33.400000
[INFO] [1787633420.057291823, 34.100000000]: PHASE2C_KEYSCAN_ACCEPTED unique_id=28 state_id=28 sim_time=34.100000
[INFO] [1787633420.665390971, 34.700000000]: PHASE2C_KEYSCAN_ACCEPTED unique_id=29 state_id=29 sim_time=34.700000
[INFO] [1787633421.357696124, 35.400000000]: PHASE2C_KEYSCAN_ACCEPTED unique_id=30 state_id=30 sim_time=35.400000
[INFO] [1787633421.955232640, 36.000000000]: PHASE2C_KEYSCAN_ACCEPTED unique_id=31 state_id=31 sim_time=36.000000
[INFO] [1787633422.564260151, 36.600000000]: PHASE2C_KEYSCAN_ACCEPTED unique_id=32 state_id=32 sim_time=36.600000
[INFO] [1787633423.267412379, 37.300000000]: PHASE2C_KEYSCAN_ACCEPTED unique_id=33 state_id=33 sim_time=37.300000
[INFO] [1787633423.859546424, 37.900000000]: PHASE2C_KEYSCAN_ACCEPTED unique_id=34 state_id=34 sim_time=37.900000
[INFO] [1787633424.766371823, 38.800000000]: PHASE2C_KEYSCAN_ACCEPTED unique_id=35 state_id=35 sim_time=38.800000
[INFO] [1787633426.163723449, 40.200000000]: PHASE2C_KEYSCAN_ACCEPTED unique_id=36 state_id=36 sim_time=40.200000
[INFO] [178763[INFO] [1787633385.627715, 0.000000]: PHASE3A_ORACLE_ENABLED mode=1 before=8 after=8 densify_m=0.500
/home/wcqw/ac-slam/catkin_ws/src/cpp_solver/world/map3/map3.xml
74.0
True
Drawio scale: 0.10277777777777777
[INFO] [1787633385.629181, 0.000000]: Build prior map with 36 vertices.
[INFO] [1787633385.629909, 0.000000]: Build prior map.
[INFO] [1787633385.634136, 0.000000]: prior_map_save_path: /home/wcqw/ac-slam/catkin_ws/src/cpp_solver/results/prior_map_Phase4B_seed21001_B.pickle
Robot position: (-28.0, -28.0)
10: 2225.556520061729,(x, y) = (10.527777777777779, 45.986111111111114)
11: 1243.3435570987656,(x, y) = (10.527777777777779, 33.65277777777778)
Original tsp path is better!
tsp_path VS full_tsp_path:
[8, 7, 6, 5, 4, 3, 9, 15, 16, 10, 11, 35, 37, 20, 19, 23, 29, 30, 24, 25, 31, 32, 26, 38, 36, 12, 13, 14, 18, 17, 21, 22, 28, 34, 33, 27]
[8, 7, 6, 5, 4, 3, 9, 15, 16, 10, 11, 35, 37, 20, 19, 23, 29, 30, 24, 25, 31, 32, 26, 38, 36, 12, 13, 14, 18, 17, 21, 22, 28, 34, 33, 27]
[INFO] [1787633385.686320, 0.000000]: TSP_RECORD {"full_tsp_path": [8, 7, 6, 5, 4, 3, 9, 15, 16, 10, 11, 35, 37, 20, 19, 23, 29, 30, 24, 25, 31, 32, 26, 38, 36, 12, 13, 14, 18, 17, 21, 22, 28, 34, 33, 27], "initial_tsp_path": [8, 7, 6, 5, 4, 3, 9, 15, 16, 10, 11, 35, 37, 20, 19, 23, 29, 30, 24, 25, 31, 32, 26, 38, 36, 12, 13, 14, 18, 17, 21, 22, 28, 34, 33, 27], "predicted_full_tsp_length": 415.222222222222, "predicted_tsp_length": 415.222222222222, "seed": 21001, "solver": "concorde"}
[INFO] [1787633385.687188, 0.000000]: tsp_record_path: /home/wcqw/ac-slam/catkin_ws/src/cpp_solver/results/tsp_record_Phase4B_seed21001_B.json
[INFO] [1787633385.687985, 0.000000]: Find initial tsp path.
tsp_d_opt: 46.41588833612774, tsp_dist: 415.222222222222
current idx: 0 / 35
max_candidate_dist: 44.76564224112665
Iter <built-in function iter>: 0 / 36
Iter <built-in function iter>: 20 / 36
#candidates: 77
current obj: 0.11551712194359894, resistance: 1.0998852356650595, dis_incre: 1.0643564356435644 tsp_obj: 0.11178565561283113
Optimization ratio: 1.0
No candidate is better than current_d_opt. Iteration stops.
#Add edges: 4, [(8, 14), (26, 27), (11, 12), (15, 19)]
Time cost: 0.03s for best one; 0.08s for all.
  
optimized tsp path: [8, 7, 6, 5, 4, 3, 9, 15, 16, 10, 11, 35, 37, 20, 19, 15, 19, 23, 29, 30, 24, 25, 31, 32, 26, 38, 36, 12, 11, 12, 13, 14, 8, 14, 18, 17, 21, 22, 28, 34, 33, 27, 26]
non-optimized tsp path: [8, 7, 6, 5, 4, 3, 9, 15, 16, 10, 11, 35, 37, 20, 19, 23, 29, 30, 24, 25, 31, 32, 26, 38, 36, 12, 13, 14, 18, 17, 21, 22, 28, 34, 33, 27]
[INFO] [1787633385.805625, 0.000000]: Find modified curr_path and loop index
[INFO] [1787633385.810660, 0.000000]: g2o_save_path: /home/wcqw/ac-slam/catkin_ws/src/cpp_solver/results/graph_Phase4B_seed21001_B.g2o
[INFO] [1787633385.821153, 0.000000]: Replanning request. curr_vertex_idx: 0
[INFO] [1787633385.822320, 0.000000]:                     covered_vertices: ()
[INFO] [1787633385.823079, 0.000000]: Handle local replanning...
[INFO] [1787633385.823888, 0.000000]: curr path length: 43, is_loop length: 43
[INFO] [1787633385.824769, 0.000000]: Send new plan: 8  ---> 7 6 5 4 3 9 15 16 10 11 35 37 20 19 15(L) 19 23 29 30 24 25 31 32 26 38 36 12 11(L) 12 13 14 8(L) 14 18 17 21 22 28 34 33 27 26(L) 
[INFO] [1787633386.424170, 0.400000]: Really visited vertices: 
[INFO] [1787633399.552397, 13.600000]: Really visited vertices: 8 
[INFO] [1787633403.695452, 17.700000]: Replanning request. curr_vertex_idx: 0
[INFO] [1787633403.696518, 17.700000]:                     covered_vertices: ()
[INFO] [1787633403.697277, 17.700000]: Handle local replanning...
[INFO] [1787633403.697951, 17.700000]: curr path length: 43, is_loop length: 43
[INFO] [1787633403.698533, 17.700000]: Send new plan: 8  ---> 7 6 5 4 3 9 15 16 10 11 35 37 20 19 15(L) 19 23 29 30 24 25 31 32 26 38 36 12 11(L) 12 13 14 8(L) 14 18 17 21 22 28 34 33 27 26(L) 
[INFO] [1787633404.675704, 18.700000]: Replanning request. curr_vertex_idx: 1
[INFO] [1787633404.676578, 18.700000]:                     covered_vertices: ()
[INFO] [1787633404.677292, 18.700000]: Handle local replanning...
[INFO] [1787633404.678037, 18.700000]: curr path length: 43, is_loop length: 43
[INFO] [1787633404.678730, 18.700000]: Send new plan: 8 7  ---> 6 5 4 3 9 15 16 10 11 35 37 20 19 15(L) 19 23 29 30 24 25 31 32 26 38 36 12 11(L) 12 13 14 8(L) 14 18 17 21 22 28 34 33 27 26(L) 
[INFO] [1787633410.368589, 24.400000]: Really visited vertices: 8 
[INFO] [1787633410.691945, 24.700000]: Replanning request. curr_vertex_idx: 1
[INFO] [1787633410.692942, 24.700000]:                     covered_vertices: ()
[INFO] [1787633410.693643, 24.700000]: Handle local replanning...
[INFO] [1787633410.694191, 24.700000]: curr path length: 43, is_loop length: 43
[INFO] [1787633410.695040, 24.700000]: Send new plan: 8 7  ---> 6 5 4 3 9 15 16 10 11 35 37 20 19 15(L) 19 23 29 30 24 25 31 32 26 38 36 12 11(L) 12 13 14 8(L) 14 18 17 21 22 28 34 33 27 26(L) 
[INFO] [1787633415.663045, 29.700000]: Really visited vertices: 8 7 
[INFO] [1787633416.739459, 30.800000]: Replanning request. curr_vertex_idx: 1
[INFO] [1787633416.740395, 30.800000]:                     covered_vertices: ()
[INFO] [1787633416.741070, 30.800000]: Handle local replanning...
[INFO] [1787633416.741651, 30.800000]: curr path length: 43, is_loop length: 43
[INFO] [1787633416.742268, 30.800000]: Send new plan: 8 7  ---> 6 5 4 3 9 15 16 10 11 35 37 20 19 15(L) 19 23 29 30 24 25 31 32 26 38 36 12 11(L) 12 13 14 8(L) 14 18 17 21 22 28 34 33 27 26(L) 
[INFO] [1787633418.719235, 32.700000]: Replanning request. curr_vertex_idx: 1
[INFO] [1787633418.720174, 32.700000]:                     covered_vertices: ()
[INFO] [1787633418.720772, 32.700000]: Handle local replanning...
[INFO] [1787633418.721406, 32.700000]: curr path length: 43, is_loop length: 43
[INFO] [1787633418.721886, 32.700000]: Send new plan: 8 7  ---> 6 5 4 3 9 15 16 10 11 35 37 20 19 15(L) 19 23 29 30 24 25 31 32 26 38 36 12 11(L) 12 13 14 8(L) 14 18 17 21 22 28 34 33 27 26(L) 
[INFO] [1787633420.718258, 34.700000]: Replanning request. curr_vertex_idx: 1
[INFO] [1787633420.719112, 34.700000]:                     covered_vertices: ()
[INFO] [1787633420.719854, 34.700000]: Handle local replanning...
[INFO] [1787633420.720586, 34.700000]: curr path length: 43, is_loop length: 43
[INFO] [1787633420.721554, 34.700000]: Send new plan: 8 7  ---> 6 5 4 3 9 15 16 10 11 35 37 20 19 15(L) 19 23 29 30 24 25 31 32 26 38 36 12 11(L) 12 13 14 8(L) 14 18 17 21 22 28 34 33 27 26(L) 
[INFO] [1787633426.180701, 40.200000]: Really visited vertices: 8 7 
[INFO] [1787633426.712195, 40.700000]: Replanning request. curr_vertex_idx: 1
[INFO] [1787633426.713450, 40.700000]:                     covered_vertices: ()
[INFO] [1787633426.714278, 40.700000]: Handle local replanning...
[INFO] [1787633426.714971, 40.700000]: curr path length: 43, is_loop length: 43
[INFO] [1787633426.715532, 40.700000]: Send new plan: 8 7  ---> 6 5 4 3 9 15 16 10 11 35 37 20 19 15(L) 19 23 29 30 24 25 31 32 26 38 36 12 11(L) 12 13 14 8(L) 14 18 17 21 22 28 34 33 27 26(L) 
[INFO] [1787633432.735005, 46.800000]: Replanning request. curr_vertex_idx: 2
[INFO] [1787633432.735799, 46.800000]:                     covered_vertices: ()
[INFO] [1787633432.736311, 46.800000]: Handle local replanning...
[INFO] [1787633432.737005, 46.800000]: curr path length: 43, is_loop length: 43
[INFO] [1787633432.737453, 46.800000]: Send new plan: 8 7 6  ---> 5 4 3 9 15 16 10 11 35 37 20 19 15(L) 19 23 29 30 24 25 31 32 26 38 36 12 11(L) 12 13 14 8(L) 14 18 17 21 22 28 34 33 27 26(L) 
[INFO] [1787633438.783457, 52.800000]: Replanning request. curr_vertex_idx: 2
[INFO] [1787633438.784346, 52.800000]:                     covered_vertices: ()
[INFO] [1787633438.784973, 52.800000]: Handle local replanning...
[INFO] [1787633438.785717, 52.800000]: curr path length: 43, is_loop length: 43
[INFO] [1787633438.786431, 52.800000]: Send new plan: 8 7 6  ---> 5 4 3 9 15 16 10 11 35 37 20 19 15(L) 19 23 29 30 24 25 31 32 26 38 36 12 11(L) 12 13 14 8(L) 14 18 17 21 22 28 34 33 27 26(L) 
[INFO] [1787633444.784417, 58.800000]: Replanning request. curr_vertex_idx: 2
[WARN] [1787633454.789676168, 68.800000000]: No frontier at vertex 6. #Frontier: 0
[WARN] [1787633484.840497918, 98.900000000]: No frontier at vertex 5. #Frontier: 0
3427.767273703, 41.800000000]: PHASE2C_KEYSCAN_ACCEPTED unique_id=37 state_id=37 sim_time=41.800000
[INFO] [1787633428.661056317, 42.700000000]: PHASE2C_KEYSCAN_ACCEPTED unique_id=38 state_id=38 sim_time=42.700000
[INFO] [1787633429.962995697, 44.000000000]: PHASE2C_KEYSCAN_ACCEPTED unique_id=39 state_id=39 sim_time=44.000000
[INFO] [1787633431.267722760, 45.300000000]: PHASE2C_KEYSCAN_ACCEPTED unique_id=40 state_id=40 sim_time=45.300000
[INFO] [1787633433.066981182, 47.100000000]: PHASE2C_KEYSCAN_ACCEPTED unique_id=41 state_id=41 sim_time=47.100000
[INFO] [1787633436.163398048, 50.200000000]: PHASE2C_KEYSCAN_ACCEPTED unique_id=42 state_id=42 sim_time=50.200000
[INFO] [1787633440.761029868, 54.800000000]: PHASE2C_KEYSCAN_ACCEPTED unique_id=43 state_id=43 sim_time=54.800000
[INFO] [1787633445.260783464, 59.300000000]: PHASE2C_KEYSCAN_ACCEPTED unique_id=44 state_id=44 sim_time=59.300000
[INFO] [1787633448.662209721, 62.700000000]: PHASE2C_KEYSCAN_ACCEPTED unique_id=45 state_id=45 sim_time=62.700000
[INFO] [1787633450.061449604, 64.100000000]: PHASE2C_KEYSCAN_ACCEPTED unique_id=46 state_id=46 sim_time=64.100000
[INFO] [1787633451.563106453, 65.600000000]: PHASE2C_KEYSCAN_ACCEPTED unique_id=47 state_id=47 sim_time=65.600000
[INFO] [1787633452.355602655, 66.400000000]: PHASE2C_KEYSCAN_ACCEPTED unique_id=48 state_id=48 sim_time=66.400000
[INFO] [1787633453.063592847, 67.100000000]: PHASE2C_KEYSCAN_ACCEPTED unique_id=49 state_id=49 sim_time=67.100000
[INFO] [1787633454.562217732, 68.600000000]: PHASE2C_KEYSCAN_ACCEPTED unique_id=50 state_id=50 sim_time=68.600000
[INFO] [1787633455.647703995, 69.700000000]: PHASE2C_KEYSCAN_ACCEPTED unique_id=51 state_id=51 sim_time=69.700000
[INFO] [1787633456.261176248, 70.300000000]: PHASE2C_KEYSCAN_ACCEPTED unique_id=52 state_id=52 sim_time=70.300000
[INFO] [1787633456.766804265, 70.800000000]: PHASE2C_KEYSCAN_ACCEPTED unique_id=53 state_id=53 sim_time=70.800000
[INFO] [1787633457.653892589, 71.700000000]: PHASE2C_KEYSCAN_ACCEPTED unique_id=54 state_id=54 sim_time=71.700000
[INFO] [1787633459.181977358, 73.200000000]: PHASE2C_KEYSCAN_ACCEPTED unique_id=55 state_id=55 sim_time=73.200000
[INFO] [1787633460.369310082, 74.400000000]: PHASE2C_KEYSCAN_ACCEPTED unique_id=56 state_id=56 sim_time=74.400000
[INFO] [1787633461.766278088, 75.800000000]: PHASE2C_KEYSCAN_ACCEPTED unique_id=57 state_id=57 sim_time=75.800000
[INFO] [1787633463.164965205, 77.200000000]: PHASE2C_KEYSCAN_ACCEPTED unique_id=58 state_id=58 sim_time=77.200000
[INFO] [1787633464.554048442, 78.600000000]: PHASE2C_KEYSCAN_ACCEPTED unique_id=59 state_id=59 sim_time=78.600000
[INFO] [1787633465.959480609, 80.000000000]: PHASE2C_KEYSCAN_ACCEPTED unique_id=60 state_id=60 sim_time=80.000000
[INFO] [1787633468.257231824, 82.300000000]: PHASE2C_KEYSCAN_ACCEPTED unique_id=61 state_id=61 sim_time=82.300000
[INFO] [1787633471.962352227, 86.000000000]: PHASE2C_KEYSCAN_ACCEPTED unique_id=62 state_id=62 sim_time=86.000000
[INFO] [1787633476.450957762, 90.500000000]: PHASE2C_KEYSCAN_ACCEPTED unique_id=63 state_id=63 sim_time=90.500000
[INFO] [1787633480.756660339, 94.800000000]: PHASE2C_KEYSCAN_ACCEPTED unique_id=64 state_id=64 sim_time=94.800000
[INFO] [1787633482.145602066, 96.200000000]: PHASE2C_KEYSCAN_ACCEPTED unique_id=65 state_id=65 sim_time=96.200000
[INFO] [1787633483.453531365, 97.500000000]: PHASE2C_KEYSCAN_ACCEPTED unique_id=66 state_id=66 sim_time=97.500000
[INFO] [1787633484.664037595, 98.700000000]: PHASE2C_KEYSCAN_ACCEPTED unique_id=67 state_id=67 sim_time=98.700000
[INFO] [1787633486.354246572, 100.400000000]: PHASE2C_KEYSCAN_ACCEPTED unique_id=68 state_id=68 sim_time=100.400000
[INFO] [1787633487.748085003, 101.800000000]: PHASE2C_KEYSCAN_ACCEPTED unique_id=69 state_id=69 sim_time=101.800000
[INFO] [1787633489.346783190, 103.400000000]: PHASE2C_KEYSCAN_ACCEPTED unique_id=70 state_id=70 sim_time=103.400000
[INFO] [1787633490.671300084, 104.700000000]: PHASE2C_KEYSCAN_ACCEPTED unique_id=71 state_id=71 sim_time=104.700000
[INFO] [1787633492.149650771, 106.200000000]: PHASE2C_KEYSCAN_ACCEPTED unique_id=72 state_id=72 sim_time=106.200[WARN] [1787633510.819623022, 124.800000000]: No frontier at vertex 4. #Frontier: 0
[INFO] [1787633444.785472, 58.800000]:                     covered_vertices: ()
[INFO] [1787633444.786329, 58.800000]: Handle local replanning...
[INFO] [1787633444.786990, 58.800000]: curr path length: 43, is_loop length: 43
[INFO] [1787633444.787839, 58.800000]: Send new plan: 8 7 6  ---> 5 4 3 9 15 16 10 11 35 37 20 19 15(L) 19 23 29 30 24 25 31 32 26 38 36 12 11(L) 12 13 14 8(L) 14 18 17 21 22 28 34 33 27 26(L) 
[INFO] [1787633450.082181, 64.100000]: Really visited vertices: 8 7 
[INFO] [1787633450.739428, 64.800000]: Replanning request. curr_vertex_idx: 2
[INFO] [1787633450.740606, 64.800000]:                     covered_vertices: ()
[INFO] [1787633450.741485, 64.800000]: Handle local replanning...
[INFO] [1787633450.742331, 64.800000]: curr path length: 43, is_loop length: 43
[INFO] [1787633450.743138, 64.800000]: Send new plan: 8 7 6  ---> 5 4 3 9 15 16 10 11 35 37 20 19 15(L) 19 23 29 30 24 25 31 32 26 38 36 12 11(L) 12 13 14 8(L) 14 18 17 21 22 28 34 33 27 26(L) 
[INFO] [1787633452.746879, 66.800000]: Replanning request. curr_vertex_idx: 2
[INFO] [1787633452.747918, 66.800000]:                     covered_vertices: ()
[INFO] [1787633452.748665, 66.800000]: Handle local replanning...
[INFO] [1787633452.749356, 66.800000]: curr path length: 43, is_loop length: 43
[INFO] [1787633452.749952, 66.800000]: Send new plan: 8 7 6  ---> 5 4 3 9 15 16 10 11 35 37 20 19 15(L) 19 23 29 30 24 25 31 32 26 38 36 12 11(L) 12 13 14 8(L) 14 18 17 21 22 28 34 33 27 26(L) 
[INFO] [1787633454.785133, 68.800000]: Replanning request. curr_vertex_idx: 2
[INFO] [1787633454.786217, 68.800000]:                     covered_vertices: ()
[INFO] [1787633454.787051, 68.800000]: Handle local replanning...
[INFO] [1787633454.787793, 68.800000]: curr path length: 43, is_loop length: 43
[INFO] [1787633454.788547, 68.800000]: Send new plan: 8 7 6  ---> 5 4 3 9 15 16 10 11 35 37 20 19 15(L) 19 23 29 30 24 25 31 32 26 38 36 12 11(L) 12 13 14 8(L) 14 18 17 21 22 28 34 33 27 26(L) 
[INFO] [1787633460.393807, 74.400000]: Really visited vertices: 8 7 6 
[INFO] [1787633460.749153, 74.800000]: Replanning request. curr_vertex_idx: 3
[INFO] [1787633460.750184, 74.800000]:                     covered_vertices: ()
[INFO] [1787633460.751069, 74.800000]: Handle local replanning...
[INFO] [1787633460.751922, 74.800000]: curr path length: 43, is_loop length: 43
[INFO] [1787633460.752813, 74.800000]: Send new plan: 8 7 6 5  ---> 4 3 9 15 16 10 11 35 37 20 19 15(L) 19 23 29 30 24 25 31 32 26 38 36 12 11(L) 12 13 14 8(L) 14 18 17 21 22 28 34 33 27 26(L) 
[INFO] [1787633465.973924, 80.000000]: Really visited vertices: 8 7 6 
[INFO] [1787633466.800034, 80.800000]: Replanning request. curr_vertex_idx: 3
[INFO] [1787633466.801050, 80.800000]:                     covered_vertices: ()
[INFO] [1787633466.801733, 80.800000]: Handle local replanning...
[INFO] [1787633466.802414, 80.800000]: curr path length: 43, is_loop length: 43
[INFO] [1787633466.803212, 80.800000]: Send new plan: 8 7 6 5  ---> 4 3 9 15 16 10 11 35 37 20 19 15(L) 19 23 29 30 24 25 31 32 26 38 36 12 11(L) 12 13 14 8(L) 14 18 17 21 22 28 34 33 27 26(L) 
[INFO] [1787633471.976833, 86.000000]: Really visited vertices: 8 7 6 
[INFO] [1787633472.761815, 86.800000]: Replanning request. curr_vertex_idx: 3
[INFO] [1787633472.762732, 86.800000]:                     covered_vertices: ()
[INFO] [1787633472.763394, 86.800000]: Handle local replanning...
[INFO] [1787633472.764007, 86.800000]: curr path length: 43, is_loop length: 43
[INFO] [1787633472.764726, 86.800000]: Send new plan: 8 7 6 5  ---> 4 3 9 15 16 10 11 35 37 20 19 15(L) 19 23 29 30 24 25 31 32 26 38 36 12 11(L) 12 13 14 8(L) 14 18 17 21 22 28 34 33 27 26(L) 
[INFO] [1787633478.836792, 92.900000]: Replanning request. curr_vertex_idx: 3
[INFO] [1787633478.838147, 92.900000]:                     covered_vertices: ()
[INFO] [1787633478.839069, 92.900000]: Handle local replanning...
[INFO] [1787633478.839824, 92.900000]: curr path length: 43, is_loop length: 43
[INFO] [1787633478.840509, 92.900000]: Send new plan: 8 7 6 5  ---> 4 3 9 15 16 10 11 35 37 20 19 15(L) 19 23 29 30 24 25 31 32 26 38 36 12 11(L) 12 13 14 8(L) 14 18 17 21 22 28 34 33 27 26(L) 
[INFO] [1787633484.836516, 98.900000]: Replanning request. curr_vertex_idx: 3
[INFO] [1787633484.837360, 98.900000]:                     covered_vertices: ()
[INFO] [1787633484.838065, 98.900000]: Handle local replanning...
[INFO] [1787633484.838777, 98.900000]: curr path length: 43, is_loop length: 43
[INFO] [1787633484.839410, 98.900000]: Send new plan: 8 7 6 5  ---> 4 3 9 15 16 10 11 35 37 20 19 15(L) 19 23 29 30 24 25 31 32 26 38 36 12 11(L) 12 13 14 8(L) 14 18 17 21 22 28 34 33 27 26(L) 
[INFO] [1787633490.853645, 104.900000]: Replanning request. curr_vertex_idx: 4
[INFO] [1787633490.854744, 104.900000]:                     covered_vertices: ()
[INFO] [1787633490.855660, 104.900000]: Handle local replanning...
[INFO] [1787633490.856524, 104.900000]: curr path length: 43, is_loop length: 43
[INFO] [1787633490.857274, 104.900000]: Send new plan: 8 7 6 5 4  ---> 3 9 15 16 10 11 35 37 20 19 15(L) 19 23 29 30 24 25 31 32 26 38 36 12 11(L) 12 13 14 8(L) 14 18 17 21 22 28 34 33 27 26(L) 
[INFO] [1787633496.808449, 110.800000]: Replanning request. curr_vertex_idx: 4
[INFO] [1787633496.809537, 110.800000]:                     covered_vertices: ()
[INFO] [1787633496.810402, 110.800000]: Handle local replanning...
[INFO] [1787633496.811015, 110.800000]: curr path length: 43, is_loop length: 43
[INFO] [1787633496.811561, 110.800000]: Send new plan: 8 7 6 5 4  ---> 3 9 15 16 10 11 35 37 20 19 15(L) 19 23 29 30 24 25 31 32 26 38 36 12 11(L) 12 13 14 8(L) 14 18 17 21 22 28 34 33 27 26(L) 
[INFO] [1787633501.986134, 116.000000]: Really visited vertices: 8 7 6 5 
[INFO] [1787633502.835586, 116.900000]: Replanning request. curr_vertex_idx: 4
[INFO] [1787633502.836657, 116.900000]:                     covered_vertices: ()
[INFO] [1787633502.837204, 116.900000]: Handle local replanning...
[INFO] [1787633502.837749, 116.900000]: curr path length: 43, is_loop length: 43
[INFO] [1787633502.838330, 116.900000]: Send new plan: 8 7 6 5 4  ---> 3 9 15 16 10 11 35 37 20 19 15(L) 19 23 29 30 24 25 31 32 26 38 36 12 11(L) 12 13 14 8(L) 14 18 17 21 22 28 34 33 27 26(L) 
[INFO] [1787633507.763955, 121.800000]: Really visited vertices: 8 7 6 5 
[INFO] [1787633508.784160, 122.800000]: Replanning request. curr_vertex_idx: 4
[INFO] [1787633508.784938, 122.800000]:                     covered_vertices: ()
[INFO] [1787633508.785498, 122.800000]: Handle local replanning...
[INFO] [1787633508.785951, 122.800000]: curr path length: 43, is_loop length: 43
[INFO] [1787633508.786746, 122.800000]: Send new plan: 8 7 6 5 4  ---> 3 9 15 16 10 11 35 37 20 19 15(L) 19 23 29 30 24 25 31 32 26 38 36 12 11(L) 12 13 14 8(L) 14 18 17 21 22 28 34 33 27 26(L) 
[INFO] [1787633510.814790, 124.800000]: Replanning request. curr_vertex_idx: 4
[INFO] [1787633510.815888, 124.800000]:                     covered_vertices: ()
[INFO] [1787633510.816700, 124.800000]: Handle local replanning...
[INFO] [1787633510.817497, 124.800000]: curr path length: 43, is_loop length: 43
[INFO] [1787633510.818416, 124.800000]: Send new plan: 8 7 6 5 4  ---> 3 9 15 16 10 11 35 37 20 19 15(L) 19 23 29 30 24 25 31 32 26 38 36 12 11(L) 12 13 14 8(L) 14 18 17 21 22 28 34 33 27 26(L) 
[INFO] [1787633516.818324, 130.800000]: Replanning request. curr_vertex_idx: 5
[INFO] [1787633516.819294, 130.800000]:                     covered_vertices: ()
[INFO] [1787633516.820078, 130.800000]: Handle local replanning...
[INFO] [1787633516.820897, 130.800000]: curr path length: 43, is_loop length: 43
[INFO] [1787633516.821846, 130.800000]: Send new plan: 8 7 6 5 4 3  ---> 9 15 16 10 11 35 37 20 19 15(L) 19 23 29 30 24 25 31 32 26 38 36 12 11(L) 12 13 14 8(L) 14 18 17 21 22 28 34 33 27 26(L) 
[INFO] [1787633521.989608, 136.000000]: Really visited vertices: 8 7 6 5 4 
[INFO] [1787633522.813439, 136.800000]: Replanning request. curr_vertex_idx: 5
[INFO] [1787633522.814450, 136.800000]:                     covered_vertices: ()
[INFO] [1787633522.815347, 136.800000]: Handle local replanning...
000
[INFO] [1787633494.348780522, 108.400000000]: PHASE2C_KEYSCAN_ACCEPTED unique_id=73 state_id=73 sim_time=108.400000
[INFO] [1787633497.357643133, 111.400000000]: PHASE2C_KEYSCAN_ACCEPTED unique_id=74 state_id=74 sim_time=111.400000
[INFO] [1787633501.952747013, 116.000000000]: PHASE2C_KEYSCAN_ACCEPTED unique_id=75 state_id=75 sim_time=116.000000
[INFO] [1787633505.159389016, 119.200000000]: PHASE2C_KEYSCAN_ACCEPTED unique_id=76 state_id=76 sim_time=119.200000
[INFO] [1787633506.354673482, 120.400000000]: PHASE2C_KEYSCAN_ACCEPTED unique_id=77 state_id=77 sim_time=120.400000
[INFO] [1787633507.745567163, 121.800000000]: PHASE2C_KEYSCAN_ACCEPTED unique_id=78 state_id=78 sim_time=121.800000
[INFO] [1787633509.048877630, 123.100000000]: PHASE2C_KEYSCAN_ACCEPTED unique_id=79 state_id=79 sim_time=123.100000
[INFO] [1787633509.757978318, 123.800000000]: PHASE2C_KEYSCAN_ACCEPTED unique_id=80 state_id=80 sim_time=123.800000
[INFO] [1787633510.464114809, 124.500000000]: PHASE2C_KEYSCAN_ACCEPTED unique_id=81 state_id=81 sim_time=124.500000
[INFO] [1787633511.160698069, 125.200000000]: PHASE2C_KEYSCAN_ACCEPTED unique_id=82 state_id=82 sim_time=125.200000
[INFO] [1787633511.766940125, 125.800000000]: PHASE2C_KEYSCAN_ACCEPTED unique_id=83 state_id=83 sim_time=125.800000
[INFO] [1787633512.265047932, 126.300000000]: PHASE2C_KEYSCAN_ACCEPTED unique_id=84 state_id=84 sim_time=126.300000
[INFO] [1787633512.864782779, 126.900000000]: PHASE2C_KEYSCAN_ACCEPTED unique_id=85 state_id=85 sim_time=126.900000
[INFO] [1787633513.469320758, 127.500000000]: PHASE2C_KEYSCAN_ACCEPTED unique_id=86 state_id=86 sim_time=127.500000
[INFO] [1787633514.259765042, 128.300000000]: PHASE2C_KEYSCAN_ACCEPTED unique_id=87 state_id=87 sim_time=128.300000
[INFO] [1787633515.161077561, 129.200000000]: PHASE2C_KEYSCAN_ACCEPTED unique_id=88 state_id=88 sim_time=129.200000
[INFO] [1787633516.686592910, 130.700000000]: PHASE2C_KEYSCAN_ACCEPTED unique_id=89 state_id=89 sim_time=130.700000
[INFO] [1787633517.966146967, 132.000000000]: PHASE2C_KEYSCAN_ACCEPTED unique_id=90 state_id=90 sim_time=132.000000
[INFO] [1787633519.260647442, 133.300000000]: PHASE2C_KEYSCAN_ACCEPTED unique_id=91 state_id=91 sim_time=133.300000
[INFO] [1787633520.659153918, 134.700000000]: PHASE2C_KEYSCAN_ACCEPTED unique_id=92 state_id=92 sim_time=134.700000
[INFO] [1787633521.967512003, 136.000000000]: PHASE2C_KEYSCAN_ACCEPTED unique_id=93 state_id=93 sim_time=136.000000
[INFO] [1787633523.359632873, 137.400000000]: PHASE2C_KEYSCAN_ACCEPTED unique_id=94 state_id=94 sim_time=137.400000
[INFO] [1787633524.651203265, 138.700000000]: PHASE2C_KEYSCAN_ACCEPTED unique_id=95 state_id=95 sim_time=138.700000
[INFO] [1787633525.960821248, 140.000000000]: PHASE2C_KEYSCAN_ACCEPTED unique_id=96 state_id=96 sim_time=140.000000
[INFO] [1787633527.164636500, 141.200000000]: PHASE2C_KEYSCAN_ACCEPTED unique_id=97 state_id=97 sim_time=141.200000
[INFO] [1787633528.457897374, 142.500000000]: PHASE2C_KEYSCAN_ACCEPTED unique_id=98 state_id=98 sim_time=142.500000
[INFO] [1787633529.860439081, 143.900000000]: PHASE2C_KEYSCAN_ACCEPTED unique_id=99 state_id=99 sim_time=143.900000
[INFO] [1787633531.158924437, 145.200000000]: PHASE2C_KEYSCAN_ACCEPTED unique_id=100 state_id=100 sim_time=145.200000
[INFO] [1787633532.453277947, 146.500000000]: PHASE2C_KEYSCAN_ACCEPTED unique_id=101 state_id=101 sim_time=146.500000
[INFO] [1787633533.741028542, 147.800000000]: PHASE2C_KEYSCAN_ACCEPTED unique_id=102 state_id=102 sim_time=147.800000
[INFO] [1787633534.755216153, 148.800000000]: PHASE2C_KEYSCAN_ACCEPTED unique_id=103 state_id=103 sim_time=148.800000
[INFO] [1787633535.352913800, 149.400000000]: PHASE2C_KEYSCAN_ACCEPTED unique_id=104 state_id=104 sim_time=149.400000
[INFO] [1787633536.062134766, 150.100000000]: PHASE2C_KEYSCAN_ACCEPTED unique_id=105 state_id=105 sim_time=150.100000
[INFO] [1787633536.764920803, 150.800000000]: PHASE2C_KEYSCAN_ACCEPTED unique_id=106 state_id=106 sim_time=150.800000
[INFO] [1787633537.263344433, 151.300000000]: PHASE2C_KEYSCAN_ACCEPTED unique_id=107 state_id=107 sim_time=151.300000
[INFO] [17876335[WARN] [1787633539.810926641, 153.800000000]: No frontier at vertex 3. #Frontier: 0
[WARN] [1787633567.844371327, 181.900000000]: No frontier at vertex 9. #Frontier: 0
[INFO] [1787633394.437834086, 8.500000000]: Navigator is now initialized.
[INFO] [1787633403.694261450, 17.700000000]: Call local replanning...
[INFO] [1787633403.699406893, 17.700000000]: Reach vertex 8
[INFO] [1787633403.699513129, 17.700000000]: Set newGoal 7
[INFO] [1787633404.674636433, 18.700000000]: Call local replanning...
[INFO] [1787633410.690653421, 24.700000000]: Call local replanning...
[INFO] [1787633416.738278182, 30.800000000]: Call local replanning...
[INFO] [1787633416.743102613, 30.800000000]: Reach vertex 7
[INFO] [1787633416.745362308, 30.800000000]: Explore Goal 7 's frontiers...
[INFO] [1787633418.718004531, 32.700000000]: Call local replanning...
[INFO] [1787633418.724095396, 32.700000000]: Explore Goal 7 's frontiers...
[INFO] [1787633420.717145144, 34.700000000]: Call local replanning...
[INFO] [1787633420.733216807, 34.700000000]: Explore Goal 7 's frontiers...
[INFO] [1787633426.710929169, 40.700000000]: Call local replanning...
[INFO] [1787633426.716211551, 40.700000000]: Set newGoal 6
[INFO] [1787633432.733876529, 46.800000000]: Call local replanning...
[INFO] [1787633438.782297819, 52.800000000]: Call local replanning...
[INFO] [1787633444.783280642, 58.800000000]: Call local replanning...
[INFO] [1787633450.738237449, 64.800000000]: Call local replanning...
[INFO] [1787633450.744394463, 64.800000000]: Reach vertex 6
[INFO] [1787633450.746543619, 64.800000000]: Explore Goal 6 's frontiers...
[INFO] [1787633452.745774540, 66.800000000]: Call local replanning...
[INFO] [1787633452.752527944, 66.800000000]: Explore Goal 6 's frontiers...
[INFO] [1787633454.784184267, 68.800000000]: Call local replanning...
[INFO] [1787633454.789714637, 68.800000000]: Set newGoal 5
[INFO] [1787633460.748020066, 74.800000000]: Call local replanning...
[INFO] [1787633466.798773437, 80.800000000]: Call local replanning...
[INFO] [1787633472.760607299, 86.800000000]: Call local replanning...
[INFO] [1787633478.835676179, 92.900000000]: Call local replanning...
[INFO] [1787633484.835612773, 98.900000000]: Call local replanning...
[INFO] [1787633484.840476687, 98.900000000]: Reach vertex 5
[INFO] [1787633484.840527711, 98.900000000]: Set newGoal 4
[INFO] [1787633490.852409876, 104.900000000]: Call local replanning...
[INFO] [1787633496.807337903, 110.800000000]: Call local replanning...
[INFO] [1787633502.834317091, 116.900000000]: Call local replanning...
[INFO] [1787633508.782947375, 122.800000000]: Call local replanning...
[INFO] [1787633508.787822720, 122.800000000]: Reach vertex 4
[INFO] [1787633508.789598263, 122.800000000]: Explore Goal 4 's frontiers...
[INFO] [1787633510.813467981, 124.800000000]: Call local replanning...
[INFO] [1787633510.819648295, 124.800000000]: Set newGoal 3
[INFO] [1787633516.817043873, 130.800000000]: Call local replanning...
[INFO] [1787633522.812313570, 136.800000000]: Call local replanning...
[INFO] [1787633528.817833892, 142.800000000]: Call local replanning...
[INFO] [1787633533.914331370, 147.900000000]: Call local replanning...
[INFO] [1787633533.919893567, 147.900000000]: Reach vertex 3
[INFO] [1787633533.923052590, 147.900000000]: Explore Goal 3 's frontiers...
[INFO] [1787633539.806058296, 153.800000000]: Call local replanning...
[INFO] [1787633539.810948473, 153.800000000]: Set newGoal 9
[INFO] [1787633545.818174089, 159.800000000]: Call local replanning...
[INFO] [1787633551.863013410, 165.900000000]: Call local replanning...
[INFO] [1787633557.837057903, 171.900000000]: Call local replanning...
[INFO] [1787633563.819904052, 177.800000000]: Call local replanning...
[INFO] [1787633563.825534491, 177.800000000]: Reach vertex 9
[INFO] [1787633563.827653657, 177.800000000]: Explore Goal 9 's frontiers...
[INFO] [1787633565.874047359, 179.900000000]: Call local replanning...
[INFO] [1787633565.881647382, 179.900000000]: Explore Goal 9 's frontiers...
[INFO] [1787633567.839484610, 181.900000000]: Call local replanning...
[INFO] [1787633567.844395863, 181.900000000]: Set newGoal 15
[INFO] [1787633573.825564248, 187.800000000]: Call local replanning...
[INFO] [1787633579.8650563637.967928958, 152.000000000]: PHASE2C_KEYSCAN_ACCEPTED unique_id=108 state_id=108 sim_time=152.000000
[INFO] [1787633539.571562358, 153.600000000]: PHASE2C_KEYSCAN_ACCEPTED unique_id=109 state_id=109 sim_time=153.600000
[INFO] [1787633540.559149703, 154.600000000]: PHASE2C_KEYSCAN_ACCEPTED unique_id=110 state_id=110 sim_time=154.600000
[INFO] [1787633541.264799754, 155.300000000]: PHASE2C_KEYSCAN_ACCEPTED unique_id=111 state_id=111 sim_time=155.300000
[INFO] [1787633541.968242546, 156.000000000]: PHASE2C_KEYSCAN_ACCEPTED unique_id=112 state_id=112 sim_time=156.000000
[INFO] [1787633542.563725640, 156.600000000]: PHASE2C_KEYSCAN_ACCEPTED unique_id=113 state_id=113 sim_time=156.600000
[INFO] [1787633543.758524213, 157.800000000]: PHASE2C_KEYSCAN_ACCEPTED unique_id=114 state_id=114 sim_time=157.800000
[INFO] [1787633545.068024076, 159.100000000]: PHASE2C_KEYSCAN_ACCEPTED unique_id=115 state_id=115 sim_time=159.100000
[INFO] [1787633546.371015713, 160.400000000]: PHASE2C_KEYSCAN_ACCEPTED unique_id=116 state_id=116 sim_time=160.400000
[INFO] [1787633547.567491562, 161.600000000]: PHASE2C_KEYSCAN_ACCEPTED unique_id=117 state_id=117 sim_time=161.600000
[INFO] [1787633548.965499595, 163.000000000]: PHASE2C_KEYSCAN_ACCEPTED unique_id=118 state_id=118 sim_time=163.000000
[INFO] [1787633550.163601307, 164.200000000]: PHASE2C_KEYSCAN_ACCEPTED unique_id=119 state_id=119 sim_time=164.200000
[INFO] [1787633551.963330869, 166.000000000]: PHASE2C_KEYSCAN_ACCEPTED unique_id=120 state_id=120 sim_time=166.000000
[INFO] [1787633555.362473183, 169.400000000]: PHASE2C_KEYSCAN_ACCEPTED unique_id=121 state_id=121 sim_time=169.400000
[INFO] [1787633559.649596772, 173.700000000]: PHASE2C_KEYSCAN_ACCEPTED unique_id=122 state_id=122 sim_time=173.700000
[INFO] [1787633563.266306054, 177.300000000]: PHASE2C_KEYSCAN_ACCEPTED unique_id=123 state_id=123 sim_time=177.300000
[INFO] [1787633565.253531276, 179.300000000]: PHASE2C_KEYSCAN_ACCEPTED unique_id=124 state_id=124 sim_time=179.300000
[INFO] [1787633566.759994241, 180.800000000]: PHASE2C_KEYSCAN_ACCEPTED unique_id=125 state_id=125 sim_time=180.800000
[INFO] [1787633568.156379151, 182.200000000]: PHASE2C_KEYSCAN_ACCEPTED unique_id=126 state_id=126 sim_time=182.200000
[INFO] [1787633568.760133632, 182.800000000]: PHASE2C_KEYSCAN_ACCEPTED unique_id=127 state_id=127 sim_time=182.800000
[INFO] [1787633569.370729416, 183.400000000]: PHASE2C_KEYSCAN_ACCEPTED unique_id=128 state_id=128 sim_time=183.400000
[INFO] [1787633569.961768980, 184.000000000]: PHASE2C_KEYSCAN_ACCEPTED unique_id=129 state_id=129 sim_time=184.000000
[INFO] [1787633570.577108580, 184.600000000]: PHASE2C_KEYSCAN_ACCEPTED unique_id=130 state_id=130 sim_time=184.600000
[INFO] [1787633571.275451571, 185.300000000]: PHASE2C_KEYSCAN_ACCEPTED unique_id=131 state_id=131 sim_time=185.300000
[INFO] [1787633571.884903182, 185.900000000]: PHASE2C_KEYSCAN_ACCEPTED unique_id=132 state_id=132 sim_time=185.900000
[INFO] [1787633573.070993306, 187.100000000]: PHASE2C_KEYSCAN_ACCEPTED unique_id=133 state_id=133 sim_time=187.100000
[INFO] [1787633574.363462417, 188.400000000]: PHASE2C_KEYSCAN_ACCEPTED unique_id=134 state_id=134 sim_time=188.400000
[INFO] [1787633575.559428372, 189.600000000]: PHASE2C_KEYSCAN_ACCEPTED unique_id=135 state_id=135 sim_time=189.600000
[INFO] [1787633577.060439133, 191.100000000]: PHASE2C_KEYSCAN_ACCEPTED unique_id=136 state_id=136 sim_time=191.100000
[INFO] [1787633578.462281172, 192.500000000]: PHASE2C_KEYSCAN_ACCEPTED unique_id=137 state_id=137 sim_time=192.500000
[INFO] [1787633579.687343986, 193.700000000]: PHASE2C_KEYSCAN_ACCEPTED unique_id=138 state_id=138 sim_time=193.700000
[INFO] [1787633581.446937133, 195.500000000]: PHASE2C_KEYSCAN_ACCEPTED unique_id=139 state_id=139 sim_time=195.500000
[INFO] [1787633584.864370264, 198.900000000]: PHASE2C_KEYSCAN_ACCEPTED unique_id=140 state_id=140 sim_time=198.900000
[INFO] [1787633588.751661000, 202.800000000]: PHASE2C_KEYSCAN_ACCEPTED unique_id=141 state_id=141 sim_time=202.800000
[INFO] [1787633592.657729026, 206.700000000]: PHASE2C_KEYSCAN_ACCEPTED unique_id=142 state_id=142 si[INFO] [1787633522.816052, 136.800000]: curr path length: 43, is_loop length: 43
[INFO] [1787633522.816577, 136.800000]: Send new plan: 8 7 6 5 4 3  ---> 9 15 16 10 11 35 37 20 19 15(L) 19 23 29 30 24 25 31 32 26 38 36 12 11(L) 12 13 14 8(L) 14 18 17 21 22 28 34 33 27 26(L) 
[INFO] [1787633528.500459, 142.500000]: Really visited vertices: 8 7 6 5 4 
[INFO] [1787633528.819036, 142.800000]: Replanning request. curr_vertex_idx: 5
[INFO] [1787633528.819898, 142.800000]:                     covered_vertices: ()
[INFO] [1787633528.820602, 142.800000]: Handle local replanning...
[INFO] [1787633528.821232, 142.800000]: curr path length: 43, is_loop length: 43
[INFO] [1787633528.821844, 142.800000]: Send new plan: 8 7 6 5 4 3  ---> 9 15 16 10 11 35 37 20 19 15(L) 19 23 29 30 24 25 31 32 26 38 36 12 11(L) 12 13 14 8(L) 14 18 17 21 22 28 34 33 27 26(L) 
[INFO] [1787633533.915662, 147.900000]: Replanning request. curr_vertex_idx: 5
[INFO] [1787633533.916794, 147.900000]:                     covered_vertices: ()
[INFO] [1787633533.917643, 147.900000]: Handle local replanning...
[INFO] [1787633533.918295, 147.900000]: curr path length: 43, is_loop length: 43
[INFO] [1787633533.918915, 147.900000]: Send new plan: 8 7 6 5 4 3  ---> 9 15 16 10 11 35 37 20 19 15(L) 19 23 29 30 24 25 31 32 26 38 36 12 11(L) 12 13 14 8(L) 14 18 17 21 22 28 34 33 27 26(L) 
[INFO] [1787633539.596528, 153.600000]: Really visited vertices: 8 7 6 5 4 3 
[INFO] [1787633539.807088, 153.800000]: Replanning request. curr_vertex_idx: 5
[INFO] [1787633539.807998, 153.800000]:                     covered_vertices: ()
[INFO] [1787633539.808680, 153.800000]: Handle local replanning...
[INFO] [1787633539.809327, 153.800000]: curr path length: 43, is_loop length: 43
[INFO] [1787633539.809965, 153.800000]: Send new plan: 8 7 6 5 4 3  ---> 9 15 16 10 11 35 37 20 19 15(L) 19 23 29 30 24 25 31 32 26 38 36 12 11(L) 12 13 14 8(L) 14 18 17 21 22 28 34 33 27 26(L) 
[INFO] [1787633545.093690, 159.100000]: Really visited vertices: 8 7 6 5 4 3 
[INFO] [1787633545.819320, 159.800000]: Replanning request. curr_vertex_idx: 6
[INFO] [1787633545.820752, 159.800000]:                     covered_vertices: ()
[INFO] [1787633545.821555, 159.800000]: Handle local replanning...
[INFO] [1787633545.822288, 159.800000]: curr path length: 43, is_loop length: 43
[INFO] [1787633545.822994, 159.800000]: Send new plan: 8 7 6 5 4 3 9  ---> 15 16 10 11 35 37 20 19 15(L) 19 23 29 30 24 25 31 32 26 38 36 12 11(L) 12 13 14 8(L) 14 18 17 21 22 28 34 33 27 26(L) 
[INFO] [1787633551.863995, 165.900000]: Replanning request. curr_vertex_idx: 6
[INFO] [1787633551.864881, 165.900000]:                     covered_vertices: ()
[INFO] [1787633551.865597, 165.900000]: Handle local replanning...
[INFO] [1787633551.866242, 165.900000]: curr path length: 43, is_loop length: 43
[INFO] [1787633551.866875, 165.900000]: Send new plan: 8 7 6 5 4 3 9  ---> 15 16 10 11 35 37 20 19 15(L) 19 23 29 30 24 25 31 32 26 38 36 12 11(L) 12 13 14 8(L) 14 18 17 21 22 28 34 33 27 26(L) 
[INFO] [1787633557.838046, 171.900000]: Replanning request. curr_vertex_idx: 6
[INFO] [1787633557.839041, 171.900000]:                     covered_vertices: ()
[INFO] [1787633557.839910, 171.900000]: Handle local replanning...
[INFO] [1787633557.841065, 171.900000]: curr path length: 43, is_loop length: 43
[INFO] [1787633557.841963, 171.900000]: Send new plan: 8 7 6 5 4 3 9  ---> 15 16 10 11 35 37 20 19 15(L) 19 23 29 30 24 25 31 32 26 38 36 12 11(L) 12 13 14 8(L) 14 18 17 21 22 28 34 33 27 26(L) 
[INFO] [1787633563.317747, 177.300000]: Really visited vertices: 8 7 6 5 4 3 
[INFO] [1787633563.820960, 177.800000]: Replanning request. curr_vertex_idx: 6
[INFO] [1787633563.822083, 177.800000]:                     covered_vertices: ()
[INFO] [1787633563.822905, 177.800000]: Handle local replanning...
[INFO] [1787633563.823693, 177.800000]: curr path length: 43, is_loop length: 43
[INFO] [1787633563.824401, 177.800000]: Send new plan: 8 7 6 5 4 3 9  ---> 15 16 10 11 35 37 20 19 15(L) 19 23 29 30 24 25 31 32 26 38 36 12 11(L) 12 13 14 8(L) 14 18 17 21 22 28 34 33 27 26(L) 
[INFO] [1787633565.875140, 179.900000]: Replanning request. curr_vertex_idx: 6
[INFO] [1787633565.876405, 179.900000]:                     covered_vertices: ()
[INFO] [1787633565.877278, 179.900000]: Handle local replanning...
[INFO] [1787633565.877920, 179.900000]: curr path length: 43, is_loop length: 43
[INFO] [1787633565.878612, 179.900000]: Send new plan: 8 7 6 5 4 3 9  ---> 15 16 10 11 35 37 20 19 15(L) 19 23 29 30 24 25 31 32 26 38 36 12 11(L) 12 13 14 8(L) 14 18 17 21 22 28 34 33 27 26(L) 
[INFO] [1787633567.840643, 181.900000]: Replanning request. curr_vertex_idx: 6
[INFO] [1787633567.841547, 181.900000]:                     covered_vertices: ()
[INFO] [1787633567.842368, 181.900000]: Handle local replanning...
[INFO] [1787633567.842979, 181.900000]: curr path length: 43, is_loop length: 43
[INFO] [1787633567.843677, 181.900000]: Send new plan: 8 7 6 5 4 3 9  ---> 15 16 10 11 35 37 20 19 15(L) 19 23 29 30 24 25 31 32 26 38 36 12 11(L) 12 13 14 8(L) 14 18 17 21 22 28 34 33 27 26(L) 
[INFO] [1787633573.127531, 187.100000]: Really visited vertices: 8 7 6 5 4 3 9 
[INFO] [1787633573.826749, 187.800000]: Replanning request. curr_vertex_idx: 7
[INFO] [1787633573.827850, 187.800000]:                     covered_vertices: ()
[INFO] [1787633573.828943, 187.800000]: Handle local replanning...
[INFO] [1787633573.829665, 187.800000]: curr path length: 43, is_loop length: 43
[INFO] [1787633573.830377, 187.800000]: Send new plan: 8 7 6 5 4 3 9 15  ---> 16 10 11 35 37 20 19 15(L) 19 23 29 30 24 25 31 32 26 38 36 12 11(L) 12 13 14 8(L) 14 18 17 21 22 28 34 33 27 26(L) 
[INFO] [1787633579.866329, 193.900000]: Replanning request. curr_vertex_idx: 7
[INFO] [1787633579.867259, 193.900000]:                     covered_vertices: ()
[INFO] [1787633579.868015, 193.900000]: Handle local replanning...
[INFO] [1787633579.868739, 193.900000]: curr path length: 43, is_loop length: 43
[INFO] [1787633579.869377, 193.900000]: Send new plan: 8 7 6 5 4 3 9 15  ---> 16 10 11 35 37 20 19 15(L) 19 23 29 30 24 25 31 32 26 38 36 12 11(L) 12 13 14 8(L) 14 18 17 21 22 28 34 33 27 26(L) 
[INFO] [1787633584.923138, 198.900000]: Really visited vertices: 8 7 6 5 4 3 9 
[INFO] [1787633585.929011, 199.900000]: Replanning request. curr_vertex_idx: 7
[INFO] [1787633585.929963, 199.900000]:                     covered_vertices: ()
[INFO] [1787633585.930689, 199.900000]: Handle local replanning...
[INFO] [1787633585.931656, 199.900000]: curr path length: 43, is_loop length: 43
[INFO] [1787633585.932262, 199.900000]: Send new plan: 8 7 6 5 4 3 9 15  ---> 16 10 11 35 37 20 19 15(L) 19 23 29 30 24 25 31 32 26 38 36 12 11(L) 12 13 14 8(L) 14 18 17 21 22 28 34 33 27 26(L) 
[INFO] [1787633591.999864, 206.000000]: Replanning request. curr_vertex_idx: 7
[INFO] [1787633592.000669, 206.000000]:                     covered_vertices: ()
[INFO] [1787633592.001287, 206.000000]: Handle local replanning...
[INFO] [1787633592.001781, 206.000000]: curr path length: 43, is_loop length: 43
[INFO] [1787633592.002277, 206.000000]: Send new plan: 8 7 6 5 4 3 9 15  ---> 16 10 11 35 37 20 19 15(L) 19 23 29 30 24 25 31 32 26 38 36 12 11(L) 12 13 14 8(L) 14 18 17 21 22 28 34 33 27 26(L) 
[INFO] [1787633597.907172, 211.900000]: Replanning request. curr_vertex_idx: 7
[INFO] [1787633597.908077, 211.900000]:                     covered_vertices: ()
[INFO] [1787633597.908844, 211.900000]: Handle local replanning...
[INFO] [1787633597.909513, 211.900000]: curr path length: 43, is_loop length: 43
[INFO] [1787633597.910162, 211.900000]: Send new plan: 8 7 6 5 4 3 9 15  ---> 16 10 11 35 37 20 19 15(L) 19 23 29 30 24 25 31 32 26 38 36 12 11(L) 12 13 14 8(L) 14 18 17 21 22 28 34 33 27 26(L) 
[INFO] [1787633602.019955, 216.000000]: Replanning request. curr_vertex_idx: 7
[INFO] [1787633602.020921, 216.000000]:                     covered_vertices: ()
[INFO] [1787633602.021627, 216.000000]: Handle local replanning...
[INFO] [1787633602.022241, 216.000000]: curr path length: 43, is_loop length: 43
[WARN] [1787633602.024079538, 216.000000000]: No frontier at vertex 15. #Frontier: 0
concorde /tmp/tmp3tiq3_5x/problem.tsp
Host: msxg  Current process id: 67385
Using random seed 1787633607
Number of Nodes: 16
Explicit Lengths (CC_MATRIXNORM)
Set initial upperbound to 482 (from tour)
ERROR: No dual change in basis finding code
Did not find a basic optimal solution
Fractional matching routine failed
Warning: restarting running timer Miscellaneous
No warmstart, stumbling on anyway
Basic dual change required, but no candidate edges
  LP Value  1: 482.000000  (0.00 seconds)
New lower bound: 482.000000
Final lower bound 482.000000, upper bound 482.000000
Exact lower bound: 482.000000
DIFF: 0.000000
Final LP has 16 rows, 24 columns, 48 nonzeros
Optimal Solution: 482.00
Number of bbnodes: 1
Total Running Time: 0.00 (seconds)
concorde /tmp/tmpwcf_r0bs/problem.tsp
Host: msxg  Current process id: 67425
Using random seed 1787633614
Number of Nodes: 16
Explicit Lengths (CC_MATRIXNORM)
Set initial upperbound to 482 (from tour)
ERROR: No dual change in basis finding code
Did not find a basic optimal solution
Fractional matching routine failed
Warning: restarting running timer Miscellaneous
No warmstart, stumbling on anyway
Basic dual change required, but no candidate edges
  LP Value  1: 482.000000  (0.00 seconds)
New lower bound: 482.000000
Final lower bound 482.000000, upper bound 482.000000
Exact lower bound: 482.000000
DIFF: 0.000000
Final LP has 16 rows, 19 columns, 38 nonzeros
Optimal Solution: 482.00
Number of bbnodes: 1
Total Running Time: 0.00 (seconds)
concorde /tmp/tmp49k81y1e/problem.tsp
Host: msxg  Current process id: 67481
Using random seed 1787633620
Number of Nodes: 16
Explicit Lengths (CC_MATRIXNORM)
Set initial upperbound to 482 (from tour)
ERROR: No dual change in basis finding code
Did not find a basic optimal solution
Fractional matching routine failed
Warning: restarting running timer Miscellaneous
No warmstart, stumbling on anyway
Basic dual change required, but no candidate edges
  LP Value  1: 482.000000  (0.00 seconds)
New lower bound: 482.000000
Final lower bound 482.000000, upper bound 482.000000
Exact lower bound: 482.000000
DIFF: 0.000000
Final LP has 16 rows, 21 columns, 42 nonzeros
Optimal Solution: 482.00
Number of bbnodes: 1
Total Running Time: 0.00 (seconds)
concorde /tmp/tmp2vmaat20/problem.tsp
Host: msxg  Current process id: 67506
Using random seed 1787633625
Number of Nodes: 16
Explicit Lengths (CC_MATRIXNORM)
Set initial upperbound to 482 (from tour)
ERROR: No dual change in basis finding code
Did not find a basic optimal solution
Fractional matching routine failed
Warning: restarting running timer Miscellaneous
No warmstart, stumbling on anyway
Basic dual change required, but no candidate edges
  LP Value  1: 482.000000  (0.00 seconds)
New lower bound: 482.000000
Final lower bound 482.000000, upper bound 482.000000
Exact lower bound: 482.000000
DIFF: 0.000000
Final LP has 16 rows, 21 columns, 42 nonzeros
Optimal Solution: 482.00
Number of bbnodes: 1
Total Running Time: 0.00 (seconds)
concorde /tmp/tmprdsyna3j/problem.tsp
Host: msxg  Current process id: 67523
Using random seed 1787633631
Number of Nodes: 16
Explicit Lengths (CC_MATRIXNORM)
Set initial upperbound to 482 (from tour)
ERROR: No dual change in basis finding code
Did not find a basic optimal solution
Fractional matching routine failed
Warning: restarting running timer Miscellaneous
No warmstart, stumbling on anyway
Basic dual change required, but no candidate edges
recomputing rownorms ...
  LP Value  1: 482.000000  (0.00 seconds)
New lower bound: 482.000000
Final lower bound 482.000000, upper bound 482.000000
Exact lower bound: 482.000000
DIFF: 0.000000
Final LP has 16 rows, 23 columns, 46 nonzeros
Optimal Solution: 482.00
Number of bbnodes: 1
Total Running Time: 0.00 (seconds)
concorde /tmp/tmpdb8jyjrd/problem.tsp
Host: msxg  Current process id: 67540
Using random seed 1787633637
Number of Nodes: 16
Explicit Lengths (CC_MATRIXNORM)
Set initial upperbound to 482 (from tour)
ERROR: No dual change in basis finding code
Did not find a basic optimal solution
Fractional matching routine failed
Warning: restarting running timer Miscellaneous
No warmstart, stumbling on anyway
Basic dual change required, but no candidate edges
  LP Value  1: 482.000000  (0.00 seconds)
New lower bound: 482.000000
Final lower bound 482.000000, upper bound 482.000000
Exact lower bound: 482.000000
DIFF: 0.000000
Final LP has 16 rows, 24 columns, 48 nonzeros
Optimal Solution: 482.00
Number of bbnodes: 1
Total Running Time: 0.00 (seconds)
[WARN] [1787633637.920158976, 251.900000000]: No frontier at vertex 16. #Frontier: 0
concorde /tmp/tmp0r2_dqn7/problem.tsp
Host: msxg  Current process id: 67571
Using random seed 1787633644
Number of Nodes: 12
Explicit Lengths (CC_MATRIXNORM)
Set initial upperbound to 455 (from tour)
ERROR: No dual change in basis finding code
Did not find a basic optimal solution
Fractional matching routine failed
Warning: restarting running timer Miscellaneous
No warmstart, stumbling on anyway
Basic dual change required, but no candidate edges
  LP Value  1: 455.000000  (0.00 seconds)
New lower bound: 455.000000
Final lower bound 455.000000, upper bound 455.000000
Exact lower bound: 455.000000
DIFF: 0.000000
Final LP has 12 rows, 15 columns, 30 nonzeros
Optimal Solution: 455.00
Number of bbnodes: 1
Total Running Time: 0.00 (seconds)
concorde /tmp/tmp708kfdgy/problem.tsp
Host: msxg  Current process id: 67618
Using random seed 1787633650
Number of Nodes: 12
Explicit Lengths (CC_MATRIXNORM)
Set initial upperbound to 455 (from tour)
ERROR: No dual change in basis finding code
Did not find a basic optimal solution
Fractional matching routine failed
Warning: restarting running timer Miscellaneous
No warmstart, stumbling on anyway
Basic dual change required, but no candidate edges
  LP Value  1: 455.000000  (0.00 seconds)
New lower bound: 455.000000
Final lower bound 455.000000, upper bound 455.000000
Exact lower bound: 455.000000
DIFF: 0.000000
Final LP has 12 rows, 14 columns, 28 nonzeros
Optimal Solution: 455.00
Number of bbnodes: 1
Total Running Time: 0.00 (seconds)
concorde /tmp/tmpckb6y6gq/problem.tsp
Host: msxg  Current process id: 67635
Using random seed 1787633655
Number of Nodes: 12
Explicit Lengths (CC_MATRIXNORM)
Set initial upperbound to 455 (from tour)
ERROR: No dual change in basis finding code
Did not find a basic optimal solution
Fractional matching routine failed
Warning: restarting running timer Miscellaneous
No warmstart, stumbling on anyway
Basic dual change required, but no candidate edges
recomputing rownorms ...
  LP Value  1: 455.000000  (0.00 seconds)
New lower bound: 455.000000
Final lower bound 455.000000, upper bound 455.000000
Exact lower bound: 455.000000
DIFF: 0.000000
Final LP has 12 rows, 17 columns, 34 nonzeros
Optimal Solution: 455.00
Number of bbnodes: 1
Total Running Time: 0.00 (seconds)
concorde /tmp/tmp2punjdao/problem.tsp
Host: msxg  Current process id: 67654
Using random seed 1787633661
Number of Nodes: 12
Explicit Lengths (CC_MATRIXNORM)
Set initial upperbound to 455 (from tour)
ERROR: No dual change in basis finding code
Did not find a basic optimal solution
Fractional matching routine failed
Warning: restarting running timer Miscellaneous
No warmstart, stumbling on anyway
Basic dual change required, but no candidate edges
  LP Value  1: 455.000000  (0.00 seconds)
New lower bound: 455.000000
Final lower bound 455.000000, upper bound 455.000000
Exact lower bound: 455.000000
DIFF: 0.000000
Final LP has 12 rows, 14 columns, 28 nonzeros
Optimal Solution: 455.00
Number of bbnodes: 1
Total Running Time: 0.00 (seconds)
concorde /tmp/tmp_jn7u9ov/problem.tsp
Host: msxg  Current process id: 67678
Using random seed 1787633667
Number of Nodes: 12
Explicit Lengths (CC_MATRIXNORM)
Set initial upperbound to 455 (from tour)
ERROR: No dual change in basis finding code
Did not find a basic optimal solution
Fractional matching routine failed
Warning: restarting running timer Miscellaneous
No warmstart, stumbling on anyway
Basic dual change required, but no candidate edges
  LP Value  1: 455.000000  (0.00 seconds)
New lower bound: 455.000000
Final lower bound 455.000000, upper bound 455.000000
Exact lower bound: 455.000000
DIFF: 0.000000
Final LP has 12 rows, 15 columns, 30 nonzeros
Optimal Solution: 455.00
Number of bbnodes: 1
Total Running Time: 0.00 (seconds)
concorde /tmp/tmpo7dewwic/problem.tsp
Host: msxg  Current process id: 67697
Using random seed 1787633674
Number of Nodes: 12
Explicit Lengths (CC_MATRIXNORM)
Set initial upperbound to 455 (from tour)
ERROR: No dual change in basis finding code
Did not find a basic optimal solution
Fractional matching routine failed
Warning: restarting running timer Miscellaneous
No warmstart, stumbling on anyway
Basic dual change required, but no candidate edges
  LP Value  1: 455.000000  (0.00 seconds)
New lower bound: 455.000000
Final lower bound 455.000000, upper bound 455.000000
Exact lower bound: 455.000000
DIFF: 0.000000
Final LP has 12 rows, 14 columns, 28 nonzeros
Optimal Solution: 455.00
Number of bbnodes: 1
Total Running Time: 0.00 (seconds)
[INFO] [1787633602.022940, 216.000000]: Send new plan: 8 7 6 5 4 3 9 15  ---> 16 10 11 35 37 20 19 15(L) 19 23 29 30 24 25 31 32 26 38 36 12 11(L) 12 13 14 8(L) 14 18 17 21 22 28 34 33 27 26(L) 
[INFO] [1787633607.921162, 221.900000]: Replanning request. curr_vertex_idx: 8
[INFO] [1787633607.922276, 221.900000]:                     covered_vertices: ()
[INFO] [1787633607.923145, 221.900000]: Handle local replanning...
[INFO] [1787633607.923992, 221.900000]: Local path to replan: [16, 10, 11, 35, 37, 20, 19, 15]
Original tsp path is better!
[INFO] [1787633607.935413, 222.000000]: curr path length: 43, is_loop length: 43
[INFO] [1787633607.936729, 222.000000]: Send new plan: 8 7 6 5 4 3 9 15 16  ---> 10 11 35 37 20 19 15(L) 19 23 29 30 24 25 31 32 26 38 36 12 11(L) 12 13 14 8(L) 14 18 17 21 22 28 34 33 27 26(L) 
[INFO] [1787633613.205865, 227.200000]: Really visited vertices: 8 7 6 5 4 3 9 15 
[INFO] [1787633614.001240, 228.000000]: Replanning request. curr_vertex_idx: 8
[INFO] [1787633614.002366, 228.000000]:                     covered_vertices: ()
[INFO] [1787633614.003197, 228.000000]: Handle local replanning...
[INFO] [1787633614.003938, 228.000000]: Local path to replan: [16, 10, 11, 35, 37, 20, 19, 15]
Reverse tsp path is better!
[INFO] [1787633614.014841, 228.000000]: curr path length: 43, is_loop length: 43
[INFO] [1787633614.015901, 228.000000]: Send new plan: 8 7 6 5 4 3 9 15 16  ---> 10 11 35 37 20 19 15(L) 19 23 29 30 24 25 31 32 26 38 36 12 11(L) 12 13 14 8(L) 14 18 17 21 22 28 34 33 27 26(L) 
[INFO] [1787633620.044525, 234.100000]: Replanning request. curr_vertex_idx: 8
[INFO] [1787633620.045367, 234.100000]:                     covered_vertices: ()
[INFO] [1787633620.046000, 234.100000]: Handle local replanning...
[INFO] [1787633620.046639, 234.100000]: Local path to replan: [16, 10, 11, 35, 37, 20, 19, 15]
Original tsp path is better!
[INFO] [1787633620.057853, 234.100000]: curr path length: 43, is_loop length: 43
[INFO] [1787633620.059071, 234.100000]: Send new plan: 8 7 6 5 4 3 9 15 16  ---> 10 11 35 37 20 19 15(L) 19 23 29 30 24 25 31 32 26 38 36 12 11(L) 12 13 14 8(L) 14 18 17 21 22 28 34 33 27 26(L) 
[INFO] [1787633625.094280, 239.100000]: Really visited vertices: 8 7 6 5 4 3 9 15 
[INFO] [1787633625.989747, 240.000000]: Replanning request. curr_vertex_idx: 8
[INFO] [1787633625.990833, 240.000000]:                     covered_vertices: ()
[INFO] [1787633625.991461, 240.000000]: Handle local replanning...
[INFO] [1787633625.991964, 240.000000]: Local path to replan: [16, 10, 11, 35, 37, 20, 19, 15]
Original tsp path is better!
[INFO] [1787633626.001825, 240.000000]: curr path length: 43, is_loop length: 43
[INFO] [1787633626.002832, 240.000000]: Send new plan: 8 7 6 5 4 3 9 15 16  ---> 10 11 35 37 20 19 15(L) 19 23 29 30 24 25 31 32 26 38 36 12 11(L) 12 13 14 8(L) 14 18 17 21 22 28 34 33 27 26(L) 
[INFO] [1787633631.945045, 246.000000]: Replanning request. curr_vertex_idx: 8
[INFO] [1787633631.945941, 246.000000]:                     covered_vertices: ()
[INFO] [1787633631.946415, 246.000000]: Handle local replanning...
[INFO] [1787633631.947060, 246.000000]: Local path to replan: [16, 10, 11, 35, 37, 20, 19, 15]
Reverse tsp path is better!
[INFO] [1787633631.958289, 246.000000]: curr path length: 43, is_loop length: 43
[INFO] [1787633631.959614, 246.000000]: Send new plan: 8 7 6 5 4 3 9 15 16  ---> 10 11 35 37 20 19 15(L) 19 23 29 30 24 25 31 32 26 38 36 12 11(L) 12 13 14 8(L) 14 18 17 21 22 28 34 33 27 26(L) 
[INFO] [1787633637.904855, 251.900000]: Replanning request. curr_vertex_idx: 8
[INFO] [1787633637.905807, 251.900000]:                     covered_vertices: ()
[INFO] [1787633637.906748, 251.900000]: Handle local replanning...
[INFO] [1787633637.907464, 251.900000]: Local path to replan: [16, 10, 11, 35, 37, 20, 19, 15]
Original tsp path is better!
[INFO] [1787633637.917891, 251.900000]: curr path length: 43, is_loop length: 43
[INFO] [1787633637.919240, 251.900000]: Send new plan: 8 7 6 5 4 3 9 15 16  ---> 10 11 35 37 20 19 15(L) 19 23 29 30 24 25 31 32 26 38 36 12 11(L) 12 13 14 8(L) 14 18 17 21 22 28 34 33 27 26(L) 
[INFO] [1787633644.034700, 258.100000]: Replanning request. curr_vertex_idx: 10
[INFO] [1787633644.035881, 258.100000]:                     covered_vertices: ()
[INFO] [1787633644.036495, 258.100000]: Handle local replanning...
[INFO] [1787633644.037059, 258.100000]: Local path to replan: [11, 35, 37, 20, 19, 15]
Original tsp path is better!
[INFO] [1787633644.046832, 258.100000]: curr path length: 43, is_loop length: 43
[INFO] [1787633644.047924, 258.100000]: Send new plan: 8 7 6 5 4 3 9 15 16 10 11  ---> 35 37 20 19 15(L) 19 23 29 30 24 25 31 32 26 38 36 12 11(L) 12 13 14 8(L) 14 18 17 21 22 28 34 33 27 26(L) 
[INFO] [1787633650.067278, 264.100000]: Replanning request. curr_vertex_idx: 10
[INFO] [1787633650.068541, 264.100000]:                     covered_vertices: ()
[INFO] [1787633650.069478, 264.100000]: Handle local replanning...
[INFO] [1787633650.070298, 264.100000]: Local path to replan: [11, 35, 37, 20, 19, 15]
Reverse tsp path is better!
[INFO] [1787633650.083472, 264.100000]: curr path length: 43, is_loop length: 43
[INFO] [1787633650.085487, 264.100000]: Send new plan: 8 7 6 5 4 3 9 15 16 10 11  ---> 35 37 20 19 15(L) 19 23 29 30 24 25 31 32 26 38 36 12 11(L) 12 13 14 8(L) 14 18 17 21 22 28 34 33 27 26(L) 
[INFO] [1787633655.596529, 269.600000]: Really visited vertices: 8 7 6 5 4 3 9 15 16 
[INFO] [1787633655.875701, 269.900000]: Replanning request. curr_vertex_idx: 10
[INFO] [1787633655.876724, 269.900000]:                     covered_vertices: ()
[INFO] [1787633655.877320, 269.900000]: Handle local replanning...
[INFO] [1787633655.877974, 269.900000]: Local path to replan: [11, 35, 37, 20, 19, 15]
Original tsp path is better!
[INFO] [1787633655.889985, 269.900000]: curr path length: 43, is_loop length: 43
[INFO] [1787633655.891425, 269.900000]: Send new plan: 8 7 6 5 4 3 9 15 16 10 11  ---> 35 37 20 19 15(L) 19 23 29 30 24 25 31 32 26 38 36 12 11(L) 12 13 14 8(L) 14 18 17 21 22 28 34 33 27 26(L) 
[INFO] [1787633661.928515, 275.900000]: Replanning request. curr_vertex_idx: 10
[INFO] [1787633661.929329, 275.900000]:                     covered_vertices: ()
[INFO] [1787633661.929936, 275.900000]: Handle local replanning...
[INFO] [1787633661.930449, 275.900000]: Local path to replan: [11, 35, 37, 20, 19, 15]
Reverse tsp path is better!
[INFO] [1787633661.940742, 276.000000]: curr path length: 43, is_loop length: 43
[INFO] [1787633661.942136, 276.000000]: Send new plan: 8 7 6 5 4 3 9 15 16 10 11  ---> 35 37 20 19 15(L) 19 23 29 30 24 25 31 32 26 38 36 12 11(L) 12 13 14 8(L) 14 18 17 21 22 28 34 33 27 26(L) 
[INFO] [1787633667.940360, 282.000000]: Replanning request. curr_vertex_idx: 10
[INFO] [1787633667.941212, 282.000000]:                     covered_vertices: ()
[INFO] [1787633667.941875, 282.000000]: Handle local replanning...
[INFO] [1787633667.942391, 282.000000]: Local path to replan: [11, 35, 37, 20, 19, 15]
Original tsp path is better!
[INFO] [1787633667.952189, 282.000000]: curr path length: 43, is_loop length: 43
[INFO] [1787633667.953069, 282.000000]: Send new plan: 8 7 6 5 4 3 9 15 16 10 11  ---> 35 37 20 19 15(L) 19 23 29 30 24 25 31 32 26 38 36 12 11(L) 12 13 14 8(L) 14 18 17 21 22 28 34 33 27 26(L) 
[INFO] [1787633674.047093, 288.100000]: Replanning request. curr_vertex_idx: 10
[INFO] [1787633674.048069, 288.100000]:                     covered_vertices: ()
[INFO] [1787633674.048726, 288.100000]: Handle local replanning...
[INFO] [1787633674.049490, 288.100000]: Local path to replan: [11, 35, 37, 20, 19, 15]
Reverse tsp path is better!
[INFO] [1787633674.060347, 288.100000]: curr path length: 43, is_loop length: 43
[INFO] [1787633674.061355, 288.100000]: Send new plan: 8 7 6 5 4 3 9 15 16 10 11  ---> 35 37 20 19 15(L) 19 23 29 30 24 25 31 32 26 38 36 12 11(L) 12 13 14 8(L) 14 18 17 21 22 28 34 33 27 26(L) 
[INFO] [1787633679.916333, 293.900000]: Replanning request. curr_vertex_idx: 10
[INFO] [1787633679.917287, 293.900000]:                     covered_vertices: ()
[INFO] [1787633679.918251, 293.900000]: Handle local replanning...
concorde /tmp/tmpnux_5hhy/problem.tsp
Host: msxg  Current process id: 67751
Using random seed 1787633679
Number of Nodes: 12
Explicit Lengths (CC_MATRIXNORM)
Set initial upperbound to 455 (from tour)
ERROR: No dual change in basis finding code
Did not find a basic optimal solution
Fractional matching routine failed
Warning: restarting running timer Miscellaneous
No warmstart, stumbling on anyway
Basic dual change required, but no candidate edges
recomputing rownorms ...
  LP Value  1: 455.000000  (0.00 seconds)
New lower bound: 455.000000
Final lower bound 455.000000, upper bound 455.000000
Exact lower bound: 455.000000
DIFF: 0.000000
Final LP has 12 rows, 18 columns, 36 nonzeros
Optimal Solution: 455.00
Number of bbnodes: 1
Total Running Time: 0.00 (seconds)
m_time=206.700000
[INFO] [1787633595.552751545, 209.600000000]: PHASE2C_KEYSCAN_ACCEPTED unique_id=143 state_id=143 sim_time=209.600000
[INFO] [1787633598.360771571, 212.400000000]: PHASE2C_KEYSCAN_ACCEPTED unique_id=144 state_id=144 sim_time=212.400000
[INFO] [1787633599.655462002, 213.700000000]: PHASE2C_KEYSCAN_ACCEPTED unique_id=145 state_id=145 sim_time=213.700000
[INFO] [1787633601.058508736, 215.100000000]: PHASE2C_KEYSCAN_ACCEPTED unique_id=146 state_id=146 sim_time=215.100000
[INFO] [1787633602.253430429, 216.300000000]: PHASE2C_KEYSCAN_ACCEPTED unique_id=147 state_id=147 sim_time=216.300000
[INFO] [1787633603.058787526, 217.100000000]: PHASE2C_KEYSCAN_ACCEPTED unique_id=148 state_id=148 sim_time=217.100000
[INFO] [1787633603.556531864, 217.600000000]: PHASE2C_KEYSCAN_ACCEPTED unique_id=149 state_id=149 sim_time=217.600000
[INFO] [1787633604.159178425, 218.200000000]: PHASE2C_KEYSCAN_ACCEPTED unique_id=150 state_id=150 sim_time=218.200000
[INFO] [1787633604.856657320, 218.900000000]: PHASE2C_KEYSCAN_ACCEPTED unique_id=151 state_id=151 sim_time=218.900000
[INFO] [1787633605.358940999, 219.400000000]: PHASE2C_KEYSCAN_ACCEPTED unique_id=152 state_id=152 sim_time=219.400000
[INFO] [1787633605.957263335, 220.000000000]: PHASE2C_KEYSCAN_ACCEPTED unique_id=153 state_id=153 sim_time=220.000000
[INFO] [1787633606.654816503, 220.700000000]: PHASE2C_KEYSCAN_ACCEPTED unique_id=154 state_id=154 sim_time=220.700000
[INFO] [1787633607.727125041, 221.700000000]: PHASE2C_KEYSCAN_ACCEPTED unique_id=155 state_id=155 sim_time=221.700000
[INFO] [1787633609.163945340, 223.200000000]: PHASE2C_KEYSCAN_ACCEPTED unique_id=156 state_id=156 sim_time=223.200000
[INFO] [1787633610.466597704, 224.500000000]: PHASE2C_KEYSCAN_ACCEPTED unique_id=157 state_id=157 sim_time=224.500000
[INFO] [1787633611.758140236, 225.800000000]: PHASE2C_KEYSCAN_ACCEPTED unique_id=158 state_id=158 sim_time=225.800000
[INFO] [1787633613.170588160, 227.200000000]: PHASE2C_KEYSCAN_ACCEPTED unique_id=159 state_id=159 sim_time=227.200000
[INFO] [1787633615.556424483, 229.600000000]: PHASE2C_KEYSCAN_ACCEPTED unique_id=160 state_id=160 sim_time=229.600000
[INFO] [1787633620.157169649, 234.200000000]: PHASE2C_KEYSCAN_ACCEPTED unique_id=161 state_id=161 sim_time=234.200000
[INFO] [1787633625.059339066, 239.100000000]: PHASE2C_KEYSCAN_ACCEPTED unique_id=162 state_id=162 sim_time=239.100000
[INFO] [1787633629.759350135, 243.800000000]: PHASE2C_KEYSCAN_ACCEPTED unique_id=163 state_id=163 sim_time=243.800000
[INFO] [1787633634.565740470, 248.600000000]: PHASE2C_KEYSCAN_ACCEPTED unique_id=164 state_id=164 sim_time=248.600000
[INFO] [1787633638.763747220, 252.800000000]: PHASE2C_KEYSCAN_ACCEPTED unique_id=165 state_id=165 sim_time=252.800000
[INFO] [1787633640.363362902, 254.400000000]: PHASE2C_KEYSCAN_ACCEPTED unique_id=166 state_id=166 sim_time=254.400000
[INFO] [1787633642.364204312, 256.400000000]: PHASE2C_KEYSCAN_ACCEPTED unique_id=167 state_id=167 sim_time=256.400000
[INFO] [1787633646.652945529, 260.700000000]: PHASE2C_KEYSCAN_ACCEPTED unique_id=168 state_id=168 sim_time=260.700000
[INFO] [1787633651.055645162, 265.100000000]: PHASE2C_KEYSCAN_ACCEPTED unique_id=169 state_id=169 sim_time=265.100000
[INFO] [1787633655.559510356, 269.600000000]: PHASE2C_KEYSCAN_ACCEPTED unique_id=170 state_id=170 sim_time=269.600000
[INFO] [1787633660.060643826, 274.100000000]: PHASE2C_KEYSCAN_ACCEPTED unique_id=171 state_id=171 sim_time=274.100000
[INFO] [1787633664.652237423, 278.700000000]: PHASE2C_KEYSCAN_ACCEPTED unique_id=172 state_id=172 sim_time=278.700000
[INFO] [1787633669.254684124, 283.300000000]: PHASE2C_KEYSCAN_ACCEPTED unique_id=173 state_id=173 sim_time=283.300000
[INFO] [1787633674.048758832, 288.100000000]: PHASE2C_KEYSCAN_ACCEPTED unique_id=174 state_id=174 sim_time=288.100000
[INFO] [1787633677.258209440, 291.300000000]: PHASE2C_KEYSCAN_ACCEPTED unique_id=175 state_id=175 sim_time=291.300000
[INFO] [1787633680.462327517, 294.500000000]: PHASE2C_KEYSCAN_ACCEPTED unique_id=176 state_id=176 sim_time=294.500000
[INFO] [1787633683.966883698, 298.000000000]: PHASE2C_KEYSCAN_ACCEconcorde /tmp/tmpns7zmhtw/problem.tsp
Host: msxg  Current process id: 67792
Using random seed 1787633685
Number of Nodes: 12
Explicit Lengths (CC_MATRIXNORM)
Set initial upperbound to 455 (from tour)
ERROR: No dual change in basis finding code
Did not find a basic optimal solution
Fractional matching routine failed
Warning: restarting running timer Miscellaneous
No warmstart, stumbling on anyway
Basic dual change required, but no candidate edges
  LP Value  1: 455.000000  (0.00 seconds)
New lower bound: 455.000000
Final lower bound 455.000000, upper bound 455.000000
Exact lower bound: 455.000000
DIFF: 0.000000
Final LP has 12 rows, 14 columns, 28 nonzeros
Optimal Solution: 455.00
Number of bbnodes: 1
Total Running Time: 0.00 (seconds)
concorde /tmp/tmp7wwl5slt/problem.tsp
Host: msxg  Current process id: 67809
Using random seed 1787633692
Number of Nodes: 12
Explicit Lengths (CC_MATRIXNORM)
Set initial upperbound to 455 (from tour)
ERROR: No dual change in basis finding code
Did not find a basic optimal solution
Fractional matching routine failed
Warning: restarting running timer Miscellaneous
No warmstart, stumbling on anyway
Basic dual change required, but no candidate edges
  LP Value  1: 455.000000  (0.00 seconds)
New lower bound: 455.000000
Final lower bound 455.000000, upper bound 455.000000
Exact lower bound: 455.000000
DIFF: 0.000000
Final LP has 12 rows, 15 columns, 30 nonzeros
Optimal Solution: 455.00
Number of bbnodes: 1
Total Running Time: 0.00 (seconds)
concorde /tmp/tmp760j9dlf/problem.tsp
Host: msxg  Current process id: 67833
Using random seed 1787633697
Number of Nodes: 12
Explicit Lengths (CC_MATRIXNORM)
Set initial upperbound to 455 (from tour)
ERROR: No dual change in basis finding code
Did not find a basic optimal solution
Fractional matching routine failed
Warning: restarting running timer Miscellaneous
No warmstart, stumbling on anyway
Basic dual change required, but no candidate edges
  LP Value  1: 455.000000  (0.00 seconds)
New lower bound: 455.000000
Final lower bound 455.000000, upper bound 455.000000
Exact lower bound: 455.000000
DIFF: 0.000000
Final LP has 12 rows, 15 columns, 30 nonzeros
Optimal Solution: 455.00
Number of bbnodes: 1
Total Running Time: 0.00 (seconds)
concorde /tmp/tmpdlcpvbbc/problem.tsp
Host: msxg  Current process id: 67864
Using random seed 1787633703
Number of Nodes: 12
Explicit Lengths (CC_MATRIXNORM)
Set initial upperbound to 455 (from tour)
ERROR: No dual change in basis finding code
Did not find a basic optimal solution
Fractional matching routine failed
Warning: restarting running timer Miscellaneous
No warmstart, stumbling on anyway
Basic dual change required, but no candidate edges
  LP Value  1: 455.000000  (0.00 seconds)
New lower bound: 455.000000
Final lower bound 455.000000, upper bound 455.000000
Exact lower bound: 455.000000
DIFF: 0.000000
Final LP has 12 rows, 14 columns, 28 nonzeros
Optimal Solution: 455.00
Number of bbnodes: 1
Total Running Time: 0.00 (seconds)
[WARN] [1787633703.922306473, 317.900000000]: No frontier at vertex 11. #Frontier: 0
concorde /tmp/tmpyi_kozua/problem.tsp
Host: msxg  Current process id: 67908
Using random seed 1787633710
Number of Nodes: 10
Explicit Lengths (CC_MATRIXNORM)
Set initial upperbound to 368 (from tour)
ERROR: No dual change in basis finding code
Did not find a basic optimal solution
Fractional matching routine failed
Warning: restarting running timer Miscellaneous
No warmstart, stumbling on anyway
Basic dual change required, but no candidate edges
recomputing rownorms ...
  LP Value  1: 368.000000  (0.00 seconds)
New lower bound: 368.000000
Final lower bound 368.000000, upper bound 368.000000
Exact lower bound: 368.000000
DIFF: 0.000000
Final LP has 10 rows, 10 columns, 20 nonzeros
Optimal Solution: 368.00
Number of bbnodes: 1
Total Running Time: 0.00 (seconds)
concorde /tmp/tmpxvnlguy0/problem.tsp
Host: msxg  Current process id: 67934
Using random seed 1787633716
Number of Nodes: 10
Explicit Lengths (CC_MATRIXNORM)
Set initial upperbound to 368 (from tour)
ERROR: No dual change in basis finding code
Did not find a basic optimal solution
Fractional matching routine failed
Warning: restarting running timer Miscellaneous
No warmstart, stumbling on anyway
Basic dual change required, but no candidate edges
recomputing rownorms ...
  LP Value  1: 368.000000  (0.00 seconds)
New lower bound: 368.000000
Final lower bound 368.000000, upper bound 368.000000
Exact lower bound: 368.000000
DIFF: 0.000000
Final LP has 10 rows, 10 columns, 20 nonzeros
Optimal Solution: 368.00
Number of bbnodes: 1
Total Running Time: 0.00 (seconds)
concorde /tmp/tmpdewdlt3k/problem.tsp
Host: msxg  Current process id: 67953
Using random seed 1787633722
Number of Nodes: 10
Explicit Lengths (CC_MATRIXNORM)
Set initial upperbound to 368 (from tour)
ERROR: No dual change in basis finding code
Did not find a basic optimal solution
Fractional matching routine failed
Warning: restarting running timer Miscellaneous
No warmstart, stumbling on anyway
Basic dual change required, but no candidate edges
recomputing rownorms ...
  LP Value  1: 368.000000  (0.00 seconds)
New lower bound: 368.000000
Final lower bound 368.000000, upper bound 368.000000
Exact lower bound: 368.000000
DIFF: 0.000000
Final LP has 10 rows, 10 columns, 20 nonzeros
Optimal Solution: 368.00
Number of bbnodes: 1
Total Running Time: 0.00 (seconds)
concorde /tmp/tmpo5qf8avi/problem.tsp
Host: msxg  Current process id: 67977
Using random seed 1787633727
Number of Nodes: 10
Explicit Lengths (CC_MATRIXNORM)
Set initial upperbound to 368 (from tour)
ERROR: No dual change in basis finding code
Did not find a basic optimal solution
Fractional matching routine failed
Warning: restarting running timer Miscellaneous
No warmstart, stumbling on anyway
Basic dual change required, but no candidate edges
recomputing rownorms ...
  LP Value  1: 368.000000  (0.00 seconds)
New lower bound: 368.000000
Final lower bound 368.000000, upper bound 368.000000
Exact lower bound: 368.000000
DIFF: 0.000000
Final LP has 10 rows, 10 columns, 20 nonzeros
Optimal Solution: 368.00
Number of bbnodes: 1
Total Running Time: 0.00 (seconds)
concorde /tmp/tmplgfm7sap/problem.tsp
Host: msxg  Current process id: 68008
Using random seed 1787633733
Number of Nodes: 10
Explicit Lengths (CC_MATRIXNORM)
Set initial upperbound to 368 (from tour)
ERROR: No dual change in basis finding code
Did not find a basic optimal solution
Fractional matching routine failed
Warning: restarting running timer Miscellaneous
No warmstart, stumbling on anyway
Basic dual change required, but no candidate edges
recomputing rownorms ...
  LP Value  1: 368.000000  (0.00 seconds)
New lower bound: 368.000000
Final lower bound 368.000000, upper bound 368.000000
Exact lower bound: 368.000000
DIFF: 0.000000
Final LP has 10 rows, 10 columns, 20 nonzeros
Optimal Solution: 368.00
Number of bbnodes: 1
Total Running Time: 0.00 (seconds)
concorde /tmp/tmpx2w_zxg4/problem.tsp
Host: msxg  Current process id: 68076
Using random seed 1787633739
Number of Nodes: 10
Explicit Lengths (CC_MATRIXNORM)
Set initial upperbound to 368 (from tour)
ERROR: No dual change in basis finding code
Did not find a basic optimal solution
Fractional matching routine failed
Warning: restarting running timer Miscellaneous
No warmstart, stumbling on anyway
Basic dual change required, but no candidate edges
  LP Value  1: 368.000000  (0.00 seconds)
New lower bound: 368.000000
Final lower bound 368.000000, upper bound 368.000000
Exact lower bound: 368.000000
DIFF: 0.000000
Final LP has 10 rows, 11 columns, 22 nonzeros
Optimal Solution: 368.00
Number of bbnodes: 1
Total Running Time: 0.00 (seconds)
[WARN] [1787633739.099873387, 353.100000000]: No frontier at vertex 35. #Frontier: 0
concorde /tmp/tmppw5vledo/problem.tsp
Host: msxg  Current process id: 68105
Using random seed 1787633744
Number of Nodes: 8
Explicit Lengths (CC_MATRIXNORM)
Optimal Solution: 331.00
Total Running Time: 0.00 (seconds)
concorde /tmp/tmpjlqf6l4h/problem.tsp
Host: msxg  Current process id: 68131
Using random seed 1787633751
Number of Nodes: 8
Explicit Lengths (CC_MATRIXNORM)
Optimal Solution: 331.00
Total Running Time: 0.00 (seconds)
[INFO] [1787633679.919096, 293.900000]: Local path to replan: [11, 35, 37, 20, 19, 15]
Reverse tsp path is better!
[INFO] [1787633679.929673, 293.900000]: curr path length: 43, is_loop length: 43
[INFO] [1787633679.930948, 293.900000]: Send new plan: 8 7 6 5 4 3 9 15 16 10 11  ---> 35 37 20 19 15(L) 19 23 29 30 24 25 31 32 26 38 36 12 11(L) 12 13 14 8(L) 14 18 17 21 22 28 34 33 27 26(L) 
[INFO] [1787633685.929732, 299.900000]: Replanning request. curr_vertex_idx: 10
[INFO] [1787633685.930616, 299.900000]:                     covered_vertices: ()
[INFO] [1787633685.931216, 299.900000]: Handle local replanning...
[INFO] [1787633685.931804, 299.900000]: Local path to replan: [11, 35, 37, 20, 19, 15]
Reverse tsp path is better!
[INFO] [1787633685.943916, 300.000000]: curr path length: 43, is_loop length: 43
[INFO] [1787633685.945544, 300.000000]: Send new plan: 8 7 6 5 4 3 9 15 16 10 11  ---> 35 37 20 19 15(L) 19 23 29 30 24 25 31 32 26 38 36 12 11(L) 12 13 14 8(L) 14 18 17 21 22 28 34 33 27 26(L) 
[INFO] [1787633691.148077, 305.200000]: Really visited vertices: 8 7 6 5 4 3 9 15 16 10 
[INFO] [1787633692.002210, 306.000000]: Replanning request. curr_vertex_idx: 10
[INFO] [1787633692.003152, 306.000000]:                     covered_vertices: ()
[INFO] [1787633692.003822, 306.000000]: Handle local replanning...
[INFO] [1787633692.004516, 306.000000]: Local path to replan: [11, 35, 37, 20, 19, 15]
Original tsp path is better!
[INFO] [1787633692.017326, 306.000000]: curr path length: 43, is_loop length: 43
[INFO] [1787633692.018943, 306.000000]: Send new plan: 8 7 6 5 4 3 9 15 16 10 11  ---> 35 37 20 19 15(L) 19 23 29 30 24 25 31 32 26 38 36 12 11(L) 12 13 14 8(L) 14 18 17 21 22 28 34 33 27 26(L) 
[INFO] [1787633697.171957, 311.200000]: Really visited vertices: 8 7 6 5 4 3 9 15 16 10 
[INFO] [1787633697.877932, 311.900000]: Replanning request. curr_vertex_idx: 10
[INFO] [1787633697.879039, 311.900000]:                     covered_vertices: ()
[INFO] [1787633697.879787, 311.900000]: Handle local replanning...
[INFO] [1787633697.880275, 311.900000]: Local path to replan: [11, 35, 37, 20, 19, 15]
Original tsp path is better!
[INFO] [1787633697.890290, 311.900000]: curr path length: 43, is_loop length: 43
[INFO] [1787633697.891509, 311.900000]: Send new plan: 8 7 6 5 4 3 9 15 16 10 11  ---> 35 37 20 19 15(L) 19 23 29 30 24 25 31 32 26 38 36 12 11(L) 12 13 14 8(L) 14 18 17 21 22 28 34 33 27 26(L) 
[INFO] [1787633703.303461, 317.300000]: Really visited vertices: 8 7 6 5 4 3 9 15 16 10 11 
[INFO] [1787633703.908374, 317.900000]: Replanning request. curr_vertex_idx: 10
[INFO] [1787633703.909371, 317.900000]:                     covered_vertices: ()
[INFO] [1787633703.910010, 317.900000]: Handle local replanning...
[INFO] [1787633703.910557, 317.900000]: Local path to replan: [11, 35, 37, 20, 19, 15]
Reverse tsp path is better!
[INFO] [1787633703.920191, 317.900000]: curr path length: 43, is_loop length: 43
[INFO] [1787633703.921233, 317.900000]: Send new plan: 8 7 6 5 4 3 9 15 16 10 11  ---> 35 37 20 19 15(L) 19 23 29 30 24 25 31 32 26 38 36 12 11(L) 12 13 14 8(L) 14 18 17 21 22 28 34 33 27 26(L) 
[INFO] [1787633710.087468, 324.100000]: Replanning request. curr_vertex_idx: 11
[INFO] [1787633710.088369, 324.100000]:                     covered_vertices: ()
[INFO] [1787633710.089094, 324.100000]: Handle local replanning...
[INFO] [1787633710.089650, 324.100000]: Local path to replan: [35, 37, 20, 19, 15]
Original tsp path is better!
[INFO] [1787633710.099720, 324.100000]: curr path length: 43, is_loop length: 43
[INFO] [1787633710.101169, 324.100000]: Send new plan: 8 7 6 5 4 3 9 15 16 10 11 35  ---> 37 20 19 15(L) 19 23 29 30 24 25 31 32 26 38 36 12 11(L) 12 13 14 8(L) 14 18 17 21 22 28 34 33 27 26(L) 
[INFO] [1787633716.068504, 330.100000]: Replanning request. curr_vertex_idx: 11
[INFO] [1787633716.069467, 330.100000]:                     covered_vertices: ()
[INFO] [1787633716.070307, 330.100000]: Handle local replanning...
[INFO] [1787633716.071115, 330.100000]: Local path to replan: [35, 37, 20, 19, 15]
Original tsp path is better!
[INFO] [1787633716.083311, 330.100000]: curr path length: 43, is_loop length: 43
[INFO] [1787633716.085020, 330.100000]: Send new plan: 8 7 6 5 4 3 9 15 16 10 11 35  ---> 37 20 19 15(L) 19 23 29 30 24 25 31 32 26 38 36 12 11(L) 12 13 14 8(L) 14 18 17 21 22 28 34 33 27 26(L) 
[INFO] [1787633722.106393, 336.100000]: Replanning request. curr_vertex_idx: 11
[INFO] [1787633722.107175, 336.100000]:                     covered_vertices: ()
[INFO] [1787633722.107728, 336.100000]: Handle local replanning...
[INFO] [1787633722.108152, 336.100000]: Local path to replan: [35, 37, 20, 19, 15]
Original tsp path is better!
[INFO] [1787633722.118274, 336.100000]: curr path length: 43, is_loop length: 43
[INFO] [1787633722.119590, 336.100000]: Send new plan: 8 7 6 5 4 3 9 15 16 10 11 35  ---> 37 20 19 15(L) 19 23 29 30 24 25 31 32 26 38 36 12 11(L) 12 13 14 8(L) 14 18 17 21 22 28 34 33 27 26(L) 
[INFO] [1787633727.935700, 342.000000]: Replanning request. curr_vertex_idx: 11
[INFO] [1787633727.936591, 342.000000]:                     covered_vertices: ()
[INFO] [1787633727.937292, 342.000000]: Handle local replanning...
[INFO] [1787633727.937872, 342.000000]: Local path to replan: [35, 37, 20, 19, 15]
Original tsp path is better!
[INFO] [1787633727.947395, 342.000000]: curr path length: 43, is_loop length: 43
[INFO] [1787633727.948555, 342.000000]: Send new plan: 8 7 6 5 4 3 9 15 16 10 11 35  ---> 37 20 19 15(L) 19 23 29 30 24 25 31 32 26 38 36 12 11(L) 12 13 14 8(L) 14 18 17 21 22 28 34 33 27 26(L) 
[INFO] [1787633733.079845, 347.100000]: Replanning request. curr_vertex_idx: 11
[INFO] [1787633733.080728, 347.100000]:                     covered_vertices: ()
[INFO] [1787633733.081556, 347.100000]: Handle local replanning...
[INFO] [1787633733.082117, 347.100000]: Local path to replan: [35, 37, 20, 19, 15]
Original tsp path is better!
[INFO] [1787633733.093591, 347.100000]: curr path length: 43, is_loop length: 43
[INFO] [1787633733.094880, 347.100000]: Send new plan: 8 7 6 5 4 3 9 15 16 10 11 35  ---> 37 20 19 15(L) 19 23 29 30 24 25 31 32 26 38 36 12 11(L) 12 13 14 8(L) 14 18 17 21 22 28 34 33 27 26(L) 
[INFO] [1787633739.084318, 353.100000]: Replanning request. curr_vertex_idx: 11
[INFO] [1787633739.085139, 353.100000]:                     covered_vertices: ()
[INFO] [1787633739.085730, 353.100000]: Handle local replanning...
[INFO] [1787633739.086227, 353.100000]: Local path to replan: [35, 37, 20, 19, 15]
Reverse tsp path is better!
[INFO] [1787633739.097304, 353.100000]: curr path length: 43, is_loop length: 43
[INFO] [1787633739.098751, 353.100000]: Send new plan: 8 7 6 5 4 3 9 15 16 10 11 35  ---> 37 20 19 15(L) 19 23 29 30 24 25 31 32 26 38 36 12 11(L) 12 13 14 8(L) 14 18 17 21 22 28 34 33 27 26(L) 
[INFO] [1787633743.905570, 357.900000]: Really visited vertices: 8 7 6 5 4 3 9 15 16 10 11 35 
[INFO] [1787633744.925767, 358.900000]: Replanning request. curr_vertex_idx: 12
[INFO] [1787633744.926750, 358.900000]:                     covered_vertices: ()
[INFO] [1787633744.927280, 358.900000]: Handle local replanning...
[INFO] [1787633744.927749, 358.900000]: Local path to replan: [37, 20, 19, 15]
Reverse tsp path is better!
[INFO] [1787633744.935745, 359.000000]: curr path length: 43, is_loop length: 43
[INFO] [1787633744.936563, 359.000000]: Send new plan: 8 7 6 5 4 3 9 15 16 10 11 35 37  ---> 20 19 15(L) 19 23 29 30 24 25 31 32 26 38 36 12 11(L) 12 13 14 8(L) 14 18 17 21 22 28 34 33 27 26(L) 
[INFO] [1787633751.163735, 365.200000]: Replanning request. curr_vertex_idx: 12
[INFO] [1787633751.164723, 365.200000]:                     covered_vertices: ()
[INFO] [1787633751.165513, 365.200000]: Handle local replanning...
[INFO] [1787633751.166202, 365.200000]: Local path to replan: [37, 20, 19, 15]
Reverse tsp path is better!
[INFO] [1787633751.175116, 365.200000]: curr path length: 43, is_loop length: 43
[INFO] [1787633751.176437, 365.200000]: Send new plan: 8 7 6 5 4 3 9 15 16 10 11 35 37  ---> 20 19 15(L) 19 23 29 30 24 25 31 32 26 38 36 12 11(L) 12 13 14 8(L) 14 18 17 21 22 28 34 33 27 26(L) 
concorde /tmp/tmp8ya3_fhu/problem.tsp
Host: msxg  Current process id: 68155
Using random seed 1787633756
Number of Nodes: 8
Explicit Lengths (CC_MATRIXNORM)
Optimal Solution: 331.00
Total Running Time: 0.00 (seconds)
concorde /tmp/tmps1axqam7/problem.tsp
Host: msxg  Current process id: 68165
Using random seed 1787633762
Number of Nodes: 8
Explicit Lengths (CC_MATRIXNORM)
Optimal Solution: 331.00
Total Running Time: 0.00 (seconds)
concorde /tmp/tmphrnmk3th/problem.tsp
Host: msxg  Current process id: 68212
Using random seed 1787633768
Number of Nodes: 8
Explicit Lengths (CC_MATRIXNORM)
Optimal Solution: 331.00
Total Running Time: 0.00 (seconds)
concorde /tmp/tmptobypryr/problem.tsp
Host: msxg  Current process id: 68229
Using random seed 1787633775
Number of Nodes: 8
Explicit Lengths (CC_MATRIXNORM)
Optimal Solution: 331.00
Total Running Time: 0.00 (seconds)
PTED unique_id=177 state_id=177 sim_time=298.000000
[INFO] [1787633687.465342973, 301.500000000]: PHASE2C_KEYSCAN_ACCEPTED unique_id=178 state_id=178 sim_time=301.500000
[INFO] [1787633691.073431311, 305.100000000]: PHASE2C_KEYSCAN_ACCEPTED unique_id=179 state_id=179 sim_time=305.100000
[INFO] [1787633694.869901285, 308.900000000]: PHASE2C_KEYSCAN_ACCEPTED unique_id=180 state_id=180 sim_time=308.900000
[INFO] [1787633697.068274714, 311.100000000]: PHASE2C_KEYSCAN_ACCEPTED unique_id=181 state_id=181 sim_time=311.100000
[INFO] [1787633698.552381484, 312.600000000]: PHASE2C_KEYSCAN_ACCEPTED unique_id=182 state_id=182 sim_time=312.600000
[INFO] [1787633699.665851521, 313.700000000]: PHASE2C_KEYSCAN_ACCEPTED unique_id=183 state_id=183 sim_time=313.700000
[INFO] [1787633701.058343067, 315.100000000]: PHASE2C_KEYSCAN_ACCEPTED unique_id=184 state_id=184 sim_time=315.100000
[INFO] [1787633703.262332318, 317.300000000]: PHASE2C_KEYSCAN_ACCEPTED unique_id=185 state_id=185 sim_time=317.300000
[INFO] [1787633707.655326154, 321.700000000]: PHASE2C_KEYSCAN_ACCEPTED unique_id=186 state_id=186 sim_time=321.700000
[INFO] [1787633712.460126447, 326.500000000]: PHASE2C_KEYSCAN_ACCEPTED unique_id=187 state_id=187 sim_time=326.500000
[INFO] [1787633717.360234370, 331.400000000]: PHASE2C_KEYSCAN_ACCEPTED unique_id=188 state_id=188 sim_time=331.400000
[INFO] [1787633722.365826149, 336.400000000]: PHASE2C_KEYSCAN_ACCEPTED unique_id=189 state_id=189 sim_time=336.400000
[INFO] [1787633726.558328496, 340.600000000]: PHASE2C_KEYSCAN_ACCEPTED unique_id=190 state_id=190 sim_time=340.600000
[INFO] [1787633728.358898882, 342.400000000]: PHASE2C_KEYSCAN_ACCEPTED unique_id=191 state_id=191 sim_time=342.400000
[INFO] [1787633729.250494886, 343.300000000]: PHASE2C_KEYSCAN_ACCEPTED unique_id=192 state_id=192 sim_time=343.300000
[INFO] [1787633730.669766714, 344.700000000]: PHASE2C_KEYSCAN_ACCEPTED unique_id=193 state_id=193 sim_time=344.700000
[INFO] [1787633732.074203889, 346.100000000]: PHASE2C_KEYSCAN_ACCEPTED unique_id=194 state_id=194 sim_time=346.100000
[INFO] [1787633733.465856703, 347.500000000]: PHASE2C_KEYSCAN_ACCEPTED unique_id=195 state_id=195 sim_time=347.500000
[INFO] [1787633734.161594100, 348.200000000]: PHASE2C_KEYSCAN_ACCEPTED unique_id=196 state_id=196 sim_time=348.200000
[INFO] [1787633734.758712376, 348.800000000]: PHASE2C_KEYSCAN_ACCEPTED unique_id=197 state_id=197 sim_time=348.800000
[INFO] [1787633735.466822795, 349.500000000]: PHASE2C_KEYSCAN_ACCEPTED unique_id=198 state_id=198 sim_time=349.500000
[INFO] [1787633736.068165178, 350.100000000]: PHASE2C_KEYSCAN_ACCEPTED unique_id=199 state_id=199 sim_time=350.100000
[INFO] [1787633736.566941955, 350.600000000]: PHASE2C_KEYSCAN_ACCEPTED unique_id=200 state_id=200 sim_time=350.600000
[INFO] [1787633737.662904063, 351.700000000]: PHASE2C_KEYSCAN_ACCEPTED unique_id=201 state_id=201 sim_time=351.700000
[INFO] [1787633739.153771918, 353.200000000]: PHASE2C_KEYSCAN_ACCEPTED unique_id=202 state_id=202 sim_time=353.200000
[INFO] [1787633740.555286882, 354.600000000]: PHASE2C_KEYSCAN_ACCEPTED unique_id=203 state_id=203 sim_time=354.600000
[INFO] [1787633743.858606593, 357.900000000]: PHASE2C_KEYSCAN_ACCEPTED unique_id=204 state_id=204 sim_time=357.900000
[INFO] [1787633745.345702217, 359.400000000]: PHASE2C_KEYSCAN_ACCEPTED unique_id=205 state_id=205 sim_time=359.400000
[INFO] [1787633747.663471593, 361.700000000]: PHASE2C_KEYSCAN_ACCEPTED unique_id=206 state_id=206 sim_time=361.700000
[INFO] [1787633752.262029765, 366.300000000]: PHASE2C_KEYSCAN_ACCEPTED unique_id=207 state_id=207 sim_time=366.300000
[INFO] [1787633757.258292433, 371.300000000]: PHASE2C_KEYSCAN_ACCEPTED unique_id=208 state_id=208 sim_time=371.300000
[INFO] [1787633762.061743034, 376.100000000]: PHASE2C_KEYSCAN_ACCEPTED unique_id=209 state_id=209 sim_time=376.100000
[INFO] [1787633766.951911977, 381.000000000]: PHASE2C_KEYSCAN_ACCEPTED unique_id=210 state_id=210 sim_time=381.000000
[INFO] [1787633771.958691535, 386.000000000]: PHASE2C_KEYSCAN_ACCEPTED unique_id=211 state_id=211 sim_time=386.000000
[INFO] [1787633775.854869258, 38concorde /tmp/tmp5922oauv/problem.tsp
Host: msxg  Current process id: 68263
Using random seed 1787633781
Number of Nodes: 6
Explicit Lengths (CC_MATRIXNORM)
Optimal Solution: 215.00
Total Running Time: 0.00 (seconds)
concorde /tmp/tmpyfmb18j4/problem.tsp
Host: msxg  Current process id: 68282
Using random seed 1787633787
Number of Nodes: 6
Explicit Lengths (CC_MATRIXNORM)
Optimal Solution: 215.00
Total Running Time: -0.00 (seconds)
concorde /tmp/tmpx58ubk6x/problem.tsp
Host: msxg  Current process id: 68309
Using random seed 1787633793
Number of Nodes: 6
Explicit Lengths (CC_MATRIXNORM)
Optimal Solution: 215.00
Total Running Time: 0.00 (seconds)
concorde /tmp/tmpj19hdiqq/problem.tsp
Host: msxg  Current process id: 68353
Using random seed 1787633799
Number of Nodes: 6
Explicit Lengths (CC_MATRIXNORM)
Optimal Solution: 215.00
Total Running Time: 0.00 (seconds)
concorde /tmp/tmpvyniqmaz/problem.tsp
Host: msxg  Current process id: 68373
Using random seed 1787633805
Number of Nodes: 6
Explicit Lengths (CC_MATRIXNORM)
Optimal Solution: 215.00
Total Running Time: 0.00 (seconds)
concorde /tmp/tmpny3myb3d/problem.tsp
Host: msxg  Current process id: 68418
Using random seed 1787633811
Number of Nodes: 6
Explicit Lengths (CC_MATRIXNORM)
Optimal Solution: 215.00
Total Running Time: 0.00 (seconds)
[WARN] [1787633811.204755111, 425.200000000]: No frontier at vertex 20. #Frontier: 0
6, 193.900000000]: Call local replanning...
[INFO] [1787633585.927860103, 199.900000000]: Call local replanning...
[INFO] [1787633591.998594070, 206.000000000]: Call local replanning...
[INFO] [1787633597.905910616, 211.900000000]: Call local replanning...
[INFO] [1787633597.911103007, 211.900000000]: Reach vertex 15
[INFO] [1787633597.914527254, 211.900000000]: Explore Goal 15 's frontiers...
[INFO] [1787633602.018606223, 216.000000000]: Call local replanning...
[INFO] [1787633602.024125625, 216.000000000]: Set newGoal 16
[INFO] [1787633607.920128084, 221.900000000]: Call local replanning...
[INFO] [1787633613.999984380, 228.000000000]: Call local replanning...
[INFO] [1787633620.043182750, 234.100000000]: Call local replanning...
[INFO] [1787633625.988555034, 240.000000000]: Call local replanning...
[INFO] [1787633631.943981750, 246.000000000]: Call local replanning...
[INFO] [1787633637.903534988, 251.900000000]: Call local replanning...
[INFO] [1787633637.920141741, 251.900000000]: Reach vertex 16
[INFO] [1787633637.920180951, 251.900000000]: Skip repeated visit to vertex 10
[INFO] [1787633637.920185930, 251.900000000]: Set newGoal 11
[INFO] [1787633644.033265971, 258.000000000]: Call local replanning...
[INFO] [1787633650.065925043, 264.100000000]: Call local replanning...
[INFO] [1787633655.874481722, 269.900000000]: Call local replanning...
[INFO] [1787633661.927330890, 275.900000000]: Call local replanning...
[INFO] [1787633667.939203818, 282.000000000]: Call local replanning...
[INFO] [1787633674.045629460, 288.100000000]: Call local replanning...
[INFO] [1787633679.915088516, 293.900000000]: Call local replanning...
[INFO] [1787633685.928446091, 299.900000000]: Call local replanning...
[INFO] [1787633692.000721794, 306.000000000]: Call local replanning...
[INFO] [1787633697.876698178, 311.900000000]: Call local replanning...
[INFO] [1787633697.892647011, 311.900000000]: Reach vertex 11
[INFO] [1787633697.897446841, 311.900000000]: Explore Goal 11 's frontiers...
[INFO] [1787633703.907127783, 317.900000000]: Call local replanning...
[INFO] [1787633703.922346821, 317.900000000]: Set newGoal 35
[INFO] [1787633710.086033647, 324.100000000]: Call local replanning...
[INFO] [1787633716.067159654, 330.100000000]: Call local replanning...
[INFO] [1787633722.105140887, 336.100000000]: Call local replanning...
[INFO] [1787633727.934632607, 342.000000000]: Call local replanning...
[INFO] [1787633727.949515415, 342.000000000]: Reach vertex 35
[INFO] [1787633727.953599428, 342.000000000]: Explore Goal 35 's frontiers...
[INFO] [1787633733.078398011, 347.100000000]: Call local replanning...
[INFO] [1787633733.122349422, 347.100000000]: Explore Goal 35 's frontiers...
[INFO] [1787633739.083105771, 353.100000000]: Call local replanning...
[INFO] [1787633739.099919687, 353.100000000]: Set newGoal 37
[INFO] [1787633744.924434471, 358.900000000]: Call local replanning...
[INFO] [1787633751.162319534, 365.200000000]: Call local replanning...
[INFO] [1787633756.973517462, 371.000000000]: Call local replanning...
[INFO] [1787633762.925002688, 376.900000000]: Call local replanning...
[INFO] [1787633768.978259745, 383.000000000]: Call local replanning...
[INFO] [1787633774.990416944, 389.000000000]: Call local replanning...
[INFO] [1787633775.008872017, 389.000000000]: Skip currGoal 37 that has no frontier and seen by robot
[INFO] [1787633775.008900205, 389.000000000]: Set newGoal 20
[INFO] [1787633781.037614497, 395.100000000]: Call local replanning...
[INFO] [1787633787.012017819, 401.000000000]: Call local replanning...
[INFO] [1787633793.152039745, 407.200000000]: Call local replanning...
[INFO] [1787633799.012979211, 413.000000000]: Call local replanning...
[INFO] [1787633805.009987821, 419.000000000]: Call local replanning...
[INFO] [1787633811.189584709, 425.200000000]: Call local replanning...
[INFO] [1787633811.204731528, 425.200000000]: Reach vertex 20
[INFO] [1787633811.204787935, 425.200000000]: Set newGoal 19
[INFO] [1787633816.963597495, 431.000000000]: Call local replanning...
[INFO] [1787633823.023415291, 437.0000000009.900000000]: PHASE2C_KEYSCAN_ACCEPTED unique_id=212 state_id=212 sim_time=389.900000
[INFO] [1787633777.348361620, 391.400000000]: PHASE2C_KEYSCAN_ACCEPTED unique_id=213 state_id=213 sim_time=391.400000
[INFO] [1787633779.467995371, 393.500000000]: PHASE2C_KEYSCAN_ACCEPTED unique_id=214 state_id=214 sim_time=393.500000
[INFO] [1787633783.851813891, 397.900000000]: PHASE2C_KEYSCAN_ACCEPTED unique_id=215 state_id=215 sim_time=397.900000
[INFO] [1787633788.355039132, 402.400000000]: PHASE2C_KEYSCAN_ACCEPTED unique_id=216 state_id=216 sim_time=402.400000
[INFO] [1787633792.848645676, 406.900000000]: PHASE2C_KEYSCAN_ACCEPTED unique_id=217 state_id=217 sim_time=406.900000
[INFO] [1787633797.357356998, 411.400000000]: PHASE2C_KEYSCAN_ACCEPTED unique_id=218 state_id=218 sim_time=411.400000
[INFO] [1787633801.665463461, 415.700000000]: PHASE2C_KEYSCAN_ACCEPTED unique_id=219 state_id=219 sim_time=415.700000
[INFO] [1787633805.366737860, 419.400000000]: PHASE2C_KEYSCAN_ACCEPTED unique_id=220 state_id=220 sim_time=419.400000
[INFO] [1787633806.753626791, 420.800000000]: PHASE2C_KEYSCAN_ACCEPTED unique_id=221 state_id=221 sim_time=420.800000
[INFO] [1787633808.171508763, 422.200000000]: PHASE2C_KEYSCAN_ACCEPTED unique_id=222 state_id=222 sim_time=422.200000
[INFO] [1787633809.358136330, 423.400000000]: PHASE2C_KEYSCAN_ACCEPTED unique_id=223 state_id=223 sim_time=423.400000
[INFO] [1787633810.712775846, 424.700000000]: PHASE2C_KEYSCAN_ACCEPTED unique_id=224 state_id=224 sim_time=424.700000
[INFO] [1787633812.053148541, 426.100000000]: PHASE2C_KEYSCAN_ACCEPTED unique_id=225 state_id=225 sim_time=426.100000
[INFO] [1787633813.459132502, 427.500000000]: PHASE2C_KEYSCAN_ACCEPTED unique_id=226 state_id=226 sim_time=427.500000
[INFO] [1787633814.760647025, 428.800000000]: PHASE2C_KEYSCAN_ACCEPTED unique_id=227 state_id=227 sim_time=428.800000
[INFO] [1787633816.162468899, 430.200000000]: PHASE2C_KEYSCAN_ACCEPTED unique_id=228 state_id=228 sim_time=430.200000
[INFO] [1787633817.552454577, 431.600000000]: PHASE2C_KEYSCAN_ACCEPTED unique_id=229 state_id=229 sim_time=431.600000
[INFO] [1787633818.853504812, 432.900000000]: PHASE2C_KEYSCAN_ACCEPTED unique_id=230 state_id=230 sim_time=432.900000
[INFO] [1787633820.163403730, 434.200000000]: PHASE2C_KEYSCAN_ACCEPTED unique_id=231 state_id=231 sim_time=434.200000
[INFO] [1787633821.562584997, 435.600000000]: PHASE2C_KEYSCAN_ACCEPTED unique_id=232 state_id=232 sim_time=435.600000
[INFO] [1787633822.844642815, 436.900000000]: PHASE2C_KEYSCAN_ACCEPTED unique_id=233 state_id=233 sim_time=436.900000
[INFO] [1787633824.450805957, 438.500000000]: PHASE2C_KEYSCAN_ACCEPTED unique_id=234 state_id=234 sim_time=438.500000
[INFO] [1787633825.760197397, 439.800000000]: PHASE2C_KEYSCAN_ACCEPTED unique_id=235 state_id=235 sim_time=439.800000
[INFO] [1787633827.169065665, 441.200000000]: PHASE2C_KEYSCAN_ACCEPTED unique_id=236 state_id=236 sim_time=441.200000
[INFO] [1787633828.557880170, 442.600000000]: PHASE2C_KEYSCAN_ACCEPTED unique_id=237 state_id=237 sim_time=442.600000
[INFO] [1787633835.851440252, 449.900000000]: PHASE2C_KEYSCAN_ACCEPTED unique_id=238 state_id=238 sim_time=449.900000
[INFO] [1787633837.267109992, 451.300000000]: PHASE2C_KEYSCAN_ACCEPTED unique_id=239 state_id=239 sim_time=451.300000
[INFO] [1787633838.570517818, 452.600000000]: PHASE2C_KEYSCAN_ACCEPTED unique_id=240 state_id=240 sim_time=452.600000
[INFO] [1787633839.865804497, 453.900000000]: PHASE2C_KEYSCAN_ACCEPTED unique_id=241 state_id=241 sim_time=453.900000
[INFO] [1787633841.270784631, 455.300000000]: PHASE2C_KEYSCAN_ACCEPTED unique_id=242 state_id=242 sim_time=455.300000
[INFO] [1787633842.547545766, 456.600000000]: PHASE2C_KEYSCAN_ACCEPTED unique_id=243 state_id=243 sim_time=456.600000
[INFO] [1787633843.858696293, 457.900000000]: PHASE2C_KEYSCAN_ACCEPTED unique_id=244 state_id=244 sim_time=457.900000
[INFO] [1787633845.149424430, 459.200000000]: PHASE2C_KEYSCAN_ACCEPTED unique_id=245 state_id=245 sim_time=459.200000
[INFO] [1787633846.361544330, 460.400000000]: PHASE2C_KEYSCAN_ACCEPTED unique_id=246 state_id=246 sim_time=460.400000
[INFO] [1787633847.865302852, 461.900000000]: PHASE2C_KEYSCAN_ACCEPTED unique_id=247 state_id=247 sim_time=461.900000
[INFO] [1787633849.151589590, 463.200000000]: PHASE2C_KEYSCAN_ACCEPTED unique_id=248 state_id=248 sim_time=463.200000
[INFO] [1787633850.359111882, 464.400000000]: PHASE2C_KEYSCAN_ACCEPTED unique_id=249 state_id=249 sim_time=464.400000
[INFO] [1787633851.758484828, 465.800000000]: PHASE2C_KEYSCAN_ACCEPTED unique_id=250 state_id=250 sim_time=465.800000
[INFO] [1787633853.041274992, 467.100000000]: PHASE2C_KEYSCAN_ACCEPTED unique_id=251 state_id=251 sim_time=467.100000
[INFO] [1787633854.563950197, 468.600000000]: PHASE2C_KEYSCAN_ACCEPTED unique_id=252 state_id=252 sim_time=468.600000
[INFO] [1787633856.058951102, 470.100000000]: PHASE2C_KEYSCAN_ACCEPTED unique_id=253 state_id=253 sim_time=470.100000
[INFO] [1787633856.722496897, 470.700000000]: PHASE2C_KEYSCAN_ACCEPTED unique_id=254 state_id=254 sim_time=470.700000
[INFO] [1787633857.468565860, 471.500000000]: PHASE2C_KEYSCAN_ACCEPTED unique_id=255 state_id=255 sim_time=471.500000
[INFO] [1787633858.151724694, 472.200000000]: PHASE2C_KEYSCAN_ACCEPTED unique_id=256 state_id=256 sim_time=472.200000
[INFO] [1787633858.950505059, 473.000000000]: PHASE2C_KEYSCAN_ACCEPTED unique_id=257 state_id=257 sim_time=473.000000
[INFO] [1787633860.263084203, 474.300000000]: PHASE2C_KEYSCAN_ACCEPTED unique_id=258 state_id=258 sim_time=474.300000
[INFO] [1787633861.990046255, 476.000000000]: PHASE2C_KEYSCAN_ACCEPTED unique_id=259 state_id=259 sim_time=476.000000
[INFO] [1787633862.779105617, 476.800000000]: PHASE2C_KEYSCAN_ACCEPTED unique_id=260 state_id=260 sim_time=476.700000
[INFO] [1787633863.353227415, 477.400000000]: PHASE2C_KEYSCAN_ACCEPTED unique_id=261 state_id=261 sim_time=477.400000
[INFO] [1787633864.068734124, 478.100000000]: PHASE2C_KEYSCAN_ACCEPTED unique_id=262 state_id=262 sim_time=478.100000
[INFO] [1787633864.858002400, 478.900000000]: PHASE2C_KEYSCAN_ACCEPTED unique_id=263 state_id=263 sim_time=478.900000
[INFO] [1787633865.853511233, 479.900000000]: PHASE2C_KEYSCAN_ACCEPTED unique_id=264 state_id=264 sim_time=479.900000
[INFO] [1787633867.667000683, 481.700000000]: PHASE2C_KEYSCAN_ACCEPTED unique_id=265 state_id=265 sim_time=481.700000
[INFO] [1787633868.263324496, 482.300000000]: PHASE2C_KEYSCAN_ACCEPTED unique_id=266 state_id=266 sim_time=482.300000
[INFO] [1787633868.959813392, 483.000000000]: PHASE2C_KEYSCAN_ACCEPTED unique_id=267 state_id=267 sim_time=483.000000
[INFO] [1787633869.702018252, 483.700000000]: PHASE2C_KEYSCAN_ACCEPTED unique_id=268 state_id=268 sim_time=483.700000
[INFO] [1787633870.858903514, 484.900000000]: PHASE2C_KEYSCAN_ACCEPTED unique_id=269 state_id=269 sim_time=484.900000
[INFO] [1787633873.070792931, 487.100000000]: PHASE2C_KEYSCAN_ACCEPTED unique_id=270 state_id=270 sim_time=487.100000
[INFO] [1787633873.874808956, 487.900000000]: PHASE2C_KEYSCAN_ACCEPTED unique_id=271 state_id=271 sim_time=487.900000
[INFO] [1787633875.169330405, 489.200000000]: PHASE2C_KEYSCAN_ACCEPTED unique_id=272 state_id=272 sim_time=489.200000
[INFO] [1787633877.607636288, 491.600000000]: PHASE2C_KEYSCAN_ACCEPTED unique_id=273 state_id=273 sim_time=491.600000
[INFO] [1787633878.854753746, 492.900000000]: PHASE2C_KEYSCAN_ACCEPTED unique_id=274 state_id=274 sim_time=492.900000
[INFO] [1787633881.983139131, 496.000000000]: PHASE2C_KEYSCAN_ACCEPTED unique_id=275 state_id=275 sim_time=496.000000
[INFO] [1787633882.854662821, 496.900000000]: PHASE2C_KEYSCAN_ACCEPTED unique_id=276 state_id=276 sim_time=496.900000
[INFO] [1787633884.870807153, 498.900000000]: PHASE2C_KEYSCAN_ACCEPTED unique_id=277 state_id=277 sim_time=498.900000
[INFO] [1787633885.969161753, 500.000000000]: PHASE2C_KEYSCAN_ACCEPTED unique_id=278 state_id=278 sim_time=500.000000
[INFO] [1787633886.784232383, 500.800000000]: PHASE2C_KEYSCAN_ACCEPTED unique_id=279 state_id=279 sim_time=500.800000
[INFO] [1787633887.681563825, 501.700000000]: PHASE2C_KEYSCAN_ACCEPTED unique_id=280 state_id=280 sim_time=501.700000
[INFO] [1787633889.697040398, 503.700000000]: PHASE2C_KEYSCAN_ACCEPTED unique_id=281 state_id=281 sim_time=503.700000
[INFO] [1787633890.370249400, 504.400000000]: PHASE2C_KEYSCAN_ACCEPTED unique_id=282 state_id=282 sim_time=504.400000
[INFO] [1787633890.970174624, 505.000000000]: PHASE2C_KEYSCAN_ACCEPTED unique_id=283 state_id=283 sim_time=505.000000
[INFO] [1787633891.470857804, 505.500000000]: PHASE2C_KEYSCAN_ACCEPTED unique_id=284 state_id=284 sim_time=505.500000
[INFO] [1787633892.974549121, 507.000000000]: PHASE2C_KEYSCAN_ACCEPTED unique_id=285 state_id=285 sim_time=507.000000
[INFO] [1787633894.174073607, 508.200000000]: PHASE2C_KEYSCAN_ACCEPTED unique_id=286 state_id=286 sim_time=508.200000
[INFO] [1787633894.807356957, 508.800000000]: PHASE2C_KEYSCAN_ACCEPTED unique_id=287 state_id=287 sim_time=508.800000
[INFO] [1787633895.606945252, 509.600000000]: PHASE2C_KEYSCAN_ACCEPTED unique_id=288 state_id=288 sim_time=509.600000
[INFO] [1787633897.166747509, 511.200000000]: PHASE2C_KEYSCAN_ACCEPTED unique_id=289 state_id=289 sim_time=511.200000
[INFO] [1787633898.299115109, 512.300000000]: PHASE2C_KEYSCAN_ACCEPTED unique_id=290 state_id=290 sim_time=512.300000
[INFO] [1787633898.961335544, 513.000000000]: PHASE2C_KEYSCAN_ACCEPTED unique_id=291 state_id=291 sim_time=513.000000
[INFO] [1787633899.674585286, 513.700000000]: PHASE2C_KEYSCAN_ACCEPTED unique_id=292 state_id=292 sim_time=513.700000
[INFO] [1787633900.409583882, 514.400000000]: PHASE2C_KEYSCAN_ACCEPTED unique_id=293 state_id=293 sim_time=514.400000
[INFO] [1787633901.062320246, 515.100000000]: PHASE2C_KEYSCAN_ACCEPTED unique_id=294 state_id=294 sim_time=515.100000
[INFO] [1787633901.988886786, 516.000000000]: PHASE2C_KEYSCAN_ACCEPTED unique_id=295 state_id=295 sim_time=516.000000
[INFO] [1787633903.791756238, 517.800000000]: PHASE2C_KEYSCAN_ACCEPTED unique_id=296 state_id=296 sim_time=517.800000
[INFO] [1787633904.275009082, 518.300000000]: PHASE2C_KEYSCAN_ACCEPTED unique_id=297 state_id=297 sim_time=518.300000
[INFO] [1787633904.959203318, 519.000000000]: PHASE2C_KEYSCAN_ACCEPTED unique_id=298 state_id=298 sim_time=519.000000
[INFO] [1787633905.816435688, 519.800000000]: PHASE2C_KEYSCAN_ACCEPTED unique_id=299 state_id=299 sim_time=519.800000
[INFO] [1787633907.665171050, 521.700000000]: PHASE2C_KEYSCAN_ACCEPTED unique_id=300 state_id=300 sim_time=521.700000
[INFO] [1787633908.407944576, 522.400000000]: PHASE2C_KEYSCAN_ACCEPTED unique_id=301 state_id=301 sim_time=522.400000
[INFO] [1787633909.068349925, 523.100000000]: PHASE2C_KEYSCAN_ACCEPTED unique_id=302 state_id=302 sim_time=523.100000
[INFO] [1787633909.579267776, 523.600000000]: PHASE2C_KEYSCAN_ACCEPTED unique_id=303 state_id=303 sim_time=523.600000
[INFO] [1787633910.166308047, 524.200000000]: PHASE2C_KEYSCAN_ACCEPTED unique_id=304 state_id=304 sim_time=524.200000
[INFO] [1787633910.904495768, 524.900000000]: PHASE2C_KEYSCAN_ACCEPTED unique_id=305 state_id=305 sim_time=524.900000
[INFO] [1787633911.585905630, 525.600000000]: PHASE2C_KEYSCAN_ACCEPTED unique_id=306 state_id=306 sim_time=525.600000
[INFO] [1787633912.382274270, 526.400000000]: PHASE2C_KEYSCAN_ACCEPTED unique_id=307 state_id=307 sim_time=526.400000
[INFO] [1787633913.379018961, 527.400000000]: PHASE2C_KEYSCAN_ACCEPTED unique_id=308 state_id=308 sim_time=527.400000
[INFO] [1787633915.073043630, 529.100000000]: PHASE2C_KEYSCAN_ACCEPTED unique_id=309 state_id=309 sim_time=529.100000
[INFO] [1787633916.748942054, 530.800000000]: PHASE2C_KEYSCAN_ACCEPTED unique_id=310 state_id=310 sim_time=530.700000
[INFO] [1787633919.182830840, 533.200000000]: PHASE2C_KEYSCAN_ACCEPTED unique_id=311 state_id=311 sim_time=533.200000
[INFO] [1787633920.570432807, 534.600000000]: PHASE2C_KEYSCAN_ACCEPTED unique_id=312 state_id=312 sim_time=534.600000
[INFO] [1787633923.174788624, 537.200000000]: PHASE2C_KEYSCAN_ACCEPTED unique_id=313 state_id=313 sim_time=537.200000
[INFO] [1787633925.257001074, 539.300000000]: PHASE2C_KEYSCAN_ACCEPTED unique_id=314 state_id=314 sim_time=539.300000
[INFO] [1787633926.268442026, 540.300000000]: PHASE2C_KEYSCAN_ACCEPTED unique_id=315 state_id=315 sim_time=540.300000
[INFO] [1787633926.974645760, 541.000000000]: PH[INFO] [1787633756.974799, 371.000000]: Replanning request. curr_vertex_idx: 12
[INFO] [1787633756.975800, 371.000000]:                     covered_vertices: ()
[INFO] [1787633756.976435, 371.000000]: Handle local replanning...
[INFO] [1787633756.977009, 371.000000]: Local path to replan: [37, 20, 19, 15]
Reverse tsp path is better!
[INFO] [1787633756.986170, 371.000000]: curr path length: 43, is_loop length: 43
[INFO] [1787633756.987352, 371.000000]: Send new plan: 8 7 6 5 4 3 9 15 16 10 11 35 37  ---> 20 19 15(L) 19 23 29 30 24 25 31 32 26 38 36 12 11(L) 12 13 14 8(L) 14 18 17 21 22 28 34 33 27 26(L) 
[INFO] [1787633762.110218, 376.100000]: Really visited vertices: 8 7 6 5 4 3 9 15 16 10 11 35 
[INFO] [1787633762.926235, 376.900000]: Replanning request. curr_vertex_idx: 12
[INFO] [1787633762.927442, 376.900000]:                     covered_vertices: ()
[INFO] [1787633762.928430, 376.900000]: Handle local replanning...
[INFO] [1787633762.929472, 376.900000]: Local path to replan: [37, 20, 19, 15]
Reverse tsp path is better!
[INFO] [1787633762.941605, 377.000000]: curr path length: 43, is_loop length: 43
[INFO] [1787633762.943203, 377.000000]: Send new plan: 8 7 6 5 4 3 9 15 16 10 11 35 37  ---> 20 19 15(L) 19 23 29 30 24 25 31 32 26 38 36 12 11(L) 12 13 14 8(L) 14 18 17 21 22 28 34 33 27 26(L) 
[INFO] [1787633768.979537, 383.000000]: Replanning request. curr_vertex_idx: 12
[INFO] [1787633768.980791, 383.000000]:                     covered_vertices: ()
[INFO] [1787633768.981707, 383.000000]: Handle local replanning...
[INFO] [1787633768.982608, 383.000000]: Local path to replan: [37, 20, 19, 15]
Reverse tsp path is better!
[INFO] [1787633768.993935, 383.000000]: curr path length: 43, is_loop length: 43
[INFO] [1787633768.995301, 383.000000]: Send new plan: 8 7 6 5 4 3 9 15 16 10 11 35 37  ---> 20 19 15(L) 19 23 29 30 24 25 31 32 26 38 36 12 11(L) 12 13 14 8(L) 14 18 17 21 22 28 34 33 27 26(L) 
[INFO] [1787633774.991654, 389.000000]: Replanning request. curr_vertex_idx: 12
[INFO] [1787633774.993011, 389.000000]:                     covered_vertices: ()
[INFO] [1787633774.993951, 389.000000]: Handle local replanning...
[INFO] [1787633774.994785, 389.000000]: Local path to replan: [37, 20, 19, 15]
Original tsp path is better!
[INFO] [1787633775.006196, 389.000000]: curr path length: 43, is_loop length: 43
[INFO] [1787633775.007463, 389.000000]: Send new plan: 8 7 6 5 4 3 9 15 16 10 11 35 37  ---> 20 19 15(L) 19 23 29 30 24 25 31 32 26 38 36 12 11(L) 12 13 14 8(L) 14 18 17 21 22 28 34 33 27 26(L) 
[INFO] [1787633781.038538, 395.100000]: Replanning request. curr_vertex_idx: 13
[INFO] [1787633781.039681, 395.100000]:                     covered_vertices: ()
[INFO] [1787633781.040743, 395.100000]: Handle local replanning...
[INFO] [1787633781.041864, 395.100000]: Local path to replan: [20, 19, 15]
Reverse tsp path is better!
[INFO] [1787633781.053751, 395.100000]: curr path length: 43, is_loop length: 43
[INFO] [1787633781.055510, 395.100000]: Send new plan: 8 7 6 5 4 3 9 15 16 10 11 35 37 20  ---> 19 15(L) 19 23 29 30 24 25 31 32 26 38 36 12 11(L) 12 13 14 8(L) 14 18 17 21 22 28 34 33 27 26(L) 
[INFO] [1787633787.013267, 401.000000]: Replanning request. curr_vertex_idx: 13
[INFO] [1787633787.014261, 401.000000]:                     covered_vertices: ()
[INFO] [1787633787.014940, 401.000000]: Handle local replanning...
[INFO] [1787633787.015628, 401.000000]: Local path to replan: [20, 19, 15]
Reverse tsp path is better!
[INFO] [1787633787.024687, 401.000000]: curr path length: 43, is_loop length: 43
[INFO] [1787633787.025926, 401.000000]: Send new plan: 8 7 6 5 4 3 9 15 16 10 11 35 37 20  ---> 19 15(L) 19 23 29 30 24 25 31 32 26 38 36 12 11(L) 12 13 14 8(L) 14 18 17 21 22 28 34 33 27 26(L) 
[INFO] [1787633793.153438, 407.200000]: Replanning request. curr_vertex_idx: 13
[INFO] [1787633793.154384, 407.200000]:                     covered_vertices: ()
[INFO] [1787633793.154931, 407.200000]: Handle local replanning...
[INFO] [1787633793.155485, 407.200000]: Local path to replan: [20, 19, 15]
Reverse tsp path is better!
[INFO] [1787633793.163799, 407.200000]: curr path length: 43, is_loop length: 43
[INFO] [1787633793.164493, 407.200000]: Send new plan: 8 7 6 5 4 3 9 15 16 10 11 35 37 20  ---> 19 15(L) 19 23 29 30 24 25 31 32 26 38 36 12 11(L) 12 13 14 8(L) 14 18 17 21 22 28 34 33 27 26(L) 
[INFO] [1787633799.014202, 413.000000]: Replanning request. curr_vertex_idx: 13
[INFO] [1787633799.015338, 413.000000]:                     covered_vertices: ()
[INFO] [1787633799.016142, 413.000000]: Handle local replanning...
[INFO] [1787633799.016908, 413.000000]: Local path to replan: [20, 19, 15]
Reverse tsp path is better!
[INFO] [1787633799.025940, 413.000000]: curr path length: 43, is_loop length: 43
[INFO] [1787633799.027060, 413.000000]: Send new plan: 8 7 6 5 4 3 9 15 16 10 11 35 37 20  ---> 19 15(L) 19 23 29 30 24 25 31 32 26 38 36 12 11(L) 12 13 14 8(L) 14 18 17 21 22 28 34 33 27 26(L) 
[INFO] [1787633805.011255, 419.000000]: Replanning request. curr_vertex_idx: 13
[INFO] [1787633805.012114, 419.000000]:                     covered_vertices: ()
[INFO] [1787633805.012754, 419.000000]: Handle local replanning...
[INFO] [1787633805.013255, 419.000000]: Local path to replan: [20, 19, 15]
Reverse tsp path is better!
[INFO] [1787633805.022742, 419.000000]: curr path length: 43, is_loop length: 43
[INFO] [1787633805.023943, 419.000000]: Send new plan: 8 7 6 5 4 3 9 15 16 10 11 35 37 20  ---> 19 15(L) 19 23 29 30 24 25 31 32 26 38 36 12 11(L) 12 13 14 8(L) 14 18 17 21 22 28 34 33 27 26(L) 
[INFO] [1787633811.190760, 425.200000]: Replanning request. curr_vertex_idx: 13
[INFO] [1787633811.191626, 425.200000]:                     covered_vertices: ()
[INFO] [1787633811.192245, 425.200000]: Handle local replanning...
[INFO] [1787633811.192933, 425.200000]: Local path to replan: [20, 19, 15]
Reverse tsp path is better!
[INFO] [1787633811.202174, 425.200000]: curr path length: 43, is_loop length: 43
[INFO] [1787633811.203531, 425.200000]: Send new plan: 8 7 6 5 4 3 9 15 16 10 11 35 37 20  ---> 19 15(L) 19 23 29 30 24 25 31 32 26 38 36 12 11(L) 12 13 14 8(L) 14 18 17 21 22 28 34 33 27 26(L) 
[INFO] [1787633816.265262, 430.300000]: Really visited vertices: 8 7 6 5 4 3 9 15 16 10 11 35 37 20 
[INFO] [1787633816.964914, 431.000000]: Replanning request. curr_vertex_idx: 14
[INFO] [1787633816.965949, 431.000000]:                     covered_vertices: ()
[INFO] [1787633816.967024, 431.000000]: Handle local replanning...
[INFO] [1787633816.967863, 431.000000]: Local path to replan: [19, 15]
[INFO] [1787633816.968609, 431.000000]: curr path length: 43, is_loop length: 43
[INFO] [1787633816.969415, 431.000000]: Send new plan: 8 7 6 5 4 3 9 15 16 10 11 35 37 20 19  ---> 15(L) 19 23 29 30 24 25 31 32 26 38 36 12 11(L) 12 13 14 8(L) 14 18 17 21 22 28 34 33 27 26(L) 
[INFO] [1787633823.024754, 437.000000]: Replanning request. curr_vertex_idx: 14
[INFO] [1787633823.026047, 437.000000]:                     covered_vertices: ()
[INFO] [1787633823.026891, 437.000000]: Handle local replanning...
[INFO] [1787633823.027728, 437.000000]: Local path to replan: [19, 15]
[INFO] [1787633823.028548, 437.000000]: curr path length: 43, is_loop length: 43
[INFO] [1787633823.029444, 437.000000]: Send new plan: 8 7 6 5 4 3 9 15 16 10 11 35 37 20 19  ---> 15(L) 19 23 29 30 24 25 31 32 26 38 36 12 11(L) 12 13 14 8(L) 14 18 17 21 22 28 34 33 27 26(L) 
[INFO] [1787633828.613497, 442.600000]: Really visited vertices: 8 7 6 5 4 3 9 15 16 10 11 35 37 20 19 
[INFO] [1787633828.979347, 443.000000]: PHASE3A_ORACLE_V1 vertex=15 window_poses=17 trace_len_m=11.82 waypoints=28
[INFO] [1787633839.920210, 453.900000]: Really visited vertices: 8 7 6 5 4 3 9 15 16 10 11 35 37 20 19 
[INFO] [1787633846.471612, 460.500000]: Really visited vertices: 8 7 6 5 4 3 9 15 16 10 11 35 37 20 19 15 
[INFO] [1787633935.055272, 549.100000]: Replanning request. curr_vertex_idx: 15
[INFO] [1787633935.056169, 549.100000]:                     covered_vertices: ()
[INFO] [1787633935.056861, 549.100000]: curr path length: 43, is_loop length: 43
]: Call local replanning...
[INFO] [1787633823.030457697, 437.000000000]: Skip currGoal 19 that has no frontier and seen by robot
[INFO] [1787633823.030480908, 437.000000000]: Set newGoal 15
[INFO] [1787633828.977971047, 443.000000000]: Next target is loop vertex 15(L)
[INFO] [1787633828.980586631, 443.000000000]: Set reliable loop closing path from reliable_loop_service.
[INFO] [1787633828.980633395, 443.000000000]: PHASE2_LOOP_PLANNED vertex=15 source=reliable_loop_service waypoints=28 path=18.749794,59.9268723;18.7256088,59.7911682;18.77178,59.7071571;18.8608589,59.6426888;18.9790363,59.6454239;19.4108772,59.2780228;19.8422737,59.028595;20.2736721,58.7791672;20.6332703,58.38974;20.9928703,58.000309;21.2921829,57.6480103;21.5914955,57.2957077;21.7814903,56.8483353;21.9714832,56.400959;22.0011711,55.9059296;22.0308571,55.4108963;22.0085373,54.9391212;21.9862175,54.4673462;21.9525986,53.9779739;21.9189796,53.4886055;21.8997631,53.0137367;21.8805466,52.538868;21.8730736,52.0646744;21.8655987,51.590477;21.8128891,51.0944748;21.7601795,50.5984726;21.4397049,50.1963158;21.1192322,49.7941589
[INFO] [1787633828.980672344, 443.000000000]: Exploration is waiting.
[INFO] [1787633834.975805450, 449.000000000]: PHASE2_LOOP_EXECUTION_STARTED vertex=15 waypoints=28
[INFO] [1787633855.263871535, 469.300000000]: PHASE2_LOOP_WAYPOINT_REACHED vertex=15 waypoint=0
[INFO] [1787633861.034588611, 475.100000000]: PHASE2_LOOP_WAYPOINT_REACHED vertex=15 waypoint=1
[INFO] [1787633865.188755922, 479.200000000]: PHASE2_LOOP_WAYPOINT_REACHED vertex=15 waypoint=2
[INFO] [1787633867.038373415, 481.100000000]: PHASE2_LOOP_WAYPOINT_REACHED vertex=15 waypoint=3
[INFO] [1787633871.221336557, 485.200000000]: PHASE2_LOOP_WAYPOINT_REACHED vertex=15 waypoint=4
[INFO] [1787633873.200740060, 487.200000000]: PHASE2_LOOP_WAYPOINT_REACHED vertex=15 waypoint=5
[INFO] [1787633875.204210193, 489.200000000]: PHASE2_LOOP_WAYPOINT_REACHED vertex=15 waypoint=6
[INFO] [1787633877.043248171, 491.100000000]: PHASE2_LOOP_WAYPOINT_REACHED vertex=15 waypoint=7
[INFO] [1787633879.266223246, 493.300000000]: PHASE2_LOOP_WAYPOINT_REACHED vertex=15 waypoint=8
[INFO] [1787633881.194292896, 495.200000000]: PHASE2_LOOP_WAYPOINT_REACHED vertex=15 waypoint=9
[INFO] [1787633883.031624673, 497.000000000]: PHASE2_LOOP_WAYPOINT_REACHED vertex=15 waypoint=10
[INFO] [1787633885.043110620, 499.100000000]: PHASE2_LOOP_WAYPOINT_REACHED vertex=15 waypoint=11
[INFO] [1787633887.263569284, 501.300000000]: PHASE2_LOOP_WAYPOINT_REACHED vertex=15 waypoint=12
[INFO] [1787633889.274550777, 503.300000000]: PHASE2_LOOP_WAYPOINT_REACHED vertex=15 waypoint=13
[INFO] [1787633893.028732525, 507.000000000]: PHASE2_LOOP_WAYPOINT_REACHED vertex=15 waypoint=14
[INFO] [1787633897.213368392, 511.200000000]: PHASE2_LOOP_WAYPOINT_REACHED vertex=15 waypoint=15
[INFO] [1787633903.098542378, 517.100000000]: PHASE2_LOOP_WAYPOINT_REACHED vertex=15 waypoint=16
[INFO] [1787633907.060628865, 521.100000000]: PHASE2_LOOP_WAYPOINT_REACHED vertex=15 waypoint=17
[INFO] [1787633909.046963413, 523.100000000]: PHASE2_LOOP_WAYPOINT_REACHED vertex=15 waypoint=18
[INFO] [1787633913.043317084, 527.100000000]: PHASE2_LOOP_WAYPOINT_REACHED vertex=15 waypoint=19
[INFO] [1787633915.253821718, 529.300000000]: PHASE2_LOOP_WAYPOINT_REACHED vertex=15 waypoint=20
[INFO] [1787633917.037413475, 531.100000000]: PHASE2_LOOP_WAYPOINT_REACHED vertex=15 waypoint=21
[INFO] [1787633919.042180947, 533.100000000]: PHASE2_LOOP_WAYPOINT_REACHED vertex=15 waypoint=22
[INFO] [1787633921.046375370, 535.100000000]: PHASE2_LOOP_WAYPOINT_REACHED vertex=15 waypoint=23
[INFO] [1787633922.979840913, 537.000000000]: PHASE2_LOOP_WAYPOINT_REACHED vertex=15 waypoint=24
[INFO] [1787633925.211690071, 539.200000000]: PHASE2_LOOP_WAYPOINT_REACHED vertex=15 waypoint=25
[INFO] [1787633931.062475137, 545.100000000]: PHASE2_LOOP_WAYPOINT_REACHED vertex=15 waypoint=26
[INFO] [1787633935.054116737, 549.100000000]: PHASE2_LOOP_WAYPOINT_REACHED vertex=15 waypoint=27
[INFO] [1787633935.054138637, 549.100000000]: PHASE2_LOOP_EXECUTION_FINISHED vertex=15 waypoints=28
[INFO] [178763393concorde /tmp/tmp_a125oe9/problem.tsp
Host: msxg  Current process id: 69346
Using random seed 1787633941
Number of Nodes: 24
Explicit Lengths (CC_MATRIXNORM)
Set initial upperbound to 885 (from tour)
ERROR: No dual change in basis finding code
Did not find a basic optimal solution
Fractional matching routine failed
Warning: restarting running timer Miscellaneous
No warmstart, stumbling on anyway
Basic dual change required, but no candidate edges
  LP Value  1: 885.000000  (0.00 seconds)
New lower bound: 885.000000
Final lower bound 885.000000, upper bound 885.000000
Exact lower bound: 885.000000
DIFF: 0.000000
Final LP has 24 rows, 38 columns, 76 nonzeros
Optimal Solution: 885.00
Number of bbnodes: 1
Total Running Time: 0.00 (seconds)
Warning: TF_REPEATED_DATA ignoring data with redundant timestamp for frame odom (parent offset) at time 560.400000 according to authority unknown_publisher
         at line 277 in /tmp/binarydeb/ros-noetic-tf2-0.7.10/src/buffer_core.cppASE2C_KEYSCAN_ACCEPTED unique_id=316 state_id=316 sim_time=541.000000
[INFO] [1787633927.618537088, 541.600000000]: PHASE2C_KEYSCAN_ACCEPTED unique_id=317 state_id=317 sim_time=541.600000
[INFO] [1787633928.393913721, 542.400000000]: PHASE2C_KEYSCAN_ACCEPTED unique_id=318 state_id=318 sim_time=542.400000
[INFO] [1787633929.091237741, 543.100000000]: PHASE2C_KEYSCAN_ACCEPTED unique_id=319 state_id=319 sim_time=543.100000
[INFO] [1787633930.199632229, 544.200000000]: PHASE2C_KEYSCAN_ACCEPTED unique_id=320 state_id=320 sim_time=544.200000
[INFO] [1787633931.479548931, 545.500000000]: PHASE2C_KEYSCAN_ACCEPTED unique_id=321 state_id=321 sim_time=545.500000
[INFO] [1787633932.191232389, 546.200000000]: PHASE2C_KEYSCAN_ACCEPTED unique_id=322 state_id=322 sim_time=546.200000
[INFO] [1787633932.861677940, 546.900000000]: PHASE2C_KEYSCAN_ACCEPTED unique_id=323 state_id=323 sim_time=546.900000
[INFO] [1787633933.571148721, 547.600000000]: PHASE2C_KEYSCAN_ACCEPTED unique_id=324 state_id=324 sim_time=547.600000
[INFO] [1787633935.067741966, 549.100000000]: PHASE2C_KEYSCAN_ACCEPTED unique_id=325 state_id=325 sim_time=549.100000
[INFO] [1787633935.961113633, 550.000000000]: PHASE2C_KEYSCAN_ACCEPTED unique_id=326 state_id=326 sim_time=550.000000
[INFO] [1787633936.658093509, 550.700000000]: PHASE2C_KEYSCAN_ACCEPTED unique_id=327 state_id=327 sim_time=550.700000
[INFO] [1787633937.388079054, 551.400000000]: PHASE2C_KEYSCAN_ACCEPTED unique_id=328 state_id=328 sim_time=551.400000
[INFO] [1787633938.395043820, 552.400000000]: PHASE2C_KEYSCAN_ACCEPTED unique_id=329 state_id=329 sim_time=552.400000
[INFO] [1787633939.720303070, 553.700000000]: PHASE2C_KEYSCAN_ACCEPTED unique_id=330 state_id=330 sim_time=553.700000
[INFO] [1787633941.099512077, 555.100000000]: PHASE2C_KEYSCAN_ACCEPTED unique_id=331 state_id=331 sim_time=555.100000
[INFO] [1787633942.318423660, 556.300000000]: PHASE2C_KEYSCAN_ACCEPTED unique_id=332 state_id=332 sim_time=556.300000
[INFO] [1787633943.584906307, 557.600000000]: PHASE2C_KEYSCAN_ACCEPTED unique_id=333 state_id=333 sim_time=557.600000
[INFO] [1787633944.909437647, 558.900000000]: PHASE2C_KEYSCAN_ACCEPTED unique_id=334 state_id=334 sim_time=558.900000
[INFO] [1787633946.189387184, 560.200000000]: PHASE2C_KEYSCAN_ACCEPTED unique_id=335 state_id=335 sim_time=560.200000

Warning: TF_REPEATED_DATA ignoring data with redundant timestamp for frame odom (parent offset) at time 560.400000 according to authority unknown_publisher
Warning:          at line TF_REPEATED_DATA ignoring data with redundant timestamp for frame offset (parent map) at time 560.400000 according to authority unknown_publisher277
 in          at line /tmp/binarydeb/ros-noetic-tf2-0.7.10/src/buffer_core.cpp277
 in /tmp/binarydeb/ros-noetic-tf2-0.7.10/src/buffer_core.cpp
Warning: TF_REPEATED_DATA ignoring data with redundant timestamp for frame offset (parent map) at time 560.400000 according to authority unknown_publisher
         at line 277 in /tmp/binarydeb/ros-noetic-tf2-0.7.10/src/buffer_core.cpp
5.058148822, 549.100000000]: Skip repeated visit to vertex 19
[INFO] [1787633935.058175784, 549.100000000]: Set newGoal 23
[INFO] [1787633941.043113555, 555.100000000]: Call local replanning...
Warning: TF_REPEATED_DATA ignoring data with redundant timestamp for frame odom (parent offset) at time 560.400000 according to authority unknown_publisher
         at line 277 in /tmp/binarydeb/ros-noetic-tf2-0.7.10/src/buffer_core.cpp
Warning: TF_REPEATED_DATA ignoring data with redundant timestamp for frame offset (parent map) at time 560.400000 according to authority unknown_publisher
         at line 277 in /tmp/binarydeb/ros-noetic-tf2-0.7.10/src/buffer_core.cpp
Warning: TF_REPEATED_DATA ignoring data with redundant timestamp for frame odom (parent offset) at time 560.400000 according to authority unknown_publisher
[WARN] [1787633946.339729014, 560.400000000]: TF_REPEATED_DATA ignoring data with redundant timestamp for frame odom (parent offset) at time 560.400000 according to authority unknown_publisher
         at line 277 in /tmp/binarydeb/ros-noetic-tf2-0.7.10/src/buffer_core.cpp
Warning: TF_REPEATED_DATA ignoring data with redundant timestamp for frame offset (parent map) at time 560.400000 according to authority unknown_publisher
         at line 277 in [WARN] [1787633946.339752338, 560.400000000]: TF_REPEATED_DATA ignoring data with redundant timestamp for frame offset (parent map) at time 560.400000 according to authority unknown_publisher
/tmp/binarydeb/ros-noetic-tf2-0.7.10/src/buffer_core.cpp
concorde /tmp/tmpmdyuwcv4/problem.tsp
Host: msxg  Current process id: 69411
Using random seed 1787633947
Number of Nodes: 24
Explicit Lengths (CC_MATRIXNORM)
Set initial upperbound to 885 (from tour)
ERROR: No dual change in basis finding code
Did not find a basic optimal solution
Fractional matching routine failed
Warning: restarting running timer Miscellaneous
No warmstart, stumbling on anyway
Basic dual change required, but no candidate edges
  LP Value  1: 885.000000  (0.00 seconds)
New lower bound: 885.000000
Final lower bound 885.000000, upper bound 885.000000
Exact lower bound: 885.000000
DIFF: 0.000000
Final LP has 24 rows, 39 columns, 78 nonzeros
Optimal Solution: 885.00
Number of bbnodes: 1
Total Running Time: 0.00 (seconds)
concorde /tmp/tmp2j4k_x67/problem.tsp
Host: msxg  Current process id: 69449
Using random seed 1787633953
Number of Nodes: 24
Explicit Lengths (CC_MATRIXNORM)
Set initial upperbound to 885 (from tour)
ERROR: No dual change in basis finding code
Did not find a basic optimal solution
Fractional matching routine failed
Warning: restarting running timer Miscellaneous
No warmstart, stumbling on anyway
Basic dual change required, but no candidate edges
  LP Value  1: 885.000000  (0.00 seconds)
New lower bound: 885.000000
Final lower bound 885.000000, upper bound 885.000000
Exact lower bound: 885.000000
DIFF: 0.000000
Final LP has 24 rows, 37 columns, 74 nonzeros
Optimal Solution: 885.00
Number of bbnodes: 1
Total Running Time: 0.00 (seconds)
concorde /tmp/tmpwf78d0hn/problem.tsp
Host: msxg  Current process id: 69481
Using random seed 1787633959
Number of Nodes: 24
Explicit Lengths (CC_MATRIXNORM)
Set initial upperbound to 885 (from tour)
ERROR: No dual change in basis finding code
Did not find a basic optimal solution
Fractional matching routine failed
Warning: restarting running timer Miscellaneous
No warmstart, stumbling on anyway
Basic dual change required, but no candidate edges
  LP Value  1: 885.000000  (0.00 seconds)
New lower bound: 885.000000
Final lower bound 885.000000, upper bound 885.000000
Exact lower bound: 885.000000
DIFF: 0.000000
Final LP has 24 rows, 33 columns, 66 nonzeros
Optimal Solution: 885.00
Number of bbnodes: 1
Total Running Time: 0.00 (seconds)
concorde /tmp/tmp3gepfrv7/problem.tsp
Host: msxg  Current process id: 69506
Using random seed 1787633965
Number of Nodes: 24
Explicit Lengths (CC_MATRIXNORM)
Set initial upperbound to 885 (from tour)
ERROR: No dual change in basis finding code
Did not find a basic optimal solution
Fractional matching routine failed
Warning: restarting running timer Miscellaneous
No warmstart, stumbling on anyway
Basic dual change required, but no candidate edges
  LP Value  1: 885.000000  (0.00 seconds)
New lower bound: 885.000000
Final lower bound 885.000000, upper bound 885.000000
Exact lower bound: 885.000000
DIFF: 0.000000
Final LP has 24 rows, 38 columns, 76 nonzeros
Optimal Solution: 885.00
Number of bbnodes: 1
Total Running Time: 0.00 (seconds)
concorde /tmp/tmpv_ch47jj/problem.tsp
Host: msxg  Current process id: 69526
Using random seed 1787633971
Number of Nodes: 24
Explicit Lengths (CC_MATRIXNORM)
Set initial upperbound to 885 (from tour)
ERROR: No dual change in basis finding code
Did not find a basic optimal solution
Fractional matching routine failed
Warning: restarting running timer Miscellaneous
No warmstart, stumbling on anyway
Basic dual change required, but no candidate edges
  LP Value  1: 885.000000  (0.00 seconds)
New lower bound: 885.000000
Final lower bound 885.000000, upper bound 885.000000
Exact lower bound: 885.000000
DIFF: 0.000000
Final LP has 24 rows, 34 columns, 68 nonzeros
Optimal Solution: 885.00
Number of bbnodes: 1
Total Running Time: 0.00 (seconds)
concorde /tmp/tmpg411y_lr/problem.tsp
Host: msxg  Current process id: 69580
Using random seed 1787633977
Number of Nodes: 24
Explicit Lengths (CC_MATRIXNORM)
Set initial upperbound to 885 (from tour)
ERROR: No dual change in basis finding code
Did not find a basic optimal solution
Fractional matching routine failed
Warning: restarting running timer Miscellaneous
No warmstart, stumbling on anyway
Basic dual change required, but no candidate edges
  LP Value  1: 885.000000  (0.00 seconds)
New lower bound: 885.000000
Final lower bound 885.000000, upper bound 885.000000
Exact lower bound: 885.000000
DIFF: 0.000000
Final LP has 24 rows, 37 columns, 74 nonzeros
Optimal Solution: 885.00
Number of bbnodes: 1
Total Running Time: 0.00 (seconds)
concorde /tmp/tmpshvtrb_q/problem.tsp
Host: msxg  Current process id: 69606
Using random seed 1787633983
Number of Nodes: 24
Explicit Lengths (CC_MATRIXNORM)
Set initial upperbound to 885 (from tour)
ERROR: No dual change in basis finding code
Did not find a basic optimal solution
Fractional matching routine failed
Warning: restarting running timer Miscellaneous
No warmstart, stumbling on anyway
Basic dual change required, but no candidate edges
  LP Value  1: 885.000000  (0.00 seconds)
New lower bound: 885.000000
Final lower bound 885.000000, upper bound 885.000000
Exact lower bound: 885.000000
DIFF: 0.000000
Final LP has 24 rows, 32 columns, 64 nonzeros
Optimal Solution: 885.00
Number of bbnodes: 1
Total Running Time: 0.00 (seconds)
concorde /tmp/tmpm0y3ypdv/problem.tsp
Host: msxg  Current process id: 69637
Using random seed 1787633988
Number of Nodes: 24
Explicit Lengths (CC_MATRIXNORM)
Set initial upperbound to 885 (from tour)
ERROR: No dual change in basis finding code
Did not find a basic optimal solution
Fractional matching routine failed
Warning: restarting running timer Miscellaneous
No warmstart, stumbling on anyway
Basic dual change required, but no candidate edges
  LP Value  1: 885.000000  (0.00 seconds)
New lower bound: 885.000000
Final lower bound 885.000000, upper bound 885.000000
Exact lower bound: 885.000000
DIFF: 0.000000
Final LP has 24 rows, 36 columns, 72 nonzeros
Optimal Solution: 885.00
Number of bbnodes: 1
Total Running Time: 0.00 (seconds)
Warning: TF_REPEATED_DATA ignoring data with redundant timestamp for frame odom (parent offset) at time 608.700000 according to authority unknown_publisher
         at line [INFO] [1787633947.132311900, 561.100000000]: Call local replanning...
[INFO] [1787633953.227018976, 567.200000000]: Call local replanning...
[INFO] [1787633959.145798919, 573.200000000]: Call local replanning...
[INFO] [1787633965.053959599, 579.100000000]: Call local replanning...
[INFO] [1787633971.134668623, 585.200000000]: Call local replanning...
[INFO] [1787633977.307199429, 591.300000000]: Call local replanning...
[INFO] [1787633983.312424489, 597.300000000]: Call local replanning...
[INFO] [1787633988.985803767, 603.000000000]: Call local replanning...
[INFO] [1787633989.003949623, 603.000000000]: Reach vertex 23
[INFO] [1787633989.006116329, 603.000000000]: Explore Goal 23 's frontiers...
277Warning:  in TF_REPEATED_DATA ignoring data with redundant timestamp for frame odom (parent offset) at time 608.700000 according to authority unknown_publisher/tmp/binarydeb/ros-noetic-tf2-0.7.10/src/buffer_core.cpp
[INFO] [1787633947.599043171, 561.600000000]: PHASE2C_KEYSCAN_ACCEPTED unique_id=336 state_id=336 sim_time=561.600000
[INFO] [1787633948.866946210, 562.900000000]: PHASE2C_KEYSCAN_ACCEPTED unique_id=337 state_id=337 sim_time=562.900000
[INFO] [1787633950.278372833, 564.300000000]: PHASE2C_KEYSCAN_ACCEPTED unique_id=338 state_id=338 sim_time=564.300000
[INFO] [1787633951.562200333, 565.600000000]: PHASE2C_KEYSCAN_ACCEPTED unique_id=339 state_id=339 sim_time=565.600000
[INFO] [1787633952.974902145, 567.000000000]: PHASE2C_KEYSCAN_ACCEPTED unique_id=340 state_id=340 sim_time=567.000000
[INFO] [1787633954.457550998, 568.500000000]: PHASE2C_KEYSCAN_ACCEPTED unique_id=341 state_id=341 sim_time=568.500000
[INFO] [1787633955.887447618, 569.900000000]: PHASE2C_KEYSCAN_ACCEPTED unique_id=342 state_id=342 sim_time=569.900000
[INFO] [1787633957.765620670, 571.800000000]: PHASE2C_KEYSCAN_ACCEPTED unique_id=343 state_id=343 sim_time=571.800000
[INFO] [1787633961.101050913, 575.100000000]: PHASE2C_KEYSCAN_ACCEPTED unique_id=344 state_id=344 sim_time=575.100000
[INFO] [1787633965.068842511, 579.100000000]: PHASE2C_KEYSCAN_ACCEPTED unique_id=345 state_id=345 sim_time=579.100000
[INFO] [1787633969.080859538, 583.100000000]: PHASE2C_KEYSCAN_ACCEPTED unique_id=346 state_id=346 sim_time=583.100000
[INFO] [1787633971.982799575, 586.000000000]: PHASE2C_KEYSCAN_ACCEPTED unique_id=347 state_id=347 sim_time=586.000000
[INFO] [1787633975.755764206, 589.800000000]: PHASE2C_KEYSCAN_ACCEPTED unique_id=348 state_id=348 sim_time=589.800000
[INFO] [1787633979.959292763, 594.000000000]: PHASE2C_KEYSCAN_ACCEPTED unique_id=349 state_id=349 sim_time=594.000000
[INFO] [1787633983.153963875, 597.200000000]: PHASE2C_KEYSCAN_ACCEPTED unique_id=350 state_id=350 sim_time=597.200000
[INFO] [1787633984.457429579, 598.500000000]: PHASE2C_KEYSCAN_ACCEPTED unique_id=351 state_id=351 sim_time=598.500000
[INFO] [1787633985.767214144, 599.800000000]: PHASE2C_KEYSCAN_ACCEPTED unique_id=352 state_id=352 sim_time=599.800000
[INFO] [1787633987.057152478, 601.100000000]: PHASE2C_KEYSCAN_ACCEPTED unique_id=353 state_id=353 sim_time=601.100000
[INFO] [1787633988.356175396, 602.400000000]: PHASE2C_KEYSCAN_ACCEPTED unique_id=354 state_id=354 sim_time=602.400000
[INFO] [1787633989.946242383, 604.000000000]: PHASE2C_KEYSCAN_ACCEPTED unique_id=355 state_id=355 sim_time=604.000000
[INFO] [1787633990.563915006, 604.600000000]: PHASE2C_KEYSCAN_ACCEPTED unique_id=356 state_id=356 sim_time=604.600000
[INFO] [1787633991.154312539, 605.200000000]: PHASE2C_KEYSCAN_ACCEPTED unique_id=357 state_id=357 sim_time=605.200000
[INFO] [1787633991.764349674, 605.800000000]: PHASE2C_KEYSCAN_ACCEPTED unique_id=358 state_id=358 sim_time=605.800000
[INFO] [1787633992.375963067, 606.400000000]: PHASE2C_KEYSCAN_ACCEPTED unique_id=359 state_id=359 sim_time=606.400000
[INFO] [1787633993.072023342, 607.100000000]: PHASE2C_KEYSCAN_ACCEPTED unique_id=360 state_id=360 sim_time=607.100000
[INFO] [1787633994.471031375, 608.500000000]: PHASE2C_KEYSCAN_ACCEPTED unique_id=361 state_id=361 sim_time=608.500000

         at line [WARN] [1787633994.636242195, 608.700000000]: TF_REPEATED_DATA ignoring data with redundant timestamp for frame odom (parent offset) at time 608.700000 according to authority unknown_publisher
Warning: 277Warning:  in TF_REPEATED_DATA ignoring data with redundant timestamp for frame odom (parent offset) at time 608.700000 according to authority unknown_publisherTF_REPEATED_DATA ignoring data with redundant timestamp for frame offset (parent map) at time 608.700000 according to authority unknown_publisher/tmp/binarydeb/ros-noetic-tf2-0.7.10/src/buffer_core.cpp


         at line          at line [WARN] [1787633994.636283371, 608.700000000]: TF_REPEATED_DATA ignoring data with redundant timestamp for frame offset (parent map) at time 608.700000 according to authority unknown_publisher
277277 in  in /tmp/binarydeb/ros-noetic-tf2-0.7.10/src/buffer_core.cpp/tmp/binarydeb/ros-noetic-tf2-0.7.10/src/buffer_core.cpp

Warning: Warning: TF_REPEATED_DATA ignoring data with redundant timestamp for frame offset (parent map) at time 608.700000 according to authority unknown_publisherTF_REPEATED_DATA ignoring data with redundant timestamp for frame odom (parent offset) at time 608.700000 according to authority unknown_publisherWarning: 

TF_REPEATED_DATA ignoring data with redundant timestamp for frame offset (parent map) at time 608.700000 according to authority unknown_publisher         at line          at line 
277277         at line  in 277 in /tmp/binarydeb/ros-noetic-tf2-0.7.10/src/buffer_core.cpp in /tmp/binarydeb/ros-noetic-tf2-0.7.10/src/buffer_core.cpp/tmp/binarydeb/ros-noetic-tf2-0.7.10/src/buffer_core.cpp


Warning: TF_REPEATED_DATA ignoring data with redundant timestamp for frame offset (parent map) at time 608.700000 according to authority unknown_publisher
         at line 277 in /tmp/binarydeb/ros-noetic-tf2-0.7.10/src/buffer_core.cpp
concorde /tmp/tmpckqcddp7/problem.tsp
Host: msxg  Current process id: 69686
Using random seed 1787633994
Number of Nodes: 24
Explicit Lengths (CC_MATRIXNORM)
Set initial upperbound to 885 (from tour)
ERROR: No dual change in basis finding code
Did not find a basic optimal solution
Fractional matching routine failed
Warning: restarting running timer Miscellaneous
No warmstart, stumbling on anyway
Basic dual change required, but no candidate edges
  LP Value  1: 885.000000  (0.00 seconds)
New lower bound: 885.000000
Final lower bound 885.000000, upper bound 885.000000
Exact lower bound: 885.000000
DIFF: 0.000000
Final LP has 24 rows, 38 columns, 76 nonzeros
Optimal Solution: 885.00
Number of bbnodes: 1
Total Running Time: 0.00 (seconds)
[WARN] [1787633995.002286301, 609.000000000]: No frontier at vertex 23. #Frontier: 0
concorde /tmp/tmpnpwb3cim/problem.tsp
Host: msxg  Current process id: 69730
Using random seed 1787634001
Number of Nodes: 22
Explicit Lengths (CC_MATRIXNORM)
Set initial upperbound to 885 (from tour)
ERROR: No dual change in basis finding code
Did not find a basic optimal solution
Fractional matching routine failed
Warning: restarting running timer Miscellaneous
No warmstart, stumbling on anyway
Basic dual change required, but no candidate edges
  LP Value  1: 885.000000  (-0.00 seconds)
New lower bound: 885.000000
Final lower bound 885.000000, upper bound 885.000000
Exact lower bound: 885.000000
DIFF: 0.000000
Final LP has 22 rows, 32 columns, 64 nonzeros
Optimal Solution: 885.00
Number of bbnodes: 1
Total Running Time: 0.00 (seconds)
concorde /tmp/tmp5zflb2xp/problem.tsp
Host: msxg  Current process id: 69789
Using random seed 1787634007
Number of Nodes: 22
Explicit Lengths (CC_MATRIXNORM)
Set initial upperbound to 885 (from tour)
ERROR: No dual change in basis finding code
Did not find a basic optimal solution
Fractional matching routine failed
Warning: restarting running timer Miscellaneous
No warmstart, stumbling on anyway
Basic dual change required, but no candidate edges
  LP Value  1: 885.000000  (0.00 seconds)
New lower bound: 885.000000
Final lower bound 885.000000, upper bound 885.000000
Exact lower bound: 885.000000
DIFF: 0.000000
Final LP has 22 rows, 33 columns, 66 nonzeros
Optimal Solution: 885.00
Number of bbnodes: 1
Total Running Time: 0.00 (seconds)
[INFO] [1787633935.057352, 549.100000]: Send new plan: 8 7 6 5 4 3 9 15 16 10 11 35 37 20 19 15(L)  ---> 19 23 29 30 24 25 31 32 26 38 36 12 11(L) 12 13 14 8(L) 14 18 17 21 22 28 34 33 27 26(L) 
[INFO] [1787633941.044345, 555.100000]: Replanning request. curr_vertex_idx: 17
[INFO] [1787633941.045264, 555.100000]:                     covered_vertices: ()
[INFO] [1787633941.045970, 555.100000]: Handle local replanning...
[INFO] [1787633941.046602, 555.100000]: Local path to replan: [23, 29, 30, 24, 25, 31, 32, 26, 38, 36, 12, 11]
Reverse tsp path is better!
[INFO] [1787633941.060571, 555.100000]: curr path length: 43, is_loop length: 43
[INFO] [1787633941.062022, 555.100000]: Send new plan: 8 7 6 5 4 3 9 15 16 10 11 35 37 20 19 15(L) 19 23  ---> 29 30 24 25 31 32 26 38 36 12 11(L) 12 13 14 8(L) 14 18 17 21 22 28 34 33 27 26(L) 
[INFO] [1787633946.341891, 560.400000]: Really visited vertices: 8 7 6 5 4 3 9 15 16 10 11 35 37 20 19 15 16 15 
[INFO] [1787633947.133658, 561.100000]: Replanning request. curr_vertex_idx: 17
[INFO] [1787633947.134509, 561.200000]:                     covered_vertices: ()
[INFO] [1787633947.135005, 561.200000]: Handle local replanning...
[INFO] [1787633947.135809, 561.200000]: Local path to replan: [23, 29, 30, 24, 25, 31, 32, 26, 38, 36, 12, 11]
Reverse tsp path is better!
[INFO] [1787633947.148615, 561.200000]: curr path length: 43, is_loop length: 43
[INFO] [1787633947.149891, 561.200000]: Send new plan: 8 7 6 5 4 3 9 15 16 10 11 35 37 20 19 15(L) 19 23  ---> 29 30 24 25 31 32 26 38 36 12 11(L) 12 13 14 8(L) 14 18 17 21 22 28 34 33 27 26(L) 
[INFO] [1787633953.228238, 567.200000]: Replanning request. curr_vertex_idx: 17
[INFO] [1787633953.229167, 567.200000]:                     covered_vertices: ()
[INFO] [1787633953.230017, 567.200000]: Handle local replanning...
[INFO] [1787633953.230973, 567.200000]: Local path to replan: [23, 29, 30, 24, 25, 31, 32, 26, 38, 36, 12, 11]
Reverse tsp path is better!
[INFO] [1787633953.248324, 567.300000]: curr path length: 43, is_loop length: 43
[INFO] [1787633953.250546, 567.300000]: Send new plan: 8 7 6 5 4 3 9 15 16 10 11 35 37 20 19 15(L) 19 23  ---> 29 30 24 25 31 32 26 38 36 12 11(L) 12 13 14 8(L) 14 18 17 21 22 28 34 33 27 26(L) 
[INFO] [1787633957.919875, 571.900000]: Really visited vertices: 8 7 6 5 4 3 9 15 16 10 11 35 37 20 19 15 16 15 19 
[INFO] [1787633959.147080, 573.200000]: Replanning request. curr_vertex_idx: 17
[INFO] [1787633959.148148, 573.200000]:                     covered_vertices: ()
[INFO] [1787633959.148949, 573.200000]: Handle local replanning...
[INFO] [1787633959.149799, 573.200000]: Local path to replan: [23, 29, 30, 24, 25, 31, 32, 26, 38, 36, 12, 11]
Original tsp path is better!
[INFO] [1787633959.162545, 573.200000]: curr path length: 43, is_loop length: 43
[INFO] [1787633959.163842, 573.200000]: Send new plan: 8 7 6 5 4 3 9 15 16 10 11 35 37 20 19 15(L) 19 23  ---> 29 30 24 25 31 32 26 38 36 12 11(L) 12 13 14 8(L) 14 18 17 21 22 28 34 33 27 26(L) 
[INFO] [1787633965.055289, 579.100000]: Replanning request. curr_vertex_idx: 17
[INFO] [1787633965.056521, 579.100000]:                     covered_vertices: ()
[INFO] [1787633965.057353, 579.100000]: Handle local replanning...
[INFO] [1787633965.058108, 579.100000]: Local path to replan: [23, 29, 30, 24, 25, 31, 32, 26, 38, 36, 12, 11]
Reverse tsp path is better!
[INFO] [1787633965.071845, 579.100000]: curr path length: 43, is_loop length: 43
[INFO] [1787633965.073154, 579.100000]: Send new plan: 8 7 6 5 4 3 9 15 16 10 11 35 37 20 19 15(L) 19 23  ---> 29 30 24 25 31 32 26 38 36 12 11(L) 12 13 14 8(L) 14 18 17 21 22 28 34 33 27 26(L) 
[INFO] [1787633971.135833, 585.200000]: Replanning request. curr_vertex_idx: 17
[INFO] [1787633971.136665, 585.200000]:                     covered_vertices: ()
[INFO] [1787633971.137259, 585.200000]: Handle local replanning...
[INFO] [1787633971.137748, 585.200000]: Local path to replan: [23, 29, 30, 24, 25, 31, 32, 26, 38, 36, 12, 11]
Original tsp path is better!
[INFO] [1787633971.150965, 585.200000]: curr path length: 43, is_loop length: 43
[INFO] [1787633971.152120, 585.200000]: Send new plan: 8 7 6 5 4 3 9 15 16 10 11 35 37 20 19 15(L) 19 23  ---> 29 30 24 25 31 32 26 38 36 12 11(L) 12 13 14 8(L) 14 18 17 21 22 28 34 33 27 26(L) 
[INFO] [1787633977.308518, 591.300000]: Replanning request. curr_vertex_idx: 17
[INFO] [1787633977.309581, 591.300000]:                     covered_vertices: ()
[INFO] [1787633977.310290, 591.300000]: Handle local replanning...
[INFO] [1787633977.310920, 591.300000]: Local path to replan: [23, 29, 30, 24, 25, 31, 32, 26, 38, 36, 12, 11]
Reverse tsp path is better!
[INFO] [1787633977.323267, 591.300000]: curr path length: 43, is_loop length: 43
[INFO] [1787633977.324303, 591.300000]: Send new plan: 8 7 6 5 4 3 9 15 16 10 11 35 37 20 19 15(L) 19 23  ---> 29 30 24 25 31 32 26 38 36 12 11(L) 12 13 14 8(L) 14 18 17 21 22 28 34 33 27 26(L) 
[INFO] [1787633983.313642, 597.300000]: Replanning request. curr_vertex_idx: 17
[INFO] [1787633983.314456, 597.300000]:                     covered_vertices: ()
[INFO] [1787633983.315079, 597.300000]: Handle local replanning...
[INFO] [1787633983.315593, 597.300000]: Local path to replan: [23, 29, 30, 24, 25, 31, 32, 26, 38, 36, 12, 11]
Reverse tsp path is better!
[INFO] [1787633983.328488, 597.300000]: curr path length: 43, is_loop length: 43
[INFO] [1787633983.329622, 597.300000]: Send new plan: 8 7 6 5 4 3 9 15 16 10 11 35 37 20 19 15(L) 19 23  ---> 29 30 24 25 31 32 26 38 36 12 11(L) 12 13 14 8(L) 14 18 17 21 22 28 34 33 27 26(L) 
[INFO] [1787633988.435950, 602.500000]: Really visited vertices: 8 7 6 5 4 3 9 15 16 10 11 35 37 20 19 15 16 15 19 23 
[INFO] [1787633988.986981, 603.000000]: Replanning request. curr_vertex_idx: 17
[INFO] [1787633988.987886, 603.000000]:                     covered_vertices: ()
[INFO] [1787633988.988520, 603.000000]: Handle local replanning...
[INFO] [1787633988.988982, 603.000000]: Local path to replan: [23, 29, 30, 24, 25, 31, 32, 26, 38, 36, 12, 11]
Reverse tsp path is better!
[INFO] [1787633989.001757, 603.000000]: curr path length: 43, is_loop length: 43
[INFO] [1787633989.002964, 603.000000]: Send new plan: 8 7 6 5 4 3 9 15 16 10 11 35 37 20 19 15(L) 19 23  ---> 29 30 24 25 31 32 26 38 36 12 11(L) 12 13 14 8(L) 14 18 17 21 22 28 34 33 27 26(L) 
[INFO] [1787633994.635565, 608.700000]: Really visited vertices: 8 7 6 5 4 3 9 15 16 10 11 35 37 20 19 15 16 15 19 23 
[INFO] [1787633994.985257, 609.000000]: Replanning request. curr_vertex_idx: 17
[INFO] [1787633994.986208, 609.000000]:                     covered_vertices: ()
[INFO] [1787633994.986796, 609.000000]: Handle local replanning...
[INFO] [1787633994.987369, 609.000000]: Local path to replan: [23, 29, 30, 24, 25, 31, 32, 26, 38, 36, 12, 11]
Reverse tsp path is better!
[INFO] [1787633995.000039, 609.000000]: curr path length: 43, is_loop length: 43
[INFO] [1787633995.001208, 609.000000]: Send new plan: 8 7 6 5 4 3 9 15 16 10 11 35 37 20 19 15(L) 19 23  ---> 29 30 24 25 31 32 26 38 36 12 11(L) 12 13 14 8(L) 14 18 17 21 22 28 34 33 27 26(L) 
[INFO] [1787634000.124917, 614.100000]: Really visited vertices: 8 7 6 5 4 3 9 15 16 10 11 35 37 20 19 15 16 15 19 23 
[INFO] [1787634001.175094, 615.200000]: Replanning request. curr_vertex_idx: 18
[INFO] [1787634001.175878, 615.200000]:                     covered_vertices: ()
[INFO] [1787634001.176415, 615.200000]: Handle local replanning...
[INFO] [1787634001.176991, 615.200000]: Local path to replan: [29, 30, 24, 25, 31, 32, 26, 38, 36, 12, 11]
Reverse tsp path is better!
[INFO] [1787634001.190540, 615.200000]: curr path length: 43, is_loop length: 43
[INFO] [1787634001.191630, 615.200000]: Send new plan: 8 7 6 5 4 3 9 15 16 10 11 35 37 20 19 15(L) 19 23 29  ---> 30 24 25 31 32 26 38 36 12 11(L) 12 13 14 8(L) 14 18 17 21 22 28 34 33 27 26(L) 
[INFO] [1787634007.295953, 621.300000]: Replanning request. curr_vertex_idx: 18
[INFO] [1787634007.296955, 621.300000]:                     covered_vertices: ()
[INFO] [1787634007.297587, 621.300000]: Handle local replanning...
[INFO] [1787634007.298415, 621.300000]: Local path to replan: [29, 30, 24, 25, 31, 32, 26, 38, 36, 12, 11]
concorde /tmp/tmpu_t2jp5s/problem.tsp
Host: msxg  Current process id: 69827
Using random seed 1787634013
Number of Nodes: 22
Explicit Lengths (CC_MATRIXNORM)
Set initial upperbound to 885 (from tour)
ERROR: No dual change in basis finding code
Did not find a basic optimal solution
Fractional matching routine failed
Warning: restarting running timer Miscellaneous
No warmstart, stumbling on anyway
Basic dual change required, but no candidate edges
  LP Value  1: 885.000000  (0.00 seconds)
New lower bound: 885.000000
Final lower bound 885.000000, upper bound 885.000000
Exact lower bound: 885.000000
DIFF: 0.000000
Final LP has 22 rows, 35 columns, 70 nonzeros
Optimal Solution: 885.00
Number of bbnodes: 1
Total Running Time: 0.00 (seconds)
[WARN] [1787634013.055845042, 627.100000000]: No frontier at vertex 29. #Frontier: 0
concorde /tmp/tmpfw72k79d/problem.tsp
Host: msxg  Current process id: 69858
Using random seed 1787634019
Number of Nodes: 20
Explicit Lengths (CC_MATRIXNORM)
Set initial upperbound to 800 (from tour)
ERROR: No dual change in basis finding code
Did not find a basic optimal solution
Fractional matching routine failed
Warning: restarting running timer Miscellaneous
No warmstart, stumbling on anyway
Basic dual change required, but no candidate edges
  LP Value  1: 800.000000  (0.00 seconds)
New lower bound: 800.000000
Final lower bound 800.000000, upper bound 800.000000
Exact lower bound: 800.000000
DIFF: 0.000000
Final LP has 20 rows, 29 columns, 58 nonzeros
Optimal Solution: 800.00
Number of bbnodes: 1
Total Running Time: 0.00 (seconds)
concorde /tmp/tmpuovq9tgg/problem.tsp
Host: msxg  Current process id: 69897
Using random seed 1787634025
Number of Nodes: 20
Explicit Lengths (CC_MATRIXNORM)
Set initial upperbound to 800 (from tour)
ERROR: No dual change in basis finding code
Did not find a basic optimal solution
Fractional matching routine failed
Warning: restarting running timer Miscellaneous
No warmstart, stumbling on anyway
Basic dual change required, but no candidate edges
  LP Value  1: 800.000000  (0.00 seconds)
New lower bound: 800.000000
Final lower bound 800.000000, upper bound 800.000000
Exact lower bound: 800.000000
DIFF: 0.000000
Final LP has 20 rows, 30 columns, 60 nonzeros
Optimal Solution: 800.00
Number of bbnodes: 1
Total Running Time: 0.00 (seconds)
concorde /tmp/tmp9pwk0yam/problem.tsp
Host: msxg  Current process id: 69921
Using random seed 1787634031
Number of Nodes: 20
Explicit Lengths (CC_MATRIXNORM)
Set initial upperbound to 800 (from tour)
ERROR: No dual change in basis finding code
Did not find a basic optimal solution
Fractional matching routine failed
Warning: restarting running timer Miscellaneous
No warmstart, stumbling on anyway
Basic dual change required, but no candidate edges
  LP Value  1: 800.000000  (0.00 seconds)
New lower bound: 800.000000
Final lower bound 800.000000, upper bound 800.000000
Exact lower bound: 800.000000
DIFF: 0.000000
Final LP has 20 rows, 24 columns, 48 nonzeros
Optimal Solution: 800.00
Number of bbnodes: 1
Total Running Time: 0.00 (seconds)
concorde /tmp/tmp_rd7v7ii/problem.tsp
Host: msxg  Current process id: 69982
Using random seed 1787634035
Number of Nodes: 20
Explicit Lengths (CC_MATRIXNORM)
Set initial upperbound to 800 (from tour)
ERROR: No dual change in basis finding code
Did not find a basic optimal solution
Fractional matching routine failed
Warning: restarting running timer Miscellaneous
No warmstart, stumbling on anyway
Basic dual change required, but no candidate edges
  LP Value  1: 800.000000  (0.00 seconds)
New lower bound: 800.000000
Final lower bound 800.000000, upper bound 800.000000
Exact lower bound: 800.000000
DIFF: 0.000000
Final LP has 20 rows, 30 columns, 60 nonzeros
Optimal Solution: 800.00
Number of bbnodes: 1
Total Running Time: 0.00 (seconds)
[WARN] [1787634035.258910280, 649.300000000]: No frontier at vertex 30. #Frontier: 0
[INFO] [1787633995.855508796, 609.900000000]: PHASE2C_KEYSCAN_ACCEPTED unique_id=362 state_id=362 sim_time=609.900000
[INFO] [1787633996.444230854, 610.500000000]: PHASE2C_KEYSCAN_ACCEPTED unique_id=363 state_id=363 sim_time=610.500000
[INFO] [1787633996.950241128, 611.000000000]: PHASE2C_KEYSCAN_ACCEPTED unique_id=364 state_id=364 sim_time=611.000000
[INFO] [1787633997.648996185, 611.700000000]: PHASE2C_KEYSCAN_ACCEPTED unique_id=365 state_id=365 sim_time=611.700000
[INFO] [1787633998.500260333, 612.500000000]: PHASE2C_KEYSCAN_ACCEPTED unique_id=366 state_id=366 sim_time=612.500000
[INFO] [1787633999.960980509, 614.000000000]: PHASE2C_KEYSCAN_ACCEPTED unique_id=367 state_id=367 sim_time=614.000000
[INFO] [1787634001.382124724, 615.400000000]: PHASE2C_KEYSCAN_ACCEPTED unique_id=368 state_id=368 sim_time=615.400000
[INFO] [1787634002.858253868, 616.900000000]: PHASE2C_KEYSCAN_ACCEPTED unique_id=369 state_id=369 sim_time=616.900000
[INFO] [1787634004.209211244, 618.200000000]: PHASE2C_KEYSCAN_ACCEPTED unique_id=370 state_id=370 sim_time=618.200000
[INFO] [1787634005.453790187, 619.500000000]: PHASE2C_KEYSCAN_ACCEPTED unique_id=371 state_id=371 sim_time=619.500000
[INFO] [1787634006.784550216, 620.800000000]: PHASE2C_KEYSCAN_ACCEPTED unique_id=372 state_id=372 sim_time=620.700000
[INFO] [1787634008.066305361, 622.100000000]: PHASE2C_KEYSCAN_ACCEPTED unique_id=373 state_id=373 sim_time=622.100000
[INFO] [1787634009.282985941, 623.300000000]: PHASE2C_KEYSCAN_ACCEPTED unique_id=374 state_id=374 sim_time=623.300000
[INFO] [1787634010.560582682, 624.600000000]: PHASE2C_KEYSCAN_ACCEPTED unique_id=375 state_id=375 sim_time=624.600000
[INFO] [1787634011.987388198, 626.000000000]: PHASE2C_KEYSCAN_ACCEPTED unique_id=376 state_id=376 sim_time=626.000000
[INFO] [1787634013.253368238, 627.300000000]: PHASE2C_KEYSCAN_ACCEPTED unique_id=377 state_id=377 sim_time=627.300000
[INFO] [1787634014.372994272, 628.400000000]: PHASE2C_KEYSCAN_ACCEPTED unique_id=378 state_id=378 sim_time=628.400000
[INFO] [1787634015.653101947, 629.700000000]: PHASE2C_KEYSCAN_ACCEPTED unique_id=379 state_id=379 sim_time=629.700000
[INFO] [1787634016.969691886, 631.000000000]: PHASE2C_KEYSCAN_ACCEPTED unique_id=380 state_id=380 sim_time=631.000000
[INFO] [1787634018.149733175, 632.200000000]: PHASE2C_KEYSCAN_ACCEPTED unique_id=381 state_id=381 sim_time=632.200000
[INFO] [1787634019.561818171, 633.600000000]: PHASE2C_KEYSCAN_ACCEPTED unique_id=382 state_id=382 sim_time=633.600000
[INFO] [1787634020.860128751, 634.900000000]: PHASE2C_KEYSCAN_ACCEPTED unique_id=383 state_id=383 sim_time=634.900000
[INFO] [1787634022.081651426, 636.100000000]: PHASE2C_KEYSCAN_ACCEPTED unique_id=384 state_id=384 sim_time=636.100000
[INFO] [1787634023.457968385, 637.500000000]: PHASE2C_KEYSCAN_ACCEPTED unique_id=385 state_id=385 sim_time=637.500000
[INFO] [1787634025.161423046, 639.200000000]: PHASE2C_KEYSCAN_ACCEPTED unique_id=386 state_id=386 sim_time=639.200000
[INFO] [1787634028.864552657, 642.900000000]: PHASE2C_KEYSCAN_ACCEPTED unique_id=387 state_id=387 sim_time=642.900000
[INFO] [1787634032.264017296, 646.300000000]: PHASE2C_KEYSCAN_ACCEPTED unique_id=388 state_id=388 sim_time=646.300000
[INFO] [1787634033.545431205, 647.600000000]: PHASE2C_KEYSCAN_ACCEPTED unique_id=389 state_id=389 sim_time=647.600000
[INFO] [1787634034.860946100, 648.900000000]: PHASE2C_KEYSCAN_ACCEPTED unique_id=390 state_id=390 sim_time=648.900000
[INFO] [1787634036.057125608, 650.100000000]: PHASE2C_KEYSCAN_ACCEPTED unique_id=391 state_id=391 sim_time=650.100000
[INFO] [1787634036.657004852, 650.700000000]: PHASE2C_KEYSCAN_ACCEPTED unique_id=392 state_id=392 sim_time=650.700000
[INFO] [1787634037.275997527, 651.300000000]: PHASE2C_KEYSCAN_ACCEPTED unique_id=393 state_id=393 sim_time=651.300000
[INFO] [1787634037.875253048, 651.900000000]: PHASE2C_KEYSCAN_ACCEPTED unique_id=394 state_id=394 sim_time=651.900000
[INFO] [1787634038.575176353, 652.600000000]: PHASE2C_KEYSCAN_ACCEPTED unique_id=395 state_id=395 sim_time=652.600000
[INFO] [1787634039.274655387, 653.300000000]: PHASE2C_KEYSCAN_ACCEPTED unique_id=396concorde /tmp/tmp7f14ysn4/problem.tsp
Host: msxg  Current process id: 70017
Using random seed 1787634041
Number of Nodes: 18
Explicit Lengths (CC_MATRIXNORM)
Set initial upperbound to 686 (from tour)
ERROR: No dual change in basis finding code
Did not find a basic optimal solution
Fractional matching routine failed
Warning: restarting running timer Miscellaneous
No warmstart, stumbling on anyway
Basic dual change required, but no candidate edges
  LP Value  1: 686.000000  (0.00 seconds)
New lower bound: 686.000000
Final lower bound 686.000000, upper bound 686.000000
Exact lower bound: 686.000000
DIFF: 0.000000
Final LP has 18 rows, 29 columns, 58 nonzeros
Optimal Solution: 686.00
Number of bbnodes: 1
Total Running Time: 0.00 (seconds)
concorde /tmp/tmpdjcp1rae/problem.tsp
Host: msxg  Current process id: 70049
Using random seed 1787634047
Number of Nodes: 18
Explicit Lengths (CC_MATRIXNORM)
Set initial upperbound to 686 (from tour)
ERROR: No dual change in basis finding code
Did not find a basic optimal solution
Fractional matching routine failed
Warning: restarting running timer Miscellaneous
No warmstart, stumbling on anyway
Basic dual change required, but no candidate edges
  LP Value  1: 686.000000  (0.00 seconds)
New lower bound: 686.000000
Final lower bound 686.000000, upper bound 686.000000
Exact lower bound: 686.000000
DIFF: 0.000000
Final LP has 18 rows, 26 columns, 52 nonzeros
Optimal Solution: 686.00
Number of bbnodes: 1
Total Running Time: 0.00 (seconds)
concorde /tmp/tmpiccmla09/problem.tsp
Host: msxg  Current process id: 70081
Using random seed 1787634053
Number of Nodes: 16
Explicit Lengths (CC_MATRIXNORM)
Set initial upperbound to 599 (from tour)
ERROR: No dual change in basis finding code
Did not find a basic optimal solution
Fractional matching routine failed
Warning: restarting running timer Miscellaneous
No warmstart, stumbling on anyway
Basic dual change required, but no candidate edges
  LP Value  1: 599.000000  (0.00 seconds)
New lower bound: 599.000000
Final lower bound 599.000000, upper bound 599.000000
Exact lower bound: 599.000000
DIFF: 0.000000
Final LP has 16 rows, 18 columns, 36 nonzeros
Optimal Solution: 599.00
Number of bbnodes: 1
Total Running Time: 0.00 (seconds)
concorde /tmp/tmpsf7ulza2/problem.tsp
Host: msxg  Current process id: 70103
Using random seed 1787634059
Number of Nodes: 16
Explicit Lengths (CC_MATRIXNORM)
Set initial upperbound to 599 (from tour)
ERROR: No dual change in basis finding code
Did not find a basic optimal solution
Fractional matching routine failed
Warning: restarting running timer Miscellaneous
No warmstart, stumbling on anyway
Basic dual change required, but no candidate edges
  LP Value  1: 599.000000  (0.00 seconds)
New lower bound: 599.000000
Final lower bound 599.000000, upper bound 599.000000
Exact lower bound: 599.000000
DIFF: 0.000000
Final LP has 16 rows, 22 columns, 44 nonzeros
Optimal Solution: 599.00
Number of bbnodes: 1
Total Running Time: 0.00 (seconds)
concorde /tmp/tmpjgllbtdv/problem.tsp
Host: msxg  Current process id: 70167
Using random seed 1787634065
Number of Nodes: 16
Explicit Lengths (CC_MATRIXNORM)
Set initial upperbound to 599 (from tour)
ERROR: No dual change in basis finding code
Did not find a basic optimal solution
Fractional matching routine failed
Warning: restarting running timer Miscellaneous
No warmstart, stumbling on anyway
Basic dual change required, but no candidate edges
  LP Value  1: 599.000000  (0.00 seconds)
New lower bound: 599.000000
Final lower bound 599.000000, upper bound 599.000000
Exact lower bound: 599.000000
DIFF: 0.000000
Final LP has 16 rows, 22 columns, 44 nonzeros
Optimal Solution: 599.00
Number of bbnodes: 1
Total Running Time: 0.00 (seconds)
concorde /tmp/tmpgj1np34d/problem.tsp
Host: msxg  Current process id: 70185
Using random seed 1787634071
Number of Nodes: 16
Explicit Lengths (CC_MATRIXNORM)
Set initial upperbound to 599 (from tour)
ERROR: No dual change in basis finding code
Did not find a basic optimal solution
Fractional matching routine failed
Warning: restarting running timer Miscellaneous
No warmstart, stumbling on anyway
Basic dual change required, but no candidate edges
  LP Value  1: 599.000000  (0.00 seconds)
New lower bound: 599.000000
Final lower bound 599.000000, upper bound 599.000000
Exact lower bound: 599.000000
DIFF: 0.000000
Final LP has 16 rows, 22 columns, 44 nonzeros
Optimal Solution: 599.00
Number of bbnodes: 1
Total Running Time: 0.00 (seconds)
concorde /tmp/tmph_v46qf1/problem.tsp
Host: msxg  Current process id: 70202
Using random seed 1787634077
Number of Nodes: 16
Explicit Lengths (CC_MATRIXNORM)
Set initial upperbound to 599 (from tour)
ERROR: No dual change in basis finding code
Did not find a basic optimal solution
Fractional matching routine failed
Warning: restarting running timer Miscellaneous
No warmstart, stumbling on anyway
Basic dual change required, but no candidate edges
  LP Value  1: 599.000000  (0.00 seconds)
New lower bound: 599.000000
Final lower bound 599.000000, upper bound 599.000000
Exact lower bound: 599.000000
DIFF: 0.000000
Final LP has 16 rows, 22 columns, 44 nonzeros
Optimal Solution: 599.00
Number of bbnodes: 1
Total Running Time: 0.00 (seconds)
Reverse tsp path is better!
[INFO] [1787634007.310871, 621.300000]: curr path length: 43, is_loop length: 43
[INFO] [1787634007.311821, 621.300000]: Send new plan: 8 7 6 5 4 3 9 15 16 10 11 35 37 20 19 15(L) 19 23 29  ---> 30 24 25 31 32 26 38 36 12 11(L) 12 13 14 8(L) 14 18 17 21 22 28 34 33 27 26(L) 
[INFO] [1787634012.072403, 626.100000]: Really visited vertices: 8 7 6 5 4 3 9 15 16 10 11 35 37 20 19 15 16 15 19 23 
[INFO] [1787634013.037788, 627.100000]: Replanning request. curr_vertex_idx: 18
[INFO] [1787634013.038590, 627.100000]:                     covered_vertices: ()
[INFO] [1787634013.039266, 627.100000]: Handle local replanning...
[INFO] [1787634013.039794, 627.100000]: Local path to replan: [29, 30, 24, 25, 31, 32, 26, 38, 36, 12, 11]
Reverse tsp path is better!
[INFO] [1787634013.053396, 627.100000]: curr path length: 43, is_loop length: 43
[INFO] [1787634013.054677, 627.100000]: Send new plan: 8 7 6 5 4 3 9 15 16 10 11 35 37 20 19 15(L) 19 23 29  ---> 30 24 25 31 32 26 38 36 12 11(L) 12 13 14 8(L) 14 18 17 21 22 28 34 33 27 26(L) 
[INFO] [1787634018.321010, 632.300000]: Really visited vertices: 8 7 6 5 4 3 9 15 16 10 11 35 37 20 19 15 16 15 19 23 29 
[INFO] [1787634019.201370, 633.200000]: Replanning request. curr_vertex_idx: 19
[INFO] [1787634019.202281, 633.200000]:                     covered_vertices: ()
[INFO] [1787634019.202979, 633.200000]: Handle local replanning...
[INFO] [1787634019.203682, 633.200000]: Local path to replan: [30, 24, 25, 31, 32, 26, 38, 36, 12, 11]
Original tsp path is better!
[INFO] [1787634019.216076, 633.200000]: curr path length: 43, is_loop length: 43
[INFO] [1787634019.217213, 633.200000]: Send new plan: 8 7 6 5 4 3 9 15 16 10 11 35 37 20 19 15(L) 19 23 29 30  ---> 24 25 31 32 26 38 36 12 11(L) 12 13 14 8(L) 14 18 17 21 22 28 34 33 27 26(L) 
[INFO] [1787634025.280097, 639.300000]: Replanning request. curr_vertex_idx: 19
[INFO] [1787634025.280948, 639.300000]:                     covered_vertices: ()
[INFO] [1787634025.281526, 639.300000]: Handle local replanning...
[INFO] [1787634025.282031, 639.300000]: Local path to replan: [30, 24, 25, 31, 32, 26, 38, 36, 12, 11]
Reverse tsp path is better!
[INFO] [1787634025.294089, 639.300000]: curr path length: 43, is_loop length: 43
[INFO] [1787634025.295294, 639.300000]: Send new plan: 8 7 6 5 4 3 9 15 16 10 11 35 37 20 19 15(L) 19 23 29 30  ---> 24 25 31 32 26 38 36 12 11(L) 12 13 14 8(L) 14 18 17 21 22 28 34 33 27 26(L) 
[INFO] [1787634031.128357, 645.100000]: Replanning request. curr_vertex_idx: 19
[INFO] [1787634031.129164, 645.100000]:                     covered_vertices: ()
[INFO] [1787634031.129824, 645.100000]: Handle local replanning...
[INFO] [1787634031.130351, 645.100000]: Local path to replan: [30, 24, 25, 31, 32, 26, 38, 36, 12, 11]
Original tsp path is better!
[INFO] [1787634031.143379, 645.200000]: curr path length: 43, is_loop length: 43
[INFO] [1787634031.144440, 645.200000]: Send new plan: 8 7 6 5 4 3 9 15 16 10 11 35 37 20 19 15(L) 19 23 29 30  ---> 24 25 31 32 26 38 36 12 11(L) 12 13 14 8(L) 14 18 17 21 22 28 34 33 27 26(L) 
[INFO] [1787634035.240162, 649.300000]: Replanning request. curr_vertex_idx: 19
[INFO] [1787634035.240849, 649.300000]:                     covered_vertices: ()
[INFO] [1787634035.241390, 649.300000]: Handle local replanning...
[INFO] [1787634035.241891, 649.300000]: Local path to replan: [30, 24, 25, 31, 32, 26, 38, 36, 12, 11]
Reverse tsp path is better!
[INFO] [1787634035.256632, 649.300000]: curr path length: 43, is_loop length: 43
[INFO] [1787634035.257809, 649.300000]: Send new plan: 8 7 6 5 4 3 9 15 16 10 11 35 37 20 19 15(L) 19 23 29 30  ---> 24 25 31 32 26 38 36 12 11(L) 12 13 14 8(L) 14 18 17 21 22 28 34 33 27 26(L) 
[INFO] [1787634040.648740, 654.700000]: Really visited vertices: 8 7 6 5 4 3 9 15 16 10 11 35 37 20 19 15 16 15 19 23 29 30 
[INFO] [1787634041.192266, 655.200000]: Replanning request. curr_vertex_idx: 20
[INFO] [1787634041.193225, 655.200000]:                     covered_vertices: ()
[INFO] [1787634041.194070, 655.200000]: Handle local replanning...
[INFO] [1787634041.194819, 655.200000]: Local path to replan: [24, 25, 31, 32, 26, 38, 36, 12, 11]
Original tsp path is better!
[INFO] [1787634041.212252, 655.200000]: curr path length: 43, is_loop length: 43
[INFO] [1787634041.214120, 655.200000]: Send new plan: 8 7 6 5 4 3 9 15 16 10 11 35 37 20 19 15(L) 19 23 29 30 24  ---> 25 31 32 26 38 36 12 11(L) 12 13 14 8(L) 14 18 17 21 22 28 34 33 27 26(L) 
[INFO] [1787634046.146215, 660.200000]: Really visited vertices: 8 7 6 5 4 3 9 15 16 10 11 35 37 20 19 15 16 15 19 23 29 30 
[INFO] [1787634047.021666, 661.000000]: Replanning request. curr_vertex_idx: 20
[INFO] [1787634047.022565, 661.000000]:                     covered_vertices: ()
[INFO] [1787634047.023250, 661.000000]: Handle local replanning...
[INFO] [1787634047.023853, 661.000000]: Local path to replan: [24, 25, 31, 32, 26, 38, 36, 12, 11]
Reverse tsp path is better!
[INFO] [1787634047.036715, 661.100000]: curr path length: 43, is_loop length: 43
[INFO] [1787634047.037798, 661.100000]: Send new plan: 8 7 6 5 4 3 9 15 16 10 11 35 37 20 19 15(L) 19 23 29 30 24  ---> 25 31 32 26 38 36 12 11(L) 12 13 14 8(L) 14 18 17 21 22 28 34 33 27 26(L) 
[INFO] [1787634053.105556, 667.100000]: Replanning request. curr_vertex_idx: 21
[INFO] [1787634053.106452, 667.100000]:                     covered_vertices: ()
[INFO] [1787634053.107238, 667.100000]: Handle local replanning...
[INFO] [1787634053.108097, 667.100000]: Local path to replan: [25, 31, 32, 26, 38, 36, 12, 11]
Original tsp path is better!
[INFO] [1787634053.123913, 667.100000]: curr path length: 43, is_loop length: 43
[INFO] [1787634053.125710, 667.100000]: Send new plan: 8 7 6 5 4 3 9 15 16 10 11 35 37 20 19 15(L) 19 23 29 30 24 25  ---> 31 32 26 38 36 12 11(L) 12 13 14 8(L) 14 18 17 21 22 28 34 33 27 26(L) 
[INFO] [1787634059.117836, 673.100000]: Replanning request. curr_vertex_idx: 21
[INFO] [1787634059.118669, 673.100000]:                     covered_vertices: ()
[INFO] [1787634059.119340, 673.100000]: Handle local replanning...
[INFO] [1787634059.120098, 673.100000]: Local path to replan: [25, 31, 32, 26, 38, 36, 12, 11]
Reverse tsp path is better!
[INFO] [1787634059.132575, 673.100000]: curr path length: 43, is_loop length: 43
[INFO] [1787634059.133925, 673.200000]: Send new plan: 8 7 6 5 4 3 9 15 16 10 11 35 37 20 19 15(L) 19 23 29 30 24 25  ---> 31 32 26 38 36 12 11(L) 12 13 14 8(L) 14 18 17 21 22 28 34 33 27 26(L) 
[INFO] [1787634065.302909, 679.300000]: Replanning request. curr_vertex_idx: 21
[INFO] [1787634065.303956, 679.300000]:                     covered_vertices: ()
[INFO] [1787634065.304710, 679.300000]: Handle local replanning...
[INFO] [1787634065.305438, 679.300000]: Local path to replan: [25, 31, 32, 26, 38, 36, 12, 11]
Original tsp path is better!
[INFO] [1787634065.318465, 679.300000]: curr path length: 43, is_loop length: 43
[INFO] [1787634065.319817, 679.300000]: Send new plan: 8 7 6 5 4 3 9 15 16 10 11 35 37 20 19 15(L) 19 23 29 30 24 25  ---> 31 32 26 38 36 12 11(L) 12 13 14 8(L) 14 18 17 21 22 28 34 33 27 26(L) 
[INFO] [1787634071.107760, 685.100000]: Replanning request. curr_vertex_idx: 21
[INFO] [1787634071.108592, 685.100000]:                     covered_vertices: ()
[INFO] [1787634071.109352, 685.100000]: Handle local replanning...
[INFO] [1787634071.110068, 685.100000]: Local path to replan: [25, 31, 32, 26, 38, 36, 12, 11]
Reverse tsp path is better!
[INFO] [1787634071.122797, 685.100000]: curr path length: 43, is_loop length: 43
[INFO] [1787634071.123969, 685.100000]: Send new plan: 8 7 6 5 4 3 9 15 16 10 11 35 37 20 19 15(L) 19 23 29 30 24 25  ---> 31 32 26 38 36 12 11(L) 12 13 14 8(L) 14 18 17 21 22 28 34 33 27 26(L) 
[INFO] [1787634077.116078, 691.100000]: Replanning request. curr_vertex_idx: 21
[INFO] [1787634077.117095, 691.100000]:                     covered_vertices: ()
[INFO] [1787634077.117811, 691.100000]: Handle local replanning...
[INFO] [1787634077.118541, 691.100000]: Local path to replan: [25, 31, 32, 26, 38, 36, 12, 11]
Original tsp path is better!
[INFO] [1787634077.130183, 691.100000]: curr path length: 43, is_loop length: 43
 state_id=396 sim_time=653.300000
[INFO] [1787634040.554970415, 654.600000000]: PHASE2C_KEYSCAN_ACCEPTED unique_id=397 state_id=397 sim_time=654.600000
[INFO] [1787634041.865145782, 655.900000000]: PHASE2C_KEYSCAN_ACCEPTED unique_id=398 state_id=398 sim_time=655.900000
[INFO] [1787634043.259617796, 657.300000000]: PHASE2C_KEYSCAN_ACCEPTED unique_id=399 state_id=399 sim_time=657.300000
[INFO] [1787634044.562305360, 658.600000000]: PHASE2C_KEYSCAN_ACCEPTED unique_id=400 state_id=400 sim_time=658.600000
[INFO] [1787634046.054413285, 660.100000000]: PHASE2C_KEYSCAN_ACCEPTED unique_id=401 state_id=401 sim_time=660.100000
[INFO] [1787634047.577678814, 661.600000000]: PHASE2C_KEYSCAN_ACCEPTED unique_id=402 state_id=402 sim_time=661.600000
[INFO] [1787634049.678051647, 663.700000000]: PHASE2C_KEYSCAN_ACCEPTED unique_id=403 state_id=403 sim_time=663.700000
[INFO] [1787634051.559574824, 665.600000000]: PHASE2C_KEYSCAN_ACCEPTED unique_id=404 state_id=404 sim_time=665.600000
[INFO] [1787634053.053953335, 667.100000000]: PHASE2C_KEYSCAN_ACCEPTED unique_id=405 state_id=405 sim_time=667.100000
[INFO] [1787634054.756694548, 668.800000000]: PHASE2C_KEYSCAN_ACCEPTED unique_id=406 state_id=406 sim_time=668.800000
[INFO] [1787634059.370918227, 673.400000000]: PHASE2C_KEYSCAN_ACCEPTED unique_id=407 state_id=407 sim_time=673.400000
[INFO] [1787634061.262743956, 675.300000000]: PHASE2C_KEYSCAN_ACCEPTED unique_id=408 state_id=408 sim_time=675.300000
[INFO] [1787634063.164330147, 677.200000000]: PHASE2C_KEYSCAN_ACCEPTED unique_id=409 state_id=409 sim_time=677.200000
[INFO] [1787634067.672242348, 681.700000000]: PHASE2C_KEYSCAN_ACCEPTED unique_id=410 state_id=410 sim_time=681.700000
[INFO] [1787634072.372046847, 686.400000000]: PHASE2C_KEYSCAN_ACCEPTED unique_id=411 state_id=411 sim_time=686.400000
[INFO] [1787634077.071799450, 691.100000000]: PHASE2C_KEYSCAN_ACCEPTED unique_id=412 state_id=412 sim_time=691.100000
[INFO] [1787634079.657684050, 693.700000000]: PHASE2C_KEYSCAN_ACCEPTED unique_id=413 state_id=413 sim_time=693.700000
[INFO] [1787634080.858862854, 694.900000000]: PHASE2C_KEYSCAN_ACCEPTED unique_id=414 state_id=414 sim_time=694.900000
[INFO] [1787634082.572244756, 696.600000000]: PHASE2C_KEYSCAN_ACCEPTED unique_id=415 state_id=415 sim_time=696.600000
Warning: TF_REPEATED_DATA ignoring data with redundant timestamp for frame odom (parent offset) at time 696.800000 according to authority unknown_publisher
         at line 277 in /tmp/binarydeb/ros-noetic-tf2-0.7.10/src/buffer_core.cpp
Warning: TF_REPEATED_DATA ignoring data with redundant timestamp for frame offset (parent map) at time 696.800000 according to authority unknown_publisher
         at line 277 in /tmp/binarydeb/ros-noetic-tf2-0.7.10/src/buffer_core.cpp
[WARN] [1787634082.761274195, 696.800000000]: TF_REPEATED_DATA ignoring data with redundant timestamp for frame odom (parent offset) at time 696.800000 according to authority unknown_publisher
Warning: [WARN] [1787634082.761298778, 696.800000000]: TF_REPEATED_DATA ignoring data with redundant timestamp for frame offset (parent map) at time 696.800000 according to authority unknown_publisher
TF_REPEATED_DATA ignoring data with redundant timestamp for frame odom (parent offset) at time 696.800000 according to authority unknown_publisher
         at line 277 in /tmp/binarydeb/ros-noetic-tf2-0.7.10/src/buffer_core.cpp
Warning: TF_REPEATED_DATA ignoring data with redundant timestamp for frame offset (parent map) at time 696.800000 according to authority unknown_publisher
         at line 277 in /tmp/binarydeb/ros-noetic-tf2-0.7.10/src/buffer_core.cpp
Warning: TF_REPEATED_DATA ignoring data with redundant timestamp for frame odom (parent offset) at time 696.800000 according to authority unknown_publisher
         at line 277 in /tmp/binarydeb/ros-noetic-tf2-0.7.10/src/buffer_core.cpp
Warning: TF_REPEATED_DATA ignoring data with redundant timestamp for frame offset (parent map) at time 696.800000 according to authority unknown_publisher
         at line 277 in /tmp/binarydeb/ros-noetic-tf2-0.7.10/src/buffer_core.cpp
[INFO] [1787633994.984184479, 609.000000000]: Call local replanning...
[INFO] [1787633995.002321938, 609.000000000]: Set newGoal 29
[INFO] [1787634001.173770447, 615.200000000]: Call local replanning...
[INFO] [1787634007.294774368, 621.300000000]: Call local replanning...
[INFO] [1787634013.036786395, 627.100000000]: Call local replanning...
[INFO] [1787634013.055823648, 627.100000000]: Reach vertex 29
[INFO] [1787634013.055874140, 627.100000000]: Set newGoal 30
[INFO] [1787634019.200222756, 633.200000000]: Call local replanning...
[INFO] [1787634025.278751599, 639.300000000]: Call local replanning...
[INFO] [1787634031.127267447, 645.100000000]: Call local replanning...
[INFO] [1787634031.145527687, 645.200000000]: Reach vertex 30
[INFO] [1787634031.149302608, 645.200000000]: Explore Goal 30 's frontiers...
[INFO] [1787634035.238998224, 649.300000000]: Call local replanning...
[INFO] [1787634035.258942274, 649.300000000]: Set newGoal 24
[INFO] [1787634041.191102388, 655.200000000]: Call local replanning...
[INFO] [1787634047.020340983, 661.000000000]: Call local replanning...
[INFO] [1787634047.038798435, 661.100000000]: Skip currGoal 24 that has no frontier and seen by robot
[INFO] [1787634047.038822061, 661.100000000]: Set newGoal 25
[INFO] [1787634053.104233554, 667.100000000]: Call local replanning...
[INFO] [1787634059.116556209, 673.100000000]: Call local replanning...
[INFO] [1787634065.301583644, 679.300000000]: Call local replanning...
[INFO] [1787634071.106513606, 685.100000000]: Call local replanning...
[INFO] [1787634077.114745893, 691.100000000]: Call local replanning...
Warning: TF_REPEATED_DATA ignoring data with redundant timestamp for frame odom (parent offset) at time 696.800000 according to authority unknown_publisher
         at line 277 in /tmp/binarydeb/ros-noetic-tf2-0.7.10/src/buffer_core.cpp
Warning: TF_REPEATED_DATA ignoring data with redundant timestamp for frame offset (parent map) at time 696.800000 according to authority unknown_publisher
         at line 277 in /tmp/binarydeb/ros-noetic-tf2-0.7.10/src/buffer_core.cpp
concorde /tmp/tmp7prp4qwc/problem.tsp
Host: msxg  Current process id: 70235
Using random seed 1787634083
Number of Nodes: 16
Explicit Lengths (CC_MATRIXNORM)
Set initial upperbound to 599 (from tour)
ERROR: No dual change in basis finding code
Did not find a basic optimal solution
Fractional matching routine failed
Warning: restarting running timer Miscellaneous
No warmstart, stumbling on anyway
Basic dual change required, but no candidate edges
  LP Value  1: 599.000000  (0.00 seconds)
New lower bound: 599.000000
Final lower bound 599.000000, upper bound 599.000000
Exact lower bound: 599.000000
DIFF: 0.000000
Final LP has 16 rows, 18 columns, 36 nonzeros
Optimal Solution: 599.00
Number of bbnodes: 1
Total Running Time: 0.00 (seconds)
concorde /tmp/tmpg00gq_7s/problem.tsp
Host: msxg  Current process id: 70273
Using random seed 1787634089
Number of Nodes: 16
Explicit Lengths (CC_MATRIXNORM)
Set initial upperbound to 599 (from tour)
ERROR: No dual change in basis finding code
Did not find a basic optimal solution
Fractional matching routine failed
Warning: restarting running timer Miscellaneous
No warmstart, stumbling on anyway
Basic dual change required, but no candidate edges
  LP Value  1: 599.000000  (0.00 seconds)
New lower bound: 599.000000
Final lower bound 599.000000, upper bound 599.000000
Exact lower bound: 599.000000
DIFF: 0.000000
Final LP has 16 rows, 18 columns, 36 nonzeros
Optimal Solution: 599.00
Number of bbnodes: 1
Total Running Time: 0.00 (seconds)
[WARN] [1787634089.257592805, 703.300000000]: No frontier at vertex 25. #Frontier: 0
concorde /tmp/tmpwjtle2bp/problem.tsp
Host: msxg  Current process id: 70338
Using random seed 1787634095
Number of Nodes: 14
Explicit Lengths (CC_MATRIXNORM)
Set initial upperbound to 598 (from tour)
ERROR: No dual change in basis finding code
Did not find a basic optimal solution
Fractional matching routine failed
Warning: restarting running timer Miscellaneous
No warmstart, stumbling on anyway
Basic dual change required, but no candidate edges
  LP Value  1: 598.000000  (0.00 seconds)
New lower bound: 598.000000
Final lower bound 598.000000, upper bound 598.000000
Exact lower bound: 598.000000
DIFF: 0.000000
Final LP has 14 rows, 17 columns, 34 nonzeros
Optimal Solution: 598.00
Number of bbnodes: 1
Total Running Time: 0.00 (seconds)
concorde /tmp/tmpdntauiyb/problem.tsp
Host: msxg  Current process id: 70381
Using random seed 1787634101
Number of Nodes: 14
Explicit Lengths (CC_MATRIXNORM)
Set initial upperbound to 598 (from tour)
ERROR: No dual change in basis finding code
Did not find a basic optimal solution
Fractional matching routine failed
Warning: restarting running timer Miscellaneous
No warmstart, stumbling on anyway
Basic dual change required, but no candidate edges
  LP Value  1: 598.000000  (0.00 seconds)
New lower bound: 598.000000
Final lower bound 598.000000, upper bound 598.000000
Exact lower bound: 598.000000
DIFF: 0.000000
Final LP has 14 rows, 17 columns, 34 nonzeros
Optimal Solution: 598.00
Number of bbnodes: 1
Total Running Time: 0.00 (seconds)
[WARN] [1787634101.049086441, 715.100000000]: No frontier at vertex 31. #Frontier: 0
concorde /tmp/tmpu6opqkdf/problem.tsp
Host: msxg  Current process id: 70419
Using random seed 1787634107
Number of Nodes: 12
Explicit Lengths (CC_MATRIXNORM)
Set initial upperbound to 562 (from tour)
ERROR: No dual change in basis finding code
Did not find a basic optimal solution
Fractional matching routine failed
Warning: restarting running timer Miscellaneous
No warmstart, stumbling on anyway
Basic dual change required, but no candidate edges
  LP Value  1: 562.000000  (-0.00 seconds)
New lower bound: 562.000000
Final lower bound 562.000000, upper bound 562.000000
Exact lower bound: 562.000000
DIFF: 0.000000
Final LP has 12 rows, 14 columns, 28 nonzeros
Optimal Solution: 562.00
Number of bbnodes: 1
Total Running Time: 0.00 (seconds)
concorde /tmp/tmprtwmvqtv/problem.tsp
Host: msxg  Current process id: 70452
Using random seed 1787634113
Number of Nodes: 12
Explicit Lengths (CC_MATRIXNORM)
Set initial upperbound to 562 (from tour)
ERROR: No dual change in basis finding code
Did not find a basic optimal solution
Fractional matching routine failed
Warning: restarting running timer Miscellaneous
No warmstart, stumbling on anyway
Basic dual change required, but no candidate edges
  LP Value  1: 562.000000  (0.00 seconds)
New lower bound: 562.000000
Final lower bound 562.000000, upper bound 562.000000
Exact lower bound: 562.000000
DIFF: 0.000000
Final LP has 12 rows, 14 columns, 28 nonzeros
Optimal Solution: 562.00
Number of bbnodes: 1
Total Running Time: 0.00 (seconds)
concorde /tmp/tmpnhmc3iw3/problem.tsp
Host: msxg  Current process id: 70486
Using random seed 1787634119
Number of Nodes: 12
Explicit Lengths (CC_MATRIXNORM)
Set initial upperbound to 561 (from tour)
ERROR: No dual change in basis finding code
Did not find a basic optimal solution
Fractional matching routine failed
Warning: restarting running timer Miscellaneous
No warmstart, stumbling on anyway
Basic dual change required, but no candidate edges
  LP Value  1: 561.000000  (0.00 seconds)
New lower bound: 561.000000
Final lower bound 561.000000, upper bound 561.000000
Exact lower bound: 561.000000
DIFF: 0.000000
Final LP has 12 rows, 14 columns, 28 nonzeros
Optimal Solution: 561.00
Number of bbnodes: 1
Total Running Time: 0.00 (seconds)
concorde /tmp/tmpsouf168a/problem.tsp
Host: msxg  Current process id: 70537
Using random seed 1787634125
Number of Nodes: 12
Explicit Lengths (CC_MATRIXNORM)
Set initial upperbound to 561 (from tour)
ERROR: No dual change in basis finding code
Did not find a basic optimal solution
Fractional matching routine failed
Warning: restarting running timer Miscellaneous
No warmstart, stumbling on anyway
Basic dual change required, but no candidate edges
  LP Value  1: 561.000000  (0.00 seconds)
New lower bound: 561.000000
Final lower bound 561.000000, upper bound 561.000000
Exact lower bound: 561.000000
DIFF: 0.000000
Final LP has 12 rows, 14 columns, 28 nonzeros
Optimal Solution: 561.00
Number of bbnodes: 1
Total Running Time: 0.00 (seconds)
concorde /tmp/tmpkwp_lo_t/problem.tsp
Host: msxg  Current process id: 70557
Using random seed 1787634128
Number of Nodes: 12
Explicit Lengths (CC_MATRIXNORM)
Set initial upperbound to 561 (from tour)
ERROR: No dual change in basis finding code
Did not find a basic optimal solution
Fractional matching routine failed
Warning: restarting running timer Miscellaneous
No warmstart, stumbling on anyway
Basic dual change required, but no candidate edges
  LP Value  1: 561.000000  (0.00 seconds)
New lower bound: 561.000000
Final lower bound 561.000000, upper bound 561.000000
Exact lower bound: 561.000000
DIFF: 0.000000
Final LP has 12 rows, 14 columns, 28 nonzeros
Optimal Solution: 561.00
Number of bbnodes: 1
Total Running Time: 0.00 (seconds)
[INFO] [1787634084.446388620, 698.500000000]: PHASE2C_KEYSCAN_ACCEPTED unique_id=416 state_id=416 sim_time=698.500000
[INFO] [1787634085.363180951, 699.400000000]: PHASE2C_KEYSCAN_ACCEPTED unique_id=417 state_id=417 sim_time=699.400000
[INFO] [1787634086.847255840, 700.900000000]: PHASE2C_KEYSCAN_ACCEPTED unique_id=418 state_id=418 sim_time=700.900000
[INFO] [1787634088.258799101, 702.300000000]: PHASE2C_KEYSCAN_ACCEPTED unique_id=419 state_id=419 sim_time=702.300000
[INFO] [1787634089.559385555, 703.600000000]: PHASE2C_KEYSCAN_ACCEPTED unique_id=420 state_id=420 sim_time=703.600000
[INFO] [1787634090.663315116, 704.700000000]: PHASE2C_KEYSCAN_ACCEPTED unique_id=421 state_id=421 sim_time=704.700000
[INFO] [1787634092.055347316, 706.100000000]: PHASE2C_KEYSCAN_ACCEPTED unique_id=422 state_id=422 sim_time=706.100000
[INFO] [1787634093.354939663, 707.400000000]: PHASE2C_KEYSCAN_ACCEPTED unique_id=423 state_id=423 sim_time=707.400000
[INFO] [1787634094.791955033, 708.800000000]: PHASE2C_KEYSCAN_ACCEPTED unique_id=424 state_id=424 sim_time=708.700000
[INFO] [1787634096.359627139, 710.400000000]: PHASE2C_KEYSCAN_ACCEPTED unique_id=425 state_id=425 sim_time=710.400000
[INFO] [1787634096.869481991, 710.900000000]: PHASE2C_KEYSCAN_ACCEPTED unique_id=426 state_id=426 sim_time=710.900000
[INFO] [1787634097.557941266, 711.600000000]: PHASE2C_KEYSCAN_ACCEPTED unique_id=427 state_id=427 sim_time=711.600000
[INFO] [1787634098.572176263, 712.600000000]: PHASE2C_KEYSCAN_ACCEPTED unique_id=428 state_id=428 sim_time=712.600000
[INFO] [1787634099.859907733, 713.900000000]: PHASE2C_KEYSCAN_ACCEPTED unique_id=429 state_id=429 sim_time=713.900000
[INFO] [1787634101.175934211, 715.200000000]: PHASE2C_KEYSCAN_ACCEPTED unique_id=430 state_id=430 sim_time=715.200000
[INFO] [1787634101.983641406, 716.000000000]: PHASE2C_KEYSCAN_ACCEPTED unique_id=431 state_id=431 sim_time=716.000000
[INFO] [1787634102.666068318, 716.700000000]: PHASE2C_KEYSCAN_ACCEPTED unique_id=432 state_id=432 sim_time=716.700000
[INFO] [1787634103.398143129, 717.400000000]: PHASE2C_KEYSCAN_ACCEPTED unique_id=433 state_id=433 sim_time=717.400000
[INFO] [1787634104.562529874, 718.600000000]: PHASE2C_KEYSCAN_ACCEPTED unique_id=434 state_id=434 sim_time=718.600000
[INFO] [1787634105.992920264, 720.000000000]: PHASE2C_KEYSCAN_ACCEPTED unique_id=435 state_id=435 sim_time=720.000000
[INFO] [1787634107.251285847, 721.300000000]: PHASE2C_KEYSCAN_ACCEPTED unique_id=436 state_id=436 sim_time=721.300000
[INFO] [1787634108.585732822, 722.600000000]: PHASE2C_KEYSCAN_ACCEPTED unique_id=437 state_id=437 sim_time=722.600000
[INFO] [1787634109.871254940, 723.900000000]: PHASE2C_KEYSCAN_ACCEPTED unique_id=438 state_id=438 sim_time=723.900000
[INFO] [1787634111.192123929, 725.200000000]: PHASE2C_KEYSCAN_ACCEPTED unique_id=439 state_id=439 sim_time=725.200000
[INFO] [1787634112.549691631, 726.600000000]: PHASE2C_KEYSCAN_ACCEPTED unique_id=440 state_id=440 sim_time=726.600000
[INFO] [1787634113.893365833, 727.900000000]: PHASE2C_KEYSCAN_ACCEPTED unique_id=441 state_id=441 sim_time=727.900000
[INFO] [1787634115.162373208, 729.200000000]: PHASE2C_KEYSCAN_ACCEPTED unique_id=442 state_id=442 sim_time=729.200000
[INFO] [1787634117.382670829, 731.400000000]: PHASE2C_KEYSCAN_ACCEPTED unique_id=443 state_id=443 sim_time=731.400000
[INFO] [1787634121.481967483, 735.500000000]: PHASE2C_KEYSCAN_ACCEPTED unique_id=444 state_id=444 sim_time=735.500000
[INFO] [1787634125.168166732, 739.200000000]: PHASE2C_KEYSCAN_ACCEPTED unique_id=445 state_id=445 sim_time=739.200000
[INFO] [1787634126.754458233, 740.800000000]: PHASE2C_KEYSCAN_ACCEPTED unique_id=446 state_id=446 sim_time=740.800000
[INFO] [1787634128.269520204, 742.300000000]: PHASE2C_KEYSCAN_ACCEPTED unique_id=447 state_id=447 sim_time=742.300000
[INFO] [1787634129.063656769, 743.100000000]: PHASE2C_KEYSCAN_ACCEPTED unique_id=448 state_id=448 sim_time=743.100000
[INFO] [1787634129.658451510, 743.700000000]: PHASE2C_KEYSCAN_ACCEPTED unique_id=449 state_id=449 sim_time=743.700000
[INFO] [1787634130.368040994, 744.400000000]: PHASE2C_KEYSCAN_ACCEPTED unique_id=450 state_id=450 sim_time=744.400000
[INFO] [1787634130.959607169, 745.000000000]: PHASE2C_KEYSCAN_ACCEPTED unique_id=451 state_id=451 sim_time=745.000000
[INFO] [1787634131.556608464, 745.600000000]: PHASE2C_KEYSCAN_ACCEPTED unique_id=452 state_id=452 sim_time=745.600000
[INFO] [1787634132.156630068, 746.200000000]: PHASE2C_KEYSCAN_ACCEPTED unique_id=453 state_id=453 sim_time=746.200000
[INFO] [1787634132.792524414, 746.800000000]: PHASE2C_KEYSCAN_ACCEPTED unique_id=454 state_id=454 sim_time=746.800000
Warning: TF_REPEATED_DATA ignoring data with redundant timestamp for frame odom (parent offset) at time 747.000000 according to authority unknown_publisher
         at line 277 in /tmp/binarydeb/ros-noetic-tf2-0.7.10/src/buffer_core.cpp
Warning: TF_REPEATED_DATA ignoring data with redundant timestamp for frame offset (parent map) at time 747.000000 according to authority unknown_publisher
Warning:          at line TF_REPEATED_DATA ignoring data with redundant timestamp for frame odom (parent offset) at time 747.000000 according to authority unknown_publisher277
 in          at line /tmp/binarydeb/ros-noetic-tf2-0.7.10/src/buffer_core.cpp277
 in /tmp/binarydeb/ros-noetic-tf2-0.7.10/src/buffer_core.cpp
Warning: TF_REPEATED_DATA ignoring data with redundant timestamp for frame offset (parent map) at time 747.000000 according to authority unknown_publisher
         at line 277 in /tmp/binarydeb/ros-noetic-tf2-0.7.10/src/buffer_core.cpp
[WARN] [1787634132.996421404, 747.000000000]: TF_REPEATED_DATA ignoring data with redundant timestamp for frame odom (parent offset) at time 747.000000 according to authority unknown_publisher
[INFO] [1787634083.342938020, 697.400000000]: Call local replanning...
[INFO] [1787634083.361262787, 697.400000000]: Reach vertex 25
[INFO] [1787634083.368918649, 697.400000000]: Explore Goal 25 's frontiers...
[INFO] [1787634089.240906264, 703.300000000]: Call local replanning...
[INFO] [1787634089.257635624, 703.300000000]: Set newGoal 31
[INFO] [1787634095.395915232, 709.400000000]: Call local replanning...
[INFO] [1787634095.413779136, 709.400000000]: Reach vertex 31
[INFO] [1787634095.418464894, 709.400000000]: Explore Goal 31 's frontiers...
[INFO] [1787634101.029061356, 715.000000000]: Call local replanning...
[INFO] [1787634101.049123607, 715.100000000]: Set newGoal 32
[INFO] [1787634107.217836040, 721.200000000]: Call local replanning...
[INFO] [1787634113.045379427, 727.100000000]: Call local replanning...
[INFO] [1787634119.353627834, 733.400000000]: Call local replanning...
[INFO] [1787634125.228608617, 739.200000000]: Call local replanning...
[INFO] [1787634125.249125528, 739.300000000]: Reach vertex 32
[INFO] [1787634125.251711745, 739.300000000]: Explore Goal 32 's frontiers...
[INFO] [1787634128.155959119, 742.200000000]: Call local replanning...
[INFO] [1787634128.186396557, 742.200000000]: Explore Goal 32 's frontiers...
Warning: TF_REPEATED_DATA ignoring data with redundant timestamp for frame odom (parent offset) at time 747.000000 according to authority unknown_publisher
         at line 277 in /tmp/binarydeb/ros-noetic-tf2-0.7.10/src/buffer_core.cpp
[WARN] [1787634132.996471985, 747.000000000]: TF_REPEATED_DATA ignoring data with redundant timestamp for frame offset (parent map) at time 747.000000 according to authority unknown_publisher
Warning: Warning: TF_REPEATED_DATA ignoring data with redundant timestamp for frame offset (parent map) at time 747.000000 according to authority unknown_publisherTF_REPEATED_DATA ignoring data with redundant timestamp for frame odom (parent offset) at time 747.000000 according to authority unknown_publisher

         at line          at line 277277 in  in /tmp/binarydeb/ros-noetic-tf2-0.7.10/src/buffer_core.cpp/tmp/binarydeb/ros-noetic-tf2-0.7.10/src/buffer_core.cpp

Warning: TF_REPEATED_DATA ignoring data with redundant timestamp for frame offset (parent map) at time 747.000000 according to authority unknown_publisher
         at line 277 in /tmp/binarydeb/ros-noetic-tf2-0.7.10/src/buffer_core.cpp
concorde /tmp/tmp5kmaew46/problem.tsp
Host: msxg  Current process id: 70607
Using random seed 1787634134
Number of Nodes: 12
Explicit Lengths (CC_MATRIXNORM)
Set initial upperbound to 561 (from tour)
ERROR: No dual change in basis finding code
Did not find a basic optimal solution
Fractional matching routine failed
Warning: restarting running timer Miscellaneous
No warmstart, stumbling on anyway
Basic dual change required, but no candidate edges
  LP Value  1: 561.000000  (-0.00 seconds)
New lower bound: 561.000000
Final lower bound 561.000000, upper bound 561.000000
Exact lower bound: 561.000000
DIFF: 0.000000
Final LP has 12 rows, 14 columns, 28 nonzeros
Optimal Solution: 561.00
Number of bbnodes: 1
Total Running Time: -0.00 (seconds)
[WARN] [1787634134.284732800, 748.300000000]: No frontier at vertex 32. #Frontier: 0
concorde /tmp/tmp16b5d8q7/problem.tsp
Host: msxg  Current process id: 70646
Using random seed 1787634140
Number of Nodes: 10
Explicit Lengths (CC_MATRIXNORM)
Set initial upperbound to 448 (from tour)
ERROR: No dual change in basis finding code
Did not find a basic optimal solution
Fractional matching routine failed
Warning: restarting running timer Miscellaneous
No warmstart, stumbling on anyway
Basic dual change required, but no candidate edges
  LP Value  1: 448.000000  (0.00 seconds)
New lower bound: 448.000000
Final lower bound 448.000000, upper bound 448.000000
Exact lower bound: 448.000000
DIFF: 0.000000
Final LP has 10 rows, 11 columns, 22 nonzeros
Optimal Solution: 448.00
Number of bbnodes: 1
Total Running Time: 0.00 (seconds)
[INFO] [1787634077.131407, 691.100000]: Send new plan: 8 7 6 5 4 3 9 15 16 10 11 35 37 20 19 15(L) 19 23 29 30 24 25  ---> 31 32 26 38 36 12 11(L) 12 13 14 8(L) 14 18 17 21 22 28 34 33 27 26(L) 
[INFO] [1787634082.760772, 696.800000]: Really visited vertices: 8 7 6 5 4 3 9 15 16 10 11 35 37 20 19 15 16 15 19 23 29 30 24 25 
[INFO] [1787634083.344070, 697.400000]: Replanning request. curr_vertex_idx: 21
[INFO] [1787634083.345040, 697.400000]:                     covered_vertices: ()
[INFO] [1787634083.345942, 697.400000]: Handle local replanning...
[INFO] [1787634083.346699, 697.400000]: Local path to replan: [25, 31, 32, 26, 38, 36, 12, 11]
Original tsp path is better!
[INFO] [1787634083.359063, 697.400000]: curr path length: 43, is_loop length: 43
[INFO] [1787634083.360238, 697.400000]: Send new plan: 8 7 6 5 4 3 9 15 16 10 11 35 37 20 19 15(L) 19 23 29 30 24 25  ---> 31 32 26 38 36 12 11(L) 12 13 14 8(L) 14 18 17 21 22 28 34 33 27 26(L) 
[INFO] [1787634088.353806, 702.400000]: Really visited vertices: 8 7 6 5 4 3 9 15 16 10 11 35 37 20 19 15 16 15 19 23 29 30 24 25 
[INFO] [1787634089.242161, 703.300000]: Replanning request. curr_vertex_idx: 21
[INFO] [1787634089.243061, 703.300000]:                     covered_vertices: ()
[INFO] [1787634089.243745, 703.300000]: Handle local replanning...
[INFO] [1787634089.244468, 703.300000]: Local path to replan: [25, 31, 32, 26, 38, 36, 12, 11]
Original tsp path is better!
[INFO] [1787634089.255797, 703.300000]: curr path length: 43, is_loop length: 43
[INFO] [1787634089.256659, 703.300000]: Send new plan: 8 7 6 5 4 3 9 15 16 10 11 35 37 20 19 15(L) 19 23 29 30 24 25  ---> 31 32 26 38 36 12 11(L) 12 13 14 8(L) 14 18 17 21 22 28 34 33 27 26(L) 
[INFO] [1787634095.397161, 709.400000]: Replanning request. curr_vertex_idx: 22
[INFO] [1787634095.398078, 709.400000]:                     covered_vertices: ()
[INFO] [1787634095.398806, 709.400000]: Handle local replanning...
[INFO] [1787634095.399485, 709.400000]: Local path to replan: [31, 32, 26, 38, 36, 12, 11]
Reverse tsp path is better!
[INFO] [1787634095.411228, 709.400000]: curr path length: 43, is_loop length: 43
[INFO] [1787634095.412601, 709.400000]: Send new plan: 8 7 6 5 4 3 9 15 16 10 11 35 37 20 19 15(L) 19 23 29 30 24 25 31  ---> 32 26 38 36 12 11(L) 12 13 14 8(L) 14 18 17 21 22 28 34 33 27 26(L) 
[INFO] [1787634099.961965, 714.000000]: Really visited vertices: 8 7 6 5 4 3 9 15 16 10 11 35 37 20 19 15 16 15 19 23 29 30 24 25 31 
[INFO] [1787634101.030247, 715.000000]: Replanning request. curr_vertex_idx: 22
[INFO] [1787634101.031422, 715.000000]:                     covered_vertices: ()
[INFO] [1787634101.031955, 715.000000]: Handle local replanning...
[INFO] [1787634101.032377, 715.000000]: Local path to replan: [31, 32, 26, 38, 36, 12, 11]
Reverse tsp path is better!
[INFO] [1787634101.046949, 715.100000]: curr path length: 43, is_loop length: 43
[INFO] [1787634101.048115, 715.100000]: Send new plan: 8 7 6 5 4 3 9 15 16 10 11 35 37 20 19 15(L) 19 23 29 30 24 25 31  ---> 32 26 38 36 12 11(L) 12 13 14 8(L) 14 18 17 21 22 28 34 33 27 26(L) 
[INFO] [1787634106.092775, 720.100000]: Really visited vertices: 8 7 6 5 4 3 9 15 16 10 11 35 37 20 19 15 16 15 19 23 29 30 24 25 31 
[INFO] [1787634107.219164, 721.200000]: Replanning request. curr_vertex_idx: 23
[INFO] [1787634107.220183, 721.200000]:                     covered_vertices: ()
[INFO] [1787634107.220897, 721.200000]: Handle local replanning...
[INFO] [1787634107.221615, 721.200000]: Local path to replan: [32, 26, 38, 36, 12, 11]
Reverse tsp path is better!
[INFO] [1787634107.233765, 721.200000]: curr path length: 43, is_loop length: 43
[INFO] [1787634107.235033, 721.300000]: Send new plan: 8 7 6 5 4 3 9 15 16 10 11 35 37 20 19 15(L) 19 23 29 30 24 25 31 32  ---> 26 38 36 12 11(L) 12 13 14 8(L) 14 18 17 21 22 28 34 33 27 26(L) 
[INFO] [1787634112.651209, 726.700000]: Really visited vertices: 8 7 6 5 4 3 9 15 16 10 11 35 37 20 19 15 16 15 19 23 29 30 24 25 31 
[INFO] [1787634113.046592, 727.100000]: Replanning request. curr_vertex_idx: 23
[INFO] [1787634113.047449, 727.100000]:                     covered_vertices: ()
[INFO] [1787634113.048083, 727.100000]: Handle local replanning...
[INFO] [1787634113.048627, 727.100000]: Local path to replan: [32, 26, 38, 36, 12, 11]
Original tsp path is better!
[INFO] [1787634113.060503, 727.100000]: curr path length: 43, is_loop length: 43
[INFO] [1787634113.061447, 727.100000]: Send new plan: 8 7 6 5 4 3 9 15 16 10 11 35 37 20 19 15(L) 19 23 29 30 24 25 31 32  ---> 26 38 36 12 11(L) 12 13 14 8(L) 14 18 17 21 22 28 34 33 27 26(L) 
[INFO] [1787634119.354936, 733.400000]: Replanning request. curr_vertex_idx: 23
[INFO] [1787634119.355993, 733.400000]:                     covered_vertices: ()
[INFO] [1787634119.357065, 733.400000]: Handle local replanning...
[INFO] [1787634119.358036, 733.400000]: Local path to replan: [32, 26, 38, 36, 12, 11]
Original tsp path is better!
[INFO] [1787634119.374434, 733.400000]: curr path length: 43, is_loop length: 43
[INFO] [1787634119.375976, 733.400000]: Send new plan: 8 7 6 5 4 3 9 15 16 10 11 35 37 20 19 15(L) 19 23 29 30 24 25 31 32  ---> 26 38 36 12 11(L) 12 13 14 8(L) 14 18 17 21 22 28 34 33 27 26(L) 
[INFO] [1787634125.229899, 739.200000]: Replanning request. curr_vertex_idx: 23
[INFO] [1787634125.231044, 739.200000]:                     covered_vertices: ()
[INFO] [1787634125.231831, 739.200000]: Handle local replanning...
[INFO] [1787634125.232544, 739.200000]: Local path to replan: [32, 26, 38, 36, 12, 11]
Reverse tsp path is better!
[INFO] [1787634125.246711, 739.300000]: curr path length: 43, is_loop length: 43
[INFO] [1787634125.248064, 739.300000]: Send new plan: 8 7 6 5 4 3 9 15 16 10 11 35 37 20 19 15(L) 19 23 29 30 24 25 31 32  ---> 26 38 36 12 11(L) 12 13 14 8(L) 14 18 17 21 22 28 34 33 27 26(L) 
[INFO] [1787634128.157259, 742.200000]: Replanning request. curr_vertex_idx: 23
[INFO] [1787634128.158334, 742.200000]:                     covered_vertices: ()
[INFO] [1787634128.159067, 742.200000]: Handle local replanning...
[INFO] [1787634128.159711, 742.200000]: Local path to replan: [32, 26, 38, 36, 12, 11]
Original tsp path is better!
[INFO] [1787634128.171895, 742.200000]: curr path length: 43, is_loop length: 43
[INFO] [1787634128.173430, 742.200000]: Send new plan: 8 7 6 5 4 3 9 15 16 10 11 35 37 20 19 15(L) 19 23 29 30 24 25 31 32  ---> 26 38 36 12 11(L) 12 13 14 8(L) 14 18 17 21 22 28 34 33 27 26(L) 
[INFO] [1787634132.996754, 747.000000]: Really visited vertices: 8 7 6 5 4 3 9 15 16 10 11 35 37 20 19 15 16 15 19 23 29 30 24 25 31 32 
[INFO] [1787634134.268734, 748.300000]: Replanning request. curr_vertex_idx: 23
[INFO] [1787634134.269764, 748.300000]:                     covered_vertices: ()
[INFO] [1787634134.270582, 748.300000]: Handle local replanning...
[INFO] [1787634134.271204, 748.300000]: Local path to replan: [32, 26, 38, 36, 12, 11]
Reverse tsp path is better!
[INFO] [1787634134.282661, 748.300000]: curr path length: 43, is_loop length: 43
[INFO] [1787634134.283646, 748.300000]: Send new plan: 8 7 6 5 4 3 9 15 16 10 11 35 37 20 19 15(L) 19 23 29 30 24 25 31 32  ---> 26 38 36 12 11(L) 12 13 14 8(L) 14 18 17 21 22 28 34 33 27 26(L) 
[INFO] [1787634140.209136, 754.200000]: Replanning request. curr_vertex_idx: 24
[INFO] [1787634140.210353, 754.200000]:                     covered_vertices: ()
[INFO] [1787634140.211056, 754.200000]: Handle local replanning...
[INFO] [1787634140.211742, 754.200000]: Local path to replan: [26, 38, 36, 12, 11]
Reverse tsp path is better!
[INFO] [1787634140.224224, 754.200000]: curr path length: 43, is_loop length: 43
[INFO] [1787634140.225512, 754.200000]: Send new plan: 8 7 6 5 4 3 9 15 16 10 11 35 37 20 19 15(L) 19 23 29 30 24 25 31 32 26  ---> 38 36 12 11(L) 12 13 14 8(L) 14 18 17 21 22 28 34 33 27 26(L) 
[INFO] [1787634144.871660, 758.900000]: Really visited vertices: 8 7 6 5 4 3 9 15 16 10 11 35 37 20 19 15 16 15 19 23 29 30 24 25 31 32 
[INFO] [1787634146.075460, 760.100000]: Replanning request. curr_vertex_idx: 24
[INFO] [1787634146.076549, 760.100000]:                     covered_vertices: ()
concorde /tmp/tmpn6vt0t13/problem.tsp
Host: msxg  Current process id: 70671
Using random seed 1787634146
Number of Nodes: 10
Explicit Lengths (CC_MATRIXNORM)
Set initial upperbound to 448 (from tour)
ERROR: No dual change in basis finding code
Did not find a basic optimal solution
Fractional matching routine failed
Warning: restarting running timer Miscellaneous
No warmstart, stumbling on anyway
Basic dual change required, but no candidate edges
  LP Value  1: 448.000000  (-0.00 seconds)
New lower bound: 448.000000
Final lower bound 448.000000, upper bound 448.000000
Exact lower bound: 448.000000
DIFF: 0.000000
Final LP has 10 rows, 11 columns, 22 nonzeros
Optimal Solution: 448.00
Number of bbnodes: 1
Total Running Time: 0.00 (seconds)
concorde /tmp/tmpbufa_zyg/problem.tsp
Host: msxg  Current process id: 70688
Using random seed 1787634152
Number of Nodes: 10
Explicit Lengths (CC_MATRIXNORM)
Set initial upperbound to 448 (from tour)
ERROR: No dual change in basis finding code
Did not find a basic optimal solution
Fractional matching routine failed
Warning: restarting running timer Miscellaneous
No warmstart, stumbling on anyway
Basic dual change required, but no candidate edges
  LP Value  1: 448.000000  (0.00 seconds)
New lower bound: 448.000000
Final lower bound 448.000000, upper bound 448.000000
Exact lower bound: 448.000000
DIFF: 0.000000
Final LP has 10 rows, 11 columns, 22 nonzeros
Optimal Solution: 448.00
Number of bbnodes: 1
Total Running Time: 0.00 (seconds)
concorde /tmp/tmphx7wpfbr/problem.tsp
Host: msxg  Current process id: 70739
Using random seed 1787634158
Number of Nodes: 10
Explicit Lengths (CC_MATRIXNORM)
Set initial upperbound to 448 (from tour)
ERROR: No dual change in basis finding code
Did not find a basic optimal solution
Fractional matching routine failed
Warning: restarting running timer Miscellaneous
No warmstart, stumbling on anyway
Basic dual change required, but no candidate edges
  LP Value  1: 448.000000  (0.00 seconds)
New lower bound: 448.000000
Final lower bound 448.000000, upper bound 448.000000
Exact lower bound: 448.000000
DIFF: 0.000000
Final LP has 10 rows, 11 columns, 22 nonzeros
Optimal Solution: 448.00
Number of bbnodes: 1
Total Running Time: 0.00 (seconds)
concorde /tmp/tmpip29fro7/problem.tsp
Host: msxg  Current process id: 70771
Using random seed 1787634164
Number of Nodes: 10
Explicit Lengths (CC_MATRIXNORM)
Set initial upperbound to 448 (from tour)
ERROR: No dual change in basis finding code
Did not find a basic optimal solution
Fractional matching routine failed
Warning: restarting running timer Miscellaneous
No warmstart, stumbling on anyway
Basic dual change required, but no candidate edges
  LP Value  1: 448.000000  (0.00 seconds)
New lower bound: 448.000000
Final lower bound 448.000000, upper bound 448.000000
Exact lower bound: 448.000000
DIFF: 0.000000
Final LP has 10 rows, 11 columns, 22 nonzeros
Optimal Solution: 448.00
Number of bbnodes: 1
Total Running Time: 0.00 (seconds)
concorde /tmp/tmpd306ss6k/problem.tsp
Host: msxg  Current process id: 70789
Using random seed 1787634170
Number of Nodes: 10
Explicit Lengths (CC_MATRIXNORM)
Set initial upperbound to 448 (from tour)
ERROR: No dual change in basis finding code
Did not find a basic optimal solution
Fractional matching routine failed
Warning: restarting running timer Miscellaneous
No warmstart, stumbling on anyway
Basic dual change required, but no candidate edges
  LP Value  1: 448.000000  (0.00 seconds)
New lower bound: 448.000000
Final lower bound 448.000000, upper bound 448.000000
Exact lower bound: 448.000000
DIFF: 0.000000
Final LP has 10 rows, 11 columns, 22 nonzeros
Optimal Solution: 448.00
Number of bbnodes: 1
Total Running Time: 0.00 (seconds)
[WARN] [1787634170.189563942, 784.200000000]: No frontier at vertex 26. #Frontier: 0
concorde /tmp/tmpixuz_rlg/problem.tsp
Host: msxg  Current process id: 70834
Using random seed 1787634176
Number of Nodes: 8
Explicit Lengths (CC_MATRIXNORM)
Optimal Solution: 324.00
Total Running Time: 0.00 (seconds)
concorde /tmp/tmphkfloie_/problem.tsp
Host: msxg  Current process id: 70854
Using random seed 1787634182
Number of Nodes: 8
Explicit Lengths (CC_MATRIXNORM)
Optimal Solution: 324.00
Total Running Time: 0.00 (seconds)
concorde /tmp/tmp2qivx3tu/problem.tsp
Host: msxg  Current process id: 70905
Using random seed 1787634188
Number of Nodes: 6
Explicit Lengths (CC_MATRIXNORM)
Optimal Solution: 209.00
Total Running Time: 0.00 (seconds)
concorde /tmp/tmpbt59wqwk/problem.tsp
Host: msxg  Current process id: 70931
Using random seed 1787634194
Number of Nodes: 6
Explicit Lengths (CC_MATRIXNORM)
Optimal Solution: 209.00
Total Running Time: 0.00 (seconds)
concorde /tmp/tmpgvcqpf71/problem.tsp
Host: msxg  Current process id: 70955
Using random seed 1787634200
Number of Nodes: 6
Explicit Lengths (CC_MATRIXNORM)
Optimal Solution: 209.00
Total Running Time: 0.00 (seconds)
concorde /tmp/tmp4ms6aitj/problem.tsp
Host: msxg  Current process id: 70974
Using random seed 1787634206
Number of Nodes: 6
Explicit Lengths (CC_MATRIXNORM)
Optimal Solution: 209.00
Total Running Time: 0.00 (seconds)
concorde /tmp/tmpd1yw77iw/problem.tsp
Host: msxg  Current process id: 70991
Using random seed 1787634212
Number of Nodes: 6
Explicit Lengths (CC_MATRIXNORM)
Optimal Solution: 209.00
Total Running Time: 0.00 (seconds)
[INFO] [1787634134.249301955, 748.300000000]: PHASE2C_KEYSCAN_ACCEPTED unique_id=455 state_id=455 sim_time=748.300000
[INFO] [1787634135.681580152, 749.700000000]: PHASE2C_KEYSCAN_ACCEPTED unique_id=456 state_id=456 sim_time=749.700000
[INFO] [1787634136.966781225, 751.000000000]: PHASE2C_KEYSCAN_ACCEPTED unique_id=457 state_id=457 sim_time=751.000000
[INFO] [1787634138.380251596, 752.400000000]: PHASE2C_KEYSCAN_ACCEPTED unique_id=458 state_id=458 sim_time=752.400000
[INFO] [1787634140.144501841, 754.200000000]: PHASE2C_KEYSCAN_ACCEPTED unique_id=459 state_id=459 sim_time=754.200000
[INFO] [1787634141.672067215, 755.700000000]: PHASE2C_KEYSCAN_ACCEPTED unique_id=460 state_id=460 sim_time=755.700000
[INFO] [1787634144.763601084, 758.800000000]: PHASE2C_KEYSCAN_ACCEPTED unique_id=461 state_id=461 sim_time=758.800000
[INFO] [1787634149.672630118, 763.700000000]: PHASE2C_KEYSCAN_ACCEPTED unique_id=462 state_id=462 sim_time=763.700000
[INFO] [1787634154.465834960, 768.500000000]: PHASE2C_KEYSCAN_ACCEPTED unique_id=463 state_id=463 sim_time=768.500000
[INFO] [1787634158.869768431, 772.900000000]: PHASE2C_KEYSCAN_ACCEPTED unique_id=464 state_id=464 sim_time=772.900000
[INFO] [1787634160.250348316, 774.300000000]: PHASE2C_KEYSCAN_ACCEPTED unique_id=465 state_id=465 sim_time=774.300000
[INFO] [1787634161.869317450, 775.900000000]: PHASE2C_KEYSCAN_ACCEPTED unique_id=466 state_id=466 sim_time=775.900000
[INFO] [1787634165.162309808, 779.200000000]: PHASE2C_KEYSCAN_ACCEPTED unique_id=467 state_id=467 sim_time=779.200000
[INFO] [1787634169.868524519, 783.900000000]: PHASE2C_KEYSCAN_ACCEPTED unique_id=468 state_id=468 sim_time=783.900000
[INFO] [1787634171.250027381, 785.300000000]: PHASE2C_KEYSCAN_ACCEPTED unique_id=469 state_id=469 sim_time=785.300000
[INFO] [1787634171.866775118, 785.900000000]: PHASE2C_KEYSCAN_ACCEPTED unique_id=470 state_id=470 sim_time=785.900000
[INFO] [1787634173.457304202, 787.500000000]: PHASE2C_KEYSCAN_ACCEPTED unique_id=471 state_id=471 sim_time=787.500000
[INFO] [1787634174.780526338, 788.800000000]: PHASE2C_KEYSCAN_ACCEPTED unique_id=472 state_id=472 sim_time=788.800000
[INFO] [1787634176.163604155, 790.200000000]: PHASE2C_KEYSCAN_ACCEPTED unique_id=473 state_id=473 sim_time=790.200000
[INFO] [1787634179.492426256, 793.500000000]: PHASE2C_KEYSCAN_ACCEPTED unique_id=474 state_id=474 sim_time=793.500000
[INFO] [1787634184.377148262, 798.400000000]: PHASE2C_KEYSCAN_ACCEPTED unique_id=475 state_id=475 sim_time=798.400000
[INFO] [1787634189.185914557, 803.200000000]: PHASE2C_KEYSCAN_ACCEPTED unique_id=476 state_id=476 sim_time=803.200000
[INFO] [1787634194.058257756, 808.100000000]: PHASE2C_KEYSCAN_ACCEPTED unique_id=477 state_id=477 sim_time=808.100000
[INFO] [1787634198.867961498, 812.900000000]: PHASE2C_KEYSCAN_ACCEPTED unique_id=478 state_id=478 sim_time=812.900000
[INFO] [1787634203.672725125, 817.700000000]: PHASE2C_KEYSCAN_ACCEPTED unique_id=479 state_id=479 sim_time=817.700000
[INFO] [1787634207.988327813, 822.000000000]: PHASE2C_KEYSCAN_ACCEPTED unique_id=480 state_id=480 sim_time=822.000000
[INFO] [1787634212.570409575, 826.600000000]: PHASE2C_KEYSCAN_ACCEPTED unique_id=481 state_id=481 sim_time=826.600000
[INFO] [1787634217.377852124, 831.400000000]: PHASE2C_KEYSCAN_ACCEPTED unique_id=482 state_id=482 sim_time=831.400000
Warning: TF_REPEATED_DATA ignoring data with redundant timestamp for frame odom (parent offset) at time 831.600000 according to authority unknown_publisher
         at line 277 in /tmp/binarydeb/ros-noetic-tf2-0.7.10/src/buffer_core.cpp
Warning: TF_REPEATED_DATA ignoring data with redundant timestamp for frame offset (parent map) at time 831.600000 according to authority unknown_publisher
         at line 277 in /tmp/binarydeb/ros-noetic-tf2-0.7.10/src/buffer_core.cpp
[WARN] [1787634217.586152413, 831.600000000]: TF_REPEATED_DATA ignoring data with redundant timestamp for frame odom (parent offset) at time 831.600000 according to authority unknown_publisher
Warning: TF_REPEATED_DATA ignoring data with redundant timestamp for frame odom (parent offset) at time 831.600000 according to authority unknown_publisher[WARN] [1787634217.586182839, 831.600000000]: TF_REPEATED_DATA ignoring data with redundant timestamp for frame offset (parent map) at time 831.600000 according to authority unknown_publisher

         at line 277 in /tmp/binarydeb/ros-noetic-tf2-0.7.10/src/buffer_core.cpp
Warning: TF_REPEATED_DATA ignoring data with redundant timestamp for frame offset (parent map) at time 831.600000 according to authority unknown_publisher
         at line 277 in /tmp/binarydeb/ros-noetic-tf2-0.7.10/src/buffer_core.cpp
[INFO] [1787634134.267367307, 748.300000000]: Call local replanning...
[INFO] [1787634134.284782080, 748.300000000]: Set newGoal 26
[INFO] [1787634140.207735066, 754.200000000]: Call local replanning...
[INFO] [1787634146.074053202, 760.100000000]: Call local replanning...
[INFO] [1787634152.173308498, 766.200000000]: Call local replanning...
[INFO] [1787634158.386239640, 772.400000000]: Call local replanning...
[INFO] [1787634158.405071333, 772.400000000]: Reach vertex 26
[INFO] [1787634158.433350169, 772.400000000]: Explore Goal 26 's frontiers...
[INFO] [1787634164.165543701, 778.200000000]: Call local replanning...
[INFO] [1787634164.202670961, 778.200000000]: Explore Goal 26 's frontiers...
[INFO] [1787634170.172154851, 784.200000000]: Call local replanning...
[INFO] [1787634170.189599103, 784.200000000]: Set newGoal 38
[INFO] [1787634176.066809825, 790.100000000]: Call local replanning...
[INFO] [1787634182.385804076, 796.400000000]: Call local replanning...
[INFO] [1787634182.402333381, 796.400000000]: Skip currGoal 38 that has no frontier and seen by robot
[INFO] [1787634182.402374848, 796.400000000]: Set newGoal 36
[INFO] [1787634188.412781555, 802.400000000]: Call local replanning...
[INFO] [1787634194.185816532, 808.200000000]: Call local replanning...
[INFO] [1787634200.078116166, 814.100000000]: Call local replanning...
[INFO] [1787634206.192624424, 820.200000000]: Call local replanning...
[INFO] [1787634212.201443799, 826.200000000]: Call local replanning...
Warning: TF_REPEATED_DATA ignoring data with redundant timestamp for frame odom (parent offset) at time 831.600000 according to authority unknown_publisher
         at line 277Warning:  in TF_REPEATED_DATA ignoring data with redundant timestamp for frame odom (parent offset) at time 831.600000 according to authority unknown_publisher/tmp/binarydeb/ros-noetic-tf2-0.7.10/src/buffer_core.cpp

         at line 277 in /tmp/binarydeb/ros-noetic-tf2-0.7.10/src/buffer_core.cpp
Warning: TF_REPEATED_DATA ignoring data with redundant timestamp for frame offset (parent map) at time 831.600000 according to authority unknown_publisher
         at line 277 in Warning: /tmp/binarydeb/ros-noetic-tf2-0.7.10/src/buffer_core.cppTF_REPEATED_DATA ignoring data with redundant timestamp for frame offset (parent map) at time 831.600000 according to authority unknown_publisher

         at line 277 in /tmp/binarydeb/ros-noetic-tf2-0.7.10/src/buffer_core.cpp
concorde /tmp/tmp_hzcr9za/problem.tsp
Host: msxg  Current process id: 71035
Using random seed 1787634218
Number of Nodes: 6
Explicit Lengths (CC_MATRIXNORM)
Optimal Solution: 209.00
Total Running Time: 0.00 (seconds)
[INFO] [1787634146.077436, 760.100000]: Handle local replanning...
[INFO] [1787634146.078212, 760.100000]: Local path to replan: [26, 38, 36, 12, 11]
Original tsp path is better!
[INFO] [1787634146.089619, 760.100000]: curr path length: 43, is_loop length: 43
[INFO] [1787634146.090648, 760.100000]: Send new plan: 8 7 6 5 4 3 9 15 16 10 11 35 37 20 19 15(L) 19 23 29 30 24 25 31 32 26  ---> 38 36 12 11(L) 12 13 14 8(L) 14 18 17 21 22 28 34 33 27 26(L) 
[INFO] [1787634152.174718, 766.200000]: Replanning request. curr_vertex_idx: 24
[INFO] [1787634152.175620, 766.200000]:                     covered_vertices: ()
[INFO] [1787634152.176293, 766.200000]: Handle local replanning...
[INFO] [1787634152.176948, 766.200000]: Local path to replan: [26, 38, 36, 12, 11]
Original tsp path is better!
[INFO] [1787634152.189246, 766.200000]: curr path length: 43, is_loop length: 43
[INFO] [1787634152.190363, 766.200000]: Send new plan: 8 7 6 5 4 3 9 15 16 10 11 35 37 20 19 15(L) 19 23 29 30 24 25 31 32 26  ---> 38 36 12 11(L) 12 13 14 8(L) 14 18 17 21 22 28 34 33 27 26(L) 
[INFO] [1787634158.387583, 772.400000]: Replanning request. curr_vertex_idx: 24
[INFO] [1787634158.388933, 772.400000]:                     covered_vertices: ()
[INFO] [1787634158.389669, 772.400000]: Handle local replanning...
[INFO] [1787634158.390401, 772.400000]: Local path to replan: [26, 38, 36, 12, 11]
Original tsp path is better!
[INFO] [1787634158.402799, 772.400000]: curr path length: 43, is_loop length: 43
[INFO] [1787634158.403867, 772.400000]: Send new plan: 8 7 6 5 4 3 9 15 16 10 11 35 37 20 19 15(L) 19 23 29 30 24 25 31 32 26  ---> 38 36 12 11(L) 12 13 14 8(L) 14 18 17 21 22 28 34 33 27 26(L) 
[INFO] [1787634164.166979, 778.200000]: Replanning request. curr_vertex_idx: 24
[INFO] [1787634164.168072, 778.200000]:                     covered_vertices: ()
[INFO] [1787634164.169065, 778.200000]: Handle local replanning...
[INFO] [1787634164.169883, 778.200000]: Local path to replan: [26, 38, 36, 12, 11]
Original tsp path is better!
[INFO] [1787634164.186858, 778.200000]: curr path length: 43, is_loop length: 43
[INFO] [1787634164.188433, 778.200000]: Send new plan: 8 7 6 5 4 3 9 15 16 10 11 35 37 20 19 15(L) 19 23 29 30 24 25 31 32 26  ---> 38 36 12 11(L) 12 13 14 8(L) 14 18 17 21 22 28 34 33 27 26(L) 
[INFO] [1787634170.173626, 784.200000]: Replanning request. curr_vertex_idx: 24
[INFO] [1787634170.174691, 784.200000]:                     covered_vertices: ()
[INFO] [1787634170.175398, 784.200000]: Handle local replanning...
[INFO] [1787634170.176087, 784.200000]: Local path to replan: [26, 38, 36, 12, 11]
Original tsp path is better!
[INFO] [1787634170.187310, 784.200000]: curr path length: 43, is_loop length: 43
[INFO] [1787634170.188514, 784.200000]: Send new plan: 8 7 6 5 4 3 9 15 16 10 11 35 37 20 19 15(L) 19 23 29 30 24 25 31 32 26  ---> 38 36 12 11(L) 12 13 14 8(L) 14 18 17 21 22 28 34 33 27 26(L) 
[INFO] [1787634174.888381, 788.900000]: Really visited vertices: 8 7 6 5 4 3 9 15 16 10 11 35 37 20 19 15 16 15 19 23 29 30 24 25 31 32 26 
[INFO] [1787634176.068067, 790.100000]: Replanning request. curr_vertex_idx: 25
[INFO] [1787634176.069246, 790.100000]:                     covered_vertices: ()
[INFO] [1787634176.070021, 790.100000]: Handle local replanning...
[INFO] [1787634176.070525, 790.100000]: Local path to replan: [38, 36, 12, 11]
Reverse tsp path is better!
[INFO] [1787634176.080261, 790.100000]: curr path length: 43, is_loop length: 43
[INFO] [1787634176.081332, 790.100000]: Send new plan: 8 7 6 5 4 3 9 15 16 10 11 35 37 20 19 15(L) 19 23 29 30 24 25 31 32 26 38  ---> 36 12 11(L) 12 13 14 8(L) 14 18 17 21 22 28 34 33 27 26(L) 
[INFO] [1787634182.387191, 796.400000]: Replanning request. curr_vertex_idx: 25
[INFO] [1787634182.388263, 796.400000]:                     covered_vertices: ()
[INFO] [1787634182.388962, 796.400000]: Handle local replanning...
[INFO] [1787634182.389669, 796.400000]: Local path to replan: [38, 36, 12, 11]
Reverse tsp path is better!
[INFO] [1787634182.399869, 796.400000]: curr path length: 43, is_loop length: 43
[INFO] [1787634182.401080, 796.400000]: Send new plan: 8 7 6 5 4 3 9 15 16 10 11 35 37 20 19 15(L) 19 23 29 30 24 25 31 32 26 38  ---> 36 12 11(L) 12 13 14 8(L) 14 18 17 21 22 28 34 33 27 26(L) 
[INFO] [1787634188.414411, 802.400000]: Replanning request. curr_vertex_idx: 26
[INFO] [1787634188.415342, 802.400000]:                     covered_vertices: ()
[INFO] [1787634188.415959, 802.400000]: Handle local replanning...
[INFO] [1787634188.416517, 802.400000]: Local path to replan: [36, 12, 11]
Original tsp path is better!
[INFO] [1787634188.426176, 802.400000]: curr path length: 43, is_loop length: 43
[INFO] [1787634188.426899, 802.400000]: Send new plan: 8 7 6 5 4 3 9 15 16 10 11 35 37 20 19 15(L) 19 23 29 30 24 25 31 32 26 38 36  ---> 12 11(L) 12 13 14 8(L) 14 18 17 21 22 28 34 33 27 26(L) 
[INFO] [1787634194.187076, 808.200000]: Replanning request. curr_vertex_idx: 26
[INFO] [1787634194.188054, 808.200000]:                     covered_vertices: ()
[INFO] [1787634194.188920, 808.200000]: Handle local replanning...
[INFO] [1787634194.189535, 808.200000]: Local path to replan: [36, 12, 11]
Original tsp path is better!
[INFO] [1787634194.200434, 808.200000]: curr path length: 43, is_loop length: 43
[INFO] [1787634194.201605, 808.200000]: Send new plan: 8 7 6 5 4 3 9 15 16 10 11 35 37 20 19 15(L) 19 23 29 30 24 25 31 32 26 38 36  ---> 12 11(L) 12 13 14 8(L) 14 18 17 21 22 28 34 33 27 26(L) 
[INFO] [1787634198.981264, 813.000000]: Really visited vertices: 8 7 6 5 4 3 9 15 16 10 11 35 37 20 19 15 16 15 19 23 29 30 24 25 31 32 26 
[INFO] [1787634200.079499, 814.100000]: Replanning request. curr_vertex_idx: 26
[INFO] [1787634200.080454, 814.100000]:                     covered_vertices: ()
[INFO] [1787634200.081094, 814.100000]: Handle local replanning...
[INFO] [1787634200.081656, 814.100000]: Local path to replan: [36, 12, 11]
Original tsp path is better!
[INFO] [1787634200.092069, 814.100000]: curr path length: 43, is_loop length: 43
[INFO] [1787634200.093514, 814.100000]: Send new plan: 8 7 6 5 4 3 9 15 16 10 11 35 37 20 19 15(L) 19 23 29 30 24 25 31 32 26 38 36  ---> 12 11(L) 12 13 14 8(L) 14 18 17 21 22 28 34 33 27 26(L) 
[INFO] [1787634206.193887, 820.200000]: Replanning request. curr_vertex_idx: 26
[INFO] [1787634206.194782, 820.200000]:                     covered_vertices: ()
[INFO] [1787634206.195408, 820.200000]: Handle local replanning...
[INFO] [1787634206.196345, 820.200000]: Local path to replan: [36, 12, 11]
Original tsp path is better!
[INFO] [1787634206.207138, 820.200000]: curr path length: 43, is_loop length: 43
[INFO] [1787634206.208488, 820.200000]: Send new plan: 8 7 6 5 4 3 9 15 16 10 11 35 37 20 19 15(L) 19 23 29 30 24 25 31 32 26 38 36  ---> 12 11(L) 12 13 14 8(L) 14 18 17 21 22 28 34 33 27 26(L) 
[INFO] [1787634212.202649, 826.200000]: Replanning request. curr_vertex_idx: 26
[INFO] [1787634212.203525, 826.200000]:                     covered_vertices: ()
[INFO] [1787634212.204334, 826.200000]: Handle local replanning...
[INFO] [1787634212.205070, 826.200000]: Local path to replan: [36, 12, 11]
Original tsp path is better!
[INFO] [1787634212.215744, 826.200000]: curr path length: 43, is_loop length: 43
[INFO] [1787634212.217132, 826.200000]: Send new plan: 8 7 6 5 4 3 9 15 16 10 11 35 37 20 19 15(L) 19 23 29 30 24 25 31 32 26 38 36  ---> 12 11(L) 12 13 14 8(L) 14 18 17 21 22 28 34 33 27 26(L) 
[INFO] [1787634217.585467, 831.600000]: Really visited vertices: 8 7 6 5 4 3 9 15 16 10 11 35 37 20 19 15 16 15 19 23 29 30 24 25 31 32 26 38 
[INFO] [1787634218.022173, 832.000000]: Replanning request. curr_vertex_idx: 26
[INFO] [1787634218.023046, 832.000000]:                     covered_vertices: ()
[INFO] [1787634218.023738, 832.000000]: Handle local replanning...
[INFO] [1787634218.024311, 832.000000]: Local path to replan: [36, 12, 11]
Original tsp path is better!
[INFO] [1787634218.034268, 832.000000]: curr path length: 43, is_loop length: 43
concorde /tmp/tmpxmot6v2n/problem.tsp
Host: msxg  Current process id: 71054
Using random seed 1787634224
Number of Nodes: 6
Explicit Lengths (CC_MATRIXNORM)
Optimal Solution: 209.00
Total Running Time: 0.00 (seconds)
concorde /tmp/tmptmcoadjk/problem.tsp
Host: msxg  Current process id: 71078
Using random seed 1787634230
Number of Nodes: 6
Explicit Lengths (CC_MATRIXNORM)
Optimal Solution: 209.00
Total Running Time: 0.00 (seconds)
concorde /tmp/tmpmyurx25h/problem.tsp
Host: msxg  Current process id: 71099
Using random seed 1787634236
Number of Nodes: 6
Explicit Lengths (CC_MATRIXNORM)
Optimal Solution: 209.00
Total Running Time: 0.00 (seconds)
[INFO] [1787634221.975474819, 836.000000000]: PHASE2C_KEYSCAN_ACCEPTED unique_id=483 state_id=483 sim_time=836.000000
[INFO] [1787634226.487117809, 840.500000000]: PHASE2C_KEYSCAN_ACCEPTED unique_id=484 state_id=484 sim_time=840.500000
[INFO] [1787634231.469649524, 845.500000000]: PHASE2C_KEYSCAN_ACCEPTED unique_id=485 state_id=485 sim_time=845.500000
[INFO] [1787634236.166457939, 850.200000000]: PHASE2C_KEYSCAN_ACCEPTED unique_id=486 state_id=486 sim_time=850.200000
[INFO] [1787634240.872722205, 854.900000000]: PHASE2C_KEYSCAN_ACCEPTED unique_id=487 state_id=487 sim_time=854.900000
Warning: TF_REPEATED_DATA ignoring data with redundant timestamp for frame odom (parent offset) at time 855.100000 according to authority unknown_publisher
[INFO] [1787634218.020930790, 832.000000000]: Call local replanning...
[INFO] [1787634224.428571548, 838.400000000]: Call local replanning...
[INFO] [1787634230.182804166, 844.200000000]: Call local replanning...
[INFO] [1787634236.186638108, 850.200000000]: Call local replanning...
         at line Warning: 277TF_REPEATED_DATA ignoring data with redundant timestamp for frame odom (parent offset) at time 855.100000 according to authority unknown_publisher in 
/tmp/binarydeb/ros-noetic-tf2-0.7.10/src/buffer_core.cpp         at line 
277 in /tmp/binarydeb/ros-noetic-tf2-0.7.10/src/buffer_core.cpp
Warning: TF_REPEATED_DATA ignoring data with redundant timestamp for frame offset (parent map) at time 855.100000 according to authority unknown_publisherWarning: 
TF_REPEATED_DATA ignoring data with redundant timestamp for frame offset (parent map) at time 855.100000 according to authority unknown_publisher         at line 
277         at line  in /tmp/binarydeb/ros-noetic-tf2-0.7.10/src/buffer_core.cpp277
 in /tmp/binarydeb/ros-noetic-tf2-0.7.10/src/buffer_core.cpp
Warning: TF_REPEATED_DATA ignoring data with redundant timestamp for frame odom (parent offset) at time 855.100000 according to authority unknown_publisher
         at line 277 in /tmp/binarydeb/ros-noetic-tf2-0.7.10/src/buffer_core.cpp
Warning: TF_REPEATED_DATA ignoring data with redundant timestamp for frame offset (parent map) at time 855.100000 according to authority unknown_publisher
         at line 277 in /tmp/binarydeb/ros-noetic-tf2-0.7.10/src/buffer_core.cpp
[WARN] [1787634241.088191851, 855.100000000]: TF_REPEATED_DATA ignoring data with redundant timestamp for frame odom (parent offset) at time 855.100000 according to authority unknown_publisher
Warning: [WARN] [1787634241.088213503, 855.100000000]: TF_REPEATED_DATA ignoring data with redundant timestamp for frame offset (parent map) at time 855.100000 according to authority unknown_publisher
TF_REPEATED_DATA ignoring data with redundant timestamp for frame odom (parent offset) at time 855.100000 according to authority unknown_publisher
         at line 277 in /tmp/binarydeb/ros-noetic-tf2-0.7.10/src/buffer_core.cpp
Warning: TF_REPEATED_DATA ignoring data with redundant timestamp for frame offset (parent map) at time 855.100000 according to authority unknown_publisher
         at line 277 in /tmp/binarydeb/ros-noetic-tf2-0.7.10/src/buffer_core.cpp
concorde /tmp/tmpn7jb4qif/problem.tsp
Host: msxg  Current process id: 71116
Using random seed 1787634242
Number of Nodes: 6
Explicit Lengths (CC_MATRIXNORM)
Optimal Solution: 209.00
Total Running Time: 0.00 (seconds)
concorde /tmp/tmpkj3fe0ns/problem.tsp
Host: msxg  Current process id: 71169
Using random seed 1787634248
Number of Nodes: 6
Explicit Lengths (CC_MATRIXNORM)
Optimal Solution: 209.00
Total Running Time: 0.00 (seconds)
concorde /tmp/tmpm51h0hmj/problem.tsp
Host: msxg  Current process id: 71186
Using random seed 1787634254
Number of Nodes: 6
Explicit Lengths (CC_MATRIXNORM)
Optimal Solution: 209.00
Total Running Time: 0.00 (seconds)
concorde /tmp/tmp2p82v2m9/problem.tsp
Host: msxg  Current process id: 71206
Using random seed 1787634260
Number of Nodes: 6
Explicit Lengths (CC_MATRIXNORM)
Optimal Solution: 209.00
Total Running Time: 0.00 (seconds)
concorde /tmp/tmpob1htprm/problem.tsp
Host: msxg  Current process id: 71233
Using random seed 1787634266
Number of Nodes: 6
Explicit Lengths (CC_MATRIXNORM)
Optimal Solution: 209.00
Total Running Time: 0.00 (seconds)
[WARN] [1787634266.102338368, 880.100000000]: No frontier at vertex 36. #Frontier: 0
[INFO] [1787634245.778436541, 859.800000000]: PHASE2C_KEYSCAN_ACCEPTED unique_id=488 state_id=488 sim_time=859.800000
[INFO] [1787634250.766528968, 864.800000000]: PHASE2C_KEYSCAN_ACCEPTED unique_id=489 state_id=489 sim_time=864.800000
[INFO] [1787634255.668560442, 869.700000000]: PHASE2C_KEYSCAN_ACCEPTED unique_id=490 state_id=490 sim_time=869.700000
[INFO] [1787634260.655733363, 874.700000000]: PHASE2C_KEYSCAN_ACCEPTED unique_id=491 state_id=491 sim_time=874.700000
[INFO] [1787634265.257792851, 879.300000000]: PHASE2C_KEYSCAN_ACCEPTED unique_id=492 state_id=492 sim_time=879.300000
[INFO] [1787634267.566167317, 881.600000000]: PHASE2C_KEYSCAN_ACCEPTED unique_id=493 state_id=493 sim_time=881.600000
[INFO] [1787634268.961211354, 883.000000000]: PHASE2C_KEYSCAN_ACCEPTED unique_id=494 state_id=494 sim_time=883.000000
[INFO] [1787634270.783616020, 884.800000000]: PHASE2C_KEYSCAN_ACCEPTED unique_id=495 state_id=495 sim_time=884.800000
Warning: TF_REPEATED_DATA ignoring data with redundant timestamp for frame odom (parent offset) at time 885.000000 according to authority unknown_publisher
         at line 277 in /tmp/binarydeb/ros-noetic-tf2-0.7.10/src/buffer_core.cpp
Warning: Warning: TF_REPEATED_DATA ignoring data with redundant timestamp for frame odom (parent offset) at time 885.000000 according to authority unknown_publisherTF_REPEATED_DATA ignoring data with redundant timestamp for frame offset (parent map) at time 885.000000 according to authority unknown_publisher

         at line          at line 277277 in  in /tmp/binarydeb/ros-noetic-tf2-0.7.10/src/buffer_core.cpp/tmp/binarydeb/ros-noetic-tf2-0.7.10/src/buffer_core.cpp

[INFO] [1787634242.084755619, 856.100000000]: Call local replanning...
[INFO] [1787634248.186476891, 862.200000000]: Call local replanning...
[INFO] [1787634254.415283327, 868.400000000]: Call local replanning...
[INFO] [1787634260.196379604, 874.200000000]: Call local replanning...
[INFO] [1787634266.086779778, 880.100000000]: Call local replanning...
[INFO] [1787634266.102320084, 880.100000000]: Reach vertex 36
[INFO] [1787634266.102363589, 880.100000000]: Skip repeated visit to vertex 12
[INFO] [1787634266.102368824, 880.100000000]: Set newGoal 11
Warning: Warning: TF_REPEATED_DATA ignoring data with redundant timestamp for frame odom (parent offset) at time 885.000000 according to authority unknown_publisherTF_REPEATED_DATA ignoring data with redundant timestamp for frame odom (parent offset) at time 885.000000 according to authority unknown_publisher

         at line          at line 277277 in  in /tmp/binarydeb/ros-noetic-tf2-0.7.10/src/buffer_core.cpp/tmp/binarydeb/ros-noetic-tf2-0.7.10/src/buffer_core.cpp

Warning: TF_REPEATED_DATA ignoring data with redundant timestamp for frame offset (parent map) at time 885.000000 according to authority unknown_publisher
         at line Warning: 277TF_REPEATED_DATA ignoring data with redundant timestamp for frame offset (parent map) at time 885.000000 according to authority unknown_publisher in 
/tmp/binarydeb/ros-noetic-tf2-0.7.10/src/buffer_core.cpp         at line 
277 in [WARN] [1787634271.006712390, 885.000000000]: TF_REPEATED_DATA ignoring data with redundant timestamp for frame odom (parent offset) at time 885.000000 according to authority unknown_publisher
/tmp/binarydeb/ros-noetic-tf2-0.7.10/src/buffer_core.cpp
[WARN] [1787634271.006750983, 885.000000000]: TF_REPEATED_DATA ignoring data with redundant timestamp for frame offset (parent map) at time 885.000000 according to authority unknown_publisher
Warning: TF_REPEATED_DATA ignoring data with redundant timestamp for frame offset (parent map) at time 885.000000 according to authority unknown_publisher
         at line 277 in /tmp/binarydeb/ros-noetic-tf2-0.7.10/src/buffer_core.cpp
Warning: [INFO] [1787634280.867409070, 894.900000000]: PHASE2C_KEYSCAN_ACCEPTED unique_id=496 state_id=496 sim_time=894.900000
[INFO] [1787634285.083932269, 899.100000000]: PHASE2C_KEYSCAN_ACCEPTED unique_id=497 state_id=497 sim_time=899.100000
[INFO] [1787634288.655925789, 902.700000000]: PHASE2C_KEYSCAN_ACCEPTED unique_id=498 state_id=498 sim_time=902.700000
[INFO] [1787634291.467379213, 905.500000000]: PHASE2C_KEYSCAN_ACCEPTED unique_id=499 state_id=499 sim_time=905.500000
[INFO] [1787634295.359348976, 909.400000000]: PHASE2C_KEYSCAN_ACCEPTED unique_id=500 state_id=500 sim_time=909.400000
[INFO] [1787634298.679226877, 912.700000000]: PHASE2C_KEYSCAN_ACCEPTED unique_id=501 state_id=501 sim_time=912.700000
[INFO] [1787634301.854240710, 915.900000000]: PHASE2C_KEYSCAN_ACCEPTED unique_id=502 state_id=502 sim_time=915.900000
[INFO] [1787634305.062261929, 919.100000000]: PHASE2C_KEYSCAN_ACCEPTED unique_id=503 state_id=503 sim_time=919.100000
TF_REPEATED_DATA ignoring data with redundant timestamp for frame odom (parent offset) at time 921.900000 according to authority unknown_publisherWarning: 
TF_REPEATED_DATA ignoring data with redundant timestamp for frame odom (parent offset) at time 921.900000 according to authority unknown_publisher         at line 
         at line 277 in /tmp/binarydeb/ros-noetic-tf2-0.7.10/src/buffer_core.cpp277
 in [INFO] [1787634272.081475111, 886.100000000]: Next target is loop vertex 11(L)
[INFO] [1787634272.084022736, 886.100000000]: Set reliable loop closing path from reliable_loop_service.
[INFO] [1787634272.084072729, 886.100000000]: PHASE2_LOOP_PLANNED vertex=11 source=reliable_loop_service waypoints=31 path=12.8207636,41.6442451;12.4765587,41.3045654;12.1323528,40.9648857;11.7906914,40.62257;11.4490309,40.2802544;11.1210794,39.8893967;10.793128,39.4985352;10.7095795,39.0610046;10.6260319,38.6234703;10.9009666,38.1863327;11.2402153,37.8369827;11.5794649,37.4876328;11.9236374,37.1582413;12.2678099,36.8288498;12.5934925,36.5067253;12.9191761,36.1846008;13.2625217,35.845192;13.6058664,35.5057831;13.9591656,35.1615295;14.3124638,34.8172798;14.6726847,34.4984512;15.0329056,34.1796227;15.5291395,33.9490662;16.0253735,33.7185097;16.4656372,33.6975403;16.905901,33.6765747;17.1355095,33.8977318;17.3669395,34.2499847;17.5983696,34.6022377;17.6975632,35.1012802;17.7967567,35.6003265
[INFO] [1787634272.084093125, 886.100000000]: Exploration is waiting.
[INFO] [1787634278.328154097, 892.300000000]: PHASE2_LOOP_EXECUTION_STARTED vertex=11 waypoints=31
[WARN] [1787634307.867169420, 921.900000000]: TF_REPEATED_DATA ignoring data with redundant timestamp for frame odom (parent offset) at time 921.900000 according to authority unknown_publisher
/tmp/binarydeb/ros-noetic-tf2-0.7.10/src/buffer_core.cppWarning: Warning: 
TF_REPEATED_DATA ignoring data with redundant timestamp for frame offset (parent map) at time 921.900000 according to authority unknown_publisherTF_REPEATED_DATA ignoring data with redundant timestamp for frame odom (parent offset) at time 921.900000 according to authority unknown_publisher

         at line Warning:          at line 277TF_REPEATED_DATA ignoring data with redundant timestamp for frame offset (parent map) at time 921.900000 according to authority unknown_publisher in 277
/tmp/binarydeb/ros-noetic-tf2-0.7.10/src/buffer_core.cpp in          at line [WARN] [1787634307.867202591, 921.900000000]: TF_REPEATED_DATA ignoring data with redundant timestamp for frame offset (parent map) at time 921.900000 according to authority unknown_publisher

/tmp/binarydeb/ros-noetic-tf2-0.7.10/src/buffer_core.cpp277
 in /tmp/binarydeb/ros-noetic-tf2-0.7.10/src/buffer_core.cpp
Warning: TF_REPEATED_DATA ignoring data with redundant timestamp for frame offset (parent map) at time 921.900000 according to authority unknown_publisher
         at line 277 in /tmp/binarydeb/ros-noetic-tf2-0.7.10/src/buffer_core.cpp
Warning: TF_REPEATED_DATA ignoring data with redundant timestamp for frame odom (parent offset) at time 921.900000 according to authority unknown_publisher
         at line 277 in /tmp/binarydeb/ros-noetic-tf2-0.7.10/src/buffer_core.cpp
Warning: TF_REPEATED_DATA ignoring data with redundant timestamp for frame offset (parent map) at time 921.900000 according to authority unknown_publisher
         at line 277 in /tmp/binarydeb/ros-noetic-tf2-0.7.10/src/buffer_core.cpp
[WARN] [1787634308.653746785, 922.700000000]: Missed desired rate of 1.00Hz! Loop actually took 1.1000 seconds!
[INFO] [1787634308.454208503, 922.500000000]: PHASE2C_KEYSCAN_ACCEPTED unique_id=504 state_id=504 sim_time=922.500000
[INFO] [1787634312.672888623, 926.700000000]: PHASE2C_KEYSCAN_ACCEPTED unique_id=505 state_id=505 sim_time=926.700000
[INFO] [1787634316.385517040, 930.400000000]: PHASE2C_KEYSCAN_ACCEPTED unique_id=506 state_id=506 sim_time=930.400000
[INFO] [1787634319.586115921, 933.600000000]: PHASE2C_KEYSCAN_ACCEPTED unique_id=507 state_id=507 sim_time=933.600000
Warning: TF_REPEATED_DATA ignoring data with redundant timestamp for frame odom (parent offset) at time 933.800000 according to authority unknown_publisher
         at line 277 in /tmp/binarydeb/ros-noetic-tf2-0.7.10/src/buffer_core.cpp
Warning: Warning: TF_REPEATED_DATA ignoring data with redundant timestamp for frame offset (parent map) at time 933.800000 according to authority unknown_publisher
         at line 277TF_REPEATED_DATA ignoring data with redundant timestamp for frame odom (parent offset) at time 933.800000 according to authority unknown_publisher in 
/tmp/binarydeb/ros-noetic-tf2-0.7.10/src/buffer_core.cpp         at line 
277 in /tmp/binarydeb/ros-noetic-tf2-0.7.10/src/buffer_core.cpp
Warning: TF_REPEATED_DATA ignoring data with redundant timestamp for frame offset (parent map) at time 933.800000 according to authority unknown_publisher
         at line 277 in /tmp/binarydeb/ros-noetic-tf2-0.7.10/src/buffer_core.cpp
Warning: [WARN] [1787634319.814105144, 933.800000000]: TF_REPEATED_DATA ignoring data with redundant timestamp for frame odom (parent offset) at time 933.800000 according to authority unknown_publisher
TF_REPEATED_DATA ignoring data with redundant timestamp for frame odom (parent offset) at time 933.800000 according to authority unknown_publisher
         at line 277 in /tmp/binarydeb/ros-noetic-tf2-0.7.10/src/buffer_core.cpp
[WARN] [1787634319.814132622, 933.800000000]: TF_REPEATED_DATA ignoring data with redundant timestamp for frame offset (parent map) at time 933.800000 according to authority unknown_publisher
Warning: TF_REPEATED_DATA ignoring data with redundant timestamp for frame offset (parent map) at time 933.800000 according to authority unknown_publisher
         at line 277 in /tmp/binarydeb/ros-noetic-tf2-0.7.10/src/buffer_core.cpp
Warning: TF_REPEATED_DATA ignoring data with redundant timestamp for frame odom (parent offset) at time 933.800000 according to authority unknown_publisher
         at line 277 in /tmp/binarydeb/ros-noetic-tf2-0.7.10/src/buffer_core.cpp
Warning: TF_REPEATED_DATA ignoring data with redundant timestamp for frame offset (parent map) at time 933.800000 according to authority unknown_publisher
         at line 277 in /tmp/binarydeb/ros-noetic-tf2-0.7.10/src/buffer_core.cpp
[INFO] [1787634323.464319098, 937.500000000]: PHASE2C_KEYSCAN_ACCEPTED unique_id=508 state_id=508 sim_time=937.500000
[INFO] [1787634327.387757954, 941.400000000]: PHASE2C_KEYSCAN_ACCEPTED unique_id=509 state_id=509 sim_time=941.400000
[INFO] [1787634331.276941865, 945.300000000]: PHASE2C_KEYSCAN_ACCEPTED unique_id=510 state_id=510 sim_time=945.300000
[WARN] [1787634331.506440978, 945.500000000]: TF_REPEATED_DATA ignoring data with redundant timestamp for frame odom (parent offset) at time 945.500000 according to authority unknown_publisher
Warning: TF_REPEATED_DATA ignoring data with redundant timestamp for frame odom (parent offset) at time 945.500000 according to authority unknown_publisher
         at line 277 in /tmp/binarydeb/ros-noetic-tf2-0.7.10/src/buffer_core.cpp
Warning: Warning: [WARN] [1787634331.506480911, 945.500000000]: TF_REPEATED_DATA ignoring data with redundant timestamp for frame offset (parent map) at time 945.500000 according to authority unknown_publisher
TF_REPEATED_DATA ignoring data with redundant timestamp for frame odom (parent offset) at time 945.500000 according to authority unknown_publisherTF_REPEATED_DATA ignoring data with redundant timestamp for frame offset (parent map) at time 945.500000 according to authority unknown_publisherWarning: 
TF_REPEATED_DATA ignoring data with redundant timestamp for frame odom (parent offset) at time 945.500000 according to authority unknown_publisher
         at line 
         at line          at line 277277277 in  in  in /tmp/binarydeb/ros-noetic-tf2-0.7.10/src/buffer_core.cpp/tmp/binarydeb/ros-noetic-tf2-0.7.10/src/buffer_core.cpp/tmp/binarydeb/ros-noetic-tf2-0.7.10/src/buffer_core.cpp


Warning: TF_REPEATED_DATA ignoring data with redundant timestamp for frame offset (parent map) at time 945.500000 according to authority unknown_publisher
Warning:          at line TF_REPEATED_DATA ignoring data with redundant timestamp for frame offset (parent map) at time 945.500000 according to authority unknown_publisher277
 in          at line /tmp/binarydeb/ros-noetic-tf2-0.7.10/src/buffer_core.cpp277
 in /tmp/binarydeb/ros-noetic-tf2-0.7.10/src/buffer_core.cpp
Warning: TF_REPEATED_DATA ignoring data with redundant timestamp for frame odom (parent offset) at time 945.500000 according to authority unknown_publisher
         at line 277 in /tmp/binarydeb/ros-noetic-tf2-0.7.10/src/buffer_core.cpp
Warning: TF_REPEATED_DATA ignoring data with redundant timestamp for frame offset (parent map) at time 945.500000 according to authority unknown_publisher
         at line 277 in /tmp/binarydeb/ros-noetic-tf2-0.7.10/src/buffer_core.cpp
[INFO] [1787634335.291970413, 949.300000000]: PHASE2C_KEYSCAN_ACCEPTED unique_id=511 state_id=511 sim_time=949.300000
[INFO] [1787634338.366405068, 952.400000000]: PHASE2C_KEYSCAN_ACCEPTED unique_id=512 state_id=512 sim_time=952.400000
[INFO] [1787634339.947038098, 954.000000000]: PHASE2C_KEYSCAN_ACCEPTED unique_id=513 state_id=513 sim_time=954.000000
[INFO] [1787634342.165661023, 956.200000000]: PHASE2C_KEYSCAN_ACCEPTED unique_id=514 state_id=514 sim_time=956.200000
[INFO] [1787634346.764286132, 960.800000000]: PHASE2C_KEYSCAN_ACCEPTED unique_id=515 state_id=515 sim_time=960.800000
[INFO] [1787634349.267104377, 963.300000000]: PHASE2C_KEYSCAN_ACCEPTED unique_id=516 state_id=516 sim_time=963.300000
Warning: TF_REPEATED_DATA ignoring data with redundant timestamp for frame odom (parent offset) at time 963.500000 according to authority unknown_publisher
         at line 277 in /tmp/binarydeb/ros-noetic-tf2-0.7.10/src/buffer_core.cpp
Warning: Warning: TF_REPEATED_DATA ignoring data with redundant timestamp for frame offset (parent map) at time 963.500000 according to authority unknown_publisherTF_REPEATED_DATA ignoring data with redundant timestamp for frame odom (parent offset) at time 963.500000 according to authority unknown_publisher

         at line          at line 277277 in  in Warning: /tmp/binarydeb/ros-noetic-tf2-0.7.10/src/buffer_core.cpp/tmp/binarydeb/ros-noetic-tf2-0.7.10/src/buffer_core.cppTF_REPEATED_DATA ignoring data with redundant timestamp for frame odom (parent offset) at time 963.500000 according to authority unknown_publisher


         at line 277 in Warning: /tmp/binarydeb/ros-noetic-tf2-0.7.10/src/buffer_core.cppTF_REPEATED_DATA ignoring data with redundant timestamp for frame offset (parent map) at time 963.500000 according to authority unknown_publisher

         at line 277Warning:  in TF_REPEATED_DATA ignoring data with redundant timestamp for frame offset (parent map) at time 963.500000 according to authority unknown_publisher/tmp/binarydeb/ros-noetic-tf2-0.7.10/src/buffer_core.cpp

         at line 277 in /tmp/binarydeb/ros-noetic-tf2-0.7.10/src/buffer_core.cpp
Warning: TF_REPEATED_DATA ignoring data with redundant timestamp for frame odom (parent offset) at time 963.500000 according to authority unknown_publisher
         at line 277 in /tmp/binarydeb/ros-noetic-tf2-0.7.10/src/buffer_core.cpp
Warning: TF_REPEATED_DATA ignoring data with redundant timestamp for frame offset (parent map) at time 963.500000 according to authority unknown_publisher
[WARN] [1787634349.501048201, 963.500000000]: TF_REPEATED_DATA ignoring data with redundant timestamp for frame odom (parent offset) at time 963.500000 according to authority unknown_publisher
         at line 277 in /tmp/binarydeb/ros-noetic-tf2-0.7.10/src/buffer_core.cpp
[WARN] [1787634349.501073261, 963.500000000]: TF_REPEATED_DATA ignoring data with redundant timestamp for frame offset (parent map) at time 963.500000 according to authority unknown_publisher
[INFO] [1787634350.848501677, 964.900000000]: PHASE2C_KEYSCAN_ACCEPTED unique_id=517 state_id=517 sim_time=964.900000
[INFO] [1787634352.159107135, 966.200000000]: PHASE2C_KEYSCAN_ACCEPTED unique_id=518 state_id=518 sim_time=966.200000
[INFO] [1787634353.452379337, 967.500000000]: PHASE2C_KEYSCAN_ACCEPTED unique_id=519 state_id=519 sim_time=967.500000
[INFO] [1787634354.767789399, 968.800000000]: PHASE2C_KEYSCAN_ACCEPTED unique_id=520 state_id=520 sim_time=968.800000
[INFO] [1787634355.550960947, 969.600000000]: PHASE2C_KEYSCAN_ACCEPTED unique_id=521 state_id=521 sim_time=969.600000
Warning: TF_REPEATED_DATA ignoring data with redundant timestamp for frame odom (parent offset) at time 969.900000 according to authority unknown_publisher
         at line 277 in /tmp/binarydeb/ros-noetic-tf2-0.7.10/src/buffer_core.cpp
Warning: TF_REPEATED_DATA ignoring data with redundant timestamp for frame offset (parent map) at time 969.900000 according to authority unknown_publisher
         at line 277 in /tmp/binarydeb/ros-noetic-tf2-0.7.10/src/buffer_core.cpp
[INFO] [1787634354.441075302, 968.500000000]: PHASE2_LOOP_WAYPOINT_REACHED vertex=11 waypoint=0
Warning: TF_REPEATED_DATA ignoring data with redundant timestamp for frame odom (parent offset) at time 969.900000 according to authority unknown_publisherWarning: 
TF_REPEATED_DATA ignoring data with redundant timestamp for frame odom (parent offset) at time 969.900000 according to authority unknown_publisher
         at line          at line 277 in /tmp/binarydeb/ros-noetic-tf2-0.7.10/src/buffer_core.cpp277
 in Warning: /tmp/binarydeb/ros-noetic-tf2-0.7.10/src/buffer_core.cppTF_REPEATED_DATA ignoring data with redundant timestamp for frame offset (parent map) at time 969.900000 according to authority unknown_publisher

         at line 277Warning:  in TF_REPEATED_DATA ignoring data with redundant timestamp for frame offset (parent map) at time 969.900000 according to authority unknown_publisher/tmp/binarydeb/ros-noetic-tf2-0.7.10/src/buffer_core.cpp

         at line 277 in /tmp/binarydeb/ros-noetic-tf2-0.7.10/src/buffer_core.cpp
[WARN] [1787634355.875044933, 969.900000000]: TF_REPEATED_DATA ignoring data with redundant timestamp for frame odom (parent offset) at time 969.900000 according to authority unknown_publisher
Warning: TF_REPEATED_DATA ignoring data with redundant timestamp for frame odom (parent offset) at time 969.900000 according to authority unknown_publisher
         at line 277 in /tmp/binarydeb/ros-noetic-tf2-0.7.10/src/buffer_core.cpp
[WARN] [1787634355.875071813, 969.900000000]: TF_REPEATED_DATA ignoring data with redundant timestamp for frame offset (parent map) at time 969.900000 according to authority unknown_publisher
Warning: TF_REPEATED_DATA ignoring data with redundant timestamp for frame offset (parent map) at time 969.900000 according to authority unknown_publisher
         at line 277 in /tmp/binarydeb/ros-noetic-tf2-0.7.10/src/buffer_core.cpp
[INFO] [1787634356.144448592, 970.200000000]: PHASE2C_KEYSCAN_ACCEPTED unique_id=522 state_id=522 sim_time=970.200000
[INFO] [1787634356.872178128, 970.900000000]: PHASE2C_KEYSCAN_ACCEPTED unique_id=523 state_id=523 sim_time=970.900000
[INFO] [1787634357.450455843, 971.500000000]: PHASE2C_KEYSCAN_ACCEPTED unique_id=524 state_id=524 sim_time=971.500000
[INFO] [1787634358.049076786, 972.100000000]: PHASE2C_KEYSCAN_ACCEPTED unique_id=525 state_id=525 sim_time=972.100000
[INFO] [1787634358.668448778, 972.700000000]: PHASE2C_KEYSCAN_ACCEPTED unique_id=526 state_id=526 sim_time=972.700000
Warning: TF_REPEATED_DATA ignoring data with redundant timestamp for frame odom (parent offset) at time 973.900000 according to authority unknown_publisher
         at line 277 in Warning: /tmp/binarydeb/ros-noetic-tf2-0.7.10/src/buffer_core.cppTF_REPEATED_DATA ignoring data with redundant timestamp for frame odom (parent offset) at time 973.900000 according to authority unknown_publisher

         at line Warning: 277TF_REPEATED_DATA ignoring data with redundant timestamp for frame offset (parent map) at time 973.900000 according to authority unknown_publisher in 
/tmp/binarydeb/ros-noetic-tf2-0.7.10/src/buffer_core.cpp         at line 
277 in /tmp/binarydeb/ros-noetic-tf2-0.7.10/src/buffer_core.cpp
Warning: [WARN] [1787634359.873211005, 973.900000000]: TF_REPEATED_DATA ignoring data with redundant timestamp for frame odom (parent offset) at time 973.900000 according to authority unknown_publisher
TF_REPEATED_DATA ignoring data with redundant timestamp for frame offset (parent map) at time 973.900000 according to authority unknown_publisher
         at line 277 in /tmp/binarydeb/ros-noetic-tf2-0.7.10/src/buffer_core.cpp
[WARN] [1787634359.873245091, 973.900000000]: TF_REPEATED_DATA ignoring data with redundant timestamp for frame offset (parent map) at time 973.900000 according to authority unknown_publisher
Warning: TF_REPEATED_DATA ignoring data with redundant timestamp for frame odom (parent offset) at time 973.900000 according to authority unknown_publisher
         at line 277 in /tmp/binarydeb/ros-noetic-tf2-0.7.10/src/buffer_core.cpp
Warning: TF_REPEATED_DATA ignoring data with redundant timestamp for frame offset (parent map) at time 973.900000 according to authority unknown_publisher
         at line 277 in /tmp/binarydeb/ros-noetic-tf2-0.7.10/src/buffer_core.cpp
Warning: TF_REPEATED_DATA ignoring data with redundant timestamp for frame odom (parent offset) at time 973.900000 according to authority unknown_publisher
         at line 277 in /tmp/binarydeb/ros-noetic-tf2-0.7.10/src/buffer_core.cpp
Warning: TF_REPEATED_DATA ignoring data with redundant timestamp for frame offset (parent map) at time 973.900000 according to authority unknown_publisher
         at line 277 in /tmp/binarydeb/ros-noetic-tf2-0.7.10/src/buffer_core.cpp
[INFO] [1787634359.973594513, 974.000000000]: PHASE2C_KEYSCAN_ACCEPTED unique_id=527 state_id=527 sim_time=974.000000
[INFO] [1787634361.960587045, 976.000000000]: PHASE2C_KEYSCAN_ACCEPTED unique_id=528 state_id=528 sim_time=976.000000
[INFO] [1787634363.259096431, 977.300000000]: PHASE2C_KEYSCAN_ACCEPTED unique_id=529 state_id=529 sim_time=977.300000
Warning: TF_REPEATED_DATA ignoring data with redundant timestamp for frame odom (parent offset) at time 977.900000 according to authority unknown_publisher
         at line 277 in /tmp/binarydeb/ros-noetic-tf2-0.7.10/src/buffer_core.cpp
Warning: TF_REPEATED_DATA ignoring data with redundant timestamp for frame offset (parent map) at time 977.900000 according to authority unknown_publisher
         at line 277 in /tmp/binarydeb/ros-noetic-tf2-0.7.10/src/buffer_core.cpp
[INFO] [1787634360.314528658, 974.300000000]: PHASE2_LOOP_WAYPOINT_REACHED vertex=11 waypoint=1
[INFO] [1787634362.195517591, 976.200000000]: PHASE2_LOOP_WAYPOINT_REACHED vertex=11 waypoint=2
Warning: Warning: TF_REPEATED_DATA ignoring data with redundant timestamp for frame odom (parent offset) at time 977.900000 according to authority unknown_publisherTF_REPEATED_DATA ignoring data with redundant timestamp for frame odom (parent offset) at time 977.900000 according to authority unknown_publisher

         at line          at line 277 in 277/tmp/binarydeb/ros-noetic-tf2-0.7.10/src/buffer_core.cpp in 
/tmp/binarydeb/ros-noetic-tf2-0.7.10/src/buffer_core.cpp
Warning: TF_REPEATED_DATA ignoring data with redundant timestamp for frame offset (parent map) at time 977.900000 according to authority unknown_publisher
         at line Warning: 277TF_REPEATED_DATA ignoring data with redundant timestamp for frame offset (parent map) at time 977.900000 according to authority unknown_publisher in 
/tmp/binarydeb/ros-noetic-tf2-0.7.10/src/buffer_core.cpp         at line 
277 in /tmp/binarydeb/ros-noetic-tf2-0.7.10/src/buffer_core.cpp
Warning: TF_REPEATED_DATA ignoring data with redundant timestamp for frame odom (parent offset) at time 977.900000 according to authority unknown_publisher
         at line 277 in /tmp/binarydeb/ros-noetic-tf2-0.7.10/src/buffer_core.cpp
Warning: TF_REPEATED_DATA ignoring data with redundant timestamp for frame offset (parent map) at time 977.900000 according to authority unknown_publisher
         at line 277 in /tmp/binarydeb/ros-noetic-tf2-0.7.10/src/buffer_core.cpp
[WARN] [1787634363.882582351, 977.900000000]: TF_REPEATED_DATA ignoring data with redundant timestamp for frame odom (parent offset) at time 977.900000 according to authority unknown_publisher
[WARN] [1787634363.882606293, 977.900000000]: TF_REPEATED_DATA ignoring data with redundant timestamp for frame offset (parent map) at time 977.900000 according to authority unknown_publisher
Warning: [INFO] [1787634364.061592341, 978.100000000]: PHASE2C_KEYSCAN_ACCEPTED unique_id=530 state_id=530 sim_time=978.100000
[INFO] [1787634364.863578244, 978.900000000]: PHASE2C_KEYSCAN_ACCEPTED unique_id=531 state_id=531 sim_time=978.900000
[INFO] [1787634365.580903045, 979.600000000]: PHASE2C_KEYSCAN_ACCEPTED unique_id=532 state_id=532 sim_time=979.600000
TF_REPEATED_DATA ignoring data with redundant timestamp for frame odom (parent offset) at time 979.900000 according to authority unknown_publisherWarning: 
TF_REPEATED_DATA ignoring data with redundant timestamp for frame odom (parent offset) at time 979.900000 according to authority unknown_publisher         at line 
277         at line  in /tmp/binarydeb/ros-noetic-tf2-0.7.10/src/buffer_core.cpp277
 in /tmp/binarydeb/ros-noetic-tf2-0.7.10/src/buffer_core.cpp
[INFO] [1787634364.334442462, 978.400000000]: PHASE2_LOOP_WAYPOINT_REACHED vertex=11 waypoint=3
Warning: Warning: Warning: TF_REPEATED_DATA ignoring data with redundant timestamp for frame offset (parent map) at time 979.900000 according to authority unknown_publisherTF_REPEATED_DATA ignoring data with redundant timestamp for frame odom (parent offset) at time 979.900000 according to authority unknown_publisherTF_REPEATED_DATA ignoring data with redundant timestamp for frame offset (parent map) at time 979.900000 according to authority unknown_publisher


         at line          at line          at line 277277277 in  in  in /tmp/binarydeb/ros-noetic-tf2-0.7.10/src/buffer_core.cpp/tmp/binarydeb/ros-noetic-tf2-0.7.10/src/buffer_core.cpp/tmp/binarydeb/ros-noetic-tf2-0.7.10/src/buffer_core.cpp
[WARN] [1787634365.882886640, 979.900000000]: TF_REPEATED_DATA ignoring data with redundant timestamp for frame odom (parent offset) at time 979.900000 according to authority unknown_publisher


Warning: Warning: TF_REPEATED_DATA ignoring data with redundant timestamp for frame odom (parent offset) at time 979.900000 according to authority unknown_publisherTF_REPEATED_DATA ignoring data with redundant timestamp for frame offset (parent map) at time 979.900000 according to authority unknown_publisher

         at line          at line 277277 in  in [WARN] [1787634365.882915884, 979.900000000]: TF_REPEATED_DATA ignoring data with redundant timestamp for frame offset (parent map) at time 979.900000 according to authority unknown_publisher
/tmp/binarydeb/ros-noetic-tf2-0.7.10/src/buffer_core.cpp/tmp/binarydeb/ros-noetic-tf2-0.7.10/src/buffer_core.cpp

Warning: TF_REPEATED_DATA ignoring data with redundant timestamp for frame offset (parent map) at time 979.900000 according to authority unknown_publisher
         at line 277 in /tmp/binarydeb/ros-noetic-tf2-0.7.10/src/buffer_core.cpp
[WARN] [1787634366.656517179, 980.700000000]: Missed desired rate of 1.00Hz! Loop actually took 1.1000 seconds!
[INFO] [1787634366.261211727, 980.300000000]: PHASE2C_KEYSCAN_ACCEPTED unique_id=533 state_id=533 sim_time=980.300000
[INFO] [1787634366.966145262, 981.000000000]: PHASE2C_KEYSCAN_ACCEPTED unique_id=534 state_id=534 sim_time=981.000000
[INFO] [1787634367.459439636, 981.500000000]: PHASE2C_KEYSCAN_ACCEPTED unique_id=535 state_id=535 sim_time=981.500000
[INFO] [1787634368.057319173, 982.100000000]: PHASE2C_KEYSCAN_ACCEPTED unique_id=536 state_id=536 sim_time=982.100000
[INFO] [1787634368.898064483, 982.900000000]: PHASE2C_KEYSCAN_ACCEPTED unique_id=537 state_id=537 sim_time=982.900000
[INFO] [1787634370.457615921, 984.500000000]: PHASE2C_KEYSCAN_ACCEPTED unique_id=538 state_id=538 sim_time=984.500000
[INFO] [1787634371.989043236, 986.000000000]: PHASE2C_KEYSCAN_ACCEPTED unique_id=539 state_id=539 sim_time=986.000000
[INFO] [1787634373.457185167, 987.500000000]: PHASE2C_KEYSCAN_ACCEPTED unique_id=540 state_id=540 sim_time=987.500000
[INFO] [1787634376.488577911, 990.500000000]: PHASE2C_KEYSCAN_ACCEPTED unique_id=541 state_id=541 sim_time=990.500000
[INFO] [1787634377.853041574, 991.900000000]: PHASE2C_KEYSCAN_ACCEPTED unique_id=542 state_id=542 sim_time=991.900000
[INFO] [1787634378.819553598, 992.800000000]: PHASE2C_KEYSCAN_ACCEPTED unique_id=543 state_id=543 sim_time=992.800000
[INFO] [1787634379.919325925, 993.900000000]: PHASE2C_KEYSCAN_ACCEPTED unique_id=544 state_id=544 sim_time=993.700000
[INFO] [1787634366.558103978, 980.600000000]: PHASE2_LOOP_WAYPOINT_REACHED vertex=11 waypoint=4
[INFO] [1787634370.438635718, 984.500000000]: PHASE2_LOOP_WAYPOINT_REACHED vertex=11 waypoint=5
[INFO] [1787634372.449839762, 986.500000000]: PHASE2_LOOP_WAYPOINT_REACHED vertex=11 waypoint=6
[INFO] [1787634374.422523518, 988.400000000]: PHASE2_LOOP_WAYPOINT_REACHED vertex=11 waypoint=7
[INFO] [1787634376.314194024, 990.300000000]: PHASE2_LOOP_WAYPOINT_REACHED vertex=11 waypoint=8
[INFO] [1787634378.218385232, 992.200000000]: PHASE2_LOOP_WAYPOINT_REACHED vertex=11 waypoint=9
Warning: Warning: TF_REPEATED_DATA ignoring data with redundant timestamp for frame odom (parent offset) at time 993.900000 according to authority unknown_publisherTF_REPEATED_DATA ignoring data with redundant timestamp for frame odom (parent offset) at time 993.900000 according to authority unknown_publisher

         at line          at line 277 in 277/tmp/binarydeb/ros-noetic-tf2-0.7.10/src/buffer_core.cpp in 
/tmp/binarydeb/ros-noetic-tf2-0.7.10/src/buffer_core.cpp
Warning: TF_REPEATED_DATA ignoring data with redundant timestamp for frame offset (parent map) at time 993.900000 according to authority unknown_publisher
         at line Warning: 277TF_REPEATED_DATA ignoring data with redundant timestamp for frame offset (parent map) at time 993.900000 according to authority unknown_publisher in 
/tmp/binarydeb/ros-noetic-tf2-0.7.10/src/buffer_core.cpp         at line 
277 in Warning: /tmp/binarydeb/ros-noetic-tf2-0.7.10/src/buffer_core.cpp[WARN] [1787634379.919747660, 993.900000000]: TF_REPEATED_DATA ignoring data with redundant timestamp for frame odom (parent offset) at time 993.900000 according to authority unknown_publisher
TF_REPEATED_DATA ignoring data with redundant timestamp for frame odom (parent offset) at time 993.900000 according to authority unknown_publisher

         at line 277 in /tmp/binarydeb/ros-noetic-tf2-0.7.10/src/buffer_core.cpp
Warning: TF_REPEATED_DATA ignoring data with redundant timestamp for frame offset (parent map) at time 993.900000 according to authority unknown_publisher
         at line 277 in [WARN] [1787634379.919773314, 993.900000000]: TF_REPEATED_DATA ignoring data with redundant timestamp for frame offset (parent map) at time 993.900000 according to authority unknown_publisher
/tmp/binarydeb/ros-noetic-tf2-0.7.10/src/buffer_core.cpp
Warning: TF_REPEATED_DATA ignoring data with redundant timestamp for frame odom (parent offset) at time 993.900000 according to authority unknown_publisher
         at line 277 in /tmp/binarydeb/ros-noetic-tf2-0.7.10/src/buffer_core.cpp
Warning: TF_REPEATED_DATA ignoring data with redundant timestamp for frame offset (parent map) at time 993.900000 according to authority unknown_publisher
         at line 277 in /tmp/binarydeb/ros-noetic-tf2-0.7.10/src/buffer_core.cpp
[WARN] [1787634380.683691083, 994.700000000]: Missed desired rate of 1.00Hz! Loop actually took 1.1000 seconds!
[INFO] [1787634380.658668044, 994.700000000]: PHASE2C_KEYSCAN_ACCEPTED unique_id=545 state_id=545 sim_time=994.700000
[INFO] [1787634381.395251731, 995.400000000]: PHASE2C_KEYSCAN_ACCEPTED unique_id=546 state_id=546 sim_time=995.400000
[INFO] [1787634381.958433552, 996.000000000]: PHASE2C_KEYSCAN_ACCEPTED unique_id=547 state_id=547 sim_time=996.000000
[INFO] [1787634382.564724147, 996.600000000]: PHASE2C_KEYSCAN_ACCEPTED unique_id=548 state_id=548 sim_time=996.600000
[INFO] [1787634383.161928206, 997.200000000]: PHASE2C_KEYSCAN_ACCEPTED unique_id=549 state_id=549 sim_time=997.200000
[INFO] [1787634383.830340885, 997.800000000]: PHASE2C_KEYSCAN_ACCEPTED unique_id=550 state_id=550 sim_time=997.700000
[INFO] [1787634384.367005835, 998.400000000]: PHASE2C_KEYSCAN_ACCEPTED unique_id=551 state_id=551 sim_time=998.400000
Warning: TF_REPEATED_DATA ignoring data with redundant timestamp for frame odom (parent offset) at time 999.900000 according to authority unknown_publisher
         at line 277 in /tmp/binarydeb/ros-noetic-tf2-0.7.10/src/buffer_core.cpp[INFO] [1787634380.582488677, 994.600000000]: PHASE2_LOOP_WAYPOINT_REACHED vertex=11 waypoint=10
Warning: 
Warning: TF_REPEATED_DATA ignoring data with redundant timestamp for frame odom (parent offset) at time 999.900000 according to authority unknown_publisherTF_REPEATED_DATA ignoring data with redundant timestamp for frame odom (parent offset) at time 999.900000 according to authority unknown_publisher

         at line Warning:          at line 277TF_REPEATED_DATA ignoring data with redundant timestamp for frame offset (parent map) at time 999.900000 according to authority unknown_publisher277 in 
 in /tmp/binarydeb/ros-noetic-tf2-0.7.10/src/buffer_core.cpp         at line /tmp/binarydeb/ros-noetic-tf2-0.7.10/src/buffer_core.cpp
277
 in /tmp/binarydeb/ros-noetic-tf2-0.7.10/src/buffer_core.cpp
Warning: TF_REPEATED_DATA ignoring data with redundant timestamp for frame odom (parent offset) at time 999.900000 according to authority unknown_publisher
Warning:          at line TF_REPEATED_DATA ignoring data with redundant timestamp for frame offset (parent map) at time 999.900000 according to authority unknown_publisher277
 in          at line /tmp/binarydeb/ros-noetic-tf2-0.7.10/src/buffer_core.cpp277
 in [WARN] [1787634385.892024287, 999.900000000]: TF_REPEATED_DATA ignoring data with redundant timestamp for frame odom (parent offset) at time 999.900000 according to authority unknown_publisher
/tmp/binarydeb/ros-noetic-tf2-0.7.10/src/buffer_core.cppWarning: 
TF_REPEATED_DATA ignoring data with redundant timestamp for frame offset (parent map) at time 999.900000 according to authority unknown_publisher
         at line 277 in /tmp/binarydeb/ros-noetic-tf2-0.7.10/src/buffer_core.cpp
[WARN] [1787634385.892052908, 999.900000000]: TF_REPEATED_DATA ignoring data with redundant timestamp for frame offset (parent map) at time 999.900000 according to authority unknown_publisher
Warning: TF_REPEATED_DATA ignoring data with redundant timestamp for frame offset (parent map) at time 999.900000 according to authority unknown_publisher
         at line 277 in /tmp/binarydeb/ros-noetic-tf2-0.7.10/src/buffer_core.cpp
Warning: TF_REPEATED_DATA ignoring data with redundant timestamp for frame odom (parent offset) at time 1019.900000 according to authority unknown_publisher
         at line 277 in /tmp/binarydeb/ros-noetic-tf2-0.7.10/src/buffer_core.cpp
Warning: TF_REPEATED_DATA ignoring data with redundant timestamp for frame offset (parent map) at time 1019.900000 according to authority unknown_publisher
         at line 277 in /tmp/binarydeb/ros-noetic-tf2-0.7.10/src/buffer_core.cpp
Warning: [INFO] [1787634386.372946291, 1000.400000000]: PHASE2_LOOP_WAYPOINT_REACHED vertex=11 waypoint=11
[INFO] [1787634388.464031995, 1002.500000000]: PHASE2_LOOP_WAYPOINT_REACHED vertex=11 waypoint=12
[INFO] [1787634390.082221811, 1004.100000000]: PHASE2_LOOP_WAYPOINT_REACHED vertex=11 waypoint=13
[INFO] [1787634392.201707146, 1006.200000000]: PHASE2_LOOP_WAYPOINT_REACHED vertex=11 waypoint=14
[INFO] [1787634394.217179913, 1008.200000000]: PHASE2_LOOP_WAYPOINT_REACHED vertex=11 waypoint=15
[INFO] [1787634396.460014504, 1010.500000000]: PHASE2_LOOP_WAYPOINT_REACHED vertex=11 waypoint=16
[INFO] [1787634402.454933941, 1016.500000000]: PHASE2_LOOP_WAYPOINT_REACHED vertex=11 waypoint=17
[INFO] [1787634404.209727713, 1018.200000000]: PHASE2_LOOP_WAYPOINT_REACHED vertex=11 waypoint=18
TF_REPEATED_DATA ignoring data with redundant timestamp for frame odom (parent offset) at time 1019.900000 according to authority unknown_publisherWarning: [INFO] [1787634386.505198054, 1000.500000000]: PHASE2C_KEYSCAN_ACCEPTED unique_id=552 state_id=552 sim_time=1000.500000
[INFO] [1787634390.997438678, 1005.000000000]: PHASE2C_KEYSCAN_ACCEPTED unique_id=553 state_id=553 sim_time=1005.000000
[INFO] [1787634392.373173094, 1006.400000000]: PHASE2C_KEYSCAN_ACCEPTED unique_id=554 state_id=554 sim_time=1006.400000
[INFO] [1787634394.696339282, 1008.700000000]: PHASE2C_KEYSCAN_ACCEPTED unique_id=555 state_id=555 sim_time=1008.700000
[INFO] [1787634395.480446242, 1009.500000000]: PHASE2C_KEYSCAN_ACCEPTED unique_id=556 state_id=556 sim_time=1009.500000
[INFO] [1787634396.258722849, 1010.300000000]: PHASE2C_KEYSCAN_ACCEPTED unique_id=557 state_id=557 sim_time=1010.300000
[INFO] [1787634397.115339181, 1011.100000000]: PHASE2C_KEYSCAN_ACCEPTED unique_id=558 state_id=558 sim_time=1011.100000
[INFO] [1787634397.865164339, 1011.900000000]: PHASE2C_KEYSCAN_ACCEPTED unique_id=559 state_id=559 sim_time=1011.900000
[INFO] [1787634398.682578143, 1012.700000000]: PHASE2C_KEYSCAN_ACCEPTED unique_id=560 state_id=560 sim_time=1012.700000
[INFO] [1787634399.610085468, 1013.600000000]: PHASE2C_KEYSCAN_ACCEPTED unique_id=561 state_id=561 sim_time=1013.600000
[INFO] [1787634400.369352570, 1014.400000000]: PHASE2C_KEYSCAN_ACCEPTED unique_id=562 state_id=562 sim_time=1014.400000
[INFO] [1787634403.296182073, 1017.300000000]: PHASE2C_KEYSCAN_ACCEPTED unique_id=563 state_id=563 sim_time=1017.300000
[INFO] [1787634405.483282136, 1019.500000000]: PHASE2C_KEYSCAN_ACCEPTED unique_id=564 state_id=564 sim_time=1019.500000

TF_REPEATED_DATA ignoring data with redundant timestamp for frame odom (parent offset) at time 1019.900000 according to authority unknown_publisherWarning:          at line 
TF_REPEATED_DATA ignoring data with redundant timestamp for frame odom (parent offset) at time 1019.900000 according to authority unknown_publisher277         at line 
 in          at line 277/tmp/binarydeb/ros-noetic-tf2-0.7.10/src/buffer_core.cpp277 in 
 in /tmp/binarydeb/ros-noetic-tf2-0.7.10/src/buffer_core.cpp/tmp/binarydeb/ros-noetic-tf2-0.7.10/src/buffer_core.cpp

Warning: [WARN] [1787634405.894592233, 1019.900000000]: TF_REPEATED_DATA ignoring data with redundant timestamp for frame odom (parent offset) at time 1019.900000 according to authority unknown_publisher
TF_REPEATED_DATA ignoring data with redundant timestamp for frame offset (parent map) at time 1019.900000 according to authority unknown_publisherWarning: 
TF_REPEATED_DATA ignoring data with redundant timestamp for frame offset (parent map) at time 1019.900000 according to authority unknown_publisher         at line 
277         at line  in 277/tmp/binarydeb/ros-noetic-tf2-0.7.10/src/buffer_core.cppWarning:  in 
TF_REPEATED_DATA ignoring data with redundant timestamp for frame offset (parent map) at time 1019.900000 according to authority unknown_publisher/tmp/binarydeb/ros-noetic-tf2-0.7.10/src/buffer_core.cpp

         at line 277 in /tmp/binarydeb/ros-noetic-tf2-0.7.10/src/buffer_core.cpp
[WARN] [1787634405.894627938, 1019.900000000]: TF_REPEATED_DATA ignoring data with redundant timestamp for frame offset (parent map) at time 1019.900000 according to authority unknown_publisher
[INFO] [1787634406.466489946, 1020.500000000]: PHASE2C_KEYSCAN_ACCEPTED unique_id=565 state_id=565 sim_time=1020.500000
[INFO] [1787634407.815996643, 1021.800000000]: PHASE2C_KEYSCAN_ACCEPTED unique_id=566 state_id=566 sim_time=1021.800000
[INFO] [1787634409.817586143, 1023.800000000]: PHASE2C_KEYSCAN_ACCEPTED unique_id=567 state_id=567 sim_time=1023.700000
[INFO] [1787634410.361013582, 1024.400000000]: PHASE2C_KEYSCAN_ACCEPTED unique_id=568 state_id=568 sim_time=1024.400000
[INFO] [1787634411.170045374, 1025.200000000]: PHASE2C_KEYSCAN_ACCEPTED unique_id=569 state_id=569 sim_time=1025.200000
Warning: TF_REPEATED_DATA ignoring data with redundant timestamp for frame odom (parent offset) at time 1025.900000 according to authority unknown_publisher
         at line 277 in /tmp/binarydeb/ros-noetic-tf2-0.7.10/src/buffer_core.cpp
Warning: TF_REPEATED_DATA ignoring data with redundant timestamp for frame offset (parent map) at time 1025.900000 according to authority unknown_publisher
         at line 277 in /tmp/binarydeb/ros-noetic-tf2-0.7.10/src/buffer_core.cpp
Warning: TF_REPEATED_DATA ignoring data with redundant timestamp for frame odom (parent offset) at time 1025.900000 according to authority unknown_publisher
         at line 277 in /tmp/binarydeb/ros-noetic-tf2-0.7.10/src/buffer_core.cpp
Warning: TF_REPEATED_DATA ignoring data with redundant timestamp for frame offset (parent map) at time 1025.900000 according to authority unknown_publisher
         at line [WARN] [1787634411.889682106, 1025.900000000]: TF_REPEATED_DATA ignoring data with redundant timestamp for frame odom (parent offset) at time 1025.900000 according to authority unknown_publisher
277 in /tmp/binarydeb/ros-noetic-tf2-0.7.10/src/buffer_core.cpp
Warning: [WARN] [1787634411.889706369, 1025.900000000]: TF_REPEATED_DATA ignoring data with redundant timestamp for frame offset (parent map) at time 1025.900000 according to authority unknown_publisher
TF_REPEATED_DATA ignoring data with redundant timestamp for frame odom (parent offset) at time 1025.900000 according to authority unknown_publisher
         at line 277 in /tmp/binarydeb/ros-noetic-tf2-0.7.10/src/buffer_core.cpp
Warning: TF_REPEATED_DATA ignoring data with redundant timestamp for frame offset (parent map) at time 1025.900000 according to authority unknown_publisher
         at line 277 in /tmp/binarydeb/ros-noetic-tf2-0.7.10/src/buffer_core.cpp
[INFO] [1787634406.344878771, 1020.400000000]: PHASE2_LOOP_WAYPOINT_REACHED vertex=11 waypoint=19
[INFO] [1787634408.456721125, 1022.500000000]: PHASE2_LOOP_WAYPOINT_REACHED vertex=11 waypoint=20
Warning: TF_REPEATED_DATA ignoring data with redundant timestamp for frame odom (parent offset) at time 1025.900000 according to authority unknown_publisher
         at line 277 in /tmp/binarydeb/ros-noetic-tf2-0.7.10/src/buffer_core.cpp
Warning: TF_REPEATED_DATA ignoring data with redundant timestamp for frame offset (parent map) at time 1025.900000 according to authority unknown_publisher
         at line 277 in /tmp/binarydeb/ros-noetic-tf2-0.7.10/src/buffer_core.cpp
[INFO] [1787634411.989011738, 1026.000000000]: PHASE2C_KEYSCAN_ACCEPTED unique_id=570 state_id=570 sim_time=1026.000000
[INFO] [1787634412.683736797, 1026.700000000]: PHASE2C_KEYSCAN_ACCEPTED unique_id=571 state_id=571 sim_time=1026.700000
[INFO] [1787634414.248116575, 1028.300000000]: PHASE2C_KEYSCAN_ACCEPTED unique_id=572 state_id=572 sim_time=1028.200000
[INFO] [1787634415.270564665, 1029.300000000]: PHASE2C_KEYSCAN_ACCEPTED unique_id=573 state_id=573 sim_time=1029.300000
Warning: TF_REPEATED_DATA ignoring data with redundant timestamp for frame odom (parent offset) at time 1029.900000 according to authority unknown_publisher
Warning:          at line TF_REPEATED_DATA ignoring data with redundant timestamp for frame odom (parent offset) at time 1029.900000 according to authority unknown_publisher277
 in          at line /tmp/binarydeb/ros-noetic-tf2-0.7.10/src/buffer_core.cpp
277 in /tmp/binarydeb/ros-noetic-tf2-0.7.10/src/buffer_core.cpp
Warning: TF_REPEATED_DATA ignoring data with redundant timestamp for frame offset (parent map) at time 1029.900000 according to authority unknown_publisher
         at line Warning: 277TF_REPEATED_DATA ignoring data with redundant timestamp for frame offset (parent map) at time 1029.900000 according to authority unknown_publisher in 
/tmp/binarydeb/ros-noetic-tf2-0.7.10/src/buffer_core.cpp         at line 
277 in /tmp/binarydeb/ros-noetic-tf2-0.7.10/src/buffer_core.cpp
Warning: TF_REPEATED_DATA ignoring data with redundant timestamp for frame odom (parent offset) at time 1029.900000 according to authority unknown_publisher
         at line 277 in /tmp/binarydeb/ros-noetic-tf2-0.7.10/src/buffer_core.cpp
Warning: TF_REPEATED_DATA ignoring data with redundant timestamp for frame offset (parent map) at time 1029.900000 according to authority unknown_publisher
         at line 277 in /tmp/binarydeb/ros-noetic-tf2-0.7.10/src/buffer_core.cpp
[WARN] [1787634415.900525614, 1029.900000000]: TF_REPEATED_DATA ignoring data with redundant timestamp for frame odom (parent offset) at time 1029.900000 according to authority unknown_publisher
[INFO] [1787634414.228684093, 1028.200000000]: PHASE2_LOOP_WAYPOINT_REACHED vertex=11 waypoint=21
Warning: TF_REPEATED_DATA ignoring data with redundant timestamp for frame odom (parent offset) at time 1029.900000 according to authority unknown_publisher
[WARN] [1787634415.900562989, 1029.900000000]: TF_REPEATED_DATA ignoring data with redundant timestamp for frame offset (parent map) at time 1029.900000 according to authority unknown_publisher
         at line 277 in /tmp/binarydeb/ros-noetic-tf2-0.7.10/src/buffer_core.cpp
Warning: TF_REPEATED_DATA ignoring data with redundant timestamp for frame offset (parent map) at time 1029.900000 according to authority unknown_publisher
         at line 277 in /tmp/binarydeb/ros-noetic-tf2-0.7.10/src/buffer_core.cpp
[INFO] [1787634415.963743499, 1030.000000000]: PHASE2C_KEYSCAN_ACCEPTED unique_id=574 state_id=574 sim_time=1030.000000
[INFO] [1787634416.606121736, 1030.600000000]: PHASE2C_KEYSCAN_ACCEPTED unique_id=575 state_id=575 sim_time=1030.600000
[INFO] [1787634417.792695624, 1031.800000000]: PHASE2C_KEYSCAN_ACCEPTED unique_id=576 state_id=576 sim_time=1031.700000
[INFO] [1787634418.906331972, 1032.900000000]: PHASE2C_KEYSCAN_ACCEPTED unique_id=577 state_id=577 sim_time=1032.900000
Warning: TF_REPEATED_DATA ignoring data with redundant timestamp for frame odom (parent offset) at time 1033.900000 according to authority unknown_publisher
         at line 277 in /tmp/binarydeb/ros-noetic-tf2-0.7.10/src/buffer_core.cppWarning: 
TF_REPEATED_DATA ignoring data with redundant timestamp for frame odom (parent offset) at time 1033.900000 according to authority unknown_publisher
         at line 277 in /tmp/binarydeb/ros-noetic-tf2-0.7.10/src/buffer_core.cppWarning: 
TF_REPEATED_DATA ignoring data with redundant timestamp for frame offset (parent map) at time 1033.900000 according to authority unknown_publisher
         at line Warning: 277TF_REPEATED_DATA ignoring data with redundant timestamp for frame offset (parent map) at time 1033.900000 according to authority unknown_publisher in 
/tmp/binarydeb/ros-noetic-tf2-0.7.10/src/buffer_core.cpp         at line 
277 in /tmp/binarydeb/ros-noetic-tf2-0.7.10/src/buffer_core.cpp
Warning: Warning: TF_REPEATED_DATA ignoring data with redundant timestamp for frame odom (parent offset) at time 1033.900000 according to authority unknown_publisherTF_REPEATED_DATA ignoring data with redundant timestamp for frame odom (parent offset) at time 1033.900000 according to authority unknown_publisher

         at line          at line 277277 in  in /tmp/binarydeb/ros-noetic-tf2-0.7.10/src/buffer_core.cpp/tmp/binarydeb/ros-noetic-tf2-0.7.10/src/buffer_core.cpp

Warning: Warning: TF_REPEATED_DATA ignoring data with redundant timestamp for frame offset (parent map) at time 1033.900000 according to authority unknown_publisherTF_REPEATED_DATA ignoring data with redundant timestamp for frame offset (parent map) at time 1033.900000 according to authority unknown_publisher

         at line          at line 277277 in  in /tmp/binarydeb/ros-noetic-tf2-0.7.10/src/buffer_core.cpp/tmp/binarydeb/ros-noetic-tf2-0.7.10/src/buffer_core.cpp

[WARN] [1787634419.905994917, 1033.900000000]: TF_REPEATED_DATA ignoring data with redundant timestamp for frame odom (parent offset) at time 1033.900000 according to authority unknown_publisher
[WARN] [1787634419.906020624, 1033.900000000]: TF_REPEATED_DATA ignoring data with redundant timestamp for frame offset (parent map) at time 1033.900000 according to authority unknown_publisher
[INFO] [1787634420.378143531, 1034.400000000]: PHASE2C_KEYSCAN_ACCEPTED unique_id=578 state_id=578 sim_time=1034.400000
[INFO] [1787634421.533714662, 1035.500000000]: PHASE2C_KEYSCAN_ACCEPTED unique_id=579 state_id=579 sim_time=1035.500000
Warning: TF_REPEATED_DATA ignoring data with redundant timestamp for frame odom (parent offset) at time 1035.900000 according to authority unknown_publisher
         at line 277 in /tmp/binarydeb/ros-noetic-tf2-0.7.10/src/buffer_core.cpp
Warning: TF_REPEATED_DATA ignoring data with redundant timestamp for frame offset (parent map) at time 1035.900000 according to authority unknown_publisher
         at line 277 in /tmp/binarydeb/ros-noetic-tf2-0.7.10/src/buffer_core.cpp
Warning: TF_REPEATED_DATA ignoring data with redundant timestamp for frame odom (parent offset) at time 1035.900000 according to authority unknown_publisher
         at line 277 in /tmp/binarydeb/ros-noetic-tf2-0.7.10/src/buffer_core.cpp
[INFO] [1787634420.352665098, 1034.400000000]: PHASE2_LOOP_WAYPOINT_REACHED vertex=11 waypoint=22
Warning: Warning: TF_REPEATED_DATA ignoring data with redundant timestamp for frame odom (parent offset) at time 1035.900000 according to authority unknown_publisherTF_REPEATED_DATA ignoring data with redundant timestamp for frame odom (parent offset) at time 1035.900000 according to authority unknown_publisher

         at line          at line 277277 in  in /tmp/binarydeb/ros-noetic-tf2-0.7.10/src/buffer_core.cpp/tmp/binarydeb/ros-noetic-tf2-0.7.10/src/buffer_core.cpp

Warning: TF_REPEATED_DATA ignoring data with redundant timestamp for frame offset (parent map) at time 1035.900000 according to authority unknown_publisherWarning: 
TF_REPEATED_DATA ignoring data with redundant timestamp for frame offset (parent map) at time 1035.900000 according to authority unknown_publisher         at line 
277         at line  in 277/tmp/binarydeb/ros-noetic-tf2-0.7.10/src/buffer_core.cpp in 
[WARN] [1787634421.916113306, 1035.900000000]: TF_REPEATED_DATA ignoring data with redundant timestamp for frame odom (parent offset) at time 1035.900000 according to authority unknown_publisher
/tmp/binarydeb/ros-noetic-tf2-0.7.10/src/buffer_core.cpp
[WARN] [1787634421.916162588, 1035.900000000]: TF_REPEATED_DATA ignoring data with redundant timestamp for frame offset (parent map) at time 1035.900000 according to authority unknown_publisher
Warning: TF_REPEATED_DATA ignoring data with redundant timestamp for frame offset (parent map) at time 1035.900000 according to authority unknown_publisher
         at line 277 in /tmp/binarydeb/ros-noetic-tf2-0.7.10/src/buffer_core.cpp
[INFO] [1787634422.156330674, 1036.200000000]: PHASE2C_KEYSCAN_ACCEPTED unique_id=580 state_id=580 sim_time=1036.200000
[INFO] [1787634422.869058201, 1036.900000000]: PHASE2C_KEYSCAN_ACCEPTED unique_id=581 state_id=581 sim_time=1036.900000
[INFO] [1787634423.970177765, 1038.000000000]: PHASE2C_KEYSCAN_ACCEPTED unique_id=582 state_id=582 sim_time=1037.800000
Warning: TF_REPEATED_DATA ignoring data with redundant timestamp for frame odom (parent offset) at time 1038.000000 according to authority unknown_publisher
         at line 277 in /tmp/binarydeb/ros-noetic-tf2-0.7.10/src/buffer_core.cpp
Warning: TF_REPEATED_DATA ignoring data with redundant timestamp for frame offset (parent map) at time 1038.000000 according to authority unknown_publisher
         at line 277 in /tmp/binarydeb/ros-noetic-tf2-0.7.10/src/buffer_core.cpp
Warning: TF_REPEATED_DATA ignoring data with redundant timestamp for frame odom (parent offset) at time 1038.000000 according to authority unknown_publisher
         at line 277 in /tmp/binarydeb/ros-noetic-tf2-0.7.10/src/buffer_core.cpp
Warning: TF_REPEATED_DATA ignoring data with redundant timestamp for frame offset (parent map) at time 1038.000000 according to authority unknown_publisher
         at line 277 in /tmp/binarydeb/ros-noetic-tf2-0.7.10/src/buffer_core.cppWarning: 
TF_REPEATED_DATA ignoring data with redundant timestamp for frame odom (parent offset) at time 1038.000000 according to authority unknown_publisher
         at line 277 in /tmp/binarydeb/ros-noetic-tf2-0.7.10/src/buffer_core.cpp
Warning: TF_REPEATED_DATA ignoring data with redundant timestamp for frame offset (parent map) at time 1038.000000 according to authority unknown_publisher
         at line 277 in /tmp/binarydeb/ros-noetic-tf2-0.7.10/src/buffer_core.cpp
[WARN] [1787634423.970617836, 1038.000000000]: TF_REPEATED_DATA ignoring data with redundant timestamp for frame odom (parent offset) at time 1038.000000 according to authority unknown_publisher
Warning: TF_REPEATED_DATA ignoring data with redundant timestamp for frame odom (parent offset) at time 1038.000000 according to authority unknown_publisher
         at line 277 in /tmp/binarydeb/ros-noetic-tf2-0.7.10/src/buffer_core.cpp
Warning: TF_REPEATED_DATA ignoring data with redundant timestamp for frame offset (parent map) at time 1038.000000 according to authority unknown_publisher
         at line [WARN] [1787634423.970647317, 1038.000000000]: TF_REPEATED_DATA ignoring data with redundant timestamp for frame offset (parent map) at time 1038.000000 according to authority unknown_publisher
277 in /tmp/binarydeb/ros-noetic-tf2-0.7.10/src/buffer_core.cpp
[INFO] [1787634425.181962926, 1039.200000000]: PHASE2C_KEYSCAN_ACCEPTED unique_id=583 state_id=583 sim_time=1039.200000
Warning: TF_REPEATED_DATA ignoring data with redundant timestamp for frame odom (parent offset) at time 1039.900000 according to authority unknown_publisher
         at line 277 in /tmp/binarydeb/ros-noetic-tf2-0.7.10/src/buffer_core.cpp
Warning: TF_REPEATED_DATA ignoring data with redundant timestamp for frame offset (parent map) at time 1039.900000 according to authority unknown_publisher
         at line 277 in /tmp/binarydeb/ros-noetic-tf2-0.7.10/src/buffer_core.cpp
Warning: TF_REPEATED_DATA ignoring data with redundant timestamp for frame odom (parent offset) at time 1039.900000 according to authority unknown_publisher
         at line 277 in /tmp/binarydeb/ros-noetic-tf2-0.7.10/src/buffer_core.cpp
Warning: TF_REPEATED_DATA ignoring data with redundant timestamp for frame offset (parent map) at time 1039.900000 according to authority unknown_publisher
         at line 277 in /tmp/binarydeb/ros-noetic-tf2-0.7.10/src/buffer_core.cpp
Warning: TF_REPEATED_DATA ignoring data with redundant timestamp for frame odom (parent offset) at time 1039.900000 according to authority unknown_publisher
         at line 277 in /tmp/binarydeb/ros-noetic-tf2-0.7.10/src/buffer_core.cpp
Warning: TF_REPEATED_DATA ignoring data with redundant timestamp for frame offset (parent map) at time 1039.900000 according to authority unknown_publisher
         at line 277 in /tmp/binarydeb/ros-noetic-tf2-0.7.10/src/buffer_core.cpp
Warning: [WARN] [1787634425.907596760, 1039.900000000]: TF_REPEATED_DATA ignoring data with redundant timestamp for frame odom (parent offset) at time 1039.900000 according to authority unknown_publisher
TF_REPEATED_DATA ignoring data with redundant timestamp for frame odom (parent offset) at time 1039.900000 according to authority unknown_publisher
         at line 277 in /tmp/binarydeb/ros-noetic-tf2-0.7.10/src/buffer_core.cpp
Warning: TF_REPEATED_DATA ignoring data with redundant timestamp for frame offset (parent map) at time 1039.900000 according to authority unknown_publisher
         at line 277 in /tmp/binarydeb/ros-noetic-tf2-0.7.10/src/buffer_core.cpp
[WARN] [1787634425.907624176, 1039.900000000]: TF_REPEATED_DATA ignoring data with redundant timestamp for frame offset (parent map) at time 1039.900000 according to authority unknown_publisher
[INFO] [1787634427.108864010, 1041.100000000]: PHASE2C_KEYSCAN_ACCEPTED unique_id=584 state_id=584 sim_time=1041.100000
[INFO] [1787634427.816604710, 1041.800000000]: PHASE2C_KEYSCAN_ACCEPTED unique_id=585 state_id=585 sim_time=1041.700000
[INFO] [1787634428.367927598, 1042.400000000]: PHASE2C_KEYSCAN_ACCEPTED unique_id=586 state_id=586 sim_time=1042.400000
[INFO] [1787634428.965602367, 1043.000000000]: PHASE2C_KEYSCAN_ACCEPTED unique_id=587 state_id=587 sim_time=1043.000000
[INFO] [1787634429.610328344, 1043.600000000]: PHASE2C_KEYSCAN_ACCEPTED unique_id=588 state_id=588 sim_time=1043.600000
[INFO] [1787634430.264960170, 1044.300000000]: PHASE2C_KEYSCAN_ACCEPTED unique_id=589 state_id=589 sim_time=1044.300000
[INFO] [1787634430.957281603, 1045.000000000]: PHASE2C_KEYSCAN_ACCEPTED unique_id=590 state_id=590 sim_time=1045.000000
[INFO] [1787634432.302884799, 1046.300000000]: PHASE2C_KEYSCAN_ACCEPTED unique_id=591 state_id=591 sim_time=1046.300000
[INFO] [1787634433.950384549, 1048.000000000]: PHASE2C_KEYSCAN_ACCEPTED unique_id=592 state_id=592 sim_time=1047.700000
[INFO] [1787634434.803848086, 1048.800000000]: PHASE2C_KEYSCAN_ACCEPTED unique_id=593 state_id=593 sim_time=1048.800000
[INFO] [1787634435.820587161, 1049.800000000]: PHASE2C_KEYSCAN_ACCEPTED unique_id=594 state_id=594 sim_time=1049.700000
[INFO] [1787634436.691082196, 1050.700000000]: PHASE2C_KEYSCAN_ACCEPTED unique_id=595 state_id=595 sim_time=1050.700000
[INFO] [1787634437.360069311, 1051.400000000]: PHASE2C_KEYSCAN_ACCEPTED unique_id=596 state_id=596 sim_time=1051.300000
[INFO] [1787634437.973627889, 1052.000000000]: PHASE2C_KEYSCAN_ACCEPTED unique_id=597 state_id=597 sim_time=1052.000000
[INFO] [1787634438.799486129, 1052.800000000]: PHASE2C_KEYSCAN_ACCEPTED unique_id=598 state_id=598 sim_time=1052.800000
Warning: Warning: TF_REPEATED_DATA ignoring data with redundant timestamp for frame odom (parent offset) at time 1053.900000 according to authority unknown_publisherTF_REPEATED_DATA ignoring data with redundant timestamp for frame odom (parent offset) at time 1053.900000 according to authority unknown_publisher

         at line          at line 277277 in  in /tmp/binarydeb/ros-noetic-tf2-0.7.10/src/buffer_core.cpp/tmp/binarydeb/ros-noetic-tf2-0.7.10/src/buffer_core.cpp

Warning: TF_REPEATED_DATA ignoring data with redundant timestamp for frame offset (parent map) at time 1053.900000 according to authority unknown_publisher
Warning:          at line TF_REPEATED_DATA ignoring data with redundant timestamp for frame offset (parent map) at time 1053.900000 according to authority unknown_publisher277
 in          at line /tmp/binarydeb/ros-noetic-tf2-0.7.10/src/buffer_core.cpp277
 in /tmp/binarydeb/ros-noetic-tf2-0.7.10/src/buffer_core.cpp
[INFO] [1787634426.347397631, 1040.400000000]: PHASE2_LOOP_WAYPOINT_REACHED vertex=11 waypoint=23
[INFO] [1787634432.300354078, 1046.300000000]: PHASE2_LOOP_WAYPOINT_REACHED vertex=11 waypoint=24
[INFO] [1787634434.352436691, 1048.400000000]: PHASE2_LOOP_WAYPOINT_REACHED vertex=11 waypoint=25
[INFO] [1787634436.234859340, 1050.300000000]: PHASE2_LOOP_WAYPOINT_REACHED vertex=11 waypoint=26
Warning: TF_REPEATED_DATA ignoring data with redundant timestamp for frame odom (parent offset) at time 1053.900000 according to authority unknown_publisher
         at line 277 in /tmp/binarydeb/ros-noetic-tf2-0.7.10/src/buffer_core.cpp
Warning: TF_REPEATED_DATA ignoring data with redundant timestamp for frame offset (parent map) at time 1053.900000 according to authority unknown_publisher
         at line 277 in /tmp/binarydeb/ros-noetic-tf2-0.7.10/src/buffer_core.cpp
Warning: [WARN] [1787634439.908564772, 1053.900000000]: TF_REPEATED_DATA ignoring data with redundant timestamp for frame odom (parent offset) at time 1053.900000 according to authority unknown_publisher
TF_REPEATED_DATA ignoring data with redundant timestamp for frame odom (parent offset) at time 1053.900000 according to authority unknown_publisher
         at line 277 in /tmp/binarydeb/ros-noetic-tf2-0.7.10/src/buffer_core.cpp
Warning: TF_REPEATED_DATA ignoring data with redundant timestamp for frame offset (parent map) at time 1053.900000 according to authority unknown_publisher
         at line [WARN] [1787634439.908590662, 1053.900000000]: TF_REPEATED_DATA ignoring data with redundant timestamp for frame offset (parent map) at time 1053.900000 according to authority unknown_publisher
277 in /tmp/binarydeb/ros-noetic-tf2-0.7.10/src/buffer_core.cpp
[WARN] [1787634440.681225108, 1054.700000000]: Missed desired rate of 1.00Hz! Loop actually took 1.1000 seconds!
Warning: [INFO] [1787634440.634671153, 1054.700000000]: PHASE2C_KEYSCAN_ACCEPTED unique_id=599 state_id=599 sim_time=1054.600000
[INFO] [1787634441.793510885, 1055.800000000]: PHASE2C_KEYSCAN_ACCEPTED unique_id=600 state_id=600 sim_time=1055.700000
[INFO] [1787634442.895402770, 1056.900000000]: PHASE2C_KEYSCAN_ACCEPTED unique_id=601 state_id=601 sim_time=1056.900000
[INFO] [1787634443.573628329, 1057.600000000]: PHASE2C_KEYSCAN_ACCEPTED unique_id=602 state_id=602 sim_time=1057.600000
TF_REPEATED_DATA ignoring data with redundant timestamp for frame odom (parent offset) at time 1057.900000 according to authority unknown_publisherWarning: 
TF_REPEATED_DATA ignoring data with redundant timestamp for frame odom (parent offset) at time 1057.900000 according to authority unknown_publisher         at line 
         at line 277 in 277/tmp/binarydeb/ros-noetic-tf2-0.7.10/src/buffer_core.cpp in 
/tmp/binarydeb/ros-noetic-tf2-0.7.10/src/buffer_core.cpp
Warning: Warning: TF_REPEATED_DATA ignoring data with redundant timestamp for frame offset (parent map) at time 1057.900000 according to authority unknown_publisherTF_REPEATED_DATA ignoring data with redundant timestamp for frame offset (parent map) at time 1057.900000 according to authority unknown_publisher

         at line          at line 277277 in  in /tmp/binarydeb/ros-noetic-tf2-0.7.10/src/buffer_core.cpp/tmp/binarydeb/ros-noetic-tf2-0.7.10/src/buffer_core.cpp

[INFO] [1787634440.578018077, 1054.600000000]: PHASE2_LOOP_WAYPOINT_REACHED vertex=11 waypoint=27
[INFO] [1787634442.225789526, 1056.200000000]: PHASE2_LOOP_WAYPOINT_REACHED vertex=11 waypoint=28
[WARN] [1787634443.915038352, 1057.900000000]: TF_REPEATED_DATA ignoring data with redundant timestamp for frame odom (parent offset) at time 1057.900000 according to authority unknown_publisher
Warning: TF_REPEATED_DATA ignoring data with redundant timestamp for frame odom (parent offset) at time 1057.900000 according to authority unknown_publisher
         at line 277 in /tmp/binarydeb/ros-noetic-tf2-0.7.10/src/buffer_core.cpp
Warning: Warning: TF_REPEATED_DATA ignoring data with redundant timestamp for frame odom (parent offset) at time 1057.900000 according to authority unknown_publisherTF_REPEATED_DATA ignoring data with redundant timestamp for frame offset (parent map) at time 1057.900000 according to authority unknown_publisher

         at line [WARN] [1787634443.915069120, 1057.900000000]: TF_REPEATED_DATA ignoring data with redundant timestamp for frame offset (parent map) at time 1057.900000 according to authority unknown_publisher
         at line 277277 in  in /tmp/binarydeb/ros-noetic-tf2-0.7.10/src/buffer_core.cpp/tmp/binarydeb/ros-noetic-tf2-0.7.10/src/buffer_core.cpp

Warning: TF_REPEATED_DATA ignoring data with redundant timestamp for frame offset (parent map) at time 1057.900000 according to authority unknown_publisher
         at line 277 in /tmp/binarydeb/ros-noetic-tf2-0.7.10/src/buffer_core.cpp
concorde /tmp/tmp3c0khlxw/problem.tsp
Host: msxg  Current process id: 72422
Using random seed 1787634456
Number of Nodes: 6
Explicit Lengths (CC_MATRIXNORM)
Optimal Solution: 220.00
Total Running Time: 0.00 (seconds)
[INFO] [1787634444.366873464, 1058.400000000]: PHASE2_LOOP_WAYPOINT_REACHED vertex=11 waypoint=29
[INFO] [1787634450.248594273, 1064.300000000]: PHASE2_LOOP_WAYPOINT_REACHED vertex=11 waypoint=30
[INFO] [1787634450.248613784, 1064.300000000]: PHASE2_LOOP_EXECUTION_FINISHED vertex=11 waypoints=31
[INFO] [1787634450.252488078, 1064.300000000]: Skip repeated visit to vertex 12
[INFO] [1787634450.252500651, 1064.300000000]: Set newGoal 13
[INFO] [1787634456.251422196, 1070.300000000]: Call local replanning...
Warning: TF_REPEATED_DATA ignoring data with redundant timestamp for frame odom (parent offset) at time 1075.900000 according to authority unknown_publisher
         at line 277 in /tmp/binarydeb/ros-noetic-tf2-0.7.10/src/buffer_core.cpp
[INFO] [1787634444.489540879, 1058.500000000]: PHASE2C_KEYSCAN_ACCEPTED unique_id=603 state_id=603 sim_time=1058.500000
[INFO] [1787634445.156910416, 1059.200000000]: PHASE2C_KEYSCAN_ACCEPTED unique_id=604 state_id=604 sim_time=1059.100000
[INFO] [1787634445.971874922, 1060.000000000]: PHASE2C_KEYSCAN_ACCEPTED unique_id=605 state_id=605 sim_time=1059.700000
[INFO] [1787634446.380900427, 1060.400000000]: PHASE2C_KEYSCAN_ACCEPTED unique_id=606 state_id=606 sim_time=1060.400000
[INFO] [1787634446.979123071, 1061.000000000]: PHASE2C_KEYSCAN_ACCEPTED unique_id=607 state_id=607 sim_time=1061.000000
[INFO] [1787634447.623580585, 1061.600000000]: PHASE2C_KEYSCAN_ACCEPTED unique_id=608 state_id=608 sim_time=1061.600000
[INFO] [1787634448.087516617, 1062.100000000]: PHASE2C_KEYSCAN_ACCEPTED unique_id=609 state_id=609 sim_time=1062.100000
[INFO] [1787634448.761957288, 1062.800000000]: PHASE2C_KEYSCAN_ACCEPTED unique_id=610 state_id=610 sim_time=1062.800000
[INFO] [1787634450.203115431, 1064.200000000]: PHASE2C_KEYSCAN_ACCEPTED unique_id=611 state_id=611 sim_time=1064.200000
[INFO] [1787634451.164593989, 1065.200000000]: PHASE2C_KEYSCAN_ACCEPTED unique_id=612 state_id=612 sim_time=1065.200000
[INFO] [1787634451.658976686, 1065.700000000]: PHASE2C_KEYSCAN_ACCEPTED unique_id=613 state_id=613 sim_time=1065.700000
[INFO] [1787634452.330122698, 1066.300000000]: PHASE2C_KEYSCAN_ACCEPTED unique_id=614 state_id=614 sim_time=1066.300000
[INFO] [1787634453.000082118, 1067.000000000]: PHASE2C_KEYSCAN_ACCEPTED unique_id=615 state_id=615 sim_time=1067.000000
[INFO] [1787634453.582537872, 1067.600000000]: PHASE2C_KEYSCAN_ACCEPTED unique_id=616 state_id=616 sim_time=1067.600000
[INFO] [1787634454.517182162, 1068.500000000]: PHASE2C_KEYSCAN_ACCEPTED unique_id=617 state_id=617 sim_time=1068.500000
[INFO] [1787634455.971477167, 1070.000000000]: PHASE2C_KEYSCAN_ACCEPTED unique_id=618 state_id=618 sim_time=1070.000000
[INFO] [1787634457.500657070, 1071.500000000]: PHASE2C_KEYSCAN_ACCEPTED unique_id=619 state_id=619 sim_time=1071.500000
[INFO] [1787634460.025873003, 1074.000000000]: PHASE2C_KEYSCAN_ACCEPTED unique_id=620 state_id=620 sim_time=1074.000000
Warning: Warning: TF_REPEATED_DATA ignoring data with redundant timestamp for frame offset (parent map) at time 1075.900000 according to authority unknown_publisher
TF_REPEATED_DATA ignoring data with redundant timestamp for frame odom (parent offset) at time 1075.900000 according to authority unknown_publisher         at line 
277         at line  in /tmp/binarydeb/ros-noetic-tf2-0.7.10/src/buffer_core.cpp277
 in /tmp/binarydeb/ros-noetic-tf2-0.7.10/src/buffer_core.cpp
Warning: Warning: TF_REPEATED_DATA ignoring data with redundant timestamp for frame offset (parent map) at time 1075.900000 according to authority unknown_publisherTF_REPEATED_DATA ignoring data with redundant timestamp for frame odom (parent offset) at time 1075.900000 according to authority unknown_publisher

         at line          at line 277 in 277/tmp/binarydeb/ros-noetic-tf2-0.7.10/src/buffer_core.cpp in 
/tmp/binarydeb/ros-noetic-tf2-0.7.10/src/buffer_core.cpp
Warning: TF_REPEATED_DATA ignoring data with redundant timestamp for frame offset (parent map) at time 1075.900000 according to authority unknown_publisher
         at line 277 in /tmp/binarydeb/ros-noetic-tf2-0.7.10/src/buffer_core.cpp
Warning: TF_REPEATED_DATA ignoring data with redundant timestamp for frame odom (parent offset) at time 1075.900000 according to authority unknown_publisher
         at line 277 in /tmp/binarydeb/ros-noetic-tf2-0.7.10/src/buffer_core.cpp
[WARN] [1787634461.922278035, 1075.900000000]: TF_REPEATED_DATA ignoring data with redundant timestamp for frame odom (parent offset) at time 1075.900000 according to authority unknown_publisher
Warning: TF_REPEATED_DATA ignoring data with redundant timestamp for frame offset (parent map) at time 1075.900000 according to authority unknown_publisher
         at line 277 in /tmp/binarydeb/ros-noetic-tf2-0.7.10/src/buffer_core.cpp
[WARN] [1787634461.922313721, 1075.900000000]: TF_REPEATED_DATA ignoring data with redundant timestamp for frame offset (parent map) at time 1075.900000 according to authority unknown_publisher
concorde /tmp/tmp8auxjua9/problem.tsp
Host: msxg  Current process id: 72448
Using random seed 1787634462
Number of Nodes: 6
Explicit Lengths (CC_MATRIXNORM)
Optimal Solution: 220.00
Total Running Time: 0.00 (seconds)
concorde /tmp/tmpqi2y218k/problem.tsp
Host: msxg  Current process id: 72472
Using random seed 1787634468
Number of Nodes: 6
Explicit Lengths (CC_MATRIXNORM)
Optimal Solution: 220.00
Total Running Time: 0.00 (seconds)
[INFO] [1787634218.035934, 832.100000]: Send new plan: 8 7 6 5 4 3 9 15 16 10 11 35 37 20 19 15(L) 19 23 29 30 24 25 31 32 26 38 36  ---> 12 11(L) 12 13 14 8(L) 14 18 17 21 22 28 34 33 27 26(L) 
[INFO] [1787634224.429720, 838.400000]: Replanning request. curr_vertex_idx: 26
[INFO] [1787634224.430427, 838.400000]:                     covered_vertices: ()
[INFO] [1787634224.431140, 838.400000]: Handle local replanning...
[INFO] [1787634224.431700, 838.400000]: Local path to replan: [36, 12, 11]
Original tsp path is better!
[INFO] [1787634224.442510, 838.500000]: curr path length: 43, is_loop length: 43
[INFO] [1787634224.443641, 838.500000]: Send new plan: 8 7 6 5 4 3 9 15 16 10 11 35 37 20 19 15(L) 19 23 29 30 24 25 31 32 26 38 36  ---> 12 11(L) 12 13 14 8(L) 14 18 17 21 22 28 34 33 27 26(L) 
[INFO] [1787634230.184128, 844.200000]: Replanning request. curr_vertex_idx: 26
[INFO] [1787634230.185008, 844.200000]:                     covered_vertices: ()
[INFO] [1787634230.185794, 844.200000]: Handle local replanning...
[INFO] [1787634230.186388, 844.200000]: Local path to replan: [36, 12, 11]
Original tsp path is better!
[INFO] [1787634230.195965, 844.200000]: curr path length: 43, is_loop length: 43
[INFO] [1787634230.197041, 844.200000]: Send new plan: 8 7 6 5 4 3 9 15 16 10 11 35 37 20 19 15(L) 19 23 29 30 24 25 31 32 26 38 36  ---> 12 11(L) 12 13 14 8(L) 14 18 17 21 22 28 34 33 27 26(L) 
[INFO] [1787634236.187814, 850.200000]: Replanning request. curr_vertex_idx: 26
[INFO] [1787634236.188840, 850.200000]:                     covered_vertices: ()
[INFO] [1787634236.189611, 850.200000]: Handle local replanning...
[INFO] [1787634236.190312, 850.200000]: Local path to replan: [36, 12, 11]
Original tsp path is better!
[INFO] [1787634236.200574, 850.200000]: curr path length: 43, is_loop length: 43
[INFO] [1787634236.201672, 850.200000]: Send new plan: 8 7 6 5 4 3 9 15 16 10 11 35 37 20 19 15(L) 19 23 29 30 24 25 31 32 26 38 36  ---> 12 11(L) 12 13 14 8(L) 14 18 17 21 22 28 34 33 27 26(L) 
[INFO] [1787634241.088494, 855.100000]: Really visited vertices: 8 7 6 5 4 3 9 15 16 10 11 35 37 20 19 15 16 15 19 23 29 30 24 25 31 32 26 38 
[INFO] [1787634242.085901, 856.100000]: Replanning request. curr_vertex_idx: 26
[INFO] [1787634242.086982, 856.100000]:                     covered_vertices: ()
[INFO] [1787634242.087518, 856.100000]: Handle local replanning...
[INFO] [1787634242.088240, 856.100000]: Local path to replan: [36, 12, 11]
Original tsp path is better!
[INFO] [1787634242.098332, 856.100000]: curr path length: 43, is_loop length: 43
[INFO] [1787634242.099451, 856.100000]: Send new plan: 8 7 6 5 4 3 9 15 16 10 11 35 37 20 19 15(L) 19 23 29 30 24 25 31 32 26 38 36  ---> 12 11(L) 12 13 14 8(L) 14 18 17 21 22 28 34 33 27 26(L) 
[INFO] [1787634248.187840, 862.200000]: Replanning request. curr_vertex_idx: 26
[INFO] [1787634248.188746, 862.200000]:                     covered_vertices: ()
[INFO] [1787634248.189300, 862.200000]: Handle local replanning...
[INFO] [1787634248.189946, 862.200000]: Local path to replan: [36, 12, 11]
Original tsp path is better!
[INFO] [1787634248.199995, 862.200000]: curr path length: 43, is_loop length: 43
[INFO] [1787634248.201078, 862.200000]: Send new plan: 8 7 6 5 4 3 9 15 16 10 11 35 37 20 19 15(L) 19 23 29 30 24 25 31 32 26 38 36  ---> 12 11(L) 12 13 14 8(L) 14 18 17 21 22 28 34 33 27 26(L) 
[INFO] [1787634254.416615, 868.400000]: Replanning request. curr_vertex_idx: 26
[INFO] [1787634254.417561, 868.400000]:                     covered_vertices: ()
[INFO] [1787634254.418061, 868.400000]: Handle local replanning...
[INFO] [1787634254.418673, 868.400000]: Local path to replan: [36, 12, 11]
Original tsp path is better!
[INFO] [1787634254.429225, 868.400000]: curr path length: 43, is_loop length: 43
[INFO] [1787634254.430307, 868.400000]: Send new plan: 8 7 6 5 4 3 9 15 16 10 11 35 37 20 19 15(L) 19 23 29 30 24 25 31 32 26 38 36  ---> 12 11(L) 12 13 14 8(L) 14 18 17 21 22 28 34 33 27 26(L) 
[INFO] [1787634260.197760, 874.200000]: Replanning request. curr_vertex_idx: 26
[INFO] [1787634260.198658, 874.200000]:                     covered_vertices: ()
[INFO] [1787634260.199353, 874.200000]: Handle local replanning...
[INFO] [1787634260.200021, 874.200000]: Local path to replan: [36, 12, 11]
Original tsp path is better!
[INFO] [1787634260.210034, 874.200000]: curr path length: 43, is_loop length: 43
[INFO] [1787634260.211019, 874.200000]: Send new plan: 8 7 6 5 4 3 9 15 16 10 11 35 37 20 19 15(L) 19 23 29 30 24 25 31 32 26 38 36  ---> 12 11(L) 12 13 14 8(L) 14 18 17 21 22 28 34 33 27 26(L) 
[INFO] [1787634265.369971, 879.400000]: Really visited vertices: 8 7 6 5 4 3 9 15 16 10 11 35 37 20 19 15 16 15 19 23 29 30 24 25 31 32 26 38 
[INFO] [1787634266.088179, 880.100000]: Replanning request. curr_vertex_idx: 26
[INFO] [1787634266.088952, 880.100000]:                     covered_vertices: ()
[INFO] [1787634266.089513, 880.100000]: Handle local replanning...
[INFO] [1787634266.090004, 880.100000]: Local path to replan: [36, 12, 11]
Original tsp path is better!
[INFO] [1787634266.099973, 880.100000]: curr path length: 43, is_loop length: 43
[INFO] [1787634266.101267, 880.100000]: Send new plan: 8 7 6 5 4 3 9 15 16 10 11 35 37 20 19 15(L) 19 23 29 30 24 25 31 32 26 38 36  ---> 12 11(L) 12 13 14 8(L) 14 18 17 21 22 28 34 33 27 26(L) 
[INFO] [1787634271.007040, 885.000000]: Really visited vertices: 8 7 6 5 4 3 9 15 16 10 11 35 37 20 19 15 16 15 19 23 29 30 24 25 31 32 26 38 36 
[INFO] [1787634272.082984, 886.100000]: PHASE3A_ORACLE_V1 vertex=11 window_poses=17 trace_len_m=14.27 waypoints=31
[INFO] [1787634295.475758, 909.500000]: Really visited vertices: 8 7 6 5 4 3 9 15 16 10 11 35 37 20 19 15 16 15 19 23 29 30 24 25 31 32 26 38 36 
[INFO] [1787634319.813938, 933.800000]: Really visited vertices: 8 7 6 5 4 3 9 15 16 10 11 35 37 20 19 15 16 15 19 23 29 30 24 25 31 32 26 38 36 35 
[INFO] [1787634331.506761, 945.500000]: Really visited vertices: 8 7 6 5 4 3 9 15 16 10 11 35 37 20 19 15 16 15 19 23 29 30 24 25 31 32 26 38 36 35 11 
[INFO] [1787634349.501321, 963.500000]: Really visited vertices: 8 7 6 5 4 3 9 15 16 10 11 35 37 20 19 15 16 15 19 23 29 30 24 25 31 32 26 38 36 35 11 
[INFO] [1787634450.249522, 1064.300000]: Replanning request. curr_vertex_idx: 28
[INFO] [1787634450.250442, 1064.300000]:                     covered_vertices: ()
[INFO] [1787634450.251082, 1064.300000]: curr path length: 43, is_loop length: 43
[INFO] [1787634450.251685, 1064.300000]: Send new plan: 8 7 6 5 4 3 9 15 16 10 11 35 37 20 19 15(L) 19 23 29 30 24 25 31 32 26 38 36 12 11(L)  ---> 12 13 14 8(L) 14 18 17 21 22 28 34 33 27 26(L) 
[INFO] [1787634456.252505, 1070.300000]: Replanning request. curr_vertex_idx: 30
[INFO] [1787634456.253438, 1070.300000]:                     covered_vertices: ()
[INFO] [1787634456.254206, 1070.300000]: Handle local replanning...
[INFO] [1787634456.254837, 1070.300000]: Local path to replan: [13, 14, 8]
Reverse tsp path is better!
[INFO] [1787634456.264837, 1070.300000]: curr path length: 43, is_loop length: 43
[INFO] [1787634456.265876, 1070.300000]: Send new plan: 8 7 6 5 4 3 9 15 16 10 11 35 37 20 19 15(L) 19 23 29 30 24 25 31 32 26 38 36 12 11(L) 12 13  ---> 14 8(L) 14 18 17 21 22 28 34 33 27 26(L) 
[INFO] [1787634462.366451, 1076.400000]: Replanning request. curr_vertex_idx: 30
[INFO] [1787634462.367537, 1076.400000]:                     covered_vertices: ()
[INFO] [1787634462.368323, 1076.400000]: Handle local replanning...
[INFO] [1787634462.369177, 1076.400000]: Local path to replan: [13, 14, 8]
Reverse tsp path is better!
[INFO] [1787634462.383492, 1076.400000]: curr path length: 43, is_loop length: 43
[INFO] [1787634462.385022, 1076.400000]: Send new plan: 8 7 6 5 4 3 9 15 16 10 11 35 37 20 19 15(L) 19 23 29 30 24 25 31 32 26 38 36 12 11(L) 12 13  ---> 14 8(L) 14 18 17 21 22 28 34 33 27 26(L) 
[INFO] [1787634468.233971, 1082.300000]: Replanning request. curr_vertex_idx: 30
[INFO] [1787634468.234988, 1082.300000]:                     covered_vertices: ()
[INFO] [1787634468.235749, 1082.300000]: Handle local replanning...
[INFO] [1787634468.236395, 1082.300000]: Local path to replan: [13, 14, 8]
concorde /tmp/tmp50sencif/problem.tsp
Host: msxg  Current process id: 72496
Using random seed 1787634474
Number of Nodes: 6
Explicit Lengths (CC_MATRIXNORM)
Optimal Solution: 220.00
Total Running Time: 0.00 (seconds)
concorde /tmp/tmpl1_6huah/problem.tsp
Host: msxg  Current process id: 72513
Using random seed 1787634480
Number of Nodes: 6
Explicit Lengths (CC_MATRIXNORM)
Optimal Solution: 220.00
Total Running Time: 0.00 (seconds)
[INFO] [1787634464.427449434, 1078.400000000]: PHASE2C_KEYSCAN_ACCEPTED unique_id=621 state_id=621 sim_time=1078.400000
[INFO] [1787634467.821098343, 1081.800000000]: PHASE2C_KEYSCAN_ACCEPTED unique_id=622 state_id=622 sim_time=1081.700000
[INFO] [1787634471.300707619, 1085.300000000]: PHASE2C_KEYSCAN_ACCEPTED unique_id=623 state_id=623 sim_time=1085.300000
[INFO] [1787634474.686539481, 1088.700000000]: PHASE2C_KEYSCAN_ACCEPTED unique_id=624 state_id=624 sim_time=1088.700000
[INFO] [1787634478.386065418, 1092.400000000]: PHASE2C_KEYSCAN_ACCEPTED unique_id=625 state_id=625 sim_time=1092.400000
[INFO] [1787634482.375851997, 1096.400000000]: PHASE2C_KEYSCAN_ACCEPTED unique_id=626 state_id=626 sim_time=1096.400000
[INFO] [1787634484.589597052, 1098.600000000]: PHASE2C_KEYSCAN_ACCEPTED unique_id=627 state_id=627 sim_time=1098.600000
[INFO] [1787634485.949300111, 1100.000000000]: PHASE2C_KEYSCAN_ACCEPTED unique_id=628 state_id=628 sim_time=1099.900000
Warning: TF_REPEATED_DATA ignoring data with redundant timestamp for frame odom (parent offset) at time 1100.000000 according to authority unknown_publisher
         at line 277 in /tmp/binarydeb/ros-noetic-tf2-0.7.10/src/buffer_core.cpp
Warning: TF_REPEATED_DATA ignoring data with redundant timestamp for frame offset (parent map) at time 1100.000000 according to authority unknown_publisher
         at line 277 in /tmp/binarydeb/ros-noetic-tf2-0.7.10/src/buffer_core.cpp
Warning: TF_REPEATED_DATA ignoring data with redundant timestamp for frame odom (parent offset) at time 1100.000000 according to authority unknown_publisher
         at line 277 in /tmp/binarydeb/ros-noetic-tf2-0.7.10/src/buffer_core.cpp
Warning: TF_REPEATED_DATA ignoring data with redundant timestamp for frame offset (parent map) at time 1100.000000 according to authority unknown_publisher
         at line 277 in /tmp/binarydeb/ros-noetic-tf2-0.7.10/src/buffer_core.cpp
[INFO] [1787634462.365052966, 1076.400000000]: Call local replanning...
[INFO] [1787634468.232610763, 1082.200000000]: Call local replanning...
[INFO] [1787634474.466954519, 1088.500000000]: Call local replanning...
[INFO] [1787634480.448636441, 1094.500000000]: Call local replanning...
Warning: TF_REPEATED_DATA ignoring data with redundant timestamp for frame odom (parent offset) at time 1100.000000 according to authority unknown_publisher
         at line 277 in /tmp/binarydeb/ros-noetic-tf2-0.7.10/src/buffer_core.cpp
Warning: TF_REPEATED_DATA ignoring data with redundant timestamp for frame offset (parent map) at time 1100.000000 according to authority unknown_publisher
         at line 277 in /tmp/binarydeb/ros-noetic-tf2-0.7.10/src/buffer_core.cpp
[WARN] [1787634485.949723922, 1100.000000000]: TF_REPEATED_DATA ignoring data with redundant timestamp for frame odom (parent offset) at time 1100.000000 according to authority unknown_publisher
Warning: TF_REPEATED_DATA ignoring data with redundant timestamp for frame odom (parent offset) at time 1100.000000 according to authority unknown_publisher
         at line 277 in /tmp/binarydeb/ros-noetic-tf2-0.7.10/src/buffer_core.cpp
[WARN] [1787634485.949747553, 1100.000000000]: TF_REPEATED_DATA ignoring data with redundant timestamp for frame offset (parent map) at time 1100.000000 according to authority unknown_publisher
Warning: TF_REPEATED_DATA ignoring data with redundant timestamp for frame offset (parent map) at time 1100.000000 according to authority unknown_publisher
         at line 277 in /tmp/binarydeb/ros-noetic-tf2-0.7.10/src/buffer_core.cpp
concorde /tmp/tmp5lq51y_9/problem.tsp
Host: msxg  Current process id: 72564
Using random seed 1787634486
Number of Nodes: 6
Explicit Lengths (CC_MATRIXNORM)
Optimal Solution: 220.00
Total Running Time: 0.00 (seconds)
[WARN] [1787634486.726708742, 1100.700000000]: Missed desired rate of 1.00Hz! Loop actually took 1.1000 seconds!
concorde /tmp/tmpud2lk3vt/problem.tsp
Host: msxg  Current process id: 72600
Using random seed 1787634492
Number of Nodes: 6
Explicit Lengths (CC_MATRIXNORM)
Optimal Solution: 220.00
Total Running Time: 0.00 (seconds)
[INFO] [1787634487.666044225, 1101.700000000]: PHASE2C_KEYSCAN_ACCEPTED unique_id=629 state_id=629 sim_time=1101.700000
[INFO] [1787634489.876372332, 1103.900000000]: PHASE2C_KEYSCAN_ACCEPTED unique_id=630 state_id=630 sim_time=1103.900000
[INFO] [1787634491.974611925, 1106.000000000]: PHASE2C_KEYSCAN_ACCEPTED unique_id=631 state_id=631 sim_time=1105.700000
[INFO] [1787634493.559493869, 1107.600000000]: PHASE2C_KEYSCAN_ACCEPTED unique_id=632 state_id=632 sim_time=1107.600000
Warning: TF_REPEATED_DATA ignoring data with redundant timestamp for frame odom (parent offset) at time 1111.900000 according to authority unknown_publisher
         at line 277 in /tmp/binarydeb/ros-noetic-tf2-0.7.10/src/buffer_core.cpp[INFO] [1787634486.614604818, 1100.600000000]: Call local replanning...
[INFO] [1787634492.374652089, 1106.400000000]: Call local replanning...

Warning: TF_REPEATED_DATA ignoring data with redundant timestamp for frame odom (parent offset) at time 1111.900000 according to authority unknown_publisherWarning: 
TF_REPEATED_DATA ignoring data with redundant timestamp for frame offset (parent map) at time 1111.900000 according to authority unknown_publisher         at line 
         at line 277277 in  in /tmp/binarydeb/ros-noetic-tf2-0.7.10/src/buffer_core.cpp/tmp/binarydeb/ros-noetic-tf2-0.7.10/src/buffer_core.cpp

Warning: TF_REPEATED_DATA ignoring data with redundant timestamp for frame offset (parent map) at time 1111.900000 according to authority unknown_publisher
         at line 277 in /tmp/binarydeb/ros-noetic-tf2-0.7.10/src/buffer_core.cpp
Warning: TF_REPEATED_DATA ignoring data with redundant timestamp for frame odom (parent offset) at time 1111.900000 according to authority unknown_publisher
         at line 277 in /tmp/binarydeb/ros-noetic-tf2-0.7.10/src/buffer_core.cpp
Warning: TF_REPEATED_DATA ignoring data with redundant timestamp for frame offset (parent map) at time 1111.900000 according to authority unknown_publisher
         at line 277 in /tmp/binarydeb/ros-noetic-tf2-0.7.10/src/buffer_core.cpp
Warning: TF_REPEATED_DATA ignoring data with redundant timestamp for frame odom (parent offset) at time 1111.900000 according to authority unknown_publisher
         at line 277 in /tmp/binarydeb/ros-noetic-tf2-0.7.10/src/buffer_core.cpp
[WARN] [1787634497.922391655, 1111.900000000]: TF_REPEATED_DATA ignoring data with redundant timestamp for frame odom (parent offset) at time 1111.900000 according to authority unknown_publisher
Warning: TF_REPEATED_DATA ignoring data with redundant timestamp for frame offset (parent map) at time 1111.900000 according to authority unknown_publisher
         at line 277 in /tmp/binarydeb/ros-noetic-tf2-0.7.10/src/buffer_core.cpp
[WARN] [1787634497.922413956, 1111.900000000]: TF_REPEATED_DATA ignoring data with redundant timestamp for frame offset (parent map) at time 1111.900000 according to authority unknown_publisher
concorde /tmp/tmpp4ryxbly/problem.tsp
Host: msxg  Current process id: 72621
Using random seed 1787634498
Number of Nodes: 6
Explicit Lengths (CC_MATRIXNORM)
Optimal Solution: 220.00
Total Running Time: 0.00 (seconds)
[WARN] [1787634498.713919830, 1112.700000000]: Missed desired rate of 1.00Hz! Loop actually took 1.1000 seconds!
concorde /tmp/tmpqg13hcpy/problem.tsp
Host: msxg  Current process id: 72646
Using random seed 1787634504
Number of Nodes: 6
Explicit Lengths (CC_MATRIXNORM)
Optimal Solution: 220.00
Total Running Time: 0.00 (seconds)
[INFO] [1787634498.159279368, 1112.200000000]: PHASE2C_KEYSCAN_ACCEPTED unique_id=633 state_id=633 sim_time=1112.200000
[INFO] [1787634503.170888951, 1117.200000000]: PHASE2C_KEYSCAN_ACCEPTED unique_id=634 state_id=634 sim_time=1117.200000
[INFO] [1787634507.977796022, 1122.000000000]: PHASE2C_KEYSCAN_ACCEPTED unique_id=635 state_id=635 sim_time=1122.000000
Warning: TF_REPEATED_DATA ignoring data with redundant timestamp for frame odom (parent offset) at time 1123.900000 according to authority unknown_publisher
         at line 277 in /tmp/binarydeb/ros-noetic-tf2-0.7.10/src/buffer_core.cpp
Warning: TF_REPEATED_DATA ignoring data with redundant timestamp for frame offset (parent map) at time 1123.900000 according to authority unknown_publisher
         at line 277 in /tmp/binarydeb/ros-noetic-tf2-0.7.10/src/buffer_core.cpp
Warning: TF_REPEATED_DATA ignoring data with redundant timestamp for frame odom (parent offset) at time 1123.900000 according to authority unknown_publisher
         at line 277 in /tmp/binarydeb/ros-noetic-tf2-0.7.10/src/buffer_core.cpp
Warning: TF_REPEATED_DATA ignoring data with redundant timestamp for frame offset (parent map) at time 1123.900000 according to authority unknown_publisher
         at line 277 in /tmp/binarydeb/ros-noetic-tf2-0.7.10/src/buffer_core.cpp
Warning: TF_REPEATED_DATA ignoring data with redundant timestamp for frame odom (parent offset) at time 1123.900000 according to authority unknown_publisher
         at line 277 in /tmp/binarydeb/ros-noetic-tf2-0.7.10/src/buffer_core.cpp
Warning: TF_REPEATED_DATA ignoring data with redundant timestamp for frame offset (parent map) at time 1123.900000 according to authority unknown_publisher
         at line 277 in /tmp/binarydeb/ros-noetic-tf2-0.7.10/src/buffer_core.cpp
[WARN] [1787634509.921777662, 1123.900000000]: TF_REPEATED_DATA ignoring data with redundant timestamp for frame odom (parent offset) at time 1123.900000 according to authority unknown_publisher
[INFO] [1787634498.600507446, 1112.600000000]: Call local replanning...
[INFO] [1787634504.311334619, 1118.300000000]: Call local replanning...
Warning: [WARN] [1787634509.921817752, 1123.900000000]: TF_REPEATED_DATA ignoring data with redundant timestamp for frame offset (parent map) at time 1123.900000 according to authority unknown_publisher
TF_REPEATED_DATA ignoring data with redundant timestamp for frame odom (parent offset) at time 1123.900000 according to authority unknown_publisher
         at line 277 in /tmp/binarydeb/ros-noetic-tf2-0.7.10/src/buffer_core.cpp
Warning: TF_REPEATED_DATA ignoring data with redundant timestamp for frame offset (parent map) at time 1123.900000 according to authority unknown_publisher
         at line 277 in /tmp/binarydeb/ros-noetic-tf2-0.7.10/src/buffer_core.cpp
concorde /tmp/tmpz73chm1_/problem.tsp
Host: msxg  Current process id: 72670
Using random seed 1787634510
Number of Nodes: 6
Explicit Lengths (CC_MATRIXNORM)
Optimal Solution: 220.00
Total Running Time: 0.00 (seconds)
[WARN] [1787634510.725006917, 1124.700000000]: Missed desired rate of 1.00Hz! Loop actually took 1.1000 seconds!
concorde /tmp/tmpg4c3ekxk/problem.tsp
Host: msxg  Current process id: 72725
Using random seed 1787634516
Number of Nodes: 6
Explicit Lengths (CC_MATRIXNORM)
Optimal Solution: 220.00
Total Running Time: 0.00 (seconds)
Warning: TF_REPEATED_DATA ignoring data with redundant timestamp for frame odom (parent offset) at time 1135.900000 according to authority unknown_publisher
         at line 277 in /tmp/binarydeb/ros-noetic-tf2-0.7.10/src/buffer_core.cpp
[INFO] [1787634512.869432790, 1126.900000000]: PHASE2C_KEYSCAN_ACCEPTED unique_id=636 state_id=636 sim_time=1126.900000
[INFO] [1787634517.775171869, 1131.800000000]: PHASE2C_KEYSCAN_ACCEPTED unique_id=637 state_id=637 sim_time=1131.800000
Warning: [INFO] [1787634510.604030711, 1124.600000000]: Call local replanning...
[INFO] [1787634516.242794927, 1130.300000000]: Call local replanning...
[WARN] [1787634521.928355853, 1135.900000000]: TF_REPEATED_DATA ignoring data with redundant timestamp for frame odom (parent offset) at time 1135.900000 according to authority unknown_publisher
Warning: TF_REPEATED_DATA ignoring data with redundant timestamp for frame offset (parent map) at time 1135.900000 according to authority unknown_publisherTF_REPEATED_DATA ignoring data with redundant timestamp for frame odom (parent offset) at time 1135.900000 according to authority unknown_publisherWarning: 

TF_REPEATED_DATA ignoring data with redundant timestamp for frame odom (parent offset) at time 1135.900000 according to authority unknown_publisher         at line          at line 
277277         at line [WARN] [1787634521.928393754, 1135.900000000]: TF_REPEATED_DATA ignoring data with redundant timestamp for frame offset (parent map) at time 1135.900000 according to authority unknown_publisher
 in  in 277/tmp/binarydeb/ros-noetic-tf2-0.7.10/src/buffer_core.cpp/tmp/binarydeb/ros-noetic-tf2-0.7.10/src/buffer_core.cpp in 

/tmp/binarydeb/ros-noetic-tf2-0.7.10/src/buffer_core.cpp
Warning: Warning: TF_REPEATED_DATA ignoring data with redundant timestamp for frame offset (parent map) at time 1135.900000 according to authority unknown_publisherTF_REPEATED_DATA ignoring data with redundant timestamp for frame offset (parent map) at time 1135.900000 according to authority unknown_publisher

         at line          at line 277277 in  in /tmp/binarydeb/ros-noetic-tf2-0.7.10/src/buffer_core.cpp/tmp/binarydeb/ros-noetic-tf2-0.7.10/src/buffer_core.cpp
Warning: 
TF_REPEATED_DATA ignoring data with redundant timestamp for frame odom (parent offset) at time 1135.900000 according to authority unknown_publisher
         at line 277 in /tmp/binarydeb/ros-noetic-tf2-0.7.10/src/buffer_core.cpp
Warning: TF_REPEATED_DATA ignoring data with redundant timestamp for frame offset (parent map) at time 1135.900000 according to authority unknown_publisher
         at line 277 in /tmp/binarydeb/ros-noetic-tf2-0.7.10/src/buffer_core.cpp
concorde /tmp/tmplrvpvefc/problem.tsp
Host: msxg  Current process id: 72753
Using random seed 1787634522
Number of Nodes: 6
Explicit Lengths (CC_MATRIXNORM)
Optimal Solution: 220.00
Total Running Time: 0.00 (seconds)
concorde /tmp/tmp8wbj8_bg/problem.tsp
Host: msxg  Current process id: 72794
Using random seed 1787634528
Number of Nodes: 6
Explicit Lengths (CC_MATRIXNORM)
Optimal Solution: 220.00
Total Running Time: 0.00 (seconds)
[WARN] [1787634528.612435741, 1142.600000000]: No frontier at vertex 13. #Frontier: 0
[WARN] [1787634528.710023822, 1142.700000000]: Missed desired rate of 1.00Hz! Loop actually took 1.1000 seconds!
Reverse tsp path is better!
[INFO] [1787634468.246920, 1082.300000]: curr path length: 43, is_loop length: 43
[INFO] [1787634468.247981, 1082.300000]: Send new plan: 8 7 6 5 4 3 9 15 16 10 11 35 37 20 19 15(L) 19 23 29 30 24 25 31 32 26 38 36 12 11(L) 12 13  ---> 14 8(L) 14 18 17 21 22 28 34 33 27 26(L) 
[INFO] [1787634474.468423, 1088.500000]: Replanning request. curr_vertex_idx: 30
[INFO] [1787634474.469401, 1088.500000]:                     covered_vertices: ()
[INFO] [1787634474.470087, 1088.500000]: Handle local replanning...
[INFO] [1787634474.470675, 1088.500000]: Local path to replan: [13, 14, 8]
Reverse tsp path is better!
[INFO] [1787634474.479764, 1088.500000]: curr path length: 43, is_loop length: 43
[INFO] [1787634474.480734, 1088.500000]: Send new plan: 8 7 6 5 4 3 9 15 16 10 11 35 37 20 19 15(L) 19 23 29 30 24 25 31 32 26 38 36 12 11(L) 12 13  ---> 14 8(L) 14 18 17 21 22 28 34 33 27 26(L) 
[INFO] [1787634480.450047, 1094.500000]: Replanning request. curr_vertex_idx: 30
[INFO] [1787634480.450956, 1094.500000]:                     covered_vertices: ()
[INFO] [1787634480.451796, 1094.500000]: Handle local replanning...
[INFO] [1787634480.452237, 1094.500000]: Local path to replan: [13, 14, 8]
Reverse tsp path is better!
[INFO] [1787634480.462235, 1094.500000]: curr path length: 43, is_loop length: 43
[INFO] [1787634480.463699, 1094.500000]: Send new plan: 8 7 6 5 4 3 9 15 16 10 11 35 37 20 19 15(L) 19 23 29 30 24 25 31 32 26 38 36 12 11(L) 12 13  ---> 14 8(L) 14 18 17 21 22 28 34 33 27 26(L) 
[INFO] [1787634486.616054, 1100.600000]: Replanning request. curr_vertex_idx: 30
[INFO] [1787634486.616925, 1100.600000]:                     covered_vertices: ()
[INFO] [1787634486.617595, 1100.600000]: Handle local replanning...
[INFO] [1787634486.618207, 1100.600000]: Local path to replan: [13, 14, 8]
Reverse tsp path is better!
[INFO] [1787634486.628286, 1100.600000]: curr path length: 43, is_loop length: 43
[INFO] [1787634486.629391, 1100.600000]: Send new plan: 8 7 6 5 4 3 9 15 16 10 11 35 37 20 19 15(L) 19 23 29 30 24 25 31 32 26 38 36 12 11(L) 12 13  ---> 14 8(L) 14 18 17 21 22 28 34 33 27 26(L) 
[INFO] [1787634492.375971, 1106.400000]: Replanning request. curr_vertex_idx: 30
[INFO] [1787634492.377005, 1106.400000]:                     covered_vertices: ()
[INFO] [1787634492.377723, 1106.400000]: Handle local replanning...
[INFO] [1787634492.378422, 1106.400000]: Local path to replan: [13, 14, 8]
Reverse tsp path is better!
[INFO] [1787634492.388800, 1106.400000]: curr path length: 43, is_loop length: 43
[INFO] [1787634492.389962, 1106.400000]: Send new plan: 8 7 6 5 4 3 9 15 16 10 11 35 37 20 19 15(L) 19 23 29 30 24 25 31 32 26 38 36 12 11(L) 12 13  ---> 14 8(L) 14 18 17 21 22 28 34 33 27 26(L) 
[INFO] [1787634498.601779, 1112.600000]: Replanning request. curr_vertex_idx: 30
[INFO] [1787634498.602619, 1112.600000]:                     covered_vertices: ()
[INFO] [1787634498.603160, 1112.600000]: Handle local replanning...
[INFO] [1787634498.603777, 1112.600000]: Local path to replan: [13, 14, 8]
Reverse tsp path is better!
[INFO] [1787634498.615390, 1112.600000]: curr path length: 43, is_loop length: 43
[INFO] [1787634498.616971, 1112.600000]: Send new plan: 8 7 6 5 4 3 9 15 16 10 11 35 37 20 19 15(L) 19 23 29 30 24 25 31 32 26 38 36 12 11(L) 12 13  ---> 14 8(L) 14 18 17 21 22 28 34 33 27 26(L) 
[INFO] [1787634503.322024, 1117.300000]: Really visited vertices: 8 7 6 5 4 3 9 15 16 10 11 35 37 20 19 15 16 15 19 23 29 30 24 25 31 32 26 38 36 35 11 10 11 35 11 35 11 12 
[INFO] [1787634504.312666, 1118.300000]: Replanning request. curr_vertex_idx: 30
[INFO] [1787634504.313735, 1118.300000]:                     covered_vertices: ()
[INFO] [1787634504.314357, 1118.300000]: Handle local replanning...
[INFO] [1787634504.315000, 1118.300000]: Local path to replan: [13, 14, 8]
Reverse tsp path is better!
[INFO] [1787634504.324976, 1118.300000]: curr path length: 43, is_loop length: 43
[INFO] [1787634504.325851, 1118.300000]: Send new plan: 8 7 6 5 4 3 9 15 16 10 11 35 37 20 19 15(L) 19 23 29 30 24 25 31 32 26 38 36 12 11(L) 12 13  ---> 14 8(L) 14 18 17 21 22 28 34 33 27 26(L) 
[INFO] [1787634510.605551, 1124.600000]: Replanning request. curr_vertex_idx: 30
[INFO] [1787634510.606834, 1124.600000]:                     covered_vertices: ()
[INFO] [1787634510.607823, 1124.600000]: Handle local replanning...
[INFO] [1787634510.608704, 1124.600000]: Local path to replan: [13, 14, 8]
Reverse tsp path is better!
[INFO] [1787634510.623388, 1124.600000]: curr path length: 43, is_loop length: 43
[INFO] [1787634510.624991, 1124.600000]: Send new plan: 8 7 6 5 4 3 9 15 16 10 11 35 37 20 19 15(L) 19 23 29 30 24 25 31 32 26 38 36 12 11(L) 12 13  ---> 14 8(L) 14 18 17 21 22 28 34 33 27 26(L) 
[INFO] [1787634516.243881, 1130.300000]: Replanning request. curr_vertex_idx: 30
[INFO] [1787634516.244684, 1130.300000]:                     covered_vertices: ()
[INFO] [1787634516.245322, 1130.300000]: Handle local replanning...
[INFO] [1787634516.245895, 1130.300000]: Local path to replan: [13, 14, 8]
Reverse tsp path is better!
[INFO] [1787634516.256816, 1130.300000]: curr path length: 43, is_loop length: 43
[INFO] [1787634516.258208, 1130.300000]: Send new plan: 8 7 6 5 4 3 9 15 16 10 11 35 37 20 19 15(L) 19 23 29 30 24 25 31 32 26 38 36 12 11(L) 12 13  ---> 14 8(L) 14 18 17 21 22 28 34 33 27 26(L) 
[INFO] [1787634522.378401, 1136.400000]: Replanning request. curr_vertex_idx: 30
[INFO] [1787634522.379657, 1136.400000]:                     covered_vertices: ()
[INFO] [1787634522.380324, 1136.400000]: Handle local replanning...
[INFO] [1787634522.380952, 1136.400000]: Local path to replan: [13, 14, 8]
Reverse tsp path is better!
[INFO] [1787634522.395620, 1136.400000]: curr path length: 43, is_loop length: 43
[INFO] [1787634522.397310, 1136.400000]: Send new plan: 8 7 6 5 4 3 9 15 16 10 11 35 37 20 19 15(L) 19 23 29 30 24 25 31 32 26 38 36 12 11(L) 12 13  ---> 14 8(L) 14 18 17 21 22 28 34 33 27 26(L) 
[INFO] [1787634528.597717, 1142.600000]: Replanning request. curr_vertex_idx: 30
[INFO] [1787634528.598615, 1142.600000]:                     covered_vertices: ()
[INFO] [1787634528.599376, 1142.600000]: Handle local replanning...
[INFO] [1787634528.599972, 1142.600000]: Local path to replan: [13, 14, 8]
Reverse tsp path is better!
[INFO] [1787634528.610329, 1142.600000]: curr path length: 43, is_loop length: 43
[INFO] [1787634528.611473, 1142.600000]: Send new plan: 8 7 6 5 4 3 9 15 16 10 11 35 37 20 19 15(L) 19 23 29 30 24 25 31 32 26 38 36 12 11(L) 12 13  ---> 14 8(L) 14 18 17 21 22 28 34 33 27 26(L) 
[INFO] [1787634533.134698, 1147.100000]: Really visited vertices: 8 7 6 5 4 3 9 15 16 10 11 35 37 20 19 15 16 15 19 23 29 30 24 25 31 32 26 38 36 35 11 10 11 35 11 35 11 12 13 
[INFO] [1787634534.100602, 1148.100000]: Replanning request. curr_vertex_idx: 31
[INFO] [1787634534.101795, 1148.100000]:                     covered_vertices: ()
[INFO] [1787634534.102869, 1148.100000]: Handle local replanning...
[INFO] [1787634534.103813, 1148.100000]: Local path to replan: [14, 8]
[INFO] [1787634534.104463, 1148.100000]: curr path length: 43, is_loop length: 43
[INFO] [1787634534.105395, 1148.100000]: Send new plan: 8 7 6 5 4 3 9 15 16 10 11 35 37 20 19 15(L) 19 23 29 30 24 25 31 32 26 38 36 12 11(L) 12 13 14  ---> 8(L) 14 18 17 21 22 28 34 33 27 26(L) 
[INFO] [1787634540.262412, 1154.300000]: Replanning request. curr_vertex_idx: 31
[INFO] [1787634540.263427, 1154.300000]:                     covered_vertices: ()
[INFO] [1787634540.264090, 1154.300000]: Handle local replanning...
[INFO] [1787634540.264853, 1154.300000]: Local path to replan: [14, 8]
[INFO] [1787634540.265502, 1154.300000]: curr path length: 43, is_loop length: 43
[INFO] [1787634540.266195, 1154.300000]: Send new plan: 8 7 6 5 4 3 9 15 16 10 11 35 37 20 19 15(L) 19 23 29 30 24 25 31 32 26 38 36 12 11(L) 12 13 14  ---> 8(L) 14 18 17 21 22 28 34 33 27 26(L) 
[INFO] [1787634545.002239, 1159.000000]: Really visited vertices: 8 7 6 5 4 3 9 15 16 10 11 35 37 20 19 15 16 15 19 23 29 30 24 25 31 32 26 38 36 35 11 10 11 35 11 35 11 12 13 
[WARN] [1787634546.098515327, 1160.100000000]: No frontier at vertex 14. #Frontier: 0
[INFO] [1787634522.359890799, 1136.400000000]: PHASE2C_KEYSCAN_ACCEPTED unique_id=638 state_id=638 sim_time=1136.400000
[INFO] [1787634523.757618146, 1137.800000000]: PHASE2C_KEYSCAN_ACCEPTED unique_id=639 state_id=639 sim_time=1137.800000
[INFO] [1787634525.074938791, 1139.100000000]: PHASE2C_KEYSCAN_ACCEPTED unique_id=640 state_id=640 sim_time=1139.100000
[INFO] [1787634526.455561082, 1140.500000000]: PHASE2C_KEYSCAN_ACCEPTED unique_id=641 state_id=641 sim_time=1140.500000
[INFO] [1787634527.972654991, 1142.000000000]: PHASE2C_KEYSCAN_ACCEPTED unique_id=642 state_id=642 sim_time=1141.700000
[INFO] [1787634528.956996794, 1143.000000000]: PHASE2C_KEYSCAN_ACCEPTED unique_id=643 state_id=643 sim_time=1143.000000
[INFO] [1787634530.358825959, 1144.400000000]: PHASE2C_KEYSCAN_ACCEPTED unique_id=644 state_id=644 sim_time=1144.400000
[INFO] [1787634531.552626597, 1145.600000000]: PHASE2C_KEYSCAN_ACCEPTED unique_id=645 state_id=645 sim_time=1145.600000
[INFO] [1787634532.970597038, 1147.000000000]: PHASE2C_KEYSCAN_ACCEPTED unique_id=646 state_id=646 sim_time=1147.000000
[INFO] [1787634534.246396691, 1148.300000000]: PHASE2C_KEYSCAN_ACCEPTED unique_id=647 state_id=647 sim_time=1148.300000
[INFO] [1787634535.567659956, 1149.600000000]: PHASE2C_KEYSCAN_ACCEPTED unique_id=648 state_id=648 sim_time=1149.600000
[INFO] [1787634536.958961411, 1151.000000000]: PHASE2C_KEYSCAN_ACCEPTED unique_id=649 state_id=649 sim_time=1151.000000
[INFO] [1787634538.268966881, 1152.300000000]: PHASE2C_KEYSCAN_ACCEPTED unique_id=650 state_id=650 sim_time=1152.300000
[INFO] [1787634539.803105637, 1153.800000000]: PHASE2C_KEYSCAN_ACCEPTED unique_id=651 state_id=651 sim_time=1153.700000
[INFO] [1787634540.970689636, 1155.000000000]: PHASE2C_KEYSCAN_ACCEPTED unique_id=652 state_id=652 sim_time=1155.000000
[INFO] [1787634542.250558790, 1156.300000000]: PHASE2C_KEYSCAN_ACCEPTED unique_id=653 state_id=653 sim_time=1156.300000
[INFO] [1787634543.657844662, 1157.700000000]: PHASE2C_KEYSCAN_ACCEPTED unique_id=654 state_id=654 sim_time=1157.700000
[INFO] [1787634544.844626727, 1158.900000000]: PHASE2C_KEYSCAN_ACCEPTED unique_id=655 state_id=655 sim_time=1158.900000
[INFO] [1787634546.167012394, 1160.200000000]: PHASE2C_KEYSCAN_ACCEPTED unique_id=656 state_id=656 sim_time=1160.200000
[INFO] [1787634547.549664956, 1161.600000000]: PHASE2C_KEYSCAN_ACCEPTED unique_id=657 state_id=657 sim_time=1161.600000
[INFO] [1787634548.971774809, 1163.000000000]: PHASE2C_KEYSCAN_ACCEPTED unique_id=658 state_id=658 sim_time=1163.000000
[INFO] [1787634550.240521349, 1164.300000000]: PHASE2C_KEYSCAN_ACCEPTED unique_id=659 state_id=659 sim_time=1164.300000
[INFO] [1787634551.569421148, 1165.600000000]: PHASE2C_KEYSCAN_ACCEPTED unique_id=660 state_id=660 sim_time=1165.600000
[INFO] [1787634558.675116423, 1172.700000000]: PHASE2C_KEYSCAN_ACCEPTED unique_id=661 state_id=661 sim_time=1172.700000
[INFO] [1787634559.755938549, 1173.800000000]: PHASE2C_KEYSCAN_ACCEPTED unique_id=662 state_id=662 sim_time=1173.800000
[INFO] [1787634561.069940614, 1175.100000000]: PHASE2C_KEYSCAN_ACCEPTED unique_id=663 state_id=663 sim_time=1175.100000
[INFO] [1787634562.459831967, 1176.500000000]: PHASE2C_KEYSCAN_ACCEPTED unique_id=664 state_id=664 sim_time=1176.500000
[INFO] [1787634563.855348761, 1177.900000000]: PHASE2C_KEYSCAN_ACCEPTED unique_id=665 state_id=665 sim_time=1177.900000
[INFO] [1787634565.049229141, 1179.100000000]: PHASE2C_KEYSCAN_ACCEPTED unique_id=666 state_id=666 sim_time=1179.100000
[INFO] [1787634566.474637119, 1180.500000000]: PHASE2C_KEYSCAN_ACCEPTED unique_id=667 state_id=667 sim_time=1180.500000
[INFO] [1787634567.749231441, 1181.800000000]: PHASE2C_KEYSCAN_ACCEPTED unique_id=668 state_id=668 sim_time=1181.800000
[INFO] [1787634569.054992227, 1183.100000000]: PHASE2C_KEYSCAN_ACCEPTED unique_id=669 state_id=669 sim_time=1183.100000
[INFO] [1787634571.466592925, 1185.500000000]: PHASE2C_KEYSCAN_ACCEPTED unique_id=670 state_id=670 sim_time=1185.500000
[INFO] [1787634572.150728906, 1186.200000000]: PHASE2C_KEYSCAN_ACCEPTED unique_id=671 state_id=671 sim_time=1186.200000
[INFO] [1787634572.845724306, 1186.900000000]: PHASE2C_KEYSCAN_ACCEPTED unique_id=672 state_id=672 sim_time=1186.900000
[INFO] [1787634573.464573061, 1187.500000000]: PHASE2C_KEYSCAN_ACCEPTED unique_id=673 state_id=673 sim_time=1187.500000
[INFO] [1787634574.149446797, 1188.200000000]: PHASE2C_KEYSCAN_ACCEPTED unique_id=674 state_id=674 sim_time=1188.200000
Warning: TF_REPEATED_DATA ignoring data with redundant timestamp for frame odom (parent offset) at time 1188.900000 according to authority unknown_publisher
         at line 277 in /tmp/binarydeb/ros-noetic-tf2-0.7.10/src/buffer_core.cpp
Warning: TF_REPEATED_DATA ignoring data with redundant timestamp for frame offset (parent map) at time 1188.900000 according to authority unknown_publisher
         at line 277 in /tmp/binarydeb/ros-noetic-tf2-0.7.10/src/buffer_core.cpp
Warning: [INFO] [1787634522.376961823, 1136.400000000]: Call local replanning...
[INFO] [1787634528.596430505, 1142.600000000]: Call local replanning...
[INFO] [1787634528.612408138, 1142.600000000]: Reach vertex 13
[INFO] [1787634528.612474854, 1142.600000000]: Set newGoal 14
[INFO] [1787634534.099253400, 1148.100000000]: Call local replanning...
[INFO] [1787634540.261364849, 1154.300000000]: Call local replanning...
[INFO] [1787634546.091941638, 1160.100000000]: Call local replanning...
[INFO] [1787634546.098502157, 1160.100000000]: Reach vertex 14
[INFO] [1787634546.098537762, 1160.100000000]: Set newGoal 8
[INFO] [1787634552.403831768, 1166.400000000]: Next target is loop vertex 8(L)
[INFO] [1787634552.406356050, 1166.400000000]: Set reliable loop closing path from reliable_loop_service.
[INFO] [1787634552.406396115, 1166.400000000]: PHASE2_LOOP_PLANNED vertex=8 source=reliable_loop_service waypoints=10 path=0.200000003,0;0.592408597,-0.0664642453;0.984817147,-0.132928491;0.88527,-0.196674287;0.767116666,-0.193077445;0.671631455,-0.123394445;0.632362723,-0.0119768213;0.67399621,0.11871089;0.770723164,0.186659724;0.888922155,0.188124165
[INFO] [1787634552.406421639, 1166.400000000]: Exploration is waiting.
[INFO] [1787634558.088248465, 1172.100000000]: PHASE2_LOOP_EXECUTION_STARTED vertex=8 waypoints=10
[INFO] [1787634571.261199511, 1185.300000000]: PHASE2_LOOP_WAYPOINT_REACHED vertex=8 waypoint=0
TF_REPEATED_DATA ignoring data with redundant timestamp for frame odom (parent offset) at time 1188.900000 according to authority unknown_publisherWarning: 
TF_REPEATED_DATA ignoring data with redundant timestamp for frame odom (parent offset) at time 1188.900000 according to authority unknown_publisher         at line 
         at line 277277 in  in /tmp/binarydeb/ros-noetic-tf2-0.7.10/src/buffer_core.cpp/tmp/binarydeb/ros-noetic-tf2-0.7.10/src/buffer_core.cpp

Warning: TF_REPEATED_DATA ignoring data with redundant timestamp for frame offset (parent map) at time 1188.900000 according to authority unknown_publisher
         at line 277Warning:  in TF_REPEATED_DATA ignoring data with redundant timestamp for frame offset (parent map) at time 1188.900000 according to authority unknown_publisher/tmp/binarydeb/ros-noetic-tf2-0.7.10/src/buffer_core.cpp

         at line 277 in /tmp/binarydeb/ros-noetic-tf2-0.7.10/src/buffer_core.cpp
[WARN] [1787634574.850007116, 1188.900000000]: TF_REPEATED_DATA ignoring data with redundant timestamp for frame odom (parent offset) at time 1188.900000 according to authority unknown_publisher
[WARN] [1787634574.850034963, 1188.900000000]: TF_REPEATED_DATA ignoring data with redundant timestamp for frame offset (parent map) at time 1188.900000 according to authority unknown_publisher
Warning: TF_REPEATED_DATA ignoring data with redundant timestamp for frame odom (parent offset) at time 1188.900000 according to authority unknown_publisher
         at line 277 in /tmp/binarydeb/ros-noetic-tf2-0.7.10/src/buffer_core.cpp
Warning: TF_REPEATED_DATA ignoring data with redundant timestamp for frame offset (parent map) at time 1188.900000 according to authority unknown_publisher
         at line 277 in /tmp/binarydeb/ros-noetic-tf2-0.7.10/src/buffer_core.cpp
[WARN] [1787634591.744792181, 1205.800000000]: Missed desired rate of 1.00Hz! Loop actually took 1.2000 seconds!
[WARN] [1787634597.748159100, 1211.800000000]: Missed desired rate of 1.00Hz! Loop actually took 1.2000 seconds!
concorde /tmp/tmpkswgktfi/problem.tsp
Host: msxg  Current process id: 73337
Using random seed 1787634605
Number of Nodes: 18
Explicit Lengths (CC_MATRIXNORM)
Set initial upperbound to 651 (from tour)
ERROR: No dual change in basis finding code
Did not find a basic optimal solution
Fractional matching routine failed
Warning: restarting running timer Miscellaneous
No warmstart, stumbling on anyway
Basic dual change required, but no candidate edges
  LP Value  1: 651.000000  (0.00 seconds)
New lower bound: 651.000000
Final lower bound 651.000000, upper bound 651.000000
Exact lower bound: 651.000000
DIFF: 0.000000
Final LP has 18 rows, 29 columns, 58 nonzeros
Optimal Solution: 651.00
Number of bbnodes: 1
Total Running Time: 0.00 (seconds)
concorde /tmp/tmp7ygar3yw/problem.tsp
Host: msxg  Current process id: 73368
Using random seed 1787634611
Number of Nodes: 18
Explicit Lengths (CC_MATRIXNORM)
Set initial upperbound to 651 (from tour)
ERROR: No dual change in basis finding code
Did not find a basic optimal solution
Fractional matching routine failed
Warning: restarting running timer Miscellaneous
No warmstart, stumbling on anyway
Basic dual change required, but no candidate edges
recomputing rownorms ...
  LP Value  1: 651.000000  (0.00 seconds)
New lower bound: 651.000000
Final lower bound 651.000000, upper bound 651.000000
Exact lower bound: 651.000000
DIFF: 0.000000
Final LP has 18 rows, 31 columns, 62 nonzeros
Optimal Solution: 651.00
Number of bbnodes: 1
Total Running Time: 0.00 (seconds)
Warning: [INFO] [1787634575.474873094, 1189.500000000]: PHASE2C_KEYSCAN_ACCEPTED unique_id=675 state_id=675 sim_time=1189.500000
[INFO] [1787634576.948687952, 1191.000000000]: PHASE2C_KEYSCAN_ACCEPTED unique_id=676 state_id=676 sim_time=1191.000000
[INFO] [1787634578.169222706, 1192.200000000]: PHASE2C_KEYSCAN_ACCEPTED unique_id=677 state_id=677 sim_time=1192.200000
[INFO] [1787634579.060231728, 1193.100000000]: PHASE2C_KEYSCAN_ACCEPTED unique_id=678 state_id=678 sim_time=1193.100000
[INFO] [1787634579.665618294, 1193.700000000]: PHASE2C_KEYSCAN_ACCEPTED unique_id=679 state_id=679 sim_time=1193.700000
[INFO] [1787634580.397357810, 1194.400000000]: PHASE2C_KEYSCAN_ACCEPTED unique_id=680 state_id=680 sim_time=1194.400000
[INFO] [1787634580.962898181, 1195.000000000]: PHASE2C_KEYSCAN_ACCEPTED unique_id=681 state_id=681 sim_time=1194.800000
[INFO] [1787634581.754798530, 1195.800000000]: PHASE2C_KEYSCAN_ACCEPTED unique_id=682 state_id=682 sim_time=1195.800000
[INFO] [1787634583.199387538, 1197.200000000]: PHASE2C_KEYSCAN_ACCEPTED unique_id=683 state_id=683 sim_time=1197.200000
[INFO] [1787634584.558482057, 1198.600000000]: PHASE2C_KEYSCAN_ACCEPTED unique_id=684 state_id=684 sim_time=1198.600000
[INFO] [1787634585.298698562, 1199.300000000]: PHASE2C_KEYSCAN_ACCEPTED unique_id=685 state_id=685 sim_time=1199.300000
[INFO] [1787634585.975879416, 1200.000000000]: PHASE2C_KEYSCAN_ACCEPTED unique_id=686 state_id=686 sim_time=1200.000000
[INFO] [1787634586.562112034, 1200.600000000]: PHASE2C_KEYSCAN_ACCEPTED unique_id=687 state_id=687 sim_time=1200.600000
[INFO] [1787634587.402266426, 1201.400000000]: PHASE2C_KEYSCAN_ACCEPTED unique_id=688 state_id=688 sim_time=1201.400000
[INFO] [1787634588.178696316, 1202.200000000]: PHASE2C_KEYSCAN_ACCEPTED unique_id=689 state_id=689 sim_time=1202.200000
[INFO] [1787634589.930004051, 1203.900000000]: PHASE2C_KEYSCAN_ACCEPTED unique_id=690 state_id=690 sim_time=1203.900000
[INFO] [1787634590.993257744, 1205.000000000]: PHASE2C_KEYSCAN_ACCEPTED unique_id=691 state_id=691 sim_time=1204.700000
[INFO] [1787634591.560693921, 1205.600000000]: PHASE2C_KEYSCAN_ACCEPTED unique_id=692 state_id=692 sim_time=1205.600000
[INFO] [1787634592.610014847, 1206.600000000]: PHASE2C_KEYSCAN_ACCEPTED unique_id=693 state_id=693 sim_time=1206.600000
[INFO] [1787634594.070954168, 1208.100000000]: PHASE2C_KEYSCAN_ACCEPTED unique_id=694 state_id=694 sim_time=1208.100000
[INFO] [1787634595.005464169, 1209.000000000]: PHASE2C_KEYSCAN_ACCEPTED unique_id=695 state_id=695 sim_time=1209.000000
[INFO] [1787634595.766784703, 1209.800000000]: PHASE2C_KEYSCAN_ACCEPTED unique_id=696 state_id=696 sim_time=1209.800000
[INFO] [1787634597.062829047, 1211.100000000]: PHASE2C_KEYSCAN_ACCEPTED unique_id=697 state_id=697 sim_time=1210.700000
[INFO] [1787634597.467812774, 1211.500000000]: PHASE2C_KEYSCAN_ACCEPTED unique_id=698 state_id=698 sim_time=1211.500000
[INFO] [1787634598.829112481, 1212.800000000]: PHASE2C_KEYSCAN_ACCEPTED unique_id=699 state_id=699 sim_time=1212.700000
[INFO] [1787634600.609887696, 1214.600000000]: PHASE2C_KEYSCAN_ACCEPTED unique_id=700 state_id=700 sim_time=1214.600000
[INFO] [1787634601.873277581, 1215.900000000]: PHASE2C_KEYSCAN_ACCEPTED unique_id=701 state_id=701 sim_time=1215.900000
[INFO] [1787634603.319068286, 1217.300000000]: PHASE2C_KEYSCAN_ACCEPTED unique_id=702 state_id=702 sim_time=1217.300000
[INFO] [1787634604.831032570, 1218.800000000]: PHASE2C_KEYSCAN_ACCEPTED unique_id=703 state_id=703 sim_time=1218.700000
[INFO] [1787634606.221005339, 1220.200000000]: PHASE2C_KEYSCAN_ACCEPTED unique_id=704 state_id=704 sim_time=1220.200000
[INFO] [1787634608.468670827, 1222.500000000]: PHASE2C_KEYSCAN_ACCEPTED unique_id=705 state_id=705 sim_time=1222.400000
[INFO] [1787634612.287705649, 1226.300000000]: PHASE2C_KEYSCAN_ACCEPTED unique_id=706 state_id=706 sim_time=1226.300000
[INFO] [1787634616.846946295, 1230.900000000]: PHASE2C_KEYSCAN_ACCEPTED unique_id=707 state_id=707 sim_time=1230.700000
[INFO] [1787634575.316337611, 1189.300000000]: PHASE2_LOOP_WAYPOINT_REACHED vertex=8 waypoint=1
[INFO] [1787634577.262339208, 1191.300000000]: PHASE2_LOOP_WAYPOINT_REACHED vertex=8 waypoint=2
[INFO] [1787634583.397935622, 1197.400000000]: PHASE2_LOOP_WAYPOINT_REACHED vertex=8 waypoint=3
[INFO] [1787634589.258604963, 1203.300000000]: PHASE2_LOOP_WAYPOINT_REACHED vertex=8 waypoint=4
[INFO] [1787634591.646281483, 1205.700000000]: PHASE2_LOOP_WAYPOINT_REACHED vertex=8 waypoint=5
[INFO] [1787634593.470561848, 1207.500000000]: PHASE2_LOOP_WAYPOINT_REACHED vertex=8 waypoint=6
[INFO] [1787634595.268798942, 1209.300000000]: PHASE2_LOOP_WAYPOINT_REACHED vertex=8 waypoint=7
[INFO] [1787634597.649288535, 1211.700000000]: PHASE2_LOOP_WAYPOINT_REACHED vertex=8 waypoint=8
[INFO] [1787634599.254847407, 1213.300000000]: PHASE2_LOOP_WAYPOINT_REACHED vertex=8 waypoint=9
[INFO] [1787634599.254870426, 1213.300000000]: PHASE2_LOOP_EXECUTION_FINISHED vertex=8 waypoints=10
[INFO] [1787634599.259563635, 1213.300000000]: Skip repeated visit to vertex 14
[INFO] [1787634599.259580624, 1213.300000000]: Set newGoal 18
[INFO] [1787634605.501996402, 1219.500000000]: Call local replanning...
[INFO] [1787634611.470168346, 1225.500000000]: Call local replanning...
TF_REPEATED_DATA ignoring data with redundant timestamp for frame odom (parent offset) at time 1230.900000 according to authority unknown_publisherWarning: Warning: 
TF_REPEATED_DATA ignoring data with redundant timestamp for frame odom (parent offset) at time 1230.900000 according to authority unknown_publisher         at line TF_REPEATED_DATA ignoring data with redundant timestamp for frame odom (parent offset) at time 1230.900000 according to authority unknown_publisher277

 in          at line          at line /tmp/binarydeb/ros-noetic-tf2-0.7.10/src/buffer_core.cpp277
277 in  in /tmp/binarydeb/ros-noetic-tf2-0.7.10/src/buffer_core.cppWarning: /tmp/binarydeb/ros-noetic-tf2-0.7.10/src/buffer_core.cpp
TF_REPEATED_DATA ignoring data with redundant timestamp for frame offset (parent map) at time 1230.900000 according to authority unknown_publisher

         at line Warning: 277TF_REPEATED_DATA ignoring data with redundant timestamp for frame offset (parent map) at time 1230.900000 according to authority unknown_publisher in 
/tmp/binarydeb/ros-noetic-tf2-0.7.10/src/buffer_core.cpp         at line Warning: 
277TF_REPEATED_DATA ignoring data with redundant timestamp for frame offset (parent map) at time 1230.900000 according to authority unknown_publisher[WARN] [1787634616.847370139, 1230.900000000]: TF_REPEATED_DATA ignoring data with redundant timestamp for frame odom (parent offset) at time 1230.900000 according to authority unknown_publisher
Warning:  in 
TF_REPEATED_DATA ignoring data with redundant timestamp for frame odom (parent offset) at time 1230.900000 according to authority unknown_publisher/tmp/binarydeb/ros-noetic-tf2-0.7.10/src/buffer_core.cpp         at line 

277         at line  in 277/tmp/binarydeb/ros-noetic-tf2-0.7.10/src/buffer_core.cpp in 
/tmp/binarydeb/ros-noetic-tf2-0.7.10/src/buffer_core.cpp
[WARN] [1787634616.847404344, 1230.900000000]: TF_REPEATED_DATA ignoring data with redundant timestamp for frame offset (parent map) at time 1230.900000 according to authority unknown_publisher
Warning: TF_REPEATED_DATA ignoring data with redundant timestamp for frame offset (parent map) at time 1230.900000 according to authority unknown_publisher
         at line 277 in /tmp/binarydeb/ros-noetic-tf2-0.7.10/src/buffer_core.cpp
concorde /tmp/tmpubhokmtn/problem.tsp
Host: msxg  Current process id: 73381
Using random seed 1787634617
Number of Nodes: 18
Explicit Lengths (CC_MATRIXNORM)
Set initial upperbound to 651 (from tour)
ERROR: No dual change in basis finding code
Did not find a basic optimal solution
Fractional matching routine failed
Warning: restarting running timer Miscellaneous
No warmstart, stumbling on anyway
Basic dual change required, but no candidate edges
  LP Value  1: 651.000000  (0.00 seconds)
New lower bound: 651.000000
Final lower bound 651.000000, upper bound 651.000000
Exact lower bound: 651.000000
DIFF: 0.000000
Final LP has 18 rows, 24 columns, 48 nonzeros
Optimal Solution: 651.00
Number of bbnodes: 1
Total Running Time: 0.00 (seconds)
concorde /tmp/tmpoyidew_7/problem.tsp
Host: msxg  Current process id: 73407
Using random seed 1787634623
Number of Nodes: 18
Explicit Lengths (CC_MATRIXNORM)
Set initial upperbound to 651 (from tour)
ERROR: No dual change in basis finding code
Did not find a basic optimal solution
Fractional matching routine failed
Warning: restarting running timer Miscellaneous
No warmstart, stumbling on anyway
Basic dual change required, but no candidate edges
  LP Value  1: 651.000000  (0.00 seconds)
New lower bound: 651.000000
Final lower bound 651.000000, upper bound 651.000000
Exact lower bound: 651.000000
DIFF: 0.000000
Final LP has 18 rows, 24 columns, 48 nonzeros
Optimal Solution: 651.00
Number of bbnodes: 1
Total Running Time: 0.00 (seconds)
[INFO] [1787634620.697112468, 1234.700000000]: PHASE2C_KEYSCAN_ACCEPTED unique_id=708 state_id=708 sim_time=1234.700000
[INFO] [1787634624.492213183, 1238.500000000]: PHASE2C_KEYSCAN_ACCEPTED unique_id=709 state_id=709 sim_time=1238.500000
[INFO] [1787634628.586276267, 1242.600000000]: PHASE2C_KEYSCAN_ACCEPTED unique_id=710 state_id=710 sim_time=1242.600000
Warning: TF_REPEATED_DATA ignoring data with redundant timestamp for frame odom (parent offset) at time 1242.800000 according to authority unknown_publisher
         at line 277 in /tmp/binarydeb/ros-noetic-tf2-0.7.10/src/buffer_core.cpp
Warning: TF_REPEATED_DATA ignoring data with redundant timestamp for frame offset (parent map) at time 1242.800000 according to authority unknown_publisher
         at line 277 in /tmp/binarydeb/ros-noetic-tf2-0.7.10/src/buffer_core.cpp
Warning: TF_REPEATED_DATA ignoring data with redundant timestamp for frame odom (parent offset) at time 1242.800000 according to authority unknown_publisher
         at line 277 in /tmp/binarydeb/ros-noetic-tf2-0.7.10/src/buffer_core.cpp
Warning: TF_REPEATED_DATA ignoring data with redundant timestamp for frame offset (parent map) at time 1242.800000 according to authority unknown_publisher
         at line 277 in /tmp/binarydeb/ros-noetic-tf2-0.7.10/src/buffer_core.cpp
[WARN] [1787634628.753289033, 1242.800000000]: TF_REPEATED_DATA ignoring data with redundant timestamp for frame odom (parent offset) at time 1242.800000 according to authority unknown_publisher
[INFO] [1787634617.267653946, 1231.300000000]: Call local replanning...
[INFO] [1787634623.477053864, 1237.500000000]: Call local replanning...
Warning: TF_REPEATED_DATA ignoring data with redundant timestamp for frame odom (parent offset) at time 1242.800000 according to authority unknown_publisher
[WARN] [1787634628.753317707, 1242.800000000]: TF_REPEATED_DATA ignoring data with redundant timestamp for frame offset (parent map) at time 1242.800000 according to authority unknown_publisher
         at line 277 in /tmp/binarydeb/ros-noetic-tf2-0.7.10/src/buffer_core.cpp
Warning: Warning: TF_REPEATED_DATA ignoring data with redundant timestamp for frame odom (parent offset) at time 1242.800000 according to authority unknown_publisherTF_REPEATED_DATA ignoring data with redundant timestamp for frame offset (parent map) at time 1242.800000 according to authority unknown_publisher

         at line          at line 277277 in  in /tmp/binarydeb/ros-noetic-tf2-0.7.10/src/buffer_core.cpp/tmp/binarydeb/ros-noetic-tf2-0.7.10/src/buffer_core.cpp

Warning: TF_REPEATED_DATA ignoring data with redundant timestamp for frame offset (parent map) at time 1242.800000 according to authority unknown_publisher
         at line 277 in /tmp/binarydeb/ros-noetic-tf2-0.7.10/src/buffer_core.cpp
concorde /tmp/tmpankxrxs0/problem.tsp
Host: msxg  Current process id: 73424
Using random seed 1787634629
Number of Nodes: 18
Explicit Lengths (CC_MATRIXNORM)
Set initial upperbound to 651 (from tour)
ERROR: No dual change in basis finding code
Did not find a basic optimal solution
Fractional matching routine failed
Warning: restarting running timer Miscellaneous
No warmstart, stumbling on anyway
Basic dual change required, but no candidate edges
  LP Value  1: 651.000000  (0.00 seconds)
New lower bound: 651.000000
Final lower bound 651.000000, upper bound 651.000000
Exact lower bound: 651.000000
DIFF: 0.000000
Final LP has 19 rows, 27 columns, 59 nonzeros
Optimal Solution: 651.00
Number of bbnodes: 1
Total Running Time: 0.00 (seconds)
concorde /tmp/tmpxkd6j6zl/problem.tsp
Host: msxg  Current process id: 73475
Using random seed 1787634635
Number of Nodes: 18
Explicit Lengths (CC_MATRIXNORM)
Set initial upperbound to 651 (from tour)
ERROR: No dual change in basis finding code
Did not find a basic optimal solution
Fractional matching routine failed
Warning: restarting running timer Miscellaneous
No warmstart, stumbling on anyway
Basic dual change required, but no candidate edges
  LP Value  1: 651.000000  (0.00 seconds)
New lower bound: 651.000000
Final lower bound 651.000000, upper bound 651.000000
Exact lower bound: 651.000000
DIFF: 0.000000
Final LP has 18 rows, 24 columns, 48 nonzeros
Optimal Solution: 651.00
Number of bbnodes: 1
Total Running Time: 0.00 (seconds)
[WARN] [1787634635.637889648, 1249.700000000]: Missed desired rate of 1.00Hz! Loop actually took 1.1000 seconds!
concorde /tmp/tmpebx1a6w5/problem.tsp
Host: msxg  Current process id: 73498
Using random seed 1787634641
Number of Nodes: 18
Explicit Lengths (CC_MATRIXNORM)
Set initial upperbound to 651 (from tour)
ERROR: No dual change in basis finding code
Did not find a basic optimal solution
Fractional matching routine failed
Warning: restarting running timer Miscellaneous
No warmstart, stumbling on anyway
Basic dual change required, but no candidate edges
recomputing rownorms ...
  LP Value  1: 651.000000  (0.00 seconds)
New lower bound: 651.000000
Final lower bound 651.000000, upper bound 651.000000
Exact lower bound: 651.000000
DIFF: 0.000000
Final LP has 18 rows, 32 columns, 64 nonzeros
Optimal Solution: 651.00
Number of bbnodes: 1
Total Running Time: 0.00 (seconds)
[INFO] [1787634632.670604533, 1246.700000000]: PHASE2C_KEYSCAN_ACCEPTED unique_id=711 state_id=711 sim_time=1246.700000
[INFO] [1787634637.194300675, 1251.200000000]: PHASE2C_KEYSCAN_ACCEPTED unique_id=712 state_id=712 sim_time=1251.200000
[INFO] [1787634641.466686599, 1255.500000000]: PHASE2C_KEYSCAN_ACCEPTED unique_id=713 state_id=713 sim_time=1255.500000
[INFO] [1787634644.127521019, 1258.100000000]: PHASE2C_KEYSCAN_ACCEPTED unique_id=714 state_id=714 sim_time=1258.100000
[INFO] [1787634645.451382630, 1259.500000000]: PHASE2C_KEYSCAN_ACCEPTED unique_id=715 state_id=715 sim_time=1259.500000
[INFO] [1787634646.840656041, 1260.900000000]: PHASE2C_KEYSCAN_ACCEPTED unique_id=716 state_id=716 sim_time=1260.700000
Warning: TF_REPEATED_DATA ignoring data with redundant timestamp for frame odom (parent offset) at time 1260.900000 according to authority unknown_publisher
         at line 277 in /tmp/binarydeb/ros-noetic-tf2-0.7.10/src/buffer_core.cpp
Warning: TF_REPEATED_DATA ignoring data with redundant timestamp for frame offset (parent map) at time 1260.900000 according to authority unknown_publisher
         at line 277 in /tmp/binarydeb/ros-noetic-tf2-0.7.10/src/buffer_core.cpp
Warning: TF_REPEATED_DATA ignoring data with redundant timestamp for frame odom (parent offset) at time 1260.900000 according to authority unknown_publisher
         at line 277 in /tmp/binarydeb/ros-noetic-tf2-0.7.10/src/buffer_core.cpp
Warning: TF_REPEATED_DATA ignoring data with redundant timestamp for frame odom (parent offset) at time 1260.900000 according to authority unknown_publisher
         at line 277 in [INFO] [1787634629.211307159, 1243.200000000]: Call local replanning...
[INFO] [1787634635.516776297, 1249.500000000]: Call local replanning...
[INFO] [1787634641.252815452, 1255.300000000]: Call local replanning...
/tmp/binarydeb/ros-noetic-tf2-0.7.10/src/buffer_core.cppWarning: 
TF_REPEATED_DATA ignoring data with redundant timestamp for frame odom (parent offset) at time 1260.900000 according to authority unknown_publisher
         at line Warning: 277TF_REPEATED_DATA ignoring data with redundant timestamp for frame offset (parent map) at time 1260.900000 according to authority unknown_publisher in 
/tmp/binarydeb/ros-noetic-tf2-0.7.10/src/buffer_core.cpp[WARN] [1787634646.841025714, 1260.900000000]: TF_REPEATED_DATA ignoring data with redundant timestamp for frame odom (parent offset) at time 1260.900000 according to authority unknown_publisher
         at line 
277 in /tmp/binarydeb/ros-noetic-tf2-0.7.10/src/buffer_core.cppWarning: 
TF_REPEATED_DATA ignoring data with redundant timestamp for frame offset (parent map) at time 1260.900000 according to authority unknown_publisher
         at line 277Warning:  in TF_REPEATED_DATA ignoring data with redundant timestamp for frame offset (parent map) at time 1260.900000 according to authority unknown_publisher/tmp/binarydeb/ros-noetic-tf2-0.7.10/src/buffer_core.cpp

         at line 277 in [WARN] [1787634646.841049361, 1260.900000000]: TF_REPEATED_DATA ignoring data with redundant timestamp for frame offset (parent map) at time 1260.900000 according to authority unknown_publisher
/tmp/binarydeb/ros-noetic-tf2-0.7.10/src/buffer_core.cpp
concorde /tmp/tmp0eju9n1w/problem.tsp
Host: msxg  Current process id: 73530
Using random seed 1787634647
Number of Nodes: 18
Explicit Lengths (CC_MATRIXNORM)
Set initial upperbound to 651 (from tour)
ERROR: No dual change in basis finding code
Did not find a basic optimal solution
Fractional matching routine failed
Warning: restarting running timer Miscellaneous
No warmstart, stumbling on anyway
Basic dual change required, but no candidate edges
  LP Value  1: 651.000000  (0.00 seconds)
New lower bound: 651.000000
Final lower bound 651.000000, upper bound 651.000000
Exact lower bound: 651.000000
DIFF: 0.000000
Final LP has 19 rows, 27 columns, 59 nonzeros
Optimal Solution: 651.00
Number of bbnodes: 1
Total Running Time: 0.00 (seconds)
[WARN] [1787634647.529067048, 1261.500000000]: No frontier at vertex 18. #Frontier: 0
[WARN] [1787634647.641083089, 1261.700000000]: Missed desired rate of 1.00Hz! Loop actually took 1.1000 seconds!
concorde /tmp/tmpl5ab0l80/problem.tsp
Host: msxg  Current process id: 73575
Using random seed 1787634653
Number of Nodes: 14
Explicit Lengths (CC_MATRIXNORM)
Set initial upperbound to 443 (from tour)
ERROR: No dual change in basis finding code
Did not find a basic optimal solution
Fractional matching routine failed
Warning: restarting running timer Miscellaneous
No warmstart, stumbling on anyway
Basic dual change required, but no candidate edges
  LP Value  1: 443.000000  (0.00 seconds)
New lower bound: 443.000000
Final lower bound 443.000000, upper bound 443.000000
Exact lower bound: 443.000000
DIFF: 0.000000
Final LP has 15 rows, 23 columns, 52 nonzeros
Optimal Solution: 443.00
Number of bbnodes: 1
Total Running Time: 0.00 (seconds)
concorde /tmp/tmphbntu_xb/problem.tsp
Host: msxg  Current process id: 73608
Using random seed 1787634659
Number of Nodes: 14
Explicit Lengths (CC_MATRIXNORM)
Set initial upperbound to 443 (from tour)
ERROR: No dual change in basis finding code
Did not find a basic optimal solution
Fractional matching routine failed
Warning: restarting running timer Miscellaneous
No warmstart, stumbling on anyway
Basic dual change required, but no candidate edges
  LP Value  1: 443.000000  (0.00 seconds)
New lower bound: 443.000000
Final lower bound 443.000000, upper bound 443.000000
Exact lower bound: 443.000000
DIFF: 0.000000
Final LP has 15 rows, 23 columns, 52 nonzeros
Optimal Solution: 443.00
Number of bbnodes: 1
Total Running Time: 0.00 (seconds)
[INFO] [1787634648.046460059, 1262.100000000]: PHASE2C_KEYSCAN_ACCEPTED unique_id=717 state_id=717 sim_time=1262.100000
[INFO] [1787634648.863573069, 1262.900000000]: PHASE2C_KEYSCAN_ACCEPTED unique_id=718 state_id=718 sim_time=1262.900000
[INFO] [1787634650.150986860, 1264.200000000]: PHASE2C_KEYSCAN_ACCEPTED unique_id=719 state_id=719 sim_time=1264.200000
[INFO] [1787634651.385380517, 1265.400000000]: PHASE2C_KEYSCAN_ACCEPTED unique_id=720 state_id=720 sim_time=1265.400000
[INFO] [1787634652.980220165, 1267.000000000]: PHASE2C_KEYSCAN_ACCEPTED unique_id=721 state_id=721 sim_time=1266.700000
[INFO] [1787634653.977077857, 1268.000000000]: PHASE2C_KEYSCAN_ACCEPTED unique_id=722 state_id=722 sim_time=1268.000000
[INFO] [1787634655.246694067, 1269.300000000]: PHASE2C_KEYSCAN_ACCEPTED unique_id=723 state_id=723 sim_time=1269.300000
[INFO] [1787634656.661429594, 1270.700000000]: PHASE2C_KEYSCAN_ACCEPTED unique_id=724 state_id=724 sim_time=1270.700000
[INFO] [1787634657.949897905, 1272.000000000]: PHASE2C_KEYSCAN_ACCEPTED unique_id=725 state_id=725 sim_time=1272.000000
[INFO] [1787634659.669126956, 1273.700000000]: PHASE2C_KEYSCAN_ACCEPTED unique_id=726 state_id=726 sim_time=1273.700000
[INFO] [1787634663.469943394, 1277.500000000]: PHASE2C_KEYSCAN_ACCEPTED unique_id=727 state_id=727 sim_time=1277.500000
Warning: TF_REPEATED_DATA ignoring data with redundant timestamp for frame odom (parent offset) at time 1278.900000 according to authority unknown_publisher
         at line 277 in /tmp/binarydeb/ros-noetic-tf2-0.7.10/src/buffer_core.cpp
Warning: TF_REPEATED_DATA ignoring data with redundant timestamp for frame offset (parent map) at time 1278.900000 according to authority unknown_publisher
         at line 277 in /tmp/binarydeb/ros-noetic-tf2-0.7.10/src/buffer_core.cpp
Warning: TF_REPEATED_DATA ignoring data with redundant timestamp for frame odom (parent offset) at time 1278.900000 according to authority unknown_publisher
         at line 277 in /tmp/binarydeb/ros-noetic-tf2-0.7.10/src/buffer_core.cpp
Warning: TF_REPEATED_DATA ignoring data with redundant timestamp for frame offset (parent map) at time 1278.900000 according to authority unknown_publisher
         at line 277[INFO] [1787634647.507517103, 1261.500000000]: Call local replanning...
[INFO] [1787634647.529032340, 1261.500000000]: Reach vertex 18
[INFO] [1787634647.529130420, 1261.500000000]: Skip repeated visit to vertex 17
[INFO] [1787634647.529147413, 1261.500000000]: Set newGoal 21
[INFO] [1787634653.434362674, 1267.500000000]: Call local replanning...
[INFO] [1787634659.439410042, 1273.500000000]: Call local replanning...
 in Warning: /tmp/binarydeb/ros-noetic-tf2-0.7.10/src/buffer_core.cppTF_REPEATED_DATA ignoring data with redundant timestamp for frame odom (parent offset) at time 1278.900000 according to authority unknown_publisher

         at line 277 in /tmp/binarydeb/ros-noetic-tf2-0.7.10/src/buffer_core.cpp
Warning: TF_REPEATED_DATA ignoring data with redundant timestamp for frame offset (parent map) at time 1278.900000 according to authority unknown_publisher
         at line 277 in /tmp/binarydeb/ros-noetic-tf2-0.7.10/src/buffer_core.cpp
Warning: TF_REPEATED_DATA ignoring data with redundant timestamp for frame odom (parent offset) at time 1278.900000 according to authority unknown_publisher
         at line 277 in /tmp/binarydeb/ros-noetic-tf2-0.7.10/src/buffer_core.cpp
Warning: TF_REPEATED_DATA ignoring data with redundant timestamp for frame offset (parent map) at time 1278.900000 according to authority unknown_publisher
         at line 277 in /tmp/binarydeb/ros-noetic-tf2-0.7.10/src/buffer_core.cpp
[WARN] [1787634664.859247728, 1278.900000000]: TF_REPEATED_DATA ignoring data with redundant timestamp for frame odom (parent offset) at time 1278.900000 according to authority unknown_publisher
[WARN] [1787634664.859288461, 1278.900000000]: TF_REPEATED_DATA ignoring data with redundant timestamp for frame offset (parent map) at time 1278.900000 according to authority unknown_publisher
concorde /tmp/tmpmd_5dnvy/problem.tsp
Host: msxg  Current process id: 73659
Using random seed 1787634665
Number of Nodes: 14
Explicit Lengths (CC_MATRIXNORM)
Set initial upperbound to 443 (from tour)
ERROR: No dual change in basis finding code
Did not find a basic optimal solution
Fractional matching routine failed
Warning: restarting running timer Miscellaneous
No warmstart, stumbling on anyway
Basic dual change required, but no candidate edges
  LP Value  1: 443.000000  (0.00 seconds)
New lower bound: 443.000000
Final lower bound 443.000000, upper bound 443.000000
Exact lower bound: 443.000000
DIFF: 0.000000
Final LP has 15 rows, 24 columns, 55 nonzeros
Optimal Solution: 443.00
Number of bbnodes: 1
Total Running Time: 0.00 (seconds)
[INFO] [1787634546.093201, 1160.100000]: Replanning request. curr_vertex_idx: 31
[INFO] [1787634546.094427, 1160.100000]:                     covered_vertices: ()
[INFO] [1787634546.095135, 1160.100000]: Handle local replanning...
[INFO] [1787634546.095864, 1160.100000]: Local path to replan: [14, 8]
[INFO] [1787634546.096572, 1160.100000]: curr path length: 43, is_loop length: 43
[INFO] [1787634546.097339, 1160.100000]: Send new plan: 8 7 6 5 4 3 9 15 16 10 11 35 37 20 19 15(L) 19 23 29 30 24 25 31 32 26 38 36 12 11(L) 12 13 14  ---> 8(L) 14 18 17 21 22 28 34 33 27 26(L) 
[INFO] [1787634551.722867, 1165.700000]: Really visited vertices: 8 7 6 5 4 3 9 15 16 10 11 35 37 20 19 15 16 15 19 23 29 30 24 25 31 32 26 38 36 35 11 10 11 35 11 35 11 12 13 14 
[INFO] [1787634552.405044, 1166.400000]: PHASE3A_ORACLE_V1 vertex=8 window_poses=9 trace_len_m=1.64 waypoints=10
[INFO] [1787634599.256029, 1213.300000]: Replanning request. curr_vertex_idx: 32
[INFO] [1787634599.256900, 1213.300000]:                     covered_vertices: ()
[INFO] [1787634599.257714, 1213.300000]: curr path length: 43, is_loop length: 43
[INFO] [1787634599.258409, 1213.300000]: Send new plan: 8 7 6 5 4 3 9 15 16 10 11 35 37 20 19 15(L) 19 23 29 30 24 25 31 32 26 38 36 12 11(L) 12 13 14 8(L)  ---> 14 18 17 21 22 28 34 33 27 26(L) 
[INFO] [1787634605.503359, 1219.500000]: Replanning request. curr_vertex_idx: 34
[INFO] [1787634605.504430, 1219.500000]:                     covered_vertices: ()
[INFO] [1787634605.505190, 1219.500000]: Handle local replanning...
[INFO] [1787634605.506015, 1219.500000]: Local path to replan: [18, 17, 21, 22, 28, 34, 33, 27, 26]
Reverse tsp path is better!
[INFO] [1787634605.519609, 1219.500000]: curr path length: 43, is_loop length: 43
[INFO] [1787634605.521059, 1219.500000]: Send new plan: 8 7 6 5 4 3 9 15 16 10 11 35 37 20 19 15(L) 19 23 29 30 24 25 31 32 26 38 36 12 11(L) 12 13 14 8(L) 14 18  ---> 17 21 22 28 34 33 27 26(L) 
[INFO] [1787634611.471171, 1225.500000]: Replanning request. curr_vertex_idx: 34
[INFO] [1787634611.472190, 1225.500000]:                     covered_vertices: ()
[INFO] [1787634611.472978, 1225.500000]: Handle local replanning...
[INFO] [1787634611.473559, 1225.500000]: Local path to replan: [18, 17, 21, 22, 28, 34, 33, 27, 26]
Original tsp path is better!
[INFO] [1787634611.487265, 1225.500000]: curr path length: 43, is_loop length: 43
[INFO] [1787634611.488467, 1225.500000]: Send new plan: 8 7 6 5 4 3 9 15 16 10 11 35 37 20 19 15(L) 19 23 29 30 24 25 31 32 26 38 36 12 11(L) 12 13 14 8(L) 14 18  ---> 17 21 22 28 34 33 27 26(L) 
[INFO] [1787634617.268810, 1231.300000]: Replanning request. curr_vertex_idx: 34
[INFO] [1787634617.269765, 1231.300000]:                     covered_vertices: ()
[INFO] [1787634617.270422, 1231.300000]: Handle local replanning...
[INFO] [1787634617.271301, 1231.300000]: Local path to replan: [18, 17, 21, 22, 28, 34, 33, 27, 26]
Reverse tsp path is better!
[INFO] [1787634617.286651, 1231.300000]: curr path length: 43, is_loop length: 43
[INFO] [1787634617.288491, 1231.300000]: Send new plan: 8 7 6 5 4 3 9 15 16 10 11 35 37 20 19 15(L) 19 23 29 30 24 25 31 32 26 38 36 12 11(L) 12 13 14 8(L) 14 18  ---> 17 21 22 28 34 33 27 26(L) 
[INFO] [1787634623.478463, 1237.500000]: Replanning request. curr_vertex_idx: 34
[INFO] [1787634623.479468, 1237.500000]:                     covered_vertices: ()
[INFO] [1787634623.480327, 1237.500000]: Handle local replanning...
[INFO] [1787634623.480962, 1237.500000]: Local path to replan: [18, 17, 21, 22, 28, 34, 33, 27, 26]
Reverse tsp path is better!
[INFO] [1787634623.495064, 1237.500000]: curr path length: 43, is_loop length: 43
[INFO] [1787634623.496292, 1237.500000]: Send new plan: 8 7 6 5 4 3 9 15 16 10 11 35 37 20 19 15(L) 19 23 29 30 24 25 31 32 26 38 36 12 11(L) 12 13 14 8(L) 14 18  ---> 17 21 22 28 34 33 27 26(L) 
[INFO] [1787634628.753714, 1242.800000]: Really visited vertices: 8 7 6 5 4 3 9 15 16 10 11 35 37 20 19 15 16 15 19 23 29 30 24 25 31 32 26 38 36 35 11 10 11 35 11 35 11 12 13 14 8 14 
[INFO] [1787634629.212700, 1243.200000]: Replanning request. curr_vertex_idx: 34
[INFO] [1787634629.213978, 1243.200000]:                     covered_vertices: ()
[INFO] [1787634629.214943, 1243.200000]: Handle local replanning...
[INFO] [1787634629.215912, 1243.200000]: Local path to replan: [18, 17, 21, 22, 28, 34, 33, 27, 26]
Reverse tsp path is better!
[INFO] [1787634629.233169, 1243.200000]: curr path length: 43, is_loop length: 43
[INFO] [1787634629.234686, 1243.300000]: Send new plan: 8 7 6 5 4 3 9 15 16 10 11 35 37 20 19 15(L) 19 23 29 30 24 25 31 32 26 38 36 12 11(L) 12 13 14 8(L) 14 18  ---> 17 21 22 28 34 33 27 26(L) 
[INFO] [1787634635.518017, 1249.500000]: Replanning request. curr_vertex_idx: 34
[INFO] [1787634635.518997, 1249.500000]:                     covered_vertices: ()
[INFO] [1787634635.519827, 1249.500000]: Handle local replanning...
[INFO] [1787634635.520681, 1249.500000]: Local path to replan: [18, 17, 21, 22, 28, 34, 33, 27, 26]
Reverse tsp path is better!
[INFO] [1787634635.533731, 1249.500000]: curr path length: 43, is_loop length: 43
[INFO] [1787634635.535222, 1249.600000]: Send new plan: 8 7 6 5 4 3 9 15 16 10 11 35 37 20 19 15(L) 19 23 29 30 24 25 31 32 26 38 36 12 11(L) 12 13 14 8(L) 14 18  ---> 17 21 22 28 34 33 27 26(L) 
[INFO] [1787634641.253891, 1255.300000]: Replanning request. curr_vertex_idx: 34
[INFO] [1787634641.254972, 1255.300000]:                     covered_vertices: ()
[INFO] [1787634641.255741, 1255.300000]: Handle local replanning...
[INFO] [1787634641.256368, 1255.300000]: Local path to replan: [18, 17, 21, 22, 28, 34, 33, 27, 26]
Original tsp path is better!
[INFO] [1787634641.270718, 1255.300000]: curr path length: 43, is_loop length: 43
[INFO] [1787634641.272019, 1255.300000]: Send new plan: 8 7 6 5 4 3 9 15 16 10 11 35 37 20 19 15(L) 19 23 29 30 24 25 31 32 26 38 36 12 11(L) 12 13 14 8(L) 14 18  ---> 17 21 22 28 34 33 27 26(L) 
[INFO] [1787634647.508640, 1261.500000]: Replanning request. curr_vertex_idx: 34
[INFO] [1787634647.509680, 1261.500000]:                     covered_vertices: ()
[INFO] [1787634647.510589, 1261.500000]: Handle local replanning...
[INFO] [1787634647.511445, 1261.500000]: Local path to replan: [18, 17, 21, 22, 28, 34, 33, 27, 26]
Original tsp path is better!
[INFO] [1787634647.525696, 1261.500000]: curr path length: 43, is_loop length: 43
[INFO] [1787634647.527165, 1261.500000]: Send new plan: 8 7 6 5 4 3 9 15 16 10 11 35 37 20 19 15(L) 19 23 29 30 24 25 31 32 26 38 36 12 11(L) 12 13 14 8(L) 14 18  ---> 17 21 22 28 34 33 27 26(L) 
[INFO] [1787634653.435707, 1267.500000]: Replanning request. curr_vertex_idx: 36
[INFO] [1787634653.436625, 1267.500000]:                     covered_vertices: ()
[INFO] [1787634653.437485, 1267.500000]: Handle local replanning...
[INFO] [1787634653.438306, 1267.500000]: Local path to replan: [21, 22, 28, 34, 33, 27, 26]
Original tsp path is better!
[INFO] [1787634653.451630, 1267.500000]: curr path length: 43, is_loop length: 43
[INFO] [1787634653.452892, 1267.500000]: Send new plan: 8 7 6 5 4 3 9 15 16 10 11 35 37 20 19 15(L) 19 23 29 30 24 25 31 32 26 38 36 12 11(L) 12 13 14 8(L) 14 18 17 21  ---> 22 28 34 33 27 26(L) 
[INFO] [1787634659.440526, 1273.500000]: Replanning request. curr_vertex_idx: 36
[INFO] [1787634659.441592, 1273.500000]:                     covered_vertices: ()
[INFO] [1787634659.442409, 1273.500000]: Handle local replanning...
[INFO] [1787634659.443185, 1273.500000]: Local path to replan: [21, 22, 28, 34, 33, 27, 26]
Original tsp path is better!
[INFO] [1787634659.456464, 1273.500000]: curr path length: 43, is_loop length: 43
[INFO] [1787634659.458013, 1273.500000]: Send new plan: 8 7 6 5 4 3 9 15 16 10 11 35 37 20 19 15(L) 19 23 29 30 24 25 31 32 26 38 36 12 11(L) 12 13 14 8(L) 14 18 17 21  ---> 22 28 34 33 27 26(L) 
[INFO] [1787634665.329496, 1279.300000]: Replanning request. curr_vertex_idx: 36
[INFO] [1787634665.330686, 1279.300000]:                     covered_vertices: ()
[INFO] [1787634665.331730, 1279.300000]: Handle local replanning...
[INFO] [1787634665.332415, 1279.300000]: Local path to replan: [21, 22, 28, 34, 33, 27, 26]
[INFO] [1787634664.944381801, 1279.000000000]: PHASE2C_KEYSCAN_ACCEPTED unique_id=728 state_id=728 sim_time=1279.000000
[INFO] [1787634666.972206197, 1281.000000000]: PHASE2C_KEYSCAN_ACCEPTED unique_id=729 state_id=729 sim_time=1281.000000
[INFO] [1787634669.872514054, 1283.900000000]: PHASE2C_KEYSCAN_ACCEPTED unique_id=730 state_id=730 sim_time=1283.900000
Warning: TF_REPEATED_DATA ignoring data with redundant timestamp for frame odom (parent offset) at time 1284.100000 according to authority unknown_publisher
         at line 277 in /tmp/binarydeb/ros-noetic-tf2-0.7.10/src/buffer_core.cpp[INFO] [1787634665.328175118, 1279.300000000]: Call local replanning...

Warning: TF_REPEATED_DATA ignoring data with redundant timestamp for frame odom (parent offset) at time 1284.100000 according to authority unknown_publisher
         at line Warning: 277TF_REPEATED_DATA ignoring data with redundant timestamp for frame offset (parent map) at time 1284.100000 according to authority unknown_publisher in 
/tmp/binarydeb/ros-noetic-tf2-0.7.10/src/buffer_core.cpp         at line 
277 in /tmp/binarydeb/ros-noetic-tf2-0.7.10/src/buffer_core.cppWarning: 
TF_REPEATED_DATA ignoring data with redundant timestamp for frame offset (parent map) at time 1284.100000 according to authority unknown_publisher
         at line 277 in /tmp/binarydeb/ros-noetic-tf2-0.7.10/src/buffer_core.cpp
[WARN] [1787634670.043056052, 1284.100000000]: TF_REPEATED_DATA ignoring data with redundant timestamp for frame odom (parent offset) at time 1284.100000 according to authority unknown_publisher
[WARN] [1787634670.043079893, 1284.100000000]: TF_REPEATED_DATA ignoring data with redundant timestamp for frame offset (parent map) at time 1284.100000 according to authority unknown_publisher
Warning: TF_REPEATED_DATA ignoring data with redundant timestamp for frame odom (parent offset) at time 1284.100000 according to authority unknown_publisher
         at line 277 in /tmp/binarydeb/ros-noetic-tf2-0.7.10/src/buffer_core.cpp
Warning: TF_REPEATED_DATA ignoring data with redundant timestamp for frame offset (parent map) at time 1284.100000 according to authority unknown_publisher
         at line 277 in /tmp/binarydeb/ros-noetic-tf2-0.7.10/src/buffer_core.cpp
Warning: TF_REPEATED_DATA ignoring data with redundant timestamp for frame odom (parent offset) at time 1284.100000 according to authority unknown_publisher
         at line 277 in /tmp/binarydeb/ros-noetic-tf2-0.7.10/src/buffer_core.cpp
Warning: TF_REPEATED_DATA ignoring data with redundant timestamp for frame offset (parent map) at time 1284.100000 according to authority unknown_publisher
         at line 277 in /tmp/binarydeb/ros-noetic-tf2-0.7.10/src/buffer_core.cpp
concorde /tmp/tmp2hkcsdx_/problem.tsp
Host: msxg  Current process id: 73683
Using random seed 1787634671
Number of Nodes: 14
Explicit Lengths (CC_MATRIXNORM)
Set initial upperbound to 443 (from tour)
ERROR: No dual change in basis finding code
Did not find a basic optimal solution
Fractional matching routine failed
Warning: restarting running timer Miscellaneous
No warmstart, stumbling on anyway
Basic dual change required, but no candidate edges
recomputing rownorms ...
  LP Value  1: 443.000000  (0.00 seconds)
New lower bound: 443.000000
Final lower bound 443.000000, upper bound 443.000000
Exact lower bound: 443.000000
DIFF: 0.000000
Final LP has 14 rows, 21 columns, 42 nonzeros
Optimal Solution: 443.00
Number of bbnodes: 1
Total Running Time: 0.00 (seconds)
concorde /tmp/tmpq6x42jdf/problem.tsp
Host: msxg  Current process id: 73710
Using random seed 1787634677
Number of Nodes: 14
Explicit Lengths (CC_MATRIXNORM)
Set initial upperbound to 443 (from tour)
ERROR: No dual change in basis finding code
Did not find a basic optimal solution
Fractional matching routine failed
Warning: restarting running timer Miscellaneous
No warmstart, stumbling on anyway
Basic dual change required, but no candidate edges
recomputing rownorms ...
  LP Value  1: 443.000000  (0.00 seconds)
New lower bound: 443.000000
Final lower bound 443.000000, upper bound 443.000000
Exact lower bound: 443.000000
DIFF: 0.000000
Final LP has 14 rows, 21 columns, 42 nonzeros
Optimal Solution: 443.00
Number of bbnodes: 1
Total Running Time: 0.00 (seconds)
concorde /tmp/tmpz90flj83/problem.tsp
Host: msxg  Current process id: 73743
Using random seed 1787634683
Number of Nodes: 14
Explicit Lengths (CC_MATRIXNORM)
Set initial upperbound to 443 (from tour)
ERROR: No dual change in basis finding code
Did not find a basic optimal solution
Fractional matching routine failed
Warning: restarting running timer Miscellaneous
No warmstart, stumbling on anyway
Basic dual change required, but no candidate edges
recomputing rownorms ...
  LP Value  1: 443.000000  (0.00 seconds)
New lower bound: 443.000000
Final lower bound 443.000000, upper bound 443.000000
Exact lower bound: 443.000000
DIFF: 0.000000
Final LP has 14 rows, 19 columns, 38 nonzeros
Optimal Solution: 443.00
Number of bbnodes: 1
Total Running Time: 0.00 (seconds)
concorde /tmp/tmp3s4ruf3n/problem.tsp
Host: msxg  Current process id: 73783
Using random seed 1787634689
Number of Nodes: 14
Explicit Lengths (CC_MATRIXNORM)
Set initial upperbound to 443 (from tour)
ERROR: No dual change in basis finding code
Did not find a basic optimal solution
Fractional matching routine failed
Warning: restarting running timer Miscellaneous
No warmstart, stumbling on anyway
Basic dual change required, but no candidate edges
recomputing rownorms ...
  LP Value  1: 443.000000  (0.00 seconds)
New lower bound: 443.000000
Final lower bound 443.000000, upper bound 443.000000
Exact lower bound: 443.000000
DIFF: 0.000000
Final LP has 14 rows, 21 columns, 42 nonzeros
Optimal Solution: 443.00
Number of bbnodes: 1
Total Running Time: 0.00 (seconds)
[WARN] [1787634689.383335848, 1303.400000000]: No frontier at vertex 21. #Frontier: 0
concorde /tmp/tmpfv2jiipm/problem.tsp
Host: msxg  Current process id: 73848
Using random seed 1787634695
Number of Nodes: 12
Explicit Lengths (CC_MATRIXNORM)
Set initial upperbound to 439 (from tour)
ERROR: No dual change in basis finding code
Did not find a basic optimal solution
Fractional matching routine failed
Warning: restarting running timer Miscellaneous
No warmstart, stumbling on anyway
Basic dual change required, but no candidate edges
recomputing rownorms ...
  LP Value  1: 439.000000  (0.00 seconds)
New lower bound: 439.000000
Final lower bound 439.000000, upper bound 439.000000
Exact lower bound: 439.000000
DIFF: 0.000000
Final LP has 12 rows, 19 columns, 38 nonzeros
Optimal Solution: 439.00
Number of bbnodes: 1
Total Running Time: 0.00 (seconds)
concorde /tmp/tmpkg1929r9/problem.tsp
Host: msxg  Current process id: 73889
Using random seed 1787634701
Number of Nodes: 12
Explicit Lengths (CC_MATRIXNORM)
Set initial upperbound to 439 (from tour)
ERROR: No dual change in basis finding code
Did not find a basic optimal solution
Fractional matching routine failed
Warning: restarting running timer Miscellaneous
No warmstart, stumbling on anyway
Basic dual change required, but no candidate edges
recomputing rownorms ...
  LP Value  1: 439.000000  (0.00 seconds)
New lower bound: 439.000000
Final lower bound 439.000000, upper bound 439.000000
Exact lower bound: 439.000000
DIFF: 0.000000
Final LP has 12 rows, 17 columns, 34 nonzeros
Optimal Solution: 439.00
Number of bbnodes: 1
Total Running Time: 0.00 (seconds)
[WARN] [1787634701.385375342, 1315.400000000]: No frontier at vertex 22. #Frontier: 0
concorde /tmp/tmp4ip6lkbu/problem.tsp
Host: msxg  Current process id: 73930
Using random seed 1787634707
Number of Nodes: 10
Explicit Lengths (CC_MATRIXNORM)
Set initial upperbound to 351 (from tour)
ERROR: No dual change in basis finding code
Did not find a basic optimal solution
Fractional matching routine failed
Warning: restarting running timer Miscellaneous
No warmstart, stumbling on anyway
Basic dual change required, but no candidate edges
  LP Value  1: 351.000000  (0.00 seconds)
New lower bound: 351.000000
Final lower bound 351.000000, upper bound 351.000000
Exact lower bound: 351.000000
DIFF: 0.000000
Final LP has 10 rows, 11 columns, 22 nonzeros
Optimal Solution: 351.00
Number of bbnodes: 1
Total Running Time: 0.00 (seconds)
[INFO] [1787634674.377663527, 1288.400000000]: PHASE2C_KEYSCAN_ACCEPTED unique_id=731 state_id=731 sim_time=1288.400000
[INFO] [1787634678.959510931, 1293.000000000]: PHASE2C_KEYSCAN_ACCEPTED unique_id=732 state_id=732 sim_time=1293.000000
[INFO] [1787634680.980968712, 1295.000000000]: PHASE2C_KEYSCAN_ACCEPTED unique_id=733 state_id=733 sim_time=1295.000000
[INFO] [1787634682.142360562, 1296.200000000]: PHASE2C_KEYSCAN_ACCEPTED unique_id=734 state_id=734 sim_time=1296.200000
[INFO] [1787634683.960839858, 1298.000000000]: PHASE2C_KEYSCAN_ACCEPTED unique_id=735 state_id=735 sim_time=1298.000000
[INFO] [1787634685.048572822, 1299.100000000]: PHASE2C_KEYSCAN_ACCEPTED unique_id=736 state_id=736 sim_time=1299.100000
[INFO] [1787634686.568742861, 1300.600000000]: PHASE2C_KEYSCAN_ACCEPTED unique_id=737 state_id=737 sim_time=1300.600000
[INFO] [1787634687.848453881, 1301.900000000]: PHASE2C_KEYSCAN_ACCEPTED unique_id=738 state_id=738 sim_time=1301.900000
[INFO] [1787634689.272338859, 1303.300000000]: PHASE2C_KEYSCAN_ACCEPTED unique_id=739 state_id=739 sim_time=1303.300000
[INFO] [1787634690.849532627, 1304.900000000]: PHASE2C_KEYSCAN_ACCEPTED unique_id=740 state_id=740 sim_time=1304.900000
[INFO] [1787634692.277777980, 1306.300000000]: PHASE2C_KEYSCAN_ACCEPTED unique_id=741 state_id=741 sim_time=1306.300000
[INFO] [1787634693.653847926, 1307.700000000]: PHASE2C_KEYSCAN_ACCEPTED unique_id=742 state_id=742 sim_time=1307.700000
[INFO] [1787634694.958027473, 1309.000000000]: PHASE2C_KEYSCAN_ACCEPTED unique_id=743 state_id=743 sim_time=1309.000000
[INFO] [1787634696.444294173, 1310.500000000]: PHASE2C_KEYSCAN_ACCEPTED unique_id=744 state_id=744 sim_time=1310.500000
[INFO] [1787634697.111200029, 1311.100000000]: PHASE2C_KEYSCAN_ACCEPTED unique_id=745 state_id=745 sim_time=1311.100000
[INFO] [1787634697.557054455, 1311.600000000]: PHASE2C_KEYSCAN_ACCEPTED unique_id=746 state_id=746 sim_time=1311.600000
[INFO] [1787634698.454112318, 1312.500000000]: PHASE2C_KEYSCAN_ACCEPTED unique_id=747 state_id=747 sim_time=1312.500000
[INFO] [1787634700.016572121, 1314.000000000]: PHASE2C_KEYSCAN_ACCEPTED unique_id=748 state_id=748 sim_time=1314.000000
[INFO] [1787634701.251147799, 1315.300000000]: PHASE2C_KEYSCAN_ACCEPTED unique_id=749 state_id=749 sim_time=1315.300000
[INFO] [1787634702.403690719, 1316.400000000]: PHASE2C_KEYSCAN_ACCEPTED unique_id=750 state_id=750 sim_time=1316.400000
[INFO] [1787634702.957159454, 1317.000000000]: PHASE2C_KEYSCAN_ACCEPTED unique_id=751 state_id=751 sim_time=1317.000000
[INFO] [1787634703.557383915, 1317.600000000]: PHASE2C_KEYSCAN_ACCEPTED unique_id=752 state_id=752 sim_time=1317.600000
[INFO] [1787634704.512600413, 1318.500000000]: PHASE2C_KEYSCAN_ACCEPTED unique_id=753 state_id=753 sim_time=1318.500000
[INFO] [1787634705.765566300, 1319.800000000]: PHASE2C_KEYSCAN_ACCEPTED unique_id=754 state_id=754 sim_time=1319.800000
[INFO] [1787634707.243127578, 1321.300000000]: PHASE2C_KEYSCAN_ACCEPTED unique_id=755 state_id=755 sim_time=1321.200000
[INFO] [1787634708.554730389, 1322.600000000]: PHASE2C_KEYSCAN_ACCEPTED unique_id=756 state_id=756 sim_time=1322.600000
[INFO] [1787634709.913986640, 1323.900000000]: PHASE2C_KEYSCAN_ACCEPTED unique_id=757 state_id=757 sim_time=1323.900000
[INFO] [1787634711.149926719, 1325.200000000]: PHASE2C_KEYSCAN_ACCEPTED unique_id=758 state_id=758 sim_time=1325.200000
[INFO] [1787634712.399990516, 1326.400000000]: PHASE2C_KEYSCAN_ACCEPTED unique_id=759 state_id=759 sim_time=1326.400000
Warning: TF_REPEATED_DATA ignoring data with redundant timestamp for frame odom (parent offset) at time 1326.600000 according to authority unknown_publisher
         at line 277 in /tmp/binarydeb/ros-noetic-tf2-0.7.10/src/buffer_core.cpp
Warning: TF_REPEATED_DATA ignoring data with redundant timestamp for frame offset (parent map) at time 1326.600000 according to authority unknown_publisher
         at line 277 in /tmp/binarydeb/ros-noetic-tf2-0.7.10/src/buffer_core.cpp
[INFO] [1787634671.123623753, 1285.100000000]: Call local replanning...
[INFO] [1787634677.297719428, 1291.300000000]: Call local replanning...
[INFO] [1787634683.108673468, 1297.100000000]: Call local replanning...
[INFO] [1787634683.128044221, 1297.100000000]: Reach vertex 21
[INFO] [1787634683.133527847, 1297.100000000]: Explore Goal 21 's frontiers...
[INFO] [1787634689.364127677, 1303.400000000]: Call local replanning...
[INFO] [1787634689.383397789, 1303.400000000]: Set newGoal 22
[INFO] [1787634695.394926445, 1309.400000000]: Call local replanning...
[INFO] [1787634695.414546810, 1309.400000000]: Reach vertex 22
[INFO] [1787634695.418994505, 1309.400000000]: Explore Goal 22 's frontiers...
[INFO] [1787634701.366624641, 1315.400000000]: Call local replanning...
[INFO] [1787634701.385423028, 1315.400000000]: Set newGoal 28
[INFO] [1787634707.125888155, 1321.100000000]: Call local replanning...
Warning: TF_REPEATED_DATA ignoring data with redundant timestamp for frame odom (parent offset) at time 1326.600000 according to authority unknown_publisher
         at line 277 in /tmp/binarydeb/ros-noetic-tf2-0.7.10/src/buffer_core.cpp
Warning: TF_REPEATED_DATA ignoring data with redundant timestamp for frame offset (parent map) at time 1326.600000 according to authority unknown_publisher[WARN] [1787634712.576986830, 1326.600000000]: TF_REPEATED_DATA ignoring data with redundant timestamp for frame odom (parent offset) at time 1326.600000 according to authority unknown_publisher

         at line 277 in /tmp/binarydeb/ros-noetic-tf2-0.7.10/src/buffer_core.cpp
[WARN] [1787634712.577032379, 1326.600000000]: TF_REPEATED_DATA ignoring data with redundant timestamp for frame offset (parent map) at time 1326.600000 according to authority unknown_publisher
Warning: TF_REPEATED_DATA ignoring data with redundant timestamp for frame odom (parent offset) at time 1326.600000 according to authority unknown_publisher
         at line 277 in /tmp/binarydeb/ros-noetic-tf2-0.7.10/src/buffer_core.cpp
Warning: TF_REPEATED_DATA ignoring data with redundant timestamp for frame offset (parent map) at time 1326.600000 according to authority unknown_publisher
         at line 277 in /tmp/binarydeb/ros-noetic-tf2-0.7.10/src/buffer_core.cpp
Warning: TF_REPEATED_DATA ignoring data with redundant timestamp for frame odom (parent offset) at time 1326.600000 according to authority unknown_publisher
         at line 277 in /tmp/binarydeb/ros-noetic-tf2-0.7.10/src/buffer_core.cpp
Warning: TF_REPEATED_DATA ignoring data with redundant timestamp for frame offset (parent map) at time 1326.600000 according to authority unknown_publisher
         at line 277 in /tmp/binarydeb/ros-noetic-tf2-0.7.10/src/buffer_core.cpp
concorde /tmp/tmp97ppfsvr/problem.tsp
Host: msxg  Current process id: 73971
Using random seed 1787634713
Number of Nodes: 10
Explicit Lengths (CC_MATRIXNORM)
Set initial upperbound to 351 (from tour)
ERROR: No dual change in basis finding code
Did not find a basic optimal solution
Fractional matching routine failed
Warning: restarting running timer Miscellaneous
No warmstart, stumbling on anyway
Basic dual change required, but no candidate edges
  LP Value  1: 351.000000  (0.00 seconds)
New lower bound: 351.000000
Final lower bound 351.000000, upper bound 351.000000
Exact lower bound: 351.000000
DIFF: 0.000000
Final LP has 11 rows, 16 columns, 37 nonzeros
Optimal Solution: 351.00
Number of bbnodes: 1
Total Running Time: 0.00 (seconds)
concorde /tmp/tmph6qg7m22/problem.tsp
Host: msxg  Current process id: 74009
Using random seed 1787634719
Number of Nodes: 10
Explicit Lengths (CC_MATRIXNORM)
Set initial upperbound to 351 (from tour)
ERROR: No dual change in basis finding code
Did not find a basic optimal solution
Fractional matching routine failed
Warning: restarting running timer Miscellaneous
No warmstart, stumbling on anyway
Basic dual change required, but no candidate edges
  LP Value  1: 351.000000  (0.00 seconds)
New lower bound: 351.000000
Final lower bound 351.000000, upper bound 351.000000
Exact lower bound: 351.000000
DIFF: 0.000000
Final LP has 10 rows, 11 columns, 22 nonzeros
Optimal Solution: 351.00
Number of bbnodes: 1
Total Running Time: 0.00 (seconds)
concorde /tmp/tmpf8ub23i9/problem.tsp
Host: msxg  Current process id: 74067
Using random seed 1787634725
Number of Nodes: 10
Explicit Lengths (CC_MATRIXNORM)
Set initial upperbound to 351 (from tour)
ERROR: No dual change in basis finding code
Did not find a basic optimal solution
Fractional matching routine failed
Warning: restarting running timer Miscellaneous
No warmstart, stumbling on anyway
Basic dual change required, but no candidate edges
  LP Value  1: 351.000000  (0.00 seconds)
New lower bound: 351.000000
Final lower bound 351.000000, upper bound 351.000000
Exact lower bound: 351.000000
DIFF: 0.000000
Final LP has 10 rows, 11 columns, 22 nonzeros
Optimal Solution: 351.00
Number of bbnodes: 1
Total Running Time: 0.00 (seconds)
[WARN] [1787634725.098753815, 1339.100000000]: No frontier at vertex 28. #Frontier: 0
Original tsp path is better!
[INFO] [1787634665.346724, 1279.400000]: curr path length: 43, is_loop length: 43
[INFO] [1787634665.348474, 1279.400000]: Send new plan: 8 7 6 5 4 3 9 15 16 10 11 35 37 20 19 15(L) 19 23 29 30 24 25 31 32 26 38 36 12 11(L) 12 13 14 8(L) 14 18 17 21  ---> 22 28 34 33 27 26(L) 
[INFO] [1787634670.043909, 1284.100000]: Really visited vertices: 8 7 6 5 4 3 9 15 16 10 11 35 37 20 19 15 16 15 19 23 29 30 24 25 31 32 26 38 36 35 11 10 11 35 11 35 11 12 13 14 8 14 18 17 
[INFO] [1787634671.124825, 1285.100000]: Replanning request. curr_vertex_idx: 36
[INFO] [1787634671.125803, 1285.100000]:                     covered_vertices: ()
[INFO] [1787634671.126514, 1285.100000]: Handle local replanning...
[INFO] [1787634671.127042, 1285.100000]: Local path to replan: [21, 22, 28, 34, 33, 27, 26]
Original tsp path is better!
[INFO] [1787634671.141374, 1285.200000]: curr path length: 43, is_loop length: 43
[INFO] [1787634671.142611, 1285.200000]: Send new plan: 8 7 6 5 4 3 9 15 16 10 11 35 37 20 19 15(L) 19 23 29 30 24 25 31 32 26 38 36 12 11(L) 12 13 14 8(L) 14 18 17 21  ---> 22 28 34 33 27 26(L) 
[INFO] [1787634677.299042, 1291.300000]: Replanning request. curr_vertex_idx: 36
[INFO] [1787634677.300184, 1291.300000]:                     covered_vertices: ()
[INFO] [1787634677.300852, 1291.300000]: Handle local replanning...
[INFO] [1787634677.301525, 1291.300000]: Local path to replan: [21, 22, 28, 34, 33, 27, 26]
Original tsp path is better!
[INFO] [1787634677.315048, 1291.300000]: curr path length: 43, is_loop length: 43
[INFO] [1787634677.316558, 1291.300000]: Send new plan: 8 7 6 5 4 3 9 15 16 10 11 35 37 20 19 15(L) 19 23 29 30 24 25 31 32 26 38 36 12 11(L) 12 13 14 8(L) 14 18 17 21  ---> 22 28 34 33 27 26(L) 
[INFO] [1787634682.313670, 1296.300000]: Really visited vertices: 8 7 6 5 4 3 9 15 16 10 11 35 37 20 19 15 16 15 19 23 29 30 24 25 31 32 26 38 36 35 11 10 11 35 11 35 11 12 13 14 8 14 18 17 
[INFO] [1787634683.109883, 1297.100000]: Replanning request. curr_vertex_idx: 36
[INFO] [1787634683.110854, 1297.100000]:                     covered_vertices: ()
[INFO] [1787634683.111686, 1297.100000]: Handle local replanning...
[INFO] [1787634683.112307, 1297.100000]: Local path to replan: [21, 22, 28, 34, 33, 27, 26]
Reverse tsp path is better!
[INFO] [1787634683.125622, 1297.100000]: curr path length: 43, is_loop length: 43
[INFO] [1787634683.126829, 1297.100000]: Send new plan: 8 7 6 5 4 3 9 15 16 10 11 35 37 20 19 15(L) 19 23 29 30 24 25 31 32 26 38 36 12 11(L) 12 13 14 8(L) 14 18 17 21  ---> 22 28 34 33 27 26(L) 
[INFO] [1787634688.188415, 1302.200000]: Really visited vertices: 8 7 6 5 4 3 9 15 16 10 11 35 37 20 19 15 16 15 19 23 29 30 24 25 31 32 26 38 36 35 11 10 11 35 11 35 11 12 13 14 8 14 18 17 21 
[INFO] [1787634689.365290, 1303.400000]: Replanning request. curr_vertex_idx: 36
[INFO] [1787634689.366380, 1303.400000]:                     covered_vertices: ()
[INFO] [1787634689.367040, 1303.400000]: Handle local replanning...
[INFO] [1787634689.367529, 1303.400000]: Local path to replan: [21, 22, 28, 34, 33, 27, 26]
Reverse tsp path is better!
[INFO] [1787634689.381134, 1303.400000]: curr path length: 43, is_loop length: 43
[INFO] [1787634689.382373, 1303.400000]: Send new plan: 8 7 6 5 4 3 9 15 16 10 11 35 37 20 19 15(L) 19 23 29 30 24 25 31 32 26 38 36 12 11(L) 12 13 14 8(L) 14 18 17 21  ---> 22 28 34 33 27 26(L) 
[INFO] [1787634693.829664, 1307.800000]: Really visited vertices: 8 7 6 5 4 3 9 15 16 10 11 35 37 20 19 15 16 15 19 23 29 30 24 25 31 32 26 38 36 35 11 10 11 35 11 35 11 12 13 14 8 14 18 17 21 
[INFO] [1787634695.396196, 1309.400000]: Replanning request. curr_vertex_idx: 37
[INFO] [1787634695.397015, 1309.400000]:                     covered_vertices: ()
[INFO] [1787634695.397806, 1309.400000]: Handle local replanning...
[INFO] [1787634695.398549, 1309.400000]: Local path to replan: [22, 28, 34, 33, 27, 26]
Original tsp path is better!
[INFO] [1787634695.411911, 1309.400000]: curr path length: 43, is_loop length: 43
[INFO] [1787634695.413281, 1309.400000]: Send new plan: 8 7 6 5 4 3 9 15 16 10 11 35 37 20 19 15(L) 19 23 29 30 24 25 31 32 26 38 36 12 11(L) 12 13 14 8(L) 14 18 17 21 22  ---> 28 34 33 27 26(L) 
[INFO] [1787634700.357250, 1314.400000]: Really visited vertices: 8 7 6 5 4 3 9 15 16 10 11 35 37 20 19 15 16 15 19 23 29 30 24 25 31 32 26 38 36 35 11 10 11 35 11 35 11 12 13 14 8 14 18 17 21 22 
[INFO] [1787634701.367945, 1315.400000]: Replanning request. curr_vertex_idx: 37
[INFO] [1787634701.369008, 1315.400000]:                     covered_vertices: ()
[INFO] [1787634701.369709, 1315.400000]: Handle local replanning...
[INFO] [1787634701.370352, 1315.400000]: Local path to replan: [22, 28, 34, 33, 27, 26]
Original tsp path is better!
[INFO] [1787634701.383129, 1315.400000]: curr path length: 43, is_loop length: 43
[INFO] [1787634701.384270, 1315.400000]: Send new plan: 8 7 6 5 4 3 9 15 16 10 11 35 37 20 19 15(L) 19 23 29 30 24 25 31 32 26 38 36 12 11(L) 12 13 14 8(L) 14 18 17 21 22  ---> 28 34 33 27 26(L) 
[INFO] [1787634706.099101, 1320.100000]: Really visited vertices: 8 7 6 5 4 3 9 15 16 10 11 35 37 20 19 15 16 15 19 23 29 30 24 25 31 32 26 38 36 35 11 10 11 35 11 35 11 12 13 14 8 14 18 17 21 22 
[INFO] [1787634707.127337, 1321.100000]: Replanning request. curr_vertex_idx: 38
[INFO] [1787634707.128468, 1321.100000]:                     covered_vertices: ()
[INFO] [1787634707.129196, 1321.100000]: Handle local replanning...
[INFO] [1787634707.129852, 1321.100000]: Local path to replan: [28, 34, 33, 27, 26]
Reverse tsp path is better!
[INFO] [1787634707.144260, 1321.200000]: curr path length: 43, is_loop length: 43
[INFO] [1787634707.145490, 1321.200000]: Send new plan: 8 7 6 5 4 3 9 15 16 10 11 35 37 20 19 15(L) 19 23 29 30 24 25 31 32 26 38 36 12 11(L) 12 13 14 8(L) 14 18 17 21 22 28  ---> 34 33 27 26(L) 
[INFO] [1787634712.576549, 1326.600000]: Really visited vertices: 8 7 6 5 4 3 9 15 16 10 11 35 37 20 19 15 16 15 19 23 29 30 24 25 31 32 26 38 36 35 11 10 11 35 11 35 11 12 13 14 8 14 18 17 21 22 
[INFO] [1787634713.327716, 1327.300000]: Replanning request. curr_vertex_idx: 38
[INFO] [1787634713.328669, 1327.300000]:                     covered_vertices: ()
[INFO] [1787634713.329423, 1327.300000]: Handle local replanning...
[INFO] [1787634713.330273, 1327.300000]: Local path to replan: [28, 34, 33, 27, 26]
Original tsp path is better!
[INFO] [1787634713.344214, 1327.400000]: curr path length: 43, is_loop length: 43
[INFO] [1787634713.345696, 1327.400000]: Send new plan: 8 7 6 5 4 3 9 15 16 10 11 35 37 20 19 15(L) 19 23 29 30 24 25 31 32 26 38 36 12 11(L) 12 13 14 8(L) 14 18 17 21 22 28  ---> 34 33 27 26(L) 
[INFO] [1787634719.467967, 1333.500000]: Replanning request. curr_vertex_idx: 38
[INFO] [1787634719.469203, 1333.500000]:                     covered_vertices: ()
[INFO] [1787634719.470040, 1333.500000]: Handle local replanning...
[INFO] [1787634719.470842, 1333.500000]: Local path to replan: [28, 34, 33, 27, 26]
Original tsp path is better!
[INFO] [1787634719.484701, 1333.500000]: curr path length: 43, is_loop length: 43
[INFO] [1787634719.486418, 1333.500000]: Send new plan: 8 7 6 5 4 3 9 15 16 10 11 35 37 20 19 15(L) 19 23 29 30 24 25 31 32 26 38 36 12 11(L) 12 13 14 8(L) 14 18 17 21 22 28  ---> 34 33 27 26(L) 
[INFO] [1787634724.567603, 1338.600000]: Really visited vertices: 8 7 6 5 4 3 9 15 16 10 11 35 37 20 19 15 16 15 19 23 29 30 24 25 31 32 26 38 36 35 11 10 11 35 11 35 11 12 13 14 8 14 18 17 21 22 28 
[INFO] [1787634725.080550, 1339.100000]: Replanning request. curr_vertex_idx: 38
[INFO] [1787634725.081630, 1339.100000]:                     covered_vertices: ()
[INFO] [1787634725.082457, 1339.100000]: Handle local replanning...
[INFO] [1787634725.083248, 1339.100000]: Local path to replan: [28, 34, 33, 27, 26]
Original tsp path is better!
[INFO] [1787634725.096128, 1339.100000]: curr path length: 43, is_loop length: 43
[INFO] [1787634725.097446, 1339.100000]: Send new plan: 8 7 6 5 4 3 9 15 16 10 11 35 37 20 19 15(L) 19 23 29 30 24 25 31 32 26 38 36 12 11(L) 12 13 14 8(L) 14 18 17 21 22 28  ---> 34 33 27 26(L) 
concorde /tmp/tmp8xnub7cq/problem.tsp
Host: msxg  Current process id: 74108
Using random seed 1787634731
Number of Nodes: 8
Explicit Lengths (CC_MATRIXNORM)
Optimal Solution: 317.00
Total Running Time: 0.00 (seconds)
[WARN] [1787634731.691918450, 1345.700000000]: Missed desired rate of 1.00Hz! Loop actually took 1.1000 seconds!
concorde /tmp/tmpccz5wz_g/problem.tsp
Host: msxg  Current process id: 74149
Using random seed 1787634737
Number of Nodes: 8
Explicit Lengths (CC_MATRIXNORM)
Optimal Solution: 317.00
Total Running Time: 0.00 (seconds)
concorde /tmp/tmpc__9a4i7/problem.tsp
Host: msxg  Current process id: 74188
Using random seed 1787634743
Number of Nodes: 6
Explicit Lengths (CC_MATRIXNORM)
Optimal Solution: 206.00
Total Running Time: 0.00 (seconds)
[INFO] [1787634713.758724689, 1327.800000000]: PHASE2C_KEYSCAN_ACCEPTED unique_id=760 state_id=760 sim_time=1327.800000
[INFO] [1787634715.412075951, 1329.400000000]: PHASE2C_KEYSCAN_ACCEPTED unique_id=761 state_id=761 sim_time=1329.400000
[INFO] [1787634717.264174548, 1331.300000000]: PHASE2C_KEYSCAN_ACCEPTED unique_id=762 state_id=762 sim_time=1331.300000
[INFO] [1787634719.084568787, 1333.100000000]: PHASE2C_KEYSCAN_ACCEPTED unique_id=763 state_id=763 sim_time=1333.100000
[INFO] [1787634720.257095813, 1334.300000000]: PHASE2C_KEYSCAN_ACCEPTED unique_id=764 state_id=764 sim_time=1334.300000
[INFO] [1787634721.698104318, 1335.700000000]: PHASE2C_KEYSCAN_ACCEPTED unique_id=765 state_id=765 sim_time=1335.700000
[INFO] [1787634722.959128760, 1337.000000000]: PHASE2C_KEYSCAN_ACCEPTED unique_id=766 state_id=766 sim_time=1337.000000
[INFO] [1787634724.200910330, 1338.200000000]: PHASE2C_KEYSCAN_ACCEPTED unique_id=767 state_id=767 sim_time=1338.200000
[INFO] [1787634725.560304570, 1339.600000000]: PHASE2C_KEYSCAN_ACCEPTED unique_id=768 state_id=768 sim_time=1339.600000
[INFO] [1787634726.876346338, 1340.900000000]: PHASE2C_KEYSCAN_ACCEPTED unique_id=769 state_id=769 sim_time=1340.900000
[INFO] [1787634728.147553300, 1342.200000000]: PHASE2C_KEYSCAN_ACCEPTED unique_id=770 state_id=770 sim_time=1342.200000
[INFO] [1787634729.493360653, 1343.500000000]: PHASE2C_KEYSCAN_ACCEPTED unique_id=771 state_id=771 sim_time=1343.500000
[INFO] [1787634730.842288425, 1344.900000000]: PHASE2C_KEYSCAN_ACCEPTED unique_id=772 state_id=772 sim_time=1344.900000
[INFO] [1787634732.080163930, 1346.100000000]: PHASE2C_KEYSCAN_ACCEPTED unique_id=773 state_id=773 sim_time=1346.100000
[INFO] [1787634733.448159767, 1347.500000000]: PHASE2C_KEYSCAN_ACCEPTED unique_id=774 state_id=774 sim_time=1347.500000
[INFO] [1787634734.791080058, 1348.800000000]: PHASE2C_KEYSCAN_ACCEPTED unique_id=775 state_id=775 sim_time=1348.800000
[INFO] [1787634736.053637761, 1350.100000000]: PHASE2C_KEYSCAN_ACCEPTED unique_id=776 state_id=776 sim_time=1350.100000
[INFO] [1787634737.459227096, 1351.500000000]: PHASE2C_KEYSCAN_ACCEPTED unique_id=777 state_id=777 sim_time=1351.500000
[INFO] [1787634738.444155507, 1352.500000000]: PHASE2C_KEYSCAN_ACCEPTED unique_id=778 state_id=778 sim_time=1352.500000
[INFO] [1787634739.957578807, 1354.000000000]: PHASE2C_KEYSCAN_ACCEPTED unique_id=779 state_id=779 sim_time=1354.000000
[INFO] [1787634741.242800835, 1355.300000000]: PHASE2C_KEYSCAN_ACCEPTED unique_id=780 state_id=780 sim_time=1355.300000
[INFO] [1787634743.047069392, 1357.100000000]: PHASE2C_KEYSCAN_ACCEPTED unique_id=781 state_id=781 sim_time=1356.700000
[INFO] [1787634744.046424070, 1358.100000000]: PHASE2C_KEYSCAN_ACCEPTED unique_id=782 state_id=782 sim_time=1358.100000
[INFO] [1787634745.285287972, 1359.300000000]: PHASE2C_KEYSCAN_ACCEPTED unique_id=783 state_id=783 sim_time=1359.300000
[INFO] [1787634746.751725281, 1360.800000000]: PHASE2C_KEYSCAN_ACCEPTED unique_id=784 state_id=784 sim_time=1360.800000
[INFO] [1787634748.173273211, 1362.200000000]: PHASE2C_KEYSCAN_ACCEPTED unique_id=785 state_id=785 sim_time=1362.200000
Warning: TF_REPEATED_DATA ignoring data with redundant timestamp for frame odom (parent offset) at time 1362.400000 according to authority unknown_publisher
         at line 277 in /tmp/binarydeb/ros-noetic-tf2-0.7.10/src/buffer_core.cpp
Warning: TF_REPEATED_DATA ignoring data with redundant timestamp for frame offset (parent map) at time 1362.400000 according to authority unknown_publisher
         at line 277 in /tmp/binarydeb/ros-noetic-tf2-0.7.10/src/buffer_core.cpp
[INFO] [1787634713.326540415, 1327.300000000]: Call local replanning...
[INFO] [1787634719.466649371, 1333.500000000]: Call local replanning...
[INFO] [1787634725.079343211, 1339.100000000]: Call local replanning...
[INFO] [1787634725.098728466, 1339.100000000]: Reach vertex 28
[INFO] [1787634725.098799327, 1339.100000000]: Set newGoal 34
[INFO] [1787634731.563106564, 1345.600000000]: Call local replanning...
[INFO] [1787634737.126278712, 1351.100000000]: Call local replanning...
[INFO] [1787634737.144965037, 1351.200000000]: Skip currGoal 34 that has no frontier and seen by robot
[INFO] [1787634737.145011116, 1351.200000000]: Set newGoal 33
[INFO] [1787634743.484664258, 1357.500000000]: Call local replanning...
Warning: TF_REPEATED_DATA ignoring data with redundant timestamp for frame odom (parent offset) at time 1362.400000 according to authority unknown_publisher
         at line 277 in /tmp/binarydeb/ros-noetic-tf2-0.7.10/src/buffer_core.cpp
Warning: TF_REPEATED_DATA ignoring data with redundant timestamp for frame offset (parent map) at time 1362.400000 according to authority unknown_publisherWarning: 
         at line TF_REPEATED_DATA ignoring data with redundant timestamp for frame odom (parent offset) at time 1362.400000 according to authority unknown_publisher277
 in          at line /tmp/binarydeb/ros-noetic-tf2-0.7.10/src/buffer_core.cpp
277 in /tmp/binarydeb/ros-noetic-tf2-0.7.10/src/buffer_core.cpp
Warning: TF_REPEATED_DATA ignoring data with redundant timestamp for frame odom (parent offset) at time 1362.400000 according to authority unknown_publisher
         at line 277 in /tmp/binarydeb/ros-noetic-tf2-0.7.10/src/buffer_core.cpp
Warning: TF_REPEATED_DATA ignoring data with redundant timestamp for frame offset (parent map) at time 1362.400000 according to authority unknown_publisher
         at line 277 in /tmp/binarydeb/ros-noetic-tf2-0.7.10/src/buffer_core.cpp
Warning: TF_REPEATED_DATA ignoring data with redundant timestamp for frame offset (parent map) at time 1362.400000 according to authority unknown_publisher
         at line 277 in /tmp/binarydeb/ros-noetic-tf2-0.7.10/src/buffer_core.cpp
[WARN] [1787634748.358067909, 1362.400000000]: TF_REPEATED_DATA ignoring data with redundant timestamp for frame odom (parent offset) at time 1362.400000 according to authority unknown_publisher
[WARN] [1787634748.358102673, 1362.400000000]: TF_REPEATED_DATA ignoring data with redundant timestamp for frame offset (parent map) at time 1362.400000 according to authority unknown_publisher
concorde /tmp/tmpicgj7rfd/problem.tsp
Host: msxg  Current process id: 74228
Using random seed 1787634749
Number of Nodes: 6
Explicit Lengths (CC_MATRIXNORM)
Optimal Solution: 206.00
Total Running Time: 0.00 (seconds)
concorde /tmp/tmppdfrkx7u/problem.tsp
Host: msxg  Current process id: 74252
Using random seed 1787634754
Number of Nodes: 6
Explicit Lengths (CC_MATRIXNORM)
Optimal Solution: 206.00
Total Running Time: 0.00 (seconds)
concorde /tmp/tmpdte7a7ik/problem.tsp
Host: msxg  Current process id: 74326
Using random seed 1787634760
Number of Nodes: 6
Explicit Lengths (CC_MATRIXNORM)
Optimal Solution: 206.00
Total Running Time: 0.00 (seconds)
[WARN] [1787634760.787492875, 1374.800000000]: No frontier at vertex 33. #Frontier: 0
[WARN] [1787634760.900419580, 1374.900000000]: Missed desired rate of 1.00Hz! Loop actually took 1.3000 seconds!
[INFO] [1787634749.851342348, 1363.900000000]: PHASE2C_KEYSCAN_ACCEPTED unique_id=786 state_id=786 sim_time=1363.900000
[INFO] [1787634751.172321366, 1365.200000000]: PHASE2C_KEYSCAN_ACCEPTED unique_id=787 state_id=787 sim_time=1365.200000
[INFO] [1787634752.442266418, 1366.500000000]: PHASE2C_KEYSCAN_ACCEPTED unique_id=788 state_id=788 sim_time=1366.500000
[INFO] [1787634754.561516124, 1368.600000000]: PHASE2C_KEYSCAN_ACCEPTED unique_id=789 state_id=789 sim_time=1368.600000
[INFO] [1787634755.353942398, 1369.400000000]: PHASE2C_KEYSCAN_ACCEPTED unique_id=790 state_id=790 sim_time=1369.400000
[INFO] [1787634755.949521205, 1370.000000000]: PHASE2C_KEYSCAN_ACCEPTED unique_id=791 state_id=791 sim_time=1370.000000
[INFO] [1787634756.564656265, 1370.600000000]: PHASE2C_KEYSCAN_ACCEPTED unique_id=792 state_id=792 sim_time=1370.600000
[INFO] [1787634757.055631298, 1371.100000000]: PHASE2C_KEYSCAN_ACCEPTED unique_id=793 state_id=793 sim_time=1371.100000
[INFO] [1787634757.759151453, 1371.800000000]: PHASE2C_KEYSCAN_ACCEPTED unique_id=794 state_id=794 sim_time=1371.800000
[INFO] [1787634758.670136048, 1372.700000000]: PHASE2C_KEYSCAN_ACCEPTED unique_id=795 state_id=795 sim_time=1372.700000
[INFO] [1787634760.246648523, 1374.300000000]: PHASE2C_KEYSCAN_ACCEPTED unique_id=796 state_id=796 sim_time=1374.300000
[INFO] [1787634761.482676453, 1375.500000000]: PHASE2C_KEYSCAN_ACCEPTED unique_id=797 state_id=797 sim_time=1375.500000
[INFO] [1787634762.050283886, 1376.100000000]: PHASE2C_KEYSCAN_ACCEPTED unique_id=798 state_id=798 sim_time=1376.100000
[INFO] [1787634762.760253801, 1376.800000000]: PHASE2C_KEYSCAN_ACCEPTED unique_id=799 state_id=799 sim_time=1376.800000
[INFO] [1787634763.557594139, 1377.600000000]: PHASE2C_KEYSCAN_ACCEPTED unique_id=800 state_id=800 sim_time=1377.500000
[INFO] [1787634764.761339602, 1378.800000000]: PHASE2C_KEYSCAN_ACCEPTED unique_id=801 state_id=801 sim_time=1378.800000
[INFO] [1787634766.181978834, 1380.200000000]: PHASE2C_KEYSCAN_ACCEPTED unique_id=802 state_id=802 sim_time=1380.200000
[INFO] [1787634773.576277492, 1387.600000000]: PHASE2C_KEYSCAN_ACCEPTED unique_id=803 state_id=803 sim_time=1387.600000
[INFO] [1787634774.768013692, 1388.800000000]: PHASE2C_KEYSCAN_ACCEPTED unique_id=804 state_id=804 sim_time=1388.800000
[INFO] [1787634776.209583165, 1390.200000000]: PHASE2C_KEYSCAN_ACCEPTED unique_id=805 state_id=805 sim_time=1390.200000
[INFO] [1787634777.570148949, 1391.600000000]: PHASE2C_KEYSCAN_ACCEPTED unique_id=806 state_id=806 sim_time=1391.600000
Warning: TF_REPEATED_DATA ignoring data with redundant timestamp for frame odom (parent offset) at time 1391.800000 according to authority unknown_publisher
         at line 277 in /tmp/binarydeb/ros-noetic-tf2-0.7.10/src/buffer_core.cpp
[INFO] [1787634749.386648332, 1363.400000000]: Call local replanning...
[INFO] [1787634754.324673036, 1368.300000000]: Call local replanning...
[INFO] [1787634754.343658565, 1368.400000000]: Reach vertex 33
[INFO] [1787634754.346394852, 1368.400000000]: Explore Goal 33 's frontiers...
[INFO] [1787634760.769381016, 1374.800000000]: Call local replanning...
[INFO] [1787634760.787557648, 1374.800000000]: Skip repeated visit to vertex 27
[INFO] [1787634760.787572051, 1374.800000000]: Set newGoal 26
[INFO] [1787634766.317594431, 1380.300000000]: Next target is loop vertex 26(L)
[INFO] [1787634766.320156723, 1380.300000000]: Set reliable loop closing path from reliable_loop_service.
[INFO] [1787634766.320195538, 1380.300000000]: PHASE2_LOOP_PLANNED vertex=26 source=reliable_loop_service waypoints=31 path=50.5475121,21.2616959;50.1969604,21.0454979;49.8464127,20.8293018;49.5177078,20.4764175;49.1890068,20.1235313;48.8581085,19.7830677;48.5272141,19.4426041;48.1897049,19.1073074;47.8521919,18.7720089;47.5759201,18.6400719;47.5506897,18.6118832;47.1858521,18.9804306;46.8210182,19.348978;46.4225922,19.7887039;46.0241699,20.2284317;45.6361084,20.5834999;45.2480431,20.9385662;44.8492355,21.1436672;44.4504242,21.3487682;43.9698334,21.401638;43.4892387,21.4545097;43.0058784,21.4300079;42.5225182,21.4055061;42.0421143,21.3666973;41.5617142,21.3278885;41.072113,21.3007164;40.5825081,21.2735462;40.0885544,21.2665787;39.5945969,21.259613;39.1273537,21.2570648;38.6601105,21.2545185
[INFO] [1787634766.320209228, 1380.300000000]: Exploration is waiting.
[INFO] [1787634772.316947300, 1386.300000000]: PHASE2_LOOP_EXECUTION_STARTED vertex=26 waypoints=31
Warning: Warning: TF_REPEATED_DATA ignoring data with redundant timestamp for frame offset (parent map) at time 1391.800000 according to authority unknown_publisher
TF_REPEATED_DATA ignoring data with redundant timestamp for frame odom (parent offset) at time 1391.800000 according to authority unknown_publisher         at line 
277         at line  in /tmp/binarydeb/ros-noetic-tf2-0.7.10/src/buffer_core.cpp277
 in /tmp/binarydeb/ros-noetic-tf2-0.7.10/src/buffer_core.cpp
Warning: TF_REPEATED_DATA ignoring data with redundant timestamp for frame offset (parent map) at time 1391.800000 according to authority unknown_publisher
         at line 277 in /tmp/binarydeb/ros-noetic-tf2-0.7.10/src/buffer_core.cpp
Warning: TF_REPEATED_DATA ignoring data with redundant timestamp for frame odom (parent offset) at time 1391.800000 according to authority unknown_publisher
         at line 277 in /tmp/binarydeb/ros-noetic-tf2-0.7.10/src/buffer_core.cpp
Warning: TF_REPEATED_DATA ignoring data with redundant timestamp for frame odom (parent offset) at time 1391.800000 according to authority unknown_publisher
         at line 277 in /tmp/binarydeb/ros-noetic-tf2-0.7.10/src/buffer_core.cpp
Warning: TF_REPEATED_DATA ignoring data with redundant timestamp for frame offset (parent map) at time 1391.800000 according to authority unknown_publisher
         at line 277[WARN] [1787634777.758935168, 1391.800000000]: TF_REPEATED_DATA ignoring data with redundant timestamp for frame odom (parent offset) at time 1391.800000 according to authority unknown_publisher
 in /tmp/binarydeb/ros-noetic-tf2-0.7.10/src/buffer_core.cpp
Warning: TF_REPEATED_DATA ignoring data with redundant timestamp for frame offset (parent map) at time 1391.800000 according to authority unknown_publisher
         at line 277 in /tmp/binarydeb/ros-noetic-tf2-0.7.10/src/buffer_core.cpp
[WARN] [1787634777.758961259, 1391.800000000]: TF_REPEATED_DATA ignoring data with redundant timestamp for frame offset (parent map) at time 1391.800000 according to authority unknown_publisher
[INFO] [1787634778.800879612, 1392.800000000]: PHASE2C_KEYSCAN_ACCEPTED unique_id=807 state_id=807 sim_time=1392.800000
[INFO] [1787634780.056816550, 1394.100000000]: PHASE2C_KEYSCAN_ACCEPTED unique_id=808 state_id=808 sim_time=1394.100000
[INFO] [1787634781.477477375, 1395.500000000]: PHASE2C_KEYSCAN_ACCEPTED unique_id=809 state_id=809 sim_time=1395.500000
[INFO] [1787634783.065882439, 1397.100000000]: PHASE2C_KEYSCAN_ACCEPTED unique_id=810 state_id=810 sim_time=1397.100000
Warning: TF_REPEATED_DATA ignoring data with redundant timestamp for frame odom (parent offset) at time 1397.300000 according to authority unknown_publisher
         at line 277 in /tmp/binarydeb/ros-noetic-tf2-0.7.10/src/buffer_core.cpp
Warning: TF_REPEATED_DATA ignoring data with redundant timestamp for frame offset (parent map) at time 1397.300000 according to authority unknown_publisher
         at line 277 in Warning: /tmp/binarydeb/ros-noetic-tf2-0.7.10/src/buffer_core.cppTF_REPEATED_DATA ignoring data with redundant timestamp for frame odom (parent offset) at time 1397.300000 according to authority unknown_publisher

         at line 277 in /tmp/binarydeb/ros-noetic-tf2-0.7.10/src/buffer_core.cpp
Warning: TF_REPEATED_DATA ignoring data with redundant timestamp for frame offset (parent map) at time 1397.300000 according to authority unknown_publisher
         at line 277 in /tmp/binarydeb/ros-noetic-tf2-0.7.10/src/buffer_core.cpp
Warning: [WARN] [1787634783.255603841, 1397.300000000]: TF_REPEATED_DATA ignoring data with redundant timestamp for frame odom (parent offset) at time 1397.300000 according to authority unknown_publisher
TF_REPEATED_DATA ignoring data with redundant timestamp for frame odom (parent offset) at time 1397.300000 according to authority unknown_publisher
         at line 277 in /tmp/binarydeb/ros-noetic-tf2-0.7.10/src/buffer_core.cpp
Warning: TF_REPEATED_DATA ignoring data with redundant timestamp for frame offset (parent map) at time 1397.300000 according to authority unknown_publisher[WARN] [1787634783.255631806, 1397.300000000]: TF_REPEATED_DATA ignoring data with redundant timestamp for frame offset (parent map) at time 1397.300000 according to authority unknown_publisher

         at line 277 in Warning: /tmp/binarydeb/ros-noetic-tf2-0.7.10/src/buffer_core.cppTF_REPEATED_DATA ignoring data with redundant timestamp for frame odom (parent offset) at time 1397.300000 according to authority unknown_publisher

         at line 277 in /tmp/binarydeb/ros-noetic-tf2-0.7.10/src/buffer_core.cpp
Warning: TF_REPEATED_DATA ignoring data with redundant timestamp for frame offset (parent map) at time 1397.300000 according to authority unknown_publisher
         at line 277 in /tmp/binarydeb/ros-noetic-tf2-0.7.10/src/buffer_core.cpp
[INFO] [1787634786.021677346, 1400.000000000]: PHASE2C_KEYSCAN_ACCEPTED unique_id=811 state_id=811 sim_time=1400.000000
[INFO] [1787634790.501349151, 1404.500000000]: PHASE2C_KEYSCAN_ACCEPTED unique_id=812 state_id=812 sim_time=1404.500000
[INFO] [1787634792.497269582, 1406.500000000]: PHASE2C_KEYSCAN_ACCEPTED unique_id=813 state_id=813 sim_time=1406.500000
[INFO] [1787634793.852581365, 1407.900000000]: PHASE2C_KEYSCAN_ACCEPTED unique_id=814 state_id=814 sim_time=1407.900000
[INFO] [1787634796.201710426, 1410.200000000]: PHASE2C_KEYSCAN_ACCEPTED unique_id=815 state_id=815 sim_time=1410.200000
[INFO] [1787634797.448042660, 1411.500000000]: PHASE2C_KEYSCAN_ACCEPTED unique_id=816 state_id=816 sim_time=1411.500000
[INFO] [1787634798.860612391, 1412.900000000]: PHASE2C_KEYSCAN_ACCEPTED unique_id=817 state_id=817 sim_time=1412.700000
Warning: TF_REPEATED_DATA ignoring data with redundant timestamp for frame odom (parent offset) at time 1412.900000 according to authority unknown_publisher
         at line 277 in /tmp/binarydeb/ros-noetic-tf2-0.7.10/src/buffer_core.cpp
Warning: TF_REPEATED_DATA ignoring data with redundant timestamp for frame offset (parent map) at time 1412.900000 according to authority unknown_publisher
         at line 277 in /tmp/binarydeb/ros-noetic-tf2-0.7.10/src/buffer_core.cpp
Warning: TF_REPEATED_DATA ignoring data with redundant timestamp for frame odom (parent offset) at time 1412.900000 according to authority unknown_publisher
         at line 277 in /tmp/binarydeb/ros-noetic-tf2-0.7.10/src/buffer_core.cpp
Warning: TF_REPEATED_DATA ignoring data with redundant timestamp for frame offset (parent map) at time 1412.900000 according to authority unknown_publisher
         at line 277 in /tmp/binarydeb/ros-noetic-tf2-0.7.10/src/buffer_core.cpp
Warning: Warning: TF_REPEATED_DATA ignoring data with redundant timestamp for frame odom (parent offset) at time 1412.900000 according to authority unknown_publisherTF_REPEATED_DATA ignoring data with redundant timestamp for frame odom (parent offset) at time 1412.900000 according to authority unknown_publisher

         at line          at line 277277 in  in /tmp/binarydeb/ros-noetic-tf2-0.7.10/src/buffer_core.cpp/tmp/binarydeb/ros-noetic-tf2-0.7.10/src/buffer_core.cpp

Warning: TF_REPEATED_DATA ignoring data with redundant timestamp for frame offset (parent map) at time 1412.900000 according to authority unknown_publisher
         at line Warning: 277TF_REPEATED_DATA ignoring data with redundant timestamp for frame offset (parent map) at time 1412.900000 according to authority unknown_publisher in 
/tmp/binarydeb/ros-noetic-tf2-0.7.10/src/buffer_core.cpp         at line 
277 in /tmp/binarydeb/ros-noetic-tf2-0.7.10/src/buffer_core.cpp
[WARN] [1787634798.861113277, 1412.900000000]: TF_REPEATED_DATA ignoring data with redundant timestamp for frame odom (parent offset) at time 1412.900000 according to authority unknown_publisher
[WARN] [1787634798.861136553, 1412.900000000]: TF_REPEATED_DATA ignoring data with redundant timestamp for frame offset (parent map) at time 1412.900000 according to authority unknown_publisher
[WARN] [1787634803.696358318, 1417.700000000]: Missed desired rate of 1.00Hz! Loop actually took 1.1000 seconds!
[INFO] [1787634800.445127899, 1414.500000000]: PHASE2C_KEYSCAN_ACCEPTED unique_id=818 state_id=818 sim_time=1414.500000
[INFO] [1787634801.905630312, 1415.900000000]: PHASE2C_KEYSCAN_ACCEPTED unique_id=819 state_id=819 sim_time=1415.900000
[INFO] [1787634803.343450164, 1417.400000000]: PHASE2C_KEYSCAN_ACCEPTED unique_id=820 state_id=820 sim_time=1417.400000
[INFO] [1787634804.382872764, 1418.400000000]: PHASE2C_KEYSCAN_ACCEPTED unique_id=821 state_id=821 sim_time=1418.400000
[INFO] [1787634805.061164760, 1419.100000000]: PHASE2C_KEYSCAN_ACCEPTED unique_id=822 state_id=822 sim_time=1419.100000
[INFO] [1787634805.664499726, 1419.700000000]: PHASE2C_KEYSCAN_ACCEPTED unique_id=823 state_id=823 sim_time=1419.700000
[INFO] [1787634806.393783397, 1420.400000000]: PHASE2C_KEYSCAN_ACCEPTED unique_id=824 state_id=824 sim_time=1420.400000
Warning: TF_REPEATED_DATA ignoring data with redundant timestamp for frame odom (parent offset) at time 1420.900000 according to authority unknown_publisher
         at line 277 in /tmp/binarydeb/ros-noetic-tf2-0.7.10/src/buffer_core.cpp
Warning: [WARN] [1787634806.834305856, 1420.900000000]: TF_REPEATED_DATA ignoring data with redundant timestamp for frame odom (parent offset) at time 1420.900000 according to authority unknown_publisher
Warning: TF_REPEATED_DATA ignoring data with redundant timestamp for frame offset (parent map) at time 1420.900000 according to authority unknown_publisherTF_REPEATED_DATA ignoring data with redundant timestamp for frame odom (parent offset) at time 1420.900000 according to authority unknown_publisher

         at line          at line 277277 in  in /tmp/binarydeb/ros-noetic-tf2-0.7.10/src/buffer_core.cpp/tmp/binarydeb/ros-noetic-tf2-0.7.10/src/buffer_core.cpp

Warning: TF_REPEATED_DATA ignoring data with redundant timestamp for frame offset (parent map) at time 1420.900000 according to authority unknown_publisher
         at line 277 in [WARN] [1787634806.834341527, 1420.900000000]: TF_REPEATED_DATA ignoring data with redundant timestamp for frame offset (parent map) at time 1420.900000 according to authority unknown_publisher
/tmp/binarydeb/ros-noetic-tf2-0.7.10/src/buffer_core.cpp
Warning: TF_REPEATED_DATA ignoring data with redundant timestamp for frame odom (parent offset) at time 1420.900000 according to authority unknown_publisher
         at line 277 in /tmp/binarydeb/ros-noetic-tf2-0.7.10/src/buffer_core.cpp
Warning: TF_REPEATED_DATA ignoring data with redundant timestamp for frame offset (parent map) at time 1420.900000 according to authority unknown_publisher
         at line 277 in /tmp/binarydeb/ros-noetic-tf2-0.7.10/src/buffer_core.cpp
[INFO] [1787634803.583165560, 1417.600000000]: PHASE2_LOOP_WAYPOINT_REACHED vertex=26 waypoint=0
Warning: TF_REPEATED_DATA ignoring data with redundant timestamp for frame odom (parent offset) at time 1420.900000 according to authority unknown_publisher
         at line 277 in /tmp/binarydeb/ros-noetic-tf2-0.7.10/src/buffer_core.cpp
Warning: TF_REPEATED_DATA ignoring data with redundant timestamp for frame offset (parent map) at time 1420.900000 according to authority unknown_publisher
         at line 277 in /tmp/binarydeb/ros-noetic-tf2-0.7.10/src/buffer_core.cpp
[INFO] [1787634806.961084639, 1421.000000000]: PHASE2C_KEYSCAN_ACCEPTED unique_id=825 state_id=825 sim_time=1421.000000
[INFO] [1787634807.650852866, 1421.700000000]: PHASE2C_KEYSCAN_ACCEPTED unique_id=826 state_id=826 sim_time=1421.700000
[INFO] [1787634809.072415376, 1423.100000000]: PHASE2C_KEYSCAN_ACCEPTED unique_id=827 state_id=827 sim_time=1423.100000
Warning: TF_REPEATED_DATA ignoring data with redundant timestamp for frame odom (parent offset) at time 1424.900000 according to authority unknown_publisher
         at line 277 in /tmp/binarydeb/ros-noetic-tf2-0.7.10/src/buffer_core.cpp
Warning: TF_REPEATED_DATA ignoring data with redundant timestamp for frame offset (parent map) at time 1424.900000 according to authority unknown_publisher
         at line 277 in /tmp/binarydeb/ros-noetic-tf2-0.7.10/src/buffer_core.cpp
[WARN] [1787634810.836823014, 1424.900000000]: TF_REPEATED_DATA ignoring data with redundant timestamp for frame odom (parent offset) at time 1424.900000 according to authority unknown_publisher
Warning: [WARN] [1787634810.836850895, 1424.900000000]: TF_REPEATED_DATA ignoring data with redundant timestamp for frame offset (parent map) at time 1424.900000 according to authority unknown_publisher
TF_REPEATED_DATA ignoring data with redundant timestamp for frame odom (parent offset) at time 1424.900000 according to authority unknown_publisher
         at line 277 in /tmp/binarydeb/ros-noetic-tf2-0.7.10/src/buffer_core.cpp
Warning: [INFO] [1787634809.226383494, 1423.200000000]: PHASE2_LOOP_WAYPOINT_REACHED vertex=26 waypoint=1
TF_REPEATED_DATA ignoring data with redundant timestamp for frame odom (parent offset) at time 1424.900000 according to authority unknown_publisher
         at line Warning: 277 in TF_REPEATED_DATA ignoring data with redundant timestamp for frame odom (parent offset) at time 1424.900000 according to authority unknown_publisher/tmp/binarydeb/ros-noetic-tf2-0.7.10/src/buffer_core.cpp

         at line Warning: TF_REPEATED_DATA ignoring data with redundant timestamp for frame offset (parent map) at time 1424.900000 according to authority unknown_publisher277
         at line  in 277 in /tmp/binarydeb/ros-noetic-tf2-0.7.10/src/buffer_core.cpp/tmp/binarydeb/ros-noetic-tf2-0.7.10/src/buffer_core.cpp

Warning: TF_REPEATED_DATA ignoring data with redundant timestamp for frame offset (parent map) at time 1424.900000 according to authority unknown_publisher
Warning:          at line TF_REPEATED_DATA ignoring data with redundant timestamp for frame offset (parent map) at time 1424.900000 according to authority unknown_publisher277 in 
/tmp/binarydeb/ros-noetic-tf2-0.7.10/src/buffer_core.cpp
         at line 277 in /tmp/binarydeb/ros-noetic-tf2-0.7.10/src/buffer_core.cpp
[INFO] [1787634811.300130998, 1425.300000000]: PHASE2C_KEYSCAN_ACCEPTED unique_id=828 state_id=828 sim_time=1425.300000
[INFO] [1787634812.469760911, 1426.500000000]: PHASE2C_KEYSCAN_ACCEPTED unique_id=829 state_id=829 sim_time=1426.500000
[INFO] [1787634813.392306294, 1427.400000000]: PHASE2C_KEYSCAN_ACCEPTED unique_id=830 state_id=830 sim_time=1427.400000
[INFO] [1787634814.163637821, 1428.200000000]: PHASE2C_KEYSCAN_ACCEPTED unique_id=831 state_id=831 sim_time=1428.200000
Warning: TF_REPEATED_DATA ignoring data with redundant timestamp for frame odom (parent offset) at time 1428.900000 according to authority unknown_publisher
         at line 277 in /tmp/binarydeb/ros-noetic-tf2-0.7.10/src/buffer_core.cpp
Warning: [INFO] [1787634811.338062023, 1425.400000000]: PHASE2_LOOP_WAYPOINT_REACHED vertex=26 waypoint=2
[INFO] [1787634813.545479792, 1427.600000000]: PHASE2_LOOP_WAYPOINT_REACHED vertex=26 waypoint=3
Warning: TF_REPEATED_DATA ignoring data with redundant timestamp for frame odom (parent offset) at time 1428.900000 according to authority unknown_publisherWarning: TF_REPEATED_DATA ignoring data with redundant timestamp for frame offset (parent map) at time 1428.900000 according to authority unknown_publisher
TF_REPEATED_DATA ignoring data with redundant timestamp for frame odom (parent offset) at time 1428.900000 according to authority unknown_publisher
         at line 
         at line          at line 277277277 in  in  in /tmp/binarydeb/ros-noetic-tf2-0.7.10/src/buffer_core.cpp/tmp/binarydeb/ros-noetic-tf2-0.7.10/src/buffer_core.cpp/tmp/binarydeb/ros-noetic-tf2-0.7.10/src/buffer_core.cpp


Warning: TF_REPEATED_DATA ignoring data with redundant timestamp for frame offset (parent map) at time 1428.900000 according to authority unknown_publisher
         at line Warning: 277TF_REPEATED_DATA ignoring data with redundant timestamp for frame offset (parent map) at time 1428.900000 according to authority unknown_publisher in 
/tmp/binarydeb/ros-noetic-tf2-0.7.10/src/buffer_core.cpp         at line 
277 in /tmp/binarydeb/ros-noetic-tf2-0.7.10/src/buffer_core.cpp
[WARN] [1787634814.838426401, 1428.900000000]: TF_REPEATED_DATA ignoring data with redundant timestamp for frame odom (parent offset) at time 1428.900000 according to authority unknown_publisher
[WARN] [1787634814.838473814, 1428.900000000]: TF_REPEATED_DATA ignoring data with redundant timestamp for frame offset (parent map) at time 1428.900000 according to authority unknown_publisher
Warning: TF_REPEATED_DATA ignoring data with redundant timestamp for frame odom (parent offset) at time 1428.900000 according to authority unknown_publisher
         at line 277 in /tmp/binarydeb/ros-noetic-tf2-0.7.10/src/buffer_core.cpp
Warning: TF_REPEATED_DATA ignoring data with redundant timestamp for frame offset (parent map) at time 1428.900000 according to authority unknown_publisher
         at line 277 in /tmp/binarydeb/ros-noetic-tf2-0.7.10/src/buffer_core.cpp
[WARN] [1787634815.690944335, 1429.700000000]: Missed desired rate of 1.00Hz! Loop actually took 1.1000 seconds!
[INFO] [1787634815.577881829, 1429.600000000]: PHASE2_LOOP_WAYPOINT_REACHED vertex=26 waypoint=4
Warning: TF_REPEATED_DATA ignoring data with redundant timestamp for frame odom (parent offset) at time 1432.900000 according to authority unknown_publisher
         at line 277 in /tmp/binarydeb/ros-noetic-tf2-0.7.10/src/buffer_core.cpp[WARN] [1787634818.836655420, 1432.900000000]: TF_REPEATED_DATA ignoring data with redundant timestamp for frame odom (parent offset) at time 1432.900000 according to authority unknown_publisher

Warning: TF_REPEATED_DATA ignoring data with redundant timestamp for frame offset (parent map) at time 1432.900000 according to authority unknown_publisher
         at line 277 in /tmp/binarydeb/ros-noetic-tf2-0.7.10/src/buffer_core.cpp
[INFO] [1787634815.061669091, 1429.100000000]: PHASE2C_KEYSCAN_ACCEPTED unique_id=832 state_id=832 sim_time=1429.100000
[INFO] [1787634815.818654066, 1429.800000000]: PHASE2C_KEYSCAN_ACCEPTED unique_id=833 state_id=833 sim_time=1429.800000
[INFO] [1787634816.469714421, 1430.500000000]: PHASE2C_KEYSCAN_ACCEPTED unique_id=834 state_id=834 sim_time=1430.500000
[INFO] [1787634817.057460784, 1431.100000000]: PHASE2C_KEYSCAN_ACCEPTED unique_id=835 state_id=835 sim_time=1430.800000
[INFO] [1787634817.795274628, 1431.800000000]: PHASE2C_KEYSCAN_ACCEPTED unique_id=836 state_id=836 sim_time=1431.800000
[WARN] [1787634818.836678990, 1432.900000000]: TF_REPEATED_DATA ignoring data with redundant timestamp for frame offset (parent map) at time 1432.900000 according to authority unknown_publisher
Warning: Warning: TF_REPEATED_DATA ignoring data with redundant timestamp for frame odom (parent offset) at time 1432.900000 according to authority unknown_publisherTF_REPEATED_DATA ignoring data with redundant timestamp for frame odom (parent offset) at time 1432.900000 according to authority unknown_publisher

         at line          at line 277 in 277/tmp/binarydeb/ros-noetic-tf2-0.7.10/src/buffer_core.cpp in 
/tmp/binarydeb/ros-noetic-tf2-0.7.10/src/buffer_core.cpp
Warning: TF_REPEATED_DATA ignoring data with redundant timestamp for frame offset (parent map) at time 1432.900000 according to authority unknown_publisher
         at line 277Warning:  in TF_REPEATED_DATA ignoring data with redundant timestamp for frame offset (parent map) at time 1432.900000 according to authority unknown_publisher/tmp/binarydeb/ros-noetic-tf2-0.7.10/src/buffer_core.cpp

         at line 277 in /tmp/binarydeb/ros-noetic-tf2-0.7.10/src/buffer_core.cpp
Warning: TF_REPEATED_DATA ignoring data with redundant timestamp for frame odom (parent offset) at time 1432.900000 according to authority unknown_publisher
         at line 277 in /tmp/binarydeb/ros-noetic-tf2-0.7.10/src/buffer_core.cpp
Warning: TF_REPEATED_DATA ignoring data with redundant timestamp for frame offset (parent map) at time 1432.900000 according to authority unknown_publisher
         at line 277 in /tmp/binarydeb/ros-noetic-tf2-0.7.10/src/buffer_core.cpp
[WARN] [1787634819.698567322, 1433.700000000]: Missed desired rate of 1.00Hz! Loop actually took 1.1000 seconds!
[WARN] [1787634821.867184484, 1435.900000000]: Missed desired rate of 1.00Hz! Loop actually took 1.3000 seconds!
[INFO] [1787634818.960312245, 1433.000000000]: PHASE2C_KEYSCAN_ACCEPTED unique_id=837 state_id=837 sim_time=1433.000000
[INFO] [1787634821.097439345, 1435.100000000]: PHASE2C_KEYSCAN_ACCEPTED unique_id=838 state_id=838 sim_time=1434.700000
[INFO] [1787634822.459596975, 1436.500000000]: PHASE2C_KEYSCAN_ACCEPTED unique_id=839 state_id=839 sim_time=1436.500000
[INFO] [1787634823.370058973, 1437.400000000]: PHASE2C_KEYSCAN_ACCEPTED unique_id=840 state_id=840 sim_time=1437.400000
[INFO] [1787634825.153623827, 1439.200000000]: PHASE2C_KEYSCAN_ACCEPTED unique_id=841 state_id=841 sim_time=1439.200000
[INFO] [1787634826.886378845, 1440.900000000]: PHASE2C_KEYSCAN_ACCEPTED unique_id=842 state_id=842 sim_time=1440.700000
Warning: TF_REPEATED_DATA ignoring data with redundant timestamp for frame odom (parent offset) at time 1440.900000 according to authority unknown_publisher
         at line 277 in /tmp/binarydeb/ros-noetic-tf2-0.7.10/src/buffer_core.cpp
Warning: TF_REPEATED_DATA ignoring data with redundant timestamp for frame offset (parent map) at time 1440.900000 according to authority unknown_publisher
         at line 277 in /tmp/binarydeb/ros-noetic-tf2-0.7.10/src/buffer_core.cpp
Warning: TF_REPEATED_DATA ignoring data with redundant timestamp for frame odom (parent offset) at time 1440.900000 according to authority unknown_publisher
         at line 277 in /tmp/binarydeb/ros-noetic-tf2-0.7.10/src/buffer_core.cpp
Warning: TF_REPEATED_DATA ignoring data with redundant timestamp for frame offset (parent map) at time 1440.900000 according to authority unknown_publisher
         at line 277 in /tmp/binarydeb/ros-noetic-tf2-0.7.10/src/buffer_core.cpp
Warning: TF_REPEATED_DATA ignoring data with redundant timestamp for frame odom (parent offset) at time 1440.900000 according to authority unknown_publisher
[INFO] [1787634819.586104156, 1433.600000000]: PHASE2_LOOP_WAYPOINT_REACHED vertex=26 waypoint=5
[INFO] [1787634821.755294339, 1435.800000000]: PHASE2_LOOP_WAYPOINT_REACHED vertex=26 waypoint=6
[INFO] [1787634823.341714518, 1437.400000000]: PHASE2_LOOP_WAYPOINT_REACHED vertex=26 waypoint=7
[INFO] [1787634825.542570581, 1439.600000000]: PHASE2_LOOP_WAYPOINT_REACHED vertex=26 waypoint=8
         at line Warning: 277TF_REPEATED_DATA ignoring data with redundant timestamp for frame odom (parent offset) at time 1440.900000 according to authority unknown_publisher in 
/tmp/binarydeb/ros-noetic-tf2-0.7.10/src/buffer_core.cpp         at line 
277 in /tmp/binarydeb/ros-noetic-tf2-0.7.10/src/buffer_core.cpp
Warning: Warning: TF_REPEATED_DATA ignoring data with redundant timestamp for frame offset (parent map) at time 1440.900000 according to authority unknown_publisherTF_REPEATED_DATA ignoring data with redundant timestamp for frame offset (parent map) at time 1440.900000 according to authority unknown_publisher

         at line          at line 277277 in  in /tmp/binarydeb/ros-noetic-tf2-0.7.10/src/buffer_core.cpp/tmp/binarydeb/ros-noetic-tf2-0.7.10/src/buffer_core.cpp

[WARN] [1787634826.886823971, 1440.900000000]: TF_REPEATED_DATA ignoring data with redundant timestamp for frame odom (parent offset) at time 1440.900000 according to authority unknown_publisher
[WARN] [1787634826.886853602, 1440.900000000]: TF_REPEATED_DATA ignoring data with redundant timestamp for frame offset (parent map) at time 1440.900000 according to authority unknown_publisher
Warning: TF_REPEATED_DATA ignoring data with redundant timestamp for frame odom (parent offset) at time 1442.900000 according to authority unknown_publisher
         at line 277 in /tmp/binarydeb/ros-noetic-tf2-0.7.10/src/buffer_core.cpp
Warning: Warning: TF_REPEATED_DATA ignoring data with redundant timestamp for frame odom (parent offset) at time 1442.900000 according to authority unknown_publisherTF_REPEATED_DATA ignoring data with redundant timestamp for frame odom (parent offset) at time 1442.900000 according to authority unknown_publisher

         at line          at line [INFO] [1787634827.463516556, 1441.500000000]: PHASE2C_KEYSCAN_ACCEPTED unique_id=843 state_id=843 sim_time=1441.500000
[INFO] [1787634828.181702524, 1442.200000000]: PHASE2C_KEYSCAN_ACCEPTED unique_id=844 state_id=844 sim_time=1442.200000
277Warning: 277 in TF_REPEATED_DATA ignoring data with redundant timestamp for frame odom (parent offset) at time 1442.900000 according to authority unknown_publisher in /tmp/binarydeb/ros-noetic-tf2-0.7.10/src/buffer_core.cpp
/tmp/binarydeb/ros-noetic-tf2-0.7.10/src/buffer_core.cpp
         at line 
277 in Warning: /tmp/binarydeb/ros-noetic-tf2-0.7.10/src/buffer_core.cppTF_REPEATED_DATA ignoring data with redundant timestamp for frame offset (parent map) at time 1442.900000 according to authority unknown_publisher

         at line Warning: 277TF_REPEATED_DATA ignoring data with redundant timestamp for frame offset (parent map) at time 1442.900000 according to authority unknown_publisher in 
/tmp/binarydeb/ros-noetic-tf2-0.7.10/src/buffer_core.cppWarning:          at line 
TF_REPEATED_DATA ignoring data with redundant timestamp for frame offset (parent map) at time 1442.900000 according to authority unknown_publisher277
 in Warning:          at line /tmp/binarydeb/ros-noetic-tf2-0.7.10/src/buffer_core.cppTF_REPEATED_DATA ignoring data with redundant timestamp for frame offset (parent map) at time 1442.900000 according to authority unknown_publisher277

 in          at line [WARN] [1787634828.834354163, 1442.900000000]: TF_REPEATED_DATA ignoring data with redundant timestamp for frame odom (parent offset) at time 1442.900000 according to authority unknown_publisher
/tmp/binarydeb/ros-noetic-tf2-0.7.10/src/buffer_core.cpp277
 in /tmp/binarydeb/ros-noetic-tf2-0.7.10/src/buffer_core.cpp
[WARN] [1787634828.834377380, 1442.900000000]: TF_REPEATED_DATA ignoring data with redundant timestamp for frame offset (parent map) at time 1442.900000 according to authority unknown_publisher
[INFO] [1787634828.991899532, 1443.000000000]: PHASE2C_KEYSCAN_ACCEPTED unique_id=845 state_id=845 sim_time=1443.000000
[INFO] [1787634829.792321100, 1443.800000000]: PHASE2C_KEYSCAN_ACCEPTED unique_id=846 state_id=846 sim_time=1443.800000
Warning: TF_REPEATED_DATA ignoring data with redundant timestamp for frame odom (parent offset) at time 1444.900000 according to authority unknown_publisherWarning: 
TF_REPEATED_DATA ignoring data with redundant timestamp for frame odom (parent offset) at time 1444.900000 according to authority unknown_publisher         at line 
         at line 277 in 277/tmp/binarydeb/ros-noetic-tf2-0.7.10/src/buffer_core.cpp in 
/tmp/binarydeb/ros-noetic-tf2-0.7.10/src/buffer_core.cpp
Warning: TF_REPEATED_DATA ignoring data with redundant timestamp for frame offset (parent map) at time 1444.900000 according to authority unknown_publisher
         at line Warning: 277TF_REPEATED_DATA ignoring data with redundant timestamp for frame offset (parent map) at time 1444.900000 according to authority unknown_publisher in 
/tmp/binarydeb/ros-noetic-tf2-0.7.10/src/buffer_core.cpp         at line 
277 in /tmp/binarydeb/ros-noetic-tf2-0.7.10/src/buffer_core.cpp
Warning: TF_REPEATED_DATA ignoring data with redundant timestamp for frame odom (parent offset) at time 1444.900000 according to authority unknown_publisherWarning: 
TF_REPEATED_DATA ignoring data with redundant timestamp for frame odom (parent offset) at time 1444.900000 according to authority unknown_publisher         at line [WARN] [1787634830.847621487, 1444.900000000]: TF_REPEATED_DATA ignoring data with redundant timestamp for frame odom (parent offset) at time 1444.900000 according to authority unknown_publisher

277         at line  in 277/tmp/binarydeb/ros-noetic-tf2-0.7.10/src/buffer_core.cpp in 
/tmp/binarydeb/ros-noetic-tf2-0.7.10/src/buffer_core.cpp
Warning: TF_REPEATED_DATA ignoring data with redundant timestamp for frame offset (parent map) at time 1444.900000 according to authority unknown_publisher
         at line Warning: 277[WARN] [1787634830.847650146, 1444.900000000]: TF_REPEATED_DATA ignoring data with redundant timestamp for frame offset (parent map) at time 1444.900000 according to authority unknown_publisher
TF_REPEATED_DATA ignoring data with redundant timestamp for frame offset (parent map) at time 1444.900000 according to authority unknown_publisher in 
/tmp/binarydeb/ros-noetic-tf2-0.7.10/src/buffer_core.cpp         at line 
277 in /tmp/binarydeb/ros-noetic-tf2-0.7.10/src/buffer_core.cpp
[INFO] [1787634831.397549946, 1445.400000000]: PHASE2C_KEYSCAN_ACCEPTED unique_id=847 state_id=847 sim_time=1445.400000
[INFO] [1787634832.373011759, 1446.400000000]: PHASE2C_KEYSCAN_ACCEPTED unique_id=848 state_id=848 sim_time=1446.400000
Warning: TF_REPEATED_DATA ignoring data with redundant timestamp for frame odom (parent offset) at time 1446.900000 according to authority unknown_publisher
         at line 277 in /tmp/binarydeb/ros-noetic-tf2-0.7.10/src/buffer_core.cpp
Warning: TF_REPEATED_DATA ignoring data with redundant timestamp for frame offset (parent map) at time 1446.900000 according to authority unknown_publisher
         at line 277 in /tmp/binarydeb/ros-noetic-tf2-0.7.10/src/buffer_core.cpp
[WARN] [1787634832.835519579, 1446.900000000]: TF_REPEATED_DATA ignoring data with redundant timestamp for frame odom (parent offset) at time 1446.900000 according to authority unknown_publisher
Warning: [WARN] [1787634832.835560292, 1446.900000000]: TF_REPEATED_DATA ignoring data with redundant timestamp for frame offset (parent map) at time 1446.900000 according to authority unknown_publisher
TF_REPEATED_DATA ignoring data with redundant timestamp for frame odom (parent offset) at time 1446.900000 according to authority unknown_publisher
         at line 277 in /tmp/binarydeb/ros-noetic-tf2-0.7.10/src/buffer_core.cpp
Warning: TF_REPEATED_DATA ignoring data with redundant timestamp for frame offset (parent map) at time 1446.900000 according to authority unknown_publisher
         at line 277 in /tmp/binarydeb/ros-noetic-tf2-0.7.10/src/buffer_core.cpp
[INFO] [1787634831.367555769, 1445.400000000]: PHASE2_LOOP_WAYPOINT_REACHED vertex=26 waypoint=9
Warning: TF_REPEATED_DATA ignoring data with redundant timestamp for frame odom (parent offset) at time 1446.900000 according to authority unknown_publisher
         at line 277 in /tmp/binarydeb/ros-noetic-tf2-0.7.10/src/buffer_core.cpp
Warning: TF_REPEATED_DATA ignoring data with redundant timestamp for frame offset (parent map) at time 1446.900000 according to authority unknown_publisher
         at line 277 in /tmp/binarydeb/ros-noetic-tf2-0.7.10/src/buffer_core.cpp
Warning: TF_REPEATED_DATA ignoring data with redundant timestamp for frame odom (parent offset) at time 1446.900000 according to authority unknown_publisher
         at line 277 in /tmp/binarydeb/ros-noetic-tf2-0.7.10/src/buffer_core.cpp
Warning: TF_REPEATED_DATA ignoring data with redundant timestamp for frame offset (parent map) at time 1446.900000 according to authority unknown_publisher
         at line 277 in /tmp/binarydeb/ros-noetic-tf2-0.7.10/src/buffer_core.cpp
[INFO] [1787634832.967071261, 1447.000000000]: PHASE2C_KEYSCAN_ACCEPTED unique_id=849 state_id=849 sim_time=1447.000000
[INFO] [1787634833.597130311, 1447.600000000]: PHASE2C_KEYSCAN_ACCEPTED unique_id=850 state_id=850 sim_time=1447.600000
[INFO] [1787634834.261622966, 1448.300000000]: PHASE2C_KEYSCAN_ACCEPTED unique_id=851 state_id=851 sim_time=1448.300000
[INFO] [1787634834.866286727, 1448.900000000]: PHASE2C_KEYSCAN_ACCEPTED unique_id=852 state_id=852 sim_time=1448.800000
Warning: TF_REPEATED_DATA ignoring data with redundant timestamp for frame odom (parent offset) at time 1448.900000 according to authority unknown_publisher
         at line 277 in /tmp/binarydeb/ros-noetic-tf2-0.7.10/src/buffer_core.cpp
Warning: TF_REPEATED_DATA ignoring data with redundant timestamp for frame offset (parent map) at time 1448.900000 according to authority unknown_publisher
         at line 277 in /tmp/binarydeb/ros-noetic-tf2-0.7.10/src/buffer_core.cpp
Warning: TF_REPEATED_DATA ignoring data with redundant timestamp for frame odom (parent offset) at time 1448.900000 according to authority unknown_publisher
         at line 277 in /tmp/binarydeb/ros-noetic-tf2-0.7.10/src/buffer_core.cpp
Warning: TF_REPEATED_DATA ignoring data with redundant timestamp for frame offset (parent map) at time 1448.900000 according to authority unknown_publisher
         at line 277 in /tmp/binarydeb/ros-noetic-tf2-0.7.10/src/buffer_core.cpp
Warning: TF_REPEATED_DATA ignoring data with redundant timestamp for frame odom (parent offset) at time 1448.900000 according to authority unknown_publisher
         at line 277 in /tmp/binarydeb/ros-noetic-tf2-0.7.10/src/buffer_core.cppWarning: 
TF_REPEATED_DATA ignoring data with redundant timestamp for frame odom (parent offset) at time 1448.900000 according to authority unknown_publisher
Warning:          at line TF_REPEATED_DATA ignoring data with redundant timestamp for frame offset (parent map) at time 1448.900000 according to authority unknown_publisher277
 in          at line /tmp/binarydeb/ros-noetic-tf2-0.7.10/src/buffer_core.cpp277
 in /tmp/binarydeb/ros-noetic-tf2-0.7.10/src/buffer_core.cpp[WARN] [1787634834.866688862, 1448.900000000]: TF_REPEATED_DATA ignoring data with redundant timestamp for frame odom (parent offset) at time 1448.900000 according to authority unknown_publisher

Warning: TF_REPEATED_DATA ignoring data with redundant timestamp for frame offset (parent map) at time 1448.900000 according to authority unknown_publisher
         at line 277 in /tmp/binarydeb/ros-noetic-tf2-0.7.10/src/buffer_core.cpp
[WARN] [1787634834.866722928, 1448.900000000]: TF_REPEATED_DATA ignoring data with redundant timestamp for frame offset (parent map) at time 1448.900000 according to authority unknown_publisher
[WARN] [1787634841.690399576, 1455.700000000]: Missed desired rate of 1.00Hz! Loop actually took 1.1000 seconds!
[INFO] [1787634835.355270246, 1449.400000000]: PHASE2C_KEYSCAN_ACCEPTED unique_id=853 state_id=853 sim_time=1449.400000
[INFO] [1787634837.110110425, 1451.100000000]: PHASE2C_KEYSCAN_ACCEPTED unique_id=854 state_id=854 sim_time=1450.900000
[INFO] [1787634838.369212243, 1452.400000000]: PHASE2C_KEYSCAN_ACCEPTED unique_id=855 state_id=855 sim_time=1452.400000
[INFO] [1787634839.081044610, 1453.100000000]: PHASE2C_KEYSCAN_ACCEPTED unique_id=856 state_id=856 sim_time=1453.100000
[INFO] [1787634839.562280363, 1453.600000000]: PHASE2C_KEYSCAN_ACCEPTED unique_id=857 state_id=857 sim_time=1453.600000
[INFO] [1787634840.870645904, 1454.900000000]: PHASE2C_KEYSCAN_ACCEPTED unique_id=858 state_id=858 sim_time=1454.900000
[INFO] [1787634842.399408618, 1456.400000000]: PHASE2C_KEYSCAN_ACCEPTED unique_id=859 state_id=859 sim_time=1456.300000
Warning: TF_REPEATED_DATA ignoring data with redundant timestamp for frame odom (parent offset) at time 1456.900000 according to authority unknown_publisher
         at line 277 in /tmp/binarydeb/ros-noetic-tf2-0.7.10/src/buffer_core.cpp
Warning: TF_REPEATED_DATA ignoring data with redundant timestamp for frame offset (parent map) at time 1456.900000 according to authority unknown_publisher
         at line 277 in /tmp/binarydeb/ros-noetic-tf2-0.7.10/src/buffer_core.cpp
[INFO] [1787634837.543250543, 1451.600000000]: PHASE2_LOOP_WAYPOINT_REACHED vertex=26 waypoint=10
[INFO] [1787634841.577231648, 1455.600000000]: PHASE2_LOOP_WAYPOINT_REACHED vertex=26 waypoint=11
Warning: TF_REPEATED_DATA ignoring data with redundant timestamp for frame odom (parent offset) at time 1456.900000 according to authority unknown_publisher
         at line 277Warning:  in TF_REPEATED_DATA ignoring data with redundant timestamp for frame odom (parent offset) at time 1456.900000 according to authority unknown_publisher/tmp/binarydeb/ros-noetic-tf2-0.7.10/src/buffer_core.cpp

         at line 277 in Warning: /tmp/binarydeb/ros-noetic-tf2-0.7.10/src/buffer_core.cppTF_REPEATED_DATA ignoring data with redundant timestamp for frame offset (parent map) at time 1456.900000 according to authority unknown_publisher

         at line 277 in Warning: /tmp/binarydeb/ros-noetic-tf2-0.7.10/src/buffer_core.cppTF_REPEATED_DATA ignoring data with redundant timestamp for frame offset (parent map) at time 1456.900000 according to authority unknown_publisher

         at line 277 in /tmp/binarydeb/ros-noetic-tf2-0.7.10/src/buffer_core.cpp
Warning: TF_REPEATED_DATA ignoring data with redundant timestamp for frame odom (parent offset) at time 1456.900000 according to authority unknown_publisher
         at line 277 in /tmp/binarydeb/ros-noetic-tf2-0.7.10/src/buffer_core.cpp
Warning: TF_REPEATED_DATA ignoring data with redundant timestamp for frame offset (parent map) at time 1456.900000 according to authority unknown_publisher
         at line 277 in /tmp/binarydeb/ros-noetic-tf2-0.7.10/src/buffer_core.cpp
[WARN] [1787634842.853072008, 1456.900000000]: TF_REPEATED_DATA ignoring data with redundant timestamp for frame odom (parent offset) at time 1456.900000 according to authority unknown_publisher
[WARN] [1787634842.853094508, 1456.900000000]: TF_REPEATED_DATA ignoring data with redundant timestamp for frame offset (parent map) at time 1456.900000 according to authority unknown_publisher
[WARN] [1787634845.654193439, 1459.700000000]: Missed desired rate of 1.00Hz! Loop actually took 1.1000 seconds!
[INFO] [1787634843.083105243, 1457.100000000]: PHASE2C_KEYSCAN_ACCEPTED unique_id=860 state_id=860 sim_time=1457.100000
[INFO] [1787634843.781722867, 1457.800000000]: PHASE2C_KEYSCAN_ACCEPTED unique_id=861 state_id=861 sim_time=1457.800000
[INFO] [1787634844.448802775, 1458.500000000]: PHASE2C_KEYSCAN_ACCEPTED unique_id=862 state_id=862 sim_time=1458.400000
[INFO] [1787634845.123373820, 1459.100000000]: PHASE2C_KEYSCAN_ACCEPTED unique_id=863 state_id=863 sim_time=1458.900000
[INFO] [1787634845.654815531, 1459.700000000]: PHASE2C_KEYSCAN_ACCEPTED unique_id=864 state_id=864 sim_time=1459.700000
[INFO] [1787634846.374999697, 1460.400000000]: PHASE2C_KEYSCAN_ACCEPTED unique_id=865 state_id=865 sim_time=1460.400000
[INFO] [1787634847.183770821, 1461.200000000]: PHASE2C_KEYSCAN_ACCEPTED unique_id=866 state_id=866 sim_time=1460.800000
[INFO] [1787634847.871652592, 1461.900000000]: PHASE2C_KEYSCAN_ACCEPTED unique_id=867 state_id=867 sim_time=1461.900000
[INFO] [1787634849.290709891, 1463.300000000]: PHASE2C_KEYSCAN_ACCEPTED unique_id=868 state_id=868 sim_time=1463.300000
[INFO] [1787634850.567026759, 1464.600000000]: PHASE2C_KEYSCAN_ACCEPTED unique_id=869 state_id=869 sim_time=1464.600000
Warning: TF_REPEATED_DATA ignoring data with redundant timestamp for frame odom (parent offset) at time 1464.900000 according to authority unknown_publisher
         at line 277 in /tmp/binarydeb/ros-noetic-tf2-0.7.10/src/buffer_core.cpp
Warning: TF_REPEATED_DATA ignoring data with redundant timestamp for frame offset (parent map) at time 1464.900000 according to authority unknown_publisher
         at line 277 in /tmp/binarydeb/ros-noetic-tf2-0.7.10/src/buffer_core.cpp
Warning: TF_REPEATED_DATA ignoring data with redundant timestamp for frame odom (parent offset) at time 1464.900000 according to authority unknown_publisher
         at line 277 in /tmp/binarydeb/ros-noetic-tf2-0.7.10/src/buffer_core.cpp
Warning: TF_REPEATED_DATA ignoring data with redundant timestamp for frame offset (parent map) at time 1464.900000 according to authority unknown_publisher
         at line 277 in [INFO] [1787634843.353922659, 1457.400000000]: PHASE2_LOOP_WAYPOINT_REACHED vertex=26 waypoint=12
/tmp/binarydeb/ros-noetic-tf2-0.7.10/src/buffer_core.cpp
Warning: TF_REPEATED_DATA ignoring data with redundant timestamp for frame odom (parent offset) at time 1464.900000 according to authority unknown_publisher
         at line 277 in /tmp/binarydeb/ros-noetic-tf2-0.7.10/src/buffer_core.cpp
Warning: TF_REPEATED_DATA ignoring data with redundant timestamp for frame offset (parent map) at time 1464.900000 according to authority unknown_publisher
         at line 277 in /tmp/binarydeb/ros-noetic-tf2-0.7.10/src/buffer_core.cpp
Warning: TF_REPEATED_DATA ignoring data with redundant timestamp for frame odom (parent offset) at time 1464.900000 according to authority unknown_publisher
         at line 277 in /tmp/binarydeb/ros-noetic-tf2-0.7.10/src/buffer_core.cpp
Warning: TF_REPEATED_DATA ignoring data with redundant timestamp for frame offset (parent map) at time 1464.900000 according to authority unknown_publisher
         at line 277 in /tmp/binarydeb/ros-noetic-tf2-0.7.10/src/buffer_core.cpp
[WARN] [1787634850.855810899, 1464.900000000]: TF_REPEATED_DATA ignoring data with redundant timestamp for frame odom (parent offset) at time 1464.900000 according to authority unknown_publisher
[WARN] [1787634850.855834760, 1464.900000000]: TF_REPEATED_DATA ignoring data with redundant timestamp for frame offset (parent map) at time 1464.900000 according to authority unknown_publisher
[INFO] [1787634851.307142154, 1465.300000000]: PHASE2C_KEYSCAN_ACCEPTED unique_id=870 state_id=870 sim_time=1465.300000
[INFO] [1787634851.867376272, 1465.900000000]: PHASE2C_KEYSCAN_ACCEPTED unique_id=871 state_id=871 sim_time=1465.900000
[INFO] [1787634852.873558953, 1466.900000000]: PHASE2C_KEYSCAN_ACCEPTED unique_id=872 state_id=872 sim_time=1466.700000
Warning: TF_REPEATED_DATA ignoring data with redundant timestamp for frame odom (parent offset) at time 1466.900000 according to authority unknown_publisher
         at line 277 in /tmp/binarydeb/ros-noetic-tf2-0.7.10/src/buffer_core.cpp
Warning: TF_REPEATED_DATA ignoring data with redundant timestamp for frame offset (parent map) at time 1466.900000 according to authority unknown_publisherWarning: 
Warning: TF_REPEATED_DATA ignoring data with redundant timestamp for frame odom (parent offset) at time 1466.900000 according to authority unknown_publisher         at line TF_REPEATED_DATA ignoring data with redundant timestamp for frame odom (parent offset) at time 1466.900000 according to authority unknown_publisher
277
         at line  in          at line 277277/tmp/binarydeb/ros-noetic-tf2-0.7.10/src/buffer_core.cpp in  in 
/tmp/binarydeb/ros-noetic-tf2-0.7.10/src/buffer_core.cpp/tmp/binarydeb/ros-noetic-tf2-0.7.10/src/buffer_core.cpp

Warning: Warning: TF_REPEATED_DATA ignoring data with redundant timestamp for frame offset (parent map) at time 1466.900000 according to authority unknown_publisherTF_REPEATED_DATA ignoring data with redundant timestamp for frame offset (parent map) at time 1466.900000 according to authority unknown_publisher

         at line          at line 277277 in  in /tmp/binarydeb/ros-noetic-tf2-0.7.10/src/buffer_core.cpp/tmp/binarydeb/ros-noetic-tf2-0.7.10/src/buffer_core.cpp

[WARN] [1787634852.873957081, 1466.900000000]: TF_REPEATED_DATA ignoring data with redundant timestamp for frame odom (parent offset) at time 1466.900000 according to authority unknown_publisher
[WARN] [1787634852.873992654, 1466.900000000]: TF_REPEATED_DATA ignoring data with redundant timestamp for frame offset (parent map) at time 1466.900000 according to authority unknown_publisher
Warning: TF_REPEATED_DATA ignoring data with redundant timestamp for frame odom (parent offset) at time 1466.900000 according to authority unknown_publisher
         at line 277 in /tmp/binarydeb/ros-noetic-tf2-0.7.10/src/buffer_core.cpp
Warning: TF_REPEATED_DATA ignoring data with redundant timestamp for frame offset (parent map) at time 1466.900000 according to authority unknown_publisher
         at line 277 in /tmp/binarydeb/ros-noetic-tf2-0.7.10/src/buffer_core.cpp
[INFO] [1787634853.814596124, 1467.800000000]: PHASE2C_KEYSCAN_ACCEPTED unique_id=873 state_id=873 sim_time=1467.800000
Warning: TF_REPEATED_DATA ignoring data with redundant timestamp for frame odom (parent offset) at time 1468.900000 according to authority unknown_publisher
         at line 277 in /tmp/binarydeb/ros-noetic-tf2-0.7.10/src/buffer_core.cpp
Warning: TF_REPEATED_DATA ignoring data with redundant timestamp for frame offset (parent map) at time 1468.900000 according to authority unknown_publisher
         at line 277 in /tmp/binarydeb/ros-noetic-tf2-0.7.10/src/buffer_core.cpp
Warning: TF_REPEATED_DATA ignoring data with redundant timestamp for frame odom (parent offset) at time 1468.900000 according to authority unknown_publisher
         at line Warning: 277TF_REPEATED_DATA ignoring data with redundant timestamp for frame odom (parent offset) at time 1468.900000 according to authority unknown_publisher in 
/tmp/binarydeb/ros-noetic-tf2-0.7.10/src/buffer_core.cpp         at line 
277 in /tmp/binarydeb/ros-noetic-tf2-0.7.10/src/buffer_core.cpp
Warning: TF_REPEATED_DATA ignoring data with redundant timestamp for frame offset (parent map) at time 1468.900000 according to authority unknown_publisher
         at line 277 in Warning: /tmp/binarydeb/ros-noetic-tf2-0.7.10/src/buffer_core.cppTF_REPEATED_DATA ignoring data with redundant timestamp for frame odom (parent offset) at time 1468.900000 according to authority unknown_publisher

         at line 277 in /tmp/binarydeb/ros-noetic-tf2-0.7.10/src/buffer_core.cpp
Warning: TF_REPEATED_DATA ignoring data with redundant timestamp for frame offset (parent map) at time 1468.900000 according to authority unknown_publisher
         at line 277 in /tmp/binarydeb/ros-noetic-tf2-0.7.10/src/buffer_core.cpp
[WARN] [1787634854.842457120, 1468.900000000]: TF_REPEATED_DATA ignoring data with redundant timestamp for frame odom (parent offset) at time 1468.900000 according to authority unknown_publisher
[WARN] [1787634854.842496961, 1468.900000000]: TF_REPEATED_DATA ignoring data with redundant timestamp for frame offset (parent map) at time 1468.900000 according to authority unknown_publisher
Warning: TF_REPEATED_DATA ignoring data with redundant timestamp for frame offset (parent map) at time 1468.900000 according to authority unknown_publisher
         at line 277 in /tmp/binarydeb/ros-noetic-tf2-0.7.10/src/buffer_core.cpp
[INFO] [1787634855.380288681, 1469.400000000]: PHASE2C_KEYSCAN_ACCEPTED unique_id=874 state_id=874 sim_time=1469.400000
[INFO] [1787634856.324527987, 1470.300000000]: PHASE2C_KEYSCAN_ACCEPTED unique_id=875 state_id=875 sim_time=1470.300000
[INFO] [1787634857.167856173, 1471.200000000]: PHASE2C_KEYSCAN_ACCEPTED unique_id=876 state_id=876 sim_time=1471.200000
[INFO] [1787634857.766184321, 1471.800000000]: PHASE2C_KEYSCAN_ACCEPTED unique_id=877 state_id=877 sim_time=1471.800000
[INFO] [1787634858.928794666, 1472.900000000]: PHASE2C_KEYSCAN_ACCEPTED unique_id=878 state_id=878 sim_time=1472.700000
Warning: TF_REPEATED_DATA ignoring data with redundant timestamp for frame odom (parent offset) at time 1472.900000 according to authority unknown_publisher
         at line 277 in /tmp/binarydeb/ros-noetic-tf2-0.7.10/src/buffer_core.cpp
Warning: TF_REPEATED_DATA ignoring data with redundant timestamp for frame offset (parent map) at time 1472.900000 according to authority unknown_publisher
         at line 277 in /tmp/binarydeb/ros-noetic-tf2-0.7.10/src/buffer_core.cpp
Warning: TF_REPEATED_DATA ignoring data with redundant timestamp for frame odom (parent offset) at time 1472.900000 according to authority unknown_publisher
         at line 277 in /tmp/binarydeb/ros-noetic-tf2-0.7.10/src/buffer_core.cpp
Warning: TF_REPEATED_DATA ignoring data with redundant timestamp for frame offset (parent map) at time 1472.900000 according to authority unknown_publisher
         at line 277 in /tmp/binarydeb/ros-noetic-tf2-0.7.10/src/buffer_core.cpp
Warning: [INFO] [1787634855.345946909, 1469.400000000]: PHASE2_LOOP_WAYPOINT_REACHED vertex=26 waypoint=13
TF_REPEATED_DATA ignoring data with redundant timestamp for frame odom (parent offset) at time 1472.900000 according to authority unknown_publisherWarning: 
TF_REPEATED_DATA ignoring data with redundant timestamp for frame odom (parent offset) at time 1472.900000 according to authority unknown_publisher         at line 
277         at line  in /tmp/binarydeb/ros-noetic-tf2-0.7.10/src/buffer_core.cpp277
 in /tmp/binarydeb/ros-noetic-tf2-0.7.10/src/buffer_core.cppWarning: 
TF_REPEATED_DATA ignoring data with redundant timestamp for frame offset (parent map) at time 1472.900000 according to authority unknown_publisher
         at line 277 in Warning: /tmp/binarydeb/ros-noetic-tf2-0.7.10/src/buffer_core.cppTF_REPEATED_DATA ignoring data with redundant timestamp for frame offset (parent map) at time 1472.900000 according to authority unknown_publisher

         at line 277 in /tmp/binarydeb/ros-noetic-tf2-0.7.10/src/buffer_core.cpp
[WARN] [1787634858.929387481, 1472.900000000]: TF_REPEATED_DATA ignoring data with redundant timestamp for frame odom (parent offset) at time 1472.900000 according to authority unknown_publisher
[WARN] [1787634858.929410499, 1472.900000000]: TF_REPEATED_DATA ignoring data with redundant timestamp for frame offset (parent map) at time 1472.900000 according to authority unknown_publisher
[WARN] [1787634861.637104761, 1475.700000000]: Missed desired rate of 1.00Hz! Loop actually took 1.1000 seconds!
[WARN] [1787634863.913852721, 1477.900000000]: Missed desired rate of 1.00Hz! Loop actually took 1.3000 seconds!
[INFO] [1787634859.776056251, 1473.800000000]: PHASE2C_KEYSCAN_ACCEPTED unique_id=879 state_id=879 sim_time=1473.800000
[INFO] [1787634861.287606216, 1475.300000000]: PHASE2C_KEYSCAN_ACCEPTED unique_id=880 state_id=880 sim_time=1475.300000
[INFO] [1787634863.099053137, 1477.100000000]: PHASE2C_KEYSCAN_ACCEPTED unique_id=881 state_id=881 sim_time=1477.100000
[INFO] [1787634864.248125825, 1478.300000000]: PHASE2C_KEYSCAN_ACCEPTED unique_id=882 state_id=882 sim_time=1478.200000
Warning: TF_REPEATED_DATA ignoring data with redundant timestamp for frame odom (parent offset) at time 1478.900000 according to authority unknown_publisher
         at line 277 in /tmp/binarydeb/ros-noetic-tf2-0.7.10/src/buffer_core.cpp
Warning: TF_REPEATED_DATA ignoring data with redundant timestamp for frame offset (parent map) at time 1478.900000 according to authority unknown_publisher
         at line 277 in /tmp/binarydeb/ros-noetic-tf2-0.7.10/src/buffer_core.cpp
Warning: [WARN] [1787634864.847831689, 1478.900000000]: TF_REPEATED_DATA ignoring data with redundant timestamp for frame odom (parent offset) at time 1478.900000 according to authority unknown_publisher
[INFO] [1787634861.565419505, 1475.600000000]: PHASE2_LOOP_WAYPOINT_REACHED vertex=26 waypoint=14
[INFO] [1787634863.800675255, 1477.800000000]: PHASE2_LOOP_WAYPOINT_REACHED vertex=26 waypoint=15
TF_REPEATED_DATA ignoring data with redundant timestamp for frame odom (parent offset) at time 1478.900000 according to authority unknown_publisherWarning: 
TF_REPEATED_DATA ignoring data with redundant timestamp for frame odom (parent offset) at time 1478.900000 according to authority unknown_publisher         at line 
         at line 277 in 277/tmp/binarydeb/ros-noetic-tf2-0.7.10/src/buffer_core.cpp in 
/tmp/binarydeb/ros-noetic-tf2-0.7.10/src/buffer_core.cpp
Warning: TF_REPEATED_DATA ignoring data with redundant timestamp for frame offset (parent map) at time 1478.900000 according to authority unknown_publisher
         at line 277 in [WARN] [1787634864.847876437, 1478.900000000]: TF_REPEATED_DATA ignoring data with redundant timestamp for frame offset (parent map) at time 1478.900000 according to authority unknown_publisher
Warning: /tmp/binarydeb/ros-noetic-tf2-0.7.10/src/buffer_core.cppTF_REPEATED_DATA ignoring data with redundant timestamp for frame odom (parent offset) at time 1478.900000 according to authority unknown_publisher

         at line 277 in /tmp/binarydeb/ros-noetic-tf2-0.7.10/src/buffer_core.cpp
Warning: TF_REPEATED_DATA ignoring data with redundant timestamp for frame offset (parent map) at time 1478.900000 according to authority unknown_publisher
         at line 277 in /tmp/binarydeb/ros-noetic-tf2-0.7.10/src/buffer_core.cpp
Warning: TF_REPEATED_DATA ignoring data with redundant timestamp for frame offset (parent map) at time 1478.900000 according to authority unknown_publisher
         at line 277 in /tmp/binarydeb/ros-noetic-tf2-0.7.10/src/buffer_core.cpp
[INFO] [1787634865.353772483, 1479.400000000]: PHASE2_LOOP_WAYPOINT_REACHED vertex=26 waypoint=16
[INFO] [1787634869.550645739, 1483.600000000]: PHASE2_LOOP_WAYPOINT_REACHED vertex=26 waypoint=17
Warning: TF_REPEATED_DATA ignoring data with redundant timestamp for frame odom (parent offset) at time 1484.900000 according to authority unknown_publisher
[INFO] [1787634865.002421201, 1479.000000000]: PHASE2C_KEYSCAN_ACCEPTED unique_id=883 state_id=883 sim_time=1479.000000
[INFO] [1787634865.603920385, 1479.600000000]: PHASE2C_KEYSCAN_ACCEPTED unique_id=884 state_id=884 sim_time=1479.600000
[INFO] [1787634866.317992935, 1480.300000000]: PHASE2C_KEYSCAN_ACCEPTED unique_id=885 state_id=885 sim_time=1480.300000
[INFO] [1787634867.094091472, 1481.100000000]: PHASE2C_KEYSCAN_ACCEPTED unique_id=886 state_id=886 sim_time=1480.900000
[INFO] [1787634867.576307029, 1481.600000000]: PHASE2C_KEYSCAN_ACCEPTED unique_id=887 state_id=887 sim_time=1481.600000
[INFO] [1787634868.355102092, 1482.400000000]: PHASE2C_KEYSCAN_ACCEPTED unique_id=888 state_id=888 sim_time=1482.300000
[INFO] [1787634869.270173611, 1483.300000000]: PHASE2C_KEYSCAN_ACCEPTED unique_id=889 state_id=889 sim_time=1483.300000
         at line Warning: 277TF_REPEATED_DATA ignoring data with redundant timestamp for frame odom (parent offset) at time 1484.900000 according to authority unknown_publisher in 
/tmp/binarydeb/ros-noetic-tf2-0.7.10/src/buffer_core.cppWarning:          at line TF_REPEATED_DATA ignoring data with redundant timestamp for frame odom (parent offset) at time 1484.900000 according to authority unknown_publisher
277
 in          at line /tmp/binarydeb/ros-noetic-tf2-0.7.10/src/buffer_core.cpp277Warning: 
 in TF_REPEATED_DATA ignoring data with redundant timestamp for frame offset (parent map) at time 1484.900000 according to authority unknown_publisher/tmp/binarydeb/ros-noetic-tf2-0.7.10/src/buffer_core.cpp
Warning: 
         at line TF_REPEATED_DATA ignoring data with redundant timestamp for frame offset (parent map) at time 1484.900000 according to authority unknown_publisher277
 in Warning:          at line /tmp/binarydeb/ros-noetic-tf2-0.7.10/src/buffer_core.cppTF_REPEATED_DATA ignoring data with redundant timestamp for frame offset (parent map) at time 1484.900000 according to authority unknown_publisher277

 in          at line /tmp/binarydeb/ros-noetic-tf2-0.7.10/src/buffer_core.cpp277
 in /tmp/binarydeb/ros-noetic-tf2-0.7.10/src/buffer_core.cpp
[WARN] [1787634870.851003191, 1484.900000000]: TF_REPEATED_DATA ignoring data with redundant timestamp for frame odom (parent offset) at time 1484.900000 according to authority unknown_publisher
Warning: TF_REPEATED_DATA ignoring data with redundant timestamp for frame odom (parent offset) at time 1484.900000 according to authority unknown_publisher
[WARN] [1787634870.851035732, 1484.900000000]: TF_REPEATED_DATA ignoring data with redundant timestamp for frame offset (parent map) at time 1484.900000 according to authority unknown_publisher
         at line 277 in /tmp/binarydeb/ros-noetic-tf2-0.7.10/src/buffer_core.cpp
Warning: TF_REPEATED_DATA ignoring data with redundant timestamp for frame offset (parent map) at time 1484.900000 according to authority unknown_publisher
         at line 277 in /tmp/binarydeb/ros-noetic-tf2-0.7.10/src/buffer_core.cpp
[INFO] [1787634871.000075966, 1485.000000000]: PHASE2C_KEYSCAN_ACCEPTED unique_id=890 state_id=890 sim_time=1485.000000
[INFO] [1787634872.260036933, 1486.300000000]: PHASE2C_KEYSCAN_ACCEPTED unique_id=891 state_id=891 sim_time=1486.300000
Warning: TF_REPEATED_DATA ignoring data with redundant timestamp for frame odom (parent offset) at time 1486.900000 according to authority unknown_publisher
         at line 277 in /tmp/binarydeb/ros-noetic-tf2-0.7.10/src/buffer_core.cpp
Warning: TF_REPEATED_DATA ignoring data with redundant timestamp for frame offset (parent map) at time 1486.900000 according to authority unknown_publisher
         at line 277 in /tmp/binarydeb/ros-noetic-tf2-0.7.10/src/buffer_core.cpp
[INFO] [1787634871.354809543, 1485.400000000]: PHASE2_LOOP_WAYPOINT_REACHED vertex=26 waypoint=18
Warning: TF_REPEATED_DATA ignoring data with redundant timestamp for frame odom (parent offset) at time 1486.900000 according to authority unknown_publisher
         at line 277 in /tmp/binarydeb/ros-noetic-tf2-0.7.10/src/buffer_core.cpp
Warning: TF_REPEATED_DATA ignoring data with redundant timestamp for frame offset (parent map) at time 1486.900000 according to authority unknown_publisher
         at line 277 in /tmp/binarydeb/ros-noetic-tf2-0.7.10/src/buffer_core.cpp
Warning: [WARN] [1787634872.839180641, 1486.900000000]: TF_REPEATED_DATA ignoring data with redundant timestamp for frame odom (parent offset) at time 1486.900000 according to authority unknown_publisher
TF_REPEATED_DATA ignoring data with redundant timestamp for frame odom (parent offset) at time 1486.900000 according to authority unknown_publisher
         at line 277 in /tmp/binarydeb/ros-noetic-tf2-0.7.10/src/buffer_core.cpp
Warning: TF_REPEATED_DATA ignoring data with redundant timestamp for frame offset (parent map) at time 1486.900000 according to authority unknown_publisher
         at line 277 in /tmp/binarydeb/ros-noetic-tf2-0.7.10/src/buffer_core.cpp
[WARN] [1787634872.839216977, 1486.900000000]: TF_REPEATED_DATA ignoring data with redundant timestamp for frame offset (parent map) at time 1486.900000 according to authority unknown_publisher
Warning: TF_REPEATED_DATA ignoring data with redundant timestamp for frame odom (parent offset) at time 1486.900000 according to authority unknown_publisher
         at line 277 in /tmp/binarydeb/ros-noetic-tf2-0.7.10/src/buffer_core.cpp
Warning: TF_REPEATED_DATA ignoring data with redundant timestamp for frame offset (parent map) at time 1486.900000 according to authority unknown_publisher
         at line 277 in /tmp/binarydeb/ros-noetic-tf2-0.7.10/src/buffer_core.cpp
[WARN] [1787634873.698508792, 1487.700000000]: Missed desired rate of 1.00Hz! Loop actually took 1.1000 seconds!
[WARN] [1787634875.947395634, 1490.000000000]: Missed desired rate of 1.00Hz! Loop actually took 1.4000 seconds!
[INFO] [1787634872.985537908, 1487.000000000]: PHASE2C_KEYSCAN_ACCEPTED unique_id=892 state_id=892 sim_time=1487.000000
[INFO] [1787634873.663365609, 1487.700000000]: PHASE2C_KEYSCAN_ACCEPTED unique_id=893 state_id=893 sim_time=1487.700000
[INFO] [1787634875.552648591, 1489.600000000]: PHASE2C_KEYSCAN_ACCEPTED unique_id=894 state_id=894 sim_time=1489.500000
[INFO] [1787634876.891945143, 1490.900000000]: PHASE2C_KEYSCAN_ACCEPTED unique_id=895 state_id=895 sim_time=1490.700000
Warning: TF_REPEATED_DATA ignoring data with redundant timestamp for frame odom (parent offset) at time 1490.900000 according to authority unknown_publisher[INFO] [1787634873.583892586, 1487.600000000]: PHASE2_LOOP_WAYPOINT_REACHED vertex=26 waypoint=19
[INFO] [1787634875.832835455, 1489.800000000]: PHASE2_LOOP_WAYPOINT_REACHED vertex=26 waypoint=20

Warning:          at line TF_REPEATED_DATA ignoring data with redundant timestamp for frame odom (parent offset) at time 1490.900000 according to authority unknown_publisher277
 in          at line /tmp/binarydeb/ros-noetic-tf2-0.7.10/src/buffer_core.cpp277
 in /tmp/binarydeb/ros-noetic-tf2-0.7.10/src/buffer_core.cpp
Warning: Warning: TF_REPEATED_DATA ignoring data with redundant timestamp for frame offset (parent map) at time 1490.900000 according to authority unknown_publisherTF_REPEATED_DATA ignoring data with redundant timestamp for frame offset (parent map) at time 1490.900000 according to authority unknown_publisher

         at line          at line Warning: 277277TF_REPEATED_DATA ignoring data with redundant timestamp for frame odom (parent offset) at time 1490.900000 according to authority unknown_publisher in  in 
/tmp/binarydeb/ros-noetic-tf2-0.7.10/src/buffer_core.cpp/tmp/binarydeb/ros-noetic-tf2-0.7.10/src/buffer_core.cpp         at line 

277 in /tmp/binarydeb/ros-noetic-tf2-0.7.10/src/buffer_core.cpp
Warning: [WARN] [1787634876.892241403, 1490.900000000]: TF_REPEATED_DATA ignoring data with redundant timestamp for frame odom (parent offset) at time 1490.900000 according to authority unknown_publisher
TF_REPEATED_DATA ignoring data with redundant timestamp for frame odom (parent offset) at time 1490.900000 according to authority unknown_publisher
         at line 277 in /tmp/binarydeb/ros-noetic-tf2-0.7.10/src/buffer_core.cpp
Warning: [WARN] [1787634876.892264001, 1490.900000000]: TF_REPEATED_DATA ignoring data with redundant timestamp for frame offset (parent map) at time 1490.900000 according to authority unknown_publisher
TF_REPEATED_DATA ignoring data with redundant timestamp for frame offset (parent map) at time 1490.900000 according to authority unknown_publisher
         at line 277 in /tmp/binarydeb/ros-noetic-tf2-0.7.10/src/buffer_core.cpp
Warning: TF_REPEATED_DATA ignoring data with redundant timestamp for frame offset (parent map) at time 1490.900000 according to authority unknown_publisher
         at line 277 in /tmp/binarydeb/ros-noetic-tf2-0.7.10/src/buffer_core.cpp
Warning: TF_REPEATED_DATA ignoring data with redundant timestamp for frame odom (parent offset) at time 1494.900000 according to authority unknown_publisher
         at line 277 in /tmp/binarydeb/ros-noetic-tf2-0.7.10/src/buffer_core.cpp
[INFO] [1787634877.365633334, 1491.400000000]: PHASE2C_KEYSCAN_ACCEPTED unique_id=896 state_id=896 sim_time=1491.400000
[INFO] [1787634878.423270275, 1492.400000000]: PHASE2C_KEYSCAN_ACCEPTED unique_id=897 state_id=897 sim_time=1492.400000
[INFO] [1787634879.875395716, 1493.900000000]: PHASE2C_KEYSCAN_ACCEPTED unique_id=898 state_id=898 sim_time=1493.900000
[INFO] [1787634880.906065656, 1494.900000000]: PHASE2C_KEYSCAN_ACCEPTED unique_id=899 state_id=899 sim_time=1494.700000
Warning: Warning: TF_REPEATED_DATA ignoring data with redundant timestamp for frame offset (parent map) at time 1494.900000 according to authority unknown_publisherTF_REPEATED_DATA ignoring data with redundant timestamp for frame odom (parent offset) at time 1494.900000 according to authority unknown_publisher

         at line          at line 277 in 277/tmp/binarydeb/ros-noetic-tf2-0.7.10/src/buffer_core.cpp in 
/tmp/binarydeb/ros-noetic-tf2-0.7.10/src/buffer_core.cpp
Warning: TF_REPEATED_DATA ignoring data with redundant timestamp for frame offset (parent map) at time 1494.900000 according to authority unknown_publisher
         at line [INFO] [1787634879.551915950, 1493.600000000]: PHASE2_LOOP_WAYPOINT_REACHED vertex=26 waypoint=21
277Warning:  in TF_REPEATED_DATA ignoring data with redundant timestamp for frame odom (parent offset) at time 1494.900000 according to authority unknown_publisher/tmp/binarydeb/ros-noetic-tf2-0.7.10/src/buffer_core.cpp

         at line 277 in /tmp/binarydeb/ros-noetic-tf2-0.7.10/src/buffer_core.cpp
Warning: TF_REPEATED_DATA ignoring data with redundant timestamp for frame offset (parent map) at time 1494.900000 according to authority unknown_publisher
         at line 277 in /tmp/binarydeb/ros-noetic-tf2-0.7.10/src/buffer_core.cpp
Warning: TF_REPEATED_DATA ignoring data with redundant timestamp for frame odom (parent offset) at time 1494.900000 according to authority unknown_publisher[WARN] [1787634880.906543065, 1494.900000000]: TF_REPEATED_DATA ignoring data with redundant timestamp for frame odom (parent offset) at time 1494.900000 according to authority unknown_publisher

         at line 277 in /tmp/binarydeb/ros-noetic-tf2-0.7.10/src/buffer_core.cpp
Warning: TF_REPEATED_DATA ignoring data with redundant timestamp for frame offset (parent map) at time 1494.900000 according to authority unknown_publisher
         at line [WARN] [1787634880.906564371, 1494.900000000]: TF_REPEATED_DATA ignoring data with redundant timestamp for frame offset (parent map) at time 1494.900000 according to authority unknown_publisher
277 in /tmp/binarydeb/ros-noetic-tf2-0.7.10/src/buffer_core.cpp
[WARN] [1787634881.693832650, 1495.700000000]: Missed desired rate of 1.00Hz! Loop actually took 1.1000 seconds!
[INFO] [1787634881.482376069, 1495.500000000]: PHASE2C_KEYSCAN_ACCEPTED unique_id=900 state_id=900 sim_time=1495.500000
[INFO] [1787634882.105038948, 1496.100000000]: PHASE2C_KEYSCAN_ACCEPTED unique_id=901 state_id=901 sim_time=1496.100000
[INFO] [1787634882.973655003, 1497.000000000]: PHASE2C_KEYSCAN_ACCEPTED unique_id=902 state_id=902 sim_time=1496.900000
Warning: TF_REPEATED_DATA ignoring data with redundant timestamp for frame odom (parent offset) at time 1497.000000 according to authority unknown_publisher
         at line 277 in /tmp/binarydeb/ros-noetic-tf2-0.7.10/src/buffer_core.cpp
Warning: TF_REPEATED_DATA ignoring data with redundant timestamp for frame offset (parent map) at time 1497.000000 according to authority unknown_publisher
         at line 277 in /tmp/binarydeb/ros-noetic-tf2-0.7.10/src/buffer_core.cpp
Warning: [INFO] [1787634881.580420027, 1495.600000000]: PHASE2_LOOP_WAYPOINT_REACHED vertex=26 waypoint=22
TF_REPEATED_DATA ignoring data with redundant timestamp for frame odom (parent offset) at time 1497.000000 according to authority unknown_publisherWarning: 
         at line TF_REPEATED_DATA ignoring data with redundant timestamp for frame odom (parent offset) at time 1497.000000 according to authority unknown_publisher
277         at line  in /tmp/binarydeb/ros-noetic-tf2-0.7.10/src/buffer_core.cpp277
 in /tmp/binarydeb/ros-noetic-tf2-0.7.10/src/buffer_core.cpp
Warning: TF_REPEATED_DATA ignoring data with redundant timestamp for frame offset (parent map) at time 1497.000000 according to authority unknown_publisherWarning: 
TF_REPEATED_DATA ignoring data with redundant timestamp for frame offset (parent map) at time 1497.000000 according to authority unknown_publisher         at line 
277         at line  in 277/tmp/binarydeb/ros-noetic-tf2-0.7.10/src/buffer_core.cpp in 
/tmp/binarydeb/ros-noetic-tf2-0.7.10/src/buffer_core.cpp
Warning: TF_REPEATED_DATA ignoring data with redundant timestamp for frame odom (parent offset) at time 1497.000000 according to authority unknown_publisher
         at line 277 in /tmp/binarydeb/ros-noetic-tf2-0.7.10/src/buffer_core.cpp[WARN] [1787634882.974126051, 1497.000000000]: TF_REPEATED_DATA ignoring data with redundant timestamp for frame odom (parent offset) at time 1497.000000 according to authority unknown_publisher

Warning: TF_REPEATED_DATA ignoring data with redundant timestamp for frame offset (parent map) at time 1497.000000 according to authority unknown_publisher
         at line 277 in /tmp/binarydeb/ros-noetic-tf2-0.7.10/src/buffer_core.cpp
[WARN] [1787634882.974170212, 1497.000000000]: TF_REPEATED_DATA ignoring data with redundant timestamp for frame offset (parent map) at time 1497.000000 according to authority unknown_publisher
[WARN] [1787634883.731817746, 1497.700000000]: Missed desired rate of 1.00Hz! Loop actually took 1.1000 seconds!
[INFO] [1787634883.709179593, 1497.700000000]: PHASE2C_KEYSCAN_ACCEPTED unique_id=903 state_id=903 sim_time=1497.700000
[INFO] [1787634884.396064341, 1498.400000000]: PHASE2C_KEYSCAN_ACCEPTED unique_id=904 state_id=904 sim_time=1498.400000
[INFO] [1787634885.316550433, 1499.300000000]: PHASE2C_KEYSCAN_ACCEPTED unique_id=905 state_id=905 sim_time=1499.300000
Warning: TF_REPEATED_DATA ignoring data with redundant timestamp for frame odom (parent offset) at time 1500.900000 according to authority unknown_publisher
         at line 277 in /tmp/binarydeb/ros-noetic-tf2-0.7.10/src/buffer_core.cpp
Warning: TF_REPEATED_DATA ignoring data with redundant timestamp for frame offset (parent map) at time 1500.900000 according to authority unknown_publisher
         at line 277 in /tmp/binarydeb/ros-noetic-tf2-0.7.10/src/buffer_core.cpp
Warning: TF_REPEATED_DATA ignoring data with redundant timestamp for frame odom (parent offset) at time 1500.900000 according to authority unknown_publisherWarning: 
TF_REPEATED_DATA ignoring data with redundant timestamp for frame odom (parent offset) at time 1500.900000 according to authority unknown_publisher         at line 
277         at line  in /tmp/binarydeb/ros-noetic-tf2-0.7.10/src/buffer_core.cpp277
 in /tmp/binarydeb/ros-noetic-tf2-0.7.10/src/buffer_core.cpp
Warning: TF_REPEATED_DATA ignoring data with redundant timestamp for frame offset (parent map) at time 1500.900000 according to authority unknown_publisher
         at line Warning: 277TF_REPEATED_DATA ignoring data with redundant timestamp for frame offset (parent map) at time 1500.900000 according to authority unknown_publisher in 
/tmp/binarydeb/ros-noetic-tf2-0.7.10/src/buffer_core.cpp         at line 
277 in /tmp/binarydeb/ros-noetic-tf2-0.7.10/src/buffer_core.cpp
[WARN] [1787634886.854231391, 1500.900000000]: TF_REPEATED_DATA ignoring data with redundant timestamp for frame odom (parent offset) at time 1500.900000 according to authority unknown_publisher
[WARN] [1787634886.854257093, 1500.900000000]: TF_REPEATED_DATA ignoring data with redundant timestamp for frame offset (parent map) at time 1500.900000 according to authority unknown_publisher
Warning: TF_REPEATED_DATA ignoring data with redundant timestamp for frame odom (parent offset) at time 1500.900000 according to authority unknown_publisher
         at line 277 in /tmp/binarydeb/ros-noetic-tf2-0.7.10/src/buffer_core.cpp
Warning: TF_REPEATED_DATA ignoring data with redundant timestamp for frame offset (parent map) at time 1500.900000 according to authority unknown_publisher
         at line 277 in /tmp/binarydeb/ros-noetic-tf2-0.7.10/src/buffer_core.cpp
[WARN] [1787634887.724520959, 1501.700000000]: Missed desired rate of 1.00Hz! Loop actually took 1.1000 seconds!
[WARN] [1787634891.652917715, 1505.700000000]: Missed desired rate of 1.00Hz! Loop actually took 1.1000 seconds!
[WARN] [1787634895.927140826, 1509.900000000]: Missed desired rate of 1.00Hz! Loop actually took 1.3000 seconds!
[INFO] [1787634887.076906359, 1501.100000000]: PHASE2C_KEYSCAN_ACCEPTED unique_id=906 state_id=906 sim_time=1501.100000
[INFO] [1787634889.130438977, 1503.100000000]: PHASE2C_KEYSCAN_ACCEPTED unique_id=907 state_id=907 sim_time=1502.900000
[INFO] [1787634889.698422083, 1503.700000000]: PHASE2C_KEYSCAN_ACCEPTED unique_id=908 state_id=908 sim_time=1503.700000
[INFO] [1787634890.414188605, 1504.400000000]: PHASE2C_KEYSCAN_ACCEPTED unique_id=909 state_id=909 sim_time=1504.400000
[INFO] [1787634891.216307835, 1505.200000000]: PHASE2C_KEYSCAN_ACCEPTED unique_id=910 state_id=910 sim_time=1505.200000
[INFO] [1787634891.815497378, 1505.800000000]: PHASE2C_KEYSCAN_ACCEPTED unique_id=911 state_id=911 sim_time=1505.800000
[INFO] [1787634893.335403565, 1507.400000000]: PHASE2C_KEYSCAN_ACCEPTED unique_id=912 state_id=912 sim_time=1507.300000
[INFO] [1787634894.273758053, 1508.300000000]: PHASE2C_KEYSCAN_ACCEPTED unique_id=913 state_id=913 sim_time=1508.300000
[INFO] [1787634895.170473280, 1509.200000000]: PHASE2C_KEYSCAN_ACCEPTED unique_id=914 state_id=914 sim_time=1509.200000
[INFO] [1787634895.890640023, 1509.900000000]: PHASE2C_KEYSCAN_ACCEPTED unique_id=915 state_id=915 sim_time=1509.900000
Warning: Warning: TF_REPEATED_DATA ignoring data with redundant timestamp for frame odom (parent offset) at time 1510.900000 according to authority unknown_publisherTF_REPEATED_DATA ignoring data with redundant timestamp for frame odom (parent offset) at time 1510.900000 according to authority unknown_publisher

         at line          at line 277277 in  in /tmp/binarydeb/ros-noetic-tf2-0.7.10/src/buffer_core.cpp/tmp/binarydeb/ros-noetic-tf2-0.7.10/src/buffer_core.cpp

Warning: TF_REPEATED_DATA ignoring data with redundant timestamp for frame offset (parent map) at time 1510.900000 according to authority unknown_publisherWarning: 
[INFO] [1787634887.610752575, 1501.600000000]: PHASE2_LOOP_WAYPOINT_REACHED vertex=26 waypoint=23
[INFO] [1787634893.562115132, 1507.600000000]: PHASE2_LOOP_WAYPOINT_REACHED vertex=26 waypoint=24
TF_REPEATED_DATA ignoring data with redundant timestamp for frame offset (parent map) at time 1510.900000 according to authority unknown_publisher         at line Warning: 
277TF_REPEATED_DATA ignoring data with redundant timestamp for frame odom (parent offset) at time 1510.900000 according to authority unknown_publisher         at line  in 
277/tmp/binarydeb/ros-noetic-tf2-0.7.10/src/buffer_core.cpp         at line  in 277
/tmp/binarydeb/ros-noetic-tf2-0.7.10/src/buffer_core.cpp in 
/tmp/binarydeb/ros-noetic-tf2-0.7.10/src/buffer_core.cpp
Warning: TF_REPEATED_DATA ignoring data with redundant timestamp for frame offset (parent map) at time 1510.900000 according to authority unknown_publisher
         at line 277 in /tmp/binarydeb/ros-noetic-tf2-0.7.10/src/buffer_core.cppWarning: [WARN] [1787634896.851321698, 1510.900000000]: TF_REPEATED_DATA ignoring data with redundant timestamp for frame odom (parent offset) at time 1510.900000 according to authority unknown_publisher

TF_REPEATED_DATA ignoring data with redundant timestamp for frame odom (parent offset) at time 1510.900000 according to authority unknown_publisher
         at line 277 in /tmp/binarydeb/ros-noetic-tf2-0.7.10/src/buffer_core.cpp
Warning: TF_REPEATED_DATA ignoring data with redundant timestamp for frame offset (parent map) at time 1510.900000 according to authority unknown_publisher
         at line [WARN] [1787634896.851369991, 1510.900000000]: TF_REPEATED_DATA ignoring data with redundant timestamp for frame offset (parent map) at time 1510.900000 according to authority unknown_publisher
277 in /tmp/binarydeb/ros-noetic-tf2-0.7.10/src/buffer_core.cpp
[WARN] [1787634897.699035474, 1511.700000000]: Missed desired rate of 1.00Hz! Loop actually took 1.1000 seconds!
[WARN] [1787634899.957953848, 1514.000000000]: Missed desired rate of 1.00Hz! Loop actually took 1.4000 seconds!
[INFO] [1787634897.055908005, 1511.100000000]: PHASE2C_KEYSCAN_ACCEPTED unique_id=916 state_id=916 sim_time=1511.100000
[INFO] [1787634899.142022411, 1513.200000000]: PHASE2C_KEYSCAN_ACCEPTED unique_id=917 state_id=917 sim_time=1512.800000
Warning: TF_REPEATED_DATA ignoring data with redundant timestamp for frame odom (parent offset) at time 1514.900000 according to authority unknown_publisher
         at line 277 in /tmp/binarydeb/ros-noetic-tf2-0.7.10/src/buffer_core.cpp
Warning: TF_REPEATED_DATA ignoring data with redundant timestamp for frame offset (parent map) at time 1514.900000 according to authority unknown_publisher
         at line 277 in /tmp/binarydeb/ros-noetic-tf2-0.7.10/src/buffer_core.cpp
[WARN] [1787634900.857699950, 1514.900000000]: TF_REPEATED_DATA ignoring data with redundant timestamp for frame odom (parent offset) at time 1514.900000 according to authority unknown_publisher
[WARN] [1787634900.857720531, 1514.900000000]: TF_REPEATED_DATA ignoring data with redundant timestamp for frame offset (parent map) at time 1514.900000 according to authority unknown_publisher
[INFO] [1787634897.583441723, 1511.600000000]: PHASE2_LOOP_WAYPOINT_REACHED vertex=26 waypoint=25
[INFO] [1787634899.842246423, 1513.900000000]: PHASE2_LOOP_WAYPOINT_REACHED vertex=26 waypoint=26
Warning: TF_REPEATED_DATA ignoring data with redundant timestamp for frame odom (parent offset) at time 1514.900000 according to authority unknown_publisher
         at line 277 in Warning: /tmp/binarydeb/ros-noetic-tf2-0.7.10/src/buffer_core.cppTF_REPEATED_DATA ignoring data with redundant timestamp for frame odom (parent offset) at time 1514.900000 according to authority unknown_publisher

         at line 277Warning:  in TF_REPEATED_DATA ignoring data with redundant timestamp for frame offset (parent map) at time 1514.900000 according to authority unknown_publisher/tmp/binarydeb/ros-noetic-tf2-0.7.10/src/buffer_core.cpp

         at line 277 in /tmp/binarydeb/ros-noetic-tf2-0.7.10/src/buffer_core.cppWarning: 
TF_REPEATED_DATA ignoring data with redundant timestamp for frame offset (parent map) at time 1514.900000 according to authority unknown_publisher
         at line 277 in /tmp/binarydeb/ros-noetic-tf2-0.7.10/src/buffer_core.cpp
Warning: TF_REPEATED_DATA ignoring data with redundant timestamp for frame odom (parent offset) at time 1514.900000 according to authority unknown_publisher
         at line 277 in /tmp/binarydeb/ros-noetic-tf2-0.7.10/src/buffer_core.cpp
Warning: TF_REPEATED_DATA ignoring data with redundant timestamp for frame offset (parent map) at time 1514.900000 according to authority unknown_publisher
         at line 277 in /tmp/binarydeb/ros-noetic-tf2-0.7.10/src/buffer_core.cpp
[INFO] [1787634901.083022336, 1515.100000000]: PHASE2C_KEYSCAN_ACCEPTED unique_id=918 state_id=918 sim_time=1515.100000
[INFO] [1787634903.987312431, 1518.000000000]: PHASE2C_KEYSCAN_ACCEPTED unique_id=919 state_id=919 sim_time=1518.000000
[INFO] [1787634904.878020414, 1518.900000000]: PHASE2C_KEYSCAN_ACCEPTED unique_id=920 state_id=920 sim_time=1518.700000
Warning: TF_REPEATED_DATA ignoring data with redundant timestamp for frame odom (parent offset) at time 1518.900000 according to authority unknown_publisher
         at line 277 in /tmp/binarydeb/ros-noetic-tf2-0.7.10/src/buffer_core.cpp
Warning: TF_REPEATED_DATA ignoring data with redundant timestamp for frame offset (parent map) at time 1518.900000 according to authority unknown_publisher
         at line 277 in /tmp/binarydeb/ros-noetic-tf2-0.7.10/src/buffer_core.cpp
[INFO] [1787634901.367415992, 1515.400000000]: PHASE2_LOOP_WAYPOINT_REACHED vertex=26 waypoint=27
[INFO] [1787634903.545724108, 1517.600000000]: PHASE2_LOOP_WAYPOINT_REACHED vertex=26 waypoint=28
Warning: TF_REPEATED_DATA ignoring data with redundant timestamp for frame odom (parent offset) at time 1518.900000 according to authority unknown_publisher
         at line 277 in /tmp/binarydeb/ros-noetic-tf2-0.7.10/src/buffer_core.cpp
Warning: TF_REPEATED_DATA ignoring data with redundant timestamp for frame offset (parent map) at time 1518.900000 according to authority unknown_publisher
         at line 277 in /tmp/binarydeb/ros-noetic-tf2-0.7.10/src/buffer_core.cpp
[WARN] [1787634904.878382622, 1518.900000000]: TF_REPEATED_DATA ignoring data with redundant timestamp for frame odom (parent offset) at time 1518.900000 according to authority unknown_publisher
[WARN] [1787634904.878406030, 1518.900000000]: TF_REPEATED_DATA ignoring data with redundant timestamp for frame offset (parent map) at time 1518.900000 according to authority unknown_publisher
Warning: TF_REPEATED_DATA ignoring data with redundant timestamp for frame odom (parent offset) at time 1518.900000 according to authority unknown_publisher
         at line 277 in /tmp/binarydeb/ros-noetic-tf2-0.7.10/src/buffer_core.cpp
Warning: TF_REPEATED_DATA ignoring data with redundant timestamp for frame offset (parent map) at time 1518.900000 according to authority unknown_publisher
         at line 277 in /tmp/binarydeb/ros-noetic-tf2-0.7.10/src/buffer_core.cpp
Warning: TF_REPEATED_DATA ignoring data with redundant timestamp for frame odom (parent offset) at time 1518.900000 according to authority unknown_publisher
         at line 277 in /tmp/binarydeb/ros-noetic-tf2-0.7.10/src/buffer_core.cpp
Warning: TF_REPEATED_DATA ignoring data with redundant timestamp for frame offset (parent map) at time 1518.900000 according to authority unknown_publisher
         at line 277 in /tmp/binarydeb/ros-noetic-tf2-0.7.10/src/buffer_core.cpp
[WARN] [1787634905.769780494, 1519.800000000]: Missed desired rate of 1.00Hz! Loop actually took 1.2000 seconds!
[INFO] [1787634905.465456430, 1519.500000000]: PHASE2C_KEYSCAN_ACCEPTED unique_id=921 state_id=921 sim_time=1519.500000
[INFO] [1787634906.292617878, 1520.300000000]: PHASE2C_KEYSCAN_ACCEPTED unique_id=922 state_id=922 sim_time=1520.300000
Warning: TF_REPEATED_DATA ignoring data with redundant timestamp for frame odom (parent offset) at time 1520.900000 according to authority unknown_publisher
         at line 277 in /tmp/binarydeb/ros-noetic-tf2-0.7.10/src/buffer_core.cpp
Warning: TF_REPEATED_DATA ignoring data with redundant timestamp for frame offset (parent map) at time 1520.900000 according to authority unknown_publisher
         at line 277 in /tmp/binarydeb/ros-noetic-tf2-0.7.10/src/buffer_core.cpp
Warning: TF_REPEATED_DATA ignoring data with redundant timestamp for frame odom (parent offset) at time 1520.900000 according to authority unknown_publisher
         at line 277 in /tmp/binarydeb/ros-noetic-tf2-0.7.10/src/buffer_core.cpp
Warning: TF_REPEATED_DATA ignoring data with redundant timestamp for frame offset (parent map) at time 1520.900000 according to authority unknown_publisher
         at line 277 in /tmp/binarydeb/ros-noetic-tf2-0.7.10/src/buffer_core.cpp
Warning: TF_REPEATED_DATA ignoring data with redundant timestamp for frame odom (parent offset) at time 1520.900000 according to authority unknown_publisher
         at line 277 in /tmp/binarydeb/ros-noetic-tf2-0.7.10/src/buffer_core.cppWarning: 
TF_REPEATED_DATA ignoring data with redundant timestamp for frame odom (parent offset) at time 1520.900000 according to authority unknown_publisherWarning: 
TF_REPEATED_DATA ignoring data with redundant timestamp for frame offset (parent map) at time 1520.900000 according to authority unknown_publisher         at line 
         at line 277277 in  in /tmp/binarydeb/ros-noetic-tf2-0.7.10/src/buffer_core.cpp/tmp/binarydeb/ros-noetic-tf2-0.7.10/src/buffer_core.cpp

Warning: TF_REPEATED_DATA ignoring data with redundant timestamp for frame offset (parent map) at time 1520.900000 according to authority unknown_publisher
         at line 277 in /tmp/binarydeb/ros-noetic-tf2-0.7.10/src/buffer_core.cpp
[WARN] [1787634906.851668725, 1520.900000000]: TF_REPEATED_DATA ignoring data with redundant timestamp for frame odom (parent offset) at time 1520.900000 according to authority unknown_publisher
[WARN] [1787634906.851705670, 1520.900000000]: TF_REPEATED_DATA ignoring data with redundant timestamp for frame offset (parent map) at time 1520.900000 according to authority unknown_publisher
[INFO] [1787634907.357152132, 1521.400000000]: PHASE2_LOOP_WAYPOINT_REACHED vertex=26 waypoint=29
Warning: TF_REPEATED_DATA ignoring data with redundant timestamp for frame odom (parent offset) at time 1522.900000 according to authority unknown_publisher
         at line 277 in /tmp/binarydeb/ros-noetic-tf2-0.7.10/src/buffer_core.cpp
[INFO] [1787634907.493670764, 1521.500000000]: PHASE2C_KEYSCAN_ACCEPTED unique_id=923 state_id=923 sim_time=1521.500000
Warning: Warning: TF_REPEATED_DATA ignoring data with redundant timestamp for frame offset (parent map) at time 1522.900000 according to authority unknown_publisherTF_REPEATED_DATA ignoring data with redundant timestamp for frame odom (parent offset) at time 1522.900000 according to authority unknown_publisher

         at line          at line 277 in 277/tmp/binarydeb/ros-noetic-tf2-0.7.10/src/buffer_core.cpp in 
/tmp/binarydeb/ros-noetic-tf2-0.7.10/src/buffer_core.cpp
Warning: TF_REPEATED_DATA ignoring data with redundant timestamp for frame offset (parent map) at time 1522.900000 according to authority unknown_publisher
         at line 277 in /tmp/binarydeb/ros-noetic-tf2-0.7.10/src/buffer_core.cpp
Warning: TF_REPEATED_DATA ignoring data with redundant timestamp for frame odom (parent offset) at time 1522.900000 according to authority unknown_publisher
         at line 277 in /tmp/binarydeb/ros-noetic-tf2-0.7.10/src/buffer_core.cpp
Warning: TF_REPEATED_DATA ignoring data with redundant timestamp for frame offset (parent map) at time 1522.900000 according to authority unknown_publisher
         at line 277 in /tmp/binarydeb/ros-noetic-tf2-0.7.10/src/buffer_core.cpp
Warning: TF_REPEATED_DATA ignoring data with redundant timestamp for frame odom (parent offset) at time 1522.900000 according to authority unknown_publisher
         at line 277 in /tmp/binarydeb/ros-noetic-tf2-0.7.10/src/buffer_core.cpp
Warning: TF_REPEATED_DATA ignoring data with redundant timestamp for frame offset (parent map) at time 1522.900000 according to authority unknown_publisher
         at line 277 in /tmp/binarydeb/ros-noetic-tf2-0.7.10/src/buffer_core.cpp
[WARN] [1787634908.877574706, 1522.900000000]: TF_REPEATED_DATA ignoring data with redundant timestamp for frame odom (parent offset) at time 1522.900000 according to authority unknown_publisher
[WARN] [1787634908.877605288, 1522.900000000]: TF_REPEATED_DATA ignoring data with redundant timestamp for frame offset (parent map) at time 1522.900000 according to authority unknown_publisher
double free or corruption (fasttop)
[INFO] [1787634909.391788664, 1523.400000000]: PHASE2_LOOP_WAYPOINT_REACHED vertex=26 waypoint=30
[INFO] [1787634909.391805367, 1523.400000000]: PHASE2_LOOP_EXECUTION_FINISHED vertex=26 waypoints=31
[INFO] [1787634909.396607593, 1523.400000000]: Exploration has finished.
[WARN] [1787633385.637295, 0.000000]: Robot Start At 8
[WARN] [1787633385.684474, 0.000000]: Tsp problem solved by Concorde. 0.043907880783081055
<class 'networkx.utils.decorators.argmap'> compilation 4:4: FutureWarning: laplacian_matrix will return a scipy.sparse array instead of a matrix in Networkx 3.0.
[INFO] [1787634731.564356, 1345.600000]: Replanning request. curr_vertex_idx: 39
[INFO] [1787634731.565482, 1345.600000]:                     covered_vertices: ()
[INFO] [1787634731.566325, 1345.600000]: Handle local replanning...
[INFO] [1787634731.567115, 1345.600000]: Local path to replan: [34, 33, 27, 26]
Original tsp path is better!
[INFO] [1787634731.579821, 1345.600000]: curr path length: 43, is_loop length: 43
[INFO] [1787634731.581293, 1345.600000]: Send new plan: 8 7 6 5 4 3 9 15 16 10 11 35 37 20 19 15(L) 19 23 29 30 24 25 31 32 26 38 36 12 11(L) 12 13 14 8(L) 14 18 17 21 22 28 34  ---> 33 27 26(L) 
[INFO] [1787634736.233068, 1350.200000]: Really visited vertices: 8 7 6 5 4 3 9 15 16 10 11 35 37 20 19 15 16 15 19 23 29 30 24 25 31 32 26 38 36 35 11 10 11 35 11 35 11 12 13 14 8 14 18 17 21 22 28 
[INFO] [1787634737.127575, 1351.100000]: Replanning request. curr_vertex_idx: 39
[INFO] [1787634737.128603, 1351.100000]:                     covered_vertices: ()
[INFO] [1787634737.129381, 1351.100000]: Handle local replanning...
[INFO] [1787634737.130109, 1351.100000]: Local path to replan: [34, 33, 27, 26]
Original tsp path is better!
[INFO] [1787634737.142491, 1351.200000]: curr path length: 43, is_loop length: 43
[INFO] [1787634737.143784, 1351.200000]: Send new plan: 8 7 6 5 4 3 9 15 16 10 11 35 37 20 19 15(L) 19 23 29 30 24 25 31 32 26 38 36 12 11(L) 12 13 14 8(L) 14 18 17 21 22 28 34  ---> 33 27 26(L) 
[INFO] [1787634743.485948, 1357.500000]: Replanning request. curr_vertex_idx: 40
[INFO] [1787634743.487068, 1357.500000]:                     covered_vertices: ()
[INFO] [1787634743.487851, 1357.500000]: Handle local replanning...
[INFO] [1787634743.488609, 1357.500000]: Local path to replan: [33, 27, 26]
Reverse tsp path is better!
[INFO] [1787634743.499694, 1357.500000]: curr path length: 43, is_loop length: 43
[INFO] [1787634743.500846, 1357.500000]: Send new plan: 8 7 6 5 4 3 9 15 16 10 11 35 37 20 19 15(L) 19 23 29 30 24 25 31 32 26 38 36 12 11(L) 12 13 14 8(L) 14 18 17 21 22 28 34 33  ---> 27 26(L) 
[INFO] [1787634748.358387, 1362.400000]: Really visited vertices: 8 7 6 5 4 3 9 15 16 10 11 35 37 20 19 15 16 15 19 23 29 30 24 25 31 32 26 38 36 35 11 10 11 35 11 35 11 12 13 14 8 14 18 17 21 22 28 34 
[INFO] [1787634749.387856, 1363.400000]: Replanning request. curr_vertex_idx: 40
[INFO] [1787634749.388971, 1363.400000]:                     covered_vertices: ()
[INFO] [1787634749.390000, 1363.400000]: Handle local replanning...
[INFO] [1787634749.390833, 1363.400000]: Local path to replan: [33, 27, 26]
Reverse tsp path is better!
[INFO] [1787634749.402793, 1363.400000]: curr path length: 43, is_loop length: 43
[INFO] [1787634749.404074, 1363.400000]: Send new plan: 8 7 6 5 4 3 9 15 16 10 11 35 37 20 19 15(L) 19 23 29 30 24 25 31 32 26 38 36 12 11(L) 12 13 14 8(L) 14 18 17 21 22 28 34 33  ---> 27 26(L) 
[INFO] [1787634754.325907, 1368.300000]: Replanning request. curr_vertex_idx: 40
[INFO] [1787634754.327125, 1368.300000]:                     covered_vertices: ()
[INFO] [1787634754.328038, 1368.300000]: Handle local replanning...
[INFO] [1787634754.328713, 1368.300000]: Local path to replan: [33, 27, 26]
Reverse tsp path is better!
[INFO] [1787634754.341075, 1368.400000]: curr path length: 43, is_loop length: 43
[INFO] [1787634754.342393, 1368.400000]: Send new plan: 8 7 6 5 4 3 9 15 16 10 11 35 37 20 19 15(L) 19 23 29 30 24 25 31 32 26 38 36 12 11(L) 12 13 14 8(L) 14 18 17 21 22 28 34 33  ---> 27 26(L) 
[INFO] [1787634760.770470, 1374.800000]: Replanning request. curr_vertex_idx: 40
[INFO] [1787634760.771535, 1374.800000]:                     covered_vertices: ()
[INFO] [1787634760.772333, 1374.800000]: Handle local replanning...
[INFO] [1787634760.773105, 1374.800000]: Local path to replan: [33, 27, 26]
Reverse tsp path is better!
[INFO] [1787634760.784787, 1374.800000]: curr path length: 43, is_loop length: 43
[INFO] [1787634760.786177, 1374.800000]: Send new plan: 8 7 6 5 4 3 9 15 16 10 11 35 37 20 19 15(L) 19 23 29 30 24 25 31 32 26 38 36 12 11(L) 12 13 14 8(L) 14 18 17 21 22 28 34 33  ---> 27 26(L) 
[INFO] [1787634766.318990, 1380.300000]: PHASE3A_ORACLE_V1 vertex=26 window_poses=17 trace_len_m=14.01 waypoints=31
[INFO] [1787634777.758159, 1391.800000]: Really visited vertices: 8 7 6 5 4 3 9 15 16 10 11 35 37 20 19 15 16 15 19 23 29 30 24 25 31 32 26 38 36 35 11 10 11 35 11 35 11 12 13 14 8 14 18 17 21 22 28 34 33 
[INFO] [1787634783.255923, 1397.300000]: Really visited vertices: 8 7 6 5 4 3 9 15 16 10 11 35 37 20 19 15 16 15 19 23 29 30 24 25 31 32 26 38 36 35 11 10 11 35 11 35 11 12 13 14 8 14 18 17 21 22 28 34 33 
[INFO] [1787634909.392873, 1523.400000]: Replanning request. curr_vertex_idx: 42
[INFO] [1787634909.393971, 1523.400000]:                     covered_vertices: ()
[INFO] [1787634909.394729, 1523.400000]: curr path length: 43, is_loop length: 43
[INFO] [1787634909.395525, 1523.400000]: Send new plan: 8 7 6 5 4 3 9 15 16 10 11 35 37 20 19 15(L) 19 23 29 30 24 25 31 32 26 38 36 12 11(L) 12 13 14 8(L) 14 18 17 21 22 28 34 33 27 26(L)  ---> 
[INFO] [1787634920.314686, 1533.700000]: Pose graph has: 811 vertices, 1262 edges.
[31m[RVIZ-16] escalating to SIGTERM[0m
... logging to /home/wcqw/ac-slam/catkin_ws/.ros/log/637be404-a040-11f1-a1fb-ad5a2dc41d37/roslaunch-msxg-64714.log
Checking log directory for disk usage. This may take a while.
Press Ctrl-C to interrupt
Done checking log file disk usage. Usage is <1GB.
]2;/home/wcqw/ac-slam/baseline/Graph-Based_SLAM-Aware_Exploration/launch/exploration.launch
[1mstarted roslaunch server http://127.0.0.1:34997/[0m

SUMMARY
========

PARAMETERS
 * /Mapper/LoopMatchMaximumVarianceCoarse: 0.16
 * /Mapper/LoopMatchMinimumChainSize: 4
 * /Mapper/LoopMatchMinimumResponseCoarse: 0.6
 * /Mapper/LoopMatchMinimumResponseFine: 0.7
 * /Mapper/LoopSearchMaximumDistance: 4
 * /Mapper/LoopSearchSpaceDimension: 5.0
 * /Mapper/MinimumTravelDistance: 1.0
 * /Mapper/MinimumTravelHeading: 0.52
 * /Mapper/enable_loop_diagnostics: False
 * /Mapper/grid_resolution: 0.1
 * /Mapper/loop_diagnostics_path: 
 * /Mapper/loop_diagnostics_run_id: 
 * /Mapper/map_frame: map
 * /Mapper/map_update_rate: 5
 * /Mapper/max_covariance: 0.01
 * /Mapper/max_particles: 10000
 * /Mapper/min_map_size: 20
 * /Mapper/min_particles: 2500
 * /Mapper/publish_pose_graph: True
 * /Mapper/range_threshold: 25.0
 * /Mapper/transform_publish_period: 0.1
 * /Navigator/command_target_distance: 1.5
 * /Navigator/exploration_goal_distance: 3.0
 * /Navigator/exploration_strategy: MyPlanner
 * /Navigator/frequency: 1
 * /Navigator/map_inflation_radius: 1.0
 * /Navigator/max_replanning_period: 1.0
 * /Navigator/min_replanning_period: 5.0
 * /Navigator/min_target_area_size: 1.0
 * /Navigator/navigation_goal_angle: 1.0
 * /Navigator/navigation_goal_distance: 2.0
 * /Navigator/navigation_homing_distance: 4.0
 * /Navigator/robot_radius: 0.5
 * /Navigator/save_path_plan_time: /home/wcqw/ac-sla...
 * /Navigator/use_local_planner: True
 * /Navigator/visualize_frontiers: True
 * /Operator/conformance_weight: 1
 * /Operator/continue_weight: 1
 * /Operator/escape_weight: 1
 * /Operator/frequency: 10
 * /Operator/local_map/cost_scaling_factor: 2.0
 * /Operator/local_map/global_frame: odom
 * /Operator/local_map/height: 6.0
 * /Operator/local_map/inflation_radius: 0.75
 * /Operator/local_map/lethal_cost_threshold: 100
 * /Operator/local_map/map_type: costmap
 * /Operator/local_map/max_obstacle_height: 2.0
 * /Operator/local_map/min_obstacle_height: 0.0
 * /Operator/local_map/observation_sources: scan
 * /Operator/local_map/obstacle_range: 4.0
 * /Operator/local_map/publish_frequency: 1.0
 * /Operator/local_map/publish_voxel_map: True
 * /Operator/local_map/raytrace_range: 4.5
 * /Operator/local_map/resolution: 0.05
 * /Operator/local_map/robot_base_frame: base_link
 * /Operator/local_map/robot_radius: 0.4
 * /Operator/local_map/rolling_window: True
 * /Operator/local_map/scan/clearing: True
 * /Operator/local_map/scan/data_type: LaserScan
 * /Operator/local_map/scan/expected_update_rate: 0.4
 * /Operator/local_map/scan/marking: True
 * /Operator/local_map/scan/max_obstacle_height: 0.4
 * /Operator/local_map/scan/min_obstacle_height: 0.08
 * /Operator/local_map/scan/observation_persistence: 0.0
 * /Operator/local_map/static_map: False
 * /Operator/local_map/track_unknown_space: True
 * /Operator/local_map/transform_tolerance: 0.3
 * /Operator/local_map/update_frequency: 5.0
 * /Operator/local_map/width: 6.0
 * /Operator/max_free_space: 3.0
 * /Operator/max_velocity: 1.0
 * /Operator/publish_route: True
 * /Operator/safety_decay: 0.99
 * /Operator/safety_weight: 1
 * /Stage/base_watchdog_timeout: 0
 * /laser_frame: base_laser_link
 * /laser_topic: base_scan
 * /map_frame: map
 * /map_server/frame_id: map
 * /map_service: static_map
 * /map_topic: map
 * /odometry_frame: odom
 * /offset_frame: offset
 * /path_planner/g2o_save_path: /home/wcqw/ac-sla...
 * /path_planner/map_width: 74.0
 * /path_planner/need_noise: False
 * /path_planner/only_use_tsp: False
 * /path_planner/oracle_after: 8
 * /path_planner/oracle_before: 8
 * /path_planner/oracle_densify_m: 0.5
 * /path_planner/oracle_dir_lambda: 1.0
 * /path_planner/oracle_mode: 1
 * /path_planner/oracle_repair_densify: 0.5
 * /path_planner/oracle_repair_max_len: 12.0
 * /path_planner/oracle_repair_max_wp: 24
 * /path_planner/oracle_span_gate: 4.0
 * /path_planner/prior_map_save_path: /home/wcqw/ac-sla...
 * /path_planner/robot_position: -28.0 -28.0 0
 * /path_planner/tsp_record_path: /home/wcqw/ac-sla...
 * /path_planner/tsp_seed: 21001
 * /path_planner/tsp_solver: concorde
 * /path_planner/use_drawio: True
 * /path_planner/variance: 0.0
 * /path_planner/xml_path: /home/wcqw/ac-sla...
 * /pubPath/gt_save_path: /home/wcqw/ac-sla...
 * /pubPath/robot_position: -28.0 -28.0 0
 * /pubPath/slam_save_path: /home/wcqw/ac-sla...
 * /robot_description: <?xml version="1....
 * /robot_frame: base_link
 * /robot_start_position: -28.0 -28.0 0
 * /robot_state_publisher/publish_frequency: 30.0
 * /robot_state_publisher/tf_prefix: 
 * /rosdistro: noetic
 * /rosversion: 1.17.4
 * /use_sim_time: True
 * /use_tf1: True

NODES
  /
    Explore (nav2d_navigator/explore_client)
    GetMap (nav2d_navigator/get_map_client)
    Mapper (nav2d_karto/mapper)
    Navigator (nav2d_navigator/navigator)
    Operator (nav2d_operator/operator)
    RVIZ (rviz/rviz)
    SetGoal (nav2d_navigator/set_goal_client)
    Stage (stage_ros/stageros)
    exploration_button_server (cpp_solver/exploration_button_server.py)
    map_server (map_server/map_server)
    path_planner (cpp_solver/path_planner.py)
    pubPath (cpp_solver/pub_path)
    publisher (p2os_urdf/p2os_publisher_3at)
    robot_state_publisher (robot_state_publisher/robot_state_publisher)
    rqt_robot_steering (rqt_robot_steering/rqt_robot_steering)
    updateDistance (cpp_solver/updateDistance)

[1mROS_MASTER_URI=http://localhost:11311[0m
]2;/home/wcqw/ac-slam/baseline/Graph-Based_SLAM-Aware_Exploration/launch/exploration.launch http://localhost:11311
[1mprocess[Stage-1]: started with pid [64833][0m
[1mprocess[map_server-2]: started with pid [64834][0m
[1mprocess[Operator-3]: started with pid [64835][0m
[1mprocess[Mapper-4]: started with pid [64840][0m
[1mprocess[Navigator-5]: started with pid [64845][0m
[1mprocess[GetMap-6]: started with pid [64851][0m
[1mprocess[Explore-7]: started with pid [64854][0m
[1mprocess[SetGoal-8]: started with pid [64863][0m
[1mprocess[pubPath-9]: started with pid [64869][0m
[1mprocess[updateDistance-10]: started with pid [64874][0m
[1mprocess[exploration_button_server-11]: started with pid [64880][0m
[1mprocess[path_planner-12]: started with pid [64889][0m
[1mprocess[rqt_robot_steering-13]: started with pid [64890][0m
[1mprocess[robot_state_publisher-14]: started with pid [64892][0m
[1mprocess[publisher-15]: started with pid [64897][0m
[1mprocess[RVIZ-16]: started with pid [64899][0m
[RVIZ-16] killing on exit
[publisher-15] killing on exit
[robot_state_publisher-14] killing on exit
[rqt_robot_steering-13] killing on exit
[exploration_button_server-11] killing on exit
[path_planner-12] killing on exit
[updateDistance-10] killing on exit
[pubPath-9] killing on exit
[SetGoal-8] killing on exit
[Explore-7] killing on exit
[GetMap-6] killing on exit
[Navigator-5] killing on exit
[Mapper-4] killing on exit
[Operator-3] killing on exit
[map_server-2] killing on exit
[Stage-1] killing on exit
shutting down processing monitor...
... shutting down processing monitor complete
[1mdone[0m
