

1787288217.782041127  Node Startup
0.000000000 INFO /Navigator [/tmp/binarydeb/ros-noetic-roscpp-1.17.4/src/libros/service.cpp:123(service::waitForService)] [topics: /rosout, /cmd, /Navigator/plan, /Navigator/markers, /Navigator/frontiers, /Navigator/frontier_to_vertex, /Navigator/nav_goal, /Navigator/prior_map, /Navigator/visual_tsp_path, /Navigator/tsp_index, /Navigator/path_finder, /Navigator/dist_map, /finished_topic, /request_replan] waitForService: Service [/prior_graph_service] is now available.
0.000000000 INFO /Navigator [/home/wcqw/ac-slam/catkin_ws/src/cpp_solver/src/MyPlanner.cpp:94(MyPlanner)] [topics: /rosout, /cmd, /Navigator/plan, /Navigator/markers, /Navigator/frontiers, /Navigator/frontier_to_vertex, /Navigator/nav_goal, /Navigator/prior_map, /Navigator/visual_tsp_path, /Navigator/tsp_index, /Navigator/path_finder, /Navigator/dist_map, /finished_topic, /request_replan] Receive response of service prior_graph_service.
0.000000000 INFO /Navigator [/home/wcqw/ac-slam/catkin_ws/src/cpp_solver/src/MyPlanner.cpp:97(MyPlanner)] [topics: /rosout, /cmd, /Navigator/plan, /Navigator/markers, /Navigator/frontiers, /Navigator/frontier_to_vertex, /Navigator/nav_goal, /Navigator/prior_map, /Navigator/visual_tsp_path, /Navigator/tsp_index, /Navigator/path_finder, /Navigator/dist_map, /finished_topic, /request_replan] Load prior_map.
0.000000000 INFO /Navigator [/home/wcqw/ac-slam/catkin_ws/src/cpp_solver/src/MyPlanner.cpp:1214(drawPriorGraph)] [topics: /rosout, /cmd, /Navigator/plan, /Navigator/markers, /Navigator/frontiers, /Navigator/frontier_to_vertex, /Navigator/nav_goal, /Navigator/prior_map, /Navigator/visual_tsp_path, /Navigator/tsp_index, /Navigator/path_finder, /Navigator/dist_map, /finished_topic, /request_replan] Publishing prior graph......
0.000000000 INFO /Navigator [/home/wcqw/ac-slam/catkin_ws/src/cpp_solver/src/MyPlanner.cpp:107(MyPlanner)] [topics: /rosout, /cmd, /Navigator/plan, /Navigator/markers, /Navigator/frontiers, /Navigator/frontier_to_vertex, /Navigator/nav_goal, /Navigator/prior_map, /Navigator/visual_tsp_path, /Navigator/tsp_index, /Navigator/path_finder, /Navigator/dist_map, /finished_topic, /request_replan] Draw prior_map in RVIZ.
0.000000000 INFO /Navigator [/home/wcqw/ac-slam/catkin_ws/src/cpp_solver/src/MyPlanner.cpp:111(MyPlanner)] [topics: /rosout, /cmd, /Navigator/plan, /Navigator/markers, /Navigator/frontiers, /Navigator/frontier_to_vertex, /Navigator/nav_goal, /Navigator/prior_map, /Navigator/visual_tsp_path, /Navigator/tsp_index, /Navigator/path_finder, /Navigator/dist_map, /finished_topic, /request_replan] Waiting for path_plan_service ...
0.000000000 INFO /updateDistance [/tmp/binarydeb/ros-noetic-roscpp-1.17.4/src/libros/service.cpp:123(service::waitForService)] [topics: /rosout] waitForService: Service [/prior_graph_service] is now available.
0.000000000 INFO /updateDistance [/home/wcqw/ac-slam/catkin_ws/src/cpp_solver/src/updateDistance.cpp:167(main)] [topics: /rosout] Receive response of service prior_graph_service.
0.000000000 INFO /updateDistance [/home/wcqw/ac-slam/catkin_ws/src/cpp_solver/src/updateDistance.cpp:168(main)] [topics: /rosout] Prior map has 36 vertices, 60 edges
0.000000000 INFO /updateDistance [/home/wcqw/ac-slam/catkin_ws/src/cpp_solver/src/updateDistance.cpp:206(main)] [topics: /rosout] Get robot position: -28.00, -28.00
0.000000000 INFO /Navigator [/home/wcqw/ac-slam/catkin_ws/src/cpp_solver/src/MyPlanner.cpp:143(MyPlanner)] [topics: /rosout, /cmd, /Navigator/plan, /Navigator/markers, /Navigator/frontiers, /Navigator/frontier_to_vertex, /Navigator/nav_goal, /Navigator/prior_map, /Navigator/visual_tsp_path, /Navigator/tsp_index, /Navigator/path_finder, /Navigator/dist_map, /finished_topic, /request_replan] Receive tsp path: 8 7 6 5 4 3 9 15 16 10 11 35 37 20 19 15 19 23 29 30 24 25 31 32 26 27 33 34 28 22 21 38 37 38 36 12 13 14 8 14 18 17 21
0.000000000 INFO /Navigator [/home/wcqw/ac-slam/catkin_ws/src/cpp_solver/src/MyPlanner.cpp:153(MyPlanner)] [topics: /rosout, /cmd, /Navigator/plan, /Navigator/markers, /Navigator/frontiers, /Navigator/frontier_to_vertex, /Navigator/nav_goal, /Navigator/prior_map, /Navigator/visual_tsp_path, /Navigator/tsp_index, /Navigator/path_finder, /Navigator/dist_map, /finished_topic, /request_replan] Receive loop index: 0 0 0 0 0 0 0 0 0 0 0 0 0 0 0 1 0 0 0 0 0 0 0 0 0 0 0 0 0 0 0 0 1 0 0 0 0 0 1 0 0 0 1
0.000000000 INFO /Navigator [/home/wcqw/ac-slam/catkin_ws/src/cpp_solver/src/MyPlanner.cpp:157(MyPlanner)] [topics: /rosout, /cmd, /Navigator/plan, /Navigator/markers, /Navigator/frontiers, /Navigator/frontier_to_vertex, /Navigator/nav_goal, /Navigator/prior_map, /Navigator/visual_tsp_path, /Navigator/tsp_index, /Navigator/path_finder, /Navigator/dist_map, /finished_topic, /request_replan] Waiting for reliable_loop_service ...
0.000000000 INFO /Navigator [/home/wcqw/ac-slam/catkin_ws/src/cpp_solver/src/MyPlanner.cpp:164(MyPlanner)] [topics: /rosout, /cmd, /Navigator/plan, /Navigator/markers, /Navigator/frontiers, /Navigator/frontier_to_vertex, /Navigator/nav_goal, /Navigator/prior_map, /Navigator/visual_tsp_path, /Navigator/tsp_index, /Navigator/path_finder, /Navigator/dist_map, /finished_topic, /request_replan] reliable_loop_service is available.
0.000000000 INFO /Navigator [/home/wcqw/ac-slam/catkin_ws/src/cpp_solver/src/MyPlanner.cpp:186(MyPlanner)] [topics: /rosout, /cmd, /Navigator/plan, /Navigator/markers, /Navigator/frontiers, /Navigator/frontier_to_vertex, /Navigator/nav_goal, /Navigator/prior_map, /Navigator/visual_tsp_path, /Navigator/tsp_index, /Navigator/path_finder, /Navigator/dist_map, /finished_topic, /request_replan] MyPlanner is initialized and running!!
0.000000000 INFO /Navigator [/home/wcqw/ac-slam/catkin_ws/src/navigation_2d/nav2d_navigator/src/RobotNavigator.cpp:58(RobotNavigator)] [topics: /rosout, /cmd, /Navigator/plan, /Navigator/markers, /Navigator/frontiers, /Navigator/frontier_to_vertex, /Navigator/nav_goal, /Navigator/prior_map, /Navigator/visual_tsp_path, /Navigator/tsp_index, /Navigator/path_finder, /Navigator/dist_map, /finished_topic, /request_replan] Successfully loaded exploration strategy [MyPlanner].
0.000000000 INFO /path_planner [path_planner.py:334(PathPlanner.handle_replanning)] [topics: /pose_graph_idx, /rosout, /edge_distance, /clock, /slam_pose_graph] Send new plan: 8  ---> 7 6 5 4 3 9 15 16 10 11 35 37 20 19 15(L) 19 23 29 30 24 25 31 32 26 27 33 34 28 22 21 38 37(L) 38 36 12 13 14 8(L) 14 18 17 21(L) 
0.000000000 INFO /Stage [/tmp/binarydeb/ros-noetic-stage-ros-1.8.0/src/stageros.cpp:334(SubscribeModels)] [topics: /rosout, /tf] Subscribed to Stage position model "robot"
0.000000000 INFO /Stage [/tmp/binarydeb/ros-noetic-stage-ros-1.8.0/src/stageros.cpp:342(SubscribeModels)] [topics: /rosout, /tf] subscribed to Stage ranger "robot.ranger:0"
0.000000000 INFO /Stage [/tmp/binarydeb/ros-noetic-stage-ros-1.8.0/src/stageros.cpp:358(SubscribeModels)] [topics: /rosout, /tf] Robot robot provided 1 rangers and 0 cameras
0.300000000 INFO /map_server [/tmp/binarydeb/ros-noetic-map-server-1.17.3/src/main.cpp:159(loadMapFromValues)] [topics: /rosout, /world_metadata, /world] Read a 740 X 740 map @ 0.100 m/cell
0.300000000 INFO /RVIZ [/tmp/binarydeb/ros-noetic-rviz-1.14.26/src/rviz/default_plugin/map_display.cpp:604(MapDisplay::createSwatches)] [topics: /rosout, /initialpose, /goal, /clicked_point] Creating 1 swatches
0.400000000 WARN /Operator [/tmp/binarydeb/ros-noetic-costmap-2d-1.17.3/src/costmap_2d_ros.cpp:194(Costmap2DROS::loadOldParameters)] [topics: /rosout] local_map: Parameter "plugins" not provided, loading pre-Hydro parameters
0.400000000 INFO /Operator [/tmp/binarydeb/ros-noetic-costmap-2d-1.17.3/src/costmap_2d_ros.cpp:129(Costmap2DROS::Costmap2DROS)] [topics: /rosout] local_map: Using plugin "obstacle_layer"
0.400000000 INFO /Operator [/tmp/binarydeb/ros-noetic-costmap-2d-1.17.3/plugins/obstacle_layer.cpp:79(ObstacleLayer::onInitialize)] [topics: /rosout]     Subscribed to Topics: scan
0.400000000 INFO /Operator [/tmp/binarydeb/ros-noetic-costmap-2d-1.17.3/src/costmap_2d_ros.cpp:129(Costmap2DROS::Costmap2DROS)] [topics: /rosout, /Operator/local_map/obstacle_layer/parameter_descriptions, /Operator/local_map/obstacle_layer/parameter_updates] local_map: Using plugin "inflation_layer"
0.400000000 INFO /Operator [/home/wcqw/ac-slam/catkin_ws/src/navigation_2d/nav2d_operator/src/RobotOperator.cpp:27(RobotOperator)] [topics: /rosout, /Operator/local_map/obstacle_layer/parameter_descriptions, /Operator/local_map/obstacle_layer/parameter_updates, /Operator/local_map/inflation_layer/parameter_descriptions, /Operator/local_map/inflation_layer/parameter_updates, /Operator/local_map/footprint, /Operator/local_map/costmap, /Operator/local_map/costmap_updates, /Operator/local_map/parameter_descriptions, /Operator/local_map/parameter_updates, /cmd_vel, /costs] Will publish desired direction on 'route' and control direction on 'desired'.
0.400000000 INFO /Operator [/home/wcqw/ac-slam/catkin_ws/src/navigation_2d/nav2d_operator/src/RobotOperator.cpp:44(RobotOperator)] [topics: /rosout, /Operator/local_map/obstacle_layer/parameter_descriptions, /Operator/local_map/obstacle_layer/parameter_updates, /Operator/local_map/inflation_layer/parameter_descriptions, /Operator/local_map/inflation_layer/parameter_updates, /Operator/local_map/footprint, /Operator/local_map/costmap, /Operator/local_map/costmap_updates, /Operator/local_map/parameter_descriptions, /Operator/local_map/parameter_updates, /cmd_vel, /costs, /Operator/route, /Operator/desired] Initializing LUT...
0.400000000 INFO /Operator [/home/wcqw/ac-slam/catkin_ws/src/navigation_2d/nav2d_operator/src/RobotOperator.cpp:46(RobotOperator)] [topics: /rosout, /Operator/local_map/obstacle_layer/parameter_descriptions, /Operator/local_map/obstacle_layer/parameter_updates, /Operator/local_map/inflation_layer/parameter_descriptions, /Operator/local_map/inflation_layer/parameter_updates, /Operator/local_map/footprint, /Operator/local_map/costmap, /Operator/local_map/costmap_updates, /Operator/local_map/parameter_descriptions, /Operator/local_map/parameter_updates, /cmd_vel, /costs, /Operator/route, /Operator/desired] ...done!
0.400000000 WARN /RVIZ [/tmp/binarydeb/ros-noetic-tf2-0.7.10/src/buffer_core.cpp:277()] [topics: /rosout, /initialpose, /goal, /clicked_point] TF_REPEATED_DATA ignoring data with redundant timestamp for frame odom (parent offset) at time 0.400000 according to authority unknown_publisher
0.400000000 WARN /RVIZ [/tmp/binarydeb/ros-noetic-tf2-0.7.10/src/buffer_core.cpp:277()] [topics: /rosout, /initialpose, /goal, /clicked_point] TF_REPEATED_DATA ignoring data with redundant timestamp for frame offset (parent map) at time 0.400000 according to authority unknown_publisher
0.400000000 INFO /updateDistance [/home/wcqw/ac-slam/catkin_ws/src/cpp_solver/src/updateDistance.cpp:29(occupancyGridCallback)] [topics: /rosout, /edge_distance] Received an OccupancyGrid message!
0.400000000 INFO /updateDistance [/home/wcqw/ac-slam/catkin_ws/src/cpp_solver/src/updateDistance.cpp:30(occupancyGridCallback)] [topics: /rosout, /edge_distance] Width: 250, Height: 321, Size: 80250
0.400000000 INFO /updateDistance [/home/wcqw/ac-slam/catkin_ws/src/cpp_solver/src/updateDistance.cpp:32(occupancyGridCallback)] [topics: /rosout, /edge_distance] Map origin x: 0.200, y: -7.100
0.400000000 INFO /updateDistance [/home/wcqw/ac-slam/catkin_ws/src/cpp_solver/src/updateDistance.cpp:87(occupancyGridCallback)] [topics: /rosout, /edge_distance] Free vertices size: 0
0.400000000 INFO /updateDistance [/home/wcqw/ac-slam/catkin_ws/src/cpp_solver/src/updateDistance.cpp:128(occupancyGridCallback)] [topics: /rosout, /edge_distance] 0 edge distance updated
0.400000000 INFO /path_planner [path_planner.py:638(PathPlanner.handle_pose_graph)] [topics: /pose_graph_idx, /rosout, /edge_distance, /clock, /slam_pose_graph] Really visited vertices: 
0.400000000 INFO /RVIZ [/tmp/binarydeb/ros-noetic-rviz-1.14.26/src/rviz/default_plugin/map_display.cpp:604(MapDisplay::createSwatches)] [topics: /rosout, /initialpose, /goal, /clicked_point] Creating 1 swatches
0.700000000 INFO /RVIZ [/tmp/binarydeb/ros-noetic-rviz-1.14.26/src/rviz/default_plugin/map_display.cpp:604(MapDisplay::createSwatches)] [topics: /rosout, /initialpose, /goal, /clicked_point] Creating 1 swatches
8.100000000 INFO /updateDistance [/home/wcqw/ac-slam/catkin_ws/src/cpp_solver/src/updateDistance.cpp:29(occupancyGridCallback)] [topics: /rosout, /edge_distance] Received an OccupancyGrid message!
8.100000000 INFO /updateDistance [/home/wcqw/ac-slam/catkin_ws/src/cpp_solver/src/updateDistance.cpp:30(occupancyGridCallback)] [topics: /rosout, /edge_distance] Width: 250, Height: 321, Size: 80250
8.100000000 INFO /updateDistance [/home/wcqw/ac-slam/catkin_ws/src/cpp_solver/src/updateDistance.cpp:32(occupancyGridCallback)] [topics: /rosout, /edge_distance] Map origin x: 0.200, y: -7.100
8.100000000 INFO /Navigator [/home/wcqw/ac-slam/catkin_ws/src/navigation_2d/nav2d_navigator/src/RobotNavigator.cpp:126(getMap)] [topics: /rosout, /cmd, /Navigator/plan, /Navigator/markers, /Navigator/frontiers, /Navigator/frontier_to_vertex, /Navigator/nav_goal, /Navigator/prior_map, /Navigator/visual_tsp_path, /Navigator/tsp_index, /Navigator/path_finder, /Navigator/dist_map, /finished_topic, /request_replan, /Explore/result, /Explore/feedback, /Explore/status, /MoveTo/result, /MoveTo/feedback, /MoveTo/status, /Localize/result, /Localize/feedback, /Localize/status, /GetFirstMap/result, /GetFirstMap/feedback, /GetFirstMap/status] Navigator is now initialized.
8.100000000 INFO /updateDistance [/home/wcqw/ac-slam/catkin_ws/src/cpp_solver/src/updateDistance.cpp:87(occupancyGridCallback)] [topics: /rosout, /edge_distance] Free vertices size: 0
8.100000000 INFO /updateDistance [/home/wcqw/ac-slam/catkin_ws/src/cpp_solver/src/updateDistance.cpp:128(occupancyGridCallback)] [topics: /rosout, /edge_distance] 0 edge distance updated
13.200000000 INFO /updateDistance [/home/wcqw/ac-slam/catkin_ws/src/cpp_solver/src/updateDistance.cpp:29(occupancyGridCallback)] [topics: /rosout, /edge_distance] Received an OccupancyGrid message!
13.200000000 INFO /updateDistance [/home/wcqw/ac-slam/catkin_ws/src/cpp_solver/src/updateDistance.cpp:30(occupancyGridCallback)] [topics: /rosout, /edge_distance] Width: 331, Height: 323, Size: 106913
13.200000000 INFO /updateDistance [/home/wcqw/ac-slam/catkin_ws/src/cpp_solver/src/updateDistance.cpp:32(occupancyGridCallback)] [topics: /rosout, /edge_distance] Map origin x: -7.103, y: -7.116
13.200000000 INFO /path_planner [path_planner.py:638(PathPlanner.handle_pose_graph)] [topics: /pose_graph_idx, /rosout, /edge_distance, /clock, /slam_pose_graph] Really visited vertices: 8 
13.200000000 INFO /updateDistance [/home/wcqw/ac-slam/catkin_ws/src/cpp_solver/src/updateDistance.cpp:87(occupancyGridCallback)] [topics: /rosout, /edge_distance] Free vertices size: 3
13.200000000 INFO /updateDistance [/home/wcqw/ac-slam/catkin_ws/src/cpp_solver/src/updateDistance.cpp:128(occupancyGridCallback)] [topics: /rosout, /edge_distance] 1 edge distance updated
13.200000000 INFO /RVIZ [/tmp/binarydeb/ros-noetic-rviz-1.14.26/src/rviz/default_plugin/map_display.cpp:604(MapDisplay::createSwatches)] [topics: /rosout, /initialpose, /goal, /clicked_point] Creating 1 swatches
15.100000000 INFO /updateDistance [/home/wcqw/ac-slam/catkin_ws/src/cpp_solver/src/updateDistance.cpp:29(occupancyGridCallback)] [topics: /rosout, /edge_distance] Received an OccupancyGrid message!
15.100000000 INFO /updateDistance [/home/wcqw/ac-slam/catkin_ws/src/cpp_solver/src/updateDistance.cpp:30(occupancyGridCallback)] [topics: /rosout, /edge_distance] Width: 331, Height: 323, Size: 106913
15.100000000 INFO /updateDistance [/home/wcqw/ac-slam/catkin_ws/src/cpp_solver/src/updateDistance.cpp:32(occupancyGridCallback)] [topics: /rosout, /edge_distance] Map origin x: -7.103, y: -7.116
15.100000000 INFO /updateDistance [/home/wcqw/ac-slam/catkin_ws/src/cpp_solver/src/updateDistance.cpp:87(occupancyGridCallback)] [topics: /rosout, /edge_distance] Free vertices size: 3
15.100000000 INFO /updateDistance [/home/wcqw/ac-slam/catkin_ws/src/cpp_solver/src/updateDistance.cpp:128(occupancyGridCallback)] [topics: /rosout, /edge_distance] 1 edge distance updated
17.300000000 INFO /updateDistance [/home/wcqw/ac-slam/catkin_ws/src/cpp_solver/src/updateDistance.cpp:29(occupancyGridCallback)] [topics: /rosout, /edge_distance] Received an OccupancyGrid message!
17.300000000 INFO /updateDistance [/home/wcqw/ac-slam/catkin_ws/src/cpp_solver/src/updateDistance.cpp:30(occupancyGridCallback)] [topics: /rosout, /edge_distance] Width: 331, Height: 323, Size: 106913
17.300000000 INFO /updateDistance [/home/wcqw/ac-slam/catkin_ws/src/cpp_solver/src/updateDistance.cpp:32(occupancyGridCallback)] [topics: /rosout, /edge_distance] Map origin x: -7.103, y: -7.116
17.300000000 INFO /updateDistance [/home/wcqw/ac-slam/catkin_ws/src/cpp_solver/src/updateDistance.cpp:87(occupancyGridCallback)] [topics: /rosout, /edge_distance] Free vertices size: 3
17.300000000 INFO /updateDistance [/home/wcqw/ac-slam/catkin_ws/src/cpp_solver/src/updateDistance.cpp:128(occupancyGridCallback)] [topics: /rosout, /edge_distance] 1 edge distance updated
17.300000000 INFO /Navigator [/home/wcqw/ac-slam/catkin_ws/src/cpp_solver/src/MyPlanner.cpp:481(findExplorationTarget)] [topics: /rosout, /cmd, /Navigator/plan, /Navigator/markers, /Navigator/frontiers, /Navigator/frontier_to_vertex, /Navigator/nav_goal, /Navigator/prior_map, /Navigator/visual_tsp_path, /Navigator/tsp_index, /Navigator/path_finder, /Navigator/dist_map, /finished_topic, /request_replan, /Explore/result, /Explore/feedback, /Explore/status, /MoveTo/result, /MoveTo/feedback, /MoveTo/status, /Localize/result, /Localize/feedback, /Localize/status, /GetFirstMap/result, /GetFirstMap/feedback, /GetFirstMap/status] Call local replanning...
17.300000000 INFO /path_planner [path_planner.py:295(PathPlanner.handle_replanning)] [topics: /pose_graph_idx, /rosout, /edge_distance, /clock, /slam_pose_graph] Replanning request. curr_vertex_idx: 0
17.300000000 INFO /path_planner [path_planner.py:296(PathPlanner.handle_replanning)] [topics: /pose_graph_idx, /rosout, /edge_distance, /clock, /slam_pose_graph]                     covered_vertices: ()
17.300000000 INFO /path_planner [path_planner.py:310(PathPlanner.handle_replanning)] [topics: /pose_graph_idx, /rosout, /edge_distance, /clock, /slam_pose_graph] Handle local replanning...
17.300000000 INFO /path_planner [path_planner.py:322(PathPlanner.handle_replanning)] [topics: /pose_graph_idx, /rosout, /edge_distance, /clock, /slam_pose_graph] curr path length: 43, is_loop length: 43
17.300000000 INFO /path_planner [path_planner.py:334(PathPlanner.handle_replanning)] [topics: /pose_graph_idx, /rosout, /edge_distance, /clock, /slam_pose_graph] Send new plan: 8  ---> 7 6 5 4 3 9 15 16 10 11 35 37 20 19 15(L) 19 23 29 30 24 25 31 32 26 27 33 34 28 22 21 38 37(L) 38 36 12 13 14 8(L) 14 18 17 21(L) 
17.300000000 INFO /Navigator [/home/wcqw/ac-slam/catkin_ws/src/cpp_solver/src/MyPlanner.cpp:509(findExplorationTarget)] [topics: /rosout, /cmd, /Navigator/plan, /Navigator/markers, /Navigator/frontiers, /Navigator/frontier_to_vertex, /Navigator/nav_goal, /Navigator/prior_map, /Navigator/visual_tsp_path, /Navigator/tsp_index, /Navigator/path_finder, /Navigator/dist_map, /finished_topic, /request_replan, /Explore/result, /Explore/feedback, /Explore/status, /MoveTo/result, /MoveTo/feedback, /MoveTo/status, /Localize/result, /Localize/feedback, /Localize/status, /GetFirstMap/result, /GetFirstMap/feedback, /GetFirstMap/status] Reach vertex 8
17.300000000 WARN /Navigator [/home/wcqw/ac-slam/catkin_ws/src/cpp_solver/src/MyPlanner.cpp:570(findExplorationTarget)] [topics: /rosout, /cmd, /Navigator/plan, /Navigator/markers, /Navigator/frontiers, /Navigator/frontier_to_vertex, /Navigator/nav_goal, /Navigator/prior_map, /Navigator/visual_tsp_path, /Navigator/tsp_index, /Navigator/path_finder, /Navigator/dist_map, /finished_topic, /request_replan, /Explore/result, /Explore/feedback, /Explore/status, /MoveTo/result, /MoveTo/feedback, /MoveTo/status, /Localize/result, /Localize/feedback, /Localize/status, /GetFirstMap/result, /GetFirstMap/feedback, /GetFirstMap/status] No frontier at vertex 8. #Frontier: 0
17.300000000 INFO /Navigator [/home/wcqw/ac-slam/catkin_ws/src/cpp_solver/src/MyPlanner.cpp:310(getUsefulGoalIndex)] [topics: /rosout, /cmd, /Navigator/plan, /Navigator/markers, /Navigator/frontiers, /Navigator/frontier_to_vertex, /Navigator/nav_goal, /Navigator/prior_map, /Navigator/visual_tsp_path, /Navigator/tsp_index, /Navigator/path_finder, /Navigator/dist_map, /finished_topic, /request_replan, /Explore/result, /Explore/feedback, /Explore/status, /MoveTo/result, /MoveTo/feedback, /MoveTo/status, /Localize/result, /Localize/feedback, /Localize/status, /GetFirstMap/result, /GetFirstMap/feedback, /GetFirstMap/status] Set newGoal 7
18.300000000 INFO /updateDistance [/home/wcqw/ac-slam/catkin_ws/src/cpp_solver/src/updateDistance.cpp:29(occupancyGridCallback)] [topics: /rosout, /edge_distance] Received an OccupancyGrid message!
18.300000000 INFO /updateDistance [/home/wcqw/ac-slam/catkin_ws/src/cpp_solver/src/updateDistance.cpp:30(occupancyGridCallback)] [topics: /rosout, /edge_distance] Width: 331, Height: 323, Size: 106913
18.300000000 INFO /updateDistance [/home/wcqw/ac-slam/catkin_ws/src/cpp_solver/src/updateDistance.cpp:32(occupancyGridCallback)] [topics: /rosout, /edge_distance] Map origin x: -7.103, y: -7.116
18.300000000 INFO /updateDistance [/home/wcqw/ac-slam/catkin_ws/src/cpp_solver/src/updateDistance.cpp:87(occupancyGridCallback)] [topics: /rosout, /edge_distance] Free vertices size: 3
18.300000000 INFO /updateDistance [/home/wcqw/ac-slam/catkin_ws/src/cpp_solver/src/updateDistance.cpp:128(occupancyGridCallback)] [topics: /rosout, /edge_distance] 1 edge distance updated
18.300000000 INFO /Navigator [/home/wcqw/ac-slam/catkin_ws/src/cpp_solver/src/MyPlanner.cpp:481(findExplorationTarget)] [topics: /rosout, /cmd, /Navigator/plan, /Navigator/markers, /Navigator/frontiers, /Navigator/frontier_to_vertex, /Navigator/nav_goal, /Navigator/prior_map, /Navigator/visual_tsp_path, /Navigator/tsp_index, /Navigator/path_finder, /Navigator/dist_map, /finished_topic, /request_replan, /Explore/result, /Explore/feedback, /Explore/status, /MoveTo/result, /MoveTo/feedback, /MoveTo/status, /Localize/result, /Localize/feedback, /Localize/status, /GetFirstMap/result, /GetFirstMap/feedback, /GetFirstMap/status] Call local replanning...
18.300000000 INFO /path_planner [path_planner.py:295(PathPlanner.handle_replanning)] [topics: /pose_graph_idx, /rosout, /edge_distance, /clock, /slam_pose_graph] Replanning request. curr_vertex_idx: 1
18.300000000 INFO /path_planner [path_planner.py:296(PathPlanner.handle_replanning)] [topics: /pose_graph_idx, /rosout, /edge_distance, /clock, /slam_pose_graph]                     covered_vertices: ()
18.300000000 INFO /path_planner [path_planner.py:310(PathPlanner.handle_replanning)] [topics: /pose_graph_idx, /rosout, /edge_distance, /clock, /slam_pose_graph] Handle local replanning...
18.300000000 INFO /path_planner [path_planner.py:322(PathPlanner.handle_replanning)] [topics: /pose_graph_idx, /rosout, /edge_distance, /clock, /slam_pose_graph] curr path length: 43, is_loop length: 43
18.300000000 INFO /path_planner [path_planner.py:334(PathPlanner.handle_replanning)] [topics: /pose_graph_idx, /rosout, /edge_distance, /clock, /slam_pose_graph] Send new plan: 8 7  ---> 6 5 4 3 9 15 16 10 11 35 37 20 19 15(L) 19 23 29 30 24 25 31 32 26 27 33 34 28 22 21 38 37(L) 38 36 12 13 14 8(L) 14 18 17 21(L) 
23.300000000 INFO /updateDistance [/home/wcqw/ac-slam/catkin_ws/src/cpp_solver/src/updateDistance.cpp:29(occupancyGridCallback)] [topics: /rosout, /edge_distance] Received an OccupancyGrid message!
23.300000000 INFO /updateDistance [/home/wcqw/ac-slam/catkin_ws/src/cpp_solver/src/updateDistance.cpp:30(occupancyGridCallback)] [topics: /rosout, /edge_distance] Width: 333, Height: 338, Size: 112554
23.300000000 INFO /updateDistance [/home/wcqw/ac-slam/catkin_ws/src/cpp_solver/src/updateDistance.cpp:32(occupancyGridCallback)] [topics: /rosout, /edge_distance] Map origin x: -7.103, y: -7.120
23.300000000 INFO /updateDistance [/home/wcqw/ac-slam/catkin_ws/src/cpp_solver/src/updateDistance.cpp:87(occupancyGridCallback)] [topics: /rosout, /edge_distance] Free vertices size: 4
23.300000000 INFO /path_planner [path_planner.py:638(PathPlanner.handle_pose_graph)] [topics: /pose_graph_idx, /rosout, /edge_distance, /clock, /slam_pose_graph] Really visited vertices: 8 
23.300000000 INFO /RVIZ [/tmp/binarydeb/ros-noetic-rviz-1.14.26/src/rviz/default_plugin/map_display.cpp:604(MapDisplay::createSwatches)] [topics: /rosout, /initialpose, /goal, /clicked_point] Creating 1 swatches
23.300000000 INFO /updateDistance [/home/wcqw/ac-slam/catkin_ws/src/cpp_solver/src/updateDistance.cpp:128(occupancyGridCallback)] [topics: /rosout, /edge_distance] 3 edge distance updated
24.300000000 INFO /updateDistance [/home/wcqw/ac-slam/catkin_ws/src/cpp_solver/src/updateDistance.cpp:29(occupancyGridCallback)] [topics: /rosout, /edge_distance] Received an OccupancyGrid message!
24.300000000 INFO /updateDistance [/home/wcqw/ac-slam/catkin_ws/src/cpp_solver/src/updateDistance.cpp:30(occupancyGridCallback)] [topics: /rosout, /edge_distance] Width: 333, Height: 338, Size: 112554
24.300000000 INFO /updateDistance [/home/wcqw/ac-slam/catkin_ws/src/cpp_solver/src/updateDistance.cpp:32(occupancyGridCallback)] [topics: /rosout, /edge_distance] Map origin x: -7.103, y: -7.120
24.300000000 INFO /updateDistance [/home/wcqw/ac-slam/catkin_ws/src/cpp_solver/src/updateDistance.cpp:87(occupancyGridCallback)] [topics: /rosout, /edge_distance] Free vertices size: 4
24.300000000 INFO /updateDistance [/home/wcqw/ac-slam/catkin_ws/src/cpp_solver/src/updateDistance.cpp:128(occupancyGridCallback)] [topics: /rosout, /edge_distance] 3 edge distance updated
24.300000000 INFO /Navigator [/home/wcqw/ac-slam/catkin_ws/src/cpp_solver/src/MyPlanner.cpp:481(findExplorationTarget)] [topics: /rosout, /cmd, /Navigator/plan, /Navigator/markers, /Navigator/frontiers, /Navigator/frontier_to_vertex, /Navigator/nav_goal, /Navigator/prior_map, /Navigator/visual_tsp_path, /Navigator/tsp_index, /Navigator/path_finder, /Navigator/dist_map, /finished_topic, /request_replan, /Explore/result, /Explore/feedback, /Explore/status, /MoveTo/result, /MoveTo/feedback, /MoveTo/status, /Localize/result, /Localize/feedback, /Localize/status, /GetFirstMap/result, /GetFirstMap/feedback, /GetFirstMap/status] Call local replanning...
24.300000000 INFO /path_planner [path_planner.py:295(PathPlanner.handle_replanning)] [topics: /pose_graph_idx, /rosout, /edge_distance, /clock, /slam_pose_graph] Replanning request. curr_vertex_idx: 1
24.300000000 INFO /path_planner [path_planner.py:296(PathPlanner.handle_replanning)] [topics: /pose_graph_idx, /rosout, /edge_distance, /clock, /slam_pose_graph]                     covered_vertices: ()
24.300000000 INFO /path_planner [path_planner.py:310(PathPlanner.handle_replanning)] [topics: /pose_graph_idx, /rosout, /edge_distance, /clock, /slam_pose_graph] Handle local replanning...
24.300000000 INFO /path_planner [path_planner.py:322(PathPlanner.handle_replanning)] [topics: /pose_graph_idx, /rosout, /edge_distance, /clock, /slam_pose_graph] curr path length: 43, is_loop length: 43
24.300000000 INFO /path_planner [path_planner.py:334(PathPlanner.handle_replanning)] [topics: /pose_graph_idx, /rosout, /edge_distance, /clock, /slam_pose_graph] Send new plan: 8 7  ---> 6 5 4 3 9 15 16 10 11 35 37 20 19 15(L) 19 23 29 30 24 25 31 32 26 27 33 34 28 22 21 38 37(L) 38 36 12 13 14 8(L) 14 18 17 21(L) 
30.000000000 INFO /updateDistance [/home/wcqw/ac-slam/catkin_ws/src/cpp_solver/src/updateDistance.cpp:29(occupancyGridCallback)] [topics: /rosout, /edge_distance] Received an OccupancyGrid message!
30.000000000 INFO /updateDistance [/home/wcqw/ac-slam/catkin_ws/src/cpp_solver/src/updateDistance.cpp:30(occupancyGridCallback)] [topics: /rosout, /edge_distance] Width: 333, Height: 382, Size: 127206
30.000000000 INFO /updateDistance [/home/wcqw/ac-slam/catkin_ws/src/cpp_solver/src/updateDistance.cpp:32(occupancyGridCallback)] [topics: /rosout, /edge_distance] Map origin x: -7.103, y: -7.120
30.000000000 INFO /path_planner [path_planner.py:638(PathPlanner.handle_pose_graph)] [topics: /pose_graph_idx, /rosout, /edge_distance, /clock, /slam_pose_graph] Really visited vertices: 8 7 
30.000000000 INFO /RVIZ [/tmp/binarydeb/ros-noetic-rviz-1.14.26/src/rviz/default_plugin/map_display.cpp:604(MapDisplay::createSwatches)] [topics: /rosout, /initialpose, /goal, /clicked_point] Creating 1 swatches
30.000000000 INFO /updateDistance [/home/wcqw/ac-slam/catkin_ws/src/cpp_solver/src/updateDistance.cpp:87(occupancyGridCallback)] [topics: /rosout, /edge_distance] Free vertices size: 4
30.000000000 INFO /updateDistance [/home/wcqw/ac-slam/catkin_ws/src/cpp_solver/src/updateDistance.cpp:128(occupancyGridCallback)] [topics: /rosout, /edge_distance] 3 edge distance updated
30.300000000 INFO /updateDistance [/home/wcqw/ac-slam/catkin_ws/src/cpp_solver/src/updateDistance.cpp:29(occupancyGridCallback)] [topics: /rosout, /edge_distance] Received an OccupancyGrid message!
30.300000000 INFO /updateDistance [/home/wcqw/ac-slam/catkin_ws/src/cpp_solver/src/updateDistance.cpp:30(occupancyGridCallback)] [topics: /rosout, /edge_distance] Width: 333, Height: 382, Size: 127206
30.300000000 INFO /updateDistance [/home/wcqw/ac-slam/catkin_ws/src/cpp_solver/src/updateDistance.cpp:32(occupancyGridCallback)] [topics: /rosout, /edge_distance] Map origin x: -7.103, y: -7.120
30.300000000 INFO /updateDistance [/home/wcqw/ac-slam/catkin_ws/src/cpp_solver/src/updateDistance.cpp:87(occupancyGridCallback)] [topics: /rosout, /edge_distance] Free vertices size: 4
30.300000000 INFO /updateDistance [/home/wcqw/ac-slam/catkin_ws/src/cpp_solver/src/updateDistance.cpp:128(occupancyGridCallback)] [topics: /rosout, /edge_distance] 3 edge distance updated
30.300000000 INFO /Navigator [/home/wcqw/ac-slam/catkin_ws/src/cpp_solver/src/MyPlanner.cpp:481(findExplorationTarget)] [topics: /rosout, /cmd, /Navigator/plan, /Navigator/markers, /Navigator/frontiers, /Navigator/frontier_to_vertex, /Navigator/nav_goal, /Navigator/prior_map, /Navigator/visual_tsp_path, /Navigator/tsp_index, /Navigator/path_finder, /Navigator/dist_map, /finished_topic, /request_replan, /Explore/result, /Explore/feedback, /Explore/status, /MoveTo/result, /MoveTo/feedback, /MoveTo/status, /Localize/result, /Localize/feedback, /Localize/status, /GetFirstMap/result, /GetFirstMap/feedback, /GetFirstMap/status] Call local replanning...
30.300000000 INFO /path_planner [path_planner.py:295(PathPlanner.handle_replanning)] [topics: /pose_graph_idx, /rosout, /edge_distance, /clock, /slam_pose_graph] Replanning request. curr_vertex_idx: 1
30.300000000 INFO /path_planner [path_planner.py:296(PathPlanner.handle_replanning)] [topics: /pose_graph_idx, /rosout, /edge_distance, /clock, /slam_pose_graph]                     covered_vertices: ()
30.300000000 INFO /path_planner [path_planner.py:310(PathPlanner.handle_replanning)] [topics: /pose_graph_idx, /rosout, /edge_distance, /clock, /slam_pose_graph] Handle local replanning...
30.300000000 INFO /path_planner [path_planner.py:322(PathPlanner.handle_replanning)] [topics: /pose_graph_idx, /rosout, /edge_distance, /clock, /slam_pose_graph] curr path length: 43, is_loop length: 43
30.300000000 INFO /path_planner [path_planner.py:334(PathPlanner.handle_replanning)] [topics: /pose_graph_idx, /rosout, /edge_distance, /clock, /slam_pose_graph] Send new plan: 8 7  ---> 6 5 4 3 9 15 16 10 11 35 37 20 19 15(L) 19 23 29 30 24 25 31 32 26 27 33 34 28 22 21 38 37(L) 38 36 12 13 14 8(L) 14 18 17 21(L) 
30.300000000 INFO /Navigator [/home/wcqw/ac-slam/catkin_ws/src/cpp_solver/src/MyPlanner.cpp:509(findExplorationTarget)] [topics: /rosout, /cmd, /Navigator/plan, /Navigator/markers, /Navigator/frontiers, /Navigator/frontier_to_vertex, /Navigator/nav_goal, /Navigator/prior_map, /Navigator/visual_tsp_path, /Navigator/tsp_index, /Navigator/path_finder, /Navigator/dist_map, /finished_topic, /request_replan, /Explore/result, /Explore/feedback, /Explore/status, /MoveTo/result, /MoveTo/feedback, /MoveTo/status, /Localize/result, /Localize/feedback, /Localize/status, /GetFirstMap/result, /GetFirstMap/feedback, /GetFirstMap/status] Reach vertex 7
30.300000000 WARN /Navigator [/home/wcqw/ac-slam/catkin_ws/src/cpp_solver/src/MyPlanner.cpp:570(findExplorationTarget)] [topics: /rosout, /cmd, /Navigator/plan, /Navigator/markers, /Navigator/frontiers, /Navigator/frontier_to_vertex, /Navigator/nav_goal, /Navigator/prior_map, /Navigator/visual_tsp_path, /Navigator/tsp_index, /Navigator/path_finder, /Navigator/dist_map, /finished_topic, /request_replan, /Explore/result, /Explore/feedback, /Explore/status, /MoveTo/result, /MoveTo/feedback, /MoveTo/status, /Localize/result, /Localize/feedback, /Localize/status, /GetFirstMap/result, /GetFirstMap/feedback, /GetFirstMap/status] No frontier at vertex 7. #Frontier: 0
30.300000000 INFO /Navigator [/home/wcqw/ac-slam/catkin_ws/src/cpp_solver/src/MyPlanner.cpp:310(getUsefulGoalIndex)] [topics: /rosout, /cmd, /Navigator/plan, /Navigator/markers, /Navigator/frontiers, /Navigator/frontier_to_vertex, /Navigator/nav_goal, /Navigator/prior_map, /Navigator/visual_tsp_path, /Navigator/tsp_index, /Navigator/path_finder, /Navigator/dist_map, /finished_topic, /request_replan, /Explore/result, /Explore/feedback, /Explore/status, /MoveTo/result, /MoveTo/feedback, /MoveTo/status, /Localize/result, /Localize/feedback, /Localize/status, /GetFirstMap/result, /GetFirstMap/feedback, /GetFirstMap/status] Set newGoal 6
36.100000000 INFO /updateDistance [/home/wcqw/ac-slam/catkin_ws/src/cpp_solver/src/updateDistance.cpp:29(occupancyGridCallback)] [topics: /rosout, /edge_distance] Received an OccupancyGrid message!
36.100000000 INFO /updateDistance [/home/wcqw/ac-slam/catkin_ws/src/cpp_solver/src/updateDistance.cpp:30(occupancyGridCallback)] [topics: /rosout, /edge_distance] Width: 333, Height: 422, Size: 140526
36.100000000 INFO /updateDistance [/home/wcqw/ac-slam/catkin_ws/src/cpp_solver/src/updateDistance.cpp:32(occupancyGridCallback)] [topics: /rosout, /edge_distance] Map origin x: -7.103, y: -7.120
36.100000000 INFO /path_planner [path_planner.py:638(PathPlanner.handle_pose_graph)] [topics: /pose_graph_idx, /rosout, /edge_distance, /clock, /slam_pose_graph] Really visited vertices: 8 7 
36.100000000 INFO /updateDistance [/home/wcqw/ac-slam/catkin_ws/src/cpp_solver/src/updateDistance.cpp:87(occupancyGridCallback)] [topics: /rosout, /edge_distance] Free vertices size: 4
36.100000000 INFO /updateDistance [/home/wcqw/ac-slam/catkin_ws/src/cpp_solver/src/updateDistance.cpp:128(occupancyGridCallback)] [topics: /rosout, /edge_distance] 3 edge distance updated
36.100000000 INFO /RVIZ [/tmp/binarydeb/ros-noetic-rviz-1.14.26/src/rviz/default_plugin/map_display.cpp:604(MapDisplay::createSwatches)] [topics: /rosout, /initialpose, /goal, /clicked_point] Creating 1 swatches
36.300000000 INFO /updateDistance [/home/wcqw/ac-slam/catkin_ws/src/cpp_solver/src/updateDistance.cpp:29(occupancyGridCallback)] [topics: /rosout, /edge_distance] Received an OccupancyGrid message!
36.300000000 INFO /updateDistance [/home/wcqw/ac-slam/catkin_ws/src/cpp_solver/src/updateDistance.cpp:30(occupancyGridCallback)] [topics: /rosout, /edge_distance] Width: 333, Height: 422, Size: 140526
36.300000000 INFO /updateDistance [/home/wcqw/ac-slam/catkin_ws/src/cpp_solver/src/updateDistance.cpp:32(occupancyGridCallback)] [topics: /rosout, /edge_distance] Map origin x: -7.103, y: -7.120
36.300000000 INFO /updateDistance [/home/wcqw/ac-slam/catkin_ws/src/cpp_solver/src/updateDistance.cpp:87(occupancyGridCallback)] [topics: /rosout, /edge_distance] Free vertices size: 4
36.300000000 INFO /updateDistance [/home/wcqw/ac-slam/catkin_ws/src/cpp_solver/src/updateDistance.cpp:128(occupancyGridCallback)] [topics: /rosout, /edge_distance] 3 edge distance updated
36.300000000 INFO /Navigator [/home/wcqw/ac-slam/catkin_ws/src/cpp_solver/src/MyPlanner.cpp:481(findExplorationTarget)] [topics: /rosout, /cmd, /Navigator/plan, /Navigator/markers, /Navigator/frontiers, /Navigator/frontier_to_vertex, /Navigator/nav_goal, /Navigator/prior_map, /Navigator/visual_tsp_path, /Navigator/tsp_index, /Navigator/path_finder, /Navigator/dist_map, /finished_topic, /request_replan, /Explore/result, /Explore/feedback, /Explore/status, /MoveTo/result, /MoveTo/feedback, /MoveTo/status, /Localize/result, /Localize/feedback, /Localize/status, /GetFirstMap/result, /GetFirstMap/feedback, /GetFirstMap/status] Call local replanning...
36.300000000 INFO /path_planner [path_planner.py:295(PathPlanner.handle_replanning)] [topics: /pose_graph_idx, /rosout, /edge_distance, /clock, /slam_pose_graph] Replanning request. curr_vertex_idx: 2
36.300000000 INFO /path_planner [path_planner.py:296(PathPlanner.handle_replanning)] [topics: /pose_graph_idx, /rosout, /edge_distance, /clock, /slam_pose_graph]                     covered_vertices: ()
36.300000000 INFO /path_planner [path_planner.py:310(PathPlanner.handle_replanning)] [topics: /pose_graph_idx, /rosout, /edge_distance, /clock, /slam_pose_graph] Handle local replanning...
36.300000000 INFO /path_planner [path_planner.py:322(PathPlanner.handle_replanning)] [topics: /pose_graph_idx, /rosout, /edge_distance, /clock, /slam_pose_graph] curr path length: 43, is_loop length: 43
36.300000000 INFO /path_planner [path_planner.py:334(PathPlanner.handle_replanning)] [topics: /pose_graph_idx, /rosout, /edge_distance, /clock, /slam_pose_graph] Send new plan: 8 7 6  ---> 5 4 3 9 15 16 10 11 35 37 20 19 15(L) 19 23 29 30 24 25 31 32 26 27 33 34 28 22 21 38 37(L) 38 36 12 13 14 8(L) 14 18 17 21(L) 
42.300000000 INFO /updateDistance [/home/wcqw/ac-slam/catkin_ws/src/cpp_solver/src/updateDistance.cpp:29(occupancyGridCallback)] [topics: /rosout, /edge_distance] Received an OccupancyGrid message!
42.300000000 INFO /updateDistance [/home/wcqw/ac-slam/catkin_ws/src/cpp_solver/src/updateDistance.cpp:30(occupancyGridCallback)] [topics: /rosout, /edge_distance] Width: 333, Height: 441, Size: 146853
42.300000000 INFO /updateDistance [/home/wcqw/ac-slam/catkin_ws/src/cpp_solver/src/updateDistance.cpp:32(occupancyGridCallback)] [topics: /rosout, /edge_distance] Map origin x: -7.103, y: -7.120
42.300000000 INFO /updateDistance [/home/wcqw/ac-slam/catkin_ws/src/cpp_solver/src/updateDistance.cpp:87(occupancyGridCallback)] [topics: /rosout, /edge_distance] Free vertices size: 4
42.300000000 INFO /updateDistance [/home/wcqw/ac-slam/catkin_ws/src/cpp_solver/src/updateDistance.cpp:128(occupancyGridCallback)] [topics: /rosout, /edge_distance] 3 edge distance updated
42.300000000 INFO /RVIZ [/tmp/binarydeb/ros-noetic-rviz-1.14.26/src/rviz/default_plugin/map_display.cpp:604(MapDisplay::createSwatches)] [topics: /rosout, /initialpose, /goal, /clicked_point] Creating 1 swatches
42.400000000 INFO /Navigator [/home/wcqw/ac-slam/catkin_ws/src/cpp_solver/src/MyPlanner.cpp:481(findExplorationTarget)] [topics: /rosout, /cmd, /Navigator/plan, /Navigator/markers, /Navigator/frontiers, /Navigator/frontier_to_vertex, /Navigator/nav_goal, /Navigator/prior_map, /Navigator/visual_tsp_path, /Navigator/tsp_index, /Navigator/path_finder, /Navigator/dist_map, /finished_topic, /request_replan, /Explore/result, /Explore/feedback, /Explore/status, /MoveTo/result, /MoveTo/feedback, /MoveTo/status, /Localize/result, /Localize/feedback, /Localize/status, /GetFirstMap/result, /GetFirstMap/feedback, /GetFirstMap/status] Call local replanning...
42.400000000 INFO /path_planner [path_planner.py:295(PathPlanner.handle_replanning)] [topics: /pose_graph_idx, /rosout, /edge_distance, /clock, /slam_pose_graph] Replanning request. curr_vertex_idx: 2
42.400000000 INFO /path_planner [path_planner.py:296(PathPlanner.handle_replanning)] [topics: /pose_graph_idx, /rosout, /edge_distance, /clock, /slam_pose_graph]                     covered_vertices: ()
42.400000000 INFO /path_planner [path_planner.py:310(PathPlanner.handle_replanning)] [topics: /pose_graph_idx, /rosout, /edge_distance, /clock, /slam_pose_graph] Handle local replanning...
42.400000000 INFO /path_planner [path_planner.py:322(PathPlanner.handle_replanning)] [topics: /pose_graph_idx, /rosout, /edge_distance, /clock, /slam_pose_graph] curr path length: 43, is_loop length: 43
42.400000000 INFO /path_planner [path_planner.py:334(PathPlanner.handle_replanning)] [topics: /pose_graph_idx, /rosout, /edge_distance, /clock, /slam_pose_graph] Send new plan: 8 7 6  ---> 5 4 3 9 15 16 10 11 35 37 20 19 15(L) 19 23 29 30 24 25 31 32 26 27 33 34 28 22 21 38 37(L) 38 36 12 13 14 8(L) 14 18 17 21(L) 
47.400000000 INFO /updateDistance [/home/wcqw/ac-slam/catkin_ws/src/cpp_solver/src/updateDistance.cpp:29(occupancyGridCallback)] [topics: /rosout, /edge_distance] Received an OccupancyGrid message!
47.400000000 INFO /updateDistance [/home/wcqw/ac-slam/catkin_ws/src/cpp_solver/src/updateDistance.cpp:30(occupancyGridCallback)] [topics: /rosout, /edge_distance] Width: 333, Height: 461, Size: 153513
47.400000000 INFO /updateDistance [/home/wcqw/ac-slam/catkin_ws/src/cpp_solver/src/updateDistance.cpp:32(occupancyGridCallback)] [topics: /rosout, /edge_distance] Map origin x: -7.103, y: -7.120
47.400000000 INFO /path_planner [path_planner.py:638(PathPlanner.handle_pose_graph)] [topics: /pose_graph_idx, /rosout, /edge_distance, /clock, /slam_pose_graph] Really visited vertices: 8 7 
47.400000000 INFO /updateDistance [/home/wcqw/ac-slam/catkin_ws/src/cpp_solver/src/updateDistance.cpp:87(occupancyGridCallback)] [topics: /rosout, /edge_distance] Free vertices size: 4
47.400000000 INFO /updateDistance [/home/wcqw/ac-slam/catkin_ws/src/cpp_solver/src/updateDistance.cpp:128(occupancyGridCallback)] [topics: /rosout, /edge_distance] 3 edge distance updated
47.400000000 INFO /RVIZ [/tmp/binarydeb/ros-noetic-rviz-1.14.26/src/rviz/default_plugin/map_display.cpp:604(MapDisplay::createSwatches)] [topics: /rosout, /initialpose, /goal, /clicked_point] Creating 1 swatches
48.300000000 INFO /updateDistance [/home/wcqw/ac-slam/catkin_ws/src/cpp_solver/src/updateDistance.cpp:29(occupancyGridCallback)] [topics: /rosout, /edge_distance] Received an OccupancyGrid message!
48.300000000 INFO /updateDistance [/home/wcqw/ac-slam/catkin_ws/src/cpp_solver/src/updateDistance.cpp:30(occupancyGridCallback)] [topics: /rosout, /edge_distance] Width: 333, Height: 461, Size: 153513
48.300000000 INFO /updateDistance [/home/wcqw/ac-slam/catkin_ws/src/cpp_solver/src/updateDistance.cpp:32(occupancyGridCallback)] [topics: /rosout, /edge_distance] Map origin x: -7.103, y: -7.120
48.300000000 INFO /updateDistance [/home/wcqw/ac-slam/catkin_ws/src/cpp_solver/src/updateDistance.cpp:87(occupancyGridCallback)] [topics: /rosout, /edge_distance] Free vertices size: 4
48.300000000 INFO /updateDistance [/home/wcqw/ac-slam/catkin_ws/src/cpp_solver/src/updateDistance.cpp:128(occupancyGridCallback)] [topics: /rosout, /edge_distance] 3 edge distance updated
48.400000000 INFO /Navigator [/home/wcqw/ac-slam/catkin_ws/src/cpp_solver/src/MyPlanner.cpp:481(findExplorationTarget)] [topics: /rosout, /cmd, /Navigator/plan, /Navigator/markers, /Navigator/frontiers, /Navigator/frontier_to_vertex, /Navigator/nav_goal, /Navigator/prior_map, /Navigator/visual_tsp_path, /Navigator/tsp_index, /Navigator/path_finder, /Navigator/dist_map, /finished_topic, /request_replan, /Explore/result, /Explore/feedback, /Explore/status, /MoveTo/result, /MoveTo/feedback, /MoveTo/status, /Localize/result, /Localize/feedback, /Localize/status, /GetFirstMap/result, /GetFirstMap/feedback, /GetFirstMap/status] Call local replanning...
48.400000000 INFO /path_planner [path_planner.py:295(PathPlanner.handle_replanning)] [topics: /pose_graph_idx, /rosout, /edge_distance, /clock, /slam_pose_graph] Replanning request. curr_vertex_idx: 2
48.400000000 INFO /path_planner [path_planner.py:296(PathPlanner.handle_replanning)] [topics: /pose_graph_idx, /rosout, /edge_distance, /clock, /slam_pose_graph]                     covered_vertices: ()
48.400000000 INFO /path_planner [path_planner.py:310(PathPlanner.handle_replanning)] [topics: /pose_graph_idx, /rosout, /edge_distance, /clock, /slam_pose_graph] Handle local replanning...
48.400000000 INFO /path_planner [path_planner.py:322(PathPlanner.handle_replanning)] [topics: /pose_graph_idx, /rosout, /edge_distance, /clock, /slam_pose_graph] curr path length: 43, is_loop length: 43
48.400000000 INFO /path_planner [path_planner.py:334(PathPlanner.handle_replanning)] [topics: /pose_graph_idx, /rosout, /edge_distance, /clock, /slam_pose_graph] Send new plan: 8 7 6  ---> 5 4 3 9 15 16 10 11 35 37 20 19 15(L) 19 23 29 30 24 25 31 32 26 27 33 34 28 22 21 38 37(L) 38 36 12 13 14 8(L) 14 18 17 21(L) 
54.300000000 INFO /updateDistance [/home/wcqw/ac-slam/catkin_ws/src/cpp_solver/src/updateDistance.cpp:29(occupancyGridCallback)] [topics: /rosout, /edge_distance] Received an OccupancyGrid message!
54.300000000 INFO /updateDistance [/home/wcqw/ac-slam/catkin_ws/src/cpp_solver/src/updateDistance.cpp:30(occupancyGridCallback)] [topics: /rosout, /edge_distance] Width: 333, Height: 470, Size: 156510
54.300000000 INFO /updateDistance [/home/wcqw/ac-slam/catkin_ws/src/cpp_solver/src/updateDistance.cpp:32(occupancyGridCallback)] [topics: /rosout, /edge_distance] Map origin x: -7.112, y: -7.120
54.300000000 INFO /updateDistance [/home/wcqw/ac-slam/catkin_ws/src/cpp_solver/src/updateDistance.cpp:87(occupancyGridCallback)] [topics: /rosout, /edge_distance] Free vertices size: 4
54.300000000 INFO /updateDistance [/home/wcqw/ac-slam/catkin_ws/src/cpp_solver/src/updateDistance.cpp:128(occupancyGridCallback)] [topics: /rosout, /edge_distance] 3 edge distance updated
54.300000000 INFO /RVIZ [/tmp/binarydeb/ros-noetic-rviz-1.14.26/src/rviz/default_plugin/map_display.cpp:604(MapDisplay::createSwatches)] [topics: /rosout, /initialpose, /goal, /clicked_point] Creating 1 swatches
54.400000000 INFO /Navigator [/home/wcqw/ac-slam/catkin_ws/src/cpp_solver/src/MyPlanner.cpp:481(findExplorationTarget)] [topics: /rosout, /cmd, /Navigator/plan, /Navigator/markers, /Navigator/frontiers, /Navigator/frontier_to_vertex, /Navigator/nav_goal, /Navigator/prior_map, /Navigator/visual_tsp_path, /Navigator/tsp_index, /Navigator/path_finder, /Navigator/dist_map, /finished_topic, /request_replan, /Explore/result, /Explore/feedback, /Explore/status, /MoveTo/result, /MoveTo/feedback, /MoveTo/status, /Localize/result, /Localize/feedback, /Localize/status, /GetFirstMap/result, /GetFirstMap/feedback, /GetFirstMap/status] Call local replanning...
54.400000000 INFO /path_planner [path_planner.py:295(PathPlanner.handle_replanning)] [topics: /pose_graph_idx, /rosout, /edge_distance, /clock, /slam_pose_graph] Replanning request. curr_vertex_idx: 2
54.400000000 INFO /path_planner [path_planner.py:296(PathPlanner.handle_replanning)] [topics: /pose_graph_idx, /rosout, /edge_distance, /clock, /slam_pose_graph]                     covered_vertices: ()
54.400000000 INFO /path_planner [path_planner.py:310(PathPlanner.handle_replanning)] [topics: /pose_graph_idx, /rosout, /edge_distance, /clock, /slam_pose_graph] Handle local replanning...
54.400000000 INFO /path_planner [path_planner.py:322(PathPlanner.handle_replanning)] [topics: /pose_graph_idx, /rosout, /edge_distance, /clock, /slam_pose_graph] curr path length: 43, is_loop length: 43
54.400000000 INFO /path_planner [path_planner.py:334(PathPlanner.handle_replanning)] [topics: /pose_graph_idx, /rosout, /edge_distance, /clock, /slam_pose_graph] Send new plan: 8 7 6  ---> 5 4 3 9 15 16 10 11 35 37 20 19 15(L) 19 23 29 30 24 25 31 32 26 27 33 34 28 22 21 38 37(L) 38 36 12 13 14 8(L) 14 18 17 21(L) 
54.400000000 INFO /Navigator [/home/wcqw/ac-slam/catkin_ws/src/cpp_solver/src/MyPlanner.cpp:509(findExplorationTarget)] [topics: /rosout, /cmd, /Navigator/plan, /Navigator/markers, /Navigator/frontiers, /Navigator/frontier_to_vertex, /Navigator/nav_goal, /Navigator/prior_map, /Navigator/visual_tsp_path, /Navigator/tsp_index, /Navigator/path_finder, /Navigator/dist_map, /finished_topic, /request_replan, /Explore/result, /Explore/feedback, /Explore/status, /MoveTo/result, /MoveTo/feedback, /MoveTo/status, /Localize/result, /Localize/feedback, /Localize/status, /GetFirstMap/result, /GetFirstMap/feedback, /GetFirstMap/status] Reach vertex 6
54.400000000 INFO /Navigator [/home/wcqw/ac-slam/catkin_ws/src/cpp_solver/src/MyPlanner.cpp:613(findExplorationTarget)] [topics: /rosout, /cmd, /Navigator/plan, /Navigator/markers, /Navigator/frontiers, /Navigator/frontier_to_vertex, /Navigator/nav_goal, /Navigator/prior_map, /Navigator/visual_tsp_path, /Navigator/tsp_index, /Navigator/path_finder, /Navigator/dist_map, /finished_topic, /request_replan, /Explore/result, /Explore/feedback, /Explore/status, /MoveTo/result, /MoveTo/feedback, /MoveTo/status, /Localize/result, /Localize/feedback, /Localize/status, /GetFirstMap/result, /GetFirstMap/feedback, /GetFirstMap/status] Explore Goal 6 's frontiers...
60.300000000 INFO /updateDistance [/home/wcqw/ac-slam/catkin_ws/src/cpp_solver/src/updateDistance.cpp:29(occupancyGridCallback)] [topics: /rosout, /edge_distance] Received an OccupancyGrid message!
60.300000000 INFO /updateDistance [/home/wcqw/ac-slam/catkin_ws/src/cpp_solver/src/updateDistance.cpp:30(occupancyGridCallback)] [topics: /rosout, /edge_distance] Width: 333, Height: 493, Size: 164169
60.300000000 INFO /updateDistance [/home/wcqw/ac-slam/catkin_ws/src/cpp_solver/src/updateDistance.cpp:32(occupancyGridCallback)] [topics: /rosout, /edge_distance] Map origin x: -7.112, y: -7.120
60.300000000 INFO /updateDistance [/home/wcqw/ac-slam/catkin_ws/src/cpp_solver/src/updateDistance.cpp:87(occupancyGridCallback)] [topics: /rosout, /edge_distance] Free vertices size: 5
60.300000000 INFO /updateDistance [/home/wcqw/ac-slam/catkin_ws/src/cpp_solver/src/updateDistance.cpp:128(occupancyGridCallback)] [topics: /rosout, /edge_distance] 6 edge distance updated
60.300000000 INFO /RVIZ [/tmp/binarydeb/ros-noetic-rviz-1.14.26/src/rviz/default_plugin/map_display.cpp:604(MapDisplay::createSwatches)] [topics: /rosout, /initialpose, /goal, /clicked_point] Creating 1 swatches
60.400000000 INFO /Navigator [/home/wcqw/ac-slam/catkin_ws/src/cpp_solver/src/MyPlanner.cpp:481(findExplorationTarget)] [topics: /rosout, /cmd, /Navigator/plan, /Navigator/markers, /Navigator/frontiers, /Navigator/frontier_to_vertex, /Navigator/nav_goal, /Navigator/prior_map, /Navigator/visual_tsp_path, /Navigator/tsp_index, /Navigator/path_finder, /Navigator/dist_map, /finished_topic, /request_replan, /Explore/result, /Explore/feedback, /Explore/status, /MoveTo/result, /MoveTo/feedback, /MoveTo/status, /Localize/result, /Localize/feedback, /Localize/status, /GetFirstMap/result, /GetFirstMap/feedback, /GetFirstMap/status] Call local replanning...
60.400000000 INFO /path_planner [path_planner.py:295(PathPlanner.handle_replanning)] [topics: /pose_graph_idx, /rosout, /edge_distance, /clock, /slam_pose_graph] Replanning request. curr_vertex_idx: 2
60.400000000 INFO /path_planner [path_planner.py:296(PathPlanner.handle_replanning)] [topics: /pose_graph_idx, /rosout, /edge_distance, /clock, /slam_pose_graph]                     covered_vertices: ()
60.400000000 INFO /path_planner [path_planner.py:310(PathPlanner.handle_replanning)] [topics: /pose_graph_idx, /rosout, /edge_distance, /clock, /slam_pose_graph] Handle local replanning...
60.400000000 INFO /path_planner [path_planner.py:322(PathPlanner.handle_replanning)] [topics: /pose_graph_idx, /rosout, /edge_distance, /clock, /slam_pose_graph] curr path length: 43, is_loop length: 43
60.400000000 INFO /path_planner [path_planner.py:334(PathPlanner.handle_replanning)] [topics: /pose_graph_idx, /rosout, /edge_distance, /clock, /slam_pose_graph] Send new plan: 8 7 6  ---> 5 4 3 9 15 16 10 11 35 37 20 19 15(L) 19 23 29 30 24 25 31 32 26 27 33 34 28 22 21 38 37(L) 38 36 12 13 14 8(L) 14 18 17 21(L) 
60.400000000 INFO /Navigator [/home/wcqw/ac-slam/catkin_ws/src/cpp_solver/src/MyPlanner.cpp:613(findExplorationTarget)] [topics: /rosout, /cmd, /Navigator/plan, /Navigator/markers, /Navigator/frontiers, /Navigator/frontier_to_vertex, /Navigator/nav_goal, /Navigator/prior_map, /Navigator/visual_tsp_path, /Navigator/tsp_index, /Navigator/path_finder, /Navigator/dist_map, /finished_topic, /request_replan, /Explore/result, /Explore/feedback, /Explore/status, /MoveTo/result, /MoveTo/feedback, /MoveTo/status, /Localize/result, /Localize/feedback, /Localize/status, /GetFirstMap/result, /GetFirstMap/feedback, /GetFirstMap/status] Explore Goal 6 's frontiers...
65.300000000 INFO /updateDistance [/home/wcqw/ac-slam/catkin_ws/src/cpp_solver/src/updateDistance.cpp:29(occupancyGridCallback)] [topics: /rosout, /edge_distance] Received an OccupancyGrid message!
65.300000000 INFO /updateDistance [/home/wcqw/ac-slam/catkin_ws/src/cpp_solver/src/updateDistance.cpp:30(occupancyGridCallback)] [topics: /rosout, /edge_distance] Width: 333, Height: 501, Size: 166833
65.300000000 INFO /updateDistance [/home/wcqw/ac-slam/catkin_ws/src/cpp_solver/src/updateDistance.cpp:32(occupancyGridCallback)] [topics: /rosout, /edge_distance] Map origin x: -7.125, y: -7.120
65.300000000 INFO /updateDistance [/home/wcqw/ac-slam/catkin_ws/src/cpp_solver/src/updateDistance.cpp:87(occupancyGridCallback)] [topics: /rosout, /edge_distance] Free vertices size: 5
65.300000000 INFO /updateDistance [/home/wcqw/ac-slam/catkin_ws/src/cpp_solver/src/updateDistance.cpp:128(occupancyGridCallback)] [topics: /rosout, /edge_distance] 6 edge distance updated
65.300000000 INFO /RVIZ [/tmp/binarydeb/ros-noetic-rviz-1.14.26/src/rviz/default_plugin/map_display.cpp:604(MapDisplay::createSwatches)] [topics: /rosout, /initialpose, /goal, /clicked_point] Creating 1 swatches
65.400000000 INFO /Navigator [/home/wcqw/ac-slam/catkin_ws/src/cpp_solver/src/MyPlanner.cpp:481(findExplorationTarget)] [topics: /rosout, /cmd, /Navigator/plan, /Navigator/markers, /Navigator/frontiers, /Navigator/frontier_to_vertex, /Navigator/nav_goal, /Navigator/prior_map, /Navigator/visual_tsp_path, /Navigator/tsp_index, /Navigator/path_finder, /Navigator/dist_map, /finished_topic, /request_replan, /Explore/result, /Explore/feedback, /Explore/status, /MoveTo/result, /MoveTo/feedback, /MoveTo/status, /Localize/result, /Localize/feedback, /Localize/status, /GetFirstMap/result, /GetFirstMap/feedback, /GetFirstMap/status] Call local replanning...
65.400000000 INFO /path_planner [path_planner.py:295(PathPlanner.handle_replanning)] [topics: /pose_graph_idx, /rosout, /edge_distance, /clock, /slam_pose_graph] Replanning request. curr_vertex_idx: 2
65.400000000 INFO /path_planner [path_planner.py:296(PathPlanner.handle_replanning)] [topics: /pose_graph_idx, /rosout, /edge_distance, /clock, /slam_pose_graph]                     covered_vertices: ()
65.400000000 INFO /path_planner [path_planner.py:310(PathPlanner.handle_replanning)] [topics: /pose_graph_idx, /rosout, /edge_distance, /clock, /slam_pose_graph] Handle local replanning...
65.400000000 INFO /path_planner [path_planner.py:322(PathPlanner.handle_replanning)] [topics: /pose_graph_idx, /rosout, /edge_distance, /clock, /slam_pose_graph] curr path length: 43, is_loop length: 43
65.400000000 INFO /path_planner [path_planner.py:334(PathPlanner.handle_replanning)] [topics: /pose_graph_idx, /rosout, /edge_distance, /clock, /slam_pose_graph] Send new plan: 8 7 6  ---> 5 4 3 9 15 16 10 11 35 37 20 19 15(L) 19 23 29 30 24 25 31 32 26 27 33 34 28 22 21 38 37(L) 38 36 12 13 14 8(L) 14 18 17 21(L) 
65.400000000 WARN /Navigator [/home/wcqw/ac-slam/catkin_ws/src/cpp_solver/src/MyPlanner.cpp:570(findExplorationTarget)] [topics: /rosout, /cmd, /Navigator/plan, /Navigator/markers, /Navigator/frontiers, /Navigator/frontier_to_vertex, /Navigator/nav_goal, /Navigator/prior_map, /Navigator/visual_tsp_path, /Navigator/tsp_index, /Navigator/path_finder, /Navigator/dist_map, /finished_topic, /request_replan, /Explore/result, /Explore/feedback, /Explore/status, /MoveTo/result, /MoveTo/feedback, /MoveTo/status, /Localize/result, /Localize/feedback, /Localize/status, /GetFirstMap/result, /GetFirstMap/feedback, /GetFirstMap/status] No frontier at vertex 6. #Frontier: 0
65.400000000 INFO /Navigator [/home/wcqw/ac-slam/catkin_ws/src/cpp_solver/src/MyPlanner.cpp:310(getUsefulGoalIndex)] [topics: /rosout, /cmd, /Navigator/plan, /Navigator/markers, /Navigator/frontiers, /Navigator/frontier_to_vertex, /Navigator/nav_goal, /Navigator/prior_map, /Navigator/visual_tsp_path, /Navigator/tsp_index, /Navigator/path_finder, /Navigator/dist_map, /finished_topic, /request_replan, /Explore/result, /Explore/feedback, /Explore/status, /MoveTo/result, /MoveTo/feedback, /MoveTo/status, /Localize/result, /Localize/feedback, /Localize/status, /GetFirstMap/result, /GetFirstMap/feedback, /GetFirstMap/status] Set newGoal 5
70.800000000 INFO /updateDistance [/home/wcqw/ac-slam/catkin_ws/src/cpp_solver/src/updateDistance.cpp:29(occupancyGridCallback)] [topics: /rosout, /edge_distance] Received an OccupancyGrid message!
70.800000000 INFO /updateDistance [/home/wcqw/ac-slam/catkin_ws/src/cpp_solver/src/updateDistance.cpp:30(occupancyGridCallback)] [topics: /rosout, /edge_distance] Width: 333, Height: 524, Size: 174492
70.800000000 INFO /updateDistance [/home/wcqw/ac-slam/catkin_ws/src/cpp_solver/src/updateDistance.cpp:32(occupancyGridCallback)] [topics: /rosout, /edge_distance] Map origin x: -7.125, y: -7.323
70.800000000 INFO /path_planner [path_planner.py:638(PathPlanner.handle_pose_graph)] [topics: /pose_graph_idx, /rosout, /edge_distance, /clock, /slam_pose_graph] Really visited vertices: 8 7 6 
70.800000000 INFO /updateDistance [/home/wcqw/ac-slam/catkin_ws/src/cpp_solver/src/updateDistance.cpp:87(occupancyGridCallback)] [topics: /rosout, /edge_distance] Free vertices size: 5
70.800000000 INFO /updateDistance [/home/wcqw/ac-slam/catkin_ws/src/cpp_solver/src/updateDistance.cpp:128(occupancyGridCallback)] [topics: /rosout, /edge_distance] 6 edge distance updated
70.800000000 INFO /RVIZ [/tmp/binarydeb/ros-noetic-rviz-1.14.26/src/rviz/default_plugin/map_display.cpp:604(MapDisplay::createSwatches)] [topics: /rosout, /initialpose, /goal, /clicked_point] Creating 1 swatches
71.300000000 INFO /updateDistance [/home/wcqw/ac-slam/catkin_ws/src/cpp_solver/src/updateDistance.cpp:29(occupancyGridCallback)] [topics: /rosout, /edge_distance] Received an OccupancyGrid message!
71.300000000 INFO /updateDistance [/home/wcqw/ac-slam/catkin_ws/src/cpp_solver/src/updateDistance.cpp:30(occupancyGridCallback)] [topics: /rosout, /edge_distance] Width: 333, Height: 524, Size: 174492
71.300000000 INFO /updateDistance [/home/wcqw/ac-slam/catkin_ws/src/cpp_solver/src/updateDistance.cpp:32(occupancyGridCallback)] [topics: /rosout, /edge_distance] Map origin x: -7.125, y: -7.323
71.300000000 INFO /updateDistance [/home/wcqw/ac-slam/catkin_ws/src/cpp_solver/src/updateDistance.cpp:87(occupancyGridCallback)] [topics: /rosout, /edge_distance] Free vertices size: 5
71.300000000 INFO /updateDistance [/home/wcqw/ac-slam/catkin_ws/src/cpp_solver/src/updateDistance.cpp:128(occupancyGridCallback)] [topics: /rosout, /edge_distance] 6 edge distance updated
71.400000000 INFO /Navigator [/home/wcqw/ac-slam/catkin_ws/src/cpp_solver/src/MyPlanner.cpp:481(findExplorationTarget)] [topics: /rosout, /cmd, /Navigator/plan, /Navigator/markers, /Navigator/frontiers, /Navigator/frontier_to_vertex, /Navigator/nav_goal, /Navigator/prior_map, /Navigator/visual_tsp_path, /Navigator/tsp_index, /Navigator/path_finder, /Navigator/dist_map, /finished_topic, /request_replan, /Explore/result, /Explore/feedback, /Explore/status, /MoveTo/result, /MoveTo/feedback, /MoveTo/status, /Localize/result, /Localize/feedback, /Localize/status, /GetFirstMap/result, /GetFirstMap/feedback, /GetFirstMap/status] Call local replanning...
71.400000000 INFO /path_planner [path_planner.py:295(PathPlanner.handle_replanning)] [topics: /pose_graph_idx, /rosout, /edge_distance, /clock, /slam_pose_graph] Replanning request. curr_vertex_idx: 3
71.400000000 INFO /path_planner [path_planner.py:296(PathPlanner.handle_replanning)] [topics: /pose_graph_idx, /rosout, /edge_distance, /clock, /slam_pose_graph]                     covered_vertices: ()
71.400000000 INFO /path_planner [path_planner.py:310(PathPlanner.handle_replanning)] [topics: /pose_graph_idx, /rosout, /edge_distance, /clock, /slam_pose_graph] Handle local replanning...
71.400000000 INFO /path_planner [path_planner.py:322(PathPlanner.handle_replanning)] [topics: /pose_graph_idx, /rosout, /edge_distance, /clock, /slam_pose_graph] curr path length: 43, is_loop length: 43
71.400000000 INFO /path_planner [path_planner.py:334(PathPlanner.handle_replanning)] [topics: /pose_graph_idx, /rosout, /edge_distance, /clock, /slam_pose_graph] Send new plan: 8 7 6 5  ---> 4 3 9 15 16 10 11 35 37 20 19 15(L) 19 23 29 30 24 25 31 32 26 27 33 34 28 22 21 38 37(L) 38 36 12 13 14 8(L) 14 18 17 21(L) 
77.200000000 INFO /updateDistance [/home/wcqw/ac-slam/catkin_ws/src/cpp_solver/src/updateDistance.cpp:29(occupancyGridCallback)] [topics: /rosout, /edge_distance] Received an OccupancyGrid message!
77.200000000 INFO /updateDistance [/home/wcqw/ac-slam/catkin_ws/src/cpp_solver/src/updateDistance.cpp:30(occupancyGridCallback)] [topics: /rosout, /edge_distance] Width: 333, Height: 554, Size: 184482
77.200000000 INFO /updateDistance [/home/wcqw/ac-slam/catkin_ws/src/cpp_solver/src/updateDistance.cpp:32(occupancyGridCallback)] [topics: /rosout, /edge_distance] Map origin x: -7.125, y: -7.323
77.200000000 INFO /path_planner [path_planner.py:638(PathPlanner.handle_pose_graph)] [topics: /pose_graph_idx, /rosout, /edge_distance, /clock, /slam_pose_graph] Really visited vertices: 8 7 6 
77.200000000 INFO /updateDistance [/home/wcqw/ac-slam/catkin_ws/src/cpp_solver/src/updateDistance.cpp:87(occupancyGridCallback)] [topics: /rosout, /edge_distance] Free vertices size: 5
77.200000000 INFO /updateDistance [/home/wcqw/ac-slam/catkin_ws/src/cpp_solver/src/updateDistance.cpp:128(occupancyGridCallback)] [topics: /rosout, /edge_distance] 6 edge distance updated
77.200000000 INFO /RVIZ [/tmp/binarydeb/ros-noetic-rviz-1.14.26/src/rviz/default_plugin/map_display.cpp:604(MapDisplay::createSwatches)] [topics: /rosout, /initialpose, /goal, /clicked_point] Creating 1 swatches
77.300000000 INFO /updateDistance [/home/wcqw/ac-slam/catkin_ws/src/cpp_solver/src/updateDistance.cpp:29(occupancyGridCallback)] [topics: /rosout, /edge_distance] Received an OccupancyGrid message!
77.300000000 INFO /updateDistance [/home/wcqw/ac-slam/catkin_ws/src/cpp_solver/src/updateDistance.cpp:30(occupancyGridCallback)] [topics: /rosout, /edge_distance] Width: 333, Height: 554, Size: 184482
77.300000000 INFO /updateDistance [/home/wcqw/ac-slam/catkin_ws/src/cpp_solver/src/updateDistance.cpp:32(occupancyGridCallback)] [topics: /rosout, /edge_distance] Map origin x: -7.125, y: -7.323
77.300000000 INFO /updateDistance [/home/wcqw/ac-slam/catkin_ws/src/cpp_solver/src/updateDistance.cpp:87(occupancyGridCallback)] [topics: /rosout, /edge_distance] Free vertices size: 5
77.300000000 INFO /updateDistance [/home/wcqw/ac-slam/catkin_ws/src/cpp_solver/src/updateDistance.cpp:128(occupancyGridCallback)] [topics: /rosout, /edge_distance] 6 edge distance updated
77.400000000 INFO /Navigator [/home/wcqw/ac-slam/catkin_ws/src/cpp_solver/src/MyPlanner.cpp:481(findExplorationTarget)] [topics: /rosout, /cmd, /Navigator/plan, /Navigator/markers, /Navigator/frontiers, /Navigator/frontier_to_vertex, /Navigator/nav_goal, /Navigator/prior_map, /Navigator/visual_tsp_path, /Navigator/tsp_index, /Navigator/path_finder, /Navigator/dist_map, /finished_topic, /request_replan, /Explore/result, /Explore/feedback, /Explore/status, /MoveTo/result, /MoveTo/feedback, /MoveTo/status, /Localize/result, /Localize/feedback, /Localize/status, /GetFirstMap/result, /GetFirstMap/feedback, /GetFirstMap/status] Call local replanning...
77.400000000 INFO /path_planner [path_planner.py:295(PathPlanner.handle_replanning)] [topics: /pose_graph_idx, /rosout, /edge_distance, /clock, /slam_pose_graph] Replanning request. curr_vertex_idx: 3
77.400000000 INFO /path_planner [path_planner.py:296(PathPlanner.handle_replanning)] [topics: /pose_graph_idx, /rosout, /edge_distance, /clock, /slam_pose_graph]                     covered_vertices: ()
77.400000000 INFO /path_planner [path_planner.py:310(PathPlanner.handle_replanning)] [topics: /pose_graph_idx, /rosout, /edge_distance, /clock, /slam_pose_graph] Handle local replanning...
77.400000000 INFO /path_planner [path_planner.py:322(PathPlanner.handle_replanning)] [topics: /pose_graph_idx, /rosout, /edge_distance, /clock, /slam_pose_graph] curr path length: 43, is_loop length: 43
77.400000000 INFO /path_planner [path_planner.py:334(PathPlanner.handle_replanning)] [topics: /pose_graph_idx, /rosout, /edge_distance, /clock, /slam_pose_graph] Send new plan: 8 7 6 5  ---> 4 3 9 15 16 10 11 35 37 20 19 15(L) 19 23 29 30 24 25 31 32 26 27 33 34 28 22 21 38 37(L) 38 36 12 13 14 8(L) 14 18 17 21(L) 
83.300000000 INFO /updateDistance [/home/wcqw/ac-slam/catkin_ws/src/cpp_solver/src/updateDistance.cpp:29(occupancyGridCallback)] [topics: /rosout, /edge_distance] Received an OccupancyGrid message!
83.300000000 INFO /updateDistance [/home/wcqw/ac-slam/catkin_ws/src/cpp_solver/src/updateDistance.cpp:30(occupancyGridCallback)] [topics: /rosout, /edge_distance] Width: 333, Height: 563, Size: 187479
83.300000000 INFO /updateDistance [/home/wcqw/ac-slam/catkin_ws/src/cpp_solver/src/updateDistance.cpp:32(occupancyGridCallback)] [topics: /rosout, /edge_distance] Map origin x: -7.125, y: -7.323
83.300000000 INFO /updateDistance [/home/wcqw/ac-slam/catkin_ws/src/cpp_solver/src/updateDistance.cpp:87(occupancyGridCallback)] [topics: /rosout, /edge_distance] Free vertices size: 5
83.300000000 INFO /updateDistance [/home/wcqw/ac-slam/catkin_ws/src/cpp_solver/src/updateDistance.cpp:128(occupancyGridCallback)] [topics: /rosout, /edge_distance] 6 edge distance updated
83.300000000 INFO /RVIZ [/tmp/binarydeb/ros-noetic-rviz-1.14.26/src/rviz/default_plugin/map_display.cpp:604(MapDisplay::createSwatches)] [topics: /rosout, /initialpose, /goal, /clicked_point] Creating 1 swatches
83.400000000 INFO /Navigator [/home/wcqw/ac-slam/catkin_ws/src/cpp_solver/src/MyPlanner.cpp:481(findExplorationTarget)] [topics: /rosout, /cmd, /Navigator/plan, /Navigator/markers, /Navigator/frontiers, /Navigator/frontier_to_vertex, /Navigator/nav_goal, /Navigator/prior_map, /Navigator/visual_tsp_path, /Navigator/tsp_index, /Navigator/path_finder, /Navigator/dist_map, /finished_topic, /request_replan, /Explore/result, /Explore/feedback, /Explore/status, /MoveTo/result, /MoveTo/feedback, /MoveTo/status, /Localize/result, /Localize/feedback, /Localize/status, /GetFirstMap/result, /GetFirstMap/feedback, /GetFirstMap/status] Call local replanning...
83.400000000 INFO /path_planner [path_planner.py:295(PathPlanner.handle_replanning)] [topics: /pose_graph_idx, /rosout, /edge_distance, /clock, /slam_pose_graph] Replanning request. curr_vertex_idx: 3
83.400000000 INFO /path_planner [path_planner.py:296(PathPlanner.handle_replanning)] [topics: /pose_graph_idx, /rosout, /edge_distance, /clock, /slam_pose_graph]                     covered_vertices: ()
83.400000000 INFO /path_planner [path_planner.py:310(PathPlanner.handle_replanning)] [topics: /pose_graph_idx, /rosout, /edge_distance, /clock, /slam_pose_graph] Handle local replanning...
83.400000000 INFO /path_planner [path_planner.py:322(PathPlanner.handle_replanning)] [topics: /pose_graph_idx, /rosout, /edge_distance, /clock, /slam_pose_graph] curr path length: 43, is_loop length: 43
83.400000000 INFO /path_planner [path_planner.py:334(PathPlanner.handle_replanning)] [topics: /pose_graph_idx, /rosout, /edge_distance, /clock, /slam_pose_graph] Send new plan: 8 7 6 5  ---> 4 3 9 15 16 10 11 35 37 20 19 15(L) 19 23 29 30 24 25 31 32 26 27 33 34 28 22 21 38 37(L) 38 36 12 13 14 8(L) 14 18 17 21(L) 
89.300000000 INFO /updateDistance [/home/wcqw/ac-slam/catkin_ws/src/cpp_solver/src/updateDistance.cpp:29(occupancyGridCallback)] [topics: /rosout, /edge_distance] Received an OccupancyGrid message!
89.300000000 INFO /updateDistance [/home/wcqw/ac-slam/catkin_ws/src/cpp_solver/src/updateDistance.cpp:30(occupancyGridCallback)] [topics: /rosout, /edge_distance] Width: 333, Height: 582, Size: 193806
89.300000000 INFO /updateDistance [/home/wcqw/ac-slam/catkin_ws/src/cpp_solver/src/updateDistance.cpp:32(occupancyGridCallback)] [topics: /rosout, /edge_distance] Map origin x: -7.125, y: -7.323
89.300000000 INFO /RVIZ [/tmp/binarydeb/ros-noetic-rviz-1.14.26/src/rviz/default_plugin/map_display.cpp:604(MapDisplay::createSwatches)] [topics: /rosout, /initialpose, /goal, /clicked_point] Creating 1 swatches
89.300000000 INFO /updateDistance [/home/wcqw/ac-slam/catkin_ws/src/cpp_solver/src/updateDistance.cpp:87(occupancyGridCallback)] [topics: /rosout, /edge_distance] Free vertices size: 6
89.300000000 INFO /updateDistance [/home/wcqw/ac-slam/catkin_ws/src/cpp_solver/src/updateDistance.cpp:128(occupancyGridCallback)] [topics: /rosout, /edge_distance] 10 edge distance updated
89.400000000 INFO /Navigator [/home/wcqw/ac-slam/catkin_ws/src/cpp_solver/src/MyPlanner.cpp:481(findExplorationTarget)] [topics: /rosout, /cmd, /Navigator/plan, /Navigator/markers, /Navigator/frontiers, /Navigator/frontier_to_vertex, /Navigator/nav_goal, /Navigator/prior_map, /Navigator/visual_tsp_path, /Navigator/tsp_index, /Navigator/path_finder, /Navigator/dist_map, /finished_topic, /request_replan, /Explore/result, /Explore/feedback, /Explore/status, /MoveTo/result, /MoveTo/feedback, /MoveTo/status, /Localize/result, /Localize/feedback, /Localize/status, /GetFirstMap/result, /GetFirstMap/feedback, /GetFirstMap/status] Call local replanning...
89.400000000 INFO /path_planner [path_planner.py:295(PathPlanner.handle_replanning)] [topics: /pose_graph_idx, /rosout, /edge_distance, /clock, /slam_pose_graph] Replanning request. curr_vertex_idx: 3
89.400000000 INFO /path_planner [path_planner.py:296(PathPlanner.handle_replanning)] [topics: /pose_graph_idx, /rosout, /edge_distance, /clock, /slam_pose_graph]                     covered_vertices: ()
89.400000000 INFO /path_planner [path_planner.py:310(PathPlanner.handle_replanning)] [topics: /pose_graph_idx, /rosout, /edge_distance, /clock, /slam_pose_graph] Handle local replanning...
89.400000000 INFO /path_planner [path_planner.py:322(PathPlanner.handle_replanning)] [topics: /pose_graph_idx, /rosout, /edge_distance, /clock, /slam_pose_graph] curr path length: 43, is_loop length: 43
89.400000000 INFO /path_planner [path_planner.py:334(PathPlanner.handle_replanning)] [topics: /pose_graph_idx, /rosout, /edge_distance, /clock, /slam_pose_graph] Send new plan: 8 7 6 5  ---> 4 3 9 15 16 10 11 35 37 20 19 15(L) 19 23 29 30 24 25 31 32 26 27 33 34 28 22 21 38 37(L) 38 36 12 13 14 8(L) 14 18 17 21(L) 
95.300000000 INFO /updateDistance [/home/wcqw/ac-slam/catkin_ws/src/cpp_solver/src/updateDistance.cpp:29(occupancyGridCallback)] [topics: /rosout, /edge_distance] Received an OccupancyGrid message!
95.300000000 INFO /updateDistance [/home/wcqw/ac-slam/catkin_ws/src/cpp_solver/src/updateDistance.cpp:30(occupancyGridCallback)] [topics: /rosout, /edge_distance] Width: 333, Height: 592, Size: 197136
95.300000000 INFO /updateDistance [/home/wcqw/ac-slam/catkin_ws/src/cpp_solver/src/updateDistance.cpp:32(occupancyGridCallback)] [topics: /rosout, /edge_distance] Map origin x: -7.125, y: -7.323
95.300000000 INFO /updateDistance [/home/wcqw/ac-slam/catkin_ws/src/cpp_solver/src/updateDistance.cpp:87(occupancyGridCallback)] [topics: /rosout, /edge_distance] Free vertices size: 5
95.300000000 INFO /updateDistance [/home/wcqw/ac-slam/catkin_ws/src/cpp_solver/src/updateDistance.cpp:128(occupancyGridCallback)] [topics: /rosout, /edge_distance] 10 edge distance updated
95.300000000 INFO /RVIZ [/tmp/binarydeb/ros-noetic-rviz-1.14.26/src/rviz/default_plugin/map_display.cpp:604(MapDisplay::createSwatches)] [topics: /rosout, /initialpose, /goal, /clicked_point] Creating 1 swatches
95.400000000 INFO /Navigator [/home/wcqw/ac-slam/catkin_ws/src/cpp_solver/src/MyPlanner.cpp:481(findExplorationTarget)] [topics: /rosout, /cmd, /Navigator/plan, /Navigator/markers, /Navigator/frontiers, /Navigator/frontier_to_vertex, /Navigator/nav_goal, /Navigator/prior_map, /Navigator/visual_tsp_path, /Navigator/tsp_index, /Navigator/path_finder, /Navigator/dist_map, /finished_topic, /request_replan, /Explore/result, /Explore/feedback, /Explore/status, /MoveTo/result, /MoveTo/feedback, /MoveTo/status, /Localize/result, /Localize/feedback, /Localize/status, /GetFirstMap/result, /GetFirstMap/feedback, /GetFirstMap/status] Call local replanning...
95.400000000 INFO /path_planner [path_planner.py:295(PathPlanner.handle_replanning)] [topics: /pose_graph_idx, /rosout, /edge_distance, /clock, /slam_pose_graph] Replanning request. curr_vertex_idx: 3
95.400000000 INFO /path_planner [path_planner.py:296(PathPlanner.handle_replanning)] [topics: /pose_graph_idx, /rosout, /edge_distance, /clock, /slam_pose_graph]                     covered_vertices: ()
95.400000000 INFO /path_planner [path_planner.py:310(PathPlanner.handle_replanning)] [topics: /pose_graph_idx, /rosout, /edge_distance, /clock, /slam_pose_graph] Handle local replanning...
95.400000000 INFO /path_planner [path_planner.py:322(PathPlanner.handle_replanning)] [topics: /pose_graph_idx, /rosout, /edge_distance, /clock, /slam_pose_graph] curr path length: 43, is_loop length: 43
95.400000000 INFO /path_planner [path_planner.py:334(PathPlanner.handle_replanning)] [topics: /pose_graph_idx, /rosout, /edge_distance, /clock, /slam_pose_graph] Send new plan: 8 7 6 5  ---> 4 3 9 15 16 10 11 35 37 20 19 15(L) 19 23 29 30 24 25 31 32 26 27 33 34 28 22 21 38 37(L) 38 36 12 13 14 8(L) 14 18 17 21(L) 
95.400000000 INFO /Navigator [/home/wcqw/ac-slam/catkin_ws/src/cpp_solver/src/MyPlanner.cpp:509(findExplorationTarget)] [topics: /rosout, /cmd, /Navigator/plan, /Navigator/markers, /Navigator/frontiers, /Navigator/frontier_to_vertex, /Navigator/nav_goal, /Navigator/prior_map, /Navigator/visual_tsp_path, /Navigator/tsp_index, /Navigator/path_finder, /Navigator/dist_map, /finished_topic, /request_replan, /Explore/result, /Explore/feedback, /Explore/status, /MoveTo/result, /MoveTo/feedback, /MoveTo/status, /Localize/result, /Localize/feedback, /Localize/status, /GetFirstMap/result, /GetFirstMap/feedback, /GetFirstMap/status] Reach vertex 5
95.400000000 INFO /Navigator [/home/wcqw/ac-slam/catkin_ws/src/cpp_solver/src/MyPlanner.cpp:613(findExplorationTarget)] [topics: /rosout, /cmd, /Navigator/plan, /Navigator/markers, /Navigator/frontiers, /Navigator/frontier_to_vertex, /Navigator/nav_goal, /Navigator/prior_map, /Navigator/visual_tsp_path, /Navigator/tsp_index, /Navigator/path_finder, /Navigator/dist_map, /finished_topic, /request_replan, /Explore/result, /Explore/feedback, /Explore/status, /MoveTo/result, /MoveTo/feedback, /MoveTo/status, /Localize/result, /Localize/feedback, /Localize/status, /GetFirstMap/result, /GetFirstMap/feedback, /GetFirstMap/status] Explore Goal 5 's frontiers...
101.000000000 INFO /updateDistance [/home/wcqw/ac-slam/catkin_ws/src/cpp_solver/src/updateDistance.cpp:29(occupancyGridCallback)] [topics: /rosout, /edge_distance] Received an OccupancyGrid message!
101.000000000 INFO /updateDistance [/home/wcqw/ac-slam/catkin_ws/src/cpp_solver/src/updateDistance.cpp:30(occupancyGridCallback)] [topics: /rosout, /edge_distance] Width: 333, Height: 619, Size: 206127
101.000000000 INFO /updateDistance [/home/wcqw/ac-slam/catkin_ws/src/cpp_solver/src/updateDistance.cpp:32(occupancyGridCallback)] [topics: /rosout, /edge_distance] Map origin x: -7.125, y: -7.323
101.000000000 INFO /path_planner [path_planner.py:638(PathPlanner.handle_pose_graph)] [topics: /pose_graph_idx, /rosout, /edge_distance, /clock, /slam_pose_graph] Really visited vertices: 8 7 6 5 
101.000000000 INFO /RVIZ [/tmp/binarydeb/ros-noetic-rviz-1.14.26/src/rviz/default_plugin/map_display.cpp:604(MapDisplay::createSwatches)] [topics: /rosout, /initialpose, /goal, /clicked_point] Creating 1 swatches
101.000000000 INFO /updateDistance [/home/wcqw/ac-slam/catkin_ws/src/cpp_solver/src/updateDistance.cpp:87(occupancyGridCallback)] [topics: /rosout, /edge_distance] Free vertices size: 6
101.000000000 INFO /updateDistance [/home/wcqw/ac-slam/catkin_ws/src/cpp_solver/src/updateDistance.cpp:128(occupancyGridCallback)] [topics: /rosout, /edge_distance] 14 edge distance updated
101.300000000 INFO /updateDistance [/home/wcqw/ac-slam/catkin_ws/src/cpp_solver/src/updateDistance.cpp:29(occupancyGridCallback)] [topics: /rosout, /edge_distance] Received an OccupancyGrid message!
101.300000000 INFO /updateDistance [/home/wcqw/ac-slam/catkin_ws/src/cpp_solver/src/updateDistance.cpp:30(occupancyGridCallback)] [topics: /rosout, /edge_distance] Width: 333, Height: 619, Size: 206127
101.300000000 INFO /updateDistance [/home/wcqw/ac-slam/catkin_ws/src/cpp_solver/src/updateDistance.cpp:32(occupancyGridCallback)] [topics: /rosout, /edge_distance] Map origin x: -7.125, y: -7.323
101.300000000 INFO /updateDistance [/home/wcqw/ac-slam/catkin_ws/src/cpp_solver/src/updateDistance.cpp:87(occupancyGridCallback)] [topics: /rosout, /edge_distance] Free vertices size: 6
101.300000000 INFO /updateDistance [/home/wcqw/ac-slam/catkin_ws/src/cpp_solver/src/updateDistance.cpp:128(occupancyGridCallback)] [topics: /rosout, /edge_distance] 14 edge distance updated
101.400000000 INFO /Navigator [/home/wcqw/ac-slam/catkin_ws/src/cpp_solver/src/MyPlanner.cpp:481(findExplorationTarget)] [topics: /rosout, /cmd, /Navigator/plan, /Navigator/markers, /Navigator/frontiers, /Navigator/frontier_to_vertex, /Navigator/nav_goal, /Navigator/prior_map, /Navigator/visual_tsp_path, /Navigator/tsp_index, /Navigator/path_finder, /Navigator/dist_map, /finished_topic, /request_replan, /Explore/result, /Explore/feedback, /Explore/status, /MoveTo/result, /MoveTo/feedback, /MoveTo/status, /Localize/result, /Localize/feedback, /Localize/status, /GetFirstMap/result, /GetFirstMap/feedback, /GetFirstMap/status] Call local replanning...
101.400000000 INFO /path_planner [path_planner.py:295(PathPlanner.handle_replanning)] [topics: /pose_graph_idx, /rosout, /edge_distance, /clock, /slam_pose_graph] Replanning request. curr_vertex_idx: 3
101.400000000 INFO /path_planner [path_planner.py:296(PathPlanner.handle_replanning)] [topics: /pose_graph_idx, /rosout, /edge_distance, /clock, /slam_pose_graph]                     covered_vertices: ()
101.400000000 INFO /path_planner [path_planner.py:310(PathPlanner.handle_replanning)] [topics: /pose_graph_idx, /rosout, /edge_distance, /clock, /slam_pose_graph] Handle local replanning...
101.400000000 INFO /path_planner [path_planner.py:322(PathPlanner.handle_replanning)] [topics: /pose_graph_idx, /rosout, /edge_distance, /clock, /slam_pose_graph] curr path length: 43, is_loop length: 43
101.400000000 INFO /path_planner [path_planner.py:334(PathPlanner.handle_replanning)] [topics: /pose_graph_idx, /rosout, /edge_distance, /clock, /slam_pose_graph] Send new plan: 8 7 6 5  ---> 4 3 9 15 16 10 11 35 37 20 19 15(L) 19 23 29 30 24 25 31 32 26 27 33 34 28 22 21 38 37(L) 38 36 12 13 14 8(L) 14 18 17 21(L) 
101.400000000 INFO /Navigator [/home/wcqw/ac-slam/catkin_ws/src/cpp_solver/src/MyPlanner.cpp:613(findExplorationTarget)] [topics: /rosout, /cmd, /Navigator/plan, /Navigator/markers, /Navigator/frontiers, /Navigator/frontier_to_vertex, /Navigator/nav_goal, /Navigator/prior_map, /Navigator/visual_tsp_path, /Navigator/tsp_index, /Navigator/path_finder, /Navigator/dist_map, /finished_topic, /request_replan, /Explore/result, /Explore/feedback, /Explore/status, /MoveTo/result, /MoveTo/feedback, /MoveTo/status, /Localize/result, /Localize/feedback, /Localize/status, /GetFirstMap/result, /GetFirstMap/feedback, /GetFirstMap/status] Explore Goal 5 's frontiers...
107.300000000 INFO /updateDistance [/home/wcqw/ac-slam/catkin_ws/src/cpp_solver/src/updateDistance.cpp:29(occupancyGridCallback)] [topics: /rosout, /edge_distance] Received an OccupancyGrid message!
107.300000000 INFO /updateDistance [/home/wcqw/ac-slam/catkin_ws/src/cpp_solver/src/updateDistance.cpp:30(occupancyGridCallback)] [topics: /rosout, /edge_distance] Width: 333, Height: 627, Size: 208791
107.300000000 INFO /updateDistance [/home/wcqw/ac-slam/catkin_ws/src/cpp_solver/src/updateDistance.cpp:32(occupancyGridCallback)] [topics: /rosout, /edge_distance] Map origin x: -7.125, y: -7.323
107.300000000 INFO /updateDistance [/home/wcqw/ac-slam/catkin_ws/src/cpp_solver/src/updateDistance.cpp:87(occupancyGridCallback)] [topics: /rosout, /edge_distance] Free vertices size: 7
107.300000000 INFO /RVIZ [/tmp/binarydeb/ros-noetic-rviz-1.14.26/src/rviz/default_plugin/map_display.cpp:604(MapDisplay::createSwatches)] [topics: /rosout, /initialpose, /goal, /clicked_point] Creating 1 swatches
107.300000000 INFO /updateDistance [/home/wcqw/ac-slam/catkin_ws/src/cpp_solver/src/updateDistance.cpp:128(occupancyGridCallback)] [topics: /rosout, /edge_distance] 19 edge distance updated
107.400000000 INFO /Navigator [/home/wcqw/ac-slam/catkin_ws/src/cpp_solver/src/MyPlanner.cpp:481(findExplorationTarget)] [topics: /rosout, /cmd, /Navigator/plan, /Navigator/markers, /Navigator/frontiers, /Navigator/frontier_to_vertex, /Navigator/nav_goal, /Navigator/prior_map, /Navigator/visual_tsp_path, /Navigator/tsp_index, /Navigator/path_finder, /Navigator/dist_map, /finished_topic, /request_replan, /Explore/result, /Explore/feedback, /Explore/status, /MoveTo/result, /MoveTo/feedback, /MoveTo/status, /Localize/result, /Localize/feedback, /Localize/status, /GetFirstMap/result, /GetFirstMap/feedback, /GetFirstMap/status] Call local replanning...
107.400000000 INFO /path_planner [path_planner.py:295(PathPlanner.handle_replanning)] [topics: /pose_graph_idx, /rosout, /edge_distance, /clock, /slam_pose_graph] Replanning request. curr_vertex_idx: 3
107.400000000 INFO /path_planner [path_planner.py:296(PathPlanner.handle_replanning)] [topics: /pose_graph_idx, /rosout, /edge_distance, /clock, /slam_pose_graph]                     covered_vertices: ()
107.400000000 INFO /path_planner [path_planner.py:310(PathPlanner.handle_replanning)] [topics: /pose_graph_idx, /rosout, /edge_distance, /clock, /slam_pose_graph] Handle local replanning...
107.400000000 INFO /path_planner [path_planner.py:322(PathPlanner.handle_replanning)] [topics: /pose_graph_idx, /rosout, /edge_distance, /clock, /slam_pose_graph] curr path length: 43, is_loop length: 43
107.400000000 INFO /path_planner [path_planner.py:334(PathPlanner.handle_replanning)] [topics: /pose_graph_idx, /rosout, /edge_distance, /clock, /slam_pose_graph] Send new plan: 8 7 6 5  ---> 4 3 9 15 16 10 11 35 37 20 19 15(L) 19 23 29 30 24 25 31 32 26 27 33 34 28 22 21 38 37(L) 38 36 12 13 14 8(L) 14 18 17 21(L) 
107.400000000 WARN /Navigator [/home/wcqw/ac-slam/catkin_ws/src/cpp_solver/src/MyPlanner.cpp:570(findExplorationTarget)] [topics: /rosout, /cmd, /Navigator/plan, /Navigator/markers, /Navigator/frontiers, /Navigator/frontier_to_vertex, /Navigator/nav_goal, /Navigator/prior_map, /Navigator/visual_tsp_path, /Navigator/tsp_index, /Navigator/path_finder, /Navigator/dist_map, /finished_topic, /request_replan, /Explore/result, /Explore/feedback, /Explore/status, /MoveTo/result, /MoveTo/feedback, /MoveTo/status, /Localize/result, /Localize/feedback, /Localize/status, /GetFirstMap/result, /GetFirstMap/feedback, /GetFirstMap/status] No frontier at vertex 5. #Frontier: 0
107.400000000 INFO /Navigator [/home/wcqw/ac-slam/catkin_ws/src/cpp_solver/src/MyPlanner.cpp:310(getUsefulGoalIndex)] [topics: /rosout, /cmd, /Navigator/plan, /Navigator/markers, /Navigator/frontiers, /Navigator/frontier_to_vertex, /Navigator/nav_goal, /Navigator/prior_map, /Navigator/visual_tsp_path, /Navigator/tsp_index, /Navigator/path_finder, /Navigator/dist_map, /finished_topic, /request_replan, /Explore/result, /Explore/feedback, /Explore/status, /MoveTo/result, /MoveTo/feedback, /MoveTo/status, /Localize/result, /Localize/feedback, /Localize/status, /GetFirstMap/result, /GetFirstMap/feedback, /GetFirstMap/status] Set newGoal 4
113.300000000 INFO /updateDistance [/home/wcqw/ac-slam/catkin_ws/src/cpp_solver/src/updateDistance.cpp:29(occupancyGridCallback)] [topics: /rosout, /edge_distance] Received an OccupancyGrid message!
113.300000000 INFO /updateDistance [/home/wcqw/ac-slam/catkin_ws/src/cpp_solver/src/updateDistance.cpp:30(occupancyGridCallback)] [topics: /rosout, /edge_distance] Width: 333, Height: 645, Size: 214785
113.300000000 INFO /updateDistance [/home/wcqw/ac-slam/catkin_ws/src/cpp_solver/src/updateDistance.cpp:32(occupancyGridCallback)] [topics: /rosout, /edge_distance] Map origin x: -7.125, y: -7.323
113.300000000 INFO /updateDistance [/home/wcqw/ac-slam/catkin_ws/src/cpp_solver/src/updateDistance.cpp:87(occupancyGridCallback)] [topics: /rosout, /edge_distance] Free vertices size: 7
113.300000000 INFO /updateDistance [/home/wcqw/ac-slam/catkin_ws/src/cpp_solver/src/updateDistance.cpp:128(occupancyGridCallback)] [topics: /rosout, /edge_distance] 20 edge distance updated
113.300000000 INFO /RVIZ [/tmp/binarydeb/ros-noetic-rviz-1.14.26/src/rviz/default_plugin/map_display.cpp:604(MapDisplay::createSwatches)] [topics: /rosout, /initialpose, /goal, /clicked_point] Creating 1 swatches
113.500000000 INFO /Navigator [/home/wcqw/ac-slam/catkin_ws/src/cpp_solver/src/MyPlanner.cpp:481(findExplorationTarget)] [topics: /rosout, /cmd, /Navigator/plan, /Navigator/markers, /Navigator/frontiers, /Navigator/frontier_to_vertex, /Navigator/nav_goal, /Navigator/prior_map, /Navigator/visual_tsp_path, /Navigator/tsp_index, /Navigator/path_finder, /Navigator/dist_map, /finished_topic, /request_replan, /Explore/result, /Explore/feedback, /Explore/status, /MoveTo/result, /MoveTo/feedback, /MoveTo/status, /Localize/result, /Localize/feedback, /Localize/status, /GetFirstMap/result, /GetFirstMap/feedback, /GetFirstMap/status] Call local replanning...
113.500000000 INFO /path_planner [path_planner.py:295(PathPlanner.handle_replanning)] [topics: /pose_graph_idx, /rosout, /edge_distance, /clock, /slam_pose_graph] Replanning request. curr_vertex_idx: 4
113.500000000 INFO /path_planner [path_planner.py:296(PathPlanner.handle_replanning)] [topics: /pose_graph_idx, /rosout, /edge_distance, /clock, /slam_pose_graph]                     covered_vertices: ()
113.500000000 INFO /path_planner [path_planner.py:310(PathPlanner.handle_replanning)] [topics: /pose_graph_idx, /rosout, /edge_distance, /clock, /slam_pose_graph] Handle local replanning...
113.500000000 INFO /path_planner [path_planner.py:322(PathPlanner.handle_replanning)] [topics: /pose_graph_idx, /rosout, /edge_distance, /clock, /slam_pose_graph] curr path length: 43, is_loop length: 43
113.500000000 INFO /path_planner [path_planner.py:334(PathPlanner.handle_replanning)] [topics: /pose_graph_idx, /rosout, /edge_distance, /clock, /slam_pose_graph] Send new plan: 8 7 6 5 4  ---> 3 9 15 16 10 11 35 37 20 19 15(L) 19 23 29 30 24 25 31 32 26 27 33 34 28 22 21 38 37(L) 38 36 12 13 14 8(L) 14 18 17 21(L) 
119.300000000 INFO /updateDistance [/home/wcqw/ac-slam/catkin_ws/src/cpp_solver/src/updateDistance.cpp:29(occupancyGridCallback)] [topics: /rosout, /edge_distance] Received an OccupancyGrid message!
119.300000000 INFO /updateDistance [/home/wcqw/ac-slam/catkin_ws/src/cpp_solver/src/updateDistance.cpp:30(occupancyGridCallback)] [topics: /rosout, /edge_distance] Width: 333, Height: 664, Size: 221112
119.300000000 INFO /updateDistance [/home/wcqw/ac-slam/catkin_ws/src/cpp_solver/src/updateDistance.cpp:32(occupancyGridCallback)] [topics: /rosout, /edge_distance] Map origin x: -7.125, y: -7.323
119.300000000 INFO /updateDistance [/home/wcqw/ac-slam/catkin_ws/src/cpp_solver/src/updateDistance.cpp:87(occupancyGridCallback)] [topics: /rosout, /edge_distance] Free vertices size: 8
119.300000000 INFO /updateDistance [/home/wcqw/ac-slam/catkin_ws/src/cpp_solver/src/updateDistance.cpp:128(occupancyGridCallback)] [topics: /rosout, /edge_distance] 20 edge distance updated
119.300000000 INFO /RVIZ [/tmp/binarydeb/ros-noetic-rviz-1.14.26/src/rviz/default_plugin/map_display.cpp:604(MapDisplay::createSwatches)] [topics: /rosout, /initialpose, /goal, /clicked_point] Creating 1 swatches
119.400000000 INFO /Navigator [/home/wcqw/ac-slam/catkin_ws/src/cpp_solver/src/MyPlanner.cpp:481(findExplorationTarget)] [topics: /rosout, /cmd, /Navigator/plan, /Navigator/markers, /Navigator/frontiers, /Navigator/frontier_to_vertex, /Navigator/nav_goal, /Navigator/prior_map, /Navigator/visual_tsp_path, /Navigator/tsp_index, /Navigator/path_finder, /Navigator/dist_map, /finished_topic, /request_replan, /Explore/result, /Explore/feedback, /Explore/status, /MoveTo/result, /MoveTo/feedback, /MoveTo/status, /Localize/result, /Localize/feedback, /Localize/status, /GetFirstMap/result, /GetFirstMap/feedback, /GetFirstMap/status] Call local replanning...
119.400000000 INFO /path_planner [path_planner.py:295(PathPlanner.handle_replanning)] [topics: /pose_graph_idx, /rosout, /edge_distance, /clock, /slam_pose_graph] Replanning request. curr_vertex_idx: 4
119.400000000 INFO /path_planner [path_planner.py:296(PathPlanner.handle_replanning)] [topics: /pose_graph_idx, /rosout, /edge_distance, /clock, /slam_pose_graph]                     covered_vertices: ()
119.400000000 INFO /path_planner [path_planner.py:310(PathPlanner.handle_replanning)] [topics: /pose_graph_idx, /rosout, /edge_distance, /clock, /slam_pose_graph] Handle local replanning...
119.400000000 INFO /path_planner [path_planner.py:322(PathPlanner.handle_replanning)] [topics: /pose_graph_idx, /rosout, /edge_distance, /clock, /slam_pose_graph] curr path length: 43, is_loop length: 43
119.400000000 INFO /path_planner [path_planner.py:334(PathPlanner.handle_replanning)] [topics: /pose_graph_idx, /rosout, /edge_distance, /clock, /slam_pose_graph] Send new plan: 8 7 6 5 4  ---> 3 9 15 16 10 11 35 37 20 19 15(L) 19 23 29 30 24 25 31 32 26 27 33 34 28 22 21 38 37(L) 38 36 12 13 14 8(L) 14 18 17 21(L) 
125.000000000 INFO /updateDistance [/home/wcqw/ac-slam/catkin_ws/src/cpp_solver/src/updateDistance.cpp:29(occupancyGridCallback)] [topics: /rosout, /edge_distance] Received an OccupancyGrid message!
125.000000000 INFO /updateDistance [/home/wcqw/ac-slam/catkin_ws/src/cpp_solver/src/updateDistance.cpp:30(occupancyGridCallback)] [topics: /rosout, /edge_distance] Width: 333, Height: 683, Size: 227439
125.000000000 INFO /updateDistance [/home/wcqw/ac-slam/catkin_ws/src/cpp_solver/src/updateDistance.cpp:32(occupancyGridCallback)] [topics: /rosout, /edge_distance] Map origin x: -7.125, y: -7.323
125.000000000 INFO /path_planner [path_planner.py:638(PathPlanner.handle_pose_graph)] [topics: /pose_graph_idx, /rosout, /edge_distance, /clock, /slam_pose_graph] Really visited vertices: 8 7 6 5 
125.000000000 INFO /updateDistance [/home/wcqw/ac-slam/catkin_ws/src/cpp_solver/src/updateDistance.cpp:87(occupancyGridCallback)] [topics: /rosout, /edge_distance] Free vertices size: 8
125.000000000 INFO /updateDistance [/home/wcqw/ac-slam/catkin_ws/src/cpp_solver/src/updateDistance.cpp:128(occupancyGridCallback)] [topics: /rosout, /edge_distance] 20 edge distance updated
125.000000000 INFO /RVIZ [/tmp/binarydeb/ros-noetic-rviz-1.14.26/src/rviz/default_plugin/map_display.cpp:604(MapDisplay::createSwatches)] [topics: /rosout, /initialpose, /goal, /clicked_point] Creating 1 swatches
125.300000000 INFO /updateDistance [/home/wcqw/ac-slam/catkin_ws/src/cpp_solver/src/updateDistance.cpp:29(occupancyGridCallback)] [topics: /rosout, /edge_distance] Received an OccupancyGrid message!
125.300000000 INFO /updateDistance [/home/wcqw/ac-slam/catkin_ws/src/cpp_solver/src/updateDistance.cpp:30(occupancyGridCallback)] [topics: /rosout, /edge_distance] Width: 333, Height: 683, Size: 227439
125.300000000 INFO /updateDistance [/home/wcqw/ac-slam/catkin_ws/src/cpp_solver/src/updateDistance.cpp:32(occupancyGridCallback)] [topics: /rosout, /edge_distance] Map origin x: -7.125, y: -7.323
125.300000000 INFO /updateDistance [/home/wcqw/ac-slam/catkin_ws/src/cpp_solver/src/updateDistance.cpp:87(occupancyGridCallback)] [topics: /rosout, /edge_distance] Free vertices size: 8
125.300000000 INFO /updateDistance [/home/wcqw/ac-slam/catkin_ws/src/cpp_solver/src/updateDistance.cpp:128(occupancyGridCallback)] [topics: /rosout, /edge_distance] 20 edge distance updated
125.400000000 INFO /Navigator [/home/wcqw/ac-slam/catkin_ws/src/cpp_solver/src/MyPlanner.cpp:481(findExplorationTarget)] [topics: /rosout, /cmd, /Navigator/plan, /Navigator/markers, /Navigator/frontiers, /Navigator/frontier_to_vertex, /Navigator/nav_goal, /Navigator/prior_map, /Navigator/visual_tsp_path, /Navigator/tsp_index, /Navigator/path_finder, /Navigator/dist_map, /finished_topic, /request_replan, /Explore/result, /Explore/feedback, /Explore/status, /MoveTo/result, /MoveTo/feedback, /MoveTo/status, /Localize/result, /Localize/feedback, /Localize/status, /GetFirstMap/result, /GetFirstMap/feedback, /GetFirstMap/status] Call local replanning...
125.400000000 INFO /path_planner [path_planner.py:295(PathPlanner.handle_replanning)] [topics: /pose_graph_idx, /rosout, /edge_distance, /clock, /slam_pose_graph] Replanning request. curr_vertex_idx: 4
125.400000000 INFO /path_planner [path_planner.py:296(PathPlanner.handle_replanning)] [topics: /pose_graph_idx, /rosout, /edge_distance, /clock, /slam_pose_graph]                     covered_vertices: ()
125.400000000 INFO /path_planner [path_planner.py:310(PathPlanner.handle_replanning)] [topics: /pose_graph_idx, /rosout, /edge_distance, /clock, /slam_pose_graph] Handle local replanning...
125.400000000 INFO /path_planner [path_planner.py:322(PathPlanner.handle_replanning)] [topics: /pose_graph_idx, /rosout, /edge_distance, /clock, /slam_pose_graph] curr path length: 43, is_loop length: 43
125.400000000 INFO /path_planner [path_planner.py:334(PathPlanner.handle_replanning)] [topics: /pose_graph_idx, /rosout, /edge_distance, /clock, /slam_pose_graph] Send new plan: 8 7 6 5 4  ---> 3 9 15 16 10 11 35 37 20 19 15(L) 19 23 29 30 24 25 31 32 26 27 33 34 28 22 21 38 37(L) 38 36 12 13 14 8(L) 14 18 17 21(L) 
131.300000000 INFO /updateDistance [/home/wcqw/ac-slam/catkin_ws/src/cpp_solver/src/updateDistance.cpp:29(occupancyGridCallback)] [topics: /rosout, /edge_distance] Received an OccupancyGrid message!
131.300000000 INFO /updateDistance [/home/wcqw/ac-slam/catkin_ws/src/cpp_solver/src/updateDistance.cpp:30(occupancyGridCallback)] [topics: /rosout, /edge_distance] Width: 333, Height: 693, Size: 230769
131.300000000 INFO /updateDistance [/home/wcqw/ac-slam/catkin_ws/src/cpp_solver/src/updateDistance.cpp:32(occupancyGridCallback)] [topics: /rosout, /edge_distance] Map origin x: -7.125, y: -7.323
131.300000000 INFO /updateDistance [/home/wcqw/ac-slam/catkin_ws/src/cpp_solver/src/updateDistance.cpp:87(occupancyGridCallback)] [topics: /rosout, /edge_distance] Free vertices size: 7
131.300000000 INFO /updateDistance [/home/wcqw/ac-slam/catkin_ws/src/cpp_solver/src/updateDistance.cpp:128(occupancyGridCallback)] [topics: /rosout, /edge_distance] 20 edge distance updated
131.300000000 INFO /RVIZ [/tmp/binarydeb/ros-noetic-rviz-1.14.26/src/rviz/default_plugin/map_display.cpp:604(MapDisplay::createSwatches)] [topics: /rosout, /initialpose, /goal, /clicked_point] Creating 1 swatches
131.400000000 INFO /Navigator [/home/wcqw/ac-slam/catkin_ws/src/cpp_solver/src/MyPlanner.cpp:481(findExplorationTarget)] [topics: /rosout, /cmd, /Navigator/plan, /Navigator/markers, /Navigator/frontiers, /Navigator/frontier_to_vertex, /Navigator/nav_goal, /Navigator/prior_map, /Navigator/visual_tsp_path, /Navigator/tsp_index, /Navigator/path_finder, /Navigator/dist_map, /finished_topic, /request_replan, /Explore/result, /Explore/feedback, /Explore/status, /MoveTo/result, /MoveTo/feedback, /MoveTo/status, /Localize/result, /Localize/feedback, /Localize/status, /GetFirstMap/result, /GetFirstMap/feedback, /GetFirstMap/status] Call local replanning...
131.400000000 INFO /path_planner [path_planner.py:295(PathPlanner.handle_replanning)] [topics: /pose_graph_idx, /rosout, /edge_distance, /clock, /slam_pose_graph] Replanning request. curr_vertex_idx: 4
131.400000000 INFO /path_planner [path_planner.py:296(PathPlanner.handle_replanning)] [topics: /pose_graph_idx, /rosout, /edge_distance, /clock, /slam_pose_graph]                     covered_vertices: ()
131.400000000 INFO /path_planner [path_planner.py:310(PathPlanner.handle_replanning)] [topics: /pose_graph_idx, /rosout, /edge_distance, /clock, /slam_pose_graph] Handle local replanning...
131.400000000 INFO /path_planner [path_planner.py:322(PathPlanner.handle_replanning)] [topics: /pose_graph_idx, /rosout, /edge_distance, /clock, /slam_pose_graph] curr path length: 43, is_loop length: 43
131.400000000 INFO /path_planner [path_planner.py:334(PathPlanner.handle_replanning)] [topics: /pose_graph_idx, /rosout, /edge_distance, /clock, /slam_pose_graph] Send new plan: 8 7 6 5 4  ---> 3 9 15 16 10 11 35 37 20 19 15(L) 19 23 29 30 24 25 31 32 26 27 33 34 28 22 21 38 37(L) 38 36 12 13 14 8(L) 14 18 17 21(L) 
136.500000000 INFO /updateDistance [/home/wcqw/ac-slam/catkin_ws/src/cpp_solver/src/updateDistance.cpp:29(occupancyGridCallback)] [topics: /rosout, /edge_distance] Received an OccupancyGrid message!
136.500000000 INFO /updateDistance [/home/wcqw/ac-slam/catkin_ws/src/cpp_solver/src/updateDistance.cpp:30(occupancyGridCallback)] [topics: /rosout, /edge_distance] Width: 333, Height: 710, Size: 236430
136.500000000 INFO /updateDistance [/home/wcqw/ac-slam/catkin_ws/src/cpp_solver/src/updateDistance.cpp:32(occupancyGridCallback)] [topics: /rosout, /edge_distance] Map origin x: -7.125, y: -7.323
136.500000000 INFO /path_planner [path_planner.py:638(PathPlanner.handle_pose_graph)] [topics: /pose_graph_idx, /rosout, /edge_distance, /clock, /slam_pose_graph] Really visited vertices: 8 7 6 5 
136.500000000 INFO /updateDistance [/home/wcqw/ac-slam/catkin_ws/src/cpp_solver/src/updateDistance.cpp:87(occupancyGridCallback)] [topics: /rosout, /edge_distance] Free vertices size: 8
136.500000000 INFO /updateDistance [/home/wcqw/ac-slam/catkin_ws/src/cpp_solver/src/updateDistance.cpp:128(occupancyGridCallback)] [topics: /rosout, /edge_distance] 20 edge distance updated
136.500000000 INFO /RVIZ [/tmp/binarydeb/ros-noetic-rviz-1.14.26/src/rviz/default_plugin/map_display.cpp:604(MapDisplay::createSwatches)] [topics: /rosout, /initialpose, /goal, /clicked_point] Creating 1 swatches
137.300000000 INFO /updateDistance [/home/wcqw/ac-slam/catkin_ws/src/cpp_solver/src/updateDistance.cpp:29(occupancyGridCallback)] [topics: /rosout, /edge_distance] Received an OccupancyGrid message!
137.300000000 INFO /updateDistance [/home/wcqw/ac-slam/catkin_ws/src/cpp_solver/src/updateDistance.cpp:30(occupancyGridCallback)] [topics: /rosout, /edge_distance] Width: 333, Height: 710, Size: 236430
137.300000000 INFO /updateDistance [/home/wcqw/ac-slam/catkin_ws/src/cpp_solver/src/updateDistance.cpp:32(occupancyGridCallback)] [topics: /rosout, /edge_distance] Map origin x: -7.125, y: -7.323
137.300000000 INFO /updateDistance [/home/wcqw/ac-slam/catkin_ws/src/cpp_solver/src/updateDistance.cpp:87(occupancyGridCallback)] [topics: /rosout, /edge_distance] Free vertices size: 8
137.300000000 INFO /updateDistance [/home/wcqw/ac-slam/catkin_ws/src/cpp_solver/src/updateDistance.cpp:128(occupancyGridCallback)] [topics: /rosout, /edge_distance] 20 edge distance updated
137.400000000 INFO /Navigator [/home/wcqw/ac-slam/catkin_ws/src/cpp_solver/src/MyPlanner.cpp:481(findExplorationTarget)] [topics: /rosout, /cmd, /Navigator/plan, /Navigator/markers, /Navigator/frontiers, /Navigator/frontier_to_vertex, /Navigator/nav_goal, /Navigator/prior_map, /Navigator/visual_tsp_path, /Navigator/tsp_index, /Navigator/path_finder, /Navigator/dist_map, /finished_topic, /request_replan, /Explore/result, /Explore/feedback, /Explore/status, /MoveTo/result, /MoveTo/feedback, /MoveTo/status, /Localize/result, /Localize/feedback, /Localize/status, /GetFirstMap/result, /GetFirstMap/feedback, /GetFirstMap/status] Call local replanning...
137.400000000 INFO /path_planner [path_planner.py:295(PathPlanner.handle_replanning)] [topics: /pose_graph_idx, /rosout, /edge_distance, /clock, /slam_pose_graph] Replanning request. curr_vertex_idx: 4
137.400000000 INFO /path_planner [path_planner.py:296(PathPlanner.handle_replanning)] [topics: /pose_graph_idx, /rosout, /edge_distance, /clock, /slam_pose_graph]                     covered_vertices: ()
137.400000000 INFO /path_planner [path_planner.py:310(PathPlanner.handle_replanning)] [topics: /pose_graph_idx, /rosout, /edge_distance, /clock, /slam_pose_graph] Handle local replanning...
137.400000000 INFO /path_planner [path_planner.py:322(PathPlanner.handle_replanning)] [topics: /pose_graph_idx, /rosout, /edge_distance, /clock, /slam_pose_graph] curr path length: 43, is_loop length: 43
137.400000000 INFO /path_planner [path_planner.py:334(PathPlanner.handle_replanning)] [topics: /pose_graph_idx, /rosout, /edge_distance, /clock, /slam_pose_graph] Send new plan: 8 7 6 5 4  ---> 3 9 15 16 10 11 35 37 20 19 15(L) 19 23 29 30 24 25 31 32 26 27 33 34 28 22 21 38 37(L) 38 36 12 13 14 8(L) 14 18 17 21(L) 
143.100000000 INFO /updateDistance [/home/wcqw/ac-slam/catkin_ws/src/cpp_solver/src/updateDistance.cpp:29(occupancyGridCallback)] [topics: /rosout, /edge_distance] Received an OccupancyGrid message!
143.100000000 INFO /updateDistance [/home/wcqw/ac-slam/catkin_ws/src/cpp_solver/src/updateDistance.cpp:30(occupancyGridCallback)] [topics: /rosout, /edge_distance] Width: 333, Height: 710, Size: 236430
143.100000000 INFO /updateDistance [/home/wcqw/ac-slam/catkin_ws/src/cpp_solver/src/updateDistance.cpp:32(occupancyGridCallback)] [topics: /rosout, /edge_distance] Map origin x: -7.125, y: -7.323
143.100000000 INFO /path_planner [path_planner.py:638(PathPlanner.handle_pose_graph)] [topics: /pose_graph_idx, /rosout, /edge_distance, /clock, /slam_pose_graph] Really visited vertices: 8 7 6 5 4 
143.100000000 INFO /updateDistance [/home/wcqw/ac-slam/catkin_ws/src/cpp_solver/src/updateDistance.cpp:87(occupancyGridCallback)] [topics: /rosout, /edge_distance] Free vertices size: 9
143.100000000 INFO /updateDistance [/home/wcqw/ac-slam/catkin_ws/src/cpp_solver/src/updateDistance.cpp:128(occupancyGridCallback)] [topics: /rosout, /edge_distance] 27 edge distance updated
143.300000000 INFO /updateDistance [/home/wcqw/ac-slam/catkin_ws/src/cpp_solver/src/updateDistance.cpp:29(occupancyGridCallback)] [topics: /rosout, /edge_distance] Received an OccupancyGrid message!
143.300000000 INFO /updateDistance [/home/wcqw/ac-slam/catkin_ws/src/cpp_solver/src/updateDistance.cpp:30(occupancyGridCallback)] [topics: /rosout, /edge_distance] Width: 333, Height: 710, Size: 236430
143.300000000 INFO /updateDistance [/home/wcqw/ac-slam/catkin_ws/src/cpp_solver/src/updateDistance.cpp:32(occupancyGridCallback)] [topics: /rosout, /edge_distance] Map origin x: -7.125, y: -7.323
143.300000000 INFO /updateDistance [/home/wcqw/ac-slam/catkin_ws/src/cpp_solver/src/updateDistance.cpp:87(occupancyGridCallback)] [topics: /rosout, /edge_distance] Free vertices size: 9
143.300000000 INFO /updateDistance [/home/wcqw/ac-slam/catkin_ws/src/cpp_solver/src/updateDistance.cpp:128(occupancyGridCallback)] [topics: /rosout, /edge_distance] 27 edge distance updated
143.500000000 INFO /Navigator [/home/wcqw/ac-slam/catkin_ws/src/cpp_solver/src/MyPlanner.cpp:481(findExplorationTarget)] [topics: /rosout, /cmd, /Navigator/plan, /Navigator/markers, /Navigator/frontiers, /Navigator/frontier_to_vertex, /Navigator/nav_goal, /Navigator/prior_map, /Navigator/visual_tsp_path, /Navigator/tsp_index, /Navigator/path_finder, /Navigator/dist_map, /finished_topic, /request_replan, /Explore/result, /Explore/feedback, /Explore/status, /MoveTo/result, /MoveTo/feedback, /MoveTo/status, /Localize/result, /Localize/feedback, /Localize/status, /GetFirstMap/result, /GetFirstMap/feedback, /GetFirstMap/status] Call local replanning...
143.500000000 INFO /path_planner [path_planner.py:295(PathPlanner.handle_replanning)] [topics: /pose_graph_idx, /rosout, /edge_distance, /clock, /slam_pose_graph] Replanning request. curr_vertex_idx: 4
143.500000000 INFO /path_planner [path_planner.py:296(PathPlanner.handle_replanning)] [topics: /pose_graph_idx, /rosout, /edge_distance, /clock, /slam_pose_graph]                     covered_vertices: ()
143.500000000 INFO /path_planner [path_planner.py:310(PathPlanner.handle_replanning)] [topics: /pose_graph_idx, /rosout, /edge_distance, /clock, /slam_pose_graph] Handle local replanning...
143.500000000 INFO /path_planner [path_planner.py:322(PathPlanner.handle_replanning)] [topics: /pose_graph_idx, /rosout, /edge_distance, /clock, /slam_pose_graph] curr path length: 43, is_loop length: 43
143.500000000 INFO /path_planner [path_planner.py:334(PathPlanner.handle_replanning)] [topics: /pose_graph_idx, /rosout, /edge_distance, /clock, /slam_pose_graph] Send new plan: 8 7 6 5 4  ---> 3 9 15 16 10 11 35 37 20 19 15(L) 19 23 29 30 24 25 31 32 26 27 33 34 28 22 21 38 37(L) 38 36 12 13 14 8(L) 14 18 17 21(L) 
143.500000000 INFO /Navigator [/home/wcqw/ac-slam/catkin_ws/src/cpp_solver/src/MyPlanner.cpp:509(findExplorationTarget)] [topics: /rosout, /cmd, /Navigator/plan, /Navigator/markers, /Navigator/frontiers, /Navigator/frontier_to_vertex, /Navigator/nav_goal, /Navigator/prior_map, /Navigator/visual_tsp_path, /Navigator/tsp_index, /Navigator/path_finder, /Navigator/dist_map, /finished_topic, /request_replan, /Explore/result, /Explore/feedback, /Explore/status, /MoveTo/result, /MoveTo/feedback, /MoveTo/status, /Localize/result, /Localize/feedback, /Localize/status, /GetFirstMap/result, /GetFirstMap/feedback, /GetFirstMap/status] Reach vertex 4
143.500000000 INFO /Navigator [/home/wcqw/ac-slam/catkin_ws/src/cpp_solver/src/MyPlanner.cpp:613(findExplorationTarget)] [topics: /rosout, /cmd, /Navigator/plan, /Navigator/markers, /Navigator/frontiers, /Navigator/frontier_to_vertex, /Navigator/nav_goal, /Navigator/prior_map, /Navigator/visual_tsp_path, /Navigator/tsp_index, /Navigator/path_finder, /Navigator/dist_map, /finished_topic, /request_replan, /Explore/result, /Explore/feedback, /Explore/status, /MoveTo/result, /MoveTo/feedback, /MoveTo/status, /Localize/result, /Localize/feedback, /Localize/status, /GetFirstMap/result, /GetFirstMap/feedback, /GetFirstMap/status] Explore Goal 4 's frontiers...
149.000000000 INFO /updateDistance [/home/wcqw/ac-slam/catkin_ws/src/cpp_solver/src/updateDistance.cpp:29(occupancyGridCallback)] [topics: /rosout, /edge_distance] Received an OccupancyGrid message!
149.000000000 INFO /updateDistance [/home/wcqw/ac-slam/catkin_ws/src/cpp_solver/src/updateDistance.cpp:30(occupancyGridCallback)] [topics: /rosout, /edge_distance] Width: 333, Height: 710, Size: 236430
149.000000000 INFO /updateDistance [/home/wcqw/ac-slam/catkin_ws/src/cpp_solver/src/updateDistance.cpp:32(occupancyGridCallback)] [topics: /rosout, /edge_distance] Map origin x: -7.125, y: -7.323
149.000000000 INFO /path_planner [path_planner.py:638(PathPlanner.handle_pose_graph)] [topics: /pose_graph_idx, /rosout, /edge_distance, /clock, /slam_pose_graph] Really visited vertices: 8 7 6 5 4 
149.000000000 INFO /updateDistance [/home/wcqw/ac-slam/catkin_ws/src/cpp_solver/src/updateDistance.cpp:87(occupancyGridCallback)] [topics: /rosout, /edge_distance] Free vertices size: 10
149.100000000 INFO /updateDistance [/home/wcqw/ac-slam/catkin_ws/src/cpp_solver/src/updateDistance.cpp:128(occupancyGridCallback)] [topics: /rosout, /edge_distance] 34 edge distance updated
149.300000000 INFO /updateDistance [/home/wcqw/ac-slam/catkin_ws/src/cpp_solver/src/updateDistance.cpp:29(occupancyGridCallback)] [topics: /rosout, /edge_distance] Received an OccupancyGrid message!
149.300000000 INFO /updateDistance [/home/wcqw/ac-slam/catkin_ws/src/cpp_solver/src/updateDistance.cpp:30(occupancyGridCallback)] [topics: /rosout, /edge_distance] Width: 333, Height: 710, Size: 236430
149.300000000 INFO /updateDistance [/home/wcqw/ac-slam/catkin_ws/src/cpp_solver/src/updateDistance.cpp:32(occupancyGridCallback)] [topics: /rosout, /edge_distance] Map origin x: -7.125, y: -7.323
149.300000000 INFO /updateDistance [/home/wcqw/ac-slam/catkin_ws/src/cpp_solver/src/updateDistance.cpp:87(occupancyGridCallback)] [topics: /rosout, /edge_distance] Free vertices size: 10
149.300000000 INFO /updateDistance [/home/wcqw/ac-slam/catkin_ws/src/cpp_solver/src/updateDistance.cpp:128(occupancyGridCallback)] [topics: /rosout, /edge_distance] 34 edge distance updated
149.400000000 INFO /Navigator [/home/wcqw/ac-slam/catkin_ws/src/cpp_solver/src/MyPlanner.cpp:481(findExplorationTarget)] [topics: /rosout, /cmd, /Navigator/plan, /Navigator/markers, /Navigator/frontiers, /Navigator/frontier_to_vertex, /Navigator/nav_goal, /Navigator/prior_map, /Navigator/visual_tsp_path, /Navigator/tsp_index, /Navigator/path_finder, /Navigator/dist_map, /finished_topic, /request_replan, /Explore/result, /Explore/feedback, /Explore/status, /MoveTo/result, /MoveTo/feedback, /MoveTo/status, /Localize/result, /Localize/feedback, /Localize/status, /GetFirstMap/result, /GetFirstMap/feedback, /GetFirstMap/status] Call local replanning...
149.400000000 INFO /path_planner [path_planner.py:295(PathPlanner.handle_replanning)] [topics: /pose_graph_idx, /rosout, /edge_distance, /clock, /slam_pose_graph] Replanning request. curr_vertex_idx: 4
149.400000000 INFO /path_planner [path_planner.py:296(PathPlanner.handle_replanning)] [topics: /pose_graph_idx, /rosout, /edge_distance, /clock, /slam_pose_graph]                     covered_vertices: ()
149.400000000 INFO /path_planner [path_planner.py:310(PathPlanner.handle_replanning)] [topics: /pose_graph_idx, /rosout, /edge_distance, /clock, /slam_pose_graph] Handle local replanning...
149.400000000 INFO /path_planner [path_planner.py:322(PathPlanner.handle_replanning)] [topics: /pose_graph_idx, /rosout, /edge_distance, /clock, /slam_pose_graph] curr path length: 43, is_loop length: 43
149.400000000 INFO /path_planner [path_planner.py:334(PathPlanner.handle_replanning)] [topics: /pose_graph_idx, /rosout, /edge_distance, /clock, /slam_pose_graph] Send new plan: 8 7 6 5 4  ---> 3 9 15 16 10 11 35 37 20 19 15(L) 19 23 29 30 24 25 31 32 26 27 33 34 28 22 21 38 37(L) 38 36 12 13 14 8(L) 14 18 17 21(L) 
149.400000000 WARN /Navigator [/home/wcqw/ac-slam/catkin_ws/src/cpp_solver/src/MyPlanner.cpp:570(findExplorationTarget)] [topics: /rosout, /cmd, /Navigator/plan, /Navigator/markers, /Navigator/frontiers, /Navigator/frontier_to_vertex, /Navigator/nav_goal, /Navigator/prior_map, /Navigator/visual_tsp_path, /Navigator/tsp_index, /Navigator/path_finder, /Navigator/dist_map, /finished_topic, /request_replan, /Explore/result, /Explore/feedback, /Explore/status, /MoveTo/result, /MoveTo/feedback, /MoveTo/status, /Localize/result, /Localize/feedback, /Localize/status, /GetFirstMap/result, /GetFirstMap/feedback, /GetFirstMap/status] No frontier at vertex 4. #Frontier: 0
149.400000000 INFO /Navigator [/home/wcqw/ac-slam/catkin_ws/src/cpp_solver/src/MyPlanner.cpp:310(getUsefulGoalIndex)] [topics: /rosout, /cmd, /Navigator/plan, /Navigator/markers, /Navigator/frontiers, /Navigator/frontier_to_vertex, /Navigator/nav_goal, /Navigator/prior_map, /Navigator/visual_tsp_path, /Navigator/tsp_index, /Navigator/path_finder, /Navigator/dist_map, /finished_topic, /request_replan, /Explore/result, /Explore/feedback, /Explore/status, /MoveTo/result, /MoveTo/feedback, /MoveTo/status, /Localize/result, /Localize/feedback, /Localize/status, /GetFirstMap/result, /GetFirstMap/feedback, /GetFirstMap/status] Set newGoal 3
154.300000000 INFO /updateDistance [/home/wcqw/ac-slam/catkin_ws/src/cpp_solver/src/updateDistance.cpp:29(occupancyGridCallback)] [topics: /rosout, /edge_distance] Received an OccupancyGrid message!
154.300000000 INFO /updateDistance [/home/wcqw/ac-slam/catkin_ws/src/cpp_solver/src/updateDistance.cpp:30(occupancyGridCallback)] [topics: /rosout, /edge_distance] Width: 333, Height: 710, Size: 236430
154.300000000 INFO /updateDistance [/home/wcqw/ac-slam/catkin_ws/src/cpp_solver/src/updateDistance.cpp:32(occupancyGridCallback)] [topics: /rosout, /edge_distance] Map origin x: -7.125, y: -7.323
154.300000000 INFO /path_planner [path_planner.py:638(PathPlanner.handle_pose_graph)] [topics: /pose_graph_idx, /rosout, /edge_distance, /clock, /slam_pose_graph] Really visited vertices: 8 7 6 5 4 
154.300000000 INFO /updateDistance [/home/wcqw/ac-slam/catkin_ws/src/cpp_solver/src/updateDistance.cpp:87(occupancyGridCallback)] [topics: /rosout, /edge_distance] Free vertices size: 10
154.300000000 INFO /updateDistance [/home/wcqw/ac-slam/catkin_ws/src/cpp_solver/src/updateDistance.cpp:128(occupancyGridCallback)] [topics: /rosout, /edge_distance] 34 edge distance updated
155.300000000 INFO /updateDistance [/home/wcqw/ac-slam/catkin_ws/src/cpp_solver/src/updateDistance.cpp:29(occupancyGridCallback)] [topics: /rosout, /edge_distance] Received an OccupancyGrid message!
155.300000000 INFO /updateDistance [/home/wcqw/ac-slam/catkin_ws/src/cpp_solver/src/updateDistance.cpp:30(occupancyGridCallback)] [topics: /rosout, /edge_distance] Width: 333, Height: 710, Size: 236430
155.300000000 INFO /updateDistance [/home/wcqw/ac-slam/catkin_ws/src/cpp_solver/src/updateDistance.cpp:32(occupancyGridCallback)] [topics: /rosout, /edge_distance] Map origin x: -7.125, y: -7.323
155.300000000 INFO /updateDistance [/home/wcqw/ac-slam/catkin_ws/src/cpp_solver/src/updateDistance.cpp:87(occupancyGridCallback)] [topics: /rosout, /edge_distance] Free vertices size: 10
155.300000000 INFO /updateDistance [/home/wcqw/ac-slam/catkin_ws/src/cpp_solver/src/updateDistance.cpp:128(occupancyGridCallback)] [topics: /rosout, /edge_distance] 34 edge distance updated
155.400000000 INFO /Navigator [/home/wcqw/ac-slam/catkin_ws/src/cpp_solver/src/MyPlanner.cpp:481(findExplorationTarget)] [topics: /rosout, /cmd, /Navigator/plan, /Navigator/markers, /Navigator/frontiers, /Navigator/frontier_to_vertex, /Navigator/nav_goal, /Navigator/prior_map, /Navigator/visual_tsp_path, /Navigator/tsp_index, /Navigator/path_finder, /Navigator/dist_map, /finished_topic, /request_replan, /Explore/result, /Explore/feedback, /Explore/status, /MoveTo/result, /MoveTo/feedback, /MoveTo/status, /Localize/result, /Localize/feedback, /Localize/status, /GetFirstMap/result, /GetFirstMap/feedback, /GetFirstMap/status] Call local replanning...
155.400000000 INFO /path_planner [path_planner.py:295(PathPlanner.handle_replanning)] [topics: /pose_graph_idx, /rosout, /edge_distance, /clock, /slam_pose_graph] Replanning request. curr_vertex_idx: 5
155.400000000 INFO /path_planner [path_planner.py:296(PathPlanner.handle_replanning)] [topics: /pose_graph_idx, /rosout, /edge_distance, /clock, /slam_pose_graph]                     covered_vertices: ()
155.400000000 INFO /path_planner [path_planner.py:310(PathPlanner.handle_replanning)] [topics: /pose_graph_idx, /rosout, /edge_distance, /clock, /slam_pose_graph] Handle local replanning...
155.400000000 INFO /path_planner [path_planner.py:322(PathPlanner.handle_replanning)] [topics: /pose_graph_idx, /rosout, /edge_distance, /clock, /slam_pose_graph] curr path length: 43, is_loop length: 43
155.400000000 INFO /path_planner [path_planner.py:334(PathPlanner.handle_replanning)] [topics: /pose_graph_idx, /rosout, /edge_distance, /clock, /slam_pose_graph] Send new plan: 8 7 6 5 4 3  ---> 9 15 16 10 11 35 37 20 19 15(L) 19 23 29 30 24 25 31 32 26 27 33 34 28 22 21 38 37(L) 38 36 12 13 14 8(L) 14 18 17 21(L) 
160.800000000 INFO /updateDistance [/home/wcqw/ac-slam/catkin_ws/src/cpp_solver/src/updateDistance.cpp:29(occupancyGridCallback)] [topics: /rosout, /edge_distance] Received an OccupancyGrid message!
160.800000000 INFO /updateDistance [/home/wcqw/ac-slam/catkin_ws/src/cpp_solver/src/updateDistance.cpp:30(occupancyGridCallback)] [topics: /rosout, /edge_distance] Width: 333, Height: 710, Size: 236430
160.800000000 INFO /updateDistance [/home/wcqw/ac-slam/catkin_ws/src/cpp_solver/src/updateDistance.cpp:32(occupancyGridCallback)] [topics: /rosout, /edge_distance] Map origin x: -7.125, y: -7.323
160.800000000 INFO /path_planner [path_planner.py:638(PathPlanner.handle_pose_graph)] [topics: /pose_graph_idx, /rosout, /edge_distance, /clock, /slam_pose_graph] Really visited vertices: 8 7 6 5 4 
160.800000000 INFO /updateDistance [/home/wcqw/ac-slam/catkin_ws/src/cpp_solver/src/updateDistance.cpp:87(occupancyGridCallback)] [topics: /rosout, /edge_distance] Free vertices size: 8
160.800000000 INFO /updateDistance [/home/wcqw/ac-slam/catkin_ws/src/cpp_solver/src/updateDistance.cpp:128(occupancyGridCallback)] [topics: /rosout, /edge_distance] 34 edge distance updated
161.300000000 INFO /updateDistance [/home/wcqw/ac-slam/catkin_ws/src/cpp_solver/src/updateDistance.cpp:29(occupancyGridCallback)] [topics: /rosout, /edge_distance] Received an OccupancyGrid message!
161.300000000 INFO /updateDistance [/home/wcqw/ac-slam/catkin_ws/src/cpp_solver/src/updateDistance.cpp:30(occupancyGridCallback)] [topics: /rosout, /edge_distance] Width: 333, Height: 710, Size: 236430
161.300000000 INFO /updateDistance [/home/wcqw/ac-slam/catkin_ws/src/cpp_solver/src/updateDistance.cpp:32(occupancyGridCallback)] [topics: /rosout, /edge_distance] Map origin x: -7.125, y: -7.323
161.300000000 INFO /updateDistance [/home/wcqw/ac-slam/catkin_ws/src/cpp_solver/src/updateDistance.cpp:87(occupancyGridCallback)] [topics: /rosout, /edge_distance] Free vertices size: 8
161.300000000 INFO /updateDistance [/home/wcqw/ac-slam/catkin_ws/src/cpp_solver/src/updateDistance.cpp:128(occupancyGridCallback)] [topics: /rosout, /edge_distance] 34 edge distance updated
161.400000000 INFO /Navigator [/home/wcqw/ac-slam/catkin_ws/src/cpp_solver/src/MyPlanner.cpp:481(findExplorationTarget)] [topics: /rosout, /cmd, /Navigator/plan, /Navigator/markers, /Navigator/frontiers, /Navigator/frontier_to_vertex, /Navigator/nav_goal, /Navigator/prior_map, /Navigator/visual_tsp_path, /Navigator/tsp_index, /Navigator/path_finder, /Navigator/dist_map, /finished_topic, /request_replan, /Explore/result, /Explore/feedback, /Explore/status, /MoveTo/result, /MoveTo/feedback, /MoveTo/status, /Localize/result, /Localize/feedback, /Localize/status, /GetFirstMap/result, /GetFirstMap/feedback, /GetFirstMap/status] Call local replanning...
161.400000000 INFO /path_planner [path_planner.py:295(PathPlanner.handle_replanning)] [topics: /pose_graph_idx, /rosout, /edge_distance, /clock, /slam_pose_graph] Replanning request. curr_vertex_idx: 5
161.400000000 INFO /path_planner [path_planner.py:296(PathPlanner.handle_replanning)] [topics: /pose_graph_idx, /rosout, /edge_distance, /clock, /slam_pose_graph]                     covered_vertices: ()
161.400000000 INFO /path_planner [path_planner.py:310(PathPlanner.handle_replanning)] [topics: /pose_graph_idx, /rosout, /edge_distance, /clock, /slam_pose_graph] Handle local replanning...
161.400000000 INFO /path_planner [path_planner.py:322(PathPlanner.handle_replanning)] [topics: /pose_graph_idx, /rosout, /edge_distance, /clock, /slam_pose_graph] curr path length: 43, is_loop length: 43
161.400000000 INFO /path_planner [path_planner.py:334(PathPlanner.handle_replanning)] [topics: /pose_graph_idx, /rosout, /edge_distance, /clock, /slam_pose_graph] Send new plan: 8 7 6 5 4 3  ---> 9 15 16 10 11 35 37 20 19 15(L) 19 23 29 30 24 25 31 32 26 27 33 34 28 22 21 38 37(L) 38 36 12 13 14 8(L) 14 18 17 21(L) 
167.300000000 INFO /updateDistance [/home/wcqw/ac-slam/catkin_ws/src/cpp_solver/src/updateDistance.cpp:29(occupancyGridCallback)] [topics: /rosout, /edge_distance] Received an OccupancyGrid message!
167.300000000 INFO /updateDistance [/home/wcqw/ac-slam/catkin_ws/src/cpp_solver/src/updateDistance.cpp:30(occupancyGridCallback)] [topics: /rosout, /edge_distance] Width: 333, Height: 710, Size: 236430
167.300000000 INFO /updateDistance [/home/wcqw/ac-slam/catkin_ws/src/cpp_solver/src/updateDistance.cpp:32(occupancyGridCallback)] [topics: /rosout, /edge_distance] Map origin x: -7.125, y: -7.323
167.300000000 INFO /updateDistance [/home/wcqw/ac-slam/catkin_ws/src/cpp_solver/src/updateDistance.cpp:87(occupancyGridCallback)] [topics: /rosout, /edge_distance] Free vertices size: 8
167.300000000 INFO /updateDistance [/home/wcqw/ac-slam/catkin_ws/src/cpp_solver/src/updateDistance.cpp:128(occupancyGridCallback)] [topics: /rosout, /edge_distance] 34 edge distance updated
167.500000000 INFO /Navigator [/home/wcqw/ac-slam/catkin_ws/src/cpp_solver/src/MyPlanner.cpp:481(findExplorationTarget)] [topics: /rosout, /cmd, /Navigator/plan, /Navigator/markers, /Navigator/frontiers, /Navigator/frontier_to_vertex, /Navigator/nav_goal, /Navigator/prior_map, /Navigator/visual_tsp_path, /Navigator/tsp_index, /Navigator/path_finder, /Navigator/dist_map, /finished_topic, /request_replan, /Explore/result, /Explore/feedback, /Explore/status, /MoveTo/result, /MoveTo/feedback, /MoveTo/status, /Localize/result, /Localize/feedback, /Localize/status, /GetFirstMap/result, /GetFirstMap/feedback, /GetFirstMap/status] Call local replanning...
167.500000000 INFO /path_planner [path_planner.py:295(PathPlanner.handle_replanning)] [topics: /pose_graph_idx, /rosout, /edge_distance, /clock, /slam_pose_graph] Replanning request. curr_vertex_idx: 5
167.500000000 INFO /path_planner [path_planner.py:296(PathPlanner.handle_replanning)] [topics: /pose_graph_idx, /rosout, /edge_distance, /clock, /slam_pose_graph]                     covered_vertices: ()
167.500000000 INFO /path_planner [path_planner.py:310(PathPlanner.handle_replanning)] [topics: /pose_graph_idx, /rosout, /edge_distance, /clock, /slam_pose_graph] Handle local replanning...
167.500000000 INFO /path_planner [path_planner.py:322(PathPlanner.handle_replanning)] [topics: /pose_graph_idx, /rosout, /edge_distance, /clock, /slam_pose_graph] curr path length: 43, is_loop length: 43
167.500000000 INFO /path_planner [path_planner.py:334(PathPlanner.handle_replanning)] [topics: /pose_graph_idx, /rosout, /edge_distance, /clock, /slam_pose_graph] Send new plan: 8 7 6 5 4 3  ---> 9 15 16 10 11 35 37 20 19 15(L) 19 23 29 30 24 25 31 32 26 27 33 34 28 22 21 38 37(L) 38 36 12 13 14 8(L) 14 18 17 21(L) 
167.500000000 INFO /Navigator [/home/wcqw/ac-slam/catkin_ws/src/cpp_solver/src/MyPlanner.cpp:509(findExplorationTarget)] [topics: /rosout, /cmd, /Navigator/plan, /Navigator/markers, /Navigator/frontiers, /Navigator/frontier_to_vertex, /Navigator/nav_goal, /Navigator/prior_map, /Navigator/visual_tsp_path, /Navigator/tsp_index, /Navigator/path_finder, /Navigator/dist_map, /finished_topic, /request_replan, /Explore/result, /Explore/feedback, /Explore/status, /MoveTo/result, /MoveTo/feedback, /MoveTo/status, /Localize/result, /Localize/feedback, /Localize/status, /GetFirstMap/result, /GetFirstMap/feedback, /GetFirstMap/status] Reach vertex 3
167.500000000 INFO /Navigator [/home/wcqw/ac-slam/catkin_ws/src/cpp_solver/src/MyPlanner.cpp:613(findExplorationTarget)] [topics: /rosout, /cmd, /Navigator/plan, /Navigator/markers, /Navigator/frontiers, /Navigator/frontier_to_vertex, /Navigator/nav_goal, /Navigator/prior_map, /Navigator/visual_tsp_path, /Navigator/tsp_index, /Navigator/path_finder, /Navigator/dist_map, /finished_topic, /request_replan, /Explore/result, /Explore/feedback, /Explore/status, /MoveTo/result, /MoveTo/feedback, /MoveTo/status, /Localize/result, /Localize/feedback, /Localize/status, /GetFirstMap/result, /GetFirstMap/feedback, /GetFirstMap/status] Explore Goal 3 's frontiers...
169.300000000 INFO /updateDistance [/home/wcqw/ac-slam/catkin_ws/src/cpp_solver/src/updateDistance.cpp:29(occupancyGridCallback)] [topics: /rosout, /edge_distance] Received an OccupancyGrid message!
169.300000000 INFO /updateDistance [/home/wcqw/ac-slam/catkin_ws/src/cpp_solver/src/updateDistance.cpp:30(occupancyGridCallback)] [topics: /rosout, /edge_distance] Width: 333, Height: 710, Size: 236430
169.300000000 INFO /updateDistance [/home/wcqw/ac-slam/catkin_ws/src/cpp_solver/src/updateDistance.cpp:32(occupancyGridCallback)] [topics: /rosout, /edge_distance] Map origin x: -7.125, y: -7.323
169.300000000 INFO /updateDistance [/home/wcqw/ac-slam/catkin_ws/src/cpp_solver/src/updateDistance.cpp:87(occupancyGridCallback)] [topics: /rosout, /edge_distance] Free vertices size: 8
169.300000000 INFO /updateDistance [/home/wcqw/ac-slam/catkin_ws/src/cpp_solver/src/updateDistance.cpp:128(occupancyGridCallback)] [topics: /rosout, /edge_distance] 34 edge distance updated
169.400000000 INFO /Navigator [/home/wcqw/ac-slam/catkin_ws/src/cpp_solver/src/MyPlanner.cpp:481(findExplorationTarget)] [topics: /rosout, /cmd, /Navigator/plan, /Navigator/markers, /Navigator/frontiers, /Navigator/frontier_to_vertex, /Navigator/nav_goal, /Navigator/prior_map, /Navigator/visual_tsp_path, /Navigator/tsp_index, /Navigator/path_finder, /Navigator/dist_map, /finished_topic, /request_replan, /Explore/result, /Explore/feedback, /Explore/status, /MoveTo/result, /MoveTo/feedback, /MoveTo/status, /Localize/result, /Localize/feedback, /Localize/status, /GetFirstMap/result, /GetFirstMap/feedback, /GetFirstMap/status] Call local replanning...
169.400000000 INFO /path_planner [path_planner.py:295(PathPlanner.handle_replanning)] [topics: /pose_graph_idx, /rosout, /edge_distance, /clock, /slam_pose_graph] Replanning request. curr_vertex_idx: 5
169.400000000 INFO /path_planner [path_planner.py:296(PathPlanner.handle_replanning)] [topics: /pose_graph_idx, /rosout, /edge_distance, /clock, /slam_pose_graph]                     covered_vertices: ()
169.500000000 INFO /path_planner [path_planner.py:310(PathPlanner.handle_replanning)] [topics: /pose_graph_idx, /rosout, /edge_distance, /clock, /slam_pose_graph] Handle local replanning...
169.500000000 INFO /path_planner [path_planner.py:322(PathPlanner.handle_replanning)] [topics: /pose_graph_idx, /rosout, /edge_distance, /clock, /slam_pose_graph] curr path length: 43, is_loop length: 43
169.500000000 INFO /path_planner [path_planner.py:334(PathPlanner.handle_replanning)] [topics: /pose_graph_idx, /rosout, /edge_distance, /clock, /slam_pose_graph] Send new plan: 8 7 6 5 4 3  ---> 9 15 16 10 11 35 37 20 19 15(L) 19 23 29 30 24 25 31 32 26 27 33 34 28 22 21 38 37(L) 38 36 12 13 14 8(L) 14 18 17 21(L) 
169.500000000 WARN /Navigator [/home/wcqw/ac-slam/catkin_ws/src/cpp_solver/src/MyPlanner.cpp:570(findExplorationTarget)] [topics: /rosout, /cmd, /Navigator/plan, /Navigator/markers, /Navigator/frontiers, /Navigator/frontier_to_vertex, /Navigator/nav_goal, /Navigator/prior_map, /Navigator/visual_tsp_path, /Navigator/tsp_index, /Navigator/path_finder, /Navigator/dist_map, /finished_topic, /request_replan, /Explore/result, /Explore/feedback, /Explore/status, /MoveTo/result, /MoveTo/feedback, /MoveTo/status, /Localize/result, /Localize/feedback, /Localize/status, /GetFirstMap/result, /GetFirstMap/feedback, /GetFirstMap/status] No frontier at vertex 3. #Frontier: 0
169.500000000 INFO /Navigator [/home/wcqw/ac-slam/catkin_ws/src/cpp_solver/src/MyPlanner.cpp:310(getUsefulGoalIndex)] [topics: /rosout, /cmd, /Navigator/plan, /Navigator/markers, /Navigator/frontiers, /Navigator/frontier_to_vertex, /Navigator/nav_goal, /Navigator/prior_map, /Navigator/visual_tsp_path, /Navigator/tsp_index, /Navigator/path_finder, /Navigator/dist_map, /finished_topic, /request_replan, /Explore/result, /Explore/feedback, /Explore/status, /MoveTo/result, /MoveTo/feedback, /MoveTo/status, /Localize/result, /Localize/feedback, /Localize/status, /GetFirstMap/result, /GetFirstMap/feedback, /GetFirstMap/status] Set newGoal 9
174.700000000 INFO /updateDistance [/home/wcqw/ac-slam/catkin_ws/src/cpp_solver/src/updateDistance.cpp:29(occupancyGridCallback)] [topics: /rosout, /edge_distance] Received an OccupancyGrid message!
174.700000000 INFO /updateDistance [/home/wcqw/ac-slam/catkin_ws/src/cpp_solver/src/updateDistance.cpp:30(occupancyGridCallback)] [topics: /rosout, /edge_distance] Width: 333, Height: 710, Size: 236430
174.700000000 INFO /updateDistance [/home/wcqw/ac-slam/catkin_ws/src/cpp_solver/src/updateDistance.cpp:32(occupancyGridCallback)] [topics: /rosout, /edge_distance] Map origin x: -7.125, y: -7.323
174.700000000 INFO /path_planner [path_planner.py:638(PathPlanner.handle_pose_graph)] [topics: /pose_graph_idx, /rosout, /edge_distance, /clock, /slam_pose_graph] Really visited vertices: 8 7 6 5 4 3 
174.700000000 INFO /updateDistance [/home/wcqw/ac-slam/catkin_ws/src/cpp_solver/src/updateDistance.cpp:87(occupancyGridCallback)] [topics: /rosout, /edge_distance] Free vertices size: 11
174.800000000 INFO /updateDistance [/home/wcqw/ac-slam/catkin_ws/src/cpp_solver/src/updateDistance.cpp:128(occupancyGridCallback)] [topics: /rosout, /edge_distance] 42 edge distance updated
175.300000000 INFO /updateDistance [/home/wcqw/ac-slam/catkin_ws/src/cpp_solver/src/updateDistance.cpp:29(occupancyGridCallback)] [topics: /rosout, /edge_distance] Received an OccupancyGrid message!
175.300000000 INFO /updateDistance [/home/wcqw/ac-slam/catkin_ws/src/cpp_solver/src/updateDistance.cpp:30(occupancyGridCallback)] [topics: /rosout, /edge_distance] Width: 333, Height: 710, Size: 236430
175.300000000 INFO /updateDistance [/home/wcqw/ac-slam/catkin_ws/src/cpp_solver/src/updateDistance.cpp:32(occupancyGridCallback)] [topics: /rosout, /edge_distance] Map origin x: -7.125, y: -7.323
175.300000000 INFO /updateDistance [/home/wcqw/ac-slam/catkin_ws/src/cpp_solver/src/updateDistance.cpp:87(occupancyGridCallback)] [topics: /rosout, /edge_distance] Free vertices size: 11
175.300000000 INFO /updateDistance [/home/wcqw/ac-slam/catkin_ws/src/cpp_solver/src/updateDistance.cpp:128(occupancyGridCallback)] [topics: /rosout, /edge_distance] 42 edge distance updated
175.400000000 INFO /Navigator [/home/wcqw/ac-slam/catkin_ws/src/cpp_solver/src/MyPlanner.cpp:481(findExplorationTarget)] [topics: /rosout, /cmd, /Navigator/plan, /Navigator/markers, /Navigator/frontiers, /Navigator/frontier_to_vertex, /Navigator/nav_goal, /Navigator/prior_map, /Navigator/visual_tsp_path, /Navigator/tsp_index, /Navigator/path_finder, /Navigator/dist_map, /finished_topic, /request_replan, /Explore/result, /Explore/feedback, /Explore/status, /MoveTo/result, /MoveTo/feedback, /MoveTo/status, /Localize/result, /Localize/feedback, /Localize/status, /GetFirstMap/result, /GetFirstMap/feedback, /GetFirstMap/status] Call local replanning...
175.400000000 INFO /path_planner [path_planner.py:295(PathPlanner.handle_replanning)] [topics: /pose_graph_idx, /rosout, /edge_distance, /clock, /slam_pose_graph] Replanning request. curr_vertex_idx: 6
175.400000000 INFO /path_planner [path_planner.py:296(PathPlanner.handle_replanning)] [topics: /pose_graph_idx, /rosout, /edge_distance, /clock, /slam_pose_graph]                     covered_vertices: ()
175.400000000 INFO /path_planner [path_planner.py:310(PathPlanner.handle_replanning)] [topics: /pose_graph_idx, /rosout, /edge_distance, /clock, /slam_pose_graph] Handle local replanning...
175.400000000 INFO /path_planner [path_planner.py:322(PathPlanner.handle_replanning)] [topics: /pose_graph_idx, /rosout, /edge_distance, /clock, /slam_pose_graph] curr path length: 43, is_loop length: 43
175.400000000 INFO /path_planner [path_planner.py:334(PathPlanner.handle_replanning)] [topics: /pose_graph_idx, /rosout, /edge_distance, /clock, /slam_pose_graph] Send new plan: 8 7 6 5 4 3 9  ---> 15 16 10 11 35 37 20 19 15(L) 19 23 29 30 24 25 31 32 26 27 33 34 28 22 21 38 37(L) 38 36 12 13 14 8(L) 14 18 17 21(L) 
181.300000000 INFO /updateDistance [/home/wcqw/ac-slam/catkin_ws/src/cpp_solver/src/updateDistance.cpp:29(occupancyGridCallback)] [topics: /rosout, /edge_distance] Received an OccupancyGrid message!
181.300000000 INFO /updateDistance [/home/wcqw/ac-slam/catkin_ws/src/cpp_solver/src/updateDistance.cpp:30(occupancyGridCallback)] [topics: /rosout, /edge_distance] Width: 333, Height: 710, Size: 236430
181.300000000 INFO /updateDistance [/home/wcqw/ac-slam/catkin_ws/src/cpp_solver/src/updateDistance.cpp:32(occupancyGridCallback)] [topics: /rosout, /edge_distance] Map origin x: -7.125, y: -7.323
181.300000000 INFO /updateDistance [/home/wcqw/ac-slam/catkin_ws/src/cpp_solver/src/updateDistance.cpp:87(occupancyGridCallback)] [topics: /rosout, /edge_distance] Free vertices size: 10
181.300000000 INFO /updateDistance [/home/wcqw/ac-slam/catkin_ws/src/cpp_solver/src/updateDistance.cpp:128(occupancyGridCallback)] [topics: /rosout, /edge_distance] 42 edge distance updated
181.500000000 INFO /Navigator [/home/wcqw/ac-slam/catkin_ws/src/cpp_solver/src/MyPlanner.cpp:481(findExplorationTarget)] [topics: /rosout, /cmd, /Navigator/plan, /Navigator/markers, /Navigator/frontiers, /Navigator/frontier_to_vertex, /Navigator/nav_goal, /Navigator/prior_map, /Navigator/visual_tsp_path, /Navigator/tsp_index, /Navigator/path_finder, /Navigator/dist_map, /finished_topic, /request_replan, /Explore/result, /Explore/feedback, /Explore/status, /MoveTo/result, /MoveTo/feedback, /MoveTo/status, /Localize/result, /Localize/feedback, /Localize/status, /GetFirstMap/result, /GetFirstMap/feedback, /GetFirstMap/status] Call local replanning...
181.500000000 INFO /path_planner [path_planner.py:295(PathPlanner.handle_replanning)] [topics: /pose_graph_idx, /rosout, /edge_distance, /clock, /slam_pose_graph] Replanning request. curr_vertex_idx: 6
181.500000000 INFO /path_planner [path_planner.py:296(PathPlanner.handle_replanning)] [topics: /pose_graph_idx, /rosout, /edge_distance, /clock, /slam_pose_graph]                     covered_vertices: ()
181.500000000 INFO /path_planner [path_planner.py:310(PathPlanner.handle_replanning)] [topics: /pose_graph_idx, /rosout, /edge_distance, /clock, /slam_pose_graph] Handle local replanning...
181.500000000 INFO /path_planner [path_planner.py:322(PathPlanner.handle_replanning)] [topics: /pose_graph_idx, /rosout, /edge_distance, /clock, /slam_pose_graph] curr path length: 43, is_loop length: 43
181.500000000 INFO /path_planner [path_planner.py:334(PathPlanner.handle_replanning)] [topics: /pose_graph_idx, /rosout, /edge_distance, /clock, /slam_pose_graph] Send new plan: 8 7 6 5 4 3 9  ---> 15 16 10 11 35 37 20 19 15(L) 19 23 29 30 24 25 31 32 26 27 33 34 28 22 21 38 37(L) 38 36 12 13 14 8(L) 14 18 17 21(L) 
187.000000000 INFO /updateDistance [/home/wcqw/ac-slam/catkin_ws/src/cpp_solver/src/updateDistance.cpp:29(occupancyGridCallback)] [topics: /rosout, /edge_distance] Received an OccupancyGrid message!
187.000000000 INFO /updateDistance [/home/wcqw/ac-slam/catkin_ws/src/cpp_solver/src/updateDistance.cpp:30(occupancyGridCallback)] [topics: /rosout, /edge_distance] Width: 368, Height: 710, Size: 261280
187.000000000 INFO /updateDistance [/home/wcqw/ac-slam/catkin_ws/src/cpp_solver/src/updateDistance.cpp:32(occupancyGridCallback)] [topics: /rosout, /edge_distance] Map origin x: -7.125, y: -7.323
187.000000000 INFO /path_planner [path_planner.py:638(PathPlanner.handle_pose_graph)] [topics: /pose_graph_idx, /rosout, /edge_distance, /clock, /slam_pose_graph] Really visited vertices: 8 7 6 5 4 3 
187.000000000 INFO /RVIZ [/tmp/binarydeb/ros-noetic-rviz-1.14.26/src/rviz/default_plugin/map_display.cpp:604(MapDisplay::createSwatches)] [topics: /rosout, /initialpose, /goal, /clicked_point] Creating 1 swatches
187.000000000 INFO /updateDistance [/home/wcqw/ac-slam/catkin_ws/src/cpp_solver/src/updateDistance.cpp:87(occupancyGridCallback)] [topics: /rosout, /edge_distance] Free vertices size: 11
187.000000000 INFO /updateDistance [/home/wcqw/ac-slam/catkin_ws/src/cpp_solver/src/updateDistance.cpp:128(occupancyGridCallback)] [topics: /rosout, /edge_distance] 42 edge distance updated
187.300000000 INFO /updateDistance [/home/wcqw/ac-slam/catkin_ws/src/cpp_solver/src/updateDistance.cpp:29(occupancyGridCallback)] [topics: /rosout, /edge_distance] Received an OccupancyGrid message!
187.300000000 INFO /updateDistance [/home/wcqw/ac-slam/catkin_ws/src/cpp_solver/src/updateDistance.cpp:30(occupancyGridCallback)] [topics: /rosout, /edge_distance] Width: 368, Height: 710, Size: 261280
187.300000000 INFO /updateDistance [/home/wcqw/ac-slam/catkin_ws/src/cpp_solver/src/updateDistance.cpp:32(occupancyGridCallback)] [topics: /rosout, /edge_distance] Map origin x: -7.125, y: -7.323
187.300000000 INFO /updateDistance [/home/wcqw/ac-slam/catkin_ws/src/cpp_solver/src/updateDistance.cpp:87(occupancyGridCallback)] [topics: /rosout, /edge_distance] Free vertices size: 11
187.300000000 INFO /updateDistance [/home/wcqw/ac-slam/catkin_ws/src/cpp_solver/src/updateDistance.cpp:128(occupancyGridCallback)] [topics: /rosout, /edge_distance] 42 edge distance updated
187.400000000 INFO /Navigator [/home/wcqw/ac-slam/catkin_ws/src/cpp_solver/src/MyPlanner.cpp:481(findExplorationTarget)] [topics: /rosout, /cmd, /Navigator/plan, /Navigator/markers, /Navigator/frontiers, /Navigator/frontier_to_vertex, /Navigator/nav_goal, /Navigator/prior_map, /Navigator/visual_tsp_path, /Navigator/tsp_index, /Navigator/path_finder, /Navigator/dist_map, /finished_topic, /request_replan, /Explore/result, /Explore/feedback, /Explore/status, /MoveTo/result, /MoveTo/feedback, /MoveTo/status, /Localize/result, /Localize/feedback, /Localize/status, /GetFirstMap/result, /GetFirstMap/feedback, /GetFirstMap/status] Call local replanning...
187.500000000 INFO /path_planner [path_planner.py:295(PathPlanner.handle_replanning)] [topics: /pose_graph_idx, /rosout, /edge_distance, /clock, /slam_pose_graph] Replanning request. curr_vertex_idx: 6
187.500000000 INFO /path_planner [path_planner.py:296(PathPlanner.handle_replanning)] [topics: /pose_graph_idx, /rosout, /edge_distance, /clock, /slam_pose_graph]                     covered_vertices: ()
187.500000000 INFO /path_planner [path_planner.py:310(PathPlanner.handle_replanning)] [topics: /pose_graph_idx, /rosout, /edge_distance, /clock, /slam_pose_graph] Handle local replanning...
187.500000000 INFO /path_planner [path_planner.py:322(PathPlanner.handle_replanning)] [topics: /pose_graph_idx, /rosout, /edge_distance, /clock, /slam_pose_graph] curr path length: 43, is_loop length: 43
187.500000000 INFO /path_planner [path_planner.py:334(PathPlanner.handle_replanning)] [topics: /pose_graph_idx, /rosout, /edge_distance, /clock, /slam_pose_graph] Send new plan: 8 7 6 5 4 3 9  ---> 15 16 10 11 35 37 20 19 15(L) 19 23 29 30 24 25 31 32 26 27 33 34 28 22 21 38 37(L) 38 36 12 13 14 8(L) 14 18 17 21(L) 
187.500000000 INFO /Navigator [/home/wcqw/ac-slam/catkin_ws/src/cpp_solver/src/MyPlanner.cpp:509(findExplorationTarget)] [topics: /rosout, /cmd, /Navigator/plan, /Navigator/markers, /Navigator/frontiers, /Navigator/frontier_to_vertex, /Navigator/nav_goal, /Navigator/prior_map, /Navigator/visual_tsp_path, /Navigator/tsp_index, /Navigator/path_finder, /Navigator/dist_map, /finished_topic, /request_replan, /Explore/result, /Explore/feedback, /Explore/status, /MoveTo/result, /MoveTo/feedback, /MoveTo/status, /Localize/result, /Localize/feedback, /Localize/status, /GetFirstMap/result, /GetFirstMap/feedback, /GetFirstMap/status] Reach vertex 9
187.500000000 INFO /Navigator [/home/wcqw/ac-slam/catkin_ws/src/cpp_solver/src/MyPlanner.cpp:613(findExplorationTarget)] [topics: /rosout, /cmd, /Navigator/plan, /Navigator/markers, /Navigator/frontiers, /Navigator/frontier_to_vertex, /Navigator/nav_goal, /Navigator/prior_map, /Navigator/visual_tsp_path, /Navigator/tsp_index, /Navigator/path_finder, /Navigator/dist_map, /finished_topic, /request_replan, /Explore/result, /Explore/feedback, /Explore/status, /MoveTo/result, /MoveTo/feedback, /MoveTo/status, /Localize/result, /Localize/feedback, /Localize/status, /GetFirstMap/result, /GetFirstMap/feedback, /GetFirstMap/status] Explore Goal 9 's frontiers...
190.300000000 INFO /updateDistance [/home/wcqw/ac-slam/catkin_ws/src/cpp_solver/src/updateDistance.cpp:29(occupancyGridCallback)] [topics: /rosout, /edge_distance] Received an OccupancyGrid message!
190.300000000 INFO /updateDistance [/home/wcqw/ac-slam/catkin_ws/src/cpp_solver/src/updateDistance.cpp:30(occupancyGridCallback)] [topics: /rosout, /edge_distance] Width: 373, Height: 710, Size: 264830
190.300000000 INFO /updateDistance [/home/wcqw/ac-slam/catkin_ws/src/cpp_solver/src/updateDistance.cpp:32(occupancyGridCallback)] [topics: /rosout, /edge_distance] Map origin x: -7.125, y: -7.323
190.300000000 INFO /updateDistance [/home/wcqw/ac-slam/catkin_ws/src/cpp_solver/src/updateDistance.cpp:87(occupancyGridCallback)] [topics: /rosout, /edge_distance] Free vertices size: 12
190.300000000 INFO /RVIZ [/tmp/binarydeb/ros-noetic-rviz-1.14.26/src/rviz/default_plugin/map_display.cpp:604(MapDisplay::createSwatches)] [topics: /rosout, /initialpose, /goal, /clicked_point] Creating 1 swatches
190.400000000 INFO /updateDistance [/home/wcqw/ac-slam/catkin_ws/src/cpp_solver/src/updateDistance.cpp:128(occupancyGridCallback)] [topics: /rosout, /edge_distance] 52 edge distance updated
190.500000000 INFO /Navigator [/home/wcqw/ac-slam/catkin_ws/src/cpp_solver/src/MyPlanner.cpp:481(findExplorationTarget)] [topics: /rosout, /cmd, /Navigator/plan, /Navigator/markers, /Navigator/frontiers, /Navigator/frontier_to_vertex, /Navigator/nav_goal, /Navigator/prior_map, /Navigator/visual_tsp_path, /Navigator/tsp_index, /Navigator/path_finder, /Navigator/dist_map, /finished_topic, /request_replan, /Explore/result, /Explore/feedback, /Explore/status, /MoveTo/result, /MoveTo/feedback, /MoveTo/status, /Localize/result, /Localize/feedback, /Localize/status, /GetFirstMap/result, /GetFirstMap/feedback, /GetFirstMap/status] Call local replanning...
190.600000000 INFO /path_planner [path_planner.py:295(PathPlanner.handle_replanning)] [topics: /pose_graph_idx, /rosout, /edge_distance, /clock, /slam_pose_graph] Replanning request. curr_vertex_idx: 6
190.600000000 INFO /path_planner [path_planner.py:296(PathPlanner.handle_replanning)] [topics: /pose_graph_idx, /rosout, /edge_distance, /clock, /slam_pose_graph]                     covered_vertices: ()
190.600000000 INFO /path_planner [path_planner.py:310(PathPlanner.handle_replanning)] [topics: /pose_graph_idx, /rosout, /edge_distance, /clock, /slam_pose_graph] Handle local replanning...
190.600000000 INFO /path_planner [path_planner.py:322(PathPlanner.handle_replanning)] [topics: /pose_graph_idx, /rosout, /edge_distance, /clock, /slam_pose_graph] curr path length: 43, is_loop length: 43
190.600000000 INFO /path_planner [path_planner.py:334(PathPlanner.handle_replanning)] [topics: /pose_graph_idx, /rosout, /edge_distance, /clock, /slam_pose_graph] Send new plan: 8 7 6 5 4 3 9  ---> 15 16 10 11 35 37 20 19 15(L) 19 23 29 30 24 25 31 32 26 27 33 34 28 22 21 38 37(L) 38 36 12 13 14 8(L) 14 18 17 21(L) 
190.600000000 WARN /Navigator [/home/wcqw/ac-slam/catkin_ws/src/cpp_solver/src/MyPlanner.cpp:570(findExplorationTarget)] [topics: /rosout, /cmd, /Navigator/plan, /Navigator/markers, /Navigator/frontiers, /Navigator/frontier_to_vertex, /Navigator/nav_goal, /Navigator/prior_map, /Navigator/visual_tsp_path, /Navigator/tsp_index, /Navigator/path_finder, /Navigator/dist_map, /finished_topic, /request_replan, /Explore/result, /Explore/feedback, /Explore/status, /MoveTo/result, /MoveTo/feedback, /MoveTo/status, /Localize/result, /Localize/feedback, /Localize/status, /GetFirstMap/result, /GetFirstMap/feedback, /GetFirstMap/status] No frontier at vertex 9. #Frontier: 0
190.600000000 INFO /Navigator [/home/wcqw/ac-slam/catkin_ws/src/cpp_solver/src/MyPlanner.cpp:310(getUsefulGoalIndex)] [topics: /rosout, /cmd, /Navigator/plan, /Navigator/markers, /Navigator/frontiers, /Navigator/frontier_to_vertex, /Navigator/nav_goal, /Navigator/prior_map, /Navigator/visual_tsp_path, /Navigator/tsp_index, /Navigator/path_finder, /Navigator/dist_map, /finished_topic, /request_replan, /Explore/result, /Explore/feedback, /Explore/status, /MoveTo/result, /MoveTo/feedback, /MoveTo/status, /Localize/result, /Localize/feedback, /Localize/status, /GetFirstMap/result, /GetFirstMap/feedback, /GetFirstMap/status] Set newGoal 15
195.600000000 INFO /updateDistance [/home/wcqw/ac-slam/catkin_ws/src/cpp_solver/src/updateDistance.cpp:29(occupancyGridCallback)] [topics: /rosout, /edge_distance] Received an OccupancyGrid message!
195.600000000 INFO /updateDistance [/home/wcqw/ac-slam/catkin_ws/src/cpp_solver/src/updateDistance.cpp:30(occupancyGridCallback)] [topics: /rosout, /edge_distance] Width: 379, Height: 710, Size: 269090
195.600000000 INFO /updateDistance [/home/wcqw/ac-slam/catkin_ws/src/cpp_solver/src/updateDistance.cpp:32(occupancyGridCallback)] [topics: /rosout, /edge_distance] Map origin x: -7.125, y: -7.323
195.600000000 INFO /path_planner [path_planner.py:638(PathPlanner.handle_pose_graph)] [topics: /pose_graph_idx, /rosout, /edge_distance, /clock, /slam_pose_graph] Really visited vertices: 8 7 6 5 4 3 9 
195.600000000 INFO /updateDistance [/home/wcqw/ac-slam/catkin_ws/src/cpp_solver/src/updateDistance.cpp:87(occupancyGridCallback)] [topics: /rosout, /edge_distance] Free vertices size: 13
195.600000000 INFO /RVIZ [/tmp/binarydeb/ros-noetic-rviz-1.14.26/src/rviz/default_plugin/map_display.cpp:604(MapDisplay::createSwatches)] [topics: /rosout, /initialpose, /goal, /clicked_point] Creating 1 swatches
195.700000000 INFO /updateDistance [/home/wcqw/ac-slam/catkin_ws/src/cpp_solver/src/updateDistance.cpp:128(occupancyGridCallback)] [topics: /rosout, /edge_distance] 61 edge distance updated
196.300000000 INFO /updateDistance [/home/wcqw/ac-slam/catkin_ws/src/cpp_solver/src/updateDistance.cpp:29(occupancyGridCallback)] [topics: /rosout, /edge_distance] Received an OccupancyGrid message!
196.300000000 INFO /updateDistance [/home/wcqw/ac-slam/catkin_ws/src/cpp_solver/src/updateDistance.cpp:30(occupancyGridCallback)] [topics: /rosout, /edge_distance] Width: 379, Height: 710, Size: 269090
196.300000000 INFO /updateDistance [/home/wcqw/ac-slam/catkin_ws/src/cpp_solver/src/updateDistance.cpp:32(occupancyGridCallback)] [topics: /rosout, /edge_distance] Map origin x: -7.125, y: -7.323
196.300000000 INFO /updateDistance [/home/wcqw/ac-slam/catkin_ws/src/cpp_solver/src/updateDistance.cpp:87(occupancyGridCallback)] [topics: /rosout, /edge_distance] Free vertices size: 13
196.300000000 INFO /updateDistance [/home/wcqw/ac-slam/catkin_ws/src/cpp_solver/src/updateDistance.cpp:128(occupancyGridCallback)] [topics: /rosout, /edge_distance] 61 edge distance updated
196.500000000 INFO /Navigator [/home/wcqw/ac-slam/catkin_ws/src/cpp_solver/src/MyPlanner.cpp:481(findExplorationTarget)] [topics: /rosout, /cmd, /Navigator/plan, /Navigator/markers, /Navigator/frontiers, /Navigator/frontier_to_vertex, /Navigator/nav_goal, /Navigator/prior_map, /Navigator/visual_tsp_path, /Navigator/tsp_index, /Navigator/path_finder, /Navigator/dist_map, /finished_topic, /request_replan, /Explore/result, /Explore/feedback, /Explore/status, /MoveTo/result, /MoveTo/feedback, /MoveTo/status, /Localize/result, /Localize/feedback, /Localize/status, /GetFirstMap/result, /GetFirstMap/feedback, /GetFirstMap/status] Call local replanning...
196.500000000 INFO /path_planner [path_planner.py:295(PathPlanner.handle_replanning)] [topics: /pose_graph_idx, /rosout, /edge_distance, /clock, /slam_pose_graph] Replanning request. curr_vertex_idx: 7
196.500000000 INFO /path_planner [path_planner.py:296(PathPlanner.handle_replanning)] [topics: /pose_graph_idx, /rosout, /edge_distance, /clock, /slam_pose_graph]                     covered_vertices: ()
196.500000000 INFO /path_planner [path_planner.py:310(PathPlanner.handle_replanning)] [topics: /pose_graph_idx, /rosout, /edge_distance, /clock, /slam_pose_graph] Handle local replanning...
196.500000000 INFO /path_planner [path_planner.py:322(PathPlanner.handle_replanning)] [topics: /pose_graph_idx, /rosout, /edge_distance, /clock, /slam_pose_graph] curr path length: 43, is_loop length: 43
196.500000000 INFO /path_planner [path_planner.py:334(PathPlanner.handle_replanning)] [topics: /pose_graph_idx, /rosout, /edge_distance, /clock, /slam_pose_graph] Send new plan: 8 7 6 5 4 3 9 15  ---> 16 10 11 35 37 20 19 15(L) 19 23 29 30 24 25 31 32 26 27 33 34 28 22 21 38 37(L) 38 36 12 13 14 8(L) 14 18 17 21(L) 
201.800000000 INFO /updateDistance [/home/wcqw/ac-slam/catkin_ws/src/cpp_solver/src/updateDistance.cpp:29(occupancyGridCallback)] [topics: /rosout, /edge_distance] Received an OccupancyGrid message!
201.800000000 INFO /updateDistance [/home/wcqw/ac-slam/catkin_ws/src/cpp_solver/src/updateDistance.cpp:30(occupancyGridCallback)] [topics: /rosout, /edge_distance] Width: 409, Height: 710, Size: 290390
201.800000000 INFO /updateDistance [/home/wcqw/ac-slam/catkin_ws/src/cpp_solver/src/updateDistance.cpp:32(occupancyGridCallback)] [topics: /rosout, /edge_distance] Map origin x: -7.125, y: -7.323
201.800000000 INFO /path_planner [path_planner.py:638(PathPlanner.handle_pose_graph)] [topics: /pose_graph_idx, /rosout, /edge_distance, /clock, /slam_pose_graph] Really visited vertices: 8 7 6 5 4 3 9 
201.800000000 INFO /updateDistance [/home/wcqw/ac-slam/catkin_ws/src/cpp_solver/src/updateDistance.cpp:87(occupancyGridCallback)] [topics: /rosout, /edge_distance] Free vertices size: 11
201.800000000 INFO /updateDistance [/home/wcqw/ac-slam/catkin_ws/src/cpp_solver/src/updateDistance.cpp:128(occupancyGridCallback)] [topics: /rosout, /edge_distance] 61 edge distance updated
201.800000000 INFO /RVIZ [/tmp/binarydeb/ros-noetic-rviz-1.14.26/src/rviz/default_plugin/map_display.cpp:604(MapDisplay::createSwatches)] [topics: /rosout, /initialpose, /goal, /clicked_point] Creating 1 swatches
202.300000000 INFO /updateDistance [/home/wcqw/ac-slam/catkin_ws/src/cpp_solver/src/updateDistance.cpp:29(occupancyGridCallback)] [topics: /rosout, /edge_distance] Received an OccupancyGrid message!
202.300000000 INFO /updateDistance [/home/wcqw/ac-slam/catkin_ws/src/cpp_solver/src/updateDistance.cpp:30(occupancyGridCallback)] [topics: /rosout, /edge_distance] Width: 409, Height: 710, Size: 290390
202.300000000 INFO /updateDistance [/home/wcqw/ac-slam/catkin_ws/src/cpp_solver/src/updateDistance.cpp:32(occupancyGridCallback)] [topics: /rosout, /edge_distance] Map origin x: -7.125, y: -7.323
202.300000000 INFO /updateDistance [/home/wcqw/ac-slam/catkin_ws/src/cpp_solver/src/updateDistance.cpp:87(occupancyGridCallback)] [topics: /rosout, /edge_distance] Free vertices size: 11
202.300000000 INFO /updateDistance [/home/wcqw/ac-slam/catkin_ws/src/cpp_solver/src/updateDistance.cpp:128(occupancyGridCallback)] [topics: /rosout, /edge_distance] 61 edge distance updated
202.400000000 INFO /Navigator [/home/wcqw/ac-slam/catkin_ws/src/cpp_solver/src/MyPlanner.cpp:481(findExplorationTarget)] [topics: /rosout, /cmd, /Navigator/plan, /Navigator/markers, /Navigator/frontiers, /Navigator/frontier_to_vertex, /Navigator/nav_goal, /Navigator/prior_map, /Navigator/visual_tsp_path, /Navigator/tsp_index, /Navigator/path_finder, /Navigator/dist_map, /finished_topic, /request_replan, /Explore/result, /Explore/feedback, /Explore/status, /MoveTo/result, /MoveTo/feedback, /MoveTo/status, /Localize/result, /Localize/feedback, /Localize/status, /GetFirstMap/result, /GetFirstMap/feedback, /GetFirstMap/status] Call local replanning...
202.400000000 INFO /path_planner [path_planner.py:295(PathPlanner.handle_replanning)] [topics: /pose_graph_idx, /rosout, /edge_distance, /clock, /slam_pose_graph] Replanning request. curr_vertex_idx: 7
202.400000000 INFO /path_planner [path_planner.py:296(PathPlanner.handle_replanning)] [topics: /pose_graph_idx, /rosout, /edge_distance, /clock, /slam_pose_graph]                     covered_vertices: ()
202.400000000 INFO /path_planner [path_planner.py:310(PathPlanner.handle_replanning)] [topics: /pose_graph_idx, /rosout, /edge_distance, /clock, /slam_pose_graph] Handle local replanning...
202.400000000 INFO /path_planner [path_planner.py:322(PathPlanner.handle_replanning)] [topics: /pose_graph_idx, /rosout, /edge_distance, /clock, /slam_pose_graph] curr path length: 43, is_loop length: 43
202.400000000 INFO /path_planner [path_planner.py:334(PathPlanner.handle_replanning)] [topics: /pose_graph_idx, /rosout, /edge_distance, /clock, /slam_pose_graph] Send new plan: 8 7 6 5 4 3 9 15  ---> 16 10 11 35 37 20 19 15(L) 19 23 29 30 24 25 31 32 26 27 33 34 28 22 21 38 37(L) 38 36 12 13 14 8(L) 14 18 17 21(L) 
207.400000000 INFO /updateDistance [/home/wcqw/ac-slam/catkin_ws/src/cpp_solver/src/updateDistance.cpp:29(occupancyGridCallback)] [topics: /rosout, /edge_distance] Received an OccupancyGrid message!
207.400000000 INFO /updateDistance [/home/wcqw/ac-slam/catkin_ws/src/cpp_solver/src/updateDistance.cpp:30(occupancyGridCallback)] [topics: /rosout, /edge_distance] Width: 429, Height: 710, Size: 304590
207.400000000 INFO /updateDistance [/home/wcqw/ac-slam/catkin_ws/src/cpp_solver/src/updateDistance.cpp:32(occupancyGridCallback)] [topics: /rosout, /edge_distance] Map origin x: -7.125, y: -7.323
207.400000000 INFO /path_planner [path_planner.py:638(PathPlanner.handle_pose_graph)] [topics: /pose_graph_idx, /rosout, /edge_distance, /clock, /slam_pose_graph] Really visited vertices: 8 7 6 5 4 3 9 
207.400000000 INFO /updateDistance [/home/wcqw/ac-slam/catkin_ws/src/cpp_solver/src/updateDistance.cpp:87(occupancyGridCallback)] [topics: /rosout, /edge_distance] Free vertices size: 12
207.400000000 INFO /updateDistance [/home/wcqw/ac-slam/catkin_ws/src/cpp_solver/src/updateDistance.cpp:128(occupancyGridCallback)] [topics: /rosout, /edge_distance] 61 edge distance updated
207.400000000 INFO /RVIZ [/tmp/binarydeb/ros-noetic-rviz-1.14.26/src/rviz/default_plugin/map_display.cpp:604(MapDisplay::createSwatches)] [topics: /rosout, /initialpose, /goal, /clicked_point] Creating 1 swatches
208.300000000 INFO /updateDistance [/home/wcqw/ac-slam/catkin_ws/src/cpp_solver/src/updateDistance.cpp:29(occupancyGridCallback)] [topics: /rosout, /edge_distance] Received an OccupancyGrid message!
208.300000000 INFO /updateDistance [/home/wcqw/ac-slam/catkin_ws/src/cpp_solver/src/updateDistance.cpp:30(occupancyGridCallback)] [topics: /rosout, /edge_distance] Width: 429, Height: 710, Size: 304590
208.300000000 INFO /updateDistance [/home/wcqw/ac-slam/catkin_ws/src/cpp_solver/src/updateDistance.cpp:32(occupancyGridCallback)] [topics: /rosout, /edge_distance] Map origin x: -7.125, y: -7.323
208.300000000 INFO /updateDistance [/home/wcqw/ac-slam/catkin_ws/src/cpp_solver/src/updateDistance.cpp:87(occupancyGridCallback)] [topics: /rosout, /edge_distance] Free vertices size: 12
208.300000000 INFO /updateDistance [/home/wcqw/ac-slam/catkin_ws/src/cpp_solver/src/updateDistance.cpp:128(occupancyGridCallback)] [topics: /rosout, /edge_distance] 61 edge distance updated
208.500000000 INFO /Navigator [/home/wcqw/ac-slam/catkin_ws/src/cpp_solver/src/MyPlanner.cpp:481(findExplorationTarget)] [topics: /rosout, /cmd, /Navigator/plan, /Navigator/markers, /Navigator/frontiers, /Navigator/frontier_to_vertex, /Navigator/nav_goal, /Navigator/prior_map, /Navigator/visual_tsp_path, /Navigator/tsp_index, /Navigator/path_finder, /Navigator/dist_map, /finished_topic, /request_replan, /Explore/result, /Explore/feedback, /Explore/status, /MoveTo/result, /MoveTo/feedback, /MoveTo/status, /Localize/result, /Localize/feedback, /Localize/status, /GetFirstMap/result, /GetFirstMap/feedback, /GetFirstMap/status] Call local replanning...
208.500000000 INFO /path_planner [path_planner.py:295(PathPlanner.handle_replanning)] [topics: /pose_graph_idx, /rosout, /edge_distance, /clock, /slam_pose_graph] Replanning request. curr_vertex_idx: 7
208.500000000 INFO /path_planner [path_planner.py:296(PathPlanner.handle_replanning)] [topics: /pose_graph_idx, /rosout, /edge_distance, /clock, /slam_pose_graph]                     covered_vertices: ()
208.500000000 INFO /path_planner [path_planner.py:310(PathPlanner.handle_replanning)] [topics: /pose_graph_idx, /rosout, /edge_distance, /clock, /slam_pose_graph] Handle local replanning...
208.500000000 INFO /path_planner [path_planner.py:322(PathPlanner.handle_replanning)] [topics: /pose_graph_idx, /rosout, /edge_distance, /clock, /slam_pose_graph] curr path length: 43, is_loop length: 43
208.500000000 INFO /path_planner [path_planner.py:334(PathPlanner.handle_replanning)] [topics: /pose_graph_idx, /rosout, /edge_distance, /clock, /slam_pose_graph] Send new plan: 8 7 6 5 4 3 9 15  ---> 16 10 11 35 37 20 19 15(L) 19 23 29 30 24 25 31 32 26 27 33 34 28 22 21 38 37(L) 38 36 12 13 14 8(L) 14 18 17 21(L) 
214.300000000 INFO /updateDistance [/home/wcqw/ac-slam/catkin_ws/src/cpp_solver/src/updateDistance.cpp:29(occupancyGridCallback)] [topics: /rosout, /edge_distance] Received an OccupancyGrid message!
214.300000000 INFO /updateDistance [/home/wcqw/ac-slam/catkin_ws/src/cpp_solver/src/updateDistance.cpp:30(occupancyGridCallback)] [topics: /rosout, /edge_distance] Width: 439, Height: 710, Size: 311690
214.300000000 INFO /updateDistance [/home/wcqw/ac-slam/catkin_ws/src/cpp_solver/src/updateDistance.cpp:32(occupancyGridCallback)] [topics: /rosout, /edge_distance] Map origin x: -7.125, y: -7.323
214.300000000 INFO /updateDistance [/home/wcqw/ac-slam/catkin_ws/src/cpp_solver/src/updateDistance.cpp:87(occupancyGridCallback)] [topics: /rosout, /edge_distance] Free vertices size: 11
214.300000000 INFO /updateDistance [/home/wcqw/ac-slam/catkin_ws/src/cpp_solver/src/updateDistance.cpp:128(occupancyGridCallback)] [topics: /rosout, /edge_distance] 61 edge distance updated
214.300000000 INFO /RVIZ [/tmp/binarydeb/ros-noetic-rviz-1.14.26/src/rviz/default_plugin/map_display.cpp:604(MapDisplay::createSwatches)] [topics: /rosout, /initialpose, /goal, /clicked_point] Creating 1 swatches
214.500000000 INFO /Navigator [/home/wcqw/ac-slam/catkin_ws/src/cpp_solver/src/MyPlanner.cpp:481(findExplorationTarget)] [topics: /rosout, /cmd, /Navigator/plan, /Navigator/markers, /Navigator/frontiers, /Navigator/frontier_to_vertex, /Navigator/nav_goal, /Navigator/prior_map, /Navigator/visual_tsp_path, /Navigator/tsp_index, /Navigator/path_finder, /Navigator/dist_map, /finished_topic, /request_replan, /Explore/result, /Explore/feedback, /Explore/status, /MoveTo/result, /MoveTo/feedback, /MoveTo/status, /Localize/result, /Localize/feedback, /Localize/status, /GetFirstMap/result, /GetFirstMap/feedback, /GetFirstMap/status] Call local replanning...
214.500000000 INFO /path_planner [path_planner.py:295(PathPlanner.handle_replanning)] [topics: /pose_graph_idx, /rosout, /edge_distance, /clock, /slam_pose_graph] Replanning request. curr_vertex_idx: 7
214.500000000 INFO /path_planner [path_planner.py:296(PathPlanner.handle_replanning)] [topics: /pose_graph_idx, /rosout, /edge_distance, /clock, /slam_pose_graph]                     covered_vertices: ()
214.500000000 INFO /path_planner [path_planner.py:310(PathPlanner.handle_replanning)] [topics: /pose_graph_idx, /rosout, /edge_distance, /clock, /slam_pose_graph] Handle local replanning...
214.500000000 INFO /path_planner [path_planner.py:322(PathPlanner.handle_replanning)] [topics: /pose_graph_idx, /rosout, /edge_distance, /clock, /slam_pose_graph] curr path length: 43, is_loop length: 43
214.500000000 INFO /path_planner [path_planner.py:334(PathPlanner.handle_replanning)] [topics: /pose_graph_idx, /rosout, /edge_distance, /clock, /slam_pose_graph] Send new plan: 8 7 6 5 4 3 9 15  ---> 16 10 11 35 37 20 19 15(L) 19 23 29 30 24 25 31 32 26 27 33 34 28 22 21 38 37(L) 38 36 12 13 14 8(L) 14 18 17 21(L) 
220.200000000 INFO /updateDistance [/home/wcqw/ac-slam/catkin_ws/src/cpp_solver/src/updateDistance.cpp:29(occupancyGridCallback)] [topics: /rosout, /edge_distance] Received an OccupancyGrid message!
220.200000000 INFO /updateDistance [/home/wcqw/ac-slam/catkin_ws/src/cpp_solver/src/updateDistance.cpp:30(occupancyGridCallback)] [topics: /rosout, /edge_distance] Width: 458, Height: 710, Size: 325180
220.200000000 INFO /updateDistance [/home/wcqw/ac-slam/catkin_ws/src/cpp_solver/src/updateDistance.cpp:32(occupancyGridCallback)] [topics: /rosout, /edge_distance] Map origin x: -7.125, y: -7.323
220.200000000 INFO /path_planner [path_planner.py:638(PathPlanner.handle_pose_graph)] [topics: /pose_graph_idx, /rosout, /edge_distance, /clock, /slam_pose_graph] Really visited vertices: 8 7 6 5 4 3 9 
220.200000000 INFO /updateDistance [/home/wcqw/ac-slam/catkin_ws/src/cpp_solver/src/updateDistance.cpp:87(occupancyGridCallback)] [topics: /rosout, /edge_distance] Free vertices size: 11
220.200000000 INFO /updateDistance [/home/wcqw/ac-slam/catkin_ws/src/cpp_solver/src/updateDistance.cpp:128(occupancyGridCallback)] [topics: /rosout, /edge_distance] 61 edge distance updated
220.300000000 INFO /updateDistance [/home/wcqw/ac-slam/catkin_ws/src/cpp_solver/src/updateDistance.cpp:29(occupancyGridCallback)] [topics: /rosout, /edge_distance] Received an OccupancyGrid message!
220.300000000 INFO /updateDistance [/home/wcqw/ac-slam/catkin_ws/src/cpp_solver/src/updateDistance.cpp:30(occupancyGridCallback)] [topics: /rosout, /edge_distance] Width: 458, Height: 710, Size: 325180
220.300000000 INFO /updateDistance [/home/wcqw/ac-slam/catkin_ws/src/cpp_solver/src/updateDistance.cpp:32(occupancyGridCallback)] [topics: /rosout, /edge_distance] Map origin x: -7.125, y: -7.323
220.300000000 INFO /RVIZ [/tmp/binarydeb/ros-noetic-rviz-1.14.26/src/rviz/default_plugin/map_display.cpp:604(MapDisplay::createSwatches)] [topics: /rosout, /initialpose, /goal, /clicked_point] Creating 1 swatches
220.300000000 INFO /updateDistance [/home/wcqw/ac-slam/catkin_ws/src/cpp_solver/src/updateDistance.cpp:87(occupancyGridCallback)] [topics: /rosout, /edge_distance] Free vertices size: 11
220.300000000 INFO /updateDistance [/home/wcqw/ac-slam/catkin_ws/src/cpp_solver/src/updateDistance.cpp:128(occupancyGridCallback)] [topics: /rosout, /edge_distance] 61 edge distance updated
220.400000000 INFO /Navigator [/home/wcqw/ac-slam/catkin_ws/src/cpp_solver/src/MyPlanner.cpp:481(findExplorationTarget)] [topics: /rosout, /cmd, /Navigator/plan, /Navigator/markers, /Navigator/frontiers, /Navigator/frontier_to_vertex, /Navigator/nav_goal, /Navigator/prior_map, /Navigator/visual_tsp_path, /Navigator/tsp_index, /Navigator/path_finder, /Navigator/dist_map, /finished_topic, /request_replan, /Explore/result, /Explore/feedback, /Explore/status, /MoveTo/result, /MoveTo/feedback, /MoveTo/status, /Localize/result, /Localize/feedback, /Localize/status, /GetFirstMap/result, /GetFirstMap/feedback, /GetFirstMap/status] Call local replanning...
220.400000000 INFO /path_planner [path_planner.py:295(PathPlanner.handle_replanning)] [topics: /pose_graph_idx, /rosout, /edge_distance, /clock, /slam_pose_graph] Replanning request. curr_vertex_idx: 7
220.400000000 INFO /path_planner [path_planner.py:296(PathPlanner.handle_replanning)] [topics: /pose_graph_idx, /rosout, /edge_distance, /clock, /slam_pose_graph]                     covered_vertices: ()
220.400000000 INFO /path_planner [path_planner.py:310(PathPlanner.handle_replanning)] [topics: /pose_graph_idx, /rosout, /edge_distance, /clock, /slam_pose_graph] Handle local replanning...
220.400000000 INFO /path_planner [path_planner.py:322(PathPlanner.handle_replanning)] [topics: /pose_graph_idx, /rosout, /edge_distance, /clock, /slam_pose_graph] curr path length: 43, is_loop length: 43
220.400000000 INFO /path_planner [path_planner.py:334(PathPlanner.handle_replanning)] [topics: /pose_graph_idx, /rosout, /edge_distance, /clock, /slam_pose_graph] Send new plan: 8 7 6 5 4 3 9 15  ---> 16 10 11 35 37 20 19 15(L) 19 23 29 30 24 25 31 32 26 27 33 34 28 22 21 38 37(L) 38 36 12 13 14 8(L) 14 18 17 21(L) 
226.300000000 INFO /updateDistance [/home/wcqw/ac-slam/catkin_ws/src/cpp_solver/src/updateDistance.cpp:29(occupancyGridCallback)] [topics: /rosout, /edge_distance] Received an OccupancyGrid message!
226.300000000 INFO /updateDistance [/home/wcqw/ac-slam/catkin_ws/src/cpp_solver/src/updateDistance.cpp:30(occupancyGridCallback)] [topics: /rosout, /edge_distance] Width: 467, Height: 710, Size: 331570
226.300000000 INFO /updateDistance [/home/wcqw/ac-slam/catkin_ws/src/cpp_solver/src/updateDistance.cpp:32(occupancyGridCallback)] [topics: /rosout, /edge_distance] Map origin x: -7.125, y: -7.323
226.300000000 INFO /updateDistance [/home/wcqw/ac-slam/catkin_ws/src/cpp_solver/src/updateDistance.cpp:87(occupancyGridCallback)] [topics: /rosout, /edge_distance] Free vertices size: 14
226.300000000 INFO /RVIZ [/tmp/binarydeb/ros-noetic-rviz-1.14.26/src/rviz/default_plugin/map_display.cpp:604(MapDisplay::createSwatches)] [topics: /rosout, /initialpose, /goal, /clicked_point] Creating 1 swatches
226.400000000 INFO /updateDistance [/home/wcqw/ac-slam/catkin_ws/src/cpp_solver/src/updateDistance.cpp:128(occupancyGridCallback)] [topics: /rosout, /edge_distance] 73 edge distance updated
226.500000000 INFO /Navigator [/home/wcqw/ac-slam/catkin_ws/src/cpp_solver/src/MyPlanner.cpp:481(findExplorationTarget)] [topics: /rosout, /cmd, /Navigator/plan, /Navigator/markers, /Navigator/frontiers, /Navigator/frontier_to_vertex, /Navigator/nav_goal, /Navigator/prior_map, /Navigator/visual_tsp_path, /Navigator/tsp_index, /Navigator/path_finder, /Navigator/dist_map, /finished_topic, /request_replan, /Explore/result, /Explore/feedback, /Explore/status, /MoveTo/result, /MoveTo/feedback, /MoveTo/status, /Localize/result, /Localize/feedback, /Localize/status, /GetFirstMap/result, /GetFirstMap/feedback, /GetFirstMap/status] Call local replanning...
226.500000000 INFO /path_planner [path_planner.py:295(PathPlanner.handle_replanning)] [topics: /pose_graph_idx, /rosout, /edge_distance, /clock, /slam_pose_graph] Replanning request. curr_vertex_idx: 7
226.500000000 INFO /path_planner [path_planner.py:296(PathPlanner.handle_replanning)] [topics: /pose_graph_idx, /rosout, /edge_distance, /clock, /slam_pose_graph]                     covered_vertices: ()
226.500000000 INFO /path_planner [path_planner.py:310(PathPlanner.handle_replanning)] [topics: /pose_graph_idx, /rosout, /edge_distance, /clock, /slam_pose_graph] Handle local replanning...
226.500000000 INFO /path_planner [path_planner.py:322(PathPlanner.handle_replanning)] [topics: /pose_graph_idx, /rosout, /edge_distance, /clock, /slam_pose_graph] curr path length: 43, is_loop length: 43
226.500000000 INFO /path_planner [path_planner.py:334(PathPlanner.handle_replanning)] [topics: /pose_graph_idx, /rosout, /edge_distance, /clock, /slam_pose_graph] Send new plan: 8 7 6 5 4 3 9 15  ---> 16 10 11 35 37 20 19 15(L) 19 23 29 30 24 25 31 32 26 27 33 34 28 22 21 38 37(L) 38 36 12 13 14 8(L) 14 18 17 21(L) 
232.300000000 INFO /updateDistance [/home/wcqw/ac-slam/catkin_ws/src/cpp_solver/src/updateDistance.cpp:29(occupancyGridCallback)] [topics: /rosout, /edge_distance] Received an OccupancyGrid message!
232.300000000 INFO /updateDistance [/home/wcqw/ac-slam/catkin_ws/src/cpp_solver/src/updateDistance.cpp:30(occupancyGridCallback)] [topics: /rosout, /edge_distance] Width: 477, Height: 710, Size: 338670
232.300000000 INFO /updateDistance [/home/wcqw/ac-slam/catkin_ws/src/cpp_solver/src/updateDistance.cpp:32(occupancyGridCallback)] [topics: /rosout, /edge_distance] Map origin x: -7.125, y: -7.323
232.300000000 INFO /updateDistance [/home/wcqw/ac-slam/catkin_ws/src/cpp_solver/src/updateDistance.cpp:87(occupancyGridCallback)] [topics: /rosout, /edge_distance] Free vertices size: 12
232.300000000 INFO /updateDistance [/home/wcqw/ac-slam/catkin_ws/src/cpp_solver/src/updateDistance.cpp:128(occupancyGridCallback)] [topics: /rosout, /edge_distance] 73 edge distance updated
232.300000000 INFO /RVIZ [/tmp/binarydeb/ros-noetic-rviz-1.14.26/src/rviz/default_plugin/map_display.cpp:604(MapDisplay::createSwatches)] [topics: /rosout, /initialpose, /goal, /clicked_point] Creating 1 swatches
232.500000000 INFO /Navigator [/home/wcqw/ac-slam/catkin_ws/src/cpp_solver/src/MyPlanner.cpp:481(findExplorationTarget)] [topics: /rosout, /cmd, /Navigator/plan, /Navigator/markers, /Navigator/frontiers, /Navigator/frontier_to_vertex, /Navigator/nav_goal, /Navigator/prior_map, /Navigator/visual_tsp_path, /Navigator/tsp_index, /Navigator/path_finder, /Navigator/dist_map, /finished_topic, /request_replan, /Explore/result, /Explore/feedback, /Explore/status, /MoveTo/result, /MoveTo/feedback, /MoveTo/status, /Localize/result, /Localize/feedback, /Localize/status, /GetFirstMap/result, /GetFirstMap/feedback, /GetFirstMap/status] Call local replanning...
232.500000000 INFO /path_planner [path_planner.py:295(PathPlanner.handle_replanning)] [topics: /pose_graph_idx, /rosout, /edge_distance, /clock, /slam_pose_graph] Replanning request. curr_vertex_idx: 7
232.500000000 INFO /path_planner [path_planner.py:296(PathPlanner.handle_replanning)] [topics: /pose_graph_idx, /rosout, /edge_distance, /clock, /slam_pose_graph]                     covered_vertices: ()
232.500000000 INFO /path_planner [path_planner.py:310(PathPlanner.handle_replanning)] [topics: /pose_graph_idx, /rosout, /edge_distance, /clock, /slam_pose_graph] Handle local replanning...
232.500000000 INFO /path_planner [path_planner.py:322(PathPlanner.handle_replanning)] [topics: /pose_graph_idx, /rosout, /edge_distance, /clock, /slam_pose_graph] curr path length: 43, is_loop length: 43
232.500000000 INFO /path_planner [path_planner.py:334(PathPlanner.handle_replanning)] [topics: /pose_graph_idx, /rosout, /edge_distance, /clock, /slam_pose_graph] Send new plan: 8 7 6 5 4 3 9 15  ---> 16 10 11 35 37 20 19 15(L) 19 23 29 30 24 25 31 32 26 27 33 34 28 22 21 38 37(L) 38 36 12 13 14 8(L) 14 18 17 21(L) 
232.500000000 INFO /Navigator [/home/wcqw/ac-slam/catkin_ws/src/cpp_solver/src/MyPlanner.cpp:509(findExplorationTarget)] [topics: /rosout, /cmd, /Navigator/plan, /Navigator/markers, /Navigator/frontiers, /Navigator/frontier_to_vertex, /Navigator/nav_goal, /Navigator/prior_map, /Navigator/visual_tsp_path, /Navigator/tsp_index, /Navigator/path_finder, /Navigator/dist_map, /finished_topic, /request_replan, /Explore/result, /Explore/feedback, /Explore/status, /MoveTo/result, /MoveTo/feedback, /MoveTo/status, /Localize/result, /Localize/feedback, /Localize/status, /GetFirstMap/result, /GetFirstMap/feedback, /GetFirstMap/status] Reach vertex 15
232.500000000 INFO /Navigator [/home/wcqw/ac-slam/catkin_ws/src/cpp_solver/src/MyPlanner.cpp:613(findExplorationTarget)] [topics: /rosout, /cmd, /Navigator/plan, /Navigator/markers, /Navigator/frontiers, /Navigator/frontier_to_vertex, /Navigator/nav_goal, /Navigator/prior_map, /Navigator/visual_tsp_path, /Navigator/tsp_index, /Navigator/path_finder, /Navigator/dist_map, /finished_topic, /request_replan, /Explore/result, /Explore/feedback, /Explore/status, /MoveTo/result, /MoveTo/feedback, /MoveTo/status, /Localize/result, /Localize/feedback, /Localize/status, /GetFirstMap/result, /GetFirstMap/feedback, /GetFirstMap/status] Explore Goal 15 's frontiers...
236.300000000 INFO /updateDistance [/home/wcqw/ac-slam/catkin_ws/src/cpp_solver/src/updateDistance.cpp:29(occupancyGridCallback)] [topics: /rosout, /edge_distance] Received an OccupancyGrid message!
236.300000000 INFO /updateDistance [/home/wcqw/ac-slam/catkin_ws/src/cpp_solver/src/updateDistance.cpp:30(occupancyGridCallback)] [topics: /rosout, /edge_distance] Width: 502, Height: 710, Size: 356420
236.300000000 INFO /updateDistance [/home/wcqw/ac-slam/catkin_ws/src/cpp_solver/src/updateDistance.cpp:32(occupancyGridCallback)] [topics: /rosout, /edge_distance] Map origin x: -7.125, y: -7.323
236.300000000 INFO /updateDistance [/home/wcqw/ac-slam/catkin_ws/src/cpp_solver/src/updateDistance.cpp:87(occupancyGridCallback)] [topics: /rosout, /edge_distance] Free vertices size: 13
236.400000000 INFO /RVIZ [/tmp/binarydeb/ros-noetic-rviz-1.14.26/src/rviz/default_plugin/map_display.cpp:604(MapDisplay::createSwatches)] [topics: /rosout, /initialpose, /goal, /clicked_point] Creating 1 swatches
236.400000000 INFO /updateDistance [/home/wcqw/ac-slam/catkin_ws/src/cpp_solver/src/updateDistance.cpp:128(occupancyGridCallback)] [topics: /rosout, /edge_distance] 83 edge distance updated
236.500000000 INFO /Navigator [/home/wcqw/ac-slam/catkin_ws/src/cpp_solver/src/MyPlanner.cpp:481(findExplorationTarget)] [topics: /rosout, /cmd, /Navigator/plan, /Navigator/markers, /Navigator/frontiers, /Navigator/frontier_to_vertex, /Navigator/nav_goal, /Navigator/prior_map, /Navigator/visual_tsp_path, /Navigator/tsp_index, /Navigator/path_finder, /Navigator/dist_map, /finished_topic, /request_replan, /Explore/result, /Explore/feedback, /Explore/status, /MoveTo/result, /MoveTo/feedback, /MoveTo/status, /Localize/result, /Localize/feedback, /Localize/status, /GetFirstMap/result, /GetFirstMap/feedback, /GetFirstMap/status] Call local replanning...
236.500000000 INFO /path_planner [path_planner.py:295(PathPlanner.handle_replanning)] [topics: /pose_graph_idx, /rosout, /edge_distance, /clock, /slam_pose_graph] Replanning request. curr_vertex_idx: 7
236.500000000 INFO /path_planner [path_planner.py:296(PathPlanner.handle_replanning)] [topics: /pose_graph_idx, /rosout, /edge_distance, /clock, /slam_pose_graph]                     covered_vertices: ()
236.500000000 INFO /path_planner [path_planner.py:310(PathPlanner.handle_replanning)] [topics: /pose_graph_idx, /rosout, /edge_distance, /clock, /slam_pose_graph] Handle local replanning...
236.500000000 INFO /path_planner [path_planner.py:322(PathPlanner.handle_replanning)] [topics: /pose_graph_idx, /rosout, /edge_distance, /clock, /slam_pose_graph] curr path length: 43, is_loop length: 43
236.500000000 INFO /path_planner [path_planner.py:334(PathPlanner.handle_replanning)] [topics: /pose_graph_idx, /rosout, /edge_distance, /clock, /slam_pose_graph] Send new plan: 8 7 6 5 4 3 9 15  ---> 16 10 11 35 37 20 19 15(L) 19 23 29 30 24 25 31 32 26 27 33 34 28 22 21 38 37(L) 38 36 12 13 14 8(L) 14 18 17 21(L) 
236.500000000 WARN /Navigator [/home/wcqw/ac-slam/catkin_ws/src/cpp_solver/src/MyPlanner.cpp:570(findExplorationTarget)] [topics: /rosout, /cmd, /Navigator/plan, /Navigator/markers, /Navigator/frontiers, /Navigator/frontier_to_vertex, /Navigator/nav_goal, /Navigator/prior_map, /Navigator/visual_tsp_path, /Navigator/tsp_index, /Navigator/path_finder, /Navigator/dist_map, /finished_topic, /request_replan, /Explore/result, /Explore/feedback, /Explore/status, /MoveTo/result, /MoveTo/feedback, /MoveTo/status, /Localize/result, /Localize/feedback, /Localize/status, /GetFirstMap/result, /GetFirstMap/feedback, /GetFirstMap/status] No frontier at vertex 15. #Frontier: 0
236.500000000 INFO /Navigator [/home/wcqw/ac-slam/catkin_ws/src/cpp_solver/src/MyPlanner.cpp:310(getUsefulGoalIndex)] [topics: /rosout, /cmd, /Navigator/plan, /Navigator/markers, /Navigator/frontiers, /Navigator/frontier_to_vertex, /Navigator/nav_goal, /Navigator/prior_map, /Navigator/visual_tsp_path, /Navigator/tsp_index, /Navigator/path_finder, /Navigator/dist_map, /finished_topic, /request_replan, /Explore/result, /Explore/feedback, /Explore/status, /MoveTo/result, /MoveTo/feedback, /MoveTo/status, /Localize/result, /Localize/feedback, /Localize/status, /GetFirstMap/result, /GetFirstMap/feedback, /GetFirstMap/status] Set newGoal 16
241.500000000 INFO /updateDistance [/home/wcqw/ac-slam/catkin_ws/src/cpp_solver/src/updateDistance.cpp:29(occupancyGridCallback)] [topics: /rosout, /edge_distance] Received an OccupancyGrid message!
241.500000000 INFO /updateDistance [/home/wcqw/ac-slam/catkin_ws/src/cpp_solver/src/updateDistance.cpp:30(occupancyGridCallback)] [topics: /rosout, /edge_distance] Width: 509, Height: 710, Size: 361390
241.500000000 INFO /updateDistance [/home/wcqw/ac-slam/catkin_ws/src/cpp_solver/src/updateDistance.cpp:32(occupancyGridCallback)] [topics: /rosout, /edge_distance] Map origin x: -7.125, y: -7.323
241.500000000 INFO /path_planner [path_planner.py:638(PathPlanner.handle_pose_graph)] [topics: /pose_graph_idx, /rosout, /edge_distance, /clock, /slam_pose_graph] Really visited vertices: 8 7 6 5 4 3 9 15 
241.500000000 INFO /updateDistance [/home/wcqw/ac-slam/catkin_ws/src/cpp_solver/src/updateDistance.cpp:87(occupancyGridCallback)] [topics: /rosout, /edge_distance] Free vertices size: 14
241.500000000 INFO /RVIZ [/tmp/binarydeb/ros-noetic-rviz-1.14.26/src/rviz/default_plugin/map_display.cpp:604(MapDisplay::createSwatches)] [topics: /rosout, /initialpose, /goal, /clicked_point] Creating 1 swatches
241.600000000 INFO /updateDistance [/home/wcqw/ac-slam/catkin_ws/src/cpp_solver/src/updateDistance.cpp:128(occupancyGridCallback)] [topics: /rosout, /edge_distance] 95 edge distance updated
242.300000000 INFO /updateDistance [/home/wcqw/ac-slam/catkin_ws/src/cpp_solver/src/updateDistance.cpp:29(occupancyGridCallback)] [topics: /rosout, /edge_distance] Received an OccupancyGrid message!
242.300000000 INFO /updateDistance [/home/wcqw/ac-slam/catkin_ws/src/cpp_solver/src/updateDistance.cpp:30(occupancyGridCallback)] [topics: /rosout, /edge_distance] Width: 509, Height: 710, Size: 361390
242.300000000 INFO /updateDistance [/home/wcqw/ac-slam/catkin_ws/src/cpp_solver/src/updateDistance.cpp:32(occupancyGridCallback)] [topics: /rosout, /edge_distance] Map origin x: -7.125, y: -7.323
242.300000000 INFO /updateDistance [/home/wcqw/ac-slam/catkin_ws/src/cpp_solver/src/updateDistance.cpp:87(occupancyGridCallback)] [topics: /rosout, /edge_distance] Free vertices size: 14
242.300000000 INFO /updateDistance [/home/wcqw/ac-slam/catkin_ws/src/cpp_solver/src/updateDistance.cpp:128(occupancyGridCallback)] [topics: /rosout, /edge_distance] 95 edge distance updated
242.500000000 INFO /Navigator [/home/wcqw/ac-slam/catkin_ws/src/cpp_solver/src/MyPlanner.cpp:481(findExplorationTarget)] [topics: /rosout, /cmd, /Navigator/plan, /Navigator/markers, /Navigator/frontiers, /Navigator/frontier_to_vertex, /Navigator/nav_goal, /Navigator/prior_map, /Navigator/visual_tsp_path, /Navigator/tsp_index, /Navigator/path_finder, /Navigator/dist_map, /finished_topic, /request_replan, /Explore/result, /Explore/feedback, /Explore/status, /MoveTo/result, /MoveTo/feedback, /MoveTo/status, /Localize/result, /Localize/feedback, /Localize/status, /GetFirstMap/result, /GetFirstMap/feedback, /GetFirstMap/status] Call local replanning...
242.500000000 INFO /path_planner [path_planner.py:295(PathPlanner.handle_replanning)] [topics: /pose_graph_idx, /rosout, /edge_distance, /clock, /slam_pose_graph] Replanning request. curr_vertex_idx: 8
242.500000000 INFO /path_planner [path_planner.py:296(PathPlanner.handle_replanning)] [topics: /pose_graph_idx, /rosout, /edge_distance, /clock, /slam_pose_graph]                     covered_vertices: ()
242.500000000 INFO /path_planner [path_planner.py:310(PathPlanner.handle_replanning)] [topics: /pose_graph_idx, /rosout, /edge_distance, /clock, /slam_pose_graph] Handle local replanning...
242.500000000 INFO /path_planner [path_planner.py:363(PathPlanner.handle_local_replanning)] [topics: /pose_graph_idx, /rosout, /edge_distance, /clock, /slam_pose_graph] Local path to replan: [16, 10, 11, 35, 37, 20, 19, 15]
242.500000000 INFO /path_planner [path_planner.py:322(PathPlanner.handle_replanning)] [topics: /pose_graph_idx, /rosout, /edge_distance, /clock, /slam_pose_graph] curr path length: 43, is_loop length: 43
242.500000000 INFO /path_planner [path_planner.py:334(PathPlanner.handle_replanning)] [topics: /pose_graph_idx, /rosout, /edge_distance, /clock, /slam_pose_graph] Send new plan: 8 7 6 5 4 3 9 15 16  ---> 10 11 35 37 20 19 15(L) 19 23 29 30 24 25 31 32 26 27 33 34 28 22 21 38 37(L) 38 36 12 13 14 8(L) 14 18 17 21(L) 
247.800000000 INFO /updateDistance [/home/wcqw/ac-slam/catkin_ws/src/cpp_solver/src/updateDistance.cpp:29(occupancyGridCallback)] [topics: /rosout, /edge_distance] Received an OccupancyGrid message!
247.800000000 INFO /updateDistance [/home/wcqw/ac-slam/catkin_ws/src/cpp_solver/src/updateDistance.cpp:30(occupancyGridCallback)] [topics: /rosout, /edge_distance] Width: 536, Height: 710, Size: 380560
247.800000000 INFO /updateDistance [/home/wcqw/ac-slam/catkin_ws/src/cpp_solver/src/updateDistance.cpp:32(occupancyGridCallback)] [topics: /rosout, /edge_distance] Map origin x: -7.125, y: -7.323
247.800000000 INFO /path_planner [path_planner.py:638(PathPlanner.handle_pose_graph)] [topics: /pose_graph_idx, /rosout, /edge_distance, /clock, /slam_pose_graph] Really visited vertices: 8 7 6 5 4 3 9 15 
247.800000000 INFO /updateDistance [/home/wcqw/ac-slam/catkin_ws/src/cpp_solver/src/updateDistance.cpp:87(occupancyGridCallback)] [topics: /rosout, /edge_distance] Free vertices size: 13
247.800000000 INFO /updateDistance [/home/wcqw/ac-slam/catkin_ws/src/cpp_solver/src/updateDistance.cpp:128(occupancyGridCallback)] [topics: /rosout, /edge_distance] 95 edge distance updated
247.800000000 INFO /RVIZ [/tmp/binarydeb/ros-noetic-rviz-1.14.26/src/rviz/default_plugin/map_display.cpp:604(MapDisplay::createSwatches)] [topics: /rosout, /initialpose, /goal, /clicked_point] Creating 1 swatches
248.300000000 INFO /updateDistance [/home/wcqw/ac-slam/catkin_ws/src/cpp_solver/src/updateDistance.cpp:29(occupancyGridCallback)] [topics: /rosout, /edge_distance] Received an OccupancyGrid message!
248.300000000 INFO /updateDistance [/home/wcqw/ac-slam/catkin_ws/src/cpp_solver/src/updateDistance.cpp:30(occupancyGridCallback)] [topics: /rosout, /edge_distance] Width: 536, Height: 710, Size: 380560
248.300000000 INFO /updateDistance [/home/wcqw/ac-slam/catkin_ws/src/cpp_solver/src/updateDistance.cpp:32(occupancyGridCallback)] [topics: /rosout, /edge_distance] Map origin x: -7.125, y: -7.323
248.300000000 INFO /updateDistance [/home/wcqw/ac-slam/catkin_ws/src/cpp_solver/src/updateDistance.cpp:87(occupancyGridCallback)] [topics: /rosout, /edge_distance] Free vertices size: 13
248.300000000 INFO /updateDistance [/home/wcqw/ac-slam/catkin_ws/src/cpp_solver/src/updateDistance.cpp:128(occupancyGridCallback)] [topics: /rosout, /edge_distance] 95 edge distance updated
248.600000000 INFO /Navigator [/home/wcqw/ac-slam/catkin_ws/src/cpp_solver/src/MyPlanner.cpp:481(findExplorationTarget)] [topics: /rosout, /cmd, /Navigator/plan, /Navigator/markers, /Navigator/frontiers, /Navigator/frontier_to_vertex, /Navigator/nav_goal, /Navigator/prior_map, /Navigator/visual_tsp_path, /Navigator/tsp_index, /Navigator/path_finder, /Navigator/dist_map, /finished_topic, /request_replan, /Explore/result, /Explore/feedback, /Explore/status, /MoveTo/result, /MoveTo/feedback, /MoveTo/status, /Localize/result, /Localize/feedback, /Localize/status, /GetFirstMap/result, /GetFirstMap/feedback, /GetFirstMap/status] Call local replanning...
248.600000000 INFO /path_planner [path_planner.py:295(PathPlanner.handle_replanning)] [topics: /pose_graph_idx, /rosout, /edge_distance, /clock, /slam_pose_graph] Replanning request. curr_vertex_idx: 8
248.600000000 INFO /path_planner [path_planner.py:296(PathPlanner.handle_replanning)] [topics: /pose_graph_idx, /rosout, /edge_distance, /clock, /slam_pose_graph]                     covered_vertices: ()
248.600000000 INFO /path_planner [path_planner.py:310(PathPlanner.handle_replanning)] [topics: /pose_graph_idx, /rosout, /edge_distance, /clock, /slam_pose_graph] Handle local replanning...
248.600000000 INFO /path_planner [path_planner.py:363(PathPlanner.handle_local_replanning)] [topics: /pose_graph_idx, /rosout, /edge_distance, /clock, /slam_pose_graph] Local path to replan: [16, 10, 11, 35, 37, 20, 19, 15]
248.600000000 INFO /path_planner [path_planner.py:322(PathPlanner.handle_replanning)] [topics: /pose_graph_idx, /rosout, /edge_distance, /clock, /slam_pose_graph] curr path length: 43, is_loop length: 43
248.600000000 INFO /path_planner [path_planner.py:334(PathPlanner.handle_replanning)] [topics: /pose_graph_idx, /rosout, /edge_distance, /clock, /slam_pose_graph] Send new plan: 8 7 6 5 4 3 9 15 16  ---> 10 11 35 37 20 19 15(L) 19 23 29 30 24 25 31 32 26 27 33 34 28 22 21 38 37(L) 38 36 12 13 14 8(L) 14 18 17 21(L) 
254.300000000 INFO /updateDistance [/home/wcqw/ac-slam/catkin_ws/src/cpp_solver/src/updateDistance.cpp:29(occupancyGridCallback)] [topics: /rosout, /edge_distance] Received an OccupancyGrid message!
254.300000000 INFO /updateDistance [/home/wcqw/ac-slam/catkin_ws/src/cpp_solver/src/updateDistance.cpp:30(occupancyGridCallback)] [topics: /rosout, /edge_distance] Width: 541, Height: 710, Size: 384110
254.300000000 INFO /updateDistance [/home/wcqw/ac-slam/catkin_ws/src/cpp_solver/src/updateDistance.cpp:32(occupancyGridCallback)] [topics: /rosout, /edge_distance] Map origin x: -7.125, y: -7.323
254.300000000 INFO /updateDistance [/home/wcqw/ac-slam/catkin_ws/src/cpp_solver/src/updateDistance.cpp:87(occupancyGridCallback)] [topics: /rosout, /edge_distance] Free vertices size: 13
254.300000000 INFO /updateDistance [/home/wcqw/ac-slam/catkin_ws/src/cpp_solver/src/updateDistance.cpp:128(occupancyGridCallback)] [topics: /rosout, /edge_distance] 95 edge distance updated
254.300000000 INFO /RVIZ [/tmp/binarydeb/ros-noetic-rviz-1.14.26/src/rviz/default_plugin/map_display.cpp:604(MapDisplay::createSwatches)] [topics: /rosout, /initialpose, /goal, /clicked_point] Creating 1 swatches
254.500000000 INFO /Navigator [/home/wcqw/ac-slam/catkin_ws/src/cpp_solver/src/MyPlanner.cpp:481(findExplorationTarget)] [topics: /rosout, /cmd, /Navigator/plan, /Navigator/markers, /Navigator/frontiers, /Navigator/frontier_to_vertex, /Navigator/nav_goal, /Navigator/prior_map, /Navigator/visual_tsp_path, /Navigator/tsp_index, /Navigator/path_finder, /Navigator/dist_map, /finished_topic, /request_replan, /Explore/result, /Explore/feedback, /Explore/status, /MoveTo/result, /MoveTo/feedback, /MoveTo/status, /Localize/result, /Localize/feedback, /Localize/status, /GetFirstMap/result, /GetFirstMap/feedback, /GetFirstMap/status] Call local replanning...
254.500000000 INFO /path_planner [path_planner.py:295(PathPlanner.handle_replanning)] [topics: /pose_graph_idx, /rosout, /edge_distance, /clock, /slam_pose_graph] Replanning request. curr_vertex_idx: 8
254.500000000 INFO /path_planner [path_planner.py:296(PathPlanner.handle_replanning)] [topics: /pose_graph_idx, /rosout, /edge_distance, /clock, /slam_pose_graph]                     covered_vertices: ()
254.500000000 INFO /path_planner [path_planner.py:310(PathPlanner.handle_replanning)] [topics: /pose_graph_idx, /rosout, /edge_distance, /clock, /slam_pose_graph] Handle local replanning...
254.500000000 INFO /path_planner [path_planner.py:363(PathPlanner.handle_local_replanning)] [topics: /pose_graph_idx, /rosout, /edge_distance, /clock, /slam_pose_graph] Local path to replan: [16, 10, 11, 35, 37, 20, 19, 15]
254.500000000 INFO /path_planner [path_planner.py:322(PathPlanner.handle_replanning)] [topics: /pose_graph_idx, /rosout, /edge_distance, /clock, /slam_pose_graph] curr path length: 43, is_loop length: 43
254.600000000 INFO /path_planner [path_planner.py:334(PathPlanner.handle_replanning)] [topics: /pose_graph_idx, /rosout, /edge_distance, /clock, /slam_pose_graph] Send new plan: 8 7 6 5 4 3 9 15 16  ---> 10 11 35 37 20 19 15(L) 19 23 29 30 24 25 31 32 26 27 33 34 28 22 21 38 37(L) 38 36 12 13 14 8(L) 14 18 17 21(L) 
260.300000000 INFO /updateDistance [/home/wcqw/ac-slam/catkin_ws/src/cpp_solver/src/updateDistance.cpp:29(occupancyGridCallback)] [topics: /rosout, /edge_distance] Received an OccupancyGrid message!
260.300000000 INFO /updateDistance [/home/wcqw/ac-slam/catkin_ws/src/cpp_solver/src/updateDistance.cpp:30(occupancyGridCallback)] [topics: /rosout, /edge_distance] Width: 541, Height: 710, Size: 384110
260.300000000 INFO /updateDistance [/home/wcqw/ac-slam/catkin_ws/src/cpp_solver/src/updateDistance.cpp:32(occupancyGridCallback)] [topics: /rosout, /edge_distance] Map origin x: -7.125, y: -7.323
260.300000000 INFO /updateDistance [/home/wcqw/ac-slam/catkin_ws/src/cpp_solver/src/updateDistance.cpp:87(occupancyGridCallback)] [topics: /rosout, /edge_distance] Free vertices size: 13
260.300000000 INFO /updateDistance [/home/wcqw/ac-slam/catkin_ws/src/cpp_solver/src/updateDistance.cpp:128(occupancyGridCallback)] [topics: /rosout, /edge_distance] 95 edge distance updated
260.500000000 INFO /Navigator [/home/wcqw/ac-slam/catkin_ws/src/cpp_solver/src/MyPlanner.cpp:481(findExplorationTarget)] [topics: /rosout, /cmd, /Navigator/plan, /Navigator/markers, /Navigator/frontiers, /Navigator/frontier_to_vertex, /Navigator/nav_goal, /Navigator/prior_map, /Navigator/visual_tsp_path, /Navigator/tsp_index, /Navigator/path_finder, /Navigator/dist_map, /finished_topic, /request_replan, /Explore/result, /Explore/feedback, /Explore/status, /MoveTo/result, /MoveTo/feedback, /MoveTo/status, /Localize/result, /Localize/feedback, /Localize/status, /GetFirstMap/result, /GetFirstMap/feedback, /GetFirstMap/status] Call local replanning...
260.500000000 INFO /path_planner [path_planner.py:295(PathPlanner.handle_replanning)] [topics: /pose_graph_idx, /rosout, /edge_distance, /clock, /slam_pose_graph] Replanning request. curr_vertex_idx: 8
260.500000000 INFO /path_planner [path_planner.py:296(PathPlanner.handle_replanning)] [topics: /pose_graph_idx, /rosout, /edge_distance, /clock, /slam_pose_graph]                     covered_vertices: ()
260.500000000 INFO /path_planner [path_planner.py:310(PathPlanner.handle_replanning)] [topics: /pose_graph_idx, /rosout, /edge_distance, /clock, /slam_pose_graph] Handle local replanning...
260.500000000 INFO /path_planner [path_planner.py:363(PathPlanner.handle_local_replanning)] [topics: /pose_graph_idx, /rosout, /edge_distance, /clock, /slam_pose_graph] Local path to replan: [16, 10, 11, 35, 37, 20, 19, 15]
260.500000000 INFO /path_planner [path_planner.py:322(PathPlanner.handle_replanning)] [topics: /pose_graph_idx, /rosout, /edge_distance, /clock, /slam_pose_graph] curr path length: 43, is_loop length: 43
260.500000000 INFO /path_planner [path_planner.py:334(PathPlanner.handle_replanning)] [topics: /pose_graph_idx, /rosout, /edge_distance, /clock, /slam_pose_graph] Send new plan: 8 7 6 5 4 3 9 15 16  ---> 10 11 35 37 20 19 15(L) 19 23 29 30 24 25 31 32 26 27 33 34 28 22 21 38 37(L) 38 36 12 13 14 8(L) 14 18 17 21(L) 
266.300000000 INFO /updateDistance [/home/wcqw/ac-slam/catkin_ws/src/cpp_solver/src/updateDistance.cpp:29(occupancyGridCallback)] [topics: /rosout, /edge_distance] Received an OccupancyGrid message!
266.300000000 INFO /updateDistance [/home/wcqw/ac-slam/catkin_ws/src/cpp_solver/src/updateDistance.cpp:30(occupancyGridCallback)] [topics: /rosout, /edge_distance] Width: 541, Height: 710, Size: 384110
266.300000000 INFO /updateDistance [/home/wcqw/ac-slam/catkin_ws/src/cpp_solver/src/updateDistance.cpp:32(occupancyGridCallback)] [topics: /rosout, /edge_distance] Map origin x: -7.125, y: -7.323
266.300000000 INFO /updateDistance [/home/wcqw/ac-slam/catkin_ws/src/cpp_solver/src/updateDistance.cpp:87(occupancyGridCallback)] [topics: /rosout, /edge_distance] Free vertices size: 13
266.300000000 INFO /updateDistance [/home/wcqw/ac-slam/catkin_ws/src/cpp_solver/src/updateDistance.cpp:128(occupancyGridCallback)] [topics: /rosout, /edge_distance] 95 edge distance updated
266.600000000 INFO /Navigator [/home/wcqw/ac-slam/catkin_ws/src/cpp_solver/src/MyPlanner.cpp:481(findExplorationTarget)] [topics: /rosout, /cmd, /Navigator/plan, /Navigator/markers, /Navigator/frontiers, /Navigator/frontier_to_vertex, /Navigator/nav_goal, /Navigator/prior_map, /Navigator/visual_tsp_path, /Navigator/tsp_index, /Navigator/path_finder, /Navigator/dist_map, /finished_topic, /request_replan, /Explore/result, /Explore/feedback, /Explore/status, /MoveTo/result, /MoveTo/feedback, /MoveTo/status, /Localize/result, /Localize/feedback, /Localize/status, /GetFirstMap/result, /GetFirstMap/feedback, /GetFirstMap/status] Call local replanning...
266.600000000 INFO /path_planner [path_planner.py:295(PathPlanner.handle_replanning)] [topics: /pose_graph_idx, /rosout, /edge_distance, /clock, /slam_pose_graph] Replanning request. curr_vertex_idx: 8
266.600000000 INFO /path_planner [path_planner.py:296(PathPlanner.handle_replanning)] [topics: /pose_graph_idx, /rosout, /edge_distance, /clock, /slam_pose_graph]                     covered_vertices: ()
266.600000000 INFO /path_planner [path_planner.py:310(PathPlanner.handle_replanning)] [topics: /pose_graph_idx, /rosout, /edge_distance, /clock, /slam_pose_graph] Handle local replanning...
266.600000000 INFO /path_planner [path_planner.py:363(PathPlanner.handle_local_replanning)] [topics: /pose_graph_idx, /rosout, /edge_distance, /clock, /slam_pose_graph] Local path to replan: [16, 10, 11, 35, 37, 20, 19, 15]
266.600000000 INFO /path_planner [path_planner.py:322(PathPlanner.handle_replanning)] [topics: /pose_graph_idx, /rosout, /edge_distance, /clock, /slam_pose_graph] curr path length: 43, is_loop length: 43
266.600000000 INFO /path_planner [path_planner.py:334(PathPlanner.handle_replanning)] [topics: /pose_graph_idx, /rosout, /edge_distance, /clock, /slam_pose_graph] Send new plan: 8 7 6 5 4 3 9 15 16  ---> 10 11 35 37 20 19 15(L) 19 23 29 30 24 25 31 32 26 27 33 34 28 22 21 38 37(L) 38 36 12 13 14 8(L) 14 18 17 21(L) 
266.600000000 INFO /Navigator [/home/wcqw/ac-slam/catkin_ws/src/cpp_solver/src/MyPlanner.cpp:509(findExplorationTarget)] [topics: /rosout, /cmd, /Navigator/plan, /Navigator/markers, /Navigator/frontiers, /Navigator/frontier_to_vertex, /Navigator/nav_goal, /Navigator/prior_map, /Navigator/visual_tsp_path, /Navigator/tsp_index, /Navigator/path_finder, /Navigator/dist_map, /finished_topic, /request_replan, /Explore/result, /Explore/feedback, /Explore/status, /MoveTo/result, /MoveTo/feedback, /MoveTo/status, /Localize/result, /Localize/feedback, /Localize/status, /GetFirstMap/result, /GetFirstMap/feedback, /GetFirstMap/status] Reach vertex 16
266.700000000 INFO /Navigator [/home/wcqw/ac-slam/catkin_ws/src/cpp_solver/src/MyPlanner.cpp:613(findExplorationTarget)] [topics: /rosout, /cmd, /Navigator/plan, /Navigator/markers, /Navigator/frontiers, /Navigator/frontier_to_vertex, /Navigator/nav_goal, /Navigator/prior_map, /Navigator/visual_tsp_path, /Navigator/tsp_index, /Navigator/path_finder, /Navigator/dist_map, /finished_topic, /request_replan, /Explore/result, /Explore/feedback, /Explore/status, /MoveTo/result, /MoveTo/feedback, /MoveTo/status, /Localize/result, /Localize/feedback, /Localize/status, /GetFirstMap/result, /GetFirstMap/feedback, /GetFirstMap/status] Explore Goal 16 's frontiers...
272.300000000 INFO /updateDistance [/home/wcqw/ac-slam/catkin_ws/src/cpp_solver/src/updateDistance.cpp:29(occupancyGridCallback)] [topics: /rosout, /edge_distance] Received an OccupancyGrid message!
272.300000000 INFO /updateDistance [/home/wcqw/ac-slam/catkin_ws/src/cpp_solver/src/updateDistance.cpp:30(occupancyGridCallback)] [topics: /rosout, /edge_distance] Width: 553, Height: 710, Size: 392630
272.300000000 INFO /updateDistance [/home/wcqw/ac-slam/catkin_ws/src/cpp_solver/src/updateDistance.cpp:32(occupancyGridCallback)] [topics: /rosout, /edge_distance] Map origin x: -7.125, y: -7.323
272.300000000 INFO /updateDistance [/home/wcqw/ac-slam/catkin_ws/src/cpp_solver/src/updateDistance.cpp:87(occupancyGridCallback)] [topics: /rosout, /edge_distance] Free vertices size: 15
272.300000000 INFO /RVIZ [/tmp/binarydeb/ros-noetic-rviz-1.14.26/src/rviz/default_plugin/map_display.cpp:604(MapDisplay::createSwatches)] [topics: /rosout, /initialpose, /goal, /clicked_point] Creating 1 swatches
272.500000000 INFO /updateDistance [/home/wcqw/ac-slam/catkin_ws/src/cpp_solver/src/updateDistance.cpp:128(occupancyGridCallback)] [topics: /rosout, /edge_distance] 118 edge distance updated
272.500000000 INFO /Navigator [/home/wcqw/ac-slam/catkin_ws/src/cpp_solver/src/MyPlanner.cpp:481(findExplorationTarget)] [topics: /rosout, /cmd, /Navigator/plan, /Navigator/markers, /Navigator/frontiers, /Navigator/frontier_to_vertex, /Navigator/nav_goal, /Navigator/prior_map, /Navigator/visual_tsp_path, /Navigator/tsp_index, /Navigator/path_finder, /Navigator/dist_map, /finished_topic, /request_replan, /Explore/result, /Explore/feedback, /Explore/status, /MoveTo/result, /MoveTo/feedback, /MoveTo/status, /Localize/result, /Localize/feedback, /Localize/status, /GetFirstMap/result, /GetFirstMap/feedback, /GetFirstMap/status] Call local replanning...
272.500000000 INFO /path_planner [path_planner.py:295(PathPlanner.handle_replanning)] [topics: /pose_graph_idx, /rosout, /edge_distance, /clock, /slam_pose_graph] Replanning request. curr_vertex_idx: 8
272.500000000 INFO /path_planner [path_planner.py:296(PathPlanner.handle_replanning)] [topics: /pose_graph_idx, /rosout, /edge_distance, /clock, /slam_pose_graph]                     covered_vertices: ()
272.500000000 INFO /path_planner [path_planner.py:310(PathPlanner.handle_replanning)] [topics: /pose_graph_idx, /rosout, /edge_distance, /clock, /slam_pose_graph] Handle local replanning...
272.500000000 INFO /path_planner [path_planner.py:363(PathPlanner.handle_local_replanning)] [topics: /pose_graph_idx, /rosout, /edge_distance, /clock, /slam_pose_graph] Local path to replan: [16, 10, 11, 35, 37, 20, 19, 15]
272.600000000 INFO /path_planner [path_planner.py:322(PathPlanner.handle_replanning)] [topics: /pose_graph_idx, /rosout, /edge_distance, /clock, /slam_pose_graph] curr path length: 43, is_loop length: 43
272.600000000 INFO /path_planner [path_planner.py:334(PathPlanner.handle_replanning)] [topics: /pose_graph_idx, /rosout, /edge_distance, /clock, /slam_pose_graph] Send new plan: 8 7 6 5 4 3 9 15 16  ---> 10 11 35 37 20 19 15(L) 19 23 29 30 24 25 31 32 26 27 33 34 28 22 21 38 37(L) 38 36 12 13 14 8(L) 14 18 17 21(L) 
272.600000000 WARN /Navigator [/home/wcqw/ac-slam/catkin_ws/src/cpp_solver/src/MyPlanner.cpp:570(findExplorationTarget)] [topics: /rosout, /cmd, /Navigator/plan, /Navigator/markers, /Navigator/frontiers, /Navigator/frontier_to_vertex, /Navigator/nav_goal, /Navigator/prior_map, /Navigator/visual_tsp_path, /Navigator/tsp_index, /Navigator/path_finder, /Navigator/dist_map, /finished_topic, /request_replan, /Explore/result, /Explore/feedback, /Explore/status, /MoveTo/result, /MoveTo/feedback, /MoveTo/status, /Localize/result, /Localize/feedback, /Localize/status, /GetFirstMap/result, /GetFirstMap/feedback, /GetFirstMap/status] No frontier at vertex 16. #Frontier: 0
272.600000000 INFO /Navigator [/home/wcqw/ac-slam/catkin_ws/src/cpp_solver/src/MyPlanner.cpp:304(getUsefulGoalIndex)] [topics: /rosout, /cmd, /Navigator/plan, /Navigator/markers, /Navigator/frontiers, /Navigator/frontier_to_vertex, /Navigator/nav_goal, /Navigator/prior_map, /Navigator/visual_tsp_path, /Navigator/tsp_index, /Navigator/path_finder, /Navigator/dist_map, /finished_topic, /request_replan, /Explore/result, /Explore/feedback, /Explore/status, /MoveTo/result, /MoveTo/feedback, /MoveTo/status, /Localize/result, /Localize/feedback, /Localize/status, /GetFirstMap/result, /GetFirstMap/feedback, /GetFirstMap/status] Skip repeated visit to vertex 10
272.600000000 INFO /Navigator [/home/wcqw/ac-slam/catkin_ws/src/cpp_solver/src/MyPlanner.cpp:310(getUsefulGoalIndex)] [topics: /rosout, /cmd, /Navigator/plan, /Navigator/markers, /Navigator/frontiers, /Navigator/frontier_to_vertex, /Navigator/nav_goal, /Navigator/prior_map, /Navigator/visual_tsp_path, /Navigator/tsp_index, /Navigator/path_finder, /Navigator/dist_map, /finished_topic, /request_replan, /Explore/result, /Explore/feedback, /Explore/status, /MoveTo/result, /MoveTo/feedback, /MoveTo/status, /Localize/result, /Localize/feedback, /Localize/status, /GetFirstMap/result, /GetFirstMap/feedback, /GetFirstMap/status] Set newGoal 11
278.200000000 INFO /updateDistance [/home/wcqw/ac-slam/catkin_ws/src/cpp_solver/src/updateDistance.cpp:29(occupancyGridCallback)] [topics: /rosout, /edge_distance] Received an OccupancyGrid message!
278.200000000 INFO /updateDistance [/home/wcqw/ac-slam/catkin_ws/src/cpp_solver/src/updateDistance.cpp:30(occupancyGridCallback)] [topics: /rosout, /edge_distance] Width: 555, Height: 710, Size: 394050
278.200000000 INFO /updateDistance [/home/wcqw/ac-slam/catkin_ws/src/cpp_solver/src/updateDistance.cpp:32(occupancyGridCallback)] [topics: /rosout, /edge_distance] Map origin x: -7.125, y: -7.323
278.200000000 INFO /path_planner [path_planner.py:638(PathPlanner.handle_pose_graph)] [topics: /pose_graph_idx, /rosout, /edge_distance, /clock, /slam_pose_graph] Really visited vertices: 8 7 6 5 4 3 9 15 16 
278.200000000 INFO /RVIZ [/tmp/binarydeb/ros-noetic-rviz-1.14.26/src/rviz/default_plugin/map_display.cpp:604(MapDisplay::createSwatches)] [topics: /rosout, /initialpose, /goal, /clicked_point] Creating 1 swatches
278.200000000 INFO /updateDistance [/home/wcqw/ac-slam/catkin_ws/src/cpp_solver/src/updateDistance.cpp:87(occupancyGridCallback)] [topics: /rosout, /edge_distance] Free vertices size: 15
278.200000000 INFO /updateDistance [/home/wcqw/ac-slam/catkin_ws/src/cpp_solver/src/updateDistance.cpp:128(occupancyGridCallback)] [topics: /rosout, /edge_distance] 118 edge distance updated
278.300000000 INFO /updateDistance [/home/wcqw/ac-slam/catkin_ws/src/cpp_solver/src/updateDistance.cpp:29(occupancyGridCallback)] [topics: /rosout, /edge_distance] Received an OccupancyGrid message!
278.300000000 INFO /updateDistance [/home/wcqw/ac-slam/catkin_ws/src/cpp_solver/src/updateDistance.cpp:30(occupancyGridCallback)] [topics: /rosout, /edge_distance] Width: 555, Height: 710, Size: 394050
278.300000000 INFO /updateDistance [/home/wcqw/ac-slam/catkin_ws/src/cpp_solver/src/updateDistance.cpp:32(occupancyGridCallback)] [topics: /rosout, /edge_distance] Map origin x: -7.125, y: -7.323
278.300000000 INFO /updateDistance [/home/wcqw/ac-slam/catkin_ws/src/cpp_solver/src/updateDistance.cpp:87(occupancyGridCallback)] [topics: /rosout, /edge_distance] Free vertices size: 15
278.300000000 INFO /updateDistance [/home/wcqw/ac-slam/catkin_ws/src/cpp_solver/src/updateDistance.cpp:128(occupancyGridCallback)] [topics: /rosout, /edge_distance] 118 edge distance updated
278.500000000 INFO /Navigator [/home/wcqw/ac-slam/catkin_ws/src/cpp_solver/src/MyPlanner.cpp:481(findExplorationTarget)] [topics: /rosout, /cmd, /Navigator/plan, /Navigator/markers, /Navigator/frontiers, /Navigator/frontier_to_vertex, /Navigator/nav_goal, /Navigator/prior_map, /Navigator/visual_tsp_path, /Navigator/tsp_index, /Navigator/path_finder, /Navigator/dist_map, /finished_topic, /request_replan, /Explore/result, /Explore/feedback, /Explore/status, /MoveTo/result, /MoveTo/feedback, /MoveTo/status, /Localize/result, /Localize/feedback, /Localize/status, /GetFirstMap/result, /GetFirstMap/feedback, /GetFirstMap/status] Call local replanning...
278.500000000 INFO /path_planner [path_planner.py:295(PathPlanner.handle_replanning)] [topics: /pose_graph_idx, /rosout, /edge_distance, /clock, /slam_pose_graph] Replanning request. curr_vertex_idx: 10
278.500000000 INFO /path_planner [path_planner.py:296(PathPlanner.handle_replanning)] [topics: /pose_graph_idx, /rosout, /edge_distance, /clock, /slam_pose_graph]                     covered_vertices: ()
278.500000000 INFO /path_planner [path_planner.py:310(PathPlanner.handle_replanning)] [topics: /pose_graph_idx, /rosout, /edge_distance, /clock, /slam_pose_graph] Handle local replanning...
278.500000000 INFO /path_planner [path_planner.py:363(PathPlanner.handle_local_replanning)] [topics: /pose_graph_idx, /rosout, /edge_distance, /clock, /slam_pose_graph] Local path to replan: [11, 35, 37, 20, 19, 15]
278.500000000 INFO /path_planner [path_planner.py:322(PathPlanner.handle_replanning)] [topics: /pose_graph_idx, /rosout, /edge_distance, /clock, /slam_pose_graph] curr path length: 43, is_loop length: 43
278.500000000 INFO /path_planner [path_planner.py:334(PathPlanner.handle_replanning)] [topics: /pose_graph_idx, /rosout, /edge_distance, /clock, /slam_pose_graph] Send new plan: 8 7 6 5 4 3 9 15 16 10 11  ---> 35 37 20 19 15(L) 19 23 29 30 24 25 31 32 26 27 33 34 28 22 21 38 37(L) 38 36 12 13 14 8(L) 14 18 17 21(L) 
283.700000000 INFO /updateDistance [/home/wcqw/ac-slam/catkin_ws/src/cpp_solver/src/updateDistance.cpp:29(occupancyGridCallback)] [topics: /rosout, /edge_distance] Received an OccupancyGrid message!
283.700000000 INFO /updateDistance [/home/wcqw/ac-slam/catkin_ws/src/cpp_solver/src/updateDistance.cpp:30(occupancyGridCallback)] [topics: /rosout, /edge_distance] Width: 555, Height: 710, Size: 394050
283.700000000 INFO /updateDistance [/home/wcqw/ac-slam/catkin_ws/src/cpp_solver/src/updateDistance.cpp:32(occupancyGridCallback)] [topics: /rosout, /edge_distance] Map origin x: -7.125, y: -7.323
283.700000000 INFO /path_planner [path_planner.py:638(PathPlanner.handle_pose_graph)] [topics: /pose_graph_idx, /rosout, /edge_distance, /clock, /slam_pose_graph] Really visited vertices: 8 7 6 5 4 3 9 15 16 
283.700000000 INFO /updateDistance [/home/wcqw/ac-slam/catkin_ws/src/cpp_solver/src/updateDistance.cpp:87(occupancyGridCallback)] [topics: /rosout, /edge_distance] Free vertices size: 15
283.700000000 INFO /updateDistance [/home/wcqw/ac-slam/catkin_ws/src/cpp_solver/src/updateDistance.cpp:128(occupancyGridCallback)] [topics: /rosout, /edge_distance] 118 edge distance updated
284.300000000 INFO /updateDistance [/home/wcqw/ac-slam/catkin_ws/src/cpp_solver/src/updateDistance.cpp:29(occupancyGridCallback)] [topics: /rosout, /edge_distance] Received an OccupancyGrid message!
284.300000000 INFO /updateDistance [/home/wcqw/ac-slam/catkin_ws/src/cpp_solver/src/updateDistance.cpp:30(occupancyGridCallback)] [topics: /rosout, /edge_distance] Width: 555, Height: 710, Size: 394050
284.300000000 INFO /updateDistance [/home/wcqw/ac-slam/catkin_ws/src/cpp_solver/src/updateDistance.cpp:32(occupancyGridCallback)] [topics: /rosout, /edge_distance] Map origin x: -7.125, y: -7.323
284.300000000 INFO /updateDistance [/home/wcqw/ac-slam/catkin_ws/src/cpp_solver/src/updateDistance.cpp:87(occupancyGridCallback)] [topics: /rosout, /edge_distance] Free vertices size: 15
284.300000000 INFO /updateDistance [/home/wcqw/ac-slam/catkin_ws/src/cpp_solver/src/updateDistance.cpp:128(occupancyGridCallback)] [topics: /rosout, /edge_distance] 118 edge distance updated
284.600000000 INFO /Navigator [/home/wcqw/ac-slam/catkin_ws/src/cpp_solver/src/MyPlanner.cpp:481(findExplorationTarget)] [topics: /rosout, /cmd, /Navigator/plan, /Navigator/markers, /Navigator/frontiers, /Navigator/frontier_to_vertex, /Navigator/nav_goal, /Navigator/prior_map, /Navigator/visual_tsp_path, /Navigator/tsp_index, /Navigator/path_finder, /Navigator/dist_map, /finished_topic, /request_replan, /Explore/result, /Explore/feedback, /Explore/status, /MoveTo/result, /MoveTo/feedback, /MoveTo/status, /Localize/result, /Localize/feedback, /Localize/status, /GetFirstMap/result, /GetFirstMap/feedback, /GetFirstMap/status] Call local replanning...
284.600000000 INFO /path_planner [path_planner.py:295(PathPlanner.handle_replanning)] [topics: /pose_graph_idx, /rosout, /edge_distance, /clock, /slam_pose_graph] Replanning request. curr_vertex_idx: 10
284.600000000 INFO /path_planner [path_planner.py:296(PathPlanner.handle_replanning)] [topics: /pose_graph_idx, /rosout, /edge_distance, /clock, /slam_pose_graph]                     covered_vertices: ()
284.600000000 INFO /path_planner [path_planner.py:310(PathPlanner.handle_replanning)] [topics: /pose_graph_idx, /rosout, /edge_distance, /clock, /slam_pose_graph] Handle local replanning...
284.600000000 INFO /path_planner [path_planner.py:363(PathPlanner.handle_local_replanning)] [topics: /pose_graph_idx, /rosout, /edge_distance, /clock, /slam_pose_graph] Local path to replan: [11, 35, 37, 20, 19, 15]
284.600000000 INFO /path_planner [path_planner.py:322(PathPlanner.handle_replanning)] [topics: /pose_graph_idx, /rosout, /edge_distance, /clock, /slam_pose_graph] curr path length: 43, is_loop length: 43
284.600000000 INFO /path_planner [path_planner.py:334(PathPlanner.handle_replanning)] [topics: /pose_graph_idx, /rosout, /edge_distance, /clock, /slam_pose_graph] Send new plan: 8 7 6 5 4 3 9 15 16 10 11  ---> 35 37 20 19 15(L) 19 23 29 30 24 25 31 32 26 27 33 34 28 22 21 38 37(L) 38 36 12 13 14 8(L) 14 18 17 21(L) 
289.900000000 INFO /updateDistance [/home/wcqw/ac-slam/catkin_ws/src/cpp_solver/src/updateDistance.cpp:29(occupancyGridCallback)] [topics: /rosout, /edge_distance] Received an OccupancyGrid message!
289.900000000 INFO /updateDistance [/home/wcqw/ac-slam/catkin_ws/src/cpp_solver/src/updateDistance.cpp:30(occupancyGridCallback)] [topics: /rosout, /edge_distance] Width: 555, Height: 710, Size: 394050
289.900000000 INFO /updateDistance [/home/wcqw/ac-slam/catkin_ws/src/cpp_solver/src/updateDistance.cpp:32(occupancyGridCallback)] [topics: /rosout, /edge_distance] Map origin x: -7.125, y: -7.323
289.900000000 INFO /path_planner [path_planner.py:638(PathPlanner.handle_pose_graph)] [topics: /pose_graph_idx, /rosout, /edge_distance, /clock, /slam_pose_graph] Really visited vertices: 8 7 6 5 4 3 9 15 16 
289.900000000 INFO /updateDistance [/home/wcqw/ac-slam/catkin_ws/src/cpp_solver/src/updateDistance.cpp:87(occupancyGridCallback)] [topics: /rosout, /edge_distance] Free vertices size: 15
289.900000000 INFO /updateDistance [/home/wcqw/ac-slam/catkin_ws/src/cpp_solver/src/updateDistance.cpp:128(occupancyGridCallback)] [topics: /rosout, /edge_distance] 118 edge distance updated
290.300000000 INFO /updateDistance [/home/wcqw/ac-slam/catkin_ws/src/cpp_solver/src/updateDistance.cpp:29(occupancyGridCallback)] [topics: /rosout, /edge_distance] Received an OccupancyGrid message!
290.300000000 INFO /updateDistance [/home/wcqw/ac-slam/catkin_ws/src/cpp_solver/src/updateDistance.cpp:30(occupancyGridCallback)] [topics: /rosout, /edge_distance] Width: 555, Height: 710, Size: 394050
290.300000000 INFO /updateDistance [/home/wcqw/ac-slam/catkin_ws/src/cpp_solver/src/updateDistance.cpp:32(occupancyGridCallback)] [topics: /rosout, /edge_distance] Map origin x: -7.125, y: -7.323
290.300000000 INFO /updateDistance [/home/wcqw/ac-slam/catkin_ws/src/cpp_solver/src/updateDistance.cpp:87(occupancyGridCallback)] [topics: /rosout, /edge_distance] Free vertices size: 15
290.300000000 INFO /updateDistance [/home/wcqw/ac-slam/catkin_ws/src/cpp_solver/src/updateDistance.cpp:128(occupancyGridCallback)] [topics: /rosout, /edge_distance] 118 edge distance updated
290.500000000 INFO /Navigator [/home/wcqw/ac-slam/catkin_ws/src/cpp_solver/src/MyPlanner.cpp:481(findExplorationTarget)] [topics: /rosout, /cmd, /Navigator/plan, /Navigator/markers, /Navigator/frontiers, /Navigator/frontier_to_vertex, /Navigator/nav_goal, /Navigator/prior_map, /Navigator/visual_tsp_path, /Navigator/tsp_index, /Navigator/path_finder, /Navigator/dist_map, /finished_topic, /request_replan, /Explore/result, /Explore/feedback, /Explore/status, /MoveTo/result, /MoveTo/feedback, /MoveTo/status, /Localize/result, /Localize/feedback, /Localize/status, /GetFirstMap/result, /GetFirstMap/feedback, /GetFirstMap/status] Call local replanning...
290.500000000 INFO /path_planner [path_planner.py:295(PathPlanner.handle_replanning)] [topics: /pose_graph_idx, /rosout, /edge_distance, /clock, /slam_pose_graph] Replanning request. curr_vertex_idx: 10
290.500000000 INFO /path_planner [path_planner.py:296(PathPlanner.handle_replanning)] [topics: /pose_graph_idx, /rosout, /edge_distance, /clock, /slam_pose_graph]                     covered_vertices: ()
290.500000000 INFO /path_planner [path_planner.py:310(PathPlanner.handle_replanning)] [topics: /pose_graph_idx, /rosout, /edge_distance, /clock, /slam_pose_graph] Handle local replanning...
290.500000000 INFO /path_planner [path_planner.py:363(PathPlanner.handle_local_replanning)] [topics: /pose_graph_idx, /rosout, /edge_distance, /clock, /slam_pose_graph] Local path to replan: [11, 35, 37, 20, 19, 15]
290.500000000 INFO /path_planner [path_planner.py:322(PathPlanner.handle_replanning)] [topics: /pose_graph_idx, /rosout, /edge_distance, /clock, /slam_pose_graph] curr path length: 43, is_loop length: 43
290.500000000 INFO /path_planner [path_planner.py:334(PathPlanner.handle_replanning)] [topics: /pose_graph_idx, /rosout, /edge_distance, /clock, /slam_pose_graph] Send new plan: 8 7 6 5 4 3 9 15 16 10 11  ---> 35 37 20 19 15(L) 19 23 29 30 24 25 31 32 26 27 33 34 28 22 21 38 37(L) 38 36 12 13 14 8(L) 14 18 17 21(L) 
296.300000000 INFO /updateDistance [/home/wcqw/ac-slam/catkin_ws/src/cpp_solver/src/updateDistance.cpp:29(occupancyGridCallback)] [topics: /rosout, /edge_distance] Received an OccupancyGrid message!
296.300000000 INFO /updateDistance [/home/wcqw/ac-slam/catkin_ws/src/cpp_solver/src/updateDistance.cpp:30(occupancyGridCallback)] [topics: /rosout, /edge_distance] Width: 555, Height: 710, Size: 394050
296.300000000 INFO /updateDistance [/home/wcqw/ac-slam/catkin_ws/src/cpp_solver/src/updateDistance.cpp:32(occupancyGridCallback)] [topics: /rosout, /edge_distance] Map origin x: -7.125, y: -7.323
296.300000000 INFO /updateDistance [/home/wcqw/ac-slam/catkin_ws/src/cpp_solver/src/updateDistance.cpp:87(occupancyGridCallback)] [topics: /rosout, /edge_distance] Free vertices size: 15
296.300000000 INFO /updateDistance [/home/wcqw/ac-slam/catkin_ws/src/cpp_solver/src/updateDistance.cpp:128(occupancyGridCallback)] [topics: /rosout, /edge_distance] 118 edge distance updated
296.600000000 INFO /Navigator [/home/wcqw/ac-slam/catkin_ws/src/cpp_solver/src/MyPlanner.cpp:481(findExplorationTarget)] [topics: /rosout, /cmd, /Navigator/plan, /Navigator/markers, /Navigator/frontiers, /Navigator/frontier_to_vertex, /Navigator/nav_goal, /Navigator/prior_map, /Navigator/visual_tsp_path, /Navigator/tsp_index, /Navigator/path_finder, /Navigator/dist_map, /finished_topic, /request_replan, /Explore/result, /Explore/feedback, /Explore/status, /MoveTo/result, /MoveTo/feedback, /MoveTo/status, /Localize/result, /Localize/feedback, /Localize/status, /GetFirstMap/result, /GetFirstMap/feedback, /GetFirstMap/status] Call local replanning...
296.600000000 INFO /path_planner [path_planner.py:295(PathPlanner.handle_replanning)] [topics: /pose_graph_idx, /rosout, /edge_distance, /clock, /slam_pose_graph] Replanning request. curr_vertex_idx: 10
296.600000000 INFO /path_planner [path_planner.py:296(PathPlanner.handle_replanning)] [topics: /pose_graph_idx, /rosout, /edge_distance, /clock, /slam_pose_graph]                     covered_vertices: ()
296.600000000 INFO /path_planner [path_planner.py:310(PathPlanner.handle_replanning)] [topics: /pose_graph_idx, /rosout, /edge_distance, /clock, /slam_pose_graph] Handle local replanning...
296.600000000 INFO /path_planner [path_planner.py:363(PathPlanner.handle_local_replanning)] [topics: /pose_graph_idx, /rosout, /edge_distance, /clock, /slam_pose_graph] Local path to replan: [11, 35, 37, 20, 19, 15]
296.600000000 INFO /path_planner [path_planner.py:322(PathPlanner.handle_replanning)] [topics: /pose_graph_idx, /rosout, /edge_distance, /clock, /slam_pose_graph] curr path length: 43, is_loop length: 43
296.600000000 INFO /path_planner [path_planner.py:334(PathPlanner.handle_replanning)] [topics: /pose_graph_idx, /rosout, /edge_distance, /clock, /slam_pose_graph] Send new plan: 8 7 6 5 4 3 9 15 16 10 11  ---> 35 37 20 19 15(L) 19 23 29 30 24 25 31 32 26 27 33 34 28 22 21 38 37(L) 38 36 12 13 14 8(L) 14 18 17 21(L) 
301.400000000 INFO /updateDistance [/home/wcqw/ac-slam/catkin_ws/src/cpp_solver/src/updateDistance.cpp:29(occupancyGridCallback)] [topics: /rosout, /edge_distance] Received an OccupancyGrid message!
301.400000000 INFO /updateDistance [/home/wcqw/ac-slam/catkin_ws/src/cpp_solver/src/updateDistance.cpp:30(occupancyGridCallback)] [topics: /rosout, /edge_distance] Width: 558, Height: 710, Size: 396180
301.400000000 INFO /updateDistance [/home/wcqw/ac-slam/catkin_ws/src/cpp_solver/src/updateDistance.cpp:32(occupancyGridCallback)] [topics: /rosout, /edge_distance] Map origin x: -7.415, y: -7.323
301.400000000 INFO /path_planner [path_planner.py:638(PathPlanner.handle_pose_graph)] [topics: /pose_graph_idx, /rosout, /edge_distance, /clock, /slam_pose_graph] Really visited vertices: 8 7 6 5 4 3 9 15 16 35 
301.400000000 INFO /updateDistance [/home/wcqw/ac-slam/catkin_ws/src/cpp_solver/src/updateDistance.cpp:87(occupancyGridCallback)] [topics: /rosout, /edge_distance] Free vertices size: 15
301.400000000 INFO /updateDistance [/home/wcqw/ac-slam/catkin_ws/src/cpp_solver/src/updateDistance.cpp:128(occupancyGridCallback)] [topics: /rosout, /edge_distance] 118 edge distance updated
301.400000000 INFO /RVIZ [/tmp/binarydeb/ros-noetic-rviz-1.14.26/src/rviz/default_plugin/map_display.cpp:604(MapDisplay::createSwatches)] [topics: /rosout, /initialpose, /goal, /clicked_point] Creating 1 swatches
302.300000000 INFO /updateDistance [/home/wcqw/ac-slam/catkin_ws/src/cpp_solver/src/updateDistance.cpp:29(occupancyGridCallback)] [topics: /rosout, /edge_distance] Received an OccupancyGrid message!
302.300000000 INFO /updateDistance [/home/wcqw/ac-slam/catkin_ws/src/cpp_solver/src/updateDistance.cpp:30(occupancyGridCallback)] [topics: /rosout, /edge_distance] Width: 558, Height: 710, Size: 396180
302.300000000 INFO /updateDistance [/home/wcqw/ac-slam/catkin_ws/src/cpp_solver/src/updateDistance.cpp:32(occupancyGridCallback)] [topics: /rosout, /edge_distance] Map origin x: -7.415, y: -7.323
302.300000000 INFO /updateDistance [/home/wcqw/ac-slam/catkin_ws/src/cpp_solver/src/updateDistance.cpp:87(occupancyGridCallback)] [topics: /rosout, /edge_distance] Free vertices size: 15
302.300000000 INFO /updateDistance [/home/wcqw/ac-slam/catkin_ws/src/cpp_solver/src/updateDistance.cpp:128(occupancyGridCallback)] [topics: /rosout, /edge_distance] 118 edge distance updated
302.600000000 INFO /Navigator [/home/wcqw/ac-slam/catkin_ws/src/cpp_solver/src/MyPlanner.cpp:481(findExplorationTarget)] [topics: /rosout, /cmd, /Navigator/plan, /Navigator/markers, /Navigator/frontiers, /Navigator/frontier_to_vertex, /Navigator/nav_goal, /Navigator/prior_map, /Navigator/visual_tsp_path, /Navigator/tsp_index, /Navigator/path_finder, /Navigator/dist_map, /finished_topic, /request_replan, /Explore/result, /Explore/feedback, /Explore/status, /MoveTo/result, /MoveTo/feedback, /MoveTo/status, /Localize/result, /Localize/feedback, /Localize/status, /GetFirstMap/result, /GetFirstMap/feedback, /GetFirstMap/status] Call local replanning...
302.600000000 INFO /path_planner [path_planner.py:295(PathPlanner.handle_replanning)] [topics: /pose_graph_idx, /rosout, /edge_distance, /clock, /slam_pose_graph] Replanning request. curr_vertex_idx: 10
302.600000000 INFO /path_planner [path_planner.py:296(PathPlanner.handle_replanning)] [topics: /pose_graph_idx, /rosout, /edge_distance, /clock, /slam_pose_graph]                     covered_vertices: ()
302.600000000 INFO /path_planner [path_planner.py:310(PathPlanner.handle_replanning)] [topics: /pose_graph_idx, /rosout, /edge_distance, /clock, /slam_pose_graph] Handle local replanning...
302.600000000 INFO /path_planner [path_planner.py:363(PathPlanner.handle_local_replanning)] [topics: /pose_graph_idx, /rosout, /edge_distance, /clock, /slam_pose_graph] Local path to replan: [11, 35, 37, 20, 19, 15]
302.700000000 INFO /path_planner [path_planner.py:322(PathPlanner.handle_replanning)] [topics: /pose_graph_idx, /rosout, /edge_distance, /clock, /slam_pose_graph] curr path length: 43, is_loop length: 43
302.700000000 INFO /path_planner [path_planner.py:334(PathPlanner.handle_replanning)] [topics: /pose_graph_idx, /rosout, /edge_distance, /clock, /slam_pose_graph] Send new plan: 8 7 6 5 4 3 9 15 16 10 11  ---> 35 37 20 19 15(L) 19 23 29 30 24 25 31 32 26 27 33 34 28 22 21 38 37(L) 38 36 12 13 14 8(L) 14 18 17 21(L) 
308.300000000 INFO /updateDistance [/home/wcqw/ac-slam/catkin_ws/src/cpp_solver/src/updateDistance.cpp:29(occupancyGridCallback)] [topics: /rosout, /edge_distance] Received an OccupancyGrid message!
308.300000000 INFO /updateDistance [/home/wcqw/ac-slam/catkin_ws/src/cpp_solver/src/updateDistance.cpp:30(occupancyGridCallback)] [topics: /rosout, /edge_distance] Width: 558, Height: 710, Size: 396180
308.300000000 INFO /updateDistance [/home/wcqw/ac-slam/catkin_ws/src/cpp_solver/src/updateDistance.cpp:32(occupancyGridCallback)] [topics: /rosout, /edge_distance] Map origin x: -7.415, y: -7.323
308.300000000 INFO /updateDistance [/home/wcqw/ac-slam/catkin_ws/src/cpp_solver/src/updateDistance.cpp:87(occupancyGridCallback)] [topics: /rosout, /edge_distance] Free vertices size: 15
308.300000000 INFO /updateDistance [/home/wcqw/ac-slam/catkin_ws/src/cpp_solver/src/updateDistance.cpp:128(occupancyGridCallback)] [topics: /rosout, /edge_distance] 118 edge distance updated
308.600000000 INFO /Navigator [/home/wcqw/ac-slam/catkin_ws/src/cpp_solver/src/MyPlanner.cpp:481(findExplorationTarget)] [topics: /rosout, /cmd, /Navigator/plan, /Navigator/markers, /Navigator/frontiers, /Navigator/frontier_to_vertex, /Navigator/nav_goal, /Navigator/prior_map, /Navigator/visual_tsp_path, /Navigator/tsp_index, /Navigator/path_finder, /Navigator/dist_map, /finished_topic, /request_replan, /Explore/result, /Explore/feedback, /Explore/status, /MoveTo/result, /MoveTo/feedback, /MoveTo/status, /Localize/result, /Localize/feedback, /Localize/status, /GetFirstMap/result, /GetFirstMap/feedback, /GetFirstMap/status] Call local replanning...
308.600000000 INFO /path_planner [path_planner.py:295(PathPlanner.handle_replanning)] [topics: /pose_graph_idx, /rosout, /edge_distance, /clock, /slam_pose_graph] Replanning request. curr_vertex_idx: 10
308.600000000 INFO /path_planner [path_planner.py:296(PathPlanner.handle_replanning)] [topics: /pose_graph_idx, /rosout, /edge_distance, /clock, /slam_pose_graph]                     covered_vertices: ()
308.600000000 INFO /path_planner [path_planner.py:310(PathPlanner.handle_replanning)] [topics: /pose_graph_idx, /rosout, /edge_distance, /clock, /slam_pose_graph] Handle local replanning...
308.600000000 INFO /path_planner [path_planner.py:363(PathPlanner.handle_local_replanning)] [topics: /pose_graph_idx, /rosout, /edge_distance, /clock, /slam_pose_graph] Local path to replan: [11, 35, 37, 20, 19, 15]
308.600000000 INFO /path_planner [path_planner.py:322(PathPlanner.handle_replanning)] [topics: /pose_graph_idx, /rosout, /edge_distance, /clock, /slam_pose_graph] curr path length: 43, is_loop length: 43
308.600000000 INFO /path_planner [path_planner.py:334(PathPlanner.handle_replanning)] [topics: /pose_graph_idx, /rosout, /edge_distance, /clock, /slam_pose_graph] Send new plan: 8 7 6 5 4 3 9 15 16 10 11  ---> 35 37 20 19 15(L) 19 23 29 30 24 25 31 32 26 27 33 34 28 22 21 38 37(L) 38 36 12 13 14 8(L) 14 18 17 21(L) 
308.600000000 INFO /Navigator [/home/wcqw/ac-slam/catkin_ws/src/cpp_solver/src/MyPlanner.cpp:509(findExplorationTarget)] [topics: /rosout, /cmd, /Navigator/plan, /Navigator/markers, /Navigator/frontiers, /Navigator/frontier_to_vertex, /Navigator/nav_goal, /Navigator/prior_map, /Navigator/visual_tsp_path, /Navigator/tsp_index, /Navigator/path_finder, /Navigator/dist_map, /finished_topic, /request_replan, /Explore/result, /Explore/feedback, /Explore/status, /MoveTo/result, /MoveTo/feedback, /MoveTo/status, /Localize/result, /Localize/feedback, /Localize/status, /GetFirstMap/result, /GetFirstMap/feedback, /GetFirstMap/status] Reach vertex 11
308.600000000 INFO /Navigator [/home/wcqw/ac-slam/catkin_ws/src/cpp_solver/src/MyPlanner.cpp:613(findExplorationTarget)] [topics: /rosout, /cmd, /Navigator/plan, /Navigator/markers, /Navigator/frontiers, /Navigator/frontier_to_vertex, /Navigator/nav_goal, /Navigator/prior_map, /Navigator/visual_tsp_path, /Navigator/tsp_index, /Navigator/path_finder, /Navigator/dist_map, /finished_topic, /request_replan, /Explore/result, /Explore/feedback, /Explore/status, /MoveTo/result, /MoveTo/feedback, /MoveTo/status, /Localize/result, /Localize/feedback, /Localize/status, /GetFirstMap/result, /GetFirstMap/feedback, /GetFirstMap/status] Explore Goal 11 's frontiers...
314.300000000 INFO /updateDistance [/home/wcqw/ac-slam/catkin_ws/src/cpp_solver/src/updateDistance.cpp:29(occupancyGridCallback)] [topics: /rosout, /edge_distance] Received an OccupancyGrid message!
314.300000000 INFO /updateDistance [/home/wcqw/ac-slam/catkin_ws/src/cpp_solver/src/updateDistance.cpp:30(occupancyGridCallback)] [topics: /rosout, /edge_distance] Width: 558, Height: 710, Size: 396180
314.300000000 INFO /updateDistance [/home/wcqw/ac-slam/catkin_ws/src/cpp_solver/src/updateDistance.cpp:32(occupancyGridCallback)] [topics: /rosout, /edge_distance] Map origin x: -7.415, y: -7.323
314.300000000 INFO /updateDistance [/home/wcqw/ac-slam/catkin_ws/src/cpp_solver/src/updateDistance.cpp:87(occupancyGridCallback)] [topics: /rosout, /edge_distance] Free vertices size: 16
314.400000000 INFO /updateDistance [/home/wcqw/ac-slam/catkin_ws/src/cpp_solver/src/updateDistance.cpp:128(occupancyGridCallback)] [topics: /rosout, /edge_distance] 132 edge distance updated
314.600000000 INFO /Navigator [/home/wcqw/ac-slam/catkin_ws/src/cpp_solver/src/MyPlanner.cpp:481(findExplorationTarget)] [topics: /rosout, /cmd, /Navigator/plan, /Navigator/markers, /Navigator/frontiers, /Navigator/frontier_to_vertex, /Navigator/nav_goal, /Navigator/prior_map, /Navigator/visual_tsp_path, /Navigator/tsp_index, /Navigator/path_finder, /Navigator/dist_map, /finished_topic, /request_replan, /Explore/result, /Explore/feedback, /Explore/status, /MoveTo/result, /MoveTo/feedback, /MoveTo/status, /Localize/result, /Localize/feedback, /Localize/status, /GetFirstMap/result, /GetFirstMap/feedback, /GetFirstMap/status] Call local replanning...
314.600000000 INFO /path_planner [path_planner.py:295(PathPlanner.handle_replanning)] [topics: /pose_graph_idx, /rosout, /edge_distance, /clock, /slam_pose_graph] Replanning request. curr_vertex_idx: 10
314.600000000 INFO /path_planner [path_planner.py:296(PathPlanner.handle_replanning)] [topics: /pose_graph_idx, /rosout, /edge_distance, /clock, /slam_pose_graph]                     covered_vertices: ()
314.600000000 INFO /path_planner [path_planner.py:310(PathPlanner.handle_replanning)] [topics: /pose_graph_idx, /rosout, /edge_distance, /clock, /slam_pose_graph] Handle local replanning...
314.600000000 INFO /path_planner [path_planner.py:363(PathPlanner.handle_local_replanning)] [topics: /pose_graph_idx, /rosout, /edge_distance, /clock, /slam_pose_graph] Local path to replan: [11, 35, 37, 20, 19, 15]
314.600000000 INFO /path_planner [path_planner.py:322(PathPlanner.handle_replanning)] [topics: /pose_graph_idx, /rosout, /edge_distance, /clock, /slam_pose_graph] curr path length: 43, is_loop length: 43
314.600000000 INFO /path_planner [path_planner.py:334(PathPlanner.handle_replanning)] [topics: /pose_graph_idx, /rosout, /edge_distance, /clock, /slam_pose_graph] Send new plan: 8 7 6 5 4 3 9 15 16 10 11  ---> 35 37 20 19 15(L) 19 23 29 30 24 25 31 32 26 27 33 34 28 22 21 38 37(L) 38 36 12 13 14 8(L) 14 18 17 21(L) 
314.600000000 INFO /Navigator [/home/wcqw/ac-slam/catkin_ws/src/cpp_solver/src/MyPlanner.cpp:613(findExplorationTarget)] [topics: /rosout, /cmd, /Navigator/plan, /Navigator/markers, /Navigator/frontiers, /Navigator/frontier_to_vertex, /Navigator/nav_goal, /Navigator/prior_map, /Navigator/visual_tsp_path, /Navigator/tsp_index, /Navigator/path_finder, /Navigator/dist_map, /finished_topic, /request_replan, /Explore/result, /Explore/feedback, /Explore/status, /MoveTo/result, /MoveTo/feedback, /MoveTo/status, /Localize/result, /Localize/feedback, /Localize/status, /GetFirstMap/result, /GetFirstMap/feedback, /GetFirstMap/status] Explore Goal 11 's frontiers...
320.300000000 INFO /updateDistance [/home/wcqw/ac-slam/catkin_ws/src/cpp_solver/src/updateDistance.cpp:29(occupancyGridCallback)] [topics: /rosout, /edge_distance] Received an OccupancyGrid message!
320.300000000 INFO /updateDistance [/home/wcqw/ac-slam/catkin_ws/src/cpp_solver/src/updateDistance.cpp:30(occupancyGridCallback)] [topics: /rosout, /edge_distance] Width: 558, Height: 710, Size: 396180
320.300000000 INFO /updateDistance [/home/wcqw/ac-slam/catkin_ws/src/cpp_solver/src/updateDistance.cpp:32(occupancyGridCallback)] [topics: /rosout, /edge_distance] Map origin x: -7.415, y: -7.323
320.300000000 INFO /updateDistance [/home/wcqw/ac-slam/catkin_ws/src/cpp_solver/src/updateDistance.cpp:87(occupancyGridCallback)] [topics: /rosout, /edge_distance] Free vertices size: 17
320.300000000 INFO /updateDistance [/home/wcqw/ac-slam/catkin_ws/src/cpp_solver/src/updateDistance.cpp:128(occupancyGridCallback)] [topics: /rosout, /edge_distance] 134 edge distance updated
320.600000000 INFO /Navigator [/home/wcqw/ac-slam/catkin_ws/src/cpp_solver/src/MyPlanner.cpp:481(findExplorationTarget)] [topics: /rosout, /cmd, /Navigator/plan, /Navigator/markers, /Navigator/frontiers, /Navigator/frontier_to_vertex, /Navigator/nav_goal, /Navigator/prior_map, /Navigator/visual_tsp_path, /Navigator/tsp_index, /Navigator/path_finder, /Navigator/dist_map, /finished_topic, /request_replan, /Explore/result, /Explore/feedback, /Explore/status, /MoveTo/result, /MoveTo/feedback, /MoveTo/status, /Localize/result, /Localize/feedback, /Localize/status, /GetFirstMap/result, /GetFirstMap/feedback, /GetFirstMap/status] Call local replanning...
320.600000000 INFO /path_planner [path_planner.py:295(PathPlanner.handle_replanning)] [topics: /pose_graph_idx, /rosout, /edge_distance, /clock, /slam_pose_graph] Replanning request. curr_vertex_idx: 10
320.600000000 INFO /path_planner [path_planner.py:296(PathPlanner.handle_replanning)] [topics: /pose_graph_idx, /rosout, /edge_distance, /clock, /slam_pose_graph]                     covered_vertices: ()
320.600000000 INFO /path_planner [path_planner.py:310(PathPlanner.handle_replanning)] [topics: /pose_graph_idx, /rosout, /edge_distance, /clock, /slam_pose_graph] Handle local replanning...
320.600000000 INFO /path_planner [path_planner.py:363(PathPlanner.handle_local_replanning)] [topics: /pose_graph_idx, /rosout, /edge_distance, /clock, /slam_pose_graph] Local path to replan: [11, 35, 37, 20, 19, 15]
320.600000000 INFO /path_planner [path_planner.py:322(PathPlanner.handle_replanning)] [topics: /pose_graph_idx, /rosout, /edge_distance, /clock, /slam_pose_graph] curr path length: 43, is_loop length: 43
320.600000000 INFO /path_planner [path_planner.py:334(PathPlanner.handle_replanning)] [topics: /pose_graph_idx, /rosout, /edge_distance, /clock, /slam_pose_graph] Send new plan: 8 7 6 5 4 3 9 15 16 10 11  ---> 35 37 20 19 15(L) 19 23 29 30 24 25 31 32 26 27 33 34 28 22 21 38 37(L) 38 36 12 13 14 8(L) 14 18 17 21(L) 
320.600000000 INFO /Navigator [/home/wcqw/ac-slam/catkin_ws/src/cpp_solver/src/MyPlanner.cpp:613(findExplorationTarget)] [topics: /rosout, /cmd, /Navigator/plan, /Navigator/markers, /Navigator/frontiers, /Navigator/frontier_to_vertex, /Navigator/nav_goal, /Navigator/prior_map, /Navigator/visual_tsp_path, /Navigator/tsp_index, /Navigator/path_finder, /Navigator/dist_map, /finished_topic, /request_replan, /Explore/result, /Explore/feedback, /Explore/status, /MoveTo/result, /MoveTo/feedback, /MoveTo/status, /Localize/result, /Localize/feedback, /Localize/status, /GetFirstMap/result, /GetFirstMap/feedback, /GetFirstMap/status] Explore Goal 11 's frontiers...
324.300000000 INFO /updateDistance [/home/wcqw/ac-slam/catkin_ws/src/cpp_solver/src/updateDistance.cpp:29(occupancyGridCallback)] [topics: /rosout, /edge_distance] Received an OccupancyGrid message!
324.300000000 INFO /updateDistance [/home/wcqw/ac-slam/catkin_ws/src/cpp_solver/src/updateDistance.cpp:30(occupancyGridCallback)] [topics: /rosout, /edge_distance] Width: 558, Height: 710, Size: 396180
324.300000000 INFO /updateDistance [/home/wcqw/ac-slam/catkin_ws/src/cpp_solver/src/updateDistance.cpp:32(occupancyGridCallback)] [topics: /rosout, /edge_distance] Map origin x: -7.415, y: -7.323
324.300000000 INFO /updateDistance [/home/wcqw/ac-slam/catkin_ws/src/cpp_solver/src/updateDistance.cpp:87(occupancyGridCallback)] [topics: /rosout, /edge_distance] Free vertices size: 17
324.300000000 INFO /updateDistance [/home/wcqw/ac-slam/catkin_ws/src/cpp_solver/src/updateDistance.cpp:128(occupancyGridCallback)] [topics: /rosout, /edge_distance] 134 edge distance updated
324.600000000 INFO /Navigator [/home/wcqw/ac-slam/catkin_ws/src/cpp_solver/src/MyPlanner.cpp:481(findExplorationTarget)] [topics: /rosout, /cmd, /Navigator/plan, /Navigator/markers, /Navigator/frontiers, /Navigator/frontier_to_vertex, /Navigator/nav_goal, /Navigator/prior_map, /Navigator/visual_tsp_path, /Navigator/tsp_index, /Navigator/path_finder, /Navigator/dist_map, /finished_topic, /request_replan, /Explore/result, /Explore/feedback, /Explore/status, /MoveTo/result, /MoveTo/feedback, /MoveTo/status, /Localize/result, /Localize/feedback, /Localize/status, /GetFirstMap/result, /GetFirstMap/feedback, /GetFirstMap/status] Call local replanning...
324.600000000 INFO /path_planner [path_planner.py:295(PathPlanner.handle_replanning)] [topics: /pose_graph_idx, /rosout, /edge_distance, /clock, /slam_pose_graph] Replanning request. curr_vertex_idx: 10
324.600000000 INFO /path_planner [path_planner.py:296(PathPlanner.handle_replanning)] [topics: /pose_graph_idx, /rosout, /edge_distance, /clock, /slam_pose_graph]                     covered_vertices: ()
324.600000000 INFO /path_planner [path_planner.py:310(PathPlanner.handle_replanning)] [topics: /pose_graph_idx, /rosout, /edge_distance, /clock, /slam_pose_graph] Handle local replanning...
324.600000000 INFO /path_planner [path_planner.py:363(PathPlanner.handle_local_replanning)] [topics: /pose_graph_idx, /rosout, /edge_distance, /clock, /slam_pose_graph] Local path to replan: [11, 35, 37, 20, 19, 15]
324.600000000 INFO /path_planner [path_planner.py:322(PathPlanner.handle_replanning)] [topics: /pose_graph_idx, /rosout, /edge_distance, /clock, /slam_pose_graph] curr path length: 43, is_loop length: 43
324.600000000 INFO /path_planner [path_planner.py:334(PathPlanner.handle_replanning)] [topics: /pose_graph_idx, /rosout, /edge_distance, /clock, /slam_pose_graph] Send new plan: 8 7 6 5 4 3 9 15 16 10 11  ---> 35 37 20 19 15(L) 19 23 29 30 24 25 31 32 26 27 33 34 28 22 21 38 37(L) 38 36 12 13 14 8(L) 14 18 17 21(L) 
324.600000000 WARN /Navigator [/home/wcqw/ac-slam/catkin_ws/src/cpp_solver/src/MyPlanner.cpp:570(findExplorationTarget)] [topics: /rosout, /cmd, /Navigator/plan, /Navigator/markers, /Navigator/frontiers, /Navigator/frontier_to_vertex, /Navigator/nav_goal, /Navigator/prior_map, /Navigator/visual_tsp_path, /Navigator/tsp_index, /Navigator/path_finder, /Navigator/dist_map, /finished_topic, /request_replan, /Explore/result, /Explore/feedback, /Explore/status, /MoveTo/result, /MoveTo/feedback, /MoveTo/status, /Localize/result, /Localize/feedback, /Localize/status, /GetFirstMap/result, /GetFirstMap/feedback, /GetFirstMap/status] No frontier at vertex 11. #Frontier: 0
324.600000000 INFO /Navigator [/home/wcqw/ac-slam/catkin_ws/src/cpp_solver/src/MyPlanner.cpp:310(getUsefulGoalIndex)] [topics: /rosout, /cmd, /Navigator/plan, /Navigator/markers, /Navigator/frontiers, /Navigator/frontier_to_vertex, /Navigator/nav_goal, /Navigator/prior_map, /Navigator/visual_tsp_path, /Navigator/tsp_index, /Navigator/path_finder, /Navigator/dist_map, /finished_topic, /request_replan, /Explore/result, /Explore/feedback, /Explore/status, /MoveTo/result, /MoveTo/feedback, /MoveTo/status, /Localize/result, /Localize/feedback, /Localize/status, /GetFirstMap/result, /GetFirstMap/feedback, /GetFirstMap/status] Set newGoal 35
329.800000000 INFO /updateDistance [/home/wcqw/ac-slam/catkin_ws/src/cpp_solver/src/updateDistance.cpp:29(occupancyGridCallback)] [topics: /rosout, /edge_distance] Received an OccupancyGrid message!
329.800000000 INFO /updateDistance [/home/wcqw/ac-slam/catkin_ws/src/cpp_solver/src/updateDistance.cpp:30(occupancyGridCallback)] [topics: /rosout, /edge_distance] Width: 558, Height: 710, Size: 396180
329.800000000 INFO /updateDistance [/home/wcqw/ac-slam/catkin_ws/src/cpp_solver/src/updateDistance.cpp:32(occupancyGridCallback)] [topics: /rosout, /edge_distance] Map origin x: -7.415, y: -7.323
329.800000000 INFO /path_planner [path_planner.py:638(PathPlanner.handle_pose_graph)] [topics: /pose_graph_idx, /rosout, /edge_distance, /clock, /slam_pose_graph] Really visited vertices: 8 7 6 5 4 3 9 15 16 35 11 
329.800000000 INFO /updateDistance [/home/wcqw/ac-slam/catkin_ws/src/cpp_solver/src/updateDistance.cpp:87(occupancyGridCallback)] [topics: /rosout, /edge_distance] Free vertices size: 18
329.900000000 INFO /updateDistance [/home/wcqw/ac-slam/catkin_ws/src/cpp_solver/src/updateDistance.cpp:128(occupancyGridCallback)] [topics: /rosout, /edge_distance] 149 edge distance updated
330.300000000 INFO /updateDistance [/home/wcqw/ac-slam/catkin_ws/src/cpp_solver/src/updateDistance.cpp:29(occupancyGridCallback)] [topics: /rosout, /edge_distance] Received an OccupancyGrid message!
330.300000000 INFO /updateDistance [/home/wcqw/ac-slam/catkin_ws/src/cpp_solver/src/updateDistance.cpp:30(occupancyGridCallback)] [topics: /rosout, /edge_distance] Width: 558, Height: 710, Size: 396180
330.300000000 INFO /updateDistance [/home/wcqw/ac-slam/catkin_ws/src/cpp_solver/src/updateDistance.cpp:32(occupancyGridCallback)] [topics: /rosout, /edge_distance] Map origin x: -7.415, y: -7.323
330.300000000 INFO /updateDistance [/home/wcqw/ac-slam/catkin_ws/src/cpp_solver/src/updateDistance.cpp:87(occupancyGridCallback)] [topics: /rosout, /edge_distance] Free vertices size: 18
330.300000000 INFO /updateDistance [/home/wcqw/ac-slam/catkin_ws/src/cpp_solver/src/updateDistance.cpp:128(occupancyGridCallback)] [topics: /rosout, /edge_distance] 149 edge distance updated
330.500000000 INFO /Navigator [/home/wcqw/ac-slam/catkin_ws/src/cpp_solver/src/MyPlanner.cpp:481(findExplorationTarget)] [topics: /rosout, /cmd, /Navigator/plan, /Navigator/markers, /Navigator/frontiers, /Navigator/frontier_to_vertex, /Navigator/nav_goal, /Navigator/prior_map, /Navigator/visual_tsp_path, /Navigator/tsp_index, /Navigator/path_finder, /Navigator/dist_map, /finished_topic, /request_replan, /Explore/result, /Explore/feedback, /Explore/status, /MoveTo/result, /MoveTo/feedback, /MoveTo/status, /Localize/result, /Localize/feedback, /Localize/status, /GetFirstMap/result, /GetFirstMap/feedback, /GetFirstMap/status] Call local replanning...
330.500000000 INFO /path_planner [path_planner.py:295(PathPlanner.handle_replanning)] [topics: /pose_graph_idx, /rosout, /edge_distance, /clock, /slam_pose_graph] Replanning request. curr_vertex_idx: 11
330.500000000 INFO /path_planner [path_planner.py:296(PathPlanner.handle_replanning)] [topics: /pose_graph_idx, /rosout, /edge_distance, /clock, /slam_pose_graph]                     covered_vertices: ()
330.500000000 INFO /path_planner [path_planner.py:310(PathPlanner.handle_replanning)] [topics: /pose_graph_idx, /rosout, /edge_distance, /clock, /slam_pose_graph] Handle local replanning...
330.500000000 INFO /path_planner [path_planner.py:363(PathPlanner.handle_local_replanning)] [topics: /pose_graph_idx, /rosout, /edge_distance, /clock, /slam_pose_graph] Local path to replan: [35, 37, 20, 19, 15]
330.600000000 INFO /path_planner [path_planner.py:322(PathPlanner.handle_replanning)] [topics: /pose_graph_idx, /rosout, /edge_distance, /clock, /slam_pose_graph] curr path length: 43, is_loop length: 43
330.600000000 INFO /path_planner [path_planner.py:334(PathPlanner.handle_replanning)] [topics: /pose_graph_idx, /rosout, /edge_distance, /clock, /slam_pose_graph] Send new plan: 8 7 6 5 4 3 9 15 16 10 11 35  ---> 37 20 19 15(L) 19 23 29 30 24 25 31 32 26 27 33 34 28 22 21 38 37(L) 38 36 12 13 14 8(L) 14 18 17 21(L) 
335.600000000 INFO /updateDistance [/home/wcqw/ac-slam/catkin_ws/src/cpp_solver/src/updateDistance.cpp:29(occupancyGridCallback)] [topics: /rosout, /edge_distance] Received an OccupancyGrid message!
335.600000000 INFO /updateDistance [/home/wcqw/ac-slam/catkin_ws/src/cpp_solver/src/updateDistance.cpp:30(occupancyGridCallback)] [topics: /rosout, /edge_distance] Width: 558, Height: 710, Size: 396180
335.600000000 INFO /updateDistance [/home/wcqw/ac-slam/catkin_ws/src/cpp_solver/src/updateDistance.cpp:32(occupancyGridCallback)] [topics: /rosout, /edge_distance] Map origin x: -7.415, y: -7.323
335.600000000 INFO /path_planner [path_planner.py:638(PathPlanner.handle_pose_graph)] [topics: /pose_graph_idx, /rosout, /edge_distance, /clock, /slam_pose_graph] Really visited vertices: 8 7 6 5 4 3 9 15 16 35 11 
335.600000000 INFO /updateDistance [/home/wcqw/ac-slam/catkin_ws/src/cpp_solver/src/updateDistance.cpp:87(occupancyGridCallback)] [topics: /rosout, /edge_distance] Free vertices size: 18
335.600000000 INFO /updateDistance [/home/wcqw/ac-slam/catkin_ws/src/cpp_solver/src/updateDistance.cpp:128(occupancyGridCallback)] [topics: /rosout, /edge_distance] 149 edge distance updated
336.300000000 INFO /updateDistance [/home/wcqw/ac-slam/catkin_ws/src/cpp_solver/src/updateDistance.cpp:29(occupancyGridCallback)] [topics: /rosout, /edge_distance] Received an OccupancyGrid message!
336.300000000 INFO /updateDistance [/home/wcqw/ac-slam/catkin_ws/src/cpp_solver/src/updateDistance.cpp:30(occupancyGridCallback)] [topics: /rosout, /edge_distance] Width: 558, Height: 710, Size: 396180
336.300000000 INFO /updateDistance [/home/wcqw/ac-slam/catkin_ws/src/cpp_solver/src/updateDistance.cpp:32(occupancyGridCallback)] [topics: /rosout, /edge_distance] Map origin x: -7.415, y: -7.323
336.300000000 INFO /updateDistance [/home/wcqw/ac-slam/catkin_ws/src/cpp_solver/src/updateDistance.cpp:87(occupancyGridCallback)] [topics: /rosout, /edge_distance] Free vertices size: 18
336.300000000 INFO /updateDistance [/home/wcqw/ac-slam/catkin_ws/src/cpp_solver/src/updateDistance.cpp:128(occupancyGridCallback)] [topics: /rosout, /edge_distance] 149 edge distance updated
336.500000000 INFO /Navigator [/home/wcqw/ac-slam/catkin_ws/src/cpp_solver/src/MyPlanner.cpp:481(findExplorationTarget)] [topics: /rosout, /cmd, /Navigator/plan, /Navigator/markers, /Navigator/frontiers, /Navigator/frontier_to_vertex, /Navigator/nav_goal, /Navigator/prior_map, /Navigator/visual_tsp_path, /Navigator/tsp_index, /Navigator/path_finder, /Navigator/dist_map, /finished_topic, /request_replan, /Explore/result, /Explore/feedback, /Explore/status, /MoveTo/result, /MoveTo/feedback, /MoveTo/status, /Localize/result, /Localize/feedback, /Localize/status, /GetFirstMap/result, /GetFirstMap/feedback, /GetFirstMap/status] Call local replanning...
336.500000000 INFO /path_planner [path_planner.py:295(PathPlanner.handle_replanning)] [topics: /pose_graph_idx, /rosout, /edge_distance, /clock, /slam_pose_graph] Replanning request. curr_vertex_idx: 11
336.500000000 INFO /path_planner [path_planner.py:296(PathPlanner.handle_replanning)] [topics: /pose_graph_idx, /rosout, /edge_distance, /clock, /slam_pose_graph]                     covered_vertices: ()
336.500000000 INFO /path_planner [path_planner.py:310(PathPlanner.handle_replanning)] [topics: /pose_graph_idx, /rosout, /edge_distance, /clock, /slam_pose_graph] Handle local replanning...
336.500000000 INFO /path_planner [path_planner.py:363(PathPlanner.handle_local_replanning)] [topics: /pose_graph_idx, /rosout, /edge_distance, /clock, /slam_pose_graph] Local path to replan: [35, 37, 20, 19, 15]
336.600000000 INFO /path_planner [path_planner.py:322(PathPlanner.handle_replanning)] [topics: /pose_graph_idx, /rosout, /edge_distance, /clock, /slam_pose_graph] curr path length: 43, is_loop length: 43
336.600000000 INFO /path_planner [path_planner.py:334(PathPlanner.handle_replanning)] [topics: /pose_graph_idx, /rosout, /edge_distance, /clock, /slam_pose_graph] Send new plan: 8 7 6 5 4 3 9 15 16 10 11 35  ---> 37 20 19 15(L) 19 23 29 30 24 25 31 32 26 27 33 34 28 22 21 38 37(L) 38 36 12 13 14 8(L) 14 18 17 21(L) 
336.600000000 INFO /Navigator [/home/wcqw/ac-slam/catkin_ws/src/cpp_solver/src/MyPlanner.cpp:525(findExplorationTarget)] [topics: /rosout, /cmd, /Navigator/plan, /Navigator/markers, /Navigator/frontiers, /Navigator/frontier_to_vertex, /Navigator/nav_goal, /Navigator/prior_map, /Navigator/visual_tsp_path, /Navigator/tsp_index, /Navigator/path_finder, /Navigator/dist_map, /finished_topic, /request_replan, /Explore/result, /Explore/feedback, /Explore/status, /MoveTo/result, /MoveTo/feedback, /MoveTo/status, /Localize/result, /Localize/feedback, /Localize/status, /GetFirstMap/result, /GetFirstMap/feedback, /GetFirstMap/status] Skip currGoal 35 that has no frontier and seen by robot
336.600000000 INFO /Navigator [/home/wcqw/ac-slam/catkin_ws/src/cpp_solver/src/MyPlanner.cpp:310(getUsefulGoalIndex)] [topics: /rosout, /cmd, /Navigator/plan, /Navigator/markers, /Navigator/frontiers, /Navigator/frontier_to_vertex, /Navigator/nav_goal, /Navigator/prior_map, /Navigator/visual_tsp_path, /Navigator/tsp_index, /Navigator/path_finder, /Navigator/dist_map, /finished_topic, /request_replan, /Explore/result, /Explore/feedback, /Explore/status, /MoveTo/result, /MoveTo/feedback, /MoveTo/status, /Localize/result, /Localize/feedback, /Localize/status, /GetFirstMap/result, /GetFirstMap/feedback, /GetFirstMap/status] Set newGoal 37
342.300000000 INFO /updateDistance [/home/wcqw/ac-slam/catkin_ws/src/cpp_solver/src/updateDistance.cpp:29(occupancyGridCallback)] [topics: /rosout, /edge_distance] Received an OccupancyGrid message!
342.300000000 INFO /updateDistance [/home/wcqw/ac-slam/catkin_ws/src/cpp_solver/src/updateDistance.cpp:30(occupancyGridCallback)] [topics: /rosout, /edge_distance] Width: 558, Height: 710, Size: 396180
342.300000000 INFO /updateDistance [/home/wcqw/ac-slam/catkin_ws/src/cpp_solver/src/updateDistance.cpp:32(occupancyGridCallback)] [topics: /rosout, /edge_distance] Map origin x: -7.415, y: -7.323
342.300000000 INFO /updateDistance [/home/wcqw/ac-slam/catkin_ws/src/cpp_solver/src/updateDistance.cpp:87(occupancyGridCallback)] [topics: /rosout, /edge_distance] Free vertices size: 18
342.300000000 INFO /updateDistance [/home/wcqw/ac-slam/catkin_ws/src/cpp_solver/src/updateDistance.cpp:128(occupancyGridCallback)] [topics: /rosout, /edge_distance] 149 edge distance updated
342.700000000 INFO /Navigator [/home/wcqw/ac-slam/catkin_ws/src/cpp_solver/src/MyPlanner.cpp:481(findExplorationTarget)] [topics: /rosout, /cmd, /Navigator/plan, /Navigator/markers, /Navigator/frontiers, /Navigator/frontier_to_vertex, /Navigator/nav_goal, /Navigator/prior_map, /Navigator/visual_tsp_path, /Navigator/tsp_index, /Navigator/path_finder, /Navigator/dist_map, /finished_topic, /request_replan, /Explore/result, /Explore/feedback, /Explore/status, /MoveTo/result, /MoveTo/feedback, /MoveTo/status, /Localize/result, /Localize/feedback, /Localize/status, /GetFirstMap/result, /GetFirstMap/feedback, /GetFirstMap/status] Call local replanning...
342.700000000 INFO /path_planner [path_planner.py:295(PathPlanner.handle_replanning)] [topics: /pose_graph_idx, /rosout, /edge_distance, /clock, /slam_pose_graph] Replanning request. curr_vertex_idx: 12
342.700000000 INFO /path_planner [path_planner.py:296(PathPlanner.handle_replanning)] [topics: /pose_graph_idx, /rosout, /edge_distance, /clock, /slam_pose_graph]                     covered_vertices: ()
342.700000000 INFO /path_planner [path_planner.py:310(PathPlanner.handle_replanning)] [topics: /pose_graph_idx, /rosout, /edge_distance, /clock, /slam_pose_graph] Handle local replanning...
342.700000000 INFO /path_planner [path_planner.py:363(PathPlanner.handle_local_replanning)] [topics: /pose_graph_idx, /rosout, /edge_distance, /clock, /slam_pose_graph] Local path to replan: [37, 20, 19, 15]
342.700000000 INFO /path_planner [path_planner.py:322(PathPlanner.handle_replanning)] [topics: /pose_graph_idx, /rosout, /edge_distance, /clock, /slam_pose_graph] curr path length: 43, is_loop length: 43
342.700000000 INFO /path_planner [path_planner.py:334(PathPlanner.handle_replanning)] [topics: /pose_graph_idx, /rosout, /edge_distance, /clock, /slam_pose_graph] Send new plan: 8 7 6 5 4 3 9 15 16 10 11 35 37  ---> 20 19 15(L) 19 23 29 30 24 25 31 32 26 27 33 34 28 22 21 38 37(L) 38 36 12 13 14 8(L) 14 18 17 21(L) 
348.300000000 INFO /updateDistance [/home/wcqw/ac-slam/catkin_ws/src/cpp_solver/src/updateDistance.cpp:29(occupancyGridCallback)] [topics: /rosout, /edge_distance] Received an OccupancyGrid message!
348.300000000 INFO /updateDistance [/home/wcqw/ac-slam/catkin_ws/src/cpp_solver/src/updateDistance.cpp:30(occupancyGridCallback)] [topics: /rosout, /edge_distance] Width: 558, Height: 710, Size: 396180
348.300000000 INFO /updateDistance [/home/wcqw/ac-slam/catkin_ws/src/cpp_solver/src/updateDistance.cpp:32(occupancyGridCallback)] [topics: /rosout, /edge_distance] Map origin x: -7.415, y: -7.323
348.300000000 INFO /updateDistance [/home/wcqw/ac-slam/catkin_ws/src/cpp_solver/src/updateDistance.cpp:87(occupancyGridCallback)] [topics: /rosout, /edge_distance] Free vertices size: 18
348.300000000 INFO /updateDistance [/home/wcqw/ac-slam/catkin_ws/src/cpp_solver/src/updateDistance.cpp:128(occupancyGridCallback)] [topics: /rosout, /edge_distance] 149 edge distance updated
348.600000000 INFO /Navigator [/home/wcqw/ac-slam/catkin_ws/src/cpp_solver/src/MyPlanner.cpp:481(findExplorationTarget)] [topics: /rosout, /cmd, /Navigator/plan, /Navigator/markers, /Navigator/frontiers, /Navigator/frontier_to_vertex, /Navigator/nav_goal, /Navigator/prior_map, /Navigator/visual_tsp_path, /Navigator/tsp_index, /Navigator/path_finder, /Navigator/dist_map, /finished_topic, /request_replan, /Explore/result, /Explore/feedback, /Explore/status, /MoveTo/result, /MoveTo/feedback, /MoveTo/status, /Localize/result, /Localize/feedback, /Localize/status, /GetFirstMap/result, /GetFirstMap/feedback, /GetFirstMap/status] Call local replanning...
348.600000000 INFO /path_planner [path_planner.py:295(PathPlanner.handle_replanning)] [topics: /pose_graph_idx, /rosout, /edge_distance, /clock, /slam_pose_graph] Replanning request. curr_vertex_idx: 12
348.600000000 INFO /path_planner [path_planner.py:296(PathPlanner.handle_replanning)] [topics: /pose_graph_idx, /rosout, /edge_distance, /clock, /slam_pose_graph]                     covered_vertices: ()
348.600000000 INFO /path_planner [path_planner.py:310(PathPlanner.handle_replanning)] [topics: /pose_graph_idx, /rosout, /edge_distance, /clock, /slam_pose_graph] Handle local replanning...
348.600000000 INFO /path_planner [path_planner.py:363(PathPlanner.handle_local_replanning)] [topics: /pose_graph_idx, /rosout, /edge_distance, /clock, /slam_pose_graph] Local path to replan: [37, 20, 19, 15]
348.700000000 INFO /path_planner [path_planner.py:322(PathPlanner.handle_replanning)] [topics: /pose_graph_idx, /rosout, /edge_distance, /clock, /slam_pose_graph] curr path length: 43, is_loop length: 43
348.700000000 INFO /path_planner [path_planner.py:334(PathPlanner.handle_replanning)] [topics: /pose_graph_idx, /rosout, /edge_distance, /clock, /slam_pose_graph] Send new plan: 8 7 6 5 4 3 9 15 16 10 11 35 37  ---> 20 19 15(L) 19 23 29 30 24 25 31 32 26 27 33 34 28 22 21 38 37(L) 38 36 12 13 14 8(L) 14 18 17 21(L) 
354.300000000 INFO /updateDistance [/home/wcqw/ac-slam/catkin_ws/src/cpp_solver/src/updateDistance.cpp:29(occupancyGridCallback)] [topics: /rosout, /edge_distance] Received an OccupancyGrid message!
354.300000000 INFO /updateDistance [/home/wcqw/ac-slam/catkin_ws/src/cpp_solver/src/updateDistance.cpp:30(occupancyGridCallback)] [topics: /rosout, /edge_distance] Width: 558, Height: 710, Size: 396180
354.300000000 INFO /updateDistance [/home/wcqw/ac-slam/catkin_ws/src/cpp_solver/src/updateDistance.cpp:32(occupancyGridCallback)] [topics: /rosout, /edge_distance] Map origin x: -7.415, y: -7.323
354.300000000 INFO /updateDistance [/home/wcqw/ac-slam/catkin_ws/src/cpp_solver/src/updateDistance.cpp:87(occupancyGridCallback)] [topics: /rosout, /edge_distance] Free vertices size: 18
354.300000000 INFO /updateDistance [/home/wcqw/ac-slam/catkin_ws/src/cpp_solver/src/updateDistance.cpp:128(occupancyGridCallback)] [topics: /rosout, /edge_distance] 149 edge distance updated
354.600000000 INFO /Navigator [/home/wcqw/ac-slam/catkin_ws/src/cpp_solver/src/MyPlanner.cpp:481(findExplorationTarget)] [topics: /rosout, /cmd, /Navigator/plan, /Navigator/markers, /Navigator/frontiers, /Navigator/frontier_to_vertex, /Navigator/nav_goal, /Navigator/prior_map, /Navigator/visual_tsp_path, /Navigator/tsp_index, /Navigator/path_finder, /Navigator/dist_map, /finished_topic, /request_replan, /Explore/result, /Explore/feedback, /Explore/status, /MoveTo/result, /MoveTo/feedback, /MoveTo/status, /Localize/result, /Localize/feedback, /Localize/status, /GetFirstMap/result, /GetFirstMap/feedback, /GetFirstMap/status] Call local replanning...
354.600000000 INFO /path_planner [path_planner.py:295(PathPlanner.handle_replanning)] [topics: /pose_graph_idx, /rosout, /edge_distance, /clock, /slam_pose_graph] Replanning request. curr_vertex_idx: 12
354.600000000 INFO /path_planner [path_planner.py:296(PathPlanner.handle_replanning)] [topics: /pose_graph_idx, /rosout, /edge_distance, /clock, /slam_pose_graph]                     covered_vertices: ()
354.600000000 INFO /path_planner [path_planner.py:310(PathPlanner.handle_replanning)] [topics: /pose_graph_idx, /rosout, /edge_distance, /clock, /slam_pose_graph] Handle local replanning...
354.600000000 INFO /path_planner [path_planner.py:363(PathPlanner.handle_local_replanning)] [topics: /pose_graph_idx, /rosout, /edge_distance, /clock, /slam_pose_graph] Local path to replan: [37, 20, 19, 15]
354.600000000 INFO /path_planner [path_planner.py:322(PathPlanner.handle_replanning)] [topics: /pose_graph_idx, /rosout, /edge_distance, /clock, /slam_pose_graph] curr path length: 43, is_loop length: 43
354.600000000 INFO /path_planner [path_planner.py:334(PathPlanner.handle_replanning)] [topics: /pose_graph_idx, /rosout, /edge_distance, /clock, /slam_pose_graph] Send new plan: 8 7 6 5 4 3 9 15 16 10 11 35 37  ---> 20 19 15(L) 19 23 29 30 24 25 31 32 26 27 33 34 28 22 21 38 37(L) 38 36 12 13 14 8(L) 14 18 17 21(L) 
359.400000000 INFO /updateDistance [/home/wcqw/ac-slam/catkin_ws/src/cpp_solver/src/updateDistance.cpp:29(occupancyGridCallback)] [topics: /rosout, /edge_distance] Received an OccupancyGrid message!
359.400000000 INFO /updateDistance [/home/wcqw/ac-slam/catkin_ws/src/cpp_solver/src/updateDistance.cpp:30(occupancyGridCallback)] [topics: /rosout, /edge_distance] Width: 558, Height: 710, Size: 396180
359.400000000 INFO /updateDistance [/home/wcqw/ac-slam/catkin_ws/src/cpp_solver/src/updateDistance.cpp:32(occupancyGridCallback)] [topics: /rosout, /edge_distance] Map origin x: -7.415, y: -7.323
359.400000000 INFO /path_planner [path_planner.py:638(PathPlanner.handle_pose_graph)] [topics: /pose_graph_idx, /rosout, /edge_distance, /clock, /slam_pose_graph] Really visited vertices: 8 7 6 5 4 3 9 15 16 35 11 35 
359.400000000 INFO /updateDistance [/home/wcqw/ac-slam/catkin_ws/src/cpp_solver/src/updateDistance.cpp:87(occupancyGridCallback)] [topics: /rosout, /edge_distance] Free vertices size: 18
359.400000000 INFO /updateDistance [/home/wcqw/ac-slam/catkin_ws/src/cpp_solver/src/updateDistance.cpp:128(occupancyGridCallback)] [topics: /rosout, /edge_distance] 149 edge distance updated
360.300000000 INFO /updateDistance [/home/wcqw/ac-slam/catkin_ws/src/cpp_solver/src/updateDistance.cpp:29(occupancyGridCallback)] [topics: /rosout, /edge_distance] Received an OccupancyGrid message!
360.300000000 INFO /updateDistance [/home/wcqw/ac-slam/catkin_ws/src/cpp_solver/src/updateDistance.cpp:30(occupancyGridCallback)] [topics: /rosout, /edge_distance] Width: 558, Height: 710, Size: 396180
360.300000000 INFO /updateDistance [/home/wcqw/ac-slam/catkin_ws/src/cpp_solver/src/updateDistance.cpp:32(occupancyGridCallback)] [topics: /rosout, /edge_distance] Map origin x: -7.415, y: -7.323
360.300000000 INFO /updateDistance [/home/wcqw/ac-slam/catkin_ws/src/cpp_solver/src/updateDistance.cpp:87(occupancyGridCallback)] [topics: /rosout, /edge_distance] Free vertices size: 18
360.300000000 INFO /updateDistance [/home/wcqw/ac-slam/catkin_ws/src/cpp_solver/src/updateDistance.cpp:128(occupancyGridCallback)] [topics: /rosout, /edge_distance] 149 edge distance updated
360.600000000 INFO /Navigator [/home/wcqw/ac-slam/catkin_ws/src/cpp_solver/src/MyPlanner.cpp:481(findExplorationTarget)] [topics: /rosout, /cmd, /Navigator/plan, /Navigator/markers, /Navigator/frontiers, /Navigator/frontier_to_vertex, /Navigator/nav_goal, /Navigator/prior_map, /Navigator/visual_tsp_path, /Navigator/tsp_index, /Navigator/path_finder, /Navigator/dist_map, /finished_topic, /request_replan, /Explore/result, /Explore/feedback, /Explore/status, /MoveTo/result, /MoveTo/feedback, /MoveTo/status, /Localize/result, /Localize/feedback, /Localize/status, /GetFirstMap/result, /GetFirstMap/feedback, /GetFirstMap/status] Call local replanning...
360.600000000 INFO /path_planner [path_planner.py:295(PathPlanner.handle_replanning)] [topics: /pose_graph_idx, /rosout, /edge_distance, /clock, /slam_pose_graph] Replanning request. curr_vertex_idx: 12
360.600000000 INFO /path_planner [path_planner.py:296(PathPlanner.handle_replanning)] [topics: /pose_graph_idx, /rosout, /edge_distance, /clock, /slam_pose_graph]                     covered_vertices: ()
360.600000000 INFO /path_planner [path_planner.py:310(PathPlanner.handle_replanning)] [topics: /pose_graph_idx, /rosout, /edge_distance, /clock, /slam_pose_graph] Handle local replanning...
360.600000000 INFO /path_planner [path_planner.py:363(PathPlanner.handle_local_replanning)] [topics: /pose_graph_idx, /rosout, /edge_distance, /clock, /slam_pose_graph] Local path to replan: [37, 20, 19, 15]
360.600000000 INFO /path_planner [path_planner.py:322(PathPlanner.handle_replanning)] [topics: /pose_graph_idx, /rosout, /edge_distance, /clock, /slam_pose_graph] curr path length: 43, is_loop length: 43
360.600000000 INFO /path_planner [path_planner.py:334(PathPlanner.handle_replanning)] [topics: /pose_graph_idx, /rosout, /edge_distance, /clock, /slam_pose_graph] Send new plan: 8 7 6 5 4 3 9 15 16 10 11 35 37  ---> 20 19 15(L) 19 23 29 30 24 25 31 32 26 27 33 34 28 22 21 38 37(L) 38 36 12 13 14 8(L) 14 18 17 21(L) 
366.400000000 INFO /updateDistance [/home/wcqw/ac-slam/catkin_ws/src/cpp_solver/src/updateDistance.cpp:29(occupancyGridCallback)] [topics: /rosout, /edge_distance] Received an OccupancyGrid message!
366.400000000 INFO /updateDistance [/home/wcqw/ac-slam/catkin_ws/src/cpp_solver/src/updateDistance.cpp:30(occupancyGridCallback)] [topics: /rosout, /edge_distance] Width: 558, Height: 710, Size: 396180
366.400000000 INFO /updateDistance [/home/wcqw/ac-slam/catkin_ws/src/cpp_solver/src/updateDistance.cpp:32(occupancyGridCallback)] [topics: /rosout, /edge_distance] Map origin x: -7.415, y: -7.323
366.400000000 INFO /updateDistance [/home/wcqw/ac-slam/catkin_ws/src/cpp_solver/src/updateDistance.cpp:87(occupancyGridCallback)] [topics: /rosout, /edge_distance] Free vertices size: 18
366.400000000 INFO /updateDistance [/home/wcqw/ac-slam/catkin_ws/src/cpp_solver/src/updateDistance.cpp:128(occupancyGridCallback)] [topics: /rosout, /edge_distance] 149 edge distance updated
366.600000000 INFO /Navigator [/home/wcqw/ac-slam/catkin_ws/src/cpp_solver/src/MyPlanner.cpp:481(findExplorationTarget)] [topics: /rosout, /cmd, /Navigator/plan, /Navigator/markers, /Navigator/frontiers, /Navigator/frontier_to_vertex, /Navigator/nav_goal, /Navigator/prior_map, /Navigator/visual_tsp_path, /Navigator/tsp_index, /Navigator/path_finder, /Navigator/dist_map, /finished_topic, /request_replan, /Explore/result, /Explore/feedback, /Explore/status, /MoveTo/result, /MoveTo/feedback, /MoveTo/status, /Localize/result, /Localize/feedback, /Localize/status, /GetFirstMap/result, /GetFirstMap/feedback, /GetFirstMap/status] Call local replanning...
366.600000000 INFO /path_planner [path_planner.py:295(PathPlanner.handle_replanning)] [topics: /pose_graph_idx, /rosout, /edge_distance, /clock, /slam_pose_graph] Replanning request. curr_vertex_idx: 12
366.700000000 INFO /path_planner [path_planner.py:296(PathPlanner.handle_replanning)] [topics: /pose_graph_idx, /rosout, /edge_distance, /clock, /slam_pose_graph]                     covered_vertices: ()
366.700000000 INFO /path_planner [path_planner.py:310(PathPlanner.handle_replanning)] [topics: /pose_graph_idx, /rosout, /edge_distance, /clock, /slam_pose_graph] Handle local replanning...
366.700000000 INFO /path_planner [path_planner.py:363(PathPlanner.handle_local_replanning)] [topics: /pose_graph_idx, /rosout, /edge_distance, /clock, /slam_pose_graph] Local path to replan: [37, 20, 19, 15]
366.700000000 INFO /path_planner [path_planner.py:322(PathPlanner.handle_replanning)] [topics: /pose_graph_idx, /rosout, /edge_distance, /clock, /slam_pose_graph] curr path length: 43, is_loop length: 43
366.700000000 INFO /path_planner [path_planner.py:334(PathPlanner.handle_replanning)] [topics: /pose_graph_idx, /rosout, /edge_distance, /clock, /slam_pose_graph] Send new plan: 8 7 6 5 4 3 9 15 16 10 11 35 37  ---> 20 19 15(L) 19 23 29 30 24 25 31 32 26 27 33 34 28 22 21 38 37(L) 38 36 12 13 14 8(L) 14 18 17 21(L) 
372.200000000 INFO /updateDistance [/home/wcqw/ac-slam/catkin_ws/src/cpp_solver/src/updateDistance.cpp:29(occupancyGridCallback)] [topics: /rosout, /edge_distance] Received an OccupancyGrid message!
372.200000000 INFO /updateDistance [/home/wcqw/ac-slam/catkin_ws/src/cpp_solver/src/updateDistance.cpp:30(occupancyGridCallback)] [topics: /rosout, /edge_distance] Width: 558, Height: 710, Size: 396180
372.200000000 INFO /updateDistance [/home/wcqw/ac-slam/catkin_ws/src/cpp_solver/src/updateDistance.cpp:32(occupancyGridCallback)] [topics: /rosout, /edge_distance] Map origin x: -7.415, y: -7.323
372.200000000 INFO /updateDistance [/home/wcqw/ac-slam/catkin_ws/src/cpp_solver/src/updateDistance.cpp:87(occupancyGridCallback)] [topics: /rosout, /edge_distance] Free vertices size: 18
372.200000000 INFO /updateDistance [/home/wcqw/ac-slam/catkin_ws/src/cpp_solver/src/updateDistance.cpp:128(occupancyGridCallback)] [topics: /rosout, /edge_distance] 149 edge distance updated
372.500000000 INFO /Navigator [/home/wcqw/ac-slam/catkin_ws/src/cpp_solver/src/MyPlanner.cpp:481(findExplorationTarget)] [topics: /rosout, /cmd, /Navigator/plan, /Navigator/markers, /Navigator/frontiers, /Navigator/frontier_to_vertex, /Navigator/nav_goal, /Navigator/prior_map, /Navigator/visual_tsp_path, /Navigator/tsp_index, /Navigator/path_finder, /Navigator/dist_map, /finished_topic, /request_replan, /Explore/result, /Explore/feedback, /Explore/status, /MoveTo/result, /MoveTo/feedback, /MoveTo/status, /Localize/result, /Localize/feedback, /Localize/status, /GetFirstMap/result, /GetFirstMap/feedback, /GetFirstMap/status] Call local replanning...
372.500000000 INFO /path_planner [path_planner.py:295(PathPlanner.handle_replanning)] [topics: /pose_graph_idx, /rosout, /edge_distance, /clock, /slam_pose_graph] Replanning request. curr_vertex_idx: 12
372.500000000 INFO /path_planner [path_planner.py:296(PathPlanner.handle_replanning)] [topics: /pose_graph_idx, /rosout, /edge_distance, /clock, /slam_pose_graph]                     covered_vertices: ()
372.500000000 INFO /path_planner [path_planner.py:310(PathPlanner.handle_replanning)] [topics: /pose_graph_idx, /rosout, /edge_distance, /clock, /slam_pose_graph] Handle local replanning...
372.500000000 INFO /path_planner [path_planner.py:363(PathPlanner.handle_local_replanning)] [topics: /pose_graph_idx, /rosout, /edge_distance, /clock, /slam_pose_graph] Local path to replan: [37, 20, 19, 15]
372.500000000 INFO /path_planner [path_planner.py:322(PathPlanner.handle_replanning)] [topics: /pose_graph_idx, /rosout, /edge_distance, /clock, /slam_pose_graph] curr path length: 43, is_loop length: 43
372.500000000 INFO /path_planner [path_planner.py:334(PathPlanner.handle_replanning)] [topics: /pose_graph_idx, /rosout, /edge_distance, /clock, /slam_pose_graph] Send new plan: 8 7 6 5 4 3 9 15 16 10 11 35 37  ---> 20 19 15(L) 19 23 29 30 24 25 31 32 26 27 33 34 28 22 21 38 37(L) 38 36 12 13 14 8(L) 14 18 17 21(L) 
378.000000000 INFO /updateDistance [/home/wcqw/ac-slam/catkin_ws/src/cpp_solver/src/updateDistance.cpp:29(occupancyGridCallback)] [topics: /rosout, /edge_distance] Received an OccupancyGrid message!
378.000000000 INFO /updateDistance [/home/wcqw/ac-slam/catkin_ws/src/cpp_solver/src/updateDistance.cpp:30(occupancyGridCallback)] [topics: /rosout, /edge_distance] Width: 576, Height: 710, Size: 408960
378.000000000 INFO /updateDistance [/home/wcqw/ac-slam/catkin_ws/src/cpp_solver/src/updateDistance.cpp:32(occupancyGridCallback)] [topics: /rosout, /edge_distance] Map origin x: -7.415, y: -7.323
378.000000000 INFO /path_planner [path_planner.py:638(PathPlanner.handle_pose_graph)] [topics: /pose_graph_idx, /rosout, /edge_distance, /clock, /slam_pose_graph] Really visited vertices: 8 7 6 5 4 3 9 15 16 35 11 35 
378.000000000 INFO /updateDistance [/home/wcqw/ac-slam/catkin_ws/src/cpp_solver/src/updateDistance.cpp:87(occupancyGridCallback)] [topics: /rosout, /edge_distance] Free vertices size: 18
378.000000000 INFO /updateDistance [/home/wcqw/ac-slam/catkin_ws/src/cpp_solver/src/updateDistance.cpp:128(occupancyGridCallback)] [topics: /rosout, /edge_distance] 149 edge distance updated
378.000000000 INFO /RVIZ [/tmp/binarydeb/ros-noetic-rviz-1.14.26/src/rviz/default_plugin/map_display.cpp:604(MapDisplay::createSwatches)] [topics: /rosout, /initialpose, /goal, /clicked_point] Creating 1 swatches
378.300000000 INFO /updateDistance [/home/wcqw/ac-slam/catkin_ws/src/cpp_solver/src/updateDistance.cpp:29(occupancyGridCallback)] [topics: /rosout, /edge_distance] Received an OccupancyGrid message!
378.300000000 INFO /updateDistance [/home/wcqw/ac-slam/catkin_ws/src/cpp_solver/src/updateDistance.cpp:30(occupancyGridCallback)] [topics: /rosout, /edge_distance] Width: 576, Height: 710, Size: 408960
378.300000000 INFO /updateDistance [/home/wcqw/ac-slam/catkin_ws/src/cpp_solver/src/updateDistance.cpp:32(occupancyGridCallback)] [topics: /rosout, /edge_distance] Map origin x: -7.415, y: -7.323
378.300000000 INFO /updateDistance [/home/wcqw/ac-slam/catkin_ws/src/cpp_solver/src/updateDistance.cpp:87(occupancyGridCallback)] [topics: /rosout, /edge_distance] Free vertices size: 18
378.300000000 INFO /updateDistance [/home/wcqw/ac-slam/catkin_ws/src/cpp_solver/src/updateDistance.cpp:128(occupancyGridCallback)] [topics: /rosout, /edge_distance] 149 edge distance updated
378.600000000 INFO /Navigator [/home/wcqw/ac-slam/catkin_ws/src/cpp_solver/src/MyPlanner.cpp:481(findExplorationTarget)] [topics: /rosout, /cmd, /Navigator/plan, /Navigator/markers, /Navigator/frontiers, /Navigator/frontier_to_vertex, /Navigator/nav_goal, /Navigator/prior_map, /Navigator/visual_tsp_path, /Navigator/tsp_index, /Navigator/path_finder, /Navigator/dist_map, /finished_topic, /request_replan, /Explore/result, /Explore/feedback, /Explore/status, /MoveTo/result, /MoveTo/feedback, /MoveTo/status, /Localize/result, /Localize/feedback, /Localize/status, /GetFirstMap/result, /GetFirstMap/feedback, /GetFirstMap/status] Call local replanning...
378.600000000 INFO /path_planner [path_planner.py:295(PathPlanner.handle_replanning)] [topics: /pose_graph_idx, /rosout, /edge_distance, /clock, /slam_pose_graph] Replanning request. curr_vertex_idx: 12
378.600000000 INFO /path_planner [path_planner.py:296(PathPlanner.handle_replanning)] [topics: /pose_graph_idx, /rosout, /edge_distance, /clock, /slam_pose_graph]                     covered_vertices: ()
378.600000000 INFO /path_planner [path_planner.py:310(PathPlanner.handle_replanning)] [topics: /pose_graph_idx, /rosout, /edge_distance, /clock, /slam_pose_graph] Handle local replanning...
378.600000000 INFO /path_planner [path_planner.py:363(PathPlanner.handle_local_replanning)] [topics: /pose_graph_idx, /rosout, /edge_distance, /clock, /slam_pose_graph] Local path to replan: [37, 20, 19, 15]
378.600000000 INFO /path_planner [path_planner.py:322(PathPlanner.handle_replanning)] [topics: /pose_graph_idx, /rosout, /edge_distance, /clock, /slam_pose_graph] curr path length: 43, is_loop length: 43
378.600000000 INFO /path_planner [path_planner.py:334(PathPlanner.handle_replanning)] [topics: /pose_graph_idx, /rosout, /edge_distance, /clock, /slam_pose_graph] Send new plan: 8 7 6 5 4 3 9 15 16 10 11 35 37  ---> 20 19 15(L) 19 23 29 30 24 25 31 32 26 27 33 34 28 22 21 38 37(L) 38 36 12 13 14 8(L) 14 18 17 21(L) 
384.300000000 INFO /updateDistance [/home/wcqw/ac-slam/catkin_ws/src/cpp_solver/src/updateDistance.cpp:29(occupancyGridCallback)] [topics: /rosout, /edge_distance] Received an OccupancyGrid message!
384.300000000 INFO /updateDistance [/home/wcqw/ac-slam/catkin_ws/src/cpp_solver/src/updateDistance.cpp:30(occupancyGridCallback)] [topics: /rosout, /edge_distance] Width: 586, Height: 710, Size: 416060
384.300000000 INFO /updateDistance [/home/wcqw/ac-slam/catkin_ws/src/cpp_solver/src/updateDistance.cpp:32(occupancyGridCallback)] [topics: /rosout, /edge_distance] Map origin x: -7.415, y: -7.323
384.300000000 INFO /updateDistance [/home/wcqw/ac-slam/catkin_ws/src/cpp_solver/src/updateDistance.cpp:87(occupancyGridCallback)] [topics: /rosout, /edge_distance] Free vertices size: 18
384.300000000 INFO /updateDistance [/home/wcqw/ac-slam/catkin_ws/src/cpp_solver/src/updateDistance.cpp:128(occupancyGridCallback)] [topics: /rosout, /edge_distance] 149 edge distance updated
384.300000000 INFO /RVIZ [/tmp/binarydeb/ros-noetic-rviz-1.14.26/src/rviz/default_plugin/map_display.cpp:604(MapDisplay::createSwatches)] [topics: /rosout, /initialpose, /goal, /clicked_point] Creating 1 swatches
384.600000000 INFO /Navigator [/home/wcqw/ac-slam/catkin_ws/src/cpp_solver/src/MyPlanner.cpp:481(findExplorationTarget)] [topics: /rosout, /cmd, /Navigator/plan, /Navigator/markers, /Navigator/frontiers, /Navigator/frontier_to_vertex, /Navigator/nav_goal, /Navigator/prior_map, /Navigator/visual_tsp_path, /Navigator/tsp_index, /Navigator/path_finder, /Navigator/dist_map, /finished_topic, /request_replan, /Explore/result, /Explore/feedback, /Explore/status, /MoveTo/result, /MoveTo/feedback, /MoveTo/status, /Localize/result, /Localize/feedback, /Localize/status, /GetFirstMap/result, /GetFirstMap/feedback, /GetFirstMap/status] Call local replanning...
384.600000000 INFO /path_planner [path_planner.py:295(PathPlanner.handle_replanning)] [topics: /pose_graph_idx, /rosout, /edge_distance, /clock, /slam_pose_graph] Replanning request. curr_vertex_idx: 12
384.600000000 INFO /path_planner [path_planner.py:296(PathPlanner.handle_replanning)] [topics: /pose_graph_idx, /rosout, /edge_distance, /clock, /slam_pose_graph]                     covered_vertices: ()
384.600000000 INFO /path_planner [path_planner.py:310(PathPlanner.handle_replanning)] [topics: /pose_graph_idx, /rosout, /edge_distance, /clock, /slam_pose_graph] Handle local replanning...
384.600000000 INFO /path_planner [path_planner.py:363(PathPlanner.handle_local_replanning)] [topics: /pose_graph_idx, /rosout, /edge_distance, /clock, /slam_pose_graph] Local path to replan: [37, 20, 19, 15]
384.600000000 INFO /path_planner [path_planner.py:322(PathPlanner.handle_replanning)] [topics: /pose_graph_idx, /rosout, /edge_distance, /clock, /slam_pose_graph] curr path length: 43, is_loop length: 43
384.600000000 INFO /path_planner [path_planner.py:334(PathPlanner.handle_replanning)] [topics: /pose_graph_idx, /rosout, /edge_distance, /clock, /slam_pose_graph] Send new plan: 8 7 6 5 4 3 9 15 16 10 11 35 37  ---> 20 19 15(L) 19 23 29 30 24 25 31 32 26 27 33 34 28 22 21 38 37(L) 38 36 12 13 14 8(L) 14 18 17 21(L) 
390.300000000 INFO /updateDistance [/home/wcqw/ac-slam/catkin_ws/src/cpp_solver/src/updateDistance.cpp:29(occupancyGridCallback)] [topics: /rosout, /edge_distance] Received an OccupancyGrid message!
390.300000000 INFO /updateDistance [/home/wcqw/ac-slam/catkin_ws/src/cpp_solver/src/updateDistance.cpp:30(occupancyGridCallback)] [topics: /rosout, /edge_distance] Width: 596, Height: 710, Size: 423160
390.300000000 INFO /updateDistance [/home/wcqw/ac-slam/catkin_ws/src/cpp_solver/src/updateDistance.cpp:32(occupancyGridCallback)] [topics: /rosout, /edge_distance] Map origin x: -7.415, y: -7.323
390.300000000 INFO /updateDistance [/home/wcqw/ac-slam/catkin_ws/src/cpp_solver/src/updateDistance.cpp:87(occupancyGridCallback)] [topics: /rosout, /edge_distance] Free vertices size: 19
390.300000000 INFO /RVIZ [/tmp/binarydeb/ros-noetic-rviz-1.14.26/src/rviz/default_plugin/map_display.cpp:604(MapDisplay::createSwatches)] [topics: /rosout, /initialpose, /goal, /clicked_point] Creating 1 swatches
390.400000000 INFO /updateDistance [/home/wcqw/ac-slam/catkin_ws/src/cpp_solver/src/updateDistance.cpp:128(occupancyGridCallback)] [topics: /rosout, /edge_distance] 171 edge distance updated
390.600000000 INFO /Navigator [/home/wcqw/ac-slam/catkin_ws/src/cpp_solver/src/MyPlanner.cpp:481(findExplorationTarget)] [topics: /rosout, /cmd, /Navigator/plan, /Navigator/markers, /Navigator/frontiers, /Navigator/frontier_to_vertex, /Navigator/nav_goal, /Navigator/prior_map, /Navigator/visual_tsp_path, /Navigator/tsp_index, /Navigator/path_finder, /Navigator/dist_map, /finished_topic, /request_replan, /Explore/result, /Explore/feedback, /Explore/status, /MoveTo/result, /MoveTo/feedback, /MoveTo/status, /Localize/result, /Localize/feedback, /Localize/status, /GetFirstMap/result, /GetFirstMap/feedback, /GetFirstMap/status] Call local replanning...
390.600000000 INFO /path_planner [path_planner.py:295(PathPlanner.handle_replanning)] [topics: /pose_graph_idx, /rosout, /edge_distance, /clock, /slam_pose_graph] Replanning request. curr_vertex_idx: 12
390.600000000 INFO /path_planner [path_planner.py:296(PathPlanner.handle_replanning)] [topics: /pose_graph_idx, /rosout, /edge_distance, /clock, /slam_pose_graph]                     covered_vertices: ()
390.600000000 INFO /path_planner [path_planner.py:310(PathPlanner.handle_replanning)] [topics: /pose_graph_idx, /rosout, /edge_distance, /clock, /slam_pose_graph] Handle local replanning...
390.600000000 INFO /path_planner [path_planner.py:363(PathPlanner.handle_local_replanning)] [topics: /pose_graph_idx, /rosout, /edge_distance, /clock, /slam_pose_graph] Local path to replan: [37, 20, 19, 15]
390.600000000 INFO /path_planner [path_planner.py:322(PathPlanner.handle_replanning)] [topics: /pose_graph_idx, /rosout, /edge_distance, /clock, /slam_pose_graph] curr path length: 43, is_loop length: 43
390.600000000 INFO /path_planner [path_planner.py:334(PathPlanner.handle_replanning)] [topics: /pose_graph_idx, /rosout, /edge_distance, /clock, /slam_pose_graph] Send new plan: 8 7 6 5 4 3 9 15 16 10 11 35 37  ---> 20 19 15(L) 19 23 29 30 24 25 31 32 26 27 33 34 28 22 21 38 37(L) 38 36 12 13 14 8(L) 14 18 17 21(L) 
390.600000000 INFO /Navigator [/home/wcqw/ac-slam/catkin_ws/src/cpp_solver/src/MyPlanner.cpp:525(findExplorationTarget)] [topics: /rosout, /cmd, /Navigator/plan, /Navigator/markers, /Navigator/frontiers, /Navigator/frontier_to_vertex, /Navigator/nav_goal, /Navigator/prior_map, /Navigator/visual_tsp_path, /Navigator/tsp_index, /Navigator/path_finder, /Navigator/dist_map, /finished_topic, /request_replan, /Explore/result, /Explore/feedback, /Explore/status, /MoveTo/result, /MoveTo/feedback, /MoveTo/status, /Localize/result, /Localize/feedback, /Localize/status, /GetFirstMap/result, /GetFirstMap/feedback, /GetFirstMap/status] Skip currGoal 37 that has no frontier and seen by robot
390.600000000 INFO /Navigator [/home/wcqw/ac-slam/catkin_ws/src/cpp_solver/src/MyPlanner.cpp:310(getUsefulGoalIndex)] [topics: /rosout, /cmd, /Navigator/plan, /Navigator/markers, /Navigator/frontiers, /Navigator/frontier_to_vertex, /Navigator/nav_goal, /Navigator/prior_map, /Navigator/visual_tsp_path, /Navigator/tsp_index, /Navigator/path_finder, /Navigator/dist_map, /finished_topic, /request_replan, /Explore/result, /Explore/feedback, /Explore/status, /MoveTo/result, /MoveTo/feedback, /MoveTo/status, /Localize/result, /Localize/feedback, /Localize/status, /GetFirstMap/result, /GetFirstMap/feedback, /GetFirstMap/status] Set newGoal 20
396.300000000 INFO /updateDistance [/home/wcqw/ac-slam/catkin_ws/src/cpp_solver/src/updateDistance.cpp:29(occupancyGridCallback)] [topics: /rosout, /edge_distance] Received an OccupancyGrid message!
396.300000000 INFO /updateDistance [/home/wcqw/ac-slam/catkin_ws/src/cpp_solver/src/updateDistance.cpp:30(occupancyGridCallback)] [topics: /rosout, /edge_distance] Width: 625, Height: 710, Size: 443750
396.300000000 INFO /updateDistance [/home/wcqw/ac-slam/catkin_ws/src/cpp_solver/src/updateDistance.cpp:32(occupancyGridCallback)] [topics: /rosout, /edge_distance] Map origin x: -7.415, y: -7.323
396.300000000 INFO /RVIZ [/tmp/binarydeb/ros-noetic-rviz-1.14.26/src/rviz/default_plugin/map_display.cpp:604(MapDisplay::createSwatches)] [topics: /rosout, /initialpose, /goal, /clicked_point] Creating 1 swatches
396.300000000 INFO /updateDistance [/home/wcqw/ac-slam/catkin_ws/src/cpp_solver/src/updateDistance.cpp:87(occupancyGridCallback)] [topics: /rosout, /edge_distance] Free vertices size: 20
396.500000000 INFO /updateDistance [/home/wcqw/ac-slam/catkin_ws/src/cpp_solver/src/updateDistance.cpp:128(occupancyGridCallback)] [topics: /rosout, /edge_distance] 189 edge distance updated
396.800000000 INFO /Navigator [/home/wcqw/ac-slam/catkin_ws/src/cpp_solver/src/MyPlanner.cpp:481(findExplorationTarget)] [topics: /rosout, /cmd, /Navigator/plan, /Navigator/markers, /Navigator/frontiers, /Navigator/frontier_to_vertex, /Navigator/nav_goal, /Navigator/prior_map, /Navigator/visual_tsp_path, /Navigator/tsp_index, /Navigator/path_finder, /Navigator/dist_map, /finished_topic, /request_replan, /Explore/result, /Explore/feedback, /Explore/status, /MoveTo/result, /MoveTo/feedback, /MoveTo/status, /Localize/result, /Localize/feedback, /Localize/status, /GetFirstMap/result, /GetFirstMap/feedback, /GetFirstMap/status] Call local replanning...
396.800000000 INFO /path_planner [path_planner.py:295(PathPlanner.handle_replanning)] [topics: /pose_graph_idx, /rosout, /edge_distance, /clock, /slam_pose_graph] Replanning request. curr_vertex_idx: 13
396.800000000 INFO /path_planner [path_planner.py:296(PathPlanner.handle_replanning)] [topics: /pose_graph_idx, /rosout, /edge_distance, /clock, /slam_pose_graph]                     covered_vertices: ()
396.800000000 INFO /path_planner [path_planner.py:310(PathPlanner.handle_replanning)] [topics: /pose_graph_idx, /rosout, /edge_distance, /clock, /slam_pose_graph] Handle local replanning...
396.800000000 INFO /path_planner [path_planner.py:363(PathPlanner.handle_local_replanning)] [topics: /pose_graph_idx, /rosout, /edge_distance, /clock, /slam_pose_graph] Local path to replan: [20, 19, 15]
396.800000000 INFO /path_planner [path_planner.py:322(PathPlanner.handle_replanning)] [topics: /pose_graph_idx, /rosout, /edge_distance, /clock, /slam_pose_graph] curr path length: 43, is_loop length: 43
396.800000000 INFO /path_planner [path_planner.py:334(PathPlanner.handle_replanning)] [topics: /pose_graph_idx, /rosout, /edge_distance, /clock, /slam_pose_graph] Send new plan: 8 7 6 5 4 3 9 15 16 10 11 35 37 20  ---> 19 15(L) 19 23 29 30 24 25 31 32 26 27 33 34 28 22 21 38 37(L) 38 36 12 13 14 8(L) 14 18 17 21(L) 
402.300000000 INFO /updateDistance [/home/wcqw/ac-slam/catkin_ws/src/cpp_solver/src/updateDistance.cpp:29(occupancyGridCallback)] [topics: /rosout, /edge_distance] Received an OccupancyGrid message!
402.300000000 INFO /updateDistance [/home/wcqw/ac-slam/catkin_ws/src/cpp_solver/src/updateDistance.cpp:30(occupancyGridCallback)] [topics: /rosout, /edge_distance] Width: 639, Height: 710, Size: 453690
402.300000000 INFO /updateDistance [/home/wcqw/ac-slam/catkin_ws/src/cpp_solver/src/updateDistance.cpp:32(occupancyGridCallback)] [topics: /rosout, /edge_distance] Map origin x: -7.415, y: -7.323
402.300000000 INFO /updateDistance [/home/wcqw/ac-slam/catkin_ws/src/cpp_solver/src/updateDistance.cpp:87(occupancyGridCallback)] [topics: /rosout, /edge_distance] Free vertices size: 20
402.300000000 INFO /updateDistance [/home/wcqw/ac-slam/catkin_ws/src/cpp_solver/src/updateDistance.cpp:128(occupancyGridCallback)] [topics: /rosout, /edge_distance] 189 edge distance updated
402.300000000 INFO /RVIZ [/tmp/binarydeb/ros-noetic-rviz-1.14.26/src/rviz/default_plugin/map_display.cpp:604(MapDisplay::createSwatches)] [topics: /rosout, /initialpose, /goal, /clicked_point] Creating 1 swatches
402.600000000 INFO /Navigator [/home/wcqw/ac-slam/catkin_ws/src/cpp_solver/src/MyPlanner.cpp:481(findExplorationTarget)] [topics: /rosout, /cmd, /Navigator/plan, /Navigator/markers, /Navigator/frontiers, /Navigator/frontier_to_vertex, /Navigator/nav_goal, /Navigator/prior_map, /Navigator/visual_tsp_path, /Navigator/tsp_index, /Navigator/path_finder, /Navigator/dist_map, /finished_topic, /request_replan, /Explore/result, /Explore/feedback, /Explore/status, /MoveTo/result, /MoveTo/feedback, /MoveTo/status, /Localize/result, /Localize/feedback, /Localize/status, /GetFirstMap/result, /GetFirstMap/feedback, /GetFirstMap/status] Call local replanning...
402.600000000 INFO /path_planner [path_planner.py:295(PathPlanner.handle_replanning)] [topics: /pose_graph_idx, /rosout, /edge_distance, /clock, /slam_pose_graph] Replanning request. curr_vertex_idx: 13
402.600000000 INFO /path_planner [path_planner.py:296(PathPlanner.handle_replanning)] [topics: /pose_graph_idx, /rosout, /edge_distance, /clock, /slam_pose_graph]                     covered_vertices: ()
402.600000000 INFO /path_planner [path_planner.py:310(PathPlanner.handle_replanning)] [topics: /pose_graph_idx, /rosout, /edge_distance, /clock, /slam_pose_graph] Handle local replanning...
402.600000000 INFO /path_planner [path_planner.py:363(PathPlanner.handle_local_replanning)] [topics: /pose_graph_idx, /rosout, /edge_distance, /clock, /slam_pose_graph] Local path to replan: [20, 19, 15]
402.600000000 INFO /path_planner [path_planner.py:322(PathPlanner.handle_replanning)] [topics: /pose_graph_idx, /rosout, /edge_distance, /clock, /slam_pose_graph] curr path length: 43, is_loop length: 43
402.600000000 INFO /path_planner [path_planner.py:334(PathPlanner.handle_replanning)] [topics: /pose_graph_idx, /rosout, /edge_distance, /clock, /slam_pose_graph] Send new plan: 8 7 6 5 4 3 9 15 16 10 11 35 37 20  ---> 19 15(L) 19 23 29 30 24 25 31 32 26 27 33 34 28 22 21 38 37(L) 38 36 12 13 14 8(L) 14 18 17 21(L) 
407.700000000 INFO /updateDistance [/home/wcqw/ac-slam/catkin_ws/src/cpp_solver/src/updateDistance.cpp:29(occupancyGridCallback)] [topics: /rosout, /edge_distance] Received an OccupancyGrid message!
407.700000000 INFO /updateDistance [/home/wcqw/ac-slam/catkin_ws/src/cpp_solver/src/updateDistance.cpp:30(occupancyGridCallback)] [topics: /rosout, /edge_distance] Width: 664, Height: 721, Size: 478744
407.700000000 INFO /updateDistance [/home/wcqw/ac-slam/catkin_ws/src/cpp_solver/src/updateDistance.cpp:32(occupancyGridCallback)] [topics: /rosout, /edge_distance] Map origin x: -7.415, y: -7.323
407.700000000 INFO /path_planner [path_planner.py:638(PathPlanner.handle_pose_graph)] [topics: /pose_graph_idx, /rosout, /edge_distance, /clock, /slam_pose_graph] Really visited vertices: 8 7 6 5 4 3 9 15 16 35 11 35 37 
407.700000000 INFO /updateDistance [/home/wcqw/ac-slam/catkin_ws/src/cpp_solver/src/updateDistance.cpp:87(occupancyGridCallback)] [topics: /rosout, /edge_distance] Free vertices size: 20
407.700000000 INFO /updateDistance [/home/wcqw/ac-slam/catkin_ws/src/cpp_solver/src/updateDistance.cpp:128(occupancyGridCallback)] [topics: /rosout, /edge_distance] 189 edge distance updated
407.700000000 INFO /RVIZ [/tmp/binarydeb/ros-noetic-rviz-1.14.26/src/rviz/default_plugin/map_display.cpp:604(MapDisplay::createSwatches)] [topics: /rosout, /initialpose, /goal, /clicked_point] Creating 1 swatches
408.300000000 INFO /updateDistance [/home/wcqw/ac-slam/catkin_ws/src/cpp_solver/src/updateDistance.cpp:29(occupancyGridCallback)] [topics: /rosout, /edge_distance] Received an OccupancyGrid message!
408.300000000 INFO /updateDistance [/home/wcqw/ac-slam/catkin_ws/src/cpp_solver/src/updateDistance.cpp:30(occupancyGridCallback)] [topics: /rosout, /edge_distance] Width: 664, Height: 721, Size: 478744
408.300000000 INFO /updateDistance [/home/wcqw/ac-slam/catkin_ws/src/cpp_solver/src/updateDistance.cpp:32(occupancyGridCallback)] [topics: /rosout, /edge_distance] Map origin x: -7.415, y: -7.323
408.300000000 INFO /updateDistance [/home/wcqw/ac-slam/catkin_ws/src/cpp_solver/src/updateDistance.cpp:87(occupancyGridCallback)] [topics: /rosout, /edge_distance] Free vertices size: 20
408.300000000 INFO /updateDistance [/home/wcqw/ac-slam/catkin_ws/src/cpp_solver/src/updateDistance.cpp:128(occupancyGridCallback)] [topics: /rosout, /edge_distance] 189 edge distance updated
408.600000000 INFO /Navigator [/home/wcqw/ac-slam/catkin_ws/src/cpp_solver/src/MyPlanner.cpp:481(findExplorationTarget)] [topics: /rosout, /cmd, /Navigator/plan, /Navigator/markers, /Navigator/frontiers, /Navigator/frontier_to_vertex, /Navigator/nav_goal, /Navigator/prior_map, /Navigator/visual_tsp_path, /Navigator/tsp_index, /Navigator/path_finder, /Navigator/dist_map, /finished_topic, /request_replan, /Explore/result, /Explore/feedback, /Explore/status, /MoveTo/result, /MoveTo/feedback, /MoveTo/status, /Localize/result, /Localize/feedback, /Localize/status, /GetFirstMap/result, /GetFirstMap/feedback, /GetFirstMap/status] Call local replanning...
408.600000000 INFO /path_planner [path_planner.py:295(PathPlanner.handle_replanning)] [topics: /pose_graph_idx, /rosout, /edge_distance, /clock, /slam_pose_graph] Replanning request. curr_vertex_idx: 13
408.600000000 INFO /path_planner [path_planner.py:296(PathPlanner.handle_replanning)] [topics: /pose_graph_idx, /rosout, /edge_distance, /clock, /slam_pose_graph]                     covered_vertices: ()
408.600000000 INFO /path_planner [path_planner.py:310(PathPlanner.handle_replanning)] [topics: /pose_graph_idx, /rosout, /edge_distance, /clock, /slam_pose_graph] Handle local replanning...
408.600000000 INFO /path_planner [path_planner.py:363(PathPlanner.handle_local_replanning)] [topics: /pose_graph_idx, /rosout, /edge_distance, /clock, /slam_pose_graph] Local path to replan: [20, 19, 15]
408.600000000 INFO /path_planner [path_planner.py:322(PathPlanner.handle_replanning)] [topics: /pose_graph_idx, /rosout, /edge_distance, /clock, /slam_pose_graph] curr path length: 43, is_loop length: 43
408.600000000 INFO /path_planner [path_planner.py:334(PathPlanner.handle_replanning)] [topics: /pose_graph_idx, /rosout, /edge_distance, /clock, /slam_pose_graph] Send new plan: 8 7 6 5 4 3 9 15 16 10 11 35 37 20  ---> 19 15(L) 19 23 29 30 24 25 31 32 26 27 33 34 28 22 21 38 37(L) 38 36 12 13 14 8(L) 14 18 17 21(L) 
408.600000000 INFO /Navigator [/home/wcqw/ac-slam/catkin_ws/src/cpp_solver/src/MyPlanner.cpp:509(findExplorationTarget)] [topics: /rosout, /cmd, /Navigator/plan, /Navigator/markers, /Navigator/frontiers, /Navigator/frontier_to_vertex, /Navigator/nav_goal, /Navigator/prior_map, /Navigator/visual_tsp_path, /Navigator/tsp_index, /Navigator/path_finder, /Navigator/dist_map, /finished_topic, /request_replan, /Explore/result, /Explore/feedback, /Explore/status, /MoveTo/result, /MoveTo/feedback, /MoveTo/status, /Localize/result, /Localize/feedback, /Localize/status, /GetFirstMap/result, /GetFirstMap/feedback, /GetFirstMap/status] Reach vertex 20
408.600000000 WARN /Navigator [/home/wcqw/ac-slam/catkin_ws/src/cpp_solver/src/MyPlanner.cpp:570(findExplorationTarget)] [topics: /rosout, /cmd, /Navigator/plan, /Navigator/markers, /Navigator/frontiers, /Navigator/frontier_to_vertex, /Navigator/nav_goal, /Navigator/prior_map, /Navigator/visual_tsp_path, /Navigator/tsp_index, /Navigator/path_finder, /Navigator/dist_map, /finished_topic, /request_replan, /Explore/result, /Explore/feedback, /Explore/status, /MoveTo/result, /MoveTo/feedback, /MoveTo/status, /Localize/result, /Localize/feedback, /Localize/status, /GetFirstMap/result, /GetFirstMap/feedback, /GetFirstMap/status] No frontier at vertex 20. #Frontier: 0
408.600000000 INFO /Navigator [/home/wcqw/ac-slam/catkin_ws/src/cpp_solver/src/MyPlanner.cpp:310(getUsefulGoalIndex)] [topics: /rosout, /cmd, /Navigator/plan, /Navigator/markers, /Navigator/frontiers, /Navigator/frontier_to_vertex, /Navigator/nav_goal, /Navigator/prior_map, /Navigator/visual_tsp_path, /Navigator/tsp_index, /Navigator/path_finder, /Navigator/dist_map, /finished_topic, /request_replan, /Explore/result, /Explore/feedback, /Explore/status, /MoveTo/result, /MoveTo/feedback, /MoveTo/status, /Localize/result, /Localize/feedback, /Localize/status, /GetFirstMap/result, /GetFirstMap/feedback, /GetFirstMap/status] Set newGoal 19
414.200000000 INFO /updateDistance [/home/wcqw/ac-slam/catkin_ws/src/cpp_solver/src/updateDistance.cpp:29(occupancyGridCallback)] [topics: /rosout, /edge_distance] Received an OccupancyGrid message!
414.200000000 INFO /updateDistance [/home/wcqw/ac-slam/catkin_ws/src/cpp_solver/src/updateDistance.cpp:30(occupancyGridCallback)] [topics: /rosout, /edge_distance] Width: 665, Height: 721, Size: 479465
414.200000000 INFO /updateDistance [/home/wcqw/ac-slam/catkin_ws/src/cpp_solver/src/updateDistance.cpp:32(occupancyGridCallback)] [topics: /rosout, /edge_distance] Map origin x: -7.415, y: -7.323
414.200000000 INFO /path_planner [path_planner.py:638(PathPlanner.handle_pose_graph)] [topics: /pose_graph_idx, /rosout, /edge_distance, /clock, /slam_pose_graph] Really visited vertices: 8 7 6 5 4 3 9 15 16 35 11 35 37 20 
414.200000000 INFO /updateDistance [/home/wcqw/ac-slam/catkin_ws/src/cpp_solver/src/updateDistance.cpp:87(occupancyGridCallback)] [topics: /rosout, /edge_distance] Free vertices size: 20
414.200000000 INFO /updateDistance [/home/wcqw/ac-slam/catkin_ws/src/cpp_solver/src/updateDistance.cpp:128(occupancyGridCallback)] [topics: /rosout, /edge_distance] 189 edge distance updated
414.200000000 INFO /RVIZ [/tmp/binarydeb/ros-noetic-rviz-1.14.26/src/rviz/default_plugin/map_display.cpp:604(MapDisplay::createSwatches)] [topics: /rosout, /initialpose, /goal, /clicked_point] Creating 1 swatches
414.300000000 INFO /updateDistance [/home/wcqw/ac-slam/catkin_ws/src/cpp_solver/src/updateDistance.cpp:29(occupancyGridCallback)] [topics: /rosout, /edge_distance] Received an OccupancyGrid message!
414.300000000 INFO /updateDistance [/home/wcqw/ac-slam/catkin_ws/src/cpp_solver/src/updateDistance.cpp:30(occupancyGridCallback)] [topics: /rosout, /edge_distance] Width: 665, Height: 721, Size: 479465
414.300000000 INFO /updateDistance [/home/wcqw/ac-slam/catkin_ws/src/cpp_solver/src/updateDistance.cpp:32(occupancyGridCallback)] [topics: /rosout, /edge_distance] Map origin x: -7.415, y: -7.323
414.300000000 INFO /updateDistance [/home/wcqw/ac-slam/catkin_ws/src/cpp_solver/src/updateDistance.cpp:87(occupancyGridCallback)] [topics: /rosout, /edge_distance] Free vertices size: 20
414.300000000 INFO /updateDistance [/home/wcqw/ac-slam/catkin_ws/src/cpp_solver/src/updateDistance.cpp:128(occupancyGridCallback)] [topics: /rosout, /edge_distance] 189 edge distance updated
414.600000000 INFO /Navigator [/home/wcqw/ac-slam/catkin_ws/src/cpp_solver/src/MyPlanner.cpp:481(findExplorationTarget)] [topics: /rosout, /cmd, /Navigator/plan, /Navigator/markers, /Navigator/frontiers, /Navigator/frontier_to_vertex, /Navigator/nav_goal, /Navigator/prior_map, /Navigator/visual_tsp_path, /Navigator/tsp_index, /Navigator/path_finder, /Navigator/dist_map, /finished_topic, /request_replan, /Explore/result, /Explore/feedback, /Explore/status, /MoveTo/result, /MoveTo/feedback, /MoveTo/status, /Localize/result, /Localize/feedback, /Localize/status, /GetFirstMap/result, /GetFirstMap/feedback, /GetFirstMap/status] Call local replanning...
414.600000000 INFO /path_planner [path_planner.py:295(PathPlanner.handle_replanning)] [topics: /pose_graph_idx, /rosout, /edge_distance, /clock, /slam_pose_graph] Replanning request. curr_vertex_idx: 14
414.600000000 INFO /path_planner [path_planner.py:296(PathPlanner.handle_replanning)] [topics: /pose_graph_idx, /rosout, /edge_distance, /clock, /slam_pose_graph]                     covered_vertices: ()
414.600000000 INFO /path_planner [path_planner.py:310(PathPlanner.handle_replanning)] [topics: /pose_graph_idx, /rosout, /edge_distance, /clock, /slam_pose_graph] Handle local replanning...
414.600000000 INFO /path_planner [path_planner.py:363(PathPlanner.handle_local_replanning)] [topics: /pose_graph_idx, /rosout, /edge_distance, /clock, /slam_pose_graph] Local path to replan: [19, 15]
414.600000000 INFO /path_planner [path_planner.py:322(PathPlanner.handle_replanning)] [topics: /pose_graph_idx, /rosout, /edge_distance, /clock, /slam_pose_graph] curr path length: 43, is_loop length: 43
414.600000000 INFO /path_planner [path_planner.py:334(PathPlanner.handle_replanning)] [topics: /pose_graph_idx, /rosout, /edge_distance, /clock, /slam_pose_graph] Send new plan: 8 7 6 5 4 3 9 15 16 10 11 35 37 20 19  ---> 15(L) 19 23 29 30 24 25 31 32 26 27 33 34 28 22 21 38 37(L) 38 36 12 13 14 8(L) 14 18 17 21(L) 
419.500000000 INFO /updateDistance [/home/wcqw/ac-slam/catkin_ws/src/cpp_solver/src/updateDistance.cpp:29(occupancyGridCallback)] [topics: /rosout, /edge_distance] Received an OccupancyGrid message!
419.500000000 INFO /updateDistance [/home/wcqw/ac-slam/catkin_ws/src/cpp_solver/src/updateDistance.cpp:30(occupancyGridCallback)] [topics: /rosout, /edge_distance] Width: 666, Height: 721, Size: 480186
419.500000000 INFO /updateDistance [/home/wcqw/ac-slam/catkin_ws/src/cpp_solver/src/updateDistance.cpp:32(occupancyGridCallback)] [topics: /rosout, /edge_distance] Map origin x: -7.415, y: -7.323
419.500000000 INFO /path_planner [path_planner.py:638(PathPlanner.handle_pose_graph)] [topics: /pose_graph_idx, /rosout, /edge_distance, /clock, /slam_pose_graph] Really visited vertices: 8 7 6 5 4 3 9 15 16 35 11 35 37 20 
419.500000000 INFO /updateDistance [/home/wcqw/ac-slam/catkin_ws/src/cpp_solver/src/updateDistance.cpp:87(occupancyGridCallback)] [topics: /rosout, /edge_distance] Free vertices size: 21
419.600000000 INFO /RVIZ [/tmp/binarydeb/ros-noetic-rviz-1.14.26/src/rviz/default_plugin/map_display.cpp:604(MapDisplay::createSwatches)] [topics: /rosout, /initialpose, /goal, /clicked_point] Creating 1 swatches
419.800000000 INFO /updateDistance [/home/wcqw/ac-slam/catkin_ws/src/cpp_solver/src/updateDistance.cpp:128(occupancyGridCallback)] [topics: /rosout, /edge_distance] 208 edge distance updated
420.300000000 INFO /updateDistance [/home/wcqw/ac-slam/catkin_ws/src/cpp_solver/src/updateDistance.cpp:29(occupancyGridCallback)] [topics: /rosout, /edge_distance] Received an OccupancyGrid message!
420.300000000 INFO /updateDistance [/home/wcqw/ac-slam/catkin_ws/src/cpp_solver/src/updateDistance.cpp:30(occupancyGridCallback)] [topics: /rosout, /edge_distance] Width: 666, Height: 721, Size: 480186
420.300000000 INFO /updateDistance [/home/wcqw/ac-slam/catkin_ws/src/cpp_solver/src/updateDistance.cpp:32(occupancyGridCallback)] [topics: /rosout, /edge_distance] Map origin x: -7.415, y: -7.323
420.300000000 INFO /updateDistance [/home/wcqw/ac-slam/catkin_ws/src/cpp_solver/src/updateDistance.cpp:87(occupancyGridCallback)] [topics: /rosout, /edge_distance] Free vertices size: 21
420.300000000 INFO /updateDistance [/home/wcqw/ac-slam/catkin_ws/src/cpp_solver/src/updateDistance.cpp:128(occupancyGridCallback)] [topics: /rosout, /edge_distance] 208 edge distance updated
420.600000000 INFO /Navigator [/home/wcqw/ac-slam/catkin_ws/src/cpp_solver/src/MyPlanner.cpp:481(findExplorationTarget)] [topics: /rosout, /cmd, /Navigator/plan, /Navigator/markers, /Navigator/frontiers, /Navigator/frontier_to_vertex, /Navigator/nav_goal, /Navigator/prior_map, /Navigator/visual_tsp_path, /Navigator/tsp_index, /Navigator/path_finder, /Navigator/dist_map, /finished_topic, /request_replan, /Explore/result, /Explore/feedback, /Explore/status, /MoveTo/result, /MoveTo/feedback, /MoveTo/status, /Localize/result, /Localize/feedback, /Localize/status, /GetFirstMap/result, /GetFirstMap/feedback, /GetFirstMap/status] Call local replanning...
420.600000000 INFO /path_planner [path_planner.py:295(PathPlanner.handle_replanning)] [topics: /pose_graph_idx, /rosout, /edge_distance, /clock, /slam_pose_graph] Replanning request. curr_vertex_idx: 14
420.600000000 INFO /path_planner [path_planner.py:296(PathPlanner.handle_replanning)] [topics: /pose_graph_idx, /rosout, /edge_distance, /clock, /slam_pose_graph]                     covered_vertices: ()
420.600000000 INFO /path_planner [path_planner.py:310(PathPlanner.handle_replanning)] [topics: /pose_graph_idx, /rosout, /edge_distance, /clock, /slam_pose_graph] Handle local replanning...
420.600000000 INFO /path_planner [path_planner.py:363(PathPlanner.handle_local_replanning)] [topics: /pose_graph_idx, /rosout, /edge_distance, /clock, /slam_pose_graph] Local path to replan: [19, 15]
420.600000000 INFO /path_planner [path_planner.py:322(PathPlanner.handle_replanning)] [topics: /pose_graph_idx, /rosout, /edge_distance, /clock, /slam_pose_graph] curr path length: 43, is_loop length: 43
420.600000000 INFO /path_planner [path_planner.py:334(PathPlanner.handle_replanning)] [topics: /pose_graph_idx, /rosout, /edge_distance, /clock, /slam_pose_graph] Send new plan: 8 7 6 5 4 3 9 15 16 10 11 35 37 20 19  ---> 15(L) 19 23 29 30 24 25 31 32 26 27 33 34 28 22 21 38 37(L) 38 36 12 13 14 8(L) 14 18 17 21(L) 
426.200000000 INFO /updateDistance [/home/wcqw/ac-slam/catkin_ws/src/cpp_solver/src/updateDistance.cpp:29(occupancyGridCallback)] [topics: /rosout, /edge_distance] Received an OccupancyGrid message!
426.200000000 INFO /updateDistance [/home/wcqw/ac-slam/catkin_ws/src/cpp_solver/src/updateDistance.cpp:30(occupancyGridCallback)] [topics: /rosout, /edge_distance] Width: 666, Height: 724, Size: 482184
426.200000000 INFO /updateDistance [/home/wcqw/ac-slam/catkin_ws/src/cpp_solver/src/updateDistance.cpp:32(occupancyGridCallback)] [topics: /rosout, /edge_distance] Map origin x: -7.415, y: -7.323
426.200000000 INFO /path_planner [path_planner.py:638(PathPlanner.handle_pose_graph)] [topics: /pose_graph_idx, /rosout, /edge_distance, /clock, /slam_pose_graph] Really visited vertices: 8 7 6 5 4 3 9 15 16 35 11 35 37 20 
426.200000000 INFO /updateDistance [/home/wcqw/ac-slam/catkin_ws/src/cpp_solver/src/updateDistance.cpp:87(occupancyGridCallback)] [topics: /rosout, /edge_distance] Free vertices size: 21
426.200000000 INFO /updateDistance [/home/wcqw/ac-slam/catkin_ws/src/cpp_solver/src/updateDistance.cpp:128(occupancyGridCallback)] [topics: /rosout, /edge_distance] 208 edge distance updated
426.200000000 INFO /RVIZ [/tmp/binarydeb/ros-noetic-rviz-1.14.26/src/rviz/default_plugin/map_display.cpp:604(MapDisplay::createSwatches)] [topics: /rosout, /initialpose, /goal, /clicked_point] Creating 1 swatches
426.300000000 INFO /updateDistance [/home/wcqw/ac-slam/catkin_ws/src/cpp_solver/src/updateDistance.cpp:29(occupancyGridCallback)] [topics: /rosout, /edge_distance] Received an OccupancyGrid message!
426.300000000 INFO /updateDistance [/home/wcqw/ac-slam/catkin_ws/src/cpp_solver/src/updateDistance.cpp:30(occupancyGridCallback)] [topics: /rosout, /edge_distance] Width: 666, Height: 724, Size: 482184
426.300000000 INFO /updateDistance [/home/wcqw/ac-slam/catkin_ws/src/cpp_solver/src/updateDistance.cpp:32(occupancyGridCallback)] [topics: /rosout, /edge_distance] Map origin x: -7.415, y: -7.323
426.300000000 INFO /updateDistance [/home/wcqw/ac-slam/catkin_ws/src/cpp_solver/src/updateDistance.cpp:87(occupancyGridCallback)] [topics: /rosout, /edge_distance] Free vertices size: 21
426.300000000 INFO /updateDistance [/home/wcqw/ac-slam/catkin_ws/src/cpp_solver/src/updateDistance.cpp:128(occupancyGridCallback)] [topics: /rosout, /edge_distance] 208 edge distance updated
426.600000000 INFO /Navigator [/home/wcqw/ac-slam/catkin_ws/src/cpp_solver/src/MyPlanner.cpp:481(findExplorationTarget)] [topics: /rosout, /cmd, /Navigator/plan, /Navigator/markers, /Navigator/frontiers, /Navigator/frontier_to_vertex, /Navigator/nav_goal, /Navigator/prior_map, /Navigator/visual_tsp_path, /Navigator/tsp_index, /Navigator/path_finder, /Navigator/dist_map, /finished_topic, /request_replan, /Explore/result, /Explore/feedback, /Explore/status, /MoveTo/result, /MoveTo/feedback, /MoveTo/status, /Localize/result, /Localize/feedback, /Localize/status, /GetFirstMap/result, /GetFirstMap/feedback, /GetFirstMap/status] Call local replanning...
426.600000000 INFO /path_planner [path_planner.py:295(PathPlanner.handle_replanning)] [topics: /pose_graph_idx, /rosout, /edge_distance, /clock, /slam_pose_graph] Replanning request. curr_vertex_idx: 14
426.600000000 INFO /path_planner [path_planner.py:296(PathPlanner.handle_replanning)] [topics: /pose_graph_idx, /rosout, /edge_distance, /clock, /slam_pose_graph]                     covered_vertices: ()
426.600000000 INFO /path_planner [path_planner.py:310(PathPlanner.handle_replanning)] [topics: /pose_graph_idx, /rosout, /edge_distance, /clock, /slam_pose_graph] Handle local replanning...
426.600000000 INFO /path_planner [path_planner.py:363(PathPlanner.handle_local_replanning)] [topics: /pose_graph_idx, /rosout, /edge_distance, /clock, /slam_pose_graph] Local path to replan: [19, 15]
426.600000000 INFO /path_planner [path_planner.py:322(PathPlanner.handle_replanning)] [topics: /pose_graph_idx, /rosout, /edge_distance, /clock, /slam_pose_graph] curr path length: 43, is_loop length: 43
426.600000000 INFO /path_planner [path_planner.py:334(PathPlanner.handle_replanning)] [topics: /pose_graph_idx, /rosout, /edge_distance, /clock, /slam_pose_graph] Send new plan: 8 7 6 5 4 3 9 15 16 10 11 35 37 20 19  ---> 15(L) 19 23 29 30 24 25 31 32 26 27 33 34 28 22 21 38 37(L) 38 36 12 13 14 8(L) 14 18 17 21(L) 
426.600000000 INFO /Navigator [/home/wcqw/ac-slam/catkin_ws/src/cpp_solver/src/MyPlanner.cpp:509(findExplorationTarget)] [topics: /rosout, /cmd, /Navigator/plan, /Navigator/markers, /Navigator/frontiers, /Navigator/frontier_to_vertex, /Navigator/nav_goal, /Navigator/prior_map, /Navigator/visual_tsp_path, /Navigator/tsp_index, /Navigator/path_finder, /Navigator/dist_map, /finished_topic, /request_replan, /Explore/result, /Explore/feedback, /Explore/status, /MoveTo/result, /MoveTo/feedback, /MoveTo/status, /Localize/result, /Localize/feedback, /Localize/status, /GetFirstMap/result, /GetFirstMap/feedback, /GetFirstMap/status] Reach vertex 19
426.600000000 INFO /Navigator [/home/wcqw/ac-slam/catkin_ws/src/cpp_solver/src/MyPlanner.cpp:613(findExplorationTarget)] [topics: /rosout, /cmd, /Navigator/plan, /Navigator/markers, /Navigator/frontiers, /Navigator/frontier_to_vertex, /Navigator/nav_goal, /Navigator/prior_map, /Navigator/visual_tsp_path, /Navigator/tsp_index, /Navigator/path_finder, /Navigator/dist_map, /finished_topic, /request_replan, /Explore/result, /Explore/feedback, /Explore/status, /MoveTo/result, /MoveTo/feedback, /MoveTo/status, /Localize/result, /Localize/feedback, /Localize/status, /GetFirstMap/result, /GetFirstMap/feedback, /GetFirstMap/status] Explore Goal 19 's frontiers...
432.100000000 INFO /updateDistance [/home/wcqw/ac-slam/catkin_ws/src/cpp_solver/src/updateDistance.cpp:29(occupancyGridCallback)] [topics: /rosout, /edge_distance] Received an OccupancyGrid message!
432.100000000 INFO /updateDistance [/home/wcqw/ac-slam/catkin_ws/src/cpp_solver/src/updateDistance.cpp:30(occupancyGridCallback)] [topics: /rosout, /edge_distance] Width: 688, Height: 724, Size: 498112
432.100000000 INFO /updateDistance [/home/wcqw/ac-slam/catkin_ws/src/cpp_solver/src/updateDistance.cpp:32(occupancyGridCallback)] [topics: /rosout, /edge_distance] Map origin x: -7.415, y: -7.323
432.100000000 INFO /path_planner [path_planner.py:638(PathPlanner.handle_pose_graph)] [topics: /pose_graph_idx, /rosout, /edge_distance, /clock, /slam_pose_graph] Really visited vertices: 8 7 6 5 4 3 9 15 16 35 11 35 37 20 19 
432.100000000 INFO /RVIZ [/tmp/binarydeb/ros-noetic-rviz-1.14.26/src/rviz/default_plugin/map_display.cpp:604(MapDisplay::createSwatches)] [topics: /rosout, /initialpose, /goal, /clicked_point] Creating 1 swatches
432.100000000 INFO /updateDistance [/home/wcqw/ac-slam/catkin_ws/src/cpp_solver/src/updateDistance.cpp:87(occupancyGridCallback)] [topics: /rosout, /edge_distance] Free vertices size: 21
432.100000000 INFO /updateDistance [/home/wcqw/ac-slam/catkin_ws/src/cpp_solver/src/updateDistance.cpp:128(occupancyGridCallback)] [topics: /rosout, /edge_distance] 208 edge distance updated
432.300000000 INFO /updateDistance [/home/wcqw/ac-slam/catkin_ws/src/cpp_solver/src/updateDistance.cpp:29(occupancyGridCallback)] [topics: /rosout, /edge_distance] Received an OccupancyGrid message!
432.300000000 INFO /updateDistance [/home/wcqw/ac-slam/catkin_ws/src/cpp_solver/src/updateDistance.cpp:30(occupancyGridCallback)] [topics: /rosout, /edge_distance] Width: 688, Height: 724, Size: 498112
432.300000000 INFO /updateDistance [/home/wcqw/ac-slam/catkin_ws/src/cpp_solver/src/updateDistance.cpp:32(occupancyGridCallback)] [topics: /rosout, /edge_distance] Map origin x: -7.415, y: -7.323
432.300000000 INFO /updateDistance [/home/wcqw/ac-slam/catkin_ws/src/cpp_solver/src/updateDistance.cpp:87(occupancyGridCallback)] [topics: /rosout, /edge_distance] Free vertices size: 21
432.300000000 INFO /updateDistance [/home/wcqw/ac-slam/catkin_ws/src/cpp_solver/src/updateDistance.cpp:128(occupancyGridCallback)] [topics: /rosout, /edge_distance] 208 edge distance updated
432.600000000 INFO /Navigator [/home/wcqw/ac-slam/catkin_ws/src/cpp_solver/src/MyPlanner.cpp:481(findExplorationTarget)] [topics: /rosout, /cmd, /Navigator/plan, /Navigator/markers, /Navigator/frontiers, /Navigator/frontier_to_vertex, /Navigator/nav_goal, /Navigator/prior_map, /Navigator/visual_tsp_path, /Navigator/tsp_index, /Navigator/path_finder, /Navigator/dist_map, /finished_topic, /request_replan, /Explore/result, /Explore/feedback, /Explore/status, /MoveTo/result, /MoveTo/feedback, /MoveTo/status, /Localize/result, /Localize/feedback, /Localize/status, /GetFirstMap/result, /GetFirstMap/feedback, /GetFirstMap/status] Call local replanning...
432.600000000 INFO /path_planner [path_planner.py:295(PathPlanner.handle_replanning)] [topics: /pose_graph_idx, /rosout, /edge_distance, /clock, /slam_pose_graph] Replanning request. curr_vertex_idx: 14
432.600000000 INFO /path_planner [path_planner.py:296(PathPlanner.handle_replanning)] [topics: /pose_graph_idx, /rosout, /edge_distance, /clock, /slam_pose_graph]                     covered_vertices: ()
432.600000000 INFO /path_planner [path_planner.py:310(PathPlanner.handle_replanning)] [topics: /pose_graph_idx, /rosout, /edge_distance, /clock, /slam_pose_graph] Handle local replanning...
432.600000000 INFO /path_planner [path_planner.py:363(PathPlanner.handle_local_replanning)] [topics: /pose_graph_idx, /rosout, /edge_distance, /clock, /slam_pose_graph] Local path to replan: [19, 15]
432.600000000 INFO /path_planner [path_planner.py:322(PathPlanner.handle_replanning)] [topics: /pose_graph_idx, /rosout, /edge_distance, /clock, /slam_pose_graph] curr path length: 43, is_loop length: 43
432.600000000 INFO /path_planner [path_planner.py:334(PathPlanner.handle_replanning)] [topics: /pose_graph_idx, /rosout, /edge_distance, /clock, /slam_pose_graph] Send new plan: 8 7 6 5 4 3 9 15 16 10 11 35 37 20 19  ---> 15(L) 19 23 29 30 24 25 31 32 26 27 33 34 28 22 21 38 37(L) 38 36 12 13 14 8(L) 14 18 17 21(L) 
432.600000000 INFO /Navigator [/home/wcqw/ac-slam/catkin_ws/src/cpp_solver/src/MyPlanner.cpp:613(findExplorationTarget)] [topics: /rosout, /cmd, /Navigator/plan, /Navigator/markers, /Navigator/frontiers, /Navigator/frontier_to_vertex, /Navigator/nav_goal, /Navigator/prior_map, /Navigator/visual_tsp_path, /Navigator/tsp_index, /Navigator/path_finder, /Navigator/dist_map, /finished_topic, /request_replan, /Explore/result, /Explore/feedback, /Explore/status, /MoveTo/result, /MoveTo/feedback, /MoveTo/status, /Localize/result, /Localize/feedback, /Localize/status, /GetFirstMap/result, /GetFirstMap/feedback, /GetFirstMap/status] Explore Goal 19 's frontiers...
437.300000000 INFO /updateDistance [/home/wcqw/ac-slam/catkin_ws/src/cpp_solver/src/updateDistance.cpp:29(occupancyGridCallback)] [topics: /rosout, /edge_distance] Received an OccupancyGrid message!
437.300000000 INFO /updateDistance [/home/wcqw/ac-slam/catkin_ws/src/cpp_solver/src/updateDistance.cpp:30(occupancyGridCallback)] [topics: /rosout, /edge_distance] Width: 701, Height: 724, Size: 507524
437.300000000 INFO /updateDistance [/home/wcqw/ac-slam/catkin_ws/src/cpp_solver/src/updateDistance.cpp:32(occupancyGridCallback)] [topics: /rosout, /edge_distance] Map origin x: -7.415, y: -7.323
437.300000000 INFO /path_planner [path_planner.py:638(PathPlanner.handle_pose_graph)] [topics: /pose_graph_idx, /rosout, /edge_distance, /clock, /slam_pose_graph] Really visited vertices: 8 7 6 5 4 3 9 15 16 35 11 35 37 20 19 
437.300000000 INFO /updateDistance [/home/wcqw/ac-slam/catkin_ws/src/cpp_solver/src/updateDistance.cpp:87(occupancyGridCallback)] [topics: /rosout, /edge_distance] Free vertices size: 22
437.300000000 INFO /RVIZ [/tmp/binarydeb/ros-noetic-rviz-1.14.26/src/rviz/default_plugin/map_display.cpp:604(MapDisplay::createSwatches)] [topics: /rosout, /initialpose, /goal, /clicked_point] Creating 1 swatches
437.500000000 INFO /updateDistance [/home/wcqw/ac-slam/catkin_ws/src/cpp_solver/src/updateDistance.cpp:128(occupancyGridCallback)] [topics: /rosout, /edge_distance] 228 edge distance updated
438.300000000 INFO /updateDistance [/home/wcqw/ac-slam/catkin_ws/src/cpp_solver/src/updateDistance.cpp:29(occupancyGridCallback)] [topics: /rosout, /edge_distance] Received an OccupancyGrid message!
438.300000000 INFO /updateDistance [/home/wcqw/ac-slam/catkin_ws/src/cpp_solver/src/updateDistance.cpp:30(occupancyGridCallback)] [topics: /rosout, /edge_distance] Width: 701, Height: 724, Size: 507524
438.300000000 INFO /updateDistance [/home/wcqw/ac-slam/catkin_ws/src/cpp_solver/src/updateDistance.cpp:32(occupancyGridCallback)] [topics: /rosout, /edge_distance] Map origin x: -7.415, y: -7.323
438.300000000 INFO /updateDistance [/home/wcqw/ac-slam/catkin_ws/src/cpp_solver/src/updateDistance.cpp:87(occupancyGridCallback)] [topics: /rosout, /edge_distance] Free vertices size: 22
438.300000000 INFO /updateDistance [/home/wcqw/ac-slam/catkin_ws/src/cpp_solver/src/updateDistance.cpp:128(occupancyGridCallback)] [topics: /rosout, /edge_distance] 228 edge distance updated
438.800000000 INFO /Navigator [/home/wcqw/ac-slam/catkin_ws/src/cpp_solver/src/MyPlanner.cpp:481(findExplorationTarget)] [topics: /rosout, /cmd, /Navigator/plan, /Navigator/markers, /Navigator/frontiers, /Navigator/frontier_to_vertex, /Navigator/nav_goal, /Navigator/prior_map, /Navigator/visual_tsp_path, /Navigator/tsp_index, /Navigator/path_finder, /Navigator/dist_map, /finished_topic, /request_replan, /Explore/result, /Explore/feedback, /Explore/status, /MoveTo/result, /MoveTo/feedback, /MoveTo/status, /Localize/result, /Localize/feedback, /Localize/status, /GetFirstMap/result, /GetFirstMap/feedback, /GetFirstMap/status] Call local replanning...
438.800000000 INFO /path_planner [path_planner.py:295(PathPlanner.handle_replanning)] [topics: /pose_graph_idx, /rosout, /edge_distance, /clock, /slam_pose_graph] Replanning request. curr_vertex_idx: 14
438.800000000 INFO /path_planner [path_planner.py:296(PathPlanner.handle_replanning)] [topics: /pose_graph_idx, /rosout, /edge_distance, /clock, /slam_pose_graph]                     covered_vertices: ()
438.800000000 INFO /path_planner [path_planner.py:310(PathPlanner.handle_replanning)] [topics: /pose_graph_idx, /rosout, /edge_distance, /clock, /slam_pose_graph] Handle local replanning...
438.800000000 INFO /path_planner [path_planner.py:363(PathPlanner.handle_local_replanning)] [topics: /pose_graph_idx, /rosout, /edge_distance, /clock, /slam_pose_graph] Local path to replan: [19, 15]
438.800000000 INFO /path_planner [path_planner.py:322(PathPlanner.handle_replanning)] [topics: /pose_graph_idx, /rosout, /edge_distance, /clock, /slam_pose_graph] curr path length: 43, is_loop length: 43
438.800000000 INFO /path_planner [path_planner.py:334(PathPlanner.handle_replanning)] [topics: /pose_graph_idx, /rosout, /edge_distance, /clock, /slam_pose_graph] Send new plan: 8 7 6 5 4 3 9 15 16 10 11 35 37 20 19  ---> 15(L) 19 23 29 30 24 25 31 32 26 27 33 34 28 22 21 38 37(L) 38 36 12 13 14 8(L) 14 18 17 21(L) 
438.800000000 INFO /Navigator [/home/wcqw/ac-slam/catkin_ws/src/cpp_solver/src/MyPlanner.cpp:613(findExplorationTarget)] [topics: /rosout, /cmd, /Navigator/plan, /Navigator/markers, /Navigator/frontiers, /Navigator/frontier_to_vertex, /Navigator/nav_goal, /Navigator/prior_map, /Navigator/visual_tsp_path, /Navigator/tsp_index, /Navigator/path_finder, /Navigator/dist_map, /finished_topic, /request_replan, /Explore/result, /Explore/feedback, /Explore/status, /MoveTo/result, /MoveTo/feedback, /MoveTo/status, /Localize/result, /Localize/feedback, /Localize/status, /GetFirstMap/result, /GetFirstMap/feedback, /GetFirstMap/status] Explore Goal 19 's frontiers...
440.300000000 INFO /updateDistance [/home/wcqw/ac-slam/catkin_ws/src/cpp_solver/src/updateDistance.cpp:29(occupancyGridCallback)] [topics: /rosout, /edge_distance] Received an OccupancyGrid message!
440.300000000 INFO /updateDistance [/home/wcqw/ac-slam/catkin_ws/src/cpp_solver/src/updateDistance.cpp:30(occupancyGridCallback)] [topics: /rosout, /edge_distance] Width: 701, Height: 724, Size: 507524
440.300000000 INFO /updateDistance [/home/wcqw/ac-slam/catkin_ws/src/cpp_solver/src/updateDistance.cpp:32(occupancyGridCallback)] [topics: /rosout, /edge_distance] Map origin x: -7.415, y: -7.323
440.300000000 INFO /updateDistance [/home/wcqw/ac-slam/catkin_ws/src/cpp_solver/src/updateDistance.cpp:87(occupancyGridCallback)] [topics: /rosout, /edge_distance] Free vertices size: 22
440.300000000 INFO /updateDistance [/home/wcqw/ac-slam/catkin_ws/src/cpp_solver/src/updateDistance.cpp:128(occupancyGridCallback)] [topics: /rosout, /edge_distance] 228 edge distance updated
440.800000000 INFO /Navigator [/home/wcqw/ac-slam/catkin_ws/src/cpp_solver/src/MyPlanner.cpp:481(findExplorationTarget)] [topics: /rosout, /cmd, /Navigator/plan, /Navigator/markers, /Navigator/frontiers, /Navigator/frontier_to_vertex, /Navigator/nav_goal, /Navigator/prior_map, /Navigator/visual_tsp_path, /Navigator/tsp_index, /Navigator/path_finder, /Navigator/dist_map, /finished_topic, /request_replan, /Explore/result, /Explore/feedback, /Explore/status, /MoveTo/result, /MoveTo/feedback, /MoveTo/status, /Localize/result, /Localize/feedback, /Localize/status, /GetFirstMap/result, /GetFirstMap/feedback, /GetFirstMap/status] Call local replanning...
440.800000000 INFO /path_planner [path_planner.py:295(PathPlanner.handle_replanning)] [topics: /pose_graph_idx, /rosout, /edge_distance, /clock, /slam_pose_graph] Replanning request. curr_vertex_idx: 14
440.800000000 INFO /path_planner [path_planner.py:296(PathPlanner.handle_replanning)] [topics: /pose_graph_idx, /rosout, /edge_distance, /clock, /slam_pose_graph]                     covered_vertices: ()
440.800000000 INFO /path_planner [path_planner.py:310(PathPlanner.handle_replanning)] [topics: /pose_graph_idx, /rosout, /edge_distance, /clock, /slam_pose_graph] Handle local replanning...
440.800000000 INFO /path_planner [path_planner.py:363(PathPlanner.handle_local_replanning)] [topics: /pose_graph_idx, /rosout, /edge_distance, /clock, /slam_pose_graph] Local path to replan: [19, 15]
440.800000000 INFO /path_planner [path_planner.py:322(PathPlanner.handle_replanning)] [topics: /pose_graph_idx, /rosout, /edge_distance, /clock, /slam_pose_graph] curr path length: 43, is_loop length: 43
440.800000000 INFO /path_planner [path_planner.py:334(PathPlanner.handle_replanning)] [topics: /pose_graph_idx, /rosout, /edge_distance, /clock, /slam_pose_graph] Send new plan: 8 7 6 5 4 3 9 15 16 10 11 35 37 20 19  ---> 15(L) 19 23 29 30 24 25 31 32 26 27 33 34 28 22 21 38 37(L) 38 36 12 13 14 8(L) 14 18 17 21(L) 
440.900000000 WARN /Navigator [/home/wcqw/ac-slam/catkin_ws/src/cpp_solver/src/MyPlanner.cpp:570(findExplorationTarget)] [topics: /rosout, /cmd, /Navigator/plan, /Navigator/markers, /Navigator/frontiers, /Navigator/frontier_to_vertex, /Navigator/nav_goal, /Navigator/prior_map, /Navigator/visual_tsp_path, /Navigator/tsp_index, /Navigator/path_finder, /Navigator/dist_map, /finished_topic, /request_replan, /Explore/result, /Explore/feedback, /Explore/status, /MoveTo/result, /MoveTo/feedback, /MoveTo/status, /Localize/result, /Localize/feedback, /Localize/status, /GetFirstMap/result, /GetFirstMap/feedback, /GetFirstMap/status] No frontier at vertex 19. #Frontier: 0
440.900000000 INFO /Navigator [/home/wcqw/ac-slam/catkin_ws/src/cpp_solver/src/MyPlanner.cpp:310(getUsefulGoalIndex)] [topics: /rosout, /cmd, /Navigator/plan, /Navigator/markers, /Navigator/frontiers, /Navigator/frontier_to_vertex, /Navigator/nav_goal, /Navigator/prior_map, /Navigator/visual_tsp_path, /Navigator/tsp_index, /Navigator/path_finder, /Navigator/dist_map, /finished_topic, /request_replan, /Explore/result, /Explore/feedback, /Explore/status, /MoveTo/result, /MoveTo/feedback, /MoveTo/status, /Localize/result, /Localize/feedback, /Localize/status, /GetFirstMap/result, /GetFirstMap/feedback, /GetFirstMap/status] Set newGoal 15
446.000000000 INFO /updateDistance [/home/wcqw/ac-slam/catkin_ws/src/cpp_solver/src/updateDistance.cpp:29(occupancyGridCallback)] [topics: /rosout, /edge_distance] Received an OccupancyGrid message!
446.000000000 INFO /updateDistance [/home/wcqw/ac-slam/catkin_ws/src/cpp_solver/src/updateDistance.cpp:30(occupancyGridCallback)] [topics: /rosout, /edge_distance] Width: 701, Height: 724, Size: 507524
446.000000000 INFO /updateDistance [/home/wcqw/ac-slam/catkin_ws/src/cpp_solver/src/updateDistance.cpp:32(occupancyGridCallback)] [topics: /rosout, /edge_distance] Map origin x: -7.415, y: -7.323
446.000000000 INFO /path_planner [path_planner.py:638(PathPlanner.handle_pose_graph)] [topics: /pose_graph_idx, /rosout, /edge_distance, /clock, /slam_pose_graph] Really visited vertices: 8 7 6 5 4 3 9 15 16 35 11 35 37 20 19 
446.000000000 INFO /updateDistance [/home/wcqw/ac-slam/catkin_ws/src/cpp_solver/src/updateDistance.cpp:87(occupancyGridCallback)] [topics: /rosout, /edge_distance] Free vertices size: 23
446.200000000 INFO /updateDistance [/home/wcqw/ac-slam/catkin_ws/src/cpp_solver/src/updateDistance.cpp:128(occupancyGridCallback)] [topics: /rosout, /edge_distance] 247 edge distance updated
446.300000000 INFO /updateDistance [/home/wcqw/ac-slam/catkin_ws/src/cpp_solver/src/updateDistance.cpp:29(occupancyGridCallback)] [topics: /rosout, /edge_distance] Received an OccupancyGrid message!
446.300000000 INFO /updateDistance [/home/wcqw/ac-slam/catkin_ws/src/cpp_solver/src/updateDistance.cpp:30(occupancyGridCallback)] [topics: /rosout, /edge_distance] Width: 701, Height: 724, Size: 507524
446.300000000 INFO /updateDistance [/home/wcqw/ac-slam/catkin_ws/src/cpp_solver/src/updateDistance.cpp:32(occupancyGridCallback)] [topics: /rosout, /edge_distance] Map origin x: -7.415, y: -7.323
446.300000000 INFO /updateDistance [/home/wcqw/ac-slam/catkin_ws/src/cpp_solver/src/updateDistance.cpp:87(occupancyGridCallback)] [topics: /rosout, /edge_distance] Free vertices size: 23
446.300000000 INFO /updateDistance [/home/wcqw/ac-slam/catkin_ws/src/cpp_solver/src/updateDistance.cpp:128(occupancyGridCallback)] [topics: /rosout, /edge_distance] 247 edge distance updated
446.800000000 INFO /Navigator [/home/wcqw/ac-slam/catkin_ws/src/cpp_solver/src/MyPlanner.cpp:496(findExplorationTarget)] [topics: /rosout, /cmd, /Navigator/plan, /Navigator/markers, /Navigator/frontiers, /Navigator/frontier_to_vertex, /Navigator/nav_goal, /Navigator/prior_map, /Navigator/visual_tsp_path, /Navigator/tsp_index, /Navigator/path_finder, /Navigator/dist_map, /finished_topic, /request_replan, /Explore/result, /Explore/feedback, /Explore/status, /MoveTo/result, /MoveTo/feedback, /MoveTo/status, /Localize/result, /Localize/feedback, /Localize/status, /GetFirstMap/result, /GetFirstMap/feedback, /GetFirstMap/status] Next target is loop vertex 15(L)
446.800000000 INFO /Navigator [/home/wcqw/ac-slam/catkin_ws/src/cpp_solver/src/MyPlanner.cpp:223(setReliableLoopPath)] [topics: /rosout, /cmd, /Navigator/plan, /Navigator/markers, /Navigator/frontiers, /Navigator/frontier_to_vertex, /Navigator/nav_goal, /Navigator/prior_map, /Navigator/visual_tsp_path, /Navigator/tsp_index, /Navigator/path_finder, /Navigator/dist_map, /finished_topic, /request_replan, /Explore/result, /Explore/feedback, /Explore/status, /MoveTo/result, /MoveTo/feedback, /MoveTo/status, /Localize/result, /Localize/feedback, /Localize/status, /GetFirstMap/result, /GetFirstMap/feedback, /GetFirstMap/status] Set reliable loop closing path from reliable_loop_service.
446.800000000 INFO /Navigator [/home/wcqw/ac-slam/catkin_ws/src/cpp_solver/src/MyPlanner.cpp:255(setReliableLoopPath)] [topics: /rosout, /cmd, /Navigator/plan, /Navigator/markers, /Navigator/frontiers, /Navigator/frontier_to_vertex, /Navigator/nav_goal, /Navigator/prior_map, /Navigator/visual_tsp_path, /Navigator/tsp_index, /Navigator/path_finder, /Navigator/dist_map, /finished_topic, /request_replan, /Explore/result, /Explore/feedback, /Explore/status, /MoveTo/result, /MoveTo/feedback, /MoveTo/status, /Localize/result, /Localize/feedback, /Localize/status, /GetFirstMap/result, /GetFirstMap/feedback, /GetFirstMap/status] PHASE2_LOOP_PLANNED vertex=15 source=reliable_loop_service waypoints=6 path=20.9059582,57.1384697;21.475317,56.4192009;21.8682957,55.5030975;21.9678802,54.520359;21.9612293,53.5609398;21.9138794,52.6017876
446.800000000 INFO /Navigator [/home/wcqw/ac-slam/catkin_ws/src/navigation_2d/nav2d_navigator/src/RobotNavigator.cpp:878(receiveExploreGoal)] [topics: /rosout, /cmd, /Navigator/plan, /Navigator/markers, /Navigator/frontiers, /Navigator/frontier_to_vertex, /Navigator/nav_goal, /Navigator/prior_map, /Navigator/visual_tsp_path, /Navigator/tsp_index, /Navigator/path_finder, /Navigator/dist_map, /finished_topic, /request_replan, /Explore/result, /Explore/feedback, /Explore/status, /MoveTo/result, /MoveTo/feedback, /MoveTo/status, /Localize/result, /Localize/feedback, /Localize/status, /GetFirstMap/result, /GetFirstMap/feedback, /GetFirstMap/status] Exploration is waiting.
452.300000000 INFO /updateDistance [/home/wcqw/ac-slam/catkin_ws/src/cpp_solver/src/updateDistance.cpp:29(occupancyGridCallback)] [topics: /rosout, /edge_distance] Received an OccupancyGrid message!
452.300000000 INFO /updateDistance [/home/wcqw/ac-slam/catkin_ws/src/cpp_solver/src/updateDistance.cpp:30(occupancyGridCallback)] [topics: /rosout, /edge_distance] Width: 701, Height: 724, Size: 507524
452.300000000 INFO /updateDistance [/home/wcqw/ac-slam/catkin_ws/src/cpp_solver/src/updateDistance.cpp:32(occupancyGridCallback)] [topics: /rosout, /edge_distance] Map origin x: -7.415, y: -7.323
452.300000000 INFO /updateDistance [/home/wcqw/ac-slam/catkin_ws/src/cpp_solver/src/updateDistance.cpp:87(occupancyGridCallback)] [topics: /rosout, /edge_distance] Free vertices size: 23
452.300000000 INFO /updateDistance [/home/wcqw/ac-slam/catkin_ws/src/cpp_solver/src/updateDistance.cpp:128(occupancyGridCallback)] [topics: /rosout, /edge_distance] 247 edge distance updated
452.800000000 INFO /Navigator [/home/wcqw/ac-slam/catkin_ws/src/cpp_solver/src/MyPlanner.cpp:326(performReliableLooping)] [topics: /rosout, /cmd, /Navigator/plan, /Navigator/markers, /Navigator/frontiers, /Navigator/frontier_to_vertex, /Navigator/nav_goal, /Navigator/prior_map, /Navigator/visual_tsp_path, /Navigator/tsp_index, /Navigator/path_finder, /Navigator/dist_map, /finished_topic, /request_replan, /Explore/result, /Explore/feedback, /Explore/status, /MoveTo/result, /MoveTo/feedback, /MoveTo/status, /Localize/result, /Localize/feedback, /Localize/status, /GetFirstMap/result, /GetFirstMap/feedback, /GetFirstMap/status] PHASE2_LOOP_EXECUTION_STARTED vertex=15 waypoints=6
457.300000000 INFO /updateDistance [/home/wcqw/ac-slam/catkin_ws/src/cpp_solver/src/updateDistance.cpp:29(occupancyGridCallback)] [topics: /rosout, /edge_distance] Received an OccupancyGrid message!
457.300000000 INFO /updateDistance [/home/wcqw/ac-slam/catkin_ws/src/cpp_solver/src/updateDistance.cpp:30(occupancyGridCallback)] [topics: /rosout, /edge_distance] Width: 701, Height: 724, Size: 507524
457.300000000 INFO /updateDistance [/home/wcqw/ac-slam/catkin_ws/src/cpp_solver/src/updateDistance.cpp:32(occupancyGridCallback)] [topics: /rosout, /edge_distance] Map origin x: -7.415, y: -7.323
457.300000000 INFO /path_planner [path_planner.py:638(PathPlanner.handle_pose_graph)] [topics: /pose_graph_idx, /rosout, /edge_distance, /clock, /slam_pose_graph] Really visited vertices: 8 7 6 5 4 3 9 15 16 35 11 35 37 20 19 
457.300000000 INFO /updateDistance [/home/wcqw/ac-slam/catkin_ws/src/cpp_solver/src/updateDistance.cpp:87(occupancyGridCallback)] [topics: /rosout, /edge_distance] Free vertices size: 23
457.300000000 INFO /updateDistance [/home/wcqw/ac-slam/catkin_ws/src/cpp_solver/src/updateDistance.cpp:128(occupancyGridCallback)] [topics: /rosout, /edge_distance] 247 edge distance updated
458.300000000 INFO /updateDistance [/home/wcqw/ac-slam/catkin_ws/src/cpp_solver/src/updateDistance.cpp:29(occupancyGridCallback)] [topics: /rosout, /edge_distance] Received an OccupancyGrid message!
458.300000000 INFO /updateDistance [/home/wcqw/ac-slam/catkin_ws/src/cpp_solver/src/updateDistance.cpp:30(occupancyGridCallback)] [topics: /rosout, /edge_distance] Width: 701, Height: 724, Size: 507524
458.300000000 INFO /updateDistance [/home/wcqw/ac-slam/catkin_ws/src/cpp_solver/src/updateDistance.cpp:32(occupancyGridCallback)] [topics: /rosout, /edge_distance] Map origin x: -7.415, y: -7.323
458.300000000 INFO /updateDistance [/home/wcqw/ac-slam/catkin_ws/src/cpp_solver/src/updateDistance.cpp:87(occupancyGridCallback)] [topics: /rosout, /edge_distance] Free vertices size: 23
458.300000000 INFO /updateDistance [/home/wcqw/ac-slam/catkin_ws/src/cpp_solver/src/updateDistance.cpp:128(occupancyGridCallback)] [topics: /rosout, /edge_distance] 247 edge distance updated
464.300000000 INFO /updateDistance [/home/wcqw/ac-slam/catkin_ws/src/cpp_solver/src/updateDistance.cpp:29(occupancyGridCallback)] [topics: /rosout, /edge_distance] Received an OccupancyGrid message!
464.300000000 INFO /updateDistance [/home/wcqw/ac-slam/catkin_ws/src/cpp_solver/src/updateDistance.cpp:30(occupancyGridCallback)] [topics: /rosout, /edge_distance] Width: 701, Height: 724, Size: 507524
464.300000000 INFO /updateDistance [/home/wcqw/ac-slam/catkin_ws/src/cpp_solver/src/updateDistance.cpp:32(occupancyGridCallback)] [topics: /rosout, /edge_distance] Map origin x: -7.415, y: -7.323
464.300000000 INFO /updateDistance [/home/wcqw/ac-slam/catkin_ws/src/cpp_solver/src/updateDistance.cpp:87(occupancyGridCallback)] [topics: /rosout, /edge_distance] Free vertices size: 23
464.300000000 INFO /updateDistance [/home/wcqw/ac-slam/catkin_ws/src/cpp_solver/src/updateDistance.cpp:128(occupancyGridCallback)] [topics: /rosout, /edge_distance] 247 edge distance updated
470.300000000 INFO /updateDistance [/home/wcqw/ac-slam/catkin_ws/src/cpp_solver/src/updateDistance.cpp:29(occupancyGridCallback)] [topics: /rosout, /edge_distance] Received an OccupancyGrid message!
470.300000000 INFO /updateDistance [/home/wcqw/ac-slam/catkin_ws/src/cpp_solver/src/updateDistance.cpp:30(occupancyGridCallback)] [topics: /rosout, /edge_distance] Width: 701, Height: 724, Size: 507524
470.300000000 INFO /updateDistance [/home/wcqw/ac-slam/catkin_ws/src/cpp_solver/src/updateDistance.cpp:32(occupancyGridCallback)] [topics: /rosout, /edge_distance] Map origin x: -7.415, y: -7.323
470.300000000 INFO /updateDistance [/home/wcqw/ac-slam/catkin_ws/src/cpp_solver/src/updateDistance.cpp:87(occupancyGridCallback)] [topics: /rosout, /edge_distance] Free vertices size: 23
470.300000000 INFO /updateDistance [/home/wcqw/ac-slam/catkin_ws/src/cpp_solver/src/updateDistance.cpp:128(occupancyGridCallback)] [topics: /rosout, /edge_distance] 247 edge distance updated
476.300000000 INFO /updateDistance [/home/wcqw/ac-slam/catkin_ws/src/cpp_solver/src/updateDistance.cpp:29(occupancyGridCallback)] [topics: /rosout, /edge_distance] Received an OccupancyGrid message!
476.300000000 INFO /updateDistance [/home/wcqw/ac-slam/catkin_ws/src/cpp_solver/src/updateDistance.cpp:30(occupancyGridCallback)] [topics: /rosout, /edge_distance] Width: 701, Height: 724, Size: 507524
476.300000000 INFO /updateDistance [/home/wcqw/ac-slam/catkin_ws/src/cpp_solver/src/updateDistance.cpp:32(occupancyGridCallback)] [topics: /rosout, /edge_distance] Map origin x: -7.415, y: -7.323
476.300000000 INFO /updateDistance [/home/wcqw/ac-slam/catkin_ws/src/cpp_solver/src/updateDistance.cpp:87(occupancyGridCallback)] [topics: /rosout, /edge_distance] Free vertices size: 23
476.300000000 INFO /updateDistance [/home/wcqw/ac-slam/catkin_ws/src/cpp_solver/src/updateDistance.cpp:128(occupancyGridCallback)] [topics: /rosout, /edge_distance] 247 edge distance updated
482.300000000 INFO /updateDistance [/home/wcqw/ac-slam/catkin_ws/src/cpp_solver/src/updateDistance.cpp:29(occupancyGridCallback)] [topics: /rosout, /edge_distance] Received an OccupancyGrid message!
482.300000000 INFO /updateDistance [/home/wcqw/ac-slam/catkin_ws/src/cpp_solver/src/updateDistance.cpp:30(occupancyGridCallback)] [topics: /rosout, /edge_distance] Width: 701, Height: 724, Size: 507524
482.300000000 INFO /updateDistance [/home/wcqw/ac-slam/catkin_ws/src/cpp_solver/src/updateDistance.cpp:32(occupancyGridCallback)] [topics: /rosout, /edge_distance] Map origin x: -7.415, y: -7.323
482.300000000 INFO /updateDistance [/home/wcqw/ac-slam/catkin_ws/src/cpp_solver/src/updateDistance.cpp:87(occupancyGridCallback)] [topics: /rosout, /edge_distance] Free vertices size: 23
482.300000000 INFO /updateDistance [/home/wcqw/ac-slam/catkin_ws/src/cpp_solver/src/updateDistance.cpp:128(occupancyGridCallback)] [topics: /rosout, /edge_distance] 247 edge distance updated
487.700000000 INFO /updateDistance [/home/wcqw/ac-slam/catkin_ws/src/cpp_solver/src/updateDistance.cpp:29(occupancyGridCallback)] [topics: /rosout, /edge_distance] Received an OccupancyGrid message!
487.700000000 INFO /updateDistance [/home/wcqw/ac-slam/catkin_ws/src/cpp_solver/src/updateDistance.cpp:30(occupancyGridCallback)] [topics: /rosout, /edge_distance] Width: 701, Height: 724, Size: 507524
487.700000000 INFO /updateDistance [/home/wcqw/ac-slam/catkin_ws/src/cpp_solver/src/updateDistance.cpp:32(occupancyGridCallback)] [topics: /rosout, /edge_distance] Map origin x: -7.415, y: -7.323
487.700000000 INFO /path_planner [path_planner.py:638(PathPlanner.handle_pose_graph)] [topics: /pose_graph_idx, /rosout, /edge_distance, /clock, /slam_pose_graph] Really visited vertices: 8 7 6 5 4 3 9 15 16 35 11 35 37 20 19 
487.800000000 INFO /updateDistance [/home/wcqw/ac-slam/catkin_ws/src/cpp_solver/src/updateDistance.cpp:87(occupancyGridCallback)] [topics: /rosout, /edge_distance] Free vertices size: 23
487.800000000 INFO /updateDistance [/home/wcqw/ac-slam/catkin_ws/src/cpp_solver/src/updateDistance.cpp:128(occupancyGridCallback)] [topics: /rosout, /edge_distance] 247 edge distance updated
488.300000000 INFO /updateDistance [/home/wcqw/ac-slam/catkin_ws/src/cpp_solver/src/updateDistance.cpp:29(occupancyGridCallback)] [topics: /rosout, /edge_distance] Received an OccupancyGrid message!
488.300000000 INFO /updateDistance [/home/wcqw/ac-slam/catkin_ws/src/cpp_solver/src/updateDistance.cpp:30(occupancyGridCallback)] [topics: /rosout, /edge_distance] Width: 701, Height: 724, Size: 507524
488.300000000 INFO /updateDistance [/home/wcqw/ac-slam/catkin_ws/src/cpp_solver/src/updateDistance.cpp:32(occupancyGridCallback)] [topics: /rosout, /edge_distance] Map origin x: -7.415, y: -7.323
488.300000000 INFO /updateDistance [/home/wcqw/ac-slam/catkin_ws/src/cpp_solver/src/updateDistance.cpp:87(occupancyGridCallback)] [topics: /rosout, /edge_distance] Free vertices size: 23
488.300000000 INFO /updateDistance [/home/wcqw/ac-slam/catkin_ws/src/cpp_solver/src/updateDistance.cpp:128(occupancyGridCallback)] [topics: /rosout, /edge_distance] 247 edge distance updated
494.300000000 INFO /updateDistance [/home/wcqw/ac-slam/catkin_ws/src/cpp_solver/src/updateDistance.cpp:29(occupancyGridCallback)] [topics: /rosout, /edge_distance] Received an OccupancyGrid message!
494.300000000 INFO /updateDistance [/home/wcqw/ac-slam/catkin_ws/src/cpp_solver/src/updateDistance.cpp:30(occupancyGridCallback)] [topics: /rosout, /edge_distance] Width: 701, Height: 724, Size: 507524
494.300000000 INFO /updateDistance [/home/wcqw/ac-slam/catkin_ws/src/cpp_solver/src/updateDistance.cpp:32(occupancyGridCallback)] [topics: /rosout, /edge_distance] Map origin x: -7.415, y: -7.323
494.300000000 INFO /updateDistance [/home/wcqw/ac-slam/catkin_ws/src/cpp_solver/src/updateDistance.cpp:87(occupancyGridCallback)] [topics: /rosout, /edge_distance] Free vertices size: 23
494.300000000 INFO /updateDistance [/home/wcqw/ac-slam/catkin_ws/src/cpp_solver/src/updateDistance.cpp:128(occupancyGridCallback)] [topics: /rosout, /edge_distance] 247 edge distance updated
500.300000000 INFO /updateDistance [/home/wcqw/ac-slam/catkin_ws/src/cpp_solver/src/updateDistance.cpp:29(occupancyGridCallback)] [topics: /rosout, /edge_distance] Received an OccupancyGrid message!
500.300000000 INFO /updateDistance [/home/wcqw/ac-slam/catkin_ws/src/cpp_solver/src/updateDistance.cpp:30(occupancyGridCallback)] [topics: /rosout, /edge_distance] Width: 701, Height: 724, Size: 507524
500.300000000 INFO /updateDistance [/home/wcqw/ac-slam/catkin_ws/src/cpp_solver/src/updateDistance.cpp:32(occupancyGridCallback)] [topics: /rosout, /edge_distance] Map origin x: -7.415, y: -7.323
500.300000000 INFO /updateDistance [/home/wcqw/ac-slam/catkin_ws/src/cpp_solver/src/updateDistance.cpp:87(occupancyGridCallback)] [topics: /rosout, /edge_distance] Free vertices size: 23
500.300000000 INFO /updateDistance [/home/wcqw/ac-slam/catkin_ws/src/cpp_solver/src/updateDistance.cpp:128(occupancyGridCallback)] [topics: /rosout, /edge_distance] 247 edge distance updated
506.400000000 INFO /updateDistance [/home/wcqw/ac-slam/catkin_ws/src/cpp_solver/src/updateDistance.cpp:29(occupancyGridCallback)] [topics: /rosout, /edge_distance] Received an OccupancyGrid message!
506.400000000 INFO /updateDistance [/home/wcqw/ac-slam/catkin_ws/src/cpp_solver/src/updateDistance.cpp:30(occupancyGridCallback)] [topics: /rosout, /edge_distance] Width: 701, Height: 724, Size: 507524
506.400000000 INFO /updateDistance [/home/wcqw/ac-slam/catkin_ws/src/cpp_solver/src/updateDistance.cpp:32(occupancyGridCallback)] [topics: /rosout, /edge_distance] Map origin x: -7.415, y: -7.323
506.400000000 INFO /updateDistance [/home/wcqw/ac-slam/catkin_ws/src/cpp_solver/src/updateDistance.cpp:87(occupancyGridCallback)] [topics: /rosout, /edge_distance] Free vertices size: 23
506.400000000 INFO /updateDistance [/home/wcqw/ac-slam/catkin_ws/src/cpp_solver/src/updateDistance.cpp:128(occupancyGridCallback)] [topics: /rosout, /edge_distance] 247 edge distance updated
511.300000000 INFO /updateDistance [/home/wcqw/ac-slam/catkin_ws/src/cpp_solver/src/updateDistance.cpp:29(occupancyGridCallback)] [topics: /rosout, /edge_distance] Received an OccupancyGrid message!
511.300000000 INFO /updateDistance [/home/wcqw/ac-slam/catkin_ws/src/cpp_solver/src/updateDistance.cpp:30(occupancyGridCallback)] [topics: /rosout, /edge_distance] Width: 701, Height: 724, Size: 507524
511.300000000 INFO /updateDistance [/home/wcqw/ac-slam/catkin_ws/src/cpp_solver/src/updateDistance.cpp:32(occupancyGridCallback)] [topics: /rosout, /edge_distance] Map origin x: -7.415, y: -7.323
511.300000000 INFO /updateDistance [/home/wcqw/ac-slam/catkin_ws/src/cpp_solver/src/updateDistance.cpp:87(occupancyGridCallback)] [topics: /rosout, /edge_distance] Free vertices size: 23
511.300000000 INFO /updateDistance [/home/wcqw/ac-slam/catkin_ws/src/cpp_solver/src/updateDistance.cpp:128(occupancyGridCallback)] [topics: /rosout, /edge_distance] 247 edge distance updated
513.300000000 INFO /updateDistance [/home/wcqw/ac-slam/catkin_ws/src/cpp_solver/src/updateDistance.cpp:29(occupancyGridCallback)] [topics: /rosout, /edge_distance] Received an OccupancyGrid message!
513.300000000 INFO /updateDistance [/home/wcqw/ac-slam/catkin_ws/src/cpp_solver/src/updateDistance.cpp:30(occupancyGridCallback)] [topics: /rosout, /edge_distance] Width: 701, Height: 724, Size: 507524
513.300000000 INFO /updateDistance [/home/wcqw/ac-slam/catkin_ws/src/cpp_solver/src/updateDistance.cpp:32(occupancyGridCallback)] [topics: /rosout, /edge_distance] Map origin x: -7.415, y: -7.323
513.300000000 INFO /updateDistance [/home/wcqw/ac-slam/catkin_ws/src/cpp_solver/src/updateDistance.cpp:87(occupancyGridCallback)] [topics: /rosout, /edge_distance] Free vertices size: 23
513.300000000 INFO /updateDistance [/home/wcqw/ac-slam/catkin_ws/src/cpp_solver/src/updateDistance.cpp:128(occupancyGridCallback)] [topics: /rosout, /edge_distance] 247 edge distance updated
515.400000000 INFO /updateDistance [/home/wcqw/ac-slam/catkin_ws/src/cpp_solver/src/updateDistance.cpp:29(occupancyGridCallback)] [topics: /rosout, /edge_distance] Received an OccupancyGrid message!
515.400000000 INFO /updateDistance [/home/wcqw/ac-slam/catkin_ws/src/cpp_solver/src/updateDistance.cpp:30(occupancyGridCallback)] [topics: /rosout, /edge_distance] Width: 701, Height: 724, Size: 507524
515.400000000 INFO /updateDistance [/home/wcqw/ac-slam/catkin_ws/src/cpp_solver/src/updateDistance.cpp:32(occupancyGridCallback)] [topics: /rosout, /edge_distance] Map origin x: -7.415, y: -7.323
515.400000000 INFO /updateDistance [/home/wcqw/ac-slam/catkin_ws/src/cpp_solver/src/updateDistance.cpp:87(occupancyGridCallback)] [topics: /rosout, /edge_distance] Free vertices size: 23
515.400000000 INFO /updateDistance [/home/wcqw/ac-slam/catkin_ws/src/cpp_solver/src/updateDistance.cpp:128(occupancyGridCallback)] [topics: /rosout, /edge_distance] 247 edge distance updated
517.300000000 INFO /updateDistance [/home/wcqw/ac-slam/catkin_ws/src/cpp_solver/src/updateDistance.cpp:29(occupancyGridCallback)] [topics: /rosout, /edge_distance] Received an OccupancyGrid message!
517.300000000 INFO /updateDistance [/home/wcqw/ac-slam/catkin_ws/src/cpp_solver/src/updateDistance.cpp:30(occupancyGridCallback)] [topics: /rosout, /edge_distance] Width: 701, Height: 724, Size: 507524
517.300000000 INFO /updateDistance [/home/wcqw/ac-slam/catkin_ws/src/cpp_solver/src/updateDistance.cpp:32(occupancyGridCallback)] [topics: /rosout, /edge_distance] Map origin x: -7.415, y: -7.323
517.300000000 INFO /updateDistance [/home/wcqw/ac-slam/catkin_ws/src/cpp_solver/src/updateDistance.cpp:87(occupancyGridCallback)] [topics: /rosout, /edge_distance] Free vertices size: 23
517.300000000 INFO /updateDistance [/home/wcqw/ac-slam/catkin_ws/src/cpp_solver/src/updateDistance.cpp:128(occupancyGridCallback)] [topics: /rosout, /edge_distance] 247 edge distance updated
519.400000000 INFO /updateDistance [/home/wcqw/ac-slam/catkin_ws/src/cpp_solver/src/updateDistance.cpp:29(occupancyGridCallback)] [topics: /rosout, /edge_distance] Received an OccupancyGrid message!
519.400000000 INFO /updateDistance [/home/wcqw/ac-slam/catkin_ws/src/cpp_solver/src/updateDistance.cpp:30(occupancyGridCallback)] [topics: /rosout, /edge_distance] Width: 701, Height: 724, Size: 507524
519.400000000 INFO /updateDistance [/home/wcqw/ac-slam/catkin_ws/src/cpp_solver/src/updateDistance.cpp:32(occupancyGridCallback)] [topics: /rosout, /edge_distance] Map origin x: -7.415, y: -7.323
519.400000000 INFO /updateDistance [/home/wcqw/ac-slam/catkin_ws/src/cpp_solver/src/updateDistance.cpp:87(occupancyGridCallback)] [topics: /rosout, /edge_distance] Free vertices size: 23
519.400000000 INFO /updateDistance [/home/wcqw/ac-slam/catkin_ws/src/cpp_solver/src/updateDistance.cpp:128(occupancyGridCallback)] [topics: /rosout, /edge_distance] 247 edge distance updated
521.300000000 INFO /updateDistance [/home/wcqw/ac-slam/catkin_ws/src/cpp_solver/src/updateDistance.cpp:29(occupancyGridCallback)] [topics: /rosout, /edge_distance] Received an OccupancyGrid message!
521.300000000 INFO /updateDistance [/home/wcqw/ac-slam/catkin_ws/src/cpp_solver/src/updateDistance.cpp:30(occupancyGridCallback)] [topics: /rosout, /edge_distance] Width: 701, Height: 724, Size: 507524
521.300000000 INFO /updateDistance [/home/wcqw/ac-slam/catkin_ws/src/cpp_solver/src/updateDistance.cpp:32(occupancyGridCallback)] [topics: /rosout, /edge_distance] Map origin x: -7.415, y: -7.323
521.300000000 INFO /updateDistance [/home/wcqw/ac-slam/catkin_ws/src/cpp_solver/src/updateDistance.cpp:87(occupancyGridCallback)] [topics: /rosout, /edge_distance] Free vertices size: 23
521.300000000 INFO /updateDistance [/home/wcqw/ac-slam/catkin_ws/src/cpp_solver/src/updateDistance.cpp:128(occupancyGridCallback)] [topics: /rosout, /edge_distance] 247 edge distance updated
521.800000000 INFO /Navigator [/home/wcqw/ac-slam/catkin_ws/src/cpp_solver/src/MyPlanner.cpp:332(performReliableLooping)] [topics: /rosout, /cmd, /Navigator/plan, /Navigator/markers, /Navigator/frontiers, /Navigator/frontier_to_vertex, /Navigator/nav_goal, /Navigator/prior_map, /Navigator/visual_tsp_path, /Navigator/tsp_index, /Navigator/path_finder, /Navigator/dist_map, /finished_topic, /request_replan, /Explore/result, /Explore/feedback, /Explore/status, /MoveTo/result, /MoveTo/feedback, /MoveTo/status, /Localize/result, /Localize/feedback, /Localize/status, /GetFirstMap/result, /GetFirstMap/feedback, /GetFirstMap/status] PHASE2_LOOP_WAYPOINT_REACHED vertex=15 waypoint=0
523.300000000 INFO /updateDistance [/home/wcqw/ac-slam/catkin_ws/src/cpp_solver/src/updateDistance.cpp:29(occupancyGridCallback)] [topics: /rosout, /edge_distance] Received an OccupancyGrid message!
523.300000000 INFO /updateDistance [/home/wcqw/ac-slam/catkin_ws/src/cpp_solver/src/updateDistance.cpp:30(occupancyGridCallback)] [topics: /rosout, /edge_distance] Width: 701, Height: 724, Size: 507524
523.300000000 INFO /updateDistance [/home/wcqw/ac-slam/catkin_ws/src/cpp_solver/src/updateDistance.cpp:32(occupancyGridCallback)] [topics: /rosout, /edge_distance] Map origin x: -7.415, y: -7.323
523.300000000 INFO /updateDistance [/home/wcqw/ac-slam/catkin_ws/src/cpp_solver/src/updateDistance.cpp:87(occupancyGridCallback)] [topics: /rosout, /edge_distance] Free vertices size: 23
523.300000000 INFO /updateDistance [/home/wcqw/ac-slam/catkin_ws/src/cpp_solver/src/updateDistance.cpp:128(occupancyGridCallback)] [topics: /rosout, /edge_distance] 247 edge distance updated
525.300000000 INFO /updateDistance [/home/wcqw/ac-slam/catkin_ws/src/cpp_solver/src/updateDistance.cpp:29(occupancyGridCallback)] [topics: /rosout, /edge_distance] Received an OccupancyGrid message!
525.300000000 INFO /updateDistance [/home/wcqw/ac-slam/catkin_ws/src/cpp_solver/src/updateDistance.cpp:30(occupancyGridCallback)] [topics: /rosout, /edge_distance] Width: 701, Height: 724, Size: 507524
525.300000000 INFO /updateDistance [/home/wcqw/ac-slam/catkin_ws/src/cpp_solver/src/updateDistance.cpp:32(occupancyGridCallback)] [topics: /rosout, /edge_distance] Map origin x: -7.415, y: -7.323
525.300000000 INFO /updateDistance [/home/wcqw/ac-slam/catkin_ws/src/cpp_solver/src/updateDistance.cpp:87(occupancyGridCallback)] [topics: /rosout, /edge_distance] Free vertices size: 23
525.300000000 INFO /updateDistance [/home/wcqw/ac-slam/catkin_ws/src/cpp_solver/src/updateDistance.cpp:128(occupancyGridCallback)] [topics: /rosout, /edge_distance] 247 edge distance updated
525.800000000 INFO /Navigator [/home/wcqw/ac-slam/catkin_ws/src/cpp_solver/src/MyPlanner.cpp:332(performReliableLooping)] [topics: /rosout, /cmd, /Navigator/plan, /Navigator/markers, /Navigator/frontiers, /Navigator/frontier_to_vertex, /Navigator/nav_goal, /Navigator/prior_map, /Navigator/visual_tsp_path, /Navigator/tsp_index, /Navigator/path_finder, /Navigator/dist_map, /finished_topic, /request_replan, /Explore/result, /Explore/feedback, /Explore/status, /MoveTo/result, /MoveTo/feedback, /MoveTo/status, /Localize/result, /Localize/feedback, /Localize/status, /GetFirstMap/result, /GetFirstMap/feedback, /GetFirstMap/status] PHASE2_LOOP_WAYPOINT_REACHED vertex=15 waypoint=1
527.400000000 INFO /updateDistance [/home/wcqw/ac-slam/catkin_ws/src/cpp_solver/src/updateDistance.cpp:29(occupancyGridCallback)] [topics: /rosout, /edge_distance] Received an OccupancyGrid message!
527.400000000 INFO /updateDistance [/home/wcqw/ac-slam/catkin_ws/src/cpp_solver/src/updateDistance.cpp:30(occupancyGridCallback)] [topics: /rosout, /edge_distance] Width: 701, Height: 724, Size: 507524
527.400000000 INFO /updateDistance [/home/wcqw/ac-slam/catkin_ws/src/cpp_solver/src/updateDistance.cpp:32(occupancyGridCallback)] [topics: /rosout, /edge_distance] Map origin x: -7.415, y: -7.323
527.400000000 INFO /updateDistance [/home/wcqw/ac-slam/catkin_ws/src/cpp_solver/src/updateDistance.cpp:87(occupancyGridCallback)] [topics: /rosout, /edge_distance] Free vertices size: 23
527.400000000 INFO /updateDistance [/home/wcqw/ac-slam/catkin_ws/src/cpp_solver/src/updateDistance.cpp:128(occupancyGridCallback)] [topics: /rosout, /edge_distance] 247 edge distance updated
527.700000000 INFO /Navigator [/home/wcqw/ac-slam/catkin_ws/src/cpp_solver/src/MyPlanner.cpp:332(performReliableLooping)] [topics: /rosout, /cmd, /Navigator/plan, /Navigator/markers, /Navigator/frontiers, /Navigator/frontier_to_vertex, /Navigator/nav_goal, /Navigator/prior_map, /Navigator/visual_tsp_path, /Navigator/tsp_index, /Navigator/path_finder, /Navigator/dist_map, /finished_topic, /request_replan, /Explore/result, /Explore/feedback, /Explore/status, /MoveTo/result, /MoveTo/feedback, /MoveTo/status, /Localize/result, /Localize/feedback, /Localize/status, /GetFirstMap/result, /GetFirstMap/feedback, /GetFirstMap/status] PHASE2_LOOP_WAYPOINT_REACHED vertex=15 waypoint=2
529.400000000 INFO /updateDistance [/home/wcqw/ac-slam/catkin_ws/src/cpp_solver/src/updateDistance.cpp:29(occupancyGridCallback)] [topics: /rosout, /edge_distance] Received an OccupancyGrid message!
529.400000000 INFO /updateDistance [/home/wcqw/ac-slam/catkin_ws/src/cpp_solver/src/updateDistance.cpp:30(occupancyGridCallback)] [topics: /rosout, /edge_distance] Width: 701, Height: 724, Size: 507524
529.400000000 INFO /updateDistance [/home/wcqw/ac-slam/catkin_ws/src/cpp_solver/src/updateDistance.cpp:32(occupancyGridCallback)] [topics: /rosout, /edge_distance] Map origin x: -7.415, y: -7.323
529.400000000 INFO /updateDistance [/home/wcqw/ac-slam/catkin_ws/src/cpp_solver/src/updateDistance.cpp:87(occupancyGridCallback)] [topics: /rosout, /edge_distance] Free vertices size: 23
529.400000000 INFO /updateDistance [/home/wcqw/ac-slam/catkin_ws/src/cpp_solver/src/updateDistance.cpp:128(occupancyGridCallback)] [topics: /rosout, /edge_distance] 247 edge distance updated
529.700000000 INFO /Navigator [/home/wcqw/ac-slam/catkin_ws/src/cpp_solver/src/MyPlanner.cpp:332(performReliableLooping)] [topics: /rosout, /cmd, /Navigator/plan, /Navigator/markers, /Navigator/frontiers, /Navigator/frontier_to_vertex, /Navigator/nav_goal, /Navigator/prior_map, /Navigator/visual_tsp_path, /Navigator/tsp_index, /Navigator/path_finder, /Navigator/dist_map, /finished_topic, /request_replan, /Explore/result, /Explore/feedback, /Explore/status, /MoveTo/result, /MoveTo/feedback, /MoveTo/status, /Localize/result, /Localize/feedback, /Localize/status, /GetFirstMap/result, /GetFirstMap/feedback, /GetFirstMap/status] PHASE2_LOOP_WAYPOINT_REACHED vertex=15 waypoint=3
531.400000000 INFO /updateDistance [/home/wcqw/ac-slam/catkin_ws/src/cpp_solver/src/updateDistance.cpp:29(occupancyGridCallback)] [topics: /rosout, /edge_distance] Received an OccupancyGrid message!
531.400000000 INFO /updateDistance [/home/wcqw/ac-slam/catkin_ws/src/cpp_solver/src/updateDistance.cpp:30(occupancyGridCallback)] [topics: /rosout, /edge_distance] Width: 701, Height: 724, Size: 507524
531.400000000 INFO /updateDistance [/home/wcqw/ac-slam/catkin_ws/src/cpp_solver/src/updateDistance.cpp:32(occupancyGridCallback)] [topics: /rosout, /edge_distance] Map origin x: -7.415, y: -7.323
531.400000000 INFO /updateDistance [/home/wcqw/ac-slam/catkin_ws/src/cpp_solver/src/updateDistance.cpp:87(occupancyGridCallback)] [topics: /rosout, /edge_distance] Free vertices size: 23
531.400000000 INFO /updateDistance [/home/wcqw/ac-slam/catkin_ws/src/cpp_solver/src/updateDistance.cpp:128(occupancyGridCallback)] [topics: /rosout, /edge_distance] 247 edge distance updated
531.900000000 INFO /Navigator [/home/wcqw/ac-slam/catkin_ws/src/cpp_solver/src/MyPlanner.cpp:332(performReliableLooping)] [topics: /rosout, /cmd, /Navigator/plan, /Navigator/markers, /Navigator/frontiers, /Navigator/frontier_to_vertex, /Navigator/nav_goal, /Navigator/prior_map, /Navigator/visual_tsp_path, /Navigator/tsp_index, /Navigator/path_finder, /Navigator/dist_map, /finished_topic, /request_replan, /Explore/result, /Explore/feedback, /Explore/status, /MoveTo/result, /MoveTo/feedback, /MoveTo/status, /Localize/result, /Localize/feedback, /Localize/status, /GetFirstMap/result, /GetFirstMap/feedback, /GetFirstMap/status] PHASE2_LOOP_WAYPOINT_REACHED vertex=15 waypoint=4
533.300000000 INFO /updateDistance [/home/wcqw/ac-slam/catkin_ws/src/cpp_solver/src/updateDistance.cpp:29(occupancyGridCallback)] [topics: /rosout, /edge_distance] Received an OccupancyGrid message!
533.300000000 INFO /updateDistance [/home/wcqw/ac-slam/catkin_ws/src/cpp_solver/src/updateDistance.cpp:30(occupancyGridCallback)] [topics: /rosout, /edge_distance] Width: 701, Height: 724, Size: 507524
533.300000000 INFO /updateDistance [/home/wcqw/ac-slam/catkin_ws/src/cpp_solver/src/updateDistance.cpp:32(occupancyGridCallback)] [topics: /rosout, /edge_distance] Map origin x: -7.415, y: -7.323
533.300000000 INFO /updateDistance [/home/wcqw/ac-slam/catkin_ws/src/cpp_solver/src/updateDistance.cpp:87(occupancyGridCallback)] [topics: /rosout, /edge_distance] Free vertices size: 23
533.300000000 INFO /updateDistance [/home/wcqw/ac-slam/catkin_ws/src/cpp_solver/src/updateDistance.cpp:128(occupancyGridCallback)] [topics: /rosout, /edge_distance] 247 edge distance updated
533.700000000 INFO /Navigator [/home/wcqw/ac-slam/catkin_ws/src/cpp_solver/src/MyPlanner.cpp:332(performReliableLooping)] [topics: /rosout, /cmd, /Navigator/plan, /Navigator/markers, /Navigator/frontiers, /Navigator/frontier_to_vertex, /Navigator/nav_goal, /Navigator/prior_map, /Navigator/visual_tsp_path, /Navigator/tsp_index, /Navigator/path_finder, /Navigator/dist_map, /finished_topic, /request_replan, /Explore/result, /Explore/feedback, /Explore/status, /MoveTo/result, /MoveTo/feedback, /MoveTo/status, /Localize/result, /Localize/feedback, /Localize/status, /GetFirstMap/result, /GetFirstMap/feedback, /GetFirstMap/status] PHASE2_LOOP_WAYPOINT_REACHED vertex=15 waypoint=5
533.700000000 INFO /Navigator [/home/wcqw/ac-slam/catkin_ws/src/cpp_solver/src/MyPlanner.cpp:452(findExplorationTarget)] [topics: /rosout, /cmd, /Navigator/plan, /Navigator/markers, /Navigator/frontiers, /Navigator/frontier_to_vertex, /Navigator/nav_goal, /Navigator/prior_map, /Navigator/visual_tsp_path, /Navigator/tsp_index, /Navigator/path_finder, /Navigator/dist_map, /finished_topic, /request_replan, /Explore/result, /Explore/feedback, /Explore/status, /MoveTo/result, /MoveTo/feedback, /MoveTo/status, /Localize/result, /Localize/feedback, /Localize/status, /GetFirstMap/result, /GetFirstMap/feedback, /GetFirstMap/status] PHASE2_LOOP_EXECUTION_FINISHED vertex=15 waypoints=6
533.700000000 INFO /path_planner [path_planner.py:295(PathPlanner.handle_replanning)] [topics: /pose_graph_idx, /rosout, /edge_distance, /clock, /slam_pose_graph] Replanning request. curr_vertex_idx: 15
533.700000000 INFO /path_planner [path_planner.py:296(PathPlanner.handle_replanning)] [topics: /pose_graph_idx, /rosout, /edge_distance, /clock, /slam_pose_graph]                     covered_vertices: ()
533.700000000 INFO /path_planner [path_planner.py:322(PathPlanner.handle_replanning)] [topics: /pose_graph_idx, /rosout, /edge_distance, /clock, /slam_pose_graph] curr path length: 43, is_loop length: 43
533.700000000 INFO /path_planner [path_planner.py:334(PathPlanner.handle_replanning)] [topics: /pose_graph_idx, /rosout, /edge_distance, /clock, /slam_pose_graph] Send new plan: 8 7 6 5 4 3 9 15 16 10 11 35 37 20 19 15(L)  ---> 19 23 29 30 24 25 31 32 26 27 33 34 28 22 21 38 37(L) 38 36 12 13 14 8(L) 14 18 17 21(L) 
533.700000000 INFO /Navigator [/home/wcqw/ac-slam/catkin_ws/src/cpp_solver/src/MyPlanner.cpp:304(getUsefulGoalIndex)] [topics: /rosout, /cmd, /Navigator/plan, /Navigator/markers, /Navigator/frontiers, /Navigator/frontier_to_vertex, /Navigator/nav_goal, /Navigator/prior_map, /Navigator/visual_tsp_path, /Navigator/tsp_index, /Navigator/path_finder, /Navigator/dist_map, /finished_topic, /request_replan, /Explore/result, /Explore/feedback, /Explore/status, /MoveTo/result, /MoveTo/feedback, /MoveTo/status, /Localize/result, /Localize/feedback, /Localize/status, /GetFirstMap/result, /GetFirstMap/feedback, /GetFirstMap/status] Skip repeated visit to vertex 19
533.700000000 INFO /Navigator [/home/wcqw/ac-slam/catkin_ws/src/cpp_solver/src/MyPlanner.cpp:304(getUsefulGoalIndex)] [topics: /rosout, /cmd, /Navigator/plan, /Navigator/markers, /Navigator/frontiers, /Navigator/frontier_to_vertex, /Navigator/nav_goal, /Navigator/prior_map, /Navigator/visual_tsp_path, /Navigator/tsp_index, /Navigator/path_finder, /Navigator/dist_map, /finished_topic, /request_replan, /Explore/result, /Explore/feedback, /Explore/status, /MoveTo/result, /MoveTo/feedback, /MoveTo/status, /Localize/result, /Localize/feedback, /Localize/status, /GetFirstMap/result, /GetFirstMap/feedback, /GetFirstMap/status] Skip repeated visit to vertex 23
533.700000000 INFO /Navigator [/home/wcqw/ac-slam/catkin_ws/src/cpp_solver/src/MyPlanner.cpp:310(getUsefulGoalIndex)] [topics: /rosout, /cmd, /Navigator/plan, /Navigator/markers, /Navigator/frontiers, /Navigator/frontier_to_vertex, /Navigator/nav_goal, /Navigator/prior_map, /Navigator/visual_tsp_path, /Navigator/tsp_index, /Navigator/path_finder, /Navigator/dist_map, /finished_topic, /request_replan, /Explore/result, /Explore/feedback, /Explore/status, /MoveTo/result, /MoveTo/feedback, /MoveTo/status, /Localize/result, /Localize/feedback, /Localize/status, /GetFirstMap/result, /GetFirstMap/feedback, /GetFirstMap/status] Set newGoal 29
539.400000000 INFO /updateDistance [/home/wcqw/ac-slam/catkin_ws/src/cpp_solver/src/updateDistance.cpp:29(occupancyGridCallback)] [topics: /rosout, /edge_distance] Received an OccupancyGrid message!
539.400000000 INFO /updateDistance [/home/wcqw/ac-slam/catkin_ws/src/cpp_solver/src/updateDistance.cpp:30(occupancyGridCallback)] [topics: /rosout, /edge_distance] Width: 701, Height: 724, Size: 507524
539.400000000 INFO /updateDistance [/home/wcqw/ac-slam/catkin_ws/src/cpp_solver/src/updateDistance.cpp:32(occupancyGridCallback)] [topics: /rosout, /edge_distance] Map origin x: -7.415, y: -7.323
539.400000000 INFO /updateDistance [/home/wcqw/ac-slam/catkin_ws/src/cpp_solver/src/updateDistance.cpp:87(occupancyGridCallback)] [topics: /rosout, /edge_distance] Free vertices size: 24
539.400000000 INFO /updateDistance [/home/wcqw/ac-slam/catkin_ws/src/cpp_solver/src/updateDistance.cpp:128(occupancyGridCallback)] [topics: /rosout, /edge_distance] 252 edge distance updated
539.800000000 INFO /Navigator [/home/wcqw/ac-slam/catkin_ws/src/cpp_solver/src/MyPlanner.cpp:481(findExplorationTarget)] [topics: /rosout, /cmd, /Navigator/plan, /Navigator/markers, /Navigator/frontiers, /Navigator/frontier_to_vertex, /Navigator/nav_goal, /Navigator/prior_map, /Navigator/visual_tsp_path, /Navigator/tsp_index, /Navigator/path_finder, /Navigator/dist_map, /finished_topic, /request_replan, /Explore/result, /Explore/feedback, /Explore/status, /MoveTo/result, /MoveTo/feedback, /MoveTo/status, /Localize/result, /Localize/feedback, /Localize/status, /GetFirstMap/result, /GetFirstMap/feedback, /GetFirstMap/status] Call local replanning...
539.800000000 INFO /path_planner [path_planner.py:295(PathPlanner.handle_replanning)] [topics: /pose_graph_idx, /rosout, /edge_distance, /clock, /slam_pose_graph] Replanning request. curr_vertex_idx: 18
539.800000000 INFO /path_planner [path_planner.py:296(PathPlanner.handle_replanning)] [topics: /pose_graph_idx, /rosout, /edge_distance, /clock, /slam_pose_graph]                     covered_vertices: ()
539.800000000 INFO /path_planner [path_planner.py:310(PathPlanner.handle_replanning)] [topics: /pose_graph_idx, /rosout, /edge_distance, /clock, /slam_pose_graph] Handle local replanning...
539.800000000 INFO /path_planner [path_planner.py:363(PathPlanner.handle_local_replanning)] [topics: /pose_graph_idx, /rosout, /edge_distance, /clock, /slam_pose_graph] Local path to replan: [29, 30, 24, 25, 31, 32, 26, 27, 33, 34, 28, 22, 21, 38, 37]
539.800000000 INFO /path_planner [path_planner.py:322(PathPlanner.handle_replanning)] [topics: /pose_graph_idx, /rosout, /edge_distance, /clock, /slam_pose_graph] curr path length: 43, is_loop length: 43
539.800000000 INFO /path_planner [path_planner.py:334(PathPlanner.handle_replanning)] [topics: /pose_graph_idx, /rosout, /edge_distance, /clock, /slam_pose_graph] Send new plan: 8 7 6 5 4 3 9 15 16 10 11 35 37 20 19 15(L) 19 23 29  ---> 30 24 25 31 32 26 27 33 34 28 22 21 38 37(L) 38 36 12 13 14 8(L) 14 18 17 21(L) 
544.900000000 INFO /updateDistance [/home/wcqw/ac-slam/catkin_ws/src/cpp_solver/src/updateDistance.cpp:29(occupancyGridCallback)] [topics: /rosout, /edge_distance] Received an OccupancyGrid message!
544.900000000 INFO /updateDistance [/home/wcqw/ac-slam/catkin_ws/src/cpp_solver/src/updateDistance.cpp:30(occupancyGridCallback)] [topics: /rosout, /edge_distance] Width: 701, Height: 724, Size: 507524
544.900000000 INFO /updateDistance [/home/wcqw/ac-slam/catkin_ws/src/cpp_solver/src/updateDistance.cpp:32(occupancyGridCallback)] [topics: /rosout, /edge_distance] Map origin x: -7.415, y: -7.323
544.900000000 INFO /path_planner [path_planner.py:638(PathPlanner.handle_pose_graph)] [topics: /pose_graph_idx, /rosout, /edge_distance, /clock, /slam_pose_graph] Really visited vertices: 8 7 6 5 4 3 9 15 16 35 11 35 37 20 19 15 
544.900000000 INFO /updateDistance [/home/wcqw/ac-slam/catkin_ws/src/cpp_solver/src/updateDistance.cpp:87(occupancyGridCallback)] [topics: /rosout, /edge_distance] Free vertices size: 24
544.900000000 INFO /updateDistance [/home/wcqw/ac-slam/catkin_ws/src/cpp_solver/src/updateDistance.cpp:128(occupancyGridCallback)] [topics: /rosout, /edge_distance] 252 edge distance updated
545.300000000 INFO /updateDistance [/home/wcqw/ac-slam/catkin_ws/src/cpp_solver/src/updateDistance.cpp:29(occupancyGridCallback)] [topics: /rosout, /edge_distance] Received an OccupancyGrid message!
545.300000000 INFO /updateDistance [/home/wcqw/ac-slam/catkin_ws/src/cpp_solver/src/updateDistance.cpp:30(occupancyGridCallback)] [topics: /rosout, /edge_distance] Width: 701, Height: 724, Size: 507524
545.300000000 INFO /updateDistance [/home/wcqw/ac-slam/catkin_ws/src/cpp_solver/src/updateDistance.cpp:32(occupancyGridCallback)] [topics: /rosout, /edge_distance] Map origin x: -7.415, y: -7.323
545.300000000 INFO /updateDistance [/home/wcqw/ac-slam/catkin_ws/src/cpp_solver/src/updateDistance.cpp:87(occupancyGridCallback)] [topics: /rosout, /edge_distance] Free vertices size: 24
545.300000000 INFO /updateDistance [/home/wcqw/ac-slam/catkin_ws/src/cpp_solver/src/updateDistance.cpp:128(occupancyGridCallback)] [topics: /rosout, /edge_distance] 252 edge distance updated
545.600000000 INFO /Navigator [/home/wcqw/ac-slam/catkin_ws/src/cpp_solver/src/MyPlanner.cpp:481(findExplorationTarget)] [topics: /rosout, /cmd, /Navigator/plan, /Navigator/markers, /Navigator/frontiers, /Navigator/frontier_to_vertex, /Navigator/nav_goal, /Navigator/prior_map, /Navigator/visual_tsp_path, /Navigator/tsp_index, /Navigator/path_finder, /Navigator/dist_map, /finished_topic, /request_replan, /Explore/result, /Explore/feedback, /Explore/status, /MoveTo/result, /MoveTo/feedback, /MoveTo/status, /Localize/result, /Localize/feedback, /Localize/status, /GetFirstMap/result, /GetFirstMap/feedback, /GetFirstMap/status] Call local replanning...
545.600000000 INFO /path_planner [path_planner.py:295(PathPlanner.handle_replanning)] [topics: /pose_graph_idx, /rosout, /edge_distance, /clock, /slam_pose_graph] Replanning request. curr_vertex_idx: 18
545.600000000 INFO /path_planner [path_planner.py:296(PathPlanner.handle_replanning)] [topics: /pose_graph_idx, /rosout, /edge_distance, /clock, /slam_pose_graph]                     covered_vertices: ()
545.600000000 INFO /path_planner [path_planner.py:310(PathPlanner.handle_replanning)] [topics: /pose_graph_idx, /rosout, /edge_distance, /clock, /slam_pose_graph] Handle local replanning...
545.600000000 INFO /path_planner [path_planner.py:363(PathPlanner.handle_local_replanning)] [topics: /pose_graph_idx, /rosout, /edge_distance, /clock, /slam_pose_graph] Local path to replan: [29, 30, 24, 25, 31, 32, 26, 27, 33, 34, 28, 22, 21, 38, 37]
545.600000000 INFO /path_planner [path_planner.py:322(PathPlanner.handle_replanning)] [topics: /pose_graph_idx, /rosout, /edge_distance, /clock, /slam_pose_graph] curr path length: 43, is_loop length: 43
545.600000000 INFO /path_planner [path_planner.py:334(PathPlanner.handle_replanning)] [topics: /pose_graph_idx, /rosout, /edge_distance, /clock, /slam_pose_graph] Send new plan: 8 7 6 5 4 3 9 15 16 10 11 35 37 20 19 15(L) 19 23 29  ---> 30 24 25 31 32 26 27 33 34 28 22 21 38 37(L) 38 36 12 13 14 8(L) 14 18 17 21(L) 
550.500000000 INFO /updateDistance [/home/wcqw/ac-slam/catkin_ws/src/cpp_solver/src/updateDistance.cpp:29(occupancyGridCallback)] [topics: /rosout, /edge_distance] Received an OccupancyGrid message!
550.500000000 INFO /updateDistance [/home/wcqw/ac-slam/catkin_ws/src/cpp_solver/src/updateDistance.cpp:30(occupancyGridCallback)] [topics: /rosout, /edge_distance] Width: 701, Height: 724, Size: 507524
550.500000000 INFO /updateDistance [/home/wcqw/ac-slam/catkin_ws/src/cpp_solver/src/updateDistance.cpp:32(occupancyGridCallback)] [topics: /rosout, /edge_distance] Map origin x: -7.414, y: -7.323
550.500000000 INFO /path_planner [path_planner.py:638(PathPlanner.handle_pose_graph)] [topics: /pose_graph_idx, /rosout, /edge_distance, /clock, /slam_pose_graph] Really visited vertices: 8 7 6 5 4 3 9 15 16 35 11 35 37 20 19 15 19 
550.500000000 INFO /updateDistance [/home/wcqw/ac-slam/catkin_ws/src/cpp_solver/src/updateDistance.cpp:87(occupancyGridCallback)] [topics: /rosout, /edge_distance] Free vertices size: 24
550.700000000 INFO /updateDistance [/home/wcqw/ac-slam/catkin_ws/src/cpp_solver/src/updateDistance.cpp:128(occupancyGridCallback)] [topics: /rosout, /edge_distance] 262 edge distance updated
551.300000000 INFO /updateDistance [/home/wcqw/ac-slam/catkin_ws/src/cpp_solver/src/updateDistance.cpp:29(occupancyGridCallback)] [topics: /rosout, /edge_distance] Received an OccupancyGrid message!
551.300000000 INFO /updateDistance [/home/wcqw/ac-slam/catkin_ws/src/cpp_solver/src/updateDistance.cpp:30(occupancyGridCallback)] [topics: /rosout, /edge_distance] Width: 701, Height: 724, Size: 507524
551.300000000 INFO /updateDistance [/home/wcqw/ac-slam/catkin_ws/src/cpp_solver/src/updateDistance.cpp:32(occupancyGridCallback)] [topics: /rosout, /edge_distance] Map origin x: -7.414, y: -7.323
551.300000000 INFO /updateDistance [/home/wcqw/ac-slam/catkin_ws/src/cpp_solver/src/updateDistance.cpp:87(occupancyGridCallback)] [topics: /rosout, /edge_distance] Free vertices size: 24
551.300000000 INFO /updateDistance [/home/wcqw/ac-slam/catkin_ws/src/cpp_solver/src/updateDistance.cpp:128(occupancyGridCallback)] [topics: /rosout, /edge_distance] 262 edge distance updated
551.600000000 INFO /Navigator [/home/wcqw/ac-slam/catkin_ws/src/cpp_solver/src/MyPlanner.cpp:481(findExplorationTarget)] [topics: /rosout, /cmd, /Navigator/plan, /Navigator/markers, /Navigator/frontiers, /Navigator/frontier_to_vertex, /Navigator/nav_goal, /Navigator/prior_map, /Navigator/visual_tsp_path, /Navigator/tsp_index, /Navigator/path_finder, /Navigator/dist_map, /finished_topic, /request_replan, /Explore/result, /Explore/feedback, /Explore/status, /MoveTo/result, /MoveTo/feedback, /MoveTo/status, /Localize/result, /Localize/feedback, /Localize/status, /GetFirstMap/result, /GetFirstMap/feedback, /GetFirstMap/status] Call local replanning...
551.600000000 INFO /path_planner [path_planner.py:295(PathPlanner.handle_replanning)] [topics: /pose_graph_idx, /rosout, /edge_distance, /clock, /slam_pose_graph] Replanning request. curr_vertex_idx: 18
551.600000000 INFO /path_planner [path_planner.py:296(PathPlanner.handle_replanning)] [topics: /pose_graph_idx, /rosout, /edge_distance, /clock, /slam_pose_graph]                     covered_vertices: ()
551.600000000 INFO /path_planner [path_planner.py:310(PathPlanner.handle_replanning)] [topics: /pose_graph_idx, /rosout, /edge_distance, /clock, /slam_pose_graph] Handle local replanning...
551.600000000 INFO /path_planner [path_planner.py:363(PathPlanner.handle_local_replanning)] [topics: /pose_graph_idx, /rosout, /edge_distance, /clock, /slam_pose_graph] Local path to replan: [29, 30, 24, 25, 31, 32, 26, 27, 33, 34, 28, 22, 21, 38, 37]
551.600000000 INFO /path_planner [path_planner.py:322(PathPlanner.handle_replanning)] [topics: /pose_graph_idx, /rosout, /edge_distance, /clock, /slam_pose_graph] curr path length: 43, is_loop length: 43
551.600000000 INFO /path_planner [path_planner.py:334(PathPlanner.handle_replanning)] [topics: /pose_graph_idx, /rosout, /edge_distance, /clock, /slam_pose_graph] Send new plan: 8 7 6 5 4 3 9 15 16 10 11 35 37 20 19 15(L) 19 23 29  ---> 30 24 25 31 32 26 27 33 34 28 22 21 38 37(L) 38 36 12 13 14 8(L) 14 18 17 21(L) 
557.300000000 INFO /updateDistance [/home/wcqw/ac-slam/catkin_ws/src/cpp_solver/src/updateDistance.cpp:29(occupancyGridCallback)] [topics: /rosout, /edge_distance] Received an OccupancyGrid message!
557.300000000 INFO /updateDistance [/home/wcqw/ac-slam/catkin_ws/src/cpp_solver/src/updateDistance.cpp:30(occupancyGridCallback)] [topics: /rosout, /edge_distance] Width: 701, Height: 724, Size: 507524
557.300000000 INFO /updateDistance [/home/wcqw/ac-slam/catkin_ws/src/cpp_solver/src/updateDistance.cpp:32(occupancyGridCallback)] [topics: /rosout, /edge_distance] Map origin x: -7.415, y: -7.323
557.300000000 INFO /updateDistance [/home/wcqw/ac-slam/catkin_ws/src/cpp_solver/src/updateDistance.cpp:87(occupancyGridCallback)] [topics: /rosout, /edge_distance] Free vertices size: 23
557.300000000 INFO /updateDistance [/home/wcqw/ac-slam/catkin_ws/src/cpp_solver/src/updateDistance.cpp:128(occupancyGridCallback)] [topics: /rosout, /edge_distance] 262 edge distance updated
557.900000000 INFO /Navigator [/home/wcqw/ac-slam/catkin_ws/src/cpp_solver/src/MyPlanner.cpp:481(findExplorationTarget)] [topics: /rosout, /cmd, /Navigator/plan, /Navigator/markers, /Navigator/frontiers, /Navigator/frontier_to_vertex, /Navigator/nav_goal, /Navigator/prior_map, /Navigator/visual_tsp_path, /Navigator/tsp_index, /Navigator/path_finder, /Navigator/dist_map, /finished_topic, /request_replan, /Explore/result, /Explore/feedback, /Explore/status, /MoveTo/result, /MoveTo/feedback, /MoveTo/status, /Localize/result, /Localize/feedback, /Localize/status, /GetFirstMap/result, /GetFirstMap/feedback, /GetFirstMap/status] Call local replanning...
557.900000000 INFO /path_planner [path_planner.py:295(PathPlanner.handle_replanning)] [topics: /pose_graph_idx, /rosout, /edge_distance, /clock, /slam_pose_graph] Replanning request. curr_vertex_idx: 18
557.900000000 INFO /path_planner [path_planner.py:296(PathPlanner.handle_replanning)] [topics: /pose_graph_idx, /rosout, /edge_distance, /clock, /slam_pose_graph]                     covered_vertices: ()
557.900000000 INFO /path_planner [path_planner.py:310(PathPlanner.handle_replanning)] [topics: /pose_graph_idx, /rosout, /edge_distance, /clock, /slam_pose_graph] Handle local replanning...
557.900000000 INFO /path_planner [path_planner.py:363(PathPlanner.handle_local_replanning)] [topics: /pose_graph_idx, /rosout, /edge_distance, /clock, /slam_pose_graph] Local path to replan: [29, 30, 24, 25, 31, 32, 26, 27, 33, 34, 28, 22, 21, 38, 37]
557.900000000 INFO /path_planner [path_planner.py:322(PathPlanner.handle_replanning)] [topics: /pose_graph_idx, /rosout, /edge_distance, /clock, /slam_pose_graph] curr path length: 43, is_loop length: 43
557.900000000 INFO /path_planner [path_planner.py:334(PathPlanner.handle_replanning)] [topics: /pose_graph_idx, /rosout, /edge_distance, /clock, /slam_pose_graph] Send new plan: 8 7 6 5 4 3 9 15 16 10 11 35 37 20 19 15(L) 19 23 29  ---> 30 24 25 31 32 26 27 33 34 28 22 21 38 37(L) 38 36 12 13 14 8(L) 14 18 17 21(L) 
563.300000000 INFO /updateDistance [/home/wcqw/ac-slam/catkin_ws/src/cpp_solver/src/updateDistance.cpp:29(occupancyGridCallback)] [topics: /rosout, /edge_distance] Received an OccupancyGrid message!
563.300000000 INFO /updateDistance [/home/wcqw/ac-slam/catkin_ws/src/cpp_solver/src/updateDistance.cpp:30(occupancyGridCallback)] [topics: /rosout, /edge_distance] Width: 701, Height: 724, Size: 507524
563.300000000 INFO /updateDistance [/home/wcqw/ac-slam/catkin_ws/src/cpp_solver/src/updateDistance.cpp:32(occupancyGridCallback)] [topics: /rosout, /edge_distance] Map origin x: -7.415, y: -7.323
563.300000000 INFO /updateDistance [/home/wcqw/ac-slam/catkin_ws/src/cpp_solver/src/updateDistance.cpp:87(occupancyGridCallback)] [topics: /rosout, /edge_distance] Free vertices size: 22
563.300000000 INFO /updateDistance [/home/wcqw/ac-slam/catkin_ws/src/cpp_solver/src/updateDistance.cpp:128(occupancyGridCallback)] [topics: /rosout, /edge_distance] 262 edge distance updated
563.900000000 INFO /Navigator [/home/wcqw/ac-slam/catkin_ws/src/cpp_solver/src/MyPlanner.cpp:481(findExplorationTarget)] [topics: /rosout, /cmd, /Navigator/plan, /Navigator/markers, /Navigator/frontiers, /Navigator/frontier_to_vertex, /Navigator/nav_goal, /Navigator/prior_map, /Navigator/visual_tsp_path, /Navigator/tsp_index, /Navigator/path_finder, /Navigator/dist_map, /finished_topic, /request_replan, /Explore/result, /Explore/feedback, /Explore/status, /MoveTo/result, /MoveTo/feedback, /MoveTo/status, /Localize/result, /Localize/feedback, /Localize/status, /GetFirstMap/result, /GetFirstMap/feedback, /GetFirstMap/status] Call local replanning...
563.900000000 INFO /path_planner [path_planner.py:295(PathPlanner.handle_replanning)] [topics: /pose_graph_idx, /rosout, /edge_distance, /clock, /slam_pose_graph] Replanning request. curr_vertex_idx: 18
563.900000000 INFO /path_planner [path_planner.py:296(PathPlanner.handle_replanning)] [topics: /pose_graph_idx, /rosout, /edge_distance, /clock, /slam_pose_graph]                     covered_vertices: ()
563.900000000 INFO /path_planner [path_planner.py:310(PathPlanner.handle_replanning)] [topics: /pose_graph_idx, /rosout, /edge_distance, /clock, /slam_pose_graph] Handle local replanning...
563.900000000 INFO /path_planner [path_planner.py:363(PathPlanner.handle_local_replanning)] [topics: /pose_graph_idx, /rosout, /edge_distance, /clock, /slam_pose_graph] Local path to replan: [29, 30, 24, 25, 31, 32, 26, 27, 33, 34, 28, 22, 21, 38, 37]
563.900000000 INFO /path_planner [path_planner.py:322(PathPlanner.handle_replanning)] [topics: /pose_graph_idx, /rosout, /edge_distance, /clock, /slam_pose_graph] curr path length: 43, is_loop length: 43
563.900000000 INFO /path_planner [path_planner.py:334(PathPlanner.handle_replanning)] [topics: /pose_graph_idx, /rosout, /edge_distance, /clock, /slam_pose_graph] Send new plan: 8 7 6 5 4 3 9 15 16 10 11 35 37 20 19 15(L) 19 23 29  ---> 30 24 25 31 32 26 27 33 34 28 22 21 38 37(L) 38 36 12 13 14 8(L) 14 18 17 21(L) 
569.400000000 INFO /updateDistance [/home/wcqw/ac-slam/catkin_ws/src/cpp_solver/src/updateDistance.cpp:29(occupancyGridCallback)] [topics: /rosout, /edge_distance] Received an OccupancyGrid message!
569.400000000 INFO /updateDistance [/home/wcqw/ac-slam/catkin_ws/src/cpp_solver/src/updateDistance.cpp:30(occupancyGridCallback)] [topics: /rosout, /edge_distance] Width: 701, Height: 724, Size: 507524
569.400000000 INFO /updateDistance [/home/wcqw/ac-slam/catkin_ws/src/cpp_solver/src/updateDistance.cpp:32(occupancyGridCallback)] [topics: /rosout, /edge_distance] Map origin x: -7.415, y: -7.323
569.400000000 INFO /updateDistance [/home/wcqw/ac-slam/catkin_ws/src/cpp_solver/src/updateDistance.cpp:87(occupancyGridCallback)] [topics: /rosout, /edge_distance] Free vertices size: 24
569.400000000 INFO /updateDistance [/home/wcqw/ac-slam/catkin_ws/src/cpp_solver/src/updateDistance.cpp:128(occupancyGridCallback)] [topics: /rosout, /edge_distance] 262 edge distance updated
569.900000000 INFO /Navigator [/home/wcqw/ac-slam/catkin_ws/src/cpp_solver/src/MyPlanner.cpp:481(findExplorationTarget)] [topics: /rosout, /cmd, /Navigator/plan, /Navigator/markers, /Navigator/frontiers, /Navigator/frontier_to_vertex, /Navigator/nav_goal, /Navigator/prior_map, /Navigator/visual_tsp_path, /Navigator/tsp_index, /Navigator/path_finder, /Navigator/dist_map, /finished_topic, /request_replan, /Explore/result, /Explore/feedback, /Explore/status, /MoveTo/result, /MoveTo/feedback, /MoveTo/status, /Localize/result, /Localize/feedback, /Localize/status, /GetFirstMap/result, /GetFirstMap/feedback, /GetFirstMap/status] Call local replanning...
569.900000000 INFO /path_planner [path_planner.py:295(PathPlanner.handle_replanning)] [topics: /pose_graph_idx, /rosout, /edge_distance, /clock, /slam_pose_graph] Replanning request. curr_vertex_idx: 18
569.900000000 INFO /path_planner [path_planner.py:296(PathPlanner.handle_replanning)] [topics: /pose_graph_idx, /rosout, /edge_distance, /clock, /slam_pose_graph]                     covered_vertices: ()
569.900000000 INFO /path_planner [path_planner.py:310(PathPlanner.handle_replanning)] [topics: /pose_graph_idx, /rosout, /edge_distance, /clock, /slam_pose_graph] Handle local replanning...
569.900000000 INFO /path_planner [path_planner.py:363(PathPlanner.handle_local_replanning)] [topics: /pose_graph_idx, /rosout, /edge_distance, /clock, /slam_pose_graph] Local path to replan: [29, 30, 24, 25, 31, 32, 26, 27, 33, 34, 28, 22, 21, 38, 37]
569.900000000 INFO /path_planner [path_planner.py:322(PathPlanner.handle_replanning)] [topics: /pose_graph_idx, /rosout, /edge_distance, /clock, /slam_pose_graph] curr path length: 43, is_loop length: 43
569.900000000 INFO /path_planner [path_planner.py:334(PathPlanner.handle_replanning)] [topics: /pose_graph_idx, /rosout, /edge_distance, /clock, /slam_pose_graph] Send new plan: 8 7 6 5 4 3 9 15 16 10 11 35 37 20 19 15(L) 19 23 29  ---> 30 24 25 31 32 26 27 33 34 28 22 21 38 37(L) 38 36 12 13 14 8(L) 14 18 17 21(L) 
575.100000000 INFO /updateDistance [/home/wcqw/ac-slam/catkin_ws/src/cpp_solver/src/updateDistance.cpp:29(occupancyGridCallback)] [topics: /rosout, /edge_distance] Received an OccupancyGrid message!
575.100000000 INFO /updateDistance [/home/wcqw/ac-slam/catkin_ws/src/cpp_solver/src/updateDistance.cpp:30(occupancyGridCallback)] [topics: /rosout, /edge_distance] Width: 701, Height: 724, Size: 507524
575.100000000 INFO /updateDistance [/home/wcqw/ac-slam/catkin_ws/src/cpp_solver/src/updateDistance.cpp:32(occupancyGridCallback)] [topics: /rosout, /edge_distance] Map origin x: -7.415, y: -7.323
575.100000000 INFO /path_planner [path_planner.py:638(PathPlanner.handle_pose_graph)] [topics: /pose_graph_idx, /rosout, /edge_distance, /clock, /slam_pose_graph] Really visited vertices: 8 7 6 5 4 3 9 15 16 35 11 35 37 20 19 15 19 
575.100000000 INFO /updateDistance [/home/wcqw/ac-slam/catkin_ws/src/cpp_solver/src/updateDistance.cpp:87(occupancyGridCallback)] [topics: /rosout, /edge_distance] Free vertices size: 23
575.100000000 INFO /updateDistance [/home/wcqw/ac-slam/catkin_ws/src/cpp_solver/src/updateDistance.cpp:128(occupancyGridCallback)] [topics: /rosout, /edge_distance] 262 edge distance updated
575.300000000 INFO /updateDistance [/home/wcqw/ac-slam/catkin_ws/src/cpp_solver/src/updateDistance.cpp:29(occupancyGridCallback)] [topics: /rosout, /edge_distance] Received an OccupancyGrid message!
575.300000000 INFO /updateDistance [/home/wcqw/ac-slam/catkin_ws/src/cpp_solver/src/updateDistance.cpp:30(occupancyGridCallback)] [topics: /rosout, /edge_distance] Width: 701, Height: 724, Size: 507524
575.300000000 INFO /updateDistance [/home/wcqw/ac-slam/catkin_ws/src/cpp_solver/src/updateDistance.cpp:32(occupancyGridCallback)] [topics: /rosout, /edge_distance] Map origin x: -7.415, y: -7.323
575.300000000 INFO /updateDistance [/home/wcqw/ac-slam/catkin_ws/src/cpp_solver/src/updateDistance.cpp:87(occupancyGridCallback)] [topics: /rosout, /edge_distance] Free vertices size: 23
575.300000000 INFO /updateDistance [/home/wcqw/ac-slam/catkin_ws/src/cpp_solver/src/updateDistance.cpp:128(occupancyGridCallback)] [topics: /rosout, /edge_distance] 262 edge distance updated
575.700000000 INFO /Navigator [/home/wcqw/ac-slam/catkin_ws/src/cpp_solver/src/MyPlanner.cpp:481(findExplorationTarget)] [topics: /rosout, /cmd, /Navigator/plan, /Navigator/markers, /Navigator/frontiers, /Navigator/frontier_to_vertex, /Navigator/nav_goal, /Navigator/prior_map, /Navigator/visual_tsp_path, /Navigator/tsp_index, /Navigator/path_finder, /Navigator/dist_map, /finished_topic, /request_replan, /Explore/result, /Explore/feedback, /Explore/status, /MoveTo/result, /MoveTo/feedback, /MoveTo/status, /Localize/result, /Localize/feedback, /Localize/status, /GetFirstMap/result, /GetFirstMap/feedback, /GetFirstMap/status] Call local replanning...
575.700000000 INFO /path_planner [path_planner.py:295(PathPlanner.handle_replanning)] [topics: /pose_graph_idx, /rosout, /edge_distance, /clock, /slam_pose_graph] Replanning request. curr_vertex_idx: 18
575.700000000 INFO /path_planner [path_planner.py:296(PathPlanner.handle_replanning)] [topics: /pose_graph_idx, /rosout, /edge_distance, /clock, /slam_pose_graph]                     covered_vertices: ()
575.700000000 INFO /path_planner [path_planner.py:310(PathPlanner.handle_replanning)] [topics: /pose_graph_idx, /rosout, /edge_distance, /clock, /slam_pose_graph] Handle local replanning...
575.700000000 INFO /path_planner [path_planner.py:363(PathPlanner.handle_local_replanning)] [topics: /pose_graph_idx, /rosout, /edge_distance, /clock, /slam_pose_graph] Local path to replan: [29, 30, 24, 25, 31, 32, 26, 27, 33, 34, 28, 22, 21, 38, 37]
575.700000000 INFO /path_planner [path_planner.py:322(PathPlanner.handle_replanning)] [topics: /pose_graph_idx, /rosout, /edge_distance, /clock, /slam_pose_graph] curr path length: 43, is_loop length: 43
575.700000000 INFO /path_planner [path_planner.py:334(PathPlanner.handle_replanning)] [topics: /pose_graph_idx, /rosout, /edge_distance, /clock, /slam_pose_graph] Send new plan: 8 7 6 5 4 3 9 15 16 10 11 35 37 20 19 15(L) 19 23 29  ---> 30 24 25 31 32 26 27 33 34 28 22 21 38 37(L) 38 36 12 13 14 8(L) 14 18 17 21(L) 
580.500000000 INFO /updateDistance [/home/wcqw/ac-slam/catkin_ws/src/cpp_solver/src/updateDistance.cpp:29(occupancyGridCallback)] [topics: /rosout, /edge_distance] Received an OccupancyGrid message!
580.500000000 INFO /updateDistance [/home/wcqw/ac-slam/catkin_ws/src/cpp_solver/src/updateDistance.cpp:30(occupancyGridCallback)] [topics: /rosout, /edge_distance] Width: 701, Height: 724, Size: 507524
580.500000000 INFO /updateDistance [/home/wcqw/ac-slam/catkin_ws/src/cpp_solver/src/updateDistance.cpp:32(occupancyGridCallback)] [topics: /rosout, /edge_distance] Map origin x: -7.415, y: -7.323
580.500000000 INFO /path_planner [path_planner.py:638(PathPlanner.handle_pose_graph)] [topics: /pose_graph_idx, /rosout, /edge_distance, /clock, /slam_pose_graph] Really visited vertices: 8 7 6 5 4 3 9 15 16 35 11 35 37 20 19 15 19 
580.500000000 INFO /updateDistance [/home/wcqw/ac-slam/catkin_ws/src/cpp_solver/src/updateDistance.cpp:87(occupancyGridCallback)] [topics: /rosout, /edge_distance] Free vertices size: 24
580.500000000 INFO /updateDistance [/home/wcqw/ac-slam/catkin_ws/src/cpp_solver/src/updateDistance.cpp:128(occupancyGridCallback)] [topics: /rosout, /edge_distance] 262 edge distance updated
581.300000000 INFO /updateDistance [/home/wcqw/ac-slam/catkin_ws/src/cpp_solver/src/updateDistance.cpp:29(occupancyGridCallback)] [topics: /rosout, /edge_distance] Received an OccupancyGrid message!
581.300000000 INFO /updateDistance [/home/wcqw/ac-slam/catkin_ws/src/cpp_solver/src/updateDistance.cpp:30(occupancyGridCallback)] [topics: /rosout, /edge_distance] Width: 701, Height: 724, Size: 507524
581.300000000 INFO /updateDistance [/home/wcqw/ac-slam/catkin_ws/src/cpp_solver/src/updateDistance.cpp:32(occupancyGridCallback)] [topics: /rosout, /edge_distance] Map origin x: -7.415, y: -7.323
581.300000000 INFO /updateDistance [/home/wcqw/ac-slam/catkin_ws/src/cpp_solver/src/updateDistance.cpp:87(occupancyGridCallback)] [topics: /rosout, /edge_distance] Free vertices size: 24
581.300000000 INFO /updateDistance [/home/wcqw/ac-slam/catkin_ws/src/cpp_solver/src/updateDistance.cpp:128(occupancyGridCallback)] [topics: /rosout, /edge_distance] 262 edge distance updated
581.800000000 INFO /Navigator [/home/wcqw/ac-slam/catkin_ws/src/cpp_solver/src/MyPlanner.cpp:481(findExplorationTarget)] [topics: /rosout, /cmd, /Navigator/plan, /Navigator/markers, /Navigator/frontiers, /Navigator/frontier_to_vertex, /Navigator/nav_goal, /Navigator/prior_map, /Navigator/visual_tsp_path, /Navigator/tsp_index, /Navigator/path_finder, /Navigator/dist_map, /finished_topic, /request_replan, /Explore/result, /Explore/feedback, /Explore/status, /MoveTo/result, /MoveTo/feedback, /MoveTo/status, /Localize/result, /Localize/feedback, /Localize/status, /GetFirstMap/result, /GetFirstMap/feedback, /GetFirstMap/status] Call local replanning...
581.800000000 INFO /path_planner [path_planner.py:295(PathPlanner.handle_replanning)] [topics: /pose_graph_idx, /rosout, /edge_distance, /clock, /slam_pose_graph] Replanning request. curr_vertex_idx: 18
581.800000000 INFO /path_planner [path_planner.py:296(PathPlanner.handle_replanning)] [topics: /pose_graph_idx, /rosout, /edge_distance, /clock, /slam_pose_graph]                     covered_vertices: ()
581.800000000 INFO /path_planner [path_planner.py:310(PathPlanner.handle_replanning)] [topics: /pose_graph_idx, /rosout, /edge_distance, /clock, /slam_pose_graph] Handle local replanning...
581.800000000 INFO /path_planner [path_planner.py:363(PathPlanner.handle_local_replanning)] [topics: /pose_graph_idx, /rosout, /edge_distance, /clock, /slam_pose_graph] Local path to replan: [29, 30, 24, 25, 31, 32, 26, 27, 33, 34, 28, 22, 21, 38, 37]
581.800000000 INFO /path_planner [path_planner.py:322(PathPlanner.handle_replanning)] [topics: /pose_graph_idx, /rosout, /edge_distance, /clock, /slam_pose_graph] curr path length: 43, is_loop length: 43
581.800000000 INFO /path_planner [path_planner.py:334(PathPlanner.handle_replanning)] [topics: /pose_graph_idx, /rosout, /edge_distance, /clock, /slam_pose_graph] Send new plan: 8 7 6 5 4 3 9 15 16 10 11 35 37 20 19 15(L) 19 23 29  ---> 30 24 25 31 32 26 27 33 34 28 22 21 38 37(L) 38 36 12 13 14 8(L) 14 18 17 21(L) 
587.200000000 INFO /updateDistance [/home/wcqw/ac-slam/catkin_ws/src/cpp_solver/src/updateDistance.cpp:29(occupancyGridCallback)] [topics: /rosout, /edge_distance] Received an OccupancyGrid message!
587.200000000 INFO /updateDistance [/home/wcqw/ac-slam/catkin_ws/src/cpp_solver/src/updateDistance.cpp:30(occupancyGridCallback)] [topics: /rosout, /edge_distance] Width: 701, Height: 729, Size: 511029
587.200000000 INFO /updateDistance [/home/wcqw/ac-slam/catkin_ws/src/cpp_solver/src/updateDistance.cpp:32(occupancyGridCallback)] [topics: /rosout, /edge_distance] Map origin x: -7.415, y: -7.323
587.200000000 INFO /path_planner [path_planner.py:638(PathPlanner.handle_pose_graph)] [topics: /pose_graph_idx, /rosout, /edge_distance, /clock, /slam_pose_graph] Really visited vertices: 8 7 6 5 4 3 9 15 16 35 11 35 37 20 19 15 19 23 
587.200000000 INFO /RVIZ [/tmp/binarydeb/ros-noetic-rviz-1.14.26/src/rviz/default_plugin/map_display.cpp:604(MapDisplay::createSwatches)] [topics: /rosout, /initialpose, /goal, /clicked_point] Creating 1 swatches
587.200000000 INFO /updateDistance [/home/wcqw/ac-slam/catkin_ws/src/cpp_solver/src/updateDistance.cpp:87(occupancyGridCallback)] [topics: /rosout, /edge_distance] Free vertices size: 22
587.200000000 INFO /updateDistance [/home/wcqw/ac-slam/catkin_ws/src/cpp_solver/src/updateDistance.cpp:128(occupancyGridCallback)] [topics: /rosout, /edge_distance] 262 edge distance updated
587.200000000 INFO /updateDistance [/home/wcqw/ac-slam/catkin_ws/src/cpp_solver/src/updateDistance.cpp:29(occupancyGridCallback)] [topics: /rosout, /edge_distance] Received an OccupancyGrid message!
587.200000000 INFO /updateDistance [/home/wcqw/ac-slam/catkin_ws/src/cpp_solver/src/updateDistance.cpp:30(occupancyGridCallback)] [topics: /rosout, /edge_distance] Width: 701, Height: 729, Size: 511029
587.200000000 INFO /updateDistance [/home/wcqw/ac-slam/catkin_ws/src/cpp_solver/src/updateDistance.cpp:32(occupancyGridCallback)] [topics: /rosout, /edge_distance] Map origin x: -7.415, y: -7.323
587.200000000 INFO /updateDistance [/home/wcqw/ac-slam/catkin_ws/src/cpp_solver/src/updateDistance.cpp:87(occupancyGridCallback)] [topics: /rosout, /edge_distance] Free vertices size: 22
587.200000000 INFO /updateDistance [/home/wcqw/ac-slam/catkin_ws/src/cpp_solver/src/updateDistance.cpp:128(occupancyGridCallback)] [topics: /rosout, /edge_distance] 262 edge distance updated
587.500000000 INFO /Navigator [/home/wcqw/ac-slam/catkin_ws/src/cpp_solver/src/MyPlanner.cpp:481(findExplorationTarget)] [topics: /rosout, /cmd, /Navigator/plan, /Navigator/markers, /Navigator/frontiers, /Navigator/frontier_to_vertex, /Navigator/nav_goal, /Navigator/prior_map, /Navigator/visual_tsp_path, /Navigator/tsp_index, /Navigator/path_finder, /Navigator/dist_map, /finished_topic, /request_replan, /Explore/result, /Explore/feedback, /Explore/status, /MoveTo/result, /MoveTo/feedback, /MoveTo/status, /Localize/result, /Localize/feedback, /Localize/status, /GetFirstMap/result, /GetFirstMap/feedback, /GetFirstMap/status] Call local replanning...
587.500000000 INFO /path_planner [path_planner.py:295(PathPlanner.handle_replanning)] [topics: /pose_graph_idx, /rosout, /edge_distance, /clock, /slam_pose_graph] Replanning request. curr_vertex_idx: 18
587.500000000 INFO /path_planner [path_planner.py:296(PathPlanner.handle_replanning)] [topics: /pose_graph_idx, /rosout, /edge_distance, /clock, /slam_pose_graph]                     covered_vertices: ()
587.500000000 INFO /path_planner [path_planner.py:310(PathPlanner.handle_replanning)] [topics: /pose_graph_idx, /rosout, /edge_distance, /clock, /slam_pose_graph] Handle local replanning...
587.500000000 INFO /path_planner [path_planner.py:363(PathPlanner.handle_local_replanning)] [topics: /pose_graph_idx, /rosout, /edge_distance, /clock, /slam_pose_graph] Local path to replan: [29, 30, 24, 25, 31, 32, 26, 27, 33, 34, 28, 22, 21, 38, 37]
587.500000000 INFO /path_planner [path_planner.py:322(PathPlanner.handle_replanning)] [topics: /pose_graph_idx, /rosout, /edge_distance, /clock, /slam_pose_graph] curr path length: 43, is_loop length: 43
587.500000000 INFO /path_planner [path_planner.py:334(PathPlanner.handle_replanning)] [topics: /pose_graph_idx, /rosout, /edge_distance, /clock, /slam_pose_graph] Send new plan: 8 7 6 5 4 3 9 15 16 10 11 35 37 20 19 15(L) 19 23 29  ---> 30 24 25 31 32 26 27 33 34 28 22 21 38 37(L) 38 36 12 13 14 8(L) 14 18 17 21(L) 
592.400000000 INFO /updateDistance [/home/wcqw/ac-slam/catkin_ws/src/cpp_solver/src/updateDistance.cpp:29(occupancyGridCallback)] [topics: /rosout, /edge_distance] Received an OccupancyGrid message!
592.400000000 INFO /updateDistance [/home/wcqw/ac-slam/catkin_ws/src/cpp_solver/src/updateDistance.cpp:30(occupancyGridCallback)] [topics: /rosout, /edge_distance] Width: 701, Height: 729, Size: 511029
592.400000000 INFO /updateDistance [/home/wcqw/ac-slam/catkin_ws/src/cpp_solver/src/updateDistance.cpp:32(occupancyGridCallback)] [topics: /rosout, /edge_distance] Map origin x: -7.415, y: -7.323
592.400000000 INFO /path_planner [path_planner.py:638(PathPlanner.handle_pose_graph)] [topics: /pose_graph_idx, /rosout, /edge_distance, /clock, /slam_pose_graph] Really visited vertices: 8 7 6 5 4 3 9 15 16 35 11 35 37 20 19 15 19 23 
592.400000000 INFO /updateDistance [/home/wcqw/ac-slam/catkin_ws/src/cpp_solver/src/updateDistance.cpp:87(occupancyGridCallback)] [topics: /rosout, /edge_distance] Free vertices size: 23
592.400000000 INFO /updateDistance [/home/wcqw/ac-slam/catkin_ws/src/cpp_solver/src/updateDistance.cpp:128(occupancyGridCallback)] [topics: /rosout, /edge_distance] 262 edge distance updated
593.300000000 INFO /updateDistance [/home/wcqw/ac-slam/catkin_ws/src/cpp_solver/src/updateDistance.cpp:29(occupancyGridCallback)] [topics: /rosout, /edge_distance] Received an OccupancyGrid message!
593.300000000 INFO /updateDistance [/home/wcqw/ac-slam/catkin_ws/src/cpp_solver/src/updateDistance.cpp:30(occupancyGridCallback)] [topics: /rosout, /edge_distance] Width: 701, Height: 729, Size: 511029
593.300000000 INFO /updateDistance [/home/wcqw/ac-slam/catkin_ws/src/cpp_solver/src/updateDistance.cpp:32(occupancyGridCallback)] [topics: /rosout, /edge_distance] Map origin x: -7.415, y: -7.323
593.300000000 INFO /updateDistance [/home/wcqw/ac-slam/catkin_ws/src/cpp_solver/src/updateDistance.cpp:87(occupancyGridCallback)] [topics: /rosout, /edge_distance] Free vertices size: 23
593.300000000 INFO /updateDistance [/home/wcqw/ac-slam/catkin_ws/src/cpp_solver/src/updateDistance.cpp:128(occupancyGridCallback)] [topics: /rosout, /edge_distance] 262 edge distance updated
593.800000000 INFO /Navigator [/home/wcqw/ac-slam/catkin_ws/src/cpp_solver/src/MyPlanner.cpp:481(findExplorationTarget)] [topics: /rosout, /cmd, /Navigator/plan, /Navigator/markers, /Navigator/frontiers, /Navigator/frontier_to_vertex, /Navigator/nav_goal, /Navigator/prior_map, /Navigator/visual_tsp_path, /Navigator/tsp_index, /Navigator/path_finder, /Navigator/dist_map, /finished_topic, /request_replan, /Explore/result, /Explore/feedback, /Explore/status, /MoveTo/result, /MoveTo/feedback, /MoveTo/status, /Localize/result, /Localize/feedback, /Localize/status, /GetFirstMap/result, /GetFirstMap/feedback, /GetFirstMap/status] Call local replanning...
593.800000000 INFO /path_planner [path_planner.py:295(PathPlanner.handle_replanning)] [topics: /pose_graph_idx, /rosout, /edge_distance, /clock, /slam_pose_graph] Replanning request. curr_vertex_idx: 18
593.800000000 INFO /path_planner [path_planner.py:296(PathPlanner.handle_replanning)] [topics: /pose_graph_idx, /rosout, /edge_distance, /clock, /slam_pose_graph]                     covered_vertices: ()
593.800000000 INFO /path_planner [path_planner.py:310(PathPlanner.handle_replanning)] [topics: /pose_graph_idx, /rosout, /edge_distance, /clock, /slam_pose_graph] Handle local replanning...
593.800000000 INFO /path_planner [path_planner.py:363(PathPlanner.handle_local_replanning)] [topics: /pose_graph_idx, /rosout, /edge_distance, /clock, /slam_pose_graph] Local path to replan: [29, 30, 24, 25, 31, 32, 26, 27, 33, 34, 28, 22, 21, 38, 37]
593.800000000 INFO /path_planner [path_planner.py:322(PathPlanner.handle_replanning)] [topics: /pose_graph_idx, /rosout, /edge_distance, /clock, /slam_pose_graph] curr path length: 43, is_loop length: 43
593.800000000 INFO /path_planner [path_planner.py:334(PathPlanner.handle_replanning)] [topics: /pose_graph_idx, /rosout, /edge_distance, /clock, /slam_pose_graph] Send new plan: 8 7 6 5 4 3 9 15 16 10 11 35 37 20 19 15(L) 19 23 29  ---> 30 24 25 31 32 26 27 33 34 28 22 21 38 37(L) 38 36 12 13 14 8(L) 14 18 17 21(L) 
599.100000000 INFO /updateDistance [/home/wcqw/ac-slam/catkin_ws/src/cpp_solver/src/updateDistance.cpp:29(occupancyGridCallback)] [topics: /rosout, /edge_distance] Received an OccupancyGrid message!
599.100000000 INFO /updateDistance [/home/wcqw/ac-slam/catkin_ws/src/cpp_solver/src/updateDistance.cpp:30(occupancyGridCallback)] [topics: /rosout, /edge_distance] Width: 701, Height: 729, Size: 511029
599.100000000 INFO /updateDistance [/home/wcqw/ac-slam/catkin_ws/src/cpp_solver/src/updateDistance.cpp:32(occupancyGridCallback)] [topics: /rosout, /edge_distance] Map origin x: -7.415, y: -7.323
599.100000000 INFO /path_planner [path_planner.py:638(PathPlanner.handle_pose_graph)] [topics: /pose_graph_idx, /rosout, /edge_distance, /clock, /slam_pose_graph] Really visited vertices: 8 7 6 5 4 3 9 15 16 35 11 35 37 20 19 15 19 23 
599.100000000 INFO /updateDistance [/home/wcqw/ac-slam/catkin_ws/src/cpp_solver/src/updateDistance.cpp:87(occupancyGridCallback)] [topics: /rosout, /edge_distance] Free vertices size: 25
599.400000000 INFO /updateDistance [/home/wcqw/ac-slam/catkin_ws/src/cpp_solver/src/updateDistance.cpp:128(occupancyGridCallback)] [topics: /rosout, /edge_distance] 284 edge distance updated
599.400000000 INFO /updateDistance [/home/wcqw/ac-slam/catkin_ws/src/cpp_solver/src/updateDistance.cpp:29(occupancyGridCallback)] [topics: /rosout, /edge_distance] Received an OccupancyGrid message!
599.400000000 INFO /updateDistance [/home/wcqw/ac-slam/catkin_ws/src/cpp_solver/src/updateDistance.cpp:30(occupancyGridCallback)] [topics: /rosout, /edge_distance] Width: 701, Height: 729, Size: 511029
599.400000000 INFO /updateDistance [/home/wcqw/ac-slam/catkin_ws/src/cpp_solver/src/updateDistance.cpp:32(occupancyGridCallback)] [topics: /rosout, /edge_distance] Map origin x: -7.415, y: -7.323
599.400000000 INFO /updateDistance [/home/wcqw/ac-slam/catkin_ws/src/cpp_solver/src/updateDistance.cpp:87(occupancyGridCallback)] [topics: /rosout, /edge_distance] Free vertices size: 25
599.400000000 INFO /updateDistance [/home/wcqw/ac-slam/catkin_ws/src/cpp_solver/src/updateDistance.cpp:128(occupancyGridCallback)] [topics: /rosout, /edge_distance] 284 edge distance updated
599.600000000 INFO /Navigator [/home/wcqw/ac-slam/catkin_ws/src/cpp_solver/src/MyPlanner.cpp:481(findExplorationTarget)] [topics: /rosout, /cmd, /Navigator/plan, /Navigator/markers, /Navigator/frontiers, /Navigator/frontier_to_vertex, /Navigator/nav_goal, /Navigator/prior_map, /Navigator/visual_tsp_path, /Navigator/tsp_index, /Navigator/path_finder, /Navigator/dist_map, /finished_topic, /request_replan, /Explore/result, /Explore/feedback, /Explore/status, /MoveTo/result, /MoveTo/feedback, /MoveTo/status, /Localize/result, /Localize/feedback, /Localize/status, /GetFirstMap/result, /GetFirstMap/feedback, /GetFirstMap/status] Call local replanning...
599.600000000 INFO /path_planner [path_planner.py:295(PathPlanner.handle_replanning)] [topics: /pose_graph_idx, /rosout, /edge_distance, /clock, /slam_pose_graph] Replanning request. curr_vertex_idx: 18
599.600000000 INFO /path_planner [path_planner.py:296(PathPlanner.handle_replanning)] [topics: /pose_graph_idx, /rosout, /edge_distance, /clock, /slam_pose_graph]                     covered_vertices: ()
599.600000000 INFO /path_planner [path_planner.py:310(PathPlanner.handle_replanning)] [topics: /pose_graph_idx, /rosout, /edge_distance, /clock, /slam_pose_graph] Handle local replanning...
599.600000000 INFO /path_planner [path_planner.py:363(PathPlanner.handle_local_replanning)] [topics: /pose_graph_idx, /rosout, /edge_distance, /clock, /slam_pose_graph] Local path to replan: [29, 30, 24, 25, 31, 32, 26, 27, 33, 34, 28, 22, 21, 38, 37]
599.600000000 INFO /path_planner [path_planner.py:322(PathPlanner.handle_replanning)] [topics: /pose_graph_idx, /rosout, /edge_distance, /clock, /slam_pose_graph] curr path length: 43, is_loop length: 43
599.600000000 INFO /path_planner [path_planner.py:334(PathPlanner.handle_replanning)] [topics: /pose_graph_idx, /rosout, /edge_distance, /clock, /slam_pose_graph] Send new plan: 8 7 6 5 4 3 9 15 16 10 11 35 37 20 19 15(L) 19 23 29  ---> 30 24 25 31 32 26 27 33 34 28 22 21 38 37(L) 38 36 12 13 14 8(L) 14 18 17 21(L) 
599.600000000 INFO /Navigator [/home/wcqw/ac-slam/catkin_ws/src/cpp_solver/src/MyPlanner.cpp:509(findExplorationTarget)] [topics: /rosout, /cmd, /Navigator/plan, /Navigator/markers, /Navigator/frontiers, /Navigator/frontier_to_vertex, /Navigator/nav_goal, /Navigator/prior_map, /Navigator/visual_tsp_path, /Navigator/tsp_index, /Navigator/path_finder, /Navigator/dist_map, /finished_topic, /request_replan, /Explore/result, /Explore/feedback, /Explore/status, /MoveTo/result, /MoveTo/feedback, /MoveTo/status, /Localize/result, /Localize/feedback, /Localize/status, /GetFirstMap/result, /GetFirstMap/feedback, /GetFirstMap/status] Reach vertex 29
599.700000000 INFO /Navigator [/home/wcqw/ac-slam/catkin_ws/src/cpp_solver/src/MyPlanner.cpp:613(findExplorationTarget)] [topics: /rosout, /cmd, /Navigator/plan, /Navigator/markers, /Navigator/frontiers, /Navigator/frontier_to_vertex, /Navigator/nav_goal, /Navigator/prior_map, /Navigator/visual_tsp_path, /Navigator/tsp_index, /Navigator/path_finder, /Navigator/dist_map, /finished_topic, /request_replan, /Explore/result, /Explore/feedback, /Explore/status, /MoveTo/result, /MoveTo/feedback, /MoveTo/status, /Localize/result, /Localize/feedback, /Localize/status, /GetFirstMap/result, /GetFirstMap/feedback, /GetFirstMap/status] Explore Goal 29 's frontiers...
604.800000000 INFO /updateDistance [/home/wcqw/ac-slam/catkin_ws/src/cpp_solver/src/updateDistance.cpp:29(occupancyGridCallback)] [topics: /rosout, /edge_distance] Received an OccupancyGrid message!
604.800000000 INFO /updateDistance [/home/wcqw/ac-slam/catkin_ws/src/cpp_solver/src/updateDistance.cpp:30(occupancyGridCallback)] [topics: /rosout, /edge_distance] Width: 702, Height: 729, Size: 511758
604.800000000 INFO /updateDistance [/home/wcqw/ac-slam/catkin_ws/src/cpp_solver/src/updateDistance.cpp:32(occupancyGridCallback)] [topics: /rosout, /edge_distance] Map origin x: -7.415, y: -7.323
604.800000000 INFO /path_planner [path_planner.py:638(PathPlanner.handle_pose_graph)] [topics: /pose_graph_idx, /rosout, /edge_distance, /clock, /slam_pose_graph] Really visited vertices: 8 7 6 5 4 3 9 15 16 35 11 35 37 20 19 15 19 23 29 
604.800000000 INFO /updateDistance [/home/wcqw/ac-slam/catkin_ws/src/cpp_solver/src/updateDistance.cpp:87(occupancyGridCallback)] [topics: /rosout, /edge_distance] Free vertices size: 24
604.800000000 INFO /updateDistance [/home/wcqw/ac-slam/catkin_ws/src/cpp_solver/src/updateDistance.cpp:128(occupancyGridCallback)] [topics: /rosout, /edge_distance] 284 edge distance updated
604.800000000 INFO /RVIZ [/tmp/binarydeb/ros-noetic-rviz-1.14.26/src/rviz/default_plugin/map_display.cpp:604(MapDisplay::createSwatches)] [topics: /rosout, /initialpose, /goal, /clicked_point] Creating 1 swatches
605.300000000 INFO /updateDistance [/home/wcqw/ac-slam/catkin_ws/src/cpp_solver/src/updateDistance.cpp:29(occupancyGridCallback)] [topics: /rosout, /edge_distance] Received an OccupancyGrid message!
605.300000000 INFO /updateDistance [/home/wcqw/ac-slam/catkin_ws/src/cpp_solver/src/updateDistance.cpp:30(occupancyGridCallback)] [topics: /rosout, /edge_distance] Width: 702, Height: 729, Size: 511758
605.300000000 INFO /updateDistance [/home/wcqw/ac-slam/catkin_ws/src/cpp_solver/src/updateDistance.cpp:32(occupancyGridCallback)] [topics: /rosout, /edge_distance] Map origin x: -7.415, y: -7.323
605.300000000 INFO /updateDistance [/home/wcqw/ac-slam/catkin_ws/src/cpp_solver/src/updateDistance.cpp:87(occupancyGridCallback)] [topics: /rosout, /edge_distance] Free vertices size: 24
605.300000000 INFO /updateDistance [/home/wcqw/ac-slam/catkin_ws/src/cpp_solver/src/updateDistance.cpp:128(occupancyGridCallback)] [topics: /rosout, /edge_distance] 284 edge distance updated
605.600000000 INFO /Navigator [/home/wcqw/ac-slam/catkin_ws/src/cpp_solver/src/MyPlanner.cpp:481(findExplorationTarget)] [topics: /rosout, /cmd, /Navigator/plan, /Navigator/markers, /Navigator/frontiers, /Navigator/frontier_to_vertex, /Navigator/nav_goal, /Navigator/prior_map, /Navigator/visual_tsp_path, /Navigator/tsp_index, /Navigator/path_finder, /Navigator/dist_map, /finished_topic, /request_replan, /Explore/result, /Explore/feedback, /Explore/status, /MoveTo/result, /MoveTo/feedback, /MoveTo/status, /Localize/result, /Localize/feedback, /Localize/status, /GetFirstMap/result, /GetFirstMap/feedback, /GetFirstMap/status] Call local replanning...
605.600000000 INFO /path_planner [path_planner.py:295(PathPlanner.handle_replanning)] [topics: /pose_graph_idx, /rosout, /edge_distance, /clock, /slam_pose_graph] Replanning request. curr_vertex_idx: 18
605.600000000 INFO /path_planner [path_planner.py:296(PathPlanner.handle_replanning)] [topics: /pose_graph_idx, /rosout, /edge_distance, /clock, /slam_pose_graph]                     covered_vertices: ()
605.600000000 INFO /path_planner [path_planner.py:310(PathPlanner.handle_replanning)] [topics: /pose_graph_idx, /rosout, /edge_distance, /clock, /slam_pose_graph] Handle local replanning...
605.600000000 INFO /path_planner [path_planner.py:363(PathPlanner.handle_local_replanning)] [topics: /pose_graph_idx, /rosout, /edge_distance, /clock, /slam_pose_graph] Local path to replan: [29, 30, 24, 25, 31, 32, 26, 27, 33, 34, 28, 22, 21, 38, 37]
605.700000000 INFO /path_planner [path_planner.py:322(PathPlanner.handle_replanning)] [topics: /pose_graph_idx, /rosout, /edge_distance, /clock, /slam_pose_graph] curr path length: 43, is_loop length: 43
605.700000000 INFO /path_planner [path_planner.py:334(PathPlanner.handle_replanning)] [topics: /pose_graph_idx, /rosout, /edge_distance, /clock, /slam_pose_graph] Send new plan: 8 7 6 5 4 3 9 15 16 10 11 35 37 20 19 15(L) 19 23 29  ---> 30 24 25 31 32 26 27 33 34 28 22 21 38 37(L) 38 36 12 13 14 8(L) 14 18 17 21(L) 
605.700000000 INFO /Navigator [/home/wcqw/ac-slam/catkin_ws/src/cpp_solver/src/MyPlanner.cpp:613(findExplorationTarget)] [topics: /rosout, /cmd, /Navigator/plan, /Navigator/markers, /Navigator/frontiers, /Navigator/frontier_to_vertex, /Navigator/nav_goal, /Navigator/prior_map, /Navigator/visual_tsp_path, /Navigator/tsp_index, /Navigator/path_finder, /Navigator/dist_map, /finished_topic, /request_replan, /Explore/result, /Explore/feedback, /Explore/status, /MoveTo/result, /MoveTo/feedback, /MoveTo/status, /Localize/result, /Localize/feedback, /Localize/status, /GetFirstMap/result, /GetFirstMap/feedback, /GetFirstMap/status] Explore Goal 29 's frontiers...
610.300000000 INFO /updateDistance [/home/wcqw/ac-slam/catkin_ws/src/cpp_solver/src/updateDistance.cpp:29(occupancyGridCallback)] [topics: /rosout, /edge_distance] Received an OccupancyGrid message!
610.300000000 INFO /updateDistance [/home/wcqw/ac-slam/catkin_ws/src/cpp_solver/src/updateDistance.cpp:30(occupancyGridCallback)] [topics: /rosout, /edge_distance] Width: 702, Height: 729, Size: 511758
610.300000000 INFO /updateDistance [/home/wcqw/ac-slam/catkin_ws/src/cpp_solver/src/updateDistance.cpp:32(occupancyGridCallback)] [topics: /rosout, /edge_distance] Map origin x: -7.415, y: -7.323
610.300000000 INFO /updateDistance [/home/wcqw/ac-slam/catkin_ws/src/cpp_solver/src/updateDistance.cpp:87(occupancyGridCallback)] [topics: /rosout, /edge_distance] Free vertices size: 26
610.400000000 INFO /updateDistance [/home/wcqw/ac-slam/catkin_ws/src/cpp_solver/src/updateDistance.cpp:128(occupancyGridCallback)] [topics: /rosout, /edge_distance] 285 edge distance updated
610.700000000 INFO /Navigator [/home/wcqw/ac-slam/catkin_ws/src/cpp_solver/src/MyPlanner.cpp:481(findExplorationTarget)] [topics: /rosout, /cmd, /Navigator/plan, /Navigator/markers, /Navigator/frontiers, /Navigator/frontier_to_vertex, /Navigator/nav_goal, /Navigator/prior_map, /Navigator/visual_tsp_path, /Navigator/tsp_index, /Navigator/path_finder, /Navigator/dist_map, /finished_topic, /request_replan, /Explore/result, /Explore/feedback, /Explore/status, /MoveTo/result, /MoveTo/feedback, /MoveTo/status, /Localize/result, /Localize/feedback, /Localize/status, /GetFirstMap/result, /GetFirstMap/feedback, /GetFirstMap/status] Call local replanning...
610.700000000 INFO /path_planner [path_planner.py:295(PathPlanner.handle_replanning)] [topics: /pose_graph_idx, /rosout, /edge_distance, /clock, /slam_pose_graph] Replanning request. curr_vertex_idx: 18
610.700000000 INFO /path_planner [path_planner.py:296(PathPlanner.handle_replanning)] [topics: /pose_graph_idx, /rosout, /edge_distance, /clock, /slam_pose_graph]                     covered_vertices: ()
610.700000000 INFO /path_planner [path_planner.py:310(PathPlanner.handle_replanning)] [topics: /pose_graph_idx, /rosout, /edge_distance, /clock, /slam_pose_graph] Handle local replanning...
610.700000000 INFO /path_planner [path_planner.py:363(PathPlanner.handle_local_replanning)] [topics: /pose_graph_idx, /rosout, /edge_distance, /clock, /slam_pose_graph] Local path to replan: [29, 30, 24, 25, 31, 32, 26, 27, 33, 34, 28, 22, 21, 38, 37]
610.700000000 INFO /path_planner [path_planner.py:322(PathPlanner.handle_replanning)] [topics: /pose_graph_idx, /rosout, /edge_distance, /clock, /slam_pose_graph] curr path length: 43, is_loop length: 43
610.700000000 INFO /path_planner [path_planner.py:334(PathPlanner.handle_replanning)] [topics: /pose_graph_idx, /rosout, /edge_distance, /clock, /slam_pose_graph] Send new plan: 8 7 6 5 4 3 9 15 16 10 11 35 37 20 19 15(L) 19 23 29  ---> 30 24 25 31 32 26 27 33 34 28 22 21 38 37(L) 38 36 12 13 14 8(L) 14 18 17 21(L) 
610.700000000 WARN /Navigator [/home/wcqw/ac-slam/catkin_ws/src/cpp_solver/src/MyPlanner.cpp:570(findExplorationTarget)] [topics: /rosout, /cmd, /Navigator/plan, /Navigator/markers, /Navigator/frontiers, /Navigator/frontier_to_vertex, /Navigator/nav_goal, /Navigator/prior_map, /Navigator/visual_tsp_path, /Navigator/tsp_index, /Navigator/path_finder, /Navigator/dist_map, /finished_topic, /request_replan, /Explore/result, /Explore/feedback, /Explore/status, /MoveTo/result, /MoveTo/feedback, /MoveTo/status, /Localize/result, /Localize/feedback, /Localize/status, /GetFirstMap/result, /GetFirstMap/feedback, /GetFirstMap/status] No frontier at vertex 29. #Frontier: 0
610.700000000 INFO /Navigator [/home/wcqw/ac-slam/catkin_ws/src/cpp_solver/src/MyPlanner.cpp:310(getUsefulGoalIndex)] [topics: /rosout, /cmd, /Navigator/plan, /Navigator/markers, /Navigator/frontiers, /Navigator/frontier_to_vertex, /Navigator/nav_goal, /Navigator/prior_map, /Navigator/visual_tsp_path, /Navigator/tsp_index, /Navigator/path_finder, /Navigator/dist_map, /finished_topic, /request_replan, /Explore/result, /Explore/feedback, /Explore/status, /MoveTo/result, /MoveTo/feedback, /MoveTo/status, /Localize/result, /Localize/feedback, /Localize/status, /GetFirstMap/result, /GetFirstMap/feedback, /GetFirstMap/status] Set newGoal 30
616.300000000 INFO /updateDistance [/home/wcqw/ac-slam/catkin_ws/src/cpp_solver/src/updateDistance.cpp:29(occupancyGridCallback)] [topics: /rosout, /edge_distance] Received an OccupancyGrid message!
616.300000000 INFO /updateDistance [/home/wcqw/ac-slam/catkin_ws/src/cpp_solver/src/updateDistance.cpp:30(occupancyGridCallback)] [topics: /rosout, /edge_distance] Width: 702, Height: 729, Size: 511758
616.300000000 INFO /updateDistance [/home/wcqw/ac-slam/catkin_ws/src/cpp_solver/src/updateDistance.cpp:32(occupancyGridCallback)] [topics: /rosout, /edge_distance] Map origin x: -7.415, y: -7.323
616.300000000 INFO /updateDistance [/home/wcqw/ac-slam/catkin_ws/src/cpp_solver/src/updateDistance.cpp:87(occupancyGridCallback)] [topics: /rosout, /edge_distance] Free vertices size: 24
616.300000000 INFO /updateDistance [/home/wcqw/ac-slam/catkin_ws/src/cpp_solver/src/updateDistance.cpp:128(occupancyGridCallback)] [topics: /rosout, /edge_distance] 285 edge distance updated
616.700000000 INFO /Navigator [/home/wcqw/ac-slam/catkin_ws/src/cpp_solver/src/MyPlanner.cpp:481(findExplorationTarget)] [topics: /rosout, /cmd, /Navigator/plan, /Navigator/markers, /Navigator/frontiers, /Navigator/frontier_to_vertex, /Navigator/nav_goal, /Navigator/prior_map, /Navigator/visual_tsp_path, /Navigator/tsp_index, /Navigator/path_finder, /Navigator/dist_map, /finished_topic, /request_replan, /Explore/result, /Explore/feedback, /Explore/status, /MoveTo/result, /MoveTo/feedback, /MoveTo/status, /Localize/result, /Localize/feedback, /Localize/status, /GetFirstMap/result, /GetFirstMap/feedback, /GetFirstMap/status] Call local replanning...
616.700000000 INFO /path_planner [path_planner.py:295(PathPlanner.handle_replanning)] [topics: /pose_graph_idx, /rosout, /edge_distance, /clock, /slam_pose_graph] Replanning request. curr_vertex_idx: 19
616.700000000 INFO /path_planner [path_planner.py:296(PathPlanner.handle_replanning)] [topics: /pose_graph_idx, /rosout, /edge_distance, /clock, /slam_pose_graph]                     covered_vertices: ()
616.700000000 INFO /path_planner [path_planner.py:310(PathPlanner.handle_replanning)] [topics: /pose_graph_idx, /rosout, /edge_distance, /clock, /slam_pose_graph] Handle local replanning...
616.700000000 INFO /path_planner [path_planner.py:363(PathPlanner.handle_local_replanning)] [topics: /pose_graph_idx, /rosout, /edge_distance, /clock, /slam_pose_graph] Local path to replan: [30, 24, 25, 31, 32, 26, 27, 33, 34, 28, 22, 21, 38, 37]
616.700000000 INFO /path_planner [path_planner.py:322(PathPlanner.handle_replanning)] [topics: /pose_graph_idx, /rosout, /edge_distance, /clock, /slam_pose_graph] curr path length: 43, is_loop length: 43
616.700000000 INFO /path_planner [path_planner.py:334(PathPlanner.handle_replanning)] [topics: /pose_graph_idx, /rosout, /edge_distance, /clock, /slam_pose_graph] Send new plan: 8 7 6 5 4 3 9 15 16 10 11 35 37 20 19 15(L) 19 23 29 30  ---> 24 25 31 32 26 27 33 34 28 22 21 38 37(L) 38 36 12 13 14 8(L) 14 18 17 21(L) 
622.300000000 INFO /updateDistance [/home/wcqw/ac-slam/catkin_ws/src/cpp_solver/src/updateDistance.cpp:29(occupancyGridCallback)] [topics: /rosout, /edge_distance] Received an OccupancyGrid message!
622.300000000 INFO /updateDistance [/home/wcqw/ac-slam/catkin_ws/src/cpp_solver/src/updateDistance.cpp:30(occupancyGridCallback)] [topics: /rosout, /edge_distance] Width: 702, Height: 729, Size: 511758
622.300000000 INFO /updateDistance [/home/wcqw/ac-slam/catkin_ws/src/cpp_solver/src/updateDistance.cpp:32(occupancyGridCallback)] [topics: /rosout, /edge_distance] Map origin x: -7.415, y: -7.323
622.300000000 INFO /updateDistance [/home/wcqw/ac-slam/catkin_ws/src/cpp_solver/src/updateDistance.cpp:87(occupancyGridCallback)] [topics: /rosout, /edge_distance] Free vertices size: 24
622.300000000 INFO /updateDistance [/home/wcqw/ac-slam/catkin_ws/src/cpp_solver/src/updateDistance.cpp:128(occupancyGridCallback)] [topics: /rosout, /edge_distance] 285 edge distance updated
622.900000000 INFO /Navigator [/home/wcqw/ac-slam/catkin_ws/src/cpp_solver/src/MyPlanner.cpp:481(findExplorationTarget)] [topics: /rosout, /cmd, /Navigator/plan, /Navigator/markers, /Navigator/frontiers, /Navigator/frontier_to_vertex, /Navigator/nav_goal, /Navigator/prior_map, /Navigator/visual_tsp_path, /Navigator/tsp_index, /Navigator/path_finder, /Navigator/dist_map, /finished_topic, /request_replan, /Explore/result, /Explore/feedback, /Explore/status, /MoveTo/result, /MoveTo/feedback, /MoveTo/status, /Localize/result, /Localize/feedback, /Localize/status, /GetFirstMap/result, /GetFirstMap/feedback, /GetFirstMap/status] Call local replanning...
622.900000000 INFO /path_planner [path_planner.py:295(PathPlanner.handle_replanning)] [topics: /pose_graph_idx, /rosout, /edge_distance, /clock, /slam_pose_graph] Replanning request. curr_vertex_idx: 19
622.900000000 INFO /path_planner [path_planner.py:296(PathPlanner.handle_replanning)] [topics: /pose_graph_idx, /rosout, /edge_distance, /clock, /slam_pose_graph]                     covered_vertices: ()
622.900000000 INFO /path_planner [path_planner.py:310(PathPlanner.handle_replanning)] [topics: /pose_graph_idx, /rosout, /edge_distance, /clock, /slam_pose_graph] Handle local replanning...
622.900000000 INFO /path_planner [path_planner.py:363(PathPlanner.handle_local_replanning)] [topics: /pose_graph_idx, /rosout, /edge_distance, /clock, /slam_pose_graph] Local path to replan: [30, 24, 25, 31, 32, 26, 27, 33, 34, 28, 22, 21, 38, 37]
622.900000000 INFO /path_planner [path_planner.py:322(PathPlanner.handle_replanning)] [topics: /pose_graph_idx, /rosout, /edge_distance, /clock, /slam_pose_graph] curr path length: 43, is_loop length: 43
622.900000000 INFO /path_planner [path_planner.py:334(PathPlanner.handle_replanning)] [topics: /pose_graph_idx, /rosout, /edge_distance, /clock, /slam_pose_graph] Send new plan: 8 7 6 5 4 3 9 15 16 10 11 35 37 20 19 15(L) 19 23 29 30  ---> 24 25 31 32 26 27 33 34 28 22 21 38 37(L) 38 36 12 13 14 8(L) 14 18 17 21(L) 
622.900000000 INFO /Navigator [/home/wcqw/ac-slam/catkin_ws/src/cpp_solver/src/MyPlanner.cpp:509(findExplorationTarget)] [topics: /rosout, /cmd, /Navigator/plan, /Navigator/markers, /Navigator/frontiers, /Navigator/frontier_to_vertex, /Navigator/nav_goal, /Navigator/prior_map, /Navigator/visual_tsp_path, /Navigator/tsp_index, /Navigator/path_finder, /Navigator/dist_map, /finished_topic, /request_replan, /Explore/result, /Explore/feedback, /Explore/status, /MoveTo/result, /MoveTo/feedback, /MoveTo/status, /Localize/result, /Localize/feedback, /Localize/status, /GetFirstMap/result, /GetFirstMap/feedback, /GetFirstMap/status] Reach vertex 30
622.900000000 INFO /Navigator [/home/wcqw/ac-slam/catkin_ws/src/cpp_solver/src/MyPlanner.cpp:613(findExplorationTarget)] [topics: /rosout, /cmd, /Navigator/plan, /Navigator/markers, /Navigator/frontiers, /Navigator/frontier_to_vertex, /Navigator/nav_goal, /Navigator/prior_map, /Navigator/visual_tsp_path, /Navigator/tsp_index, /Navigator/path_finder, /Navigator/dist_map, /finished_topic, /request_replan, /Explore/result, /Explore/feedback, /Explore/status, /MoveTo/result, /MoveTo/feedback, /MoveTo/status, /Localize/result, /Localize/feedback, /Localize/status, /GetFirstMap/result, /GetFirstMap/feedback, /GetFirstMap/status] Explore Goal 30 's frontiers...
628.300000000 INFO /updateDistance [/home/wcqw/ac-slam/catkin_ws/src/cpp_solver/src/updateDistance.cpp:29(occupancyGridCallback)] [topics: /rosout, /edge_distance] Received an OccupancyGrid message!
628.300000000 INFO /updateDistance [/home/wcqw/ac-slam/catkin_ws/src/cpp_solver/src/updateDistance.cpp:30(occupancyGridCallback)] [topics: /rosout, /edge_distance] Width: 705, Height: 729, Size: 513945
628.300000000 INFO /updateDistance [/home/wcqw/ac-slam/catkin_ws/src/cpp_solver/src/updateDistance.cpp:32(occupancyGridCallback)] [topics: /rosout, /edge_distance] Map origin x: -7.415, y: -7.323
628.300000000 INFO /updateDistance [/home/wcqw/ac-slam/catkin_ws/src/cpp_solver/src/updateDistance.cpp:87(occupancyGridCallback)] [topics: /rosout, /edge_distance] Free vertices size: 25
628.400000000 INFO /RVIZ [/tmp/binarydeb/ros-noetic-rviz-1.14.26/src/rviz/default_plugin/map_display.cpp:604(MapDisplay::createSwatches)] [topics: /rosout, /initialpose, /goal, /clicked_point] Creating 1 swatches
628.600000000 INFO /updateDistance [/home/wcqw/ac-slam/catkin_ws/src/cpp_solver/src/updateDistance.cpp:128(occupancyGridCallback)] [topics: /rosout, /edge_distance] 307 edge distance updated
628.900000000 INFO /Navigator [/home/wcqw/ac-slam/catkin_ws/src/cpp_solver/src/MyPlanner.cpp:481(findExplorationTarget)] [topics: /rosout, /cmd, /Navigator/plan, /Navigator/markers, /Navigator/frontiers, /Navigator/frontier_to_vertex, /Navigator/nav_goal, /Navigator/prior_map, /Navigator/visual_tsp_path, /Navigator/tsp_index, /Navigator/path_finder, /Navigator/dist_map, /finished_topic, /request_replan, /Explore/result, /Explore/feedback, /Explore/status, /MoveTo/result, /MoveTo/feedback, /MoveTo/status, /Localize/result, /Localize/feedback, /Localize/status, /GetFirstMap/result, /GetFirstMap/feedback, /GetFirstMap/status] Call local replanning...
628.900000000 INFO /path_planner [path_planner.py:295(PathPlanner.handle_replanning)] [topics: /pose_graph_idx, /rosout, /edge_distance, /clock, /slam_pose_graph] Replanning request. curr_vertex_idx: 19
628.900000000 INFO /path_planner [path_planner.py:296(PathPlanner.handle_replanning)] [topics: /pose_graph_idx, /rosout, /edge_distance, /clock, /slam_pose_graph]                     covered_vertices: ()
628.900000000 INFO /path_planner [path_planner.py:310(PathPlanner.handle_replanning)] [topics: /pose_graph_idx, /rosout, /edge_distance, /clock, /slam_pose_graph] Handle local replanning...
628.900000000 INFO /path_planner [path_planner.py:363(PathPlanner.handle_local_replanning)] [topics: /pose_graph_idx, /rosout, /edge_distance, /clock, /slam_pose_graph] Local path to replan: [30, 24, 25, 31, 32, 26, 27, 33, 34, 28, 22, 21, 38, 37]
628.900000000 INFO /path_planner [path_planner.py:322(PathPlanner.handle_replanning)] [topics: /pose_graph_idx, /rosout, /edge_distance, /clock, /slam_pose_graph] curr path length: 43, is_loop length: 43
628.900000000 INFO /path_planner [path_planner.py:334(PathPlanner.handle_replanning)] [topics: /pose_graph_idx, /rosout, /edge_distance, /clock, /slam_pose_graph] Send new plan: 8 7 6 5 4 3 9 15 16 10 11 35 37 20 19 15(L) 19 23 29 30  ---> 24 25 31 32 26 27 33 34 28 22 21 38 37(L) 38 36 12 13 14 8(L) 14 18 17 21(L) 
628.900000000 INFO /Navigator [/home/wcqw/ac-slam/catkin_ws/src/cpp_solver/src/MyPlanner.cpp:613(findExplorationTarget)] [topics: /rosout, /cmd, /Navigator/plan, /Navigator/markers, /Navigator/frontiers, /Navigator/frontier_to_vertex, /Navigator/nav_goal, /Navigator/prior_map, /Navigator/visual_tsp_path, /Navigator/tsp_index, /Navigator/path_finder, /Navigator/dist_map, /finished_topic, /request_replan, /Explore/result, /Explore/feedback, /Explore/status, /MoveTo/result, /MoveTo/feedback, /MoveTo/status, /Localize/result, /Localize/feedback, /Localize/status, /GetFirstMap/result, /GetFirstMap/feedback, /GetFirstMap/status] Explore Goal 30 's frontiers...
633.600000000 INFO /updateDistance [/home/wcqw/ac-slam/catkin_ws/src/cpp_solver/src/updateDistance.cpp:29(occupancyGridCallback)] [topics: /rosout, /edge_distance] Received an OccupancyGrid message!
633.600000000 INFO /updateDistance [/home/wcqw/ac-slam/catkin_ws/src/cpp_solver/src/updateDistance.cpp:30(occupancyGridCallback)] [topics: /rosout, /edge_distance] Width: 705, Height: 729, Size: 513945
633.600000000 INFO /updateDistance [/home/wcqw/ac-slam/catkin_ws/src/cpp_solver/src/updateDistance.cpp:32(occupancyGridCallback)] [topics: /rosout, /edge_distance] Map origin x: -7.415, y: -7.323
633.700000000 INFO /path_planner [path_planner.py:638(PathPlanner.handle_pose_graph)] [topics: /pose_graph_idx, /rosout, /edge_distance, /clock, /slam_pose_graph] Really visited vertices: 8 7 6 5 4 3 9 15 16 35 11 35 37 20 19 15 19 23 29 30 
633.700000000 INFO /updateDistance [/home/wcqw/ac-slam/catkin_ws/src/cpp_solver/src/updateDistance.cpp:87(occupancyGridCallback)] [topics: /rosout, /edge_distance] Free vertices size: 25
633.700000000 INFO /updateDistance [/home/wcqw/ac-slam/catkin_ws/src/cpp_solver/src/updateDistance.cpp:128(occupancyGridCallback)] [topics: /rosout, /edge_distance] 307 edge distance updated
634.300000000 INFO /updateDistance [/home/wcqw/ac-slam/catkin_ws/src/cpp_solver/src/updateDistance.cpp:29(occupancyGridCallback)] [topics: /rosout, /edge_distance] Received an OccupancyGrid message!
634.300000000 INFO /updateDistance [/home/wcqw/ac-slam/catkin_ws/src/cpp_solver/src/updateDistance.cpp:30(occupancyGridCallback)] [topics: /rosout, /edge_distance] Width: 705, Height: 729, Size: 513945
634.300000000 INFO /updateDistance [/home/wcqw/ac-slam/catkin_ws/src/cpp_solver/src/updateDistance.cpp:32(occupancyGridCallback)] [topics: /rosout, /edge_distance] Map origin x: -7.415, y: -7.323
634.300000000 INFO /updateDistance [/home/wcqw/ac-slam/catkin_ws/src/cpp_solver/src/updateDistance.cpp:87(occupancyGridCallback)] [topics: /rosout, /edge_distance] Free vertices size: 25
634.300000000 INFO /updateDistance [/home/wcqw/ac-slam/catkin_ws/src/cpp_solver/src/updateDistance.cpp:128(occupancyGridCallback)] [topics: /rosout, /edge_distance] 307 edge distance updated
634.800000000 INFO /Navigator [/home/wcqw/ac-slam/catkin_ws/src/cpp_solver/src/MyPlanner.cpp:481(findExplorationTarget)] [topics: /rosout, /cmd, /Navigator/plan, /Navigator/markers, /Navigator/frontiers, /Navigator/frontier_to_vertex, /Navigator/nav_goal, /Navigator/prior_map, /Navigator/visual_tsp_path, /Navigator/tsp_index, /Navigator/path_finder, /Navigator/dist_map, /finished_topic, /request_replan, /Explore/result, /Explore/feedback, /Explore/status, /MoveTo/result, /MoveTo/feedback, /MoveTo/status, /Localize/result, /Localize/feedback, /Localize/status, /GetFirstMap/result, /GetFirstMap/feedback, /GetFirstMap/status] Call local replanning...
634.800000000 INFO /path_planner [path_planner.py:295(PathPlanner.handle_replanning)] [topics: /pose_graph_idx, /rosout, /edge_distance, /clock, /slam_pose_graph] Replanning request. curr_vertex_idx: 19
634.800000000 INFO /path_planner [path_planner.py:296(PathPlanner.handle_replanning)] [topics: /pose_graph_idx, /rosout, /edge_distance, /clock, /slam_pose_graph]                     covered_vertices: ()
634.800000000 INFO /path_planner [path_planner.py:310(PathPlanner.handle_replanning)] [topics: /pose_graph_idx, /rosout, /edge_distance, /clock, /slam_pose_graph] Handle local replanning...
634.800000000 INFO /path_planner [path_planner.py:363(PathPlanner.handle_local_replanning)] [topics: /pose_graph_idx, /rosout, /edge_distance, /clock, /slam_pose_graph] Local path to replan: [30, 24, 25, 31, 32, 26, 27, 33, 34, 28, 22, 21, 38, 37]
634.800000000 INFO /path_planner [path_planner.py:322(PathPlanner.handle_replanning)] [topics: /pose_graph_idx, /rosout, /edge_distance, /clock, /slam_pose_graph] curr path length: 43, is_loop length: 43
634.800000000 INFO /path_planner [path_planner.py:334(PathPlanner.handle_replanning)] [topics: /pose_graph_idx, /rosout, /edge_distance, /clock, /slam_pose_graph] Send new plan: 8 7 6 5 4 3 9 15 16 10 11 35 37 20 19 15(L) 19 23 29 30  ---> 24 25 31 32 26 27 33 34 28 22 21 38 37(L) 38 36 12 13 14 8(L) 14 18 17 21(L) 
634.900000000 INFO /Navigator [/home/wcqw/ac-slam/catkin_ws/src/cpp_solver/src/MyPlanner.cpp:613(findExplorationTarget)] [topics: /rosout, /cmd, /Navigator/plan, /Navigator/markers, /Navigator/frontiers, /Navigator/frontier_to_vertex, /Navigator/nav_goal, /Navigator/prior_map, /Navigator/visual_tsp_path, /Navigator/tsp_index, /Navigator/path_finder, /Navigator/dist_map, /finished_topic, /request_replan, /Explore/result, /Explore/feedback, /Explore/status, /MoveTo/result, /MoveTo/feedback, /MoveTo/status, /Localize/result, /Localize/feedback, /Localize/status, /GetFirstMap/result, /GetFirstMap/feedback, /GetFirstMap/status] Explore Goal 30 's frontiers...
639.700000000 INFO /updateDistance [/home/wcqw/ac-slam/catkin_ws/src/cpp_solver/src/updateDistance.cpp:29(occupancyGridCallback)] [topics: /rosout, /edge_distance] Received an OccupancyGrid message!
639.700000000 INFO /updateDistance [/home/wcqw/ac-slam/catkin_ws/src/cpp_solver/src/updateDistance.cpp:30(occupancyGridCallback)] [topics: /rosout, /edge_distance] Width: 710, Height: 729, Size: 517590
639.700000000 INFO /updateDistance [/home/wcqw/ac-slam/catkin_ws/src/cpp_solver/src/updateDistance.cpp:32(occupancyGridCallback)] [topics: /rosout, /edge_distance] Map origin x: -7.415, y: -7.323
639.700000000 INFO /path_planner [path_planner.py:638(PathPlanner.handle_pose_graph)] [topics: /pose_graph_idx, /rosout, /edge_distance, /clock, /slam_pose_graph] Really visited vertices: 8 7 6 5 4 3 9 15 16 35 11 35 37 20 19 15 19 23 29 30 
639.700000000 INFO /updateDistance [/home/wcqw/ac-slam/catkin_ws/src/cpp_solver/src/updateDistance.cpp:87(occupancyGridCallback)] [topics: /rosout, /edge_distance] Free vertices size: 25
639.700000000 INFO /updateDistance [/home/wcqw/ac-slam/catkin_ws/src/cpp_solver/src/updateDistance.cpp:128(occupancyGridCallback)] [topics: /rosout, /edge_distance] 307 edge distance updated
639.800000000 INFO /RVIZ [/tmp/binarydeb/ros-noetic-rviz-1.14.26/src/rviz/default_plugin/map_display.cpp:604(MapDisplay::createSwatches)] [topics: /rosout, /initialpose, /goal, /clicked_point] Creating 1 swatches
640.300000000 INFO /updateDistance [/home/wcqw/ac-slam/catkin_ws/src/cpp_solver/src/updateDistance.cpp:29(occupancyGridCallback)] [topics: /rosout, /edge_distance] Received an OccupancyGrid message!
640.300000000 INFO /updateDistance [/home/wcqw/ac-slam/catkin_ws/src/cpp_solver/src/updateDistance.cpp:30(occupancyGridCallback)] [topics: /rosout, /edge_distance] Width: 710, Height: 729, Size: 517590
640.300000000 INFO /updateDistance [/home/wcqw/ac-slam/catkin_ws/src/cpp_solver/src/updateDistance.cpp:32(occupancyGridCallback)] [topics: /rosout, /edge_distance] Map origin x: -7.415, y: -7.323
640.300000000 INFO /updateDistance [/home/wcqw/ac-slam/catkin_ws/src/cpp_solver/src/updateDistance.cpp:87(occupancyGridCallback)] [topics: /rosout, /edge_distance] Free vertices size: 25
640.300000000 INFO /updateDistance [/home/wcqw/ac-slam/catkin_ws/src/cpp_solver/src/updateDistance.cpp:128(occupancyGridCallback)] [topics: /rosout, /edge_distance] 307 edge distance updated
640.600000000 INFO /Navigator [/home/wcqw/ac-slam/catkin_ws/src/cpp_solver/src/MyPlanner.cpp:481(findExplorationTarget)] [topics: /rosout, /cmd, /Navigator/plan, /Navigator/markers, /Navigator/frontiers, /Navigator/frontier_to_vertex, /Navigator/nav_goal, /Navigator/prior_map, /Navigator/visual_tsp_path, /Navigator/tsp_index, /Navigator/path_finder, /Navigator/dist_map, /finished_topic, /request_replan, /Explore/result, /Explore/feedback, /Explore/status, /MoveTo/result, /MoveTo/feedback, /MoveTo/status, /Localize/result, /Localize/feedback, /Localize/status, /GetFirstMap/result, /GetFirstMap/feedback, /GetFirstMap/status] Call local replanning...
640.700000000 INFO /path_planner [path_planner.py:295(PathPlanner.handle_replanning)] [topics: /pose_graph_idx, /rosout, /edge_distance, /clock, /slam_pose_graph] Replanning request. curr_vertex_idx: 19
640.700000000 INFO /path_planner [path_planner.py:296(PathPlanner.handle_replanning)] [topics: /pose_graph_idx, /rosout, /edge_distance, /clock, /slam_pose_graph]                     covered_vertices: ()
640.700000000 INFO /path_planner [path_planner.py:310(PathPlanner.handle_replanning)] [topics: /pose_graph_idx, /rosout, /edge_distance, /clock, /slam_pose_graph] Handle local replanning...
640.700000000 INFO /path_planner [path_planner.py:363(PathPlanner.handle_local_replanning)] [topics: /pose_graph_idx, /rosout, /edge_distance, /clock, /slam_pose_graph] Local path to replan: [30, 24, 25, 31, 32, 26, 27, 33, 34, 28, 22, 21, 38, 37]
640.700000000 INFO /path_planner [path_planner.py:322(PathPlanner.handle_replanning)] [topics: /pose_graph_idx, /rosout, /edge_distance, /clock, /slam_pose_graph] curr path length: 43, is_loop length: 43
640.700000000 INFO /path_planner [path_planner.py:334(PathPlanner.handle_replanning)] [topics: /pose_graph_idx, /rosout, /edge_distance, /clock, /slam_pose_graph] Send new plan: 8 7 6 5 4 3 9 15 16 10 11 35 37 20 19 15(L) 19 23 29 30  ---> 24 25 31 32 26 27 33 34 28 22 21 38 37(L) 38 36 12 13 14 8(L) 14 18 17 21(L) 
640.700000000 INFO /Navigator [/home/wcqw/ac-slam/catkin_ws/src/cpp_solver/src/MyPlanner.cpp:613(findExplorationTarget)] [topics: /rosout, /cmd, /Navigator/plan, /Navigator/markers, /Navigator/frontiers, /Navigator/frontier_to_vertex, /Navigator/nav_goal, /Navigator/prior_map, /Navigator/visual_tsp_path, /Navigator/tsp_index, /Navigator/path_finder, /Navigator/dist_map, /finished_topic, /request_replan, /Explore/result, /Explore/feedback, /Explore/status, /MoveTo/result, /MoveTo/feedback, /MoveTo/status, /Localize/result, /Localize/feedback, /Localize/status, /GetFirstMap/result, /GetFirstMap/feedback, /GetFirstMap/status] Explore Goal 30 's frontiers...
644.400000000 INFO /updateDistance [/home/wcqw/ac-slam/catkin_ws/src/cpp_solver/src/updateDistance.cpp:29(occupancyGridCallback)] [topics: /rosout, /edge_distance] Received an OccupancyGrid message!
644.400000000 INFO /updateDistance [/home/wcqw/ac-slam/catkin_ws/src/cpp_solver/src/updateDistance.cpp:30(occupancyGridCallback)] [topics: /rosout, /edge_distance] Width: 710, Height: 733, Size: 520430
644.400000000 INFO /updateDistance [/home/wcqw/ac-slam/catkin_ws/src/cpp_solver/src/updateDistance.cpp:32(occupancyGridCallback)] [topics: /rosout, /edge_distance] Map origin x: -7.415, y: -7.323
644.400000000 INFO /updateDistance [/home/wcqw/ac-slam/catkin_ws/src/cpp_solver/src/updateDistance.cpp:87(occupancyGridCallback)] [topics: /rosout, /edge_distance] Free vertices size: 25
644.400000000 INFO /updateDistance [/home/wcqw/ac-slam/catkin_ws/src/cpp_solver/src/updateDistance.cpp:128(occupancyGridCallback)] [topics: /rosout, /edge_distance] 307 edge distance updated
644.400000000 INFO /RVIZ [/tmp/binarydeb/ros-noetic-rviz-1.14.26/src/rviz/default_plugin/map_display.cpp:604(MapDisplay::createSwatches)] [topics: /rosout, /initialpose, /goal, /clicked_point] Creating 1 swatches
644.800000000 INFO /Navigator [/home/wcqw/ac-slam/catkin_ws/src/cpp_solver/src/MyPlanner.cpp:481(findExplorationTarget)] [topics: /rosout, /cmd, /Navigator/plan, /Navigator/markers, /Navigator/frontiers, /Navigator/frontier_to_vertex, /Navigator/nav_goal, /Navigator/prior_map, /Navigator/visual_tsp_path, /Navigator/tsp_index, /Navigator/path_finder, /Navigator/dist_map, /finished_topic, /request_replan, /Explore/result, /Explore/feedback, /Explore/status, /MoveTo/result, /MoveTo/feedback, /MoveTo/status, /Localize/result, /Localize/feedback, /Localize/status, /GetFirstMap/result, /GetFirstMap/feedback, /GetFirstMap/status] Call local replanning...
644.800000000 INFO /path_planner [path_planner.py:295(PathPlanner.handle_replanning)] [topics: /pose_graph_idx, /rosout, /edge_distance, /clock, /slam_pose_graph] Replanning request. curr_vertex_idx: 19
644.800000000 INFO /path_planner [path_planner.py:296(PathPlanner.handle_replanning)] [topics: /pose_graph_idx, /rosout, /edge_distance, /clock, /slam_pose_graph]                     covered_vertices: ()
644.800000000 INFO /path_planner [path_planner.py:310(PathPlanner.handle_replanning)] [topics: /pose_graph_idx, /rosout, /edge_distance, /clock, /slam_pose_graph] Handle local replanning...
644.800000000 INFO /path_planner [path_planner.py:363(PathPlanner.handle_local_replanning)] [topics: /pose_graph_idx, /rosout, /edge_distance, /clock, /slam_pose_graph] Local path to replan: [30, 24, 25, 31, 32, 26, 27, 33, 34, 28, 22, 21, 38, 37]
644.800000000 INFO /path_planner [path_planner.py:322(PathPlanner.handle_replanning)] [topics: /pose_graph_idx, /rosout, /edge_distance, /clock, /slam_pose_graph] curr path length: 43, is_loop length: 43
644.800000000 INFO /path_planner [path_planner.py:334(PathPlanner.handle_replanning)] [topics: /pose_graph_idx, /rosout, /edge_distance, /clock, /slam_pose_graph] Send new plan: 8 7 6 5 4 3 9 15 16 10 11 35 37 20 19 15(L) 19 23 29 30  ---> 24 25 31 32 26 27 33 34 28 22 21 38 37(L) 38 36 12 13 14 8(L) 14 18 17 21(L) 
644.800000000 INFO /Navigator [/home/wcqw/ac-slam/catkin_ws/src/cpp_solver/src/MyPlanner.cpp:613(findExplorationTarget)] [topics: /rosout, /cmd, /Navigator/plan, /Navigator/markers, /Navigator/frontiers, /Navigator/frontier_to_vertex, /Navigator/nav_goal, /Navigator/prior_map, /Navigator/visual_tsp_path, /Navigator/tsp_index, /Navigator/path_finder, /Navigator/dist_map, /finished_topic, /request_replan, /Explore/result, /Explore/feedback, /Explore/status, /MoveTo/result, /MoveTo/feedback, /MoveTo/status, /Localize/result, /Localize/feedback, /Localize/status, /GetFirstMap/result, /GetFirstMap/feedback, /GetFirstMap/status] Explore Goal 30 's frontiers...
646.400000000 INFO /updateDistance [/home/wcqw/ac-slam/catkin_ws/src/cpp_solver/src/updateDistance.cpp:29(occupancyGridCallback)] [topics: /rosout, /edge_distance] Received an OccupancyGrid message!
646.400000000 INFO /updateDistance [/home/wcqw/ac-slam/catkin_ws/src/cpp_solver/src/updateDistance.cpp:30(occupancyGridCallback)] [topics: /rosout, /edge_distance] Width: 710, Height: 733, Size: 520430
646.400000000 INFO /updateDistance [/home/wcqw/ac-slam/catkin_ws/src/cpp_solver/src/updateDistance.cpp:32(occupancyGridCallback)] [topics: /rosout, /edge_distance] Map origin x: -7.415, y: -7.323
646.400000000 INFO /updateDistance [/home/wcqw/ac-slam/catkin_ws/src/cpp_solver/src/updateDistance.cpp:87(occupancyGridCallback)] [topics: /rosout, /edge_distance] Free vertices size: 25
646.400000000 INFO /updateDistance [/home/wcqw/ac-slam/catkin_ws/src/cpp_solver/src/updateDistance.cpp:128(occupancyGridCallback)] [topics: /rosout, /edge_distance] 307 edge distance updated
646.800000000 INFO /Navigator [/home/wcqw/ac-slam/catkin_ws/src/cpp_solver/src/MyPlanner.cpp:481(findExplorationTarget)] [topics: /rosout, /cmd, /Navigator/plan, /Navigator/markers, /Navigator/frontiers, /Navigator/frontier_to_vertex, /Navigator/nav_goal, /Navigator/prior_map, /Navigator/visual_tsp_path, /Navigator/tsp_index, /Navigator/path_finder, /Navigator/dist_map, /finished_topic, /request_replan, /Explore/result, /Explore/feedback, /Explore/status, /MoveTo/result, /MoveTo/feedback, /MoveTo/status, /Localize/result, /Localize/feedback, /Localize/status, /GetFirstMap/result, /GetFirstMap/feedback, /GetFirstMap/status] Call local replanning...
646.800000000 INFO /path_planner [path_planner.py:295(PathPlanner.handle_replanning)] [topics: /pose_graph_idx, /rosout, /edge_distance, /clock, /slam_pose_graph] Replanning request. curr_vertex_idx: 19
646.800000000 INFO /path_planner [path_planner.py:296(PathPlanner.handle_replanning)] [topics: /pose_graph_idx, /rosout, /edge_distance, /clock, /slam_pose_graph]                     covered_vertices: ()
646.800000000 INFO /path_planner [path_planner.py:310(PathPlanner.handle_replanning)] [topics: /pose_graph_idx, /rosout, /edge_distance, /clock, /slam_pose_graph] Handle local replanning...
646.800000000 INFO /path_planner [path_planner.py:363(PathPlanner.handle_local_replanning)] [topics: /pose_graph_idx, /rosout, /edge_distance, /clock, /slam_pose_graph] Local path to replan: [30, 24, 25, 31, 32, 26, 27, 33, 34, 28, 22, 21, 38, 37]
646.800000000 INFO /path_planner [path_planner.py:322(PathPlanner.handle_replanning)] [topics: /pose_graph_idx, /rosout, /edge_distance, /clock, /slam_pose_graph] curr path length: 43, is_loop length: 43
646.800000000 INFO /path_planner [path_planner.py:334(PathPlanner.handle_replanning)] [topics: /pose_graph_idx, /rosout, /edge_distance, /clock, /slam_pose_graph] Send new plan: 8 7 6 5 4 3 9 15 16 10 11 35 37 20 19 15(L) 19 23 29 30  ---> 24 25 31 32 26 27 33 34 28 22 21 38 37(L) 38 36 12 13 14 8(L) 14 18 17 21(L) 
646.800000000 WARN /Navigator [/home/wcqw/ac-slam/catkin_ws/src/cpp_solver/src/MyPlanner.cpp:570(findExplorationTarget)] [topics: /rosout, /cmd, /Navigator/plan, /Navigator/markers, /Navigator/frontiers, /Navigator/frontier_to_vertex, /Navigator/nav_goal, /Navigator/prior_map, /Navigator/visual_tsp_path, /Navigator/tsp_index, /Navigator/path_finder, /Navigator/dist_map, /finished_topic, /request_replan, /Explore/result, /Explore/feedback, /Explore/status, /MoveTo/result, /MoveTo/feedback, /MoveTo/status, /Localize/result, /Localize/feedback, /Localize/status, /GetFirstMap/result, /GetFirstMap/feedback, /GetFirstMap/status] No frontier at vertex 30. #Frontier: 0
646.800000000 INFO /Navigator [/home/wcqw/ac-slam/catkin_ws/src/cpp_solver/src/MyPlanner.cpp:310(getUsefulGoalIndex)] [topics: /rosout, /cmd, /Navigator/plan, /Navigator/markers, /Navigator/frontiers, /Navigator/frontier_to_vertex, /Navigator/nav_goal, /Navigator/prior_map, /Navigator/visual_tsp_path, /Navigator/tsp_index, /Navigator/path_finder, /Navigator/dist_map, /finished_topic, /request_replan, /Explore/result, /Explore/feedback, /Explore/status, /MoveTo/result, /MoveTo/feedback, /MoveTo/status, /Localize/result, /Localize/feedback, /Localize/status, /GetFirstMap/result, /GetFirstMap/feedback, /GetFirstMap/status] Set newGoal 24
651.700000000 INFO /updateDistance [/home/wcqw/ac-slam/catkin_ws/src/cpp_solver/src/updateDistance.cpp:29(occupancyGridCallback)] [topics: /rosout, /edge_distance] Received an OccupancyGrid message!
651.700000000 INFO /updateDistance [/home/wcqw/ac-slam/catkin_ws/src/cpp_solver/src/updateDistance.cpp:30(occupancyGridCallback)] [topics: /rosout, /edge_distance] Width: 710, Height: 733, Size: 520430
651.700000000 INFO /updateDistance [/home/wcqw/ac-slam/catkin_ws/src/cpp_solver/src/updateDistance.cpp:32(occupancyGridCallback)] [topics: /rosout, /edge_distance] Map origin x: -7.415, y: -7.323
651.700000000 INFO /path_planner [path_planner.py:638(PathPlanner.handle_pose_graph)] [topics: /pose_graph_idx, /rosout, /edge_distance, /clock, /slam_pose_graph] Really visited vertices: 8 7 6 5 4 3 9 15 16 35 11 35 37 20 19 15 19 23 29 30 
651.700000000 INFO /updateDistance [/home/wcqw/ac-slam/catkin_ws/src/cpp_solver/src/updateDistance.cpp:87(occupancyGridCallback)] [topics: /rosout, /edge_distance] Free vertices size: 25
651.700000000 INFO /updateDistance [/home/wcqw/ac-slam/catkin_ws/src/cpp_solver/src/updateDistance.cpp:128(occupancyGridCallback)] [topics: /rosout, /edge_distance] 308 edge distance updated
652.300000000 INFO /updateDistance [/home/wcqw/ac-slam/catkin_ws/src/cpp_solver/src/updateDistance.cpp:29(occupancyGridCallback)] [topics: /rosout, /edge_distance] Received an OccupancyGrid message!
652.300000000 INFO /updateDistance [/home/wcqw/ac-slam/catkin_ws/src/cpp_solver/src/updateDistance.cpp:30(occupancyGridCallback)] [topics: /rosout, /edge_distance] Width: 710, Height: 733, Size: 520430
652.300000000 INFO /updateDistance [/home/wcqw/ac-slam/catkin_ws/src/cpp_solver/src/updateDistance.cpp:32(occupancyGridCallback)] [topics: /rosout, /edge_distance] Map origin x: -7.415, y: -7.323
652.300000000 INFO /updateDistance [/home/wcqw/ac-slam/catkin_ws/src/cpp_solver/src/updateDistance.cpp:87(occupancyGridCallback)] [topics: /rosout, /edge_distance] Free vertices size: 25
652.300000000 INFO /updateDistance [/home/wcqw/ac-slam/catkin_ws/src/cpp_solver/src/updateDistance.cpp:128(occupancyGridCallback)] [topics: /rosout, /edge_distance] 308 edge distance updated
652.900000000 INFO /Navigator [/home/wcqw/ac-slam/catkin_ws/src/cpp_solver/src/MyPlanner.cpp:481(findExplorationTarget)] [topics: /rosout, /cmd, /Navigator/plan, /Navigator/markers, /Navigator/frontiers, /Navigator/frontier_to_vertex, /Navigator/nav_goal, /Navigator/prior_map, /Navigator/visual_tsp_path, /Navigator/tsp_index, /Navigator/path_finder, /Navigator/dist_map, /finished_topic, /request_replan, /Explore/result, /Explore/feedback, /Explore/status, /MoveTo/result, /MoveTo/feedback, /MoveTo/status, /Localize/result, /Localize/feedback, /Localize/status, /GetFirstMap/result, /GetFirstMap/feedback, /GetFirstMap/status] Call local replanning...
652.900000000 INFO /path_planner [path_planner.py:295(PathPlanner.handle_replanning)] [topics: /pose_graph_idx, /rosout, /edge_distance, /clock, /slam_pose_graph] Replanning request. curr_vertex_idx: 20
652.900000000 INFO /path_planner [path_planner.py:296(PathPlanner.handle_replanning)] [topics: /pose_graph_idx, /rosout, /edge_distance, /clock, /slam_pose_graph]                     covered_vertices: ()
652.900000000 INFO /path_planner [path_planner.py:310(PathPlanner.handle_replanning)] [topics: /pose_graph_idx, /rosout, /edge_distance, /clock, /slam_pose_graph] Handle local replanning...
652.900000000 INFO /path_planner [path_planner.py:363(PathPlanner.handle_local_replanning)] [topics: /pose_graph_idx, /rosout, /edge_distance, /clock, /slam_pose_graph] Local path to replan: [24, 25, 31, 32, 26, 27, 33, 34, 28, 22, 21, 38, 37]
652.900000000 INFO /path_planner [path_planner.py:322(PathPlanner.handle_replanning)] [topics: /pose_graph_idx, /rosout, /edge_distance, /clock, /slam_pose_graph] curr path length: 43, is_loop length: 43
652.900000000 INFO /path_planner [path_planner.py:334(PathPlanner.handle_replanning)] [topics: /pose_graph_idx, /rosout, /edge_distance, /clock, /slam_pose_graph] Send new plan: 8 7 6 5 4 3 9 15 16 10 11 35 37 20 19 15(L) 19 23 29 30 24  ---> 25 31 32 26 27 33 34 28 22 21 38 37(L) 38 36 12 13 14 8(L) 14 18 17 21(L) 
652.900000000 INFO /Navigator [/home/wcqw/ac-slam/catkin_ws/src/cpp_solver/src/MyPlanner.cpp:525(findExplorationTarget)] [topics: /rosout, /cmd, /Navigator/plan, /Navigator/markers, /Navigator/frontiers, /Navigator/frontier_to_vertex, /Navigator/nav_goal, /Navigator/prior_map, /Navigator/visual_tsp_path, /Navigator/tsp_index, /Navigator/path_finder, /Navigator/dist_map, /finished_topic, /request_replan, /Explore/result, /Explore/feedback, /Explore/status, /MoveTo/result, /MoveTo/feedback, /MoveTo/status, /Localize/result, /Localize/feedback, /Localize/status, /GetFirstMap/result, /GetFirstMap/feedback, /GetFirstMap/status] Skip currGoal 24 that has no frontier and seen by robot
652.900000000 INFO /Navigator [/home/wcqw/ac-slam/catkin_ws/src/cpp_solver/src/MyPlanner.cpp:310(getUsefulGoalIndex)] [topics: /rosout, /cmd, /Navigator/plan, /Navigator/markers, /Navigator/frontiers, /Navigator/frontier_to_vertex, /Navigator/nav_goal, /Navigator/prior_map, /Navigator/visual_tsp_path, /Navigator/tsp_index, /Navigator/path_finder, /Navigator/dist_map, /finished_topic, /request_replan, /Explore/result, /Explore/feedback, /Explore/status, /MoveTo/result, /MoveTo/feedback, /MoveTo/status, /Localize/result, /Localize/feedback, /Localize/status, /GetFirstMap/result, /GetFirstMap/feedback, /GetFirstMap/status] Set newGoal 25
657.700000000 INFO /updateDistance [/home/wcqw/ac-slam/catkin_ws/src/cpp_solver/src/updateDistance.cpp:29(occupancyGridCallback)] [topics: /rosout, /edge_distance] Received an OccupancyGrid message!
657.700000000 INFO /updateDistance [/home/wcqw/ac-slam/catkin_ws/src/cpp_solver/src/updateDistance.cpp:30(occupancyGridCallback)] [topics: /rosout, /edge_distance] Width: 710, Height: 733, Size: 520430
657.700000000 INFO /updateDistance [/home/wcqw/ac-slam/catkin_ws/src/cpp_solver/src/updateDistance.cpp:32(occupancyGridCallback)] [topics: /rosout, /edge_distance] Map origin x: -7.415, y: -7.323
657.700000000 WARN /RVIZ [/tmp/binarydeb/ros-noetic-tf2-0.7.10/src/buffer_core.cpp:277()] [topics: /rosout, /initialpose, /goal, /clicked_point] TF_REPEATED_DATA ignoring data with redundant timestamp for frame odom (parent offset) at time 657.700000 according to authority unknown_publisher
657.700000000 WARN /RVIZ [/tmp/binarydeb/ros-noetic-tf2-0.7.10/src/buffer_core.cpp:277()] [topics: /rosout, /initialpose, /goal, /clicked_point] TF_REPEATED_DATA ignoring data with redundant timestamp for frame offset (parent map) at time 657.700000 according to authority unknown_publisher
657.700000000 INFO /path_planner [path_planner.py:638(PathPlanner.handle_pose_graph)] [topics: /pose_graph_idx, /rosout, /edge_distance, /clock, /slam_pose_graph] Really visited vertices: 8 7 6 5 4 3 9 15 16 35 11 35 37 20 19 15 19 23 29 30 
657.700000000 INFO /updateDistance [/home/wcqw/ac-slam/catkin_ws/src/cpp_solver/src/updateDistance.cpp:87(occupancyGridCallback)] [topics: /rosout, /edge_distance] Free vertices size: 26
658.100000000 INFO /updateDistance [/home/wcqw/ac-slam/catkin_ws/src/cpp_solver/src/updateDistance.cpp:128(occupancyGridCallback)] [topics: /rosout, /edge_distance] 332 edge distance updated
658.300000000 INFO /updateDistance [/home/wcqw/ac-slam/catkin_ws/src/cpp_solver/src/updateDistance.cpp:29(occupancyGridCallback)] [topics: /rosout, /edge_distance] Received an OccupancyGrid message!
658.300000000 INFO /updateDistance [/home/wcqw/ac-slam/catkin_ws/src/cpp_solver/src/updateDistance.cpp:30(occupancyGridCallback)] [topics: /rosout, /edge_distance] Width: 710, Height: 733, Size: 520430
658.300000000 INFO /updateDistance [/home/wcqw/ac-slam/catkin_ws/src/cpp_solver/src/updateDistance.cpp:32(occupancyGridCallback)] [topics: /rosout, /edge_distance] Map origin x: -7.415, y: -7.323
658.300000000 INFO /updateDistance [/home/wcqw/ac-slam/catkin_ws/src/cpp_solver/src/updateDistance.cpp:87(occupancyGridCallback)] [topics: /rosout, /edge_distance] Free vertices size: 26
658.300000000 INFO /updateDistance [/home/wcqw/ac-slam/catkin_ws/src/cpp_solver/src/updateDistance.cpp:128(occupancyGridCallback)] [topics: /rosout, /edge_distance] 332 edge distance updated
658.900000000 INFO /Navigator [/home/wcqw/ac-slam/catkin_ws/src/cpp_solver/src/MyPlanner.cpp:481(findExplorationTarget)] [topics: /rosout, /cmd, /Navigator/plan, /Navigator/markers, /Navigator/frontiers, /Navigator/frontier_to_vertex, /Navigator/nav_goal, /Navigator/prior_map, /Navigator/visual_tsp_path, /Navigator/tsp_index, /Navigator/path_finder, /Navigator/dist_map, /finished_topic, /request_replan, /Explore/result, /Explore/feedback, /Explore/status, /MoveTo/result, /MoveTo/feedback, /MoveTo/status, /Localize/result, /Localize/feedback, /Localize/status, /GetFirstMap/result, /GetFirstMap/feedback, /GetFirstMap/status] Call local replanning...
658.900000000 INFO /path_planner [path_planner.py:295(PathPlanner.handle_replanning)] [topics: /pose_graph_idx, /rosout, /edge_distance, /clock, /slam_pose_graph] Replanning request. curr_vertex_idx: 21
658.900000000 INFO /path_planner [path_planner.py:296(PathPlanner.handle_replanning)] [topics: /pose_graph_idx, /rosout, /edge_distance, /clock, /slam_pose_graph]                     covered_vertices: ()
658.900000000 INFO /path_planner [path_planner.py:310(PathPlanner.handle_replanning)] [topics: /pose_graph_idx, /rosout, /edge_distance, /clock, /slam_pose_graph] Handle local replanning...
658.900000000 INFO /path_planner [path_planner.py:363(PathPlanner.handle_local_replanning)] [topics: /pose_graph_idx, /rosout, /edge_distance, /clock, /slam_pose_graph] Local path to replan: [25, 31, 32, 26, 27, 33, 34, 28, 22, 21, 38, 37]
658.900000000 INFO /path_planner [path_planner.py:322(PathPlanner.handle_replanning)] [topics: /pose_graph_idx, /rosout, /edge_distance, /clock, /slam_pose_graph] curr path length: 43, is_loop length: 43
658.900000000 INFO /path_planner [path_planner.py:334(PathPlanner.handle_replanning)] [topics: /pose_graph_idx, /rosout, /edge_distance, /clock, /slam_pose_graph] Send new plan: 8 7 6 5 4 3 9 15 16 10 11 35 37 20 19 15(L) 19 23 29 30 24 25  ---> 31 32 26 27 33 34 28 22 21 38 37(L) 38 36 12 13 14 8(L) 14 18 17 21(L) 
664.300000000 INFO /updateDistance [/home/wcqw/ac-slam/catkin_ws/src/cpp_solver/src/updateDistance.cpp:29(occupancyGridCallback)] [topics: /rosout, /edge_distance] Received an OccupancyGrid message!
664.300000000 INFO /updateDistance [/home/wcqw/ac-slam/catkin_ws/src/cpp_solver/src/updateDistance.cpp:30(occupancyGridCallback)] [topics: /rosout, /edge_distance] Width: 710, Height: 733, Size: 520430
664.300000000 INFO /updateDistance [/home/wcqw/ac-slam/catkin_ws/src/cpp_solver/src/updateDistance.cpp:32(occupancyGridCallback)] [topics: /rosout, /edge_distance] Map origin x: -7.415, y: -7.323
664.400000000 INFO /updateDistance [/home/wcqw/ac-slam/catkin_ws/src/cpp_solver/src/updateDistance.cpp:87(occupancyGridCallback)] [topics: /rosout, /edge_distance] Free vertices size: 26
664.400000000 INFO /updateDistance [/home/wcqw/ac-slam/catkin_ws/src/cpp_solver/src/updateDistance.cpp:128(occupancyGridCallback)] [topics: /rosout, /edge_distance] 333 edge distance updated
664.800000000 INFO /Navigator [/home/wcqw/ac-slam/catkin_ws/src/cpp_solver/src/MyPlanner.cpp:481(findExplorationTarget)] [topics: /rosout, /cmd, /Navigator/plan, /Navigator/markers, /Navigator/frontiers, /Navigator/frontier_to_vertex, /Navigator/nav_goal, /Navigator/prior_map, /Navigator/visual_tsp_path, /Navigator/tsp_index, /Navigator/path_finder, /Navigator/dist_map, /finished_topic, /request_replan, /Explore/result, /Explore/feedback, /Explore/status, /MoveTo/result, /MoveTo/feedback, /MoveTo/status, /Localize/result, /Localize/feedback, /Localize/status, /GetFirstMap/result, /GetFirstMap/feedback, /GetFirstMap/status] Call local replanning...
664.800000000 INFO /path_planner [path_planner.py:295(PathPlanner.handle_replanning)] [topics: /pose_graph_idx, /rosout, /edge_distance, /clock, /slam_pose_graph] Replanning request. curr_vertex_idx: 21
664.800000000 INFO /path_planner [path_planner.py:296(PathPlanner.handle_replanning)] [topics: /pose_graph_idx, /rosout, /edge_distance, /clock, /slam_pose_graph]                     covered_vertices: ()
664.800000000 INFO /path_planner [path_planner.py:310(PathPlanner.handle_replanning)] [topics: /pose_graph_idx, /rosout, /edge_distance, /clock, /slam_pose_graph] Handle local replanning...
664.800000000 INFO /path_planner [path_planner.py:363(PathPlanner.handle_local_replanning)] [topics: /pose_graph_idx, /rosout, /edge_distance, /clock, /slam_pose_graph] Local path to replan: [25, 31, 32, 26, 27, 33, 34, 28, 22, 21, 38, 37]
664.800000000 INFO /path_planner [path_planner.py:322(PathPlanner.handle_replanning)] [topics: /pose_graph_idx, /rosout, /edge_distance, /clock, /slam_pose_graph] curr path length: 43, is_loop length: 43
664.800000000 INFO /path_planner [path_planner.py:334(PathPlanner.handle_replanning)] [topics: /pose_graph_idx, /rosout, /edge_distance, /clock, /slam_pose_graph] Send new plan: 8 7 6 5 4 3 9 15 16 10 11 35 37 20 19 15(L) 19 23 29 30 24 25  ---> 31 32 26 27 33 34 28 22 21 38 37(L) 38 36 12 13 14 8(L) 14 18 17 21(L) 
670.300000000 INFO /updateDistance [/home/wcqw/ac-slam/catkin_ws/src/cpp_solver/src/updateDistance.cpp:29(occupancyGridCallback)] [topics: /rosout, /edge_distance] Received an OccupancyGrid message!
670.300000000 INFO /updateDistance [/home/wcqw/ac-slam/catkin_ws/src/cpp_solver/src/updateDistance.cpp:30(occupancyGridCallback)] [topics: /rosout, /edge_distance] Width: 710, Height: 733, Size: 520430
670.300000000 INFO /updateDistance [/home/wcqw/ac-slam/catkin_ws/src/cpp_solver/src/updateDistance.cpp:32(occupancyGridCallback)] [topics: /rosout, /edge_distance] Map origin x: -7.415, y: -7.323
670.300000000 INFO /updateDistance [/home/wcqw/ac-slam/catkin_ws/src/cpp_solver/src/updateDistance.cpp:87(occupancyGridCallback)] [topics: /rosout, /edge_distance] Free vertices size: 26
670.300000000 INFO /updateDistance [/home/wcqw/ac-slam/catkin_ws/src/cpp_solver/src/updateDistance.cpp:128(occupancyGridCallback)] [topics: /rosout, /edge_distance] 333 edge distance updated
670.700000000 INFO /Navigator [/home/wcqw/ac-slam/catkin_ws/src/cpp_solver/src/MyPlanner.cpp:481(findExplorationTarget)] [topics: /rosout, /cmd, /Navigator/plan, /Navigator/markers, /Navigator/frontiers, /Navigator/frontier_to_vertex, /Navigator/nav_goal, /Navigator/prior_map, /Navigator/visual_tsp_path, /Navigator/tsp_index, /Navigator/path_finder, /Navigator/dist_map, /finished_topic, /request_replan, /Explore/result, /Explore/feedback, /Explore/status, /MoveTo/result, /MoveTo/feedback, /MoveTo/status, /Localize/result, /Localize/feedback, /Localize/status, /GetFirstMap/result, /GetFirstMap/feedback, /GetFirstMap/status] Call local replanning...
670.700000000 INFO /path_planner [path_planner.py:295(PathPlanner.handle_replanning)] [topics: /pose_graph_idx, /rosout, /edge_distance, /clock, /slam_pose_graph] Replanning request. curr_vertex_idx: 21
670.700000000 INFO /path_planner [path_planner.py:296(PathPlanner.handle_replanning)] [topics: /pose_graph_idx, /rosout, /edge_distance, /clock, /slam_pose_graph]                     covered_vertices: ()
670.700000000 INFO /path_planner [path_planner.py:310(PathPlanner.handle_replanning)] [topics: /pose_graph_idx, /rosout, /edge_distance, /clock, /slam_pose_graph] Handle local replanning...
670.700000000 INFO /path_planner [path_planner.py:363(PathPlanner.handle_local_replanning)] [topics: /pose_graph_idx, /rosout, /edge_distance, /clock, /slam_pose_graph] Local path to replan: [25, 31, 32, 26, 27, 33, 34, 28, 22, 21, 38, 37]
670.800000000 INFO /path_planner [path_planner.py:322(PathPlanner.handle_replanning)] [topics: /pose_graph_idx, /rosout, /edge_distance, /clock, /slam_pose_graph] curr path length: 43, is_loop length: 43
670.800000000 INFO /path_planner [path_planner.py:334(PathPlanner.handle_replanning)] [topics: /pose_graph_idx, /rosout, /edge_distance, /clock, /slam_pose_graph] Send new plan: 8 7 6 5 4 3 9 15 16 10 11 35 37 20 19 15(L) 19 23 29 30 24 25  ---> 31 32 26 27 33 34 28 22 21 38 37(L) 38 36 12 13 14 8(L) 14 18 17 21(L) 
676.100000000 INFO /updateDistance [/home/wcqw/ac-slam/catkin_ws/src/cpp_solver/src/updateDistance.cpp:29(occupancyGridCallback)] [topics: /rosout, /edge_distance] Received an OccupancyGrid message!
676.100000000 INFO /updateDistance [/home/wcqw/ac-slam/catkin_ws/src/cpp_solver/src/updateDistance.cpp:30(occupancyGridCallback)] [topics: /rosout, /edge_distance] Width: 710, Height: 733, Size: 520430
676.100000000 INFO /updateDistance [/home/wcqw/ac-slam/catkin_ws/src/cpp_solver/src/updateDistance.cpp:32(occupancyGridCallback)] [topics: /rosout, /edge_distance] Map origin x: -7.415, y: -7.323
676.100000000 INFO /path_planner [path_planner.py:638(PathPlanner.handle_pose_graph)] [topics: /pose_graph_idx, /rosout, /edge_distance, /clock, /slam_pose_graph] Really visited vertices: 8 7 6 5 4 3 9 15 16 35 11 35 37 20 19 15 19 23 29 30 31 
676.100000000 INFO /updateDistance [/home/wcqw/ac-slam/catkin_ws/src/cpp_solver/src/updateDistance.cpp:87(occupancyGridCallback)] [topics: /rosout, /edge_distance] Free vertices size: 26
676.100000000 INFO /updateDistance [/home/wcqw/ac-slam/catkin_ws/src/cpp_solver/src/updateDistance.cpp:128(occupancyGridCallback)] [topics: /rosout, /edge_distance] 333 edge distance updated
676.300000000 INFO /updateDistance [/home/wcqw/ac-slam/catkin_ws/src/cpp_solver/src/updateDistance.cpp:29(occupancyGridCallback)] [topics: /rosout, /edge_distance] Received an OccupancyGrid message!
676.300000000 INFO /updateDistance [/home/wcqw/ac-slam/catkin_ws/src/cpp_solver/src/updateDistance.cpp:30(occupancyGridCallback)] [topics: /rosout, /edge_distance] Width: 710, Height: 733, Size: 520430
676.300000000 INFO /updateDistance [/home/wcqw/ac-slam/catkin_ws/src/cpp_solver/src/updateDistance.cpp:32(occupancyGridCallback)] [topics: /rosout, /edge_distance] Map origin x: -7.415, y: -7.323
676.300000000 INFO /updateDistance [/home/wcqw/ac-slam/catkin_ws/src/cpp_solver/src/updateDistance.cpp:87(occupancyGridCallback)] [topics: /rosout, /edge_distance] Free vertices size: 26
676.300000000 INFO /updateDistance [/home/wcqw/ac-slam/catkin_ws/src/cpp_solver/src/updateDistance.cpp:128(occupancyGridCallback)] [topics: /rosout, /edge_distance] 333 edge distance updated
676.800000000 INFO /Navigator [/home/wcqw/ac-slam/catkin_ws/src/cpp_solver/src/MyPlanner.cpp:481(findExplorationTarget)] [topics: /rosout, /cmd, /Navigator/plan, /Navigator/markers, /Navigator/frontiers, /Navigator/frontier_to_vertex, /Navigator/nav_goal, /Navigator/prior_map, /Navigator/visual_tsp_path, /Navigator/tsp_index, /Navigator/path_finder, /Navigator/dist_map, /finished_topic, /request_replan, /Explore/result, /Explore/feedback, /Explore/status, /MoveTo/result, /MoveTo/feedback, /MoveTo/status, /Localize/result, /Localize/feedback, /Localize/status, /GetFirstMap/result, /GetFirstMap/feedback, /GetFirstMap/status] Call local replanning...
676.800000000 INFO /path_planner [path_planner.py:295(PathPlanner.handle_replanning)] [topics: /pose_graph_idx, /rosout, /edge_distance, /clock, /slam_pose_graph] Replanning request. curr_vertex_idx: 21
676.800000000 INFO /path_planner [path_planner.py:296(PathPlanner.handle_replanning)] [topics: /pose_graph_idx, /rosout, /edge_distance, /clock, /slam_pose_graph]                     covered_vertices: ()
676.800000000 INFO /path_planner [path_planner.py:310(PathPlanner.handle_replanning)] [topics: /pose_graph_idx, /rosout, /edge_distance, /clock, /slam_pose_graph] Handle local replanning...
676.800000000 INFO /path_planner [path_planner.py:363(PathPlanner.handle_local_replanning)] [topics: /pose_graph_idx, /rosout, /edge_distance, /clock, /slam_pose_graph] Local path to replan: [25, 31, 32, 26, 27, 33, 34, 28, 22, 21, 38, 37]
676.900000000 INFO /path_planner [path_planner.py:322(PathPlanner.handle_replanning)] [topics: /pose_graph_idx, /rosout, /edge_distance, /clock, /slam_pose_graph] curr path length: 43, is_loop length: 43
676.900000000 INFO /path_planner [path_planner.py:334(PathPlanner.handle_replanning)] [topics: /pose_graph_idx, /rosout, /edge_distance, /clock, /slam_pose_graph] Send new plan: 8 7 6 5 4 3 9 15 16 10 11 35 37 20 19 15(L) 19 23 29 30 24 25  ---> 31 32 26 27 33 34 28 22 21 38 37(L) 38 36 12 13 14 8(L) 14 18 17 21(L) 
682.300000000 INFO /updateDistance [/home/wcqw/ac-slam/catkin_ws/src/cpp_solver/src/updateDistance.cpp:29(occupancyGridCallback)] [topics: /rosout, /edge_distance] Received an OccupancyGrid message!
682.300000000 INFO /updateDistance [/home/wcqw/ac-slam/catkin_ws/src/cpp_solver/src/updateDistance.cpp:30(occupancyGridCallback)] [topics: /rosout, /edge_distance] Width: 710, Height: 733, Size: 520430
682.300000000 INFO /updateDistance [/home/wcqw/ac-slam/catkin_ws/src/cpp_solver/src/updateDistance.cpp:32(occupancyGridCallback)] [topics: /rosout, /edge_distance] Map origin x: -7.415, y: -7.323
682.300000000 INFO /updateDistance [/home/wcqw/ac-slam/catkin_ws/src/cpp_solver/src/updateDistance.cpp:87(occupancyGridCallback)] [topics: /rosout, /edge_distance] Free vertices size: 25
682.300000000 INFO /updateDistance [/home/wcqw/ac-slam/catkin_ws/src/cpp_solver/src/updateDistance.cpp:128(occupancyGridCallback)] [topics: /rosout, /edge_distance] 333 edge distance updated
682.900000000 INFO /Navigator [/home/wcqw/ac-slam/catkin_ws/src/cpp_solver/src/MyPlanner.cpp:481(findExplorationTarget)] [topics: /rosout, /cmd, /Navigator/plan, /Navigator/markers, /Navigator/frontiers, /Navigator/frontier_to_vertex, /Navigator/nav_goal, /Navigator/prior_map, /Navigator/visual_tsp_path, /Navigator/tsp_index, /Navigator/path_finder, /Navigator/dist_map, /finished_topic, /request_replan, /Explore/result, /Explore/feedback, /Explore/status, /MoveTo/result, /MoveTo/feedback, /MoveTo/status, /Localize/result, /Localize/feedback, /Localize/status, /GetFirstMap/result, /GetFirstMap/feedback, /GetFirstMap/status] Call local replanning...
682.900000000 INFO /path_planner [path_planner.py:295(PathPlanner.handle_replanning)] [topics: /pose_graph_idx, /rosout, /edge_distance, /clock, /slam_pose_graph] Replanning request. curr_vertex_idx: 21
682.900000000 INFO /path_planner [path_planner.py:296(PathPlanner.handle_replanning)] [topics: /pose_graph_idx, /rosout, /edge_distance, /clock, /slam_pose_graph]                     covered_vertices: ()
682.900000000 INFO /path_planner [path_planner.py:310(PathPlanner.handle_replanning)] [topics: /pose_graph_idx, /rosout, /edge_distance, /clock, /slam_pose_graph] Handle local replanning...
682.900000000 INFO /path_planner [path_planner.py:363(PathPlanner.handle_local_replanning)] [topics: /pose_graph_idx, /rosout, /edge_distance, /clock, /slam_pose_graph] Local path to replan: [25, 31, 32, 26, 27, 33, 34, 28, 22, 21, 38, 37]
682.900000000 INFO /path_planner [path_planner.py:322(PathPlanner.handle_replanning)] [topics: /pose_graph_idx, /rosout, /edge_distance, /clock, /slam_pose_graph] curr path length: 43, is_loop length: 43
682.900000000 INFO /path_planner [path_planner.py:334(PathPlanner.handle_replanning)] [topics: /pose_graph_idx, /rosout, /edge_distance, /clock, /slam_pose_graph] Send new plan: 8 7 6 5 4 3 9 15 16 10 11 35 37 20 19 15(L) 19 23 29 30 24 25  ---> 31 32 26 27 33 34 28 22 21 38 37(L) 38 36 12 13 14 8(L) 14 18 17 21(L) 
688.300000000 INFO /updateDistance [/home/wcqw/ac-slam/catkin_ws/src/cpp_solver/src/updateDistance.cpp:29(occupancyGridCallback)] [topics: /rosout, /edge_distance] Received an OccupancyGrid message!
688.300000000 INFO /updateDistance [/home/wcqw/ac-slam/catkin_ws/src/cpp_solver/src/updateDistance.cpp:30(occupancyGridCallback)] [topics: /rosout, /edge_distance] Width: 710, Height: 733, Size: 520430
688.300000000 INFO /updateDistance [/home/wcqw/ac-slam/catkin_ws/src/cpp_solver/src/updateDistance.cpp:32(occupancyGridCallback)] [topics: /rosout, /edge_distance] Map origin x: -7.415, y: -7.323
688.400000000 INFO /updateDistance [/home/wcqw/ac-slam/catkin_ws/src/cpp_solver/src/updateDistance.cpp:87(occupancyGridCallback)] [topics: /rosout, /edge_distance] Free vertices size: 26
688.400000000 INFO /updateDistance [/home/wcqw/ac-slam/catkin_ws/src/cpp_solver/src/updateDistance.cpp:128(occupancyGridCallback)] [topics: /rosout, /edge_distance] 333 edge distance updated
688.800000000 INFO /Navigator [/home/wcqw/ac-slam/catkin_ws/src/cpp_solver/src/MyPlanner.cpp:481(findExplorationTarget)] [topics: /rosout, /cmd, /Navigator/plan, /Navigator/markers, /Navigator/frontiers, /Navigator/frontier_to_vertex, /Navigator/nav_goal, /Navigator/prior_map, /Navigator/visual_tsp_path, /Navigator/tsp_index, /Navigator/path_finder, /Navigator/dist_map, /finished_topic, /request_replan, /Explore/result, /Explore/feedback, /Explore/status, /MoveTo/result, /MoveTo/feedback, /MoveTo/status, /Localize/result, /Localize/feedback, /Localize/status, /GetFirstMap/result, /GetFirstMap/feedback, /GetFirstMap/status] Call local replanning...
688.800000000 INFO /path_planner [path_planner.py:295(PathPlanner.handle_replanning)] [topics: /pose_graph_idx, /rosout, /edge_distance, /clock, /slam_pose_graph] Replanning request. curr_vertex_idx: 21
688.800000000 INFO /path_planner [path_planner.py:296(PathPlanner.handle_replanning)] [topics: /pose_graph_idx, /rosout, /edge_distance, /clock, /slam_pose_graph]                     covered_vertices: ()
688.800000000 INFO /path_planner [path_planner.py:310(PathPlanner.handle_replanning)] [topics: /pose_graph_idx, /rosout, /edge_distance, /clock, /slam_pose_graph] Handle local replanning...
688.800000000 INFO /path_planner [path_planner.py:363(PathPlanner.handle_local_replanning)] [topics: /pose_graph_idx, /rosout, /edge_distance, /clock, /slam_pose_graph] Local path to replan: [25, 31, 32, 26, 27, 33, 34, 28, 22, 21, 38, 37]
688.800000000 INFO /path_planner [path_planner.py:322(PathPlanner.handle_replanning)] [topics: /pose_graph_idx, /rosout, /edge_distance, /clock, /slam_pose_graph] curr path length: 43, is_loop length: 43
688.800000000 INFO /path_planner [path_planner.py:334(PathPlanner.handle_replanning)] [topics: /pose_graph_idx, /rosout, /edge_distance, /clock, /slam_pose_graph] Send new plan: 8 7 6 5 4 3 9 15 16 10 11 35 37 20 19 15(L) 19 23 29 30 24 25  ---> 31 32 26 27 33 34 28 22 21 38 37(L) 38 36 12 13 14 8(L) 14 18 17 21(L) 
688.800000000 INFO /Navigator [/home/wcqw/ac-slam/catkin_ws/src/cpp_solver/src/MyPlanner.cpp:509(findExplorationTarget)] [topics: /rosout, /cmd, /Navigator/plan, /Navigator/markers, /Navigator/frontiers, /Navigator/frontier_to_vertex, /Navigator/nav_goal, /Navigator/prior_map, /Navigator/visual_tsp_path, /Navigator/tsp_index, /Navigator/path_finder, /Navigator/dist_map, /finished_topic, /request_replan, /Explore/result, /Explore/feedback, /Explore/status, /MoveTo/result, /MoveTo/feedback, /MoveTo/status, /Localize/result, /Localize/feedback, /Localize/status, /GetFirstMap/result, /GetFirstMap/feedback, /GetFirstMap/status] Reach vertex 25
688.800000000 INFO /Navigator [/home/wcqw/ac-slam/catkin_ws/src/cpp_solver/src/MyPlanner.cpp:613(findExplorationTarget)] [topics: /rosout, /cmd, /Navigator/plan, /Navigator/markers, /Navigator/frontiers, /Navigator/frontier_to_vertex, /Navigator/nav_goal, /Navigator/prior_map, /Navigator/visual_tsp_path, /Navigator/tsp_index, /Navigator/path_finder, /Navigator/dist_map, /finished_topic, /request_replan, /Explore/result, /Explore/feedback, /Explore/status, /MoveTo/result, /MoveTo/feedback, /MoveTo/status, /Localize/result, /Localize/feedback, /Localize/status, /GetFirstMap/result, /GetFirstMap/feedback, /GetFirstMap/status] Explore Goal 25 's frontiers...
694.400000000 INFO /updateDistance [/home/wcqw/ac-slam/catkin_ws/src/cpp_solver/src/updateDistance.cpp:29(occupancyGridCallback)] [topics: /rosout, /edge_distance] Received an OccupancyGrid message!
694.400000000 INFO /updateDistance [/home/wcqw/ac-slam/catkin_ws/src/cpp_solver/src/updateDistance.cpp:30(occupancyGridCallback)] [topics: /rosout, /edge_distance] Width: 710, Height: 733, Size: 520430
694.400000000 INFO /updateDistance [/home/wcqw/ac-slam/catkin_ws/src/cpp_solver/src/updateDistance.cpp:32(occupancyGridCallback)] [topics: /rosout, /edge_distance] Map origin x: -7.415, y: -7.323
694.400000000 INFO /updateDistance [/home/wcqw/ac-slam/catkin_ws/src/cpp_solver/src/updateDistance.cpp:87(occupancyGridCallback)] [topics: /rosout, /edge_distance] Free vertices size: 26
694.400000000 INFO /updateDistance [/home/wcqw/ac-slam/catkin_ws/src/cpp_solver/src/updateDistance.cpp:128(occupancyGridCallback)] [topics: /rosout, /edge_distance] 333 edge distance updated
694.800000000 INFO /Navigator [/home/wcqw/ac-slam/catkin_ws/src/cpp_solver/src/MyPlanner.cpp:481(findExplorationTarget)] [topics: /rosout, /cmd, /Navigator/plan, /Navigator/markers, /Navigator/frontiers, /Navigator/frontier_to_vertex, /Navigator/nav_goal, /Navigator/prior_map, /Navigator/visual_tsp_path, /Navigator/tsp_index, /Navigator/path_finder, /Navigator/dist_map, /finished_topic, /request_replan, /Explore/result, /Explore/feedback, /Explore/status, /MoveTo/result, /MoveTo/feedback, /MoveTo/status, /Localize/result, /Localize/feedback, /Localize/status, /GetFirstMap/result, /GetFirstMap/feedback, /GetFirstMap/status] Call local replanning...
694.800000000 INFO /path_planner [path_planner.py:295(PathPlanner.handle_replanning)] [topics: /pose_graph_idx, /rosout, /edge_distance, /clock, /slam_pose_graph] Replanning request. curr_vertex_idx: 21
694.800000000 INFO /path_planner [path_planner.py:296(PathPlanner.handle_replanning)] [topics: /pose_graph_idx, /rosout, /edge_distance, /clock, /slam_pose_graph]                     covered_vertices: ()
694.800000000 INFO /path_planner [path_planner.py:310(PathPlanner.handle_replanning)] [topics: /pose_graph_idx, /rosout, /edge_distance, /clock, /slam_pose_graph] Handle local replanning...
694.800000000 INFO /path_planner [path_planner.py:363(PathPlanner.handle_local_replanning)] [topics: /pose_graph_idx, /rosout, /edge_distance, /clock, /slam_pose_graph] Local path to replan: [25, 31, 32, 26, 27, 33, 34, 28, 22, 21, 38, 37]
694.800000000 INFO /path_planner [path_planner.py:322(PathPlanner.handle_replanning)] [topics: /pose_graph_idx, /rosout, /edge_distance, /clock, /slam_pose_graph] curr path length: 43, is_loop length: 43
694.800000000 INFO /path_planner [path_planner.py:334(PathPlanner.handle_replanning)] [topics: /pose_graph_idx, /rosout, /edge_distance, /clock, /slam_pose_graph] Send new plan: 8 7 6 5 4 3 9 15 16 10 11 35 37 20 19 15(L) 19 23 29 30 24 25  ---> 31 32 26 27 33 34 28 22 21 38 37(L) 38 36 12 13 14 8(L) 14 18 17 21(L) 
694.900000000 INFO /Navigator [/home/wcqw/ac-slam/catkin_ws/src/cpp_solver/src/MyPlanner.cpp:613(findExplorationTarget)] [topics: /rosout, /cmd, /Navigator/plan, /Navigator/markers, /Navigator/frontiers, /Navigator/frontier_to_vertex, /Navigator/nav_goal, /Navigator/prior_map, /Navigator/visual_tsp_path, /Navigator/tsp_index, /Navigator/path_finder, /Navigator/dist_map, /finished_topic, /request_replan, /Explore/result, /Explore/feedback, /Explore/status, /MoveTo/result, /MoveTo/feedback, /MoveTo/status, /Localize/result, /Localize/feedback, /Localize/status, /GetFirstMap/result, /GetFirstMap/feedback, /GetFirstMap/status] Explore Goal 25 's frontiers...
700.200000000 INFO /updateDistance [/home/wcqw/ac-slam/catkin_ws/src/cpp_solver/src/updateDistance.cpp:29(occupancyGridCallback)] [topics: /rosout, /edge_distance] Received an OccupancyGrid message!
700.200000000 INFO /updateDistance [/home/wcqw/ac-slam/catkin_ws/src/cpp_solver/src/updateDistance.cpp:30(occupancyGridCallback)] [topics: /rosout, /edge_distance] Width: 710, Height: 733, Size: 520430
700.200000000 INFO /updateDistance [/home/wcqw/ac-slam/catkin_ws/src/cpp_solver/src/updateDistance.cpp:32(occupancyGridCallback)] [topics: /rosout, /edge_distance] Map origin x: -7.415, y: -7.323
700.200000000 INFO /path_planner [path_planner.py:638(PathPlanner.handle_pose_graph)] [topics: /pose_graph_idx, /rosout, /edge_distance, /clock, /slam_pose_graph] Really visited vertices: 8 7 6 5 4 3 9 15 16 35 11 35 37 20 19 15 19 23 29 30 31 25 
700.200000000 INFO /updateDistance [/home/wcqw/ac-slam/catkin_ws/src/cpp_solver/src/updateDistance.cpp:87(occupancyGridCallback)] [topics: /rosout, /edge_distance] Free vertices size: 26
700.200000000 INFO /updateDistance [/home/wcqw/ac-slam/catkin_ws/src/cpp_solver/src/updateDistance.cpp:128(occupancyGridCallback)] [topics: /rosout, /edge_distance] 333 edge distance updated
700.200000000 INFO /updateDistance [/home/wcqw/ac-slam/catkin_ws/src/cpp_solver/src/updateDistance.cpp:29(occupancyGridCallback)] [topics: /rosout, /edge_distance] Received an OccupancyGrid message!
700.200000000 INFO /updateDistance [/home/wcqw/ac-slam/catkin_ws/src/cpp_solver/src/updateDistance.cpp:30(occupancyGridCallback)] [topics: /rosout, /edge_distance] Width: 710, Height: 733, Size: 520430
700.200000000 INFO /updateDistance [/home/wcqw/ac-slam/catkin_ws/src/cpp_solver/src/updateDistance.cpp:32(occupancyGridCallback)] [topics: /rosout, /edge_distance] Map origin x: -7.415, y: -7.323
700.200000000 INFO /updateDistance [/home/wcqw/ac-slam/catkin_ws/src/cpp_solver/src/updateDistance.cpp:87(occupancyGridCallback)] [topics: /rosout, /edge_distance] Free vertices size: 26
700.200000000 INFO /updateDistance [/home/wcqw/ac-slam/catkin_ws/src/cpp_solver/src/updateDistance.cpp:128(occupancyGridCallback)] [topics: /rosout, /edge_distance] 333 edge distance updated
700.800000000 INFO /Navigator [/home/wcqw/ac-slam/catkin_ws/src/cpp_solver/src/MyPlanner.cpp:481(findExplorationTarget)] [topics: /rosout, /cmd, /Navigator/plan, /Navigator/markers, /Navigator/frontiers, /Navigator/frontier_to_vertex, /Navigator/nav_goal, /Navigator/prior_map, /Navigator/visual_tsp_path, /Navigator/tsp_index, /Navigator/path_finder, /Navigator/dist_map, /finished_topic, /request_replan, /Explore/result, /Explore/feedback, /Explore/status, /MoveTo/result, /MoveTo/feedback, /MoveTo/status, /Localize/result, /Localize/feedback, /Localize/status, /GetFirstMap/result, /GetFirstMap/feedback, /GetFirstMap/status] Call local replanning...
700.800000000 INFO /path_planner [path_planner.py:295(PathPlanner.handle_replanning)] [topics: /pose_graph_idx, /rosout, /edge_distance, /clock, /slam_pose_graph] Replanning request. curr_vertex_idx: 21
700.800000000 INFO /path_planner [path_planner.py:296(PathPlanner.handle_replanning)] [topics: /pose_graph_idx, /rosout, /edge_distance, /clock, /slam_pose_graph]                     covered_vertices: ()
700.800000000 INFO /path_planner [path_planner.py:310(PathPlanner.handle_replanning)] [topics: /pose_graph_idx, /rosout, /edge_distance, /clock, /slam_pose_graph] Handle local replanning...
700.800000000 INFO /path_planner [path_planner.py:363(PathPlanner.handle_local_replanning)] [topics: /pose_graph_idx, /rosout, /edge_distance, /clock, /slam_pose_graph] Local path to replan: [25, 31, 32, 26, 27, 33, 34, 28, 22, 21, 38, 37]
700.800000000 INFO /path_planner [path_planner.py:322(PathPlanner.handle_replanning)] [topics: /pose_graph_idx, /rosout, /edge_distance, /clock, /slam_pose_graph] curr path length: 43, is_loop length: 43
700.800000000 INFO /path_planner [path_planner.py:334(PathPlanner.handle_replanning)] [topics: /pose_graph_idx, /rosout, /edge_distance, /clock, /slam_pose_graph] Send new plan: 8 7 6 5 4 3 9 15 16 10 11 35 37 20 19 15(L) 19 23 29 30 24 25  ---> 31 32 26 27 33 34 28 22 21 38 37(L) 38 36 12 13 14 8(L) 14 18 17 21(L) 
700.800000000 INFO /Navigator [/home/wcqw/ac-slam/catkin_ws/src/cpp_solver/src/MyPlanner.cpp:613(findExplorationTarget)] [topics: /rosout, /cmd, /Navigator/plan, /Navigator/markers, /Navigator/frontiers, /Navigator/frontier_to_vertex, /Navigator/nav_goal, /Navigator/prior_map, /Navigator/visual_tsp_path, /Navigator/tsp_index, /Navigator/path_finder, /Navigator/dist_map, /finished_topic, /request_replan, /Explore/result, /Explore/feedback, /Explore/status, /MoveTo/result, /MoveTo/feedback, /MoveTo/status, /Localize/result, /Localize/feedback, /Localize/status, /GetFirstMap/result, /GetFirstMap/feedback, /GetFirstMap/status] Explore Goal 25 's frontiers...
706.400000000 INFO /updateDistance [/home/wcqw/ac-slam/catkin_ws/src/cpp_solver/src/updateDistance.cpp:29(occupancyGridCallback)] [topics: /rosout, /edge_distance] Received an OccupancyGrid message!
706.400000000 INFO /updateDistance [/home/wcqw/ac-slam/catkin_ws/src/cpp_solver/src/updateDistance.cpp:30(occupancyGridCallback)] [topics: /rosout, /edge_distance] Width: 710, Height: 733, Size: 520430
706.400000000 INFO /updateDistance [/home/wcqw/ac-slam/catkin_ws/src/cpp_solver/src/updateDistance.cpp:32(occupancyGridCallback)] [topics: /rosout, /edge_distance] Map origin x: -7.415, y: -7.323
706.400000000 INFO /updateDistance [/home/wcqw/ac-slam/catkin_ws/src/cpp_solver/src/updateDistance.cpp:87(occupancyGridCallback)] [topics: /rosout, /edge_distance] Free vertices size: 26
706.400000000 INFO /updateDistance [/home/wcqw/ac-slam/catkin_ws/src/cpp_solver/src/updateDistance.cpp:128(occupancyGridCallback)] [topics: /rosout, /edge_distance] 333 edge distance updated
706.800000000 INFO /Navigator [/home/wcqw/ac-slam/catkin_ws/src/cpp_solver/src/MyPlanner.cpp:481(findExplorationTarget)] [topics: /rosout, /cmd, /Navigator/plan, /Navigator/markers, /Navigator/frontiers, /Navigator/frontier_to_vertex, /Navigator/nav_goal, /Navigator/prior_map, /Navigator/visual_tsp_path, /Navigator/tsp_index, /Navigator/path_finder, /Navigator/dist_map, /finished_topic, /request_replan, /Explore/result, /Explore/feedback, /Explore/status, /MoveTo/result, /MoveTo/feedback, /MoveTo/status, /Localize/result, /Localize/feedback, /Localize/status, /GetFirstMap/result, /GetFirstMap/feedback, /GetFirstMap/status] Call local replanning...
706.800000000 INFO /path_planner [path_planner.py:295(PathPlanner.handle_replanning)] [topics: /pose_graph_idx, /rosout, /edge_distance, /clock, /slam_pose_graph] Replanning request. curr_vertex_idx: 21
706.800000000 INFO /path_planner [path_planner.py:296(PathPlanner.handle_replanning)] [topics: /pose_graph_idx, /rosout, /edge_distance, /clock, /slam_pose_graph]                     covered_vertices: ()
706.800000000 INFO /path_planner [path_planner.py:310(PathPlanner.handle_replanning)] [topics: /pose_graph_idx, /rosout, /edge_distance, /clock, /slam_pose_graph] Handle local replanning...
706.800000000 INFO /path_planner [path_planner.py:363(PathPlanner.handle_local_replanning)] [topics: /pose_graph_idx, /rosout, /edge_distance, /clock, /slam_pose_graph] Local path to replan: [25, 31, 32, 26, 27, 33, 34, 28, 22, 21, 38, 37]
706.800000000 INFO /path_planner [path_planner.py:322(PathPlanner.handle_replanning)] [topics: /pose_graph_idx, /rosout, /edge_distance, /clock, /slam_pose_graph] curr path length: 43, is_loop length: 43
706.900000000 INFO /path_planner [path_planner.py:334(PathPlanner.handle_replanning)] [topics: /pose_graph_idx, /rosout, /edge_distance, /clock, /slam_pose_graph] Send new plan: 8 7 6 5 4 3 9 15 16 10 11 35 37 20 19 15(L) 19 23 29 30 24 25  ---> 31 32 26 27 33 34 28 22 21 38 37(L) 38 36 12 13 14 8(L) 14 18 17 21(L) 
706.900000000 INFO /Navigator [/home/wcqw/ac-slam/catkin_ws/src/cpp_solver/src/MyPlanner.cpp:613(findExplorationTarget)] [topics: /rosout, /cmd, /Navigator/plan, /Navigator/markers, /Navigator/frontiers, /Navigator/frontier_to_vertex, /Navigator/nav_goal, /Navigator/prior_map, /Navigator/visual_tsp_path, /Navigator/tsp_index, /Navigator/path_finder, /Navigator/dist_map, /finished_topic, /request_replan, /Explore/result, /Explore/feedback, /Explore/status, /MoveTo/result, /MoveTo/feedback, /MoveTo/status, /Localize/result, /Localize/feedback, /Localize/status, /GetFirstMap/result, /GetFirstMap/feedback, /GetFirstMap/status] Explore Goal 25 's frontiers...
712.400000000 INFO /updateDistance [/home/wcqw/ac-slam/catkin_ws/src/cpp_solver/src/updateDistance.cpp:29(occupancyGridCallback)] [topics: /rosout, /edge_distance] Received an OccupancyGrid message!
712.400000000 INFO /updateDistance [/home/wcqw/ac-slam/catkin_ws/src/cpp_solver/src/updateDistance.cpp:30(occupancyGridCallback)] [topics: /rosout, /edge_distance] Width: 710, Height: 733, Size: 520430
712.400000000 INFO /updateDistance [/home/wcqw/ac-slam/catkin_ws/src/cpp_solver/src/updateDistance.cpp:32(occupancyGridCallback)] [topics: /rosout, /edge_distance] Map origin x: -7.415, y: -7.323
712.400000000 INFO /updateDistance [/home/wcqw/ac-slam/catkin_ws/src/cpp_solver/src/updateDistance.cpp:87(occupancyGridCallback)] [topics: /rosout, /edge_distance] Free vertices size: 27
712.400000000 INFO /updateDistance [/home/wcqw/ac-slam/catkin_ws/src/cpp_solver/src/updateDistance.cpp:128(occupancyGridCallback)] [topics: /rosout, /edge_distance] 334 edge distance updated
713.000000000 INFO /Navigator [/home/wcqw/ac-slam/catkin_ws/src/cpp_solver/src/MyPlanner.cpp:481(findExplorationTarget)] [topics: /rosout, /cmd, /Navigator/plan, /Navigator/markers, /Navigator/frontiers, /Navigator/frontier_to_vertex, /Navigator/nav_goal, /Navigator/prior_map, /Navigator/visual_tsp_path, /Navigator/tsp_index, /Navigator/path_finder, /Navigator/dist_map, /finished_topic, /request_replan, /Explore/result, /Explore/feedback, /Explore/status, /MoveTo/result, /MoveTo/feedback, /MoveTo/status, /Localize/result, /Localize/feedback, /Localize/status, /GetFirstMap/result, /GetFirstMap/feedback, /GetFirstMap/status] Call local replanning...
713.000000000 INFO /path_planner [path_planner.py:295(PathPlanner.handle_replanning)] [topics: /pose_graph_idx, /rosout, /edge_distance, /clock, /slam_pose_graph] Replanning request. curr_vertex_idx: 21
713.000000000 INFO /path_planner [path_planner.py:296(PathPlanner.handle_replanning)] [topics: /pose_graph_idx, /rosout, /edge_distance, /clock, /slam_pose_graph]                     covered_vertices: ()
713.000000000 INFO /path_planner [path_planner.py:310(PathPlanner.handle_replanning)] [topics: /pose_graph_idx, /rosout, /edge_distance, /clock, /slam_pose_graph] Handle local replanning...
713.000000000 INFO /path_planner [path_planner.py:363(PathPlanner.handle_local_replanning)] [topics: /pose_graph_idx, /rosout, /edge_distance, /clock, /slam_pose_graph] Local path to replan: [25, 31, 32, 26, 27, 33, 34, 28, 22, 21, 38, 37]
713.000000000 INFO /path_planner [path_planner.py:322(PathPlanner.handle_replanning)] [topics: /pose_graph_idx, /rosout, /edge_distance, /clock, /slam_pose_graph] curr path length: 43, is_loop length: 43
713.000000000 INFO /path_planner [path_planner.py:334(PathPlanner.handle_replanning)] [topics: /pose_graph_idx, /rosout, /edge_distance, /clock, /slam_pose_graph] Send new plan: 8 7 6 5 4 3 9 15 16 10 11 35 37 20 19 15(L) 19 23 29 30 24 25  ---> 31 32 26 27 33 34 28 22 21 38 37(L) 38 36 12 13 14 8(L) 14 18 17 21(L) 
713.000000000 INFO /Navigator [/home/wcqw/ac-slam/catkin_ws/src/cpp_solver/src/MyPlanner.cpp:613(findExplorationTarget)] [topics: /rosout, /cmd, /Navigator/plan, /Navigator/markers, /Navigator/frontiers, /Navigator/frontier_to_vertex, /Navigator/nav_goal, /Navigator/prior_map, /Navigator/visual_tsp_path, /Navigator/tsp_index, /Navigator/path_finder, /Navigator/dist_map, /finished_topic, /request_replan, /Explore/result, /Explore/feedback, /Explore/status, /MoveTo/result, /MoveTo/feedback, /MoveTo/status, /Localize/result, /Localize/feedback, /Localize/status, /GetFirstMap/result, /GetFirstMap/feedback, /GetFirstMap/status] Explore Goal 25 's frontiers...
718.400000000 INFO /updateDistance [/home/wcqw/ac-slam/catkin_ws/src/cpp_solver/src/updateDistance.cpp:29(occupancyGridCallback)] [topics: /rosout, /edge_distance] Received an OccupancyGrid message!
718.400000000 INFO /updateDistance [/home/wcqw/ac-slam/catkin_ws/src/cpp_solver/src/updateDistance.cpp:30(occupancyGridCallback)] [topics: /rosout, /edge_distance] Width: 710, Height: 733, Size: 520430
718.400000000 INFO /updateDistance [/home/wcqw/ac-slam/catkin_ws/src/cpp_solver/src/updateDistance.cpp:32(occupancyGridCallback)] [topics: /rosout, /edge_distance] Map origin x: -7.415, y: -7.323
718.400000000 INFO /updateDistance [/home/wcqw/ac-slam/catkin_ws/src/cpp_solver/src/updateDistance.cpp:87(occupancyGridCallback)] [topics: /rosout, /edge_distance] Free vertices size: 27
718.400000000 INFO /updateDistance [/home/wcqw/ac-slam/catkin_ws/src/cpp_solver/src/updateDistance.cpp:128(occupancyGridCallback)] [topics: /rosout, /edge_distance] 334 edge distance updated
718.500000000 WARN /RVIZ [/tmp/binarydeb/ros-noetic-tf2-0.7.10/src/buffer_core.cpp:277()] [topics: /rosout, /initialpose, /goal, /clicked_point] TF_REPEATED_DATA ignoring data with redundant timestamp for frame odom (parent offset) at time 718.500000 according to authority unknown_publisher
718.500000000 WARN /RVIZ [/tmp/binarydeb/ros-noetic-tf2-0.7.10/src/buffer_core.cpp:277()] [topics: /rosout, /initialpose, /goal, /clicked_point] TF_REPEATED_DATA ignoring data with redundant timestamp for frame offset (parent map) at time 718.500000 according to authority unknown_publisher
718.800000000 INFO /Navigator [/home/wcqw/ac-slam/catkin_ws/src/cpp_solver/src/MyPlanner.cpp:481(findExplorationTarget)] [topics: /rosout, /cmd, /Navigator/plan, /Navigator/markers, /Navigator/frontiers, /Navigator/frontier_to_vertex, /Navigator/nav_goal, /Navigator/prior_map, /Navigator/visual_tsp_path, /Navigator/tsp_index, /Navigator/path_finder, /Navigator/dist_map, /finished_topic, /request_replan, /Explore/result, /Explore/feedback, /Explore/status, /MoveTo/result, /MoveTo/feedback, /MoveTo/status, /Localize/result, /Localize/feedback, /Localize/status, /GetFirstMap/result, /GetFirstMap/feedback, /GetFirstMap/status] Call local replanning...
718.800000000 INFO /path_planner [path_planner.py:295(PathPlanner.handle_replanning)] [topics: /pose_graph_idx, /rosout, /edge_distance, /clock, /slam_pose_graph] Replanning request. curr_vertex_idx: 21
718.800000000 INFO /path_planner [path_planner.py:296(PathPlanner.handle_replanning)] [topics: /pose_graph_idx, /rosout, /edge_distance, /clock, /slam_pose_graph]                     covered_vertices: ()
718.800000000 INFO /path_planner [path_planner.py:310(PathPlanner.handle_replanning)] [topics: /pose_graph_idx, /rosout, /edge_distance, /clock, /slam_pose_graph] Handle local replanning...
718.800000000 INFO /path_planner [path_planner.py:363(PathPlanner.handle_local_replanning)] [topics: /pose_graph_idx, /rosout, /edge_distance, /clock, /slam_pose_graph] Local path to replan: [25, 31, 32, 26, 27, 33, 34, 28, 22, 21, 38, 37]
718.900000000 INFO /path_planner [path_planner.py:322(PathPlanner.handle_replanning)] [topics: /pose_graph_idx, /rosout, /edge_distance, /clock, /slam_pose_graph] curr path length: 43, is_loop length: 43
718.900000000 INFO /path_planner [path_planner.py:334(PathPlanner.handle_replanning)] [topics: /pose_graph_idx, /rosout, /edge_distance, /clock, /slam_pose_graph] Send new plan: 8 7 6 5 4 3 9 15 16 10 11 35 37 20 19 15(L) 19 23 29 30 24 25  ---> 31 32 26 27 33 34 28 22 21 38 37(L) 38 36 12 13 14 8(L) 14 18 17 21(L) 
718.900000000 INFO /Navigator [/home/wcqw/ac-slam/catkin_ws/src/cpp_solver/src/MyPlanner.cpp:613(findExplorationTarget)] [topics: /rosout, /cmd, /Navigator/plan, /Navigator/markers, /Navigator/frontiers, /Navigator/frontier_to_vertex, /Navigator/nav_goal, /Navigator/prior_map, /Navigator/visual_tsp_path, /Navigator/tsp_index, /Navigator/path_finder, /Navigator/dist_map, /finished_topic, /request_replan, /Explore/result, /Explore/feedback, /Explore/status, /MoveTo/result, /MoveTo/feedback, /MoveTo/status, /Localize/result, /Localize/feedback, /Localize/status, /GetFirstMap/result, /GetFirstMap/feedback, /GetFirstMap/status] Explore Goal 25 's frontiers...
721.400000000 INFO /updateDistance [/home/wcqw/ac-slam/catkin_ws/src/cpp_solver/src/updateDistance.cpp:29(occupancyGridCallback)] [topics: /rosout, /edge_distance] Received an OccupancyGrid message!
721.400000000 INFO /updateDistance [/home/wcqw/ac-slam/catkin_ws/src/cpp_solver/src/updateDistance.cpp:30(occupancyGridCallback)] [topics: /rosout, /edge_distance] Width: 715, Height: 733, Size: 524095
721.400000000 INFO /updateDistance [/home/wcqw/ac-slam/catkin_ws/src/cpp_solver/src/updateDistance.cpp:32(occupancyGridCallback)] [topics: /rosout, /edge_distance] Map origin x: -7.415, y: -7.323
721.400000000 INFO /updateDistance [/home/wcqw/ac-slam/catkin_ws/src/cpp_solver/src/updateDistance.cpp:87(occupancyGridCallback)] [topics: /rosout, /edge_distance] Free vertices size: 27
721.400000000 INFO /updateDistance [/home/wcqw/ac-slam/catkin_ws/src/cpp_solver/src/updateDistance.cpp:128(occupancyGridCallback)] [topics: /rosout, /edge_distance] 334 edge distance updated
721.400000000 INFO /RVIZ [/tmp/binarydeb/ros-noetic-rviz-1.14.26/src/rviz/default_plugin/map_display.cpp:604(MapDisplay::createSwatches)] [topics: /rosout, /initialpose, /goal, /clicked_point] Creating 1 swatches
721.900000000 INFO /Navigator [/home/wcqw/ac-slam/catkin_ws/src/cpp_solver/src/MyPlanner.cpp:481(findExplorationTarget)] [topics: /rosout, /cmd, /Navigator/plan, /Navigator/markers, /Navigator/frontiers, /Navigator/frontier_to_vertex, /Navigator/nav_goal, /Navigator/prior_map, /Navigator/visual_tsp_path, /Navigator/tsp_index, /Navigator/path_finder, /Navigator/dist_map, /finished_topic, /request_replan, /Explore/result, /Explore/feedback, /Explore/status, /MoveTo/result, /MoveTo/feedback, /MoveTo/status, /Localize/result, /Localize/feedback, /Localize/status, /GetFirstMap/result, /GetFirstMap/feedback, /GetFirstMap/status] Call local replanning...
721.900000000 INFO /path_planner [path_planner.py:295(PathPlanner.handle_replanning)] [topics: /pose_graph_idx, /rosout, /edge_distance, /clock, /slam_pose_graph] Replanning request. curr_vertex_idx: 21
721.900000000 INFO /path_planner [path_planner.py:296(PathPlanner.handle_replanning)] [topics: /pose_graph_idx, /rosout, /edge_distance, /clock, /slam_pose_graph]                     covered_vertices: ()
721.900000000 INFO /path_planner [path_planner.py:310(PathPlanner.handle_replanning)] [topics: /pose_graph_idx, /rosout, /edge_distance, /clock, /slam_pose_graph] Handle local replanning...
721.900000000 INFO /path_planner [path_planner.py:363(PathPlanner.handle_local_replanning)] [topics: /pose_graph_idx, /rosout, /edge_distance, /clock, /slam_pose_graph] Local path to replan: [25, 31, 32, 26, 27, 33, 34, 28, 22, 21, 38, 37]
721.900000000 INFO /path_planner [path_planner.py:322(PathPlanner.handle_replanning)] [topics: /pose_graph_idx, /rosout, /edge_distance, /clock, /slam_pose_graph] curr path length: 43, is_loop length: 43
721.900000000 INFO /path_planner [path_planner.py:334(PathPlanner.handle_replanning)] [topics: /pose_graph_idx, /rosout, /edge_distance, /clock, /slam_pose_graph] Send new plan: 8 7 6 5 4 3 9 15 16 10 11 35 37 20 19 15(L) 19 23 29 30 24 25  ---> 31 32 26 27 33 34 28 22 21 38 37(L) 38 36 12 13 14 8(L) 14 18 17 21(L) 
721.900000000 WARN /Navigator [/home/wcqw/ac-slam/catkin_ws/src/cpp_solver/src/MyPlanner.cpp:570(findExplorationTarget)] [topics: /rosout, /cmd, /Navigator/plan, /Navigator/markers, /Navigator/frontiers, /Navigator/frontier_to_vertex, /Navigator/nav_goal, /Navigator/prior_map, /Navigator/visual_tsp_path, /Navigator/tsp_index, /Navigator/path_finder, /Navigator/dist_map, /finished_topic, /request_replan, /Explore/result, /Explore/feedback, /Explore/status, /MoveTo/result, /MoveTo/feedback, /MoveTo/status, /Localize/result, /Localize/feedback, /Localize/status, /GetFirstMap/result, /GetFirstMap/feedback, /GetFirstMap/status] No frontier at vertex 25. #Frontier: 0
721.900000000 INFO /Navigator [/home/wcqw/ac-slam/catkin_ws/src/cpp_solver/src/MyPlanner.cpp:310(getUsefulGoalIndex)] [topics: /rosout, /cmd, /Navigator/plan, /Navigator/markers, /Navigator/frontiers, /Navigator/frontier_to_vertex, /Navigator/nav_goal, /Navigator/prior_map, /Navigator/visual_tsp_path, /Navigator/tsp_index, /Navigator/path_finder, /Navigator/dist_map, /finished_topic, /request_replan, /Explore/result, /Explore/feedback, /Explore/status, /MoveTo/result, /MoveTo/feedback, /MoveTo/status, /Localize/result, /Localize/feedback, /Localize/status, /GetFirstMap/result, /GetFirstMap/feedback, /GetFirstMap/status] Set newGoal 31
727.300000000 INFO /updateDistance [/home/wcqw/ac-slam/catkin_ws/src/cpp_solver/src/updateDistance.cpp:29(occupancyGridCallback)] [topics: /rosout, /edge_distance] Received an OccupancyGrid message!
727.300000000 INFO /updateDistance [/home/wcqw/ac-slam/catkin_ws/src/cpp_solver/src/updateDistance.cpp:30(occupancyGridCallback)] [topics: /rosout, /edge_distance] Width: 716, Height: 733, Size: 524828
727.300000000 INFO /updateDistance [/home/wcqw/ac-slam/catkin_ws/src/cpp_solver/src/updateDistance.cpp:32(occupancyGridCallback)] [topics: /rosout, /edge_distance] Map origin x: -7.415, y: -7.323
727.400000000 INFO /updateDistance [/home/wcqw/ac-slam/catkin_ws/src/cpp_solver/src/updateDistance.cpp:87(occupancyGridCallback)] [topics: /rosout, /edge_distance] Free vertices size: 27
727.400000000 INFO /updateDistance [/home/wcqw/ac-slam/catkin_ws/src/cpp_solver/src/updateDistance.cpp:128(occupancyGridCallback)] [topics: /rosout, /edge_distance] 334 edge distance updated
727.400000000 INFO /RVIZ [/tmp/binarydeb/ros-noetic-rviz-1.14.26/src/rviz/default_plugin/map_display.cpp:604(MapDisplay::createSwatches)] [topics: /rosout, /initialpose, /goal, /clicked_point] Creating 1 swatches
728.000000000 INFO /Navigator [/home/wcqw/ac-slam/catkin_ws/src/cpp_solver/src/MyPlanner.cpp:481(findExplorationTarget)] [topics: /rosout, /cmd, /Navigator/plan, /Navigator/markers, /Navigator/frontiers, /Navigator/frontier_to_vertex, /Navigator/nav_goal, /Navigator/prior_map, /Navigator/visual_tsp_path, /Navigator/tsp_index, /Navigator/path_finder, /Navigator/dist_map, /finished_topic, /request_replan, /Explore/result, /Explore/feedback, /Explore/status, /MoveTo/result, /MoveTo/feedback, /MoveTo/status, /Localize/result, /Localize/feedback, /Localize/status, /GetFirstMap/result, /GetFirstMap/feedback, /GetFirstMap/status] Call local replanning...
728.000000000 INFO /path_planner [path_planner.py:295(PathPlanner.handle_replanning)] [topics: /pose_graph_idx, /rosout, /edge_distance, /clock, /slam_pose_graph] Replanning request. curr_vertex_idx: 22
728.000000000 INFO /path_planner [path_planner.py:296(PathPlanner.handle_replanning)] [topics: /pose_graph_idx, /rosout, /edge_distance, /clock, /slam_pose_graph]                     covered_vertices: ()
728.000000000 INFO /path_planner [path_planner.py:310(PathPlanner.handle_replanning)] [topics: /pose_graph_idx, /rosout, /edge_distance, /clock, /slam_pose_graph] Handle local replanning...
728.000000000 INFO /path_planner [path_planner.py:363(PathPlanner.handle_local_replanning)] [topics: /pose_graph_idx, /rosout, /edge_distance, /clock, /slam_pose_graph] Local path to replan: [31, 32, 26, 27, 33, 34, 28, 22, 21, 38, 37]
728.000000000 INFO /path_planner [path_planner.py:322(PathPlanner.handle_replanning)] [topics: /pose_graph_idx, /rosout, /edge_distance, /clock, /slam_pose_graph] curr path length: 43, is_loop length: 43
728.000000000 INFO /path_planner [path_planner.py:334(PathPlanner.handle_replanning)] [topics: /pose_graph_idx, /rosout, /edge_distance, /clock, /slam_pose_graph] Send new plan: 8 7 6 5 4 3 9 15 16 10 11 35 37 20 19 15(L) 19 23 29 30 24 25 31  ---> 32 26 27 33 34 28 22 21 38 37(L) 38 36 12 13 14 8(L) 14 18 17 21(L) 
733.400000000 INFO /updateDistance [/home/wcqw/ac-slam/catkin_ws/src/cpp_solver/src/updateDistance.cpp:29(occupancyGridCallback)] [topics: /rosout, /edge_distance] Received an OccupancyGrid message!
733.400000000 INFO /updateDistance [/home/wcqw/ac-slam/catkin_ws/src/cpp_solver/src/updateDistance.cpp:30(occupancyGridCallback)] [topics: /rosout, /edge_distance] Width: 716, Height: 733, Size: 524828
733.400000000 INFO /updateDistance [/home/wcqw/ac-slam/catkin_ws/src/cpp_solver/src/updateDistance.cpp:32(occupancyGridCallback)] [topics: /rosout, /edge_distance] Map origin x: -7.415, y: -7.323
733.400000000 WARN /RVIZ [/tmp/binarydeb/ros-noetic-tf2-0.7.10/src/buffer_core.cpp:277()] [topics: /rosout, /initialpose, /goal, /clicked_point] TF_REPEATED_DATA ignoring data with redundant timestamp for frame odom (parent offset) at time 733.400000 according to authority unknown_publisher
733.400000000 WARN /RVIZ [/tmp/binarydeb/ros-noetic-tf2-0.7.10/src/buffer_core.cpp:277()] [topics: /rosout, /initialpose, /goal, /clicked_point] TF_REPEATED_DATA ignoring data with redundant timestamp for frame offset (parent map) at time 733.400000 according to authority unknown_publisher
733.400000000 INFO /path_planner [path_planner.py:638(PathPlanner.handle_pose_graph)] [topics: /pose_graph_idx, /rosout, /edge_distance, /clock, /slam_pose_graph] Really visited vertices: 8 7 6 5 4 3 9 15 16 35 11 35 37 20 19 15 19 23 29 30 31 25 
733.400000000 INFO /updateDistance [/home/wcqw/ac-slam/catkin_ws/src/cpp_solver/src/updateDistance.cpp:87(occupancyGridCallback)] [topics: /rosout, /edge_distance] Free vertices size: 27
733.400000000 INFO /updateDistance [/home/wcqw/ac-slam/catkin_ws/src/cpp_solver/src/updateDistance.cpp:128(occupancyGridCallback)] [topics: /rosout, /edge_distance] 334 edge distance updated
733.400000000 INFO /updateDistance [/home/wcqw/ac-slam/catkin_ws/src/cpp_solver/src/updateDistance.cpp:29(occupancyGridCallback)] [topics: /rosout, /edge_distance] Received an OccupancyGrid message!
733.400000000 INFO /updateDistance [/home/wcqw/ac-slam/catkin_ws/src/cpp_solver/src/updateDistance.cpp:30(occupancyGridCallback)] [topics: /rosout, /edge_distance] Width: 716, Height: 733, Size: 524828
733.400000000 INFO /updateDistance [/home/wcqw/ac-slam/catkin_ws/src/cpp_solver/src/updateDistance.cpp:32(occupancyGridCallback)] [topics: /rosout, /edge_distance] Map origin x: -7.415, y: -7.323
733.400000000 INFO /updateDistance [/home/wcqw/ac-slam/catkin_ws/src/cpp_solver/src/updateDistance.cpp:87(occupancyGridCallback)] [topics: /rosout, /edge_distance] Free vertices size: 27
733.400000000 INFO /updateDistance [/home/wcqw/ac-slam/catkin_ws/src/cpp_solver/src/updateDistance.cpp:128(occupancyGridCallback)] [topics: /rosout, /edge_distance] 334 edge distance updated
733.800000000 INFO /Navigator [/home/wcqw/ac-slam/catkin_ws/src/cpp_solver/src/MyPlanner.cpp:481(findExplorationTarget)] [topics: /rosout, /cmd, /Navigator/plan, /Navigator/markers, /Navigator/frontiers, /Navigator/frontier_to_vertex, /Navigator/nav_goal, /Navigator/prior_map, /Navigator/visual_tsp_path, /Navigator/tsp_index, /Navigator/path_finder, /Navigator/dist_map, /finished_topic, /request_replan, /Explore/result, /Explore/feedback, /Explore/status, /MoveTo/result, /MoveTo/feedback, /MoveTo/status, /Localize/result, /Localize/feedback, /Localize/status, /GetFirstMap/result, /GetFirstMap/feedback, /GetFirstMap/status] Call local replanning...
733.800000000 INFO /path_planner [path_planner.py:295(PathPlanner.handle_replanning)] [topics: /pose_graph_idx, /rosout, /edge_distance, /clock, /slam_pose_graph] Replanning request. curr_vertex_idx: 22
733.800000000 INFO /path_planner [path_planner.py:296(PathPlanner.handle_replanning)] [topics: /pose_graph_idx, /rosout, /edge_distance, /clock, /slam_pose_graph]                     covered_vertices: ()
733.800000000 INFO /path_planner [path_planner.py:310(PathPlanner.handle_replanning)] [topics: /pose_graph_idx, /rosout, /edge_distance, /clock, /slam_pose_graph] Handle local replanning...
733.800000000 INFO /path_planner [path_planner.py:363(PathPlanner.handle_local_replanning)] [topics: /pose_graph_idx, /rosout, /edge_distance, /clock, /slam_pose_graph] Local path to replan: [31, 32, 26, 27, 33, 34, 28, 22, 21, 38, 37]
733.800000000 INFO /path_planner [path_planner.py:322(PathPlanner.handle_replanning)] [topics: /pose_graph_idx, /rosout, /edge_distance, /clock, /slam_pose_graph] curr path length: 43, is_loop length: 43
733.800000000 INFO /path_planner [path_planner.py:334(PathPlanner.handle_replanning)] [topics: /pose_graph_idx, /rosout, /edge_distance, /clock, /slam_pose_graph] Send new plan: 8 7 6 5 4 3 9 15 16 10 11 35 37 20 19 15(L) 19 23 29 30 24 25 31  ---> 32 26 27 33 34 28 22 21 38 37(L) 38 36 12 13 14 8(L) 14 18 17 21(L) 
738.300000000 INFO /updateDistance [/home/wcqw/ac-slam/catkin_ws/src/cpp_solver/src/updateDistance.cpp:29(occupancyGridCallback)] [topics: /rosout, /edge_distance] Received an OccupancyGrid message!
738.300000000 INFO /updateDistance [/home/wcqw/ac-slam/catkin_ws/src/cpp_solver/src/updateDistance.cpp:30(occupancyGridCallback)] [topics: /rosout, /edge_distance] Width: 716, Height: 733, Size: 524828
738.300000000 INFO /updateDistance [/home/wcqw/ac-slam/catkin_ws/src/cpp_solver/src/updateDistance.cpp:32(occupancyGridCallback)] [topics: /rosout, /edge_distance] Map origin x: -7.415, y: -7.323
738.300000000 INFO /updateDistance [/home/wcqw/ac-slam/catkin_ws/src/cpp_solver/src/updateDistance.cpp:87(occupancyGridCallback)] [topics: /rosout, /edge_distance] Free vertices size: 28
738.400000000 INFO /updateDistance [/home/wcqw/ac-slam/catkin_ws/src/cpp_solver/src/updateDistance.cpp:128(occupancyGridCallback)] [topics: /rosout, /edge_distance] 335 edge distance updated
738.800000000 INFO /Navigator [/home/wcqw/ac-slam/catkin_ws/src/cpp_solver/src/MyPlanner.cpp:481(findExplorationTarget)] [topics: /rosout, /cmd, /Navigator/plan, /Navigator/markers, /Navigator/frontiers, /Navigator/frontier_to_vertex, /Navigator/nav_goal, /Navigator/prior_map, /Navigator/visual_tsp_path, /Navigator/tsp_index, /Navigator/path_finder, /Navigator/dist_map, /finished_topic, /request_replan, /Explore/result, /Explore/feedback, /Explore/status, /MoveTo/result, /MoveTo/feedback, /MoveTo/status, /Localize/result, /Localize/feedback, /Localize/status, /GetFirstMap/result, /GetFirstMap/feedback, /GetFirstMap/status] Call local replanning...
738.800000000 INFO /path_planner [path_planner.py:295(PathPlanner.handle_replanning)] [topics: /pose_graph_idx, /rosout, /edge_distance, /clock, /slam_pose_graph] Replanning request. curr_vertex_idx: 22
738.800000000 INFO /path_planner [path_planner.py:296(PathPlanner.handle_replanning)] [topics: /pose_graph_idx, /rosout, /edge_distance, /clock, /slam_pose_graph]                     covered_vertices: ()
738.800000000 INFO /path_planner [path_planner.py:310(PathPlanner.handle_replanning)] [topics: /pose_graph_idx, /rosout, /edge_distance, /clock, /slam_pose_graph] Handle local replanning...
738.800000000 INFO /path_planner [path_planner.py:363(PathPlanner.handle_local_replanning)] [topics: /pose_graph_idx, /rosout, /edge_distance, /clock, /slam_pose_graph] Local path to replan: [31, 32, 26, 27, 33, 34, 28, 22, 21, 38, 37]
738.900000000 INFO /path_planner [path_planner.py:322(PathPlanner.handle_replanning)] [topics: /pose_graph_idx, /rosout, /edge_distance, /clock, /slam_pose_graph] curr path length: 43, is_loop length: 43
738.900000000 INFO /path_planner [path_planner.py:334(PathPlanner.handle_replanning)] [topics: /pose_graph_idx, /rosout, /edge_distance, /clock, /slam_pose_graph] Send new plan: 8 7 6 5 4 3 9 15 16 10 11 35 37 20 19 15(L) 19 23 29 30 24 25 31  ---> 32 26 27 33 34 28 22 21 38 37(L) 38 36 12 13 14 8(L) 14 18 17 21(L) 
738.900000000 INFO /Navigator [/home/wcqw/ac-slam/catkin_ws/src/cpp_solver/src/MyPlanner.cpp:509(findExplorationTarget)] [topics: /rosout, /cmd, /Navigator/plan, /Navigator/markers, /Navigator/frontiers, /Navigator/frontier_to_vertex, /Navigator/nav_goal, /Navigator/prior_map, /Navigator/visual_tsp_path, /Navigator/tsp_index, /Navigator/path_finder, /Navigator/dist_map, /finished_topic, /request_replan, /Explore/result, /Explore/feedback, /Explore/status, /MoveTo/result, /MoveTo/feedback, /MoveTo/status, /Localize/result, /Localize/feedback, /Localize/status, /GetFirstMap/result, /GetFirstMap/feedback, /GetFirstMap/status] Reach vertex 31
738.900000000 INFO /Navigator [/home/wcqw/ac-slam/catkin_ws/src/cpp_solver/src/MyPlanner.cpp:613(findExplorationTarget)] [topics: /rosout, /cmd, /Navigator/plan, /Navigator/markers, /Navigator/frontiers, /Navigator/frontier_to_vertex, /Navigator/nav_goal, /Navigator/prior_map, /Navigator/visual_tsp_path, /Navigator/tsp_index, /Navigator/path_finder, /Navigator/dist_map, /finished_topic, /request_replan, /Explore/result, /Explore/feedback, /Explore/status, /MoveTo/result, /MoveTo/feedback, /MoveTo/status, /Localize/result, /Localize/feedback, /Localize/status, /GetFirstMap/result, /GetFirstMap/feedback, /GetFirstMap/status] Explore Goal 31 's frontiers...
743.700000000 INFO /updateDistance [/home/wcqw/ac-slam/catkin_ws/src/cpp_solver/src/updateDistance.cpp:29(occupancyGridCallback)] [topics: /rosout, /edge_distance] Received an OccupancyGrid message!
743.700000000 INFO /updateDistance [/home/wcqw/ac-slam/catkin_ws/src/cpp_solver/src/updateDistance.cpp:30(occupancyGridCallback)] [topics: /rosout, /edge_distance] Width: 716, Height: 733, Size: 524828
743.700000000 INFO /updateDistance [/home/wcqw/ac-slam/catkin_ws/src/cpp_solver/src/updateDistance.cpp:32(occupancyGridCallback)] [topics: /rosout, /edge_distance] Map origin x: -7.415, y: -7.323
743.700000000 INFO /path_planner [path_planner.py:638(PathPlanner.handle_pose_graph)] [topics: /pose_graph_idx, /rosout, /edge_distance, /clock, /slam_pose_graph] Really visited vertices: 8 7 6 5 4 3 9 15 16 35 11 35 37 20 19 15 19 23 29 30 31 25 31 
743.700000000 INFO /updateDistance [/home/wcqw/ac-slam/catkin_ws/src/cpp_solver/src/updateDistance.cpp:87(occupancyGridCallback)] [topics: /rosout, /edge_distance] Free vertices size: 28
743.900000000 INFO /updateDistance [/home/wcqw/ac-slam/catkin_ws/src/cpp_solver/src/updateDistance.cpp:128(occupancyGridCallback)] [topics: /rosout, /edge_distance] 359 edge distance updated
744.300000000 INFO /updateDistance [/home/wcqw/ac-slam/catkin_ws/src/cpp_solver/src/updateDistance.cpp:29(occupancyGridCallback)] [topics: /rosout, /edge_distance] Received an OccupancyGrid message!
744.300000000 INFO /updateDistance [/home/wcqw/ac-slam/catkin_ws/src/cpp_solver/src/updateDistance.cpp:30(occupancyGridCallback)] [topics: /rosout, /edge_distance] Width: 716, Height: 733, Size: 524828
744.300000000 INFO /updateDistance [/home/wcqw/ac-slam/catkin_ws/src/cpp_solver/src/updateDistance.cpp:32(occupancyGridCallback)] [topics: /rosout, /edge_distance] Map origin x: -7.415, y: -7.323
744.300000000 INFO /updateDistance [/home/wcqw/ac-slam/catkin_ws/src/cpp_solver/src/updateDistance.cpp:87(occupancyGridCallback)] [topics: /rosout, /edge_distance] Free vertices size: 28
744.300000000 INFO /updateDistance [/home/wcqw/ac-slam/catkin_ws/src/cpp_solver/src/updateDistance.cpp:128(occupancyGridCallback)] [topics: /rosout, /edge_distance] 359 edge distance updated
744.700000000 INFO /Navigator [/home/wcqw/ac-slam/catkin_ws/src/cpp_solver/src/MyPlanner.cpp:481(findExplorationTarget)] [topics: /rosout, /cmd, /Navigator/plan, /Navigator/markers, /Navigator/frontiers, /Navigator/frontier_to_vertex, /Navigator/nav_goal, /Navigator/prior_map, /Navigator/visual_tsp_path, /Navigator/tsp_index, /Navigator/path_finder, /Navigator/dist_map, /finished_topic, /request_replan, /Explore/result, /Explore/feedback, /Explore/status, /MoveTo/result, /MoveTo/feedback, /MoveTo/status, /Localize/result, /Localize/feedback, /Localize/status, /GetFirstMap/result, /GetFirstMap/feedback, /GetFirstMap/status] Call local replanning...
744.700000000 INFO /path_planner [path_planner.py:295(PathPlanner.handle_replanning)] [topics: /pose_graph_idx, /rosout, /edge_distance, /clock, /slam_pose_graph] Replanning request. curr_vertex_idx: 22
744.700000000 INFO /path_planner [path_planner.py:296(PathPlanner.handle_replanning)] [topics: /pose_graph_idx, /rosout, /edge_distance, /clock, /slam_pose_graph]                     covered_vertices: ()
744.700000000 INFO /path_planner [path_planner.py:310(PathPlanner.handle_replanning)] [topics: /pose_graph_idx, /rosout, /edge_distance, /clock, /slam_pose_graph] Handle local replanning...
744.700000000 INFO /path_planner [path_planner.py:363(PathPlanner.handle_local_replanning)] [topics: /pose_graph_idx, /rosout, /edge_distance, /clock, /slam_pose_graph] Local path to replan: [31, 32, 26, 27, 33, 34, 28, 22, 21, 38, 37]
744.700000000 INFO /path_planner [path_planner.py:322(PathPlanner.handle_replanning)] [topics: /pose_graph_idx, /rosout, /edge_distance, /clock, /slam_pose_graph] curr path length: 43, is_loop length: 43
744.700000000 INFO /path_planner [path_planner.py:334(PathPlanner.handle_replanning)] [topics: /pose_graph_idx, /rosout, /edge_distance, /clock, /slam_pose_graph] Send new plan: 8 7 6 5 4 3 9 15 16 10 11 35 37 20 19 15(L) 19 23 29 30 24 25 31  ---> 32 26 27 33 34 28 22 21 38 37(L) 38 36 12 13 14 8(L) 14 18 17 21(L) 
744.700000000 INFO /Navigator [/home/wcqw/ac-slam/catkin_ws/src/cpp_solver/src/MyPlanner.cpp:613(findExplorationTarget)] [topics: /rosout, /cmd, /Navigator/plan, /Navigator/markers, /Navigator/frontiers, /Navigator/frontier_to_vertex, /Navigator/nav_goal, /Navigator/prior_map, /Navigator/visual_tsp_path, /Navigator/tsp_index, /Navigator/path_finder, /Navigator/dist_map, /finished_topic, /request_replan, /Explore/result, /Explore/feedback, /Explore/status, /MoveTo/result, /MoveTo/feedback, /MoveTo/status, /Localize/result, /Localize/feedback, /Localize/status, /GetFirstMap/result, /GetFirstMap/feedback, /GetFirstMap/status] Explore Goal 31 's frontiers...
749.400000000 INFO /updateDistance [/home/wcqw/ac-slam/catkin_ws/src/cpp_solver/src/updateDistance.cpp:29(occupancyGridCallback)] [topics: /rosout, /edge_distance] Received an OccupancyGrid message!
749.400000000 INFO /updateDistance [/home/wcqw/ac-slam/catkin_ws/src/cpp_solver/src/updateDistance.cpp:30(occupancyGridCallback)] [topics: /rosout, /edge_distance] Width: 716, Height: 733, Size: 524828
749.400000000 INFO /updateDistance [/home/wcqw/ac-slam/catkin_ws/src/cpp_solver/src/updateDistance.cpp:32(occupancyGridCallback)] [topics: /rosout, /edge_distance] Map origin x: -7.415, y: -7.323
749.400000000 INFO /path_planner [path_planner.py:638(PathPlanner.handle_pose_graph)] [topics: /pose_graph_idx, /rosout, /edge_distance, /clock, /slam_pose_graph] Really visited vertices: 8 7 6 5 4 3 9 15 16 35 11 35 37 20 19 15 19 23 29 30 31 25 31 
749.400000000 INFO /updateDistance [/home/wcqw/ac-slam/catkin_ws/src/cpp_solver/src/updateDistance.cpp:87(occupancyGridCallback)] [topics: /rosout, /edge_distance] Free vertices size: 27
749.400000000 INFO /updateDistance [/home/wcqw/ac-slam/catkin_ws/src/cpp_solver/src/updateDistance.cpp:128(occupancyGridCallback)] [topics: /rosout, /edge_distance] 359 edge distance updated
750.300000000 INFO /updateDistance [/home/wcqw/ac-slam/catkin_ws/src/cpp_solver/src/updateDistance.cpp:29(occupancyGridCallback)] [topics: /rosout, /edge_distance] Received an OccupancyGrid message!
750.300000000 INFO /updateDistance [/home/wcqw/ac-slam/catkin_ws/src/cpp_solver/src/updateDistance.cpp:30(occupancyGridCallback)] [topics: /rosout, /edge_distance] Width: 716, Height: 733, Size: 524828
750.300000000 INFO /updateDistance [/home/wcqw/ac-slam/catkin_ws/src/cpp_solver/src/updateDistance.cpp:32(occupancyGridCallback)] [topics: /rosout, /edge_distance] Map origin x: -7.415, y: -7.323
750.300000000 INFO /updateDistance [/home/wcqw/ac-slam/catkin_ws/src/cpp_solver/src/updateDistance.cpp:87(occupancyGridCallback)] [topics: /rosout, /edge_distance] Free vertices size: 27
750.300000000 INFO /updateDistance [/home/wcqw/ac-slam/catkin_ws/src/cpp_solver/src/updateDistance.cpp:128(occupancyGridCallback)] [topics: /rosout, /edge_distance] 359 edge distance updated
750.900000000 INFO /Navigator [/home/wcqw/ac-slam/catkin_ws/src/cpp_solver/src/MyPlanner.cpp:481(findExplorationTarget)] [topics: /rosout, /cmd, /Navigator/plan, /Navigator/markers, /Navigator/frontiers, /Navigator/frontier_to_vertex, /Navigator/nav_goal, /Navigator/prior_map, /Navigator/visual_tsp_path, /Navigator/tsp_index, /Navigator/path_finder, /Navigator/dist_map, /finished_topic, /request_replan, /Explore/result, /Explore/feedback, /Explore/status, /MoveTo/result, /MoveTo/feedback, /MoveTo/status, /Localize/result, /Localize/feedback, /Localize/status, /GetFirstMap/result, /GetFirstMap/feedback, /GetFirstMap/status] Call local replanning...
750.900000000 INFO /path_planner [path_planner.py:295(PathPlanner.handle_replanning)] [topics: /pose_graph_idx, /rosout, /edge_distance, /clock, /slam_pose_graph] Replanning request. curr_vertex_idx: 22
750.900000000 INFO /path_planner [path_planner.py:296(PathPlanner.handle_replanning)] [topics: /pose_graph_idx, /rosout, /edge_distance, /clock, /slam_pose_graph]                     covered_vertices: ()
750.900000000 INFO /path_planner [path_planner.py:310(PathPlanner.handle_replanning)] [topics: /pose_graph_idx, /rosout, /edge_distance, /clock, /slam_pose_graph] Handle local replanning...
750.900000000 INFO /path_planner [path_planner.py:363(PathPlanner.handle_local_replanning)] [topics: /pose_graph_idx, /rosout, /edge_distance, /clock, /slam_pose_graph] Local path to replan: [31, 32, 26, 27, 33, 34, 28, 22, 21, 38, 37]
750.900000000 INFO /path_planner [path_planner.py:322(PathPlanner.handle_replanning)] [topics: /pose_graph_idx, /rosout, /edge_distance, /clock, /slam_pose_graph] curr path length: 43, is_loop length: 43
750.900000000 INFO /path_planner [path_planner.py:334(PathPlanner.handle_replanning)] [topics: /pose_graph_idx, /rosout, /edge_distance, /clock, /slam_pose_graph] Send new plan: 8 7 6 5 4 3 9 15 16 10 11 35 37 20 19 15(L) 19 23 29 30 24 25 31  ---> 32 26 27 33 34 28 22 21 38 37(L) 38 36 12 13 14 8(L) 14 18 17 21(L) 
750.900000000 INFO /Navigator [/home/wcqw/ac-slam/catkin_ws/src/cpp_solver/src/MyPlanner.cpp:613(findExplorationTarget)] [topics: /rosout, /cmd, /Navigator/plan, /Navigator/markers, /Navigator/frontiers, /Navigator/frontier_to_vertex, /Navigator/nav_goal, /Navigator/prior_map, /Navigator/visual_tsp_path, /Navigator/tsp_index, /Navigator/path_finder, /Navigator/dist_map, /finished_topic, /request_replan, /Explore/result, /Explore/feedback, /Explore/status, /MoveTo/result, /MoveTo/feedback, /MoveTo/status, /Localize/result, /Localize/feedback, /Localize/status, /GetFirstMap/result, /GetFirstMap/feedback, /GetFirstMap/status] Explore Goal 31 's frontiers...
756.400000000 INFO /updateDistance [/home/wcqw/ac-slam/catkin_ws/src/cpp_solver/src/updateDistance.cpp:29(occupancyGridCallback)] [topics: /rosout, /edge_distance] Received an OccupancyGrid message!
756.400000000 INFO /updateDistance [/home/wcqw/ac-slam/catkin_ws/src/cpp_solver/src/updateDistance.cpp:30(occupancyGridCallback)] [topics: /rosout, /edge_distance] Width: 716, Height: 733, Size: 524828
756.400000000 INFO /updateDistance [/home/wcqw/ac-slam/catkin_ws/src/cpp_solver/src/updateDistance.cpp:32(occupancyGridCallback)] [topics: /rosout, /edge_distance] Map origin x: -7.415, y: -7.323
756.400000000 INFO /updateDistance [/home/wcqw/ac-slam/catkin_ws/src/cpp_solver/src/updateDistance.cpp:87(occupancyGridCallback)] [topics: /rosout, /edge_distance] Free vertices size: 28
756.400000000 INFO /updateDistance [/home/wcqw/ac-slam/catkin_ws/src/cpp_solver/src/updateDistance.cpp:128(occupancyGridCallback)] [topics: /rosout, /edge_distance] 359 edge distance updated
756.800000000 INFO /Navigator [/home/wcqw/ac-slam/catkin_ws/src/cpp_solver/src/MyPlanner.cpp:481(findExplorationTarget)] [topics: /rosout, /cmd, /Navigator/plan, /Navigator/markers, /Navigator/frontiers, /Navigator/frontier_to_vertex, /Navigator/nav_goal, /Navigator/prior_map, /Navigator/visual_tsp_path, /Navigator/tsp_index, /Navigator/path_finder, /Navigator/dist_map, /finished_topic, /request_replan, /Explore/result, /Explore/feedback, /Explore/status, /MoveTo/result, /MoveTo/feedback, /MoveTo/status, /Localize/result, /Localize/feedback, /Localize/status, /GetFirstMap/result, /GetFirstMap/feedback, /GetFirstMap/status] Call local replanning...
756.800000000 INFO /path_planner [path_planner.py:295(PathPlanner.handle_replanning)] [topics: /pose_graph_idx, /rosout, /edge_distance, /clock, /slam_pose_graph] Replanning request. curr_vertex_idx: 22
756.800000000 INFO /path_planner [path_planner.py:296(PathPlanner.handle_replanning)] [topics: /pose_graph_idx, /rosout, /edge_distance, /clock, /slam_pose_graph]                     covered_vertices: ()
756.800000000 INFO /path_planner [path_planner.py:310(PathPlanner.handle_replanning)] [topics: /pose_graph_idx, /rosout, /edge_distance, /clock, /slam_pose_graph] Handle local replanning...
756.800000000 INFO /path_planner [path_planner.py:363(PathPlanner.handle_local_replanning)] [topics: /pose_graph_idx, /rosout, /edge_distance, /clock, /slam_pose_graph] Local path to replan: [31, 32, 26, 27, 33, 34, 28, 22, 21, 38, 37]
756.800000000 INFO /path_planner [path_planner.py:322(PathPlanner.handle_replanning)] [topics: /pose_graph_idx, /rosout, /edge_distance, /clock, /slam_pose_graph] curr path length: 43, is_loop length: 43
756.800000000 INFO /path_planner [path_planner.py:334(PathPlanner.handle_replanning)] [topics: /pose_graph_idx, /rosout, /edge_distance, /clock, /slam_pose_graph] Send new plan: 8 7 6 5 4 3 9 15 16 10 11 35 37 20 19 15(L) 19 23 29 30 24 25 31  ---> 32 26 27 33 34 28 22 21 38 37(L) 38 36 12 13 14 8(L) 14 18 17 21(L) 
756.800000000 INFO /Navigator [/home/wcqw/ac-slam/catkin_ws/src/cpp_solver/src/MyPlanner.cpp:613(findExplorationTarget)] [topics: /rosout, /cmd, /Navigator/plan, /Navigator/markers, /Navigator/frontiers, /Navigator/frontier_to_vertex, /Navigator/nav_goal, /Navigator/prior_map, /Navigator/visual_tsp_path, /Navigator/tsp_index, /Navigator/path_finder, /Navigator/dist_map, /finished_topic, /request_replan, /Explore/result, /Explore/feedback, /Explore/status, /MoveTo/result, /MoveTo/feedback, /MoveTo/status, /Localize/result, /Localize/feedback, /Localize/status, /GetFirstMap/result, /GetFirstMap/feedback, /GetFirstMap/status] Explore Goal 31 's frontiers...
762.300000000 INFO /updateDistance [/home/wcqw/ac-slam/catkin_ws/src/cpp_solver/src/updateDistance.cpp:29(occupancyGridCallback)] [topics: /rosout, /edge_distance] Received an OccupancyGrid message!
762.300000000 INFO /updateDistance [/home/wcqw/ac-slam/catkin_ws/src/cpp_solver/src/updateDistance.cpp:30(occupancyGridCallback)] [topics: /rosout, /edge_distance] Width: 716, Height: 733, Size: 524828
762.300000000 INFO /updateDistance [/home/wcqw/ac-slam/catkin_ws/src/cpp_solver/src/updateDistance.cpp:32(occupancyGridCallback)] [topics: /rosout, /edge_distance] Map origin x: -7.415, y: -7.323
762.400000000 INFO /updateDistance [/home/wcqw/ac-slam/catkin_ws/src/cpp_solver/src/updateDistance.cpp:87(occupancyGridCallback)] [topics: /rosout, /edge_distance] Free vertices size: 28
762.400000000 INFO /updateDistance [/home/wcqw/ac-slam/catkin_ws/src/cpp_solver/src/updateDistance.cpp:128(occupancyGridCallback)] [topics: /rosout, /edge_distance] 360 edge distance updated
762.800000000 INFO /Navigator [/home/wcqw/ac-slam/catkin_ws/src/cpp_solver/src/MyPlanner.cpp:481(findExplorationTarget)] [topics: /rosout, /cmd, /Navigator/plan, /Navigator/markers, /Navigator/frontiers, /Navigator/frontier_to_vertex, /Navigator/nav_goal, /Navigator/prior_map, /Navigator/visual_tsp_path, /Navigator/tsp_index, /Navigator/path_finder, /Navigator/dist_map, /finished_topic, /request_replan, /Explore/result, /Explore/feedback, /Explore/status, /MoveTo/result, /MoveTo/feedback, /MoveTo/status, /Localize/result, /Localize/feedback, /Localize/status, /GetFirstMap/result, /GetFirstMap/feedback, /GetFirstMap/status] Call local replanning...
762.800000000 INFO /path_planner [path_planner.py:295(PathPlanner.handle_replanning)] [topics: /pose_graph_idx, /rosout, /edge_distance, /clock, /slam_pose_graph] Replanning request. curr_vertex_idx: 22
762.800000000 INFO /path_planner [path_planner.py:296(PathPlanner.handle_replanning)] [topics: /pose_graph_idx, /rosout, /edge_distance, /clock, /slam_pose_graph]                     covered_vertices: ()
762.800000000 INFO /path_planner [path_planner.py:310(PathPlanner.handle_replanning)] [topics: /pose_graph_idx, /rosout, /edge_distance, /clock, /slam_pose_graph] Handle local replanning...
762.800000000 INFO /path_planner [path_planner.py:363(PathPlanner.handle_local_replanning)] [topics: /pose_graph_idx, /rosout, /edge_distance, /clock, /slam_pose_graph] Local path to replan: [31, 32, 26, 27, 33, 34, 28, 22, 21, 38, 37]
762.800000000 INFO /path_planner [path_planner.py:322(PathPlanner.handle_replanning)] [topics: /pose_graph_idx, /rosout, /edge_distance, /clock, /slam_pose_graph] curr path length: 43, is_loop length: 43
762.800000000 INFO /path_planner [path_planner.py:334(PathPlanner.handle_replanning)] [topics: /pose_graph_idx, /rosout, /edge_distance, /clock, /slam_pose_graph] Send new plan: 8 7 6 5 4 3 9 15 16 10 11 35 37 20 19 15(L) 19 23 29 30 24 25 31  ---> 32 26 27 33 34 28 22 21 38 37(L) 38 36 12 13 14 8(L) 14 18 17 21(L) 
762.800000000 INFO /Navigator [/home/wcqw/ac-slam/catkin_ws/src/cpp_solver/src/MyPlanner.cpp:613(findExplorationTarget)] [topics: /rosout, /cmd, /Navigator/plan, /Navigator/markers, /Navigator/frontiers, /Navigator/frontier_to_vertex, /Navigator/nav_goal, /Navigator/prior_map, /Navigator/visual_tsp_path, /Navigator/tsp_index, /Navigator/path_finder, /Navigator/dist_map, /finished_topic, /request_replan, /Explore/result, /Explore/feedback, /Explore/status, /MoveTo/result, /MoveTo/feedback, /MoveTo/status, /Localize/result, /Localize/feedback, /Localize/status, /GetFirstMap/result, /GetFirstMap/feedback, /GetFirstMap/status] Explore Goal 31 's frontiers...
765.400000000 INFO /updateDistance [/home/wcqw/ac-slam/catkin_ws/src/cpp_solver/src/updateDistance.cpp:29(occupancyGridCallback)] [topics: /rosout, /edge_distance] Received an OccupancyGrid message!
765.400000000 INFO /updateDistance [/home/wcqw/ac-slam/catkin_ws/src/cpp_solver/src/updateDistance.cpp:30(occupancyGridCallback)] [topics: /rosout, /edge_distance] Width: 716, Height: 733, Size: 524828
765.400000000 INFO /updateDistance [/home/wcqw/ac-slam/catkin_ws/src/cpp_solver/src/updateDistance.cpp:32(occupancyGridCallback)] [topics: /rosout, /edge_distance] Map origin x: -7.415, y: -7.323
765.500000000 INFO /updateDistance [/home/wcqw/ac-slam/catkin_ws/src/cpp_solver/src/updateDistance.cpp:87(occupancyGridCallback)] [topics: /rosout, /edge_distance] Free vertices size: 28
765.500000000 INFO /updateDistance [/home/wcqw/ac-slam/catkin_ws/src/cpp_solver/src/updateDistance.cpp:128(occupancyGridCallback)] [topics: /rosout, /edge_distance] 360 edge distance updated
765.900000000 INFO /Navigator [/home/wcqw/ac-slam/catkin_ws/src/cpp_solver/src/MyPlanner.cpp:481(findExplorationTarget)] [topics: /rosout, /cmd, /Navigator/plan, /Navigator/markers, /Navigator/frontiers, /Navigator/frontier_to_vertex, /Navigator/nav_goal, /Navigator/prior_map, /Navigator/visual_tsp_path, /Navigator/tsp_index, /Navigator/path_finder, /Navigator/dist_map, /finished_topic, /request_replan, /Explore/result, /Explore/feedback, /Explore/status, /MoveTo/result, /MoveTo/feedback, /MoveTo/status, /Localize/result, /Localize/feedback, /Localize/status, /GetFirstMap/result, /GetFirstMap/feedback, /GetFirstMap/status] Call local replanning...
765.900000000 INFO /path_planner [path_planner.py:295(PathPlanner.handle_replanning)] [topics: /pose_graph_idx, /rosout, /edge_distance, /clock, /slam_pose_graph] Replanning request. curr_vertex_idx: 22
765.900000000 INFO /path_planner [path_planner.py:296(PathPlanner.handle_replanning)] [topics: /pose_graph_idx, /rosout, /edge_distance, /clock, /slam_pose_graph]                     covered_vertices: ()
765.900000000 INFO /path_planner [path_planner.py:310(PathPlanner.handle_replanning)] [topics: /pose_graph_idx, /rosout, /edge_distance, /clock, /slam_pose_graph] Handle local replanning...
765.900000000 INFO /path_planner [path_planner.py:363(PathPlanner.handle_local_replanning)] [topics: /pose_graph_idx, /rosout, /edge_distance, /clock, /slam_pose_graph] Local path to replan: [31, 32, 26, 27, 33, 34, 28, 22, 21, 38, 37]
765.900000000 INFO /path_planner [path_planner.py:322(PathPlanner.handle_replanning)] [topics: /pose_graph_idx, /rosout, /edge_distance, /clock, /slam_pose_graph] curr path length: 43, is_loop length: 43
765.900000000 INFO /path_planner [path_planner.py:334(PathPlanner.handle_replanning)] [topics: /pose_graph_idx, /rosout, /edge_distance, /clock, /slam_pose_graph] Send new plan: 8 7 6 5 4 3 9 15 16 10 11 35 37 20 19 15(L) 19 23 29 30 24 25 31  ---> 32 26 27 33 34 28 22 21 38 37(L) 38 36 12 13 14 8(L) 14 18 17 21(L) 
765.900000000 WARN /Navigator [/home/wcqw/ac-slam/catkin_ws/src/cpp_solver/src/MyPlanner.cpp:570(findExplorationTarget)] [topics: /rosout, /cmd, /Navigator/plan, /Navigator/markers, /Navigator/frontiers, /Navigator/frontier_to_vertex, /Navigator/nav_goal, /Navigator/prior_map, /Navigator/visual_tsp_path, /Navigator/tsp_index, /Navigator/path_finder, /Navigator/dist_map, /finished_topic, /request_replan, /Explore/result, /Explore/feedback, /Explore/status, /MoveTo/result, /MoveTo/feedback, /MoveTo/status, /Localize/result, /Localize/feedback, /Localize/status, /GetFirstMap/result, /GetFirstMap/feedback, /GetFirstMap/status] No frontier at vertex 31. #Frontier: 0
765.900000000 INFO /Navigator [/home/wcqw/ac-slam/catkin_ws/src/cpp_solver/src/MyPlanner.cpp:310(getUsefulGoalIndex)] [topics: /rosout, /cmd, /Navigator/plan, /Navigator/markers, /Navigator/frontiers, /Navigator/frontier_to_vertex, /Navigator/nav_goal, /Navigator/prior_map, /Navigator/visual_tsp_path, /Navigator/tsp_index, /Navigator/path_finder, /Navigator/dist_map, /finished_topic, /request_replan, /Explore/result, /Explore/feedback, /Explore/status, /MoveTo/result, /MoveTo/feedback, /MoveTo/status, /Localize/result, /Localize/feedback, /Localize/status, /GetFirstMap/result, /GetFirstMap/feedback, /GetFirstMap/status] Set newGoal 32
771.500000000 INFO /updateDistance [/home/wcqw/ac-slam/catkin_ws/src/cpp_solver/src/updateDistance.cpp:29(occupancyGridCallback)] [topics: /rosout, /edge_distance] Received an OccupancyGrid message!
771.500000000 INFO /updateDistance [/home/wcqw/ac-slam/catkin_ws/src/cpp_solver/src/updateDistance.cpp:30(occupancyGridCallback)] [topics: /rosout, /edge_distance] Width: 716, Height: 733, Size: 524828
771.500000000 INFO /updateDistance [/home/wcqw/ac-slam/catkin_ws/src/cpp_solver/src/updateDistance.cpp:32(occupancyGridCallback)] [topics: /rosout, /edge_distance] Map origin x: -7.415, y: -7.323
771.500000000 INFO /updateDistance [/home/wcqw/ac-slam/catkin_ws/src/cpp_solver/src/updateDistance.cpp:87(occupancyGridCallback)] [topics: /rosout, /edge_distance] Free vertices size: 28
771.500000000 INFO /updateDistance [/home/wcqw/ac-slam/catkin_ws/src/cpp_solver/src/updateDistance.cpp:128(occupancyGridCallback)] [topics: /rosout, /edge_distance] 360 edge distance updated
771.500000000 WARN /RVIZ [/tmp/binarydeb/ros-noetic-tf2-0.7.10/src/buffer_core.cpp:277()] [topics: /rosout, /initialpose, /goal, /clicked_point] TF_REPEATED_DATA ignoring data with redundant timestamp for frame odom (parent offset) at time 771.500000 according to authority unknown_publisher
771.500000000 WARN /RVIZ [/tmp/binarydeb/ros-noetic-tf2-0.7.10/src/buffer_core.cpp:277()] [topics: /rosout, /initialpose, /goal, /clicked_point] TF_REPEATED_DATA ignoring data with redundant timestamp for frame offset (parent map) at time 771.500000 according to authority unknown_publisher
771.900000000 INFO /Navigator [/home/wcqw/ac-slam/catkin_ws/src/cpp_solver/src/MyPlanner.cpp:481(findExplorationTarget)] [topics: /rosout, /cmd, /Navigator/plan, /Navigator/markers, /Navigator/frontiers, /Navigator/frontier_to_vertex, /Navigator/nav_goal, /Navigator/prior_map, /Navigator/visual_tsp_path, /Navigator/tsp_index, /Navigator/path_finder, /Navigator/dist_map, /finished_topic, /request_replan, /Explore/result, /Explore/feedback, /Explore/status, /MoveTo/result, /MoveTo/feedback, /MoveTo/status, /Localize/result, /Localize/feedback, /Localize/status, /GetFirstMap/result, /GetFirstMap/feedback, /GetFirstMap/status] Call local replanning...
771.900000000 INFO /path_planner [path_planner.py:295(PathPlanner.handle_replanning)] [topics: /pose_graph_idx, /rosout, /edge_distance, /clock, /slam_pose_graph] Replanning request. curr_vertex_idx: 23
771.900000000 INFO /path_planner [path_planner.py:296(PathPlanner.handle_replanning)] [topics: /pose_graph_idx, /rosout, /edge_distance, /clock, /slam_pose_graph]                     covered_vertices: ()
771.900000000 INFO /path_planner [path_planner.py:310(PathPlanner.handle_replanning)] [topics: /pose_graph_idx, /rosout, /edge_distance, /clock, /slam_pose_graph] Handle local replanning...
771.900000000 INFO /path_planner [path_planner.py:363(PathPlanner.handle_local_replanning)] [topics: /pose_graph_idx, /rosout, /edge_distance, /clock, /slam_pose_graph] Local path to replan: [32, 26, 27, 33, 34, 28, 22, 21, 38, 37]
771.900000000 INFO /path_planner [path_planner.py:322(PathPlanner.handle_replanning)] [topics: /pose_graph_idx, /rosout, /edge_distance, /clock, /slam_pose_graph] curr path length: 43, is_loop length: 43
771.900000000 INFO /path_planner [path_planner.py:334(PathPlanner.handle_replanning)] [topics: /pose_graph_idx, /rosout, /edge_distance, /clock, /slam_pose_graph] Send new plan: 8 7 6 5 4 3 9 15 16 10 11 35 37 20 19 15(L) 19 23 29 30 24 25 31 32  ---> 26 27 33 34 28 22 21 38 37(L) 38 36 12 13 14 8(L) 14 18 17 21(L) 
771.900000000 INFO /Navigator [/home/wcqw/ac-slam/catkin_ws/src/cpp_solver/src/MyPlanner.cpp:509(findExplorationTarget)] [topics: /rosout, /cmd, /Navigator/plan, /Navigator/markers, /Navigator/frontiers, /Navigator/frontier_to_vertex, /Navigator/nav_goal, /Navigator/prior_map, /Navigator/visual_tsp_path, /Navigator/tsp_index, /Navigator/path_finder, /Navigator/dist_map, /finished_topic, /request_replan, /Explore/result, /Explore/feedback, /Explore/status, /MoveTo/result, /MoveTo/feedback, /MoveTo/status, /Localize/result, /Localize/feedback, /Localize/status, /GetFirstMap/result, /GetFirstMap/feedback, /GetFirstMap/status] Reach vertex 32
771.900000000 INFO /Navigator [/home/wcqw/ac-slam/catkin_ws/src/cpp_solver/src/MyPlanner.cpp:613(findExplorationTarget)] [topics: /rosout, /cmd, /Navigator/plan, /Navigator/markers, /Navigator/frontiers, /Navigator/frontier_to_vertex, /Navigator/nav_goal, /Navigator/prior_map, /Navigator/visual_tsp_path, /Navigator/tsp_index, /Navigator/path_finder, /Navigator/dist_map, /finished_topic, /request_replan, /Explore/result, /Explore/feedback, /Explore/status, /MoveTo/result, /MoveTo/feedback, /MoveTo/status, /Localize/result, /Localize/feedback, /Localize/status, /GetFirstMap/result, /GetFirstMap/feedback, /GetFirstMap/status] Explore Goal 32 's frontiers...
777.100000000 INFO /updateDistance [/home/wcqw/ac-slam/catkin_ws/src/cpp_solver/src/updateDistance.cpp:29(occupancyGridCallback)] [topics: /rosout, /edge_distance] Received an OccupancyGrid message!
777.100000000 INFO /updateDistance [/home/wcqw/ac-slam/catkin_ws/src/cpp_solver/src/updateDistance.cpp:30(occupancyGridCallback)] [topics: /rosout, /edge_distance] Width: 716, Height: 733, Size: 524828
777.100000000 INFO /updateDistance [/home/wcqw/ac-slam/catkin_ws/src/cpp_solver/src/updateDistance.cpp:32(occupancyGridCallback)] [topics: /rosout, /edge_distance] Map origin x: -7.415, y: -7.323
777.100000000 INFO /path_planner [path_planner.py:638(PathPlanner.handle_pose_graph)] [topics: /pose_graph_idx, /rosout, /edge_distance, /clock, /slam_pose_graph] Really visited vertices: 8 7 6 5 4 3 9 15 16 35 11 35 37 20 19 15 19 23 29 30 31 25 31 32 
777.100000000 INFO /updateDistance [/home/wcqw/ac-slam/catkin_ws/src/cpp_solver/src/updateDistance.cpp:87(occupancyGridCallback)] [topics: /rosout, /edge_distance] Free vertices size: 28
777.400000000 INFO /updateDistance [/home/wcqw/ac-slam/catkin_ws/src/cpp_solver/src/updateDistance.cpp:128(occupancyGridCallback)] [topics: /rosout, /edge_distance] 386 edge distance updated
777.400000000 INFO /updateDistance [/home/wcqw/ac-slam/catkin_ws/src/cpp_solver/src/updateDistance.cpp:29(occupancyGridCallback)] [topics: /rosout, /edge_distance] Received an OccupancyGrid message!
777.400000000 INFO /updateDistance [/home/wcqw/ac-slam/catkin_ws/src/cpp_solver/src/updateDistance.cpp:30(occupancyGridCallback)] [topics: /rosout, /edge_distance] Width: 716, Height: 733, Size: 524828
777.400000000 INFO /updateDistance [/home/wcqw/ac-slam/catkin_ws/src/cpp_solver/src/updateDistance.cpp:32(occupancyGridCallback)] [topics: /rosout, /edge_distance] Map origin x: -7.415, y: -7.323
777.400000000 INFO /updateDistance [/home/wcqw/ac-slam/catkin_ws/src/cpp_solver/src/updateDistance.cpp:87(occupancyGridCallback)] [topics: /rosout, /edge_distance] Free vertices size: 28
777.400000000 INFO /updateDistance [/home/wcqw/ac-slam/catkin_ws/src/cpp_solver/src/updateDistance.cpp:128(occupancyGridCallback)] [topics: /rosout, /edge_distance] 386 edge distance updated
777.700000000 INFO /Navigator [/home/wcqw/ac-slam/catkin_ws/src/cpp_solver/src/MyPlanner.cpp:481(findExplorationTarget)] [topics: /rosout, /cmd, /Navigator/plan, /Navigator/markers, /Navigator/frontiers, /Navigator/frontier_to_vertex, /Navigator/nav_goal, /Navigator/prior_map, /Navigator/visual_tsp_path, /Navigator/tsp_index, /Navigator/path_finder, /Navigator/dist_map, /finished_topic, /request_replan, /Explore/result, /Explore/feedback, /Explore/status, /MoveTo/result, /MoveTo/feedback, /MoveTo/status, /Localize/result, /Localize/feedback, /Localize/status, /GetFirstMap/result, /GetFirstMap/feedback, /GetFirstMap/status] Call local replanning...
777.700000000 INFO /path_planner [path_planner.py:295(PathPlanner.handle_replanning)] [topics: /pose_graph_idx, /rosout, /edge_distance, /clock, /slam_pose_graph] Replanning request. curr_vertex_idx: 23
777.700000000 INFO /path_planner [path_planner.py:296(PathPlanner.handle_replanning)] [topics: /pose_graph_idx, /rosout, /edge_distance, /clock, /slam_pose_graph]                     covered_vertices: ()
777.700000000 INFO /path_planner [path_planner.py:310(PathPlanner.handle_replanning)] [topics: /pose_graph_idx, /rosout, /edge_distance, /clock, /slam_pose_graph] Handle local replanning...
777.700000000 INFO /path_planner [path_planner.py:363(PathPlanner.handle_local_replanning)] [topics: /pose_graph_idx, /rosout, /edge_distance, /clock, /slam_pose_graph] Local path to replan: [32, 26, 27, 33, 34, 28, 22, 21, 38, 37]
777.700000000 INFO /path_planner [path_planner.py:322(PathPlanner.handle_replanning)] [topics: /pose_graph_idx, /rosout, /edge_distance, /clock, /slam_pose_graph] curr path length: 43, is_loop length: 43
777.700000000 INFO /path_planner [path_planner.py:334(PathPlanner.handle_replanning)] [topics: /pose_graph_idx, /rosout, /edge_distance, /clock, /slam_pose_graph] Send new plan: 8 7 6 5 4 3 9 15 16 10 11 35 37 20 19 15(L) 19 23 29 30 24 25 31 32  ---> 26 27 33 34 28 22 21 38 37(L) 38 36 12 13 14 8(L) 14 18 17 21(L) 
777.700000000 INFO /Navigator [/home/wcqw/ac-slam/catkin_ws/src/cpp_solver/src/MyPlanner.cpp:613(findExplorationTarget)] [topics: /rosout, /cmd, /Navigator/plan, /Navigator/markers, /Navigator/frontiers, /Navigator/frontier_to_vertex, /Navigator/nav_goal, /Navigator/prior_map, /Navigator/visual_tsp_path, /Navigator/tsp_index, /Navigator/path_finder, /Navigator/dist_map, /finished_topic, /request_replan, /Explore/result, /Explore/feedback, /Explore/status, /MoveTo/result, /MoveTo/feedback, /MoveTo/status, /Localize/result, /Localize/feedback, /Localize/status, /GetFirstMap/result, /GetFirstMap/feedback, /GetFirstMap/status] Explore Goal 32 's frontiers...
782.900000000 INFO /updateDistance [/home/wcqw/ac-slam/catkin_ws/src/cpp_solver/src/updateDistance.cpp:29(occupancyGridCallback)] [topics: /rosout, /edge_distance] Received an OccupancyGrid message!
782.900000000 INFO /updateDistance [/home/wcqw/ac-slam/catkin_ws/src/cpp_solver/src/updateDistance.cpp:30(occupancyGridCallback)] [topics: /rosout, /edge_distance] Width: 716, Height: 733, Size: 524828
782.900000000 INFO /updateDistance [/home/wcqw/ac-slam/catkin_ws/src/cpp_solver/src/updateDistance.cpp:32(occupancyGridCallback)] [topics: /rosout, /edge_distance] Map origin x: -7.415, y: -7.323
782.900000000 WARN /RVIZ [/tmp/binarydeb/ros-noetic-tf2-0.7.10/src/buffer_core.cpp:277()] [topics: /rosout, /initialpose, /goal, /clicked_point] TF_REPEATED_DATA ignoring data with redundant timestamp for frame odom (parent offset) at time 782.900000 according to authority unknown_publisher
782.900000000 WARN /RVIZ [/tmp/binarydeb/ros-noetic-tf2-0.7.10/src/buffer_core.cpp:277()] [topics: /rosout, /initialpose, /goal, /clicked_point] TF_REPEATED_DATA ignoring data with redundant timestamp for frame offset (parent map) at time 782.900000 according to authority unknown_publisher
782.900000000 INFO /path_planner [path_planner.py:638(PathPlanner.handle_pose_graph)] [topics: /pose_graph_idx, /rosout, /edge_distance, /clock, /slam_pose_graph] Really visited vertices: 8 7 6 5 4 3 9 15 16 35 11 35 37 20 19 15 19 23 29 30 31 25 31 32 
782.900000000 INFO /updateDistance [/home/wcqw/ac-slam/catkin_ws/src/cpp_solver/src/updateDistance.cpp:87(occupancyGridCallback)] [topics: /rosout, /edge_distance] Free vertices size: 30
783.000000000 INFO /updateDistance [/home/wcqw/ac-slam/catkin_ws/src/cpp_solver/src/updateDistance.cpp:128(occupancyGridCallback)] [topics: /rosout, /edge_distance] 388 edge distance updated
783.300000000 INFO /updateDistance [/home/wcqw/ac-slam/catkin_ws/src/cpp_solver/src/updateDistance.cpp:29(occupancyGridCallback)] [topics: /rosout, /edge_distance] Received an OccupancyGrid message!
783.300000000 INFO /updateDistance [/home/wcqw/ac-slam/catkin_ws/src/cpp_solver/src/updateDistance.cpp:30(occupancyGridCallback)] [topics: /rosout, /edge_distance] Width: 716, Height: 733, Size: 524828
783.300000000 INFO /updateDistance [/home/wcqw/ac-slam/catkin_ws/src/cpp_solver/src/updateDistance.cpp:32(occupancyGridCallback)] [topics: /rosout, /edge_distance] Map origin x: -7.415, y: -7.323
783.300000000 INFO /updateDistance [/home/wcqw/ac-slam/catkin_ws/src/cpp_solver/src/updateDistance.cpp:87(occupancyGridCallback)] [topics: /rosout, /edge_distance] Free vertices size: 30
783.300000000 INFO /updateDistance [/home/wcqw/ac-slam/catkin_ws/src/cpp_solver/src/updateDistance.cpp:128(occupancyGridCallback)] [topics: /rosout, /edge_distance] 388 edge distance updated
783.700000000 INFO /Navigator [/home/wcqw/ac-slam/catkin_ws/src/cpp_solver/src/MyPlanner.cpp:481(findExplorationTarget)] [topics: /rosout, /cmd, /Navigator/plan, /Navigator/markers, /Navigator/frontiers, /Navigator/frontier_to_vertex, /Navigator/nav_goal, /Navigator/prior_map, /Navigator/visual_tsp_path, /Navigator/tsp_index, /Navigator/path_finder, /Navigator/dist_map, /finished_topic, /request_replan, /Explore/result, /Explore/feedback, /Explore/status, /MoveTo/result, /MoveTo/feedback, /MoveTo/status, /Localize/result, /Localize/feedback, /Localize/status, /GetFirstMap/result, /GetFirstMap/feedback, /GetFirstMap/status] Call local replanning...
783.700000000 INFO /path_planner [path_planner.py:295(PathPlanner.handle_replanning)] [topics: /pose_graph_idx, /rosout, /edge_distance, /clock, /slam_pose_graph] Replanning request. curr_vertex_idx: 23
783.700000000 INFO /path_planner [path_planner.py:296(PathPlanner.handle_replanning)] [topics: /pose_graph_idx, /rosout, /edge_distance, /clock, /slam_pose_graph]                     covered_vertices: ()
783.700000000 INFO /path_planner [path_planner.py:310(PathPlanner.handle_replanning)] [topics: /pose_graph_idx, /rosout, /edge_distance, /clock, /slam_pose_graph] Handle local replanning...
783.700000000 INFO /path_planner [path_planner.py:363(PathPlanner.handle_local_replanning)] [topics: /pose_graph_idx, /rosout, /edge_distance, /clock, /slam_pose_graph] Local path to replan: [32, 26, 27, 33, 34, 28, 22, 21, 38, 37]
783.700000000 INFO /path_planner [path_planner.py:322(PathPlanner.handle_replanning)] [topics: /pose_graph_idx, /rosout, /edge_distance, /clock, /slam_pose_graph] curr path length: 43, is_loop length: 43
783.700000000 INFO /path_planner [path_planner.py:334(PathPlanner.handle_replanning)] [topics: /pose_graph_idx, /rosout, /edge_distance, /clock, /slam_pose_graph] Send new plan: 8 7 6 5 4 3 9 15 16 10 11 35 37 20 19 15(L) 19 23 29 30 24 25 31 32  ---> 26 27 33 34 28 22 21 38 37(L) 38 36 12 13 14 8(L) 14 18 17 21(L) 
783.700000000 INFO /Navigator [/home/wcqw/ac-slam/catkin_ws/src/cpp_solver/src/MyPlanner.cpp:613(findExplorationTarget)] [topics: /rosout, /cmd, /Navigator/plan, /Navigator/markers, /Navigator/frontiers, /Navigator/frontier_to_vertex, /Navigator/nav_goal, /Navigator/prior_map, /Navigator/visual_tsp_path, /Navigator/tsp_index, /Navigator/path_finder, /Navigator/dist_map, /finished_topic, /request_replan, /Explore/result, /Explore/feedback, /Explore/status, /MoveTo/result, /MoveTo/feedback, /MoveTo/status, /Localize/result, /Localize/feedback, /Localize/status, /GetFirstMap/result, /GetFirstMap/feedback, /GetFirstMap/status] Explore Goal 32 's frontiers...
789.300000000 INFO /updateDistance [/home/wcqw/ac-slam/catkin_ws/src/cpp_solver/src/updateDistance.cpp:29(occupancyGridCallback)] [topics: /rosout, /edge_distance] Received an OccupancyGrid message!
789.300000000 INFO /updateDistance [/home/wcqw/ac-slam/catkin_ws/src/cpp_solver/src/updateDistance.cpp:30(occupancyGridCallback)] [topics: /rosout, /edge_distance] Width: 716, Height: 733, Size: 524828
789.300000000 INFO /updateDistance [/home/wcqw/ac-slam/catkin_ws/src/cpp_solver/src/updateDistance.cpp:32(occupancyGridCallback)] [topics: /rosout, /edge_distance] Map origin x: -7.415, y: -7.323
789.400000000 INFO /updateDistance [/home/wcqw/ac-slam/catkin_ws/src/cpp_solver/src/updateDistance.cpp:87(occupancyGridCallback)] [topics: /rosout, /edge_distance] Free vertices size: 29
789.400000000 INFO /updateDistance [/home/wcqw/ac-slam/catkin_ws/src/cpp_solver/src/updateDistance.cpp:128(occupancyGridCallback)] [topics: /rosout, /edge_distance] 388 edge distance updated
789.800000000 INFO /Navigator [/home/wcqw/ac-slam/catkin_ws/src/cpp_solver/src/MyPlanner.cpp:481(findExplorationTarget)] [topics: /rosout, /cmd, /Navigator/plan, /Navigator/markers, /Navigator/frontiers, /Navigator/frontier_to_vertex, /Navigator/nav_goal, /Navigator/prior_map, /Navigator/visual_tsp_path, /Navigator/tsp_index, /Navigator/path_finder, /Navigator/dist_map, /finished_topic, /request_replan, /Explore/result, /Explore/feedback, /Explore/status, /MoveTo/result, /MoveTo/feedback, /MoveTo/status, /Localize/result, /Localize/feedback, /Localize/status, /GetFirstMap/result, /GetFirstMap/feedback, /GetFirstMap/status] Call local replanning...
789.800000000 INFO /path_planner [path_planner.py:295(PathPlanner.handle_replanning)] [topics: /pose_graph_idx, /rosout, /edge_distance, /clock, /slam_pose_graph] Replanning request. curr_vertex_idx: 23
789.800000000 INFO /path_planner [path_planner.py:296(PathPlanner.handle_replanning)] [topics: /pose_graph_idx, /rosout, /edge_distance, /clock, /slam_pose_graph]                     covered_vertices: ()
789.800000000 INFO /path_planner [path_planner.py:310(PathPlanner.handle_replanning)] [topics: /pose_graph_idx, /rosout, /edge_distance, /clock, /slam_pose_graph] Handle local replanning...
789.800000000 INFO /path_planner [path_planner.py:363(PathPlanner.handle_local_replanning)] [topics: /pose_graph_idx, /rosout, /edge_distance, /clock, /slam_pose_graph] Local path to replan: [32, 26, 27, 33, 34, 28, 22, 21, 38, 37]
789.800000000 INFO /path_planner [path_planner.py:322(PathPlanner.handle_replanning)] [topics: /pose_graph_idx, /rosout, /edge_distance, /clock, /slam_pose_graph] curr path length: 43, is_loop length: 43
789.800000000 INFO /path_planner [path_planner.py:334(PathPlanner.handle_replanning)] [topics: /pose_graph_idx, /rosout, /edge_distance, /clock, /slam_pose_graph] Send new plan: 8 7 6 5 4 3 9 15 16 10 11 35 37 20 19 15(L) 19 23 29 30 24 25 31 32  ---> 26 27 33 34 28 22 21 38 37(L) 38 36 12 13 14 8(L) 14 18 17 21(L) 
789.800000000 INFO /Navigator [/home/wcqw/ac-slam/catkin_ws/src/cpp_solver/src/MyPlanner.cpp:613(findExplorationTarget)] [topics: /rosout, /cmd, /Navigator/plan, /Navigator/markers, /Navigator/frontiers, /Navigator/frontier_to_vertex, /Navigator/nav_goal, /Navigator/prior_map, /Navigator/visual_tsp_path, /Navigator/tsp_index, /Navigator/path_finder, /Navigator/dist_map, /finished_topic, /request_replan, /Explore/result, /Explore/feedback, /Explore/status, /MoveTo/result, /MoveTo/feedback, /MoveTo/status, /Localize/result, /Localize/feedback, /Localize/status, /GetFirstMap/result, /GetFirstMap/feedback, /GetFirstMap/status] Explore Goal 32 's frontiers...
794.400000000 INFO /updateDistance [/home/wcqw/ac-slam/catkin_ws/src/cpp_solver/src/updateDistance.cpp:29(occupancyGridCallback)] [topics: /rosout, /edge_distance] Received an OccupancyGrid message!
794.400000000 INFO /updateDistance [/home/wcqw/ac-slam/catkin_ws/src/cpp_solver/src/updateDistance.cpp:30(occupancyGridCallback)] [topics: /rosout, /edge_distance] Width: 716, Height: 733, Size: 524828
794.400000000 INFO /updateDistance [/home/wcqw/ac-slam/catkin_ws/src/cpp_solver/src/updateDistance.cpp:32(occupancyGridCallback)] [topics: /rosout, /edge_distance] Map origin x: -7.415, y: -7.323
794.400000000 INFO /updateDistance [/home/wcqw/ac-slam/catkin_ws/src/cpp_solver/src/updateDistance.cpp:87(occupancyGridCallback)] [topics: /rosout, /edge_distance] Free vertices size: 30
794.800000000 INFO /updateDistance [/home/wcqw/ac-slam/catkin_ws/src/cpp_solver/src/updateDistance.cpp:128(occupancyGridCallback)] [topics: /rosout, /edge_distance] 442 edge distance updated
794.800000000 INFO /Navigator [/home/wcqw/ac-slam/catkin_ws/src/cpp_solver/src/MyPlanner.cpp:481(findExplorationTarget)] [topics: /rosout, /cmd, /Navigator/plan, /Navigator/markers, /Navigator/frontiers, /Navigator/frontier_to_vertex, /Navigator/nav_goal, /Navigator/prior_map, /Navigator/visual_tsp_path, /Navigator/tsp_index, /Navigator/path_finder, /Navigator/dist_map, /finished_topic, /request_replan, /Explore/result, /Explore/feedback, /Explore/status, /MoveTo/result, /MoveTo/feedback, /MoveTo/status, /Localize/result, /Localize/feedback, /Localize/status, /GetFirstMap/result, /GetFirstMap/feedback, /GetFirstMap/status] Call local replanning...
794.800000000 INFO /path_planner [path_planner.py:295(PathPlanner.handle_replanning)] [topics: /pose_graph_idx, /rosout, /edge_distance, /clock, /slam_pose_graph] Replanning request. curr_vertex_idx: 23
794.800000000 INFO /path_planner [path_planner.py:296(PathPlanner.handle_replanning)] [topics: /pose_graph_idx, /rosout, /edge_distance, /clock, /slam_pose_graph]                     covered_vertices: ()
794.800000000 INFO /path_planner [path_planner.py:310(PathPlanner.handle_replanning)] [topics: /pose_graph_idx, /rosout, /edge_distance, /clock, /slam_pose_graph] Handle local replanning...
794.800000000 INFO /path_planner [path_planner.py:363(PathPlanner.handle_local_replanning)] [topics: /pose_graph_idx, /rosout, /edge_distance, /clock, /slam_pose_graph] Local path to replan: [32, 26, 27, 33, 34, 28, 22, 21, 38, 37]
794.800000000 INFO /path_planner [path_planner.py:322(PathPlanner.handle_replanning)] [topics: /pose_graph_idx, /rosout, /edge_distance, /clock, /slam_pose_graph] curr path length: 43, is_loop length: 43
794.800000000 INFO /path_planner [path_planner.py:334(PathPlanner.handle_replanning)] [topics: /pose_graph_idx, /rosout, /edge_distance, /clock, /slam_pose_graph] Send new plan: 8 7 6 5 4 3 9 15 16 10 11 35 37 20 19 15(L) 19 23 29 30 24 25 31 32  ---> 26 27 33 34 28 22 21 38 37(L) 38 36 12 13 14 8(L) 14 18 17 21(L) 
794.800000000 WARN /Navigator [/home/wcqw/ac-slam/catkin_ws/src/cpp_solver/src/MyPlanner.cpp:570(findExplorationTarget)] [topics: /rosout, /cmd, /Navigator/plan, /Navigator/markers, /Navigator/frontiers, /Navigator/frontier_to_vertex, /Navigator/nav_goal, /Navigator/prior_map, /Navigator/visual_tsp_path, /Navigator/tsp_index, /Navigator/path_finder, /Navigator/dist_map, /finished_topic, /request_replan, /Explore/result, /Explore/feedback, /Explore/status, /MoveTo/result, /MoveTo/feedback, /MoveTo/status, /Localize/result, /Localize/feedback, /Localize/status, /GetFirstMap/result, /GetFirstMap/feedback, /GetFirstMap/status] No frontier at vertex 32. #Frontier: 0
794.800000000 INFO /Navigator [/home/wcqw/ac-slam/catkin_ws/src/cpp_solver/src/MyPlanner.cpp:310(getUsefulGoalIndex)] [topics: /rosout, /cmd, /Navigator/plan, /Navigator/markers, /Navigator/frontiers, /Navigator/frontier_to_vertex, /Navigator/nav_goal, /Navigator/prior_map, /Navigator/visual_tsp_path, /Navigator/tsp_index, /Navigator/path_finder, /Navigator/dist_map, /finished_topic, /request_replan, /Explore/result, /Explore/feedback, /Explore/status, /MoveTo/result, /MoveTo/feedback, /MoveTo/status, /Localize/result, /Localize/feedback, /Localize/status, /GetFirstMap/result, /GetFirstMap/feedback, /GetFirstMap/status] Set newGoal 26
800.500000000 INFO /updateDistance [/home/wcqw/ac-slam/catkin_ws/src/cpp_solver/src/updateDistance.cpp:29(occupancyGridCallback)] [topics: /rosout, /edge_distance] Received an OccupancyGrid message!
800.500000000 INFO /updateDistance [/home/wcqw/ac-slam/catkin_ws/src/cpp_solver/src/updateDistance.cpp:30(occupancyGridCallback)] [topics: /rosout, /edge_distance] Width: 716, Height: 733, Size: 524828
800.500000000 INFO /updateDistance [/home/wcqw/ac-slam/catkin_ws/src/cpp_solver/src/updateDistance.cpp:32(occupancyGridCallback)] [topics: /rosout, /edge_distance] Map origin x: -7.415, y: -7.323
800.500000000 WARN /RVIZ [/tmp/binarydeb/ros-noetic-tf2-0.7.10/src/buffer_core.cpp:277()] [topics: /rosout, /initialpose, /goal, /clicked_point] TF_REPEATED_DATA ignoring data with redundant timestamp for frame odom (parent offset) at time 800.500000 according to authority unknown_publisher
800.500000000 WARN /RVIZ [/tmp/binarydeb/ros-noetic-tf2-0.7.10/src/buffer_core.cpp:277()] [topics: /rosout, /initialpose, /goal, /clicked_point] TF_REPEATED_DATA ignoring data with redundant timestamp for frame offset (parent map) at time 800.500000 according to authority unknown_publisher
800.500000000 INFO /updateDistance [/home/wcqw/ac-slam/catkin_ws/src/cpp_solver/src/updateDistance.cpp:87(occupancyGridCallback)] [topics: /rosout, /edge_distance] Free vertices size: 30
800.500000000 INFO /updateDistance [/home/wcqw/ac-slam/catkin_ws/src/cpp_solver/src/updateDistance.cpp:128(occupancyGridCallback)] [topics: /rosout, /edge_distance] 442 edge distance updated
800.900000000 INFO /Navigator [/home/wcqw/ac-slam/catkin_ws/src/cpp_solver/src/MyPlanner.cpp:481(findExplorationTarget)] [topics: /rosout, /cmd, /Navigator/plan, /Navigator/markers, /Navigator/frontiers, /Navigator/frontier_to_vertex, /Navigator/nav_goal, /Navigator/prior_map, /Navigator/visual_tsp_path, /Navigator/tsp_index, /Navigator/path_finder, /Navigator/dist_map, /finished_topic, /request_replan, /Explore/result, /Explore/feedback, /Explore/status, /MoveTo/result, /MoveTo/feedback, /MoveTo/status, /Localize/result, /Localize/feedback, /Localize/status, /GetFirstMap/result, /GetFirstMap/feedback, /GetFirstMap/status] Call local replanning...
800.900000000 INFO /path_planner [path_planner.py:295(PathPlanner.handle_replanning)] [topics: /pose_graph_idx, /rosout, /edge_distance, /clock, /slam_pose_graph] Replanning request. curr_vertex_idx: 24
800.900000000 INFO /path_planner [path_planner.py:296(PathPlanner.handle_replanning)] [topics: /pose_graph_idx, /rosout, /edge_distance, /clock, /slam_pose_graph]                     covered_vertices: ()
800.900000000 INFO /path_planner [path_planner.py:310(PathPlanner.handle_replanning)] [topics: /pose_graph_idx, /rosout, /edge_distance, /clock, /slam_pose_graph] Handle local replanning...
800.900000000 INFO /path_planner [path_planner.py:363(PathPlanner.handle_local_replanning)] [topics: /pose_graph_idx, /rosout, /edge_distance, /clock, /slam_pose_graph] Local path to replan: [26, 27, 33, 34, 28, 22, 21, 38, 37]
800.900000000 INFO /path_planner [path_planner.py:322(PathPlanner.handle_replanning)] [topics: /pose_graph_idx, /rosout, /edge_distance, /clock, /slam_pose_graph] curr path length: 43, is_loop length: 43
800.900000000 INFO /path_planner [path_planner.py:334(PathPlanner.handle_replanning)] [topics: /pose_graph_idx, /rosout, /edge_distance, /clock, /slam_pose_graph] Send new plan: 8 7 6 5 4 3 9 15 16 10 11 35 37 20 19 15(L) 19 23 29 30 24 25 31 32 26  ---> 27 33 34 28 22 21 38 37(L) 38 36 12 13 14 8(L) 14 18 17 21(L) 
805.700000000 INFO /updateDistance [/home/wcqw/ac-slam/catkin_ws/src/cpp_solver/src/updateDistance.cpp:29(occupancyGridCallback)] [topics: /rosout, /edge_distance] Received an OccupancyGrid message!
805.700000000 INFO /updateDistance [/home/wcqw/ac-slam/catkin_ws/src/cpp_solver/src/updateDistance.cpp:30(occupancyGridCallback)] [topics: /rosout, /edge_distance] Width: 716, Height: 733, Size: 524828
805.700000000 INFO /updateDistance [/home/wcqw/ac-slam/catkin_ws/src/cpp_solver/src/updateDistance.cpp:32(occupancyGridCallback)] [topics: /rosout, /edge_distance] Map origin x: -7.415, y: -7.323
805.700000000 INFO /path_planner [path_planner.py:638(PathPlanner.handle_pose_graph)] [topics: /pose_graph_idx, /rosout, /edge_distance, /clock, /slam_pose_graph] Really visited vertices: 8 7 6 5 4 3 9 15 16 35 11 35 37 20 19 15 19 23 29 30 31 25 31 32 
805.700000000 INFO /updateDistance [/home/wcqw/ac-slam/catkin_ws/src/cpp_solver/src/updateDistance.cpp:87(occupancyGridCallback)] [topics: /rosout, /edge_distance] Free vertices size: 30
805.800000000 INFO /updateDistance [/home/wcqw/ac-slam/catkin_ws/src/cpp_solver/src/updateDistance.cpp:128(occupancyGridCallback)] [topics: /rosout, /edge_distance] 444 edge distance updated
806.300000000 INFO /updateDistance [/home/wcqw/ac-slam/catkin_ws/src/cpp_solver/src/updateDistance.cpp:29(occupancyGridCallback)] [topics: /rosout, /edge_distance] Received an OccupancyGrid message!
806.300000000 INFO /updateDistance [/home/wcqw/ac-slam/catkin_ws/src/cpp_solver/src/updateDistance.cpp:30(occupancyGridCallback)] [topics: /rosout, /edge_distance] Width: 716, Height: 733, Size: 524828
806.300000000 INFO /updateDistance [/home/wcqw/ac-slam/catkin_ws/src/cpp_solver/src/updateDistance.cpp:32(occupancyGridCallback)] [topics: /rosout, /edge_distance] Map origin x: -7.415, y: -7.323
806.300000000 INFO /updateDistance [/home/wcqw/ac-slam/catkin_ws/src/cpp_solver/src/updateDistance.cpp:87(occupancyGridCallback)] [topics: /rosout, /edge_distance] Free vertices size: 30
806.300000000 INFO /updateDistance [/home/wcqw/ac-slam/catkin_ws/src/cpp_solver/src/updateDistance.cpp:128(occupancyGridCallback)] [topics: /rosout, /edge_distance] 444 edge distance updated
806.900000000 INFO /Navigator [/home/wcqw/ac-slam/catkin_ws/src/cpp_solver/src/MyPlanner.cpp:481(findExplorationTarget)] [topics: /rosout, /cmd, /Navigator/plan, /Navigator/markers, /Navigator/frontiers, /Navigator/frontier_to_vertex, /Navigator/nav_goal, /Navigator/prior_map, /Navigator/visual_tsp_path, /Navigator/tsp_index, /Navigator/path_finder, /Navigator/dist_map, /finished_topic, /request_replan, /Explore/result, /Explore/feedback, /Explore/status, /MoveTo/result, /MoveTo/feedback, /MoveTo/status, /Localize/result, /Localize/feedback, /Localize/status, /GetFirstMap/result, /GetFirstMap/feedback, /GetFirstMap/status] Call local replanning...
806.900000000 INFO /path_planner [path_planner.py:295(PathPlanner.handle_replanning)] [topics: /pose_graph_idx, /rosout, /edge_distance, /clock, /slam_pose_graph] Replanning request. curr_vertex_idx: 24
806.900000000 INFO /path_planner [path_planner.py:296(PathPlanner.handle_replanning)] [topics: /pose_graph_idx, /rosout, /edge_distance, /clock, /slam_pose_graph]                     covered_vertices: ()
806.900000000 INFO /path_planner [path_planner.py:310(PathPlanner.handle_replanning)] [topics: /pose_graph_idx, /rosout, /edge_distance, /clock, /slam_pose_graph] Handle local replanning...
806.900000000 INFO /path_planner [path_planner.py:363(PathPlanner.handle_local_replanning)] [topics: /pose_graph_idx, /rosout, /edge_distance, /clock, /slam_pose_graph] Local path to replan: [26, 27, 33, 34, 28, 22, 21, 38, 37]
806.900000000 INFO /path_planner [path_planner.py:322(PathPlanner.handle_replanning)] [topics: /pose_graph_idx, /rosout, /edge_distance, /clock, /slam_pose_graph] curr path length: 43, is_loop length: 43
806.900000000 INFO /path_planner [path_planner.py:334(PathPlanner.handle_replanning)] [topics: /pose_graph_idx, /rosout, /edge_distance, /clock, /slam_pose_graph] Send new plan: 8 7 6 5 4 3 9 15 16 10 11 35 37 20 19 15(L) 19 23 29 30 24 25 31 32 26  ---> 27 33 34 28 22 21 38 37(L) 38 36 12 13 14 8(L) 14 18 17 21(L) 
812.400000000 INFO /updateDistance [/home/wcqw/ac-slam/catkin_ws/src/cpp_solver/src/updateDistance.cpp:29(occupancyGridCallback)] [topics: /rosout, /edge_distance] Received an OccupancyGrid message!
812.400000000 INFO /updateDistance [/home/wcqw/ac-slam/catkin_ws/src/cpp_solver/src/updateDistance.cpp:30(occupancyGridCallback)] [topics: /rosout, /edge_distance] Width: 716, Height: 733, Size: 524828
812.400000000 INFO /updateDistance [/home/wcqw/ac-slam/catkin_ws/src/cpp_solver/src/updateDistance.cpp:32(occupancyGridCallback)] [topics: /rosout, /edge_distance] Map origin x: -7.415, y: -7.323
812.500000000 INFO /updateDistance [/home/wcqw/ac-slam/catkin_ws/src/cpp_solver/src/updateDistance.cpp:87(occupancyGridCallback)] [topics: /rosout, /edge_distance] Free vertices size: 31
812.500000000 INFO /updateDistance [/home/wcqw/ac-slam/catkin_ws/src/cpp_solver/src/updateDistance.cpp:128(occupancyGridCallback)] [topics: /rosout, /edge_distance] 444 edge distance updated
813.100000000 INFO /Navigator [/home/wcqw/ac-slam/catkin_ws/src/cpp_solver/src/MyPlanner.cpp:481(findExplorationTarget)] [topics: /rosout, /cmd, /Navigator/plan, /Navigator/markers, /Navigator/frontiers, /Navigator/frontier_to_vertex, /Navigator/nav_goal, /Navigator/prior_map, /Navigator/visual_tsp_path, /Navigator/tsp_index, /Navigator/path_finder, /Navigator/dist_map, /finished_topic, /request_replan, /Explore/result, /Explore/feedback, /Explore/status, /MoveTo/result, /MoveTo/feedback, /MoveTo/status, /Localize/result, /Localize/feedback, /Localize/status, /GetFirstMap/result, /GetFirstMap/feedback, /GetFirstMap/status] Call local replanning...
813.100000000 INFO /path_planner [path_planner.py:295(PathPlanner.handle_replanning)] [topics: /pose_graph_idx, /rosout, /edge_distance, /clock, /slam_pose_graph] Replanning request. curr_vertex_idx: 24
813.100000000 INFO /path_planner [path_planner.py:296(PathPlanner.handle_replanning)] [topics: /pose_graph_idx, /rosout, /edge_distance, /clock, /slam_pose_graph]                     covered_vertices: ()
813.100000000 INFO /path_planner [path_planner.py:310(PathPlanner.handle_replanning)] [topics: /pose_graph_idx, /rosout, /edge_distance, /clock, /slam_pose_graph] Handle local replanning...
813.100000000 INFO /path_planner [path_planner.py:363(PathPlanner.handle_local_replanning)] [topics: /pose_graph_idx, /rosout, /edge_distance, /clock, /slam_pose_graph] Local path to replan: [26, 27, 33, 34, 28, 22, 21, 38, 37]
813.100000000 INFO /path_planner [path_planner.py:322(PathPlanner.handle_replanning)] [topics: /pose_graph_idx, /rosout, /edge_distance, /clock, /slam_pose_graph] curr path length: 43, is_loop length: 43
813.100000000 INFO /path_planner [path_planner.py:334(PathPlanner.handle_replanning)] [topics: /pose_graph_idx, /rosout, /edge_distance, /clock, /slam_pose_graph] Send new plan: 8 7 6 5 4 3 9 15 16 10 11 35 37 20 19 15(L) 19 23 29 30 24 25 31 32 26  ---> 27 33 34 28 22 21 38 37(L) 38 36 12 13 14 8(L) 14 18 17 21(L) 
818.400000000 INFO /updateDistance [/home/wcqw/ac-slam/catkin_ws/src/cpp_solver/src/updateDistance.cpp:29(occupancyGridCallback)] [topics: /rosout, /edge_distance] Received an OccupancyGrid message!
818.400000000 INFO /updateDistance [/home/wcqw/ac-slam/catkin_ws/src/cpp_solver/src/updateDistance.cpp:30(occupancyGridCallback)] [topics: /rosout, /edge_distance] Width: 716, Height: 733, Size: 524828
818.400000000 INFO /updateDistance [/home/wcqw/ac-slam/catkin_ws/src/cpp_solver/src/updateDistance.cpp:32(occupancyGridCallback)] [topics: /rosout, /edge_distance] Map origin x: -7.415, y: -7.323
818.400000000 INFO /updateDistance [/home/wcqw/ac-slam/catkin_ws/src/cpp_solver/src/updateDistance.cpp:87(occupancyGridCallback)] [topics: /rosout, /edge_distance] Free vertices size: 31
818.400000000 INFO /updateDistance [/home/wcqw/ac-slam/catkin_ws/src/cpp_solver/src/updateDistance.cpp:128(occupancyGridCallback)] [topics: /rosout, /edge_distance] 444 edge distance updated
818.800000000 INFO /Navigator [/home/wcqw/ac-slam/catkin_ws/src/cpp_solver/src/MyPlanner.cpp:481(findExplorationTarget)] [topics: /rosout, /cmd, /Navigator/plan, /Navigator/markers, /Navigator/frontiers, /Navigator/frontier_to_vertex, /Navigator/nav_goal, /Navigator/prior_map, /Navigator/visual_tsp_path, /Navigator/tsp_index, /Navigator/path_finder, /Navigator/dist_map, /finished_topic, /request_replan, /Explore/result, /Explore/feedback, /Explore/status, /MoveTo/result, /MoveTo/feedback, /MoveTo/status, /Localize/result, /Localize/feedback, /Localize/status, /GetFirstMap/result, /GetFirstMap/feedback, /GetFirstMap/status] Call local replanning...
818.800000000 INFO /path_planner [path_planner.py:295(PathPlanner.handle_replanning)] [topics: /pose_graph_idx, /rosout, /edge_distance, /clock, /slam_pose_graph] Replanning request. curr_vertex_idx: 24
818.800000000 INFO /path_planner [path_planner.py:296(PathPlanner.handle_replanning)] [topics: /pose_graph_idx, /rosout, /edge_distance, /clock, /slam_pose_graph]                     covered_vertices: ()
818.800000000 INFO /path_planner [path_planner.py:310(PathPlanner.handle_replanning)] [topics: /pose_graph_idx, /rosout, /edge_distance, /clock, /slam_pose_graph] Handle local replanning...
818.800000000 INFO /path_planner [path_planner.py:363(PathPlanner.handle_local_replanning)] [topics: /pose_graph_idx, /rosout, /edge_distance, /clock, /slam_pose_graph] Local path to replan: [26, 27, 33, 34, 28, 22, 21, 38, 37]
818.800000000 INFO /path_planner [path_planner.py:322(PathPlanner.handle_replanning)] [topics: /pose_graph_idx, /rosout, /edge_distance, /clock, /slam_pose_graph] curr path length: 43, is_loop length: 43
818.800000000 INFO /path_planner [path_planner.py:334(PathPlanner.handle_replanning)] [topics: /pose_graph_idx, /rosout, /edge_distance, /clock, /slam_pose_graph] Send new plan: 8 7 6 5 4 3 9 15 16 10 11 35 37 20 19 15(L) 19 23 29 30 24 25 31 32 26  ---> 27 33 34 28 22 21 38 37(L) 38 36 12 13 14 8(L) 14 18 17 21(L) 
824.400000000 INFO /updateDistance [/home/wcqw/ac-slam/catkin_ws/src/cpp_solver/src/updateDistance.cpp:29(occupancyGridCallback)] [topics: /rosout, /edge_distance] Received an OccupancyGrid message!
824.400000000 INFO /updateDistance [/home/wcqw/ac-slam/catkin_ws/src/cpp_solver/src/updateDistance.cpp:30(occupancyGridCallback)] [topics: /rosout, /edge_distance] Width: 716, Height: 733, Size: 524828
824.400000000 INFO /updateDistance [/home/wcqw/ac-slam/catkin_ws/src/cpp_solver/src/updateDistance.cpp:32(occupancyGridCallback)] [topics: /rosout, /edge_distance] Map origin x: -7.415, y: -7.323
824.400000000 INFO /updateDistance [/home/wcqw/ac-slam/catkin_ws/src/cpp_solver/src/updateDistance.cpp:87(occupancyGridCallback)] [topics: /rosout, /edge_distance] Free vertices size: 31
824.400000000 INFO /updateDistance [/home/wcqw/ac-slam/catkin_ws/src/cpp_solver/src/updateDistance.cpp:128(occupancyGridCallback)] [topics: /rosout, /edge_distance] 444 edge distance updated
824.800000000 INFO /Navigator [/home/wcqw/ac-slam/catkin_ws/src/cpp_solver/src/MyPlanner.cpp:481(findExplorationTarget)] [topics: /rosout, /cmd, /Navigator/plan, /Navigator/markers, /Navigator/frontiers, /Navigator/frontier_to_vertex, /Navigator/nav_goal, /Navigator/prior_map, /Navigator/visual_tsp_path, /Navigator/tsp_index, /Navigator/path_finder, /Navigator/dist_map, /finished_topic, /request_replan, /Explore/result, /Explore/feedback, /Explore/status, /MoveTo/result, /MoveTo/feedback, /MoveTo/status, /Localize/result, /Localize/feedback, /Localize/status, /GetFirstMap/result, /GetFirstMap/feedback, /GetFirstMap/status] Call local replanning...
824.800000000 INFO /path_planner [path_planner.py:295(PathPlanner.handle_replanning)] [topics: /pose_graph_idx, /rosout, /edge_distance, /clock, /slam_pose_graph] Replanning request. curr_vertex_idx: 24
824.800000000 INFO /path_planner [path_planner.py:296(PathPlanner.handle_replanning)] [topics: /pose_graph_idx, /rosout, /edge_distance, /clock, /slam_pose_graph]                     covered_vertices: ()
824.800000000 INFO /path_planner [path_planner.py:310(PathPlanner.handle_replanning)] [topics: /pose_graph_idx, /rosout, /edge_distance, /clock, /slam_pose_graph] Handle local replanning...
824.800000000 INFO /path_planner [path_planner.py:363(PathPlanner.handle_local_replanning)] [topics: /pose_graph_idx, /rosout, /edge_distance, /clock, /slam_pose_graph] Local path to replan: [26, 27, 33, 34, 28, 22, 21, 38, 37]
824.800000000 INFO /path_planner [path_planner.py:322(PathPlanner.handle_replanning)] [topics: /pose_graph_idx, /rosout, /edge_distance, /clock, /slam_pose_graph] curr path length: 43, is_loop length: 43
824.800000000 INFO /path_planner [path_planner.py:334(PathPlanner.handle_replanning)] [topics: /pose_graph_idx, /rosout, /edge_distance, /clock, /slam_pose_graph] Send new plan: 8 7 6 5 4 3 9 15 16 10 11 35 37 20 19 15(L) 19 23 29 30 24 25 31 32 26  ---> 27 33 34 28 22 21 38 37(L) 38 36 12 13 14 8(L) 14 18 17 21(L) 
830.400000000 INFO /updateDistance [/home/wcqw/ac-slam/catkin_ws/src/cpp_solver/src/updateDistance.cpp:29(occupancyGridCallback)] [topics: /rosout, /edge_distance] Received an OccupancyGrid message!
830.400000000 INFO /updateDistance [/home/wcqw/ac-slam/catkin_ws/src/cpp_solver/src/updateDistance.cpp:30(occupancyGridCallback)] [topics: /rosout, /edge_distance] Width: 716, Height: 733, Size: 524828
830.400000000 INFO /updateDistance [/home/wcqw/ac-slam/catkin_ws/src/cpp_solver/src/updateDistance.cpp:32(occupancyGridCallback)] [topics: /rosout, /edge_distance] Map origin x: -7.415, y: -7.323
830.400000000 INFO /updateDistance [/home/wcqw/ac-slam/catkin_ws/src/cpp_solver/src/updateDistance.cpp:87(occupancyGridCallback)] [topics: /rosout, /edge_distance] Free vertices size: 31
830.400000000 INFO /updateDistance [/home/wcqw/ac-slam/catkin_ws/src/cpp_solver/src/updateDistance.cpp:128(occupancyGridCallback)] [topics: /rosout, /edge_distance] 444 edge distance updated
831.000000000 INFO /Navigator [/home/wcqw/ac-slam/catkin_ws/src/cpp_solver/src/MyPlanner.cpp:481(findExplorationTarget)] [topics: /rosout, /cmd, /Navigator/plan, /Navigator/markers, /Navigator/frontiers, /Navigator/frontier_to_vertex, /Navigator/nav_goal, /Navigator/prior_map, /Navigator/visual_tsp_path, /Navigator/tsp_index, /Navigator/path_finder, /Navigator/dist_map, /finished_topic, /request_replan, /Explore/result, /Explore/feedback, /Explore/status, /MoveTo/result, /MoveTo/feedback, /MoveTo/status, /Localize/result, /Localize/feedback, /Localize/status, /GetFirstMap/result, /GetFirstMap/feedback, /GetFirstMap/status] Call local replanning...
831.000000000 INFO /path_planner [path_planner.py:295(PathPlanner.handle_replanning)] [topics: /pose_graph_idx, /rosout, /edge_distance, /clock, /slam_pose_graph] Replanning request. curr_vertex_idx: 24
831.000000000 INFO /path_planner [path_planner.py:296(PathPlanner.handle_replanning)] [topics: /pose_graph_idx, /rosout, /edge_distance, /clock, /slam_pose_graph]                     covered_vertices: ()
831.000000000 INFO /path_planner [path_planner.py:310(PathPlanner.handle_replanning)] [topics: /pose_graph_idx, /rosout, /edge_distance, /clock, /slam_pose_graph] Handle local replanning...
831.000000000 INFO /path_planner [path_planner.py:363(PathPlanner.handle_local_replanning)] [topics: /pose_graph_idx, /rosout, /edge_distance, /clock, /slam_pose_graph] Local path to replan: [26, 27, 33, 34, 28, 22, 21, 38, 37]
831.000000000 INFO /path_planner [path_planner.py:322(PathPlanner.handle_replanning)] [topics: /pose_graph_idx, /rosout, /edge_distance, /clock, /slam_pose_graph] curr path length: 43, is_loop length: 43
831.000000000 INFO /path_planner [path_planner.py:334(PathPlanner.handle_replanning)] [topics: /pose_graph_idx, /rosout, /edge_distance, /clock, /slam_pose_graph] Send new plan: 8 7 6 5 4 3 9 15 16 10 11 35 37 20 19 15(L) 19 23 29 30 24 25 31 32 26  ---> 27 33 34 28 22 21 38 37(L) 38 36 12 13 14 8(L) 14 18 17 21(L) 
831.000000000 INFO /Navigator [/home/wcqw/ac-slam/catkin_ws/src/cpp_solver/src/MyPlanner.cpp:509(findExplorationTarget)] [topics: /rosout, /cmd, /Navigator/plan, /Navigator/markers, /Navigator/frontiers, /Navigator/frontier_to_vertex, /Navigator/nav_goal, /Navigator/prior_map, /Navigator/visual_tsp_path, /Navigator/tsp_index, /Navigator/path_finder, /Navigator/dist_map, /finished_topic, /request_replan, /Explore/result, /Explore/feedback, /Explore/status, /MoveTo/result, /MoveTo/feedback, /MoveTo/status, /Localize/result, /Localize/feedback, /Localize/status, /GetFirstMap/result, /GetFirstMap/feedback, /GetFirstMap/status] Reach vertex 26
831.000000000 INFO /Navigator [/home/wcqw/ac-slam/catkin_ws/src/cpp_solver/src/MyPlanner.cpp:613(findExplorationTarget)] [topics: /rosout, /cmd, /Navigator/plan, /Navigator/markers, /Navigator/frontiers, /Navigator/frontier_to_vertex, /Navigator/nav_goal, /Navigator/prior_map, /Navigator/visual_tsp_path, /Navigator/tsp_index, /Navigator/path_finder, /Navigator/dist_map, /finished_topic, /request_replan, /Explore/result, /Explore/feedback, /Explore/status, /MoveTo/result, /MoveTo/feedback, /MoveTo/status, /Localize/result, /Localize/feedback, /Localize/status, /GetFirstMap/result, /GetFirstMap/feedback, /GetFirstMap/status] Explore Goal 26 's frontiers...
836.400000000 INFO /updateDistance [/home/wcqw/ac-slam/catkin_ws/src/cpp_solver/src/updateDistance.cpp:29(occupancyGridCallback)] [topics: /rosout, /edge_distance] Received an OccupancyGrid message!
836.400000000 INFO /updateDistance [/home/wcqw/ac-slam/catkin_ws/src/cpp_solver/src/updateDistance.cpp:30(occupancyGridCallback)] [topics: /rosout, /edge_distance] Width: 717, Height: 733, Size: 525561
836.400000000 INFO /updateDistance [/home/wcqw/ac-slam/catkin_ws/src/cpp_solver/src/updateDistance.cpp:32(occupancyGridCallback)] [topics: /rosout, /edge_distance] Map origin x: -7.415, y: -7.323
836.400000000 WARN /RVIZ [/tmp/binarydeb/ros-noetic-tf2-0.7.10/src/buffer_core.cpp:277()] [topics: /rosout, /initialpose, /goal, /clicked_point] TF_REPEATED_DATA ignoring data with redundant timestamp for frame odom (parent offset) at time 836.400000 according to authority unknown_publisher
836.400000000 WARN /RVIZ [/tmp/binarydeb/ros-noetic-tf2-0.7.10/src/buffer_core.cpp:277()] [topics: /rosout, /initialpose, /goal, /clicked_point] TF_REPEATED_DATA ignoring data with redundant timestamp for frame offset (parent map) at time 836.400000 according to authority unknown_publisher
836.400000000 INFO /path_planner [path_planner.py:638(PathPlanner.handle_pose_graph)] [topics: /pose_graph_idx, /rosout, /edge_distance, /clock, /slam_pose_graph] Really visited vertices: 8 7 6 5 4 3 9 15 16 35 11 35 37 20 19 15 19 23 29 30 31 25 31 32 26 
836.400000000 INFO /updateDistance [/home/wcqw/ac-slam/catkin_ws/src/cpp_solver/src/updateDistance.cpp:87(occupancyGridCallback)] [topics: /rosout, /edge_distance] Free vertices size: 31
836.400000000 INFO /updateDistance [/home/wcqw/ac-slam/catkin_ws/src/cpp_solver/src/updateDistance.cpp:128(occupancyGridCallback)] [topics: /rosout, /edge_distance] 444 edge distance updated
836.400000000 INFO /updateDistance [/home/wcqw/ac-slam/catkin_ws/src/cpp_solver/src/updateDistance.cpp:29(occupancyGridCallback)] [topics: /rosout, /edge_distance] Received an OccupancyGrid message!
836.400000000 INFO /updateDistance [/home/wcqw/ac-slam/catkin_ws/src/cpp_solver/src/updateDistance.cpp:30(occupancyGridCallback)] [topics: /rosout, /edge_distance] Width: 717, Height: 733, Size: 525561
836.400000000 INFO /updateDistance [/home/wcqw/ac-slam/catkin_ws/src/cpp_solver/src/updateDistance.cpp:32(occupancyGridCallback)] [topics: /rosout, /edge_distance] Map origin x: -7.415, y: -7.323
836.400000000 INFO /RVIZ [/tmp/binarydeb/ros-noetic-rviz-1.14.26/src/rviz/default_plugin/map_display.cpp:604(MapDisplay::createSwatches)] [topics: /rosout, /initialpose, /goal, /clicked_point] Creating 1 swatches
836.400000000 INFO /updateDistance [/home/wcqw/ac-slam/catkin_ws/src/cpp_solver/src/updateDistance.cpp:87(occupancyGridCallback)] [topics: /rosout, /edge_distance] Free vertices size: 31
836.400000000 INFO /updateDistance [/home/wcqw/ac-slam/catkin_ws/src/cpp_solver/src/updateDistance.cpp:128(occupancyGridCallback)] [topics: /rosout, /edge_distance] 444 edge distance updated
836.800000000 INFO /Navigator [/home/wcqw/ac-slam/catkin_ws/src/cpp_solver/src/MyPlanner.cpp:481(findExplorationTarget)] [topics: /rosout, /cmd, /Navigator/plan, /Navigator/markers, /Navigator/frontiers, /Navigator/frontier_to_vertex, /Navigator/nav_goal, /Navigator/prior_map, /Navigator/visual_tsp_path, /Navigator/tsp_index, /Navigator/path_finder, /Navigator/dist_map, /finished_topic, /request_replan, /Explore/result, /Explore/feedback, /Explore/status, /MoveTo/result, /MoveTo/feedback, /MoveTo/status, /Localize/result, /Localize/feedback, /Localize/status, /GetFirstMap/result, /GetFirstMap/feedback, /GetFirstMap/status] Call local replanning...
836.800000000 INFO /path_planner [path_planner.py:295(PathPlanner.handle_replanning)] [topics: /pose_graph_idx, /rosout, /edge_distance, /clock, /slam_pose_graph] Replanning request. curr_vertex_idx: 24
836.800000000 INFO /path_planner [path_planner.py:296(PathPlanner.handle_replanning)] [topics: /pose_graph_idx, /rosout, /edge_distance, /clock, /slam_pose_graph]                     covered_vertices: ()
836.800000000 INFO /path_planner [path_planner.py:310(PathPlanner.handle_replanning)] [topics: /pose_graph_idx, /rosout, /edge_distance, /clock, /slam_pose_graph] Handle local replanning...
836.800000000 INFO /path_planner [path_planner.py:363(PathPlanner.handle_local_replanning)] [topics: /pose_graph_idx, /rosout, /edge_distance, /clock, /slam_pose_graph] Local path to replan: [26, 27, 33, 34, 28, 22, 21, 38, 37]
836.800000000 INFO /path_planner [path_planner.py:322(PathPlanner.handle_replanning)] [topics: /pose_graph_idx, /rosout, /edge_distance, /clock, /slam_pose_graph] curr path length: 43, is_loop length: 43
836.800000000 INFO /path_planner [path_planner.py:334(PathPlanner.handle_replanning)] [topics: /pose_graph_idx, /rosout, /edge_distance, /clock, /slam_pose_graph] Send new plan: 8 7 6 5 4 3 9 15 16 10 11 35 37 20 19 15(L) 19 23 29 30 24 25 31 32 26  ---> 27 33 34 28 22 21 38 37(L) 38 36 12 13 14 8(L) 14 18 17 21(L) 
836.800000000 INFO /Navigator [/home/wcqw/ac-slam/catkin_ws/src/cpp_solver/src/MyPlanner.cpp:613(findExplorationTarget)] [topics: /rosout, /cmd, /Navigator/plan, /Navigator/markers, /Navigator/frontiers, /Navigator/frontier_to_vertex, /Navigator/nav_goal, /Navigator/prior_map, /Navigator/visual_tsp_path, /Navigator/tsp_index, /Navigator/path_finder, /Navigator/dist_map, /finished_topic, /request_replan, /Explore/result, /Explore/feedback, /Explore/status, /MoveTo/result, /MoveTo/feedback, /MoveTo/status, /Localize/result, /Localize/feedback, /Localize/status, /GetFirstMap/result, /GetFirstMap/feedback, /GetFirstMap/status] Explore Goal 26 's frontiers...
838.400000000 INFO /updateDistance [/home/wcqw/ac-slam/catkin_ws/src/cpp_solver/src/updateDistance.cpp:29(occupancyGridCallback)] [topics: /rosout, /edge_distance] Received an OccupancyGrid message!
838.400000000 INFO /updateDistance [/home/wcqw/ac-slam/catkin_ws/src/cpp_solver/src/updateDistance.cpp:30(occupancyGridCallback)] [topics: /rosout, /edge_distance] Width: 720, Height: 733, Size: 527760
838.400000000 INFO /updateDistance [/home/wcqw/ac-slam/catkin_ws/src/cpp_solver/src/updateDistance.cpp:32(occupancyGridCallback)] [topics: /rosout, /edge_distance] Map origin x: -7.415, y: -7.323
838.400000000 INFO /RVIZ [/tmp/binarydeb/ros-noetic-rviz-1.14.26/src/rviz/default_plugin/map_display.cpp:604(MapDisplay::createSwatches)] [topics: /rosout, /initialpose, /goal, /clicked_point] Creating 1 swatches
838.400000000 INFO /updateDistance [/home/wcqw/ac-slam/catkin_ws/src/cpp_solver/src/updateDistance.cpp:87(occupancyGridCallback)] [topics: /rosout, /edge_distance] Free vertices size: 32
838.800000000 INFO /updateDistance [/home/wcqw/ac-slam/catkin_ws/src/cpp_solver/src/updateDistance.cpp:128(occupancyGridCallback)] [topics: /rosout, /edge_distance] 473 edge distance updated
838.800000000 INFO /Navigator [/home/wcqw/ac-slam/catkin_ws/src/cpp_solver/src/MyPlanner.cpp:481(findExplorationTarget)] [topics: /rosout, /cmd, /Navigator/plan, /Navigator/markers, /Navigator/frontiers, /Navigator/frontier_to_vertex, /Navigator/nav_goal, /Navigator/prior_map, /Navigator/visual_tsp_path, /Navigator/tsp_index, /Navigator/path_finder, /Navigator/dist_map, /finished_topic, /request_replan, /Explore/result, /Explore/feedback, /Explore/status, /MoveTo/result, /MoveTo/feedback, /MoveTo/status, /Localize/result, /Localize/feedback, /Localize/status, /GetFirstMap/result, /GetFirstMap/feedback, /GetFirstMap/status] Call local replanning...
838.800000000 INFO /path_planner [path_planner.py:295(PathPlanner.handle_replanning)] [topics: /pose_graph_idx, /rosout, /edge_distance, /clock, /slam_pose_graph] Replanning request. curr_vertex_idx: 24
838.800000000 INFO /path_planner [path_planner.py:296(PathPlanner.handle_replanning)] [topics: /pose_graph_idx, /rosout, /edge_distance, /clock, /slam_pose_graph]                     covered_vertices: ()
838.800000000 INFO /path_planner [path_planner.py:310(PathPlanner.handle_replanning)] [topics: /pose_graph_idx, /rosout, /edge_distance, /clock, /slam_pose_graph] Handle local replanning...
838.800000000 INFO /path_planner [path_planner.py:363(PathPlanner.handle_local_replanning)] [topics: /pose_graph_idx, /rosout, /edge_distance, /clock, /slam_pose_graph] Local path to replan: [26, 27, 33, 34, 28, 22, 21, 38, 37]
838.800000000 INFO /path_planner [path_planner.py:322(PathPlanner.handle_replanning)] [topics: /pose_graph_idx, /rosout, /edge_distance, /clock, /slam_pose_graph] curr path length: 43, is_loop length: 43
838.800000000 INFO /path_planner [path_planner.py:334(PathPlanner.handle_replanning)] [topics: /pose_graph_idx, /rosout, /edge_distance, /clock, /slam_pose_graph] Send new plan: 8 7 6 5 4 3 9 15 16 10 11 35 37 20 19 15(L) 19 23 29 30 24 25 31 32 26  ---> 27 33 34 28 22 21 38 37(L) 38 36 12 13 14 8(L) 14 18 17 21(L) 
838.800000000 WARN /Navigator [/home/wcqw/ac-slam/catkin_ws/src/cpp_solver/src/MyPlanner.cpp:570(findExplorationTarget)] [topics: /rosout, /cmd, /Navigator/plan, /Navigator/markers, /Navigator/frontiers, /Navigator/frontier_to_vertex, /Navigator/nav_goal, /Navigator/prior_map, /Navigator/visual_tsp_path, /Navigator/tsp_index, /Navigator/path_finder, /Navigator/dist_map, /finished_topic, /request_replan, /Explore/result, /Explore/feedback, /Explore/status, /MoveTo/result, /MoveTo/feedback, /MoveTo/status, /Localize/result, /Localize/feedback, /Localize/status, /GetFirstMap/result, /GetFirstMap/feedback, /GetFirstMap/status] No frontier at vertex 26. #Frontier: 0
838.800000000 INFO /Navigator [/home/wcqw/ac-slam/catkin_ws/src/cpp_solver/src/MyPlanner.cpp:310(getUsefulGoalIndex)] [topics: /rosout, /cmd, /Navigator/plan, /Navigator/markers, /Navigator/frontiers, /Navigator/frontier_to_vertex, /Navigator/nav_goal, /Navigator/prior_map, /Navigator/visual_tsp_path, /Navigator/tsp_index, /Navigator/path_finder, /Navigator/dist_map, /finished_topic, /request_replan, /Explore/result, /Explore/feedback, /Explore/status, /MoveTo/result, /MoveTo/feedback, /MoveTo/status, /Localize/result, /Localize/feedback, /Localize/status, /GetFirstMap/result, /GetFirstMap/feedback, /GetFirstMap/status] Set newGoal 27
844.100000000 INFO /updateDistance [/home/wcqw/ac-slam/catkin_ws/src/cpp_solver/src/updateDistance.cpp:29(occupancyGridCallback)] [topics: /rosout, /edge_distance] Received an OccupancyGrid message!
844.100000000 INFO /updateDistance [/home/wcqw/ac-slam/catkin_ws/src/cpp_solver/src/updateDistance.cpp:30(occupancyGridCallback)] [topics: /rosout, /edge_distance] Width: 722, Height: 733, Size: 529226
844.100000000 INFO /updateDistance [/home/wcqw/ac-slam/catkin_ws/src/cpp_solver/src/updateDistance.cpp:32(occupancyGridCallback)] [topics: /rosout, /edge_distance] Map origin x: -7.415, y: -7.323
844.100000000 INFO /path_planner [path_planner.py:638(PathPlanner.handle_pose_graph)] [topics: /pose_graph_idx, /rosout, /edge_distance, /clock, /slam_pose_graph] Really visited vertices: 8 7 6 5 4 3 9 15 16 35 11 35 37 20 19 15 19 23 29 30 31 25 31 32 26 
844.100000000 INFO /updateDistance [/home/wcqw/ac-slam/catkin_ws/src/cpp_solver/src/updateDistance.cpp:87(occupancyGridCallback)] [topics: /rosout, /edge_distance] Free vertices size: 33
844.100000000 INFO /RVIZ [/tmp/binarydeb/ros-noetic-rviz-1.14.26/src/rviz/default_plugin/map_display.cpp:604(MapDisplay::createSwatches)] [topics: /rosout, /initialpose, /goal, /clicked_point] Creating 1 swatches
844.400000000 INFO /updateDistance [/home/wcqw/ac-slam/catkin_ws/src/cpp_solver/src/updateDistance.cpp:128(occupancyGridCallback)] [topics: /rosout, /edge_distance] 503 edge distance updated
844.400000000 INFO /updateDistance [/home/wcqw/ac-slam/catkin_ws/src/cpp_solver/src/updateDistance.cpp:29(occupancyGridCallback)] [topics: /rosout, /edge_distance] Received an OccupancyGrid message!
844.400000000 INFO /updateDistance [/home/wcqw/ac-slam/catkin_ws/src/cpp_solver/src/updateDistance.cpp:30(occupancyGridCallback)] [topics: /rosout, /edge_distance] Width: 722, Height: 733, Size: 529226
844.400000000 INFO /updateDistance [/home/wcqw/ac-slam/catkin_ws/src/cpp_solver/src/updateDistance.cpp:32(occupancyGridCallback)] [topics: /rosout, /edge_distance] Map origin x: -7.415, y: -7.323
844.400000000 INFO /updateDistance [/home/wcqw/ac-slam/catkin_ws/src/cpp_solver/src/updateDistance.cpp:87(occupancyGridCallback)] [topics: /rosout, /edge_distance] Free vertices size: 33
844.400000000 INFO /updateDistance [/home/wcqw/ac-slam/catkin_ws/src/cpp_solver/src/updateDistance.cpp:128(occupancyGridCallback)] [topics: /rosout, /edge_distance] 503 edge distance updated
844.700000000 INFO /Navigator [/home/wcqw/ac-slam/catkin_ws/src/cpp_solver/src/MyPlanner.cpp:481(findExplorationTarget)] [topics: /rosout, /cmd, /Navigator/plan, /Navigator/markers, /Navigator/frontiers, /Navigator/frontier_to_vertex, /Navigator/nav_goal, /Navigator/prior_map, /Navigator/visual_tsp_path, /Navigator/tsp_index, /Navigator/path_finder, /Navigator/dist_map, /finished_topic, /request_replan, /Explore/result, /Explore/feedback, /Explore/status, /MoveTo/result, /MoveTo/feedback, /MoveTo/status, /Localize/result, /Localize/feedback, /Localize/status, /GetFirstMap/result, /GetFirstMap/feedback, /GetFirstMap/status] Call local replanning...
844.700000000 INFO /path_planner [path_planner.py:295(PathPlanner.handle_replanning)] [topics: /pose_graph_idx, /rosout, /edge_distance, /clock, /slam_pose_graph] Replanning request. curr_vertex_idx: 25
844.700000000 INFO /path_planner [path_planner.py:296(PathPlanner.handle_replanning)] [topics: /pose_graph_idx, /rosout, /edge_distance, /clock, /slam_pose_graph]                     covered_vertices: ()
844.700000000 INFO /path_planner [path_planner.py:310(PathPlanner.handle_replanning)] [topics: /pose_graph_idx, /rosout, /edge_distance, /clock, /slam_pose_graph] Handle local replanning...
844.700000000 INFO /path_planner [path_planner.py:363(PathPlanner.handle_local_replanning)] [topics: /pose_graph_idx, /rosout, /edge_distance, /clock, /slam_pose_graph] Local path to replan: [27, 33, 34, 28, 22, 21, 38, 37]
844.700000000 INFO /path_planner [path_planner.py:322(PathPlanner.handle_replanning)] [topics: /pose_graph_idx, /rosout, /edge_distance, /clock, /slam_pose_graph] curr path length: 43, is_loop length: 43
844.700000000 INFO /path_planner [path_planner.py:334(PathPlanner.handle_replanning)] [topics: /pose_graph_idx, /rosout, /edge_distance, /clock, /slam_pose_graph] Send new plan: 8 7 6 5 4 3 9 15 16 10 11 35 37 20 19 15(L) 19 23 29 30 24 25 31 32 26 27  ---> 33 34 28 22 21 38 37(L) 38 36 12 13 14 8(L) 14 18 17 21(L) 
844.700000000 INFO /Navigator [/home/wcqw/ac-slam/catkin_ws/src/cpp_solver/src/MyPlanner.cpp:509(findExplorationTarget)] [topics: /rosout, /cmd, /Navigator/plan, /Navigator/markers, /Navigator/frontiers, /Navigator/frontier_to_vertex, /Navigator/nav_goal, /Navigator/prior_map, /Navigator/visual_tsp_path, /Navigator/tsp_index, /Navigator/path_finder, /Navigator/dist_map, /finished_topic, /request_replan, /Explore/result, /Explore/feedback, /Explore/status, /MoveTo/result, /MoveTo/feedback, /MoveTo/status, /Localize/result, /Localize/feedback, /Localize/status, /GetFirstMap/result, /GetFirstMap/feedback, /GetFirstMap/status] Reach vertex 27
844.700000000 WARN /Navigator [/home/wcqw/ac-slam/catkin_ws/src/cpp_solver/src/MyPlanner.cpp:570(findExplorationTarget)] [topics: /rosout, /cmd, /Navigator/plan, /Navigator/markers, /Navigator/frontiers, /Navigator/frontier_to_vertex, /Navigator/nav_goal, /Navigator/prior_map, /Navigator/visual_tsp_path, /Navigator/tsp_index, /Navigator/path_finder, /Navigator/dist_map, /finished_topic, /request_replan, /Explore/result, /Explore/feedback, /Explore/status, /MoveTo/result, /MoveTo/feedback, /MoveTo/status, /Localize/result, /Localize/feedback, /Localize/status, /GetFirstMap/result, /GetFirstMap/feedback, /GetFirstMap/status] No frontier at vertex 27. #Frontier: 0
844.700000000 INFO /Navigator [/home/wcqw/ac-slam/catkin_ws/src/cpp_solver/src/MyPlanner.cpp:304(getUsefulGoalIndex)] [topics: /rosout, /cmd, /Navigator/plan, /Navigator/markers, /Navigator/frontiers, /Navigator/frontier_to_vertex, /Navigator/nav_goal, /Navigator/prior_map, /Navigator/visual_tsp_path, /Navigator/tsp_index, /Navigator/path_finder, /Navigator/dist_map, /finished_topic, /request_replan, /Explore/result, /Explore/feedback, /Explore/status, /MoveTo/result, /MoveTo/feedback, /MoveTo/status, /Localize/result, /Localize/feedback, /Localize/status, /GetFirstMap/result, /GetFirstMap/feedback, /GetFirstMap/status] Skip repeated visit to vertex 33
844.700000000 INFO /Navigator [/home/wcqw/ac-slam/catkin_ws/src/cpp_solver/src/MyPlanner.cpp:310(getUsefulGoalIndex)] [topics: /rosout, /cmd, /Navigator/plan, /Navigator/markers, /Navigator/frontiers, /Navigator/frontier_to_vertex, /Navigator/nav_goal, /Navigator/prior_map, /Navigator/visual_tsp_path, /Navigator/tsp_index, /Navigator/path_finder, /Navigator/dist_map, /finished_topic, /request_replan, /Explore/result, /Explore/feedback, /Explore/status, /MoveTo/result, /MoveTo/feedback, /MoveTo/status, /Localize/result, /Localize/feedback, /Localize/status, /GetFirstMap/result, /GetFirstMap/feedback, /GetFirstMap/status] Set newGoal 34
850.500000000 INFO /updateDistance [/home/wcqw/ac-slam/catkin_ws/src/cpp_solver/src/updateDistance.cpp:29(occupancyGridCallback)] [topics: /rosout, /edge_distance] Received an OccupancyGrid message!
850.500000000 INFO /updateDistance [/home/wcqw/ac-slam/catkin_ws/src/cpp_solver/src/updateDistance.cpp:30(occupancyGridCallback)] [topics: /rosout, /edge_distance] Width: 722, Height: 733, Size: 529226
850.500000000 INFO /updateDistance [/home/wcqw/ac-slam/catkin_ws/src/cpp_solver/src/updateDistance.cpp:32(occupancyGridCallback)] [topics: /rosout, /edge_distance] Map origin x: -7.415, y: -7.323
850.500000000 INFO /updateDistance [/home/wcqw/ac-slam/catkin_ws/src/cpp_solver/src/updateDistance.cpp:87(occupancyGridCallback)] [topics: /rosout, /edge_distance] Free vertices size: 33
850.500000000 INFO /updateDistance [/home/wcqw/ac-slam/catkin_ws/src/cpp_solver/src/updateDistance.cpp:128(occupancyGridCallback)] [topics: /rosout, /edge_distance] 503 edge distance updated
850.500000000 WARN /RVIZ [/tmp/binarydeb/ros-noetic-tf2-0.7.10/src/buffer_core.cpp:277()] [topics: /rosout, /initialpose, /goal, /clicked_point] TF_REPEATED_DATA ignoring data with redundant timestamp for frame odom (parent offset) at time 850.500000 according to authority unknown_publisher
850.500000000 WARN /RVIZ [/tmp/binarydeb/ros-noetic-tf2-0.7.10/src/buffer_core.cpp:277()] [topics: /rosout, /initialpose, /goal, /clicked_point] TF_REPEATED_DATA ignoring data with redundant timestamp for frame offset (parent map) at time 850.500000 according to authority unknown_publisher
850.900000000 INFO /Navigator [/home/wcqw/ac-slam/catkin_ws/src/cpp_solver/src/MyPlanner.cpp:481(findExplorationTarget)] [topics: /rosout, /cmd, /Navigator/plan, /Navigator/markers, /Navigator/frontiers, /Navigator/frontier_to_vertex, /Navigator/nav_goal, /Navigator/prior_map, /Navigator/visual_tsp_path, /Navigator/tsp_index, /Navigator/path_finder, /Navigator/dist_map, /finished_topic, /request_replan, /Explore/result, /Explore/feedback, /Explore/status, /MoveTo/result, /MoveTo/feedback, /MoveTo/status, /Localize/result, /Localize/feedback, /Localize/status, /GetFirstMap/result, /GetFirstMap/feedback, /GetFirstMap/status] Call local replanning...
850.900000000 INFO /path_planner [path_planner.py:295(PathPlanner.handle_replanning)] [topics: /pose_graph_idx, /rosout, /edge_distance, /clock, /slam_pose_graph] Replanning request. curr_vertex_idx: 27
850.900000000 INFO /path_planner [path_planner.py:296(PathPlanner.handle_replanning)] [topics: /pose_graph_idx, /rosout, /edge_distance, /clock, /slam_pose_graph]                     covered_vertices: ()
850.900000000 INFO /path_planner [path_planner.py:310(PathPlanner.handle_replanning)] [topics: /pose_graph_idx, /rosout, /edge_distance, /clock, /slam_pose_graph] Handle local replanning...
850.900000000 INFO /path_planner [path_planner.py:363(PathPlanner.handle_local_replanning)] [topics: /pose_graph_idx, /rosout, /edge_distance, /clock, /slam_pose_graph] Local path to replan: [34, 28, 22, 21, 38, 37]
851.000000000 INFO /path_planner [path_planner.py:322(PathPlanner.handle_replanning)] [topics: /pose_graph_idx, /rosout, /edge_distance, /clock, /slam_pose_graph] curr path length: 43, is_loop length: 43
851.000000000 INFO /path_planner [path_planner.py:334(PathPlanner.handle_replanning)] [topics: /pose_graph_idx, /rosout, /edge_distance, /clock, /slam_pose_graph] Send new plan: 8 7 6 5 4 3 9 15 16 10 11 35 37 20 19 15(L) 19 23 29 30 24 25 31 32 26 27 33 34  ---> 28 22 21 38 37(L) 38 36 12 13 14 8(L) 14 18 17 21(L) 
855.900000000 INFO /updateDistance [/home/wcqw/ac-slam/catkin_ws/src/cpp_solver/src/updateDistance.cpp:29(occupancyGridCallback)] [topics: /rosout, /edge_distance] Received an OccupancyGrid message!
855.900000000 INFO /updateDistance [/home/wcqw/ac-slam/catkin_ws/src/cpp_solver/src/updateDistance.cpp:30(occupancyGridCallback)] [topics: /rosout, /edge_distance] Width: 722, Height: 733, Size: 529226
855.900000000 INFO /updateDistance [/home/wcqw/ac-slam/catkin_ws/src/cpp_solver/src/updateDistance.cpp:32(occupancyGridCallback)] [topics: /rosout, /edge_distance] Map origin x: -7.415, y: -7.323
855.900000000 INFO /path_planner [path_planner.py:638(PathPlanner.handle_pose_graph)] [topics: /pose_graph_idx, /rosout, /edge_distance, /clock, /slam_pose_graph] Really visited vertices: 8 7 6 5 4 3 9 15 16 35 11 35 37 20 19 15 19 23 29 30 31 25 31 32 26 27 
855.900000000 INFO /updateDistance [/home/wcqw/ac-slam/catkin_ws/src/cpp_solver/src/updateDistance.cpp:87(occupancyGridCallback)] [topics: /rosout, /edge_distance] Free vertices size: 33
855.900000000 INFO /updateDistance [/home/wcqw/ac-slam/catkin_ws/src/cpp_solver/src/updateDistance.cpp:128(occupancyGridCallback)] [topics: /rosout, /edge_distance] 503 edge distance updated
856.300000000 INFO /updateDistance [/home/wcqw/ac-slam/catkin_ws/src/cpp_solver/src/updateDistance.cpp:29(occupancyGridCallback)] [topics: /rosout, /edge_distance] Received an OccupancyGrid message!
856.300000000 INFO /updateDistance [/home/wcqw/ac-slam/catkin_ws/src/cpp_solver/src/updateDistance.cpp:30(occupancyGridCallback)] [topics: /rosout, /edge_distance] Width: 722, Height: 733, Size: 529226
856.300000000 INFO /updateDistance [/home/wcqw/ac-slam/catkin_ws/src/cpp_solver/src/updateDistance.cpp:32(occupancyGridCallback)] [topics: /rosout, /edge_distance] Map origin x: -7.415, y: -7.323
856.300000000 INFO /updateDistance [/home/wcqw/ac-slam/catkin_ws/src/cpp_solver/src/updateDistance.cpp:87(occupancyGridCallback)] [topics: /rosout, /edge_distance] Free vertices size: 33
856.300000000 INFO /updateDistance [/home/wcqw/ac-slam/catkin_ws/src/cpp_solver/src/updateDistance.cpp:128(occupancyGridCallback)] [topics: /rosout, /edge_distance] 503 edge distance updated
856.700000000 INFO /Navigator [/home/wcqw/ac-slam/catkin_ws/src/cpp_solver/src/MyPlanner.cpp:481(findExplorationTarget)] [topics: /rosout, /cmd, /Navigator/plan, /Navigator/markers, /Navigator/frontiers, /Navigator/frontier_to_vertex, /Navigator/nav_goal, /Navigator/prior_map, /Navigator/visual_tsp_path, /Navigator/tsp_index, /Navigator/path_finder, /Navigator/dist_map, /finished_topic, /request_replan, /Explore/result, /Explore/feedback, /Explore/status, /MoveTo/result, /MoveTo/feedback, /MoveTo/status, /Localize/result, /Localize/feedback, /Localize/status, /GetFirstMap/result, /GetFirstMap/feedback, /GetFirstMap/status] Call local replanning...
856.700000000 INFO /path_planner [path_planner.py:295(PathPlanner.handle_replanning)] [topics: /pose_graph_idx, /rosout, /edge_distance, /clock, /slam_pose_graph] Replanning request. curr_vertex_idx: 27
856.700000000 INFO /path_planner [path_planner.py:296(PathPlanner.handle_replanning)] [topics: /pose_graph_idx, /rosout, /edge_distance, /clock, /slam_pose_graph]                     covered_vertices: ()
856.700000000 INFO /path_planner [path_planner.py:310(PathPlanner.handle_replanning)] [topics: /pose_graph_idx, /rosout, /edge_distance, /clock, /slam_pose_graph] Handle local replanning...
856.700000000 INFO /path_planner [path_planner.py:363(PathPlanner.handle_local_replanning)] [topics: /pose_graph_idx, /rosout, /edge_distance, /clock, /slam_pose_graph] Local path to replan: [34, 28, 22, 21, 38, 37]
856.700000000 INFO /path_planner [path_planner.py:322(PathPlanner.handle_replanning)] [topics: /pose_graph_idx, /rosout, /edge_distance, /clock, /slam_pose_graph] curr path length: 43, is_loop length: 43
856.700000000 INFO /path_planner [path_planner.py:334(PathPlanner.handle_replanning)] [topics: /pose_graph_idx, /rosout, /edge_distance, /clock, /slam_pose_graph] Send new plan: 8 7 6 5 4 3 9 15 16 10 11 35 37 20 19 15(L) 19 23 29 30 24 25 31 32 26 27 33 34  ---> 28 22 21 38 37(L) 38 36 12 13 14 8(L) 14 18 17 21(L) 
862.400000000 INFO /updateDistance [/home/wcqw/ac-slam/catkin_ws/src/cpp_solver/src/updateDistance.cpp:29(occupancyGridCallback)] [topics: /rosout, /edge_distance] Received an OccupancyGrid message!
862.400000000 INFO /updateDistance [/home/wcqw/ac-slam/catkin_ws/src/cpp_solver/src/updateDistance.cpp:30(occupancyGridCallback)] [topics: /rosout, /edge_distance] Width: 722, Height: 733, Size: 529226
862.400000000 INFO /updateDistance [/home/wcqw/ac-slam/catkin_ws/src/cpp_solver/src/updateDistance.cpp:32(occupancyGridCallback)] [topics: /rosout, /edge_distance] Map origin x: -7.415, y: -7.323
862.400000000 INFO /updateDistance [/home/wcqw/ac-slam/catkin_ws/src/cpp_solver/src/updateDistance.cpp:87(occupancyGridCallback)] [topics: /rosout, /edge_distance] Free vertices size: 33
862.400000000 INFO /updateDistance [/home/wcqw/ac-slam/catkin_ws/src/cpp_solver/src/updateDistance.cpp:128(occupancyGridCallback)] [topics: /rosout, /edge_distance] 503 edge distance updated
862.800000000 INFO /Navigator [/home/wcqw/ac-slam/catkin_ws/src/cpp_solver/src/MyPlanner.cpp:481(findExplorationTarget)] [topics: /rosout, /cmd, /Navigator/plan, /Navigator/markers, /Navigator/frontiers, /Navigator/frontier_to_vertex, /Navigator/nav_goal, /Navigator/prior_map, /Navigator/visual_tsp_path, /Navigator/tsp_index, /Navigator/path_finder, /Navigator/dist_map, /finished_topic, /request_replan, /Explore/result, /Explore/feedback, /Explore/status, /MoveTo/result, /MoveTo/feedback, /MoveTo/status, /Localize/result, /Localize/feedback, /Localize/status, /GetFirstMap/result, /GetFirstMap/feedback, /GetFirstMap/status] Call local replanning...
862.800000000 INFO /path_planner [path_planner.py:295(PathPlanner.handle_replanning)] [topics: /pose_graph_idx, /rosout, /edge_distance, /clock, /slam_pose_graph] Replanning request. curr_vertex_idx: 27
862.800000000 INFO /path_planner [path_planner.py:296(PathPlanner.handle_replanning)] [topics: /pose_graph_idx, /rosout, /edge_distance, /clock, /slam_pose_graph]                     covered_vertices: ()
862.800000000 INFO /path_planner [path_planner.py:310(PathPlanner.handle_replanning)] [topics: /pose_graph_idx, /rosout, /edge_distance, /clock, /slam_pose_graph] Handle local replanning...
862.800000000 INFO /path_planner [path_planner.py:363(PathPlanner.handle_local_replanning)] [topics: /pose_graph_idx, /rosout, /edge_distance, /clock, /slam_pose_graph] Local path to replan: [34, 28, 22, 21, 38, 37]
862.900000000 INFO /path_planner [path_planner.py:322(PathPlanner.handle_replanning)] [topics: /pose_graph_idx, /rosout, /edge_distance, /clock, /slam_pose_graph] curr path length: 43, is_loop length: 43
862.900000000 INFO /path_planner [path_planner.py:334(PathPlanner.handle_replanning)] [topics: /pose_graph_idx, /rosout, /edge_distance, /clock, /slam_pose_graph] Send new plan: 8 7 6 5 4 3 9 15 16 10 11 35 37 20 19 15(L) 19 23 29 30 24 25 31 32 26 27 33 34  ---> 28 22 21 38 37(L) 38 36 12 13 14 8(L) 14 18 17 21(L) 
862.900000000 INFO /Navigator [/home/wcqw/ac-slam/catkin_ws/src/cpp_solver/src/MyPlanner.cpp:525(findExplorationTarget)] [topics: /rosout, /cmd, /Navigator/plan, /Navigator/markers, /Navigator/frontiers, /Navigator/frontier_to_vertex, /Navigator/nav_goal, /Navigator/prior_map, /Navigator/visual_tsp_path, /Navigator/tsp_index, /Navigator/path_finder, /Navigator/dist_map, /finished_topic, /request_replan, /Explore/result, /Explore/feedback, /Explore/status, /MoveTo/result, /MoveTo/feedback, /MoveTo/status, /Localize/result, /Localize/feedback, /Localize/status, /GetFirstMap/result, /GetFirstMap/feedback, /GetFirstMap/status] Skip currGoal 34 that has no frontier and seen by robot
862.900000000 INFO /Navigator [/home/wcqw/ac-slam/catkin_ws/src/cpp_solver/src/MyPlanner.cpp:310(getUsefulGoalIndex)] [topics: /rosout, /cmd, /Navigator/plan, /Navigator/markers, /Navigator/frontiers, /Navigator/frontier_to_vertex, /Navigator/nav_goal, /Navigator/prior_map, /Navigator/visual_tsp_path, /Navigator/tsp_index, /Navigator/path_finder, /Navigator/dist_map, /finished_topic, /request_replan, /Explore/result, /Explore/feedback, /Explore/status, /MoveTo/result, /MoveTo/feedback, /MoveTo/status, /Localize/result, /Localize/feedback, /Localize/status, /GetFirstMap/result, /GetFirstMap/feedback, /GetFirstMap/status] Set newGoal 28
868.500000000 INFO /updateDistance [/home/wcqw/ac-slam/catkin_ws/src/cpp_solver/src/updateDistance.cpp:29(occupancyGridCallback)] [topics: /rosout, /edge_distance] Received an OccupancyGrid message!
868.500000000 INFO /updateDistance [/home/wcqw/ac-slam/catkin_ws/src/cpp_solver/src/updateDistance.cpp:30(occupancyGridCallback)] [topics: /rosout, /edge_distance] Width: 722, Height: 733, Size: 529226
868.500000000 INFO /updateDistance [/home/wcqw/ac-slam/catkin_ws/src/cpp_solver/src/updateDistance.cpp:32(occupancyGridCallback)] [topics: /rosout, /edge_distance] Map origin x: -7.415, y: -7.323
868.500000000 INFO /updateDistance [/home/wcqw/ac-slam/catkin_ws/src/cpp_solver/src/updateDistance.cpp:87(occupancyGridCallback)] [topics: /rosout, /edge_distance] Free vertices size: 33
868.500000000 INFO /updateDistance [/home/wcqw/ac-slam/catkin_ws/src/cpp_solver/src/updateDistance.cpp:128(occupancyGridCallback)] [topics: /rosout, /edge_distance] 503 edge distance updated
868.500000000 WARN /RVIZ [/tmp/binarydeb/ros-noetic-tf2-0.7.10/src/buffer_core.cpp:277()] [topics: /rosout, /initialpose, /goal, /clicked_point] TF_REPEATED_DATA ignoring data with redundant timestamp for frame odom (parent offset) at time 868.500000 according to authority unknown_publisher
868.500000000 WARN /RVIZ [/tmp/binarydeb/ros-noetic-tf2-0.7.10/src/buffer_core.cpp:277()] [topics: /rosout, /initialpose, /goal, /clicked_point] TF_REPEATED_DATA ignoring data with redundant timestamp for frame offset (parent map) at time 868.500000 according to authority unknown_publisher
869.200000000 INFO /Navigator [/home/wcqw/ac-slam/catkin_ws/src/cpp_solver/src/MyPlanner.cpp:481(findExplorationTarget)] [topics: /rosout, /cmd, /Navigator/plan, /Navigator/markers, /Navigator/frontiers, /Navigator/frontier_to_vertex, /Navigator/nav_goal, /Navigator/prior_map, /Navigator/visual_tsp_path, /Navigator/tsp_index, /Navigator/path_finder, /Navigator/dist_map, /finished_topic, /request_replan, /Explore/result, /Explore/feedback, /Explore/status, /MoveTo/result, /MoveTo/feedback, /MoveTo/status, /Localize/result, /Localize/feedback, /Localize/status, /GetFirstMap/result, /GetFirstMap/feedback, /GetFirstMap/status] Call local replanning...
869.200000000 INFO /path_planner [path_planner.py:295(PathPlanner.handle_replanning)] [topics: /pose_graph_idx, /rosout, /edge_distance, /clock, /slam_pose_graph] Replanning request. curr_vertex_idx: 28
869.200000000 INFO /path_planner [path_planner.py:296(PathPlanner.handle_replanning)] [topics: /pose_graph_idx, /rosout, /edge_distance, /clock, /slam_pose_graph]                     covered_vertices: ()
869.200000000 INFO /path_planner [path_planner.py:310(PathPlanner.handle_replanning)] [topics: /pose_graph_idx, /rosout, /edge_distance, /clock, /slam_pose_graph] Handle local replanning...
869.200000000 INFO /path_planner [path_planner.py:363(PathPlanner.handle_local_replanning)] [topics: /pose_graph_idx, /rosout, /edge_distance, /clock, /slam_pose_graph] Local path to replan: [28, 22, 21, 38, 37]
869.200000000 INFO /path_planner [path_planner.py:322(PathPlanner.handle_replanning)] [topics: /pose_graph_idx, /rosout, /edge_distance, /clock, /slam_pose_graph] curr path length: 43, is_loop length: 43
869.200000000 INFO /path_planner [path_planner.py:334(PathPlanner.handle_replanning)] [topics: /pose_graph_idx, /rosout, /edge_distance, /clock, /slam_pose_graph] Send new plan: 8 7 6 5 4 3 9 15 16 10 11 35 37 20 19 15(L) 19 23 29 30 24 25 31 32 26 27 33 34 28  ---> 22 21 38 37(L) 38 36 12 13 14 8(L) 14 18 17 21(L) 
869.300000000 WARN /Navigator [/home/wcqw/ac-slam/catkin_ws/src/navigation_2d/nav2d_navigator/src/RobotNavigator.cpp:926(receiveExploreGoal)] [topics: /rosout, /cmd, /Navigator/plan, /Navigator/markers, /Navigator/frontiers, /Navigator/frontier_to_vertex, /Navigator/nav_goal, /Navigator/prior_map, /Navigator/visual_tsp_path, /Navigator/tsp_index, /Navigator/path_finder, /Navigator/dist_map, /finished_topic, /request_replan, /Explore/result, /Explore/feedback, /Explore/status, /MoveTo/result, /MoveTo/feedback, /MoveTo/status, /Localize/result, /Localize/feedback, /Localize/status, /GetFirstMap/result, /GetFirstMap/feedback, /GetFirstMap/status] Missed desired rate of 1.00Hz! Loop actually took 1.1000 seconds!
873.900000000 INFO /updateDistance [/home/wcqw/ac-slam/catkin_ws/src/cpp_solver/src/updateDistance.cpp:29(occupancyGridCallback)] [topics: /rosout, /edge_distance] Received an OccupancyGrid message!
873.900000000 INFO /updateDistance [/home/wcqw/ac-slam/catkin_ws/src/cpp_solver/src/updateDistance.cpp:30(occupancyGridCallback)] [topics: /rosout, /edge_distance] Width: 722, Height: 733, Size: 529226
873.900000000 INFO /updateDistance [/home/wcqw/ac-slam/catkin_ws/src/cpp_solver/src/updateDistance.cpp:32(occupancyGridCallback)] [topics: /rosout, /edge_distance] Map origin x: -7.415, y: -7.323
873.900000000 WARN /RVIZ [/tmp/binarydeb/ros-noetic-tf2-0.7.10/src/buffer_core.cpp:277()] [topics: /rosout, /initialpose, /goal, /clicked_point] TF_REPEATED_DATA ignoring data with redundant timestamp for frame odom (parent offset) at time 873.900000 according to authority unknown_publisher
873.900000000 WARN /RVIZ [/tmp/binarydeb/ros-noetic-tf2-0.7.10/src/buffer_core.cpp:277()] [topics: /rosout, /initialpose, /goal, /clicked_point] TF_REPEATED_DATA ignoring data with redundant timestamp for frame offset (parent map) at time 873.900000 according to authority unknown_publisher
873.900000000 INFO /path_planner [path_planner.py:638(PathPlanner.handle_pose_graph)] [topics: /pose_graph_idx, /rosout, /edge_distance, /clock, /slam_pose_graph] Really visited vertices: 8 7 6 5 4 3 9 15 16 35 11 35 37 20 19 15 19 23 29 30 31 25 31 32 26 27 33 34 
873.900000000 INFO /updateDistance [/home/wcqw/ac-slam/catkin_ws/src/cpp_solver/src/updateDistance.cpp:87(occupancyGridCallback)] [topics: /rosout, /edge_distance] Free vertices size: 33
874.700000000 INFO /Navigator [/home/wcqw/ac-slam/catkin_ws/src/cpp_solver/src/MyPlanner.cpp:481(findExplorationTarget)] [topics: /rosout, /cmd, /Navigator/plan, /Navigator/markers, /Navigator/frontiers, /Navigator/frontier_to_vertex, /Navigator/nav_goal, /Navigator/prior_map, /Navigator/visual_tsp_path, /Navigator/tsp_index, /Navigator/path_finder, /Navigator/dist_map, /finished_topic, /request_replan, /Explore/result, /Explore/feedback, /Explore/status, /MoveTo/result, /MoveTo/feedback, /MoveTo/status, /Localize/result, /Localize/feedback, /Localize/status, /GetFirstMap/result, /GetFirstMap/feedback, /GetFirstMap/status] Call local replanning...
874.700000000 INFO /path_planner [path_planner.py:295(PathPlanner.handle_replanning)] [topics: /pose_graph_idx, /rosout, /edge_distance, /clock, /slam_pose_graph] Replanning request. curr_vertex_idx: 28
874.700000000 INFO /path_planner [path_planner.py:296(PathPlanner.handle_replanning)] [topics: /pose_graph_idx, /rosout, /edge_distance, /clock, /slam_pose_graph]                     covered_vertices: ()
874.700000000 INFO /path_planner [path_planner.py:310(PathPlanner.handle_replanning)] [topics: /pose_graph_idx, /rosout, /edge_distance, /clock, /slam_pose_graph] Handle local replanning...
874.700000000 INFO /updateDistance [/home/wcqw/ac-slam/catkin_ws/src/cpp_solver/src/updateDistance.cpp:128(occupancyGridCallback)] [topics: /rosout, /edge_distance] 533 edge distance updated
874.700000000 INFO /updateDistance [/home/wcqw/ac-slam/catkin_ws/src/cpp_solver/src/updateDistance.cpp:29(occupancyGridCallback)] [topics: /rosout, /edge_distance] Received an OccupancyGrid message!
874.700000000 INFO /updateDistance [/home/wcqw/ac-slam/catkin_ws/src/cpp_solver/src/updateDistance.cpp:30(occupancyGridCallback)] [topics: /rosout, /edge_distance] Width: 722, Height: 733, Size: 529226
874.700000000 INFO /updateDistance [/home/wcqw/ac-slam/catkin_ws/src/cpp_solver/src/updateDistance.cpp:32(occupancyGridCallback)] [topics: /rosout, /edge_distance] Map origin x: -7.415, y: -7.323
874.700000000 INFO /path_planner [path_planner.py:363(PathPlanner.handle_local_replanning)] [topics: /pose_graph_idx, /rosout, /edge_distance, /clock, /slam_pose_graph] Local path to replan: [28, 22, 21, 38, 37]
874.800000000 INFO /updateDistance [/home/wcqw/ac-slam/catkin_ws/src/cpp_solver/src/updateDistance.cpp:87(occupancyGridCallback)] [topics: /rosout, /edge_distance] Free vertices size: 33
874.800000000 INFO /updateDistance [/home/wcqw/ac-slam/catkin_ws/src/cpp_solver/src/updateDistance.cpp:128(occupancyGridCallback)] [topics: /rosout, /edge_distance] 533 edge distance updated
874.800000000 INFO /path_planner [path_planner.py:322(PathPlanner.handle_replanning)] [topics: /pose_graph_idx, /rosout, /edge_distance, /clock, /slam_pose_graph] curr path length: 43, is_loop length: 43
874.800000000 INFO /path_planner [path_planner.py:334(PathPlanner.handle_replanning)] [topics: /pose_graph_idx, /rosout, /edge_distance, /clock, /slam_pose_graph] Send new plan: 8 7 6 5 4 3 9 15 16 10 11 35 37 20 19 15(L) 19 23 29 30 24 25 31 32 26 27 33 34 28  ---> 22 21 38 37(L) 38 36 12 13 14 8(L) 14 18 17 21(L) 
874.800000000 INFO /Navigator [/home/wcqw/ac-slam/catkin_ws/src/cpp_solver/src/MyPlanner.cpp:509(findExplorationTarget)] [topics: /rosout, /cmd, /Navigator/plan, /Navigator/markers, /Navigator/frontiers, /Navigator/frontier_to_vertex, /Navigator/nav_goal, /Navigator/prior_map, /Navigator/visual_tsp_path, /Navigator/tsp_index, /Navigator/path_finder, /Navigator/dist_map, /finished_topic, /request_replan, /Explore/result, /Explore/feedback, /Explore/status, /MoveTo/result, /MoveTo/feedback, /MoveTo/status, /Localize/result, /Localize/feedback, /Localize/status, /GetFirstMap/result, /GetFirstMap/feedback, /GetFirstMap/status] Reach vertex 28
874.800000000 WARN /Navigator [/home/wcqw/ac-slam/catkin_ws/src/cpp_solver/src/MyPlanner.cpp:570(findExplorationTarget)] [topics: /rosout, /cmd, /Navigator/plan, /Navigator/markers, /Navigator/frontiers, /Navigator/frontier_to_vertex, /Navigator/nav_goal, /Navigator/prior_map, /Navigator/visual_tsp_path, /Navigator/tsp_index, /Navigator/path_finder, /Navigator/dist_map, /finished_topic, /request_replan, /Explore/result, /Explore/feedback, /Explore/status, /MoveTo/result, /MoveTo/feedback, /MoveTo/status, /Localize/result, /Localize/feedback, /Localize/status, /GetFirstMap/result, /GetFirstMap/feedback, /GetFirstMap/status] No frontier at vertex 28. #Frontier: 0
874.800000000 INFO /Navigator [/home/wcqw/ac-slam/catkin_ws/src/cpp_solver/src/MyPlanner.cpp:310(getUsefulGoalIndex)] [topics: /rosout, /cmd, /Navigator/plan, /Navigator/markers, /Navigator/frontiers, /Navigator/frontier_to_vertex, /Navigator/nav_goal, /Navigator/prior_map, /Navigator/visual_tsp_path, /Navigator/tsp_index, /Navigator/path_finder, /Navigator/dist_map, /finished_topic, /request_replan, /Explore/result, /Explore/feedback, /Explore/status, /MoveTo/result, /MoveTo/feedback, /MoveTo/status, /Localize/result, /Localize/feedback, /Localize/status, /GetFirstMap/result, /GetFirstMap/feedback, /GetFirstMap/status] Set newGoal 22
880.400000000 INFO /updateDistance [/home/wcqw/ac-slam/catkin_ws/src/cpp_solver/src/updateDistance.cpp:29(occupancyGridCallback)] [topics: /rosout, /edge_distance] Received an OccupancyGrid message!
880.400000000 INFO /updateDistance [/home/wcqw/ac-slam/catkin_ws/src/cpp_solver/src/updateDistance.cpp:30(occupancyGridCallback)] [topics: /rosout, /edge_distance] Width: 722, Height: 733, Size: 529226
880.400000000 INFO /updateDistance [/home/wcqw/ac-slam/catkin_ws/src/cpp_solver/src/updateDistance.cpp:32(occupancyGridCallback)] [topics: /rosout, /edge_distance] Map origin x: -7.415, y: -7.323
880.400000000 INFO /updateDistance [/home/wcqw/ac-slam/catkin_ws/src/cpp_solver/src/updateDistance.cpp:87(occupancyGridCallback)] [topics: /rosout, /edge_distance] Free vertices size: 34
880.400000000 INFO /updateDistance [/home/wcqw/ac-slam/catkin_ws/src/cpp_solver/src/updateDistance.cpp:128(occupancyGridCallback)] [topics: /rosout, /edge_distance] 534 edge distance updated
880.800000000 INFO /Navigator [/home/wcqw/ac-slam/catkin_ws/src/cpp_solver/src/MyPlanner.cpp:481(findExplorationTarget)] [topics: /rosout, /cmd, /Navigator/plan, /Navigator/markers, /Navigator/frontiers, /Navigator/frontier_to_vertex, /Navigator/nav_goal, /Navigator/prior_map, /Navigator/visual_tsp_path, /Navigator/tsp_index, /Navigator/path_finder, /Navigator/dist_map, /finished_topic, /request_replan, /Explore/result, /Explore/feedback, /Explore/status, /MoveTo/result, /MoveTo/feedback, /MoveTo/status, /Localize/result, /Localize/feedback, /Localize/status, /GetFirstMap/result, /GetFirstMap/feedback, /GetFirstMap/status] Call local replanning...
880.800000000 INFO /path_planner [path_planner.py:295(PathPlanner.handle_replanning)] [topics: /pose_graph_idx, /rosout, /edge_distance, /clock, /slam_pose_graph] Replanning request. curr_vertex_idx: 29
880.800000000 INFO /path_planner [path_planner.py:296(PathPlanner.handle_replanning)] [topics: /pose_graph_idx, /rosout, /edge_distance, /clock, /slam_pose_graph]                     covered_vertices: ()
880.800000000 INFO /path_planner [path_planner.py:310(PathPlanner.handle_replanning)] [topics: /pose_graph_idx, /rosout, /edge_distance, /clock, /slam_pose_graph] Handle local replanning...
880.800000000 INFO /path_planner [path_planner.py:363(PathPlanner.handle_local_replanning)] [topics: /pose_graph_idx, /rosout, /edge_distance, /clock, /slam_pose_graph] Local path to replan: [22, 21, 38, 37]
880.900000000 INFO /path_planner [path_planner.py:322(PathPlanner.handle_replanning)] [topics: /pose_graph_idx, /rosout, /edge_distance, /clock, /slam_pose_graph] curr path length: 43, is_loop length: 43
880.900000000 INFO /path_planner [path_planner.py:334(PathPlanner.handle_replanning)] [topics: /pose_graph_idx, /rosout, /edge_distance, /clock, /slam_pose_graph] Send new plan: 8 7 6 5 4 3 9 15 16 10 11 35 37 20 19 15(L) 19 23 29 30 24 25 31 32 26 27 33 34 28 22  ---> 21 38 37(L) 38 36 12 13 14 8(L) 14 18 17 21(L) 
886.400000000 INFO /updateDistance [/home/wcqw/ac-slam/catkin_ws/src/cpp_solver/src/updateDistance.cpp:29(occupancyGridCallback)] [topics: /rosout, /edge_distance] Received an OccupancyGrid message!
886.400000000 INFO /updateDistance [/home/wcqw/ac-slam/catkin_ws/src/cpp_solver/src/updateDistance.cpp:30(occupancyGridCallback)] [topics: /rosout, /edge_distance] Width: 722, Height: 733, Size: 529226
886.400000000 INFO /updateDistance [/home/wcqw/ac-slam/catkin_ws/src/cpp_solver/src/updateDistance.cpp:32(occupancyGridCallback)] [topics: /rosout, /edge_distance] Map origin x: -7.415, y: -7.323
886.400000000 INFO /updateDistance [/home/wcqw/ac-slam/catkin_ws/src/cpp_solver/src/updateDistance.cpp:87(occupancyGridCallback)] [topics: /rosout, /edge_distance] Free vertices size: 34
886.400000000 INFO /updateDistance [/home/wcqw/ac-slam/catkin_ws/src/cpp_solver/src/updateDistance.cpp:128(occupancyGridCallback)] [topics: /rosout, /edge_distance] 534 edge distance updated
886.900000000 INFO /Navigator [/home/wcqw/ac-slam/catkin_ws/src/cpp_solver/src/MyPlanner.cpp:481(findExplorationTarget)] [topics: /rosout, /cmd, /Navigator/plan, /Navigator/markers, /Navigator/frontiers, /Navigator/frontier_to_vertex, /Navigator/nav_goal, /Navigator/prior_map, /Navigator/visual_tsp_path, /Navigator/tsp_index, /Navigator/path_finder, /Navigator/dist_map, /finished_topic, /request_replan, /Explore/result, /Explore/feedback, /Explore/status, /MoveTo/result, /MoveTo/feedback, /MoveTo/status, /Localize/result, /Localize/feedback, /Localize/status, /GetFirstMap/result, /GetFirstMap/feedback, /GetFirstMap/status] Call local replanning...
886.900000000 INFO /path_planner [path_planner.py:295(PathPlanner.handle_replanning)] [topics: /pose_graph_idx, /rosout, /edge_distance, /clock, /slam_pose_graph] Replanning request. curr_vertex_idx: 29
886.900000000 INFO /path_planner [path_planner.py:296(PathPlanner.handle_replanning)] [topics: /pose_graph_idx, /rosout, /edge_distance, /clock, /slam_pose_graph]                     covered_vertices: ()
886.900000000 INFO /path_planner [path_planner.py:310(PathPlanner.handle_replanning)] [topics: /pose_graph_idx, /rosout, /edge_distance, /clock, /slam_pose_graph] Handle local replanning...
886.900000000 INFO /path_planner [path_planner.py:363(PathPlanner.handle_local_replanning)] [topics: /pose_graph_idx, /rosout, /edge_distance, /clock, /slam_pose_graph] Local path to replan: [22, 21, 38, 37]
886.900000000 INFO /path_planner [path_planner.py:322(PathPlanner.handle_replanning)] [topics: /pose_graph_idx, /rosout, /edge_distance, /clock, /slam_pose_graph] curr path length: 43, is_loop length: 43
886.900000000 INFO /path_planner [path_planner.py:334(PathPlanner.handle_replanning)] [topics: /pose_graph_idx, /rosout, /edge_distance, /clock, /slam_pose_graph] Send new plan: 8 7 6 5 4 3 9 15 16 10 11 35 37 20 19 15(L) 19 23 29 30 24 25 31 32 26 27 33 34 28 22  ---> 21 38 37(L) 38 36 12 13 14 8(L) 14 18 17 21(L) 
892.400000000 INFO /updateDistance [/home/wcqw/ac-slam/catkin_ws/src/cpp_solver/src/updateDistance.cpp:29(occupancyGridCallback)] [topics: /rosout, /edge_distance] Received an OccupancyGrid message!
892.400000000 INFO /updateDistance [/home/wcqw/ac-slam/catkin_ws/src/cpp_solver/src/updateDistance.cpp:30(occupancyGridCallback)] [topics: /rosout, /edge_distance] Width: 722, Height: 733, Size: 529226
892.400000000 INFO /updateDistance [/home/wcqw/ac-slam/catkin_ws/src/cpp_solver/src/updateDistance.cpp:32(occupancyGridCallback)] [topics: /rosout, /edge_distance] Map origin x: -7.415, y: -7.323
892.400000000 INFO /updateDistance [/home/wcqw/ac-slam/catkin_ws/src/cpp_solver/src/updateDistance.cpp:87(occupancyGridCallback)] [topics: /rosout, /edge_distance] Free vertices size: 34
892.400000000 INFO /updateDistance [/home/wcqw/ac-slam/catkin_ws/src/cpp_solver/src/updateDistance.cpp:128(occupancyGridCallback)] [topics: /rosout, /edge_distance] 534 edge distance updated
892.900000000 INFO /Navigator [/home/wcqw/ac-slam/catkin_ws/src/cpp_solver/src/MyPlanner.cpp:481(findExplorationTarget)] [topics: /rosout, /cmd, /Navigator/plan, /Navigator/markers, /Navigator/frontiers, /Navigator/frontier_to_vertex, /Navigator/nav_goal, /Navigator/prior_map, /Navigator/visual_tsp_path, /Navigator/tsp_index, /Navigator/path_finder, /Navigator/dist_map, /finished_topic, /request_replan, /Explore/result, /Explore/feedback, /Explore/status, /MoveTo/result, /MoveTo/feedback, /MoveTo/status, /Localize/result, /Localize/feedback, /Localize/status, /GetFirstMap/result, /GetFirstMap/feedback, /GetFirstMap/status] Call local replanning...
892.900000000 INFO /path_planner [path_planner.py:295(PathPlanner.handle_replanning)] [topics: /pose_graph_idx, /rosout, /edge_distance, /clock, /slam_pose_graph] Replanning request. curr_vertex_idx: 29
892.900000000 INFO /path_planner [path_planner.py:296(PathPlanner.handle_replanning)] [topics: /pose_graph_idx, /rosout, /edge_distance, /clock, /slam_pose_graph]                     covered_vertices: ()
892.900000000 INFO /path_planner [path_planner.py:310(PathPlanner.handle_replanning)] [topics: /pose_graph_idx, /rosout, /edge_distance, /clock, /slam_pose_graph] Handle local replanning...
892.900000000 INFO /path_planner [path_planner.py:363(PathPlanner.handle_local_replanning)] [topics: /pose_graph_idx, /rosout, /edge_distance, /clock, /slam_pose_graph] Local path to replan: [22, 21, 38, 37]
892.900000000 INFO /path_planner [path_planner.py:322(PathPlanner.handle_replanning)] [topics: /pose_graph_idx, /rosout, /edge_distance, /clock, /slam_pose_graph] curr path length: 43, is_loop length: 43
892.900000000 INFO /path_planner [path_planner.py:334(PathPlanner.handle_replanning)] [topics: /pose_graph_idx, /rosout, /edge_distance, /clock, /slam_pose_graph] Send new plan: 8 7 6 5 4 3 9 15 16 10 11 35 37 20 19 15(L) 19 23 29 30 24 25 31 32 26 27 33 34 28 22  ---> 21 38 37(L) 38 36 12 13 14 8(L) 14 18 17 21(L) 
898.400000000 INFO /updateDistance [/home/wcqw/ac-slam/catkin_ws/src/cpp_solver/src/updateDistance.cpp:29(occupancyGridCallback)] [topics: /rosout, /edge_distance] Received an OccupancyGrid message!
898.400000000 INFO /updateDistance [/home/wcqw/ac-slam/catkin_ws/src/cpp_solver/src/updateDistance.cpp:30(occupancyGridCallback)] [topics: /rosout, /edge_distance] Width: 722, Height: 733, Size: 529226
898.400000000 INFO /updateDistance [/home/wcqw/ac-slam/catkin_ws/src/cpp_solver/src/updateDistance.cpp:32(occupancyGridCallback)] [topics: /rosout, /edge_distance] Map origin x: -7.415, y: -7.323
898.400000000 INFO /updateDistance [/home/wcqw/ac-slam/catkin_ws/src/cpp_solver/src/updateDistance.cpp:87(occupancyGridCallback)] [topics: /rosout, /edge_distance] Free vertices size: 34
898.400000000 INFO /updateDistance [/home/wcqw/ac-slam/catkin_ws/src/cpp_solver/src/updateDistance.cpp:128(occupancyGridCallback)] [topics: /rosout, /edge_distance] 534 edge distance updated
898.900000000 INFO /Navigator [/home/wcqw/ac-slam/catkin_ws/src/cpp_solver/src/MyPlanner.cpp:481(findExplorationTarget)] [topics: /rosout, /cmd, /Navigator/plan, /Navigator/markers, /Navigator/frontiers, /Navigator/frontier_to_vertex, /Navigator/nav_goal, /Navigator/prior_map, /Navigator/visual_tsp_path, /Navigator/tsp_index, /Navigator/path_finder, /Navigator/dist_map, /finished_topic, /request_replan, /Explore/result, /Explore/feedback, /Explore/status, /MoveTo/result, /MoveTo/feedback, /MoveTo/status, /Localize/result, /Localize/feedback, /Localize/status, /GetFirstMap/result, /GetFirstMap/feedback, /GetFirstMap/status] Call local replanning...
898.900000000 INFO /path_planner [path_planner.py:295(PathPlanner.handle_replanning)] [topics: /pose_graph_idx, /rosout, /edge_distance, /clock, /slam_pose_graph] Replanning request. curr_vertex_idx: 29
898.900000000 INFO /path_planner [path_planner.py:296(PathPlanner.handle_replanning)] [topics: /pose_graph_idx, /rosout, /edge_distance, /clock, /slam_pose_graph]                     covered_vertices: ()
898.900000000 INFO /path_planner [path_planner.py:310(PathPlanner.handle_replanning)] [topics: /pose_graph_idx, /rosout, /edge_distance, /clock, /slam_pose_graph] Handle local replanning...
898.900000000 INFO /path_planner [path_planner.py:363(PathPlanner.handle_local_replanning)] [topics: /pose_graph_idx, /rosout, /edge_distance, /clock, /slam_pose_graph] Local path to replan: [22, 21, 38, 37]
898.900000000 INFO /path_planner [path_planner.py:322(PathPlanner.handle_replanning)] [topics: /pose_graph_idx, /rosout, /edge_distance, /clock, /slam_pose_graph] curr path length: 43, is_loop length: 43
898.900000000 INFO /path_planner [path_planner.py:334(PathPlanner.handle_replanning)] [topics: /pose_graph_idx, /rosout, /edge_distance, /clock, /slam_pose_graph] Send new plan: 8 7 6 5 4 3 9 15 16 10 11 35 37 20 19 15(L) 19 23 29 30 24 25 31 32 26 27 33 34 28 22  ---> 21 38 37(L) 38 36 12 13 14 8(L) 14 18 17 21(L) 
904.400000000 INFO /updateDistance [/home/wcqw/ac-slam/catkin_ws/src/cpp_solver/src/updateDistance.cpp:29(occupancyGridCallback)] [topics: /rosout, /edge_distance] Received an OccupancyGrid message!
904.400000000 INFO /updateDistance [/home/wcqw/ac-slam/catkin_ws/src/cpp_solver/src/updateDistance.cpp:30(occupancyGridCallback)] [topics: /rosout, /edge_distance] Width: 722, Height: 733, Size: 529226
904.400000000 INFO /updateDistance [/home/wcqw/ac-slam/catkin_ws/src/cpp_solver/src/updateDistance.cpp:32(occupancyGridCallback)] [topics: /rosout, /edge_distance] Map origin x: -7.415, y: -7.323
904.400000000 INFO /updateDistance [/home/wcqw/ac-slam/catkin_ws/src/cpp_solver/src/updateDistance.cpp:87(occupancyGridCallback)] [topics: /rosout, /edge_distance] Free vertices size: 32
904.400000000 INFO /updateDistance [/home/wcqw/ac-slam/catkin_ws/src/cpp_solver/src/updateDistance.cpp:128(occupancyGridCallback)] [topics: /rosout, /edge_distance] 534 edge distance updated
904.800000000 INFO /Navigator [/home/wcqw/ac-slam/catkin_ws/src/cpp_solver/src/MyPlanner.cpp:481(findExplorationTarget)] [topics: /rosout, /cmd, /Navigator/plan, /Navigator/markers, /Navigator/frontiers, /Navigator/frontier_to_vertex, /Navigator/nav_goal, /Navigator/prior_map, /Navigator/visual_tsp_path, /Navigator/tsp_index, /Navigator/path_finder, /Navigator/dist_map, /finished_topic, /request_replan, /Explore/result, /Explore/feedback, /Explore/status, /MoveTo/result, /MoveTo/feedback, /MoveTo/status, /Localize/result, /Localize/feedback, /Localize/status, /GetFirstMap/result, /GetFirstMap/feedback, /GetFirstMap/status] Call local replanning...
904.800000000 INFO /path_planner [path_planner.py:295(PathPlanner.handle_replanning)] [topics: /pose_graph_idx, /rosout, /edge_distance, /clock, /slam_pose_graph] Replanning request. curr_vertex_idx: 29
904.900000000 INFO /path_planner [path_planner.py:296(PathPlanner.handle_replanning)] [topics: /pose_graph_idx, /rosout, /edge_distance, /clock, /slam_pose_graph]                     covered_vertices: ()
904.900000000 INFO /path_planner [path_planner.py:310(PathPlanner.handle_replanning)] [topics: /pose_graph_idx, /rosout, /edge_distance, /clock, /slam_pose_graph] Handle local replanning...
904.900000000 INFO /path_planner [path_planner.py:363(PathPlanner.handle_local_replanning)] [topics: /pose_graph_idx, /rosout, /edge_distance, /clock, /slam_pose_graph] Local path to replan: [22, 21, 38, 37]
904.900000000 INFO /path_planner [path_planner.py:322(PathPlanner.handle_replanning)] [topics: /pose_graph_idx, /rosout, /edge_distance, /clock, /slam_pose_graph] curr path length: 43, is_loop length: 43
904.900000000 INFO /path_planner [path_planner.py:334(PathPlanner.handle_replanning)] [topics: /pose_graph_idx, /rosout, /edge_distance, /clock, /slam_pose_graph] Send new plan: 8 7 6 5 4 3 9 15 16 10 11 35 37 20 19 15(L) 19 23 29 30 24 25 31 32 26 27 33 34 28 22  ---> 21 38 37(L) 38 36 12 13 14 8(L) 14 18 17 21(L) 
909.600000000 INFO /updateDistance [/home/wcqw/ac-slam/catkin_ws/src/cpp_solver/src/updateDistance.cpp:29(occupancyGridCallback)] [topics: /rosout, /edge_distance] Received an OccupancyGrid message!
909.600000000 INFO /updateDistance [/home/wcqw/ac-slam/catkin_ws/src/cpp_solver/src/updateDistance.cpp:30(occupancyGridCallback)] [topics: /rosout, /edge_distance] Width: 722, Height: 733, Size: 529226
909.600000000 INFO /updateDistance [/home/wcqw/ac-slam/catkin_ws/src/cpp_solver/src/updateDistance.cpp:32(occupancyGridCallback)] [topics: /rosout, /edge_distance] Map origin x: -7.415, y: -7.323
909.600000000 INFO /path_planner [path_planner.py:638(PathPlanner.handle_pose_graph)] [topics: /pose_graph_idx, /rosout, /edge_distance, /clock, /slam_pose_graph] Really visited vertices: 8 7 6 5 4 3 9 15 16 35 11 35 37 20 19 15 19 23 29 30 31 25 31 32 26 27 33 34 28 
909.600000000 INFO /updateDistance [/home/wcqw/ac-slam/catkin_ws/src/cpp_solver/src/updateDistance.cpp:87(occupancyGridCallback)] [topics: /rosout, /edge_distance] Free vertices size: 33
910.200000000 INFO /updateDistance [/home/wcqw/ac-slam/catkin_ws/src/cpp_solver/src/updateDistance.cpp:128(occupancyGridCallback)] [topics: /rosout, /edge_distance] 564 edge distance updated
910.300000000 INFO /updateDistance [/home/wcqw/ac-slam/catkin_ws/src/cpp_solver/src/updateDistance.cpp:29(occupancyGridCallback)] [topics: /rosout, /edge_distance] Received an OccupancyGrid message!
910.300000000 INFO /updateDistance [/home/wcqw/ac-slam/catkin_ws/src/cpp_solver/src/updateDistance.cpp:30(occupancyGridCallback)] [topics: /rosout, /edge_distance] Width: 722, Height: 733, Size: 529226
910.300000000 INFO /updateDistance [/home/wcqw/ac-slam/catkin_ws/src/cpp_solver/src/updateDistance.cpp:32(occupancyGridCallback)] [topics: /rosout, /edge_distance] Map origin x: -7.415, y: -7.323
910.300000000 INFO /updateDistance [/home/wcqw/ac-slam/catkin_ws/src/cpp_solver/src/updateDistance.cpp:87(occupancyGridCallback)] [topics: /rosout, /edge_distance] Free vertices size: 33
910.300000000 INFO /updateDistance [/home/wcqw/ac-slam/catkin_ws/src/cpp_solver/src/updateDistance.cpp:128(occupancyGridCallback)] [topics: /rosout, /edge_distance] 564 edge distance updated
911.000000000 INFO /Navigator [/home/wcqw/ac-slam/catkin_ws/src/cpp_solver/src/MyPlanner.cpp:481(findExplorationTarget)] [topics: /rosout, /cmd, /Navigator/plan, /Navigator/markers, /Navigator/frontiers, /Navigator/frontier_to_vertex, /Navigator/nav_goal, /Navigator/prior_map, /Navigator/visual_tsp_path, /Navigator/tsp_index, /Navigator/path_finder, /Navigator/dist_map, /finished_topic, /request_replan, /Explore/result, /Explore/feedback, /Explore/status, /MoveTo/result, /MoveTo/feedback, /MoveTo/status, /Localize/result, /Localize/feedback, /Localize/status, /GetFirstMap/result, /GetFirstMap/feedback, /GetFirstMap/status] Call local replanning...
911.000000000 INFO /path_planner [path_planner.py:295(PathPlanner.handle_replanning)] [topics: /pose_graph_idx, /rosout, /edge_distance, /clock, /slam_pose_graph] Replanning request. curr_vertex_idx: 29
911.000000000 INFO /path_planner [path_planner.py:296(PathPlanner.handle_replanning)] [topics: /pose_graph_idx, /rosout, /edge_distance, /clock, /slam_pose_graph]                     covered_vertices: ()
911.000000000 INFO /path_planner [path_planner.py:310(PathPlanner.handle_replanning)] [topics: /pose_graph_idx, /rosout, /edge_distance, /clock, /slam_pose_graph] Handle local replanning...
911.000000000 INFO /path_planner [path_planner.py:363(PathPlanner.handle_local_replanning)] [topics: /pose_graph_idx, /rosout, /edge_distance, /clock, /slam_pose_graph] Local path to replan: [22, 21, 38, 37]
911.000000000 INFO /path_planner [path_planner.py:322(PathPlanner.handle_replanning)] [topics: /pose_graph_idx, /rosout, /edge_distance, /clock, /slam_pose_graph] curr path length: 43, is_loop length: 43
911.000000000 INFO /path_planner [path_planner.py:334(PathPlanner.handle_replanning)] [topics: /pose_graph_idx, /rosout, /edge_distance, /clock, /slam_pose_graph] Send new plan: 8 7 6 5 4 3 9 15 16 10 11 35 37 20 19 15(L) 19 23 29 30 24 25 31 32 26 27 33 34 28 22  ---> 21 38 37(L) 38 36 12 13 14 8(L) 14 18 17 21(L) 
911.000000000 INFO /Navigator [/home/wcqw/ac-slam/catkin_ws/src/cpp_solver/src/MyPlanner.cpp:509(findExplorationTarget)] [topics: /rosout, /cmd, /Navigator/plan, /Navigator/markers, /Navigator/frontiers, /Navigator/frontier_to_vertex, /Navigator/nav_goal, /Navigator/prior_map, /Navigator/visual_tsp_path, /Navigator/tsp_index, /Navigator/path_finder, /Navigator/dist_map, /finished_topic, /request_replan, /Explore/result, /Explore/feedback, /Explore/status, /MoveTo/result, /MoveTo/feedback, /MoveTo/status, /Localize/result, /Localize/feedback, /Localize/status, /GetFirstMap/result, /GetFirstMap/feedback, /GetFirstMap/status] Reach vertex 22
911.000000000 INFO /Navigator [/home/wcqw/ac-slam/catkin_ws/src/cpp_solver/src/MyPlanner.cpp:613(findExplorationTarget)] [topics: /rosout, /cmd, /Navigator/plan, /Navigator/markers, /Navigator/frontiers, /Navigator/frontier_to_vertex, /Navigator/nav_goal, /Navigator/prior_map, /Navigator/visual_tsp_path, /Navigator/tsp_index, /Navigator/path_finder, /Navigator/dist_map, /finished_topic, /request_replan, /Explore/result, /Explore/feedback, /Explore/status, /MoveTo/result, /MoveTo/feedback, /MoveTo/status, /Localize/result, /Localize/feedback, /Localize/status, /GetFirstMap/result, /GetFirstMap/feedback, /GetFirstMap/status] Explore Goal 22 's frontiers...
915.900000000 INFO /updateDistance [/home/wcqw/ac-slam/catkin_ws/src/cpp_solver/src/updateDistance.cpp:29(occupancyGridCallback)] [topics: /rosout, /edge_distance] Received an OccupancyGrid message!
915.900000000 INFO /updateDistance [/home/wcqw/ac-slam/catkin_ws/src/cpp_solver/src/updateDistance.cpp:30(occupancyGridCallback)] [topics: /rosout, /edge_distance] Width: 722, Height: 733, Size: 529226
915.900000000 INFO /updateDistance [/home/wcqw/ac-slam/catkin_ws/src/cpp_solver/src/updateDistance.cpp:32(occupancyGridCallback)] [topics: /rosout, /edge_distance] Map origin x: -7.415, y: -7.323
915.900000000 INFO /path_planner [path_planner.py:638(PathPlanner.handle_pose_graph)] [topics: /pose_graph_idx, /rosout, /edge_distance, /clock, /slam_pose_graph] Really visited vertices: 8 7 6 5 4 3 9 15 16 35 11 35 37 20 19 15 19 23 29 30 31 25 31 32 26 27 33 34 28 22 
915.900000000 INFO /updateDistance [/home/wcqw/ac-slam/catkin_ws/src/cpp_solver/src/updateDistance.cpp:87(occupancyGridCallback)] [topics: /rosout, /edge_distance] Free vertices size: 34
915.900000000 INFO /updateDistance [/home/wcqw/ac-slam/catkin_ws/src/cpp_solver/src/updateDistance.cpp:128(occupancyGridCallback)] [topics: /rosout, /edge_distance] 565 edge distance updated
916.300000000 INFO /updateDistance [/home/wcqw/ac-slam/catkin_ws/src/cpp_solver/src/updateDistance.cpp:29(occupancyGridCallback)] [topics: /rosout, /edge_distance] Received an OccupancyGrid message!
916.300000000 INFO /updateDistance [/home/wcqw/ac-slam/catkin_ws/src/cpp_solver/src/updateDistance.cpp:30(occupancyGridCallback)] [topics: /rosout, /edge_distance] Width: 722, Height: 733, Size: 529226
916.300000000 INFO /updateDistance [/home/wcqw/ac-slam/catkin_ws/src/cpp_solver/src/updateDistance.cpp:32(occupancyGridCallback)] [topics: /rosout, /edge_distance] Map origin x: -7.415, y: -7.323
916.300000000 INFO /updateDistance [/home/wcqw/ac-slam/catkin_ws/src/cpp_solver/src/updateDistance.cpp:87(occupancyGridCallback)] [topics: /rosout, /edge_distance] Free vertices size: 34
916.300000000 INFO /updateDistance [/home/wcqw/ac-slam/catkin_ws/src/cpp_solver/src/updateDistance.cpp:128(occupancyGridCallback)] [topics: /rosout, /edge_distance] 565 edge distance updated
917.000000000 INFO /Navigator [/home/wcqw/ac-slam/catkin_ws/src/cpp_solver/src/MyPlanner.cpp:481(findExplorationTarget)] [topics: /rosout, /cmd, /Navigator/plan, /Navigator/markers, /Navigator/frontiers, /Navigator/frontier_to_vertex, /Navigator/nav_goal, /Navigator/prior_map, /Navigator/visual_tsp_path, /Navigator/tsp_index, /Navigator/path_finder, /Navigator/dist_map, /finished_topic, /request_replan, /Explore/result, /Explore/feedback, /Explore/status, /MoveTo/result, /MoveTo/feedback, /MoveTo/status, /Localize/result, /Localize/feedback, /Localize/status, /GetFirstMap/result, /GetFirstMap/feedback, /GetFirstMap/status] Call local replanning...
917.000000000 INFO /path_planner [path_planner.py:295(PathPlanner.handle_replanning)] [topics: /pose_graph_idx, /rosout, /edge_distance, /clock, /slam_pose_graph] Replanning request. curr_vertex_idx: 29
917.000000000 INFO /path_planner [path_planner.py:296(PathPlanner.handle_replanning)] [topics: /pose_graph_idx, /rosout, /edge_distance, /clock, /slam_pose_graph]                     covered_vertices: ()
917.000000000 INFO /path_planner [path_planner.py:310(PathPlanner.handle_replanning)] [topics: /pose_graph_idx, /rosout, /edge_distance, /clock, /slam_pose_graph] Handle local replanning...
917.000000000 INFO /path_planner [path_planner.py:363(PathPlanner.handle_local_replanning)] [topics: /pose_graph_idx, /rosout, /edge_distance, /clock, /slam_pose_graph] Local path to replan: [22, 21, 38, 37]
917.000000000 INFO /path_planner [path_planner.py:322(PathPlanner.handle_replanning)] [topics: /pose_graph_idx, /rosout, /edge_distance, /clock, /slam_pose_graph] curr path length: 43, is_loop length: 43
917.000000000 INFO /path_planner [path_planner.py:334(PathPlanner.handle_replanning)] [topics: /pose_graph_idx, /rosout, /edge_distance, /clock, /slam_pose_graph] Send new plan: 8 7 6 5 4 3 9 15 16 10 11 35 37 20 19 15(L) 19 23 29 30 24 25 31 32 26 27 33 34 28 22  ---> 21 38 37(L) 38 36 12 13 14 8(L) 14 18 17 21(L) 
917.000000000 INFO /Navigator [/home/wcqw/ac-slam/catkin_ws/src/cpp_solver/src/MyPlanner.cpp:613(findExplorationTarget)] [topics: /rosout, /cmd, /Navigator/plan, /Navigator/markers, /Navigator/frontiers, /Navigator/frontier_to_vertex, /Navigator/nav_goal, /Navigator/prior_map, /Navigator/visual_tsp_path, /Navigator/tsp_index, /Navigator/path_finder, /Navigator/dist_map, /finished_topic, /request_replan, /Explore/result, /Explore/feedback, /Explore/status, /MoveTo/result, /MoveTo/feedback, /MoveTo/status, /Localize/result, /Localize/feedback, /Localize/status, /GetFirstMap/result, /GetFirstMap/feedback, /GetFirstMap/status] Explore Goal 22 's frontiers...
921.900000000 INFO /updateDistance [/home/wcqw/ac-slam/catkin_ws/src/cpp_solver/src/updateDistance.cpp:29(occupancyGridCallback)] [topics: /rosout, /edge_distance] Received an OccupancyGrid message!
921.900000000 INFO /updateDistance [/home/wcqw/ac-slam/catkin_ws/src/cpp_solver/src/updateDistance.cpp:30(occupancyGridCallback)] [topics: /rosout, /edge_distance] Width: 722, Height: 733, Size: 529226
921.900000000 INFO /updateDistance [/home/wcqw/ac-slam/catkin_ws/src/cpp_solver/src/updateDistance.cpp:32(occupancyGridCallback)] [topics: /rosout, /edge_distance] Map origin x: -7.415, y: -7.323
921.900000000 INFO /path_planner [path_planner.py:638(PathPlanner.handle_pose_graph)] [topics: /pose_graph_idx, /rosout, /edge_distance, /clock, /slam_pose_graph] Really visited vertices: 8 7 6 5 4 3 9 15 16 35 11 35 37 20 19 15 19 23 29 30 31 25 31 32 26 27 33 34 28 22 
921.900000000 INFO /updateDistance [/home/wcqw/ac-slam/catkin_ws/src/cpp_solver/src/updateDistance.cpp:87(occupancyGridCallback)] [topics: /rosout, /edge_distance] Free vertices size: 36
922.000000000 INFO /updateDistance [/home/wcqw/ac-slam/catkin_ws/src/cpp_solver/src/updateDistance.cpp:128(occupancyGridCallback)] [topics: /rosout, /edge_distance] 570 edge distance updated
922.300000000 INFO /updateDistance [/home/wcqw/ac-slam/catkin_ws/src/cpp_solver/src/updateDistance.cpp:29(occupancyGridCallback)] [topics: /rosout, /edge_distance] Received an OccupancyGrid message!
922.300000000 INFO /updateDistance [/home/wcqw/ac-slam/catkin_ws/src/cpp_solver/src/updateDistance.cpp:30(occupancyGridCallback)] [topics: /rosout, /edge_distance] Width: 722, Height: 733, Size: 529226
922.300000000 INFO /updateDistance [/home/wcqw/ac-slam/catkin_ws/src/cpp_solver/src/updateDistance.cpp:32(occupancyGridCallback)] [topics: /rosout, /edge_distance] Map origin x: -7.415, y: -7.323
922.300000000 INFO /updateDistance [/home/wcqw/ac-slam/catkin_ws/src/cpp_solver/src/updateDistance.cpp:87(occupancyGridCallback)] [topics: /rosout, /edge_distance] Free vertices size: 36
922.300000000 INFO /updateDistance [/home/wcqw/ac-slam/catkin_ws/src/cpp_solver/src/updateDistance.cpp:128(occupancyGridCallback)] [topics: /rosout, /edge_distance] 570 edge distance updated
923.000000000 INFO /Navigator [/home/wcqw/ac-slam/catkin_ws/src/cpp_solver/src/MyPlanner.cpp:481(findExplorationTarget)] [topics: /rosout, /cmd, /Navigator/plan, /Navigator/markers, /Navigator/frontiers, /Navigator/frontier_to_vertex, /Navigator/nav_goal, /Navigator/prior_map, /Navigator/visual_tsp_path, /Navigator/tsp_index, /Navigator/path_finder, /Navigator/dist_map, /finished_topic, /request_replan, /Explore/result, /Explore/feedback, /Explore/status, /MoveTo/result, /MoveTo/feedback, /MoveTo/status, /Localize/result, /Localize/feedback, /Localize/status, /GetFirstMap/result, /GetFirstMap/feedback, /GetFirstMap/status] Call local replanning...
923.000000000 INFO /path_planner [path_planner.py:295(PathPlanner.handle_replanning)] [topics: /pose_graph_idx, /rosout, /edge_distance, /clock, /slam_pose_graph] Replanning request. curr_vertex_idx: 29
923.000000000 INFO /path_planner [path_planner.py:296(PathPlanner.handle_replanning)] [topics: /pose_graph_idx, /rosout, /edge_distance, /clock, /slam_pose_graph]                     covered_vertices: ()
923.000000000 INFO /path_planner [path_planner.py:310(PathPlanner.handle_replanning)] [topics: /pose_graph_idx, /rosout, /edge_distance, /clock, /slam_pose_graph] Handle local replanning...
923.000000000 INFO /path_planner [path_planner.py:363(PathPlanner.handle_local_replanning)] [topics: /pose_graph_idx, /rosout, /edge_distance, /clock, /slam_pose_graph] Local path to replan: [22, 21, 38, 37]
923.000000000 INFO /path_planner [path_planner.py:322(PathPlanner.handle_replanning)] [topics: /pose_graph_idx, /rosout, /edge_distance, /clock, /slam_pose_graph] curr path length: 43, is_loop length: 43
923.000000000 INFO /path_planner [path_planner.py:334(PathPlanner.handle_replanning)] [topics: /pose_graph_idx, /rosout, /edge_distance, /clock, /slam_pose_graph] Send new plan: 8 7 6 5 4 3 9 15 16 10 11 35 37 20 19 15(L) 19 23 29 30 24 25 31 32 26 27 33 34 28 22  ---> 21 38 37(L) 38 36 12 13 14 8(L) 14 18 17 21(L) 
923.000000000 WARN /Navigator [/home/wcqw/ac-slam/catkin_ws/src/cpp_solver/src/MyPlanner.cpp:570(findExplorationTarget)] [topics: /rosout, /cmd, /Navigator/plan, /Navigator/markers, /Navigator/frontiers, /Navigator/frontier_to_vertex, /Navigator/nav_goal, /Navigator/prior_map, /Navigator/visual_tsp_path, /Navigator/tsp_index, /Navigator/path_finder, /Navigator/dist_map, /finished_topic, /request_replan, /Explore/result, /Explore/feedback, /Explore/status, /MoveTo/result, /MoveTo/feedback, /MoveTo/status, /Localize/result, /Localize/feedback, /Localize/status, /GetFirstMap/result, /GetFirstMap/feedback, /GetFirstMap/status] No frontier at vertex 22. #Frontier: 0
923.000000000 INFO /Navigator [/home/wcqw/ac-slam/catkin_ws/src/cpp_solver/src/MyPlanner.cpp:310(getUsefulGoalIndex)] [topics: /rosout, /cmd, /Navigator/plan, /Navigator/markers, /Navigator/frontiers, /Navigator/frontier_to_vertex, /Navigator/nav_goal, /Navigator/prior_map, /Navigator/visual_tsp_path, /Navigator/tsp_index, /Navigator/path_finder, /Navigator/dist_map, /finished_topic, /request_replan, /Explore/result, /Explore/feedback, /Explore/status, /MoveTo/result, /MoveTo/feedback, /MoveTo/status, /Localize/result, /Localize/feedback, /Localize/status, /GetFirstMap/result, /GetFirstMap/feedback, /GetFirstMap/status] Set newGoal 21
928.400000000 INFO /updateDistance [/home/wcqw/ac-slam/catkin_ws/src/cpp_solver/src/updateDistance.cpp:29(occupancyGridCallback)] [topics: /rosout, /edge_distance] Received an OccupancyGrid message!
928.400000000 INFO /updateDistance [/home/wcqw/ac-slam/catkin_ws/src/cpp_solver/src/updateDistance.cpp:30(occupancyGridCallback)] [topics: /rosout, /edge_distance] Width: 722, Height: 733, Size: 529226
928.400000000 INFO /updateDistance [/home/wcqw/ac-slam/catkin_ws/src/cpp_solver/src/updateDistance.cpp:32(occupancyGridCallback)] [topics: /rosout, /edge_distance] Map origin x: -7.415, y: -7.323
928.400000000 INFO /updateDistance [/home/wcqw/ac-slam/catkin_ws/src/cpp_solver/src/updateDistance.cpp:87(occupancyGridCallback)] [topics: /rosout, /edge_distance] Free vertices size: 35
928.400000000 INFO /updateDistance [/home/wcqw/ac-slam/catkin_ws/src/cpp_solver/src/updateDistance.cpp:128(occupancyGridCallback)] [topics: /rosout, /edge_distance] 570 edge distance updated
928.900000000 INFO /Navigator [/home/wcqw/ac-slam/catkin_ws/src/cpp_solver/src/MyPlanner.cpp:481(findExplorationTarget)] [topics: /rosout, /cmd, /Navigator/plan, /Navigator/markers, /Navigator/frontiers, /Navigator/frontier_to_vertex, /Navigator/nav_goal, /Navigator/prior_map, /Navigator/visual_tsp_path, /Navigator/tsp_index, /Navigator/path_finder, /Navigator/dist_map, /finished_topic, /request_replan, /Explore/result, /Explore/feedback, /Explore/status, /MoveTo/result, /MoveTo/feedback, /MoveTo/status, /Localize/result, /Localize/feedback, /Localize/status, /GetFirstMap/result, /GetFirstMap/feedback, /GetFirstMap/status] Call local replanning...
928.900000000 INFO /path_planner [path_planner.py:295(PathPlanner.handle_replanning)] [topics: /pose_graph_idx, /rosout, /edge_distance, /clock, /slam_pose_graph] Replanning request. curr_vertex_idx: 30
928.900000000 INFO /path_planner [path_planner.py:296(PathPlanner.handle_replanning)] [topics: /pose_graph_idx, /rosout, /edge_distance, /clock, /slam_pose_graph]                     covered_vertices: ()
928.900000000 INFO /path_planner [path_planner.py:310(PathPlanner.handle_replanning)] [topics: /pose_graph_idx, /rosout, /edge_distance, /clock, /slam_pose_graph] Handle local replanning...
928.900000000 INFO /path_planner [path_planner.py:363(PathPlanner.handle_local_replanning)] [topics: /pose_graph_idx, /rosout, /edge_distance, /clock, /slam_pose_graph] Local path to replan: [21, 38, 37]
928.900000000 INFO /path_planner [path_planner.py:322(PathPlanner.handle_replanning)] [topics: /pose_graph_idx, /rosout, /edge_distance, /clock, /slam_pose_graph] curr path length: 43, is_loop length: 43
928.900000000 INFO /path_planner [path_planner.py:334(PathPlanner.handle_replanning)] [topics: /pose_graph_idx, /rosout, /edge_distance, /clock, /slam_pose_graph] Send new plan: 8 7 6 5 4 3 9 15 16 10 11 35 37 20 19 15(L) 19 23 29 30 24 25 31 32 26 27 33 34 28 22 21  ---> 38 37(L) 38 36 12 13 14 8(L) 14 18 17 21(L) 
934.500000000 INFO /updateDistance [/home/wcqw/ac-slam/catkin_ws/src/cpp_solver/src/updateDistance.cpp:29(occupancyGridCallback)] [topics: /rosout, /edge_distance] Received an OccupancyGrid message!
934.500000000 INFO /updateDistance [/home/wcqw/ac-slam/catkin_ws/src/cpp_solver/src/updateDistance.cpp:30(occupancyGridCallback)] [topics: /rosout, /edge_distance] Width: 722, Height: 733, Size: 529226
934.500000000 INFO /updateDistance [/home/wcqw/ac-slam/catkin_ws/src/cpp_solver/src/updateDistance.cpp:32(occupancyGridCallback)] [topics: /rosout, /edge_distance] Map origin x: -7.415, y: -7.323
934.500000000 INFO /updateDistance [/home/wcqw/ac-slam/catkin_ws/src/cpp_solver/src/updateDistance.cpp:87(occupancyGridCallback)] [topics: /rosout, /edge_distance] Free vertices size: 35
934.500000000 INFO /updateDistance [/home/wcqw/ac-slam/catkin_ws/src/cpp_solver/src/updateDistance.cpp:128(occupancyGridCallback)] [topics: /rosout, /edge_distance] 570 edge distance updated
934.500000000 WARN /RVIZ [/tmp/binarydeb/ros-noetic-tf2-0.7.10/src/buffer_core.cpp:277()] [topics: /rosout, /initialpose, /goal, /clicked_point] TF_REPEATED_DATA ignoring data with redundant timestamp for frame odom (parent offset) at time 934.500000 according to authority unknown_publisher
934.500000000 WARN /RVIZ [/tmp/binarydeb/ros-noetic-tf2-0.7.10/src/buffer_core.cpp:277()] [topics: /rosout, /initialpose, /goal, /clicked_point] TF_REPEATED_DATA ignoring data with redundant timestamp for frame offset (parent map) at time 934.500000 according to authority unknown_publisher
935.200000000 INFO /Navigator [/home/wcqw/ac-slam/catkin_ws/src/cpp_solver/src/MyPlanner.cpp:481(findExplorationTarget)] [topics: /rosout, /cmd, /Navigator/plan, /Navigator/markers, /Navigator/frontiers, /Navigator/frontier_to_vertex, /Navigator/nav_goal, /Navigator/prior_map, /Navigator/visual_tsp_path, /Navigator/tsp_index, /Navigator/path_finder, /Navigator/dist_map, /finished_topic, /request_replan, /Explore/result, /Explore/feedback, /Explore/status, /MoveTo/result, /MoveTo/feedback, /MoveTo/status, /Localize/result, /Localize/feedback, /Localize/status, /GetFirstMap/result, /GetFirstMap/feedback, /GetFirstMap/status] Call local replanning...
935.200000000 INFO /path_planner [path_planner.py:295(PathPlanner.handle_replanning)] [topics: /pose_graph_idx, /rosout, /edge_distance, /clock, /slam_pose_graph] Replanning request. curr_vertex_idx: 30
935.200000000 INFO /path_planner [path_planner.py:296(PathPlanner.handle_replanning)] [topics: /pose_graph_idx, /rosout, /edge_distance, /clock, /slam_pose_graph]                     covered_vertices: ()
935.200000000 INFO /path_planner [path_planner.py:310(PathPlanner.handle_replanning)] [topics: /pose_graph_idx, /rosout, /edge_distance, /clock, /slam_pose_graph] Handle local replanning...
935.200000000 INFO /path_planner [path_planner.py:363(PathPlanner.handle_local_replanning)] [topics: /pose_graph_idx, /rosout, /edge_distance, /clock, /slam_pose_graph] Local path to replan: [21, 38, 37]
935.200000000 INFO /path_planner [path_planner.py:322(PathPlanner.handle_replanning)] [topics: /pose_graph_idx, /rosout, /edge_distance, /clock, /slam_pose_graph] curr path length: 43, is_loop length: 43
935.200000000 INFO /path_planner [path_planner.py:334(PathPlanner.handle_replanning)] [topics: /pose_graph_idx, /rosout, /edge_distance, /clock, /slam_pose_graph] Send new plan: 8 7 6 5 4 3 9 15 16 10 11 35 37 20 19 15(L) 19 23 29 30 24 25 31 32 26 27 33 34 28 22 21  ---> 38 37(L) 38 36 12 13 14 8(L) 14 18 17 21(L) 
935.300000000 WARN /Navigator [/home/wcqw/ac-slam/catkin_ws/src/navigation_2d/nav2d_navigator/src/RobotNavigator.cpp:926(receiveExploreGoal)] [topics: /rosout, /cmd, /Navigator/plan, /Navigator/markers, /Navigator/frontiers, /Navigator/frontier_to_vertex, /Navigator/nav_goal, /Navigator/prior_map, /Navigator/visual_tsp_path, /Navigator/tsp_index, /Navigator/path_finder, /Navigator/dist_map, /finished_topic, /request_replan, /Explore/result, /Explore/feedback, /Explore/status, /MoveTo/result, /MoveTo/feedback, /MoveTo/status, /Localize/result, /Localize/feedback, /Localize/status, /GetFirstMap/result, /GetFirstMap/feedback, /GetFirstMap/status] Missed desired rate of 1.00Hz! Loop actually took 1.1000 seconds!
940.400000000 INFO /updateDistance [/home/wcqw/ac-slam/catkin_ws/src/cpp_solver/src/updateDistance.cpp:29(occupancyGridCallback)] [topics: /rosout, /edge_distance] Received an OccupancyGrid message!
940.400000000 INFO /updateDistance [/home/wcqw/ac-slam/catkin_ws/src/cpp_solver/src/updateDistance.cpp:30(occupancyGridCallback)] [topics: /rosout, /edge_distance] Width: 722, Height: 733, Size: 529226
940.400000000 INFO /updateDistance [/home/wcqw/ac-slam/catkin_ws/src/cpp_solver/src/updateDistance.cpp:32(occupancyGridCallback)] [topics: /rosout, /edge_distance] Map origin x: -7.415, y: -7.323
940.400000000 INFO /updateDistance [/home/wcqw/ac-slam/catkin_ws/src/cpp_solver/src/updateDistance.cpp:87(occupancyGridCallback)] [topics: /rosout, /edge_distance] Free vertices size: 34
940.400000000 INFO /updateDistance [/home/wcqw/ac-slam/catkin_ws/src/cpp_solver/src/updateDistance.cpp:128(occupancyGridCallback)] [topics: /rosout, /edge_distance] 570 edge distance updated
940.900000000 INFO /Navigator [/home/wcqw/ac-slam/catkin_ws/src/cpp_solver/src/MyPlanner.cpp:481(findExplorationTarget)] [topics: /rosout, /cmd, /Navigator/plan, /Navigator/markers, /Navigator/frontiers, /Navigator/frontier_to_vertex, /Navigator/nav_goal, /Navigator/prior_map, /Navigator/visual_tsp_path, /Navigator/tsp_index, /Navigator/path_finder, /Navigator/dist_map, /finished_topic, /request_replan, /Explore/result, /Explore/feedback, /Explore/status, /MoveTo/result, /MoveTo/feedback, /MoveTo/status, /Localize/result, /Localize/feedback, /Localize/status, /GetFirstMap/result, /GetFirstMap/feedback, /GetFirstMap/status] Call local replanning...
940.900000000 INFO /path_planner [path_planner.py:295(PathPlanner.handle_replanning)] [topics: /pose_graph_idx, /rosout, /edge_distance, /clock, /slam_pose_graph] Replanning request. curr_vertex_idx: 30
940.900000000 INFO /path_planner [path_planner.py:296(PathPlanner.handle_replanning)] [topics: /pose_graph_idx, /rosout, /edge_distance, /clock, /slam_pose_graph]                     covered_vertices: ()
940.900000000 INFO /path_planner [path_planner.py:310(PathPlanner.handle_replanning)] [topics: /pose_graph_idx, /rosout, /edge_distance, /clock, /slam_pose_graph] Handle local replanning...
940.900000000 INFO /path_planner [path_planner.py:363(PathPlanner.handle_local_replanning)] [topics: /pose_graph_idx, /rosout, /edge_distance, /clock, /slam_pose_graph] Local path to replan: [21, 38, 37]
940.900000000 INFO /path_planner [path_planner.py:322(PathPlanner.handle_replanning)] [topics: /pose_graph_idx, /rosout, /edge_distance, /clock, /slam_pose_graph] curr path length: 43, is_loop length: 43
940.900000000 INFO /path_planner [path_planner.py:334(PathPlanner.handle_replanning)] [topics: /pose_graph_idx, /rosout, /edge_distance, /clock, /slam_pose_graph] Send new plan: 8 7 6 5 4 3 9 15 16 10 11 35 37 20 19 15(L) 19 23 29 30 24 25 31 32 26 27 33 34 28 22 21  ---> 38 37(L) 38 36 12 13 14 8(L) 14 18 17 21(L) 
940.900000000 INFO /Navigator [/home/wcqw/ac-slam/catkin_ws/src/cpp_solver/src/MyPlanner.cpp:509(findExplorationTarget)] [topics: /rosout, /cmd, /Navigator/plan, /Navigator/markers, /Navigator/frontiers, /Navigator/frontier_to_vertex, /Navigator/nav_goal, /Navigator/prior_map, /Navigator/visual_tsp_path, /Navigator/tsp_index, /Navigator/path_finder, /Navigator/dist_map, /finished_topic, /request_replan, /Explore/result, /Explore/feedback, /Explore/status, /MoveTo/result, /MoveTo/feedback, /MoveTo/status, /Localize/result, /Localize/feedback, /Localize/status, /GetFirstMap/result, /GetFirstMap/feedback, /GetFirstMap/status] Reach vertex 21
940.900000000 INFO /Navigator [/home/wcqw/ac-slam/catkin_ws/src/cpp_solver/src/MyPlanner.cpp:613(findExplorationTarget)] [topics: /rosout, /cmd, /Navigator/plan, /Navigator/markers, /Navigator/frontiers, /Navigator/frontier_to_vertex, /Navigator/nav_goal, /Navigator/prior_map, /Navigator/visual_tsp_path, /Navigator/tsp_index, /Navigator/path_finder, /Navigator/dist_map, /finished_topic, /request_replan, /Explore/result, /Explore/feedback, /Explore/status, /MoveTo/result, /MoveTo/feedback, /MoveTo/status, /Localize/result, /Localize/feedback, /Localize/status, /GetFirstMap/result, /GetFirstMap/feedback, /GetFirstMap/status] Explore Goal 21 's frontiers...
946.500000000 INFO /updateDistance [/home/wcqw/ac-slam/catkin_ws/src/cpp_solver/src/updateDistance.cpp:29(occupancyGridCallback)] [topics: /rosout, /edge_distance] Received an OccupancyGrid message!
946.500000000 INFO /updateDistance [/home/wcqw/ac-slam/catkin_ws/src/cpp_solver/src/updateDistance.cpp:30(occupancyGridCallback)] [topics: /rosout, /edge_distance] Width: 722, Height: 733, Size: 529226
946.500000000 INFO /updateDistance [/home/wcqw/ac-slam/catkin_ws/src/cpp_solver/src/updateDistance.cpp:32(occupancyGridCallback)] [topics: /rosout, /edge_distance] Map origin x: -7.415, y: -7.323
946.500000000 WARN /RVIZ [/tmp/binarydeb/ros-noetic-tf2-0.7.10/src/buffer_core.cpp:277()] [topics: /rosout, /initialpose, /goal, /clicked_point] TF_REPEATED_DATA ignoring data with redundant timestamp for frame odom (parent offset) at time 946.500000 according to authority unknown_publisher
946.500000000 WARN /RVIZ [/tmp/binarydeb/ros-noetic-tf2-0.7.10/src/buffer_core.cpp:277()] [topics: /rosout, /initialpose, /goal, /clicked_point] TF_REPEATED_DATA ignoring data with redundant timestamp for frame offset (parent map) at time 946.500000 according to authority unknown_publisher
946.500000000 INFO /updateDistance [/home/wcqw/ac-slam/catkin_ws/src/cpp_solver/src/updateDistance.cpp:87(occupancyGridCallback)] [topics: /rosout, /edge_distance] Free vertices size: 34
946.500000000 INFO /updateDistance [/home/wcqw/ac-slam/catkin_ws/src/cpp_solver/src/updateDistance.cpp:128(occupancyGridCallback)] [topics: /rosout, /edge_distance] 570 edge distance updated
947.200000000 INFO /Navigator [/home/wcqw/ac-slam/catkin_ws/src/cpp_solver/src/MyPlanner.cpp:481(findExplorationTarget)] [topics: /rosout, /cmd, /Navigator/plan, /Navigator/markers, /Navigator/frontiers, /Navigator/frontier_to_vertex, /Navigator/nav_goal, /Navigator/prior_map, /Navigator/visual_tsp_path, /Navigator/tsp_index, /Navigator/path_finder, /Navigator/dist_map, /finished_topic, /request_replan, /Explore/result, /Explore/feedback, /Explore/status, /MoveTo/result, /MoveTo/feedback, /MoveTo/status, /Localize/result, /Localize/feedback, /Localize/status, /GetFirstMap/result, /GetFirstMap/feedback, /GetFirstMap/status] Call local replanning...
947.200000000 INFO /path_planner [path_planner.py:295(PathPlanner.handle_replanning)] [topics: /pose_graph_idx, /rosout, /edge_distance, /clock, /slam_pose_graph] Replanning request. curr_vertex_idx: 30
947.200000000 INFO /path_planner [path_planner.py:296(PathPlanner.handle_replanning)] [topics: /pose_graph_idx, /rosout, /edge_distance, /clock, /slam_pose_graph]                     covered_vertices: ()
947.200000000 INFO /path_planner [path_planner.py:310(PathPlanner.handle_replanning)] [topics: /pose_graph_idx, /rosout, /edge_distance, /clock, /slam_pose_graph] Handle local replanning...
947.200000000 INFO /path_planner [path_planner.py:363(PathPlanner.handle_local_replanning)] [topics: /pose_graph_idx, /rosout, /edge_distance, /clock, /slam_pose_graph] Local path to replan: [21, 38, 37]
947.200000000 INFO /path_planner [path_planner.py:322(PathPlanner.handle_replanning)] [topics: /pose_graph_idx, /rosout, /edge_distance, /clock, /slam_pose_graph] curr path length: 43, is_loop length: 43
947.200000000 INFO /path_planner [path_planner.py:334(PathPlanner.handle_replanning)] [topics: /pose_graph_idx, /rosout, /edge_distance, /clock, /slam_pose_graph] Send new plan: 8 7 6 5 4 3 9 15 16 10 11 35 37 20 19 15(L) 19 23 29 30 24 25 31 32 26 27 33 34 28 22 21  ---> 38 37(L) 38 36 12 13 14 8(L) 14 18 17 21(L) 
947.200000000 WARN /Navigator [/home/wcqw/ac-slam/catkin_ws/src/cpp_solver/src/MyPlanner.cpp:570(findExplorationTarget)] [topics: /rosout, /cmd, /Navigator/plan, /Navigator/markers, /Navigator/frontiers, /Navigator/frontier_to_vertex, /Navigator/nav_goal, /Navigator/prior_map, /Navigator/visual_tsp_path, /Navigator/tsp_index, /Navigator/path_finder, /Navigator/dist_map, /finished_topic, /request_replan, /Explore/result, /Explore/feedback, /Explore/status, /MoveTo/result, /MoveTo/feedback, /MoveTo/status, /Localize/result, /Localize/feedback, /Localize/status, /GetFirstMap/result, /GetFirstMap/feedback, /GetFirstMap/status] No frontier at vertex 21. #Frontier: 0
947.200000000 INFO /Navigator [/home/wcqw/ac-slam/catkin_ws/src/cpp_solver/src/MyPlanner.cpp:304(getUsefulGoalIndex)] [topics: /rosout, /cmd, /Navigator/plan, /Navigator/markers, /Navigator/frontiers, /Navigator/frontier_to_vertex, /Navigator/nav_goal, /Navigator/prior_map, /Navigator/visual_tsp_path, /Navigator/tsp_index, /Navigator/path_finder, /Navigator/dist_map, /finished_topic, /request_replan, /Explore/result, /Explore/feedback, /Explore/status, /MoveTo/result, /MoveTo/feedback, /MoveTo/status, /Localize/result, /Localize/feedback, /Localize/status, /GetFirstMap/result, /GetFirstMap/feedback, /GetFirstMap/status] Skip repeated visit to vertex 38
947.200000000 INFO /Navigator [/home/wcqw/ac-slam/catkin_ws/src/cpp_solver/src/MyPlanner.cpp:310(getUsefulGoalIndex)] [topics: /rosout, /cmd, /Navigator/plan, /Navigator/markers, /Navigator/frontiers, /Navigator/frontier_to_vertex, /Navigator/nav_goal, /Navigator/prior_map, /Navigator/visual_tsp_path, /Navigator/tsp_index, /Navigator/path_finder, /Navigator/dist_map, /finished_topic, /request_replan, /Explore/result, /Explore/feedback, /Explore/status, /MoveTo/result, /MoveTo/feedback, /MoveTo/status, /Localize/result, /Localize/feedback, /Localize/status, /GetFirstMap/result, /GetFirstMap/feedback, /GetFirstMap/status] Set newGoal 37
947.400000000 WARN /Navigator [/home/wcqw/ac-slam/catkin_ws/src/navigation_2d/nav2d_navigator/src/RobotNavigator.cpp:926(receiveExploreGoal)] [topics: /rosout, /cmd, /Navigator/plan, /Navigator/markers, /Navigator/frontiers, /Navigator/frontier_to_vertex, /Navigator/nav_goal, /Navigator/prior_map, /Navigator/visual_tsp_path, /Navigator/tsp_index, /Navigator/path_finder, /Navigator/dist_map, /finished_topic, /request_replan, /Explore/result, /Explore/feedback, /Explore/status, /MoveTo/result, /MoveTo/feedback, /MoveTo/status, /Localize/result, /Localize/feedback, /Localize/status, /GetFirstMap/result, /GetFirstMap/feedback, /GetFirstMap/status] Missed desired rate of 1.00Hz! Loop actually took 1.2000 seconds!
952.200000000 INFO /updateDistance [/home/wcqw/ac-slam/catkin_ws/src/cpp_solver/src/updateDistance.cpp:29(occupancyGridCallback)] [topics: /rosout, /edge_distance] Received an OccupancyGrid message!
952.200000000 INFO /updateDistance [/home/wcqw/ac-slam/catkin_ws/src/cpp_solver/src/updateDistance.cpp:30(occupancyGridCallback)] [topics: /rosout, /edge_distance] Width: 722, Height: 733, Size: 529226
952.200000000 INFO /updateDistance [/home/wcqw/ac-slam/catkin_ws/src/cpp_solver/src/updateDistance.cpp:32(occupancyGridCallback)] [topics: /rosout, /edge_distance] Map origin x: -7.415, y: -7.323
952.200000000 INFO /path_planner [path_planner.py:638(PathPlanner.handle_pose_graph)] [topics: /pose_graph_idx, /rosout, /edge_distance, /clock, /slam_pose_graph] Really visited vertices: 8 7 6 5 4 3 9 15 16 35 11 35 37 20 19 15 19 23 29 30 31 25 31 32 26 27 33 34 28 22 21 
952.200000000 INFO /updateDistance [/home/wcqw/ac-slam/catkin_ws/src/cpp_solver/src/updateDistance.cpp:87(occupancyGridCallback)] [topics: /rosout, /edge_distance] Free vertices size: 35
952.200000000 INFO /updateDistance [/home/wcqw/ac-slam/catkin_ws/src/cpp_solver/src/updateDistance.cpp:128(occupancyGridCallback)] [topics: /rosout, /edge_distance] 570 edge distance updated
952.200000000 INFO /updateDistance [/home/wcqw/ac-slam/catkin_ws/src/cpp_solver/src/updateDistance.cpp:29(occupancyGridCallback)] [topics: /rosout, /edge_distance] Received an OccupancyGrid message!
952.200000000 INFO /updateDistance [/home/wcqw/ac-slam/catkin_ws/src/cpp_solver/src/updateDistance.cpp:30(occupancyGridCallback)] [topics: /rosout, /edge_distance] Width: 722, Height: 733, Size: 529226
952.200000000 INFO /updateDistance [/home/wcqw/ac-slam/catkin_ws/src/cpp_solver/src/updateDistance.cpp:32(occupancyGridCallback)] [topics: /rosout, /edge_distance] Map origin x: -7.415, y: -7.323
952.200000000 INFO /updateDistance [/home/wcqw/ac-slam/catkin_ws/src/cpp_solver/src/updateDistance.cpp:87(occupancyGridCallback)] [topics: /rosout, /edge_distance] Free vertices size: 35
952.200000000 INFO /updateDistance [/home/wcqw/ac-slam/catkin_ws/src/cpp_solver/src/updateDistance.cpp:128(occupancyGridCallback)] [topics: /rosout, /edge_distance] 570 edge distance updated
953.000000000 INFO /Navigator [/home/wcqw/ac-slam/catkin_ws/src/cpp_solver/src/MyPlanner.cpp:496(findExplorationTarget)] [topics: /rosout, /cmd, /Navigator/plan, /Navigator/markers, /Navigator/frontiers, /Navigator/frontier_to_vertex, /Navigator/nav_goal, /Navigator/prior_map, /Navigator/visual_tsp_path, /Navigator/tsp_index, /Navigator/path_finder, /Navigator/dist_map, /finished_topic, /request_replan, /Explore/result, /Explore/feedback, /Explore/status, /MoveTo/result, /MoveTo/feedback, /MoveTo/status, /Localize/result, /Localize/feedback, /Localize/status, /GetFirstMap/result, /GetFirstMap/feedback, /GetFirstMap/status] Next target is loop vertex 37(L)
953.000000000 INFO /Navigator [/home/wcqw/ac-slam/catkin_ws/src/cpp_solver/src/MyPlanner.cpp:223(setReliableLoopPath)] [topics: /rosout, /cmd, /Navigator/plan, /Navigator/markers, /Navigator/frontiers, /Navigator/frontier_to_vertex, /Navigator/nav_goal, /Navigator/prior_map, /Navigator/visual_tsp_path, /Navigator/tsp_index, /Navigator/path_finder, /Navigator/dist_map, /finished_topic, /request_replan, /Explore/result, /Explore/feedback, /Explore/status, /MoveTo/result, /MoveTo/feedback, /MoveTo/status, /Localize/result, /Localize/feedback, /Localize/status, /GetFirstMap/result, /GetFirstMap/feedback, /GetFirstMap/status] Set reliable loop closing path from reliable_loop_service.
953.000000000 INFO /Navigator [/home/wcqw/ac-slam/catkin_ws/src/cpp_solver/src/MyPlanner.cpp:255(setReliableLoopPath)] [topics: /rosout, /cmd, /Navigator/plan, /Navigator/markers, /Navigator/frontiers, /Navigator/frontier_to_vertex, /Navigator/nav_goal, /Navigator/prior_map, /Navigator/visual_tsp_path, /Navigator/tsp_index, /Navigator/path_finder, /Navigator/dist_map, /finished_topic, /request_replan, /Explore/result, /Explore/feedback, /Explore/status, /MoveTo/result, /MoveTo/feedback, /MoveTo/status, /Localize/result, /Localize/feedback, /Localize/status, /GetFirstMap/result, /GetFirstMap/feedback, /GetFirstMap/status] PHASE2_LOOP_PLANNED vertex=37 source=reliable_loop_service waypoints=5 path=31.4894524,36.6678581;32.1740685,37.362381;32.913353,38.1108665;33.526619,38.7942276;34.0452309,39.7547569
953.000000000 INFO /Navigator [/home/wcqw/ac-slam/catkin_ws/src/navigation_2d/nav2d_navigator/src/RobotNavigator.cpp:878(receiveExploreGoal)] [topics: /rosout, /cmd, /Navigator/plan, /Navigator/markers, /Navigator/frontiers, /Navigator/frontier_to_vertex, /Navigator/nav_goal, /Navigator/prior_map, /Navigator/visual_tsp_path, /Navigator/tsp_index, /Navigator/path_finder, /Navigator/dist_map, /finished_topic, /request_replan, /Explore/result, /Explore/feedback, /Explore/status, /MoveTo/result, /MoveTo/feedback, /MoveTo/status, /Localize/result, /Localize/feedback, /Localize/status, /GetFirstMap/result, /GetFirstMap/feedback, /GetFirstMap/status] Exploration is waiting.
958.400000000 INFO /updateDistance [/home/wcqw/ac-slam/catkin_ws/src/cpp_solver/src/updateDistance.cpp:29(occupancyGridCallback)] [topics: /rosout, /edge_distance] Received an OccupancyGrid message!
958.400000000 INFO /updateDistance [/home/wcqw/ac-slam/catkin_ws/src/cpp_solver/src/updateDistance.cpp:30(occupancyGridCallback)] [topics: /rosout, /edge_distance] Width: 722, Height: 733, Size: 529226
958.400000000 INFO /updateDistance [/home/wcqw/ac-slam/catkin_ws/src/cpp_solver/src/updateDistance.cpp:32(occupancyGridCallback)] [topics: /rosout, /edge_distance] Map origin x: -7.415, y: -7.323
958.400000000 INFO /updateDistance [/home/wcqw/ac-slam/catkin_ws/src/cpp_solver/src/updateDistance.cpp:87(occupancyGridCallback)] [topics: /rosout, /edge_distance] Free vertices size: 35
958.400000000 INFO /updateDistance [/home/wcqw/ac-slam/catkin_ws/src/cpp_solver/src/updateDistance.cpp:128(occupancyGridCallback)] [topics: /rosout, /edge_distance] 570 edge distance updated
958.900000000 INFO /Navigator [/home/wcqw/ac-slam/catkin_ws/src/cpp_solver/src/MyPlanner.cpp:326(performReliableLooping)] [topics: /rosout, /cmd, /Navigator/plan, /Navigator/markers, /Navigator/frontiers, /Navigator/frontier_to_vertex, /Navigator/nav_goal, /Navigator/prior_map, /Navigator/visual_tsp_path, /Navigator/tsp_index, /Navigator/path_finder, /Navigator/dist_map, /finished_topic, /request_replan, /Explore/result, /Explore/feedback, /Explore/status, /MoveTo/result, /MoveTo/feedback, /MoveTo/status, /Localize/result, /Localize/feedback, /Localize/status, /GetFirstMap/result, /GetFirstMap/feedback, /GetFirstMap/status] PHASE2_LOOP_EXECUTION_STARTED vertex=37 waypoints=5
963.700000000 INFO /updateDistance [/home/wcqw/ac-slam/catkin_ws/src/cpp_solver/src/updateDistance.cpp:29(occupancyGridCallback)] [topics: /rosout, /edge_distance] Received an OccupancyGrid message!
963.700000000 INFO /updateDistance [/home/wcqw/ac-slam/catkin_ws/src/cpp_solver/src/updateDistance.cpp:30(occupancyGridCallback)] [topics: /rosout, /edge_distance] Width: 722, Height: 733, Size: 529226
963.700000000 INFO /updateDistance [/home/wcqw/ac-slam/catkin_ws/src/cpp_solver/src/updateDistance.cpp:32(occupancyGridCallback)] [topics: /rosout, /edge_distance] Map origin x: -7.415, y: -7.323
963.700000000 INFO /path_planner [path_planner.py:638(PathPlanner.handle_pose_graph)] [topics: /pose_graph_idx, /rosout, /edge_distance, /clock, /slam_pose_graph] Really visited vertices: 8 7 6 5 4 3 9 15 16 35 11 35 37 20 19 15 19 23 29 30 31 25 31 32 26 27 33 34 28 22 21 
963.700000000 INFO /updateDistance [/home/wcqw/ac-slam/catkin_ws/src/cpp_solver/src/updateDistance.cpp:87(occupancyGridCallback)] [topics: /rosout, /edge_distance] Free vertices size: 36
963.700000000 INFO /updateDistance [/home/wcqw/ac-slam/catkin_ws/src/cpp_solver/src/updateDistance.cpp:128(occupancyGridCallback)] [topics: /rosout, /edge_distance] 570 edge distance updated
964.300000000 INFO /updateDistance [/home/wcqw/ac-slam/catkin_ws/src/cpp_solver/src/updateDistance.cpp:29(occupancyGridCallback)] [topics: /rosout, /edge_distance] Received an OccupancyGrid message!
964.300000000 INFO /updateDistance [/home/wcqw/ac-slam/catkin_ws/src/cpp_solver/src/updateDistance.cpp:30(occupancyGridCallback)] [topics: /rosout, /edge_distance] Width: 722, Height: 733, Size: 529226
964.300000000 INFO /updateDistance [/home/wcqw/ac-slam/catkin_ws/src/cpp_solver/src/updateDistance.cpp:32(occupancyGridCallback)] [topics: /rosout, /edge_distance] Map origin x: -7.415, y: -7.323
964.300000000 INFO /updateDistance [/home/wcqw/ac-slam/catkin_ws/src/cpp_solver/src/updateDistance.cpp:87(occupancyGridCallback)] [topics: /rosout, /edge_distance] Free vertices size: 36
964.300000000 INFO /updateDistance [/home/wcqw/ac-slam/catkin_ws/src/cpp_solver/src/updateDistance.cpp:128(occupancyGridCallback)] [topics: /rosout, /edge_distance] 570 edge distance updated
970.500000000 INFO /updateDistance [/home/wcqw/ac-slam/catkin_ws/src/cpp_solver/src/updateDistance.cpp:29(occupancyGridCallback)] [topics: /rosout, /edge_distance] Received an OccupancyGrid message!
970.500000000 INFO /updateDistance [/home/wcqw/ac-slam/catkin_ws/src/cpp_solver/src/updateDistance.cpp:30(occupancyGridCallback)] [topics: /rosout, /edge_distance] Width: 722, Height: 733, Size: 529226
970.500000000 INFO /updateDistance [/home/wcqw/ac-slam/catkin_ws/src/cpp_solver/src/updateDistance.cpp:32(occupancyGridCallback)] [topics: /rosout, /edge_distance] Map origin x: -7.415, y: -7.323
970.500000000 WARN /RVIZ [/tmp/binarydeb/ros-noetic-tf2-0.7.10/src/buffer_core.cpp:277()] [topics: /rosout, /initialpose, /goal, /clicked_point] TF_REPEATED_DATA ignoring data with redundant timestamp for frame odom (parent offset) at time 970.500000 according to authority unknown_publisher
970.500000000 WARN /RVIZ [/tmp/binarydeb/ros-noetic-tf2-0.7.10/src/buffer_core.cpp:277()] [topics: /rosout, /initialpose, /goal, /clicked_point] TF_REPEATED_DATA ignoring data with redundant timestamp for frame offset (parent map) at time 970.500000 according to authority unknown_publisher
970.500000000 INFO /updateDistance [/home/wcqw/ac-slam/catkin_ws/src/cpp_solver/src/updateDistance.cpp:87(occupancyGridCallback)] [topics: /rosout, /edge_distance] Free vertices size: 36
970.500000000 INFO /updateDistance [/home/wcqw/ac-slam/catkin_ws/src/cpp_solver/src/updateDistance.cpp:128(occupancyGridCallback)] [topics: /rosout, /edge_distance] 570 edge distance updated
976.400000000 INFO /updateDistance [/home/wcqw/ac-slam/catkin_ws/src/cpp_solver/src/updateDistance.cpp:29(occupancyGridCallback)] [topics: /rosout, /edge_distance] Received an OccupancyGrid message!
976.400000000 INFO /updateDistance [/home/wcqw/ac-slam/catkin_ws/src/cpp_solver/src/updateDistance.cpp:30(occupancyGridCallback)] [topics: /rosout, /edge_distance] Width: 722, Height: 733, Size: 529226
976.400000000 INFO /updateDistance [/home/wcqw/ac-slam/catkin_ws/src/cpp_solver/src/updateDistance.cpp:32(occupancyGridCallback)] [topics: /rosout, /edge_distance] Map origin x: -7.415, y: -7.323
976.400000000 INFO /updateDistance [/home/wcqw/ac-slam/catkin_ws/src/cpp_solver/src/updateDistance.cpp:87(occupancyGridCallback)] [topics: /rosout, /edge_distance] Free vertices size: 35
976.400000000 INFO /updateDistance [/home/wcqw/ac-slam/catkin_ws/src/cpp_solver/src/updateDistance.cpp:128(occupancyGridCallback)] [topics: /rosout, /edge_distance] 570 edge distance updated
982.400000000 INFO /updateDistance [/home/wcqw/ac-slam/catkin_ws/src/cpp_solver/src/updateDistance.cpp:29(occupancyGridCallback)] [topics: /rosout, /edge_distance] Received an OccupancyGrid message!
982.400000000 INFO /updateDistance [/home/wcqw/ac-slam/catkin_ws/src/cpp_solver/src/updateDistance.cpp:30(occupancyGridCallback)] [topics: /rosout, /edge_distance] Width: 722, Height: 733, Size: 529226
982.400000000 INFO /updateDistance [/home/wcqw/ac-slam/catkin_ws/src/cpp_solver/src/updateDistance.cpp:32(occupancyGridCallback)] [topics: /rosout, /edge_distance] Map origin x: -7.415, y: -7.323
982.400000000 INFO /updateDistance [/home/wcqw/ac-slam/catkin_ws/src/cpp_solver/src/updateDistance.cpp:87(occupancyGridCallback)] [topics: /rosout, /edge_distance] Free vertices size: 36
982.400000000 INFO /updateDistance [/home/wcqw/ac-slam/catkin_ws/src/cpp_solver/src/updateDistance.cpp:128(occupancyGridCallback)] [topics: /rosout, /edge_distance] 570 edge distance updated
988.000000000 INFO /updateDistance [/home/wcqw/ac-slam/catkin_ws/src/cpp_solver/src/updateDistance.cpp:29(occupancyGridCallback)] [topics: /rosout, /edge_distance] Received an OccupancyGrid message!
988.000000000 INFO /updateDistance [/home/wcqw/ac-slam/catkin_ws/src/cpp_solver/src/updateDistance.cpp:30(occupancyGridCallback)] [topics: /rosout, /edge_distance] Width: 722, Height: 733, Size: 529226
988.000000000 INFO /updateDistance [/home/wcqw/ac-slam/catkin_ws/src/cpp_solver/src/updateDistance.cpp:32(occupancyGridCallback)] [topics: /rosout, /edge_distance] Map origin x: -7.415, y: -7.323
988.000000000 WARN /RVIZ [/tmp/binarydeb/ros-noetic-tf2-0.7.10/src/buffer_core.cpp:277()] [topics: /rosout, /initialpose, /goal, /clicked_point] TF_REPEATED_DATA ignoring data with redundant timestamp for frame odom (parent offset) at time 988.000000 according to authority unknown_publisher
988.000000000 WARN /RVIZ [/tmp/binarydeb/ros-noetic-tf2-0.7.10/src/buffer_core.cpp:277()] [topics: /rosout, /initialpose, /goal, /clicked_point] TF_REPEATED_DATA ignoring data with redundant timestamp for frame offset (parent map) at time 988.000000 according to authority unknown_publisher
988.000000000 INFO /path_planner [path_planner.py:638(PathPlanner.handle_pose_graph)] [topics: /pose_graph_idx, /rosout, /edge_distance, /clock, /slam_pose_graph] Really visited vertices: 8 7 6 5 4 3 9 15 16 35 11 35 37 20 19 15 19 23 29 30 31 25 31 32 26 27 33 34 28 22 21 
988.000000000 INFO /updateDistance [/home/wcqw/ac-slam/catkin_ws/src/cpp_solver/src/updateDistance.cpp:87(occupancyGridCallback)] [topics: /rosout, /edge_distance] Free vertices size: 36
988.000000000 INFO /updateDistance [/home/wcqw/ac-slam/catkin_ws/src/cpp_solver/src/updateDistance.cpp:128(occupancyGridCallback)] [topics: /rosout, /edge_distance] 570 edge distance updated
988.300000000 INFO /updateDistance [/home/wcqw/ac-slam/catkin_ws/src/cpp_solver/src/updateDistance.cpp:29(occupancyGridCallback)] [topics: /rosout, /edge_distance] Received an OccupancyGrid message!
988.300000000 INFO /updateDistance [/home/wcqw/ac-slam/catkin_ws/src/cpp_solver/src/updateDistance.cpp:30(occupancyGridCallback)] [topics: /rosout, /edge_distance] Width: 722, Height: 733, Size: 529226
988.300000000 INFO /updateDistance [/home/wcqw/ac-slam/catkin_ws/src/cpp_solver/src/updateDistance.cpp:32(occupancyGridCallback)] [topics: /rosout, /edge_distance] Map origin x: -7.415, y: -7.323
988.300000000 INFO /updateDistance [/home/wcqw/ac-slam/catkin_ws/src/cpp_solver/src/updateDistance.cpp:87(occupancyGridCallback)] [topics: /rosout, /edge_distance] Free vertices size: 36
988.300000000 INFO /updateDistance [/home/wcqw/ac-slam/catkin_ws/src/cpp_solver/src/updateDistance.cpp:128(occupancyGridCallback)] [topics: /rosout, /edge_distance] 570 edge distance updated
994.400000000 INFO /updateDistance [/home/wcqw/ac-slam/catkin_ws/src/cpp_solver/src/updateDistance.cpp:29(occupancyGridCallback)] [topics: /rosout, /edge_distance] Received an OccupancyGrid message!
994.400000000 INFO /updateDistance [/home/wcqw/ac-slam/catkin_ws/src/cpp_solver/src/updateDistance.cpp:30(occupancyGridCallback)] [topics: /rosout, /edge_distance] Width: 722, Height: 733, Size: 529226
994.400000000 INFO /updateDistance [/home/wcqw/ac-slam/catkin_ws/src/cpp_solver/src/updateDistance.cpp:32(occupancyGridCallback)] [topics: /rosout, /edge_distance] Map origin x: -7.415, y: -7.323
994.400000000 INFO /updateDistance [/home/wcqw/ac-slam/catkin_ws/src/cpp_solver/src/updateDistance.cpp:87(occupancyGridCallback)] [topics: /rosout, /edge_distance] Free vertices size: 36
994.400000000 INFO /updateDistance [/home/wcqw/ac-slam/catkin_ws/src/cpp_solver/src/updateDistance.cpp:128(occupancyGridCallback)] [topics: /rosout, /edge_distance] 570 edge distance updated
995.300000000 WARN /Navigator [/home/wcqw/ac-slam/catkin_ws/src/navigation_2d/nav2d_navigator/src/RobotNavigator.cpp:926(receiveExploreGoal)] [topics: /rosout, /cmd, /Navigator/plan, /Navigator/markers, /Navigator/frontiers, /Navigator/frontier_to_vertex, /Navigator/nav_goal, /Navigator/prior_map, /Navigator/visual_tsp_path, /Navigator/tsp_index, /Navigator/path_finder, /Navigator/dist_map, /finished_topic, /request_replan, /Explore/result, /Explore/feedback, /Explore/status, /MoveTo/result, /MoveTo/feedback, /MoveTo/status, /Localize/result, /Localize/feedback, /Localize/status, /GetFirstMap/result, /GetFirstMap/feedback, /GetFirstMap/status] Missed desired rate of 1.00Hz! Loop actually took 1.1000 seconds!
1000.000000000 INFO /updateDistance [/home/wcqw/ac-slam/catkin_ws/src/cpp_solver/src/updateDistance.cpp:29(occupancyGridCallback)] [topics: /rosout, /edge_distance] Received an OccupancyGrid message!
1000.000000000 INFO /updateDistance [/home/wcqw/ac-slam/catkin_ws/src/cpp_solver/src/updateDistance.cpp:30(occupancyGridCallback)] [topics: /rosout, /edge_distance] Width: 722, Height: 733, Size: 529226
1000.000000000 INFO /updateDistance [/home/wcqw/ac-slam/catkin_ws/src/cpp_solver/src/updateDistance.cpp:32(occupancyGridCallback)] [topics: /rosout, /edge_distance] Map origin x: -7.415, y: -7.323
1000.000000000 INFO /path_planner [path_planner.py:638(PathPlanner.handle_pose_graph)] [topics: /pose_graph_idx, /rosout, /edge_distance, /clock, /slam_pose_graph] Really visited vertices: 8 7 6 5 4 3 9 15 16 35 11 35 37 20 19 15 19 23 29 30 31 25 31 32 26 27 33 34 28 22 21 
1000.000000000 INFO /updateDistance [/home/wcqw/ac-slam/catkin_ws/src/cpp_solver/src/updateDistance.cpp:87(occupancyGridCallback)] [topics: /rosout, /edge_distance] Free vertices size: 36
1000.000000000 INFO /updateDistance [/home/wcqw/ac-slam/catkin_ws/src/cpp_solver/src/updateDistance.cpp:128(occupancyGridCallback)] [topics: /rosout, /edge_distance] 570 edge distance updated
1000.300000000 INFO /updateDistance [/home/wcqw/ac-slam/catkin_ws/src/cpp_solver/src/updateDistance.cpp:29(occupancyGridCallback)] [topics: /rosout, /edge_distance] Received an OccupancyGrid message!
1000.300000000 INFO /updateDistance [/home/wcqw/ac-slam/catkin_ws/src/cpp_solver/src/updateDistance.cpp:30(occupancyGridCallback)] [topics: /rosout, /edge_distance] Width: 722, Height: 733, Size: 529226
1000.300000000 INFO /updateDistance [/home/wcqw/ac-slam/catkin_ws/src/cpp_solver/src/updateDistance.cpp:32(occupancyGridCallback)] [topics: /rosout, /edge_distance] Map origin x: -7.415, y: -7.323
1000.300000000 INFO /updateDistance [/home/wcqw/ac-slam/catkin_ws/src/cpp_solver/src/updateDistance.cpp:87(occupancyGridCallback)] [topics: /rosout, /edge_distance] Free vertices size: 36
1000.300000000 INFO /updateDistance [/home/wcqw/ac-slam/catkin_ws/src/cpp_solver/src/updateDistance.cpp:128(occupancyGridCallback)] [topics: /rosout, /edge_distance] 570 edge distance updated
1006.400000000 INFO /updateDistance [/home/wcqw/ac-slam/catkin_ws/src/cpp_solver/src/updateDistance.cpp:29(occupancyGridCallback)] [topics: /rosout, /edge_distance] Received an OccupancyGrid message!
1006.400000000 INFO /updateDistance [/home/wcqw/ac-slam/catkin_ws/src/cpp_solver/src/updateDistance.cpp:30(occupancyGridCallback)] [topics: /rosout, /edge_distance] Width: 722, Height: 733, Size: 529226
1006.400000000 INFO /updateDistance [/home/wcqw/ac-slam/catkin_ws/src/cpp_solver/src/updateDistance.cpp:32(occupancyGridCallback)] [topics: /rosout, /edge_distance] Map origin x: -7.415, y: -7.323
1006.400000000 INFO /updateDistance [/home/wcqw/ac-slam/catkin_ws/src/cpp_solver/src/updateDistance.cpp:87(occupancyGridCallback)] [topics: /rosout, /edge_distance] Free vertices size: 36
1006.400000000 INFO /updateDistance [/home/wcqw/ac-slam/catkin_ws/src/cpp_solver/src/updateDistance.cpp:128(occupancyGridCallback)] [topics: /rosout, /edge_distance] 570 edge distance updated
1007.300000000 WARN /Navigator [/home/wcqw/ac-slam/catkin_ws/src/navigation_2d/nav2d_navigator/src/RobotNavigator.cpp:926(receiveExploreGoal)] [topics: /rosout, /cmd, /Navigator/plan, /Navigator/markers, /Navigator/frontiers, /Navigator/frontier_to_vertex, /Navigator/nav_goal, /Navigator/prior_map, /Navigator/visual_tsp_path, /Navigator/tsp_index, /Navigator/path_finder, /Navigator/dist_map, /finished_topic, /request_replan, /Explore/result, /Explore/feedback, /Explore/status, /MoveTo/result, /MoveTo/feedback, /MoveTo/status, /Localize/result, /Localize/feedback, /Localize/status, /GetFirstMap/result, /GetFirstMap/feedback, /GetFirstMap/status] Missed desired rate of 1.00Hz! Loop actually took 1.1000 seconds!
1012.400000000 INFO /updateDistance [/home/wcqw/ac-slam/catkin_ws/src/cpp_solver/src/updateDistance.cpp:29(occupancyGridCallback)] [topics: /rosout, /edge_distance] Received an OccupancyGrid message!
1012.400000000 INFO /updateDistance [/home/wcqw/ac-slam/catkin_ws/src/cpp_solver/src/updateDistance.cpp:30(occupancyGridCallback)] [topics: /rosout, /edge_distance] Width: 722, Height: 733, Size: 529226
1012.400000000 INFO /updateDistance [/home/wcqw/ac-slam/catkin_ws/src/cpp_solver/src/updateDistance.cpp:32(occupancyGridCallback)] [topics: /rosout, /edge_distance] Map origin x: -7.415, y: -7.323
1012.400000000 INFO /updateDistance [/home/wcqw/ac-slam/catkin_ws/src/cpp_solver/src/updateDistance.cpp:87(occupancyGridCallback)] [topics: /rosout, /edge_distance] Free vertices size: 36
1012.400000000 INFO /updateDistance [/home/wcqw/ac-slam/catkin_ws/src/cpp_solver/src/updateDistance.cpp:128(occupancyGridCallback)] [topics: /rosout, /edge_distance] 570 edge distance updated
1018.400000000 INFO /updateDistance [/home/wcqw/ac-slam/catkin_ws/src/cpp_solver/src/updateDistance.cpp:29(occupancyGridCallback)] [topics: /rosout, /edge_distance] Received an OccupancyGrid message!
1018.400000000 INFO /updateDistance [/home/wcqw/ac-slam/catkin_ws/src/cpp_solver/src/updateDistance.cpp:30(occupancyGridCallback)] [topics: /rosout, /edge_distance] Width: 722, Height: 733, Size: 529226
1018.400000000 INFO /updateDistance [/home/wcqw/ac-slam/catkin_ws/src/cpp_solver/src/updateDistance.cpp:32(occupancyGridCallback)] [topics: /rosout, /edge_distance] Map origin x: -7.415, y: -7.323
1018.400000000 INFO /updateDistance [/home/wcqw/ac-slam/catkin_ws/src/cpp_solver/src/updateDistance.cpp:87(occupancyGridCallback)] [topics: /rosout, /edge_distance] Free vertices size: 36
1018.400000000 INFO /updateDistance [/home/wcqw/ac-slam/catkin_ws/src/cpp_solver/src/updateDistance.cpp:128(occupancyGridCallback)] [topics: /rosout, /edge_distance] 570 edge distance updated
1024.400000000 INFO /updateDistance [/home/wcqw/ac-slam/catkin_ws/src/cpp_solver/src/updateDistance.cpp:29(occupancyGridCallback)] [topics: /rosout, /edge_distance] Received an OccupancyGrid message!
1024.400000000 INFO /updateDistance [/home/wcqw/ac-slam/catkin_ws/src/cpp_solver/src/updateDistance.cpp:30(occupancyGridCallback)] [topics: /rosout, /edge_distance] Width: 722, Height: 733, Size: 529226
1024.400000000 INFO /updateDistance [/home/wcqw/ac-slam/catkin_ws/src/cpp_solver/src/updateDistance.cpp:32(occupancyGridCallback)] [topics: /rosout, /edge_distance] Map origin x: -7.415, y: -7.323
1024.400000000 INFO /updateDistance [/home/wcqw/ac-slam/catkin_ws/src/cpp_solver/src/updateDistance.cpp:87(occupancyGridCallback)] [topics: /rosout, /edge_distance] Free vertices size: 36
1024.400000000 INFO /updateDistance [/home/wcqw/ac-slam/catkin_ws/src/cpp_solver/src/updateDistance.cpp:128(occupancyGridCallback)] [topics: /rosout, /edge_distance] 570 edge distance updated
1030.400000000 INFO /updateDistance [/home/wcqw/ac-slam/catkin_ws/src/cpp_solver/src/updateDistance.cpp:29(occupancyGridCallback)] [topics: /rosout, /edge_distance] Received an OccupancyGrid message!
1030.400000000 INFO /updateDistance [/home/wcqw/ac-slam/catkin_ws/src/cpp_solver/src/updateDistance.cpp:30(occupancyGridCallback)] [topics: /rosout, /edge_distance] Width: 722, Height: 733, Size: 529226
1030.400000000 INFO /updateDistance [/home/wcqw/ac-slam/catkin_ws/src/cpp_solver/src/updateDistance.cpp:32(occupancyGridCallback)] [topics: /rosout, /edge_distance] Map origin x: -7.415, y: -7.323
1030.400000000 INFO /updateDistance [/home/wcqw/ac-slam/catkin_ws/src/cpp_solver/src/updateDistance.cpp:87(occupancyGridCallback)] [topics: /rosout, /edge_distance] Free vertices size: 36
1030.400000000 INFO /updateDistance [/home/wcqw/ac-slam/catkin_ws/src/cpp_solver/src/updateDistance.cpp:128(occupancyGridCallback)] [topics: /rosout, /edge_distance] 570 edge distance updated
1036.400000000 INFO /updateDistance [/home/wcqw/ac-slam/catkin_ws/src/cpp_solver/src/updateDistance.cpp:29(occupancyGridCallback)] [topics: /rosout, /edge_distance] Received an OccupancyGrid message!
1036.400000000 INFO /updateDistance [/home/wcqw/ac-slam/catkin_ws/src/cpp_solver/src/updateDistance.cpp:30(occupancyGridCallback)] [topics: /rosout, /edge_distance] Width: 722, Height: 733, Size: 529226
1036.400000000 INFO /updateDistance [/home/wcqw/ac-slam/catkin_ws/src/cpp_solver/src/updateDistance.cpp:32(occupancyGridCallback)] [topics: /rosout, /edge_distance] Map origin x: -7.415, y: -7.323
1036.400000000 INFO /updateDistance [/home/wcqw/ac-slam/catkin_ws/src/cpp_solver/src/updateDistance.cpp:87(occupancyGridCallback)] [topics: /rosout, /edge_distance] Free vertices size: 36
1036.400000000 INFO /updateDistance [/home/wcqw/ac-slam/catkin_ws/src/cpp_solver/src/updateDistance.cpp:128(occupancyGridCallback)] [topics: /rosout, /edge_distance] 570 edge distance updated
1041.900000000 INFO /updateDistance [/home/wcqw/ac-slam/catkin_ws/src/cpp_solver/src/updateDistance.cpp:29(occupancyGridCallback)] [topics: /rosout, /edge_distance] Received an OccupancyGrid message!
1041.900000000 INFO /updateDistance [/home/wcqw/ac-slam/catkin_ws/src/cpp_solver/src/updateDistance.cpp:30(occupancyGridCallback)] [topics: /rosout, /edge_distance] Width: 722, Height: 733, Size: 529226
1041.900000000 INFO /updateDistance [/home/wcqw/ac-slam/catkin_ws/src/cpp_solver/src/updateDistance.cpp:32(occupancyGridCallback)] [topics: /rosout, /edge_distance] Map origin x: -7.415, y: -7.323
1041.900000000 WARN /RVIZ [/tmp/binarydeb/ros-noetic-tf2-0.7.10/src/buffer_core.cpp:277()] [topics: /rosout, /initialpose, /goal, /clicked_point] TF_REPEATED_DATA ignoring data with redundant timestamp for frame odom (parent offset) at time 1041.900000 according to authority unknown_publisher
1041.900000000 WARN /RVIZ [/tmp/binarydeb/ros-noetic-tf2-0.7.10/src/buffer_core.cpp:277()] [topics: /rosout, /initialpose, /goal, /clicked_point] TF_REPEATED_DATA ignoring data with redundant timestamp for frame offset (parent map) at time 1041.900000 according to authority unknown_publisher
1041.900000000 INFO /path_planner [path_planner.py:638(PathPlanner.handle_pose_graph)] [topics: /pose_graph_idx, /rosout, /edge_distance, /clock, /slam_pose_graph] Really visited vertices: 8 7 6 5 4 3 9 15 16 35 11 35 37 20 19 15 19 23 29 30 31 25 31 32 26 27 33 34 28 22 21 38 
1041.900000000 INFO /updateDistance [/home/wcqw/ac-slam/catkin_ws/src/cpp_solver/src/updateDistance.cpp:87(occupancyGridCallback)] [topics: /rosout, /edge_distance] Free vertices size: 36
1041.900000000 INFO /updateDistance [/home/wcqw/ac-slam/catkin_ws/src/cpp_solver/src/updateDistance.cpp:128(occupancyGridCallback)] [topics: /rosout, /edge_distance] 570 edge distance updated
1042.300000000 INFO /updateDistance [/home/wcqw/ac-slam/catkin_ws/src/cpp_solver/src/updateDistance.cpp:29(occupancyGridCallback)] [topics: /rosout, /edge_distance] Received an OccupancyGrid message!
1042.300000000 INFO /updateDistance [/home/wcqw/ac-slam/catkin_ws/src/cpp_solver/src/updateDistance.cpp:30(occupancyGridCallback)] [topics: /rosout, /edge_distance] Width: 722, Height: 733, Size: 529226
1042.300000000 INFO /updateDistance [/home/wcqw/ac-slam/catkin_ws/src/cpp_solver/src/updateDistance.cpp:32(occupancyGridCallback)] [topics: /rosout, /edge_distance] Map origin x: -7.415, y: -7.323
1042.300000000 INFO /updateDistance [/home/wcqw/ac-slam/catkin_ws/src/cpp_solver/src/updateDistance.cpp:87(occupancyGridCallback)] [topics: /rosout, /edge_distance] Free vertices size: 36
1042.300000000 INFO /updateDistance [/home/wcqw/ac-slam/catkin_ws/src/cpp_solver/src/updateDistance.cpp:128(occupancyGridCallback)] [topics: /rosout, /edge_distance] 570 edge distance updated
1048.400000000 INFO /updateDistance [/home/wcqw/ac-slam/catkin_ws/src/cpp_solver/src/updateDistance.cpp:29(occupancyGridCallback)] [topics: /rosout, /edge_distance] Received an OccupancyGrid message!
1048.400000000 INFO /updateDistance [/home/wcqw/ac-slam/catkin_ws/src/cpp_solver/src/updateDistance.cpp:30(occupancyGridCallback)] [topics: /rosout, /edge_distance] Width: 722, Height: 733, Size: 529226
1048.400000000 INFO /updateDistance [/home/wcqw/ac-slam/catkin_ws/src/cpp_solver/src/updateDistance.cpp:32(occupancyGridCallback)] [topics: /rosout, /edge_distance] Map origin x: -7.415, y: -7.323
1048.400000000 INFO /updateDistance [/home/wcqw/ac-slam/catkin_ws/src/cpp_solver/src/updateDistance.cpp:87(occupancyGridCallback)] [topics: /rosout, /edge_distance] Free vertices size: 36
1048.400000000 INFO /updateDistance [/home/wcqw/ac-slam/catkin_ws/src/cpp_solver/src/updateDistance.cpp:128(occupancyGridCallback)] [topics: /rosout, /edge_distance] 570 edge distance updated
1054.400000000 INFO /updateDistance [/home/wcqw/ac-slam/catkin_ws/src/cpp_solver/src/updateDistance.cpp:29(occupancyGridCallback)] [topics: /rosout, /edge_distance] Received an OccupancyGrid message!
1054.400000000 INFO /updateDistance [/home/wcqw/ac-slam/catkin_ws/src/cpp_solver/src/updateDistance.cpp:30(occupancyGridCallback)] [topics: /rosout, /edge_distance] Width: 722, Height: 733, Size: 529226
1054.400000000 INFO /updateDistance [/home/wcqw/ac-slam/catkin_ws/src/cpp_solver/src/updateDistance.cpp:32(occupancyGridCallback)] [topics: /rosout, /edge_distance] Map origin x: -7.415, y: -7.323
1054.400000000 INFO /updateDistance [/home/wcqw/ac-slam/catkin_ws/src/cpp_solver/src/updateDistance.cpp:87(occupancyGridCallback)] [topics: /rosout, /edge_distance] Free vertices size: 36
1054.400000000 INFO /updateDistance [/home/wcqw/ac-slam/catkin_ws/src/cpp_solver/src/updateDistance.cpp:128(occupancyGridCallback)] [topics: /rosout, /edge_distance] 570 edge distance updated
1055.300000000 WARN /Navigator [/home/wcqw/ac-slam/catkin_ws/src/navigation_2d/nav2d_navigator/src/RobotNavigator.cpp:926(receiveExploreGoal)] [topics: /rosout, /cmd, /Navigator/plan, /Navigator/markers, /Navigator/frontiers, /Navigator/frontier_to_vertex, /Navigator/nav_goal, /Navigator/prior_map, /Navigator/visual_tsp_path, /Navigator/tsp_index, /Navigator/path_finder, /Navigator/dist_map, /finished_topic, /request_replan, /Explore/result, /Explore/feedback, /Explore/status, /MoveTo/result, /MoveTo/feedback, /MoveTo/status, /Localize/result, /Localize/feedback, /Localize/status, /GetFirstMap/result, /GetFirstMap/feedback, /GetFirstMap/status] Missed desired rate of 1.00Hz! Loop actually took 1.1000 seconds!
1060.400000000 INFO /updateDistance [/home/wcqw/ac-slam/catkin_ws/src/cpp_solver/src/updateDistance.cpp:29(occupancyGridCallback)] [topics: /rosout, /edge_distance] Received an OccupancyGrid message!
1060.400000000 INFO /updateDistance [/home/wcqw/ac-slam/catkin_ws/src/cpp_solver/src/updateDistance.cpp:30(occupancyGridCallback)] [topics: /rosout, /edge_distance] Width: 722, Height: 733, Size: 529226
1060.400000000 INFO /updateDistance [/home/wcqw/ac-slam/catkin_ws/src/cpp_solver/src/updateDistance.cpp:32(occupancyGridCallback)] [topics: /rosout, /edge_distance] Map origin x: -7.415, y: -7.323
1060.400000000 INFO /updateDistance [/home/wcqw/ac-slam/catkin_ws/src/cpp_solver/src/updateDistance.cpp:87(occupancyGridCallback)] [topics: /rosout, /edge_distance] Free vertices size: 36
1060.400000000 INFO /updateDistance [/home/wcqw/ac-slam/catkin_ws/src/cpp_solver/src/updateDistance.cpp:128(occupancyGridCallback)] [topics: /rosout, /edge_distance] 570 edge distance updated
1066.200000000 INFO /updateDistance [/home/wcqw/ac-slam/catkin_ws/src/cpp_solver/src/updateDistance.cpp:29(occupancyGridCallback)] [topics: /rosout, /edge_distance] Received an OccupancyGrid message!
1066.200000000 INFO /updateDistance [/home/wcqw/ac-slam/catkin_ws/src/cpp_solver/src/updateDistance.cpp:30(occupancyGridCallback)] [topics: /rosout, /edge_distance] Width: 722, Height: 733, Size: 529226
1066.200000000 INFO /updateDistance [/home/wcqw/ac-slam/catkin_ws/src/cpp_solver/src/updateDistance.cpp:32(occupancyGridCallback)] [topics: /rosout, /edge_distance] Map origin x: -7.415, y: -7.323
1066.200000000 INFO /path_planner [path_planner.py:638(PathPlanner.handle_pose_graph)] [topics: /pose_graph_idx, /rosout, /edge_distance, /clock, /slam_pose_graph] Really visited vertices: 8 7 6 5 4 3 9 15 16 35 11 35 37 20 19 15 19 23 29 30 31 25 31 32 26 27 33 34 28 22 21 38 37 
1066.200000000 INFO /updateDistance [/home/wcqw/ac-slam/catkin_ws/src/cpp_solver/src/updateDistance.cpp:87(occupancyGridCallback)] [topics: /rosout, /edge_distance] Free vertices size: 36
1066.200000000 INFO /updateDistance [/home/wcqw/ac-slam/catkin_ws/src/cpp_solver/src/updateDistance.cpp:128(occupancyGridCallback)] [topics: /rosout, /edge_distance] 570 edge distance updated
1066.200000000 INFO /updateDistance [/home/wcqw/ac-slam/catkin_ws/src/cpp_solver/src/updateDistance.cpp:29(occupancyGridCallback)] [topics: /rosout, /edge_distance] Received an OccupancyGrid message!
1066.200000000 INFO /updateDistance [/home/wcqw/ac-slam/catkin_ws/src/cpp_solver/src/updateDistance.cpp:30(occupancyGridCallback)] [topics: /rosout, /edge_distance] Width: 722, Height: 733, Size: 529226
1066.200000000 INFO /updateDistance [/home/wcqw/ac-slam/catkin_ws/src/cpp_solver/src/updateDistance.cpp:32(occupancyGridCallback)] [topics: /rosout, /edge_distance] Map origin x: -7.415, y: -7.323
1066.200000000 INFO /updateDistance [/home/wcqw/ac-slam/catkin_ws/src/cpp_solver/src/updateDistance.cpp:87(occupancyGridCallback)] [topics: /rosout, /edge_distance] Free vertices size: 36
1066.200000000 INFO /updateDistance [/home/wcqw/ac-slam/catkin_ws/src/cpp_solver/src/updateDistance.cpp:128(occupancyGridCallback)] [topics: /rosout, /edge_distance] 570 edge distance updated
1072.400000000 INFO /updateDistance [/home/wcqw/ac-slam/catkin_ws/src/cpp_solver/src/updateDistance.cpp:29(occupancyGridCallback)] [topics: /rosout, /edge_distance] Received an OccupancyGrid message!
1072.400000000 INFO /updateDistance [/home/wcqw/ac-slam/catkin_ws/src/cpp_solver/src/updateDistance.cpp:30(occupancyGridCallback)] [topics: /rosout, /edge_distance] Width: 722, Height: 733, Size: 529226
1072.400000000 INFO /updateDistance [/home/wcqw/ac-slam/catkin_ws/src/cpp_solver/src/updateDistance.cpp:32(occupancyGridCallback)] [topics: /rosout, /edge_distance] Map origin x: -7.415, y: -7.323
1072.400000000 INFO /updateDistance [/home/wcqw/ac-slam/catkin_ws/src/cpp_solver/src/updateDistance.cpp:87(occupancyGridCallback)] [topics: /rosout, /edge_distance] Free vertices size: 36
1072.400000000 INFO /updateDistance [/home/wcqw/ac-slam/catkin_ws/src/cpp_solver/src/updateDistance.cpp:128(occupancyGridCallback)] [topics: /rosout, /edge_distance] 570 edge distance updated
1073.300000000 WARN /Navigator [/home/wcqw/ac-slam/catkin_ws/src/navigation_2d/nav2d_navigator/src/RobotNavigator.cpp:926(receiveExploreGoal)] [topics: /rosout, /cmd, /Navigator/plan, /Navigator/markers, /Navigator/frontiers, /Navigator/frontier_to_vertex, /Navigator/nav_goal, /Navigator/prior_map, /Navigator/visual_tsp_path, /Navigator/tsp_index, /Navigator/path_finder, /Navigator/dist_map, /finished_topic, /request_replan, /Explore/result, /Explore/feedback, /Explore/status, /MoveTo/result, /MoveTo/feedback, /MoveTo/status, /Localize/result, /Localize/feedback, /Localize/status, /GetFirstMap/result, /GetFirstMap/feedback, /GetFirstMap/status] Missed desired rate of 1.00Hz! Loop actually took 1.1000 seconds!
1078.400000000 INFO /updateDistance [/home/wcqw/ac-slam/catkin_ws/src/cpp_solver/src/updateDistance.cpp:29(occupancyGridCallback)] [topics: /rosout, /edge_distance] Received an OccupancyGrid message!
1078.400000000 INFO /updateDistance [/home/wcqw/ac-slam/catkin_ws/src/cpp_solver/src/updateDistance.cpp:30(occupancyGridCallback)] [topics: /rosout, /edge_distance] Width: 722, Height: 733, Size: 529226
1078.400000000 INFO /updateDistance [/home/wcqw/ac-slam/catkin_ws/src/cpp_solver/src/updateDistance.cpp:32(occupancyGridCallback)] [topics: /rosout, /edge_distance] Map origin x: -7.415, y: -7.323
1078.400000000 INFO /updateDistance [/home/wcqw/ac-slam/catkin_ws/src/cpp_solver/src/updateDistance.cpp:87(occupancyGridCallback)] [topics: /rosout, /edge_distance] Free vertices size: 36
1078.400000000 INFO /updateDistance [/home/wcqw/ac-slam/catkin_ws/src/cpp_solver/src/updateDistance.cpp:128(occupancyGridCallback)] [topics: /rosout, /edge_distance] 570 edge distance updated
1084.500000000 INFO /updateDistance [/home/wcqw/ac-slam/catkin_ws/src/cpp_solver/src/updateDistance.cpp:29(occupancyGridCallback)] [topics: /rosout, /edge_distance] Received an OccupancyGrid message!
1084.500000000 INFO /updateDistance [/home/wcqw/ac-slam/catkin_ws/src/cpp_solver/src/updateDistance.cpp:30(occupancyGridCallback)] [topics: /rosout, /edge_distance] Width: 722, Height: 733, Size: 529226
1084.500000000 INFO /updateDistance [/home/wcqw/ac-slam/catkin_ws/src/cpp_solver/src/updateDistance.cpp:32(occupancyGridCallback)] [topics: /rosout, /edge_distance] Map origin x: -7.415, y: -7.323
1084.500000000 WARN /RVIZ [/tmp/binarydeb/ros-noetic-tf2-0.7.10/src/buffer_core.cpp:277()] [topics: /rosout, /initialpose, /goal, /clicked_point] TF_REPEATED_DATA ignoring data with redundant timestamp for frame odom (parent offset) at time 1084.500000 according to authority unknown_publisher
1084.500000000 WARN /RVIZ [/tmp/binarydeb/ros-noetic-tf2-0.7.10/src/buffer_core.cpp:277()] [topics: /rosout, /initialpose, /goal, /clicked_point] TF_REPEATED_DATA ignoring data with redundant timestamp for frame offset (parent map) at time 1084.500000 according to authority unknown_publisher
1084.500000000 INFO /updateDistance [/home/wcqw/ac-slam/catkin_ws/src/cpp_solver/src/updateDistance.cpp:87(occupancyGridCallback)] [topics: /rosout, /edge_distance] Free vertices size: 36
1084.500000000 INFO /updateDistance [/home/wcqw/ac-slam/catkin_ws/src/cpp_solver/src/updateDistance.cpp:128(occupancyGridCallback)] [topics: /rosout, /edge_distance] 570 edge distance updated
1085.400000000 WARN /Navigator [/home/wcqw/ac-slam/catkin_ws/src/navigation_2d/nav2d_navigator/src/RobotNavigator.cpp:926(receiveExploreGoal)] [topics: /rosout, /cmd, /Navigator/plan, /Navigator/markers, /Navigator/frontiers, /Navigator/frontier_to_vertex, /Navigator/nav_goal, /Navigator/prior_map, /Navigator/visual_tsp_path, /Navigator/tsp_index, /Navigator/path_finder, /Navigator/dist_map, /finished_topic, /request_replan, /Explore/result, /Explore/feedback, /Explore/status, /MoveTo/result, /MoveTo/feedback, /MoveTo/status, /Localize/result, /Localize/feedback, /Localize/status, /GetFirstMap/result, /GetFirstMap/feedback, /GetFirstMap/status] Missed desired rate of 1.00Hz! Loop actually took 1.2000 seconds!
1086.400000000 INFO /updateDistance [/home/wcqw/ac-slam/catkin_ws/src/cpp_solver/src/updateDistance.cpp:29(occupancyGridCallback)] [topics: /rosout, /edge_distance] Received an OccupancyGrid message!
1086.400000000 INFO /updateDistance [/home/wcqw/ac-slam/catkin_ws/src/cpp_solver/src/updateDistance.cpp:30(occupancyGridCallback)] [topics: /rosout, /edge_distance] Width: 722, Height: 733, Size: 529226
1086.400000000 INFO /updateDistance [/home/wcqw/ac-slam/catkin_ws/src/cpp_solver/src/updateDistance.cpp:32(occupancyGridCallback)] [topics: /rosout, /edge_distance] Map origin x: -7.415, y: -7.323
1086.400000000 INFO /updateDistance [/home/wcqw/ac-slam/catkin_ws/src/cpp_solver/src/updateDistance.cpp:87(occupancyGridCallback)] [topics: /rosout, /edge_distance] Free vertices size: 36
1086.400000000 INFO /updateDistance [/home/wcqw/ac-slam/catkin_ws/src/cpp_solver/src/updateDistance.cpp:128(occupancyGridCallback)] [topics: /rosout, /edge_distance] 570 edge distance updated
1087.300000000 WARN /Navigator [/home/wcqw/ac-slam/catkin_ws/src/navigation_2d/nav2d_navigator/src/RobotNavigator.cpp:926(receiveExploreGoal)] [topics: /rosout, /cmd, /Navigator/plan, /Navigator/markers, /Navigator/frontiers, /Navigator/frontier_to_vertex, /Navigator/nav_goal, /Navigator/prior_map, /Navigator/visual_tsp_path, /Navigator/tsp_index, /Navigator/path_finder, /Navigator/dist_map, /finished_topic, /request_replan, /Explore/result, /Explore/feedback, /Explore/status, /MoveTo/result, /MoveTo/feedback, /MoveTo/status, /Localize/result, /Localize/feedback, /Localize/status, /GetFirstMap/result, /GetFirstMap/feedback, /GetFirstMap/status] Missed desired rate of 1.00Hz! Loop actually took 1.1000 seconds!
1088.300000000 INFO /updateDistance [/home/wcqw/ac-slam/catkin_ws/src/cpp_solver/src/updateDistance.cpp:29(occupancyGridCallback)] [topics: /rosout, /edge_distance] Received an OccupancyGrid message!
1088.300000000 INFO /updateDistance [/home/wcqw/ac-slam/catkin_ws/src/cpp_solver/src/updateDistance.cpp:30(occupancyGridCallback)] [topics: /rosout, /edge_distance] Width: 722, Height: 733, Size: 529226
1088.300000000 INFO /updateDistance [/home/wcqw/ac-slam/catkin_ws/src/cpp_solver/src/updateDistance.cpp:32(occupancyGridCallback)] [topics: /rosout, /edge_distance] Map origin x: -7.415, y: -7.323
1088.300000000 INFO /updateDistance [/home/wcqw/ac-slam/catkin_ws/src/cpp_solver/src/updateDistance.cpp:87(occupancyGridCallback)] [topics: /rosout, /edge_distance] Free vertices size: 36
1088.300000000 INFO /updateDistance [/home/wcqw/ac-slam/catkin_ws/src/cpp_solver/src/updateDistance.cpp:128(occupancyGridCallback)] [topics: /rosout, /edge_distance] 570 edge distance updated
1090.300000000 INFO /updateDistance [/home/wcqw/ac-slam/catkin_ws/src/cpp_solver/src/updateDistance.cpp:29(occupancyGridCallback)] [topics: /rosout, /edge_distance] Received an OccupancyGrid message!
1090.300000000 INFO /updateDistance [/home/wcqw/ac-slam/catkin_ws/src/cpp_solver/src/updateDistance.cpp:30(occupancyGridCallback)] [topics: /rosout, /edge_distance] Width: 722, Height: 733, Size: 529226
1090.300000000 INFO /updateDistance [/home/wcqw/ac-slam/catkin_ws/src/cpp_solver/src/updateDistance.cpp:32(occupancyGridCallback)] [topics: /rosout, /edge_distance] Map origin x: -7.415, y: -7.323
1090.300000000 INFO /updateDistance [/home/wcqw/ac-slam/catkin_ws/src/cpp_solver/src/updateDistance.cpp:87(occupancyGridCallback)] [topics: /rosout, /edge_distance] Free vertices size: 36
1090.300000000 INFO /updateDistance [/home/wcqw/ac-slam/catkin_ws/src/cpp_solver/src/updateDistance.cpp:128(occupancyGridCallback)] [topics: /rosout, /edge_distance] 570 edge distance updated
1092.400000000 INFO /updateDistance [/home/wcqw/ac-slam/catkin_ws/src/cpp_solver/src/updateDistance.cpp:29(occupancyGridCallback)] [topics: /rosout, /edge_distance] Received an OccupancyGrid message!
1092.400000000 INFO /updateDistance [/home/wcqw/ac-slam/catkin_ws/src/cpp_solver/src/updateDistance.cpp:30(occupancyGridCallback)] [topics: /rosout, /edge_distance] Width: 722, Height: 733, Size: 529226
1092.400000000 INFO /updateDistance [/home/wcqw/ac-slam/catkin_ws/src/cpp_solver/src/updateDistance.cpp:32(occupancyGridCallback)] [topics: /rosout, /edge_distance] Map origin x: -7.415, y: -7.323
1092.400000000 INFO /updateDistance [/home/wcqw/ac-slam/catkin_ws/src/cpp_solver/src/updateDistance.cpp:87(occupancyGridCallback)] [topics: /rosout, /edge_distance] Free vertices size: 36
1092.400000000 INFO /updateDistance [/home/wcqw/ac-slam/catkin_ws/src/cpp_solver/src/updateDistance.cpp:128(occupancyGridCallback)] [topics: /rosout, /edge_distance] 570 edge distance updated
1093.300000000 WARN /Navigator [/home/wcqw/ac-slam/catkin_ws/src/navigation_2d/nav2d_navigator/src/RobotNavigator.cpp:926(receiveExploreGoal)] [topics: /rosout, /cmd, /Navigator/plan, /Navigator/markers, /Navigator/frontiers, /Navigator/frontier_to_vertex, /Navigator/nav_goal, /Navigator/prior_map, /Navigator/visual_tsp_path, /Navigator/tsp_index, /Navigator/path_finder, /Navigator/dist_map, /finished_topic, /request_replan, /Explore/result, /Explore/feedback, /Explore/status, /MoveTo/result, /MoveTo/feedback, /MoveTo/status, /Localize/result, /Localize/feedback, /Localize/status, /GetFirstMap/result, /GetFirstMap/feedback, /GetFirstMap/status] Missed desired rate of 1.00Hz! Loop actually took 1.1000 seconds!
1094.300000000 INFO /updateDistance [/home/wcqw/ac-slam/catkin_ws/src/cpp_solver/src/updateDistance.cpp:29(occupancyGridCallback)] [topics: /rosout, /edge_distance] Received an OccupancyGrid message!
1094.300000000 INFO /updateDistance [/home/wcqw/ac-slam/catkin_ws/src/cpp_solver/src/updateDistance.cpp:30(occupancyGridCallback)] [topics: /rosout, /edge_distance] Width: 722, Height: 733, Size: 529226
1094.300000000 INFO /updateDistance [/home/wcqw/ac-slam/catkin_ws/src/cpp_solver/src/updateDistance.cpp:32(occupancyGridCallback)] [topics: /rosout, /edge_distance] Map origin x: -7.415, y: -7.323
1094.300000000 INFO /updateDistance [/home/wcqw/ac-slam/catkin_ws/src/cpp_solver/src/updateDistance.cpp:87(occupancyGridCallback)] [topics: /rosout, /edge_distance] Free vertices size: 36
1094.300000000 INFO /updateDistance [/home/wcqw/ac-slam/catkin_ws/src/cpp_solver/src/updateDistance.cpp:128(occupancyGridCallback)] [topics: /rosout, /edge_distance] 570 edge distance updated
1096.400000000 INFO /updateDistance [/home/wcqw/ac-slam/catkin_ws/src/cpp_solver/src/updateDistance.cpp:29(occupancyGridCallback)] [topics: /rosout, /edge_distance] Received an OccupancyGrid message!
1096.400000000 INFO /updateDistance [/home/wcqw/ac-slam/catkin_ws/src/cpp_solver/src/updateDistance.cpp:30(occupancyGridCallback)] [topics: /rosout, /edge_distance] Width: 722, Height: 733, Size: 529226
1096.400000000 INFO /updateDistance [/home/wcqw/ac-slam/catkin_ws/src/cpp_solver/src/updateDistance.cpp:32(occupancyGridCallback)] [topics: /rosout, /edge_distance] Map origin x: -7.415, y: -7.323
1096.400000000 INFO /updateDistance [/home/wcqw/ac-slam/catkin_ws/src/cpp_solver/src/updateDistance.cpp:87(occupancyGridCallback)] [topics: /rosout, /edge_distance] Free vertices size: 36
1096.400000000 INFO /updateDistance [/home/wcqw/ac-slam/catkin_ws/src/cpp_solver/src/updateDistance.cpp:128(occupancyGridCallback)] [topics: /rosout, /edge_distance] 570 edge distance updated
1097.200000000 INFO /Navigator [/home/wcqw/ac-slam/catkin_ws/src/cpp_solver/src/MyPlanner.cpp:332(performReliableLooping)] [topics: /rosout, /cmd, /Navigator/plan, /Navigator/markers, /Navigator/frontiers, /Navigator/frontier_to_vertex, /Navigator/nav_goal, /Navigator/prior_map, /Navigator/visual_tsp_path, /Navigator/tsp_index, /Navigator/path_finder, /Navigator/dist_map, /finished_topic, /request_replan, /Explore/result, /Explore/feedback, /Explore/status, /MoveTo/result, /MoveTo/feedback, /MoveTo/status, /Localize/result, /Localize/feedback, /Localize/status, /GetFirstMap/result, /GetFirstMap/feedback, /GetFirstMap/status] PHASE2_LOOP_WAYPOINT_REACHED vertex=37 waypoint=0
1097.300000000 WARN /Navigator [/home/wcqw/ac-slam/catkin_ws/src/navigation_2d/nav2d_navigator/src/RobotNavigator.cpp:926(receiveExploreGoal)] [topics: /rosout, /cmd, /Navigator/plan, /Navigator/markers, /Navigator/frontiers, /Navigator/frontier_to_vertex, /Navigator/nav_goal, /Navigator/prior_map, /Navigator/visual_tsp_path, /Navigator/tsp_index, /Navigator/path_finder, /Navigator/dist_map, /finished_topic, /request_replan, /Explore/result, /Explore/feedback, /Explore/status, /MoveTo/result, /MoveTo/feedback, /MoveTo/status, /Localize/result, /Localize/feedback, /Localize/status, /GetFirstMap/result, /GetFirstMap/feedback, /GetFirstMap/status] Missed desired rate of 1.00Hz! Loop actually took 1.1000 seconds!
1098.300000000 INFO /updateDistance [/home/wcqw/ac-slam/catkin_ws/src/cpp_solver/src/updateDistance.cpp:29(occupancyGridCallback)] [topics: /rosout, /edge_distance] Received an OccupancyGrid message!
1098.300000000 INFO /updateDistance [/home/wcqw/ac-slam/catkin_ws/src/cpp_solver/src/updateDistance.cpp:30(occupancyGridCallback)] [topics: /rosout, /edge_distance] Width: 722, Height: 733, Size: 529226
1098.300000000 INFO /updateDistance [/home/wcqw/ac-slam/catkin_ws/src/cpp_solver/src/updateDistance.cpp:32(occupancyGridCallback)] [topics: /rosout, /edge_distance] Map origin x: -7.415, y: -7.323
1098.300000000 INFO /updateDistance [/home/wcqw/ac-slam/catkin_ws/src/cpp_solver/src/updateDistance.cpp:87(occupancyGridCallback)] [topics: /rosout, /edge_distance] Free vertices size: 36
1098.300000000 INFO /updateDistance [/home/wcqw/ac-slam/catkin_ws/src/cpp_solver/src/updateDistance.cpp:128(occupancyGridCallback)] [topics: /rosout, /edge_distance] 570 edge distance updated
1100.400000000 INFO /updateDistance [/home/wcqw/ac-slam/catkin_ws/src/cpp_solver/src/updateDistance.cpp:29(occupancyGridCallback)] [topics: /rosout, /edge_distance] Received an OccupancyGrid message!
1100.400000000 INFO /updateDistance [/home/wcqw/ac-slam/catkin_ws/src/cpp_solver/src/updateDistance.cpp:30(occupancyGridCallback)] [topics: /rosout, /edge_distance] Width: 722, Height: 733, Size: 529226
1100.400000000 INFO /updateDistance [/home/wcqw/ac-slam/catkin_ws/src/cpp_solver/src/updateDistance.cpp:32(occupancyGridCallback)] [topics: /rosout, /edge_distance] Map origin x: -7.415, y: -7.323
1100.400000000 INFO /updateDistance [/home/wcqw/ac-slam/catkin_ws/src/cpp_solver/src/updateDistance.cpp:87(occupancyGridCallback)] [topics: /rosout, /edge_distance] Free vertices size: 36
1100.400000000 INFO /updateDistance [/home/wcqw/ac-slam/catkin_ws/src/cpp_solver/src/updateDistance.cpp:128(occupancyGridCallback)] [topics: /rosout, /edge_distance] 570 edge distance updated
1100.900000000 INFO /Navigator [/home/wcqw/ac-slam/catkin_ws/src/cpp_solver/src/MyPlanner.cpp:332(performReliableLooping)] [topics: /rosout, /cmd, /Navigator/plan, /Navigator/markers, /Navigator/frontiers, /Navigator/frontier_to_vertex, /Navigator/nav_goal, /Navigator/prior_map, /Navigator/visual_tsp_path, /Navigator/tsp_index, /Navigator/path_finder, /Navigator/dist_map, /finished_topic, /request_replan, /Explore/result, /Explore/feedback, /Explore/status, /MoveTo/result, /MoveTo/feedback, /MoveTo/status, /Localize/result, /Localize/feedback, /Localize/status, /GetFirstMap/result, /GetFirstMap/feedback, /GetFirstMap/status] PHASE2_LOOP_WAYPOINT_REACHED vertex=37 waypoint=1
1102.400000000 INFO /updateDistance [/home/wcqw/ac-slam/catkin_ws/src/cpp_solver/src/updateDistance.cpp:29(occupancyGridCallback)] [topics: /rosout, /edge_distance] Received an OccupancyGrid message!
1102.400000000 INFO /updateDistance [/home/wcqw/ac-slam/catkin_ws/src/cpp_solver/src/updateDistance.cpp:30(occupancyGridCallback)] [topics: /rosout, /edge_distance] Width: 722, Height: 733, Size: 529226
1102.400000000 INFO /updateDistance [/home/wcqw/ac-slam/catkin_ws/src/cpp_solver/src/updateDistance.cpp:32(occupancyGridCallback)] [topics: /rosout, /edge_distance] Map origin x: -7.415, y: -7.323
1102.400000000 INFO /updateDistance [/home/wcqw/ac-slam/catkin_ws/src/cpp_solver/src/updateDistance.cpp:87(occupancyGridCallback)] [topics: /rosout, /edge_distance] Free vertices size: 36
1102.400000000 INFO /updateDistance [/home/wcqw/ac-slam/catkin_ws/src/cpp_solver/src/updateDistance.cpp:128(occupancyGridCallback)] [topics: /rosout, /edge_distance] 570 edge distance updated
1104.500000000 INFO /updateDistance [/home/wcqw/ac-slam/catkin_ws/src/cpp_solver/src/updateDistance.cpp:29(occupancyGridCallback)] [topics: /rosout, /edge_distance] Received an OccupancyGrid message!
1104.500000000 INFO /updateDistance [/home/wcqw/ac-slam/catkin_ws/src/cpp_solver/src/updateDistance.cpp:30(occupancyGridCallback)] [topics: /rosout, /edge_distance] Width: 722, Height: 733, Size: 529226
1104.500000000 INFO /updateDistance [/home/wcqw/ac-slam/catkin_ws/src/cpp_solver/src/updateDistance.cpp:32(occupancyGridCallback)] [topics: /rosout, /edge_distance] Map origin x: -7.415, y: -7.323
1104.500000000 INFO /updateDistance [/home/wcqw/ac-slam/catkin_ws/src/cpp_solver/src/updateDistance.cpp:87(occupancyGridCallback)] [topics: /rosout, /edge_distance] Free vertices size: 36
1104.500000000 INFO /updateDistance [/home/wcqw/ac-slam/catkin_ws/src/cpp_solver/src/updateDistance.cpp:128(occupancyGridCallback)] [topics: /rosout, /edge_distance] 570 edge distance updated
1104.500000000 WARN /RVIZ [/tmp/binarydeb/ros-noetic-tf2-0.7.10/src/buffer_core.cpp:277()] [topics: /rosout, /initialpose, /goal, /clicked_point] TF_REPEATED_DATA ignoring data with redundant timestamp for frame odom (parent offset) at time 1104.500000 according to authority unknown_publisher
1104.500000000 WARN /RVIZ [/tmp/binarydeb/ros-noetic-tf2-0.7.10/src/buffer_core.cpp:277()] [topics: /rosout, /initialpose, /goal, /clicked_point] TF_REPEATED_DATA ignoring data with redundant timestamp for frame offset (parent map) at time 1104.500000 according to authority unknown_publisher
1106.500000000 INFO /updateDistance [/home/wcqw/ac-slam/catkin_ws/src/cpp_solver/src/updateDistance.cpp:29(occupancyGridCallback)] [topics: /rosout, /edge_distance] Received an OccupancyGrid message!
1106.500000000 INFO /updateDistance [/home/wcqw/ac-slam/catkin_ws/src/cpp_solver/src/updateDistance.cpp:30(occupancyGridCallback)] [topics: /rosout, /edge_distance] Width: 722, Height: 733, Size: 529226
1106.500000000 INFO /updateDistance [/home/wcqw/ac-slam/catkin_ws/src/cpp_solver/src/updateDistance.cpp:32(occupancyGridCallback)] [topics: /rosout, /edge_distance] Map origin x: -7.415, y: -7.323
1106.500000000 INFO /updateDistance [/home/wcqw/ac-slam/catkin_ws/src/cpp_solver/src/updateDistance.cpp:87(occupancyGridCallback)] [topics: /rosout, /edge_distance] Free vertices size: 36
1106.500000000 INFO /updateDistance [/home/wcqw/ac-slam/catkin_ws/src/cpp_solver/src/updateDistance.cpp:128(occupancyGridCallback)] [topics: /rosout, /edge_distance] 570 edge distance updated
1106.500000000 WARN /RVIZ [/tmp/binarydeb/ros-noetic-tf2-0.7.10/src/buffer_core.cpp:277()] [topics: /rosout, /initialpose, /goal, /clicked_point] TF_REPEATED_DATA ignoring data with redundant timestamp for frame odom (parent offset) at time 1106.500000 according to authority unknown_publisher
1106.500000000 WARN /RVIZ [/tmp/binarydeb/ros-noetic-tf2-0.7.10/src/buffer_core.cpp:277()] [topics: /rosout, /initialpose, /goal, /clicked_point] TF_REPEATED_DATA ignoring data with redundant timestamp for frame offset (parent map) at time 1106.500000 according to authority unknown_publisher
1107.000000000 INFO /Navigator [/home/wcqw/ac-slam/catkin_ws/src/cpp_solver/src/MyPlanner.cpp:332(performReliableLooping)] [topics: /rosout, /cmd, /Navigator/plan, /Navigator/markers, /Navigator/frontiers, /Navigator/frontier_to_vertex, /Navigator/nav_goal, /Navigator/prior_map, /Navigator/visual_tsp_path, /Navigator/tsp_index, /Navigator/path_finder, /Navigator/dist_map, /finished_topic, /request_replan, /Explore/result, /Explore/feedback, /Explore/status, /MoveTo/result, /MoveTo/feedback, /MoveTo/status, /Localize/result, /Localize/feedback, /Localize/status, /GetFirstMap/result, /GetFirstMap/feedback, /GetFirstMap/status] PHASE2_LOOP_WAYPOINT_REACHED vertex=37 waypoint=2
1108.400000000 INFO /updateDistance [/home/wcqw/ac-slam/catkin_ws/src/cpp_solver/src/updateDistance.cpp:29(occupancyGridCallback)] [topics: /rosout, /edge_distance] Received an OccupancyGrid message!
1108.400000000 INFO /updateDistance [/home/wcqw/ac-slam/catkin_ws/src/cpp_solver/src/updateDistance.cpp:30(occupancyGridCallback)] [topics: /rosout, /edge_distance] Width: 722, Height: 733, Size: 529226
1108.400000000 INFO /updateDistance [/home/wcqw/ac-slam/catkin_ws/src/cpp_solver/src/updateDistance.cpp:32(occupancyGridCallback)] [topics: /rosout, /edge_distance] Map origin x: -7.415, y: -7.323
1108.400000000 INFO /updateDistance [/home/wcqw/ac-slam/catkin_ws/src/cpp_solver/src/updateDistance.cpp:87(occupancyGridCallback)] [topics: /rosout, /edge_distance] Free vertices size: 36
1108.400000000 INFO /updateDistance [/home/wcqw/ac-slam/catkin_ws/src/cpp_solver/src/updateDistance.cpp:128(occupancyGridCallback)] [topics: /rosout, /edge_distance] 570 edge distance updated
1110.400000000 INFO /updateDistance [/home/wcqw/ac-slam/catkin_ws/src/cpp_solver/src/updateDistance.cpp:29(occupancyGridCallback)] [topics: /rosout, /edge_distance] Received an OccupancyGrid message!
1110.400000000 INFO /updateDistance [/home/wcqw/ac-slam/catkin_ws/src/cpp_solver/src/updateDistance.cpp:30(occupancyGridCallback)] [topics: /rosout, /edge_distance] Width: 722, Height: 733, Size: 529226
1110.400000000 INFO /updateDistance [/home/wcqw/ac-slam/catkin_ws/src/cpp_solver/src/updateDistance.cpp:32(occupancyGridCallback)] [topics: /rosout, /edge_distance] Map origin x: -7.415, y: -7.323
1110.400000000 INFO /updateDistance [/home/wcqw/ac-slam/catkin_ws/src/cpp_solver/src/updateDistance.cpp:87(occupancyGridCallback)] [topics: /rosout, /edge_distance] Free vertices size: 36
1110.400000000 INFO /updateDistance [/home/wcqw/ac-slam/catkin_ws/src/cpp_solver/src/updateDistance.cpp:128(occupancyGridCallback)] [topics: /rosout, /edge_distance] 570 edge distance updated
1112.500000000 INFO /updateDistance [/home/wcqw/ac-slam/catkin_ws/src/cpp_solver/src/updateDistance.cpp:29(occupancyGridCallback)] [topics: /rosout, /edge_distance] Received an OccupancyGrid message!
1112.500000000 INFO /updateDistance [/home/wcqw/ac-slam/catkin_ws/src/cpp_solver/src/updateDistance.cpp:30(occupancyGridCallback)] [topics: /rosout, /edge_distance] Width: 722, Height: 733, Size: 529226
1112.500000000 INFO /updateDistance [/home/wcqw/ac-slam/catkin_ws/src/cpp_solver/src/updateDistance.cpp:32(occupancyGridCallback)] [topics: /rosout, /edge_distance] Map origin x: -7.415, y: -7.323
1112.500000000 WARN /RVIZ [/tmp/binarydeb/ros-noetic-tf2-0.7.10/src/buffer_core.cpp:277()] [topics: /rosout, /initialpose, /goal, /clicked_point] TF_REPEATED_DATA ignoring data with redundant timestamp for frame odom (parent offset) at time 1112.500000 according to authority unknown_publisher
1112.500000000 WARN /RVIZ [/tmp/binarydeb/ros-noetic-tf2-0.7.10/src/buffer_core.cpp:277()] [topics: /rosout, /initialpose, /goal, /clicked_point] TF_REPEATED_DATA ignoring data with redundant timestamp for frame offset (parent map) at time 1112.500000 according to authority unknown_publisher
1112.500000000 INFO /updateDistance [/home/wcqw/ac-slam/catkin_ws/src/cpp_solver/src/updateDistance.cpp:87(occupancyGridCallback)] [topics: /rosout, /edge_distance] Free vertices size: 36
1112.500000000 INFO /updateDistance [/home/wcqw/ac-slam/catkin_ws/src/cpp_solver/src/updateDistance.cpp:128(occupancyGridCallback)] [topics: /rosout, /edge_distance] 570 edge distance updated
1114.500000000 INFO /updateDistance [/home/wcqw/ac-slam/catkin_ws/src/cpp_solver/src/updateDistance.cpp:29(occupancyGridCallback)] [topics: /rosout, /edge_distance] Received an OccupancyGrid message!
1114.500000000 INFO /updateDistance [/home/wcqw/ac-slam/catkin_ws/src/cpp_solver/src/updateDistance.cpp:30(occupancyGridCallback)] [topics: /rosout, /edge_distance] Width: 722, Height: 733, Size: 529226
1114.500000000 INFO /updateDistance [/home/wcqw/ac-slam/catkin_ws/src/cpp_solver/src/updateDistance.cpp:32(occupancyGridCallback)] [topics: /rosout, /edge_distance] Map origin x: -7.415, y: -7.323
1114.500000000 WARN /RVIZ [/tmp/binarydeb/ros-noetic-tf2-0.7.10/src/buffer_core.cpp:277()] [topics: /rosout, /initialpose, /goal, /clicked_point] TF_REPEATED_DATA ignoring data with redundant timestamp for frame odom (parent offset) at time 1114.500000 according to authority unknown_publisher
1114.500000000 WARN /RVIZ [/tmp/binarydeb/ros-noetic-tf2-0.7.10/src/buffer_core.cpp:277()] [topics: /rosout, /initialpose, /goal, /clicked_point] TF_REPEATED_DATA ignoring data with redundant timestamp for frame offset (parent map) at time 1114.500000 according to authority unknown_publisher
1114.500000000 INFO /updateDistance [/home/wcqw/ac-slam/catkin_ws/src/cpp_solver/src/updateDistance.cpp:87(occupancyGridCallback)] [topics: /rosout, /edge_distance] Free vertices size: 36
1114.500000000 INFO /updateDistance [/home/wcqw/ac-slam/catkin_ws/src/cpp_solver/src/updateDistance.cpp:128(occupancyGridCallback)] [topics: /rosout, /edge_distance] 570 edge distance updated
1115.000000000 INFO /Navigator [/home/wcqw/ac-slam/catkin_ws/src/cpp_solver/src/MyPlanner.cpp:332(performReliableLooping)] [topics: /rosout, /cmd, /Navigator/plan, /Navigator/markers, /Navigator/frontiers, /Navigator/frontier_to_vertex, /Navigator/nav_goal, /Navigator/prior_map, /Navigator/visual_tsp_path, /Navigator/tsp_index, /Navigator/path_finder, /Navigator/dist_map, /finished_topic, /request_replan, /Explore/result, /Explore/feedback, /Explore/status, /MoveTo/result, /MoveTo/feedback, /MoveTo/status, /Localize/result, /Localize/feedback, /Localize/status, /GetFirstMap/result, /GetFirstMap/feedback, /GetFirstMap/status] PHASE2_LOOP_WAYPOINT_REACHED vertex=37 waypoint=3
1116.400000000 INFO /updateDistance [/home/wcqw/ac-slam/catkin_ws/src/cpp_solver/src/updateDistance.cpp:29(occupancyGridCallback)] [topics: /rosout, /edge_distance] Received an OccupancyGrid message!
1116.400000000 INFO /updateDistance [/home/wcqw/ac-slam/catkin_ws/src/cpp_solver/src/updateDistance.cpp:30(occupancyGridCallback)] [topics: /rosout, /edge_distance] Width: 722, Height: 733, Size: 529226
1116.400000000 INFO /updateDistance [/home/wcqw/ac-slam/catkin_ws/src/cpp_solver/src/updateDistance.cpp:32(occupancyGridCallback)] [topics: /rosout, /edge_distance] Map origin x: -7.415, y: -7.323
1116.400000000 INFO /updateDistance [/home/wcqw/ac-slam/catkin_ws/src/cpp_solver/src/updateDistance.cpp:87(occupancyGridCallback)] [topics: /rosout, /edge_distance] Free vertices size: 36
1116.400000000 INFO /updateDistance [/home/wcqw/ac-slam/catkin_ws/src/cpp_solver/src/updateDistance.cpp:128(occupancyGridCallback)] [topics: /rosout, /edge_distance] 570 edge distance updated
1116.900000000 INFO /Navigator [/home/wcqw/ac-slam/catkin_ws/src/cpp_solver/src/MyPlanner.cpp:332(performReliableLooping)] [topics: /rosout, /cmd, /Navigator/plan, /Navigator/markers, /Navigator/frontiers, /Navigator/frontier_to_vertex, /Navigator/nav_goal, /Navigator/prior_map, /Navigator/visual_tsp_path, /Navigator/tsp_index, /Navigator/path_finder, /Navigator/dist_map, /finished_topic, /request_replan, /Explore/result, /Explore/feedback, /Explore/status, /MoveTo/result, /MoveTo/feedback, /MoveTo/status, /Localize/result, /Localize/feedback, /Localize/status, /GetFirstMap/result, /GetFirstMap/feedback, /GetFirstMap/status] PHASE2_LOOP_WAYPOINT_REACHED vertex=37 waypoint=4
1116.900000000 INFO /Navigator [/home/wcqw/ac-slam/catkin_ws/src/cpp_solver/src/MyPlanner.cpp:452(findExplorationTarget)] [topics: /rosout, /cmd, /Navigator/plan, /Navigator/markers, /Navigator/frontiers, /Navigator/frontier_to_vertex, /Navigator/nav_goal, /Navigator/prior_map, /Navigator/visual_tsp_path, /Navigator/tsp_index, /Navigator/path_finder, /Navigator/dist_map, /finished_topic, /request_replan, /Explore/result, /Explore/feedback, /Explore/status, /MoveTo/result, /MoveTo/feedback, /MoveTo/status, /Localize/result, /Localize/feedback, /Localize/status, /GetFirstMap/result, /GetFirstMap/feedback, /GetFirstMap/status] PHASE2_LOOP_EXECUTION_FINISHED vertex=37 waypoints=5
1116.900000000 INFO /path_planner [path_planner.py:295(PathPlanner.handle_replanning)] [topics: /pose_graph_idx, /rosout, /edge_distance, /clock, /slam_pose_graph] Replanning request. curr_vertex_idx: 32
1116.900000000 INFO /path_planner [path_planner.py:296(PathPlanner.handle_replanning)] [topics: /pose_graph_idx, /rosout, /edge_distance, /clock, /slam_pose_graph]                     covered_vertices: ()
1116.900000000 INFO /path_planner [path_planner.py:322(PathPlanner.handle_replanning)] [topics: /pose_graph_idx, /rosout, /edge_distance, /clock, /slam_pose_graph] curr path length: 43, is_loop length: 43
1116.900000000 INFO /path_planner [path_planner.py:334(PathPlanner.handle_replanning)] [topics: /pose_graph_idx, /rosout, /edge_distance, /clock, /slam_pose_graph] Send new plan: 8 7 6 5 4 3 9 15 16 10 11 35 37 20 19 15(L) 19 23 29 30 24 25 31 32 26 27 33 34 28 22 21 38 37(L)  ---> 38 36 12 13 14 8(L) 14 18 17 21(L) 
1116.900000000 INFO /Navigator [/home/wcqw/ac-slam/catkin_ws/src/cpp_solver/src/MyPlanner.cpp:304(getUsefulGoalIndex)] [topics: /rosout, /cmd, /Navigator/plan, /Navigator/markers, /Navigator/frontiers, /Navigator/frontier_to_vertex, /Navigator/nav_goal, /Navigator/prior_map, /Navigator/visual_tsp_path, /Navigator/tsp_index, /Navigator/path_finder, /Navigator/dist_map, /finished_topic, /request_replan, /Explore/result, /Explore/feedback, /Explore/status, /MoveTo/result, /MoveTo/feedback, /MoveTo/status, /Localize/result, /Localize/feedback, /Localize/status, /GetFirstMap/result, /GetFirstMap/feedback, /GetFirstMap/status] Skip repeated visit to vertex 38
1116.900000000 INFO /Navigator [/home/wcqw/ac-slam/catkin_ws/src/cpp_solver/src/MyPlanner.cpp:304(getUsefulGoalIndex)] [topics: /rosout, /cmd, /Navigator/plan, /Navigator/markers, /Navigator/frontiers, /Navigator/frontier_to_vertex, /Navigator/nav_goal, /Navigator/prior_map, /Navigator/visual_tsp_path, /Navigator/tsp_index, /Navigator/path_finder, /Navigator/dist_map, /finished_topic, /request_replan, /Explore/result, /Explore/feedback, /Explore/status, /MoveTo/result, /MoveTo/feedback, /MoveTo/status, /Localize/result, /Localize/feedback, /Localize/status, /GetFirstMap/result, /GetFirstMap/feedback, /GetFirstMap/status] Skip repeated visit to vertex 36
1116.900000000 INFO /Navigator [/home/wcqw/ac-slam/catkin_ws/src/cpp_solver/src/MyPlanner.cpp:310(getUsefulGoalIndex)] [topics: /rosout, /cmd, /Navigator/plan, /Navigator/markers, /Navigator/frontiers, /Navigator/frontier_to_vertex, /Navigator/nav_goal, /Navigator/prior_map, /Navigator/visual_tsp_path, /Navigator/tsp_index, /Navigator/path_finder, /Navigator/dist_map, /finished_topic, /request_replan, /Explore/result, /Explore/feedback, /Explore/status, /MoveTo/result, /MoveTo/feedback, /MoveTo/status, /Localize/result, /Localize/feedback, /Localize/status, /GetFirstMap/result, /GetFirstMap/feedback, /GetFirstMap/status] Set newGoal 12
1121.800000000 INFO /updateDistance [/home/wcqw/ac-slam/catkin_ws/src/cpp_solver/src/updateDistance.cpp:29(occupancyGridCallback)] [topics: /rosout, /edge_distance] Received an OccupancyGrid message!
1121.800000000 INFO /updateDistance [/home/wcqw/ac-slam/catkin_ws/src/cpp_solver/src/updateDistance.cpp:30(occupancyGridCallback)] [topics: /rosout, /edge_distance] Width: 722, Height: 733, Size: 529226
1121.800000000 INFO /updateDistance [/home/wcqw/ac-slam/catkin_ws/src/cpp_solver/src/updateDistance.cpp:32(occupancyGridCallback)] [topics: /rosout, /edge_distance] Map origin x: -7.415, y: -7.323
1121.800000000 WARN /RVIZ [/tmp/binarydeb/ros-noetic-tf2-0.7.10/src/buffer_core.cpp:277()] [topics: /rosout, /initialpose, /goal, /clicked_point] TF_REPEATED_DATA ignoring data with redundant timestamp for frame odom (parent offset) at time 1121.800000 according to authority unknown_publisher
1121.800000000 WARN /RVIZ [/tmp/binarydeb/ros-noetic-tf2-0.7.10/src/buffer_core.cpp:277()] [topics: /rosout, /initialpose, /goal, /clicked_point] TF_REPEATED_DATA ignoring data with redundant timestamp for frame offset (parent map) at time 1121.800000 according to authority unknown_publisher
1121.800000000 INFO /path_planner [path_planner.py:638(PathPlanner.handle_pose_graph)] [topics: /pose_graph_idx, /rosout, /edge_distance, /clock, /slam_pose_graph] Really visited vertices: 8 7 6 5 4 3 9 15 16 35 11 35 37 20 19 15 19 23 29 30 31 25 31 32 26 27 33 34 28 22 21 38 37 
1121.800000000 INFO /updateDistance [/home/wcqw/ac-slam/catkin_ws/src/cpp_solver/src/updateDistance.cpp:87(occupancyGridCallback)] [topics: /rosout, /edge_distance] Free vertices size: 36
1121.800000000 INFO /updateDistance [/home/wcqw/ac-slam/catkin_ws/src/cpp_solver/src/updateDistance.cpp:128(occupancyGridCallback)] [topics: /rosout, /edge_distance] 570 edge distance updated
1122.300000000 INFO /updateDistance [/home/wcqw/ac-slam/catkin_ws/src/cpp_solver/src/updateDistance.cpp:29(occupancyGridCallback)] [topics: /rosout, /edge_distance] Received an OccupancyGrid message!
1122.300000000 INFO /updateDistance [/home/wcqw/ac-slam/catkin_ws/src/cpp_solver/src/updateDistance.cpp:30(occupancyGridCallback)] [topics: /rosout, /edge_distance] Width: 722, Height: 733, Size: 529226
1122.300000000 INFO /updateDistance [/home/wcqw/ac-slam/catkin_ws/src/cpp_solver/src/updateDistance.cpp:32(occupancyGridCallback)] [topics: /rosout, /edge_distance] Map origin x: -7.415, y: -7.323
1122.300000000 INFO /updateDistance [/home/wcqw/ac-slam/catkin_ws/src/cpp_solver/src/updateDistance.cpp:87(occupancyGridCallback)] [topics: /rosout, /edge_distance] Free vertices size: 36
1122.300000000 INFO /updateDistance [/home/wcqw/ac-slam/catkin_ws/src/cpp_solver/src/updateDistance.cpp:128(occupancyGridCallback)] [topics: /rosout, /edge_distance] 570 edge distance updated
1122.800000000 INFO /Navigator [/home/wcqw/ac-slam/catkin_ws/src/cpp_solver/src/MyPlanner.cpp:481(findExplorationTarget)] [topics: /rosout, /cmd, /Navigator/plan, /Navigator/markers, /Navigator/frontiers, /Navigator/frontier_to_vertex, /Navigator/nav_goal, /Navigator/prior_map, /Navigator/visual_tsp_path, /Navigator/tsp_index, /Navigator/path_finder, /Navigator/dist_map, /finished_topic, /request_replan, /Explore/result, /Explore/feedback, /Explore/status, /MoveTo/result, /MoveTo/feedback, /MoveTo/status, /Localize/result, /Localize/feedback, /Localize/status, /GetFirstMap/result, /GetFirstMap/feedback, /GetFirstMap/status] Call local replanning...
1122.800000000 INFO /path_planner [path_planner.py:295(PathPlanner.handle_replanning)] [topics: /pose_graph_idx, /rosout, /edge_distance, /clock, /slam_pose_graph] Replanning request. curr_vertex_idx: 35
1122.800000000 INFO /path_planner [path_planner.py:296(PathPlanner.handle_replanning)] [topics: /pose_graph_idx, /rosout, /edge_distance, /clock, /slam_pose_graph]                     covered_vertices: ()
1122.800000000 INFO /path_planner [path_planner.py:310(PathPlanner.handle_replanning)] [topics: /pose_graph_idx, /rosout, /edge_distance, /clock, /slam_pose_graph] Handle local replanning...
1122.800000000 INFO /path_planner [path_planner.py:363(PathPlanner.handle_local_replanning)] [topics: /pose_graph_idx, /rosout, /edge_distance, /clock, /slam_pose_graph] Local path to replan: [12, 13, 14, 8]
1122.800000000 INFO /path_planner [path_planner.py:322(PathPlanner.handle_replanning)] [topics: /pose_graph_idx, /rosout, /edge_distance, /clock, /slam_pose_graph] curr path length: 43, is_loop length: 43
1122.800000000 INFO /path_planner [path_planner.py:334(PathPlanner.handle_replanning)] [topics: /pose_graph_idx, /rosout, /edge_distance, /clock, /slam_pose_graph] Send new plan: 8 7 6 5 4 3 9 15 16 10 11 35 37 20 19 15(L) 19 23 29 30 24 25 31 32 26 27 33 34 28 22 21 38 37(L) 38 36 12  ---> 13 14 8(L) 14 18 17 21(L) 
1128.400000000 INFO /updateDistance [/home/wcqw/ac-slam/catkin_ws/src/cpp_solver/src/updateDistance.cpp:29(occupancyGridCallback)] [topics: /rosout, /edge_distance] Received an OccupancyGrid message!
1128.400000000 INFO /updateDistance [/home/wcqw/ac-slam/catkin_ws/src/cpp_solver/src/updateDistance.cpp:30(occupancyGridCallback)] [topics: /rosout, /edge_distance] Width: 722, Height: 733, Size: 529226
1128.400000000 INFO /updateDistance [/home/wcqw/ac-slam/catkin_ws/src/cpp_solver/src/updateDistance.cpp:32(occupancyGridCallback)] [topics: /rosout, /edge_distance] Map origin x: -7.415, y: -7.323
1128.400000000 INFO /updateDistance [/home/wcqw/ac-slam/catkin_ws/src/cpp_solver/src/updateDistance.cpp:87(occupancyGridCallback)] [topics: /rosout, /edge_distance] Free vertices size: 36
1128.400000000 INFO /updateDistance [/home/wcqw/ac-slam/catkin_ws/src/cpp_solver/src/updateDistance.cpp:128(occupancyGridCallback)] [topics: /rosout, /edge_distance] 570 edge distance updated
1128.900000000 INFO /Navigator [/home/wcqw/ac-slam/catkin_ws/src/cpp_solver/src/MyPlanner.cpp:481(findExplorationTarget)] [topics: /rosout, /cmd, /Navigator/plan, /Navigator/markers, /Navigator/frontiers, /Navigator/frontier_to_vertex, /Navigator/nav_goal, /Navigator/prior_map, /Navigator/visual_tsp_path, /Navigator/tsp_index, /Navigator/path_finder, /Navigator/dist_map, /finished_topic, /request_replan, /Explore/result, /Explore/feedback, /Explore/status, /MoveTo/result, /MoveTo/feedback, /MoveTo/status, /Localize/result, /Localize/feedback, /Localize/status, /GetFirstMap/result, /GetFirstMap/feedback, /GetFirstMap/status] Call local replanning...
1128.900000000 INFO /path_planner [path_planner.py:295(PathPlanner.handle_replanning)] [topics: /pose_graph_idx, /rosout, /edge_distance, /clock, /slam_pose_graph] Replanning request. curr_vertex_idx: 35
1128.900000000 INFO /path_planner [path_planner.py:296(PathPlanner.handle_replanning)] [topics: /pose_graph_idx, /rosout, /edge_distance, /clock, /slam_pose_graph]                     covered_vertices: ()
1128.900000000 INFO /path_planner [path_planner.py:310(PathPlanner.handle_replanning)] [topics: /pose_graph_idx, /rosout, /edge_distance, /clock, /slam_pose_graph] Handle local replanning...
1128.900000000 INFO /path_planner [path_planner.py:363(PathPlanner.handle_local_replanning)] [topics: /pose_graph_idx, /rosout, /edge_distance, /clock, /slam_pose_graph] Local path to replan: [12, 13, 14, 8]
1128.900000000 INFO /path_planner [path_planner.py:322(PathPlanner.handle_replanning)] [topics: /pose_graph_idx, /rosout, /edge_distance, /clock, /slam_pose_graph] curr path length: 43, is_loop length: 43
1128.900000000 INFO /path_planner [path_planner.py:334(PathPlanner.handle_replanning)] [topics: /pose_graph_idx, /rosout, /edge_distance, /clock, /slam_pose_graph] Send new plan: 8 7 6 5 4 3 9 15 16 10 11 35 37 20 19 15(L) 19 23 29 30 24 25 31 32 26 27 33 34 28 22 21 38 37(L) 38 36 12  ---> 13 14 8(L) 14 18 17 21(L) 
1134.400000000 INFO /updateDistance [/home/wcqw/ac-slam/catkin_ws/src/cpp_solver/src/updateDistance.cpp:29(occupancyGridCallback)] [topics: /rosout, /edge_distance] Received an OccupancyGrid message!
1134.400000000 INFO /updateDistance [/home/wcqw/ac-slam/catkin_ws/src/cpp_solver/src/updateDistance.cpp:30(occupancyGridCallback)] [topics: /rosout, /edge_distance] Width: 722, Height: 733, Size: 529226
1134.400000000 INFO /updateDistance [/home/wcqw/ac-slam/catkin_ws/src/cpp_solver/src/updateDistance.cpp:32(occupancyGridCallback)] [topics: /rosout, /edge_distance] Map origin x: -7.415, y: -7.323
1134.500000000 WARN /RVIZ [/tmp/binarydeb/ros-noetic-tf2-0.7.10/src/buffer_core.cpp:277()] [topics: /rosout, /initialpose, /goal, /clicked_point] TF_REPEATED_DATA ignoring data with redundant timestamp for frame odom (parent offset) at time 1134.500000 according to authority unknown_publisher
1134.500000000 WARN /RVIZ [/tmp/binarydeb/ros-noetic-tf2-0.7.10/src/buffer_core.cpp:277()] [topics: /rosout, /initialpose, /goal, /clicked_point] TF_REPEATED_DATA ignoring data with redundant timestamp for frame offset (parent map) at time 1134.500000 according to authority unknown_publisher
1134.500000000 INFO /path_planner [path_planner.py:638(PathPlanner.handle_pose_graph)] [topics: /pose_graph_idx, /rosout, /edge_distance, /clock, /slam_pose_graph] Really visited vertices: 8 7 6 5 4 3 9 15 16 35 11 35 37 20 19 15 19 23 29 30 31 25 31 32 26 27 33 34 28 22 21 38 37 
1134.500000000 INFO /updateDistance [/home/wcqw/ac-slam/catkin_ws/src/cpp_solver/src/updateDistance.cpp:87(occupancyGridCallback)] [topics: /rosout, /edge_distance] Free vertices size: 36
1134.500000000 INFO /updateDistance [/home/wcqw/ac-slam/catkin_ws/src/cpp_solver/src/updateDistance.cpp:128(occupancyGridCallback)] [topics: /rosout, /edge_distance] 570 edge distance updated
1134.500000000 INFO /updateDistance [/home/wcqw/ac-slam/catkin_ws/src/cpp_solver/src/updateDistance.cpp:29(occupancyGridCallback)] [topics: /rosout, /edge_distance] Received an OccupancyGrid message!
1134.500000000 INFO /updateDistance [/home/wcqw/ac-slam/catkin_ws/src/cpp_solver/src/updateDistance.cpp:30(occupancyGridCallback)] [topics: /rosout, /edge_distance] Width: 722, Height: 733, Size: 529226
1134.500000000 INFO /updateDistance [/home/wcqw/ac-slam/catkin_ws/src/cpp_solver/src/updateDistance.cpp:32(occupancyGridCallback)] [topics: /rosout, /edge_distance] Map origin x: -7.415, y: -7.323
1134.500000000 INFO /updateDistance [/home/wcqw/ac-slam/catkin_ws/src/cpp_solver/src/updateDistance.cpp:87(occupancyGridCallback)] [topics: /rosout, /edge_distance] Free vertices size: 36
1134.500000000 INFO /updateDistance [/home/wcqw/ac-slam/catkin_ws/src/cpp_solver/src/updateDistance.cpp:128(occupancyGridCallback)] [topics: /rosout, /edge_distance] 570 edge distance updated
1135.200000000 INFO /Navigator [/home/wcqw/ac-slam/catkin_ws/src/cpp_solver/src/MyPlanner.cpp:481(findExplorationTarget)] [topics: /rosout, /cmd, /Navigator/plan, /Navigator/markers, /Navigator/frontiers, /Navigator/frontier_to_vertex, /Navigator/nav_goal, /Navigator/prior_map, /Navigator/visual_tsp_path, /Navigator/tsp_index, /Navigator/path_finder, /Navigator/dist_map, /finished_topic, /request_replan, /Explore/result, /Explore/feedback, /Explore/status, /MoveTo/result, /MoveTo/feedback, /MoveTo/status, /Localize/result, /Localize/feedback, /Localize/status, /GetFirstMap/result, /GetFirstMap/feedback, /GetFirstMap/status] Call local replanning...
1135.200000000 INFO /path_planner [path_planner.py:295(PathPlanner.handle_replanning)] [topics: /pose_graph_idx, /rosout, /edge_distance, /clock, /slam_pose_graph] Replanning request. curr_vertex_idx: 35
1135.200000000 INFO /path_planner [path_planner.py:296(PathPlanner.handle_replanning)] [topics: /pose_graph_idx, /rosout, /edge_distance, /clock, /slam_pose_graph]                     covered_vertices: ()
1135.200000000 INFO /path_planner [path_planner.py:310(PathPlanner.handle_replanning)] [topics: /pose_graph_idx, /rosout, /edge_distance, /clock, /slam_pose_graph] Handle local replanning...
1135.200000000 INFO /path_planner [path_planner.py:363(PathPlanner.handle_local_replanning)] [topics: /pose_graph_idx, /rosout, /edge_distance, /clock, /slam_pose_graph] Local path to replan: [12, 13, 14, 8]
1135.200000000 INFO /path_planner [path_planner.py:322(PathPlanner.handle_replanning)] [topics: /pose_graph_idx, /rosout, /edge_distance, /clock, /slam_pose_graph] curr path length: 43, is_loop length: 43
1135.200000000 INFO /path_planner [path_planner.py:334(PathPlanner.handle_replanning)] [topics: /pose_graph_idx, /rosout, /edge_distance, /clock, /slam_pose_graph] Send new plan: 8 7 6 5 4 3 9 15 16 10 11 35 37 20 19 15(L) 19 23 29 30 24 25 31 32 26 27 33 34 28 22 21 38 37(L) 38 36 12  ---> 13 14 8(L) 14 18 17 21(L) 
1135.300000000 WARN /Navigator [/home/wcqw/ac-slam/catkin_ws/src/navigation_2d/nav2d_navigator/src/RobotNavigator.cpp:926(receiveExploreGoal)] [topics: /rosout, /cmd, /Navigator/plan, /Navigator/markers, /Navigator/frontiers, /Navigator/frontier_to_vertex, /Navigator/nav_goal, /Navigator/prior_map, /Navigator/visual_tsp_path, /Navigator/tsp_index, /Navigator/path_finder, /Navigator/dist_map, /finished_topic, /request_replan, /Explore/result, /Explore/feedback, /Explore/status, /MoveTo/result, /MoveTo/feedback, /MoveTo/status, /Localize/result, /Localize/feedback, /Localize/status, /GetFirstMap/result, /GetFirstMap/feedback, /GetFirstMap/status] Missed desired rate of 1.00Hz! Loop actually took 1.1000 seconds!
1140.400000000 INFO /updateDistance [/home/wcqw/ac-slam/catkin_ws/src/cpp_solver/src/updateDistance.cpp:29(occupancyGridCallback)] [topics: /rosout, /edge_distance] Received an OccupancyGrid message!
1140.400000000 INFO /updateDistance [/home/wcqw/ac-slam/catkin_ws/src/cpp_solver/src/updateDistance.cpp:30(occupancyGridCallback)] [topics: /rosout, /edge_distance] Width: 722, Height: 733, Size: 529226
1140.400000000 INFO /updateDistance [/home/wcqw/ac-slam/catkin_ws/src/cpp_solver/src/updateDistance.cpp:32(occupancyGridCallback)] [topics: /rosout, /edge_distance] Map origin x: -7.415, y: -7.323
1140.400000000 INFO /updateDistance [/home/wcqw/ac-slam/catkin_ws/src/cpp_solver/src/updateDistance.cpp:87(occupancyGridCallback)] [topics: /rosout, /edge_distance] Free vertices size: 36
1140.400000000 INFO /updateDistance [/home/wcqw/ac-slam/catkin_ws/src/cpp_solver/src/updateDistance.cpp:128(occupancyGridCallback)] [topics: /rosout, /edge_distance] 570 edge distance updated
1141.100000000 INFO /Navigator [/home/wcqw/ac-slam/catkin_ws/src/cpp_solver/src/MyPlanner.cpp:481(findExplorationTarget)] [topics: /rosout, /cmd, /Navigator/plan, /Navigator/markers, /Navigator/frontiers, /Navigator/frontier_to_vertex, /Navigator/nav_goal, /Navigator/prior_map, /Navigator/visual_tsp_path, /Navigator/tsp_index, /Navigator/path_finder, /Navigator/dist_map, /finished_topic, /request_replan, /Explore/result, /Explore/feedback, /Explore/status, /MoveTo/result, /MoveTo/feedback, /MoveTo/status, /Localize/result, /Localize/feedback, /Localize/status, /GetFirstMap/result, /GetFirstMap/feedback, /GetFirstMap/status] Call local replanning...
1141.100000000 INFO /path_planner [path_planner.py:295(PathPlanner.handle_replanning)] [topics: /pose_graph_idx, /rosout, /edge_distance, /clock, /slam_pose_graph] Replanning request. curr_vertex_idx: 35
1141.100000000 INFO /path_planner [path_planner.py:296(PathPlanner.handle_replanning)] [topics: /pose_graph_idx, /rosout, /edge_distance, /clock, /slam_pose_graph]                     covered_vertices: ()
1141.100000000 INFO /path_planner [path_planner.py:310(PathPlanner.handle_replanning)] [topics: /pose_graph_idx, /rosout, /edge_distance, /clock, /slam_pose_graph] Handle local replanning...
1141.100000000 INFO /path_planner [path_planner.py:363(PathPlanner.handle_local_replanning)] [topics: /pose_graph_idx, /rosout, /edge_distance, /clock, /slam_pose_graph] Local path to replan: [12, 13, 14, 8]
1141.200000000 INFO /path_planner [path_planner.py:322(PathPlanner.handle_replanning)] [topics: /pose_graph_idx, /rosout, /edge_distance, /clock, /slam_pose_graph] curr path length: 43, is_loop length: 43
1141.200000000 INFO /path_planner [path_planner.py:334(PathPlanner.handle_replanning)] [topics: /pose_graph_idx, /rosout, /edge_distance, /clock, /slam_pose_graph] Send new plan: 8 7 6 5 4 3 9 15 16 10 11 35 37 20 19 15(L) 19 23 29 30 24 25 31 32 26 27 33 34 28 22 21 38 37(L) 38 36 12  ---> 13 14 8(L) 14 18 17 21(L) 
1141.300000000 WARN /Navigator [/home/wcqw/ac-slam/catkin_ws/src/navigation_2d/nav2d_navigator/src/RobotNavigator.cpp:926(receiveExploreGoal)] [topics: /rosout, /cmd, /Navigator/plan, /Navigator/markers, /Navigator/frontiers, /Navigator/frontier_to_vertex, /Navigator/nav_goal, /Navigator/prior_map, /Navigator/visual_tsp_path, /Navigator/tsp_index, /Navigator/path_finder, /Navigator/dist_map, /finished_topic, /request_replan, /Explore/result, /Explore/feedback, /Explore/status, /MoveTo/result, /MoveTo/feedback, /MoveTo/status, /Localize/result, /Localize/feedback, /Localize/status, /GetFirstMap/result, /GetFirstMap/feedback, /GetFirstMap/status] Missed desired rate of 1.00Hz! Loop actually took 1.1000 seconds!
1146.400000000 INFO /updateDistance [/home/wcqw/ac-slam/catkin_ws/src/cpp_solver/src/updateDistance.cpp:29(occupancyGridCallback)] [topics: /rosout, /edge_distance] Received an OccupancyGrid message!
1146.400000000 INFO /updateDistance [/home/wcqw/ac-slam/catkin_ws/src/cpp_solver/src/updateDistance.cpp:30(occupancyGridCallback)] [topics: /rosout, /edge_distance] Width: 722, Height: 733, Size: 529226
1146.400000000 INFO /updateDistance [/home/wcqw/ac-slam/catkin_ws/src/cpp_solver/src/updateDistance.cpp:32(occupancyGridCallback)] [topics: /rosout, /edge_distance] Map origin x: -7.415, y: -7.323
1146.400000000 INFO /updateDistance [/home/wcqw/ac-slam/catkin_ws/src/cpp_solver/src/updateDistance.cpp:87(occupancyGridCallback)] [topics: /rosout, /edge_distance] Free vertices size: 36
1146.400000000 INFO /updateDistance [/home/wcqw/ac-slam/catkin_ws/src/cpp_solver/src/updateDistance.cpp:128(occupancyGridCallback)] [topics: /rosout, /edge_distance] 570 edge distance updated
1147.000000000 INFO /Navigator [/home/wcqw/ac-slam/catkin_ws/src/cpp_solver/src/MyPlanner.cpp:481(findExplorationTarget)] [topics: /rosout, /cmd, /Navigator/plan, /Navigator/markers, /Navigator/frontiers, /Navigator/frontier_to_vertex, /Navigator/nav_goal, /Navigator/prior_map, /Navigator/visual_tsp_path, /Navigator/tsp_index, /Navigator/path_finder, /Navigator/dist_map, /finished_topic, /request_replan, /Explore/result, /Explore/feedback, /Explore/status, /MoveTo/result, /MoveTo/feedback, /MoveTo/status, /Localize/result, /Localize/feedback, /Localize/status, /GetFirstMap/result, /GetFirstMap/feedback, /GetFirstMap/status] Call local replanning...
1147.000000000 INFO /path_planner [path_planner.py:295(PathPlanner.handle_replanning)] [topics: /pose_graph_idx, /rosout, /edge_distance, /clock, /slam_pose_graph] Replanning request. curr_vertex_idx: 35
1147.000000000 INFO /path_planner [path_planner.py:296(PathPlanner.handle_replanning)] [topics: /pose_graph_idx, /rosout, /edge_distance, /clock, /slam_pose_graph]                     covered_vertices: ()
1147.000000000 INFO /path_planner [path_planner.py:310(PathPlanner.handle_replanning)] [topics: /pose_graph_idx, /rosout, /edge_distance, /clock, /slam_pose_graph] Handle local replanning...
1147.000000000 INFO /path_planner [path_planner.py:363(PathPlanner.handle_local_replanning)] [topics: /pose_graph_idx, /rosout, /edge_distance, /clock, /slam_pose_graph] Local path to replan: [12, 13, 14, 8]
1147.000000000 INFO /path_planner [path_planner.py:322(PathPlanner.handle_replanning)] [topics: /pose_graph_idx, /rosout, /edge_distance, /clock, /slam_pose_graph] curr path length: 43, is_loop length: 43
1147.000000000 INFO /path_planner [path_planner.py:334(PathPlanner.handle_replanning)] [topics: /pose_graph_idx, /rosout, /edge_distance, /clock, /slam_pose_graph] Send new plan: 8 7 6 5 4 3 9 15 16 10 11 35 37 20 19 15(L) 19 23 29 30 24 25 31 32 26 27 33 34 28 22 21 38 37(L) 38 36 12  ---> 13 14 8(L) 14 18 17 21(L) 
1152.400000000 INFO /updateDistance [/home/wcqw/ac-slam/catkin_ws/src/cpp_solver/src/updateDistance.cpp:29(occupancyGridCallback)] [topics: /rosout, /edge_distance] Received an OccupancyGrid message!
1152.400000000 INFO /updateDistance [/home/wcqw/ac-slam/catkin_ws/src/cpp_solver/src/updateDistance.cpp:30(occupancyGridCallback)] [topics: /rosout, /edge_distance] Width: 722, Height: 733, Size: 529226
1152.400000000 INFO /updateDistance [/home/wcqw/ac-slam/catkin_ws/src/cpp_solver/src/updateDistance.cpp:32(occupancyGridCallback)] [topics: /rosout, /edge_distance] Map origin x: -7.415, y: -7.323
1152.500000000 WARN /RVIZ [/tmp/binarydeb/ros-noetic-tf2-0.7.10/src/buffer_core.cpp:277()] [topics: /rosout, /initialpose, /goal, /clicked_point] TF_REPEATED_DATA ignoring data with redundant timestamp for frame odom (parent offset) at time 1152.500000 according to authority unknown_publisher
1152.500000000 WARN /RVIZ [/tmp/binarydeb/ros-noetic-tf2-0.7.10/src/buffer_core.cpp:277()] [topics: /rosout, /initialpose, /goal, /clicked_point] TF_REPEATED_DATA ignoring data with redundant timestamp for frame offset (parent map) at time 1152.500000 according to authority unknown_publisher
1152.500000000 INFO /path_planner [path_planner.py:638(PathPlanner.handle_pose_graph)] [topics: /pose_graph_idx, /rosout, /edge_distance, /clock, /slam_pose_graph] Really visited vertices: 8 7 6 5 4 3 9 15 16 35 11 35 37 20 19 15 19 23 29 30 31 25 31 32 26 27 33 34 28 22 21 38 37 
1152.500000000 INFO /updateDistance [/home/wcqw/ac-slam/catkin_ws/src/cpp_solver/src/updateDistance.cpp:87(occupancyGridCallback)] [topics: /rosout, /edge_distance] Free vertices size: 36
1152.500000000 INFO /updateDistance [/home/wcqw/ac-slam/catkin_ws/src/cpp_solver/src/updateDistance.cpp:128(occupancyGridCallback)] [topics: /rosout, /edge_distance] 570 edge distance updated
1152.500000000 INFO /updateDistance [/home/wcqw/ac-slam/catkin_ws/src/cpp_solver/src/updateDistance.cpp:29(occupancyGridCallback)] [topics: /rosout, /edge_distance] Received an OccupancyGrid message!
1152.500000000 INFO /updateDistance [/home/wcqw/ac-slam/catkin_ws/src/cpp_solver/src/updateDistance.cpp:30(occupancyGridCallback)] [topics: /rosout, /edge_distance] Width: 722, Height: 733, Size: 529226
1152.500000000 INFO /updateDistance [/home/wcqw/ac-slam/catkin_ws/src/cpp_solver/src/updateDistance.cpp:32(occupancyGridCallback)] [topics: /rosout, /edge_distance] Map origin x: -7.415, y: -7.323
1152.500000000 INFO /updateDistance [/home/wcqw/ac-slam/catkin_ws/src/cpp_solver/src/updateDistance.cpp:87(occupancyGridCallback)] [topics: /rosout, /edge_distance] Free vertices size: 36
1152.500000000 INFO /updateDistance [/home/wcqw/ac-slam/catkin_ws/src/cpp_solver/src/updateDistance.cpp:128(occupancyGridCallback)] [topics: /rosout, /edge_distance] 570 edge distance updated
1153.200000000 INFO /Navigator [/home/wcqw/ac-slam/catkin_ws/src/cpp_solver/src/MyPlanner.cpp:481(findExplorationTarget)] [topics: /rosout, /cmd, /Navigator/plan, /Navigator/markers, /Navigator/frontiers, /Navigator/frontier_to_vertex, /Navigator/nav_goal, /Navigator/prior_map, /Navigator/visual_tsp_path, /Navigator/tsp_index, /Navigator/path_finder, /Navigator/dist_map, /finished_topic, /request_replan, /Explore/result, /Explore/feedback, /Explore/status, /MoveTo/result, /MoveTo/feedback, /MoveTo/status, /Localize/result, /Localize/feedback, /Localize/status, /GetFirstMap/result, /GetFirstMap/feedback, /GetFirstMap/status] Call local replanning...
1153.200000000 INFO /path_planner [path_planner.py:295(PathPlanner.handle_replanning)] [topics: /pose_graph_idx, /rosout, /edge_distance, /clock, /slam_pose_graph] Replanning request. curr_vertex_idx: 35
1153.200000000 INFO /path_planner [path_planner.py:296(PathPlanner.handle_replanning)] [topics: /pose_graph_idx, /rosout, /edge_distance, /clock, /slam_pose_graph]                     covered_vertices: ()
1153.200000000 INFO /path_planner [path_planner.py:310(PathPlanner.handle_replanning)] [topics: /pose_graph_idx, /rosout, /edge_distance, /clock, /slam_pose_graph] Handle local replanning...
1153.200000000 INFO /path_planner [path_planner.py:363(PathPlanner.handle_local_replanning)] [topics: /pose_graph_idx, /rosout, /edge_distance, /clock, /slam_pose_graph] Local path to replan: [12, 13, 14, 8]
1153.200000000 INFO /path_planner [path_planner.py:322(PathPlanner.handle_replanning)] [topics: /pose_graph_idx, /rosout, /edge_distance, /clock, /slam_pose_graph] curr path length: 43, is_loop length: 43
1153.200000000 INFO /path_planner [path_planner.py:334(PathPlanner.handle_replanning)] [topics: /pose_graph_idx, /rosout, /edge_distance, /clock, /slam_pose_graph] Send new plan: 8 7 6 5 4 3 9 15 16 10 11 35 37 20 19 15(L) 19 23 29 30 24 25 31 32 26 27 33 34 28 22 21 38 37(L) 38 36 12  ---> 13 14 8(L) 14 18 17 21(L) 
1153.300000000 WARN /Navigator [/home/wcqw/ac-slam/catkin_ws/src/navigation_2d/nav2d_navigator/src/RobotNavigator.cpp:926(receiveExploreGoal)] [topics: /rosout, /cmd, /Navigator/plan, /Navigator/markers, /Navigator/frontiers, /Navigator/frontier_to_vertex, /Navigator/nav_goal, /Navigator/prior_map, /Navigator/visual_tsp_path, /Navigator/tsp_index, /Navigator/path_finder, /Navigator/dist_map, /finished_topic, /request_replan, /Explore/result, /Explore/feedback, /Explore/status, /MoveTo/result, /MoveTo/feedback, /MoveTo/status, /Localize/result, /Localize/feedback, /Localize/status, /GetFirstMap/result, /GetFirstMap/feedback, /GetFirstMap/status] Missed desired rate of 1.00Hz! Loop actually took 1.1000 seconds!
1158.500000000 INFO /updateDistance [/home/wcqw/ac-slam/catkin_ws/src/cpp_solver/src/updateDistance.cpp:29(occupancyGridCallback)] [topics: /rosout, /edge_distance] Received an OccupancyGrid message!
1158.500000000 INFO /updateDistance [/home/wcqw/ac-slam/catkin_ws/src/cpp_solver/src/updateDistance.cpp:30(occupancyGridCallback)] [topics: /rosout, /edge_distance] Width: 722, Height: 733, Size: 529226
1158.500000000 INFO /updateDistance [/home/wcqw/ac-slam/catkin_ws/src/cpp_solver/src/updateDistance.cpp:32(occupancyGridCallback)] [topics: /rosout, /edge_distance] Map origin x: -7.415, y: -7.323
1158.500000000 WARN /RVIZ [/tmp/binarydeb/ros-noetic-tf2-0.7.10/src/buffer_core.cpp:277()] [topics: /rosout, /initialpose, /goal, /clicked_point] TF_REPEATED_DATA ignoring data with redundant timestamp for frame odom (parent offset) at time 1158.500000 according to authority unknown_publisher
1158.500000000 WARN /RVIZ [/tmp/binarydeb/ros-noetic-tf2-0.7.10/src/buffer_core.cpp:277()] [topics: /rosout, /initialpose, /goal, /clicked_point] TF_REPEATED_DATA ignoring data with redundant timestamp for frame offset (parent map) at time 1158.500000 according to authority unknown_publisher
1158.500000000 INFO /updateDistance [/home/wcqw/ac-slam/catkin_ws/src/cpp_solver/src/updateDistance.cpp:87(occupancyGridCallback)] [topics: /rosout, /edge_distance] Free vertices size: 36
1158.500000000 INFO /updateDistance [/home/wcqw/ac-slam/catkin_ws/src/cpp_solver/src/updateDistance.cpp:128(occupancyGridCallback)] [topics: /rosout, /edge_distance] 570 edge distance updated
1159.300000000 INFO /Navigator [/home/wcqw/ac-slam/catkin_ws/src/cpp_solver/src/MyPlanner.cpp:481(findExplorationTarget)] [topics: /rosout, /cmd, /Navigator/plan, /Navigator/markers, /Navigator/frontiers, /Navigator/frontier_to_vertex, /Navigator/nav_goal, /Navigator/prior_map, /Navigator/visual_tsp_path, /Navigator/tsp_index, /Navigator/path_finder, /Navigator/dist_map, /finished_topic, /request_replan, /Explore/result, /Explore/feedback, /Explore/status, /MoveTo/result, /MoveTo/feedback, /MoveTo/status, /Localize/result, /Localize/feedback, /Localize/status, /GetFirstMap/result, /GetFirstMap/feedback, /GetFirstMap/status] Call local replanning...
1159.300000000 INFO /path_planner [path_planner.py:295(PathPlanner.handle_replanning)] [topics: /pose_graph_idx, /rosout, /edge_distance, /clock, /slam_pose_graph] Replanning request. curr_vertex_idx: 35
1159.300000000 INFO /path_planner [path_planner.py:296(PathPlanner.handle_replanning)] [topics: /pose_graph_idx, /rosout, /edge_distance, /clock, /slam_pose_graph]                     covered_vertices: ()
1159.300000000 INFO /path_planner [path_planner.py:310(PathPlanner.handle_replanning)] [topics: /pose_graph_idx, /rosout, /edge_distance, /clock, /slam_pose_graph] Handle local replanning...
1159.300000000 INFO /path_planner [path_planner.py:363(PathPlanner.handle_local_replanning)] [topics: /pose_graph_idx, /rosout, /edge_distance, /clock, /slam_pose_graph] Local path to replan: [12, 13, 14, 8]
1159.300000000 INFO /path_planner [path_planner.py:322(PathPlanner.handle_replanning)] [topics: /pose_graph_idx, /rosout, /edge_distance, /clock, /slam_pose_graph] curr path length: 43, is_loop length: 43
1159.300000000 INFO /path_planner [path_planner.py:334(PathPlanner.handle_replanning)] [topics: /pose_graph_idx, /rosout, /edge_distance, /clock, /slam_pose_graph] Send new plan: 8 7 6 5 4 3 9 15 16 10 11 35 37 20 19 15(L) 19 23 29 30 24 25 31 32 26 27 33 34 28 22 21 38 37(L) 38 36 12  ---> 13 14 8(L) 14 18 17 21(L) 
1159.300000000 INFO /Navigator [/home/wcqw/ac-slam/catkin_ws/src/cpp_solver/src/MyPlanner.cpp:525(findExplorationTarget)] [topics: /rosout, /cmd, /Navigator/plan, /Navigator/markers, /Navigator/frontiers, /Navigator/frontier_to_vertex, /Navigator/nav_goal, /Navigator/prior_map, /Navigator/visual_tsp_path, /Navigator/tsp_index, /Navigator/path_finder, /Navigator/dist_map, /finished_topic, /request_replan, /Explore/result, /Explore/feedback, /Explore/status, /MoveTo/result, /MoveTo/feedback, /MoveTo/status, /Localize/result, /Localize/feedback, /Localize/status, /GetFirstMap/result, /GetFirstMap/feedback, /GetFirstMap/status] Skip currGoal 12 that has no frontier and seen by robot
1159.300000000 INFO /Navigator [/home/wcqw/ac-slam/catkin_ws/src/cpp_solver/src/MyPlanner.cpp:310(getUsefulGoalIndex)] [topics: /rosout, /cmd, /Navigator/plan, /Navigator/markers, /Navigator/frontiers, /Navigator/frontier_to_vertex, /Navigator/nav_goal, /Navigator/prior_map, /Navigator/visual_tsp_path, /Navigator/tsp_index, /Navigator/path_finder, /Navigator/dist_map, /finished_topic, /request_replan, /Explore/result, /Explore/feedback, /Explore/status, /MoveTo/result, /MoveTo/feedback, /MoveTo/status, /Localize/result, /Localize/feedback, /Localize/status, /GetFirstMap/result, /GetFirstMap/feedback, /GetFirstMap/status] Set newGoal 13
1159.400000000 WARN /Navigator [/home/wcqw/ac-slam/catkin_ws/src/navigation_2d/nav2d_navigator/src/RobotNavigator.cpp:926(receiveExploreGoal)] [topics: /rosout, /cmd, /Navigator/plan, /Navigator/markers, /Navigator/frontiers, /Navigator/frontier_to_vertex, /Navigator/nav_goal, /Navigator/prior_map, /Navigator/visual_tsp_path, /Navigator/tsp_index, /Navigator/path_finder, /Navigator/dist_map, /finished_topic, /request_replan, /Explore/result, /Explore/feedback, /Explore/status, /MoveTo/result, /MoveTo/feedback, /MoveTo/status, /Localize/result, /Localize/feedback, /Localize/status, /GetFirstMap/result, /GetFirstMap/feedback, /GetFirstMap/status] Missed desired rate of 1.00Hz! Loop actually took 1.2000 seconds!
1164.400000000 INFO /updateDistance [/home/wcqw/ac-slam/catkin_ws/src/cpp_solver/src/updateDistance.cpp:29(occupancyGridCallback)] [topics: /rosout, /edge_distance] Received an OccupancyGrid message!
1164.400000000 INFO /updateDistance [/home/wcqw/ac-slam/catkin_ws/src/cpp_solver/src/updateDistance.cpp:30(occupancyGridCallback)] [topics: /rosout, /edge_distance] Width: 722, Height: 733, Size: 529226
1164.400000000 INFO /updateDistance [/home/wcqw/ac-slam/catkin_ws/src/cpp_solver/src/updateDistance.cpp:32(occupancyGridCallback)] [topics: /rosout, /edge_distance] Map origin x: -7.415, y: -7.323
1164.400000000 INFO /updateDistance [/home/wcqw/ac-slam/catkin_ws/src/cpp_solver/src/updateDistance.cpp:87(occupancyGridCallback)] [topics: /rosout, /edge_distance] Free vertices size: 36
1164.400000000 INFO /updateDistance [/home/wcqw/ac-slam/catkin_ws/src/cpp_solver/src/updateDistance.cpp:128(occupancyGridCallback)] [topics: /rosout, /edge_distance] 570 edge distance updated
1164.900000000 INFO /Navigator [/home/wcqw/ac-slam/catkin_ws/src/cpp_solver/src/MyPlanner.cpp:481(findExplorationTarget)] [topics: /rosout, /cmd, /Navigator/plan, /Navigator/markers, /Navigator/frontiers, /Navigator/frontier_to_vertex, /Navigator/nav_goal, /Navigator/prior_map, /Navigator/visual_tsp_path, /Navigator/tsp_index, /Navigator/path_finder, /Navigator/dist_map, /finished_topic, /request_replan, /Explore/result, /Explore/feedback, /Explore/status, /MoveTo/result, /MoveTo/feedback, /MoveTo/status, /Localize/result, /Localize/feedback, /Localize/status, /GetFirstMap/result, /GetFirstMap/feedback, /GetFirstMap/status] Call local replanning...
1164.900000000 INFO /path_planner [path_planner.py:295(PathPlanner.handle_replanning)] [topics: /pose_graph_idx, /rosout, /edge_distance, /clock, /slam_pose_graph] Replanning request. curr_vertex_idx: 36
1164.900000000 INFO /path_planner [path_planner.py:296(PathPlanner.handle_replanning)] [topics: /pose_graph_idx, /rosout, /edge_distance, /clock, /slam_pose_graph]                     covered_vertices: ()
1164.900000000 INFO /path_planner [path_planner.py:310(PathPlanner.handle_replanning)] [topics: /pose_graph_idx, /rosout, /edge_distance, /clock, /slam_pose_graph] Handle local replanning...
1164.900000000 INFO /path_planner [path_planner.py:363(PathPlanner.handle_local_replanning)] [topics: /pose_graph_idx, /rosout, /edge_distance, /clock, /slam_pose_graph] Local path to replan: [13, 14, 8]
1164.900000000 INFO /path_planner [path_planner.py:322(PathPlanner.handle_replanning)] [topics: /pose_graph_idx, /rosout, /edge_distance, /clock, /slam_pose_graph] curr path length: 43, is_loop length: 43
1164.900000000 INFO /path_planner [path_planner.py:334(PathPlanner.handle_replanning)] [topics: /pose_graph_idx, /rosout, /edge_distance, /clock, /slam_pose_graph] Send new plan: 8 7 6 5 4 3 9 15 16 10 11 35 37 20 19 15(L) 19 23 29 30 24 25 31 32 26 27 33 34 28 22 21 38 37(L) 38 36 12 13  ---> 14 8(L) 14 18 17 21(L) 
1170.400000000 INFO /updateDistance [/home/wcqw/ac-slam/catkin_ws/src/cpp_solver/src/updateDistance.cpp:29(occupancyGridCallback)] [topics: /rosout, /edge_distance] Received an OccupancyGrid message!
1170.400000000 INFO /updateDistance [/home/wcqw/ac-slam/catkin_ws/src/cpp_solver/src/updateDistance.cpp:30(occupancyGridCallback)] [topics: /rosout, /edge_distance] Width: 722, Height: 733, Size: 529226
1170.400000000 INFO /updateDistance [/home/wcqw/ac-slam/catkin_ws/src/cpp_solver/src/updateDistance.cpp:32(occupancyGridCallback)] [topics: /rosout, /edge_distance] Map origin x: -7.415, y: -7.323
1170.400000000 INFO /updateDistance [/home/wcqw/ac-slam/catkin_ws/src/cpp_solver/src/updateDistance.cpp:87(occupancyGridCallback)] [topics: /rosout, /edge_distance] Free vertices size: 36
1170.400000000 INFO /updateDistance [/home/wcqw/ac-slam/catkin_ws/src/cpp_solver/src/updateDistance.cpp:128(occupancyGridCallback)] [topics: /rosout, /edge_distance] 570 edge distance updated
1170.900000000 INFO /Navigator [/home/wcqw/ac-slam/catkin_ws/src/cpp_solver/src/MyPlanner.cpp:481(findExplorationTarget)] [topics: /rosout, /cmd, /Navigator/plan, /Navigator/markers, /Navigator/frontiers, /Navigator/frontier_to_vertex, /Navigator/nav_goal, /Navigator/prior_map, /Navigator/visual_tsp_path, /Navigator/tsp_index, /Navigator/path_finder, /Navigator/dist_map, /finished_topic, /request_replan, /Explore/result, /Explore/feedback, /Explore/status, /MoveTo/result, /MoveTo/feedback, /MoveTo/status, /Localize/result, /Localize/feedback, /Localize/status, /GetFirstMap/result, /GetFirstMap/feedback, /GetFirstMap/status] Call local replanning...
1170.900000000 INFO /path_planner [path_planner.py:295(PathPlanner.handle_replanning)] [topics: /pose_graph_idx, /rosout, /edge_distance, /clock, /slam_pose_graph] Replanning request. curr_vertex_idx: 36
1170.900000000 INFO /path_planner [path_planner.py:296(PathPlanner.handle_replanning)] [topics: /pose_graph_idx, /rosout, /edge_distance, /clock, /slam_pose_graph]                     covered_vertices: ()
1170.900000000 INFO /path_planner [path_planner.py:310(PathPlanner.handle_replanning)] [topics: /pose_graph_idx, /rosout, /edge_distance, /clock, /slam_pose_graph] Handle local replanning...
1170.900000000 INFO /path_planner [path_planner.py:363(PathPlanner.handle_local_replanning)] [topics: /pose_graph_idx, /rosout, /edge_distance, /clock, /slam_pose_graph] Local path to replan: [13, 14, 8]
1171.000000000 INFO /path_planner [path_planner.py:322(PathPlanner.handle_replanning)] [topics: /pose_graph_idx, /rosout, /edge_distance, /clock, /slam_pose_graph] curr path length: 43, is_loop length: 43
1171.000000000 INFO /path_planner [path_planner.py:334(PathPlanner.handle_replanning)] [topics: /pose_graph_idx, /rosout, /edge_distance, /clock, /slam_pose_graph] Send new plan: 8 7 6 5 4 3 9 15 16 10 11 35 37 20 19 15(L) 19 23 29 30 24 25 31 32 26 27 33 34 28 22 21 38 37(L) 38 36 12 13  ---> 14 8(L) 14 18 17 21(L) 
1176.500000000 INFO /updateDistance [/home/wcqw/ac-slam/catkin_ws/src/cpp_solver/src/updateDistance.cpp:29(occupancyGridCallback)] [topics: /rosout, /edge_distance] Received an OccupancyGrid message!
1176.500000000 INFO /updateDistance [/home/wcqw/ac-slam/catkin_ws/src/cpp_solver/src/updateDistance.cpp:30(occupancyGridCallback)] [topics: /rosout, /edge_distance] Width: 722, Height: 733, Size: 529226
1176.500000000 INFO /updateDistance [/home/wcqw/ac-slam/catkin_ws/src/cpp_solver/src/updateDistance.cpp:32(occupancyGridCallback)] [topics: /rosout, /edge_distance] Map origin x: -7.415, y: -7.323
1176.500000000 WARN /RVIZ [/tmp/binarydeb/ros-noetic-tf2-0.7.10/src/buffer_core.cpp:277()] [topics: /rosout, /initialpose, /goal, /clicked_point] TF_REPEATED_DATA ignoring data with redundant timestamp for frame odom (parent offset) at time 1176.500000 according to authority unknown_publisher
1176.500000000 WARN /RVIZ [/tmp/binarydeb/ros-noetic-tf2-0.7.10/src/buffer_core.cpp:277()] [topics: /rosout, /initialpose, /goal, /clicked_point] TF_REPEATED_DATA ignoring data with redundant timestamp for frame offset (parent map) at time 1176.500000 according to authority unknown_publisher
1176.500000000 INFO /updateDistance [/home/wcqw/ac-slam/catkin_ws/src/cpp_solver/src/updateDistance.cpp:87(occupancyGridCallback)] [topics: /rosout, /edge_distance] Free vertices size: 36
1176.500000000 INFO /updateDistance [/home/wcqw/ac-slam/catkin_ws/src/cpp_solver/src/updateDistance.cpp:128(occupancyGridCallback)] [topics: /rosout, /edge_distance] 570 edge distance updated
1177.000000000 INFO /Navigator [/home/wcqw/ac-slam/catkin_ws/src/cpp_solver/src/MyPlanner.cpp:481(findExplorationTarget)] [topics: /rosout, /cmd, /Navigator/plan, /Navigator/markers, /Navigator/frontiers, /Navigator/frontier_to_vertex, /Navigator/nav_goal, /Navigator/prior_map, /Navigator/visual_tsp_path, /Navigator/tsp_index, /Navigator/path_finder, /Navigator/dist_map, /finished_topic, /request_replan, /Explore/result, /Explore/feedback, /Explore/status, /MoveTo/result, /MoveTo/feedback, /MoveTo/status, /Localize/result, /Localize/feedback, /Localize/status, /GetFirstMap/result, /GetFirstMap/feedback, /GetFirstMap/status] Call local replanning...
1177.000000000 INFO /path_planner [path_planner.py:295(PathPlanner.handle_replanning)] [topics: /pose_graph_idx, /rosout, /edge_distance, /clock, /slam_pose_graph] Replanning request. curr_vertex_idx: 36
1177.000000000 INFO /path_planner [path_planner.py:296(PathPlanner.handle_replanning)] [topics: /pose_graph_idx, /rosout, /edge_distance, /clock, /slam_pose_graph]                     covered_vertices: ()
1177.000000000 INFO /path_planner [path_planner.py:310(PathPlanner.handle_replanning)] [topics: /pose_graph_idx, /rosout, /edge_distance, /clock, /slam_pose_graph] Handle local replanning...
1177.000000000 INFO /path_planner [path_planner.py:363(PathPlanner.handle_local_replanning)] [topics: /pose_graph_idx, /rosout, /edge_distance, /clock, /slam_pose_graph] Local path to replan: [13, 14, 8]
1177.000000000 INFO /path_planner [path_planner.py:322(PathPlanner.handle_replanning)] [topics: /pose_graph_idx, /rosout, /edge_distance, /clock, /slam_pose_graph] curr path length: 43, is_loop length: 43
1177.000000000 INFO /path_planner [path_planner.py:334(PathPlanner.handle_replanning)] [topics: /pose_graph_idx, /rosout, /edge_distance, /clock, /slam_pose_graph] Send new plan: 8 7 6 5 4 3 9 15 16 10 11 35 37 20 19 15(L) 19 23 29 30 24 25 31 32 26 27 33 34 28 22 21 38 37(L) 38 36 12 13  ---> 14 8(L) 14 18 17 21(L) 
1182.400000000 INFO /updateDistance [/home/wcqw/ac-slam/catkin_ws/src/cpp_solver/src/updateDistance.cpp:29(occupancyGridCallback)] [topics: /rosout, /edge_distance] Received an OccupancyGrid message!
1182.400000000 INFO /updateDistance [/home/wcqw/ac-slam/catkin_ws/src/cpp_solver/src/updateDistance.cpp:30(occupancyGridCallback)] [topics: /rosout, /edge_distance] Width: 722, Height: 733, Size: 529226
1182.400000000 INFO /updateDistance [/home/wcqw/ac-slam/catkin_ws/src/cpp_solver/src/updateDistance.cpp:32(occupancyGridCallback)] [topics: /rosout, /edge_distance] Map origin x: -7.415, y: -7.323
1182.400000000 INFO /updateDistance [/home/wcqw/ac-slam/catkin_ws/src/cpp_solver/src/updateDistance.cpp:87(occupancyGridCallback)] [topics: /rosout, /edge_distance] Free vertices size: 36
1182.400000000 INFO /updateDistance [/home/wcqw/ac-slam/catkin_ws/src/cpp_solver/src/updateDistance.cpp:128(occupancyGridCallback)] [topics: /rosout, /edge_distance] 570 edge distance updated
1182.900000000 INFO /Navigator [/home/wcqw/ac-slam/catkin_ws/src/cpp_solver/src/MyPlanner.cpp:481(findExplorationTarget)] [topics: /rosout, /cmd, /Navigator/plan, /Navigator/markers, /Navigator/frontiers, /Navigator/frontier_to_vertex, /Navigator/nav_goal, /Navigator/prior_map, /Navigator/visual_tsp_path, /Navigator/tsp_index, /Navigator/path_finder, /Navigator/dist_map, /finished_topic, /request_replan, /Explore/result, /Explore/feedback, /Explore/status, /MoveTo/result, /MoveTo/feedback, /MoveTo/status, /Localize/result, /Localize/feedback, /Localize/status, /GetFirstMap/result, /GetFirstMap/feedback, /GetFirstMap/status] Call local replanning...
1182.900000000 INFO /path_planner [path_planner.py:295(PathPlanner.handle_replanning)] [topics: /pose_graph_idx, /rosout, /edge_distance, /clock, /slam_pose_graph] Replanning request. curr_vertex_idx: 36
1182.900000000 INFO /path_planner [path_planner.py:296(PathPlanner.handle_replanning)] [topics: /pose_graph_idx, /rosout, /edge_distance, /clock, /slam_pose_graph]                     covered_vertices: ()
1182.900000000 INFO /path_planner [path_planner.py:310(PathPlanner.handle_replanning)] [topics: /pose_graph_idx, /rosout, /edge_distance, /clock, /slam_pose_graph] Handle local replanning...
1182.900000000 INFO /path_planner [path_planner.py:363(PathPlanner.handle_local_replanning)] [topics: /pose_graph_idx, /rosout, /edge_distance, /clock, /slam_pose_graph] Local path to replan: [13, 14, 8]
1182.900000000 INFO /path_planner [path_planner.py:322(PathPlanner.handle_replanning)] [topics: /pose_graph_idx, /rosout, /edge_distance, /clock, /slam_pose_graph] curr path length: 43, is_loop length: 43
1182.900000000 INFO /path_planner [path_planner.py:334(PathPlanner.handle_replanning)] [topics: /pose_graph_idx, /rosout, /edge_distance, /clock, /slam_pose_graph] Send new plan: 8 7 6 5 4 3 9 15 16 10 11 35 37 20 19 15(L) 19 23 29 30 24 25 31 32 26 27 33 34 28 22 21 38 37(L) 38 36 12 13  ---> 14 8(L) 14 18 17 21(L) 
1188.500000000 INFO /updateDistance [/home/wcqw/ac-slam/catkin_ws/src/cpp_solver/src/updateDistance.cpp:29(occupancyGridCallback)] [topics: /rosout, /edge_distance] Received an OccupancyGrid message!
1188.500000000 INFO /updateDistance [/home/wcqw/ac-slam/catkin_ws/src/cpp_solver/src/updateDistance.cpp:30(occupancyGridCallback)] [topics: /rosout, /edge_distance] Width: 722, Height: 733, Size: 529226
1188.500000000 INFO /updateDistance [/home/wcqw/ac-slam/catkin_ws/src/cpp_solver/src/updateDistance.cpp:32(occupancyGridCallback)] [topics: /rosout, /edge_distance] Map origin x: -7.415, y: -7.323
1188.500000000 WARN /RVIZ [/tmp/binarydeb/ros-noetic-tf2-0.7.10/src/buffer_core.cpp:277()] [topics: /rosout, /initialpose, /goal, /clicked_point] TF_REPEATED_DATA ignoring data with redundant timestamp for frame odom (parent offset) at time 1188.500000 according to authority unknown_publisher
1188.500000000 WARN /RVIZ [/tmp/binarydeb/ros-noetic-tf2-0.7.10/src/buffer_core.cpp:277()] [topics: /rosout, /initialpose, /goal, /clicked_point] TF_REPEATED_DATA ignoring data with redundant timestamp for frame offset (parent map) at time 1188.500000 according to authority unknown_publisher
1188.500000000 INFO /updateDistance [/home/wcqw/ac-slam/catkin_ws/src/cpp_solver/src/updateDistance.cpp:87(occupancyGridCallback)] [topics: /rosout, /edge_distance] Free vertices size: 36
1188.500000000 INFO /updateDistance [/home/wcqw/ac-slam/catkin_ws/src/cpp_solver/src/updateDistance.cpp:128(occupancyGridCallback)] [topics: /rosout, /edge_distance] 570 edge distance updated
1189.300000000 INFO /Navigator [/home/wcqw/ac-slam/catkin_ws/src/cpp_solver/src/MyPlanner.cpp:481(findExplorationTarget)] [topics: /rosout, /cmd, /Navigator/plan, /Navigator/markers, /Navigator/frontiers, /Navigator/frontier_to_vertex, /Navigator/nav_goal, /Navigator/prior_map, /Navigator/visual_tsp_path, /Navigator/tsp_index, /Navigator/path_finder, /Navigator/dist_map, /finished_topic, /request_replan, /Explore/result, /Explore/feedback, /Explore/status, /MoveTo/result, /MoveTo/feedback, /MoveTo/status, /Localize/result, /Localize/feedback, /Localize/status, /GetFirstMap/result, /GetFirstMap/feedback, /GetFirstMap/status] Call local replanning...
1189.300000000 INFO /path_planner [path_planner.py:295(PathPlanner.handle_replanning)] [topics: /pose_graph_idx, /rosout, /edge_distance, /clock, /slam_pose_graph] Replanning request. curr_vertex_idx: 36
1189.300000000 INFO /path_planner [path_planner.py:296(PathPlanner.handle_replanning)] [topics: /pose_graph_idx, /rosout, /edge_distance, /clock, /slam_pose_graph]                     covered_vertices: ()
1189.300000000 INFO /path_planner [path_planner.py:310(PathPlanner.handle_replanning)] [topics: /pose_graph_idx, /rosout, /edge_distance, /clock, /slam_pose_graph] Handle local replanning...
1189.300000000 INFO /path_planner [path_planner.py:363(PathPlanner.handle_local_replanning)] [topics: /pose_graph_idx, /rosout, /edge_distance, /clock, /slam_pose_graph] Local path to replan: [13, 14, 8]
1189.300000000 INFO /path_planner [path_planner.py:322(PathPlanner.handle_replanning)] [topics: /pose_graph_idx, /rosout, /edge_distance, /clock, /slam_pose_graph] curr path length: 43, is_loop length: 43
1189.300000000 INFO /path_planner [path_planner.py:334(PathPlanner.handle_replanning)] [topics: /pose_graph_idx, /rosout, /edge_distance, /clock, /slam_pose_graph] Send new plan: 8 7 6 5 4 3 9 15 16 10 11 35 37 20 19 15(L) 19 23 29 30 24 25 31 32 26 27 33 34 28 22 21 38 37(L) 38 36 12 13  ---> 14 8(L) 14 18 17 21(L) 
1189.400000000 WARN /Navigator [/home/wcqw/ac-slam/catkin_ws/src/navigation_2d/nav2d_navigator/src/RobotNavigator.cpp:926(receiveExploreGoal)] [topics: /rosout, /cmd, /Navigator/plan, /Navigator/markers, /Navigator/frontiers, /Navigator/frontier_to_vertex, /Navigator/nav_goal, /Navigator/prior_map, /Navigator/visual_tsp_path, /Navigator/tsp_index, /Navigator/path_finder, /Navigator/dist_map, /finished_topic, /request_replan, /Explore/result, /Explore/feedback, /Explore/status, /MoveTo/result, /MoveTo/feedback, /MoveTo/status, /Localize/result, /Localize/feedback, /Localize/status, /GetFirstMap/result, /GetFirstMap/feedback, /GetFirstMap/status] Missed desired rate of 1.00Hz! Loop actually took 1.2000 seconds!
1194.500000000 INFO /updateDistance [/home/wcqw/ac-slam/catkin_ws/src/cpp_solver/src/updateDistance.cpp:29(occupancyGridCallback)] [topics: /rosout, /edge_distance] Received an OccupancyGrid message!
1194.500000000 INFO /updateDistance [/home/wcqw/ac-slam/catkin_ws/src/cpp_solver/src/updateDistance.cpp:30(occupancyGridCallback)] [topics: /rosout, /edge_distance] Width: 722, Height: 733, Size: 529226
1194.500000000 INFO /updateDistance [/home/wcqw/ac-slam/catkin_ws/src/cpp_solver/src/updateDistance.cpp:32(occupancyGridCallback)] [topics: /rosout, /edge_distance] Map origin x: -7.415, y: -7.323
1194.500000000 WARN /RVIZ [/tmp/binarydeb/ros-noetic-tf2-0.7.10/src/buffer_core.cpp:277()] [topics: /rosout, /initialpose, /goal, /clicked_point] TF_REPEATED_DATA ignoring data with redundant timestamp for frame odom (parent offset) at time 1194.500000 according to authority unknown_publisher
1194.500000000 WARN /RVIZ [/tmp/binarydeb/ros-noetic-tf2-0.7.10/src/buffer_core.cpp:277()] [topics: /rosout, /initialpose, /goal, /clicked_point] TF_REPEATED_DATA ignoring data with redundant timestamp for frame offset (parent map) at time 1194.500000 according to authority unknown_publisher
1194.500000000 INFO /updateDistance [/home/wcqw/ac-slam/catkin_ws/src/cpp_solver/src/updateDistance.cpp:87(occupancyGridCallback)] [topics: /rosout, /edge_distance] Free vertices size: 36
1194.500000000 INFO /updateDistance [/home/wcqw/ac-slam/catkin_ws/src/cpp_solver/src/updateDistance.cpp:128(occupancyGridCallback)] [topics: /rosout, /edge_distance] 570 edge distance updated
1195.000000000 INFO /Navigator [/home/wcqw/ac-slam/catkin_ws/src/cpp_solver/src/MyPlanner.cpp:481(findExplorationTarget)] [topics: /rosout, /cmd, /Navigator/plan, /Navigator/markers, /Navigator/frontiers, /Navigator/frontier_to_vertex, /Navigator/nav_goal, /Navigator/prior_map, /Navigator/visual_tsp_path, /Navigator/tsp_index, /Navigator/path_finder, /Navigator/dist_map, /finished_topic, /request_replan, /Explore/result, /Explore/feedback, /Explore/status, /MoveTo/result, /MoveTo/feedback, /MoveTo/status, /Localize/result, /Localize/feedback, /Localize/status, /GetFirstMap/result, /GetFirstMap/feedback, /GetFirstMap/status] Call local replanning...
1195.000000000 INFO /path_planner [path_planner.py:295(PathPlanner.handle_replanning)] [topics: /pose_graph_idx, /rosout, /edge_distance, /clock, /slam_pose_graph] Replanning request. curr_vertex_idx: 36
1195.000000000 INFO /path_planner [path_planner.py:296(PathPlanner.handle_replanning)] [topics: /pose_graph_idx, /rosout, /edge_distance, /clock, /slam_pose_graph]                     covered_vertices: ()
1195.000000000 INFO /path_planner [path_planner.py:310(PathPlanner.handle_replanning)] [topics: /pose_graph_idx, /rosout, /edge_distance, /clock, /slam_pose_graph] Handle local replanning...
1195.000000000 INFO /path_planner [path_planner.py:363(PathPlanner.handle_local_replanning)] [topics: /pose_graph_idx, /rosout, /edge_distance, /clock, /slam_pose_graph] Local path to replan: [13, 14, 8]
1195.000000000 INFO /path_planner [path_planner.py:322(PathPlanner.handle_replanning)] [topics: /pose_graph_idx, /rosout, /edge_distance, /clock, /slam_pose_graph] curr path length: 43, is_loop length: 43
1195.000000000 INFO /path_planner [path_planner.py:334(PathPlanner.handle_replanning)] [topics: /pose_graph_idx, /rosout, /edge_distance, /clock, /slam_pose_graph] Send new plan: 8 7 6 5 4 3 9 15 16 10 11 35 37 20 19 15(L) 19 23 29 30 24 25 31 32 26 27 33 34 28 22 21 38 37(L) 38 36 12 13  ---> 14 8(L) 14 18 17 21(L) 
1200.500000000 INFO /updateDistance [/home/wcqw/ac-slam/catkin_ws/src/cpp_solver/src/updateDistance.cpp:29(occupancyGridCallback)] [topics: /rosout, /edge_distance] Received an OccupancyGrid message!
1200.500000000 INFO /updateDistance [/home/wcqw/ac-slam/catkin_ws/src/cpp_solver/src/updateDistance.cpp:30(occupancyGridCallback)] [topics: /rosout, /edge_distance] Width: 722, Height: 733, Size: 529226
1200.500000000 INFO /updateDistance [/home/wcqw/ac-slam/catkin_ws/src/cpp_solver/src/updateDistance.cpp:32(occupancyGridCallback)] [topics: /rosout, /edge_distance] Map origin x: -7.415, y: -7.323
1200.500000000 WARN /RVIZ [/tmp/binarydeb/ros-noetic-tf2-0.7.10/src/buffer_core.cpp:277()] [topics: /rosout, /initialpose, /goal, /clicked_point] TF_REPEATED_DATA ignoring data with redundant timestamp for frame odom (parent offset) at time 1200.500000 according to authority unknown_publisher
1200.500000000 WARN /RVIZ [/tmp/binarydeb/ros-noetic-tf2-0.7.10/src/buffer_core.cpp:277()] [topics: /rosout, /initialpose, /goal, /clicked_point] TF_REPEATED_DATA ignoring data with redundant timestamp for frame offset (parent map) at time 1200.500000 according to authority unknown_publisher
1200.500000000 INFO /updateDistance [/home/wcqw/ac-slam/catkin_ws/src/cpp_solver/src/updateDistance.cpp:87(occupancyGridCallback)] [topics: /rosout, /edge_distance] Free vertices size: 36
1200.500000000 INFO /updateDistance [/home/wcqw/ac-slam/catkin_ws/src/cpp_solver/src/updateDistance.cpp:128(occupancyGridCallback)] [topics: /rosout, /edge_distance] 570 edge distance updated
1201.300000000 INFO /Navigator [/home/wcqw/ac-slam/catkin_ws/src/cpp_solver/src/MyPlanner.cpp:481(findExplorationTarget)] [topics: /rosout, /cmd, /Navigator/plan, /Navigator/markers, /Navigator/frontiers, /Navigator/frontier_to_vertex, /Navigator/nav_goal, /Navigator/prior_map, /Navigator/visual_tsp_path, /Navigator/tsp_index, /Navigator/path_finder, /Navigator/dist_map, /finished_topic, /request_replan, /Explore/result, /Explore/feedback, /Explore/status, /MoveTo/result, /MoveTo/feedback, /MoveTo/status, /Localize/result, /Localize/feedback, /Localize/status, /GetFirstMap/result, /GetFirstMap/feedback, /GetFirstMap/status] Call local replanning...
1201.300000000 INFO /path_planner [path_planner.py:295(PathPlanner.handle_replanning)] [topics: /pose_graph_idx, /rosout, /edge_distance, /clock, /slam_pose_graph] Replanning request. curr_vertex_idx: 36
1201.300000000 INFO /path_planner [path_planner.py:296(PathPlanner.handle_replanning)] [topics: /pose_graph_idx, /rosout, /edge_distance, /clock, /slam_pose_graph]                     covered_vertices: ()
1201.300000000 INFO /path_planner [path_planner.py:310(PathPlanner.handle_replanning)] [topics: /pose_graph_idx, /rosout, /edge_distance, /clock, /slam_pose_graph] Handle local replanning...
1201.300000000 INFO /path_planner [path_planner.py:363(PathPlanner.handle_local_replanning)] [topics: /pose_graph_idx, /rosout, /edge_distance, /clock, /slam_pose_graph] Local path to replan: [13, 14, 8]
1201.300000000 INFO /path_planner [path_planner.py:322(PathPlanner.handle_replanning)] [topics: /pose_graph_idx, /rosout, /edge_distance, /clock, /slam_pose_graph] curr path length: 43, is_loop length: 43
1201.300000000 INFO /path_planner [path_planner.py:334(PathPlanner.handle_replanning)] [topics: /pose_graph_idx, /rosout, /edge_distance, /clock, /slam_pose_graph] Send new plan: 8 7 6 5 4 3 9 15 16 10 11 35 37 20 19 15(L) 19 23 29 30 24 25 31 32 26 27 33 34 28 22 21 38 37(L) 38 36 12 13  ---> 14 8(L) 14 18 17 21(L) 
1201.400000000 WARN /Navigator [/home/wcqw/ac-slam/catkin_ws/src/navigation_2d/nav2d_navigator/src/RobotNavigator.cpp:926(receiveExploreGoal)] [topics: /rosout, /cmd, /Navigator/plan, /Navigator/markers, /Navigator/frontiers, /Navigator/frontier_to_vertex, /Navigator/nav_goal, /Navigator/prior_map, /Navigator/visual_tsp_path, /Navigator/tsp_index, /Navigator/path_finder, /Navigator/dist_map, /finished_topic, /request_replan, /Explore/result, /Explore/feedback, /Explore/status, /MoveTo/result, /MoveTo/feedback, /MoveTo/status, /Localize/result, /Localize/feedback, /Localize/status, /GetFirstMap/result, /GetFirstMap/feedback, /GetFirstMap/status] Missed desired rate of 1.00Hz! Loop actually took 1.2000 seconds!
1206.500000000 INFO /updateDistance [/home/wcqw/ac-slam/catkin_ws/src/cpp_solver/src/updateDistance.cpp:29(occupancyGridCallback)] [topics: /rosout, /edge_distance] Received an OccupancyGrid message!
1206.500000000 INFO /updateDistance [/home/wcqw/ac-slam/catkin_ws/src/cpp_solver/src/updateDistance.cpp:30(occupancyGridCallback)] [topics: /rosout, /edge_distance] Width: 722, Height: 733, Size: 529226
1206.500000000 INFO /updateDistance [/home/wcqw/ac-slam/catkin_ws/src/cpp_solver/src/updateDistance.cpp:32(occupancyGridCallback)] [topics: /rosout, /edge_distance] Map origin x: -7.415, y: -7.323
1206.500000000 WARN /RVIZ [/tmp/binarydeb/ros-noetic-tf2-0.7.10/src/buffer_core.cpp:277()] [topics: /rosout, /initialpose, /goal, /clicked_point] TF_REPEATED_DATA ignoring data with redundant timestamp for frame odom (parent offset) at time 1206.500000 according to authority unknown_publisher
1206.500000000 WARN /RVIZ [/tmp/binarydeb/ros-noetic-tf2-0.7.10/src/buffer_core.cpp:277()] [topics: /rosout, /initialpose, /goal, /clicked_point] TF_REPEATED_DATA ignoring data with redundant timestamp for frame offset (parent map) at time 1206.500000 according to authority unknown_publisher
1206.500000000 INFO /updateDistance [/home/wcqw/ac-slam/catkin_ws/src/cpp_solver/src/updateDistance.cpp:87(occupancyGridCallback)] [topics: /rosout, /edge_distance] Free vertices size: 36
1206.500000000 INFO /updateDistance [/home/wcqw/ac-slam/catkin_ws/src/cpp_solver/src/updateDistance.cpp:128(occupancyGridCallback)] [topics: /rosout, /edge_distance] 570 edge distance updated
1207.300000000 INFO /Navigator [/home/wcqw/ac-slam/catkin_ws/src/cpp_solver/src/MyPlanner.cpp:481(findExplorationTarget)] [topics: /rosout, /cmd, /Navigator/plan, /Navigator/markers, /Navigator/frontiers, /Navigator/frontier_to_vertex, /Navigator/nav_goal, /Navigator/prior_map, /Navigator/visual_tsp_path, /Navigator/tsp_index, /Navigator/path_finder, /Navigator/dist_map, /finished_topic, /request_replan, /Explore/result, /Explore/feedback, /Explore/status, /MoveTo/result, /MoveTo/feedback, /MoveTo/status, /Localize/result, /Localize/feedback, /Localize/status, /GetFirstMap/result, /GetFirstMap/feedback, /GetFirstMap/status] Call local replanning...
1207.300000000 INFO /path_planner [path_planner.py:295(PathPlanner.handle_replanning)] [topics: /pose_graph_idx, /rosout, /edge_distance, /clock, /slam_pose_graph] Replanning request. curr_vertex_idx: 36
1207.300000000 INFO /path_planner [path_planner.py:296(PathPlanner.handle_replanning)] [topics: /pose_graph_idx, /rosout, /edge_distance, /clock, /slam_pose_graph]                     covered_vertices: ()
1207.300000000 INFO /path_planner [path_planner.py:310(PathPlanner.handle_replanning)] [topics: /pose_graph_idx, /rosout, /edge_distance, /clock, /slam_pose_graph] Handle local replanning...
1207.300000000 INFO /path_planner [path_planner.py:363(PathPlanner.handle_local_replanning)] [topics: /pose_graph_idx, /rosout, /edge_distance, /clock, /slam_pose_graph] Local path to replan: [13, 14, 8]
1207.300000000 INFO /path_planner [path_planner.py:322(PathPlanner.handle_replanning)] [topics: /pose_graph_idx, /rosout, /edge_distance, /clock, /slam_pose_graph] curr path length: 43, is_loop length: 43
1207.300000000 INFO /path_planner [path_planner.py:334(PathPlanner.handle_replanning)] [topics: /pose_graph_idx, /rosout, /edge_distance, /clock, /slam_pose_graph] Send new plan: 8 7 6 5 4 3 9 15 16 10 11 35 37 20 19 15(L) 19 23 29 30 24 25 31 32 26 27 33 34 28 22 21 38 37(L) 38 36 12 13  ---> 14 8(L) 14 18 17 21(L) 
1207.400000000 WARN /Navigator [/home/wcqw/ac-slam/catkin_ws/src/navigation_2d/nav2d_navigator/src/RobotNavigator.cpp:926(receiveExploreGoal)] [topics: /rosout, /cmd, /Navigator/plan, /Navigator/markers, /Navigator/frontiers, /Navigator/frontier_to_vertex, /Navigator/nav_goal, /Navigator/prior_map, /Navigator/visual_tsp_path, /Navigator/tsp_index, /Navigator/path_finder, /Navigator/dist_map, /finished_topic, /request_replan, /Explore/result, /Explore/feedback, /Explore/status, /MoveTo/result, /MoveTo/feedback, /MoveTo/status, /Localize/result, /Localize/feedback, /Localize/status, /GetFirstMap/result, /GetFirstMap/feedback, /GetFirstMap/status] Missed desired rate of 1.00Hz! Loop actually took 1.2000 seconds!
1212.500000000 INFO /updateDistance [/home/wcqw/ac-slam/catkin_ws/src/cpp_solver/src/updateDistance.cpp:29(occupancyGridCallback)] [topics: /rosout, /edge_distance] Received an OccupancyGrid message!
1212.500000000 INFO /updateDistance [/home/wcqw/ac-slam/catkin_ws/src/cpp_solver/src/updateDistance.cpp:30(occupancyGridCallback)] [topics: /rosout, /edge_distance] Width: 722, Height: 733, Size: 529226
1212.500000000 INFO /updateDistance [/home/wcqw/ac-slam/catkin_ws/src/cpp_solver/src/updateDistance.cpp:32(occupancyGridCallback)] [topics: /rosout, /edge_distance] Map origin x: -7.415, y: -7.323
1212.500000000 INFO /updateDistance [/home/wcqw/ac-slam/catkin_ws/src/cpp_solver/src/updateDistance.cpp:87(occupancyGridCallback)] [topics: /rosout, /edge_distance] Free vertices size: 36
1212.500000000 INFO /updateDistance [/home/wcqw/ac-slam/catkin_ws/src/cpp_solver/src/updateDistance.cpp:128(occupancyGridCallback)] [topics: /rosout, /edge_distance] 570 edge distance updated
1213.000000000 INFO /Navigator [/home/wcqw/ac-slam/catkin_ws/src/cpp_solver/src/MyPlanner.cpp:481(findExplorationTarget)] [topics: /rosout, /cmd, /Navigator/plan, /Navigator/markers, /Navigator/frontiers, /Navigator/frontier_to_vertex, /Navigator/nav_goal, /Navigator/prior_map, /Navigator/visual_tsp_path, /Navigator/tsp_index, /Navigator/path_finder, /Navigator/dist_map, /finished_topic, /request_replan, /Explore/result, /Explore/feedback, /Explore/status, /MoveTo/result, /MoveTo/feedback, /MoveTo/status, /Localize/result, /Localize/feedback, /Localize/status, /GetFirstMap/result, /GetFirstMap/feedback, /GetFirstMap/status] Call local replanning...
1213.000000000 INFO /path_planner [path_planner.py:295(PathPlanner.handle_replanning)] [topics: /pose_graph_idx, /rosout, /edge_distance, /clock, /slam_pose_graph] Replanning request. curr_vertex_idx: 36
1213.000000000 INFO /path_planner [path_planner.py:296(PathPlanner.handle_replanning)] [topics: /pose_graph_idx, /rosout, /edge_distance, /clock, /slam_pose_graph]                     covered_vertices: ()
1213.000000000 INFO /path_planner [path_planner.py:310(PathPlanner.handle_replanning)] [topics: /pose_graph_idx, /rosout, /edge_distance, /clock, /slam_pose_graph] Handle local replanning...
1213.000000000 INFO /path_planner [path_planner.py:363(PathPlanner.handle_local_replanning)] [topics: /pose_graph_idx, /rosout, /edge_distance, /clock, /slam_pose_graph] Local path to replan: [13, 14, 8]
1213.000000000 INFO /path_planner [path_planner.py:322(PathPlanner.handle_replanning)] [topics: /pose_graph_idx, /rosout, /edge_distance, /clock, /slam_pose_graph] curr path length: 43, is_loop length: 43
1213.000000000 INFO /path_planner [path_planner.py:334(PathPlanner.handle_replanning)] [topics: /pose_graph_idx, /rosout, /edge_distance, /clock, /slam_pose_graph] Send new plan: 8 7 6 5 4 3 9 15 16 10 11 35 37 20 19 15(L) 19 23 29 30 24 25 31 32 26 27 33 34 28 22 21 38 37(L) 38 36 12 13  ---> 14 8(L) 14 18 17 21(L) 
1218.400000000 INFO /updateDistance [/home/wcqw/ac-slam/catkin_ws/src/cpp_solver/src/updateDistance.cpp:29(occupancyGridCallback)] [topics: /rosout, /edge_distance] Received an OccupancyGrid message!
1218.400000000 INFO /updateDistance [/home/wcqw/ac-slam/catkin_ws/src/cpp_solver/src/updateDistance.cpp:30(occupancyGridCallback)] [topics: /rosout, /edge_distance] Width: 725, Height: 733, Size: 531425
1218.400000000 INFO /updateDistance [/home/wcqw/ac-slam/catkin_ws/src/cpp_solver/src/updateDistance.cpp:32(occupancyGridCallback)] [topics: /rosout, /edge_distance] Map origin x: -7.711, y: -7.323
1218.400000000 INFO /updateDistance [/home/wcqw/ac-slam/catkin_ws/src/cpp_solver/src/updateDistance.cpp:87(occupancyGridCallback)] [topics: /rosout, /edge_distance] Free vertices size: 36
1218.400000000 INFO /updateDistance [/home/wcqw/ac-slam/catkin_ws/src/cpp_solver/src/updateDistance.cpp:128(occupancyGridCallback)] [topics: /rosout, /edge_distance] 570 edge distance updated
1218.400000000 INFO /RVIZ [/tmp/binarydeb/ros-noetic-rviz-1.14.26/src/rviz/default_plugin/map_display.cpp:604(MapDisplay::createSwatches)] [topics: /rosout, /initialpose, /goal, /clicked_point] Creating 1 swatches
1219.200000000 INFO /Navigator [/home/wcqw/ac-slam/catkin_ws/src/cpp_solver/src/MyPlanner.cpp:481(findExplorationTarget)] [topics: /rosout, /cmd, /Navigator/plan, /Navigator/markers, /Navigator/frontiers, /Navigator/frontier_to_vertex, /Navigator/nav_goal, /Navigator/prior_map, /Navigator/visual_tsp_path, /Navigator/tsp_index, /Navigator/path_finder, /Navigator/dist_map, /finished_topic, /request_replan, /Explore/result, /Explore/feedback, /Explore/status, /MoveTo/result, /MoveTo/feedback, /MoveTo/status, /Localize/result, /Localize/feedback, /Localize/status, /GetFirstMap/result, /GetFirstMap/feedback, /GetFirstMap/status] Call local replanning...
1219.200000000 INFO /path_planner [path_planner.py:295(PathPlanner.handle_replanning)] [topics: /pose_graph_idx, /rosout, /edge_distance, /clock, /slam_pose_graph] Replanning request. curr_vertex_idx: 36
1219.200000000 INFO /path_planner [path_planner.py:296(PathPlanner.handle_replanning)] [topics: /pose_graph_idx, /rosout, /edge_distance, /clock, /slam_pose_graph]                     covered_vertices: ()
1219.200000000 INFO /path_planner [path_planner.py:310(PathPlanner.handle_replanning)] [topics: /pose_graph_idx, /rosout, /edge_distance, /clock, /slam_pose_graph] Handle local replanning...
1219.200000000 INFO /path_planner [path_planner.py:363(PathPlanner.handle_local_replanning)] [topics: /pose_graph_idx, /rosout, /edge_distance, /clock, /slam_pose_graph] Local path to replan: [13, 14, 8]
1219.200000000 INFO /path_planner [path_planner.py:322(PathPlanner.handle_replanning)] [topics: /pose_graph_idx, /rosout, /edge_distance, /clock, /slam_pose_graph] curr path length: 43, is_loop length: 43
1219.200000000 INFO /path_planner [path_planner.py:334(PathPlanner.handle_replanning)] [topics: /pose_graph_idx, /rosout, /edge_distance, /clock, /slam_pose_graph] Send new plan: 8 7 6 5 4 3 9 15 16 10 11 35 37 20 19 15(L) 19 23 29 30 24 25 31 32 26 27 33 34 28 22 21 38 37(L) 38 36 12 13  ---> 14 8(L) 14 18 17 21(L) 
1219.300000000 WARN /Navigator [/home/wcqw/ac-slam/catkin_ws/src/navigation_2d/nav2d_navigator/src/RobotNavigator.cpp:926(receiveExploreGoal)] [topics: /rosout, /cmd, /Navigator/plan, /Navigator/markers, /Navigator/frontiers, /Navigator/frontier_to_vertex, /Navigator/nav_goal, /Navigator/prior_map, /Navigator/visual_tsp_path, /Navigator/tsp_index, /Navigator/path_finder, /Navigator/dist_map, /finished_topic, /request_replan, /Explore/result, /Explore/feedback, /Explore/status, /MoveTo/result, /MoveTo/feedback, /MoveTo/status, /Localize/result, /Localize/feedback, /Localize/status, /GetFirstMap/result, /GetFirstMap/feedback, /GetFirstMap/status] Missed desired rate of 1.00Hz! Loop actually took 1.1000 seconds!
1224.400000000 INFO /updateDistance [/home/wcqw/ac-slam/catkin_ws/src/cpp_solver/src/updateDistance.cpp:29(occupancyGridCallback)] [topics: /rosout, /edge_distance] Received an OccupancyGrid message!
1224.400000000 INFO /updateDistance [/home/wcqw/ac-slam/catkin_ws/src/cpp_solver/src/updateDistance.cpp:30(occupancyGridCallback)] [topics: /rosout, /edge_distance] Width: 725, Height: 733, Size: 531425
1224.400000000 INFO /updateDistance [/home/wcqw/ac-slam/catkin_ws/src/cpp_solver/src/updateDistance.cpp:32(occupancyGridCallback)] [topics: /rosout, /edge_distance] Map origin x: -7.711, y: -7.323
1224.400000000 INFO /updateDistance [/home/wcqw/ac-slam/catkin_ws/src/cpp_solver/src/updateDistance.cpp:87(occupancyGridCallback)] [topics: /rosout, /edge_distance] Free vertices size: 36
1224.400000000 INFO /updateDistance [/home/wcqw/ac-slam/catkin_ws/src/cpp_solver/src/updateDistance.cpp:128(occupancyGridCallback)] [topics: /rosout, /edge_distance] 570 edge distance updated
1224.900000000 INFO /Navigator [/home/wcqw/ac-slam/catkin_ws/src/cpp_solver/src/MyPlanner.cpp:481(findExplorationTarget)] [topics: /rosout, /cmd, /Navigator/plan, /Navigator/markers, /Navigator/frontiers, /Navigator/frontier_to_vertex, /Navigator/nav_goal, /Navigator/prior_map, /Navigator/visual_tsp_path, /Navigator/tsp_index, /Navigator/path_finder, /Navigator/dist_map, /finished_topic, /request_replan, /Explore/result, /Explore/feedback, /Explore/status, /MoveTo/result, /MoveTo/feedback, /MoveTo/status, /Localize/result, /Localize/feedback, /Localize/status, /GetFirstMap/result, /GetFirstMap/feedback, /GetFirstMap/status] Call local replanning...
1224.900000000 INFO /path_planner [path_planner.py:295(PathPlanner.handle_replanning)] [topics: /pose_graph_idx, /rosout, /edge_distance, /clock, /slam_pose_graph] Replanning request. curr_vertex_idx: 36
1224.900000000 INFO /path_planner [path_planner.py:296(PathPlanner.handle_replanning)] [topics: /pose_graph_idx, /rosout, /edge_distance, /clock, /slam_pose_graph]                     covered_vertices: ()
1224.900000000 INFO /path_planner [path_planner.py:310(PathPlanner.handle_replanning)] [topics: /pose_graph_idx, /rosout, /edge_distance, /clock, /slam_pose_graph] Handle local replanning...
1224.900000000 INFO /path_planner [path_planner.py:363(PathPlanner.handle_local_replanning)] [topics: /pose_graph_idx, /rosout, /edge_distance, /clock, /slam_pose_graph] Local path to replan: [13, 14, 8]
1224.900000000 INFO /path_planner [path_planner.py:322(PathPlanner.handle_replanning)] [topics: /pose_graph_idx, /rosout, /edge_distance, /clock, /slam_pose_graph] curr path length: 43, is_loop length: 43
1224.900000000 INFO /path_planner [path_planner.py:334(PathPlanner.handle_replanning)] [topics: /pose_graph_idx, /rosout, /edge_distance, /clock, /slam_pose_graph] Send new plan: 8 7 6 5 4 3 9 15 16 10 11 35 37 20 19 15(L) 19 23 29 30 24 25 31 32 26 27 33 34 28 22 21 38 37(L) 38 36 12 13  ---> 14 8(L) 14 18 17 21(L) 
1230.500000000 INFO /updateDistance [/home/wcqw/ac-slam/catkin_ws/src/cpp_solver/src/updateDistance.cpp:29(occupancyGridCallback)] [topics: /rosout, /edge_distance] Received an OccupancyGrid message!
1230.500000000 INFO /updateDistance [/home/wcqw/ac-slam/catkin_ws/src/cpp_solver/src/updateDistance.cpp:30(occupancyGridCallback)] [topics: /rosout, /edge_distance] Width: 726, Height: 733, Size: 532158
1230.500000000 INFO /updateDistance [/home/wcqw/ac-slam/catkin_ws/src/cpp_solver/src/updateDistance.cpp:32(occupancyGridCallback)] [topics: /rosout, /edge_distance] Map origin x: -7.812, y: -7.323
1230.500000000 INFO /updateDistance [/home/wcqw/ac-slam/catkin_ws/src/cpp_solver/src/updateDistance.cpp:87(occupancyGridCallback)] [topics: /rosout, /edge_distance] Free vertices size: 36
1230.500000000 INFO /updateDistance [/home/wcqw/ac-slam/catkin_ws/src/cpp_solver/src/updateDistance.cpp:128(occupancyGridCallback)] [topics: /rosout, /edge_distance] 570 edge distance updated
1230.500000000 INFO /RVIZ [/tmp/binarydeb/ros-noetic-rviz-1.14.26/src/rviz/default_plugin/map_display.cpp:604(MapDisplay::createSwatches)] [topics: /rosout, /initialpose, /goal, /clicked_point] Creating 1 swatches
1230.600000000 WARN /RVIZ [/tmp/binarydeb/ros-noetic-tf2-0.7.10/src/buffer_core.cpp:277()] [topics: /rosout, /initialpose, /goal, /clicked_point] TF_REPEATED_DATA ignoring data with redundant timestamp for frame odom (parent offset) at time 1230.600000 according to authority unknown_publisher
1230.600000000 WARN /RVIZ [/tmp/binarydeb/ros-noetic-tf2-0.7.10/src/buffer_core.cpp:277()] [topics: /rosout, /initialpose, /goal, /clicked_point] TF_REPEATED_DATA ignoring data with redundant timestamp for frame offset (parent map) at time 1230.600000 according to authority unknown_publisher
1231.000000000 INFO /Navigator [/home/wcqw/ac-slam/catkin_ws/src/cpp_solver/src/MyPlanner.cpp:481(findExplorationTarget)] [topics: /rosout, /cmd, /Navigator/plan, /Navigator/markers, /Navigator/frontiers, /Navigator/frontier_to_vertex, /Navigator/nav_goal, /Navigator/prior_map, /Navigator/visual_tsp_path, /Navigator/tsp_index, /Navigator/path_finder, /Navigator/dist_map, /finished_topic, /request_replan, /Explore/result, /Explore/feedback, /Explore/status, /MoveTo/result, /MoveTo/feedback, /MoveTo/status, /Localize/result, /Localize/feedback, /Localize/status, /GetFirstMap/result, /GetFirstMap/feedback, /GetFirstMap/status] Call local replanning...
1231.000000000 INFO /path_planner [path_planner.py:295(PathPlanner.handle_replanning)] [topics: /pose_graph_idx, /rosout, /edge_distance, /clock, /slam_pose_graph] Replanning request. curr_vertex_idx: 36
1231.000000000 INFO /path_planner [path_planner.py:296(PathPlanner.handle_replanning)] [topics: /pose_graph_idx, /rosout, /edge_distance, /clock, /slam_pose_graph]                     covered_vertices: ()
1231.000000000 INFO /path_planner [path_planner.py:310(PathPlanner.handle_replanning)] [topics: /pose_graph_idx, /rosout, /edge_distance, /clock, /slam_pose_graph] Handle local replanning...
1231.000000000 INFO /path_planner [path_planner.py:363(PathPlanner.handle_local_replanning)] [topics: /pose_graph_idx, /rosout, /edge_distance, /clock, /slam_pose_graph] Local path to replan: [13, 14, 8]
1231.000000000 INFO /path_planner [path_planner.py:322(PathPlanner.handle_replanning)] [topics: /pose_graph_idx, /rosout, /edge_distance, /clock, /slam_pose_graph] curr path length: 43, is_loop length: 43
1231.000000000 INFO /path_planner [path_planner.py:334(PathPlanner.handle_replanning)] [topics: /pose_graph_idx, /rosout, /edge_distance, /clock, /slam_pose_graph] Send new plan: 8 7 6 5 4 3 9 15 16 10 11 35 37 20 19 15(L) 19 23 29 30 24 25 31 32 26 27 33 34 28 22 21 38 37(L) 38 36 12 13  ---> 14 8(L) 14 18 17 21(L) 
1235.900000000 INFO /updateDistance [/home/wcqw/ac-slam/catkin_ws/src/cpp_solver/src/updateDistance.cpp:29(occupancyGridCallback)] [topics: /rosout, /edge_distance] Received an OccupancyGrid message!
1235.900000000 INFO /updateDistance [/home/wcqw/ac-slam/catkin_ws/src/cpp_solver/src/updateDistance.cpp:30(occupancyGridCallback)] [topics: /rosout, /edge_distance] Width: 728, Height: 733, Size: 533624
1235.900000000 INFO /updateDistance [/home/wcqw/ac-slam/catkin_ws/src/cpp_solver/src/updateDistance.cpp:32(occupancyGridCallback)] [topics: /rosout, /edge_distance] Map origin x: -8.029, y: -7.323
1235.900000000 INFO /path_planner [path_planner.py:638(PathPlanner.handle_pose_graph)] [topics: /pose_graph_idx, /rosout, /edge_distance, /clock, /slam_pose_graph] Really visited vertices: 8 7 6 5 4 3 9 15 16 35 11 35 37 20 19 15 19 23 29 30 31 25 31 32 26 27 33 34 28 22 21 38 37 35 36 12 
1235.900000000 INFO /updateDistance [/home/wcqw/ac-slam/catkin_ws/src/cpp_solver/src/updateDistance.cpp:87(occupancyGridCallback)] [topics: /rosout, /edge_distance] Free vertices size: 36
1235.900000000 INFO /updateDistance [/home/wcqw/ac-slam/catkin_ws/src/cpp_solver/src/updateDistance.cpp:128(occupancyGridCallback)] [topics: /rosout, /edge_distance] 570 edge distance updated
1235.900000000 INFO /RVIZ [/tmp/binarydeb/ros-noetic-rviz-1.14.26/src/rviz/default_plugin/map_display.cpp:604(MapDisplay::createSwatches)] [topics: /rosout, /initialpose, /goal, /clicked_point] Creating 1 swatches
1236.300000000 INFO /updateDistance [/home/wcqw/ac-slam/catkin_ws/src/cpp_solver/src/updateDistance.cpp:29(occupancyGridCallback)] [topics: /rosout, /edge_distance] Received an OccupancyGrid message!
1236.300000000 INFO /updateDistance [/home/wcqw/ac-slam/catkin_ws/src/cpp_solver/src/updateDistance.cpp:30(occupancyGridCallback)] [topics: /rosout, /edge_distance] Width: 728, Height: 733, Size: 533624
1236.300000000 INFO /updateDistance [/home/wcqw/ac-slam/catkin_ws/src/cpp_solver/src/updateDistance.cpp:32(occupancyGridCallback)] [topics: /rosout, /edge_distance] Map origin x: -8.029, y: -7.323
1236.300000000 INFO /updateDistance [/home/wcqw/ac-slam/catkin_ws/src/cpp_solver/src/updateDistance.cpp:87(occupancyGridCallback)] [topics: /rosout, /edge_distance] Free vertices size: 36
1236.300000000 INFO /updateDistance [/home/wcqw/ac-slam/catkin_ws/src/cpp_solver/src/updateDistance.cpp:128(occupancyGridCallback)] [topics: /rosout, /edge_distance] 570 edge distance updated
1237.000000000 INFO /Navigator [/home/wcqw/ac-slam/catkin_ws/src/cpp_solver/src/MyPlanner.cpp:481(findExplorationTarget)] [topics: /rosout, /cmd, /Navigator/plan, /Navigator/markers, /Navigator/frontiers, /Navigator/frontier_to_vertex, /Navigator/nav_goal, /Navigator/prior_map, /Navigator/visual_tsp_path, /Navigator/tsp_index, /Navigator/path_finder, /Navigator/dist_map, /finished_topic, /request_replan, /Explore/result, /Explore/feedback, /Explore/status, /MoveTo/result, /MoveTo/feedback, /MoveTo/status, /Localize/result, /Localize/feedback, /Localize/status, /GetFirstMap/result, /GetFirstMap/feedback, /GetFirstMap/status] Call local replanning...
1237.000000000 INFO /path_planner [path_planner.py:295(PathPlanner.handle_replanning)] [topics: /pose_graph_idx, /rosout, /edge_distance, /clock, /slam_pose_graph] Replanning request. curr_vertex_idx: 36
1237.000000000 INFO /path_planner [path_planner.py:296(PathPlanner.handle_replanning)] [topics: /pose_graph_idx, /rosout, /edge_distance, /clock, /slam_pose_graph]                     covered_vertices: ()
1237.000000000 INFO /path_planner [path_planner.py:310(PathPlanner.handle_replanning)] [topics: /pose_graph_idx, /rosout, /edge_distance, /clock, /slam_pose_graph] Handle local replanning...
1237.000000000 INFO /path_planner [path_planner.py:363(PathPlanner.handle_local_replanning)] [topics: /pose_graph_idx, /rosout, /edge_distance, /clock, /slam_pose_graph] Local path to replan: [13, 14, 8]
1237.000000000 INFO /path_planner [path_planner.py:322(PathPlanner.handle_replanning)] [topics: /pose_graph_idx, /rosout, /edge_distance, /clock, /slam_pose_graph] curr path length: 43, is_loop length: 43
1237.000000000 INFO /path_planner [path_planner.py:334(PathPlanner.handle_replanning)] [topics: /pose_graph_idx, /rosout, /edge_distance, /clock, /slam_pose_graph] Send new plan: 8 7 6 5 4 3 9 15 16 10 11 35 37 20 19 15(L) 19 23 29 30 24 25 31 32 26 27 33 34 28 22 21 38 37(L) 38 36 12 13  ---> 14 8(L) 14 18 17 21(L) 
1241.700000000 INFO /updateDistance [/home/wcqw/ac-slam/catkin_ws/src/cpp_solver/src/updateDistance.cpp:29(occupancyGridCallback)] [topics: /rosout, /edge_distance] Received an OccupancyGrid message!
1241.700000000 INFO /updateDistance [/home/wcqw/ac-slam/catkin_ws/src/cpp_solver/src/updateDistance.cpp:30(occupancyGridCallback)] [topics: /rosout, /edge_distance] Width: 728, Height: 736, Size: 535808
1241.700000000 INFO /updateDistance [/home/wcqw/ac-slam/catkin_ws/src/cpp_solver/src/updateDistance.cpp:32(occupancyGridCallback)] [topics: /rosout, /edge_distance] Map origin x: -8.029, y: -7.687
1241.700000000 INFO /path_planner [path_planner.py:638(PathPlanner.handle_pose_graph)] [topics: /pose_graph_idx, /rosout, /edge_distance, /clock, /slam_pose_graph] Really visited vertices: 8 7 6 5 4 3 9 15 16 35 11 35 37 20 19 15 19 23 29 30 31 25 31 32 26 27 33 34 28 22 21 38 37 35 36 12 
1241.700000000 INFO /RVIZ [/tmp/binarydeb/ros-noetic-rviz-1.14.26/src/rviz/default_plugin/map_display.cpp:604(MapDisplay::createSwatches)] [topics: /rosout, /initialpose, /goal, /clicked_point] Creating 1 swatches
1241.700000000 INFO /updateDistance [/home/wcqw/ac-slam/catkin_ws/src/cpp_solver/src/updateDistance.cpp:87(occupancyGridCallback)] [topics: /rosout, /edge_distance] Free vertices size: 36
1241.700000000 INFO /updateDistance [/home/wcqw/ac-slam/catkin_ws/src/cpp_solver/src/updateDistance.cpp:128(occupancyGridCallback)] [topics: /rosout, /edge_distance] 570 edge distance updated
1242.200000000 INFO /updateDistance [/home/wcqw/ac-slam/catkin_ws/src/cpp_solver/src/updateDistance.cpp:29(occupancyGridCallback)] [topics: /rosout, /edge_distance] Received an OccupancyGrid message!
1242.200000000 INFO /updateDistance [/home/wcqw/ac-slam/catkin_ws/src/cpp_solver/src/updateDistance.cpp:30(occupancyGridCallback)] [topics: /rosout, /edge_distance] Width: 728, Height: 736, Size: 535808
1242.200000000 INFO /updateDistance [/home/wcqw/ac-slam/catkin_ws/src/cpp_solver/src/updateDistance.cpp:32(occupancyGridCallback)] [topics: /rosout, /edge_distance] Map origin x: -8.029, y: -7.687
1242.200000000 INFO /updateDistance [/home/wcqw/ac-slam/catkin_ws/src/cpp_solver/src/updateDistance.cpp:87(occupancyGridCallback)] [topics: /rosout, /edge_distance] Free vertices size: 36
1242.200000000 INFO /updateDistance [/home/wcqw/ac-slam/catkin_ws/src/cpp_solver/src/updateDistance.cpp:128(occupancyGridCallback)] [topics: /rosout, /edge_distance] 570 edge distance updated
1242.900000000 INFO /Navigator [/home/wcqw/ac-slam/catkin_ws/src/cpp_solver/src/MyPlanner.cpp:481(findExplorationTarget)] [topics: /rosout, /cmd, /Navigator/plan, /Navigator/markers, /Navigator/frontiers, /Navigator/frontier_to_vertex, /Navigator/nav_goal, /Navigator/prior_map, /Navigator/visual_tsp_path, /Navigator/tsp_index, /Navigator/path_finder, /Navigator/dist_map, /finished_topic, /request_replan, /Explore/result, /Explore/feedback, /Explore/status, /MoveTo/result, /MoveTo/feedback, /MoveTo/status, /Localize/result, /Localize/feedback, /Localize/status, /GetFirstMap/result, /GetFirstMap/feedback, /GetFirstMap/status] Call local replanning...
1242.900000000 INFO /path_planner [path_planner.py:295(PathPlanner.handle_replanning)] [topics: /pose_graph_idx, /rosout, /edge_distance, /clock, /slam_pose_graph] Replanning request. curr_vertex_idx: 36
1242.900000000 INFO /path_planner [path_planner.py:296(PathPlanner.handle_replanning)] [topics: /pose_graph_idx, /rosout, /edge_distance, /clock, /slam_pose_graph]                     covered_vertices: ()
1242.900000000 INFO /path_planner [path_planner.py:310(PathPlanner.handle_replanning)] [topics: /pose_graph_idx, /rosout, /edge_distance, /clock, /slam_pose_graph] Handle local replanning...
1242.900000000 INFO /path_planner [path_planner.py:363(PathPlanner.handle_local_replanning)] [topics: /pose_graph_idx, /rosout, /edge_distance, /clock, /slam_pose_graph] Local path to replan: [13, 14, 8]
1242.900000000 INFO /path_planner [path_planner.py:322(PathPlanner.handle_replanning)] [topics: /pose_graph_idx, /rosout, /edge_distance, /clock, /slam_pose_graph] curr path length: 43, is_loop length: 43
1242.900000000 INFO /path_planner [path_planner.py:334(PathPlanner.handle_replanning)] [topics: /pose_graph_idx, /rosout, /edge_distance, /clock, /slam_pose_graph] Send new plan: 8 7 6 5 4 3 9 15 16 10 11 35 37 20 19 15(L) 19 23 29 30 24 25 31 32 26 27 33 34 28 22 21 38 37(L) 38 36 12 13  ---> 14 8(L) 14 18 17 21(L) 
1242.900000000 INFO /Navigator [/home/wcqw/ac-slam/catkin_ws/src/cpp_solver/src/MyPlanner.cpp:509(findExplorationTarget)] [topics: /rosout, /cmd, /Navigator/plan, /Navigator/markers, /Navigator/frontiers, /Navigator/frontier_to_vertex, /Navigator/nav_goal, /Navigator/prior_map, /Navigator/visual_tsp_path, /Navigator/tsp_index, /Navigator/path_finder, /Navigator/dist_map, /finished_topic, /request_replan, /Explore/result, /Explore/feedback, /Explore/status, /MoveTo/result, /MoveTo/feedback, /MoveTo/status, /Localize/result, /Localize/feedback, /Localize/status, /GetFirstMap/result, /GetFirstMap/feedback, /GetFirstMap/status] Reach vertex 13
1242.900000000 WARN /Navigator [/home/wcqw/ac-slam/catkin_ws/src/cpp_solver/src/MyPlanner.cpp:570(findExplorationTarget)] [topics: /rosout, /cmd, /Navigator/plan, /Navigator/markers, /Navigator/frontiers, /Navigator/frontier_to_vertex, /Navigator/nav_goal, /Navigator/prior_map, /Navigator/visual_tsp_path, /Navigator/tsp_index, /Navigator/path_finder, /Navigator/dist_map, /finished_topic, /request_replan, /Explore/result, /Explore/feedback, /Explore/status, /MoveTo/result, /MoveTo/feedback, /MoveTo/status, /Localize/result, /Localize/feedback, /Localize/status, /GetFirstMap/result, /GetFirstMap/feedback, /GetFirstMap/status] No frontier at vertex 13. #Frontier: 0
1242.900000000 INFO /Navigator [/home/wcqw/ac-slam/catkin_ws/src/cpp_solver/src/MyPlanner.cpp:310(getUsefulGoalIndex)] [topics: /rosout, /cmd, /Navigator/plan, /Navigator/markers, /Navigator/frontiers, /Navigator/frontier_to_vertex, /Navigator/nav_goal, /Navigator/prior_map, /Navigator/visual_tsp_path, /Navigator/tsp_index, /Navigator/path_finder, /Navigator/dist_map, /finished_topic, /request_replan, /Explore/result, /Explore/feedback, /Explore/status, /MoveTo/result, /MoveTo/feedback, /MoveTo/status, /Localize/result, /Localize/feedback, /Localize/status, /GetFirstMap/result, /GetFirstMap/feedback, /GetFirstMap/status] Set newGoal 14
1248.500000000 INFO /updateDistance [/home/wcqw/ac-slam/catkin_ws/src/cpp_solver/src/updateDistance.cpp:29(occupancyGridCallback)] [topics: /rosout, /edge_distance] Received an OccupancyGrid message!
1248.500000000 INFO /updateDistance [/home/wcqw/ac-slam/catkin_ws/src/cpp_solver/src/updateDistance.cpp:30(occupancyGridCallback)] [topics: /rosout, /edge_distance] Width: 728, Height: 736, Size: 535808
1248.500000000 INFO /updateDistance [/home/wcqw/ac-slam/catkin_ws/src/cpp_solver/src/updateDistance.cpp:32(occupancyGridCallback)] [topics: /rosout, /edge_distance] Map origin x: -8.029, y: -7.687
1248.500000000 INFO /path_planner [path_planner.py:638(PathPlanner.handle_pose_graph)] [topics: /pose_graph_idx, /rosout, /edge_distance, /clock, /slam_pose_graph] Really visited vertices: 8 7 6 5 4 3 9 15 16 35 11 35 37 20 19 15 19 23 29 30 31 25 31 32 26 27 33 34 28 22 21 38 37 35 36 12 13 
1248.500000000 INFO /updateDistance [/home/wcqw/ac-slam/catkin_ws/src/cpp_solver/src/updateDistance.cpp:87(occupancyGridCallback)] [topics: /rosout, /edge_distance] Free vertices size: 36
1248.500000000 INFO /updateDistance [/home/wcqw/ac-slam/catkin_ws/src/cpp_solver/src/updateDistance.cpp:128(occupancyGridCallback)] [topics: /rosout, /edge_distance] 570 edge distance updated
1248.500000000 INFO /updateDistance [/home/wcqw/ac-slam/catkin_ws/src/cpp_solver/src/updateDistance.cpp:29(occupancyGridCallback)] [topics: /rosout, /edge_distance] Received an OccupancyGrid message!
1248.500000000 INFO /updateDistance [/home/wcqw/ac-slam/catkin_ws/src/cpp_solver/src/updateDistance.cpp:30(occupancyGridCallback)] [topics: /rosout, /edge_distance] Width: 728, Height: 736, Size: 535808
1248.500000000 INFO /updateDistance [/home/wcqw/ac-slam/catkin_ws/src/cpp_solver/src/updateDistance.cpp:32(occupancyGridCallback)] [topics: /rosout, /edge_distance] Map origin x: -8.029, y: -7.687
1248.500000000 INFO /updateDistance [/home/wcqw/ac-slam/catkin_ws/src/cpp_solver/src/updateDistance.cpp:87(occupancyGridCallback)] [topics: /rosout, /edge_distance] Free vertices size: 36
1248.500000000 INFO /updateDistance [/home/wcqw/ac-slam/catkin_ws/src/cpp_solver/src/updateDistance.cpp:128(occupancyGridCallback)] [topics: /rosout, /edge_distance] 570 edge distance updated
1249.000000000 INFO /Navigator [/home/wcqw/ac-slam/catkin_ws/src/cpp_solver/src/MyPlanner.cpp:481(findExplorationTarget)] [topics: /rosout, /cmd, /Navigator/plan, /Navigator/markers, /Navigator/frontiers, /Navigator/frontier_to_vertex, /Navigator/nav_goal, /Navigator/prior_map, /Navigator/visual_tsp_path, /Navigator/tsp_index, /Navigator/path_finder, /Navigator/dist_map, /finished_topic, /request_replan, /Explore/result, /Explore/feedback, /Explore/status, /MoveTo/result, /MoveTo/feedback, /MoveTo/status, /Localize/result, /Localize/feedback, /Localize/status, /GetFirstMap/result, /GetFirstMap/feedback, /GetFirstMap/status] Call local replanning...
1249.000000000 INFO /path_planner [path_planner.py:295(PathPlanner.handle_replanning)] [topics: /pose_graph_idx, /rosout, /edge_distance, /clock, /slam_pose_graph] Replanning request. curr_vertex_idx: 37
1249.000000000 INFO /path_planner [path_planner.py:296(PathPlanner.handle_replanning)] [topics: /pose_graph_idx, /rosout, /edge_distance, /clock, /slam_pose_graph]                     covered_vertices: ()
1249.000000000 INFO /path_planner [path_planner.py:310(PathPlanner.handle_replanning)] [topics: /pose_graph_idx, /rosout, /edge_distance, /clock, /slam_pose_graph] Handle local replanning...
1249.000000000 INFO /path_planner [path_planner.py:363(PathPlanner.handle_local_replanning)] [topics: /pose_graph_idx, /rosout, /edge_distance, /clock, /slam_pose_graph] Local path to replan: [14, 8]
1249.000000000 INFO /path_planner [path_planner.py:322(PathPlanner.handle_replanning)] [topics: /pose_graph_idx, /rosout, /edge_distance, /clock, /slam_pose_graph] curr path length: 43, is_loop length: 43
1249.000000000 INFO /path_planner [path_planner.py:334(PathPlanner.handle_replanning)] [topics: /pose_graph_idx, /rosout, /edge_distance, /clock, /slam_pose_graph] Send new plan: 8 7 6 5 4 3 9 15 16 10 11 35 37 20 19 15(L) 19 23 29 30 24 25 31 32 26 27 33 34 28 22 21 38 37(L) 38 36 12 13 14  ---> 8(L) 14 18 17 21(L) 
1254.400000000 INFO /updateDistance [/home/wcqw/ac-slam/catkin_ws/src/cpp_solver/src/updateDistance.cpp:29(occupancyGridCallback)] [topics: /rosout, /edge_distance] Received an OccupancyGrid message!
1254.400000000 INFO /updateDistance [/home/wcqw/ac-slam/catkin_ws/src/cpp_solver/src/updateDistance.cpp:30(occupancyGridCallback)] [topics: /rosout, /edge_distance] Width: 728, Height: 738, Size: 537264
1254.400000000 INFO /updateDistance [/home/wcqw/ac-slam/catkin_ws/src/cpp_solver/src/updateDistance.cpp:32(occupancyGridCallback)] [topics: /rosout, /edge_distance] Map origin x: -8.029, y: -7.843
1254.400000000 INFO /RVIZ [/tmp/binarydeb/ros-noetic-rviz-1.14.26/src/rviz/default_plugin/map_display.cpp:604(MapDisplay::createSwatches)] [topics: /rosout, /initialpose, /goal, /clicked_point] Creating 1 swatches
1254.400000000 INFO /updateDistance [/home/wcqw/ac-slam/catkin_ws/src/cpp_solver/src/updateDistance.cpp:87(occupancyGridCallback)] [topics: /rosout, /edge_distance] Free vertices size: 36
1254.400000000 INFO /updateDistance [/home/wcqw/ac-slam/catkin_ws/src/cpp_solver/src/updateDistance.cpp:128(occupancyGridCallback)] [topics: /rosout, /edge_distance] 570 edge distance updated
1254.900000000 INFO /Navigator [/home/wcqw/ac-slam/catkin_ws/src/cpp_solver/src/MyPlanner.cpp:481(findExplorationTarget)] [topics: /rosout, /cmd, /Navigator/plan, /Navigator/markers, /Navigator/frontiers, /Navigator/frontier_to_vertex, /Navigator/nav_goal, /Navigator/prior_map, /Navigator/visual_tsp_path, /Navigator/tsp_index, /Navigator/path_finder, /Navigator/dist_map, /finished_topic, /request_replan, /Explore/result, /Explore/feedback, /Explore/status, /MoveTo/result, /MoveTo/feedback, /MoveTo/status, /Localize/result, /Localize/feedback, /Localize/status, /GetFirstMap/result, /GetFirstMap/feedback, /GetFirstMap/status] Call local replanning...
1254.900000000 INFO /path_planner [path_planner.py:295(PathPlanner.handle_replanning)] [topics: /pose_graph_idx, /rosout, /edge_distance, /clock, /slam_pose_graph] Replanning request. curr_vertex_idx: 37
1254.900000000 INFO /path_planner [path_planner.py:296(PathPlanner.handle_replanning)] [topics: /pose_graph_idx, /rosout, /edge_distance, /clock, /slam_pose_graph]                     covered_vertices: ()
1254.900000000 INFO /path_planner [path_planner.py:310(PathPlanner.handle_replanning)] [topics: /pose_graph_idx, /rosout, /edge_distance, /clock, /slam_pose_graph] Handle local replanning...
1254.900000000 INFO /path_planner [path_planner.py:363(PathPlanner.handle_local_replanning)] [topics: /pose_graph_idx, /rosout, /edge_distance, /clock, /slam_pose_graph] Local path to replan: [14, 8]
1254.900000000 INFO /path_planner [path_planner.py:322(PathPlanner.handle_replanning)] [topics: /pose_graph_idx, /rosout, /edge_distance, /clock, /slam_pose_graph] curr path length: 43, is_loop length: 43
1254.900000000 INFO /path_planner [path_planner.py:334(PathPlanner.handle_replanning)] [topics: /pose_graph_idx, /rosout, /edge_distance, /clock, /slam_pose_graph] Send new plan: 8 7 6 5 4 3 9 15 16 10 11 35 37 20 19 15(L) 19 23 29 30 24 25 31 32 26 27 33 34 28 22 21 38 37(L) 38 36 12 13 14  ---> 8(L) 14 18 17 21(L) 
1260.000000000 INFO /updateDistance [/home/wcqw/ac-slam/catkin_ws/src/cpp_solver/src/updateDistance.cpp:29(occupancyGridCallback)] [topics: /rosout, /edge_distance] Received an OccupancyGrid message!
1260.000000000 INFO /updateDistance [/home/wcqw/ac-slam/catkin_ws/src/cpp_solver/src/updateDistance.cpp:30(occupancyGridCallback)] [topics: /rosout, /edge_distance] Width: 728, Height: 738, Size: 537264
1260.000000000 INFO /updateDistance [/home/wcqw/ac-slam/catkin_ws/src/cpp_solver/src/updateDistance.cpp:32(occupancyGridCallback)] [topics: /rosout, /edge_distance] Map origin x: -8.029, y: -7.865
1260.000000000 INFO /path_planner [path_planner.py:638(PathPlanner.handle_pose_graph)] [topics: /pose_graph_idx, /rosout, /edge_distance, /clock, /slam_pose_graph] Really visited vertices: 8 7 6 5 4 3 9 15 16 35 11 35 37 20 19 15 19 23 29 30 31 25 31 32 26 27 33 34 28 22 21 38 37 35 36 12 13 14 
1260.000000000 INFO /updateDistance [/home/wcqw/ac-slam/catkin_ws/src/cpp_solver/src/updateDistance.cpp:87(occupancyGridCallback)] [topics: /rosout, /edge_distance] Free vertices size: 36
1260.000000000 INFO /updateDistance [/home/wcqw/ac-slam/catkin_ws/src/cpp_solver/src/updateDistance.cpp:128(occupancyGridCallback)] [topics: /rosout, /edge_distance] 570 edge distance updated
1260.300000000 INFO /updateDistance [/home/wcqw/ac-slam/catkin_ws/src/cpp_solver/src/updateDistance.cpp:29(occupancyGridCallback)] [topics: /rosout, /edge_distance] Received an OccupancyGrid message!
1260.300000000 INFO /updateDistance [/home/wcqw/ac-slam/catkin_ws/src/cpp_solver/src/updateDistance.cpp:30(occupancyGridCallback)] [topics: /rosout, /edge_distance] Width: 728, Height: 738, Size: 537264
1260.300000000 INFO /updateDistance [/home/wcqw/ac-slam/catkin_ws/src/cpp_solver/src/updateDistance.cpp:32(occupancyGridCallback)] [topics: /rosout, /edge_distance] Map origin x: -8.029, y: -7.865
1260.300000000 INFO /updateDistance [/home/wcqw/ac-slam/catkin_ws/src/cpp_solver/src/updateDistance.cpp:87(occupancyGridCallback)] [topics: /rosout, /edge_distance] Free vertices size: 36
1260.300000000 INFO /updateDistance [/home/wcqw/ac-slam/catkin_ws/src/cpp_solver/src/updateDistance.cpp:128(occupancyGridCallback)] [topics: /rosout, /edge_distance] 570 edge distance updated
1260.800000000 INFO /Navigator [/home/wcqw/ac-slam/catkin_ws/src/cpp_solver/src/MyPlanner.cpp:481(findExplorationTarget)] [topics: /rosout, /cmd, /Navigator/plan, /Navigator/markers, /Navigator/frontiers, /Navigator/frontier_to_vertex, /Navigator/nav_goal, /Navigator/prior_map, /Navigator/visual_tsp_path, /Navigator/tsp_index, /Navigator/path_finder, /Navigator/dist_map, /finished_topic, /request_replan, /Explore/result, /Explore/feedback, /Explore/status, /MoveTo/result, /MoveTo/feedback, /MoveTo/status, /Localize/result, /Localize/feedback, /Localize/status, /GetFirstMap/result, /GetFirstMap/feedback, /GetFirstMap/status] Call local replanning...
1260.800000000 INFO /path_planner [path_planner.py:295(PathPlanner.handle_replanning)] [topics: /pose_graph_idx, /rosout, /edge_distance, /clock, /slam_pose_graph] Replanning request. curr_vertex_idx: 37
1260.800000000 INFO /path_planner [path_planner.py:296(PathPlanner.handle_replanning)] [topics: /pose_graph_idx, /rosout, /edge_distance, /clock, /slam_pose_graph]                     covered_vertices: ()
1260.800000000 INFO /path_planner [path_planner.py:310(PathPlanner.handle_replanning)] [topics: /pose_graph_idx, /rosout, /edge_distance, /clock, /slam_pose_graph] Handle local replanning...
1260.800000000 INFO /path_planner [path_planner.py:363(PathPlanner.handle_local_replanning)] [topics: /pose_graph_idx, /rosout, /edge_distance, /clock, /slam_pose_graph] Local path to replan: [14, 8]
1260.800000000 INFO /path_planner [path_planner.py:322(PathPlanner.handle_replanning)] [topics: /pose_graph_idx, /rosout, /edge_distance, /clock, /slam_pose_graph] curr path length: 43, is_loop length: 43
1260.800000000 INFO /path_planner [path_planner.py:334(PathPlanner.handle_replanning)] [topics: /pose_graph_idx, /rosout, /edge_distance, /clock, /slam_pose_graph] Send new plan: 8 7 6 5 4 3 9 15 16 10 11 35 37 20 19 15(L) 19 23 29 30 24 25 31 32 26 27 33 34 28 22 21 38 37(L) 38 36 12 13 14  ---> 8(L) 14 18 17 21(L) 
1260.800000000 INFO /Navigator [/home/wcqw/ac-slam/catkin_ws/src/cpp_solver/src/MyPlanner.cpp:509(findExplorationTarget)] [topics: /rosout, /cmd, /Navigator/plan, /Navigator/markers, /Navigator/frontiers, /Navigator/frontier_to_vertex, /Navigator/nav_goal, /Navigator/prior_map, /Navigator/visual_tsp_path, /Navigator/tsp_index, /Navigator/path_finder, /Navigator/dist_map, /finished_topic, /request_replan, /Explore/result, /Explore/feedback, /Explore/status, /MoveTo/result, /MoveTo/feedback, /MoveTo/status, /Localize/result, /Localize/feedback, /Localize/status, /GetFirstMap/result, /GetFirstMap/feedback, /GetFirstMap/status] Reach vertex 14
1260.800000000 INFO /Navigator [/home/wcqw/ac-slam/catkin_ws/src/cpp_solver/src/MyPlanner.cpp:613(findExplorationTarget)] [topics: /rosout, /cmd, /Navigator/plan, /Navigator/markers, /Navigator/frontiers, /Navigator/frontier_to_vertex, /Navigator/nav_goal, /Navigator/prior_map, /Navigator/visual_tsp_path, /Navigator/tsp_index, /Navigator/path_finder, /Navigator/dist_map, /finished_topic, /request_replan, /Explore/result, /Explore/feedback, /Explore/status, /MoveTo/result, /MoveTo/feedback, /MoveTo/status, /Localize/result, /Localize/feedback, /Localize/status, /GetFirstMap/result, /GetFirstMap/feedback, /GetFirstMap/status] Explore Goal 14 's frontiers...
1266.400000000 INFO /updateDistance [/home/wcqw/ac-slam/catkin_ws/src/cpp_solver/src/updateDistance.cpp:29(occupancyGridCallback)] [topics: /rosout, /edge_distance] Received an OccupancyGrid message!
1266.400000000 INFO /updateDistance [/home/wcqw/ac-slam/catkin_ws/src/cpp_solver/src/updateDistance.cpp:30(occupancyGridCallback)] [topics: /rosout, /edge_distance] Width: 728, Height: 740, Size: 538720
1266.400000000 INFO /updateDistance [/home/wcqw/ac-slam/catkin_ws/src/cpp_solver/src/updateDistance.cpp:32(occupancyGridCallback)] [topics: /rosout, /edge_distance] Map origin x: -8.029, y: -8.027
1266.400000000 INFO /updateDistance [/home/wcqw/ac-slam/catkin_ws/src/cpp_solver/src/updateDistance.cpp:87(occupancyGridCallback)] [topics: /rosout, /edge_distance] Free vertices size: 36
1266.400000000 INFO /updateDistance [/home/wcqw/ac-slam/catkin_ws/src/cpp_solver/src/updateDistance.cpp:128(occupancyGridCallback)] [topics: /rosout, /edge_distance] 570 edge distance updated
1266.400000000 INFO /RVIZ [/tmp/binarydeb/ros-noetic-rviz-1.14.26/src/rviz/default_plugin/map_display.cpp:604(MapDisplay::createSwatches)] [topics: /rosout, /initialpose, /goal, /clicked_point] Creating 1 swatches
1267.200000000 INFO /Navigator [/home/wcqw/ac-slam/catkin_ws/src/cpp_solver/src/MyPlanner.cpp:481(findExplorationTarget)] [topics: /rosout, /cmd, /Navigator/plan, /Navigator/markers, /Navigator/frontiers, /Navigator/frontier_to_vertex, /Navigator/nav_goal, /Navigator/prior_map, /Navigator/visual_tsp_path, /Navigator/tsp_index, /Navigator/path_finder, /Navigator/dist_map, /finished_topic, /request_replan, /Explore/result, /Explore/feedback, /Explore/status, /MoveTo/result, /MoveTo/feedback, /MoveTo/status, /Localize/result, /Localize/feedback, /Localize/status, /GetFirstMap/result, /GetFirstMap/feedback, /GetFirstMap/status] Call local replanning...
1267.200000000 INFO /path_planner [path_planner.py:295(PathPlanner.handle_replanning)] [topics: /pose_graph_idx, /rosout, /edge_distance, /clock, /slam_pose_graph] Replanning request. curr_vertex_idx: 37
1267.200000000 INFO /path_planner [path_planner.py:296(PathPlanner.handle_replanning)] [topics: /pose_graph_idx, /rosout, /edge_distance, /clock, /slam_pose_graph]                     covered_vertices: ()
1267.200000000 INFO /path_planner [path_planner.py:310(PathPlanner.handle_replanning)] [topics: /pose_graph_idx, /rosout, /edge_distance, /clock, /slam_pose_graph] Handle local replanning...
1267.200000000 INFO /path_planner [path_planner.py:363(PathPlanner.handle_local_replanning)] [topics: /pose_graph_idx, /rosout, /edge_distance, /clock, /slam_pose_graph] Local path to replan: [14, 8]
1267.200000000 INFO /path_planner [path_planner.py:322(PathPlanner.handle_replanning)] [topics: /pose_graph_idx, /rosout, /edge_distance, /clock, /slam_pose_graph] curr path length: 43, is_loop length: 43
1267.200000000 INFO /path_planner [path_planner.py:334(PathPlanner.handle_replanning)] [topics: /pose_graph_idx, /rosout, /edge_distance, /clock, /slam_pose_graph] Send new plan: 8 7 6 5 4 3 9 15 16 10 11 35 37 20 19 15(L) 19 23 29 30 24 25 31 32 26 27 33 34 28 22 21 38 37(L) 38 36 12 13 14  ---> 8(L) 14 18 17 21(L) 
1267.200000000 WARN /Navigator [/home/wcqw/ac-slam/catkin_ws/src/cpp_solver/src/MyPlanner.cpp:570(findExplorationTarget)] [topics: /rosout, /cmd, /Navigator/plan, /Navigator/markers, /Navigator/frontiers, /Navigator/frontier_to_vertex, /Navigator/nav_goal, /Navigator/prior_map, /Navigator/visual_tsp_path, /Navigator/tsp_index, /Navigator/path_finder, /Navigator/dist_map, /finished_topic, /request_replan, /Explore/result, /Explore/feedback, /Explore/status, /MoveTo/result, /MoveTo/feedback, /MoveTo/status, /Localize/result, /Localize/feedback, /Localize/status, /GetFirstMap/result, /GetFirstMap/feedback, /GetFirstMap/status] No frontier at vertex 14. #Frontier: 0
1267.200000000 INFO /Navigator [/home/wcqw/ac-slam/catkin_ws/src/cpp_solver/src/MyPlanner.cpp:310(getUsefulGoalIndex)] [topics: /rosout, /cmd, /Navigator/plan, /Navigator/markers, /Navigator/frontiers, /Navigator/frontier_to_vertex, /Navigator/nav_goal, /Navigator/prior_map, /Navigator/visual_tsp_path, /Navigator/tsp_index, /Navigator/path_finder, /Navigator/dist_map, /finished_topic, /request_replan, /Explore/result, /Explore/feedback, /Explore/status, /MoveTo/result, /MoveTo/feedback, /MoveTo/status, /Localize/result, /Localize/feedback, /Localize/status, /GetFirstMap/result, /GetFirstMap/feedback, /GetFirstMap/status] Set newGoal 8
1267.300000000 WARN /Navigator [/home/wcqw/ac-slam/catkin_ws/src/navigation_2d/nav2d_navigator/src/RobotNavigator.cpp:926(receiveExploreGoal)] [topics: /rosout, /cmd, /Navigator/plan, /Navigator/markers, /Navigator/frontiers, /Navigator/frontier_to_vertex, /Navigator/nav_goal, /Navigator/prior_map, /Navigator/visual_tsp_path, /Navigator/tsp_index, /Navigator/path_finder, /Navigator/dist_map, /finished_topic, /request_replan, /Explore/result, /Explore/feedback, /Explore/status, /MoveTo/result, /MoveTo/feedback, /MoveTo/status, /Localize/result, /Localize/feedback, /Localize/status, /GetFirstMap/result, /GetFirstMap/feedback, /GetFirstMap/status] Missed desired rate of 1.00Hz! Loop actually took 1.1000 seconds!
1271.700000000 INFO /updateDistance [/home/wcqw/ac-slam/catkin_ws/src/cpp_solver/src/updateDistance.cpp:29(occupancyGridCallback)] [topics: /rosout, /edge_distance] Received an OccupancyGrid message!
1271.700000000 INFO /updateDistance [/home/wcqw/ac-slam/catkin_ws/src/cpp_solver/src/updateDistance.cpp:30(occupancyGridCallback)] [topics: /rosout, /edge_distance] Width: 728, Height: 740, Size: 538720
1271.700000000 INFO /updateDistance [/home/wcqw/ac-slam/catkin_ws/src/cpp_solver/src/updateDistance.cpp:32(occupancyGridCallback)] [topics: /rosout, /edge_distance] Map origin x: -8.029, y: -8.027
1271.700000000 INFO /path_planner [path_planner.py:638(PathPlanner.handle_pose_graph)] [topics: /pose_graph_idx, /rosout, /edge_distance, /clock, /slam_pose_graph] Really visited vertices: 8 7 6 5 4 3 9 15 16 35 11 35 37 20 19 15 19 23 29 30 31 25 31 32 26 27 33 34 28 22 21 38 37 35 36 12 13 14 
1271.700000000 INFO /updateDistance [/home/wcqw/ac-slam/catkin_ws/src/cpp_solver/src/updateDistance.cpp:87(occupancyGridCallback)] [topics: /rosout, /edge_distance] Free vertices size: 36
1271.700000000 INFO /updateDistance [/home/wcqw/ac-slam/catkin_ws/src/cpp_solver/src/updateDistance.cpp:128(occupancyGridCallback)] [topics: /rosout, /edge_distance] 570 edge distance updated
1272.300000000 INFO /updateDistance [/home/wcqw/ac-slam/catkin_ws/src/cpp_solver/src/updateDistance.cpp:29(occupancyGridCallback)] [topics: /rosout, /edge_distance] Received an OccupancyGrid message!
1272.300000000 INFO /updateDistance [/home/wcqw/ac-slam/catkin_ws/src/cpp_solver/src/updateDistance.cpp:30(occupancyGridCallback)] [topics: /rosout, /edge_distance] Width: 728, Height: 740, Size: 538720
1272.300000000 INFO /updateDistance [/home/wcqw/ac-slam/catkin_ws/src/cpp_solver/src/updateDistance.cpp:32(occupancyGridCallback)] [topics: /rosout, /edge_distance] Map origin x: -8.029, y: -8.027
1272.300000000 INFO /updateDistance [/home/wcqw/ac-slam/catkin_ws/src/cpp_solver/src/updateDistance.cpp:87(occupancyGridCallback)] [topics: /rosout, /edge_distance] Free vertices size: 36
1272.300000000 INFO /updateDistance [/home/wcqw/ac-slam/catkin_ws/src/cpp_solver/src/updateDistance.cpp:128(occupancyGridCallback)] [topics: /rosout, /edge_distance] 570 edge distance updated
1272.800000000 INFO /Navigator [/home/wcqw/ac-slam/catkin_ws/src/cpp_solver/src/MyPlanner.cpp:496(findExplorationTarget)] [topics: /rosout, /cmd, /Navigator/plan, /Navigator/markers, /Navigator/frontiers, /Navigator/frontier_to_vertex, /Navigator/nav_goal, /Navigator/prior_map, /Navigator/visual_tsp_path, /Navigator/tsp_index, /Navigator/path_finder, /Navigator/dist_map, /finished_topic, /request_replan, /Explore/result, /Explore/feedback, /Explore/status, /MoveTo/result, /MoveTo/feedback, /MoveTo/status, /Localize/result, /Localize/feedback, /Localize/status, /GetFirstMap/result, /GetFirstMap/feedback, /GetFirstMap/status] Next target is loop vertex 8(L)
1272.800000000 INFO /Navigator [/home/wcqw/ac-slam/catkin_ws/src/cpp_solver/src/MyPlanner.cpp:223(setReliableLoopPath)] [topics: /rosout, /cmd, /Navigator/plan, /Navigator/markers, /Navigator/frontiers, /Navigator/frontier_to_vertex, /Navigator/nav_goal, /Navigator/prior_map, /Navigator/visual_tsp_path, /Navigator/tsp_index, /Navigator/path_finder, /Navigator/dist_map, /finished_topic, /request_replan, /Explore/result, /Explore/feedback, /Explore/status, /MoveTo/result, /MoveTo/feedback, /MoveTo/status, /Localize/result, /Localize/feedback, /Localize/status, /GetFirstMap/result, /GetFirstMap/feedback, /GetFirstMap/status] Set reliable loop closing path from reliable_loop_service.
1272.800000000 INFO /Navigator [/home/wcqw/ac-slam/catkin_ws/src/cpp_solver/src/MyPlanner.cpp:255(setReliableLoopPath)] [topics: /rosout, /cmd, /Navigator/plan, /Navigator/markers, /Navigator/frontiers, /Navigator/frontier_to_vertex, /Navigator/nav_goal, /Navigator/prior_map, /Navigator/visual_tsp_path, /Navigator/tsp_index, /Navigator/path_finder, /Navigator/dist_map, /finished_topic, /request_replan, /Explore/result, /Explore/feedback, /Explore/status, /MoveTo/result, /MoveTo/feedback, /MoveTo/status, /Localize/result, /Localize/feedback, /Localize/status, /GetFirstMap/result, /GetFirstMap/feedback, /GetFirstMap/status] PHASE2_LOOP_PLANNED vertex=8 source=reliable_loop_service waypoints=7 path=0.200000003,0;0.984817147,-0.132928491;0.88575834,-0.191028625;0.767600656,-0.187576994;0.679549158,-0.108709507;0.65140903,0.00610027043;0.691616058,0.120383628
1272.800000000 INFO /Navigator [/home/wcqw/ac-slam/catkin_ws/src/navigation_2d/nav2d_navigator/src/RobotNavigator.cpp:878(receiveExploreGoal)] [topics: /rosout, /cmd, /Navigator/plan, /Navigator/markers, /Navigator/frontiers, /Navigator/frontier_to_vertex, /Navigator/nav_goal, /Navigator/prior_map, /Navigator/visual_tsp_path, /Navigator/tsp_index, /Navigator/path_finder, /Navigator/dist_map, /finished_topic, /request_replan, /Explore/result, /Explore/feedback, /Explore/status, /MoveTo/result, /MoveTo/feedback, /MoveTo/status, /Localize/result, /Localize/feedback, /Localize/status, /GetFirstMap/result, /GetFirstMap/feedback, /GetFirstMap/status] Exploration is waiting.
1278.600000000 INFO /updateDistance [/home/wcqw/ac-slam/catkin_ws/src/cpp_solver/src/updateDistance.cpp:29(occupancyGridCallback)] [topics: /rosout, /edge_distance] Received an OccupancyGrid message!
1278.600000000 INFO /updateDistance [/home/wcqw/ac-slam/catkin_ws/src/cpp_solver/src/updateDistance.cpp:30(occupancyGridCallback)] [topics: /rosout, /edge_distance] Width: 728, Height: 740, Size: 538720
1278.600000000 INFO /updateDistance [/home/wcqw/ac-slam/catkin_ws/src/cpp_solver/src/updateDistance.cpp:32(occupancyGridCallback)] [topics: /rosout, /edge_distance] Map origin x: -8.029, y: -8.027
1278.600000000 INFO /updateDistance [/home/wcqw/ac-slam/catkin_ws/src/cpp_solver/src/updateDistance.cpp:87(occupancyGridCallback)] [topics: /rosout, /edge_distance] Free vertices size: 36
1278.600000000 INFO /updateDistance [/home/wcqw/ac-slam/catkin_ws/src/cpp_solver/src/updateDistance.cpp:128(occupancyGridCallback)] [topics: /rosout, /edge_distance] 570 edge distance updated
1279.100000000 INFO /Navigator [/home/wcqw/ac-slam/catkin_ws/src/cpp_solver/src/MyPlanner.cpp:326(performReliableLooping)] [topics: /rosout, /cmd, /Navigator/plan, /Navigator/markers, /Navigator/frontiers, /Navigator/frontier_to_vertex, /Navigator/nav_goal, /Navigator/prior_map, /Navigator/visual_tsp_path, /Navigator/tsp_index, /Navigator/path_finder, /Navigator/dist_map, /finished_topic, /request_replan, /Explore/result, /Explore/feedback, /Explore/status, /MoveTo/result, /MoveTo/feedback, /MoveTo/status, /Localize/result, /Localize/feedback, /Localize/status, /GetFirstMap/result, /GetFirstMap/feedback, /GetFirstMap/status] PHASE2_LOOP_EXECUTION_STARTED vertex=8 waypoints=7
1281.400000000 INFO /updateDistance [/home/wcqw/ac-slam/catkin_ws/src/cpp_solver/src/updateDistance.cpp:29(occupancyGridCallback)] [topics: /rosout, /edge_distance] Received an OccupancyGrid message!
1281.400000000 INFO /updateDistance [/home/wcqw/ac-slam/catkin_ws/src/cpp_solver/src/updateDistance.cpp:30(occupancyGridCallback)] [topics: /rosout, /edge_distance] Width: 728, Height: 740, Size: 538720
1281.400000000 INFO /updateDistance [/home/wcqw/ac-slam/catkin_ws/src/cpp_solver/src/updateDistance.cpp:32(occupancyGridCallback)] [topics: /rosout, /edge_distance] Map origin x: -8.029, y: -8.027
1281.400000000 INFO /updateDistance [/home/wcqw/ac-slam/catkin_ws/src/cpp_solver/src/updateDistance.cpp:87(occupancyGridCallback)] [topics: /rosout, /edge_distance] Free vertices size: 36
1281.400000000 INFO /updateDistance [/home/wcqw/ac-slam/catkin_ws/src/cpp_solver/src/updateDistance.cpp:128(occupancyGridCallback)] [topics: /rosout, /edge_distance] 570 edge distance updated
1283.500000000 INFO /updateDistance [/home/wcqw/ac-slam/catkin_ws/src/cpp_solver/src/updateDistance.cpp:29(occupancyGridCallback)] [topics: /rosout, /edge_distance] Received an OccupancyGrid message!
1283.500000000 INFO /updateDistance [/home/wcqw/ac-slam/catkin_ws/src/cpp_solver/src/updateDistance.cpp:30(occupancyGridCallback)] [topics: /rosout, /edge_distance] Width: 728, Height: 740, Size: 538720
1283.500000000 INFO /updateDistance [/home/wcqw/ac-slam/catkin_ws/src/cpp_solver/src/updateDistance.cpp:32(occupancyGridCallback)] [topics: /rosout, /edge_distance] Map origin x: -8.029, y: -8.027
1283.500000000 WARN /RVIZ [/tmp/binarydeb/ros-noetic-tf2-0.7.10/src/buffer_core.cpp:277()] [topics: /rosout, /initialpose, /goal, /clicked_point] TF_REPEATED_DATA ignoring data with redundant timestamp for frame odom (parent offset) at time 1283.500000 according to authority unknown_publisher
1283.500000000 WARN /RVIZ [/tmp/binarydeb/ros-noetic-tf2-0.7.10/src/buffer_core.cpp:277()] [topics: /rosout, /initialpose, /goal, /clicked_point] TF_REPEATED_DATA ignoring data with redundant timestamp for frame offset (parent map) at time 1283.500000 according to authority unknown_publisher
1283.500000000 INFO /updateDistance [/home/wcqw/ac-slam/catkin_ws/src/cpp_solver/src/updateDistance.cpp:87(occupancyGridCallback)] [topics: /rosout, /edge_distance] Free vertices size: 36
1283.500000000 INFO /updateDistance [/home/wcqw/ac-slam/catkin_ws/src/cpp_solver/src/updateDistance.cpp:128(occupancyGridCallback)] [topics: /rosout, /edge_distance] 570 edge distance updated
1285.500000000 INFO /updateDistance [/home/wcqw/ac-slam/catkin_ws/src/cpp_solver/src/updateDistance.cpp:29(occupancyGridCallback)] [topics: /rosout, /edge_distance] Received an OccupancyGrid message!
1285.500000000 INFO /updateDistance [/home/wcqw/ac-slam/catkin_ws/src/cpp_solver/src/updateDistance.cpp:30(occupancyGridCallback)] [topics: /rosout, /edge_distance] Width: 728, Height: 740, Size: 538720
1285.500000000 INFO /updateDistance [/home/wcqw/ac-slam/catkin_ws/src/cpp_solver/src/updateDistance.cpp:32(occupancyGridCallback)] [topics: /rosout, /edge_distance] Map origin x: -8.029, y: -8.027
1285.500000000 WARN /RVIZ [/tmp/binarydeb/ros-noetic-tf2-0.7.10/src/buffer_core.cpp:277()] [topics: /rosout, /initialpose, /goal, /clicked_point] TF_REPEATED_DATA ignoring data with redundant timestamp for frame odom (parent offset) at time 1285.500000 according to authority unknown_publisher
1285.500000000 WARN /RVIZ [/tmp/binarydeb/ros-noetic-tf2-0.7.10/src/buffer_core.cpp:277()] [topics: /rosout, /initialpose, /goal, /clicked_point] TF_REPEATED_DATA ignoring data with redundant timestamp for frame offset (parent map) at time 1285.500000 according to authority unknown_publisher
1285.600000000 INFO /updateDistance [/home/wcqw/ac-slam/catkin_ws/src/cpp_solver/src/updateDistance.cpp:87(occupancyGridCallback)] [topics: /rosout, /edge_distance] Free vertices size: 36
1285.600000000 INFO /updateDistance [/home/wcqw/ac-slam/catkin_ws/src/cpp_solver/src/updateDistance.cpp:128(occupancyGridCallback)] [topics: /rosout, /edge_distance] 570 edge distance updated
1286.300000000 INFO /Navigator [/home/wcqw/ac-slam/catkin_ws/src/cpp_solver/src/MyPlanner.cpp:332(performReliableLooping)] [topics: /rosout, /cmd, /Navigator/plan, /Navigator/markers, /Navigator/frontiers, /Navigator/frontier_to_vertex, /Navigator/nav_goal, /Navigator/prior_map, /Navigator/visual_tsp_path, /Navigator/tsp_index, /Navigator/path_finder, /Navigator/dist_map, /finished_topic, /request_replan, /Explore/result, /Explore/feedback, /Explore/status, /MoveTo/result, /MoveTo/feedback, /MoveTo/status, /Localize/result, /Localize/feedback, /Localize/status, /GetFirstMap/result, /GetFirstMap/feedback, /GetFirstMap/status] PHASE2_LOOP_WAYPOINT_REACHED vertex=8 waypoint=0
1286.400000000 WARN /Navigator [/home/wcqw/ac-slam/catkin_ws/src/navigation_2d/nav2d_navigator/src/RobotNavigator.cpp:926(receiveExploreGoal)] [topics: /rosout, /cmd, /Navigator/plan, /Navigator/markers, /Navigator/frontiers, /Navigator/frontier_to_vertex, /Navigator/nav_goal, /Navigator/prior_map, /Navigator/visual_tsp_path, /Navigator/tsp_index, /Navigator/path_finder, /Navigator/dist_map, /finished_topic, /request_replan, /Explore/result, /Explore/feedback, /Explore/status, /MoveTo/result, /MoveTo/feedback, /MoveTo/status, /Localize/result, /Localize/feedback, /Localize/status, /GetFirstMap/result, /GetFirstMap/feedback, /GetFirstMap/status] Missed desired rate of 1.00Hz! Loop actually took 1.2000 seconds!
1287.500000000 INFO /updateDistance [/home/wcqw/ac-slam/catkin_ws/src/cpp_solver/src/updateDistance.cpp:29(occupancyGridCallback)] [topics: /rosout, /edge_distance] Received an OccupancyGrid message!
1287.500000000 INFO /updateDistance [/home/wcqw/ac-slam/catkin_ws/src/cpp_solver/src/updateDistance.cpp:30(occupancyGridCallback)] [topics: /rosout, /edge_distance] Width: 728, Height: 740, Size: 538720
1287.500000000 INFO /updateDistance [/home/wcqw/ac-slam/catkin_ws/src/cpp_solver/src/updateDistance.cpp:32(occupancyGridCallback)] [topics: /rosout, /edge_distance] Map origin x: -8.029, y: -8.027
1287.500000000 WARN /RVIZ [/tmp/binarydeb/ros-noetic-tf2-0.7.10/src/buffer_core.cpp:277()] [topics: /rosout, /initialpose, /goal, /clicked_point] TF_REPEATED_DATA ignoring data with redundant timestamp for frame odom (parent offset) at time 1287.500000 according to authority unknown_publisher
1287.500000000 WARN /RVIZ [/tmp/binarydeb/ros-noetic-tf2-0.7.10/src/buffer_core.cpp:277()] [topics: /rosout, /initialpose, /goal, /clicked_point] TF_REPEATED_DATA ignoring data with redundant timestamp for frame offset (parent map) at time 1287.500000 according to authority unknown_publisher
1287.600000000 INFO /updateDistance [/home/wcqw/ac-slam/catkin_ws/src/cpp_solver/src/updateDistance.cpp:87(occupancyGridCallback)] [topics: /rosout, /edge_distance] Free vertices size: 36
1287.600000000 INFO /updateDistance [/home/wcqw/ac-slam/catkin_ws/src/cpp_solver/src/updateDistance.cpp:128(occupancyGridCallback)] [topics: /rosout, /edge_distance] 570 edge distance updated
1288.400000000 WARN /Navigator [/home/wcqw/ac-slam/catkin_ws/src/navigation_2d/nav2d_navigator/src/RobotNavigator.cpp:926(receiveExploreGoal)] [topics: /rosout, /cmd, /Navigator/plan, /Navigator/markers, /Navigator/frontiers, /Navigator/frontier_to_vertex, /Navigator/nav_goal, /Navigator/prior_map, /Navigator/visual_tsp_path, /Navigator/tsp_index, /Navigator/path_finder, /Navigator/dist_map, /finished_topic, /request_replan, /Explore/result, /Explore/feedback, /Explore/status, /MoveTo/result, /MoveTo/feedback, /MoveTo/status, /Localize/result, /Localize/feedback, /Localize/status, /GetFirstMap/result, /GetFirstMap/feedback, /GetFirstMap/status] Missed desired rate of 1.00Hz! Loop actually took 1.2000 seconds!
1289.600000000 INFO /updateDistance [/home/wcqw/ac-slam/catkin_ws/src/cpp_solver/src/updateDistance.cpp:29(occupancyGridCallback)] [topics: /rosout, /edge_distance] Received an OccupancyGrid message!
1289.600000000 INFO /updateDistance [/home/wcqw/ac-slam/catkin_ws/src/cpp_solver/src/updateDistance.cpp:30(occupancyGridCallback)] [topics: /rosout, /edge_distance] Width: 728, Height: 740, Size: 538720
1289.600000000 INFO /updateDistance [/home/wcqw/ac-slam/catkin_ws/src/cpp_solver/src/updateDistance.cpp:32(occupancyGridCallback)] [topics: /rosout, /edge_distance] Map origin x: -8.029, y: -8.027
1289.600000000 INFO /updateDistance [/home/wcqw/ac-slam/catkin_ws/src/cpp_solver/src/updateDistance.cpp:87(occupancyGridCallback)] [topics: /rosout, /edge_distance] Free vertices size: 36
1289.600000000 INFO /updateDistance [/home/wcqw/ac-slam/catkin_ws/src/cpp_solver/src/updateDistance.cpp:128(occupancyGridCallback)] [topics: /rosout, /edge_distance] 570 edge distance updated
1291.600000000 INFO /updateDistance [/home/wcqw/ac-slam/catkin_ws/src/cpp_solver/src/updateDistance.cpp:29(occupancyGridCallback)] [topics: /rosout, /edge_distance] Received an OccupancyGrid message!
1291.600000000 INFO /updateDistance [/home/wcqw/ac-slam/catkin_ws/src/cpp_solver/src/updateDistance.cpp:30(occupancyGridCallback)] [topics: /rosout, /edge_distance] Width: 728, Height: 740, Size: 538720
1291.600000000 INFO /updateDistance [/home/wcqw/ac-slam/catkin_ws/src/cpp_solver/src/updateDistance.cpp:32(occupancyGridCallback)] [topics: /rosout, /edge_distance] Map origin x: -8.029, y: -8.027
1291.600000000 INFO /updateDistance [/home/wcqw/ac-slam/catkin_ws/src/cpp_solver/src/updateDistance.cpp:87(occupancyGridCallback)] [topics: /rosout, /edge_distance] Free vertices size: 36
1291.600000000 INFO /updateDistance [/home/wcqw/ac-slam/catkin_ws/src/cpp_solver/src/updateDistance.cpp:128(occupancyGridCallback)] [topics: /rosout, /edge_distance] 570 edge distance updated
1292.400000000 WARN /Navigator [/home/wcqw/ac-slam/catkin_ws/src/navigation_2d/nav2d_navigator/src/RobotNavigator.cpp:926(receiveExploreGoal)] [topics: /rosout, /cmd, /Navigator/plan, /Navigator/markers, /Navigator/frontiers, /Navigator/frontier_to_vertex, /Navigator/nav_goal, /Navigator/prior_map, /Navigator/visual_tsp_path, /Navigator/tsp_index, /Navigator/path_finder, /Navigator/dist_map, /finished_topic, /request_replan, /Explore/result, /Explore/feedback, /Explore/status, /MoveTo/result, /MoveTo/feedback, /MoveTo/status, /Localize/result, /Localize/feedback, /Localize/status, /GetFirstMap/result, /GetFirstMap/feedback, /GetFirstMap/status] Missed desired rate of 1.00Hz! Loop actually took 1.2000 seconds!
1293.400000000 INFO /updateDistance [/home/wcqw/ac-slam/catkin_ws/src/cpp_solver/src/updateDistance.cpp:29(occupancyGridCallback)] [topics: /rosout, /edge_distance] Received an OccupancyGrid message!
1293.400000000 INFO /updateDistance [/home/wcqw/ac-slam/catkin_ws/src/cpp_solver/src/updateDistance.cpp:30(occupancyGridCallback)] [topics: /rosout, /edge_distance] Width: 728, Height: 740, Size: 538720
1293.400000000 INFO /updateDistance [/home/wcqw/ac-slam/catkin_ws/src/cpp_solver/src/updateDistance.cpp:32(occupancyGridCallback)] [topics: /rosout, /edge_distance] Map origin x: -8.029, y: -8.027
1293.400000000 INFO /updateDistance [/home/wcqw/ac-slam/catkin_ws/src/cpp_solver/src/updateDistance.cpp:87(occupancyGridCallback)] [topics: /rosout, /edge_distance] Free vertices size: 36
1293.400000000 INFO /updateDistance [/home/wcqw/ac-slam/catkin_ws/src/cpp_solver/src/updateDistance.cpp:128(occupancyGridCallback)] [topics: /rosout, /edge_distance] 570 edge distance updated
1294.100000000 INFO /Navigator [/home/wcqw/ac-slam/catkin_ws/src/cpp_solver/src/MyPlanner.cpp:332(performReliableLooping)] [topics: /rosout, /cmd, /Navigator/plan, /Navigator/markers, /Navigator/frontiers, /Navigator/frontier_to_vertex, /Navigator/nav_goal, /Navigator/prior_map, /Navigator/visual_tsp_path, /Navigator/tsp_index, /Navigator/path_finder, /Navigator/dist_map, /finished_topic, /request_replan, /Explore/result, /Explore/feedback, /Explore/status, /MoveTo/result, /MoveTo/feedback, /MoveTo/status, /Localize/result, /Localize/feedback, /Localize/status, /GetFirstMap/result, /GetFirstMap/feedback, /GetFirstMap/status] PHASE2_LOOP_WAYPOINT_REACHED vertex=8 waypoint=1
1294.300000000 WARN /Navigator [/home/wcqw/ac-slam/catkin_ws/src/navigation_2d/nav2d_navigator/src/RobotNavigator.cpp:926(receiveExploreGoal)] [topics: /rosout, /cmd, /Navigator/plan, /Navigator/markers, /Navigator/frontiers, /Navigator/frontier_to_vertex, /Navigator/nav_goal, /Navigator/prior_map, /Navigator/visual_tsp_path, /Navigator/tsp_index, /Navigator/path_finder, /Navigator/dist_map, /finished_topic, /request_replan, /Explore/result, /Explore/feedback, /Explore/status, /MoveTo/result, /MoveTo/feedback, /MoveTo/status, /Localize/result, /Localize/feedback, /Localize/status, /GetFirstMap/result, /GetFirstMap/feedback, /GetFirstMap/status] Missed desired rate of 1.00Hz! Loop actually took 1.1000 seconds!
1295.400000000 INFO /updateDistance [/home/wcqw/ac-slam/catkin_ws/src/cpp_solver/src/updateDistance.cpp:29(occupancyGridCallback)] [topics: /rosout, /edge_distance] Received an OccupancyGrid message!
1295.400000000 INFO /updateDistance [/home/wcqw/ac-slam/catkin_ws/src/cpp_solver/src/updateDistance.cpp:30(occupancyGridCallback)] [topics: /rosout, /edge_distance] Width: 728, Height: 740, Size: 538720
1295.400000000 INFO /updateDistance [/home/wcqw/ac-slam/catkin_ws/src/cpp_solver/src/updateDistance.cpp:32(occupancyGridCallback)] [topics: /rosout, /edge_distance] Map origin x: -8.029, y: -8.027
1295.400000000 INFO /updateDistance [/home/wcqw/ac-slam/catkin_ws/src/cpp_solver/src/updateDistance.cpp:87(occupancyGridCallback)] [topics: /rosout, /edge_distance] Free vertices size: 36
1295.400000000 INFO /updateDistance [/home/wcqw/ac-slam/catkin_ws/src/cpp_solver/src/updateDistance.cpp:128(occupancyGridCallback)] [topics: /rosout, /edge_distance] 570 edge distance updated
1296.200000000 INFO /Navigator [/home/wcqw/ac-slam/catkin_ws/src/cpp_solver/src/MyPlanner.cpp:332(performReliableLooping)] [topics: /rosout, /cmd, /Navigator/plan, /Navigator/markers, /Navigator/frontiers, /Navigator/frontier_to_vertex, /Navigator/nav_goal, /Navigator/prior_map, /Navigator/visual_tsp_path, /Navigator/tsp_index, /Navigator/path_finder, /Navigator/dist_map, /finished_topic, /request_replan, /Explore/result, /Explore/feedback, /Explore/status, /MoveTo/result, /MoveTo/feedback, /MoveTo/status, /Localize/result, /Localize/feedback, /Localize/status, /GetFirstMap/result, /GetFirstMap/feedback, /GetFirstMap/status] PHASE2_LOOP_WAYPOINT_REACHED vertex=8 waypoint=2
1296.300000000 WARN /Navigator [/home/wcqw/ac-slam/catkin_ws/src/navigation_2d/nav2d_navigator/src/RobotNavigator.cpp:926(receiveExploreGoal)] [topics: /rosout, /cmd, /Navigator/plan, /Navigator/markers, /Navigator/frontiers, /Navigator/frontier_to_vertex, /Navigator/nav_goal, /Navigator/prior_map, /Navigator/visual_tsp_path, /Navigator/tsp_index, /Navigator/path_finder, /Navigator/dist_map, /finished_topic, /request_replan, /Explore/result, /Explore/feedback, /Explore/status, /MoveTo/result, /MoveTo/feedback, /MoveTo/status, /Localize/result, /Localize/feedback, /Localize/status, /GetFirstMap/result, /GetFirstMap/feedback, /GetFirstMap/status] Missed desired rate of 1.00Hz! Loop actually took 1.1000 seconds!
1297.400000000 INFO /updateDistance [/home/wcqw/ac-slam/catkin_ws/src/cpp_solver/src/updateDistance.cpp:29(occupancyGridCallback)] [topics: /rosout, /edge_distance] Received an OccupancyGrid message!
1297.400000000 INFO /updateDistance [/home/wcqw/ac-slam/catkin_ws/src/cpp_solver/src/updateDistance.cpp:30(occupancyGridCallback)] [topics: /rosout, /edge_distance] Width: 728, Height: 740, Size: 538720
1297.400000000 INFO /updateDistance [/home/wcqw/ac-slam/catkin_ws/src/cpp_solver/src/updateDistance.cpp:32(occupancyGridCallback)] [topics: /rosout, /edge_distance] Map origin x: -8.029, y: -8.027
1297.400000000 INFO /updateDistance [/home/wcqw/ac-slam/catkin_ws/src/cpp_solver/src/updateDistance.cpp:87(occupancyGridCallback)] [topics: /rosout, /edge_distance] Free vertices size: 36
1297.400000000 INFO /updateDistance [/home/wcqw/ac-slam/catkin_ws/src/cpp_solver/src/updateDistance.cpp:128(occupancyGridCallback)] [topics: /rosout, /edge_distance] 570 edge distance updated
1298.200000000 INFO /Navigator [/home/wcqw/ac-slam/catkin_ws/src/cpp_solver/src/MyPlanner.cpp:332(performReliableLooping)] [topics: /rosout, /cmd, /Navigator/plan, /Navigator/markers, /Navigator/frontiers, /Navigator/frontier_to_vertex, /Navigator/nav_goal, /Navigator/prior_map, /Navigator/visual_tsp_path, /Navigator/tsp_index, /Navigator/path_finder, /Navigator/dist_map, /finished_topic, /request_replan, /Explore/result, /Explore/feedback, /Explore/status, /MoveTo/result, /MoveTo/feedback, /MoveTo/status, /Localize/result, /Localize/feedback, /Localize/status, /GetFirstMap/result, /GetFirstMap/feedback, /GetFirstMap/status] PHASE2_LOOP_WAYPOINT_REACHED vertex=8 waypoint=3
1298.300000000 WARN /Navigator [/home/wcqw/ac-slam/catkin_ws/src/navigation_2d/nav2d_navigator/src/RobotNavigator.cpp:926(receiveExploreGoal)] [topics: /rosout, /cmd, /Navigator/plan, /Navigator/markers, /Navigator/frontiers, /Navigator/frontier_to_vertex, /Navigator/nav_goal, /Navigator/prior_map, /Navigator/visual_tsp_path, /Navigator/tsp_index, /Navigator/path_finder, /Navigator/dist_map, /finished_topic, /request_replan, /Explore/result, /Explore/feedback, /Explore/status, /MoveTo/result, /MoveTo/feedback, /MoveTo/status, /Localize/result, /Localize/feedback, /Localize/status, /GetFirstMap/result, /GetFirstMap/feedback, /GetFirstMap/status] Missed desired rate of 1.00Hz! Loop actually took 1.1000 seconds!
1299.600000000 INFO /updateDistance [/home/wcqw/ac-slam/catkin_ws/src/cpp_solver/src/updateDistance.cpp:29(occupancyGridCallback)] [topics: /rosout, /edge_distance] Received an OccupancyGrid message!
1299.600000000 INFO /updateDistance [/home/wcqw/ac-slam/catkin_ws/src/cpp_solver/src/updateDistance.cpp:30(occupancyGridCallback)] [topics: /rosout, /edge_distance] Width: 728, Height: 740, Size: 538720
1299.600000000 INFO /updateDistance [/home/wcqw/ac-slam/catkin_ws/src/cpp_solver/src/updateDistance.cpp:32(occupancyGridCallback)] [topics: /rosout, /edge_distance] Map origin x: -8.029, y: -8.027
1299.600000000 INFO /updateDistance [/home/wcqw/ac-slam/catkin_ws/src/cpp_solver/src/updateDistance.cpp:87(occupancyGridCallback)] [topics: /rosout, /edge_distance] Free vertices size: 36
1299.600000000 INFO /updateDistance [/home/wcqw/ac-slam/catkin_ws/src/cpp_solver/src/updateDistance.cpp:128(occupancyGridCallback)] [topics: /rosout, /edge_distance] 570 edge distance updated
1300.100000000 INFO /Navigator [/home/wcqw/ac-slam/catkin_ws/src/cpp_solver/src/MyPlanner.cpp:332(performReliableLooping)] [topics: /rosout, /cmd, /Navigator/plan, /Navigator/markers, /Navigator/frontiers, /Navigator/frontier_to_vertex, /Navigator/nav_goal, /Navigator/prior_map, /Navigator/visual_tsp_path, /Navigator/tsp_index, /Navigator/path_finder, /Navigator/dist_map, /finished_topic, /request_replan, /Explore/result, /Explore/feedback, /Explore/status, /MoveTo/result, /MoveTo/feedback, /MoveTo/status, /Localize/result, /Localize/feedback, /Localize/status, /GetFirstMap/result, /GetFirstMap/feedback, /GetFirstMap/status] PHASE2_LOOP_WAYPOINT_REACHED vertex=8 waypoint=4
1301.500000000 INFO /updateDistance [/home/wcqw/ac-slam/catkin_ws/src/cpp_solver/src/updateDistance.cpp:29(occupancyGridCallback)] [topics: /rosout, /edge_distance] Received an OccupancyGrid message!
1301.500000000 INFO /updateDistance [/home/wcqw/ac-slam/catkin_ws/src/cpp_solver/src/updateDistance.cpp:30(occupancyGridCallback)] [topics: /rosout, /edge_distance] Width: 728, Height: 740, Size: 538720
1301.500000000 INFO /updateDistance [/home/wcqw/ac-slam/catkin_ws/src/cpp_solver/src/updateDistance.cpp:32(occupancyGridCallback)] [topics: /rosout, /edge_distance] Map origin x: -8.029, y: -8.027
1301.500000000 INFO /updateDistance [/home/wcqw/ac-slam/catkin_ws/src/cpp_solver/src/updateDistance.cpp:87(occupancyGridCallback)] [topics: /rosout, /edge_distance] Free vertices size: 36
1301.500000000 INFO /updateDistance [/home/wcqw/ac-slam/catkin_ws/src/cpp_solver/src/updateDistance.cpp:128(occupancyGridCallback)] [topics: /rosout, /edge_distance] 570 edge distance updated
1302.000000000 INFO /Navigator [/home/wcqw/ac-slam/catkin_ws/src/cpp_solver/src/MyPlanner.cpp:332(performReliableLooping)] [topics: /rosout, /cmd, /Navigator/plan, /Navigator/markers, /Navigator/frontiers, /Navigator/frontier_to_vertex, /Navigator/nav_goal, /Navigator/prior_map, /Navigator/visual_tsp_path, /Navigator/tsp_index, /Navigator/path_finder, /Navigator/dist_map, /finished_topic, /request_replan, /Explore/result, /Explore/feedback, /Explore/status, /MoveTo/result, /MoveTo/feedback, /MoveTo/status, /Localize/result, /Localize/feedback, /Localize/status, /GetFirstMap/result, /GetFirstMap/feedback, /GetFirstMap/status] PHASE2_LOOP_WAYPOINT_REACHED vertex=8 waypoint=5
1303.400000000 INFO /updateDistance [/home/wcqw/ac-slam/catkin_ws/src/cpp_solver/src/updateDistance.cpp:29(occupancyGridCallback)] [topics: /rosout, /edge_distance] Received an OccupancyGrid message!
1303.400000000 INFO /updateDistance [/home/wcqw/ac-slam/catkin_ws/src/cpp_solver/src/updateDistance.cpp:30(occupancyGridCallback)] [topics: /rosout, /edge_distance] Width: 728, Height: 740, Size: 538720
1303.400000000 INFO /updateDistance [/home/wcqw/ac-slam/catkin_ws/src/cpp_solver/src/updateDistance.cpp:32(occupancyGridCallback)] [topics: /rosout, /edge_distance] Map origin x: -8.030, y: -8.024
1303.400000000 INFO /updateDistance [/home/wcqw/ac-slam/catkin_ws/src/cpp_solver/src/updateDistance.cpp:87(occupancyGridCallback)] [topics: /rosout, /edge_distance] Free vertices size: 36
1303.400000000 INFO /updateDistance [/home/wcqw/ac-slam/catkin_ws/src/cpp_solver/src/updateDistance.cpp:128(occupancyGridCallback)] [topics: /rosout, /edge_distance] 570 edge distance updated
1303.900000000 INFO /Navigator [/home/wcqw/ac-slam/catkin_ws/src/cpp_solver/src/MyPlanner.cpp:332(performReliableLooping)] [topics: /rosout, /cmd, /Navigator/plan, /Navigator/markers, /Navigator/frontiers, /Navigator/frontier_to_vertex, /Navigator/nav_goal, /Navigator/prior_map, /Navigator/visual_tsp_path, /Navigator/tsp_index, /Navigator/path_finder, /Navigator/dist_map, /finished_topic, /request_replan, /Explore/result, /Explore/feedback, /Explore/status, /MoveTo/result, /MoveTo/feedback, /MoveTo/status, /Localize/result, /Localize/feedback, /Localize/status, /GetFirstMap/result, /GetFirstMap/feedback, /GetFirstMap/status] PHASE2_LOOP_WAYPOINT_REACHED vertex=8 waypoint=6
1303.900000000 INFO /Navigator [/home/wcqw/ac-slam/catkin_ws/src/cpp_solver/src/MyPlanner.cpp:452(findExplorationTarget)] [topics: /rosout, /cmd, /Navigator/plan, /Navigator/markers, /Navigator/frontiers, /Navigator/frontier_to_vertex, /Navigator/nav_goal, /Navigator/prior_map, /Navigator/visual_tsp_path, /Navigator/tsp_index, /Navigator/path_finder, /Navigator/dist_map, /finished_topic, /request_replan, /Explore/result, /Explore/feedback, /Explore/status, /MoveTo/result, /MoveTo/feedback, /MoveTo/status, /Localize/result, /Localize/feedback, /Localize/status, /GetFirstMap/result, /GetFirstMap/feedback, /GetFirstMap/status] PHASE2_LOOP_EXECUTION_FINISHED vertex=8 waypoints=7
1303.900000000 INFO /path_planner [path_planner.py:295(PathPlanner.handle_replanning)] [topics: /pose_graph_idx, /rosout, /edge_distance, /clock, /slam_pose_graph] Replanning request. curr_vertex_idx: 38
1303.900000000 INFO /path_planner [path_planner.py:296(PathPlanner.handle_replanning)] [topics: /pose_graph_idx, /rosout, /edge_distance, /clock, /slam_pose_graph]                     covered_vertices: ()
1303.900000000 INFO /path_planner [path_planner.py:322(PathPlanner.handle_replanning)] [topics: /pose_graph_idx, /rosout, /edge_distance, /clock, /slam_pose_graph] curr path length: 43, is_loop length: 43
1303.900000000 INFO /path_planner [path_planner.py:334(PathPlanner.handle_replanning)] [topics: /pose_graph_idx, /rosout, /edge_distance, /clock, /slam_pose_graph] Send new plan: 8 7 6 5 4 3 9 15 16 10 11 35 37 20 19 15(L) 19 23 29 30 24 25 31 32 26 27 33 34 28 22 21 38 37(L) 38 36 12 13 14 8(L)  ---> 14 18 17 21(L) 
1303.900000000 INFO /Navigator [/home/wcqw/ac-slam/catkin_ws/src/cpp_solver/src/MyPlanner.cpp:304(getUsefulGoalIndex)] [topics: /rosout, /cmd, /Navigator/plan, /Navigator/markers, /Navigator/frontiers, /Navigator/frontier_to_vertex, /Navigator/nav_goal, /Navigator/prior_map, /Navigator/visual_tsp_path, /Navigator/tsp_index, /Navigator/path_finder, /Navigator/dist_map, /finished_topic, /request_replan, /Explore/result, /Explore/feedback, /Explore/status, /MoveTo/result, /MoveTo/feedback, /MoveTo/status, /Localize/result, /Localize/feedback, /Localize/status, /GetFirstMap/result, /GetFirstMap/feedback, /GetFirstMap/status] Skip repeated visit to vertex 14
1303.900000000 INFO /Navigator [/home/wcqw/ac-slam/catkin_ws/src/cpp_solver/src/MyPlanner.cpp:310(getUsefulGoalIndex)] [topics: /rosout, /cmd, /Navigator/plan, /Navigator/markers, /Navigator/frontiers, /Navigator/frontier_to_vertex, /Navigator/nav_goal, /Navigator/prior_map, /Navigator/visual_tsp_path, /Navigator/tsp_index, /Navigator/path_finder, /Navigator/dist_map, /finished_topic, /request_replan, /Explore/result, /Explore/feedback, /Explore/status, /MoveTo/result, /MoveTo/feedback, /MoveTo/status, /Localize/result, /Localize/feedback, /Localize/status, /GetFirstMap/result, /GetFirstMap/feedback, /GetFirstMap/status] Set newGoal 18
1308.800000000 INFO /updateDistance [/home/wcqw/ac-slam/catkin_ws/src/cpp_solver/src/updateDistance.cpp:29(occupancyGridCallback)] [topics: /rosout, /edge_distance] Received an OccupancyGrid message!
1308.800000000 INFO /updateDistance [/home/wcqw/ac-slam/catkin_ws/src/cpp_solver/src/updateDistance.cpp:30(occupancyGridCallback)] [topics: /rosout, /edge_distance] Width: 728, Height: 740, Size: 538720
1308.800000000 INFO /updateDistance [/home/wcqw/ac-slam/catkin_ws/src/cpp_solver/src/updateDistance.cpp:32(occupancyGridCallback)] [topics: /rosout, /edge_distance] Map origin x: -8.029, y: -8.025
1308.800000000 INFO /path_planner [path_planner.py:638(PathPlanner.handle_pose_graph)] [topics: /pose_graph_idx, /rosout, /edge_distance, /clock, /slam_pose_graph] Really visited vertices: 8 7 6 5 4 3 9 15 16 35 11 35 37 20 19 15 19 23 29 30 31 25 31 32 26 27 33 34 28 22 21 38 37 35 36 12 13 14 8 
1308.800000000 INFO /updateDistance [/home/wcqw/ac-slam/catkin_ws/src/cpp_solver/src/updateDistance.cpp:87(occupancyGridCallback)] [topics: /rosout, /edge_distance] Free vertices size: 36
1308.800000000 INFO /updateDistance [/home/wcqw/ac-slam/catkin_ws/src/cpp_solver/src/updateDistance.cpp:128(occupancyGridCallback)] [topics: /rosout, /edge_distance] 570 edge distance updated
1309.300000000 INFO /updateDistance [/home/wcqw/ac-slam/catkin_ws/src/cpp_solver/src/updateDistance.cpp:29(occupancyGridCallback)] [topics: /rosout, /edge_distance] Received an OccupancyGrid message!
1309.300000000 INFO /updateDistance [/home/wcqw/ac-slam/catkin_ws/src/cpp_solver/src/updateDistance.cpp:30(occupancyGridCallback)] [topics: /rosout, /edge_distance] Width: 728, Height: 740, Size: 538720
1309.300000000 INFO /updateDistance [/home/wcqw/ac-slam/catkin_ws/src/cpp_solver/src/updateDistance.cpp:32(occupancyGridCallback)] [topics: /rosout, /edge_distance] Map origin x: -8.029, y: -8.025
1309.300000000 INFO /updateDistance [/home/wcqw/ac-slam/catkin_ws/src/cpp_solver/src/updateDistance.cpp:87(occupancyGridCallback)] [topics: /rosout, /edge_distance] Free vertices size: 36
1309.300000000 INFO /updateDistance [/home/wcqw/ac-slam/catkin_ws/src/cpp_solver/src/updateDistance.cpp:128(occupancyGridCallback)] [topics: /rosout, /edge_distance] 570 edge distance updated
1309.800000000 INFO /Navigator [/home/wcqw/ac-slam/catkin_ws/src/cpp_solver/src/MyPlanner.cpp:481(findExplorationTarget)] [topics: /rosout, /cmd, /Navigator/plan, /Navigator/markers, /Navigator/frontiers, /Navigator/frontier_to_vertex, /Navigator/nav_goal, /Navigator/prior_map, /Navigator/visual_tsp_path, /Navigator/tsp_index, /Navigator/path_finder, /Navigator/dist_map, /finished_topic, /request_replan, /Explore/result, /Explore/feedback, /Explore/status, /MoveTo/result, /MoveTo/feedback, /MoveTo/status, /Localize/result, /Localize/feedback, /Localize/status, /GetFirstMap/result, /GetFirstMap/feedback, /GetFirstMap/status] Call local replanning...
1309.800000000 INFO /path_planner [path_planner.py:295(PathPlanner.handle_replanning)] [topics: /pose_graph_idx, /rosout, /edge_distance, /clock, /slam_pose_graph] Replanning request. curr_vertex_idx: 40
1309.800000000 INFO /path_planner [path_planner.py:296(PathPlanner.handle_replanning)] [topics: /pose_graph_idx, /rosout, /edge_distance, /clock, /slam_pose_graph]                     covered_vertices: ()
1309.800000000 INFO /path_planner [path_planner.py:310(PathPlanner.handle_replanning)] [topics: /pose_graph_idx, /rosout, /edge_distance, /clock, /slam_pose_graph] Handle local replanning...
1309.800000000 INFO /path_planner [path_planner.py:363(PathPlanner.handle_local_replanning)] [topics: /pose_graph_idx, /rosout, /edge_distance, /clock, /slam_pose_graph] Local path to replan: [18, 17, 21]
1309.800000000 INFO /path_planner [path_planner.py:322(PathPlanner.handle_replanning)] [topics: /pose_graph_idx, /rosout, /edge_distance, /clock, /slam_pose_graph] curr path length: 43, is_loop length: 43
1309.800000000 INFO /path_planner [path_planner.py:334(PathPlanner.handle_replanning)] [topics: /pose_graph_idx, /rosout, /edge_distance, /clock, /slam_pose_graph] Send new plan: 8 7 6 5 4 3 9 15 16 10 11 35 37 20 19 15(L) 19 23 29 30 24 25 31 32 26 27 33 34 28 22 21 38 37(L) 38 36 12 13 14 8(L) 14 18  ---> 17 21(L) 
1315.400000000 INFO /updateDistance [/home/wcqw/ac-slam/catkin_ws/src/cpp_solver/src/updateDistance.cpp:29(occupancyGridCallback)] [topics: /rosout, /edge_distance] Received an OccupancyGrid message!
1315.400000000 INFO /updateDistance [/home/wcqw/ac-slam/catkin_ws/src/cpp_solver/src/updateDistance.cpp:30(occupancyGridCallback)] [topics: /rosout, /edge_distance] Width: 728, Height: 740, Size: 538720
1315.400000000 INFO /updateDistance [/home/wcqw/ac-slam/catkin_ws/src/cpp_solver/src/updateDistance.cpp:32(occupancyGridCallback)] [topics: /rosout, /edge_distance] Map origin x: -8.030, y: -8.027
1315.400000000 INFO /updateDistance [/home/wcqw/ac-slam/catkin_ws/src/cpp_solver/src/updateDistance.cpp:87(occupancyGridCallback)] [topics: /rosout, /edge_distance] Free vertices size: 36
1315.400000000 INFO /updateDistance [/home/wcqw/ac-slam/catkin_ws/src/cpp_solver/src/updateDistance.cpp:128(occupancyGridCallback)] [topics: /rosout, /edge_distance] 570 edge distance updated
1315.900000000 INFO /Navigator [/home/wcqw/ac-slam/catkin_ws/src/cpp_solver/src/MyPlanner.cpp:481(findExplorationTarget)] [topics: /rosout, /cmd, /Navigator/plan, /Navigator/markers, /Navigator/frontiers, /Navigator/frontier_to_vertex, /Navigator/nav_goal, /Navigator/prior_map, /Navigator/visual_tsp_path, /Navigator/tsp_index, /Navigator/path_finder, /Navigator/dist_map, /finished_topic, /request_replan, /Explore/result, /Explore/feedback, /Explore/status, /MoveTo/result, /MoveTo/feedback, /MoveTo/status, /Localize/result, /Localize/feedback, /Localize/status, /GetFirstMap/result, /GetFirstMap/feedback, /GetFirstMap/status] Call local replanning...
1315.900000000 INFO /path_planner [path_planner.py:295(PathPlanner.handle_replanning)] [topics: /pose_graph_idx, /rosout, /edge_distance, /clock, /slam_pose_graph] Replanning request. curr_vertex_idx: 40
1315.900000000 INFO /path_planner [path_planner.py:296(PathPlanner.handle_replanning)] [topics: /pose_graph_idx, /rosout, /edge_distance, /clock, /slam_pose_graph]                     covered_vertices: ()
1315.900000000 INFO /path_planner [path_planner.py:310(PathPlanner.handle_replanning)] [topics: /pose_graph_idx, /rosout, /edge_distance, /clock, /slam_pose_graph] Handle local replanning...
1315.900000000 INFO /path_planner [path_planner.py:363(PathPlanner.handle_local_replanning)] [topics: /pose_graph_idx, /rosout, /edge_distance, /clock, /slam_pose_graph] Local path to replan: [18, 17, 21]
1316.000000000 INFO /path_planner [path_planner.py:322(PathPlanner.handle_replanning)] [topics: /pose_graph_idx, /rosout, /edge_distance, /clock, /slam_pose_graph] curr path length: 43, is_loop length: 43
1316.000000000 INFO /path_planner [path_planner.py:334(PathPlanner.handle_replanning)] [topics: /pose_graph_idx, /rosout, /edge_distance, /clock, /slam_pose_graph] Send new plan: 8 7 6 5 4 3 9 15 16 10 11 35 37 20 19 15(L) 19 23 29 30 24 25 31 32 26 27 33 34 28 22 21 38 37(L) 38 36 12 13 14 8(L) 14 18  ---> 17 21(L) 
1321.400000000 INFO /updateDistance [/home/wcqw/ac-slam/catkin_ws/src/cpp_solver/src/updateDistance.cpp:29(occupancyGridCallback)] [topics: /rosout, /edge_distance] Received an OccupancyGrid message!
1321.400000000 INFO /updateDistance [/home/wcqw/ac-slam/catkin_ws/src/cpp_solver/src/updateDistance.cpp:30(occupancyGridCallback)] [topics: /rosout, /edge_distance] Width: 728, Height: 740, Size: 538720
1321.400000000 INFO /updateDistance [/home/wcqw/ac-slam/catkin_ws/src/cpp_solver/src/updateDistance.cpp:32(occupancyGridCallback)] [topics: /rosout, /edge_distance] Map origin x: -8.029, y: -8.027
1321.400000000 INFO /updateDistance [/home/wcqw/ac-slam/catkin_ws/src/cpp_solver/src/updateDistance.cpp:87(occupancyGridCallback)] [topics: /rosout, /edge_distance] Free vertices size: 36
1321.400000000 INFO /updateDistance [/home/wcqw/ac-slam/catkin_ws/src/cpp_solver/src/updateDistance.cpp:128(occupancyGridCallback)] [topics: /rosout, /edge_distance] 570 edge distance updated
1321.900000000 INFO /Navigator [/home/wcqw/ac-slam/catkin_ws/src/cpp_solver/src/MyPlanner.cpp:481(findExplorationTarget)] [topics: /rosout, /cmd, /Navigator/plan, /Navigator/markers, /Navigator/frontiers, /Navigator/frontier_to_vertex, /Navigator/nav_goal, /Navigator/prior_map, /Navigator/visual_tsp_path, /Navigator/tsp_index, /Navigator/path_finder, /Navigator/dist_map, /finished_topic, /request_replan, /Explore/result, /Explore/feedback, /Explore/status, /MoveTo/result, /MoveTo/feedback, /MoveTo/status, /Localize/result, /Localize/feedback, /Localize/status, /GetFirstMap/result, /GetFirstMap/feedback, /GetFirstMap/status] Call local replanning...
1321.900000000 INFO /path_planner [path_planner.py:295(PathPlanner.handle_replanning)] [topics: /pose_graph_idx, /rosout, /edge_distance, /clock, /slam_pose_graph] Replanning request. curr_vertex_idx: 40
1321.900000000 INFO /path_planner [path_planner.py:296(PathPlanner.handle_replanning)] [topics: /pose_graph_idx, /rosout, /edge_distance, /clock, /slam_pose_graph]                     covered_vertices: ()
1321.900000000 INFO /path_planner [path_planner.py:310(PathPlanner.handle_replanning)] [topics: /pose_graph_idx, /rosout, /edge_distance, /clock, /slam_pose_graph] Handle local replanning...
1321.900000000 INFO /path_planner [path_planner.py:363(PathPlanner.handle_local_replanning)] [topics: /pose_graph_idx, /rosout, /edge_distance, /clock, /slam_pose_graph] Local path to replan: [18, 17, 21]
1321.900000000 INFO /path_planner [path_planner.py:322(PathPlanner.handle_replanning)] [topics: /pose_graph_idx, /rosout, /edge_distance, /clock, /slam_pose_graph] curr path length: 43, is_loop length: 43
1321.900000000 INFO /path_planner [path_planner.py:334(PathPlanner.handle_replanning)] [topics: /pose_graph_idx, /rosout, /edge_distance, /clock, /slam_pose_graph] Send new plan: 8 7 6 5 4 3 9 15 16 10 11 35 37 20 19 15(L) 19 23 29 30 24 25 31 32 26 27 33 34 28 22 21 38 37(L) 38 36 12 13 14 8(L) 14 18  ---> 17 21(L) 
1327.600000000 INFO /updateDistance [/home/wcqw/ac-slam/catkin_ws/src/cpp_solver/src/updateDistance.cpp:29(occupancyGridCallback)] [topics: /rosout, /edge_distance] Received an OccupancyGrid message!
1327.600000000 INFO /updateDistance [/home/wcqw/ac-slam/catkin_ws/src/cpp_solver/src/updateDistance.cpp:30(occupancyGridCallback)] [topics: /rosout, /edge_distance] Width: 728, Height: 740, Size: 538720
1327.600000000 INFO /updateDistance [/home/wcqw/ac-slam/catkin_ws/src/cpp_solver/src/updateDistance.cpp:32(occupancyGridCallback)] [topics: /rosout, /edge_distance] Map origin x: -8.029, y: -8.027
1327.600000000 INFO /updateDistance [/home/wcqw/ac-slam/catkin_ws/src/cpp_solver/src/updateDistance.cpp:87(occupancyGridCallback)] [topics: /rosout, /edge_distance] Free vertices size: 36
1327.600000000 INFO /updateDistance [/home/wcqw/ac-slam/catkin_ws/src/cpp_solver/src/updateDistance.cpp:128(occupancyGridCallback)] [topics: /rosout, /edge_distance] 570 edge distance updated
1328.100000000 INFO /Navigator [/home/wcqw/ac-slam/catkin_ws/src/cpp_solver/src/MyPlanner.cpp:481(findExplorationTarget)] [topics: /rosout, /cmd, /Navigator/plan, /Navigator/markers, /Navigator/frontiers, /Navigator/frontier_to_vertex, /Navigator/nav_goal, /Navigator/prior_map, /Navigator/visual_tsp_path, /Navigator/tsp_index, /Navigator/path_finder, /Navigator/dist_map, /finished_topic, /request_replan, /Explore/result, /Explore/feedback, /Explore/status, /MoveTo/result, /MoveTo/feedback, /MoveTo/status, /Localize/result, /Localize/feedback, /Localize/status, /GetFirstMap/result, /GetFirstMap/feedback, /GetFirstMap/status] Call local replanning...
1328.100000000 INFO /path_planner [path_planner.py:295(PathPlanner.handle_replanning)] [topics: /pose_graph_idx, /rosout, /edge_distance, /clock, /slam_pose_graph] Replanning request. curr_vertex_idx: 40
1328.100000000 INFO /path_planner [path_planner.py:296(PathPlanner.handle_replanning)] [topics: /pose_graph_idx, /rosout, /edge_distance, /clock, /slam_pose_graph]                     covered_vertices: ()
1328.100000000 INFO /path_planner [path_planner.py:310(PathPlanner.handle_replanning)] [topics: /pose_graph_idx, /rosout, /edge_distance, /clock, /slam_pose_graph] Handle local replanning...
1328.100000000 INFO /path_planner [path_planner.py:363(PathPlanner.handle_local_replanning)] [topics: /pose_graph_idx, /rosout, /edge_distance, /clock, /slam_pose_graph] Local path to replan: [18, 17, 21]
1328.100000000 INFO /path_planner [path_planner.py:322(PathPlanner.handle_replanning)] [topics: /pose_graph_idx, /rosout, /edge_distance, /clock, /slam_pose_graph] curr path length: 43, is_loop length: 43
1328.100000000 INFO /path_planner [path_planner.py:334(PathPlanner.handle_replanning)] [topics: /pose_graph_idx, /rosout, /edge_distance, /clock, /slam_pose_graph] Send new plan: 8 7 6 5 4 3 9 15 16 10 11 35 37 20 19 15(L) 19 23 29 30 24 25 31 32 26 27 33 34 28 22 21 38 37(L) 38 36 12 13 14 8(L) 14 18  ---> 17 21(L) 
1332.900000000 INFO /updateDistance [/home/wcqw/ac-slam/catkin_ws/src/cpp_solver/src/updateDistance.cpp:29(occupancyGridCallback)] [topics: /rosout, /edge_distance] Received an OccupancyGrid message!
1332.900000000 INFO /updateDistance [/home/wcqw/ac-slam/catkin_ws/src/cpp_solver/src/updateDistance.cpp:30(occupancyGridCallback)] [topics: /rosout, /edge_distance] Width: 728, Height: 740, Size: 538720
1332.900000000 INFO /updateDistance [/home/wcqw/ac-slam/catkin_ws/src/cpp_solver/src/updateDistance.cpp:32(occupancyGridCallback)] [topics: /rosout, /edge_distance] Map origin x: -8.029, y: -8.027
1332.900000000 INFO /path_planner [path_planner.py:638(PathPlanner.handle_pose_graph)] [topics: /pose_graph_idx, /rosout, /edge_distance, /clock, /slam_pose_graph] Really visited vertices: 8 7 6 5 4 3 9 15 16 35 11 35 37 20 19 15 19 23 29 30 31 25 31 32 26 27 33 34 28 22 21 38 37 35 36 12 13 14 8 14 
1332.900000000 INFO /updateDistance [/home/wcqw/ac-slam/catkin_ws/src/cpp_solver/src/updateDistance.cpp:87(occupancyGridCallback)] [topics: /rosout, /edge_distance] Free vertices size: 36
1332.900000000 INFO /updateDistance [/home/wcqw/ac-slam/catkin_ws/src/cpp_solver/src/updateDistance.cpp:128(occupancyGridCallback)] [topics: /rosout, /edge_distance] 570 edge distance updated
1333.300000000 INFO /updateDistance [/home/wcqw/ac-slam/catkin_ws/src/cpp_solver/src/updateDistance.cpp:29(occupancyGridCallback)] [topics: /rosout, /edge_distance] Received an OccupancyGrid message!
1333.300000000 INFO /updateDistance [/home/wcqw/ac-slam/catkin_ws/src/cpp_solver/src/updateDistance.cpp:30(occupancyGridCallback)] [topics: /rosout, /edge_distance] Width: 728, Height: 740, Size: 538720
1333.300000000 INFO /updateDistance [/home/wcqw/ac-slam/catkin_ws/src/cpp_solver/src/updateDistance.cpp:32(occupancyGridCallback)] [topics: /rosout, /edge_distance] Map origin x: -8.029, y: -8.027
1333.300000000 INFO /updateDistance [/home/wcqw/ac-slam/catkin_ws/src/cpp_solver/src/updateDistance.cpp:87(occupancyGridCallback)] [topics: /rosout, /edge_distance] Free vertices size: 36
1333.300000000 INFO /updateDistance [/home/wcqw/ac-slam/catkin_ws/src/cpp_solver/src/updateDistance.cpp:128(occupancyGridCallback)] [topics: /rosout, /edge_distance] 570 edge distance updated
1334.000000000 INFO /Navigator [/home/wcqw/ac-slam/catkin_ws/src/cpp_solver/src/MyPlanner.cpp:481(findExplorationTarget)] [topics: /rosout, /cmd, /Navigator/plan, /Navigator/markers, /Navigator/frontiers, /Navigator/frontier_to_vertex, /Navigator/nav_goal, /Navigator/prior_map, /Navigator/visual_tsp_path, /Navigator/tsp_index, /Navigator/path_finder, /Navigator/dist_map, /finished_topic, /request_replan, /Explore/result, /Explore/feedback, /Explore/status, /MoveTo/result, /MoveTo/feedback, /MoveTo/status, /Localize/result, /Localize/feedback, /Localize/status, /GetFirstMap/result, /GetFirstMap/feedback, /GetFirstMap/status] Call local replanning...
1334.000000000 INFO /path_planner [path_planner.py:295(PathPlanner.handle_replanning)] [topics: /pose_graph_idx, /rosout, /edge_distance, /clock, /slam_pose_graph] Replanning request. curr_vertex_idx: 40
1334.000000000 INFO /path_planner [path_planner.py:296(PathPlanner.handle_replanning)] [topics: /pose_graph_idx, /rosout, /edge_distance, /clock, /slam_pose_graph]                     covered_vertices: ()
1334.000000000 INFO /path_planner [path_planner.py:310(PathPlanner.handle_replanning)] [topics: /pose_graph_idx, /rosout, /edge_distance, /clock, /slam_pose_graph] Handle local replanning...
1334.000000000 INFO /path_planner [path_planner.py:363(PathPlanner.handle_local_replanning)] [topics: /pose_graph_idx, /rosout, /edge_distance, /clock, /slam_pose_graph] Local path to replan: [18, 17, 21]
1334.000000000 INFO /path_planner [path_planner.py:322(PathPlanner.handle_replanning)] [topics: /pose_graph_idx, /rosout, /edge_distance, /clock, /slam_pose_graph] curr path length: 43, is_loop length: 43
1334.000000000 INFO /path_planner [path_planner.py:334(PathPlanner.handle_replanning)] [topics: /pose_graph_idx, /rosout, /edge_distance, /clock, /slam_pose_graph] Send new plan: 8 7 6 5 4 3 9 15 16 10 11 35 37 20 19 15(L) 19 23 29 30 24 25 31 32 26 27 33 34 28 22 21 38 37(L) 38 36 12 13 14 8(L) 14 18  ---> 17 21(L) 
1339.400000000 INFO /updateDistance [/home/wcqw/ac-slam/catkin_ws/src/cpp_solver/src/updateDistance.cpp:29(occupancyGridCallback)] [topics: /rosout, /edge_distance] Received an OccupancyGrid message!
1339.400000000 INFO /updateDistance [/home/wcqw/ac-slam/catkin_ws/src/cpp_solver/src/updateDistance.cpp:30(occupancyGridCallback)] [topics: /rosout, /edge_distance] Width: 728, Height: 740, Size: 538720
1339.400000000 INFO /updateDistance [/home/wcqw/ac-slam/catkin_ws/src/cpp_solver/src/updateDistance.cpp:32(occupancyGridCallback)] [topics: /rosout, /edge_distance] Map origin x: -8.029, y: -8.027
1339.400000000 INFO /updateDistance [/home/wcqw/ac-slam/catkin_ws/src/cpp_solver/src/updateDistance.cpp:87(occupancyGridCallback)] [topics: /rosout, /edge_distance] Free vertices size: 36
1339.400000000 INFO /updateDistance [/home/wcqw/ac-slam/catkin_ws/src/cpp_solver/src/updateDistance.cpp:128(occupancyGridCallback)] [topics: /rosout, /edge_distance] 570 edge distance updated
1339.900000000 INFO /Navigator [/home/wcqw/ac-slam/catkin_ws/src/cpp_solver/src/MyPlanner.cpp:481(findExplorationTarget)] [topics: /rosout, /cmd, /Navigator/plan, /Navigator/markers, /Navigator/frontiers, /Navigator/frontier_to_vertex, /Navigator/nav_goal, /Navigator/prior_map, /Navigator/visual_tsp_path, /Navigator/tsp_index, /Navigator/path_finder, /Navigator/dist_map, /finished_topic, /request_replan, /Explore/result, /Explore/feedback, /Explore/status, /MoveTo/result, /MoveTo/feedback, /MoveTo/status, /Localize/result, /Localize/feedback, /Localize/status, /GetFirstMap/result, /GetFirstMap/feedback, /GetFirstMap/status] Call local replanning...
1339.900000000 INFO /path_planner [path_planner.py:295(PathPlanner.handle_replanning)] [topics: /pose_graph_idx, /rosout, /edge_distance, /clock, /slam_pose_graph] Replanning request. curr_vertex_idx: 40
1339.900000000 INFO /path_planner [path_planner.py:296(PathPlanner.handle_replanning)] [topics: /pose_graph_idx, /rosout, /edge_distance, /clock, /slam_pose_graph]                     covered_vertices: ()
1339.900000000 INFO /path_planner [path_planner.py:310(PathPlanner.handle_replanning)] [topics: /pose_graph_idx, /rosout, /edge_distance, /clock, /slam_pose_graph] Handle local replanning...
1339.900000000 INFO /path_planner [path_planner.py:363(PathPlanner.handle_local_replanning)] [topics: /pose_graph_idx, /rosout, /edge_distance, /clock, /slam_pose_graph] Local path to replan: [18, 17, 21]
1339.900000000 INFO /path_planner [path_planner.py:322(PathPlanner.handle_replanning)] [topics: /pose_graph_idx, /rosout, /edge_distance, /clock, /slam_pose_graph] curr path length: 43, is_loop length: 43
1339.900000000 INFO /path_planner [path_planner.py:334(PathPlanner.handle_replanning)] [topics: /pose_graph_idx, /rosout, /edge_distance, /clock, /slam_pose_graph] Send new plan: 8 7 6 5 4 3 9 15 16 10 11 35 37 20 19 15(L) 19 23 29 30 24 25 31 32 26 27 33 34 28 22 21 38 37(L) 38 36 12 13 14 8(L) 14 18  ---> 17 21(L) 
1345.400000000 INFO /updateDistance [/home/wcqw/ac-slam/catkin_ws/src/cpp_solver/src/updateDistance.cpp:29(occupancyGridCallback)] [topics: /rosout, /edge_distance] Received an OccupancyGrid message!
1345.400000000 INFO /updateDistance [/home/wcqw/ac-slam/catkin_ws/src/cpp_solver/src/updateDistance.cpp:30(occupancyGridCallback)] [topics: /rosout, /edge_distance] Width: 728, Height: 740, Size: 538720
1345.400000000 INFO /updateDistance [/home/wcqw/ac-slam/catkin_ws/src/cpp_solver/src/updateDistance.cpp:32(occupancyGridCallback)] [topics: /rosout, /edge_distance] Map origin x: -8.029, y: -8.027
1345.400000000 INFO /updateDistance [/home/wcqw/ac-slam/catkin_ws/src/cpp_solver/src/updateDistance.cpp:87(occupancyGridCallback)] [topics: /rosout, /edge_distance] Free vertices size: 36
1345.400000000 INFO /updateDistance [/home/wcqw/ac-slam/catkin_ws/src/cpp_solver/src/updateDistance.cpp:128(occupancyGridCallback)] [topics: /rosout, /edge_distance] 570 edge distance updated
1346.100000000 INFO /Navigator [/home/wcqw/ac-slam/catkin_ws/src/cpp_solver/src/MyPlanner.cpp:481(findExplorationTarget)] [topics: /rosout, /cmd, /Navigator/plan, /Navigator/markers, /Navigator/frontiers, /Navigator/frontier_to_vertex, /Navigator/nav_goal, /Navigator/prior_map, /Navigator/visual_tsp_path, /Navigator/tsp_index, /Navigator/path_finder, /Navigator/dist_map, /finished_topic, /request_replan, /Explore/result, /Explore/feedback, /Explore/status, /MoveTo/result, /MoveTo/feedback, /MoveTo/status, /Localize/result, /Localize/feedback, /Localize/status, /GetFirstMap/result, /GetFirstMap/feedback, /GetFirstMap/status] Call local replanning...
1346.100000000 INFO /path_planner [path_planner.py:295(PathPlanner.handle_replanning)] [topics: /pose_graph_idx, /rosout, /edge_distance, /clock, /slam_pose_graph] Replanning request. curr_vertex_idx: 40
1346.100000000 INFO /path_planner [path_planner.py:296(PathPlanner.handle_replanning)] [topics: /pose_graph_idx, /rosout, /edge_distance, /clock, /slam_pose_graph]                     covered_vertices: ()
1346.200000000 INFO /path_planner [path_planner.py:310(PathPlanner.handle_replanning)] [topics: /pose_graph_idx, /rosout, /edge_distance, /clock, /slam_pose_graph] Handle local replanning...
1346.200000000 INFO /path_planner [path_planner.py:363(PathPlanner.handle_local_replanning)] [topics: /pose_graph_idx, /rosout, /edge_distance, /clock, /slam_pose_graph] Local path to replan: [18, 17, 21]
1346.200000000 INFO /path_planner [path_planner.py:322(PathPlanner.handle_replanning)] [topics: /pose_graph_idx, /rosout, /edge_distance, /clock, /slam_pose_graph] curr path length: 43, is_loop length: 43
1346.200000000 INFO /path_planner [path_planner.py:334(PathPlanner.handle_replanning)] [topics: /pose_graph_idx, /rosout, /edge_distance, /clock, /slam_pose_graph] Send new plan: 8 7 6 5 4 3 9 15 16 10 11 35 37 20 19 15(L) 19 23 29 30 24 25 31 32 26 27 33 34 28 22 21 38 37(L) 38 36 12 13 14 8(L) 14 18  ---> 17 21(L) 
1346.300000000 WARN /Navigator [/home/wcqw/ac-slam/catkin_ws/src/navigation_2d/nav2d_navigator/src/RobotNavigator.cpp:926(receiveExploreGoal)] [topics: /rosout, /cmd, /Navigator/plan, /Navigator/markers, /Navigator/frontiers, /Navigator/frontier_to_vertex, /Navigator/nav_goal, /Navigator/prior_map, /Navigator/visual_tsp_path, /Navigator/tsp_index, /Navigator/path_finder, /Navigator/dist_map, /finished_topic, /request_replan, /Explore/result, /Explore/feedback, /Explore/status, /MoveTo/result, /MoveTo/feedback, /MoveTo/status, /Localize/result, /Localize/feedback, /Localize/status, /GetFirstMap/result, /GetFirstMap/feedback, /GetFirstMap/status] Missed desired rate of 1.00Hz! Loop actually took 1.1000 seconds!
1351.400000000 INFO /updateDistance [/home/wcqw/ac-slam/catkin_ws/src/cpp_solver/src/updateDistance.cpp:29(occupancyGridCallback)] [topics: /rosout, /edge_distance] Received an OccupancyGrid message!
1351.400000000 INFO /updateDistance [/home/wcqw/ac-slam/catkin_ws/src/cpp_solver/src/updateDistance.cpp:30(occupancyGridCallback)] [topics: /rosout, /edge_distance] Width: 728, Height: 740, Size: 538720
1351.400000000 INFO /updateDistance [/home/wcqw/ac-slam/catkin_ws/src/cpp_solver/src/updateDistance.cpp:32(occupancyGridCallback)] [topics: /rosout, /edge_distance] Map origin x: -8.029, y: -8.027
1351.400000000 INFO /updateDistance [/home/wcqw/ac-slam/catkin_ws/src/cpp_solver/src/updateDistance.cpp:87(occupancyGridCallback)] [topics: /rosout, /edge_distance] Free vertices size: 36
1351.400000000 INFO /updateDistance [/home/wcqw/ac-slam/catkin_ws/src/cpp_solver/src/updateDistance.cpp:128(occupancyGridCallback)] [topics: /rosout, /edge_distance] 570 edge distance updated
1351.900000000 INFO /Navigator [/home/wcqw/ac-slam/catkin_ws/src/cpp_solver/src/MyPlanner.cpp:481(findExplorationTarget)] [topics: /rosout, /cmd, /Navigator/plan, /Navigator/markers, /Navigator/frontiers, /Navigator/frontier_to_vertex, /Navigator/nav_goal, /Navigator/prior_map, /Navigator/visual_tsp_path, /Navigator/tsp_index, /Navigator/path_finder, /Navigator/dist_map, /finished_topic, /request_replan, /Explore/result, /Explore/feedback, /Explore/status, /MoveTo/result, /MoveTo/feedback, /MoveTo/status, /Localize/result, /Localize/feedback, /Localize/status, /GetFirstMap/result, /GetFirstMap/feedback, /GetFirstMap/status] Call local replanning...
1351.900000000 INFO /path_planner [path_planner.py:295(PathPlanner.handle_replanning)] [topics: /pose_graph_idx, /rosout, /edge_distance, /clock, /slam_pose_graph] Replanning request. curr_vertex_idx: 40
1351.900000000 INFO /path_planner [path_planner.py:296(PathPlanner.handle_replanning)] [topics: /pose_graph_idx, /rosout, /edge_distance, /clock, /slam_pose_graph]                     covered_vertices: ()
1351.900000000 INFO /path_planner [path_planner.py:310(PathPlanner.handle_replanning)] [topics: /pose_graph_idx, /rosout, /edge_distance, /clock, /slam_pose_graph] Handle local replanning...
1351.900000000 INFO /path_planner [path_planner.py:363(PathPlanner.handle_local_replanning)] [topics: /pose_graph_idx, /rosout, /edge_distance, /clock, /slam_pose_graph] Local path to replan: [18, 17, 21]
1351.900000000 INFO /path_planner [path_planner.py:322(PathPlanner.handle_replanning)] [topics: /pose_graph_idx, /rosout, /edge_distance, /clock, /slam_pose_graph] curr path length: 43, is_loop length: 43
1351.900000000 INFO /path_planner [path_planner.py:334(PathPlanner.handle_replanning)] [topics: /pose_graph_idx, /rosout, /edge_distance, /clock, /slam_pose_graph] Send new plan: 8 7 6 5 4 3 9 15 16 10 11 35 37 20 19 15(L) 19 23 29 30 24 25 31 32 26 27 33 34 28 22 21 38 37(L) 38 36 12 13 14 8(L) 14 18  ---> 17 21(L) 
1351.900000000 INFO /Navigator [/home/wcqw/ac-slam/catkin_ws/src/cpp_solver/src/MyPlanner.cpp:509(findExplorationTarget)] [topics: /rosout, /cmd, /Navigator/plan, /Navigator/markers, /Navigator/frontiers, /Navigator/frontier_to_vertex, /Navigator/nav_goal, /Navigator/prior_map, /Navigator/visual_tsp_path, /Navigator/tsp_index, /Navigator/path_finder, /Navigator/dist_map, /finished_topic, /request_replan, /Explore/result, /Explore/feedback, /Explore/status, /MoveTo/result, /MoveTo/feedback, /MoveTo/status, /Localize/result, /Localize/feedback, /Localize/status, /GetFirstMap/result, /GetFirstMap/feedback, /GetFirstMap/status] Reach vertex 18
1351.900000000 WARN /Navigator [/home/wcqw/ac-slam/catkin_ws/src/cpp_solver/src/MyPlanner.cpp:570(findExplorationTarget)] [topics: /rosout, /cmd, /Navigator/plan, /Navigator/markers, /Navigator/frontiers, /Navigator/frontier_to_vertex, /Navigator/nav_goal, /Navigator/prior_map, /Navigator/visual_tsp_path, /Navigator/tsp_index, /Navigator/path_finder, /Navigator/dist_map, /finished_topic, /request_replan, /Explore/result, /Explore/feedback, /Explore/status, /MoveTo/result, /MoveTo/feedback, /MoveTo/status, /Localize/result, /Localize/feedback, /Localize/status, /GetFirstMap/result, /GetFirstMap/feedback, /GetFirstMap/status] No frontier at vertex 18. #Frontier: 0
1351.900000000 INFO /Navigator [/home/wcqw/ac-slam/catkin_ws/src/cpp_solver/src/MyPlanner.cpp:304(getUsefulGoalIndex)] [topics: /rosout, /cmd, /Navigator/plan, /Navigator/markers, /Navigator/frontiers, /Navigator/frontier_to_vertex, /Navigator/nav_goal, /Navigator/prior_map, /Navigator/visual_tsp_path, /Navigator/tsp_index, /Navigator/path_finder, /Navigator/dist_map, /finished_topic, /request_replan, /Explore/result, /Explore/feedback, /Explore/status, /MoveTo/result, /MoveTo/feedback, /MoveTo/status, /Localize/result, /Localize/feedback, /Localize/status, /GetFirstMap/result, /GetFirstMap/feedback, /GetFirstMap/status] Skip repeated visit to vertex 17
1351.900000000 INFO /Navigator [/home/wcqw/ac-slam/catkin_ws/src/cpp_solver/src/MyPlanner.cpp:310(getUsefulGoalIndex)] [topics: /rosout, /cmd, /Navigator/plan, /Navigator/markers, /Navigator/frontiers, /Navigator/frontier_to_vertex, /Navigator/nav_goal, /Navigator/prior_map, /Navigator/visual_tsp_path, /Navigator/tsp_index, /Navigator/path_finder, /Navigator/dist_map, /finished_topic, /request_replan, /Explore/result, /Explore/feedback, /Explore/status, /MoveTo/result, /MoveTo/feedback, /MoveTo/status, /Localize/result, /Localize/feedback, /Localize/status, /GetFirstMap/result, /GetFirstMap/feedback, /GetFirstMap/status] Set newGoal 21
1357.100000000 INFO /updateDistance [/home/wcqw/ac-slam/catkin_ws/src/cpp_solver/src/updateDistance.cpp:29(occupancyGridCallback)] [topics: /rosout, /edge_distance] Received an OccupancyGrid message!
1357.100000000 INFO /updateDistance [/home/wcqw/ac-slam/catkin_ws/src/cpp_solver/src/updateDistance.cpp:30(occupancyGridCallback)] [topics: /rosout, /edge_distance] Width: 728, Height: 740, Size: 538720
1357.100000000 INFO /updateDistance [/home/wcqw/ac-slam/catkin_ws/src/cpp_solver/src/updateDistance.cpp:32(occupancyGridCallback)] [topics: /rosout, /edge_distance] Map origin x: -8.029, y: -8.027
1357.100000000 INFO /path_planner [path_planner.py:638(PathPlanner.handle_pose_graph)] [topics: /pose_graph_idx, /rosout, /edge_distance, /clock, /slam_pose_graph] Really visited vertices: 8 7 6 5 4 3 9 15 16 35 11 35 37 20 19 15 19 23 29 30 31 25 31 32 26 27 33 34 28 22 21 38 37 35 36 12 13 14 8 14 18 
1357.200000000 INFO /updateDistance [/home/wcqw/ac-slam/catkin_ws/src/cpp_solver/src/updateDistance.cpp:87(occupancyGridCallback)] [topics: /rosout, /edge_distance] Free vertices size: 36
1357.200000000 INFO /updateDistance [/home/wcqw/ac-slam/catkin_ws/src/cpp_solver/src/updateDistance.cpp:128(occupancyGridCallback)] [topics: /rosout, /edge_distance] 570 edge distance updated
1357.300000000 INFO /updateDistance [/home/wcqw/ac-slam/catkin_ws/src/cpp_solver/src/updateDistance.cpp:29(occupancyGridCallback)] [topics: /rosout, /edge_distance] Received an OccupancyGrid message!
1357.300000000 INFO /updateDistance [/home/wcqw/ac-slam/catkin_ws/src/cpp_solver/src/updateDistance.cpp:30(occupancyGridCallback)] [topics: /rosout, /edge_distance] Width: 728, Height: 740, Size: 538720
1357.300000000 INFO /updateDistance [/home/wcqw/ac-slam/catkin_ws/src/cpp_solver/src/updateDistance.cpp:32(occupancyGridCallback)] [topics: /rosout, /edge_distance] Map origin x: -8.029, y: -8.027
1357.300000000 INFO /updateDistance [/home/wcqw/ac-slam/catkin_ws/src/cpp_solver/src/updateDistance.cpp:87(occupancyGridCallback)] [topics: /rosout, /edge_distance] Free vertices size: 36
1357.300000000 INFO /updateDistance [/home/wcqw/ac-slam/catkin_ws/src/cpp_solver/src/updateDistance.cpp:128(occupancyGridCallback)] [topics: /rosout, /edge_distance] 570 edge distance updated
1358.000000000 INFO /Navigator [/home/wcqw/ac-slam/catkin_ws/src/cpp_solver/src/MyPlanner.cpp:496(findExplorationTarget)] [topics: /rosout, /cmd, /Navigator/plan, /Navigator/markers, /Navigator/frontiers, /Navigator/frontier_to_vertex, /Navigator/nav_goal, /Navigator/prior_map, /Navigator/visual_tsp_path, /Navigator/tsp_index, /Navigator/path_finder, /Navigator/dist_map, /finished_topic, /request_replan, /Explore/result, /Explore/feedback, /Explore/status, /MoveTo/result, /MoveTo/feedback, /MoveTo/status, /Localize/result, /Localize/feedback, /Localize/status, /GetFirstMap/result, /GetFirstMap/feedback, /GetFirstMap/status] Next target is loop vertex 21(L)
1358.000000000 INFO /Navigator [/home/wcqw/ac-slam/catkin_ws/src/cpp_solver/src/MyPlanner.cpp:223(setReliableLoopPath)] [topics: /rosout, /cmd, /Navigator/plan, /Navigator/markers, /Navigator/frontiers, /Navigator/frontier_to_vertex, /Navigator/nav_goal, /Navigator/prior_map, /Navigator/visual_tsp_path, /Navigator/tsp_index, /Navigator/path_finder, /Navigator/dist_map, /finished_topic, /request_replan, /Explore/result, /Explore/feedback, /Explore/status, /MoveTo/result, /MoveTo/feedback, /MoveTo/status, /Localize/result, /Localize/feedback, /Localize/status, /GetFirstMap/result, /GetFirstMap/feedback, /GetFirstMap/status] Set reliable loop closing path from reliable_loop_service.
1358.000000000 INFO /Navigator [/home/wcqw/ac-slam/catkin_ws/src/cpp_solver/src/MyPlanner.cpp:255(setReliableLoopPath)] [topics: /rosout, /cmd, /Navigator/plan, /Navigator/markers, /Navigator/frontiers, /Navigator/frontier_to_vertex, /Navigator/nav_goal, /Navigator/prior_map, /Navigator/visual_tsp_path, /Navigator/tsp_index, /Navigator/path_finder, /Navigator/dist_map, /finished_topic, /request_replan, /Explore/result, /Explore/feedback, /Explore/status, /MoveTo/result, /MoveTo/feedback, /MoveTo/status, /Localize/result, /Localize/feedback, /Localize/status, /GetFirstMap/result, /GetFirstMap/feedback, /GetFirstMap/status] PHASE2_LOOP_PLANNED vertex=21 source=reliable_loop_service waypoints=7 path=31.8198719,8.1637907;31.5723896,9.21684265;31.5505352,10.1530275;31.6393929,11.0391493;31.7153816,12.0087261;31.7685585,12.9431839;31.7791634,13.9063759
1358.000000000 INFO /Navigator [/home/wcqw/ac-slam/catkin_ws/src/navigation_2d/nav2d_navigator/src/RobotNavigator.cpp:878(receiveExploreGoal)] [topics: /rosout, /cmd, /Navigator/plan, /Navigator/markers, /Navigator/frontiers, /Navigator/frontier_to_vertex, /Navigator/nav_goal, /Navigator/prior_map, /Navigator/visual_tsp_path, /Navigator/tsp_index, /Navigator/path_finder, /Navigator/dist_map, /finished_topic, /request_replan, /Explore/result, /Explore/feedback, /Explore/status, /MoveTo/result, /MoveTo/feedback, /MoveTo/status, /Localize/result, /Localize/feedback, /Localize/status, /GetFirstMap/result, /GetFirstMap/feedback, /GetFirstMap/status] Exploration is waiting.
1363.300000000 INFO /updateDistance [/home/wcqw/ac-slam/catkin_ws/src/cpp_solver/src/updateDistance.cpp:29(occupancyGridCallback)] [topics: /rosout, /edge_distance] Received an OccupancyGrid message!
1363.300000000 INFO /updateDistance [/home/wcqw/ac-slam/catkin_ws/src/cpp_solver/src/updateDistance.cpp:30(occupancyGridCallback)] [topics: /rosout, /edge_distance] Width: 728, Height: 740, Size: 538720
1363.300000000 INFO /updateDistance [/home/wcqw/ac-slam/catkin_ws/src/cpp_solver/src/updateDistance.cpp:32(occupancyGridCallback)] [topics: /rosout, /edge_distance] Map origin x: -8.029, y: -8.027
1363.300000000 INFO /updateDistance [/home/wcqw/ac-slam/catkin_ws/src/cpp_solver/src/updateDistance.cpp:87(occupancyGridCallback)] [topics: /rosout, /edge_distance] Free vertices size: 36
1363.300000000 INFO /updateDistance [/home/wcqw/ac-slam/catkin_ws/src/cpp_solver/src/updateDistance.cpp:128(occupancyGridCallback)] [topics: /rosout, /edge_distance] 570 edge distance updated
1364.000000000 INFO /Navigator [/home/wcqw/ac-slam/catkin_ws/src/cpp_solver/src/MyPlanner.cpp:326(performReliableLooping)] [topics: /rosout, /cmd, /Navigator/plan, /Navigator/markers, /Navigator/frontiers, /Navigator/frontier_to_vertex, /Navigator/nav_goal, /Navigator/prior_map, /Navigator/visual_tsp_path, /Navigator/tsp_index, /Navigator/path_finder, /Navigator/dist_map, /finished_topic, /request_replan, /Explore/result, /Explore/feedback, /Explore/status, /MoveTo/result, /MoveTo/feedback, /MoveTo/status, /Localize/result, /Localize/feedback, /Localize/status, /GetFirstMap/result, /GetFirstMap/feedback, /GetFirstMap/status] PHASE2_LOOP_EXECUTION_STARTED vertex=21 waypoints=7
1368.700000000 INFO /updateDistance [/home/wcqw/ac-slam/catkin_ws/src/cpp_solver/src/updateDistance.cpp:29(occupancyGridCallback)] [topics: /rosout, /edge_distance] Received an OccupancyGrid message!
1368.700000000 INFO /updateDistance [/home/wcqw/ac-slam/catkin_ws/src/cpp_solver/src/updateDistance.cpp:30(occupancyGridCallback)] [topics: /rosout, /edge_distance] Width: 728, Height: 740, Size: 538720
1368.700000000 INFO /updateDistance [/home/wcqw/ac-slam/catkin_ws/src/cpp_solver/src/updateDistance.cpp:32(occupancyGridCallback)] [topics: /rosout, /edge_distance] Map origin x: -8.029, y: -8.027
1368.700000000 INFO /path_planner [path_planner.py:638(PathPlanner.handle_pose_graph)] [topics: /pose_graph_idx, /rosout, /edge_distance, /clock, /slam_pose_graph] Really visited vertices: 8 7 6 5 4 3 9 15 16 35 11 35 37 20 19 15 19 23 29 30 31 25 31 32 26 27 33 34 28 22 21 38 37 35 36 12 13 14 8 14 18 
1368.700000000 INFO /updateDistance [/home/wcqw/ac-slam/catkin_ws/src/cpp_solver/src/updateDistance.cpp:87(occupancyGridCallback)] [topics: /rosout, /edge_distance] Free vertices size: 36
1368.700000000 INFO /updateDistance [/home/wcqw/ac-slam/catkin_ws/src/cpp_solver/src/updateDistance.cpp:128(occupancyGridCallback)] [topics: /rosout, /edge_distance] 570 edge distance updated
1369.300000000 INFO /updateDistance [/home/wcqw/ac-slam/catkin_ws/src/cpp_solver/src/updateDistance.cpp:29(occupancyGridCallback)] [topics: /rosout, /edge_distance] Received an OccupancyGrid message!
1369.300000000 INFO /updateDistance [/home/wcqw/ac-slam/catkin_ws/src/cpp_solver/src/updateDistance.cpp:30(occupancyGridCallback)] [topics: /rosout, /edge_distance] Width: 728, Height: 740, Size: 538720
1369.300000000 INFO /updateDistance [/home/wcqw/ac-slam/catkin_ws/src/cpp_solver/src/updateDistance.cpp:32(occupancyGridCallback)] [topics: /rosout, /edge_distance] Map origin x: -8.029, y: -8.027
1369.300000000 INFO /updateDistance [/home/wcqw/ac-slam/catkin_ws/src/cpp_solver/src/updateDistance.cpp:87(occupancyGridCallback)] [topics: /rosout, /edge_distance] Free vertices size: 36
1369.300000000 INFO /updateDistance [/home/wcqw/ac-slam/catkin_ws/src/cpp_solver/src/updateDistance.cpp:128(occupancyGridCallback)] [topics: /rosout, /edge_distance] 570 edge distance updated
1375.400000000 INFO /updateDistance [/home/wcqw/ac-slam/catkin_ws/src/cpp_solver/src/updateDistance.cpp:29(occupancyGridCallback)] [topics: /rosout, /edge_distance] Received an OccupancyGrid message!
1375.400000000 INFO /updateDistance [/home/wcqw/ac-slam/catkin_ws/src/cpp_solver/src/updateDistance.cpp:30(occupancyGridCallback)] [topics: /rosout, /edge_distance] Width: 728, Height: 740, Size: 538720
1375.400000000 INFO /updateDistance [/home/wcqw/ac-slam/catkin_ws/src/cpp_solver/src/updateDistance.cpp:32(occupancyGridCallback)] [topics: /rosout, /edge_distance] Map origin x: -8.029, y: -8.027
1375.400000000 INFO /path_planner [path_planner.py:638(PathPlanner.handle_pose_graph)] [topics: /pose_graph_idx, /rosout, /edge_distance, /clock, /slam_pose_graph] Really visited vertices: 8 7 6 5 4 3 9 15 16 35 11 35 37 20 19 15 19 23 29 30 31 25 31 32 26 27 33 34 28 22 21 38 37 35 36 12 13 14 8 14 18 
1375.400000000 INFO /updateDistance [/home/wcqw/ac-slam/catkin_ws/src/cpp_solver/src/updateDistance.cpp:87(occupancyGridCallback)] [topics: /rosout, /edge_distance] Free vertices size: 36
1375.400000000 INFO /updateDistance [/home/wcqw/ac-slam/catkin_ws/src/cpp_solver/src/updateDistance.cpp:128(occupancyGridCallback)] [topics: /rosout, /edge_distance] 570 edge distance updated
1375.400000000 INFO /updateDistance [/home/wcqw/ac-slam/catkin_ws/src/cpp_solver/src/updateDistance.cpp:29(occupancyGridCallback)] [topics: /rosout, /edge_distance] Received an OccupancyGrid message!
1375.400000000 INFO /updateDistance [/home/wcqw/ac-slam/catkin_ws/src/cpp_solver/src/updateDistance.cpp:30(occupancyGridCallback)] [topics: /rosout, /edge_distance] Width: 728, Height: 740, Size: 538720
1375.400000000 INFO /updateDistance [/home/wcqw/ac-slam/catkin_ws/src/cpp_solver/src/updateDistance.cpp:32(occupancyGridCallback)] [topics: /rosout, /edge_distance] Map origin x: -8.029, y: -8.027
1375.400000000 INFO /updateDistance [/home/wcqw/ac-slam/catkin_ws/src/cpp_solver/src/updateDistance.cpp:87(occupancyGridCallback)] [topics: /rosout, /edge_distance] Free vertices size: 36
1375.400000000 INFO /updateDistance [/home/wcqw/ac-slam/catkin_ws/src/cpp_solver/src/updateDistance.cpp:128(occupancyGridCallback)] [topics: /rosout, /edge_distance] 570 edge distance updated
1376.300000000 WARN /Navigator [/home/wcqw/ac-slam/catkin_ws/src/navigation_2d/nav2d_navigator/src/RobotNavigator.cpp:926(receiveExploreGoal)] [topics: /rosout, /cmd, /Navigator/plan, /Navigator/markers, /Navigator/frontiers, /Navigator/frontier_to_vertex, /Navigator/nav_goal, /Navigator/prior_map, /Navigator/visual_tsp_path, /Navigator/tsp_index, /Navigator/path_finder, /Navigator/dist_map, /finished_topic, /request_replan, /Explore/result, /Explore/feedback, /Explore/status, /MoveTo/result, /MoveTo/feedback, /MoveTo/status, /Localize/result, /Localize/feedback, /Localize/status, /GetFirstMap/result, /GetFirstMap/feedback, /GetFirstMap/status] Missed desired rate of 1.00Hz! Loop actually took 1.1000 seconds!
1381.600000000 INFO /updateDistance [/home/wcqw/ac-slam/catkin_ws/src/cpp_solver/src/updateDistance.cpp:29(occupancyGridCallback)] [topics: /rosout, /edge_distance] Received an OccupancyGrid message!
1381.600000000 INFO /updateDistance [/home/wcqw/ac-slam/catkin_ws/src/cpp_solver/src/updateDistance.cpp:30(occupancyGridCallback)] [topics: /rosout, /edge_distance] Width: 728, Height: 740, Size: 538720
1381.600000000 INFO /updateDistance [/home/wcqw/ac-slam/catkin_ws/src/cpp_solver/src/updateDistance.cpp:32(occupancyGridCallback)] [topics: /rosout, /edge_distance] Map origin x: -8.029, y: -8.027
1381.600000000 INFO /updateDistance [/home/wcqw/ac-slam/catkin_ws/src/cpp_solver/src/updateDistance.cpp:87(occupancyGridCallback)] [topics: /rosout, /edge_distance] Free vertices size: 36
1381.600000000 INFO /updateDistance [/home/wcqw/ac-slam/catkin_ws/src/cpp_solver/src/updateDistance.cpp:128(occupancyGridCallback)] [topics: /rosout, /edge_distance] 570 edge distance updated
1387.400000000 INFO /updateDistance [/home/wcqw/ac-slam/catkin_ws/src/cpp_solver/src/updateDistance.cpp:29(occupancyGridCallback)] [topics: /rosout, /edge_distance] Received an OccupancyGrid message!
1387.400000000 INFO /updateDistance [/home/wcqw/ac-slam/catkin_ws/src/cpp_solver/src/updateDistance.cpp:30(occupancyGridCallback)] [topics: /rosout, /edge_distance] Width: 728, Height: 740, Size: 538720
1387.400000000 INFO /updateDistance [/home/wcqw/ac-slam/catkin_ws/src/cpp_solver/src/updateDistance.cpp:32(occupancyGridCallback)] [topics: /rosout, /edge_distance] Map origin x: -8.029, y: -8.027
1387.400000000 INFO /updateDistance [/home/wcqw/ac-slam/catkin_ws/src/cpp_solver/src/updateDistance.cpp:87(occupancyGridCallback)] [topics: /rosout, /edge_distance] Free vertices size: 36
1387.400000000 INFO /updateDistance [/home/wcqw/ac-slam/catkin_ws/src/cpp_solver/src/updateDistance.cpp:128(occupancyGridCallback)] [topics: /rosout, /edge_distance] 570 edge distance updated
1389.400000000 INFO /updateDistance [/home/wcqw/ac-slam/catkin_ws/src/cpp_solver/src/updateDistance.cpp:29(occupancyGridCallback)] [topics: /rosout, /edge_distance] Received an OccupancyGrid message!
1389.400000000 INFO /updateDistance [/home/wcqw/ac-slam/catkin_ws/src/cpp_solver/src/updateDistance.cpp:30(occupancyGridCallback)] [topics: /rosout, /edge_distance] Width: 728, Height: 740, Size: 538720
1389.400000000 INFO /updateDistance [/home/wcqw/ac-slam/catkin_ws/src/cpp_solver/src/updateDistance.cpp:32(occupancyGridCallback)] [topics: /rosout, /edge_distance] Map origin x: -8.029, y: -8.027
1389.400000000 INFO /updateDistance [/home/wcqw/ac-slam/catkin_ws/src/cpp_solver/src/updateDistance.cpp:87(occupancyGridCallback)] [topics: /rosout, /edge_distance] Free vertices size: 36
1389.400000000 INFO /updateDistance [/home/wcqw/ac-slam/catkin_ws/src/cpp_solver/src/updateDistance.cpp:128(occupancyGridCallback)] [topics: /rosout, /edge_distance] 570 edge distance updated
1390.300000000 WARN /Navigator [/home/wcqw/ac-slam/catkin_ws/src/navigation_2d/nav2d_navigator/src/RobotNavigator.cpp:926(receiveExploreGoal)] [topics: /rosout, /cmd, /Navigator/plan, /Navigator/markers, /Navigator/frontiers, /Navigator/frontier_to_vertex, /Navigator/nav_goal, /Navigator/prior_map, /Navigator/visual_tsp_path, /Navigator/tsp_index, /Navigator/path_finder, /Navigator/dist_map, /finished_topic, /request_replan, /Explore/result, /Explore/feedback, /Explore/status, /MoveTo/result, /MoveTo/feedback, /MoveTo/status, /Localize/result, /Localize/feedback, /Localize/status, /GetFirstMap/result, /GetFirstMap/feedback, /GetFirstMap/status] Missed desired rate of 1.00Hz! Loop actually took 1.1000 seconds!
1391.400000000 INFO /updateDistance [/home/wcqw/ac-slam/catkin_ws/src/cpp_solver/src/updateDistance.cpp:29(occupancyGridCallback)] [topics: /rosout, /edge_distance] Received an OccupancyGrid message!
1391.400000000 INFO /updateDistance [/home/wcqw/ac-slam/catkin_ws/src/cpp_solver/src/updateDistance.cpp:30(occupancyGridCallback)] [topics: /rosout, /edge_distance] Width: 728, Height: 740, Size: 538720
1391.400000000 INFO /updateDistance [/home/wcqw/ac-slam/catkin_ws/src/cpp_solver/src/updateDistance.cpp:32(occupancyGridCallback)] [topics: /rosout, /edge_distance] Map origin x: -8.029, y: -8.027
1391.400000000 INFO /updateDistance [/home/wcqw/ac-slam/catkin_ws/src/cpp_solver/src/updateDistance.cpp:87(occupancyGridCallback)] [topics: /rosout, /edge_distance] Free vertices size: 36
1391.400000000 INFO /updateDistance [/home/wcqw/ac-slam/catkin_ws/src/cpp_solver/src/updateDistance.cpp:128(occupancyGridCallback)] [topics: /rosout, /edge_distance] 570 edge distance updated
1392.300000000 WARN /Navigator [/home/wcqw/ac-slam/catkin_ws/src/navigation_2d/nav2d_navigator/src/RobotNavigator.cpp:926(receiveExploreGoal)] [topics: /rosout, /cmd, /Navigator/plan, /Navigator/markers, /Navigator/frontiers, /Navigator/frontier_to_vertex, /Navigator/nav_goal, /Navigator/prior_map, /Navigator/visual_tsp_path, /Navigator/tsp_index, /Navigator/path_finder, /Navigator/dist_map, /finished_topic, /request_replan, /Explore/result, /Explore/feedback, /Explore/status, /MoveTo/result, /MoveTo/feedback, /MoveTo/status, /Localize/result, /Localize/feedback, /Localize/status, /GetFirstMap/result, /GetFirstMap/feedback, /GetFirstMap/status] Missed desired rate of 1.00Hz! Loop actually took 1.1000 seconds!
1393.400000000 INFO /updateDistance [/home/wcqw/ac-slam/catkin_ws/src/cpp_solver/src/updateDistance.cpp:29(occupancyGridCallback)] [topics: /rosout, /edge_distance] Received an OccupancyGrid message!
1393.400000000 INFO /updateDistance [/home/wcqw/ac-slam/catkin_ws/src/cpp_solver/src/updateDistance.cpp:30(occupancyGridCallback)] [topics: /rosout, /edge_distance] Width: 728, Height: 740, Size: 538720
1393.400000000 INFO /updateDistance [/home/wcqw/ac-slam/catkin_ws/src/cpp_solver/src/updateDistance.cpp:32(occupancyGridCallback)] [topics: /rosout, /edge_distance] Map origin x: -8.029, y: -8.027
1393.400000000 INFO /updateDistance [/home/wcqw/ac-slam/catkin_ws/src/cpp_solver/src/updateDistance.cpp:87(occupancyGridCallback)] [topics: /rosout, /edge_distance] Free vertices size: 36
1393.400000000 INFO /updateDistance [/home/wcqw/ac-slam/catkin_ws/src/cpp_solver/src/updateDistance.cpp:128(occupancyGridCallback)] [topics: /rosout, /edge_distance] 570 edge distance updated
1393.900000000 INFO /Navigator [/home/wcqw/ac-slam/catkin_ws/src/cpp_solver/src/MyPlanner.cpp:332(performReliableLooping)] [topics: /rosout, /cmd, /Navigator/plan, /Navigator/markers, /Navigator/frontiers, /Navigator/frontier_to_vertex, /Navigator/nav_goal, /Navigator/prior_map, /Navigator/visual_tsp_path, /Navigator/tsp_index, /Navigator/path_finder, /Navigator/dist_map, /finished_topic, /request_replan, /Explore/result, /Explore/feedback, /Explore/status, /MoveTo/result, /MoveTo/feedback, /MoveTo/status, /Localize/result, /Localize/feedback, /Localize/status, /GetFirstMap/result, /GetFirstMap/feedback, /GetFirstMap/status] PHASE2_LOOP_WAYPOINT_REACHED vertex=21 waypoint=0
1395.600000000 INFO /updateDistance [/home/wcqw/ac-slam/catkin_ws/src/cpp_solver/src/updateDistance.cpp:29(occupancyGridCallback)] [topics: /rosout, /edge_distance] Received an OccupancyGrid message!
1395.600000000 INFO /updateDistance [/home/wcqw/ac-slam/catkin_ws/src/cpp_solver/src/updateDistance.cpp:30(occupancyGridCallback)] [topics: /rosout, /edge_distance] Width: 728, Height: 740, Size: 538720
1395.600000000 INFO /updateDistance [/home/wcqw/ac-slam/catkin_ws/src/cpp_solver/src/updateDistance.cpp:32(occupancyGridCallback)] [topics: /rosout, /edge_distance] Map origin x: -8.029, y: -8.027
1395.600000000 INFO /updateDistance [/home/wcqw/ac-slam/catkin_ws/src/cpp_solver/src/updateDistance.cpp:87(occupancyGridCallback)] [topics: /rosout, /edge_distance] Free vertices size: 36
1395.600000000 INFO /updateDistance [/home/wcqw/ac-slam/catkin_ws/src/cpp_solver/src/updateDistance.cpp:128(occupancyGridCallback)] [topics: /rosout, /edge_distance] 570 edge distance updated
1397.600000000 INFO /updateDistance [/home/wcqw/ac-slam/catkin_ws/src/cpp_solver/src/updateDistance.cpp:29(occupancyGridCallback)] [topics: /rosout, /edge_distance] Received an OccupancyGrid message!
1397.600000000 INFO /updateDistance [/home/wcqw/ac-slam/catkin_ws/src/cpp_solver/src/updateDistance.cpp:30(occupancyGridCallback)] [topics: /rosout, /edge_distance] Width: 728, Height: 740, Size: 538720
1397.600000000 INFO /updateDistance [/home/wcqw/ac-slam/catkin_ws/src/cpp_solver/src/updateDistance.cpp:32(occupancyGridCallback)] [topics: /rosout, /edge_distance] Map origin x: -8.029, y: -8.027
1397.600000000 INFO /updateDistance [/home/wcqw/ac-slam/catkin_ws/src/cpp_solver/src/updateDistance.cpp:87(occupancyGridCallback)] [topics: /rosout, /edge_distance] Free vertices size: 36
1397.600000000 INFO /updateDistance [/home/wcqw/ac-slam/catkin_ws/src/cpp_solver/src/updateDistance.cpp:128(occupancyGridCallback)] [topics: /rosout, /edge_distance] 570 edge distance updated
1399.600000000 INFO /updateDistance [/home/wcqw/ac-slam/catkin_ws/src/cpp_solver/src/updateDistance.cpp:29(occupancyGridCallback)] [topics: /rosout, /edge_distance] Received an OccupancyGrid message!
1399.600000000 INFO /updateDistance [/home/wcqw/ac-slam/catkin_ws/src/cpp_solver/src/updateDistance.cpp:30(occupancyGridCallback)] [topics: /rosout, /edge_distance] Width: 728, Height: 740, Size: 538720
1399.600000000 INFO /updateDistance [/home/wcqw/ac-slam/catkin_ws/src/cpp_solver/src/updateDistance.cpp:32(occupancyGridCallback)] [topics: /rosout, /edge_distance] Map origin x: -8.029, y: -8.027
1399.600000000 INFO /updateDistance [/home/wcqw/ac-slam/catkin_ws/src/cpp_solver/src/updateDistance.cpp:87(occupancyGridCallback)] [topics: /rosout, /edge_distance] Free vertices size: 36
1399.600000000 INFO /updateDistance [/home/wcqw/ac-slam/catkin_ws/src/cpp_solver/src/updateDistance.cpp:128(occupancyGridCallback)] [topics: /rosout, /edge_distance] 570 edge distance updated
1400.100000000 INFO /Navigator [/home/wcqw/ac-slam/catkin_ws/src/cpp_solver/src/MyPlanner.cpp:332(performReliableLooping)] [topics: /rosout, /cmd, /Navigator/plan, /Navigator/markers, /Navigator/frontiers, /Navigator/frontier_to_vertex, /Navigator/nav_goal, /Navigator/prior_map, /Navigator/visual_tsp_path, /Navigator/tsp_index, /Navigator/path_finder, /Navigator/dist_map, /finished_topic, /request_replan, /Explore/result, /Explore/feedback, /Explore/status, /MoveTo/result, /MoveTo/feedback, /MoveTo/status, /Localize/result, /Localize/feedback, /Localize/status, /GetFirstMap/result, /GetFirstMap/feedback, /GetFirstMap/status] PHASE2_LOOP_WAYPOINT_REACHED vertex=21 waypoint=1
1401.400000000 INFO /updateDistance [/home/wcqw/ac-slam/catkin_ws/src/cpp_solver/src/updateDistance.cpp:29(occupancyGridCallback)] [topics: /rosout, /edge_distance] Received an OccupancyGrid message!
1401.400000000 INFO /updateDistance [/home/wcqw/ac-slam/catkin_ws/src/cpp_solver/src/updateDistance.cpp:30(occupancyGridCallback)] [topics: /rosout, /edge_distance] Width: 728, Height: 740, Size: 538720
1401.400000000 INFO /updateDistance [/home/wcqw/ac-slam/catkin_ws/src/cpp_solver/src/updateDistance.cpp:32(occupancyGridCallback)] [topics: /rosout, /edge_distance] Map origin x: -8.029, y: -8.027
1401.400000000 INFO /updateDistance [/home/wcqw/ac-slam/catkin_ws/src/cpp_solver/src/updateDistance.cpp:87(occupancyGridCallback)] [topics: /rosout, /edge_distance] Free vertices size: 36
1401.400000000 INFO /updateDistance [/home/wcqw/ac-slam/catkin_ws/src/cpp_solver/src/updateDistance.cpp:128(occupancyGridCallback)] [topics: /rosout, /edge_distance] 570 edge distance updated
1401.900000000 INFO /Navigator [/home/wcqw/ac-slam/catkin_ws/src/cpp_solver/src/MyPlanner.cpp:332(performReliableLooping)] [topics: /rosout, /cmd, /Navigator/plan, /Navigator/markers, /Navigator/frontiers, /Navigator/frontier_to_vertex, /Navigator/nav_goal, /Navigator/prior_map, /Navigator/visual_tsp_path, /Navigator/tsp_index, /Navigator/path_finder, /Navigator/dist_map, /finished_topic, /request_replan, /Explore/result, /Explore/feedback, /Explore/status, /MoveTo/result, /MoveTo/feedback, /MoveTo/status, /Localize/result, /Localize/feedback, /Localize/status, /GetFirstMap/result, /GetFirstMap/feedback, /GetFirstMap/status] PHASE2_LOOP_WAYPOINT_REACHED vertex=21 waypoint=2
1403.600000000 INFO /updateDistance [/home/wcqw/ac-slam/catkin_ws/src/cpp_solver/src/updateDistance.cpp:29(occupancyGridCallback)] [topics: /rosout, /edge_distance] Received an OccupancyGrid message!
1403.600000000 INFO /updateDistance [/home/wcqw/ac-slam/catkin_ws/src/cpp_solver/src/updateDistance.cpp:30(occupancyGridCallback)] [topics: /rosout, /edge_distance] Width: 728, Height: 740, Size: 538720
1403.600000000 INFO /updateDistance [/home/wcqw/ac-slam/catkin_ws/src/cpp_solver/src/updateDistance.cpp:32(occupancyGridCallback)] [topics: /rosout, /edge_distance] Map origin x: -8.029, y: -8.027
1403.600000000 INFO /updateDistance [/home/wcqw/ac-slam/catkin_ws/src/cpp_solver/src/updateDistance.cpp:87(occupancyGridCallback)] [topics: /rosout, /edge_distance] Free vertices size: 36
1403.600000000 INFO /updateDistance [/home/wcqw/ac-slam/catkin_ws/src/cpp_solver/src/updateDistance.cpp:128(occupancyGridCallback)] [topics: /rosout, /edge_distance] 570 edge distance updated
1404.100000000 INFO /Navigator [/home/wcqw/ac-slam/catkin_ws/src/cpp_solver/src/MyPlanner.cpp:332(performReliableLooping)] [topics: /rosout, /cmd, /Navigator/plan, /Navigator/markers, /Navigator/frontiers, /Navigator/frontier_to_vertex, /Navigator/nav_goal, /Navigator/prior_map, /Navigator/visual_tsp_path, /Navigator/tsp_index, /Navigator/path_finder, /Navigator/dist_map, /finished_topic, /request_replan, /Explore/result, /Explore/feedback, /Explore/status, /MoveTo/result, /MoveTo/feedback, /MoveTo/status, /Localize/result, /Localize/feedback, /Localize/status, /GetFirstMap/result, /GetFirstMap/feedback, /GetFirstMap/status] PHASE2_LOOP_WAYPOINT_REACHED vertex=21 waypoint=3
1405.400000000 INFO /updateDistance [/home/wcqw/ac-slam/catkin_ws/src/cpp_solver/src/updateDistance.cpp:29(occupancyGridCallback)] [topics: /rosout, /edge_distance] Received an OccupancyGrid message!
1405.400000000 INFO /updateDistance [/home/wcqw/ac-slam/catkin_ws/src/cpp_solver/src/updateDistance.cpp:30(occupancyGridCallback)] [topics: /rosout, /edge_distance] Width: 728, Height: 740, Size: 538720
1405.400000000 INFO /updateDistance [/home/wcqw/ac-slam/catkin_ws/src/cpp_solver/src/updateDistance.cpp:32(occupancyGridCallback)] [topics: /rosout, /edge_distance] Map origin x: -8.029, y: -8.027
1405.400000000 INFO /updateDistance [/home/wcqw/ac-slam/catkin_ws/src/cpp_solver/src/updateDistance.cpp:87(occupancyGridCallback)] [topics: /rosout, /edge_distance] Free vertices size: 36
1405.400000000 INFO /updateDistance [/home/wcqw/ac-slam/catkin_ws/src/cpp_solver/src/updateDistance.cpp:128(occupancyGridCallback)] [topics: /rosout, /edge_distance] 570 edge distance updated
1407.400000000 INFO /updateDistance [/home/wcqw/ac-slam/catkin_ws/src/cpp_solver/src/updateDistance.cpp:29(occupancyGridCallback)] [topics: /rosout, /edge_distance] Received an OccupancyGrid message!
1407.400000000 INFO /updateDistance [/home/wcqw/ac-slam/catkin_ws/src/cpp_solver/src/updateDistance.cpp:30(occupancyGridCallback)] [topics: /rosout, /edge_distance] Width: 728, Height: 740, Size: 538720
1407.400000000 INFO /updateDistance [/home/wcqw/ac-slam/catkin_ws/src/cpp_solver/src/updateDistance.cpp:32(occupancyGridCallback)] [topics: /rosout, /edge_distance] Map origin x: -8.029, y: -8.027
1407.400000000 INFO /updateDistance [/home/wcqw/ac-slam/catkin_ws/src/cpp_solver/src/updateDistance.cpp:87(occupancyGridCallback)] [topics: /rosout, /edge_distance] Free vertices size: 36
1407.400000000 INFO /updateDistance [/home/wcqw/ac-slam/catkin_ws/src/cpp_solver/src/updateDistance.cpp:128(occupancyGridCallback)] [topics: /rosout, /edge_distance] 570 edge distance updated
1407.900000000 INFO /Navigator [/home/wcqw/ac-slam/catkin_ws/src/cpp_solver/src/MyPlanner.cpp:332(performReliableLooping)] [topics: /rosout, /cmd, /Navigator/plan, /Navigator/markers, /Navigator/frontiers, /Navigator/frontier_to_vertex, /Navigator/nav_goal, /Navigator/prior_map, /Navigator/visual_tsp_path, /Navigator/tsp_index, /Navigator/path_finder, /Navigator/dist_map, /finished_topic, /request_replan, /Explore/result, /Explore/feedback, /Explore/status, /MoveTo/result, /MoveTo/feedback, /MoveTo/status, /Localize/result, /Localize/feedback, /Localize/status, /GetFirstMap/result, /GetFirstMap/feedback, /GetFirstMap/status] PHASE2_LOOP_WAYPOINT_REACHED vertex=21 waypoint=4
1409.300000000 INFO /updateDistance [/home/wcqw/ac-slam/catkin_ws/src/cpp_solver/src/updateDistance.cpp:29(occupancyGridCallback)] [topics: /rosout, /edge_distance] Received an OccupancyGrid message!
1409.300000000 INFO /updateDistance [/home/wcqw/ac-slam/catkin_ws/src/cpp_solver/src/updateDistance.cpp:30(occupancyGridCallback)] [topics: /rosout, /edge_distance] Width: 728, Height: 740, Size: 538720
1409.300000000 INFO /updateDistance [/home/wcqw/ac-slam/catkin_ws/src/cpp_solver/src/updateDistance.cpp:32(occupancyGridCallback)] [topics: /rosout, /edge_distance] Map origin x: -8.029, y: -8.027
1409.300000000 INFO /updateDistance [/home/wcqw/ac-slam/catkin_ws/src/cpp_solver/src/updateDistance.cpp:87(occupancyGridCallback)] [topics: /rosout, /edge_distance] Free vertices size: 36
1409.300000000 INFO /updateDistance [/home/wcqw/ac-slam/catkin_ws/src/cpp_solver/src/updateDistance.cpp:128(occupancyGridCallback)] [topics: /rosout, /edge_distance] 570 edge distance updated
1409.800000000 INFO /Navigator [/home/wcqw/ac-slam/catkin_ws/src/cpp_solver/src/MyPlanner.cpp:332(performReliableLooping)] [topics: /rosout, /cmd, /Navigator/plan, /Navigator/markers, /Navigator/frontiers, /Navigator/frontier_to_vertex, /Navigator/nav_goal, /Navigator/prior_map, /Navigator/visual_tsp_path, /Navigator/tsp_index, /Navigator/path_finder, /Navigator/dist_map, /finished_topic, /request_replan, /Explore/result, /Explore/feedback, /Explore/status, /MoveTo/result, /MoveTo/feedback, /MoveTo/status, /Localize/result, /Localize/feedback, /Localize/status, /GetFirstMap/result, /GetFirstMap/feedback, /GetFirstMap/status] PHASE2_LOOP_WAYPOINT_REACHED vertex=21 waypoint=5
1411.600000000 INFO /updateDistance [/home/wcqw/ac-slam/catkin_ws/src/cpp_solver/src/updateDistance.cpp:29(occupancyGridCallback)] [topics: /rosout, /edge_distance] Received an OccupancyGrid message!
1411.600000000 INFO /updateDistance [/home/wcqw/ac-slam/catkin_ws/src/cpp_solver/src/updateDistance.cpp:30(occupancyGridCallback)] [topics: /rosout, /edge_distance] Width: 728, Height: 740, Size: 538720
1411.600000000 INFO /updateDistance [/home/wcqw/ac-slam/catkin_ws/src/cpp_solver/src/updateDistance.cpp:32(occupancyGridCallback)] [topics: /rosout, /edge_distance] Map origin x: -8.029, y: -8.027
1411.600000000 INFO /updateDistance [/home/wcqw/ac-slam/catkin_ws/src/cpp_solver/src/updateDistance.cpp:87(occupancyGridCallback)] [topics: /rosout, /edge_distance] Free vertices size: 36
1411.600000000 INFO /updateDistance [/home/wcqw/ac-slam/catkin_ws/src/cpp_solver/src/updateDistance.cpp:128(occupancyGridCallback)] [topics: /rosout, /edge_distance] 570 edge distance updated
1412.100000000 INFO /Navigator [/home/wcqw/ac-slam/catkin_ws/src/cpp_solver/src/MyPlanner.cpp:332(performReliableLooping)] [topics: /rosout, /cmd, /Navigator/plan, /Navigator/markers, /Navigator/frontiers, /Navigator/frontier_to_vertex, /Navigator/nav_goal, /Navigator/prior_map, /Navigator/visual_tsp_path, /Navigator/tsp_index, /Navigator/path_finder, /Navigator/dist_map, /finished_topic, /request_replan, /Explore/result, /Explore/feedback, /Explore/status, /MoveTo/result, /MoveTo/feedback, /MoveTo/status, /Localize/result, /Localize/feedback, /Localize/status, /GetFirstMap/result, /GetFirstMap/feedback, /GetFirstMap/status] PHASE2_LOOP_WAYPOINT_REACHED vertex=21 waypoint=6
1412.100000000 INFO /Navigator [/home/wcqw/ac-slam/catkin_ws/src/cpp_solver/src/MyPlanner.cpp:452(findExplorationTarget)] [topics: /rosout, /cmd, /Navigator/plan, /Navigator/markers, /Navigator/frontiers, /Navigator/frontier_to_vertex, /Navigator/nav_goal, /Navigator/prior_map, /Navigator/visual_tsp_path, /Navigator/tsp_index, /Navigator/path_finder, /Navigator/dist_map, /finished_topic, /request_replan, /Explore/result, /Explore/feedback, /Explore/status, /MoveTo/result, /MoveTo/feedback, /MoveTo/status, /Localize/result, /Localize/feedback, /Localize/status, /GetFirstMap/result, /GetFirstMap/feedback, /GetFirstMap/status] PHASE2_LOOP_EXECUTION_FINISHED vertex=21 waypoints=7
1412.100000000 INFO /path_planner [path_planner.py:295(PathPlanner.handle_replanning)] [topics: /pose_graph_idx, /rosout, /edge_distance, /clock, /slam_pose_graph] Replanning request. curr_vertex_idx: 42
1412.100000000 INFO /path_planner [path_planner.py:296(PathPlanner.handle_replanning)] [topics: /pose_graph_idx, /rosout, /edge_distance, /clock, /slam_pose_graph]                     covered_vertices: ()
1412.100000000 INFO /path_planner [path_planner.py:322(PathPlanner.handle_replanning)] [topics: /pose_graph_idx, /rosout, /edge_distance, /clock, /slam_pose_graph] curr path length: 43, is_loop length: 43
1412.100000000 INFO /path_planner [path_planner.py:334(PathPlanner.handle_replanning)] [topics: /pose_graph_idx, /rosout, /edge_distance, /clock, /slam_pose_graph] Send new plan: 8 7 6 5 4 3 9 15 16 10 11 35 37 20 19 15(L) 19 23 29 30 24 25 31 32 26 27 33 34 28 22 21 38 37(L) 38 36 12 13 14 8(L) 14 18 17 21(L)  ---> 
1412.100000000 INFO /Navigator [/home/wcqw/ac-slam/catkin_ws/src/navigation_2d/nav2d_navigator/src/RobotNavigator.cpp:868(receiveExploreGoal)] [topics: /rosout, /cmd, /Navigator/plan, /Navigator/markers, /Navigator/frontiers, /Navigator/frontier_to_vertex, /Navigator/nav_goal, /Navigator/prior_map, /Navigator/visual_tsp_path, /Navigator/tsp_index, /Navigator/path_finder, /Navigator/dist_map, /finished_topic, /request_replan, /Explore/result, /Explore/feedback, /Explore/status, /MoveTo/result, /MoveTo/feedback, /MoveTo/status, /Localize/result, /Localize/feedback, /Localize/status, /GetFirstMap/result, /GetFirstMap/feedback, /GetFirstMap/status] Exploration has finished.
0.000000000 INFO /map_saver [/tmp/binarydeb/ros-noetic-map-server-1.17.3/src/map_saver.cpp:57(mapCallback)] [topics: /rosout] Received a 728 X 740 map @ 0.100 m/pix
0.000000000 INFO /map_saver [/tmp/binarydeb/ros-noetic-map-server-1.17.3/src/map_saver.cpp:64(mapCallback)] [topics: /rosout] Writing map occupancy data to /home/wcqw/ac-slam/results/phase2/map3_pairs/pair_03/slam_aware/final_map.pgm
0.000000000 INFO /map_saver [/tmp/binarydeb/ros-noetic-map-server-1.17.3/src/map_saver.cpp:91(mapCallback)] [topics: /rosout] Writing map occupancy data to /home/wcqw/ac-slam/results/phase2/map3_pairs/pair_03/slam_aware/final_map.yaml
0.000000000 INFO /map_saver [/tmp/binarydeb/ros-noetic-map-server-1.17.3/src/map_saver.cpp:120(mapCallback)] [topics: /rosout] Done

