timestamp,event,data
7.100000000,REPLAN_REQUESTED,"{""message"": ""Replanning request. curr_vertex_idx: 0"", ""wall_time_utc"": ""2026-09-06T23:33:39.043399+00:00""}"
7.100000000,SLAM_PATH_CREATED,"{""node"": ""/Navigator"", ""path"": [62, 82, 98, 106, 90, 81, 63, 70, 63, 52, 48, 56, 57, 51, 57, 56, 48, 30, 20, 16, 148, 10, 148, 16, 5, 16, 20, 9, 4, 9, 147, 7, 147, 9, 20, 30, 24, 15, 6, 15, 14, 15, 24, 22, 24, 37, 31, 37, 42, 44, 33, 29, 33, 28, 33, 41, 36, 38, 36, 32, 149, 18, 146, 3, 146, 18, 27, 18, 8, 18, 13, 18, 19, 26, 19, 12, 19, 23, 21, 17, 21, 25, 11, 25, 39, 43, 35, 150, 35, 40, 35, 43, 39, 45, 49, 45, 58, 73, 58, 154, 54, 50, 54, 59, 74, 59, 157, 156, 155, 55, 69, 59, 69, 55, 60, 47, 41, 47, 46, 47, 61, 80, 82, 80, 79, 89, 78, 69, 78, 87, 163, 86, 75, 162, 77, 58, 77, 88, 85, 88, 97, 111, 166, 111, 124, 133, 124, 129, 104, 166, 104, 108, 92, 87, 92, 105, 116, 130, 134, 137, 134, 125, 138, 125, 117, 139, 117, 140, 117, 121, 141, 121, 122, 112, 122, 123, 106, 123, 142, 123, 126, 113, 109, 100, 109, 165, 100, 165, 109, 99, 109, 113, 126, 127, 143, 127, 118, 101, 91, 93, 91, 83, 91, 101, 102, 94, 102, 101, 118, 167, 114, 110, 114, 135, 114, 128, 131, 136, 131, 144, 131, 145, 131, 119, 115, 120, 115, 132, 115, 107, 164, 96, 164, 107, 103, 95, 84, 68, 64, 53, 64, 71, 64, 68, 153, 64, 153, 152, 151, 34, 151, 152, 153, 68, 84, 72, 65, 72, 158, 65, 158, 72, 161, 160, 66, 159, 67, 76], ""wall_time_utc"": ""2026-09-06T23:33:39.048950+00:00""}"
7.100000000,LOOP_INSERTED,"{""path_index"": 111, ""vertex"": 59, ""wall_time_utc"": ""2026-09-06T23:33:39.049125+00:00""}"
7.100000000,LOOP_INSERTED,"{""path_index"": 116, ""vertex"": 41, ""wall_time_utc"": ""2026-09-06T23:33:39.049156+00:00""}"
7.100000000,LOOP_INSERTED,"{""path_index"": 122, ""vertex"": 82, ""wall_time_utc"": ""2026-09-06T23:33:39.049181+00:00""}"
7.100000000,LOOP_INSERTED,"{""path_index"": 127, ""vertex"": 69, ""wall_time_utc"": ""2026-09-06T23:33:39.049203+00:00""}"
7.100000000,LOOP_INSERTED,"{""path_index"": 135, ""vertex"": 58, ""wall_time_utc"": ""2026-09-06T23:33:39.049223+00:00""}"
7.100000000,LOOP_INSERTED,"{""path_index"": 149, ""vertex"": 166, ""wall_time_utc"": ""2026-09-06T23:33:39.049243+00:00""}"
7.100000000,LOOP_INSERTED,"{""path_index"": 153, ""vertex"": 87, ""wall_time_utc"": ""2026-09-06T23:33:39.049262+00:00""}"
7.100000000,LOOP_INSERTED,"{""path_index"": 176, ""vertex"": 106, ""wall_time_utc"": ""2026-09-06T23:33:39.049280+00:00""}"
7.100000000,LOOP_INSERTED,"{""path_index"": 183, ""vertex"": 100, ""wall_time_utc"": ""2026-09-06T23:33:39.049299+00:00""}"
7.100000000,LOOP_INSERTED,"{""path_index"": 245, ""vertex"": 64, ""wall_time_utc"": ""2026-09-06T23:33:39.049318+00:00""}"
7.100000000,LOOP_INSERTED,"{""path_index"": 256, ""vertex"": 65, ""wall_time_utc"": ""2026-09-06T23:33:39.049336+00:00""}"
23.800000000,LOCAL_REPLAN,"{""message"": ""Call local replanning..."", ""wall_time_utc"": ""2026-09-06T23:33:55.799900+00:00""}"
23.800000000,REPLAN_REQUESTED,"{""message"": ""Replanning request. curr_vertex_idx: 0"", ""wall_time_utc"": ""2026-09-06T23:33:55.802162+00:00""}"
23.800000000,GOAL_REACHED,"{""vertex"": 62, ""wall_time_utc"": ""2026-09-06T23:33:55.806543+00:00""}"
24.800000000,LOCAL_REPLAN,"{""message"": ""Call local replanning..."", ""wall_time_utc"": ""2026-09-06T23:33:56.809581+00:00""}"
24.800000000,REPLAN_REQUESTED,"{""message"": ""Replanning request. curr_vertex_idx: 0"", ""wall_time_utc"": ""2026-09-06T23:33:56.811564+00:00""}"
30.900000000,LOCAL_REPLAN,"{""message"": ""Call local replanning..."", ""wall_time_utc"": ""2026-09-06T23:34:02.822603+00:00""}"
30.900000000,REPLAN_REQUESTED,"{""message"": ""Replanning request. curr_vertex_idx: 0"", ""wall_time_utc"": ""2026-09-06T23:34:02.824815+00:00""}"
30.900000000,NO_FRONTIER,"{""message"": ""No frontier at vertex 62. #Frontier: 0"", ""wall_time_utc"": ""2026-09-06T23:34:02.828163+00:00""}"
36.900000000,LOCAL_REPLAN,"{""message"": ""Call local replanning..."", ""wall_time_utc"": ""2026-09-06T23:34:08.913404+00:00""}"
37.000000000,REPLAN_REQUESTED,"{""message"": ""Replanning request. curr_vertex_idx: 1"", ""wall_time_utc"": ""2026-09-06T23:34:08.916282+00:00""}"
37.000000000,GOAL_REACHED,"{""vertex"": 82, ""wall_time_utc"": ""2026-09-06T23:34:08.922161+00:00""}"
37.000000000,NO_FRONTIER,"{""message"": ""No frontier at vertex 82. #Frontier: 0"", ""wall_time_utc"": ""2026-09-06T23:34:08.922240+00:00""}"
42.900000000,LOCAL_REPLAN,"{""message"": ""Call local replanning..."", ""wall_time_utc"": ""2026-09-06T23:34:14.870288+00:00""}"
42.900000000,REPLAN_REQUESTED,"{""message"": ""Replanning request. curr_vertex_idx: 2"", ""wall_time_utc"": ""2026-09-06T23:34:14.871945+00:00""}"
42.900000000,GOAL_REACHED,"{""vertex"": 98, ""wall_time_utc"": ""2026-09-06T23:34:14.875172+00:00""}"
42.900000000,NO_FRONTIER,"{""message"": ""No frontier at vertex 98. #Frontier: 0"", ""wall_time_utc"": ""2026-09-06T23:34:14.875305+00:00""}"
47.900000000,LOCAL_REPLAN,"{""message"": ""Call local replanning..."", ""wall_time_utc"": ""2026-09-06T23:34:19.877226+00:00""}"
47.900000000,REPLAN_REQUESTED,"{""message"": ""Replanning request. curr_vertex_idx: 3"", ""wall_time_utc"": ""2026-09-06T23:34:19.878645+00:00""}"
47.900000000,GOAL_SKIP,"{""message"": ""Skip currGoal 106 that has no frontier and seen by robot"", ""wall_time_utc"": ""2026-09-06T23:34:19.881905+00:00""}"
47.900000000,REPEATED_VISIT_SKIP,"{""message"": ""Skip repeated visit to vertex 90"", ""wall_time_utc"": ""2026-09-06T23:34:19.881962+00:00""}"
47.900000000,REPEATED_VISIT_SKIP,"{""message"": ""Skip repeated visit to vertex 81"", ""wall_time_utc"": ""2026-09-06T23:34:19.881998+00:00""}"
53.900000000,LOCAL_REPLAN,"{""message"": ""Call local replanning..."", ""wall_time_utc"": ""2026-09-06T23:34:25.879309+00:00""}"
53.900000000,REPLAN_REQUESTED,"{""message"": ""Replanning request. curr_vertex_idx: 6"", ""wall_time_utc"": ""2026-09-06T23:34:25.881466+00:00""}"
53.900000000,GOAL_SKIP,"{""message"": ""Skip currGoal 63 that has no frontier and seen by robot"", ""wall_time_utc"": ""2026-09-06T23:34:25.885501+00:00""}"
53.900000000,REPEATED_VISIT_SKIP,"{""message"": ""Skip repeated visit to vertex 70"", ""wall_time_utc"": ""2026-09-06T23:34:25.885649+00:00""}"
53.900000000,REPEATED_VISIT_SKIP,"{""message"": ""Skip repeated visit to vertex 63"", ""wall_time_utc"": ""2026-09-06T23:34:25.885692+00:00""}"
60.000000000,LOCAL_REPLAN,"{""message"": ""Call local replanning..."", ""wall_time_utc"": ""2026-09-06T23:34:31.939089+00:00""}"
60.000000000,REPLAN_REQUESTED,"{""message"": ""Replanning request. curr_vertex_idx: 9"", ""wall_time_utc"": ""2026-09-06T23:34:31.940962+00:00""}"
65.900000000,LOCAL_REPLAN,"{""message"": ""Call local replanning..."", ""wall_time_utc"": ""2026-09-06T23:34:37.876754+00:00""}"
65.900000000,REPLAN_REQUESTED,"{""message"": ""Replanning request. curr_vertex_idx: 9"", ""wall_time_utc"": ""2026-09-06T23:34:37.878683+00:00""}"
65.900000000,GOAL_SKIP,"{""message"": ""Skip currGoal 52 that has no frontier and seen by robot"", ""wall_time_utc"": ""2026-09-06T23:34:37.882533+00:00""}"
65.900000000,REPEATED_VISIT_SKIP,"{""message"": ""Skip repeated visit to vertex 48"", ""wall_time_utc"": ""2026-09-06T23:34:37.882600+00:00""}"
71.900000000,LOCAL_REPLAN,"{""message"": ""Call local replanning..."", ""wall_time_utc"": ""2026-09-06T23:34:43.873983+00:00""}"
71.900000000,REPLAN_REQUESTED,"{""message"": ""Replanning request. curr_vertex_idx: 11"", ""wall_time_utc"": ""2026-09-06T23:34:43.875945+00:00""}"
75.900000000,LOCAL_REPLAN,"{""message"": ""Call local replanning..."", ""wall_time_utc"": ""2026-09-06T23:34:47.902400+00:00""}"
75.900000000,REPLAN_REQUESTED,"{""message"": ""Replanning request. curr_vertex_idx: 11"", ""wall_time_utc"": ""2026-09-06T23:34:47.903971+00:00""}"
78.000000000,LOCAL_REPLAN,"{""message"": ""Call local replanning..."", ""wall_time_utc"": ""2026-09-06T23:34:49.978932+00:00""}"
78.000000000,REPLAN_REQUESTED,"{""message"": ""Replanning request. curr_vertex_idx: 11"", ""wall_time_utc"": ""2026-09-06T23:34:49.980988+00:00""}"
78.000000000,GOAL_REACHED,"{""vertex"": 56, ""wall_time_utc"": ""2026-09-06T23:34:49.984508+00:00""}"
79.900000000,LOCAL_REPLAN,"{""message"": ""Call local replanning..."", ""wall_time_utc"": ""2026-09-06T23:34:51.889213+00:00""}"
79.900000000,REPLAN_REQUESTED,"{""message"": ""Replanning request. curr_vertex_idx: 11"", ""wall_time_utc"": ""2026-09-06T23:34:51.890854+00:00""}"
79.900000000,NO_FRONTIER,"{""message"": ""No frontier at vertex 56. #Frontier: 0"", ""wall_time_utc"": ""2026-09-06T23:34:51.894727+00:00""}"
86.000000000,LOCAL_REPLAN,"{""message"": ""Call local replanning..."", ""wall_time_utc"": ""2026-09-06T23:34:57.958954+00:00""}"
86.000000000,REPLAN_REQUESTED,"{""message"": ""Replanning request. curr_vertex_idx: 12"", ""wall_time_utc"": ""2026-09-06T23:34:57.960923+00:00""}"
86.000000000,GOAL_SKIP,"{""message"": ""Skip currGoal 57 that has no frontier and seen by robot"", ""wall_time_utc"": ""2026-09-06T23:34:57.965378+00:00""}"
86.000000000,REPEATED_VISIT_SKIP,"{""message"": ""Skip repeated visit to vertex 51"", ""wall_time_utc"": ""2026-09-06T23:34:57.965442+00:00""}"
86.000000000,REPEATED_VISIT_SKIP,"{""message"": ""Skip repeated visit to vertex 57"", ""wall_time_utc"": ""2026-09-06T23:34:57.965479+00:00""}"
86.000000000,REPEATED_VISIT_SKIP,"{""message"": ""Skip repeated visit to vertex 56"", ""wall_time_utc"": ""2026-09-06T23:34:57.965510+00:00""}"
86.000000000,REPEATED_VISIT_SKIP,"{""message"": ""Skip repeated visit to vertex 48"", ""wall_time_utc"": ""2026-09-06T23:34:57.965540+00:00""}"
92.000000000,LOCAL_REPLAN,"{""message"": ""Call local replanning..."", ""wall_time_utc"": ""2026-09-06T23:35:04.003130+00:00""}"
92.000000000,REPLAN_REQUESTED,"{""message"": ""Replanning request. curr_vertex_idx: 17"", ""wall_time_utc"": ""2026-09-06T23:35:04.005114+00:00""}"
98.000000000,LOCAL_REPLAN,"{""message"": ""Call local replanning..."", ""wall_time_utc"": ""2026-09-06T23:35:09.925368+00:00""}"
98.000000000,REPLAN_REQUESTED,"{""message"": ""Replanning request. curr_vertex_idx: 17"", ""wall_time_utc"": ""2026-09-06T23:35:09.927058+00:00""}"
103.900000000,LOCAL_REPLAN,"{""message"": ""Call local replanning..."", ""wall_time_utc"": ""2026-09-06T23:35:15.884506+00:00""}"
103.900000000,REPLAN_REQUESTED,"{""message"": ""Replanning request. curr_vertex_idx: 17"", ""wall_time_utc"": ""2026-09-06T23:35:15.886379+00:00""}"
109.900000000,LOCAL_REPLAN,"{""message"": ""Call local replanning..."", ""wall_time_utc"": ""2026-09-06T23:35:21.887241+00:00""}"
109.900000000,GOAL_REACHED,"{""vertex"": 30, ""wall_time_utc"": ""2026-09-06T23:35:21.890924+00:00""}"
109.900000000,REPLAN_REQUESTED,"{""message"": ""Replanning request. curr_vertex_idx: 17"", ""wall_time_utc"": ""2026-09-06T23:35:21.891650+00:00""}"
115.000000000,LOCAL_REPLAN,"{""message"": ""Call local replanning..."", ""wall_time_utc"": ""2026-09-06T23:35:26.933517+00:00""}"
115.000000000,REPLAN_REQUESTED,"{""message"": ""Replanning request. curr_vertex_idx: 17"", ""wall_time_utc"": ""2026-09-06T23:35:26.935793+00:00""}"
117.000000000,LOCAL_REPLAN,"{""message"": ""Call local replanning..."", ""wall_time_utc"": ""2026-09-06T23:35:28.940069+00:00""}"
117.000000000,REPLAN_REQUESTED,"{""message"": ""Replanning request. curr_vertex_idx: 17"", ""wall_time_utc"": ""2026-09-06T23:35:28.941895+00:00""}"
123.000000000,LOCAL_REPLAN,"{""message"": ""Call local replanning..."", ""wall_time_utc"": ""2026-09-06T23:35:34.924100+00:00""}"
123.000000000,REPLAN_REQUESTED,"{""message"": ""Replanning request. curr_vertex_idx: 17"", ""wall_time_utc"": ""2026-09-06T23:35:34.925498+00:00""}"
127.000000000,LOCAL_REPLAN,"{""message"": ""Call local replanning..."", ""wall_time_utc"": ""2026-09-06T23:35:38.916884+00:00""}"
127.000000000,REPLAN_REQUESTED,"{""message"": ""Replanning request. curr_vertex_idx: 17"", ""wall_time_utc"": ""2026-09-06T23:35:38.918812+00:00""}"
128.900000000,LOCAL_REPLAN,"{""message"": ""Call local replanning..."", ""wall_time_utc"": ""2026-09-06T23:35:40.912674+00:00""}"
129.000000000,REPLAN_REQUESTED,"{""message"": ""Replanning request. curr_vertex_idx: 17"", ""wall_time_utc"": ""2026-09-06T23:35:40.914664+00:00""}"
129.000000000,NO_FRONTIER,"{""message"": ""No frontier at vertex 30. #Frontier: 0"", ""wall_time_utc"": ""2026-09-06T23:35:40.918305+00:00""}"
129.000000000,REPEATED_VISIT_SKIP,"{""message"": ""Skip repeated visit to vertex 20"", ""wall_time_utc"": ""2026-09-06T23:35:40.918401+00:00""}"
129.000000000,REPEATED_VISIT_SKIP,"{""message"": ""Skip repeated visit to vertex 16"", ""wall_time_utc"": ""2026-09-06T23:35:40.918438+00:00""}"
134.900000000,LOCAL_REPLAN,"{""message"": ""Call local replanning..."", ""wall_time_utc"": ""2026-09-06T23:35:46.893679+00:00""}"
134.900000000,REPLAN_REQUESTED,"{""message"": ""Replanning request. curr_vertex_idx: 20"", ""wall_time_utc"": ""2026-09-06T23:35:46.895314+00:00""}"
140.800000000,LOCAL_REPLAN,"{""message"": ""Call local replanning..."", ""wall_time_utc"": ""2026-09-06T23:35:52.813828+00:00""}"
140.900000000,REPLAN_REQUESTED,"{""message"": ""Replanning request. curr_vertex_idx: 20"", ""wall_time_utc"": ""2026-09-06T23:35:52.815704+00:00""}"
147.000000000,LOCAL_REPLAN,"{""message"": ""Call local replanning..."", ""wall_time_utc"": ""2026-09-06T23:35:58.976180+00:00""}"
147.000000000,REPLAN_REQUESTED,"{""message"": ""Replanning request. curr_vertex_idx: 20"", ""wall_time_utc"": ""2026-09-06T23:35:58.978078+00:00""}"
152.900000000,LOCAL_REPLAN,"{""message"": ""Call local replanning..."", ""wall_time_utc"": ""2026-09-06T23:36:04.884911+00:00""}"
152.900000000,REPLAN_REQUESTED,"{""message"": ""Replanning request. curr_vertex_idx: 20"", ""wall_time_utc"": ""2026-09-06T23:36:04.886873+00:00""}"
152.900000000,GOAL_REACHED,"{""vertex"": 148, ""wall_time_utc"": ""2026-09-06T23:36:04.890764+00:00""}"
152.900000000,NO_FRONTIER,"{""message"": ""No frontier at vertex 148. #Frontier: 0"", ""wall_time_utc"": ""2026-09-06T23:36:04.890805+00:00""}"
159.100000000,LOCAL_REPLAN,"{""message"": ""Call local replanning..."", ""wall_time_utc"": ""2026-09-06T23:36:11.014916+00:00""}"
159.100000000,REPLAN_REQUESTED,"{""message"": ""Replanning request. curr_vertex_idx: 21"", ""wall_time_utc"": ""2026-09-06T23:36:11.016557+00:00""}"
159.100000000,GOAL_SKIP,"{""message"": ""Skip currGoal 10 that has no frontier and seen by robot"", ""wall_time_utc"": ""2026-09-06T23:36:11.020535+00:00""}"
159.100000000,REPEATED_VISIT_SKIP,"{""message"": ""Skip repeated visit to vertex 148"", ""wall_time_utc"": ""2026-09-06T23:36:11.020577+00:00""}"
159.100000000,REPEATED_VISIT_SKIP,"{""message"": ""Skip repeated visit to vertex 16"", ""wall_time_utc"": ""2026-09-06T23:36:11.020594+00:00""}"
159.100000000,REPEATED_VISIT_SKIP,"{""message"": ""Skip repeated visit to vertex 5"", ""wall_time_utc"": ""2026-09-06T23:36:11.020608+00:00""}"
159.100000000,REPEATED_VISIT_SKIP,"{""message"": ""Skip repeated visit to vertex 16"", ""wall_time_utc"": ""2026-09-06T23:36:11.020620+00:00""}"
159.100000000,REPEATED_VISIT_SKIP,"{""message"": ""Skip repeated visit to vertex 20"", ""wall_time_utc"": ""2026-09-06T23:36:11.020686+00:00""}"
159.100000000,REPEATED_VISIT_SKIP,"{""message"": ""Skip repeated visit to vertex 9"", ""wall_time_utc"": ""2026-09-06T23:36:11.020701+00:00""}"
164.900000000,LOCAL_REPLAN,"{""message"": ""Call local replanning..."", ""wall_time_utc"": ""2026-09-06T23:36:16.898792+00:00""}"
164.900000000,REPLAN_REQUESTED,"{""message"": ""Replanning request. curr_vertex_idx: 28"", ""wall_time_utc"": ""2026-09-06T23:36:16.900360+00:00""}"
168.000000000,LOCAL_REPLAN,"{""message"": ""Call local replanning..."", ""wall_time_utc"": ""2026-09-06T23:36:19.956777+00:00""}"
168.000000000,REPLAN_REQUESTED,"{""message"": ""Replanning request. curr_vertex_idx: 28"", ""wall_time_utc"": ""2026-09-06T23:36:19.959132+00:00""}"
170.000000000,LOCAL_REPLAN,"{""message"": ""Call local replanning..."", ""wall_time_utc"": ""2026-09-06T23:36:21.955922+00:00""}"
170.000000000,REPLAN_REQUESTED,"{""message"": ""Replanning request. curr_vertex_idx: 28"", ""wall_time_utc"": ""2026-09-06T23:36:21.958201+00:00""}"
172.100000000,LOCAL_REPLAN,"{""message"": ""Call local replanning..."", ""wall_time_utc"": ""2026-09-06T23:36:24.021149+00:00""}"
172.100000000,REPLAN_REQUESTED,"{""message"": ""Replanning request. curr_vertex_idx: 28"", ""wall_time_utc"": ""2026-09-06T23:36:24.023332+00:00""}"
178.000000000,LOCAL_REPLAN,"{""message"": ""Call local replanning..."", ""wall_time_utc"": ""2026-09-06T23:36:29.978746+00:00""}"
178.000000000,REPLAN_REQUESTED,"{""message"": ""Replanning request. curr_vertex_idx: 28"", ""wall_time_utc"": ""2026-09-06T23:36:29.980673+00:00""}"
184.000000000,LOCAL_REPLAN,"{""message"": ""Call local replanning..."", ""wall_time_utc"": ""2026-09-06T23:36:35.922531+00:00""}"
184.000000000,REPLAN_REQUESTED,"{""message"": ""Replanning request. curr_vertex_idx: 28"", ""wall_time_utc"": ""2026-09-06T23:36:35.924414+00:00""}"
190.000000000,LOCAL_REPLAN,"{""message"": ""Call local replanning..."", ""wall_time_utc"": ""2026-09-06T23:36:41.951627+00:00""}"
190.000000000,REPLAN_REQUESTED,"{""message"": ""Replanning request. curr_vertex_idx: 28"", ""wall_time_utc"": ""2026-09-06T23:36:41.953642+00:00""}"
196.100000000,LOCAL_REPLAN,"{""message"": ""Call local replanning..."", ""wall_time_utc"": ""2026-09-06T23:36:48.022461+00:00""}"
196.100000000,REPLAN_REQUESTED,"{""message"": ""Replanning request. curr_vertex_idx: 28"", ""wall_time_utc"": ""2026-09-06T23:36:48.024385+00:00""}"
202.000000000,LOCAL_REPLAN,"{""message"": ""Call local replanning..."", ""wall_time_utc"": ""2026-09-06T23:36:53.964842+00:00""}"
202.000000000,REPLAN_REQUESTED,"{""message"": ""Replanning request. curr_vertex_idx: 28"", ""wall_time_utc"": ""2026-09-06T23:36:53.967049+00:00""}"
207.900000000,LOCAL_REPLAN,"{""message"": ""Call local replanning..."", ""wall_time_utc"": ""2026-09-06T23:36:59.890228+00:00""}"
207.900000000,REPLAN_REQUESTED,"{""message"": ""Replanning request. curr_vertex_idx: 28"", ""wall_time_utc"": ""2026-09-06T23:36:59.892413+00:00""}"
210.000000000,LOCAL_REPLAN,"{""message"": ""Call local replanning..."", ""wall_time_utc"": ""2026-09-06T23:37:01.926281+00:00""}"
210.000000000,REPLAN_REQUESTED,"{""message"": ""Replanning request. curr_vertex_idx: 28"", ""wall_time_utc"": ""2026-09-06T23:37:01.927959+00:00""}"
216.000000000,LOCAL_REPLAN,"{""message"": ""Call local replanning..."", ""wall_time_utc"": ""2026-09-06T23:37:07.978781+00:00""}"
216.000000000,REPLAN_REQUESTED,"{""message"": ""Replanning request. curr_vertex_idx: 28"", ""wall_time_utc"": ""2026-09-06T23:37:07.980696+00:00""}"
221.100000000,LOCAL_REPLAN,"{""message"": ""Call local replanning..."", ""wall_time_utc"": ""2026-09-06T23:37:13.067139+00:00""}"
221.100000000,REPLAN_REQUESTED,"{""message"": ""Replanning request. curr_vertex_idx: 28"", ""wall_time_utc"": ""2026-09-06T23:37:13.069129+00:00""}"
223.000000000,LOCAL_REPLAN,"{""message"": ""Call local replanning..."", ""wall_time_utc"": ""2026-09-06T23:37:14.937081+00:00""}"
223.000000000,REPLAN_REQUESTED,"{""message"": ""Replanning request. curr_vertex_idx: 28"", ""wall_time_utc"": ""2026-09-06T23:37:14.939289+00:00""}"
225.000000000,LOCAL_REPLAN,"{""message"": ""Call local replanning..."", ""wall_time_utc"": ""2026-09-06T23:37:16.940242+00:00""}"
225.000000000,REPLAN_REQUESTED,"{""message"": ""Replanning request. curr_vertex_idx: 28"", ""wall_time_utc"": ""2026-09-06T23:37:16.942035+00:00""}"
230.900000000,LOCAL_REPLAN,"{""message"": ""Call local replanning..."", ""wall_time_utc"": ""2026-09-06T23:37:22.891175+00:00""}"
230.900000000,REPLAN_REQUESTED,"{""message"": ""Replanning request. curr_vertex_idx: 28"", ""wall_time_utc"": ""2026-09-06T23:37:22.893413+00:00""}"
236.900000000,LOCAL_REPLAN,"{""message"": ""Call local replanning..."", ""wall_time_utc"": ""2026-09-06T23:37:28.898265+00:00""}"
236.900000000,REPLAN_REQUESTED,"{""message"": ""Replanning request. curr_vertex_idx: 28"", ""wall_time_utc"": ""2026-09-06T23:37:28.900194+00:00""}"
242.900000000,LOCAL_REPLAN,"{""message"": ""Call local replanning..."", ""wall_time_utc"": ""2026-09-06T23:37:34.896959+00:00""}"
242.900000000,REPLAN_REQUESTED,"{""message"": ""Replanning request. curr_vertex_idx: 28"", ""wall_time_utc"": ""2026-09-06T23:37:34.898834+00:00""}"
248.900000000,LOCAL_REPLAN,"{""message"": ""Call local replanning..."", ""wall_time_utc"": ""2026-09-06T23:37:40.901238+00:00""}"
248.900000000,REPLAN_REQUESTED,"{""message"": ""Replanning request. curr_vertex_idx: 28"", ""wall_time_utc"": ""2026-09-06T23:37:40.903324+00:00""}"
255.000000000,LOCAL_REPLAN,"{""message"": ""Call local replanning..."", ""wall_time_utc"": ""2026-09-06T23:37:46.975221+00:00""}"
255.000000000,REPLAN_REQUESTED,"{""message"": ""Replanning request. curr_vertex_idx: 28"", ""wall_time_utc"": ""2026-09-06T23:37:46.976879+00:00""}"
258.100000000,LOCAL_REPLAN,"{""message"": ""Call local replanning..."", ""wall_time_utc"": ""2026-09-06T23:37:50.084386+00:00""}"
258.100000000,REPLAN_REQUESTED,"{""message"": ""Replanning request. curr_vertex_idx: 28"", ""wall_time_utc"": ""2026-09-06T23:37:50.086075+00:00""}"
260.000000000,LOCAL_REPLAN,"{""message"": ""Call local replanning..."", ""wall_time_utc"": ""2026-09-06T23:37:51.981539+00:00""}"
260.000000000,REPLAN_REQUESTED,"{""message"": ""Replanning request. curr_vertex_idx: 28"", ""wall_time_utc"": ""2026-09-06T23:37:51.983456+00:00""}"
266.000000000,LOCAL_REPLAN,"{""message"": ""Call local replanning..."", ""wall_time_utc"": ""2026-09-06T23:37:57.993125+00:00""}"
266.000000000,REPLAN_REQUESTED,"{""message"": ""Replanning request. curr_vertex_idx: 28"", ""wall_time_utc"": ""2026-09-06T23:37:57.994995+00:00""}"
272.000000000,LOCAL_REPLAN,"{""message"": ""Call local replanning..."", ""wall_time_utc"": ""2026-09-06T23:38:03.955031+00:00""}"
272.000000000,REPLAN_REQUESTED,"{""message"": ""Replanning request. curr_vertex_idx: 28"", ""wall_time_utc"": ""2026-09-06T23:38:03.956967+00:00""}"
277.900000000,LOCAL_REPLAN,"{""message"": ""Call local replanning..."", ""wall_time_utc"": ""2026-09-06T23:38:09.909106+00:00""}"
277.900000000,REPLAN_REQUESTED,"{""message"": ""Replanning request. curr_vertex_idx: 28"", ""wall_time_utc"": ""2026-09-06T23:38:09.911093+00:00""}"
282.000000000,LOCAL_REPLAN,"{""message"": ""Call local replanning..."", ""wall_time_utc"": ""2026-09-06T23:38:13.999463+00:00""}"
282.000000000,REPLAN_REQUESTED,"{""message"": ""Replanning request. curr_vertex_idx: 28"", ""wall_time_utc"": ""2026-09-06T23:38:14.001967+00:00""}"
288.100000000,LOCAL_REPLAN,"{""message"": ""Call local replanning..."", ""wall_time_utc"": ""2026-09-06T23:38:20.018241+00:00""}"
288.100000000,REPLAN_REQUESTED,"{""message"": ""Replanning request. curr_vertex_idx: 28"", ""wall_time_utc"": ""2026-09-06T23:38:20.020050+00:00""}"
294.100000000,LOCAL_REPLAN,"{""message"": ""Call local replanning..."", ""wall_time_utc"": ""2026-09-06T23:38:26.067093+00:00""}"
294.100000000,REPLAN_REQUESTED,"{""message"": ""Replanning request. curr_vertex_idx: 28"", ""wall_time_utc"": ""2026-09-06T23:38:26.069093+00:00""}"
300.100000000,LOCAL_REPLAN,"{""message"": ""Call local replanning..."", ""wall_time_utc"": ""2026-09-06T23:38:32.026351+00:00""}"
300.100000000,REPLAN_REQUESTED,"{""message"": ""Replanning request. curr_vertex_idx: 28"", ""wall_time_utc"": ""2026-09-06T23:38:32.028361+00:00""}"
306.000000000,LOCAL_REPLAN,"{""message"": ""Call local replanning..."", ""wall_time_utc"": ""2026-09-06T23:38:37.963641+00:00""}"
306.000000000,REPLAN_REQUESTED,"{""message"": ""Replanning request. curr_vertex_idx: 28"", ""wall_time_utc"": ""2026-09-06T23:38:37.965443+00:00""}"
312.100000000,LOCAL_REPLAN,"{""message"": ""Call local replanning..."", ""wall_time_utc"": ""2026-09-06T23:38:44.075934+00:00""}"
312.100000000,REPLAN_REQUESTED,"{""message"": ""Replanning request. curr_vertex_idx: 28"", ""wall_time_utc"": ""2026-09-06T23:38:44.078047+00:00""}"
318.000000000,LOCAL_REPLAN,"{""message"": ""Call local replanning..."", ""wall_time_utc"": ""2026-09-06T23:38:50.012974+00:00""}"
318.100000000,REPLAN_REQUESTED,"{""message"": ""Replanning request. curr_vertex_idx: 28"", ""wall_time_utc"": ""2026-09-06T23:38:50.014902+00:00""}"
324.100000000,LOCAL_REPLAN,"{""message"": ""Call local replanning..."", ""wall_time_utc"": ""2026-09-06T23:38:56.034731+00:00""}"
324.100000000,REPLAN_REQUESTED,"{""message"": ""Replanning request. curr_vertex_idx: 28"", ""wall_time_utc"": ""2026-09-06T23:38:56.036650+00:00""}"
330.000000000,LOCAL_REPLAN,"{""message"": ""Call local replanning..."", ""wall_time_utc"": ""2026-09-06T23:39:01.927763+00:00""}"
330.000000000,REPLAN_REQUESTED,"{""message"": ""Replanning request. curr_vertex_idx: 28"", ""wall_time_utc"": ""2026-09-06T23:39:01.929257+00:00""}"
336.100000000,LOCAL_REPLAN,"{""message"": ""Call local replanning..."", ""wall_time_utc"": ""2026-09-06T23:39:08.031764+00:00""}"
336.100000000,REPLAN_REQUESTED,"{""message"": ""Replanning request. curr_vertex_idx: 28"", ""wall_time_utc"": ""2026-09-06T23:39:08.033794+00:00""}"
342.200000000,LOCAL_REPLAN,"{""message"": ""Call local replanning..."", ""wall_time_utc"": ""2026-09-06T23:39:14.131383+00:00""}"
342.200000000,REPLAN_REQUESTED,"{""message"": ""Replanning request. curr_vertex_idx: 28"", ""wall_time_utc"": ""2026-09-06T23:39:14.133481+00:00""}"
348.100000000,LOCAL_REPLAN,"{""message"": ""Call local replanning..."", ""wall_time_utc"": ""2026-09-06T23:39:20.021054+00:00""}"
348.100000000,REPLAN_REQUESTED,"{""message"": ""Replanning request. curr_vertex_idx: 28"", ""wall_time_utc"": ""2026-09-06T23:39:20.022927+00:00""}"
354.100000000,LOCAL_REPLAN,"{""message"": ""Call local replanning..."", ""wall_time_utc"": ""2026-09-06T23:39:26.036761+00:00""}"
354.100000000,REPLAN_REQUESTED,"{""message"": ""Replanning request. curr_vertex_idx: 28"", ""wall_time_utc"": ""2026-09-06T23:39:26.038842+00:00""}"
360.000000000,LOCAL_REPLAN,"{""message"": ""Call local replanning..."", ""wall_time_utc"": ""2026-09-06T23:39:31.919578+00:00""}"
360.000000000,REPLAN_REQUESTED,"{""message"": ""Replanning request. curr_vertex_idx: 28"", ""wall_time_utc"": ""2026-09-06T23:39:31.921456+00:00""}"
365.500000000,KARTO_LOOP_ACCEPTED,"{""chain_end"": 69, ""chain_start"": 64, ""current_scan"": 275, ""loop_count"": 1, ""received_ros_time"": 365.5, ""received_wall_time_utc"": ""2026-09-06T23:39:37.464684+00:00"", ""seq"": 1, ""stamp"": 365.5, ""wall_time_utc"": ""2026-09-06T23:39:37.464713+00:00""}"
365.500000000,KARTO_LOOP_CONSTRAINT,"{""message"": ""Add one Loop closure. 1 loops have been added."", ""wall_time_utc"": ""2026-09-06T23:39:37.464905+00:00""}"
366.000000000,LOCAL_REPLAN,"{""message"": ""Call local replanning..."", ""wall_time_utc"": ""2026-09-06T23:39:37.917127+00:00""}"
366.000000000,REPLAN_REQUESTED,"{""message"": ""Replanning request. curr_vertex_idx: 28"", ""wall_time_utc"": ""2026-09-06T23:39:37.919081+00:00""}"
372.100000000,LOCAL_REPLAN,"{""message"": ""Call local replanning..."", ""wall_time_utc"": ""2026-09-06T23:39:44.031747+00:00""}"
372.100000000,REPLAN_REQUESTED,"{""message"": ""Replanning request. curr_vertex_idx: 28"", ""wall_time_utc"": ""2026-09-06T23:39:44.033854+00:00""}"
378.000000000,LOCAL_REPLAN,"{""message"": ""Call local replanning..."", ""wall_time_utc"": ""2026-09-06T23:39:49.922440+00:00""}"
378.000000000,REPLAN_REQUESTED,"{""message"": ""Replanning request. curr_vertex_idx: 28"", ""wall_time_utc"": ""2026-09-06T23:39:49.924099+00:00""}"
384.000000000,LOCAL_REPLAN,"{""message"": ""Call local replanning..."", ""wall_time_utc"": ""2026-09-06T23:39:55.924887+00:00""}"
384.000000000,REPLAN_REQUESTED,"{""message"": ""Replanning request. curr_vertex_idx: 28"", ""wall_time_utc"": ""2026-09-06T23:39:55.927222+00:00""}"
390.000000000,LOCAL_REPLAN,"{""message"": ""Call local replanning..."", ""wall_time_utc"": ""2026-09-06T23:40:01.929359+00:00""}"
390.000000000,REPLAN_REQUESTED,"{""message"": ""Replanning request. curr_vertex_idx: 28"", ""wall_time_utc"": ""2026-09-06T23:40:01.931298+00:00""}"
396.100000000,LOCAL_REPLAN,"{""message"": ""Call local replanning..."", ""wall_time_utc"": ""2026-09-06T23:40:08.037161+00:00""}"
396.100000000,REPLAN_REQUESTED,"{""message"": ""Replanning request. curr_vertex_idx: 28"", ""wall_time_utc"": ""2026-09-06T23:40:08.039281+00:00""}"
402.100000000,LOCAL_REPLAN,"{""message"": ""Call local replanning..."", ""wall_time_utc"": ""2026-09-06T23:40:14.097952+00:00""}"
402.100000000,REPLAN_REQUESTED,"{""message"": ""Replanning request. curr_vertex_idx: 28"", ""wall_time_utc"": ""2026-09-06T23:40:14.100173+00:00""}"
407.900000000,LOCAL_REPLAN,"{""message"": ""Call local replanning..."", ""wall_time_utc"": ""2026-09-06T23:40:19.844761+00:00""}"
407.900000000,REPLAN_REQUESTED,"{""message"": ""Replanning request. curr_vertex_idx: 28"", ""wall_time_utc"": ""2026-09-06T23:40:19.846943+00:00""}"
414.100000000,LOCAL_REPLAN,"{""message"": ""Call local replanning..."", ""wall_time_utc"": ""2026-09-06T23:40:26.101874+00:00""}"
414.100000000,REPLAN_REQUESTED,"{""message"": ""Replanning request. curr_vertex_idx: 28"", ""wall_time_utc"": ""2026-09-06T23:40:26.104024+00:00""}"
420.100000000,LOCAL_REPLAN,"{""message"": ""Call local replanning..."", ""wall_time_utc"": ""2026-09-06T23:40:32.113184+00:00""}"
420.200000000,REPLAN_REQUESTED,"{""message"": ""Replanning request. curr_vertex_idx: 28"", ""wall_time_utc"": ""2026-09-06T23:40:32.115493+00:00""}"
425.900000000,LOCAL_REPLAN,"{""message"": ""Call local replanning..."", ""wall_time_utc"": ""2026-09-06T23:40:37.834525+00:00""}"
425.900000000,REPLAN_REQUESTED,"{""message"": ""Replanning request. curr_vertex_idx: 28"", ""wall_time_utc"": ""2026-09-06T23:40:37.836023+00:00""}"
432.100000000,LOCAL_REPLAN,"{""message"": ""Call local replanning..."", ""wall_time_utc"": ""2026-09-06T23:40:44.050740+00:00""}"
432.100000000,REPLAN_REQUESTED,"{""message"": ""Replanning request. curr_vertex_idx: 28"", ""wall_time_utc"": ""2026-09-06T23:40:44.052510+00:00""}"
438.000000000,LOCAL_REPLAN,"{""message"": ""Call local replanning..."", ""wall_time_utc"": ""2026-09-06T23:40:49.990370+00:00""}"
438.000000000,REPLAN_REQUESTED,"{""message"": ""Replanning request. curr_vertex_idx: 28"", ""wall_time_utc"": ""2026-09-06T23:40:49.992405+00:00""}"
444.000000000,LOCAL_REPLAN,"{""message"": ""Call local replanning..."", ""wall_time_utc"": ""2026-09-06T23:40:55.937295+00:00""}"
444.000000000,REPLAN_REQUESTED,"{""message"": ""Replanning request. curr_vertex_idx: 28"", ""wall_time_utc"": ""2026-09-06T23:40:55.939397+00:00""}"
450.000000000,LOCAL_REPLAN,"{""message"": ""Call local replanning..."", ""wall_time_utc"": ""2026-09-06T23:41:01.996839+00:00""}"
450.000000000,REPLAN_REQUESTED,"{""message"": ""Replanning request. curr_vertex_idx: 28"", ""wall_time_utc"": ""2026-09-06T23:41:01.998784+00:00""}"
456.000000000,LOCAL_REPLAN,"{""message"": ""Call local replanning..."", ""wall_time_utc"": ""2026-09-06T23:41:07.931420+00:00""}"
456.000000000,REPLAN_REQUESTED,"{""message"": ""Replanning request. curr_vertex_idx: 28"", ""wall_time_utc"": ""2026-09-06T23:41:07.933144+00:00""}"
462.000000000,LOCAL_REPLAN,"{""message"": ""Call local replanning..."", ""wall_time_utc"": ""2026-09-06T23:41:14.000204+00:00""}"
462.000000000,REPLAN_REQUESTED,"{""message"": ""Replanning request. curr_vertex_idx: 28"", ""wall_time_utc"": ""2026-09-06T23:41:14.002267+00:00""}"
468.000000000,LOCAL_REPLAN,"{""message"": ""Call local replanning..."", ""wall_time_utc"": ""2026-09-06T23:41:19.935473+00:00""}"
468.000000000,REPLAN_REQUESTED,"{""message"": ""Replanning request. curr_vertex_idx: 28"", ""wall_time_utc"": ""2026-09-06T23:41:19.937100+00:00""}"
468.700000000,KARTO_LOOP_ACCEPTED,"{""chain_end"": 218, ""chain_start"": 213, ""current_scan"": 342, ""loop_count"": 2, ""received_ros_time"": 468.7, ""received_wall_time_utc"": ""2026-09-06T23:41:20.640718+00:00"", ""seq"": 2, ""stamp"": 468.7, ""wall_time_utc"": ""2026-09-06T23:41:20.640740+00:00""}"
468.700000000,KARTO_LOOP_CONSTRAINT,"{""message"": ""Add one Loop closure. 2 loops have been added."", ""wall_time_utc"": ""2026-09-06T23:41:20.640980+00:00""}"
474.000000000,LOCAL_REPLAN,"{""message"": ""Call local replanning..."", ""wall_time_utc"": ""2026-09-06T23:41:26.002843+00:00""}"
474.000000000,REPLAN_REQUESTED,"{""message"": ""Replanning request. curr_vertex_idx: 28"", ""wall_time_utc"": ""2026-09-06T23:41:26.004639+00:00""}"
480.000000000,LOCAL_REPLAN,"{""message"": ""Call local replanning..."", ""wall_time_utc"": ""2026-09-06T23:41:31.932887+00:00""}"
480.000000000,REPLAN_REQUESTED,"{""message"": ""Replanning request. curr_vertex_idx: 28"", ""wall_time_utc"": ""2026-09-06T23:41:31.934478+00:00""}"
486.100000000,LOCAL_REPLAN,"{""message"": ""Call local replanning..."", ""wall_time_utc"": ""2026-09-06T23:41:38.046026+00:00""}"
486.100000000,REPLAN_REQUESTED,"{""message"": ""Replanning request. curr_vertex_idx: 28"", ""wall_time_utc"": ""2026-09-06T23:41:38.048079+00:00""}"
492.100000000,LOCAL_REPLAN,"{""message"": ""Call local replanning..."", ""wall_time_utc"": ""2026-09-06T23:41:44.053650+00:00""}"
492.100000000,REPLAN_REQUESTED,"{""message"": ""Replanning request. curr_vertex_idx: 28"", ""wall_time_utc"": ""2026-09-06T23:41:44.055737+00:00""}"
498.100000000,LOCAL_REPLAN,"{""message"": ""Call local replanning..."", ""wall_time_utc"": ""2026-09-06T23:41:50.087875+00:00""}"
498.100000000,REPLAN_REQUESTED,"{""message"": ""Replanning request. curr_vertex_idx: 28"", ""wall_time_utc"": ""2026-09-06T23:41:50.090006+00:00""}"
504.100000000,LOCAL_REPLAN,"{""message"": ""Call local replanning..."", ""wall_time_utc"": ""2026-09-06T23:41:56.050544+00:00""}"
504.100000000,REPLAN_REQUESTED,"{""message"": ""Replanning request. curr_vertex_idx: 28"", ""wall_time_utc"": ""2026-09-06T23:41:56.052587+00:00""}"
510.000000000,LOCAL_REPLAN,"{""message"": ""Call local replanning..."", ""wall_time_utc"": ""2026-09-06T23:42:02.010775+00:00""}"
510.000000000,REPLAN_REQUESTED,"{""message"": ""Replanning request. curr_vertex_idx: 28"", ""wall_time_utc"": ""2026-09-06T23:42:02.012874+00:00""}"
516.100000000,LOCAL_REPLAN,"{""message"": ""Call local replanning..."", ""wall_time_utc"": ""2026-09-06T23:42:08.034213+00:00""}"
516.100000000,REPLAN_REQUESTED,"{""message"": ""Replanning request. curr_vertex_idx: 28"", ""wall_time_utc"": ""2026-09-06T23:42:08.035950+00:00""}"
522.000000000,LOCAL_REPLAN,"{""message"": ""Call local replanning..."", ""wall_time_utc"": ""2026-09-06T23:42:13.944580+00:00""}"
522.000000000,REPLAN_REQUESTED,"{""message"": ""Replanning request. curr_vertex_idx: 28"", ""wall_time_utc"": ""2026-09-06T23:42:13.946924+00:00""}"
528.000000000,LOCAL_REPLAN,"{""message"": ""Call local replanning..."", ""wall_time_utc"": ""2026-09-06T23:42:19.944856+00:00""}"
528.000000000,REPLAN_REQUESTED,"{""message"": ""Replanning request. curr_vertex_idx: 28"", ""wall_time_utc"": ""2026-09-06T23:42:19.946805+00:00""}"
534.100000000,LOCAL_REPLAN,"{""message"": ""Call local replanning..."", ""wall_time_utc"": ""2026-09-06T23:42:26.050170+00:00""}"
534.100000000,REPLAN_REQUESTED,"{""message"": ""Replanning request. curr_vertex_idx: 28"", ""wall_time_utc"": ""2026-09-06T23:42:26.052443+00:00""}"
540.000000000,LOCAL_REPLAN,"{""message"": ""Call local replanning..."", ""wall_time_utc"": ""2026-09-06T23:42:31.947510+00:00""}"
540.000000000,REPLAN_REQUESTED,"{""message"": ""Replanning request. curr_vertex_idx: 28"", ""wall_time_utc"": ""2026-09-06T23:42:31.949279+00:00""}"
546.200000000,LOCAL_REPLAN,"{""message"": ""Call local replanning..."", ""wall_time_utc"": ""2026-09-06T23:42:38.169867+00:00""}"
546.200000000,REPLAN_REQUESTED,"{""message"": ""Replanning request. curr_vertex_idx: 28"", ""wall_time_utc"": ""2026-09-06T23:42:38.171883+00:00""}"
552.000000000,LOCAL_REPLAN,"{""message"": ""Call local replanning..."", ""wall_time_utc"": ""2026-09-06T23:42:43.942377+00:00""}"
552.000000000,REPLAN_REQUESTED,"{""message"": ""Replanning request. curr_vertex_idx: 28"", ""wall_time_utc"": ""2026-09-06T23:42:43.944394+00:00""}"
558.100000000,LOCAL_REPLAN,"{""message"": ""Call local replanning..."", ""wall_time_utc"": ""2026-09-06T23:42:50.053155+00:00""}"
558.100000000,REPLAN_REQUESTED,"{""message"": ""Replanning request. curr_vertex_idx: 28"", ""wall_time_utc"": ""2026-09-06T23:42:50.055260+00:00""}"
564.100000000,LOCAL_REPLAN,"{""message"": ""Call local replanning..."", ""wall_time_utc"": ""2026-09-06T23:42:56.032129+00:00""}"
564.100000000,REPLAN_REQUESTED,"{""message"": ""Replanning request. curr_vertex_idx: 28"", ""wall_time_utc"": ""2026-09-06T23:42:56.034066+00:00""}"
570.100000000,LOCAL_REPLAN,"{""message"": ""Call local replanning..."", ""wall_time_utc"": ""2026-09-06T23:43:02.054611+00:00""}"
570.100000000,REPLAN_REQUESTED,"{""message"": ""Replanning request. curr_vertex_idx: 28"", ""wall_time_utc"": ""2026-09-06T23:43:02.056710+00:00""}"
572.200000000,LOCAL_REPLAN,"{""message"": ""Call local replanning..."", ""wall_time_utc"": ""2026-09-06T23:43:04.152426+00:00""}"
572.200000000,REPLAN_REQUESTED,"{""message"": ""Replanning request. curr_vertex_idx: 28"", ""wall_time_utc"": ""2026-09-06T23:43:04.155204+00:00""}"
578.100000000,LOCAL_REPLAN,"{""message"": ""Call local replanning..."", ""wall_time_utc"": ""2026-09-06T23:43:10.071803+00:00""}"
578.100000000,REPLAN_REQUESTED,"{""message"": ""Replanning request. curr_vertex_idx: 28"", ""wall_time_utc"": ""2026-09-06T23:43:10.074191+00:00""}"
584.100000000,LOCAL_REPLAN,"{""message"": ""Call local replanning..."", ""wall_time_utc"": ""2026-09-06T23:43:16.074155+00:00""}"
584.100000000,REPLAN_REQUESTED,"{""message"": ""Replanning request. curr_vertex_idx: 28"", ""wall_time_utc"": ""2026-09-06T23:43:16.076242+00:00""}"
589.900000000,LOCAL_REPLAN,"{""message"": ""Call local replanning..."", ""wall_time_utc"": ""2026-09-06T23:43:21.851140+00:00""}"
589.900000000,REPLAN_REQUESTED,"{""message"": ""Replanning request. curr_vertex_idx: 28"", ""wall_time_utc"": ""2026-09-06T23:43:21.852716+00:00""}"
595.200000000,LOCAL_REPLAN,"{""message"": ""Call local replanning..."", ""wall_time_utc"": ""2026-09-06T23:43:27.150572+00:00""}"
595.200000000,REPLAN_REQUESTED,"{""message"": ""Replanning request. curr_vertex_idx: 28"", ""wall_time_utc"": ""2026-09-06T23:43:27.152704+00:00""}"
601.000000000,LOCAL_REPLAN,"{""message"": ""Call local replanning..."", ""wall_time_utc"": ""2026-09-06T23:43:32.985267+00:00""}"
601.000000000,REPLAN_REQUESTED,"{""message"": ""Replanning request. curr_vertex_idx: 28"", ""wall_time_utc"": ""2026-09-06T23:43:32.986925+00:00""}"
607.100000000,LOCAL_REPLAN,"{""message"": ""Call local replanning..."", ""wall_time_utc"": ""2026-09-06T23:43:39.091558+00:00""}"
607.100000000,REPLAN_REQUESTED,"{""message"": ""Replanning request. curr_vertex_idx: 28"", ""wall_time_utc"": ""2026-09-06T23:43:39.093774+00:00""}"
613.200000000,LOCAL_REPLAN,"{""message"": ""Call local replanning..."", ""wall_time_utc"": ""2026-09-06T23:43:45.177973+00:00""}"
613.200000000,REPLAN_REQUESTED,"{""message"": ""Replanning request. curr_vertex_idx: 28"", ""wall_time_utc"": ""2026-09-06T23:43:45.180366+00:00""}"
619.000000000,LOCAL_REPLAN,"{""message"": ""Call local replanning..."", ""wall_time_utc"": ""2026-09-06T23:43:50.964119+00:00""}"
619.000000000,REPLAN_REQUESTED,"{""message"": ""Replanning request. curr_vertex_idx: 28"", ""wall_time_utc"": ""2026-09-06T23:43:50.966243+00:00""}"
625.100000000,LOCAL_REPLAN,"{""message"": ""Call local replanning..."", ""wall_time_utc"": ""2026-09-06T23:43:57.068400+00:00""}"
625.100000000,REPLAN_REQUESTED,"{""message"": ""Replanning request. curr_vertex_idx: 28"", ""wall_time_utc"": ""2026-09-06T23:43:57.070245+00:00""}"
630.900000000,LOCAL_REPLAN,"{""message"": ""Call local replanning..."", ""wall_time_utc"": ""2026-09-06T23:44:02.892572+00:00""}"
630.900000000,REPLAN_REQUESTED,"{""message"": ""Replanning request. curr_vertex_idx: 28"", ""wall_time_utc"": ""2026-09-06T23:44:02.894469+00:00""}"
637.100000000,LOCAL_REPLAN,"{""message"": ""Call local replanning..."", ""wall_time_utc"": ""2026-09-06T23:44:09.075912+00:00""}"
637.100000000,REPLAN_REQUESTED,"{""message"": ""Replanning request. curr_vertex_idx: 28"", ""wall_time_utc"": ""2026-09-06T23:44:09.077607+00:00""}"
643.100000000,LOCAL_REPLAN,"{""message"": ""Call local replanning..."", ""wall_time_utc"": ""2026-09-06T23:44:15.104396+00:00""}"
643.100000000,REPLAN_REQUESTED,"{""message"": ""Replanning request. curr_vertex_idx: 28"", ""wall_time_utc"": ""2026-09-06T23:44:15.106400+00:00""}"
649.000000000,LOCAL_REPLAN,"{""message"": ""Call local replanning..."", ""wall_time_utc"": ""2026-09-06T23:44:20.975090+00:00""}"
649.000000000,REPLAN_REQUESTED,"{""message"": ""Replanning request. curr_vertex_idx: 28"", ""wall_time_utc"": ""2026-09-06T23:44:20.976631+00:00""}"
655.200000000,LOCAL_REPLAN,"{""message"": ""Call local replanning..."", ""wall_time_utc"": ""2026-09-06T23:44:27.121938+00:00""}"
655.200000000,REPLAN_REQUESTED,"{""message"": ""Replanning request. curr_vertex_idx: 28"", ""wall_time_utc"": ""2026-09-06T23:44:27.123555+00:00""}"
661.100000000,LOCAL_REPLAN,"{""message"": ""Call local replanning..."", ""wall_time_utc"": ""2026-09-06T23:44:33.048726+00:00""}"
661.100000000,REPLAN_REQUESTED,"{""message"": ""Replanning request. curr_vertex_idx: 28"", ""wall_time_utc"": ""2026-09-06T23:44:33.050213+00:00""}"
667.100000000,LOCAL_REPLAN,"{""message"": ""Call local replanning..."", ""wall_time_utc"": ""2026-09-06T23:44:39.087817+00:00""}"
667.100000000,REPLAN_REQUESTED,"{""message"": ""Replanning request. curr_vertex_idx: 28"", ""wall_time_utc"": ""2026-09-06T23:44:39.089739+00:00""}"
673.000000000,LOCAL_REPLAN,"{""message"": ""Call local replanning..."", ""wall_time_utc"": ""2026-09-06T23:44:44.973078+00:00""}"
673.000000000,REPLAN_REQUESTED,"{""message"": ""Replanning request. curr_vertex_idx: 28"", ""wall_time_utc"": ""2026-09-06T23:44:44.974736+00:00""}"
673.700000000,KARTO_LOOP_CONSTRAINT,"{""message"": ""Add one Loop closure. 3 loops have been added."", ""wall_time_utc"": ""2026-09-06T23:44:45.639811+00:00""}"
673.700000000,KARTO_LOOP_ACCEPTED,"{""chain_end"": 48, ""chain_start"": 39, ""current_scan"": 542, ""loop_count"": 3, ""received_ros_time"": 673.7, ""received_wall_time_utc"": ""2026-09-06T23:44:45.640100+00:00"", ""seq"": 3, ""stamp"": 673.7, ""wall_time_utc"": ""2026-09-06T23:44:45.640117+00:00""}"
679.100000000,LOCAL_REPLAN,"{""message"": ""Call local replanning..."", ""wall_time_utc"": ""2026-09-06T23:44:51.070584+00:00""}"
679.100000000,REPLAN_REQUESTED,"{""message"": ""Replanning request. curr_vertex_idx: 28"", ""wall_time_utc"": ""2026-09-06T23:44:51.072703+00:00""}"
685.200000000,LOCAL_REPLAN,"{""message"": ""Call local replanning..."", ""wall_time_utc"": ""2026-09-06T23:44:57.124039+00:00""}"
685.200000000,REPLAN_REQUESTED,"{""message"": ""Replanning request. curr_vertex_idx: 28"", ""wall_time_utc"": ""2026-09-06T23:44:57.125761+00:00""}"
691.100000000,LOCAL_REPLAN,"{""message"": ""Call local replanning..."", ""wall_time_utc"": ""2026-09-06T23:45:03.084190+00:00""}"
691.100000000,REPLAN_REQUESTED,"{""message"": ""Replanning request. curr_vertex_idx: 28"", ""wall_time_utc"": ""2026-09-06T23:45:03.086377+00:00""}"
697.000000000,LOCAL_REPLAN,"{""message"": ""Call local replanning..."", ""wall_time_utc"": ""2026-09-06T23:45:08.972375+00:00""}"
697.000000000,REPLAN_REQUESTED,"{""message"": ""Replanning request. curr_vertex_idx: 28"", ""wall_time_utc"": ""2026-09-06T23:45:08.974333+00:00""}"
703.000000000,LOCAL_REPLAN,"{""message"": ""Call local replanning..."", ""wall_time_utc"": ""2026-09-06T23:45:14.980026+00:00""}"
703.000000000,REPLAN_REQUESTED,"{""message"": ""Replanning request. curr_vertex_idx: 28"", ""wall_time_utc"": ""2026-09-06T23:45:14.981929+00:00""}"
709.300000000,LOCAL_REPLAN,"{""message"": ""Call local replanning..."", ""wall_time_utc"": ""2026-09-06T23:45:21.222455+00:00""}"
709.300000000,REPLAN_REQUESTED,"{""message"": ""Replanning request. curr_vertex_idx: 28"", ""wall_time_utc"": ""2026-09-06T23:45:21.224232+00:00""}"
715.100000000,LOCAL_REPLAN,"{""message"": ""Call local replanning..."", ""wall_time_utc"": ""2026-09-06T23:45:27.016574+00:00""}"
715.100000000,REPLAN_REQUESTED,"{""message"": ""Replanning request. curr_vertex_idx: 28"", ""wall_time_utc"": ""2026-09-06T23:45:27.018502+00:00""}"
721.000000000,LOCAL_REPLAN,"{""message"": ""Call local replanning..."", ""wall_time_utc"": ""2026-09-06T23:45:32.988121+00:00""}"
721.000000000,REPLAN_REQUESTED,"{""message"": ""Replanning request. curr_vertex_idx: 28"", ""wall_time_utc"": ""2026-09-06T23:45:32.989879+00:00""}"
726.900000000,LOCAL_REPLAN,"{""message"": ""Call local replanning..."", ""wall_time_utc"": ""2026-09-06T23:45:38.867864+00:00""}"
726.900000000,REPLAN_REQUESTED,"{""message"": ""Replanning request. curr_vertex_idx: 28"", ""wall_time_utc"": ""2026-09-06T23:45:38.869833+00:00""}"
733.000000000,LOCAL_REPLAN,"{""message"": ""Call local replanning..."", ""wall_time_utc"": ""2026-09-06T23:45:44.974521+00:00""}"
733.000000000,REPLAN_REQUESTED,"{""message"": ""Replanning request. curr_vertex_idx: 28"", ""wall_time_utc"": ""2026-09-06T23:45:44.976289+00:00""}"
738.900000000,LOCAL_REPLAN,"{""message"": ""Call local replanning..."", ""wall_time_utc"": ""2026-09-06T23:45:50.906224+00:00""}"
738.900000000,REPLAN_REQUESTED,"{""message"": ""Replanning request. curr_vertex_idx: 28"", ""wall_time_utc"": ""2026-09-06T23:45:50.908115+00:00""}"
745.000000000,LOCAL_REPLAN,"{""message"": ""Call local replanning..."", ""wall_time_utc"": ""2026-09-06T23:45:57.010291+00:00""}"
745.000000000,REPLAN_REQUESTED,"{""message"": ""Replanning request. curr_vertex_idx: 28"", ""wall_time_utc"": ""2026-09-06T23:45:57.012289+00:00""}"
751.100000000,LOCAL_REPLAN,"{""message"": ""Call local replanning..."", ""wall_time_utc"": ""2026-09-06T23:46:03.085295+00:00""}"
751.100000000,REPLAN_REQUESTED,"{""message"": ""Replanning request. curr_vertex_idx: 28"", ""wall_time_utc"": ""2026-09-06T23:46:03.087272+00:00""}"
757.400000000,LOCAL_REPLAN,"{""message"": ""Call local replanning..."", ""wall_time_utc"": ""2026-09-06T23:46:09.321879+00:00""}"
757.400000000,REPLAN_REQUESTED,"{""message"": ""Replanning request. curr_vertex_idx: 28"", ""wall_time_utc"": ""2026-09-06T23:46:09.323511+00:00""}"
763.100000000,LOCAL_REPLAN,"{""message"": ""Call local replanning..."", ""wall_time_utc"": ""2026-09-06T23:46:15.102665+00:00""}"
763.100000000,REPLAN_REQUESTED,"{""message"": ""Replanning request. curr_vertex_idx: 28"", ""wall_time_utc"": ""2026-09-06T23:46:15.104244+00:00""}"
769.000000000,LOCAL_REPLAN,"{""message"": ""Call local replanning..."", ""wall_time_utc"": ""2026-09-06T23:46:20.966604+00:00""}"
769.000000000,REPLAN_REQUESTED,"{""message"": ""Replanning request. curr_vertex_idx: 28"", ""wall_time_utc"": ""2026-09-06T23:46:20.968400+00:00""}"
775.100000000,LOCAL_REPLAN,"{""message"": ""Call local replanning..."", ""wall_time_utc"": ""2026-09-06T23:46:27.100145+00:00""}"
775.100000000,REPLAN_REQUESTED,"{""message"": ""Replanning request. curr_vertex_idx: 28"", ""wall_time_utc"": ""2026-09-06T23:46:27.102283+00:00""}"
781.000000000,LOCAL_REPLAN,"{""message"": ""Call local replanning..."", ""wall_time_utc"": ""2026-09-06T23:46:32.967754+00:00""}"
781.000000000,REPLAN_REQUESTED,"{""message"": ""Replanning request. curr_vertex_idx: 28"", ""wall_time_utc"": ""2026-09-06T23:46:32.969509+00:00""}"
787.200000000,LOCAL_REPLAN,"{""message"": ""Call local replanning..."", ""wall_time_utc"": ""2026-09-06T23:46:39.212283+00:00""}"
787.300000000,REPLAN_REQUESTED,"{""message"": ""Replanning request. curr_vertex_idx: 28"", ""wall_time_utc"": ""2026-09-06T23:46:39.213993+00:00""}"
793.300000000,LOCAL_REPLAN,"{""message"": ""Call local replanning..."", ""wall_time_utc"": ""2026-09-06T23:46:45.223227+00:00""}"
793.300000000,REPLAN_REQUESTED,"{""message"": ""Replanning request. curr_vertex_idx: 28"", ""wall_time_utc"": ""2026-09-06T23:46:45.224823+00:00""}"
799.100000000,LOCAL_REPLAN,"{""message"": ""Call local replanning..."", ""wall_time_utc"": ""2026-09-06T23:46:51.098624+00:00""}"
799.100000000,REPLAN_REQUESTED,"{""message"": ""Replanning request. curr_vertex_idx: 28"", ""wall_time_utc"": ""2026-09-06T23:46:51.100405+00:00""}"
805.000000000,LOCAL_REPLAN,"{""message"": ""Call local replanning..."", ""wall_time_utc"": ""2026-09-06T23:46:56.980624+00:00""}"
805.000000000,REPLAN_REQUESTED,"{""message"": ""Replanning request. curr_vertex_idx: 28"", ""wall_time_utc"": ""2026-09-06T23:46:56.983137+00:00""}"
811.300000000,LOCAL_REPLAN,"{""message"": ""Call local replanning..."", ""wall_time_utc"": ""2026-09-06T23:47:03.240403+00:00""}"
811.300000000,REPLAN_REQUESTED,"{""message"": ""Replanning request. curr_vertex_idx: 28"", ""wall_time_utc"": ""2026-09-06T23:47:03.242317+00:00""}"
817.000000000,LOCAL_REPLAN,"{""message"": ""Call local replanning..."", ""wall_time_utc"": ""2026-09-06T23:47:08.982728+00:00""}"
817.000000000,REPLAN_REQUESTED,"{""message"": ""Replanning request. curr_vertex_idx: 28"", ""wall_time_utc"": ""2026-09-06T23:47:08.985185+00:00""}"
823.100000000,LOCAL_REPLAN,"{""message"": ""Call local replanning..."", ""wall_time_utc"": ""2026-09-06T23:47:15.028391+00:00""}"
823.100000000,REPLAN_REQUESTED,"{""message"": ""Replanning request. curr_vertex_idx: 28"", ""wall_time_utc"": ""2026-09-06T23:47:15.030757+00:00""}"
829.100000000,LOCAL_REPLAN,"{""message"": ""Call local replanning..."", ""wall_time_utc"": ""2026-09-06T23:47:21.099283+00:00""}"
829.100000000,REPLAN_REQUESTED,"{""message"": ""Replanning request. curr_vertex_idx: 28"", ""wall_time_utc"": ""2026-09-06T23:47:21.101429+00:00""}"
835.200000000,LOCAL_REPLAN,"{""message"": ""Call local replanning..."", ""wall_time_utc"": ""2026-09-06T23:47:27.116779+00:00""}"
835.200000000,REPLAN_REQUESTED,"{""message"": ""Replanning request. curr_vertex_idx: 28"", ""wall_time_utc"": ""2026-09-06T23:47:27.118823+00:00""}"
841.200000000,LOCAL_REPLAN,"{""message"": ""Call local replanning..."", ""wall_time_utc"": ""2026-09-06T23:47:33.124440+00:00""}"
841.200000000,REPLAN_REQUESTED,"{""message"": ""Replanning request. curr_vertex_idx: 28"", ""wall_time_utc"": ""2026-09-06T23:47:33.126715+00:00""}"
843.900000000,KARTO_LOOP_CONSTRAINT,"{""message"": ""Add one Loop closure. 4 loops have been added."", ""wall_time_utc"": ""2026-09-06T23:47:35.837634+00:00""}"
843.900000000,KARTO_LOOP_ACCEPTED,"{""chain_end"": 122, ""chain_start"": 115, ""current_scan"": 661, ""loop_count"": 4, ""received_ros_time"": 843.9, ""received_wall_time_utc"": ""2026-09-06T23:47:35.837764+00:00"", ""seq"": 4, ""stamp"": 843.9, ""wall_time_utc"": ""2026-09-06T23:47:35.837876+00:00""}"
847.100000000,LOCAL_REPLAN,"{""message"": ""Call local replanning..."", ""wall_time_utc"": ""2026-09-06T23:47:39.106149+00:00""}"
847.100000000,REPLAN_REQUESTED,"{""message"": ""Replanning request. curr_vertex_idx: 28"", ""wall_time_utc"": ""2026-09-06T23:47:39.108305+00:00""}"
853.000000000,LOCAL_REPLAN,"{""message"": ""Call local replanning..."", ""wall_time_utc"": ""2026-09-06T23:47:44.970261+00:00""}"
853.000000000,REPLAN_REQUESTED,"{""message"": ""Replanning request. curr_vertex_idx: 28"", ""wall_time_utc"": ""2026-09-06T23:47:44.972600+00:00""}"
859.300000000,LOCAL_REPLAN,"{""message"": ""Call local replanning..."", ""wall_time_utc"": ""2026-09-06T23:47:51.235598+00:00""}"
859.300000000,REPLAN_REQUESTED,"{""message"": ""Replanning request. curr_vertex_idx: 28"", ""wall_time_utc"": ""2026-09-06T23:47:51.237636+00:00""}"
865.000000000,LOCAL_REPLAN,"{""message"": ""Call local replanning..."", ""wall_time_utc"": ""2026-09-06T23:47:56.931179+00:00""}"
865.000000000,REPLAN_REQUESTED,"{""message"": ""Replanning request. curr_vertex_idx: 28"", ""wall_time_utc"": ""2026-09-06T23:47:56.933072+00:00""}"
871.000000000,LOCAL_REPLAN,"{""message"": ""Call local replanning..."", ""wall_time_utc"": ""2026-09-06T23:48:02.968475+00:00""}"
871.000000000,REPLAN_REQUESTED,"{""message"": ""Replanning request. curr_vertex_idx: 28"", ""wall_time_utc"": ""2026-09-06T23:48:02.970693+00:00""}"
876.400000000,LOCAL_REPLAN,"{""message"": ""Call local replanning..."", ""wall_time_utc"": ""2026-09-06T23:48:08.393516+00:00""}"
876.400000000,REPLAN_REQUESTED,"{""message"": ""Replanning request. curr_vertex_idx: 28"", ""wall_time_utc"": ""2026-09-06T23:48:08.395750+00:00""}"
878.100000000,LOCAL_REPLAN,"{""message"": ""Call local replanning..."", ""wall_time_utc"": ""2026-09-06T23:48:10.110701+00:00""}"
878.100000000,REPLAN_REQUESTED,"{""message"": ""Replanning request. curr_vertex_idx: 28"", ""wall_time_utc"": ""2026-09-06T23:48:10.113115+00:00""}"
884.100000000,LOCAL_REPLAN,"{""message"": ""Call local replanning..."", ""wall_time_utc"": ""2026-09-06T23:48:16.111845+00:00""}"
884.200000000,REPLAN_REQUESTED,"{""message"": ""Replanning request. curr_vertex_idx: 28"", ""wall_time_utc"": ""2026-09-06T23:48:16.113913+00:00""}"
890.400000000,LOCAL_REPLAN,"{""message"": ""Call local replanning..."", ""wall_time_utc"": ""2026-09-06T23:48:22.375269+00:00""}"
890.400000000,REPLAN_REQUESTED,"{""message"": ""Replanning request. curr_vertex_idx: 28"", ""wall_time_utc"": ""2026-09-06T23:48:22.377520+00:00""}"
896.100000000,LOCAL_REPLAN,"{""message"": ""Call local replanning..."", ""wall_time_utc"": ""2026-09-06T23:48:28.103302+00:00""}"
896.100000000,REPLAN_REQUESTED,"{""message"": ""Replanning request. curr_vertex_idx: 28"", ""wall_time_utc"": ""2026-09-06T23:48:28.105134+00:00""}"
902.300000000,LOCAL_REPLAN,"{""message"": ""Call local replanning..."", ""wall_time_utc"": ""2026-09-06T23:48:34.275445+00:00""}"
902.300000000,REPLAN_REQUESTED,"{""message"": ""Replanning request. curr_vertex_idx: 28"", ""wall_time_utc"": ""2026-09-06T23:48:34.277465+00:00""}"
908.000000000,LOCAL_REPLAN,"{""message"": ""Call local replanning..."", ""wall_time_utc"": ""2026-09-06T23:48:39.977336+00:00""}"
908.000000000,REPLAN_REQUESTED,"{""message"": ""Replanning request. curr_vertex_idx: 28"", ""wall_time_utc"": ""2026-09-06T23:48:39.979483+00:00""}"
914.200000000,LOCAL_REPLAN,"{""message"": ""Call local replanning..."", ""wall_time_utc"": ""2026-09-06T23:48:46.157069+00:00""}"
914.200000000,REPLAN_REQUESTED,"{""message"": ""Replanning request. curr_vertex_idx: 28"", ""wall_time_utc"": ""2026-09-06T23:48:46.159340+00:00""}"
920.300000000,LOCAL_REPLAN,"{""message"": ""Call local replanning..."", ""wall_time_utc"": ""2026-09-06T23:48:52.291207+00:00""}"
920.300000000,REPLAN_REQUESTED,"{""message"": ""Replanning request. curr_vertex_idx: 28"", ""wall_time_utc"": ""2026-09-06T23:48:52.293209+00:00""}"
926.000000000,LOCAL_REPLAN,"{""message"": ""Call local replanning..."", ""wall_time_utc"": ""2026-09-06T23:48:57.958253+00:00""}"
926.000000000,REPLAN_REQUESTED,"{""message"": ""Replanning request. curr_vertex_idx: 28"", ""wall_time_utc"": ""2026-09-06T23:48:57.960134+00:00""}"
932.200000000,LOCAL_REPLAN,"{""message"": ""Call local replanning..."", ""wall_time_utc"": ""2026-09-06T23:49:04.114733+00:00""}"
932.200000000,REPLAN_REQUESTED,"{""message"": ""Replanning request. curr_vertex_idx: 28"", ""wall_time_utc"": ""2026-09-06T23:49:04.117083+00:00""}"
938.100000000,LOCAL_REPLAN,"{""message"": ""Call local replanning..."", ""wall_time_utc"": ""2026-09-06T23:49:10.112730+00:00""}"
938.200000000,REPLAN_REQUESTED,"{""message"": ""Replanning request. curr_vertex_idx: 28"", ""wall_time_utc"": ""2026-09-06T23:49:10.114629+00:00""}"
944.200000000,LOCAL_REPLAN,"{""message"": ""Call local replanning..."", ""wall_time_utc"": ""2026-09-06T23:49:16.132561+00:00""}"
944.200000000,REPLAN_REQUESTED,"{""message"": ""Replanning request. curr_vertex_idx: 28"", ""wall_time_utc"": ""2026-09-06T23:49:16.134938+00:00""}"
950.000000000,LOCAL_REPLAN,"{""message"": ""Call local replanning..."", ""wall_time_utc"": ""2026-09-06T23:49:21.921477+00:00""}"
950.000000000,REPLAN_REQUESTED,"{""message"": ""Replanning request. curr_vertex_idx: 28"", ""wall_time_utc"": ""2026-09-06T23:49:21.923285+00:00""}"
956.100000000,LOCAL_REPLAN,"{""message"": ""Call local replanning..."", ""wall_time_utc"": ""2026-09-06T23:49:28.112594+00:00""}"
956.200000000,REPLAN_REQUESTED,"{""message"": ""Replanning request. curr_vertex_idx: 28"", ""wall_time_utc"": ""2026-09-06T23:49:28.114715+00:00""}"
962.000000000,LOCAL_REPLAN,"{""message"": ""Call local replanning..."", ""wall_time_utc"": ""2026-09-06T23:49:33.972941+00:00""}"
962.000000000,REPLAN_REQUESTED,"{""message"": ""Replanning request. curr_vertex_idx: 28"", ""wall_time_utc"": ""2026-09-06T23:49:33.975030+00:00""}"
968.400000000,LOCAL_REPLAN,"{""message"": ""Call local replanning..."", ""wall_time_utc"": ""2026-09-06T23:49:40.317861+00:00""}"
968.400000000,REPLAN_REQUESTED,"{""message"": ""Replanning request. curr_vertex_idx: 28"", ""wall_time_utc"": ""2026-09-06T23:49:40.319843+00:00""}"
974.200000000,LOCAL_REPLAN,"{""message"": ""Call local replanning..."", ""wall_time_utc"": ""2026-09-06T23:49:46.121706+00:00""}"
974.200000000,REPLAN_REQUESTED,"{""message"": ""Replanning request. curr_vertex_idx: 28"", ""wall_time_utc"": ""2026-09-06T23:49:46.123420+00:00""}"
980.300000000,LOCAL_REPLAN,"{""message"": ""Call local replanning..."", ""wall_time_utc"": ""2026-09-06T23:49:52.296617+00:00""}"
980.300000000,REPLAN_REQUESTED,"{""message"": ""Replanning request. curr_vertex_idx: 28"", ""wall_time_utc"": ""2026-09-06T23:49:52.298495+00:00""}"
986.200000000,LOCAL_REPLAN,"{""message"": ""Call local replanning..."", ""wall_time_utc"": ""2026-09-06T23:49:58.130735+00:00""}"
986.200000000,REPLAN_REQUESTED,"{""message"": ""Replanning request. curr_vertex_idx: 28"", ""wall_time_utc"": ""2026-09-06T23:49:58.132704+00:00""}"
992.300000000,LOCAL_REPLAN,"{""message"": ""Call local replanning..."", ""wall_time_utc"": ""2026-09-06T23:50:04.266974+00:00""}"
992.300000000,REPLAN_REQUESTED,"{""message"": ""Replanning request. curr_vertex_idx: 28"", ""wall_time_utc"": ""2026-09-06T23:50:04.268874+00:00""}"
998.000000000,LOCAL_REPLAN,"{""message"": ""Call local replanning..."", ""wall_time_utc"": ""2026-09-06T23:50:10.004260+00:00""}"
998.000000000,REPLAN_REQUESTED,"{""message"": ""Replanning request. curr_vertex_idx: 28"", ""wall_time_utc"": ""2026-09-06T23:50:10.006851+00:00""}"
1004.000000000,LOCAL_REPLAN,"{""message"": ""Call local replanning..."", ""wall_time_utc"": ""2026-09-06T23:50:15.994782+00:00""}"
1004.000000000,REPLAN_REQUESTED,"{""message"": ""Replanning request. curr_vertex_idx: 28"", ""wall_time_utc"": ""2026-09-06T23:50:15.997411+00:00""}"
1010.100000000,LOCAL_REPLAN,"{""message"": ""Call local replanning..."", ""wall_time_utc"": ""2026-09-06T23:50:22.107635+00:00""}"
1010.100000000,REPLAN_REQUESTED,"{""message"": ""Replanning request. curr_vertex_idx: 28"", ""wall_time_utc"": ""2026-09-06T23:50:22.109964+00:00""}"
1016.200000000,LOCAL_REPLAN,"{""message"": ""Call local replanning..."", ""wall_time_utc"": ""2026-09-06T23:50:28.197610+00:00""}"
1016.200000000,REPLAN_REQUESTED,"{""message"": ""Replanning request. curr_vertex_idx: 28"", ""wall_time_utc"": ""2026-09-06T23:50:28.199987+00:00""}"
1022.000000000,LOCAL_REPLAN,"{""message"": ""Call local replanning..."", ""wall_time_utc"": ""2026-09-06T23:50:33.978586+00:00""}"
1022.000000000,REPLAN_REQUESTED,"{""message"": ""Replanning request. curr_vertex_idx: 28"", ""wall_time_utc"": ""2026-09-06T23:50:33.980499+00:00""}"
1028.000000000,LOCAL_REPLAN,"{""message"": ""Call local replanning..."", ""wall_time_utc"": ""2026-09-06T23:50:39.987547+00:00""}"
1028.000000000,REPLAN_REQUESTED,"{""message"": ""Replanning request. curr_vertex_idx: 28"", ""wall_time_utc"": ""2026-09-06T23:50:39.989389+00:00""}"
1034.000000000,LOCAL_REPLAN,"{""message"": ""Call local replanning..."", ""wall_time_utc"": ""2026-09-06T23:50:45.940085+00:00""}"
1034.000000000,REPLAN_REQUESTED,"{""message"": ""Replanning request. curr_vertex_idx: 28"", ""wall_time_utc"": ""2026-09-06T23:50:45.941784+00:00""}"
1040.000000000,LOCAL_REPLAN,"{""message"": ""Call local replanning..."", ""wall_time_utc"": ""2026-09-06T23:50:51.973127+00:00""}"
1040.000000000,REPLAN_REQUESTED,"{""message"": ""Replanning request. curr_vertex_idx: 28"", ""wall_time_utc"": ""2026-09-06T23:50:51.975285+00:00""}"
1046.500000000,LOCAL_REPLAN,"{""message"": ""Call local replanning..."", ""wall_time_utc"": ""2026-09-06T23:50:58.452715+00:00""}"
1046.500000000,REPLAN_REQUESTED,"{""message"": ""Replanning request. curr_vertex_idx: 28"", ""wall_time_utc"": ""2026-09-06T23:50:58.454470+00:00""}"
1052.200000000,LOCAL_REPLAN,"{""message"": ""Call local replanning..."", ""wall_time_utc"": ""2026-09-06T23:51:04.150136+00:00""}"
1052.200000000,REPLAN_REQUESTED,"{""message"": ""Replanning request. curr_vertex_idx: 28"", ""wall_time_utc"": ""2026-09-06T23:51:04.151868+00:00""}"
1058.000000000,LOCAL_REPLAN,"{""message"": ""Call local replanning..."", ""wall_time_utc"": ""2026-09-06T23:51:10.002792+00:00""}"
1058.000000000,REPLAN_REQUESTED,"{""message"": ""Replanning request. curr_vertex_idx: 28"", ""wall_time_utc"": ""2026-09-06T23:51:10.004956+00:00""}"
1064.100000000,LOCAL_REPLAN,"{""message"": ""Call local replanning..."", ""wall_time_utc"": ""2026-09-06T23:51:16.031121+00:00""}"
1064.100000000,REPLAN_REQUESTED,"{""message"": ""Replanning request. curr_vertex_idx: 28"", ""wall_time_utc"": ""2026-09-06T23:51:16.033509+00:00""}"
1070.200000000,LOCAL_REPLAN,"{""message"": ""Call local replanning..."", ""wall_time_utc"": ""2026-09-06T23:51:22.156615+00:00""}"
1070.200000000,REPLAN_REQUESTED,"{""message"": ""Replanning request. curr_vertex_idx: 28"", ""wall_time_utc"": ""2026-09-06T23:51:22.158419+00:00""}"
1074.200000000,LOCAL_REPLAN,"{""message"": ""Call local replanning..."", ""wall_time_utc"": ""2026-09-06T23:51:26.153015+00:00""}"
1074.200000000,REPLAN_REQUESTED,"{""message"": ""Replanning request. curr_vertex_idx: 28"", ""wall_time_utc"": ""2026-09-06T23:51:26.155135+00:00""}"
1080.000000000,LOCAL_REPLAN,"{""message"": ""Call local replanning..."", ""wall_time_utc"": ""2026-09-06T23:51:31.985749+00:00""}"
1080.000000000,REPLAN_REQUESTED,"{""message"": ""Replanning request. curr_vertex_idx: 28"", ""wall_time_utc"": ""2026-09-06T23:51:31.987392+00:00""}"
1086.200000000,LOCAL_REPLAN,"{""message"": ""Call local replanning..."", ""wall_time_utc"": ""2026-09-06T23:51:38.172414+00:00""}"
1086.200000000,REPLAN_REQUESTED,"{""message"": ""Replanning request. curr_vertex_idx: 28"", ""wall_time_utc"": ""2026-09-06T23:51:38.174607+00:00""}"
1091.500000000,KARTO_LOOP_CONSTRAINT,"{""message"": ""Add one Loop closure. 5 loops have been added."", ""wall_time_utc"": ""2026-09-06T23:51:43.447237+00:00""}"
1091.500000000,KARTO_LOOP_ACCEPTED,"{""chain_end"": 216, ""chain_start"": 211, ""current_scan"": 860, ""loop_count"": 5, ""received_ros_time"": 1091.5, ""received_wall_time_utc"": ""2026-09-06T23:51:43.447527+00:00"", ""seq"": 5, ""stamp"": 1091.5, ""wall_time_utc"": ""2026-09-06T23:51:43.447543+00:00""}"
1092.100000000,LOCAL_REPLAN,"{""message"": ""Call local replanning..."", ""wall_time_utc"": ""2026-09-06T23:51:44.058051+00:00""}"
1092.100000000,REPLAN_REQUESTED,"{""message"": ""Replanning request. curr_vertex_idx: 28"", ""wall_time_utc"": ""2026-09-06T23:51:44.059959+00:00""}"
1098.400000000,LOCAL_REPLAN,"{""message"": ""Call local replanning..."", ""wall_time_utc"": ""2026-09-06T23:51:50.332275+00:00""}"
1098.400000000,REPLAN_REQUESTED,"{""message"": ""Replanning request. curr_vertex_idx: 28"", ""wall_time_utc"": ""2026-09-06T23:51:50.333964+00:00""}"
1104.000000000,LOCAL_REPLAN,"{""message"": ""Call local replanning..."", ""wall_time_utc"": ""2026-09-06T23:51:56.000579+00:00""}"
1104.000000000,REPLAN_REQUESTED,"{""message"": ""Replanning request. curr_vertex_idx: 28"", ""wall_time_utc"": ""2026-09-06T23:51:56.002560+00:00""}"
1110.000000000,LOCAL_REPLAN,"{""message"": ""Call local replanning..."", ""wall_time_utc"": ""2026-09-06T23:52:01.987880+00:00""}"
1110.000000000,REPLAN_REQUESTED,"{""message"": ""Replanning request. curr_vertex_idx: 28"", ""wall_time_utc"": ""2026-09-06T23:52:01.989824+00:00""}"
1115.900000000,LOCAL_REPLAN,"{""message"": ""Call local replanning..."", ""wall_time_utc"": ""2026-09-06T23:52:07.890300+00:00""}"
1115.900000000,REPLAN_REQUESTED,"{""message"": ""Replanning request. curr_vertex_idx: 28"", ""wall_time_utc"": ""2026-09-06T23:52:07.892185+00:00""}"
1122.200000000,LOCAL_REPLAN,"{""message"": ""Call local replanning..."", ""wall_time_utc"": ""2026-09-06T23:52:14.121939+00:00""}"
1122.200000000,REPLAN_REQUESTED,"{""message"": ""Replanning request. curr_vertex_idx: 28"", ""wall_time_utc"": ""2026-09-06T23:52:14.123808+00:00""}"
1128.300000000,LOCAL_REPLAN,"{""message"": ""Call local replanning..."", ""wall_time_utc"": ""2026-09-06T23:52:20.295027+00:00""}"
1128.300000000,REPLAN_REQUESTED,"{""message"": ""Replanning request. curr_vertex_idx: 28"", ""wall_time_utc"": ""2026-09-06T23:52:20.297225+00:00""}"
1134.400000000,LOCAL_REPLAN,"{""message"": ""Call local replanning..."", ""wall_time_utc"": ""2026-09-06T23:52:26.334849+00:00""}"
1134.400000000,REPLAN_REQUESTED,"{""message"": ""Replanning request. curr_vertex_idx: 28"", ""wall_time_utc"": ""2026-09-06T23:52:26.336873+00:00""}"
1140.400000000,LOCAL_REPLAN,"{""message"": ""Call local replanning..."", ""wall_time_utc"": ""2026-09-06T23:52:32.332194+00:00""}"
1140.400000000,REPLAN_REQUESTED,"{""message"": ""Replanning request. curr_vertex_idx: 28"", ""wall_time_utc"": ""2026-09-06T23:52:32.333750+00:00""}"
1146.500000000,LOCAL_REPLAN,"{""message"": ""Call local replanning..."", ""wall_time_utc"": ""2026-09-06T23:52:38.483796+00:00""}"
1146.500000000,REPLAN_REQUESTED,"{""message"": ""Replanning request. curr_vertex_idx: 28"", ""wall_time_utc"": ""2026-09-06T23:52:38.485930+00:00""}"
1152.300000000,LOCAL_REPLAN,"{""message"": ""Call local replanning..."", ""wall_time_utc"": ""2026-09-06T23:52:44.312097+00:00""}"
1152.400000000,REPLAN_REQUESTED,"{""message"": ""Replanning request. curr_vertex_idx: 28"", ""wall_time_utc"": ""2026-09-06T23:52:44.314060+00:00""}"
1158.200000000,LOCAL_REPLAN,"{""message"": ""Call local replanning..."", ""wall_time_utc"": ""2026-09-06T23:52:50.128266+00:00""}"
1158.200000000,REPLAN_REQUESTED,"{""message"": ""Replanning request. curr_vertex_idx: 28"", ""wall_time_utc"": ""2026-09-06T23:52:50.130405+00:00""}"
1164.000000000,LOCAL_REPLAN,"{""message"": ""Call local replanning..."", ""wall_time_utc"": ""2026-09-06T23:52:55.987201+00:00""}"
1164.000000000,REPLAN_REQUESTED,"{""message"": ""Replanning request. curr_vertex_idx: 28"", ""wall_time_utc"": ""2026-09-06T23:52:55.989102+00:00""}"
1170.000000000,LOCAL_REPLAN,"{""message"": ""Call local replanning..."", ""wall_time_utc"": ""2026-09-06T23:53:01.995648+00:00""}"
1170.000000000,REPLAN_REQUESTED,"{""message"": ""Replanning request. curr_vertex_idx: 28"", ""wall_time_utc"": ""2026-09-06T23:53:01.997322+00:00""}"
1176.100000000,LOCAL_REPLAN,"{""message"": ""Call local replanning..."", ""wall_time_utc"": ""2026-09-06T23:53:08.059935+00:00""}"
1176.100000000,REPLAN_REQUESTED,"{""message"": ""Replanning request. curr_vertex_idx: 28"", ""wall_time_utc"": ""2026-09-06T23:53:08.062333+00:00""}"
1182.400000000,LOCAL_REPLAN,"{""message"": ""Call local replanning..."", ""wall_time_utc"": ""2026-09-06T23:53:14.322646+00:00""}"
1182.400000000,REPLAN_REQUESTED,"{""message"": ""Replanning request. curr_vertex_idx: 28"", ""wall_time_utc"": ""2026-09-06T23:53:14.324326+00:00""}"
1188.000000000,LOCAL_REPLAN,"{""message"": ""Call local replanning..."", ""wall_time_utc"": ""2026-09-06T23:53:19.996228+00:00""}"
1188.000000000,REPLAN_REQUESTED,"{""message"": ""Replanning request. curr_vertex_idx: 28"", ""wall_time_utc"": ""2026-09-06T23:53:19.998563+00:00""}"
1190.200000000,LOCAL_REPLAN,"{""message"": ""Call local replanning..."", ""wall_time_utc"": ""2026-09-06T23:53:22.173146+00:00""}"
1190.200000000,REPLAN_REQUESTED,"{""message"": ""Replanning request. curr_vertex_idx: 28"", ""wall_time_utc"": ""2026-09-06T23:53:22.175306+00:00""}"
1196.500000000,LOCAL_REPLAN,"{""message"": ""Call local replanning..."", ""wall_time_utc"": ""2026-09-06T23:53:28.506480+00:00""}"
1196.500000000,REPLAN_REQUESTED,"{""message"": ""Replanning request. curr_vertex_idx: 28"", ""wall_time_utc"": ""2026-09-06T23:53:28.508614+00:00""}"
1202.200000000,LOCAL_REPLAN,"{""message"": ""Call local replanning..."", ""wall_time_utc"": ""2026-09-06T23:53:34.189286+00:00""}"
1202.200000000,REPLAN_REQUESTED,"{""message"": ""Replanning request. curr_vertex_idx: 28"", ""wall_time_utc"": ""2026-09-06T23:53:34.191370+00:00""}"
1208.200000000,LOCAL_REPLAN,"{""message"": ""Call local replanning..."", ""wall_time_utc"": ""2026-09-06T23:53:40.182558+00:00""}"
1208.200000000,REPLAN_REQUESTED,"{""message"": ""Replanning request. curr_vertex_idx: 28"", ""wall_time_utc"": ""2026-09-06T23:53:40.184531+00:00""}"
1214.200000000,LOCAL_REPLAN,"{""message"": ""Call local replanning..."", ""wall_time_utc"": ""2026-09-06T23:53:46.209281+00:00""}"
1214.200000000,REPLAN_REQUESTED,"{""message"": ""Replanning request. curr_vertex_idx: 28"", ""wall_time_utc"": ""2026-09-06T23:53:46.211187+00:00""}"
1220.200000000,LOCAL_REPLAN,"{""message"": ""Call local replanning..."", ""wall_time_utc"": ""2026-09-06T23:53:52.185467+00:00""}"
1220.200000000,REPLAN_REQUESTED,"{""message"": ""Replanning request. curr_vertex_idx: 28"", ""wall_time_utc"": ""2026-09-06T23:53:52.187523+00:00""}"
1226.400000000,LOCAL_REPLAN,"{""message"": ""Call local replanning..."", ""wall_time_utc"": ""2026-09-06T23:53:58.373821+00:00""}"
1226.400000000,REPLAN_REQUESTED,"{""message"": ""Replanning request. curr_vertex_idx: 28"", ""wall_time_utc"": ""2026-09-06T23:53:58.375796+00:00""}"
1232.200000000,LOCAL_REPLAN,"{""message"": ""Call local replanning..."", ""wall_time_utc"": ""2026-09-06T23:54:04.196226+00:00""}"
1232.200000000,REPLAN_REQUESTED,"{""message"": ""Replanning request. curr_vertex_idx: 28"", ""wall_time_utc"": ""2026-09-06T23:54:04.198311+00:00""}"
1238.100000000,LOCAL_REPLAN,"{""message"": ""Call local replanning..."", ""wall_time_utc"": ""2026-09-06T23:54:10.060284+00:00""}"
1238.100000000,REPLAN_REQUESTED,"{""message"": ""Replanning request. curr_vertex_idx: 28"", ""wall_time_utc"": ""2026-09-06T23:54:10.062591+00:00""}"
1244.200000000,LOCAL_REPLAN,"{""message"": ""Call local replanning..."", ""wall_time_utc"": ""2026-09-06T23:54:16.179872+00:00""}"
1244.200000000,REPLAN_REQUESTED,"{""message"": ""Replanning request. curr_vertex_idx: 28"", ""wall_time_utc"": ""2026-09-06T23:54:16.182193+00:00""}"
1250.400000000,LOCAL_REPLAN,"{""message"": ""Call local replanning..."", ""wall_time_utc"": ""2026-09-06T23:54:22.339153+00:00""}"
1250.400000000,REPLAN_REQUESTED,"{""message"": ""Replanning request. curr_vertex_idx: 28"", ""wall_time_utc"": ""2026-09-06T23:54:22.341220+00:00""}"
1256.200000000,LOCAL_REPLAN,"{""message"": ""Call local replanning..."", ""wall_time_utc"": ""2026-09-06T23:54:28.176489+00:00""}"
1256.200000000,REPLAN_REQUESTED,"{""message"": ""Replanning request. curr_vertex_idx: 28"", ""wall_time_utc"": ""2026-09-06T23:54:28.178525+00:00""}"
1258.300000000,KARTO_LOOP_ACCEPTED,"{""chain_end"": 788, ""chain_start"": 785, ""current_scan"": 947, ""loop_count"": 6, ""received_ros_time"": 1258.3, ""received_wall_time_utc"": ""2026-09-06T23:54:30.231226+00:00"", ""seq"": 6, ""stamp"": 1258.3, ""wall_time_utc"": ""2026-09-06T23:54:30.231250+00:00""}"
1258.300000000,KARTO_LOOP_CONSTRAINT,"{""message"": ""Add one Loop closure. 6 loops have been added."", ""wall_time_utc"": ""2026-09-06T23:54:30.231437+00:00""}"
1262.000000000,LOCAL_REPLAN,"{""message"": ""Call local replanning..."", ""wall_time_utc"": ""2026-09-06T23:54:33.997112+00:00""}"
1262.000000000,REPLAN_REQUESTED,"{""message"": ""Replanning request. curr_vertex_idx: 28"", ""wall_time_utc"": ""2026-09-06T23:54:33.999211+00:00""}"
1268.100000000,LOCAL_REPLAN,"{""message"": ""Call local replanning..."", ""wall_time_utc"": ""2026-09-06T23:54:40.094532+00:00""}"
1268.100000000,REPLAN_REQUESTED,"{""message"": ""Replanning request. curr_vertex_idx: 28"", ""wall_time_utc"": ""2026-09-06T23:54:40.096795+00:00""}"
1274.100000000,LOCAL_REPLAN,"{""message"": ""Call local replanning..."", ""wall_time_utc"": ""2026-09-06T23:54:46.104889+00:00""}"
1274.100000000,REPLAN_REQUESTED,"{""message"": ""Replanning request. curr_vertex_idx: 28"", ""wall_time_utc"": ""2026-09-06T23:54:46.106703+00:00""}"
1280.100000000,LOCAL_REPLAN,"{""message"": ""Call local replanning..."", ""wall_time_utc"": ""2026-09-06T23:54:52.029382+00:00""}"
1280.100000000,REPLAN_REQUESTED,"{""message"": ""Replanning request. curr_vertex_idx: 28"", ""wall_time_utc"": ""2026-09-06T23:54:52.031458+00:00""}"
1286.000000000,LOCAL_REPLAN,"{""message"": ""Call local replanning..."", ""wall_time_utc"": ""2026-09-06T23:54:58.001323+00:00""}"
1286.000000000,REPLAN_REQUESTED,"{""message"": ""Replanning request. curr_vertex_idx: 28"", ""wall_time_utc"": ""2026-09-06T23:54:58.003258+00:00""}"
1292.000000000,LOCAL_REPLAN,"{""message"": ""Call local replanning..."", ""wall_time_utc"": ""2026-09-06T23:55:03.937719+00:00""}"
1292.000000000,REPLAN_REQUESTED,"{""message"": ""Replanning request. curr_vertex_idx: 28"", ""wall_time_utc"": ""2026-09-06T23:55:03.939146+00:00""}"
1298.600000000,LOCAL_REPLAN,"{""message"": ""Call local replanning..."", ""wall_time_utc"": ""2026-09-06T23:55:10.551888+00:00""}"
1298.600000000,REPLAN_REQUESTED,"{""message"": ""Replanning request. curr_vertex_idx: 28"", ""wall_time_utc"": ""2026-09-06T23:55:10.554050+00:00""}"
1304.100000000,LOCAL_REPLAN,"{""message"": ""Call local replanning..."", ""wall_time_utc"": ""2026-09-06T23:55:16.029163+00:00""}"
1304.100000000,REPLAN_REQUESTED,"{""message"": ""Replanning request. curr_vertex_idx: 28"", ""wall_time_utc"": ""2026-09-06T23:55:16.031222+00:00""}"
1310.200000000,LOCAL_REPLAN,"{""message"": ""Call local replanning..."", ""wall_time_utc"": ""2026-09-06T23:55:22.182781+00:00""}"
1310.200000000,REPLAN_REQUESTED,"{""message"": ""Replanning request. curr_vertex_idx: 28"", ""wall_time_utc"": ""2026-09-06T23:55:22.184804+00:00""}"
1316.300000000,LOCAL_REPLAN,"{""message"": ""Call local replanning..."", ""wall_time_utc"": ""2026-09-06T23:55:28.223718+00:00""}"
1316.300000000,REPLAN_REQUESTED,"{""message"": ""Replanning request. curr_vertex_idx: 28"", ""wall_time_utc"": ""2026-09-06T23:55:28.225685+00:00""}"
1318.200000000,KARTO_LOOP_CONSTRAINT,"{""message"": ""Add one Loop closure. 7 loops have been added."", ""wall_time_utc"": ""2026-09-06T23:55:30.136556+00:00""}"
1318.200000000,KARTO_LOOP_ACCEPTED,"{""chain_end"": 294, ""chain_start"": 290, ""current_scan"": 1001, ""loop_count"": 7, ""received_ros_time"": 1318.2, ""received_wall_time_utc"": ""2026-09-06T23:55:30.136882+00:00"", ""seq"": 7, ""stamp"": 1318.2, ""wall_time_utc"": ""2026-09-06T23:55:30.136904+00:00""}"
1322.000000000,LOCAL_REPLAN,"{""message"": ""Call local replanning..."", ""wall_time_utc"": ""2026-09-06T23:55:34.011534+00:00""}"
1322.100000000,REPLAN_REQUESTED,"{""message"": ""Replanning request. curr_vertex_idx: 28"", ""wall_time_utc"": ""2026-09-06T23:55:34.013602+00:00""}"
1328.400000000,LOCAL_REPLAN,"{""message"": ""Call local replanning..."", ""wall_time_utc"": ""2026-09-06T23:55:40.374811+00:00""}"
1328.400000000,REPLAN_REQUESTED,"{""message"": ""Replanning request. curr_vertex_idx: 28"", ""wall_time_utc"": ""2026-09-06T23:55:40.376556+00:00""}"
1334.100000000,LOCAL_REPLAN,"{""message"": ""Call local replanning..."", ""wall_time_utc"": ""2026-09-06T23:55:46.036814+00:00""}"
1334.100000000,REPLAN_REQUESTED,"{""message"": ""Replanning request. curr_vertex_idx: 28"", ""wall_time_utc"": ""2026-09-06T23:55:46.038775+00:00""}"
1340.200000000,LOCAL_REPLAN,"{""message"": ""Call local replanning..."", ""wall_time_utc"": ""2026-09-06T23:55:52.158115+00:00""}"
1340.200000000,REPLAN_REQUESTED,"{""message"": ""Replanning request. curr_vertex_idx: 28"", ""wall_time_utc"": ""2026-09-06T23:55:52.160153+00:00""}"
1346.400000000,LOCAL_REPLAN,"{""message"": ""Call local replanning..."", ""wall_time_utc"": ""2026-09-06T23:55:58.375621+00:00""}"
1346.400000000,REPLAN_REQUESTED,"{""message"": ""Replanning request. curr_vertex_idx: 28"", ""wall_time_utc"": ""2026-09-06T23:55:58.377909+00:00""}"
1352.100000000,LOCAL_REPLAN,"{""message"": ""Call local replanning..."", ""wall_time_utc"": ""2026-09-06T23:56:04.025181+00:00""}"
1352.100000000,REPLAN_REQUESTED,"{""message"": ""Replanning request. curr_vertex_idx: 28"", ""wall_time_utc"": ""2026-09-06T23:56:04.027649+00:00""}"
1358.500000000,LOCAL_REPLAN,"{""message"": ""Call local replanning..."", ""wall_time_utc"": ""2026-09-06T23:56:10.424934+00:00""}"
1358.500000000,REPLAN_REQUESTED,"{""message"": ""Replanning request. curr_vertex_idx: 28"", ""wall_time_utc"": ""2026-09-06T23:56:10.426872+00:00""}"
1364.400000000,LOCAL_REPLAN,"{""message"": ""Call local replanning..."", ""wall_time_utc"": ""2026-09-06T23:56:16.383762+00:00""}"
1364.400000000,REPLAN_REQUESTED,"{""message"": ""Replanning request. curr_vertex_idx: 28"", ""wall_time_utc"": ""2026-09-06T23:56:16.385779+00:00""}"
1370.000000000,LOCAL_REPLAN,"{""message"": ""Call local replanning..."", ""wall_time_utc"": ""2026-09-06T23:56:22.009921+00:00""}"
1370.000000000,REPLAN_REQUESTED,"{""message"": ""Replanning request. curr_vertex_idx: 28"", ""wall_time_utc"": ""2026-09-06T23:56:22.012402+00:00""}"
1376.300000000,LOCAL_REPLAN,"{""message"": ""Call local replanning..."", ""wall_time_utc"": ""2026-09-06T23:56:28.231582+00:00""}"
1376.300000000,REPLAN_REQUESTED,"{""message"": ""Replanning request. curr_vertex_idx: 28"", ""wall_time_utc"": ""2026-09-06T23:56:28.233556+00:00""}"
1382.100000000,LOCAL_REPLAN,"{""message"": ""Call local replanning..."", ""wall_time_utc"": ""2026-09-06T23:56:34.019865+00:00""}"
1382.100000000,REPLAN_REQUESTED,"{""message"": ""Replanning request. curr_vertex_idx: 28"", ""wall_time_utc"": ""2026-09-06T23:56:34.021552+00:00""}"
1388.400000000,LOCAL_REPLAN,"{""message"": ""Call local replanning..."", ""wall_time_utc"": ""2026-09-06T23:56:40.387419+00:00""}"
1388.400000000,REPLAN_REQUESTED,"{""message"": ""Replanning request. curr_vertex_idx: 28"", ""wall_time_utc"": ""2026-09-06T23:56:40.389527+00:00""}"
1394.100000000,LOCAL_REPLAN,"{""message"": ""Call local replanning..."", ""wall_time_utc"": ""2026-09-06T23:56:46.051047+00:00""}"
1394.100000000,REPLAN_REQUESTED,"{""message"": ""Replanning request. curr_vertex_idx: 28"", ""wall_time_utc"": ""2026-09-06T23:56:46.053153+00:00""}"
1400.200000000,LOCAL_REPLAN,"{""message"": ""Call local replanning..."", ""wall_time_utc"": ""2026-09-06T23:56:52.164570+00:00""}"
1400.200000000,REPLAN_REQUESTED,"{""message"": ""Replanning request. curr_vertex_idx: 28"", ""wall_time_utc"": ""2026-09-06T23:56:52.166578+00:00""}"
1406.600000000,LOCAL_REPLAN,"{""message"": ""Call local replanning..."", ""wall_time_utc"": ""2026-09-06T23:56:58.538838+00:00""}"
1406.600000000,REPLAN_REQUESTED,"{""message"": ""Replanning request. curr_vertex_idx: 28"", ""wall_time_utc"": ""2026-09-06T23:56:58.540917+00:00""}"
1412.400000000,LOCAL_REPLAN,"{""message"": ""Call local replanning..."", ""wall_time_utc"": ""2026-09-06T23:57:04.398193+00:00""}"
1412.400000000,REPLAN_REQUESTED,"{""message"": ""Replanning request. curr_vertex_idx: 28"", ""wall_time_utc"": ""2026-09-06T23:57:04.400315+00:00""}"
1418.100000000,LOCAL_REPLAN,"{""message"": ""Call local replanning..."", ""wall_time_utc"": ""2026-09-06T23:57:10.094044+00:00""}"
1418.100000000,REPLAN_REQUESTED,"{""message"": ""Replanning request. curr_vertex_idx: 28"", ""wall_time_utc"": ""2026-09-06T23:57:10.095954+00:00""}"
1423.300000000,LOCAL_REPLAN,"{""message"": ""Call local replanning..."", ""wall_time_utc"": ""2026-09-06T23:57:15.236893+00:00""}"
1423.300000000,REPLAN_REQUESTED,"{""message"": ""Replanning request. curr_vertex_idx: 28"", ""wall_time_utc"": ""2026-09-06T23:57:15.238935+00:00""}"
1425.600000000,LOCAL_REPLAN,"{""message"": ""Call local replanning..."", ""wall_time_utc"": ""2026-09-06T23:57:17.601934+00:00""}"
1425.600000000,REPLAN_REQUESTED,"{""message"": ""Replanning request. curr_vertex_idx: 28"", ""wall_time_utc"": ""2026-09-06T23:57:17.604250+00:00""}"
1431.300000000,LOCAL_REPLAN,"{""message"": ""Call local replanning..."", ""wall_time_utc"": ""2026-09-06T23:57:23.233465+00:00""}"
1431.300000000,REPLAN_REQUESTED,"{""message"": ""Replanning request. curr_vertex_idx: 28"", ""wall_time_utc"": ""2026-09-06T23:57:23.235657+00:00""}"
1437.200000000,LOCAL_REPLAN,"{""message"": ""Call local replanning..."", ""wall_time_utc"": ""2026-09-06T23:57:29.170947+00:00""}"
1437.200000000,REPLAN_REQUESTED,"{""message"": ""Replanning request. curr_vertex_idx: 28"", ""wall_time_utc"": ""2026-09-06T23:57:29.172937+00:00""}"
1443.300000000,LOCAL_REPLAN,"{""message"": ""Call local replanning..."", ""wall_time_utc"": ""2026-09-06T23:57:35.244971+00:00""}"
1443.300000000,REPLAN_REQUESTED,"{""message"": ""Replanning request. curr_vertex_idx: 28"", ""wall_time_utc"": ""2026-09-06T23:57:35.247181+00:00""}"
1449.100000000,LOCAL_REPLAN,"{""message"": ""Call local replanning..."", ""wall_time_utc"": ""2026-09-06T23:57:41.037620+00:00""}"
1449.100000000,REPLAN_REQUESTED,"{""message"": ""Replanning request. curr_vertex_idx: 28"", ""wall_time_utc"": ""2026-09-06T23:57:41.039700+00:00""}"
1455.300000000,LOCAL_REPLAN,"{""message"": ""Call local replanning..."", ""wall_time_utc"": ""2026-09-06T23:57:47.250740+00:00""}"
1455.300000000,REPLAN_REQUESTED,"{""message"": ""Replanning request. curr_vertex_idx: 28"", ""wall_time_utc"": ""2026-09-06T23:57:47.253195+00:00""}"
1461.200000000,LOCAL_REPLAN,"{""message"": ""Call local replanning..."", ""wall_time_utc"": ""2026-09-06T23:57:53.178519+00:00""}"
1461.200000000,REPLAN_REQUESTED,"{""message"": ""Replanning request. curr_vertex_idx: 28"", ""wall_time_utc"": ""2026-09-06T23:57:53.180885+00:00""}"
1467.400000000,LOCAL_REPLAN,"{""message"": ""Call local replanning..."", ""wall_time_utc"": ""2026-09-06T23:57:59.401173+00:00""}"
1467.400000000,REPLAN_REQUESTED,"{""message"": ""Replanning request. curr_vertex_idx: 28"", ""wall_time_utc"": ""2026-09-06T23:57:59.403098+00:00""}"
1473.300000000,LOCAL_REPLAN,"{""message"": ""Call local replanning..."", ""wall_time_utc"": ""2026-09-06T23:58:05.286481+00:00""}"
1473.300000000,REPLAN_REQUESTED,"{""message"": ""Replanning request. curr_vertex_idx: 28"", ""wall_time_utc"": ""2026-09-06T23:58:05.288865+00:00""}"
1479.300000000,LOCAL_REPLAN,"{""message"": ""Call local replanning..."", ""wall_time_utc"": ""2026-09-06T23:58:11.302315+00:00""}"
1479.300000000,REPLAN_REQUESTED,"{""message"": ""Replanning request. curr_vertex_idx: 28"", ""wall_time_utc"": ""2026-09-06T23:58:11.304173+00:00""}"
1485.500000000,LOCAL_REPLAN,"{""message"": ""Call local replanning..."", ""wall_time_utc"": ""2026-09-06T23:58:17.472165+00:00""}"
1485.500000000,REPLAN_REQUESTED,"{""message"": ""Replanning request. curr_vertex_idx: 28"", ""wall_time_utc"": ""2026-09-06T23:58:17.474486+00:00""}"
1491.300000000,LOCAL_REPLAN,"{""message"": ""Call local replanning..."", ""wall_time_utc"": ""2026-09-06T23:58:23.248728+00:00""}"
1491.300000000,REPLAN_REQUESTED,"{""message"": ""Replanning request. curr_vertex_idx: 28"", ""wall_time_utc"": ""2026-09-06T23:58:23.250445+00:00""}"
1497.300000000,LOCAL_REPLAN,"{""message"": ""Call local replanning..."", ""wall_time_utc"": ""2026-09-06T23:58:29.235632+00:00""}"
1497.300000000,REPLAN_REQUESTED,"{""message"": ""Replanning request. curr_vertex_idx: 28"", ""wall_time_utc"": ""2026-09-06T23:58:29.237351+00:00""}"
1503.100000000,LOCAL_REPLAN,"{""message"": ""Call local replanning..."", ""wall_time_utc"": ""2026-09-06T23:58:35.016711+00:00""}"
1503.100000000,REPLAN_REQUESTED,"{""message"": ""Replanning request. curr_vertex_idx: 28"", ""wall_time_utc"": ""2026-09-06T23:58:35.018619+00:00""}"
1509.300000000,LOCAL_REPLAN,"{""message"": ""Call local replanning..."", ""wall_time_utc"": ""2026-09-06T23:58:41.297395+00:00""}"
1509.300000000,REPLAN_REQUESTED,"{""message"": ""Replanning request. curr_vertex_idx: 28"", ""wall_time_utc"": ""2026-09-06T23:58:41.299348+00:00""}"
1515.100000000,LOCAL_REPLAN,"{""message"": ""Call local replanning..."", ""wall_time_utc"": ""2026-09-06T23:58:47.029236+00:00""}"
1515.100000000,REPLAN_REQUESTED,"{""message"": ""Replanning request. curr_vertex_idx: 28"", ""wall_time_utc"": ""2026-09-06T23:58:47.031011+00:00""}"
1521.400000000,LOCAL_REPLAN,"{""message"": ""Call local replanning..."", ""wall_time_utc"": ""2026-09-06T23:58:53.404594+00:00""}"
1521.400000000,REPLAN_REQUESTED,"{""message"": ""Replanning request. curr_vertex_idx: 28"", ""wall_time_utc"": ""2026-09-06T23:58:53.406832+00:00""}"
1527.400000000,LOCAL_REPLAN,"{""message"": ""Call local replanning..."", ""wall_time_utc"": ""2026-09-06T23:58:59.316955+00:00""}"
1527.400000000,REPLAN_REQUESTED,"{""message"": ""Replanning request. curr_vertex_idx: 28"", ""wall_time_utc"": ""2026-09-06T23:58:59.318560+00:00""}"
1533.100000000,LOCAL_REPLAN,"{""message"": ""Call local replanning..."", ""wall_time_utc"": ""2026-09-06T23:59:05.021282+00:00""}"
1533.100000000,REPLAN_REQUESTED,"{""message"": ""Replanning request. curr_vertex_idx: 28"", ""wall_time_utc"": ""2026-09-06T23:59:05.023186+00:00""}"
1539.100000000,LOCAL_REPLAN,"{""message"": ""Call local replanning..."", ""wall_time_utc"": ""2026-09-06T23:59:11.065785+00:00""}"
1539.100000000,REPLAN_REQUESTED,"{""message"": ""Replanning request. curr_vertex_idx: 28"", ""wall_time_utc"": ""2026-09-06T23:59:11.067365+00:00""}"
1541.300000000,LOCAL_REPLAN,"{""message"": ""Call local replanning..."", ""wall_time_utc"": ""2026-09-06T23:59:13.255254+00:00""}"
1541.300000000,REPLAN_REQUESTED,"{""message"": ""Replanning request. curr_vertex_idx: 28"", ""wall_time_utc"": ""2026-09-06T23:59:13.257333+00:00""}"
1547.100000000,LOCAL_REPLAN,"{""message"": ""Call local replanning..."", ""wall_time_utc"": ""2026-09-06T23:59:19.037078+00:00""}"
1547.100000000,REPLAN_REQUESTED,"{""message"": ""Replanning request. curr_vertex_idx: 28"", ""wall_time_utc"": ""2026-09-06T23:59:19.038769+00:00""}"
1553.400000000,LOCAL_REPLAN,"{""message"": ""Call local replanning..."", ""wall_time_utc"": ""2026-09-06T23:59:25.398849+00:00""}"
1553.400000000,REPLAN_REQUESTED,"{""message"": ""Replanning request. curr_vertex_idx: 28"", ""wall_time_utc"": ""2026-09-06T23:59:25.400838+00:00""}"
1559.100000000,LOCAL_REPLAN,"{""message"": ""Call local replanning..."", ""wall_time_utc"": ""2026-09-06T23:59:31.066810+00:00""}"
1559.100000000,REPLAN_REQUESTED,"{""message"": ""Replanning request. curr_vertex_idx: 28"", ""wall_time_utc"": ""2026-09-06T23:59:31.069043+00:00""}"
1565.100000000,LOCAL_REPLAN,"{""message"": ""Call local replanning..."", ""wall_time_utc"": ""2026-09-06T23:59:37.031059+00:00""}"
1565.100000000,REPLAN_REQUESTED,"{""message"": ""Replanning request. curr_vertex_idx: 28"", ""wall_time_utc"": ""2026-09-06T23:59:37.033169+00:00""}"
1571.100000000,LOCAL_REPLAN,"{""message"": ""Call local replanning..."", ""wall_time_utc"": ""2026-09-06T23:59:43.035315+00:00""}"
1571.100000000,REPLAN_REQUESTED,"{""message"": ""Replanning request. curr_vertex_idx: 28"", ""wall_time_utc"": ""2026-09-06T23:59:43.036811+00:00""}"
1577.300000000,LOCAL_REPLAN,"{""message"": ""Call local replanning..."", ""wall_time_utc"": ""2026-09-06T23:59:49.268474+00:00""}"
1577.300000000,REPLAN_REQUESTED,"{""message"": ""Replanning request. curr_vertex_idx: 28"", ""wall_time_utc"": ""2026-09-06T23:59:49.270376+00:00""}"
1583.500000000,LOCAL_REPLAN,"{""message"": ""Call local replanning..."", ""wall_time_utc"": ""2026-09-06T23:59:55.496999+00:00""}"
1583.500000000,REPLAN_REQUESTED,"{""message"": ""Replanning request. curr_vertex_idx: 28"", ""wall_time_utc"": ""2026-09-06T23:59:55.499055+00:00""}"
1589.500000000,LOCAL_REPLAN,"{""message"": ""Call local replanning..."", ""wall_time_utc"": ""2026-09-07T00:00:01.425911+00:00""}"
1589.500000000,REPLAN_REQUESTED,"{""message"": ""Replanning request. curr_vertex_idx: 28"", ""wall_time_utc"": ""2026-09-07T00:00:01.427541+00:00""}"
1595.300000000,LOCAL_REPLAN,"{""message"": ""Call local replanning..."", ""wall_time_utc"": ""2026-09-07T00:00:07.254888+00:00""}"
1595.300000000,REPLAN_REQUESTED,"{""message"": ""Replanning request. curr_vertex_idx: 28"", ""wall_time_utc"": ""2026-09-07T00:00:07.256893+00:00""}"
1601.500000000,LOCAL_REPLAN,"{""message"": ""Call local replanning..."", ""wall_time_utc"": ""2026-09-07T00:00:13.447678+00:00""}"
1601.500000000,REPLAN_REQUESTED,"{""message"": ""Replanning request. curr_vertex_idx: 28"", ""wall_time_utc"": ""2026-09-07T00:00:13.449833+00:00""}"
1607.300000000,LOCAL_REPLAN,"{""message"": ""Call local replanning..."", ""wall_time_utc"": ""2026-09-07T00:00:19.263116+00:00""}"
1607.300000000,REPLAN_REQUESTED,"{""message"": ""Replanning request. curr_vertex_idx: 28"", ""wall_time_utc"": ""2026-09-07T00:00:19.265204+00:00""}"
1613.500000000,LOCAL_REPLAN,"{""message"": ""Call local replanning..."", ""wall_time_utc"": ""2026-09-07T00:00:25.426234+00:00""}"
1613.500000000,REPLAN_REQUESTED,"{""message"": ""Replanning request. curr_vertex_idx: 28"", ""wall_time_utc"": ""2026-09-07T00:00:25.428341+00:00""}"
1619.700000000,LOCAL_REPLAN,"{""message"": ""Call local replanning..."", ""wall_time_utc"": ""2026-09-07T00:00:31.618414+00:00""}"
1619.700000000,REPLAN_REQUESTED,"{""message"": ""Replanning request. curr_vertex_idx: 28"", ""wall_time_utc"": ""2026-09-07T00:00:31.620775+00:00""}"
1625.500000000,LOCAL_REPLAN,"{""message"": ""Call local replanning..."", ""wall_time_utc"": ""2026-09-07T00:00:37.479182+00:00""}"
1625.500000000,REPLAN_REQUESTED,"{""message"": ""Replanning request. curr_vertex_idx: 28"", ""wall_time_utc"": ""2026-09-07T00:00:37.481504+00:00""}"
1631.500000000,LOCAL_REPLAN,"{""message"": ""Call local replanning..."", ""wall_time_utc"": ""2026-09-07T00:00:43.504488+00:00""}"
1631.500000000,REPLAN_REQUESTED,"{""message"": ""Replanning request. curr_vertex_idx: 28"", ""wall_time_utc"": ""2026-09-07T00:00:43.506304+00:00""}"
1637.500000000,LOCAL_REPLAN,"{""message"": ""Call local replanning..."", ""wall_time_utc"": ""2026-09-07T00:00:49.453885+00:00""}"
1637.500000000,REPLAN_REQUESTED,"{""message"": ""Replanning request. curr_vertex_idx: 28"", ""wall_time_utc"": ""2026-09-07T00:00:49.455740+00:00""}"
1643.400000000,LOCAL_REPLAN,"{""message"": ""Call local replanning..."", ""wall_time_utc"": ""2026-09-07T00:00:55.409256+00:00""}"
1643.400000000,REPLAN_REQUESTED,"{""message"": ""Replanning request. curr_vertex_idx: 28"", ""wall_time_utc"": ""2026-09-07T00:00:55.411330+00:00""}"
1649.200000000,LOCAL_REPLAN,"{""message"": ""Call local replanning..."", ""wall_time_utc"": ""2026-09-07T00:01:01.195377+00:00""}"
1649.200000000,REPLAN_REQUESTED,"{""message"": ""Replanning request. curr_vertex_idx: 28"", ""wall_time_utc"": ""2026-09-07T00:01:01.197293+00:00""}"
1655.300000000,LOCAL_REPLAN,"{""message"": ""Call local replanning..."", ""wall_time_utc"": ""2026-09-07T00:01:07.260242+00:00""}"
1655.300000000,REPLAN_REQUESTED,"{""message"": ""Replanning request. curr_vertex_idx: 28"", ""wall_time_utc"": ""2026-09-07T00:01:07.262408+00:00""}"
1661.300000000,LOCAL_REPLAN,"{""message"": ""Call local replanning..."", ""wall_time_utc"": ""2026-09-07T00:01:13.258292+00:00""}"
1661.300000000,REPLAN_REQUESTED,"{""message"": ""Replanning request. curr_vertex_idx: 28"", ""wall_time_utc"": ""2026-09-07T00:01:13.260663+00:00""}"
1667.500000000,LOCAL_REPLAN,"{""message"": ""Call local replanning..."", ""wall_time_utc"": ""2026-09-07T00:01:19.426209+00:00""}"
1667.500000000,REPLAN_REQUESTED,"{""message"": ""Replanning request. curr_vertex_idx: 28"", ""wall_time_utc"": ""2026-09-07T00:01:19.428434+00:00""}"
1673.100000000,LOCAL_REPLAN,"{""message"": ""Call local replanning..."", ""wall_time_utc"": ""2026-09-07T00:01:25.099550+00:00""}"
1673.100000000,REPLAN_REQUESTED,"{""message"": ""Replanning request. curr_vertex_idx: 28"", ""wall_time_utc"": ""2026-09-07T00:01:25.101492+00:00""}"
1679.200000000,LOCAL_REPLAN,"{""message"": ""Call local replanning..."", ""wall_time_utc"": ""2026-09-07T00:01:31.177118+00:00""}"
1679.200000000,REPLAN_REQUESTED,"{""message"": ""Replanning request. curr_vertex_idx: 28"", ""wall_time_utc"": ""2026-09-07T00:01:31.179459+00:00""}"
1685.300000000,LOCAL_REPLAN,"{""message"": ""Call local replanning..."", ""wall_time_utc"": ""2026-09-07T00:01:37.265612+00:00""}"
1685.300000000,REPLAN_REQUESTED,"{""message"": ""Replanning request. curr_vertex_idx: 28"", ""wall_time_utc"": ""2026-09-07T00:01:37.267843+00:00""}"
1691.300000000,LOCAL_REPLAN,"{""message"": ""Call local replanning..."", ""wall_time_utc"": ""2026-09-07T00:01:43.268693+00:00""}"
1691.300000000,REPLAN_REQUESTED,"{""message"": ""Replanning request. curr_vertex_idx: 28"", ""wall_time_utc"": ""2026-09-07T00:01:43.270860+00:00""}"
1697.700000000,LOCAL_REPLAN,"{""message"": ""Call local replanning..."", ""wall_time_utc"": ""2026-09-07T00:01:49.655667+00:00""}"
1697.700000000,REPLAN_REQUESTED,"{""message"": ""Replanning request. curr_vertex_idx: 28"", ""wall_time_utc"": ""2026-09-07T00:01:49.657745+00:00""}"
1703.500000000,LOCAL_REPLAN,"{""message"": ""Call local replanning..."", ""wall_time_utc"": ""2026-09-07T00:01:55.450286+00:00""}"
1703.500000000,REPLAN_REQUESTED,"{""message"": ""Replanning request. curr_vertex_idx: 28"", ""wall_time_utc"": ""2026-09-07T00:01:55.451821+00:00""}"
1709.500000000,LOCAL_REPLAN,"{""message"": ""Call local replanning..."", ""wall_time_utc"": ""2026-09-07T00:02:01.429832+00:00""}"
1709.500000000,REPLAN_REQUESTED,"{""message"": ""Replanning request. curr_vertex_idx: 28"", ""wall_time_utc"": ""2026-09-07T00:02:01.431795+00:00""}"
1715.100000000,LOCAL_REPLAN,"{""message"": ""Call local replanning..."", ""wall_time_utc"": ""2026-09-07T00:02:07.029402+00:00""}"
1715.100000000,REPLAN_REQUESTED,"{""message"": ""Replanning request. curr_vertex_idx: 28"", ""wall_time_utc"": ""2026-09-07T00:02:07.031258+00:00""}"
1721.100000000,LOCAL_REPLAN,"{""message"": ""Call local replanning..."", ""wall_time_utc"": ""2026-09-07T00:02:13.082617+00:00""}"
1721.100000000,REPLAN_REQUESTED,"{""message"": ""Replanning request. curr_vertex_idx: 28"", ""wall_time_utc"": ""2026-09-07T00:02:13.085066+00:00""}"
1724.300000000,LOCAL_REPLAN,"{""message"": ""Call local replanning..."", ""wall_time_utc"": ""2026-09-07T00:02:16.288562+00:00""}"
1724.300000000,REPLAN_REQUESTED,"{""message"": ""Replanning request. curr_vertex_idx: 28"", ""wall_time_utc"": ""2026-09-07T00:02:16.292604+00:00""}"
1730.100000000,LOCAL_REPLAN,"{""message"": ""Call local replanning..."", ""wall_time_utc"": ""2026-09-07T00:02:22.025144+00:00""}"
1730.100000000,REPLAN_REQUESTED,"{""message"": ""Replanning request. curr_vertex_idx: 28"", ""wall_time_utc"": ""2026-09-07T00:02:22.027879+00:00""}"
1736.300000000,LOCAL_REPLAN,"{""message"": ""Call local replanning..."", ""wall_time_utc"": ""2026-09-07T00:02:28.283407+00:00""}"
1736.300000000,REPLAN_REQUESTED,"{""message"": ""Replanning request. curr_vertex_idx: 28"", ""wall_time_utc"": ""2026-09-07T00:02:28.285423+00:00""}"
1742.200000000,LOCAL_REPLAN,"{""message"": ""Call local replanning..."", ""wall_time_utc"": ""2026-09-07T00:02:34.179667+00:00""}"
1742.200000000,REPLAN_REQUESTED,"{""message"": ""Replanning request. curr_vertex_idx: 28"", ""wall_time_utc"": ""2026-09-07T00:02:34.181803+00:00""}"
1748.700000000,LOCAL_REPLAN,"{""message"": ""Call local replanning..."", ""wall_time_utc"": ""2026-09-07T00:02:40.694124+00:00""}"
1748.700000000,REPLAN_REQUESTED,"{""message"": ""Replanning request. curr_vertex_idx: 28"", ""wall_time_utc"": ""2026-09-07T00:02:40.696240+00:00""}"
1754.500000000,LOCAL_REPLAN,"{""message"": ""Call local replanning..."", ""wall_time_utc"": ""2026-09-07T00:02:46.512421+00:00""}"
1754.600000000,REPLAN_REQUESTED,"{""message"": ""Replanning request. curr_vertex_idx: 28"", ""wall_time_utc"": ""2026-09-07T00:02:46.514437+00:00""}"
1760.200000000,LOCAL_REPLAN,"{""message"": ""Call local replanning..."", ""wall_time_utc"": ""2026-09-07T00:02:52.134610+00:00""}"
1760.200000000,REPLAN_REQUESTED,"{""message"": ""Replanning request. curr_vertex_idx: 28"", ""wall_time_utc"": ""2026-09-07T00:02:52.136357+00:00""}"
1766.200000000,LOCAL_REPLAN,"{""message"": ""Call local replanning..."", ""wall_time_utc"": ""2026-09-07T00:02:58.139248+00:00""}"
1766.200000000,REPLAN_REQUESTED,"{""message"": ""Replanning request. curr_vertex_idx: 28"", ""wall_time_utc"": ""2026-09-07T00:02:58.141122+00:00""}"
1772.600000000,LOCAL_REPLAN,"{""message"": ""Call local replanning..."", ""wall_time_utc"": ""2026-09-07T00:03:04.606900+00:00""}"
1772.600000000,REPLAN_REQUESTED,"{""message"": ""Replanning request. curr_vertex_idx: 28"", ""wall_time_utc"": ""2026-09-07T00:03:04.609156+00:00""}"
1778.300000000,LOCAL_REPLAN,"{""message"": ""Call local replanning..."", ""wall_time_utc"": ""2026-09-07T00:03:10.293258+00:00""}"
1778.300000000,REPLAN_REQUESTED,"{""message"": ""Replanning request. curr_vertex_idx: 28"", ""wall_time_utc"": ""2026-09-07T00:03:10.294942+00:00""}"
1784.100000000,LOCAL_REPLAN,"{""message"": ""Call local replanning..."", ""wall_time_utc"": ""2026-09-07T00:03:16.083773+00:00""}"
1784.100000000,REPLAN_REQUESTED,"{""message"": ""Replanning request. curr_vertex_idx: 28"", ""wall_time_utc"": ""2026-09-07T00:03:16.085521+00:00""}"
1790.300000000,LOCAL_REPLAN,"{""message"": ""Call local replanning..."", ""wall_time_utc"": ""2026-09-07T00:03:22.298955+00:00""}"
1790.300000000,REPLAN_REQUESTED,"{""message"": ""Replanning request. curr_vertex_idx: 28"", ""wall_time_utc"": ""2026-09-07T00:03:22.300561+00:00""}"
1796.300000000,LOCAL_REPLAN,"{""message"": ""Call local replanning..."", ""wall_time_utc"": ""2026-09-07T00:03:28.292312+00:00""}"
1796.300000000,REPLAN_REQUESTED,"{""message"": ""Replanning request. curr_vertex_idx: 28"", ""wall_time_utc"": ""2026-09-07T00:03:28.294116+00:00""}"
1802.600000000,LOCAL_REPLAN,"{""message"": ""Call local replanning..."", ""wall_time_utc"": ""2026-09-07T00:03:34.523669+00:00""}"
1802.600000000,REPLAN_REQUESTED,"{""message"": ""Replanning request. curr_vertex_idx: 28"", ""wall_time_utc"": ""2026-09-07T00:03:34.525927+00:00""}"
1808.400000000,LOCAL_REPLAN,"{""message"": ""Call local replanning..."", ""wall_time_utc"": ""2026-09-07T00:03:40.369567+00:00""}"
1808.400000000,REPLAN_REQUESTED,"{""message"": ""Replanning request. curr_vertex_idx: 28"", ""wall_time_utc"": ""2026-09-07T00:03:40.371819+00:00""}"
1814.700000000,LOCAL_REPLAN,"{""message"": ""Call local replanning..."", ""wall_time_utc"": ""2026-09-07T00:03:46.685807+00:00""}"
1814.700000000,REPLAN_REQUESTED,"{""message"": ""Replanning request. curr_vertex_idx: 28"", ""wall_time_utc"": ""2026-09-07T00:03:46.687582+00:00""}"
1820.200000000,LOCAL_REPLAN,"{""message"": ""Call local replanning..."", ""wall_time_utc"": ""2026-09-07T00:03:52.179999+00:00""}"
1820.200000000,REPLAN_REQUESTED,"{""message"": ""Replanning request. curr_vertex_idx: 28"", ""wall_time_utc"": ""2026-09-07T00:03:52.182237+00:00""}"
1826.500000000,LOCAL_REPLAN,"{""message"": ""Call local replanning..."", ""wall_time_utc"": ""2026-09-07T00:03:58.430978+00:00""}"
1826.500000000,REPLAN_REQUESTED,"{""message"": ""Replanning request. curr_vertex_idx: 28"", ""wall_time_utc"": ""2026-09-07T00:03:58.433123+00:00""}"
1832.300000000,LOCAL_REPLAN,"{""message"": ""Call local replanning..."", ""wall_time_utc"": ""2026-09-07T00:04:04.282928+00:00""}"
1832.300000000,REPLAN_REQUESTED,"{""message"": ""Replanning request. curr_vertex_idx: 28"", ""wall_time_utc"": ""2026-09-07T00:04:04.284744+00:00""}"
1838.300000000,LOCAL_REPLAN,"{""message"": ""Call local replanning..."", ""wall_time_utc"": ""2026-09-07T00:04:10.311285+00:00""}"
1838.300000000,REPLAN_REQUESTED,"{""message"": ""Replanning request. curr_vertex_idx: 28"", ""wall_time_utc"": ""2026-09-07T00:04:10.313133+00:00""}"
1844.600000000,LOCAL_REPLAN,"{""message"": ""Call local replanning..."", ""wall_time_utc"": ""2026-09-07T00:04:16.546645+00:00""}"
1844.600000000,REPLAN_REQUESTED,"{""message"": ""Replanning request. curr_vertex_idx: 28"", ""wall_time_utc"": ""2026-09-07T00:04:16.548514+00:00""}"
1850.200000000,LOCAL_REPLAN,"{""message"": ""Call local replanning..."", ""wall_time_utc"": ""2026-09-07T00:04:22.174267+00:00""}"
1850.200000000,REPLAN_REQUESTED,"{""message"": ""Replanning request. curr_vertex_idx: 28"", ""wall_time_utc"": ""2026-09-07T00:04:22.176032+00:00""}"
1856.300000000,LOCAL_REPLAN,"{""message"": ""Call local replanning..."", ""wall_time_utc"": ""2026-09-07T00:04:28.299218+00:00""}"
1856.300000000,REPLAN_REQUESTED,"{""message"": ""Replanning request. curr_vertex_idx: 28"", ""wall_time_utc"": ""2026-09-07T00:04:28.301231+00:00""}"
1862.200000000,LOCAL_REPLAN,"{""message"": ""Call local replanning..."", ""wall_time_utc"": ""2026-09-07T00:04:34.195466+00:00""}"
1862.200000000,REPLAN_REQUESTED,"{""message"": ""Replanning request. curr_vertex_idx: 28"", ""wall_time_utc"": ""2026-09-07T00:04:34.197338+00:00""}"
1864.500000000,LOCAL_REPLAN,"{""message"": ""Call local replanning..."", ""wall_time_utc"": ""2026-09-07T00:04:36.460255+00:00""}"
1864.500000000,REPLAN_REQUESTED,"{""message"": ""Replanning request. curr_vertex_idx: 28"", ""wall_time_utc"": ""2026-09-07T00:04:36.461987+00:00""}"
1870.100000000,LOCAL_REPLAN,"{""message"": ""Call local replanning..."", ""wall_time_utc"": ""2026-09-07T00:04:42.029095+00:00""}"
1870.100000000,REPLAN_REQUESTED,"{""message"": ""Replanning request. curr_vertex_idx: 28"", ""wall_time_utc"": ""2026-09-07T00:04:42.032310+00:00""}"
1876.300000000,LOCAL_REPLAN,"{""message"": ""Call local replanning..."", ""wall_time_utc"": ""2026-09-07T00:04:48.300340+00:00""}"
1876.300000000,REPLAN_REQUESTED,"{""message"": ""Replanning request. curr_vertex_idx: 28"", ""wall_time_utc"": ""2026-09-07T00:04:48.302094+00:00""}"
1882.100000000,LOCAL_REPLAN,"{""message"": ""Call local replanning..."", ""wall_time_utc"": ""2026-09-07T00:04:54.031246+00:00""}"
1882.100000000,REPLAN_REQUESTED,"{""message"": ""Replanning request. curr_vertex_idx: 28"", ""wall_time_utc"": ""2026-09-07T00:04:54.033329+00:00""}"
1888.100000000,LOCAL_REPLAN,"{""message"": ""Call local replanning..."", ""wall_time_utc"": ""2026-09-07T00:05:00.026514+00:00""}"
1888.100000000,REPLAN_REQUESTED,"{""message"": ""Replanning request. curr_vertex_idx: 28"", ""wall_time_utc"": ""2026-09-07T00:05:00.028637+00:00""}"
1894.200000000,LOCAL_REPLAN,"{""message"": ""Call local replanning..."", ""wall_time_utc"": ""2026-09-07T00:05:06.163107+00:00""}"
1894.200000000,REPLAN_REQUESTED,"{""message"": ""Replanning request. curr_vertex_idx: 28"", ""wall_time_utc"": ""2026-09-07T00:05:06.165023+00:00""}"
1900.500000000,LOCAL_REPLAN,"{""message"": ""Call local replanning..."", ""wall_time_utc"": ""2026-09-07T00:05:12.471893+00:00""}"
1900.500000000,REPLAN_REQUESTED,"{""message"": ""Replanning request. curr_vertex_idx: 28"", ""wall_time_utc"": ""2026-09-07T00:05:12.473881+00:00""}"
1906.100000000,LOCAL_REPLAN,"{""message"": ""Call local replanning..."", ""wall_time_utc"": ""2026-09-07T00:05:18.034762+00:00""}"
1906.100000000,REPLAN_REQUESTED,"{""message"": ""Replanning request. curr_vertex_idx: 28"", ""wall_time_utc"": ""2026-09-07T00:05:18.036607+00:00""}"
1912.600000000,LOCAL_REPLAN,"{""message"": ""Call local replanning..."", ""wall_time_utc"": ""2026-09-07T00:05:24.577874+00:00""}"
1912.600000000,REPLAN_REQUESTED,"{""message"": ""Replanning request. curr_vertex_idx: 28"", ""wall_time_utc"": ""2026-09-07T00:05:24.579623+00:00""}"
1918.200000000,LOCAL_REPLAN,"{""message"": ""Call local replanning..."", ""wall_time_utc"": ""2026-09-07T00:05:30.149842+00:00""}"
1918.200000000,REPLAN_REQUESTED,"{""message"": ""Replanning request. curr_vertex_idx: 28"", ""wall_time_utc"": ""2026-09-07T00:05:30.151897+00:00""}"
1924.300000000,LOCAL_REPLAN,"{""message"": ""Call local replanning..."", ""wall_time_utc"": ""2026-09-07T00:05:36.308230+00:00""}"
1924.300000000,REPLAN_REQUESTED,"{""message"": ""Replanning request. curr_vertex_idx: 28"", ""wall_time_utc"": ""2026-09-07T00:05:36.310236+00:00""}"
1930.200000000,LOCAL_REPLAN,"{""message"": ""Call local replanning..."", ""wall_time_utc"": ""2026-09-07T00:05:42.194363+00:00""}"
1930.200000000,REPLAN_REQUESTED,"{""message"": ""Replanning request. curr_vertex_idx: 28"", ""wall_time_utc"": ""2026-09-07T00:05:42.196671+00:00""}"
1936.200000000,LOCAL_REPLAN,"{""message"": ""Call local replanning..."", ""wall_time_utc"": ""2026-09-07T00:05:48.201592+00:00""}"
1936.200000000,REPLAN_REQUESTED,"{""message"": ""Replanning request. curr_vertex_idx: 28"", ""wall_time_utc"": ""2026-09-07T00:05:48.203887+00:00""}"
1942.100000000,LOCAL_REPLAN,"{""message"": ""Call local replanning..."", ""wall_time_utc"": ""2026-09-07T00:05:54.035335+00:00""}"
1942.100000000,REPLAN_REQUESTED,"{""message"": ""Replanning request. curr_vertex_idx: 28"", ""wall_time_utc"": ""2026-09-07T00:05:54.037377+00:00""}"
1948.300000000,LOCAL_REPLAN,"{""message"": ""Call local replanning..."", ""wall_time_utc"": ""2026-09-07T00:06:00.216112+00:00""}"
1948.300000000,REPLAN_REQUESTED,"{""message"": ""Replanning request. curr_vertex_idx: 28"", ""wall_time_utc"": ""2026-09-07T00:06:00.217861+00:00""}"
1954.500000000,LOCAL_REPLAN,"{""message"": ""Call local replanning..."", ""wall_time_utc"": ""2026-09-07T00:06:06.431052+00:00""}"
1954.500000000,REPLAN_REQUESTED,"{""message"": ""Replanning request. curr_vertex_idx: 28"", ""wall_time_utc"": ""2026-09-07T00:06:06.432967+00:00""}"
1960.500000000,LOCAL_REPLAN,"{""message"": ""Call local replanning..."", ""wall_time_utc"": ""2026-09-07T00:06:12.469242+00:00""}"
1960.500000000,REPLAN_REQUESTED,"{""message"": ""Replanning request. curr_vertex_idx: 28"", ""wall_time_utc"": ""2026-09-07T00:06:12.471232+00:00""}"
1966.100000000,LOCAL_REPLAN,"{""message"": ""Call local replanning..."", ""wall_time_utc"": ""2026-09-07T00:06:18.039458+00:00""}"
1966.100000000,REPLAN_REQUESTED,"{""message"": ""Replanning request. curr_vertex_idx: 28"", ""wall_time_utc"": ""2026-09-07T00:06:18.041340+00:00""}"
1972.600000000,LOCAL_REPLAN,"{""message"": ""Call local replanning..."", ""wall_time_utc"": ""2026-09-07T00:06:24.587850+00:00""}"
1972.600000000,REPLAN_REQUESTED,"{""message"": ""Replanning request. curr_vertex_idx: 28"", ""wall_time_utc"": ""2026-09-07T00:06:24.589990+00:00""}"
1978.400000000,LOCAL_REPLAN,"{""message"": ""Call local replanning..."", ""wall_time_utc"": ""2026-09-07T00:06:30.320433+00:00""}"
1978.400000000,REPLAN_REQUESTED,"{""message"": ""Replanning request. curr_vertex_idx: 28"", ""wall_time_utc"": ""2026-09-07T00:06:30.322184+00:00""}"
1984.200000000,LOCAL_REPLAN,"{""message"": ""Call local replanning..."", ""wall_time_utc"": ""2026-09-07T00:06:36.147760+00:00""}"
1984.200000000,REPLAN_REQUESTED,"{""message"": ""Replanning request. curr_vertex_idx: 28"", ""wall_time_utc"": ""2026-09-07T00:06:36.149877+00:00""}"
1990.700000000,LOCAL_REPLAN,"{""message"": ""Call local replanning..."", ""wall_time_utc"": ""2026-09-07T00:06:42.624094+00:00""}"
1990.700000000,REPLAN_REQUESTED,"{""message"": ""Replanning request. curr_vertex_idx: 28"", ""wall_time_utc"": ""2026-09-07T00:06:42.626090+00:00""}"
1996.200000000,LOCAL_REPLAN,"{""message"": ""Call local replanning..."", ""wall_time_utc"": ""2026-09-07T00:06:48.192712+00:00""}"
1996.200000000,REPLAN_REQUESTED,"{""message"": ""Replanning request. curr_vertex_idx: 28"", ""wall_time_utc"": ""2026-09-07T00:06:48.194638+00:00""}"
2002.400000000,LOCAL_REPLAN,"{""message"": ""Call local replanning..."", ""wall_time_utc"": ""2026-09-07T00:06:54.327170+00:00""}"
2002.400000000,REPLAN_REQUESTED,"{""message"": ""Replanning request. curr_vertex_idx: 28"", ""wall_time_utc"": ""2026-09-07T00:06:54.329215+00:00""}"
2008.200000000,LOCAL_REPLAN,"{""message"": ""Call local replanning..."", ""wall_time_utc"": ""2026-09-07T00:07:00.192735+00:00""}"
2008.200000000,REPLAN_REQUESTED,"{""message"": ""Replanning request. curr_vertex_idx: 28"", ""wall_time_utc"": ""2026-09-07T00:07:00.194402+00:00""}"
2014.600000000,LOCAL_REPLAN,"{""message"": ""Call local replanning..."", ""wall_time_utc"": ""2026-09-07T00:07:06.541593+00:00""}"
2014.600000000,REPLAN_REQUESTED,"{""message"": ""Replanning request. curr_vertex_idx: 28"", ""wall_time_utc"": ""2026-09-07T00:07:06.543238+00:00""}"
2020.400000000,LOCAL_REPLAN,"{""message"": ""Call local replanning..."", ""wall_time_utc"": ""2026-09-07T00:07:12.335558+00:00""}"
2020.400000000,REPLAN_REQUESTED,"{""message"": ""Replanning request. curr_vertex_idx: 28"", ""wall_time_utc"": ""2026-09-07T00:07:12.337874+00:00""}"
2025.400000000,LOCAL_REPLAN,"{""message"": ""Call local replanning..."", ""wall_time_utc"": ""2026-09-07T00:07:17.330187+00:00""}"
2025.400000000,REPLAN_REQUESTED,"{""message"": ""Replanning request. curr_vertex_idx: 28"", ""wall_time_utc"": ""2026-09-07T00:07:17.332245+00:00""}"
2027.400000000,LOCAL_REPLAN,"{""message"": ""Call local replanning..."", ""wall_time_utc"": ""2026-09-07T00:07:19.335568+00:00""}"
2027.400000000,REPLAN_REQUESTED,"{""message"": ""Replanning request. curr_vertex_idx: 28"", ""wall_time_utc"": ""2026-09-07T00:07:19.337546+00:00""}"
2033.400000000,LOCAL_REPLAN,"{""message"": ""Call local replanning..."", ""wall_time_utc"": ""2026-09-07T00:07:25.339218+00:00""}"
2033.400000000,REPLAN_REQUESTED,"{""message"": ""Replanning request. curr_vertex_idx: 28"", ""wall_time_utc"": ""2026-09-07T00:07:25.341439+00:00""}"
2039.400000000,LOCAL_REPLAN,"{""message"": ""Call local replanning..."", ""wall_time_utc"": ""2026-09-07T00:07:31.334192+00:00""}"
2039.400000000,REPLAN_REQUESTED,"{""message"": ""Replanning request. curr_vertex_idx: 28"", ""wall_time_utc"": ""2026-09-07T00:07:31.336071+00:00""}"
2043.400000000,LOCAL_REPLAN,"{""message"": ""Call local replanning..."", ""wall_time_utc"": ""2026-09-07T00:07:35.350606+00:00""}"
2043.400000000,REPLAN_REQUESTED,"{""message"": ""Replanning request. curr_vertex_idx: 28"", ""wall_time_utc"": ""2026-09-07T00:07:35.352740+00:00""}"
2048.600000000,LOCAL_REPLAN,"{""message"": ""Call local replanning..."", ""wall_time_utc"": ""2026-09-07T00:07:40.522078+00:00""}"
2048.600000000,REPLAN_REQUESTED,"{""message"": ""Replanning request. curr_vertex_idx: 28"", ""wall_time_utc"": ""2026-09-07T00:07:40.523997+00:00""}"
2054.100000000,LOCAL_REPLAN,"{""message"": ""Call local replanning..."", ""wall_time_utc"": ""2026-09-07T00:07:46.088597+00:00""}"
2054.100000000,REPLAN_REQUESTED,"{""message"": ""Replanning request. curr_vertex_idx: 28"", ""wall_time_utc"": ""2026-09-07T00:07:46.090639+00:00""}"
2060.400000000,LOCAL_REPLAN,"{""message"": ""Call local replanning..."", ""wall_time_utc"": ""2026-09-07T00:07:52.372271+00:00""}"
2060.400000000,REPLAN_REQUESTED,"{""message"": ""Replanning request. curr_vertex_idx: 28"", ""wall_time_utc"": ""2026-09-07T00:07:52.374091+00:00""}"
2066.100000000,LOCAL_REPLAN,"{""message"": ""Call local replanning..."", ""wall_time_utc"": ""2026-09-07T00:07:58.046686+00:00""}"
2066.100000000,REPLAN_REQUESTED,"{""message"": ""Replanning request. curr_vertex_idx: 28"", ""wall_time_utc"": ""2026-09-07T00:07:58.048574+00:00""}"
2072.300000000,LOCAL_REPLAN,"{""message"": ""Call local replanning..."", ""wall_time_utc"": ""2026-09-07T00:08:04.238657+00:00""}"
2072.300000000,REPLAN_REQUESTED,"{""message"": ""Replanning request. curr_vertex_idx: 28"", ""wall_time_utc"": ""2026-09-07T00:08:04.240467+00:00""}"
2078.600000000,LOCAL_REPLAN,"{""message"": ""Call local replanning..."", ""wall_time_utc"": ""2026-09-07T00:08:10.535773+00:00""}"
2078.600000000,REPLAN_REQUESTED,"{""message"": ""Replanning request. curr_vertex_idx: 28"", ""wall_time_utc"": ""2026-09-07T00:08:10.537815+00:00""}"
2083.400000000,LOCAL_REPLAN,"{""message"": ""Call local replanning..."", ""wall_time_utc"": ""2026-09-07T00:08:15.357664+00:00""}"
2083.400000000,REPLAN_REQUESTED,"{""message"": ""Replanning request. curr_vertex_idx: 28"", ""wall_time_utc"": ""2026-09-07T00:08:15.359508+00:00""}"
2089.100000000,LOCAL_REPLAN,"{""message"": ""Call local replanning..."", ""wall_time_utc"": ""2026-09-07T00:08:21.049659+00:00""}"
2089.100000000,REPLAN_REQUESTED,"{""message"": ""Replanning request. curr_vertex_idx: 28"", ""wall_time_utc"": ""2026-09-07T00:08:21.051467+00:00""}"
2095.700000000,LOCAL_REPLAN,"{""message"": ""Call local replanning..."", ""wall_time_utc"": ""2026-09-07T00:08:27.676299+00:00""}"
2095.700000000,REPLAN_REQUESTED,"{""message"": ""Replanning request. curr_vertex_idx: 28"", ""wall_time_utc"": ""2026-09-07T00:08:27.678331+00:00""}"
2101.800000000,LOCAL_REPLAN,"{""message"": ""Call local replanning..."", ""wall_time_utc"": ""2026-09-07T00:08:33.734924+00:00""}"
2101.800000000,REPLAN_REQUESTED,"{""message"": ""Replanning request. curr_vertex_idx: 28"", ""wall_time_utc"": ""2026-09-07T00:08:33.736573+00:00""}"
2107.700000000,LOCAL_REPLAN,"{""message"": ""Call local replanning..."", ""wall_time_utc"": ""2026-09-07T00:08:39.655140+00:00""}"
2107.700000000,REPLAN_REQUESTED,"{""message"": ""Replanning request. curr_vertex_idx: 28"", ""wall_time_utc"": ""2026-09-07T00:08:39.657042+00:00""}"
2113.700000000,LOCAL_REPLAN,"{""message"": ""Call local replanning..."", ""wall_time_utc"": ""2026-09-07T00:08:45.646783+00:00""}"
2113.700000000,REPLAN_REQUESTED,"{""message"": ""Replanning request. curr_vertex_idx: 28"", ""wall_time_utc"": ""2026-09-07T00:08:45.648782+00:00""}"
2119.600000000,LOCAL_REPLAN,"{""message"": ""Call local replanning..."", ""wall_time_utc"": ""2026-09-07T00:08:51.542850+00:00""}"
2119.600000000,REPLAN_REQUESTED,"{""message"": ""Replanning request. curr_vertex_idx: 28"", ""wall_time_utc"": ""2026-09-07T00:08:51.545033+00:00""}"
2125.500000000,LOCAL_REPLAN,"{""message"": ""Call local replanning..."", ""wall_time_utc"": ""2026-09-07T00:08:57.498854+00:00""}"
2125.500000000,REPLAN_REQUESTED,"{""message"": ""Replanning request. curr_vertex_idx: 28"", ""wall_time_utc"": ""2026-09-07T00:08:57.500929+00:00""}"
2131.600000000,LOCAL_REPLAN,"{""message"": ""Call local replanning..."", ""wall_time_utc"": ""2026-09-07T00:09:03.529225+00:00""}"
2131.600000000,REPLAN_REQUESTED,"{""message"": ""Replanning request. curr_vertex_idx: 28"", ""wall_time_utc"": ""2026-09-07T00:09:03.531227+00:00""}"
2138.100000000,LOCAL_REPLAN,"{""message"": ""Call local replanning..."", ""wall_time_utc"": ""2026-09-07T00:09:10.039409+00:00""}"
2138.100000000,REPLAN_REQUESTED,"{""message"": ""Replanning request. curr_vertex_idx: 28"", ""wall_time_utc"": ""2026-09-07T00:09:10.041481+00:00""}"
2143.600000000,LOCAL_REPLAN,"{""message"": ""Call local replanning..."", ""wall_time_utc"": ""2026-09-07T00:09:15.533264+00:00""}"
2143.600000000,REPLAN_REQUESTED,"{""message"": ""Replanning request. curr_vertex_idx: 28"", ""wall_time_utc"": ""2026-09-07T00:09:15.535483+00:00""}"
2149.200000000,LOCAL_REPLAN,"{""message"": ""Call local replanning..."", ""wall_time_utc"": ""2026-09-07T00:09:21.191629+00:00""}"
2149.200000000,REPLAN_REQUESTED,"{""message"": ""Replanning request. curr_vertex_idx: 28"", ""wall_time_utc"": ""2026-09-07T00:09:21.194031+00:00""}"
2155.900000000,LOCAL_REPLAN,"{""message"": ""Call local replanning..."", ""wall_time_utc"": ""2026-09-07T00:09:27.837055+00:00""}"
2155.900000000,REPLAN_REQUESTED,"{""message"": ""Replanning request. curr_vertex_idx: 28"", ""wall_time_utc"": ""2026-09-07T00:09:27.839185+00:00""}"
2161.400000000,LOCAL_REPLAN,"{""message"": ""Call local replanning..."", ""wall_time_utc"": ""2026-09-07T00:09:33.374774+00:00""}"
2161.400000000,REPLAN_REQUESTED,"{""message"": ""Replanning request. curr_vertex_idx: 28"", ""wall_time_utc"": ""2026-09-07T00:09:33.376680+00:00""}"
2167.900000000,LOCAL_REPLAN,"{""message"": ""Call local replanning..."", ""wall_time_utc"": ""2026-09-07T00:09:39.843907+00:00""}"
2167.900000000,REPLAN_REQUESTED,"{""message"": ""Replanning request. curr_vertex_idx: 28"", ""wall_time_utc"": ""2026-09-07T00:09:39.845953+00:00""}"
2173.900000000,LOCAL_REPLAN,"{""message"": ""Call local replanning..."", ""wall_time_utc"": ""2026-09-07T00:09:45.836167+00:00""}"
2173.900000000,REPLAN_REQUESTED,"{""message"": ""Replanning request. curr_vertex_idx: 28"", ""wall_time_utc"": ""2026-09-07T00:09:45.838004+00:00""}"
2179.600000000,LOCAL_REPLAN,"{""message"": ""Call local replanning..."", ""wall_time_utc"": ""2026-09-07T00:09:51.556093+00:00""}"
2179.600000000,REPLAN_REQUESTED,"{""message"": ""Replanning request. curr_vertex_idx: 28"", ""wall_time_utc"": ""2026-09-07T00:09:51.557725+00:00""}"
2185.600000000,LOCAL_REPLAN,"{""message"": ""Call local replanning..."", ""wall_time_utc"": ""2026-09-07T00:09:57.519933+00:00""}"
2185.600000000,REPLAN_REQUESTED,"{""message"": ""Replanning request. curr_vertex_idx: 28"", ""wall_time_utc"": ""2026-09-07T00:09:57.521785+00:00""}"
2191.300000000,LOCAL_REPLAN,"{""message"": ""Call local replanning..."", ""wall_time_utc"": ""2026-09-07T00:10:03.216170+00:00""}"
2191.300000000,REPLAN_REQUESTED,"{""message"": ""Replanning request. curr_vertex_idx: 28"", ""wall_time_utc"": ""2026-09-07T00:10:03.217991+00:00""}"
2197.600000000,LOCAL_REPLAN,"{""message"": ""Call local replanning..."", ""wall_time_utc"": ""2026-09-07T00:10:09.564793+00:00""}"
2197.600000000,REPLAN_REQUESTED,"{""message"": ""Replanning request. curr_vertex_idx: 28"", ""wall_time_utc"": ""2026-09-07T00:10:09.567086+00:00""}"
2203.900000000,LOCAL_REPLAN,"{""message"": ""Call local replanning..."", ""wall_time_utc"": ""2026-09-07T00:10:15.882589+00:00""}"
2203.900000000,REPLAN_REQUESTED,"{""message"": ""Replanning request. curr_vertex_idx: 28"", ""wall_time_utc"": ""2026-09-07T00:10:15.884645+00:00""}"
2209.400000000,LOCAL_REPLAN,"{""message"": ""Call local replanning..."", ""wall_time_utc"": ""2026-09-07T00:10:21.373042+00:00""}"
2209.400000000,REPLAN_REQUESTED,"{""message"": ""Replanning request. curr_vertex_idx: 28"", ""wall_time_utc"": ""2026-09-07T00:10:21.375313+00:00""}"
2215.100000000,LOCAL_REPLAN,"{""message"": ""Call local replanning..."", ""wall_time_utc"": ""2026-09-07T00:10:27.097498+00:00""}"
2215.100000000,REPLAN_REQUESTED,"{""message"": ""Replanning request. curr_vertex_idx: 28"", ""wall_time_utc"": ""2026-09-07T00:10:27.099617+00:00""}"
2221.400000000,LOCAL_REPLAN,"{""message"": ""Call local replanning..."", ""wall_time_utc"": ""2026-09-07T00:10:33.371974+00:00""}"
2221.400000000,REPLAN_REQUESTED,"{""message"": ""Replanning request. curr_vertex_idx: 28"", ""wall_time_utc"": ""2026-09-07T00:10:33.374032+00:00""}"
2227.300000000,LOCAL_REPLAN,"{""message"": ""Call local replanning..."", ""wall_time_utc"": ""2026-09-07T00:10:39.216012+00:00""}"
2227.300000000,REPLAN_REQUESTED,"{""message"": ""Replanning request. curr_vertex_idx: 28"", ""wall_time_utc"": ""2026-09-07T00:10:39.218007+00:00""}"
2233.600000000,LOCAL_REPLAN,"{""message"": ""Call local replanning..."", ""wall_time_utc"": ""2026-09-07T00:10:45.541629+00:00""}"
2233.600000000,REPLAN_REQUESTED,"{""message"": ""Replanning request. curr_vertex_idx: 28"", ""wall_time_utc"": ""2026-09-07T00:10:45.543548+00:00""}"
2239.600000000,LOCAL_REPLAN,"{""message"": ""Call local replanning..."", ""wall_time_utc"": ""2026-09-07T00:10:51.563264+00:00""}"
2239.600000000,REPLAN_REQUESTED,"{""message"": ""Replanning request. curr_vertex_idx: 28"", ""wall_time_utc"": ""2026-09-07T00:10:51.565206+00:00""}"
2245.500000000,LOCAL_REPLAN,"{""message"": ""Call local replanning..."", ""wall_time_utc"": ""2026-09-07T00:10:57.420349+00:00""}"
2245.500000000,REPLAN_REQUESTED,"{""message"": ""Replanning request. curr_vertex_idx: 28"", ""wall_time_utc"": ""2026-09-07T00:10:57.422229+00:00""}"
2251.600000000,LOCAL_REPLAN,"{""message"": ""Call local replanning..."", ""wall_time_utc"": ""2026-09-07T00:11:03.529197+00:00""}"
2251.600000000,REPLAN_REQUESTED,"{""message"": ""Replanning request. curr_vertex_idx: 28"", ""wall_time_utc"": ""2026-09-07T00:11:03.531121+00:00""}"
2257.300000000,LOCAL_REPLAN,"{""message"": ""Call local replanning..."", ""wall_time_utc"": ""2026-09-07T00:11:09.219478+00:00""}"
2257.300000000,REPLAN_REQUESTED,"{""message"": ""Replanning request. curr_vertex_idx: 28"", ""wall_time_utc"": ""2026-09-07T00:11:09.221291+00:00""}"
2263.000000000,LOCAL_REPLAN,"{""message"": ""Call local replanning..."", ""wall_time_utc"": ""2026-09-07T00:11:14.950312+00:00""}"
2263.000000000,REPLAN_REQUESTED,"{""message"": ""Replanning request. curr_vertex_idx: 28"", ""wall_time_utc"": ""2026-09-07T00:11:14.952149+00:00""}"
2269.200000000,LOCAL_REPLAN,"{""message"": ""Call local replanning..."", ""wall_time_utc"": ""2026-09-07T00:11:21.201780+00:00""}"
2269.200000000,REPLAN_REQUESTED,"{""message"": ""Replanning request. curr_vertex_idx: 28"", ""wall_time_utc"": ""2026-09-07T00:11:21.203857+00:00""}"
2275.600000000,LOCAL_REPLAN,"{""message"": ""Call local replanning..."", ""wall_time_utc"": ""2026-09-07T00:11:27.588016+00:00""}"
2275.600000000,REPLAN_REQUESTED,"{""message"": ""Replanning request. curr_vertex_idx: 28"", ""wall_time_utc"": ""2026-09-07T00:11:27.590035+00:00""}"
2281.600000000,LOCAL_REPLAN,"{""message"": ""Call local replanning..."", ""wall_time_utc"": ""2026-09-07T00:11:33.578799+00:00""}"
2281.600000000,REPLAN_REQUESTED,"{""message"": ""Replanning request. curr_vertex_idx: 28"", ""wall_time_utc"": ""2026-09-07T00:11:33.581087+00:00""}"
2287.800000000,LOCAL_REPLAN,"{""message"": ""Call local replanning..."", ""wall_time_utc"": ""2026-09-07T00:11:39.723833+00:00""}"
2287.800000000,REPLAN_REQUESTED,"{""message"": ""Replanning request. curr_vertex_idx: 28"", ""wall_time_utc"": ""2026-09-07T00:11:39.725847+00:00""}"
2293.900000000,LOCAL_REPLAN,"{""message"": ""Call local replanning..."", ""wall_time_utc"": ""2026-09-07T00:11:45.870643+00:00""}"
2293.900000000,REPLAN_REQUESTED,"{""message"": ""Replanning request. curr_vertex_idx: 28"", ""wall_time_utc"": ""2026-09-07T00:11:45.872653+00:00""}"
2299.300000000,LOCAL_REPLAN,"{""message"": ""Call local replanning..."", ""wall_time_utc"": ""2026-09-07T00:11:51.311424+00:00""}"
2299.300000000,REPLAN_REQUESTED,"{""message"": ""Replanning request. curr_vertex_idx: 28"", ""wall_time_utc"": ""2026-09-07T00:11:51.313770+00:00""}"
2304.800000000,LOCAL_REPLAN,"{""message"": ""Call local replanning..."", ""wall_time_utc"": ""2026-09-07T00:11:56.741701+00:00""}"
2304.800000000,REPLAN_REQUESTED,"{""message"": ""Replanning request. curr_vertex_idx: 28"", ""wall_time_utc"": ""2026-09-07T00:11:56.743823+00:00""}"
2306.900000000,LOCAL_REPLAN,"{""message"": ""Call local replanning..."", ""wall_time_utc"": ""2026-09-07T00:11:58.907800+00:00""}"
2306.900000000,REPLAN_REQUESTED,"{""message"": ""Replanning request. curr_vertex_idx: 28"", ""wall_time_utc"": ""2026-09-07T00:11:58.909880+00:00""}"
2312.600000000,LOCAL_REPLAN,"{""message"": ""Call local replanning..."", ""wall_time_utc"": ""2026-09-07T00:12:04.575094+00:00""}"
2312.600000000,REPLAN_REQUESTED,"{""message"": ""Replanning request. curr_vertex_idx: 28"", ""wall_time_utc"": ""2026-09-07T00:12:04.577233+00:00""}"
2318.400000000,LOCAL_REPLAN,"{""message"": ""Call local replanning..."", ""wall_time_utc"": ""2026-09-07T00:12:10.403894+00:00""}"
2318.400000000,REPLAN_REQUESTED,"{""message"": ""Replanning request. curr_vertex_idx: 28"", ""wall_time_utc"": ""2026-09-07T00:12:10.405510+00:00""}"
2324.500000000,LOCAL_REPLAN,"{""message"": ""Call local replanning..."", ""wall_time_utc"": ""2026-09-07T00:12:16.433203+00:00""}"
2324.500000000,REPLAN_REQUESTED,"{""message"": ""Replanning request. curr_vertex_idx: 28"", ""wall_time_utc"": ""2026-09-07T00:12:16.434976+00:00""}"
2330.400000000,LOCAL_REPLAN,"{""message"": ""Call local replanning..."", ""wall_time_utc"": ""2026-09-07T00:12:22.400508+00:00""}"
2330.400000000,REPLAN_REQUESTED,"{""message"": ""Replanning request. curr_vertex_idx: 28"", ""wall_time_utc"": ""2026-09-07T00:12:22.402501+00:00""}"
2336.400000000,LOCAL_REPLAN,"{""message"": ""Call local replanning..."", ""wall_time_utc"": ""2026-09-07T00:12:28.394978+00:00""}"
2336.400000000,REPLAN_REQUESTED,"{""message"": ""Replanning request. curr_vertex_idx: 28"", ""wall_time_utc"": ""2026-09-07T00:12:28.396828+00:00""}"
2342.400000000,LOCAL_REPLAN,"{""message"": ""Call local replanning..."", ""wall_time_utc"": ""2026-09-07T00:12:34.401041+00:00""}"
2342.400000000,REPLAN_REQUESTED,"{""message"": ""Replanning request. curr_vertex_idx: 28"", ""wall_time_utc"": ""2026-09-07T00:12:34.403193+00:00""}"
2348.400000000,LOCAL_REPLAN,"{""message"": ""Call local replanning..."", ""wall_time_utc"": ""2026-09-07T00:12:40.400389+00:00""}"
2348.400000000,REPLAN_REQUESTED,"{""message"": ""Replanning request. curr_vertex_idx: 28"", ""wall_time_utc"": ""2026-09-07T00:12:40.402322+00:00""}"
2354.600000000,LOCAL_REPLAN,"{""message"": ""Call local replanning..."", ""wall_time_utc"": ""2026-09-07T00:12:46.581996+00:00""}"
2354.600000000,REPLAN_REQUESTED,"{""message"": ""Replanning request. curr_vertex_idx: 28"", ""wall_time_utc"": ""2026-09-07T00:12:46.584161+00:00""}"
2360.600000000,LOCAL_REPLAN,"{""message"": ""Call local replanning..."", ""wall_time_utc"": ""2026-09-07T00:12:52.563038+00:00""}"
2360.600000000,REPLAN_REQUESTED,"{""message"": ""Replanning request. curr_vertex_idx: 28"", ""wall_time_utc"": ""2026-09-07T00:12:52.565064+00:00""}"
2366.600000000,LOCAL_REPLAN,"{""message"": ""Call local replanning..."", ""wall_time_utc"": ""2026-09-07T00:12:58.570815+00:00""}"
2366.600000000,REPLAN_REQUESTED,"{""message"": ""Replanning request. curr_vertex_idx: 28"", ""wall_time_utc"": ""2026-09-07T00:12:58.572980+00:00""}"
2372.400000000,LOCAL_REPLAN,"{""message"": ""Call local replanning..."", ""wall_time_utc"": ""2026-09-07T00:13:04.402880+00:00""}"
2372.400000000,REPLAN_REQUESTED,"{""message"": ""Replanning request. curr_vertex_idx: 28"", ""wall_time_utc"": ""2026-09-07T00:13:04.404781+00:00""}"
2378.400000000,LOCAL_REPLAN,"{""message"": ""Call local replanning..."", ""wall_time_utc"": ""2026-09-07T00:13:10.402405+00:00""}"
2378.400000000,REPLAN_REQUESTED,"{""message"": ""Replanning request. curr_vertex_idx: 28"", ""wall_time_utc"": ""2026-09-07T00:13:10.404440+00:00""}"
2384.400000000,LOCAL_REPLAN,"{""message"": ""Call local replanning..."", ""wall_time_utc"": ""2026-09-07T00:13:16.392225+00:00""}"
2384.400000000,REPLAN_REQUESTED,"{""message"": ""Replanning request. curr_vertex_idx: 28"", ""wall_time_utc"": ""2026-09-07T00:13:16.393978+00:00""}"
2390.600000000,LOCAL_REPLAN,"{""message"": ""Call local replanning..."", ""wall_time_utc"": ""2026-09-07T00:13:22.580331+00:00""}"
2390.600000000,REPLAN_REQUESTED,"{""message"": ""Replanning request. curr_vertex_idx: 28"", ""wall_time_utc"": ""2026-09-07T00:13:22.582363+00:00""}"
2396.100000000,LOCAL_REPLAN,"{""message"": ""Call local replanning..."", ""wall_time_utc"": ""2026-09-07T00:13:28.056329+00:00""}"
2396.100000000,REPLAN_REQUESTED,"{""message"": ""Replanning request. curr_vertex_idx: 28"", ""wall_time_utc"": ""2026-09-07T00:13:28.058471+00:00""}"
2400.500000000,KARTO_LOOP_CONSTRAINT,"{""message"": ""Add one Loop closure. 8 loops have been added."", ""wall_time_utc"": ""2026-09-07T00:13:32.483571+00:00""}"
2400.500000000,KARTO_LOOP_ACCEPTED,"{""chain_end"": 943, ""chain_start"": 935, ""current_scan"": 1757, ""loop_count"": 8, ""received_ros_time"": 2400.5, ""received_wall_time_utc"": ""2026-09-07T00:13:32.483676+00:00"", ""seq"": 8, ""stamp"": 2400.5, ""wall_time_utc"": ""2026-09-07T00:13:32.483798+00:00""}"
2402.600000000,LOCAL_REPLAN,"{""message"": ""Call local replanning..."", ""wall_time_utc"": ""2026-09-07T00:13:34.585741+00:00""}"
2402.600000000,REPLAN_REQUESTED,"{""message"": ""Replanning request. curr_vertex_idx: 28"", ""wall_time_utc"": ""2026-09-07T00:13:34.587457+00:00""}"
2408.400000000,LOCAL_REPLAN,"{""message"": ""Call local replanning..."", ""wall_time_utc"": ""2026-09-07T00:13:40.397473+00:00""}"
2408.400000000,REPLAN_REQUESTED,"{""message"": ""Replanning request. curr_vertex_idx: 28"", ""wall_time_utc"": ""2026-09-07T00:13:40.399338+00:00""}"
2414.500000000,LOCAL_REPLAN,"{""message"": ""Call local replanning..."", ""wall_time_utc"": ""2026-09-07T00:13:46.414418+00:00""}"
2414.500000000,REPLAN_REQUESTED,"{""message"": ""Replanning request. curr_vertex_idx: 28"", ""wall_time_utc"": ""2026-09-07T00:13:46.416224+00:00""}"
2420.100000000,LOCAL_REPLAN,"{""message"": ""Call local replanning..."", ""wall_time_utc"": ""2026-09-07T00:13:52.069047+00:00""}"
2420.100000000,REPLAN_REQUESTED,"{""message"": ""Replanning request. curr_vertex_idx: 28"", ""wall_time_utc"": ""2026-09-07T00:13:52.070701+00:00""}"
2426.200000000,LOCAL_REPLAN,"{""message"": ""Call local replanning..."", ""wall_time_utc"": ""2026-09-07T00:13:58.116317+00:00""}"
2426.200000000,REPLAN_REQUESTED,"{""message"": ""Replanning request. curr_vertex_idx: 28"", ""wall_time_utc"": ""2026-09-07T00:13:58.118253+00:00""}"
2432.100000000,LOCAL_REPLAN,"{""message"": ""Call local replanning..."", ""wall_time_utc"": ""2026-09-07T00:14:04.101964+00:00""}"
2432.100000000,REPLAN_REQUESTED,"{""message"": ""Replanning request. curr_vertex_idx: 28"", ""wall_time_utc"": ""2026-09-07T00:14:04.103731+00:00""}"
2438.500000000,LOCAL_REPLAN,"{""message"": ""Call local replanning..."", ""wall_time_utc"": ""2026-09-07T00:14:10.424713+00:00""}"
2438.500000000,REPLAN_REQUESTED,"{""message"": ""Replanning request. curr_vertex_idx: 28"", ""wall_time_utc"": ""2026-09-07T00:14:10.426477+00:00""}"
2444.500000000,LOCAL_REPLAN,"{""message"": ""Call local replanning..."", ""wall_time_utc"": ""2026-09-07T00:14:16.416626+00:00""}"
2444.500000000,REPLAN_REQUESTED,"{""message"": ""Replanning request. curr_vertex_idx: 28"", ""wall_time_utc"": ""2026-09-07T00:14:16.418837+00:00""}"
2450.200000000,LOCAL_REPLAN,"{""message"": ""Call local replanning..."", ""wall_time_utc"": ""2026-09-07T00:14:22.210980+00:00""}"
2450.200000000,REPLAN_REQUESTED,"{""message"": ""Replanning request. curr_vertex_idx: 28"", ""wall_time_utc"": ""2026-09-07T00:14:22.213215+00:00""}"
2456.100000000,LOCAL_REPLAN,"{""message"": ""Call local replanning..."", ""wall_time_utc"": ""2026-09-07T00:14:28.052935+00:00""}"
2456.100000000,REPLAN_REQUESTED,"{""message"": ""Replanning request. curr_vertex_idx: 28"", ""wall_time_utc"": ""2026-09-07T00:14:28.054890+00:00""}"
2462.000000000,LOCAL_REPLAN,"{""message"": ""Call local replanning..."", ""wall_time_utc"": ""2026-09-07T00:14:33.990113+00:00""}"
2462.000000000,REPLAN_REQUESTED,"{""message"": ""Replanning request. curr_vertex_idx: 28"", ""wall_time_utc"": ""2026-09-07T00:14:33.992120+00:00""}"
2468.100000000,LOCAL_REPLAN,"{""message"": ""Call local replanning..."", ""wall_time_utc"": ""2026-09-07T00:14:40.058217+00:00""}"
2468.100000000,REPLAN_REQUESTED,"{""message"": ""Replanning request. curr_vertex_idx: 28"", ""wall_time_utc"": ""2026-09-07T00:14:40.060250+00:00""}"
2474.900000000,LOCAL_REPLAN,"{""message"": ""Call local replanning..."", ""wall_time_utc"": ""2026-09-07T00:14:46.827947+00:00""}"
2474.900000000,REPLAN_REQUESTED,"{""message"": ""Replanning request. curr_vertex_idx: 28"", ""wall_time_utc"": ""2026-09-07T00:14:46.829804+00:00""}"
2480.900000000,LOCAL_REPLAN,"{""message"": ""Call local replanning..."", ""wall_time_utc"": ""2026-09-07T00:14:52.901635+00:00""}"
2480.900000000,REPLAN_REQUESTED,"{""message"": ""Replanning request. curr_vertex_idx: 28"", ""wall_time_utc"": ""2026-09-07T00:14:52.903389+00:00""}"
2485.800000000,LOCAL_REPLAN,"{""message"": ""Call local replanning..."", ""wall_time_utc"": ""2026-09-07T00:14:57.784412+00:00""}"
2485.800000000,REPLAN_REQUESTED,"{""message"": ""Replanning request. curr_vertex_idx: 28"", ""wall_time_utc"": ""2026-09-07T00:14:57.786412+00:00""}"
2491.700000000,LOCAL_REPLAN,"{""message"": ""Call local replanning..."", ""wall_time_utc"": ""2026-09-07T00:15:03.698731+00:00""}"
2491.700000000,REPLAN_REQUESTED,"{""message"": ""Replanning request. curr_vertex_idx: 28"", ""wall_time_utc"": ""2026-09-07T00:15:03.700506+00:00""}"
2497.400000000,LOCAL_REPLAN,"{""message"": ""Call local replanning..."", ""wall_time_utc"": ""2026-09-07T00:15:09.410068+00:00""}"
2497.400000000,REPLAN_REQUESTED,"{""message"": ""Replanning request. curr_vertex_idx: 28"", ""wall_time_utc"": ""2026-09-07T00:15:09.412136+00:00""}"
2503.200000000,LOCAL_REPLAN,"{""message"": ""Call local replanning..."", ""wall_time_utc"": ""2026-09-07T00:15:15.151485+00:00""}"
2503.200000000,REPLAN_REQUESTED,"{""message"": ""Replanning request. curr_vertex_idx: 28"", ""wall_time_utc"": ""2026-09-07T00:15:15.153753+00:00""}"
2509.700000000,LOCAL_REPLAN,"{""message"": ""Call local replanning..."", ""wall_time_utc"": ""2026-09-07T00:15:21.691817+00:00""}"
2509.700000000,REPLAN_REQUESTED,"{""message"": ""Replanning request. curr_vertex_idx: 28"", ""wall_time_utc"": ""2026-09-07T00:15:21.694217+00:00""}"
2516.500000000,LOCAL_REPLAN,"{""message"": ""Call local replanning..."", ""wall_time_utc"": ""2026-09-07T00:15:28.430855+00:00""}"
2516.500000000,REPLAN_REQUESTED,"{""message"": ""Replanning request. curr_vertex_idx: 28"", ""wall_time_utc"": ""2026-09-07T00:15:28.432614+00:00""}"
2521.500000000,LOCAL_REPLAN,"{""message"": ""Call local replanning..."", ""wall_time_utc"": ""2026-09-07T00:15:33.425582+00:00""}"
2521.500000000,REPLAN_REQUESTED,"{""message"": ""Replanning request. curr_vertex_idx: 28"", ""wall_time_utc"": ""2026-09-07T00:15:33.427364+00:00""}"
2528.000000000,LOCAL_REPLAN,"{""message"": ""Call local replanning..."", ""wall_time_utc"": ""2026-09-07T00:15:39.946777+00:00""}"
2528.000000000,REPLAN_REQUESTED,"{""message"": ""Replanning request. curr_vertex_idx: 28"", ""wall_time_utc"": ""2026-09-07T00:15:39.948860+00:00""}"
2533.800000000,LOCAL_REPLAN,"{""message"": ""Call local replanning..."", ""wall_time_utc"": ""2026-09-07T00:15:45.767426+00:00""}"
2533.800000000,REPLAN_REQUESTED,"{""message"": ""Replanning request. curr_vertex_idx: 28"", ""wall_time_utc"": ""2026-09-07T00:15:45.769535+00:00""}"
2539.500000000,LOCAL_REPLAN,"{""message"": ""Call local replanning..."", ""wall_time_utc"": ""2026-09-07T00:15:51.425700+00:00""}"
2539.500000000,REPLAN_REQUESTED,"{""message"": ""Replanning request. curr_vertex_idx: 28"", ""wall_time_utc"": ""2026-09-07T00:15:51.427993+00:00""}"
2545.200000000,LOCAL_REPLAN,"{""message"": ""Call local replanning..."", ""wall_time_utc"": ""2026-09-07T00:15:57.120040+00:00""}"
2545.200000000,REPLAN_REQUESTED,"{""message"": ""Replanning request. curr_vertex_idx: 28"", ""wall_time_utc"": ""2026-09-07T00:15:57.122043+00:00""}"
2551.200000000,LOCAL_REPLAN,"{""message"": ""Call local replanning..."", ""wall_time_utc"": ""2026-09-07T00:16:03.205335+00:00""}"
2551.200000000,REPLAN_REQUESTED,"{""message"": ""Replanning request. curr_vertex_idx: 28"", ""wall_time_utc"": ""2026-09-07T00:16:03.206834+00:00""}"
2557.800000000,LOCAL_REPLAN,"{""message"": ""Call local replanning..."", ""wall_time_utc"": ""2026-09-07T00:16:09.762713+00:00""}"
2557.800000000,REPLAN_REQUESTED,"{""message"": ""Replanning request. curr_vertex_idx: 28"", ""wall_time_utc"": ""2026-09-07T00:16:09.764371+00:00""}"
2563.500000000,LOCAL_REPLAN,"{""message"": ""Call local replanning..."", ""wall_time_utc"": ""2026-09-07T00:16:15.449646+00:00""}"
2563.500000000,REPLAN_REQUESTED,"{""message"": ""Replanning request. curr_vertex_idx: 28"", ""wall_time_utc"": ""2026-09-07T00:16:15.451654+00:00""}"
2569.600000000,LOCAL_REPLAN,"{""message"": ""Call local replanning..."", ""wall_time_utc"": ""2026-09-07T00:16:21.603642+00:00""}"
2569.600000000,REPLAN_REQUESTED,"{""message"": ""Replanning request. curr_vertex_idx: 28"", ""wall_time_utc"": ""2026-09-07T00:16:21.605346+00:00""}"
2575.100000000,LOCAL_REPLAN,"{""message"": ""Call local replanning..."", ""wall_time_utc"": ""2026-09-07T00:16:27.100664+00:00""}"
2575.100000000,REPLAN_REQUESTED,"{""message"": ""Replanning request. curr_vertex_idx: 28"", ""wall_time_utc"": ""2026-09-07T00:16:27.102482+00:00""}"
2581.500000000,LOCAL_REPLAN,"{""message"": ""Call local replanning..."", ""wall_time_utc"": ""2026-09-07T00:16:33.428531+00:00""}"
2581.500000000,REPLAN_REQUESTED,"{""message"": ""Replanning request. curr_vertex_idx: 28"", ""wall_time_utc"": ""2026-09-07T00:16:33.429840+00:00""}"
2587.500000000,LOCAL_REPLAN,"{""message"": ""Call local replanning..."", ""wall_time_utc"": ""2026-09-07T00:16:39.505878+00:00""}"
2587.500000000,REPLAN_REQUESTED,"{""message"": ""Replanning request. curr_vertex_idx: 28"", ""wall_time_utc"": ""2026-09-07T00:16:39.507724+00:00""}"
2593.300000000,LOCAL_REPLAN,"{""message"": ""Call local replanning..."", ""wall_time_utc"": ""2026-09-07T00:16:45.261909+00:00""}"
2593.300000000,REPLAN_REQUESTED,"{""message"": ""Replanning request. curr_vertex_idx: 28"", ""wall_time_utc"": ""2026-09-07T00:16:45.263776+00:00""}"
2599.600000000,LOCAL_REPLAN,"{""message"": ""Call local replanning..."", ""wall_time_utc"": ""2026-09-07T00:16:51.525401+00:00""}"
2599.600000000,REPLAN_REQUESTED,"{""message"": ""Replanning request. curr_vertex_idx: 28"", ""wall_time_utc"": ""2026-09-07T00:16:51.527137+00:00""}"
2605.500000000,LOCAL_REPLAN,"{""message"": ""Call local replanning..."", ""wall_time_utc"": ""2026-09-07T00:16:57.496023+00:00""}"
2605.500000000,REPLAN_REQUESTED,"{""message"": ""Replanning request. curr_vertex_idx: 28"", ""wall_time_utc"": ""2026-09-07T00:16:57.497650+00:00""}"
2611.800000000,LOCAL_REPLAN,"{""message"": ""Call local replanning..."", ""wall_time_utc"": ""2026-09-07T00:17:03.781353+00:00""}"
2611.800000000,REPLAN_REQUESTED,"{""message"": ""Replanning request. curr_vertex_idx: 28"", ""wall_time_utc"": ""2026-09-07T00:17:03.783334+00:00""}"
2617.900000000,LOCAL_REPLAN,"{""message"": ""Call local replanning..."", ""wall_time_utc"": ""2026-09-07T00:17:09.822394+00:00""}"
2617.900000000,REPLAN_REQUESTED,"{""message"": ""Replanning request. curr_vertex_idx: 28"", ""wall_time_utc"": ""2026-09-07T00:17:09.824131+00:00""}"
2623.600000000,LOCAL_REPLAN,"{""message"": ""Call local replanning..."", ""wall_time_utc"": ""2026-09-07T00:17:15.608956+00:00""}"
2623.600000000,REPLAN_REQUESTED,"{""message"": ""Replanning request. curr_vertex_idx: 28"", ""wall_time_utc"": ""2026-09-07T00:17:15.611112+00:00""}"
2629.500000000,LOCAL_REPLAN,"{""message"": ""Call local replanning..."", ""wall_time_utc"": ""2026-09-07T00:17:21.506031+00:00""}"
2629.500000000,REPLAN_REQUESTED,"{""message"": ""Replanning request. curr_vertex_idx: 28"", ""wall_time_utc"": ""2026-09-07T00:17:21.507732+00:00""}"
2635.100000000,LOCAL_REPLAN,"{""message"": ""Call local replanning..."", ""wall_time_utc"": ""2026-09-07T00:17:27.054146+00:00""}"
2635.100000000,REPLAN_REQUESTED,"{""message"": ""Replanning request. curr_vertex_idx: 28"", ""wall_time_utc"": ""2026-09-07T00:17:27.056335+00:00""}"
2641.700000000,LOCAL_REPLAN,"{""message"": ""Call local replanning..."", ""wall_time_utc"": ""2026-09-07T00:17:33.617596+00:00""}"
2641.700000000,REPLAN_REQUESTED,"{""message"": ""Replanning request. curr_vertex_idx: 28"", ""wall_time_utc"": ""2026-09-07T00:17:33.619295+00:00""}"
2647.500000000,LOCAL_REPLAN,"{""message"": ""Call local replanning..."", ""wall_time_utc"": ""2026-09-07T00:17:39.457217+00:00""}"
2647.500000000,REPLAN_REQUESTED,"{""message"": ""Replanning request. curr_vertex_idx: 28"", ""wall_time_utc"": ""2026-09-07T00:17:39.459098+00:00""}"
2650.400000000,KARTO_LOOP_ACCEPTED,"{""chain_end"": 1747, ""chain_start"": 1740, ""current_scan"": 1919, ""loop_count"": 9, ""received_ros_time"": 2650.4, ""received_wall_time_utc"": ""2026-09-07T00:17:42.332913+00:00"", ""seq"": 9, ""stamp"": 2650.4, ""wall_time_utc"": ""2026-09-07T00:17:42.332939+00:00""}"
2650.400000000,KARTO_LOOP_CONSTRAINT,"{""message"": ""Add one Loop closure. 9 loops have been added."", ""wall_time_utc"": ""2026-09-07T00:17:42.333160+00:00""}"
2653.500000000,LOCAL_REPLAN,"{""message"": ""Call local replanning..."", ""wall_time_utc"": ""2026-09-07T00:17:45.446277+00:00""}"
2653.500000000,REPLAN_REQUESTED,"{""message"": ""Replanning request. curr_vertex_idx: 28"", ""wall_time_utc"": ""2026-09-07T00:17:45.448978+00:00""}"
2659.600000000,LOCAL_REPLAN,"{""message"": ""Call local replanning..."", ""wall_time_utc"": ""2026-09-07T00:17:51.606527+00:00""}"
2659.600000000,REPLAN_REQUESTED,"{""message"": ""Replanning request. curr_vertex_idx: 28"", ""wall_time_utc"": ""2026-09-07T00:17:51.609879+00:00""}"
2666.000000000,LOCAL_REPLAN,"{""message"": ""Call local replanning..."", ""wall_time_utc"": ""2026-09-07T00:17:57.956961+00:00""}"
2666.000000000,REPLAN_REQUESTED,"{""message"": ""Replanning request. curr_vertex_idx: 28"", ""wall_time_utc"": ""2026-09-07T00:17:57.959189+00:00""}"
2671.700000000,LOCAL_REPLAN,"{""message"": ""Call local replanning..."", ""wall_time_utc"": ""2026-09-07T00:18:03.636486+00:00""}"
2671.700000000,REPLAN_REQUESTED,"{""message"": ""Replanning request. curr_vertex_idx: 28"", ""wall_time_utc"": ""2026-09-07T00:18:03.638379+00:00""}"
2677.800000000,LOCAL_REPLAN,"{""message"": ""Call local replanning..."", ""wall_time_utc"": ""2026-09-07T00:18:09.801407+00:00""}"
2677.800000000,REPLAN_REQUESTED,"{""message"": ""Replanning request. curr_vertex_idx: 28"", ""wall_time_utc"": ""2026-09-07T00:18:09.803262+00:00""}"
2683.800000000,LOCAL_REPLAN,"{""message"": ""Call local replanning..."", ""wall_time_utc"": ""2026-09-07T00:18:15.799322+00:00""}"
2683.800000000,REPLAN_REQUESTED,"{""message"": ""Replanning request. curr_vertex_idx: 28"", ""wall_time_utc"": ""2026-09-07T00:18:15.801315+00:00""}"
2689.600000000,LOCAL_REPLAN,"{""message"": ""Call local replanning..."", ""wall_time_utc"": ""2026-09-07T00:18:21.608040+00:00""}"
2689.600000000,REPLAN_REQUESTED,"{""message"": ""Replanning request. curr_vertex_idx: 28"", ""wall_time_utc"": ""2026-09-07T00:18:21.609707+00:00""}"
2695.500000000,LOCAL_REPLAN,"{""message"": ""Call local replanning..."", ""wall_time_utc"": ""2026-09-07T00:18:27.497986+00:00""}"
2695.500000000,REPLAN_REQUESTED,"{""message"": ""Replanning request. curr_vertex_idx: 28"", ""wall_time_utc"": ""2026-09-07T00:18:27.500170+00:00""}"
2701.500000000,LOCAL_REPLAN,"{""message"": ""Call local replanning..."", ""wall_time_utc"": ""2026-09-07T00:18:33.494515+00:00""}"
2701.500000000,REPLAN_REQUESTED,"{""message"": ""Replanning request. curr_vertex_idx: 28"", ""wall_time_utc"": ""2026-09-07T00:18:33.496540+00:00""}"
2707.600000000,LOCAL_REPLAN,"{""message"": ""Call local replanning..."", ""wall_time_utc"": ""2026-09-07T00:18:39.609566+00:00""}"
2707.600000000,REPLAN_REQUESTED,"{""message"": ""Replanning request. curr_vertex_idx: 28"", ""wall_time_utc"": ""2026-09-07T00:18:39.611351+00:00""}"
2713.700000000,LOCAL_REPLAN,"{""message"": ""Call local replanning..."", ""wall_time_utc"": ""2026-09-07T00:18:45.645407+00:00""}"
2713.700000000,REPLAN_REQUESTED,"{""message"": ""Replanning request. curr_vertex_idx: 28"", ""wall_time_utc"": ""2026-09-07T00:18:45.647595+00:00""}"
2719.500000000,LOCAL_REPLAN,"{""message"": ""Call local replanning..."", ""wall_time_utc"": ""2026-09-07T00:18:51.503536+00:00""}"
2719.500000000,REPLAN_REQUESTED,"{""message"": ""Replanning request. curr_vertex_idx: 28"", ""wall_time_utc"": ""2026-09-07T00:18:51.505943+00:00""}"
2725.700000000,LOCAL_REPLAN,"{""message"": ""Call local replanning..."", ""wall_time_utc"": ""2026-09-07T00:18:57.643875+00:00""}"
2725.700000000,REPLAN_REQUESTED,"{""message"": ""Replanning request. curr_vertex_idx: 28"", ""wall_time_utc"": ""2026-09-07T00:18:57.645723+00:00""}"
2731.300000000,LOCAL_REPLAN,"{""message"": ""Call local replanning..."", ""wall_time_utc"": ""2026-09-07T00:19:03.226343+00:00""}"
2731.300000000,REPLAN_REQUESTED,"{""message"": ""Replanning request. curr_vertex_idx: 28"", ""wall_time_utc"": ""2026-09-07T00:19:03.227940+00:00""}"
2737.800000000,LOCAL_REPLAN,"{""message"": ""Call local replanning..."", ""wall_time_utc"": ""2026-09-07T00:19:09.788221+00:00""}"
2737.800000000,REPLAN_REQUESTED,"{""message"": ""Replanning request. curr_vertex_idx: 28"", ""wall_time_utc"": ""2026-09-07T00:19:09.790342+00:00""}"
2743.400000000,LOCAL_REPLAN,"{""message"": ""Call local replanning..."", ""wall_time_utc"": ""2026-09-07T00:19:15.382221+00:00""}"
2743.400000000,REPLAN_REQUESTED,"{""message"": ""Replanning request. curr_vertex_idx: 28"", ""wall_time_utc"": ""2026-09-07T00:19:15.383809+00:00""}"
2749.700000000,LOCAL_REPLAN,"{""message"": ""Call local replanning..."", ""wall_time_utc"": ""2026-09-07T00:19:21.698867+00:00""}"
2749.700000000,REPLAN_REQUESTED,"{""message"": ""Replanning request. curr_vertex_idx: 28"", ""wall_time_utc"": ""2026-09-07T00:19:21.701093+00:00""}"
2755.700000000,LOCAL_REPLAN,"{""message"": ""Call local replanning..."", ""wall_time_utc"": ""2026-09-07T00:19:27.667342+00:00""}"
2755.700000000,REPLAN_REQUESTED,"{""message"": ""Replanning request. curr_vertex_idx: 28"", ""wall_time_utc"": ""2026-09-07T00:19:27.669382+00:00""}"
2761.800000000,LOCAL_REPLAN,"{""message"": ""Call local replanning..."", ""wall_time_utc"": ""2026-09-07T00:19:33.764360+00:00""}"
2761.800000000,REPLAN_REQUESTED,"{""message"": ""Replanning request. curr_vertex_idx: 28"", ""wall_time_utc"": ""2026-09-07T00:19:33.767009+00:00""}"
2767.500000000,LOCAL_REPLAN,"{""message"": ""Call local replanning..."", ""wall_time_utc"": ""2026-09-07T00:19:39.458641+00:00""}"
2767.500000000,REPLAN_REQUESTED,"{""message"": ""Replanning request. curr_vertex_idx: 28"", ""wall_time_utc"": ""2026-09-07T00:19:39.460843+00:00""}"
2772.500000000,LOCAL_REPLAN,"{""message"": ""Call local replanning..."", ""wall_time_utc"": ""2026-09-07T00:19:44.455756+00:00""}"
2772.500000000,REPLAN_REQUESTED,"{""message"": ""Replanning request. curr_vertex_idx: 28"", ""wall_time_utc"": ""2026-09-07T00:19:44.458121+00:00""}"
2774.900000000,LOCAL_REPLAN,"{""message"": ""Call local replanning..."", ""wall_time_utc"": ""2026-09-07T00:19:46.884512+00:00""}"
2774.900000000,REPLAN_REQUESTED,"{""message"": ""Replanning request. curr_vertex_idx: 28"", ""wall_time_utc"": ""2026-09-07T00:19:46.886335+00:00""}"
2780.800000000,LOCAL_REPLAN,"{""message"": ""Call local replanning..."", ""wall_time_utc"": ""2026-09-07T00:19:52.794784+00:00""}"
2780.800000000,REPLAN_REQUESTED,"{""message"": ""Replanning request. curr_vertex_idx: 28"", ""wall_time_utc"": ""2026-09-07T00:19:52.796638+00:00""}"
2786.700000000,LOCAL_REPLAN,"{""message"": ""Call local replanning..."", ""wall_time_utc"": ""2026-09-07T00:19:58.638885+00:00""}"
2786.700000000,REPLAN_REQUESTED,"{""message"": ""Replanning request. curr_vertex_idx: 28"", ""wall_time_utc"": ""2026-09-07T00:19:58.640905+00:00""}"
2792.800000000,LOCAL_REPLAN,"{""message"": ""Call local replanning..."", ""wall_time_utc"": ""2026-09-07T00:20:04.729357+00:00""}"
2792.800000000,REPLAN_REQUESTED,"{""message"": ""Replanning request. curr_vertex_idx: 28"", ""wall_time_utc"": ""2026-09-07T00:20:04.731114+00:00""}"
2799.500000000,LOCAL_REPLAN,"{""message"": ""Call local replanning..."", ""wall_time_utc"": ""2026-09-07T00:20:11.489555+00:00""}"
2799.500000000,REPLAN_REQUESTED,"{""message"": ""Replanning request. curr_vertex_idx: 28"", ""wall_time_utc"": ""2026-09-07T00:20:11.491826+00:00""}"
2805.000000000,LOCAL_REPLAN,"{""message"": ""Call local replanning..."", ""wall_time_utc"": ""2026-09-07T00:20:16.990326+00:00""}"
2805.000000000,REPLAN_REQUESTED,"{""message"": ""Replanning request. curr_vertex_idx: 28"", ""wall_time_utc"": ""2026-09-07T00:20:16.992352+00:00""}"
2811.100000000,LOCAL_REPLAN,"{""message"": ""Call local replanning..."", ""wall_time_utc"": ""2026-09-07T00:20:23.021799+00:00""}"
2811.100000000,REPLAN_REQUESTED,"{""message"": ""Replanning request. curr_vertex_idx: 28"", ""wall_time_utc"": ""2026-09-07T00:20:23.023483+00:00""}"
2816.900000000,LOCAL_REPLAN,"{""message"": ""Call local replanning..."", ""wall_time_utc"": ""2026-09-07T00:20:28.822591+00:00""}"
2816.900000000,REPLAN_REQUESTED,"{""message"": ""Replanning request. curr_vertex_idx: 28"", ""wall_time_utc"": ""2026-09-07T00:20:28.824609+00:00""}"
2822.300000000,LOCAL_REPLAN,"{""message"": ""Call local replanning..."", ""wall_time_utc"": ""2026-09-07T00:20:34.268007+00:00""}"
2822.300000000,REPLAN_REQUESTED,"{""message"": ""Replanning request. curr_vertex_idx: 28"", ""wall_time_utc"": ""2026-09-07T00:20:34.270092+00:00""}"
2829.100000000,LOCAL_REPLAN,"{""message"": ""Call local replanning..."", ""wall_time_utc"": ""2026-09-07T00:20:41.077134+00:00""}"
2829.100000000,REPLAN_REQUESTED,"{""message"": ""Replanning request. curr_vertex_idx: 28"", ""wall_time_utc"": ""2026-09-07T00:20:41.078937+00:00""}"
2834.500000000,LOCAL_REPLAN,"{""message"": ""Call local replanning..."", ""wall_time_utc"": ""2026-09-07T00:20:46.503214+00:00""}"
2834.500000000,REPLAN_REQUESTED,"{""message"": ""Replanning request. curr_vertex_idx: 28"", ""wall_time_utc"": ""2026-09-07T00:20:46.505339+00:00""}"
2840.700000000,LOCAL_REPLAN,"{""message"": ""Call local replanning..."", ""wall_time_utc"": ""2026-09-07T00:20:52.638950+00:00""}"
2840.700000000,REPLAN_REQUESTED,"{""message"": ""Replanning request. curr_vertex_idx: 28"", ""wall_time_utc"": ""2026-09-07T00:20:52.640746+00:00""}"
2846.500000000,LOCAL_REPLAN,"{""message"": ""Call local replanning..."", ""wall_time_utc"": ""2026-09-07T00:20:58.494571+00:00""}"
2846.500000000,REPLAN_REQUESTED,"{""message"": ""Replanning request. curr_vertex_idx: 28"", ""wall_time_utc"": ""2026-09-07T00:20:58.496445+00:00""}"
2852.600000000,LOCAL_REPLAN,"{""message"": ""Call local replanning..."", ""wall_time_utc"": ""2026-09-07T00:21:04.540973+00:00""}"
2852.600000000,REPLAN_REQUESTED,"{""message"": ""Replanning request. curr_vertex_idx: 28"", ""wall_time_utc"": ""2026-09-07T00:21:04.542855+00:00""}"
2858.900000000,LOCAL_REPLAN,"{""message"": ""Call local replanning..."", ""wall_time_utc"": ""2026-09-07T00:21:10.823046+00:00""}"
2858.900000000,REPLAN_REQUESTED,"{""message"": ""Replanning request. curr_vertex_idx: 28"", ""wall_time_utc"": ""2026-09-07T00:21:10.824986+00:00""}"
2864.500000000,LOCAL_REPLAN,"{""message"": ""Call local replanning..."", ""wall_time_utc"": ""2026-09-07T00:21:16.493821+00:00""}"
2864.500000000,REPLAN_REQUESTED,"{""message"": ""Replanning request. curr_vertex_idx: 28"", ""wall_time_utc"": ""2026-09-07T00:21:16.495892+00:00""}"
2870.800000000,LOCAL_REPLAN,"{""message"": ""Call local replanning..."", ""wall_time_utc"": ""2026-09-07T00:21:22.788295+00:00""}"
2870.800000000,REPLAN_REQUESTED,"{""message"": ""Replanning request. curr_vertex_idx: 28"", ""wall_time_utc"": ""2026-09-07T00:21:22.789965+00:00""}"
2876.500000000,LOCAL_REPLAN,"{""message"": ""Call local replanning..."", ""wall_time_utc"": ""2026-09-07T00:21:28.467408+00:00""}"
2876.500000000,REPLAN_REQUESTED,"{""message"": ""Replanning request. curr_vertex_idx: 28"", ""wall_time_utc"": ""2026-09-07T00:21:28.469316+00:00""}"
2882.400000000,LOCAL_REPLAN,"{""message"": ""Call local replanning..."", ""wall_time_utc"": ""2026-09-07T00:21:34.322149+00:00""}"
2882.400000000,REPLAN_REQUESTED,"{""message"": ""Replanning request. curr_vertex_idx: 28"", ""wall_time_utc"": ""2026-09-07T00:21:34.323798+00:00""}"
2888.700000000,LOCAL_REPLAN,"{""message"": ""Call local replanning..."", ""wall_time_utc"": ""2026-09-07T00:21:40.659619+00:00""}"
2888.700000000,REPLAN_REQUESTED,"{""message"": ""Replanning request. curr_vertex_idx: 28"", ""wall_time_utc"": ""2026-09-07T00:21:40.661556+00:00""}"
2894.400000000,LOCAL_REPLAN,"{""message"": ""Call local replanning..."", ""wall_time_utc"": ""2026-09-07T00:21:46.384584+00:00""}"
2894.400000000,REPLAN_REQUESTED,"{""message"": ""Replanning request. curr_vertex_idx: 28"", ""wall_time_utc"": ""2026-09-07T00:21:46.386216+00:00""}"
2900.900000000,LOCAL_REPLAN,"{""message"": ""Call local replanning..."", ""wall_time_utc"": ""2026-09-07T00:21:52.885148+00:00""}"
2900.900000000,REPLAN_REQUESTED,"{""message"": ""Replanning request. curr_vertex_idx: 28"", ""wall_time_utc"": ""2026-09-07T00:21:52.886932+00:00""}"
2906.900000000,LOCAL_REPLAN,"{""message"": ""Call local replanning..."", ""wall_time_utc"": ""2026-09-07T00:21:58.878466+00:00""}"
2906.900000000,REPLAN_REQUESTED,"{""message"": ""Replanning request. curr_vertex_idx: 28"", ""wall_time_utc"": ""2026-09-07T00:21:58.880316+00:00""}"
2912.500000000,LOCAL_REPLAN,"{""message"": ""Call local replanning..."", ""wall_time_utc"": ""2026-09-07T00:22:04.484485+00:00""}"
2912.500000000,REPLAN_REQUESTED,"{""message"": ""Replanning request. curr_vertex_idx: 28"", ""wall_time_utc"": ""2026-09-07T00:22:04.486424+00:00""}"
2918.700000000,LOCAL_REPLAN,"{""message"": ""Call local replanning..."", ""wall_time_utc"": ""2026-09-07T00:22:10.639175+00:00""}"
2918.700000000,REPLAN_REQUESTED,"{""message"": ""Replanning request. curr_vertex_idx: 28"", ""wall_time_utc"": ""2026-09-07T00:22:10.641102+00:00""}"
2925.000000000,LOCAL_REPLAN,"{""message"": ""Call local replanning..."", ""wall_time_utc"": ""2026-09-07T00:22:16.922027+00:00""}"
2925.000000000,REPLAN_REQUESTED,"{""message"": ""Replanning request. curr_vertex_idx: 28"", ""wall_time_utc"": ""2026-09-07T00:22:16.923804+00:00""}"
2930.900000000,LOCAL_REPLAN,"{""message"": ""Call local replanning..."", ""wall_time_utc"": ""2026-09-07T00:22:22.879931+00:00""}"
2930.900000000,REPLAN_REQUESTED,"{""message"": ""Replanning request. curr_vertex_idx: 28"", ""wall_time_utc"": ""2026-09-07T00:22:22.882036+00:00""}"
2937.100000000,LOCAL_REPLAN,"{""message"": ""Call local replanning..."", ""wall_time_utc"": ""2026-09-07T00:22:29.026891+00:00""}"
2937.100000000,REPLAN_REQUESTED,"{""message"": ""Replanning request. curr_vertex_idx: 28"", ""wall_time_utc"": ""2026-09-07T00:22:29.028808+00:00""}"
2943.000000000,LOCAL_REPLAN,"{""message"": ""Call local replanning..."", ""wall_time_utc"": ""2026-09-07T00:22:35.002523+00:00""}"
2943.000000000,REPLAN_REQUESTED,"{""message"": ""Replanning request. curr_vertex_idx: 28"", ""wall_time_utc"": ""2026-09-07T00:22:35.004433+00:00""}"
2948.700000000,LOCAL_REPLAN,"{""message"": ""Call local replanning..."", ""wall_time_utc"": ""2026-09-07T00:22:40.656908+00:00""}"
2948.700000000,REPLAN_REQUESTED,"{""message"": ""Replanning request. curr_vertex_idx: 28"", ""wall_time_utc"": ""2026-09-07T00:22:40.658911+00:00""}"
2954.400000000,LOCAL_REPLAN,"{""message"": ""Call local replanning..."", ""wall_time_utc"": ""2026-09-07T00:22:46.399052+00:00""}"
2954.400000000,REPLAN_REQUESTED,"{""message"": ""Replanning request. curr_vertex_idx: 28"", ""wall_time_utc"": ""2026-09-07T00:22:46.400833+00:00""}"
2960.700000000,LOCAL_REPLAN,"{""message"": ""Call local replanning..."", ""wall_time_utc"": ""2026-09-07T00:22:52.627086+00:00""}"
2960.700000000,REPLAN_REQUESTED,"{""message"": ""Replanning request. curr_vertex_idx: 28"", ""wall_time_utc"": ""2026-09-07T00:22:52.628830+00:00""}"
2966.500000000,LOCAL_REPLAN,"{""message"": ""Call local replanning..."", ""wall_time_utc"": ""2026-09-07T00:22:58.506872+00:00""}"
2966.500000000,REPLAN_REQUESTED,"{""message"": ""Replanning request. curr_vertex_idx: 28"", ""wall_time_utc"": ""2026-09-07T00:22:58.509073+00:00""}"
2972.900000000,LOCAL_REPLAN,"{""message"": ""Call local replanning..."", ""wall_time_utc"": ""2026-09-07T00:23:04.858653+00:00""}"
2972.900000000,REPLAN_REQUESTED,"{""message"": ""Replanning request. curr_vertex_idx: 28"", ""wall_time_utc"": ""2026-09-07T00:23:04.860405+00:00""}"
2978.500000000,LOCAL_REPLAN,"{""message"": ""Call local replanning..."", ""wall_time_utc"": ""2026-09-07T00:23:10.501073+00:00""}"
2978.500000000,REPLAN_REQUESTED,"{""message"": ""Replanning request. curr_vertex_idx: 28"", ""wall_time_utc"": ""2026-09-07T00:23:10.503134+00:00""}"
2984.600000000,LOCAL_REPLAN,"{""message"": ""Call local replanning..."", ""wall_time_utc"": ""2026-09-07T00:23:16.517329+00:00""}"
2984.600000000,REPLAN_REQUESTED,"{""message"": ""Replanning request. curr_vertex_idx: 28"", ""wall_time_utc"": ""2026-09-07T00:23:16.519370+00:00""}"
2988.900000000,KARTO_LOOP_CONSTRAINT,"{""message"": ""Add one Loop closure. 10 loops have been added."", ""wall_time_utc"": ""2026-09-07T00:23:20.844820+00:00""}"
2988.900000000,KARTO_LOOP_ACCEPTED,"{""chain_end"": 1898, ""chain_start"": 1889, ""current_scan"": 2117, ""loop_count"": 10, ""received_ros_time"": 2988.9, ""received_wall_time_utc"": ""2026-09-07T00:23:20.845013+00:00"", ""seq"": 10, ""stamp"": 2988.9, ""wall_time_utc"": ""2026-09-07T00:23:20.845027+00:00""}"
2990.500000000,LOCAL_REPLAN,"{""message"": ""Call local replanning..."", ""wall_time_utc"": ""2026-09-07T00:23:22.485831+00:00""}"
2990.500000000,REPLAN_REQUESTED,"{""message"": ""Replanning request. curr_vertex_idx: 28"", ""wall_time_utc"": ""2026-09-07T00:23:22.487837+00:00""}"
2996.500000000,LOCAL_REPLAN,"{""message"": ""Call local replanning..."", ""wall_time_utc"": ""2026-09-07T00:23:28.491973+00:00""}"
2996.500000000,REPLAN_REQUESTED,"{""message"": ""Replanning request. curr_vertex_idx: 28"", ""wall_time_utc"": ""2026-09-07T00:23:28.494067+00:00""}"
3002.300000000,LOCAL_REPLAN,"{""message"": ""Call local replanning..."", ""wall_time_utc"": ""2026-09-07T00:23:34.267459+00:00""}"
3002.300000000,REPLAN_REQUESTED,"{""message"": ""Replanning request. curr_vertex_idx: 28"", ""wall_time_utc"": ""2026-09-07T00:23:34.269275+00:00""}"
3009.100000000,LOCAL_REPLAN,"{""message"": ""Call local replanning..."", ""wall_time_utc"": ""2026-09-07T00:23:41.111118+00:00""}"
3009.100000000,REPLAN_REQUESTED,"{""message"": ""Replanning request. curr_vertex_idx: 28"", ""wall_time_utc"": ""2026-09-07T00:23:41.113082+00:00""}"
3015.500000000,LOCAL_REPLAN,"{""message"": ""Call local replanning..."", ""wall_time_utc"": ""2026-09-07T00:23:47.423175+00:00""}"
3015.500000000,REPLAN_REQUESTED,"{""message"": ""Replanning request. curr_vertex_idx: 28"", ""wall_time_utc"": ""2026-09-07T00:23:47.425161+00:00""}"
3020.700000000,LOCAL_REPLAN,"{""message"": ""Call local replanning..."", ""wall_time_utc"": ""2026-09-07T00:23:52.669087+00:00""}"
3020.700000000,REPLAN_REQUESTED,"{""message"": ""Replanning request. curr_vertex_idx: 28"", ""wall_time_utc"": ""2026-09-07T00:23:52.671174+00:00""}"
3026.700000000,LOCAL_REPLAN,"{""message"": ""Call local replanning..."", ""wall_time_utc"": ""2026-09-07T00:23:58.672001+00:00""}"
3026.700000000,REPLAN_REQUESTED,"{""message"": ""Replanning request. curr_vertex_idx: 28"", ""wall_time_utc"": ""2026-09-07T00:23:58.674313+00:00""}"
3032.300000000,LOCAL_REPLAN,"{""message"": ""Call local replanning..."", ""wall_time_utc"": ""2026-09-07T00:24:04.267148+00:00""}"
3032.300000000,REPLAN_REQUESTED,"{""message"": ""Replanning request. curr_vertex_idx: 28"", ""wall_time_utc"": ""2026-09-07T00:24:04.268908+00:00""}"
3038.500000000,LOCAL_REPLAN,"{""message"": ""Call local replanning..."", ""wall_time_utc"": ""2026-09-07T00:24:10.494941+00:00""}"
3038.500000000,REPLAN_REQUESTED,"{""message"": ""Replanning request. curr_vertex_idx: 28"", ""wall_time_utc"": ""2026-09-07T00:24:10.497144+00:00""}"
3044.900000000,LOCAL_REPLAN,"{""message"": ""Call local replanning..."", ""wall_time_utc"": ""2026-09-07T00:24:16.881326+00:00""}"
3044.900000000,REPLAN_REQUESTED,"{""message"": ""Replanning request. curr_vertex_idx: 28"", ""wall_time_utc"": ""2026-09-07T00:24:16.882861+00:00""}"
3046.700000000,LOCAL_REPLAN,"{""message"": ""Call local replanning..."", ""wall_time_utc"": ""2026-09-07T00:24:18.669030+00:00""}"
3046.700000000,REPLAN_REQUESTED,"{""message"": ""Replanning request. curr_vertex_idx: 28"", ""wall_time_utc"": ""2026-09-07T00:24:18.671110+00:00""}"
3052.100000000,LOCAL_REPLAN,"{""message"": ""Call local replanning..."", ""wall_time_utc"": ""2026-09-07T00:24:24.072528+00:00""}"
3052.100000000,REPLAN_REQUESTED,"{""message"": ""Replanning request. curr_vertex_idx: 28"", ""wall_time_utc"": ""2026-09-07T00:24:24.074282+00:00""}"
3058.300000000,LOCAL_REPLAN,"{""message"": ""Call local replanning..."", ""wall_time_utc"": ""2026-09-07T00:24:30.246237+00:00""}"
3058.300000000,REPLAN_REQUESTED,"{""message"": ""Replanning request. curr_vertex_idx: 28"", ""wall_time_utc"": ""2026-09-07T00:24:30.248377+00:00""}"
3064.500000000,LOCAL_REPLAN,"{""message"": ""Call local replanning..."", ""wall_time_utc"": ""2026-09-07T00:24:36.498070+00:00""}"
3064.500000000,REPLAN_REQUESTED,"{""message"": ""Replanning request. curr_vertex_idx: 28"", ""wall_time_utc"": ""2026-09-07T00:24:36.499883+00:00""}"
3070.200000000,LOCAL_REPLAN,"{""message"": ""Call local replanning..."", ""wall_time_utc"": ""2026-09-07T00:24:42.187264+00:00""}"
3070.200000000,REPLAN_REQUESTED,"{""message"": ""Replanning request. curr_vertex_idx: 28"", ""wall_time_utc"": ""2026-09-07T00:24:42.189371+00:00""}"
3077.100000000,LOCAL_REPLAN,"{""message"": ""Call local replanning..."", ""wall_time_utc"": ""2026-09-07T00:24:49.109312+00:00""}"
3077.100000000,REPLAN_REQUESTED,"{""message"": ""Replanning request. curr_vertex_idx: 28"", ""wall_time_utc"": ""2026-09-07T00:24:49.111362+00:00""}"
3082.500000000,LOCAL_REPLAN,"{""message"": ""Call local replanning..."", ""wall_time_utc"": ""2026-09-07T00:24:54.509679+00:00""}"
3082.500000000,REPLAN_REQUESTED,"{""message"": ""Replanning request. curr_vertex_idx: 28"", ""wall_time_utc"": ""2026-09-07T00:24:54.511850+00:00""}"
3088.500000000,LOCAL_REPLAN,"{""message"": ""Call local replanning..."", ""wall_time_utc"": ""2026-09-07T00:25:00.482742+00:00""}"
3088.500000000,REPLAN_REQUESTED,"{""message"": ""Replanning request. curr_vertex_idx: 28"", ""wall_time_utc"": ""2026-09-07T00:25:00.484942+00:00""}"
3094.700000000,LOCAL_REPLAN,"{""message"": ""Call local replanning..."", ""wall_time_utc"": ""2026-09-07T00:25:06.682763+00:00""}"
3094.700000000,REPLAN_REQUESTED,"{""message"": ""Replanning request. curr_vertex_idx: 28"", ""wall_time_utc"": ""2026-09-07T00:25:06.684940+00:00""}"
3100.500000000,LOCAL_REPLAN,"{""message"": ""Call local replanning..."", ""wall_time_utc"": ""2026-09-07T00:25:12.497053+00:00""}"
3100.500000000,REPLAN_REQUESTED,"{""message"": ""Replanning request. curr_vertex_idx: 28"", ""wall_time_utc"": ""2026-09-07T00:25:12.498859+00:00""}"
3106.700000000,LOCAL_REPLAN,"{""message"": ""Call local replanning..."", ""wall_time_utc"": ""2026-09-07T00:25:18.678579+00:00""}"
3106.700000000,REPLAN_REQUESTED,"{""message"": ""Replanning request. curr_vertex_idx: 28"", ""wall_time_utc"": ""2026-09-07T00:25:18.680632+00:00""}"
3112.700000000,LOCAL_REPLAN,"{""message"": ""Call local replanning..."", ""wall_time_utc"": ""2026-09-07T00:25:24.677543+00:00""}"
3112.700000000,REPLAN_REQUESTED,"{""message"": ""Replanning request. curr_vertex_idx: 28"", ""wall_time_utc"": ""2026-09-07T00:25:24.679336+00:00""}"
3118.500000000,LOCAL_REPLAN,"{""message"": ""Call local replanning..."", ""wall_time_utc"": ""2026-09-07T00:25:30.509175+00:00""}"
3118.500000000,REPLAN_REQUESTED,"{""message"": ""Replanning request. curr_vertex_idx: 28"", ""wall_time_utc"": ""2026-09-07T00:25:30.511065+00:00""}"
3124.700000000,LOCAL_REPLAN,"{""message"": ""Call local replanning..."", ""wall_time_utc"": ""2026-09-07T00:25:36.690383+00:00""}"
3124.700000000,REPLAN_REQUESTED,"{""message"": ""Replanning request. curr_vertex_idx: 28"", ""wall_time_utc"": ""2026-09-07T00:25:36.692225+00:00""}"
3130.900000000,LOCAL_REPLAN,"{""message"": ""Call local replanning..."", ""wall_time_utc"": ""2026-09-07T00:25:42.909223+00:00""}"
3130.900000000,REPLAN_REQUESTED,"{""message"": ""Replanning request. curr_vertex_idx: 28"", ""wall_time_utc"": ""2026-09-07T00:25:42.911179+00:00""}"
3137.000000000,LOCAL_REPLAN,"{""message"": ""Call local replanning..."", ""wall_time_utc"": ""2026-09-07T00:25:48.949540+00:00""}"
3137.000000000,REPLAN_REQUESTED,"{""message"": ""Replanning request. curr_vertex_idx: 28"", ""wall_time_utc"": ""2026-09-07T00:25:48.951324+00:00""}"
3142.500000000,LOCAL_REPLAN,"{""message"": ""Call local replanning..."", ""wall_time_utc"": ""2026-09-07T00:25:54.508267+00:00""}"
3142.500000000,REPLAN_REQUESTED,"{""message"": ""Replanning request. curr_vertex_idx: 28"", ""wall_time_utc"": ""2026-09-07T00:25:54.510108+00:00""}"
3149.000000000,LOCAL_REPLAN,"{""message"": ""Call local replanning..."", ""wall_time_utc"": ""2026-09-07T00:26:00.932785+00:00""}"
3149.000000000,REPLAN_REQUESTED,"{""message"": ""Replanning request. curr_vertex_idx: 28"", ""wall_time_utc"": ""2026-09-07T00:26:00.934453+00:00""}"
3154.700000000,LOCAL_REPLAN,"{""message"": ""Call local replanning..."", ""wall_time_utc"": ""2026-09-07T00:26:06.682424+00:00""}"
3154.700000000,REPLAN_REQUESTED,"{""message"": ""Replanning request. curr_vertex_idx: 28"", ""wall_time_utc"": ""2026-09-07T00:26:06.684346+00:00""}"
3160.000000000,KARTO_LOOP_ACCEPTED,"{""chain_end"": 1935, ""chain_start"": 1927, ""current_scan"": 2192, ""loop_count"": 11, ""received_ros_time"": 3160.0, ""received_wall_time_utc"": ""2026-09-07T00:26:12.005431+00:00"", ""seq"": 11, ""stamp"": 3160.0, ""wall_time_utc"": ""2026-09-07T00:26:12.005456+00:00""}"
3160.000000000,KARTO_LOOP_CONSTRAINT,"{""message"": ""Add one Loop closure. 11 loops have been added."", ""wall_time_utc"": ""2026-09-07T00:26:12.005708+00:00""}"
3160.800000000,LOCAL_REPLAN,"{""message"": ""Call local replanning..."", ""wall_time_utc"": ""2026-09-07T00:26:12.802293+00:00""}"
3160.800000000,REPLAN_REQUESTED,"{""message"": ""Replanning request. curr_vertex_idx: 28"", ""wall_time_utc"": ""2026-09-07T00:26:12.803802+00:00""}"
3166.500000000,LOCAL_REPLAN,"{""message"": ""Call local replanning..."", ""wall_time_utc"": ""2026-09-07T00:26:18.492369+00:00""}"
3166.500000000,REPLAN_REQUESTED,"{""message"": ""Replanning request. curr_vertex_idx: 28"", ""wall_time_utc"": ""2026-09-07T00:26:18.494157+00:00""}"
3173.000000000,LOCAL_REPLAN,"{""message"": ""Call local replanning..."", ""wall_time_utc"": ""2026-09-07T00:26:24.947478+00:00""}"
3173.000000000,REPLAN_REQUESTED,"{""message"": ""Replanning request. curr_vertex_idx: 28"", ""wall_time_utc"": ""2026-09-07T00:26:24.949218+00:00""}"
3178.500000000,LOCAL_REPLAN,"{""message"": ""Call local replanning..."", ""wall_time_utc"": ""2026-09-07T00:26:30.506041+00:00""}"
3178.500000000,REPLAN_REQUESTED,"{""message"": ""Replanning request. curr_vertex_idx: 28"", ""wall_time_utc"": ""2026-09-07T00:26:30.507892+00:00""}"
3184.300000000,LOCAL_REPLAN,"{""message"": ""Call local replanning..."", ""wall_time_utc"": ""2026-09-07T00:26:36.235036+00:00""}"
3184.300000000,REPLAN_REQUESTED,"{""message"": ""Replanning request. curr_vertex_idx: 28"", ""wall_time_utc"": ""2026-09-07T00:26:36.236961+00:00""}"
3190.600000000,LOCAL_REPLAN,"{""message"": ""Call local replanning..."", ""wall_time_utc"": ""2026-09-07T00:26:42.523331+00:00""}"
3190.600000000,REPLAN_REQUESTED,"{""message"": ""Replanning request. curr_vertex_idx: 28"", ""wall_time_utc"": ""2026-09-07T00:26:42.524790+00:00""}"
3197.100000000,LOCAL_REPLAN,"{""message"": ""Call local replanning..."", ""wall_time_utc"": ""2026-09-07T00:26:49.097212+00:00""}"
3197.100000000,REPLAN_REQUESTED,"{""message"": ""Replanning request. curr_vertex_idx: 28"", ""wall_time_utc"": ""2026-09-07T00:26:49.099275+00:00""}"
3203.100000000,LOCAL_REPLAN,"{""message"": ""Call local replanning..."", ""wall_time_utc"": ""2026-09-07T00:26:55.104964+00:00""}"
3203.100000000,REPLAN_REQUESTED,"{""message"": ""Replanning request. curr_vertex_idx: 28"", ""wall_time_utc"": ""2026-09-07T00:26:55.106873+00:00""}"
3209.100000000,LOCAL_REPLAN,"{""message"": ""Call local replanning..."", ""wall_time_utc"": ""2026-09-07T00:27:01.026727+00:00""}"
3209.100000000,REPLAN_REQUESTED,"{""message"": ""Replanning request. curr_vertex_idx: 28"", ""wall_time_utc"": ""2026-09-07T00:27:01.028545+00:00""}"
3214.700000000,LOCAL_REPLAN,"{""message"": ""Call local replanning..."", ""wall_time_utc"": ""2026-09-07T00:27:06.684549+00:00""}"
3214.700000000,REPLAN_REQUESTED,"{""message"": ""Replanning request. curr_vertex_idx: 28"", ""wall_time_utc"": ""2026-09-07T00:27:06.686260+00:00""}"
3220.200000000,LOCAL_REPLAN,"{""message"": ""Call local replanning..."", ""wall_time_utc"": ""2026-09-07T00:27:12.142480+00:00""}"
3220.200000000,REPLAN_REQUESTED,"{""message"": ""Replanning request. curr_vertex_idx: 28"", ""wall_time_utc"": ""2026-09-07T00:27:12.144437+00:00""}"
3226.800000000,LOCAL_REPLAN,"{""message"": ""Call local replanning..."", ""wall_time_utc"": ""2026-09-07T00:27:18.774503+00:00""}"
3226.800000000,REPLAN_REQUESTED,"{""message"": ""Replanning request. curr_vertex_idx: 28"", ""wall_time_utc"": ""2026-09-07T00:27:18.776392+00:00""}"
3232.700000000,LOCAL_REPLAN,"{""message"": ""Call local replanning..."", ""wall_time_utc"": ""2026-09-07T00:27:24.711087+00:00""}"
3232.700000000,REPLAN_REQUESTED,"{""message"": ""Replanning request. curr_vertex_idx: 28"", ""wall_time_utc"": ""2026-09-07T00:27:24.712632+00:00""}"
3238.600000000,LOCAL_REPLAN,"{""message"": ""Call local replanning..."", ""wall_time_utc"": ""2026-09-07T00:27:30.549328+00:00""}"
3238.600000000,REPLAN_REQUESTED,"{""message"": ""Replanning request. curr_vertex_idx: 28"", ""wall_time_utc"": ""2026-09-07T00:27:30.551205+00:00""}"
3245.600000000,LOCAL_REPLAN,"{""message"": ""Call local replanning..."", ""wall_time_utc"": ""2026-09-07T00:27:37.546510+00:00""}"
3245.600000000,REPLAN_REQUESTED,"{""message"": ""Replanning request. curr_vertex_idx: 28"", ""wall_time_utc"": ""2026-09-07T00:27:37.548740+00:00""}"
3251.000000000,LOCAL_REPLAN,"{""message"": ""Call local replanning..."", ""wall_time_utc"": ""2026-09-07T00:27:42.949316+00:00""}"
3251.000000000,REPLAN_REQUESTED,"{""message"": ""Replanning request. curr_vertex_idx: 28"", ""wall_time_utc"": ""2026-09-07T00:27:42.951451+00:00""}"
3256.700000000,LOCAL_REPLAN,"{""message"": ""Call local replanning..."", ""wall_time_utc"": ""2026-09-07T00:27:48.685587+00:00""}"
3256.700000000,REPLAN_REQUESTED,"{""message"": ""Replanning request. curr_vertex_idx: 28"", ""wall_time_utc"": ""2026-09-07T00:27:48.687627+00:00""}"
3262.700000000,LOCAL_REPLAN,"{""message"": ""Call local replanning..."", ""wall_time_utc"": ""2026-09-07T00:27:54.683914+00:00""}"
3262.700000000,REPLAN_REQUESTED,"{""message"": ""Replanning request. curr_vertex_idx: 28"", ""wall_time_utc"": ""2026-09-07T00:27:54.686027+00:00""}"
3269.000000000,LOCAL_REPLAN,"{""message"": ""Call local replanning..."", ""wall_time_utc"": ""2026-09-07T00:28:00.928028+00:00""}"
3269.000000000,REPLAN_REQUESTED,"{""message"": ""Replanning request. curr_vertex_idx: 28"", ""wall_time_utc"": ""2026-09-07T00:28:00.930005+00:00""}"
3274.700000000,LOCAL_REPLAN,"{""message"": ""Call local replanning..."", ""wall_time_utc"": ""2026-09-07T00:28:06.712189+00:00""}"
3274.700000000,REPLAN_REQUESTED,"{""message"": ""Replanning request. curr_vertex_idx: 28"", ""wall_time_utc"": ""2026-09-07T00:28:06.714570+00:00""}"
3281.100000000,LOCAL_REPLAN,"{""message"": ""Call local replanning..."", ""wall_time_utc"": ""2026-09-07T00:28:13.087428+00:00""}"
3281.100000000,REPLAN_REQUESTED,"{""message"": ""Replanning request. curr_vertex_idx: 28"", ""wall_time_utc"": ""2026-09-07T00:28:13.089573+00:00""}"
3287.000000000,LOCAL_REPLAN,"{""message"": ""Call local replanning..."", ""wall_time_utc"": ""2026-09-07T00:28:18.975464+00:00""}"
3287.000000000,REPLAN_REQUESTED,"{""message"": ""Replanning request. curr_vertex_idx: 28"", ""wall_time_utc"": ""2026-09-07T00:28:18.977373+00:00""}"
3292.800000000,LOCAL_REPLAN,"{""message"": ""Call local replanning..."", ""wall_time_utc"": ""2026-09-07T00:28:24.714368+00:00""}"
3292.800000000,REPLAN_REQUESTED,"{""message"": ""Replanning request. curr_vertex_idx: 28"", ""wall_time_utc"": ""2026-09-07T00:28:24.716080+00:00""}"
3298.500000000,LOCAL_REPLAN,"{""message"": ""Call local replanning..."", ""wall_time_utc"": ""2026-09-07T00:28:30.507369+00:00""}"
3298.500000000,REPLAN_REQUESTED,"{""message"": ""Replanning request. curr_vertex_idx: 28"", ""wall_time_utc"": ""2026-09-07T00:28:30.509236+00:00""}"
3304.600000000,LOCAL_REPLAN,"{""message"": ""Call local replanning..."", ""wall_time_utc"": ""2026-09-07T00:28:36.525034+00:00""}"
3304.600000000,REPLAN_REQUESTED,"{""message"": ""Replanning request. curr_vertex_idx: 28"", ""wall_time_utc"": ""2026-09-07T00:28:36.526910+00:00""}"
3311.000000000,LOCAL_REPLAN,"{""message"": ""Call local replanning..."", ""wall_time_utc"": ""2026-09-07T00:28:42.930289+00:00""}"
3311.000000000,REPLAN_REQUESTED,"{""message"": ""Replanning request. curr_vertex_idx: 28"", ""wall_time_utc"": ""2026-09-07T00:28:42.931768+00:00""}"
3316.600000000,LOCAL_REPLAN,"{""message"": ""Call local replanning..."", ""wall_time_utc"": ""2026-09-07T00:28:48.520016+00:00""}"
3316.600000000,REPLAN_REQUESTED,"{""message"": ""Replanning request. curr_vertex_idx: 28"", ""wall_time_utc"": ""2026-09-07T00:28:48.521844+00:00""}"
3322.700000000,LOCAL_REPLAN,"{""message"": ""Call local replanning..."", ""wall_time_utc"": ""2026-09-07T00:28:54.684072+00:00""}"
3322.700000000,REPLAN_REQUESTED,"{""message"": ""Replanning request. curr_vertex_idx: 28"", ""wall_time_utc"": ""2026-09-07T00:28:54.686148+00:00""}"
3328.600000000,LOCAL_REPLAN,"{""message"": ""Call local replanning..."", ""wall_time_utc"": ""2026-09-07T00:29:00.524821+00:00""}"
3328.600000000,REPLAN_REQUESTED,"{""message"": ""Replanning request. curr_vertex_idx: 28"", ""wall_time_utc"": ""2026-09-07T00:29:00.526618+00:00""}"
3334.700000000,LOCAL_REPLAN,"{""message"": ""Call local replanning..."", ""wall_time_utc"": ""2026-09-07T00:29:06.696013+00:00""}"
3334.700000000,REPLAN_REQUESTED,"{""message"": ""Replanning request. curr_vertex_idx: 28"", ""wall_time_utc"": ""2026-09-07T00:29:06.698265+00:00""}"
3340.600000000,LOCAL_REPLAN,"{""message"": ""Call local replanning..."", ""wall_time_utc"": ""2026-09-07T00:29:12.523726+00:00""}"
3340.600000000,REPLAN_REQUESTED,"{""message"": ""Replanning request. curr_vertex_idx: 28"", ""wall_time_utc"": ""2026-09-07T00:29:12.526016+00:00""}"
3346.700000000,LOCAL_REPLAN,"{""message"": ""Call local replanning..."", ""wall_time_utc"": ""2026-09-07T00:29:18.660862+00:00""}"
3346.700000000,REPLAN_REQUESTED,"{""message"": ""Replanning request. curr_vertex_idx: 28"", ""wall_time_utc"": ""2026-09-07T00:29:18.662798+00:00""}"
3347.200000000,KARTO_LOOP_ACCEPTED,"{""chain_end"": 801, ""chain_start"": 797, ""current_scan"": 2263, ""loop_count"": 12, ""received_ros_time"": 3347.2, ""received_wall_time_utc"": ""2026-09-07T00:29:19.151230+00:00"", ""seq"": 12, ""stamp"": 3347.2, ""wall_time_utc"": ""2026-09-07T00:29:19.151253+00:00""}"
3347.200000000,KARTO_LOOP_CONSTRAINT,"{""message"": ""Add one Loop closure. 12 loops have been added."", ""wall_time_utc"": ""2026-09-07T00:29:19.151415+00:00""}"
3352.700000000,LOCAL_REPLAN,"{""message"": ""Call local replanning..."", ""wall_time_utc"": ""2026-09-07T00:29:24.711769+00:00""}"
3352.700000000,REPLAN_REQUESTED,"{""message"": ""Replanning request. curr_vertex_idx: 28"", ""wall_time_utc"": ""2026-09-07T00:29:24.714057+00:00""}"
3359.000000000,LOCAL_REPLAN,"{""message"": ""Call local replanning..."", ""wall_time_utc"": ""2026-09-07T00:29:30.947087+00:00""}"
3359.000000000,REPLAN_REQUESTED,"{""message"": ""Replanning request. curr_vertex_idx: 28"", ""wall_time_utc"": ""2026-09-07T00:29:30.948968+00:00""}"
3364.600000000,LOCAL_REPLAN,"{""message"": ""Call local replanning..."", ""wall_time_utc"": ""2026-09-07T00:29:36.533943+00:00""}"
3364.600000000,REPLAN_REQUESTED,"{""message"": ""Replanning request. curr_vertex_idx: 28"", ""wall_time_utc"": ""2026-09-07T00:29:36.535863+00:00""}"
3370.600000000,LOCAL_REPLAN,"{""message"": ""Call local replanning..."", ""wall_time_utc"": ""2026-09-07T00:29:42.529411+00:00""}"
3370.600000000,REPLAN_REQUESTED,"{""message"": ""Replanning request. curr_vertex_idx: 28"", ""wall_time_utc"": ""2026-09-07T00:29:42.531172+00:00""}"
3376.600000000,LOCAL_REPLAN,"{""message"": ""Call local replanning..."", ""wall_time_utc"": ""2026-09-07T00:29:48.547659+00:00""}"
3376.600000000,REPLAN_REQUESTED,"{""message"": ""Replanning request. curr_vertex_idx: 28"", ""wall_time_utc"": ""2026-09-07T00:29:48.549170+00:00""}"
3382.700000000,LOCAL_REPLAN,"{""message"": ""Call local replanning..."", ""wall_time_utc"": ""2026-09-07T00:29:54.698590+00:00""}"
3382.700000000,REPLAN_REQUESTED,"{""message"": ""Replanning request. curr_vertex_idx: 28"", ""wall_time_utc"": ""2026-09-07T00:29:54.700825+00:00""}"
3388.700000000,LOCAL_REPLAN,"{""message"": ""Call local replanning..."", ""wall_time_utc"": ""2026-09-07T00:30:00.694075+00:00""}"
3388.700000000,REPLAN_REQUESTED,"{""message"": ""Replanning request. curr_vertex_idx: 28"", ""wall_time_utc"": ""2026-09-07T00:30:00.695787+00:00""}"
3394.600000000,LOCAL_REPLAN,"{""message"": ""Call local replanning..."", ""wall_time_utc"": ""2026-09-07T00:30:06.520967+00:00""}"
3394.600000000,REPLAN_REQUESTED,"{""message"": ""Replanning request. curr_vertex_idx: 28"", ""wall_time_utc"": ""2026-09-07T00:30:06.522504+00:00""}"
3401.200000000,LOCAL_REPLAN,"{""message"": ""Call local replanning..."", ""wall_time_utc"": ""2026-09-07T00:30:13.134292+00:00""}"
3401.200000000,REPLAN_REQUESTED,"{""message"": ""Replanning request. curr_vertex_idx: 28"", ""wall_time_utc"": ""2026-09-07T00:30:13.136466+00:00""}"
3406.600000000,LOCAL_REPLAN,"{""message"": ""Call local replanning..."", ""wall_time_utc"": ""2026-09-07T00:30:18.547485+00:00""}"
3406.600000000,REPLAN_REQUESTED,"{""message"": ""Replanning request. curr_vertex_idx: 28"", ""wall_time_utc"": ""2026-09-07T00:30:18.550177+00:00""}"
3412.600000000,LOCAL_REPLAN,"{""message"": ""Call local replanning..."", ""wall_time_utc"": ""2026-09-07T00:30:24.533830+00:00""}"
3412.600000000,REPLAN_REQUESTED,"{""message"": ""Replanning request. curr_vertex_idx: 28"", ""wall_time_utc"": ""2026-09-07T00:30:24.535871+00:00""}"
3418.400000000,LOCAL_REPLAN,"{""message"": ""Call local replanning..."", ""wall_time_utc"": ""2026-09-07T00:30:30.339913+00:00""}"
3418.400000000,REPLAN_REQUESTED,"{""message"": ""Replanning request. curr_vertex_idx: 28"", ""wall_time_utc"": ""2026-09-07T00:30:30.341780+00:00""}"
3424.100000000,LOCAL_REPLAN,"{""message"": ""Call local replanning..."", ""wall_time_utc"": ""2026-09-07T00:30:36.060348+00:00""}"
3424.100000000,REPLAN_REQUESTED,"{""message"": ""Replanning request. curr_vertex_idx: 28"", ""wall_time_utc"": ""2026-09-07T00:30:36.062389+00:00""}"
3430.700000000,LOCAL_REPLAN,"{""message"": ""Call local replanning..."", ""wall_time_utc"": ""2026-09-07T00:30:42.623702+00:00""}"
3430.700000000,REPLAN_REQUESTED,"{""message"": ""Replanning request. curr_vertex_idx: 28"", ""wall_time_utc"": ""2026-09-07T00:30:42.626011+00:00""}"
3436.600000000,LOCAL_REPLAN,"{""message"": ""Call local replanning..."", ""wall_time_utc"": ""2026-09-07T00:30:48.527549+00:00""}"
3436.600000000,REPLAN_REQUESTED,"{""message"": ""Replanning request. curr_vertex_idx: 28"", ""wall_time_utc"": ""2026-09-07T00:30:48.529517+00:00""}"
3442.500000000,LOCAL_REPLAN,"{""message"": ""Call local replanning..."", ""wall_time_utc"": ""2026-09-07T00:30:54.447501+00:00""}"
3442.500000000,REPLAN_REQUESTED,"{""message"": ""Replanning request. curr_vertex_idx: 28"", ""wall_time_utc"": ""2026-09-07T00:30:54.449914+00:00""}"
3448.300000000,LOCAL_REPLAN,"{""message"": ""Call local replanning..."", ""wall_time_utc"": ""2026-09-07T00:31:00.218401+00:00""}"
3448.300000000,REPLAN_REQUESTED,"{""message"": ""Replanning request. curr_vertex_idx: 28"", ""wall_time_utc"": ""2026-09-07T00:31:00.219942+00:00""}"
3454.100000000,LOCAL_REPLAN,"{""message"": ""Call local replanning..."", ""wall_time_utc"": ""2026-09-07T00:31:06.075609+00:00""}"
3454.100000000,REPLAN_REQUESTED,"{""message"": ""Replanning request. curr_vertex_idx: 28"", ""wall_time_utc"": ""2026-09-07T00:31:06.077813+00:00""}"
3460.400000000,LOCAL_REPLAN,"{""message"": ""Call local replanning..."", ""wall_time_utc"": ""2026-09-07T00:31:12.344401+00:00""}"
3460.400000000,REPLAN_REQUESTED,"{""message"": ""Replanning request. curr_vertex_idx: 28"", ""wall_time_utc"": ""2026-09-07T00:31:12.346435+00:00""}"
3467.000000000,LOCAL_REPLAN,"{""message"": ""Call local replanning..."", ""wall_time_utc"": ""2026-09-07T00:31:18.972775+00:00""}"
3467.000000000,REPLAN_REQUESTED,"{""message"": ""Replanning request. curr_vertex_idx: 28"", ""wall_time_utc"": ""2026-09-07T00:31:18.974989+00:00""}"
3469.200000000,LOCAL_REPLAN,"{""message"": ""Call local replanning..."", ""wall_time_utc"": ""2026-09-07T00:31:21.149820+00:00""}"
3469.200000000,REPLAN_REQUESTED,"{""message"": ""Replanning request. curr_vertex_idx: 28"", ""wall_time_utc"": ""2026-09-07T00:31:21.152252+00:00""}"
3470.800000000,LOCAL_REPLAN,"{""message"": ""Call local replanning..."", ""wall_time_utc"": ""2026-09-07T00:31:22.739633+00:00""}"
3470.800000000,REPLAN_REQUESTED,"{""message"": ""Replanning request. curr_vertex_idx: 28"", ""wall_time_utc"": ""2026-09-07T00:31:22.741408+00:00""}"
3476.600000000,LOCAL_REPLAN,"{""message"": ""Call local replanning..."", ""wall_time_utc"": ""2026-09-07T00:31:28.547067+00:00""}"
3476.600000000,REPLAN_REQUESTED,"{""message"": ""Replanning request. curr_vertex_idx: 28"", ""wall_time_utc"": ""2026-09-07T00:31:28.549433+00:00""}"
3480.600000000,LOCAL_REPLAN,"{""message"": ""Call local replanning..."", ""wall_time_utc"": ""2026-09-07T00:31:32.547886+00:00""}"
3480.600000000,REPLAN_REQUESTED,"{""message"": ""Replanning request. curr_vertex_idx: 28"", ""wall_time_utc"": ""2026-09-07T00:31:32.549991+00:00""}"
3482.600000000,LOCAL_REPLAN,"{""message"": ""Call local replanning..."", ""wall_time_utc"": ""2026-09-07T00:31:34.536300+00:00""}"
3482.600000000,REPLAN_REQUESTED,"{""message"": ""Replanning request. curr_vertex_idx: 28"", ""wall_time_utc"": ""2026-09-07T00:31:34.538159+00:00""}"
3484.600000000,LOCAL_REPLAN,"{""message"": ""Call local replanning..."", ""wall_time_utc"": ""2026-09-07T00:31:36.554501+00:00""}"
3484.600000000,REPLAN_REQUESTED,"{""message"": ""Replanning request. curr_vertex_idx: 28"", ""wall_time_utc"": ""2026-09-07T00:31:36.579757+00:00""}"
3486.600000000,LOCAL_REPLAN,"{""message"": ""Call local replanning..."", ""wall_time_utc"": ""2026-09-07T00:31:38.561266+00:00""}"
3486.600000000,REPLAN_REQUESTED,"{""message"": ""Replanning request. curr_vertex_idx: 28"", ""wall_time_utc"": ""2026-09-07T00:31:38.563278+00:00""}"
3488.800000000,LOCAL_REPLAN,"{""message"": ""Call local replanning..."", ""wall_time_utc"": ""2026-09-07T00:31:40.716001+00:00""}"
3488.800000000,REPLAN_REQUESTED,"{""message"": ""Replanning request. curr_vertex_idx: 28"", ""wall_time_utc"": ""2026-09-07T00:31:40.717981+00:00""}"
3490.600000000,LOCAL_REPLAN,"{""message"": ""Call local replanning..."", ""wall_time_utc"": ""2026-09-07T00:31:42.535443+00:00""}"
3490.600000000,REPLAN_REQUESTED,"{""message"": ""Replanning request. curr_vertex_idx: 28"", ""wall_time_utc"": ""2026-09-07T00:31:42.537329+00:00""}"
3492.600000000,LOCAL_REPLAN,"{""message"": ""Call local replanning..."", ""wall_time_utc"": ""2026-09-07T00:31:44.557843+00:00""}"
3492.600000000,REPLAN_REQUESTED,"{""message"": ""Replanning request. curr_vertex_idx: 28"", ""wall_time_utc"": ""2026-09-07T00:31:44.559752+00:00""}"
3495.000000000,LOCAL_REPLAN,"{""message"": ""Call local replanning..."", ""wall_time_utc"": ""2026-09-07T00:31:46.969068+00:00""}"
3495.000000000,REPLAN_REQUESTED,"{""message"": ""Replanning request. curr_vertex_idx: 28"", ""wall_time_utc"": ""2026-09-07T00:31:46.971246+00:00""}"
3496.900000000,LOCAL_REPLAN,"{""message"": ""Call local replanning..."", ""wall_time_utc"": ""2026-09-07T00:31:48.860959+00:00""}"
3496.900000000,REPLAN_REQUESTED,"{""message"": ""Replanning request. curr_vertex_idx: 28"", ""wall_time_utc"": ""2026-09-07T00:31:48.863228+00:00""}"
3498.600000000,LOCAL_REPLAN,"{""message"": ""Call local replanning..."", ""wall_time_utc"": ""2026-09-07T00:31:50.550037+00:00""}"
3498.600000000,REPLAN_REQUESTED,"{""message"": ""Replanning request. curr_vertex_idx: 28"", ""wall_time_utc"": ""2026-09-07T00:31:50.552036+00:00""}"
3500.600000000,LOCAL_REPLAN,"{""message"": ""Call local replanning..."", ""wall_time_utc"": ""2026-09-07T00:31:52.550501+00:00""}"
3500.600000000,REPLAN_REQUESTED,"{""message"": ""Replanning request. curr_vertex_idx: 28"", ""wall_time_utc"": ""2026-09-07T00:31:52.552357+00:00""}"
3502.700000000,LOCAL_REPLAN,"{""message"": ""Call local replanning..."", ""wall_time_utc"": ""2026-09-07T00:31:54.636183+00:00""}"
3502.700000000,REPLAN_REQUESTED,"{""message"": ""Replanning request. curr_vertex_idx: 28"", ""wall_time_utc"": ""2026-09-07T00:31:54.638062+00:00""}"
3504.800000000,LOCAL_REPLAN,"{""message"": ""Call local replanning..."", ""wall_time_utc"": ""2026-09-07T00:31:56.738715+00:00""}"
3504.800000000,REPLAN_REQUESTED,"{""message"": ""Replanning request. curr_vertex_idx: 28"", ""wall_time_utc"": ""2026-09-07T00:31:56.740838+00:00""}"
3506.500000000,LOCAL_REPLAN,"{""message"": ""Call local replanning..."", ""wall_time_utc"": ""2026-09-07T00:31:58.491784+00:00""}"
3506.500000000,REPLAN_REQUESTED,"{""message"": ""Replanning request. curr_vertex_idx: 28"", ""wall_time_utc"": ""2026-09-07T00:31:58.493829+00:00""}"
3508.600000000,LOCAL_REPLAN,"{""message"": ""Call local replanning..."", ""wall_time_utc"": ""2026-09-07T00:32:00.523633+00:00""}"
3508.600000000,REPLAN_REQUESTED,"{""message"": ""Replanning request. curr_vertex_idx: 28"", ""wall_time_utc"": ""2026-09-07T00:32:00.525606+00:00""}"
3510.800000000,LOCAL_REPLAN,"{""message"": ""Call local replanning..."", ""wall_time_utc"": ""2026-09-07T00:32:02.746415+00:00""}"
3510.800000000,REPLAN_REQUESTED,"{""message"": ""Replanning request. curr_vertex_idx: 28"", ""wall_time_utc"": ""2026-09-07T00:32:02.748543+00:00""}"
3513.100000000,LOCAL_REPLAN,"{""message"": ""Call local replanning..."", ""wall_time_utc"": ""2026-09-07T00:32:05.030754+00:00""}"
3513.100000000,REPLAN_REQUESTED,"{""message"": ""Replanning request. curr_vertex_idx: 28"", ""wall_time_utc"": ""2026-09-07T00:32:05.032562+00:00""}"
3515.100000000,LOCAL_REPLAN,"{""message"": ""Call local replanning..."", ""wall_time_utc"": ""2026-09-07T00:32:07.029998+00:00""}"
3515.100000000,REPLAN_REQUESTED,"{""message"": ""Replanning request. curr_vertex_idx: 28"", ""wall_time_utc"": ""2026-09-07T00:32:07.032528+00:00""}"
3517.100000000,LOCAL_REPLAN,"{""message"": ""Call local replanning..."", ""wall_time_utc"": ""2026-09-07T00:32:09.020934+00:00""}"
3517.100000000,REPLAN_REQUESTED,"{""message"": ""Replanning request. curr_vertex_idx: 28"", ""wall_time_utc"": ""2026-09-07T00:32:09.023069+00:00""}"
3518.600000000,LOCAL_REPLAN,"{""message"": ""Call local replanning..."", ""wall_time_utc"": ""2026-09-07T00:32:10.548189+00:00""}"
3518.600000000,REPLAN_REQUESTED,"{""message"": ""Replanning request. curr_vertex_idx: 28"", ""wall_time_utc"": ""2026-09-07T00:32:10.550253+00:00""}"
3520.800000000,LOCAL_REPLAN,"{""message"": ""Call local replanning..."", ""wall_time_utc"": ""2026-09-07T00:32:12.721299+00:00""}"
3520.800000000,REPLAN_REQUESTED,"{""message"": ""Replanning request. curr_vertex_idx: 28"", ""wall_time_utc"": ""2026-09-07T00:32:12.723791+00:00""}"
3522.800000000,LOCAL_REPLAN,"{""message"": ""Call local replanning..."", ""wall_time_utc"": ""2026-09-07T00:32:14.721500+00:00""}"
3522.800000000,REPLAN_REQUESTED,"{""message"": ""Replanning request. curr_vertex_idx: 28"", ""wall_time_utc"": ""2026-09-07T00:32:14.723343+00:00""}"
3524.600000000,LOCAL_REPLAN,"{""message"": ""Call local replanning..."", ""wall_time_utc"": ""2026-09-07T00:32:16.572152+00:00""}"
3524.600000000,REPLAN_REQUESTED,"{""message"": ""Replanning request. curr_vertex_idx: 28"", ""wall_time_utc"": ""2026-09-07T00:32:16.574067+00:00""}"
3526.300000000,LOCAL_REPLAN,"{""message"": ""Call local replanning..."", ""wall_time_utc"": ""2026-09-07T00:32:18.240210+00:00""}"
3526.300000000,REPLAN_REQUESTED,"{""message"": ""Replanning request. curr_vertex_idx: 28"", ""wall_time_utc"": ""2026-09-07T00:32:18.242593+00:00""}"
3529.100000000,LOCAL_REPLAN,"{""message"": ""Call local replanning..."", ""wall_time_utc"": ""2026-09-07T00:32:21.038411+00:00""}"
3529.100000000,REPLAN_REQUESTED,"{""message"": ""Replanning request. curr_vertex_idx: 28"", ""wall_time_utc"": ""2026-09-07T00:32:21.040599+00:00""}"
3530.600000000,LOCAL_REPLAN,"{""message"": ""Call local replanning..."", ""wall_time_utc"": ""2026-09-07T00:32:22.546945+00:00""}"
3530.600000000,REPLAN_REQUESTED,"{""message"": ""Replanning request. curr_vertex_idx: 28"", ""wall_time_utc"": ""2026-09-07T00:32:22.549015+00:00""}"
3533.600000000,LOCAL_REPLAN,"{""message"": ""Call local replanning..."", ""wall_time_utc"": ""2026-09-07T00:32:25.550975+00:00""}"
3533.600000000,REPLAN_REQUESTED,"{""message"": ""Replanning request. curr_vertex_idx: 28"", ""wall_time_utc"": ""2026-09-07T00:32:25.553235+00:00""}"
3534.600000000,LOCAL_REPLAN,"{""message"": ""Call local replanning..."", ""wall_time_utc"": ""2026-09-07T00:32:26.560636+00:00""}"
3534.600000000,REPLAN_REQUESTED,"{""message"": ""Replanning request. curr_vertex_idx: 28"", ""wall_time_utc"": ""2026-09-07T00:32:26.562661+00:00""}"
3536.800000000,LOCAL_REPLAN,"{""message"": ""Call local replanning..."", ""wall_time_utc"": ""2026-09-07T00:32:28.734159+00:00""}"
3536.800000000,REPLAN_REQUESTED,"{""message"": ""Replanning request. curr_vertex_idx: 28"", ""wall_time_utc"": ""2026-09-07T00:32:28.736221+00:00""}"
3538.800000000,LOCAL_REPLAN,"{""message"": ""Call local replanning..."", ""wall_time_utc"": ""2026-09-07T00:32:30.737730+00:00""}"
3538.800000000,REPLAN_REQUESTED,"{""message"": ""Replanning request. curr_vertex_idx: 28"", ""wall_time_utc"": ""2026-09-07T00:32:30.739627+00:00""}"
3541.000000000,LOCAL_REPLAN,"{""message"": ""Call local replanning..."", ""wall_time_utc"": ""2026-09-07T00:32:32.992407+00:00""}"
3541.000000000,REPLAN_REQUESTED,"{""message"": ""Replanning request. curr_vertex_idx: 28"", ""wall_time_utc"": ""2026-09-07T00:32:32.994882+00:00""}"
3543.000000000,LOCAL_REPLAN,"{""message"": ""Call local replanning..."", ""wall_time_utc"": ""2026-09-07T00:32:34.998113+00:00""}"
3543.000000000,REPLAN_REQUESTED,"{""message"": ""Replanning request. curr_vertex_idx: 28"", ""wall_time_utc"": ""2026-09-07T00:32:34.999951+00:00""}"
3545.100000000,LOCAL_REPLAN,"{""message"": ""Call local replanning..."", ""wall_time_utc"": ""2026-09-07T00:32:37.052210+00:00""}"
3545.100000000,REPLAN_REQUESTED,"{""message"": ""Replanning request. curr_vertex_idx: 28"", ""wall_time_utc"": ""2026-09-07T00:32:37.053899+00:00""}"
3546.500000000,LOCAL_REPLAN,"{""message"": ""Call local replanning..."", ""wall_time_utc"": ""2026-09-07T00:32:38.428374+00:00""}"
3546.500000000,REPLAN_REQUESTED,"{""message"": ""Replanning request. curr_vertex_idx: 28"", ""wall_time_utc"": ""2026-09-07T00:32:38.430133+00:00""}"
3552.600000000,LOCAL_REPLAN,"{""message"": ""Call local replanning..."", ""wall_time_utc"": ""2026-09-07T00:32:44.528759+00:00""}"
3552.600000000,REPLAN_REQUESTED,"{""message"": ""Replanning request. curr_vertex_idx: 28"", ""wall_time_utc"": ""2026-09-07T00:32:44.530964+00:00""}"
3558.600000000,LOCAL_REPLAN,"{""message"": ""Call local replanning..."", ""wall_time_utc"": ""2026-09-07T00:32:50.556434+00:00""}"
3558.600000000,REPLAN_REQUESTED,"{""message"": ""Replanning request. curr_vertex_idx: 28"", ""wall_time_utc"": ""2026-09-07T00:32:50.558201+00:00""}"
3564.600000000,LOCAL_REPLAN,"{""message"": ""Call local replanning..."", ""wall_time_utc"": ""2026-09-07T00:32:56.522768+00:00""}"
3564.600000000,REPLAN_REQUESTED,"{""message"": ""Replanning request. curr_vertex_idx: 28"", ""wall_time_utc"": ""2026-09-07T00:32:56.524580+00:00""}"
3571.000000000,LOCAL_REPLAN,"{""message"": ""Call local replanning..."", ""wall_time_utc"": ""2026-09-07T00:33:02.914676+00:00""}"
3571.000000000,REPLAN_REQUESTED,"{""message"": ""Replanning request. curr_vertex_idx: 28"", ""wall_time_utc"": ""2026-09-07T00:33:02.916340+00:00""}"
3576.700000000,LOCAL_REPLAN,"{""message"": ""Call local replanning..."", ""wall_time_utc"": ""2026-09-07T00:33:08.694947+00:00""}"
3576.700000000,REPLAN_REQUESTED,"{""message"": ""Replanning request. curr_vertex_idx: 28"", ""wall_time_utc"": ""2026-09-07T00:33:08.696841+00:00""}"
3583.000000000,LOCAL_REPLAN,"{""message"": ""Call local replanning..."", ""wall_time_utc"": ""2026-09-07T00:33:14.994755+00:00""}"
3583.000000000,REPLAN_REQUESTED,"{""message"": ""Replanning request. curr_vertex_idx: 28"", ""wall_time_utc"": ""2026-09-07T00:33:14.996462+00:00""}"
3588.600000000,LOCAL_REPLAN,"{""message"": ""Call local replanning..."", ""wall_time_utc"": ""2026-09-07T00:33:20.532181+00:00""}"
3588.600000000,REPLAN_REQUESTED,"{""message"": ""Replanning request. curr_vertex_idx: 28"", ""wall_time_utc"": ""2026-09-07T00:33:20.534069+00:00""}"
3594.100000000,LOCAL_REPLAN,"{""message"": ""Call local replanning..."", ""wall_time_utc"": ""2026-09-07T00:33:26.036923+00:00""}"
3594.100000000,REPLAN_REQUESTED,"{""message"": ""Replanning request. curr_vertex_idx: 28"", ""wall_time_utc"": ""2026-09-07T00:33:26.038589+00:00""}"
3600.900000000,LOCAL_REPLAN,"{""message"": ""Call local replanning..."", ""wall_time_utc"": ""2026-09-07T00:33:32.853478+00:00""}"
3600.900000000,REPLAN_REQUESTED,"{""message"": ""Replanning request. curr_vertex_idx: 28"", ""wall_time_utc"": ""2026-09-07T00:33:32.855343+00:00""}"
3606.500000000,LOCAL_REPLAN,"{""message"": ""Call local replanning..."", ""wall_time_utc"": ""2026-09-07T00:33:38.424890+00:00""}"
3606.500000000,REPLAN_REQUESTED,"{""message"": ""Replanning request. curr_vertex_idx: 28"", ""wall_time_utc"": ""2026-09-07T00:33:38.427023+00:00""}"
3612.600000000,LOCAL_REPLAN,"{""message"": ""Call local replanning..."", ""wall_time_utc"": ""2026-09-07T00:33:44.535312+00:00""}"
3612.600000000,REPLAN_REQUESTED,"{""message"": ""Replanning request. curr_vertex_idx: 28"", ""wall_time_utc"": ""2026-09-07T00:33:44.536922+00:00""}"
3618.600000000,LOCAL_REPLAN,"{""message"": ""Call local replanning..."", ""wall_time_utc"": ""2026-09-07T00:33:50.549665+00:00""}"
3618.600000000,REPLAN_REQUESTED,"{""message"": ""Replanning request. curr_vertex_idx: 28"", ""wall_time_utc"": ""2026-09-07T00:33:50.551478+00:00""}"
3625.100000000,LOCAL_REPLAN,"{""message"": ""Call local replanning..."", ""wall_time_utc"": ""2026-09-07T00:33:57.046810+00:00""}"
3625.100000000,REPLAN_REQUESTED,"{""message"": ""Replanning request. curr_vertex_idx: 28"", ""wall_time_utc"": ""2026-09-07T00:33:57.048419+00:00""}"
3630.800000000,LOCAL_REPLAN,"{""message"": ""Call local replanning..."", ""wall_time_utc"": ""2026-09-07T00:34:02.727021+00:00""}"
3630.800000000,REPLAN_REQUESTED,"{""message"": ""Replanning request. curr_vertex_idx: 28"", ""wall_time_utc"": ""2026-09-07T00:34:02.728611+00:00""}"
3637.100000000,LOCAL_REPLAN,"{""message"": ""Call local replanning..."", ""wall_time_utc"": ""2026-09-07T00:34:09.038004+00:00""}"
3637.100000000,REPLAN_REQUESTED,"{""message"": ""Replanning request. curr_vertex_idx: 28"", ""wall_time_utc"": ""2026-09-07T00:34:09.039736+00:00""}"
3642.600000000,LOCAL_REPLAN,"{""message"": ""Call local replanning..."", ""wall_time_utc"": ""2026-09-07T00:34:14.567813+00:00""}"
3642.600000000,REPLAN_REQUESTED,"{""message"": ""Replanning request. curr_vertex_idx: 28"", ""wall_time_utc"": ""2026-09-07T00:34:14.569459+00:00""}"
3648.600000000,LOCAL_REPLAN,"{""message"": ""Call local replanning..."", ""wall_time_utc"": ""2026-09-07T00:34:20.555161+00:00""}"
3648.600000000,REPLAN_REQUESTED,"{""message"": ""Replanning request. curr_vertex_idx: 28"", ""wall_time_utc"": ""2026-09-07T00:34:20.556855+00:00""}"
3654.600000000,LOCAL_REPLAN,"{""message"": ""Call local replanning..."", ""wall_time_utc"": ""2026-09-07T00:34:26.556432+00:00""}"
3654.600000000,REPLAN_REQUESTED,"{""message"": ""Replanning request. curr_vertex_idx: 28"", ""wall_time_utc"": ""2026-09-07T00:34:26.558409+00:00""}"
3660.600000000,LOCAL_REPLAN,"{""message"": ""Call local replanning..."", ""wall_time_utc"": ""2026-09-07T00:34:32.532444+00:00""}"
3660.600000000,REPLAN_REQUESTED,"{""message"": ""Replanning request. curr_vertex_idx: 28"", ""wall_time_utc"": ""2026-09-07T00:34:32.534345+00:00""}"
3667.000000000,LOCAL_REPLAN,"{""message"": ""Call local replanning..."", ""wall_time_utc"": ""2026-09-07T00:34:39.006028+00:00""}"
3667.000000000,REPLAN_REQUESTED,"{""message"": ""Replanning request. curr_vertex_idx: 28"", ""wall_time_utc"": ""2026-09-07T00:34:39.007788+00:00""}"
3673.100000000,LOCAL_REPLAN,"{""message"": ""Call local replanning..."", ""wall_time_utc"": ""2026-09-07T00:34:45.024460+00:00""}"
3673.100000000,REPLAN_REQUESTED,"{""message"": ""Replanning request. curr_vertex_idx: 28"", ""wall_time_utc"": ""2026-09-07T00:34:45.026230+00:00""}"
3679.300000000,LOCAL_REPLAN,"{""message"": ""Call local replanning..."", ""wall_time_utc"": ""2026-09-07T00:34:51.241539+00:00""}"
3679.300000000,REPLAN_REQUESTED,"{""message"": ""Replanning request. curr_vertex_idx: 28"", ""wall_time_utc"": ""2026-09-07T00:34:51.243603+00:00""}"
3684.600000000,LOCAL_REPLAN,"{""message"": ""Call local replanning..."", ""wall_time_utc"": ""2026-09-07T00:34:56.603404+00:00""}"
3684.600000000,REPLAN_REQUESTED,"{""message"": ""Replanning request. curr_vertex_idx: 28"", ""wall_time_utc"": ""2026-09-07T00:34:56.605376+00:00""}"
3691.100000000,LOCAL_REPLAN,"{""message"": ""Call local replanning..."", ""wall_time_utc"": ""2026-09-07T00:35:03.016258+00:00""}"
3691.100000000,REPLAN_REQUESTED,"{""message"": ""Replanning request. curr_vertex_idx: 28"", ""wall_time_utc"": ""2026-09-07T00:35:03.018192+00:00""}"
3697.100000000,LOCAL_REPLAN,"{""message"": ""Call local replanning..."", ""wall_time_utc"": ""2026-09-07T00:35:09.039743+00:00""}"
3697.100000000,REPLAN_REQUESTED,"{""message"": ""Replanning request. curr_vertex_idx: 28"", ""wall_time_utc"": ""2026-09-07T00:35:09.041855+00:00""}"
3702.700000000,LOCAL_REPLAN,"{""message"": ""Call local replanning..."", ""wall_time_utc"": ""2026-09-07T00:35:15.027106+00:00""}"
3702.700000000,REPLAN_REQUESTED,"{""message"": ""Replanning request. curr_vertex_idx: 28"", ""wall_time_utc"": ""2026-09-07T00:35:15.028919+00:00""}"
