0.300000000 0.2 0 0 0 0 0 1
0.400000000 0.2 0 0 0 0 0 1
0.500000000 0.2 0 0 0 0 0 1
0.600000000 0.2 0 0 0 0 0 1
0.700000000 0.2 0 0 0 0 0 1
0.800000000 0.2 0 0 0 0 0 1
0.900000000 0.2 0 0 0 0 0 1
1.000000000 0.2 0 0 0 0 0 1
1.100000000 0.2 0 0 0 0 0 1
1.200000000 0.2 0 0 0 0 0 1
1.300000000 0.2 0 0 0 0 0 1
1.400000000 0.2 0 0 0 0 0 1
1.500000000 0.2 0 0 0 0 0 1
1.600000000 0.2 0 0 0 0 0 1
1.700000000 0.2 0 0 0 0 0 1
1.800000000 0.2 0 0 0 0 0 1
1.900000000 0.2 0 0 0 0 0 1
2.000000000 0.2 0 0 0 0 0 1
2.100000000 0.2 0 0 0 0 0 1
2.200000000 0.2 0 0 0 0 0 1
2.300000000 0.2 0 0 0 0 0 1
2.400000000 0.2 0 0 0 0 0 1
2.500000000 0.2 0 0 0 0 0 1
2.600000000 0.2 0 0 0 0 0 1
2.700000000 0.2 0 0 0 0 0 1
2.800000000 0.2 0 0 0 0 0 1
2.900000000 0.2 0 0 0 0 0 1
3.000000000 0.2 0 0 0 0 0 1
3.100000000 0.2 0 0 0 0 0 1
3.200000000 0.2 0 0 0 0 0 1
3.300000000 0.2 0 0 0 0 0 1
3.400000000 0.2 0 0 0 0 0 1
3.500000000 0.2 0 0 0 0 0 1
3.600000000 0.2 0 0 0 0 0 1
3.700000000 0.2 0 0 0 0 0 1
3.800000000 0.2 0 0 0 0 0 1
3.900000000 0.2 0 0 0 0 0 1
4.000000000 0.22 -4.73042e-18 0 0 0 -1.18261e-17 1
4.100000000 0.24 -9.46084e-18 0 0 0 -2.36521e-17 1
4.200000000 0.26 -1.41913e-17 0 0 0 -3.54782e-17 1
4.300000000 0.278333 -1.85275e-17 0 0 0 -4.63187e-17 1
4.400000000 0.298333 -2.32579e-17 0 0 0 -5.81448e-17 1
4.500000000 0.318333 -2.79883e-17 0 0 0 -6.99708e-17 1
4.600000000 0.338333 -3.27187e-17 0 0 0 -8.17969e-17 1
4.700000000 0.358333 -3.74492e-17 0 0 0 -9.36229e-17 1
4.800000000 0.378333 -4.21796e-17 0 0 0 -1.05449e-16 1
4.900000000 0.398333 -4.691e-17 0 0 0 -1.17275e-16 1
5.000000000 0.416667 -5.12462e-17 0 0 0 -1.28116e-16 1
5.100000000 0.436667 -5.59767e-17 0 0 0 -1.39942e-16 1
5.200000000 0.456667 -6.07071e-17 0 0 0 -1.51768e-16 1
5.300000000 0.476667 -6.54375e-17 0 0 0 -1.63594e-16 1
5.400000000 0.496667 -7.01679e-17 0 0 0 -1.7542e-16 1
5.500000000 0.515 -7.45041e-17 0 0 0 -1.8626e-16 1
5.600000000 0.538333 -8.0023e-17 0 0 0 -2.00057e-16 1
5.700000000 0.56 -8.51476e-17 0 0 0 -2.12869e-16 1
5.800000000 0.583333 -9.06664e-17 0 0 0 -2.26666e-16 1
5.900000000 0.605 -9.5791e-17 0 0 0 -2.39478e-16 1
6.000000000 0.626667 -1.00916e-16 0 0 0 -2.52289e-16 1
6.100000000 0.65 -1.06434e-16 0 0 0 -2.66086e-16 1
6.200000000 0.671667 -1.11559e-16 0 0 0 -2.78898e-16 1
6.300000000 0.693333 -1.16684e-16 0 0 0 -2.91709e-16 1
6.400000000 0.713333 -1.21414e-16 0 0 0 -3.03535e-16 1
6.500000000 0.733333 -1.26145e-16 0 0 0 -3.15361e-16 1
6.600000000 0.751667 -1.30481e-16 0 0 0 -3.26202e-16 1
6.700000000 0.77 -1.34817e-16 0 0 0 -3.37043e-16 1
6.800000000 0.79 -1.39547e-16 0 0 0 -3.48869e-16 1
6.900000000 0.81 -1.44278e-16 0 0 0 -3.60695e-16 1
7.000000000 0.83 -1.49008e-16 0 0 0 -3.72521e-16 1
7.100000000 0.85 -1.53739e-16 0 0 0 -3.84347e-16 1
7.200000000 0.87 -1.58469e-16 0 0 0 -3.96173e-16 1
7.300000000 0.89 -1.632e-16 0 0 0 -4.07999e-16 1
7.400000000 0.91 -1.6793e-16 0 0 0 -4.19825e-16 1
7.500000000 0.931667 -1.73055e-16 0 0 0 -4.32636e-16 1
7.600000000 0.951667 -1.77785e-16 0 0 0 -4.44463e-16 1
7.700000000 0.971667 -1.82515e-16 0 0 0 -4.56289e-16 1
7.800000000 0.99 -1.86852e-16 0 0 0 -4.67129e-16 1
7.900000000 1.01 -1.91582e-16 0 0 0 -4.78955e-16 1
8.000000000 1.02833 -1.95918e-16 0 0 0 -4.89796e-16 1
8.100000000 1.02733 -0.0199667 0 0 0 -0.0499792 0.99875
8.200000000 1.02435 -0.0397339 0 0 0 -0.0998334 0.995004
8.300000000 1.0194 -0.059104 0 0 0 -0.149438 0.988771
8.400000000 1.01255 -0.0778837 0 0 0 -0.198669 0.980067
8.500000000 1.00385 -0.0958851 0 0 0 -0.247404 0.968912
8.600000000 0.9934 -0.112928 0 0 0 -0.29552 0.955336
8.700000000 0.981302 -0.128844 0 0 0 -0.342898 0.939373
8.800000000 0.967675 -0.143471 0 0 0 -0.389418 0.921061
8.900000000 0.952655 -0.156665 0 0 0 -0.434966 0.900447
9.000000000 0.936394 -0.168294 0 0 0 -0.479426 0.877583
9.100000000 0.919053 -0.178241 0 0 0 -0.522687 0.852525
9.200000000 0.900805 -0.186408 0 0 0 -0.564642 0.825336
9.300000000 0.881833 -0.192712 0 0 0 -0.605186 0.796084
9.400000000 0.862327 -0.19709 0 0 0 -0.644218 0.764842
9.500000000 0.842481 -0.199499 0 0 0 -0.681639 0.731689
9.600000000 0.822493 -0.199915 0 0 0 -0.717356 0.696707
9.700000000 0.802564 -0.198333 0 0 0 -0.75128 0.659983
9.800000000 0.782893 -0.19477 0 0 0 -0.783327 0.62161
9.900000000 0.763675 -0.18926 0 0 0 -0.813416 0.581683
10.000000000 0.745104 -0.181859 0 0 0 -0.841471 0.540302
10.100000000 0.727364 -0.172642 0 0 0 0.867423 -0.497571
10.200000000 0.710633 -0.161699 0 0 0 0.891207 -0.453596
10.300000000 0.695078 -0.149141 0 0 0 0.912764 -0.408487
10.400000000 0.680855 -0.135093 0 0 0 0.932039 -0.362358
10.500000000 0.668105 -0.119694 0 0 0 0.948985 -0.315322
10.600000000 0.656956 -0.1031 0 0 0 0.963558 -0.267499
10.700000000 0.647519 -0.085476 0 0 0 0.975723 -0.219007
10.800000000 0.639889 -0.0669976 0 0 0 0.98545 -0.169967
10.900000000 0.634142 -0.0478499 0 0 0 0.992713 -0.120503
11.000000000 0.630335 -0.028224 0 0 0 0.997495 -0.0707372
11.100000000 0.628506 -0.00831613 0 0 0 0.999784 -0.0207948
11.200000000 0.628674 0.0116748 0 0 0 0.999574 0.0291995
11.300000000 0.630837 0.0315491 0 0 0 0.996865 0.0791209
11.400000000 0.634974 0.0511082 0 0 0 0.991665 0.128844
11.500000000 0.641042 0.0701566 0 0 0 0.983986 0.178246
11.600000000 0.648982 0.0885041 0 0 0 0.973848 0.227202
11.700000000 0.658713 0.105967 0 0 0 0.961275 0.27559
11.800000000 0.67014 0.122372 0 0 0 0.9463 0.32329
11.900000000 0.683147 0.137553 0 0 0 0.92896 0.370181
12.000000000 0.697605 0.15136 0 0 0 0.909297 0.416147
12.100000000 0.713369 0.163655 0 0 0 0.887362 0.461073
12.200000000 0.730281 0.174315 0 0 0 0.863209 0.504846
12.300000000 0.748173 0.183233 0 0 0 0.836899 0.547358
12.400000000 0.766867 0.19032 0 0 0 0.808496 0.588501
12.500000000 0.786174 0.195506 0 0 0 0.778073 0.628174
12.600000000 0.805903 0.198738 0 0 0 0.745705 0.666276
12.700000000 0.825856 0.199985 0 0 0 0.711473 0.702713
12.800000000 0.845833 0.199233 0 0 0 0.675463 0.737394
12.900000000 0.865636 0.196491 0 0 0 0.637765 0.770231
13.000000000 0.885066 0.191785 0 0 0 0.598472 0.801144
13.100000000 0.903929 0.185163 0 0 0 0.557684 0.830054
13.200000000 0.922037 0.176691 0 0 0 0.515501 0.856889
13.300000000 0.939208 0.166453 0 0 0 0.472031 0.881582
13.400000000 0.955272 0.154553 0 0 0 0.42738 0.904072
13.500000000 0.970067 0.141108 0 0 0 0.381661 0.924302
13.600000000 0.983447 0.126253 0 0 0 0.334988 0.942222
13.700000000 0.995276 0.110137 0 0 0 0.287478 0.957787
13.800000000 1.00544 0.0929204 0 0 0 0.239249 0.970958
13.900000000 1.01383 0.0747753 0 0 0 0.190423 0.981702
14.000000000 1.02037 0.0558831 0 0 0 0.14112 0.989992
14.100000000 1.02499 0.0364325 0 0 0 0.0914646 0.995808
14.200000000 1.02764 0.0166179 0 0 0 0.0415807 0.999135
14.300000000 1.02831 -0.00336278 0 0 0 -0.00840725 0.999965
14.400000000 1.02697 -0.0233098 0 0 0 -0.0583741 0.998295
14.500000000 1.02365 -0.043024 0 0 0 -0.108195 0.99413
14.600000000 1.01838 -0.0623083 0 0 0 -0.157746 0.98748
14.700000000 1.01121 -0.08097 0 0 0 -0.206902 0.978362
14.800000000 1.00221 -0.0988227 0 0 0 -0.255541 0.966798
14.900000000 1.00221 -0.0988227 0 0 0 -0.255541 0.966798
15.000000000 1.00221 -0.0988227 0 0 0 -0.255541 0.966798
15.100000000 1.00221 -0.0988227 0 0 0 -0.255541 0.966798
15.200000000 1.00221 -0.0988227 0 0 0 -0.255541 0.966798
15.300000000 1.00221 -0.0988227 0 0 0 -0.255541 0.966798
15.400000000 1.00221 -0.0988227 0 0 0 -0.255541 0.966798
15.500000000 1.00221 -0.0988227 0 0 0 -0.255541 0.966798
15.600000000 1.00221 -0.0988227 0 0 0 -0.255541 0.966798
15.700000000 1.00221 -0.0988227 0 0 0 -0.255541 0.966798
15.800000000 1.00221 -0.0988227 0 0 0 -0.255541 0.966798
15.900000000 1.00221 -0.0988227 0 0 0 -0.255541 0.966798
16.000000000 1.00221 -0.0988227 0 0 0 -0.255541 0.966798
16.100000000 1.00221 -0.0988227 0 0 0 -0.255541 0.966798
16.200000000 1.00221 -0.0988227 0 0 0 -0.255541 0.966798
16.300000000 1.00221 -0.0988227 0 0 0 -0.255541 0.966798
16.400000000 1.00221 -0.0988227 0 0 0 -0.255541 0.966798
16.500000000 1.00221 -0.0988227 0 0 0 -0.255541 0.966798
16.600000000 1.00221 -0.0988227 0 0 0 -0.255541 0.966798
16.700000000 1.00221 -0.0988227 0 0 0 -0.255541 0.966798
16.800000000 1.00221 -0.0988227 0 0 0 -0.255541 0.966798
16.900000000 1.00221 -0.0988227 0 0 0 -0.255541 0.966798
17.000000000 1.00221 -0.0988227 0 0 0 -0.255541 0.966798
17.100000000 1.00221 -0.0988227 0 0 0 -0.255541 0.966798
17.200000000 1.00221 -0.0988227 0 0 0 -0.255541 0.966798
17.300000000 1.00221 -0.0988227 0 0 0 -0.255541 0.966798
17.400000000 1.06979 -0.131588 0 0 0 -0.243667 0.969859
17.500000000 1.11717 -0.148756 0 0 0 -0.226012 0.974124
17.600000000 1.15975 -0.156743 0 0 0 -0.197711 0.98026
17.700000000 1.18767 -0.152127 0 0 0 -0.160586 0.987022
17.800000000 1.19581 -0.134433 0 0 0 -0.112569 0.993644
17.900000000 1.1993 -0.114749 0 0 0 -0.0627663 0.998028
18.000000000 1.20081 -0.0948143 0 0 0 -0.0128073 0.999918
18.100000000 1.20033 -0.0748286 0 0 0 0.0371838 0.999308
18.200000000 1.19785 -0.0549914 0 0 0 0.087082 0.996201
18.300000000 1.1934 -0.0355009 0 0 0 0.136762 0.990604
18.400000000 1.18703 -0.0165518 0 0 0 0.186101 0.982531
18.500000000 1.17879 0.00166643 0 0 0 0.234975 0.972002
18.600000000 1.16878 0.0189719 0 0 0 0.283261 0.959043
18.700000000 1.1571 0.0351916 0 0 0 0.330839 0.943687
18.800000000 1.14385 0.0501635 0 0 0 0.37759 0.925973
18.900000000 1.12917 0.063738 0 0 0 0.423398 0.905944
19.000000000 1.11321 0.0757795 0 0 0 0.468147 0.883651
19.100000000 1.09613 0.0861676 0 0 0 0.511726 0.859149
19.200000000 1.0781 0.0947987 0 0 0 0.554026 0.832499
19.300000000 1.06787 0.114404 0 0 0 0.588953 0.808167
19.400000000 1.05659 0.134122 0 0 0 0.622359 0.782732
19.500000000 1.0437 0.152823 0 0 0 0.654667 0.755917
19.600000000 1.02928 0.170377 0 0 0 0.685822 0.727769
19.700000000 1.01344 0.18666 0 0 0 0.715768 0.698339
19.800000000 0.996292 0.201557 0 0 0 0.744451 0.667677
19.900000000 0.977955 0.214964 0 0 0 0.771823 0.635838
20.000000000 0.958557 0.226784 0 0 0 0.797833 0.602878
20.100000000 0.938236 0.236936 0 0 0 0.822437 0.568856
20.200000000 0.917135 0.245348 0 0 0 0.845592 0.53383
20.300000000 0.890416 0.271452 0 0 0 0.862372 0.506276
20.400000000 0.856942 0.31156 0 0 0 0.874377 0.485248
20.500000000 0.817464 0.360834 0 0 0 0.883242 0.468918
20.600000000 0.775847 0.409403 0 0 0 0.891612 0.452801
20.700000000 0.732127 0.457219 0 0 0 0.899502 0.436916
20.800000000 0.686739 0.503453 0 0 0 0.90711 0.420894
20.900000000 0.639739 0.548049 0 0 0 0.914432 0.404739
21.000000000 0.591187 0.59095 0 0 0 0.921467 0.388458
21.100000000 0.541145 0.632102 0 0 0 0.928211 0.372053
21.200000000 0.489674 0.671453 0 0 0 0.934664 0.355532
21.300000000 0.431525 0.718888 0 0 0 0.937482 0.348034
21.400000000 0.374297 0.767367 0 0 0 0.938011 0.346606
21.500000000 0.317116 0.815899 0 0 0 0.938279 0.34588
21.600000000 0.259861 0.864344 0 0 0 0.938546 0.345154
21.700000000 0.20253 0.912699 0 0 0 0.938813 0.344429
21.800000000 0.145125 0.960966 0 0 0 0.939079 0.343702
21.900000000 0.0876451 1.00914 0 0 0 0.939344 0.342976
22.000000000 0.0300908 1.05723 0 0 0 0.939609 0.34225
22.100000000 -0.0275377 1.10523 0 0 0 0.939873 0.341523
22.200000000 -0.0852404 1.15314 0 0 0 0.940137 0.340796
22.300000000 -0.14188 1.20232 0 0 0 0.938888 0.344223
22.400000000 -0.197984 1.25211 0 0 0 0.937393 0.348274
22.500000000 -0.253657 1.30239 0 0 0 0.93588 0.352319
22.600000000 -0.308893 1.35314 0 0 0 0.93435 0.356357
22.700000000 -0.363513 1.40456 0 0 0 0.932567 0.360997
22.800000000 -0.417619 1.45652 0 0 0 0.930761 0.365629
22.900000000 -0.471205 1.50902 0 0 0 0.928932 0.370251
23.000000000 -0.52409 1.56223 0 0 0 0.926841 0.375455
23.100000000 -0.576375 1.61603 0 0 0 0.92472 0.380647
23.200000000 -0.627876 1.67059 0 0 0 0.922331 0.3864
23.300000000 -0.678873 1.72561 0 0 0 0.92015 0.391566
23.400000000 -0.729249 1.7812 0 0 0 0.91794 0.39672
23.500000000 -0.778998 1.83735 0 0 0 0.9157 0.401862
23.600000000 -0.82793 1.89423 0 0 0 0.913179 0.407558
23.700000000 -0.876336 1.95154 0 0 0 0.910879 0.412673
23.800000000 -0.924097 2.00939 0 0 0 0.908551 0.417775
23.900000000 -0.971205 2.06778 0 0 0 0.906193 0.422863
24.000000000 -1.01766 2.12669 0 0 0 0.903808 0.427939
24.100000000 -1.06344 2.18612 0 0 0 0.901394 0.433
24.200000000 -1.10856 2.24606 0 0 0 0.898951 0.438049
24.300000000 -1.153 2.3065 0 0 0 0.896481 0.443083
24.400000000 -1.19677 2.36743 0 0 0 0.893982 0.448104
24.500000000 -1.23984 2.42885 0 0 0 0.891455 0.45311
24.600000000 -1.28223 2.49075 0 0 0 0.8889 0.458102
24.700000000 -1.32391 2.55313 0 0 0 0.886317 0.46308
24.800000000 -1.3649 2.61596 0 0 0 0.883706 0.468043
24.900000000 -1.40539 2.67911 0 0 0 0.881368 0.47243
25.000000000 -1.44547 2.74252 0 0 0 0.87932 0.476232
25.100000000 -1.48478 2.80641 0 0 0 0.876941 0.480597
25.200000000 -1.52345 2.87069 0 0 0 0.874542 0.484951
25.300000000 -1.56148 2.93536 0 0 0 0.87212 0.489292
25.400000000 -1.59887 3.00039 0 0 0 0.869677 0.493622
25.500000000 -1.63561 3.0658 0 0 0 0.867212 0.497939
25.600000000 -1.67169 3.13156 0 0 0 0.864726 0.502244
25.700000000 -1.70712 3.19768 0 0 0 0.862219 0.506536
25.800000000 -1.74189 3.26416 0 0 0 0.85969 0.510816
25.900000000 -1.776 3.33097 0 0 0 0.85714 0.515084
26.000000000 -1.80945 3.39812 0 0 0 0.854569 0.519338
26.100000000 -1.84222 3.4656 0 0 0 0.851976 0.52358
26.200000000 -1.87323 3.53393 0 0 0 0.847755 0.530388
26.300000000 -1.90293 3.60285 0 0 0 0.843174 0.53764
26.400000000 -1.93145 3.67227 0 0 0 0.838532 0.544853
26.500000000 -1.95878 3.74217 0 0 0 0.833827 0.552026
26.600000000 -1.9849 3.81253 0 0 0 0.829061 0.559158
26.700000000 -2.0098 3.88332 0 0 0 0.824234 0.566249
26.800000000 -2.0335 3.95454 0 0 0 0.819346 0.573299
26.900000000 -2.05596 4.02614 0 0 0 0.814399 0.580306
27.000000000 -2.0772 4.09813 0 0 0 0.809391 0.58727
27.100000000 -2.09719 4.17046 0 0 0 0.804323 0.594192
27.200000000 -2.11594 4.24313 0 0 0 0.799197 0.601069
27.300000000 -2.13866 4.31462 0 0 0 0.802175 0.597089
27.400000000 -2.16256 4.38574 0 0 0 0.805879 0.59208
27.500000000 -2.18735 4.45655 0 0 0 0.809552 0.587049
27.600000000 -2.21302 4.52705 0 0 0 0.813193 0.581994
27.700000000 -2.23957 4.59722 0 0 0 0.816803 0.576917
27.800000000 -2.26699 4.66706 0 0 0 0.820381 0.571818
27.900000000 -2.29527 4.73655 0 0 0 0.823927 0.566696
28.000000000 -2.32442 4.80568 0 0 0 0.827441 0.561553
28.100000000 -2.35443 4.87444 0 0 0 0.830923 0.556387
28.200000000 -2.38356 4.94356 0 0 0 0.83177 0.555121
28.300000000 -2.4129 5.01258 0 0 0 0.832615 0.553853
28.400000000 -2.44245 5.08152 0 0 0 0.833457 0.552584
28.500000000 -2.47221 5.15036 0 0 0 0.834298 0.551313
28.600000000 -2.50217 5.21912 0 0 0 0.835137 0.550042
28.700000000 -2.53235 5.28778 0 0 0 0.835974 0.548769
28.800000000 -2.56274 5.35635 0 0 0 0.836809 0.547495
28.900000000 -2.59333 5.42483 0 0 0 0.837642 0.546219
29.000000000 -2.62414 5.49321 0 0 0 0.838473 0.544943
29.100000000 -2.65515 5.5615 0 0 0 0.839303 0.543665
29.200000000 -2.68288 5.63123 0 0 0 0.834921 0.55037
29.300000000 -2.70928 5.70149 0 0 0 0.830169 0.557512
29.400000000 -2.73447 5.77218 0 0 0 0.825356 0.564612
29.500000000 -2.75844 5.8433 0 0 0 0.820483 0.571671
29.600000000 -2.78119 5.91482 0 0 0 0.815549 0.578688
29.700000000 -2.80271 5.98671 0 0 0 0.810555 0.585663
29.800000000 -2.82299 6.05897 0 0 0 0.805501 0.592594
29.900000000 -2.84203 6.13156 0 0 0 0.800388 0.599482
30.000000000 -2.85983 6.20447 0 0 0 0.795217 0.606326
30.100000000 -2.87637 6.27768 0 0 0 0.789986 0.613125
30.200000000 -2.89165 6.35115 0 0 0 0.784698 0.619878
30.300000000 -2.90566 6.42488 0 0 0 0.779352 0.626587
30.400000000 -2.91842 6.49884 0 0 0 0.773948 0.633249
30.500000000 -2.92388 6.56257 0 0 0 0.762321 0.647199
30.600000000 -2.92124 6.611 0 0 0 0.745119 0.666932
30.700000000 -2.91094 6.64297 0 0 0 0.721707 0.692198
30.800000000 -2.89334 6.65284 0 0 0 0.689818 0.723983
30.900000000 -2.87368 6.65247 0 0 0 0.653357 0.75705
31.000000000 -2.85415 6.65017 0 0 0 0.615314 0.788282
31.100000000 -2.83494 6.64596 0 0 0 0.575779 0.817605
31.200000000 -2.81623 6.63988 0 0 0 0.53485 0.844947
31.300000000 -2.79822 6.63199 0 0 0 0.492625 0.870242
31.400000000 -2.78106 6.62237 0 0 0 0.449207 0.893428
31.500000000 -2.76494 6.61111 0 0 0 0.4047 0.91445
31.600000000 -2.75 6.59831 0 0 0 0.359212 0.933256
31.700000000 -2.73639 6.58412 0 0 0 0.312855 0.949801
31.800000000 -2.72424 6.56865 0 0 0 0.265739 0.964045
31.900000000 -2.71367 6.55206 0 0 0 0.217979 0.975953
32.000000000 -2.70479 6.53452 0 0 0 0.169692 0.985497
32.100000000 -2.69767 6.51618 0 0 0 0.120993 0.992653
32.200000000 -2.69238 6.49724 0 0 0 0.0720012 0.997405
32.300000000 -2.68899 6.47787 0 0 0 0.0228349 0.999739
32.400000000 -2.68751 6.45826 0 0 0 -0.0263868 0.999652
32.500000000 -2.68797 6.43859 0 0 0 -0.0755445 0.997142
32.600000000 -2.69036 6.41907 0 0 0 -0.124519 0.992217
32.700000000 -2.69466 6.39988 0 0 0 -0.173192 0.984888
32.800000000 -2.70082 6.3812 0 0 0 -0.221446 0.975173
32.900000000 -2.70879 6.36322 0 0 0 -0.269162 0.963095
33.000000000 -2.71849 6.34611 0 0 0 -0.316227 0.948683
33.100000000 -2.72982 6.33004 0 0 0 -0.362526 0.931974
33.200000000 -2.74268 6.31516 0 0 0 -0.407946 0.913006
33.300000000 -2.75694 6.30161 0 0 0 -0.452378 0.891826
33.400000000 -2.77246 6.28953 0 0 0 -0.495714 0.868486
33.500000000 -2.78909 6.27904 0 0 0 -0.537849 0.843041
33.600000000 -2.80668 6.27023 0 0 0 -0.578681 0.815554
33.700000000 -2.82504 6.26319 0 0 0 -0.61811 0.786091
33.800000000 -2.84401 6.25799 0 0 0 -0.656043 0.754724
33.900000000 -2.8634 6.25468 0 0 0 -0.692386 0.721528
34.000000000 -2.88302 6.25329 0 0 0 -0.727051 0.686584
34.100000000 -2.90268 6.25384 0 0 0 -0.759955 0.649976
34.200000000 -2.92219 6.25632 0 0 0 -0.791017 0.611794
34.300000000 -2.94136 6.2607 0 0 0 -0.820164 0.572129
34.400000000 -2.96001 6.26695 0 0 0 -0.847323 0.531078
34.500000000 -2.97795 6.275 0 0 0 0.872429 -0.488741
34.600000000 -2.99502 6.28477 0 0 0 0.895421 -0.44522
34.700000000 -3.01104 6.29618 0 0 0 0.916245 -0.400619
34.800000000 -3.02587 6.3091 0 0 0 0.934848 -0.355049
34.900000000 -3.03935 6.32342 0 0 0 0.951186 -0.308618
35.000000000 -3.05136 6.33899 0 0 0 0.96522 -0.261439
35.100000000 -3.06178 6.35567 0 0 0 0.976915 -0.213627
35.200000000 -3.07051 6.3733 0 0 0 0.986244 -0.165297
35.300000000 -3.07747 6.39169 0 0 0 0.993183 -0.116567
35.400000000 -3.08258 6.41068 0 0 0 0.997716 -0.0675544
35.500000000 -3.0858 6.43008 0 0 0 0.999831 -0.0183782
35.600000000 -3.08711 6.44971 0 0 0 0.999524 0.0308426
35.700000000 -3.08647 6.46937 0 0 0 0.996796 0.0799886
35.800000000 -3.08391 6.48887 0 0 0 0.991652 0.128941
35.900000000 -3.07944 6.50802 0 0 0 0.984106 0.177581
36.000000000 -3.07311 6.52664 0 0 0 0.974176 0.22579
36.100000000 -3.06498 6.54455 0 0 0 0.961885 0.273453
36.200000000 -3.05513 6.56157 0 0 0 0.947264 0.320453
36.300000000 -3.049 6.58019 0 0 0 0.931399 0.364001
36.400000000 -3.04237 6.59889 0 0 0 0.913805 0.406154
36.500000000 -3.03405 6.61691 0 0 0 0.894304 0.44746
36.600000000 -3.02412 6.6341 0 0 0 0.872937 0.487832
36.700000000 -3.01267 6.6503 0 0 0 0.849749 0.527187
36.800000000 -2.99979 6.6654 0 0 0 0.824788 0.565442
36.900000000 -2.98558 6.67926 0 0 0 0.798106 0.602516
37.000000000 -2.97017 6.69176 0 0 0 0.769759 0.638334
37.100000000 -2.95368 6.7028 0 0 0 0.739806 0.67282
37.200000000 -2.93625 6.7123 0 0 0 0.70831 0.705902
37.300000000 -2.92241 6.74206 0 0 0 0.683249 0.730186
37.400000000 -2.90872 6.78782 0 0 0 0.663606 0.748082
37.500000000 -2.8931 6.83926 0 0 0 0.645901 0.763422
37.600000000 -2.87512 6.89071 0 0 0 0.628147 0.778094
37.700000000 -2.85479 6.94128 0 0 0 0.610061 0.792355
37.800000000 -2.83215 6.99087 0 0 0 0.591651 0.806194
37.900000000 -2.80726 7.03936 0 0 0 0.572927 0.819606
38.000000000 -2.78015 7.08665 0 0 0 0.553899 0.832584
38.100000000 -2.7509 7.13264 0 0 0 0.534577 0.84512
38.200000000 -2.71535 7.19394 0 0 0 0.522144 0.852857
38.300000000 -2.67995 7.26007 0 0 0 0.519029 0.854756
38.400000000 -2.64482 7.32634 0 0 0 0.517727 0.855546
38.500000000 -2.60975 7.39263 0 0 0 0.517065 0.855946
38.600000000 -2.57458 7.45888 0 0 0 0.516403 0.856346
38.700000000 -2.53931 7.52506 0 0 0 0.51574 0.856745
38.800000000 -2.50393 7.5912 0 0 0 0.515078 0.857144
38.900000000 -2.46845 7.65728 0 0 0 0.514415 0.857542
39.000000000 -2.43287 7.7233 0 0 0 0.513751 0.857939
39.100000000 -2.39719 7.78927 0 0 0 0.513088 0.858336
39.200000000 -2.36141 7.85518 0 0 0 0.512424 0.858733
39.300000000 -2.32941 7.92309 0 0 0 0.521169 0.853454
39.400000000 -2.29918 7.99182 0 0 0 0.530742 0.847533
39.500000000 -2.27051 8.06122 0 0 0 0.540248 0.841506
39.600000000 -2.24336 8.13122 0 0 0 0.549586 0.835437
39.700000000 -2.21826 8.2002 0 0 0 0.558455 0.829535
39.800000000 -2.19516 8.26813 0 0 0 0.56706 0.823676
39.900000000 -2.1745 8.33335 0 0 0 0.575208 0.818007
40.000000000 -2.15561 8.39736 0 0 0 0.583103 0.812398
40.100000000 -2.13884 8.45851 0 0 0 0.590552 0.806999
40.200000000 -2.12361 8.51834 0 0 0 0.597757 0.801677
40.300000000 -2.10984 8.57681 0 0 0 0.604722 0.796437
40.400000000 -2.09779 8.63225 0 0 0 0.611257 0.791432
40.500000000 -2.08717 8.68629 0 0 0 0.617931 0.786232
40.600000000 -2.07777 8.73886 0 0 0 0.62436 0.781137
40.700000000 -2.06949 8.78994 0 0 0 0.630548 0.77615
40.800000000 -2.06226 8.83948 0 0 0 0.636499 0.771278
40.900000000 -2.05602 8.88748 0 0 0 0.642216 0.766524
41.000000000 -2.05067 8.93391 0 0 0 0.647701 0.761894
41.100000000 -2.04325 9.00863 0 0 0 0.656619 0.754223
41.200000000 -2.03759 9.08351 0 0 0 0.665445 0.746447
41.300000000 -2.03349 9.15848 0 0 0 0.673805 0.738909
41.400000000 -2.03108 9.23353 0 0 0 0.682079 0.731278
41.500000000 -2.03036 9.30861 0 0 0 0.690267 0.723555
41.600000000 -2.03133 9.38369 0 0 0 0.698368 0.715739
41.700000000 -2.03399 9.45873 0 0 0 0.70638 0.707833
41.800000000 -2.03834 9.53369 0 0 0 0.714302 0.699837
41.900000000 -2.04437 9.60853 0 0 0 0.722134 0.691753
42.000000000 -2.05209 9.68321 0 0 0 0.729875 0.683581
42.100000000 -2.06149 9.75771 0 0 0 0.737523 0.675322
42.200000000 -2.07256 9.83197 0 0 0 0.745078 0.666978
42.300000000 -2.08255 9.90632 0 0 0 0.747951 0.663754
42.400000000 -2.09291 9.98061 0 0 0 0.750367 0.661021
42.500000000 -2.10381 10.0548 0 0 0 0.752774 0.65828
42.600000000 -2.11526 10.1289 0 0 0 0.75517 0.655529
42.700000000 -2.12725 10.203 0 0 0 0.757556 0.65277
42.800000000 -2.13977 10.2769 0 0 0 0.759932 0.650002
42.900000000 -2.15284 10.3508 0 0 0 0.762299 0.647225
43.000000000 -2.16644 10.4246 0 0 0 0.764655 0.64444
43.100000000 -2.18058 10.4982 0 0 0 0.767 0.641647
43.200000000 -2.19526 10.5718 0 0 0 0.769336 0.638844
43.300000000 -2.20671 10.6459 0 0 0 0.765528 0.643402
43.400000000 -2.21657 10.717 0 0 0 0.761489 0.648177
43.500000000 -2.22513 10.7848 0 0 0 0.757611 0.652707
43.600000000 -2.23269 10.851 0 0 0 0.753801 0.657103
43.700000000 -2.23914 10.9141 0 0 0 0.750158 0.661259
43.800000000 -2.24474 10.9755 0 0 0 0.746588 0.665286
43.900000000 -2.24954 11.0353 0 0 0 0.743095 0.669186
44.000000000 -2.25361 11.0936 0 0 0 0.739679 0.67296
44.100000000 -2.25688 11.1485 0 0 0 0.73644 0.676502
44.200000000 -2.25954 11.2018 0 0 0 0.733284 0.679923
44.300000000 -2.26312 11.265 0 0 0 0.731245 0.682114
44.400000000 -2.26624 11.3266 0 0 0 0.729254 0.684243
44.500000000 -2.26885 11.3849 0 0 0 0.727365 0.686251
44.600000000 -2.27107 11.4415 0 0 0 0.725524 0.688196
44.700000000 -2.27294 11.4965 0 0 0 0.723733 0.69008
44.800000000 -2.27447 11.5498 0 0 0 0.721991 0.691902
44.900000000 -2.27569 11.6015 0 0 0 0.720299 0.693663
45.000000000 -2.27663 11.6515 0 0 0 0.718658 0.695364
45.100000000 -2.27731 11.6998 0 0 0 0.717068 0.697004
45.200000000 -2.27775 11.7465 0 0 0 0.715529 0.698583
45.300000000 -2.27798 11.7915 0 0 0 0.714041 0.700104
45.400000000 -2.27801 11.8348 0 0 0 0.712606 0.701565
45.500000000 -2.27787 11.8765 0 0 0 0.711223 0.702967
45.600000000 -2.27759 11.9165 0 0 0 0.709893 0.70431
45.700000000 -2.27716 11.9548 0 0 0 0.708615 0.705595
45.800000000 -2.27663 11.9915 0 0 0 0.707391 0.706822
45.900000000 -2.27599 12.0265 0 0 0 0.706221 0.707991
46.000000000 -2.27524 12.0615 0 0 0 0.705049 0.709158
46.100000000 -2.27442 12.0948 0 0 0 0.703931 0.710268
46.200000000 -2.27354 12.1265 0 0 0 0.702867 0.711321
46.300000000 -2.27256 12.1582 0 0 0 0.701802 0.712372
46.400000000 -2.27155 12.1881 0 0 0 0.700791 0.713367
46.500000000 -2.27068 12.2165 0 0 0 0.700155 0.713991
46.600000000 -2.26977 12.2448 0 0 0 0.699518 0.714615
46.700000000 -2.26887 12.2714 0 0 0 0.698918 0.715201
46.800000000 -2.26792 12.2981 0 0 0 0.698318 0.715787
46.900000000 -2.26699 12.3231 0 0 0 0.697755 0.716336
47.000000000 -2.26608 12.3464 0 0 0 0.697229 0.716848
47.100000000 -2.26514 12.3697 0 0 0 0.696703 0.71736
47.200000000 -2.26424 12.3914 0 0 0 0.696214 0.717835
47.300000000 -2.26337 12.413 0 0 0 0.695847 0.71819
47.400000000 -2.26248 12.4347 0 0 0 0.69548 0.718546
47.500000000 -2.26164 12.4546 0 0 0 0.695141 0.718873
47.600000000 -2.26078 12.4746 0 0 0 0.694802 0.719201
47.700000000 -2.25997 12.4929 0 0 0 0.694491 0.719502
47.800000000 -2.25908 12.5129 0 0 0 0.694151 0.719829
47.900000000 -2.25824 12.5312 0 0 0 0.69384 0.720129
48.000000000 -2.25731 12.5512 0 0 0 0.693501 0.720456
48.100000000 -2.25636 12.5712 0 0 0 0.693161 0.720783
48.200000000 -2.25545 12.5912 0 0 0 0.692934 0.721001
48.300000000 -2.25453 12.6111 0 0 0 0.692708 0.721219
48.400000000 -2.25368 12.6295 0 0 0 0.6925 0.721418
48.500000000 -2.25273 12.6494 0 0 0 0.692273 0.721636
48.600000000 -2.25178 12.6694 0 0 0 0.692046 0.721853
48.700000000 -2.25049 12.6961 0 0 0 0.691744 0.722143
48.800000000 -2.24917 12.7227 0 0 0 0.691441 0.722433
48.900000000 -2.24792 12.7477 0 0 0 0.691157 0.722704
49.000000000 -2.24656 12.7743 0 0 0 0.690854 0.722994
49.100000000 -2.24527 12.7993 0 0 0 0.69057 0.723265
49.200000000 -2.24404 12.8226 0 0 0 0.690305 0.723518
49.300000000 -2.2428 12.8459 0 0 0 0.69004 0.723772
49.400000000 -2.24163 12.8675 0 0 0 0.689793 0.724006
49.500000000 -2.24045 12.8891 0 0 0 0.689547 0.724241
49.600000000 -2.23888 12.9174 0 0 0 0.689224 0.724548
49.700000000 -2.23738 12.944 0 0 0 0.688921 0.724837
49.800000000 -2.23596 12.969 0 0 0 0.688636 0.725107
49.900000000 -2.23441 12.9956 0 0 0 0.688332 0.725396
50.000000000 -2.23295 13.0206 0 0 0 0.688047 0.725666
50.100000000 -2.23146 13.0455 0 0 0 0.687762 0.725936
50.200000000 -2.23003 13.0705 0 0 0 0.687619 0.726072
50.300000000 -2.2286 13.0955 0 0 0 0.687477 0.726207
50.400000000 -2.22715 13.1204 0 0 0 0.687334 0.726342
50.500000000 -2.22579 13.1437 0 0 0 0.687201 0.726467
50.600000000 -2.22442 13.167 0 0 0 0.687068 0.726593
50.700000000 -2.22314 13.1886 0 0 0 0.686944 0.72671
50.800000000 -2.22186 13.2103 0 0 0 0.68682 0.726827
50.900000000 -2.22066 13.2302 0 0 0 0.686706 0.726935
51.000000000 -2.21946 13.2502 0 0 0 0.686592 0.727043
51.100000000 -2.21826 13.2702 0 0 0 0.686478 0.727151
51.200000000 -2.21721 13.2918 0 0 0 0.686849 0.7268
51.300000000 -2.21619 13.3151 0 0 0 0.687382 0.726296
51.400000000 -2.2152 13.3384 0 0 0 0.687915 0.725791
51.500000000 -2.21431 13.3601 0 0 0 0.68841 0.725322
51.600000000 -2.21345 13.3817 0 0 0 0.688904 0.724853
51.700000000 -2.21269 13.4017 0 0 0 0.68936 0.724419
51.800000000 -2.21195 13.4217 0 0 0 0.689816 0.723985
51.900000000 -2.21123 13.4417 0 0 0 0.690271 0.723551
52.000000000 -2.21054 13.4617 0 0 0 0.690726 0.723117
52.100000000 -2.20982 13.4833 0 0 0 0.691219 0.722646
52.200000000 -2.20919 13.5033 0 0 0 0.691673 0.722211
52.300000000 -2.20852 13.525 0 0 0 0.692165 0.721739
52.400000000 -2.20794 13.545 0 0 0 0.692619 0.721303
52.500000000 -2.20731 13.565 0 0 0 0.692959 0.720977
52.600000000 -2.20671 13.585 0 0 0 0.693299 0.72065
52.700000000 -2.20613 13.6049 0 0 0 0.693639 0.720323
52.800000000 -2.20547 13.6283 0 0 0 0.694035 0.719941
52.900000000 -2.20488 13.6499 0 0 0 0.694403 0.719586
53.000000000 -2.20431 13.6716 0 0 0 0.694771 0.719231
53.100000000 -2.20381 13.6916 0 0 0 0.69511 0.718904
53.200000000 -2.20328 13.7132 0 0 0 0.695477 0.718549
53.300000000 -2.20271 13.7349 0 0 0 0.695721 0.718312
53.400000000 -2.20215 13.7566 0 0 0 0.695966 0.718075
53.500000000 -2.20161 13.7782 0 0 0 0.69621 0.717838
53.600000000 -2.20109 13.7999 0 0 0 0.696455 0.717601
53.700000000 -2.20057 13.8215 0 0 0 0.696699 0.717364
53.800000000 -2.20008 13.8432 0 0 0 0.696943 0.717126
53.900000000 -2.1996 13.8649 0 0 0 0.697187 0.716889
54.000000000 -2.19913 13.8865 0 0 0 0.697431 0.716652
54.100000000 -2.19868 13.9082 0 0 0 0.697675 0.716414
54.200000000 -2.19827 13.9282 0 0 0 0.6979 0.716195
54.300000000 -2.19788 13.9482 0 0 0 0.698125 0.715976
54.400000000 -2.19747 13.9699 0 0 0 0.698369 0.715738
54.500000000 -2.19707 13.9915 0 0 0 0.698613 0.7155
54.600000000 -2.19672 14.0115 0 0 0 0.698838 0.71528
54.700000000 -2.19635 14.0332 0 0 0 0.699081 0.715042
54.800000000 -2.196 14.0548 0 0 0 0.699324 0.714804
54.900000000 -2.19569 14.0748 0 0 0 0.699549 0.714585
55.000000000 -2.19536 14.0965 0 0 0 0.699792 0.714346
55.100000000 -2.19508 14.1165 0 0 0 0.700017 0.714126
55.200000000 -2.19478 14.1382 0 0 0 0.70026 0.713888
55.300000000 -2.19446 14.1582 0 0 0 0.700372 0.713778
55.400000000 -2.19412 14.1798 0 0 0 0.700493 0.713659
55.500000000 -2.19381 14.1998 0 0 0 0.700605 0.713549
55.600000000 -2.19348 14.2215 0 0 0 0.700727 0.71343
55.700000000 -2.19313 14.2448 0 0 0 0.700858 0.713301
55.800000000 -2.19282 14.2665 0 0 0 0.700979 0.713182
55.900000000 -2.19249 14.2898 0 0 0 0.70111 0.713053
56.000000000 -2.19219 14.3115 0 0 0 0.701231 0.712934
56.100000000 -2.19188 14.3348 0 0 0 0.701362 0.712806
56.200000000 -2.1916 14.3565 0 0 0 0.701483 0.712686
56.300000000 -2.19132 14.3781 0 0 0 0.701604 0.712567
56.400000000 -2.19107 14.3981 0 0 0 0.701716 0.712457
56.500000000 -2.19081 14.4198 0 0 0 0.701837 0.712337
56.600000000 -2.19058 14.4398 0 0 0 0.701949 0.712227
56.700000000 -2.19031 14.4631 0 0 0 0.70208 0.712098
56.800000000 -2.19006 14.4865 0 0 0 0.70221 0.71197
56.900000000 -2.18982 14.5081 0 0 0 0.702332 0.71185
57.000000000 -2.1896 14.5298 0 0 0 0.702453 0.71173
57.100000000 -2.18938 14.5515 0 0 0 0.702574 0.711611
57.200000000 -2.18918 14.5731 0 0 0 0.702695 0.711491
57.300000000 -2.18897 14.5948 0 0 0 0.702816 0.711372
57.400000000 -2.18878 14.6165 0 0 0 0.702937 0.711252
57.500000000 -2.18859 14.6381 0 0 0 0.703058 0.711132
57.600000000 -2.18841 14.6598 0 0 0 0.703179 0.711013
57.700000000 -2.18826 14.6798 0 0 0 0.703291 0.710902
57.800000000 -2.18809 14.7015 0 0 0 0.703412 0.710783
57.900000000 -2.18793 14.7231 0 0 0 0.703533 0.710663
58.000000000 -2.18778 14.7448 0 0 0 0.703654 0.710543
58.100000000 -2.18763 14.7681 0 0 0 0.703784 0.710414
58.200000000 -2.18749 14.7898 0 0 0 0.703905 0.710294
58.300000000 -2.18736 14.8131 0 0 0 0.704035 0.710165
58.400000000 -2.18724 14.8348 0 0 0 0.704156 0.710046
58.500000000 -2.18712 14.8565 0 0 0 0.704277 0.709926
58.600000000 -2.18699 14.8831 0 0 0 0.704425 0.709778
58.700000000 -2.18688 14.9098 0 0 0 0.704574 0.709631
58.800000000 -2.18678 14.9348 0 0 0 0.704713 0.709492
58.900000000 -2.18669 14.9598 0 0 0 0.704853 0.709354
59.000000000 -2.1866 14.9865 0 0 0 0.705001 0.709206
59.100000000 -2.18652 15.0131 0 0 0 0.70515 0.709059
59.200000000 -2.18646 15.0381 0 0 0 0.705289 0.70892
59.300000000 -2.18642 15.0615 0 0 0 0.705419 0.708791
59.400000000 -2.18637 15.0881 0 0 0 0.705567 0.708643
59.500000000 -2.18634 15.1148 0 0 0 0.705716 0.708495
59.600000000 -2.18632 15.1415 0 0 0 0.705864 0.708347
59.700000000 -2.18631 15.1748 0 0 0 0.706049 0.708163
59.800000000 -2.18631 15.2081 0 0 0 0.706235 0.707978
59.900000000 -2.18634 15.2415 0 0 0 0.70642 0.707793
60.000000000 -2.18637 15.2731 0 0 0 0.706596 0.707617
60.100000000 -2.18643 15.3081 0 0 0 0.706791 0.707423
60.200000000 -2.18651 15.3415 0 0 0 0.706976 0.707238
60.300000000 -2.1865 15.3731 0 0 0 0.706976 0.707238
60.400000000 -2.18649 15.4048 0 0 0 0.706976 0.707238
60.500000000 -2.18647 15.4381 0 0 0 0.706976 0.707238
60.600000000 -2.18646 15.4698 0 0 0 0.706976 0.707238
60.700000000 -2.18645 15.5031 0 0 0 0.706976 0.707238
60.800000000 -2.18644 15.5365 0 0 0 0.706976 0.707238
60.900000000 -2.18642 15.5698 0 0 0 0.706976 0.707238
61.000000000 -2.18641 15.6015 0 0 0 0.706976 0.707238
61.100000000 -2.1864 15.6365 0 0 0 0.706976 0.707238
61.200000000 -2.18639 15.6698 0 0 0 0.706976 0.707238
61.300000000 -2.18754 15.7448 0 0 0 0.709066 0.705142
61.400000000 -2.18942 15.8198 0 0 0 0.711634 0.702551
61.500000000 -2.19184 15.8947 0 0 0 0.714192 0.69995
61.600000000 -2.19481 15.9697 0 0 0 0.71674 0.69734
61.700000000 -2.19833 16.0446 0 0 0 0.719279 0.694721
61.800000000 -2.20239 16.1195 0 0 0 0.721809 0.692092
61.900000000 -2.207 16.1944 0 0 0 0.724329 0.689455
62.000000000 -2.21215 16.2692 0 0 0 0.726839 0.686808
62.100000000 -2.21785 16.344 0 0 0 0.72934 0.684152
62.200000000 -2.2241 16.4188 0 0 0 0.731831 0.681486
62.300000000 -2.23485 16.4897 0 0 0 0.741421 0.67104
62.400000000 -2.24779 16.5585 0 0 0 0.75147 0.659767
62.500000000 -2.2628 16.6268 0 0 0 0.761348 0.648344
62.600000000 -2.27987 16.6947 0 0 0 0.771052 0.636772
62.700000000 -2.29897 16.762 0 0 0 0.78058 0.625056
62.800000000 -2.32011 16.8287 0 0 0 0.78993 0.613197
62.900000000 -2.34324 16.8947 0 0 0 0.7991 0.601198
63.000000000 -2.36836 16.96 0 0 0 0.808088 0.589062
63.100000000 -2.39544 17.0245 0 0 0 0.816891 0.576792
63.200000000 -2.42446 17.0882 0 0 0 0.825508 0.56439
63.300000000 -2.45376 17.1573 0 0 0 0.82866 0.559752
63.400000000 -2.48337 17.2262 0 0 0 0.83107 0.556168
63.500000000 -2.51356 17.2948 0 0 0 0.833464 0.552574
63.600000000 -2.54435 17.3633 0 0 0 0.835842 0.54897
63.700000000 -2.57573 17.4314 0 0 0 0.838205 0.545356
63.800000000 -2.60769 17.4992 0 0 0 0.840552 0.541731
63.900000000 -2.64024 17.5668 0 0 0 0.842883 0.538096
64.000000000 -2.67337 17.6341 0 0 0 0.845199 0.534452
64.100000000 -2.70708 17.7011 0 0 0 0.847499 0.530797
64.200000000 -2.74137 17.7679 0 0 0 0.849783 0.527132
64.300000000 -2.77623 17.8343 0 0 0 0.852052 0.523458
64.400000000 -2.81167 17.9004 0 0 0 0.854304 0.519774
64.500000000 -2.84908 17.9595 0 0 0 0.862056 0.506813
64.600000000 -2.883 18.0012 0 0 0 0.873691 0.486481
64.700000000 -2.91304 18.0258 0 0 0 0.888542 0.458795
64.800000000 -2.93654 18.0307 0 0 0 0.906544 0.422111
64.900000000 -2.95196 18.0185 0 0 0 0.926217 0.376991
65.000000000 -2.96519 18.0035 0 0 0 0.943901 0.330229
65.100000000 -2.97686 17.9873 0 0 0 0.959226 0.282641
65.200000000 -2.98684 17.97 0 0 0 0.972153 0.234346
65.300000000 -3.00522 17.9598 0 0 0 0.981476 0.191584
65.400000000 -3.02263 17.9479 0 0 0 0.988919 0.148454
65.500000000 -3.03894 17.9347 0 0 0 0.994468 0.10504
65.600000000 -3.05403 17.92 0 0 0 0.998112 0.0614251
65.700000000 -3.06778 17.9041 0 0 0 0.999843 0.0176923
65.800000000 -3.08008 17.887 0 0 0 0.99966 -0.0260743
65.900000000 -3.09085 17.869 0 0 0 0.997562 -0.069791
66.000000000 -3.09999 17.85 0 0 0 0.993552 -0.113374
66.100000000 -3.10745 17.8303 0 0 0 0.98764 -0.15674
66.200000000 -3.11315 17.8101 0 0 0 0.979836 -0.199805
66.300000000 -3.11706 17.7894 0 0 0 0.970154 -0.242488
66.400000000 -3.11915 17.7685 0 0 0 0.958615 -0.284707
66.500000000 -3.10891 17.7517 0 0 0 0.943444 -0.331532
66.600000000 -3.09564 17.7368 0 0 0 0.925695 -0.37827
66.700000000 -3.08094 17.7232 0 0 0 0.905633 -0.424063
66.800000000 -3.06496 17.7112 0 0 0 0.883307 -0.468796
66.900000000 -3.04787 17.7008 0 0 0 -0.858773 0.512357
67.000000000 -3.02982 17.6922 0 0 0 -0.832092 0.554637
67.100000000 -3.01101 17.6855 0 0 0 -0.803332 0.595532
67.200000000 -2.99161 17.6806 0 0 0 -0.772564 0.634937
67.300000000 -2.97183 17.6777 0 0 0 -0.739865 0.672756
67.400000000 -2.95186 17.6768 0 0 0 -0.705316 0.708893
67.500000000 -2.9319 17.6779 0 0 0 -0.669005 0.743258
67.600000000 -2.91215 17.681 0 0 0 -0.631021 0.775765
67.700000000 -2.8928 17.6861 0 0 0 -0.591461 0.806334
67.800000000 -2.87406 17.693 0 0 0 -0.550422 0.834887
67.900000000 -2.8561 17.7018 0 0 0 -0.508007 0.861353
68.000000000 -2.83911 17.7123 0 0 0 -0.464322 0.885666
68.100000000 -2.82326 17.7245 0 0 0 -0.419477 0.907766
68.200000000 -2.8087 17.7382 0 0 0 -0.373583 0.927597
68.300000000 -2.79558 17.7533 0 0 0 -0.326756 0.945109
68.400000000 -2.78403 17.7696 0 0 0 -0.279112 0.960259
68.500000000 -2.77417 17.787 0 0 0 -0.23077 0.973008
68.600000000 -2.7661 17.8053 0 0 0 -0.181852 0.983326
68.700000000 -2.75989 17.8243 0 0 0 -0.132479 0.991186
68.800000000 -2.75561 17.8438 0 0 0 -0.0827744 0.996568
68.900000000 -2.7533 17.8637 0 0 0 -0.0328633 0.99946
69.000000000 -2.75299 17.8837 0 0 0 0.01713 0.999853
69.100000000 -2.75467 17.9036 0 0 0 0.0670804 0.997748
69.200000000 -2.75834 17.9232 0 0 0 0.116863 0.993148
69.300000000 -2.73854 17.9435 0 0 0 0.154251 0.988032
69.400000000 -2.70231 17.9672 0 0 0 0.182795 0.983151
69.500000000 -2.65868 17.9946 0 0 0 0.20693 0.978356
69.600000000 -2.61566 18.0242 0 0 0 0.230557 0.973059
69.700000000 -2.57412 18.0559 0 0 0 0.254049 0.967191
69.800000000 -2.53417 18.0896 0 0 0 0.277392 0.960757
69.900000000 -2.49589 18.1251 0 0 0 0.300573 0.953759
70.000000000 -2.45938 18.1625 0 0 0 0.323577 0.946202
70.100000000 -2.42473 18.2016 0 0 0 0.346392 0.93809
70.200000000 -2.392 18.2423 0 0 0 0.369003 0.929428
70.300000000 -2.34698 18.2935 0 0 0 0.383826 0.923406
70.400000000 -2.29603 18.3486 0 0 0 0.390129 0.92076
70.500000000 -2.24548 18.404 0 0 0 0.395287 0.918558
70.600000000 -2.19556 18.46 0 0 0 0.400432 0.916327
70.700000000 -2.14626 18.5166 0 0 0 0.405564 0.914066
70.800000000 -2.09761 18.5737 0 0 0 0.410684 0.911778
70.900000000 -2.0496 18.6313 0 0 0 0.415791 0.90946
71.000000000 -2.00223 18.6895 0 0 0 0.420885 0.907114
71.100000000 -1.95553 18.7482 0 0 0 0.425965 0.90474
71.200000000 -1.90683 18.8053 0 0 0 0.423286 0.905996
71.300000000 -1.85759 18.8619 0 0 0 0.419978 0.907534
71.400000000 -1.80795 18.9181 0 0 0 0.416701 0.909043
71.500000000 -1.75795 18.974 0 0 0 0.413539 0.910486
71.600000000 -1.70758 19.0296 0 0 0 0.410431 0.911891
71.700000000 -1.65687 19.0848 0 0 0 0.407439 0.913232
71.800000000 -1.60581 19.1398 0 0 0 0.404502 0.914537
71.900000000 -1.55445 19.1945 0 0 0 0.401681 0.91578
72.000000000 -1.50276 19.2488 0 0 0 0.398916 0.916987
72.100000000 -1.45193 19.3017 0 0 0 0.396269 0.918135
72.200000000 -1.40195 19.353 0 0 0 0.393678 0.919249
72.300000000 -1.35402 19.4018 0 0 0 0.391204 0.920304
72.400000000 -1.30701 19.449 0 0 0 0.388789 0.921327
72.500000000 -1.25748 19.5054 0 0 0 0.397689 0.91752
72.600000000 -1.22073 19.5558 0 0 0 0.415047 0.9098
72.700000000 -1.19887 19.5974 0 0 0 0.439428 0.898278
72.800000000 -1.19235 19.6288 0 0 0 0.470906 0.882183
72.900000000 -1.19013 19.6585 0 0 0 0.503013 0.864279
73.000000000 -1.1901 19.6883 0 0 0 0.534441 0.845206
73.100000000 -1.19225 19.7181 0 0 0 0.565146 0.824991
73.200000000 -1.19658 19.7476 0 0 0 0.595087 0.803661
73.300000000 -1.19787 19.7864 0 0 0 0.620039 0.784571
73.400000000 -1.20124 19.8258 0 0 0 0.644061 0.764974
73.500000000 -1.20704 19.865 0 0 0 0.667463 0.744643
73.600000000 -1.21526 19.9038 0 0 0 0.690224 0.723596
73.700000000 -1.22586 19.9419 0 0 0 0.712322 0.701853
73.800000000 -1.23881 19.9793 0 0 0 0.733735 0.679436
73.900000000 -1.25406 20.0159 0 0 0 0.754443 0.656366
74.000000000 -1.27153 20.0514 0 0 0 0.774426 0.632665
74.100000000 -1.29118 20.0858 0 0 0 0.793664 0.608356
74.200000000 -1.31292 20.1189 0 0 0 0.81214 0.583463
74.300000000 -1.33879 20.1669 0 0 0 0.825362 0.564604
74.400000000 -1.36985 20.2306 0 0 0 0.833542 0.552457
74.500000000 -1.40314 20.2952 0 0 0 0.841038 0.540976
74.600000000 -1.43842 20.3599 0 0 0 0.848125 0.529797
74.700000000 -1.4754 20.4236 0 0 0 0.855063 0.518525
74.800000000 -1.51405 20.4862 0 0 0 0.861851 0.507162
74.900000000 -1.55435 20.5479 0 0 0 0.868488 0.495711
75.000000000 -1.59626 20.6085 0 0 0 0.874973 0.484172
75.100000000 -1.63977 20.6679 0 0 0 0.881304 0.472549
75.200000000 -1.68483 20.7261 0 0 0 0.887481 0.460843
75.300000000 -1.72847 20.7871 0 0 0 0.888182 0.459491
75.400000000 -1.77017 20.8495 0 0 0 0.885887 0.463901
75.500000000 -1.81104 20.9124 0 0 0 0.883272 0.468861
75.600000000 -1.8512 20.9758 0 0 0 0.880629 0.473807
75.700000000 -1.89065 21.0396 0 0 0 0.877958 0.478738
75.800000000 -1.92938 21.1038 0 0 0 0.875259 0.483654
75.900000000 -1.96738 21.1685 0 0 0 0.872533 0.488555
76.000000000 -2.00466 21.2336 0 0 0 0.869779 0.493441
76.100000000 -2.04121 21.2991 0 0 0 0.866999 0.498311
76.200000000 -2.07469 21.3664 0 0 0 0.860823 0.508904
76.300000000 -2.1061 21.434 0 0 0 0.854264 0.51984
76.400000000 -2.13577 21.5025 0 0 0 0.847565 0.530692
76.500000000 -2.16369 21.5717 0 0 0 0.840729 0.541457
76.600000000 -2.18983 21.6415 0 0 0 0.833755 0.552134
76.700000000 -2.21419 21.7121 0 0 0 0.826647 0.562721
76.800000000 -2.23674 21.7832 0 0 0 0.819403 0.573217
76.900000000 -2.25746 21.8548 0 0 0 0.812027 0.58362
77.000000000 -2.27635 21.927 0 0 0 0.804518 0.593928
77.100000000 -2.2934 21.9996 0 0 0 0.796879 0.604139
77.200000000 -2.30859 22.0727 0 0 0 0.78911 0.614252
77.300000000 -2.32242 22.1465 0 0 0 0.78183 0.623491
77.400000000 -2.33451 22.2206 0 0 0 0.774442 0.632645
77.500000000 -2.34471 22.2933 0 0 0 0.767257 0.64134
77.600000000 -2.35307 22.3646 0 0 0 0.76014 0.649759
77.700000000 -2.35954 22.4327 0 0 0 0.753269 0.657713
77.800000000 -2.36446 22.4993 0 0 0 0.746484 0.665403
77.900000000 -2.36784 22.5626 0 0 0 0.739967 0.672643
78.000000000 -2.36992 22.6243 0 0 0 0.733553 0.679632
78.100000000 -2.37081 22.6844 0 0 0 0.72725 0.686373
78.200000000 -2.3706 22.7411 0 0 0 0.721239 0.692686
78.300000000 -2.36944 22.7962 0 0 0 0.715353 0.698763
78.400000000 -2.36741 22.8495 0 0 0 0.709597 0.704608
78.500000000 -2.3646 22.9012 0 0 0 0.703975 0.710225
78.600000000 -2.36278 22.9545 0 0 0 0.701578 0.712592
78.700000000 -2.36077 23.0078 0 0 0 0.699477 0.714655
78.800000000 -2.35852 23.0594 0 0 0 0.697436 0.716647
78.900000000 -2.35606 23.1094 0 0 0 0.695456 0.718569
79.000000000 -2.35341 23.1577 0 0 0 0.693536 0.720422
79.100000000 -2.35061 23.2043 0 0 0 0.691678 0.722206
79.200000000 -2.34767 23.2492 0 0 0 0.689882 0.723922
79.300000000 -2.34508 23.2941 0 0 0 0.689113 0.724654
79.400000000 -2.34263 23.3374 0 0 0 0.68862 0.725123
79.500000000 -2.34022 23.379 0 0 0 0.688145 0.725573
79.600000000 -2.33786 23.4189 0 0 0 0.687689 0.726006
79.700000000 -2.33554 23.4572 0 0 0 0.687251 0.72642
79.800000000 -2.33328 23.4938 0 0 0 0.686833 0.726816
79.900000000 -2.33098 23.5303 0 0 0 0.686414 0.727211
80.000000000 -2.32874 23.5653 0 0 0 0.686014 0.727589
80.100000000 -2.32657 23.5985 0 0 0 0.685632 0.727948
80.200000000 -2.32448 23.6301 0 0 0 0.68527 0.728289
80.300000000 -2.32245 23.6617 0 0 0 0.685089 0.728459
80.400000000 -2.32052 23.6917 0 0 0 0.684917 0.728621
80.500000000 -2.31857 23.7216 0 0 0 0.684746 0.728782
80.600000000 -2.31672 23.7499 0 0 0 0.684583 0.728935
80.700000000 -2.31496 23.7765 0 0 0 0.684431 0.729078
80.800000000 -2.3132 23.8031 0 0 0 0.684278 0.729221
80.900000000 -2.31153 23.828 0 0 0 0.684135 0.729356
81.000000000 -2.30985 23.853 0 0 0 0.683991 0.72949
81.100000000 -2.30817 23.8779 0 0 0 0.683848 0.729624
81.200000000 -2.30658 23.9012 0 0 0 0.683715 0.72975
81.300000000 -2.30499 23.9245 0 0 0 0.683581 0.729875
81.400000000 -2.30351 23.9461 0 0 0 0.683457 0.729991
81.500000000 -2.30201 23.9677 0 0 0 0.683332 0.730108
81.600000000 -2.30063 23.9877 0 0 0 0.683218 0.730215
81.700000000 -2.29924 24.0076 0 0 0 0.683103 0.730322
81.800000000 -2.29784 24.0276 0 0 0 0.682988 0.730429
81.900000000 -2.29644 24.0475 0 0 0 0.682873 0.730537
82.000000000 -2.29503 24.0675 0 0 0 0.682759 0.730644
82.100000000 -2.29349 24.0891 0 0 0 0.682634 0.73076
82.200000000 -2.29207 24.109 0 0 0 0.682519 0.730867
82.300000000 -2.2907 24.129 0 0 0 0.682519 0.730867
82.400000000 -2.28945 24.1473 0 0 0 0.682519 0.730867
82.500000000 -2.28808 24.1672 0 0 0 0.682519 0.730867
82.600000000 -2.28672 24.1872 0 0 0 0.682519 0.730867
82.700000000 -2.28535 24.2071 0 0 0 0.682519 0.730867
82.800000000 -2.28398 24.2271 0 0 0 0.682519 0.730867
82.900000000 -2.28273 24.2454 0 0 0 0.682519 0.730867
83.000000000 -2.28136 24.2653 0 0 0 0.682519 0.730867
83.100000000 -2.28011 24.2836 0 0 0 0.682519 0.730867
83.200000000 -2.27829 24.3102 0 0 0 0.682519 0.730867
83.300000000 -2.27635 24.3385 0 0 0 0.682519 0.730867
83.400000000 -2.27453 24.3651 0 0 0 0.682519 0.730867
83.500000000 -2.27282 24.3901 0 0 0 0.682519 0.730867
83.600000000 -2.27111 24.415 0 0 0 0.682519 0.730867
83.700000000 -2.26929 24.4416 0 0 0 0.682519 0.730867
83.800000000 -2.26747 24.4682 0 0 0 0.682519 0.730867
83.900000000 -2.26576 24.4931 0 0 0 0.682519 0.730867
84.000000000 -2.26394 24.5197 0 0 0 0.682519 0.730867
84.100000000 -2.26212 24.5464 0 0 0 0.682519 0.730867
84.200000000 -2.26041 24.5713 0 0 0 0.682519 0.730867
84.300000000 -2.2587 24.5962 0 0 0 0.682519 0.730867
84.400000000 -2.2571 24.6195 0 0 0 0.682519 0.730867
84.500000000 -2.25551 24.6428 0 0 0 0.682519 0.730867
84.600000000 -2.25403 24.6644 0 0 0 0.682519 0.730867
84.700000000 -2.25255 24.686 0 0 0 0.682519 0.730867
84.800000000 -2.25118 24.706 0 0 0 0.682519 0.730867
84.900000000 -2.24982 24.7259 0 0 0 0.682519 0.730867
85.000000000 -2.24845 24.7459 0 0 0 0.682519 0.730867
85.100000000 -2.24708 24.7658 0 0 0 0.682519 0.730867
85.200000000 -2.24572 24.7858 0 0 0 0.682519 0.730867
85.300000000 -2.24451 24.8074 0 0 0 0.683017 0.730402
85.400000000 -2.24342 24.8274 0 0 0 0.683477 0.729972
85.500000000 -2.24227 24.849 0 0 0 0.683974 0.729506
85.600000000 -2.24123 24.869 0 0 0 0.684433 0.729076
85.700000000 -2.24022 24.889 0 0 0 0.684892 0.728645
85.800000000 -2.23923 24.909 0 0 0 0.68535 0.728214
85.900000000 -2.23827 24.9289 0 0 0 0.685808 0.727783
86.000000000 -2.23734 24.9489 0 0 0 0.686266 0.727351
86.100000000 -2.2365 24.9672 0 0 0 0.686685 0.726955
86.200000000 -2.23562 24.9872 0 0 0 0.687142 0.726523
86.300000000 -2.23483 25.0055 0 0 0 0.687561 0.726127
86.400000000 -2.23392 25.0272 0 0 0 0.688056 0.725658
86.500000000 -2.23304 25.0488 0 0 0 0.68855 0.725189
86.600000000 -2.23219 25.0705 0 0 0 0.689044 0.724719
86.700000000 -2.23137 25.0921 0 0 0 0.689538 0.724249
86.800000000 -2.23058 25.1138 0 0 0 0.690032 0.723779
86.900000000 -2.22976 25.1371 0 0 0 0.690563 0.723273
87.000000000 -2.22903 25.1588 0 0 0 0.691056 0.722802
87.100000000 -2.22833 25.1804 0 0 0 0.691548 0.72233
87.200000000 -2.22766 25.2021 0 0 0 0.69204 0.721859
87.300000000 -2.22695 25.2237 0 0 0 0.692409 0.721505
87.400000000 -2.22631 25.2437 0 0 0 0.692749 0.721179
87.500000000 -2.22565 25.2654 0 0 0 0.693117 0.720825
87.600000000 -2.22505 25.2854 0 0 0 0.693457 0.720498
87.700000000 -2.22443 25.307 0 0 0 0.693825 0.720143
87.800000000 -2.22382 25.3287 0 0 0 0.694193 0.719789
87.900000000 -2.22324 25.3504 0 0 0 0.694561 0.719434
88.000000000 -2.22269 25.372 0 0 0 0.694928 0.719079
88.100000000 -2.22215 25.3937 0 0 0 0.695295 0.718724
88.200000000 -2.22164 25.4153 0 0 0 0.695663 0.718369
88.300000000 -2.22108 25.437 0 0 0 0.695907 0.718132
88.400000000 -2.22053 25.4587 0 0 0 0.696152 0.717895
88.500000000 -2.22 25.4803 0 0 0 0.696396 0.717658
88.600000000 -2.21949 25.502 0 0 0 0.69664 0.717421
88.700000000 -2.21903 25.522 0 0 0 0.696866 0.717202
88.800000000 -2.21854 25.5436 0 0 0 0.69711 0.716964
88.900000000 -2.21803 25.567 0 0 0 0.697373 0.716709
89.000000000 -2.21757 25.5886 0 0 0 0.697617 0.716471
89.100000000 -2.21713 25.6103 0 0 0 0.69786 0.716234
89.200000000 -2.21671 25.632 0 0 0 0.698104 0.715996
89.300000000 -2.21629 25.6536 0 0 0 0.698348 0.715758
89.400000000 -2.2159 25.6753 0 0 0 0.698592 0.715521
89.500000000 -2.21551 25.6969 0 0 0 0.698835 0.715283
89.600000000 -2.21506 25.7236 0 0 0 0.699135 0.71499
89.700000000 -2.2146 25.7519 0 0 0 0.699453 0.714679
89.800000000 -2.2142 25.7786 0 0 0 0.699752 0.714385
89.900000000 -2.21381 25.8053 0 0 0 0.700052 0.714092
90.000000000 -2.21347 25.8303 0 0 0 0.700332 0.713817
90.100000000 -2.21315 25.8553 0 0 0 0.700613 0.713542
90.200000000 -2.21287 25.8786 0 0 0 0.700874 0.713285
90.300000000 -2.21261 25.9019 0 0 0 0.701136 0.713028
90.400000000 -2.21238 25.9236 0 0 0 0.701378 0.712789
90.500000000 -2.21208 25.9469 0 0 0 0.701509 0.712661
90.600000000 -2.21181 25.9686 0 0 0 0.70163 0.712541
90.700000000 -2.21152 25.9919 0 0 0 0.701761 0.712413
90.800000000 -2.21126 26.0136 0 0 0 0.701882 0.712293
90.900000000 -2.21099 26.0369 0 0 0 0.702013 0.712165
91.000000000 -2.21075 26.0586 0 0 0 0.702134 0.712045
91.100000000 -2.21051 26.0802 0 0 0 0.702255 0.711926
91.200000000 -2.21023 26.1069 0 0 0 0.702404 0.711779
91.300000000 -2.20996 26.1336 0 0 0 0.702553 0.711631
91.400000000 -2.20972 26.1586 0 0 0 0.702693 0.711493
91.500000000 -2.20949 26.1836 0 0 0 0.702832 0.711355
91.600000000 -2.20928 26.2069 0 0 0 0.702963 0.711227
91.700000000 -2.20908 26.2302 0 0 0 0.703093 0.711098
91.800000000 -2.2089 26.2519 0 0 0 0.703214 0.710978
91.900000000 -2.20869 26.2786 0 0 0 0.703363 0.710831
92.000000000 -2.20851 26.3036 0 0 0 0.703503 0.710693
92.100000000 -2.20833 26.3286 0 0 0 0.703642 0.710554
92.200000000 -2.20818 26.3519 0 0 0 0.703772 0.710425
92.300000000 -2.20803 26.3752 0 0 0 0.703903 0.710297
92.400000000 -2.2079 26.3969 0 0 0 0.704023 0.710177
92.500000000 -2.20778 26.4186 0 0 0 0.704144 0.710057
92.600000000 -2.20767 26.4402 0 0 0 0.704265 0.709937
92.700000000 -2.20756 26.4619 0 0 0 0.704386 0.709817
92.800000000 -2.20746 26.4836 0 0 0 0.704507 0.709697
92.900000000 -2.20737 26.5052 0 0 0 0.704628 0.709577
93.000000000 -2.2073 26.5252 0 0 0 0.704739 0.709467
93.100000000 -2.20722 26.5469 0 0 0 0.70486 0.709347
93.200000000 -2.20715 26.5686 0 0 0 0.70498 0.709227
93.300000000 -2.20703 26.5886 0 0 0 0.70498 0.709227
93.400000000 -2.2069 26.6102 0 0 0 0.70498 0.709227
93.500000000 -2.20678 26.6302 0 0 0 0.70498 0.709227
93.600000000 -2.20665 26.6519 0 0 0 0.70498 0.709227
93.700000000 -2.20652 26.6736 0 0 0 0.70498 0.709227
93.800000000 -2.20639 26.6952 0 0 0 0.70498 0.709227
93.900000000 -2.20626 26.7169 0 0 0 0.70498 0.709227
94.000000000 -2.20613 26.7386 0 0 0 0.70498 0.709227
94.100000000 -2.20599 26.7619 0 0 0 0.70498 0.709227
94.200000000 -2.20613 26.7836 0 0 0 0.705464 0.708746
94.300000000 -2.20639 26.8069 0 0 0 0.706114 0.708098
94.400000000 -2.20667 26.8286 0 0 0 0.706718 0.707496
94.500000000 -2.20699 26.8502 0 0 0 0.707321 0.706893
94.600000000 -2.20742 26.8769 0 0 0 0.708062 0.70615
94.700000000 -2.20792 26.9036 0 0 0 0.708803 0.705407
94.800000000 -2.20846 26.9302 0 0 0 0.709542 0.704663
94.900000000 -2.20907 26.9569 0 0 0 0.710281 0.703918
95.000000000 -2.20973 26.9836 0 0 0 0.71102 0.703172
95.100000000 -2.21044 27.0102 0 0 0 0.711757 0.702426
95.200000000 -2.21121 27.0369 0 0 0 0.712494 0.701678
95.300000000 -2.21204 27.0635 0 0 0 0.71323 0.70093
95.400000000 -2.21293 27.0902 0 0 0 0.713965 0.700181
95.500000000 -2.21378 27.1235 0 0 0 0.714332 0.699807
95.600000000 -2.21463 27.1552 0 0 0 0.71468 0.699452
95.700000000 -2.21686 27.2301 0 0 0 0.715744 0.698362
95.800000000 -2.22016 27.3051 0 0 0 0.718287 0.695747
95.900000000 -2.22401 27.38 0 0 0 0.720821 0.693122
96.000000000 -2.2284 27.4549 0 0 0 0.723344 0.690488
96.100000000 -2.23335 27.5297 0 0 0 0.725858 0.687844
96.200000000 -2.23883 27.6045 0 0 0 0.728363 0.685192
96.300000000 -2.2431 27.6794 0 0 0 0.727833 0.685755
96.400000000 -2.24725 27.7543 0 0 0 0.727302 0.686317
96.500000000 -2.25129 27.8292 0 0 0 0.726771 0.68688
96.600000000 -2.2575 27.9039 0 0 0 0.730177 0.683258
96.700000000 -2.26472 27.9786 0 0 0 0.733997 0.679153
96.800000000 -2.27251 28.0532 0 0 0 0.737364 0.675495
96.900000000 -2.28105 28.1277 0 0 0 0.740713 0.671822
97.000000000 -2.29032 28.2022 0 0 0 0.744044 0.668131
97.100000000 -2.30008 28.2766 0 0 0 0.746922 0.664912
97.200000000 -2.31124 28.3507 0 0 0 0.751049 0.660246
97.300000000 -2.32115 28.4251 0 0 0 0.75156 0.659665
97.400000000 -2.3292 28.4997 0 0 0 0.748761 0.66284
97.500000000 -2.33288 28.5496 0 0 0 0.744769 0.667322
97.600000000 -2.34253 28.624 0 0 0 0.747199 0.6646
97.700000000 -2.35628 28.6973 0 0 0 0.755613 0.655018
97.800000000 -2.37194 28.7693 0 0 0 0.764217 0.64496
97.900000000 -2.38951 28.8408 0 0 0 0.772686 0.634788
98.000000000 -2.40896 28.9118 0 0 0 0.78102 0.624506
98.100000000 -2.43028 28.9823 0 0 0 0.789217 0.614114
98.200000000 -2.45203 29.0541 0 0 0 0.794456 0.607321
98.300000000 -2.47479 29.1256 0 0 0 0.799295 0.600938
98.400000000 -2.49869 29.1968 0 0 0 0.804083 0.594517
98.500000000 -2.52373 29.2675 0 0 0 0.808819 0.588057
98.600000000 -2.54989 29.3379 0 0 0 0.813504 0.58156
98.700000000 -2.57719 29.4078 0 0 0 0.818136 0.575025
98.800000000 -2.60559 29.4772 0 0 0 0.822716 0.568453
98.900000000 -2.63511 29.5462 0 0 0 0.827242 0.561845
99.000000000 -2.66573 29.6147 0 0 0 0.831716 0.555201
99.100000000 -2.69744 29.6827 0 0 0 0.836137 0.548521
99.200000000 -2.73024 29.7502 0 0 0 0.840503 0.541806
99.300000000 -2.75916 29.8195 0 0 0 0.837452 0.546511
99.400000000 -2.78663 29.8893 0 0 0 0.833368 0.552718
99.500000000 -2.81284 29.9596 0 0 0 0.828914 0.559376
99.600000000 -2.83792 30.0303 0 0 0 0.824407 0.565997
99.700000000 -2.86187 30.1014 0 0 0 0.819847 0.572582
99.800000000 -2.88468 30.1729 0 0 0 0.815234 0.579131
99.900000000 -2.90633 30.2448 0 0 0 0.81057 0.585642
100.000000000 -2.92684 30.317 0 0 0 0.805853 0.592116
100.100000000 -2.94618 30.3895 0 0 0 0.801084 0.598552
100.200000000 -2.96292 30.4627 0 0 0 0.793988 0.607934
100.300000000 -2.97792 30.5363 0 0 0 0.786782 0.617231
100.400000000 -2.99119 30.6102 0 0 0 0.779467 0.626443
100.500000000 -3.00281 30.6844 0 0 0 0.772188 0.635394
100.600000000 -3.01249 30.7571 0 0 0 0.764972 0.644064
100.700000000 -3.02017 30.8268 0 0 0 0.757993 0.652263
100.800000000 -3.02619 30.895 0 0 0 0.751095 0.660194
100.900000000 -3.03056 30.9599 0 0 0 0.744457 0.667671
101.000000000 -3.03355 31.0232 0 0 0 0.737917 0.674891
101.100000000 -3.03526 31.085 0 0 0 0.731482 0.68186
101.200000000 -3.03578 31.145 0 0 0 0.725158 0.688582
101.300000000 -3.03523 31.2018 0 0 0 0.719129 0.694877
101.400000000 -3.03373 31.2568 0 0 0 0.713224 0.700936
101.500000000 -3.03033 31.3318 0 0 0 0.70493 0.709277
101.600000000 -3.02172 31.3903 0 0 0 0.690144 0.723672
101.700000000 -3.0083 31.4323 0 0 0 0.669199 0.743084
101.800000000 -2.99089 31.4556 0 0 0 0.641063 0.767488
101.900000000 -2.97146 31.4542 0 0 0 0.603119 0.797651
102.000000000 -2.95239 31.4494 0 0 0 0.563139 0.826362
102.100000000 -2.93388 31.4428 0 0 0 0.521794 0.853072
102.200000000 -2.91612 31.4343 0 0 0 0.479185 0.877714
102.300000000 -2.89927 31.4242 0 0 0 0.435415 0.90023
102.400000000 -2.8835 31.4124 0 0 0 0.39059 0.920565
102.500000000 -2.86896 31.3992 0 0 0 0.344819 0.938669
102.600000000 -2.85579 31.3846 0 0 0 0.298212 0.9545
102.700000000 -2.84413 31.3687 0 0 0 0.250883 0.968017
102.800000000 -2.83407 31.3518 0 0 0 0.202946 0.97919
102.900000000 -2.82573 31.334 0 0 0 0.154517 0.98799
103.000000000 -2.81918 31.3155 0 0 0 0.105714 0.994397
103.100000000 -2.81448 31.2964 0 0 0 0.0566552 0.998394
103.200000000 -2.81168 31.2769 0 0 0 0.00745878 0.999972
103.300000000 -2.81081 31.2573 0 0 0 -0.0417557 0.999128
103.400000000 -2.81187 31.2376 0 0 0 -0.090869 0.995863
103.500000000 -2.81486 31.2182 0 0 0 -0.139762 0.990185
103.600000000 -2.81975 31.1991 0 0 0 -0.188317 0.982108
103.700000000 -2.82648 31.1807 0 0 0 -0.236415 0.971652
103.800000000 -2.835 31.1629 0 0 0 -0.28394 0.958842
103.900000000 -2.84522 31.1461 0 0 0 -0.330778 0.943709
104.000000000 -2.85704 31.1304 0 0 0 -0.376814 0.926289
104.100000000 -2.87035 31.1159 0 0 0 -0.421938 0.906625
104.200000000 -2.88502 31.1028 0 0 0 -0.466038 0.884764
104.300000000 -2.89665 31.087 0 0 0 -0.506534 0.86222
104.400000000 -2.90879 31.0713 0 0 0 -0.54538 0.838189
104.500000000 -2.92231 31.0568 0 0 0 -0.583087 0.81241
104.600000000 -2.9371 31.0436 0 0 0 -0.619578 0.784935
104.700000000 -2.95304 31.0318 0 0 0 -0.654777 0.755822
104.800000000 -2.96998 31.0214 0 0 0 -0.688609 0.725133
104.900000000 -2.9878 31.0127 0 0 0 -0.721004 0.69293
105.000000000 -3.00635 31.0056 0 0 0 -0.751896 0.659282
105.100000000 -3.02546 31.0003 0 0 0 -0.781218 0.624258
105.200000000 -3.04498 30.9967 0 0 0 -0.80891 0.587932
105.300000000 -3.06742 30.9727 0 0 0 -0.828931 0.55935
105.400000000 -3.0947 30.9335 0 0 0 -0.8435 0.537128
105.500000000 -3.12616 30.8872 0 0 0 -0.855237 0.518238
105.600000000 -3.15988 30.8414 0 0 0 0.866351 -0.499436
105.700000000 -3.19556 30.7973 0 0 0 0.877052 -0.480395
105.800000000 -3.23314 30.7547 0 0 0 0.887335 -0.461126
105.900000000 -3.27255 30.7137 0 0 0 0.897194 -0.441637
106.000000000 -3.3137 30.6746 0 0 0 0.906625 -0.421937
106.100000000 -3.35652 30.6373 0 0 0 0.915624 -0.402035
106.200000000 -3.40093 30.6019 0 0 0 0.924186 -0.381942
106.300000000 -3.44685 30.5684 0 0 0 0.932307 -0.361667
106.400000000 -3.49418 30.537 0 0 0 0.939984 -0.341219
106.500000000 -3.54284 30.5077 0 0 0 0.947212 -0.320608
106.600000000 -3.58193 30.4928 0 0 0 0.956335 -0.292273
106.700000000 -3.60876 30.4934 0 0 0 0.966938 -0.25501
106.800000000 -3.62014 30.5092 0 0 0 0.97816 -0.207855
106.900000000 -3.62866 30.5269 0 0 0 0.987203 -0.159472
107.000000000 -3.6354 30.5454 0 0 0 0.993854 -0.110701
107.100000000 -3.64029 30.5645 0 0 0 0.998097 -0.0616628
107.200000000 -3.64328 30.5839 0 0 0 0.999922 -0.0124749
107.300000000 -3.64435 30.6035 0 0 0 0.999325 0.0367432
107.400000000 -3.64348 30.6232 0 0 0 0.996306 0.0858722
107.500000000 -3.64069 30.6427 0 0 0 0.990874 0.134793
107.600000000 -3.63599 30.6618 0 0 0 0.983041 0.183388
107.700000000 -3.62945 30.6803 0 0 0 0.972826 0.231538
107.800000000 -3.62111 30.6981 0 0 0 0.960254 0.279127
107.900000000 -3.61105 30.715 0 0 0 0.945356 0.32604
108.000000000 -3.59939 30.7309 0 0 0 0.928167 0.372163
108.100000000 -3.58623 30.7455 0 0 0 0.90873 0.417384
108.200000000 -3.5741 30.7606 0 0 0 0.887773 0.460282
108.300000000 -3.56059 30.7745 0 0 0 0.864791 0.502131
108.400000000 -3.54581 30.7871 0 0 0 0.839839 0.542835
108.500000000 -3.52989 30.7982 0 0 0 0.812972 0.582302
108.600000000 -3.51299 30.8078 0 0 0 0.784252 0.620442
108.700000000 -3.49526 30.8156 0 0 0 0.753745 0.657167
108.800000000 -3.47686 30.8218 0 0 0 0.721519 0.692395
108.900000000 -3.45795 30.8262 0 0 0 0.687649 0.726044
109.000000000 -3.43872 30.8287 0 0 0 0.652211 0.758038
109.100000000 -3.41932 30.8294 0 0 0 0.615286 0.788304
109.200000000 -3.39872 30.852 0 0 0 0.586281 0.810107
109.300000000 -3.37437 30.8905 0 0 0 0.56357 0.826068
109.400000000 -3.34548 30.9412 0 0 0 0.546066 0.837742
109.500000000 -3.31411 30.9923 0 0 0 0.529007 0.848618
109.600000000 -3.2807 31.042 0 0 0 0.511731 0.859146
109.700000000 -3.24531 31.0904 0 0 0 0.494246 0.869322
109.800000000 -3.20799 31.1372 0 0 0 0.476559 0.879142
109.900000000 -3.16881 31.1826 0 0 0 0.458677 0.888603
110.000000000 -3.12782 31.2263 0 0 0 0.440607 0.8977
110.100000000 -3.0851 31.2683 0 0 0 0.422357 0.90643
110.200000000 -3.03345 31.3228 0 0 0 0.412127 0.911126
110.300000000 -2.98415 31.3793 0 0 0 0.412832 0.910807
110.400000000 -2.93518 31.4361 0 0 0 0.414219 0.910177
110.500000000 -2.88637 31.4931 0 0 0 0.415605 0.909545
110.600000000 -2.83775 31.5502 0 0 0 0.41699 0.908911
110.700000000 -2.78929 31.6074 0 0 0 0.418374 0.908275
110.800000000 -2.74101 31.6648 0 0 0 0.419757 0.907636
110.900000000 -2.6929 31.7224 0 0 0 0.42114 0.906996
111.000000000 -2.64497 31.7801 0 0 0 0.422521 0.906353
111.100000000 -2.59722 31.8379 0 0 0 0.423901 0.905708
111.200000000 -2.55346 31.8983 0 0 0 0.435417 0.900229
111.300000000 -2.51274 31.9585 0 0 0 0.447719 0.894174
111.400000000 -2.4737 32.0199 0 0 0 0.459938 0.887951
111.500000000 -2.43635 32.0823 0 0 0 0.47207 0.881561
111.600000000 -2.40073 32.1456 0 0 0 0.484113 0.875005
111.700000000 -2.36686 32.21 0 0 0 0.496065 0.868285
111.800000000 -2.33477 32.2752 0 0 0 0.507924 0.861402
111.900000000 -2.30447 32.3413 0 0 0 0.519688 0.854356
112.000000000 -2.276 32.4082 0 0 0 0.531353 0.84715
112.100000000 -2.24938 32.4759 0 0 0 0.542919 0.839785
112.200000000 -2.22462 32.5442 0 0 0 0.554383 0.832262
112.300000000 -2.20203 32.6124 0 0 0 0.565601 0.824679
112.400000000 -2.18178 32.6795 0 0 0 0.576458 0.817127
112.500000000 -2.16328 32.7454 0 0 0 0.585977 0.810328
112.600000000 -2.14675 32.8101 0 0 0 0.595186 0.803588
112.700000000 -2.13245 32.8719 0 0 0 0.603864 0.797088
112.800000000 -2.11983 32.9324 0 0 0 0.612244 0.790669
112.900000000 -2.10614 33.0057 0 0 0 0.622278 0.782797
113.000000000 -2.09432 33.0794 0 0 0 0.632209 0.774798
113.100000000 -2.08439 33.1533 0 0 0 0.642038 0.766672
113.200000000 -2.07634 33.2275 0 0 0 0.651763 0.758423
113.300000000 -2.06952 33.3023 0 0 0 0.660258 0.751038
113.400000000 -2.06418 33.3772 0 0 0 0.668287 0.743904
113.500000000 -2.06044 33.4521 0 0 0 0.676238 0.736684
113.600000000 -2.05832 33.5272 0 0 0 0.684111 0.729378
113.700000000 -2.05781 33.6023 0 0 0 0.691905 0.721989
113.800000000 -2.05892 33.6773 0 0 0 0.699619 0.714516
113.900000000 -2.06163 33.7524 0 0 0 0.707253 0.706961
114.000000000 -2.06596 33.8273 0 0 0 0.714805 0.699324
114.100000000 -2.0719 33.9022 0 0 0 0.722274 0.691607
114.200000000 -2.07944 33.9769 0 0 0 0.72966 0.68381
114.300000000 -2.08628 34.0516 0 0 0 0.733051 0.680174
114.400000000 -2.09361 34.1262 0 0 0 0.735981 0.677002
114.500000000 -2.10158 34.2008 0 0 0 0.738898 0.673818
114.600000000 -2.11019 34.2753 0 0 0 0.7418 0.670621
114.700000000 -2.11945 34.3498 0 0 0 0.744689 0.667411
114.800000000 -2.12935 34.4241 0 0 0 0.747564 0.664189
114.900000000 -2.13989 34.4984 0 0 0 0.750425 0.660955
115.000000000 -2.15108 34.5725 0 0 0 0.753273 0.657708
115.100000000 -2.1629 34.6466 0 0 0 0.756106 0.65445
115.200000000 -2.17276 34.721 0 0 0 0.75463 0.65615
115.300000000 -2.18201 34.7954 0 0 0 0.752685 0.658381
115.400000000 -2.19082 34.8699 0 0 0 0.750733 0.660606
115.500000000 -2.19918 34.9444 0 0 0 0.748775 0.662825
115.600000000 -2.20712 35.019 0 0 0 0.746825 0.66502
115.700000000 -2.21467 35.0936 0 0 0 0.744975 0.667093
115.800000000 -2.22188 35.1683 0 0 0 0.743223 0.669043
115.900000000 -2.22874 35.243 0 0 0 0.741537 0.670912
116.000000000 -2.23524 35.3177 0 0 0 0.739882 0.672737
116.100000000 -2.24141 35.3925 0 0 0 0.738293 0.674481
116.200000000 -2.24628 35.4606 0 0 0 0.73611 0.676862
116.300000000 -2.2505 35.5255 0 0 0 0.734027 0.67912
116.400000000 -2.25422 35.5887 0 0 0 0.731991 0.681314
116.500000000 -2.25747 35.6503 0 0 0 0.730002 0.683445
116.600000000 -2.26029 35.7103 0 0 0 0.728061 0.685512
116.700000000 -2.26263 35.7669 0 0 0 0.726223 0.687459
116.800000000 -2.2646 35.8219 0 0 0 0.724433 0.689345
116.900000000 -2.26624 35.8752 0 0 0 0.722693 0.691169
117.000000000 -2.26757 35.9268 0 0 0 0.721003 0.692932
117.100000000 -2.26861 35.9768 0 0 0 0.719364 0.694634
117.200000000 -2.26993 36.0285 0 0 0 0.718517 0.695509
117.300000000 -2.27108 36.0785 0 0 0 0.717697 0.696356
117.400000000 -2.27209 36.1268 0 0 0 0.716902 0.697174
117.500000000 -2.27295 36.1735 0 0 0 0.716135 0.697962
117.600000000 -2.27368 36.2184 0 0 0 0.715394 0.698721
117.700000000 -2.27429 36.2618 0 0 0 0.71468 0.699452
117.800000000 -2.2748 36.3034 0 0 0 0.713992 0.700154
117.900000000 -2.2752 36.3434 0 0 0 0.713331 0.700827
118.000000000 -2.27552 36.3818 0 0 0 0.712698 0.701471
118.100000000 -2.27576 36.4184 0 0 0 0.712091 0.702087
118.200000000 -2.27593 36.4551 0 0 0 0.711484 0.702703
118.300000000 -2.27603 36.4901 0 0 0 0.710903 0.70329
118.400000000 -2.27608 36.5234 0 0 0 0.71035 0.703848
118.500000000 -2.27607 36.5551 0 0 0 0.709825 0.704378
118.600000000 -2.27582 36.5868 0 0 0 0.708946 0.705262
118.700000000 -2.2755 36.6168 0 0 0 0.708113 0.706099
118.800000000 -2.27511 36.6468 0 0 0 0.707279 0.706934
118.900000000 -2.27468 36.6751 0 0 0 0.706491 0.707722
119.000000000 -2.27422 36.7018 0 0 0 0.705748 0.708463
119.100000000 -2.27369 36.7284 0 0 0 0.705004 0.709204
119.200000000 -2.27315 36.7534 0 0 0 0.704306 0.709897
119.300000000 -2.27264 36.7784 0 0 0 0.703747 0.71045
119.400000000 -2.27213 36.8018 0 0 0 0.703226 0.710967
119.500000000 -2.27158 36.8251 0 0 0 0.702703 0.711483
119.600000000 -2.27091 36.8518 0 0 0 0.702106 0.712072
119.700000000 -2.2702 36.8784 0 0 0 0.701509 0.712661
119.800000000 -2.26944 36.9051 0 0 0 0.700911 0.713249
119.900000000 -2.26869 36.9301 0 0 0 0.70035 0.7138
120.000000000 -2.2679 36.9551 0 0 0 0.699788 0.714351
120.100000000 -2.26713 36.9784 0 0 0 0.699264 0.714864
120.200000000 -2.2662 37.005 0 0 0 0.698664 0.71545
120.300000000 -2.26532 37.0317 0 0 0 0.698214 0.71589
120.400000000 -2.2644 37.0583 0 0 0 0.697763 0.716328
120.500000000 -2.26345 37.085 0 0 0 0.697313 0.716767
120.600000000 -2.26246 37.1116 0 0 0 0.696862 0.717205
120.700000000 -2.26151 37.1366 0 0 0 0.696439 0.717616
120.800000000 -2.26046 37.1633 0 0 0 0.695988 0.718054
120.900000000 -2.25944 37.1882 0 0 0 0.695564 0.718464
121.000000000 -2.25833 37.2149 0 0 0 0.695112 0.718901
121.100000000 -2.25725 37.2399 0 0 0 0.694688 0.719311
121.200000000 -2.25615 37.2648 0 0 0 0.694264 0.71972
121.300000000 -2.25502 37.2915 0 0 0 0.693963 0.720011
121.400000000 -2.25394 37.3165 0 0 0 0.69368 0.720284
121.500000000 -2.25277 37.3431 0 0 0 0.693378 0.720574
121.600000000 -2.25165 37.3681 0 0 0 0.693095 0.720846
121.700000000 -2.25051 37.3931 0 0 0 0.692812 0.721119
121.800000000 -2.24943 37.4164 0 0 0 0.692547 0.721373
121.900000000 -2.24834 37.4397 0 0 0 0.692283 0.721626
122.000000000 -2.2473 37.4613 0 0 0 0.692037 0.721862
122.100000000 -2.24625 37.483 0 0 0 0.691791 0.722098
122.200000000 -2.24527 37.5029 0 0 0 0.691564 0.722315
122.300000000 -2.24427 37.5229 0 0 0 0.691337 0.722532
122.400000000 -2.2431 37.5462 0 0 0 0.691072 0.722786
122.500000000 -2.24199 37.5679 0 0 0 0.690826 0.723021
122.600000000 -2.24087 37.5895 0 0 0 0.69058 0.723256
122.700000000 -2.23982 37.6095 0 0 0 0.690353 0.723473
122.800000000 -2.23876 37.6294 0 0 0 0.690125 0.72369
122.900000000 -2.23768 37.6494 0 0 0 0.689898 0.723907
123.000000000 -2.2366 37.6694 0 0 0 0.68967 0.724124
123.100000000 -2.2355 37.6893 0 0 0 0.689443 0.72434
123.200000000 -2.23438 37.7093 0 0 0 0.689215 0.724557
123.300000000 -2.23323 37.731 0 0 0 0.689092 0.724674
123.400000000 -2.23216 37.7509 0 0 0 0.688978 0.724783
123.500000000 -2.231 37.7726 0 0 0 0.688854 0.7249
123.600000000 -2.22992 37.7925 0 0 0 0.68874 0.725008
123.700000000 -2.22883 37.8125 0 0 0 0.688627 0.725116
123.800000000 -2.22764 37.8341 0 0 0 0.688503 0.725233
123.900000000 -2.22645 37.8558 0 0 0 0.68838 0.725351
124.000000000 -2.22525 37.8774 0 0 0 0.688256 0.725468
124.100000000 -2.22404 37.899 0 0 0 0.688133 0.725585
124.200000000 -2.22283 37.9207 0 0 0 0.688009 0.725702
124.300000000 -2.2216 37.9423 0 0 0 0.687886 0.725819
124.400000000 -2.22037 37.9639 0 0 0 0.687762 0.725936
124.500000000 -2.21914 37.9856 0 0 0 0.687639 0.726053
124.600000000 -2.21789 38.0072 0 0 0 0.687515 0.72617
124.700000000 -2.21664 38.0288 0 0 0 0.687392 0.726287
124.800000000 -2.21538 38.0505 0 0 0 0.687268 0.726404
124.900000000 -2.21411 38.0721 0 0 0 0.687144 0.726521
125.000000000 -2.21284 38.0937 0 0 0 0.687021 0.726638
125.100000000 -2.21146 38.117 0 0 0 0.686887 0.726764
125.200000000 -2.21017 38.1386 0 0 0 0.686764 0.726881
125.300000000 -2.20877 38.1619 0 0 0 0.686631 0.727007
125.400000000 -2.20747 38.1836 0 0 0 0.686507 0.727123
125.500000000 -2.20606 38.2068 0 0 0 0.686374 0.727249
125.600000000 -2.20474 38.2285 0 0 0 0.68625 0.727366
125.700000000 -2.20331 38.2518 0 0 0 0.686116 0.727492
125.800000000 -2.20197 38.2734 0 0 0 0.685993 0.727609
125.900000000 -2.20063 38.295 0 0 0 0.685869 0.727725
126.000000000 -2.19938 38.315 0 0 0 0.685754 0.727833
126.100000000 -2.19667 38.3582 0 0 0 0.685507 0.728066
126.200000000 -2.19403 38.3998 0 0 0 0.685268 0.728291
126.300000000 -2.18916 38.4746 0 0 0 0.684705 0.72882
126.400000000 -2.18418 38.5495 0 0 0 0.684141 0.72935
126.500000000 -2.17908 38.6243 0 0 0 0.683577 0.729878
126.600000000 -2.17386 38.6991 0 0 0 0.683013 0.730406
126.700000000 -2.16854 38.7739 0 0 0 0.682468 0.730916
126.800000000 -2.16309 38.8487 0 0 0 0.681902 0.731443
126.900000000 -2.15753 38.9235 0 0 0 0.681336 0.73197
127.000000000 -2.15186 38.9983 0 0 0 0.68077 0.732497
127.100000000 -2.14607 39.0731 0 0 0 0.680204 0.733023
127.200000000 -2.14016 39.1479 0 0 0 0.679637 0.733549
127.300000000 -2.13764 39.2229 0 0 0 0.68549 0.728082
127.400000000 -2.13633 39.2979 0 0 0 0.6913 0.722568
127.500000000 -2.13621 39.3729 0 0 0 0.697066 0.717007
127.600000000 -2.13797 39.448 0 0 0 0.703974 0.710226
127.700000000 -2.14096 39.523 0 0 0 0.710432 0.703766
127.800000000 -2.14532 39.5979 0 0 0 0.716831 0.697247
127.900000000 -2.15105 39.6727 0 0 0 0.72317 0.69067
128.000000000 -2.15792 39.7475 0 0 0 0.729068 0.684442
128.100000000 -2.16607 39.8221 0 0 0 0.734912 0.678163
128.200000000 -2.17528 39.8966 0 0 0 0.74032 0.672254
128.300000000 -2.1859 39.9708 0 0 0 0.74606 0.665879
128.400000000 -2.19757 40.045 0 0 0 0.751369 0.659882
128.500000000 -2.21066 40.1189 0 0 0 0.757002 0.653412
128.600000000 -2.22522 40.1925 0 0 0 0.762939 0.64647
128.700000000 -2.24069 40.2659 0 0 0 0.768093 0.640338
128.800000000 -2.25756 40.3391 0 0 0 0.773557 0.633726
128.900000000 -2.27499 40.412 0 0 0 0.777872 0.628423
129.000000000 -2.29388 40.4847 0 0 0 0.78288 0.622172
129.100000000 -2.31545 40.5494 0 0 0 0.792734 0.609568
129.200000000 -2.33865 40.6208 0 0 0 0.798919 0.601438
129.300000000 -2.3631 40.6917 0 0 0 0.804704 0.593676
129.400000000 -2.38892 40.7622 0 0 0 0.810413 0.585859
129.500000000 -2.4161 40.8322 0 0 0 0.816046 0.577987
129.600000000 -2.44463 40.9016 0 0 0 0.821602 0.570061
129.700000000 -2.4745 40.9705 0 0 0 0.827082 0.562081
129.800000000 -2.50569 41.0388 0 0 0 0.832484 0.554049
129.900000000 -2.53821 41.1064 0 0 0 0.837808 0.545965
130.000000000 -2.57202 41.1734 0 0 0 0.843054 0.537829
130.100000000 -2.60713 41.2398 0 0 0 0.84822 0.529643
130.200000000 -2.64351 41.3054 0 0 0 0.853308 0.521408
130.300000000 -2.68116 41.3704 0 0 0 0.858315 0.513124
130.400000000 -2.72006 41.4346 0 0 0 0.863241 0.504791
130.500000000 -2.76019 41.498 0 0 0 0.868087 0.496412
130.600000000 -2.80155 41.5606 0 0 0 0.872852 0.487985
130.700000000 -2.84042 41.6094 0 0 0 0.881965 0.471316
130.800000000 -2.87482 41.6414 0 0 0 0.894353 0.447363
130.900000000 -2.90339 41.656 0 0 0 0.909607 0.41547
131.000000000 -2.92668 41.6576 0 0 0 0.926031 0.377447
131.100000000 -2.94936 41.6563 0 0 0 0.941059 0.338241
131.200000000 -2.97185 41.6531 0 0 0 0.954429 0.29844
131.300000000 -2.99482 41.6489 0 0 0 0.965968 0.258661
131.400000000 -3.01647 41.642 0 0 0 0.975975 0.217884
131.500000000 -3.03746 41.6333 0 0 0 0.984261 0.176722
131.600000000 -3.05766 41.6229 0 0 0 0.990812 0.13525
131.700000000 -3.07691 41.6109 0 0 0 0.995616 0.0935385
131.800000000 -3.09508 41.5973 0 0 0 0.998665 0.0516625
131.900000000 -3.11204 41.5822 0 0 0 0.999953 0.00969536
132.000000000 -3.12768 41.5657 0 0 0 0.999479 -0.0322889
132.100000000 -3.14188 41.5479 0 0 0 0.997242 -0.0742162
132.200000000 -3.15455 41.5291 0 0 0 0.993248 -0.116013
132.300000000 -3.16558 41.5092 0 0 0 0.987502 -0.157605
132.400000000 -3.17492 41.4885 0 0 0 0.980016 -0.198919
132.500000000 -3.18248 41.4671 0 0 0 0.970802 -0.239882
132.600000000 -3.18822 41.4451 0 0 0 0.959877 -0.280423
132.700000000 -3.17812 41.4282 0 0 0 0.944915 -0.327315
132.800000000 -3.16498 41.4132 0 0 0 0.927375 -0.374132
132.900000000 -3.15041 41.3995 0 0 0 0.907517 -0.420014
133.000000000 -3.13454 41.3873 0 0 0 0.885391 -0.464846
133.100000000 -3.11754 41.3768 0 0 0 -0.861052 0.508517
133.200000000 -3.09957 41.3681 0 0 0 -0.834561 0.550916
133.300000000 -3.08082 41.3611 0 0 0 -0.805984 0.591938
133.400000000 -3.06147 41.3561 0 0 0 -0.775392 0.63148
133.500000000 -3.04171 41.353 0 0 0 -0.742862 0.669445
133.600000000 -3.02175 41.352 0 0 0 -0.708475 0.705736
133.700000000 -3.00178 41.3529 0 0 0 -0.672318 0.740263
133.800000000 -2.982 41.3558 0 0 0 -0.63448 0.772939
133.900000000 -2.96261 41.3607 0 0 0 -0.595056 0.803684
134.000000000 -2.94381 41.3674 0 0 0 -0.554145 0.83242
134.100000000 -2.92577 41.3761 0 0 0 -0.511849 0.859076
134.200000000 -2.90869 41.3865 0 0 0 -0.468273 0.883584
134.300000000 -2.89272 41.3985 0 0 0 -0.423527 0.905883
134.400000000 -2.87804 41.4121 0 0 0 -0.377722 0.925919
134.500000000 -2.86479 41.427 0 0 0 -0.330974 0.94364
134.600000000 -2.8531 41.4432 0 0 0 -0.283398 0.959002
134.700000000 -2.84309 41.4606 0 0 0 -0.235113 0.971968
134.800000000 -2.83485 41.4788 0 0 0 -0.186241 0.982504
134.900000000 -2.82847 41.4977 0 0 0 -0.136904 0.990584
135.000000000 -2.82402 41.5172 0 0 0 -0.0872243 0.996189
135.100000000 -2.82153 41.537 0 0 0 -0.0373266 0.999303
135.200000000 -2.79652 41.5503 0 0 0 0.000402859 1
135.300000000 -2.76774 41.5644 0 0 0 0.0357506 0.999361
135.400000000 -2.74003 41.5806 0 0 0 0.0710536 0.997472
135.500000000 -2.71354 41.5987 0 0 0 0.106268 0.994338
135.600000000 -2.68839 41.6186 0 0 0 0.141349 0.98996
135.700000000 -2.6647 41.6402 0 0 0 0.176254 0.984345
135.800000000 -2.6426 41.6634 0 0 0 0.210938 0.977499
135.900000000 -2.6222 41.6882 0 0 0 0.245359 0.969432
136.000000000 -2.6036 41.7143 0 0 0 0.279473 0.960153
136.100000000 -2.58689 41.7417 0 0 0 0.313238 0.949675
136.200000000 -2.57216 41.7702 0 0 0 0.346612 0.938009
136.300000000 -2.5444 41.8081 0 0 0 0.371778 0.928322
136.400000000 -2.5056 41.8559 0 0 0 0.389727 0.92093
136.500000000 -2.46798 41.9055 0 0 0 0.407152 0.91336
136.600000000 -2.43228 41.9566 0 0 0 0.424429 0.905461
136.700000000 -2.39855 42.009 0 0 0 0.441554 0.897235
136.800000000 -2.36683 42.0627 0 0 0 0.458519 0.888685
136.900000000 -2.33717 42.1175 0 0 0 0.475318 0.879814
137.000000000 -2.30962 42.1734 0 0 0 0.491946 0.870626
137.100000000 -2.28421 42.2303 0 0 0 0.508397 0.861123
137.200000000 -2.26098 42.2881 0 0 0 0.524664 0.85131
137.300000000 -2.23269 42.3561 0 0 0 0.535885 0.844291
137.400000000 -2.20563 42.4257 0 0 0 0.546608 0.837388
137.500000000 -2.18034 42.4959 0 0 0 0.557242 0.83035
137.600000000 -2.15686 42.5667 0 0 0 0.567786 0.823176
137.700000000 -2.13518 42.6381 0 0 0 0.578237 0.815869
137.800000000 -2.11534 42.71 0 0 0 0.588594 0.808429
137.900000000 -2.09734 42.7824 0 0 0 0.598856 0.800857
138.000000000 -2.08118 42.8552 0 0 0 0.60902 0.793155
138.100000000 -2.06689 42.9284 0 0 0 0.619085 0.785324
138.200000000 -2.05448 43.002 0 0 0 0.629049 0.777366
138.300000000 -2.04394 43.0758 0 0 0 0.638911 0.769281
138.400000000 -2.03529 43.15 0 0 0 0.648669 0.76107
138.500000000 -2.02853 43.2242 0 0 0 0.658322 0.752736
138.600000000 -2.02216 43.299 0 0 0 0.66517 0.746692
138.700000000 -2.01717 43.3739 0 0 0 0.671963 0.740585
138.800000000 -2.01354 43.4489 0 0 0 0.6787 0.734416
138.900000000 -2.01128 43.5239 0 0 0 0.68538 0.728186
139.000000000 -2.01039 43.599 0 0 0 0.692003 0.721895
139.100000000 -2.01087 43.674 0 0 0 0.698568 0.715544
139.200000000 -2.01272 43.749 0 0 0 0.705075 0.709133
139.300000000 -2.01453 43.824 0 0 0 0.709041 0.705168
139.400000000 -2.01693 43.899 0 0 0 0.712537 0.701634
139.500000000 -2.02008 43.974 0 0 0 0.716017 0.698083
139.600000000 -2.02397 44.0489 0 0 0 0.719478 0.694515
139.700000000 -2.0286 44.1238 0 0 0 0.722922 0.69093
139.800000000 -2.03398 44.1986 0 0 0 0.726348 0.687328
139.900000000 -2.0401 44.2734 0 0 0 0.729755 0.683708
140.000000000 -2.04697 44.3481 0 0 0 0.733145 0.680072
140.100000000 -2.05457 44.4227 0 0 0 0.736517 0.676419
140.200000000 -2.06292 44.4972 0 0 0 0.739871 0.672749
140.300000000 -2.07121 44.5718 0 0 0 0.741858 0.670557
140.400000000 -2.07994 44.6463 0 0 0 0.74384 0.668358
140.500000000 -2.08911 44.7207 0 0 0 0.745814 0.666154
140.600000000 -2.09873 44.7951 0 0 0 0.747783 0.663944
140.700000000 -2.10878 44.8694 0 0 0 0.749744 0.661728
140.800000000 -2.11927 44.9437 0 0 0 0.751699 0.659506
140.900000000 -2.1302 45.0179 0 0 0 0.753648 0.657278
141.000000000 -2.14157 45.0921 0 0 0 0.75559 0.655045
141.100000000 -2.15338 45.1661 0 0 0 0.757525 0.652806
141.200000000 -2.16563 45.2401 0 0 0 0.759454 0.650561
141.300000000 -2.17597 45.3144 0 0 0 0.757525 0.652806
141.400000000 -2.1856 45.3888 0 0 0 0.755139 0.655565
141.500000000 -2.19469 45.4633 0 0 0 0.752742 0.658315
141.600000000 -2.20324 45.5378 0 0 0 0.750336 0.661057
141.700000000 -2.21124 45.6124 0 0 0 0.747919 0.66379
141.800000000 -2.2187 45.687 0 0 0 0.745493 0.666514
141.900000000 -2.22561 45.7617 0 0 0 0.743056 0.669229
142.000000000 -2.23198 45.8364 0 0 0 0.74061 0.671935
142.100000000 -2.2378 45.9112 0 0 0 0.738154 0.674632
142.200000000 -2.24308 45.986 0 0 0 0.735688 0.677321
142.300000000 -2.24755 46.0609 0 0 0 0.732756 0.680491
142.400000000 -2.2511 46.1358 0 0 0 0.729364 0.684125
142.500000000 -2.25391 46.2108 0 0 0 0.725955 0.687743
142.600000000 -2.25598 46.2858 0 0 0 0.722527 0.691343
142.700000000 -2.2573 46.3608 0 0 0 0.719081 0.694926
142.800000000 -2.25787 46.4358 0 0 0 0.715617 0.698492
142.900000000 -2.2577 46.5108 0 0 0 0.712136 0.702041
143.000000000 -2.25678 46.5858 0 0 0 0.708637 0.705573
143.100000000 -2.25512 46.6608 0 0 0 0.705121 0.709087
143.200000000 -2.25271 46.7358 0 0 0 0.701587 0.712583
143.300000000 -2.25008 46.8108 0 0 0 0.698983 0.715138
143.400000000 -2.24691 46.8857 0 0 0 0.69637 0.717683
143.500000000 -2.24319 46.9606 0 0 0 0.693747 0.720219
143.600000000 -2.23893 47.0355 0 0 0 0.691115 0.722745
143.700000000 -2.23412 47.1104 0 0 0 0.688474 0.725261
143.800000000 -2.22876 47.1852 0 0 0 0.685824 0.727768
143.900000000 -2.22286 47.26 0 0 0 0.683164 0.730265
144.000000000 -2.21641 47.3347 0 0 0 0.680496 0.732752
144.100000000 -2.20941 47.4094 0 0 0 0.677818 0.73523
144.200000000 -2.20188 47.484 0 0 0 0.675131 0.737697
144.300000000 -2.19379 47.5586 0 0 0 0.672436 0.740155
144.400000000 -2.18517 47.6331 0 0 0 0.669731 0.742604
144.500000000 -2.176 47.7075 0 0 0 0.667018 0.745042
144.600000000 -2.16628 47.7819 0 0 0 0.664296 0.74747
144.700000000 -2.15865 47.8565 0 0 0 0.666505 0.745501
144.800000000 -2.15174 47.9312 0 0 0 0.66922 0.743064
144.900000000 -2.14537 48.006 0 0 0 0.671926 0.740618
145.000000000 -2.13954 48.0807 0 0 0 0.674623 0.738162
145.100000000 -2.13426 48.1556 0 0 0 0.677312 0.735696
145.200000000 -2.12953 48.2304 0 0 0 0.679991 0.73322
145.300000000 -2.12535 48.3053 0 0 0 0.682661 0.730735
145.400000000 -2.12171 48.3802 0 0 0 0.685322 0.72824
145.500000000 -2.11861 48.4552 0 0 0 0.687974 0.725735
145.600000000 -2.11607 48.5301 0 0 0 0.690617 0.72322
145.700000000 -2.11407 48.6051 0 0 0 0.693251 0.720696
145.800000000 -2.11261 48.6801 0 0 0 0.695876 0.718162
145.900000000 -2.11171 48.7551 0 0 0 0.698491 0.715619
146.000000000 -2.11135 48.8301 0 0 0 0.701097 0.713066
146.100000000 -2.11154 48.9051 0 0 0 0.703693 0.710504
146.200000000 -2.11172 48.9801 0 0 0 0.705291 0.708918
146.300000000 -2.11164 49.0551 0 0 0 0.705839 0.708372
146.400000000 -2.11169 49.1301 0 0 0 0.706387 0.707826
146.500000000 -2.11184 49.2051 0 0 0 0.706934 0.707279
146.600000000 -2.11211 49.2801 0 0 0 0.707481 0.706733
146.700000000 -2.1125 49.3551 0 0 0 0.708027 0.706185
146.800000000 -2.11301 49.4301 0 0 0 0.708573 0.705638
146.900000000 -2.11363 49.5051 0 0 0 0.709118 0.705089
147.000000000 -2.11437 49.5801 0 0 0 0.709664 0.704541
147.100000000 -2.11522 49.6551 0 0 0 0.710208 0.703992
147.200000000 -2.11619 49.7301 0 0 0 0.710752 0.703442
147.300000000 -2.11665 49.8051 0 0 0 0.710208 0.703992
147.400000000 -2.117 49.8801 0 0 0 0.709664 0.704541
147.500000000 -2.11724 49.9551 0 0 0 0.709118 0.705089
147.600000000 -2.11735 50.0301 0 0 0 0.708573 0.705638
147.700000000 -2.11736 50.1051 0 0 0 0.708027 0.706185
147.800000000 -2.11724 50.1801 0 0 0 0.707481 0.706733
147.900000000 -2.11701 50.2551 0 0 0 0.706934 0.707279
148.000000000 -2.11667 50.3301 0 0 0 0.706387 0.707826
148.100000000 -2.11621 50.4051 0 0 0 0.705839 0.708372
148.200000000 -2.11563 50.4801 0 0 0 0.705291 0.708918
148.300000000 -2.11524 50.5551 0 0 0 0.705291 0.708918
148.400000000 -2.11486 50.6301 0 0 0 0.705291 0.708918
148.500000000 -2.11447 50.7051 0 0 0 0.705291 0.708918
148.600000000 -2.11409 50.7801 0 0 0 0.705291 0.708918
148.700000000 -2.1137 50.8551 0 0 0 0.705291 0.708918
148.800000000 -2.11332 50.9301 0 0 0 0.705291 0.708918
148.900000000 -2.11293 51.0051 0 0 0 0.705291 0.708918
149.000000000 -2.11255 51.0801 0 0 0 0.705291 0.708918
149.100000000 -2.11217 51.1551 0 0 0 0.705291 0.708918
149.200000000 -2.11178 51.2301 0 0 0 0.705291 0.708918
149.300000000 -2.11437 51.3051 0 0 0 0.710539 0.703658
149.400000000 -2.11807 51.3801 0 0 0 0.715747 0.69836
149.500000000 -2.12288 51.4549 0 0 0 0.720916 0.693022
149.600000000 -2.12881 51.5297 0 0 0 0.726045 0.687647
149.700000000 -2.13561 51.6045 0 0 0 0.730729 0.682668
149.800000000 -2.14343 51.6791 0 0 0 0.735379 0.677656
149.900000000 -2.15227 51.7536 0 0 0 0.739994 0.672613
150.000000000 -2.16213 51.828 0 0 0 0.744575 0.667538
150.100000000 -2.1737 51.9021 0 0 0 0.750274 0.661127
150.200000000 -2.18654 51.9761 0 0 0 0.755918 0.654667
150.300000000 -2.19971 52.0499 0 0 0 0.759981 0.649945
150.400000000 -2.21331 52.1237 0 0 0 0.763203 0.646159
150.500000000 -2.22906 52.1971 0 0 0 0.768717 0.639589
150.600000000 -2.24607 52.2702 0 0 0 0.774176 0.632971
150.700000000 -2.26341 52.3432 0 0 0 0.778104 0.628136
150.800000000 -2.28142 52.416 0 0 0 0.781614 0.623763
150.900000000 -2.30024 52.4886 0 0 0 0.7851 0.619369
151.000000000 -2.31987 52.561 0 0 0 0.788561 0.614957
151.100000000 -2.34032 52.6332 0 0 0 0.791997 0.610525
151.200000000 -2.36205 52.705 0 0 0 0.796152 0.605096
151.300000000 -2.38476 52.7765 0 0 0 0.80027 0.599639
151.400000000 -2.40844 52.8477 0 0 0 0.804351 0.594154
151.500000000 -2.4331 52.9186 0 0 0 0.808394 0.588642
151.600000000 -2.45872 52.9891 0 0 0 0.812399 0.583101
151.700000000 -2.4853 53.0593 0 0 0 0.816367 0.577534
151.800000000 -2.51284 53.1291 0 0 0 0.820296 0.571939
151.900000000 -2.54134 53.1985 0 0 0 0.824187 0.566318
152.000000000 -2.57077 53.2675 0 0 0 0.828039 0.560671
152.100000000 -2.60115 53.3361 0 0 0 0.831853 0.554997
152.200000000 -2.63247 53.4043 0 0 0 0.835627 0.549297
152.300000000 -2.66138 53.4735 0 0 0 0.834388 0.551177
152.400000000 -2.68972 53.5429 0 0 0 0.832753 0.553644
152.500000000 -2.71765 53.6126 0 0 0 0.831111 0.556106
152.600000000 -2.74517 53.6823 0 0 0 0.829462 0.558563
152.700000000 -2.77227 53.7523 0 0 0 0.827805 0.561016
152.800000000 -2.79896 53.8224 0 0 0 0.826141 0.563463
152.900000000 -2.82523 53.8926 0 0 0 0.82447 0.565906
153.000000000 -2.85109 53.963 0 0 0 0.822792 0.568343
153.100000000 -2.87653 54.0336 0 0 0 0.821106 0.570776
153.200000000 -2.90155 54.1043 0 0 0 0.819413 0.573204
153.300000000 -2.92382 54.176 0 0 0 0.814143 0.580664
153.400000000 -2.94457 54.2481 0 0 0 0.808484 0.588518
153.500000000 -2.96392 54.3206 0 0 0 0.802749 0.596316
153.600000000 -2.98187 54.3935 0 0 0 0.79694 0.604059
153.700000000 -2.9984 54.4667 0 0 0 0.791055 0.611745
153.800000000 -3.0135 54.5403 0 0 0 0.785096 0.619374
153.900000000 -3.02719 54.6141 0 0 0 0.779064 0.626944
154.000000000 -3.03944 54.6881 0 0 0 0.772959 0.634456
154.100000000 -3.05025 54.7624 0 0 0 0.766781 0.641908
154.200000000 -3.05963 54.8369 0 0 0 0.760532 0.649301
154.300000000 -3.06822 54.9114 0 0 0 0.755307 0.655372
154.400000000 -3.07562 54.9861 0 0 0 0.750033 0.6614
154.500000000 -3.08182 55.0609 0 0 0 0.744711 0.667387
154.600000000 -3.08682 55.1358 0 0 0 0.739342 0.673331
154.700000000 -3.09062 55.2107 0 0 0 0.733924 0.679231
154.800000000 -3.09322 55.2857 0 0 0 0.72846 0.685088
154.900000000 -3.09462 55.3607 0 0 0 0.722949 0.690901
155.000000000 -3.09482 55.4358 0 0 0 0.717392 0.69667
155.100000000 -3.09381 55.5108 0 0 0 0.711789 0.702393
155.200000000 -3.09161 55.5858 0 0 0 0.70614 0.708072
155.300000000 -3.0882 55.6608 0 0 0 0.700446 0.713706
155.400000000 -3.08359 55.7357 0 0 0 0.694706 0.719293
155.500000000 -3.07778 55.8105 0 0 0 0.688923 0.724835
155.600000000 -3.06743 55.8745 0 0 0 0.675959 0.736939
155.700000000 -3.053 55.9216 0 0 0 0.656734 0.754123
155.800000000 -3.03521 55.9509 0 0 0 0.630718 0.776012
155.900000000 -3.01572 55.9575 0 0 0 0.59566 0.803237
156.000000000 -2.99674 55.9524 0 0 0 0.555413 0.831574
156.100000000 -2.97836 55.9454 0 0 0 0.513821 0.857897
156.200000000 -2.96075 55.9366 0 0 0 0.470985 0.882141
156.300000000 -2.9441 55.9261 0 0 0 0.427007 0.904248
156.400000000 -2.92855 55.9141 0 0 0 0.381994 0.924165
156.500000000 -2.91426 55.9006 0 0 0 0.336056 0.941842
156.600000000 -2.90137 55.8857 0 0 0 0.289304 0.957237
156.700000000 -2.89 55.8697 0 0 0 0.241851 0.970313
156.800000000 -2.88026 55.8526 0 0 0 0.193812 0.981039
156.900000000 -2.87225 55.8346 0 0 0 0.145304 0.989387
157.000000000 -2.86604 55.816 0 0 0 0.096443 0.995339
157.100000000 -2.8617 55.7968 0 0 0 0.0473487 0.998878
157.200000000 -2.85927 55.7773 0 0 0 -0.00186023 0.999998
157.300000000 -2.85876 55.7576 0 0 0 -0.0510647 0.998695
157.400000000 -2.86019 55.738 0 0 0 -0.100145 0.994973
157.500000000 -2.86354 55.7186 0 0 0 -0.148984 0.98884
157.600000000 -2.86878 55.6997 0 0 0 -0.197461 0.980311
157.700000000 -2.87586 55.6813 0 0 0 -0.245459 0.969407
157.800000000 -2.88471 55.6638 0 0 0 -0.292864 0.956154
157.900000000 -2.89524 55.6471 0 0 0 -0.339558 0.940585
158.000000000 -2.90735 55.6316 0 0 0 -0.38543 0.922737
158.100000000 -2.92093 55.6174 0 0 0 -0.430368 0.902654
158.200000000 -2.93584 55.6046 0 0 0 -0.474263 0.880383
158.300000000 -2.95194 55.5933 0 0 0 -0.51701 0.85598
158.400000000 -2.96907 55.5836 0 0 0 -0.558503 0.829502
158.500000000 -2.98707 55.5757 0 0 0 -0.598644 0.801015
158.600000000 -3.00576 55.5696 0 0 0 -0.637334 0.770588
158.700000000 -3.02496 55.5653 0 0 0 -0.67448 0.738293
158.800000000 -3.04448 55.563 0 0 0 -0.709992 0.704209
158.900000000 -3.06415 55.5626 0 0 0 -0.743784 0.66842
159.000000000 -3.08376 55.5641 0 0 0 -0.775774 0.631011
159.100000000 -3.10312 55.5675 0 0 0 -0.805884 0.592073
159.200000000 -3.12478 55.5482 0 0 0 -0.827373 0.561652
159.300000000 -3.1511 55.5128 0 0 0 -0.843073 0.537799
159.400000000 -3.18327 55.4632 0 0 0 -0.853992 0.520287
159.500000000 -3.21792 55.4133 0 0 0 -0.864137 0.503257
159.600000000 -3.25452 55.3649 0 0 0 0.873942 -0.48603
159.700000000 -3.29301 55.3179 0 0 0 0.883404 -0.468612
159.800000000 -3.33333 55.2725 0 0 0 0.892519 -0.451009
159.900000000 -3.37542 55.2288 0 0 0 0.901284 -0.43323
160.000000000 -3.41921 55.1867 0 0 0 0.909694 -0.41528
160.100000000 -3.46464 55.1464 0 0 0 0.917746 -0.397167
160.200000000 -3.51162 55.108 0 0 0 0.925439 -0.378898
160.300000000 -3.56807 55.0585 0 0 0 0.929455 -0.368937
160.400000000 -3.62401 55.0085 0 0 0 0.931277 -0.364312
160.500000000 -3.68044 54.9591 0 0 0 0.933077 -0.359677
160.600000000 -3.73736 54.9102 0 0 0 0.934853 -0.355034
160.700000000 -3.79477 54.8619 0 0 0 0.936607 -0.350383
160.800000000 -3.85265 54.8142 0 0 0 0.938337 -0.345722
160.900000000 -3.911 54.767 0 0 0 0.940044 -0.341053
161.000000000 -3.96999 54.7207 0 0 0 0.941942 -0.335776
161.100000000 -4.02948 54.675 0 0 0 0.94381 -0.330489
161.200000000 -4.08949 54.63 0 0 0 0.945649 -0.325191
161.300000000 -4.15 54.5856 0 0 0 0.947457 -0.319882
161.400000000 -4.211 54.5419 0 0 0 0.949236 -0.314564
161.500000000 -4.27263 54.4992 0 0 0 0.951177 -0.308645
161.600000000 -4.33073 54.4651 0 0 0 0.956123 -0.292966
161.700000000 -4.37811 54.445 0 0 0 0.963042 -0.269352
161.800000000 -4.41412 54.4384 0 0 0 0.971331 -0.237731
161.900000000 -4.43451 54.447 0 0 0 0.980568 -0.196178
162.000000000 -4.44261 54.4649 0 0 0 0.989034 -0.14769
162.100000000 -4.44891 54.4835 0 0 0 0.995103 -0.0988436
162.200000000 -4.45334 54.5027 0 0 0 0.998761 -0.049758
162.300000000 -4.45587 54.5222 0 0 0 1 -0.000551865
162.400000000 -4.45647 54.5418 0 0 0 0.998816 0.0486556
162.500000000 -4.45513 54.5615 0 0 0 0.995211 0.0977452
162.600000000 -4.45188 54.5809 0 0 0 0.989196 0.146598
162.700000000 -4.44673 54.5998 0 0 0 0.980784 0.195096
162.800000000 -4.43974 54.6182 0 0 0 0.969996 0.24312
162.900000000 -4.43098 54.6358 0 0 0 0.956858 0.290556
163.000000000 -4.42053 54.6525 0 0 0 0.941401 0.337288
163.100000000 -4.40849 54.668 0 0 0 0.923664 0.383203
163.200000000 -4.39498 54.6823 0 0 0 0.903689 0.428189
163.300000000 -4.38013 54.6952 0 0 0 0.881524 0.472138
163.400000000 -4.36409 54.7066 0 0 0 0.857224 0.514943
163.500000000 -4.347 54.7164 0 0 0 0.830847 0.556501
163.600000000 -4.32905 54.7244 0 0 0 0.802457 0.59671
163.700000000 -4.31039 54.7306 0 0 0 0.772123 0.635474
163.800000000 -4.2912 54.7349 0 0 0 0.739918 0.672697
163.900000000 -4.27169 54.7374 0 0 0 0.70592 0.708292
164.000000000 -4.25203 54.7379 0 0 0 0.670212 0.74217
164.100000000 -4.23241 54.7365 0 0 0 0.63288 0.77425
164.200000000 -4.21303 54.7331 0 0 0 0.594015 0.804454
164.300000000 -4.19146 54.7526 0 0 0 0.563647 0.826016
164.400000000 -4.16532 54.7881 0 0 0 0.539831 0.841774
164.500000000 -4.13472 54.8322 0 0 0 0.519964 0.854188
164.600000000 -4.10164 54.8765 0 0 0 0.500496 0.865739
164.700000000 -4.06659 54.9193 0 0 0 0.480772 0.876846
164.800000000 -4.02964 54.9604 0 0 0 0.460802 0.887503
164.900000000 -3.99087 54.9997 0 0 0 0.440595 0.897706
165.000000000 -3.95036 55.0373 0 0 0 0.420163 0.907449
165.100000000 -3.90818 55.0731 0 0 0 0.399515 0.916727
165.200000000 -3.86444 55.1068 0 0 0 0.378663 0.925535
165.300000000 -3.80942 55.1529 0 0 0 0.3655 0.930812
165.400000000 -3.75347 55.2029 0 0 0 0.362102 0.932139
165.500000000 -3.69754 55.2529 0 0 0 0.360002 0.932952
165.600000000 -3.64137 55.3026 0 0 0 0.3579 0.93376
165.700000000 -3.58499 55.352 0 0 0 0.355797 0.934563
165.800000000 -3.52838 55.4012 0 0 0 0.353691 0.935362
165.900000000 -3.47155 55.4502 0 0 0 0.351584 0.936156
166.000000000 -3.4145 55.4989 0 0 0 0.349475 0.936946
166.100000000 -3.35723 55.5473 0 0 0 0.347365 0.93773
166.200000000 -3.30092 55.5968 0 0 0 0.349475 0.936946
166.300000000 -3.24501 55.6469 0 0 0 0.352247 0.935907
166.400000000 -3.18941 55.6972 0 0 0 0.355015 0.934861
166.500000000 -3.1341 55.7479 0 0 0 0.35778 0.933806
166.600000000 -3.0791 55.7989 0 0 0 0.360542 0.932743
166.700000000 -3.0244 55.8502 0 0 0 0.363301 0.931672
166.800000000 -2.97 55.9018 0 0 0 0.366057 0.930592
166.900000000 -2.91591 55.9538 0 0 0 0.368809 0.929505
167.000000000 -2.86212 56.0061 0 0 0 0.371559 0.928409
167.100000000 -2.80865 56.0587 0 0 0 0.374305 0.927306
167.200000000 -2.75549 56.1116 0 0 0 0.377047 0.926194
167.300000000 -2.70264 56.1648 0 0 0 0.379787 0.925074
167.400000000 -2.65011 56.2183 0 0 0 0.382523 0.923946
167.500000000 -2.5979 56.2722 0 0 0 0.385256 0.92281
167.600000000 -2.54601 56.3263 0 0 0 0.387985 0.921666
167.700000000 -2.49381 56.3802 0 0 0 0.388698 0.921365
167.800000000 -2.4417 56.4341 0 0 0 0.38941 0.921064
167.900000000 -2.38966 56.4881 0 0 0 0.390122 0.920763
168.000000000 -2.33772 56.5422 0 0 0 0.390834 0.920461
168.100000000 -2.28585 56.5964 0 0 0 0.391546 0.920159
168.200000000 -2.23407 56.6507 0 0 0 0.392257 0.919856
168.300000000 -2.18193 56.7046 0 0 0 0.391546 0.920159
168.400000000 -2.1297 56.7584 0 0 0 0.390834 0.920461
168.500000000 -2.07739 56.8122 0 0 0 0.390122 0.920763
168.600000000 -2.025 56.8658 0 0 0 0.38941 0.921064
168.700000000 -1.97252 56.9194 0 0 0 0.388698 0.921365
168.800000000 -1.91996 56.9729 0 0 0 0.387985 0.921666
168.900000000 -1.86732 57.0263 0 0 0 0.387272 0.921965
169.000000000 -1.8146 57.0797 0 0 0 0.386559 0.922265
169.100000000 -1.76179 57.1329 0 0 0 0.385846 0.922563
169.200000000 -1.7089 57.1861 0 0 0 0.385132 0.922861
169.300000000 -1.65422 57.2375 0 0 0 0.378814 0.925473
169.400000000 -1.59868 57.2879 0 0 0 0.371928 0.928262
169.500000000 -1.54239 57.3376 0 0 0 0.365021 0.930999
169.600000000 -1.48538 57.3863 0 0 0 0.358094 0.933686
169.700000000 -1.42764 57.4343 0 0 0 0.351147 0.93632
169.800000000 -1.3692 57.4813 0 0 0 0.344181 0.938903
169.900000000 -1.31006 57.5275 0 0 0 0.337196 0.941435
170.000000000 -1.25025 57.5728 0 0 0 0.330192 0.943914
170.100000000 -1.18977 57.6173 0 0 0 0.32317 0.946341
170.200000000 -1.12863 57.6608 0 0 0 0.31613 0.948716
170.300000000 -1.06573 57.7018 0 0 0 0.304473 0.952521
170.400000000 -1.00214 57.7408 0 0 0 0.292302 0.956326
170.500000000 -0.937579 57.7782 0 0 0 0.280083 0.959976
170.600000000 -0.872084 57.8139 0 0 0 0.267818 0.963469
170.700000000 -0.8057 57.848 0 0 0 0.25551 0.966806
170.800000000 -0.738468 57.8803 0 0 0 0.24316 0.969986
170.900000000 -0.670434 57.9109 0 0 0 0.230771 0.973008
171.000000000 -0.601641 57.9398 0 0 0 0.218344 0.975872
171.100000000 -0.532135 57.9669 0 0 0 0.205882 0.978577
171.200000000 -0.464359 57.9905 0 0 0 0.191984 0.981398
171.300000000 -0.39594 58.0122 0 0 0 0.178047 0.984022
171.400000000 -0.326933 58.032 0 0 0 0.164075 0.986448
171.500000000 -0.257393 58.0498 0 0 0 0.150069 0.988675
171.600000000 -0.187377 58.0656 0 0 0 0.136034 0.990704
171.700000000 -0.11694 58.0794 0 0 0 0.121971 0.992534
171.800000000 -0.0494006 58.0907 0 0 0 0.108534 0.994093
171.900000000 0.0167664 58.0999 0 0 0 0.0954049 0.995439
172.000000000 0.0798376 58.107 0 0 0 0.0829172 0.996556
172.100000000 0.141404 58.1124 0 0 0 0.0707456 0.997494
172.200000000 0.201418 58.1161 0 0 0 0.0588928 0.998264
172.300000000 0.266332 58.1205 0 0 0 0.0505607 0.998721
172.400000000 0.327979 58.1235 0 0 0 0.0426527 0.99909
172.500000000 0.387999 58.1256 0 0 0 0.0349558 0.999389
172.600000000 0.446377 58.1267 0 0 0 0.0274708 0.999623
172.700000000 0.503097 58.1269 0 0 0 0.0201981 0.999796
172.800000000 0.558146 58.1263 0 0 0 0.0131383 0.999914
172.900000000 0.609847 58.125 0 0 0 0.00650574 0.999979
173.000000000 0.65986 58.1231 0 0 0 8.68759e-05 1
173.100000000 0.708178 58.1206 0 0 0 -0.00611803 0.999981
173.200000000 0.754797 58.1176 0 0 0 -0.0121088 0.999927
173.300000000 0.799715 58.1142 0 0 0 -0.0178851 0.99984
173.400000000 0.842929 58.1105 0 0 0 -0.023447 0.999725
173.500000000 0.884438 58.1064 0 0 0 -0.0287942 0.999585
173.600000000 0.925997 58.1033 0 0 0 -0.0304331 0.999537
173.700000000 0.967553 58.1002 0 0 0 -0.0317432 0.999496
173.800000000 1.00911 58.0972 0 0 0 -0.0327252 0.999464
173.900000000 1.05066 58.0941 0 0 0 -0.0337071 0.999432
174.000000000 1.09055 58.091 0 0 0 -0.0346497 0.9994
174.100000000 1.12876 58.088 0 0 0 -0.0355531 0.999368
174.200000000 1.16531 58.0851 0 0 0 -0.0364171 0.999337
174.300000000 1.20021 58.0824 0 0 0 -0.0366918 0.999327
174.400000000 1.23511 58.0797 0 0 0 -0.0369665 0.999317
174.500000000 1.26834 58.0772 0 0 0 -0.0372282 0.999307
174.600000000 1.29991 58.0747 0 0 0 -0.0374767 0.999298
174.700000000 1.32982 58.0724 0 0 0 -0.0377122 0.999289
174.800000000 1.35973 58.07 0 0 0 -0.0379477 0.99928
174.900000000 1.38797 58.0678 0 0 0 -0.0381701 0.999271
175.000000000 1.41622 58.0655 0 0 0 -0.0383924 0.999263
175.100000000 1.4428 58.0634 0 0 0 -0.0386017 0.999255
175.200000000 1.46772 58.0614 0 0 0 -0.038798 0.999247
175.300000000 1.49264 58.0594 0 0 0 -0.038798 0.999247
175.400000000 1.51591 58.0576 0 0 0 -0.038798 0.999247
175.500000000 1.53917 58.0558 0 0 0 -0.038798 0.999247
175.600000000 1.56077 58.0541 0 0 0 -0.038798 0.999247
175.700000000 1.58403 58.0523 0 0 0 -0.038798 0.999247
175.800000000 1.60564 58.0507 0 0 0 -0.038798 0.999247
175.900000000 1.62724 58.049 0 0 0 -0.038798 0.999247
176.000000000 1.64884 58.0473 0 0 0 -0.038798 0.999247
176.100000000 1.67044 58.0456 0 0 0 -0.038798 0.999247
176.200000000 1.69204 58.0439 0 0 0 -0.038798 0.999247
176.300000000 1.71364 58.0423 0 0 0 -0.038798 0.999247
176.400000000 1.73524 58.0406 0 0 0 -0.038798 0.999247
176.500000000 1.75685 58.0389 0 0 0 -0.038798 0.999247
176.600000000 1.77845 58.0372 0 0 0 -0.038798 0.999247
176.700000000 1.79839 58.0357 0 0 0 -0.038798 0.999247
176.800000000 1.81833 58.0341 0 0 0 -0.038798 0.999247
176.900000000 1.83993 58.0324 0 0 0 -0.038798 0.999247
177.000000000 1.85987 58.0309 0 0 0 -0.038798 0.999247
177.100000000 1.88147 58.0292 0 0 0 -0.038798 0.999247
177.200000000 1.90141 58.0277 0 0 0 -0.038798 0.999247
177.300000000 1.92135 58.0261 0 0 0 -0.038798 0.999247
177.400000000 1.94129 58.0246 0 0 0 -0.038798 0.999247
177.500000000 1.96123 58.023 0 0 0 -0.038798 0.999247
177.600000000 1.98283 58.0213 0 0 0 -0.038798 0.999247
177.700000000 2.00277 58.0198 0 0 0 -0.038798 0.999247
177.800000000 2.02271 58.0182 0 0 0 -0.038798 0.999247
177.900000000 2.04265 58.0167 0 0 0 -0.038798 0.999247
178.000000000 2.06259 58.0151 0 0 0 -0.038798 0.999247
178.100000000 2.08087 58.0137 0 0 0 -0.038798 0.999247
178.200000000 2.10081 58.0121 0 0 0 -0.038798 0.999247
178.300000000 2.12241 58.0105 0 0 0 -0.038798 0.999247
178.400000000 2.14235 58.0089 0 0 0 -0.038798 0.999247
178.500000000 2.16229 58.0074 0 0 0 -0.038798 0.999247
178.600000000 2.18057 58.0059 0 0 0 -0.038798 0.999247
178.700000000 2.20051 58.0044 0 0 0 -0.038798 0.999247
178.800000000 2.21878 58.003 0 0 0 -0.038798 0.999247
178.900000000 2.23706 58.0015 0 0 0 -0.038798 0.999247
179.000000000 2.26033 57.9997 0 0 0 -0.038798 0.999247
179.100000000 2.28193 57.9981 0 0 0 -0.038798 0.999247
179.200000000 2.30353 57.9964 0 0 0 -0.038798 0.999247
179.300000000 2.32347 57.9948 0 0 0 -0.038798 0.999247
179.400000000 2.34341 57.9933 0 0 0 -0.038798 0.999247
179.500000000 2.36169 57.9919 0 0 0 -0.038798 0.999247
179.600000000 2.38329 57.9902 0 0 0 -0.038798 0.999247
179.700000000 2.40655 57.9884 0 0 0 -0.038798 0.999247
179.800000000 2.42815 57.9867 0 0 0 -0.038798 0.999247
179.900000000 2.44975 57.985 0 0 0 -0.038798 0.999247
180.000000000 2.46969 57.9835 0 0 0 -0.038798 0.999247
180.100000000 2.4913 57.9818 0 0 0 -0.038798 0.999247
180.200000000 2.51123 57.9802 0 0 0 -0.038798 0.999247
180.300000000 2.53286 57.9788 0 0 0 -0.0381169 0.999273
180.400000000 2.55449 57.9775 0 0 0 -0.0372649 0.999305
180.500000000 2.57445 57.9763 0 0 0 -0.0364784 0.999334
180.600000000 2.59609 57.9751 0 0 0 -0.0356264 0.999365
180.700000000 2.61606 57.974 0 0 0 -0.0348398 0.999393
180.800000000 2.63603 57.9729 0 0 0 -0.0340533 0.99942
180.900000000 2.65434 57.9719 0 0 0 -0.0333323 0.999444
181.000000000 2.67598 57.9708 0 0 0 -0.0324801 0.999472
181.100000000 2.69929 57.9697 0 0 0 -0.0315624 0.999502
181.200000000 2.72094 57.9687 0 0 0 -0.0307102 0.999528
181.300000000 2.74424 57.9675 0 0 0 -0.0299766 0.999551
181.400000000 2.76589 57.9665 0 0 0 -0.0292953 0.999571
181.500000000 2.7892 57.9654 0 0 0 -0.0285616 0.999592
181.600000000 2.81084 57.9645 0 0 0 -0.0278803 0.999611
181.700000000 2.83749 57.9633 0 0 0 -0.0270417 0.999634
181.800000000 2.86247 57.9623 0 0 0 -0.0262556 0.999655
181.900000000 2.88912 57.9612 0 0 0 -0.025417 0.999677
182.000000000 2.9141 57.9603 0 0 0 -0.0246308 0.999697
182.100000000 2.94075 57.9593 0 0 0 -0.0237922 0.999717
182.200000000 2.96574 57.9584 0 0 0 -0.023006 0.999735
182.300000000 2.99239 57.9574 0 0 0 -0.0223774 0.99975
182.400000000 3.01904 57.9565 0 0 0 -0.0217487 0.999763
182.500000000 3.04402 57.9556 0 0 0 -0.0211594 0.999776
182.600000000 3.07068 57.9548 0 0 0 -0.0205307 0.999789
182.700000000 3.09733 57.9539 0 0 0 -0.0199021 0.999802
182.800000000 3.12399 57.9531 0 0 0 -0.0192734 0.999814
182.900000000 3.15064 57.9523 0 0 0 -0.0186447 0.999826
183.000000000 3.1773 57.9516 0 0 0 -0.0180161 0.999838
183.100000000 3.20396 57.9509 0 0 0 -0.0173874 0.999849
183.200000000 3.22895 57.9502 0 0 0 -0.016798 0.999859
183.300000000 3.25727 57.9495 0 0 0 -0.0163528 0.999866
183.400000000 3.28393 57.9488 0 0 0 -0.0159339 0.999873
183.500000000 3.31059 57.9481 0 0 0 -0.0155149 0.99988
183.600000000 3.33558 57.9475 0 0 0 -0.0151221 0.999886
183.700000000 3.36058 57.9469 0 0 0 -0.0147293 0.999892
183.800000000 3.38724 57.9462 0 0 0 -0.0143104 0.999898
183.900000000 3.41556 57.9456 0 0 0 -0.0138652 0.999904
184.000000000 3.44222 57.945 0 0 0 -0.0134462 0.99991
184.100000000 3.46722 57.9445 0 0 0 -0.0130534 0.999915
184.200000000 3.49388 57.944 0 0 0 -0.0126344 0.99992
184.300000000 3.52054 57.9434 0 0 0 -0.012425 0.999923
184.400000000 3.5472 57.9428 0 0 0 -0.0122156 0.999925
184.500000000 3.57386 57.9423 0 0 0 -0.0120061 0.999928
184.600000000 3.60052 57.9417 0 0 0 -0.0117967 0.99993
184.700000000 3.62718 57.9412 0 0 0 -0.0115872 0.999933
184.800000000 3.65385 57.9406 0 0 0 -0.0113778 0.999935
184.900000000 3.67884 57.9401 0 0 0 -0.0111814 0.999937
185.000000000 3.7105 57.9395 0 0 0 -0.0109327 0.99994
185.100000000 3.74216 57.9389 0 0 0 -0.010684 0.999943
185.200000000 3.77216 57.9384 0 0 0 -0.0104484 0.999945
185.300000000 3.80049 57.9379 0 0 0 -0.0102259 0.999948
185.400000000 3.82882 57.9374 0 0 0 -0.0100033 0.99995
185.500000000 3.85548 57.9369 0 0 0 -0.00979387 0.999952
185.600000000 3.88214 57.9365 0 0 0 -0.00958442 0.999954
185.700000000 3.90714 57.9361 0 0 0 -0.00938807 0.999956
185.800000000 3.9338 57.9357 0 0 0 -0.00917862 0.999958
185.900000000 3.96713 57.9352 0 0 0 -0.00891681 0.99996
186.000000000 3.9988 57.9347 0 0 0 -0.00866809 0.999962
186.100000000 4.03046 57.9343 0 0 0 -0.00841937 0.999965
186.200000000 4.06046 57.9338 0 0 0 -0.00818374 0.999967
186.300000000 4.08879 57.9335 0 0 0 -0.0079612 0.999968
186.400000000 4.11712 57.9331 0 0 0 -0.00773866 0.99997
186.500000000 4.14378 57.9328 0 0 0 -0.00752921 0.999972
186.600000000 4.17712 57.9324 0 0 0 -0.00726739 0.999974
186.700000000 4.21045 57.932 0 0 0 -0.00700558 0.999975
186.800000000 4.24211 57.9317 0 0 0 -0.00675685 0.999977
186.900000000 4.27711 57.9313 0 0 0 -0.00648195 0.999979
187.000000000 4.31044 57.931 0 0 0 -0.00622013 0.999981
187.100000000 4.34211 57.9307 0 0 0 -0.00597141 0.999982
187.200000000 4.37377 57.9304 0 0 0 -0.00572268 0.999984
187.300000000 4.40377 57.9301 0 0 0 -0.00572268 0.999984
187.400000000 4.4321 57.9297 0 0 0 -0.00572268 0.999984
187.500000000 4.46543 57.9293 0 0 0 -0.00572268 0.999984
187.600000000 4.49876 57.929 0 0 0 -0.00572268 0.999984
187.700000000 4.53043 57.9286 0 0 0 -0.00572268 0.999984
187.800000000 4.56043 57.9283 0 0 0 -0.00572268 0.999984
187.900000000 4.59043 57.9279 0 0 0 -0.00572268 0.999984
188.000000000 4.61876 57.9276 0 0 0 -0.00572268 0.999984
188.100000000 4.64542 57.9273 0 0 0 -0.00572268 0.999984
188.200000000 4.67209 57.927 0 0 0 -0.00572268 0.999984
188.300000000 4.69708 57.9267 0 0 0 -0.00572268 0.999984
188.400000000 4.72208 57.9264 0 0 0 -0.00572268 0.999984
188.500000000 4.74708 57.9261 0 0 0 -0.00572268 0.999984
188.600000000 4.77041 57.9259 0 0 0 -0.00572268 0.999984
188.700000000 4.79375 57.9256 0 0 0 -0.00572268 0.999984
188.800000000 4.81874 57.9253 0 0 0 -0.00572268 0.999984
188.900000000 4.84374 57.925 0 0 0 -0.00572268 0.999984
189.000000000 4.86707 57.9248 0 0 0 -0.00572268 0.999984
189.100000000 4.89041 57.9245 0 0 0 -0.00572268 0.999984
189.200000000 4.91374 57.9242 0 0 0 -0.00572268 0.999984
189.300000000 4.9404 57.9239 0 0 0 -0.00572268 0.999984
189.400000000 4.9654 57.9236 0 0 0 -0.00572268 0.999984
189.500000000 4.98873 57.9234 0 0 0 -0.00572268 0.999984
189.600000000 5.01206 57.9231 0 0 0 -0.00572268 0.999984
189.700000000 5.03706 57.9228 0 0 0 -0.00572268 0.999984
189.800000000 5.06206 57.9225 0 0 0 -0.00572268 0.999984
189.900000000 5.08706 57.9222 0 0 0 -0.00572268 0.999984
190.000000000 5.11206 57.9219 0 0 0 -0.00572268 0.999984
190.100000000 5.13539 57.9217 0 0 0 -0.00572268 0.999984
190.200000000 5.16205 57.9214 0 0 0 -0.00572268 0.999984
190.300000000 5.18872 57.9211 0 0 0 -0.00572268 0.999984
190.400000000 5.21538 57.9208 0 0 0 -0.00572268 0.999984
190.500000000 5.24205 57.9205 0 0 0 -0.00572268 0.999984
190.600000000 5.26871 57.9202 0 0 0 -0.00572268 0.999984
190.700000000 5.29538 57.9198 0 0 0 -0.00572268 0.999984
190.800000000 5.32038 57.9196 0 0 0 -0.00572268 0.999984
190.900000000 5.34538 57.9193 0 0 0 -0.00572268 0.999984
191.000000000 5.37204 57.919 0 0 0 -0.00572268 0.999984
191.100000000 5.39871 57.9187 0 0 0 -0.00572268 0.999984
191.200000000 5.4237 57.9184 0 0 0 -0.00572268 0.999984
191.300000000 5.4487 57.9181 0 0 0 -0.00572268 0.999984
191.400000000 5.47537 57.9178 0 0 0 -0.00572268 0.999984
191.500000000 5.50203 57.9175 0 0 0 -0.00572268 0.999984
191.600000000 5.57702 57.9215 0 0 0 0.0065391 0.999979
191.700000000 5.63465 57.9307 0 0 0 0.027576 0.99962
191.800000000 5.67569 57.9446 0 0 0 0.056509 0.998402
191.900000000 5.69779 57.9622 0 0 0 0.0941377 0.995559
192.000000000 5.69624 57.9817 0 0 0 0.142269 0.989828
192.100000000 5.68965 58.0005 0 0 0 0.191562 0.98148
192.200000000 5.68122 58.0187 0 0 0 0.240377 0.97068
192.300000000 5.6834 58.0396 0 0 0 0.28262 0.959232
192.400000000 5.68375 58.0606 0 0 0 0.324322 0.945947
192.500000000 5.68225 58.0816 0 0 0 0.365403 0.93085
192.600000000 5.67892 58.1024 0 0 0 0.405784 0.913969
192.700000000 5.6738 58.1228 0 0 0 0.445387 0.895338
192.800000000 5.66691 58.1426 0 0 0 0.484137 0.874992
192.900000000 5.6583 58.1618 0 0 0 0.52196 0.85297
193.000000000 5.64805 58.1802 0 0 0 0.558783 0.829314
193.100000000 5.63624 58.1976 0 0 0 0.594536 0.804069
193.200000000 5.62295 58.2139 0 0 0 0.62915 0.777284
193.300000000 5.61658 58.2484 0 0 0 0.654876 0.755736
193.400000000 5.6135 58.2983 0 0 0 0.673853 0.738865
193.500000000 5.6126 58.364 0 0 0 0.68654 0.727092
193.600000000 5.61393 58.439 0 0 0 0.691924 0.721971
193.700000000 5.61513 58.514 0 0 0 0.695504 0.718522
193.800000000 5.61559 58.589 0 0 0 0.699067 0.715056
193.900000000 5.61529 58.664 0 0 0 0.702613 0.711572
194.000000000 5.61452 58.739 0 0 0 0.70568 0.708531
194.100000000 5.61309 58.814 0 0 0 0.708733 0.705477
194.200000000 5.61102 58.889 0 0 0 0.711772 0.70241
194.300000000 5.60857 58.964 0 0 0 0.71433 0.699809
194.400000000 5.60557 59.0389 0 0 0 0.716878 0.697198
194.500000000 5.60202 59.1139 0 0 0 0.719417 0.694579
194.600000000 5.59397 59.1819 0 0 0 0.729174 0.684328
194.700000000 5.58229 59.231 0 0 0 0.743619 0.668604
194.800000000 5.56598 59.2671 0 0 0 0.763986 0.645233
194.900000000 5.54697 59.2829 0 0 0 0.789374 0.613913
195.000000000 5.52777 59.2786 0 0 0 0.818626 0.574326
195.100000000 5.50934 59.2709 0 0 0 0.846308 0.532694
195.200000000 5.49177 59.2613 0 0 0 0.871874 0.489731
195.300000000 5.47523 59.2501 0 0 0 0.89526 0.445543
195.400000000 5.45991 59.2372 0 0 0 0.916409 0.400242
195.500000000 5.44594 59.2229 0 0 0 0.935268 0.353941
195.600000000 5.43347 59.2073 0 0 0 0.951789 0.306754
195.700000000 5.42262 59.1905 0 0 0 0.965931 0.258801
195.800000000 5.4135 59.1727 0 0 0 0.977658 0.210202
195.900000000 5.40621 59.1541 0 0 0 0.986942 0.161076
196.000000000 5.40081 59.1349 0 0 0 0.993759 0.111548
196.100000000 5.39736 59.1152 0 0 0 0.998092 0.0617418
196.200000000 5.39589 59.0952 0 0 0 0.999931 0.0117808
196.300000000 5.39642 59.0753 0 0 0 0.99927 -0.0382096
196.400000000 5.39894 59.0554 0 0 0 0.996111 -0.0881045
196.500000000 5.40342 59.0359 0 0 0 0.990463 -0.137779
196.600000000 5.40984 59.017 0 0 0 0.982339 -0.18711
196.700000000 5.4181 58.9988 0 0 0 0.97176 -0.235972
196.800000000 5.42815 58.9815 0 0 0 0.958752 -0.284245
196.900000000 5.43987 58.9653 0 0 0 0.943347 -0.331807
197.000000000 5.45315 58.9504 0 0 0 0.925585 -0.37854
197.100000000 5.46785 58.9368 0 0 0 0.905509 -0.424327
197.200000000 5.48384 58.9248 0 0 0 0.88317 -0.469054
197.300000000 5.50094 58.9145 0 0 0 -0.858623 0.512608
197.400000000 5.51899 58.9059 0 0 0 -0.83193 0.55488
197.500000000 5.53781 58.8991 0 0 0 -0.803158 0.595766
197.600000000 5.5572 58.8943 0 0 0 -0.772379 0.635162
197.700000000 5.57699 58.8914 0 0 0 -0.739668 0.672972
197.800000000 5.59696 58.8905 0 0 0 -0.705109 0.709099
197.900000000 5.61692 58.8916 0 0 0 -0.668788 0.743453
198.000000000 5.63667 58.8947 0 0 0 -0.630795 0.775949
198.100000000 5.65601 58.8998 0 0 0 -0.591225 0.806506
198.200000000 5.6776 58.8815 0 0 0 -0.560376 0.828239
198.300000000 5.70388 58.8471 0 0 0 -0.536159 0.844117
198.400000000 5.73485 58.8031 0 0 0 -0.516238 0.856445
198.500000000 5.76808 58.7599 0 0 0 -0.496377 0.868107
198.600000000 5.80354 58.7175 0 0 0 -0.4766 0.87912
198.700000000 5.84088 58.6768 0 0 0 -0.456579 0.889683
198.800000000 5.88002 58.6378 0 0 0 -0.436324 0.899789
198.900000000 5.92089 58.6006 0 0 0 -0.415846 0.909435
199.000000000 5.9634 58.5652 0 0 0 -0.395155 0.918615
199.100000000 6.00747 58.5319 0 0 0 -0.374261 0.927324
199.200000000 6.053 58.5006 0 0 0 -0.353175 0.935557
199.300000000 6.11045 58.4575 0 0 0 -0.339872 0.940472
199.400000000 6.17109 58.4132 0 0 0 -0.328786 0.944404
199.500000000 6.23275 58.3704 0 0 0 -0.317654 0.948207
199.600000000 6.29541 58.329 0 0 0 -0.306479 0.951878
199.700000000 6.35902 58.2891 0 0 0 -0.295261 0.955417
199.800000000 6.42355 58.2507 0 0 0 -0.284002 0.958824
199.900000000 6.48897 58.2138 0 0 0 -0.272703 0.962098
200.000000000 6.55523 58.1785 0 0 0 -0.261367 0.965239
200.100000000 6.62231 58.1447 0 0 0 -0.249995 0.968247
200.200000000 6.69017 58.1126 0 0 0 -0.238589 0.971121
200.300000000 6.75876 58.082 0 0 0 -0.227149 0.97386
200.400000000 6.82805 58.0531 0 0 0 -0.215678 0.976465
200.500000000 6.89801 58.0258 0 0 0 -0.204177 0.978934
200.600000000 6.96843 57.9998 0 0 0 -0.193651 0.98107
200.700000000 7.03939 57.9752 0 0 0 -0.183103 0.983094
200.800000000 7.11083 57.9522 0 0 0 -0.172784 0.98496
200.900000000 7.18271 57.9305 0 0 0 -0.162671 0.98668
201.000000000 7.25181 57.9112 0 0 0 -0.152991 0.988228
201.100000000 7.31965 57.8937 0 0 0 -0.143521 0.989647
201.200000000 7.38458 57.8783 0 0 0 -0.134491 0.990915
201.300000000 7.44804 57.864 0 0 0 -0.126755 0.991934
201.400000000 7.50844 57.8514 0 0 0 -0.119409 0.992845
201.500000000 7.5674 57.8399 0 0 0 -0.112255 0.993679
201.600000000 7.62487 57.8297 0 0 0 -0.105295 0.994441
201.700000000 7.68083 57.8204 0 0 0 -0.0985278 0.995134
201.800000000 7.73361 57.8125 0 0 0 -0.0921549 0.995745
201.900000000 7.78484 57.8055 0 0 0 -0.0859775 0.996297
202.000000000 7.8345 57.7993 0 0 0 -0.0799963 0.996795
202.100000000 7.88257 57.7939 0 0 0 -0.0742117 0.997243
202.200000000 7.92904 57.7892 0 0 0 -0.0686241 0.997643
202.300000000 7.97714 57.7842 0 0 0 -0.0644157 0.997923
202.400000000 8.02361 57.7797 0 0 0 -0.0607273 0.998154
202.500000000 8.06844 57.7756 0 0 0 -0.0571699 0.998364
202.600000000 8.11165 57.7721 0 0 0 -0.0537435 0.998555
202.700000000 8.15321 57.7689 0 0 0 -0.0504483 0.998727
202.800000000 8.19313 57.7661 0 0 0 -0.0472844 0.998881
202.900000000 8.2314 57.7637 0 0 0 -0.0442519 0.99902
203.000000000 8.26969 57.7615 0 0 0 -0.0412189 0.99915
203.100000000 8.30632 57.7597 0 0 0 -0.0383175 0.999266
203.200000000 8.3413 57.7581 0 0 0 -0.0355477 0.999368
203.300000000 8.37462 57.7568 0 0 0 -0.0329095 0.999458
203.400000000 8.40795 57.7556 0 0 0 -0.0302711 0.999542
203.500000000 8.43962 57.7547 0 0 0 -0.0277644 0.999614
203.600000000 8.48296 57.7537 0 0 0 -0.0243339 0.999704
203.700000000 8.52463 57.753 0 0 0 -0.0210351 0.999779
203.800000000 8.59966 57.7526 0 0 0 -0.0141997 0.999899
203.900000000 8.67469 57.7532 0 0 0 -0.00736367 0.999973
204.000000000 8.74971 57.7548 0 0 0 -0.000527303 1
204.100000000 8.82469 57.7575 0 0 0 0.00630909 0.99998
204.200000000 8.89963 57.7611 0 0 0 0.0131452 0.999914
204.300000000 8.97452 57.7656 0 0 0 0.0193738 0.999812
204.400000000 9.04936 57.771 0 0 0 0.0256017 0.999672
204.500000000 9.12411 57.7773 0 0 0 0.0318286 0.999493
204.600000000 9.19879 57.7846 0 0 0 0.0380543 0.999276
204.700000000 9.27337 57.7928 0 0 0 0.0442784 0.999019
204.800000000 9.34784 57.8019 0 0 0 0.0505009 0.998724
204.900000000 9.42219 57.8119 0 0 0 0.0567214 0.99839
205.000000000 9.49641 57.8229 0 0 0 0.0629397 0.998017
205.100000000 9.57048 57.8348 0 0 0 0.0691556 0.997606
205.200000000 9.64441 57.8476 0 0 0 0.0753687 0.997156
205.300000000 9.71869 57.858 0 0 0 0.0731232 0.997323
205.400000000 9.79306 57.8678 0 0 0 0.0701713 0.997535
205.500000000 9.86748 57.8771 0 0 0 0.0672187 0.997738
205.600000000 9.94195 57.886 0 0 0 0.0643937 0.997925
205.700000000 10.0165 57.8946 0 0 0 0.0617251 0.998093
205.800000000 10.091 57.9028 0 0 0 0.0591608 0.998248
205.900000000 10.1656 57.9107 0 0 0 0.0566485 0.998394
206.000000000 10.2402 57.9182 0 0 0 0.0542404 0.998528
206.100000000 10.3149 57.9254 0 0 0 0.0518845 0.998653
206.200000000 10.3863 57.9319 0 0 0 0.0496329 0.998768
206.300000000 10.4543 57.9378 0 0 0 0.0474859 0.998872
206.400000000 10.5208 57.9433 0 0 0 0.045391 0.998969
206.500000000 10.5856 57.9484 0 0 0 0.0433483 0.99906
206.600000000 10.6471 57.953 0 0 0 0.0414102 0.999142
206.700000000 10.707 57.9568 0 0 0 0.0385766 0.999256
206.800000000 10.7602 57.9597 0 0 0 0.0356346 0.999365
206.900000000 10.8119 57.9623 0 0 0 0.0327842 0.999462
207.000000000 10.8618 57.9645 0 0 0 0.0300256 0.999549
207.100000000 10.9101 57.9663 0 0 0 0.0273586 0.999626
207.200000000 10.9568 57.9678 0 0 0 0.0247835 0.999693
207.300000000 11.0051 57.9696 0 0 0 0.0232635 0.999729
207.400000000 11.0517 57.9712 0 0 0 0.0217959 0.999762
207.500000000 11.0967 57.9726 0 0 0 0.0203806 0.999792
207.600000000 11.14 57.9738 0 0 0 0.0190177 0.999819
207.700000000 11.1833 57.9749 0 0 0 0.0176548 0.999844
207.800000000 11.225 57.9759 0 0 0 0.0163443 0.999866
207.900000000 11.265 57.9767 0 0 0 0.0150861 0.999886
208.000000000 11.3033 57.9773 0 0 0 0.0138804 0.999904
208.100000000 11.34 57.9779 0 0 0 0.012727 0.999919
208.200000000 11.375 57.9783 0 0 0 0.0116261 0.999932
208.300000000 11.41 57.9789 0 0 0 0.0110762 0.999939
208.400000000 11.4433 57.9795 0 0 0 0.0105525 0.999944
208.500000000 11.475 57.9799 0 0 0 0.0100549 0.999949
208.600000000 11.5066 57.9804 0 0 0 0.00955734 0.999954
208.700000000 11.5366 57.9808 0 0 0 0.00908597 0.999959
208.800000000 11.565 57.9811 0 0 0 0.00864078 0.999963
208.900000000 11.5933 57.9814 0 0 0 0.00819559 0.999966
209.000000000 11.62 57.9817 0 0 0 0.00777659 0.99997
209.100000000 11.645 57.9819 0 0 0 0.00738377 0.999973
209.200000000 11.67 57.9821 0 0 0 0.00699095 0.999976
209.300000000 11.6933 57.9821 0 0 0 0.00607278 0.999982
209.400000000 11.7166 57.9819 0 0 0 0.00496998 0.999988
209.500000000 11.7383 57.9817 0 0 0 0.00394594 0.999992
209.600000000 11.76 57.9815 0 0 0 0.00292189 0.999996
209.700000000 11.7833 57.9812 0 0 0 0.00181907 0.999998
209.800000000 11.805 57.9809 0 0 0 0.000795018 1
209.900000000 11.8266 57.9805 0 0 0 -0.000229033 1
210.000000000 11.8483 57.9801 0 0 0 -0.00125308 0.999999
210.100000000 11.8716 57.9796 0 0 0 -0.00235591 0.999997
210.200000000 11.8933 57.979 0 0 0 -0.00337995 0.999994
210.300000000 11.915 57.9786 0 0 0 -0.00423255 0.999991
210.400000000 11.9366 57.978 0 0 0 -0.00508514 0.999987
210.500000000 11.9583 57.9775 0 0 0 -0.00593773 0.999982
210.600000000 11.9783 57.9769 0 0 0 -0.00672473 0.999977
210.700000000 12 57.9763 0 0 0 -0.00757731 0.999971
210.800000000 12.0216 57.9756 0 0 0 -0.00842989 0.999964
210.900000000 12.0416 57.975 0 0 0 -0.00921687 0.999958
211.000000000 12.0633 57.9742 0 0 0 -0.0100694 0.999949
211.100000000 12.0849 57.9734 0 0 0 -0.010922 0.99994
211.200000000 12.1066 57.9727 0 0 0 -0.0116035 0.999933
211.300000000 12.1282 57.9719 0 0 0 -0.012285 0.999925
211.400000000 12.1499 57.9711 0 0 0 -0.0129666 0.999916
211.500000000 12.1715 57.9703 0 0 0 -0.0136481 0.999907
211.600000000 12.1932 57.9694 0 0 0 -0.0143296 0.999897
211.700000000 12.2132 57.9686 0 0 0 -0.0149587 0.999888
211.800000000 12.2348 57.9677 0 0 0 -0.0156402 0.999878
211.900000000 12.2581 57.9667 0 0 0 -0.0163741 0.999866
212.000000000 12.2798 57.9657 0 0 0 -0.0170556 0.999855
212.100000000 12.3014 57.9647 0 0 0 -0.017737 0.999843
212.200000000 12.3231 57.9636 0 0 0 -0.0184185 0.99983
212.300000000 12.3464 57.9625 0 0 0 -0.0191524 0.999817
212.400000000 12.368 57.9614 0 0 0 -0.0198338 0.999803
212.500000000 12.3896 57.9602 0 0 0 -0.0205153 0.99979
212.600000000 12.4113 57.9594 0 0 0 -0.0203451 0.999793
212.700000000 12.4329 57.9587 0 0 0 -0.0200047 0.9998
212.800000000 12.4546 57.9579 0 0 0 -0.0196643 0.999807
212.900000000 12.4763 57.9572 0 0 0 -0.019324 0.999813
213.000000000 12.4979 57.9565 0 0 0 -0.0189836 0.99982
213.100000000 12.5196 57.9558 0 0 0 -0.0186432 0.999826
213.200000000 12.5412 57.9552 0 0 0 -0.0183028 0.999832
213.300000000 12.5629 57.9545 0 0 0 -0.0179624 0.999839
213.400000000 12.5845 57.9539 0 0 0 -0.017622 0.999845
213.500000000 12.6062 57.9532 0 0 0 -0.0172816 0.999851
213.600000000 12.6279 57.9526 0 0 0 -0.0169412 0.999856
213.700000000 12.6495 57.952 0 0 0 -0.0166008 0.999862
213.800000000 12.6712 57.9514 0 0 0 -0.0162604 0.999868
213.900000000 12.6912 57.9509 0 0 0 -0.0159462 0.999873
214.000000000 12.7128 57.9504 0 0 0 -0.0156057 0.999878
214.100000000 12.7362 57.9498 0 0 0 -0.0152392 0.999884
214.200000000 12.7578 57.9493 0 0 0 -0.0148987 0.999889
214.300000000 12.7811 57.9487 0 0 0 -0.0145321 0.999894
214.400000000 12.8028 57.9482 0 0 0 -0.0141917 0.999899
214.500000000 12.8245 57.9477 0 0 0 -0.0138513 0.999904
214.600000000 12.8461 57.9473 0 0 0 -0.0135109 0.999909
214.700000000 12.8695 57.9468 0 0 0 -0.0131443 0.999914
214.800000000 12.8911 57.9464 0 0 0 -0.0128039 0.999918
214.900000000 12.9128 57.9459 0 0 0 -0.0124634 0.999922
215.000000000 12.9344 57.9455 0 0 0 -0.012123 0.999927
215.100000000 12.9561 57.9451 0 0 0 -0.0117826 0.999931
215.200000000 12.9761 57.9447 0 0 0 -0.0116255 0.999932
215.300000000 12.9961 57.9443 0 0 0 -0.0114684 0.999934
215.400000000 13.0161 57.9439 0 0 0 -0.0113113 0.999936
215.500000000 13.0344 57.9436 0 0 0 -0.0111673 0.999938
215.600000000 13.0544 57.9432 0 0 0 -0.0110103 0.999939
215.700000000 13.0728 57.9428 0 0 0 -0.0108663 0.999941
215.800000000 13.0928 57.9425 0 0 0 -0.0107092 0.999943
215.900000000 13.1144 57.9421 0 0 0 -0.010539 0.999944
216.000000000 13.1344 57.9417 0 0 0 -0.0103819 0.999946
216.100000000 13.1561 57.9413 0 0 0 -0.0102118 0.999948
216.200000000 13.1761 57.941 0 0 0 -0.0100547 0.999949
216.300000000 13.1961 57.9407 0 0 0 -0.00989758 0.999951
216.400000000 13.2144 57.9404 0 0 0 -0.00975359 0.999952
216.500000000 13.2344 57.94 0 0 0 -0.0095965 0.999954
216.600000000 13.2544 57.9397 0 0 0 -0.00943942 0.999955
216.700000000 13.2744 57.9394 0 0 0 -0.00928233 0.999957
216.800000000 13.2944 57.9391 0 0 0 -0.00912524 0.999958
216.900000000 13.3127 57.9388 0 0 0 -0.00898125 0.99996
217.000000000 13.3327 57.9385 0 0 0 -0.00882416 0.999961
217.100000000 13.3527 57.9382 0 0 0 -0.00866708 0.999962
217.200000000 13.3727 57.9379 0 0 0 -0.00850999 0.999964
217.300000000 13.3944 57.9376 0 0 0 -0.00833981 0.999965
217.400000000 13.4144 57.9374 0 0 0 -0.00818272 0.999967
217.500000000 13.4344 57.9371 0 0 0 -0.00802564 0.999968
217.600000000 13.4527 57.9369 0 0 0 -0.00788164 0.999969
217.700000000 13.4727 57.9366 0 0 0 -0.00772455 0.99997
217.800000000 13.4927 57.9364 0 0 0 -0.00756746 0.999971
217.900000000 13.511 57.9361 0 0 0 -0.00742347 0.999972
218.000000000 13.531 57.9359 0 0 0 -0.00726638 0.999974
218.100000000 13.551 57.9357 0 0 0 -0.00710929 0.999975
218.200000000 13.571 57.9355 0 0 0 -0.0069522 0.999976
218.300000000 13.591 57.9352 0 0 0 -0.00679511 0.999977
218.400000000 13.611 57.935 0 0 0 -0.00663802 0.999978
218.500000000 13.631 57.9348 0 0 0 -0.00648093 0.999979
218.600000000 13.651 57.9346 0 0 0 -0.00632385 0.99998
218.700000000 13.671 57.9344 0 0 0 -0.00616676 0.999981
218.800000000 13.6894 57.9343 0 0 0 -0.00602276 0.999982
218.900000000 13.7094 57.9341 0 0 0 -0.00586567 0.999983
219.000000000 13.7294 57.9339 0 0 0 -0.00570858 0.999984
219.100000000 13.7494 57.9338 0 0 0 -0.00555149 0.999985
219.200000000 13.7694 57.9335 0 0 0 -0.00555149 0.999985
219.300000000 13.7894 57.9333 0 0 0 -0.00555149 0.999985
219.400000000 13.8094 57.9331 0 0 0 -0.00555149 0.999985
219.500000000 13.8294 57.9329 0 0 0 -0.00555149 0.999985
219.600000000 13.8494 57.9326 0 0 0 -0.00555149 0.999985
219.700000000 13.871 57.9324 0 0 0 -0.00555149 0.999985
219.800000000 13.891 57.9322 0 0 0 -0.00555149 0.999985
219.900000000 13.911 57.932 0 0 0 -0.00555149 0.999985
220.000000000 13.9293 57.9318 0 0 0 -0.00555149 0.999985
220.100000000 13.9493 57.9315 0 0 0 -0.00555149 0.999985
220.200000000 13.9693 57.9313 0 0 0 -0.00555149 0.999985
220.300000000 13.9893 57.9311 0 0 0 -0.00555149 0.999985
220.400000000 14.0093 57.9309 0 0 0 -0.00555149 0.999985
220.500000000 14.0293 57.9307 0 0 0 -0.00555149 0.999985
220.600000000 14.0493 57.9304 0 0 0 -0.00555149 0.999985
220.700000000 14.0677 57.9302 0 0 0 -0.00555149 0.999985
220.800000000 14.0877 57.93 0 0 0 -0.00555149 0.999985
220.900000000 14.1093 57.9298 0 0 0 -0.00555149 0.999985
221.000000000 14.1293 57.9295 0 0 0 -0.00555149 0.999985
221.100000000 14.1493 57.9293 0 0 0 -0.00555149 0.999985
221.200000000 14.1677 57.9291 0 0 0 -0.00555149 0.999985
221.300000000 14.186 57.9289 0 0 0 -0.00555149 0.999985
221.400000000 14.206 57.9287 0 0 0 -0.00555149 0.999985
221.500000000 14.226 57.9285 0 0 0 -0.00555149 0.999985
221.600000000 14.246 57.9282 0 0 0 -0.00555149 0.999985
221.700000000 14.266 57.928 0 0 0 -0.00555149 0.999985
221.800000000 14.286 57.9278 0 0 0 -0.00555149 0.999985
221.900000000 14.306 57.9276 0 0 0 -0.00555149 0.999985
222.000000000 14.326 57.9274 0 0 0 -0.00555149 0.999985
222.100000000 14.3477 57.9271 0 0 0 -0.00555149 0.999985
222.200000000 14.3677 57.9269 0 0 0 -0.00555149 0.999985
222.300000000 14.3877 57.9267 0 0 0 -0.00555149 0.999985
222.400000000 14.406 57.9265 0 0 0 -0.00555149 0.999985
222.500000000 14.426 57.9262 0 0 0 -0.00555149 0.999985
222.600000000 14.446 57.926 0 0 0 -0.00555149 0.999985
222.700000000 14.466 57.9258 0 0 0 -0.00555149 0.999985
222.800000000 14.486 57.9256 0 0 0 -0.00555149 0.999985
222.900000000 14.506 57.9254 0 0 0 -0.00555149 0.999985
223.000000000 14.526 57.9251 0 0 0 -0.00555149 0.999985
223.100000000 14.546 57.9249 0 0 0 -0.00555149 0.999985
223.200000000 14.566 57.9247 0 0 0 -0.00555149 0.999985
223.300000000 14.586 57.9245 0 0 0 -0.00555149 0.999985
223.400000000 14.606 57.9242 0 0 0 -0.00555149 0.999985
223.500000000 14.626 57.924 0 0 0 -0.00555149 0.999985
223.600000000 14.6476 57.9238 0 0 0 -0.00555149 0.999985
223.700000000 14.6693 57.9235 0 0 0 -0.00555149 0.999985
223.800000000 14.6893 57.9233 0 0 0 -0.00555149 0.999985
223.900000000 14.711 57.9231 0 0 0 -0.00555149 0.999985
224.000000000 14.7326 57.9228 0 0 0 -0.00555149 0.999985
224.100000000 14.7526 57.9226 0 0 0 -0.00555149 0.999985
224.200000000 14.7793 57.9223 0 0 0 -0.00555149 0.999985
224.300000000 14.806 57.922 0 0 0 -0.00555149 0.999985
224.400000000 14.8326 57.9217 0 0 0 -0.00555149 0.999985
224.500000000 14.8576 57.9215 0 0 0 -0.00555149 0.999985
224.600000000 14.8843 57.9212 0 0 0 -0.00555149 0.999985
224.700000000 14.9093 57.9209 0 0 0 -0.00555149 0.999985
224.800000000 14.9343 57.9206 0 0 0 -0.00555149 0.999985
224.900000000 14.961 57.9203 0 0 0 -0.00555149 0.999985
225.000000000 14.986 57.92 0 0 0 -0.00555149 0.999985
225.100000000 15.0126 57.9197 0 0 0 -0.00555149 0.999985
225.200000000 15.0376 57.9195 0 0 0 -0.00555149 0.999985
225.300000000 15.0643 57.9192 0 0 0 -0.00555149 0.999985
225.400000000 15.0893 57.9189 0 0 0 -0.00555149 0.999985
225.500000000 15.1143 57.9186 0 0 0 -0.00555149 0.999985
225.600000000 15.1409 57.9183 0 0 0 -0.00555149 0.999985
225.700000000 15.1676 57.918 0 0 0 -0.00555149 0.999985
225.800000000 15.1926 57.9177 0 0 0 -0.00555149 0.999985
225.900000000 15.2159 57.9175 0 0 0 -0.00555149 0.999985
226.000000000 15.2426 57.9172 0 0 0 -0.00555149 0.999985
226.100000000 15.2693 57.9169 0 0 0 -0.00555149 0.999985
226.200000000 15.2959 57.9166 0 0 0 -0.00555149 0.999985
226.300000000 15.3226 57.9163 0 0 0 -0.00555149 0.999985
226.400000000 15.3493 57.916 0 0 0 -0.00555149 0.999985
226.500000000 15.3759 57.9157 0 0 0 -0.00555149 0.999985
226.600000000 15.4026 57.9154 0 0 0 -0.00555149 0.999985
226.700000000 15.4276 57.9151 0 0 0 -0.00555149 0.999985
226.800000000 15.4543 57.9148 0 0 0 -0.00555149 0.999985
226.900000000 15.4809 57.9145 0 0 0 -0.00555149 0.999985
227.000000000 15.5059 57.9143 0 0 0 -0.00555149 0.999985
227.100000000 15.5309 57.914 0 0 0 -0.00555149 0.999985
227.200000000 15.5576 57.9137 0 0 0 -0.00555149 0.999985
227.300000000 15.5842 57.9134 0 0 0 -0.00555149 0.999985
227.400000000 15.6109 57.9131 0 0 0 -0.00555149 0.999985
227.500000000 15.6376 57.9128 0 0 0 -0.00555149 0.999985
227.600000000 15.6626 57.9125 0 0 0 -0.00555149 0.999985
227.700000000 15.6876 57.9122 0 0 0 -0.00555149 0.999985
227.800000000 15.7142 57.9119 0 0 0 -0.00555149 0.999985
227.900000000 15.7409 57.9116 0 0 0 -0.00555149 0.999985
228.000000000 15.7659 57.9114 0 0 0 -0.00555149 0.999985
228.100000000 15.7909 57.9111 0 0 0 -0.00555149 0.999985
228.200000000 15.8159 57.9108 0 0 0 -0.00555149 0.999985
228.300000000 15.8392 57.9106 0 0 0 -0.00555149 0.999985
228.400000000 15.8659 57.9103 0 0 0 -0.00555149 0.999985
228.500000000 15.8926 57.91 0 0 0 -0.00555149 0.999985
228.600000000 15.9192 57.9097 0 0 0 -0.00555149 0.999985
228.700000000 15.9459 57.9094 0 0 0 -0.00555149 0.999985
228.800000000 15.9726 57.9091 0 0 0 -0.00555149 0.999985
228.900000000 15.9992 57.9088 0 0 0 -0.00555149 0.999985
229.000000000 16.0259 57.9085 0 0 0 -0.00555149 0.999985
229.100000000 16.0526 57.9082 0 0 0 -0.00555149 0.999985
229.200000000 16.0776 57.9079 0 0 0 -0.00555149 0.999985
229.300000000 16.1025 57.9076 0 0 0 -0.00555149 0.999985
229.400000000 16.1359 57.9073 0 0 0 -0.00555149 0.999985
229.500000000 16.1692 57.9069 0 0 0 -0.00555149 0.999985
229.600000000 16.2009 57.9065 0 0 0 -0.00555149 0.999985
229.700000000 16.2309 57.9062 0 0 0 -0.00555149 0.999985
229.800000000 16.2609 57.9059 0 0 0 -0.00555149 0.999985
229.900000000 16.2892 57.9056 0 0 0 -0.00555149 0.999985
230.000000000 16.3159 57.9053 0 0 0 -0.00555149 0.999985
230.100000000 16.3492 57.9049 0 0 0 -0.00555149 0.999985
230.200000000 16.3809 57.9045 0 0 0 -0.00555149 0.999985
230.300000000 16.4125 57.9042 0 0 0 -0.00555149 0.999985
230.400000000 16.4425 57.9039 0 0 0 -0.00555149 0.999985
230.500000000 16.4709 57.9035 0 0 0 -0.00555149 0.999985
230.600000000 16.4992 57.9032 0 0 0 -0.00555149 0.999985
230.700000000 16.5259 57.9029 0 0 0 -0.00555149 0.999985
230.800000000 16.5509 57.9027 0 0 0 -0.00555149 0.999985
230.900000000 16.5775 57.9024 0 0 0 -0.00555149 0.999985
231.000000000 16.6025 57.9021 0 0 0 -0.00555149 0.999985
231.100000000 16.6292 57.9018 0 0 0 -0.00555149 0.999985
231.200000000 16.6542 57.9015 0 0 0 -0.00555149 0.999985
231.300000000 16.6792 57.9012 0 0 0 -0.00555149 0.999985
231.400000000 16.7058 57.9009 0 0 0 -0.00555149 0.999985
231.500000000 16.7325 57.9006 0 0 0 -0.00555149 0.999985
231.600000000 16.7575 57.9004 0 0 0 -0.00555149 0.999985
231.700000000 16.7842 57.9001 0 0 0 -0.00555149 0.999985
231.800000000 16.8092 57.8998 0 0 0 -0.00555149 0.999985
231.900000000 16.8358 57.8995 0 0 0 -0.00555149 0.999985
232.000000000 16.8608 57.8992 0 0 0 -0.00555149 0.999985
232.100000000 16.8858 57.8989 0 0 0 -0.00555149 0.999985
232.200000000 16.9108 57.8987 0 0 0 -0.00555149 0.999985
232.300000000 16.9375 57.8984 0 0 0 -0.00555149 0.999985
232.400000000 16.9625 57.8981 0 0 0 -0.00555149 0.999985
232.500000000 16.9875 57.8978 0 0 0 -0.00555149 0.999985
232.600000000 17.0125 57.8975 0 0 0 -0.00555149 0.999985
232.700000000 17.0358 57.8973 0 0 0 -0.00555149 0.999985
232.800000000 17.0608 57.897 0 0 0 -0.00555149 0.999985
232.900000000 17.0858 57.8967 0 0 0 -0.00555149 0.999985
233.000000000 17.1108 57.8964 0 0 0 -0.00555149 0.999985
233.100000000 17.1342 57.8962 0 0 0 -0.00555149 0.999985
233.200000000 17.1592 57.8959 0 0 0 -0.00555149 0.999985
233.300000000 17.1841 57.8956 0 0 0 -0.00555149 0.999985
233.400000000 17.2091 57.8953 0 0 0 -0.00555149 0.999985
233.500000000 17.2325 57.8951 0 0 0 -0.00555149 0.999985
233.600000000 17.2575 57.8948 0 0 0 -0.00555149 0.999985
233.700000000 17.2808 57.8945 0 0 0 -0.00555149 0.999985
233.800000000 17.3058 57.8943 0 0 0 -0.00555149 0.999985
233.900000000 17.3308 57.894 0 0 0 -0.00555149 0.999985
234.000000000 17.3558 57.8937 0 0 0 -0.00555149 0.999985
234.100000000 17.3808 57.8934 0 0 0 -0.00555149 0.999985
234.200000000 17.4058 57.8932 0 0 0 -0.00555149 0.999985
234.300000000 17.4325 57.8929 0 0 0 -0.00555149 0.999985
234.400000000 17.4575 57.8926 0 0 0 -0.00555149 0.999985
234.500000000 17.4841 57.8923 0 0 0 -0.00555149 0.999985
234.600000000 17.5091 57.892 0 0 0 -0.00555149 0.999985
234.700000000 17.5358 57.8917 0 0 0 -0.00555149 0.999985
234.800000000 17.5608 57.8914 0 0 0 -0.00555149 0.999985
234.900000000 17.5891 57.8911 0 0 0 -0.00555149 0.999985
235.000000000 17.6158 57.8908 0 0 0 -0.00555149 0.999985
235.100000000 17.6425 57.8905 0 0 0 -0.00555149 0.999985
235.200000000 17.6675 57.8903 0 0 0 -0.00555149 0.999985
235.300000000 17.6925 57.89 0 0 0 -0.00555149 0.999985
235.400000000 17.7158 57.8897 0 0 0 -0.00555149 0.999985
235.500000000 17.7374 57.8895 0 0 0 -0.00555149 0.999985
235.600000000 17.7591 57.8892 0 0 0 -0.00555149 0.999985
235.700000000 17.7824 57.889 0 0 0 -0.00555149 0.999985
235.800000000 17.8041 57.8887 0 0 0 -0.00555149 0.999985
235.900000000 17.8274 57.8885 0 0 0 -0.00555149 0.999985
236.000000000 17.8491 57.8882 0 0 0 -0.00555149 0.999985
236.100000000 17.8724 57.888 0 0 0 -0.00555149 0.999985
236.200000000 17.8941 57.8877 0 0 0 -0.00555149 0.999985
236.300000000 17.9174 57.8875 0 0 0 -0.00555149 0.999985
236.400000000 17.9391 57.8872 0 0 0 -0.00555149 0.999985
236.500000000 17.9608 57.887 0 0 0 -0.00555149 0.999985
236.600000000 17.9874 57.8867 0 0 0 -0.00555149 0.999985
236.700000000 18.0624 57.8908 0 0 0 0.0067103 0.999977
236.800000000 18.12 57.9 0 0 0 0.0277472 0.999615
236.900000000 18.1611 57.9138 0 0 0 0.05668 0.998392
237.000000000 18.1832 57.9315 0 0 0 0.0943081 0.995543
237.100000000 18.1816 57.9509 0 0 0 0.142439 0.989804
237.200000000 18.175 57.9698 0 0 0 0.19173 0.981448
237.300000000 18.1666 57.9879 0 0 0 0.240543 0.970639
237.400000000 18.1564 58.0051 0 0 0 0.288754 0.957403
237.500000000 18.1445 58.0212 0 0 0 0.336243 0.941775
237.600000000 18.1311 58.036 0 0 0 0.382892 0.923793
237.700000000 18.1163 58.0494 0 0 0 0.428584 0.903502
237.800000000 18.1002 58.0613 0 0 0 0.473205 0.880952
237.900000000 18.083 58.0715 0 0 0 0.516643 0.856201
238.000000000 18.0648 58.0799 0 0 0 0.558789 0.82931
238.100000000 18.046 58.0865 0 0 0 0.599539 0.800346
238.200000000 18.0265 58.0911 0 0 0 0.63879 0.769381
238.300000000 18.0161 58.1175 0 0 0 0.667364 0.744732
238.400000000 18.0081 58.157 0 0 0 0.689828 0.723973
238.500000000 17.9978 58.196 0 0 0 0.711647 0.702537
238.600000000 17.9851 58.2343 0 0 0 0.7328 0.680444
238.700000000 17.97 58.2717 0 0 0 0.753267 0.657714
238.800000000 17.9527 58.3082 0 0 0 0.77303 0.634369
238.900000000 17.9332 58.3435 0 0 0 0.79207 0.610431
239.000000000 17.9117 58.3767 0 0 0 0.810611 0.585586
239.100000000 17.8879 58.4102 0 0 0 0.82791 0.560861
239.200000000 17.8621 58.4422 0 0 0 0.844456 0.535625
239.300000000 17.8317 58.4867 0 0 0 0.855705 0.517463
239.400000000 17.8016 58.5348 0 0 0 0.861196 0.508272
239.500000000 17.7664 58.5972 0 0 0 0.862054 0.506816
239.600000000 17.7329 58.6644 0 0 0 0.857675 0.514192
239.700000000 17.7006 58.7322 0 0 0 0.853233 0.52153
239.800000000 17.6695 58.8004 0 0 0 0.848728 0.52883
239.900000000 17.6395 58.8693 0 0 0 0.84416 0.536091
240.000000000 17.6108 58.9386 0 0 0 0.83953 0.543313
240.100000000 17.583 59.0083 0 0 0 0.835152 0.55002
240.200000000 17.5563 59.0784 0 0 0 0.830719 0.556692
240.300000000 17.5308 59.149 0 0 0 0.826234 0.563328
240.400000000 17.5064 59.2199 0 0 0 0.821695 0.569928
240.500000000 17.4831 59.2913 0 0 0 0.817103 0.576491
240.600000000 17.461 59.363 0 0 0 0.812459 0.583018
240.700000000 17.44 59.4351 0 0 0 0.807763 0.589507
240.800000000 17.4271 59.4985 0 0 0 0.797181 0.60374
240.900000000 17.424 59.5477 0 0 0 0.78135 0.624093
241.000000000 17.4303 59.5815 0 0 0 0.759683 0.650294
241.100000000 17.4462 59.5945 0 0 0 0.730076 0.683366
241.200000000 17.4658 59.5964 0 0 0 0.695565 0.718463
241.300000000 17.4854 59.5963 0 0 0 0.65937 0.751819
241.400000000 17.505 59.5943 0 0 0 0.621576 0.783354
241.500000000 17.5243 59.5904 0 0 0 0.582277 0.812991
241.600000000 17.5431 59.5846 0 0 0 0.541567 0.840658
241.700000000 17.5612 59.577 0 0 0 0.499545 0.866288
241.800000000 17.5785 59.5677 0 0 0 0.456312 0.88982
241.900000000 17.5948 59.5567 0 0 0 0.411974 0.911195
242.000000000 17.61 59.5441 0 0 0 0.366638 0.930364
242.100000000 17.6238 59.5302 0 0 0 0.320414 0.947278
242.200000000 17.6362 59.5149 0 0 0 0.273413 0.961897
242.300000000 17.6482 59.4995 0 0 0 0.226481 0.974016
242.400000000 17.6586 59.4831 0 0 0 0.179016 0.983846
242.500000000 17.6674 59.4657 0 0 0 0.131131 0.991365
242.600000000 17.6745 59.4476 0 0 0 0.0829381 0.996555
242.700000000 17.6797 59.4288 0 0 0 0.0345501 0.999403
242.800000000 17.6832 59.4096 0 0 0 -0.0139192 0.999903
242.900000000 17.6847 59.3902 0 0 0 -0.0623557 0.998054
243.000000000 17.6844 59.3708 0 0 0 -0.110646 0.99386
243.100000000 17.6822 59.3514 0 0 0 -0.158676 0.987331
243.200000000 17.6782 59.3324 0 0 0 -0.206333 0.978482
243.300000000 17.6959 59.3085 0 0 0 -0.242159 0.970237
243.400000000 17.7289 59.2781 0 0 0 -0.269379 0.963034
243.500000000 17.7755 59.2404 0 0 0 -0.288806 0.957388
243.600000000 17.822 59.2002 0 0 0 -0.307335 0.951601
243.700000000 17.867 59.1582 0 0 0 -0.325748 0.945457
243.800000000 17.9103 59.1145 0 0 0 -0.344039 0.938955
243.900000000 17.9519 59.0692 0 0 0 -0.3622 0.932101
244.000000000 17.9916 59.0222 0 0 0 -0.380224 0.924894
244.100000000 18.0296 58.9738 0 0 0 -0.398105 0.91734
244.200000000 18.0656 58.9239 0 0 0 -0.415836 0.90944
244.300000000 18.1115 58.8645 0 0 0 -0.425104 0.905144
244.400000000 18.1589 58.8064 0 0 0 -0.426483 0.904496
244.500000000 18.2064 58.7484 0 0 0 -0.427182 0.904166
244.600000000 18.2538 58.6902 0 0 0 -0.427881 0.903835
244.700000000 18.3011 58.632 0 0 0 -0.42858 0.903504
244.800000000 18.3483 58.5738 0 0 0 -0.429279 0.903172
244.900000000 18.3954 58.5154 0 0 0 -0.429977 0.90284
245.000000000 18.4425 58.457 0 0 0 -0.430674 0.902508
245.100000000 18.4894 58.3985 0 0 0 -0.431359 0.90218
245.200000000 18.5378 58.3412 0 0 0 -0.427459 0.904035
245.300000000 18.5867 58.2843 0 0 0 -0.423552 0.905872
245.400000000 18.6362 58.2279 0 0 0 -0.419636 0.907693
245.500000000 18.6861 58.1719 0 0 0 -0.415712 0.909496
245.600000000 18.7364 58.1163 0 0 0 -0.411781 0.911283
245.700000000 18.7873 58.0612 0 0 0 -0.407842 0.913052
245.800000000 18.8386 58.0065 0 0 0 -0.403896 0.914805
245.900000000 18.8904 57.9522 0 0 0 -0.399942 0.916541
246.000000000 18.9427 57.8984 0 0 0 -0.39598 0.918259
246.100000000 18.9954 57.8451 0 0 0 -0.392011 0.91996
246.200000000 19.0486 57.7922 0 0 0 -0.388035 0.921645
246.300000000 19.1023 57.7397 0 0 0 -0.384052 0.923312
246.400000000 19.1564 57.6878 0 0 0 -0.380061 0.924961
246.500000000 19.2109 57.6363 0 0 0 -0.376063 0.926594
246.600000000 19.2659 57.5853 0 0 0 -0.372059 0.928209
246.700000000 19.3213 57.5347 0 0 0 -0.368047 0.929807
246.800000000 19.3762 57.4836 0 0 0 -0.367328 0.930092
246.900000000 19.4212 57.4415 0 0 0 -0.367328 0.930092
247.000000000 19.465 57.4005 0 0 0 -0.367328 0.930092
247.100000000 19.5076 57.3606 0 0 0 -0.367328 0.930092
247.200000000 19.5502 57.3207 0 0 0 -0.367328 0.930092
247.300000000 19.5865 57.2864 0 0 0 -0.368058 0.929803
247.400000000 19.6215 57.253 0 0 0 -0.368764 0.929523
247.500000000 19.6553 57.2208 0 0 0 -0.369446 0.929252
247.600000000 19.6878 57.1897 0 0 0 -0.370103 0.928991
247.700000000 19.7191 57.1597 0 0 0 -0.370735 0.928739
247.800000000 19.7491 57.1309 0 0 0 -0.371343 0.928496
247.900000000 19.7803 57.1008 0 0 0 -0.371975 0.928243
248.000000000 19.8103 57.0718 0 0 0 -0.372583 0.927999
248.100000000 19.839 57.044 0 0 0 -0.373166 0.927764
248.200000000 19.8665 57.0173 0 0 0 -0.373725 0.92754
248.300000000 19.8916 56.9928 0 0 0 -0.374235 0.927334
248.400000000 19.9154 56.9696 0 0 0 -0.374721 0.927138
248.500000000 19.9404 56.9451 0 0 0 -0.375231 0.926932
248.600000000 19.963 56.9229 0 0 0 -0.375692 0.926745
248.700000000 19.9844 56.9019 0 0 0 -0.376129 0.926567
248.800000000 20.007 56.8797 0 0 0 -0.37659 0.92638
248.900000000 20.0272 56.8598 0 0 0 -0.377002 0.926212
249.000000000 20.0462 56.841 0 0 0 -0.37739 0.926054
249.100000000 20.0663 56.8211 0 0 0 -0.377802 0.925886
249.200000000 20.0877 56.8 0 0 0 -0.37802 0.925797
249.300000000 20.1067 56.7813 0 0 0 -0.378214 0.925718
249.400000000 20.128 56.7602 0 0 0 -0.378432 0.925629
249.500000000 20.147 56.7415 0 0 0 -0.378626 0.92555
249.600000000 20.1636 56.7251 0 0 0 -0.378796 0.92548
249.700000000 20.1813 56.7075 0 0 0 -0.378978 0.925406
249.800000000 20.205 56.684 0 0 0 -0.37922 0.925307
249.900000000 20.2263 56.6629 0 0 0 -0.379438 0.925217
250.000000000 20.2453 56.6441 0 0 0 -0.379632 0.925138
250.100000000 20.2654 56.6242 0 0 0 -0.379838 0.925053
250.200000000 20.2831 56.6066 0 0 0 -0.380019 0.924979
250.300000000 20.3067 56.583 0 0 0 -0.380261 0.924879
250.400000000 20.3292 56.5607 0 0 0 -0.380492 0.924784
250.500000000 20.3528 56.5372 0 0 0 -0.380734 0.924685
250.600000000 20.374 56.516 0 0 0 -0.380952 0.924595
250.700000000 20.3941 56.496 0 0 0 -0.381157 0.92451
250.800000000 20.4153 56.4747 0 0 0 -0.381375 0.92442
250.900000000 20.4341 56.4559 0 0 0 -0.381569 0.92434
251.000000000 20.4541 56.4358 0 0 0 -0.381774 0.924256
251.100000000 20.4718 56.4181 0 0 0 -0.381956 0.924181
251.200000000 20.4906 56.3993 0 0 0 -0.382149 0.924101
251.300000000 20.5071 56.3827 0 0 0 -0.382319 0.92403
251.400000000 20.5259 56.3638 0 0 0 -0.382512 0.92395
251.500000000 20.5424 56.3473 0 0 0 -0.382682 0.92388
251.600000000 20.5565 56.3331 0 0 0 -0.382827 0.92382
251.700000000 20.5799 56.3094 0 0 0 -0.383069 0.92372
251.800000000 20.6046 56.2846 0 0 0 -0.383323 0.923615
251.900000000 20.6269 56.2621 0 0 0 -0.383552 0.923519
252.000000000 20.648 56.2408 0 0 0 -0.38377 0.923429
252.100000000 20.6703 56.2183 0 0 0 -0.384 0.923333
252.200000000 20.6902 56.1981 0 0 0 -0.384205 0.923248
252.300000000 20.7089 56.1791 0 0 0 -0.384398 0.923167
252.400000000 20.7323 56.1554 0 0 0 -0.38464 0.923067
252.500000000 20.7545 56.1328 0 0 0 -0.38487 0.922971
252.600000000 20.7768 56.1103 0 0 0 -0.385099 0.922875
252.700000000 20.7975 56.0886 0 0 0 -0.386189 0.92242
252.800000000 20.8171 56.0681 0 0 0 -0.387217 0.921989
252.900000000 20.8366 56.0476 0 0 0 -0.388244 0.921556
253.000000000 20.8549 56.0282 0 0 0 -0.389211 0.921149
253.100000000 20.8721 56.01 0 0 0 -0.390117 0.920765
253.200000000 20.8892 55.9918 0 0 0 -0.391023 0.920381
253.300000000 20.9048 55.9745 0 0 0 -0.392723 0.919657
253.400000000 20.9182 55.9596 0 0 0 -0.394179 0.919034
253.500000000 20.9327 55.9434 0 0 0 -0.395755 0.918356
253.600000000 20.9448 55.9297 0 0 0 -0.397088 0.91778
253.700000000 20.9581 55.9147 0 0 0 -0.398541 0.91715
253.800000000 20.9723 55.8984 0 0 0 -0.400114 0.916465
253.900000000 20.9866 55.882 0 0 0 -0.401686 0.915777
254.000000000 20.9996 55.8669 0 0 0 -0.403136 0.91514
254.100000000 21.0138 55.8504 0 0 0 -0.404706 0.914447
254.200000000 21.0278 55.8339 0 0 0 -0.406274 0.913751
254.300000000 21.0407 55.8186 0 0 0 -0.407869 0.913041
254.400000000 21.0546 55.802 0 0 0 -0.409594 0.912268
254.500000000 21.0684 55.7853 0 0 0 -0.411318 0.911492
254.600000000 21.0811 55.7698 0 0 0 -0.412908 0.910773
254.700000000 21.0938 55.7543 0 0 0 -0.414497 0.910051
254.800000000 21.1053 55.7401 0 0 0 -0.415953 0.909386
254.900000000 21.1168 55.7258 0 0 0 -0.417407 0.90872
255.000000000 21.1293 55.7101 0 0 0 -0.418992 0.90799
255.100000000 21.1439 55.6919 0 0 0 -0.42084 0.907135
255.200000000 21.1573 55.6748 0 0 0 -0.422555 0.906337
255.300000000 21.1706 55.6577 0 0 0 -0.424427 0.905462
255.400000000 21.1828 55.6419 0 0 0 -0.426153 0.904651
255.500000000 21.1949 55.6259 0 0 0 -0.427878 0.903836
255.600000000 21.208 55.6087 0 0 0 -0.429745 0.90295
255.700000000 21.221 55.5913 0 0 0 -0.43161 0.90206
255.800000000 21.233 55.5753 0 0 0 -0.43333 0.901235
255.900000000 21.2459 55.5578 0 0 0 -0.435192 0.900338
256.000000000 21.2607 55.5377 0 0 0 -0.437337 0.899298
256.100000000 21.2744 55.5188 0 0 0 -0.439338 0.898322
256.200000000 21.2877 55.4996 0 0 0 -0.442027 0.897002
256.300000000 21.33 55.4376 0 0 0 -0.451635 0.892203
256.400000000 21.3409 55.4208 0 0 0 -0.454074 0.890964
256.500000000 21.3815 55.3576 0 0 0 -0.463617 0.886036
256.600000000 21.4207 55.2936 0 0 0 -0.473106 0.881005
256.700000000 21.4585 55.2287 0 0 0 -0.482541 0.875873
256.800000000 21.495 55.1631 0 0 0 -0.49192 0.87064
256.900000000 21.53 55.0967 0 0 0 -0.501242 0.865307
257.000000000 21.5635 55.0295 0 0 0 -0.510507 0.859874
257.100000000 21.5956 54.9616 0 0 0 -0.519713 0.854341
257.200000000 21.6263 54.8931 0 0 0 -0.528837 0.848724
257.300000000 21.6545 54.8253 0 0 0 -0.538377 0.842704
257.400000000 21.68 54.7601 0 0 0 -0.547419 0.836859
257.500000000 21.7035 54.6958 0 0 0 -0.556185 0.831059
257.600000000 21.7252 54.6326 0 0 0 -0.564678 0.825312
257.700000000 21.7445 54.5722 0 0 0 -0.572691 0.819771
257.800000000 21.7621 54.5131 0 0 0 -0.580441 0.814302
257.900000000 21.7782 54.4552 0 0 0 -0.587931 0.808911
258.000000000 21.7923 54.4002 0 0 0 -0.59496 0.803755
258.100000000 21.8051 54.3467 0 0 0 -0.601738 0.798693
258.200000000 21.8167 54.2945 0 0 0 -0.60827 0.79373
258.300000000 21.8271 54.2438 0 0 0 -0.614559 0.788871
258.400000000 21.8363 54.1946 0 0 0 -0.620608 0.784121
258.500000000 21.8445 54.1469 0 0 0 -0.626421 0.779485
258.600000000 21.8517 54.1007 0 0 0 -0.632 0.774969
258.700000000 21.8581 54.0561 0 0 0 -0.637349 0.770575
258.800000000 21.8641 54.0115 0 0 0 -0.64208 0.766638
258.900000000 21.8694 53.9684 0 0 0 -0.646613 0.762819
259.000000000 21.8739 53.927 0 0 0 -0.65095 0.759121
259.100000000 21.8779 53.8871 0 0 0 -0.655093 0.755548
259.200000000 21.8815 53.8489 0 0 0 -0.658563 0.752526
259.300000000 21.8846 53.8123 0 0 0 -0.661869 0.74962
259.400000000 21.8874 53.7757 0 0 0 -0.665162 0.746699
259.500000000 21.8897 53.7408 0 0 0 -0.668293 0.743898
259.600000000 21.8917 53.7075 0 0 0 -0.671264 0.741218
259.700000000 21.8933 53.6758 0 0 0 -0.674077 0.738661
259.800000000 21.8947 53.6441 0 0 0 -0.67688 0.736093
259.900000000 21.8958 53.6141 0 0 0 -0.679526 0.733651
260.000000000 21.8966 53.5858 0 0 0 -0.682018 0.731336
260.100000000 21.8972 53.5574 0 0 0 -0.684501 0.729012
260.200000000 21.8978 53.5308 0 0 0 -0.686511 0.727119
260.300000000 21.8982 53.5041 0 0 0 -0.688517 0.725221
260.400000000 21.8985 53.4791 0 0 0 -0.690392 0.723436
260.500000000 21.8986 53.454 0 0 0 -0.692262 0.721646
260.600000000 21.8986 53.4307 0 0 0 -0.694003 0.719972
260.700000000 21.8985 53.4073 0 0 0 -0.695741 0.718293
260.800000000 21.8983 53.3857 0 0 0 -0.697351 0.71673
260.900000000 21.898 53.364 0 0 0 -0.698957 0.715164
261.000000000 21.8976 53.3423 0 0 0 -0.70056 0.713594
261.100000000 21.8971 53.3206 0 0 0 -0.702159 0.71202
261.200000000 21.8965 53.3006 0 0 0 -0.703632 0.710565
261.300000000 21.896 53.2789 0 0 0 -0.704974 0.709233
261.400000000 21.8955 53.2589 0 0 0 -0.706096 0.708116
261.500000000 21.8949 53.2389 0 0 0 -0.707217 0.706997
261.600000000 21.8943 53.2206 0 0 0 -0.708243 0.705969
261.700000000 21.8937 53.2023 0 0 0 -0.709267 0.70494
261.800000000 21.8929 53.1823 0 0 0 -0.710383 0.703816
261.900000000 21.8922 53.1639 0 0 0 -0.711404 0.702784
262.000000000 21.8913 53.144 0 0 0 -0.712516 0.701656
262.100000000 21.8903 53.1223 0 0 0 -0.713719 0.700432
262.200000000 21.8893 53.1023 0 0 0 -0.714827 0.699301
262.300000000 21.8883 53.0823 0 0 0 -0.71571 0.698397
262.400000000 21.8873 53.0624 0 0 0 -0.716592 0.697493
262.500000000 21.8863 53.0424 0 0 0 -0.717472 0.696587
262.600000000 21.8853 53.0241 0 0 0 -0.718279 0.695756
262.700000000 21.8842 53.0058 0 0 0 -0.719084 0.694923
262.800000000 21.883 52.9858 0 0 0 -0.719961 0.694014
262.900000000 21.8818 52.9658 0 0 0 -0.720837 0.693104
263.000000000 21.8805 52.9459 0 0 0 -0.721712 0.692193
263.100000000 21.8792 52.9259 0 0 0 -0.722586 0.691281
263.200000000 21.8778 52.9059 0 0 0 -0.723459 0.690367
263.300000000 21.8763 52.8843 0 0 0 -0.724284 0.689502
263.400000000 21.8749 52.8644 0 0 0 -0.725045 0.688702
263.500000000 21.8733 52.8428 0 0 0 -0.725868 0.687834
263.600000000 21.8718 52.8228 0 0 0 -0.726627 0.687032
263.700000000 21.8702 52.8029 0 0 0 -0.727385 0.68623
263.800000000 21.8687 52.7846 0 0 0 -0.728079 0.685493
263.900000000 21.8669 52.763 0 0 0 -0.728898 0.684622
264.000000000 21.8647 52.7364 0 0 0 -0.729905 0.683548
264.100000000 21.8625 52.7115 0 0 0 -0.730848 0.68254
264.200000000 21.8602 52.6866 0 0 0 -0.731789 0.681531
264.300000000 21.8579 52.6617 0 0 0 -0.732729 0.680521
264.400000000 21.8557 52.6385 0 0 0 -0.733605 0.679576
264.500000000 21.8534 52.6152 0 0 0 -0.73448 0.678631
264.600000000 21.8509 52.5904 0 0 0 -0.735415 0.677616
264.700000000 21.8474 52.5572 0 0 0 -0.736661 0.676262
264.800000000 21.8452 52.5323 0 0 0 -0.736794 0.676117
264.900000000 21.8431 52.5074 0 0 0 -0.736794 0.676117
265.000000000 21.8411 52.4841 0 0 0 -0.736794 0.676117
265.100000000 21.8391 52.4609 0 0 0 -0.736794 0.676117
265.200000000 21.8372 52.4393 0 0 0 -0.736794 0.676117
265.300000000 21.8354 52.4177 0 0 0 -0.736679 0.676243
265.400000000 21.8338 52.3978 0 0 0 -0.736572 0.676359
265.500000000 21.8321 52.3779 0 0 0 -0.736466 0.676474
265.600000000 21.8306 52.3596 0 0 0 -0.736369 0.67658
265.700000000 21.8291 52.3413 0 0 0 -0.736271 0.676686
265.800000000 21.8275 52.3214 0 0 0 -0.736165 0.676802
265.900000000 21.8259 52.3014 0 0 0 -0.736059 0.676918
266.000000000 21.8243 52.2815 0 0 0 -0.735952 0.677033
266.100000000 21.8228 52.2632 0 0 0 -0.735855 0.677139
266.200000000 21.8212 52.2433 0 0 0 -0.735749 0.677255
266.300000000 21.8191 52.2167 0 0 0 -0.735607 0.677409
266.400000000 21.8171 52.1918 0 0 0 -0.735474 0.677553
266.500000000 21.8152 52.1669 0 0 0 -0.735341 0.677698
266.600000000 21.8131 52.1403 0 0 0 -0.735199 0.677852
266.700000000 21.8111 52.1154 0 0 0 -0.735065 0.677996
266.800000000 21.8091 52.0888 0 0 0 -0.734923 0.67815
266.900000000 21.8071 52.0638 0 0 0 -0.73479 0.678294
267.000000000 21.8051 52.0373 0 0 0 -0.734648 0.678448
267.100000000 21.8032 52.0123 0 0 0 -0.734515 0.678593
267.200000000 21.8013 51.9874 0 0 0 -0.734382 0.678737
267.300000000 21.7993 51.9625 0 0 0 -0.734382 0.678737
267.400000000 21.7973 51.9376 0 0 0 -0.734382 0.678737
267.500000000 21.7955 51.9143 0 0 0 -0.734382 0.678737
267.600000000 21.7937 51.891 0 0 0 -0.734382 0.678737
267.700000000 21.792 51.8694 0 0 0 -0.734382 0.678737
267.800000000 21.7903 51.8478 0 0 0 -0.734382 0.678737
267.900000000 21.7887 51.8279 0 0 0 -0.734382 0.678737
268.000000000 21.7871 51.808 0 0 0 -0.734382 0.678737
268.100000000 21.7856 51.788 0 0 0 -0.734382 0.678737
268.200000000 21.784 51.7681 0 0 0 -0.734382 0.678737
268.300000000 21.7824 51.7481 0 0 0 -0.734382 0.678737
268.400000000 21.7808 51.7282 0 0 0 -0.734382 0.678737
268.500000000 21.7793 51.7083 0 0 0 -0.734382 0.678737
268.600000000 21.7778 51.69 0 0 0 -0.734382 0.678737
268.700000000 21.7762 51.6701 0 0 0 -0.734382 0.678737
268.800000000 21.7747 51.6501 0 0 0 -0.734382 0.678737
268.900000000 21.7731 51.6302 0 0 0 -0.734382 0.678737
269.000000000 21.771 51.6036 0 0 0 -0.734382 0.678737
269.100000000 21.7689 51.577 0 0 0 -0.734382 0.678737
269.200000000 21.7668 51.5504 0 0 0 -0.734382 0.678737
269.300000000 21.7647 51.5238 0 0 0 -0.734382 0.678737
269.400000000 21.7626 51.4973 0 0 0 -0.734382 0.678737
269.500000000 21.7607 51.4723 0 0 0 -0.734382 0.678737
269.600000000 21.7586 51.4458 0 0 0 -0.734382 0.678737
269.700000000 21.7565 51.4192 0 0 0 -0.734382 0.678737
269.800000000 21.7544 51.3926 0 0 0 -0.734382 0.678737
269.900000000 21.7523 51.366 0 0 0 -0.734382 0.678737
270.000000000 21.7502 51.3394 0 0 0 -0.734382 0.678737
270.100000000 21.7481 51.3128 0 0 0 -0.734382 0.678737
270.200000000 21.7461 51.2879 0 0 0 -0.734382 0.678737
270.300000000 21.7441 51.263 0 0 0 -0.734382 0.678737
270.400000000 21.7423 51.2397 0 0 0 -0.734382 0.678737
270.500000000 21.7405 51.2165 0 0 0 -0.734382 0.678737
270.600000000 21.7388 51.1949 0 0 0 -0.734382 0.678737
270.700000000 21.7371 51.1733 0 0 0 -0.734382 0.678737
270.800000000 21.7368 51.1532 0 0 0 -0.732172 0.681119
270.900000000 21.7382 51.1331 0 0 0 -0.727205 0.686421
271.000000000 21.7462 51.086 0 0 0 -0.70871 0.7055
271.100000000 21.7567 51.0402 0 0 0 -0.689429 0.724353
271.200000000 21.7698 50.995 0 0 0 -0.669646 0.74268
271.300000000 21.7849 50.9473 0 0 0 -0.650574 0.759443
271.400000000 21.8024 50.8997 0 0 0 -0.631387 0.775468
271.500000000 21.8223 50.853 0 0 0 -0.611805 0.791009
271.600000000 21.8445 50.8074 0 0 0 -0.59184 0.806055
271.700000000 21.8689 50.7629 0 0 0 -0.571506 0.820598
271.800000000 21.8955 50.7197 0 0 0 -0.550815 0.834628
271.900000000 21.9243 50.6779 0 0 0 -0.529779 0.848136
272.000000000 21.9551 50.6376 0 0 0 -0.508412 0.861114
272.100000000 21.9879 50.5988 0 0 0 -0.486728 0.873554
272.200000000 22.0226 50.5618 0 0 0 -0.464739 0.885448
272.300000000 22.0657 50.5112 0 0 0 -0.44973 0.893165
272.400000000 22.1141 50.4538 0 0 0 -0.439193 0.898393
272.500000000 22.1637 50.3974 0 0 0 -0.429053 0.90328
272.600000000 22.2145 50.3422 0 0 0 -0.418858 0.908052
272.700000000 22.2666 50.2881 0 0 0 -0.408611 0.912709
272.800000000 22.3199 50.2352 0 0 0 -0.398311 0.91725
272.900000000 22.3743 50.1835 0 0 0 -0.387962 0.921675
273.000000000 22.4299 50.133 0 0 0 -0.377563 0.925984
273.100000000 22.4867 50.0838 0 0 0 -0.367116 0.930175
273.200000000 22.538 50.0362 0 0 0 -0.366605 0.930377
273.300000000 22.589 49.9883 0 0 0 -0.367116 0.930175
273.400000000 22.6388 49.9414 0 0 0 -0.367615 0.929978
273.500000000 22.6861 49.8969 0 0 0 -0.36809 0.92979
273.600000000 22.7321 49.8534 0 0 0 -0.368553 0.929607
273.700000000 22.7757 49.8121 0 0 0 -0.368991 0.929433
273.800000000 22.818 49.772 0 0 0 -0.369416 0.929264
273.900000000 22.8591 49.7329 0 0 0 -0.36983 0.929099
274.000000000 22.8989 49.695 0 0 0 -0.370231 0.92894
274.100000000 22.9375 49.6582 0 0 0 -0.37062 0.928784
274.200000000 22.9736 49.6237 0 0 0 -0.370985 0.928639
274.300000000 23.0097 49.589 0 0 0 -0.371715 0.928347
274.400000000 23.0444 49.5554 0 0 0 -0.37242 0.928064
274.500000000 23.078 49.5229 0 0 0 -0.3731 0.927791
274.600000000 23.1102 49.4916 0 0 0 -0.373756 0.927527
274.700000000 23.1413 49.4613 0 0 0 -0.374387 0.927272
274.800000000 23.1711 49.4322 0 0 0 -0.374995 0.927027
274.900000000 23.1996 49.4042 0 0 0 -0.375577 0.926791
275.000000000 23.227 49.3774 0 0 0 -0.376135 0.926565
275.100000000 23.2531 49.3516 0 0 0 -0.376669 0.926348
275.200000000 23.278 49.3271 0 0 0 -0.377178 0.926141
275.300000000 23.303 49.3025 0 0 0 -0.377433 0.926037
275.400000000 23.3268 49.2792 0 0 0 -0.377675 0.925938
275.500000000 23.3493 49.2569 0 0 0 -0.377906 0.925844
275.600000000 23.3719 49.2347 0 0 0 -0.378136 0.92575
275.700000000 23.3932 49.2136 0 0 0 -0.378354 0.925661
275.800000000 23.4134 49.1937 0 0 0 -0.37856 0.925577
275.900000000 23.4335 49.1738 0 0 0 -0.378766 0.925492
276.000000000 23.4525 49.155 0 0 0 -0.37896 0.925413
276.100000000 23.4703 49.1375 0 0 0 -0.379142 0.925339
276.200000000 23.488 49.1199 0 0 0 -0.379323 0.925264
276.300000000 23.5046 49.1034 0 0 0 -0.379493 0.925195
276.400000000 23.5212 49.087 0 0 0 -0.379663 0.925125
276.500000000 23.5365 49.0717 0 0 0 -0.37982 0.92506
276.600000000 23.5519 49.0565 0 0 0 -0.379977 0.924996
276.700000000 23.6012 49.0005 0 0 0 -0.391742 0.920075
276.800000000 23.6345 48.9535 0 0 0 -0.411379 0.911464
276.900000000 23.6528 48.9151 0 0 0 -0.437961 0.898994
277.000000000 23.6549 48.8876 0 0 0 -0.472007 0.881595
277.100000000 23.64 48.8751 0 0 0 -0.514173 0.857687
277.200000000 23.6324 48.8537 0 0 0 -0.549723 0.835347
277.300000000 23.623 48.833 0 0 0 -0.584305 0.811534
277.400000000 23.612 48.8131 0 0 0 -0.617856 0.786291
277.500000000 23.5993 48.7943 0 0 0 -0.650318 0.759662
277.600000000 23.5851 48.7766 0 0 0 -0.681634 0.731694
277.700000000 23.5694 48.7601 0 0 0 -0.711748 0.702435
277.800000000 23.5525 48.745 0 0 0 -0.740607 0.671939
277.900000000 23.5343 48.7314 0 0 0 -0.76816 0.640258
278.000000000 23.515 48.7193 0 0 0 -0.79436 0.607448
278.100000000 23.4948 48.709 0 0 0 -0.819159 0.573567
278.200000000 23.4707 48.6804 0 0 0 -0.837234 0.546844
278.300000000 23.4412 48.6373 0 0 0 -0.850229 0.526413
278.400000000 23.4068 48.5853 0 0 0 -0.860076 0.510166
278.500000000 23.37 48.533 0 0 0 0.869199 -0.494463
278.600000000 23.3313 48.4821 0 0 0 0.878035 -0.478597
278.700000000 23.2907 48.4327 0 0 0 0.886581 -0.462573
278.800000000 23.2484 48.3847 0 0 0 0.894835 -0.446397
278.900000000 23.2044 48.3383 0 0 0 0.902794 -0.430073
279.000000000 23.1587 48.2935 0 0 0 0.910455 -0.413608
279.100000000 23.1114 48.2504 0 0 0 0.917816 -0.397006
279.200000000 23.0576 48.1982 0 0 0 0.921188 -0.389118
279.300000000 23.0045 48.1452 0 0 0 0.922335 -0.38639
279.400000000 22.9512 48.0924 0 0 0 0.923203 -0.384313
279.500000000 22.8977 48.0398 0 0 0 0.924066 -0.382233
279.600000000 22.844 47.9875 0 0 0 0.924924 -0.380151
279.700000000 22.7901 47.9354 0 0 0 0.925778 -0.378067
279.800000000 22.7359 47.8835 0 0 0 0.926627 -0.375982
279.900000000 22.6815 47.8319 0 0 0 0.927471 -0.373894
280.000000000 22.6268 47.7805 0 0 0 0.928311 -0.371805
280.100000000 22.5719 47.7294 0 0 0 0.929146 -0.369714
280.200000000 22.5168 47.6785 0 0 0 0.929976 -0.367621
280.300000000 22.4623 47.627 0 0 0 0.929691 -0.36834
280.400000000 22.4079 47.5754 0 0 0 0.929406 -0.369058
280.500000000 22.3535 47.5238 0 0 0 0.92912 -0.369777
280.600000000 22.2992 47.472 0 0 0 0.928834 -0.370495
280.700000000 22.245 47.4202 0 0 0 0.928547 -0.371214
280.800000000 22.1909 47.3682 0 0 0 0.92826 -0.371932
280.900000000 22.1369 47.3162 0 0 0 0.927972 -0.372649
281.000000000 22.0829 47.2641 0 0 0 0.927684 -0.373367
281.100000000 22.029 47.212 0 0 0 0.927395 -0.374084
281.200000000 21.9752 47.1597 0 0 0 0.927105 -0.374801
281.300000000 21.9215 47.1073 0 0 0 0.926815 -0.375518
281.400000000 21.8679 47.0549 0 0 0 0.926524 -0.376235
281.500000000 21.8144 47.0024 0 0 0 0.926233 -0.376951
281.600000000 21.7609 46.9498 0 0 0 0.925941 -0.377667
281.700000000 21.7075 46.8971 0 0 0 0.925649 -0.378383
281.800000000 21.6542 46.8444 0 0 0 0.925356 -0.379099
281.900000000 21.601 46.7915 0 0 0 0.925063 -0.379814
282.000000000 21.5478 46.7386 0 0 0 0.924769 -0.38053
282.100000000 21.4948 46.6856 0 0 0 0.924474 -0.381245
282.200000000 21.4418 46.6325 0 0 0 0.924179 -0.381959
282.300000000 21.3889 46.5794 0 0 0 0.923883 -0.382674
282.400000000 21.3361 46.5261 0 0 0 0.923587 -0.383388
282.500000000 21.2833 46.4728 0 0 0 0.923291 -0.384102
282.600000000 21.2307 46.4194 0 0 0 0.922993 -0.384816
282.700000000 21.1779 46.3661 0 0 0 0.922993 -0.384816
282.800000000 21.1251 46.3128 0 0 0 0.922993 -0.384816
282.900000000 21.0723 46.2595 0 0 0 0.922993 -0.384816
283.000000000 21.0195 46.2063 0 0 0 0.922993 -0.384816
283.100000000 20.9667 46.153 0 0 0 0.922993 -0.384816
283.200000000 20.914 46.0997 0 0 0 0.922993 -0.384816
283.300000000 20.8612 46.0464 0 0 0 0.922993 -0.384816
283.400000000 20.8084 45.9931 0 0 0 0.922993 -0.384816
283.500000000 20.7556 45.9399 0 0 0 0.922993 -0.384816
283.600000000 20.7028 45.8866 0 0 0 0.922993 -0.384816
283.700000000 20.65 45.8333 0 0 0 0.922993 -0.384816
283.800000000 20.5972 45.78 0 0 0 0.922993 -0.384816
283.900000000 20.5444 45.7268 0 0 0 0.922993 -0.384816
284.000000000 20.4917 45.6735 0 0 0 0.922993 -0.384816
284.100000000 20.4389 45.6202 0 0 0 0.922993 -0.384816
284.200000000 20.3861 45.5669 0 0 0 0.922993 -0.384816
284.300000000 20.3333 45.5136 0 0 0 0.922993 -0.384816
284.400000000 20.2805 45.4604 0 0 0 0.922993 -0.384816
284.500000000 20.2277 45.4071 0 0 0 0.922993 -0.384816
284.600000000 20.1749 45.3538 0 0 0 0.922993 -0.384816
284.700000000 20.1221 45.3005 0 0 0 0.922993 -0.384816
284.800000000 20.0694 45.2473 0 0 0 0.922993 -0.384816
284.900000000 20.0166 45.194 0 0 0 0.922993 -0.384816
285.000000000 19.9638 45.1407 0 0 0 0.922993 -0.384816
285.100000000 19.911 45.0874 0 0 0 0.922993 -0.384816
285.200000000 19.8582 45.0341 0 0 0 0.922993 -0.384816
285.300000000 19.8054 44.9809 0 0 0 0.922993 -0.384816
285.400000000 19.7526 44.9276 0 0 0 0.922993 -0.384816
285.500000000 19.6998 44.8743 0 0 0 0.922993 -0.384816
285.600000000 19.6471 44.821 0 0 0 0.922993 -0.384816
285.700000000 19.5943 44.7678 0 0 0 0.922993 -0.384816
285.800000000 19.5415 44.7145 0 0 0 0.922993 -0.384816
285.900000000 19.4887 44.6612 0 0 0 0.922993 -0.384816
286.000000000 19.4359 44.6079 0 0 0 0.922993 -0.384816
286.100000000 19.3831 44.5547 0 0 0 0.922993 -0.384816
286.200000000 19.3303 44.5014 0 0 0 0.922993 -0.384816
286.300000000 19.2775 44.4481 0 0 0 0.922993 -0.384816
286.400000000 19.2248 44.3948 0 0 0 0.922993 -0.384816
286.500000000 19.173 44.3405 0 0 0 0.921583 -0.388181
286.600000000 19.1217 44.2858 0 0 0 0.920161 -0.39154
286.700000000 19.0709 44.2306 0 0 0 0.918462 -0.39551
286.800000000 19.0206 44.1749 0 0 0 0.916745 -0.399472
286.900000000 18.9708 44.1188 0 0 0 0.915012 -0.403427
287.000000000 18.9217 44.0621 0 0 0 0.912995 -0.407971
287.100000000 18.8732 44.0049 0 0 0 0.910956 -0.412505
287.200000000 18.8252 43.9473 0 0 0 0.908894 -0.417028
287.300000000 18.7737 43.8927 0 0 0 0.912437 -0.409216
287.400000000 18.7208 43.8394 0 0 0 0.91657 -0.399874
287.500000000 18.667 43.7871 0 0 0 0.920398 -0.390983
287.600000000 18.6121 43.7358 0 0 0 0.924139 -0.382056
287.700000000 18.5563 43.6856 0 0 0 0.927794 -0.373092
287.800000000 18.4996 43.6365 0 0 0 0.931362 -0.364094
287.900000000 18.4418 43.5885 0 0 0 0.934843 -0.355062
288.000000000 18.3834 43.5415 0 0 0 0.93798 -0.346689
288.100000000 18.3242 43.4954 0 0 0 0.940979 -0.338464
288.200000000 18.2642 43.4502 0 0 0 0.943783 -0.330565
288.300000000 18.2049 43.407 0 0 0 0.946461 -0.322818
288.400000000 18.1476 43.3667 0 0 0 0.948957 -0.315404
288.500000000 18.0923 43.3294 0 0 0 0.951451 -0.3078
288.600000000 18.0379 43.2937 0 0 0 0.953662 -0.30088
288.700000000 17.9845 43.2597 0 0 0 0.955768 -0.294122
288.800000000 17.92 43.2213 0 0 0 0.959018 -0.283345
288.900000000 17.8667 43.1901 0 0 0 0.960948 -0.276729
289.000000000 17.8008 43.154 0 0 0 0.964002 -0.265895
289.100000000 17.7342 43.1195 0 0 0 0.966934 -0.255028
289.200000000 17.6668 43.0864 0 0 0 0.969743 -0.244128
289.300000000 17.5988 43.0557 0 0 0 0.972777 -0.231742
289.400000000 17.5301 43.0267 0 0 0 0.975654 -0.219318
289.500000000 17.4606 42.9994 0 0 0 0.978371 -0.206858
289.600000000 17.3905 42.974 0 0 0 0.980929 -0.194365
289.700000000 17.3197 42.9503 0 0 0 0.983328 -0.18184
289.800000000 17.2484 42.9284 0 0 0 0.985567 -0.169285
289.900000000 17.1765 42.9084 0 0 0 0.987646 -0.156703
290.000000000 17.1042 42.8902 0 0 0 0.989564 -0.144096
290.100000000 17.0314 42.8739 0 0 0 0.991321 -0.131465
290.200000000 16.9582 42.8594 0 0 0 0.992917 -0.118813
290.300000000 16.8843 42.8463 0 0 0 0.994246 -0.107125
290.400000000 16.81 42.8349 0 0 0 0.995437 -0.0954222
290.500000000 16.7356 42.8253 0 0 0 0.99649 -0.0837064
290.600000000 16.6609 42.8174 0 0 0 0.997406 -0.071979
290.700000000 16.586 42.8113 0 0 0 0.998184 -0.0602416
290.800000000 16.5111 42.807 0 0 0 0.998823 -0.0484959
290.900000000 16.436 42.8044 0 0 0 0.999325 -0.0367435
291.000000000 16.3609 42.8036 0 0 0 0.999688 -0.024986
291.100000000 16.2859 42.8046 0 0 0 0.999913 -0.013225
291.200000000 16.2109 42.8029 0 0 0 0.999922 -0.0124517
291.300000000 16.1359 42.8007 0 0 0 0.999913 -0.013225
291.400000000 16.0609 42.7984 0 0 0 0.999902 -0.0139982
291.500000000 15.986 42.796 0 0 0 0.999891 -0.0147715
291.600000000 15.911 42.7935 0 0 0 0.999879 -0.0155447
291.700000000 15.8361 42.7908 0 0 0 0.999867 -0.0163179
291.800000000 15.7611 42.7881 0 0 0 0.999854 -0.0170911
291.900000000 15.6862 42.7852 0 0 0 0.99984 -0.0178634
292.000000000 15.6112 42.7822 0 0 0 0.999826 -0.0186366
292.100000000 15.5363 42.7791 0 0 0 0.999812 -0.0194097
292.200000000 15.4614 42.7759 0 0 0 0.999796 -0.0201829
292.300000000 15.3872 42.7678 0 0 0 0.999458 -0.0329309
292.400000000 15.318 42.7572 0 0 0 0.998846 -0.0480202
292.500000000 15.2502 42.7444 0 0 0 0.997979 -0.0635491
292.600000000 15.1827 42.7295 0 0 0 0.99687 -0.0790627
292.700000000 15.1139 42.7126 0 0 0 0.995605 -0.0936525
292.800000000 15.0456 42.6937 0 0 0 0.994127 -0.108222
292.900000000 14.976 42.6727 0 0 0 0.992549 -0.121843
293.000000000 14.911 42.6512 0 0 0 0.990894 -0.134647
293.100000000 14.8426 42.6266 0 0 0 0.988954 -0.148221
293.200000000 14.7749 42.6001 0 0 0 0.986829 -0.161767
293.300000000 14.7079 42.5717 0 0 0 0.984518 -0.175283
293.400000000 14.6418 42.5415 0 0 0 0.982022 -0.188766
293.500000000 14.5765 42.5096 0 0 0 0.979341 -0.202213
293.600000000 14.5121 42.4758 0 0 0 0.976477 -0.215623
293.700000000 14.4486 42.4403 0 0 0 0.973428 -0.228992
293.800000000 14.3862 42.4031 0 0 0 0.970197 -0.242317
293.900000000 14.3247 42.3642 0 0 0 0.966783 -0.255598
294.000000000 14.2653 42.3239 0 0 0 0.963061 -0.269282
294.100000000 14.2071 42.2819 0 0 0 0.959146 -0.282912
294.200000000 14.1501 42.2383 0 0 0 0.955037 -0.296485
294.300000000 14.0943 42.1931 0 0 0 0.950737 -0.309999
294.400000000 14.0399 42.1463 0 0 0 0.946245 -0.32345
294.500000000 13.9867 42.098 0 0 0 0.941563 -0.336836
294.600000000 13.935 42.0483 0 0 0 0.936692 -0.350155
294.700000000 13.8805 41.9967 0 0 0 0.933857 -0.357647
294.800000000 13.8267 41.9444 0 0 0 0.931174 -0.364575
294.900000000 13.7737 41.8913 0 0 0 0.92844 -0.371483
295.000000000 13.7215 41.8374 0 0 0 0.925654 -0.378371
295.100000000 13.67 41.7828 0 0 0 0.922817 -0.385238
295.200000000 13.6194 41.7274 0 0 0 0.91993 -0.392083
295.300000000 13.5686 41.6745 0 0 0 0.91993 -0.392083
295.400000000 13.52 41.6241 0 0 0 0.920145 -0.391577
295.500000000 13.4725 41.575 0 0 0 0.920355 -0.391083
295.600000000 13.4272 41.5284 0 0 0 0.920555 -0.390613
295.700000000 13.3831 41.483 0 0 0 0.920749 -0.390156
295.800000000 13.34 41.4388 0 0 0 0.920938 -0.389709
295.900000000 13.2993 41.3971 0 0 0 0.921116 -0.389287
296.000000000 13.2597 41.3566 0 0 0 0.921289 -0.388877
296.100000000 13.2212 41.3173 0 0 0 0.921457 -0.388479
296.200000000 13.1838 41.2792 0 0 0 0.92162 -0.388093
296.300000000 13.1476 41.2424 0 0 0 0.921777 -0.387719
296.400000000 13.1125 41.2067 0 0 0 0.92193 -0.387357
296.500000000 13.0797 41.1735 0 0 0 0.922072 -0.387019
296.600000000 13.047 41.1403 0 0 0 0.922213 -0.386681
296.700000000 13.0153 41.1083 0 0 0 0.92235 -0.386355
296.800000000 12.9848 41.0775 0 0 0 0.922481 -0.386041
296.900000000 12.9555 41.0479 0 0 0 0.922608 -0.385739
297.000000000 12.9273 41.0195 0 0 0 0.922729 -0.38545
297.100000000 12.9003 40.9924 0 0 0 0.922845 -0.385172
297.200000000 12.8744 40.9664 0 0 0 0.922956 -0.384906
297.300000000 12.8497 40.9416 0 0 0 0.923062 -0.384652
297.400000000 12.825 40.9168 0 0 0 0.923167 -0.384398
297.500000000 12.8014 40.8932 0 0 0 0.923268 -0.384157
297.600000000 12.779 40.8708 0 0 0 0.923363 -0.383927
297.700000000 12.7566 40.8484 0 0 0 0.923459 -0.383697
297.800000000 12.7354 40.8273 0 0 0 0.923549 -0.38348
297.900000000 12.7153 40.8072 0 0 0 0.923635 -0.383274
298.000000000 12.6952 40.7872 0 0 0 0.92372 -0.383069
298.100000000 12.6763 40.7684 0 0 0 0.9238 -0.382875
298.200000000 12.6586 40.7508 0 0 0 0.923875 -0.382694
298.300000000 12.6409 40.7331 0 0 0 0.923875 -0.382694
298.400000000 12.6244 40.7166 0 0 0 0.923875 -0.382694
298.500000000 12.6079 40.7001 0 0 0 0.923875 -0.382694
298.600000000 12.5926 40.6848 0 0 0 0.923875 -0.382694
298.700000000 12.5773 40.6695 0 0 0 0.923875 -0.382694
298.800000000 12.562 40.6542 0 0 0 0.923875 -0.382694
298.900000000 12.5478 40.64 0 0 0 0.923875 -0.382694
299.000000000 12.5325 40.6247 0 0 0 0.923875 -0.382694
299.100000000 12.5172 40.6094 0 0 0 0.923875 -0.382694
299.200000000 12.5031 40.5952 0 0 0 0.923875 -0.382694
299.300000000 12.4877 40.5799 0 0 0 0.923875 -0.382694
299.400000000 12.4724 40.5646 0 0 0 0.923875 -0.382694
299.500000000 12.4559 40.5481 0 0 0 0.923875 -0.382694
299.600000000 12.4406 40.5328 0 0 0 0.923875 -0.382694
299.700000000 12.4253 40.5175 0 0 0 0.923875 -0.382694
299.800000000 12.4088 40.501 0 0 0 0.923875 -0.382694
299.900000000 12.3935 40.4856 0 0 0 0.923875 -0.382694
300.000000000 12.3781 40.4703 0 0 0 0.923875 -0.382694
300.100000000 12.3616 40.4538 0 0 0 0.923875 -0.382694
300.200000000 12.3463 40.4385 0 0 0 0.923875 -0.382694
300.300000000 12.331 40.4232 0 0 0 0.923875 -0.382694
300.400000000 12.3169 40.409 0 0 0 0.923875 -0.382694
300.500000000 12.3015 40.3937 0 0 0 0.923875 -0.382694
300.600000000 12.2862 40.3784 0 0 0 0.923875 -0.382694
300.700000000 12.2367 40.3219 0 0 0 0.919113 -0.393993
300.800000000 12.203 40.2743 0 0 0 0.910621 -0.413243
300.900000000 12.1842 40.2353 0 0 0 0.898273 -0.439437
301.000000000 12.1791 40.2051 0 0 0 0.881739 -0.471737
301.100000000 12.1777 40.1761 0 0 0 -0.863561 0.504245
301.200000000 12.1784 40.1471 0 0 0 -0.844184 0.536053
301.300000000 12.1789 40.115 0 0 0 -0.824708 0.565558
301.400000000 12.1817 40.0831 0 0 0 -0.804202 0.594357
301.500000000 12.1868 40.0514 0 0 0 -0.78269 0.622412
301.600000000 12.1941 40.0202 0 0 0 -0.7602 0.64969
301.700000000 12.2035 39.9895 0 0 0 -0.736759 0.676155
301.800000000 12.2152 39.9596 0 0 0 -0.712398 0.701776
301.900000000 12.2289 39.9306 0 0 0 -0.687147 0.726519
302.000000000 12.2446 39.9027 0 0 0 -0.661036 0.750354
302.100000000 12.2622 39.8759 0 0 0 -0.6341 0.773251
302.200000000 12.2818 39.8331 0 0 0 -0.613019 0.790068
302.300000000 12.3045 39.7751 0 0 0 -0.597899 0.801571
302.400000000 12.3295 39.7171 0 0 0 -0.582903 0.812542
302.500000000 12.3566 39.6601 0 0 0 -0.567705 0.823232
302.600000000 12.3858 39.6041 0 0 0 -0.552312 0.833638
302.700000000 12.4173 39.5484 0 0 0 -0.537082 0.84353
302.800000000 12.4508 39.4939 0 0 0 -0.521675 0.853144
302.900000000 12.4862 39.4407 0 0 0 -0.506096 0.862477
303.000000000 12.523 39.3904 0 0 0 -0.48962 0.871936
303.100000000 12.5638 39.3357 0 0 0 -0.475608 0.879657
303.200000000 12.6081 39.2751 0 0 0 -0.467116 0.884196
303.300000000 12.6513 39.2179 0 0 0 -0.459492 0.888182
303.400000000 12.6945 39.1627 0 0 0 -0.452013 0.892011
303.500000000 12.7364 39.1109 0 0 0 -0.44486 0.8956
303.600000000 12.7782 39.061 0 0 0 -0.437859 0.899044
303.700000000 12.8196 39.013 0 0 0 -0.431011 0.902347
303.800000000 12.8596 38.9682 0 0 0 -0.424501 0.905427
303.900000000 12.899 38.9251 0 0 0 -0.418151 0.908378
304.000000000 12.9379 38.8839 0 0 0 -0.411962 0.911201
304.100000000 12.9762 38.8443 0 0 0 -0.405937 0.913901
304.200000000 13.0139 38.8065 0 0 0 -0.400078 0.916481
304.300000000 13.0484 38.7704 0 0 0 -0.398274 0.917266
304.400000000 13.0819 38.7355 0 0 0 -0.396879 0.917871
304.500000000 13.1143 38.7019 0 0 0 -0.395531 0.918453
304.600000000 13.1456 38.6696 0 0 0 -0.394231 0.919012
304.700000000 13.177 38.6373 0 0 0 -0.392929 0.919569
304.800000000 13.2074 38.6064 0 0 0 -0.391675 0.920103
304.900000000 13.2366 38.5767 0 0 0 -0.390469 0.920616
305.000000000 13.2648 38.5483 0 0 0 -0.38931 0.921107
305.100000000 13.2918 38.5212 0 0 0 -0.388199 0.921575
305.200000000 13.3178 38.4953 0 0 0 -0.387136 0.922023
305.300000000 13.3436 38.4692 0 0 0 -0.386871 0.922134
305.400000000 13.3682 38.4443 0 0 0 -0.386617 0.92224
305.500000000 13.3916 38.4206 0 0 0 -0.386376 0.922342
305.600000000 13.4139 38.3981 0 0 0 -0.386146 0.922438
305.700000000 13.4362 38.3756 0 0 0 -0.385917 0.922534
305.800000000 13.4573 38.3543 0 0 0 -0.385699 0.922625
305.900000000 13.4773 38.3342 0 0 0 -0.385494 0.92271
306.000000000 13.4972 38.3141 0 0 0 -0.385289 0.922796
306.100000000 13.5161 38.2952 0 0 0 -0.385095 0.922877
306.200000000 13.5349 38.2763 0 0 0 -0.384902 0.922957
306.300000000 13.5525 38.2586 0 0 0 -0.384721 0.923033
306.400000000 13.5702 38.2409 0 0 0 -0.384539 0.923109
306.500000000 13.5867 38.2244 0 0 0 -0.38437 0.923179
306.600000000 13.6032 38.2079 0 0 0 -0.384201 0.923249
306.700000000 13.6184 38.1925 0 0 0 -0.384201 0.923249
306.800000000 13.6337 38.1771 0 0 0 -0.384201 0.923249
306.900000000 13.6478 38.1629 0 0 0 -0.384201 0.923249
307.000000000 13.6619 38.1487 0 0 0 -0.384201 0.923249
307.100000000 13.6748 38.1357 0 0 0 -0.384201 0.923249
307.200000000 13.6889 38.1215 0 0 0 -0.384201 0.923249
307.300000000 13.703 38.1074 0 0 0 -0.384201 0.923249
307.400000000 13.7171 38.0932 0 0 0 -0.384201 0.923249
307.500000000 13.7324 38.0778 0 0 0 -0.384201 0.923249
307.600000000 13.7465 38.0636 0 0 0 -0.384201 0.923249
307.700000000 13.7606 38.0494 0 0 0 -0.384201 0.923249
307.800000000 13.7735 38.0364 0 0 0 -0.384201 0.923249
307.900000000 13.7864 38.0234 0 0 0 -0.384201 0.923249
308.000000000 13.8005 38.0092 0 0 0 -0.384201 0.923249
308.100000000 13.8158 37.9938 0 0 0 -0.384201 0.923249
308.200000000 13.831 37.9785 0 0 0 -0.384201 0.923249
308.300000000 13.8451 37.9643 0 0 0 -0.384201 0.923249
308.400000000 13.8592 37.9501 0 0 0 -0.384201 0.923249
308.500000000 13.8745 37.9347 0 0 0 -0.384201 0.923249
308.600000000 13.8886 37.9205 0 0 0 -0.384201 0.923249
308.700000000 13.9027 37.9064 0 0 0 -0.384201 0.923249
308.800000000 13.9156 37.8933 0 0 0 -0.384201 0.923249
308.900000000 13.9309 37.878 0 0 0 -0.384201 0.923249
309.000000000 13.945 37.8638 0 0 0 -0.384201 0.923249
309.100000000 13.9602 37.8484 0 0 0 -0.384201 0.923249
309.200000000 13.9755 37.833 0 0 0 -0.384201 0.923249
309.300000000 13.9896 37.8189 0 0 0 -0.384201 0.923249
309.400000000 14.0037 37.8047 0 0 0 -0.384201 0.923249
309.500000000 14.019 37.7893 0 0 0 -0.384201 0.923249
309.600000000 14.0331 37.7751 0 0 0 -0.384201 0.923249
309.700000000 14.0472 37.7609 0 0 0 -0.384201 0.923249
309.800000000 14.0601 37.7479 0 0 0 -0.384201 0.923249
309.900000000 14.073 37.7349 0 0 0 -0.384201 0.923249
310.000000000 14.0871 37.7207 0 0 0 -0.384201 0.923249
310.100000000 14.1012 37.7065 0 0 0 -0.384201 0.923249
310.200000000 14.1165 37.6912 0 0 0 -0.384201 0.923249
310.300000000 14.1306 37.677 0 0 0 -0.384201 0.923249
310.400000000 14.1447 37.6628 0 0 0 -0.384201 0.923249
310.500000000 14.1599 37.6474 0 0 0 -0.384201 0.923249
310.600000000 14.174 37.6332 0 0 0 -0.384201 0.923249
310.700000000 14.1881 37.619 0 0 0 -0.384201 0.923249
310.800000000 14.201 37.606 0 0 0 -0.384201 0.923249
310.900000000 14.214 37.593 0 0 0 -0.384201 0.923249
311.000000000 14.2281 37.5788 0 0 0 -0.384201 0.923249
311.100000000 14.2422 37.5646 0 0 0 -0.384201 0.923249
311.200000000 14.2551 37.5516 0 0 0 -0.384201 0.923249
311.300000000 14.2692 37.5374 0 0 0 -0.384201 0.923249
311.400000000 14.2833 37.5233 0 0 0 -0.384201 0.923249
311.500000000 14.2985 37.5079 0 0 0 -0.384201 0.923249
311.600000000 14.3126 37.4937 0 0 0 -0.384201 0.923249
311.700000000 14.3267 37.4795 0 0 0 -0.384201 0.923249
311.800000000 14.3408 37.4653 0 0 0 -0.384201 0.923249
311.900000000 14.3561 37.45 0 0 0 -0.384201 0.923249
312.000000000 14.3702 37.4358 0 0 0 -0.384201 0.923249
312.100000000 14.3843 37.4216 0 0 0 -0.384201 0.923249
312.200000000 14.3972 37.4086 0 0 0 -0.384201 0.923249
312.300000000 14.4101 37.3956 0 0 0 -0.384201 0.923249
312.400000000 14.4242 37.3814 0 0 0 -0.384201 0.923249
312.500000000 14.4383 37.3672 0 0 0 -0.384201 0.923249
312.600000000 14.4536 37.3518 0 0 0 -0.384201 0.923249
312.700000000 14.4677 37.3376 0 0 0 -0.384201 0.923249
312.800000000 14.4818 37.3234 0 0 0 -0.384201 0.923249
312.900000000 14.497 37.3081 0 0 0 -0.384201 0.923249
313.000000000 14.5111 37.2939 0 0 0 -0.384201 0.923249
313.100000000 14.5252 37.2797 0 0 0 -0.384201 0.923249
313.200000000 14.5382 37.2667 0 0 0 -0.384201 0.923249
313.300000000 14.5523 37.2525 0 0 0 -0.384201 0.923249
313.400000000 14.5663 37.2383 0 0 0 -0.384201 0.923249
313.500000000 14.5816 37.2229 0 0 0 -0.384201 0.923249
313.600000000 14.5969 37.2076 0 0 0 -0.384201 0.923249
313.700000000 14.611 37.1934 0 0 0 -0.384201 0.923249
313.800000000 14.6251 37.1792 0 0 0 -0.384201 0.923249
313.900000000 14.6404 37.1638 0 0 0 -0.384201 0.923249
314.000000000 14.6544 37.1496 0 0 0 -0.384201 0.923249
314.100000000 14.6685 37.1354 0 0 0 -0.384201 0.923249
314.200000000 14.6815 37.1224 0 0 0 -0.384201 0.923249
314.300000000 14.6944 37.1094 0 0 0 -0.384201 0.923249
314.400000000 14.7085 37.0952 0 0 0 -0.384201 0.923249
314.500000000 14.7226 37.0811 0 0 0 -0.384201 0.923249
314.600000000 14.7378 37.0657 0 0 0 -0.384201 0.923249
314.700000000 14.7519 37.0515 0 0 0 -0.384201 0.923249
314.800000000 14.766 37.0373 0 0 0 -0.384201 0.923249
314.900000000 14.7813 37.0219 0 0 0 -0.384201 0.923249
315.000000000 14.7954 37.0077 0 0 0 -0.384201 0.923249
315.100000000 14.8095 36.9936 0 0 0 -0.384201 0.923249
315.200000000 14.8224 36.9805 0 0 0 -0.384201 0.923249
315.300000000 14.8353 36.9675 0 0 0 -0.384201 0.923249
315.400000000 14.8494 36.9534 0 0 0 -0.384201 0.923249
315.500000000 14.8647 36.938 0 0 0 -0.384201 0.923249
315.600000000 14.88 36.9226 0 0 0 -0.384201 0.923249
315.700000000 14.8941 36.9084 0 0 0 -0.384201 0.923249
315.800000000 14.9082 36.8942 0 0 0 -0.384201 0.923249
315.900000000 14.9211 36.8812 0 0 0 -0.384201 0.923249
316.000000000 14.9352 36.867 0 0 0 -0.384201 0.923249
316.100000000 14.9493 36.8529 0 0 0 -0.384201 0.923249
316.200000000 14.9622 36.8398 0 0 0 -0.384201 0.923249
316.300000000 14.9775 36.8245 0 0 0 -0.384201 0.923249
316.400000000 14.9916 36.8103 0 0 0 -0.384201 0.923249
316.500000000 15.0057 36.7961 0 0 0 -0.384201 0.923249
316.600000000 15.0198 36.7819 0 0 0 -0.384201 0.923249
316.700000000 15.0339 36.7677 0 0 0 -0.384201 0.923249
316.800000000 15.0479 36.7535 0 0 0 -0.384201 0.923249
316.900000000 15.0609 36.7405 0 0 0 -0.384201 0.923249
317.000000000 15.075 36.7263 0 0 0 -0.384201 0.923249
317.100000000 15.0891 36.7121 0 0 0 -0.384201 0.923249
317.200000000 15.1032 36.698 0 0 0 -0.384201 0.923249
317.300000000 15.1184 36.6826 0 0 0 -0.384201 0.923249
317.400000000 15.1325 36.6684 0 0 0 -0.384201 0.923249
317.500000000 15.1466 36.6542 0 0 0 -0.384201 0.923249
317.600000000 15.1595 36.6412 0 0 0 -0.384201 0.923249
317.700000000 15.1736 36.627 0 0 0 -0.384201 0.923249
317.800000000 15.1877 36.6128 0 0 0 -0.384201 0.923249
317.900000000 15.203 36.5975 0 0 0 -0.384201 0.923249
318.000000000 15.2171 36.5833 0 0 0 -0.384201 0.923249
318.100000000 15.2312 36.5691 0 0 0 -0.384201 0.923249
318.200000000 15.2453 36.5549 0 0 0 -0.384201 0.923249
318.300000000 15.2606 36.5395 0 0 0 -0.384201 0.923249
318.400000000 15.2747 36.5253 0 0 0 -0.384201 0.923249
318.500000000 15.2887 36.5111 0 0 0 -0.384201 0.923249
318.600000000 15.3017 36.4981 0 0 0 -0.384201 0.923249
318.700000000 15.3158 36.4839 0 0 0 -0.384201 0.923249
318.800000000 15.3287 36.4709 0 0 0 -0.384201 0.923249
318.900000000 15.344 36.4556 0 0 0 -0.384201 0.923249
319.000000000 15.3592 36.4402 0 0 0 -0.384201 0.923249
319.100000000 15.3733 36.426 0 0 0 -0.384201 0.923249
319.200000000 15.3874 36.4118 0 0 0 -0.384201 0.923249
319.300000000 15.4027 36.3965 0 0 0 -0.384201 0.923249
319.400000000 15.4168 36.3823 0 0 0 -0.384201 0.923249
319.500000000 15.4309 36.3681 0 0 0 -0.384201 0.923249
319.600000000 15.4438 36.3551 0 0 0 -0.384201 0.923249
319.700000000 15.4567 36.3421 0 0 0 -0.384201 0.923249
319.800000000 15.4708 36.3279 0 0 0 -0.384201 0.923249
319.900000000 15.4861 36.3125 0 0 0 -0.384201 0.923249
320.000000000 15.5014 36.2971 0 0 0 -0.384201 0.923249
320.100000000 15.5155 36.2829 0 0 0 -0.384201 0.923249
320.200000000 15.5295 36.2688 0 0 0 -0.384201 0.923249
320.300000000 15.5448 36.2534 0 0 0 -0.384201 0.923249
320.400000000 15.5589 36.2392 0 0 0 -0.384201 0.923249
320.500000000 15.573 36.225 0 0 0 -0.384201 0.923249
320.600000000 15.5859 36.212 0 0 0 -0.384201 0.923249
320.700000000 15.6 36.1978 0 0 0 -0.384201 0.923249
320.800000000 15.6141 36.1836 0 0 0 -0.384201 0.923249
320.900000000 15.6294 36.1683 0 0 0 -0.384201 0.923249
321.000000000 15.6447 36.1529 0 0 0 -0.384201 0.923249
321.100000000 15.6588 36.1387 0 0 0 -0.384201 0.923249
321.200000000 15.674 36.1233 0 0 0 -0.384201 0.923249
321.300000000 15.6869 36.1103 0 0 0 -0.384201 0.923249
321.400000000 15.701 36.0961 0 0 0 -0.384201 0.923249
321.500000000 15.7151 36.0819 0 0 0 -0.384201 0.923249
321.600000000 15.7281 36.0689 0 0 0 -0.384201 0.923249
321.700000000 15.741 36.0559 0 0 0 -0.384201 0.923249
321.800000000 15.7551 36.0417 0 0 0 -0.384201 0.923249
321.900000000 15.7703 36.0264 0 0 0 -0.384201 0.923249
322.000000000 15.7856 36.011 0 0 0 -0.384201 0.923249
322.100000000 15.7997 35.9968 0 0 0 -0.384201 0.923249
322.200000000 15.8138 35.9826 0 0 0 -0.384201 0.923249
322.300000000 15.8291 35.9673 0 0 0 -0.384201 0.923249
322.400000000 15.8432 35.9531 0 0 0 -0.384201 0.923249
322.500000000 15.8573 35.9389 0 0 0 -0.384201 0.923249
322.600000000 15.8702 35.9259 0 0 0 -0.384201 0.923249
322.700000000 15.8843 35.9117 0 0 0 -0.384201 0.923249
322.800000000 15.8972 35.8987 0 0 0 -0.384201 0.923249
322.900000000 15.9125 35.8833 0 0 0 -0.384201 0.923249
323.000000000 15.9277 35.8679 0 0 0 -0.384201 0.923249
323.100000000 15.9418 35.8537 0 0 0 -0.384201 0.923249
323.200000000 15.9559 35.8396 0 0 0 -0.384201 0.923249
323.300000000 15.9689 35.8265 0 0 0 -0.384201 0.923249
323.400000000 15.983 35.8124 0 0 0 -0.384201 0.923249
323.500000000 15.9971 35.7982 0 0 0 -0.384201 0.923249
323.600000000 16.01 35.7852 0 0 0 -0.384201 0.923249
323.700000000 16.0229 35.7722 0 0 0 -0.384201 0.923249
323.800000000 16.037 35.758 0 0 0 -0.384201 0.923249
323.900000000 16.0523 35.7426 0 0 0 -0.384201 0.923249
324.000000000 16.0652 35.7296 0 0 0 -0.384201 0.923249
324.100000000 16.0793 35.7154 0 0 0 -0.384201 0.923249
324.200000000 16.0934 35.7012 0 0 0 -0.384201 0.923249
324.300000000 16.1086 35.6858 0 0 0 -0.384201 0.923249
324.400000000 16.1227 35.6717 0 0 0 -0.384201 0.923249
324.500000000 16.1368 35.6575 0 0 0 -0.384201 0.923249
324.600000000 16.1521 35.6421 0 0 0 -0.384201 0.923249
324.700000000 16.1674 35.6267 0 0 0 -0.384201 0.923249
324.800000000 16.1815 35.6125 0 0 0 -0.384201 0.923249
324.900000000 16.1967 35.5972 0 0 0 -0.384201 0.923249
325.000000000 16.212 35.5818 0 0 0 -0.384201 0.923249
325.100000000 16.2261 35.5676 0 0 0 -0.384201 0.923249
325.200000000 16.2414 35.5522 0 0 0 -0.384201 0.923249
325.300000000 16.2566 35.5369 0 0 0 -0.384201 0.923249
325.400000000 16.2707 35.5227 0 0 0 -0.384201 0.923249
325.500000000 16.2848 35.5085 0 0 0 -0.384201 0.923249
325.600000000 16.2978 35.4955 0 0 0 -0.384201 0.923249
325.700000000 16.3119 35.4813 0 0 0 -0.384201 0.923249
325.800000000 16.3259 35.4671 0 0 0 -0.384201 0.923249
325.900000000 16.34 35.4529 0 0 0 -0.384201 0.923249
326.000000000 16.3541 35.4387 0 0 0 -0.384201 0.923249
326.100000000 16.3682 35.4245 0 0 0 -0.384201 0.923249
326.200000000 16.3835 35.4092 0 0 0 -0.384201 0.923249
326.300000000 16.3988 35.3938 0 0 0 -0.384201 0.923249
326.400000000 16.4129 35.3796 0 0 0 -0.384201 0.923249
326.500000000 16.427 35.3654 0 0 0 -0.384201 0.923249
326.600000000 16.4399 35.3524 0 0 0 -0.384201 0.923249
326.700000000 16.454 35.3382 0 0 0 -0.384201 0.923249
326.800000000 16.4681 35.324 0 0 0 -0.384201 0.923249
326.900000000 16.4833 35.3087 0 0 0 -0.384201 0.923249
327.000000000 16.4986 35.2933 0 0 0 -0.384201 0.923249
327.100000000 16.5127 35.2791 0 0 0 -0.384201 0.923249
327.200000000 16.528 35.2637 0 0 0 -0.384201 0.923249
327.300000000 16.5409 35.2507 0 0 0 -0.384201 0.923249
327.400000000 16.555 35.2365 0 0 0 -0.384201 0.923249
327.500000000 16.5691 35.2224 0 0 0 -0.384201 0.923249
327.600000000 16.582 35.2093 0 0 0 -0.384201 0.923249
327.700000000 16.5973 35.194 0 0 0 -0.384201 0.923249
327.800000000 16.6114 35.1798 0 0 0 -0.384201 0.923249
327.900000000 16.6267 35.1644 0 0 0 -0.384201 0.923249
328.000000000 16.6419 35.149 0 0 0 -0.384201 0.923249
328.100000000 16.656 35.1349 0 0 0 -0.384201 0.923249
328.200000000 16.6713 35.1195 0 0 0 -0.384201 0.923249
328.300000000 16.6866 35.1041 0 0 0 -0.384201 0.923249
328.400000000 16.7007 35.0899 0 0 0 -0.384201 0.923249
328.500000000 16.7159 35.0746 0 0 0 -0.384201 0.923249
328.600000000 16.7288 35.0615 0 0 0 -0.384201 0.923249
328.700000000 16.7418 35.0485 0 0 0 -0.384201 0.923249
328.800000000 16.7559 35.0344 0 0 0 -0.384201 0.923249
328.900000000 16.77 35.0202 0 0 0 -0.384201 0.923249
329.000000000 16.7841 35.006 0 0 0 -0.384201 0.923249
329.100000000 16.7981 34.9918 0 0 0 -0.384201 0.923249
329.200000000 16.8134 34.9764 0 0 0 -0.384201 0.923249
329.300000000 16.8263 34.9634 0 0 0 -0.384201 0.923249
329.400000000 16.8404 34.9492 0 0 0 -0.384201 0.923249
329.500000000 16.8545 34.935 0 0 0 -0.384201 0.923249
329.600000000 16.8675 34.922 0 0 0 -0.384201 0.923249
329.700000000 16.8815 34.9078 0 0 0 -0.384201 0.923249
329.800000000 16.8945 34.8948 0 0 0 -0.384201 0.923249
329.900000000 16.9074 34.8818 0 0 0 -0.384201 0.923249
330.000000000 16.9203 34.8688 0 0 0 -0.384201 0.923249
330.100000000 16.9344 34.8546 0 0 0 -0.384201 0.923249
330.200000000 16.9485 34.8404 0 0 0 -0.384201 0.923249
330.300000000 16.9638 34.8251 0 0 0 -0.384201 0.923249
330.400000000 16.9779 34.8109 0 0 0 -0.384201 0.923249
330.500000000 16.992 34.7967 0 0 0 -0.384201 0.923249
330.600000000 17.0072 34.7813 0 0 0 -0.384201 0.923249
330.700000000 17.0202 34.7683 0 0 0 -0.384201 0.923249
330.800000000 17.0343 34.7541 0 0 0 -0.384201 0.923249
330.900000000 17.0493 34.7409 0 0 0 -0.381199 0.924493
331.000000000 17.0655 34.7288 0 0 0 -0.374472 0.927238
331.100000000 17.1036 34.7082 0 0 0 -0.347467 0.937692
331.200000000 17.1316 34.704 0 0 0 -0.311841 0.950134
331.300000000 17.1447 34.7184 0 0 0 -0.265433 0.964129
331.400000000 17.1541 34.736 0 0 0 -0.216915 0.97619
331.500000000 17.1616 34.7545 0 0 0 -0.167855 0.985812
331.600000000 17.1673 34.7737 0 0 0 -0.118375 0.992969
331.700000000 17.171 34.7933 0 0 0 -0.0685995 0.997644
331.800000000 17.1728 34.8133 0 0 0 -0.0186523 0.999826
331.900000000 17.1725 34.8333 0 0 0 0.0313414 0.999509
332.000000000 17.1703 34.8531 0 0 0 0.0812569 0.996693
332.100000000 17.1661 34.8727 0 0 0 0.130969 0.991386
332.200000000 17.1853 34.8934 0 0 0 0.16828 0.985739
332.300000000 17.2183 34.9179 0 0 0 0.197946 0.980213
332.400000000 17.2515 34.9446 0 0 0 0.226639 0.973979
332.500000000 17.283 34.9732 0 0 0 0.255136 0.966905
332.600000000 17.3128 35.0036 0 0 0 0.283413 0.958998
332.700000000 17.3408 35.0357 0 0 0 0.311446 0.950264
332.800000000 17.3669 35.0694 0 0 0 0.339211 0.94071
332.900000000 17.3909 35.1045 0 0 0 0.366683 0.930346
333.000000000 17.4128 35.141 0 0 0 0.393839 0.919179
333.100000000 17.4325 35.1787 0 0 0 0.420655 0.907221
333.200000000 17.45 35.2176 0 0 0 0.447109 0.894479
333.300000000 17.4773 35.2683 0 0 0 0.466184 0.884688
333.400000000 17.5024 35.3201 0 0 0 0.485045 0.874489
333.500000000 17.5259 35.3735 0 0 0 0.503336 0.864091
333.600000000 17.547 35.4279 0 0 0 0.521404 0.85331
333.700000000 17.5659 35.4831 0 0 0 0.539241 0.842151
333.800000000 17.5824 35.5391 0 0 0 0.55684 0.83062
333.900000000 17.5966 35.5957 0 0 0 0.574192 0.818721
334.000000000 17.6083 35.6528 0 0 0 0.59129 0.806459
334.100000000 17.6177 35.7104 0 0 0 0.608126 0.793841
334.200000000 17.6246 35.7684 0 0 0 0.624693 0.780871
334.300000000 17.6362 35.8426 0 0 0 0.63422 0.773152
334.400000000 17.6475 35.9168 0 0 0 0.640829 0.767684
334.500000000 17.6578 35.9911 0 0 0 0.646958 0.762526
334.600000000 17.6668 36.0656 0 0 0 0.653045 0.757319
334.700000000 17.6747 36.1402 0 0 0 0.65909 0.752064
334.800000000 17.6813 36.215 0 0 0 0.665093 0.746761
334.900000000 17.6873 36.2898 0 0 0 0.670182 0.742197
335.000000000 17.6922 36.3646 0 0 0 0.67524 0.737598
335.100000000 17.6961 36.4396 0 0 0 0.680267 0.732964
335.200000000 17.6989 36.5145 0 0 0 0.685262 0.728297
335.300000000 17.701 36.5895 0 0 0 0.689786 0.724014
335.400000000 17.7021 36.6646 0 0 0 0.694283 0.719703
335.500000000 17.7028 36.7396 0 0 0 0.697852 0.716242
335.600000000 17.7028 36.8146 0 0 0 0.701404 0.712764
335.700000000 17.6977 36.8835 0 0 0 0.712404 0.701769
335.800000000 17.6874 36.9355 0 0 0 0.728917 0.684602
335.900000000 17.6724 36.9705 0 0 0 0.750341 0.66105
336.000000000 17.6539 36.9848 0 0 0 0.777072 0.629412
336.100000000 17.6346 36.9812 0 0 0 0.807102 0.590412
336.200000000 17.6159 36.9742 0 0 0 0.835602 0.549336
336.300000000 17.5979 36.9654 0 0 0 0.862013 0.506887
336.400000000 17.581 36.9548 0 0 0 0.886269 0.46317
336.500000000 17.5651 36.9426 0 0 0 0.90831 0.418297
336.600000000 17.5506 36.9289 0 0 0 0.928081 0.372377
336.700000000 17.5375 36.9137 0 0 0 0.945533 0.325527
336.800000000 17.526 36.8974 0 0 0 0.960621 0.277863
336.900000000 17.5162 36.88 0 0 0 0.973307 0.229505
337.000000000 17.5082 36.8617 0 0 0 0.983562 0.180573
337.100000000 17.502 36.8426 0 0 0 0.991357 0.13119
337.200000000 17.4978 36.8231 0 0 0 0.996675 0.0814788
337.300000000 17.4955 36.8032 0 0 0 0.999502 0.031564
337.400000000 17.4953 36.7833 0 0 0 0.99983 -0.0184297
337.500000000 17.497 36.7633 0 0 0 0.99766 -0.0683774
337.600000000 17.5007 36.7437 0 0 0 0.992995 -0.118154
337.700000000 17.5064 36.7245 0 0 0 0.985849 -0.167636
337.800000000 17.5139 36.706 0 0 0 0.976239 -0.216698
337.900000000 17.5233 36.6883 0 0 0 0.964188 -0.265219
338.000000000 17.5344 36.6717 0 0 0 0.949728 -0.313077
338.100000000 17.547 36.6562 0 0 0 0.932894 -0.360152
338.200000000 17.5612 36.6421 0 0 0 0.913728 -0.406327
338.300000000 17.5767 36.6295 0 0 0 0.892278 -0.451487
338.400000000 17.5934 36.6185 0 0 0 0.868598 -0.495518
338.500000000 17.6111 36.6092 0 0 0 -0.842747 0.53831
338.600000000 17.6296 36.6017 0 0 0 -0.814789 0.579757
338.700000000 17.6488 36.5961 0 0 0 -0.784795 0.619755
338.800000000 17.6684 36.5924 0 0 0 -0.75284 0.658204
338.900000000 17.6884 36.5907 0 0 0 -0.719002 0.695008
339.000000000 17.7084 36.5911 0 0 0 -0.683368 0.730074
339.100000000 17.7282 36.5934 0 0 0 -0.646025 0.763316
339.200000000 17.7477 36.5977 0 0 0 -0.607068 0.79465
339.300000000 17.7686 36.5785 0 0 0 -0.576654 0.816988
339.400000000 17.7935 36.5431 0 0 0 -0.552756 0.833343
339.500000000 17.8227 36.4979 0 0 0 -0.533083 0.846063
339.600000000 17.8542 36.4535 0 0 0 -0.513457 0.858116
339.700000000 17.8877 36.4105 0 0 0 -0.493558 0.869713
339.800000000 17.9232 36.3691 0 0 0 -0.473397 0.880849
339.900000000 17.9605 36.3294 0 0 0 -0.452985 0.891518
340.000000000 17.9996 36.2914 0 0 0 -0.432333 0.901714
340.100000000 18.0404 36.2553 0 0 0 -0.411451 0.911432
340.200000000 18.0829 36.2211 0 0 0 -0.390352 0.920666
340.300000000 18.1362 36.1744 0 0 0 -0.376827 0.926283
340.400000000 18.1909 36.1231 0 0 0 -0.373446 0.927652
340.500000000 18.2456 36.0718 0 0 0 -0.371356 0.928491
340.600000000 18.3005 36.0207 0 0 0 -0.369264 0.929324
340.700000000 18.3557 35.9699 0 0 0 -0.367171 0.930154
340.800000000 18.4111 35.9193 0 0 0 -0.365075 0.930978
340.900000000 18.4667 35.869 0 0 0 -0.362978 0.931798
341.000000000 18.5225 35.8189 0 0 0 -0.360879 0.932613
341.100000000 18.5786 35.7691 0 0 0 -0.358789 0.933419
341.200000000 18.6349 35.7195 0 0 0 -0.356771 0.934192
341.300000000 18.6913 35.6701 0 0 0 -0.354824 0.934933
341.400000000 18.748 35.621 0 0 0 -0.352913 0.935656
341.500000000 18.8048 35.572 0 0 0 -0.351074 0.936348
341.600000000 18.8606 35.5219 0 0 0 -0.353576 0.935406
341.700000000 18.9162 35.4715 0 0 0 -0.356027 0.934476
341.800000000 18.9715 35.4209 0 0 0 -0.358378 0.933577
341.900000000 19.0266 35.37 0 0 0 -0.360677 0.932691
342.000000000 19.0814 35.3188 0 0 0 -0.362876 0.931837
342.100000000 19.1348 35.2685 0 0 0 -0.365025 0.930998
342.200000000 19.1856 35.2203 0 0 0 -0.367074 0.930192
342.300000000 19.2338 35.1743 0 0 0 -0.368536 0.929613
342.400000000 19.2808 35.1293 0 0 0 -0.36996 0.929048
342.500000000 19.3251 35.0865 0 0 0 -0.371311 0.928509
342.600000000 19.3682 35.0447 0 0 0 -0.372624 0.927982
342.700000000 19.41 35.004 0 0 0 -0.3739 0.927469
342.800000000 19.4492 34.9655 0 0 0 -0.375103 0.926983
342.900000000 19.4872 34.928 0 0 0 -0.376268 0.926511
343.000000000 19.5239 34.8917 0 0 0 -0.377397 0.926052
343.100000000 19.5593 34.8564 0 0 0 -0.378488 0.925606
343.200000000 19.5941 34.8228 0 0 0 -0.377433 0.926037
343.300000000 19.6278 34.7905 0 0 0 -0.376414 0.926452
343.400000000 19.6603 34.7595 0 0 0 -0.37543 0.926851
343.500000000 19.6917 34.7296 0 0 0 -0.374483 0.927234
343.600000000 19.722 34.7009 0 0 0 -0.373572 0.927601
343.700000000 19.7511 34.6735 0 0 0 -0.372697 0.927953
343.800000000 19.7802 34.6461 0 0 0 -0.371822 0.928304
343.900000000 19.8082 34.6199 0 0 0 -0.370982 0.92864
344.000000000 19.835 34.5949 0 0 0 -0.370179 0.92896
344.100000000 19.8607 34.571 0 0 0 -0.369413 0.929265
344.200000000 19.8851 34.5484 0 0 0 -0.368682 0.929556
344.300000000 19.9099 34.5261 0 0 0 -0.366971 0.930232
344.400000000 19.9348 34.5039 0 0 0 -0.365012 0.931003
344.500000000 19.9586 34.483 0 0 0 -0.363149 0.931731
344.600000000 19.9812 34.4633 0 0 0 -0.361383 0.932418
344.700000000 20.0039 34.4436 0 0 0 -0.359615 0.933101
344.800000000 20.0254 34.4251 0 0 0 -0.357945 0.933743
344.900000000 20.0456 34.4078 0 0 0 -0.356371 0.934344
345.000000000 20.066 34.3905 0 0 0 -0.354797 0.934943
345.100000000 20.0851 34.3744 0 0 0 -0.35332 0.935502
345.200000000 20.1045 34.3586 0 0 0 -0.351088 0.936342
345.300000000 20.1227 34.344 0 0 0 -0.349004 0.937121
345.400000000 20.1409 34.3294 0 0 0 -0.346917 0.937896
345.500000000 20.1579 34.3159 0 0 0 -0.344978 0.938611
345.600000000 20.1749 34.3025 0 0 0 -0.343038 0.939322
345.700000000 20.1907 34.2902 0 0 0 -0.341245 0.939974
345.800000000 20.2065 34.2779 0 0 0 -0.339452 0.940624
345.900000000 20.2211 34.2668 0 0 0 -0.337806 0.941216
346.000000000 20.237 34.2546 0 0 0 -0.33601 0.941858
346.100000000 20.253 34.2426 0 0 0 -0.334213 0.942498
346.200000000 20.2678 34.2318 0 0 0 -0.331994 0.943282
346.300000000 20.2827 34.2211 0 0 0 -0.329627 0.944111
346.400000000 20.2991 34.2095 0 0 0 -0.327043 0.945009
346.500000000 20.3168 34.197 0 0 0 -0.324241 0.945975
346.600000000 20.3347 34.1847 0 0 0 -0.321436 0.946931
346.700000000 20.3512 34.1734 0 0 0 -0.318844 0.947807
346.800000000 20.3678 34.1621 0 0 0 -0.31625 0.948676
346.900000000 20.3844 34.151 0 0 0 -0.313654 0.949537
347.000000000 20.3998 34.1409 0 0 0 -0.311272 0.950321
347.100000000 20.4179 34.129 0 0 0 -0.308454 0.951239
347.200000000 20.4348 34.1182 0 0 0 -0.30585 0.95208
347.300000000 20.4545 34.1056 0 0 0 -0.30281 0.953051
347.400000000 20.4742 34.0932 0 0 0 -0.299767 0.954013
347.500000000 20.4927 34.0818 0 0 0 -0.296938 0.954897
347.600000000 20.5112 34.0705 0 0 0 -0.294107 0.955773
347.700000000 20.5284 34.0602 0 0 0 -0.291491 0.956574
347.800000000 20.5483 34.048 0 0 0 -0.289179 0.957275
347.900000000 20.5668 34.0366 0 0 0 -0.2872 0.957871
348.000000000 20.5853 34.0254 0 0 0 -0.28522 0.958462
348.100000000 20.6025 34.0151 0 0 0 -0.283391 0.959004
348.200000000 20.6197 34.0049 0 0 0 -0.281561 0.959543
348.300000000 20.6399 33.9932 0 0 0 -0.279058 0.960274
348.400000000 20.6587 33.9824 0 0 0 -0.276732 0.960947
348.500000000 20.6775 33.9717 0 0 0 -0.274404 0.961614
348.600000000 20.6994 33.9594 0 0 0 -0.271716 0.962377
348.700000000 20.7198 33.9481 0 0 0 -0.269206 0.963083
348.800000000 20.7403 33.9369 0 0 0 -0.266693 0.963782
348.900000000 20.7594 33.9266 0 0 0 -0.264358 0.964424
349.000000000 20.7785 33.9164 0 0 0 -0.262022 0.965062
349.100000000 20.7962 33.907 0 0 0 -0.259864 0.965645
349.200000000 20.8139 33.8978 0 0 0 -0.257705 0.966224
349.300000000 20.8303 33.8894 0 0 0 -0.255578 0.966788
349.400000000 20.8496 33.8796 0 0 0 -0.253063 0.96745
349.500000000 20.9169 33.8463 0 0 0 -0.243686 0.969854
349.600000000 20.9848 33.8143 0 0 0 -0.234287 0.972167
349.700000000 21.0533 33.7836 0 0 0 -0.224866 0.97439
349.800000000 21.1224 33.7542 0 0 0 -0.215423 0.976521
349.900000000 21.192 33.7262 0 0 0 -0.20596 0.97856
350.000000000 21.2621 33.6995 0 0 0 -0.196479 0.980508
350.100000000 21.3328 33.6742 0 0 0 -0.186978 0.982364
350.200000000 21.4039 33.6502 0 0 0 -0.177536 0.984114
350.300000000 21.4755 33.6275 0 0 0 -0.168274 0.98574
350.400000000 21.5474 33.6061 0 0 0 -0.159393 0.987215
350.500000000 21.6181 33.5863 0 0 0 -0.150697 0.98858
350.600000000 21.6859 33.5687 0 0 0 -0.142385 0.989811
350.700000000 21.7524 33.5526 0 0 0 -0.134261 0.990946
350.800000000 21.8158 33.5383 0 0 0 -0.126525 0.991963
350.900000000 21.8779 33.5254 0 0 0 -0.11898 0.992897
351.000000000 21.9368 33.514 0 0 0 -0.111826 0.993728
351.100000000 21.9943 33.5038 0 0 0 -0.104865 0.994486
351.200000000 22.0503 33.4946 0 0 0 -0.0980977 0.995177
351.300000000 22.1015 33.4875 0 0 0 -0.0906259 0.995885
351.400000000 22.1512 33.4813 0 0 0 -0.0833903 0.996517
351.500000000 22.1993 33.4761 0 0 0 -0.0763917 0.997078
351.600000000 22.2458 33.4716 0 0 0 -0.0696308 0.997573
351.700000000 22.2907 33.468 0 0 0 -0.0631084 0.998007
351.800000000 22.334 33.465 0 0 0 -0.056825 0.998384
351.900000000 22.3757 33.4627 0 0 0 -0.0507811 0.99871
352.000000000 22.4157 33.4609 0 0 0 -0.0449773 0.998988
352.100000000 22.4541 33.4597 0 0 0 -0.0394138 0.999223
352.200000000 22.4908 33.459 0 0 0 -0.0340911 0.999419
352.300000000 22.5291 33.4576 0 0 0 -0.031057 0.999518
352.400000000 22.5674 33.4563 0 0 0 -0.0283304 0.999599
352.500000000 22.6041 33.4552 0 0 0 -0.0257221 0.999669
352.600000000 22.6391 33.4544 0 0 0 -0.0232322 0.99973
352.700000000 22.6724 33.4538 0 0 0 -0.0208608 0.999782
352.800000000 22.7058 33.4534 0 0 0 -0.0184892 0.999829
352.900000000 22.7374 33.4531 0 0 0 -0.0162362 0.999868
353.000000000 22.7675 33.453 0 0 0 -0.0141016 0.999901
353.100000000 22.7975 33.453 0 0 0 -0.011967 0.999928
353.200000000 22.8258 33.4531 0 0 0 -0.00995087 0.99995
353.300000000 22.8525 33.4534 0 0 0 -0.00805333 0.999968
353.400000000 22.8792 33.4537 0 0 0 -0.00615576 0.999981
353.500000000 22.9042 33.4541 0 0 0 -0.00437677 0.99999
353.600000000 22.9292 33.4546 0 0 0 -0.00259777 0.999997
353.700000000 22.9525 33.4549 0 0 0 -0.00149495 0.999999
353.800000000 22.9758 33.4552 0 0 0 -0.000576763 1
353.900000000 22.9992 33.4555 0 0 0 0.000341424 1
354.000000000 23.0208 33.4559 0 0 0 0.00119403 0.999999
354.100000000 23.0425 33.4563 0 0 0 0.00204663 0.999998
354.200000000 23.0625 33.4567 0 0 0 0.00283364 0.999996
354.300000000 23.0825 33.457 0 0 0 0.00346278 0.999994
354.400000000 23.1025 33.4574 0 0 0 0.00409193 0.999992
354.500000000 23.1225 33.4579 0 0 0 0.00472107 0.999989
354.600000000 23.1425 33.4583 0 0 0 0.00535021 0.999986
354.700000000 23.1625 33.4588 0 0 0 0.00597934 0.999982
354.800000000 23.1808 33.4592 0 0 0 0.00655605 0.999979
354.900000000 23.2008 33.4597 0 0 0 0.00718518 0.999974
355.000000000 23.2208 33.4603 0 0 0 0.00781431 0.999969
355.100000000 23.2408 33.4608 0 0 0 0.00844344 0.999964
355.200000000 23.2608 33.4614 0 0 0 0.00891501 0.99996
355.300000000 23.2808 33.4619 0 0 0 0.00938657 0.999956
355.400000000 23.3008 33.4625 0 0 0 0.00985814 0.999951
355.500000000 23.3191 33.463 0 0 0 0.0102904 0.999947
355.600000000 23.3391 33.4636 0 0 0 0.010762 0.999942
355.700000000 23.3591 33.4642 0 0 0 0.0112335 0.999937
355.800000000 23.3791 33.4649 0 0 0 0.0117051 0.999931
355.900000000 23.3991 33.4655 0 0 0 0.0121766 0.999926
356.000000000 23.4174 33.4661 0 0 0 0.0126089 0.999921
356.100000000 23.4374 33.4668 0 0 0 0.0130804 0.999914
356.200000000 23.4574 33.4675 0 0 0 0.013552 0.999908
356.300000000 23.4757 33.4681 0 0 0 0.01384 0.999904
356.400000000 23.4957 33.4688 0 0 0 0.0141543 0.9999
356.500000000 23.5157 33.4695 0 0 0 0.0144685 0.999895
356.600000000 23.5357 33.4702 0 0 0 0.0147827 0.999891
356.700000000 23.5556 33.4709 0 0 0 0.015097 0.999886
356.800000000 23.5756 33.4717 0 0 0 0.0154112 0.999881
356.900000000 23.5973 33.4725 0 0 0 0.0157516 0.999876
357.000000000 23.6173 33.4732 0 0 0 0.0160658 0.999871
357.100000000 23.6373 33.474 0 0 0 0.01638 0.999866
357.200000000 23.6556 33.4747 0 0 0 0.0166681 0.999861
357.300000000 23.6756 33.4755 0 0 0 0.0169823 0.999856
357.400000000 23.6955 33.4763 0 0 0 0.0172965 0.99985
357.500000000 23.7139 33.4771 0 0 0 0.0175845 0.999845
357.600000000 23.7338 33.4779 0 0 0 0.0178988 0.99984
357.700000000 23.7538 33.4787 0 0 0 0.018213 0.999834
357.800000000 23.7738 33.4796 0 0 0 0.0185272 0.999828
357.900000000 23.7955 33.4805 0 0 0 0.0188676 0.999822
358.000000000 23.8154 33.4814 0 0 0 0.0191818 0.999816
358.100000000 23.8371 33.4824 0 0 0 0.0195222 0.999809
358.200000000 23.8571 33.4833 0 0 0 0.0198364 0.999803
358.300000000 23.877 33.4841 0 0 0 0.0199934 0.9998
358.400000000 23.8954 33.4849 0 0 0 0.0201374 0.999797
358.500000000 23.9153 33.4858 0 0 0 0.0202945 0.999794
358.600000000 23.9353 33.4867 0 0 0 0.0204515 0.999791
358.700000000 23.9553 33.4875 0 0 0 0.0206086 0.999788
358.800000000 23.9753 33.4884 0 0 0 0.0207656 0.999784
358.900000000 23.9953 33.4893 0 0 0 0.0209227 0.999781
359.000000000 24.0152 33.4902 0 0 0 0.0210797 0.999778
359.100000000 24.0336 33.4911 0 0 0 0.0212237 0.999775
359.200000000 24.0535 33.492 0 0 0 0.0213808 0.999771
359.300000000 24.0752 33.493 0 0 0 0.0215509 0.999768
359.400000000 24.0952 33.4939 0 0 0 0.021708 0.999764
359.500000000 24.1151 33.4948 0 0 0 0.021865 0.999761
359.600000000 24.1335 33.4957 0 0 0 0.022009 0.999758
359.700000000 24.1518 33.4965 0 0 0 0.022153 0.999755
359.800000000 24.1717 33.4975 0 0 0 0.02231 0.999751
359.900000000 24.1917 33.4984 0 0 0 0.0224671 0.999748
360.000000000 24.2117 33.4994 0 0 0 0.0226241 0.999744
360.100000000 24.2317 33.5004 0 0 0 0.0227812 0.99974
360.200000000 24.2516 33.5013 0 0 0 0.0229382 0.999737
360.300000000 24.2716 33.5023 0 0 0 0.0230953 0.999733
360.400000000 24.2916 33.5033 0 0 0 0.0232523 0.99973
360.500000000 24.3132 33.5044 0 0 0 0.0234225 0.999726
360.600000000 24.3332 33.5054 0 0 0 0.0235795 0.999722
360.700000000 24.3532 33.5064 0 0 0 0.0237366 0.999718
360.800000000 24.3715 33.5073 0 0 0 0.0238805 0.999715
360.900000000 24.3915 33.5083 0 0 0 0.0240376 0.999711
361.000000000 24.4114 33.5094 0 0 0 0.0241946 0.999707
361.100000000 24.4314 33.5104 0 0 0 0.0243517 0.999703
361.200000000 24.4514 33.5114 0 0 0 0.0245087 0.9997
361.300000000 24.4714 33.5125 0 0 0 0.0246658 0.999696
361.400000000 24.4913 33.5135 0 0 0 0.0248228 0.999692
361.500000000 24.5096 33.5145 0 0 0 0.0249668 0.999688
361.600000000 24.5296 33.5155 0 0 0 0.0251238 0.999684
361.700000000 24.5513 33.5167 0 0 0 0.0252939 0.99968
361.800000000 24.5712 33.5178 0 0 0 0.025451 0.999676
361.900000000 24.5912 33.5189 0 0 0 0.025608 0.999672
362.000000000 24.6095 33.5199 0 0 0 0.025752 0.999668
362.100000000 24.6295 33.5209 0 0 0 0.025909 0.999664
362.200000000 24.6494 33.522 0 0 0 0.026066 0.99966
362.300000000 24.6694 33.5231 0 0 0 0.026066 0.99966
362.400000000 24.6894 33.5241 0 0 0 0.026066 0.99966
362.500000000 24.7094 33.5252 0 0 0 0.026066 0.99966
362.600000000 24.7293 33.5262 0 0 0 0.026066 0.99966
362.700000000 24.7493 33.5273 0 0 0 0.026066 0.99966
362.800000000 24.7693 33.5283 0 0 0 0.026066 0.99966
362.900000000 24.7893 33.5293 0 0 0 0.026066 0.99966
363.000000000 24.8092 33.5304 0 0 0 0.026066 0.99966
363.100000000 24.8292 33.5314 0 0 0 0.026066 0.99966
363.200000000 24.8475 33.5324 0 0 0 0.026066 0.99966
363.300000000 24.8675 33.5332 0 0 0 0.0254371 0.999676
363.400000000 24.8875 33.5339 0 0 0 0.0248082 0.999692
363.500000000 24.9075 33.5347 0 0 0 0.0241792 0.999708
363.600000000 24.9275 33.5354 0 0 0 0.0235502 0.999723
363.700000000 24.9474 33.5361 0 0 0 0.0229213 0.999737
363.800000000 24.9674 33.5368 0 0 0 0.0222923 0.999751
363.900000000 24.9874 33.5374 0 0 0 0.0216633 0.999765
364.000000000 25.0074 33.538 0 0 0 0.0210343 0.999779
364.100000000 25.0274 33.5386 0 0 0 0.0204053 0.999792
364.200000000 25.0474 33.5392 0 0 0 0.0197762 0.999804
364.300000000 25.0674 33.5397 0 0 0 0.0191472 0.999817
364.400000000 25.0857 33.5402 0 0 0 0.0185706 0.999828
364.500000000 25.1041 33.5406 0 0 0 0.017994 0.999838
364.600000000 25.1241 33.5411 0 0 0 0.0173649 0.999849
364.700000000 25.1441 33.5415 0 0 0 0.0167359 0.99986
364.800000000 25.164 33.542 0 0 0 0.0161068 0.99987
364.900000000 25.184 33.5423 0 0 0 0.0154777 0.99988
365.000000000 25.204 33.5427 0 0 0 0.0148487 0.99989
365.100000000 25.2224 33.543 0 0 0 0.014272 0.999898
365.200000000 25.2424 33.5433 0 0 0 0.0136429 0.999907
365.300000000 25.264 33.5437 0 0 0 0.0129614 0.999916
365.400000000 25.284 33.5439 0 0 0 0.0123323 0.999924
365.500000000 25.304 33.5442 0 0 0 0.0117032 0.999932
365.600000000 25.3224 33.5444 0 0 0 0.0111265 0.999938
365.700000000 25.3407 33.5445 0 0 0 0.0105499 0.999944
365.800000000 25.3607 33.5448 0 0 0 0.0100783 0.999949
365.900000000 25.3807 33.545 0 0 0 0.00960672 0.999954
366.000000000 25.4007 33.5452 0 0 0 0.00913515 0.999958
366.100000000 25.4207 33.5454 0 0 0 0.00866359 0.999962
366.200000000 25.4407 33.5455 0 0 0 0.00819201 0.999966
366.300000000 25.4624 33.5457 0 0 0 0.00785157 0.999969
366.400000000 25.4824 33.5459 0 0 0 0.00753732 0.999972
366.500000000 25.5024 33.5461 0 0 0 0.00722307 0.999974
366.600000000 25.5224 33.5463 0 0 0 0.00690881 0.999976
366.700000000 25.5424 33.5464 0 0 0 0.00659456 0.999978
366.800000000 25.5607 33.5465 0 0 0 0.00630649 0.99998
366.900000000 25.579 33.5467 0 0 0 0.00601842 0.999982
367.000000000 25.599 33.5468 0 0 0 0.00570416 0.999984
367.100000000 25.6174 33.5469 0 0 0 0.00541609 0.999985
367.200000000 25.6374 33.547 0 0 0 0.00510183 0.999987
367.300000000 25.6574 33.547 0 0 0 0.00478758 0.999989
367.400000000 25.6774 33.5471 0 0 0 0.00447332 0.99999
367.500000000 25.699 33.5472 0 0 0 0.00413287 0.999991
367.600000000 25.719 33.5472 0 0 0 0.00381861 0.999993
367.700000000 25.7407 33.5472 0 0 0 0.00347816 0.999994
367.800000000 25.7607 33.5472 0 0 0 0.0031639 0.999995
367.900000000 25.7807 33.5472 0 0 0 0.00284964 0.999996
368.000000000 25.799 33.5472 0 0 0 0.00256156 0.999997
368.100000000 25.8174 33.5472 0 0 0 0.00227349 0.999997
368.200000000 25.8374 33.5472 0 0 0 0.00195923 0.999998
368.300000000 25.8557 33.5472 0 0 0 0.00181523 0.999998
368.400000000 25.8757 33.5472 0 0 0 0.00165813 0.999999
368.500000000 25.894 33.5472 0 0 0 0.00151413 0.999999
368.600000000 25.914 33.5472 0 0 0 0.00135704 0.999999
368.700000000 25.934 33.5472 0 0 0 0.00119995 0.999999
368.800000000 25.954 33.5472 0 0 0 0.00104286 0.999999
368.900000000 25.974 33.5472 0 0 0 0.000885764 1
369.000000000 25.9924 33.5471 0 0 0 0.000741762 1
369.100000000 26.0107 33.5471 0 0 0 0.000597761 1
369.200000000 26.0307 33.5471 0 0 0 0.000440668 1
369.300000000 26.049 33.547 0 0 0 0.000296667 1
369.400000000 26.069 33.547 0 0 0 0.000139574 1
369.500000000 26.089 33.5469 0 0 0 -1.75181e-05 1
369.600000000 26.109 33.5469 0 0 0 -0.000174611 1
369.700000000 26.129 33.5468 0 0 0 -0.000331703 1
369.800000000 26.149 33.5467 0 0 0 -0.000488796 1
369.900000000 26.169 33.5466 0 0 0 -0.000645888 1
370.000000000 26.189 33.5465 0 0 0 -0.000802981 1
370.100000000 26.209 33.5464 0 0 0 -0.000960073 1
370.200000000 26.2274 33.5464 0 0 0 -0.00110407 0.999999
370.300000000 26.2457 33.5463 0 0 0 -0.00124808 0.999999
370.400000000 26.2657 33.5461 0 0 0 -0.00140517 0.999999
370.500000000 26.2857 33.546 0 0 0 -0.00156226 0.999999
370.600000000 26.3057 33.5459 0 0 0 -0.00171935 0.999999
370.700000000 26.3257 33.5458 0 0 0 -0.00187645 0.999998
370.800000000 26.3457 33.5456 0 0 0 -0.00203354 0.999998
370.900000000 26.3657 33.5455 0 0 0 -0.00219063 0.999998
371.000000000 26.384 33.5453 0 0 0 -0.00233463 0.999997
371.100000000 26.4024 33.5452 0 0 0 -0.00247863 0.999997
371.200000000 26.4207 33.5451 0 0 0 -0.00262263 0.999997
371.300000000 26.439 33.5449 0 0 0 -0.00276663 0.999996
371.400000000 26.459 33.5447 0 0 0 -0.00292373 0.999996
371.500000000 26.479 33.5445 0 0 0 -0.00308082 0.999995
371.600000000 26.499 33.5444 0 0 0 -0.00323791 0.999995
371.700000000 26.5174 33.5442 0 0 0 -0.00338191 0.999994
371.800000000 26.5918 33.5386 0 0 0 -0.0161338 0.99987
371.900000000 26.6484 33.5282 0 0 0 -0.0375677 0.999294
372.000000000 26.6972 33.5145 0 0 0 -0.0625357 0.998043
372.100000000 26.7446 33.4983 0 0 0 -0.0878558 0.996133
372.200000000 26.791 33.4797 0 0 0 -0.113119 0.993581
372.300000000 26.8421 33.4586 0 0 0 -0.13558 0.990766
372.400000000 26.893 33.4352 0 0 0 -0.157579 0.987506
372.500000000 26.9428 33.4095 0 0 0 -0.179501 0.983758
372.600000000 26.9914 33.3817 0 0 0 -0.201333 0.979523
372.700000000 27.0387 33.3517 0 0 0 -0.223066 0.974803
372.800000000 27.0847 33.3196 0 0 0 -0.244689 0.969602
372.900000000 27.1291 33.2856 0 0 0 -0.26619 0.96392
373.000000000 27.1721 33.2495 0 0 0 -0.28756 0.957763
373.100000000 27.2133 33.2116 0 0 0 -0.308788 0.951131
373.200000000 27.2529 33.1719 0 0 0 -0.329863 0.944029
373.300000000 27.3062 33.1225 0 0 0 -0.342776 0.939417
373.400000000 27.3615 33.0718 0 0 0 -0.35029 0.936641
373.500000000 27.4161 33.0203 0 0 0 -0.357239 0.934013
373.600000000 27.47 32.9681 0 0 0 -0.364169 0.931333
373.700000000 27.523 32.915 0 0 0 -0.371078 0.928602
373.800000000 27.5753 32.8612 0 0 0 -0.377967 0.925819
373.900000000 27.6268 32.8066 0 0 0 -0.384835 0.922985
374.000000000 27.6775 32.7512 0 0 0 -0.391682 0.920101
374.100000000 27.7273 32.6951 0 0 0 -0.398507 0.917165
374.200000000 27.7763 32.6383 0 0 0 -0.40531 0.914179
374.300000000 27.812 32.5987 0 0 0 -0.405693 0.914009
374.400000000 27.8377 32.5702 0 0 0 -0.405693 0.914009
374.500000000 27.8612 32.5443 0 0 0 -0.405693 0.914009
374.600000000 27.8835 32.5196 0 0 0 -0.405693 0.914009
374.700000000 27.907 32.4936 0 0 0 -0.405693 0.914009
374.800000000 27.9294 32.4689 0 0 0 -0.405693 0.914009
374.900000000 27.9495 32.4466 0 0 0 -0.405693 0.914009
375.000000000 27.9685 32.4256 0 0 0 -0.405693 0.914009
375.100000000 27.9875 32.4046 0 0 0 -0.405693 0.914009
375.200000000 28.0054 32.3848 0 0 0 -0.405693 0.914009
375.300000000 28.0245 32.3639 0 0 0 -0.405286 0.91419
375.400000000 28.0414 32.3455 0 0 0 -0.404927 0.914349
375.500000000 28.0572 32.3283 0 0 0 -0.404592 0.914497
375.600000000 28.073 32.3112 0 0 0 -0.404257 0.914646
375.700000000 28.09 32.2928 0 0 0 -0.403897 0.914804
375.800000000 28.1047 32.2769 0 0 0 -0.403586 0.914942
375.900000000 28.1205 32.2597 0 0 0 -0.40325 0.91509
376.000000000 28.1341 32.2451 0 0 0 -0.402963 0.915216
376.100000000 28.1488 32.2292 0 0 0 -0.402651 0.915354
376.200000000 28.1647 32.2121 0 0 0 -0.402315 0.915501
376.300000000 28.1783 32.1974 0 0 0 -0.402028 0.915627
376.400000000 28.1931 32.1816 0 0 0 -0.401716 0.915764
376.500000000 28.209 32.1645 0 0 0 -0.40138 0.915912
376.600000000 28.2261 32.1462 0 0 0 -0.40102 0.916069
376.700000000 28.2409 32.1304 0 0 0 -0.400708 0.916206
376.800000000 28.2568 32.1134 0 0 0 -0.400373 0.916352
376.900000000 28.2739 32.0951 0 0 0 -0.400013 0.91651
377.000000000 28.2887 32.0793 0 0 0 -0.3997 0.916646
377.100000000 28.3047 32.0623 0 0 0 -0.399364 0.916792
377.200000000 28.3184 32.0478 0 0 0 -0.399076 0.916918
377.300000000 28.3333 32.032 0 0 0 -0.398764 0.917054
377.400000000 28.3493 32.0151 0 0 0 -0.398428 0.9172
377.500000000 28.3631 32.0005 0 0 0 -0.39814 0.917325
377.600000000 28.378 31.9848 0 0 0 -0.397827 0.91746
377.700000000 28.394 31.9679 0 0 0 -0.397491 0.917606
377.800000000 28.4078 31.9534 0 0 0 -0.397202 0.917731
377.900000000 28.4227 31.9376 0 0 0 -0.39689 0.917866
378.000000000 28.4388 31.9207 0 0 0 -0.396722 0.917939
378.100000000 28.4525 31.9062 0 0 0 -0.396578 0.918001
378.200000000 28.4674 31.8904 0 0 0 -0.396421 0.918069
378.300000000 28.4835 31.8735 0 0 0 -0.396253 0.918141
378.400000000 28.5007 31.8554 0 0 0 -0.396073 0.918219
378.500000000 28.5156 31.8397 0 0 0 -0.395916 0.918287
378.600000000 28.5317 31.8227 0 0 0 -0.395748 0.918359
378.700000000 28.5523 31.801 0 0 0 -0.395532 0.918452
378.800000000 28.573 31.7793 0 0 0 -0.395315 0.918545
378.900000000 28.5925 31.7588 0 0 0 -0.395111 0.918633
379.000000000 28.6109 31.7395 0 0 0 -0.394918 0.918716
379.100000000 28.6294 31.7202 0 0 0 -0.394726 0.918799
379.200000000 28.6432 31.7057 0 0 0 -0.394582 0.918861
379.300000000 28.6674 31.6804 0 0 0 -0.394329 0.918969
379.400000000 28.6904 31.6563 0 0 0 -0.394088 0.919073
379.500000000 28.7123 31.6334 0 0 0 -0.39386 0.919171
379.600000000 28.7342 31.6106 0 0 0 -0.393631 0.919268
379.700000000 28.755 31.5889 0 0 0 -0.393415 0.919361
379.800000000 28.7746 31.5685 0 0 0 -0.39321 0.919449
379.900000000 28.7942 31.5481 0 0 0 -0.393005 0.919536
380.000000000 28.8127 31.5289 0 0 0 -0.392813 0.919619
380.100000000 28.8301 31.5109 0 0 0 -0.392632 0.919696
380.200000000 28.8543 31.4856 0 0 0 -0.392632 0.919696
380.300000000 28.8773 31.4615 0 0 0 -0.392632 0.919696
380.400000000 28.8992 31.4386 0 0 0 -0.392632 0.919696
380.500000000 28.9211 31.4158 0 0 0 -0.392632 0.919696
380.600000000 28.9419 31.3941 0 0 0 -0.392632 0.919696
380.700000000 28.9615 31.3736 0 0 0 -0.392632 0.919696
380.800000000 28.9811 31.3532 0 0 0 -0.392632 0.919696
380.900000000 28.9995 31.3339 0 0 0 -0.392632 0.919696
381.000000000 29.018 31.3147 0 0 0 -0.392632 0.919696
381.100000000 29.0353 31.2966 0 0 0 -0.392632 0.919696
381.200000000 29.0537 31.2773 0 0 0 -0.392632 0.919696
381.300000000 29.0699 31.2605 0 0 0 -0.392632 0.919696
381.400000000 29.0872 31.2424 0 0 0 -0.392632 0.919696
381.500000000 29.1021 31.2268 0 0 0 -0.392632 0.919696
381.600000000 29.1183 31.2099 0 0 0 -0.392632 0.919696
381.700000000 29.1356 31.1919 0 0 0 -0.392632 0.919696
381.800000000 29.1506 31.1762 0 0 0 -0.392632 0.919696
381.900000000 29.1667 31.1594 0 0 0 -0.392632 0.919696
382.000000000 29.1805 31.1449 0 0 0 -0.392632 0.919696
382.100000000 29.1955 31.1293 0 0 0 -0.392632 0.919696
382.200000000 29.2117 31.1124 0 0 0 -0.392632 0.919696
382.300000000 29.2289 31.0944 0 0 0 -0.392632 0.919696
382.400000000 29.2439 31.0787 0 0 0 -0.392632 0.919696
382.500000000 29.2601 31.0619 0 0 0 -0.392632 0.919696
382.600000000 29.2774 31.0438 0 0 0 -0.392632 0.919696
382.700000000 29.2924 31.0282 0 0 0 -0.392632 0.919696
382.800000000 29.3085 31.0113 0 0 0 -0.392632 0.919696
382.900000000 29.3269 30.9921 0 0 0 -0.392632 0.919696
383.000000000 29.3431 30.9752 0 0 0 -0.392632 0.919696
383.100000000 29.3569 30.9608 0 0 0 -0.392632 0.919696
383.200000000 29.3719 30.9451 0 0 0 -0.392632 0.919696
383.300000000 29.3869 30.9295 0 0 0 -0.392632 0.919696
383.400000000 29.4042 30.9114 0 0 0 -0.392632 0.919696
383.500000000 29.4226 30.8922 0 0 0 -0.392632 0.919696
383.600000000 29.4388 30.8753 0 0 0 -0.392632 0.919696
383.700000000 29.456 30.8573 0 0 0 -0.392632 0.919696
383.800000000 29.471 30.8416 0 0 0 -0.392632 0.919696
383.900000000 29.4872 30.8248 0 0 0 -0.392632 0.919696
384.000000000 29.5045 30.8067 0 0 0 -0.392632 0.919696
384.100000000 29.5264 30.7838 0 0 0 -0.392632 0.919696
384.200000000 29.5471 30.7622 0 0 0 -0.392632 0.919696
384.300000000 29.5679 30.7405 0 0 0 -0.392632 0.919696
384.400000000 29.5875 30.72 0 0 0 -0.392632 0.919696
384.500000000 29.6071 30.6996 0 0 0 -0.392632 0.919696
384.600000000 29.6255 30.6803 0 0 0 -0.392632 0.919696
384.700000000 29.6428 30.6623 0 0 0 -0.392632 0.919696
384.800000000 29.6601 30.6442 0 0 0 -0.392632 0.919696
384.900000000 29.6762 30.6274 0 0 0 -0.392632 0.919696
385.000000000 29.6924 30.6105 0 0 0 -0.392632 0.919696
385.100000000 29.7166 30.5852 0 0 0 -0.392632 0.919696
385.200000000 29.7396 30.5612 0 0 0 -0.392632 0.919696
385.300000000 29.7615 30.5383 0 0 0 -0.392632 0.919696
385.400000000 29.7834 30.5154 0 0 0 -0.392632 0.919696
385.500000000 29.8042 30.4937 0 0 0 -0.392632 0.919696
385.600000000 29.8238 30.4733 0 0 0 -0.392632 0.919696
385.700000000 29.8434 30.4528 0 0 0 -0.392632 0.919696
385.800000000 29.8618 30.4336 0 0 0 -0.392632 0.919696
385.900000000 29.8803 30.4143 0 0 0 -0.392632 0.919696
386.000000000 29.8976 30.3963 0 0 0 -0.392632 0.919696
386.100000000 29.9137 30.3794 0 0 0 -0.392632 0.919696
386.200000000 29.9298 30.3625 0 0 0 -0.392632 0.919696
386.300000000 29.9448 30.3469 0 0 0 -0.392632 0.919696
386.400000000 29.9598 30.3313 0 0 0 -0.392632 0.919696
386.500000000 29.9748 30.3156 0 0 0 -0.392632 0.919696
386.600000000 29.9909 30.2988 0 0 0 -0.392632 0.919696
386.700000000 30.0059 30.2831 0 0 0 -0.392632 0.919696
386.800000000 30.0209 30.2675 0 0 0 -0.392632 0.919696
386.900000000 30.0348 30.253 0 0 0 -0.392632 0.919696
387.000000000 30.0497 30.2374 0 0 0 -0.392632 0.919696
387.100000000 30.0659 30.2205 0 0 0 -0.392632 0.919696
387.200000000 30.082 30.2037 0 0 0 -0.392632 0.919696
387.300000000 30.097 30.188 0 0 0 -0.392632 0.919696
387.400000000 30.112 30.1724 0 0 0 -0.392632 0.919696
387.500000000 30.1281 30.1555 0 0 0 -0.392632 0.919696
387.600000000 30.1431 30.1399 0 0 0 -0.392632 0.919696
387.700000000 30.1581 30.1242 0 0 0 -0.392632 0.919696
387.800000000 30.1719 30.1098 0 0 0 -0.392632 0.919696
387.900000000 30.1858 30.0953 0 0 0 -0.392632 0.919696
388.000000000 30.1985 30.0821 0 0 0 -0.392632 0.919696
388.100000000 30.2157 30.064 0 0 0 -0.392632 0.919696
388.200000000 30.233 30.046 0 0 0 -0.392632 0.919696
388.300000000 30.2492 30.0291 0 0 0 -0.392632 0.919696
388.400000000 30.2653 30.0123 0 0 0 -0.392632 0.919696
388.500000000 30.2803 29.9966 0 0 0 -0.392632 0.919696
388.600000000 30.2953 29.981 0 0 0 -0.392632 0.919696
388.700000000 30.3091 29.9665 0 0 0 -0.392632 0.919696
388.800000000 30.323 29.9521 0 0 0 -0.392632 0.919696
388.900000000 30.3379 29.9364 0 0 0 -0.392632 0.919696
389.000000000 30.3541 29.9196 0 0 0 -0.392632 0.919696
389.100000000 30.3679 29.9052 0 0 0 -0.392632 0.919696
389.200000000 30.3829 29.8895 0 0 0 -0.392632 0.919696
389.300000000 30.3956 29.8763 0 0 0 -0.392632 0.919696
389.400000000 30.4094 29.8618 0 0 0 -0.392632 0.919696
389.500000000 30.4244 29.8462 0 0 0 -0.392632 0.919696
389.600000000 30.4371 29.8329 0 0 0 -0.392632 0.919696
389.700000000 30.4498 29.8197 0 0 0 -0.392632 0.919696
389.800000000 30.4636 29.8052 0 0 0 -0.392632 0.919696
389.900000000 30.4832 29.7848 0 0 0 -0.392632 0.919696
390.000000000 30.5005 29.7667 0 0 0 -0.392632 0.919696
390.100000000 30.5189 29.7475 0 0 0 -0.392632 0.919696
390.200000000 30.5351 29.7306 0 0 0 -0.392632 0.919696
390.300000000 30.5524 29.7126 0 0 0 -0.392632 0.919696
390.400000000 30.5743 29.6897 0 0 0 -0.392632 0.919696
390.500000000 30.595 29.668 0 0 0 -0.392632 0.919696
390.600000000 30.6135 29.6488 0 0 0 -0.392632 0.919696
390.700000000 30.6331 29.6283 0 0 0 -0.392632 0.919696
390.800000000 30.6527 29.6078 0 0 0 -0.392632 0.919696
390.900000000 30.6711 29.5886 0 0 0 -0.392632 0.919696
391.000000000 30.6895 29.5693 0 0 0 -0.392632 0.919696
391.100000000 30.7138 29.5441 0 0 0 -0.392632 0.919696
391.200000000 30.7368 29.52 0 0 0 -0.392632 0.919696
391.300000000 30.7587 29.4971 0 0 0 -0.392632 0.919696
391.400000000 30.7806 29.4742 0 0 0 -0.392632 0.919696
391.500000000 30.8014 29.4526 0 0 0 -0.392632 0.919696
391.600000000 30.821 29.4321 0 0 0 -0.392632 0.919696
391.700000000 30.8406 29.4116 0 0 0 -0.392632 0.919696
391.800000000 30.859 29.3924 0 0 0 -0.392632 0.919696
391.900000000 30.8775 29.3731 0 0 0 -0.392632 0.919696
392.000000000 30.8947 29.3551 0 0 0 -0.392632 0.919696
392.100000000 30.912 29.337 0 0 0 -0.392632 0.919696
392.200000000 30.9282 29.3202 0 0 0 -0.392632 0.919696
392.300000000 30.9432 29.3045 0 0 0 -0.392632 0.919696
392.400000000 30.9581 29.2889 0 0 0 -0.392632 0.919696
392.500000000 30.9731 29.2732 0 0 0 -0.392632 0.919696
392.600000000 30.987 29.2588 0 0 0 -0.392632 0.919696
392.700000000 31.0008 29.2443 0 0 0 -0.392632 0.919696
392.800000000 31.0135 29.2311 0 0 0 -0.392632 0.919696
392.900000000 31.0273 29.2167 0 0 0 -0.392632 0.919696
393.000000000 31.0411 29.2022 0 0 0 -0.392632 0.919696
393.100000000 31.0561 29.1866 0 0 0 -0.392632 0.919696
393.200000000 31.07 29.1721 0 0 0 -0.392632 0.919696
393.300000000 31.0838 29.1577 0 0 0 -0.392632 0.919696
393.400000000 31.0976 29.1432 0 0 0 -0.392632 0.919696
393.500000000 31.1103 29.13 0 0 0 -0.392632 0.919696
393.600000000 31.1242 29.1155 0 0 0 -0.392632 0.919696
393.700000000 31.138 29.1011 0 0 0 -0.392632 0.919696
393.800000000 31.1507 29.0879 0 0 0 -0.392632 0.919696
393.900000000 31.1633 29.0746 0 0 0 -0.392632 0.919696
394.000000000 31.1772 29.0602 0 0 0 -0.392632 0.919696
394.100000000 31.191 29.0457 0 0 0 -0.392632 0.919696
394.200000000 31.2037 29.0325 0 0 0 -0.392632 0.919696
394.300000000 31.2175 29.018 0 0 0 -0.392632 0.919696
394.400000000 31.2314 29.0036 0 0 0 -0.392632 0.919696
394.500000000 31.2463 28.988 0 0 0 -0.392632 0.919696
394.600000000 31.2625 28.9711 0 0 0 -0.392632 0.919696
394.700000000 31.2763 28.9567 0 0 0 -0.392632 0.919696
394.800000000 31.2913 28.941 0 0 0 -0.392632 0.919696
394.900000000 31.304 28.9278 0 0 0 -0.392632 0.919696
395.000000000 31.3178 28.9133 0 0 0 -0.392632 0.919696
395.100000000 31.3317 28.8989 0 0 0 -0.392632 0.919696
395.200000000 31.3443 28.8856 0 0 0 -0.392632 0.919696
395.300000000 31.357 28.8724 0 0 0 -0.392632 0.919696
395.400000000 31.3708 28.858 0 0 0 -0.392632 0.919696
395.500000000 31.3858 28.8423 0 0 0 -0.392632 0.919696
395.600000000 31.402 28.8255 0 0 0 -0.392632 0.919696
395.700000000 31.4193 28.8074 0 0 0 -0.392632 0.919696
395.800000000 31.4354 28.7906 0 0 0 -0.392632 0.919696
395.900000000 31.4515 28.7737 0 0 0 -0.392632 0.919696
396.000000000 31.47 28.7544 0 0 0 -0.392632 0.919696
396.100000000 31.485 28.7388 0 0 0 -0.392632 0.919696
396.200000000 31.5023 28.7207 0 0 0 -0.392632 0.919696
396.300000000 31.5207 28.7015 0 0 0 -0.392632 0.919696
396.400000000 31.5369 28.6846 0 0 0 -0.392632 0.919696
396.500000000 31.5541 28.6666 0 0 0 -0.392632 0.919696
396.600000000 31.5691 28.6509 0 0 0 -0.392632 0.919696
396.700000000 31.5922 28.6269 0 0 0 -0.392632 0.919696
396.800000000 31.6106 28.6076 0 0 0 -0.392632 0.919696
396.900000000 31.6268 28.5907 0 0 0 -0.392632 0.919696
397.000000000 31.6441 28.5727 0 0 0 -0.392632 0.919696
397.100000000 31.659 28.557 0 0 0 -0.392632 0.919696
397.200000000 31.6752 28.5402 0 0 0 -0.392632 0.919696
397.300000000 31.689 28.5257 0 0 0 -0.392632 0.919696
397.400000000 31.7075 28.5065 0 0 0 -0.392632 0.919696
397.500000000 31.7294 28.4836 0 0 0 -0.392632 0.919696
397.600000000 31.7501 28.4619 0 0 0 -0.392632 0.919696
397.700000000 31.7697 28.4415 0 0 0 -0.392632 0.919696
397.800000000 31.7893 28.421 0 0 0 -0.392632 0.919696
397.900000000 31.8112 28.3982 0 0 0 -0.392632 0.919696
398.000000000 31.832 28.3765 0 0 0 -0.392632 0.919696
398.100000000 31.8527 28.3548 0 0 0 -0.392632 0.919696
398.200000000 31.8723 28.3344 0 0 0 -0.392632 0.919696
398.300000000 31.8919 28.3139 0 0 0 -0.392632 0.919696
398.400000000 31.9104 28.2946 0 0 0 -0.392632 0.919696
398.500000000 31.9277 28.2766 0 0 0 -0.392632 0.919696
398.600000000 31.9449 28.2585 0 0 0 -0.392632 0.919696
398.700000000 31.9611 28.2417 0 0 0 -0.392632 0.919696
398.800000000 31.9772 28.2248 0 0 0 -0.392632 0.919696
398.900000000 31.9922 28.2092 0 0 0 -0.392632 0.919696
399.000000000 32.0072 28.1935 0 0 0 -0.392632 0.919696
399.100000000 32.0222 28.1779 0 0 0 -0.392632 0.919696
399.200000000 32.036 28.1634 0 0 0 -0.392632 0.919696
399.300000000 32.051 28.1478 0 0 0 -0.392632 0.919696
399.400000000 32.066 28.1321 0 0 0 -0.392632 0.919696
399.500000000 32.0798 28.1177 0 0 0 -0.392632 0.919696
399.600000000 32.0937 28.1033 0 0 0 -0.392632 0.919696
399.700000000 32.1086 28.0876 0 0 0 -0.392632 0.919696
399.800000000 32.1225 28.0732 0 0 0 -0.392632 0.919696
399.900000000 32.1363 28.0587 0 0 0 -0.392632 0.919696
400.000000000 32.1501 28.0443 0 0 0 -0.392632 0.919696
400.100000000 32.1628 28.031 0 0 0 -0.392632 0.919696
400.200000000 32.1767 28.0166 0 0 0 -0.392632 0.919696
400.300000000 32.1905 28.0021 0 0 0 -0.392632 0.919696
400.400000000 32.2032 27.9889 0 0 0 -0.392632 0.919696
400.500000000 32.217 27.9745 0 0 0 -0.392632 0.919696
400.600000000 32.2308 27.96 0 0 0 -0.392632 0.919696
400.700000000 32.2493 27.9408 0 0 0 -0.392632 0.919696
400.800000000 32.2666 27.9227 0 0 0 -0.392632 0.919696
400.900000000 32.2839 27.9046 0 0 0 -0.392632 0.919696
401.000000000 32.3 27.8878 0 0 0 -0.392632 0.919696
401.100000000 32.3161 27.8709 0 0 0 -0.392632 0.919696
401.200000000 32.3311 27.8553 0 0 0 -0.392632 0.919696
401.300000000 32.3461 27.8396 0 0 0 -0.392632 0.919696
401.400000000 32.36 27.8252 0 0 0 -0.392632 0.919696
401.500000000 32.3738 27.8108 0 0 0 -0.392632 0.919696
401.600000000 32.3888 27.7951 0 0 0 -0.392632 0.919696
401.700000000 32.4049 27.7783 0 0 0 -0.392632 0.919696
401.800000000 32.4199 27.7626 0 0 0 -0.392632 0.919696
401.900000000 32.4349 27.747 0 0 0 -0.392632 0.919696
402.000000000 32.451 27.7301 0 0 0 -0.392632 0.919696
402.100000000 32.4649 27.7157 0 0 0 -0.392632 0.919696
402.200000000 32.4798 27.7 0 0 0 -0.392632 0.919696
402.300000000 32.4925 27.6868 0 0 0 -0.392632 0.919696
402.400000000 32.5098 27.6687 0 0 0 -0.392632 0.919696
402.500000000 32.5283 27.6495 0 0 0 -0.392632 0.919696
402.600000000 32.5479 27.629 0 0 0 -0.392632 0.919696
402.700000000 32.5663 27.6097 0 0 0 -0.392632 0.919696
402.800000000 32.5824 27.5929 0 0 0 -0.392632 0.919696
402.900000000 32.5997 27.5748 0 0 0 -0.392632 0.919696
403.000000000 32.6182 27.5556 0 0 0 -0.392632 0.919696
403.100000000 32.6343 27.5387 0 0 0 -0.392632 0.919696
403.200000000 32.6516 27.5207 0 0 0 -0.392632 0.919696
403.300000000 32.6735 27.4978 0 0 0 -0.392632 0.919696
403.400000000 32.6908 27.4798 0 0 0 -0.392632 0.919696
403.500000000 32.7058 27.4641 0 0 0 -0.392632 0.919696
403.600000000 32.7219 27.4473 0 0 0 -0.392632 0.919696
403.700000000 32.7392 27.4292 0 0 0 -0.392632 0.919696
403.800000000 32.7542 27.4135 0 0 0 -0.392632 0.919696
403.900000000 32.7703 27.3967 0 0 0 -0.392632 0.919696
404.000000000 32.7876 27.3786 0 0 0 -0.392632 0.919696
404.100000000 32.8084 27.357 0 0 0 -0.392632 0.919696
404.200000000 32.828 27.3365 0 0 0 -0.392632 0.919696
404.300000000 32.8475 27.3159 0 0 0 -0.393042 0.919521
404.400000000 32.8658 27.2965 0 0 0 -0.393427 0.919356
404.500000000 32.8841 27.2771 0 0 0 -0.393812 0.919191
404.600000000 32.9046 27.2553 0 0 0 -0.394245 0.919005
404.700000000 32.924 27.2346 0 0 0 -0.394654 0.91883
404.800000000 32.9434 27.214 0 0 0 -0.395063 0.918654
404.900000000 32.9616 27.1945 0 0 0 -0.395448 0.918488
405.000000000 32.981 27.1738 0 0 0 -0.395857 0.918312
405.100000000 32.998 27.1555 0 0 0 -0.396218 0.918157
405.200000000 33.0139 27.1384 0 0 0 -0.396554 0.918011
405.300000000 33.0296 27.1211 0 0 0 -0.397567 0.917573
405.400000000 33.0794 27.0651 0 0 0 -0.402123 0.915586
405.500000000 33.0926 27.05 0 0 0 -0.403134 0.915141
405.600000000 33.1418 26.9934 0 0 0 -0.407678 0.913126
405.700000000 33.1903 26.9362 0 0 0 -0.412212 0.911088
405.800000000 33.2384 26.8786 0 0 0 -0.416736 0.909027
405.900000000 33.2858 26.8204 0 0 0 -0.42125 0.906944
406.000000000 33.3327 26.7619 0 0 0 -0.425754 0.904839
406.100000000 33.3789 26.7028 0 0 0 -0.430247 0.902711
406.200000000 33.4246 26.6433 0 0 0 -0.434729 0.900561
406.300000000 33.4695 26.5832 0 0 0 -0.439772 0.898109
406.400000000 33.5137 26.5226 0 0 0 -0.444802 0.895629
406.500000000 33.5572 26.4615 0 0 0 -0.449818 0.89312
406.600000000 33.6001 26.3999 0 0 0 -0.454819 0.890584
406.700000000 33.6422 26.3378 0 0 0 -0.459806 0.888019
406.800000000 33.6837 26.2753 0 0 0 -0.464779 0.885427
406.900000000 33.7244 26.2123 0 0 0 -0.469737 0.882806
407.000000000 33.7644 26.1489 0 0 0 -0.474681 0.880158
407.100000000 33.8038 26.085 0 0 0 -0.479609 0.877482
407.200000000 33.8424 26.0207 0 0 0 -0.484523 0.874779
407.300000000 33.8802 25.9559 0 0 0 -0.489421 0.872048
407.400000000 33.9174 25.8907 0 0 0 -0.494303 0.869289
407.500000000 33.9538 25.8251 0 0 0 -0.499171 0.866504
407.600000000 33.9895 25.7591 0 0 0 -0.504022 0.863691
407.700000000 34.0244 25.6927 0 0 0 -0.508858 0.860851
407.800000000 34.0586 25.626 0 0 0 -0.513677 0.857983
407.900000000 34.0906 25.5581 0 0 0 -0.521958 0.852971
408.000000000 34.1213 25.4895 0 0 0 -0.530191 0.847879
408.100000000 34.1506 25.4205 0 0 0 -0.538373 0.842707
408.200000000 34.1786 25.3508 0 0 0 -0.546505 0.837456
408.300000000 34.2022 25.283 0 0 0 -0.558326 0.829622
408.400000000 34.2222 25.2193 0 0 0 -0.569727 0.821834
408.500000000 34.2399 25.1566 0 0 0 -0.580739 0.81409
408.600000000 34.2551 25.0967 0 0 0 -0.591088 0.806607
408.700000000 34.2685 25.038 0 0 0 -0.601066 0.7992
408.800000000 34.28 24.9807 0 0 0 -0.610677 0.79188
408.900000000 34.2898 24.9247 0 0 0 -0.619928 0.784659
409.000000000 34.2981 24.8702 0 0 0 -0.628826 0.777546
409.100000000 34.3049 24.8172 0 0 0 -0.637376 0.770553
409.200000000 34.3117 24.7625 0 0 0 -0.644235 0.764827
409.300000000 34.3177 24.7078 0 0 0 -0.650683 0.75935
409.400000000 34.3227 24.6546 0 0 0 -0.65689 0.753986
409.500000000 34.3266 24.603 0 0 0 -0.662862 0.748742
409.600000000 34.3296 24.553 0 0 0 -0.6686 0.743622
409.700000000 34.3317 24.5047 0 0 0 -0.674111 0.73863
409.800000000 34.3331 24.458 0 0 0 -0.679395 0.733773
409.900000000 34.3338 24.4129 0 0 0 -0.684458 0.729052
410.000000000 34.3339 24.3695 0 0 0 -0.689302 0.724474
410.100000000 34.3334 24.3278 0 0 0 -0.693931 0.720041
410.200000000 34.3324 24.2877 0 0 0 -0.698348 0.715758
410.300000000 34.3322 24.2477 0 0 0 -0.700612 0.713542
410.400000000 34.3318 24.2094 0 0 0 -0.702556 0.711628
410.500000000 34.3312 24.1727 0 0 0 -0.70441 0.709793
410.600000000 34.3305 24.1377 0 0 0 -0.706176 0.708036
410.700000000 34.3296 24.1027 0 0 0 -0.707937 0.706275
410.800000000 34.3285 24.0694 0 0 0 -0.709611 0.704594
410.900000000 34.3274 24.0377 0 0 0 -0.711197 0.702993
411.000000000 34.3262 24.0077 0 0 0 -0.712696 0.701473
411.100000000 34.3249 23.9777 0 0 0 -0.714192 0.69995
411.200000000 34.3235 23.9494 0 0 0 -0.715601 0.698509
411.300000000 34.3224 23.9211 0 0 0 -0.71638 0.697711
411.400000000 34.3212 23.8945 0 0 0 -0.717112 0.696958
411.500000000 34.3201 23.8695 0 0 0 -0.717797 0.696253
411.600000000 34.319 23.8445 0 0 0 -0.718481 0.695546
411.700000000 34.3179 23.8212 0 0 0 -0.71912 0.694886
411.800000000 34.3167 23.7979 0 0 0 -0.719758 0.694226
411.900000000 34.3156 23.7763 0 0 0 -0.720349 0.693612
412.000000000 34.3144 23.7546 0 0 0 -0.72094 0.692997
412.100000000 34.3131 23.7313 0 0 0 -0.721576 0.692335
412.200000000 34.3119 23.7097 0 0 0 -0.722048 0.691843
412.300000000 34.3107 23.6864 0 0 0 -0.722556 0.691313
412.400000000 34.3094 23.6648 0 0 0 -0.723027 0.69082
412.500000000 34.3082 23.6431 0 0 0 -0.723497 0.690327
412.600000000 34.307 23.6232 0 0 0 -0.723931 0.689872
412.700000000 34.3057 23.6015 0 0 0 -0.724401 0.689378
412.800000000 34.3044 23.5816 0 0 0 -0.724835 0.688922
412.900000000 34.3031 23.5599 0 0 0 -0.725304 0.688428
413.000000000 34.3018 23.54 0 0 0 -0.725737 0.687972
413.100000000 34.3004 23.52 0 0 0 -0.72617 0.687515
413.200000000 34.2991 23.5001 0 0 0 -0.726603 0.687058
413.300000000 34.2977 23.4801 0 0 0 -0.727035 0.686601
413.400000000 34.2963 23.4602 0 0 0 -0.727466 0.686143
413.500000000 34.295 23.4419 0 0 0 -0.727862 0.685724
413.600000000 34.2936 23.4219 0 0 0 -0.728293 0.685266
413.700000000 34.2921 23.402 0 0 0 -0.728724 0.684807
413.800000000 34.2906 23.382 0 0 0 -0.729155 0.684349
413.900000000 34.289 23.3604 0 0 0 -0.729621 0.683851
414.000000000 34.2874 23.3405 0 0 0 -0.730051 0.683392
414.100000000 34.2843 23.319 0 0 0 -0.732976 0.680255
414.200000000 34.2715 23.2628 0 0 0 -0.747392 0.664383
414.300000000 34.2563 23.2081 0 0 0 -0.761724 0.647901
414.400000000 34.2386 23.1541 0 0 0 -0.775693 0.631111
414.500000000 34.2187 23.101 0 0 0 -0.789291 0.614019
414.600000000 34.1964 23.0487 0 0 0 -0.802513 0.596635
414.700000000 34.1719 22.9975 0 0 0 -0.815352 0.578965
414.800000000 34.1451 22.9474 0 0 0 -0.827802 0.56102
414.900000000 34.1162 22.8985 0 0 0 -0.839858 0.542807
415.000000000 34.0852 22.8509 0 0 0 -0.851512 0.524335
415.100000000 34.0521 22.8047 0 0 0 -0.862761 0.505613
415.200000000 34.0171 22.76 0 0 0 0.873597 -0.486649
415.300000000 33.9739 22.7003 0 0 0 0.879962 -0.475044
415.400000000 33.9305 22.6391 0 0 0 0.883189 -0.469018
415.500000000 33.8864 22.5784 0 0 0 0.886093 -0.463507
415.600000000 33.8418 22.5181 0 0 0 0.888679 -0.45853
415.700000000 33.7965 22.4583 0 0 0 0.891236 -0.453539
415.800000000 33.7506 22.399 0 0 0 0.893766 -0.448534
415.900000000 33.704 22.3402 0 0 0 0.896267 -0.443515
416.000000000 33.6567 22.2819 0 0 0 0.89874 -0.438482
416.100000000 33.6088 22.2242 0 0 0 0.901185 -0.433435
416.200000000 33.5602 22.167 0 0 0 0.903602 -0.428374
416.300000000 33.5152 22.107 0 0 0 0.900141 -0.435598
416.400000000 33.4775 22.0539 0 0 0 0.896475 -0.443094
416.500000000 33.4417 22.0017 0 0 0 0.892843 -0.450368
416.600000000 33.4004 21.939 0 0 0 0.888196 -0.459465
416.700000000 33.3604 21.8754 0 0 0 0.883456 -0.468514
416.800000000 33.3218 21.8111 0 0 0 0.878624 -0.477514
416.900000000 33.2844 21.746 0 0 0 0.873701 -0.486464
417.000000000 33.2484 21.6801 0 0 0 0.868686 -0.495363
417.100000000 33.2138 21.6135 0 0 0 -0.863581 0.504211
417.200000000 33.1805 21.5462 0 0 0 -0.858385 0.513006
417.300000000 33.1491 21.478 0 0 0 -0.852291 0.523068
417.400000000 33.1194 21.409 0 0 0 -0.846079 0.533057
417.500000000 33.0913 21.3394 0 0 0 -0.839751 0.542972
417.600000000 33.0648 21.2691 0 0 0 -0.833306 0.552813
417.700000000 33.0399 21.1983 0 0 0 -0.826873 0.562389
417.800000000 33.0172 21.1285 0 0 0 -0.820476 0.57168
417.900000000 32.997 21.0614 0 0 0 -0.814274 0.580481
418.000000000 32.9787 20.9954 0 0 0 -0.808127 0.589008
418.100000000 32.9622 20.9307 0 0 0 -0.802045 0.597264
418.200000000 32.9478 20.869 0 0 0 -0.796188 0.605049
418.300000000 32.9338 20.8054 0 0 0 -0.790777 0.612104
418.400000000 32.9213 20.7433 0 0 0 -0.785445 0.618931
418.500000000 32.9105 20.6842 0 0 0 -0.780339 0.625357
418.600000000 32.9009 20.6266 0 0 0 -0.775325 0.631563
418.700000000 32.8925 20.5705 0 0 0 -0.770406 0.637554
418.800000000 32.8851 20.5159 0 0 0 -0.765588 0.643331
418.900000000 32.8788 20.4629 0 0 0 -0.760874 0.648899
419.000000000 32.8737 20.4131 0 0 0 -0.756419 0.654088
419.100000000 32.8693 20.3649 0 0 0 -0.752078 0.659074
419.200000000 32.8657 20.3184 0 0 0 -0.747855 0.663862
419.300000000 32.8628 20.2734 0 0 0 -0.743755 0.668452
419.400000000 32.8606 20.2301 0 0 0 -0.73978 0.672849
419.500000000 32.8588 20.1867 0 0 0 -0.735779 0.677222
419.600000000 32.8577 20.145 0 0 0 -0.731907 0.681405
419.700000000 32.857 20.105 0 0 0 -0.728168 0.685399
419.800000000 32.8568 20.0666 0 0 0 -0.724564 0.689208
419.900000000 32.8617 20.0061 0 0 0 -0.71076 0.703434
420.000000000 32.8723 19.9618 0 0 0 -0.690962 0.722891
420.100000000 32.888 19.9356 0 0 0 -0.66428 0.747483
420.200000000 32.9074 19.9343 0 0 0 -0.627846 0.778338
420.300000000 32.9267 19.9395 0 0 0 -0.588161 0.808744
420.400000000 32.9454 19.9466 0 0 0 -0.547005 0.837129
420.500000000 32.9632 19.9555 0 0 0 -0.504482 0.863422
420.600000000 32.9801 19.9662 0 0 0 -0.460699 0.887556
420.700000000 32.9959 19.9785 0 0 0 -0.415764 0.909473
420.800000000 33.0103 19.9923 0 0 0 -0.36979 0.929116
420.900000000 33.0233 20.0075 0 0 0 -0.322891 0.946436
421.000000000 33.0348 20.0239 0 0 0 -0.275185 0.961391
421.100000000 33.0445 20.0414 0 0 0 -0.226792 0.973943
421.200000000 33.0524 20.0597 0 0 0 -0.177832 0.984061
421.300000000 33.0584 20.0788 0 0 0 -0.128427 0.991719
421.400000000 33.0626 20.0983 0 0 0 -0.078701 0.996898
421.500000000 33.0647 20.1182 0 0 0 -0.0287785 0.999586
421.600000000 33.0649 20.1382 0 0 0 0.0212159 0.999775
421.700000000 33.063 20.1581 0 0 0 0.0711573 0.997465
421.800000000 33.0592 20.1777 0 0 0 0.120921 0.992662
421.900000000 33.0534 20.1969 0 0 0 0.170382 0.985378
422.000000000 33.0458 20.2154 0 0 0 0.219418 0.975631
422.100000000 33.0363 20.233 0 0 0 0.267905 0.963445
422.200000000 33.0252 20.2496 0 0 0 0.315722 0.948852
422.300000000 33.0124 20.2649 0 0 0 0.36275 0.931886
422.400000000 32.9982 20.279 0 0 0 0.408872 0.912592
422.500000000 32.9826 20.2915 0 0 0 0.453971 0.891016
422.600000000 32.9659 20.3025 0 0 0 0.497936 0.867214
422.700000000 32.9481 20.3117 0 0 0 0.540657 0.841243
422.800000000 32.9295 20.319 0 0 0 0.582026 0.81317
422.900000000 32.9103 20.3245 0 0 0 0.62194 0.783065
423.000000000 32.8906 20.3281 0 0 0 0.6603 0.751002
423.100000000 32.8707 20.3296 0 0 0 0.697009 0.717063
423.200000000 32.8507 20.3292 0 0 0 0.731976 0.681331
423.300000000 32.834 20.352 0 0 0 0.757161 0.653229
423.400000000 32.8164 20.3916 0 0 0 0.775758 0.631031
423.500000000 32.7965 20.4326 0 0 0 0.792974 0.609255
423.600000000 32.7744 20.4724 0 0 0 0.809579 0.58701
423.700000000 32.7502 20.511 0 0 0 0.825561 0.564313
423.800000000 32.7238 20.5481 0 0 0 0.840906 0.541181
423.900000000 32.6954 20.5837 0 0 0 0.855603 0.517632
424.000000000 32.6651 20.6177 0 0 0 0.869641 0.493684
424.100000000 32.6329 20.6499 0 0 0 0.883009 0.469356
424.200000000 32.599 20.6803 0 0 0 0.895697 0.444666
424.300000000 32.5563 20.7235 0 0 0 0.904335 0.426824
424.400000000 32.5059 20.776 0 0 0 0.910102 0.414384
424.500000000 32.4532 20.8288 0 0 0 0.915312 0.402745
424.600000000 32.3992 20.8802 0 0 0 0.920374 0.39104
424.700000000 32.3438 20.9302 0 0 0 0.925286 0.379271
424.800000000 32.2873 20.9788 0 0 0 0.930047 0.367441
424.900000000 32.2294 21.026 0 0 0 0.934657 0.35555
425.000000000 32.1704 21.0716 0 0 0 0.939115 0.343603
425.100000000 32.1103 21.1158 0 0 0 0.943421 0.331599
425.200000000 32.049 21.1584 0 0 0 0.947572 0.319541
425.300000000 31.9867 21.1994 0 0 0 0.95157 0.307431
425.400000000 31.9234 21.2388 0 0 0 0.955413 0.295272
425.500000000 31.859 21.2766 0 0 0 0.959101 0.283064
425.600000000 31.7938 21.3127 0 0 0 0.962633 0.27081
425.700000000 31.7276 21.3472 0 0 0 0.966008 0.258512
425.800000000 31.6604 21.3807 0 0 0 0.968857 0.247623
425.900000000 31.5925 21.4127 0 0 0 0.971582 0.236702
426.000000000 31.5239 21.4432 0 0 0 0.974158 0.225867
426.100000000 31.4562 21.4716 0 0 0 0.976509 0.215477
426.200000000 31.3895 21.498 0 0 0 0.978699 0.205299
426.300000000 31.3238 21.5224 0 0 0 0.980736 0.195337
426.400000000 31.2608 21.5443 0 0 0 0.982582 0.18583
426.500000000 31.1989 21.5646 0 0 0 0.984293 0.176545
426.600000000 31.1383 21.5831 0 0 0 0.985875 0.167482
426.700000000 31.0789 21.6001 0 0 0 0.987336 0.158644
426.800000000 31.0209 21.6155 0 0 0 0.988681 0.150032
426.900000000 30.9658 21.6292 0 0 0 0.989883 0.141889
427.000000000 30.9121 21.6416 0 0 0 0.990985 0.133976
427.100000000 30.8599 21.6528 0 0 0 0.991993 0.126294
427.200000000 30.8092 21.6628 0 0 0 0.992913 0.118846
427.300000000 30.7584 21.6724 0 0 0 0.993679 0.112257
427.400000000 30.7107 21.6808 0 0 0 0.994357 0.106089
427.500000000 30.6646 21.6883 0 0 0 0.994974 0.10013
427.600000000 30.6201 21.695 0 0 0 0.995536 0.0943808
427.700000000 30.5754 21.7011 0 0 0 0.996065 0.088628
427.800000000 30.5324 21.7066 0 0 0 0.996542 0.0830855
427.900000000 30.491 21.7114 0 0 0 0.996973 0.0777538
428.000000000 30.4511 21.7156 0 0 0 0.997359 0.0726332
428.100000000 30.4129 21.7192 0 0 0 0.997704 0.0677242
428.200000000 30.3764 21.7223 0 0 0 0.998012 0.063027
428.300000000 30.3382 21.7256 0 0 0 0.998236 0.0593777
428.400000000 30.2999 21.7287 0 0 0 0.998446 0.0557275
428.500000000 30.2633 21.7314 0 0 0 0.998635 0.0522353
428.600000000 30.2284 21.7337 0 0 0 0.998804 0.0489013
428.700000000 30.1951 21.7357 0 0 0 0.998954 0.0457255
428.800000000 30.1618 21.7375 0 0 0 0.999094 0.0425493
428.900000000 30.1301 21.739 0 0 0 0.999218 0.0395315
429.000000000 30.1001 21.7402 0 0 0 0.999327 0.0366721
429.100000000 30.0701 21.7413 0 0 0 0.999428 0.0338125
429.200000000 30.0418 21.7421 0 0 0 0.999516 0.0311115
429.300000000 30.0152 21.7431 0 0 0 0.999567 0.0294279
429.400000000 29.9885 21.744 0 0 0 0.999615 0.0277442
429.500000000 29.9635 21.7447 0 0 0 0.999658 0.0261656
429.600000000 29.9385 21.7454 0 0 0 0.999698 0.024587
429.700000000 29.9152 21.746 0 0 0 0.999733 0.0231136
429.800000000 29.8918 21.7465 0 0 0 0.999766 0.0216401
429.900000000 29.8702 21.7469 0 0 0 0.999795 0.0202719
430.000000000 29.8485 21.7472 0 0 0 0.999821 0.0189035
430.100000000 29.8285 21.7474 0 0 0 0.999844 0.0176405
430.200000000 29.8085 21.7476 0 0 0 0.999866 0.0163774
430.300000000 29.7885 21.7479 0 0 0 0.999881 0.0154322
430.400000000 29.7685 21.7482 0 0 0 0.999893 0.0146453
430.500000000 29.7468 21.7485 0 0 0 0.999905 0.0137928
430.600000000 29.7268 21.7488 0 0 0 0.999915 0.0130058
430.700000000 29.7068 21.749 0 0 0 0.999925 0.0122188
430.800000000 29.6885 21.7491 0 0 0 0.999934 0.0114975
430.900000000 29.6685 21.7493 0 0 0 0.999943 0.0107105
431.000000000 29.6501 21.7494 0 0 0 0.99995 0.00998911
431.100000000 29.6301 21.7495 0 0 0 0.999958 0.00920212
431.200000000 29.6101 21.7495 0 0 0 0.999965 0.00841514
431.300000000 29.5901 21.7495 0 0 0 0.999971 0.00762815
431.400000000 29.5701 21.7495 0 0 0 0.999977 0.00684115
431.500000000 29.5501 21.7495 0 0 0 0.999982 0.00605415
431.600000000 29.5301 21.7494 0 0 0 0.999986 0.00526714
431.700000000 29.5085 21.7494 0 0 0 0.999989 0.00458558
431.800000000 29.4885 21.7493 0 0 0 0.999992 0.00395644
431.900000000 29.4685 21.7492 0 0 0 0.999994 0.00332729
432.000000000 29.4501 21.7491 0 0 0 0.999996 0.00275058
432.100000000 29.4318 21.749 0 0 0 0.999998 0.00217386
432.200000000 29.4118 21.7488 0 0 0 0.999999 0.00154472
432.300000000 29.3918 21.7486 0 0 0 1 0.000915571
432.400000000 29.3718 21.7484 0 0 0 1 0.000286425
432.500000000 29.3518 21.7481 0 0 0 1 -0.000342722
432.600000000 29.3318 21.7479 0 0 0 1 -0.000971868
432.700000000 29.3118 21.7476 0 0 0 0.999999 -0.00160101
432.800000000 29.2918 21.7473 0 0 0 0.999998 -0.00223016
432.900000000 29.2718 21.7469 0 0 0 0.999996 -0.0028593
433.000000000 29.2518 21.7466 0 0 0 0.999994 -0.00348845
433.100000000 29.2318 21.7462 0 0 0 0.999992 -0.00411759
433.200000000 29.2135 21.7458 0 0 0 0.999989 -0.0046943
433.300000000 29.1935 21.7454 0 0 0 0.999987 -0.00516588
433.400000000 29.1735 21.745 0 0 0 0.999984 -0.00563747
433.500000000 29.1551 21.7446 0 0 0 0.999982 -0.00606975
433.600000000 29.1351 21.7442 0 0 0 0.999979 -0.00654133
433.700000000 29.1168 21.7438 0 0 0 0.999976 -0.00697361
433.800000000 29.0968 21.7433 0 0 0 0.999972 -0.00744518
433.900000000 29.0768 21.7428 0 0 0 0.999969 -0.00791676
434.000000000 29.0568 21.7423 0 0 0 0.999965 -0.00838833
434.100000000 29.0352 21.7418 0 0 0 0.99996 -0.0088992
434.200000000 29.0152 21.7412 0 0 0 0.999956 -0.00937076
434.300000000 28.9952 21.7407 0 0 0 0.999953 -0.00968501
434.400000000 28.9769 21.7403 0 0 0 0.99995 -0.00997307
434.500000000 28.9585 21.7398 0 0 0 0.999947 -0.0102611
434.600000000 28.9385 21.7392 0 0 0 0.999944 -0.0105754
434.700000000 28.9185 21.7387 0 0 0 0.999941 -0.0108896
434.800000000 28.8986 21.7381 0 0 0 0.999937 -0.0112039
434.900000000 28.8802 21.7376 0 0 0 0.999934 -0.0114919
435.000000000 28.8602 21.737 0 0 0 0.99993 -0.0118062
435.100000000 28.8402 21.7364 0 0 0 0.999927 -0.0121204
435.200000000 28.8202 21.7358 0 0 0 0.999923 -0.0124346
435.300000000 28.7953 21.735 0 0 0 0.999918 -0.0128274
435.400000000 28.7719 21.7343 0 0 0 0.999913 -0.013194
435.500000000 28.7436 21.7334 0 0 0 0.999907 -0.0136392
435.600000000 28.717 21.7325 0 0 0 0.999901 -0.0140582
435.700000000 28.6903 21.7316 0 0 0 0.999895 -0.0144772
435.800000000 28.6653 21.7307 0 0 0 0.999889 -0.0148699
435.900000000 28.642 21.7298 0 0 0 0.999884 -0.0152365
436.000000000 28.6187 21.729 0 0 0 0.999878 -0.0156031
436.100000000 28.597 21.7282 0 0 0 0.999873 -0.0159436
436.200000000 28.5721 21.7272 0 0 0 0.999867 -0.0163363
436.300000000 28.5471 21.7263 0 0 0 0.999863 -0.0165327
436.400000000 28.5221 21.7254 0 0 0 0.99986 -0.016729
436.500000000 28.4988 21.7246 0 0 0 0.999857 -0.0169123
436.600000000 28.4755 21.7237 0 0 0 0.999854 -0.0170955
436.700000000 28.4538 21.7229 0 0 0 0.999851 -0.0172657
436.800000000 28.4322 21.7221 0 0 0 0.999848 -0.0174358
436.900000000 28.4105 21.7212 0 0 0 0.999845 -0.017606
437.000000000 28.3905 21.7205 0 0 0 0.999842 -0.017763
437.100000000 28.3705 21.7197 0 0 0 0.999839 -0.0179201
437.200000000 28.3505 21.7189 0 0 0 0.999837 -0.0180772
437.300000000 28.3306 21.7181 0 0 0 0.999834 -0.0182342
437.400000000 28.3122 21.7174 0 0 0 0.999831 -0.0183782
437.500000000 28.2939 21.7167 0 0 0 0.999828 -0.0185222
437.600000000 28.2739 21.7159 0 0 0 0.999826 -0.0186793
437.700000000 28.2556 21.7151 0 0 0 0.999823 -0.0188232
437.800000000 28.1814 21.7072 0 0 0 0.999501 -0.0315717
437.900000000 28.1252 21.6951 0 0 0 0.998595 -0.0529941
438.000000000 28.0735 21.6802 0 0 0 0.997079 -0.0763717
438.100000000 28.0226 21.6628 0 0 0 0.995017 -0.0997073
438.200000000 27.9726 21.6432 0 0 0 0.992408 -0.122988
438.300000000 27.9162 21.6208 0 0 0 0.989775 -0.142635
438.400000000 27.8598 21.5961 0 0 0 0.98682 -0.16182
438.500000000 27.8045 21.5693 0 0 0 0.983493 -0.180945
438.600000000 27.7502 21.5403 0 0 0 0.979796 -0.200001
438.700000000 27.6971 21.5092 0 0 0 0.975729 -0.218981
438.800000000 27.6453 21.4761 0 0 0 0.971295 -0.23788
438.900000000 27.5947 21.441 0 0 0 0.966494 -0.256688
439.000000000 27.5456 21.404 0 0 0 0.96133 -0.2754
439.100000000 27.4979 21.3651 0 0 0 0.955803 -0.294008
439.200000000 27.4518 21.3244 0 0 0 0.949916 -0.312506
439.300000000 27.4002 21.2821 0 0 0 0.947207 -0.320624
439.400000000 27.3503 21.2405 0 0 0 0.945027 -0.326992
439.500000000 27.3021 21.1993 0 0 0 0.942863 -0.333182
439.600000000 27.2557 21.1586 0 0 0 0.940716 -0.339196
439.700000000 27.2124 21.1195 0 0 0 0.93865 -0.344871
439.800000000 27.1707 21.081 0 0 0 0.93661 -0.350373
439.900000000 27.1307 21.0432 0 0 0 0.9346 -0.355701
440.000000000 27.0924 21.0061 0 0 0 0.932621 -0.360857
440.100000000 27.0556 20.9698 0 0 0 0.930677 -0.365841
440.200000000 27.003 20.9162 0 0 0 0.927505 -0.373811
440.300000000 26.9648 20.879 0 0 0 0.927191 -0.374588
440.400000000 26.9278 20.843 0 0 0 0.927039 -0.374965
440.500000000 26.892 20.8081 0 0 0 0.926892 -0.375329
440.600000000 26.8574 20.7744 0 0 0 0.926749 -0.37568
440.700000000 26.824 20.7418 0 0 0 0.926611 -0.37602
440.800000000 26.7918 20.7103 0 0 0 0.926479 -0.376348
440.900000000 26.7608 20.68 0 0 0 0.92635 -0.376663
441.000000000 26.7311 20.6508 0 0 0 0.926227 -0.376966
441.100000000 26.7025 20.6228 0 0 0 0.926109 -0.377257
441.200000000 26.6752 20.5959 0 0 0 0.925995 -0.377536
441.300000000 26.6477 20.5692 0 0 0 0.926109 -0.377257
441.400000000 26.6214 20.5437 0 0 0 0.926217 -0.37699
441.500000000 26.5963 20.5193 0 0 0 0.926321 -0.376736
441.600000000 26.5723 20.4961 0 0 0 0.926419 -0.376493
441.700000000 26.5484 20.4729 0 0 0 0.926518 -0.376251
441.800000000 26.5256 20.4509 0 0 0 0.926611 -0.37602
441.900000000 26.504 20.4301 0 0 0 0.9267 -0.375802
442.000000000 26.4824 20.4093 0 0 0 0.926789 -0.375583
442.100000000 26.462 20.3896 0 0 0 0.926872 -0.375377
442.200000000 26.4428 20.3711 0 0 0 0.926951 -0.375183
442.300000000 26.4236 20.3526 0 0 0 0.927029 -0.374989
442.400000000 26.4056 20.3353 0 0 0 0.927103 -0.374807
442.500000000 26.3875 20.318 0 0 0 0.927177 -0.374625
442.600000000 26.3707 20.3018 0 0 0 0.927245 -0.374455
442.700000000 26.3539 20.2857 0 0 0 0.927314 -0.374285
442.800000000 26.337 20.2695 0 0 0 0.927382 -0.374115
442.900000000 26.3214 20.2545 0 0 0 0.927446 -0.373957
443.000000000 26.3057 20.2396 0 0 0 0.92751 -0.373799
443.100000000 26.2888 20.2234 0 0 0 0.927578 -0.373629
443.200000000 26.2744 20.2096 0 0 0 0.927637 -0.373484
443.300000000 26.2587 20.1946 0 0 0 0.9277 -0.373326
443.400000000 26.243 20.1797 0 0 0 0.927764 -0.373168
443.500000000 26.2286 20.1659 0 0 0 0.927822 -0.373022
443.600000000 26.2141 20.1521 0 0 0 0.927881 -0.372876
443.700000000 26.2008 20.1394 0 0 0 0.927935 -0.372743
443.800000000 26.1863 20.1256 0 0 0 0.927993 -0.372597
443.900000000 26.1718 20.1119 0 0 0 0.928052 -0.372451
444.000000000 26.1586 20.0992 0 0 0 0.928052 -0.372451
444.100000000 26.1453 20.0865 0 0 0 0.928052 -0.372451
444.200000000 26.1309 20.0727 0 0 0 0.928052 -0.372451
444.300000000 26.1152 20.0577 0 0 0 0.928052 -0.372451
444.400000000 26.0996 20.0427 0 0 0 0.928052 -0.372451
444.500000000 26.0851 20.0289 0 0 0 0.928052 -0.372451
444.600000000 26.0707 20.0151 0 0 0 0.928052 -0.372451
444.700000000 26.055 20.0001 0 0 0 0.928052 -0.372451
444.800000000 26.0406 19.9863 0 0 0 0.928052 -0.372451
444.900000000 26.0261 19.9725 0 0 0 0.928052 -0.372451
445.000000000 26.0129 19.9598 0 0 0 0.928052 -0.372451
445.100000000 25.9984 19.946 0 0 0 0.928052 -0.372451
445.200000000 25.984 19.9321 0 0 0 0.928052 -0.372451
445.300000000 25.9683 19.9171 0 0 0 0.928052 -0.372451
445.400000000 25.9539 19.9033 0 0 0 0.928052 -0.372451
445.500000000 25.9394 19.8895 0 0 0 0.928052 -0.372451
445.600000000 25.925 19.8757 0 0 0 0.928052 -0.372451
445.700000000 25.9117 19.863 0 0 0 0.928052 -0.372451
445.800000000 25.8973 19.8492 0 0 0 0.928052 -0.372451
445.900000000 25.8828 19.8353 0 0 0 0.928052 -0.372451
446.000000000 25.8696 19.8227 0 0 0 0.928052 -0.372451
446.100000000 25.8551 19.8088 0 0 0 0.928052 -0.372451
446.200000000 25.8407 19.795 0 0 0 0.928052 -0.372451
446.300000000 25.8262 19.7812 0 0 0 0.928052 -0.372451
446.400000000 25.8118 19.7674 0 0 0 0.928052 -0.372451
446.500000000 25.7973 19.7535 0 0 0 0.928052 -0.372451
446.600000000 25.7829 19.7397 0 0 0 0.928052 -0.372451
446.700000000 25.7672 19.7247 0 0 0 0.928052 -0.372451
446.800000000 25.7528 19.7109 0 0 0 0.928052 -0.372451
446.900000000 25.7383 19.6971 0 0 0 0.928052 -0.372451
447.000000000 25.7251 19.6844 0 0 0 0.928052 -0.372451
447.100000000 25.7118 19.6717 0 0 0 0.928052 -0.372451
447.200000000 25.6974 19.6579 0 0 0 0.928052 -0.372451
447.300000000 25.6829 19.6441 0 0 0 0.928052 -0.372451
447.400000000 25.6685 19.6303 0 0 0 0.928052 -0.372451
447.500000000 25.654 19.6164 0 0 0 0.928052 -0.372451
447.600000000 25.6395 19.6026 0 0 0 0.928052 -0.372451
447.700000000 25.6239 19.5876 0 0 0 0.928052 -0.372451
447.800000000 25.6094 19.5738 0 0 0 0.928052 -0.372451
447.900000000 25.595 19.56 0 0 0 0.928052 -0.372451
448.000000000 25.5817 19.5473 0 0 0 0.928052 -0.372451
448.100000000 25.5685 19.5346 0 0 0 0.928052 -0.372451
448.200000000 25.554 19.5208 0 0 0 0.928052 -0.372451
448.300000000 25.5396 19.507 0 0 0 0.928052 -0.372451
448.400000000 25.5263 19.4943 0 0 0 0.928052 -0.372451
448.500000000 25.5119 19.4805 0 0 0 0.928052 -0.372451
448.600000000 25.4974 19.4666 0 0 0 0.928052 -0.372451
448.700000000 25.4818 19.4517 0 0 0 0.928052 -0.372451
448.800000000 25.4673 19.4378 0 0 0 0.928052 -0.372451
448.900000000 25.4529 19.424 0 0 0 0.928052 -0.372451
449.000000000 25.4396 19.4113 0 0 0 0.928052 -0.372451
449.100000000 25.4264 19.3987 0 0 0 0.928052 -0.372451
449.200000000 25.4119 19.3848 0 0 0 0.928052 -0.372451
449.300000000 25.3975 19.371 0 0 0 0.928052 -0.372451
449.400000000 25.3818 19.356 0 0 0 0.928052 -0.372451
449.500000000 25.3638 19.3388 0 0 0 0.928052 -0.372451
449.600000000 25.3457 19.3215 0 0 0 0.928052 -0.372451
449.700000000 25.3276 19.3042 0 0 0 0.928052 -0.372451
449.800000000 25.3096 19.2869 0 0 0 0.928052 -0.372451
449.900000000 25.2915 19.2696 0 0 0 0.928052 -0.372451
450.000000000 25.2747 19.2535 0 0 0 0.928052 -0.372451
450.100000000 25.2578 19.2374 0 0 0 0.928052 -0.372451
450.200000000 25.2409 19.2212 0 0 0 0.928052 -0.372451
450.300000000 25.2253 19.2063 0 0 0 0.928052 -0.372451
450.400000000 25.2096 19.1913 0 0 0 0.928052 -0.372451
450.500000000 25.1916 19.174 0 0 0 0.928052 -0.372451
450.600000000 25.1747 19.1579 0 0 0 0.928052 -0.372451
450.700000000 25.1578 19.1417 0 0 0 0.928052 -0.372451
450.800000000 25.141 19.1256 0 0 0 0.928052 -0.372451
450.900000000 25.1253 19.1106 0 0 0 0.928052 -0.372451
451.000000000 25.1097 19.0956 0 0 0 0.928052 -0.372451
451.100000000 25.0904 19.0772 0 0 0 0.928052 -0.372451
451.200000000 25.0735 19.0611 0 0 0 0.928052 -0.372451
451.300000000 25.0555 19.0438 0 0 0 0.928052 -0.372451
451.400000000 25.0374 19.0265 0 0 0 0.928052 -0.372451
451.500000000 25.0206 19.0104 0 0 0 0.928052 -0.372451
451.600000000 25.0001 18.9908 0 0 0 0.928052 -0.372451
451.700000000 24.9808 18.9724 0 0 0 0.928052 -0.372451
451.800000000 24.9628 18.9551 0 0 0 0.928052 -0.372451
451.900000000 24.9447 18.9378 0 0 0 0.928052 -0.372451
452.000000000 24.9266 18.9205 0 0 0 0.928052 -0.372451
452.100000000 24.9098 18.9044 0 0 0 0.928052 -0.372451
452.200000000 24.8929 18.8882 0 0 0 0.928052 -0.372451
452.300000000 24.8772 18.8733 0 0 0 0.928052 -0.372451
452.400000000 24.8616 18.8583 0 0 0 0.928052 -0.372451
452.500000000 24.8423 18.8399 0 0 0 0.928052 -0.372451
452.600000000 24.8231 18.8214 0 0 0 0.928052 -0.372451
452.700000000 24.805 18.8041 0 0 0 0.928052 -0.372451
452.800000000 24.7869 18.7869 0 0 0 0.928052 -0.372451
452.900000000 24.7701 18.7707 0 0 0 0.928052 -0.372451
453.000000000 24.7508 18.7523 0 0 0 0.928052 -0.372451
453.100000000 24.7315 18.7339 0 0 0 0.928052 -0.372451
453.200000000 24.7135 18.7166 0 0 0 0.928052 -0.372451
453.300000000 24.6942 18.6981 0 0 0 0.928052 -0.372451
453.400000000 24.6749 18.6797 0 0 0 0.928052 -0.372451
453.500000000 24.6569 18.6624 0 0 0 0.928052 -0.372451
453.600000000 24.6388 18.6451 0 0 0 0.928052 -0.372451
453.700000000 24.6219 18.629 0 0 0 0.928052 -0.372451
453.800000000 24.6051 18.6129 0 0 0 0.928052 -0.372451
453.900000000 24.5894 18.5979 0 0 0 0.928052 -0.372451
454.000000000 24.5738 18.5829 0 0 0 0.928052 -0.372451
454.100000000 24.5593 18.5691 0 0 0 0.928052 -0.372451
454.200000000 24.5449 18.5553 0 0 0 0.928052 -0.372451
454.300000000 24.5292 18.5403 0 0 0 0.928052 -0.372451
454.400000000 24.5148 18.5265 0 0 0 0.928052 -0.372451
454.500000000 24.5003 18.5126 0 0 0 0.928052 -0.372451
454.600000000 24.4859 18.4988 0 0 0 0.928052 -0.372451
454.700000000 24.4726 18.4861 0 0 0 0.928052 -0.372451
454.800000000 24.4582 18.4723 0 0 0 0.928052 -0.372451
454.900000000 24.4437 18.4585 0 0 0 0.928052 -0.372451
455.000000000 24.4305 18.4458 0 0 0 0.928052 -0.372451
455.100000000 24.416 18.432 0 0 0 0.928052 -0.372451
455.200000000 24.4016 18.4182 0 0 0 0.928052 -0.372451
455.300000000 24.3871 18.4043 0 0 0 0.928052 -0.372451
455.400000000 24.3703 18.3882 0 0 0 0.928052 -0.372451
455.500000000 24.3522 18.3709 0 0 0 0.928052 -0.372451
455.600000000 24.3365 18.3559 0 0 0 0.928052 -0.372451
455.700000000 24.3197 18.3398 0 0 0 0.928052 -0.372451
455.800000000 24.3052 18.326 0 0 0 0.928052 -0.372451
455.900000000 24.2896 18.311 0 0 0 0.928052 -0.372451
456.000000000 24.2739 18.296 0 0 0 0.928052 -0.372451
456.100000000 24.2595 18.2822 0 0 0 0.928052 -0.372451
456.200000000 24.245 18.2684 0 0 0 0.928052 -0.372451
456.300000000 24.2318 18.2557 0 0 0 0.928052 -0.372451
456.400000000 24.2173 18.2419 0 0 0 0.928052 -0.372451
456.500000000 24.2029 18.2281 0 0 0 0.928052 -0.372451
456.600000000 24.1872 18.2131 0 0 0 0.928052 -0.372451
456.700000000 24.174 18.2004 0 0 0 0.928052 -0.372451
456.800000000 24.1595 18.1866 0 0 0 0.928052 -0.372451
456.900000000 24.1438 18.1716 0 0 0 0.928052 -0.372451
457.000000000 24.1306 18.1589 0 0 0 0.928052 -0.372451
457.100000000 24.1162 18.1451 0 0 0 0.928052 -0.372451
457.200000000 24.1017 18.1313 0 0 0 0.928052 -0.372451
457.300000000 24.086 18.1163 0 0 0 0.928052 -0.372451
457.400000000 24.0692 18.1002 0 0 0 0.928052 -0.372451
457.500000000 24.0547 18.0863 0 0 0 0.928052 -0.372451
457.600000000 24.0391 18.0714 0 0 0 0.928052 -0.372451
457.700000000 24.0258 18.0587 0 0 0 0.928052 -0.372451
457.800000000 24.0114 18.0449 0 0 0 0.928052 -0.372451
457.900000000 23.9957 18.0299 0 0 0 0.928052 -0.372451
458.000000000 23.9825 18.0172 0 0 0 0.928052 -0.372451
458.100000000 23.9692 18.0045 0 0 0 0.928052 -0.372451
458.200000000 23.9548 17.9907 0 0 0 0.928052 -0.372451
458.300000000 23.9379 17.9746 0 0 0 0.928052 -0.372451
458.400000000 23.9199 17.9573 0 0 0 0.928052 -0.372451
458.500000000 23.9042 17.9423 0 0 0 0.928052 -0.372451
458.600000000 23.8873 17.9262 0 0 0 0.928052 -0.372451
458.700000000 23.8705 17.91 0 0 0 0.928052 -0.372451
458.800000000 23.8548 17.8951 0 0 0 0.928052 -0.372451
458.900000000 23.8392 17.8801 0 0 0 0.928052 -0.372451
459.000000000 23.8235 17.8651 0 0 0 0.928052 -0.372451
459.100000000 23.8042 17.8467 0 0 0 0.928052 -0.372451
459.200000000 23.7874 17.8305 0 0 0 0.928052 -0.372451
459.300000000 23.7693 17.8133 0 0 0 0.928052 -0.372451
459.400000000 23.7537 17.7983 0 0 0 0.928052 -0.372451
459.500000000 23.7368 17.7822 0 0 0 0.928052 -0.372451
459.600000000 23.7187 17.7649 0 0 0 0.928052 -0.372451
459.700000000 23.7031 17.7499 0 0 0 0.928052 -0.372451
459.800000000 23.6838 17.7315 0 0 0 0.928052 -0.372451
459.900000000 23.6658 17.7142 0 0 0 0.928052 -0.372451
460.000000000 23.6477 17.6969 0 0 0 0.928052 -0.372451
460.100000000 23.6308 17.6808 0 0 0 0.928052 -0.372451
460.200000000 23.614 17.6646 0 0 0 0.928052 -0.372451
460.300000000 23.5983 17.6497 0 0 0 0.928052 -0.372451
460.400000000 23.5827 17.6347 0 0 0 0.928052 -0.372451
460.500000000 23.5622 17.6151 0 0 0 0.928052 -0.372451
460.600000000 23.5429 17.5967 0 0 0 0.928052 -0.372451
460.700000000 23.5237 17.5782 0 0 0 0.928052 -0.372451
460.800000000 23.5056 17.5609 0 0 0 0.928052 -0.372451
460.900000000 23.4887 17.5448 0 0 0 0.928052 -0.372451
461.000000000 23.4719 17.5287 0 0 0 0.928052 -0.372451
461.100000000 23.4562 17.5137 0 0 0 0.928052 -0.372451
461.200000000 23.4406 17.4987 0 0 0 0.928052 -0.372451
461.300000000 23.4249 17.4837 0 0 0 0.928052 -0.372451
461.400000000 23.4105 17.4699 0 0 0 0.928052 -0.372451
461.500000000 23.3948 17.4549 0 0 0 0.928052 -0.372451
461.600000000 23.3791 17.44 0 0 0 0.928052 -0.372451
461.700000000 23.3647 17.4261 0 0 0 0.928052 -0.372451
461.800000000 23.3502 17.4123 0 0 0 0.928052 -0.372451
461.900000000 23.3346 17.3973 0 0 0 0.928052 -0.372451
462.000000000 23.3201 17.3835 0 0 0 0.928052 -0.372451
462.100000000 23.3057 17.3697 0 0 0 0.928052 -0.372451
462.200000000 23.2912 17.3559 0 0 0 0.928052 -0.372451
462.300000000 23.278 17.3432 0 0 0 0.928052 -0.372451
462.400000000 23.2635 17.3294 0 0 0 0.928052 -0.372451
462.500000000 23.2491 17.3155 0 0 0 0.928052 -0.372451
462.600000000 23.2358 17.3029 0 0 0 0.928052 -0.372451
462.700000000 23.2214 17.289 0 0 0 0.928052 -0.372451
462.800000000 23.2069 17.2752 0 0 0 0.928052 -0.372451
462.900000000 23.1901 17.2591 0 0 0 0.928052 -0.372451
463.000000000 23.1732 17.2429 0 0 0 0.928052 -0.372451
463.100000000 23.1576 17.228 0 0 0 0.928052 -0.372451
463.200000000 23.1419 17.213 0 0 0 0.928052 -0.372451
463.300000000 23.125 17.1968 0 0 0 0.928052 -0.372451
463.400000000 23.107 17.1796 0 0 0 0.928052 -0.372451
463.500000000 23.0913 17.1646 0 0 0 0.928052 -0.372451
463.600000000 23.0745 17.1485 0 0 0 0.928052 -0.372451
463.700000000 23.06 17.1346 0 0 0 0.928052 -0.372451
463.800000000 23.0444 17.1197 0 0 0 0.928052 -0.372451
463.900000000 23.0275 17.1035 0 0 0 0.928052 -0.372451
464.000000000 23.0094 17.0862 0 0 0 0.928052 -0.372451
464.100000000 22.9938 17.0713 0 0 0 0.928052 -0.372451
464.200000000 22.9769 17.0551 0 0 0 0.928052 -0.372451
464.300000000 22.9576 17.0367 0 0 0 0.928052 -0.372451
464.400000000 22.942 17.0217 0 0 0 0.928052 -0.372451
464.500000000 22.9239 17.0044 0 0 0 0.928052 -0.372451
464.600000000 22.9083 16.9895 0 0 0 0.928052 -0.372451
464.700000000 22.8914 16.9733 0 0 0 0.928052 -0.372451
464.800000000 22.8733 16.956 0 0 0 0.928052 -0.372451
464.900000000 22.8577 16.9411 0 0 0 0.928052 -0.372451
465.000000000 22.8408 16.9249 0 0 0 0.928052 -0.372451
465.100000000 22.824 16.9088 0 0 0 0.928052 -0.372451
465.200000000 22.8083 16.8938 0 0 0 0.928052 -0.372451
465.300000000 22.7915 16.8777 0 0 0 0.928052 -0.372451
465.400000000 22.7734 16.8604 0 0 0 0.928052 -0.372451
465.500000000 22.7577 16.8454 0 0 0 0.928052 -0.372451
465.600000000 22.7409 16.8293 0 0 0 0.928052 -0.372451
465.700000000 22.7228 16.812 0 0 0 0.928052 -0.372451
465.800000000 22.7072 16.797 0 0 0 0.928052 -0.372451
465.900000000 22.6903 16.7809 0 0 0 0.928052 -0.372451
466.000000000 22.6734 16.7648 0 0 0 0.928052 -0.372451
466.100000000 22.6578 16.7498 0 0 0 0.928052 -0.372451
466.200000000 22.6421 16.7348 0 0 0 0.928052 -0.372451
466.300000000 22.6265 16.7198 0 0 0 0.928052 -0.372451
466.400000000 22.6072 16.7014 0 0 0 0.928052 -0.372451
466.500000000 22.5879 16.683 0 0 0 0.928052 -0.372451
466.600000000 22.5699 16.6657 0 0 0 0.928052 -0.372451
466.700000000 22.5518 16.6484 0 0 0 0.928052 -0.372451
466.800000000 22.5349 16.6323 0 0 0 0.928052 -0.372451
466.900000000 22.5181 16.6162 0 0 0 0.928052 -0.372451
467.000000000 22.5024 16.6012 0 0 0 0.928052 -0.372451
467.100000000 22.4868 16.5862 0 0 0 0.928052 -0.372451
467.200000000 22.4723 16.5724 0 0 0 0.928052 -0.372451
467.300000000 22.4579 16.5585 0 0 0 0.928052 -0.372451
467.400000000 22.4446 16.5459 0 0 0 0.928052 -0.372451
467.500000000 22.429 16.5309 0 0 0 0.928052 -0.372451
467.600000000 22.4145 16.5171 0 0 0 0.928052 -0.372451
467.700000000 22.3989 16.5021 0 0 0 0.928052 -0.372451
467.800000000 22.3832 16.4871 0 0 0 0.928052 -0.372451
467.900000000 22.3688 16.4733 0 0 0 0.928052 -0.372451
468.000000000 22.3543 16.4595 0 0 0 0.928052 -0.372451
468.100000000 22.3411 16.4468 0 0 0 0.928052 -0.372451
468.200000000 22.3206 16.4272 0 0 0 0.928052 -0.372451
468.300000000 22.3013 16.4088 0 0 0 0.928052 -0.372451
468.400000000 22.2821 16.3903 0 0 0 0.928052 -0.372451
468.500000000 22.264 16.373 0 0 0 0.928052 -0.372451
468.600000000 22.2459 16.3558 0 0 0 0.928052 -0.372451
468.700000000 22.2291 16.3396 0 0 0 0.928052 -0.372451
468.800000000 22.2122 16.3235 0 0 0 0.928052 -0.372451
468.900000000 22.1965 16.3085 0 0 0 0.928052 -0.372451
469.000000000 22.1809 16.2935 0 0 0 0.928052 -0.372451
469.100000000 22.1664 16.2797 0 0 0 0.928052 -0.372451
469.200000000 22.152 16.2659 0 0 0 0.928052 -0.372451
469.300000000 22.1363 16.2509 0 0 0 0.928052 -0.372451
469.400000000 22.1219 16.2371 0 0 0 0.928052 -0.372451
469.500000000 22.1074 16.2233 0 0 0 0.928052 -0.372451
469.600000000 22.0942 16.2106 0 0 0 0.928052 -0.372451
469.700000000 22.0797 16.1968 0 0 0 0.928052 -0.372451
469.800000000 22.0653 16.1829 0 0 0 0.928052 -0.372451
469.900000000 22.0496 16.168 0 0 0 0.928052 -0.372451
470.000000000 22.0328 16.1518 0 0 0 0.928052 -0.372451
470.100000000 22.0183 16.138 0 0 0 0.928052 -0.372451
470.200000000 22.0039 16.1242 0 0 0 0.928052 -0.372451
470.300000000 21.9906 16.1115 0 0 0 0.928052 -0.372451
470.400000000 21.9762 16.0977 0 0 0 0.928052 -0.372451
470.500000000 21.9617 16.0838 0 0 0 0.928052 -0.372451
470.600000000 21.9461 16.0689 0 0 0 0.928052 -0.372451
470.700000000 21.9328 16.0562 0 0 0 0.928052 -0.372451
470.800000000 21.9184 16.0424 0 0 0 0.928052 -0.372451
470.900000000 21.9027 16.0274 0 0 0 0.928052 -0.372451
471.000000000 21.8858 16.0113 0 0 0 0.928052 -0.372451
471.100000000 21.8714 15.9974 0 0 0 0.928052 -0.372451
471.200000000 21.8557 15.9825 0 0 0 0.928052 -0.372451
471.300000000 21.8389 15.9663 0 0 0 0.928052 -0.372451
471.400000000 21.8244 15.9525 0 0 0 0.928052 -0.372451
471.500000000 21.8088 15.9375 0 0 0 0.928052 -0.372451
471.600000000 21.7955 15.9248 0 0 0 0.928052 -0.372451
471.700000000 21.7811 15.911 0 0 0 0.928052 -0.372451
471.800000000 21.7666 15.8972 0 0 0 0.928052 -0.372451
471.900000000 21.751 15.8822 0 0 0 0.928052 -0.372451
472.000000000 21.7341 15.8661 0 0 0 0.928052 -0.372451
472.100000000 21.7197 15.8523 0 0 0 0.928052 -0.372451
472.200000000 21.704 15.8373 0 0 0 0.928052 -0.372451
472.300000000 21.6908 15.8246 0 0 0 0.928052 -0.372451
472.400000000 21.6763 15.8108 0 0 0 0.928052 -0.372451
472.500000000 21.6607 15.7958 0 0 0 0.928052 -0.372451
472.600000000 21.6438 15.7797 0 0 0 0.928052 -0.372451
472.700000000 21.6293 15.7658 0 0 0 0.928052 -0.372451
472.800000000 21.6137 15.7509 0 0 0 0.928052 -0.372451
472.900000000 21.5968 15.7347 0 0 0 0.928052 -0.372451
473.000000000 21.58 15.7186 0 0 0 0.928052 -0.372451
473.100000000 21.5643 15.7036 0 0 0 0.928052 -0.372451
473.200000000 21.5487 15.6886 0 0 0 0.928052 -0.372451
473.300000000 21.533 15.6737 0 0 0 0.928052 -0.372451
473.400000000 21.5185 15.6598 0 0 0 0.928052 -0.372451
473.500000000 21.5041 15.646 0 0 0 0.928052 -0.372451
473.600000000 21.4908 15.6333 0 0 0 0.928052 -0.372451
473.700000000 21.4764 15.6195 0 0 0 0.928052 -0.372451
473.800000000 21.4619 15.6057 0 0 0 0.928052 -0.372451
473.900000000 21.4463 15.5907 0 0 0 0.928052 -0.372451
474.000000000 21.4318 15.5769 0 0 0 0.928052 -0.372451
474.100000000 21.4174 15.5631 0 0 0 0.928052 -0.372451
474.200000000 21.4029 15.5492 0 0 0 0.928052 -0.372451
474.300000000 21.3873 15.5343 0 0 0 0.928052 -0.372451
474.400000000 21.3728 15.5204 0 0 0 0.928052 -0.372451
474.500000000 21.3584 15.5066 0 0 0 0.928052 -0.372451
474.600000000 21.3451 15.4939 0 0 0 0.928052 -0.372451
474.700000000 21.3319 15.4813 0 0 0 0.928052 -0.372451
474.800000000 21.3174 15.4674 0 0 0 0.928052 -0.372451
474.900000000 21.3018 15.4524 0 0 0 0.928052 -0.372451
475.000000000 21.2861 15.4375 0 0 0 0.928052 -0.372451
475.100000000 21.2717 15.4236 0 0 0 0.928052 -0.372451
475.200000000 21.2572 15.4098 0 0 0 0.928052 -0.372451
475.300000000 21.244 15.3971 0 0 0 0.928052 -0.372451
475.400000000 21.2307 15.3845 0 0 0 0.928052 -0.372451
475.500000000 21.2175 15.3718 0 0 0 0.928052 -0.372451
475.600000000 21.203 15.358 0 0 0 0.928052 -0.372451
475.700000000 21.1898 15.3453 0 0 0 0.928052 -0.372451
475.800000000 21.1753 15.3315 0 0 0 0.928052 -0.372451
475.900000000 21.1609 15.3176 0 0 0 0.928052 -0.372451
476.000000000 21.1476 15.305 0 0 0 0.928052 -0.372451
476.100000000 21.1344 15.2923 0 0 0 0.928052 -0.372451
476.200000000 21.1199 15.2785 0 0 0 0.928052 -0.372451
476.300000000 21.1043 15.2635 0 0 0 0.928052 -0.372451
476.400000000 21.0886 15.2485 0 0 0 0.928052 -0.372451
476.500000000 21.0742 15.2347 0 0 0 0.928052 -0.372451
476.600000000 21.0597 15.2209 0 0 0 0.928052 -0.372451
476.700000000 21.0465 15.2082 0 0 0 0.928052 -0.372451
476.800000000 21.032 15.1944 0 0 0 0.928052 -0.372451
476.900000000 21.0176 15.1805 0 0 0 0.928052 -0.372451
477.000000000 21.0031 15.1667 0 0 0 0.928052 -0.372451
477.100000000 20.9863 15.1506 0 0 0 0.928052 -0.372451
477.200000000 20.9718 15.1368 0 0 0 0.928052 -0.372451
477.300000000 20.9574 15.1229 0 0 0 0.928052 -0.372451
477.400000000 20.9441 15.1103 0 0 0 0.928052 -0.372451
477.500000000 20.9309 15.0976 0 0 0 0.928052 -0.372451
477.600000000 20.9164 15.0838 0 0 0 0.928052 -0.372451
477.700000000 20.9008 15.0688 0 0 0 0.928052 -0.372451
477.800000000 20.8839 15.0526 0 0 0 0.928052 -0.372451
477.900000000 20.8694 15.0388 0 0 0 0.928052 -0.372451
478.000000000 20.849 15.0192 0 0 0 0.928052 -0.372451
478.100000000 20.8297 15.0008 0 0 0 0.928052 -0.372451
478.200000000 20.8092 14.9812 0 0 0 0.928052 -0.372451
478.300000000 20.79 14.9628 0 0 0 0.928052 -0.372451
478.400000000 20.7707 14.9443 0 0 0 0.928052 -0.372451
478.500000000 20.7526 14.9271 0 0 0 0.928052 -0.372451
478.600000000 20.7334 14.9086 0 0 0 0.928052 -0.372451
478.700000000 20.7129 14.889 0 0 0 0.928052 -0.372451
478.800000000 20.6936 14.8706 0 0 0 0.928052 -0.372451
478.900000000 20.6744 14.8522 0 0 0 0.928052 -0.372451
479.000000000 20.6551 14.8337 0 0 0 0.928052 -0.372451
479.100000000 20.6358 14.8153 0 0 0 0.928052 -0.372451
479.200000000 20.6153 14.7957 0 0 0 0.928052 -0.372451
479.300000000 20.5961 14.7773 0 0 0 0.928052 -0.372451
479.400000000 20.572 14.7542 0 0 0 0.928052 -0.372451
479.500000000 20.5491 14.7323 0 0 0 0.928052 -0.372451
479.600000000 20.5274 14.7116 0 0 0 0.928052 -0.372451
479.700000000 20.5058 14.6909 0 0 0 0.928052 -0.372451
479.800000000 20.4853 14.6713 0 0 0 0.928052 -0.372451
479.900000000 20.466 14.6528 0 0 0 0.928052 -0.372451
480.000000000 20.4467 14.6344 0 0 0 0.928052 -0.372451
480.100000000 20.4287 14.6171 0 0 0 0.928052 -0.372451
480.200000000 20.4094 14.5987 0 0 0 0.928052 -0.372451
480.300000000 20.3793 14.5699 0 0 0 0.928052 -0.372451
480.400000000 20.3552 14.5468 0 0 0 0.928052 -0.372451
480.500000000 20.3287 14.5215 0 0 0 0.928052 -0.372451
480.600000000 20.2998 14.4938 0 0 0 0.928052 -0.372451
480.700000000 20.2769 14.4719 0 0 0 0.928052 -0.372451
480.800000000 20.2517 14.4477 0 0 0 0.928052 -0.372451
480.900000000 20.2288 14.4259 0 0 0 0.928052 -0.372451
481.000000000 20.2035 14.4017 0 0 0 0.928052 -0.372451
481.100000000 20.1806 14.3798 0 0 0 0.928052 -0.372451
481.200000000 20.1565 14.3567 0 0 0 0.928052 -0.372451
481.300000000 20.1336 14.3348 0 0 0 0.928052 -0.372451
481.400000000 20.1096 14.3118 0 0 0 0.928052 -0.372451
481.500000000 20.0867 14.2899 0 0 0 0.928052 -0.372451
481.600000000 20.0662 14.2703 0 0 0 0.928052 -0.372451
481.700000000 20.0445 14.2496 0 0 0 0.928052 -0.372451
481.800000000 20.0253 14.2311 0 0 0 0.928052 -0.372451
481.900000000 20.0036 14.2104 0 0 0 0.928052 -0.372451
482.000000000 19.9843 14.192 0 0 0 0.928052 -0.372451
482.100000000 19.9638 14.1724 0 0 0 0.928052 -0.372451
482.200000000 19.9446 14.1539 0 0 0 0.928052 -0.372451
482.300000000 19.9205 14.1309 0 0 0 0.928052 -0.372451
482.400000000 19.8976 14.109 0 0 0 0.928052 -0.372451
482.500000000 19.8747 14.0871 0 0 0 0.928052 -0.372451
482.600000000 19.853 14.0664 0 0 0 0.928052 -0.372451
482.700000000 19.8326 14.0468 0 0 0 0.928052 -0.372451
482.800000000 19.8121 14.0272 0 0 0 0.928052 -0.372451
482.900000000 19.7928 14.0088 0 0 0 0.928052 -0.372451
483.000000000 19.7724 13.9892 0 0 0 0.928052 -0.372451
483.100000000 19.7531 13.9707 0 0 0 0.928052 -0.372451
483.200000000 19.7338 13.9523 0 0 0 0.928052 -0.372451
483.300000000 19.7158 13.935 0 0 0 0.928052 -0.372451
483.400000000 19.6977 13.9177 0 0 0 0.928052 -0.372451
483.500000000 19.6808 13.9016 0 0 0 0.928052 -0.372451
483.600000000 19.6604 13.882 0 0 0 0.928052 -0.372451
483.700000000 19.6363 13.859 0 0 0 0.928052 -0.372451
483.800000000 19.6134 13.8371 0 0 0 0.928052 -0.372451
483.900000000 19.5905 13.8152 0 0 0 0.928052 -0.372451
484.000000000 19.5688 13.7945 0 0 0 0.928052 -0.372451
484.100000000 19.5484 13.7749 0 0 0 0.928052 -0.372451
484.200000000 19.5243 13.7518 0 0 0 0.928052 -0.372451
484.300000000 19.5014 13.7299 0 0 0 0.928052 -0.372451
484.400000000 19.4773 13.7069 0 0 0 0.928052 -0.372451
484.500000000 19.4544 13.685 0 0 0 0.928052 -0.372451
484.600000000 19.4303 13.662 0 0 0 0.928052 -0.372451
484.700000000 19.4063 13.6389 0 0 0 0.928052 -0.372451
484.800000000 19.3822 13.6159 0 0 0 0.928052 -0.372451
484.900000000 19.3593 13.594 0 0 0 0.928052 -0.372451
485.000000000 19.3352 13.5709 0 0 0 0.928052 -0.372451
485.100000000 19.3123 13.549 0 0 0 0.928052 -0.372451
485.200000000 19.2907 13.5283 0 0 0 0.928052 -0.372451
485.300000000 19.269 13.5076 0 0 0 0.928052 -0.372451
485.400000000 19.2473 13.4868 0 0 0 0.928052 -0.372451
485.500000000 19.2244 13.4649 0 0 0 0.928052 -0.372451
485.600000000 19.2015 13.443 0 0 0 0.928052 -0.372451
485.700000000 19.1823 13.4246 0 0 0 0.928052 -0.372451
485.800000000 19.1618 13.405 0 0 0 0.928052 -0.372451
485.900000000 19.1389 13.3831 0 0 0 0.928052 -0.372451
486.000000000 19.1184 13.3635 0 0 0 0.928052 -0.372451
486.100000000 19.1004 13.3463 0 0 0 0.928052 -0.372451
486.200000000 19.0811 13.3278 0 0 0 0.928052 -0.372451
486.300000000 19.0606 13.3082 0 0 0 0.928052 -0.372451
486.400000000 19.0378 13.2864 0 0 0 0.928052 -0.372451
486.500000000 19.0173 13.2668 0 0 0 0.928052 -0.372451
486.600000000 18.9992 13.2495 0 0 0 0.928052 -0.372451
486.700000000 18.98 13.231 0 0 0 0.928052 -0.372451
486.800000000 18.9583 13.2103 0 0 0 0.928052 -0.372451
486.900000000 18.939 13.1919 0 0 0 0.928052 -0.372451
487.000000000 18.9221 13.1757 0 0 0 0.928052 -0.372451
487.100000000 18.9041 13.1585 0 0 0 0.928052 -0.372451
487.200000000 18.8848 13.14 0 0 0 0.928052 -0.372451
487.300000000 18.868 13.1239 0 0 0 0.928052 -0.372451
487.400000000 18.8499 13.1066 0 0 0 0.928052 -0.372451
487.500000000 18.8306 13.0882 0 0 0 0.928052 -0.372451
487.600000000 18.8126 13.0709 0 0 0 0.928052 -0.372451
487.700000000 18.7933 13.0525 0 0 0 0.928052 -0.372451
487.800000000 18.7764 13.0363 0 0 0 0.928052 -0.372451
487.900000000 18.7511 13.0121 0 0 0 0.928052 -0.372451
488.000000000 18.7271 12.9891 0 0 0 0.928052 -0.372451
488.100000000 18.7042 12.9672 0 0 0 0.928052 -0.372451
488.200000000 18.6813 12.9453 0 0 0 0.928052 -0.372451
488.300000000 18.6596 12.9246 0 0 0 0.928052 -0.372451
488.400000000 18.6391 12.905 0 0 0 0.928052 -0.372451
488.500000000 18.6187 12.8854 0 0 0 0.928052 -0.372451
488.600000000 18.5994 12.867 0 0 0 0.928052 -0.372451
488.700000000 18.5801 12.8485 0 0 0 0.928052 -0.372451
488.800000000 18.5621 12.8312 0 0 0 0.928052 -0.372451
488.900000000 18.5428 12.8128 0 0 0 0.928052 -0.372451
489.000000000 18.5247 12.7955 0 0 0 0.928052 -0.372451
489.100000000 18.5067 12.7782 0 0 0 0.928052 -0.372451
489.200000000 18.4898 12.7621 0 0 0 0.928052 -0.372451
489.300000000 18.473 12.746 0 0 0 0.928052 -0.372451
489.400000000 18.4489 12.7229 0 0 0 0.928052 -0.372451
489.500000000 18.4248 12.6999 0 0 0 0.928052 -0.372451
489.600000000 18.4019 12.678 0 0 0 0.928052 -0.372451
489.700000000 18.3802 12.6573 0 0 0 0.928052 -0.372451
489.800000000 18.3585 12.6365 0 0 0 0.928052 -0.372451
489.900000000 18.3345 12.6135 0 0 0 0.928052 -0.372451
490.000000000 18.3116 12.5916 0 0 0 0.928052 -0.372451
490.100000000 18.2875 12.5685 0 0 0 0.928052 -0.372451
490.200000000 18.2646 12.5467 0 0 0 0.928052 -0.372451
490.300000000 18.2429 12.5259 0 0 0 0.928052 -0.372451
490.400000000 18.2213 12.5052 0 0 0 0.928052 -0.372451
490.500000000 18.1972 12.4821 0 0 0 0.928052 -0.372451
490.600000000 18.1743 12.4602 0 0 0 0.928052 -0.372451
490.700000000 18.1526 12.4395 0 0 0 0.928052 -0.372451
490.800000000 18.1297 12.4176 0 0 0 0.928052 -0.372451
490.900000000 18.1069 12.3957 0 0 0 0.928052 -0.372451
491.000000000 18.084 12.3738 0 0 0 0.928052 -0.372451
491.100000000 18.0599 12.3508 0 0 0 0.928052 -0.372451
491.200000000 18.037 12.3289 0 0 0 0.928052 -0.372451
491.300000000 18.0202 12.3128 0 0 0 0.928052 -0.372451
491.400000000 17.9985 12.292 0 0 0 0.928052 -0.372451
491.500000000 17.9768 12.2713 0 0 0 0.928052 -0.372451
491.600000000 17.9563 12.2517 0 0 0 0.928052 -0.372451
491.700000000 17.9334 12.2298 0 0 0 0.928052 -0.372451
491.800000000 17.9118 12.2091 0 0 0 0.928052 -0.372451
491.900000000 17.8901 12.1883 0 0 0 0.928052 -0.372451
492.000000000 17.8696 12.1687 0 0 0 0.928052 -0.372451
492.100000000 17.8467 12.1468 0 0 0 0.928052 -0.372451
492.200000000 17.8263 12.1273 0 0 0 0.928052 -0.372451
492.300000000 17.808 12.1102 0 0 0 0.928344 -0.371721
492.400000000 17.7896 12.0932 0 0 0 0.92871 -0.370808
492.500000000 17.7712 12.0763 0 0 0 0.929074 -0.369894
492.600000000 17.7528 12.0594 0 0 0 0.929437 -0.36898
492.700000000 17.7356 12.0437 0 0 0 0.929776 -0.368126
492.800000000 17.7171 12.0268 0 0 0 0.930138 -0.367211
492.900000000 17.6985 12.0101 0 0 0 0.930498 -0.366296
493.000000000 17.6812 11.9944 0 0 0 0.930834 -0.365441
493.100000000 17.6626 11.9777 0 0 0 0.931193 -0.364526
493.200000000 17.6452 11.9621 0 0 0 0.931528 -0.36367
493.300000000 17.6268 11.9453 0 0 0 0.93167 -0.363304
493.400000000 17.6083 11.9284 0 0 0 0.931742 -0.363121
493.500000000 17.5874 11.9093 0 0 0 0.931823 -0.362914
493.600000000 17.5665 11.8902 0 0 0 0.931903 -0.362707
493.700000000 17.5467 11.8723 0 0 0 0.931979 -0.362512
493.800000000 17.5233 11.8509 0 0 0 0.932069 -0.36228
493.900000000 17.4999 11.8296 0 0 0 0.93216 -0.362048
494.000000000 17.4765 11.8083 0 0 0 0.93225 -0.361816
494.100000000 17.4543 11.7882 0 0 0 0.932335 -0.361596
494.200000000 17.4321 11.768 0 0 0 0.93242 -0.361377
494.300000000 17.4111 11.749 0 0 0 0.9325 -0.361169
494.400000000 17.3901 11.73 0 0 0 0.932581 -0.360962
494.500000000 17.3703 11.7121 0 0 0 0.932656 -0.360766
494.600000000 17.3493 11.6931 0 0 0 0.932737 -0.360559
494.700000000 17.3307 11.6763 0 0 0 0.932807 -0.360375
494.800000000 17.3134 11.6607 0 0 0 0.932873 -0.360205
494.900000000 17.2961 11.645 0 0 0 0.932939 -0.360034
495.000000000 17.2775 11.6283 0 0 0 0.93301 -0.35985
495.100000000 17.2577 11.6105 0 0 0 0.933085 -0.359655
495.200000000 17.2391 11.5937 0 0 0 0.933156 -0.359472
495.300000000 17.2205 11.577 0 0 0 0.933227 -0.359288
495.400000000 17.2019 11.5603 0 0 0 0.933297 -0.359105
495.500000000 17.1833 11.5436 0 0 0 0.933368 -0.358922
495.600000000 17.1659 11.528 0 0 0 0.933433 -0.358751
495.700000000 17.1485 11.5125 0 0 0 0.933499 -0.35858
495.800000000 17.1299 11.4958 0 0 0 0.933569 -0.358396
495.900000000 17.1125 11.4802 0 0 0 0.933635 -0.358225
496.000000000 17.0939 11.4636 0 0 0 0.933705 -0.358042
496.100000000 17.0703 11.4425 0 0 0 0.933795 -0.35781
496.200000000 17.0491 11.4236 0 0 0 0.933874 -0.357602
496.300000000 17.0293 11.4058 0 0 0 0.933874 -0.357602
496.400000000 17.0082 11.3869 0 0 0 0.933874 -0.357602
496.500000000 16.9871 11.3679 0 0 0 0.933874 -0.357602
496.600000000 16.966 11.349 0 0 0 0.933874 -0.357602
496.700000000 16.9462 11.3312 0 0 0 0.933874 -0.357602
496.800000000 16.9251 11.3123 0 0 0 0.933874 -0.357602
496.900000000 16.9065 11.2956 0 0 0 0.933874 -0.357602
497.000000000 16.8842 11.2756 0 0 0 0.933874 -0.357602
497.100000000 16.8618 11.2555 0 0 0 0.933874 -0.357602
497.200000000 16.8408 11.2366 0 0 0 0.933874 -0.357602
497.300000000 16.8209 11.2188 0 0 0 0.933874 -0.357602
497.400000000 16.8011 11.201 0 0 0 0.933874 -0.357602
497.500000000 16.78 11.182 0 0 0 0.933874 -0.357602
497.600000000 16.7601 11.1642 0 0 0 0.933874 -0.357602
497.700000000 16.7403 11.1464 0 0 0 0.933874 -0.357602
497.800000000 16.7217 11.1297 0 0 0 0.933874 -0.357602
497.900000000 16.7032 11.1129 0 0 0 0.933734 -0.357969
498.000000000 16.6822 11.0938 0 0 0 0.933574 -0.358384
498.100000000 16.6625 11.0759 0 0 0 0.933424 -0.358776
498.200000000 16.6428 11.0579 0 0 0 0.933273 -0.359167
498.300000000 16.6244 11.041 0 0 0 0.933132 -0.359533
498.400000000 16.606 11.0241 0 0 0 0.932991 -0.3599
498.500000000 16.5888 11.0083 0 0 0 0.932859 -0.360242
498.600000000 16.5716 10.9925 0 0 0 0.932727 -0.360584
498.700000000 16.5495 10.9722 0 0 0 0.932557 -0.361023
498.800000000 16.5287 10.953 0 0 0 0.932396 -0.361439
498.900000000 16.5091 10.9349 0 0 0 0.932244 -0.361829
499.000000000 16.4883 10.9157 0 0 0 0.932083 -0.362244
499.100000000 16.4688 10.8975 0 0 0 0.931931 -0.362635
499.200000000 16.4492 10.8794 0 0 0 0.931779 -0.363025
499.300000000 16.4309 10.8624 0 0 0 0.931708 -0.363208
499.400000000 16.4113 10.8443 0 0 0 0.931632 -0.363403
499.500000000 16.3905 10.8251 0 0 0 0.931551 -0.363611
499.600000000 16.3709 10.8069 0 0 0 0.931475 -0.363806
499.700000000 16.3502 10.7877 0 0 0 0.931394 -0.364013
499.800000000 16.3318 10.7707 0 0 0 0.931322 -0.364196
499.900000000 16.3111 10.7514 0 0 0 0.931241 -0.364403
500.000000000 16.2891 10.7309 0 0 0 0.931155 -0.364623
500.100000000 16.2696 10.7128 0 0 0 0.931079 -0.364818
500.200000000 16.2489 10.6935 0 0 0 0.930998 -0.365025
500.300000000 16.2304 10.6766 0 0 0 0.931213 -0.364476
500.400000000 16.213 10.661 0 0 0 0.93148 -0.363792
500.500000000 16.1957 10.6454 0 0 0 0.931747 -0.363109
500.600000000 16.1795 10.631 0 0 0 0.931994 -0.362473
500.700000000 16.1621 10.6154 0 0 0 0.93226 -0.361789
500.800000000 16.1447 10.5999 0 0 0 0.932525 -0.361105
500.900000000 16.1285 10.5855 0 0 0 0.932771 -0.360469
501.000000000 16.1111 10.57 0 0 0 0.933035 -0.359784
501.100000000 16.0936 10.5546 0 0 0 0.933299 -0.3591
501.200000000 16.0772 10.5404 0 0 0 0.933667 -0.358144
501.300000000 16.0608 10.5262 0 0 0 0.934033 -0.357187
501.400000000 16.0432 10.5109 0 0 0 0.934426 -0.356157
501.500000000 16.0204 10.4914 0 0 0 0.93493 -0.354832
501.600000000 15.9976 10.4719 0 0 0 0.935432 -0.353506
501.700000000 15.976 10.4536 0 0 0 0.935905 -0.352253
501.800000000 15.9556 10.4364 0 0 0 0.936348 -0.351073
501.900000000 15.9339 10.4181 0 0 0 0.936817 -0.349819
502.000000000 15.9121 10.4 0 0 0 0.937285 -0.348564
502.100000000 15.8916 10.3829 0 0 0 0.937724 -0.347382
502.200000000 15.8329 10.3362 0 0 0 0.940077 -0.340963
502.300000000 15.7736 10.2902 0 0 0 0.942386 -0.334529
502.400000000 15.7137 10.245 0 0 0 0.944651 -0.328078
502.500000000 15.6532 10.2007 0 0 0 0.946871 -0.321613
502.600000000 15.5921 10.1572 0 0 0 0.949048 -0.315132
502.700000000 15.5303 10.1146 0 0 0 0.95118 -0.308637
502.800000000 15.468 10.0727 0 0 0 0.953268 -0.302127
502.900000000 15.4052 10.0318 0 0 0 0.955311 -0.295603
503.000000000 15.3417 9.99169 0 0 0 0.957309 -0.289065
503.100000000 15.2778 9.95247 0 0 0 0.959263 -0.282514
503.200000000 15.2133 9.91413 0 0 0 0.961172 -0.275949
503.300000000 15.1483 9.87667 0 0 0 0.963036 -0.269372
503.400000000 15.0827 9.84011 0 0 0 0.964855 -0.262782
503.500000000 15.0167 9.80444 0 0 0 0.966629 -0.25618
503.600000000 14.9502 9.76968 0 0 0 0.968358 -0.249565
503.700000000 14.8833 9.73583 0 0 0 0.970041 -0.242939
503.800000000 14.8183 9.69826 0 0 0 0.968483 -0.24908
503.900000000 14.7599 9.66282 0 0 0 0.966696 -0.255926
504.000000000 14.7047 9.62833 0 0 0 0.964952 -0.262427
504.100000000 14.6487 9.59219 0 0 0 0.963117 -0.269082
504.200000000 14.6044 9.56237 0 0 0 0.961375 -0.275242
504.300000000 14.5428 9.51941 0 0 0 0.958666 -0.284535
504.400000000 14.4821 9.47527 0 0 0 0.955866 -0.293801
504.500000000 14.4223 9.42996 0 0 0 0.952978 -0.30304
504.600000000 14.3633 9.3835 0 0 0 0.95 -0.312251
504.700000000 14.3053 9.33591 0 0 0 0.946933 -0.321432
504.800000000 14.2482 9.28721 0 0 0 0.943777 -0.330583
504.900000000 14.192 9.23741 0 0 0 0.940533 -0.339703
505.000000000 14.1368 9.18653 0 0 0 0.9372 -0.348791
505.100000000 14.0826 9.13459 0 0 0 0.93378 -0.357847
505.200000000 14.0294 9.08161 0 0 0 0.930273 -0.366869
505.300000000 13.9754 9.02956 0 0 0 0.929183 -0.369621
505.400000000 13.9216 8.97739 0 0 0 0.928348 -0.371712
505.500000000 13.8679 8.92497 0 0 0 0.927509 -0.373801
505.600000000 13.8145 8.87232 0 0 0 0.926665 -0.375889
505.700000000 13.7613 8.81943 0 0 0 0.925816 -0.377975
505.800000000 13.7084 8.7663 0 0 0 0.924962 -0.380058
505.900000000 13.6557 8.71293 0 0 0 0.924104 -0.38214
506.000000000 13.6032 8.65932 0 0 0 0.923241 -0.38422
506.100000000 13.551 8.60548 0 0 0 0.922374 -0.386298
506.200000000 13.499 8.5514 0 0 0 0.921502 -0.388374
506.300000000 13.4464 8.49793 0 0 0 0.921802 -0.387661
506.400000000 13.3935 8.44476 0 0 0 0.922391 -0.386257
506.500000000 13.3405 8.39174 0 0 0 0.922979 -0.384851
506.600000000 13.2873 8.33889 0 0 0 0.923564 -0.383444
506.700000000 13.2339 8.2862 0 0 0 0.924147 -0.382037
506.800000000 13.1804 8.23368 0 0 0 0.924728 -0.380629
506.900000000 13.1267 8.18131 0 0 0 0.925307 -0.379219
507.000000000 13.0728 8.12911 0 0 0 0.925883 -0.377809
507.100000000 13.0188 8.07708 0 0 0 0.926458 -0.376398
507.200000000 12.9646 8.02521 0 0 0 0.92703 -0.374987
507.300000000 12.9105 7.97329 0 0 0 0.92732 -0.37427
507.400000000 12.8563 7.92145 0 0 0 0.927609 -0.373552
507.500000000 12.802 7.8697 0 0 0 0.927898 -0.372835
507.600000000 12.7476 7.81803 0 0 0 0.928186 -0.372117
507.700000000 12.6932 7.76644 0 0 0 0.928473 -0.371399
507.800000000 12.6387 7.71494 0 0 0 0.92876 -0.370681
507.900000000 12.5841 7.66352 0 0 0 0.929047 -0.369963
508.000000000 12.5294 7.61219 0 0 0 0.929332 -0.369244
508.100000000 12.4746 7.56094 0 0 0 0.929618 -0.368526
508.200000000 12.4198 7.50978 0 0 0 0.929902 -0.367807
508.300000000 12.3651 7.45848 0 0 0 0.929902 -0.367807
508.400000000 12.3104 7.40717 0 0 0 0.929902 -0.367807
508.500000000 12.2557 7.35587 0 0 0 0.929902 -0.367807
508.600000000 12.201 7.30457 0 0 0 0.929902 -0.367807
508.700000000 12.1463 7.25326 0 0 0 0.929902 -0.367807
508.800000000 12.0915 7.20196 0 0 0 0.929902 -0.367807
508.900000000 12.0368 7.15066 0 0 0 0.929902 -0.367807
509.000000000 11.9821 7.09935 0 0 0 0.929902 -0.367807
509.100000000 11.9274 7.04805 0 0 0 0.929902 -0.367807
509.200000000 11.8727 6.99675 0 0 0 0.929902 -0.367807
509.300000000 11.818 6.94544 0 0 0 0.929902 -0.367807
509.400000000 11.7633 6.89414 0 0 0 0.929902 -0.367807
509.500000000 11.7086 6.84283 0 0 0 0.929902 -0.367807
509.600000000 11.6539 6.79153 0 0 0 0.929902 -0.367807
509.700000000 11.5992 6.74023 0 0 0 0.929902 -0.367807
509.800000000 11.5445 6.68892 0 0 0 0.929902 -0.367807
509.900000000 11.4898 6.63762 0 0 0 0.929902 -0.367807
510.000000000 11.4351 6.58632 0 0 0 0.929902 -0.367807
510.100000000 11.3806 6.53479 0 0 0 0.929618 -0.368526
510.200000000 11.3261 6.48317 0 0 0 0.929332 -0.369244
510.300000000 11.2718 6.43148 0 0 0 0.929047 -0.369963
510.400000000 11.2175 6.37969 0 0 0 0.92876 -0.370681
510.500000000 11.1634 6.32783 0 0 0 0.928473 -0.371399
510.600000000 11.1093 6.27588 0 0 0 0.928186 -0.372117
510.700000000 11.0553 6.22385 0 0 0 0.927898 -0.372835
510.800000000 11.0013 6.17173 0 0 0 0.927609 -0.373552
510.900000000 10.9475 6.11953 0 0 0 0.92732 -0.37427
511.000000000 10.8937 6.06725 0 0 0 0.92703 -0.374987
511.100000000 10.84 6.01488 0 0 0 0.92674 -0.375703
511.200000000 10.7864 5.96244 0 0 0 0.926449 -0.37642
511.300000000 10.734 5.90871 0 0 0 0.924566 -0.381021
511.400000000 10.6822 5.85446 0 0 0 0.922661 -0.385612
511.500000000 10.631 5.7997 0 0 0 0.920733 -0.390194
511.600000000 10.5802 5.74444 0 0 0 0.918781 -0.394767
511.700000000 10.53 5.68867 0 0 0 0.916808 -0.399329
511.800000000 10.4804 5.63241 0 0 0 0.914811 -0.403882
511.900000000 10.4314 5.57565 0 0 0 0.912792 -0.408425
512.000000000 10.3829 5.51841 0 0 0 0.91075 -0.412957
512.100000000 10.335 5.4607 0 0 0 0.908686 -0.41748
512.200000000 10.2876 5.4025 0 0 0 0.9066 -0.421992
512.300000000 10.2428 5.34226 0 0 0 0.901792 -0.43217
512.400000000 10.1995 5.2809 0 0 0 0.896646 -0.442747
512.500000000 10.1577 5.21853 0 0 0 0.891376 -0.453264
512.600000000 10.1174 5.1552 0 0 0 0.885983 -0.463718
512.700000000 10.0785 5.09094 0 0 0 0.880467 -0.474107
512.800000000 10.0412 5.02578 0 0 0 0.874829 -0.484431
512.900000000 10.0054 4.95976 0 0 0 0.86907 -0.494688
513.000000000 9.97119 4.89292 0 0 0 -0.863191 0.504877
513.100000000 9.93855 4.82529 0 0 0 -0.857193 0.514996
513.200000000 9.90873 4.75795 0 0 0 -0.850301 0.526296
513.300000000 9.8807 4.68984 0 0 0 -0.843261 0.537504
513.400000000 9.85449 4.62101 0 0 0 -0.836073 0.548618
513.500000000 9.83011 4.55152 0 0 0 -0.828739 0.559636
513.600000000 9.80757 4.4814 0 0 0 -0.821259 0.570556
513.700000000 9.7869 4.41071 0 0 0 -0.813635 0.581375
513.800000000 9.76811 4.3395 0 0 0 -0.805869 0.592093
513.900000000 9.75121 4.26782 0 0 0 -0.797962 0.602708
514.000000000 9.73621 4.19571 0 0 0 -0.789915 0.613216
514.100000000 9.72313 4.12324 0 0 0 -0.78173 0.623617
514.200000000 9.71196 4.05044 0 0 0 -0.773407 0.633909
514.300000000 9.70186 3.97603 0 0 0 -0.765897 0.642963
514.400000000 9.69352 3.9014 0 0 0 -0.758281 0.651928
514.500000000 9.68693 3.8266 0 0 0 -0.75056 0.660802
514.600000000 9.6821 3.75166 0 0 0 -0.742735 0.669585
514.700000000 9.67904 3.67663 0 0 0 -0.734808 0.678276
514.800000000 9.67774 3.60155 0 0 0 -0.726778 0.686872
514.900000000 9.67821 3.52646 0 0 0 -0.718648 0.695374
515.000000000 9.68045 3.4514 0 0 0 -0.710419 0.703779
515.100000000 9.68445 3.37642 0 0 0 -0.702091 0.712087
515.200000000 9.69021 3.30154 0 0 0 -0.693667 0.720296
515.300000000 9.69774 3.22683 0 0 0 -0.685146 0.728406
515.400000000 9.70701 3.15231 0 0 0 -0.67653 0.736415
515.500000000 9.71804 3.07804 0 0 0 -0.667821 0.744322
515.600000000 9.73082 3.00404 0 0 0 -0.659019 0.752126
515.700000000 9.74533 2.93036 0 0 0 -0.650127 0.759826
515.800000000 9.75662 2.85622 0 0 0 -0.650714 0.759323
515.900000000 9.76298 2.78188 0 0 0 -0.660344 0.750963
516.000000000 9.76176 2.72432 0 0 0 -0.676293 0.736632
516.100000000 9.75537 2.67623 0 0 0 -0.695344 0.718677
516.200000000 9.74573 2.63172 0 0 0 -0.715024 0.6991
516.300000000 9.73364 2.58781 0 0 0 -0.734153 0.678984
516.400000000 9.71913 2.54464 0 0 0 -0.752716 0.658345
516.500000000 9.70225 2.50234 0 0 0 -0.770699 0.637199
516.600000000 9.68305 2.46104 0 0 0 -0.788089 0.615561
516.700000000 9.66159 2.42087 0 0 0 -0.804871 0.59345
516.800000000 9.63792 2.38195 0 0 0 -0.821033 0.570881
516.900000000 9.61214 2.34441 0 0 0 -0.836562 0.547872
517.000000000 9.58431 2.30836 0 0 0 -0.851447 0.524441
517.100000000 9.55453 2.2739 0 0 0 -0.865676 0.500606
517.200000000 9.52288 2.24115 0 0 0 0.879237 -0.476385
517.300000000 9.48336 2.19505 0 0 0 0.888507 -0.458863
517.400000000 9.43598 2.13678 0 0 0 0.894067 -0.447934
517.500000000 9.3875 2.07945 0 0 0 0.899052 -0.437842
517.600000000 9.33774 2.02322 0 0 0 0.903923 -0.427695
517.700000000 9.28673 1.96812 0 0 0 0.90868 -0.417493
517.800000000 9.2345 1.91419 0 0 0 0.913322 -0.407239
517.900000000 9.18106 1.86144 0 0 0 0.917848 -0.396933
518.000000000 9.12644 1.80991 0 0 0 0.922257 -0.386577
518.100000000 9.07069 1.75963 0 0 0 0.92655 -0.376171
518.200000000 9.01381 1.71061 0 0 0 0.930726 -0.365718
518.300000000 8.95846 1.66 0 0 0 0.931282 -0.3643
518.400000000 8.90316 1.60934 0 0 0 0.931563 -0.36358
518.500000000 8.84777 1.55876 0 0 0 0.931844 -0.362859
518.600000000 8.79232 1.50827 0 0 0 0.932124 -0.362138
518.700000000 8.73678 1.45786 0 0 0 0.932404 -0.361417
518.800000000 8.68116 1.40754 0 0 0 0.932683 -0.360696
518.900000000 8.62547 1.35731 0 0 0 0.932962 -0.359975
519.000000000 8.5697 1.30716 0 0 0 0.93324 -0.359253
519.100000000 8.51385 1.2571 0 0 0 0.933518 -0.358532
519.200000000 8.45834 1.20667 0 0 0 0.93324 -0.359253
519.300000000 8.40311 1.15593 0 0 0 0.932692 -0.360675
519.400000000 8.34803 1.10502 0 0 0 0.932141 -0.362095
519.500000000 8.29311 1.05394 0 0 0 0.931588 -0.363515
519.600000000 8.23835 1.0027 0 0 0 0.931034 -0.364934
519.700000000 8.18374 0.951284 0 0 0 0.930477 -0.366352
519.800000000 8.12929 0.899707 0 0 0 0.929917 -0.367769
519.900000000 8.07499 0.847964 0 0 0 0.929356 -0.369185
520.000000000 8.02086 0.796056 0 0 0 0.928792 -0.3706
520.100000000 7.96688 0.743983 0 0 0 0.928227 -0.372015
520.200000000 7.91306 0.691746 0 0 0 0.927659 -0.373428
520.300000000 7.85898 0.639783 0 0 0 0.927659 -0.373428
520.400000000 7.80489 0.587821 0 0 0 0.927659 -0.373428
520.500000000 7.75081 0.535859 0 0 0 0.927659 -0.373428
520.600000000 7.69673 0.483897 0 0 0 0.927659 -0.373428
520.700000000 7.64265 0.431935 0 0 0 0.927659 -0.373428
520.800000000 7.58856 0.379973 0 0 0 0.927659 -0.373428
520.900000000 7.53448 0.328011 0 0 0 0.927659 -0.373428
521.000000000 7.4804 0.276048 0 0 0 0.927659 -0.373428
521.100000000 7.42632 0.224086 0 0 0 0.927659 -0.373428
521.200000000 7.37223 0.172124 0 0 0 0.927659 -0.373428
521.300000000 7.31815 0.120162 0 0 0 0.927659 -0.373428
521.400000000 7.26407 0.0681999 0 0 0 0.927659 -0.373428
521.500000000 7.20998 0.0162377 0 0 0 0.927659 -0.373428
521.600000000 7.1559 -0.0357244 0 0 0 0.927659 -0.373428
521.700000000 7.10182 -0.0876866 0 0 0 0.927659 -0.373428
521.800000000 7.04774 -0.139649 0 0 0 0.927659 -0.373428
521.900000000 7.04774 -0.139649 0 0 0 0.927659 -0.373428
522.000000000 7.04774 -0.139649 0 0 0 0.927659 -0.373428
522.100000000 7.04774 -0.139649 0 0 0 0.927659 -0.373428
522.200000000 7.04774 -0.139649 0 0 0 0.927659 -0.373428
522.300000000 7.04774 -0.139649 0 0 0 0.927659 -0.373428
522.400000000 7.04774 -0.139649 0 0 0 0.927659 -0.373428
522.500000000 7.04774 -0.139649 0 0 0 0.927659 -0.373428
522.600000000 7.04774 -0.139649 0 0 0 0.927659 -0.373428
522.700000000 7.04774 -0.139649 0 0 0 0.927659 -0.373428
522.800000000 7.04774 -0.139649 0 0 0 0.927659 -0.373428
522.900000000 7.04774 -0.139649 0 0 0 0.927659 -0.373428
523.000000000 7.04774 -0.139649 0 0 0 0.927659 -0.373428
523.100000000 7.04774 -0.139649 0 0 0 0.927659 -0.373428
523.200000000 7.04774 -0.139649 0 0 0 0.927659 -0.373428
523.300000000 7.04774 -0.139649 0 0 0 0.927659 -0.373428
523.400000000 7.04774 -0.139649 0 0 0 0.927659 -0.373428
523.500000000 7.04774 -0.139649 0 0 0 0.927659 -0.373428
523.600000000 7.04774 -0.139649 0 0 0 0.927659 -0.373428
523.700000000 7.04774 -0.139649 0 0 0 0.927659 -0.373428
523.800000000 7.04774 -0.139649 0 0 0 0.927659 -0.373428
523.900000000 7.04774 -0.139649 0 0 0 0.927659 -0.373428
524.000000000 7.04774 -0.139649 0 0 0 0.927659 -0.373428
524.100000000 7.04774 -0.139649 0 0 0 0.927659 -0.373428
524.200000000 7.04774 -0.139649 0 0 0 0.927659 -0.373428
524.300000000 7.04774 -0.139649 0 0 0 0.927659 -0.373428
524.400000000 7.04774 -0.139649 0 0 0 0.927659 -0.373428
524.500000000 7.04774 -0.139649 0 0 0 0.927659 -0.373428
524.600000000 7.04774 -0.139649 0 0 0 0.927659 -0.373428
524.700000000 7.04774 -0.139649 0 0 0 0.927659 -0.373428
524.800000000 7.04774 -0.139649 0 0 0 0.927659 -0.373428
524.900000000 7.04774 -0.139649 0 0 0 0.927659 -0.373428
525.000000000 7.04774 -0.139649 0 0 0 0.927659 -0.373428
525.100000000 7.04774 -0.139649 0 0 0 0.927659 -0.373428
525.200000000 7.04774 -0.139649 0 0 0 0.927659 -0.373428
525.300000000 7.04774 -0.139649 0 0 0 0.927659 -0.373428
525.400000000 7.04774 -0.139649 0 0 0 0.927659 -0.373428
525.500000000 7.04774 -0.139649 0 0 0 0.927659 -0.373428
525.600000000 7.04774 -0.139649 0 0 0 0.927659 -0.373428
525.700000000 7.04774 -0.139649 0 0 0 0.927659 -0.373428
525.800000000 7.04774 -0.139649 0 0 0 0.927659 -0.373428
525.900000000 7.04774 -0.139649 0 0 0 0.927659 -0.373428
526.000000000 7.04774 -0.139649 0 0 0 0.927659 -0.373428
526.100000000 7.04774 -0.139649 0 0 0 0.927659 -0.373428
526.200000000 7.04774 -0.139649 0 0 0 0.927659 -0.373428
526.300000000 7.04774 -0.139649 0 0 0 0.927659 -0.373428
526.400000000 7.04774 -0.139649 0 0 0 0.927659 -0.373428
526.500000000 7.04774 -0.139649 0 0 0 0.927659 -0.373428
526.600000000 7.04774 -0.139649 0 0 0 0.927659 -0.373428
526.700000000 7.04774 -0.139649 0 0 0 0.927659 -0.373428
526.800000000 7.04774 -0.139649 0 0 0 0.927659 -0.373428
526.900000000 7.04774 -0.139649 0 0 0 0.927659 -0.373428
527.000000000 7.04774 -0.139649 0 0 0 0.927659 -0.373428
527.100000000 7.04774 -0.139649 0 0 0 0.927659 -0.373428
527.200000000 7.04774 -0.139649 0 0 0 0.927659 -0.373428
527.300000000 7.04774 -0.139649 0 0 0 0.927659 -0.373428
527.400000000 7.04774 -0.139649 0 0 0 0.927659 -0.373428
527.500000000 7.04774 -0.139649 0 0 0 0.927659 -0.373428
527.600000000 7.04774 -0.139649 0 0 0 0.927659 -0.373428
527.700000000 7.04774 -0.139649 0 0 0 0.927659 -0.373428
527.800000000 6.9903 -0.188033 0 0 0 0.932168 -0.362026
527.900000000 6.94201 -0.220797 0 0 0 0.939578 -0.342334
528.000000000 6.90261 -0.238788 0 0 0 0.949097 -0.314984
528.100000000 6.87439 -0.241022 0 0 0 0.960305 -0.278952
528.200000000 6.84837 -0.238954 0 0 0 0.970514 -0.241045
528.300000000 6.81781 -0.238721 0 0 0 0.97862 -0.205676
528.400000000 6.78735 -0.236274 0 0 0 0.985438 -0.170036
528.500000000 6.75715 -0.231624 0 0 0 0.990958 -0.134173
528.600000000 6.72736 -0.224796 0 0 0 0.995173 -0.0981325
528.700000000 6.69815 -0.215827 0 0 0 0.998078 -0.061963
528.800000000 6.66966 -0.204762 0 0 0 0.999669 -0.025712
528.900000000 6.64206 -0.191662 0 0 0 0.999944 0.0105729
529.000000000 6.61547 -0.176594 0 0 0 0.998902 0.0468439
529.100000000 6.59005 -0.159638 0 0 0 0.996545 0.0830532
529.200000000 6.54832 -0.141381 0 0 0 0.993856 0.110682
529.300000000 6.49134 -0.120404 0 0 0 0.991467 0.13036
529.400000000 6.43355 -0.0970748 0 0 0 0.988811 0.149171
529.500000000 6.37669 -0.0715667 0 0 0 0.985799 0.167928
529.600000000 6.32083 -0.0439169 0 0 0 0.982431 0.186625
529.700000000 6.26607 -0.0141653 0 0 0 0.978709 0.205255
529.800000000 6.21247 0.0176452 0 0 0 0.974633 0.22381
529.900000000 6.16012 0.0514687 0 0 0 0.970205 0.242285
530.000000000 6.1091 0.0872562 0 0 0 0.965427 0.260672
530.100000000 6.05947 0.124956 0 0 0 0.960301 0.278965
530.200000000 6.01131 0.164514 0 0 0 0.954829 0.297157
530.300000000 5.95176 0.210216 0 0 0 0.951931 0.306313
530.400000000 5.88999 0.252766 0 0 0 0.953042 0.302838
530.500000000 5.82718 0.293815 0 0 0 0.95509 0.296316
530.600000000 5.76382 0.334001 0 0 0 0.957093 0.289779
530.700000000 5.69992 0.373318 0 0 0 0.959052 0.28323
530.800000000 5.63548 0.411756 0 0 0 0.960966 0.276667
530.900000000 5.57052 0.449311 0 0 0 0.962835 0.270091
531.000000000 5.50506 0.485973 0 0 0 0.964659 0.263502
531.100000000 5.4391 0.521737 0 0 0 0.966438 0.256901
531.200000000 5.37266 0.556596 0 0 0 0.968171 0.250288
531.300000000 5.30531 0.589733 0 0 0 0.970417 0.241434
531.400000000 5.23737 0.621633 0 0 0 0.972582 0.23256
531.500000000 5.16886 0.652287 0 0 0 0.974666 0.223666
531.600000000 5.0998 0.681685 0 0 0 0.976668 0.214754
531.700000000 5.03022 0.709815 0 0 0 0.978589 0.205823
531.800000000 4.96013 0.73667 0 0 0 0.980428 0.196876
531.900000000 4.88957 0.762241 0 0 0 0.982186 0.187912
532.000000000 4.81855 0.786517 0 0 0 0.983861 0.178933
532.100000000 4.74709 0.809493 0 0 0 0.985455 0.169938
532.200000000 4.67503 0.83055 0 0 0 0.987223 0.159345
532.300000000 4.60253 0.850054 0 0 0 0.988877 0.148733
532.400000000 4.52963 0.867996 0 0 0 0.990418 0.138104
532.500000000 4.45636 0.884369 0 0 0 0.991844 0.127458
532.600000000 4.38276 0.899164 0 0 0 0.993156 0.116799
532.700000000 4.30885 0.912374 0 0 0 0.994353 0.106125
532.800000000 4.23468 0.923994 0 0 0 0.995435 0.0954398
532.900000000 4.16027 0.934019 0 0 0 0.996403 0.0847433
533.000000000 4.08567 0.942443 0 0 0 0.997255 0.074037
533.100000000 4.0109 0.949262 0 0 0 0.997993 0.0633222
533.200000000 3.93601 0.954474 0 0 0 0.998616 0.0526
533.300000000 3.86102 0.958077 0 0 0 0.999123 0.0418718
533.400000000 3.78597 0.960067 0 0 0 0.999515 0.0311388
533.500000000 3.71089 0.960446 0 0 0 0.999792 0.0204021
533.600000000 3.63583 0.959211 0 0 0 0.999953 0.00966315
533.700000000 3.5608 0.956365 0 0 0 0.999999 -0.00107695
533.800000000 3.48581 0.954476 0 0 0 0.999985 -0.00539513
533.900000000 3.41084 0.952208 0 0 0 0.999959 -0.00904301
534.000000000 3.33588 0.949392 0 0 0 0.999919 -0.0126908
534.100000000 3.26095 0.94603 0 0 0 0.999867 -0.0163384
534.200000000 3.18604 0.942122 0 0 0 0.9998 -0.0199858
534.300000000 3.11113 0.938516 0 0 0 0.999769 -0.0215089
534.400000000 3.03622 0.934681 0 0 0 0.999735 -0.0230319
534.500000000 2.96133 0.930619 0 0 0 0.999698 -0.0245549
534.600000000 2.88645 0.926328 0 0 0 0.99966 -0.0260779
534.700000000 2.81159 0.921809 0 0 0 0.999619 -0.0276008
534.800000000 2.73674 0.917062 0 0 0 0.999576 -0.0291236
534.900000000 2.6619 0.912087 0 0 0 0.99953 -0.0306463
535.000000000 2.58708 0.906884 0 0 0 0.999482 -0.032169
535.100000000 2.51228 0.901453 0 0 0 0.999432 -0.0336916
535.200000000 2.43749 0.895795 0 0 0 0.99938 -0.0352142
535.300000000 2.36258 0.891972 0 0 0 0.999502 -0.0315682
535.400000000 2.28764 0.888695 0 0 0 0.99961 -0.0279219
535.500000000 2.21268 0.885966 0 0 0 0.999705 -0.0242751
535.600000000 2.1377 0.883783 0 0 0 0.999787 -0.0206281
535.700000000 2.06271 0.882148 0 0 0 0.999856 -0.0169807
535.800000000 1.98771 0.88106 0 0 0 0.999911 -0.0133332
535.900000000 1.9127 0.880519 0 0 0 0.999953 -0.00968543
536.000000000 1.8377 0.880525 0 0 0 0.999982 -0.00603756
536.100000000 1.76269 0.881079 0 0 0 0.999997 -0.00238961
536.200000000 1.68769 0.882179 0 0 0 0.999999 0.00125837
536.300000000 1.6127 0.883827 0 0 0 0.999988 0.00490633
536.400000000 1.53772 0.886022 0 0 0 0.999963 0.00855423
536.500000000 1.46276 0.888764 0 0 0 0.999926 0.012202
536.600000000 1.38782 0.892053 0 0 0 0.999874 0.0158496
536.700000000 1.31291 0.895888 0 0 0 0.99981 0.0194971
536.800000000 1.23803 0.90027 0 0 0 0.999732 0.0231442
536.900000000 1.16319 0.905198 0 0 0 0.999641 0.026791
537.000000000 1.08838 0.910672 0 0 0 0.999537 0.0304375
537.100000000 1.01361 0.916692 0 0 0 0.999419 0.0340836
537.200000000 0.93889 0.923257 0 0 0 0.999288 0.0377292
537.300000000 0.864058 0.928305 0 0 0 0.999344 0.0362068
537.400000000 0.789192 0.932834 0 0 0 0.999423 0.0339565
537.500000000 0.714306 0.937025 0 0 0 0.999497 0.0317059
537.600000000 0.639401 0.94088 0 0 0 0.999566 0.0294553
537.700000000 0.56448 0.944397 0 0 0 0.99963 0.0272044
537.800000000 0.489544 0.947577 0 0 0 0.999689 0.0249534
537.900000000 0.414595 0.950419 0 0 0 0.999742 0.0227023
538.000000000 0.339633 0.952924 0 0 0 0.999791 0.0204511
538.100000000 0.264661 0.955091 0 0 0 0.999834 0.0181998
538.200000000 0.18968 0.95692 0 0 0 0.999873 0.0159483
538.300000000 0.114692 0.958412 0 0 0 0.999906 0.0136968
538.400000000 0.0396973 0.959565 0 0 0 0.999935 0.0114453
538.500000000 -0.0353017 0.960382 0 0 0 0.999958 0.00919363
538.600000000 -0.110304 0.96086 0 0 0 0.999976 0.00694195
538.700000000 -0.185307 0.961001 0 0 0 0.999989 0.00469024
538.800000000 -0.260306 0.961426 0 0 0 0.999992 0.00399426
538.900000000 -0.335306 0.961747 0 0 0 0.999995 0.00329829
539.000000000 -0.410306 0.961963 0 0 0 0.999997 0.00260231
539.100000000 -0.485306 0.962075 0 0 0 0.999998 0.00190632
539.200000000 -0.560306 0.962082 0 0 0 0.999999 0.00121034
539.300000000 -0.619377 0.962411 0 0 0 0.999999 0.00167433
539.400000000 -0.678448 0.962794 0 0 0 0.999998 0.00213832
539.500000000 -0.737519 0.963233 0 0 0 0.999997 0.00260231
539.600000000 -0.796589 0.963726 0 0 0 0.999995 0.00306629
539.700000000 -0.855659 0.964274 0 0 0 0.999994 0.00353028
539.800000000 -0.914728 0.964876 0 0 0 0.999992 0.00399426
539.900000000 -0.973797 0.965534 0 0 0 0.99999 0.00445825
540.000000000 -1.03286 0.966246 0 0 0 0.999988 0.00492223
540.100000000 -1.09193 0.967013 0 0 0 0.999985 0.00538622
540.200000000 -1.151 0.967835 0 0 0 0.999983 0.0058502
540.300000000 -1.21006 0.968712 0 0 0 0.99998 0.00631418
540.400000000 -1.26913 0.969643 0 0 0 0.999977 0.00677816
540.500000000 -1.32819 0.97063 0 0 0 0.999974 0.00724213
540.600000000 -1.38726 0.971671 0 0 0 0.99997 0.00770611
540.700000000 -1.44632 0.972767 0 0 0 0.999967 0.00817008
540.800000000 -1.50538 0.973918 0 0 0 0.999963 0.00863406
540.900000000 -1.56114 0.978707 0 0 0 0.999834 0.0181976
541.000000000 -1.60361 0.986689 0 0 0 0.999412 0.0342734
541.100000000 -1.6337 0.997582 0 0 0 0.998415 0.0562728
541.200000000 -1.64961 1.01092 0 0 0 0.996391 0.0848779
541.300000000 -1.64842 1.03036 0 0 0 0.991108 0.133061
541.400000000 -1.64379 1.04947 0 0 0 0.98336 0.181669
541.500000000 -1.63731 1.06804 0 0 0 0.973229 0.229837
541.600000000 -1.62903 1.08588 0 0 0 0.960741 0.277448
541.700000000 -1.61904 1.10282 0 0 0 0.945925 0.324387
541.800000000 -1.60743 1.1187 0 0 0 0.928817 0.37054
541.900000000 -1.59432 1.13336 0 0 0 0.909458 0.415795
542.000000000 -1.57983 1.14665 0 0 0 0.887897 0.460043
542.100000000 -1.5641 1.15846 0 0 0 0.864184 0.503176
542.200000000 -1.54729 1.16867 0 0 0 0.838377 0.54509
542.300000000 -1.52955 1.17718 0 0 0 0.81054 0.585684
542.400000000 -1.51107 1.1839 0 0 0 0.780738 0.624858
542.500000000 -1.49202 1.18877 0 0 0 0.749045 0.662519
542.600000000 -1.47258 1.19174 0 0 0 0.715537 0.698575
542.700000000 -1.45294 1.19279 0 0 0 0.680296 0.732938
542.800000000 -1.43329 1.19191 0 0 0 0.643406 0.765525
542.900000000 -1.41382 1.18909 0 0 0 0.604958 0.796258
543.000000000 -1.39473 1.18438 0 0 0 0.565044 0.825061
543.100000000 -1.37619 1.17782 0 0 0 0.52376 0.851866
543.200000000 -1.35165 1.19336 0 0 0 0.491675 0.870779
543.300000000 -1.32567 1.20798 0 0 0 0.459336 0.888262
543.400000000 -1.29869 1.22064 0 0 0 0.426377 0.904546
543.500000000 -1.27086 1.2313 0 0 0 0.392842 0.919606
543.600000000 -1.24231 1.23988 0 0 0 0.358775 0.933424
543.700000000 -1.21322 1.24633 0 0 0 0.324224 0.94598
543.800000000 -1.18373 1.25064 0 0 0 0.289235 0.957258
543.900000000 -1.154 1.25276 0 0 0 0.253854 0.967242
544.000000000 -1.12419 1.2527 0 0 0 0.218131 0.975919
544.100000000 -1.09447 1.25044 0 0 0 0.182113 0.983278
544.200000000 -1.065 1.24601 0 0 0 0.145849 0.989307
544.300000000 -1.03593 1.23943 0 0 0 0.109387 0.993999
544.400000000 -1.00743 1.23073 0 0 0 0.0727782 0.997348
544.500000000 -0.979637 1.21995 0 0 0 0.0360707 0.999349
544.600000000 -0.952714 1.20717 0 0 0 -0.000685569 1
544.700000000 -0.926803 1.19244 0 0 0 -0.0374409 0.999299
544.800000000 -0.902043 1.17585 0 0 0 -0.0741457 0.997247
544.900000000 -0.87857 1.15749 0 0 0 -0.11075 0.993848
545.000000000 -0.856509 1.13744 0 0 0 -0.147205 0.989106
545.100000000 -0.820522 1.11541 0 0 0 -0.17337 0.984857
545.200000000 -0.775871 1.09195 0 0 0 -0.190109 0.981763
545.300000000 -0.716831 1.06411 0 0 0 -0.199399 0.979918
545.400000000 -0.648186 1.03388 0 0 0 -0.201839 0.979419
545.500000000 -0.579598 1.00353 0 0 0 -0.203694 0.979035
545.600000000 -0.511126 0.972925 0 0 0 -0.205549 0.978647
545.700000000 -0.442769 0.942058 0 0 0 -0.207402 0.978256
545.800000000 -0.374531 0.910932 0 0 0 -0.209256 0.977861
545.900000000 -0.30641 0.879547 0 0 0 -0.211108 0.977463
546.000000000 -0.238409 0.847905 0 0 0 -0.212959 0.977061
546.100000000 -0.170529 0.816005 0 0 0 -0.21481 0.976656
546.200000000 -0.102769 0.783849 0 0 0 -0.21666 0.976247
546.300000000 -0.0351327 0.751435 0 0 0 -0.21851 0.975835
546.400000000 0.0323809 0.718766 0 0 0 -0.220358 0.975419
546.500000000 0.0997701 0.685841 0 0 0 -0.222206 0.975
546.600000000 0.167034 0.652661 0 0 0 -0.224053 0.974577
546.700000000 0.234172 0.619227 0 0 0 -0.225899 0.974151
546.800000000 0.301183 0.585538 0 0 0 -0.227744 0.973721
546.900000000 0.35898 0.560771 0 0 0 -0.219369 0.975642
547.000000000 0.41206 0.540815 0 0 0 -0.207924 0.978145
547.100000000 0.464981 0.522541 0 0 0 -0.196092 0.980586
547.200000000 0.500211 0.514672 0 0 0 -0.180661 0.983545
547.300000000 0.526338 0.513754 0 0 0 -0.159896 0.987134
547.400000000 0.541139 0.520378 0 0 0 -0.132783 0.991145
547.500000000 0.545192 0.532952 0 0 0 -0.099992 0.994988
547.600000000 0.547419 0.546177 0 0 0 -0.0665745 0.997781
547.700000000 0.548754 0.559522 0 0 0 -0.0330822 0.999453
547.800000000 0.549192 0.572927 0 0 0 0.000447268 1
547.900000000 0.54873 0.586331 0 0 0 0.0339763 0.999423
548.000000000 0.547371 0.599673 0 0 0 0.067467 0.997722
548.100000000 0.545121 0.612895 0 0 0 0.100882 0.994898
548.200000000 0.54199 0.625936 0 0 0 0.134183 0.990957
548.300000000 0.537992 0.638738 0 0 0 0.167334 0.9859
548.400000000 0.533144 0.651243 0 0 0 0.200296 0.979735
548.500000000 0.52747 0.663395 0 0 0 0.233034 0.972469
548.600000000 0.520994 0.67514 0 0 0 0.265509 0.964108
548.700000000 0.513745 0.686424 0 0 0 0.297685 0.954664
548.800000000 0.506377 0.696412 0 0 0 0.327166 0.944967
548.900000000 0.498403 0.705925 0 0 0 0.356331 0.93436
549.000000000 0.489855 0.714924 0 0 0 0.385153 0.922853
549.100000000 0.480764 0.723376 0 0 0 0.413604 0.910457
549.200000000 0.48358 0.740836 0 0 0 0.434816 0.900519
549.300000000 0.486523 0.759215 0 0 0 0.455251 0.890363
549.400000000 0.488624 0.77771 0 0 0 0.475448 0.879744
549.500000000 0.489879 0.79628 0 0 0 0.495398 0.868666
549.600000000 0.490286 0.814889 0 0 0 0.51509 0.857136
549.700000000 0.489843 0.833497 0 0 0 0.534514 0.845159
549.800000000 0.488552 0.852065 0 0 0 0.55366 0.832743
549.900000000 0.486415 0.870555 0 0 0 0.572517 0.819893
550.000000000 0.483437 0.888929 0 0 0 0.591076 0.806616
550.100000000 0.479623 0.907147 0 0 0 0.609328 0.792918
550.200000000 0.474982 0.925172 0 0 0 0.627262 0.778808
550.300000000 0.469524 0.942967 0 0 0 0.644869 0.764293
550.400000000 0.46326 0.960494 0 0 0 0.662141 0.749379
550.500000000 0.456202 0.977718 0 0 0 0.679068 0.734076
550.600000000 0.448366 0.994601 0 0 0 0.695641 0.71839
550.700000000 0.439768 1.01111 0 0 0 0.711852 0.702329
550.800000000 0.430425 1.02721 0 0 0 0.727692 0.685904
550.900000000 0.416787 1.02808 0 0 0 0.750544 0.66082
551.000000000 0.402973 1.02582 0 0 0 0.773209 0.634152
551.100000000 0.389351 1.0226 0 0 0 0.794926 0.606707
551.200000000 0.375987 1.01844 0 0 0 0.815669 0.578518
551.300000000 0.362567 1.01319 0 0 0 0.835983 0.548756
551.400000000 0.34956 1.00698 0 0 0 0.85521 0.518281
551.500000000 0.337033 0.999857 0 0 0 0.873328 0.487134
551.600000000 0.325052 0.991848 0 0 0 0.890311 0.455353
551.700000000 0.313679 0.982998 0 0 0 0.906138 0.422982
551.800000000 0.302973 0.973352 0 0 0 0.920789 0.390061
551.900000000 0.292989 0.962959 0 0 0 0.934244 0.356634
552.000000000 0.283779 0.951875 0 0 0 0.946486 0.322744
552.100000000 0.275391 0.940156 0 0 0 0.9575 0.288434
552.200000000 0.267869 0.927864 0 0 0 0.96727 0.253751
552.300000000 0.261252 0.915062 0 0 0 0.975784 0.218737
552.400000000 0.255574 0.901817 0 0 0 0.983031 0.18344
552.500000000 0.250864 0.888197 0 0 0 0.989002 0.147905
552.600000000 0.247147 0.874274 0 0 0 0.993688 0.112177
552.700000000 0.244443 0.860119 0 0 0 0.997085 0.0763038
552.800000000 0.242764 0.845806 0 0 0 0.999186 0.0403316
552.900000000 0.242121 0.831409 0 0 0 0.999991 0.00430698
553.000000000 0.242516 0.817003 0 0 0 0.999497 -0.0317232
553.100000000 0.226332 0.805392 0 0 0 0.99831 -0.0581125
553.200000000 0.198179 0.793941 0 0 0 0.996927 -0.0783366
553.300000000 0.159139 0.781804 0 0 0 0.995665 -0.0930106
553.400000000 0.107884 0.76865 0 0 0 0.99483 -0.101553
553.500000000 0.039328 0.754506 0 0 0 0.99483 -0.101553
553.600000000 -0.0244302 0.742395 0 0 0 0.995086 -0.0990125
553.700000000 -0.0882494 0.73061 0 0 0 0.995336 -0.0964711
553.800000000 -0.152128 0.719151 0 0 0 0.995579 -0.0939291
553.900000000 -0.216064 0.708018 0 0 0 0.995815 -0.0913865
554.000000000 -0.280056 0.697212 0 0 0 0.996046 -0.0888433
554.100000000 -0.344103 0.686732 0 0 0 0.996269 -0.0862995
554.200000000 -0.408202 0.67658 0 0 0 0.996486 -0.0837552
554.300000000 -0.472353 0.666756 0 0 0 0.996697 -0.0812103
554.400000000 -0.536552 0.657259 0 0 0 0.996901 -0.0786649
554.500000000 -0.6008 0.64809 0 0 0 0.997099 -0.076119
554.600000000 -0.665093 0.63925 0 0 0 0.99729 -0.0735725
554.700000000 -0.729431 0.630738 0 0 0 0.997474 -0.0710256
554.800000000 -0.793811 0.622555 0 0 0 0.997653 -0.0684783
554.900000000 -0.858232 0.6147 0 0 0 0.997824 -0.0659304
555.000000000 -0.922693 0.607175 0 0 0 0.997989 -0.0633822
555.100000000 -0.971662 0.605012 0 0 0 0.99858 -0.0532739
555.200000000 -1.00932 0.607388 0 0 0 0.999302 -0.0373653
555.300000000 -1.04441 0.616098 0 0 0 0.999959 -0.00909594
555.400000000 -1.06179 0.630481 0 0 0 0.999617 0.0276776
555.500000000 -1.0614 0.648424 0 0 0 0.997367 0.0725186
555.600000000 -1.0594 0.666259 0 0 0 0.993107 0.117214
555.700000000 -1.05582 0.683843 0 0 0 0.986845 0.161672
555.800000000 -1.05067 0.701035 0 0 0 0.978593 0.205805
555.900000000 -1.04399 0.717695 0 0 0 0.968369 0.249523
556.000000000 -1.03586 0.733691 0 0 0 0.956193 0.292738
556.100000000 -1.02632 0.748891 0 0 0 0.942089 0.335362
556.200000000 -1.01545 0.763175 0 0 0 0.926087 0.377311
556.300000000 -1.00335 0.776428 0 0 0 0.908217 0.418499
556.400000000 -0.990107 0.788541 0 0 0 0.888517 0.458844
556.500000000 -0.975832 0.799418 0 0 0 0.867026 0.498263
556.600000000 -0.960639 0.808971 0 0 0 0.843787 0.536679
556.700000000 -0.944651 0.817123 0 0 0 0.818847 0.574012
556.800000000 -0.927996 0.823808 0 0 0 0.792256 0.610188
556.900000000 -0.909463 0.829307 0 0 0 0.761819 0.64779
557.000000000 -0.890486 0.83299 0 0 0 0.729598 0.683876
557.100000000 -0.871241 0.834822 0 0 0 0.69567 0.718362
557.200000000 -0.855831 0.858871 0 0 0 0.668911 0.743342
557.300000000 -0.838961 0.884622 0 0 0 0.642334 0.766425
557.400000000 -0.820321 0.909121 0 0 0 0.61496 0.788558
557.500000000 -0.800004 0.932249 0 0 0 0.586825 0.809714
557.600000000 -0.77811 0.95389 0 0 0 0.557962 0.829867
557.700000000 -0.754748 0.973937 0 0 0 0.528408 0.848991
557.800000000 -0.730034 0.992291 0 0 0 0.498198 0.867063
557.900000000 -0.704089 1.00886 0 0 0 0.467372 0.884061
558.000000000 -0.677043 1.02356 0 0 0 0.435967 0.899963
558.100000000 -0.64903 1.03633 0 0 0 0.404021 0.91475
558.200000000 -0.620188 1.04709 0 0 0 0.371574 0.928403
558.300000000 -0.590661 1.0558 0 0 0 0.338667 0.940906
558.400000000 -0.560594 1.06241 0 0 0 0.305341 0.952243
558.500000000 -0.530136 1.06688 0 0 0 0.271636 0.9624
558.600000000 -0.49944 1.0692 0 0 0 0.237594 0.971364
558.700000000 -0.468656 1.06936 0 0 0 0.203258 0.979125
558.800000000 -0.437937 1.06735 0 0 0 0.16867 0.985673
558.900000000 -0.407436 1.06319 0 0 0 0.133874 0.990998
559.000000000 -0.377303 1.05689 0 0 0 0.0989108 0.995096
559.100000000 -0.337001 1.05526 0 0 0 0.0751764 0.99717
559.200000000 -0.287523 1.05507 0 0 0 0.0561999 0.99842
559.300000000 -0.232319 1.05731 0 0 0 0.046286 0.998928
559.400000000 -0.17185 1.06001 0 0 0 0.0390327 0.999238
559.500000000 -0.110544 1.06206 0 0 0 0.0321861 0.999482
559.600000000 -0.0492151 1.06327 0 0 0 0.0253381 0.999679
559.700000000 0.0121244 1.06363 0 0 0 0.0184889 0.999829
559.800000000 0.0734633 1.06316 0 0 0 0.0116388 0.999932
559.900000000 0.13479 1.06185 0 0 0 0.00478813 0.999989
560.000000000 0.196093 1.0597 0 0 0 -0.00206274 0.999998
560.100000000 0.25736 1.0567 0 0 0 -0.00891351 0.99996
560.200000000 0.318581 1.05287 0 0 0 -0.0157639 0.999876
560.300000000 0.379744 1.0482 0 0 0 -0.0226135 0.999744
560.400000000 0.440837 1.04269 0 0 0 -0.029462 0.999566
560.500000000 0.501848 1.03635 0 0 0 -0.0363092 0.999341
560.600000000 0.562767 1.02917 0 0 0 -0.0431547 0.999068
560.700000000 0.623582 1.02115 0 0 0 -0.0499981 0.998749
560.800000000 0.684282 1.01231 0 0 0 -0.0568392 0.998383
560.900000000 0.718114 1.00433 0 0 0 -0.0670391 0.99775
561.000000000 0.742785 0.995098 0 0 0 -0.0816136 0.996664
561.100000000 0.757782 0.984846 0 0 0 -0.100727 0.994914
561.200000000 0.760175 0.974103 0 0 0 -0.12569 0.99207
561.300000000 0.756991 0.959267 0 0 0 -0.163229 0.986588
561.400000000 0.752691 0.944715 0 0 0 -0.200534 0.979687
561.500000000 0.747301 0.930531 0 0 0 -0.237549 0.971375
561.600000000 0.740851 0.916796 0 0 0 -0.274223 0.961666
561.700000000 0.733379 0.90359 0 0 0 -0.310502 0.950573
561.800000000 0.724926 0.890988 0 0 0 -0.346334 0.938111
561.900000000 0.715543 0.879063 0 0 0 -0.381668 0.924299
562.000000000 0.705283 0.867884 0 0 0 -0.416452 0.909158
562.100000000 0.694205 0.857515 0 0 0 -0.450637 0.892707
562.200000000 0.682373 0.848015 0 0 0 -0.484174 0.874972
562.300000000 0.669855 0.83944 0 0 0 -0.517014 0.855977
562.400000000 0.656722 0.831838 0 0 0 -0.549109 0.835751
562.500000000 0.643051 0.825254 0 0 0 -0.580414 0.814321
562.600000000 0.628921 0.819725 0 0 0 -0.610884 0.79172
562.700000000 0.614412 0.815283 0 0 0 -0.640475 0.767979
562.800000000 0.599608 0.811954 0 0 0 -0.669144 0.743133
562.900000000 0.584594 0.809757 0 0 0 -0.69685 0.717217
563.000000000 0.569457 0.808704 0 0 0 -0.723553 0.690269
563.100000000 0.553414 0.784481 0 0 0 -0.748755 0.662846
563.200000000 0.53692 0.743622 0 0 0 -0.767377 0.641196
563.300000000 0.518392 0.687465 0 0 0 -0.780445 0.625224
563.400000000 0.497448 0.615353 0 0 0 -0.787745 0.616001
563.500000000 0.479667 0.542491 0 0 0 -0.787269 0.61661
563.600000000 0.466787 0.469007 0 0 0 -0.779342 0.626599
563.700000000 0.462935 0.411561 0 0 0 -0.765728 0.643164
563.800000000 0.46565 0.364613 0 0 0 -0.748107 0.663578
563.900000000 0.471145 0.318655 0 0 0 -0.729672 0.683798
564.000000000 0.479146 0.273066 0 0 0 -0.71069 0.703505
564.100000000 0.489628 0.227983 0 0 0 -0.691176 0.722686
564.200000000 0.502561 0.183541 0 0 0 -0.671145 0.741326
564.300000000 0.517439 0.135027 0 0 0 -0.652404 0.757871
564.400000000 0.534686 0.0865089 0 0 0 -0.633559 0.773694
564.500000000 0.554299 0.0388984 0 0 0 -0.614331 0.789049
564.600000000 0.576231 -0.0076895 0 0 0 -0.594731 0.803925
564.700000000 0.600428 -0.0531421 0 0 0 -0.57477 0.818315
564.800000000 0.626831 -0.0973494 0 0 0 -0.554462 0.832209
564.900000000 0.655378 -0.140204 0 0 0 -0.533817 0.8456
565.000000000 0.685998 -0.181603 0 0 0 -0.51285 0.858478
565.100000000 0.718617 -0.221445 0 0 0 -0.491572 0.870837
565.200000000 0.753157 -0.259634 0 0 0 -0.469997 0.882668
565.300000000 0.796019 -0.311563 0 0 0 -0.455422 0.890276
565.400000000 0.843849 -0.369462 0 0 0 -0.444472 0.895793
565.500000000 0.893085 -0.42617 0 0 0 -0.433454 0.901175
565.600000000 0.943696 -0.481655 0 0 0 -0.422372 0.906423
565.700000000 0.995653 -0.535882 0 0 0 -0.411226 0.911533
565.800000000 1.04892 -0.588818 0 0 0 -0.400018 0.916507
565.900000000 1.10348 -0.640432 0 0 0 -0.388751 0.921343
566.000000000 1.15928 -0.690693 0 0 0 -0.377424 0.92604
566.100000000 1.2163 -0.73957 0 0 0 -0.366041 0.930599
566.200000000 1.27381 -0.787806 0 0 0 -0.357016 0.934098
566.300000000 1.33224 -0.83492 0 0 0 -0.347957 0.93751
566.400000000 1.39158 -0.880893 0 0 0 -0.338866 0.940835
566.500000000 1.4518 -0.925709 0 0 0 -0.329743 0.944071
566.600000000 1.51287 -0.969351 0 0 0 -0.320589 0.947218
566.700000000 1.57477 -1.0118 0 0 0 -0.311405 0.950277
566.800000000 1.63749 -1.05305 0 0 0 -0.302192 0.953247
566.900000000 1.70099 -1.09307 0 0 0 -0.292951 0.956128
567.000000000 1.76525 -1.13186 0 0 0 -0.283682 0.958918
567.100000000 1.83026 -1.16939 0 0 0 -0.274386 0.96162
567.200000000 1.89617 -1.20434 0 0 0 -0.262101 0.96504
567.300000000 1.96222 -1.23693 0 0 0 -0.249305 0.968425
567.400000000 2.0291 -1.26777 0 0 0 -0.236466 0.97164
567.500000000 2.09677 -1.29682 0 0 0 -0.223585 0.974684
567.600000000 2.1652 -1.32407 0 0 0 -0.210665 0.977558
567.700000000 2.23431 -1.3495 0 0 0 -0.197708 0.980261
567.800000000 2.30408 -1.3731 0 0 0 -0.184717 0.982792
567.900000000 2.37445 -1.39484 0 0 0 -0.171693 0.985151
568.000000000 2.44537 -1.4147 0 0 0 -0.158639 0.987337
568.100000000 2.5166 -1.43264 0 0 0 -0.145592 0.989345
568.200000000 2.58502 -1.44796 0 0 0 -0.133114 0.991101
568.300000000 2.65217 -1.46123 0 0 0 -0.120913 0.992663
568.400000000 2.71799 -1.47256 0 0 0 -0.108992 0.994043
568.500000000 2.78075 -1.48182 0 0 0 -0.0976521 0.995221
568.600000000 2.84206 -1.48944 0 0 0 -0.0865987 0.996243
568.700000000 2.90186 -1.49553 0 0 0 -0.0758338 0.99712
568.800000000 2.96011 -1.5002 0 0 0 -0.0653594 0.997862
568.900000000 3.01512 -1.50344 0 0 0 -0.0554769 0.99846
569.000000000 3.07007 -1.50672 0 0 0 -0.0484256 0.998827
569.100000000 3.12174 -1.50908 0 0 0 -0.0417995 0.999126
569.200000000 3.17176 -1.5107 0 0 0 -0.0353854 0.999374
569.300000000 3.22507 -1.51278 0 0 0 -0.0311642 0.999514
569.400000000 3.27672 -1.51453 0 0 0 -0.0274891 0.999622
569.500000000 3.32672 -1.51586 0 0 0 -0.0239323 0.999714
569.600000000 3.37506 -1.5168 0 0 0 -0.0204937 0.99979
569.700000000 3.42174 -1.51738 0 0 0 -0.0171735 0.999853
569.800000000 3.46675 -1.51765 0 0 0 -0.0139716 0.999902
569.900000000 3.5101 -1.51763 0 0 0 -0.0108882 0.999941
570.000000000 3.55178 -1.51735 0 0 0 -0.00792335 0.999969
570.100000000 3.59179 -1.51684 0 0 0 -0.00507699 0.999987
570.200000000 3.63013 -1.51614 0 0 0 -0.00234919 0.999997
570.300000000 3.67013 -1.51582 0 0 0 -0.00109089 0.999999
570.400000000 3.70846 -1.51543 0 0 0 0.00011497 1
570.500000000 3.74679 -1.51493 0 0 0 0.00132083 0.999999
570.600000000 3.78346 -1.51438 0 0 0 0.00247427 0.999997
570.700000000 3.81846 -1.51376 0 0 0 0.00357527 0.999994
570.800000000 3.85179 -1.51311 0 0 0 0.00462384 0.999989
570.900000000 3.88511 -1.51238 0 0 0 0.0056724 0.999984
571.000000000 3.91677 -1.51162 0 0 0 0.00666853 0.999978
571.100000000 3.94676 -1.51084 0 0 0 0.00761223 0.999971
571.200000000 3.97675 -1.51001 0 0 0 0.00855592 0.999963
571.300000000 4.00508 -1.50926 0 0 0 0.00922397 0.999957
571.400000000 4.03174 -1.5086 0 0 0 0.00964297 0.999954
571.500000000 4.0584 -1.50791 0 0 0 0.010062 0.999949
571.600000000 4.08339 -1.50725 0 0 0 0.0104548 0.999945
571.700000000 4.10838 -1.50657 0 0 0 0.0108476 0.999941
571.800000000 4.1317 -1.50592 0 0 0 0.0112142 0.999937
571.900000000 4.15503 -1.50525 0 0 0 0.0115808 0.999933
572.000000000 4.17669 -1.50461 0 0 0 0.0119212 0.999929
572.100000000 4.20001 -1.50391 0 0 0 0.0122879 0.999925
572.200000000 4.22167 -1.50324 0 0 0 0.0126283 0.99992
572.300000000 4.24332 -1.50256 0 0 0 0.0129687 0.999916
572.400000000 4.26498 -1.50186 0 0 0 0.0133091 0.999911
572.500000000 4.28663 -1.50115 0 0 0 0.0136495 0.999907
572.600000000 4.30829 -1.50042 0 0 0 0.01399 0.999902
572.700000000 4.32994 -1.49968 0 0 0 0.0143304 0.999897
572.800000000 4.3516 -1.49892 0 0 0 0.0146708 0.999892
572.900000000 4.37158 -1.49821 0 0 0 0.014985 0.999888
573.000000000 4.39324 -1.49742 0 0 0 0.0153254 0.999883
573.100000000 4.41322 -1.49669 0 0 0 0.0156397 0.999878
573.200000000 4.43488 -1.49587 0 0 0 0.0159801 0.999872
573.300000000 4.45653 -1.49511 0 0 0 0.0161502 0.99987
573.400000000 4.47818 -1.49434 0 0 0 0.0163204 0.999867
573.500000000 4.49983 -1.49357 0 0 0 0.0164906 0.999864
573.600000000 4.52149 -1.49279 0 0 0 0.0166607 0.999861
573.700000000 4.54314 -1.492 0 0 0 0.0168309 0.999858
573.800000000 4.56479 -1.4912 0 0 0 0.017001 0.999855
573.900000000 4.58644 -1.49039 0 0 0 0.0171712 0.999853
574.000000000 4.61309 -1.48939 0 0 0 0.0173806 0.999849
574.100000000 4.63974 -1.48838 0 0 0 0.01759 0.999845
574.200000000 4.66472 -1.48743 0 0 0 0.0177864 0.999842
574.300000000 4.6897 -1.48646 0 0 0 0.0179827 0.999838
574.400000000 4.71468 -1.48548 0 0 0 0.018179 0.999835
574.500000000 4.738 -1.48456 0 0 0 0.0183623 0.999831
574.600000000 4.76464 -1.4835 0 0 0 0.0185717 0.999828
574.700000000 4.79129 -1.48242 0 0 0 0.0187811 0.999824
574.800000000 4.81793 -1.48134 0 0 0 0.0189906 0.99982
574.900000000 4.84458 -1.48024 0 0 0 0.0192 0.999816
575.000000000 4.87122 -1.47913 0 0 0 0.0194094 0.999812
575.100000000 4.89787 -1.47801 0 0 0 0.0196188 0.999808
575.200000000 4.92451 -1.47688 0 0 0 0.0198282 0.999803
575.300000000 4.95115 -1.47574 0 0 0 0.0200376 0.999799
575.400000000 4.97613 -1.47466 0 0 0 0.020234 0.999795
575.500000000 5.0011 -1.47357 0 0 0 0.0204303 0.999791
575.600000000 5.02441 -1.47255 0 0 0 0.0206135 0.999788
575.700000000 5.04772 -1.47151 0 0 0 0.0207968 0.999784
575.800000000 5.06937 -1.47054 0 0 0 0.0209669 0.99978
575.900000000 5.09101 -1.46957 0 0 0 0.021137 0.999777
576.000000000 5.11266 -1.46858 0 0 0 0.0213072 0.999773
576.100000000 5.1343 -1.46759 0 0 0 0.0214773 0.999769
576.200000000 5.15595 -1.46666 0 0 0 0.0214773 0.999769
576.300000000 5.1776 -1.46573 0 0 0 0.0214773 0.999769
576.400000000 5.19924 -1.4648 0 0 0 0.0214773 0.999769
576.500000000 5.22089 -1.46387 0 0 0 0.0214773 0.999769
576.600000000 5.24254 -1.46294 0 0 0 0.0214773 0.999769
576.700000000 5.26252 -1.46208 0 0 0 0.0214773 0.999769
576.800000000 5.28416 -1.46115 0 0 0 0.0214773 0.999769
576.900000000 5.30581 -1.46022 0 0 0 0.0214773 0.999769
577.000000000 5.32746 -1.45929 0 0 0 0.0214773 0.999769
577.100000000 5.3491 -1.45836 0 0 0 0.0214773 0.999769
577.200000000 5.37075 -1.45743 0 0 0 0.0214773 0.999769
577.300000000 5.39241 -1.45677 0 0 0 0.0207959 0.999784
577.400000000 5.41407 -1.45614 0 0 0 0.0201145 0.999798
577.500000000 5.43739 -1.4555 0 0 0 0.0193806 0.999812
577.600000000 5.45906 -1.45493 0 0 0 0.0186992 0.999825
577.700000000 5.48072 -1.45439 0 0 0 0.0180177 0.999838
577.800000000 5.50238 -1.45388 0 0 0 0.0173362 0.99985
577.900000000 5.52404 -1.4534 0 0 0 0.0166548 0.999861
578.000000000 5.54404 -1.45299 0 0 0 0.0160257 0.999872
578.100000000 5.5657 -1.45257 0 0 0 0.0153442 0.999882
578.200000000 5.58737 -1.45218 0 0 0 0.0146627 0.999892
578.300000000 5.60903 -1.45174 0 0 0 0.0141519 0.9999
578.400000000 5.63069 -1.45134 0 0 0 0.013641 0.999907
578.500000000 5.65236 -1.45095 0 0 0 0.0131302 0.999914
578.600000000 5.67402 -1.45058 0 0 0 0.0126194 0.99992
578.700000000 5.69402 -1.45027 0 0 0 0.0121478 0.999926
578.800000000 5.71569 -1.44995 0 0 0 0.0116369 0.999932
578.900000000 5.73735 -1.44965 0 0 0 0.0111261 0.999938
579.000000000 5.75902 -1.44937 0 0 0 0.0106152 0.999944
579.100000000 5.78068 -1.44911 0 0 0 0.0101044 0.999949
579.200000000 5.80235 -1.44888 0 0 0 0.00959352 0.999954
579.300000000 5.82568 -1.44865 0 0 0 0.00904335 0.999959
579.400000000 5.84735 -1.44846 0 0 0 0.00853249 0.999964
579.500000000 5.86902 -1.4483 0 0 0 0.00802162 0.999968
579.600000000 5.89068 -1.44816 0 0 0 0.00751075 0.999972
579.700000000 5.91235 -1.44803 0 0 0 0.00699987 0.999976
579.800000000 5.93402 -1.44794 0 0 0 0.006489 0.999979
579.900000000 5.95569 -1.44786 0 0 0 0.00597812 0.999982
580.000000000 5.97569 -1.44781 0 0 0 0.00550654 0.999985
580.100000000 5.99569 -1.44778 0 0 0 0.00503496 0.999987
580.200000000 6.01902 -1.44776 0 0 0 0.00448478 0.99999
580.300000000 6.04069 -1.44777 0 0 0 0.0039739 0.999992
580.400000000 6.06236 -1.4478 0 0 0 0.00346301 0.999994
580.500000000 6.08402 -1.44786 0 0 0 0.00295213 0.999996
580.600000000 6.10569 -1.44793 0 0 0 0.00244124 0.999997
580.700000000 6.12569 -1.44803 0 0 0 0.00196966 0.999998
580.800000000 6.14736 -1.44814 0 0 0 0.00145877 0.999999
580.900000000 6.16903 -1.44822 0 0 0 0.00111832 0.999999
581.000000000 6.19069 -1.44831 0 0 0 0.000777868 1
581.100000000 6.21236 -1.44841 0 0 0 0.000437417 1
581.200000000 6.23403 -1.44852 0 0 0 9.69656e-05 1
581.300000000 6.25736 -1.44867 0 0 0 -0.000269674 1
581.400000000 6.27903 -1.44881 0 0 0 -0.000610125 1
581.500000000 6.30069 -1.44898 0 0 0 -0.000950576 1
581.600000000 6.32236 -1.44915 0 0 0 -0.00129103 0.999999
581.700000000 6.34569 -1.44936 0 0 0 -0.00165767 0.999999
581.800000000 6.36736 -1.44957 0 0 0 -0.00199812 0.999998
581.900000000 6.39069 -1.44981 0 0 0 -0.00236476 0.999997
582.000000000 6.41236 -1.45005 0 0 0 -0.00270521 0.999996
582.100000000 6.43402 -1.4503 0 0 0 -0.00304566 0.999995
582.200000000 6.45402 -1.45049 0 0 0 -0.00320275 0.999995
582.300000000 6.47569 -1.45069 0 0 0 -0.00337293 0.999994
582.400000000 6.49569 -1.45089 0 0 0 -0.00353002 0.999994
582.500000000 6.51735 -1.45111 0 0 0 -0.0037002 0.999993
582.600000000 6.53902 -1.45134 0 0 0 -0.00387039 0.999993
582.700000000 6.56068 -1.45158 0 0 0 -0.00404057 0.999992
582.800000000 6.58235 -1.45182 0 0 0 -0.00421075 0.999991
582.900000000 6.60401 -1.45207 0 0 0 -0.00438093 0.99999
583.000000000 6.62568 -1.45233 0 0 0 -0.00455112 0.99999
583.100000000 6.64734 -1.45259 0 0 0 -0.0047213 0.999989
583.200000000 6.66901 -1.45287 0 0 0 -0.00489148 0.999988
583.300000000 6.68901 -1.45312 0 0 0 -0.00504857 0.999987
583.400000000 6.71067 -1.45341 0 0 0 -0.00521875 0.999986
583.500000000 6.734 -1.45373 0 0 0 -0.00540202 0.999985
583.600000000 6.75567 -1.45403 0 0 0 -0.0055722 0.999984
583.700000000 6.779 -1.45436 0 0 0 -0.00575548 0.999983
583.800000000 6.80066 -1.45468 0 0 0 -0.00592566 0.999982
583.900000000 6.82399 -1.45503 0 0 0 -0.00610893 0.999981
584.000000000 6.84566 -1.45536 0 0 0 -0.00627911 0.99998
584.100000000 6.86899 -1.45573 0 0 0 -0.00646238 0.999979
584.200000000 6.89065 -1.45608 0 0 0 -0.00663256 0.999978
584.300000000 6.91232 -1.45643 0 0 0 -0.00680274 0.999977
584.400000000 6.93231 -1.45677 0 0 0 -0.00695983 0.999976
584.500000000 6.95398 -1.45714 0 0 0 -0.00713001 0.999975
584.600000000 6.97398 -1.45749 0 0 0 -0.0072871 0.999973
584.700000000 6.99564 -1.45787 0 0 0 -0.00745727 0.999972
584.800000000 7.0173 -1.45826 0 0 0 -0.00762745 0.999971
584.900000000 7.03896 -1.45866 0 0 0 -0.00779763 0.99997
585.000000000 7.06063 -1.45907 0 0 0 -0.00796781 0.999968
585.100000000 7.08062 -1.45945 0 0 0 -0.0081249 0.999967
585.200000000 7.10229 -1.45987 0 0 0 -0.00829508 0.999966
585.300000000 7.12228 -1.46026 0 0 0 -0.00845216 0.999964
585.400000000 7.14228 -1.46066 0 0 0 -0.00860925 0.999963
585.500000000 7.16228 -1.46107 0 0 0 -0.00876634 0.999962
585.600000000 7.18227 -1.46148 0 0 0 -0.00892342 0.99996
585.700000000 7.20393 -1.46194 0 0 0 -0.0090936 0.999959
585.800000000 7.22393 -1.46236 0 0 0 -0.00925068 0.999957
585.900000000 7.24392 -1.4628 0 0 0 -0.00940777 0.999956
586.000000000 7.26392 -1.46324 0 0 0 -0.00956486 0.999954
586.100000000 7.28391 -1.46368 0 0 0 -0.00972194 0.999953
586.200000000 7.30224 -1.4641 0 0 0 -0.00986594 0.999951
586.300000000 7.3239 -1.46459 0 0 0 -0.0100361 0.99995
586.400000000 7.34556 -1.46509 0 0 0 -0.0102063 0.999948
586.500000000 7.36556 -1.46557 0 0 0 -0.0103634 0.999946
586.600000000 7.38555 -1.46604 0 0 0 -0.0105205 0.999945
586.700000000 7.40555 -1.46653 0 0 0 -0.0106775 0.999943
586.800000000 7.42554 -1.46702 0 0 0 -0.0108346 0.999941
586.900000000 7.4472 -1.46749 0 0 0 -0.0108346 0.999941
587.000000000 7.4672 -1.46792 0 0 0 -0.0108346 0.999941
587.100000000 7.48719 -1.46835 0 0 0 -0.0108346 0.999941
587.200000000 7.50719 -1.46879 0 0 0 -0.0108346 0.999941
587.300000000 7.52719 -1.46922 0 0 0 -0.0108346 0.999941
587.400000000 7.54551 -1.46962 0 0 0 -0.0108346 0.999941
587.500000000 7.56551 -1.47005 0 0 0 -0.0108346 0.999941
587.600000000 7.5855 -1.47048 0 0 0 -0.0108346 0.999941
587.700000000 7.60383 -1.47088 0 0 0 -0.0108346 0.999941
587.800000000 7.62383 -1.47131 0 0 0 -0.0108346 0.999941
587.900000000 7.64382 -1.47175 0 0 0 -0.0108346 0.999941
588.000000000 7.66382 -1.47218 0 0 0 -0.0108346 0.999941
588.100000000 7.68215 -1.47258 0 0 0 -0.0108346 0.999941
588.200000000 7.70214 -1.47301 0 0 0 -0.0108346 0.999941
588.300000000 7.74213 -1.47388 0 0 0 -0.0108346 0.999941
588.400000000 7.78046 -1.47471 0 0 0 -0.0108346 0.999941
588.500000000 7.81712 -1.4755 0 0 0 -0.0108346 0.999941
588.600000000 7.85378 -1.4763 0 0 0 -0.0108346 0.999941
588.700000000 7.89043 -1.47709 0 0 0 -0.0108346 0.999941
588.800000000 7.92876 -1.47792 0 0 0 -0.0108346 0.999941
588.900000000 7.96542 -1.47872 0 0 0 -0.0108346 0.999941
589.000000000 8.00207 -1.47951 0 0 0 -0.0108346 0.999941
589.100000000 8.0404 -1.48034 0 0 0 -0.0108346 0.999941
589.200000000 8.07872 -1.48117 0 0 0 -0.0108346 0.999941
589.300000000 8.11538 -1.48197 0 0 0 -0.0108346 0.999941
589.400000000 8.15037 -1.48273 0 0 0 -0.0108346 0.999941
589.500000000 8.1837 -1.48345 0 0 0 -0.0108346 0.999941
589.600000000 8.21702 -1.48417 0 0 0 -0.0108346 0.999941
589.700000000 8.24868 -1.48486 0 0 0 -0.0108346 0.999941
589.800000000 8.27868 -1.48551 0 0 0 -0.0108346 0.999941
589.900000000 8.30867 -1.48616 0 0 0 -0.0108346 0.999941
590.000000000 8.33699 -1.48677 0 0 0 -0.0108346 0.999941
590.100000000 8.36366 -1.48735 0 0 0 -0.0108346 0.999941
590.200000000 8.39032 -1.48793 0 0 0 -0.0108346 0.999941
590.300000000 8.41531 -1.48847 0 0 0 -0.0108346 0.999941
590.400000000 8.4403 -1.48901 0 0 0 -0.0108346 0.999941
590.500000000 8.46363 -1.48952 0 0 0 -0.0108346 0.999941
590.600000000 8.48696 -1.49002 0 0 0 -0.0108346 0.999941
590.700000000 8.50862 -1.49049 0 0 0 -0.0108346 0.999941
590.800000000 8.53028 -1.49096 0 0 0 -0.0108346 0.999941
590.900000000 8.55194 -1.49143 0 0 0 -0.0108346 0.999941
591.000000000 8.57361 -1.4919 0 0 0 -0.0108346 0.999941
591.100000000 8.5936 -1.49233 0 0 0 -0.0108346 0.999941
591.200000000 8.61526 -1.4928 0 0 0 -0.0108346 0.999941
591.300000000 8.63859 -1.49331 0 0 0 -0.0108346 0.999941
591.400000000 8.66025 -1.49378 0 0 0 -0.0108346 0.999941
591.500000000 8.68358 -1.49428 0 0 0 -0.0108346 0.999941
591.600000000 8.70524 -1.49475 0 0 0 -0.0108346 0.999941
591.700000000 8.7269 -1.49522 0 0 0 -0.0108346 0.999941
591.800000000 8.7469 -1.49565 0 0 0 -0.0108346 0.999941
591.900000000 8.76856 -1.49612 0 0 0 -0.0108346 0.999941
592.000000000 8.78856 -1.49656 0 0 0 -0.0108346 0.999941
592.100000000 8.80855 -1.49699 0 0 0 -0.0108346 0.999941
592.200000000 8.82688 -1.49739 0 0 0 -0.0108346 0.999941
592.300000000 8.84521 -1.49779 0 0 0 -0.0108346 0.999941
592.400000000 8.86854 -1.49829 0 0 0 -0.0108346 0.999941
592.500000000 8.8902 -1.49876 0 0 0 -0.0108346 0.999941
592.600000000 8.91186 -1.49923 0 0 0 -0.0108346 0.999941
592.700000000 8.93186 -1.49966 0 0 0 -0.0108346 0.999941
592.800000000 8.95185 -1.5001 0 0 0 -0.0108346 0.999941
592.900000000 8.97185 -1.50053 0 0 0 -0.0108346 0.999941
593.000000000 8.99184 -1.50096 0 0 0 -0.0108346 0.999941
593.100000000 9.0135 -1.50143 0 0 0 -0.0108346 0.999941
593.200000000 9.0335 -1.50187 0 0 0 -0.0108346 0.999941
593.300000000 9.05349 -1.5023 0 0 0 -0.0108346 0.999941
593.400000000 9.07182 -1.5027 0 0 0 -0.0108346 0.999941
593.500000000 9.09182 -1.50313 0 0 0 -0.0108346 0.999941
593.600000000 9.11181 -1.50356 0 0 0 -0.0108346 0.999941
593.700000000 9.13181 -1.504 0 0 0 -0.0108346 0.999941
593.800000000 9.1518 -1.50443 0 0 0 -0.0108346 0.999941
593.900000000 9.1718 -1.50486 0 0 0 -0.0108346 0.999941
594.000000000 9.19179 -1.5053 0 0 0 -0.0108346 0.999941
594.100000000 9.21179 -1.50573 0 0 0 -0.0108346 0.999941
594.200000000 9.23178 -1.50616 0 0 0 -0.0108346 0.999941
594.300000000 9.25345 -1.50663 0 0 0 -0.0108346 0.999941
594.400000000 9.27344 -1.50707 0 0 0 -0.0108346 0.999941
594.500000000 9.2951 -1.50754 0 0 0 -0.0108346 0.999941
594.600000000 9.3151 -1.50797 0 0 0 -0.0108346 0.999941
594.700000000 9.33509 -1.5084 0 0 0 -0.0108346 0.999941
594.800000000 9.35509 -1.50884 0 0 0 -0.0108346 0.999941
594.900000000 9.37508 -1.50927 0 0 0 -0.0108346 0.999941
595.000000000 9.39675 -1.50974 0 0 0 -0.0108346 0.999941
595.100000000 9.41674 -1.51017 0 0 0 -0.0108346 0.999941
595.200000000 9.43674 -1.51061 0 0 0 -0.0108346 0.999941
595.300000000 9.45673 -1.51104 0 0 0 -0.0108346 0.999941
595.400000000 9.47673 -1.51147 0 0 0 -0.0108346 0.999941
595.500000000 9.49506 -1.51187 0 0 0 -0.0108346 0.999941
595.600000000 9.51505 -1.5123 0 0 0 -0.0108346 0.999941
595.700000000 9.53671 -1.51277 0 0 0 -0.0108346 0.999941
595.800000000 9.55671 -1.51321 0 0 0 -0.0108346 0.999941
595.900000000 9.5767 -1.51364 0 0 0 -0.0108346 0.999941
596.000000000 9.59503 -1.51404 0 0 0 -0.0108346 0.999941
596.100000000 9.61503 -1.51447 0 0 0 -0.0108346 0.999941
596.200000000 9.63502 -1.5149 0 0 0 -0.0108346 0.999941
596.300000000 9.65502 -1.51534 0 0 0 -0.0108346 0.999941
596.400000000 9.67501 -1.51577 0 0 0 -0.0108346 0.999941
596.500000000 9.69501 -1.5162 0 0 0 -0.0108346 0.999941
596.600000000 9.715 -1.51664 0 0 0 -0.0108346 0.999941
596.700000000 9.73333 -1.51703 0 0 0 -0.0108346 0.999941
596.800000000 9.75333 -1.51747 0 0 0 -0.0108346 0.999941
596.900000000 9.77499 -1.51794 0 0 0 -0.0108346 0.999941
597.000000000 9.79499 -1.51837 0 0 0 -0.0108346 0.999941
597.100000000 9.81498 -1.5188 0 0 0 -0.0108346 0.999941
597.200000000 9.83331 -1.5192 0 0 0 -0.0108346 0.999941
597.300000000 9.85164 -1.5196 0 0 0 -0.0108346 0.999941
597.400000000 9.8733 -1.52007 0 0 0 -0.0108346 0.999941
597.500000000 9.8933 -1.5205 0 0 0 -0.0108346 0.999941
597.600000000 9.91329 -1.52093 0 0 0 -0.0108346 0.999941
597.700000000 9.93162 -1.52133 0 0 0 -0.0108346 0.999941
597.800000000 9.96994 -1.52216 0 0 0 -0.0108346 0.999941
597.900000000 10.0083 -1.52299 0 0 0 -0.0108346 0.999941
598.000000000 10.0449 -1.52379 0 0 0 -0.0108346 0.999941
598.100000000 10.0833 -1.52462 0 0 0 -0.0108346 0.999941
598.200000000 10.1216 -1.52545 0 0 0 -0.0108346 0.999941
598.300000000 10.1582 -1.52624 0 0 0 -0.0108346 0.999941
598.400000000 10.1949 -1.52704 0 0 0 -0.0108346 0.999941
598.500000000 10.2299 -1.5278 0 0 0 -0.0108346 0.999941
598.600000000 10.2649 -1.52855 0 0 0 -0.0108346 0.999941
598.700000000 10.2982 -1.52928 0 0 0 -0.0108346 0.999941
598.800000000 10.3299 -1.52996 0 0 0 -0.0108346 0.999941
598.900000000 10.3615 -1.53065 0 0 0 -0.0108346 0.999941
599.000000000 10.3915 -1.5313 0 0 0 -0.0108346 0.999941
599.100000000 10.4198 -1.53191 0 0 0 -0.0108346 0.999941
599.200000000 10.4482 -1.53253 0 0 0 -0.0108346 0.999941
599.300000000 10.4748 -1.5331 0 0 0 -0.0108346 0.999941
599.400000000 10.4998 -1.53365 0 0 0 -0.0108346 0.999941
599.500000000 10.5248 -1.53419 0 0 0 -0.0108346 0.999941
599.600000000 10.5481 -1.53469 0 0 0 -0.0108346 0.999941
599.700000000 10.5715 -1.5352 0 0 0 -0.0108346 0.999941
599.800000000 10.5931 -1.53567 0 0 0 -0.0108346 0.999941
599.900000000 10.6148 -1.53614 0 0 0 -0.0108346 0.999941
600.000000000 10.6365 -1.53661 0 0 0 -0.0108346 0.999941
600.100000000 10.6565 -1.53704 0 0 0 -0.0108346 0.999941
600.200000000 10.6764 -1.53747 0 0 0 -0.0108346 0.999941
600.300000000 10.6964 -1.53791 0 0 0 -0.0108346 0.999941
600.400000000 10.7164 -1.53834 0 0 0 -0.0108346 0.999941
600.500000000 10.7364 -1.53877 0 0 0 -0.0108346 0.999941
600.600000000 10.7564 -1.53921 0 0 0 -0.0108346 0.999941
600.700000000 10.7781 -1.53968 0 0 0 -0.0108346 0.999941
600.800000000 10.7981 -1.54011 0 0 0 -0.0108346 0.999941
600.900000000 10.8197 -1.54058 0 0 0 -0.0108346 0.999941
601.000000000 10.8397 -1.54101 0 0 0 -0.0108346 0.999941
601.100000000 10.8597 -1.54145 0 0 0 -0.0108346 0.999941
601.200000000 10.8781 -1.54184 0 0 0 -0.0108346 0.999941
601.300000000 10.8981 -1.54228 0 0 0 -0.0108346 0.999941
601.400000000 10.9181 -1.54271 0 0 0 -0.0108346 0.999941
601.500000000 10.9381 -1.54314 0 0 0 -0.0108346 0.999941
601.600000000 10.958 -1.54358 0 0 0 -0.0108346 0.999941
601.700000000 10.978 -1.54401 0 0 0 -0.0108346 0.999941
601.800000000 10.998 -1.54444 0 0 0 -0.0108346 0.999941
601.900000000 11.018 -1.54488 0 0 0 -0.0108346 0.999941
602.000000000 11.038 -1.54531 0 0 0 -0.0108346 0.999941
602.100000000 11.0597 -1.54578 0 0 0 -0.0108346 0.999941
602.200000000 11.0797 -1.54621 0 0 0 -0.0108346 0.999941
602.300000000 11.0997 -1.54665 0 0 0 -0.0108346 0.999941
602.400000000 11.118 -1.54704 0 0 0 -0.0108346 0.999941
602.500000000 11.138 -1.54748 0 0 0 -0.0108346 0.999941
602.600000000 11.158 -1.54791 0 0 0 -0.0108346 0.999941
602.700000000 11.178 -1.54834 0 0 0 -0.0108346 0.999941
602.800000000 11.198 -1.54878 0 0 0 -0.0108346 0.999941
602.900000000 11.218 -1.54921 0 0 0 -0.0108346 0.999941
603.000000000 11.238 -1.54964 0 0 0 -0.0108346 0.999941
603.100000000 11.258 -1.55008 0 0 0 -0.0108346 0.999941
603.200000000 11.278 -1.55051 0 0 0 -0.0108346 0.999941
603.300000000 11.2996 -1.55098 0 0 0 -0.0108346 0.999941
603.400000000 11.3196 -1.55141 0 0 0 -0.0108346 0.999941
603.500000000 11.3396 -1.55185 0 0 0 -0.0108346 0.999941
603.600000000 11.358 -1.55224 0 0 0 -0.0108346 0.999941
603.700000000 11.3779 -1.55268 0 0 0 -0.0108346 0.999941
603.800000000 11.3979 -1.55311 0 0 0 -0.0108346 0.999941
603.900000000 11.4179 -1.55354 0 0 0 -0.0108346 0.999941
604.000000000 11.4379 -1.55398 0 0 0 -0.0108346 0.999941
604.100000000 11.4563 -1.55437 0 0 0 -0.0108346 0.999941
604.200000000 11.4763 -1.55481 0 0 0 -0.0108346 0.999941
604.300000000 11.4946 -1.55521 0 0 0 -0.0108346 0.999941
604.400000000 11.5146 -1.55564 0 0 0 -0.0108346 0.999941
604.500000000 11.5362 -1.55611 0 0 0 -0.0108346 0.999941
604.600000000 11.5562 -1.55654 0 0 0 -0.0108346 0.999941
604.700000000 11.5762 -1.55697 0 0 0 -0.0108346 0.999941
604.800000000 11.5946 -1.55737 0 0 0 -0.0108346 0.999941
604.900000000 11.6146 -1.55781 0 0 0 -0.0108346 0.999941
605.000000000 11.6346 -1.55824 0 0 0 -0.0108346 0.999941
605.100000000 11.6545 -1.55867 0 0 0 -0.0108346 0.999941
605.200000000 11.6745 -1.55911 0 0 0 -0.0108346 0.999941
605.300000000 11.6929 -1.5595 0 0 0 -0.0108346 0.999941
605.400000000 11.7129 -1.55994 0 0 0 -0.0108346 0.999941
605.500000000 11.7312 -1.56033 0 0 0 -0.0108346 0.999941
605.600000000 11.7512 -1.56077 0 0 0 -0.0108346 0.999941
605.700000000 11.7729 -1.56124 0 0 0 -0.0108346 0.999941
605.800000000 11.7928 -1.56167 0 0 0 -0.0108346 0.999941
605.900000000 11.8128 -1.5621 0 0 0 -0.0108346 0.999941
606.000000000 11.8312 -1.5625 0 0 0 -0.0108346 0.999941
606.100000000 11.8495 -1.5629 0 0 0 -0.0108346 0.999941
606.200000000 11.8695 -1.56333 0 0 0 -0.0108346 0.999941
606.300000000 11.8895 -1.56376 0 0 0 -0.0108346 0.999941
606.400000000 11.9095 -1.5642 0 0 0 -0.0108346 0.999941
606.500000000 11.9295 -1.56463 0 0 0 -0.0108346 0.999941
606.600000000 11.9495 -1.56506 0 0 0 -0.0108346 0.999941
606.700000000 11.9711 -1.56553 0 0 0 -0.0108346 0.999941
606.800000000 11.9911 -1.56597 0 0 0 -0.0108346 0.999941
606.900000000 12.0111 -1.5664 0 0 0 -0.0108346 0.999941
607.000000000 12.0311 -1.56683 0 0 0 -0.0108346 0.999941
607.100000000 12.0511 -1.56727 0 0 0 -0.0108346 0.999941
607.200000000 12.0695 -1.56766 0 0 0 -0.0108346 0.999941
607.300000000 12.0894 -1.5681 0 0 0 -0.0108346 0.999941
607.400000000 12.1094 -1.56853 0 0 0 -0.0108346 0.999941
607.500000000 12.1428 -1.56925 0 0 0 -0.0108346 0.999941
607.600000000 12.1611 -1.56965 0 0 0 -0.0108346 0.999941
607.700000000 12.1944 -1.57037 0 0 0 -0.0108346 0.999941
607.800000000 12.2261 -1.57106 0 0 0 -0.0108346 0.999941
607.900000000 12.2611 -1.57182 0 0 0 -0.0108346 0.999941
608.000000000 12.2944 -1.57254 0 0 0 -0.0108346 0.999941
608.100000000 12.3277 -1.57326 0 0 0 -0.0108346 0.999941
608.200000000 12.361 -1.57398 0 0 0 -0.0108346 0.999941
608.300000000 12.3927 -1.57467 0 0 0 -0.0108346 0.999941
608.400000000 12.4244 -1.57536 0 0 0 -0.0108346 0.999941
608.500000000 12.456 -1.57604 0 0 0 -0.0108346 0.999941
608.600000000 12.486 -1.57669 0 0 0 -0.0108346 0.999941
608.700000000 12.5143 -1.57731 0 0 0 -0.0108346 0.999941
608.800000000 12.5427 -1.57792 0 0 0 -0.0108346 0.999941
608.900000000 12.5693 -1.5785 0 0 0 -0.0108346 0.999941
609.000000000 12.5943 -1.57904 0 0 0 -0.0108346 0.999941
609.100000000 12.6193 -1.57958 0 0 0 -0.0108346 0.999941
609.200000000 12.6427 -1.58009 0 0 0 -0.0108346 0.999941
609.300000000 12.666 -1.58059 0 0 0 -0.0108346 0.999941
609.400000000 12.6876 -1.58106 0 0 0 -0.0108346 0.999941
609.500000000 12.7093 -1.58153 0 0 0 -0.0108346 0.999941
609.600000000 12.731 -1.582 0 0 0 -0.0108346 0.999941
609.700000000 12.751 -1.58243 0 0 0 -0.0108346 0.999941
609.800000000 12.771 -1.58287 0 0 0 -0.0108346 0.999941
609.900000000 12.7893 -1.58327 0 0 0 -0.0108346 0.999941
610.000000000 12.8093 -1.5837 0 0 0 -0.0108346 0.999941
610.100000000 12.8293 -1.58413 0 0 0 -0.0108346 0.999941
610.200000000 12.8493 -1.58457 0 0 0 -0.0108346 0.999941
610.300000000 12.8693 -1.585 0 0 0 -0.0108346 0.999941
610.400000000 12.8893 -1.58543 0 0 0 -0.0108346 0.999941
610.500000000 12.9093 -1.58587 0 0 0 -0.0108346 0.999941
610.600000000 12.9276 -1.58626 0 0 0 -0.0108346 0.999941
610.700000000 12.9459 -1.58666 0 0 0 -0.0108346 0.999941
610.800000000 12.9676 -1.58713 0 0 0 -0.0108346 0.999941
610.900000000 12.9876 -1.58756 0 0 0 -0.0108346 0.999941
611.000000000 13.0076 -1.588 0 0 0 -0.0108346 0.999941
611.100000000 13.0276 -1.58843 0 0 0 -0.0108346 0.999941
611.200000000 13.0476 -1.58886 0 0 0 -0.0108346 0.999941
611.300000000 13.0676 -1.5893 0 0 0 -0.0108346 0.999941
611.400000000 13.0875 -1.58973 0 0 0 -0.0108346 0.999941
611.500000000 13.1075 -1.59016 0 0 0 -0.0108346 0.999941
611.600000000 13.1275 -1.5906 0 0 0 -0.0108346 0.999941
611.700000000 13.1475 -1.59103 0 0 0 -0.0108346 0.999941
611.800000000 13.1675 -1.59146 0 0 0 -0.0108346 0.999941
611.900000000 13.1875 -1.5919 0 0 0 -0.0108346 0.999941
612.000000000 13.2075 -1.59233 0 0 0 -0.0108346 0.999941
612.100000000 13.2275 -1.59276 0 0 0 -0.0108346 0.999941
612.200000000 13.2475 -1.5932 0 0 0 -0.0108346 0.999941
612.300000000 13.2675 -1.59363 0 0 0 -0.0108346 0.999941
612.400000000 13.2875 -1.59406 0 0 0 -0.0108346 0.999941
612.500000000 13.3075 -1.5945 0 0 0 -0.0108346 0.999941
612.600000000 13.3275 -1.59493 0 0 0 -0.0108346 0.999941
612.700000000 13.3492 -1.5954 0 0 0 -0.0108346 0.999941
612.800000000 13.3691 -1.59583 0 0 0 -0.0108346 0.999941
612.900000000 13.3891 -1.59627 0 0 0 -0.0108346 0.999941
613.000000000 13.4091 -1.5967 0 0 0 -0.0108346 0.999941
613.100000000 13.4291 -1.59713 0 0 0 -0.0108346 0.999941
613.200000000 13.4475 -1.59753 0 0 0 -0.0108346 0.999941
613.300000000 13.4658 -1.59793 0 0 0 -0.0108346 0.999941
613.400000000 13.4858 -1.59836 0 0 0 -0.0108346 0.999941
613.500000000 13.5041 -1.59876 0 0 0 -0.0108346 0.999941
613.600000000 13.5241 -1.59919 0 0 0 -0.0108346 0.999941
613.700000000 13.5441 -1.59962 0 0 0 -0.0108346 0.999941
613.800000000 13.5641 -1.60006 0 0 0 -0.0108346 0.999941
613.900000000 13.5841 -1.60049 0 0 0 -0.0108346 0.999941
614.000000000 13.6041 -1.60092 0 0 0 -0.0108346 0.999941
614.100000000 13.6241 -1.60136 0 0 0 -0.0108346 0.999941
614.200000000 13.6424 -1.60176 0 0 0 -0.0108346 0.999941
614.300000000 13.6624 -1.60219 0 0 0 -0.0108346 0.999941
614.400000000 13.6824 -1.60262 0 0 0 -0.0108346 0.999941
614.500000000 13.7024 -1.60306 0 0 0 -0.0108346 0.999941
614.600000000 13.7224 -1.60349 0 0 0 -0.0108346 0.999941
614.700000000 13.7424 -1.60392 0 0 0 -0.0108346 0.999941
614.800000000 13.7624 -1.60436 0 0 0 -0.0108346 0.999941
614.900000000 13.7807 -1.60475 0 0 0 -0.0108346 0.999941
615.000000000 13.8007 -1.60519 0 0 0 -0.0108346 0.999941
615.100000000 13.8224 -1.60566 0 0 0 -0.0108346 0.999941
615.200000000 13.8424 -1.60609 0 0 0 -0.0108346 0.999941
615.300000000 13.8624 -1.60652 0 0 0 -0.0108346 0.999941
615.400000000 13.8807 -1.60692 0 0 0 -0.0108346 0.999941
615.500000000 13.9007 -1.60735 0 0 0 -0.0108346 0.999941
615.600000000 13.9207 -1.60779 0 0 0 -0.0108346 0.999941
615.700000000 13.939 -1.60818 0 0 0 -0.0108346 0.999941
615.800000000 13.959 -1.60862 0 0 0 -0.0108346 0.999941
615.900000000 13.979 -1.60905 0 0 0 -0.0108346 0.999941
616.000000000 13.999 -1.60948 0 0 0 -0.0108346 0.999941
616.100000000 14.019 -1.60992 0 0 0 -0.0108346 0.999941
616.200000000 14.039 -1.61035 0 0 0 -0.0108346 0.999941
616.300000000 14.0607 -1.61082 0 0 0 -0.0108346 0.999941
616.400000000 14.0806 -1.61125 0 0 0 -0.0108346 0.999941
616.500000000 14.1006 -1.61169 0 0 0 -0.0108346 0.999941
616.600000000 14.119 -1.61208 0 0 0 -0.0108346 0.999941
616.700000000 14.139 -1.61252 0 0 0 -0.0108346 0.999941
616.800000000 14.159 -1.61295 0 0 0 -0.0108346 0.999941
616.900000000 14.179 -1.61338 0 0 0 -0.0108346 0.999941
617.000000000 14.199 -1.61382 0 0 0 -0.0108346 0.999941
617.100000000 14.2173 -1.61421 0 0 0 -0.0108346 0.999941
617.200000000 14.2373 -1.61465 0 0 0 -0.0108346 0.999941
617.300000000 14.2573 -1.61508 0 0 0 -0.0108346 0.999941
617.400000000 14.2773 -1.61551 0 0 0 -0.0108346 0.999941
617.500000000 14.3123 -1.61627 0 0 0 -0.0108346 0.999941
617.600000000 14.3456 -1.617 0 0 0 -0.0108346 0.999941
617.700000000 14.3639 -1.61739 0 0 0 -0.0108346 0.999941
617.800000000 14.3972 -1.61811 0 0 0 -0.0108346 0.999941
617.900000000 14.4306 -1.61884 0 0 0 -0.0108346 0.999941
618.000000000 14.4622 -1.61952 0 0 0 -0.0108346 0.999941
618.100000000 14.4939 -1.62021 0 0 0 -0.0108346 0.999941
618.200000000 14.5239 -1.62086 0 0 0 -0.0108346 0.999941
618.300000000 14.5522 -1.62147 0 0 0 -0.0108346 0.999941
618.400000000 14.5822 -1.62212 0 0 0 -0.0108346 0.999941
618.500000000 14.6105 -1.62274 0 0 0 -0.0108346 0.999941
618.600000000 14.6388 -1.62335 0 0 0 -0.0108346 0.999941
618.700000000 14.6655 -1.62393 0 0 0 -0.0108346 0.999941
618.800000000 14.6905 -1.62447 0 0 0 -0.0108346 0.999941
618.900000000 14.7155 -1.62501 0 0 0 -0.0108346 0.999941
619.000000000 14.7388 -1.62552 0 0 0 -0.0108346 0.999941
619.100000000 14.7622 -1.62602 0 0 0 -0.0108346 0.999941
619.200000000 14.7888 -1.6266 0 0 0 -0.0108346 0.999941
619.300000000 14.8155 -1.62718 0 0 0 -0.0108346 0.999941
619.400000000 14.8421 -1.62776 0 0 0 -0.0108346 0.999941
619.500000000 14.8705 -1.62837 0 0 0 -0.0108346 0.999941
619.600000000 14.8971 -1.62895 0 0 0 -0.0108346 0.999941
619.700000000 14.9238 -1.62953 0 0 0 -0.0108346 0.999941
619.800000000 14.9488 -1.63007 0 0 0 -0.0108346 0.999941
619.900000000 14.9738 -1.63061 0 0 0 -0.0108346 0.999941
620.000000000 15.0004 -1.63119 0 0 0 -0.0108346 0.999941
620.100000000 15.0254 -1.63173 0 0 0 -0.0108346 0.999941
620.200000000 15.0504 -1.63227 0 0 0 -0.0108346 0.999941
620.300000000 15.0737 -1.63278 0 0 0 -0.0108346 0.999941
620.400000000 15.1004 -1.63335 0 0 0 -0.0108346 0.999941
620.500000000 15.1254 -1.6339 0 0 0 -0.0108346 0.999941
620.600000000 15.1521 -1.63447 0 0 0 -0.0108346 0.999941
620.700000000 15.1787 -1.63505 0 0 0 -0.0108346 0.999941
620.800000000 15.2054 -1.63563 0 0 0 -0.0108346 0.999941
620.900000000 15.232 -1.63621 0 0 0 -0.0108346 0.999941
621.000000000 15.2587 -1.63679 0 0 0 -0.0108346 0.999941
621.100000000 15.2854 -1.63736 0 0 0 -0.0108346 0.999941
621.200000000 15.3104 -1.6379 0 0 0 -0.0108346 0.999941
621.300000000 15.337 -1.63848 0 0 0 -0.0108346 0.999941
621.400000000 15.362 -1.63902 0 0 0 -0.0108346 0.999941
621.500000000 15.3887 -1.6396 0 0 0 -0.0108346 0.999941
621.600000000 15.4137 -1.64014 0 0 0 -0.0108346 0.999941
621.700000000 15.4403 -1.64072 0 0 0 -0.0108346 0.999941
621.800000000 15.4653 -1.64126 0 0 0 -0.0108346 0.999941
621.900000000 15.4903 -1.6418 0 0 0 -0.0108346 0.999941
622.000000000 15.517 -1.64238 0 0 0 -0.0108346 0.999941
622.100000000 15.5436 -1.64296 0 0 0 -0.0108346 0.999941
622.200000000 15.5686 -1.6435 0 0 0 -0.0108346 0.999941
622.300000000 15.592 -1.64401 0 0 0 -0.0108346 0.999941
622.400000000 15.6186 -1.64459 0 0 0 -0.0108346 0.999941
622.500000000 15.6453 -1.64516 0 0 0 -0.0108346 0.999941
622.600000000 15.6719 -1.64574 0 0 0 -0.0108346 0.999941
622.700000000 15.6986 -1.64632 0 0 0 -0.0108346 0.999941
622.800000000 15.7253 -1.6469 0 0 0 -0.0108346 0.999941
622.900000000 15.7503 -1.64744 0 0 0 -0.0108346 0.999941
623.000000000 15.7769 -1.64802 0 0 0 -0.0108346 0.999941
623.100000000 15.8019 -1.64856 0 0 0 -0.0108346 0.999941
623.200000000 15.8286 -1.64914 0 0 0 -0.0108346 0.999941
623.300000000 15.8536 -1.64968 0 0 0 -0.0108346 0.999941
623.400000000 15.8802 -1.65026 0 0 0 -0.0108346 0.999941
623.500000000 15.9069 -1.65083 0 0 0 -0.0108346 0.999941
623.600000000 15.9319 -1.65137 0 0 0 -0.0108346 0.999941
623.700000000 15.9569 -1.65192 0 0 0 -0.0108346 0.999941
623.800000000 15.9835 -1.65249 0 0 0 -0.0108346 0.999941
623.900000000 16.0102 -1.65307 0 0 0 -0.0108346 0.999941
624.000000000 16.0352 -1.65361 0 0 0 -0.0108346 0.999941
624.100000000 16.0602 -1.65416 0 0 0 -0.0108346 0.999941
624.200000000 16.0835 -1.65466 0 0 0 -0.0108346 0.999941
624.300000000 16.1068 -1.65517 0 0 0 -0.0108346 0.999941
624.400000000 16.1285 -1.65564 0 0 0 -0.0108346 0.999941
624.500000000 16.1502 -1.65611 0 0 0 -0.0108346 0.999941
624.600000000 16.1718 -1.65658 0 0 0 -0.0108346 0.999941
624.700000000 16.1935 -1.65704 0 0 0 -0.0108346 0.999941
624.800000000 16.2135 -1.65748 0 0 0 -0.0108346 0.999941
624.900000000 16.2351 -1.65795 0 0 0 -0.0108346 0.999941
625.000000000 16.2568 -1.65842 0 0 0 -0.0108346 0.999941
625.100000000 16.2785 -1.65889 0 0 0 -0.0108346 0.999941
625.200000000 16.3001 -1.65936 0 0 0 -0.0108346 0.999941
625.300000000 16.3218 -1.65983 0 0 0 -0.0108346 0.999941
625.400000000 16.3434 -1.66029 0 0 0 -0.0108346 0.999941
625.500000000 16.3634 -1.66073 0 0 0 -0.0108346 0.999941
625.600000000 16.3851 -1.6612 0 0 0 -0.0108346 0.999941
625.700000000 16.4068 -1.66167 0 0 0 -0.0108346 0.999941
625.800000000 16.4284 -1.66214 0 0 0 -0.0108346 0.999941
625.900000000 16.4484 -1.66257 0 0 0 -0.0108346 0.999941
626.000000000 16.4701 -1.66304 0 0 0 -0.0108346 0.999941
626.100000000 16.5167 -1.66405 0 0 0 -0.0108346 0.999941
626.200000000 16.5617 -1.66503 0 0 0 -0.0108346 0.999941
626.300000000 16.6067 -1.666 0 0 0 -0.0108346 0.999941
626.400000000 16.65 -1.66694 0 0 0 -0.0108346 0.999941
626.500000000 16.6917 -1.66784 0 0 0 -0.0108346 0.999941
626.600000000 16.735 -1.66878 0 0 0 -0.0108346 0.999941
626.700000000 16.7767 -1.66968 0 0 0 -0.0108346 0.999941
626.800000000 16.82 -1.67062 0 0 0 -0.0108346 0.999941
626.900000000 16.8617 -1.67153 0 0 0 -0.0108346 0.999941
627.000000000 16.9017 -1.67239 0 0 0 -0.0108346 0.999941
627.100000000 16.9416 -1.67326 0 0 0 -0.0108346 0.999941
627.200000000 16.98 -1.67409 0 0 0 -0.0108346 0.999941
627.300000000 17.0166 -1.67488 0 0 0 -0.0108346 0.999941
627.400000000 17.0516 -1.67564 0 0 0 -0.0108346 0.999941
627.500000000 17.0849 -1.67637 0 0 0 -0.0108346 0.999941
627.600000000 17.1183 -1.67709 0 0 0 -0.0108346 0.999941
627.700000000 17.1499 -1.67777 0 0 0 -0.0108346 0.999941
627.800000000 17.1799 -1.67842 0 0 0 -0.0108346 0.999941
627.900000000 17.2099 -1.67907 0 0 0 -0.0108346 0.999941
628.000000000 17.2382 -1.67969 0 0 0 -0.0108346 0.999941
628.100000000 17.2649 -1.68027 0 0 0 -0.0108346 0.999941
628.200000000 17.2916 -1.68084 0 0 0 -0.0108346 0.999941
628.300000000 17.3166 -1.68139 0 0 0 -0.0108346 0.999941
628.400000000 17.3432 -1.68196 0 0 0 -0.0108346 0.999941
628.500000000 17.3699 -1.68254 0 0 0 -0.0108346 0.999941
628.600000000 17.3965 -1.68312 0 0 0 -0.0108346 0.999941
628.700000000 17.4232 -1.6837 0 0 0 -0.0108346 0.999941
628.800000000 17.4499 -1.68427 0 0 0 -0.0108346 0.999941
628.900000000 17.4765 -1.68485 0 0 0 -0.0108346 0.999941
629.000000000 17.5015 -1.68539 0 0 0 -0.0108346 0.999941
629.100000000 17.5265 -1.68594 0 0 0 -0.0108346 0.999941
629.200000000 17.5532 -1.68478 0 0 0 -0.00650252 0.999979
629.300000000 17.611 -1.67712 0 0 0 0.0145373 0.999894
629.400000000 17.6524 -1.66433 0 0 0 0.0434837 0.999054
629.500000000 17.675 -1.64723 0 0 0 0.0811462 0.996702
629.600000000 17.6739 -1.62778 0 0 0 0.129349 0.991599
629.700000000 17.6678 -1.60874 0 0 0 0.178746 0.983895
629.800000000 17.6599 -1.5904 0 0 0 0.227697 0.973732
629.900000000 17.6501 -1.57295 0 0 0 0.276079 0.961135
630.000000000 17.6387 -1.55655 0 0 0 0.323771 0.946136
630.100000000 17.6257 -1.54138 0 0 0 0.370653 0.928771
630.200000000 17.6112 -1.52759 0 0 0 0.416609 0.909086
630.300000000 17.6154 -1.4996 0 0 0 0.450612 0.89272
630.400000000 17.6239 -1.46554 0 0 0 0.480311 0.877098
630.500000000 17.6307 -1.43034 0 0 0 0.509095 0.860711
630.600000000 17.6351 -1.39477 0 0 0 0.53732 0.843379
630.700000000 17.6372 -1.35898 0 0 0 0.564955 0.825122
630.800000000 17.6369 -1.32313 0 0 0 0.591971 0.80596
630.900000000 17.6342 -1.28738 0 0 0 0.618337 0.785913
631.000000000 17.6292 -1.25189 0 0 0 0.644025 0.765005
631.100000000 17.6218 -1.2168 0 0 0 0.669006 0.743257
631.200000000 17.6122 -1.18228 0 0 0 0.693253 0.720694
631.300000000 17.6041 -1.13218 0 0 0 0.711052 0.703139
631.400000000 17.5966 -1.06613 0 0 0 0.722817 0.691039
631.500000000 17.5873 -0.997681 0 0 0 0.733477 0.679714
631.600000000 17.5759 -0.929556 0 0 0 0.74396 0.668224
631.700000000 17.5623 -0.861819 0 0 0 0.754263 0.656573
631.800000000 17.5467 -0.794536 0 0 0 0.764383 0.644763
631.900000000 17.529 -0.727773 0 0 0 0.774318 0.632796
632.000000000 17.5092 -0.661592 0 0 0 0.784066 0.620677
632.100000000 17.4873 -0.59606 0 0 0 0.793625 0.608408
632.200000000 17.4635 -0.531239 0 0 0 0.802991 0.595991
632.300000000 17.4398 -0.460037 0 0 0 0.805942 0.591995
632.400000000 17.42 -0.38767 0 0 0 0.801876 0.59749
632.500000000 17.4012 -0.315039 0 0 0 0.797773 0.602958
632.600000000 17.3831 -0.242221 0 0 0 0.794001 0.607916
632.700000000 17.366 -0.169183 0 0 0 0.790199 0.612851
632.800000000 17.3497 -0.0959366 0 0 0 0.786366 0.617761
632.900000000 17.3344 -0.0224939 0 0 0 0.782502 0.622648
633.000000000 17.32 0.0511342 0 0 0 0.778608 0.62751
633.100000000 17.3065 0.124936 0 0 0 0.774684 0.632349
633.200000000 17.2939 0.1989 0 0 0 0.77073 0.637162
633.300000000 17.2825 0.273058 0 0 0 0.766356 0.642416
633.400000000 17.2723 0.347403 0 0 0 0.761562 0.648092
633.500000000 17.2633 0.421891 0 0 0 0.756726 0.653732
633.600000000 17.2553 0.496506 0 0 0 0.751848 0.659337
633.700000000 17.2485 0.57123 0 0 0 0.746928 0.664904
633.800000000 17.2428 0.646047 0 0 0 0.741968 0.670435
633.900000000 17.2381 0.720942 0 0 0 0.736966 0.675929
634.000000000 17.2346 0.795897 0 0 0 0.731924 0.681386
634.100000000 17.2322 0.870895 0 0 0 0.726841 0.686805
634.200000000 17.2329 0.945992 0 0 0 0.718419 0.69561
634.300000000 17.2352 1.01772 0 0 0 0.710272 0.703928
634.400000000 17.2392 1.08937 0 0 0 0.702028 0.712149
634.500000000 17.2447 1.16092 0 0 0 0.694135 0.719845
634.600000000 17.2515 1.23067 0 0 0 0.686344 0.727277
634.700000000 17.2594 1.29694 0 0 0 0.67885 0.734277
634.800000000 17.2685 1.36139 0 0 0 0.671475 0.741027
634.900000000 17.2784 1.42235 0 0 0 0.664416 0.747363
635.000000000 17.289 1.48147 0 0 0 0.65749 0.753463
635.100000000 17.3051 1.53837 0 0 0 0.641802 0.766871
635.200000000 17.3238 1.58396 0 0 0 0.621816 0.783163
635.300000000 17.345 1.63747 0 0 0 0.604882 0.796315
635.400000000 17.3686 1.69084 0 0 0 0.587995 0.808865
635.500000000 17.3945 1.74317 0 0 0 0.570847 0.821056
635.600000000 17.4224 1.79437 0 0 0 0.553447 0.832885
635.700000000 17.4526 1.84434 0 0 0 0.535801 0.844344
635.800000000 17.4848 1.893 0 0 0 0.517919 0.85543
635.900000000 17.519 1.94027 0 0 0 0.499807 0.866137
636.000000000 17.5552 1.98605 0 0 0 0.481474 0.876461
636.100000000 17.5932 2.03027 0 0 0 0.462927 0.886396
636.200000000 17.6331 2.07285 0 0 0 0.444176 0.89594
636.300000000 17.6824 2.12953 0 0 0 0.433157 0.901318
636.400000000 17.7324 2.1855 0 0 0 0.423928 0.905696
636.500000000 17.7836 2.24045 0 0 0 0.414654 0.909979
636.600000000 17.8359 2.29433 0 0 0 0.405337 0.914167
636.700000000 17.8892 2.34714 0 0 0 0.395978 0.91826
636.800000000 17.9436 2.39885 0 0 0 0.386577 0.922257
636.900000000 17.9991 2.44948 0 0 0 0.377283 0.926098
637.000000000 18.0554 2.49911 0 0 0 0.368349 0.929688
637.100000000 18.1114 2.54656 0 0 0 0.359581 0.933114
637.200000000 18.1656 2.59085 0 0 0 0.351181 0.936308
637.300000000 18.2223 2.63999 0 0 0 0.350605 0.936524
637.400000000 18.2789 2.68924 0 0 0 0.350605 0.936524
637.500000000 18.3354 2.73849 0 0 0 0.350605 0.936524
637.600000000 18.392 2.78775 0 0 0 0.350605 0.936524
637.700000000 18.446 2.83481 0 0 0 0.350605 0.936524
637.800000000 18.4988 2.88078 0 0 0 0.350605 0.936524
637.900000000 18.5491 2.92456 0 0 0 0.350605 0.936524
638.000000000 18.5981 2.96724 0 0 0 0.350605 0.936524
638.100000000 18.6459 3.00883 0 0 0 0.350605 0.936524
638.200000000 18.6911 3.04824 0 0 0 0.350605 0.936524
638.300000000 18.735 3.08668 0 0 0 0.351034 0.936363
638.400000000 18.7776 3.12407 0 0 0 0.35145 0.936207
638.500000000 18.8176 3.15929 0 0 0 0.351843 0.936059
638.600000000 18.8564 3.19345 0 0 0 0.352222 0.935916
638.700000000 18.8939 3.22653 0 0 0 0.35259 0.935778
638.800000000 18.9301 3.25854 0 0 0 0.352945 0.935644
638.900000000 18.9651 3.28947 0 0 0 0.353288 0.935515
639.000000000 18.9987 3.31932 0 0 0 0.353619 0.93539
639.100000000 19.0311 3.34809 0 0 0 0.353937 0.935269
639.200000000 19.0623 3.37577 0 0 0 0.354243 0.935153
639.300000000 19.0921 3.40246 0 0 0 0.354831 0.934931
639.400000000 19.1206 3.42808 0 0 0 0.355394 0.934717
639.500000000 19.1491 3.45372 0 0 0 0.355957 0.934502
639.600000000 19.1763 3.47829 0 0 0 0.356495 0.934297
639.700000000 19.2023 3.50177 0 0 0 0.357009 0.934101
639.800000000 19.227 3.52416 0 0 0 0.357498 0.933914
639.900000000 19.2516 3.54657 0 0 0 0.357987 0.933726
640.000000000 19.275 3.56789 0 0 0 0.358452 0.933548
640.100000000 19.2972 3.58811 0 0 0 0.358892 0.933379
640.200000000 19.3194 3.60835 0 0 0 0.359332 0.93321
640.300000000 19.3403 3.62748 0 0 0 0.359747 0.93305
640.400000000 19.3599 3.64551 0 0 0 0.360138 0.932899
640.500000000 19.3795 3.66355 0 0 0 0.360529 0.932748
640.600000000 19.3979 3.68048 0 0 0 0.360895 0.932606
640.700000000 19.4163 3.69742 0 0 0 0.361262 0.932464
640.800000000 19.4335 3.71325 0 0 0 0.361604 0.932332
640.900000000 19.4506 3.72909 0 0 0 0.361945 0.932199
641.000000000 19.4665 3.74382 0 0 0 0.362263 0.932076
641.100000000 19.4836 3.75968 0 0 0 0.362605 0.931943
641.200000000 19.4995 3.77443 0 0 0 0.362922 0.93182
641.300000000 19.5154 3.78913 0 0 0 0.36308 0.931758
641.400000000 19.5313 3.80384 0 0 0 0.363239 0.931696
641.500000000 19.546 3.81742 0 0 0 0.363385 0.931639
641.600000000 19.5619 3.83214 0 0 0 0.363544 0.931577
641.700000000 19.5778 3.84687 0 0 0 0.363702 0.931515
641.800000000 19.5937 3.8616 0 0 0 0.363861 0.931453
641.900000000 19.6108 3.87747 0 0 0 0.364032 0.931387
642.000000000 19.6266 3.89221 0 0 0 0.36419 0.931325
642.100000000 19.6425 3.90696 0 0 0 0.364349 0.931263
642.200000000 19.6596 3.92285 0 0 0 0.364519 0.931196
642.300000000 19.6755 3.93761 0 0 0 0.364678 0.931134
642.400000000 19.6913 3.95237 0 0 0 0.364836 0.931072
642.500000000 19.7084 3.96828 0 0 0 0.365007 0.931005
642.600000000 19.7255 3.98419 0 0 0 0.365177 0.930938
642.700000000 19.7413 3.99897 0 0 0 0.365336 0.930876
642.800000000 19.7571 4.01376 0 0 0 0.365494 0.930814
642.900000000 19.7718 4.02741 0 0 0 0.365641 0.930756
643.000000000 19.7876 4.04221 0 0 0 0.365799 0.930694
643.100000000 19.8034 4.05701 0 0 0 0.365957 0.930632
643.200000000 19.8204 4.07296 0 0 0 0.366128 0.930565
643.300000000 19.8363 4.08777 0 0 0 0.366286 0.930502
643.400000000 19.8521 4.10259 0 0 0 0.366445 0.93044
643.500000000 19.8691 4.11856 0 0 0 0.366615 0.930373
643.600000000 19.8849 4.13339 0 0 0 0.366773 0.93031
643.700000000 19.9019 4.14936 0 0 0 0.366944 0.930243
643.800000000 19.9189 4.16535 0 0 0 0.367114 0.930176
643.900000000 19.9347 4.18019 0 0 0 0.367273 0.930113
644.000000000 19.9504 4.19505 0 0 0 0.367431 0.930051
644.100000000 19.965 4.20876 0 0 0 0.367577 0.929993
644.200000000 19.9808 4.22362 0 0 0 0.367735 0.92993
644.300000000 19.9977 4.23964 0 0 0 0.367906 0.929863
644.400000000 20.0147 4.25566 0 0 0 0.368076 0.929796
644.500000000 20.0304 4.27053 0 0 0 0.368234 0.929733
644.600000000 20.0462 4.28542 0 0 0 0.368393 0.92967
644.700000000 20.0631 4.30146 0 0 0 0.368563 0.929603
644.800000000 20.0789 4.31635 0 0 0 0.368721 0.92954
644.900000000 20.0946 4.33125 0 0 0 0.368879 0.929477
645.000000000 20.1091 4.34501 0 0 0 0.369025 0.929419
645.100000000 20.1248 4.35993 0 0 0 0.369184 0.929356
645.200000000 20.1405 4.37484 0 0 0 0.369342 0.929294
645.300000000 20.1551 4.38857 0 0 0 0.369342 0.929294
645.400000000 20.1696 4.4023 0 0 0 0.369342 0.929294
645.500000000 20.1854 4.41718 0 0 0 0.369342 0.929294
645.600000000 20.2011 4.43205 0 0 0 0.369342 0.929294
645.700000000 20.2181 4.44807 0 0 0 0.369342 0.929294
645.800000000 20.2339 4.46294 0 0 0 0.369342 0.929294
645.900000000 20.2496 4.47781 0 0 0 0.369342 0.929294
646.000000000 20.2642 4.49154 0 0 0 0.369342 0.929294
646.100000000 20.2787 4.50527 0 0 0 0.369342 0.929294
646.200000000 20.2945 4.52014 0 0 0 0.369342 0.929294
646.300000000 20.3114 4.53616 0 0 0 0.369342 0.929294
646.400000000 20.3272 4.55103 0 0 0 0.369342 0.929294
646.500000000 20.3429 4.56591 0 0 0 0.369342 0.929294
646.600000000 20.3587 4.58078 0 0 0 0.369342 0.929294
646.700000000 20.3745 4.59565 0 0 0 0.369342 0.929294
646.800000000 20.3902 4.61053 0 0 0 0.369342 0.929294
646.900000000 20.4048 4.62426 0 0 0 0.369342 0.929294
647.000000000 20.4205 4.63913 0 0 0 0.369342 0.929294
647.100000000 20.4363 4.654 0 0 0 0.369342 0.929294
647.200000000 20.452 4.66887 0 0 0 0.369342 0.929294
647.300000000 20.4666 4.6826 0 0 0 0.369342 0.929294
647.400000000 20.4823 4.69748 0 0 0 0.369342 0.929294
647.500000000 20.4981 4.71235 0 0 0 0.369342 0.929294
647.600000000 20.5138 4.72722 0 0 0 0.369342 0.929294
647.700000000 20.5308 4.74324 0 0 0 0.369342 0.929294
647.800000000 20.5465 4.75811 0 0 0 0.369342 0.929294
647.900000000 20.5623 4.77299 0 0 0 0.369342 0.929294
648.000000000 20.5768 4.78672 0 0 0 0.369342 0.929294
648.100000000 20.5926 4.80159 0 0 0 0.369342 0.929294
648.200000000 20.6084 4.81646 0 0 0 0.369342 0.929294
648.300000000 20.6229 4.83019 0 0 0 0.369342 0.929294
648.400000000 20.6374 4.84392 0 0 0 0.369342 0.929294
648.500000000 20.652 4.85765 0 0 0 0.369342 0.929294
648.600000000 20.6677 4.87252 0 0 0 0.369342 0.929294
648.700000000 20.6835 4.8874 0 0 0 0.369342 0.929294
648.800000000 20.6993 4.90227 0 0 0 0.369342 0.929294
648.900000000 20.715 4.91714 0 0 0 0.369342 0.929294
649.000000000 20.7308 4.93202 0 0 0 0.369342 0.929294
649.100000000 20.7465 4.94689 0 0 0 0.369342 0.929294
649.200000000 20.7623 4.96176 0 0 0 0.369342 0.929294
649.300000000 20.7768 4.97549 0 0 0 0.369342 0.929294
649.400000000 20.7914 4.98922 0 0 0 0.369342 0.929294
649.500000000 20.8047 5.0018 0 0 0 0.369342 0.929294
649.600000000 20.8192 5.01553 0 0 0 0.369342 0.929294
649.700000000 20.835 5.03041 0 0 0 0.369342 0.929294
649.800000000 20.8508 5.04528 0 0 0 0.369342 0.929294
649.900000000 20.8653 5.05901 0 0 0 0.369342 0.929294
650.000000000 20.881 5.07388 0 0 0 0.369342 0.929294
650.100000000 20.8968 5.08876 0 0 0 0.369342 0.929294
650.200000000 20.9113 5.10248 0 0 0 0.369342 0.929294
650.300000000 20.9259 5.11621 0 0 0 0.369342 0.929294
650.400000000 20.9416 5.13109 0 0 0 0.369342 0.929294
650.500000000 20.9574 5.14596 0 0 0 0.369342 0.929294
650.600000000 20.9719 5.15969 0 0 0 0.369342 0.929294
650.700000000 20.9877 5.17456 0 0 0 0.369342 0.929294
650.800000000 21.0035 5.18944 0 0 0 0.369342 0.929294
650.900000000 21.018 5.20316 0 0 0 0.369342 0.929294
651.000000000 21.0338 5.21804 0 0 0 0.369342 0.929294
651.100000000 21.0495 5.23291 0 0 0 0.369342 0.929294
651.200000000 21.0641 5.24664 0 0 0 0.369342 0.929294
651.300000000 21.0786 5.26037 0 0 0 0.369342 0.929294
651.400000000 21.0944 5.27524 0 0 0 0.369342 0.929294
651.500000000 21.1089 5.28897 0 0 0 0.369342 0.929294
651.600000000 21.1247 5.30384 0 0 0 0.369342 0.929294
651.700000000 21.1404 5.31872 0 0 0 0.369342 0.929294
651.800000000 21.155 5.33245 0 0 0 0.369342 0.929294
651.900000000 21.1695 5.34618 0 0 0 0.369342 0.929294
652.000000000 21.1853 5.36105 0 0 0 0.369342 0.929294
652.100000000 21.1998 5.37478 0 0 0 0.369342 0.929294
652.200000000 21.2155 5.38965 0 0 0 0.369342 0.929294
652.300000000 21.2313 5.40452 0 0 0 0.369342 0.929294
652.400000000 21.2458 5.41825 0 0 0 0.369342 0.929294
652.500000000 21.2604 5.43198 0 0 0 0.369342 0.929294
652.600000000 21.2737 5.44457 0 0 0 0.369342 0.929294
652.700000000 21.2871 5.45715 0 0 0 0.369342 0.929294
652.800000000 21.3016 5.47088 0 0 0 0.369342 0.929294
652.900000000 21.3174 5.48575 0 0 0 0.369342 0.929294
653.000000000 21.3343 5.50177 0 0 0 0.369342 0.929294
653.100000000 21.3489 5.5155 0 0 0 0.369342 0.929294
653.200000000 21.3646 5.53037 0 0 0 0.369342 0.929294
653.300000000 21.3816 5.54639 0 0 0 0.369342 0.929294
653.400000000 21.3961 5.56012 0 0 0 0.369342 0.929294
653.500000000 21.4107 5.57385 0 0 0 0.369342 0.929294
653.600000000 21.4264 5.58872 0 0 0 0.369342 0.929294
653.700000000 21.441 5.60245 0 0 0 0.369342 0.929294
653.800000000 21.4555 5.61618 0 0 0 0.369342 0.929294
653.900000000 21.4688 5.62877 0 0 0 0.369342 0.929294
654.000000000 21.4834 5.6425 0 0 0 0.369342 0.929294
654.100000000 21.4979 5.65622 0 0 0 0.369342 0.929294
654.200000000 21.5113 5.66881 0 0 0 0.369342 0.929294
654.300000000 21.5258 5.68254 0 0 0 0.369342 0.929294
654.400000000 21.5404 5.69627 0 0 0 0.369342 0.929294
654.500000000 21.5549 5.71 0 0 0 0.369342 0.929294
654.600000000 21.5707 5.72487 0 0 0 0.369342 0.929294
654.700000000 21.5852 5.7386 0 0 0 0.369342 0.929294
654.800000000 21.5997 5.75233 0 0 0 0.369342 0.929294
654.900000000 21.6155 5.7672 0 0 0 0.369342 0.929294
655.000000000 21.63 5.78093 0 0 0 0.369342 0.929294
655.100000000 21.6446 5.79466 0 0 0 0.369342 0.929294
655.200000000 21.6579 5.80724 0 0 0 0.369342 0.929294
655.300000000 21.6725 5.82097 0 0 0 0.369342 0.929294
655.400000000 21.687 5.8347 0 0 0 0.369342 0.929294
655.500000000 21.7015 5.84843 0 0 0 0.369342 0.929294
655.600000000 21.7161 5.86216 0 0 0 0.369342 0.929294
655.700000000 21.7306 5.87589 0 0 0 0.369342 0.929294
655.800000000 21.7452 5.88962 0 0 0 0.369342 0.929294
655.900000000 21.7609 5.90449 0 0 0 0.369342 0.929294
656.000000000 21.7755 5.91822 0 0 0 0.369342 0.929294
656.100000000 21.79 5.93195 0 0 0 0.369342 0.929294
656.200000000 21.8033 5.94453 0 0 0 0.369342 0.929294
656.300000000 21.8167 5.95712 0 0 0 0.369342 0.929294
656.400000000 21.8312 5.97085 0 0 0 0.369342 0.929294
656.500000000 21.847 5.98572 0 0 0 0.369342 0.929294
656.600000000 21.8615 5.99945 0 0 0 0.369342 0.929294
656.700000000 21.8761 6.01318 0 0 0 0.369342 0.929294
656.800000000 21.8906 6.02691 0 0 0 0.369342 0.929294
656.900000000 21.9039 6.03949 0 0 0 0.369342 0.929294
657.000000000 21.9185 6.05322 0 0 0 0.369342 0.929294
657.100000000 21.933 6.06695 0 0 0 0.369342 0.929294
657.200000000 21.9476 6.08068 0 0 0 0.369342 0.929294
657.300000000 21.9621 6.09441 0 0 0 0.369342 0.929294
657.400000000 21.9767 6.10814 0 0 0 0.369342 0.929294
657.500000000 21.99 6.12072 0 0 0 0.369342 0.929294
657.600000000 22.0033 6.13331 0 0 0 0.369342 0.929294
657.700000000 22.0179 6.14704 0 0 0 0.369342 0.929294
657.800000000 22.0324 6.16077 0 0 0 0.369342 0.929294
657.900000000 22.0482 6.17564 0 0 0 0.369342 0.929294
658.000000000 22.0627 6.18937 0 0 0 0.369342 0.929294
658.100000000 22.0772 6.2031 0 0 0 0.369342 0.929294
658.200000000 22.0918 6.21683 0 0 0 0.369342 0.929294
658.300000000 22.1051 6.22941 0 0 0 0.369342 0.929294
658.400000000 22.1197 6.24314 0 0 0 0.369342 0.929294
658.500000000 22.1342 6.25687 0 0 0 0.369342 0.929294
658.600000000 22.1488 6.2706 0 0 0 0.369342 0.929294
658.700000000 22.1633 6.28433 0 0 0 0.369342 0.929294
658.800000000 22.1791 6.2992 0 0 0 0.369342 0.929294
658.900000000 22.1924 6.31179 0 0 0 0.369342 0.929294
659.000000000 22.2069 6.32552 0 0 0 0.369342 0.929294
659.100000000 22.2227 6.34039 0 0 0 0.369342 0.929294
659.200000000 22.2397 6.35641 0 0 0 0.369342 0.929294
659.300000000 22.2542 6.37014 0 0 0 0.369342 0.929294
659.400000000 22.2687 6.38387 0 0 0 0.369342 0.929294
659.500000000 22.2845 6.39874 0 0 0 0.369342 0.929294
659.600000000 22.299 6.41247 0 0 0 0.369342 0.929294
659.700000000 22.3136 6.4262 0 0 0 0.369342 0.929294
659.800000000 22.3269 6.43878 0 0 0 0.369342 0.929294
659.900000000 22.3415 6.45251 0 0 0 0.369342 0.929294
660.000000000 22.356 6.46624 0 0 0 0.369342 0.929294
660.100000000 22.3718 6.48111 0 0 0 0.369342 0.929294
660.200000000 22.3863 6.49484 0 0 0 0.369342 0.929294
660.300000000 22.4008 6.50857 0 0 0 0.369342 0.929294
660.400000000 22.4154 6.5223 0 0 0 0.369342 0.929294
660.500000000 22.4299 6.53603 0 0 0 0.369342 0.929294
660.600000000 22.4445 6.54976 0 0 0 0.369342 0.929294
660.700000000 22.459 6.56349 0 0 0 0.369342 0.929294
660.800000000 22.4748 6.57836 0 0 0 0.369342 0.929294
660.900000000 22.4893 6.59209 0 0 0 0.369342 0.929294
661.000000000 22.5039 6.60582 0 0 0 0.369342 0.929294
661.100000000 22.5172 6.6184 0 0 0 0.369342 0.929294
661.200000000 22.5317 6.63213 0 0 0 0.369342 0.929294
661.300000000 22.5463 6.64586 0 0 0 0.369342 0.929294
661.400000000 22.5596 6.65845 0 0 0 0.369342 0.929294
661.500000000 22.5742 6.67218 0 0 0 0.369342 0.929294
661.600000000 22.5887 6.6859 0 0 0 0.369342 0.929294
661.700000000 22.6045 6.70078 0 0 0 0.369342 0.929294
661.800000000 22.6202 6.71565 0 0 0 0.369342 0.929294
661.900000000 22.6347 6.72938 0 0 0 0.369342 0.929294
662.000000000 22.6493 6.74311 0 0 0 0.369342 0.929294
662.100000000 22.6626 6.75569 0 0 0 0.369342 0.929294
662.200000000 22.6772 6.76942 0 0 0 0.369342 0.929294
662.300000000 22.6917 6.78315 0 0 0 0.369342 0.929294
662.400000000 22.7063 6.79688 0 0 0 0.369342 0.929294
662.500000000 22.722 6.81175 0 0 0 0.369342 0.929294
662.600000000 22.7366 6.82548 0 0 0 0.369342 0.929294
662.700000000 22.7511 6.83921 0 0 0 0.369342 0.929294
662.800000000 22.7644 6.8518 0 0 0 0.369342 0.929294
662.900000000 22.779 6.86553 0 0 0 0.369342 0.929294
663.000000000 22.7935 6.87926 0 0 0 0.369342 0.929294
663.100000000 22.8093 6.89413 0 0 0 0.369342 0.929294
663.200000000 22.8238 6.90786 0 0 0 0.369342 0.929294
663.300000000 22.8384 6.92159 0 0 0 0.369342 0.929294
663.400000000 22.8529 6.93532 0 0 0 0.369342 0.929294
663.500000000 22.8662 6.9479 0 0 0 0.369342 0.929294
663.600000000 22.8808 6.96163 0 0 0 0.369342 0.929294
663.700000000 22.8953 6.97536 0 0 0 0.369342 0.929294
663.800000000 22.9087 6.98794 0 0 0 0.369342 0.929294
663.900000000 22.9232 7.00167 0 0 0 0.369342 0.929294
664.000000000 22.939 7.01655 0 0 0 0.369342 0.929294
664.100000000 22.9535 7.03028 0 0 0 0.369342 0.929294
664.200000000 22.968 7.044 0 0 0 0.369342 0.929294
664.300000000 22.9838 7.05888 0 0 0 0.369342 0.929294
664.400000000 23.0008 7.0749 0 0 0 0.369342 0.929294
664.500000000 23.0153 7.08862 0 0 0 0.369342 0.929294
664.600000000 23.0311 7.1035 0 0 0 0.369342 0.929294
664.700000000 23.0444 7.11608 0 0 0 0.369342 0.929294
664.800000000 23.0589 7.12981 0 0 0 0.369342 0.929294
664.900000000 23.0735 7.14354 0 0 0 0.369342 0.929294
665.000000000 23.088 7.15727 0 0 0 0.369342 0.929294
665.100000000 23.1026 7.171 0 0 0 0.369342 0.929294
665.200000000 23.1159 7.18358 0 0 0 0.369342 0.929294
665.300000000 23.1304 7.19731 0 0 0 0.369342 0.929294
665.400000000 23.145 7.21104 0 0 0 0.369342 0.929294
665.500000000 23.1595 7.22477 0 0 0 0.369342 0.929294
665.600000000 23.1741 7.2385 0 0 0 0.369342 0.929294
665.700000000 23.1898 7.25337 0 0 0 0.369342 0.929294
665.800000000 23.2044 7.2671 0 0 0 0.369342 0.929294
665.900000000 23.2189 7.28083 0 0 0 0.369342 0.929294
666.000000000 23.2347 7.2957 0 0 0 0.369342 0.929294
666.100000000 23.2492 7.30943 0 0 0 0.369342 0.929294
666.200000000 23.2638 7.32316 0 0 0 0.369342 0.929294
666.300000000 23.2771 7.33575 0 0 0 0.369342 0.929294
666.400000000 23.2916 7.34948 0 0 0 0.369342 0.929294
666.500000000 23.3062 7.36321 0 0 0 0.369342 0.929294
666.600000000 23.3207 7.37694 0 0 0 0.369342 0.929294
666.700000000 23.334 7.38952 0 0 0 0.369342 0.929294
666.800000000 23.3486 7.40325 0 0 0 0.369342 0.929294
666.900000000 23.3631 7.41698 0 0 0 0.369342 0.929294
667.000000000 23.3789 7.43185 0 0 0 0.369342 0.929294
667.100000000 23.3934 7.44558 0 0 0 0.369342 0.929294
667.200000000 23.408 7.45931 0 0 0 0.369342 0.929294
667.300000000 23.4237 7.47418 0 0 0 0.369342 0.929294
667.400000000 23.4383 7.48791 0 0 0 0.369342 0.929294
667.500000000 23.4528 7.50164 0 0 0 0.369342 0.929294
667.600000000 23.4686 7.51651 0 0 0 0.369342 0.929294
667.700000000 23.4831 7.53024 0 0 0 0.369342 0.929294
667.800000000 23.4977 7.54397 0 0 0 0.369342 0.929294
667.900000000 23.5134 7.55885 0 0 0 0.369342 0.929294
668.000000000 23.5292 7.57372 0 0 0 0.369342 0.929294
668.100000000 23.5437 7.58745 0 0 0 0.369342 0.929294
668.200000000 23.5595 7.60232 0 0 0 0.369342 0.929294
668.300000000 23.574 7.61605 0 0 0 0.369342 0.929294
668.400000000 23.5898 7.63092 0 0 0 0.369342 0.929294
668.500000000 23.6055 7.6458 0 0 0 0.369342 0.929294
668.600000000 23.6201 7.65953 0 0 0 0.369342 0.929294
668.700000000 23.6358 7.6744 0 0 0 0.369342 0.929294
668.800000000 23.6516 7.68927 0 0 0 0.369342 0.929294
668.900000000 23.6673 7.70414 0 0 0 0.369342 0.929294
669.000000000 23.6831 7.71902 0 0 0 0.369342 0.929294
669.100000000 23.6988 7.73389 0 0 0 0.369342 0.929294
669.200000000 23.7158 7.74991 0 0 0 0.369342 0.929294
669.300000000 23.7304 7.76364 0 0 0 0.369342 0.929294
669.400000000 23.7461 7.77851 0 0 0 0.369342 0.929294
669.500000000 23.7594 7.7911 0 0 0 0.369342 0.929294
669.600000000 23.774 7.80482 0 0 0 0.369342 0.929294
669.700000000 23.7897 7.8197 0 0 0 0.369342 0.929294
669.800000000 23.8067 7.83572 0 0 0 0.369342 0.929294
669.900000000 23.8213 7.84944 0 0 0 0.369342 0.929294
670.000000000 23.8406 7.86775 0 0 0 0.369342 0.929294
670.100000000 23.8576 7.88377 0 0 0 0.369342 0.929294
670.200000000 23.8734 7.89864 0 0 0 0.369342 0.929294
670.300000000 23.8891 7.91351 0 0 0 0.369342 0.929294
670.400000000 23.9061 7.92953 0 0 0 0.369342 0.929294
670.500000000 23.9206 7.94326 0 0 0 0.369342 0.929294
670.600000000 23.9376 7.95928 0 0 0 0.369342 0.929294
670.700000000 23.9546 7.97529 0 0 0 0.369342 0.929294
670.800000000 23.9703 7.99017 0 0 0 0.369342 0.929294
670.900000000 23.9873 8.00618 0 0 0 0.369342 0.929294
671.000000000 24.0043 8.0222 0 0 0 0.369342 0.929294
671.100000000 24.0224 8.03936 0 0 0 0.369342 0.929294
671.200000000 24.0394 8.05538 0 0 0 0.369342 0.929294
671.300000000 24.0564 8.0714 0 0 0 0.369342 0.929294
671.400000000 24.0721 8.08627 0 0 0 0.369342 0.929294
671.500000000 24.0891 8.10229 0 0 0 0.369342 0.929294
671.600000000 24.1061 8.11831 0 0 0 0.369342 0.929294
671.700000000 24.1218 8.13318 0 0 0 0.369342 0.929294
671.800000000 24.1388 8.1492 0 0 0 0.369342 0.929294
671.900000000 24.1558 8.16521 0 0 0 0.369342 0.929294
672.000000000 24.1715 8.18009 0 0 0 0.369342 0.929294
672.100000000 24.1885 8.1961 0 0 0 0.369342 0.929294
672.200000000 24.2054 8.21212 0 0 0 0.369342 0.929294
672.300000000 24.2224 8.22814 0 0 0 0.369342 0.929294
672.400000000 24.2394 8.24416 0 0 0 0.369342 0.929294
672.500000000 24.2551 8.25903 0 0 0 0.369342 0.929294
672.600000000 24.2721 8.27505 0 0 0 0.369342 0.929294
672.700000000 24.2866 8.28877 0 0 0 0.369342 0.929294
672.800000000 24.3024 8.30365 0 0 0 0.369342 0.929294
672.900000000 24.3194 8.31966 0 0 0 0.369342 0.929294
673.000000000 24.3363 8.33568 0 0 0 0.369342 0.929294
673.100000000 24.3521 8.35056 0 0 0 0.369342 0.929294
673.200000000 24.3691 8.36657 0 0 0 0.369342 0.929294
673.300000000 24.3838 8.38012 0 0 0 0.368757 0.929526
673.400000000 24.3997 8.39477 0 0 0 0.368123 0.929777
673.500000000 24.4169 8.41053 0 0 0 0.367441 0.930047
673.600000000 24.4317 8.42402 0 0 0 0.366856 0.930278
673.700000000 24.4477 8.43861 0 0 0 0.366221 0.930528
673.800000000 24.4638 8.45317 0 0 0 0.365587 0.930777
673.900000000 24.4786 8.4666 0 0 0 0.365001 0.931007
674.000000000 24.4934 8.48001 0 0 0 0.364416 0.931236
674.100000000 24.5095 8.49451 0 0 0 0.363781 0.931485
674.200000000 24.5244 8.50788 0 0 0 0.363195 0.931713
674.300000000 24.5395 8.521 0 0 0 0.361868 0.932229
674.400000000 24.5559 8.53516 0 0 0 0.360431 0.932786
674.500000000 24.5711 8.54819 0 0 0 0.359103 0.933298
674.600000000 24.5863 8.56117 0 0 0 0.357774 0.933808
674.700000000 24.6003 8.57303 0 0 0 0.356555 0.934274
674.800000000 24.6169 8.58701 0 0 0 0.355115 0.934823
674.900000000 24.6322 8.59986 0 0 0 0.353784 0.935327
675.000000000 24.6502 8.6148 0 0 0 0.35223 0.935913
675.100000000 24.6669 8.62862 0 0 0 0.350787 0.936455
675.200000000 24.685 8.64334 0 0 0 0.348879 0.937168
675.300000000 24.7032 8.65798 0 0 0 0.34697 0.937876
675.400000000 24.7201 8.67151 0 0 0 0.345197 0.93853
675.500000000 24.7371 8.68497 0 0 0 0.343421 0.939181
675.600000000 24.7528 8.69733 0 0 0 0.341782 0.939779
675.700000000 24.7686 8.70965 0 0 0 0.340141 0.940374
675.800000000 24.7831 8.72088 0 0 0 0.338636 0.940917
675.900000000 24.8003 8.73411 0 0 0 0.336857 0.941556
676.000000000 24.8162 8.74625 0 0 0 0.335213 0.942142
676.100000000 24.8348 8.76036 0 0 0 0.333294 0.942823
676.200000000 24.8521 8.77339 0 0 0 0.331511 0.943452
676.300000000 24.8762 8.79133 0 0 0 0.329039 0.944316
676.400000000 24.895 8.80519 0 0 0 0.327116 0.944984
676.500000000 24.9125 8.81799 0 0 0 0.325329 0.945601
676.600000000 24.9734 8.86178 0 0 0 0.318294 0.947992
676.700000000 25.035 8.90466 0 0 0 0.311242 0.950331
676.800000000 25.0972 8.94662 0 0 0 0.304173 0.952617
676.900000000 25.16 8.98765 0 0 0 0.297087 0.95485
677.000000000 25.2234 9.02774 0 0 0 0.289985 0.957031
677.100000000 25.2875 9.06688 0 0 0 0.282866 0.959159
677.200000000 25.352 9.10507 0 0 0 0.275732 0.961234
677.300000000 25.4179 9.14116 0 0 0 0.265393 0.96414
677.400000000 25.4845 9.17583 0 0 0 0.255022 0.966935
677.500000000 25.5518 9.20906 0 0 0 0.244623 0.969618
677.600000000 25.6198 9.24092 0 0 0 0.234441 0.97213
677.700000000 25.6884 9.27144 0 0 0 0.224456 0.974484
677.800000000 25.7545 9.29925 0 0 0 0.214893 0.976638
677.900000000 25.818 9.32452 0 0 0 0.205755 0.978604
678.000000000 25.8805 9.34802 0 0 0 0.196823 0.980439
678.100000000 25.9418 9.36981 0 0 0 0.188098 0.98215
678.200000000 25.996 9.38675 0 0 0 0.177572 0.984108
678.300000000 26.049 9.40206 0 0 0 0.167337 0.9859
678.400000000 26.1006 9.41584 0 0 0 0.157394 0.987536
678.500000000 26.1509 9.42818 0 0 0 0.147747 0.989025
678.600000000 26.1998 9.43917 0 0 0 0.138397 0.990377
678.700000000 26.2472 9.4489 0 0 0 0.129348 0.991599
678.800000000 26.2932 9.45745 0 0 0 0.1206 0.992701
678.900000000 26.3377 9.46492 0 0 0 0.112155 0.993691
679.000000000 26.3806 9.47138 0 0 0 0.104016 0.994576
679.100000000 26.422 9.47692 0 0 0 0.0961836 0.995364
679.200000000 26.4618 9.4816 0 0 0 0.0886586 0.996062
679.300000000 26.5016 9.48664 0 0 0 0.0835426 0.996504
679.400000000 26.5397 9.49108 0 0 0 0.0786376 0.996903
679.500000000 26.5762 9.49497 0 0 0 0.0739441 0.997262
679.600000000 26.6127 9.49852 0 0 0 0.069249 0.997599
679.700000000 26.6476 9.50157 0 0 0 0.0647659 0.9979
679.800000000 26.6809 9.50418 0 0 0 0.060495 0.998168
679.900000000 26.7125 9.50639 0 0 0 0.0564367 0.998406
680.000000000 26.7441 9.50834 0 0 0 0.0523774 0.998627
680.100000000 26.7741 9.50995 0 0 0 0.048531 0.998822
680.200000000 26.8025 9.51125 0 0 0 0.0448975 0.998992
680.300000000 26.8308 9.51271 0 0 0 0.0421977 0.999109
680.400000000 26.8574 9.51395 0 0 0 0.0396563 0.999213
680.500000000 26.8841 9.51505 0 0 0 0.0371147 0.999311
680.600000000 26.9091 9.51595 0 0 0 0.0347318 0.999397
680.700000000 26.9341 9.51673 0 0 0 0.0323486 0.999477
680.800000000 26.9591 9.5174 0 0 0 0.0299653 0.999551
680.900000000 26.9858 9.51798 0 0 0 0.0274229 0.999624
681.000000000 27.0125 9.51842 0 0 0 0.0248803 0.99969
681.100000000 27.0375 9.51872 0 0 0 0.0224964 0.999747
681.200000000 27.0642 9.5189 0 0 0 0.0199535 0.999801
681.300000000 27.0892 9.51886 0 0 0 0.0173654 0.999849
681.400000000 27.1142 9.51869 0 0 0 0.0147771 0.999891
681.500000000 27.1409 9.51838 0 0 0 0.0120161 0.999928
681.600000000 27.1676 9.51791 0 0 0 0.00925506 0.999957
681.700000000 27.1926 9.51734 0 0 0 0.00666652 0.999978
681.800000000 27.2193 9.51659 0 0 0 0.00390536 0.999992
681.900000000 27.2459 9.5157 0 0 0 0.00114417 0.999999
682.000000000 27.2709 9.51472 0 0 0 -0.00144446 0.999999
682.100000000 27.2959 9.51361 0 0 0 -0.00403307 0.999992
682.200000000 27.3226 9.51229 0 0 0 -0.00679423 0.999977
682.300000000 27.3975 9.50784 0 0 0 -0.0153717 0.999882
682.400000000 27.4723 9.50211 0 0 0 -0.0239481 0.999713
682.500000000 27.547 9.49509 0 0 0 -0.0325228 0.999471
682.600000000 27.6216 9.48679 0 0 0 -0.041095 0.999155
682.700000000 27.6961 9.47722 0 0 0 -0.0496642 0.998766
682.800000000 27.7703 9.46637 0 0 0 -0.0582297 0.998303
682.900000000 27.8445 9.45493 0 0 0 -0.0650532 0.997882
683.000000000 27.9185 9.44273 0 0 0 -0.0712681 0.997457
683.100000000 27.9924 9.4296 0 0 0 -0.0774803 0.996994
683.200000000 28.0661 9.41555 0 0 0 -0.0836895 0.996492
683.300000000 28.122 9.40663 0 0 0 -0.082358 0.996603
683.400000000 28.1665 9.3998 0 0 0 -0.0809471 0.996718
683.500000000 28.2094 9.39335 0 0 0 -0.0795884 0.996828
683.600000000 28.2506 9.38725 0 0 0 -0.0782817 0.996931
683.700000000 28.2902 9.38151 0 0 0 -0.0770273 0.997029
683.800000000 28.3298 9.37586 0 0 0 -0.0757726 0.997125
683.900000000 28.3677 9.37054 0 0 0 -0.0745702 0.997216
684.000000000 28.4041 9.36555 0 0 0 -0.0734199 0.997301
684.100000000 28.4388 9.36086 0 0 0 -0.0723218 0.997381
684.200000000 28.4718 9.35646 0 0 0 -0.071276 0.997457
684.300000000 28.5049 9.35214 0 0 0 -0.07023 0.997531
684.400000000 28.5363 9.3481 0 0 0 -0.0692363 0.9976
684.500000000 28.566 9.34433 0 0 0 -0.0682948 0.997665
684.600000000 28.5958 9.34061 0 0 0 -0.0673533 0.997729
684.700000000 28.6239 9.33716 0 0 0 -0.066464 0.997789
684.800000000 28.6521 9.33375 0 0 0 -0.0655746 0.997848
684.900000000 28.6785 9.3306 0 0 0 -0.0647375 0.997902
685.000000000 28.7034 9.32768 0 0 0 -0.0639527 0.997953
685.100000000 28.7282 9.3248 0 0 0 -0.0631679 0.998003
685.200000000 28.7514 9.32237 0 0 0 -0.0618824 0.998083
685.300000000 28.7746 9.32 0 0 0 -0.0605968 0.998162
685.400000000 28.7962 9.31785 0 0 0 -0.0594029 0.998234
685.500000000 28.8178 9.31576 0 0 0 -0.058209 0.998304
685.600000000 28.8377 9.31387 0 0 0 -0.0571068 0.998368
685.700000000 28.8576 9.31203 0 0 0 -0.0560046 0.998431
685.800000000 28.8775 9.31023 0 0 0 -0.0549023 0.998492
685.900000000 28.8975 9.30848 0 0 0 -0.0537999 0.998552
686.000000000 28.9174 9.30677 0 0 0 -0.0526975 0.998611
686.100000000 28.9373 9.3051 0 0 0 -0.0515949 0.998668
686.200000000 28.9573 9.30348 0 0 0 -0.0504924 0.998724
686.300000000 28.9772 9.30184 0 0 0 -0.0495483 0.998772
686.400000000 28.9971 9.30017 0 0 0 -0.0487622 0.99881
686.500000000 29.0237 9.29799 0 0 0 -0.0477141 0.998861
686.600000000 29.0503 9.29587 0 0 0 -0.0466659 0.998911
686.700000000 29.0769 9.2938 0 0 0 -0.0456177 0.998959
686.800000000 29.1018 9.29191 0 0 0 -0.0446349 0.999003
686.900000000 29.1251 9.2902 0 0 0 -0.0437176 0.999044
687.000000000 29.1517 9.28829 0 0 0 -0.0426692 0.999089
687.100000000 29.1766 9.28655 0 0 0 -0.0416863 0.999131
687.200000000 29.2032 9.28475 0 0 0 -0.0406379 0.999174
687.300000000 29.2282 9.28303 0 0 0 -0.0398521 0.999206
687.400000000 29.2548 9.28124 0 0 0 -0.0390139 0.999239
687.500000000 29.2797 9.2796 0 0 0 -0.038228 0.999269
687.600000000 29.3047 9.27801 0 0 0 -0.0374421 0.999299
687.700000000 29.328 9.27656 0 0 0 -0.0367086 0.999326
687.800000000 29.3513 9.27514 0 0 0 -0.0359751 0.999353
687.900000000 29.3729 9.27385 0 0 0 -0.035294 0.999377
688.000000000 29.3945 9.27259 0 0 0 -0.0346128 0.999401
688.100000000 29.4145 9.27146 0 0 0 -0.033984 0.999422
688.200000000 29.4345 9.27035 0 0 0 -0.0333552 0.999444
688.300000000 29.4544 9.26927 0 0 0 -0.0327264 0.999464
688.400000000 29.4744 9.26821 0 0 0 -0.0320976 0.999485
688.500000000 29.4944 9.26718 0 0 0 -0.0314688 0.999505
688.600000000 29.5144 9.26617 0 0 0 -0.03084 0.999524
688.700000000 29.5343 9.26519 0 0 0 -0.0302111 0.999544
688.800000000 29.5527 9.26432 0 0 0 -0.0296346 0.999561
688.900000000 29.571 9.26346 0 0 0 -0.0290582 0.999578
689.000000000 29.6456 9.25503 0 0 0 -0.0392672 0.999229
689.100000000 29.7058 9.2425 0 0 0 -0.0586555 0.998278
689.200000000 29.7581 9.22706 0 0 0 -0.0816307 0.996663
689.300000000 29.8088 9.20921 0 0 0 -0.104955 0.994477
689.400000000 29.8586 9.189 0 0 0 -0.128222 0.991746
689.500000000 29.9074 9.16648 0 0 0 -0.151418 0.98847
689.600000000 29.9551 9.1417 0 0 0 -0.174532 0.984652
689.700000000 30.0016 9.11471 0 0 0 -0.197549 0.980293
689.800000000 30.0467 9.08557 0 0 0 -0.220458 0.975396
689.900000000 30.0905 9.05435 0 0 0 -0.243247 0.969964
690.000000000 30.1327 9.02112 0 0 0 -0.265901 0.964
690.100000000 30.1734 8.98594 0 0 0 -0.28841 0.957507
690.200000000 30.2123 8.9489 0 0 0 -0.31076 0.950488
690.300000000 30.265 8.90285 0 0 0 -0.325079 0.945687
690.400000000 30.3213 8.85322 0 0 0 -0.335702 0.941968
690.500000000 30.3767 8.80249 0 0 0 -0.3458 0.938308
690.600000000 30.4309 8.75058 0 0 0 -0.355857 0.93454
690.700000000 30.484 8.69752 0 0 0 -0.365874 0.930664
690.800000000 30.536 8.64333 0 0 0 -0.375848 0.926681
690.900000000 30.5868 8.58803 0 0 0 -0.385779 0.922591
691.000000000 30.6363 8.53166 0 0 0 -0.395666 0.918395
691.100000000 30.6847 8.47424 0 0 0 -0.405506 0.914092
691.200000000 30.7318 8.41579 0 0 0 -0.4153 0.909684
691.300000000 30.7807 8.35892 0 0 0 -0.416004 0.909363
691.400000000 30.8298 8.30217 0 0 0 -0.416004 0.909363
691.500000000 30.879 8.24563 0 0 0 -0.4153 0.909684
691.600000000 30.9284 8.18917 0 0 0 -0.414597 0.910005
691.700000000 30.9779 8.13278 0 0 0 -0.413893 0.910326
691.800000000 31.0274 8.07646 0 0 0 -0.413189 0.910645
691.900000000 31.077 8.02023 0 0 0 -0.412484 0.910965
692.000000000 31.1267 7.96407 0 0 0 -0.41178 0.911283
692.100000000 31.1765 7.90798 0 0 0 -0.411075 0.911602
692.200000000 31.2264 7.85198 0 0 0 -0.41037 0.911919
692.300000000 31.2768 7.79644 0 0 0 -0.408315 0.912841
692.400000000 31.3275 7.74114 0 0 0 -0.406259 0.913758
692.500000000 31.3784 7.68606 0 0 0 -0.4042 0.91467
692.600000000 31.4295 7.63121 0 0 0 -0.40214 0.915578
692.700000000 31.481 7.57659 0 0 0 -0.400077 0.916482
692.800000000 31.5326 7.52221 0 0 0 -0.398012 0.91738
692.900000000 31.5845 7.46805 0 0 0 -0.395946 0.918274
693.000000000 31.6366 7.41414 0 0 0 -0.393877 0.919163
693.100000000 31.689 7.36045 0 0 0 -0.391806 0.920048
693.200000000 31.7412 7.30659 0 0 0 -0.391095 0.92035
693.300000000 31.7933 7.2526 0 0 0 -0.391095 0.92035
693.400000000 31.8453 7.19861 0 0 0 -0.391095 0.92035
693.500000000 31.8974 7.14462 0 0 0 -0.391095 0.92035
693.600000000 31.9494 7.09063 0 0 0 -0.391095 0.92035
693.700000000 32.0015 7.03664 0 0 0 -0.391095 0.92035
693.800000000 32.0535 6.98265 0 0 0 -0.391095 0.92035
693.900000000 32.1056 6.92865 0 0 0 -0.391095 0.92035
694.000000000 32.1577 6.87466 0 0 0 -0.391095 0.92035
694.100000000 32.2097 6.82067 0 0 0 -0.391095 0.92035
694.200000000 32.2618 6.76668 0 0 0 -0.391095 0.92035
694.300000000 32.3138 6.71269 0 0 0 -0.391095 0.92035
694.400000000 32.3659 6.6587 0 0 0 -0.391095 0.92035
694.500000000 32.4179 6.6047 0 0 0 -0.391095 0.92035
694.600000000 32.47 6.55071 0 0 0 -0.391095 0.92035
694.700000000 32.5221 6.49672 0 0 0 -0.391095 0.92035
694.800000000 32.5741 6.44273 0 0 0 -0.391095 0.92035
694.900000000 32.6262 6.38874 0 0 0 -0.391095 0.92035
695.000000000 32.6782 6.33475 0 0 0 -0.391095 0.92035
695.100000000 32.7303 6.28075 0 0 0 -0.391095 0.92035
695.200000000 32.7804 6.22488 0 0 0 -0.397377 0.917655
695.300000000 32.8295 6.16816 0 0 0 -0.404184 0.914678
695.400000000 32.8778 6.11072 0 0 0 -0.410969 0.911649
695.500000000 32.9252 6.05257 0 0 0 -0.417731 0.908571
695.600000000 32.9718 5.99372 0 0 0 -0.424469 0.905442
695.700000000 33.0174 5.93419 0 0 0 -0.431185 0.902264
695.800000000 33.0622 5.87398 0 0 0 -0.437876 0.899035
695.900000000 33.1061 5.81312 0 0 0 -0.444544 0.895757
696.000000000 33.1491 5.75161 0 0 0 -0.451187 0.89243
696.100000000 33.1911 5.68947 0 0 0 -0.457805 0.889053
696.200000000 33.2323 5.62671 0 0 0 -0.464397 0.885627
696.300000000 33.2712 5.5625 0 0 0 -0.474337 0.880344
696.400000000 33.3085 5.49732 0 0 0 -0.484659 0.874703
696.500000000 33.3442 5.43128 0 0 0 -0.494915 0.868942
696.600000000 33.3784 5.36442 0 0 0 -0.505102 0.86306
696.700000000 33.411 5.29678 0 0 0 -0.515219 0.857059
696.800000000 33.442 5.22838 0 0 0 -0.525265 0.850939
696.900000000 33.4714 5.15928 0 0 0 -0.535238 0.844701
697.000000000 33.4991 5.0895 0 0 0 -0.545137 0.838347
697.100000000 33.5252 5.01909 0 0 0 -0.554961 0.831877
697.200000000 33.548 4.95004 0 0 0 -0.566315 0.824189
697.300000000 33.5689 4.8804 0 0 0 -0.577563 0.816346
697.400000000 33.5879 4.8102 0 0 0 -0.588702 0.80835
697.500000000 33.6049 4.73952 0 0 0 -0.59973 0.800202
697.600000000 33.62 4.66839 0 0 0 -0.610646 0.791904
697.700000000 33.6331 4.59688 0 0 0 -0.621447 0.783456
697.800000000 33.6443 4.52503 0 0 0 -0.632131 0.774862
697.900000000 33.6535 4.45291 0 0 0 -0.642696 0.766121
698.000000000 33.6607 4.38056 0 0 0 -0.65314 0.757237
698.100000000 33.6659 4.30804 0 0 0 -0.663462 0.74821
698.200000000 33.6691 4.2354 0 0 0 -0.673659 0.739042
698.300000000 33.672 4.16039 0 0 0 -0.681173 0.732123
698.400000000 33.6735 4.08534 0 0 0 -0.688228 0.725495
698.500000000 33.6736 4.01028 0 0 0 -0.695218 0.718799
698.600000000 33.6722 3.93523 0 0 0 -0.702143 0.712035
698.700000000 33.6694 3.86022 0 0 0 -0.709003 0.705205
698.800000000 33.6651 3.78528 0 0 0 -0.715796 0.698309
698.900000000 33.6594 3.71043 0 0 0 -0.722522 0.691348
699.000000000 33.6522 3.63572 0 0 0 -0.72918 0.684322
699.100000000 33.6436 3.56115 0 0 0 -0.73577 0.677231
699.200000000 33.6335 3.48676 0 0 0 -0.742291 0.670077
699.300000000 33.6242 3.41234 0 0 0 -0.745178 0.666866
699.400000000 33.6144 3.33797 0 0 0 -0.747606 0.664143
699.500000000 33.6041 3.26367 0 0 0 -0.750023 0.661411
699.600000000 33.5933 3.18944 0 0 0 -0.752431 0.658671
699.700000000 33.582 3.1153 0 0 0 -0.754829 0.655922
699.800000000 33.57 3.04124 0 0 0 -0.757217 0.653164
699.900000000 33.5576 2.96727 0 0 0 -0.759594 0.650397
700.000000000 33.5446 2.8934 0 0 0 -0.761962 0.647622
700.100000000 33.5311 2.81962 0 0 0 -0.764319 0.644838
700.200000000 33.517 2.74594 0 0 0 -0.766667 0.642045
700.300000000 33.5024 2.67237 0 0 0 -0.769004 0.639244
700.400000000 33.4873 2.5989 0 0 0 -0.771331 0.636435
700.500000000 33.4716 2.52555 0 0 0 -0.773647 0.633617
700.600000000 33.4554 2.45231 0 0 0 -0.775953 0.63079
700.700000000 33.4386 2.3792 0 0 0 -0.778249 0.627955
700.800000000 33.4214 2.3062 0 0 0 -0.780535 0.625112
700.900000000 33.4036 2.23334 0 0 0 -0.78281 0.622261
701.000000000 33.3852 2.16061 0 0 0 -0.785075 0.619401
701.100000000 33.3715 2.0868 0 0 0 -0.779043 0.626971
701.200000000 33.3657 2.02475 0 0 0 -0.766991 0.641657
701.300000000 33.3683 1.97779 0 0 0 -0.749411 0.662105
701.400000000 33.3751 1.93652 0 0 0 -0.729371 0.684118
701.500000000 33.3844 1.89573 0 0 0 -0.708686 0.705524
701.600000000 33.3962 1.85557 0 0 0 -0.687372 0.726305
701.700000000 33.4103 1.81618 0 0 0 -0.665449 0.746443
701.800000000 33.4267 1.7777 0 0 0 -0.642937 0.765919
701.900000000 33.4453 1.74026 0 0 0 -0.619855 0.784717
702.000000000 33.4662 1.704 0 0 0 -0.596223 0.802819
702.100000000 33.4892 1.66904 0 0 0 -0.572064 0.820209
702.200000000 33.5142 1.63551 0 0 0 -0.547397 0.836873
702.300000000 33.5447 1.58759 0 0 0 -0.528989 0.848629
702.400000000 33.5803 1.52945 0 0 0 -0.515344 0.856983
702.500000000 33.6184 1.47071 0 0 0 -0.502344 0.864668
702.600000000 33.6581 1.41315 0 0 0 -0.489229 0.872155
702.700000000 33.6996 1.35681 0 0 0 -0.476003 0.879444
702.800000000 33.7428 1.30175 0 0 0 -0.462668 0.886532
702.900000000 33.7876 1.24803 0 0 0 -0.449227 0.893417
703.000000000 33.834 1.19568 0 0 0 -0.435684 0.900099
703.100000000 33.882 1.14475 0 0 0 -0.422042 0.906576
703.200000000 33.9315 1.0953 0 0 0 -0.408304 0.912846
703.300000000 33.9832 1.0409 0 0 0 -0.403178 0.915122
703.400000000 34.0351 0.986725 0 0 0 -0.399223 0.916854
703.500000000 34.0874 0.933003 0 0 0 -0.39526 0.918569
703.600000000 34.1402 0.879735 0 0 0 -0.391289 0.920268
703.700000000 34.1935 0.826925 0 0 0 -0.387312 0.921949
703.800000000 34.2472 0.774577 0 0 0 -0.383327 0.923613
703.900000000 34.3014 0.722695 0 0 0 -0.379335 0.925259
704.000000000 34.356 0.671283 0 0 0 -0.375336 0.926889
704.100000000 34.4111 0.620344 0 0 0 -0.37133 0.928501
704.200000000 34.4652 0.568403 0 0 0 -0.372048 0.928213
704.300000000 34.519 0.516162 0 0 0 -0.373462 0.927646
704.400000000 34.5727 0.463758 0 0 0 -0.374875 0.927076
704.500000000 34.6262 0.41119 0 0 0 -0.376287 0.926503
704.600000000 34.6795 0.358459 0 0 0 -0.377698 0.925929
704.700000000 34.7327 0.305566 0 0 0 -0.379108 0.925353
704.800000000 34.7857 0.252511 0 0 0 -0.380517 0.924774
704.900000000 34.8385 0.199295 0 0 0 -0.381925 0.924193
705.000000000 34.8912 0.145918 0 0 0 -0.383333 0.92361
705.100000000 34.9438 0.0923809 0 0 0 -0.38474 0.923025
705.200000000 34.9961 0.0386839 0 0 0 -0.386145 0.922438
705.300000000 35.0485 -0.0149623 0 0 0 -0.386858 0.922139
705.400000000 35.1009 -0.0686894 0 0 0 -0.387571 0.92184
705.500000000 35.1531 -0.122497 0 0 0 -0.388284 0.92154
705.600000000 35.2053 -0.176386 0 0 0 -0.388997 0.921239
705.700000000 35.2573 -0.230356 0 0 0 -0.389709 0.920938
705.800000000 35.3093 -0.284406 0 0 0 -0.390421 0.920636
705.900000000 35.3613 -0.338536 0 0 0 -0.391133 0.920334
706.000000000 35.4131 -0.392746 0 0 0 -0.391845 0.920031
706.100000000 35.4648 -0.447037 0 0 0 -0.392556 0.919728
706.200000000 35.5165 -0.501407 0 0 0 -0.393267 0.919424
706.300000000 35.5681 -0.555858 0 0 0 -0.393978 0.91912
706.400000000 35.6196 -0.610388 0 0 0 -0.394689 0.918815
706.500000000 35.671 -0.664997 0 0 0 -0.395399 0.918509
706.600000000 35.7223 -0.719686 0 0 0 -0.396109 0.918203
706.700000000 35.7735 -0.774455 0 0 0 -0.396819 0.917897
706.800000000 35.8247 -0.829302 0 0 0 -0.397529 0.91759
706.900000000 35.876 -0.884018 0 0 0 -0.397529 0.91759
707.000000000 35.9273 -0.938733 0 0 0 -0.397529 0.91759
707.100000000 35.9786 -0.993448 0 0 0 -0.397529 0.91759
707.200000000 36.0299 -1.04816 0 0 0 -0.397529 0.91759
707.300000000 36.0822 -1.10188 0 0 0 -0.394179 0.919034
707.400000000 36.1352 -1.15502 0 0 0 -0.390207 0.920727
707.500000000 36.1886 -1.2077 0 0 0 -0.386227 0.922404
707.600000000 36.2424 -1.25993 0 0 0 -0.38224 0.924063
707.700000000 36.2967 -1.31168 0 0 0 -0.378246 0.925705
707.800000000 36.3515 -1.36296 0 0 0 -0.374246 0.92733
707.900000000 36.4066 -1.41377 0 0 0 -0.370238 0.928937
708.000000000 36.4623 -1.4641 0 0 0 -0.366223 0.930527
708.100000000 36.5183 -1.51395 0 0 0 -0.362201 0.9321
708.200000000 36.5748 -1.56331 0 0 0 -0.358173 0.933655
708.300000000 36.6337 -1.60994 0 0 0 -0.347166 0.937804
708.400000000 36.6937 -1.65501 0 0 0 -0.335641 0.94199
708.500000000 36.7549 -1.6986 0 0 0 -0.324065 0.946035
708.600000000 36.8171 -1.74068 0 0 0 -0.312441 0.949937
708.700000000 36.8803 -1.78122 0 0 0 -0.30077 0.953697
708.800000000 36.9445 -1.82019 0 0 0 -0.289053 0.957313
708.900000000 37.0096 -1.85758 0 0 0 -0.277293 0.960785
709.000000000 37.0757 -1.89336 0 0 0 -0.265492 0.964113
709.100000000 37.1426 -1.92751 0 0 0 -0.25365 0.967296
709.200000000 37.2103 -1.96001 0 0 0 -0.241771 0.970333
709.300000000 37.2761 -1.98858 0 0 0 -0.227986 0.973664
709.400000000 37.3427 -2.01526 0 0 0 -0.214156 0.9768
709.500000000 37.4101 -2.04005 0 0 0 -0.200282 0.979738
709.600000000 37.4782 -2.06291 0 0 0 -0.186368 0.98248
709.700000000 37.5468 -2.08384 0 0 0 -0.172417 0.985024
709.800000000 37.616 -2.10281 0 0 0 -0.158431 0.98737
709.900000000 37.6858 -2.11981 0 0 0 -0.144413 0.989518
710.000000000 37.756 -2.13483 0 0 0 -0.130366 0.991466
710.100000000 37.825 -2.14755 0 0 0 -0.116615 0.993177
710.200000000 37.8926 -2.1581 0 0 0 -0.103169 0.994664
710.300000000 37.9651 -2.1697 0 0 0 -0.0944094 0.995533
710.400000000 38.0393 -2.1805 0 0 0 -0.0860613 0.99629
710.500000000 38.1105 -2.18963 0 0 0 -0.0780787 0.996947
710.600000000 38.1801 -2.19743 0 0 0 -0.0702768 0.997528
710.700000000 38.2481 -2.20398 0 0 0 -0.0626566 0.998035
710.800000000 38.313 -2.20922 0 0 0 -0.0554046 0.998464
710.900000000 38.3762 -2.21342 0 0 0 -0.0483358 0.998831
711.000000000 38.4362 -2.21654 0 0 0 -0.0416369 0.999133
711.100000000 38.4945 -2.21879 0 0 0 -0.0351221 0.999383
711.200000000 38.5529 -2.22028 0 0 0 -0.0286059 0.999591
711.300000000 38.6245 -2.22235 0 0 0 -0.0235078 0.999724
711.400000000 38.6929 -2.22361 0 0 0 -0.0186463 0.999826
711.500000000 38.7595 -2.2242 0 0 0 -0.0139029 0.999903
711.600000000 38.8346 -2.2238 0 0 0 -0.0076738 0.999971
711.700000000 38.9096 -2.22246 0 0 0 -0.0014444 0.999999
711.800000000 38.9846 -2.22018 0 0 0 0.00478505 0.999989
711.900000000 39.0595 -2.21697 0 0 0 0.0110143 0.999939
712.000000000 39.1344 -2.21283 0 0 0 0.0172431 0.999851
712.100000000 39.2093 -2.20775 0 0 0 0.0234713 0.999725
712.200000000 39.2841 -2.20175 0 0 0 0.0296986 0.999559
712.300000000 39.3588 -2.19481 0 0 0 0.0359247 0.999355
712.400000000 39.4334 -2.18694 0 0 0 0.0421494 0.999111
712.500000000 39.5079 -2.17814 0 0 0 0.0483725 0.998829
712.600000000 39.5823 -2.16841 0 0 0 0.0545937 0.998509
712.700000000 39.6566 -2.15776 0 0 0 0.0608127 0.998149
712.800000000 39.7307 -2.14618 0 0 0 0.0670295 0.997751
712.900000000 39.8047 -2.13368 0 0 0 0.0732436 0.997314
713.000000000 39.8785 -2.12027 0 0 0 0.0794549 0.996838
713.100000000 39.9525 -2.10838 0 0 0 0.0794549 0.996838
713.200000000 40.0266 -2.09681 0 0 0 0.078684 0.9969
713.300000000 40.1013 -2.08887 0 0 0 0.0690305 0.997615
713.400000000 40.1761 -2.0826 0 0 0 0.0588364 0.998268
713.500000000 40.251 -2.07785 0 0 0 0.0486361 0.998817
713.600000000 40.326 -2.07463 0 0 0 0.0384308 0.999261
713.700000000 40.4011 -2.07295 0 0 0 0.0282215 0.999602
713.800000000 40.4761 -2.0728 0 0 0 0.0180092 0.999838
713.900000000 40.5512 -2.07418 0 0 0 0.00779507 0.99997
714.000000000 40.6262 -2.0771 0 0 0 -0.00241989 0.999997
714.100000000 40.7011 -2.08155 0 0 0 -0.0126346 0.99992
714.200000000 40.776 -2.08753 0 0 0 -0.022848 0.999739
714.300000000 40.8508 -2.09268 0 0 0 -0.0271648 0.999631
714.400000000 40.9256 -2.09847 0 0 0 -0.0314812 0.999504
714.500000000 41.0003 -2.10492 0 0 0 -0.0357969 0.999359
714.600000000 41.075 -2.11201 0 0 0 -0.040112 0.999195
714.700000000 41.1496 -2.11974 0 0 0 -0.0444264 0.999013
714.800000000 41.2242 -2.12812 0 0 0 -0.0487399 0.998812
714.900000000 41.2986 -2.13714 0 0 0 -0.0530525 0.998592
715.000000000 41.373 -2.1468 0 0 0 -0.0573641 0.998353
715.100000000 41.4473 -2.15711 0 0 0 -0.0616746 0.998096
715.200000000 41.5215 -2.16805 0 0 0 -0.065984 0.997821
715.300000000 41.5959 -2.17762 0 0 0 -0.0652124 0.997871
715.400000000 41.6704 -2.18678 0 0 0 -0.0636921 0.99797
715.500000000 41.7448 -2.19571 0 0 0 -0.0621717 0.998065
715.600000000 41.8193 -2.20441 0 0 0 -0.0606511 0.998159
715.700000000 41.8938 -2.21289 0 0 0 -0.0591304 0.99825
715.800000000 41.9684 -2.22114 0 0 0 -0.0576096 0.998339
715.900000000 42.043 -2.22916 0 0 0 -0.0560886 0.998426
716.000000000 42.1175 -2.23695 0 0 0 -0.0545675 0.99851
716.100000000 42.1922 -2.24452 0 0 0 -0.0530463 0.998592
716.200000000 42.2668 -2.25186 0 0 0 -0.0515249 0.998672
716.300000000 42.3416 -2.25813 0 0 0 -0.0478814 0.998853
716.400000000 42.4164 -2.26358 0 0 0 -0.0435678 0.99905
716.500000000 42.4912 -2.26839 0 0 0 -0.0392533 0.999229
716.600000000 42.5661 -2.27255 0 0 0 -0.034938 0.999389
716.700000000 42.6411 -2.27606 0 0 0 -0.0306222 0.999531
716.800000000 42.716 -2.27893 0 0 0 -0.0263057 0.999654
716.900000000 42.791 -2.28115 0 0 0 -0.0219888 0.999758
717.000000000 42.866 -2.28272 0 0 0 -0.0176714 0.999844
717.100000000 42.941 -2.28364 0 0 0 -0.0133537 0.999911
717.200000000 43.016 -2.28392 0 0 0 -0.00903582 0.999959
717.300000000 43.091 -2.28497 0 0 0 -0.00826253 0.999966
717.400000000 43.166 -2.2859 0 0 0 -0.00748924 0.999972
717.500000000 43.241 -2.28671 0 0 0 -0.00671594 0.999977
717.600000000 43.316 -2.28741 0 0 0 -0.00594265 0.999982
717.700000000 43.391 -2.28799 0 0 0 -0.00516934 0.999987
717.800000000 43.466 -2.28846 0 0 0 -0.00439604 0.99999
717.900000000 43.541 -2.28881 0 0 0 -0.00362273 0.999993
718.000000000 43.616 -2.28904 0 0 0 -0.00284942 0.999996
718.100000000 43.691 -2.28916 0 0 0 -0.00207611 0.999998
718.200000000 43.766 -2.28916 0 0 0 -0.00130279 0.999999
718.300000000 43.841 -2.28905 0 0 0 -0.000529478 1
718.400000000 43.916 -2.28882 0 0 0 0.000243836 1
718.500000000 43.991 -2.28847 0 0 0 0.00101715 0.999999
718.600000000 44.066 -2.28801 0 0 0 0.00179046 0.999998
718.700000000 44.141 -2.28743 0 0 0 0.00256378 0.999997
718.800000000 44.216 -2.28674 0 0 0 0.00333709 0.999994
718.900000000 44.291 -2.28593 0 0 0 0.0041104 0.999992
719.000000000 44.3654 -2.28021 0 0 0 0.0168622 0.999858
719.100000000 44.422 -2.26973 0 0 0 0.0382956 0.999266
719.200000000 44.4619 -2.25489 0 0 0 0.0676166 0.997711
719.300000000 44.4826 -2.23665 0 0 0 0.105707 0.994397
719.400000000 44.4805 -2.21728 0 0 0 0.153769 0.988107
719.500000000 44.4735 -2.19856 0 0 0 0.202962 0.979187
719.600000000 44.4647 -2.18064 0 0 0 0.251647 0.967819
719.700000000 44.4541 -2.16369 0 0 0 0.299703 0.954032
719.800000000 44.4418 -2.14788 0 0 0 0.34701 0.937861
719.900000000 44.4281 -2.13337 0 0 0 0.39345 0.919346
720.000000000 44.4129 -2.12031 0 0 0 0.438907 0.898533
720.100000000 44.3966 -2.10882 0 0 0 0.483266 0.875473
720.200000000 44.3792 -2.09903 0 0 0 0.526418 0.850226
720.300000000 44.3608 -2.09102 0 0 0 0.568253 0.822854
720.400000000 44.3418 -2.08489 0 0 0 0.608669 0.793424
720.500000000 44.3223 -2.08068 0 0 0 0.647563 0.762012
720.600000000 44.3024 -2.07844 0 0 0 0.684838 0.728695
720.700000000 44.2824 -2.0782 0 0 0 0.720402 0.693557
720.800000000 44.2625 -2.07996 0 0 0 0.754165 0.656685
720.900000000 44.2429 -2.08369 0 0 0 0.786043 0.618172
721.000000000 44.2237 -2.08937 0 0 0 0.815956 0.578113
721.100000000 44.2052 -2.09694 0 0 0 0.84383 0.53661
721.200000000 44.1875 -2.10631 0 0 0 0.869595 0.493766
721.300000000 44.1709 -2.1174 0 0 0 0.893186 0.449687
721.400000000 44.1554 -2.13009 0 0 0 0.914545 0.404484
721.500000000 44.1413 -2.14426 0 0 0 0.933618 0.35827
721.600000000 44.1287 -2.15977 0 0 0 0.950357 0.311161
721.700000000 44.1177 -2.17646 0 0 0 0.964721 0.263274
721.800000000 44.1084 -2.19417 0 0 0 0.976674 0.214729
721.900000000 44.101 -2.21272 0 0 0 0.986185 0.165648
722.000000000 44.0954 -2.23191 0 0 0 0.993231 0.116152
722.100000000 44.0918 -2.25157 0 0 0 0.997795 0.0663659
722.200000000 44.0901 -2.27149 0 0 0 0.999865 0.016414
722.300000000 44.0657 -2.28578 0 0 0 0.999773 -0.0213218
722.400000000 44.0286 -2.29977 0 0 0 0.998631 -0.0523015
722.500000000 43.9917 -2.31594 0 0 0 0.996565 -0.0828186
722.600000000 43.9558 -2.33435 0 0 0 0.993566 -0.113258
722.700000000 43.921 -2.35492 0 0 0 0.989637 -0.143592
722.800000000 43.8877 -2.37757 0 0 0 0.984783 -0.173791
722.900000000 43.8557 -2.40222 0 0 0 0.979007 -0.203828
723.000000000 43.8253 -2.42877 0 0 0 0.972315 -0.233674
723.100000000 43.7966 -2.45714 0 0 0 0.964714 -0.263301
723.200000000 43.7543 -2.49263 0 0 0 0.958507 -0.28507
723.300000000 43.6975 -2.53649 0 0 0 0.954368 -0.298634
723.400000000 43.6386 -2.58307 0 0 0 0.950789 -0.309839
723.500000000 43.5808 -2.63103 0 0 0 0.947079 -0.321002
723.600000000 43.5241 -2.68033 0 0 0 0.943237 -0.33212
723.700000000 43.4687 -2.73096 0 0 0 0.939265 -0.343192
723.800000000 43.4144 -2.78287 0 0 0 0.935163 -0.354217
723.900000000 43.3614 -2.83605 0 0 0 0.930932 -0.365193
724.000000000 43.3096 -2.89045 0 0 0 0.926572 -0.376118
724.100000000 43.2592 -2.94606 0 0 0 0.922083 -0.386991
724.200000000 43.21 -3.00284 0 0 0 0.917467 -0.397811
724.300000000 43.1622 -3.06077 0 0 0 0.912725 -0.408575
724.400000000 43.1158 -3.1198 0 0 0 0.907855 -0.419283
724.500000000 43.0708 -3.1799 0 0 0 0.902861 -0.429933
724.600000000 43.0272 -3.24105 0 0 0 0.897741 -0.440524
724.700000000 42.9851 -3.30321 0 0 0 0.892497 -0.451053
724.800000000 42.9444 -3.36634 0 0 0 0.887129 -0.461521
724.900000000 42.9053 -3.43041 0 0 0 0.881639 -0.471924
725.000000000 42.8676 -3.49538 0 0 0 0.876027 -0.482262
725.100000000 42.8315 -3.56122 0 0 0 0.870294 -0.492533
725.200000000 42.797 -3.62789 0 0 0 -0.86444 0.502736
725.300000000 42.7752 -3.68287 0 0 0 -0.853882 0.520467
725.400000000 42.7658 -3.72593 0 0 0 -0.838672 0.544637
725.500000000 42.7693 -3.75478 0 0 0 -0.817809 0.57549
725.600000000 42.7868 -3.7633 0 0 0 -0.788961 0.614443
725.700000000 42.8064 -3.76722 0 0 0 -0.757266 0.653107
725.800000000 42.8263 -3.76916 0 0 0 -0.723678 0.690138
725.900000000 42.8463 -3.76911 0 0 0 -0.688281 0.725445
726.000000000 42.8662 -3.76706 0 0 0 -0.651163 0.758938
726.100000000 42.8858 -3.76304 0 0 0 -0.612418 0.790534
726.200000000 42.9048 -3.75709 0 0 0 -0.572143 0.820154
726.300000000 42.9232 -3.74925 0 0 0 -0.530437 0.847724
726.400000000 42.9408 -3.73962 0 0 0 -0.487406 0.873176
726.500000000 42.9572 -3.72829 0 0 0 -0.443156 0.896444
726.600000000 42.9725 -3.71538 0 0 0 -0.397799 0.917473
726.700000000 42.9864 -3.701 0 0 0 -0.351447 0.936208
726.800000000 42.9988 -3.68531 0 0 0 -0.304217 0.952603
726.900000000 43.0095 -3.66846 0 0 0 -0.256226 0.966617
727.000000000 43.0185 -3.65062 0 0 0 -0.207596 0.978215
727.100000000 43.0257 -3.63197 0 0 0 -0.158446 0.987368
727.200000000 43.0532 -3.62514 0 0 0 -0.12108 0.992643
727.300000000 43.0887 -3.62029 0 0 0 -0.0881406 0.996108
727.400000000 43.1247 -3.61343 0 0 0 -0.0555356 0.998457
727.500000000 43.1601 -3.60424 0 0 0 -0.0228711 0.999738
727.600000000 43.1949 -3.59275 0 0 0 0.00981771 0.999952
727.700000000 43.2288 -3.57901 0 0 0 0.0424961 0.999097
727.800000000 43.2617 -3.56309 0 0 0 0.075129 0.997174
727.900000000 43.2936 -3.54505 0 0 0 0.107682 0.994185
728.000000000 43.3242 -3.52496 0 0 0 0.140119 0.990135
728.100000000 43.3534 -3.50292 0 0 0 0.172407 0.985026
728.200000000 43.3811 -3.47902 0 0 0 0.204511 0.978864
728.300000000 43.4235 -3.44977 0 0 0 0.228534 0.973536
728.400000000 43.478 -3.41476 0 0 0 0.245764 0.96933
728.500000000 43.5321 -3.37758 0 0 0 0.262505 0.964931
728.600000000 43.5849 -3.33855 0 0 0 0.279166 0.960243
728.700000000 43.6362 -3.29771 0 0 0 0.295745 0.955267
728.800000000 43.6862 -3.25513 0 0 0 0.312234 0.950005
728.900000000 43.7346 -3.21084 0 0 0 0.32863 0.944459
729.000000000 43.7815 -3.1649 0 0 0 0.344928 0.938629
729.100000000 43.8267 -3.11737 0 0 0 0.361122 0.932519
729.200000000 43.8703 -3.06829 0 0 0 0.377208 0.926128
729.300000000 43.9219 -3.01378 0 0 0 0.384079 0.9233
729.400000000 43.9747 -2.96059 0 0 0 0.384079 0.9233
729.500000000 44.0278 -2.90761 0 0 0 0.383364 0.923597
729.600000000 44.081 -2.85472 0 0 0 0.38265 0.923893
729.700000000 44.1343 -2.80191 0 0 0 0.381936 0.924189
729.800000000 44.1876 -2.74918 0 0 0 0.381221 0.924484
729.900000000 44.241 -2.69654 0 0 0 0.380506 0.924779
730.000000000 44.2945 -2.64398 0 0 0 0.37979 0.925073
730.100000000 44.3481 -2.5915 0 0 0 0.379075 0.925366
730.200000000 44.4018 -2.5391 0 0 0 0.378359 0.925659
730.300000000 44.4555 -2.48679 0 0 0 0.377643 0.925951
730.400000000 44.5093 -2.43456 0 0 0 0.376927 0.926243
730.500000000 44.5632 -2.38241 0 0 0 0.376211 0.926534
730.600000000 44.6172 -2.33034 0 0 0 0.375494 0.926825
730.700000000 44.6713 -2.27836 0 0 0 0.374777 0.927115
730.800000000 44.7254 -2.22647 0 0 0 0.37406 0.927404
730.900000000 44.7797 -2.17465 0 0 0 0.373343 0.927693
731.000000000 44.8369 -2.12678 0 0 0 0.361482 0.932379
731.100000000 44.8913 -2.08573 0 0 0 0.346519 0.938043
731.200000000 44.9465 -2.04717 0 0 0 0.331051 0.943613
731.300000000 44.998 -2.01639 0 0 0 0.311894 0.950117
731.400000000 45.05 -1.98833 0 0 0 0.292222 0.95635
731.500000000 45.1032 -1.96244 0 0 0 0.272425 0.962177
731.600000000 45.1574 -1.93877 0 0 0 0.252512 0.967594
731.700000000 45.2125 -1.91736 0 0 0 0.232492 0.972598
731.800000000 45.2684 -1.89824 0 0 0 0.212373 0.977189
731.900000000 45.3251 -1.88144 0 0 0 0.192163 0.981363
732.000000000 45.3825 -1.867 0 0 0 0.171871 0.985119
732.100000000 45.4404 -1.85494 0 0 0 0.151506 0.988456
732.200000000 45.4987 -1.84527 0 0 0 0.131077 0.991372
732.300000000 45.562 -1.83577 0 0 0 0.113052 0.993589
732.400000000 45.6263 -1.82821 0 0 0 0.0954121 0.995438
732.500000000 45.6909 -1.82294 0 0 0 0.0777421 0.996974
732.600000000 45.7556 -1.81997 0 0 0 0.0600477 0.998196
732.700000000 45.8204 -1.81929 0 0 0 0.0423343 0.999104
732.800000000 45.8852 -1.82091 0 0 0 0.0246077 0.999697
732.900000000 45.9498 -1.82483 0 0 0 0.00687327 0.999976
733.000000000 46.0143 -1.83103 0 0 0 -0.0108633 0.999941
733.100000000 46.0786 -1.83952 0 0 0 -0.0285964 0.999591
733.200000000 46.1425 -1.85029 0 0 0 -0.0463206 0.998927
733.300000000 46.2168 -1.86064 0 0 0 -0.0548876 0.998493
733.400000000 46.291 -1.87181 0 0 0 -0.0623046 0.998057
733.500000000 46.365 -1.88409 0 0 0 -0.069718 0.997567
733.600000000 46.4388 -1.89746 0 0 0 -0.0771277 0.997021
733.700000000 46.5125 -1.91193 0 0 0 -0.0845331 0.996421
733.800000000 46.5859 -1.92749 0 0 0 -0.0919338 0.995765
733.900000000 46.659 -1.94414 0 0 0 -0.0993294 0.995055
734.000000000 46.732 -1.96187 0 0 0 -0.10672 0.994289
734.100000000 46.8046 -1.98069 0 0 0 -0.114104 0.993469
734.200000000 46.877 -2.00058 0 0 0 -0.121482 0.992594
734.300000000 46.9499 -2.01808 0 0 0 -0.119969 0.992778
734.400000000 47.0229 -2.03507 0 0 0 -0.117734 0.993045
734.500000000 47.0961 -2.05173 0 0 0 -0.115497 0.993308
734.600000000 47.1693 -2.06806 0 0 0 -0.11326 0.993565
734.700000000 47.2425 -2.08406 0 0 0 -0.111023 0.993818
734.800000000 47.3159 -2.09973 0 0 0 -0.108785 0.994065
734.900000000 47.3893 -2.11507 0 0 0 -0.106546 0.994308
735.000000000 47.4628 -2.13008 0 0 0 -0.104307 0.994545
735.100000000 47.5364 -2.14476 0 0 0 -0.102067 0.994778
735.200000000 47.6102 -2.15804 0 0 0 -0.0971206 0.995273
735.300000000 47.6841 -2.17059 0 0 0 -0.0921717 0.995743
735.400000000 47.7582 -2.1824 0 0 0 -0.0872205 0.996189
735.500000000 47.8324 -2.19347 0 0 0 -0.0822672 0.99661
735.600000000 47.9067 -2.20381 0 0 0 -0.0773118 0.997007
735.700000000 47.9811 -2.2134 0 0 0 -0.0723545 0.997379
735.800000000 48.0556 -2.22226 0 0 0 -0.0673955 0.997726
735.900000000 48.1302 -2.23038 0 0 0 -0.0624347 0.998049
736.000000000 48.2048 -2.23775 0 0 0 -0.0574724 0.998347
736.100000000 48.2796 -2.24438 0 0 0 -0.0525087 0.99862
736.200000000 48.3543 -2.25026 0 0 0 -0.0475438 0.998869
736.300000000 48.4292 -2.25541 0 0 0 -0.0425776 0.999093
736.400000000 48.5041 -2.25981 0 0 0 -0.0376104 0.999292
736.500000000 48.579 -2.26346 0 0 0 -0.0326422 0.999467
736.600000000 48.654 -2.26637 0 0 0 -0.0276733 0.999617
736.700000000 48.7289 -2.26853 0 0 0 -0.0227036 0.999742
736.800000000 48.804 -2.26995 0 0 0 -0.0177334 0.999843
736.900000000 48.879 -2.27062 0 0 0 -0.0127628 0.999919
737.000000000 48.954 -2.2698 0 0 0 -0.00592665 0.999982
737.100000000 49.029 -2.26796 0 0 0 0.000909751 1
737.200000000 49.104 -2.26509 0 0 0 0.00774611 0.99997
737.300000000 49.1789 -2.26247 0 0 0 0.0113939 0.999935
737.400000000 49.2539 -2.25957 0 0 0 0.0143532 0.999897
737.500000000 49.3288 -2.25624 0 0 0 0.0173124 0.99985
737.600000000 49.4037 -2.25246 0 0 0 0.0202714 0.999795
737.700000000 49.4786 -2.24824 0 0 0 0.0232302 0.99973
737.800000000 49.5535 -2.24357 0 0 0 0.0261889 0.999657
737.900000000 49.6283 -2.23846 0 0 0 0.0291473 0.999575
738.000000000 49.7031 -2.23291 0 0 0 0.0321054 0.999484
738.100000000 49.7779 -2.22691 0 0 0 0.0350633 0.999385
738.200000000 49.8528 -2.22311 0 0 0 0.0314173 0.999506
738.300000000 49.9277 -2.21986 0 0 0 0.0277709 0.999614
738.400000000 50.0027 -2.21715 0 0 0 0.0241242 0.999709
738.500000000 50.0777 -2.21499 0 0 0 0.0204771 0.99979
738.600000000 50.1527 -2.21338 0 0 0 0.0168297 0.999858
738.700000000 50.2277 -2.21232 0 0 0 0.0131822 0.999913
738.800000000 50.3027 -2.2118 0 0 0 0.00953443 0.999955
738.900000000 50.3777 -2.21183 0 0 0 0.00588656 0.999983
739.000000000 50.4527 -2.2124 0 0 0 0.0022386 0.999997
739.100000000 50.5277 -2.21353 0 0 0 -0.00140938 0.999999
739.200000000 50.6027 -2.21573 0 0 0 -0.00638056 0.99998
739.300000000 50.6776 -2.21841 0 0 0 -0.0106986 0.999943
739.400000000 50.7526 -2.222 0 0 0 -0.0156694 0.999877
739.500000000 50.8275 -2.22634 0 0 0 -0.0206398 0.999787
739.600000000 50.9023 -2.23116 0 0 0 -0.0249569 0.999689
739.700000000 50.9771 -2.23689 0 0 0 -0.0299262 0.999552
739.800000000 51.0519 -2.24256 0 0 0 -0.0328843 0.999459
739.900000000 51.1265 -2.25021 0 0 0 -0.0397162 0.999211
740.000000000 51.2011 -2.25889 0 0 0 -0.0465463 0.998916
740.100000000 51.2755 -2.26859 0 0 0 -0.0533741 0.998575
740.200000000 51.3497 -2.2793 0 0 0 -0.0601995 0.998186
740.300000000 51.424 -2.28949 0 0 0 -0.0631534 0.998004
740.400000000 51.4983 -2.30011 0 0 0 -0.0661068 0.997813
740.500000000 51.5725 -2.31118 0 0 0 -0.0690595 0.997613
740.600000000 51.6466 -2.32269 0 0 0 -0.0720117 0.997404
740.700000000 51.7206 -2.33463 0 0 0 -0.0749632 0.997186
740.800000000 51.7946 -2.34701 0 0 0 -0.0779141 0.99696
740.900000000 51.8685 -2.35984 0 0 0 -0.0808643 0.996725
741.000000000 51.9423 -2.37309 0 0 0 -0.0838138 0.996481
741.100000000 52.0161 -2.38679 0 0 0 -0.0867625 0.996229
741.200000000 52.0898 -2.40092 0 0 0 -0.0897105 0.995968
741.300000000 52.1638 -2.41316 0 0 0 -0.0867625 0.996229
741.400000000 52.2379 -2.42468 0 0 0 -0.0831278 0.996539
741.500000000 52.3121 -2.43567 0 0 0 -0.0794918 0.996836
741.600000000 52.3864 -2.44611 0 0 0 -0.0758549 0.997119
741.700000000 52.4607 -2.45602 0 0 0 -0.0722169 0.997389
741.800000000 52.5351 -2.46537 0 0 0 -0.068578 0.997646
741.900000000 52.6096 -2.47419 0 0 0 -0.0649381 0.997889
742.000000000 52.6842 -2.48246 0 0 0 -0.0612974 0.99812
742.100000000 52.7588 -2.49019 0 0 0 -0.0576559 0.998337
742.200000000 52.8334 -2.49738 0 0 0 -0.0540136 0.99854
742.300000000 52.9082 -2.50401 0 0 0 -0.0503706 0.998731
742.400000000 52.9829 -2.51011 0 0 0 -0.0467269 0.998908
742.500000000 53.0577 -2.51566 0 0 0 -0.0430826 0.999072
742.600000000 53.1326 -2.52066 0 0 0 -0.0394378 0.999222
742.700000000 53.2074 -2.52511 0 0 0 -0.0357924 0.999359
742.800000000 53.2823 -2.52902 0 0 0 -0.0321465 0.999483
742.900000000 53.3532 -2.52772 0 0 0 -0.0175065 0.999847
743.000000000 53.4072 -2.52039 0 0 0 0.00552506 0.999985
743.100000000 53.4447 -2.50759 0 0 0 0.0365189 0.999333
743.200000000 53.4622 -2.49015 0 0 0 0.0767715 0.997049
743.300000000 53.4597 -2.47064 0 0 0 0.12574 0.992063
743.400000000 53.4538 -2.45155 0 0 0 0.175165 0.984539
743.500000000 53.446 -2.43316 0 0 0 0.224153 0.974554
743.600000000 53.4363 -2.41563 0 0 0 0.27258 0.962133
743.700000000 53.425 -2.39916 0 0 0 0.320326 0.947307
743.800000000 53.4121 -2.38389 0 0 0 0.367271 0.930114
743.900000000 53.3977 -2.37 0 0 0 0.413299 0.910595
744.000000000 53.382 -2.3576 0 0 0 0.458293 0.888801
744.100000000 53.3652 -2.34684 0 0 0 0.502142 0.864785
744.200000000 53.3474 -2.33781 0 0 0 0.544736 0.838608
744.300000000 53.3287 -2.3306 0 0 0 0.585968 0.810334
744.400000000 53.3094 -2.3253 0 0 0 0.625735 0.780036
744.500000000 53.2897 -2.32194 0 0 0 0.663939 0.747787
744.600000000 53.2698 -2.32057 0 0 0 0.700483 0.713669
744.700000000 53.2498 -2.3212 0 0 0 0.735276 0.677768
744.800000000 53.23 -2.32381 0 0 0 0.768231 0.640172
744.900000000 53.2105 -2.3284 0 0 0 0.799267 0.600977
745.000000000 53.1916 -2.3349 0 0 0 0.828304 0.560279
745.100000000 53.1735 -2.34326 0 0 0 0.855271 0.518181
745.200000000 53.1562 -2.35339 0 0 0 0.8801 0.474787
745.300000000 53.1401 -2.36519 0 0 0 0.90273 0.430207
745.400000000 53.1252 -2.37854 0 0 0 0.923103 0.384552
745.500000000 53.1117 -2.39331 0 0 0 0.941169 0.337936
745.600000000 53.0998 -2.40935 0 0 0 0.956883 0.290474
745.700000000 53.0895 -2.42651 0 0 0 0.970205 0.242287
745.800000000 53.081 -2.4446 0 0 0 0.981101 0.193494
745.900000000 53.0744 -2.46345 0 0 0 0.989546 0.144218
746.000000000 53.0696 -2.48287 0 0 0 0.995517 0.094581
746.100000000 53.0669 -2.50267 0 0 0 0.999 0.0447077
746.200000000 53.0661 -2.52265 0 0 0 0.999986 -0.00527741
746.300000000 53.0423 -2.53798 0 0 0 0.999075 -0.0430023
746.400000000 53.0025 -2.55319 0 0 0 0.997382 -0.0723156
746.500000000 52.962 -2.57063 0 0 0 0.99491 -0.100765
746.600000000 52.9226 -2.59035 0 0 0 0.991627 -0.129133
746.700000000 52.8844 -2.61228 0 0 0 0.987536 -0.157396
746.800000000 52.8475 -2.63636 0 0 0 0.982639 -0.18553
746.900000000 52.8121 -2.66251 0 0 0 0.97694 -0.213512
747.000000000 52.7781 -2.69064 0 0 0 0.970445 -0.241321
747.100000000 52.7459 -2.72066 0 0 0 0.963159 -0.268933
747.200000000 52.7154 -2.75247 0 0 0 0.955087 -0.296325
747.300000000 52.6868 -2.78597 0 0 0 0.946236 -0.323476
747.400000000 52.6601 -2.82106 0 0 0 0.936614 -0.350363
747.500000000 52.6355 -2.8576 0 0 0 0.926228 -0.376965
747.600000000 52.613 -2.89549 0 0 0 0.915086 -0.403259
747.700000000 52.5927 -2.9346 0 0 0 0.903198 -0.429224
747.800000000 52.5747 -2.97481 0 0 0 0.890574 -0.454839
747.900000000 52.559 -3.01598 0 0 0 0.877223 -0.480083
748.000000000 52.5395 -3.06444 0 0 0 -0.865342 0.501181
748.100000000 52.5218 -3.1144 0 0 0 -0.853159 0.521651
748.200000000 52.5065 -3.16514 0 0 0 -0.840492 0.541824
748.300000000 52.4848 -3.22889 0 0 0 -0.831471 0.555568
748.400000000 52.4643 -3.29483 0 0 0 -0.82273 0.568433
748.500000000 52.4457 -3.36138 0 0 0 -0.81379 0.581159
748.600000000 52.4293 -3.42847 0 0 0 -0.804653 0.593746
748.700000000 52.4149 -3.49604 0 0 0 -0.795321 0.606188
748.800000000 52.4027 -3.56403 0 0 0 -0.785797 0.618484
748.900000000 52.3926 -3.63236 0 0 0 -0.776083 0.630631
749.000000000 52.3846 -3.70097 0 0 0 -0.766181 0.642625
749.100000000 52.3788 -3.7698 0 0 0 -0.756094 0.654463
749.200000000 52.3718 -3.84454 0 0 0 -0.749723 0.661751
749.300000000 52.3662 -3.91938 0 0 0 -0.743647 0.668572
749.400000000 52.3618 -3.99432 0 0 0 -0.737509 0.675337
749.500000000 52.3589 -4.06931 0 0 0 -0.73131 0.682045
749.600000000 52.3573 -4.14435 0 0 0 -0.725049 0.688697
749.700000000 52.3571 -4.21941 0 0 0 -0.718728 0.695291
749.800000000 52.3583 -4.29445 0 0 0 -0.712347 0.701827
749.900000000 52.3608 -4.36947 0 0 0 -0.705907 0.708305
750.000000000 52.3647 -4.44442 0 0 0 -0.699407 0.714723
750.100000000 52.3728 -4.51127 0 0 0 -0.687563 0.726125
750.200000000 52.383 -4.57783 0 0 0 -0.675532 0.73733
750.300000000 52.3954 -4.64401 0 0 0 -0.66332 0.748336
750.400000000 52.4099 -4.70974 0 0 0 -0.650927 0.75914
750.500000000 52.4267 -4.77497 0 0 0 -0.638359 0.769739
750.600000000 52.4455 -4.8396 0 0 0 -0.625619 0.780129
750.700000000 52.4665 -4.90359 0 0 0 -0.612709 0.790309
750.800000000 52.4896 -4.96685 0 0 0 -0.599633 0.800275
750.900000000 52.5147 -5.02931 0 0 0 -0.586396 0.810024
751.000000000 52.5398 -5.07426 0 0 0 -0.566288 0.824207
751.100000000 52.5643 -5.10149 0 0 0 -0.539046 0.842276
751.200000000 52.5856 -5.1072 0 0 0 -0.502713 0.864454
751.300000000 52.603 -5.09798 0 0 0 -0.459567 0.888143
751.400000000 52.6187 -5.08563 0 0 0 -0.414604 0.910002
751.500000000 52.6332 -5.07177 0 0 0 -0.368604 0.929586
751.600000000 52.6461 -5.05655 0 0 0 -0.321684 0.946847
751.700000000 52.6575 -5.0401 0 0 0 -0.273959 0.961741
751.800000000 52.6672 -5.02261 0 0 0 -0.22555 0.974232
751.900000000 52.675 -5.00423 0 0 0 -0.176577 0.984287
752.000000000 52.681 -4.98516 0 0 0 -0.127162 0.991882
752.100000000 52.6851 -4.96559 0 0 0 -0.0774296 0.996998
752.200000000 52.6872 -4.94571 0 0 0 -0.0275037 0.999622
752.300000000 52.7119 -4.93197 0 0 0 0.0102307 0.999948
752.400000000 52.7526 -4.9194 0 0 0 0.0395838 0.999216
752.500000000 52.7941 -4.90465 0 0 0 0.0680994 0.997679
752.600000000 52.8348 -4.88755 0 0 0 0.0965595 0.995327
752.700000000 52.8743 -4.86817 0 0 0 0.124941 0.992164
752.800000000 52.9127 -4.84656 0 0 0 0.15322 0.988192
752.900000000 52.949 -4.82288 0 0 0 0.18177 0.983341
753.000000000 52.9822 -4.79743 0 0 0 0.210958 0.977495
753.100000000 53.0122 -4.77043 0 0 0 0.240754 0.970586
753.200000000 53.0562 -4.73695 0 0 0 0.262662 0.964888
753.300000000 53.115 -4.69579 0 0 0 0.276319 0.961066
753.400000000 53.1744 -4.65229 0 0 0 0.289014 0.957325
753.500000000 53.2327 -4.60723 0 0 0 0.30166 0.953416
753.600000000 53.2897 -4.56065 0 0 0 0.314252 0.949339
753.700000000 53.3455 -4.51257 0 0 0 0.32679 0.945097
753.800000000 53.4 -4.46303 0 0 0 0.33927 0.940689
753.900000000 53.4532 -4.41207 0 0 0 0.351691 0.936116
754.000000000 53.505 -4.35972 0 0 0 0.36405 0.931379
754.100000000 53.5554 -4.30601 0 0 0 0.376345 0.926479
754.200000000 53.6043 -4.25099 0 0 0 0.388575 0.921417
754.300000000 53.656 -4.19666 0 0 0 0.390649 0.92054
754.400000000 53.7079 -4.1425 0 0 0 0.39136 0.920237
754.500000000 53.7597 -4.08827 0 0 0 0.392072 0.919935
754.600000000 53.8114 -4.03395 0 0 0 0.392783 0.919631
754.700000000 53.8631 -3.97955 0 0 0 0.393494 0.919327
754.800000000 53.9146 -3.92508 0 0 0 0.394205 0.919023
754.900000000 53.9661 -3.87052 0 0 0 0.394916 0.918717
755.000000000 54.0175 -3.81589 0 0 0 0.395626 0.918412
755.100000000 54.0688 -3.76117 0 0 0 0.396336 0.918106
755.200000000 54.1206 -3.70701 0 0 0 0.394937 0.918708
755.300000000 54.1729 -3.65321 0 0 0 0.392867 0.919595
755.400000000 54.2254 -3.59964 0 0 0 0.390796 0.920478
755.500000000 54.2781 -3.54631 0 0 0 0.388722 0.921355
755.600000000 54.3311 -3.49321 0 0 0 0.386646 0.922228
755.700000000 54.3843 -3.44036 0 0 0 0.384569 0.923096
755.800000000 54.4378 -3.38775 0 0 0 0.382489 0.92396
755.900000000 54.4915 -3.33538 0 0 0 0.380408 0.924819
756.000000000 54.5454 -3.28325 0 0 0 0.378324 0.925673
756.100000000 54.5996 -3.23136 0 0 0 0.376239 0.926523
756.200000000 54.6539 -3.17972 0 0 0 0.374152 0.927368
756.300000000 54.7086 -3.12832 0 0 0 0.372062 0.928208
756.400000000 54.7634 -3.07717 0 0 0 0.369971 0.929043
756.500000000 54.8185 -3.02627 0 0 0 0.367878 0.929874
756.600000000 54.8738 -2.97562 0 0 0 0.365784 0.9307
756.700000000 54.9294 -2.92521 0 0 0 0.363687 0.931521
756.800000000 54.9851 -2.87506 0 0 0 0.361589 0.932338
756.900000000 55.0405 -2.82449 0 0 0 0.361589 0.932338
757.000000000 55.0959 -2.77392 0 0 0 0.361589 0.932338
757.100000000 55.1513 -2.72335 0 0 0 0.361589 0.932338
757.200000000 55.2067 -2.67278 0 0 0 0.361589 0.932338
757.300000000 55.2617 -2.62177 0 0 0 0.363009 0.931786
757.400000000 55.3165 -2.57058 0 0 0 0.364428 0.931232
757.500000000 55.3712 -2.51923 0 0 0 0.365846 0.930675
757.600000000 55.4257 -2.46771 0 0 0 0.367263 0.930117
757.700000000 55.48 -2.41603 0 0 0 0.36868 0.929556
757.800000000 55.5342 -2.36418 0 0 0 0.370096 0.928994
757.900000000 55.5882 -2.31216 0 0 0 0.37151 0.928429
758.000000000 55.6421 -2.25998 0 0 0 0.372924 0.927862
758.100000000 55.6958 -2.20764 0 0 0 0.374337 0.927293
758.200000000 55.7498 -2.15557 0 0 0 0.374337 0.927293
758.300000000 55.8038 -2.10351 0 0 0 0.374337 0.927293
758.400000000 55.8578 -2.05144 0 0 0 0.374337 0.927293
758.500000000 55.9118 -1.99937 0 0 0 0.374337 0.927293
758.600000000 55.9657 -1.9473 0 0 0 0.374337 0.927293
758.700000000 56.0197 -1.89523 0 0 0 0.374337 0.927293
758.800000000 56.0737 -1.84317 0 0 0 0.374337 0.927293
758.900000000 56.1277 -1.7911 0 0 0 0.374337 0.927293
759.000000000 56.1817 -1.73903 0 0 0 0.374337 0.927293
759.100000000 56.2356 -1.68696 0 0 0 0.374337 0.927293
759.200000000 56.2896 -1.63489 0 0 0 0.374337 0.927293
759.300000000 56.3414 -1.58054 0 0 0 0.381753 0.924264
759.400000000 56.3921 -1.5252 0 0 0 0.389667 0.920956
759.500000000 56.4416 -1.46885 0 0 0 0.398063 0.917358
759.600000000 56.4902 -1.4116 0 0 0 0.406426 0.913684
759.700000000 56.5377 -1.35348 0 0 0 0.414755 0.909933
759.800000000 56.5841 -1.2945 0 0 0 0.42305 0.906107
759.900000000 56.6294 -1.23468 0 0 0 0.431309 0.902204
760.000000000 56.6736 -1.17404 0 0 0 0.439532 0.898227
760.100000000 56.7168 -1.11261 0 0 0 0.447718 0.894175
760.200000000 56.7558 -1.05127 0 0 0 0.459937 0.887952
760.300000000 56.7932 -0.988889 0 0 0 0.472069 0.881562
760.400000000 56.8288 -0.925506 0 0 0 0.484112 0.875006
760.500000000 56.8626 -0.86117 0 0 0 0.496064 0.868286
760.600000000 56.8947 -0.795929 0 0 0 0.507923 0.861402
760.700000000 56.925 -0.729833 0 0 0 0.519687 0.854357
760.800000000 56.9535 -0.66293 0 0 0 0.531353 0.847151
760.900000000 56.9801 -0.595273 0 0 0 0.542918 0.839785
761.000000000 57.0049 -0.52691 0 0 0 0.554382 0.832262
761.100000000 57.0278 -0.457895 0 0 0 0.565742 0.824582
761.200000000 57.0502 -0.386211 0 0 0 0.57581 0.817584
761.300000000 57.0708 -0.314 0 0 0 0.585791 0.810462
761.400000000 57.0892 -0.242927 0 0 0 0.595405 0.803426
761.500000000 57.1056 -0.173058 0 0 0 0.604719 0.796439
761.600000000 57.1197 -0.106091 0 0 0 0.613523 0.789677
761.700000000 57.132 -0.0404681 0 0 0 0.62204 0.782986
761.800000000 57.1425 0.0237598 0 0 0 0.630273 0.776374
761.900000000 57.1515 0.0865456 0 0 0 0.638228 0.769848
762.000000000 57.1588 0.146191 0 0 0 0.645702 0.76359
762.100000000 57.1647 0.204308 0 0 0 0.652909 0.757437
762.200000000 57.1695 0.260865 0 0 0 0.659854 0.751394
762.300000000 57.173 0.315834 0 0 0 0.666542 0.745468
762.400000000 57.1755 0.369192 0 0 0 0.672976 0.739665
762.500000000 57.177 0.420917 0 0 0 0.67916 0.73399
762.600000000 57.1776 0.469324 0 0 0 0.684903 0.728634
762.700000000 57.1775 0.516066 0 0 0 0.690407 0.723421
762.800000000 57.1766 0.5628 0 0 0 0.695872 0.718166
762.900000000 57.1764 0.607824 0 0 0 0.698948 0.715173
763.000000000 57.1757 0.651177 0 0 0 0.701898 0.712278
763.100000000 57.1747 0.692857 0 0 0 0.704723 0.709483
763.200000000 57.1735 0.73286 0 0 0 0.707425 0.706789
763.300000000 57.1722 0.774522 0 0 0 0.709517 0.704688
763.400000000 57.1708 0.81451 0 0 0 0.71152 0.702666
763.500000000 57.1693 0.852824 0 0 0 0.713434 0.700722
763.600000000 57.1675 0.889463 0 0 0 0.71526 0.698858
763.700000000 57.1657 0.924428 0 0 0 0.716999 0.697075
763.800000000 57.1638 0.959384 0 0 0 0.718732 0.695287
763.900000000 57.1617 0.992665 0 0 0 0.72038 0.69358
764.000000000 57.1596 1.02427 0 0 0 0.721941 0.691955
764.100000000 57.1574 1.05587 0 0 0 0.723498 0.690326
764.200000000 57.1551 1.0858 0 0 0 0.72497 0.68878
764.300000000 57.1534 1.11742 0 0 0 0.725142 0.6886
764.400000000 57.1517 1.14737 0 0 0 0.725304 0.688429
764.500000000 57.1501 1.17733 0 0 0 0.725466 0.688258
764.600000000 57.1485 1.20561 0 0 0 0.725619 0.688097
764.700000000 57.1469 1.2339 0 0 0 0.725772 0.687935
764.800000000 57.1454 1.26053 0 0 0 0.725916 0.687783
764.900000000 57.144 1.28549 0 0 0 0.726051 0.68764
765.000000000 57.1425 1.31045 0 0 0 0.726186 0.687498
765.100000000 57.1412 1.33374 0 0 0 0.726312 0.687365
765.200000000 57.1399 1.35704 0 0 0 0.726312 0.687365
765.300000000 57.1387 1.37867 0 0 0 0.726312 0.687365
765.400000000 57.1375 1.40031 0 0 0 0.726312 0.687365
765.500000000 57.1364 1.42028 0 0 0 0.726312 0.687365
765.600000000 57.1353 1.44024 0 0 0 0.726312 0.687365
765.700000000 57.1341 1.46188 0 0 0 0.726312 0.687365
765.800000000 57.133 1.48185 0 0 0 0.726312 0.687365
765.900000000 57.1318 1.50348 0 0 0 0.726312 0.687365
766.000000000 57.1307 1.52345 0 0 0 0.726312 0.687365
766.100000000 57.1296 1.54342 0 0 0 0.726312 0.687365
766.200000000 57.1286 1.56173 0 0 0 0.726312 0.687365
766.300000000 57.1275 1.5817 0 0 0 0.726312 0.687365
766.400000000 57.1264 1.60167 0 0 0 0.726312 0.687365
766.500000000 57.1254 1.61997 0 0 0 0.726312 0.687365
766.600000000 57.1243 1.63994 0 0 0 0.726312 0.687365
766.700000000 57.1232 1.65991 0 0 0 0.726312 0.687365
766.800000000 57.1221 1.67988 0 0 0 0.726312 0.687365
766.900000000 57.121 1.69985 0 0 0 0.726312 0.687365
767.000000000 57.1199 1.71982 0 0 0 0.726312 0.687365
767.100000000 57.1187 1.74145 0 0 0 0.726312 0.687365
767.200000000 57.1176 1.76142 0 0 0 0.726312 0.687365
767.300000000 57.1165 1.78139 0 0 0 0.726312 0.687365
767.400000000 57.1155 1.7997 0 0 0 0.726312 0.687365
767.500000000 57.1144 1.81967 0 0 0 0.726312 0.687365
767.600000000 57.1133 1.83964 0 0 0 0.726312 0.687365
767.700000000 57.1123 1.85794 0 0 0 0.726312 0.687365
767.800000000 57.1112 1.87791 0 0 0 0.726312 0.687365
767.900000000 57.1101 1.89788 0 0 0 0.726312 0.687365
768.000000000 57.109 1.91785 0 0 0 0.726312 0.687365
768.100000000 57.1079 1.93782 0 0 0 0.726312 0.687365
768.200000000 57.1068 1.95779 0 0 0 0.726312 0.687365
768.300000000 57.1057 1.97776 0 0 0 0.726312 0.687365
768.400000000 57.1046 1.99773 0 0 0 0.726312 0.687365
768.500000000 57.1034 2.01937 0 0 0 0.726312 0.687365
768.600000000 57.1023 2.03933 0 0 0 0.726312 0.687365
768.700000000 57.1012 2.0593 0 0 0 0.726312 0.687365
768.800000000 57.1 2.08094 0 0 0 0.726312 0.687365
768.900000000 57.0989 2.10091 0 0 0 0.726312 0.687365
769.000000000 57.0978 2.12088 0 0 0 0.726312 0.687365
769.100000000 57.0967 2.14085 0 0 0 0.726312 0.687365
769.200000000 57.0956 2.16082 0 0 0 0.726312 0.687365
769.300000000 57.0945 2.18079 0 0 0 0.726312 0.687365
769.400000000 57.0934 2.20076 0 0 0 0.726312 0.687365
769.500000000 57.0922 2.22239 0 0 0 0.726312 0.687365
769.600000000 57.0911 2.24236 0 0 0 0.726312 0.687365
769.700000000 57.09 2.26233 0 0 0 0.726312 0.687365
769.800000000 57.089 2.28063 0 0 0 0.726312 0.687365
769.900000000 57.0879 2.3006 0 0 0 0.726312 0.687365
770.000000000 57.0868 2.32057 0 0 0 0.726312 0.687365
770.100000000 57.0857 2.34054 0 0 0 0.726312 0.687365
770.200000000 57.0846 2.36051 0 0 0 0.726312 0.687365
770.300000000 57.0835 2.38048 0 0 0 0.726312 0.687365
770.400000000 57.0824 2.40045 0 0 0 0.726312 0.687365
770.500000000 57.0813 2.42042 0 0 0 0.726312 0.687365
770.600000000 57.0802 2.44039 0 0 0 0.726312 0.687365
770.700000000 57.079 2.46203 0 0 0 0.726312 0.687365
770.800000000 57.0779 2.482 0 0 0 0.726312 0.687365
770.900000000 57.0767 2.50363 0 0 0 0.726312 0.687365
771.000000000 57.0756 2.5236 0 0 0 0.726312 0.687365
771.100000000 57.0745 2.54357 0 0 0 0.726312 0.687365
771.200000000 57.0737 2.56189 0 0 0 0.725916 0.687784
771.300000000 57.0729 2.58187 0 0 0 0.725374 0.688355
771.400000000 57.0722 2.60186 0 0 0 0.724832 0.688925
771.500000000 57.0716 2.62019 0 0 0 0.724335 0.689448
771.600000000 57.0709 2.64018 0 0 0 0.723792 0.690018
771.700000000 57.0702 2.66017 0 0 0 0.723249 0.690587
771.800000000 57.0696 2.68016 0 0 0 0.722705 0.691156
771.900000000 57.0691 2.70016 0 0 0 0.722161 0.691725
772.000000000 57.0685 2.72015 0 0 0 0.721617 0.692293
772.100000000 57.068 2.74015 0 0 0 0.721071 0.692861
772.200000000 57.0675 2.76014 0 0 0 0.720526 0.693428
772.300000000 57.067 2.78014 0 0 0 0.72009 0.693881
772.400000000 57.0665 2.79847 0 0 0 0.719689 0.694296
772.500000000 57.0661 2.8168 0 0 0 0.719289 0.694711
772.600000000 57.0657 2.83679 0 0 0 0.718851 0.695164
772.700000000 57.0653 2.85679 0 0 0 0.718414 0.695616
772.800000000 57.0649 2.87679 0 0 0 0.717976 0.696068
772.900000000 57.0645 2.89512 0 0 0 0.717575 0.696482
773.000000000 57.0642 2.91512 0 0 0 0.717136 0.696933
773.100000000 57.0638 2.93678 0 0 0 0.716661 0.697422
773.200000000 57.0635 2.95678 0 0 0 0.716332 0.697759
773.300000000 57.0631 2.97678 0 0 0 0.716003 0.698097
773.400000000 57.0629 2.99511 0 0 0 0.715701 0.698407
773.500000000 57.0626 3.01511 0 0 0 0.715372 0.698744
773.600000000 57.0623 3.03344 0 0 0 0.71507 0.699053
773.700000000 57.062 3.05511 0 0 0 0.714712 0.699418
773.800000000 57.0617 3.07677 0 0 0 0.714355 0.699784
773.900000000 57.0615 3.09677 0 0 0 0.714025 0.70012
774.000000000 57.0613 3.11844 0 0 0 0.713667 0.700485
774.100000000 57.0611 3.13844 0 0 0 0.713337 0.700822
774.200000000 57.0609 3.15844 0 0 0 0.713006 0.701158
774.300000000 57.0608 3.18011 0 0 0 0.712648 0.701522
774.400000000 57.0607 3.20177 0 0 0 0.712289 0.701886
774.500000000 57.0605 3.22344 0 0 0 0.711931 0.70225
774.600000000 57.0605 3.24344 0 0 0 0.711599 0.702585
774.700000000 57.0604 3.26678 0 0 0 0.711213 0.702977
774.800000000 57.0603 3.28844 0 0 0 0.710853 0.70334
774.900000000 57.0603 3.31011 0 0 0 0.710494 0.703703
775.000000000 57.0602 3.33011 0 0 0 0.710273 0.703926
775.100000000 57.0602 3.35011 0 0 0 0.710052 0.70415
775.200000000 57.0601 3.37178 0 0 0 0.709812 0.704391
775.300000000 57.0601 3.39345 0 0 0 0.709572 0.704633
775.400000000 57.0601 3.41511 0 0 0 0.709332 0.704874
775.500000000 57.0601 3.43511 0 0 0 0.709111 0.705097
775.600000000 57.0601 3.45678 0 0 0 0.70887 0.705339
775.700000000 57.0601 3.47678 0 0 0 0.708649 0.705561
775.800000000 57.0602 3.49845 0 0 0 0.708408 0.705803
775.900000000 57.0602 3.51845 0 0 0 0.708187 0.706025
776.000000000 57.0603 3.53845 0 0 0 0.707965 0.706248
776.100000000 57.0604 3.55845 0 0 0 0.707743 0.70647
776.200000000 57.0605 3.58011 0 0 0 0.707502 0.706711
776.300000000 57.0605 3.60178 0 0 0 0.707382 0.706832
776.400000000 57.0606 3.62178 0 0 0 0.707271 0.706943
776.500000000 57.0606 3.64511 0 0 0 0.707141 0.707072
776.600000000 57.0607 3.66678 0 0 0 0.707021 0.707193
776.700000000 57.0608 3.68845 0 0 0 0.706901 0.707313
776.800000000 57.0608 3.71011 0 0 0 0.70678 0.707433
776.900000000 57.0609 3.73345 0 0 0 0.706651 0.707563
777.000000000 57.061 3.75511 0 0 0 0.70653 0.707683
777.100000000 57.0611 3.77678 0 0 0 0.70641 0.707803
777.200000000 57.0612 3.79845 0 0 0 0.706289 0.707923
777.300000000 57.0614 3.82011 0 0 0 0.706169 0.708044
777.400000000 57.0615 3.84345 0 0 0 0.706039 0.708173
777.500000000 57.0616 3.86511 0 0 0 0.705918 0.708293
777.600000000 57.0618 3.88678 0 0 0 0.705798 0.708413
777.700000000 57.0619 3.90845 0 0 0 0.705677 0.708533
777.800000000 57.0621 3.93011 0 0 0 0.705557 0.708653
777.900000000 57.0622 3.95011 0 0 0 0.705445 0.708764
778.000000000 57.0624 3.97011 0 0 0 0.705334 0.708875
778.100000000 57.0625 3.98844 0 0 0 0.705232 0.708977
778.200000000 57.0627 4.00844 0 0 0 0.705121 0.709087
778.300000000 57.0629 4.02844 0 0 0 0.705009 0.709198
778.400000000 57.0631 4.05011 0 0 0 0.704888 0.709318
778.500000000 57.0633 4.07177 0 0 0 0.704768 0.709438
778.600000000 57.0635 4.09177 0 0 0 0.704656 0.709549
778.700000000 57.0637 4.11177 0 0 0 0.704545 0.70966
778.800000000 57.0639 4.13344 0 0 0 0.704424 0.709779
778.900000000 57.0641 4.1551 0 0 0 0.704303 0.709899
779.000000000 57.0644 4.17677 0 0 0 0.704182 0.710019
779.100000000 57.0646 4.19677 0 0 0 0.704071 0.71013
779.200000000 57.0648 4.21677 0 0 0 0.703959 0.71024
779.300000000 57.0651 4.23677 0 0 0 0.703848 0.710351
779.400000000 57.0653 4.25676 0 0 0 0.703736 0.710462
779.500000000 57.0656 4.27676 0 0 0 0.703624 0.710572
779.600000000 57.0658 4.29676 0 0 0 0.703513 0.710683
779.700000000 57.0661 4.31843 0 0 0 0.703392 0.710802
779.800000000 57.0664 4.33842 0 0 0 0.70328 0.710913
779.900000000 57.0667 4.35842 0 0 0 0.703168 0.711023
780.000000000 57.0669 4.37675 0 0 0 0.703066 0.711125
780.100000000 57.0672 4.39675 0 0 0 0.702954 0.711235
780.200000000 57.0675 4.41508 0 0 0 0.702852 0.711336
780.300000000 57.0678 4.43341 0 0 0 0.70275 0.711437
780.400000000 57.0681 4.45508 0 0 0 0.702628 0.711557
780.500000000 57.0684 4.47508 0 0 0 0.702517 0.711667
780.600000000 57.0687 4.49507 0 0 0 0.702405 0.711778
780.700000000 57.0691 4.51507 0 0 0 0.702293 0.711888
780.800000000 57.0694 4.53507 0 0 0 0.702181 0.711998
780.900000000 57.0755 4.60942 0 0 0 0.693044 0.720895
781.000000000 57.0863 4.66597 0 0 0 0.677429 0.735588
781.100000000 57.1014 4.7058 0 0 0 0.655541 0.75516
781.200000000 57.119 4.74043 0 0 0 0.631495 0.77538
781.300000000 57.1388 4.7739 0 0 0 0.606826 0.794835
781.400000000 57.1606 4.80606 0 0 0 0.581557 0.813505
781.500000000 57.1843 4.83678 0 0 0 0.555715 0.831373
781.600000000 57.21 4.86595 0 0 0 0.529324 0.84842
781.700000000 57.2374 4.89345 0 0 0 0.502411 0.864629
781.800000000 57.2666 4.91918 0 0 0 0.475002 0.879985
781.900000000 57.2972 4.94302 0 0 0 0.447124 0.894472
782.000000000 57.3294 4.9649 0 0 0 0.418804 0.908076
782.100000000 57.3632 4.98546 0 0 0 0.390456 0.920622
782.200000000 57.3982 5.00388 0 0 0 0.361731 0.932282
782.300000000 57.4441 5.03332 0 0 0 0.340165 0.940366
782.400000000 57.5022 5.074 0 0 0 0.326357 0.945246
782.500000000 57.5632 5.11516 0 0 0 0.313818 0.949483
782.600000000 57.626 5.15542 0 0 0 0.301684 0.953408
782.700000000 57.6899 5.19406 0 0 0 0.289502 0.957178
782.800000000 57.7546 5.23106 0 0 0 0.277272 0.960791
782.900000000 57.8207 5.26684 0 0 0 0.26547 0.964119
783.000000000 57.8876 5.30099 0 0 0 0.253629 0.967302
783.100000000 57.9552 5.33366 0 0 0 0.242233 0.970218
783.200000000 58.0235 5.36474 0 0 0 0.230804 0.973
783.300000000 58.0925 5.39438 0 0 0 0.219837 0.975537
783.400000000 58.1621 5.42246 0 0 0 0.208842 0.977949
783.500000000 58.2324 5.44896 0 0 0 0.197822 0.980238
783.600000000 58.3031 5.47407 0 0 0 0.187282 0.982306
783.700000000 58.3744 5.49766 0 0 0 0.176722 0.984261
783.800000000 58.4462 5.5197 0 0 0 0.16614 0.986102
783.900000000 58.5184 5.54041 0 0 0 0.156059 0.987748
784.000000000 58.5909 5.55963 0 0 0 0.145961 0.98929
784.100000000 58.6638 5.57757 0 0 0 0.136378 0.990657
784.200000000 58.737 5.5941 0 0 0 0.126782 0.991931
784.300000000 58.8105 5.60942 0 0 0 0.117716 0.993047
784.400000000 58.8842 5.62339 0 0 0 0.10864 0.994081
784.500000000 58.9582 5.63623 0 0 0 0.100109 0.994976
784.600000000 59.0323 5.64781 0 0 0 0.0915706 0.995799
784.700000000 59.1066 5.65833 0 0 0 0.0835914 0.9965
784.800000000 59.1811 5.66766 0 0 0 0.0756068 0.997138
784.900000000 59.2557 5.67603 0 0 0 0.0681964 0.997672
785.000000000 59.3304 5.68329 0 0 0 0.0607821 0.998151
785.100000000 59.4051 5.68967 0 0 0 0.053957 0.998543
785.200000000 59.48 5.69503 0 0 0 0.0471293 0.998889
785.300000000 59.5549 5.69937 0 0 0 0.0402994 0.999188
785.400000000 59.6298 5.70293 0 0 0 0.0340742 0.999419
785.500000000 59.7048 5.70555 0 0 0 0.0278478 0.999612
785.600000000 59.7798 5.70748 0 0 0 0.0222415 0.999753
785.700000000 59.8548 5.70858 0 0 0 0.0166346 0.999862
785.800000000 59.9298 5.70908 0 0 0 0.0116639 0.999932
785.900000000 60.0048 5.70884 0 0 0 0.00669285 0.999978
786.000000000 60.0798 5.70812 0 0 0 0.0023747 0.999997
786.100000000 60.1548 5.70675 0 0 0 -0.0019435 0.999998
786.200000000 60.2298 5.70473 0 0 0 -0.00626166 0.99998
786.300000000 60.3048 5.70233 0 0 0 -0.00990953 0.999951
786.400000000 60.3797 5.69939 0 0 0 -0.0135573 0.999908
786.500000000 60.4548 5.70123 0 0 0 -0.00387768 0.999992
786.600000000 60.521 5.70746 0 0 0 0.012999 0.999916
786.700000000 60.5869 5.71593 0 0 0 0.0298719 0.999554
786.800000000 60.6525 5.72662 0 0 0 0.0467363 0.998907
786.900000000 60.7177 5.73951 0 0 0 0.0635874 0.997976
787.000000000 60.7825 5.7546 0 0 0 0.0804204 0.996761
787.100000000 60.8466 5.77186 0 0 0 0.0972305 0.995262
787.200000000 60.9102 5.79128 0 0 0 0.114013 0.993479
787.300000000 60.9731 5.81284 0 0 0 0.130763 0.991414
787.400000000 61.0352 5.8365 0 0 0 0.147476 0.989066
787.500000000 61.0965 5.86225 0 0 0 0.164146 0.986436
787.600000000 61.1569 5.89006 0 0 0 0.18077 0.983525
787.700000000 61.2163 5.91988 0 0 0 0.197343 0.980335
787.800000000 61.2747 5.95169 0 0 0 0.213859 0.976865
787.900000000 61.3319 5.98545 0 0 0 0.230314 0.973116
788.000000000 61.3719 6.01669 0 0 0 0.254567 0.967055
788.100000000 61.3944 6.04462 0 0 0 0.286454 0.958094
788.200000000 61.3958 6.06613 0 0 0 0.327529 0.944841
788.300000000 61.384 6.08193 0 0 0 0.373625 0.92758
788.400000000 61.3695 6.09563 0 0 0 0.419517 0.907747
788.500000000 61.3536 6.1078 0 0 0 0.464362 0.885646
788.600000000 61.3366 6.11834 0 0 0 0.508045 0.86133
788.700000000 61.3187 6.12712 0 0 0 0.550459 0.834862
788.800000000 61.2999 6.13407 0 0 0 0.591497 0.806308
788.900000000 61.2806 6.13911 0 0 0 0.631056 0.775737
789.000000000 61.2608 6.1422 0 0 0 0.669038 0.743228
789.100000000 61.2409 6.1433 0 0 0 0.705348 0.708861
789.200000000 61.2209 6.1424 0 0 0 0.739895 0.672723
789.300000000 61.2036 6.16481 0 0 0 0.764749 0.644328
789.400000000 61.1851 6.20399 0 0 0 0.783085 0.621914
789.500000000 61.1641 6.25018 0 0 0 0.798387 0.602145
789.600000000 61.1408 6.29607 0 0 0 0.812961 0.582318
789.700000000 61.1152 6.34076 0 0 0 0.827042 0.562139
789.800000000 61.0874 6.38414 0 0 0 0.840623 0.54162
789.900000000 61.0576 6.4261 0 0 0 0.853695 0.520773
790.000000000 61.0257 6.46654 0 0 0 0.86625 0.49961
790.100000000 60.9919 6.50536 0 0 0 0.878281 0.478145
790.200000000 60.9562 6.54247 0 0 0 0.88978 0.45639
790.300000000 60.9118 6.59306 0 0 0 0.897162 0.441701
790.400000000 60.8631 6.65024 0 0 0 0.90116 0.433487
790.500000000 60.8138 6.70682 0 0 0 0.904603 0.426255
790.600000000 60.7636 6.7626 0 0 0 0.907988 0.418996
790.700000000 60.7126 6.81757 0 0 0 0.911315 0.411709
790.800000000 60.6606 6.87171 0 0 0 0.914584 0.404396
790.900000000 60.6078 6.92501 0 0 0 0.917794 0.397058
791.000000000 60.5541 6.97746 0 0 0 0.920945 0.389694
791.100000000 60.4996 7.02905 0 0 0 0.924036 0.382304
791.200000000 60.4443 7.07975 0 0 0 0.927069 0.374891
791.300000000 60.3904 7.13188 0 0 0 0.927069 0.374891
791.400000000 60.3367 7.18424 0 0 0 0.926779 0.375607
791.500000000 60.283 7.23668 0 0 0 0.926488 0.376324
791.600000000 60.2295 7.2892 0 0 0 0.926197 0.37704
791.700000000 60.176 7.3418 0 0 0 0.925905 0.377756
791.800000000 60.1227 7.39449 0 0 0 0.925613 0.378472
791.900000000 60.0694 7.44725 0 0 0 0.92532 0.379188
792.000000000 60.0161 7.5001 0 0 0 0.925026 0.379904
792.100000000 59.963 7.55304 0 0 0 0.924732 0.380619
792.200000000 59.91 7.60605 0 0 0 0.924437 0.381334
792.300000000 59.8572 7.65936 0 0 0 0.923855 0.382742
792.400000000 59.8046 7.71283 0 0 0 0.923271 0.384149
792.500000000 59.7522 7.76646 0 0 0 0.922685 0.385555
792.600000000 59.6999 7.82025 0 0 0 0.922097 0.38696
792.700000000 59.6478 7.8742 0 0 0 0.921506 0.388364
792.800000000 59.5959 7.92831 0 0 0 0.920913 0.389768
792.900000000 59.5441 7.98257 0 0 0 0.920318 0.39117
793.000000000 59.4925 8.03699 0 0 0 0.919721 0.392572
793.100000000 59.441 8.09157 0 0 0 0.919122 0.393972
793.200000000 59.3898 8.14631 0 0 0 0.918521 0.395372
793.300000000 59.3387 8.2012 0 0 0 0.917918 0.396771
793.400000000 59.2877 8.25625 0 0 0 0.917312 0.398169
793.500000000 59.2369 8.31145 0 0 0 0.916704 0.399566
793.600000000 59.1863 8.36681 0 0 0 0.916095 0.400962
793.700000000 59.1359 8.42232 0 0 0 0.915483 0.402357
793.800000000 59.0856 8.47798 0 0 0 0.914869 0.403751
793.900000000 59.0351 8.53339 0 0 0 0.914869 0.403751
794.000000000 58.9843 8.58859 0 0 0 0.915181 0.403044
794.100000000 58.9334 8.64371 0 0 0 0.915492 0.402336
794.200000000 58.8825 8.69875 0 0 0 0.915803 0.401628
794.300000000 58.8312 8.75351 0 0 0 0.916414 0.400232
794.400000000 58.7798 8.80811 0 0 0 0.917022 0.398836
794.500000000 58.7282 8.86255 0 0 0 0.917629 0.397438
794.600000000 58.6765 8.91684 0 0 0 0.918233 0.39604
794.700000000 58.6246 8.97097 0 0 0 0.918836 0.39464
794.800000000 58.5725 9.02494 0 0 0 0.919436 0.39324
794.900000000 58.5203 9.07875 0 0 0 0.920034 0.391839
795.000000000 58.4678 9.13241 0 0 0 0.92063 0.390437
795.100000000 58.4153 9.1859 0 0 0 0.921223 0.389034
795.200000000 58.3625 9.23923 0 0 0 0.921815 0.38763
795.300000000 58.3101 9.29283 0 0 0 0.921815 0.38763
795.400000000 58.2576 9.34643 0 0 0 0.921815 0.38763
795.500000000 58.2052 9.40003 0 0 0 0.921815 0.38763
795.600000000 58.1527 9.45363 0 0 0 0.921815 0.38763
795.700000000 58.1002 9.50722 0 0 0 0.921815 0.38763
795.800000000 58.0478 9.56082 0 0 0 0.921815 0.38763
795.900000000 57.9953 9.61442 0 0 0 0.921815 0.38763
796.000000000 57.9428 9.66802 0 0 0 0.921815 0.38763
796.100000000 57.8904 9.72162 0 0 0 0.921815 0.38763
796.200000000 57.8381 9.77543 0 0 0 0.921515 0.388343
796.300000000 57.786 9.82933 0 0 0 0.921214 0.389055
796.400000000 57.7339 9.8833 0 0 0 0.920913 0.389768
796.500000000 57.6819 9.93736 0 0 0 0.920612 0.39048
796.600000000 57.63 9.9915 0 0 0 0.920309 0.391191
796.700000000 57.5782 10.0457 0 0 0 0.920007 0.391903
796.800000000 57.5265 10.1 0 0 0 0.919703 0.392614
796.900000000 57.4748 10.1544 0 0 0 0.919399 0.393325
797.000000000 57.4232 10.2088 0 0 0 0.919095 0.394036
797.100000000 57.3717 10.2634 0 0 0 0.91879 0.394747
797.200000000 57.3203 10.318 0 0 0 0.918484 0.395457
797.300000000 57.2688 10.3725 0 0 0 0.918484 0.395457
797.400000000 57.2173 10.427 0 0 0 0.918484 0.395457
797.500000000 57.1657 10.4814 0 0 0 0.918484 0.395457
797.600000000 57.1142 10.5359 0 0 0 0.918484 0.395457
797.700000000 57.0626 10.5904 0 0 0 0.918484 0.395457
797.800000000 57.0111 10.6449 0 0 0 0.918484 0.395457
797.900000000 56.9596 10.6994 0 0 0 0.918484 0.395457
798.000000000 56.908 10.7539 0 0 0 0.918484 0.395457
798.100000000 56.8565 10.8083 0 0 0 0.918484 0.395457
798.200000000 56.8049 10.8628 0 0 0 0.918484 0.395457
798.300000000 56.7534 10.9173 0 0 0 0.918484 0.395457
798.400000000 56.7018 10.9718 0 0 0 0.918484 0.395457
798.500000000 56.6503 11.0263 0 0 0 0.918484 0.395457
798.600000000 56.5988 11.0808 0 0 0 0.918484 0.395457
798.700000000 56.5472 11.1352 0 0 0 0.918484 0.395457
798.800000000 56.4957 11.1897 0 0 0 0.918484 0.395457
798.900000000 56.4441 11.2442 0 0 0 0.918484 0.395457
799.000000000 56.3926 11.2987 0 0 0 0.918484 0.395457
799.100000000 56.341 11.3532 0 0 0 0.918484 0.395457
799.200000000 56.2895 11.4077 0 0 0 0.918484 0.395457
799.300000000 56.238 11.4621 0 0 0 0.918484 0.395457
799.400000000 56.1864 11.5166 0 0 0 0.918484 0.395457
799.500000000 56.1349 11.5711 0 0 0 0.918484 0.395457
799.600000000 56.0833 11.6256 0 0 0 0.918484 0.395457
799.700000000 56.0318 11.6801 0 0 0 0.918484 0.395457
799.800000000 55.9803 11.7346 0 0 0 0.918484 0.395457
799.900000000 55.9287 11.789 0 0 0 0.918484 0.395457
800.000000000 55.8772 11.8435 0 0 0 0.918484 0.395457
800.100000000 55.8256 11.898 0 0 0 0.918484 0.395457
800.200000000 55.7741 11.9525 0 0 0 0.918484 0.395457
800.300000000 55.7225 12.007 0 0 0 0.918484 0.395457
800.400000000 55.671 12.0615 0 0 0 0.918484 0.395457
800.500000000 55.6195 12.1159 0 0 0 0.918484 0.395457
800.600000000 55.5679 12.1704 0 0 0 0.918484 0.395457
800.700000000 55.5164 12.2249 0 0 0 0.918484 0.395457
800.800000000 55.4648 12.2794 0 0 0 0.918484 0.395457
800.900000000 55.4133 12.3339 0 0 0 0.918484 0.395457
801.000000000 55.3617 12.3884 0 0 0 0.918484 0.395457
801.100000000 55.3102 12.4428 0 0 0 0.918484 0.395457
801.200000000 55.2587 12.4973 0 0 0 0.918484 0.395457
801.300000000 55.2071 12.5518 0 0 0 0.918484 0.395457
801.400000000 55.1556 12.6063 0 0 0 0.918484 0.395457
801.500000000 55.104 12.6608 0 0 0 0.918484 0.395457
801.600000000 55.0525 12.7153 0 0 0 0.918484 0.395457
801.700000000 54.9997 12.7686 0 0 0 0.920183 0.391488
801.800000000 54.9465 12.8214 0 0 0 0.921865 0.38751
801.900000000 54.8928 12.8738 0 0 0 0.92353 0.383526
802.000000000 54.8384 12.9255 0 0 0 0.925425 0.37893
802.100000000 54.7834 12.9765 0 0 0 0.927536 0.373734
802.200000000 54.7316 13.0308 0 0 0 0.924512 0.381152
802.300000000 54.6813 13.0865 0 0 0 0.920571 0.390576
802.400000000 54.6321 13.1432 0 0 0 0.916533 0.399959
802.500000000 54.5841 13.201 0 0 0 0.9124 0.4093
802.600000000 54.5374 13.2597 0 0 0 0.908171 0.418599
802.700000000 54.4916 13.3192 0 0 0 0.904077 0.42737
802.800000000 54.447 13.3795 0 0 0 0.899931 0.436032
802.900000000 54.4035 13.4407 0 0 0 0.895791 0.444475
803.000000000 54.361 13.5026 0 0 0 0.891753 0.452522
803.100000000 54.3197 13.5652 0 0 0 0.887643 0.460532
803.200000000 54.2812 13.6258 0 0 0 0.883649 0.468151
803.300000000 54.2428 13.6903 0 0 0 0.878323 0.478068
803.400000000 54.2059 13.7557 0 0 0 0.872886 0.487924
803.500000000 54.1705 13.8219 0 0 0 0.867339 0.497718
803.600000000 54.1368 13.889 0 0 0 0.861424 0.507886
803.700000000 54.1046 13.9568 0 0 0 0.855391 0.517983
803.800000000 54.0737 14.0252 0 0 0 0.849778 0.527141
803.900000000 54.0442 14.0943 0 0 0 0.844068 0.536237
804.000000000 54.0163 14.164 0 0 0 0.83826 0.545271
804.100000000 53.9898 14.2342 0 0 0 0.832355 0.554243
804.200000000 53.9652 14.3052 0 0 0 0.825778 0.563995
804.300000000 53.9424 14.3767 0 0 0 0.819087 0.57367
804.400000000 53.9212 14.4487 0 0 0 0.812282 0.583265
804.500000000 53.9017 14.5213 0 0 0 0.805365 0.592779
804.600000000 53.8839 14.5942 0 0 0 0.798336 0.602212
804.700000000 53.8677 14.6676 0 0 0 0.791336 0.611382
804.800000000 53.8539 14.738 0 0 0 0.784548 0.620068
804.900000000 53.8419 14.807 0 0 0 0.777826 0.628479
805.000000000 53.832 14.873 0 0 0 0.771341 0.636422
805.100000000 53.8236 14.9376 0 0 0 0.764939 0.644102
805.200000000 53.8166 15.0006 0 0 0 0.758628 0.651524
805.300000000 53.8112 15.0604 0 0 0 0.752583 0.658497
805.400000000 53.807 15.1187 0 0 0 0.746644 0.665224
805.500000000 53.804 15.1754 0 0 0 0.740817 0.671706
805.600000000 53.802 15.2304 0 0 0 0.735108 0.67795
805.700000000 53.8009 15.2838 0 0 0 0.729522 0.683957
805.800000000 53.8008 15.3355 0 0 0 0.724063 0.689734
805.900000000 53.8002 15.3906 0 0 0 0.720435 0.693522
806.000000000 53.8 15.4439 0 0 0 0.7172 0.696868
806.100000000 53.8004 15.4956 0 0 0 0.71405 0.700094
806.200000000 53.8011 15.5456 0 0 0 0.710989 0.703203
806.300000000 53.8019 15.5973 0 0 0 0.70869 0.70552
806.400000000 53.8029 15.6473 0 0 0 0.706458 0.707755
806.500000000 53.8042 15.6956 0 0 0 0.704294 0.709908
806.600000000 53.8058 15.7423 0 0 0 0.702199 0.711981
806.700000000 53.8075 15.7872 0 0 0 0.700172 0.713974
806.800000000 53.8095 15.8305 0 0 0 0.698215 0.715888
806.900000000 53.8116 15.8722 0 0 0 0.696329 0.717723
807.000000000 53.8138 15.9121 0 0 0 0.694513 0.71948
807.100000000 53.8161 15.9504 0 0 0 0.692769 0.72116
807.200000000 53.8159 16.0254 0 0 0 0.698523 0.715587
807.300000000 53.8141 16.1005 0 0 0 0.705031 0.709177
807.400000000 53.8106 16.1755 0 0 0 0.711862 0.702319
807.500000000 53.8057 16.2504 0 0 0 0.718627 0.695395
807.600000000 53.7994 16.3252 0 0 0 0.725325 0.688407
807.700000000 53.7916 16.3998 0 0 0 0.731955 0.681353
807.800000000 53.7824 16.4743 0 0 0 0.738516 0.674236
807.900000000 53.7717 16.5486 0 0 0 0.745008 0.667056
808.000000000 53.7596 16.6227 0 0 0 0.75143 0.659813
808.100000000 53.7461 16.6965 0 0 0 0.757781 0.652509
808.200000000 53.7299 16.7674 0 0 0 0.766657 0.642057
808.300000000 53.7118 16.8369 0 0 0 0.775685 0.63112
808.400000000 53.6917 16.9058 0 0 0 0.784557 0.620057
808.500000000 53.6706 16.9709 0 0 0 0.792873 0.609387
808.600000000 53.6484 17.0339 0 0 0 0.800846 0.59887
808.700000000 53.6251 17.0947 0 0 0 0.808485 0.588516
808.800000000 53.6015 17.1519 0 0 0 0.81561 0.578603
808.900000000 53.5772 17.2069 0 0 0 0.822424 0.568874
809.000000000 53.5524 17.2598 0 0 0 0.828939 0.559339
809.100000000 53.527 17.3106 0 0 0 0.835161 0.550005
809.200000000 53.5021 17.3579 0 0 0 0.840921 0.541157
809.300000000 53.4773 17.4033 0 0 0 0.845918 0.533313
809.400000000 53.4525 17.4469 0 0 0 0.850684 0.525678
809.500000000 53.4278 17.4885 0 0 0 0.855225 0.518257
809.600000000 53.4032 17.5283 0 0 0 0.859549 0.511054
809.700000000 53.3789 17.5663 0 0 0 0.86366 0.504075
809.800000000 53.3549 17.6024 0 0 0 0.867566 0.497322
809.900000000 53.3313 17.6369 0 0 0 0.871272 0.490801
810.000000000 53.3081 17.6696 0 0 0 0.874783 0.484515
810.100000000 53.2854 17.7006 0 0 0 0.878105 0.478467
810.200000000 53.2411 17.7594 0 0 0 0.884361 0.466803
810.300000000 53.2181 17.7901 0 0 0 0.886353 0.46301
810.400000000 53.1939 17.822 0 0 0 0.888263 0.459335
810.500000000 53.1704 17.8524 0 0 0 0.890079 0.455806
810.600000000 53.1478 17.8812 0 0 0 0.891803 0.452423
810.700000000 53.1259 17.9086 0 0 0 0.893437 0.449188
810.800000000 53.1039 17.9358 0 0 0 0.895059 0.445947
810.900000000 53.0827 17.9616 0 0 0 0.896593 0.442855
811.000000000 53.0614 17.9872 0 0 0 0.898116 0.439758
811.100000000 53.0409 18.0114 0 0 0 0.899553 0.436811
811.200000000 53.0192 18.0368 0 0 0 0.901056 0.433703
811.300000000 52.9985 18.0607 0 0 0 0.902473 0.430747
811.400000000 52.9786 18.0832 0 0 0 0.903807 0.427941
811.500000000 52.9587 18.1056 0 0 0 0.905132 0.425132
811.600000000 52.9397 18.1267 0 0 0 0.906375 0.422474
811.700000000 52.9194 18.1489 0 0 0 0.907683 0.419657
811.800000000 52.9013 18.1685 0 0 0 0.908838 0.417149
811.900000000 52.8842 18.1868 0 0 0 0.909915 0.414795
812.000000000 52.8686 18.2041 0 0 0 0.910372 0.413791
812.100000000 52.8518 18.2226 0 0 0 0.91086 0.412715
812.200000000 52.8338 18.2423 0 0 0 0.91138 0.411567
812.300000000 52.8148 18.2633 0 0 0 0.911746 0.410754
812.400000000 52.7981 18.2819 0 0 0 0.911988 0.410217
812.500000000 52.7824 18.2992 0 0 0 0.912214 0.409715
812.600000000 52.7668 18.3165 0 0 0 0.912439 0.409213
812.700000000 52.7522 18.3326 0 0 0 0.912648 0.408747
812.800000000 52.7376 18.3486 0 0 0 0.912857 0.40828
812.900000000 52.7219 18.3658 0 0 0 0.913081 0.407778
813.000000000 52.7084 18.3806 0 0 0 0.913273 0.407347
813.100000000 52.6938 18.3966 0 0 0 0.913481 0.406881
813.200000000 52.6803 18.4114 0 0 0 0.913609 0.406594
813.300000000 52.6669 18.4261 0 0 0 0.913737 0.406307
813.400000000 52.6522 18.4421 0 0 0 0.913875 0.405995
813.500000000 52.6376 18.4581 0 0 0 0.914013 0.405684
813.600000000 52.6241 18.4729 0 0 0 0.914141 0.405397
813.700000000 52.6016 18.4974 0 0 0 0.914353 0.404918
813.800000000 52.5801 18.5207 0 0 0 0.914554 0.404463
813.900000000 52.5587 18.544 0 0 0 0.914755 0.404008
814.000000000 52.5372 18.5673 0 0 0 0.914956 0.403553
814.100000000 52.5157 18.5906 0 0 0 0.915157 0.403098
814.200000000 52.4953 18.6126 0 0 0 0.915347 0.402666
814.300000000 52.476 18.6333 0 0 0 0.915526 0.402259
814.400000000 52.4545 18.6565 0 0 0 0.915726 0.401803
814.500000000 52.4352 18.6773 0 0 0 0.915905 0.401395
814.600000000 52.4181 18.6955 0 0 0 0.916063 0.401035
814.700000000 52.3965 18.7187 0 0 0 0.916262 0.40058
814.800000000 52.376 18.7406 0 0 0 0.916451 0.400148
814.900000000 52.3577 18.76 0 0 0 0.916618 0.399764
815.000000000 52.3417 18.777 0 0 0 0.916765 0.399427
815.100000000 52.3246 18.7952 0 0 0 0.916922 0.399067
815.200000000 52.3097 18.811 0 0 0 0.917057 0.398755
815.300000000 52.2938 18.828 0 0 0 0.917131 0.398587
815.400000000 52.2801 18.8426 0 0 0 0.917193 0.398443
815.500000000 52.2652 18.8584 0 0 0 0.917261 0.398287
815.600000000 52.2493 18.8754 0 0 0 0.917334 0.398119
815.700000000 52.2355 18.8899 0 0 0 0.917396 0.397975
815.800000000 52.2207 18.9057 0 0 0 0.917464 0.397818
815.900000000 52.2047 18.9227 0 0 0 0.917537 0.39765
816.000000000 52.191 18.9372 0 0 0 0.917599 0.397506
816.100000000 52.1692 18.9603 0 0 0 0.917698 0.397278
816.200000000 52.1498 18.9809 0 0 0 0.917787 0.397074
816.300000000 52.1315 19.0002 0 0 0 0.91787 0.396881
816.400000000 52.112 19.0208 0 0 0 0.917958 0.396677
816.500000000 52.0948 19.039 0 0 0 0.918036 0.396497
816.600000000 52.0765 19.0583 0 0 0 0.918119 0.396305
816.700000000 52.0604 19.0753 0 0 0 0.918192 0.396136
816.800000000 52.0432 19.0934 0 0 0 0.918269 0.395956
816.900000000 52.0237 19.1139 0 0 0 0.918358 0.395752
817.000000000 52.003 19.1357 0 0 0 0.918451 0.395535
817.100000000 51.9846 19.155 0 0 0 0.918534 0.395343
817.200000000 51.9674 19.1731 0 0 0 0.918611 0.395162
817.300000000 51.9467 19.1948 0 0 0 0.918704 0.394946
817.400000000 51.9271 19.2153 0 0 0 0.918792 0.394742
817.500000000 51.9087 19.2346 0 0 0 0.918875 0.394549
817.600000000 51.8903 19.2539 0 0 0 0.918957 0.394357
817.700000000 51.873 19.2719 0 0 0 0.919035 0.394176
817.800000000 51.8557 19.29 0 0 0 0.919112 0.393996
817.900000000 51.8396 19.3068 0 0 0 0.919184 0.393827
818.000000000 51.8396 19.3068 0 0 0 0.919184 0.393827
818.100000000 51.8396 19.3068 0 0 0 0.919184 0.393827
818.200000000 51.8396 19.3068 0 0 0 0.919184 0.393827
818.300000000 51.8396 19.3068 0 0 0 0.919184 0.393827
818.400000000 51.8396 19.3068 0 0 0 0.919184 0.393827
818.500000000 51.8396 19.3068 0 0 0 0.919184 0.393827
818.600000000 51.8396 19.3068 0 0 0 0.919184 0.393827
818.700000000 51.8396 19.3068 0 0 0 0.919184 0.393827
818.800000000 51.8396 19.3068 0 0 0 0.919184 0.393827
818.900000000 51.8396 19.3068 0 0 0 0.919184 0.393827
819.000000000 51.8396 19.3068 0 0 0 0.919184 0.393827
819.100000000 51.8396 19.3068 0 0 0 0.919184 0.393827
819.200000000 51.8396 19.3068 0 0 0 0.919184 0.393827
819.300000000 51.8396 19.3068 0 0 0 0.919184 0.393827
819.400000000 51.8396 19.3068 0 0 0 0.919184 0.393827
819.500000000 51.8396 19.3068 0 0 0 0.919184 0.393827
819.600000000 51.8396 19.3068 0 0 0 0.919184 0.393827
819.700000000 51.8396 19.3068 0 0 0 0.919184 0.393827
819.800000000 51.8396 19.3068 0 0 0 0.919184 0.393827
819.900000000 51.8396 19.3068 0 0 0 0.919184 0.393827
820.000000000 51.8396 19.3068 0 0 0 0.919184 0.393827
820.100000000 51.8396 19.3068 0 0 0 0.919184 0.393827
820.200000000 51.8396 19.3068 0 0 0 0.919184 0.393827
820.300000000 51.8396 19.3068 0 0 0 0.919184 0.393827
820.400000000 51.8396 19.3068 0 0 0 0.919184 0.393827
820.500000000 51.8396 19.3068 0 0 0 0.919184 0.393827
820.600000000 51.8396 19.3068 0 0 0 0.919184 0.393827
820.700000000 51.8396 19.3068 0 0 0 0.919184 0.393827
820.800000000 51.8396 19.3068 0 0 0 0.919184 0.393827
820.900000000 51.8396 19.3068 0 0 0 0.919184 0.393827
821.000000000 51.8396 19.3068 0 0 0 0.919184 0.393827
821.100000000 51.8396 19.3068 0 0 0 0.919184 0.393827
821.200000000 51.8396 19.3068 0 0 0 0.919184 0.393827
821.300000000 51.8396 19.3068 0 0 0 0.919184 0.393827
821.400000000 51.8396 19.3068 0 0 0 0.919184 0.393827
821.500000000 51.8396 19.3068 0 0 0 0.919184 0.393827
821.600000000 51.8396 19.3068 0 0 0 0.919184 0.393827
821.700000000 51.8396 19.3068 0 0 0 0.919184 0.393827
821.800000000 51.8396 19.3068 0 0 0 0.919184 0.393827
821.900000000 51.8396 19.3068 0 0 0 0.919184 0.393827
822.000000000 51.8396 19.3068 0 0 0 0.919184 0.393827
822.100000000 51.8396 19.3068 0 0 0 0.919184 0.393827
822.200000000 51.8396 19.3068 0 0 0 0.919184 0.393827
822.300000000 51.8396 19.3068 0 0 0 0.919184 0.393827
822.400000000 51.8396 19.3068 0 0 0 0.919184 0.393827
822.500000000 51.8396 19.3068 0 0 0 0.919184 0.393827
822.600000000 51.8396 19.3068 0 0 0 0.919184 0.393827
822.700000000 51.8396 19.3068 0 0 0 0.919184 0.393827
822.800000000 51.8396 19.3068 0 0 0 0.919184 0.393827
822.900000000 51.8396 19.3068 0 0 0 0.919184 0.393827
823.000000000 51.8396 19.3068 0 0 0 0.919184 0.393827
823.100000000 51.8396 19.3068 0 0 0 0.919184 0.393827
823.200000000 51.8396 19.3068 0 0 0 0.919184 0.393827
823.300000000 51.8396 19.3068 0 0 0 0.919184 0.393827
823.400000000 51.8396 19.3068 0 0 0 0.919184 0.393827
823.500000000 51.8396 19.3068 0 0 0 0.919184 0.393827
823.600000000 51.8396 19.3068 0 0 0 0.919184 0.393827
823.700000000 51.8396 19.3068 0 0 0 0.919184 0.393827
823.800000000 51.8396 19.3068 0 0 0 0.919184 0.393827
823.900000000 51.8396 19.3068 0 0 0 0.919184 0.393827
824.000000000 51.8396 19.3068 0 0 0 0.919184 0.393827
824.100000000 51.8189 19.3286 0 0 0 0.919184 0.393827
824.200000000 51.7993 19.3491 0 0 0 0.919184 0.393827
824.300000000 51.7798 19.3696 0 0 0 0.919184 0.393827
824.400000000 51.7614 19.3889 0 0 0 0.919184 0.393827
824.500000000 51.7418 19.4094 0 0 0 0.919184 0.393827
824.600000000 51.7235 19.4287 0 0 0 0.919184 0.393827
824.700000000 51.7039 19.4492 0 0 0 0.919184 0.393827
824.800000000 51.6844 19.4697 0 0 0 0.919184 0.393827
824.900000000 51.6648 19.4903 0 0 0 0.919184 0.393827
825.000000000 51.6453 19.5108 0 0 0 0.919184 0.393827
825.100000000 51.6269 19.5301 0 0 0 0.919184 0.393827
825.200000000 51.6085 19.5494 0 0 0 0.919184 0.393827
825.300000000 51.5912 19.5675 0 0 0 0.919184 0.393827
825.400000000 51.574 19.5856 0 0 0 0.919184 0.393827
825.500000000 51.5579 19.6025 0 0 0 0.919184 0.393827
825.600000000 51.5418 19.6194 0 0 0 0.919184 0.393827
825.700000000 51.5269 19.6351 0 0 0 0.919184 0.393827
825.800000000 51.5073 19.6556 0 0 0 0.919184 0.393827
825.900000000 51.4878 19.6761 0 0 0 0.919184 0.393827
826.000000000 51.4682 19.6966 0 0 0 0.919184 0.393827
826.100000000 51.4498 19.7159 0 0 0 0.919184 0.393827
826.200000000 51.4337 19.7328 0 0 0 0.919184 0.393827
826.300000000 51.4199 19.7473 0 0 0 0.919184 0.393827
826.400000000 51.405 19.763 0 0 0 0.919184 0.393827
826.500000000 51.3889 19.7799 0 0 0 0.919184 0.393827
826.600000000 51.3751 19.7943 0 0 0 0.919184 0.393827
826.700000000 51.3602 19.81 0 0 0 0.919184 0.393827
826.800000000 51.3441 19.8269 0 0 0 0.919184 0.393827
826.900000000 51.3268 19.845 0 0 0 0.919184 0.393827
827.000000000 51.3119 19.8607 0 0 0 0.919184 0.393827
827.100000000 51.2958 19.8776 0 0 0 0.919184 0.393827
827.200000000 51.282 19.8921 0 0 0 0.919184 0.393827
827.300000000 51.267 19.9078 0 0 0 0.919184 0.393827
827.400000000 51.2509 19.9247 0 0 0 0.919184 0.393827
827.500000000 51.2371 19.9391 0 0 0 0.919184 0.393827
827.600000000 51.2222 19.9548 0 0 0 0.919184 0.393827
827.700000000 51.2061 19.9717 0 0 0 0.919184 0.393827
827.800000000 51.1923 19.9862 0 0 0 0.919184 0.393827
827.900000000 51.1774 20.0019 0 0 0 0.919184 0.393827
828.000000000 51.1613 20.0188 0 0 0 0.919184 0.393827
828.100000000 51.1475 20.0333 0 0 0 0.919184 0.393827
828.200000000 51.1291 20.0526 0 0 0 0.919184 0.393827
828.300000000 51.113 20.0695 0 0 0 0.919184 0.393827
828.400000000 51.0957 20.0876 0 0 0 0.919184 0.393827
828.500000000 51.0773 20.1069 0 0 0 0.919184 0.393827
828.600000000 51.0612 20.1238 0 0 0 0.919184 0.393827
828.700000000 51.044 20.1419 0 0 0 0.919184 0.393827
828.800000000 51.0291 20.1575 0 0 0 0.919184 0.393827
828.900000000 51.013 20.1744 0 0 0 0.919184 0.393827
829.000000000 50.9992 20.1889 0 0 0 0.919184 0.393827
829.100000000 50.9842 20.2046 0 0 0 0.919184 0.393827
829.200000000 50.9681 20.2215 0 0 0 0.919184 0.393827
829.300000000 50.9543 20.236 0 0 0 0.919184 0.393827
829.400000000 50.9348 20.2565 0 0 0 0.919184 0.393827
829.500000000 50.9152 20.277 0 0 0 0.919184 0.393827
829.600000000 50.8968 20.2963 0 0 0 0.919184 0.393827
829.700000000 50.8773 20.3168 0 0 0 0.919184 0.393827
829.800000000 50.8589 20.3361 0 0 0 0.919184 0.393827
829.900000000 50.8394 20.3566 0 0 0 0.919184 0.393827
830.000000000 50.821 20.3759 0 0 0 0.919184 0.393827
830.100000000 50.8014 20.3965 0 0 0 0.919184 0.393827
830.200000000 50.7819 20.417 0 0 0 0.919184 0.393827
830.300000000 50.7635 20.4363 0 0 0 0.919184 0.393827
830.400000000 50.7451 20.4556 0 0 0 0.919184 0.393827
830.500000000 50.7278 20.4737 0 0 0 0.919184 0.393827
830.600000000 50.7117 20.4906 0 0 0 0.919184 0.393827
830.700000000 50.6957 20.5075 0 0 0 0.919184 0.393827
830.800000000 50.6807 20.5232 0 0 0 0.919184 0.393827
830.900000000 50.6612 20.5437 0 0 0 0.919184 0.393827
831.000000000 50.6416 20.5642 0 0 0 0.919184 0.393827
831.100000000 50.6232 20.5835 0 0 0 0.919184 0.393827
831.200000000 50.6047 20.6027 0 0 0 0.919349 0.393442
831.300000000 50.5873 20.6206 0 0 0 0.919581 0.3929
831.400000000 50.5698 20.6385 0 0 0 0.919813 0.392358
831.500000000 50.55 20.6588 0 0 0 0.920075 0.391743
831.600000000 50.5314 20.6778 0 0 0 0.920321 0.391165
831.700000000 50.5115 20.698 0 0 0 0.920582 0.39055
831.800000000 50.4916 20.7182 0 0 0 0.920843 0.389935
831.900000000 50.4717 20.7384 0 0 0 0.921103 0.389319
832.000000000 50.4518 20.7585 0 0 0 0.921363 0.388704
832.100000000 50.4306 20.7798 0 0 0 0.921637 0.388052
832.200000000 50.4106 20.7999 0 0 0 0.921897 0.387436
832.300000000 50.3568 20.8521 0 0 0 0.923811 0.382848
832.400000000 50.3023 20.9037 0 0 0 0.925703 0.378251
832.500000000 50.2474 20.9548 0 0 0 0.927572 0.373645
832.600000000 50.192 21.0054 0 0 0 0.929418 0.369029
832.700000000 50.1361 21.0553 0 0 0 0.931241 0.364404
832.800000000 50.0796 21.1048 0 0 0 0.933041 0.35977
832.900000000 50.0227 21.1537 0 0 0 0.934818 0.355127
833.000000000 49.9653 21.202 0 0 0 0.936572 0.350476
833.100000000 49.9074 21.2497 0 0 0 0.938302 0.345816
833.200000000 49.8491 21.2968 0 0 0 0.94001 0.341147
833.300000000 49.7892 21.3421 0 0 0 0.943087 0.332546
833.400000000 49.7284 21.3861 0 0 0 0.946262 0.323402
833.500000000 49.6668 21.4289 0 0 0 0.949348 0.314227
833.600000000 49.6043 21.4706 0 0 0 0.952345 0.305023
833.700000000 49.541 21.511 0 0 0 0.955253 0.29579
833.800000000 49.4771 21.5502 0 0 0 0.957992 0.286795
833.900000000 49.4124 21.5883 0 0 0 0.960591 0.277966
834.000000000 49.3486 21.6245 0 0 0 0.963001 0.2695
834.100000000 49.2855 21.6587 0 0 0 0.965283 0.261205
834.200000000 49.2249 21.6904 0 0 0 0.967393 0.253279
834.300000000 49.1692 21.7171 0 0 0 0.969882 0.243574
834.400000000 49.1145 21.742 0 0 0 0.97221 0.234109
834.500000000 49.0609 21.7651 0 0 0 0.974385 0.224885
834.600000000 49.0099 21.786 0 0 0 0.976356 0.21617
834.700000000 48.9601 21.8054 0 0 0 0.978192 0.207702
834.800000000 48.9116 21.8233 0 0 0 0.979901 0.199484
834.900000000 48.8643 21.8398 0 0 0 0.981489 0.191518
835.000000000 48.8184 21.8551 0 0 0 0.982963 0.183805
835.100000000 48.7738 21.8691 0 0 0 0.984328 0.176348
835.200000000 48.7306 21.882 0 0 0 0.985591 0.169147
835.300000000 48.6888 21.8938 0 0 0 0.986757 0.162204
835.400000000 48.6485 21.9045 0 0 0 0.987833 0.155521
835.500000000 48.6097 21.9143 0 0 0 0.988822 0.149099
835.600000000 48.5723 21.9233 0 0 0 0.989732 0.142938
835.700000000 48.5348 21.9317 0 0 0 0.990603 0.136771
835.800000000 48.4989 21.9393 0 0 0 0.9914 0.130868
835.900000000 48.4645 21.9462 0 0 0 0.992128 0.125229
836.000000000 48.4317 21.9524 0 0 0 0.992792 0.119854
836.100000000 48.3989 21.9583 0 0 0 0.993393 0.114762
836.200000000 48.3676 21.9637 0 0 0 0.99394 0.109922
836.300000000 48.3379 21.9684 0 0 0 0.994437 0.105334
836.400000000 48.3082 21.9729 0 0 0 0.994912 0.100744
836.500000000 48.2801 21.9769 0 0 0 0.995342 0.0964073
836.600000000 48.2536 21.9804 0 0 0 0.995729 0.0923238
836.700000000 48.2271 21.9837 0 0 0 0.996099 0.0882387
836.800000000 48.2023 21.9865 0 0 0 0.996431 0.0844075
836.900000000 48.1774 21.9892 0 0 0 0.996749 0.0805751
837.000000000 48.1541 21.9916 0 0 0 0.997031 0.0769971
837.100000000 48.1308 21.9937 0 0 0 0.997301 0.0734182
837.200000000 48.1092 21.9956 0 0 0 0.99754 0.070094
837.300000000 48.0876 21.9977 0 0 0 0.997707 0.0676782
837.400000000 48.0677 21.9995 0 0 0 0.997845 0.0656119
837.500000000 48.0478 22.0013 0 0 0 0.997979 0.0635453
837.600000000 48.0278 22.003 0 0 0 0.998108 0.0614785
837.700000000 48.0079 22.0047 0 0 0 0.998234 0.0594114
837.800000000 47.9879 22.0062 0 0 0 0.998354 0.057344
837.900000000 47.9696 22.0076 0 0 0 0.998462 0.0554487
838.000000000 47.9497 22.009 0 0 0 0.998574 0.0533809
838.100000000 47.9297 22.0103 0 0 0 0.998683 0.0513128
838.200000000 47.9097 22.0115 0 0 0 0.998787 0.0492445
838.300000000 47.8897 22.0126 0 0 0 0.998894 0.0470119
838.400000000 47.8697 22.0135 0 0 0 0.999004 0.0446136
838.500000000 47.8497 22.0143 0 0 0 0.999109 0.0422151
838.600000000 47.8314 22.015 0 0 0 0.999199 0.0400162
838.700000000 47.8114 22.0156 0 0 0 0.999292 0.0376172
838.800000000 47.7913 22.0162 0 0 0 0.99938 0.035218
838.900000000 47.773 22.0166 0 0 0 0.999455 0.0330186
839.000000000 47.753 22.017 0 0 0 0.999531 0.030619
839.100000000 47.733 22.0172 0 0 0 0.999602 0.0282193
839.200000000 47.7129 22.0174 0 0 0 0.999667 0.0258194
839.300000000 47.6929 22.0177 0 0 0 0.999714 0.0239123
839.400000000 47.6729 22.0179 0 0 0 0.999754 0.0221675
839.500000000 47.6529 22.0181 0 0 0 0.999791 0.0204226
839.600000000 47.6346 22.0182 0 0 0 0.999823 0.0188231
839.700000000 47.6146 22.0183 0 0 0 0.999854 0.0170781
839.800000000 47.5962 22.0183 0 0 0 0.99988 0.0154785
839.900000000 47.5762 22.0182 0 0 0 0.999906 0.0137334
840.000000000 47.5562 22.018 0 0 0 0.999928 0.0119883
840.100000000 47.5362 22.0178 0 0 0 0.999948 0.0102431
840.200000000 47.5162 22.0176 0 0 0 0.999963 0.00865932
840.300000000 47.4962 22.0173 0 0 0 0.999975 0.00707552
840.400000000 47.4762 22.0169 0 0 0 0.999985 0.00549171
840.500000000 47.4562 22.0165 0 0 0 0.999992 0.00390788
840.600000000 47.4362 22.0161 0 0 0 0.999997 0.00232405
840.700000000 47.4162 22.0155 0 0 0 1 0.000740206
840.800000000 47.3978 22.015 0 0 0 1 -0.000711651
840.900000000 47.3795 22.0144 0 0 0 0.999998 -0.00216351
841.000000000 47.3595 22.0136 0 0 0 0.999993 -0.00374734
841.100000000 47.3395 22.0129 0 0 0 0.999986 -0.00533117
841.200000000 47.3195 22.012 0 0 0 0.999976 -0.00691499
841.300000000 47.3012 22.0112 0 0 0 0.999965 -0.0083668
841.400000000 47.2812 22.0102 0 0 0 0.99995 -0.00995058
841.500000000 47.2629 22.0093 0 0 0 0.999935 -0.0114024
841.600000000 47.2429 22.0082 0 0 0 0.999916 -0.0129861
841.700000000 47.2229 22.007 0 0 0 0.999894 -0.0145698
841.800000000 47.203 22.0058 0 0 0 0.99987 -0.0161534
841.900000000 47.183 22.0045 0 0 0 0.999843 -0.017737
842.000000000 47.1647 22.0033 0 0 0 0.999816 -0.0191887
842.100000000 47.1464 22.0022 0 0 0 0.999796 -0.0202005
842.200000000 47.1264 22.0009 0 0 0 0.999773 -0.0213042
842.300000000 47.1064 22 0 0 0 0.999766 -0.0216184
842.400000000 47.0865 21.999 0 0 0 0.999763 -0.0217755
842.500000000 47.0681 21.9982 0 0 0 0.99976 -0.0219195
842.600000000 47.0482 21.9972 0 0 0 0.999756 -0.0220765
842.700000000 47.0265 21.9962 0 0 0 0.999753 -0.0222467
842.800000000 47.0066 21.9953 0 0 0 0.999749 -0.0224037
842.900000000 46.9866 21.9943 0 0 0 0.999745 -0.0225608
843.000000000 46.9683 21.9934 0 0 0 0.999742 -0.0227047
843.100000000 46.9483 21.9924 0 0 0 0.999739 -0.0228618
843.200000000 46.93 21.9915 0 0 0 0.999735 -0.0230057
843.300000000 46.9083 21.9905 0 0 0 0.999731 -0.0231759
843.400000000 46.8867 21.9894 0 0 0 0.999727 -0.023346
843.500000000 46.8667 21.9884 0 0 0 0.999724 -0.0235031
843.600000000 46.8451 21.9873 0 0 0 0.99972 -0.0236732
843.700000000 46.8234 21.9862 0 0 0 0.999716 -0.0238433
843.800000000 46.8018 21.9851 0 0 0 0.999712 -0.0240135
843.900000000 46.7802 21.984 0 0 0 0.999708 -0.0241836
844.000000000 46.7585 21.9829 0 0 0 0.999703 -0.0243537
844.100000000 46.7369 21.9818 0 0 0 0.999699 -0.0245239
844.200000000 46.7152 21.9807 0 0 0 0.999699 -0.0245239
844.300000000 46.6936 21.9797 0 0 0 0.999699 -0.0245239
844.400000000 46.672 21.9786 0 0 0 0.999699 -0.0245239
844.500000000 46.6503 21.9775 0 0 0 0.999699 -0.0245239
844.600000000 46.6303 21.9766 0 0 0 0.999699 -0.0245239
844.700000000 46.6104 21.9756 0 0 0 0.999699 -0.0245239
844.800000000 46.5921 21.9747 0 0 0 0.999699 -0.0245239
844.900000000 46.5721 21.9737 0 0 0 0.999699 -0.0245239
845.000000000 46.5521 21.9727 0 0 0 0.999699 -0.0245239
845.100000000 46.5321 21.9717 0 0 0 0.999699 -0.0245239
845.200000000 46.5122 21.9708 0 0 0 0.999699 -0.0245239
845.300000000 46.4938 21.9699 0 0 0 0.999699 -0.0245239
845.400000000 46.4739 21.9689 0 0 0 0.999699 -0.0245239
845.500000000 46.4539 21.9679 0 0 0 0.999699 -0.0245239
845.600000000 46.4339 21.9669 0 0 0 0.999699 -0.0245239
845.700000000 46.4139 21.9659 0 0 0 0.999699 -0.0245239
845.800000000 46.394 21.965 0 0 0 0.999699 -0.0245239
845.900000000 46.374 21.964 0 0 0 0.999699 -0.0245239
846.000000000 46.3557 21.9631 0 0 0 0.999699 -0.0245239
846.100000000 46.3357 21.9621 0 0 0 0.999699 -0.0245239
846.200000000 46.3157 21.9611 0 0 0 0.999699 -0.0245239
846.300000000 46.2958 21.9601 0 0 0 0.999699 -0.0245239
846.400000000 46.2758 21.9591 0 0 0 0.999699 -0.0245239
846.500000000 46.2575 21.9582 0 0 0 0.999699 -0.0245239
846.600000000 46.2375 21.9573 0 0 0 0.999699 -0.0245239
846.700000000 46.2158 21.9562 0 0 0 0.999699 -0.0245239
846.800000000 46.1959 21.9552 0 0 0 0.999699 -0.0245239
846.900000000 46.1742 21.9542 0 0 0 0.999699 -0.0245239
847.000000000 46.1543 21.9532 0 0 0 0.999699 -0.0245239
847.100000000 46.1343 21.9522 0 0 0 0.999699 -0.0245239
847.200000000 46.116 21.9513 0 0 0 0.999699 -0.0245239
847.300000000 46.096 21.9503 0 0 0 0.999699 -0.0245239
847.400000000 46.076 21.9493 0 0 0 0.999699 -0.0245239
847.500000000 46.0577 21.9484 0 0 0 0.999699 -0.0245239
847.600000000 46.0377 21.9475 0 0 0 0.999699 -0.0245239
847.700000000 46.0178 21.9465 0 0 0 0.999699 -0.0245239
847.800000000 45.9978 21.9455 0 0 0 0.999699 -0.0245239
847.900000000 45.9778 21.9445 0 0 0 0.999699 -0.0245239
848.000000000 45.9578 21.9435 0 0 0 0.999699 -0.0245239
848.100000000 45.9362 21.9425 0 0 0 0.999699 -0.0245239
848.200000000 45.9162 21.9415 0 0 0 0.999699 -0.0245239
848.300000000 45.8946 21.9404 0 0 0 0.999699 -0.0245239
848.400000000 45.8746 21.9395 0 0 0 0.999699 -0.0245239
848.500000000 45.8513 21.9383 0 0 0 0.999699 -0.0245239
848.600000000 45.8296 21.9372 0 0 0 0.999699 -0.0245239
848.700000000 45.808 21.9362 0 0 0 0.999699 -0.0245239
848.800000000 45.7847 21.935 0 0 0 0.999699 -0.0245239
848.900000000 45.7631 21.934 0 0 0 0.999699 -0.0245239
849.000000000 45.7414 21.9329 0 0 0 0.999699 -0.0245239
849.100000000 45.7198 21.9319 0 0 0 0.999699 -0.0245239
849.200000000 45.6981 21.9308 0 0 0 0.999699 -0.0245239
849.300000000 45.6782 21.9298 0 0 0 0.999699 -0.0245239
849.400000000 45.6582 21.9288 0 0 0 0.999699 -0.0245239
849.500000000 45.6399 21.9279 0 0 0 0.999699 -0.0245239
849.600000000 45.6199 21.927 0 0 0 0.999699 -0.0245239
849.700000000 45.5999 21.926 0 0 0 0.999699 -0.0245239
849.800000000 45.5799 21.925 0 0 0 0.999699 -0.0245239
849.900000000 45.56 21.924 0 0 0 0.999699 -0.0245239
850.000000000 45.5417 21.9231 0 0 0 0.999699 -0.0245239
850.100000000 45.5217 21.9221 0 0 0 0.999699 -0.0245239
850.200000000 45.5017 21.9211 0 0 0 0.999699 -0.0245239
850.300000000 45.4817 21.9202 0 0 0 0.999699 -0.0245239
850.400000000 45.4618 21.9192 0 0 0 0.999699 -0.0245239
850.500000000 45.4434 21.9183 0 0 0 0.999699 -0.0245239
850.600000000 45.4235 21.9173 0 0 0 0.999699 -0.0245239
850.700000000 45.4035 21.9163 0 0 0 0.999699 -0.0245239
850.800000000 45.3835 21.9153 0 0 0 0.999699 -0.0245239
850.900000000 45.3619 21.9143 0 0 0 0.999699 -0.0245239
851.000000000 45.3419 21.9133 0 0 0 0.999699 -0.0245239
851.100000000 45.3219 21.9123 0 0 0 0.999699 -0.0245239
851.200000000 45.3036 21.9114 0 0 0 0.999699 -0.0245239
851.300000000 45.2836 21.9107 0 0 0 0.999714 -0.0238949
851.400000000 45.2636 21.91 0 0 0 0.999729 -0.0232659
851.500000000 45.2436 21.9093 0 0 0 0.999744 -0.022637
851.600000000 45.2237 21.9087 0 0 0 0.999758 -0.022008
851.700000000 45.2037 21.908 0 0 0 0.999771 -0.021379
851.800000000 45.1837 21.9074 0 0 0 0.999785 -0.02075
851.900000000 45.1653 21.9069 0 0 0 0.999796 -0.0201734
852.000000000 45.1453 21.9063 0 0 0 0.999809 -0.0195443
852.100000000 45.1237 21.9058 0 0 0 0.999822 -0.0188629
852.200000000 45.1037 21.9053 0 0 0 0.999834 -0.0182339
852.300000000 45.0837 21.9048 0 0 0 0.999845 -0.0176048
852.400000000 45.0654 21.9044 0 0 0 0.999855 -0.0170282
852.500000000 45.0454 21.9039 0 0 0 0.999866 -0.0163991
852.600000000 45.0254 21.9035 0 0 0 0.999876 -0.0157701
852.700000000 45.0054 21.9032 0 0 0 0.999885 -0.015141
852.800000000 44.9854 21.9028 0 0 0 0.999895 -0.0145119
852.900000000 44.9654 21.9025 0 0 0 0.999904 -0.0138828
853.000000000 44.9454 21.9022 0 0 0 0.999912 -0.0132537
853.100000000 44.927 21.9019 0 0 0 0.99992 -0.0126771
853.200000000 44.907 21.9017 0 0 0 0.999927 -0.012048
853.300000000 44.887 21.9014 0 0 0 0.999935 -0.0114189
853.400000000 44.867 21.9012 0 0 0 0.999942 -0.0107898
853.500000000 44.847 21.901 0 0 0 0.999948 -0.0101606
853.600000000 44.8287 21.9009 0 0 0 0.999954 -0.00958395
853.700000000 44.8087 21.9008 0 0 0 0.99996 -0.00895483
853.800000000 44.7887 21.9007 0 0 0 0.999965 -0.00832571
853.900000000 44.7687 21.9006 0 0 0 0.99997 -0.00769658
854.000000000 44.7487 21.9005 0 0 0 0.999975 -0.00706745
854.100000000 44.7287 21.9005 0 0 0 0.999979 -0.00643832
854.200000000 44.7087 21.9005 0 0 0 0.999983 -0.00580918
854.300000000 44.6904 21.9004 0 0 0 0.999985 -0.00552112
854.400000000 44.6704 21.9003 0 0 0 0.999986 -0.00520686
854.500000000 44.6487 21.9002 0 0 0 0.999988 -0.00486641
854.600000000 44.6287 21.9001 0 0 0 0.99999 -0.00455215
854.700000000 44.6087 21.9001 0 0 0 0.999991 -0.00423789
854.800000000 44.5904 21.9 0 0 0 0.999992 -0.00394982
854.900000000 44.5704 21.9 0 0 0 0.999993 -0.00363556
855.000000000 44.5504 21.9 0 0 0 0.999994 -0.0033213
855.100000000 44.5304 21.9 0 0 0 0.999995 -0.00300704
855.200000000 44.5104 21.9 0 0 0 0.999996 -0.00269278
855.300000000 44.4904 21.9 0 0 0 0.999997 -0.00237851
855.400000000 44.4704 21.9 0 0 0 0.999998 -0.00206425
855.500000000 44.4504 21.9001 0 0 0 0.999998 -0.00174999
855.600000000 44.4304 21.9001 0 0 0 0.999999 -0.00143573
855.700000000 44.4087 21.9002 0 0 0 0.999999 -0.00109528
855.800000000 44.3887 21.9003 0 0 0 1 -0.000781015
855.900000000 44.3687 21.9004 0 0 0 1 -0.000466752
856.000000000 44.3504 21.9005 0 0 0 1 -0.000178678
856.100000000 44.3304 21.9006 0 0 0 1 0.000135585
856.200000000 44.3104 21.9007 0 0 0 1 0.000449847
856.300000000 44.2904 21.9008 0 0 0 1 0.00060694
856.400000000 44.2704 21.9009 0 0 0 1 0.000764032
856.500000000 44.2504 21.901 0 0 0 1 0.000921125
856.600000000 44.2304 21.9011 0 0 0 0.999999 0.00107822
856.700000000 44.2104 21.9012 0 0 0 0.999999 0.00123531
856.800000000 44.1904 21.9013 0 0 0 0.999999 0.0013924
856.900000000 44.1687 21.9014 0 0 0 0.999999 0.00156259
857.000000000 44.1487 21.9016 0 0 0 0.999999 0.00171968
857.100000000 44.1287 21.9017 0 0 0 0.999998 0.00187677
857.200000000 44.1087 21.9018 0 0 0 0.999998 0.00203386
857.300000000 44.0887 21.902 0 0 0 0.999998 0.00219095
857.400000000 44.0704 21.9021 0 0 0 0.999997 0.00233496
857.500000000 44.0504 21.9023 0 0 0 0.999997 0.00249205
857.600000000 44.0304 21.9024 0 0 0 0.999996 0.00264914
857.700000000 44.012 21.9026 0 0 0 0.999996 0.00279314
857.800000000 43.992 21.9028 0 0 0 0.999996 0.00295023
857.900000000 43.9737 21.9029 0 0 0 0.999995 0.00309423
858.000000000 43.9537 21.9031 0 0 0 0.999995 0.00325133
858.100000000 43.9337 21.9033 0 0 0 0.999994 0.00340842
858.200000000 43.9137 21.9035 0 0 0 0.999994 0.00356551
858.300000000 43.8937 21.9037 0 0 0 0.999993 0.0037226
858.400000000 43.8754 21.9039 0 0 0 0.999993 0.0038666
858.500000000 43.8554 21.9041 0 0 0 0.999992 0.00402369
858.600000000 43.8354 21.9044 0 0 0 0.999991 0.00418078
858.700000000 43.817 21.9046 0 0 0 0.999991 0.00432478
858.800000000 43.797 21.9048 0 0 0 0.99999 0.00448187
858.900000000 43.7771 21.905 0 0 0 0.999989 0.00463897
859.000000000 43.7571 21.9053 0 0 0 0.999988 0.00479606
859.100000000 43.7387 21.9055 0 0 0 0.999988 0.00494006
859.200000000 43.7187 21.9058 0 0 0 0.999987 0.00509715
859.300000000 43.6971 21.9061 0 0 0 0.999986 0.00526733
859.400000000 43.6771 21.9063 0 0 0 0.999985 0.00542442
859.500000000 43.6571 21.9066 0 0 0 0.999984 0.00558151
859.600000000 43.6387 21.9069 0 0 0 0.999984 0.00572551
859.700000000 43.6204 21.9072 0 0 0 0.999983 0.00586951
859.800000000 43.6004 21.9075 0 0 0 0.999982 0.0060266
859.900000000 43.5804 21.9078 0 0 0 0.999981 0.00618369
860.000000000 43.5604 21.9081 0 0 0 0.99998 0.00634078
860.100000000 43.5421 21.9084 0 0 0 0.999979 0.00648477
860.200000000 43.5221 21.9087 0 0 0 0.999978 0.00664186
860.300000000 43.5004 21.909 0 0 0 0.999977 0.00681204
860.400000000 43.4804 21.9093 0 0 0 0.999977 0.00681204
860.500000000 43.4587 21.9096 0 0 0 0.999977 0.00681204
860.600000000 43.4388 21.9099 0 0 0 0.999977 0.00681204
860.700000000 43.4188 21.9101 0 0 0 0.999977 0.00681204
860.800000000 43.4004 21.9104 0 0 0 0.999977 0.00681204
860.900000000 43.3804 21.9107 0 0 0 0.999977 0.00681204
861.000000000 43.3604 21.9109 0 0 0 0.999977 0.00681204
861.100000000 43.3404 21.9112 0 0 0 0.999977 0.00681204
861.200000000 43.3204 21.9115 0 0 0 0.999977 0.00681204
861.300000000 43.3021 21.9117 0 0 0 0.999977 0.00681204
861.400000000 43.2821 21.912 0 0 0 0.999977 0.00681204
861.500000000 43.2621 21.9123 0 0 0 0.999977 0.00681204
861.600000000 43.2421 21.9126 0 0 0 0.999977 0.00681204
861.700000000 43.2204 21.9128 0 0 0 0.999977 0.00681204
861.800000000 43.2004 21.9131 0 0 0 0.999977 0.00681204
861.900000000 43.1804 21.9134 0 0 0 0.999977 0.00681204
862.000000000 43.1621 21.9136 0 0 0 0.999977 0.00681204
862.100000000 43.1438 21.9139 0 0 0 0.999977 0.00681204
862.200000000 43.1238 21.9142 0 0 0 0.999977 0.00681204
862.300000000 43.1054 21.9144 0 0 0 0.999977 0.00681204
862.400000000 43.0854 21.9147 0 0 0 0.999977 0.00681204
862.500000000 43.0671 21.9149 0 0 0 0.999977 0.00681204
862.600000000 43.0471 21.9152 0 0 0 0.999977 0.00681204
862.700000000 43.0255 21.9155 0 0 0 0.999977 0.00681204
862.800000000 43.0055 21.9158 0 0 0 0.999977 0.00681204
862.900000000 42.9838 21.9161 0 0 0 0.999977 0.00681204
863.000000000 42.9638 21.9163 0 0 0 0.999977 0.00681204
863.100000000 42.9438 21.9166 0 0 0 0.999977 0.00681204
863.200000000 42.9255 21.9169 0 0 0 0.999977 0.00681204
863.300000000 42.9071 21.9171 0 0 0 0.999977 0.00681204
863.400000000 42.8871 21.9174 0 0 0 0.999977 0.00681204
863.500000000 42.8688 21.9176 0 0 0 0.999977 0.00681204
863.600000000 42.8488 21.9179 0 0 0 0.999977 0.00681204
863.700000000 42.8288 21.9182 0 0 0 0.999977 0.00681204
863.800000000 42.8088 21.9185 0 0 0 0.999977 0.00681204
863.900000000 42.7888 21.9187 0 0 0 0.999977 0.00681204
864.000000000 42.7688 21.919 0 0 0 0.999977 0.00681204
864.100000000 42.7488 21.9193 0 0 0 0.999977 0.00681204
864.200000000 42.7305 21.9195 0 0 0 0.999977 0.00681204
864.300000000 42.7105 21.9198 0 0 0 0.999977 0.00681204
864.400000000 42.6922 21.92 0 0 0 0.999977 0.00681204
864.500000000 42.6722 21.9203 0 0 0 0.999977 0.00681204
864.600000000 42.6522 21.9206 0 0 0 0.999977 0.00681204
864.700000000 42.6322 21.9209 0 0 0 0.999977 0.00681204
864.800000000 42.6122 21.9211 0 0 0 0.999977 0.00681204
864.900000000 42.5938 21.9214 0 0 0 0.999977 0.00681204
865.000000000 42.5738 21.9217 0 0 0 0.999977 0.00681204
865.100000000 42.5522 21.922 0 0 0 0.999977 0.00681204
865.200000000 42.5322 21.9222 0 0 0 0.999977 0.00681204
865.300000000 42.5122 21.9225 0 0 0 0.999977 0.00681204
865.400000000 42.4938 21.9227 0 0 0 0.999977 0.00681204
865.500000000 42.4738 21.923 0 0 0 0.999977 0.00681204
865.600000000 42.4538 21.9233 0 0 0 0.999977 0.00681204
865.700000000 42.4338 21.9236 0 0 0 0.999977 0.00681204
865.800000000 42.4138 21.9238 0 0 0 0.999977 0.00681204
865.900000000 42.3938 21.9241 0 0 0 0.999977 0.00681204
866.000000000 42.3738 21.9244 0 0 0 0.999977 0.00681204
866.100000000 42.3539 21.9247 0 0 0 0.999977 0.00681204
866.200000000 42.3339 21.9249 0 0 0 0.999977 0.00681204
866.300000000 42.3122 21.9252 0 0 0 0.999977 0.00681204
866.400000000 42.2922 21.9255 0 0 0 0.999977 0.00681204
866.500000000 42.2722 21.9258 0 0 0 0.999977 0.00681204
866.600000000 42.2539 21.926 0 0 0 0.999977 0.00681204
866.700000000 42.2355 21.9263 0 0 0 0.999977 0.00681204
866.800000000 42.2155 21.9265 0 0 0 0.999977 0.00681204
866.900000000 42.1955 21.9268 0 0 0 0.999977 0.00681204
867.000000000 42.1755 21.9271 0 0 0 0.999977 0.00681204
867.100000000 42.1555 21.9274 0 0 0 0.999977 0.00681204
867.200000000 42.1355 21.9276 0 0 0 0.999977 0.00681204
867.300000000 42.1172 21.9279 0 0 0 0.999977 0.00681204
867.400000000 42.0972 21.9282 0 0 0 0.999977 0.00681204
867.500000000 42.0755 21.9284 0 0 0 0.999977 0.00681204
867.600000000 42.0555 21.9287 0 0 0 0.999977 0.00681204
867.700000000 42.0355 21.929 0 0 0 0.999977 0.00681204
867.800000000 42.0172 21.9292 0 0 0 0.999977 0.00681204
867.900000000 41.9972 21.9295 0 0 0 0.999977 0.00681204
868.000000000 41.9772 21.9298 0 0 0 0.999977 0.00681204
868.100000000 41.9572 21.9301 0 0 0 0.999977 0.00681204
868.200000000 41.9372 21.9303 0 0 0 0.999977 0.00681204
868.300000000 41.9172 21.9306 0 0 0 0.999977 0.00681204
868.400000000 41.8972 21.9309 0 0 0 0.999977 0.00681204
868.500000000 41.8789 21.9311 0 0 0 0.999977 0.00681204
868.600000000 41.8589 21.9314 0 0 0 0.999977 0.00681204
868.700000000 41.8372 21.9317 0 0 0 0.999977 0.00681204
868.800000000 41.8172 21.932 0 0 0 0.999977 0.00681204
868.900000000 41.7972 21.9322 0 0 0 0.999977 0.00681204
869.000000000 41.7772 21.9325 0 0 0 0.999977 0.00681204
869.100000000 41.7572 21.9328 0 0 0 0.999977 0.00681204
869.200000000 41.7389 21.933 0 0 0 0.999977 0.00681204
869.300000000 41.7206 21.9333 0 0 0 0.999977 0.00681204
869.400000000 41.7006 21.9336 0 0 0 0.999977 0.00681204
869.500000000 41.6822 21.9338 0 0 0 0.999977 0.00681204
869.600000000 41.6622 21.9341 0 0 0 0.999977 0.00681204
869.700000000 41.6423 21.9344 0 0 0 0.999977 0.00681204
869.800000000 41.6223 21.9346 0 0 0 0.999977 0.00681204
869.900000000 41.6006 21.9349 0 0 0 0.999977 0.00681204
870.000000000 41.5806 21.9352 0 0 0 0.999977 0.00681204
870.100000000 41.5606 21.9355 0 0 0 0.999977 0.00681204
870.200000000 41.5423 21.9357 0 0 0 0.999977 0.00681204
870.300000000 41.5223 21.936 0 0 0 0.999977 0.00681204
870.400000000 41.5023 21.9363 0 0 0 0.999977 0.00681204
870.500000000 41.4839 21.9365 0 0 0 0.999977 0.00681204
870.600000000 41.4639 21.9368 0 0 0 0.999977 0.00681204
870.700000000 41.4439 21.9371 0 0 0 0.999977 0.00681204
870.800000000 41.4239 21.9373 0 0 0 0.999977 0.00681204
870.900000000 41.4039 21.9376 0 0 0 0.999977 0.00681204
871.000000000 41.3839 21.9379 0 0 0 0.999977 0.00681204
871.100000000 41.3623 21.9382 0 0 0 0.999977 0.00681204
871.200000000 41.3423 21.9384 0 0 0 0.999977 0.00681204
871.300000000 41.3223 21.9387 0 0 0 0.999977 0.00681204
871.400000000 41.3039 21.939 0 0 0 0.999977 0.00681204
871.500000000 41.2856 21.9392 0 0 0 0.999977 0.00681204
871.600000000 41.2656 21.9395 0 0 0 0.999977 0.00681204
871.700000000 41.2456 21.9398 0 0 0 0.999977 0.00681204
871.800000000 41.2256 21.94 0 0 0 0.999977 0.00681204
871.900000000 41.2056 21.9403 0 0 0 0.999977 0.00681204
872.000000000 41.1856 21.9406 0 0 0 0.999977 0.00681204
872.100000000 41.1656 21.9408 0 0 0 0.999977 0.00681204
872.200000000 41.1456 21.9411 0 0 0 0.999977 0.00681204
872.300000000 41.124 21.9414 0 0 0 0.999977 0.00681204
872.400000000 41.104 21.9417 0 0 0 0.999977 0.00681204
872.500000000 41.084 21.942 0 0 0 0.999977 0.00681204
872.600000000 41.0656 21.9422 0 0 0 0.999977 0.00681204
872.700000000 41.0473 21.9425 0 0 0 0.999977 0.00681204
872.800000000 41.0273 21.9427 0 0 0 0.999977 0.00681204
872.900000000 41.009 21.943 0 0 0 0.999977 0.00681204
873.000000000 40.989 21.9433 0 0 0 0.999977 0.00681204
873.100000000 40.9706 21.9435 0 0 0 0.999977 0.00681204
873.200000000 40.9506 21.9438 0 0 0 0.999977 0.00681204
873.300000000 40.9306 21.944 0 0 0 0.999977 0.00681204
873.400000000 40.9107 21.9443 0 0 0 0.999977 0.00681204
873.500000000 40.889 21.9446 0 0 0 0.999977 0.00681204
873.600000000 40.869 21.9449 0 0 0 0.999977 0.00681204
873.700000000 40.849 21.9452 0 0 0 0.999977 0.00681204
873.800000000 40.8307 21.9454 0 0 0 0.999977 0.00681204
873.900000000 40.8107 21.9457 0 0 0 0.999977 0.00681204
874.000000000 40.7907 21.946 0 0 0 0.999977 0.00681204
874.100000000 40.7707 21.9462 0 0 0 0.999977 0.00681204
874.200000000 40.7507 21.9465 0 0 0 0.999977 0.00681204
874.300000000 40.7323 21.9467 0 0 0 0.999977 0.00681204
874.400000000 40.7123 21.947 0 0 0 0.999977 0.00681204
874.500000000 40.6907 21.9473 0 0 0 0.999977 0.00681204
874.600000000 40.6707 21.9476 0 0 0 0.999977 0.00681204
874.700000000 40.649 21.9479 0 0 0 0.999977 0.00681204
874.800000000 40.629 21.9482 0 0 0 0.999977 0.00681204
874.900000000 40.609 21.9484 0 0 0 0.999977 0.00681204
875.000000000 40.5907 21.9487 0 0 0 0.999977 0.00681204
875.100000000 40.5723 21.9489 0 0 0 0.999977 0.00681204
875.200000000 40.5524 21.9492 0 0 0 0.999977 0.00681204
875.300000000 40.534 21.9495 0 0 0 0.999977 0.00681204
875.400000000 40.514 21.9497 0 0 0 0.999977 0.00681204
875.500000000 40.494 21.95 0 0 0 0.999977 0.00681204
875.600000000 40.474 21.9503 0 0 0 0.999977 0.00681204
875.700000000 40.454 21.9505 0 0 0 0.999977 0.00681204
875.800000000 40.434 21.9508 0 0 0 0.999977 0.00681204
875.900000000 40.4124 21.9511 0 0 0 0.999977 0.00681204
876.000000000 40.3924 21.9514 0 0 0 0.999977 0.00681204
876.100000000 40.3724 21.9517 0 0 0 0.999977 0.00681204
876.200000000 40.354 21.9519 0 0 0 0.999977 0.00681204
876.300000000 40.334 21.9522 0 0 0 0.999977 0.00681204
876.400000000 40.314 21.9524 0 0 0 0.999977 0.00681204
876.500000000 40.294 21.9527 0 0 0 0.999977 0.00681204
876.600000000 40.274 21.953 0 0 0 0.999977 0.00681204
876.700000000 40.254 21.9533 0 0 0 0.999977 0.00681204
876.800000000 40.234 21.9535 0 0 0 0.999977 0.00681204
876.900000000 40.2157 21.9538 0 0 0 0.999977 0.00681204
877.000000000 40.1957 21.9541 0 0 0 0.999977 0.00681204
877.100000000 40.1757 21.9543 0 0 0 0.999977 0.00681204
877.200000000 40.1557 21.9546 0 0 0 0.999977 0.00681204
877.300000000 40.1357 21.9549 0 0 0 0.999977 0.00681204
877.400000000 40.1174 21.9551 0 0 0 0.999977 0.00681204
877.500000000 40.0974 21.9554 0 0 0 0.999977 0.00681204
877.600000000 40.0774 21.9557 0 0 0 0.999977 0.00681204
877.700000000 40.0574 21.9559 0 0 0 0.999977 0.00681204
877.800000000 40.0374 21.9562 0 0 0 0.999977 0.00681204
877.900000000 40.0174 21.9565 0 0 0 0.999977 0.00681204
878.000000000 39.9974 21.9568 0 0 0 0.999977 0.00681204
878.100000000 39.9757 21.9571 0 0 0 0.999977 0.00681204
878.200000000 39.9557 21.9573 0 0 0 0.999977 0.00681204
878.300000000 39.9341 21.9576 0 0 0 0.999977 0.00681204
878.400000000 39.9141 21.9579 0 0 0 0.999977 0.00681204
878.500000000 39.8941 21.9582 0 0 0 0.999977 0.00681204
878.600000000 39.8757 21.9584 0 0 0 0.999977 0.00681204
878.700000000 39.8557 21.9587 0 0 0 0.999977 0.00681204
878.800000000 39.8358 21.959 0 0 0 0.999977 0.00681204
878.900000000 39.8158 21.9592 0 0 0 0.999977 0.00681204
879.000000000 39.7958 21.9595 0 0 0 0.999977 0.00681204
879.100000000 39.7758 21.9598 0 0 0 0.999977 0.00681204
879.200000000 39.7558 21.9601 0 0 0 0.999977 0.00681204
879.300000000 39.7358 21.9603 0 0 0 0.999977 0.00681204
879.400000000 39.7158 21.9606 0 0 0 0.999977 0.00681204
879.500000000 39.6958 21.9609 0 0 0 0.999977 0.00681204
879.600000000 39.6758 21.9611 0 0 0 0.999977 0.00681204
879.700000000 39.6558 21.9614 0 0 0 0.999977 0.00681204
879.800000000 39.6374 21.9617 0 0 0 0.999977 0.00681204
879.900000000 39.6174 21.9619 0 0 0 0.999977 0.00681204
880.000000000 39.5974 21.9622 0 0 0 0.999977 0.00681204
880.100000000 39.5791 21.9625 0 0 0 0.999977 0.00681204
880.200000000 39.5591 21.9627 0 0 0 0.999977 0.00681204
880.300000000 39.5391 21.963 0 0 0 0.999977 0.00681204
880.400000000 39.5191 21.9633 0 0 0 0.999977 0.00681204
880.500000000 39.4991 21.9636 0 0 0 0.999977 0.00681204
880.600000000 39.4791 21.9638 0 0 0 0.999977 0.00681204
880.700000000 39.4575 21.9641 0 0 0 0.999977 0.00681204
880.800000000 39.4375 21.9644 0 0 0 0.999977 0.00681204
880.900000000 39.4175 21.9647 0 0 0 0.999977 0.00681204
881.000000000 39.3991 21.9649 0 0 0 0.999977 0.00681204
881.100000000 39.3791 21.9652 0 0 0 0.999977 0.00681204
881.200000000 39.3591 21.9655 0 0 0 0.999977 0.00681204
881.300000000 39.3408 21.9657 0 0 0 0.999977 0.00681204
881.400000000 39.3208 21.966 0 0 0 0.999977 0.00681204
881.500000000 39.3008 21.9663 0 0 0 0.999977 0.00681204
881.600000000 39.2808 21.9665 0 0 0 0.999977 0.00681204
881.700000000 39.2608 21.9668 0 0 0 0.999977 0.00681204
881.800000000 39.2408 21.9671 0 0 0 0.999977 0.00681204
881.900000000 39.2208 21.9673 0 0 0 0.999977 0.00681204
882.000000000 39.2008 21.9676 0 0 0 0.999977 0.00681204
882.100000000 39.1808 21.9679 0 0 0 0.999977 0.00681204
882.200000000 39.1625 21.9681 0 0 0 0.999977 0.00681204
882.300000000 39.1441 21.9684 0 0 0 0.999977 0.00681204
882.400000000 39.1242 21.9687 0 0 0 0.999977 0.00681204
882.500000000 39.1058 21.9689 0 0 0 0.999977 0.00681204
882.600000000 39.0858 21.9692 0 0 0 0.999977 0.00681204
882.700000000 39.0658 21.9695 0 0 0 0.999977 0.00681204
882.800000000 39.0458 21.9697 0 0 0 0.999977 0.00681204
882.900000000 39.0242 21.97 0 0 0 0.999977 0.00681204
883.000000000 39.0042 21.9703 0 0 0 0.999977 0.00681204
883.100000000 38.9825 21.9706 0 0 0 0.999977 0.00681204
883.200000000 38.9625 21.9709 0 0 0 0.999977 0.00681204
883.300000000 38.9425 21.9711 0 0 0 0.999977 0.00681204
883.400000000 38.9242 21.9714 0 0 0 0.999977 0.00681204
883.500000000 38.9042 21.9717 0 0 0 0.999977 0.00681204
883.600000000 38.8842 21.9719 0 0 0 0.999977 0.00681204
883.700000000 38.8642 21.9722 0 0 0 0.999977 0.00681204
883.800000000 38.8442 21.9725 0 0 0 0.999977 0.00681204
883.900000000 38.8242 21.9727 0 0 0 0.999977 0.00681204
884.000000000 38.8042 21.973 0 0 0 0.999977 0.00681204
884.100000000 38.7858 21.9733 0 0 0 0.999977 0.00681204
884.200000000 38.7659 21.9735 0 0 0 0.999977 0.00681204
884.300000000 38.7459 21.9738 0 0 0 0.999977 0.00681204
884.400000000 38.7259 21.9741 0 0 0 0.999977 0.00681204
884.500000000 38.7059 21.9744 0 0 0 0.999977 0.00681204
884.600000000 38.6875 21.9746 0 0 0 0.999977 0.00681204
884.700000000 38.6675 21.9749 0 0 0 0.999977 0.00681204
884.800000000 38.6475 21.9752 0 0 0 0.999977 0.00681204
884.900000000 38.6275 21.9754 0 0 0 0.999977 0.00681204
885.000000000 38.6075 21.9757 0 0 0 0.999977 0.00681204
885.100000000 38.5892 21.9759 0 0 0 0.999977 0.00681204
885.200000000 38.5692 21.9762 0 0 0 0.999977 0.00681204
885.300000000 38.5425 21.9766 0 0 0 0.999977 0.00681204
885.400000000 38.5175 21.9769 0 0 0 0.999977 0.00681204
885.500000000 38.4992 21.9772 0 0 0 0.999977 0.00681204
885.600000000 38.4742 21.9775 0 0 0 0.999977 0.00681204
885.700000000 38.4475 21.9779 0 0 0 0.999977 0.00681204
885.800000000 38.4225 21.9782 0 0 0 0.999977 0.00681204
885.900000000 38.3992 21.9785 0 0 0 0.999977 0.00681204
886.000000000 38.3742 21.9789 0 0 0 0.999977 0.00681204
886.100000000 38.3509 21.9792 0 0 0 0.999977 0.00681204
886.200000000 38.3259 21.9795 0 0 0 0.999977 0.00681204
886.300000000 38.3026 21.9799 0 0 0 0.999977 0.00681204
886.400000000 38.2792 21.9802 0 0 0 0.999977 0.00681204
886.500000000 38.2559 21.9805 0 0 0 0.999977 0.00681204
886.600000000 38.2326 21.9808 0 0 0 0.999977 0.00681204
886.700000000 38.2109 21.9811 0 0 0 0.999977 0.00681204
886.800000000 38.1892 21.9814 0 0 0 0.999977 0.00681204
886.900000000 38.1676 21.9817 0 0 0 0.999977 0.00681204
887.000000000 38.1476 21.982 0 0 0 0.999977 0.00681204
887.100000000 38.1276 21.9822 0 0 0 0.999977 0.00681204
887.200000000 38.1076 21.9825 0 0 0 0.999977 0.00681204
887.300000000 38.0876 21.9828 0 0 0 0.999977 0.00681204
887.400000000 38.0692 21.983 0 0 0 0.999977 0.00681204
887.500000000 38.0509 21.9833 0 0 0 0.999977 0.00681204
887.600000000 38.0309 21.9836 0 0 0 0.999977 0.00681204
887.700000000 38.0126 21.9838 0 0 0 0.999977 0.00681204
887.800000000 37.9926 21.9841 0 0 0 0.999977 0.00681204
887.900000000 37.9726 21.9844 0 0 0 0.999977 0.00681204
888.000000000 37.9526 21.9846 0 0 0 0.999977 0.00681204
888.100000000 37.9326 21.9849 0 0 0 0.999977 0.00681204
888.200000000 37.9126 21.9852 0 0 0 0.999977 0.00681204
888.300000000 37.8926 21.9854 0 0 0 0.999977 0.00681204
888.400000000 37.8743 21.9857 0 0 0 0.999977 0.00681204
888.500000000 37.8543 21.986 0 0 0 0.999977 0.00681204
888.600000000 37.8343 21.9862 0 0 0 0.999977 0.00681204
888.700000000 37.8159 21.9865 0 0 0 0.999977 0.00681204
888.800000000 37.7959 21.9868 0 0 0 0.999977 0.00681204
888.900000000 37.7776 21.987 0 0 0 0.999977 0.00681204
889.000000000 37.7576 21.9873 0 0 0 0.999977 0.00681204
889.100000000 37.7376 21.9876 0 0 0 0.999977 0.00681204
889.200000000 37.7176 21.9878 0 0 0 0.999977 0.00681204
889.300000000 37.696 21.9881 0 0 0 0.999977 0.00681204
889.400000000 37.676 21.9884 0 0 0 0.999977 0.00681204
889.500000000 37.656 21.9887 0 0 0 0.999977 0.00681204
889.600000000 37.6376 21.9889 0 0 0 0.999977 0.00681204
889.700000000 37.6176 21.9892 0 0 0 0.999977 0.00681204
889.800000000 37.5976 21.9895 0 0 0 0.999977 0.00681204
889.900000000 37.5776 21.9897 0 0 0 0.999977 0.00681204
890.000000000 37.5576 21.99 0 0 0 0.999977 0.00681204
890.100000000 37.5393 21.9903 0 0 0 0.999977 0.00681204
890.200000000 37.5193 21.9905 0 0 0 0.999977 0.00681204
890.300000000 37.4993 21.9908 0 0 0 0.999977 0.00681204
890.400000000 37.4793 21.9911 0 0 0 0.999977 0.00681204
890.500000000 37.4576 21.9914 0 0 0 0.999977 0.00681204
890.600000000 37.4376 21.9916 0 0 0 0.999977 0.00681204
890.700000000 37.4176 21.9919 0 0 0 0.999977 0.00681204
890.800000000 37.3993 21.9922 0 0 0 0.999977 0.00681204
890.900000000 37.3793 21.9924 0 0 0 0.999977 0.00681204
891.000000000 37.3593 21.9927 0 0 0 0.999977 0.00681204
891.100000000 37.3393 21.993 0 0 0 0.999977 0.00681204
891.200000000 37.3193 21.9933 0 0 0 0.999977 0.00681204
891.300000000 37.301 21.9935 0 0 0 0.999977 0.00681204
891.400000000 37.281 21.9938 0 0 0 0.999977 0.00681204
891.500000000 37.261 21.994 0 0 0 0.999977 0.00681204
891.600000000 37.241 21.9943 0 0 0 0.999977 0.00681204
891.700000000 37.221 21.9946 0 0 0 0.999977 0.00681204
891.800000000 37.201 21.9949 0 0 0 0.999977 0.00681204
891.900000000 37.181 21.9951 0 0 0 0.999977 0.00681204
892.000000000 37.1627 21.9954 0 0 0 0.999977 0.00681204
892.100000000 37.1427 21.9957 0 0 0 0.999977 0.00681204
892.200000000 37.1227 21.9959 0 0 0 0.999977 0.00681204
892.300000000 37.1027 21.9962 0 0 0 0.999977 0.00681204
892.400000000 37.0827 21.9965 0 0 0 0.999977 0.00681204
892.500000000 37.0643 21.9967 0 0 0 0.999977 0.00681204
892.600000000 37.0443 21.997 0 0 0 0.999977 0.00681204
892.700000000 37.0243 21.9973 0 0 0 0.999977 0.00681204
892.800000000 37.0043 21.9975 0 0 0 0.999977 0.00681204
892.900000000 36.9843 21.9978 0 0 0 0.999977 0.00681204
893.000000000 36.9644 21.9981 0 0 0 0.999977 0.00681204
893.100000000 36.9444 21.9984 0 0 0 0.999977 0.00681204
893.200000000 36.926 21.9986 0 0 0 0.999977 0.00681204
893.300000000 36.9077 21.9989 0 0 0 0.999977 0.00681204
893.400000000 36.8877 21.9991 0 0 0 0.999977 0.00681204
893.500000000 36.8677 21.9994 0 0 0 0.999977 0.00681204
893.600000000 36.8477 21.9997 0 0 0 0.999977 0.00681204
893.700000000 36.8294 21.9999 0 0 0 0.999977 0.00681204
893.800000000 36.8094 22.0002 0 0 0 0.999977 0.00681204
893.900000000 36.7894 22.0005 0 0 0 0.999977 0.00681204
894.000000000 36.7694 22.0007 0 0 0 0.999977 0.00681204
894.100000000 36.7494 22.001 0 0 0 0.999977 0.00681204
894.200000000 36.731 22.0013 0 0 0 0.999977 0.00681204
894.300000000 36.7127 22.0015 0 0 0 0.999977 0.00681204
894.400000000 36.6927 22.0018 0 0 0 0.999977 0.00681204
894.500000000 36.6744 22.002 0 0 0 0.999977 0.00681204
894.600000000 36.6544 22.0023 0 0 0 0.999977 0.00681204
894.700000000 36.6344 22.0026 0 0 0 0.999977 0.00681204
894.800000000 36.6144 22.0029 0 0 0 0.999977 0.00681204
894.900000000 36.5944 22.0031 0 0 0 0.999977 0.00681204
895.000000000 36.5744 22.0034 0 0 0 0.999977 0.00681204
895.100000000 36.5527 22.0037 0 0 0 0.999977 0.00681204
895.200000000 36.5327 22.004 0 0 0 0.999977 0.00681204
895.300000000 36.5127 22.0042 0 0 0 0.999977 0.00681204
895.400000000 36.4944 22.0045 0 0 0 0.999977 0.00681204
895.500000000 36.4761 22.0047 0 0 0 0.999977 0.00681204
895.600000000 36.4561 22.005 0 0 0 0.999977 0.00681204
895.700000000 36.4377 22.0053 0 0 0 0.999977 0.00681204
895.800000000 36.4177 22.0055 0 0 0 0.999977 0.00681204
895.900000000 36.3977 22.0058 0 0 0 0.999977 0.00681204
896.000000000 36.3777 22.0061 0 0 0 0.999977 0.00681204
896.100000000 36.3577 22.0064 0 0 0 0.999977 0.00681204
896.200000000 36.3377 22.0066 0 0 0 0.999977 0.00681204
896.300000000 36.3177 22.0069 0 0 0 0.999977 0.00681204
896.400000000 36.2977 22.0072 0 0 0 0.999977 0.00681204
896.500000000 36.2777 22.0074 0 0 0 0.999977 0.00681204
896.600000000 36.2594 22.0077 0 0 0 0.999977 0.00681204
896.700000000 36.2411 22.0079 0 0 0 0.999977 0.00681204
896.800000000 36.2211 22.0082 0 0 0 0.999977 0.00681204
896.900000000 36.2011 22.0085 0 0 0 0.999977 0.00681204
897.000000000 36.1811 22.0088 0 0 0 0.999977 0.00681204
897.100000000 36.1611 22.009 0 0 0 0.999977 0.00681204
897.200000000 36.1411 22.0093 0 0 0 0.999977 0.00681204
897.300000000 36.1211 22.0096 0 0 0 0.999977 0.00681204
897.400000000 36.1011 22.0098 0 0 0 0.999977 0.00681204
897.500000000 36.0794 22.0101 0 0 0 0.999977 0.00681204
897.600000000 36.0594 22.0104 0 0 0 0.999977 0.00681204
897.700000000 36.0394 22.0107 0 0 0 0.999977 0.00681204
897.800000000 36.0211 22.0109 0 0 0 0.999977 0.00681204
897.900000000 36.0028 22.0112 0 0 0 0.999977 0.00681204
898.000000000 35.9828 22.0115 0 0 0 0.999977 0.00681204
898.100000000 35.9628 22.0117 0 0 0 0.999977 0.00681204
898.200000000 35.9428 22.012 0 0 0 0.999977 0.00681204
898.300000000 35.9228 22.0123 0 0 0 0.999977 0.00681204
898.400000000 35.9028 22.0126 0 0 0 0.999977 0.00681204
898.500000000 35.8811 22.0128 0 0 0 0.999977 0.00681204
898.600000000 35.8611 22.0131 0 0 0 0.999977 0.00681204
898.700000000 35.8411 22.0134 0 0 0 0.999977 0.00681204
898.800000000 35.8228 22.0136 0 0 0 0.999977 0.00681204
898.900000000 35.8028 22.0139 0 0 0 0.999977 0.00681204
899.000000000 35.7845 22.0142 0 0 0 0.999977 0.00681204
899.100000000 35.7661 22.0144 0 0 0 0.999977 0.00681204
899.200000000 35.7461 22.0147 0 0 0 0.999977 0.00681204
899.300000000 35.7278 22.0149 0 0 0 0.999977 0.00681204
899.400000000 35.7078 22.0152 0 0 0 0.999977 0.00681204
899.500000000 35.6878 22.0155 0 0 0 0.999977 0.00681204
899.600000000 35.6678 22.0158 0 0 0 0.999977 0.00681204
899.700000000 35.6461 22.016 0 0 0 0.999977 0.00681204
899.800000000 35.6261 22.0163 0 0 0 0.999977 0.00681204
899.900000000 35.6061 22.0166 0 0 0 0.999977 0.00681204
900.000000000 35.5878 22.0168 0 0 0 0.999977 0.00681204
900.100000000 35.5678 22.0171 0 0 0 0.999977 0.00681204
900.200000000 35.5495 22.0174 0 0 0 0.999977 0.00681204
900.300000000 35.5295 22.0176 0 0 0 0.999977 0.00681204
900.400000000 35.5095 22.0179 0 0 0 0.999977 0.00681204
900.500000000 35.4912 22.0182 0 0 0 0.999977 0.00681204
900.600000000 35.4712 22.0184 0 0 0 0.999977 0.00681204
900.700000000 35.4512 22.0187 0 0 0 0.999977 0.00681204
900.800000000 35.4312 22.019 0 0 0 0.999977 0.00681204
900.900000000 35.4095 22.0193 0 0 0 0.999977 0.00681204
901.000000000 35.3895 22.0195 0 0 0 0.999977 0.00681204
901.100000000 35.3695 22.0198 0 0 0 0.999977 0.00681204
901.200000000 35.3512 22.0201 0 0 0 0.999977 0.00681204
901.300000000 35.3328 22.0203 0 0 0 0.999977 0.00681204
901.400000000 35.3128 22.0206 0 0 0 0.999977 0.00681204
901.500000000 35.2928 22.0209 0 0 0 0.999977 0.00681204
901.600000000 35.2728 22.0211 0 0 0 0.999977 0.00681204
901.700000000 35.2545 22.0214 0 0 0 0.999977 0.00681204
901.800000000 35.2345 22.0217 0 0 0 0.999977 0.00681204
901.900000000 35.2162 22.0219 0 0 0 0.999977 0.00681204
902.000000000 35.1962 22.0222 0 0 0 0.999977 0.00681204
902.100000000 35.1762 22.0225 0 0 0 0.999977 0.00681204
902.200000000 35.1562 22.0227 0 0 0 0.999977 0.00681204
902.300000000 35.1362 22.023 0 0 0 0.999977 0.00681204
902.400000000 35.1179 22.0232 0 0 0 0.999977 0.00681204
902.500000000 35.0995 22.0235 0 0 0 0.999977 0.00681204
902.600000000 35.0795 22.0238 0 0 0 0.999977 0.00681204
902.700000000 35.0612 22.024 0 0 0 0.999977 0.00681204
902.800000000 35.0395 22.0243 0 0 0 0.999977 0.00681204
902.900000000 35.0179 22.0246 0 0 0 0.999977 0.00681204
903.000000000 34.9962 22.0249 0 0 0 0.999977 0.00681204
903.100000000 34.9745 22.0252 0 0 0 0.999977 0.00681204
903.200000000 34.9529 22.0255 0 0 0 0.999977 0.00681204
903.300000000 34.9312 22.0258 0 0 0 0.999977 0.00681204
903.400000000 34.9095 22.0261 0 0 0 0.999977 0.00681204
903.500000000 34.8879 22.0264 0 0 0 0.999977 0.00681204
903.600000000 34.8662 22.0267 0 0 0 0.999977 0.00681204
903.700000000 34.8445 22.027 0 0 0 0.999977 0.00681204
903.800000000 34.8229 22.0273 0 0 0 0.999977 0.00681204
903.900000000 34.8012 22.0276 0 0 0 0.999977 0.00681204
904.000000000 34.7796 22.0279 0 0 0 0.999977 0.00681204
904.100000000 34.7579 22.0282 0 0 0 0.999977 0.00681204
904.200000000 34.7379 22.0284 0 0 0 0.999977 0.00681204
904.300000000 34.7179 22.0287 0 0 0 0.999977 0.00681204
904.400000000 34.6979 22.029 0 0 0 0.999977 0.00681204
904.500000000 34.6796 22.0292 0 0 0 0.999977 0.00681204
904.600000000 34.6596 22.0295 0 0 0 0.999977 0.00681204
904.700000000 34.6396 22.0298 0 0 0 0.999977 0.00681204
904.800000000 34.6196 22.03 0 0 0 0.999977 0.00681204
904.900000000 34.5979 22.0303 0 0 0 0.999977 0.00681204
905.000000000 34.5779 22.0306 0 0 0 0.999977 0.00681204
905.100000000 34.5579 22.0309 0 0 0 0.999977 0.00681204
905.200000000 34.5396 22.0311 0 0 0 0.999977 0.00681204
905.300000000 34.5196 22.0314 0 0 0 0.999977 0.00681204
905.400000000 34.5012 22.0316 0 0 0 0.999977 0.00681204
905.500000000 34.4812 22.0319 0 0 0 0.999977 0.00681204
905.600000000 34.4613 22.0322 0 0 0 0.999977 0.00681204
905.700000000 34.4413 22.0325 0 0 0 0.999977 0.00681204
905.800000000 34.4213 22.0327 0 0 0 0.999977 0.00681204
905.900000000 34.4013 22.033 0 0 0 0.999977 0.00681204
906.000000000 34.3813 22.0333 0 0 0 0.999977 0.00681204
906.100000000 34.3596 22.0336 0 0 0 0.999977 0.00681204
906.200000000 34.3396 22.0339 0 0 0 0.999977 0.00681204
906.300000000 34.3179 22.0341 0 0 0 0.999977 0.00681204
906.400000000 34.2979 22.0344 0 0 0 0.999977 0.00681204
906.500000000 34.2779 22.0347 0 0 0 0.999977 0.00681204
906.600000000 34.2596 22.0349 0 0 0 0.999977 0.00681204
906.700000000 34.2413 22.0352 0 0 0 0.999977 0.00681204
906.800000000 34.2213 22.0355 0 0 0 0.999977 0.00681204
906.900000000 34.2029 22.0357 0 0 0 0.999977 0.00681204
907.000000000 34.1829 22.036 0 0 0 0.999977 0.00681204
907.100000000 34.1629 22.0363 0 0 0 0.999977 0.00681204
907.200000000 34.1429 22.0365 0 0 0 0.999977 0.00681204
907.300000000 34.1229 22.0368 0 0 0 0.999977 0.00681204
907.400000000 34.103 22.0371 0 0 0 0.999977 0.00681204
907.500000000 34.083 22.0373 0 0 0 0.999977 0.00681204
907.600000000 34.0646 22.0376 0 0 0 0.999977 0.00681204
907.700000000 34.0463 22.0378 0 0 0 0.999977 0.00681204
907.800000000 34.0263 22.0381 0 0 0 0.999977 0.00681204
907.900000000 34.008 22.0384 0 0 0 0.999977 0.00681204
908.000000000 33.988 22.0386 0 0 0 0.999977 0.00681204
908.100000000 33.968 22.0389 0 0 0 0.999977 0.00681204
908.200000000 33.948 22.0392 0 0 0 0.999977 0.00681204
908.300000000 33.928 22.0395 0 0 0 0.999977 0.00681204
908.400000000 33.908 22.0397 0 0 0 0.999977 0.00681204
908.500000000 33.888 22.04 0 0 0 0.999977 0.00681204
908.600000000 33.868 22.0403 0 0 0 0.999977 0.00681204
908.700000000 33.848 22.0405 0 0 0 0.999977 0.00681204
908.800000000 33.8296 22.0408 0 0 0 0.999977 0.00681204
908.900000000 33.8113 22.041 0 0 0 0.999977 0.00681204
909.000000000 33.7913 22.0413 0 0 0 0.999977 0.00681204
909.100000000 33.773 22.0416 0 0 0 0.999977 0.00681204
909.200000000 33.753 22.0423 0 0 0 0.999967 0.0080753
909.300000000 33.733 22.0432 0 0 0 0.999956 0.00933855
909.400000000 33.713 22.0441 0 0 0 0.999944 0.0106018
909.500000000 33.6914 22.0451 0 0 0 0.999928 0.0119703
909.600000000 33.6714 22.046 0 0 0 0.999912 0.0132335
909.700000000 33.6514 22.0471 0 0 0 0.999895 0.0144966
909.800000000 33.6314 22.0482 0 0 0 0.999876 0.0157598
909.900000000 33.6115 22.0493 0 0 0 0.999855 0.0170229
910.000000000 33.5931 22.0504 0 0 0 0.999835 0.0181807
910.100000000 33.5732 22.0516 0 0 0 0.999811 0.0194438
910.200000000 33.5532 22.0529 0 0 0 0.999786 0.0207068
910.300000000 33.5349 22.0541 0 0 0 0.999761 0.0218646
910.400000000 33.5133 22.0556 0 0 0 0.99973 0.0232328
910.500000000 33.495 22.0569 0 0 0 0.999703 0.0243905
910.600000000 33.4734 22.0585 0 0 0 0.999668 0.0257587
910.700000000 33.4518 22.0602 0 0 0 0.999632 0.0271267
910.800000000 33.4302 22.0619 0 0 0 0.999594 0.0284948
910.900000000 33.4086 22.0637 0 0 0 0.999554 0.0298628
911.000000000 33.3886 22.0654 0 0 0 0.999515 0.0311255
911.100000000 33.3671 22.0673 0 0 0 0.999472 0.0324933
911.200000000 33.3487 22.0678 0 0 0 0.999527 0.0307456
911.300000000 33.3303 22.0669 0 0 0 0.999669 0.0257082
911.400000000 33.2817 22.0591 0 0 0 1 -7.46401e-05
911.500000000 33.2432 22.0468 0 0 0 0.99953 -0.030658
911.600000000 33.2064 22.0322 0 0 0 0.998099 -0.0616257
911.700000000 33.1706 22.0152 0 0 0 0.99571 -0.0925342
911.800000000 33.136 21.9961 0 0 0 0.992363 -0.123354
911.900000000 33.1025 21.9749 0 0 0 0.988062 -0.154055
912.000000000 33.0705 21.9517 0 0 0 0.982812 -0.184608
912.100000000 33.0399 21.9265 0 0 0 0.976618 -0.214983
912.200000000 33.011 21.8994 0 0 0 0.969485 -0.245152
912.300000000 32.9838 21.8706 0 0 0 0.96142 -0.275085
912.400000000 32.9584 21.8402 0 0 0 0.952431 -0.304754
912.500000000 32.935 21.8083 0 0 0 0.942527 -0.33413
912.600000000 32.9136 21.775 0 0 0 0.931717 -0.363185
912.700000000 32.8943 21.7404 0 0 0 0.920012 -0.391891
912.800000000 32.8772 21.7047 0 0 0 0.907422 -0.420221
912.900000000 32.8558 21.6643 0 0 0 0.896791 -0.442455
913.000000000 32.8359 21.6224 0 0 0 0.885787 -0.464092
913.100000000 32.8181 21.5796 0 0 0 0.874261 -0.485456
913.200000000 32.7989 21.5363 0 0 0 0.866128 -0.499822
913.300000000 32.7803 21.4914 0 0 0 -0.858093 0.513494
913.400000000 32.7631 21.446 0 0 0 -0.849842 0.527037
913.500000000 32.7474 21.4 0 0 0 -0.841378 0.540447
913.600000000 32.7331 21.3535 0 0 0 -0.832702 0.553721
913.700000000 32.7203 21.3066 0 0 0 -0.823817 0.566856
913.800000000 32.709 21.2594 0 0 0 -0.814724 0.579849
913.900000000 32.6992 21.2118 0 0 0 -0.805427 0.592695
914.000000000 32.691 21.1639 0 0 0 -0.795927 0.605393
914.100000000 32.6842 21.1158 0 0 0 -0.786227 0.617938
914.200000000 32.679 21.0674 0 0 0 -0.776329 0.630328
914.300000000 32.6753 21.019 0 0 0 -0.766236 0.642559
914.400000000 32.6731 20.9704 0 0 0 -0.75595 0.654629
914.500000000 32.6725 20.9218 0 0 0 -0.745474 0.666534
914.600000000 32.6735 20.8732 0 0 0 -0.734811 0.678272
914.700000000 32.6759 20.8247 0 0 0 -0.723963 0.689839
914.800000000 32.68 20.7763 0 0 0 -0.712933 0.701232
914.900000000 32.6855 20.728 0 0 0 -0.701723 0.71245
915.000000000 32.6912 20.6539 0 0 0 -0.693542 0.720416
915.100000000 32.6982 20.5791 0 0 0 -0.685994 0.727607
915.200000000 32.7068 20.5046 0 0 0 -0.678371 0.734719
915.300000000 32.7134 20.4449 0 0 0 -0.674872 0.737934
915.400000000 32.7201 20.3886 0 0 0 -0.671891 0.74065
915.500000000 32.727 20.334 0 0 0 -0.668987 0.743274
915.600000000 32.7341 20.2812 0 0 0 -0.666162 0.745807
915.700000000 32.7414 20.23 0 0 0 -0.663415 0.748252
915.800000000 32.7488 20.1805 0 0 0 -0.660749 0.750607
915.900000000 32.7563 20.1328 0 0 0 -0.658163 0.752875
916.000000000 32.7638 20.0867 0 0 0 -0.655659 0.755057
916.100000000 32.7714 20.0423 0 0 0 -0.653238 0.757153
916.200000000 32.779 19.9997 0 0 0 -0.6509 0.759163
916.300000000 32.7865 19.9587 0 0 0 -0.648646 0.76109
916.400000000 32.794 19.9193 0 0 0 -0.646477 0.762933
916.500000000 32.8013 19.8817 0 0 0 -0.644394 0.764694
916.600000000 32.8086 19.8458 0 0 0 -0.642396 0.766373
916.700000000 32.8157 19.8115 0 0 0 -0.640486 0.76797
916.800000000 32.8229 19.7772 0 0 0 -0.638571 0.769563
916.900000000 32.83 19.7446 0 0 0 -0.636744 0.771076
917.000000000 32.8415 19.7059 0 0 0 -0.629107 0.777319
917.100000000 32.8536 19.6774 0 0 0 -0.617562 0.786522
917.200000000 32.8661 19.6592 0 0 0 -0.602017 0.798483
917.300000000 32.8813 19.6524 0 0 0 -0.576221 0.817294
917.400000000 32.8954 19.6568 0 0 0 -0.54566 0.838007
917.500000000 32.9089 19.6634 0 0 0 -0.513859 0.857875
917.600000000 32.9219 19.6709 0 0 0 -0.481335 0.876537
917.700000000 32.9342 19.6795 0 0 0 -0.448134 0.893966
917.800000000 32.9459 19.6889 0 0 0 -0.414303 0.910139
917.900000000 32.9568 19.6991 0 0 0 -0.379889 0.925032
918.000000000 32.967 19.7102 0 0 0 -0.344942 0.938624
918.100000000 32.9762 19.722 0 0 0 -0.309509 0.950896
918.200000000 32.9846 19.7344 0 0 0 -0.273641 0.961832
918.300000000 32.992 19.7475 0 0 0 -0.237389 0.971415
918.400000000 32.9984 19.761 0 0 0 -0.200802 0.979632
918.500000000 33.0038 19.775 0 0 0 -0.163933 0.986471
918.600000000 33.0081 19.7894 0 0 0 -0.126834 0.991924
918.700000000 33.0113 19.804 0 0 0 -0.0895566 0.995982
918.800000000 33.0135 19.8189 0 0 0 -0.0521531 0.998639
918.900000000 33.0145 19.8338 0 0 0 -0.0146762 0.999892
919.000000000 33.0143 19.8488 0 0 0 0.0228213 0.99974
919.100000000 33.0131 19.8638 0 0 0 0.0602867 0.998181
919.200000000 33.0107 19.8786 0 0 0 0.0976673 0.995219
919.300000000 33.0156 19.8922 0 0 0 0.128541 0.991704
919.400000000 33.0206 19.9062 0 0 0 0.158861 0.987301
919.500000000 33.0247 19.9204 0 0 0 0.189032 0.981971
919.600000000 33.0279 19.9349 0 0 0 0.219026 0.975719
919.700000000 33.0302 19.9495 0 0 0 0.248814 0.968551
919.800000000 33.0316 19.9643 0 0 0 0.278368 0.960475
919.900000000 33.0321 19.9791 0 0 0 0.307661 0.951496
920.000000000 33.0317 19.9939 0 0 0 0.336665 0.941624
920.100000000 33.0304 20.0087 0 0 0 0.365354 0.930869
920.200000000 33.0282 20.0233 0 0 0 0.393699 0.919239
920.300000000 33.0251 20.0378 0 0 0 0.421675 0.906747
920.400000000 33.0211 20.0521 0 0 0 0.449255 0.893404
920.500000000 33.0162 20.0661 0 0 0 0.476413 0.879222
920.600000000 33.0105 20.0798 0 0 0 0.503124 0.864214
920.700000000 33.004 20.0931 0 0 0 0.529362 0.848396
920.800000000 32.9966 20.106 0 0 0 0.555104 0.831781
920.900000000 32.9885 20.1184 0 0 0 0.580325 0.814385
921.000000000 32.9797 20.1303 0 0 0 0.605001 0.796225
921.100000000 32.9701 20.1416 0 0 0 0.629109 0.777317
921.200000000 32.9599 20.1523 0 0 0 0.652626 0.75768
921.300000000 32.9534 20.1786 0 0 0 0.672003 0.740548
921.400000000 32.9492 20.217 0 0 0 0.686366 0.727256
921.500000000 32.9468 20.2675 0 0 0 0.696007 0.718035
921.600000000 32.944 20.3221 0 0 0 0.704067 0.710134
921.700000000 32.9401 20.3773 0 0 0 0.711786 0.702396
921.800000000 32.935 20.4324 0 0 0 0.71942 0.694575
921.900000000 32.9287 20.4874 0 0 0 0.726969 0.68667
922.000000000 32.9212 20.5422 0 0 0 0.734431 0.678684
922.100000000 32.9125 20.5969 0 0 0 0.741804 0.670616
922.200000000 32.9026 20.6513 0 0 0 0.74909 0.662469
922.300000000 32.8915 20.7055 0 0 0 0.756286 0.654242
922.400000000 32.8792 20.7595 0 0 0 0.763391 0.645937
922.500000000 32.8658 20.8132 0 0 0 0.770405 0.637555
922.600000000 32.8512 20.8665 0 0 0 0.777327 0.629096
922.700000000 32.8354 20.9196 0 0 0 0.784157 0.620563
922.800000000 32.8185 20.9722 0 0 0 0.790893 0.611955
922.900000000 32.8004 21.0245 0 0 0 0.797534 0.603274
923.000000000 32.7867 21.0559 0 0 0 0.804446 0.594026
923.100000000 32.7724 21.0865 0 0 0 0.811386 0.584511
923.200000000 32.7573 21.1168 0 0 0 0.818214 0.574914
923.300000000 32.7409 21.1404 0 0 0 0.828744 0.559628
923.400000000 32.7258 21.1519 0 0 0 0.842049 0.539401
923.500000000 32.7137 21.1481 0 0 0 0.858625 0.512605
923.600000000 32.7025 21.1415 0 0 0 0.874828 0.484434
923.700000000 32.6917 21.1343 0 0 0 0.890107 0.455751
923.800000000 32.6814 21.1263 0 0 0 0.904447 0.426587
923.900000000 32.6717 21.1178 0 0 0 0.917831 0.396972
924.000000000 32.6625 21.1086 0 0 0 0.930245 0.366938
924.100000000 32.6539 21.0988 0 0 0 0.941677 0.336517
924.200000000 32.646 21.0885 0 0 0 0.952115 0.30574
924.300000000 32.6388 21.0776 0 0 0 0.961547 0.27464
924.400000000 32.6323 21.0664 0 0 0 0.969963 0.243251
924.500000000 32.6265 21.0547 0 0 0 0.977355 0.211604
924.600000000 32.6216 21.0427 0 0 0 0.983715 0.179734
924.700000000 32.6174 21.0304 0 0 0 0.989036 0.147674
924.800000000 32.614 21.0179 0 0 0 0.993312 0.115458
924.900000000 32.6114 21.0051 0 0 0 0.99654 0.0831198
925.000000000 32.6091 20.9853 0 0 0 0.999448 0.0332097
925.100000000 32.6087 20.9653 0 0 0 0.999859 -0.0167834
925.200000000 32.6104 20.9454 0 0 0 0.997771 -0.0667346
925.300000000 32.6141 20.9257 0 0 0 0.993188 -0.116519
925.400000000 32.6197 20.9065 0 0 0 0.986124 -0.166012
925.500000000 32.6271 20.888 0 0 0 0.976594 -0.21509
925.600000000 32.6364 20.8703 0 0 0 0.964624 -0.263631
925.700000000 32.6474 20.8536 0 0 0 0.950242 -0.311512
925.800000000 32.6601 20.8381 0 0 0 0.933485 -0.358615
925.900000000 32.6742 20.8239 0 0 0 0.914395 -0.404822
926.000000000 32.6896 20.8113 0 0 0 0.89302 -0.450017
926.100000000 32.7063 20.8002 0 0 0 0.869413 -0.494087
926.200000000 32.7239 20.7908 0 0 0 -0.843632 0.536922
926.300000000 32.7425 20.7833 0 0 0 -0.815743 0.578415
926.400000000 32.7616 20.7776 0 0 0 -0.785815 0.618462
926.500000000 32.7813 20.7739 0 0 0 -0.753922 0.656964
926.600000000 32.8012 20.7722 0 0 0 -0.720146 0.693823
926.700000000 32.8212 20.7724 0 0 0 -0.684569 0.728948
926.800000000 32.841 20.7747 0 0 0 -0.647281 0.762251
926.900000000 32.8606 20.7789 0 0 0 -0.608375 0.793649
927.000000000 32.8796 20.785 0 0 0 -0.567949 0.823064
927.100000000 32.8979 20.793 0 0 0 -0.526103 0.850421
927.200000000 32.9153 20.8029 0 0 0 -0.482943 0.875652
927.300000000 32.9359 20.8035 0 0 0 -0.443608 0.896221
927.400000000 32.9569 20.8048 0 0 0 -0.403967 0.914773
927.500000000 32.9777 20.8079 0 0 0 -0.363553 0.931574
927.600000000 32.9981 20.8129 0 0 0 -0.322442 0.946589
927.700000000 33.0181 20.8196 0 0 0 -0.280714 0.959791
927.800000000 33.0373 20.828 0 0 0 -0.238448 0.971155
927.900000000 33.0558 20.8381 0 0 0 -0.195725 0.980659
928.000000000 33.0733 20.8498 0 0 0 -0.152628 0.988284
928.100000000 33.0897 20.8629 0 0 0 -0.109237 0.994016
928.200000000 33.105 20.8774 0 0 0 -0.0656381 0.997843
928.300000000 33.1389 20.8865 0 0 0 -0.0321204 0.999484
928.400000000 33.1884 20.8935 0 0 0 -0.00673313 0.999977
928.500000000 33.2462 20.9011 0 0 0 0.0143067 0.999898
928.600000000 33.3045 20.911 0 0 0 0.0349369 0.99939
928.700000000 33.3624 20.9234 0 0 0 0.0555522 0.998456
928.800000000 33.4196 20.9381 0 0 0 0.0761438 0.997097
928.900000000 33.4763 20.9551 0 0 0 0.0967031 0.995313
929.000000000 33.5321 20.9745 0 0 0 0.117221 0.993106
929.100000000 33.5872 20.9961 0 0 0 0.137689 0.990475
929.200000000 33.6412 21.02 0 0 0 0.158099 0.987423
929.300000000 33.711 21.0479 0 0 0 0.169703 0.985495
929.400000000 33.7809 21.0751 0 0 0 0.175227 0.984528
929.500000000 33.8506 21.1028 0 0 0 0.180119 0.983645
929.600000000 33.92 21.1313 0 0 0 0.185006 0.982737
929.700000000 33.9891 21.1604 0 0 0 0.18989 0.981805
929.800000000 34.058 21.1902 0 0 0 0.194675 0.980868
929.900000000 34.1266 21.2206 0 0 0 0.199365 0.979925
930.000000000 34.1949 21.2516 0 0 0 0.20387 0.978998
930.100000000 34.2629 21.2832 0 0 0 0.208372 0.97805
930.200000000 34.3307 21.3153 0 0 0 0.212599 0.97714
930.300000000 34.3982 21.348 0 0 0 0.216642 0.976251
930.400000000 34.464 21.3805 0 0 0 0.220593 0.975366
930.500000000 34.5265 21.412 0 0 0 0.22436 0.974506
930.600000000 34.5873 21.4432 0 0 0 0.228034 0.973653
930.700000000 34.6449 21.4734 0 0 0 0.231526 0.972829
930.800000000 34.7008 21.5032 0 0 0 0.234926 0.972013
930.900000000 34.755 21.5325 0 0 0 0.238233 0.971208
931.000000000 34.8061 21.5607 0 0 0 0.241359 0.970436
931.100000000 34.8556 21.5883 0 0 0 0.244394 0.969676
931.200000000 34.9035 21.6155 0 0 0 0.247336 0.96893
931.300000000 34.9497 21.642 0 0 0 0.250188 0.968197
931.400000000 35.0169 21.6754 0 0 0 0.241873 0.970308
931.500000000 35.0668 21.695 0 0 0 0.227087 0.973874
931.600000000 35.1129 21.7106 0 0 0 0.2116 0.977356
931.700000000 35.1578 21.7243 0 0 0 0.196595 0.980485
931.800000000 35.2015 21.7362 0 0 0 0.182083 0.983283
931.900000000 35.244 21.7463 0 0 0 0.168071 0.985775
932.000000000 35.285 21.755 0 0 0 0.154565 0.987983
932.100000000 35.3246 21.7622 0 0 0 0.141572 0.989928
932.200000000 35.3643 21.7686 0 0 0 0.129429 0.991589
932.300000000 35.4025 21.7741 0 0 0 0.118182 0.992992
932.400000000 35.4391 21.7785 0 0 0 0.107408 0.994215
932.500000000 35.4742 21.7819 0 0 0 0.0971133 0.995273
932.600000000 35.5076 21.7845 0 0 0 0.0872987 0.996182
932.700000000 35.5411 21.7864 0 0 0 0.0774756 0.996994
932.800000000 35.5729 21.7876 0 0 0 0.0681367 0.997676
932.900000000 35.6031 21.7881 0 0 0 0.0592838 0.998241
933.000000000 35.6332 21.7881 0 0 0 0.0504262 0.998728
933.100000000 35.6634 21.7876 0 0 0 0.0415646 0.999136
933.200000000 35.6919 21.7866 0 0 0 0.0331924 0.999449
933.300000000 35.7236 21.7865 0 0 0 0.0274947 0.999622
933.400000000 35.7537 21.7861 0 0 0 0.0223606 0.99975
933.500000000 35.7821 21.7854 0 0 0 0.0175112 0.999847
933.600000000 35.8105 21.7844 0 0 0 0.0126615 0.99992
933.700000000 35.8371 21.7833 0 0 0 0.0080967 0.999967
933.800000000 35.8638 21.7819 0 0 0 0.00353176 0.999994
933.900000000 35.8888 21.7804 0 0 0 -0.000747941 1
934.000000000 35.9138 21.7786 0 0 0 -0.00502763 0.999987
934.100000000 35.9371 21.7768 0 0 0 -0.00902192 0.999959
934.200000000 35.9604 21.7748 0 0 0 -0.0130161 0.999915
934.300000000 35.9821 21.7732 0 0 0 -0.0154374 0.999881
934.400000000 36.0037 21.7716 0 0 0 -0.0178586 0.999841
934.500000000 36.0236 21.77 0 0 0 -0.0200934 0.999798
934.600000000 36.0452 21.7681 0 0 0 -0.0225144 0.999747
934.700000000 36.0668 21.7662 0 0 0 -0.0249353 0.999689
934.800000000 36.0884 21.7642 0 0 0 -0.027356 0.999626
934.900000000 36.11 21.762 0 0 0 -0.0297765 0.999557
935.000000000 36.1316 21.7597 0 0 0 -0.0321969 0.999482
935.100000000 36.1531 21.7574 0 0 0 -0.0346171 0.999401
935.200000000 36.1747 21.7549 0 0 0 -0.0370371 0.999314
935.300000000 36.1962 21.7526 0 0 0 -0.0389264 0.999242
935.400000000 36.2178 21.7501 0 0 0 -0.0408156 0.999167
935.500000000 36.2393 21.7476 0 0 0 -0.0427047 0.999088
935.600000000 36.2592 21.7452 0 0 0 -0.0444483 0.999012
935.700000000 36.279 21.7427 0 0 0 -0.0461918 0.998933
935.800000000 36.2972 21.7404 0 0 0 -0.0477899 0.998857
935.900000000 36.3154 21.738 0 0 0 -0.0493878 0.99878
936.000000000 36.3402 21.7347 0 0 0 -0.0515666 0.99867
936.100000000 36.3633 21.7315 0 0 0 -0.0536 0.998562
936.200000000 36.3864 21.7282 0 0 0 -0.0556331 0.998451
936.300000000 36.4079 21.725 0 0 0 -0.0575208 0.998344
936.400000000 36.4293 21.7218 0 0 0 -0.0594083 0.998234
936.500000000 36.4491 21.7187 0 0 0 -0.0611504 0.998129
936.600000000 36.4705 21.7153 0 0 0 -0.0630375 0.998011
936.700000000 36.4903 21.7121 0 0 0 -0.0647792 0.9979
936.800000000 36.5642 21.6994 0 0 0 -0.0721914 0.997391
936.900000000 36.638 21.6857 0 0 0 -0.0795997 0.996827
937.000000000 36.7115 21.6709 0 0 0 -0.0870035 0.996208
937.100000000 36.7849 21.655 0 0 0 -0.0944026 0.995534
937.200000000 36.8127 21.6497 0 0 0 -0.094181 0.995555
937.300000000 36.8307 21.6464 0 0 0 -0.0938942 0.995582
937.400000000 36.857 21.6416 0 0 0 -0.0934771 0.995621
937.500000000 36.8816 21.6371 0 0 0 -0.093086 0.995658
937.600000000 36.9062 21.6326 0 0 0 -0.0926948 0.995695
937.700000000 36.9291 21.6284 0 0 0 -0.0923298 0.995728
937.800000000 36.9521 21.6243 0 0 0 -0.0919647 0.995762
937.900000000 36.9734 21.6204 0 0 0 -0.0916257 0.995794
938.000000000 36.9947 21.6166 0 0 0 -0.0912866 0.995825
938.100000000 37.0161 21.6128 0 0 0 -0.0909476 0.995856
938.200000000 37.0456 21.6076 0 0 0 -0.0904782 0.995898
938.300000000 37.0915 21.5993 0 0 0 -0.0901131 0.995932
938.400000000 37.1358 21.5914 0 0 0 -0.0897611 0.995963
938.500000000 37.1785 21.5838 0 0 0 -0.0894221 0.995994
938.600000000 37.2195 21.5765 0 0 0 -0.0890961 0.996023
938.700000000 37.2523 21.5706 0 0 0 -0.0888353 0.996046
938.800000000 37.2835 21.5651 0 0 0 -0.0885876 0.996068
938.900000000 37.3131 21.5599 0 0 0 -0.0883529 0.996089
939.000000000 37.3426 21.5548 0 0 0 -0.0881181 0.99611
939.100000000 37.3705 21.5499 0 0 0 -0.0878965 0.99613
939.200000000 37.4066 21.5436 0 0 0 -0.0876096 0.996155
939.300000000 37.4329 21.539 0 0 0 -0.0874009 0.996173
939.400000000 37.4575 21.5347 0 0 0 -0.0872053 0.99619
939.500000000 37.4904 21.529 0 0 0 -0.0869445 0.996213
939.600000000 37.5134 21.5251 0 0 0 -0.0867619 0.996229
939.700000000 37.5446 21.5197 0 0 0 -0.0865141 0.996251
939.800000000 37.5659 21.516 0 0 0 -0.0863445 0.996265
939.900000000 37.5857 21.5126 0 0 0 -0.086188 0.996279
940.000000000 37.6152 21.5076 0 0 0 -0.0859533 0.996299
940.100000000 37.6432 21.5028 0 0 0 -0.0857316 0.996318
940.200000000 37.6712 21.4984 0 0 0 -0.0846207 0.996413
940.300000000 37.6893 21.4956 0 0 0 -0.0839018 0.996474
940.400000000 37.7156 21.4916 0 0 0 -0.0828561 0.996562
940.500000000 37.7404 21.4878 0 0 0 -0.0818757 0.996643
940.600000000 37.7651 21.4841 0 0 0 -0.0808952 0.996723
940.700000000 37.7882 21.4807 0 0 0 -0.0799799 0.996796
940.800000000 37.8113 21.4774 0 0 0 -0.0790647 0.996869
940.900000000 37.8327 21.4743 0 0 0 -0.0782147 0.996937
941.000000000 37.8542 21.4712 0 0 0 -0.0773647 0.997003
941.100000000 37.874 21.4685 0 0 0 -0.07658 0.997063
941.200000000 37.8954 21.4655 0 0 0 -0.0757299 0.997128
941.300000000 37.9152 21.4627 0 0 0 -0.0751025 0.997176
941.400000000 37.9351 21.46 0 0 0 -0.0744751 0.997223
941.500000000 37.9549 21.4573 0 0 0 -0.0738477 0.99727
941.600000000 37.9747 21.4546 0 0 0 -0.0732203 0.997316
941.700000000 37.9945 21.4519 0 0 0 -0.0725928 0.997362
941.800000000 38.0127 21.4495 0 0 0 -0.0720176 0.997403
941.900000000 38.0375 21.4462 0 0 0 -0.0712332 0.99746
942.000000000 38.0557 21.4438 0 0 0 -0.0706579 0.997501
942.100000000 38.0788 21.4408 0 0 0 -0.0699257 0.997552
942.200000000 38.1019 21.4378 0 0 0 -0.0691935 0.997603
942.300000000 38.1234 21.4351 0 0 0 -0.0685135 0.99765
942.400000000 38.1449 21.4324 0 0 0 -0.0678336 0.997697
942.500000000 38.1664 21.4298 0 0 0 -0.0671535 0.997743
942.600000000 38.1879 21.4271 0 0 0 -0.0664735 0.997788
942.700000000 38.2095 21.4245 0 0 0 -0.0657934 0.997833
942.800000000 38.231 21.422 0 0 0 -0.0651133 0.997878
942.900000000 38.2525 21.4194 0 0 0 -0.0644331 0.997922
943.000000000 38.274 21.4169 0 0 0 -0.063753 0.997966
943.100000000 38.2955 21.4144 0 0 0 -0.0630728 0.998009
943.200000000 38.3485 21.4084 0 0 0 -0.0613983 0.998113
943.300000000 38.4049 21.4027 0 0 0 -0.0582759 0.998301
943.400000000 38.4597 21.3975 0 0 0 -0.0552447 0.998473
943.500000000 38.5161 21.3925 0 0 0 -0.0521212 0.998641
943.600000000 38.5693 21.3881 0 0 0 -0.049181 0.99879
943.700000000 38.6258 21.3838 0 0 0 -0.0460565 0.998939
943.800000000 38.6807 21.3799 0 0 0 -0.0430235 0.999074
943.900000000 38.7372 21.3763 0 0 0 -0.0398981 0.999204
944.000000000 38.7922 21.3731 0 0 0 -0.0368644 0.99932
944.100000000 38.8671 21.3696 0 0 0 -0.0318961 0.999491
944.200000000 38.942 21.366 0 0 0 -0.0289379 0.999581
944.300000000 39.017 21.3628 0 0 0 -0.0259795 0.999662
944.400000000 39.0919 21.3601 0 0 0 -0.0230208 0.999735
944.500000000 39.1669 21.3578 0 0 0 -0.020062 0.999799
944.600000000 39.2419 21.356 0 0 0 -0.017103 0.999854
944.700000000 39.3169 21.3546 0 0 0 -0.0141438 0.9999
944.800000000 39.3919 21.3537 0 0 0 -0.0111845 0.999937
944.900000000 39.4669 21.3532 0 0 0 -0.00822511 0.999966
945.000000000 39.5419 21.3531 0 0 0 -0.00526564 0.999986
945.100000000 39.6169 21.3535 0 0 0 -0.00230613 0.999997
945.200000000 39.6919 21.3544 0 0 0 0.000653403 1
945.300000000 39.7669 21.3545 0 0 0 0.000653403 1
945.400000000 39.8419 21.3546 0 0 0 0.000653403 1
945.500000000 39.9169 21.3547 0 0 0 0.000653403 1
945.600000000 39.9919 21.3548 0 0 0 0.000653403 1
945.700000000 40.0669 21.3549 0 0 0 0.000653403 1
945.800000000 40.1419 21.3549 0 0 0 0.000653403 1
945.900000000 40.2169 21.355 0 0 0 0.000653403 1
946.000000000 40.2919 21.3551 0 0 0 0.000653403 1
946.100000000 40.3669 21.3552 0 0 0 0.000653403 1
946.200000000 40.4419 21.355 0 0 0 -0.000119912 1
946.300000000 40.5169 21.3547 0 0 0 -0.000893226 1
946.400000000 40.5919 21.3543 0 0 0 -0.00166654 0.999999
946.500000000 40.6669 21.3537 0 0 0 -0.00243985 0.999997
946.600000000 40.7419 21.353 0 0 0 -0.00321316 0.999995
946.700000000 40.8169 21.3522 0 0 0 -0.00398647 0.999992
946.800000000 40.8919 21.3513 0 0 0 -0.00475978 0.999989
946.900000000 40.9669 21.3503 0 0 0 -0.00553309 0.999985
947.000000000 41.0419 21.3492 0 0 0 -0.00630639 0.99998
947.100000000 41.1168 21.3479 0 0 0 -0.00707968 0.999975
947.200000000 41.1918 21.3465 0 0 0 -0.00785298 0.999969
947.300000000 41.2668 21.3454 0 0 0 -0.00785298 0.999969
947.400000000 41.3418 21.3442 0 0 0 -0.00785298 0.999969
947.500000000 41.4168 21.343 0 0 0 -0.00785298 0.999969
947.600000000 41.4918 21.3418 0 0 0 -0.00785298 0.999969
947.700000000 41.5668 21.3406 0 0 0 -0.00785298 0.999969
947.800000000 41.6418 21.3395 0 0 0 -0.00785298 0.999969
947.900000000 41.7168 21.3383 0 0 0 -0.00785298 0.999969
948.000000000 41.7918 21.3371 0 0 0 -0.00785298 0.999969
948.100000000 41.8667 21.3359 0 0 0 -0.00785298 0.999969
948.200000000 41.9417 21.3348 0 0 0 -0.00785298 0.999969
948.300000000 42.0167 21.3336 0 0 0 -0.00785298 0.999969
948.400000000 42.0917 21.3324 0 0 0 -0.00785298 0.999969
948.500000000 42.1667 21.3312 0 0 0 -0.00785298 0.999969
948.600000000 42.2417 21.33 0 0 0 -0.00785298 0.999969
948.700000000 42.3167 21.3289 0 0 0 -0.00785298 0.999969
948.800000000 42.3917 21.3277 0 0 0 -0.00785298 0.999969
948.900000000 42.4667 21.3265 0 0 0 -0.00785298 0.999969
949.000000000 42.5417 21.3302 0 0 0 0.00440879 0.99999
949.100000000 42.5993 21.3392 0 0 0 0.0254464 0.999676
949.200000000 42.6493 21.3516 0 0 0 0.0500356 0.998747
949.300000000 42.6994 21.3663 0 0 0 0.0742025 0.997243
949.400000000 42.7488 21.3835 0 0 0 0.098326 0.995154
949.500000000 42.7972 21.403 0 0 0 0.122392 0.992482
949.600000000 42.8447 21.4249 0 0 0 0.146386 0.989228
949.700000000 42.891 21.449 0 0 0 0.170294 0.985393
949.800000000 42.9361 21.4754 0 0 0 0.194103 0.980981
949.900000000 42.9799 21.5039 0 0 0 0.217797 0.975994
950.000000000 43.0222 21.5345 0 0 0 0.241364 0.970435
950.100000000 43.0631 21.5671 0 0 0 0.264789 0.964306
950.200000000 43.1182 21.6073 0 0 0 0.280183 0.959947
950.300000000 43.1788 21.6515 0 0 0 0.291456 0.956584
950.400000000 43.2385 21.6971 0 0 0 0.302204 0.953243
950.500000000 43.2972 21.7439 0 0 0 0.312915 0.949781
950.600000000 43.3548 21.7921 0 0 0 0.323586 0.946199
950.700000000 43.4113 21.8416 0 0 0 0.334215 0.942497
950.800000000 43.4667 21.8923 0 0 0 0.344803 0.938675
950.900000000 43.5209 21.9442 0 0 0 0.355347 0.934735
951.000000000 43.5739 21.9974 0 0 0 0.365845 0.930676
951.100000000 43.6257 22.0517 0 0 0 0.376298 0.926499
951.200000000 43.6763 22.1072 0 0 0 0.386703 0.922204
951.300000000 43.7282 22.1613 0 0 0 0.388778 0.921331
951.400000000 43.7803 22.2153 0 0 0 0.389491 0.92103
951.500000000 43.8324 22.2693 0 0 0 0.390203 0.920729
951.600000000 43.8843 22.3234 0 0 0 0.390915 0.920427
951.700000000 43.9362 22.3776 0 0 0 0.391626 0.920124
951.800000000 43.9879 22.4318 0 0 0 0.392338 0.919821
951.900000000 44.0396 22.4862 0 0 0 0.393049 0.919518
952.000000000 44.0912 22.5406 0 0 0 0.39376 0.919213
952.100000000 44.1427 22.5951 0 0 0 0.394471 0.918909
952.200000000 44.1948 22.6491 0 0 0 0.39307 0.919508
952.300000000 44.2473 22.7027 0 0 0 0.390999 0.920391
952.400000000 44.3 22.756 0 0 0 0.388925 0.921269
952.500000000 44.353 22.8091 0 0 0 0.38685 0.922143
952.600000000 44.4062 22.862 0 0 0 0.384772 0.923011
952.700000000 44.4596 22.9146 0 0 0 0.382693 0.923876
952.800000000 44.5133 22.967 0 0 0 0.380612 0.924735
952.900000000 44.5672 23.0192 0 0 0 0.378528 0.92559
953.000000000 44.6213 23.0711 0 0 0 0.376443 0.92644
953.100000000 44.6757 23.1228 0 0 0 0.374356 0.927285
953.200000000 44.7299 23.1746 0 0 0 0.373639 0.927574
953.300000000 44.7839 23.2266 0 0 0 0.373639 0.927574
953.400000000 44.838 23.2786 0 0 0 0.373639 0.927574
953.500000000 44.892 23.3306 0 0 0 0.373639 0.927574
953.600000000 44.9461 23.3826 0 0 0 0.373639 0.927574
953.700000000 45.0002 23.4346 0 0 0 0.373639 0.927574
953.800000000 45.0542 23.4865 0 0 0 0.373639 0.927574
953.900000000 45.1083 23.5385 0 0 0 0.373639 0.927574
954.000000000 45.1623 23.5905 0 0 0 0.373639 0.927574
954.100000000 45.2164 23.6425 0 0 0 0.373639 0.927574
954.200000000 45.2705 23.6945 0 0 0 0.373639 0.927574
954.300000000 45.3245 23.7465 0 0 0 0.373639 0.927574
954.400000000 45.3786 23.7985 0 0 0 0.373639 0.927574
954.500000000 45.4326 23.8504 0 0 0 0.373639 0.927574
954.600000000 45.4867 23.9024 0 0 0 0.373639 0.927574
954.700000000 45.5408 23.9544 0 0 0 0.373639 0.927574
954.800000000 45.5948 24.0064 0 0 0 0.373639 0.927574
954.900000000 45.6489 24.0584 0 0 0 0.373639 0.927574
955.000000000 45.7029 24.1104 0 0 0 0.373639 0.927574
955.100000000 45.757 24.1624 0 0 0 0.373639 0.927574
955.200000000 45.8111 24.2144 0 0 0 0.373639 0.927574
955.300000000 45.8651 24.2663 0 0 0 0.373639 0.927574
955.400000000 45.9192 24.3183 0 0 0 0.373639 0.927574
955.500000000 45.9732 24.3703 0 0 0 0.373639 0.927574
955.600000000 46.0273 24.4223 0 0 0 0.373639 0.927574
955.700000000 46.0813 24.4743 0 0 0 0.373639 0.927574
955.800000000 46.1354 24.5263 0 0 0 0.373639 0.927574
955.900000000 46.1895 24.5783 0 0 0 0.373639 0.927574
956.000000000 46.2435 24.6302 0 0 0 0.373639 0.927574
956.100000000 46.2976 24.6822 0 0 0 0.373639 0.927574
956.200000000 46.3516 24.7342 0 0 0 0.373639 0.927574
956.300000000 46.4057 24.7862 0 0 0 0.373639 0.927574
956.400000000 46.4598 24.8382 0 0 0 0.373639 0.927574
956.500000000 46.515 24.8889 0 0 0 0.36963 0.929179
956.600000000 46.5707 24.9392 0 0 0 0.365614 0.930766
956.700000000 46.627 24.9888 0 0 0 0.360983 0.932572
956.800000000 46.6838 25.0378 0 0 0 0.356342 0.934355
956.900000000 46.741 25.0862 0 0 0 0.351693 0.936115
957.000000000 46.7988 25.1341 0 0 0 0.347035 0.937852
957.100000000 46.857 25.1814 0 0 0 0.342369 0.939566
957.200000000 46.9157 25.2282 0 0 0 0.337694 0.941256
957.300000000 46.9749 25.2743 0 0 0 0.33301 0.942923
957.400000000 47.0345 25.3198 0 0 0 0.328319 0.944567
957.500000000 47.0947 25.3646 0 0 0 0.323016 0.946393
957.600000000 47.1552 25.4089 0 0 0 0.318308 0.947987
957.700000000 47.2164 25.4523 0 0 0 0.312986 0.949758
957.800000000 47.278 25.4951 0 0 0 0.307655 0.951498
957.900000000 47.3401 25.5372 0 0 0 0.302314 0.953208
958.000000000 47.4027 25.5786 0 0 0 0.296964 0.954889
958.100000000 47.4657 25.6193 0 0 0 0.291604 0.956539
958.200000000 47.5292 25.6592 0 0 0 0.286236 0.958159
958.300000000 47.5902 25.7029 0 0 0 0.293538 0.955947
958.400000000 47.6412 25.7456 0 0 0 0.309629 0.950857
958.500000000 47.6907 25.79 0 0 0 0.325632 0.945497
958.600000000 47.7386 25.836 0 0 0 0.341542 0.939867
958.700000000 47.785 25.8837 0 0 0 0.357355 0.933969
958.800000000 47.8289 25.9324 0 0 0 0.373466 0.927644
958.900000000 47.8712 25.9826 0 0 0 0.389466 0.921041
959.000000000 47.9124 26.0347 0 0 0 0.404955 0.914337
959.100000000 47.9512 26.0877 0 0 0 0.420719 0.907191
959.200000000 47.988 26.142 0 0 0 0.436358 0.899773
959.300000000 48.0237 26.1981 0 0 0 0.451481 0.892281
959.400000000 48.0568 26.2548 0 0 0 0.466857 0.884333
959.500000000 48.0879 26.3126 0 0 0 0.482093 0.87612
959.600000000 48.1169 26.3714 0 0 0 0.497185 0.867645
959.700000000 48.144 26.4312 0 0 0 0.512128 0.858909
959.800000000 48.1695 26.4926 0 0 0 0.52655 0.850144
959.900000000 48.1923 26.5541 0 0 0 0.541185 0.840903
960.000000000 48.2131 26.6164 0 0 0 0.555659 0.83141
960.100000000 48.2316 26.6794 0 0 0 0.569966 0.821669
960.200000000 48.248 26.7429 0 0 0 0.584102 0.81168
960.300000000 48.2626 26.8078 0 0 0 0.597717 0.801707
960.400000000 48.2746 26.8723 0 0 0 0.611503 0.791242
960.500000000 48.2844 26.9372 0 0 0 0.625107 0.780539
960.600000000 48.2928 27.0035 0 0 0 0.637272 0.770639
960.700000000 48.299 27.0684 0 0 0 0.648983 0.760803
960.800000000 48.3031 27.1318 0 0 0 0.660247 0.751048
960.900000000 48.3052 27.192 0 0 0 0.670784 0.741653
961.000000000 48.3055 27.2505 0 0 0 0.680899 0.732377
961.100000000 48.3043 27.3073 0 0 0 0.690603 0.723234
961.200000000 48.3032 27.3657 0 0 0 0.697426 0.716657
961.300000000 48.3031 27.4274 0 0 0 0.700564 0.71359
961.400000000 48.3027 27.4857 0 0 0 0.703188 0.711003
961.500000000 48.3019 27.5424 0 0 0 0.705729 0.708482
961.600000000 48.3008 27.5974 0 0 0 0.708186 0.706026
961.700000000 48.2993 27.6507 0 0 0 0.71056 0.703636
961.800000000 48.2974 27.7024 0 0 0 0.712853 0.701314
961.900000000 48.2947 27.749 0 0 0 0.716233 0.697861
962.000000000 48.2923 27.7973 0 0 0 0.718361 0.695671
962.100000000 48.2896 27.8439 0 0 0 0.720408 0.69355
962.200000000 48.2875 27.8938 0 0 0 0.72068 0.693267
962.300000000 48.2855 27.9421 0 0 0 0.720944 0.692994
962.400000000 48.2834 27.9854 0 0 0 0.721651 0.692257
962.500000000 48.2823 28.0604 0 0 0 0.718201 0.695836
962.600000000 48.2821 28.1355 0 0 0 0.714287 0.699852
962.700000000 48.2828 28.2105 0 0 0 0.710351 0.703847
962.800000000 48.2844 28.2855 0 0 0 0.706393 0.70782
962.900000000 48.2868 28.3605 0 0 0 0.702413 0.71177
963.000000000 48.29 28.4354 0 0 0 0.69841 0.715698
963.100000000 48.2941 28.5103 0 0 0 0.694385 0.719603
963.200000000 48.3028 28.5788 0 0 0 0.68311 0.730316
963.300000000 48.3138 28.6453 0 0 0 0.671011 0.741447
963.400000000 48.327 28.7113 0 0 0 0.658731 0.752378
963.500000000 48.3423 28.7778 0 0 0 0.64661 0.762821
963.600000000 48.3598 28.8437 0 0 0 0.634323 0.773068
963.700000000 48.3793 28.909 0 0 0 0.621873 0.783118
963.800000000 48.3998 28.9726 0 0 0 0.611002 0.791629
963.900000000 48.4224 29.039 0 0 0 0.600978 0.799265
964.000000000 48.4478 29.1071 0 0 0 0.589963 0.807431
964.100000000 48.475 29.1745 0 0 0 0.578836 0.815444
964.200000000 48.5041 29.2412 0 0 0 0.567601 0.823304
964.300000000 48.535 29.307 0 0 0 0.556258 0.831009
964.400000000 48.5677 29.3719 0 0 0 0.544812 0.838559
964.500000000 48.6022 29.4359 0 0 0 0.533262 0.84595
964.600000000 48.6384 29.499 0 0 0 0.521613 0.853182
964.700000000 48.6766 29.562 0 0 0 0.510275 0.860011
964.800000000 48.7165 29.6239 0 0 0 0.498847 0.86669
964.900000000 48.7579 29.6848 0 0 0 0.487333 0.873216
965.000000000 48.801 29.7445 0 0 0 0.475733 0.87959
965.100000000 48.8456 29.8031 0 0 0 0.464049 0.88581
965.200000000 48.8914 29.8596 0 0 0 0.45186 0.892089
965.300000000 48.9389 29.9177 0 0 0 0.443203 0.896421
965.400000000 48.9873 29.9751 0 0 0 0.434996 0.900432
965.500000000 49.0368 30.0315 0 0 0 0.426753 0.904368
965.600000000 49.0873 30.087 0 0 0 0.418475 0.908228
965.700000000 49.1387 30.1417 0 0 0 0.410161 0.912013
965.800000000 49.1912 30.1953 0 0 0 0.401813 0.915722
965.900000000 49.2447 30.248 0 0 0 0.393432 0.919354
966.000000000 49.2991 30.2997 0 0 0 0.385018 0.922909
966.100000000 49.3544 30.3504 0 0 0 0.376572 0.926388
966.200000000 49.4107 30.4001 0 0 0 0.368094 0.929789
966.300000000 49.4678 30.4488 0 0 0 0.359585 0.933112
966.400000000 49.5258 30.4964 0 0 0 0.351047 0.936358
966.500000000 49.5847 30.5429 0 0 0 0.342479 0.939525
966.600000000 49.6445 30.5883 0 0 0 0.333883 0.942615
966.700000000 49.705 30.6327 0 0 0 0.325259 0.945625
966.800000000 49.7664 30.6759 0 0 0 0.316608 0.948557
966.900000000 49.8285 30.718 0 0 0 0.30793 0.951409
967.000000000 49.8914 30.759 0 0 0 0.299227 0.954182
967.100000000 49.955 30.7988 0 0 0 0.290498 0.956876
967.200000000 50.0164 30.8419 0 0 0 0.294627 0.955612
967.300000000 50.0768 30.8864 0 0 0 0.301153 0.953576
967.400000000 50.1366 30.9317 0 0 0 0.307665 0.951495
967.500000000 50.1958 30.9778 0 0 0 0.314163 0.949369
967.600000000 50.2544 31.0248 0 0 0 0.320646 0.947199
967.700000000 50.3123 31.0725 0 0 0 0.327114 0.944985
967.800000000 50.3695 31.121 0 0 0 0.333566 0.942727
967.900000000 50.4261 31.1703 0 0 0 0.340004 0.940424
968.000000000 50.482 31.2203 0 0 0 0.346425 0.938078
968.100000000 50.5372 31.2711 0 0 0 0.35283 0.935688
968.200000000 50.5927 31.3215 0 0 0 0.355597 0.934639
968.300000000 50.648 31.3723 0 0 0 0.358362 0.933583
968.400000000 50.7029 31.4233 0 0 0 0.361123 0.932518
968.500000000 50.7576 31.4747 0 0 0 0.363881 0.931445
968.600000000 50.8119 31.5264 0 0 0 0.366637 0.930364
968.700000000 50.8659 31.5785 0 0 0 0.369388 0.929275
968.800000000 50.9196 31.6308 0 0 0 0.372137 0.928178
968.900000000 50.973 31.6835 0 0 0 0.374882 0.927072
969.000000000 51.0261 31.7365 0 0 0 0.377624 0.925959
969.100000000 51.0789 31.7897 0 0 0 0.380363 0.924837
969.200000000 51.1322 31.8425 0 0 0 0.380363 0.924837
969.300000000 51.1857 31.8951 0 0 0 0.379648 0.925131
969.400000000 51.2393 31.9475 0 0 0 0.378932 0.925424
969.500000000 51.293 31.9999 0 0 0 0.378217 0.925717
969.600000000 51.3468 32.0522 0 0 0 0.377501 0.926009
969.700000000 51.4006 32.1044 0 0 0 0.376784 0.926301
969.800000000 51.4545 32.1565 0 0 0 0.376068 0.926592
969.900000000 51.5085 32.2086 0 0 0 0.375351 0.926883
970.000000000 51.5626 32.2606 0 0 0 0.374634 0.927173
970.100000000 51.6168 32.3124 0 0 0 0.373917 0.927462
970.200000000 51.6708 32.3645 0 0 0 0.373917 0.927462
970.300000000 51.7248 32.4165 0 0 0 0.373917 0.927462
970.400000000 51.7789 32.4685 0 0 0 0.373917 0.927462
970.500000000 51.8329 32.5205 0 0 0 0.373917 0.927462
970.600000000 51.8869 32.5725 0 0 0 0.373917 0.927462
970.700000000 51.9409 32.6246 0 0 0 0.373917 0.927462
970.800000000 51.995 32.6766 0 0 0 0.373917 0.927462
970.900000000 52.049 32.7286 0 0 0 0.373917 0.927462
971.000000000 52.103 32.7806 0 0 0 0.373917 0.927462
971.100000000 52.1571 32.8326 0 0 0 0.373917 0.927462
971.200000000 52.2111 32.8846 0 0 0 0.373917 0.927462
971.300000000 52.2678 32.9339 0 0 0 0.364922 0.931038
971.400000000 52.3257 32.9816 0 0 0 0.354902 0.934904
971.500000000 52.3846 33.0282 0 0 0 0.34484 0.938661
971.600000000 52.4445 33.0734 0 0 0 0.334739 0.942311
971.700000000 52.5054 33.1174 0 0 0 0.324599 0.945852
971.800000000 52.5672 33.16 0 0 0 0.314422 0.949283
971.900000000 52.6299 33.2013 0 0 0 0.304209 0.952605
972.000000000 52.6934 33.2412 0 0 0 0.29396 0.955818
972.100000000 52.7579 33.2798 0 0 0 0.283678 0.95892
972.200000000 52.8231 33.317 0 0 0 0.273362 0.961911
972.300000000 52.8891 33.3527 0 0 0 0.263016 0.964792
972.400000000 52.9559 33.3871 0 0 0 0.252639 0.967561
972.500000000 53.0233 33.42 0 0 0 0.242232 0.970218
972.600000000 53.0915 33.4514 0 0 0 0.231798 0.972764
972.700000000 53.1604 33.4814 0 0 0 0.221337 0.975197
972.800000000 53.2298 33.5099 0 0 0 0.210851 0.977518
972.900000000 53.2999 33.5368 0 0 0 0.20034 0.979726
973.000000000 53.3705 33.5623 0 0 0 0.189806 0.981822
973.100000000 53.4293 33.5774 0 0 0 0.170308 0.985391
973.200000000 53.4747 33.5818 0 0 0 0.142891 0.989738
973.300000000 53.5046 33.5755 0 0 0 0.106889 0.994271
973.400000000 53.5121 33.5576 0 0 0 0.059311 0.99824
973.500000000 53.515 33.5381 0 0 0 0.010119 0.999949
973.600000000 53.516 33.5185 0 0 0 -0.0390976 0.999235
973.700000000 53.515 33.4989 0 0 0 -0.0882194 0.996101
973.800000000 53.5122 33.4794 0 0 0 -0.137127 0.990553
973.900000000 53.5074 33.4603 0 0 0 -0.185703 0.982606
974.000000000 53.5007 33.4418 0 0 0 -0.233829 0.972278
974.100000000 53.4923 33.424 0 0 0 -0.281389 0.959594
974.200000000 53.4822 33.4072 0 0 0 -0.328266 0.944585
974.300000000 53.4704 33.3914 0 0 0 -0.374349 0.927288
974.400000000 53.4572 33.3769 0 0 0 -0.419524 0.907744
974.500000000 53.4426 33.3637 0 0 0 -0.463683 0.886001
974.600000000 53.4268 33.352 0 0 0 -0.506719 0.862111
974.700000000 53.4099 33.3419 0 0 0 -0.548527 0.836133
974.800000000 53.3921 33.3336 0 0 0 -0.589006 0.808129
974.900000000 53.3736 33.327 0 0 0 -0.628058 0.778167
975.000000000 53.3545 33.3223 0 0 0 -0.665588 0.74632
975.100000000 53.335 33.3195 0 0 0 -0.701506 0.712664
975.200000000 53.3153 33.3186 0 0 0 -0.735724 0.677282
975.300000000 53.2984 33.2949 0 0 0 -0.760434 0.649415
975.400000000 53.2805 33.2547 0 0 0 -0.778668 0.627436
975.500000000 53.2601 33.2025 0 0 0 -0.792428 0.609965
975.600000000 53.2373 33.1505 0 0 0 -0.805561 0.592513
975.700000000 53.2122 33.0995 0 0 0 -0.818309 0.574778
975.800000000 53.1849 33.0497 0 0 0 -0.830667 0.556769
975.900000000 53.1555 33.0011 0 0 0 -0.842629 0.538494
976.000000000 53.124 32.9538 0 0 0 -0.854189 0.519963
976.100000000 53.0905 32.908 0 0 0 -0.865341 0.501183
976.200000000 53.0494 32.8469 0 0 0 0.871899 -0.489686
976.300000000 53.0088 32.7838 0 0 0 0.874005 -0.485917
976.400000000 52.9683 32.7207 0 0 0 0.875439 -0.483328
976.500000000 52.9256 32.659 0 0 0 0.879283 -0.4763
976.600000000 52.882 32.5979 0 0 0 0.88307 -0.469242
976.700000000 52.8374 32.5376 0 0 0 0.8868 -0.462154
976.800000000 52.7918 32.4779 0 0 0 0.890473 -0.455036
976.900000000 52.7453 32.4191 0 0 0 0.894089 -0.447888
977.000000000 52.6978 32.3609 0 0 0 0.897648 -0.440712
977.100000000 52.6494 32.3036 0 0 0 0.90115 -0.433508
977.200000000 52.6003 32.2468 0 0 0 0.904346 -0.426801
977.300000000 52.5545 32.1874 0 0 0 0.901747 -0.432263
977.400000000 52.5148 32.1287 0 0 0 0.895321 -0.445422
977.500000000 52.4776 32.0695 0 0 0 0.888492 -0.458892
977.600000000 52.4415 32.0085 0 0 0 0.881677 -0.471854
977.700000000 52.4072 31.9465 0 0 0 0.874672 -0.484715
977.800000000 52.3747 31.8835 0 0 0 0.86748 -0.497471
977.900000000 52.3441 31.8196 0 0 0 -0.860102 0.510122
978.000000000 52.3154 31.7548 0 0 0 -0.85254 0.522662
978.100000000 52.2886 31.6892 0 0 0 -0.844794 0.535091
978.200000000 52.2637 31.6228 0 0 0 -0.836868 0.547405
978.300000000 52.2407 31.5558 0 0 0 -0.828762 0.559601
978.400000000 52.2198 31.4881 0 0 0 -0.820478 0.571678
978.500000000 52.2008 31.4198 0 0 0 -0.812018 0.583632
978.600000000 52.1839 31.351 0 0 0 -0.803385 0.595461
978.700000000 52.1689 31.2817 0 0 0 -0.794578 0.607162
978.800000000 52.156 31.212 0 0 0 -0.785602 0.618732
978.900000000 52.1448 31.1411 0 0 0 -0.776749 0.629811
979.000000000 52.1359 31.0708 0 0 0 -0.767442 0.641118
979.100000000 52.1287 30.9994 0 0 0 -0.758273 0.651937
979.200000000 52.1255 30.933 0 0 0 -0.747163 0.664641
979.300000000 52.1296 30.8824 0 0 0 -0.730315 0.68311
979.400000000 52.1406 30.8483 0 0 0 -0.707292 0.706921
979.500000000 52.1579 30.8354 0 0 0 -0.67613 0.736783
979.600000000 52.1775 30.8365 0 0 0 -0.639056 0.76916
979.700000000 52.1969 30.8411 0 0 0 -0.599815 0.800138
979.800000000 52.2158 30.8477 0 0 0 -0.559075 0.829117
979.900000000 52.234 30.8561 0 0 0 -0.516938 0.856023
980.000000000 52.2512 30.8663 0 0 0 -0.473509 0.880789
980.100000000 52.2673 30.8781 0 0 0 -0.428896 0.903354
980.200000000 52.2821 30.8915 0 0 0 -0.383211 0.923661
980.300000000 52.2955 30.9063 0 0 0 -0.336568 0.941659
980.400000000 52.3074 30.9224 0 0 0 -0.289084 0.957304
980.500000000 52.3176 30.9396 0 0 0 -0.240878 0.970555
980.600000000 52.3261 30.9577 0 0 0 -0.192069 0.981381
980.700000000 52.3327 30.9766 0 0 0 -0.142781 0.989754
980.800000000 52.3374 30.996 0 0 0 -0.0931351 0.995653
980.900000000 52.3401 31.0158 0 0 0 -0.0432567 0.999064
981.000000000 52.3408 31.0358 0 0 0 0.0067297 0.999977
981.100000000 52.3396 31.0557 0 0 0 0.0566993 0.998391
981.200000000 52.3363 31.0755 0 0 0 0.106527 0.99431
981.300000000 52.3311 31.0948 0 0 0 0.156089 0.987743
981.400000000 52.324 31.1134 0 0 0 0.20526 0.978707
981.500000000 52.3151 31.1313 0 0 0 0.253919 0.967226
981.600000000 52.3044 31.1482 0 0 0 0.301943 0.953326
981.700000000 52.2921 31.164 0 0 0 0.349212 0.937044
981.800000000 52.2782 31.1784 0 0 0 0.395608 0.918419
981.900000000 52.263 31.1914 0 0 0 0.441015 0.8975
982.000000000 52.2466 31.2028 0 0 0 0.485321 0.874336
982.100000000 52.2292 31.2125 0 0 0 0.528413 0.848988
982.200000000 52.2108 31.2205 0 0 0 0.570184 0.821517
982.300000000 52.2051 31.2482 0 0 0 0.600773 0.79942
982.400000000 52.1982 31.2772 0 0 0 0.629751 0.776797
982.500000000 52.1891 31.3056 0 0 0 0.657877 0.753126
982.600000000 52.1781 31.3332 0 0 0 0.685114 0.728436
982.700000000 52.165 31.36 0 0 0 0.711425 0.702762
982.800000000 52.15 31.3858 0 0 0 0.736775 0.676138
982.900000000 52.1331 31.4104 0 0 0 0.761129 0.6486
983.000000000 52.1145 31.4336 0 0 0 0.784455 0.620186
983.100000000 52.0942 31.4555 0 0 0 0.80672 0.590934
983.200000000 52.0724 31.4758 0 0 0 0.827895 0.560883
983.300000000 52.0459 31.5119 0 0 0 0.843359 0.537351
983.400000000 52.0134 31.5623 0 0 0 0.854056 0.52018
983.500000000 51.9771 31.6179 0 0 0 0.862713 0.505693
983.600000000 51.9386 31.6732 0 0 0 0.87091 0.491442
983.700000000 51.8984 31.7271 0 0 0 0.878872 0.477058
983.800000000 51.8563 31.7797 0 0 0 0.886596 0.462545
983.900000000 51.8126 31.8309 0 0 0 0.89408 0.447907
984.000000000 51.7672 31.8807 0 0 0 0.901323 0.433148
984.100000000 51.7202 31.9289 0 0 0 0.908322 0.418272
984.200000000 51.6716 31.9755 0 0 0 0.915076 0.403282
984.300000000 51.6216 32.0206 0 0 0 0.921582 0.388184
984.400000000 51.5701 32.0639 0 0 0 0.927839 0.372981
984.500000000 51.5171 32.1055 0 0 0 0.933845 0.357677
984.600000000 51.4629 32.1454 0 0 0 0.939599 0.342277
984.700000000 51.4073 32.1835 0 0 0 0.945099 0.326783
984.800000000 51.3506 32.2197 0 0 0 0.950344 0.311202
984.900000000 51.2927 32.254 0 0 0 0.955331 0.295536
985.000000000 51.2337 32.2865 0 0 0 0.960061 0.279791
985.100000000 51.1736 32.3169 0 0 0 0.964531 0.26397
985.200000000 51.1078 32.353 0 0 0 0.966157 0.257956
985.300000000 51.0443 32.3929 0 0 0 0.964213 0.265127
985.400000000 50.9818 32.4346 0 0 0 0.961602 0.274448
985.500000000 50.9202 32.4774 0 0 0 0.9589 0.283744
985.600000000 50.8594 32.5214 0 0 0 0.956131 0.292939
985.700000000 50.7994 32.5665 0 0 0 0.953395 0.301726
985.800000000 50.7414 32.6115 0 0 0 0.950702 0.310107
985.900000000 50.6856 32.6565 0 0 0 0.947999 0.318274
986.000000000 50.6331 32.7004 0 0 0 0.945356 0.326039
986.100000000 50.5826 32.744 0 0 0 0.942717 0.333594
986.200000000 50.5341 32.7873 0 0 0 0.940085 0.340939
986.300000000 50.4816 32.8337 0 0 0 0.938375 0.345618
986.400000000 50.4334 32.8772 0 0 0 0.936767 0.349954
986.500000000 50.3855 32.9212 0 0 0 0.935138 0.354284
986.600000000 50.3417 32.9623 0 0 0 0.933617 0.358273
986.700000000 50.2995 33.0025 0 0 0 0.932122 0.362145
986.800000000 50.2576 33.0431 0 0 0 0.93061 0.366012
986.900000000 50.2172 33.0829 0 0 0 0.929127 0.369761
987.000000000 50.1783 33.1218 0 0 0 0.927673 0.373395
987.100000000 50.1432 33.1575 0 0 0 0.926338 0.376693
987.200000000 50.0947 33.2056 0 0 0 0.92573 0.378185
987.300000000 50.0464 33.2539 0 0 0 0.925119 0.379676
987.400000000 49.9982 33.3024 0 0 0 0.924506 0.381166
987.500000000 49.9537 33.3475 0 0 0 0.923936 0.382547
987.600000000 49.9093 33.3927 0 0 0 0.923364 0.383926
987.700000000 49.8698 33.4332 0 0 0 0.92285 0.385159
987.800000000 49.8268 33.4775 0 0 0 0.922289 0.386501
987.900000000 49.7886 33.517 0 0 0 0.921787 0.387697
988.000000000 49.7505 33.5567 0 0 0 0.921283 0.388892
988.100000000 49.7137 33.5953 0 0 0 0.920794 0.39005
988.200000000 49.6755 33.6349 0 0 0 0.920625 0.390448
988.300000000 49.6338 33.678 0 0 0 0.920625 0.390448
988.400000000 49.5967 33.7164 0 0 0 0.920625 0.390448
988.500000000 49.5608 33.7535 0 0 0 0.920625 0.390448
988.600000000 49.5214 33.7943 0 0 0 0.920625 0.390448
988.700000000 49.4867 33.8302 0 0 0 0.920625 0.390448
988.800000000 49.4531 33.865 0 0 0 0.920625 0.390448
988.900000000 49.4207 33.8985 0 0 0 0.920625 0.390448
989.000000000 49.3894 33.9309 0 0 0 0.920625 0.390448
989.100000000 49.3593 33.962 0 0 0 0.920625 0.390448
989.200000000 49.3303 33.992 0 0 0 0.920625 0.390448
989.300000000 49.299 34.0243 0 0 0 0.920625 0.390448
989.400000000 49.2735 34.0507 0 0 0 0.920625 0.390448
989.500000000 49.2492 34.0758 0 0 0 0.920625 0.390448
989.600000000 49.2272 34.0986 0 0 0 0.920625 0.390448
989.700000000 49.2029 34.1238 0 0 0 0.920625 0.390448
989.800000000 49.1808 34.1465 0 0 0 0.920625 0.390448
989.900000000 49.1612 34.1669 0 0 0 0.920625 0.390448
990.000000000 49.1391 34.1897 0 0 0 0.920625 0.390448
990.100000000 49.1194 34.21 0 0 0 0.920625 0.390448
990.200000000 49.1021 34.228 0 0 0 0.920625 0.390448
990.300000000 49.0835 34.2472 0 0 0 0.920625 0.390448
990.400000000 49.0673 34.2639 0 0 0 0.920625 0.390448
990.500000000 49.0499 34.2819 0 0 0 0.920625 0.390448
990.600000000 49.0349 34.2975 0 0 0 0.920625 0.390448
990.700000000 49.0187 34.3143 0 0 0 0.920625 0.390448
990.800000000 49.0048 34.3287 0 0 0 0.920625 0.390448
990.900000000 48.9897 34.3442 0 0 0 0.920625 0.390448
991.000000000 48.9735 34.361 0 0 0 0.920625 0.390448
991.100000000 48.9596 34.3754 0 0 0 0.920625 0.390448
991.200000000 48.9445 34.391 0 0 0 0.920625 0.390448
991.300000000 48.9283 34.4077 0 0 0 0.920625 0.390448
991.400000000 48.9144 34.4221 0 0 0 0.920625 0.390448
991.500000000 48.8993 34.4377 0 0 0 0.920625 0.390448
991.600000000 48.8831 34.4545 0 0 0 0.920625 0.390448
991.700000000 48.8692 34.4688 0 0 0 0.920625 0.390448
991.800000000 48.8541 34.4844 0 0 0 0.920625 0.390448
991.900000000 48.8379 34.5012 0 0 0 0.920625 0.390448
992.000000000 48.824 34.5156 0 0 0 0.920625 0.390448
992.100000000 48.809 34.5311 0 0 0 0.920625 0.390448
992.200000000 48.7927 34.5479 0 0 0 0.920625 0.390448
992.300000000 48.7754 34.5659 0 0 0 0.920625 0.390448
992.400000000 48.7603 34.5815 0 0 0 0.920625 0.390448
992.500000000 48.7441 34.5982 0 0 0 0.920625 0.390448
992.600000000 48.7302 34.6126 0 0 0 0.920625 0.390448
992.700000000 48.7151 34.6282 0 0 0 0.920625 0.390448
992.800000000 48.7001 34.6438 0 0 0 0.920625 0.390448
992.900000000 48.6838 34.6605 0 0 0 0.920625 0.390448
993.000000000 48.6688 34.6761 0 0 0 0.920625 0.390448
993.100000000 48.6537 34.6917 0 0 0 0.920625 0.390448
993.200000000 48.6398 34.7061 0 0 0 0.920625 0.390448
993.300000000 48.6248 34.7217 0 0 0 0.920625 0.390448
993.400000000 48.6097 34.7372 0 0 0 0.920625 0.390448
993.500000000 48.5935 34.754 0 0 0 0.920625 0.390448
993.600000000 48.5796 34.7684 0 0 0 0.920625 0.390448
993.700000000 48.5645 34.784 0 0 0 0.920625 0.390448
993.800000000 48.5483 34.8007 0 0 0 0.920625 0.390448
993.900000000 48.5344 34.8151 0 0 0 0.920625 0.390448
994.000000000 48.5193 34.8307 0 0 0 0.920625 0.390448
994.100000000 48.5031 34.8475 0 0 0 0.920625 0.390448
994.200000000 48.4857 34.8654 0 0 0 0.920625 0.390448
994.300000000 48.4707 34.881 0 0 0 0.920625 0.390448
994.400000000 48.4545 34.8978 0 0 0 0.920625 0.390448
994.500000000 48.4406 34.9122 0 0 0 0.920625 0.390448
994.600000000 48.4255 34.9277 0 0 0 0.920625 0.390448
994.700000000 48.4093 34.9445 0 0 0 0.920625 0.390448
994.800000000 48.3954 34.9589 0 0 0 0.920625 0.390448
994.900000000 48.3803 34.9745 0 0 0 0.920625 0.390448
995.000000000 48.3641 34.9912 0 0 0 0.920625 0.390448
995.100000000 48.349 35.0068 0 0 0 0.920625 0.390448
995.200000000 48.334 35.0224 0 0 0 0.920625 0.390448
995.300000000 48.3189 35.038 0 0 0 0.920625 0.390448
995.400000000 48.3027 35.0548 0 0 0 0.920625 0.390448
995.500000000 48.2876 35.0703 0 0 0 0.920625 0.390448
995.600000000 48.2726 35.0859 0 0 0 0.920625 0.390448
995.700000000 48.2587 35.1003 0 0 0 0.920625 0.390448
995.800000000 48.2436 35.1159 0 0 0 0.920625 0.390448
995.900000000 48.2286 35.1314 0 0 0 0.920625 0.390448
996.000000000 48.2147 35.1458 0 0 0 0.920625 0.390448
996.100000000 48.1996 35.1614 0 0 0 0.920625 0.390448
996.200000000 48.1845 35.177 0 0 0 0.920625 0.390448
996.300000000 48.1706 35.1913 0 0 0 0.920625 0.390448
996.400000000 48.1567 35.2057 0 0 0 0.920625 0.390448
996.500000000 48.1405 35.2225 0 0 0 0.920625 0.390448
996.600000000 48.1243 35.2393 0 0 0 0.920625 0.390448
996.700000000 48.1092 35.2548 0 0 0 0.920625 0.390448
996.800000000 48.093 35.2716 0 0 0 0.920625 0.390448
996.900000000 48.0768 35.2884 0 0 0 0.920625 0.390448
997.000000000 48.0594 35.3064 0 0 0 0.920625 0.390448
997.100000000 48.0432 35.3231 0 0 0 0.920625 0.390448
997.200000000 48.027 35.3399 0 0 0 0.920625 0.390448
997.300000000 48.0119 35.3555 0 0 0 0.920625 0.390448
997.400000000 47.9922 35.3759 0 0 0 0.920625 0.390448
997.500000000 47.9714 35.3974 0 0 0 0.920625 0.390448
997.600000000 47.9517 35.4178 0 0 0 0.920625 0.390448
997.700000000 47.9331 35.437 0 0 0 0.920625 0.390448
997.800000000 47.9146 35.4561 0 0 0 0.920625 0.390448
997.900000000 47.8949 35.4765 0 0 0 0.920625 0.390448
998.000000000 47.8764 35.4957 0 0 0 0.920625 0.390448
998.100000000 47.859 35.5137 0 0 0 0.920625 0.390448
998.200000000 47.837 35.5364 0 0 0 0.920625 0.390448
998.300000000 47.8161 35.558 0 0 0 0.920625 0.390448
998.400000000 47.7976 35.5772 0 0 0 0.920625 0.390448
998.500000000 47.7814 35.5939 0 0 0 0.920625 0.390448
998.600000000 47.764 35.6119 0 0 0 0.920625 0.390448
998.700000000 47.7489 35.6275 0 0 0 0.920625 0.390448
998.800000000 47.7327 35.6443 0 0 0 0.920625 0.390448
998.900000000 47.7188 35.6586 0 0 0 0.920625 0.390448
999.000000000 47.7038 35.6742 0 0 0 0.920625 0.390448
999.100000000 47.6875 35.691 0 0 0 0.920625 0.390448
999.200000000 47.6702 35.709 0 0 0 0.920625 0.390448
999.300000000 47.6551 35.7245 0 0 0 0.920625 0.390448
999.400000000 47.6389 35.7413 0 0 0 0.920625 0.390448
999.500000000 47.625 35.7557 0 0 0 0.920625 0.390448
999.600000000 47.6099 35.7713 0 0 0 0.920625 0.390448
999.700000000 47.5937 35.788 0 0 0 0.920625 0.390448
999.800000000 47.5798 35.8024 0 0 0 0.920625 0.390448
999.900000000 47.5647 35.818 0 0 0 0.920625 0.390448
1000.000000000 47.5485 35.8348 0 0 0 0.920625 0.390448
1000.100000000 47.5346 35.8491 0 0 0 0.920625 0.390448
1000.200000000 47.5196 35.8647 0 0 0 0.920625 0.390448
1000.300000000 47.5034 35.8816 0 0 0 0.920482 0.390785
1000.400000000 47.4896 35.8961 0 0 0 0.920359 0.391075
1000.500000000 47.4758 35.9106 0 0 0 0.920236 0.391364
1000.600000000 47.4609 35.9263 0 0 0 0.920103 0.391677
1000.700000000 47.4483 35.9396 0 0 0 0.91999 0.391942
1000.800000000 47.4276 35.9613 0 0 0 0.919805 0.392376
1000.900000000 47.4082 35.9819 0 0 0 0.91963 0.392785
1001.000000000 47.3898 36.0013 0 0 0 0.919466 0.39317
1001.100000000 47.3715 36.0207 0 0 0 0.919301 0.393556
1001.200000000 47.3547 36.0391 0 0 0 0.918757 0.394824
1001.300000000 47.339 36.0564 0 0 0 0.918247 0.396007
1001.400000000 47.3234 36.0737 0 0 0 0.917737 0.397189
1001.500000000 47.3078 36.0911 0 0 0 0.917224 0.398371
1001.600000000 47.2922 36.1085 0 0 0 0.91671 0.399552
1001.700000000 47.2756 36.1272 0 0 0 0.916158 0.400817
1001.800000000 47.2579 36.1472 0 0 0 0.915567 0.402165
1001.900000000 47.2425 36.1647 0 0 0 0.915048 0.403344
1002.000000000 47.2261 36.1835 0 0 0 0.914491 0.404606
1002.100000000 47.2119 36.1999 0 0 0 0.914006 0.4057
1002.200000000 47.1966 36.2175 0 0 0 0.913483 0.406877
1002.300000000 47.1803 36.2365 0 0 0 0.912921 0.408137
1002.400000000 47.1651 36.2542 0 0 0 0.912394 0.409312
1002.500000000 47.15 36.272 0 0 0 0.911866 0.410487
1002.600000000 47.136 36.2885 0 0 0 0.911375 0.411578
1002.700000000 47.122 36.3051 0 0 0 0.910882 0.412667
1002.800000000 47.1091 36.3204 0 0 0 0.910426 0.413673
1002.900000000 47.0963 36.3358 0 0 0 0.909968 0.414678
1003.000000000 47.0846 36.3499 0 0 0 0.909548 0.415598
1003.100000000 47.0718 36.3653 0 0 0 0.909089 0.416602
1003.200000000 47.0594 36.381 0 0 0 0.908224 0.418484
1003.300000000 47.046 36.398 0 0 0 0.907283 0.42052
1003.400000000 47.0307 36.4178 0 0 0 0.906191 0.422868
1003.500000000 47.0184 36.4336 0 0 0 0.905314 0.424743
1003.600000000 47.0043 36.4522 0 0 0 0.904285 0.426929
1003.700000000 46.9932 36.4668 0 0 0 0.903473 0.428645
1003.800000000 46.9802 36.4842 0 0 0 0.902509 0.430671
1003.900000000 46.9683 36.5003 0 0 0 0.901615 0.432539
1004.000000000 46.9564 36.5164 0 0 0 0.900717 0.434405
1004.100000000 46.9446 36.5325 0 0 0 0.899816 0.43627
1004.200000000 46.9299 36.5528 0 0 0 0.898684 0.438598
1004.300000000 46.9164 36.5718 0 0 0 0.897537 0.44094
1004.400000000 46.903 36.5909 0 0 0 0.896384 0.443279
1004.500000000 46.8868 36.6142 0 0 0 0.894976 0.446115
1004.600000000 46.8446 36.6763 0 0 0 0.890863 0.454272
1004.700000000 46.8035 36.7391 0 0 0 0.886677 0.46239
1004.800000000 46.7636 36.8027 0 0 0 0.882416 0.47047
1004.900000000 46.7248 36.867 0 0 0 0.878082 0.478511
1005.000000000 46.6873 36.9319 0 0 0 0.873674 0.486512
1005.100000000 46.6509 36.9976 0 0 0 0.869194 0.494472
1005.200000000 46.6165 37.0643 0 0 0 0.863573 0.504224
1005.300000000 46.5837 37.1319 0 0 0 0.857582 0.514347
1005.400000000 46.5526 37.2002 0 0 0 0.851473 0.524399
1005.500000000 46.5231 37.2693 0 0 0 0.845245 0.534379
1005.600000000 46.4951 37.3389 0 0 0 0.839024 0.544094
1005.700000000 46.4699 37.4061 0 0 0 0.832975 0.55331
1005.800000000 46.4467 37.4723 0 0 0 0.826969 0.562247
1005.900000000 46.4261 37.5358 0 0 0 0.82116 0.570697
1006.000000000 46.4072 37.598 0 0 0 0.815413 0.578879
1006.100000000 46.39 37.6591 0 0 0 0.809735 0.586795
1006.200000000 46.3744 37.7188 0 0 0 0.804133 0.594449
1006.300000000 46.3605 37.7756 0 0 0 0.799067 0.601242
1006.400000000 46.348 37.8309 0 0 0 0.794091 0.607799
1006.500000000 46.3367 37.8848 0 0 0 0.78921 0.614124
1006.600000000 46.3266 37.9372 0 0 0 0.784428 0.62022
1006.700000000 46.3176 37.9882 0 0 0 0.779751 0.62609
1006.800000000 46.3097 38.0376 0 0 0 0.775183 0.631737
1006.900000000 46.3027 38.0855 0 0 0 0.770729 0.637164
1007.000000000 46.2966 38.1318 0 0 0 0.766392 0.642374
1007.100000000 46.2913 38.1766 0 0 0 0.762176 0.64737
1007.200000000 46.2866 38.2197 0 0 0 0.758326 0.651876
1007.300000000 46.2826 38.2612 0 0 0 0.754598 0.656187
1007.400000000 46.2792 38.3011 0 0 0 0.750997 0.660306
1007.500000000 46.2764 38.3394 0 0 0 0.747524 0.664235
1007.600000000 46.2731 38.391 0 0 0 0.742811 0.669501
1007.700000000 46.2707 38.441 0 0 0 0.738215 0.674566
1007.800000000 46.269 38.4894 0 0 0 0.733739 0.679431
1007.900000000 46.2679 38.5361 0 0 0 0.729387 0.684101
1008.000000000 46.2675 38.5878 0 0 0 0.724534 0.689239
1008.100000000 46.2677 38.6395 0 0 0 0.719645 0.694342
1008.200000000 46.2686 38.6896 0 0 0 0.71488 0.699247
1008.300000000 46.2713 38.7646 0 0 0 0.707328 0.706885
1008.400000000 46.2755 38.8396 0 0 0 0.699696 0.714441
1008.500000000 46.2814 38.9144 0 0 0 0.691982 0.721915
1008.600000000 46.2889 38.9891 0 0 0 0.684189 0.729305
1008.700000000 46.2979 39.0636 0 0 0 0.676317 0.736611
1008.800000000 46.3086 39.138 0 0 0 0.668366 0.743832
1008.900000000 46.3208 39.212 0 0 0 0.660339 0.750968
1009.000000000 46.3347 39.2858 0 0 0 0.652236 0.758016
1009.100000000 46.3501 39.3593 0 0 0 0.644057 0.764978
1009.200000000 46.3623 39.4333 0 0 0 0.645222 0.763996
1009.300000000 46.3737 39.5074 0 0 0 0.64748 0.762083
1009.400000000 46.3846 39.5816 0 0 0 0.649732 0.760163
1009.500000000 46.3951 39.6559 0 0 0 0.651979 0.758237
1009.600000000 46.4052 39.7302 0 0 0 0.65422 0.756304
1009.700000000 46.4148 39.8046 0 0 0 0.656456 0.754364
1009.800000000 46.424 39.8791 0 0 0 0.658686 0.752418
1009.900000000 46.4328 39.9535 0 0 0 0.660909 0.750466
1010.000000000 46.4411 40.0281 0 0 0 0.663128 0.748506
1010.100000000 46.4489 40.1027 0 0 0 0.66534 0.746541
1010.200000000 46.4558 40.1774 0 0 0 0.668557 0.743661
1010.300000000 46.4621 40.2521 0 0 0 0.671762 0.740767
1010.400000000 46.4676 40.3269 0 0 0 0.674955 0.737859
1010.500000000 46.4726 40.4018 0 0 0 0.678135 0.734938
1010.600000000 46.4769 40.4767 0 0 0 0.681302 0.732002
1010.700000000 46.4805 40.5516 0 0 0 0.684457 0.729054
1010.800000000 46.4835 40.6265 0 0 0 0.687598 0.726091
1010.900000000 46.4859 40.7015 0 0 0 0.690727 0.723115
1011.000000000 46.4876 40.7765 0 0 0 0.693844 0.720126
1011.100000000 46.4887 40.8515 0 0 0 0.696947 0.717123
1011.200000000 46.4891 40.9265 0 0 0 0.700037 0.714107
1011.300000000 46.49 41.0015 0 0 0 0.701124 0.713039
1011.400000000 46.4909 41.0765 0 0 0 0.701675 0.712497
1011.500000000 46.4918 41.1515 0 0 0 0.702226 0.711954
1011.600000000 46.4925 41.2265 0 0 0 0.702776 0.711411
1011.700000000 46.4931 41.3015 0 0 0 0.703326 0.710867
1011.800000000 46.4936 41.3765 0 0 0 0.703876 0.710323
1011.900000000 46.494 41.4515 0 0 0 0.704425 0.709779
1012.000000000 46.4942 41.5265 0 0 0 0.704974 0.709234
1012.100000000 46.4944 41.6015 0 0 0 0.705522 0.708688
1012.200000000 46.495 41.6765 0 0 0 0.704974 0.709234
1012.300000000 46.4958 41.7515 0 0 0 0.704425 0.709779
1012.400000000 46.4966 41.8265 0 0 0 0.703876 0.710323
1012.500000000 46.4976 41.9015 0 0 0 0.703326 0.710867
1012.600000000 46.4987 41.9765 0 0 0 0.702776 0.711411
1012.700000000 46.5 42.0515 0 0 0 0.702226 0.711954
1012.800000000 46.5013 42.1265 0 0 0 0.701675 0.712497
1012.900000000 46.5028 42.2015 0 0 0 0.701124 0.713039
1013.000000000 46.5043 42.2764 0 0 0 0.700572 0.713581
1013.100000000 46.506 42.3514 0 0 0 0.70002 0.714123
1013.200000000 46.5078 42.4264 0 0 0 0.699468 0.714664
1013.300000000 46.5083 42.5014 0 0 0 0.70158 0.712591
1013.400000000 46.5082 42.5764 0 0 0 0.703686 0.710511
1013.500000000 46.5078 42.6514 0 0 0 0.705785 0.708426
1013.600000000 46.5069 42.7264 0 0 0 0.707879 0.706334
1013.700000000 46.5055 42.8014 0 0 0 0.709966 0.704236
1013.800000000 46.5037 42.8764 0 0 0 0.712047 0.702131
1013.900000000 46.5015 42.9514 0 0 0 0.714122 0.700021
1014.000000000 46.4988 43.0263 0 0 0 0.716191 0.697904
1014.100000000 46.4957 43.1013 0 0 0 0.718253 0.695782
1014.200000000 46.4921 43.1762 0 0 0 0.720309 0.693653
1014.300000000 46.4881 43.2511 0 0 0 0.722359 0.691518
1014.400000000 46.4837 43.326 0 0 0 0.724402 0.689377
1014.500000000 46.4788 43.4008 0 0 0 0.726439 0.68723
1014.600000000 46.4734 43.4756 0 0 0 0.72847 0.685078
1014.700000000 46.4677 43.5504 0 0 0 0.730494 0.682919
1014.800000000 46.4614 43.6251 0 0 0 0.732512 0.680754
1014.900000000 46.4548 43.6999 0 0 0 0.734524 0.678583
1015.000000000 46.4529 43.7749 0 0 0 0.727554 0.68605
1015.100000000 46.4571 43.8363 0 0 0 0.7141 0.700043
1015.200000000 46.4666 43.8838 0 0 0 0.695531 0.718496
1015.300000000 46.4789 43.9292 0 0 0 0.675905 0.736989
1015.400000000 46.4936 43.9739 0 0 0 0.655786 0.754946
1015.500000000 46.5106 44.0177 0 0 0 0.635191 0.772355
1015.600000000 46.5301 44.0606 0 0 0 0.614134 0.789201
1015.700000000 46.5518 44.1023 0 0 0 0.592631 0.805474
1015.800000000 46.5757 44.1428 0 0 0 0.570696 0.821161
1015.900000000 46.6017 44.1819 0 0 0 0.548347 0.836251
1016.000000000 46.6299 44.2196 0 0 0 0.525599 0.850733
1016.100000000 46.66 44.2557 0 0 0 0.502468 0.864596
1016.200000000 46.692 44.2901 0 0 0 0.478972 0.87783
1016.300000000 46.7319 44.3381 0 0 0 0.46221 0.886771
1016.400000000 46.7788 44.3967 0 0 0 0.451302 0.892371
1016.500000000 46.8269 44.4544 0 0 0 0.441229 0.897395
1016.600000000 46.8762 44.511 0 0 0 0.4311 0.902304
1016.700000000 46.9268 44.5665 0 0 0 0.420916 0.907099
1016.800000000 46.9786 44.6208 0 0 0 0.410679 0.91178
1016.900000000 47.0317 44.6739 0 0 0 0.400391 0.916345
1017.000000000 47.0859 44.7259 0 0 0 0.390051 0.920793
1017.100000000 47.1413 44.7766 0 0 0 0.379662 0.925125
1017.200000000 47.1958 44.828 0 0 0 0.375663 0.926756
1017.300000000 47.2507 44.8792 0 0 0 0.37228 0.92812
1017.400000000 47.3059 44.93 0 0 0 0.368892 0.929472
1017.500000000 47.3615 44.9803 0 0 0 0.365499 0.930812
1017.600000000 47.4174 45.0303 0 0 0 0.362101 0.932139
1017.700000000 47.4738 45.0798 0 0 0 0.358698 0.933454
1017.800000000 47.5304 45.129 0 0 0 0.35529 0.934756
1017.900000000 47.5875 45.1777 0 0 0 0.351878 0.936046
1018.000000000 47.6448 45.226 0 0 0 0.348461 0.937323
1018.100000000 47.7026 45.2739 0 0 0 0.345039 0.938588
1018.200000000 47.7619 45.3198 0 0 0 0.336975 0.941513
1018.300000000 47.8222 45.3646 0 0 0 0.328361 0.944552
1018.400000000 47.8833 45.4082 0 0 0 0.31972 0.947512
1018.500000000 47.9451 45.4507 0 0 0 0.311051 0.950393
1018.600000000 48.0077 45.4921 0 0 0 0.302357 0.953195
1018.700000000 48.0711 45.5323 0 0 0 0.293638 0.955917
1018.800000000 48.1352 45.5714 0 0 0 0.284894 0.958559
1018.900000000 48.2 45.6093 0 0 0 0.276126 0.961121
1019.000000000 48.2654 45.646 0 0 0 0.267335 0.963604
1019.100000000 48.3316 45.6815 0 0 0 0.258522 0.966005
1019.200000000 48.3986 45.7142 0 0 0 0.246182 0.969224
1019.300000000 48.4665 45.7453 0 0 0 0.233802 0.972284
1019.400000000 48.5351 45.7746 0 0 0 0.221385 0.975187
1019.500000000 48.6044 45.8021 0 0 0 0.208931 0.97793
1019.600000000 48.6744 45.8279 0 0 0 0.196443 0.980515
1019.700000000 48.7451 45.8518 0 0 0 0.183923 0.982941
1019.800000000 48.8163 45.874 0 0 0 0.171373 0.985206
1019.900000000 48.8881 45.8943 0 0 0 0.158796 0.987311
1020.000000000 48.9604 45.9128 0 0 0 0.146192 0.989256
1020.100000000 49.0331 45.9294 0 0 0 0.133565 0.99104
1020.200000000 49.1062 45.9442 0 0 0 0.120916 0.992663
1020.300000000 49.1797 45.9572 0 0 0 0.108248 0.994124
1020.400000000 49.2535 45.9682 0 0 0 0.0955617 0.995424
1020.500000000 49.3275 45.9773 0 0 0 0.08286 0.996561
1020.600000000 49.4018 45.9846 0 0 0 0.0701449 0.997537
1020.700000000 49.4762 45.99 0 0 0 0.0574183 0.99835
1020.800000000 49.5507 45.9934 0 0 0 0.0446824 0.999001
1020.900000000 49.6253 45.995 0 0 0 0.0319392 0.99949
1021.000000000 49.6999 45.9947 0 0 0 0.0191908 0.999816
1021.100000000 49.7749 45.9932 0 0 0 0.00845167 0.999964
1021.200000000 49.85 45.9902 0 0 0 -0.00228848 0.999997
1021.300000000 49.9249 45.9874 0 0 0 -0.00851784 0.999964
1021.400000000 49.9999 45.9839 0 0 0 -0.0141255 0.9999
1021.500000000 50.0748 45.9795 0 0 0 -0.0197327 0.999805
1021.600000000 50.1496 45.9743 0 0 0 -0.0253393 0.999679
1021.700000000 50.2244 45.9683 0 0 0 -0.0309451 0.999521
1021.800000000 50.2991 45.9614 0 0 0 -0.0365499 0.999332
1021.900000000 50.3737 45.9537 0 0 0 -0.0421535 0.999111
1022.000000000 50.4482 45.9451 0 0 0 -0.0477559 0.998859
1022.100000000 50.5227 45.9357 0 0 0 -0.0533567 0.998576
1022.200000000 50.597 45.9255 0 0 0 -0.0589559 0.998261
1022.300000000 50.6715 45.9167 0 0 0 -0.0589559 0.998261
1022.400000000 50.746 45.9079 0 0 0 -0.0589559 0.998261
1022.500000000 50.8204 45.899 0 0 0 -0.0589559 0.998261
1022.600000000 50.8949 45.8902 0 0 0 -0.0589559 0.998261
1022.700000000 50.9694 45.8814 0 0 0 -0.0589559 0.998261
1022.800000000 51.0439 45.8725 0 0 0 -0.0589559 0.998261
1022.900000000 51.1183 45.8637 0 0 0 -0.0589559 0.998261
1023.000000000 51.1928 45.8549 0 0 0 -0.0589559 0.998261
1023.100000000 51.2673 45.8461 0 0 0 -0.0589559 0.998261
1023.200000000 51.3418 45.8372 0 0 0 -0.0589559 0.998261
1023.300000000 51.4163 45.829 0 0 0 -0.057435 0.998349
1023.400000000 51.4909 45.821 0 0 0 -0.055914 0.998436
1023.500000000 51.5655 45.8132 0 0 0 -0.0543929 0.99852
1023.600000000 51.6401 45.8057 0 0 0 -0.0528716 0.998601
1023.700000000 51.7148 45.7984 0 0 0 -0.0513503 0.998681
1023.800000000 51.7894 45.7913 0 0 0 -0.0498288 0.998758
1023.900000000 51.8641 45.7844 0 0 0 -0.0483072 0.998833
1024.000000000 51.9388 45.7778 0 0 0 -0.0467855 0.998905
1024.100000000 52.0136 45.7714 0 0 0 -0.0452637 0.998975
1024.200000000 52.0883 45.7652 0 0 0 -0.0437417 0.999043
1024.300000000 52.1631 45.7599 0 0 0 -0.0407848 0.999168
1024.400000000 52.238 45.7552 0 0 0 -0.0371396 0.99931
1024.500000000 52.3129 45.7511 0 0 0 -0.0334939 0.999439
1024.600000000 52.3878 45.7475 0 0 0 -0.0298478 0.999554
1024.700000000 52.4628 45.7445 0 0 0 -0.0262012 0.999657
1024.800000000 52.5377 45.742 0 0 0 -0.0225543 0.999746
1024.900000000 52.6127 45.7401 0 0 0 -0.0189071 0.999821
1025.000000000 52.6877 45.7387 0 0 0 -0.0152597 0.999884
1025.100000000 52.7627 45.7379 0 0 0 -0.011612 0.999933
1025.200000000 52.8377 45.7376 0 0 0 -0.00796422 0.999968
1025.300000000 52.9127 45.7367 0 0 0 -0.00719093 0.999974
1025.400000000 52.9877 45.7357 0 0 0 -0.00719093 0.999974
1025.500000000 53.0627 45.7346 0 0 0 -0.00719093 0.999974
1025.600000000 53.1377 45.7335 0 0 0 -0.00719093 0.999974
1025.700000000 53.2127 45.7324 0 0 0 -0.00719093 0.999974
1025.800000000 53.2877 45.7313 0 0 0 -0.00719093 0.999974
1025.900000000 53.3627 45.7303 0 0 0 -0.00719093 0.999974
1026.000000000 53.4377 45.7292 0 0 0 -0.00719093 0.999974
1026.100000000 53.5126 45.7281 0 0 0 -0.00719093 0.999974
1026.200000000 53.5876 45.727 0 0 0 -0.00719093 0.999974
1026.300000000 53.6626 45.7259 0 0 0 -0.00719093 0.999974
1026.400000000 53.7376 45.7249 0 0 0 -0.00719093 0.999974
1026.500000000 53.8126 45.7238 0 0 0 -0.00719093 0.999974
1026.600000000 53.8876 45.7227 0 0 0 -0.00719093 0.999974
1026.700000000 53.9626 45.7216 0 0 0 -0.00719093 0.999974
1026.800000000 54.0376 45.7206 0 0 0 -0.00719093 0.999974
1026.900000000 54.1126 45.7195 0 0 0 -0.00719093 0.999974
1027.000000000 54.1876 45.7233 0 0 0 0.00507085 0.999987
1027.100000000 54.2452 45.7323 0 0 0 0.0261083 0.999659
1027.200000000 54.2952 45.7448 0 0 0 0.0506968 0.998714
1027.300000000 54.3453 45.7596 0 0 0 0.0748628 0.997194
1027.400000000 54.3946 45.7768 0 0 0 0.0989849 0.995089
1027.500000000 54.443 45.7964 0 0 0 0.123049 0.992401
1027.600000000 54.4905 45.8184 0 0 0 0.147041 0.98913
1027.700000000 54.5368 45.8426 0 0 0 0.170947 0.98528
1027.800000000 54.5818 45.869 0 0 0 0.194752 0.980853
1027.900000000 54.6256 45.8975 0 0 0 0.218443 0.97585
1028.000000000 54.6679 45.9282 0 0 0 0.242006 0.970275
1028.100000000 54.7087 45.9608 0 0 0 0.265428 0.964131
1028.200000000 54.7478 45.9954 0 0 0 0.288694 0.957422
1028.300000000 54.8009 46.0383 0 0 0 0.303974 0.95268
1028.400000000 54.8596 46.085 0 0 0 0.31369 0.949526
1028.500000000 54.9175 46.1328 0 0 0 0.322866 0.946445
1028.600000000 54.9745 46.1817 0 0 0 0.332013 0.943275
1028.700000000 55.0305 46.2317 0 0 0 0.341128 0.940017
1028.800000000 55.0855 46.2827 0 0 0 0.350211 0.936671
1028.900000000 55.1395 46.3348 0 0 0 0.359261 0.933237
1029.000000000 55.1926 46.3879 0 0 0 0.368278 0.929716
1029.100000000 55.2445 46.4421 0 0 0 0.37726 0.926107
1029.200000000 55.2955 46.4972 0 0 0 0.386207 0.922412
1029.300000000 55.3476 46.5511 0 0 0 0.387612 0.921823
1029.400000000 55.3999 46.6049 0 0 0 0.388325 0.921523
1029.500000000 55.452 46.6588 0 0 0 0.389037 0.921222
1029.600000000 55.5041 46.7128 0 0 0 0.38975 0.920921
1029.700000000 55.5561 46.7668 0 0 0 0.390462 0.920619
1029.800000000 55.608 46.821 0 0 0 0.391173 0.920317
1029.900000000 55.6598 46.8752 0 0 0 0.391885 0.920014
1030.000000000 55.7116 46.9295 0 0 0 0.392596 0.919711
1030.100000000 55.7632 46.9839 0 0 0 0.393307 0.919407
1030.200000000 55.8155 47.0377 0 0 0 0.391906 0.920005
1030.300000000 55.8681 47.0911 0 0 0 0.389834 0.920885
1030.400000000 55.9209 47.1444 0 0 0 0.387759 0.921761
1030.500000000 55.974 47.1973 0 0 0 0.385683 0.922632
1030.600000000 56.0274 47.2501 0 0 0 0.383604 0.923498
1030.700000000 56.0809 47.3026 0 0 0 0.381524 0.924359
1030.800000000 56.1347 47.3548 0 0 0 0.379441 0.925216
1030.900000000 56.1888 47.4069 0 0 0 0.377357 0.926068
1031.000000000 56.243 47.4586 0 0 0 0.375271 0.926915
1031.100000000 56.2975 47.5102 0 0 0 0.373183 0.927758
1031.200000000 56.3523 47.5614 0 0 0 0.371093 0.928596
1031.300000000 56.4066 47.6131 0 0 0 0.371093 0.928596
1031.400000000 56.4609 47.6648 0 0 0 0.371093 0.928596
1031.500000000 56.5153 47.7165 0 0 0 0.371093 0.928596
1031.600000000 56.5696 47.7682 0 0 0 0.371093 0.928596
1031.700000000 56.624 47.8199 0 0 0 0.371093 0.928596
1031.800000000 56.6783 47.8716 0 0 0 0.371093 0.928596
1031.900000000 56.7327 47.9233 0 0 0 0.371093 0.928596
1032.000000000 56.787 47.975 0 0 0 0.371093 0.928596
1032.100000000 56.8413 48.0267 0 0 0 0.371093 0.928596
1032.200000000 56.8957 48.0783 0 0 0 0.371093 0.928596
1032.300000000 56.95 48.13 0 0 0 0.371093 0.928596
1032.400000000 57.0044 48.1817 0 0 0 0.371093 0.928596
1032.500000000 57.0587 48.2334 0 0 0 0.371093 0.928596
1032.600000000 57.1131 48.2851 0 0 0 0.371093 0.928596
1032.700000000 57.1674 48.3368 0 0 0 0.371093 0.928596
1032.800000000 57.2218 48.3885 0 0 0 0.371093 0.928596
1032.900000000 57.2761 48.4402 0 0 0 0.371093 0.928596
1033.000000000 57.3304 48.4919 0 0 0 0.371093 0.928596
1033.100000000 57.3848 48.5435 0 0 0 0.371093 0.928596
1033.200000000 57.4357 48.5987 0 0 0 0.382451 0.923976
1033.300000000 57.4823 48.6533 0 0 0 0.395515 0.918459
1033.400000000 57.5266 48.7087 0 0 0 0.408923 0.912569
1033.500000000 57.5692 48.7653 0 0 0 0.422243 0.906483
1033.600000000 57.6102 48.8231 0 0 0 0.435472 0.900202
1033.700000000 57.6494 48.8821 0 0 0 0.448608 0.893729
1033.800000000 57.6869 48.9422 0 0 0 0.461648 0.887063
1033.900000000 57.7227 49.0035 0 0 0 0.474589 0.880208
1034.000000000 57.7566 49.0657 0 0 0 0.487428 0.873163
1034.100000000 57.7887 49.1289 0 0 0 0.500162 0.865932
1034.200000000 57.8189 49.193 0 0 0 0.512789 0.858514
1034.300000000 57.8484 49.2594 0 0 0 0.524513 0.851403
1034.400000000 57.8761 49.3266 0 0 0 0.536138 0.844131
1034.500000000 57.902 49.3946 0 0 0 0.547662 0.8367
1034.600000000 57.926 49.4632 0 0 0 0.559083 0.829112
1034.700000000 57.9481 49.5325 0 0 0 0.570399 0.821368
1034.800000000 57.9682 49.6023 0 0 0 0.581607 0.81347
1034.900000000 57.9865 49.6727 0 0 0 0.592707 0.805418
1035.000000000 58.0028 49.7436 0 0 0 0.603694 0.797216
1035.100000000 58.0172 49.8148 0 0 0 0.614569 0.788863
1035.200000000 58.0296 49.8865 0 0 0 0.625328 0.780362
1035.300000000 58.0422 49.9605 0 0 0 0.632852 0.774273
1035.400000000 58.0533 50.0347 0 0 0 0.640317 0.768111
1035.500000000 58.063 50.1091 0 0 0 0.647722 0.761876
1035.600000000 58.0712 50.1838 0 0 0 0.655067 0.755571
1035.700000000 58.078 50.2585 0 0 0 0.66235 0.749194
1035.800000000 58.0834 50.3334 0 0 0 0.669571 0.742748
1035.900000000 58.0873 50.4083 0 0 0 0.676729 0.736232
1036.000000000 58.0897 50.4834 0 0 0 0.683824 0.729647
1036.100000000 58.0907 50.5584 0 0 0 0.690855 0.722993
1036.200000000 58.0919 50.6334 0 0 0 0.694899 0.719108
1036.300000000 58.0924 50.7084 0 0 0 0.698465 0.715644
1036.400000000 58.0923 50.7835 0 0 0 0.702014 0.712163
1036.500000000 58.0914 50.8585 0 0 0 0.705546 0.708664
1036.600000000 58.0897 50.9335 0 0 0 0.70906 0.705148
1036.700000000 58.0873 51.0085 0 0 0 0.712557 0.701615
1036.800000000 58.0842 51.0834 0 0 0 0.716036 0.698064
1036.900000000 58.0803 51.1583 0 0 0 0.719497 0.694496
1037.000000000 58.0756 51.2332 0 0 0 0.722941 0.69091
1037.100000000 58.0702 51.308 0 0 0 0.726366 0.687308
1037.200000000 58.0658 51.3829 0 0 0 0.726898 0.686746
1037.300000000 58.0615 51.4578 0 0 0 0.726898 0.686746
1037.400000000 58.0573 51.5326 0 0 0 0.726898 0.686746
1037.500000000 58.053 51.6075 0 0 0 0.726898 0.686746
1037.600000000 58.0488 51.6824 0 0 0 0.726898 0.686746
1037.700000000 58.0445 51.7573 0 0 0 0.726898 0.686746
1037.800000000 58.0403 51.8322 0 0 0 0.726898 0.686746
1037.900000000 58.036 51.907 0 0 0 0.726898 0.686746
1038.000000000 58.0317 51.9819 0 0 0 0.726898 0.686746
1038.100000000 58.0275 52.0568 0 0 0 0.726898 0.686746
1038.200000000 58.0232 52.1317 0 0 0 0.726898 0.686746
1038.300000000 58.019 52.2066 0 0 0 0.726898 0.686746
1038.400000000 58.0147 52.2814 0 0 0 0.726898 0.686746
1038.500000000 58.0105 52.3563 0 0 0 0.726898 0.686746
1038.600000000 58.0062 52.4312 0 0 0 0.726898 0.686746
1038.700000000 58.0019 52.5061 0 0 0 0.726898 0.686746
1038.800000000 57.9977 52.5809 0 0 0 0.726898 0.686746
1038.900000000 57.9934 52.6558 0 0 0 0.726898 0.686746
1039.000000000 57.9941 52.7309 0 0 0 0.718422 0.695607
1039.100000000 57.9987 52.7972 0 0 0 0.706581 0.707632
1039.200000000 58.0057 52.8625 0 0 0 0.694227 0.719756
1039.300000000 58.0171 52.9142 0 0 0 0.676887 0.736087
1039.400000000 58.031 52.9646 0 0 0 0.658866 0.75226
1039.500000000 58.0474 53.0142 0 0 0 0.640459 0.767992
1039.600000000 58.0662 53.063 0 0 0 0.621677 0.783274
1039.700000000 58.0872 53.1108 0 0 0 0.60253 0.798096
1039.800000000 58.1116 53.169 0 0 0 0.587597 0.809154
1039.900000000 58.138 53.2264 0 0 0 0.572462 0.819931
1040.000000000 58.1666 53.2827 0 0 0 0.557129 0.830426
1040.100000000 58.1973 53.3379 0 0 0 0.541603 0.840634
1040.200000000 58.2299 53.3919 0 0 0 0.525891 0.850552
1040.300000000 58.2648 53.4455 0 0 0 0.510358 0.859962
1040.400000000 58.3017 53.4978 0 0 0 0.494657 0.869088
1040.500000000 58.3403 53.5487 0 0 0 0.478793 0.877928
1040.600000000 58.3809 53.5982 0 0 0 0.462771 0.886478
1040.700000000 58.4232 53.6462 0 0 0 0.446597 0.894735
1040.800000000 58.4675 53.6934 0 0 0 0.430657 0.902515
1040.900000000 58.5136 53.739 0 0 0 0.414583 0.910012
1041.000000000 58.5616 53.7837 0 0 0 0.39877 0.917051
1041.100000000 58.6107 53.826 0 0 0 0.382443 0.923979
1041.200000000 58.6618 53.8672 0 0 0 0.366393 0.93046
1041.300000000 58.7148 53.9073 0 0 0 0.350638 0.936511
1041.400000000 58.7691 53.9457 0 0 0 0.334783 0.942295
1041.500000000 58.8246 53.9822 0 0 0 0.318833 0.947811
1041.600000000 58.882 54.0174 0 0 0 0.303208 0.952924
1041.700000000 58.9405 54.0508 0 0 0 0.287502 0.95778
1041.800000000 59.0007 54.0828 0 0 0 0.272141 0.962257
1041.900000000 59.0619 54.1129 0 0 0 0.256712 0.966488
1042.000000000 59.1254 54.1423 0 0 0 0.242087 0.970254
1042.100000000 59.1765 54.1589 0 0 0 0.219293 0.975659
1042.200000000 59.2151 54.1633 0 0 0 0.188535 0.982066
1042.300000000 59.2375 54.1546 0 0 0 0.148256 0.988949
1042.400000000 59.2438 54.136 0 0 0 0.0994138 0.995046
1042.500000000 59.2483 54.1168 0 0 0 0.0503304 0.998733
1042.600000000 59.2508 54.0973 0 0 0 0.00112494 0.999999
1042.700000000 59.2515 54.0777 0 0 0 -0.0480832 0.998843
1042.800000000 59.2501 54.0581 0 0 0 -0.0971748 0.995267
1042.900000000 59.2469 54.0387 0 0 0 -0.146031 0.98928
1043.000000000 59.2418 54.0197 0 0 0 -0.194533 0.980896
1043.100000000 59.2348 54.0013 0 0 0 -0.242565 0.970135
1043.200000000 59.2261 53.9837 0 0 0 -0.290008 0.957024
1043.300000000 59.2156 53.967 0 0 0 -0.336749 0.941595
1043.400000000 59.2036 53.9514 0 0 0 -0.382674 0.923884
1043.500000000 59.1901 53.9371 0 0 0 -0.427671 0.903934
1043.600000000 59.1753 53.9242 0 0 0 -0.471633 0.881795
1043.700000000 59.1593 53.9128 0 0 0 -0.514452 0.857519
1043.800000000 59.1422 53.903 0 0 0 -0.556025 0.831166
1043.900000000 59.1242 53.895 0 0 0 -0.59625 0.802799
1044.000000000 59.1056 53.8888 0 0 0 -0.635031 0.772487
1044.100000000 59.0864 53.8844 0 0 0 -0.672273 0.740303
1044.200000000 59.0669 53.8819 0 0 0 -0.707887 0.706326
1044.300000000 59.0472 53.8814 0 0 0 -0.741785 0.670637
1044.400000000 59.0276 53.8828 0 0 0 -0.773887 0.633324
1044.500000000 59.0082 53.8861 0 0 0 -0.804113 0.594476
1044.600000000 58.9893 53.8913 0 0 0 -0.832391 0.554188
1044.700000000 58.9709 53.8984 0 0 0 -0.858653 0.512558
1044.800000000 58.9533 53.9072 0 0 0 0.882834 -0.469685
1044.900000000 58.9367 53.9177 0 0 0 0.904876 -0.425675
1045.000000000 58.9212 53.9298 0 0 0 0.924726 -0.380633
1045.100000000 58.9069 53.9433 0 0 0 0.942336 -0.334669
1045.200000000 58.8941 53.9582 0 0 0 0.957662 -0.287894
1045.300000000 58.8828 53.9743 0 0 0 0.970668 -0.240422
1045.400000000 58.8731 53.9914 0 0 0 0.981323 -0.192367
1045.500000000 58.8651 54.0094 0 0 0 0.9896 -0.143847
1045.600000000 58.859 54.0281 0 0 0 0.995479 -0.0949773
1045.700000000 58.8547 54.0473 0 0 0 0.998947 -0.0458779
1045.800000000 58.8523 54.0668 0 0 0 0.999994 0.00333265
1045.900000000 58.8519 54.0865 0 0 0 0.998619 0.0525351
1046.000000000 58.8534 54.1061 0 0 0 0.994824 0.10161
1046.100000000 58.8568 54.1255 0 0 0 0.988619 0.150439
1046.200000000 58.8621 54.1444 0 0 0 0.980019 0.198904
1046.300000000 58.8449 54.1678 0 0 0 0.971932 0.235261
1046.400000000 58.8123 54.1975 0 0 0 0.964818 0.262917
1046.500000000 58.7668 54.234 0 0 0 0.959073 0.283158
1046.600000000 58.7213 54.273 0 0 0 0.953149 0.302502
1046.700000000 58.6775 54.3139 0 0 0 0.946834 0.321722
1046.800000000 58.6353 54.3565 0 0 0 0.940132 0.34081
1046.900000000 58.5949 54.4007 0 0 0 0.933045 0.359759
1047.000000000 58.5563 54.4466 0 0 0 0.925577 0.37856
1047.100000000 58.5197 54.494 0 0 0 0.917729 0.397207
1047.200000000 58.4849 54.5428 0 0 0 0.909506 0.415691
1047.300000000 58.4522 54.593 0 0 0 0.900911 0.434005
1047.400000000 58.4215 54.6445 0 0 0 0.891947 0.452141
1047.500000000 58.3929 54.6971 0 0 0 0.882617 0.470092
1047.600000000 58.3665 54.7509 0 0 0 0.872927 0.487851
1047.700000000 58.3423 54.8057 0 0 0 0.862879 0.50541
1047.800000000 58.3203 54.8615 0 0 0 0.852478 0.522762
1047.900000000 58.2903 54.9303 0 0 0 0.84654 0.532325
1048.000000000 58.2576 54.9978 0 0 0 0.846952 0.53167
1048.100000000 58.2241 55.0649 0 0 0 0.848147 0.529761
1048.200000000 58.1904 55.1319 0 0 0 0.849337 0.52785
1048.300000000 58.1532 55.1971 0 0 0 0.855225 0.518257
1048.400000000 58.1142 55.2613 0 0 0 0.861515 0.507731
1048.500000000 58.0736 55.3245 0 0 0 0.867676 0.49713
1048.600000000 58.0315 55.3867 0 0 0 0.873707 0.486453
1048.700000000 57.9878 55.4478 0 0 0 0.879606 0.475704
1048.800000000 57.9427 55.5078 0 0 0 0.885372 0.464883
1048.900000000 57.8961 55.5667 0 0 0 0.891006 0.453992
1049.000000000 57.8481 55.6244 0 0 0 0.896506 0.443032
1049.100000000 57.7987 55.681 0 0 0 0.90187 0.432006
1049.200000000 57.7479 55.7363 0 0 0 0.9071 0.420916
1049.300000000 57.6978 55.7921 0 0 0 0.909446 0.415822
1049.400000000 57.6472 55.8476 0 0 0 0.911502 0.411296
1049.500000000 57.5961 55.9025 0 0 0 0.913535 0.40676
1049.600000000 57.5444 55.9569 0 0 0 0.915546 0.402213
1049.700000000 57.4922 56.0107 0 0 0 0.917534 0.397657
1049.800000000 57.4395 56.0641 0 0 0 0.9195 0.393091
1049.900000000 57.3863 56.1169 0 0 0 0.921442 0.388515
1050.000000000 57.3325 56.1693 0 0 0 0.923362 0.383929
1050.100000000 57.2782 56.221 0 0 0 0.92526 0.379334
1050.200000000 57.2234 56.2722 0 0 0 0.927134 0.37473
1050.300000000 57.1695 56.3244 0 0 0 0.927134 0.37473
1050.400000000 57.1157 56.3767 0 0 0 0.926844 0.375447
1050.500000000 57.0621 56.4291 0 0 0 0.926553 0.376163
1050.600000000 57.0085 56.4816 0 0 0 0.926262 0.37688
1050.700000000 56.9551 56.5342 0 0 0 0.92597 0.377596
1050.800000000 56.9017 56.5869 0 0 0 0.925678 0.378312
1050.900000000 56.8483 56.6396 0 0 0 0.925385 0.379028
1051.000000000 56.7951 56.6924 0 0 0 0.925092 0.379743
1051.100000000 56.742 56.7454 0 0 0 0.924798 0.380459
1051.200000000 56.6889 56.7984 0 0 0 0.924504 0.381174
1051.300000000 56.6347 56.8502 0 0 0 0.925888 0.377798
1051.400000000 56.5799 56.9014 0 0 0 0.927511 0.373797
1051.500000000 56.5246 56.9522 0 0 0 0.929116 0.369788
1051.600000000 56.469 57.0024 0 0 0 0.930704 0.365773
1051.700000000 56.4129 57.0522 0 0 0 0.932275 0.36175
1051.800000000 56.3563 57.1015 0 0 0 0.933828 0.357721
1051.900000000 56.2994 57.1504 0 0 0 0.935364 0.353685
1052.000000000 56.242 57.1987 0 0 0 0.936883 0.349643
1052.100000000 56.1842 57.2465 0 0 0 0.938384 0.345594
1052.200000000 56.126 57.2938 0 0 0 0.939868 0.341539
1052.300000000 56.0658 57.3387 0 0 0 0.943482 0.331425
1052.400000000 56.0045 57.382 0 0 0 0.947152 0.320784
1052.500000000 55.9421 57.4238 0 0 0 0.95086 0.309621
1052.600000000 55.8788 57.4642 0 0 0 0.954436 0.298414
1052.700000000 55.8145 57.503 0 0 0 0.957881 0.287167
1052.800000000 55.7493 57.5403 0 0 0 0.961192 0.275879
1052.900000000 55.6833 57.576 0 0 0 0.964371 0.264554
1053.000000000 55.6164 57.6102 0 0 0 0.967416 0.253192
1053.100000000 55.5488 57.6428 0 0 0 0.970327 0.241795
1053.200000000 55.4804 57.6739 0 0 0 0.973105 0.230364
1053.300000000 55.4113 57.7032 0 0 0 0.975747 0.218902
1053.400000000 55.3415 57.731 0 0 0 0.978254 0.207409
1053.500000000 55.2711 57.7571 0 0 0 0.980626 0.195887
1053.600000000 55.2001 57.7816 0 0 0 0.982863 0.184339
1053.700000000 55.1286 57.8043 0 0 0 0.984963 0.172765
1053.800000000 55.0565 57.8254 0 0 0 0.986927 0.161167
1053.900000000 54.9839 57.8448 0 0 0 0.988755 0.149546
1054.000000000 54.9139 57.8608 0 0 0 0.990689 0.136145
1054.100000000 54.8468 57.874 0 0 0 0.99244 0.122731
1054.200000000 54.7809 57.8851 0 0 0 0.993973 0.109623
1054.300000000 54.7149 57.8952 0 0 0 0.99516 0.0982726
1054.400000000 54.6503 57.9035 0 0 0 0.996191 0.0871934
1054.500000000 54.5872 57.9102 0 0 0 0.997078 0.0763878
1054.600000000 54.5257 57.9155 0 0 0 0.997829 0.065858
1054.700000000 54.4674 57.9192 0 0 0 0.998437 0.0558906
1054.800000000 54.4107 57.9216 0 0 0 0.998932 0.0462026
1054.900000000 54.3556 57.9229 0 0 0 0.999323 0.0367954
1055.000000000 54.3022 57.9232 0 0 0 0.999617 0.0276701
1055.100000000 54.2504 57.9225 0 0 0 0.999823 0.0188278
1055.200000000 54.2003 57.921 0 0 0 0.999947 0.0102693
1055.300000000 54.1487 57.9201 0 0 0 0.999986 0.00534151
1055.400000000 54.1003 57.9189 0 0 0 0.999999 0.00112378
1055.500000000 54.0537 57.9174 0 0 0 0.999996 -0.00294853
1055.600000000 54.0087 57.9156 0 0 0 0.999976 -0.00687536
1055.700000000 53.9637 57.9134 0 0 0 0.999942 -0.0108021
1055.800000000 53.9204 57.9109 0 0 0 0.999894 -0.0145832
1055.900000000 53.8788 57.9083 0 0 0 0.999834 -0.0182187
1056.000000000 53.8389 57.9054 0 0 0 0.999764 -0.0217086
1056.100000000 53.8007 57.9024 0 0 0 0.999686 -0.0250528
1056.200000000 53.7641 57.8993 0 0 0 0.999601 -0.0282513
1056.300000000 53.7292 57.8967 0 0 0 0.999553 -0.0299049
1056.400000000 53.6943 57.894 0 0 0 0.999511 -0.0312815
1056.500000000 53.6611 57.8914 0 0 0 0.999469 -0.0325925
1056.600000000 53.6295 57.8888 0 0 0 0.999427 -0.033838
1056.700000000 53.5979 57.8862 0 0 0 0.999384 -0.0350833
1056.800000000 53.568 57.8836 0 0 0 0.999342 -0.0362631
1056.900000000 53.5398 57.8811 0 0 0 0.999301 -0.0373773
1057.000000000 53.5116 57.8786 0 0 0 0.999259 -0.0384914
1057.100000000 53.485 57.8761 0 0 0 0.999218 -0.03954
1057.200000000 53.4568 57.8734 0 0 0 0.999173 -0.040654
1057.300000000 53.4269 57.8711 0 0 0 0.999183 -0.0404186
1057.400000000 53.3987 57.8689 0 0 0 0.999192 -0.0401962
1057.500000000 53.3704 57.8667 0 0 0 0.999201 -0.0399738
1057.600000000 53.3438 57.8646 0 0 0 0.999209 -0.0397645
1057.700000000 53.3189 57.8627 0 0 0 0.999217 -0.0395683
1057.800000000 53.294 57.8608 0 0 0 0.999225 -0.0393721
1057.900000000 53.2707 57.8591 0 0 0 0.999232 -0.039189
1058.000000000 53.2475 57.8573 0 0 0 0.999239 -0.0390059
1058.100000000 53.2258 57.8557 0 0 0 0.999246 -0.0388358
1058.200000000 53.2042 57.8541 0 0 0 0.999252 -0.0386657
1058.300000000 53.181 57.8523 0 0 0 0.999259 -0.0384826
1058.400000000 53.1577 57.8506 0 0 0 0.999266 -0.0382995
1058.500000000 53.1361 57.849 0 0 0 0.999273 -0.0381294
1058.600000000 53.1145 57.8475 0 0 0 0.999279 -0.0379593
1058.700000000 53.0912 57.8458 0 0 0 0.999286 -0.0377762
1058.800000000 53.0696 57.8442 0 0 0 0.999293 -0.0376061
1058.900000000 53.048 57.8426 0 0 0 0.999299 -0.0374361
1059.000000000 53.028 57.8412 0 0 0 0.999305 -0.0372791
1059.100000000 53.0064 57.8396 0 0 0 0.999311 -0.037109
1059.200000000 52.9865 57.8382 0 0 0 0.999317 -0.036952
1059.300000000 52.9649 57.8367 0 0 0 0.999323 -0.036782
1059.400000000 52.9449 57.8353 0 0 0 0.999329 -0.036625
1059.500000000 52.9233 57.8338 0 0 0 0.999335 -0.0364549
1059.600000000 52.9017 57.8323 0 0 0 0.999341 -0.0362849
1059.700000000 52.8801 57.8308 0 0 0 0.999348 -0.0361148
1059.800000000 52.8585 57.8293 0 0 0 0.999354 -0.0359447
1059.900000000 52.8368 57.8278 0 0 0 0.99936 -0.0357746
1060.000000000 52.8152 57.8263 0 0 0 0.999366 -0.0356046
1060.100000000 52.7953 57.8249 0 0 0 0.999372 -0.0354476
1060.200000000 52.7687 57.8231 0 0 0 0.999379 -0.0352382
1060.300000000 52.742 57.8217 0 0 0 0.999415 -0.0341895
1060.400000000 52.7154 57.8203 0 0 0 0.999458 -0.0329299
1060.500000000 52.6888 57.8191 0 0 0 0.999498 -0.0316701
1060.600000000 52.6621 57.8179 0 0 0 0.999537 -0.0304104
1060.700000000 52.6355 57.8168 0 0 0 0.999575 -0.0291506
1060.800000000 52.6105 57.8158 0 0 0 0.999609 -0.0279694
1060.900000000 52.5855 57.8149 0 0 0 0.999641 -0.0267883
1061.000000000 52.5588 57.814 0 0 0 0.999674 -0.0255284
1061.100000000 52.5322 57.8131 0 0 0 0.999705 -0.0242684
1061.200000000 52.5055 57.8123 0 0 0 0.999735 -0.0230084
1061.300000000 52.4789 57.8115 0 0 0 0.999759 -0.0219593
1061.400000000 52.4539 57.8108 0 0 0 0.99978 -0.0209757
1061.500000000 52.4272 57.8101 0 0 0 0.999801 -0.0199266
1061.600000000 52.4022 57.8095 0 0 0 0.999821 -0.018943
1061.700000000 52.3756 57.8089 0 0 0 0.99984 -0.0178938
1061.800000000 52.3506 57.8084 0 0 0 0.999857 -0.0169102
1061.900000000 52.3272 57.808 0 0 0 0.999872 -0.0159921
1062.000000000 52.3006 57.8075 0 0 0 0.999888 -0.0149429
1062.100000000 52.2739 57.8072 0 0 0 0.999903 -0.0138937
1062.200000000 52.2472 57.8068 0 0 0 0.999918 -0.0128444
1062.300000000 52.2206 57.8064 0 0 0 0.999925 -0.0122157
1062.400000000 52.1939 57.806 0 0 0 0.999933 -0.0115869
1062.500000000 52.1689 57.8057 0 0 0 0.99994 -0.0109975
1062.600000000 52.1422 57.8053 0 0 0 0.999946 -0.0103687
1062.700000000 52.1156 57.805 0 0 0 0.999953 -0.00973997
1062.800000000 52.0889 57.8048 0 0 0 0.999958 -0.00911122
1062.900000000 52.0639 57.8045 0 0 0 0.999964 -0.00852175
1063.000000000 52.0389 57.8044 0 0 0 0.999969 -0.00793229
1063.100000000 52.0122 57.8042 0 0 0 0.999973 -0.00730352
1063.200000000 51.9872 57.804 0 0 0 0.999976 -0.0069107
1063.300000000 51.9622 57.8038 0 0 0 0.999979 -0.00651789
1063.400000000 51.9356 57.8036 0 0 0 0.999981 -0.00609888
1063.500000000 51.9089 57.8034 0 0 0 0.999984 -0.00567987
1063.600000000 51.8839 57.8033 0 0 0 0.999986 -0.00528704
1063.700000000 51.8556 57.8032 0 0 0 0.999988 -0.00484184
1063.800000000 51.8289 57.8031 0 0 0 0.99999 -0.00442283
1063.900000000 51.8022 57.803 0 0 0 0.999992 -0.00400382
1064.000000000 51.7756 57.803 0 0 0 0.999994 -0.00358481
1064.100000000 51.7506 57.803 0 0 0 0.999995 -0.00319198
1064.200000000 51.7256 57.803 0 0 0 0.999996 -0.00279915
1064.300000000 51.7022 57.803 0 0 0 0.999997 -0.00243251
1064.400000000 51.6756 57.803 0 0 0 0.999998 -0.0020135
1064.500000000 51.6489 57.8031 0 0 0 0.999999 -0.00159448
1064.600000000 51.6222 57.8032 0 0 0 0.999999 -0.00117547
1064.700000000 51.5972 57.8033 0 0 0 1 -0.000782638
1064.800000000 51.5706 57.8034 0 0 0 1 -0.000363621
1064.900000000 51.5456 57.8035 0 0 0 1 2.92074e-05
1065.000000000 51.5189 57.8037 0 0 0 1 0.000448224
1065.100000000 51.4939 57.8039 0 0 0 1 0.000841053
1065.200000000 51.4672 57.8041 0 0 0 0.999999 0.00126007
1065.300000000 51.4406 57.8043 0 0 0 0.999999 0.00167909
1065.400000000 51.4156 57.8046 0 0 0 0.999998 0.00207191
1065.500000000 51.3889 57.8048 0 0 0 0.999997 0.00249093
1065.600000000 51.3639 57.8051 0 0 0 0.999996 0.00288376
1065.700000000 51.3389 57.8054 0 0 0 0.999995 0.00327658
1065.800000000 51.3122 57.8058 0 0 0 0.999993 0.0036956
1065.900000000 51.2856 57.8061 0 0 0 0.999992 0.00411461
1066.000000000 51.2606 57.8065 0 0 0 0.99999 0.00450744
1066.100000000 51.2339 57.8069 0 0 0 0.999988 0.00492645
1066.200000000 51.2089 57.8072 0 0 0 0.999987 0.00512281
1066.300000000 51.1823 57.8076 0 0 0 0.999986 0.00533226
1066.400000000 51.1573 57.8079 0 0 0 0.999985 0.00552863
1066.500000000 51.1339 57.8083 0 0 0 0.999984 0.0057119
1066.600000000 51.1073 57.8087 0 0 0 0.999982 0.00592135
1066.700000000 51.0823 57.809 0 0 0 0.999981 0.00611771
1066.800000000 51.0556 57.8094 0 0 0 0.99998 0.00632717
1066.900000000 51.0289 57.8099 0 0 0 0.999979 0.00653662
1067.000000000 51.0023 57.8103 0 0 0 0.999977 0.00674607
1067.100000000 50.9773 57.8107 0 0 0 0.999976 0.00694243
1067.200000000 50.9506 57.8111 0 0 0 0.999976 0.00694243
1067.300000000 50.9239 57.8114 0 0 0 0.999976 0.00694243
1067.400000000 50.8973 57.8118 0 0 0 0.999976 0.00694243
1067.500000000 50.8706 57.8122 0 0 0 0.999976 0.00694243
1067.600000000 50.8456 57.8125 0 0 0 0.999976 0.00694243
1067.700000000 50.819 57.8129 0 0 0 0.999976 0.00694243
1067.800000000 50.794 57.8133 0 0 0 0.999976 0.00694243
1067.900000000 50.7673 57.8136 0 0 0 0.999976 0.00694243
1068.000000000 50.7423 57.814 0 0 0 0.999976 0.00694243
1068.100000000 50.7156 57.8143 0 0 0 0.999976 0.00694243
1068.200000000 50.6906 57.8147 0 0 0 0.999976 0.00694243
1068.300000000 50.6656 57.815 0 0 0 0.999976 0.00694243
1068.400000000 50.6406 57.8154 0 0 0 0.999976 0.00694243
1068.500000000 50.614 57.8158 0 0 0 0.999976 0.00694243
1068.600000000 50.589 57.8161 0 0 0 0.999976 0.00694243
1068.700000000 50.564 57.8164 0 0 0 0.999976 0.00694243
1068.800000000 50.5373 57.8168 0 0 0 0.999976 0.00694243
1068.900000000 50.5123 57.8172 0 0 0 0.999976 0.00694243
1069.000000000 50.4857 57.8175 0 0 0 0.999976 0.00694243
1069.100000000 50.459 57.8179 0 0 0 0.999976 0.00694243
1069.200000000 50.4323 57.8183 0 0 0 0.999976 0.00694243
1069.300000000 50.4057 57.8186 0 0 0 0.999976 0.00694243
1069.400000000 50.379 57.819 0 0 0 0.999976 0.00694243
1069.500000000 50.354 57.8194 0 0 0 0.999976 0.00694243
1069.600000000 50.3273 57.8197 0 0 0 0.999976 0.00694243
1069.700000000 50.3023 57.8201 0 0 0 0.999976 0.00694243
1069.800000000 50.2773 57.8204 0 0 0 0.999976 0.00694243
1069.900000000 50.249 57.8208 0 0 0 0.999976 0.00694243
1070.000000000 50.2223 57.8212 0 0 0 0.999976 0.00694243
1070.100000000 50.1957 57.8216 0 0 0 0.999976 0.00694243
1070.200000000 50.1707 57.8219 0 0 0 0.999976 0.00694243
1070.300000000 50.144 57.8223 0 0 0 0.999976 0.00694243
1070.400000000 50.119 57.8226 0 0 0 0.999976 0.00694243
1070.500000000 50.0924 57.823 0 0 0 0.999976 0.00694243
1070.600000000 50.0674 57.8233 0 0 0 0.999976 0.00694243
1070.700000000 50.0407 57.8237 0 0 0 0.999976 0.00694243
1070.800000000 50.0157 57.8241 0 0 0 0.999976 0.00694243
1070.900000000 49.989 57.8244 0 0 0 0.999976 0.00694243
1071.000000000 49.9324 57.8252 0 0 0 0.999976 0.00694243
1071.100000000 49.8774 57.826 0 0 0 0.999976 0.00694243
1071.200000000 49.8241 57.8267 0 0 0 0.999976 0.00694243
1071.300000000 49.8041 57.827 0 0 0 0.999976 0.00694243
1071.400000000 49.7541 57.8277 0 0 0 0.999976 0.00694243
1071.500000000 49.7057 57.8284 0 0 0 0.999976 0.00694243
1071.600000000 49.6591 57.829 0 0 0 0.999976 0.00694243
1071.700000000 49.6141 57.8296 0 0 0 0.999976 0.00694243
1071.800000000 49.5707 57.8302 0 0 0 0.999976 0.00694243
1071.900000000 49.5291 57.8308 0 0 0 0.999976 0.00694243
1072.000000000 49.4858 57.8314 0 0 0 0.999976 0.00694243
1072.100000000 49.4441 57.832 0 0 0 0.999976 0.00694243
1072.200000000 49.4041 57.8326 0 0 0 0.999976 0.00694243
1072.300000000 49.3641 57.8331 0 0 0 0.999976 0.00694243
1072.400000000 49.3258 57.8336 0 0 0 0.999976 0.00694243
1072.500000000 49.2891 57.8341 0 0 0 0.999976 0.00694243
1072.600000000 49.2541 57.8346 0 0 0 0.999976 0.00694243
1072.700000000 49.2208 57.8351 0 0 0 0.999976 0.00694243
1072.800000000 49.1874 57.8356 0 0 0 0.999976 0.00694243
1072.900000000 49.1558 57.836 0 0 0 0.999976 0.00694243
1073.000000000 49.1258 57.8364 0 0 0 0.999976 0.00694243
1073.100000000 49.0958 57.8368 0 0 0 0.999976 0.00694243
1073.200000000 49.0675 57.8372 0 0 0 0.999976 0.00694243
1073.300000000 49.0391 57.8376 0 0 0 0.999976 0.00694243
1073.400000000 49.0125 57.838 0 0 0 0.999976 0.00694243
1073.500000000 48.9875 57.8383 0 0 0 0.999976 0.00694243
1073.600000000 48.9608 57.8387 0 0 0 0.999976 0.00694243
1073.700000000 48.9341 57.8391 0 0 0 0.999976 0.00694243
1073.800000000 48.9075 57.8394 0 0 0 0.999976 0.00694243
1073.900000000 48.8808 57.8398 0 0 0 0.999976 0.00694243
1074.000000000 48.8541 57.8402 0 0 0 0.999976 0.00694243
1074.100000000 48.8275 57.8406 0 0 0 0.999976 0.00694243
1074.200000000 48.8008 57.8409 0 0 0 0.999976 0.00694243
1074.300000000 48.7742 57.8413 0 0 0 0.999976 0.00694243
1074.400000000 48.7492 57.8416 0 0 0 0.999976 0.00694243
1074.500000000 48.7225 57.842 0 0 0 0.999976 0.00694243
1074.600000000 48.6975 57.8424 0 0 0 0.999976 0.00694243
1074.700000000 48.6708 57.8427 0 0 0 0.999976 0.00694243
1074.800000000 48.6458 57.8431 0 0 0 0.999976 0.00694243
1074.900000000 48.6208 57.8434 0 0 0 0.999976 0.00694243
1075.000000000 48.5942 57.8438 0 0 0 0.999976 0.00694243
1075.100000000 48.5675 57.8442 0 0 0 0.999976 0.00694243
1075.200000000 48.5408 57.8445 0 0 0 0.999976 0.00694243
1075.300000000 48.5158 57.8449 0 0 0 0.999976 0.00694243
1075.400000000 48.4908 57.8452 0 0 0 0.999976 0.00694243
1075.500000000 48.4642 57.8456 0 0 0 0.999976 0.00694243
1075.600000000 48.4375 57.846 0 0 0 0.999976 0.00694243
1075.700000000 48.4109 57.8463 0 0 0 0.999976 0.00694243
1075.800000000 48.3842 57.8467 0 0 0 0.999976 0.00694243
1075.900000000 48.3575 57.8471 0 0 0 0.999976 0.00694243
1076.000000000 48.3309 57.8475 0 0 0 0.999976 0.00694243
1076.100000000 48.3059 57.8478 0 0 0 0.999976 0.00694243
1076.200000000 48.2792 57.8482 0 0 0 0.999976 0.00694243
1076.300000000 48.2525 57.8485 0 0 0 0.999976 0.00694243
1076.400000000 48.2275 57.8489 0 0 0 0.999976 0.00694243
1076.500000000 48.2025 57.8492 0 0 0 0.999976 0.00694243
1076.600000000 48.1759 57.8496 0 0 0 0.999976 0.00694243
1076.700000000 48.1475 57.85 0 0 0 0.999976 0.00694243
1076.800000000 48.1209 57.8504 0 0 0 0.999976 0.00694243
1076.900000000 48.0942 57.8507 0 0 0 0.999976 0.00694243
1077.000000000 48.0692 57.8511 0 0 0 0.999976 0.00694243
1077.100000000 48.0442 57.8514 0 0 0 0.999976 0.00694243
1077.200000000 48.0176 57.8518 0 0 0 0.999976 0.00694243
1077.300000000 47.9909 57.8522 0 0 0 0.999976 0.00694243
1077.400000000 47.9659 57.8525 0 0 0 0.999976 0.00694243
1077.500000000 47.9409 57.8529 0 0 0 0.999976 0.00694243
1077.600000000 47.9159 57.8532 0 0 0 0.999976 0.00694243
1077.700000000 47.8926 57.8535 0 0 0 0.999976 0.00694243
1077.800000000 47.8659 57.8539 0 0 0 0.999976 0.00694243
1077.900000000 47.8392 57.8543 0 0 0 0.999976 0.00694243
1078.000000000 47.8126 57.8547 0 0 0 0.999976 0.00694243
1078.100000000 47.7876 57.855 0 0 0 0.999976 0.00694243
1078.200000000 47.7626 57.8553 0 0 0 0.999976 0.00694243
1078.300000000 47.7393 57.8557 0 0 0 0.999976 0.00694243
1078.400000000 47.7159 57.856 0 0 0 0.999976 0.00694243
1078.500000000 47.6943 57.8563 0 0 0 0.999976 0.00694243
1078.600000000 47.6726 57.8566 0 0 0 0.999976 0.00694243
1078.700000000 47.6509 57.8569 0 0 0 0.999976 0.00694243
1078.800000000 47.6293 57.8572 0 0 0 0.999976 0.00694243
1078.900000000 47.6076 57.8575 0 0 0 0.999976 0.00694243
1079.000000000 47.5859 57.8578 0 0 0 0.999976 0.00694243
1079.100000000 47.5643 57.8581 0 0 0 0.999976 0.00694243
1079.200000000 47.5426 57.8584 0 0 0 0.999976 0.00694243
1079.300000000 47.5209 57.8587 0 0 0 0.999976 0.00694243
1079.400000000 47.4993 57.859 0 0 0 0.999976 0.00694243
1079.500000000 47.4776 57.8593 0 0 0 0.999976 0.00694243
1079.600000000 47.4576 57.8596 0 0 0 0.999976 0.00694243
1079.700000000 47.436 57.8599 0 0 0 0.999976 0.00694243
1079.800000000 47.416 57.8602 0 0 0 0.999976 0.00694243
1079.900000000 47.3943 57.8605 0 0 0 0.999976 0.00694243
1080.000000000 47.3743 57.8607 0 0 0 0.999976 0.00694243
1080.100000000 47.3526 57.861 0 0 0 0.999976 0.00694243
1080.200000000 47.331 57.8613 0 0 0 0.999976 0.00694243
1080.300000000 47.311 57.8616 0 0 0 0.999976 0.00694243
1080.400000000 47.2893 57.8619 0 0 0 0.999976 0.00694243
1080.500000000 47.2676 57.8622 0 0 0 0.999976 0.00694243
1080.600000000 47.246 57.8625 0 0 0 0.999976 0.00694243
1080.700000000 47.226 57.8628 0 0 0 0.999976 0.00694243
1080.800000000 47.2043 57.8631 0 0 0 0.999976 0.00694243
1080.900000000 47.1826 57.8634 0 0 0 0.999976 0.00694243
1081.000000000 47.161 57.8637 0 0 0 0.999976 0.00694243
1081.100000000 47.1376 57.864 0 0 0 0.999976 0.00694243
1081.200000000 47.116 57.8643 0 0 0 0.999976 0.00694243
1081.300000000 47.0943 57.8646 0 0 0 0.999976 0.00694243
1081.400000000 47.0743 57.8649 0 0 0 0.999976 0.00694243
1081.500000000 47.0543 57.8652 0 0 0 0.999976 0.00694243
1081.600000000 47.0327 57.8655 0 0 0 0.999976 0.00694243
1081.700000000 47.011 57.8658 0 0 0 0.999976 0.00694243
1081.800000000 46.991 57.8661 0 0 0 0.999976 0.00694243
1081.900000000 46.971 57.8663 0 0 0 0.999976 0.00694243
1082.000000000 46.9477 57.8667 0 0 0 0.999976 0.00694243
1082.100000000 46.926 57.867 0 0 0 0.999976 0.00694243
1082.200000000 46.9043 57.8673 0 0 0 0.999976 0.00694243
1082.300000000 46.8827 57.8676 0 0 0 0.999976 0.00694243
1082.400000000 46.861 57.8679 0 0 0 0.999976 0.00694243
1082.500000000 46.841 57.8681 0 0 0 0.999976 0.00694243
1082.600000000 46.8193 57.8684 0 0 0 0.999976 0.00694243
1082.700000000 46.7993 57.8687 0 0 0 0.999976 0.00694243
1082.800000000 46.7777 57.869 0 0 0 0.999976 0.00694243
1082.900000000 46.756 57.8693 0 0 0 0.999976 0.00694243
1083.000000000 46.7344 57.8696 0 0 0 0.999976 0.00694243
1083.100000000 46.711 57.8699 0 0 0 0.999976 0.00694243
1083.200000000 46.6894 57.8702 0 0 0 0.999976 0.00694243
1083.300000000 46.6677 57.8705 0 0 0 0.999976 0.00694243
1083.400000000 46.646 57.8708 0 0 0 0.999976 0.00694243
1083.500000000 46.6244 57.8712 0 0 0 0.999976 0.00694243
1083.600000000 46.6044 57.8714 0 0 0 0.999976 0.00694243
1083.700000000 46.5844 57.8717 0 0 0 0.999976 0.00694243
1083.800000000 46.5627 57.872 0 0 0 0.999976 0.00694243
1083.900000000 46.541 57.8723 0 0 0 0.999976 0.00694243
1084.000000000 46.521 57.8726 0 0 0 0.999976 0.00694243
1084.100000000 46.4994 57.8729 0 0 0 0.999976 0.00694243
1084.200000000 46.4777 57.8732 0 0 0 0.999976 0.00694243
1084.300000000 46.4577 57.8735 0 0 0 0.999976 0.00694243
1084.400000000 46.436 57.8738 0 0 0 0.999976 0.00694243
1084.500000000 46.416 57.874 0 0 0 0.999976 0.00694243
1084.600000000 46.3711 57.8747 0 0 0 0.999976 0.00694243
1084.700000000 46.3261 57.8753 0 0 0 0.999976 0.00694243
1084.800000000 46.2827 57.8759 0 0 0 0.999976 0.00694243
1084.900000000 46.2411 57.8765 0 0 0 0.999976 0.00694243
1085.000000000 46.1977 57.8771 0 0 0 0.999976 0.00694243
1085.100000000 46.1561 57.8777 0 0 0 0.999976 0.00694243
1085.200000000 46.1127 57.8783 0 0 0 0.999976 0.00694243
1085.300000000 46.0678 57.8789 0 0 0 0.999976 0.00694243
1085.400000000 46.0244 57.8795 0 0 0 0.999976 0.00694243
1085.500000000 45.9828 57.8801 0 0 0 0.999976 0.00694243
1085.600000000 45.9428 57.8806 0 0 0 0.999976 0.00694243
1085.700000000 45.9044 57.8811 0 0 0 0.999976 0.00694243
1085.800000000 45.8678 57.8817 0 0 0 0.999976 0.00694243
1085.900000000 45.8328 57.8821 0 0 0 0.999976 0.00694243
1086.000000000 45.7978 57.8826 0 0 0 0.999976 0.00694243
1086.100000000 45.7644 57.8831 0 0 0 0.999976 0.00694243
1086.200000000 45.7328 57.8835 0 0 0 0.999976 0.00694243
1086.300000000 45.7011 57.884 0 0 0 0.999976 0.00694243
1086.400000000 45.6711 57.8844 0 0 0 0.999976 0.00694243
1086.500000000 45.6428 57.8848 0 0 0 0.999976 0.00694243
1086.600000000 45.6145 57.8852 0 0 0 0.999976 0.00694243
1086.700000000 45.5878 57.8855 0 0 0 0.999976 0.00694243
1086.800000000 45.5628 57.8859 0 0 0 0.999976 0.00694243
1086.900000000 45.5361 57.8863 0 0 0 0.999976 0.00694243
1087.000000000 45.5111 57.8866 0 0 0 0.999976 0.00694243
1087.100000000 45.4845 57.887 0 0 0 0.999976 0.00694243
1087.200000000 45.4595 57.8873 0 0 0 0.999976 0.00694243
1087.300000000 45.4345 57.8877 0 0 0 0.999976 0.00694243
1087.400000000 45.4111 57.888 0 0 0 0.999976 0.00694243
1087.500000000 45.3878 57.8883 0 0 0 0.999976 0.00694243
1087.600000000 45.3662 57.8886 0 0 0 0.999976 0.00694243
1087.700000000 45.3445 57.8889 0 0 0 0.999976 0.00694243
1087.800000000 45.3178 57.8893 0 0 0 0.999976 0.00694243
1087.900000000 45.2912 57.8897 0 0 0 0.999976 0.00694243
1088.000000000 45.2662 57.89 0 0 0 0.999976 0.00694243
1088.100000000 45.2412 57.8904 0 0 0 0.999976 0.00694243
1088.200000000 45.2145 57.8907 0 0 0 0.999976 0.00694243
1088.300000000 45.1878 57.8911 0 0 0 0.999976 0.00694243
1088.400000000 45.1628 57.8914 0 0 0 0.999976 0.00694243
1088.500000000 45.1362 57.8918 0 0 0 0.999976 0.00694243
1088.600000000 45.1112 57.8922 0 0 0 0.999976 0.00694243
1088.700000000 45.0878 57.8925 0 0 0 0.999976 0.00694243
1088.800000000 45.0645 57.8928 0 0 0 0.999976 0.00694243
1088.900000000 45.0428 57.8931 0 0 0 0.999976 0.00694243
1089.000000000 45.0212 57.8934 0 0 0 0.999976 0.00694243
1089.100000000 44.9979 57.8937 0 0 0 0.999976 0.00694243
1089.200000000 44.9762 57.894 0 0 0 0.999976 0.00694243
1089.300000000 44.9545 57.8943 0 0 0 0.999976 0.00694243
1089.400000000 44.9345 57.8946 0 0 0 0.999976 0.00694243
1089.500000000 44.9129 57.8949 0 0 0 0.999976 0.00694243
1089.600000000 44.8929 57.8952 0 0 0 0.999976 0.00694243
1089.700000000 44.8695 57.8955 0 0 0 0.999976 0.00694243
1089.800000000 44.8479 57.8958 0 0 0 0.999976 0.00694243
1089.900000000 44.8262 57.8961 0 0 0 0.999976 0.00694243
1090.000000000 44.8045 57.8964 0 0 0 0.999976 0.00694243
1090.100000000 44.7829 57.8967 0 0 0 0.999976 0.00694243
1090.200000000 44.7595 57.897 0 0 0 0.999976 0.00694243
1090.300000000 44.7379 57.8973 0 0 0 0.999976 0.00694243
1090.400000000 44.7162 57.8979 0 0 0 0.999971 0.00762399
1090.500000000 44.6962 57.8985 0 0 0 0.999965 0.00841098
1090.600000000 44.6746 57.8992 0 0 0 0.999957 0.00926355
1090.700000000 44.6529 57.9 0 0 0 0.999949 0.0101161
1090.800000000 44.6313 57.9008 0 0 0 0.99994 0.0109687
1090.900000000 44.6113 57.9015 0 0 0 0.999931 0.0117556
1091.000000000 44.5896 57.9024 0 0 0 0.999921 0.0126082
1091.100000000 44.5663 57.9033 0 0 0 0.999909 0.0135263
1091.200000000 44.5446 57.9042 0 0 0 0.999899 0.0142078
1091.300000000 44.523 57.9051 0 0 0 0.999889 0.0148893
1091.400000000 44.5013 57.906 0 0 0 0.999879 0.0155708
1091.500000000 44.4797 57.9069 0 0 0 0.999868 0.0162523
1091.600000000 44.4597 57.9078 0 0 0 0.999858 0.0168813
1091.700000000 44.4381 57.9088 0 0 0 0.999846 0.0175628
1091.800000000 44.4181 57.9098 0 0 0 0.999835 0.0181919
1091.900000000 44.3432 57.9137 0 0 0 0.999776 0.0211508
1092.000000000 44.2683 57.9181 0 0 0 0.999709 0.0241096
1092.100000000 44.1935 57.9229 0 0 0 0.999634 0.0270682
1092.200000000 44.1186 57.9281 0 0 0 0.999549 0.0300265
1092.300000000 44.0754 57.9304 0 0 0 0.999569 0.0293459
1092.400000000 44.0338 57.9326 0 0 0 0.999588 0.0286914
1092.500000000 43.9938 57.9347 0 0 0 0.999606 0.0280632
1092.600000000 43.9555 57.9366 0 0 0 0.999623 0.0274611
1092.700000000 43.9189 57.9383 0 0 0 0.999639 0.0268851
1092.800000000 43.8839 57.94 0 0 0 0.999653 0.0263354
1092.900000000 43.849 57.9416 0 0 0 0.999667 0.0257856
1093.000000000 43.8157 57.9431 0 0 0 0.999681 0.025262
1093.100000000 43.784 57.9445 0 0 0 0.999693 0.0247646
1093.200000000 43.7524 57.9459 0 0 0 0.999706 0.0242671
1093.300000000 43.7224 57.9472 0 0 0 0.999717 0.0237959
1093.400000000 43.6941 57.9484 0 0 0 0.999727 0.0233508
1093.500000000 43.6658 57.9495 0 0 0 0.999738 0.0229057
1093.600000000 43.6392 57.9505 0 0 0 0.999747 0.0224868
1093.700000000 43.6125 57.9516 0 0 0 0.999756 0.0220679
1093.800000000 43.5875 57.9525 0 0 0 0.999765 0.0216752
1093.900000000 43.5642 57.9534 0 0 0 0.999773 0.0213086
1094.000000000 43.5409 57.9542 0 0 0 0.999781 0.020942
1094.100000000 43.5192 57.955 0 0 0 0.999788 0.0206017
1094.200000000 43.4976 57.9558 0 0 0 0.999795 0.0202613
1094.300000000 43.4759 57.9565 0 0 0 0.999802 0.0199209
1094.400000000 43.4543 57.9572 0 0 0 0.999808 0.0195805
1094.500000000 43.4326 57.9579 0 0 0 0.999815 0.0192401
1094.600000000 43.4126 57.9586 0 0 0 0.999821 0.0189259
1094.700000000 43.391 57.9593 0 0 0 0.999827 0.0185855
1094.800000000 43.371 57.9599 0 0 0 0.999833 0.0182713
1094.900000000 43.351 57.9605 0 0 0 0.999839 0.0179571
1095.000000000 43.3277 57.9612 0 0 0 0.999845 0.0175905
1095.100000000 43.306 57.9618 0 0 0 0.999851 0.0172501
1095.200000000 43.2844 57.9624 0 0 0 0.999857 0.0169097
1095.300000000 43.2627 57.963 0 0 0 0.999863 0.0165693
1095.400000000 43.241 57.9636 0 0 0 0.999868 0.0162289
1095.500000000 43.221 57.9641 0 0 0 0.999873 0.0159147
1095.600000000 43.1994 57.9647 0 0 0 0.999879 0.0155743
1095.700000000 43.1794 57.9652 0 0 0 0.999884 0.0152601
1095.800000000 43.1577 57.9657 0 0 0 0.999889 0.0149197
1095.900000000 43.1377 57.9662 0 0 0 0.999893 0.0146054
1096.000000000 43.1161 57.9667 0 0 0 0.999898 0.014265
1096.100000000 43.0711 57.9678 0 0 0 0.999903 0.0139116
1096.200000000 43.0261 57.9689 0 0 0 0.999908 0.0135582
1096.300000000 42.9811 57.97 0 0 0 0.999913 0.0132047
1096.400000000 42.9378 57.971 0 0 0 0.999917 0.0128644
1096.500000000 42.8961 57.972 0 0 0 0.999921 0.0125371
1096.600000000 42.8561 57.9728 0 0 0 0.999925 0.012223
1096.700000000 42.8178 57.9736 0 0 0 0.999929 0.0119219
1096.800000000 42.7812 57.9744 0 0 0 0.999932 0.0116339
1096.900000000 42.7445 57.9751 0 0 0 0.999936 0.0113459
1097.000000000 42.7095 57.9758 0 0 0 0.999939 0.0110711
1097.100000000 42.6762 57.9765 0 0 0 0.999942 0.0108092
1097.200000000 42.6445 57.9771 0 0 0 0.999942 0.0108092
1097.300000000 42.6129 57.9778 0 0 0 0.999942 0.0108092
1097.400000000 42.5829 57.9785 0 0 0 0.999942 0.0108092
1097.500000000 42.5545 57.9791 0 0 0 0.999942 0.0108092
1097.600000000 42.5262 57.9797 0 0 0 0.999942 0.0108092
1097.700000000 42.4996 57.9803 0 0 0 0.999942 0.0108092
1097.800000000 42.4729 57.9809 0 0 0 0.999942 0.0108092
1097.900000000 42.4479 57.9814 0 0 0 0.999942 0.0108092
1098.000000000 42.4229 57.9819 0 0 0 0.999942 0.0108092
1098.100000000 42.3996 57.9824 0 0 0 0.999942 0.0108092
1098.200000000 42.3763 57.9829 0 0 0 0.999942 0.0108092
1098.300000000 42.3546 57.9834 0 0 0 0.999942 0.0108092
1098.400000000 42.3329 57.9839 0 0 0 0.999942 0.0108092
1098.500000000 42.3129 57.9843 0 0 0 0.999942 0.0108092
1098.600000000 42.2913 57.9848 0 0 0 0.999942 0.0108092
1098.700000000 42.2696 57.9853 0 0 0 0.999942 0.0108092
1098.800000000 42.2479 57.9857 0 0 0 0.999942 0.0108092
1098.900000000 42.228 57.9862 0 0 0 0.999942 0.0108092
1099.000000000 42.2063 57.9866 0 0 0 0.999942 0.0108092
1099.100000000 42.1846 57.9871 0 0 0 0.999942 0.0108092
1099.200000000 42.163 57.9876 0 0 0 0.999942 0.0108092
1099.300000000 42.1396 57.9881 0 0 0 0.999942 0.0108092
1099.400000000 42.118 57.9885 0 0 0 0.999942 0.0108092
1099.500000000 42.0963 57.989 0 0 0 0.999942 0.0108092
1099.600000000 42.0763 57.9894 0 0 0 0.999942 0.0108092
1099.700000000 42.053 57.9899 0 0 0 0.999942 0.0108092
1099.800000000 42.0313 57.9904 0 0 0 0.999942 0.0108092
1099.900000000 42.008 57.9909 0 0 0 0.999942 0.0108092
1100.000000000 41.9863 57.9914 0 0 0 0.999942 0.0108092
1100.100000000 41.9647 57.9918 0 0 0 0.999942 0.0108092
1100.200000000 41.9447 57.9923 0 0 0 0.999942 0.0108092
1100.300000000 41.923 57.9927 0 0 0 0.999942 0.0108092
1100.400000000 41.9014 57.9932 0 0 0 0.999942 0.0108092
1100.500000000 41.8797 57.9937 0 0 0 0.999942 0.0108092
1100.600000000 41.858 57.9942 0 0 0 0.999942 0.0108092
1100.700000000 41.838 57.9946 0 0 0 0.999942 0.0108092
1100.800000000 41.8164 57.9951 0 0 0 0.999942 0.0108092
1100.900000000 41.7964 57.9955 0 0 0 0.999942 0.0108092
1101.000000000 41.7747 57.996 0 0 0 0.999942 0.0108092
1101.100000000 41.7531 57.9964 0 0 0 0.999942 0.0108092
1101.200000000 41.7314 57.9969 0 0 0 0.999942 0.0108092
1101.300000000 41.7114 57.9973 0 0 0 0.999942 0.0108092
1101.400000000 41.6914 57.9978 0 0 0 0.999942 0.0108092
1101.500000000 41.6714 57.9982 0 0 0 0.999942 0.0108092
1101.600000000 41.6498 57.9987 0 0 0 0.999942 0.0108092
1101.700000000 41.6281 57.9991 0 0 0 0.999942 0.0108092
1101.800000000 41.6081 57.9996 0 0 0 0.999942 0.0108092
1101.900000000 41.5881 58 0 0 0 0.999942 0.0108092
1102.000000000 41.5664 58.0005 0 0 0 0.999942 0.0108092
1102.100000000 41.5448 58.0009 0 0 0 0.999942 0.0108092
1102.200000000 41.5215 58.0014 0 0 0 0.999942 0.0108092
1102.300000000 41.4998 58.0019 0 0 0 0.999942 0.0108092
1102.400000000 41.4781 58.0024 0 0 0 0.999942 0.0108092
1102.500000000 41.4581 58.0028 0 0 0 0.999942 0.0108092
1102.600000000 41.4381 58.0032 0 0 0 0.999942 0.0108092
1102.700000000 41.4198 58.0036 0 0 0 0.999942 0.0108092
1102.800000000 41.3981 58.0041 0 0 0 0.999942 0.0108092
1102.900000000 41.3765 58.0046 0 0 0 0.999942 0.0108092
1103.000000000 41.3548 58.005 0 0 0 0.999942 0.0108092
1103.100000000 41.3332 58.0055 0 0 0 0.999942 0.0108092
1103.200000000 41.3115 58.006 0 0 0 0.999942 0.0108092
1103.300000000 41.2898 58.0064 0 0 0 0.999942 0.0108092
1103.400000000 41.2698 58.0069 0 0 0 0.999942 0.0108092
1103.500000000 41.2498 58.0073 0 0 0 0.999942 0.0108092
1103.600000000 41.2299 58.0077 0 0 0 0.999942 0.0108092
1103.700000000 41.2099 58.0082 0 0 0 0.999942 0.0108092
1103.800000000 41.1899 58.0086 0 0 0 0.999942 0.0108092
1103.900000000 41.1699 58.009 0 0 0 0.999942 0.0108092
1104.000000000 41.1499 58.0095 0 0 0 0.999942 0.0108092
1104.100000000 41.1282 58.0099 0 0 0 0.999942 0.0108092
1104.200000000 41.1065 58.0104 0 0 0 0.999942 0.0108092
1104.300000000 41.0499 58.0116 0 0 0 0.999942 0.0108092
1104.400000000 40.9949 58.0128 0 0 0 0.999942 0.0108092
1104.500000000 40.9416 58.014 0 0 0 0.999942 0.0108092
1104.600000000 40.8866 58.0152 0 0 0 0.999942 0.0108092
1104.700000000 40.8333 58.0163 0 0 0 0.999942 0.0108092
1104.800000000 40.7783 58.0175 0 0 0 0.999942 0.0108092
1104.900000000 40.7233 58.0187 0 0 0 0.999942 0.0108092
1105.000000000 40.67 58.0198 0 0 0 0.999942 0.0108092
1105.100000000 40.6133 58.0211 0 0 0 0.999942 0.0108092
1105.200000000 40.5583 58.0223 0 0 0 0.999942 0.0108092
1105.300000000 40.505 58.0234 0 0 0 0.999942 0.0108092
1105.400000000 40.4534 58.0245 0 0 0 0.999942 0.0108092
1105.500000000 40.4034 58.0256 0 0 0 0.999942 0.0108092
1105.600000000 40.3551 58.0266 0 0 0 0.999942 0.0108092
1105.700000000 40.3084 58.0277 0 0 0 0.999942 0.0108092
1105.800000000 40.2634 58.0286 0 0 0 0.999942 0.0108092
1105.900000000 40.2201 58.0296 0 0 0 0.999942 0.0108092
1106.000000000 40.1784 58.0305 0 0 0 0.999942 0.0108092
1106.100000000 40.1384 58.0313 0 0 0 0.999942 0.0108092
1106.200000000 40.1001 58.0322 0 0 0 0.999942 0.0108092
1106.300000000 40.0635 58.033 0 0 0 0.999942 0.0108092
1106.400000000 40.0285 58.0337 0 0 0 0.999942 0.0108092
1106.500000000 39.9935 58.0345 0 0 0 0.999942 0.0108092
1106.600000000 39.9601 58.0352 0 0 0 0.999942 0.0108092
1106.700000000 39.9285 58.0359 0 0 0 0.999942 0.0108092
1106.800000000 39.8968 58.0366 0 0 0 0.999942 0.0108092
1106.900000000 39.8668 58.0372 0 0 0 0.999942 0.0108092
1107.000000000 39.8352 58.0379 0 0 0 0.999942 0.0108092
1107.100000000 39.8002 58.0386 0 0 0 0.999942 0.0108092
1107.200000000 39.7669 58.0394 0 0 0 0.999942 0.0108092
1107.300000000 39.7352 58.0401 0 0 0 0.999942 0.0108092
1107.400000000 39.7035 58.0407 0 0 0 0.999942 0.0108092
1107.500000000 39.6702 58.0415 0 0 0 0.999942 0.0108092
1107.600000000 39.6386 58.0421 0 0 0 0.999942 0.0108092
1107.700000000 39.6052 58.0429 0 0 0 0.999942 0.0108092
1107.800000000 39.5736 58.0435 0 0 0 0.999942 0.0108092
1107.900000000 39.5402 58.0443 0 0 0 0.999942 0.0108092
1108.000000000 39.4654 58.0508 0 0 0 0.999734 0.0230693
1108.100000000 39.3979 58.0603 0 0 0 0.999237 0.0390608
1108.200000000 39.3316 58.0721 0 0 0 0.99846 0.0554828
1108.300000000 39.2809 58.0873 0 0 0 0.996855 0.0792492
1108.400000000 39.2325 58.105 0 0 0 0.994603 0.103753
1108.500000000 39.1718 58.1253 0 0 0 0.992555 0.121797
1108.600000000 39.1119 58.1477 0 0 0 0.99018 0.139802
1108.700000000 39.0529 58.1722 0 0 0 0.987477 0.15776
1108.800000000 38.9947 58.1989 0 0 0 0.98445 0.175666
1108.900000000 38.9376 58.2277 0 0 0 0.981097 0.193515
1109.000000000 38.8816 58.2586 0 0 0 0.977421 0.2113
1109.100000000 38.8259 58.2917 0 0 0 0.97352 0.228602
1109.200000000 38.7714 58.3267 0 0 0 0.969312 0.245832
1109.300000000 38.7181 58.3636 0 0 0 0.9648 0.262985
1109.400000000 38.6662 58.4024 0 0 0 0.959984 0.280055
1109.500000000 38.6158 58.443 0 0 0 0.954866 0.297037
1109.600000000 38.5819 58.4788 0 0 0 0.94689 0.321558
1109.700000000 38.5652 58.5088 0 0 0 0.935412 0.35356
1109.800000000 38.568 58.5296 0 0 0 0.919045 0.394152
1109.900000000 38.5726 58.5502 0 0 0 0.900918 0.433989
1110.000000000 38.58 58.5694 0 0 0 0.880771 0.473542
1110.100000000 38.589 58.5879 0 0 0 0.858889 0.512162
1110.200000000 38.6005 58.6044 0 0 0 0.834964 0.550304
1110.300000000 38.6011 58.638 0 0 0 0.815517 0.578734
1110.400000000 38.5954 58.6852 0 0 0 0.80041 0.599454
1110.500000000 38.5845 58.7482 0 0 0 0.789392 0.61389
1110.600000000 38.5694 58.8217 0 0 0 0.784097 0.620639
1110.700000000 38.5548 58.8953 0 0 0 0.779835 0.625985
1110.800000000 38.5413 58.9691 0 0 0 0.775538 0.631301
1110.900000000 38.5287 59.0431 0 0 0 0.771204 0.636588
1111.000000000 38.517 59.1172 0 0 0 0.767223 0.64138
1111.100000000 38.5061 59.1914 0 0 0 0.763213 0.646147
1111.200000000 38.4962 59.2658 0 0 0 0.759173 0.650889
1111.300000000 38.487 59.3403 0 0 0 0.755511 0.655136
1111.400000000 38.4786 59.4148 0 0 0 0.751825 0.659363
1111.500000000 38.471 59.4895 0 0 0 0.748115 0.663569
1111.600000000 38.4641 59.5641 0 0 0 0.744808 0.667279
1111.700000000 38.4578 59.6389 0 0 0 0.741481 0.670974
1111.800000000 38.4523 59.7137 0 0 0 0.738136 0.674651
1111.900000000 38.4473 59.7886 0 0 0 0.735216 0.677833
1112.000000000 38.443 59.8635 0 0 0 0.732282 0.681001
1112.100000000 38.4393 59.9384 0 0 0 0.729335 0.684157
1112.200000000 38.4362 60.0133 0 0 0 0.726374 0.6873
1112.300000000 38.4335 60.0883 0 0 0 0.723862 0.689945
1112.400000000 38.4358 60.1551 0 0 0 0.714267 0.699873
1112.500000000 38.4428 60.2017 0 0 0 0.700178 0.713968
1112.600000000 38.4555 60.2378 0 0 0 0.678508 0.734593
1112.700000000 38.4731 60.2552 0 0 0 0.648346 0.761346
1112.800000000 38.4926 60.2526 0 0 0 0.610097 0.792326
1112.900000000 38.5117 60.2481 0 0 0 0.57037 0.821388
1113.000000000 38.5303 60.2418 0 0 0 0.529262 0.848459
1113.100000000 38.5482 60.2337 0 0 0 0.486871 0.873474
1113.200000000 38.5653 60.2238 0 0 0 0.4433 0.896373
1113.300000000 38.5812 60.2124 0 0 0 0.398655 0.917101
1113.400000000 38.596 60.1994 0 0 0 0.353045 0.935606
1113.500000000 38.6094 60.185 0 0 0 0.306579 0.951845
1113.600000000 38.6214 60.1694 0 0 0 0.25937 0.965778
1113.700000000 38.6317 60.1527 0 0 0 0.211533 0.977371
1113.800000000 38.6404 60.135 0 0 0 0.163184 0.986596
1113.900000000 38.6473 60.1166 0 0 0 0.114439 0.99343
1114.000000000 38.6523 60.0976 0 0 0 0.0654165 0.997858
1114.100000000 38.6554 60.0781 0 0 0 0.0162358 0.999868
1114.200000000 38.6566 60.0585 0 0 0 -0.0329842 0.999456
1114.300000000 38.6559 60.0389 0 0 0 -0.0821242 0.996622
1114.400000000 38.6533 60.0194 0 0 0 -0.131065 0.991374
1114.500000000 38.6487 60.0002 0 0 0 -0.179689 0.983723
1114.600000000 38.6423 59.9816 0 0 0 -0.227877 0.97369
1114.700000000 38.6341 59.9638 0 0 0 -0.275513 0.961297
1114.800000000 38.6242 59.9468 0 0 0 -0.322482 0.946576
1114.900000000 38.6126 59.9309 0 0 0 -0.368669 0.929561
1115.000000000 38.5996 59.9161 0 0 0 -0.413963 0.910294
1115.100000000 38.5852 59.9028 0 0 0 -0.458254 0.888821
1115.200000000 38.5717 59.8888 0 0 0 -0.500156 0.865935
1115.300000000 38.557 59.8762 0 0 0 -0.540917 0.841076
1115.400000000 38.5411 59.865 0 0 0 -0.580445 0.814299
1115.500000000 38.5243 59.8554 0 0 0 -0.61865 0.785667
1115.600000000 38.5066 59.8474 0 0 0 -0.655445 0.755243
1115.700000000 38.4882 59.8412 0 0 0 -0.690746 0.723098
1115.800000000 38.4693 59.8367 0 0 0 -0.724472 0.689304
1115.900000000 38.4501 59.8341 0 0 0 -0.756547 0.65394
1116.000000000 38.4307 59.8333 0 0 0 -0.786897 0.617084
1116.100000000 38.4113 59.8343 0 0 0 -0.815454 0.578822
1116.200000000 38.3921 59.8372 0 0 0 -0.842152 0.539241
1116.300000000 38.3677 59.8189 0 0 0 -0.861161 0.508332
1116.400000000 38.3366 59.7856 0 0 0 0.874939 -0.484234
1116.500000000 38.298 59.7388 0 0 0 0.884365 -0.466796
1116.600000000 38.2554 59.6888 0 0 0 0.892312 -0.45142
1116.700000000 38.2108 59.6395 0 0 0 0.899803 -0.436296
1116.800000000 38.1646 59.5918 0 0 0 0.907038 -0.421049
1116.900000000 38.1167 59.5456 0 0 0 0.914014 -0.405682
1117.000000000 38.0673 59.5011 0 0 0 0.920731 -0.390199
1117.100000000 38.0165 59.4583 0 0 0 0.927185 -0.374605
1117.200000000 37.9642 59.4172 0 0 0 0.933374 -0.358904
1117.300000000 37.9106 59.3779 0 0 0 0.939298 -0.343101
1117.400000000 37.8557 59.3404 0 0 0 0.944955 -0.327201
1117.500000000 37.7996 59.3048 0 0 0 0.950342 -0.311207
1117.600000000 37.7422 59.2712 0 0 0 0.955459 -0.295124
1117.700000000 37.6838 59.2394 0 0 0 0.960303 -0.278958
1117.800000000 37.6244 59.2097 0 0 0 0.964874 -0.262712
1117.900000000 37.5639 59.182 0 0 0 0.969171 -0.246391
1118.000000000 37.5026 59.1563 0 0 0 0.973191 -0.23
1118.100000000 37.4405 59.1328 0 0 0 0.976934 -0.213543
1118.200000000 37.3775 59.1113 0 0 0 0.980398 -0.197026
1118.300000000 37.3775 59.1113 0 0 0 0.980398 -0.197026
1118.400000000 37.3775 59.1113 0 0 0 0.980398 -0.197026
1118.500000000 37.3775 59.1113 0 0 0 0.980398 -0.197026
1118.600000000 37.3775 59.1113 0 0 0 0.980398 -0.197026
1118.700000000 37.3775 59.1113 0 0 0 0.980398 -0.197026
1118.800000000 37.3775 59.1113 0 0 0 0.980398 -0.197026
1118.900000000 37.3775 59.1113 0 0 0 0.980398 -0.197026
1119.000000000 37.3775 59.1113 0 0 0 0.980398 -0.197026
1119.100000000 37.3775 59.1113 0 0 0 0.980398 -0.197026
1119.200000000 37.3775 59.1113 0 0 0 0.980398 -0.197026
1119.300000000 37.3775 59.1113 0 0 0 0.980398 -0.197026
1119.400000000 37.3775 59.1113 0 0 0 0.980398 -0.197026
1119.500000000 37.3775 59.1113 0 0 0 0.980398 -0.197026
1119.600000000 37.3775 59.1113 0 0 0 0.980398 -0.197026
1119.700000000 37.3775 59.1113 0 0 0 0.980398 -0.197026
1119.800000000 37.3775 59.1113 0 0 0 0.980398 -0.197026
1119.900000000 37.3775 59.1113 0 0 0 0.980398 -0.197026
1120.000000000 37.3775 59.1113 0 0 0 0.980398 -0.197026
1120.100000000 37.3775 59.1113 0 0 0 0.980398 -0.197026
1120.200000000 37.3775 59.1113 0 0 0 0.980398 -0.197026
1120.300000000 37.3775 59.1113 0 0 0 0.980398 -0.197026
1120.400000000 37.3775 59.1113 0 0 0 0.980398 -0.197026
1120.500000000 37.3775 59.1113 0 0 0 0.980398 -0.197026
1120.600000000 37.3775 59.1113 0 0 0 0.980398 -0.197026
1120.700000000 37.3775 59.1113 0 0 0 0.980398 -0.197026
1120.800000000 37.3775 59.1113 0 0 0 0.980398 -0.197026
1120.900000000 37.3775 59.1113 0 0 0 0.980398 -0.197026
1121.000000000 37.3775 59.1113 0 0 0 0.980398 -0.197026
1121.100000000 37.3775 59.1113 0 0 0 0.980398 -0.197026
1121.200000000 37.3775 59.1113 0 0 0 0.980398 -0.197026
1121.300000000 37.3775 59.1113 0 0 0 0.980398 -0.197026
1121.400000000 37.3775 59.1113 0 0 0 0.980398 -0.197026
1121.500000000 37.3775 59.1113 0 0 0 0.980398 -0.197026
1121.600000000 37.3775 59.1113 0 0 0 0.980398 -0.197026
1121.700000000 37.3775 59.1113 0 0 0 0.980398 -0.197026
1121.800000000 37.3775 59.1113 0 0 0 0.980398 -0.197026
1121.900000000 37.3775 59.1113 0 0 0 0.980398 -0.197026
1122.000000000 37.3775 59.1113 0 0 0 0.980398 -0.197026
1122.100000000 37.3775 59.1113 0 0 0 0.980398 -0.197026
1122.200000000 37.3775 59.1113 0 0 0 0.980398 -0.197026
1122.300000000 37.3775 59.1113 0 0 0 0.980398 -0.197026
1122.400000000 37.3775 59.1113 0 0 0 0.980398 -0.197026
1122.500000000 37.3775 59.1113 0 0 0 0.980398 -0.197026
1122.600000000 37.3775 59.1113 0 0 0 0.980398 -0.197026
1122.700000000 37.3775 59.1113 0 0 0 0.980398 -0.197026
1122.800000000 37.3775 59.1113 0 0 0 0.980398 -0.197026
1122.900000000 37.3775 59.1113 0 0 0 0.980398 -0.197026
1123.000000000 37.3775 59.1113 0 0 0 0.980398 -0.197026
1123.100000000 37.3775 59.1113 0 0 0 0.980398 -0.197026
1123.200000000 37.3775 59.1113 0 0 0 0.980398 -0.197026
1123.300000000 37.3775 59.1113 0 0 0 0.980398 -0.197026
1123.400000000 37.3775 59.1113 0 0 0 0.980398 -0.197026
1123.500000000 37.3775 59.1113 0 0 0 0.980398 -0.197026
1123.600000000 37.3775 59.1113 0 0 0 0.980398 -0.197026
1123.700000000 37.3775 59.1113 0 0 0 0.980398 -0.197026
1123.800000000 37.3775 59.1113 0 0 0 0.980398 -0.197026
1123.900000000 37.3775 59.1113 0 0 0 0.980398 -0.197026
1124.000000000 37.3775 59.1113 0 0 0 0.980398 -0.197026
1124.100000000 37.3103 59.0778 0 0 0 0.977909 -0.209032
1124.200000000 37.2464 59.0432 0 0 0 0.974951 -0.222421
1124.300000000 37.1844 59.007 0 0 0 0.971698 -0.236225
1124.400000000 37.1234 58.9692 0 0 0 0.968251 -0.249981
1124.500000000 37.0635 58.9295 0 0 0 0.964608 -0.263686
1124.600000000 37.0048 58.8883 0 0 0 0.960772 -0.277339
1124.700000000 36.9473 58.8453 0 0 0 0.956743 -0.290936
1124.800000000 36.891 58.8008 0 0 0 0.952521 -0.304474
1124.900000000 36.836 58.7547 0 0 0 0.948107 -0.317952
1125.000000000 36.7823 58.707 0 0 0 0.943503 -0.331365
1125.100000000 36.7301 58.6578 0 0 0 0.938709 -0.344711
1125.200000000 36.6742 58.6078 0 0 0 0.936984 -0.349374
1125.300000000 36.6186 58.5574 0 0 0 0.935466 -0.353416
1125.400000000 36.5635 58.5065 0 0 0 0.933931 -0.357453
1125.500000000 36.5088 58.4551 0 0 0 0.932379 -0.361482
1125.600000000 36.4546 58.4033 0 0 0 0.930809 -0.365505
1125.700000000 36.4008 58.351 0 0 0 0.929222 -0.369521
1125.800000000 36.3475 58.2983 0 0 0 0.927618 -0.37353
1125.900000000 36.2946 58.245 0 0 0 0.925996 -0.377532
1126.000000000 36.2422 58.1914 0 0 0 0.924412 -0.381395
1126.100000000 36.1901 58.1374 0 0 0 0.922842 -0.385178
1126.200000000 36.1374 58.0841 0 0 0 0.922842 -0.385178
1126.300000000 36.0844 58.031 0 0 0 0.92314 -0.384465
1126.400000000 36.0314 57.9779 0 0 0 0.923437 -0.383751
1126.500000000 35.9783 57.925 0 0 0 0.923733 -0.383036
1126.600000000 35.925 57.8721 0 0 0 0.924029 -0.382322
1126.700000000 35.8718 57.8194 0 0 0 0.924325 -0.381607
1126.800000000 35.8184 57.7667 0 0 0 0.924619 -0.380892
1126.900000000 35.7649 57.7141 0 0 0 0.924914 -0.380177
1127.000000000 35.7114 57.6615 0 0 0 0.925207 -0.379462
1127.100000000 35.6578 57.6091 0 0 0 0.925501 -0.378746
1127.200000000 35.6041 57.5567 0 0 0 0.925793 -0.37803
1127.300000000 35.5503 57.5045 0 0 0 0.926085 -0.377314
1127.400000000 35.4964 57.4523 0 0 0 0.926377 -0.376598
1127.500000000 35.4425 57.4002 0 0 0 0.926668 -0.375882
1127.600000000 35.3885 57.3481 0 0 0 0.926958 -0.375165
1127.700000000 35.3344 57.2962 0 0 0 0.927248 -0.374448
1127.800000000 35.2802 57.2443 0 0 0 0.927537 -0.373731
1127.900000000 35.2259 57.1926 0 0 0 0.927826 -0.373013
1128.000000000 35.1716 57.1409 0 0 0 0.928114 -0.372296
1128.100000000 35.1172 57.0893 0 0 0 0.928402 -0.371578
1128.200000000 35.0629 57.0375 0 0 0 0.928402 -0.371578
1128.300000000 35.0086 56.9858 0 0 0 0.928402 -0.371578
1128.400000000 34.9543 56.934 0 0 0 0.928402 -0.371578
1128.500000000 34.9 56.8823 0 0 0 0.928402 -0.371578
1128.600000000 34.8457 56.8305 0 0 0 0.928402 -0.371578
1128.700000000 34.7914 56.7788 0 0 0 0.928402 -0.371578
1128.800000000 34.7371 56.7271 0 0 0 0.928402 -0.371578
1128.900000000 34.6828 56.6753 0 0 0 0.928402 -0.371578
1129.000000000 34.6285 56.6236 0 0 0 0.928402 -0.371578
1129.100000000 34.5743 56.5718 0 0 0 0.928402 -0.371578
1129.200000000 34.52 56.5201 0 0 0 0.928402 -0.371578
1129.300000000 34.4657 56.4683 0 0 0 0.928402 -0.371578
1129.400000000 34.4114 56.4166 0 0 0 0.928402 -0.371578
1129.500000000 34.3571 56.3648 0 0 0 0.928402 -0.371578
1129.600000000 34.3028 56.3131 0 0 0 0.928402 -0.371578
1129.700000000 34.2485 56.2613 0 0 0 0.928402 -0.371578
1129.800000000 34.1942 56.2096 0 0 0 0.928402 -0.371578
1129.900000000 34.1399 56.1578 0 0 0 0.928402 -0.371578
1130.000000000 34.0857 56.1061 0 0 0 0.928402 -0.371578
1130.100000000 34.0314 56.0544 0 0 0 0.928402 -0.371578
1130.200000000 33.9771 56.0026 0 0 0 0.928402 -0.371578
1130.300000000 33.9228 55.9509 0 0 0 0.928402 -0.371578
1130.400000000 33.8685 55.8991 0 0 0 0.928402 -0.371578
1130.500000000 33.8142 55.8474 0 0 0 0.928402 -0.371578
1130.600000000 33.7599 55.7956 0 0 0 0.928402 -0.371578
1130.700000000 33.7056 55.7439 0 0 0 0.928402 -0.371578
1130.800000000 33.6513 55.6921 0 0 0 0.928402 -0.371578
1130.900000000 33.597 55.6404 0 0 0 0.928402 -0.371578
1131.000000000 33.5428 55.5886 0 0 0 0.928402 -0.371578
1131.100000000 33.4885 55.5369 0 0 0 0.928402 -0.371578
1131.200000000 33.4342 55.4851 0 0 0 0.928402 -0.371578
1131.300000000 33.3799 55.4334 0 0 0 0.928402 -0.371578
1131.400000000 33.3256 55.3817 0 0 0 0.928402 -0.371578
1131.500000000 33.2713 55.3299 0 0 0 0.928402 -0.371578
1131.600000000 33.217 55.2782 0 0 0 0.928402 -0.371578
1131.700000000 33.1627 55.2264 0 0 0 0.928402 -0.371578
1131.800000000 33.1084 55.1747 0 0 0 0.928402 -0.371578
1131.900000000 33.0542 55.1229 0 0 0 0.928402 -0.371578
1132.000000000 32.9999 55.0712 0 0 0 0.928402 -0.371578
1132.100000000 32.9456 55.0194 0 0 0 0.928402 -0.371578
1132.200000000 32.8913 54.9677 0 0 0 0.928402 -0.371578
1132.300000000 32.837 54.9159 0 0 0 0.928402 -0.371578
1132.400000000 32.7827 54.8642 0 0 0 0.928402 -0.371578
1132.500000000 32.7284 54.8124 0 0 0 0.928402 -0.371578
1132.600000000 32.6751 54.7596 0 0 0 0.92704 -0.374962
1132.700000000 32.6222 54.7065 0 0 0 0.925666 -0.378342
1132.800000000 32.5695 54.6531 0 0 0 0.924542 -0.381079
1132.900000000 32.5172 54.5994 0 0 0 0.92341 -0.383814
1133.000000000 32.4651 54.5454 0 0 0 0.92227 -0.386545
1133.100000000 32.4134 54.4911 0 0 0 0.921122 -0.389273
1133.200000000 32.3619 54.4365 0 0 0 0.920017 -0.391879
1133.300000000 32.3107 54.3817 0 0 0 0.918966 -0.394338
1133.400000000 32.2598 54.3266 0 0 0 0.917908 -0.396794
1133.500000000 32.2092 54.2713 0 0 0 0.916906 -0.399102
1133.600000000 32.1588 54.2157 0 0 0 0.915899 -0.401409
1133.700000000 32.1087 54.1599 0 0 0 0.914928 -0.403616
1133.800000000 32.061 54.1064 0 0 0 0.914016 -0.405678
1133.900000000 32.0136 54.0526 0 0 0 0.913099 -0.407737
1134.000000000 31.9698 54.0024 0 0 0 0.912242 -0.409651
1134.100000000 31.9261 53.9521 0 0 0 0.911381 -0.411564
1134.200000000 31.877 53.8953 0 0 0 0.910652 -0.413175
1134.300000000 31.837 53.8484 0 0 0 0.909849 -0.414941
1134.400000000 31.7916 53.7951 0 0 0 0.909162 -0.416442
1134.500000000 31.7562 53.753 0 0 0 0.908441 -0.418014
1134.600000000 31.721 53.7108 0 0 0 0.907716 -0.419585
1134.700000000 31.6814 53.6635 0 0 0 0.907105 -0.420905
1134.800000000 31.6421 53.616 0 0 0 0.906492 -0.422223
1134.900000000 31.6039 53.5697 0 0 0 0.905894 -0.423505
1135.000000000 31.5657 53.5234 0 0 0 0.905494 -0.424359
1135.100000000 31.5374 53.4885 0 0 0 0.904892 -0.42564
1135.200000000 31.5101 53.4547 0 0 0 0.904311 -0.426874
1135.300000000 31.4787 53.4158 0 0 0 0.903807 -0.427939
1135.400000000 31.4484 53.3782 0 0 0 0.903319 -0.428969
1135.500000000 31.416 53.3379 0 0 0 0.902971 -0.429702
1135.600000000 31.3849 53.2988 0 0 0 0.902463 -0.430767
1135.700000000 31.3548 53.261 0 0 0 0.901972 -0.431795
1135.800000000 31.3259 53.2243 0 0 0 0.901496 -0.432787
1135.900000000 31.2981 53.189 0 0 0 0.901036 -0.433743
1136.000000000 31.2713 53.1549 0 0 0 0.900741 -0.434357
1136.100000000 31.2555 53.1334 0 0 0 0.899633 -0.436647
1136.200000000 31.2408 53.1131 0 0 0 0.8985 -0.438974
1136.300000000 31.2286 53.0952 0 0 0 0.897032 -0.441966
1136.400000000 31.2165 53.0772 0 0 0 0.895471 -0.445121
1136.500000000 31.2036 53.0577 0 0 0 0.893777 -0.448512
1136.600000000 31.1918 53.0395 0 0 0 0.892193 -0.451655
1136.700000000 31.1801 53.0212 0 0 0 0.890597 -0.454793
1136.800000000 31.1694 53.0042 0 0 0 0.889115 -0.457684
1136.900000000 31.1589 52.9872 0 0 0 0.887623 -0.460571
1137.000000000 31.1493 52.9715 0 0 0 0.886247 -0.463212
1137.100000000 31.1381 52.9529 0 0 0 0.884611 -0.466329
1137.200000000 31.1279 52.9357 0 0 0 0.883091 -0.469201
1137.300000000 31.1177 52.9184 0 0 0 0.881562 -0.472068
1137.400000000 31.1077 52.901 0 0 0 0.880024 -0.47493
1137.500000000 31.0979 52.8836 0 0 0 0.878476 -0.477786
1137.600000000 31.0848 52.8603 0 0 0 0.876398 -0.481588
1137.700000000 31.0752 52.8427 0 0 0 0.874828 -0.484433
1137.800000000 31.0633 52.8207 0 0 0 0.872854 -0.487982
1137.900000000 31.0524 52.8 0 0 0 0.870998 -0.491287
1138.000000000 31.0423 52.7808 0 0 0 0.869447 -0.494026
1138.100000000 31.0105 52.7164 0 0 0 -0.862354 0.506306
1138.200000000 30.9806 52.6512 0 0 0 -0.855087 0.518484
1138.300000000 30.9525 52.5851 0 0 0 -0.847649 0.530558
1138.400000000 30.9264 52.5183 0 0 0 -0.840039 0.542525
1138.500000000 30.9021 52.4507 0 0 0 -0.832261 0.554383
1138.600000000 30.8798 52.3825 0 0 0 -0.824316 0.56613
1138.700000000 30.8594 52.3137 0 0 0 -0.816205 0.577763
1138.800000000 30.8409 52.2443 0 0 0 -0.807929 0.589279
1138.900000000 30.8245 52.1744 0 0 0 -0.799492 0.600677
1139.000000000 30.81 52.1041 0 0 0 -0.790893 0.611955
1139.100000000 30.7981 52.0367 0 0 0 -0.782543 0.622597
1139.200000000 30.7883 51.9706 0 0 0 -0.774258 0.63287
1139.300000000 30.7756 51.8967 0 0 0 -0.770697 0.637202
1139.400000000 30.7634 51.8227 0 0 0 -0.76758 0.640953
1139.500000000 30.7512 51.7487 0 0 0 -0.76568 0.643222
1139.600000000 30.7388 51.6747 0 0 0 -0.764699 0.644387
1139.700000000 30.7267 51.6007 0 0 0 -0.763717 0.645552
1139.800000000 30.7192 51.5377 0 0 0 -0.758787 0.651339
1139.900000000 30.7087 51.4635 0 0 0 -0.757318 0.653046
1140.000000000 30.7047 51.4085 0 0 0 -0.750491 0.66088
1140.100000000 30.7044 51.3462 0 0 0 -0.737801 0.675018
1140.200000000 30.7022 51.2912 0 0 0 -0.733329 0.679874
1140.300000000 30.6951 51.2165 0 0 0 -0.735804 0.677195
1140.400000000 30.6834 51.1466 0 0 0 -0.745642 0.666347
1140.500000000 30.6694 51.0812 0 0 0 -0.756423 0.654082
1140.600000000 30.6542 51.0195 0 0 0 -0.766479 0.642269
1140.700000000 30.6374 50.9599 0 0 0 -0.776093 0.630619
1140.800000000 30.6194 50.9025 0 0 0 -0.785277 0.619145
1140.900000000 30.6003 50.8472 0 0 0 -0.794043 0.607862
1141.000000000 30.5807 50.7956 0 0 0 -0.80216 0.597109
1141.100000000 30.5605 50.746 0 0 0 -0.809892 0.586579
1141.200000000 30.5396 50.6986 0 0 0 -0.81725 0.576283
1141.300000000 30.5182 50.6532 0 0 0 -0.824247 0.566231
1141.400000000 30.4964 50.6098 0 0 0 -0.830892 0.556433
1141.500000000 30.4745 50.5685 0 0 0 -0.837199 0.546899
1141.600000000 30.4524 50.5291 0 0 0 -0.843176 0.537638
1141.700000000 30.4302 50.4916 0 0 0 -0.848835 0.528658
1141.800000000 30.4082 50.4561 0 0 0 -0.854186 0.519967
1141.900000000 30.3864 50.4224 0 0 0 -0.85924 0.511573
1142.000000000 30.3639 50.3891 0 0 0 -0.864211 0.50313
1142.100000000 30.3419 50.3576 0 0 0 0.868713 -0.495315
1142.200000000 30.3202 50.3278 0 0 0 0.872954 -0.487802
1142.300000000 30.2972 50.295 0 0 0 0.875939 -0.482422
1142.400000000 30.2748 50.2638 0 0 0 0.878612 -0.477537
1142.500000000 30.2531 50.2342 0 0 0 0.881143 -0.472851
1142.600000000 30.231 50.2049 0 0 0 0.883649 -0.468151
1142.700000000 30.2097 50.1771 0 0 0 0.886017 -0.463652
1142.800000000 30.1891 50.1508 0 0 0 0.888252 -0.459356
1142.900000000 30.1683 50.1247 0 0 0 0.890466 -0.45505
1143.000000000 30.1482 50.1001 0 0 0 0.89255 -0.450949
1143.100000000 30.129 50.077 0 0 0 0.894506 -0.447055
1143.200000000 30.1102 50.0537 0 0 0 0.895674 -0.444712
1143.300000000 30.0902 50.0291 0 0 0 0.896899 -0.442235
1143.400000000 30.0711 50.006 0 0 0 0.898054 -0.439886
1143.500000000 30.054 49.9855 0 0 0 0.899075 -0.437795
1143.600000000 30.0358 49.9638 0 0 0 0.900155 -0.43557
1143.700000000 30.0196 49.9447 0 0 0 0.901103 -0.433605
1143.800000000 30.0022 49.9245 0 0 0 0.902109 -0.431507
1143.900000000 29.9858 49.9055 0 0 0 0.903049 -0.429538
1144.000000000 29.9716 49.8892 0 0 0 0.903859 -0.42783
1144.100000000 29.9561 49.8717 0 0 0 0.904728 -0.425989
1144.200000000 29.9408 49.8541 0 0 0 0.905355 -0.424655
1144.300000000 29.9255 49.8365 0 0 0 0.90598 -0.42332
1144.400000000 29.9111 49.8202 0 0 0 0.906559 -0.42208
1144.500000000 29.8968 49.804 0 0 0 0.907135 -0.420839
1144.600000000 29.8813 49.7866 0 0 0 0.907755 -0.419501
1144.700000000 29.8668 49.7704 0 0 0 0.908328 -0.418259
1144.800000000 29.8523 49.7543 0 0 0 0.9089 -0.417015
1144.900000000 29.8389 49.7395 0 0 0 0.909426 -0.415867
1145.000000000 29.8243 49.7235 0 0 0 0.909994 -0.414622
1145.100000000 29.8096 49.7075 0 0 0 0.910561 -0.413376
1145.200000000 29.7961 49.6928 0 0 0 0.911082 -0.412225
1145.300000000 29.7815 49.6767 0 0 0 0.911504 -0.411292
1145.400000000 29.7669 49.6608 0 0 0 0.911924 -0.410358
1145.500000000 29.7522 49.6448 0 0 0 0.912344 -0.409424
1145.600000000 29.7363 49.6277 0 0 0 0.912795 -0.408418
1145.700000000 29.7216 49.6118 0 0 0 0.913213 -0.407483
1145.800000000 29.7068 49.596 0 0 0 0.91363 -0.406547
1145.900000000 29.6931 49.5814 0 0 0 0.914014 -0.405684
1146.000000000 29.6783 49.5656 0 0 0 0.914429 -0.404747
1146.100000000 29.6634 49.5498 0 0 0 0.914843 -0.403811
1146.200000000 29.6498 49.5352 0 0 0 0.915096 -0.403235
1146.300000000 29.6361 49.5206 0 0 0 0.91535 -0.402659
1146.400000000 29.6213 49.5048 0 0 0 0.915624 -0.402035
1146.500000000 29.6075 49.4903 0 0 0 0.915877 -0.401459
1146.600000000 29.5926 49.4745 0 0 0 0.91615 -0.400835
1146.700000000 29.5777 49.4588 0 0 0 0.916423 -0.40021
1146.800000000 29.5594 49.4395 0 0 0 0.916759 -0.399441
1146.900000000 29.5433 49.4226 0 0 0 0.917052 -0.398768
1147.000000000 29.526 49.4045 0 0 0 0.917365 -0.398047
1147.100000000 29.511 49.3889 0 0 0 0.917636 -0.397422
1147.200000000 29.4948 49.372 0 0 0 0.917928 -0.396748
1147.300000000 29.4775 49.354 0 0 0 0.918239 -0.396026
1147.400000000 29.4624 49.3385 0 0 0 0.918509 -0.3954
1147.500000000 29.4461 49.3217 0 0 0 0.918799 -0.394726
1147.600000000 29.4287 49.3038 0 0 0 0.919109 -0.394003
1147.700000000 29.4136 49.2883 0 0 0 0.919377 -0.393377
1147.800000000 29.3972 49.2716 0 0 0 0.919666 -0.392702
1147.900000000 29.3832 49.2574 0 0 0 0.919913 -0.392123
1148.000000000 29.368 49.2419 0 0 0 0.92018 -0.391496
1148.100000000 29.3551 49.2289 0 0 0 0.920405 -0.390965
1148.200000000 29.3376 49.211 0 0 0 0.920636 -0.390423
1148.300000000 29.3225 49.1956 0 0 0 0.920769 -0.390109
1148.400000000 29.3061 49.1789 0 0 0 0.920912 -0.389772
1148.500000000 29.2886 49.1611 0 0 0 0.921065 -0.38941
1148.600000000 29.2734 49.1456 0 0 0 0.921197 -0.389096
1148.700000000 29.257 49.129 0 0 0 0.92134 -0.388758
1148.800000000 29.2395 49.1112 0 0 0 0.921492 -0.388396
1148.900000000 29.2243 49.0958 0 0 0 0.921625 -0.388083
1149.000000000 29.2078 49.0792 0 0 0 0.921767 -0.387745
1149.100000000 29.1903 49.0614 0 0 0 0.921919 -0.387383
1149.200000000 29.175 49.046 0 0 0 0.922051 -0.387069
1149.300000000 29.1585 49.0295 0 0 0 0.922193 -0.386731
1149.400000000 29.1409 49.0118 0 0 0 0.922345 -0.386368
1149.500000000 29.1256 48.9964 0 0 0 0.922476 -0.386054
1149.600000000 29.1091 48.9799 0 0 0 0.922618 -0.385716
1149.700000000 29.0903 48.961 0 0 0 0.922779 -0.385329
1149.800000000 29.0738 48.9446 0 0 0 0.92292 -0.384991
1149.900000000 29.0561 48.9269 0 0 0 0.923071 -0.384628
1150.000000000 29.0407 48.9116 0 0 0 0.923202 -0.384314
1150.100000000 29.0242 48.8952 0 0 0 0.923343 -0.383976
1150.200000000 29.0064 48.8775 0 0 0 0.923494 -0.383613
1150.300000000 28.991 48.8623 0 0 0 0.923625 -0.383299
1150.400000000 28.9745 48.8459 0 0 0 0.923765 -0.38296
1150.500000000 28.9567 48.8283 0 0 0 0.923915 -0.382597
1150.600000000 28.9413 48.8131 0 0 0 0.924046 -0.382282
1150.700000000 28.9247 48.7967 0 0 0 0.924186 -0.381944
1150.800000000 28.9068 48.7792 0 0 0 0.924336 -0.38158
1150.900000000 28.8854 48.7581 0 0 0 0.924515 -0.381145
1151.000000000 28.8652 48.7383 0 0 0 0.924685 -0.380733
1151.100000000 28.8462 48.7196 0 0 0 0.924844 -0.380346
1151.200000000 28.8295 48.7033 0 0 0 0.924984 -0.380006
1151.300000000 28.8116 48.6858 0 0 0 0.925058 -0.379825
1151.400000000 28.7962 48.6706 0 0 0 0.925123 -0.379667
1151.500000000 28.7795 48.6543 0 0 0 0.925193 -0.379498
1151.600000000 28.7617 48.6368 0 0 0 0.925267 -0.379316
1151.700000000 28.7462 48.6216 0 0 0 0.925332 -0.379159
1151.800000000 28.7295 48.6053 0 0 0 0.925401 -0.378989
1151.900000000 28.7081 48.5843 0 0 0 0.92549 -0.378771
1152.000000000 28.6842 48.561 0 0 0 0.92559 -0.378529
1152.100000000 28.6604 48.5377 0 0 0 0.925689 -0.378286
1152.200000000 28.6377 48.5156 0 0 0 0.925783 -0.378056
1152.300000000 28.6198 48.4982 0 0 0 0.925857 -0.377874
1152.400000000 28.6043 48.4831 0 0 0 0.925921 -0.377717
1152.500000000 28.5875 48.4668 0 0 0 0.92599 -0.377547
1152.600000000 28.5672 48.4471 0 0 0 0.926074 -0.377341
1152.700000000 28.5481 48.4285 0 0 0 0.926153 -0.377147
1152.800000000 28.5289 48.4099 0 0 0 0.926232 -0.376953
1152.900000000 28.511 48.3925 0 0 0 0.926306 -0.376771
1153.000000000 28.493 48.3751 0 0 0 0.92638 -0.376589
1153.100000000 28.4763 48.3589 0 0 0 0.926449 -0.376419
1153.200000000 28.4535 48.3369 0 0 0 0.926543 -0.376189
1153.300000000 28.4307 48.3149 0 0 0 0.926637 -0.375958
1153.400000000 28.4091 48.294 0 0 0 0.926725 -0.37574
1153.500000000 28.3888 48.2744 0 0 0 0.926809 -0.375534
1153.600000000 28.3683 48.2547 0 0 0 0.926892 -0.375328
1153.700000000 28.3491 48.2362 0 0 0 0.926971 -0.375133
1153.800000000 28.3299 48.2177 0 0 0 0.927049 -0.374939
1153.900000000 28.3119 48.2004 0 0 0 0.927123 -0.374757
1154.000000000 28.2939 48.1831 0 0 0 0.927197 -0.374575
1154.100000000 28.277 48.1669 0 0 0 0.927265 -0.374405
1154.200000000 28.2602 48.1508 0 0 0 0.927334 -0.374235
1154.300000000 28.2446 48.1358 0 0 0 0.927334 -0.374235
1154.400000000 28.229 48.1207 0 0 0 0.927334 -0.374235
1154.500000000 28.2146 48.1068 0 0 0 0.927334 -0.374235
1154.600000000 28.2002 48.093 0 0 0 0.927334 -0.374235
1154.700000000 28.1846 48.0779 0 0 0 0.927334 -0.374235
1154.800000000 28.1702 48.064 0 0 0 0.927334 -0.374235
1154.900000000 28.1558 48.0502 0 0 0 0.927334 -0.374235
1155.000000000 28.1426 48.0374 0 0 0 0.927334 -0.374235
1155.100000000 28.1258 48.0212 0 0 0 0.927334 -0.374235
1155.200000000 28.1077 48.004 0 0 0 0.927481 -0.373871
1155.300000000 28.092 47.9891 0 0 0 0.927608 -0.373555
1155.400000000 28.0751 47.973 0 0 0 0.927745 -0.373215
1155.500000000 28.0605 47.9592 0 0 0 0.927862 -0.372923
1155.600000000 28.0448 47.9443 0 0 0 0.927989 -0.372608
1155.700000000 28.0279 47.9283 0 0 0 0.928126 -0.372267
1155.800000000 28.0133 47.9146 0 0 0 0.928243 -0.371976
1155.900000000 27.9976 47.8997 0 0 0 0.928369 -0.37166
1156.000000000 27.9806 47.8837 0 0 0 0.928505 -0.371319
1156.100000000 27.9623 47.8666 0 0 0 0.928651 -0.370954
1156.200000000 27.9465 47.8518 0 0 0 0.928777 -0.370638
1156.300000000 27.8908 47.8016 0 0 0 0.930608 -0.366016
1156.400000000 27.8771 47.7894 0 0 0 0.930978 -0.365074
1156.500000000 27.8207 47.7399 0 0 0 0.932782 -0.360442
1156.600000000 27.7639 47.6909 0 0 0 0.934562 -0.3558
1156.700000000 27.7066 47.6425 0 0 0 0.936319 -0.35115
1156.800000000 27.6488 47.5947 0 0 0 0.938053 -0.346491
1156.900000000 27.5905 47.5475 0 0 0 0.939764 -0.341824
1157.000000000 27.5318 47.5008 0 0 0 0.941452 -0.337148
1157.100000000 27.4725 47.4548 0 0 0 0.943116 -0.332463
1157.200000000 27.4129 47.4093 0 0 0 0.944757 -0.327771
1157.300000000 27.3518 47.3657 0 0 0 0.947712 -0.319127
1157.400000000 27.2897 47.3235 0 0 0 0.950757 -0.309939
1157.500000000 27.2269 47.2824 0 0 0 0.953712 -0.300721
1157.600000000 27.1633 47.2426 0 0 0 0.956578 -0.291475
1157.700000000 27.0989 47.204 0 0 0 0.959355 -0.282202
1157.800000000 27.0338 47.1667 0 0 0 0.962042 -0.272902
1157.900000000 26.9679 47.1306 0 0 0 0.964638 -0.263577
1158.000000000 26.9014 47.0958 0 0 0 0.967145 -0.254227
1158.100000000 26.8342 47.0623 0 0 0 0.96956 -0.244854
1158.200000000 26.7664 47.0301 0 0 0 0.971885 -0.235457
1158.300000000 26.6976 47.0002 0 0 0 0.974699 -0.223522
1158.400000000 26.628 46.972 0 0 0 0.977366 -0.211554
1158.500000000 26.5577 46.9454 0 0 0 0.979871 -0.19963
1158.600000000 26.4884 46.9211 0 0 0 0.98218 -0.187942
1158.700000000 26.4217 46.8995 0 0 0 0.984254 -0.176761
1158.800000000 26.3562 46.8799 0 0 0 0.986155 -0.165824
1158.900000000 26.2934 46.8627 0 0 0 0.987851 -0.155401
1159.000000000 26.2319 46.8472 0 0 0 0.989398 -0.145229
1159.100000000 26.1717 46.8333 0 0 0 0.990803 -0.135309
1159.200000000 26.1145 46.8213 0 0 0 0.992041 -0.125914
1159.300000000 26.0588 46.8107 0 0 0 0.993158 -0.116776
1159.400000000 26.0045 46.8015 0 0 0 0.994162 -0.107897
1159.500000000 25.9517 46.7934 0 0 0 0.99506 -0.0992792
1159.600000000 25.9004 46.7865 0 0 0 0.995858 -0.0909236
1159.700000000 25.8507 46.7806 0 0 0 0.996564 -0.0828313
1159.800000000 25.8025 46.7758 0 0 0 0.997183 -0.0750036
1159.900000000 25.7559 46.7718 0 0 0 0.997723 -0.0674414
1160.000000000 25.711 46.7686 0 0 0 0.99819 -0.0601456
1160.100000000 25.6676 46.7662 0 0 0 0.998588 -0.053117
1160.200000000 25.6259 46.7645 0 0 0 0.998925 -0.0463562
1160.300000000 25.5859 46.7634 0 0 0 0.999205 -0.0398639
1160.400000000 25.5475 46.7628 0 0 0 0.999434 -0.0336405
1160.500000000 25.5075 46.7611 0 0 0 0.999516 -0.0311152
1160.600000000 25.4692 46.7596 0 0 0 0.999579 -0.0290002
1160.700000000 25.4325 46.7583 0 0 0 0.999636 -0.0269769
1160.800000000 25.3959 46.7571 0 0 0 0.999689 -0.0249536
1160.900000000 25.3609 46.7561 0 0 0 0.999735 -0.0230221
1161.000000000 25.3276 46.7553 0 0 0 0.999776 -0.0211826
1161.100000000 25.2959 46.7547 0 0 0 0.999811 -0.0194349
1161.200000000 25.2642 46.7542 0 0 0 0.999844 -0.0176872
1161.300000000 25.2342 46.7536 0 0 0 0.999864 -0.0165068
1161.400000000 25.2059 46.7531 0 0 0 0.999882 -0.015392
1161.500000000 25.1776 46.7526 0 0 0 0.999898 -0.0142772
1161.600000000 25.1509 46.7523 0 0 0 0.999913 -0.013228
1161.700000000 25.1242 46.752 0 0 0 0.999926 -0.0121787
1161.800000000 25.0992 46.7518 0 0 0 0.999937 -0.011195
1161.900000000 25.0742 46.7516 0 0 0 0.999948 -0.0102113
1162.000000000 25.0509 46.7515 0 0 0 0.999957 -0.00929313
1162.100000000 25.0276 46.7515 0 0 0 0.999965 -0.00837498
1162.200000000 25.0059 46.7514 0 0 0 0.999972 -0.00752241
1162.300000000 24.9842 46.7513 0 0 0 0.999975 -0.00701153
1162.400000000 24.9642 46.7512 0 0 0 0.999979 -0.00653995
1162.500000000 24.9442 46.7512 0 0 0 0.999982 -0.00606838
1162.600000000 24.9259 46.7511 0 0 0 0.999984 -0.00563609
1162.700000000 24.9059 46.7511 0 0 0 0.999987 -0.00516451
1162.800000000 24.8859 46.751 0 0 0 0.999989 -0.00469293
1162.900000000 24.8659 46.751 0 0 0 0.999991 -0.00422135
1163.000000000 24.8459 46.7511 0 0 0 0.999993 -0.00374976
1163.100000000 24.8259 46.7511 0 0 0 0.999995 -0.00327818
1163.200000000 24.8059 46.7512 0 0 0 0.999996 -0.00280659
1163.300000000 24.7859 46.7517 0 0 0 0.999999 -0.00122275
1163.400000000 24.7659 46.7523 0 0 0 1 0.000522528
1163.500000000 24.7459 46.7531 0 0 0 0.999997 0.00226781
1163.600000000 24.7259 46.7538 0 0 0 0.999992 0.00401308
1163.700000000 24.7059 46.7547 0 0 0 0.999983 0.00575833
1163.800000000 24.6876 46.7556 0 0 0 0.999973 0.00735814
1163.900000000 24.6676 46.7565 0 0 0 0.999959 0.00910336
1164.000000000 24.6476 46.7576 0 0 0 0.999941 0.0108486
1164.100000000 24.6276 46.7587 0 0 0 0.999921 0.0125937
1164.200000000 24.6076 46.7598 0 0 0 0.999902 0.0140168
1164.300000000 24.5893 46.7608 0 0 0 0.999883 0.0153213
1164.400000000 24.5694 46.762 0 0 0 0.99986 0.0167443
1164.500000000 24.5494 46.7633 0 0 0 0.999835 0.0181673
1164.600000000 24.5294 46.7646 0 0 0 0.999808 0.0195902
1164.700000000 24.5028 46.7664 0 0 0 0.999769 0.0214875
1164.800000000 24.4762 46.7683 0 0 0 0.999727 0.0233846
1164.900000000 24.4496 46.7703 0 0 0 0.99968 0.0252816
1165.000000000 24.4247 46.7722 0 0 0 0.999634 0.02706
1165.100000000 24.3997 46.7743 0 0 0 0.999584 0.0288384
1165.200000000 24.3748 46.7765 0 0 0 0.999531 0.0306166
1165.300000000 24.3483 46.7789 0 0 0 0.999471 0.0325133
1165.400000000 24.2736 46.7862 0 0 0 0.999249 0.0387388
1165.500000000 24.199 46.7945 0 0 0 0.998989 0.0449628
1165.600000000 24.1246 46.8037 0 0 0 0.998689 0.051185
1165.700000000 24.0502 46.8139 0 0 0 0.998351 0.0574053
1165.800000000 23.976 46.8249 0 0 0 0.997974 0.0636233
1165.900000000 23.902 46.8369 0 0 0 0.997558 0.0698389
1166.000000000 23.8281 46.8498 0 0 0 0.997104 0.0760518
1166.100000000 23.7543 46.8637 0 0 0 0.996611 0.0822617
1166.200000000 23.7049 46.8714 0 0 0 0.996707 0.0810867
1166.300000000 23.6802 46.8751 0 0 0 0.996771 0.0803028
1166.400000000 23.6439 46.8806 0 0 0 0.996862 0.079153
1166.500000000 23.6093 46.8856 0 0 0 0.996949 0.0780554
1166.600000000 23.5763 46.8904 0 0 0 0.99703 0.07701
1166.700000000 23.5433 46.8951 0 0 0 0.997111 0.0759645
1166.800000000 23.512 46.8995 0 0 0 0.997186 0.0749712
1166.900000000 23.4822 46.9036 0 0 0 0.997256 0.0740301
1167.000000000 23.4525 46.9077 0 0 0 0.997325 0.0730889
1167.100000000 23.4244 46.9115 0 0 0 0.99739 0.0722
1167.200000000 23.3963 46.9152 0 0 0 0.997454 0.071311
1167.300000000 23.3699 46.9187 0 0 0 0.997514 0.0704742
1167.400000000 23.3434 46.9221 0 0 0 0.997572 0.0696374
1167.500000000 23.317 46.9255 0 0 0 0.99763 0.0688006
1167.600000000 23.2905 46.9288 0 0 0 0.997688 0.0679637
1167.700000000 23.2541 46.9333 0 0 0 0.997766 0.0668129
1167.800000000 23.2194 46.9375 0 0 0 0.997838 0.0657143
1167.900000000 23.1863 46.9415 0 0 0 0.997907 0.0646679
1168.000000000 23.1648 46.944 0 0 0 0.997951 0.0639878
1168.100000000 23.1333 46.9477 0 0 0 0.998014 0.0629936
1168.200000000 23.1035 46.9511 0 0 0 0.998058 0.0622877
1168.300000000 23.0836 46.9532 0 0 0 0.998126 0.0611857
1168.400000000 23.0654 46.955 0 0 0 0.998188 0.0601756
1168.500000000 23.0471 46.9568 0 0 0 0.998248 0.0591654
1168.600000000 23.0189 46.9596 0 0 0 0.99834 0.057604
1168.700000000 22.9924 46.962 0 0 0 0.998423 0.0561344
1168.800000000 22.9675 46.9643 0 0 0 0.9985 0.0547565
1168.900000000 22.9409 46.9666 0 0 0 0.998579 0.0532867
1169.000000000 22.916 46.9687 0 0 0 0.998652 0.0519086
1169.100000000 22.891 46.9708 0 0 0 0.998723 0.0505304
1169.200000000 22.8678 46.9726 0 0 0 0.998787 0.049244
1169.300000000 22.8412 46.9747 0 0 0 0.998858 0.0477737
1169.400000000 22.8163 46.9765 0 0 0 0.998923 0.0463952
1169.500000000 22.7913 46.9783 0 0 0 0.998986 0.0450166
1169.600000000 22.768 46.9799 0 0 0 0.999043 0.0437299
1169.700000000 22.7447 46.9814 0 0 0 0.999099 0.0424431
1169.800000000 22.7231 46.9827 0 0 0 0.999149 0.0412481
1169.900000000 22.7015 46.984 0 0 0 0.999198 0.0400531
1170.000000000 22.6815 46.9852 0 0 0 0.999241 0.0389499
1170.100000000 22.6615 46.9863 0 0 0 0.999284 0.0378467
1170.200000000 22.6432 46.9873 0 0 0 0.999321 0.0368354
1170.300000000 22.6232 46.9883 0 0 0 0.999361 0.0357321
1170.400000000 22.6033 46.9895 0 0 0 0.999384 0.0351034
1170.500000000 22.5833 46.9907 0 0 0 0.999406 0.0344746
1170.600000000 22.5633 46.9918 0 0 0 0.999427 0.0338458
1170.700000000 22.5434 46.9929 0 0 0 0.999448 0.0332171
1170.800000000 22.5234 46.994 0 0 0 0.999469 0.0325882
1170.900000000 22.5018 46.9951 0 0 0 0.999491 0.031907
1171.000000000 22.4818 46.9961 0 0 0 0.999511 0.0312782
1171.100000000 22.4601 46.9972 0 0 0 0.999532 0.0305969
1171.200000000 22.4402 46.9982 0 0 0 0.999551 0.0299681
1171.300000000 22.4202 46.9991 0 0 0 0.99957 0.0293392
1171.400000000 22.4019 47 0 0 0 0.999586 0.0287627
1171.500000000 22.3836 47.0008 0 0 0 0.999603 0.0281863
1171.600000000 22.3636 47.0017 0 0 0 0.99962 0.0275574
1171.700000000 22.3436 47.0025 0 0 0 0.999637 0.0269284
1171.800000000 22.3236 47.0034 0 0 0 0.999654 0.0262995
1171.900000000 22.3036 47.0042 0 0 0 0.999666 0.0258281
1172.000000000 22.2836 47.0051 0 0 0 0.999678 0.0253567
1172.100000000 22.2653 47.0058 0 0 0 0.999689 0.0249245
1172.200000000 22.2453 47.0066 0 0 0 0.999701 0.0244531
1172.300000000 22.2237 47.0076 0 0 0 0.999709 0.0241127
1172.400000000 22.2037 47.0084 0 0 0 0.999717 0.0237985
1172.500000000 22.1837 47.0092 0 0 0 0.999724 0.0234844
1172.600000000 22.1654 47.01 0 0 0 0.999731 0.0231964
1172.700000000 22.1454 47.0108 0 0 0 0.999738 0.0228822
1172.800000000 22.1254 47.0116 0 0 0 0.999745 0.022568
1172.900000000 22.1054 47.0123 0 0 0 0.999752 0.0222538
1173.000000000 22.0855 47.0131 0 0 0 0.999759 0.0219396
1173.100000000 22.0655 47.0139 0 0 0 0.999766 0.0216254
1173.200000000 22.0405 47.0148 0 0 0 0.999775 0.0212327
1173.300000000 22.0155 47.0157 0 0 0 0.999783 0.02084
1173.400000000 21.9905 47.0166 0 0 0 0.999791 0.0204472
1173.500000000 21.9655 47.0174 0 0 0 0.999799 0.0200545
1173.600000000 21.9406 47.0183 0 0 0 0.999807 0.0196617
1173.700000000 21.9172 47.019 0 0 0 0.999814 0.0192952
1173.800000000 21.8922 47.0199 0 0 0 0.999821 0.0189024
1173.900000000 21.8673 47.0206 0 0 0 0.999829 0.0185096
1174.000000000 21.8423 47.0214 0 0 0 0.999836 0.0181169
1174.100000000 21.8173 47.0222 0 0 0 0.999843 0.0177241
1174.200000000 21.7923 47.023 0 0 0 0.999846 0.0175278
1174.300000000 21.769 47.0237 0 0 0 0.99985 0.0173445
1174.400000000 21.7456 47.0244 0 0 0 0.999853 0.0171613
1174.500000000 21.724 47.0251 0 0 0 0.999856 0.0169911
1174.600000000 21.7023 47.0258 0 0 0 0.999859 0.016821
1174.700000000 21.6823 47.0264 0 0 0 0.999861 0.0166639
1174.800000000 21.6624 47.027 0 0 0 0.999864 0.0165068
1174.900000000 21.644 47.0276 0 0 0 0.999866 0.0163628
1175.000000000 21.624 47.0281 0 0 0 0.999869 0.0162058
1175.100000000 21.6024 47.0288 0 0 0 0.999871 0.0160356
1175.200000000 21.5824 47.0294 0 0 0 0.999874 0.0158785
1175.300000000 21.5624 47.0299 0 0 0 0.999876 0.0157215
1175.400000000 21.5441 47.0304 0 0 0 0.999879 0.0155775
1175.500000000 21.5241 47.031 0 0 0 0.999881 0.0154204
1175.600000000 21.5041 47.0316 0 0 0 0.999884 0.0152633
1175.700000000 21.4858 47.0321 0 0 0 0.999886 0.0151193
1175.800000000 21.4658 47.0326 0 0 0 0.999888 0.0149623
1175.900000000 21.4458 47.0331 0 0 0 0.99989 0.0148052
1176.000000000 21.4258 47.0337 0 0 0 0.999893 0.0146481
1176.100000000 21.4058 47.0342 0 0 0 0.999895 0.014491
1176.200000000 21.3858 47.0347 0 0 0 0.999897 0.014334
1176.300000000 21.3658 47.0352 0 0 0 0.9999 0.0141769
1176.400000000 21.3458 47.0344 0 0 0 0.999942 0.0107534
1176.500000000 21.2901 47.0273 0 0 0 0.999949 -0.0101364
1176.600000000 21.238 47.0172 0 0 0 0.999469 -0.0325705
1176.700000000 21.1871 47.0048 0 0 0 0.998466 -0.0553721
1176.800000000 21.1369 46.99 0 0 0 0.996942 -0.0781449
1176.900000000 21.0874 46.9729 0 0 0 0.994899 -0.100877
1177.000000000 21.0387 46.9536 0 0 0 0.992338 -0.123557
1177.100000000 20.9909 46.9322 0 0 0 0.989259 -0.146172
1177.200000000 20.9442 46.9085 0 0 0 0.985666 -0.168711
1177.300000000 20.8986 46.8827 0 0 0 0.981559 -0.191162
1177.400000000 20.8542 46.8549 0 0 0 0.97694 -0.213513
1177.500000000 20.8111 46.8251 0 0 0 0.971813 -0.235754
1177.600000000 20.7695 46.7934 0 0 0 0.966179 -0.257871
1177.700000000 20.7293 46.7598 0 0 0 0.960042 -0.279855
1177.800000000 20.6907 46.7244 0 0 0 0.953405 -0.301692
1177.900000000 20.6538 46.6872 0 0 0 0.946272 -0.323372
1178.000000000 20.6186 46.6485 0 0 0 0.938645 -0.344884
1178.100000000 20.5852 46.6081 0 0 0 0.93053 -0.366216
1178.200000000 20.5537 46.5663 0 0 0 0.92193 -0.387358
1178.300000000 20.5092 46.5123 0 0 0 0.915975 -0.401236
1178.400000000 20.4633 46.4547 0 0 0 0.910584 -0.413324
1178.500000000 20.4189 46.3959 0 0 0 0.905034 -0.42534
1178.600000000 20.3761 46.336 0 0 0 0.899325 -0.437281
1178.700000000 20.3349 46.2749 0 0 0 0.893458 -0.449146
1178.800000000 20.2954 46.2128 0 0 0 0.887436 -0.460932
1178.900000000 20.2574 46.1497 0 0 0 0.881257 -0.472637
1179.000000000 20.2212 46.0856 0 0 0 0.874924 -0.48426
1179.100000000 20.1867 46.0205 0 0 0 0.868438 -0.495797
1179.200000000 20.1539 45.9545 0 0 0 -0.8618 0.507248
1179.300000000 20.1229 45.8878 0 0 0 -0.855011 0.51861
1179.400000000 20.0936 45.8202 0 0 0 -0.848072 0.529881
1179.500000000 20.0662 45.7518 0 0 0 -0.840984 0.541059
1179.600000000 20.0406 45.6828 0 0 0 -0.83375 0.552143
1179.700000000 20.0168 45.6131 0 0 0 -0.826369 0.563129
1179.800000000 19.9948 45.5428 0 0 0 -0.818843 0.574018
1179.900000000 19.9747 45.4719 0 0 0 -0.811174 0.584805
1180.000000000 19.9566 45.4007 0 0 0 -0.803383 0.595462
1180.100000000 19.9411 45.3324 0 0 0 -0.795817 0.605538
1180.200000000 19.9217 45.2599 0 0 0 -0.794893 0.606749
1180.300000000 19.9005 45.1972 0 0 0 -0.800686 0.599084
1180.400000000 19.8793 45.1469 0 0 0 -0.809876 0.586601
1180.500000000 19.8566 45.098 0 0 0 -0.819077 0.573683
1180.600000000 19.8323 45.0498 0 0 0 -0.828072 0.560621
1180.700000000 19.8065 45.0025 0 0 0 -0.836859 0.547418
1180.800000000 19.7793 44.956 0 0 0 -0.845436 0.534077
1180.900000000 19.7505 44.9103 0 0 0 -0.853799 0.520602
1181.000000000 19.7204 44.8657 0 0 0 -0.861948 0.506996
1181.100000000 19.6888 44.822 0 0 0 0.869881 -0.493262
1181.200000000 19.6559 44.7793 0 0 0 0.877594 -0.479405
1181.300000000 19.6216 44.7376 0 0 0 0.885087 -0.465426
1181.400000000 19.5861 44.6971 0 0 0 0.892357 -0.451331
1181.500000000 19.5492 44.6578 0 0 0 0.899402 -0.437122
1181.600000000 19.5112 44.6196 0 0 0 0.906222 -0.422803
1181.700000000 19.4719 44.5826 0 0 0 0.912813 -0.408378
1181.800000000 19.4315 44.547 0 0 0 0.919175 -0.39385
1181.900000000 19.39 44.5126 0 0 0 0.925305 -0.379223
1182.000000000 19.3474 44.4795 0 0 0 0.931203 -0.364501
1182.100000000 19.2927 44.4374 0 0 0 0.936759 -0.349974
1182.200000000 19.2361 44.3962 0 0 0 0.941938 -0.335788
1182.300000000 19.1805 44.3569 0 0 0 0.94578 -0.324809
1182.400000000 19.1241 44.3189 0 0 0 0.949494 -0.313786
1182.500000000 19.0668 44.2821 0 0 0 0.95308 -0.30272
1182.600000000 19.0087 44.2468 0 0 0 0.956536 -0.291614
1182.700000000 18.9497 44.2127 0 0 0 0.959864 -0.280468
1182.800000000 18.89 44.1801 0 0 0 0.963061 -0.269284
1182.900000000 18.8296 44.1489 0 0 0 0.966128 -0.258063
1183.000000000 18.7684 44.119 0 0 0 0.969064 -0.246808
1183.100000000 18.7065 44.0907 0 0 0 0.97187 -0.235519
1183.200000000 18.644 44.0637 0 0 0 0.974543 -0.224199
1183.300000000 18.5809 44.0382 0 0 0 0.977085 -0.212848
1183.400000000 18.5173 44.0142 0 0 0 0.979495 -0.201468
1183.500000000 18.453 43.9917 0 0 0 0.981772 -0.190061
1183.600000000 18.3883 43.9707 0 0 0 0.983917 -0.178629
1183.700000000 18.3231 43.9512 0 0 0 0.985928 -0.167172
1183.800000000 18.2575 43.9332 0 0 0 0.987806 -0.155692
1183.900000000 18.1915 43.9167 0 0 0 0.98955 -0.144192
1184.000000000 18.1263 43.9021 0 0 0 0.991131 -0.132889
1184.100000000 18.0625 43.8893 0 0 0 0.992548 -0.121853
1184.200000000 18.0017 43.8785 0 0 0 0.993779 -0.111368
1184.300000000 17.9423 43.8692 0 0 0 0.994871 -0.101155
1184.400000000 17.8756 43.8557 0 0 0 0.994925 -0.100623
1184.500000000 17.8244 43.8419 0 0 0 0.994073 -0.108712
1184.600000000 17.7914 43.8296 0 0 0 0.992661 -0.12093
1184.700000000 17.7574 43.8145 0 0 0 0.990572 -0.136992
1184.800000000 17.7244 43.7984 0 0 0 0.988182 -0.153288
1184.900000000 17.692 43.7811 0 0 0 0.985523 -0.169542
1185.000000000 17.6602 43.7629 0 0 0 0.982597 -0.18575
1185.100000000 17.629 43.7436 0 0 0 0.979404 -0.201908
1185.200000000 17.5985 43.7232 0 0 0 0.975946 -0.218011
1185.300000000 17.5686 43.7019 0 0 0 0.972223 -0.234055
1185.400000000 17.5395 43.6796 0 0 0 0.968237 -0.250036
1185.500000000 17.5111 43.6564 0 0 0 0.963987 -0.265948
1185.600000000 17.4835 43.6322 0 0 0 0.959477 -0.281789
1185.700000000 17.4567 43.6072 0 0 0 0.954705 -0.297553
1185.800000000 17.4307 43.5812 0 0 0 0.949675 -0.313236
1185.900000000 17.4056 43.5545 0 0 0 0.944388 -0.328834
1186.000000000 17.3814 43.5269 0 0 0 0.938844 -0.344343
1186.100000000 17.3581 43.4985 0 0 0 0.933045 -0.359759
1186.200000000 17.3151 43.4518 0 0 0 0.927806 -0.373062
1186.300000000 17.2727 43.4093 0 0 0 0.926566 -0.376133
1186.400000000 17.2392 43.3793 0 0 0 0.928308 -0.371812
1186.500000000 17.2158 43.3603 0 0 0 0.9305 -0.366292
1186.600000000 17.1922 43.3417 0 0 0 0.932758 -0.360504
1186.700000000 17.1697 43.3244 0 0 0 0.934857 -0.355024
1186.800000000 17.1456 43.3064 0 0 0 0.937045 -0.349209
1186.900000000 17.124 43.2906 0 0 0 0.938959 -0.344028
1187.000000000 17.1036 43.276 0 0 0 0.940728 -0.339162
1187.100000000 17.083 43.2617 0 0 0 0.942471 -0.334287
1187.200000000 17.0637 43.2485 0 0 0 0.944076 -0.329729
1187.300000000 17.0428 43.2345 0 0 0 0.94577 -0.324836
1187.400000000 17.0232 43.2217 0 0 0 0.947329 -0.320262
1187.500000000 17.0035 43.2091 0 0 0 0.948866 -0.31568
1187.600000000 16.9851 43.1976 0 0 0 0.950273 -0.311419
1187.700000000 16.9666 43.1862 0 0 0 0.951661 -0.307152
1187.800000000 16.948 43.175 0 0 0 0.953029 -0.302878
1187.900000000 16.948 43.175 0 0 0 0.953029 -0.302878
1188.000000000 16.948 43.175 0 0 0 0.953029 -0.302878
1188.100000000 16.948 43.175 0 0 0 0.953029 -0.302878
1188.200000000 16.948 43.175 0 0 0 0.953029 -0.302878
1188.300000000 16.948 43.175 0 0 0 0.953029 -0.302878
1188.400000000 16.948 43.175 0 0 0 0.953029 -0.302878
1188.500000000 16.948 43.175 0 0 0 0.953029 -0.302878
1188.600000000 16.948 43.175 0 0 0 0.953029 -0.302878
1188.700000000 16.948 43.175 0 0 0 0.953029 -0.302878
1188.800000000 16.948 43.175 0 0 0 0.953029 -0.302878
1188.900000000 16.948 43.175 0 0 0 0.953029 -0.302878
1189.000000000 16.948 43.175 0 0 0 0.953029 -0.302878
1189.100000000 16.948 43.175 0 0 0 0.953029 -0.302878
1189.200000000 16.948 43.175 0 0 0 0.953029 -0.302878
1189.300000000 16.948 43.175 0 0 0 0.953029 -0.302878
1189.400000000 16.948 43.175 0 0 0 0.953029 -0.302878
1189.500000000 16.948 43.175 0 0 0 0.953029 -0.302878
1189.600000000 16.948 43.175 0 0 0 0.953029 -0.302878
1189.700000000 16.948 43.175 0 0 0 0.953029 -0.302878
1189.800000000 16.948 43.175 0 0 0 0.953029 -0.302878
1189.900000000 16.948 43.175 0 0 0 0.953029 -0.302878
1190.000000000 16.948 43.175 0 0 0 0.953029 -0.302878
1190.100000000 16.948 43.175 0 0 0 0.953029 -0.302878
1190.200000000 16.948 43.175 0 0 0 0.953029 -0.302878
1190.300000000 16.948 43.175 0 0 0 0.953029 -0.302878
1190.400000000 16.948 43.175 0 0 0 0.953029 -0.302878
1190.500000000 16.948 43.175 0 0 0 0.953029 -0.302878
1190.600000000 16.948 43.175 0 0 0 0.953029 -0.302878
1190.700000000 16.948 43.175 0 0 0 0.953029 -0.302878
1190.800000000 16.948 43.175 0 0 0 0.953029 -0.302878
1190.900000000 16.948 43.175 0 0 0 0.953029 -0.302878
1191.000000000 16.948 43.175 0 0 0 0.953029 -0.302878
1191.100000000 16.948 43.175 0 0 0 0.953029 -0.302878
1191.200000000 16.948 43.175 0 0 0 0.953029 -0.302878
1191.300000000 16.948 43.175 0 0 0 0.953029 -0.302878
1191.400000000 16.948 43.175 0 0 0 0.953029 -0.302878
1191.500000000 16.948 43.175 0 0 0 0.953029 -0.302878
1191.600000000 16.948 43.175 0 0 0 0.953029 -0.302878
1191.700000000 16.948 43.175 0 0 0 0.953029 -0.302878
1191.800000000 16.948 43.175 0 0 0 0.953029 -0.302878
1191.900000000 16.948 43.175 0 0 0 0.953029 -0.302878
1192.000000000 16.948 43.175 0 0 0 0.953029 -0.302878
1192.100000000 16.948 43.175 0 0 0 0.953029 -0.302878
1192.200000000 16.948 43.175 0 0 0 0.953029 -0.302878
1192.300000000 16.948 43.175 0 0 0 0.953029 -0.302878
1192.400000000 16.948 43.175 0 0 0 0.953029 -0.302878
1192.500000000 16.948 43.175 0 0 0 0.953029 -0.302878
1192.600000000 16.948 43.175 0 0 0 0.953029 -0.302878
1192.700000000 16.948 43.175 0 0 0 0.953029 -0.302878
1192.800000000 16.948 43.175 0 0 0 0.953029 -0.302878
1192.900000000 16.948 43.175 0 0 0 0.953029 -0.302878
1193.000000000 16.948 43.175 0 0 0 0.953029 -0.302878
1193.100000000 16.948 43.175 0 0 0 0.953029 -0.302878
1193.200000000 16.948 43.175 0 0 0 0.953029 -0.302878
1193.300000000 16.948 43.175 0 0 0 0.953029 -0.302878
1193.400000000 16.948 43.175 0 0 0 0.953029 -0.302878
1193.500000000 16.948 43.175 0 0 0 0.953029 -0.302878
1193.600000000 16.948 43.175 0 0 0 0.953029 -0.302878
1193.700000000 16.948 43.175 0 0 0 0.953029 -0.302878
1193.800000000 16.948 43.175 0 0 0 0.953029 -0.302878
1193.900000000 16.948 43.175 0 0 0 0.953029 -0.302878
1194.000000000 16.948 43.175 0 0 0 0.953029 -0.302878
1194.100000000 16.948 43.175 0 0 0 0.953029 -0.302878
1194.200000000 16.948 43.175 0 0 0 0.953029 -0.302878
1194.300000000 16.948 43.175 0 0 0 0.953029 -0.302878
1194.400000000 16.948 43.175 0 0 0 0.953029 -0.302878
1194.500000000 16.948 43.175 0 0 0 0.953029 -0.302878
1194.600000000 16.948 43.175 0 0 0 0.953029 -0.302878
1194.700000000 16.948 43.175 0 0 0 0.953029 -0.302878
1194.800000000 16.948 43.175 0 0 0 0.953029 -0.302878
1194.900000000 16.948 43.175 0 0 0 0.953029 -0.302878
1195.000000000 16.948 43.175 0 0 0 0.953029 -0.302878
1195.100000000 16.948 43.175 0 0 0 0.953029 -0.302878
1195.200000000 16.948 43.175 0 0 0 0.953029 -0.302878
1195.300000000 16.948 43.175 0 0 0 0.953029 -0.302878
1195.400000000 16.948 43.175 0 0 0 0.953029 -0.302878
1195.500000000 16.948 43.175 0 0 0 0.953029 -0.302878
1195.600000000 16.948 43.175 0 0 0 0.953029 -0.302878
1195.700000000 16.948 43.175 0 0 0 0.953029 -0.302878
1195.800000000 16.948 43.175 0 0 0 0.953029 -0.302878
1195.900000000 16.948 43.175 0 0 0 0.953029 -0.302878
1196.000000000 16.948 43.175 0 0 0 0.953029 -0.302878
1196.100000000 16.948 43.175 0 0 0 0.953029 -0.302878
1196.200000000 16.948 43.175 0 0 0 0.953029 -0.302878
1196.300000000 16.948 43.175 0 0 0 0.953029 -0.302878
1196.400000000 16.948 43.175 0 0 0 0.953029 -0.302878
1196.500000000 16.948 43.175 0 0 0 0.953029 -0.302878
1196.600000000 16.948 43.175 0 0 0 0.953029 -0.302878
1196.700000000 16.948 43.175 0 0 0 0.953029 -0.302878
1196.800000000 16.948 43.175 0 0 0 0.953029 -0.302878
1196.900000000 16.948 43.175 0 0 0 0.953029 -0.302878
1197.000000000 16.948 43.175 0 0 0 0.953029 -0.302878
1197.100000000 16.948 43.175 0 0 0 0.953029 -0.302878
1197.200000000 16.948 43.175 0 0 0 0.953029 -0.302878
1197.300000000 16.948 43.175 0 0 0 0.953029 -0.302878
1197.400000000 16.948 43.175 0 0 0 0.953029 -0.302878
1197.500000000 16.948 43.175 0 0 0 0.953029 -0.302878
1197.600000000 16.948 43.175 0 0 0 0.953029 -0.302878
1197.700000000 16.948 43.175 0 0 0 0.953029 -0.302878
1197.800000000 16.948 43.175 0 0 0 0.953029 -0.302878
1197.900000000 16.948 43.175 0 0 0 0.953029 -0.302878
1198.000000000 16.948 43.175 0 0 0 0.953029 -0.302878
1198.100000000 16.948 43.175 0 0 0 0.953029 -0.302878
1198.200000000 16.948 43.175 0 0 0 0.953029 -0.302878
1198.300000000 16.948 43.175 0 0 0 0.953029 -0.302878
1198.400000000 16.948 43.175 0 0 0 0.953029 -0.302878
1198.500000000 16.948 43.175 0 0 0 0.953029 -0.302878
