0.200000000 0.2 0 0 0 0 0 1
0.300000000 0.2 0 0 0 0 0 1
0.400000000 0.2 0 0 0 0 0 1
0.500000000 0.2 0 0 0 0 0 1
0.600000000 0.2 0 0 0 0 0 1
0.700000000 0.2 0 0 0 0 0 1
0.800000000 0.2 0 0 0 0 0 1
0.900000000 0.2 0 0 0 0 0 1
1.000000000 0.2 0 0 0 0 0 1
1.100000000 0.2 0 0 0 0 0 1
1.200000000 0.2 0 0 0 0 0 1
1.300000000 0.2 0 0 0 0 0 1
1.400000000 0.2 0 0 0 0 0 1
1.500000000 0.2 0 0 0 0 0 1
1.600000000 0.2 0 0 0 0 0 1
1.700000000 0.2 0 0 0 0 0 1
1.800000000 0.2 0 0 0 0 0 1
1.900000000 0.2 0 0 0 0 0 1
2.000000000 0.2 0 0 0 0 0 1
2.100000000 0.2 0 0 0 0 0 1
2.200000000 0.2 0 0 0 0 0 1
2.300000000 0.2 0 0 0 0 0 1
2.400000000 0.2 0 0 0 0 0 1
2.500000000 0.2 0 0 0 0 0 1
2.600000000 0.2 0 0 0 0 0 1
2.700000000 0.2 0 0 0 0 0 1
2.800000000 0.2 0 0 0 0 0 1
2.900000000 0.2 0 0 0 0 0 1
3.000000000 0.2 0 0 0 0 0 1
3.100000000 0.2 0 0 0 0 0 1
3.200000000 0.2 0 0 0 0 0 1
3.300000000 0.2 0 0 0 0 0 1
3.400000000 0.2 0 0 0 0 0 1
3.500000000 0.2 0 0 0 0 0 1
3.600000000 0.2 0 0 0 0 0 1
3.700000000 0.2 0 0 0 0 0 1
3.800000000 0.2 0 0 0 0 0 1
3.900000000 0.2 0 0 0 0 0 1
4.000000000 0.2 0 0 0 0 0 1
4.100000000 0.2 0 0 0 0 0 1
4.200000000 0.2 0 0 0 0 0 1
4.300000000 0.2 0 0 0 0 0 1
4.400000000 0.2 0 0 0 0 0 1
4.500000000 0.2 0 0 0 0 0 1
4.600000000 0.22 -4.73042e-18 0 0 0 -1.18261e-17 1
4.700000000 0.24 -9.46084e-18 0 0 0 -2.36521e-17 1
4.800000000 0.26 -1.41913e-17 0 0 0 -3.54782e-17 1
4.900000000 0.28 -1.89217e-17 0 0 0 -4.73042e-17 1
5.000000000 0.3 -2.36521e-17 0 0 0 -5.91303e-17 1
5.100000000 0.32 -2.83825e-17 0 0 0 -7.09563e-17 1
5.200000000 0.34 -3.3113e-17 0 0 0 -8.27824e-17 1
5.300000000 0.361667 -3.82376e-17 0 0 0 -9.55939e-17 1
5.400000000 0.381667 -4.2968e-17 0 0 0 -1.0742e-16 1
5.500000000 0.401667 -4.76984e-17 0 0 0 -1.19246e-16 1
5.600000000 0.421667 -5.24288e-17 0 0 0 -1.31072e-16 1
5.700000000 0.441667 -5.71593e-17 0 0 0 -1.42898e-16 1
5.800000000 0.46 -6.14955e-17 0 0 0 -1.53739e-16 1
5.900000000 0.48 -6.62259e-17 0 0 0 -1.65565e-16 1
6.000000000 0.5 -7.09563e-17 0 0 0 -1.77391e-16 1
6.100000000 0.518333 -7.52925e-17 0 0 0 -1.88231e-16 1
6.200000000 0.541667 -8.08114e-17 0 0 0 -2.02028e-16 1
6.300000000 0.563333 -8.5936e-17 0 0 0 -2.1484e-16 1
6.400000000 0.585 -9.10606e-17 0 0 0 -2.27652e-16 1
6.500000000 0.606667 -9.61852e-17 0 0 0 -2.40463e-16 1
6.600000000 0.628333 -1.0131e-16 0 0 0 -2.53275e-16 1
6.700000000 0.651667 -1.06829e-16 0 0 0 -2.67072e-16 1
6.800000000 0.673333 -1.11953e-16 0 0 0 -2.79883e-16 1
6.900000000 0.696667 -1.17472e-16 0 0 0 -2.9368e-16 1
7.000000000 0.718333 -1.22597e-16 0 0 0 -3.06492e-16 1
7.100000000 0.74 -1.27721e-16 0 0 0 -3.19303e-16 1
7.200000000 0.76 -1.32452e-16 0 0 0 -3.3113e-16 1
7.300000000 0.78 -1.37182e-16 0 0 0 -3.42956e-16 1
7.400000000 0.798333 -1.41518e-16 0 0 0 -3.53796e-16 1
7.500000000 0.816667 -1.45855e-16 0 0 0 -3.64637e-16 1
7.600000000 0.836667 -1.50585e-16 0 0 0 -3.76463e-16 1
7.700000000 0.855 -1.54921e-16 0 0 0 -3.87303e-16 1
7.800000000 0.875 -1.59652e-16 0 0 0 -3.99129e-16 1
7.900000000 0.893333 -1.63988e-16 0 0 0 -4.0997e-16 1
8.000000000 0.913333 -1.68718e-16 0 0 0 -4.21796e-16 1
8.100000000 0.933333 -1.73449e-16 0 0 0 -4.33622e-16 1
8.200000000 0.953333 -1.78179e-16 0 0 0 -4.45448e-16 1
8.300000000 0.973333 -1.8291e-16 0 0 0 -4.57274e-16 1
8.400000000 0.993333 -1.8764e-16 0 0 0 -4.691e-16 1
8.500000000 1.01333 -1.9237e-16 0 0 0 -4.80926e-16 1
8.600000000 1.03167 -1.96707e-16 0 0 0 -4.91767e-16 1
8.700000000 1.03067 -0.0199667 0 0 0 -0.0499792 0.99875
8.800000000 1.02768 -0.0397339 0 0 0 -0.0998334 0.995004
8.900000000 1.02273 -0.059104 0 0 0 -0.149438 0.988771
9.000000000 1.01588 -0.0778837 0 0 0 -0.198669 0.980067
9.100000000 1.00718 -0.0958851 0 0 0 -0.247404 0.968912
9.200000000 0.996734 -0.112928 0 0 0 -0.29552 0.955336
9.300000000 0.984635 -0.128844 0 0 0 -0.342898 0.939373
9.400000000 0.971008 -0.143471 0 0 0 -0.389418 0.921061
9.500000000 0.955989 -0.156665 0 0 0 -0.434966 0.900447
9.600000000 0.939727 -0.168294 0 0 0 -0.479426 0.877583
9.700000000 0.922386 -0.178241 0 0 0 -0.522687 0.852525
9.800000000 0.904138 -0.186408 0 0 0 -0.564642 0.825336
9.900000000 0.885166 -0.192712 0 0 0 -0.605186 0.796084
10.000000000 0.86566 -0.19709 0 0 0 -0.644218 0.764842
10.100000000 0.845814 -0.199499 0 0 0 -0.681639 0.731689
10.200000000 0.825827 -0.199915 0 0 0 -0.717356 0.696707
10.300000000 0.805898 -0.198333 0 0 0 -0.75128 0.659983
10.400000000 0.786226 -0.19477 0 0 0 -0.783327 0.62161
10.500000000 0.767009 -0.18926 0 0 0 -0.813416 0.581683
10.600000000 0.748437 -0.181859 0 0 0 -0.841471 0.540302
10.700000000 0.730697 -0.172642 0 0 0 0.867423 -0.497571
10.800000000 0.713966 -0.161699 0 0 0 0.891207 -0.453596
10.900000000 0.698411 -0.149141 0 0 0 0.912764 -0.408487
11.000000000 0.684188 -0.135093 0 0 0 0.932039 -0.362358
11.100000000 0.671438 -0.119694 0 0 0 0.948985 -0.315322
11.200000000 0.660289 -0.1031 0 0 0 0.963558 -0.267499
11.300000000 0.650852 -0.085476 0 0 0 0.975723 -0.219007
11.400000000 0.643222 -0.0669976 0 0 0 0.98545 -0.169967
11.500000000 0.637475 -0.0478499 0 0 0 0.992713 -0.120503
11.600000000 0.633668 -0.028224 0 0 0 0.997495 -0.0707372
11.700000000 0.63184 -0.00831613 0 0 0 0.999784 -0.0207948
11.800000000 0.632008 0.0116748 0 0 0 0.999574 0.0291995
11.900000000 0.634171 0.0315491 0 0 0 0.996865 0.0791209
12.000000000 0.638307 0.0511082 0 0 0 0.991665 0.128844
12.100000000 0.644375 0.0701566 0 0 0 0.983986 0.178246
12.200000000 0.652315 0.0885041 0 0 0 0.973848 0.227202
12.300000000 0.662047 0.105967 0 0 0 0.961275 0.27559
12.400000000 0.673473 0.122372 0 0 0 0.9463 0.32329
12.500000000 0.68648 0.137553 0 0 0 0.92896 0.370181
12.600000000 0.700938 0.15136 0 0 0 0.909297 0.416147
12.700000000 0.716702 0.163655 0 0 0 0.887362 0.461073
12.800000000 0.733615 0.174315 0 0 0 0.863209 0.504846
12.900000000 0.751507 0.183233 0 0 0 0.836899 0.547358
13.000000000 0.7702 0.19032 0 0 0 0.808496 0.588501
13.100000000 0.789508 0.195506 0 0 0 0.778073 0.628174
13.200000000 0.809236 0.198738 0 0 0 0.745705 0.666276
13.300000000 0.829189 0.199985 0 0 0 0.711473 0.702713
13.400000000 0.849166 0.199233 0 0 0 0.675463 0.737394
13.500000000 0.868969 0.196491 0 0 0 0.637765 0.770231
13.600000000 0.888399 0.191785 0 0 0 0.598472 0.801144
13.700000000 0.907262 0.185163 0 0 0 0.557684 0.830054
13.800000000 0.92537 0.176691 0 0 0 0.515501 0.856889
13.900000000 0.942542 0.166453 0 0 0 0.472031 0.881582
14.000000000 0.958605 0.154553 0 0 0 0.42738 0.904072
14.100000000 0.973401 0.141108 0 0 0 0.381661 0.924302
14.200000000 0.98678 0.126253 0 0 0 0.334988 0.942222
14.300000000 0.998609 0.110137 0 0 0 0.287478 0.957787
14.400000000 1.00877 0.0929204 0 0 0 0.239249 0.970958
14.500000000 1.01716 0.0747753 0 0 0 0.190423 0.981702
14.600000000 1.0237 0.0558831 0 0 0 0.14112 0.989992
14.700000000 1.02832 0.0364325 0 0 0 0.0914646 0.995808
14.800000000 1.03098 0.0166179 0 0 0 0.0415807 0.999135
14.900000000 1.03164 -0.00336278 0 0 0 -0.00840725 0.999965
15.000000000 1.0303 -0.0233098 0 0 0 -0.0583741 0.998295
15.100000000 1.02698 -0.043024 0 0 0 -0.108195 0.99413
15.200000000 1.02171 -0.0623083 0 0 0 -0.157746 0.98748
15.300000000 1.01454 -0.08097 0 0 0 -0.206902 0.978362
15.400000000 1.00555 -0.0988227 0 0 0 -0.255541 0.966798
15.500000000 0.994812 -0.115688 0 0 0 -0.303542 0.952818
15.600000000 0.994812 -0.115688 0 0 0 -0.303542 0.952818
15.700000000 0.994812 -0.115688 0 0 0 -0.303542 0.952818
15.800000000 0.994812 -0.115688 0 0 0 -0.303542 0.952818
15.900000000 0.994812 -0.115688 0 0 0 -0.303542 0.952818
16.000000000 0.994812 -0.115688 0 0 0 -0.303542 0.952818
16.100000000 0.994812 -0.115688 0 0 0 -0.303542 0.952818
16.200000000 0.994812 -0.115688 0 0 0 -0.303542 0.952818
16.300000000 0.994812 -0.115688 0 0 0 -0.303542 0.952818
16.400000000 0.994812 -0.115688 0 0 0 -0.303542 0.952818
16.500000000 0.994812 -0.115688 0 0 0 -0.303542 0.952818
16.600000000 0.994812 -0.115688 0 0 0 -0.303542 0.952818
16.700000000 0.994812 -0.115688 0 0 0 -0.303542 0.952818
16.800000000 0.994812 -0.115688 0 0 0 -0.303542 0.952818
16.900000000 0.994812 -0.115688 0 0 0 -0.303542 0.952818
17.000000000 0.994812 -0.115688 0 0 0 -0.303542 0.952818
17.100000000 0.994812 -0.115688 0 0 0 -0.303542 0.952818
17.200000000 0.994812 -0.115688 0 0 0 -0.303542 0.952818
17.300000000 0.994812 -0.115688 0 0 0 -0.303542 0.952818
17.400000000 0.994812 -0.115688 0 0 0 -0.303542 0.952818
17.500000000 0.994812 -0.115688 0 0 0 -0.303542 0.952818
17.600000000 0.994812 -0.115688 0 0 0 -0.303542 0.952818
17.700000000 0.994812 -0.115688 0 0 0 -0.303542 0.952818
17.800000000 0.994812 -0.115688 0 0 0 -0.303542 0.952818
17.900000000 0.994812 -0.115688 0 0 0 -0.303542 0.952818
18.000000000 1.05878 -0.155036 0 0 0 -0.291836 0.956468
18.100000000 1.11025 -0.179746 0 0 0 -0.272086 0.962273
18.200000000 1.15187 -0.191743 0 0 0 -0.244109 0.969748
18.300000000 1.18011 -0.1898 0 0 0 -0.207347 0.978267
18.400000000 1.18989 -0.17296 0 0 0 -0.159699 0.987166
18.500000000 1.19524 -0.153696 0 0 0 -0.110162 0.993914
18.600000000 1.19864 -0.133996 0 0 0 -0.0603491 0.998177
18.700000000 1.20005 -0.114054 0 0 0 -0.0103856 0.999946
18.800000000 1.19947 -0.0940708 0 0 0 0.0396038 0.999215
18.900000000 1.19689 -0.0742458 0 0 0 0.0894943 0.995987
19.000000000 1.19235 -0.0547771 0 0 0 0.139161 0.99027
19.100000000 1.18589 -0.0358592 0 0 0 0.18848 0.982077
19.200000000 1.17757 -0.017681 0 0 0 0.237328 0.97143
19.300000000 1.16747 -0.000424253 0 0 0 0.285583 0.958354
19.400000000 1.15571 0.0157386 0 0 0 0.333123 0.942883
19.500000000 1.14239 0.0306462 0 0 0 0.379832 0.925056
19.600000000 1.12765 0.0441495 0 0 0 0.42559 0.904916
19.700000000 1.11163 0.0561135 0 0 0 0.470285 0.882514
19.800000000 1.0945 0.0664188 0 0 0 0.513805 0.857907
19.900000000 1.07642 0.0749624 0 0 0 0.55604 0.831155
20.000000000 1.05759 0.0816589 0 0 0 0.596886 0.802326
20.100000000 1.03818 0.0864415 0 0 0 0.63624 0.771492
20.200000000 1.01838 0.0892622 0 0 0 0.674003 0.738729
20.300000000 0.99841 0.090093 0 0 0 0.710082 0.704119
20.400000000 0.978453 0.0889255 0 0 0 0.744386 0.66775
20.500000000 0.958711 0.0857714 0 0 0 0.776829 0.629712
20.600000000 0.939383 0.0806622 0 0 0 0.80733 0.5901
20.700000000 0.917743 0.0989081 0 0 0 0.82902 0.559219
20.800000000 0.891372 0.133279 0 0 0 0.844865 0.53498
20.900000000 0.859076 0.181878 0 0 0 0.855933 0.517087
21.000000000 0.824053 0.231476 0 0 0 0.866014 0.500019
21.100000000 0.787092 0.279646 0 0 0 0.875755 0.482756
21.200000000 0.74825 0.326314 0 0 0 0.885152 0.465302
21.300000000 0.707589 0.371406 0 0 0 0.894201 0.447666
21.400000000 0.665173 0.41485 0 0 0 0.902899 0.429853
21.500000000 0.621068 0.45658 0 0 0 0.911242 0.411872
21.600000000 0.575344 0.496528 0 0 0 0.919227 0.393729
21.700000000 0.52052 0.54782 0 0 0 0.923402 0.383834
21.800000000 0.466589 0.599952 0 0 0 0.924796 0.380463
21.900000000 0.412471 0.651886 0 0 0 0.925918 0.377724
22.000000000 0.358047 0.703498 0 0 0 0.927032 0.374982
22.100000000 0.303318 0.754788 0 0 0 0.928138 0.372237
22.200000000 0.248286 0.805753 0 0 0 0.929235 0.369488
22.300000000 0.192954 0.856391 0 0 0 0.930325 0.366737
22.400000000 0.137323 0.906701 0 0 0 0.931406 0.363982
22.500000000 0.0813957 0.956681 0 0 0 0.932479 0.361224
22.600000000 0.0251732 1.00633 0 0 0 0.933544 0.358462
22.700000000 -0.030144 1.05698 0 0 0 0.932997 0.359884
22.800000000 -0.0851101 1.10801 0 0 0 0.932184 0.361984
22.900000000 -0.139846 1.15929 0 0 0 0.931367 0.364082
23.000000000 -0.19435 1.21081 0 0 0 0.930545 0.366178
23.100000000 -0.248622 1.26258 0 0 0 0.929718 0.368273
23.200000000 -0.30266 1.31459 0 0 0 0.928886 0.370365
23.300000000 -0.356463 1.36685 0 0 0 0.92805 0.372456
23.400000000 -0.409273 1.42013 0 0 0 0.926187 0.377065
23.500000000 -0.46155 1.47393 0 0 0 0.924301 0.381665
23.600000000 -0.51329 1.52825 0 0 0 0.922392 0.386255
23.700000000 -0.564304 1.58326 0 0 0 0.920211 0.391422
23.800000000 -0.614883 1.63866 0 0 0 0.918254 0.395991
23.900000000 -0.664722 1.69473 0 0 0 0.916019 0.401135
24.000000000 -0.713928 1.75136 0 0 0 0.913755 0.406265
24.100000000 -0.762688 1.80837 0 0 0 0.911724 0.410803
24.200000000 -0.810685 1.86603 0 0 0 0.909406 0.415909
24.300000000 -0.858227 1.92405 0 0 0 0.907327 0.420425
24.400000000 -0.90519 1.98255 0 0 0 0.905226 0.42493
24.500000000 -0.951372 2.04167 0 0 0 0.902829 0.43
24.600000000 -0.996887 2.10131 0 0 0 0.900403 0.435056
24.700000000 -1.04173 2.16145 0 0 0 0.897949 0.440099
24.800000000 -1.0861 2.22194 0 0 0 0.89575 0.444557
24.900000000 -1.12987 2.28287 0 0 0 0.893529 0.449005
25.000000000 -1.17302 2.34422 0 0 0 0.891286 0.453441
25.100000000 -1.21557 2.40601 0 0 0 0.889021 0.457866
25.200000000 -1.2575 2.46821 0 0 0 0.886734 0.46228
25.300000000 -1.29881 2.53083 0 0 0 0.884425 0.466683
25.400000000 -1.33949 2.59386 0 0 0 0.882094 0.471074
25.500000000 -1.37955 2.65729 0 0 0 0.879741 0.475453
25.600000000 -1.41919 2.72097 0 0 0 0.87768 0.479247
25.700000000 -1.45806 2.78513 0 0 0 0.875287 0.483604
25.800000000 -1.49629 2.84967 0 0 0 0.872872 0.48795
25.900000000 -1.53388 2.91459 0 0 0 0.870435 0.492283
26.000000000 -1.57104 2.97975 0 0 0 0.868301 0.496037
26.100000000 -1.60787 3.04509 0 0 0 0.866486 0.499201
26.200000000 -1.64423 3.1107 0 0 0 0.864659 0.502359
26.300000000 -1.6801 3.17658 0 0 0 0.862821 0.50551
26.400000000 -1.7155 3.24271 0 0 0 0.860971 0.508654
26.500000000 -1.75041 3.3091 0 0 0 0.85911 0.511791
26.600000000 -1.78483 3.37574 0 0 0 0.857237 0.514922
26.700000000 -1.81877 3.44264 0 0 0 0.855353 0.518046
26.800000000 -1.8513 3.51024 0 0 0 0.852109 0.523364
26.900000000 -1.88298 3.57825 0 0 0 0.848832 0.528662
27.000000000 -1.91382 3.64665 0 0 0 0.845523 0.533939
27.100000000 -1.9438 3.71542 0 0 0 0.84218 0.539196
27.200000000 -1.97292 3.78457 0 0 0 0.838805 0.544432
27.300000000 -2.00117 3.85407 0 0 0 0.835397 0.549647
27.400000000 -2.02856 3.92392 0 0 0 0.831957 0.55484
27.500000000 -2.05508 3.9941 0 0 0 0.828484 0.560012
27.600000000 -2.08072 4.06461 0 0 0 0.82498 0.565162
27.700000000 -2.10548 4.13543 0 0 0 0.821443 0.57029
27.800000000 -2.13198 4.20559 0 0 0 0.821884 0.569655
27.900000000 -2.1586 4.27571 0 0 0 0.822324 0.569019
28.000000000 -2.18532 4.34579 0 0 0 0.822764 0.568383
28.100000000 -2.21215 4.41583 0 0 0 0.823203 0.567747
28.200000000 -2.23909 4.48582 0 0 0 0.823642 0.56711
28.300000000 -2.26614 4.55578 0 0 0 0.82408 0.566473
28.400000000 -2.29329 4.62569 0 0 0 0.824518 0.565835
28.500000000 -2.32055 4.69556 0 0 0 0.824956 0.565198
28.600000000 -2.34792 4.76539 0 0 0 0.825392 0.564559
28.700000000 -2.3754 4.83517 0 0 0 0.825829 0.563921
28.800000000 -2.40327 4.9048 0 0 0 0.826687 0.562662
28.900000000 -2.43135 4.97435 0 0 0 0.827543 0.561402
29.000000000 -2.45964 5.04381 0 0 0 0.828397 0.560141
29.100000000 -2.48814 5.11319 0 0 0 0.82925 0.558878
29.200000000 -2.51685 5.18248 0 0 0 0.8301 0.557614
29.300000000 -2.54578 5.25168 0 0 0 0.830949 0.556349
29.400000000 -2.57491 5.32079 0 0 0 0.831795 0.555082
29.500000000 -2.60426 5.38981 0 0 0 0.83264 0.553815
29.600000000 -2.63381 5.45874 0 0 0 0.833483 0.552545
29.700000000 -2.66358 5.52758 0 0 0 0.834324 0.551275
29.800000000 -2.69025 5.59772 0 0 0 0.830205 0.557459
29.900000000 -2.71566 5.66833 0 0 0 0.825713 0.564091
30.000000000 -2.73993 5.73934 0 0 0 0.821168 0.570686
30.100000000 -2.76307 5.81073 0 0 0 0.816571 0.577246
30.200000000 -2.78506 5.88247 0 0 0 0.811921 0.583768
30.300000000 -2.8059 5.95457 0 0 0 0.807219 0.590252
30.400000000 -2.82558 6.02698 0 0 0 0.802465 0.596699
30.500000000 -2.84409 6.09971 0 0 0 0.79766 0.603108
30.600000000 -2.86144 6.17271 0 0 0 0.792803 0.609478
30.700000000 -2.87762 6.24599 0 0 0 0.787896 0.615808
30.800000000 -2.89262 6.31952 0 0 0 0.782938 0.6221
30.900000000 -2.90027 6.38386 0 0 0 0.771781 0.635888
31.000000000 -2.90181 6.4391 0 0 0 0.75719 0.653194
31.100000000 -2.90058 6.4936 0 0 0 0.741946 0.670459
31.200000000 -2.89684 6.54798 0 0 0 0.726309 0.687369
31.300000000 -2.8906 6.60212 0 0 0 0.710285 0.703914
31.400000000 -2.88188 6.65593 0 0 0 0.693886 0.720085
31.500000000 -2.87068 6.70927 0 0 0 0.677118 0.735875
31.600000000 -2.85705 6.76205 0 0 0 0.659991 0.751274
31.700000000 -2.84099 6.81413 0 0 0 0.642513 0.766274
31.800000000 -2.82291 6.88266 0 0 0 0.631223 0.775601
31.900000000 -2.80281 6.95351 0 0 0 0.620902 0.783888
32.000000000 -2.7808 7.02479 0 0 0 0.610856 0.791742
32.100000000 -2.75698 7.09549 0 0 0 0.600709 0.799468
32.200000000 -2.73137 7.16556 0 0 0 0.590465 0.807063
32.300000000 -2.70398 7.23496 0 0 0 0.580126 0.814527
32.400000000 -2.67483 7.30363 0 0 0 0.569691 0.821859
32.500000000 -2.64393 7.37154 0 0 0 0.559164 0.829057
32.600000000 -2.61132 7.43863 0 0 0 0.548547 0.83612
32.700000000 -2.58121 7.50732 0 0 0 0.547977 0.836493
32.800000000 -2.55181 7.57632 0 0 0 0.549251 0.835657
32.900000000 -2.52289 7.64553 0 0 0 0.551131 0.834419
33.000000000 -2.49428 7.71486 0 0 0 0.553009 0.833175
33.100000000 -2.46598 7.78432 0 0 0 0.554883 0.831928
33.200000000 -2.438 7.85391 0 0 0 0.556755 0.830677
33.300000000 -2.41033 7.92362 0 0 0 0.558624 0.829421
33.400000000 -2.38297 7.99346 0 0 0 0.560491 0.828161
33.500000000 -2.35593 8.06342 0 0 0 0.562354 0.826897
33.600000000 -2.32921 8.1335 0 0 0 0.564215 0.825628
33.700000000 -2.3028 8.2037 0 0 0 0.566072 0.824356
33.800000000 -2.27838 8.27464 0 0 0 0.571608 0.820527
33.900000000 -2.25491 8.34591 0 0 0 0.577085 0.816684
34.000000000 -2.23234 8.41746 0 0 0 0.582418 0.81289
34.100000000 -2.21166 8.48611 0 0 0 0.58749 0.809231
34.200000000 -2.19231 8.55341 0 0 0 0.592422 0.805628
34.300000000 -2.17466 8.61773 0 0 0 0.597099 0.802168
34.400000000 -2.15819 8.68063 0 0 0 0.601639 0.798768
34.500000000 -2.14324 8.74049 0 0 0 0.605929 0.795519
34.600000000 -2.12932 8.79887 0 0 0 0.610086 0.792335
34.700000000 -2.11851 8.85116 0 0 0 0.61585 0.787864
34.800000000 -2.10879 8.90196 0 0 0 0.621402 0.783492
34.900000000 -2.10007 8.95125 0 0 0 0.626746 0.779223
35.000000000 -2.09229 8.99901 0 0 0 0.631884 0.775063
35.100000000 -2.0854 9.04522 0 0 0 0.636819 0.771014
35.200000000 -2.07932 9.08986 0 0 0 0.641553 0.767079
35.300000000 -2.07399 9.13292 0 0 0 0.646088 0.763263
35.400000000 -2.06917 9.17603 0 0 0 0.650601 0.75942
35.500000000 -2.06504 9.21754 0 0 0 0.654918 0.7557
35.600000000 -2.05863 9.29235 0 0 0 0.662997 0.748622
35.700000000 -2.05384 9.36727 0 0 0 0.670999 0.741458
35.800000000 -2.05173 9.40558 0 0 0 0.674169 0.738577
35.900000000 -2.05002 9.44223 0 0 0 0.67719 0.735808
36.000000000 -2.04868 9.47724 0 0 0 0.680063 0.733153
36.100000000 -2.04767 9.51058 0 0 0 0.68279 0.730615
36.200000000 -2.0469 9.54393 0 0 0 0.685507 0.728066
36.300000000 -2.04641 9.57562 0 0 0 0.688079 0.725635
36.400000000 -2.04616 9.60565 0 0 0 0.690509 0.723324
36.500000000 -2.04611 9.63567 0 0 0 0.69293 0.721005
36.600000000 -2.04625 9.66403 0 0 0 0.69521 0.718807
36.700000000 -2.04655 9.69072 0 0 0 0.697349 0.716732
36.800000000 -2.04701 9.71741 0 0 0 0.699482 0.71465
36.900000000 -2.04763 9.74409 0 0 0 0.701609 0.712563
37.000000000 -2.04781 9.77076 0 0 0 0.702657 0.711529
37.100000000 -2.04806 9.79743 0 0 0 0.703703 0.710494
37.200000000 -2.04839 9.8241 0 0 0 0.704748 0.709457
37.300000000 -2.0488 9.85077 0 0 0 0.705792 0.708419
37.400000000 -2.04929 9.87744 0 0 0 0.706834 0.707379
37.500000000 -2.04983 9.90244 0 0 0 0.70781 0.706403
37.600000000 -2.05043 9.92744 0 0 0 0.708784 0.705426
37.700000000 -2.0511 9.95243 0 0 0 0.709757 0.704447
37.800000000 -2.05172 9.97909 0 0 0 0.710495 0.703702
37.900000000 -2.0524 10.0058 0 0 0 0.711233 0.702956
38.000000000 -2.05308 10.0307 0 0 0 0.711925 0.702256
38.100000000 -2.05387 10.0574 0 0 0 0.712661 0.701508
38.200000000 -2.05465 10.0824 0 0 0 0.713351 0.700807
38.300000000 -2.05549 10.1074 0 0 0 0.71404 0.700105
38.400000000 -2.05644 10.134 0 0 0 0.714774 0.699355
38.500000000 -2.05744 10.1607 0 0 0 0.715508 0.698605
38.600000000 -2.05843 10.1857 0 0 0 0.716195 0.697901
38.700000000 -2.06183 10.2606 0 0 0 0.718736 0.695283
38.800000000 -2.0663 10.3355 0 0 0 0.722183 0.691702
38.900000000 -2.07152 10.4103 0 0 0 0.725613 0.688103
39.000000000 -2.07748 10.4851 0 0 0 0.729025 0.684487
39.100000000 -2.08419 10.5598 0 0 0 0.732418 0.680855
39.200000000 -2.09163 10.6345 0 0 0 0.735794 0.677205
39.300000000 -2.09982 10.709 0 0 0 0.739152 0.673539
39.400000000 -2.10876 10.7835 0 0 0 0.742491 0.669856
39.500000000 -2.11843 10.8579 0 0 0 0.745812 0.666157
39.600000000 -2.12884 10.9322 0 0 0 0.749114 0.662441
39.700000000 -2.13998 11.0064 0 0 0 0.752398 0.658709
39.800000000 -2.1493 11.0808 0 0 0 0.751393 0.659854
39.900000000 -2.15809 11.1553 0 0 0 0.749906 0.661545
40.000000000 -2.16655 11.2298 0 0 0 0.748414 0.663232
40.100000000 -2.17467 11.3044 0 0 0 0.746919 0.664915
40.200000000 -2.18246 11.379 0 0 0 0.74542 0.666595
40.300000000 -2.18992 11.4536 0 0 0 0.743917 0.668272
40.400000000 -2.19703 11.5283 0 0 0 0.74241 0.669946
40.500000000 -2.20382 11.603 0 0 0 0.740908 0.671607
40.600000000 -2.21028 11.6777 0 0 0 0.739428 0.673236
40.700000000 -2.21645 11.7524 0 0 0 0.737997 0.674804
40.800000000 -2.22056 11.8106 0 0 0 0.736134 0.676836
40.900000000 -2.22424 11.8672 0 0 0 0.734319 0.678805
41.000000000 -2.22752 11.9221 0 0 0 0.732552 0.680711
41.100000000 -2.23042 11.9754 0 0 0 0.730833 0.682556
41.200000000 -2.23289 12.0253 0 0 0 0.729218 0.684281
41.300000000 -2.23512 12.0753 0 0 0 0.727599 0.686002
41.400000000 -2.23705 12.1236 0 0 0 0.72603 0.687663
41.500000000 -2.2387 12.1702 0 0 0 0.724512 0.689262
41.600000000 -2.24009 12.2152 0 0 0 0.723044 0.690802
41.700000000 -2.24208 12.2702 0 0 0 0.722148 0.691739
41.800000000 -2.24387 12.3235 0 0 0 0.721277 0.692647
41.900000000 -2.24548 12.3751 0 0 0 0.720433 0.693525
42.000000000 -2.24691 12.4251 0 0 0 0.719615 0.694374
42.100000000 -2.24813 12.4717 0 0 0 0.71885 0.695165
42.200000000 -2.24922 12.5167 0 0 0 0.718112 0.695927
42.300000000 -2.2502 12.5617 0 0 0 0.717373 0.696689
42.400000000 -2.25106 12.605 0 0 0 0.716661 0.697422
42.500000000 -2.2518 12.6467 0 0 0 0.715975 0.698125
42.600000000 -2.25243 12.6867 0 0 0 0.715317 0.6988
42.700000000 -2.25297 12.725 0 0 0 0.714685 0.699447
42.800000000 -2.25341 12.7617 0 0 0 0.71408 0.700064
42.900000000 -2.25378 12.7967 0 0 0 0.713502 0.700653
43.000000000 -2.25375 12.8317 0 0 0 0.712342 0.701833
43.100000000 -2.25362 12.865 0 0 0 0.711235 0.702954
43.200000000 -2.25339 12.8967 0 0 0 0.710182 0.704018
43.300000000 -2.25307 12.9284 0 0 0 0.709128 0.70508
43.400000000 -2.25267 12.9584 0 0 0 0.708127 0.706085
43.500000000 -2.25222 12.9867 0 0 0 0.707181 0.707032
43.600000000 -2.25169 13.015 0 0 0 0.706234 0.707979
43.700000000 -2.25112 13.0417 0 0 0 0.705341 0.708868
43.800000000 -2.25056 13.0684 0 0 0 0.704597 0.709608
43.900000000 -2.24996 13.095 0 0 0 0.703852 0.710347
44.000000000 -2.24933 13.12 0 0 0 0.703152 0.711039
44.100000000 -2.24857 13.1484 0 0 0 0.702359 0.711823
44.200000000 -2.24779 13.175 0 0 0 0.701612 0.712559
44.300000000 -2.24696 13.2017 0 0 0 0.700864 0.713295
44.400000000 -2.24607 13.2283 0 0 0 0.700115 0.71403
44.500000000 -2.24519 13.2533 0 0 0 0.699412 0.714719
44.600000000 -2.24425 13.2783 0 0 0 0.698709 0.715406
44.700000000 -2.24333 13.3016 0 0 0 0.698051 0.716048
44.800000000 -2.24246 13.3266 0 0 0 0.697629 0.716459
44.900000000 -2.24156 13.3516 0 0 0 0.697207 0.71687
45.000000000 -2.24069 13.3749 0 0 0 0.696812 0.717254
45.100000000 -2.2398 13.3982 0 0 0 0.696418 0.717637
45.200000000 -2.23894 13.4199 0 0 0 0.696051 0.717993
45.300000000 -2.23807 13.4415 0 0 0 0.695684 0.718348
45.400000000 -2.23724 13.4615 0 0 0 0.695345 0.718676
45.500000000 -2.23639 13.4815 0 0 0 0.695006 0.719004
45.600000000 -2.23552 13.5015 0 0 0 0.694667 0.719332
45.700000000 -2.23476 13.5281 0 0 0 0.694968 0.71904
45.800000000 -2.23407 13.5531 0 0 0 0.695251 0.718767
45.900000000 -2.23335 13.5798 0 0 0 0.695552 0.718476
46.000000000 -2.23269 13.6048 0 0 0 0.695834 0.718203
46.100000000 -2.23206 13.6298 0 0 0 0.696116 0.717929
46.200000000 -2.23145 13.6548 0 0 0 0.696398 0.717656
46.300000000 -2.23085 13.6798 0 0 0 0.69668 0.717382
46.400000000 -2.23031 13.7031 0 0 0 0.696943 0.717127
46.500000000 -2.2298 13.7264 0 0 0 0.697206 0.716871
46.600000000 -2.22933 13.7481 0 0 0 0.69745 0.716634
46.700000000 -2.22888 13.7697 0 0 0 0.697694 0.716396
46.800000000 -2.22847 13.7897 0 0 0 0.697919 0.716177
46.900000000 -2.22808 13.8097 0 0 0 0.698144 0.715958
47.000000000 -2.22774 13.8281 0 0 0 0.69835 0.715756
47.100000000 -2.22737 13.8481 0 0 0 0.698575 0.715537
47.200000000 -2.22702 13.868 0 0 0 0.6988 0.715317
47.300000000 -2.2267 13.8864 0 0 0 0.699006 0.715116
47.400000000 -2.22637 13.9064 0 0 0 0.699231 0.714896
47.500000000 -2.22606 13.9264 0 0 0 0.699455 0.714677
47.600000000 -2.22575 13.9464 0 0 0 0.69968 0.714457
47.700000000 -2.22543 13.968 0 0 0 0.699923 0.714218
47.800000000 -2.22516 13.988 0 0 0 0.700147 0.713998
47.900000000 -2.22489 14.008 0 0 0 0.700372 0.713778
48.000000000 -2.22461 14.0297 0 0 0 0.700615 0.71354
48.100000000 -2.22435 14.0514 0 0 0 0.700858 0.713301
48.200000000 -2.22411 14.073 0 0 0 0.7011 0.713063
48.300000000 -2.22388 14.0947 0 0 0 0.701343 0.712824
48.400000000 -2.22368 14.1147 0 0 0 0.701567 0.712603
48.500000000 -2.22346 14.138 0 0 0 0.701828 0.712346
48.600000000 -2.22328 14.1597 0 0 0 0.702071 0.712107
48.700000000 -2.22311 14.1814 0 0 0 0.702313 0.711868
48.800000000 -2.22295 14.203 0 0 0 0.702555 0.711629
48.900000000 -2.22281 14.2247 0 0 0 0.702798 0.71139
49.000000000 -2.22261 14.2464 0 0 0 0.702919 0.71127
49.100000000 -2.22242 14.268 0 0 0 0.70304 0.711151
49.200000000 -2.22224 14.2897 0 0 0 0.703161 0.711031
49.300000000 -2.22207 14.3114 0 0 0 0.703282 0.710911
49.400000000 -2.2219 14.333 0 0 0 0.703403 0.710792
49.500000000 -2.22175 14.3547 0 0 0 0.703524 0.710672
49.600000000 -2.2216 14.3764 0 0 0 0.703645 0.710552
49.700000000 -2.22146 14.3964 0 0 0 0.703756 0.710442
49.800000000 -2.22133 14.418 0 0 0 0.703877 0.710322
49.900000000 -2.22119 14.4414 0 0 0 0.704007 0.710193
50.000000000 -2.22107 14.463 0 0 0 0.704128 0.710073
50.100000000 -2.22094 14.4864 0 0 0 0.704258 0.709944
50.200000000 -2.22084 14.508 0 0 0 0.704379 0.709824
50.300000000 -2.22073 14.5314 0 0 0 0.704509 0.709695
50.400000000 -2.22064 14.553 0 0 0 0.70463 0.709575
50.500000000 -2.22056 14.5747 0 0 0 0.704751 0.709455
50.600000000 -2.22049 14.5947 0 0 0 0.704862 0.709344
50.700000000 -2.22042 14.6164 0 0 0 0.704983 0.709224
50.800000000 -2.22036 14.6364 0 0 0 0.705094 0.709114
50.900000000 -2.2203 14.658 0 0 0 0.705215 0.708994
51.000000000 -2.22026 14.6797 0 0 0 0.705336 0.708874
51.100000000 -2.22022 14.7014 0 0 0 0.705456 0.708754
51.200000000 -2.22018 14.723 0 0 0 0.705577 0.708633
51.300000000 -2.22016 14.7447 0 0 0 0.705697 0.708513
51.400000000 -2.22014 14.7664 0 0 0 0.705818 0.708393
51.500000000 -2.22013 14.788 0 0 0 0.705939 0.708273
51.600000000 -2.22012 14.8097 0 0 0 0.706059 0.708153
51.700000000 -2.22006 14.8314 0 0 0 0.706059 0.708153
51.800000000 -2.22 14.853 0 0 0 0.706059 0.708153
51.900000000 -2.21993 14.8747 0 0 0 0.706059 0.708153
52.000000000 -2.21987 14.8964 0 0 0 0.706059 0.708153
52.100000000 -2.2198 14.918 0 0 0 0.706059 0.708153
52.200000000 -2.21974 14.9397 0 0 0 0.706059 0.708153
52.300000000 -2.21966 14.968 0 0 0 0.706059 0.708153
52.400000000 -2.21958 14.9947 0 0 0 0.706059 0.708153
52.500000000 -2.21949 15.023 0 0 0 0.706059 0.708153
52.600000000 -2.21941 15.0497 0 0 0 0.706059 0.708153
52.700000000 -2.21934 15.0747 0 0 0 0.706059 0.708153
52.800000000 -2.21926 15.1014 0 0 0 0.706059 0.708153
52.900000000 -2.21918 15.128 0 0 0 0.706059 0.708153
53.000000000 -2.2191 15.1547 0 0 0 0.706059 0.708153
53.100000000 -2.21902 15.1814 0 0 0 0.706059 0.708153
53.200000000 -2.21895 15.208 0 0 0 0.706059 0.708153
53.300000000 -2.21887 15.2347 0 0 0 0.706059 0.708153
53.400000000 -2.21879 15.2597 0 0 0 0.706059 0.708153
53.500000000 -2.21872 15.2847 0 0 0 0.706059 0.708153
53.600000000 -2.21864 15.3114 0 0 0 0.706059 0.708153
53.700000000 -2.21856 15.338 0 0 0 0.706059 0.708153
53.800000000 -2.21848 15.3647 0 0 0 0.706059 0.708153
53.900000000 -2.2184 15.3914 0 0 0 0.706059 0.708153
54.000000000 -2.21833 15.4164 0 0 0 0.706059 0.708153
54.100000000 -2.21825 15.4414 0 0 0 0.706059 0.708153
54.200000000 -2.21818 15.468 0 0 0 0.706059 0.708153
54.300000000 -2.2181 15.4947 0 0 0 0.706059 0.708153
54.400000000 -2.21802 15.5197 0 0 0 0.706059 0.708153
54.500000000 -2.21795 15.5447 0 0 0 0.706059 0.708153
54.600000000 -2.21787 15.5697 0 0 0 0.706059 0.708153
54.700000000 -2.2178 15.5964 0 0 0 0.706059 0.708153
54.800000000 -2.21772 15.623 0 0 0 0.706059 0.708153
54.900000000 -2.21764 15.648 0 0 0 0.706059 0.708153
55.000000000 -2.2186 15.723 0 0 0 0.708152 0.70606
55.100000000 -2.22028 15.798 0 0 0 0.710723 0.703472
55.200000000 -2.22251 15.873 0 0 0 0.713284 0.700875
55.300000000 -2.22529 15.9479 0 0 0 0.715836 0.698268
55.400000000 -2.22861 16.0229 0 0 0 0.718379 0.695652
55.500000000 -2.23248 16.0978 0 0 0 0.720912 0.693027
55.600000000 -2.23689 16.1727 0 0 0 0.723435 0.690392
55.700000000 -2.24185 16.2475 0 0 0 0.725949 0.687749
55.800000000 -2.25097 16.3216 0 0 0 0.73466 0.678435
55.900000000 -2.26219 16.3934 0 0 0 0.743894 0.668298
56.000000000 -2.27539 16.4649 0 0 0 0.752987 0.658035
56.100000000 -2.29053 16.536 0 0 0 0.761939 0.647649
56.200000000 -2.30763 16.6067 0 0 0 0.770748 0.63714
56.300000000 -2.32665 16.6768 0 0 0 0.779411 0.626512
56.400000000 -2.34759 16.7465 0 0 0 0.787929 0.615766
56.500000000 -2.37043 16.8155 0 0 0 0.796298 0.604905
56.600000000 -2.39516 16.8839 0 0 0 0.804517 0.593929
56.700000000 -2.42175 16.9515 0 0 0 0.812585 0.582842
56.800000000 -2.4497 17.0147 0 0 0 0.821552 0.570134
56.900000000 -2.4796 17.077 0 0 0 0.830319 0.557288
57.000000000 -2.51142 17.1383 0 0 0 0.838886 0.544307
57.100000000 -2.54513 17.1986 0 0 0 0.84725 0.531194
57.200000000 -2.5807 17.2578 0 0 0 0.855409 0.517953
57.300000000 -2.6181 17.3159 0 0 0 0.863361 0.504586
57.400000000 -2.65728 17.3728 0 0 0 0.871105 0.491097
57.500000000 -2.69822 17.4284 0 0 0 0.878637 0.47749
57.600000000 -2.74086 17.4828 0 0 0 0.885957 0.463767
57.700000000 -2.78658 17.5423 0 0 0 0.890156 0.455655
57.800000000 -2.83321 17.6011 0 0 0 0.894032 0.448003
57.900000000 -2.88083 17.6591 0 0 0 0.897842 0.440317
58.000000000 -2.92945 17.7163 0 0 0 0.901586 0.432599
58.100000000 -2.97903 17.7726 0 0 0 0.905264 0.42485
58.200000000 -3.02958 17.8281 0 0 0 0.908875 0.417069
58.300000000 -3.08107 17.8827 0 0 0 0.912419 0.409257
58.400000000 -3.13349 17.9364 0 0 0 0.915896 0.401415
58.500000000 -3.18682 17.9892 0 0 0 0.919306 0.393544
58.600000000 -3.24105 18.0411 0 0 0 0.922648 0.385644
58.700000000 -3.29418 18.094 0 0 0 0.923234 0.384238
58.800000000 -3.34725 18.147 0 0 0 0.923531 0.383524
58.900000000 -3.4004 18.1999 0 0 0 0.923827 0.382809
59.000000000 -3.45364 18.2527 0 0 0 0.924123 0.382095
59.100000000 -3.50696 18.3055 0 0 0 0.924418 0.38138
59.200000000 -3.56036 18.3582 0 0 0 0.924713 0.380665
59.300000000 -3.61384 18.4107 0 0 0 0.925007 0.37995
59.400000000 -3.66741 18.4632 0 0 0 0.925301 0.379234
59.500000000 -3.72105 18.5156 0 0 0 0.925594 0.378519
59.600000000 -3.77477 18.568 0 0 0 0.925886 0.377803
59.700000000 -3.82858 18.6202 0 0 0 0.926178 0.377087
59.800000000 -3.88123 18.6737 0 0 0 0.924796 0.380463
59.900000000 -3.93329 18.7277 0 0 0 0.923145 0.384453
60.000000000 -3.98489 18.7821 0 0 0 0.921476 0.388436
60.100000000 -4.03602 18.837 0 0 0 0.91979 0.392411
60.200000000 -4.08667 18.8923 0 0 0 0.918087 0.396379
60.300000000 -4.13684 18.9481 0 0 0 0.916367 0.40034
60.400000000 -4.18653 19.0043 0 0 0 0.914629 0.404293
60.500000000 -4.23573 19.0609 0 0 0 0.912875 0.408239
60.600000000 -4.28443 19.118 0 0 0 0.911104 0.412177
60.700000000 -4.33265 19.1754 0 0 0 0.909315 0.416108
60.800000000 -4.38036 19.2333 0 0 0 0.90751 0.42003
60.900000000 -4.42758 19.2916 0 0 0 0.905688 0.423945
61.000000000 -4.46759 19.349 0 0 0 0.899182 0.437574
61.100000000 -4.49288 19.3964 0 0 0 0.888686 0.458517
61.200000000 -4.50395 19.4337 0 0 0 0.873843 0.486208
61.300000000 -4.49935 19.4572 0 0 0 0.85325 0.521502
61.400000000 -4.48581 19.4714 0 0 0 0.82817 0.560478
61.500000000 -4.47024 19.4831 0 0 0 0.800898 0.598801
61.600000000 -4.45365 19.4932 0 0 0 0.771855 0.635799
61.700000000 -4.44493 19.5233 0 0 0 0.748591 0.663032
61.800000000 -4.43609 19.5588 0 0 0 0.72652 0.687146
61.900000000 -4.42494 19.5937 0 0 0 0.703672 0.710525
62.000000000 -4.41155 19.6277 0 0 0 0.680073 0.733145
62.100000000 -4.39595 19.6608 0 0 0 0.655746 0.754981
62.200000000 -4.37823 19.6929 0 0 0 0.630719 0.776011
62.300000000 -4.35845 19.7237 0 0 0 0.605018 0.796212
62.400000000 -4.3367 19.7531 0 0 0 0.57867 0.815561
62.500000000 -4.31307 19.7811 0 0 0 0.551704 0.83404
62.600000000 -4.28767 19.8074 0 0 0 0.524149 0.851627
62.700000000 -4.2606 19.832 0 0 0 0.496033 0.868303
62.800000000 -4.22645 19.8706 0 0 0 0.474519 0.880245
62.900000000 -4.18413 19.923 0 0 0 0.459984 0.887927
63.000000000 -4.1386 19.9773 0 0 0 0.446931 0.894568
63.100000000 -4.0911 20.0311 0 0 0 0.4342 0.900816
63.200000000 -4.04209 20.0835 0 0 0 0.421382 0.906883
63.300000000 -3.99161 20.1346 0 0 0 0.408479 0.912768
63.400000000 -3.9397 20.1841 0 0 0 0.395494 0.918468
63.500000000 -3.88641 20.2322 0 0 0 0.38243 0.923985
63.600000000 -3.83177 20.2788 0 0 0 0.369288 0.929315
63.700000000 -3.77584 20.3238 0 0 0 0.356072 0.934458
63.800000000 -3.71907 20.3728 0 0 0 0.353305 0.935508
63.900000000 -3.6628 20.4224 0 0 0 0.353305 0.935508
64.000000000 -3.60652 20.4719 0 0 0 0.353305 0.935508
64.100000000 -3.55025 20.5215 0 0 0 0.353305 0.935508
64.200000000 -3.49397 20.5711 0 0 0 0.353305 0.935508
64.300000000 -3.43769 20.6207 0 0 0 0.353305 0.935508
64.400000000 -3.38142 20.6703 0 0 0 0.353305 0.935508
64.500000000 -3.32514 20.7198 0 0 0 0.353305 0.935508
64.600000000 -3.26886 20.7694 0 0 0 0.353305 0.935508
64.700000000 -3.21373 20.8203 0 0 0 0.357342 0.933974
64.800000000 -3.15905 20.8716 0 0 0 0.361371 0.932422
64.900000000 -3.1048 20.9234 0 0 0 0.365394 0.930853
65.000000000 -3.05101 20.9757 0 0 0 0.36941 0.929266
65.100000000 -2.99767 21.0285 0 0 0 0.37342 0.927662
65.200000000 -2.94479 21.0817 0 0 0 0.377422 0.926041
65.300000000 -2.89237 21.1353 0 0 0 0.381417 0.924403
65.400000000 -2.84042 21.1894 0 0 0 0.385406 0.922747
65.500000000 -2.78893 21.244 0 0 0 0.389387 0.921074
65.600000000 -2.73792 21.299 0 0 0 0.39336 0.919384
65.700000000 -2.68738 21.3544 0 0 0 0.397327 0.917677
65.800000000 -2.64034 21.4108 0 0 0 0.40708 0.913393
65.900000000 -2.59389 21.4698 0 0 0 0.418249 0.908333
66.000000000 -2.54889 21.5299 0 0 0 0.429355 0.903136
66.100000000 -2.50538 21.5911 0 0 0 0.440396 0.897803
66.200000000 -2.46339 21.6534 0 0 0 0.451372 0.892336
66.300000000 -2.42294 21.7167 0 0 0 0.462279 0.886734
66.400000000 -2.38405 21.7809 0 0 0 0.473117 0.880999
66.500000000 -2.34675 21.8461 0 0 0 0.483884 0.875132
66.600000000 -2.31105 21.9122 0 0 0 0.494578 0.869133
66.700000000 -2.27699 21.9791 0 0 0 0.505198 0.863003
66.800000000 -2.24458 22.0468 0 0 0 0.515742 0.856744
66.900000000 -2.21384 22.1154 0 0 0 0.526208 0.850356
67.000000000 -2.18871 22.1797 0 0 0 0.53937 0.842069
67.100000000 -2.16613 22.2441 0 0 0 0.552773 0.833332
67.200000000 -2.14562 22.3091 0 0 0 0.566034 0.824382
67.300000000 -2.1272 22.3748 0 0 0 0.579151 0.81522
67.400000000 -2.11089 22.441 0 0 0 0.592119 0.80585
67.500000000 -2.09671 22.5077 0 0 0 0.604936 0.796274
67.600000000 -2.08467 22.5748 0 0 0 0.617598 0.786494
67.700000000 -2.0724 22.6474 0 0 0 0.627954 0.778251
67.800000000 -2.06205 22.7204 0 0 0 0.638199 0.769871
67.900000000 -2.05363 22.7935 0 0 0 0.648333 0.761357
68.000000000 -2.04715 22.8669 0 0 0 0.658353 0.752709
68.100000000 -2.04262 22.9404 0 0 0 0.668258 0.74393
68.200000000 -2.04003 23.014 0 0 0 0.678046 0.73502
68.300000000 -2.03939 23.0876 0 0 0 0.687715 0.725981
68.400000000 -2.0407 23.1613 0 0 0 0.697263 0.716815
68.500000000 -2.04397 23.2349 0 0 0 0.706689 0.707524
68.600000000 -2.04917 23.3083 0 0 0 0.715992 0.698109
68.700000000 -2.0538 23.3832 0 0 0 0.720748 0.693197
68.800000000 -2.05921 23.458 0 0 0 0.725052 0.688694
68.900000000 -2.06556 23.5328 0 0 0 0.729328 0.684164
69.000000000 -2.07283 23.6075 0 0 0 0.733576 0.679608
69.100000000 -2.08103 23.6821 0 0 0 0.737795 0.675025
69.200000000 -2.09016 23.7565 0 0 0 0.741986 0.670415
69.300000000 -2.10022 23.8309 0 0 0 0.746148 0.66578
69.400000000 -2.11121 23.9051 0 0 0 0.750281 0.661119
69.500000000 -2.12312 23.9792 0 0 0 0.754385 0.656433
69.600000000 -2.13595 24.0531 0 0 0 0.758459 0.651721
69.700000000 -2.1497 24.1268 0 0 0 0.762504 0.646983
69.800000000 -2.16102 24.201 0 0 0 0.761046 0.648698
69.900000000 -2.17173 24.2752 0 0 0 0.759122 0.650948
70.000000000 -2.182 24.3495 0 0 0 0.757193 0.653192
70.100000000 -2.19183 24.4239 0 0 0 0.755256 0.65543
70.200000000 -2.20122 24.4983 0 0 0 0.753313 0.657662
70.300000000 -2.21017 24.5728 0 0 0 0.751379 0.659871
70.400000000 -2.21876 24.6473 0 0 0 0.749542 0.661956
70.500000000 -2.22697 24.7218 0 0 0 0.74777 0.663958
70.600000000 -2.23482 24.7964 0 0 0 0.746062 0.665877
70.700000000 -2.24231 24.871 0 0 0 0.744383 0.667752
70.800000000 -2.24806 24.9375 0 0 0 0.741921 0.670487
70.900000000 -2.25319 25.0023 0 0 0 0.739511 0.673145
71.000000000 -2.25762 25.0638 0 0 0 0.737215 0.675658
71.100000000 -2.26151 25.1237 0 0 0 0.734973 0.678096
71.200000000 -2.26492 25.1819 0 0 0 0.732786 0.680459
71.300000000 -2.26786 25.2385 0 0 0 0.730654 0.682748
71.400000000 -2.2703 25.2918 0 0 0 0.72864 0.684896
71.500000000 -2.27235 25.3435 0 0 0 0.726684 0.686972
71.600000000 -2.27406 25.3934 0 0 0 0.724785 0.688975
71.700000000 -2.27544 25.4418 0 0 0 0.722945 0.690906
71.800000000 -2.27724 25.4967 0 0 0 0.721748 0.692156
71.900000000 -2.2788 25.55 0 0 0 0.720586 0.693366
72.000000000 -2.28014 25.6017 0 0 0 0.719458 0.694536
72.100000000 -2.28127 25.6517 0 0 0 0.718365 0.695667
72.200000000 -2.28221 25.7 0 0 0 0.717306 0.696758
72.300000000 -2.28298 25.7467 0 0 0 0.716282 0.69781
72.400000000 -2.28359 25.7917 0 0 0 0.715294 0.698824
72.500000000 -2.28406 25.835 0 0 0 0.714341 0.699798
72.600000000 -2.28439 25.8767 0 0 0 0.713423 0.700734
72.700000000 -2.2846 25.9167 0 0 0 0.712541 0.701631
72.800000000 -2.28472 25.9567 0 0 0 0.711657 0.702527
72.900000000 -2.28473 25.995 0 0 0 0.710809 0.703385
73.000000000 -2.28456 26.0284 0 0 0 0.709886 0.704316
73.100000000 -2.28431 26.06 0 0 0 0.709008 0.7052
73.200000000 -2.284 26.09 0 0 0 0.708175 0.706037
73.300000000 -2.28362 26.12 0 0 0 0.707341 0.706872
73.400000000 -2.28319 26.1484 0 0 0 0.706552 0.707661
73.500000000 -2.2827 26.1767 0 0 0 0.705763 0.708448
73.600000000 -2.28218 26.2034 0 0 0 0.705019 0.709188
73.700000000 -2.28164 26.2283 0 0 0 0.704321 0.709881
73.800000000 -2.28109 26.255 0 0 0 0.703725 0.710472
73.900000000 -2.2805 26.2817 0 0 0 0.703129 0.711062
74.000000000 -2.27991 26.3067 0 0 0 0.70257 0.711615
74.100000000 -2.27931 26.33 0 0 0 0.702047 0.71213
74.200000000 -2.27869 26.3533 0 0 0 0.701524 0.712645
74.300000000 -2.27807 26.375 0 0 0 0.701038 0.713123
74.400000000 -2.27743 26.3966 0 0 0 0.700552 0.713601
74.500000000 -2.27676 26.4183 0 0 0 0.700066 0.714078
74.600000000 -2.27611 26.4383 0 0 0 0.699616 0.714519
74.700000000 -2.27544 26.4583 0 0 0 0.699167 0.714959
74.800000000 -2.2748 26.4783 0 0 0 0.698829 0.715288
74.900000000 -2.27415 26.4983 0 0 0 0.698492 0.715618
75.000000000 -2.27348 26.5183 0 0 0 0.698154 0.715947
75.100000000 -2.27278 26.5382 0 0 0 0.697817 0.716276
75.200000000 -2.27207 26.5582 0 0 0 0.697479 0.716605
75.300000000 -2.27134 26.5782 0 0 0 0.697141 0.716934
75.400000000 -2.27066 26.5965 0 0 0 0.696831 0.717235
75.500000000 -2.26989 26.6165 0 0 0 0.696493 0.717564
75.600000000 -2.26911 26.6365 0 0 0 0.696154 0.717892
75.700000000 -2.2683 26.6565 0 0 0 0.695815 0.718221
75.800000000 -2.26748 26.6765 0 0 0 0.695477 0.718549
75.900000000 -2.26664 26.6965 0 0 0 0.695138 0.718877
76.000000000 -2.26578 26.7164 0 0 0 0.694799 0.719204
76.100000000 -2.26483 26.7381 0 0 0 0.694431 0.719559
76.200000000 -2.26386 26.7597 0 0 0 0.694063 0.719914
76.300000000 -2.26278 26.783 0 0 0 0.693667 0.720296
76.400000000 -2.26176 26.8047 0 0 0 0.693299 0.72065
76.500000000 -2.26064 26.828 0 0 0 0.692903 0.721031
76.600000000 -2.25957 26.8496 0 0 0 0.692534 0.721385
76.700000000 -2.2584 26.8729 0 0 0 0.692137 0.721766
76.800000000 -2.25736 26.8946 0 0 0 0.691891 0.722002
76.900000000 -2.2563 26.9162 0 0 0 0.691645 0.722237
77.000000000 -2.25498 26.9429 0 0 0 0.691343 0.722527
77.100000000 -2.25364 26.9695 0 0 0 0.69104 0.722817
77.200000000 -2.25236 26.9945 0 0 0 0.690756 0.723088
77.300000000 -2.25088 27.0228 0 0 0 0.690434 0.723395
77.400000000 -2.24947 27.0494 0 0 0 0.690131 0.723685
77.500000000 -2.24813 27.0743 0 0 0 0.689846 0.723956
77.600000000 -2.24668 27.101 0 0 0 0.689543 0.724245
77.700000000 -2.24529 27.1259 0 0 0 0.689259 0.724515
77.800000000 -2.24455 27.1526 0 0 0 0.690324 0.7235
77.900000000 -2.24383 27.1859 0 0 0 0.691846 0.722045
78.000000000 -2.24325 27.2193 0 0 0 0.693365 0.720587
78.100000000 -2.24283 27.2509 0 0 0 0.694805 0.719198
78.200000000 -2.24254 27.2826 0 0 0 0.696242 0.717807
78.300000000 -2.24237 27.3143 0 0 0 0.697676 0.716413
78.400000000 -2.24222 27.3476 0 0 0 0.698993 0.715128
78.500000000 -2.2422 27.381 0 0 0 0.700308 0.713841
78.600000000 -2.24229 27.4126 0 0 0 0.701555 0.712616
78.700000000 -2.24311 27.4877 0 0 0 0.705089 0.709119
78.800000000 -2.24467 27.5627 0 0 0 0.708605 0.705605
78.900000000 -2.24697 27.6376 0 0 0 0.712104 0.702074
79.000000000 -2.2495 27.7126 0 0 0 0.71466 0.699472
79.100000000 -2.25257 27.7876 0 0 0 0.717207 0.69686
79.200000000 -2.25618 27.8625 0 0 0 0.719745 0.694239
79.300000000 -2.26035 27.9374 0 0 0 0.722272 0.691609
79.400000000 -2.26505 28.0122 0 0 0 0.724791 0.688969
79.500000000 -2.27031 28.0871 0 0 0 0.727299 0.686321
79.600000000 -2.27611 28.1618 0 0 0 0.729798 0.683663
79.700000000 -2.28246 28.2366 0 0 0 0.732287 0.680996
79.800000000 -2.29306 28.3095 0 0 0 0.741236 0.671244
79.900000000 -2.30108 28.384 0 0 0 0.742258 0.670114
80.000000000 -2.30873 28.4586 0 0 0 0.742258 0.670114
80.100000000 -2.32124 28.5327 0 0 0 0.750419 0.660963
80.200000000 -2.33597 28.602 0 0 0 0.760018 0.649902
80.300000000 -2.35276 28.6699 0 0 0 0.769745 0.638351
80.400000000 -2.37159 28.7373 0 0 0 0.779297 0.626654
80.500000000 -2.39245 28.8041 0 0 0 0.788672 0.614814
80.600000000 -2.41531 28.8702 0 0 0 0.797866 0.602834
80.700000000 -2.44016 28.9356 0 0 0 0.806879 0.590717
80.800000000 -2.46587 29.0061 0 0 0 0.811585 0.584235
80.900000000 -2.49226 29.0764 0 0 0 0.81556 0.578673
81.000000000 -2.5196 29.1462 0 0 0 0.819497 0.573084
81.100000000 -2.5479 29.2157 0 0 0 0.823395 0.567468
81.200000000 -2.57715 29.2848 0 0 0 0.827255 0.561826
81.300000000 -2.60733 29.3535 0 0 0 0.831077 0.556157
81.400000000 -2.63846 29.4218 0 0 0 0.83486 0.550463
81.500000000 -2.67051 29.4896 0 0 0 0.838603 0.544743
81.600000000 -2.70349 29.557 0 0 0 0.842308 0.538997
81.700000000 -2.73739 29.624 0 0 0 0.845973 0.533226
81.800000000 -2.76726 29.6928 0 0 0 0.842308 0.538997
81.900000000 -2.79556 29.7623 0 0 0 0.837653 0.546202
82.000000000 -2.82266 29.8323 0 0 0 0.832937 0.553367
82.100000000 -2.84855 29.9027 0 0 0 0.82816 0.560492
82.200000000 -2.87323 29.9736 0 0 0 0.823321 0.567575
82.300000000 -2.89669 30.0449 0 0 0 0.818423 0.574617
82.400000000 -2.91893 30.1166 0 0 0 0.813463 0.581616
82.500000000 -2.93993 30.1886 0 0 0 0.808444 0.588573
82.600000000 -2.95969 30.261 0 0 0 0.803366 0.595486
82.700000000 -2.97698 30.3341 0 0 0 0.796306 0.604894
82.800000000 -2.99236 30.4076 0 0 0 0.788829 0.614613
82.900000000 -3.00593 30.4815 0 0 0 0.781233 0.624239
83.000000000 -3.01768 30.5556 0 0 0 0.773521 0.633771
83.100000000 -3.02742 30.6284 0 0 0 0.765915 0.642942
83.200000000 -3.03524 30.6998 0 0 0 0.758378 0.651815
83.300000000 -3.04111 30.7679 0 0 0 0.751095 0.660194
83.400000000 -3.04536 30.8346 0 0 0 0.743901 0.66829
83.500000000 -3.04803 30.8979 0 0 0 0.736985 0.675909
83.600000000 -3.04961 30.973 0 0 0 0.728642 0.684894
83.700000000 -3.04942 31.0348 0 0 0 0.721744 0.69216
83.800000000 -3.04765 31.1098 0 0 0 0.713203 0.700957
83.900000000 -3.04405 31.1849 0 0 0 0.704555 0.70965
84.000000000 -3.0386 31.2598 0 0 0 0.6958 0.718235
84.100000000 -3.02836 31.3172 0 0 0 0.680536 0.732715
84.200000000 -3.01374 31.358 0 0 0 0.659034 0.752113
84.300000000 -2.99564 31.3798 0 0 0 0.630188 0.776442
84.400000000 -2.97626 31.3778 0 0 0 0.591823 0.806068
84.500000000 -2.95733 31.3725 0 0 0 0.551442 0.834213
84.600000000 -2.93902 31.3653 0 0 0 0.509725 0.860337
84.700000000 -2.9215 31.3564 0 0 0 0.466774 0.884377
84.800000000 -2.90494 31.3458 0 0 0 0.422691 0.906274
84.900000000 -2.88951 31.3336 0 0 0 0.377584 0.925975
85.000000000 -2.87535 31.3199 0 0 0 0.331562 0.943433
85.100000000 -2.8626 31.305 0 0 0 0.284737 0.958606
85.200000000 -2.85138 31.2888 0 0 0 0.237222 0.971455
85.300000000 -2.84181 31.2716 0 0 0 0.189133 0.981952
85.400000000 -2.83397 31.2536 0 0 0 0.140585 0.990069
85.500000000 -2.82794 31.2349 0 0 0 0.0916965 0.995787
85.600000000 -2.82379 31.2156 0 0 0 0.0425859 0.999093
85.700000000 -2.82154 31.1961 0 0 0 -0.00662786 0.999978
85.800000000 -2.82122 31.1764 0 0 0 -0.0558256 0.998441
85.900000000 -2.82284 31.1568 0 0 0 -0.104888 0.994484
86.000000000 -2.82637 31.1375 0 0 0 -0.153696 0.988118
86.100000000 -2.83179 31.1186 0 0 0 -0.202132 0.979358
86.200000000 -2.83904 31.1003 0 0 0 -0.250079 0.968226
86.300000000 -2.84806 31.0828 0 0 0 -0.297419 0.954747
86.400000000 -2.85875 31.0663 0 0 0 -0.344039 0.938956
86.500000000 -2.87101 31.0509 0 0 0 -0.389825 0.920889
86.600000000 -2.88472 31.0368 0 0 0 -0.434667 0.900591
86.700000000 -2.89975 31.0242 0 0 0 -0.478455 0.878112
86.800000000 -2.9081 31.0048 0 0 0 -0.51642 0.856335
86.900000000 -2.91732 30.9854 0 0 0 -0.55289 0.833254
87.000000000 -2.92819 30.9668 0 0 0 -0.58833 0.808621
87.100000000 -2.94062 30.9491 0 0 0 -0.622674 0.782481
87.200000000 -2.95452 30.9327 0 0 0 -0.655859 0.754884
87.300000000 -2.96979 30.9175 0 0 0 -0.687821 0.72588
87.400000000 -2.98631 30.9036 0 0 0 -0.718502 0.695525
87.500000000 -3.00396 30.8913 0 0 0 -0.747845 0.663873
87.600000000 -3.02262 30.8805 0 0 0 -0.775795 0.630985
87.700000000 -3.04214 30.8713 0 0 0 -0.802299 0.596922
87.800000000 -3.06439 30.8432 0 0 0 -0.821628 0.570025
87.900000000 -3.09117 30.8001 0 0 0 -0.83562 0.549308
88.000000000 -3.12162 30.7513 0 0 0 -0.847205 0.531266
88.100000000 -3.15434 30.7029 0 0 0 -0.858195 0.513324
88.200000000 -3.18907 30.6561 0 0 0 0.868805 -0.495155
88.300000000 -3.22573 30.6107 0 0 0 0.87903 -0.476767
88.400000000 -3.26428 30.5668 0 0 0 0.888866 -0.458167
88.500000000 -3.30463 30.5247 0 0 0 0.898308 -0.439365
88.600000000 -3.34672 30.4843 0 0 0 0.907353 -0.420369
88.700000000 -3.39047 30.4457 0 0 0 0.915997 -0.401186
88.800000000 -3.43581 30.4089 0 0 0 0.924234 -0.381826
88.900000000 -3.48266 30.3742 0 0 0 0.932063 -0.362296
89.000000000 -3.52126 30.3545 0 0 0 0.942163 -0.335156
89.100000000 -3.54936 30.3511 0 0 0 0.954137 -0.29937
89.200000000 -3.56215 30.3657 0 0 0 0.967523 -0.252784
89.300000000 -3.57227 30.3826 0 0 0 0.978789 -0.204869
89.400000000 -3.58068 30.4004 0 0 0 0.987685 -0.156457
89.500000000 -3.58731 30.4189 0 0 0 0.994187 -0.107667
89.600000000 -3.59208 30.438 0 0 0 0.998281 -0.0586158
89.700000000 -3.59496 30.4574 0 0 0 0.999956 -0.00942263
89.800000000 -3.5959 30.4771 0 0 0 0.999208 0.0397934
89.900000000 -3.59492 30.4967 0 0 0 0.996039 0.088913
90.000000000 -3.592 30.5162 0 0 0 0.990458 0.137817
90.100000000 -3.58719 30.5352 0 0 0 0.982476 0.186388
90.200000000 -3.58053 30.5538 0 0 0 0.972115 0.234506
90.300000000 -3.57208 30.5715 0 0 0 0.959398 0.282057
90.400000000 -3.56193 30.5884 0 0 0 0.944356 0.328924
90.500000000 -3.55017 30.6041 0 0 0 0.927027 0.374994
90.600000000 -3.53692 30.6187 0 0 0 0.907452 0.420156
90.700000000 -3.5223 30.6318 0 0 0 0.885678 0.4643
90.800000000 -3.50971 30.6466 0 0 0 0.862865 0.505434
90.900000000 -3.49579 30.6602 0 0 0 0.838144 0.545449
91.000000000 -3.48065 30.6724 0 0 0 0.811568 0.584258
91.100000000 -3.46443 30.6832 0 0 0 0.783197 0.621774
91.200000000 -3.44727 30.6923 0 0 0 0.753092 0.657915
91.300000000 -3.42933 30.6998 0 0 0 0.721322 0.6926
91.400000000 -3.41076 30.7056 0 0 0 0.687956 0.725752
91.500000000 -3.39173 30.7097 0 0 0 0.653068 0.757299
91.600000000 -3.3724 30.7119 0 0 0 0.616735 0.787171
91.700000000 -3.35184 30.7355 0 0 0 0.58815 0.808752
91.800000000 -3.32757 30.7749 0 0 0 0.565803 0.824541
91.900000000 -3.29867 30.8274 0 0 0 0.549007 0.835818
92.000000000 -3.2673 30.8803 0 0 0 0.53268 0.846317
92.100000000 -3.23391 30.932 0 0 0 0.516152 0.856497
92.200000000 -3.19854 30.9823 0 0 0 0.499429 0.866355
92.300000000 -3.16124 31.0312 0 0 0 0.482519 0.875886
92.400000000 -3.12207 31.0787 0 0 0 0.465426 0.885087
92.500000000 -3.08108 31.1245 0 0 0 0.448159 0.893954
92.600000000 -3.03835 31.1688 0 0 0 0.430722 0.902485
92.700000000 -2.99393 31.2114 0 0 0 0.413123 0.910675
92.800000000 -2.94149 31.2651 0 0 0 0.403799 0.914848
92.900000000 -2.89182 31.3213 0 0 0 0.406505 0.913649
93.000000000 -2.84309 31.3783 0 0 0 0.411042 0.911617
93.100000000 -2.79493 31.4358 0 0 0 0.415568 0.909562
93.200000000 -2.74735 31.4938 0 0 0 0.420085 0.907485
93.300000000 -2.70034 31.5523 0 0 0 0.424591 0.905385
93.400000000 -2.65392 31.6112 0 0 0 0.429087 0.903263
93.500000000 -2.60808 31.6706 0 0 0 0.433572 0.901119
93.600000000 -2.56284 31.7304 0 0 0 0.438046 0.898953
93.700000000 -2.52052 31.7925 0 0 0 0.449036 0.893514
93.800000000 -2.4802 31.8552 0 0 0 0.460393 0.887715
93.900000000 -2.44149 31.919 0 0 0 0.471676 0.881772
94.000000000 -2.40442 31.9838 0 0 0 0.482883 0.875685
94.100000000 -2.36902 32.0494 0 0 0 0.49401 0.869456
94.200000000 -2.3353 32.116 0 0 0 0.505058 0.863086
94.300000000 -2.30329 32.1834 0 0 0 0.516023 0.856575
94.400000000 -2.273 32.2516 0 0 0 0.526904 0.849925
94.500000000 -2.24447 32.3205 0 0 0 0.5377 0.843136
94.600000000 -2.2177 32.3901 0 0 0 0.548408 0.836211
94.700000000 -2.19272 32.4604 0 0 0 0.559027 0.829149
94.800000000 -2.1699 32.5302 0 0 0 0.569392 0.822066
94.900000000 -2.1498 32.5974 0 0 0 0.579202 0.815184
95.000000000 -2.13152 32.6633 0 0 0 0.588215 0.808704
95.100000000 -2.11553 32.7264 0 0 0 0.596722 0.802448
95.200000000 -2.10126 32.7882 0 0 0 0.604947 0.796266
95.300000000 -2.0886 32.8487 0 0 0 0.612894 0.790165
95.400000000 -2.07777 32.9061 0 0 0 0.620354 0.784322
95.500000000 -2.06831 32.962 0 0 0 0.627549 0.778577
95.600000000 -2.06013 33.0165 0 0 0 0.63448 0.772939
95.700000000 -2.04994 33.0909 0 0 0 0.64314 0.765749
95.800000000 -2.04142 33.1655 0 0 0 0.651719 0.758461
95.900000000 -2.03459 33.2403 0 0 0 0.660214 0.751077
96.000000000 -2.02945 33.3152 0 0 0 0.668627 0.743598
96.100000000 -2.02599 33.3902 0 0 0 0.676954 0.736025
96.200000000 -2.02422 33.4652 0 0 0 0.685196 0.728359
96.300000000 -2.02414 33.5403 0 0 0 0.693351 0.7206
96.400000000 -2.02575 33.6154 0 0 0 0.701418 0.71275
96.500000000 -2.02905 33.6904 0 0 0 0.709396 0.70481
96.600000000 -2.03404 33.7653 0 0 0 0.717284 0.69678
96.700000000 -2.04071 33.8401 0 0 0 0.725082 0.688663
96.800000000 -2.0463 33.9149 0 0 0 0.728049 0.685525
96.900000000 -2.05199 33.9897 0 0 0 0.730075 0.683368
97.000000000 -2.05812 34.0645 0 0 0 0.732094 0.681204
97.100000000 -2.06469 34.1392 0 0 0 0.734107 0.679034
97.200000000 -2.07171 34.2139 0 0 0 0.736113 0.676859
97.300000000 -2.07917 34.2885 0 0 0 0.738113 0.674677
97.400000000 -2.08707 34.3631 0 0 0 0.740107 0.67249
97.500000000 -2.09541 34.4376 0 0 0 0.742094 0.670296
97.600000000 -2.1042 34.5121 0 0 0 0.744074 0.668097
97.700000000 -2.11342 34.5866 0 0 0 0.746048 0.665892
97.800000000 -2.12008 34.6546 0 0 0 0.744255 0.667896
97.900000000 -2.12557 34.716 0 0 0 0.742305 0.670062
98.000000000 -2.13057 34.7758 0 0 0 0.740402 0.672165
98.100000000 -2.13509 34.834 0 0 0 0.738546 0.674203
98.200000000 -2.13918 34.8905 0 0 0 0.736737 0.676179
98.300000000 -2.14273 34.9437 0 0 0 0.735031 0.678034
98.400000000 -2.14592 34.9953 0 0 0 0.733373 0.679827
98.500000000 -2.14876 35.0452 0 0 0 0.731764 0.681558
98.600000000 -2.15128 35.0935 0 0 0 0.730205 0.683228
98.700000000 -2.1535 35.1401 0 0 0 0.728696 0.684837
98.800000000 -2.15558 35.1851 0 0 0 0.727483 0.686126
98.900000000 -2.15795 35.2367 0 0 0 0.726366 0.687308
99.000000000 -2.16009 35.2866 0 0 0 0.725285 0.688449
99.100000000 -2.16199 35.3349 0 0 0 0.724237 0.689551
99.200000000 -2.1637 35.3816 0 0 0 0.723224 0.690614
99.300000000 -2.16521 35.4265 0 0 0 0.722246 0.691637
99.400000000 -2.16654 35.4699 0 0 0 0.721302 0.692621
99.500000000 -2.1677 35.5115 0 0 0 0.720394 0.693565
99.600000000 -2.16872 35.5515 0 0 0 0.71952 0.694471
99.700000000 -2.16963 35.5915 0 0 0 0.718646 0.695376
99.800000000 -2.17101 35.6431 0 0 0 0.718081 0.695959
99.900000000 -2.17226 35.6931 0 0 0 0.717534 0.696523
100.000000000 -2.17335 35.7398 0 0 0 0.717023 0.697049
100.100000000 -2.17434 35.7848 0 0 0 0.71653 0.697556
100.200000000 -2.17526 35.8298 0 0 0 0.716037 0.698063
100.300000000 -2.17609 35.8731 0 0 0 0.715561 0.69855
100.400000000 -2.17683 35.9148 0 0 0 0.715104 0.699018
100.500000000 -2.17749 35.9547 0 0 0 0.714664 0.699468
100.600000000 -2.17807 35.9931 0 0 0 0.714243 0.699898
100.700000000 -2.17859 36.0297 0 0 0 0.713839 0.700309
100.800000000 -2.17904 36.0647 0 0 0 0.713454 0.700702
100.900000000 -2.17945 36.0997 0 0 0 0.713069 0.701094
101.000000000 -2.17991 36.1331 0 0 0 0.712885 0.701281
101.100000000 -2.18033 36.1647 0 0 0 0.712711 0.701458
101.200000000 -2.18073 36.1964 0 0 0 0.712536 0.701635
101.300000000 -2.1811 36.2264 0 0 0 0.712371 0.701803
101.400000000 -2.18143 36.2547 0 0 0 0.712215 0.701962
101.500000000 -2.18176 36.2831 0 0 0 0.712058 0.70212
101.600000000 -2.18205 36.3097 0 0 0 0.711911 0.702269
101.700000000 -2.18233 36.3364 0 0 0 0.711764 0.702418
101.800000000 -2.1826 36.3631 0 0 0 0.711617 0.702568
101.900000000 -2.18284 36.3881 0 0 0 0.711479 0.702707
102.000000000 -2.18308 36.4147 0 0 0 0.711332 0.702856
102.100000000 -2.18332 36.4414 0 0 0 0.711185 0.703005
102.200000000 -2.18354 36.468 0 0 0 0.711037 0.703154
102.300000000 -2.18376 36.4947 0 0 0 0.71089 0.703303
102.400000000 -2.18396 36.5214 0 0 0 0.710743 0.703452
102.500000000 -2.18415 36.548 0 0 0 0.710595 0.703601
102.600000000 -2.18432 36.573 0 0 0 0.710457 0.70374
102.700000000 -2.18449 36.5997 0 0 0 0.71031 0.703889
102.800000000 -2.18464 36.6247 0 0 0 0.710172 0.704029
102.900000000 -2.18479 36.6514 0 0 0 0.710024 0.704177
103.000000000 -2.18491 36.6764 0 0 0 0.709886 0.704317
103.100000000 -2.18504 36.703 0 0 0 0.709738 0.704465
103.200000000 -2.18515 36.728 0 0 0 0.7096 0.704605
103.300000000 -2.18525 36.753 0 0 0 0.709462 0.704744
103.400000000 -2.18534 36.7797 0 0 0 0.709314 0.704893
103.500000000 -2.18542 36.8064 0 0 0 0.709166 0.705041
103.600000000 -2.18549 36.8314 0 0 0 0.709028 0.70518
103.700000000 -2.1853 36.858 0 0 0 0.708436 0.705775
103.800000000 -2.185 36.883 0 0 0 0.707741 0.706472
103.900000000 -2.18465 36.908 0 0 0 0.707046 0.707168
104.000000000 -2.18425 36.933 0 0 0 0.70635 0.707863
104.100000000 -2.18378 36.9597 0 0 0 0.705607 0.708604
104.200000000 -2.18325 36.9864 0 0 0 0.704863 0.709344
104.300000000 -2.18266 37.013 0 0 0 0.704118 0.710083
104.400000000 -2.18205 37.038 0 0 0 0.703419 0.710775
104.500000000 -2.1814 37.063 0 0 0 0.70272 0.711467
104.600000000 -2.18074 37.0864 0 0 0 0.702066 0.712112
104.700000000 -2.18004 37.1097 0 0 0 0.701412 0.712756
104.800000000 -2.17938 37.133 0 0 0 0.700889 0.713271
104.900000000 -2.17867 37.1563 0 0 0 0.700365 0.713785
105.000000000 -2.17799 37.178 0 0 0 0.699878 0.714262
105.100000000 -2.17728 37.1996 0 0 0 0.699391 0.714739
105.200000000 -2.17659 37.2196 0 0 0 0.698941 0.715179
105.300000000 -2.17588 37.2396 0 0 0 0.698491 0.715619
105.400000000 -2.17514 37.2596 0 0 0 0.698041 0.716058
105.500000000 -2.17438 37.2796 0 0 0 0.69759 0.716497
105.600000000 -2.1736 37.2996 0 0 0 0.697139 0.716936
105.700000000 -2.17279 37.3196 0 0 0 0.696688 0.717374
105.800000000 -2.17222 37.3412 0 0 0 0.69681 0.717256
105.900000000 -2.17165 37.3662 0 0 0 0.697092 0.716982
106.000000000 -2.17114 37.3895 0 0 0 0.697355 0.716726
106.100000000 -2.17065 37.4129 0 0 0 0.697617 0.71647
106.200000000 -2.17021 37.4345 0 0 0 0.697861 0.716233
106.300000000 -2.16978 37.4562 0 0 0 0.698105 0.715995
106.400000000 -2.1694 37.4762 0 0 0 0.69833 0.715776
106.500000000 -2.16904 37.4962 0 0 0 0.698555 0.715556
106.600000000 -2.16865 37.5179 0 0 0 0.698799 0.715318
106.700000000 -2.16831 37.5379 0 0 0 0.699023 0.715099
106.800000000 -2.16798 37.5579 0 0 0 0.699248 0.714879
106.900000000 -2.16766 37.5779 0 0 0 0.699473 0.714659
107.000000000 -2.16736 37.5979 0 0 0 0.699697 0.714439
107.100000000 -2.16709 37.6162 0 0 0 0.699903 0.714238
107.200000000 -2.16681 37.6362 0 0 0 0.700127 0.714018
107.300000000 -2.16655 37.6562 0 0 0 0.700352 0.713798
107.400000000 -2.16629 37.6762 0 0 0 0.700576 0.713578
107.500000000 -2.16605 37.6962 0 0 0 0.7008 0.713357
107.600000000 -2.16584 37.7145 0 0 0 0.701006 0.713156
107.700000000 -2.1656 37.7362 0 0 0 0.701249 0.712917
107.800000000 -2.16531 37.7578 0 0 0 0.70137 0.712798
107.900000000 -2.16503 37.7795 0 0 0 0.701491 0.712678
108.000000000 -2.16476 37.8012 0 0 0 0.701612 0.712559
108.100000000 -2.16451 37.8212 0 0 0 0.701724 0.712449
108.200000000 -2.16425 37.8428 0 0 0 0.701846 0.712329
108.300000000 -2.164 37.8645 0 0 0 0.701967 0.71221
108.400000000 -2.16375 37.8862 0 0 0 0.702088 0.71209
108.500000000 -2.16351 37.9078 0 0 0 0.702209 0.711971
108.600000000 -2.16328 37.9295 0 0 0 0.70233 0.711851
108.700000000 -2.16307 37.9495 0 0 0 0.702442 0.711741
108.800000000 -2.16286 37.9712 0 0 0 0.702563 0.711621
108.900000000 -2.16263 37.9945 0 0 0 0.702694 0.711492
109.000000000 -2.16243 38.0162 0 0 0 0.702815 0.711373
109.100000000 -2.16222 38.0395 0 0 0 0.702945 0.711244
109.200000000 -2.16204 38.0612 0 0 0 0.703066 0.711124
109.300000000 -2.16186 38.0828 0 0 0 0.703187 0.711005
109.400000000 -2.16169 38.1045 0 0 0 0.703308 0.710885
109.500000000 -2.16152 38.1262 0 0 0 0.703429 0.710765
109.600000000 -2.16136 38.1478 0 0 0 0.70355 0.710646
109.700000000 -2.16122 38.1695 0 0 0 0.703671 0.710526
109.800000000 -2.16108 38.1895 0 0 0 0.703783 0.710415
109.900000000 -2.16094 38.2128 0 0 0 0.703913 0.710286
110.000000000 -2.1608 38.2362 0 0 0 0.704043 0.710157
110.100000000 -2.1605 38.2912 0 0 0 0.70435 0.709853
110.200000000 -2.16025 38.3445 0 0 0 0.704647 0.709558
110.300000000 -2.15998 38.4195 0 0 0 0.705093 0.709115
110.400000000 -2.1598 38.4945 0 0 0 0.70552 0.70869
110.500000000 -2.15972 38.5695 0 0 0 0.705974 0.708238
110.600000000 -2.15972 38.6445 0 0 0 0.70641 0.707803
110.700000000 -2.15988 38.7195 0 0 0 0.706957 0.707257
110.800000000 -2.15986 38.7728 0 0 0 0.706957 0.707257
110.900000000 -2.15984 38.8245 0 0 0 0.706957 0.707257
111.000000000 -2.15981 38.8995 0 0 0 0.706957 0.707257
111.100000000 -2.15978 38.9745 0 0 0 0.706957 0.707257
111.200000000 -2.15974 39.0495 0 0 0 0.706957 0.707257
111.300000000 -2.15971 39.1245 0 0 0 0.706957 0.707257
111.400000000 -2.15968 39.1995 0 0 0 0.706957 0.707257
111.500000000 -2.15965 39.2745 0 0 0 0.706957 0.707257
111.600000000 -2.15962 39.3495 0 0 0 0.706957 0.707257
111.700000000 -2.16232 39.4245 0 0 0 0.711775 0.702407
111.800000000 -2.16605 39.4994 0 0 0 0.716561 0.697525
111.900000000 -2.17056 39.5743 0 0 0 0.720892 0.693047
112.000000000 -2.17624 39.6491 0 0 0 0.725613 0.688103
112.100000000 -2.18271 39.7239 0 0 0 0.729885 0.683569
112.200000000 -2.1901 39.7985 0 0 0 0.73413 0.679009
112.300000000 -2.19843 39.8731 0 0 0 0.738345 0.674423
112.400000000 -2.20743 39.9476 0 0 0 0.742116 0.670272
112.500000000 -2.21727 40.0219 0 0 0 0.745863 0.666099
112.600000000 -2.22935 40.096 0 0 0 0.751916 0.659259
112.700000000 -2.24277 40.1699 0 0 0 0.757907 0.652363
112.800000000 -2.25754 40.2434 0 0 0 0.763834 0.645413
112.900000000 -2.27365 40.3168 0 0 0 0.769698 0.638409
113.000000000 -2.29066 40.3898 0 0 0 0.774787 0.632223
113.100000000 -2.30884 40.4626 0 0 0 0.779826 0.625997
113.200000000 -2.32773 40.5353 0 0 0 0.784087 0.620651
113.300000000 -2.34806 40.6075 0 0 0 0.789033 0.61435
113.400000000 -2.36954 40.6794 0 0 0 0.793929 0.608011
113.500000000 -2.39196 40.751 0 0 0 0.798424 0.602095
113.600000000 -2.41565 40.8222 0 0 0 0.803221 0.595681
113.700000000 -2.44048 40.893 0 0 0 0.807967 0.589228
113.800000000 -2.46797 40.9614 0 0 0 0.815695 0.578482
113.900000000 -2.49713 41.028 0 0 0 0.82355 0.567243
114.000000000 -2.5281 41.0937 0 0 0 0.831251 0.555898
114.100000000 -2.56086 41.1587 0 0 0 0.838795 0.544448
114.200000000 -2.59538 41.2226 0 0 0 0.846181 0.532895
114.300000000 -2.63165 41.2857 0 0 0 0.853409 0.521243
114.400000000 -2.66964 41.3477 0 0 0 0.860475 0.509492
114.500000000 -2.70931 41.4086 0 0 0 0.86738 0.497646
114.600000000 -2.75063 41.4684 0 0 0 0.874122 0.485706
114.700000000 -2.79387 41.5298 0 0 0 0.879289 0.476289
114.800000000 -2.83824 41.5903 0 0 0 0.884108 0.467283
114.900000000 -2.88384 41.65 0 0 0 0.888835 0.458227
115.000000000 -2.93065 41.7087 0 0 0 0.893469 0.449124
115.100000000 -2.97864 41.7664 0 0 0 0.89801 0.439974
115.200000000 -3.02781 41.8231 0 0 0 0.902458 0.430778
115.300000000 -3.07813 41.8788 0 0 0 0.906811 0.421537
115.400000000 -3.12957 41.9335 0 0 0 0.91107 0.412252
115.500000000 -3.18212 41.9871 0 0 0 0.915233 0.402924
115.600000000 -3.23575 42.0396 0 0 0 0.919301 0.393554
115.700000000 -3.28837 42.0931 0 0 0 0.920462 0.390832
115.800000000 -3.34111 42.1464 0 0 0 0.92134 0.388758
115.900000000 -3.39408 42.1995 0 0 0 0.922213 0.386682
116.000000000 -3.44729 42.2524 0 0 0 0.923081 0.384605
116.100000000 -3.50074 42.305 0 0 0 0.923945 0.382525
116.200000000 -3.55443 42.3574 0 0 0 0.924804 0.380444
116.300000000 -3.60835 42.4095 0 0 0 0.925658 0.378361
116.400000000 -3.66251 42.4614 0 0 0 0.926508 0.376275
116.500000000 -3.7169 42.513 0 0 0 0.927353 0.374188
116.600000000 -3.77152 42.5644 0 0 0 0.928193 0.372099
116.700000000 -3.82637 42.6156 0 0 0 0.929029 0.370008
116.800000000 -3.88145 42.6665 0 0 0 0.929859 0.367915
116.900000000 -3.93676 42.7172 0 0 0 0.930686 0.36582
117.000000000 -3.9923 42.7676 0 0 0 0.931507 0.363724
117.100000000 -4.04933 42.8127 0 0 0 0.936407 0.350917
117.200000000 -4.09688 42.8423 0 0 0 0.943979 0.330006
117.300000000 -4.13512 42.8574 0 0 0 0.953506 0.301374
117.400000000 -4.16121 42.8565 0 0 0 0.9646 0.263717
117.500000000 -4.17287 42.8409 0 0 0 0.976246 0.216665
117.600000000 -4.18041 42.8224 0 0 0 0.985855 0.167602
117.700000000 -4.18607 42.8032 0 0 0 0.992999 0.11812
117.800000000 -4.18978 42.7836 0 0 0 0.997662 0.0683434
117.900000000 -4.19151 42.7637 0 0 0 0.999831 0.0183956
118.000000000 -4.19125 42.7437 0 0 0 0.999501 -0.0315981
118.100000000 -4.18899 42.7238 0 0 0 0.996672 -0.0815128
118.200000000 -4.18476 42.7043 0 0 0 0.991353 -0.131224
118.300000000 -4.1786 42.6852 0 0 0 0.983555 -0.180607
118.400000000 -4.17057 42.6669 0 0 0 0.9733 -0.229538
118.500000000 -4.16076 42.6495 0 0 0 0.960611 -0.277896
118.600000000 -4.14925 42.6332 0 0 0 0.945522 -0.325559
118.700000000 -4.13617 42.6181 0 0 0 0.928069 -0.372409
118.800000000 -4.12165 42.6043 0 0 0 0.908296 -0.418328
118.900000000 -4.10583 42.5921 0 0 0 0.886253 -0.463201
119.000000000 -4.08886 42.5815 0 0 0 -0.861995 0.506916
119.100000000 -4.07093 42.5727 0 0 0 -0.835583 0.549364
119.200000000 -4.0522 42.5657 0 0 0 -0.807082 0.59044
119.300000000 -4.03287 42.5606 0 0 0 -0.776564 0.630039
119.400000000 -4.01313 42.5575 0 0 0 -0.744104 0.668064
119.500000000 -3.99317 42.5563 0 0 0 -0.709785 0.704418
119.600000000 -3.97319 42.5572 0 0 0 -0.673692 0.739012
119.700000000 -3.9534 42.56 0 0 0 -0.635915 0.771759
119.800000000 -3.934 42.5648 0 0 0 -0.596548 0.802577
119.900000000 -3.91517 42.5715 0 0 0 -0.55569 0.831389
120.000000000 -3.8971 42.5801 0 0 0 -0.513444 0.858123
120.100000000 -3.87998 42.5904 0 0 0 -0.469914 0.882712
120.200000000 -3.86397 42.6024 0 0 0 -0.425209 0.905095
120.300000000 -3.84924 42.6159 0 0 0 -0.379442 0.925216
120.400000000 -3.83593 42.6308 0 0 0 -0.332726 0.943023
120.500000000 -3.82418 42.647 0 0 0 -0.285179 0.958474
120.600000000 -3.8141 42.6642 0 0 0 -0.236919 0.971529
120.700000000 -3.8058 42.6824 0 0 0 -0.188066 0.982156
120.800000000 -3.78537 42.6923 0 0 0 -0.146672 0.989185
120.900000000 -3.7648 42.7034 0 0 0 -0.105584 0.99441
121.000000000 -3.74523 42.7161 0 0 0 -0.0643147 0.99793
121.100000000 -3.72677 42.7304 0 0 0 -0.0229352 0.999737
121.200000000 -3.70955 42.7462 0 0 0 0.0184836 0.999829
121.300000000 -3.69371 42.7634 0 0 0 0.0598708 0.998206
121.400000000 -3.67933 42.7818 0 0 0 0.101155 0.994871
121.500000000 -3.66653 42.8013 0 0 0 0.142266 0.989828
121.600000000 -3.65539 42.8218 0 0 0 0.183133 0.983088
121.700000000 -3.64598 42.8432 0 0 0 0.223686 0.974661
121.800000000 -3.61921 42.8703 0 0 0 0.2546 0.967047
121.900000000 -3.57853 42.9042 0 0 0 0.277561 0.960708
122.000000000 -3.52865 42.9443 0 0 0 0.294962 0.955509
122.100000000 -3.47945 42.9864 0 0 0 0.311862 0.950127
122.200000000 -3.43178 43.0303 0 0 0 0.328664 0.944447
122.300000000 -3.3857 43.0759 0 0 0 0.345363 0.938469
122.400000000 -3.34126 43.123 0 0 0 0.361954 0.932196
122.500000000 -3.29852 43.1717 0 0 0 0.37843 0.92563
122.600000000 -3.25753 43.2219 0 0 0 0.394787 0.918773
122.700000000 -3.21835 43.2735 0 0 0 0.41102 0.911626
122.800000000 -3.18102 43.3264 0 0 0 0.427124 0.904193
122.900000000 -3.1456 43.3807 0 0 0 0.443094 0.896475
123.000000000 -3.10261 43.4422 0 0 0 0.45026 0.892897
123.100000000 -3.05777 43.5023 0 0 0 0.44957 0.893245
123.200000000 -3.01237 43.562 0 0 0 0.447557 0.894255
123.300000000 -2.96669 43.6215 0 0 0 0.445542 0.895261
123.400000000 -2.92075 43.6808 0 0 0 0.443525 0.896262
123.500000000 -2.87455 43.7399 0 0 0 0.441506 0.897258
123.600000000 -2.82807 43.7987 0 0 0 0.439485 0.89825
123.700000000 -2.78133 43.8574 0 0 0 0.437461 0.899237
123.800000000 -2.73681 43.9178 0 0 0 0.442497 0.89677
123.900000000 -2.69317 43.9788 0 0 0 0.448075 0.893996
124.000000000 -2.65029 44.0404 0 0 0 0.453635 0.891188
124.100000000 -2.60818 44.1025 0 0 0 0.459178 0.888344
124.200000000 -2.56685 44.1651 0 0 0 0.464703 0.885467
124.300000000 -2.5263 44.2282 0 0 0 0.47021 0.882555
124.400000000 -2.48654 44.2918 0 0 0 0.475698 0.879608
124.500000000 -2.44758 44.3559 0 0 0 0.481169 0.876628
124.600000000 -2.40942 44.4205 0 0 0 0.48662 0.873614
124.700000000 -2.37207 44.4856 0 0 0 0.492053 0.870565
124.800000000 -2.33762 44.5523 0 0 0 0.50269 0.864467
124.900000000 -2.30524 44.6196 0 0 0 0.513673 0.857986
125.000000000 -2.27458 44.6876 0 0 0 0.524573 0.851366
125.100000000 -2.24567 44.7563 0 0 0 0.535387 0.844607
125.200000000 -2.21852 44.8258 0 0 0 0.546114 0.837711
125.300000000 -2.19315 44.896 0 0 0 0.556753 0.830678
125.400000000 -2.16959 44.9668 0 0 0 0.5673 0.823511
125.500000000 -2.14783 45.0381 0 0 0 0.577756 0.81621
125.600000000 -2.1279 45.11 0 0 0 0.588117 0.808776
125.700000000 -2.10981 45.1824 0 0 0 0.598383 0.80121
125.800000000 -2.09357 45.2552 0 0 0 0.608552 0.793514
125.900000000 -2.0792 45.3284 0 0 0 0.618622 0.785689
126.000000000 -2.06669 45.402 0 0 0 0.628591 0.777736
126.100000000 -2.05607 45.4758 0 0 0 0.638457 0.769657
126.200000000 -2.04733 45.5499 0 0 0 0.64822 0.761453
126.300000000 -2.04048 45.6242 0 0 0 0.657878 0.753125
126.400000000 -2.03554 45.6986 0 0 0 0.667428 0.744674
126.500000000 -2.03249 45.7732 0 0 0 0.67687 0.736102
126.600000000 -2.03134 45.8478 0 0 0 0.686202 0.727411
126.700000000 -2.0321 45.9224 0 0 0 0.695423 0.718601
126.800000000 -2.03351 45.9974 0 0 0 0.702346 0.711836
126.900000000 -2.03616 46.0724 0 0 0 0.708819 0.70539
127.000000000 -2.04017 46.1474 0 0 0 0.715233 0.698886
127.100000000 -2.04556 46.2222 0 0 0 0.721587 0.692324
127.200000000 -2.05231 46.297 0 0 0 0.727881 0.685704
127.300000000 -2.06043 46.3716 0 0 0 0.734114 0.679026
127.400000000 -2.06991 46.4461 0 0 0 0.740286 0.672292
127.500000000 -2.08074 46.5203 0 0 0 0.746396 0.665502
127.600000000 -2.09293 46.5944 0 0 0 0.752444 0.658657
127.700000000 -2.10648 46.6682 0 0 0 0.758429 0.651756
127.800000000 -2.11716 46.7425 0 0 0 0.757435 0.652911
127.900000000 -2.12732 46.8168 0 0 0 0.755963 0.654615
128.000000000 -2.13715 46.8911 0 0 0 0.754487 0.656315
128.100000000 -2.14665 46.9655 0 0 0 0.753007 0.658013
128.200000000 -2.15581 47.04 0 0 0 0.751523 0.659706
128.300000000 -2.16463 47.1145 0 0 0 0.750036 0.661397
128.400000000 -2.17312 47.189 0 0 0 0.748545 0.663084
128.500000000 -2.18127 47.2635 0 0 0 0.74705 0.664768
128.600000000 -2.18909 47.3381 0 0 0 0.745551 0.666449
128.700000000 -2.19657 47.4128 0 0 0 0.744048 0.668126
128.800000000 -2.20372 47.4874 0 0 0 0.742542 0.669799
128.900000000 -2.21053 47.5621 0 0 0 0.741032 0.67147
129.000000000 -2.21592 47.6369 0 0 0 0.737685 0.675145
129.100000000 -2.22056 47.7118 0 0 0 0.734319 0.678804
129.200000000 -2.22446 47.7867 0 0 0 0.730936 0.682446
129.300000000 -2.22762 47.8617 0 0 0 0.727534 0.686071
129.400000000 -2.23003 47.9366 0 0 0 0.724115 0.68968
129.500000000 -2.23169 48.0116 0 0 0 0.720677 0.693271
129.600000000 -2.23261 48.0867 0 0 0 0.717222 0.696845
129.700000000 -2.23387 48.1617 0 0 0 0.715651 0.698458
129.800000000 -2.2348 48.2366 0 0 0 0.714076 0.700068
129.900000000 -2.23538 48.3116 0 0 0 0.712498 0.701674
130.000000000 -2.23563 48.3867 0 0 0 0.710916 0.703277
130.100000000 -2.23554 48.4617 0 0 0 0.709331 0.704876
130.200000000 -2.23511 48.5367 0 0 0 0.707742 0.706471
130.300000000 -2.23435 48.6117 0 0 0 0.706149 0.708063
130.400000000 -2.23324 48.6867 0 0 0 0.704553 0.709651
130.500000000 -2.2318 48.7616 0 0 0 0.702954 0.711236
130.600000000 -2.23002 48.8366 0 0 0 0.70135 0.712817
130.700000000 -2.22791 48.9116 0 0 0 0.699743 0.714394
130.800000000 -2.22635 48.9866 0 0 0 0.699743 0.714394
130.900000000 -2.2248 49.0616 0 0 0 0.699743 0.714394
131.000000000 -2.22324 49.1366 0 0 0 0.699743 0.714394
131.100000000 -2.22169 49.2115 0 0 0 0.699743 0.714394
131.200000000 -2.22014 49.2865 0 0 0 0.699743 0.714394
131.300000000 -2.21858 49.3615 0 0 0 0.699743 0.714394
131.400000000 -2.21703 49.4365 0 0 0 0.699743 0.714394
131.500000000 -2.21547 49.5115 0 0 0 0.699743 0.714394
131.600000000 -2.21392 49.5865 0 0 0 0.699743 0.714394
131.700000000 -2.21268 49.6614 0 0 0 0.700296 0.713853
131.800000000 -2.21155 49.7364 0 0 0 0.700847 0.713311
131.900000000 -2.21053 49.8114 0 0 0 0.701399 0.712769
132.000000000 -2.20964 49.8864 0 0 0 0.70195 0.712226
132.100000000 -2.20886 49.9614 0 0 0 0.7025 0.711683
132.200000000 -2.20819 50.0364 0 0 0 0.703051 0.71114
132.300000000 -2.20764 50.1114 0 0 0 0.7036 0.710596
132.400000000 -2.20721 50.1864 0 0 0 0.70415 0.710052
132.500000000 -2.20689 50.2614 0 0 0 0.704698 0.709507
132.600000000 -2.20669 50.3364 0 0 0 0.705247 0.708962
132.700000000 -2.2063 50.4114 0 0 0 0.705247 0.708962
132.800000000 -2.20591 50.4864 0 0 0 0.705247 0.708962
132.900000000 -2.20551 50.5614 0 0 0 0.705247 0.708962
133.000000000 -2.20512 50.6364 0 0 0 0.705247 0.708962
133.100000000 -2.20472 50.7114 0 0 0 0.705247 0.708962
133.200000000 -2.20433 50.7864 0 0 0 0.705247 0.708962
133.300000000 -2.20394 50.8614 0 0 0 0.705247 0.708962
133.400000000 -2.20354 50.9364 0 0 0 0.705247 0.708962
133.500000000 -2.20315 51.0114 0 0 0 0.705247 0.708962
133.600000000 -2.20275 51.0864 0 0 0 0.705247 0.708962
133.700000000 -2.20236 51.1614 0 0 0 0.705247 0.708962
133.800000000 -2.20342 51.2364 0 0 0 0.707828 0.706384
133.900000000 -2.20476 51.3114 0 0 0 0.709916 0.704286
134.000000000 -2.20654 51.3864 0 0 0 0.711997 0.702182
134.100000000 -2.20877 51.4614 0 0 0 0.714072 0.700072
134.200000000 -2.21171 51.5363 0 0 0 0.716621 0.697462
134.300000000 -2.21547 51.6112 0 0 0 0.719626 0.694361
134.400000000 -2.22039 51.6861 0 0 0 0.723509 0.690315
134.500000000 -2.2264 51.7609 0 0 0 0.727795 0.685794
134.600000000 -2.23309 51.8356 0 0 0 0.73163 0.681702
134.700000000 -2.24062 51.9102 0 0 0 0.735441 0.677589
134.800000000 -2.24873 51.9848 0 0 0 0.738801 0.673924
134.900000000 -2.25784 52.0593 0 0 0 0.742568 0.66977
135.000000000 -2.26752 52.1337 0 0 0 0.745889 0.666071
135.100000000 -2.27769 52.208 0 0 0 0.748758 0.662844
135.200000000 -2.28901 52.2821 0 0 0 0.752463 0.658634
135.300000000 -2.29864 52.3565 0 0 0 0.751954 0.659216
135.400000000 -2.30906 52.4308 0 0 0 0.752957 0.658069
135.500000000 -2.31792 52.5053 0 0 0 0.751006 0.660295
135.600000000 -2.32924 52.5794 0 0 0 0.753851 0.657046
135.700000000 -2.34195 52.6534 0 0 0 0.757929 0.652337
135.800000000 -2.35776 52.7268 0 0 0 0.76555 0.643376
135.900000000 -2.37549 52.7998 0 0 0 0.773381 0.633941
136.000000000 -2.39021 52.8733 0 0 0 0.773381 0.633941
136.100000000 -2.40953 52.9459 0 0 0 0.780785 0.6248
136.200000000 -2.43074 53.0179 0 0 0 0.788387 0.61518
136.300000000 -2.45372 53.0894 0 0 0 0.795871 0.605466
136.400000000 -2.47844 53.1603 0 0 0 0.803235 0.595662
136.500000000 -2.5049 53.2306 0 0 0 0.810478 0.585769
136.600000000 -2.53306 53.3002 0 0 0 0.8176 0.575787
136.700000000 -2.56293 53.3691 0 0 0 0.824598 0.565719
136.800000000 -2.59154 53.4385 0 0 0 0.827034 0.562153
136.900000000 -2.62049 53.5077 0 0 0 0.829079 0.559132
137.000000000 -2.64994 53.5767 0 0 0 0.831113 0.556104
137.100000000 -2.6799 53.6454 0 0 0 0.833136 0.553068
137.200000000 -2.71036 53.714 0 0 0 0.835148 0.550025
137.300000000 -2.74132 53.7823 0 0 0 0.837149 0.546975
137.400000000 -2.77278 53.8504 0 0 0 0.839139 0.543917
137.500000000 -2.80473 53.9182 0 0 0 0.841117 0.540852
137.600000000 -2.83718 53.9859 0 0 0 0.843085 0.537781
137.700000000 -2.87012 54.0533 0 0 0 0.845041 0.534701
137.800000000 -2.89912 54.1225 0 0 0 0.840423 0.54193
137.900000000 -2.92652 54.1924 0 0 0 0.835138 0.55004
138.000000000 -2.95257 54.2628 0 0 0 0.829775 0.558098
138.100000000 -2.97725 54.3337 0 0 0 0.824334 0.566104
138.200000000 -3.00055 54.405 0 0 0 0.818815 0.574057
138.300000000 -3.02247 54.4768 0 0 0 0.81322 0.581956
138.400000000 -3.04299 54.549 0 0 0 0.807549 0.589801
138.500000000 -3.06211 54.6216 0 0 0 0.801802 0.59759
138.600000000 -3.07982 54.6945 0 0 0 0.79598 0.605324
138.700000000 -3.09531 54.768 0 0 0 0.788804 0.614645
138.800000000 -3.10907 54.8418 0 0 0 0.78152 0.623881
138.900000000 -3.12108 54.916 0 0 0 0.774127 0.633031
139.000000000 -3.13135 54.9903 0 0 0 0.766627 0.642093
139.100000000 -3.13987 55.0649 0 0 0 0.759021 0.651066
139.200000000 -3.14663 55.1397 0 0 0 0.75131 0.659949
139.300000000 -3.15162 55.2147 0 0 0 0.743495 0.668741
139.400000000 -3.15486 55.2897 0 0 0 0.735577 0.677441
139.500000000 -3.15633 55.3648 0 0 0 0.727558 0.686046
139.600000000 -3.15603 55.4399 0 0 0 0.719438 0.694557
139.700000000 -3.15396 55.5149 0 0 0 0.711218 0.702972
139.800000000 -3.15013 55.5899 0 0 0 0.7029 0.711289
139.900000000 -3.14454 55.6648 0 0 0 0.694484 0.719508
140.000000000 -3.13718 55.7395 0 0 0 0.685973 0.727627
140.100000000 -3.12807 55.8141 0 0 0 0.677366 0.735646
140.200000000 -3.11503 55.8717 0 0 0 0.662042 0.749467
140.300000000 -3.09845 55.9126 0 0 0 0.640371 0.768066
140.400000000 -3.07932 55.9344 0 0 0 0.611325 0.791379
140.500000000 -3.06005 55.9316 0 0 0 0.572259 0.820073
140.600000000 -3.0414 55.9253 0 0 0 0.531212 0.847239
140.700000000 -3.02345 55.9173 0 0 0 0.488879 0.872352
140.800000000 -3.00638 55.9075 0 0 0 0.445361 0.895351
140.900000000 -2.99036 55.8961 0 0 0 0.400764 0.916181
141.000000000 -2.97553 55.8832 0 0 0 0.355196 0.934792
141.100000000 -2.96204 55.8689 0 0 0 0.308768 0.951137
141.200000000 -2.95003 55.8533 0 0 0 0.261592 0.965179
141.300000000 -2.9396 55.8366 0 0 0 0.213781 0.976882
141.400000000 -2.93086 55.819 0 0 0 0.165453 0.986218
141.500000000 -2.9239 55.8006 0 0 0 0.116724 0.993164
141.600000000 -2.91878 55.7816 0 0 0 0.0677122 0.997705
141.700000000 -2.91555 55.7622 0 0 0 0.0185363 0.999828
141.800000000 -2.91424 55.7426 0 0 0 -0.0306845 0.999529
141.900000000 -2.91487 55.723 0 0 0 -0.079831 0.996808
142.000000000 -2.91743 55.7035 0 0 0 -0.128784 0.991673
142.100000000 -2.92189 55.6843 0 0 0 -0.177425 0.984134
142.200000000 -2.92822 55.6657 0 0 0 -0.225636 0.974212
142.300000000 -2.93634 55.6478 0 0 0 -0.273301 0.961929
142.400000000 -2.94619 55.6307 0 0 0 -0.320303 0.947315
142.500000000 -2.95766 55.6148 0 0 0 -0.366529 0.930406
142.600000000 -2.97064 55.6 0 0 0 -0.411868 0.911244
142.700000000 -2.97504 55.5789 0 0 0 -0.450804 0.892623
142.800000000 -2.98034 55.5574 0 0 0 -0.488384 0.872629
142.900000000 -2.98745 55.5365 0 0 0 -0.525078 0.851054
143.000000000 -2.99631 55.5162 0 0 0 -0.560821 0.827937
143.100000000 -3.00686 55.4968 0 0 0 -0.595548 0.80332
143.200000000 -3.01902 55.4783 0 0 0 -0.629196 0.777247
143.300000000 -3.03271 55.461 0 0 0 -0.661703 0.749766
143.400000000 -3.04783 55.4448 0 0 0 -0.693012 0.720926
143.500000000 -3.06427 55.43 0 0 0 -0.723065 0.69078
143.600000000 -3.0819 55.4167 0 0 0 -0.751808 0.659383
143.700000000 -3.10061 55.4049 0 0 0 -0.779188 0.62679
143.800000000 -3.1207 55.3743 0 0 0 -0.799258 0.600987
143.900000000 -3.14418 55.3285 0 0 0 -0.813804 0.58114
144.000000000 -3.17203 55.2681 0 0 0 -0.823495 0.567323
144.100000000 -3.20205 55.2078 0 0 0 -0.832711 0.553708
144.200000000 -3.23403 55.1486 0 0 0 -0.841701 0.539944
144.300000000 -3.26795 55.0904 0 0 0 -0.850464 0.526034
144.400000000 -3.30376 55.0334 0 0 0 -0.858997 0.511981
144.500000000 -3.34142 54.9776 0 0 0 0.867298 -0.49779
144.600000000 -3.3809 54.923 0 0 0 0.875364 -0.483465
144.700000000 -3.42215 54.8698 0 0 0 0.883194 -0.469008
144.800000000 -3.46751 54.81 0 0 0 0.887939 -0.459962
144.900000000 -3.51409 54.7511 0 0 0 0.892591 -0.450868
145.000000000 -3.56186 54.6932 0 0 0 0.89715 -0.441727
145.100000000 -3.61081 54.6363 0 0 0 0.901615 -0.432539
145.200000000 -3.66091 54.5804 0 0 0 0.905986 -0.423307
145.300000000 -3.71213 54.5255 0 0 0 0.910263 -0.41403
145.400000000 -3.76431 54.4716 0 0 0 0.914228 -0.4052
145.500000000 -3.81753 54.4186 0 0 0 0.918108 -0.396331
145.600000000 -3.87176 54.3667 0 0 0 0.921901 -0.387426
145.700000000 -3.92699 54.3159 0 0 0 0.925608 -0.378484
145.800000000 -3.98318 54.2661 0 0 0 0.929228 -0.369506
145.900000000 -4.04033 54.2175 0 0 0 0.932762 -0.360494
146.000000000 -4.09842 54.1699 0 0 0 0.936207 -0.351448
146.100000000 -4.15 54.1349 0 0 0 0.942715 -0.3336
146.200000000 -4.19236 54.1145 0 0 0 0.951367 -0.308059
146.300000000 -4.22397 54.1091 0 0 0 0.961662 -0.274237
146.400000000 -4.2392 54.1214 0 0 0 0.973336 -0.229384
146.500000000 -4.2485 54.1388 0 0 0 0.983444 -0.181211
146.600000000 -4.25605 54.1569 0 0 0 0.99117 -0.1326
146.700000000 -4.26177 54.1757 0 0 0 0.996494 -0.0836666
146.800000000 -4.26562 54.195 0 0 0 0.999404 -0.034531
146.900000000 -4.26755 54.2146 0 0 0 0.999892 0.0146883
147.000000000 -4.26755 54.2343 0 0 0 0.997958 0.063872
147.100000000 -4.26562 54.2538 0 0 0 0.993606 0.112901
147.200000000 -4.26177 54.2731 0 0 0 0.986847 0.161656
147.300000000 -4.25605 54.2919 0 0 0 0.977697 0.21002
147.400000000 -4.2485 54.3101 0 0 0 0.966178 0.257875
147.500000000 -4.23921 54.3274 0 0 0 0.952319 0.305105
147.600000000 -4.22826 54.3438 0 0 0 0.936152 0.351596
147.700000000 -4.21575 54.3589 0 0 0 0.917717 0.397235
147.800000000 -4.20181 54.3728 0 0 0 0.897058 0.441912
147.900000000 -4.18658 54.3853 0 0 0 0.874227 0.485518
148.000000000 -4.17019 54.3961 0 0 0 0.849277 0.527948
148.100000000 -4.15282 54.4054 0 0 0 0.822269 0.569098
148.200000000 -4.13463 54.4128 0 0 0 0.79327 0.60887
148.300000000 -4.11579 54.4185 0 0 0 0.762348 0.647167
148.400000000 -4.09648 54.4222 0 0 0 0.72958 0.683896
148.500000000 -4.0769 54.4241 0 0 0 0.695044 0.718968
148.600000000 -4.05723 54.424 0 0 0 0.658824 0.752298
148.700000000 -4.03919 54.4468 0 0 0 0.630352 0.77631
148.800000000 -4.01928 54.4861 0 0 0 0.607928 0.793992
148.900000000 -3.99659 54.5323 0 0 0 0.588208 0.80871
149.000000000 -3.97157 54.5782 0 0 0 0.568455 0.822714
149.100000000 -3.94435 54.6227 0 0 0 0.548369 0.836237
149.200000000 -3.91501 54.666 0 0 0 0.527961 0.849268
149.300000000 -3.88361 54.7077 0 0 0 0.507244 0.861802
149.400000000 -3.85023 54.7479 0 0 0 0.486229 0.873831
149.500000000 -3.81494 54.7864 0 0 0 0.46493 0.885348
149.600000000 -3.77783 54.8232 0 0 0 0.443357 0.896345
149.700000000 -3.73898 54.8581 0 0 0 0.421525 0.906817
149.800000000 -3.69031 54.9059 0 0 0 0.406963 0.913445
149.900000000 -3.63746 54.9592 0 0 0 0.398602 0.917124
150.000000000 -3.58397 55.0118 0 0 0 0.391244 0.920287
150.100000000 -3.52964 55.0636 0 0 0 0.38386 0.923391
150.200000000 -3.47449 55.1145 0 0 0 0.376451 0.926437
150.300000000 -3.41853 55.1645 0 0 0 0.369018 0.929422
150.400000000 -3.36178 55.2136 0 0 0 0.361562 0.932348
150.500000000 -3.30425 55.2618 0 0 0 0.354082 0.935214
150.600000000 -3.24595 55.309 0 0 0 0.34658 0.938021
150.700000000 -3.1869 55.3553 0 0 0 0.339055 0.940767
150.800000000 -3.12954 55.4036 0 0 0 0.340488 0.940249
150.900000000 -3.07251 55.4524 0 0 0 0.342604 0.93948
151.000000000 -3.01588 55.5015 0 0 0 0.345383 0.938462
151.100000000 -2.95954 55.5511 0 0 0 0.348159 0.937435
151.200000000 -2.9035 55.6009 0 0 0 0.350932 0.936401
151.300000000 -2.84775 55.6511 0 0 0 0.353702 0.935358
151.400000000 -2.7923 55.7016 0 0 0 0.356468 0.934307
151.500000000 -2.73715 55.7524 0 0 0 0.359232 0.933248
151.600000000 -2.68231 55.8036 0 0 0 0.361992 0.932181
151.700000000 -2.62777 55.8551 0 0 0 0.36475 0.931106
151.800000000 -2.57353 55.9069 0 0 0 0.367504 0.930022
151.900000000 -2.5196 55.959 0 0 0 0.370254 0.92893
152.000000000 -2.46558 56.0111 0 0 0 0.371669 0.928365
152.100000000 -2.41172 56.0633 0 0 0 0.373083 0.927798
152.200000000 -2.35803 56.1156 0 0 0 0.374496 0.927229
152.300000000 -2.30449 56.1681 0 0 0 0.375908 0.926657
152.400000000 -2.25111 56.2208 0 0 0 0.377319 0.926083
152.500000000 -2.19789 56.2737 0 0 0 0.37873 0.925507
152.600000000 -2.14483 56.3267 0 0 0 0.380139 0.924929
152.700000000 -2.09194 56.3799 0 0 0 0.381548 0.924349
152.800000000 -2.03877 56.4328 0 0 0 0.381548 0.924349
152.900000000 -1.98561 56.4857 0 0 0 0.381548 0.924349
153.000000000 -1.93245 56.5386 0 0 0 0.381548 0.924349
153.100000000 -1.87929 56.5915 0 0 0 0.381548 0.924349
153.200000000 -1.82612 56.6444 0 0 0 0.381548 0.924349
153.300000000 -1.77296 56.6973 0 0 0 0.381548 0.924349
153.400000000 -1.7198 56.7502 0 0 0 0.381548 0.924349
153.500000000 -1.66663 56.8031 0 0 0 0.381548 0.924349
153.600000000 -1.61347 56.856 0 0 0 0.381548 0.924349
153.700000000 -1.56031 56.9089 0 0 0 0.381548 0.924349
153.800000000 -1.50671 56.9614 0 0 0 0.380139 0.924929
153.900000000 -1.45296 57.0137 0 0 0 0.37873 0.925507
154.000000000 -1.39905 57.0658 0 0 0 0.377319 0.926083
154.100000000 -1.34498 57.1178 0 0 0 0.375908 0.926657
154.200000000 -1.29075 57.1696 0 0 0 0.374496 0.927229
154.300000000 -1.23637 57.2212 0 0 0 0.373083 0.927798
154.400000000 -1.18183 57.2727 0 0 0 0.371669 0.928365
154.500000000 -1.12713 57.324 0 0 0 0.370254 0.92893
154.600000000 -1.07227 57.3752 0 0 0 0.368839 0.929493
154.700000000 -1.01726 57.4262 0 0 0 0.367422 0.930054
154.800000000 -0.95947 57.4741 0 0 0 0.35693 0.934131
154.900000000 -0.900484 57.5206 0 0 0 0.345918 0.938265
155.000000000 -0.840421 57.5657 0 0 0 0.334857 0.942269
155.100000000 -0.779314 57.6093 0 0 0 0.32375 0.946143
155.200000000 -0.717198 57.6515 0 0 0 0.312598 0.949885
155.300000000 -0.654106 57.6922 0 0 0 0.301403 0.953497
155.400000000 -0.590073 57.7314 0 0 0 0.290166 0.956976
155.500000000 -0.525136 57.7691 0 0 0 0.27889 0.960323
155.600000000 -0.459329 57.8053 0 0 0 0.267574 0.963537
155.700000000 -0.39269 57.8399 0 0 0 0.256222 0.966618
155.800000000 -0.326255 57.8717 0 0 0 0.243405 0.969925
155.900000000 -0.259756 57.9011 0 0 0 0.230083 0.973171
156.000000000 -0.192475 57.9287 0 0 0 0.216718 0.976234
156.100000000 -0.124464 57.9544 0 0 0 0.203312 0.979114
156.200000000 -0.0557738 57.9782 0 0 0 0.189867 0.98181
156.300000000 0.0135442 58.0002 0 0 0 0.176387 0.984321
156.400000000 0.0834379 58.0202 0 0 0 0.162874 0.986647
156.500000000 0.153855 58.0383 0 0 0 0.14933 0.988787
156.600000000 0.224741 58.0545 0 0 0 0.135758 0.990742
156.700000000 0.295152 58.0685 0 0 0 0.122331 0.992489
156.800000000 0.365752 58.0814 0 0 0 0.110768 0.993846
156.900000000 0.433291 58.0923 0 0 0 0.100315 0.994956
157.000000000 0.499394 58.1016 0 0 0 0.0901074 0.995932
157.100000000 0.564017 58.1093 0 0 0 0.0801455 0.996783
157.200000000 0.625462 58.1154 0 0 0 0.070687 0.997499
157.300000000 0.685349 58.1202 0 0 0 0.061478 0.998108
157.400000000 0.74365 58.1238 0 0 0 0.0525197 0.99862
157.500000000 0.798673 58.1262 0 0 0 0.0440695 0.999028
157.600000000 0.852061 58.1277 0 0 0 0.0358724 0.999356
157.700000000 0.903798 58.1282 0 0 0 0.0279291 0.99961
157.800000000 0.953868 58.1279 0 0 0 0.0202403 0.999795
157.900000000 1.00226 58.1269 0 0 0 0.0128067 0.999918
158.000000000 1.04896 58.1252 0 0 0 0.00562875 0.999984
158.100000000 1.09897 58.1237 0 0 0 0.000451531 1
158.200000000 1.1473 58.1217 0 0 0 -0.00455313 0.99999
158.300000000 1.19394 58.1194 0 0 0 -0.00938511 0.999956
158.400000000 1.23888 58.1167 0 0 0 -0.0140443 0.999901
158.500000000 1.28214 58.1137 0 0 0 -0.0185307 0.999828
158.600000000 1.32371 58.1104 0 0 0 -0.0228441 0.999739
158.700000000 1.36358 58.1069 0 0 0 -0.0269846 0.999636
158.800000000 1.40514 58.1038 0 0 0 -0.0292837 0.999571
158.900000000 1.44502 58.1007 0 0 0 -0.0311734 0.999514
159.000000000 1.48324 58.0975 0 0 0 -0.0329843 0.999456
159.100000000 1.52144 58.0943 0 0 0 -0.034795 0.999394
159.200000000 1.55797 58.0911 0 0 0 -0.0365269 0.999333
159.300000000 1.59282 58.0878 0 0 0 -0.03818 0.999271
159.400000000 1.62601 58.0847 0 0 0 -0.0397543 0.999209
159.500000000 1.65753 58.0816 0 0 0 -0.0412497 0.999149
159.600000000 1.68904 58.0783 0 0 0 -0.0427451 0.999086
159.700000000 1.71888 58.0752 0 0 0 -0.0441617 0.999024
159.800000000 1.74873 58.0722 0 0 0 -0.0451045 0.998982
159.900000000 1.77691 58.0693 0 0 0 -0.0459948 0.998942
160.000000000 1.80344 58.0665 0 0 0 -0.0468328 0.998903
160.100000000 1.82995 58.0637 0 0 0 -0.0476707 0.998863
160.200000000 1.85481 58.061 0 0 0 -0.0484562 0.998825
160.300000000 1.87966 58.0582 0 0 0 -0.0492417 0.998787
160.400000000 1.90285 58.0557 0 0 0 -0.0499748 0.99875
160.500000000 1.92604 58.053 0 0 0 -0.0507079 0.998714
160.600000000 1.94757 58.0506 0 0 0 -0.0513886 0.998679
160.700000000 1.96913 58.0484 0 0 0 -0.0512186 0.998687
160.800000000 1.98904 58.0465 0 0 0 -0.0509048 0.998704
160.900000000 2.00894 58.0446 0 0 0 -0.0505909 0.998719
161.000000000 2.0272 58.0429 0 0 0 -0.0503032 0.998734
161.100000000 2.04711 58.041 0 0 0 -0.0499894 0.99875
161.200000000 2.06702 58.0391 0 0 0 -0.0496755 0.998765
161.300000000 2.08693 58.0372 0 0 0 -0.0493616 0.998781
161.400000000 2.10685 58.0354 0 0 0 -0.0490477 0.998796
161.500000000 2.1251 58.0337 0 0 0 -0.04876 0.998811
161.600000000 2.14502 58.0319 0 0 0 -0.0484461 0.998826
161.700000000 2.16659 58.0299 0 0 0 -0.0482761 0.998834
161.800000000 2.18651 58.028 0 0 0 -0.0481192 0.998842
161.900000000 2.20808 58.026 0 0 0 -0.0479492 0.99885
162.000000000 2.22799 58.0241 0 0 0 -0.0477923 0.998857
162.100000000 2.24791 58.0223 0 0 0 -0.0476354 0.998865
162.200000000 2.26948 58.0203 0 0 0 -0.0474654 0.998873
162.300000000 2.29106 58.0183 0 0 0 -0.0472954 0.998881
162.400000000 2.31263 58.0163 0 0 0 -0.0471254 0.998889
162.500000000 2.33421 58.0143 0 0 0 -0.0469554 0.998897
162.600000000 2.35579 58.0124 0 0 0 -0.0467854 0.998905
162.700000000 2.37571 58.0106 0 0 0 -0.0466285 0.998912
162.800000000 2.39729 58.0086 0 0 0 -0.0464585 0.99892
162.900000000 2.41886 58.0067 0 0 0 -0.0462885 0.998928
163.000000000 2.44044 58.0047 0 0 0 -0.0461185 0.998936
163.100000000 2.46037 58.003 0 0 0 -0.0459616 0.998943
163.200000000 2.48195 58.001 0 0 0 -0.0457916 0.998951
163.300000000 2.50353 57.9991 0 0 0 -0.0456216 0.998959
163.400000000 2.52511 57.9972 0 0 0 -0.0454516 0.998967
163.500000000 2.5467 57.9953 0 0 0 -0.0452815 0.998974
163.600000000 2.56828 57.9934 0 0 0 -0.0451115 0.998982
163.700000000 2.58986 57.9915 0 0 0 -0.0449415 0.99899
163.800000000 2.60979 57.9898 0 0 0 -0.0447846 0.998997
163.900000000 2.63137 57.9879 0 0 0 -0.0446146 0.999004
164.000000000 2.6513 57.9862 0 0 0 -0.0444576 0.999011
164.100000000 2.67289 57.9844 0 0 0 -0.0442876 0.999019
164.200000000 2.69281 57.9827 0 0 0 -0.0441307 0.999026
164.300000000 2.7144 57.9808 0 0 0 -0.0439607 0.999033
164.400000000 2.73599 57.979 0 0 0 -0.0437907 0.999041
164.500000000 2.75758 57.9771 0 0 0 -0.0436206 0.999048
164.600000000 2.77917 57.9753 0 0 0 -0.0434506 0.999056
164.700000000 2.80574 57.9731 0 0 0 -0.0432413 0.999065
164.800000000 2.83066 57.971 0 0 0 -0.0430452 0.999073
164.900000000 2.85557 57.9689 0 0 0 -0.042849 0.999082
165.000000000 2.87883 57.967 0 0 0 -0.0426659 0.999089
165.100000000 2.90208 57.9651 0 0 0 -0.0424828 0.999097
165.200000000 2.92367 57.9633 0 0 0 -0.0423127 0.999104
165.300000000 2.94527 57.9616 0 0 0 -0.0421427 0.999112
165.400000000 2.96686 57.9598 0 0 0 -0.0419727 0.999119
165.500000000 2.98846 57.9581 0 0 0 -0.0418026 0.999126
165.600000000 3.01006 57.9563 0 0 0 -0.0416326 0.999133
165.700000000 3.03165 57.9546 0 0 0 -0.0414626 0.99914
165.800000000 3.05325 57.9529 0 0 0 -0.0412925 0.999147
165.900000000 3.07485 57.9511 0 0 0 -0.0411225 0.999154
166.000000000 3.09645 57.9494 0 0 0 -0.0409524 0.999161
166.100000000 3.11971 57.9476 0 0 0 -0.0407693 0.999169
166.200000000 3.14131 57.9459 0 0 0 -0.0405993 0.999176
166.300000000 3.16291 57.9442 0 0 0 -0.0404292 0.999182
166.400000000 3.18285 57.9426 0 0 0 -0.0402723 0.999189
166.500000000 3.20445 57.941 0 0 0 -0.0401022 0.999196
166.600000000 3.22439 57.9394 0 0 0 -0.0399453 0.999202
166.700000000 3.25098 57.9374 0 0 0 -0.039736 0.99921
166.800000000 3.27593 57.9357 0 0 0 -0.0389501 0.999241
166.900000000 3.30088 57.9342 0 0 0 -0.0379671 0.999279
167.000000000 3.3275 57.9326 0 0 0 -0.0369185 0.999318
167.100000000 3.35413 57.931 0 0 0 -0.0358698 0.999356
167.200000000 3.37909 57.9296 0 0 0 -0.0348867 0.999391
167.300000000 3.40572 57.9282 0 0 0 -0.0338379 0.999427
167.400000000 3.43069 57.9269 0 0 0 -0.0328547 0.99946
167.500000000 3.45566 57.9256 0 0 0 -0.0318714 0.999492
167.600000000 3.48064 57.9244 0 0 0 -0.0308882 0.999523
167.700000000 3.50728 57.9232 0 0 0 -0.0298393 0.999555
167.800000000 3.53392 57.9219 0 0 0 -0.0290008 0.999579
167.900000000 3.56056 57.9207 0 0 0 -0.0281623 0.999603
168.000000000 3.5872 57.9196 0 0 0 -0.0273237 0.999627
168.100000000 3.61385 57.9184 0 0 0 -0.0264852 0.999649
168.200000000 3.64049 57.9174 0 0 0 -0.0256466 0.999671
168.300000000 3.66714 57.9163 0 0 0 -0.024808 0.999692
168.400000000 3.69379 57.9153 0 0 0 -0.0239694 0.999713
168.500000000 3.71878 57.9145 0 0 0 -0.0231832 0.999731
168.600000000 3.74376 57.9136 0 0 0 -0.0223969 0.999749
168.700000000 3.76875 57.9128 0 0 0 -0.0216107 0.999766
168.800000000 3.79374 57.912 0 0 0 -0.0210214 0.999779
168.900000000 3.81873 57.9111 0 0 0 -0.020432 0.999791
169.000000000 3.84538 57.9103 0 0 0 -0.0198033 0.999804
169.100000000 3.87204 57.9095 0 0 0 -0.0191747 0.999816
169.200000000 3.89703 57.9088 0 0 0 -0.0185853 0.999827
169.300000000 3.92535 57.908 0 0 0 -0.0179173 0.999839
169.400000000 3.95201 57.9073 0 0 0 -0.0172886 0.999851
169.500000000 3.97867 57.9066 0 0 0 -0.0166599 0.999861
169.600000000 4.01199 57.9058 0 0 0 -0.0158741 0.999874
169.700000000 4.04365 57.9051 0 0 0 -0.0151275 0.999886
169.800000000 4.07532 57.9045 0 0 0 -0.0143809 0.999897
169.900000000 4.10864 57.9038 0 0 0 -0.013595 0.999908
170.000000000 4.14031 57.9032 0 0 0 -0.0128484 0.999917
170.100000000 4.1753 57.9027 0 0 0 -0.0120231 0.999928
170.200000000 4.24791 57.9064 0 0 0 0.00168864 0.999999
170.300000000 4.31059 57.9141 0 0 0 0.0202683 0.999795
170.400000000 4.37209 57.9242 0 0 0 0.0392577 0.999229
170.500000000 4.43316 57.9366 0 0 0 0.0582328 0.998303
170.600000000 4.49372 57.9513 0 0 0 0.077187 0.997017
170.700000000 4.55367 57.9683 0 0 0 0.0961133 0.99537
170.800000000 4.60546 57.9877 0 0 0 0.118619 0.99294
170.900000000 4.6655 58.0097 0 0 0 0.136631 0.990622
171.000000000 4.72471 58.0339 0 0 0 0.154598 0.987978
171.100000000 4.783 58.0602 0 0 0 0.172514 0.985007
171.200000000 4.8403 58.0886 0 0 0 0.190373 0.981712
171.300000000 4.89652 58.1191 0 0 0 0.208169 0.978093
171.400000000 4.9516 58.1516 0 0 0 0.225897 0.974151
171.500000000 5.00631 58.1864 0 0 0 0.243138 0.969992
171.600000000 5.05975 58.223 0 0 0 0.260304 0.965527
171.700000000 5.11186 58.2615 0 0 0 0.277387 0.960758
171.800000000 5.16339 58.3021 0 0 0 0.293975 0.955813
171.900000000 5.2143 58.3449 0 0 0 0.310063 0.950716
172.000000000 5.26373 58.3893 0 0 0 0.326064 0.945348
172.100000000 5.31085 58.435 0 0 0 0.342377 0.939563
172.200000000 5.35714 58.4827 0 0 0 0.358185 0.933651
172.300000000 5.40179 58.532 0 0 0 0.37389 0.927473
172.400000000 5.4455 58.5832 0 0 0 0.389087 0.921201
172.500000000 5.48751 58.6358 0 0 0 0.404179 0.91468
172.600000000 5.52849 58.6903 0 0 0 0.418761 0.908097
172.700000000 5.56843 58.7467 0 0 0 0.432834 0.901474
172.800000000 5.60589 58.8037 0 0 0 0.447201 0.894434
172.900000000 5.6422 58.8624 0 0 0 0.461057 0.88737
173.000000000 5.67666 58.9223 0 0 0 0.474803 0.880092
173.100000000 5.70923 58.9832 0 0 0 0.488433 0.872601
173.200000000 5.74117 59.0465 0 0 0 0.501159 0.865355
173.300000000 5.77062 59.1099 0 0 0 0.51417 0.857688
173.400000000 5.79874 59.175 0 0 0 0.526675 0.850067
173.500000000 5.82494 59.2408 0 0 0 0.539067 0.842263
173.600000000 5.85032 59.309 0 0 0 0.550565 0.834792
173.700000000 5.87328 59.377 0 0 0 0.562348 0.826901
173.800000000 5.89536 59.4472 0 0 0 0.573243 0.819385
173.900000000 5.91557 59.5181 0 0 0 0.584038 0.811726
174.000000000 5.93438 59.5903 0 0 0 0.594342 0.804213
174.100000000 5.95135 59.6629 0 0 0 0.604549 0.796568
174.200000000 5.96699 59.7364 0 0 0 0.613877 0.789402
174.300000000 5.98069 59.8102 0 0 0 0.62351 0.781815
174.400000000 5.99298 59.8843 0 0 0 0.632271 0.774748
174.500000000 6.00359 59.9586 0 0 0 0.640951 0.767582
174.600000000 6.01273 60.0331 0 0 0 0.649158 0.760654
174.700000000 6.02048 60.1078 0 0 0 0.656894 0.753983
174.800000000 6.0267 60.1826 0 0 0 0.664562 0.747233
174.900000000 6.03139 60.2575 0 0 0 0.67216 0.740406
175.000000000 6.03477 60.3325 0 0 0 0.679295 0.733865
175.100000000 6.03196 60.3948 0 0 0 0.693114 0.720828
175.200000000 6.02298 60.4409 0 0 0 0.712299 0.701877
175.300000000 6.00843 60.4695 0 0 0 0.736663 0.67626
175.400000000 5.98943 60.4743 0 0 0 0.767207 0.6414
175.500000000 5.96996 60.4698 0 0 0 0.798305 0.602254
175.600000000 5.95103 60.4634 0 0 0 0.827407 0.561602
175.700000000 5.93285 60.4551 0 0 0 0.854442 0.519548
175.800000000 5.91558 60.445 0 0 0 0.87934 0.476194
175.900000000 5.8994 60.4332 0 0 0 0.902041 0.43165
176.000000000 5.88448 60.4199 0 0 0 0.922487 0.386027
176.100000000 5.87096 60.4052 0 0 0 0.940628 0.33944
176.200000000 5.85898 60.3892 0 0 0 0.956417 0.292004
176.300000000 5.84866 60.3721 0 0 0 0.969816 0.243838
176.400000000 5.84009 60.354 0 0 0 0.980791 0.195063
176.500000000 5.83338 60.3352 0 0 0 0.989314 0.1458
176.600000000 5.82857 60.3158 0 0 0 0.995365 0.0961724
176.700000000 5.82573 60.296 0 0 0 0.998927 0.0463047
176.800000000 5.82488 60.276 0 0 0 0.999993 -0.00367871
176.900000000 5.82603 60.2561 0 0 0 0.99856 -0.0536529
177.000000000 5.82916 60.2363 0 0 0 0.99463 -0.103493
177.100000000 5.83425 60.217 0 0 0 0.988215 -0.153075
177.200000000 5.84124 60.1983 0 0 0 0.979329 -0.202273
177.300000000 5.85007 60.1803 0 0 0 0.967996 -0.250967
177.400000000 5.86064 60.1634 0 0 0 0.954243 -0.299033
177.500000000 5.87286 60.1475 0 0 0 0.938105 -0.346351
177.600000000 5.88659 60.133 0 0 0 0.919622 -0.392804
177.700000000 5.90171 60.1199 0 0 0 0.898841 -0.438275
177.800000000 5.91805 60.1084 0 0 0 0.875813 -0.482651
177.900000000 5.93547 60.0986 0 0 0 -0.850596 0.52582
178.000000000 5.95378 60.0906 0 0 0 -0.823253 0.567675
178.100000000 5.97279 60.0844 0 0 0 -0.793852 0.608111
178.200000000 5.99233 60.0802 0 0 0 -0.762467 0.647027
178.300000000 6.01219 60.0779 0 0 0 -0.729176 0.684326
178.400000000 6.03218 60.0776 0 0 0 -0.694063 0.719914
178.500000000 6.0521 60.0794 0 0 0 -0.657215 0.753703
178.600000000 6.07175 60.0831 0 0 0 -0.618724 0.785608
178.700000000 6.09202 60.0633 0 0 0 -0.588643 0.808393
178.800000000 6.11586 60.0271 0 0 0 -0.564989 0.825098
178.900000000 6.14458 59.9763 0 0 0 -0.547505 0.836803
179.000000000 6.17631 59.9227 0 0 0 -0.531509 0.847052
179.100000000 6.21006 59.8703 0 0 0 -0.515322 0.856997
179.200000000 6.24578 59.8192 0 0 0 -0.498949 0.866631
179.300000000 6.28341 59.7696 0 0 0 -0.482395 0.875954
179.400000000 6.3229 59.7213 0 0 0 -0.465668 0.884959
179.500000000 6.36419 59.6747 0 0 0 -0.448773 0.893646
179.600000000 6.40723 59.6296 0 0 0 -0.431715 0.90201
179.700000000 6.45726 59.5736 0 0 0 -0.422963 0.906147
179.800000000 6.50751 59.5179 0 0 0 -0.416759 0.909017
179.900000000 6.55834 59.4627 0 0 0 -0.411088 0.911596
180.000000000 6.60985 59.4082 0 0 0 -0.405401 0.914139
180.100000000 6.66203 59.3543 0 0 0 -0.399699 0.916646
180.200000000 6.71488 59.301 0 0 0 -0.393981 0.919119
180.300000000 6.76839 59.2484 0 0 0 -0.388248 0.921555
180.400000000 6.82255 59.1965 0 0 0 -0.3825 0.923956
180.500000000 6.87736 59.1453 0 0 0 -0.376736 0.926321
180.600000000 6.9328 59.0947 0 0 0 -0.370959 0.928649
180.700000000 6.98886 59.0449 0 0 0 -0.365166 0.930942
180.800000000 7.04554 58.9957 0 0 0 -0.35936 0.933199
180.900000000 7.10283 58.9473 0 0 0 -0.35354 0.935419
181.000000000 7.16072 58.8995 0 0 0 -0.347706 0.937604
181.100000000 7.2192 58.8525 0 0 0 -0.341858 0.939751
181.200000000 7.27627 58.8039 0 0 0 -0.34329 0.93923
181.300000000 7.33301 58.7548 0 0 0 -0.345404 0.938454
181.400000000 7.38953 58.7055 0 0 0 -0.347516 0.937674
181.500000000 7.44583 58.656 0 0 0 -0.349627 0.936889
181.600000000 7.5019 58.6061 0 0 0 -0.351735 0.9361
181.700000000 7.55775 58.5561 0 0 0 -0.353842 0.935305
181.800000000 7.61493 58.5075 0 0 0 -0.350428 0.93659
181.900000000 7.67264 58.4596 0 0 0 -0.34638 0.938094
182.000000000 7.73076 58.4122 0 0 0 -0.342326 0.939581
182.100000000 7.78929 58.3653 0 0 0 -0.338266 0.941051
182.200000000 7.84822 58.3189 0 0 0 -0.334199 0.942503
182.300000000 7.90754 58.273 0 0 0 -0.330126 0.943937
182.400000000 7.96727 58.2276 0 0 0 -0.326047 0.945354
182.500000000 8.02738 58.1827 0 0 0 -0.321961 0.946753
182.600000000 8.08788 58.1383 0 0 0 -0.31787 0.948134
182.700000000 8.14968 58.0983 0 0 0 -0.305293 0.952258
182.800000000 8.2112 58.0613 0 0 0 -0.291759 0.956492
182.900000000 8.27374 58.0261 0 0 0 -0.278165 0.960533
183.000000000 8.33725 57.9926 0 0 0 -0.264516 0.964381
183.100000000 8.40169 57.961 0 0 0 -0.250813 0.968035
183.200000000 8.467 57.9312 0 0 0 -0.23706 0.971495
183.300000000 8.53312 57.9033 0 0 0 -0.22326 0.974759
183.400000000 8.60002 57.8772 0 0 0 -0.209414 0.977827
183.500000000 8.66762 57.8531 0 0 0 -0.195526 0.980698
183.600000000 8.73588 57.8309 0 0 0 -0.181599 0.983373
183.700000000 8.80157 57.8116 0 0 0 -0.168281 0.985739
183.800000000 8.86784 57.7943 0 0 0 -0.154314 0.988022
183.900000000 8.93688 57.7783 0 0 0 -0.139828 0.990176
184.000000000 9.00637 57.7644 0 0 0 -0.125313 0.992117
184.100000000 9.07623 57.7525 0 0 0 -0.110771 0.993846
184.200000000 9.14641 57.7427 0 0 0 -0.0962051 0.995362
184.300000000 9.21685 57.7349 0 0 0 -0.0816186 0.996664
184.400000000 9.28749 57.7292 0 0 0 -0.0670146 0.997752
184.500000000 9.35826 57.7255 0 0 0 -0.0523962 0.998626
184.600000000 9.42911 57.724 0 0 0 -0.0377665 0.999287
184.700000000 9.49998 57.7245 0 0 0 -0.0231288 0.999732
184.800000000 9.57502 57.7242 0 0 0 -0.0151203 0.999886
184.900000000 9.65005 57.7249 0 0 0 -0.00769105 0.99997
185.000000000 9.72507 57.7267 0 0 0 -0.000261423 1
185.100000000 9.80005 57.7297 0 0 0 0.00716822 0.999974
185.200000000 9.87498 57.7337 0 0 0 0.0145975 0.999893
185.300000000 9.94983 57.7389 0 0 0 0.0220259 0.999757
185.400000000 10.0246 57.7451 0 0 0 0.0294531 0.999566
185.500000000 10.0993 57.7525 0 0 0 0.0368787 0.99932
185.600000000 10.1738 57.761 0 0 0 0.0443023 0.999018
185.700000000 10.2483 57.7706 0 0 0 0.0517234 0.998661
185.800000000 10.3229 57.7784 0 0 0 0.0517234 0.998661
185.900000000 10.3975 57.7858 0 0 0 0.0509511 0.998701
186.000000000 10.4721 57.7931 0 0 0 0.0501788 0.99874
186.100000000 10.5468 57.8003 0 0 0 0.0494065 0.998779
186.200000000 10.6214 57.8074 0 0 0 0.0486341 0.998817
186.300000000 10.6961 57.8144 0 0 0 0.0478617 0.998854
186.400000000 10.7708 57.8213 0 0 0 0.0470902 0.998891
186.500000000 10.8455 57.828 0 0 0 0.0463448 0.998926
186.600000000 10.9202 57.8347 0 0 0 0.0456255 0.998959
186.700000000 10.9949 57.8412 0 0 0 0.0449193 0.998991
186.800000000 11.0696 57.8477 0 0 0 0.0442131 0.999022
186.900000000 11.1444 57.854 0 0 0 0.0434406 0.999056
187.000000000 11.2191 57.8602 0 0 0 0.042668 0.999089
187.100000000 11.2939 57.8663 0 0 0 0.0418953 0.999122
187.200000000 11.3686 57.8723 0 0 0 0.0411236 0.999154
187.300000000 11.4434 57.8781 0 0 0 0.0403781 0.999184
187.400000000 11.5182 57.8839 0 0 0 0.0396455 0.999214
187.500000000 11.593 57.8896 0 0 0 0.0389261 0.999242
187.600000000 11.6678 57.8951 0 0 0 0.0382197 0.999269
187.700000000 11.7426 57.9006 0 0 0 0.0375395 0.999295
187.800000000 11.7892 57.9033 0 0 0 0.0357043 0.999362
187.900000000 11.8341 57.9058 0 0 0 0.0339346 0.999424
188.000000000 11.879 57.9082 0 0 0 0.0321648 0.999483
188.100000000 11.9223 57.9103 0 0 0 0.0304604 0.999536
188.200000000 11.9639 57.9122 0 0 0 0.0288215 0.999585
188.300000000 12.0039 57.9138 0 0 0 0.0272481 0.999629
188.400000000 12.0422 57.9153 0 0 0 0.0257402 0.999669
188.500000000 12.0789 57.9166 0 0 0 0.0242978 0.999705
188.600000000 12.1139 57.9178 0 0 0 0.0229209 0.999737
188.700000000 12.1488 57.9188 0 0 0 0.0215439 0.999768
188.800000000 12.1822 57.9199 0 0 0 0.0204956 0.99979
188.900000000 12.2138 57.9208 0 0 0 0.0194996 0.99981
189.000000000 12.2455 57.9216 0 0 0 0.0185037 0.999829
189.100000000 12.2755 57.9223 0 0 0 0.0175601 0.999846
189.200000000 12.3038 57.923 0 0 0 0.0166689 0.999861
189.300000000 12.3321 57.9236 0 0 0 0.0157778 0.999876
189.400000000 12.3588 57.9241 0 0 0 0.014939 0.999888
189.500000000 12.3855 57.9245 0 0 0 0.0141002 0.999901
189.600000000 12.4105 57.9249 0 0 0 0.0133139 0.999911
189.700000000 12.4338 57.9252 0 0 0 0.0125799 0.999921
189.800000000 12.4571 57.9257 0 0 0 0.0122133 0.999925
189.900000000 12.4788 57.9261 0 0 0 0.0118729 0.99993
190.000000000 12.5004 57.9265 0 0 0 0.0115325 0.999933
190.100000000 12.5238 57.9268 0 0 0 0.0111658 0.999938
190.200000000 12.5454 57.9272 0 0 0 0.0108254 0.999941
190.300000000 12.5688 57.9276 0 0 0 0.0104588 0.999945
190.400000000 12.5904 57.9279 0 0 0 0.0101184 0.999949
190.500000000 12.6138 57.9282 0 0 0 0.00975174 0.999952
190.600000000 12.6354 57.9285 0 0 0 0.00941131 0.999956
190.700000000 12.6588 57.9288 0 0 0 0.00904468 0.999959
190.800000000 12.6804 57.9288 0 0 0 0.00802067 0.999968
190.900000000 12.7021 57.9287 0 0 0 0.00699664 0.999976
191.000000000 12.7221 57.9286 0 0 0 0.00605139 0.999982
191.100000000 12.7438 57.9284 0 0 0 0.00502735 0.999987
191.200000000 12.7638 57.9283 0 0 0 0.00408208 0.999992
191.300000000 12.7838 57.9281 0 0 0 0.00313681 0.999995
191.400000000 12.8071 57.9278 0 0 0 0.00203399 0.999998
191.500000000 12.8288 57.9274 0 0 0 0.00100994 0.999999
191.600000000 12.8505 57.9271 0 0 0 -1.41126e-05 1
191.700000000 12.8705 57.9268 0 0 0 -0.00080113 1
191.800000000 12.8921 57.9264 0 0 0 -0.00165373 0.999999
191.900000000 12.9138 57.926 0 0 0 -0.00250633 0.999997
192.000000000 12.9354 57.9255 0 0 0 -0.00335893 0.999994
192.100000000 12.9554 57.9251 0 0 0 -0.00414594 0.999991
192.200000000 12.9771 57.9246 0 0 0 -0.00499853 0.999988
192.300000000 12.9988 57.924 0 0 0 -0.00585112 0.999983
192.400000000 13.0204 57.9234 0 0 0 -0.00670371 0.999978
192.500000000 13.0421 57.9228 0 0 0 -0.00755629 0.999971
192.600000000 13.0637 57.9221 0 0 0 -0.00840886 0.999965
192.700000000 13.0854 57.9214 0 0 0 -0.00926143 0.999957
192.800000000 13.1071 57.9207 0 0 0 -0.010114 0.999949
192.900000000 13.1287 57.9199 0 0 0 -0.0109665 0.99994
193.000000000 13.1487 57.9191 0 0 0 -0.0117535 0.999931
193.100000000 13.1704 57.9183 0 0 0 -0.012435 0.999923
193.200000000 13.1903 57.9176 0 0 0 -0.0130641 0.999915
193.300000000 13.2103 57.9168 0 0 0 -0.0136932 0.999906
193.400000000 13.232 57.9159 0 0 0 -0.0143747 0.999897
193.500000000 13.2536 57.9151 0 0 0 -0.0150562 0.999887
193.600000000 13.2753 57.9141 0 0 0 -0.0157377 0.999876
193.700000000 13.2953 57.9132 0 0 0 -0.0163668 0.999866
193.800000000 13.3152 57.9124 0 0 0 -0.0168383 0.999858
