

1787464327.719460206  Node Startup
0.000000000 INFO /updateDistance [/tmp/binarydeb/ros-noetic-roscpp-1.17.4/src/libros/service.cpp:123(service::waitForService)] [topics: /rosout] waitForService: Service [/prior_graph_service] is now available.
0.000000000 INFO /updateDistance [/home/wcqw/ac-slam/catkin_ws/src/cpp_solver/src/updateDistance.cpp:167(main)] [topics: /rosout] Receive response of service prior_graph_service.
0.000000000 INFO /updateDistance [/home/wcqw/ac-slam/catkin_ws/src/cpp_solver/src/updateDistance.cpp:168(main)] [topics: /rosout] Prior map has 36 vertices, 60 edges
0.000000000 INFO /updateDistance [/home/wcqw/ac-slam/catkin_ws/src/cpp_solver/src/updateDistance.cpp:206(main)] [topics: /rosout] Get robot position: -28.00, -28.00
0.000000000 INFO /Navigator [/tmp/binarydeb/ros-noetic-roscpp-1.17.4/src/libros/service.cpp:123(service::waitForService)] [topics: /rosout, /cmd, /Navigator/plan, /Navigator/markers, /Navigator/frontiers, /Navigator/frontier_to_vertex, /Navigator/nav_goal, /Navigator/prior_map, /Navigator/visual_tsp_path, /Navigator/tsp_index, /Navigator/path_finder, /Navigator/dist_map, /finished_topic, /request_replan] waitForService: Service [/prior_graph_service] is now available.
0.000000000 INFO /Navigator [/home/wcqw/ac-slam/catkin_ws/src/cpp_solver/src/MyPlanner.cpp:100(MyPlanner)] [topics: /rosout, /cmd, /Navigator/plan, /Navigator/markers, /Navigator/frontiers, /Navigator/frontier_to_vertex, /Navigator/nav_goal, /Navigator/prior_map, /Navigator/visual_tsp_path, /Navigator/tsp_index, /Navigator/path_finder, /Navigator/dist_map, /finished_topic, /request_replan] Receive response of service prior_graph_service.
0.000000000 INFO /Navigator [/home/wcqw/ac-slam/catkin_ws/src/cpp_solver/src/MyPlanner.cpp:103(MyPlanner)] [topics: /rosout, /cmd, /Navigator/plan, /Navigator/markers, /Navigator/frontiers, /Navigator/frontier_to_vertex, /Navigator/nav_goal, /Navigator/prior_map, /Navigator/visual_tsp_path, /Navigator/tsp_index, /Navigator/path_finder, /Navigator/dist_map, /finished_topic, /request_replan] Load prior_map.
0.000000000 INFO /Navigator [/home/wcqw/ac-slam/catkin_ws/src/cpp_solver/src/MyPlanner.cpp:1253(drawPriorGraph)] [topics: /rosout, /cmd, /Navigator/plan, /Navigator/markers, /Navigator/frontiers, /Navigator/frontier_to_vertex, /Navigator/nav_goal, /Navigator/prior_map, /Navigator/visual_tsp_path, /Navigator/tsp_index, /Navigator/path_finder, /Navigator/dist_map, /finished_topic, /request_replan] Publishing prior graph......
0.000000000 INFO /Navigator [/home/wcqw/ac-slam/catkin_ws/src/cpp_solver/src/MyPlanner.cpp:113(MyPlanner)] [topics: /rosout, /cmd, /Navigator/plan, /Navigator/markers, /Navigator/frontiers, /Navigator/frontier_to_vertex, /Navigator/nav_goal, /Navigator/prior_map, /Navigator/visual_tsp_path, /Navigator/tsp_index, /Navigator/path_finder, /Navigator/dist_map, /finished_topic, /request_replan] Draw prior_map in RVIZ.
0.000000000 INFO /Navigator [/home/wcqw/ac-slam/catkin_ws/src/cpp_solver/src/MyPlanner.cpp:117(MyPlanner)] [topics: /rosout, /cmd, /Navigator/plan, /Navigator/markers, /Navigator/frontiers, /Navigator/frontier_to_vertex, /Navigator/nav_goal, /Navigator/prior_map, /Navigator/visual_tsp_path, /Navigator/tsp_index, /Navigator/path_finder, /Navigator/dist_map, /finished_topic, /request_replan] Waiting for path_plan_service ...
0.000000000 INFO /Navigator [/home/wcqw/ac-slam/catkin_ws/src/cpp_solver/src/MyPlanner.cpp:149(MyPlanner)] [topics: /rosout, /cmd, /Navigator/plan, /Navigator/markers, /Navigator/frontiers, /Navigator/frontier_to_vertex, /Navigator/nav_goal, /Navigator/prior_map, /Navigator/visual_tsp_path, /Navigator/tsp_index, /Navigator/path_finder, /Navigator/dist_map, /finished_topic, /request_replan] Receive tsp path: 8 7 6 5 4 3 9 15 16 10 11 35 37 20 19 15 19 23 29 30 24 25 31 32 26 27 33 34 28 22 21 38 37 38 36 12 13 14 8 14 18 17 21
0.000000000 INFO /Navigator [/home/wcqw/ac-slam/catkin_ws/src/cpp_solver/src/MyPlanner.cpp:159(MyPlanner)] [topics: /rosout, /cmd, /Navigator/plan, /Navigator/markers, /Navigator/frontiers, /Navigator/frontier_to_vertex, /Navigator/nav_goal, /Navigator/prior_map, /Navigator/visual_tsp_path, /Navigator/tsp_index, /Navigator/path_finder, /Navigator/dist_map, /finished_topic, /request_replan] Receive loop index: 0 0 0 0 0 0 0 0 0 0 0 0 0 0 0 1 0 0 0 0 0 0 0 0 0 0 0 0 0 0 0 0 1 0 0 0 0 0 1 0 0 0 1
0.000000000 INFO /Navigator [/home/wcqw/ac-slam/catkin_ws/src/cpp_solver/src/MyPlanner.cpp:163(MyPlanner)] [topics: /rosout, /cmd, /Navigator/plan, /Navigator/markers, /Navigator/frontiers, /Navigator/frontier_to_vertex, /Navigator/nav_goal, /Navigator/prior_map, /Navigator/visual_tsp_path, /Navigator/tsp_index, /Navigator/path_finder, /Navigator/dist_map, /finished_topic, /request_replan] Waiting for reliable_loop_service ...
0.000000000 INFO /Navigator [/home/wcqw/ac-slam/catkin_ws/src/cpp_solver/src/MyPlanner.cpp:170(MyPlanner)] [topics: /rosout, /cmd, /Navigator/plan, /Navigator/markers, /Navigator/frontiers, /Navigator/frontier_to_vertex, /Navigator/nav_goal, /Navigator/prior_map, /Navigator/visual_tsp_path, /Navigator/tsp_index, /Navigator/path_finder, /Navigator/dist_map, /finished_topic, /request_replan] reliable_loop_service is available.
0.000000000 INFO /Navigator [/home/wcqw/ac-slam/catkin_ws/src/cpp_solver/src/MyPlanner.cpp:192(MyPlanner)] [topics: /rosout, /cmd, /Navigator/plan, /Navigator/markers, /Navigator/frontiers, /Navigator/frontier_to_vertex, /Navigator/nav_goal, /Navigator/prior_map, /Navigator/visual_tsp_path, /Navigator/tsp_index, /Navigator/path_finder, /Navigator/dist_map, /finished_topic, /request_replan] MyPlanner is initialized and running!!
0.000000000 INFO /Navigator [/home/wcqw/ac-slam/catkin_ws/src/navigation_2d/nav2d_navigator/src/RobotNavigator.cpp:58(RobotNavigator)] [topics: /rosout, /cmd, /Navigator/plan, /Navigator/markers, /Navigator/frontiers, /Navigator/frontier_to_vertex, /Navigator/nav_goal, /Navigator/prior_map, /Navigator/visual_tsp_path, /Navigator/tsp_index, /Navigator/path_finder, /Navigator/dist_map, /finished_topic, /request_replan] Successfully loaded exploration strategy [MyPlanner].
0.000000000 INFO /path_planner [path_planner.py:360(PathPlanner.handle_replanning)] [topics: /slam_pose_graph, /clock, /edge_distance, /pose_graph_idx, /rosout] Send new plan: 8  ---> 7 6 5 4 3 9 15 16 10 11 35 37 20 19 15(L) 19 23 29 30 24 25 31 32 26 27 33 34 28 22 21 38 37(L) 38 36 12 13 14 8(L) 14 18 17 21(L) 
0.000000000 INFO /Stage [/tmp/binarydeb/ros-noetic-stage-ros-1.8.0/src/stageros.cpp:334(SubscribeModels)] [topics: /rosout, /tf] Subscribed to Stage position model "robot"
0.000000000 INFO /Stage [/tmp/binarydeb/ros-noetic-stage-ros-1.8.0/src/stageros.cpp:342(SubscribeModels)] [topics: /rosout, /tf] subscribed to Stage ranger "robot.ranger:0"
0.000000000 INFO /Stage [/tmp/binarydeb/ros-noetic-stage-ros-1.8.0/src/stageros.cpp:358(SubscribeModels)] [topics: /rosout, /tf] Robot robot provided 1 rangers and 0 cameras
0.200000000 WARN /Operator [/tmp/binarydeb/ros-noetic-costmap-2d-1.17.3/src/costmap_2d_ros.cpp:194(Costmap2DROS::loadOldParameters)] [topics: /rosout] local_map: Parameter "plugins" not provided, loading pre-Hydro parameters
0.200000000 INFO /map_server [/tmp/binarydeb/ros-noetic-map-server-1.17.3/src/main.cpp:159(loadMapFromValues)] [topics: /rosout, /world_metadata, /world] Read a 740 X 740 map @ 0.100 m/cell
0.200000000 INFO /Operator [/tmp/binarydeb/ros-noetic-costmap-2d-1.17.3/src/costmap_2d_ros.cpp:129(Costmap2DROS::Costmap2DROS)] [topics: /rosout] local_map: Using plugin "obstacle_layer"
0.200000000 INFO /Operator [/tmp/binarydeb/ros-noetic-costmap-2d-1.17.3/plugins/obstacle_layer.cpp:79(ObstacleLayer::onInitialize)] [topics: /rosout]     Subscribed to Topics: scan
0.200000000 INFO /Operator [/tmp/binarydeb/ros-noetic-costmap-2d-1.17.3/src/costmap_2d_ros.cpp:129(Costmap2DROS::Costmap2DROS)] [topics: /rosout, /Operator/local_map/obstacle_layer/parameter_descriptions, /Operator/local_map/obstacle_layer/parameter_updates] local_map: Using plugin "inflation_layer"
0.200000000 INFO /Operator [/home/wcqw/ac-slam/catkin_ws/src/navigation_2d/nav2d_operator/src/RobotOperator.cpp:27(RobotOperator)] [topics: /rosout, /Operator/local_map/obstacle_layer/parameter_descriptions, /Operator/local_map/obstacle_layer/parameter_updates, /Operator/local_map/inflation_layer/parameter_descriptions, /Operator/local_map/inflation_layer/parameter_updates, /Operator/local_map/footprint, /Operator/local_map/costmap, /Operator/local_map/costmap_updates, /Operator/local_map/parameter_descriptions, /Operator/local_map/parameter_updates, /cmd_vel, /costs] Will publish desired direction on 'route' and control direction on 'desired'.
0.200000000 INFO /Operator [/home/wcqw/ac-slam/catkin_ws/src/navigation_2d/nav2d_operator/src/RobotOperator.cpp:44(RobotOperator)] [topics: /rosout, /Operator/local_map/obstacle_layer/parameter_descriptions, /Operator/local_map/obstacle_layer/parameter_updates, /Operator/local_map/inflation_layer/parameter_descriptions, /Operator/local_map/inflation_layer/parameter_updates, /Operator/local_map/footprint, /Operator/local_map/costmap, /Operator/local_map/costmap_updates, /Operator/local_map/parameter_descriptions, /Operator/local_map/parameter_updates, /cmd_vel, /costs, /Operator/route, /Operator/desired] Initializing LUT...
0.200000000 INFO /Operator [/home/wcqw/ac-slam/catkin_ws/src/navigation_2d/nav2d_operator/src/RobotOperator.cpp:46(RobotOperator)] [topics: /rosout, /Operator/local_map/obstacle_layer/parameter_descriptions, /Operator/local_map/obstacle_layer/parameter_updates, /Operator/local_map/inflation_layer/parameter_descriptions, /Operator/local_map/inflation_layer/parameter_updates, /Operator/local_map/footprint, /Operator/local_map/costmap, /Operator/local_map/costmap_updates, /Operator/local_map/parameter_descriptions, /Operator/local_map/parameter_updates, /cmd_vel, /costs, /Operator/route, /Operator/desired] ...done!
0.200000000 INFO /RVIZ [/tmp/binarydeb/ros-noetic-rviz-1.14.26/src/rviz/default_plugin/map_display.cpp:604(MapDisplay::createSwatches)] [topics: /rosout, /initialpose, /goal, /clicked_point] Creating 1 swatches
0.400000000 INFO /Mapper [/home/wcqw/ac-slam/catkin_ws/src/navigation_2d/nav2d_karto/src/MultiMapper.cpp:401(receiveLaserScan)] [topics: /rosout, /tf, /karto_out, /map, /others, /slam_path, /Mapper/vertices, /Mapper/closure_edges, /Mapper/odom_edges, /Mapper/colored_edges, /localization_result, /slam_pose_graph, /Mapper/loop_closed] PHASE2C_KEYSCAN_ACCEPTED unique_id=0 state_id=0 sim_time=0.100000
0.400000000 INFO /updateDistance [/home/wcqw/ac-slam/catkin_ws/src/cpp_solver/src/updateDistance.cpp:29(occupancyGridCallback)] [topics: /rosout, /edge_distance] Received an OccupancyGrid message!
0.400000000 INFO /updateDistance [/home/wcqw/ac-slam/catkin_ws/src/cpp_solver/src/updateDistance.cpp:30(occupancyGridCallback)] [topics: /rosout, /edge_distance] Width: 250, Height: 321, Size: 80250
0.400000000 INFO /updateDistance [/home/wcqw/ac-slam/catkin_ws/src/cpp_solver/src/updateDistance.cpp:32(occupancyGridCallback)] [topics: /rosout, /edge_distance] Map origin x: 0.200, y: -7.100
0.400000000 INFO /path_planner [path_planner.py:664(PathPlanner.handle_pose_graph)] [topics: /slam_pose_graph, /clock, /edge_distance, /pose_graph_idx, /rosout] Really visited vertices: 
0.400000000 INFO /updateDistance [/home/wcqw/ac-slam/catkin_ws/src/cpp_solver/src/updateDistance.cpp:87(occupancyGridCallback)] [topics: /rosout, /edge_distance] Free vertices size: 0
0.400000000 INFO /updateDistance [/home/wcqw/ac-slam/catkin_ws/src/cpp_solver/src/updateDistance.cpp:128(occupancyGridCallback)] [topics: /rosout, /edge_distance] 0 edge distance updated
0.400000000 INFO /RVIZ [/tmp/binarydeb/ros-noetic-rviz-1.14.26/src/rviz/default_plugin/map_display.cpp:604(MapDisplay::createSwatches)] [topics: /rosout, /initialpose, /goal, /clicked_point] Creating 1 swatches
0.500000000 INFO /RVIZ [/tmp/binarydeb/ros-noetic-rviz-1.14.26/src/rviz/default_plugin/map_display.cpp:604(MapDisplay::createSwatches)] [topics: /rosout, /initialpose, /goal, /clicked_point] Creating 1 swatches
4.600000000 INFO /Navigator [/home/wcqw/ac-slam/catkin_ws/src/navigation_2d/nav2d_navigator/src/RobotNavigator.cpp:126(getMap)] [topics: /rosout, /cmd, /Navigator/plan, /Navigator/markers, /Navigator/frontiers, /Navigator/frontier_to_vertex, /Navigator/nav_goal, /Navigator/prior_map, /Navigator/visual_tsp_path, /Navigator/tsp_index, /Navigator/path_finder, /Navigator/dist_map, /finished_topic, /request_replan, /Explore/result, /Explore/feedback, /Explore/status, /MoveTo/result, /MoveTo/feedback, /MoveTo/status, /Localize/result, /Localize/feedback, /Localize/status, /GetFirstMap/result, /GetFirstMap/feedback, /GetFirstMap/status] Navigator is now initialized.
4.600000000 INFO /updateDistance [/home/wcqw/ac-slam/catkin_ws/src/cpp_solver/src/updateDistance.cpp:29(occupancyGridCallback)] [topics: /rosout, /edge_distance] Received an OccupancyGrid message!
4.600000000 INFO /updateDistance [/home/wcqw/ac-slam/catkin_ws/src/cpp_solver/src/updateDistance.cpp:30(occupancyGridCallback)] [topics: /rosout, /edge_distance] Width: 250, Height: 321, Size: 80250
4.600000000 INFO /updateDistance [/home/wcqw/ac-slam/catkin_ws/src/cpp_solver/src/updateDistance.cpp:32(occupancyGridCallback)] [topics: /rosout, /edge_distance] Map origin x: 0.200, y: -7.100
4.600000000 INFO /updateDistance [/home/wcqw/ac-slam/catkin_ws/src/cpp_solver/src/updateDistance.cpp:87(occupancyGridCallback)] [topics: /rosout, /edge_distance] Free vertices size: 0
4.600000000 INFO /updateDistance [/home/wcqw/ac-slam/catkin_ws/src/cpp_solver/src/updateDistance.cpp:128(occupancyGridCallback)] [topics: /rosout, /edge_distance] 0 edge distance updated
5.400000000 INFO /Mapper [/home/wcqw/ac-slam/catkin_ws/src/navigation_2d/nav2d_karto/src/MultiMapper.cpp:401(receiveLaserScan)] [topics: /rosout, /tf, /karto_out, /map, /others, /slam_path, /Mapper/vertices, /Mapper/closure_edges, /Mapper/odom_edges, /Mapper/colored_edges, /localization_result, /slam_pose_graph, /Mapper/loop_closed] PHASE2C_KEYSCAN_ACCEPTED unique_id=1 state_id=1 sim_time=5.400000
5.900000000 INFO /Mapper [/home/wcqw/ac-slam/catkin_ws/src/navigation_2d/nav2d_karto/src/MultiMapper.cpp:401(receiveLaserScan)] [topics: /rosout, /tf, /karto_out, /map, /others, /slam_path, /Mapper/vertices, /Mapper/closure_edges, /Mapper/odom_edges, /Mapper/colored_edges, /localization_result, /slam_pose_graph, /Mapper/loop_closed] PHASE2C_KEYSCAN_ACCEPTED unique_id=2 state_id=2 sim_time=5.900000
6.600000000 INFO /Mapper [/home/wcqw/ac-slam/catkin_ws/src/navigation_2d/nav2d_karto/src/MultiMapper.cpp:401(receiveLaserScan)] [topics: /rosout, /tf, /karto_out, /map, /others, /slam_path, /Mapper/vertices, /Mapper/closure_edges, /Mapper/odom_edges, /Mapper/colored_edges, /localization_result, /slam_pose_graph, /Mapper/loop_closed] PHASE2C_KEYSCAN_ACCEPTED unique_id=3 state_id=3 sim_time=6.600000
7.200000000 INFO /Mapper [/home/wcqw/ac-slam/catkin_ws/src/navigation_2d/nav2d_karto/src/MultiMapper.cpp:401(receiveLaserScan)] [topics: /rosout, /tf, /karto_out, /map, /others, /slam_path, /Mapper/vertices, /Mapper/closure_edges, /Mapper/odom_edges, /Mapper/colored_edges, /localization_result, /slam_pose_graph, /Mapper/loop_closed] PHASE2C_KEYSCAN_ACCEPTED unique_id=4 state_id=4 sim_time=7.200000
7.700000000 INFO /Mapper [/home/wcqw/ac-slam/catkin_ws/src/navigation_2d/nav2d_karto/src/MultiMapper.cpp:401(receiveLaserScan)] [topics: /rosout, /tf, /karto_out, /map, /others, /slam_path, /Mapper/vertices, /Mapper/closure_edges, /Mapper/odom_edges, /Mapper/colored_edges, /localization_result, /slam_pose_graph, /Mapper/loop_closed] PHASE2C_KEYSCAN_ACCEPTED unique_id=5 state_id=5 sim_time=7.700000
8.400000000 INFO /Mapper [/home/wcqw/ac-slam/catkin_ws/src/navigation_2d/nav2d_karto/src/MultiMapper.cpp:401(receiveLaserScan)] [topics: /rosout, /tf, /karto_out, /map, /others, /slam_path, /Mapper/vertices, /Mapper/closure_edges, /Mapper/odom_edges, /Mapper/colored_edges, /localization_result, /slam_pose_graph, /Mapper/loop_closed] PHASE2C_KEYSCAN_ACCEPTED unique_id=6 state_id=6 sim_time=8.400000
9.000000000 INFO /Mapper [/home/wcqw/ac-slam/catkin_ws/src/navigation_2d/nav2d_karto/src/MultiMapper.cpp:401(receiveLaserScan)] [topics: /rosout, /tf, /karto_out, /map, /others, /slam_path, /Mapper/vertices, /Mapper/closure_edges, /Mapper/odom_edges, /Mapper/colored_edges, /localization_result, /slam_pose_graph, /Mapper/loop_closed] PHASE2C_KEYSCAN_ACCEPTED unique_id=7 state_id=7 sim_time=9.000000
9.600000000 INFO /Mapper [/home/wcqw/ac-slam/catkin_ws/src/navigation_2d/nav2d_karto/src/MultiMapper.cpp:401(receiveLaserScan)] [topics: /rosout, /tf, /karto_out, /map, /others, /slam_path, /Mapper/vertices, /Mapper/closure_edges, /Mapper/odom_edges, /Mapper/colored_edges, /localization_result, /slam_pose_graph, /Mapper/loop_closed] PHASE2C_KEYSCAN_ACCEPTED unique_id=8 state_id=8 sim_time=9.600000
9.600000000 INFO /updateDistance [/home/wcqw/ac-slam/catkin_ws/src/cpp_solver/src/updateDistance.cpp:29(occupancyGridCallback)] [topics: /rosout, /edge_distance] Received an OccupancyGrid message!
9.600000000 INFO /updateDistance [/home/wcqw/ac-slam/catkin_ws/src/cpp_solver/src/updateDistance.cpp:30(occupancyGridCallback)] [topics: /rosout, /edge_distance] Width: 331, Height: 323, Size: 106913
9.600000000 INFO /updateDistance [/home/wcqw/ac-slam/catkin_ws/src/cpp_solver/src/updateDistance.cpp:32(occupancyGridCallback)] [topics: /rosout, /edge_distance] Map origin x: -7.129, y: -7.106
9.600000000 INFO /path_planner [path_planner.py:664(PathPlanner.handle_pose_graph)] [topics: /slam_pose_graph, /clock, /edge_distance, /pose_graph_idx, /rosout] Really visited vertices: 8 
9.600000000 INFO /updateDistance [/home/wcqw/ac-slam/catkin_ws/src/cpp_solver/src/updateDistance.cpp:87(occupancyGridCallback)] [topics: /rosout, /edge_distance] Free vertices size: 3
9.600000000 INFO /updateDistance [/home/wcqw/ac-slam/catkin_ws/src/cpp_solver/src/updateDistance.cpp:128(occupancyGridCallback)] [topics: /rosout, /edge_distance] 1 edge distance updated
9.600000000 INFO /RVIZ [/tmp/binarydeb/ros-noetic-rviz-1.14.26/src/rviz/default_plugin/map_display.cpp:604(MapDisplay::createSwatches)] [topics: /rosout, /initialpose, /goal, /clicked_point] Creating 1 swatches
10.200000000 INFO /Mapper [/home/wcqw/ac-slam/catkin_ws/src/navigation_2d/nav2d_karto/src/MultiMapper.cpp:401(receiveLaserScan)] [topics: /rosout, /tf, /karto_out, /map, /others, /slam_path, /Mapper/vertices, /Mapper/closure_edges, /Mapper/odom_edges, /Mapper/colored_edges, /localization_result, /slam_pose_graph, /Mapper/loop_closed] PHASE2C_KEYSCAN_ACCEPTED unique_id=9 state_id=9 sim_time=10.200000
10.800000000 INFO /Mapper [/home/wcqw/ac-slam/catkin_ws/src/navigation_2d/nav2d_karto/src/MultiMapper.cpp:401(receiveLaserScan)] [topics: /rosout, /tf, /karto_out, /map, /others, /slam_path, /Mapper/vertices, /Mapper/closure_edges, /Mapper/odom_edges, /Mapper/colored_edges, /localization_result, /slam_pose_graph, /Mapper/loop_closed] PHASE2C_KEYSCAN_ACCEPTED unique_id=10 state_id=10 sim_time=10.800000
11.400000000 INFO /Mapper [/home/wcqw/ac-slam/catkin_ws/src/navigation_2d/nav2d_karto/src/MultiMapper.cpp:401(receiveLaserScan)] [topics: /rosout, /tf, /karto_out, /map, /others, /slam_path, /Mapper/vertices, /Mapper/closure_edges, /Mapper/odom_edges, /Mapper/colored_edges, /localization_result, /slam_pose_graph, /Mapper/loop_closed] PHASE2C_KEYSCAN_ACCEPTED unique_id=11 state_id=11 sim_time=11.400000
11.600000000 INFO /updateDistance [/home/wcqw/ac-slam/catkin_ws/src/cpp_solver/src/updateDistance.cpp:29(occupancyGridCallback)] [topics: /rosout, /edge_distance] Received an OccupancyGrid message!
11.600000000 INFO /updateDistance [/home/wcqw/ac-slam/catkin_ws/src/cpp_solver/src/updateDistance.cpp:30(occupancyGridCallback)] [topics: /rosout, /edge_distance] Width: 332, Height: 323, Size: 107236
11.600000000 INFO /updateDistance [/home/wcqw/ac-slam/catkin_ws/src/cpp_solver/src/updateDistance.cpp:32(occupancyGridCallback)] [topics: /rosout, /edge_distance] Map origin x: -7.129, y: -7.106
11.600000000 INFO /updateDistance [/home/wcqw/ac-slam/catkin_ws/src/cpp_solver/src/updateDistance.cpp:87(occupancyGridCallback)] [topics: /rosout, /edge_distance] Free vertices size: 3
11.600000000 INFO /updateDistance [/home/wcqw/ac-slam/catkin_ws/src/cpp_solver/src/updateDistance.cpp:128(occupancyGridCallback)] [topics: /rosout, /edge_distance] 1 edge distance updated
11.600000000 INFO /RVIZ [/tmp/binarydeb/ros-noetic-rviz-1.14.26/src/rviz/default_plugin/map_display.cpp:604(MapDisplay::createSwatches)] [topics: /rosout, /initialpose, /goal, /clicked_point] Creating 1 swatches
13.800000000 INFO /updateDistance [/home/wcqw/ac-slam/catkin_ws/src/cpp_solver/src/updateDistance.cpp:29(occupancyGridCallback)] [topics: /rosout, /edge_distance] Received an OccupancyGrid message!
13.800000000 INFO /updateDistance [/home/wcqw/ac-slam/catkin_ws/src/cpp_solver/src/updateDistance.cpp:30(occupancyGridCallback)] [topics: /rosout, /edge_distance] Width: 332, Height: 323, Size: 107236
13.800000000 INFO /updateDistance [/home/wcqw/ac-slam/catkin_ws/src/cpp_solver/src/updateDistance.cpp:32(occupancyGridCallback)] [topics: /rosout, /edge_distance] Map origin x: -7.129, y: -7.106
13.800000000 WARN /RVIZ [/tmp/binarydeb/ros-noetic-tf2-0.7.10/src/buffer_core.cpp:277()] [topics: /rosout, /initialpose, /goal, /clicked_point] TF_REPEATED_DATA ignoring data with redundant timestamp for frame odom (parent offset) at time 13.800000 according to authority unknown_publisher
13.800000000 WARN /RVIZ [/tmp/binarydeb/ros-noetic-tf2-0.7.10/src/buffer_core.cpp:277()] [topics: /rosout, /initialpose, /goal, /clicked_point] TF_REPEATED_DATA ignoring data with redundant timestamp for frame offset (parent map) at time 13.800000 according to authority unknown_publisher
13.800000000 INFO /updateDistance [/home/wcqw/ac-slam/catkin_ws/src/cpp_solver/src/updateDistance.cpp:87(occupancyGridCallback)] [topics: /rosout, /edge_distance] Free vertices size: 3
13.800000000 INFO /updateDistance [/home/wcqw/ac-slam/catkin_ws/src/cpp_solver/src/updateDistance.cpp:128(occupancyGridCallback)] [topics: /rosout, /edge_distance] 1 edge distance updated
13.800000000 INFO /Navigator [/home/wcqw/ac-slam/catkin_ws/src/cpp_solver/src/MyPlanner.cpp:520(findExplorationTarget)] [topics: /rosout, /cmd, /Navigator/plan, /Navigator/markers, /Navigator/frontiers, /Navigator/frontier_to_vertex, /Navigator/nav_goal, /Navigator/prior_map, /Navigator/visual_tsp_path, /Navigator/tsp_index, /Navigator/path_finder, /Navigator/dist_map, /finished_topic, /request_replan, /Explore/result, /Explore/feedback, /Explore/status, /MoveTo/result, /MoveTo/feedback, /MoveTo/status, /Localize/result, /Localize/feedback, /Localize/status, /GetFirstMap/result, /GetFirstMap/feedback, /GetFirstMap/status] Call local replanning...
13.800000000 INFO /path_planner [path_planner.py:321(PathPlanner.handle_replanning)] [topics: /slam_pose_graph, /clock, /edge_distance, /pose_graph_idx, /rosout] Replanning request. curr_vertex_idx: 0
13.800000000 INFO /path_planner [path_planner.py:322(PathPlanner.handle_replanning)] [topics: /slam_pose_graph, /clock, /edge_distance, /pose_graph_idx, /rosout]                     covered_vertices: ()
13.800000000 INFO /path_planner [path_planner.py:336(PathPlanner.handle_replanning)] [topics: /slam_pose_graph, /clock, /edge_distance, /pose_graph_idx, /rosout] Handle local replanning...
13.800000000 INFO /path_planner [path_planner.py:348(PathPlanner.handle_replanning)] [topics: /slam_pose_graph, /clock, /edge_distance, /pose_graph_idx, /rosout] curr path length: 43, is_loop length: 43
13.800000000 INFO /path_planner [path_planner.py:360(PathPlanner.handle_replanning)] [topics: /slam_pose_graph, /clock, /edge_distance, /pose_graph_idx, /rosout] Send new plan: 8  ---> 7 6 5 4 3 9 15 16 10 11 35 37 20 19 15(L) 19 23 29 30 24 25 31 32 26 27 33 34 28 22 21 38 37(L) 38 36 12 13 14 8(L) 14 18 17 21(L) 
13.800000000 INFO /Navigator [/home/wcqw/ac-slam/catkin_ws/src/cpp_solver/src/MyPlanner.cpp:548(findExplorationTarget)] [topics: /rosout, /cmd, /Navigator/plan, /Navigator/markers, /Navigator/frontiers, /Navigator/frontier_to_vertex, /Navigator/nav_goal, /Navigator/prior_map, /Navigator/visual_tsp_path, /Navigator/tsp_index, /Navigator/path_finder, /Navigator/dist_map, /finished_topic, /request_replan, /Explore/result, /Explore/feedback, /Explore/status, /MoveTo/result, /MoveTo/feedback, /MoveTo/status, /Localize/result, /Localize/feedback, /Localize/status, /GetFirstMap/result, /GetFirstMap/feedback, /GetFirstMap/status] Reach vertex 8
13.800000000 WARN /Navigator [/home/wcqw/ac-slam/catkin_ws/src/cpp_solver/src/MyPlanner.cpp:609(findExplorationTarget)] [topics: /rosout, /cmd, /Navigator/plan, /Navigator/markers, /Navigator/frontiers, /Navigator/frontier_to_vertex, /Navigator/nav_goal, /Navigator/prior_map, /Navigator/visual_tsp_path, /Navigator/tsp_index, /Navigator/path_finder, /Navigator/dist_map, /finished_topic, /request_replan, /Explore/result, /Explore/feedback, /Explore/status, /MoveTo/result, /MoveTo/feedback, /MoveTo/status, /Localize/result, /Localize/feedback, /Localize/status, /GetFirstMap/result, /GetFirstMap/feedback, /GetFirstMap/status] No frontier at vertex 8. #Frontier: 0
13.800000000 INFO /Navigator [/home/wcqw/ac-slam/catkin_ws/src/cpp_solver/src/MyPlanner.cpp:318(getUsefulGoalIndex)] [topics: /rosout, /cmd, /Navigator/plan, /Navigator/markers, /Navigator/frontiers, /Navigator/frontier_to_vertex, /Navigator/nav_goal, /Navigator/prior_map, /Navigator/visual_tsp_path, /Navigator/tsp_index, /Navigator/path_finder, /Navigator/dist_map, /finished_topic, /request_replan, /Explore/result, /Explore/feedback, /Explore/status, /MoveTo/result, /MoveTo/feedback, /MoveTo/status, /Localize/result, /Localize/feedback, /Localize/status, /GetFirstMap/result, /GetFirstMap/feedback, /GetFirstMap/status] Set newGoal 7
14.800000000 INFO /updateDistance [/home/wcqw/ac-slam/catkin_ws/src/cpp_solver/src/updateDistance.cpp:29(occupancyGridCallback)] [topics: /rosout, /edge_distance] Received an OccupancyGrid message!
14.800000000 INFO /updateDistance [/home/wcqw/ac-slam/catkin_ws/src/cpp_solver/src/updateDistance.cpp:30(occupancyGridCallback)] [topics: /rosout, /edge_distance] Width: 332, Height: 323, Size: 107236
14.800000000 INFO /updateDistance [/home/wcqw/ac-slam/catkin_ws/src/cpp_solver/src/updateDistance.cpp:32(occupancyGridCallback)] [topics: /rosout, /edge_distance] Map origin x: -7.129, y: -7.106
14.800000000 WARN /RVIZ [/tmp/binarydeb/ros-noetic-tf2-0.7.10/src/buffer_core.cpp:277()] [topics: /rosout, /initialpose, /goal, /clicked_point] TF_REPEATED_DATA ignoring data with redundant timestamp for frame odom (parent offset) at time 14.800000 according to authority unknown_publisher
14.800000000 WARN /RVIZ [/tmp/binarydeb/ros-noetic-tf2-0.7.10/src/buffer_core.cpp:277()] [topics: /rosout, /initialpose, /goal, /clicked_point] TF_REPEATED_DATA ignoring data with redundant timestamp for frame offset (parent map) at time 14.800000 according to authority unknown_publisher
14.800000000 INFO /updateDistance [/home/wcqw/ac-slam/catkin_ws/src/cpp_solver/src/updateDistance.cpp:87(occupancyGridCallback)] [topics: /rosout, /edge_distance] Free vertices size: 3
14.800000000 INFO /updateDistance [/home/wcqw/ac-slam/catkin_ws/src/cpp_solver/src/updateDistance.cpp:128(occupancyGridCallback)] [topics: /rosout, /edge_distance] 1 edge distance updated
14.800000000 INFO /Navigator [/home/wcqw/ac-slam/catkin_ws/src/cpp_solver/src/MyPlanner.cpp:520(findExplorationTarget)] [topics: /rosout, /cmd, /Navigator/plan, /Navigator/markers, /Navigator/frontiers, /Navigator/frontier_to_vertex, /Navigator/nav_goal, /Navigator/prior_map, /Navigator/visual_tsp_path, /Navigator/tsp_index, /Navigator/path_finder, /Navigator/dist_map, /finished_topic, /request_replan, /Explore/result, /Explore/feedback, /Explore/status, /MoveTo/result, /MoveTo/feedback, /MoveTo/status, /Localize/result, /Localize/feedback, /Localize/status, /GetFirstMap/result, /GetFirstMap/feedback, /GetFirstMap/status] Call local replanning...
14.800000000 INFO /path_planner [path_planner.py:321(PathPlanner.handle_replanning)] [topics: /slam_pose_graph, /clock, /edge_distance, /pose_graph_idx, /rosout] Replanning request. curr_vertex_idx: 1
14.800000000 INFO /path_planner [path_planner.py:322(PathPlanner.handle_replanning)] [topics: /slam_pose_graph, /clock, /edge_distance, /pose_graph_idx, /rosout]                     covered_vertices: ()
14.800000000 INFO /path_planner [path_planner.py:336(PathPlanner.handle_replanning)] [topics: /slam_pose_graph, /clock, /edge_distance, /pose_graph_idx, /rosout] Handle local replanning...
14.800000000 INFO /path_planner [path_planner.py:348(PathPlanner.handle_replanning)] [topics: /slam_pose_graph, /clock, /edge_distance, /pose_graph_idx, /rosout] curr path length: 43, is_loop length: 43
14.800000000 INFO /path_planner [path_planner.py:360(PathPlanner.handle_replanning)] [topics: /slam_pose_graph, /clock, /edge_distance, /pose_graph_idx, /rosout] Send new plan: 8 7  ---> 6 5 4 3 9 15 16 10 11 35 37 20 19 15(L) 19 23 29 30 24 25 31 32 26 27 33 34 28 22 21 38 37(L) 38 36 12 13 14 8(L) 14 18 17 21(L) 
15.200000000 INFO /Mapper [/home/wcqw/ac-slam/catkin_ws/src/navigation_2d/nav2d_karto/src/MultiMapper.cpp:401(receiveLaserScan)] [topics: /rosout, /tf, /karto_out, /map, /others, /slam_path, /Mapper/vertices, /Mapper/closure_edges, /Mapper/odom_edges, /Mapper/colored_edges, /localization_result, /slam_pose_graph, /Mapper/loop_closed] PHASE2C_KEYSCAN_ACCEPTED unique_id=12 state_id=12 sim_time=15.100000
15.600000000 INFO /Mapper [/home/wcqw/ac-slam/catkin_ws/src/navigation_2d/nav2d_karto/src/MultiMapper.cpp:401(receiveLaserScan)] [topics: /rosout, /tf, /karto_out, /map, /others, /slam_path, /Mapper/vertices, /Mapper/closure_edges, /Mapper/odom_edges, /Mapper/colored_edges, /localization_result, /slam_pose_graph, /Mapper/loop_closed] PHASE2C_KEYSCAN_ACCEPTED unique_id=13 state_id=13 sim_time=15.600000
15.800000000 WARN /RVIZ [/tmp/binarydeb/ros-noetic-tf2-0.7.10/src/buffer_core.cpp:277()] [topics: /rosout, /initialpose, /goal, /clicked_point] TF_REPEATED_DATA ignoring data with redundant timestamp for frame odom (parent offset) at time 15.800000 according to authority unknown_publisher
15.800000000 WARN /RVIZ [/tmp/binarydeb/ros-noetic-tf2-0.7.10/src/buffer_core.cpp:277()] [topics: /rosout, /initialpose, /goal, /clicked_point] TF_REPEATED_DATA ignoring data with redundant timestamp for frame offset (parent map) at time 15.800000 according to authority unknown_publisher
16.200000000 INFO /Mapper [/home/wcqw/ac-slam/catkin_ws/src/navigation_2d/nav2d_karto/src/MultiMapper.cpp:401(receiveLaserScan)] [topics: /rosout, /tf, /karto_out, /map, /others, /slam_path, /Mapper/vertices, /Mapper/closure_edges, /Mapper/odom_edges, /Mapper/colored_edges, /localization_result, /slam_pose_graph, /Mapper/loop_closed] PHASE2C_KEYSCAN_ACCEPTED unique_id=14 state_id=14 sim_time=16.200000
16.200000000 INFO /updateDistance [/home/wcqw/ac-slam/catkin_ws/src/cpp_solver/src/updateDistance.cpp:29(occupancyGridCallback)] [topics: /rosout, /edge_distance] Received an OccupancyGrid message!
16.200000000 INFO /updateDistance [/home/wcqw/ac-slam/catkin_ws/src/cpp_solver/src/updateDistance.cpp:30(occupancyGridCallback)] [topics: /rosout, /edge_distance] Width: 333, Height: 323, Size: 107559
16.200000000 INFO /updateDistance [/home/wcqw/ac-slam/catkin_ws/src/cpp_solver/src/updateDistance.cpp:32(occupancyGridCallback)] [topics: /rosout, /edge_distance] Map origin x: -7.129, y: -7.112
16.200000000 WARN /RVIZ [/tmp/binarydeb/ros-noetic-tf2-0.7.10/src/buffer_core.cpp:277()] [topics: /rosout, /initialpose, /goal, /clicked_point] TF_REPEATED_DATA ignoring data with redundant timestamp for frame odom (parent offset) at time 16.200000 according to authority unknown_publisher
16.200000000 WARN /RVIZ [/tmp/binarydeb/ros-noetic-tf2-0.7.10/src/buffer_core.cpp:277()] [topics: /rosout, /initialpose, /goal, /clicked_point] TF_REPEATED_DATA ignoring data with redundant timestamp for frame offset (parent map) at time 16.200000 according to authority unknown_publisher
16.200000000 INFO /path_planner [path_planner.py:664(PathPlanner.handle_pose_graph)] [topics: /slam_pose_graph, /clock, /edge_distance, /pose_graph_idx, /rosout] Really visited vertices: 8 
16.200000000 INFO /updateDistance [/home/wcqw/ac-slam/catkin_ws/src/cpp_solver/src/updateDistance.cpp:87(occupancyGridCallback)] [topics: /rosout, /edge_distance] Free vertices size: 3
16.200000000 INFO /updateDistance [/home/wcqw/ac-slam/catkin_ws/src/cpp_solver/src/updateDistance.cpp:128(occupancyGridCallback)] [topics: /rosout, /edge_distance] 1 edge distance updated
16.200000000 INFO /RVIZ [/tmp/binarydeb/ros-noetic-rviz-1.14.26/src/rviz/default_plugin/map_display.cpp:604(MapDisplay::createSwatches)] [topics: /rosout, /initialpose, /goal, /clicked_point] Creating 1 swatches
16.800000000 INFO /Mapper [/home/wcqw/ac-slam/catkin_ws/src/navigation_2d/nav2d_karto/src/MultiMapper.cpp:401(receiveLaserScan)] [topics: /rosout, /tf, /karto_out, /map, /others, /slam_path, /Mapper/vertices, /Mapper/closure_edges, /Mapper/odom_edges, /Mapper/colored_edges, /localization_result, /slam_pose_graph, /Mapper/loop_closed] PHASE2C_KEYSCAN_ACCEPTED unique_id=15 state_id=15 sim_time=16.800000
17.200000000 WARN /RVIZ [/tmp/binarydeb/ros-noetic-tf2-0.7.10/src/buffer_core.cpp:277()] [topics: /rosout, /initialpose, /goal, /clicked_point] TF_REPEATED_DATA ignoring data with redundant timestamp for frame odom (parent offset) at time 17.200000 according to authority unknown_publisher
17.200000000 WARN /RVIZ [/tmp/binarydeb/ros-noetic-tf2-0.7.10/src/buffer_core.cpp:277()] [topics: /rosout, /initialpose, /goal, /clicked_point] TF_REPEATED_DATA ignoring data with redundant timestamp for frame offset (parent map) at time 17.200000 according to authority unknown_publisher
18.400000000 INFO /Mapper [/home/wcqw/ac-slam/catkin_ws/src/navigation_2d/nav2d_karto/src/MultiMapper.cpp:401(receiveLaserScan)] [topics: /rosout, /tf, /karto_out, /map, /others, /slam_path, /Mapper/vertices, /Mapper/closure_edges, /Mapper/odom_edges, /Mapper/colored_edges, /localization_result, /slam_pose_graph, /Mapper/loop_closed] PHASE2C_KEYSCAN_ACCEPTED unique_id=16 state_id=16 sim_time=18.400000
18.400000000 INFO /updateDistance [/home/wcqw/ac-slam/catkin_ws/src/cpp_solver/src/updateDistance.cpp:29(occupancyGridCallback)] [topics: /rosout, /edge_distance] Received an OccupancyGrid message!
18.400000000 INFO /updateDistance [/home/wcqw/ac-slam/catkin_ws/src/cpp_solver/src/updateDistance.cpp:30(occupancyGridCallback)] [topics: /rosout, /edge_distance] Width: 333, Height: 330, Size: 109890
18.400000000 INFO /updateDistance [/home/wcqw/ac-slam/catkin_ws/src/cpp_solver/src/updateDistance.cpp:32(occupancyGridCallback)] [topics: /rosout, /edge_distance] Map origin x: -7.127, y: -7.119
18.400000000 INFO /path_planner [path_planner.py:664(PathPlanner.handle_pose_graph)] [topics: /slam_pose_graph, /clock, /edge_distance, /pose_graph_idx, /rosout] Really visited vertices: 8 
18.400000000 INFO /updateDistance [/home/wcqw/ac-slam/catkin_ws/src/cpp_solver/src/updateDistance.cpp:87(occupancyGridCallback)] [topics: /rosout, /edge_distance] Free vertices size: 3
18.400000000 INFO /updateDistance [/home/wcqw/ac-slam/catkin_ws/src/cpp_solver/src/updateDistance.cpp:128(occupancyGridCallback)] [topics: /rosout, /edge_distance] 1 edge distance updated
18.400000000 INFO /RVIZ [/tmp/binarydeb/ros-noetic-rviz-1.14.26/src/rviz/default_plugin/map_display.cpp:604(MapDisplay::createSwatches)] [topics: /rosout, /initialpose, /goal, /clicked_point] Creating 1 swatches
19.800000000 INFO /Mapper [/home/wcqw/ac-slam/catkin_ws/src/navigation_2d/nav2d_karto/src/MultiMapper.cpp:401(receiveLaserScan)] [topics: /rosout, /tf, /karto_out, /map, /others, /slam_path, /Mapper/vertices, /Mapper/closure_edges, /Mapper/odom_edges, /Mapper/colored_edges, /localization_result, /slam_pose_graph, /Mapper/loop_closed] PHASE2C_KEYSCAN_ACCEPTED unique_id=17 state_id=17 sim_time=19.800000
19.800000000 INFO /updateDistance [/home/wcqw/ac-slam/catkin_ws/src/cpp_solver/src/updateDistance.cpp:29(occupancyGridCallback)] [topics: /rosout, /edge_distance] Received an OccupancyGrid message!
19.800000000 INFO /updateDistance [/home/wcqw/ac-slam/catkin_ws/src/cpp_solver/src/updateDistance.cpp:30(occupancyGridCallback)] [topics: /rosout, /edge_distance] Width: 333, Height: 337, Size: 112221
19.800000000 INFO /updateDistance [/home/wcqw/ac-slam/catkin_ws/src/cpp_solver/src/updateDistance.cpp:32(occupancyGridCallback)] [topics: /rosout, /edge_distance] Map origin x: -7.127, y: -7.119
19.800000000 INFO /path_planner [path_planner.py:664(PathPlanner.handle_pose_graph)] [topics: /slam_pose_graph, /clock, /edge_distance, /pose_graph_idx, /rosout] Really visited vertices: 8 
19.800000000 INFO /updateDistance [/home/wcqw/ac-slam/catkin_ws/src/cpp_solver/src/updateDistance.cpp:87(occupancyGridCallback)] [topics: /rosout, /edge_distance] Free vertices size: 3
19.800000000 INFO /updateDistance [/home/wcqw/ac-slam/catkin_ws/src/cpp_solver/src/updateDistance.cpp:128(occupancyGridCallback)] [topics: /rosout, /edge_distance] 1 edge distance updated
19.800000000 INFO /RVIZ [/tmp/binarydeb/ros-noetic-rviz-1.14.26/src/rviz/default_plugin/map_display.cpp:604(MapDisplay::createSwatches)] [topics: /rosout, /initialpose, /goal, /clicked_point] Creating 1 swatches
20.800000000 INFO /updateDistance [/home/wcqw/ac-slam/catkin_ws/src/cpp_solver/src/updateDistance.cpp:29(occupancyGridCallback)] [topics: /rosout, /edge_distance] Received an OccupancyGrid message!
20.800000000 INFO /updateDistance [/home/wcqw/ac-slam/catkin_ws/src/cpp_solver/src/updateDistance.cpp:30(occupancyGridCallback)] [topics: /rosout, /edge_distance] Width: 333, Height: 337, Size: 112221
20.800000000 INFO /updateDistance [/home/wcqw/ac-slam/catkin_ws/src/cpp_solver/src/updateDistance.cpp:32(occupancyGridCallback)] [topics: /rosout, /edge_distance] Map origin x: -7.127, y: -7.119
20.800000000 WARN /RVIZ [/tmp/binarydeb/ros-noetic-tf2-0.7.10/src/buffer_core.cpp:277()] [topics: /rosout, /initialpose, /goal, /clicked_point] TF_REPEATED_DATA ignoring data with redundant timestamp for frame odom (parent offset) at time 20.800000 according to authority unknown_publisher
20.800000000 WARN /RVIZ [/tmp/binarydeb/ros-noetic-tf2-0.7.10/src/buffer_core.cpp:277()] [topics: /rosout, /initialpose, /goal, /clicked_point] TF_REPEATED_DATA ignoring data with redundant timestamp for frame offset (parent map) at time 20.800000 according to authority unknown_publisher
20.800000000 INFO /updateDistance [/home/wcqw/ac-slam/catkin_ws/src/cpp_solver/src/updateDistance.cpp:87(occupancyGridCallback)] [topics: /rosout, /edge_distance] Free vertices size: 3
20.800000000 INFO /updateDistance [/home/wcqw/ac-slam/catkin_ws/src/cpp_solver/src/updateDistance.cpp:128(occupancyGridCallback)] [topics: /rosout, /edge_distance] 1 edge distance updated
20.800000000 INFO /Navigator [/home/wcqw/ac-slam/catkin_ws/src/cpp_solver/src/MyPlanner.cpp:520(findExplorationTarget)] [topics: /rosout, /cmd, /Navigator/plan, /Navigator/markers, /Navigator/frontiers, /Navigator/frontier_to_vertex, /Navigator/nav_goal, /Navigator/prior_map, /Navigator/visual_tsp_path, /Navigator/tsp_index, /Navigator/path_finder, /Navigator/dist_map, /finished_topic, /request_replan, /Explore/result, /Explore/feedback, /Explore/status, /MoveTo/result, /MoveTo/feedback, /MoveTo/status, /Localize/result, /Localize/feedback, /Localize/status, /GetFirstMap/result, /GetFirstMap/feedback, /GetFirstMap/status] Call local replanning...
20.800000000 INFO /path_planner [path_planner.py:321(PathPlanner.handle_replanning)] [topics: /slam_pose_graph, /clock, /edge_distance, /pose_graph_idx, /rosout] Replanning request. curr_vertex_idx: 1
20.800000000 INFO /path_planner [path_planner.py:322(PathPlanner.handle_replanning)] [topics: /slam_pose_graph, /clock, /edge_distance, /pose_graph_idx, /rosout]                     covered_vertices: ()
20.800000000 INFO /path_planner [path_planner.py:336(PathPlanner.handle_replanning)] [topics: /slam_pose_graph, /clock, /edge_distance, /pose_graph_idx, /rosout] Handle local replanning...
20.800000000 INFO /path_planner [path_planner.py:348(PathPlanner.handle_replanning)] [topics: /slam_pose_graph, /clock, /edge_distance, /pose_graph_idx, /rosout] curr path length: 43, is_loop length: 43
20.800000000 INFO /path_planner [path_planner.py:360(PathPlanner.handle_replanning)] [topics: /slam_pose_graph, /clock, /edge_distance, /pose_graph_idx, /rosout] Send new plan: 8 7  ---> 6 5 4 3 9 15 16 10 11 35 37 20 19 15(L) 19 23 29 30 24 25 31 32 26 27 33 34 28 22 21 38 37(L) 38 36 12 13 14 8(L) 14 18 17 21(L) 
21.200000000 INFO /Mapper [/home/wcqw/ac-slam/catkin_ws/src/navigation_2d/nav2d_karto/src/MultiMapper.cpp:401(receiveLaserScan)] [topics: /rosout, /tf, /karto_out, /map, /others, /slam_path, /Mapper/vertices, /Mapper/closure_edges, /Mapper/odom_edges, /Mapper/colored_edges, /localization_result, /slam_pose_graph, /Mapper/loop_closed] PHASE2C_KEYSCAN_ACCEPTED unique_id=18 state_id=18 sim_time=21.200000
22.600000000 INFO /Mapper [/home/wcqw/ac-slam/catkin_ws/src/navigation_2d/nav2d_karto/src/MultiMapper.cpp:401(receiveLaserScan)] [topics: /rosout, /tf, /karto_out, /map, /others, /slam_path, /Mapper/vertices, /Mapper/closure_edges, /Mapper/odom_edges, /Mapper/colored_edges, /localization_result, /slam_pose_graph, /Mapper/loop_closed] PHASE2C_KEYSCAN_ACCEPTED unique_id=19 state_id=19 sim_time=22.500000
22.600000000 INFO /updateDistance [/home/wcqw/ac-slam/catkin_ws/src/cpp_solver/src/updateDistance.cpp:29(occupancyGridCallback)] [topics: /rosout, /edge_distance] Received an OccupancyGrid message!
22.600000000 INFO /updateDistance [/home/wcqw/ac-slam/catkin_ws/src/cpp_solver/src/updateDistance.cpp:30(occupancyGridCallback)] [topics: /rosout, /edge_distance] Width: 333, Height: 354, Size: 117882
22.600000000 INFO /updateDistance [/home/wcqw/ac-slam/catkin_ws/src/cpp_solver/src/updateDistance.cpp:32(occupancyGridCallback)] [topics: /rosout, /edge_distance] Map origin x: -7.127, y: -7.121
22.600000000 INFO /path_planner [path_planner.py:664(PathPlanner.handle_pose_graph)] [topics: /slam_pose_graph, /clock, /edge_distance, /pose_graph_idx, /rosout] Really visited vertices: 8 
22.600000000 INFO /updateDistance [/home/wcqw/ac-slam/catkin_ws/src/cpp_solver/src/updateDistance.cpp:87(occupancyGridCallback)] [topics: /rosout, /edge_distance] Free vertices size: 4
22.600000000 INFO /updateDistance [/home/wcqw/ac-slam/catkin_ws/src/cpp_solver/src/updateDistance.cpp:128(occupancyGridCallback)] [topics: /rosout, /edge_distance] 3 edge distance updated
22.600000000 INFO /RVIZ [/tmp/binarydeb/ros-noetic-rviz-1.14.26/src/rviz/default_plugin/map_display.cpp:604(MapDisplay::createSwatches)] [topics: /rosout, /initialpose, /goal, /clicked_point] Creating 1 swatches
23.200000000 WARN /RVIZ [/tmp/binarydeb/ros-noetic-tf2-0.7.10/src/buffer_core.cpp:277()] [topics: /rosout, /initialpose, /goal, /clicked_point] TF_REPEATED_DATA ignoring data with redundant timestamp for frame odom (parent offset) at time 23.200000 according to authority unknown_publisher
23.200000000 WARN /RVIZ [/tmp/binarydeb/ros-noetic-tf2-0.7.10/src/buffer_core.cpp:277()] [topics: /rosout, /initialpose, /goal, /clicked_point] TF_REPEATED_DATA ignoring data with redundant timestamp for frame offset (parent map) at time 23.200000 according to authority unknown_publisher
23.800000000 INFO /Mapper [/home/wcqw/ac-slam/catkin_ws/src/navigation_2d/nav2d_karto/src/MultiMapper.cpp:401(receiveLaserScan)] [topics: /rosout, /tf, /karto_out, /map, /others, /slam_path, /Mapper/vertices, /Mapper/closure_edges, /Mapper/odom_edges, /Mapper/colored_edges, /localization_result, /slam_pose_graph, /Mapper/loop_closed] PHASE2C_KEYSCAN_ACCEPTED unique_id=20 state_id=20 sim_time=23.800000
23.800000000 INFO /updateDistance [/home/wcqw/ac-slam/catkin_ws/src/cpp_solver/src/updateDistance.cpp:29(occupancyGridCallback)] [topics: /rosout, /edge_distance] Received an OccupancyGrid message!
23.800000000 INFO /updateDistance [/home/wcqw/ac-slam/catkin_ws/src/cpp_solver/src/updateDistance.cpp:30(occupancyGridCallback)] [topics: /rosout, /edge_distance] Width: 333, Height: 363, Size: 120879
23.800000000 INFO /updateDistance [/home/wcqw/ac-slam/catkin_ws/src/cpp_solver/src/updateDistance.cpp:32(occupancyGridCallback)] [topics: /rosout, /edge_distance] Map origin x: -7.127, y: -7.121
23.800000000 INFO /path_planner [path_planner.py:664(PathPlanner.handle_pose_graph)] [topics: /slam_pose_graph, /clock, /edge_distance, /pose_graph_idx, /rosout] Really visited vertices: 8 
23.800000000 INFO /updateDistance [/home/wcqw/ac-slam/catkin_ws/src/cpp_solver/src/updateDistance.cpp:87(occupancyGridCallback)] [topics: /rosout, /edge_distance] Free vertices size: 4
23.800000000 INFO /updateDistance [/home/wcqw/ac-slam/catkin_ws/src/cpp_solver/src/updateDistance.cpp:128(occupancyGridCallback)] [topics: /rosout, /edge_distance] 3 edge distance updated
23.800000000 INFO /RVIZ [/tmp/binarydeb/ros-noetic-rviz-1.14.26/src/rviz/default_plugin/map_display.cpp:604(MapDisplay::createSwatches)] [topics: /rosout, /initialpose, /goal, /clicked_point] Creating 1 swatches
25.200000000 INFO /Mapper [/home/wcqw/ac-slam/catkin_ws/src/navigation_2d/nav2d_karto/src/MultiMapper.cpp:401(receiveLaserScan)] [topics: /rosout, /tf, /karto_out, /map, /others, /slam_path, /Mapper/vertices, /Mapper/closure_edges, /Mapper/odom_edges, /Mapper/colored_edges, /localization_result, /slam_pose_graph, /Mapper/loop_closed] PHASE2C_KEYSCAN_ACCEPTED unique_id=21 state_id=21 sim_time=25.200000
25.200000000 INFO /updateDistance [/home/wcqw/ac-slam/catkin_ws/src/cpp_solver/src/updateDistance.cpp:29(occupancyGridCallback)] [topics: /rosout, /edge_distance] Received an OccupancyGrid message!
25.200000000 INFO /updateDistance [/home/wcqw/ac-slam/catkin_ws/src/cpp_solver/src/updateDistance.cpp:30(occupancyGridCallback)] [topics: /rosout, /edge_distance] Width: 333, Height: 372, Size: 123876
25.200000000 INFO /updateDistance [/home/wcqw/ac-slam/catkin_ws/src/cpp_solver/src/updateDistance.cpp:32(occupancyGridCallback)] [topics: /rosout, /edge_distance] Map origin x: -7.127, y: -7.121
25.200000000 INFO /path_planner [path_planner.py:664(PathPlanner.handle_pose_graph)] [topics: /slam_pose_graph, /clock, /edge_distance, /pose_graph_idx, /rosout] Really visited vertices: 8 
25.200000000 INFO /updateDistance [/home/wcqw/ac-slam/catkin_ws/src/cpp_solver/src/updateDistance.cpp:87(occupancyGridCallback)] [topics: /rosout, /edge_distance] Free vertices size: 4
25.200000000 INFO /updateDistance [/home/wcqw/ac-slam/catkin_ws/src/cpp_solver/src/updateDistance.cpp:128(occupancyGridCallback)] [topics: /rosout, /edge_distance] 3 edge distance updated
25.200000000 INFO /RVIZ [/tmp/binarydeb/ros-noetic-rviz-1.14.26/src/rviz/default_plugin/map_display.cpp:604(MapDisplay::createSwatches)] [topics: /rosout, /initialpose, /goal, /clicked_point] Creating 1 swatches
25.400000000 WARN /RVIZ [/tmp/binarydeb/ros-noetic-tf2-0.7.10/src/buffer_core.cpp:277()] [topics: /rosout, /initialpose, /goal, /clicked_point] TF_REPEATED_DATA ignoring data with redundant timestamp for frame odom (parent offset) at time 25.400000 according to authority unknown_publisher
25.400000000 WARN /RVIZ [/tmp/binarydeb/ros-noetic-tf2-0.7.10/src/buffer_core.cpp:277()] [topics: /rosout, /initialpose, /goal, /clicked_point] TF_REPEATED_DATA ignoring data with redundant timestamp for frame offset (parent map) at time 25.400000 according to authority unknown_publisher
25.600000000 WARN /RVIZ [/tmp/binarydeb/ros-noetic-tf2-0.7.10/src/buffer_core.cpp:277()] [topics: /rosout, /initialpose, /goal, /clicked_point] TF_REPEATED_DATA ignoring data with redundant timestamp for frame odom (parent offset) at time 25.600000 according to authority unknown_publisher
25.600000000 WARN /RVIZ [/tmp/binarydeb/ros-noetic-tf2-0.7.10/src/buffer_core.cpp:277()] [topics: /rosout, /initialpose, /goal, /clicked_point] TF_REPEATED_DATA ignoring data with redundant timestamp for frame offset (parent map) at time 25.600000 according to authority unknown_publisher
26.600000000 INFO /Mapper [/home/wcqw/ac-slam/catkin_ws/src/navigation_2d/nav2d_karto/src/MultiMapper.cpp:401(receiveLaserScan)] [topics: /rosout, /tf, /karto_out, /map, /others, /slam_path, /Mapper/vertices, /Mapper/closure_edges, /Mapper/odom_edges, /Mapper/colored_edges, /localization_result, /slam_pose_graph, /Mapper/loop_closed] PHASE2C_KEYSCAN_ACCEPTED unique_id=22 state_id=22 sim_time=26.500000
26.600000000 INFO /updateDistance [/home/wcqw/ac-slam/catkin_ws/src/cpp_solver/src/updateDistance.cpp:29(occupancyGridCallback)] [topics: /rosout, /edge_distance] Received an OccupancyGrid message!
26.600000000 INFO /updateDistance [/home/wcqw/ac-slam/catkin_ws/src/cpp_solver/src/updateDistance.cpp:30(occupancyGridCallback)] [topics: /rosout, /edge_distance] Width: 333, Height: 382, Size: 127206
26.600000000 INFO /updateDistance [/home/wcqw/ac-slam/catkin_ws/src/cpp_solver/src/updateDistance.cpp:32(occupancyGridCallback)] [topics: /rosout, /edge_distance] Map origin x: -7.127, y: -7.121
26.600000000 INFO /path_planner [path_planner.py:664(PathPlanner.handle_pose_graph)] [topics: /slam_pose_graph, /clock, /edge_distance, /pose_graph_idx, /rosout] Really visited vertices: 8 
26.600000000 INFO /updateDistance [/home/wcqw/ac-slam/catkin_ws/src/cpp_solver/src/updateDistance.cpp:87(occupancyGridCallback)] [topics: /rosout, /edge_distance] Free vertices size: 4
26.600000000 INFO /updateDistance [/home/wcqw/ac-slam/catkin_ws/src/cpp_solver/src/updateDistance.cpp:128(occupancyGridCallback)] [topics: /rosout, /edge_distance] 3 edge distance updated
26.600000000 INFO /updateDistance [/home/wcqw/ac-slam/catkin_ws/src/cpp_solver/src/updateDistance.cpp:29(occupancyGridCallback)] [topics: /rosout, /edge_distance] Received an OccupancyGrid message!
26.600000000 INFO /updateDistance [/home/wcqw/ac-slam/catkin_ws/src/cpp_solver/src/updateDistance.cpp:30(occupancyGridCallback)] [topics: /rosout, /edge_distance] Width: 333, Height: 382, Size: 127206
26.600000000 INFO /updateDistance [/home/wcqw/ac-slam/catkin_ws/src/cpp_solver/src/updateDistance.cpp:32(occupancyGridCallback)] [topics: /rosout, /edge_distance] Map origin x: -7.127, y: -7.121
26.600000000 INFO /updateDistance [/home/wcqw/ac-slam/catkin_ws/src/cpp_solver/src/updateDistance.cpp:87(occupancyGridCallback)] [topics: /rosout, /edge_distance] Free vertices size: 4
26.600000000 INFO /updateDistance [/home/wcqw/ac-slam/catkin_ws/src/cpp_solver/src/updateDistance.cpp:128(occupancyGridCallback)] [topics: /rosout, /edge_distance] 3 edge distance updated
26.600000000 INFO /RVIZ [/tmp/binarydeb/ros-noetic-rviz-1.14.26/src/rviz/default_plugin/map_display.cpp:604(MapDisplay::createSwatches)] [topics: /rosout, /initialpose, /goal, /clicked_point] Creating 1 swatches
26.600000000 INFO /Navigator [/home/wcqw/ac-slam/catkin_ws/src/cpp_solver/src/MyPlanner.cpp:520(findExplorationTarget)] [topics: /rosout, /cmd, /Navigator/plan, /Navigator/markers, /Navigator/frontiers, /Navigator/frontier_to_vertex, /Navigator/nav_goal, /Navigator/prior_map, /Navigator/visual_tsp_path, /Navigator/tsp_index, /Navigator/path_finder, /Navigator/dist_map, /finished_topic, /request_replan, /Explore/result, /Explore/feedback, /Explore/status, /MoveTo/result, /MoveTo/feedback, /MoveTo/status, /Localize/result, /Localize/feedback, /Localize/status, /GetFirstMap/result, /GetFirstMap/feedback, /GetFirstMap/status] Call local replanning...
26.600000000 INFO /path_planner [path_planner.py:321(PathPlanner.handle_replanning)] [topics: /slam_pose_graph, /clock, /edge_distance, /pose_graph_idx, /rosout] Replanning request. curr_vertex_idx: 1
26.600000000 INFO /path_planner [path_planner.py:322(PathPlanner.handle_replanning)] [topics: /slam_pose_graph, /clock, /edge_distance, /pose_graph_idx, /rosout]                     covered_vertices: ()
26.600000000 INFO /path_planner [path_planner.py:336(PathPlanner.handle_replanning)] [topics: /slam_pose_graph, /clock, /edge_distance, /pose_graph_idx, /rosout] Handle local replanning...
26.600000000 INFO /path_planner [path_planner.py:348(PathPlanner.handle_replanning)] [topics: /slam_pose_graph, /clock, /edge_distance, /pose_graph_idx, /rosout] curr path length: 43, is_loop length: 43
26.600000000 INFO /path_planner [path_planner.py:360(PathPlanner.handle_replanning)] [topics: /slam_pose_graph, /clock, /edge_distance, /pose_graph_idx, /rosout] Send new plan: 8 7  ---> 6 5 4 3 9 15 16 10 11 35 37 20 19 15(L) 19 23 29 30 24 25 31 32 26 27 33 34 28 22 21 38 37(L) 38 36 12 13 14 8(L) 14 18 17 21(L) 
26.600000000 INFO /Navigator [/home/wcqw/ac-slam/catkin_ws/src/cpp_solver/src/MyPlanner.cpp:548(findExplorationTarget)] [topics: /rosout, /cmd, /Navigator/plan, /Navigator/markers, /Navigator/frontiers, /Navigator/frontier_to_vertex, /Navigator/nav_goal, /Navigator/prior_map, /Navigator/visual_tsp_path, /Navigator/tsp_index, /Navigator/path_finder, /Navigator/dist_map, /finished_topic, /request_replan, /Explore/result, /Explore/feedback, /Explore/status, /MoveTo/result, /MoveTo/feedback, /MoveTo/status, /Localize/result, /Localize/feedback, /Localize/status, /GetFirstMap/result, /GetFirstMap/feedback, /GetFirstMap/status] Reach vertex 7
26.600000000 INFO /Navigator [/home/wcqw/ac-slam/catkin_ws/src/cpp_solver/src/MyPlanner.cpp:652(findExplorationTarget)] [topics: /rosout, /cmd, /Navigator/plan, /Navigator/markers, /Navigator/frontiers, /Navigator/frontier_to_vertex, /Navigator/nav_goal, /Navigator/prior_map, /Navigator/visual_tsp_path, /Navigator/tsp_index, /Navigator/path_finder, /Navigator/dist_map, /finished_topic, /request_replan, /Explore/result, /Explore/feedback, /Explore/status, /MoveTo/result, /MoveTo/feedback, /MoveTo/status, /Localize/result, /Localize/feedback, /Localize/status, /GetFirstMap/result, /GetFirstMap/feedback, /GetFirstMap/status] Explore Goal 7 's frontiers...
27.600000000 INFO /Mapper [/home/wcqw/ac-slam/catkin_ws/src/navigation_2d/nav2d_karto/src/MultiMapper.cpp:401(receiveLaserScan)] [topics: /rosout, /tf, /karto_out, /map, /others, /slam_path, /Mapper/vertices, /Mapper/closure_edges, /Mapper/odom_edges, /Mapper/colored_edges, /localization_result, /slam_pose_graph, /Mapper/loop_closed] PHASE2C_KEYSCAN_ACCEPTED unique_id=23 state_id=23 sim_time=27.600000
28.600000000 INFO /Mapper [/home/wcqw/ac-slam/catkin_ws/src/navigation_2d/nav2d_karto/src/MultiMapper.cpp:401(receiveLaserScan)] [topics: /rosout, /tf, /karto_out, /map, /others, /slam_path, /Mapper/vertices, /Mapper/closure_edges, /Mapper/odom_edges, /Mapper/colored_edges, /localization_result, /slam_pose_graph, /Mapper/loop_closed] PHASE2C_KEYSCAN_ACCEPTED unique_id=24 state_id=24 sim_time=28.500000
28.600000000 INFO /updateDistance [/home/wcqw/ac-slam/catkin_ws/src/cpp_solver/src/updateDistance.cpp:29(occupancyGridCallback)] [topics: /rosout, /edge_distance] Received an OccupancyGrid message!
28.600000000 INFO /updateDistance [/home/wcqw/ac-slam/catkin_ws/src/cpp_solver/src/updateDistance.cpp:30(occupancyGridCallback)] [topics: /rosout, /edge_distance] Width: 333, Height: 388, Size: 129204
28.600000000 INFO /updateDistance [/home/wcqw/ac-slam/catkin_ws/src/cpp_solver/src/updateDistance.cpp:32(occupancyGridCallback)] [topics: /rosout, /edge_distance] Map origin x: -7.127, y: -7.121
28.600000000 INFO /path_planner [path_planner.py:664(PathPlanner.handle_pose_graph)] [topics: /slam_pose_graph, /clock, /edge_distance, /pose_graph_idx, /rosout] Really visited vertices: 8 
28.600000000 INFO /updateDistance [/home/wcqw/ac-slam/catkin_ws/src/cpp_solver/src/updateDistance.cpp:87(occupancyGridCallback)] [topics: /rosout, /edge_distance] Free vertices size: 4
28.600000000 INFO /updateDistance [/home/wcqw/ac-slam/catkin_ws/src/cpp_solver/src/updateDistance.cpp:128(occupancyGridCallback)] [topics: /rosout, /edge_distance] 3 edge distance updated
28.600000000 INFO /RVIZ [/tmp/binarydeb/ros-noetic-rviz-1.14.26/src/rviz/default_plugin/map_display.cpp:604(MapDisplay::createSwatches)] [topics: /rosout, /initialpose, /goal, /clicked_point] Creating 1 swatches
30.000000000 INFO /Mapper [/home/wcqw/ac-slam/catkin_ws/src/navigation_2d/nav2d_karto/src/MultiMapper.cpp:401(receiveLaserScan)] [topics: /rosout, /tf, /karto_out, /map, /others, /slam_path, /Mapper/vertices, /Mapper/closure_edges, /Mapper/odom_edges, /Mapper/colored_edges, /localization_result, /slam_pose_graph, /Mapper/loop_closed] PHASE2C_KEYSCAN_ACCEPTED unique_id=25 state_id=25 sim_time=29.900000
30.000000000 INFO /updateDistance [/home/wcqw/ac-slam/catkin_ws/src/cpp_solver/src/updateDistance.cpp:29(occupancyGridCallback)] [topics: /rosout, /edge_distance] Received an OccupancyGrid message!
30.000000000 INFO /updateDistance [/home/wcqw/ac-slam/catkin_ws/src/cpp_solver/src/updateDistance.cpp:30(occupancyGridCallback)] [topics: /rosout, /edge_distance] Width: 333, Height: 391, Size: 130203
30.000000000 INFO /updateDistance [/home/wcqw/ac-slam/catkin_ws/src/cpp_solver/src/updateDistance.cpp:32(occupancyGridCallback)] [topics: /rosout, /edge_distance] Map origin x: -7.127, y: -7.121
30.000000000 INFO /path_planner [path_planner.py:664(PathPlanner.handle_pose_graph)] [topics: /slam_pose_graph, /clock, /edge_distance, /pose_graph_idx, /rosout] Really visited vertices: 8 
30.000000000 INFO /updateDistance [/home/wcqw/ac-slam/catkin_ws/src/cpp_solver/src/updateDistance.cpp:87(occupancyGridCallback)] [topics: /rosout, /edge_distance] Free vertices size: 4
30.000000000 INFO /updateDistance [/home/wcqw/ac-slam/catkin_ws/src/cpp_solver/src/updateDistance.cpp:128(occupancyGridCallback)] [topics: /rosout, /edge_distance] 3 edge distance updated
30.000000000 INFO /RVIZ [/tmp/binarydeb/ros-noetic-rviz-1.14.26/src/rviz/default_plugin/map_display.cpp:604(MapDisplay::createSwatches)] [topics: /rosout, /initialpose, /goal, /clicked_point] Creating 1 swatches
31.200000000 INFO /Mapper [/home/wcqw/ac-slam/catkin_ws/src/navigation_2d/nav2d_karto/src/MultiMapper.cpp:401(receiveLaserScan)] [topics: /rosout, /tf, /karto_out, /map, /others, /slam_path, /Mapper/vertices, /Mapper/closure_edges, /Mapper/odom_edges, /Mapper/colored_edges, /localization_result, /slam_pose_graph, /Mapper/loop_closed] PHASE2C_KEYSCAN_ACCEPTED unique_id=26 state_id=26 sim_time=31.100000
31.200000000 INFO /updateDistance [/home/wcqw/ac-slam/catkin_ws/src/cpp_solver/src/updateDistance.cpp:29(occupancyGridCallback)] [topics: /rosout, /edge_distance] Received an OccupancyGrid message!
31.200000000 INFO /updateDistance [/home/wcqw/ac-slam/catkin_ws/src/cpp_solver/src/updateDistance.cpp:30(occupancyGridCallback)] [topics: /rosout, /edge_distance] Width: 333, Height: 391, Size: 130203
31.200000000 INFO /updateDistance [/home/wcqw/ac-slam/catkin_ws/src/cpp_solver/src/updateDistance.cpp:32(occupancyGridCallback)] [topics: /rosout, /edge_distance] Map origin x: -7.127, y: -7.121
31.200000000 INFO /path_planner [path_planner.py:664(PathPlanner.handle_pose_graph)] [topics: /slam_pose_graph, /clock, /edge_distance, /pose_graph_idx, /rosout] Really visited vertices: 8 
31.200000000 INFO /updateDistance [/home/wcqw/ac-slam/catkin_ws/src/cpp_solver/src/updateDistance.cpp:87(occupancyGridCallback)] [topics: /rosout, /edge_distance] Free vertices size: 4
31.200000000 INFO /updateDistance [/home/wcqw/ac-slam/catkin_ws/src/cpp_solver/src/updateDistance.cpp:128(occupancyGridCallback)] [topics: /rosout, /edge_distance] 3 edge distance updated
32.600000000 INFO /Mapper [/home/wcqw/ac-slam/catkin_ws/src/navigation_2d/nav2d_karto/src/MultiMapper.cpp:401(receiveLaserScan)] [topics: /rosout, /tf, /karto_out, /map, /others, /slam_path, /Mapper/vertices, /Mapper/closure_edges, /Mapper/odom_edges, /Mapper/colored_edges, /localization_result, /slam_pose_graph, /Mapper/loop_closed] PHASE2C_KEYSCAN_ACCEPTED unique_id=27 state_id=27 sim_time=32.500000
32.600000000 INFO /updateDistance [/home/wcqw/ac-slam/catkin_ws/src/cpp_solver/src/updateDistance.cpp:29(occupancyGridCallback)] [topics: /rosout, /edge_distance] Received an OccupancyGrid message!
32.600000000 INFO /updateDistance [/home/wcqw/ac-slam/catkin_ws/src/cpp_solver/src/updateDistance.cpp:30(occupancyGridCallback)] [topics: /rosout, /edge_distance] Width: 333, Height: 391, Size: 130203
32.600000000 INFO /updateDistance [/home/wcqw/ac-slam/catkin_ws/src/cpp_solver/src/updateDistance.cpp:32(occupancyGridCallback)] [topics: /rosout, /edge_distance] Map origin x: -7.127, y: -7.121
32.600000000 INFO /path_planner [path_planner.py:664(PathPlanner.handle_pose_graph)] [topics: /slam_pose_graph, /clock, /edge_distance, /pose_graph_idx, /rosout] Really visited vertices: 8 
32.600000000 INFO /updateDistance [/home/wcqw/ac-slam/catkin_ws/src/cpp_solver/src/updateDistance.cpp:87(occupancyGridCallback)] [topics: /rosout, /edge_distance] Free vertices size: 4
32.600000000 INFO /updateDistance [/home/wcqw/ac-slam/catkin_ws/src/cpp_solver/src/updateDistance.cpp:128(occupancyGridCallback)] [topics: /rosout, /edge_distance] 3 edge distance updated
32.600000000 INFO /updateDistance [/home/wcqw/ac-slam/catkin_ws/src/cpp_solver/src/updateDistance.cpp:29(occupancyGridCallback)] [topics: /rosout, /edge_distance] Received an OccupancyGrid message!
32.600000000 INFO /updateDistance [/home/wcqw/ac-slam/catkin_ws/src/cpp_solver/src/updateDistance.cpp:30(occupancyGridCallback)] [topics: /rosout, /edge_distance] Width: 333, Height: 391, Size: 130203
32.600000000 INFO /updateDistance [/home/wcqw/ac-slam/catkin_ws/src/cpp_solver/src/updateDistance.cpp:32(occupancyGridCallback)] [topics: /rosout, /edge_distance] Map origin x: -7.127, y: -7.121
32.600000000 INFO /updateDistance [/home/wcqw/ac-slam/catkin_ws/src/cpp_solver/src/updateDistance.cpp:87(occupancyGridCallback)] [topics: /rosout, /edge_distance] Free vertices size: 4
32.600000000 INFO /updateDistance [/home/wcqw/ac-slam/catkin_ws/src/cpp_solver/src/updateDistance.cpp:128(occupancyGridCallback)] [topics: /rosout, /edge_distance] 3 edge distance updated
32.600000000 INFO /Navigator [/home/wcqw/ac-slam/catkin_ws/src/cpp_solver/src/MyPlanner.cpp:520(findExplorationTarget)] [topics: /rosout, /cmd, /Navigator/plan, /Navigator/markers, /Navigator/frontiers, /Navigator/frontier_to_vertex, /Navigator/nav_goal, /Navigator/prior_map, /Navigator/visual_tsp_path, /Navigator/tsp_index, /Navigator/path_finder, /Navigator/dist_map, /finished_topic, /request_replan, /Explore/result, /Explore/feedback, /Explore/status, /MoveTo/result, /MoveTo/feedback, /MoveTo/status, /Localize/result, /Localize/feedback, /Localize/status, /GetFirstMap/result, /GetFirstMap/feedback, /GetFirstMap/status] Call local replanning...
32.600000000 INFO /path_planner [path_planner.py:321(PathPlanner.handle_replanning)] [topics: /slam_pose_graph, /clock, /edge_distance, /pose_graph_idx, /rosout] Replanning request. curr_vertex_idx: 1
32.600000000 INFO /path_planner [path_planner.py:322(PathPlanner.handle_replanning)] [topics: /slam_pose_graph, /clock, /edge_distance, /pose_graph_idx, /rosout]                     covered_vertices: ()
32.600000000 INFO /path_planner [path_planner.py:336(PathPlanner.handle_replanning)] [topics: /slam_pose_graph, /clock, /edge_distance, /pose_graph_idx, /rosout] Handle local replanning...
32.600000000 INFO /path_planner [path_planner.py:348(PathPlanner.handle_replanning)] [topics: /slam_pose_graph, /clock, /edge_distance, /pose_graph_idx, /rosout] curr path length: 43, is_loop length: 43
32.600000000 INFO /path_planner [path_planner.py:360(PathPlanner.handle_replanning)] [topics: /slam_pose_graph, /clock, /edge_distance, /pose_graph_idx, /rosout] Send new plan: 8 7  ---> 6 5 4 3 9 15 16 10 11 35 37 20 19 15(L) 19 23 29 30 24 25 31 32 26 27 33 34 28 22 21 38 37(L) 38 36 12 13 14 8(L) 14 18 17 21(L) 
32.600000000 INFO /Navigator [/home/wcqw/ac-slam/catkin_ws/src/cpp_solver/src/MyPlanner.cpp:652(findExplorationTarget)] [topics: /rosout, /cmd, /Navigator/plan, /Navigator/markers, /Navigator/frontiers, /Navigator/frontier_to_vertex, /Navigator/nav_goal, /Navigator/prior_map, /Navigator/visual_tsp_path, /Navigator/tsp_index, /Navigator/path_finder, /Navigator/dist_map, /finished_topic, /request_replan, /Explore/result, /Explore/feedback, /Explore/status, /MoveTo/result, /MoveTo/feedback, /MoveTo/status, /Localize/result, /Localize/feedback, /Localize/status, /GetFirstMap/result, /GetFirstMap/feedback, /GetFirstMap/status] Explore Goal 7 's frontiers...
34.000000000 INFO /Mapper [/home/wcqw/ac-slam/catkin_ws/src/navigation_2d/nav2d_karto/src/MultiMapper.cpp:401(receiveLaserScan)] [topics: /rosout, /tf, /karto_out, /map, /others, /slam_path, /Mapper/vertices, /Mapper/closure_edges, /Mapper/odom_edges, /Mapper/colored_edges, /localization_result, /slam_pose_graph, /Mapper/loop_closed] PHASE2C_KEYSCAN_ACCEPTED unique_id=28 state_id=28 sim_time=34.000000
34.000000000 INFO /updateDistance [/home/wcqw/ac-slam/catkin_ws/src/cpp_solver/src/updateDistance.cpp:29(occupancyGridCallback)] [topics: /rosout, /edge_distance] Received an OccupancyGrid message!
34.000000000 INFO /updateDistance [/home/wcqw/ac-slam/catkin_ws/src/cpp_solver/src/updateDistance.cpp:30(occupancyGridCallback)] [topics: /rosout, /edge_distance] Width: 333, Height: 391, Size: 130203
34.000000000 INFO /updateDistance [/home/wcqw/ac-slam/catkin_ws/src/cpp_solver/src/updateDistance.cpp:32(occupancyGridCallback)] [topics: /rosout, /edge_distance] Map origin x: -7.127, y: -7.121
34.000000000 INFO /path_planner [path_planner.py:664(PathPlanner.handle_pose_graph)] [topics: /slam_pose_graph, /clock, /edge_distance, /pose_graph_idx, /rosout] Really visited vertices: 8 
34.000000000 INFO /updateDistance [/home/wcqw/ac-slam/catkin_ws/src/cpp_solver/src/updateDistance.cpp:87(occupancyGridCallback)] [topics: /rosout, /edge_distance] Free vertices size: 4
34.000000000 INFO /updateDistance [/home/wcqw/ac-slam/catkin_ws/src/cpp_solver/src/updateDistance.cpp:128(occupancyGridCallback)] [topics: /rosout, /edge_distance] 3 edge distance updated
35.400000000 INFO /Mapper [/home/wcqw/ac-slam/catkin_ws/src/navigation_2d/nav2d_karto/src/MultiMapper.cpp:401(receiveLaserScan)] [topics: /rosout, /tf, /karto_out, /map, /others, /slam_path, /Mapper/vertices, /Mapper/closure_edges, /Mapper/odom_edges, /Mapper/colored_edges, /localization_result, /slam_pose_graph, /Mapper/loop_closed] PHASE2C_KEYSCAN_ACCEPTED unique_id=29 state_id=29 sim_time=35.400000
35.400000000 INFO /updateDistance [/home/wcqw/ac-slam/catkin_ws/src/cpp_solver/src/updateDistance.cpp:29(occupancyGridCallback)] [topics: /rosout, /edge_distance] Received an OccupancyGrid message!
35.400000000 INFO /updateDistance [/home/wcqw/ac-slam/catkin_ws/src/cpp_solver/src/updateDistance.cpp:30(occupancyGridCallback)] [topics: /rosout, /edge_distance] Width: 338, Height: 398, Size: 134524
35.400000000 INFO /updateDistance [/home/wcqw/ac-slam/catkin_ws/src/cpp_solver/src/updateDistance.cpp:32(occupancyGridCallback)] [topics: /rosout, /edge_distance] Map origin x: -7.127, y: -7.121
35.400000000 INFO /path_planner [path_planner.py:664(PathPlanner.handle_pose_graph)] [topics: /slam_pose_graph, /clock, /edge_distance, /pose_graph_idx, /rosout] Really visited vertices: 8 
35.400000000 INFO /updateDistance [/home/wcqw/ac-slam/catkin_ws/src/cpp_solver/src/updateDistance.cpp:87(occupancyGridCallback)] [topics: /rosout, /edge_distance] Free vertices size: 4
35.400000000 INFO /updateDistance [/home/wcqw/ac-slam/catkin_ws/src/cpp_solver/src/updateDistance.cpp:128(occupancyGridCallback)] [topics: /rosout, /edge_distance] 3 edge distance updated
35.400000000 INFO /RVIZ [/tmp/binarydeb/ros-noetic-rviz-1.14.26/src/rviz/default_plugin/map_display.cpp:604(MapDisplay::createSwatches)] [topics: /rosout, /initialpose, /goal, /clicked_point] Creating 1 swatches
36.400000000 WARN /RVIZ [/tmp/binarydeb/ros-noetic-tf2-0.7.10/src/buffer_core.cpp:277()] [topics: /rosout, /initialpose, /goal, /clicked_point] TF_REPEATED_DATA ignoring data with redundant timestamp for frame offset (parent map) at time 36.400000 according to authority unknown_publisher
37.400000000 INFO /Mapper [/home/wcqw/ac-slam/catkin_ws/src/navigation_2d/nav2d_karto/src/MultiMapper.cpp:401(receiveLaserScan)] [topics: /rosout, /tf, /karto_out, /map, /others, /slam_path, /Mapper/vertices, /Mapper/closure_edges, /Mapper/odom_edges, /Mapper/colored_edges, /localization_result, /slam_pose_graph, /Mapper/loop_closed] PHASE2C_KEYSCAN_ACCEPTED unique_id=30 state_id=30 sim_time=37.300000
37.400000000 INFO /updateDistance [/home/wcqw/ac-slam/catkin_ws/src/cpp_solver/src/updateDistance.cpp:29(occupancyGridCallback)] [topics: /rosout, /edge_distance] Received an OccupancyGrid message!
37.400000000 INFO /updateDistance [/home/wcqw/ac-slam/catkin_ws/src/cpp_solver/src/updateDistance.cpp:30(occupancyGridCallback)] [topics: /rosout, /edge_distance] Width: 345, Height: 406, Size: 140070
37.400000000 INFO /updateDistance [/home/wcqw/ac-slam/catkin_ws/src/cpp_solver/src/updateDistance.cpp:32(occupancyGridCallback)] [topics: /rosout, /edge_distance] Map origin x: -7.127, y: -7.296
37.400000000 INFO /path_planner [path_planner.py:664(PathPlanner.handle_pose_graph)] [topics: /slam_pose_graph, /clock, /edge_distance, /pose_graph_idx, /rosout] Really visited vertices: 8 
37.400000000 INFO /updateDistance [/home/wcqw/ac-slam/catkin_ws/src/cpp_solver/src/updateDistance.cpp:87(occupancyGridCallback)] [topics: /rosout, /edge_distance] Free vertices size: 5
37.400000000 INFO /updateDistance [/home/wcqw/ac-slam/catkin_ws/src/cpp_solver/src/updateDistance.cpp:128(occupancyGridCallback)] [topics: /rosout, /edge_distance] 5 edge distance updated
37.400000000 INFO /RVIZ [/tmp/binarydeb/ros-noetic-rviz-1.14.26/src/rviz/default_plugin/map_display.cpp:604(MapDisplay::createSwatches)] [topics: /rosout, /initialpose, /goal, /clicked_point] Creating 1 swatches
38.400000000 WARN /RVIZ [/tmp/binarydeb/ros-noetic-tf2-0.7.10/src/buffer_core.cpp:277()] [topics: /rosout, /initialpose, /goal, /clicked_point] TF_REPEATED_DATA ignoring data with redundant timestamp for frame odom (parent offset) at time 38.400000 according to authority unknown_publisher
38.400000000 WARN /RVIZ [/tmp/binarydeb/ros-noetic-tf2-0.7.10/src/buffer_core.cpp:277()] [topics: /rosout, /initialpose, /goal, /clicked_point] TF_REPEATED_DATA ignoring data with redundant timestamp for frame offset (parent map) at time 38.400000 according to authority unknown_publisher
38.700000000 INFO /updateDistance [/home/wcqw/ac-slam/catkin_ws/src/cpp_solver/src/updateDistance.cpp:29(occupancyGridCallback)] [topics: /rosout, /edge_distance] Received an OccupancyGrid message!
38.700000000 INFO /updateDistance [/home/wcqw/ac-slam/catkin_ws/src/cpp_solver/src/updateDistance.cpp:30(occupancyGridCallback)] [topics: /rosout, /edge_distance] Width: 345, Height: 406, Size: 140070
38.700000000 INFO /updateDistance [/home/wcqw/ac-slam/catkin_ws/src/cpp_solver/src/updateDistance.cpp:32(occupancyGridCallback)] [topics: /rosout, /edge_distance] Map origin x: -7.127, y: -7.296
38.800000000 INFO /updateDistance [/home/wcqw/ac-slam/catkin_ws/src/cpp_solver/src/updateDistance.cpp:87(occupancyGridCallback)] [topics: /rosout, /edge_distance] Free vertices size: 5
38.800000000 INFO /updateDistance [/home/wcqw/ac-slam/catkin_ws/src/cpp_solver/src/updateDistance.cpp:128(occupancyGridCallback)] [topics: /rosout, /edge_distance] 5 edge distance updated
38.800000000 INFO /Navigator [/home/wcqw/ac-slam/catkin_ws/src/cpp_solver/src/MyPlanner.cpp:520(findExplorationTarget)] [topics: /rosout, /cmd, /Navigator/plan, /Navigator/markers, /Navigator/frontiers, /Navigator/frontier_to_vertex, /Navigator/nav_goal, /Navigator/prior_map, /Navigator/visual_tsp_path, /Navigator/tsp_index, /Navigator/path_finder, /Navigator/dist_map, /finished_topic, /request_replan, /Explore/result, /Explore/feedback, /Explore/status, /MoveTo/result, /MoveTo/feedback, /MoveTo/status, /Localize/result, /Localize/feedback, /Localize/status, /GetFirstMap/result, /GetFirstMap/feedback, /GetFirstMap/status] Call local replanning...
38.800000000 INFO /path_planner [path_planner.py:321(PathPlanner.handle_replanning)] [topics: /slam_pose_graph, /clock, /edge_distance, /pose_graph_idx, /rosout] Replanning request. curr_vertex_idx: 1
38.800000000 INFO /path_planner [path_planner.py:322(PathPlanner.handle_replanning)] [topics: /slam_pose_graph, /clock, /edge_distance, /pose_graph_idx, /rosout]                     covered_vertices: ()
38.800000000 INFO /path_planner [path_planner.py:336(PathPlanner.handle_replanning)] [topics: /slam_pose_graph, /clock, /edge_distance, /pose_graph_idx, /rosout] Handle local replanning...
38.800000000 INFO /path_planner [path_planner.py:348(PathPlanner.handle_replanning)] [topics: /slam_pose_graph, /clock, /edge_distance, /pose_graph_idx, /rosout] curr path length: 43, is_loop length: 43
38.800000000 INFO /path_planner [path_planner.py:360(PathPlanner.handle_replanning)] [topics: /slam_pose_graph, /clock, /edge_distance, /pose_graph_idx, /rosout] Send new plan: 8 7  ---> 6 5 4 3 9 15 16 10 11 35 37 20 19 15(L) 19 23 29 30 24 25 31 32 26 27 33 34 28 22 21 38 37(L) 38 36 12 13 14 8(L) 14 18 17 21(L) 
38.800000000 WARN /Navigator [/home/wcqw/ac-slam/catkin_ws/src/cpp_solver/src/MyPlanner.cpp:609(findExplorationTarget)] [topics: /rosout, /cmd, /Navigator/plan, /Navigator/markers, /Navigator/frontiers, /Navigator/frontier_to_vertex, /Navigator/nav_goal, /Navigator/prior_map, /Navigator/visual_tsp_path, /Navigator/tsp_index, /Navigator/path_finder, /Navigator/dist_map, /finished_topic, /request_replan, /Explore/result, /Explore/feedback, /Explore/status, /MoveTo/result, /MoveTo/feedback, /MoveTo/status, /Localize/result, /Localize/feedback, /Localize/status, /GetFirstMap/result, /GetFirstMap/feedback, /GetFirstMap/status] No frontier at vertex 7. #Frontier: 0
38.800000000 INFO /Navigator [/home/wcqw/ac-slam/catkin_ws/src/cpp_solver/src/MyPlanner.cpp:318(getUsefulGoalIndex)] [topics: /rosout, /cmd, /Navigator/plan, /Navigator/markers, /Navigator/frontiers, /Navigator/frontier_to_vertex, /Navigator/nav_goal, /Navigator/prior_map, /Navigator/visual_tsp_path, /Navigator/tsp_index, /Navigator/path_finder, /Navigator/dist_map, /finished_topic, /request_replan, /Explore/result, /Explore/feedback, /Explore/status, /MoveTo/result, /MoveTo/feedback, /MoveTo/status, /Localize/result, /Localize/feedback, /Localize/status, /GetFirstMap/result, /GetFirstMap/feedback, /GetFirstMap/status] Set newGoal 6
39.800000000 INFO /Mapper [/home/wcqw/ac-slam/catkin_ws/src/navigation_2d/nav2d_karto/src/MultiMapper.cpp:401(receiveLaserScan)] [topics: /rosout, /tf, /karto_out, /map, /others, /slam_path, /Mapper/vertices, /Mapper/closure_edges, /Mapper/odom_edges, /Mapper/colored_edges, /localization_result, /slam_pose_graph, /Mapper/loop_closed] PHASE2C_KEYSCAN_ACCEPTED unique_id=31 state_id=31 sim_time=39.800000
39.800000000 INFO /updateDistance [/home/wcqw/ac-slam/catkin_ws/src/cpp_solver/src/updateDistance.cpp:29(occupancyGridCallback)] [topics: /rosout, /edge_distance] Received an OccupancyGrid message!
39.800000000 INFO /updateDistance [/home/wcqw/ac-slam/catkin_ws/src/cpp_solver/src/updateDistance.cpp:30(occupancyGridCallback)] [topics: /rosout, /edge_distance] Width: 350, Height: 408, Size: 142800
39.800000000 INFO /updateDistance [/home/wcqw/ac-slam/catkin_ws/src/cpp_solver/src/updateDistance.cpp:32(occupancyGridCallback)] [topics: /rosout, /edge_distance] Map origin x: -7.127, y: -7.335
39.800000000 INFO /path_planner [path_planner.py:664(PathPlanner.handle_pose_graph)] [topics: /slam_pose_graph, /clock, /edge_distance, /pose_graph_idx, /rosout] Really visited vertices: 8 
39.800000000 INFO /updateDistance [/home/wcqw/ac-slam/catkin_ws/src/cpp_solver/src/updateDistance.cpp:87(occupancyGridCallback)] [topics: /rosout, /edge_distance] Free vertices size: 6
39.800000000 INFO /RVIZ [/tmp/binarydeb/ros-noetic-rviz-1.14.26/src/rviz/default_plugin/map_display.cpp:604(MapDisplay::createSwatches)] [topics: /rosout, /initialpose, /goal, /clicked_point] Creating 1 swatches
39.800000000 INFO /updateDistance [/home/wcqw/ac-slam/catkin_ws/src/cpp_solver/src/updateDistance.cpp:128(occupancyGridCallback)] [topics: /rosout, /edge_distance] 8 edge distance updated
40.600000000 INFO /Mapper [/home/wcqw/ac-slam/catkin_ws/src/navigation_2d/nav2d_karto/src/MultiMapper.cpp:401(receiveLaserScan)] [topics: /rosout, /tf, /karto_out, /map, /others, /slam_path, /Mapper/vertices, /Mapper/closure_edges, /Mapper/odom_edges, /Mapper/colored_edges, /localization_result, /slam_pose_graph, /Mapper/loop_closed] PHASE2C_KEYSCAN_ACCEPTED unique_id=32 state_id=32 sim_time=40.500000
41.000000000 INFO /Mapper [/home/wcqw/ac-slam/catkin_ws/src/navigation_2d/nav2d_karto/src/MultiMapper.cpp:401(receiveLaserScan)] [topics: /rosout, /tf, /karto_out, /map, /others, /slam_path, /Mapper/vertices, /Mapper/closure_edges, /Mapper/odom_edges, /Mapper/colored_edges, /localization_result, /slam_pose_graph, /Mapper/loop_closed] PHASE2C_KEYSCAN_ACCEPTED unique_id=33 state_id=33 sim_time=41.000000
41.000000000 INFO /updateDistance [/home/wcqw/ac-slam/catkin_ws/src/cpp_solver/src/updateDistance.cpp:29(occupancyGridCallback)] [topics: /rosout, /edge_distance] Received an OccupancyGrid message!
41.000000000 INFO /updateDistance [/home/wcqw/ac-slam/catkin_ws/src/cpp_solver/src/updateDistance.cpp:30(occupancyGridCallback)] [topics: /rosout, /edge_distance] Width: 350, Height: 408, Size: 142800
41.000000000 INFO /updateDistance [/home/wcqw/ac-slam/catkin_ws/src/cpp_solver/src/updateDistance.cpp:32(occupancyGridCallback)] [topics: /rosout, /edge_distance] Map origin x: -7.127, y: -7.335
41.000000000 INFO /path_planner [path_planner.py:664(PathPlanner.handle_pose_graph)] [topics: /slam_pose_graph, /clock, /edge_distance, /pose_graph_idx, /rosout] Really visited vertices: 8 
41.000000000 INFO /updateDistance [/home/wcqw/ac-slam/catkin_ws/src/cpp_solver/src/updateDistance.cpp:87(occupancyGridCallback)] [topics: /rosout, /edge_distance] Free vertices size: 7
41.000000000 INFO /updateDistance [/home/wcqw/ac-slam/catkin_ws/src/cpp_solver/src/updateDistance.cpp:128(occupancyGridCallback)] [topics: /rosout, /edge_distance] 13 edge distance updated
41.800000000 INFO /Mapper [/home/wcqw/ac-slam/catkin_ws/src/navigation_2d/nav2d_karto/src/MultiMapper.cpp:401(receiveLaserScan)] [topics: /rosout, /tf, /karto_out, /map, /others, /slam_path, /Mapper/vertices, /Mapper/closure_edges, /Mapper/odom_edges, /Mapper/colored_edges, /localization_result, /slam_pose_graph, /Mapper/loop_closed] PHASE2C_KEYSCAN_ACCEPTED unique_id=34 state_id=34 sim_time=41.700000
42.200000000 INFO /Mapper [/home/wcqw/ac-slam/catkin_ws/src/navigation_2d/nav2d_karto/src/MultiMapper.cpp:401(receiveLaserScan)] [topics: /rosout, /tf, /karto_out, /map, /others, /slam_path, /Mapper/vertices, /Mapper/closure_edges, /Mapper/odom_edges, /Mapper/colored_edges, /localization_result, /slam_pose_graph, /Mapper/loop_closed] PHASE2C_KEYSCAN_ACCEPTED unique_id=35 state_id=35 sim_time=42.200000
42.200000000 INFO /updateDistance [/home/wcqw/ac-slam/catkin_ws/src/cpp_solver/src/updateDistance.cpp:29(occupancyGridCallback)] [topics: /rosout, /edge_distance] Received an OccupancyGrid message!
42.200000000 INFO /updateDistance [/home/wcqw/ac-slam/catkin_ws/src/cpp_solver/src/updateDistance.cpp:30(occupancyGridCallback)] [topics: /rosout, /edge_distance] Width: 350, Height: 408, Size: 142800
42.200000000 INFO /updateDistance [/home/wcqw/ac-slam/catkin_ws/src/cpp_solver/src/updateDistance.cpp:32(occupancyGridCallback)] [topics: /rosout, /edge_distance] Map origin x: -7.127, y: -7.335
42.200000000 INFO /path_planner [path_planner.py:664(PathPlanner.handle_pose_graph)] [topics: /slam_pose_graph, /clock, /edge_distance, /pose_graph_idx, /rosout] Really visited vertices: 8 
42.200000000 INFO /updateDistance [/home/wcqw/ac-slam/catkin_ws/src/cpp_solver/src/updateDistance.cpp:87(occupancyGridCallback)] [topics: /rosout, /edge_distance] Free vertices size: 7
42.200000000 INFO /updateDistance [/home/wcqw/ac-slam/catkin_ws/src/cpp_solver/src/updateDistance.cpp:128(occupancyGridCallback)] [topics: /rosout, /edge_distance] 13 edge distance updated
43.000000000 INFO /Mapper [/home/wcqw/ac-slam/catkin_ws/src/navigation_2d/nav2d_karto/src/MultiMapper.cpp:401(receiveLaserScan)] [topics: /rosout, /tf, /karto_out, /map, /others, /slam_path, /Mapper/vertices, /Mapper/closure_edges, /Mapper/odom_edges, /Mapper/colored_edges, /localization_result, /slam_pose_graph, /Mapper/loop_closed] PHASE2C_KEYSCAN_ACCEPTED unique_id=36 state_id=36 sim_time=42.900000
43.600000000 INFO /Mapper [/home/wcqw/ac-slam/catkin_ws/src/navigation_2d/nav2d_karto/src/MultiMapper.cpp:401(receiveLaserScan)] [topics: /rosout, /tf, /karto_out, /map, /others, /slam_path, /Mapper/vertices, /Mapper/closure_edges, /Mapper/odom_edges, /Mapper/colored_edges, /localization_result, /slam_pose_graph, /Mapper/loop_closed] PHASE2C_KEYSCAN_ACCEPTED unique_id=37 state_id=37 sim_time=43.600000
43.600000000 INFO /updateDistance [/home/wcqw/ac-slam/catkin_ws/src/cpp_solver/src/updateDistance.cpp:29(occupancyGridCallback)] [topics: /rosout, /edge_distance] Received an OccupancyGrid message!
43.600000000 INFO /updateDistance [/home/wcqw/ac-slam/catkin_ws/src/cpp_solver/src/updateDistance.cpp:30(occupancyGridCallback)] [topics: /rosout, /edge_distance] Width: 350, Height: 410, Size: 143500
43.600000000 INFO /updateDistance [/home/wcqw/ac-slam/catkin_ws/src/cpp_solver/src/updateDistance.cpp:32(occupancyGridCallback)] [topics: /rosout, /edge_distance] Map origin x: -7.129, y: -7.335
43.600000000 INFO /updateDistance [/home/wcqw/ac-slam/catkin_ws/src/cpp_solver/src/updateDistance.cpp:87(occupancyGridCallback)] [topics: /rosout, /edge_distance] Free vertices size: 7
43.600000000 INFO /updateDistance [/home/wcqw/ac-slam/catkin_ws/src/cpp_solver/src/updateDistance.cpp:128(occupancyGridCallback)] [topics: /rosout, /edge_distance] 13 edge distance updated
43.600000000 INFO /path_planner [path_planner.py:664(PathPlanner.handle_pose_graph)] [topics: /slam_pose_graph, /clock, /edge_distance, /pose_graph_idx, /rosout] Really visited vertices: 8 
43.600000000 INFO /RVIZ [/tmp/binarydeb/ros-noetic-rviz-1.14.26/src/rviz/default_plugin/map_display.cpp:604(MapDisplay::createSwatches)] [topics: /rosout, /initialpose, /goal, /clicked_point] Creating 1 swatches
44.700000000 INFO /updateDistance [/home/wcqw/ac-slam/catkin_ws/src/cpp_solver/src/updateDistance.cpp:29(occupancyGridCallback)] [topics: /rosout, /edge_distance] Received an OccupancyGrid message!
44.700000000 INFO /updateDistance [/home/wcqw/ac-slam/catkin_ws/src/cpp_solver/src/updateDistance.cpp:30(occupancyGridCallback)] [topics: /rosout, /edge_distance] Width: 350, Height: 410, Size: 143500
44.700000000 INFO /updateDistance [/home/wcqw/ac-slam/catkin_ws/src/cpp_solver/src/updateDistance.cpp:32(occupancyGridCallback)] [topics: /rosout, /edge_distance] Map origin x: -7.129, y: -7.335
44.800000000 INFO /updateDistance [/home/wcqw/ac-slam/catkin_ws/src/cpp_solver/src/updateDistance.cpp:87(occupancyGridCallback)] [topics: /rosout, /edge_distance] Free vertices size: 7
44.800000000 INFO /updateDistance [/home/wcqw/ac-slam/catkin_ws/src/cpp_solver/src/updateDistance.cpp:128(occupancyGridCallback)] [topics: /rosout, /edge_distance] 13 edge distance updated
44.800000000 INFO /Mapper [/home/wcqw/ac-slam/catkin_ws/src/navigation_2d/nav2d_karto/src/MultiMapper.cpp:401(receiveLaserScan)] [topics: /rosout, /tf, /karto_out, /map, /others, /slam_path, /Mapper/vertices, /Mapper/closure_edges, /Mapper/odom_edges, /Mapper/colored_edges, /localization_result, /slam_pose_graph, /Mapper/loop_closed] PHASE2C_KEYSCAN_ACCEPTED unique_id=38 state_id=38 sim_time=44.700000
44.800000000 INFO /Navigator [/home/wcqw/ac-slam/catkin_ws/src/cpp_solver/src/MyPlanner.cpp:520(findExplorationTarget)] [topics: /rosout, /cmd, /Navigator/plan, /Navigator/markers, /Navigator/frontiers, /Navigator/frontier_to_vertex, /Navigator/nav_goal, /Navigator/prior_map, /Navigator/visual_tsp_path, /Navigator/tsp_index, /Navigator/path_finder, /Navigator/dist_map, /finished_topic, /request_replan, /Explore/result, /Explore/feedback, /Explore/status, /MoveTo/result, /MoveTo/feedback, /MoveTo/status, /Localize/result, /Localize/feedback, /Localize/status, /GetFirstMap/result, /GetFirstMap/feedback, /GetFirstMap/status] Call local replanning...
44.800000000 INFO /path_planner [path_planner.py:321(PathPlanner.handle_replanning)] [topics: /slam_pose_graph, /clock, /edge_distance, /pose_graph_idx, /rosout] Replanning request. curr_vertex_idx: 2
44.800000000 INFO /path_planner [path_planner.py:322(PathPlanner.handle_replanning)] [topics: /slam_pose_graph, /clock, /edge_distance, /pose_graph_idx, /rosout]                     covered_vertices: ()
44.800000000 INFO /path_planner [path_planner.py:336(PathPlanner.handle_replanning)] [topics: /slam_pose_graph, /clock, /edge_distance, /pose_graph_idx, /rosout] Handle local replanning...
44.800000000 INFO /path_planner [path_planner.py:348(PathPlanner.handle_replanning)] [topics: /slam_pose_graph, /clock, /edge_distance, /pose_graph_idx, /rosout] curr path length: 43, is_loop length: 43
44.800000000 INFO /path_planner [path_planner.py:360(PathPlanner.handle_replanning)] [topics: /slam_pose_graph, /clock, /edge_distance, /pose_graph_idx, /rosout] Send new plan: 8 7 6  ---> 5 4 3 9 15 16 10 11 35 37 20 19 15(L) 19 23 29 30 24 25 31 32 26 27 33 34 28 22 21 38 37(L) 38 36 12 13 14 8(L) 14 18 17 21(L) 
46.200000000 INFO /Mapper [/home/wcqw/ac-slam/catkin_ws/src/navigation_2d/nav2d_karto/src/MultiMapper.cpp:401(receiveLaserScan)] [topics: /rosout, /tf, /karto_out, /map, /others, /slam_path, /Mapper/vertices, /Mapper/closure_edges, /Mapper/odom_edges, /Mapper/colored_edges, /localization_result, /slam_pose_graph, /Mapper/loop_closed] PHASE2C_KEYSCAN_ACCEPTED unique_id=39 state_id=39 sim_time=46.100000
46.200000000 INFO /updateDistance [/home/wcqw/ac-slam/catkin_ws/src/cpp_solver/src/updateDistance.cpp:29(occupancyGridCallback)] [topics: /rosout, /edge_distance] Received an OccupancyGrid message!
46.200000000 INFO /updateDistance [/home/wcqw/ac-slam/catkin_ws/src/cpp_solver/src/updateDistance.cpp:30(occupancyGridCallback)] [topics: /rosout, /edge_distance] Width: 350, Height: 422, Size: 147700
46.200000000 INFO /updateDistance [/home/wcqw/ac-slam/catkin_ws/src/cpp_solver/src/updateDistance.cpp:32(occupancyGridCallback)] [topics: /rosout, /edge_distance] Map origin x: -7.129, y: -7.334
46.200000000 INFO /path_planner [path_planner.py:664(PathPlanner.handle_pose_graph)] [topics: /slam_pose_graph, /clock, /edge_distance, /pose_graph_idx, /rosout] Really visited vertices: 8 
46.200000000 INFO /updateDistance [/home/wcqw/ac-slam/catkin_ws/src/cpp_solver/src/updateDistance.cpp:87(occupancyGridCallback)] [topics: /rosout, /edge_distance] Free vertices size: 7
46.200000000 INFO /updateDistance [/home/wcqw/ac-slam/catkin_ws/src/cpp_solver/src/updateDistance.cpp:128(occupancyGridCallback)] [topics: /rosout, /edge_distance] 13 edge distance updated
46.200000000 INFO /RVIZ [/tmp/binarydeb/ros-noetic-rviz-1.14.26/src/rviz/default_plugin/map_display.cpp:604(MapDisplay::createSwatches)] [topics: /rosout, /initialpose, /goal, /clicked_point] Creating 1 swatches
47.600000000 INFO /Mapper [/home/wcqw/ac-slam/catkin_ws/src/navigation_2d/nav2d_karto/src/MultiMapper.cpp:401(receiveLaserScan)] [topics: /rosout, /tf, /karto_out, /map, /others, /slam_path, /Mapper/vertices, /Mapper/closure_edges, /Mapper/odom_edges, /Mapper/colored_edges, /localization_result, /slam_pose_graph, /Mapper/loop_closed] PHASE2C_KEYSCAN_ACCEPTED unique_id=40 state_id=40 sim_time=47.500000
47.600000000 INFO /updateDistance [/home/wcqw/ac-slam/catkin_ws/src/cpp_solver/src/updateDistance.cpp:29(occupancyGridCallback)] [topics: /rosout, /edge_distance] Received an OccupancyGrid message!
47.600000000 INFO /updateDistance [/home/wcqw/ac-slam/catkin_ws/src/cpp_solver/src/updateDistance.cpp:30(occupancyGridCallback)] [topics: /rosout, /edge_distance] Width: 350, Height: 430, Size: 150500
47.600000000 INFO /updateDistance [/home/wcqw/ac-slam/catkin_ws/src/cpp_solver/src/updateDistance.cpp:32(occupancyGridCallback)] [topics: /rosout, /edge_distance] Map origin x: -7.128, y: -7.334
47.600000000 INFO /path_planner [path_planner.py:664(PathPlanner.handle_pose_graph)] [topics: /slam_pose_graph, /clock, /edge_distance, /pose_graph_idx, /rosout] Really visited vertices: 8 
47.600000000 INFO /updateDistance [/home/wcqw/ac-slam/catkin_ws/src/cpp_solver/src/updateDistance.cpp:87(occupancyGridCallback)] [topics: /rosout, /edge_distance] Free vertices size: 6
47.600000000 INFO /updateDistance [/home/wcqw/ac-slam/catkin_ws/src/cpp_solver/src/updateDistance.cpp:128(occupancyGridCallback)] [topics: /rosout, /edge_distance] 13 edge distance updated
47.600000000 INFO /RVIZ [/tmp/binarydeb/ros-noetic-rviz-1.14.26/src/rviz/default_plugin/map_display.cpp:604(MapDisplay::createSwatches)] [topics: /rosout, /initialpose, /goal, /clicked_point] Creating 1 swatches
48.800000000 INFO /Mapper [/home/wcqw/ac-slam/catkin_ws/src/navigation_2d/nav2d_karto/src/MultiMapper.cpp:401(receiveLaserScan)] [topics: /rosout, /tf, /karto_out, /map, /others, /slam_path, /Mapper/vertices, /Mapper/closure_edges, /Mapper/odom_edges, /Mapper/colored_edges, /localization_result, /slam_pose_graph, /Mapper/loop_closed] PHASE2C_KEYSCAN_ACCEPTED unique_id=41 state_id=41 sim_time=48.800000
48.800000000 INFO /updateDistance [/home/wcqw/ac-slam/catkin_ws/src/cpp_solver/src/updateDistance.cpp:29(occupancyGridCallback)] [topics: /rosout, /edge_distance] Received an OccupancyGrid message!
48.800000000 INFO /updateDistance [/home/wcqw/ac-slam/catkin_ws/src/cpp_solver/src/updateDistance.cpp:30(occupancyGridCallback)] [topics: /rosout, /edge_distance] Width: 350, Height: 436, Size: 152600
48.800000000 INFO /updateDistance [/home/wcqw/ac-slam/catkin_ws/src/cpp_solver/src/updateDistance.cpp:32(occupancyGridCallback)] [topics: /rosout, /edge_distance] Map origin x: -7.128, y: -7.334
48.800000000 INFO /path_planner [path_planner.py:664(PathPlanner.handle_pose_graph)] [topics: /slam_pose_graph, /clock, /edge_distance, /pose_graph_idx, /rosout] Really visited vertices: 8 
48.800000000 INFO /updateDistance [/home/wcqw/ac-slam/catkin_ws/src/cpp_solver/src/updateDistance.cpp:87(occupancyGridCallback)] [topics: /rosout, /edge_distance] Free vertices size: 6
48.800000000 INFO /updateDistance [/home/wcqw/ac-slam/catkin_ws/src/cpp_solver/src/updateDistance.cpp:128(occupancyGridCallback)] [topics: /rosout, /edge_distance] 13 edge distance updated
48.800000000 INFO /RVIZ [/tmp/binarydeb/ros-noetic-rviz-1.14.26/src/rviz/default_plugin/map_display.cpp:604(MapDisplay::createSwatches)] [topics: /rosout, /initialpose, /goal, /clicked_point] Creating 1 swatches
50.200000000 INFO /Mapper [/home/wcqw/ac-slam/catkin_ws/src/navigation_2d/nav2d_karto/src/MultiMapper.cpp:401(receiveLaserScan)] [topics: /rosout, /tf, /karto_out, /map, /others, /slam_path, /Mapper/vertices, /Mapper/closure_edges, /Mapper/odom_edges, /Mapper/colored_edges, /localization_result, /slam_pose_graph, /Mapper/loop_closed] PHASE2C_KEYSCAN_ACCEPTED unique_id=42 state_id=42 sim_time=50.100000
50.200000000 INFO /updateDistance [/home/wcqw/ac-slam/catkin_ws/src/cpp_solver/src/updateDistance.cpp:29(occupancyGridCallback)] [topics: /rosout, /edge_distance] Received an OccupancyGrid message!
50.200000000 INFO /updateDistance [/home/wcqw/ac-slam/catkin_ws/src/cpp_solver/src/updateDistance.cpp:30(occupancyGridCallback)] [topics: /rosout, /edge_distance] Width: 350, Height: 443, Size: 155050
50.200000000 INFO /updateDistance [/home/wcqw/ac-slam/catkin_ws/src/cpp_solver/src/updateDistance.cpp:32(occupancyGridCallback)] [topics: /rosout, /edge_distance] Map origin x: -7.128, y: -7.334
50.200000000 INFO /path_planner [path_planner.py:664(PathPlanner.handle_pose_graph)] [topics: /slam_pose_graph, /clock, /edge_distance, /pose_graph_idx, /rosout] Really visited vertices: 8 
50.200000000 INFO /updateDistance [/home/wcqw/ac-slam/catkin_ws/src/cpp_solver/src/updateDistance.cpp:87(occupancyGridCallback)] [topics: /rosout, /edge_distance] Free vertices size: 6
50.200000000 INFO /updateDistance [/home/wcqw/ac-slam/catkin_ws/src/cpp_solver/src/updateDistance.cpp:128(occupancyGridCallback)] [topics: /rosout, /edge_distance] 13 edge distance updated
50.200000000 INFO /RVIZ [/tmp/binarydeb/ros-noetic-rviz-1.14.26/src/rviz/default_plugin/map_display.cpp:604(MapDisplay::createSwatches)] [topics: /rosout, /initialpose, /goal, /clicked_point] Creating 1 swatches
50.700000000 INFO /updateDistance [/home/wcqw/ac-slam/catkin_ws/src/cpp_solver/src/updateDistance.cpp:29(occupancyGridCallback)] [topics: /rosout, /edge_distance] Received an OccupancyGrid message!
50.700000000 INFO /updateDistance [/home/wcqw/ac-slam/catkin_ws/src/cpp_solver/src/updateDistance.cpp:30(occupancyGridCallback)] [topics: /rosout, /edge_distance] Width: 350, Height: 443, Size: 155050
50.700000000 INFO /updateDistance [/home/wcqw/ac-slam/catkin_ws/src/cpp_solver/src/updateDistance.cpp:32(occupancyGridCallback)] [topics: /rosout, /edge_distance] Map origin x: -7.128, y: -7.334
50.800000000 INFO /updateDistance [/home/wcqw/ac-slam/catkin_ws/src/cpp_solver/src/updateDistance.cpp:87(occupancyGridCallback)] [topics: /rosout, /edge_distance] Free vertices size: 6
50.800000000 INFO /updateDistance [/home/wcqw/ac-slam/catkin_ws/src/cpp_solver/src/updateDistance.cpp:128(occupancyGridCallback)] [topics: /rosout, /edge_distance] 13 edge distance updated
50.800000000 INFO /Navigator [/home/wcqw/ac-slam/catkin_ws/src/cpp_solver/src/MyPlanner.cpp:520(findExplorationTarget)] [topics: /rosout, /cmd, /Navigator/plan, /Navigator/markers, /Navigator/frontiers, /Navigator/frontier_to_vertex, /Navigator/nav_goal, /Navigator/prior_map, /Navigator/visual_tsp_path, /Navigator/tsp_index, /Navigator/path_finder, /Navigator/dist_map, /finished_topic, /request_replan, /Explore/result, /Explore/feedback, /Explore/status, /MoveTo/result, /MoveTo/feedback, /MoveTo/status, /Localize/result, /Localize/feedback, /Localize/status, /GetFirstMap/result, /GetFirstMap/feedback, /GetFirstMap/status] Call local replanning...
50.800000000 INFO /path_planner [path_planner.py:321(PathPlanner.handle_replanning)] [topics: /slam_pose_graph, /clock, /edge_distance, /pose_graph_idx, /rosout] Replanning request. curr_vertex_idx: 2
50.800000000 INFO /path_planner [path_planner.py:322(PathPlanner.handle_replanning)] [topics: /slam_pose_graph, /clock, /edge_distance, /pose_graph_idx, /rosout]                     covered_vertices: ()
50.800000000 INFO /path_planner [path_planner.py:336(PathPlanner.handle_replanning)] [topics: /slam_pose_graph, /clock, /edge_distance, /pose_graph_idx, /rosout] Handle local replanning...
50.800000000 INFO /path_planner [path_planner.py:348(PathPlanner.handle_replanning)] [topics: /slam_pose_graph, /clock, /edge_distance, /pose_graph_idx, /rosout] curr path length: 43, is_loop length: 43
50.800000000 INFO /path_planner [path_planner.py:360(PathPlanner.handle_replanning)] [topics: /slam_pose_graph, /clock, /edge_distance, /pose_graph_idx, /rosout] Send new plan: 8 7 6  ---> 5 4 3 9 15 16 10 11 35 37 20 19 15(L) 19 23 29 30 24 25 31 32 26 27 33 34 28 22 21 38 37(L) 38 36 12 13 14 8(L) 14 18 17 21(L) 
51.400000000 INFO /Mapper [/home/wcqw/ac-slam/catkin_ws/src/navigation_2d/nav2d_karto/src/MultiMapper.cpp:401(receiveLaserScan)] [topics: /rosout, /tf, /karto_out, /map, /others, /slam_path, /Mapper/vertices, /Mapper/closure_edges, /Mapper/odom_edges, /Mapper/colored_edges, /localization_result, /slam_pose_graph, /Mapper/loop_closed] PHASE2C_KEYSCAN_ACCEPTED unique_id=43 state_id=43 sim_time=51.400000
52.000000000 WARN /RVIZ [/tmp/binarydeb/ros-noetic-tf2-0.7.10/src/buffer_core.cpp:277()] [topics: /rosout, /initialpose, /goal, /clicked_point] TF_REPEATED_DATA ignoring data with redundant timestamp for frame odom (parent offset) at time 52.000000 according to authority unknown_publisher
52.000000000 WARN /RVIZ [/tmp/binarydeb/ros-noetic-tf2-0.7.10/src/buffer_core.cpp:277()] [topics: /rosout, /initialpose, /goal, /clicked_point] TF_REPEATED_DATA ignoring data with redundant timestamp for frame offset (parent map) at time 52.000000 according to authority unknown_publisher
52.600000000 INFO /Mapper [/home/wcqw/ac-slam/catkin_ws/src/navigation_2d/nav2d_karto/src/MultiMapper.cpp:401(receiveLaserScan)] [topics: /rosout, /tf, /karto_out, /map, /others, /slam_path, /Mapper/vertices, /Mapper/closure_edges, /Mapper/odom_edges, /Mapper/colored_edges, /localization_result, /slam_pose_graph, /Mapper/loop_closed] PHASE2C_KEYSCAN_ACCEPTED unique_id=44 state_id=44 sim_time=52.600000
52.600000000 INFO /updateDistance [/home/wcqw/ac-slam/catkin_ws/src/cpp_solver/src/updateDistance.cpp:29(occupancyGridCallback)] [topics: /rosout, /edge_distance] Received an OccupancyGrid message!
52.600000000 INFO /updateDistance [/home/wcqw/ac-slam/catkin_ws/src/cpp_solver/src/updateDistance.cpp:30(occupancyGridCallback)] [topics: /rosout, /edge_distance] Width: 350, Height: 458, Size: 160300
52.600000000 INFO /updateDistance [/home/wcqw/ac-slam/catkin_ws/src/cpp_solver/src/updateDistance.cpp:32(occupancyGridCallback)] [topics: /rosout, /edge_distance] Map origin x: -7.128, y: -7.334
52.600000000 INFO /path_planner [path_planner.py:664(PathPlanner.handle_pose_graph)] [topics: /slam_pose_graph, /clock, /edge_distance, /pose_graph_idx, /rosout] Really visited vertices: 8 
52.600000000 INFO /updateDistance [/home/wcqw/ac-slam/catkin_ws/src/cpp_solver/src/updateDistance.cpp:87(occupancyGridCallback)] [topics: /rosout, /edge_distance] Free vertices size: 5
52.600000000 INFO /updateDistance [/home/wcqw/ac-slam/catkin_ws/src/cpp_solver/src/updateDistance.cpp:128(occupancyGridCallback)] [topics: /rosout, /edge_distance] 13 edge distance updated
52.600000000 INFO /RVIZ [/tmp/binarydeb/ros-noetic-rviz-1.14.26/src/rviz/default_plugin/map_display.cpp:604(MapDisplay::createSwatches)] [topics: /rosout, /initialpose, /goal, /clicked_point] Creating 1 swatches
54.200000000 INFO /Mapper [/home/wcqw/ac-slam/catkin_ws/src/navigation_2d/nav2d_karto/src/MultiMapper.cpp:401(receiveLaserScan)] [topics: /rosout, /tf, /karto_out, /map, /others, /slam_path, /Mapper/vertices, /Mapper/closure_edges, /Mapper/odom_edges, /Mapper/colored_edges, /localization_result, /slam_pose_graph, /Mapper/loop_closed] PHASE2C_KEYSCAN_ACCEPTED unique_id=45 state_id=45 sim_time=54.100000
54.200000000 INFO /updateDistance [/home/wcqw/ac-slam/catkin_ws/src/cpp_solver/src/updateDistance.cpp:29(occupancyGridCallback)] [topics: /rosout, /edge_distance] Received an OccupancyGrid message!
54.200000000 INFO /updateDistance [/home/wcqw/ac-slam/catkin_ws/src/cpp_solver/src/updateDistance.cpp:30(occupancyGridCallback)] [topics: /rosout, /edge_distance] Width: 350, Height: 468, Size: 163800
54.200000000 INFO /updateDistance [/home/wcqw/ac-slam/catkin_ws/src/cpp_solver/src/updateDistance.cpp:32(occupancyGridCallback)] [topics: /rosout, /edge_distance] Map origin x: -7.128, y: -7.334
54.200000000 INFO /path_planner [path_planner.py:664(PathPlanner.handle_pose_graph)] [topics: /slam_pose_graph, /clock, /edge_distance, /pose_graph_idx, /rosout] Really visited vertices: 8 
54.200000000 INFO /updateDistance [/home/wcqw/ac-slam/catkin_ws/src/cpp_solver/src/updateDistance.cpp:87(occupancyGridCallback)] [topics: /rosout, /edge_distance] Free vertices size: 5
54.200000000 INFO /updateDistance [/home/wcqw/ac-slam/catkin_ws/src/cpp_solver/src/updateDistance.cpp:128(occupancyGridCallback)] [topics: /rosout, /edge_distance] 13 edge distance updated
54.200000000 INFO /RVIZ [/tmp/binarydeb/ros-noetic-rviz-1.14.26/src/rviz/default_plugin/map_display.cpp:604(MapDisplay::createSwatches)] [topics: /rosout, /initialpose, /goal, /clicked_point] Creating 1 swatches
55.600000000 WARN /RVIZ [/tmp/binarydeb/ros-noetic-tf2-0.7.10/src/buffer_core.cpp:277()] [topics: /rosout, /initialpose, /goal, /clicked_point] TF_REPEATED_DATA ignoring data with redundant timestamp for frame odom (parent offset) at time 55.600000 according to authority unknown_publisher
55.600000000 WARN /RVIZ [/tmp/binarydeb/ros-noetic-tf2-0.7.10/src/buffer_core.cpp:277()] [topics: /rosout, /initialpose, /goal, /clicked_point] TF_REPEATED_DATA ignoring data with redundant timestamp for frame offset (parent map) at time 55.600000 according to authority unknown_publisher
56.400000000 INFO /Mapper [/home/wcqw/ac-slam/catkin_ws/src/navigation_2d/nav2d_karto/src/MultiMapper.cpp:401(receiveLaserScan)] [topics: /rosout, /tf, /karto_out, /map, /others, /slam_path, /Mapper/vertices, /Mapper/closure_edges, /Mapper/odom_edges, /Mapper/colored_edges, /localization_result, /slam_pose_graph, /Mapper/loop_closed] PHASE2C_KEYSCAN_ACCEPTED unique_id=46 state_id=46 sim_time=56.300000
56.400000000 INFO /updateDistance [/home/wcqw/ac-slam/catkin_ws/src/cpp_solver/src/updateDistance.cpp:29(occupancyGridCallback)] [topics: /rosout, /edge_distance] Received an OccupancyGrid message!
56.400000000 INFO /updateDistance [/home/wcqw/ac-slam/catkin_ws/src/cpp_solver/src/updateDistance.cpp:30(occupancyGridCallback)] [topics: /rosout, /edge_distance] Width: 350, Height: 478, Size: 167300
56.400000000 INFO /updateDistance [/home/wcqw/ac-slam/catkin_ws/src/cpp_solver/src/updateDistance.cpp:32(occupancyGridCallback)] [topics: /rosout, /edge_distance] Map origin x: -7.128, y: -7.334
56.400000000 INFO /path_planner [path_planner.py:664(PathPlanner.handle_pose_graph)] [topics: /slam_pose_graph, /clock, /edge_distance, /pose_graph_idx, /rosout] Really visited vertices: 8 
56.400000000 INFO /updateDistance [/home/wcqw/ac-slam/catkin_ws/src/cpp_solver/src/updateDistance.cpp:87(occupancyGridCallback)] [topics: /rosout, /edge_distance] Free vertices size: 7
56.400000000 INFO /updateDistance [/home/wcqw/ac-slam/catkin_ws/src/cpp_solver/src/updateDistance.cpp:128(occupancyGridCallback)] [topics: /rosout, /edge_distance] 18 edge distance updated
56.400000000 INFO /RVIZ [/tmp/binarydeb/ros-noetic-rviz-1.14.26/src/rviz/default_plugin/map_display.cpp:604(MapDisplay::createSwatches)] [topics: /rosout, /initialpose, /goal, /clicked_point] Creating 1 swatches
56.700000000 INFO /updateDistance [/home/wcqw/ac-slam/catkin_ws/src/cpp_solver/src/updateDistance.cpp:29(occupancyGridCallback)] [topics: /rosout, /edge_distance] Received an OccupancyGrid message!
56.700000000 INFO /updateDistance [/home/wcqw/ac-slam/catkin_ws/src/cpp_solver/src/updateDistance.cpp:30(occupancyGridCallback)] [topics: /rosout, /edge_distance] Width: 350, Height: 478, Size: 167300
56.700000000 INFO /updateDistance [/home/wcqw/ac-slam/catkin_ws/src/cpp_solver/src/updateDistance.cpp:32(occupancyGridCallback)] [topics: /rosout, /edge_distance] Map origin x: -7.128, y: -7.334
56.800000000 INFO /updateDistance [/home/wcqw/ac-slam/catkin_ws/src/cpp_solver/src/updateDistance.cpp:87(occupancyGridCallback)] [topics: /rosout, /edge_distance] Free vertices size: 7
56.800000000 INFO /updateDistance [/home/wcqw/ac-slam/catkin_ws/src/cpp_solver/src/updateDistance.cpp:128(occupancyGridCallback)] [topics: /rosout, /edge_distance] 18 edge distance updated
56.800000000 INFO /Navigator [/home/wcqw/ac-slam/catkin_ws/src/cpp_solver/src/MyPlanner.cpp:520(findExplorationTarget)] [topics: /rosout, /cmd, /Navigator/plan, /Navigator/markers, /Navigator/frontiers, /Navigator/frontier_to_vertex, /Navigator/nav_goal, /Navigator/prior_map, /Navigator/visual_tsp_path, /Navigator/tsp_index, /Navigator/path_finder, /Navigator/dist_map, /finished_topic, /request_replan, /Explore/result, /Explore/feedback, /Explore/status, /MoveTo/result, /MoveTo/feedback, /MoveTo/status, /Localize/result, /Localize/feedback, /Localize/status, /GetFirstMap/result, /GetFirstMap/feedback, /GetFirstMap/status] Call local replanning...
56.800000000 INFO /path_planner [path_planner.py:321(PathPlanner.handle_replanning)] [topics: /slam_pose_graph, /clock, /edge_distance, /pose_graph_idx, /rosout] Replanning request. curr_vertex_idx: 2
56.800000000 INFO /path_planner [path_planner.py:322(PathPlanner.handle_replanning)] [topics: /slam_pose_graph, /clock, /edge_distance, /pose_graph_idx, /rosout]                     covered_vertices: ()
56.800000000 INFO /path_planner [path_planner.py:336(PathPlanner.handle_replanning)] [topics: /slam_pose_graph, /clock, /edge_distance, /pose_graph_idx, /rosout] Handle local replanning...
56.800000000 INFO /path_planner [path_planner.py:348(PathPlanner.handle_replanning)] [topics: /slam_pose_graph, /clock, /edge_distance, /pose_graph_idx, /rosout] curr path length: 43, is_loop length: 43
56.800000000 INFO /path_planner [path_planner.py:360(PathPlanner.handle_replanning)] [topics: /slam_pose_graph, /clock, /edge_distance, /pose_graph_idx, /rosout] Send new plan: 8 7 6  ---> 5 4 3 9 15 16 10 11 35 37 20 19 15(L) 19 23 29 30 24 25 31 32 26 27 33 34 28 22 21 38 37(L) 38 36 12 13 14 8(L) 14 18 17 21(L) 
56.800000000 INFO /Navigator [/home/wcqw/ac-slam/catkin_ws/src/cpp_solver/src/MyPlanner.cpp:548(findExplorationTarget)] [topics: /rosout, /cmd, /Navigator/plan, /Navigator/markers, /Navigator/frontiers, /Navigator/frontier_to_vertex, /Navigator/nav_goal, /Navigator/prior_map, /Navigator/visual_tsp_path, /Navigator/tsp_index, /Navigator/path_finder, /Navigator/dist_map, /finished_topic, /request_replan, /Explore/result, /Explore/feedback, /Explore/status, /MoveTo/result, /MoveTo/feedback, /MoveTo/status, /Localize/result, /Localize/feedback, /Localize/status, /GetFirstMap/result, /GetFirstMap/feedback, /GetFirstMap/status] Reach vertex 6
56.800000000 INFO /Navigator [/home/wcqw/ac-slam/catkin_ws/src/cpp_solver/src/MyPlanner.cpp:652(findExplorationTarget)] [topics: /rosout, /cmd, /Navigator/plan, /Navigator/markers, /Navigator/frontiers, /Navigator/frontier_to_vertex, /Navigator/nav_goal, /Navigator/prior_map, /Navigator/visual_tsp_path, /Navigator/tsp_index, /Navigator/path_finder, /Navigator/dist_map, /finished_topic, /request_replan, /Explore/result, /Explore/feedback, /Explore/status, /MoveTo/result, /MoveTo/feedback, /MoveTo/status, /Localize/result, /Localize/feedback, /Localize/status, /GetFirstMap/result, /GetFirstMap/feedback, /GetFirstMap/status] Explore Goal 6 's frontiers...
58.000000000 WARN /RVIZ [/tmp/binarydeb/ros-noetic-tf2-0.7.10/src/buffer_core.cpp:277()] [topics: /rosout, /initialpose, /goal, /clicked_point] TF_REPEATED_DATA ignoring data with redundant timestamp for frame odom (parent offset) at time 58.000000 according to authority unknown_publisher
58.000000000 WARN /RVIZ [/tmp/binarydeb/ros-noetic-tf2-0.7.10/src/buffer_core.cpp:277()] [topics: /rosout, /initialpose, /goal, /clicked_point] TF_REPEATED_DATA ignoring data with redundant timestamp for frame offset (parent map) at time 58.000000 according to authority unknown_publisher
58.400000000 INFO /Mapper [/home/wcqw/ac-slam/catkin_ws/src/navigation_2d/nav2d_karto/src/MultiMapper.cpp:401(receiveLaserScan)] [topics: /rosout, /tf, /karto_out, /map, /others, /slam_path, /Mapper/vertices, /Mapper/closure_edges, /Mapper/odom_edges, /Mapper/colored_edges, /localization_result, /slam_pose_graph, /Mapper/loop_closed] PHASE2C_KEYSCAN_ACCEPTED unique_id=47 state_id=47 sim_time=58.400000
58.400000000 INFO /updateDistance [/home/wcqw/ac-slam/catkin_ws/src/cpp_solver/src/updateDistance.cpp:29(occupancyGridCallback)] [topics: /rosout, /edge_distance] Received an OccupancyGrid message!
58.400000000 INFO /updateDistance [/home/wcqw/ac-slam/catkin_ws/src/cpp_solver/src/updateDistance.cpp:30(occupancyGridCallback)] [topics: /rosout, /edge_distance] Width: 350, Height: 488, Size: 170800
58.400000000 INFO /updateDistance [/home/wcqw/ac-slam/catkin_ws/src/cpp_solver/src/updateDistance.cpp:32(occupancyGridCallback)] [topics: /rosout, /edge_distance] Map origin x: -7.128, y: -7.334
58.400000000 INFO /path_planner [path_planner.py:664(PathPlanner.handle_pose_graph)] [topics: /slam_pose_graph, /clock, /edge_distance, /pose_graph_idx, /rosout] Really visited vertices: 8 
58.400000000 INFO /updateDistance [/home/wcqw/ac-slam/catkin_ws/src/cpp_solver/src/updateDistance.cpp:87(occupancyGridCallback)] [topics: /rosout, /edge_distance] Free vertices size: 7
58.400000000 INFO /updateDistance [/home/wcqw/ac-slam/catkin_ws/src/cpp_solver/src/updateDistance.cpp:128(occupancyGridCallback)] [topics: /rosout, /edge_distance] 18 edge distance updated
58.400000000 INFO /RVIZ [/tmp/binarydeb/ros-noetic-rviz-1.14.26/src/rviz/default_plugin/map_display.cpp:604(MapDisplay::createSwatches)] [topics: /rosout, /initialpose, /goal, /clicked_point] Creating 1 swatches
60.000000000 INFO /Mapper [/home/wcqw/ac-slam/catkin_ws/src/navigation_2d/nav2d_karto/src/MultiMapper.cpp:401(receiveLaserScan)] [topics: /rosout, /tf, /karto_out, /map, /others, /slam_path, /Mapper/vertices, /Mapper/closure_edges, /Mapper/odom_edges, /Mapper/colored_edges, /localization_result, /slam_pose_graph, /Mapper/loop_closed] PHASE2C_KEYSCAN_ACCEPTED unique_id=48 state_id=48 sim_time=59.900000
60.000000000 INFO /updateDistance [/home/wcqw/ac-slam/catkin_ws/src/cpp_solver/src/updateDistance.cpp:29(occupancyGridCallback)] [topics: /rosout, /edge_distance] Received an OccupancyGrid message!
60.000000000 INFO /updateDistance [/home/wcqw/ac-slam/catkin_ws/src/cpp_solver/src/updateDistance.cpp:30(occupancyGridCallback)] [topics: /rosout, /edge_distance] Width: 350, Height: 497, Size: 173950
60.000000000 INFO /updateDistance [/home/wcqw/ac-slam/catkin_ws/src/cpp_solver/src/updateDistance.cpp:32(occupancyGridCallback)] [topics: /rosout, /edge_distance] Map origin x: -7.128, y: -7.334
60.000000000 INFO /path_planner [path_planner.py:664(PathPlanner.handle_pose_graph)] [topics: /slam_pose_graph, /clock, /edge_distance, /pose_graph_idx, /rosout] Really visited vertices: 8 
60.000000000 INFO /updateDistance [/home/wcqw/ac-slam/catkin_ws/src/cpp_solver/src/updateDistance.cpp:87(occupancyGridCallback)] [topics: /rosout, /edge_distance] Free vertices size: 7
60.000000000 INFO /updateDistance [/home/wcqw/ac-slam/catkin_ws/src/cpp_solver/src/updateDistance.cpp:128(occupancyGridCallback)] [topics: /rosout, /edge_distance] 18 edge distance updated
60.000000000 INFO /RVIZ [/tmp/binarydeb/ros-noetic-rviz-1.14.26/src/rviz/default_plugin/map_display.cpp:604(MapDisplay::createSwatches)] [topics: /rosout, /initialpose, /goal, /clicked_point] Creating 1 swatches
61.400000000 INFO /Mapper [/home/wcqw/ac-slam/catkin_ws/src/navigation_2d/nav2d_karto/src/MultiMapper.cpp:401(receiveLaserScan)] [topics: /rosout, /tf, /karto_out, /map, /others, /slam_path, /Mapper/vertices, /Mapper/closure_edges, /Mapper/odom_edges, /Mapper/colored_edges, /localization_result, /slam_pose_graph, /Mapper/loop_closed] PHASE2C_KEYSCAN_ACCEPTED unique_id=49 state_id=49 sim_time=61.300000
61.400000000 INFO /updateDistance [/home/wcqw/ac-slam/catkin_ws/src/cpp_solver/src/updateDistance.cpp:29(occupancyGridCallback)] [topics: /rosout, /edge_distance] Received an OccupancyGrid message!
61.400000000 INFO /updateDistance [/home/wcqw/ac-slam/catkin_ws/src/cpp_solver/src/updateDistance.cpp:30(occupancyGridCallback)] [topics: /rosout, /edge_distance] Width: 350, Height: 505, Size: 176750
61.400000000 INFO /updateDistance [/home/wcqw/ac-slam/catkin_ws/src/cpp_solver/src/updateDistance.cpp:32(occupancyGridCallback)] [topics: /rosout, /edge_distance] Map origin x: -7.128, y: -7.334
61.400000000 INFO /path_planner [path_planner.py:664(PathPlanner.handle_pose_graph)] [topics: /slam_pose_graph, /clock, /edge_distance, /pose_graph_idx, /rosout] Really visited vertices: 8 
61.400000000 INFO /updateDistance [/home/wcqw/ac-slam/catkin_ws/src/cpp_solver/src/updateDistance.cpp:87(occupancyGridCallback)] [topics: /rosout, /edge_distance] Free vertices size: 7
61.400000000 INFO /updateDistance [/home/wcqw/ac-slam/catkin_ws/src/cpp_solver/src/updateDistance.cpp:128(occupancyGridCallback)] [topics: /rosout, /edge_distance] 18 edge distance updated
61.400000000 INFO /RVIZ [/tmp/binarydeb/ros-noetic-rviz-1.14.26/src/rviz/default_plugin/map_display.cpp:604(MapDisplay::createSwatches)] [topics: /rosout, /initialpose, /goal, /clicked_point] Creating 1 swatches
61.800000000 INFO /updateDistance [/home/wcqw/ac-slam/catkin_ws/src/cpp_solver/src/updateDistance.cpp:29(occupancyGridCallback)] [topics: /rosout, /edge_distance] Received an OccupancyGrid message!
61.800000000 INFO /updateDistance [/home/wcqw/ac-slam/catkin_ws/src/cpp_solver/src/updateDistance.cpp:30(occupancyGridCallback)] [topics: /rosout, /edge_distance] Width: 350, Height: 505, Size: 176750
61.800000000 INFO /updateDistance [/home/wcqw/ac-slam/catkin_ws/src/cpp_solver/src/updateDistance.cpp:32(occupancyGridCallback)] [topics: /rosout, /edge_distance] Map origin x: -7.128, y: -7.334
61.800000000 INFO /updateDistance [/home/wcqw/ac-slam/catkin_ws/src/cpp_solver/src/updateDistance.cpp:87(occupancyGridCallback)] [topics: /rosout, /edge_distance] Free vertices size: 7
61.800000000 INFO /updateDistance [/home/wcqw/ac-slam/catkin_ws/src/cpp_solver/src/updateDistance.cpp:128(occupancyGridCallback)] [topics: /rosout, /edge_distance] 18 edge distance updated
61.800000000 INFO /Navigator [/home/wcqw/ac-slam/catkin_ws/src/cpp_solver/src/MyPlanner.cpp:520(findExplorationTarget)] [topics: /rosout, /cmd, /Navigator/plan, /Navigator/markers, /Navigator/frontiers, /Navigator/frontier_to_vertex, /Navigator/nav_goal, /Navigator/prior_map, /Navigator/visual_tsp_path, /Navigator/tsp_index, /Navigator/path_finder, /Navigator/dist_map, /finished_topic, /request_replan, /Explore/result, /Explore/feedback, /Explore/status, /MoveTo/result, /MoveTo/feedback, /MoveTo/status, /Localize/result, /Localize/feedback, /Localize/status, /GetFirstMap/result, /GetFirstMap/feedback, /GetFirstMap/status] Call local replanning...
61.800000000 INFO /path_planner [path_planner.py:321(PathPlanner.handle_replanning)] [topics: /slam_pose_graph, /clock, /edge_distance, /pose_graph_idx, /rosout] Replanning request. curr_vertex_idx: 2
61.800000000 INFO /path_planner [path_planner.py:322(PathPlanner.handle_replanning)] [topics: /slam_pose_graph, /clock, /edge_distance, /pose_graph_idx, /rosout]                     covered_vertices: ()
61.800000000 INFO /path_planner [path_planner.py:336(PathPlanner.handle_replanning)] [topics: /slam_pose_graph, /clock, /edge_distance, /pose_graph_idx, /rosout] Handle local replanning...
61.800000000 INFO /path_planner [path_planner.py:348(PathPlanner.handle_replanning)] [topics: /slam_pose_graph, /clock, /edge_distance, /pose_graph_idx, /rosout] curr path length: 43, is_loop length: 43
61.800000000 INFO /path_planner [path_planner.py:360(PathPlanner.handle_replanning)] [topics: /slam_pose_graph, /clock, /edge_distance, /pose_graph_idx, /rosout] Send new plan: 8 7 6  ---> 5 4 3 9 15 16 10 11 35 37 20 19 15(L) 19 23 29 30 24 25 31 32 26 27 33 34 28 22 21 38 37(L) 38 36 12 13 14 8(L) 14 18 17 21(L) 
61.800000000 INFO /Navigator [/home/wcqw/ac-slam/catkin_ws/src/cpp_solver/src/MyPlanner.cpp:652(findExplorationTarget)] [topics: /rosout, /cmd, /Navigator/plan, /Navigator/markers, /Navigator/frontiers, /Navigator/frontier_to_vertex, /Navigator/nav_goal, /Navigator/prior_map, /Navigator/visual_tsp_path, /Navigator/tsp_index, /Navigator/path_finder, /Navigator/dist_map, /finished_topic, /request_replan, /Explore/result, /Explore/feedback, /Explore/status, /MoveTo/result, /MoveTo/feedback, /MoveTo/status, /Localize/result, /Localize/feedback, /Localize/status, /GetFirstMap/result, /GetFirstMap/feedback, /GetFirstMap/status] Explore Goal 6 's frontiers...
62.800000000 INFO /Mapper [/home/wcqw/ac-slam/catkin_ws/src/navigation_2d/nav2d_karto/src/MultiMapper.cpp:401(receiveLaserScan)] [topics: /rosout, /tf, /karto_out, /map, /others, /slam_path, /Mapper/vertices, /Mapper/closure_edges, /Mapper/odom_edges, /Mapper/colored_edges, /localization_result, /slam_pose_graph, /Mapper/loop_closed] PHASE2C_KEYSCAN_ACCEPTED unique_id=50 state_id=50 sim_time=62.700000
62.800000000 INFO /updateDistance [/home/wcqw/ac-slam/catkin_ws/src/cpp_solver/src/updateDistance.cpp:29(occupancyGridCallback)] [topics: /rosout, /edge_distance] Received an OccupancyGrid message!
62.800000000 INFO /updateDistance [/home/wcqw/ac-slam/catkin_ws/src/cpp_solver/src/updateDistance.cpp:30(occupancyGridCallback)] [topics: /rosout, /edge_distance] Width: 350, Height: 508, Size: 177800
62.800000000 INFO /updateDistance [/home/wcqw/ac-slam/catkin_ws/src/cpp_solver/src/updateDistance.cpp:32(occupancyGridCallback)] [topics: /rosout, /edge_distance] Map origin x: -7.128, y: -7.334
62.800000000 INFO /path_planner [path_planner.py:664(PathPlanner.handle_pose_graph)] [topics: /slam_pose_graph, /clock, /edge_distance, /pose_graph_idx, /rosout] Really visited vertices: 8 
62.800000000 INFO /updateDistance [/home/wcqw/ac-slam/catkin_ws/src/cpp_solver/src/updateDistance.cpp:87(occupancyGridCallback)] [topics: /rosout, /edge_distance] Free vertices size: 7
62.800000000 INFO /updateDistance [/home/wcqw/ac-slam/catkin_ws/src/cpp_solver/src/updateDistance.cpp:128(occupancyGridCallback)] [topics: /rosout, /edge_distance] 18 edge distance updated
62.800000000 INFO /RVIZ [/tmp/binarydeb/ros-noetic-rviz-1.14.26/src/rviz/default_plugin/map_display.cpp:604(MapDisplay::createSwatches)] [topics: /rosout, /initialpose, /goal, /clicked_point] Creating 1 swatches
63.400000000 INFO /Mapper [/home/wcqw/ac-slam/catkin_ws/src/navigation_2d/nav2d_karto/src/MultiMapper.cpp:401(receiveLaserScan)] [topics: /rosout, /tf, /karto_out, /map, /others, /slam_path, /Mapper/vertices, /Mapper/closure_edges, /Mapper/odom_edges, /Mapper/colored_edges, /localization_result, /slam_pose_graph, /Mapper/loop_closed] PHASE2C_KEYSCAN_ACCEPTED unique_id=51 state_id=51 sim_time=63.300000
63.800000000 INFO /updateDistance [/home/wcqw/ac-slam/catkin_ws/src/cpp_solver/src/updateDistance.cpp:29(occupancyGridCallback)] [topics: /rosout, /edge_distance] Received an OccupancyGrid message!
63.800000000 INFO /updateDistance [/home/wcqw/ac-slam/catkin_ws/src/cpp_solver/src/updateDistance.cpp:30(occupancyGridCallback)] [topics: /rosout, /edge_distance] Width: 350, Height: 508, Size: 177800
63.800000000 INFO /updateDistance [/home/wcqw/ac-slam/catkin_ws/src/cpp_solver/src/updateDistance.cpp:32(occupancyGridCallback)] [topics: /rosout, /edge_distance] Map origin x: -7.128, y: -7.334
63.800000000 INFO /updateDistance [/home/wcqw/ac-slam/catkin_ws/src/cpp_solver/src/updateDistance.cpp:87(occupancyGridCallback)] [topics: /rosout, /edge_distance] Free vertices size: 7
63.800000000 INFO /updateDistance [/home/wcqw/ac-slam/catkin_ws/src/cpp_solver/src/updateDistance.cpp:128(occupancyGridCallback)] [topics: /rosout, /edge_distance] 18 edge distance updated
63.800000000 INFO /Navigator [/home/wcqw/ac-slam/catkin_ws/src/cpp_solver/src/MyPlanner.cpp:520(findExplorationTarget)] [topics: /rosout, /cmd, /Navigator/plan, /Navigator/markers, /Navigator/frontiers, /Navigator/frontier_to_vertex, /Navigator/nav_goal, /Navigator/prior_map, /Navigator/visual_tsp_path, /Navigator/tsp_index, /Navigator/path_finder, /Navigator/dist_map, /finished_topic, /request_replan, /Explore/result, /Explore/feedback, /Explore/status, /MoveTo/result, /MoveTo/feedback, /MoveTo/status, /Localize/result, /Localize/feedback, /Localize/status, /GetFirstMap/result, /GetFirstMap/feedback, /GetFirstMap/status] Call local replanning...
63.800000000 INFO /path_planner [path_planner.py:321(PathPlanner.handle_replanning)] [topics: /slam_pose_graph, /clock, /edge_distance, /pose_graph_idx, /rosout] Replanning request. curr_vertex_idx: 2
63.800000000 INFO /path_planner [path_planner.py:322(PathPlanner.handle_replanning)] [topics: /slam_pose_graph, /clock, /edge_distance, /pose_graph_idx, /rosout]                     covered_vertices: ()
63.800000000 INFO /path_planner [path_planner.py:336(PathPlanner.handle_replanning)] [topics: /slam_pose_graph, /clock, /edge_distance, /pose_graph_idx, /rosout] Handle local replanning...
63.800000000 INFO /path_planner [path_planner.py:348(PathPlanner.handle_replanning)] [topics: /slam_pose_graph, /clock, /edge_distance, /pose_graph_idx, /rosout] curr path length: 43, is_loop length: 43
63.800000000 INFO /path_planner [path_planner.py:360(PathPlanner.handle_replanning)] [topics: /slam_pose_graph, /clock, /edge_distance, /pose_graph_idx, /rosout] Send new plan: 8 7 6  ---> 5 4 3 9 15 16 10 11 35 37 20 19 15(L) 19 23 29 30 24 25 31 32 26 27 33 34 28 22 21 38 37(L) 38 36 12 13 14 8(L) 14 18 17 21(L) 
63.800000000 WARN /Navigator [/home/wcqw/ac-slam/catkin_ws/src/cpp_solver/src/MyPlanner.cpp:609(findExplorationTarget)] [topics: /rosout, /cmd, /Navigator/plan, /Navigator/markers, /Navigator/frontiers, /Navigator/frontier_to_vertex, /Navigator/nav_goal, /Navigator/prior_map, /Navigator/visual_tsp_path, /Navigator/tsp_index, /Navigator/path_finder, /Navigator/dist_map, /finished_topic, /request_replan, /Explore/result, /Explore/feedback, /Explore/status, /MoveTo/result, /MoveTo/feedback, /MoveTo/status, /Localize/result, /Localize/feedback, /Localize/status, /GetFirstMap/result, /GetFirstMap/feedback, /GetFirstMap/status] No frontier at vertex 6. #Frontier: 0
63.800000000 INFO /Navigator [/home/wcqw/ac-slam/catkin_ws/src/cpp_solver/src/MyPlanner.cpp:318(getUsefulGoalIndex)] [topics: /rosout, /cmd, /Navigator/plan, /Navigator/markers, /Navigator/frontiers, /Navigator/frontier_to_vertex, /Navigator/nav_goal, /Navigator/prior_map, /Navigator/visual_tsp_path, /Navigator/tsp_index, /Navigator/path_finder, /Navigator/dist_map, /finished_topic, /request_replan, /Explore/result, /Explore/feedback, /Explore/status, /MoveTo/result, /MoveTo/feedback, /MoveTo/status, /Localize/result, /Localize/feedback, /Localize/status, /GetFirstMap/result, /GetFirstMap/feedback, /GetFirstMap/status] Set newGoal 5
64.000000000 INFO /Mapper [/home/wcqw/ac-slam/catkin_ws/src/navigation_2d/nav2d_karto/src/MultiMapper.cpp:401(receiveLaserScan)] [topics: /rosout, /tf, /karto_out, /map, /others, /slam_path, /Mapper/vertices, /Mapper/closure_edges, /Mapper/odom_edges, /Mapper/colored_edges, /localization_result, /slam_pose_graph, /Mapper/loop_closed] PHASE2C_KEYSCAN_ACCEPTED unique_id=52 state_id=52 sim_time=63.900000
64.600000000 INFO /Mapper [/home/wcqw/ac-slam/catkin_ws/src/navigation_2d/nav2d_karto/src/MultiMapper.cpp:401(receiveLaserScan)] [topics: /rosout, /tf, /karto_out, /map, /others, /slam_path, /Mapper/vertices, /Mapper/closure_edges, /Mapper/odom_edges, /Mapper/colored_edges, /localization_result, /slam_pose_graph, /Mapper/loop_closed] PHASE2C_KEYSCAN_ACCEPTED unique_id=53 state_id=53 sim_time=64.500000
65.200000000 INFO /Mapper [/home/wcqw/ac-slam/catkin_ws/src/navigation_2d/nav2d_karto/src/MultiMapper.cpp:401(receiveLaserScan)] [topics: /rosout, /tf, /karto_out, /map, /others, /slam_path, /Mapper/vertices, /Mapper/closure_edges, /Mapper/odom_edges, /Mapper/colored_edges, /localization_result, /slam_pose_graph, /Mapper/loop_closed] PHASE2C_KEYSCAN_ACCEPTED unique_id=54 state_id=54 sim_time=65.100000
65.200000000 INFO /updateDistance [/home/wcqw/ac-slam/catkin_ws/src/cpp_solver/src/updateDistance.cpp:29(occupancyGridCallback)] [topics: /rosout, /edge_distance] Received an OccupancyGrid message!
65.200000000 INFO /updateDistance [/home/wcqw/ac-slam/catkin_ws/src/cpp_solver/src/updateDistance.cpp:30(occupancyGridCallback)] [topics: /rosout, /edge_distance] Width: 350, Height: 508, Size: 177800
65.200000000 INFO /updateDistance [/home/wcqw/ac-slam/catkin_ws/src/cpp_solver/src/updateDistance.cpp:32(occupancyGridCallback)] [topics: /rosout, /edge_distance] Map origin x: -7.128, y: -7.334
65.200000000 INFO /path_planner [path_planner.py:664(PathPlanner.handle_pose_graph)] [topics: /slam_pose_graph, /clock, /edge_distance, /pose_graph_idx, /rosout] Really visited vertices: 8 6 
65.200000000 INFO /updateDistance [/home/wcqw/ac-slam/catkin_ws/src/cpp_solver/src/updateDistance.cpp:87(occupancyGridCallback)] [topics: /rosout, /edge_distance] Free vertices size: 7
65.200000000 INFO /updateDistance [/home/wcqw/ac-slam/catkin_ws/src/cpp_solver/src/updateDistance.cpp:128(occupancyGridCallback)] [topics: /rosout, /edge_distance] 18 edge distance updated
65.800000000 INFO /Mapper [/home/wcqw/ac-slam/catkin_ws/src/navigation_2d/nav2d_karto/src/MultiMapper.cpp:401(receiveLaserScan)] [topics: /rosout, /tf, /karto_out, /map, /others, /slam_path, /Mapper/vertices, /Mapper/closure_edges, /Mapper/odom_edges, /Mapper/colored_edges, /localization_result, /slam_pose_graph, /Mapper/loop_closed] PHASE2C_KEYSCAN_ACCEPTED unique_id=55 state_id=55 sim_time=65.700000
66.400000000 INFO /Mapper [/home/wcqw/ac-slam/catkin_ws/src/navigation_2d/nav2d_karto/src/MultiMapper.cpp:401(receiveLaserScan)] [topics: /rosout, /tf, /karto_out, /map, /others, /slam_path, /Mapper/vertices, /Mapper/closure_edges, /Mapper/odom_edges, /Mapper/colored_edges, /localization_result, /slam_pose_graph, /Mapper/loop_closed] PHASE2C_KEYSCAN_ACCEPTED unique_id=56 state_id=56 sim_time=66.400000
66.400000000 INFO /updateDistance [/home/wcqw/ac-slam/catkin_ws/src/cpp_solver/src/updateDistance.cpp:29(occupancyGridCallback)] [topics: /rosout, /edge_distance] Received an OccupancyGrid message!
66.400000000 INFO /updateDistance [/home/wcqw/ac-slam/catkin_ws/src/cpp_solver/src/updateDistance.cpp:30(occupancyGridCallback)] [topics: /rosout, /edge_distance] Width: 350, Height: 509, Size: 178150
66.400000000 INFO /updateDistance [/home/wcqw/ac-slam/catkin_ws/src/cpp_solver/src/updateDistance.cpp:32(occupancyGridCallback)] [topics: /rosout, /edge_distance] Map origin x: -7.128, y: -7.334
66.400000000 INFO /path_planner [path_planner.py:664(PathPlanner.handle_pose_graph)] [topics: /slam_pose_graph, /clock, /edge_distance, /pose_graph_idx, /rosout] Really visited vertices: 8 6 
66.400000000 INFO /updateDistance [/home/wcqw/ac-slam/catkin_ws/src/cpp_solver/src/updateDistance.cpp:87(occupancyGridCallback)] [topics: /rosout, /edge_distance] Free vertices size: 7
66.400000000 INFO /updateDistance [/home/wcqw/ac-slam/catkin_ws/src/cpp_solver/src/updateDistance.cpp:128(occupancyGridCallback)] [topics: /rosout, /edge_distance] 18 edge distance updated
66.400000000 INFO /RVIZ [/tmp/binarydeb/ros-noetic-rviz-1.14.26/src/rviz/default_plugin/map_display.cpp:604(MapDisplay::createSwatches)] [topics: /rosout, /initialpose, /goal, /clicked_point] Creating 1 swatches
67.400000000 INFO /Mapper [/home/wcqw/ac-slam/catkin_ws/src/navigation_2d/nav2d_karto/src/MultiMapper.cpp:401(receiveLaserScan)] [topics: /rosout, /tf, /karto_out, /map, /others, /slam_path, /Mapper/vertices, /Mapper/closure_edges, /Mapper/odom_edges, /Mapper/colored_edges, /localization_result, /slam_pose_graph, /Mapper/loop_closed] PHASE2C_KEYSCAN_ACCEPTED unique_id=57 state_id=57 sim_time=67.400000
67.400000000 INFO /updateDistance [/home/wcqw/ac-slam/catkin_ws/src/cpp_solver/src/updateDistance.cpp:29(occupancyGridCallback)] [topics: /rosout, /edge_distance] Received an OccupancyGrid message!
67.400000000 INFO /updateDistance [/home/wcqw/ac-slam/catkin_ws/src/cpp_solver/src/updateDistance.cpp:30(occupancyGridCallback)] [topics: /rosout, /edge_distance] Width: 350, Height: 512, Size: 179200
67.400000000 INFO /updateDistance [/home/wcqw/ac-slam/catkin_ws/src/cpp_solver/src/updateDistance.cpp:32(occupancyGridCallback)] [topics: /rosout, /edge_distance] Map origin x: -7.128, y: -7.334
67.400000000 INFO /updateDistance [/home/wcqw/ac-slam/catkin_ws/src/cpp_solver/src/updateDistance.cpp:87(occupancyGridCallback)] [topics: /rosout, /edge_distance] Free vertices size: 7
67.400000000 INFO /updateDistance [/home/wcqw/ac-slam/catkin_ws/src/cpp_solver/src/updateDistance.cpp:128(occupancyGridCallback)] [topics: /rosout, /edge_distance] 18 edge distance updated
67.400000000 INFO /path_planner [path_planner.py:664(PathPlanner.handle_pose_graph)] [topics: /slam_pose_graph, /clock, /edge_distance, /pose_graph_idx, /rosout] Really visited vertices: 8 6 
67.400000000 INFO /RVIZ [/tmp/binarydeb/ros-noetic-rviz-1.14.26/src/rviz/default_plugin/map_display.cpp:604(MapDisplay::createSwatches)] [topics: /rosout, /initialpose, /goal, /clicked_point] Creating 1 swatches
67.600000000 WARN /RVIZ [/tmp/binarydeb/ros-noetic-tf2-0.7.10/src/buffer_core.cpp:277()] [topics: /rosout, /initialpose, /goal, /clicked_point] TF_REPEATED_DATA ignoring data with redundant timestamp for frame odom (parent offset) at time 67.600000 according to authority unknown_publisher
67.600000000 WARN /RVIZ [/tmp/binarydeb/ros-noetic-tf2-0.7.10/src/buffer_core.cpp:277()] [topics: /rosout, /initialpose, /goal, /clicked_point] TF_REPEATED_DATA ignoring data with redundant timestamp for frame offset (parent map) at time 67.600000 according to authority unknown_publisher
68.800000000 INFO /Mapper [/home/wcqw/ac-slam/catkin_ws/src/navigation_2d/nav2d_karto/src/MultiMapper.cpp:401(receiveLaserScan)] [topics: /rosout, /tf, /karto_out, /map, /others, /slam_path, /Mapper/vertices, /Mapper/closure_edges, /Mapper/odom_edges, /Mapper/colored_edges, /localization_result, /slam_pose_graph, /Mapper/loop_closed] PHASE2C_KEYSCAN_ACCEPTED unique_id=58 state_id=58 sim_time=68.800000
68.800000000 INFO /updateDistance [/home/wcqw/ac-slam/catkin_ws/src/cpp_solver/src/updateDistance.cpp:29(occupancyGridCallback)] [topics: /rosout, /edge_distance] Received an OccupancyGrid message!
68.800000000 INFO /updateDistance [/home/wcqw/ac-slam/catkin_ws/src/cpp_solver/src/updateDistance.cpp:30(occupancyGridCallback)] [topics: /rosout, /edge_distance] Width: 350, Height: 520, Size: 182000
68.800000000 INFO /updateDistance [/home/wcqw/ac-slam/catkin_ws/src/cpp_solver/src/updateDistance.cpp:32(occupancyGridCallback)] [topics: /rosout, /edge_distance] Map origin x: -7.128, y: -7.334
68.800000000 INFO /path_planner [path_planner.py:664(PathPlanner.handle_pose_graph)] [topics: /slam_pose_graph, /clock, /edge_distance, /pose_graph_idx, /rosout] Really visited vertices: 8 6 
68.800000000 INFO /updateDistance [/home/wcqw/ac-slam/catkin_ws/src/cpp_solver/src/updateDistance.cpp:87(occupancyGridCallback)] [topics: /rosout, /edge_distance] Free vertices size: 7
68.800000000 INFO /updateDistance [/home/wcqw/ac-slam/catkin_ws/src/cpp_solver/src/updateDistance.cpp:128(occupancyGridCallback)] [topics: /rosout, /edge_distance] 18 edge distance updated
68.800000000 INFO /RVIZ [/tmp/binarydeb/ros-noetic-rviz-1.14.26/src/rviz/default_plugin/map_display.cpp:604(MapDisplay::createSwatches)] [topics: /rosout, /initialpose, /goal, /clicked_point] Creating 1 swatches
69.700000000 INFO /updateDistance [/home/wcqw/ac-slam/catkin_ws/src/cpp_solver/src/updateDistance.cpp:29(occupancyGridCallback)] [topics: /rosout, /edge_distance] Received an OccupancyGrid message!
69.700000000 INFO /updateDistance [/home/wcqw/ac-slam/catkin_ws/src/cpp_solver/src/updateDistance.cpp:30(occupancyGridCallback)] [topics: /rosout, /edge_distance] Width: 350, Height: 520, Size: 182000
69.700000000 INFO /updateDistance [/home/wcqw/ac-slam/catkin_ws/src/cpp_solver/src/updateDistance.cpp:32(occupancyGridCallback)] [topics: /rosout, /edge_distance] Map origin x: -7.128, y: -7.334
69.800000000 INFO /updateDistance [/home/wcqw/ac-slam/catkin_ws/src/cpp_solver/src/updateDistance.cpp:87(occupancyGridCallback)] [topics: /rosout, /edge_distance] Free vertices size: 7
69.800000000 INFO /updateDistance [/home/wcqw/ac-slam/catkin_ws/src/cpp_solver/src/updateDistance.cpp:128(occupancyGridCallback)] [topics: /rosout, /edge_distance] 18 edge distance updated
69.800000000 INFO /Navigator [/home/wcqw/ac-slam/catkin_ws/src/cpp_solver/src/MyPlanner.cpp:520(findExplorationTarget)] [topics: /rosout, /cmd, /Navigator/plan, /Navigator/markers, /Navigator/frontiers, /Navigator/frontier_to_vertex, /Navigator/nav_goal, /Navigator/prior_map, /Navigator/visual_tsp_path, /Navigator/tsp_index, /Navigator/path_finder, /Navigator/dist_map, /finished_topic, /request_replan, /Explore/result, /Explore/feedback, /Explore/status, /MoveTo/result, /MoveTo/feedback, /MoveTo/status, /Localize/result, /Localize/feedback, /Localize/status, /GetFirstMap/result, /GetFirstMap/feedback, /GetFirstMap/status] Call local replanning...
69.800000000 INFO /path_planner [path_planner.py:321(PathPlanner.handle_replanning)] [topics: /slam_pose_graph, /clock, /edge_distance, /pose_graph_idx, /rosout] Replanning request. curr_vertex_idx: 3
69.800000000 INFO /path_planner [path_planner.py:322(PathPlanner.handle_replanning)] [topics: /slam_pose_graph, /clock, /edge_distance, /pose_graph_idx, /rosout]                     covered_vertices: ()
69.800000000 INFO /path_planner [path_planner.py:336(PathPlanner.handle_replanning)] [topics: /slam_pose_graph, /clock, /edge_distance, /pose_graph_idx, /rosout] Handle local replanning...
69.800000000 INFO /path_planner [path_planner.py:348(PathPlanner.handle_replanning)] [topics: /slam_pose_graph, /clock, /edge_distance, /pose_graph_idx, /rosout] curr path length: 43, is_loop length: 43
69.800000000 INFO /path_planner [path_planner.py:360(PathPlanner.handle_replanning)] [topics: /slam_pose_graph, /clock, /edge_distance, /pose_graph_idx, /rosout] Send new plan: 8 7 6 5  ---> 4 3 9 15 16 10 11 35 37 20 19 15(L) 19 23 29 30 24 25 31 32 26 27 33 34 28 22 21 38 37(L) 38 36 12 13 14 8(L) 14 18 17 21(L) 
70.200000000 INFO /Mapper [/home/wcqw/ac-slam/catkin_ws/src/navigation_2d/nav2d_karto/src/MultiMapper.cpp:401(receiveLaserScan)] [topics: /rosout, /tf, /karto_out, /map, /others, /slam_path, /Mapper/vertices, /Mapper/closure_edges, /Mapper/odom_edges, /Mapper/colored_edges, /localization_result, /slam_pose_graph, /Mapper/loop_closed] PHASE2C_KEYSCAN_ACCEPTED unique_id=59 state_id=59 sim_time=70.200000
70.400000000 WARN /RVIZ [/tmp/binarydeb/ros-noetic-tf2-0.7.10/src/buffer_core.cpp:277()] [topics: /rosout, /initialpose, /goal, /clicked_point] TF_REPEATED_DATA ignoring data with redundant timestamp for frame offset (parent map) at time 70.400000 according to authority unknown_publisher
71.600000000 INFO /Mapper [/home/wcqw/ac-slam/catkin_ws/src/navigation_2d/nav2d_karto/src/MultiMapper.cpp:401(receiveLaserScan)] [topics: /rosout, /tf, /karto_out, /map, /others, /slam_path, /Mapper/vertices, /Mapper/closure_edges, /Mapper/odom_edges, /Mapper/colored_edges, /localization_result, /slam_pose_graph, /Mapper/loop_closed] PHASE2C_KEYSCAN_ACCEPTED unique_id=60 state_id=60 sim_time=71.600000
71.600000000 INFO /updateDistance [/home/wcqw/ac-slam/catkin_ws/src/cpp_solver/src/updateDistance.cpp:29(occupancyGridCallback)] [topics: /rosout, /edge_distance] Received an OccupancyGrid message!
71.600000000 INFO /updateDistance [/home/wcqw/ac-slam/catkin_ws/src/cpp_solver/src/updateDistance.cpp:30(occupancyGridCallback)] [topics: /rosout, /edge_distance] Width: 350, Height: 540, Size: 189000
71.600000000 INFO /updateDistance [/home/wcqw/ac-slam/catkin_ws/src/cpp_solver/src/updateDistance.cpp:32(occupancyGridCallback)] [topics: /rosout, /edge_distance] Map origin x: -7.128, y: -7.334
71.600000000 INFO /path_planner [path_planner.py:664(PathPlanner.handle_pose_graph)] [topics: /slam_pose_graph, /clock, /edge_distance, /pose_graph_idx, /rosout] Really visited vertices: 8 6 
71.600000000 INFO /updateDistance [/home/wcqw/ac-slam/catkin_ws/src/cpp_solver/src/updateDistance.cpp:87(occupancyGridCallback)] [topics: /rosout, /edge_distance] Free vertices size: 7
71.600000000 INFO /updateDistance [/home/wcqw/ac-slam/catkin_ws/src/cpp_solver/src/updateDistance.cpp:128(occupancyGridCallback)] [topics: /rosout, /edge_distance] 18 edge distance updated
71.600000000 INFO /RVIZ [/tmp/binarydeb/ros-noetic-rviz-1.14.26/src/rviz/default_plugin/map_display.cpp:604(MapDisplay::createSwatches)] [topics: /rosout, /initialpose, /goal, /clicked_point] Creating 1 swatches
72.800000000 WARN /RVIZ [/tmp/binarydeb/ros-noetic-tf2-0.7.10/src/buffer_core.cpp:277()] [topics: /rosout, /initialpose, /goal, /clicked_point] TF_REPEATED_DATA ignoring data with redundant timestamp for frame odom (parent offset) at time 72.800000 according to authority unknown_publisher
72.800000000 WARN /RVIZ [/tmp/binarydeb/ros-noetic-tf2-0.7.10/src/buffer_core.cpp:277()] [topics: /rosout, /initialpose, /goal, /clicked_point] TF_REPEATED_DATA ignoring data with redundant timestamp for frame offset (parent map) at time 72.800000 according to authority unknown_publisher
73.000000000 INFO /Mapper [/home/wcqw/ac-slam/catkin_ws/src/navigation_2d/nav2d_karto/src/MultiMapper.cpp:401(receiveLaserScan)] [topics: /rosout, /tf, /karto_out, /map, /others, /slam_path, /Mapper/vertices, /Mapper/closure_edges, /Mapper/odom_edges, /Mapper/colored_edges, /localization_result, /slam_pose_graph, /Mapper/loop_closed] PHASE2C_KEYSCAN_ACCEPTED unique_id=61 state_id=61 sim_time=73.000000
73.000000000 INFO /updateDistance [/home/wcqw/ac-slam/catkin_ws/src/cpp_solver/src/updateDistance.cpp:29(occupancyGridCallback)] [topics: /rosout, /edge_distance] Received an OccupancyGrid message!
73.000000000 INFO /updateDistance [/home/wcqw/ac-slam/catkin_ws/src/cpp_solver/src/updateDistance.cpp:30(occupancyGridCallback)] [topics: /rosout, /edge_distance] Width: 350, Height: 550, Size: 192500
73.000000000 INFO /updateDistance [/home/wcqw/ac-slam/catkin_ws/src/cpp_solver/src/updateDistance.cpp:32(occupancyGridCallback)] [topics: /rosout, /edge_distance] Map origin x: -7.128, y: -7.334
73.000000000 INFO /path_planner [path_planner.py:664(PathPlanner.handle_pose_graph)] [topics: /slam_pose_graph, /clock, /edge_distance, /pose_graph_idx, /rosout] Really visited vertices: 8 6 
73.000000000 INFO /updateDistance [/home/wcqw/ac-slam/catkin_ws/src/cpp_solver/src/updateDistance.cpp:87(occupancyGridCallback)] [topics: /rosout, /edge_distance] Free vertices size: 7
73.000000000 INFO /updateDistance [/home/wcqw/ac-slam/catkin_ws/src/cpp_solver/src/updateDistance.cpp:128(occupancyGridCallback)] [topics: /rosout, /edge_distance] 18 edge distance updated
73.000000000 INFO /RVIZ [/tmp/binarydeb/ros-noetic-rviz-1.14.26/src/rviz/default_plugin/map_display.cpp:604(MapDisplay::createSwatches)] [topics: /rosout, /initialpose, /goal, /clicked_point] Creating 1 swatches
75.200000000 INFO /Mapper [/home/wcqw/ac-slam/catkin_ws/src/navigation_2d/nav2d_karto/src/MultiMapper.cpp:401(receiveLaserScan)] [topics: /rosout, /tf, /karto_out, /map, /others, /slam_path, /Mapper/vertices, /Mapper/closure_edges, /Mapper/odom_edges, /Mapper/colored_edges, /localization_result, /slam_pose_graph, /Mapper/loop_closed] PHASE2C_KEYSCAN_ACCEPTED unique_id=62 state_id=62 sim_time=75.100000
75.200000000 INFO /updateDistance [/home/wcqw/ac-slam/catkin_ws/src/cpp_solver/src/updateDistance.cpp:29(occupancyGridCallback)] [topics: /rosout, /edge_distance] Received an OccupancyGrid message!
75.200000000 INFO /updateDistance [/home/wcqw/ac-slam/catkin_ws/src/cpp_solver/src/updateDistance.cpp:30(occupancyGridCallback)] [topics: /rosout, /edge_distance] Width: 350, Height: 561, Size: 196350
75.200000000 INFO /updateDistance [/home/wcqw/ac-slam/catkin_ws/src/cpp_solver/src/updateDistance.cpp:32(occupancyGridCallback)] [topics: /rosout, /edge_distance] Map origin x: -7.128, y: -7.334
75.200000000 INFO /path_planner [path_planner.py:664(PathPlanner.handle_pose_graph)] [topics: /slam_pose_graph, /clock, /edge_distance, /pose_graph_idx, /rosout] Really visited vertices: 8 6 
75.200000000 INFO /updateDistance [/home/wcqw/ac-slam/catkin_ws/src/cpp_solver/src/updateDistance.cpp:87(occupancyGridCallback)] [topics: /rosout, /edge_distance] Free vertices size: 7
75.200000000 INFO /updateDistance [/home/wcqw/ac-slam/catkin_ws/src/cpp_solver/src/updateDistance.cpp:128(occupancyGridCallback)] [topics: /rosout, /edge_distance] 18 edge distance updated
75.200000000 INFO /RVIZ [/tmp/binarydeb/ros-noetic-rviz-1.14.26/src/rviz/default_plugin/map_display.cpp:604(MapDisplay::createSwatches)] [topics: /rosout, /initialpose, /goal, /clicked_point] Creating 1 swatches
75.800000000 INFO /updateDistance [/home/wcqw/ac-slam/catkin_ws/src/cpp_solver/src/updateDistance.cpp:29(occupancyGridCallback)] [topics: /rosout, /edge_distance] Received an OccupancyGrid message!
75.800000000 INFO /updateDistance [/home/wcqw/ac-slam/catkin_ws/src/cpp_solver/src/updateDistance.cpp:30(occupancyGridCallback)] [topics: /rosout, /edge_distance] Width: 350, Height: 561, Size: 196350
75.800000000 INFO /updateDistance [/home/wcqw/ac-slam/catkin_ws/src/cpp_solver/src/updateDistance.cpp:32(occupancyGridCallback)] [topics: /rosout, /edge_distance] Map origin x: -7.128, y: -7.334
75.800000000 INFO /updateDistance [/home/wcqw/ac-slam/catkin_ws/src/cpp_solver/src/updateDistance.cpp:87(occupancyGridCallback)] [topics: /rosout, /edge_distance] Free vertices size: 7
75.800000000 INFO /updateDistance [/home/wcqw/ac-slam/catkin_ws/src/cpp_solver/src/updateDistance.cpp:128(occupancyGridCallback)] [topics: /rosout, /edge_distance] 18 edge distance updated
75.800000000 INFO /Navigator [/home/wcqw/ac-slam/catkin_ws/src/cpp_solver/src/MyPlanner.cpp:520(findExplorationTarget)] [topics: /rosout, /cmd, /Navigator/plan, /Navigator/markers, /Navigator/frontiers, /Navigator/frontier_to_vertex, /Navigator/nav_goal, /Navigator/prior_map, /Navigator/visual_tsp_path, /Navigator/tsp_index, /Navigator/path_finder, /Navigator/dist_map, /finished_topic, /request_replan, /Explore/result, /Explore/feedback, /Explore/status, /MoveTo/result, /MoveTo/feedback, /MoveTo/status, /Localize/result, /Localize/feedback, /Localize/status, /GetFirstMap/result, /GetFirstMap/feedback, /GetFirstMap/status] Call local replanning...
75.800000000 INFO /path_planner [path_planner.py:321(PathPlanner.handle_replanning)] [topics: /slam_pose_graph, /clock, /edge_distance, /pose_graph_idx, /rosout] Replanning request. curr_vertex_idx: 3
75.800000000 INFO /path_planner [path_planner.py:322(PathPlanner.handle_replanning)] [topics: /slam_pose_graph, /clock, /edge_distance, /pose_graph_idx, /rosout]                     covered_vertices: ()
75.800000000 INFO /path_planner [path_planner.py:336(PathPlanner.handle_replanning)] [topics: /slam_pose_graph, /clock, /edge_distance, /pose_graph_idx, /rosout] Handle local replanning...
75.800000000 INFO /path_planner [path_planner.py:348(PathPlanner.handle_replanning)] [topics: /slam_pose_graph, /clock, /edge_distance, /pose_graph_idx, /rosout] curr path length: 43, is_loop length: 43
75.800000000 INFO /path_planner [path_planner.py:360(PathPlanner.handle_replanning)] [topics: /slam_pose_graph, /clock, /edge_distance, /pose_graph_idx, /rosout] Send new plan: 8 7 6 5  ---> 4 3 9 15 16 10 11 35 37 20 19 15(L) 19 23 29 30 24 25 31 32 26 27 33 34 28 22 21 38 37(L) 38 36 12 13 14 8(L) 14 18 17 21(L) 
76.000000000 WARN /RVIZ [/tmp/binarydeb/ros-noetic-tf2-0.7.10/src/buffer_core.cpp:277()] [topics: /rosout, /initialpose, /goal, /clicked_point] TF_REPEATED_DATA ignoring data with redundant timestamp for frame odom (parent offset) at time 76.000000 according to authority unknown_publisher
76.000000000 WARN /RVIZ [/tmp/binarydeb/ros-noetic-tf2-0.7.10/src/buffer_core.cpp:277()] [topics: /rosout, /initialpose, /goal, /clicked_point] TF_REPEATED_DATA ignoring data with redundant timestamp for frame offset (parent map) at time 76.000000 according to authority unknown_publisher
76.400000000 WARN /RVIZ [/tmp/binarydeb/ros-noetic-tf2-0.7.10/src/buffer_core.cpp:277()] [topics: /rosout, /initialpose, /goal, /clicked_point] TF_REPEATED_DATA ignoring data with redundant timestamp for frame odom (parent offset) at time 76.400000 according to authority unknown_publisher
76.400000000 WARN /RVIZ [/tmp/binarydeb/ros-noetic-tf2-0.7.10/src/buffer_core.cpp:277()] [topics: /rosout, /initialpose, /goal, /clicked_point] TF_REPEATED_DATA ignoring data with redundant timestamp for frame offset (parent map) at time 76.400000 according to authority unknown_publisher
78.400000000 INFO /Mapper [/home/wcqw/ac-slam/catkin_ws/src/navigation_2d/nav2d_karto/src/MultiMapper.cpp:401(receiveLaserScan)] [topics: /rosout, /tf, /karto_out, /map, /others, /slam_path, /Mapper/vertices, /Mapper/closure_edges, /Mapper/odom_edges, /Mapper/colored_edges, /localization_result, /slam_pose_graph, /Mapper/loop_closed] PHASE2C_KEYSCAN_ACCEPTED unique_id=63 state_id=63 sim_time=78.300000
78.400000000 INFO /updateDistance [/home/wcqw/ac-slam/catkin_ws/src/cpp_solver/src/updateDistance.cpp:29(occupancyGridCallback)] [topics: /rosout, /edge_distance] Received an OccupancyGrid message!
78.400000000 INFO /updateDistance [/home/wcqw/ac-slam/catkin_ws/src/cpp_solver/src/updateDistance.cpp:30(occupancyGridCallback)] [topics: /rosout, /edge_distance] Width: 350, Height: 570, Size: 199500
78.400000000 INFO /updateDistance [/home/wcqw/ac-slam/catkin_ws/src/cpp_solver/src/updateDistance.cpp:32(occupancyGridCallback)] [topics: /rosout, /edge_distance] Map origin x: -7.128, y: -7.334
78.400000000 WARN /RVIZ [/tmp/binarydeb/ros-noetic-tf2-0.7.10/src/buffer_core.cpp:277()] [topics: /rosout, /initialpose, /goal, /clicked_point] TF_REPEATED_DATA ignoring data with redundant timestamp for frame odom (parent offset) at time 78.400000 according to authority unknown_publisher
78.400000000 WARN /RVIZ [/tmp/binarydeb/ros-noetic-tf2-0.7.10/src/buffer_core.cpp:277()] [topics: /rosout, /initialpose, /goal, /clicked_point] TF_REPEATED_DATA ignoring data with redundant timestamp for frame offset (parent map) at time 78.400000 according to authority unknown_publisher
78.400000000 INFO /updateDistance [/home/wcqw/ac-slam/catkin_ws/src/cpp_solver/src/updateDistance.cpp:87(occupancyGridCallback)] [topics: /rosout, /edge_distance] Free vertices size: 8
78.400000000 INFO /path_planner [path_planner.py:664(PathPlanner.handle_pose_graph)] [topics: /slam_pose_graph, /clock, /edge_distance, /pose_graph_idx, /rosout] Really visited vertices: 8 6 
78.400000000 INFO /updateDistance [/home/wcqw/ac-slam/catkin_ws/src/cpp_solver/src/updateDistance.cpp:128(occupancyGridCallback)] [topics: /rosout, /edge_distance] 19 edge distance updated
78.400000000 INFO /RVIZ [/tmp/binarydeb/ros-noetic-rviz-1.14.26/src/rviz/default_plugin/map_display.cpp:604(MapDisplay::createSwatches)] [topics: /rosout, /initialpose, /goal, /clicked_point] Creating 1 swatches
79.600000000 WARN /RVIZ [/tmp/binarydeb/ros-noetic-tf2-0.7.10/src/buffer_core.cpp:277()] [topics: /rosout, /initialpose, /goal, /clicked_point] TF_REPEATED_DATA ignoring data with redundant timestamp for frame odom (parent offset) at time 79.600000 according to authority unknown_publisher
79.600000000 WARN /RVIZ [/tmp/binarydeb/ros-noetic-tf2-0.7.10/src/buffer_core.cpp:277()] [topics: /rosout, /initialpose, /goal, /clicked_point] TF_REPEATED_DATA ignoring data with redundant timestamp for frame offset (parent map) at time 79.600000 according to authority unknown_publisher
81.700000000 INFO /updateDistance [/home/wcqw/ac-slam/catkin_ws/src/cpp_solver/src/updateDistance.cpp:29(occupancyGridCallback)] [topics: /rosout, /edge_distance] Received an OccupancyGrid message!
81.700000000 INFO /updateDistance [/home/wcqw/ac-slam/catkin_ws/src/cpp_solver/src/updateDistance.cpp:30(occupancyGridCallback)] [topics: /rosout, /edge_distance] Width: 350, Height: 570, Size: 199500
81.700000000 INFO /updateDistance [/home/wcqw/ac-slam/catkin_ws/src/cpp_solver/src/updateDistance.cpp:32(occupancyGridCallback)] [topics: /rosout, /edge_distance] Map origin x: -7.128, y: -7.334
81.800000000 INFO /updateDistance [/home/wcqw/ac-slam/catkin_ws/src/cpp_solver/src/updateDistance.cpp:87(occupancyGridCallback)] [topics: /rosout, /edge_distance] Free vertices size: 8
81.800000000 INFO /updateDistance [/home/wcqw/ac-slam/catkin_ws/src/cpp_solver/src/updateDistance.cpp:128(occupancyGridCallback)] [topics: /rosout, /edge_distance] 19 edge distance updated
81.800000000 INFO /Navigator [/home/wcqw/ac-slam/catkin_ws/src/cpp_solver/src/MyPlanner.cpp:520(findExplorationTarget)] [topics: /rosout, /cmd, /Navigator/plan, /Navigator/markers, /Navigator/frontiers, /Navigator/frontier_to_vertex, /Navigator/nav_goal, /Navigator/prior_map, /Navigator/visual_tsp_path, /Navigator/tsp_index, /Navigator/path_finder, /Navigator/dist_map, /finished_topic, /request_replan, /Explore/result, /Explore/feedback, /Explore/status, /MoveTo/result, /MoveTo/feedback, /MoveTo/status, /Localize/result, /Localize/feedback, /Localize/status, /GetFirstMap/result, /GetFirstMap/feedback, /GetFirstMap/status] Call local replanning...
81.800000000 INFO /path_planner [path_planner.py:321(PathPlanner.handle_replanning)] [topics: /slam_pose_graph, /clock, /edge_distance, /pose_graph_idx, /rosout] Replanning request. curr_vertex_idx: 3
81.800000000 INFO /path_planner [path_planner.py:322(PathPlanner.handle_replanning)] [topics: /slam_pose_graph, /clock, /edge_distance, /pose_graph_idx, /rosout]                     covered_vertices: ()
81.800000000 INFO /path_planner [path_planner.py:336(PathPlanner.handle_replanning)] [topics: /slam_pose_graph, /clock, /edge_distance, /pose_graph_idx, /rosout] Handle local replanning...
81.800000000 INFO /path_planner [path_planner.py:348(PathPlanner.handle_replanning)] [topics: /slam_pose_graph, /clock, /edge_distance, /pose_graph_idx, /rosout] curr path length: 43, is_loop length: 43
81.800000000 INFO /path_planner [path_planner.py:360(PathPlanner.handle_replanning)] [topics: /slam_pose_graph, /clock, /edge_distance, /pose_graph_idx, /rosout] Send new plan: 8 7 6 5  ---> 4 3 9 15 16 10 11 35 37 20 19 15(L) 19 23 29 30 24 25 31 32 26 27 33 34 28 22 21 38 37(L) 38 36 12 13 14 8(L) 14 18 17 21(L) 
82.200000000 INFO /Mapper [/home/wcqw/ac-slam/catkin_ws/src/navigation_2d/nav2d_karto/src/MultiMapper.cpp:401(receiveLaserScan)] [topics: /rosout, /tf, /karto_out, /map, /others, /slam_path, /Mapper/vertices, /Mapper/closure_edges, /Mapper/odom_edges, /Mapper/colored_edges, /localization_result, /slam_pose_graph, /Mapper/loop_closed] PHASE2C_KEYSCAN_ACCEPTED unique_id=64 state_id=64 sim_time=82.200000
84.400000000 WARN /RVIZ [/tmp/binarydeb/ros-noetic-tf2-0.7.10/src/buffer_core.cpp:277()] [topics: /rosout, /initialpose, /goal, /clicked_point] TF_REPEATED_DATA ignoring data with redundant timestamp for frame odom (parent offset) at time 84.400000 according to authority unknown_publisher
84.400000000 WARN /RVIZ [/tmp/binarydeb/ros-noetic-tf2-0.7.10/src/buffer_core.cpp:277()] [topics: /rosout, /initialpose, /goal, /clicked_point] TF_REPEATED_DATA ignoring data with redundant timestamp for frame offset (parent map) at time 84.400000 according to authority unknown_publisher
86.200000000 INFO /Mapper [/home/wcqw/ac-slam/catkin_ws/src/navigation_2d/nav2d_karto/src/MultiMapper.cpp:401(receiveLaserScan)] [topics: /rosout, /tf, /karto_out, /map, /others, /slam_path, /Mapper/vertices, /Mapper/closure_edges, /Mapper/odom_edges, /Mapper/colored_edges, /localization_result, /slam_pose_graph, /Mapper/loop_closed] PHASE2C_KEYSCAN_ACCEPTED unique_id=65 state_id=65 sim_time=86.100000
86.200000000 INFO /updateDistance [/home/wcqw/ac-slam/catkin_ws/src/cpp_solver/src/updateDistance.cpp:29(occupancyGridCallback)] [topics: /rosout, /edge_distance] Received an OccupancyGrid message!
86.200000000 INFO /updateDistance [/home/wcqw/ac-slam/catkin_ws/src/cpp_solver/src/updateDistance.cpp:30(occupancyGridCallback)] [topics: /rosout, /edge_distance] Width: 350, Height: 589, Size: 206150
86.200000000 INFO /updateDistance [/home/wcqw/ac-slam/catkin_ws/src/cpp_solver/src/updateDistance.cpp:32(occupancyGridCallback)] [topics: /rosout, /edge_distance] Map origin x: -7.128, y: -7.334
86.200000000 WARN /RVIZ [/tmp/binarydeb/ros-noetic-tf2-0.7.10/src/buffer_core.cpp:277()] [topics: /rosout, /initialpose, /goal, /clicked_point] TF_REPEATED_DATA ignoring data with redundant timestamp for frame odom (parent offset) at time 86.200000 according to authority unknown_publisher
86.200000000 WARN /RVIZ [/tmp/binarydeb/ros-noetic-tf2-0.7.10/src/buffer_core.cpp:277()] [topics: /rosout, /initialpose, /goal, /clicked_point] TF_REPEATED_DATA ignoring data with redundant timestamp for frame offset (parent map) at time 86.200000 according to authority unknown_publisher
86.200000000 INFO /path_planner [path_planner.py:664(PathPlanner.handle_pose_graph)] [topics: /slam_pose_graph, /clock, /edge_distance, /pose_graph_idx, /rosout] Really visited vertices: 8 6 
86.200000000 INFO /updateDistance [/home/wcqw/ac-slam/catkin_ws/src/cpp_solver/src/updateDistance.cpp:87(occupancyGridCallback)] [topics: /rosout, /edge_distance] Free vertices size: 7
86.200000000 INFO /updateDistance [/home/wcqw/ac-slam/catkin_ws/src/cpp_solver/src/updateDistance.cpp:128(occupancyGridCallback)] [topics: /rosout, /edge_distance] 19 edge distance updated
86.200000000 INFO /RVIZ [/tmp/binarydeb/ros-noetic-rviz-1.14.26/src/rviz/default_plugin/map_display.cpp:604(MapDisplay::createSwatches)] [topics: /rosout, /initialpose, /goal, /clicked_point] Creating 1 swatches
87.700000000 INFO /updateDistance [/home/wcqw/ac-slam/catkin_ws/src/cpp_solver/src/updateDistance.cpp:29(occupancyGridCallback)] [topics: /rosout, /edge_distance] Received an OccupancyGrid message!
87.700000000 INFO /updateDistance [/home/wcqw/ac-slam/catkin_ws/src/cpp_solver/src/updateDistance.cpp:30(occupancyGridCallback)] [topics: /rosout, /edge_distance] Width: 350, Height: 589, Size: 206150
87.700000000 INFO /updateDistance [/home/wcqw/ac-slam/catkin_ws/src/cpp_solver/src/updateDistance.cpp:32(occupancyGridCallback)] [topics: /rosout, /edge_distance] Map origin x: -7.128, y: -7.334
87.800000000 INFO /updateDistance [/home/wcqw/ac-slam/catkin_ws/src/cpp_solver/src/updateDistance.cpp:87(occupancyGridCallback)] [topics: /rosout, /edge_distance] Free vertices size: 7
87.800000000 INFO /updateDistance [/home/wcqw/ac-slam/catkin_ws/src/cpp_solver/src/updateDistance.cpp:128(occupancyGridCallback)] [topics: /rosout, /edge_distance] 19 edge distance updated
87.800000000 INFO /Navigator [/home/wcqw/ac-slam/catkin_ws/src/cpp_solver/src/MyPlanner.cpp:520(findExplorationTarget)] [topics: /rosout, /cmd, /Navigator/plan, /Navigator/markers, /Navigator/frontiers, /Navigator/frontier_to_vertex, /Navigator/nav_goal, /Navigator/prior_map, /Navigator/visual_tsp_path, /Navigator/tsp_index, /Navigator/path_finder, /Navigator/dist_map, /finished_topic, /request_replan, /Explore/result, /Explore/feedback, /Explore/status, /MoveTo/result, /MoveTo/feedback, /MoveTo/status, /Localize/result, /Localize/feedback, /Localize/status, /GetFirstMap/result, /GetFirstMap/feedback, /GetFirstMap/status] Call local replanning...
87.800000000 INFO /path_planner [path_planner.py:321(PathPlanner.handle_replanning)] [topics: /slam_pose_graph, /clock, /edge_distance, /pose_graph_idx, /rosout] Replanning request. curr_vertex_idx: 3
87.800000000 INFO /path_planner [path_planner.py:322(PathPlanner.handle_replanning)] [topics: /slam_pose_graph, /clock, /edge_distance, /pose_graph_idx, /rosout]                     covered_vertices: ()
87.800000000 INFO /path_planner [path_planner.py:336(PathPlanner.handle_replanning)] [topics: /slam_pose_graph, /clock, /edge_distance, /pose_graph_idx, /rosout] Handle local replanning...
87.800000000 INFO /path_planner [path_planner.py:348(PathPlanner.handle_replanning)] [topics: /slam_pose_graph, /clock, /edge_distance, /pose_graph_idx, /rosout] curr path length: 43, is_loop length: 43
87.800000000 INFO /path_planner [path_planner.py:360(PathPlanner.handle_replanning)] [topics: /slam_pose_graph, /clock, /edge_distance, /pose_graph_idx, /rosout] Send new plan: 8 7 6 5  ---> 4 3 9 15 16 10 11 35 37 20 19 15(L) 19 23 29 30 24 25 31 32 26 27 33 34 28 22 21 38 37(L) 38 36 12 13 14 8(L) 14 18 17 21(L) 
90.000000000 INFO /Mapper [/home/wcqw/ac-slam/catkin_ws/src/navigation_2d/nav2d_karto/src/MultiMapper.cpp:401(receiveLaserScan)] [topics: /rosout, /tf, /karto_out, /map, /others, /slam_path, /Mapper/vertices, /Mapper/closure_edges, /Mapper/odom_edges, /Mapper/colored_edges, /localization_result, /slam_pose_graph, /Mapper/loop_closed] PHASE2C_KEYSCAN_ACCEPTED unique_id=66 state_id=66 sim_time=89.900000
90.000000000 INFO /updateDistance [/home/wcqw/ac-slam/catkin_ws/src/cpp_solver/src/updateDistance.cpp:29(occupancyGridCallback)] [topics: /rosout, /edge_distance] Received an OccupancyGrid message!
90.000000000 INFO /updateDistance [/home/wcqw/ac-slam/catkin_ws/src/cpp_solver/src/updateDistance.cpp:30(occupancyGridCallback)] [topics: /rosout, /edge_distance] Width: 350, Height: 600, Size: 210000
90.000000000 INFO /updateDistance [/home/wcqw/ac-slam/catkin_ws/src/cpp_solver/src/updateDistance.cpp:32(occupancyGridCallback)] [topics: /rosout, /edge_distance] Map origin x: -7.128, y: -7.334
90.000000000 INFO /path_planner [path_planner.py:664(PathPlanner.handle_pose_graph)] [topics: /slam_pose_graph, /clock, /edge_distance, /pose_graph_idx, /rosout] Really visited vertices: 8 6 
90.000000000 INFO /updateDistance [/home/wcqw/ac-slam/catkin_ws/src/cpp_solver/src/updateDistance.cpp:87(occupancyGridCallback)] [topics: /rosout, /edge_distance] Free vertices size: 7
90.000000000 INFO /updateDistance [/home/wcqw/ac-slam/catkin_ws/src/cpp_solver/src/updateDistance.cpp:128(occupancyGridCallback)] [topics: /rosout, /edge_distance] 19 edge distance updated
90.000000000 INFO /RVIZ [/tmp/binarydeb/ros-noetic-rviz-1.14.26/src/rviz/default_plugin/map_display.cpp:604(MapDisplay::createSwatches)] [topics: /rosout, /initialpose, /goal, /clicked_point] Creating 1 swatches
91.800000000 INFO /Mapper [/home/wcqw/ac-slam/catkin_ws/src/navigation_2d/nav2d_karto/src/MultiMapper.cpp:401(receiveLaserScan)] [topics: /rosout, /tf, /karto_out, /map, /others, /slam_path, /Mapper/vertices, /Mapper/closure_edges, /Mapper/odom_edges, /Mapper/colored_edges, /localization_result, /slam_pose_graph, /Mapper/loop_closed] PHASE2C_KEYSCAN_ACCEPTED unique_id=67 state_id=67 sim_time=91.700000
91.800000000 INFO /updateDistance [/home/wcqw/ac-slam/catkin_ws/src/cpp_solver/src/updateDistance.cpp:29(occupancyGridCallback)] [topics: /rosout, /edge_distance] Received an OccupancyGrid message!
91.800000000 INFO /updateDistance [/home/wcqw/ac-slam/catkin_ws/src/cpp_solver/src/updateDistance.cpp:30(occupancyGridCallback)] [topics: /rosout, /edge_distance] Width: 350, Height: 610, Size: 213500
91.800000000 INFO /updateDistance [/home/wcqw/ac-slam/catkin_ws/src/cpp_solver/src/updateDistance.cpp:32(occupancyGridCallback)] [topics: /rosout, /edge_distance] Map origin x: -7.130, y: -7.334
91.800000000 INFO /path_planner [path_planner.py:664(PathPlanner.handle_pose_graph)] [topics: /slam_pose_graph, /clock, /edge_distance, /pose_graph_idx, /rosout] Really visited vertices: 8 6 
91.800000000 INFO /updateDistance [/home/wcqw/ac-slam/catkin_ws/src/cpp_solver/src/updateDistance.cpp:87(occupancyGridCallback)] [topics: /rosout, /edge_distance] Free vertices size: 7
91.800000000 INFO /updateDistance [/home/wcqw/ac-slam/catkin_ws/src/cpp_solver/src/updateDistance.cpp:128(occupancyGridCallback)] [topics: /rosout, /edge_distance] 19 edge distance updated
91.800000000 INFO /RVIZ [/tmp/binarydeb/ros-noetic-rviz-1.14.26/src/rviz/default_plugin/map_display.cpp:604(MapDisplay::createSwatches)] [topics: /rosout, /initialpose, /goal, /clicked_point] Creating 1 swatches
93.000000000 INFO /Mapper [/home/wcqw/ac-slam/catkin_ws/src/navigation_2d/nav2d_karto/src/MultiMapper.cpp:401(receiveLaserScan)] [topics: /rosout, /tf, /karto_out, /map, /others, /slam_path, /Mapper/vertices, /Mapper/closure_edges, /Mapper/odom_edges, /Mapper/colored_edges, /localization_result, /slam_pose_graph, /Mapper/loop_closed] PHASE2C_KEYSCAN_ACCEPTED unique_id=68 state_id=68 sim_time=93.000000
93.000000000 INFO /updateDistance [/home/wcqw/ac-slam/catkin_ws/src/cpp_solver/src/updateDistance.cpp:29(occupancyGridCallback)] [topics: /rosout, /edge_distance] Received an OccupancyGrid message!
93.000000000 INFO /updateDistance [/home/wcqw/ac-slam/catkin_ws/src/cpp_solver/src/updateDistance.cpp:30(occupancyGridCallback)] [topics: /rosout, /edge_distance] Width: 350, Height: 619, Size: 216650
93.000000000 INFO /updateDistance [/home/wcqw/ac-slam/catkin_ws/src/cpp_solver/src/updateDistance.cpp:32(occupancyGridCallback)] [topics: /rosout, /edge_distance] Map origin x: -7.134, y: -7.334
93.000000000 INFO /path_planner [path_planner.py:664(PathPlanner.handle_pose_graph)] [topics: /slam_pose_graph, /clock, /edge_distance, /pose_graph_idx, /rosout] Really visited vertices: 8 6 
93.000000000 INFO /updateDistance [/home/wcqw/ac-slam/catkin_ws/src/cpp_solver/src/updateDistance.cpp:87(occupancyGridCallback)] [topics: /rosout, /edge_distance] Free vertices size: 8
93.000000000 INFO /RVIZ [/tmp/binarydeb/ros-noetic-rviz-1.14.26/src/rviz/default_plugin/map_display.cpp:604(MapDisplay::createSwatches)] [topics: /rosout, /initialpose, /goal, /clicked_point] Creating 1 swatches
93.000000000 INFO /updateDistance [/home/wcqw/ac-slam/catkin_ws/src/cpp_solver/src/updateDistance.cpp:128(occupancyGridCallback)] [topics: /rosout, /edge_distance] 25 edge distance updated
93.700000000 INFO /updateDistance [/home/wcqw/ac-slam/catkin_ws/src/cpp_solver/src/updateDistance.cpp:29(occupancyGridCallback)] [topics: /rosout, /edge_distance] Received an OccupancyGrid message!
93.700000000 INFO /updateDistance [/home/wcqw/ac-slam/catkin_ws/src/cpp_solver/src/updateDistance.cpp:30(occupancyGridCallback)] [topics: /rosout, /edge_distance] Width: 350, Height: 619, Size: 216650
93.700000000 INFO /updateDistance [/home/wcqw/ac-slam/catkin_ws/src/cpp_solver/src/updateDistance.cpp:32(occupancyGridCallback)] [topics: /rosout, /edge_distance] Map origin x: -7.134, y: -7.334
93.800000000 INFO /updateDistance [/home/wcqw/ac-slam/catkin_ws/src/cpp_solver/src/updateDistance.cpp:87(occupancyGridCallback)] [topics: /rosout, /edge_distance] Free vertices size: 8
93.800000000 INFO /updateDistance [/home/wcqw/ac-slam/catkin_ws/src/cpp_solver/src/updateDistance.cpp:128(occupancyGridCallback)] [topics: /rosout, /edge_distance] 25 edge distance updated
93.800000000 INFO /Navigator [/home/wcqw/ac-slam/catkin_ws/src/cpp_solver/src/MyPlanner.cpp:520(findExplorationTarget)] [topics: /rosout, /cmd, /Navigator/plan, /Navigator/markers, /Navigator/frontiers, /Navigator/frontier_to_vertex, /Navigator/nav_goal, /Navigator/prior_map, /Navigator/visual_tsp_path, /Navigator/tsp_index, /Navigator/path_finder, /Navigator/dist_map, /finished_topic, /request_replan, /Explore/result, /Explore/feedback, /Explore/status, /MoveTo/result, /MoveTo/feedback, /MoveTo/status, /Localize/result, /Localize/feedback, /Localize/status, /GetFirstMap/result, /GetFirstMap/feedback, /GetFirstMap/status] Call local replanning...
93.800000000 INFO /path_planner [path_planner.py:321(PathPlanner.handle_replanning)] [topics: /slam_pose_graph, /clock, /edge_distance, /pose_graph_idx, /rosout] Replanning request. curr_vertex_idx: 3
93.800000000 INFO /path_planner [path_planner.py:322(PathPlanner.handle_replanning)] [topics: /slam_pose_graph, /clock, /edge_distance, /pose_graph_idx, /rosout]                     covered_vertices: ()
93.800000000 INFO /path_planner [path_planner.py:336(PathPlanner.handle_replanning)] [topics: /slam_pose_graph, /clock, /edge_distance, /pose_graph_idx, /rosout] Handle local replanning...
93.800000000 INFO /path_planner [path_planner.py:348(PathPlanner.handle_replanning)] [topics: /slam_pose_graph, /clock, /edge_distance, /pose_graph_idx, /rosout] curr path length: 43, is_loop length: 43
93.800000000 INFO /path_planner [path_planner.py:360(PathPlanner.handle_replanning)] [topics: /slam_pose_graph, /clock, /edge_distance, /pose_graph_idx, /rosout] Send new plan: 8 7 6 5  ---> 4 3 9 15 16 10 11 35 37 20 19 15(L) 19 23 29 30 24 25 31 32 26 27 33 34 28 22 21 38 37(L) 38 36 12 13 14 8(L) 14 18 17 21(L) 
93.800000000 INFO /Navigator [/home/wcqw/ac-slam/catkin_ws/src/cpp_solver/src/MyPlanner.cpp:548(findExplorationTarget)] [topics: /rosout, /cmd, /Navigator/plan, /Navigator/markers, /Navigator/frontiers, /Navigator/frontier_to_vertex, /Navigator/nav_goal, /Navigator/prior_map, /Navigator/visual_tsp_path, /Navigator/tsp_index, /Navigator/path_finder, /Navigator/dist_map, /finished_topic, /request_replan, /Explore/result, /Explore/feedback, /Explore/status, /MoveTo/result, /MoveTo/feedback, /MoveTo/status, /Localize/result, /Localize/feedback, /Localize/status, /GetFirstMap/result, /GetFirstMap/feedback, /GetFirstMap/status] Reach vertex 5
93.800000000 INFO /Navigator [/home/wcqw/ac-slam/catkin_ws/src/cpp_solver/src/MyPlanner.cpp:652(findExplorationTarget)] [topics: /rosout, /cmd, /Navigator/plan, /Navigator/markers, /Navigator/frontiers, /Navigator/frontier_to_vertex, /Navigator/nav_goal, /Navigator/prior_map, /Navigator/visual_tsp_path, /Navigator/tsp_index, /Navigator/path_finder, /Navigator/dist_map, /finished_topic, /request_replan, /Explore/result, /Explore/feedback, /Explore/status, /MoveTo/result, /MoveTo/feedback, /MoveTo/status, /Localize/result, /Localize/feedback, /Localize/status, /GetFirstMap/result, /GetFirstMap/feedback, /GetFirstMap/status] Explore Goal 5 's frontiers...
94.800000000 INFO /Mapper [/home/wcqw/ac-slam/catkin_ws/src/navigation_2d/nav2d_karto/src/MultiMapper.cpp:401(receiveLaserScan)] [topics: /rosout, /tf, /karto_out, /map, /others, /slam_path, /Mapper/vertices, /Mapper/closure_edges, /Mapper/odom_edges, /Mapper/colored_edges, /localization_result, /slam_pose_graph, /Mapper/loop_closed] PHASE2C_KEYSCAN_ACCEPTED unique_id=69 state_id=69 sim_time=94.800000
94.800000000 INFO /updateDistance [/home/wcqw/ac-slam/catkin_ws/src/cpp_solver/src/updateDistance.cpp:29(occupancyGridCallback)] [topics: /rosout, /edge_distance] Received an OccupancyGrid message!
94.800000000 INFO /updateDistance [/home/wcqw/ac-slam/catkin_ws/src/cpp_solver/src/updateDistance.cpp:30(occupancyGridCallback)] [topics: /rosout, /edge_distance] Width: 350, Height: 628, Size: 219800
94.800000000 INFO /updateDistance [/home/wcqw/ac-slam/catkin_ws/src/cpp_solver/src/updateDistance.cpp:32(occupancyGridCallback)] [topics: /rosout, /edge_distance] Map origin x: -7.134, y: -7.334
94.800000000 INFO /path_planner [path_planner.py:664(PathPlanner.handle_pose_graph)] [topics: /slam_pose_graph, /clock, /edge_distance, /pose_graph_idx, /rosout] Really visited vertices: 8 6 
94.800000000 INFO /updateDistance [/home/wcqw/ac-slam/catkin_ws/src/cpp_solver/src/updateDistance.cpp:87(occupancyGridCallback)] [topics: /rosout, /edge_distance] Free vertices size: 8
94.800000000 INFO /updateDistance [/home/wcqw/ac-slam/catkin_ws/src/cpp_solver/src/updateDistance.cpp:128(occupancyGridCallback)] [topics: /rosout, /edge_distance] 25 edge distance updated
94.800000000 INFO /RVIZ [/tmp/binarydeb/ros-noetic-rviz-1.14.26/src/rviz/default_plugin/map_display.cpp:604(MapDisplay::createSwatches)] [topics: /rosout, /initialpose, /goal, /clicked_point] Creating 1 swatches
95.400000000 INFO /Mapper [/home/wcqw/ac-slam/catkin_ws/src/navigation_2d/nav2d_karto/src/MultiMapper.cpp:401(receiveLaserScan)] [topics: /rosout, /tf, /karto_out, /map, /others, /slam_path, /Mapper/vertices, /Mapper/closure_edges, /Mapper/odom_edges, /Mapper/colored_edges, /localization_result, /slam_pose_graph, /Mapper/loop_closed] PHASE2C_KEYSCAN_ACCEPTED unique_id=70 state_id=70 sim_time=95.400000
96.200000000 INFO /Mapper [/home/wcqw/ac-slam/catkin_ws/src/navigation_2d/nav2d_karto/src/MultiMapper.cpp:401(receiveLaserScan)] [topics: /rosout, /tf, /karto_out, /map, /others, /slam_path, /Mapper/vertices, /Mapper/closure_edges, /Mapper/odom_edges, /Mapper/colored_edges, /localization_result, /slam_pose_graph, /Mapper/loop_closed] PHASE2C_KEYSCAN_ACCEPTED unique_id=71 state_id=71 sim_time=96.100000
96.200000000 INFO /updateDistance [/home/wcqw/ac-slam/catkin_ws/src/cpp_solver/src/updateDistance.cpp:29(occupancyGridCallback)] [topics: /rosout, /edge_distance] Received an OccupancyGrid message!
96.200000000 INFO /updateDistance [/home/wcqw/ac-slam/catkin_ws/src/cpp_solver/src/updateDistance.cpp:30(occupancyGridCallback)] [topics: /rosout, /edge_distance] Width: 350, Height: 628, Size: 219800
96.200000000 INFO /updateDistance [/home/wcqw/ac-slam/catkin_ws/src/cpp_solver/src/updateDistance.cpp:32(occupancyGridCallback)] [topics: /rosout, /edge_distance] Map origin x: -7.134, y: -7.334
96.200000000 INFO /path_planner [path_planner.py:664(PathPlanner.handle_pose_graph)] [topics: /slam_pose_graph, /clock, /edge_distance, /pose_graph_idx, /rosout] Really visited vertices: 8 6 
96.200000000 INFO /updateDistance [/home/wcqw/ac-slam/catkin_ws/src/cpp_solver/src/updateDistance.cpp:87(occupancyGridCallback)] [topics: /rosout, /edge_distance] Free vertices size: 8
96.200000000 INFO /updateDistance [/home/wcqw/ac-slam/catkin_ws/src/cpp_solver/src/updateDistance.cpp:128(occupancyGridCallback)] [topics: /rosout, /edge_distance] 25 edge distance updated
96.800000000 INFO /Mapper [/home/wcqw/ac-slam/catkin_ws/src/navigation_2d/nav2d_karto/src/MultiMapper.cpp:401(receiveLaserScan)] [topics: /rosout, /tf, /karto_out, /map, /others, /slam_path, /Mapper/vertices, /Mapper/closure_edges, /Mapper/odom_edges, /Mapper/colored_edges, /localization_result, /slam_pose_graph, /Mapper/loop_closed] PHASE2C_KEYSCAN_ACCEPTED unique_id=72 state_id=72 sim_time=96.700000
97.200000000 INFO /Mapper [/home/wcqw/ac-slam/catkin_ws/src/navigation_2d/nav2d_karto/src/MultiMapper.cpp:401(receiveLaserScan)] [topics: /rosout, /tf, /karto_out, /map, /others, /slam_path, /Mapper/vertices, /Mapper/closure_edges, /Mapper/odom_edges, /Mapper/colored_edges, /localization_result, /slam_pose_graph, /Mapper/loop_closed] PHASE2C_KEYSCAN_ACCEPTED unique_id=73 state_id=73 sim_time=97.100000
97.200000000 WARN /RVIZ [/tmp/binarydeb/ros-noetic-tf2-0.7.10/src/buffer_core.cpp:277()] [topics: /rosout, /initialpose, /goal, /clicked_point] TF_REPEATED_DATA ignoring data with redundant timestamp for frame odom (parent offset) at time 97.200000 according to authority unknown_publisher
97.200000000 WARN /RVIZ [/tmp/binarydeb/ros-noetic-tf2-0.7.10/src/buffer_core.cpp:277()] [topics: /rosout, /initialpose, /goal, /clicked_point] TF_REPEATED_DATA ignoring data with redundant timestamp for frame offset (parent map) at time 97.200000 according to authority unknown_publisher
98.000000000 INFO /Mapper [/home/wcqw/ac-slam/catkin_ws/src/navigation_2d/nav2d_karto/src/MultiMapper.cpp:401(receiveLaserScan)] [topics: /rosout, /tf, /karto_out, /map, /others, /slam_path, /Mapper/vertices, /Mapper/closure_edges, /Mapper/odom_edges, /Mapper/colored_edges, /localization_result, /slam_pose_graph, /Mapper/loop_closed] PHASE2C_KEYSCAN_ACCEPTED unique_id=74 state_id=74 sim_time=97.900000
98.000000000 INFO /updateDistance [/home/wcqw/ac-slam/catkin_ws/src/cpp_solver/src/updateDistance.cpp:29(occupancyGridCallback)] [topics: /rosout, /edge_distance] Received an OccupancyGrid message!
98.000000000 INFO /updateDistance [/home/wcqw/ac-slam/catkin_ws/src/cpp_solver/src/updateDistance.cpp:30(occupancyGridCallback)] [topics: /rosout, /edge_distance] Width: 350, Height: 628, Size: 219800
98.000000000 INFO /updateDistance [/home/wcqw/ac-slam/catkin_ws/src/cpp_solver/src/updateDistance.cpp:32(occupancyGridCallback)] [topics: /rosout, /edge_distance] Map origin x: -7.134, y: -7.334
98.000000000 INFO /path_planner [path_planner.py:664(PathPlanner.handle_pose_graph)] [topics: /slam_pose_graph, /clock, /edge_distance, /pose_graph_idx, /rosout] Really visited vertices: 8 6 5 
98.000000000 INFO /updateDistance [/home/wcqw/ac-slam/catkin_ws/src/cpp_solver/src/updateDistance.cpp:87(occupancyGridCallback)] [topics: /rosout, /edge_distance] Free vertices size: 8
98.000000000 INFO /updateDistance [/home/wcqw/ac-slam/catkin_ws/src/cpp_solver/src/updateDistance.cpp:128(occupancyGridCallback)] [topics: /rosout, /edge_distance] 25 edge distance updated
98.700000000 INFO /updateDistance [/home/wcqw/ac-slam/catkin_ws/src/cpp_solver/src/updateDistance.cpp:29(occupancyGridCallback)] [topics: /rosout, /edge_distance] Received an OccupancyGrid message!
98.700000000 INFO /updateDistance [/home/wcqw/ac-slam/catkin_ws/src/cpp_solver/src/updateDistance.cpp:30(occupancyGridCallback)] [topics: /rosout, /edge_distance] Width: 350, Height: 628, Size: 219800
98.700000000 INFO /updateDistance [/home/wcqw/ac-slam/catkin_ws/src/cpp_solver/src/updateDistance.cpp:32(occupancyGridCallback)] [topics: /rosout, /edge_distance] Map origin x: -7.134, y: -7.334
98.800000000 INFO /updateDistance [/home/wcqw/ac-slam/catkin_ws/src/cpp_solver/src/updateDistance.cpp:87(occupancyGridCallback)] [topics: /rosout, /edge_distance] Free vertices size: 8
98.800000000 INFO /updateDistance [/home/wcqw/ac-slam/catkin_ws/src/cpp_solver/src/updateDistance.cpp:128(occupancyGridCallback)] [topics: /rosout, /edge_distance] 25 edge distance updated
98.800000000 INFO /Mapper [/home/wcqw/ac-slam/catkin_ws/src/navigation_2d/nav2d_karto/src/MultiMapper.cpp:401(receiveLaserScan)] [topics: /rosout, /tf, /karto_out, /map, /others, /slam_path, /Mapper/vertices, /Mapper/closure_edges, /Mapper/odom_edges, /Mapper/colored_edges, /localization_result, /slam_pose_graph, /Mapper/loop_closed] PHASE2C_KEYSCAN_ACCEPTED unique_id=75 state_id=75 sim_time=98.700000
98.800000000 INFO /Navigator [/home/wcqw/ac-slam/catkin_ws/src/cpp_solver/src/MyPlanner.cpp:520(findExplorationTarget)] [topics: /rosout, /cmd, /Navigator/plan, /Navigator/markers, /Navigator/frontiers, /Navigator/frontier_to_vertex, /Navigator/nav_goal, /Navigator/prior_map, /Navigator/visual_tsp_path, /Navigator/tsp_index, /Navigator/path_finder, /Navigator/dist_map, /finished_topic, /request_replan, /Explore/result, /Explore/feedback, /Explore/status, /MoveTo/result, /MoveTo/feedback, /MoveTo/status, /Localize/result, /Localize/feedback, /Localize/status, /GetFirstMap/result, /GetFirstMap/feedback, /GetFirstMap/status] Call local replanning...
98.800000000 INFO /path_planner [path_planner.py:321(PathPlanner.handle_replanning)] [topics: /slam_pose_graph, /clock, /edge_distance, /pose_graph_idx, /rosout] Replanning request. curr_vertex_idx: 3
98.800000000 INFO /path_planner [path_planner.py:322(PathPlanner.handle_replanning)] [topics: /slam_pose_graph, /clock, /edge_distance, /pose_graph_idx, /rosout]                     covered_vertices: ()
98.800000000 INFO /path_planner [path_planner.py:336(PathPlanner.handle_replanning)] [topics: /slam_pose_graph, /clock, /edge_distance, /pose_graph_idx, /rosout] Handle local replanning...
98.800000000 INFO /path_planner [path_planner.py:348(PathPlanner.handle_replanning)] [topics: /slam_pose_graph, /clock, /edge_distance, /pose_graph_idx, /rosout] curr path length: 43, is_loop length: 43
98.800000000 INFO /path_planner [path_planner.py:360(PathPlanner.handle_replanning)] [topics: /slam_pose_graph, /clock, /edge_distance, /pose_graph_idx, /rosout] Send new plan: 8 7 6 5  ---> 4 3 9 15 16 10 11 35 37 20 19 15(L) 19 23 29 30 24 25 31 32 26 27 33 34 28 22 21 38 37(L) 38 36 12 13 14 8(L) 14 18 17 21(L) 
98.800000000 WARN /Navigator [/home/wcqw/ac-slam/catkin_ws/src/cpp_solver/src/MyPlanner.cpp:609(findExplorationTarget)] [topics: /rosout, /cmd, /Navigator/plan, /Navigator/markers, /Navigator/frontiers, /Navigator/frontier_to_vertex, /Navigator/nav_goal, /Navigator/prior_map, /Navigator/visual_tsp_path, /Navigator/tsp_index, /Navigator/path_finder, /Navigator/dist_map, /finished_topic, /request_replan, /Explore/result, /Explore/feedback, /Explore/status, /MoveTo/result, /MoveTo/feedback, /MoveTo/status, /Localize/result, /Localize/feedback, /Localize/status, /GetFirstMap/result, /GetFirstMap/feedback, /GetFirstMap/status] No frontier at vertex 5. #Frontier: 0
98.800000000 INFO /Navigator [/home/wcqw/ac-slam/catkin_ws/src/cpp_solver/src/MyPlanner.cpp:318(getUsefulGoalIndex)] [topics: /rosout, /cmd, /Navigator/plan, /Navigator/markers, /Navigator/frontiers, /Navigator/frontier_to_vertex, /Navigator/nav_goal, /Navigator/prior_map, /Navigator/visual_tsp_path, /Navigator/tsp_index, /Navigator/path_finder, /Navigator/dist_map, /finished_topic, /request_replan, /Explore/result, /Explore/feedback, /Explore/status, /MoveTo/result, /MoveTo/feedback, /MoveTo/status, /Localize/result, /Localize/feedback, /Localize/status, /GetFirstMap/result, /GetFirstMap/feedback, /GetFirstMap/status] Set newGoal 4
99.600000000 INFO /Mapper [/home/wcqw/ac-slam/catkin_ws/src/navigation_2d/nav2d_karto/src/MultiMapper.cpp:401(receiveLaserScan)] [topics: /rosout, /tf, /karto_out, /map, /others, /slam_path, /Mapper/vertices, /Mapper/closure_edges, /Mapper/odom_edges, /Mapper/colored_edges, /localization_result, /slam_pose_graph, /Mapper/loop_closed] PHASE2C_KEYSCAN_ACCEPTED unique_id=76 state_id=76 sim_time=99.500000
100.200000000 INFO /Mapper [/home/wcqw/ac-slam/catkin_ws/src/navigation_2d/nav2d_karto/src/MultiMapper.cpp:401(receiveLaserScan)] [topics: /rosout, /tf, /karto_out, /map, /others, /slam_path, /Mapper/vertices, /Mapper/closure_edges, /Mapper/odom_edges, /Mapper/colored_edges, /localization_result, /slam_pose_graph, /Mapper/loop_closed] PHASE2C_KEYSCAN_ACCEPTED unique_id=77 state_id=77 sim_time=100.100000
100.200000000 INFO /updateDistance [/home/wcqw/ac-slam/catkin_ws/src/cpp_solver/src/updateDistance.cpp:29(occupancyGridCallback)] [topics: /rosout, /edge_distance] Received an OccupancyGrid message!
100.200000000 INFO /updateDistance [/home/wcqw/ac-slam/catkin_ws/src/cpp_solver/src/updateDistance.cpp:30(occupancyGridCallback)] [topics: /rosout, /edge_distance] Width: 350, Height: 628, Size: 219800
100.200000000 INFO /updateDistance [/home/wcqw/ac-slam/catkin_ws/src/cpp_solver/src/updateDistance.cpp:32(occupancyGridCallback)] [topics: /rosout, /edge_distance] Map origin x: -7.134, y: -7.334
100.200000000 INFO /path_planner [path_planner.py:664(PathPlanner.handle_pose_graph)] [topics: /slam_pose_graph, /clock, /edge_distance, /pose_graph_idx, /rosout] Really visited vertices: 8 6 5 
100.200000000 INFO /updateDistance [/home/wcqw/ac-slam/catkin_ws/src/cpp_solver/src/updateDistance.cpp:87(occupancyGridCallback)] [topics: /rosout, /edge_distance] Free vertices size: 8
100.200000000 INFO /updateDistance [/home/wcqw/ac-slam/catkin_ws/src/cpp_solver/src/updateDistance.cpp:128(occupancyGridCallback)] [topics: /rosout, /edge_distance] 25 edge distance updated
100.800000000 INFO /Mapper [/home/wcqw/ac-slam/catkin_ws/src/navigation_2d/nav2d_karto/src/MultiMapper.cpp:401(receiveLaserScan)] [topics: /rosout, /tf, /karto_out, /map, /others, /slam_path, /Mapper/vertices, /Mapper/closure_edges, /Mapper/odom_edges, /Mapper/colored_edges, /localization_result, /slam_pose_graph, /Mapper/loop_closed] PHASE2C_KEYSCAN_ACCEPTED unique_id=78 state_id=78 sim_time=100.700000
101.400000000 INFO /Mapper [/home/wcqw/ac-slam/catkin_ws/src/navigation_2d/nav2d_karto/src/MultiMapper.cpp:401(receiveLaserScan)] [topics: /rosout, /tf, /karto_out, /map, /others, /slam_path, /Mapper/vertices, /Mapper/closure_edges, /Mapper/odom_edges, /Mapper/colored_edges, /localization_result, /slam_pose_graph, /Mapper/loop_closed] PHASE2C_KEYSCAN_ACCEPTED unique_id=79 state_id=79 sim_time=101.400000
101.400000000 INFO /updateDistance [/home/wcqw/ac-slam/catkin_ws/src/cpp_solver/src/updateDistance.cpp:29(occupancyGridCallback)] [topics: /rosout, /edge_distance] Received an OccupancyGrid message!
101.400000000 INFO /updateDistance [/home/wcqw/ac-slam/catkin_ws/src/cpp_solver/src/updateDistance.cpp:30(occupancyGridCallback)] [topics: /rosout, /edge_distance] Width: 350, Height: 628, Size: 219800
101.400000000 INFO /updateDistance [/home/wcqw/ac-slam/catkin_ws/src/cpp_solver/src/updateDistance.cpp:32(occupancyGridCallback)] [topics: /rosout, /edge_distance] Map origin x: -7.134, y: -7.334
101.400000000 INFO /path_planner [path_planner.py:664(PathPlanner.handle_pose_graph)] [topics: /slam_pose_graph, /clock, /edge_distance, /pose_graph_idx, /rosout] Really visited vertices: 8 6 5 
101.400000000 INFO /updateDistance [/home/wcqw/ac-slam/catkin_ws/src/cpp_solver/src/updateDistance.cpp:87(occupancyGridCallback)] [topics: /rosout, /edge_distance] Free vertices size: 8
101.400000000 INFO /updateDistance [/home/wcqw/ac-slam/catkin_ws/src/cpp_solver/src/updateDistance.cpp:128(occupancyGridCallback)] [topics: /rosout, /edge_distance] 25 edge distance updated
102.400000000 INFO /Mapper [/home/wcqw/ac-slam/catkin_ws/src/navigation_2d/nav2d_karto/src/MultiMapper.cpp:401(receiveLaserScan)] [topics: /rosout, /tf, /karto_out, /map, /others, /slam_path, /Mapper/vertices, /Mapper/closure_edges, /Mapper/odom_edges, /Mapper/colored_edges, /localization_result, /slam_pose_graph, /Mapper/loop_closed] PHASE2C_KEYSCAN_ACCEPTED unique_id=80 state_id=80 sim_time=102.400000
103.800000000 INFO /Mapper [/home/wcqw/ac-slam/catkin_ws/src/navigation_2d/nav2d_karto/src/MultiMapper.cpp:401(receiveLaserScan)] [topics: /rosout, /tf, /karto_out, /map, /others, /slam_path, /Mapper/vertices, /Mapper/closure_edges, /Mapper/odom_edges, /Mapper/colored_edges, /localization_result, /slam_pose_graph, /Mapper/loop_closed] PHASE2C_KEYSCAN_ACCEPTED unique_id=81 state_id=81 sim_time=103.800000
103.800000000 INFO /updateDistance [/home/wcqw/ac-slam/catkin_ws/src/cpp_solver/src/updateDistance.cpp:29(occupancyGridCallback)] [topics: /rosout, /edge_distance] Received an OccupancyGrid message!
103.800000000 INFO /updateDistance [/home/wcqw/ac-slam/catkin_ws/src/cpp_solver/src/updateDistance.cpp:30(occupancyGridCallback)] [topics: /rosout, /edge_distance] Width: 350, Height: 637, Size: 222950
103.800000000 INFO /updateDistance [/home/wcqw/ac-slam/catkin_ws/src/cpp_solver/src/updateDistance.cpp:32(occupancyGridCallback)] [topics: /rosout, /edge_distance] Map origin x: -7.137, y: -7.334
103.800000000 INFO /path_planner [path_planner.py:664(PathPlanner.handle_pose_graph)] [topics: /slam_pose_graph, /clock, /edge_distance, /pose_graph_idx, /rosout] Really visited vertices: 8 6 5 
103.800000000 INFO /updateDistance [/home/wcqw/ac-slam/catkin_ws/src/cpp_solver/src/updateDistance.cpp:87(occupancyGridCallback)] [topics: /rosout, /edge_distance] Free vertices size: 10
103.800000000 INFO /RVIZ [/tmp/binarydeb/ros-noetic-rviz-1.14.26/src/rviz/default_plugin/map_display.cpp:604(MapDisplay::createSwatches)] [topics: /rosout, /initialpose, /goal, /clicked_point] Creating 1 swatches
103.800000000 INFO /updateDistance [/home/wcqw/ac-slam/catkin_ws/src/cpp_solver/src/updateDistance.cpp:128(occupancyGridCallback)] [topics: /rosout, /edge_distance] 33 edge distance updated
104.700000000 INFO /updateDistance [/home/wcqw/ac-slam/catkin_ws/src/cpp_solver/src/updateDistance.cpp:29(occupancyGridCallback)] [topics: /rosout, /edge_distance] Received an OccupancyGrid message!
104.700000000 INFO /updateDistance [/home/wcqw/ac-slam/catkin_ws/src/cpp_solver/src/updateDistance.cpp:30(occupancyGridCallback)] [topics: /rosout, /edge_distance] Width: 350, Height: 637, Size: 222950
104.700000000 INFO /updateDistance [/home/wcqw/ac-slam/catkin_ws/src/cpp_solver/src/updateDistance.cpp:32(occupancyGridCallback)] [topics: /rosout, /edge_distance] Map origin x: -7.137, y: -7.334
104.800000000 INFO /updateDistance [/home/wcqw/ac-slam/catkin_ws/src/cpp_solver/src/updateDistance.cpp:87(occupancyGridCallback)] [topics: /rosout, /edge_distance] Free vertices size: 10
104.800000000 INFO /updateDistance [/home/wcqw/ac-slam/catkin_ws/src/cpp_solver/src/updateDistance.cpp:128(occupancyGridCallback)] [topics: /rosout, /edge_distance] 33 edge distance updated
104.800000000 INFO /Navigator [/home/wcqw/ac-slam/catkin_ws/src/cpp_solver/src/MyPlanner.cpp:520(findExplorationTarget)] [topics: /rosout, /cmd, /Navigator/plan, /Navigator/markers, /Navigator/frontiers, /Navigator/frontier_to_vertex, /Navigator/nav_goal, /Navigator/prior_map, /Navigator/visual_tsp_path, /Navigator/tsp_index, /Navigator/path_finder, /Navigator/dist_map, /finished_topic, /request_replan, /Explore/result, /Explore/feedback, /Explore/status, /MoveTo/result, /MoveTo/feedback, /MoveTo/status, /Localize/result, /Localize/feedback, /Localize/status, /GetFirstMap/result, /GetFirstMap/feedback, /GetFirstMap/status] Call local replanning...
104.800000000 INFO /path_planner [path_planner.py:321(PathPlanner.handle_replanning)] [topics: /slam_pose_graph, /clock, /edge_distance, /pose_graph_idx, /rosout] Replanning request. curr_vertex_idx: 4
104.800000000 INFO /path_planner [path_planner.py:322(PathPlanner.handle_replanning)] [topics: /slam_pose_graph, /clock, /edge_distance, /pose_graph_idx, /rosout]                     covered_vertices: ()
104.800000000 INFO /path_planner [path_planner.py:336(PathPlanner.handle_replanning)] [topics: /slam_pose_graph, /clock, /edge_distance, /pose_graph_idx, /rosout] Handle local replanning...
104.800000000 INFO /path_planner [path_planner.py:348(PathPlanner.handle_replanning)] [topics: /slam_pose_graph, /clock, /edge_distance, /pose_graph_idx, /rosout] curr path length: 43, is_loop length: 43
104.800000000 INFO /path_planner [path_planner.py:360(PathPlanner.handle_replanning)] [topics: /slam_pose_graph, /clock, /edge_distance, /pose_graph_idx, /rosout] Send new plan: 8 7 6 5 4  ---> 3 9 15 16 10 11 35 37 20 19 15(L) 19 23 29 30 24 25 31 32 26 27 33 34 28 22 21 38 37(L) 38 36 12 13 14 8(L) 14 18 17 21(L) 
105.400000000 INFO /Mapper [/home/wcqw/ac-slam/catkin_ws/src/navigation_2d/nav2d_karto/src/MultiMapper.cpp:401(receiveLaserScan)] [topics: /rosout, /tf, /karto_out, /map, /others, /slam_path, /Mapper/vertices, /Mapper/closure_edges, /Mapper/odom_edges, /Mapper/colored_edges, /localization_result, /slam_pose_graph, /Mapper/loop_closed] PHASE2C_KEYSCAN_ACCEPTED unique_id=82 state_id=82 sim_time=105.300000
106.000000000 WARN /RVIZ [/tmp/binarydeb/ros-noetic-tf2-0.7.10/src/buffer_core.cpp:277()] [topics: /rosout, /initialpose, /goal, /clicked_point] TF_REPEATED_DATA ignoring data with redundant timestamp for frame odom (parent offset) at time 106.000000 according to authority unknown_publisher
106.000000000 WARN /RVIZ [/tmp/binarydeb/ros-noetic-tf2-0.7.10/src/buffer_core.cpp:277()] [topics: /rosout, /initialpose, /goal, /clicked_point] TF_REPEATED_DATA ignoring data with redundant timestamp for frame offset (parent map) at time 106.000000 according to authority unknown_publisher
106.600000000 INFO /Mapper [/home/wcqw/ac-slam/catkin_ws/src/navigation_2d/nav2d_karto/src/MultiMapper.cpp:401(receiveLaserScan)] [topics: /rosout, /tf, /karto_out, /map, /others, /slam_path, /Mapper/vertices, /Mapper/closure_edges, /Mapper/odom_edges, /Mapper/colored_edges, /localization_result, /slam_pose_graph, /Mapper/loop_closed] PHASE2C_KEYSCAN_ACCEPTED unique_id=83 state_id=83 sim_time=106.600000
106.600000000 INFO /updateDistance [/home/wcqw/ac-slam/catkin_ws/src/cpp_solver/src/updateDistance.cpp:29(occupancyGridCallback)] [topics: /rosout, /edge_distance] Received an OccupancyGrid message!
106.600000000 INFO /updateDistance [/home/wcqw/ac-slam/catkin_ws/src/cpp_solver/src/updateDistance.cpp:30(occupancyGridCallback)] [topics: /rosout, /edge_distance] Width: 350, Height: 657, Size: 229950
106.600000000 INFO /updateDistance [/home/wcqw/ac-slam/catkin_ws/src/cpp_solver/src/updateDistance.cpp:32(occupancyGridCallback)] [topics: /rosout, /edge_distance] Map origin x: -7.137, y: -7.334
106.600000000 INFO /path_planner [path_planner.py:664(PathPlanner.handle_pose_graph)] [topics: /slam_pose_graph, /clock, /edge_distance, /pose_graph_idx, /rosout] Really visited vertices: 8 6 5 
106.600000000 INFO /updateDistance [/home/wcqw/ac-slam/catkin_ws/src/cpp_solver/src/updateDistance.cpp:87(occupancyGridCallback)] [topics: /rosout, /edge_distance] Free vertices size: 10
106.600000000 INFO /updateDistance [/home/wcqw/ac-slam/catkin_ws/src/cpp_solver/src/updateDistance.cpp:128(occupancyGridCallback)] [topics: /rosout, /edge_distance] 41 edge distance updated
106.600000000 INFO /RVIZ [/tmp/binarydeb/ros-noetic-rviz-1.14.26/src/rviz/default_plugin/map_display.cpp:604(MapDisplay::createSwatches)] [topics: /rosout, /initialpose, /goal, /clicked_point] Creating 1 swatches
107.800000000 WARN /RVIZ [/tmp/binarydeb/ros-noetic-tf2-0.7.10/src/buffer_core.cpp:277()] [topics: /rosout, /initialpose, /goal, /clicked_point] TF_REPEATED_DATA ignoring data with redundant timestamp for frame odom (parent offset) at time 107.800000 according to authority unknown_publisher
107.800000000 WARN /RVIZ [/tmp/binarydeb/ros-noetic-tf2-0.7.10/src/buffer_core.cpp:277()] [topics: /rosout, /initialpose, /goal, /clicked_point] TF_REPEATED_DATA ignoring data with redundant timestamp for frame offset (parent map) at time 107.800000 according to authority unknown_publisher
108.000000000 INFO /Mapper [/home/wcqw/ac-slam/catkin_ws/src/navigation_2d/nav2d_karto/src/MultiMapper.cpp:401(receiveLaserScan)] [topics: /rosout, /tf, /karto_out, /map, /others, /slam_path, /Mapper/vertices, /Mapper/closure_edges, /Mapper/odom_edges, /Mapper/colored_edges, /localization_result, /slam_pose_graph, /Mapper/loop_closed] PHASE2C_KEYSCAN_ACCEPTED unique_id=84 state_id=84 sim_time=107.900000
108.000000000 INFO /updateDistance [/home/wcqw/ac-slam/catkin_ws/src/cpp_solver/src/updateDistance.cpp:29(occupancyGridCallback)] [topics: /rosout, /edge_distance] Received an OccupancyGrid message!
108.000000000 INFO /updateDistance [/home/wcqw/ac-slam/catkin_ws/src/cpp_solver/src/updateDistance.cpp:30(occupancyGridCallback)] [topics: /rosout, /edge_distance] Width: 350, Height: 666, Size: 233100
108.000000000 INFO /updateDistance [/home/wcqw/ac-slam/catkin_ws/src/cpp_solver/src/updateDistance.cpp:32(occupancyGridCallback)] [topics: /rosout, /edge_distance] Map origin x: -7.132, y: -7.334
108.000000000 INFO /path_planner [path_planner.py:664(PathPlanner.handle_pose_graph)] [topics: /slam_pose_graph, /clock, /edge_distance, /pose_graph_idx, /rosout] Really visited vertices: 8 6 5 
108.000000000 INFO /updateDistance [/home/wcqw/ac-slam/catkin_ws/src/cpp_solver/src/updateDistance.cpp:87(occupancyGridCallback)] [topics: /rosout, /edge_distance] Free vertices size: 10
108.000000000 INFO /updateDistance [/home/wcqw/ac-slam/catkin_ws/src/cpp_solver/src/updateDistance.cpp:128(occupancyGridCallback)] [topics: /rosout, /edge_distance] 41 edge distance updated
108.000000000 INFO /RVIZ [/tmp/binarydeb/ros-noetic-rviz-1.14.26/src/rviz/default_plugin/map_display.cpp:604(MapDisplay::createSwatches)] [topics: /rosout, /initialpose, /goal, /clicked_point] Creating 1 swatches
109.400000000 WARN /RVIZ [/tmp/binarydeb/ros-noetic-tf2-0.7.10/src/buffer_core.cpp:277()] [topics: /rosout, /initialpose, /goal, /clicked_point] TF_REPEATED_DATA ignoring data with redundant timestamp for frame odom (parent offset) at time 109.400000 according to authority unknown_publisher
109.400000000 WARN /RVIZ [/tmp/binarydeb/ros-noetic-tf2-0.7.10/src/buffer_core.cpp:277()] [topics: /rosout, /initialpose, /goal, /clicked_point] TF_REPEATED_DATA ignoring data with redundant timestamp for frame offset (parent map) at time 109.400000 according to authority unknown_publisher
109.600000000 WARN /RVIZ [/tmp/binarydeb/ros-noetic-tf2-0.7.10/src/buffer_core.cpp:277()] [topics: /rosout, /initialpose, /goal, /clicked_point] TF_REPEATED_DATA ignoring data with redundant timestamp for frame odom (parent offset) at time 109.600000 according to authority unknown_publisher
109.600000000 WARN /RVIZ [/tmp/binarydeb/ros-noetic-tf2-0.7.10/src/buffer_core.cpp:277()] [topics: /rosout, /initialpose, /goal, /clicked_point] TF_REPEATED_DATA ignoring data with redundant timestamp for frame offset (parent map) at time 109.600000 according to authority unknown_publisher
110.000000000 INFO /Mapper [/home/wcqw/ac-slam/catkin_ws/src/navigation_2d/nav2d_karto/src/MultiMapper.cpp:401(receiveLaserScan)] [topics: /rosout, /tf, /karto_out, /map, /others, /slam_path, /Mapper/vertices, /Mapper/closure_edges, /Mapper/odom_edges, /Mapper/colored_edges, /localization_result, /slam_pose_graph, /Mapper/loop_closed] PHASE2C_KEYSCAN_ACCEPTED unique_id=85 state_id=85 sim_time=109.900000
110.000000000 INFO /updateDistance [/home/wcqw/ac-slam/catkin_ws/src/cpp_solver/src/updateDistance.cpp:29(occupancyGridCallback)] [topics: /rosout, /edge_distance] Received an OccupancyGrid message!
110.000000000 INFO /updateDistance [/home/wcqw/ac-slam/catkin_ws/src/cpp_solver/src/updateDistance.cpp:30(occupancyGridCallback)] [topics: /rosout, /edge_distance] Width: 350, Height: 676, Size: 236600
110.000000000 INFO /updateDistance [/home/wcqw/ac-slam/catkin_ws/src/cpp_solver/src/updateDistance.cpp:32(occupancyGridCallback)] [topics: /rosout, /edge_distance] Map origin x: -7.132, y: -7.334
110.000000000 INFO /path_planner [path_planner.py:664(PathPlanner.handle_pose_graph)] [topics: /slam_pose_graph, /clock, /edge_distance, /pose_graph_idx, /rosout] Really visited vertices: 8 6 5 
110.000000000 INFO /updateDistance [/home/wcqw/ac-slam/catkin_ws/src/cpp_solver/src/updateDistance.cpp:87(occupancyGridCallback)] [topics: /rosout, /edge_distance] Free vertices size: 10
110.000000000 INFO /updateDistance [/home/wcqw/ac-slam/catkin_ws/src/cpp_solver/src/updateDistance.cpp:128(occupancyGridCallback)] [topics: /rosout, /edge_distance] 41 edge distance updated
110.000000000 INFO /RVIZ [/tmp/binarydeb/ros-noetic-rviz-1.14.26/src/rviz/default_plugin/map_display.cpp:604(MapDisplay::createSwatches)] [topics: /rosout, /initialpose, /goal, /clicked_point] Creating 1 swatches
110.200000000 WARN /RVIZ [/tmp/binarydeb/ros-noetic-tf2-0.7.10/src/buffer_core.cpp:277()] [topics: /rosout, /initialpose, /goal, /clicked_point] TF_REPEATED_DATA ignoring data with redundant timestamp for frame odom (parent offset) at time 110.200000 according to authority unknown_publisher
110.200000000 WARN /RVIZ [/tmp/binarydeb/ros-noetic-tf2-0.7.10/src/buffer_core.cpp:277()] [topics: /rosout, /initialpose, /goal, /clicked_point] TF_REPEATED_DATA ignoring data with redundant timestamp for frame offset (parent map) at time 110.200000 according to authority unknown_publisher
110.800000000 INFO /updateDistance [/home/wcqw/ac-slam/catkin_ws/src/cpp_solver/src/updateDistance.cpp:29(occupancyGridCallback)] [topics: /rosout, /edge_distance] Received an OccupancyGrid message!
110.800000000 INFO /updateDistance [/home/wcqw/ac-slam/catkin_ws/src/cpp_solver/src/updateDistance.cpp:30(occupancyGridCallback)] [topics: /rosout, /edge_distance] Width: 350, Height: 676, Size: 236600
110.800000000 INFO /updateDistance [/home/wcqw/ac-slam/catkin_ws/src/cpp_solver/src/updateDistance.cpp:32(occupancyGridCallback)] [topics: /rosout, /edge_distance] Map origin x: -7.132, y: -7.334
110.800000000 WARN /RVIZ [/tmp/binarydeb/ros-noetic-tf2-0.7.10/src/buffer_core.cpp:277()] [topics: /rosout, /initialpose, /goal, /clicked_point] TF_REPEATED_DATA ignoring data with redundant timestamp for frame odom (parent offset) at time 110.800000 according to authority unknown_publisher
110.800000000 WARN /RVIZ [/tmp/binarydeb/ros-noetic-tf2-0.7.10/src/buffer_core.cpp:277()] [topics: /rosout, /initialpose, /goal, /clicked_point] TF_REPEATED_DATA ignoring data with redundant timestamp for frame offset (parent map) at time 110.800000 according to authority unknown_publisher
110.800000000 INFO /updateDistance [/home/wcqw/ac-slam/catkin_ws/src/cpp_solver/src/updateDistance.cpp:87(occupancyGridCallback)] [topics: /rosout, /edge_distance] Free vertices size: 10
110.800000000 INFO /updateDistance [/home/wcqw/ac-slam/catkin_ws/src/cpp_solver/src/updateDistance.cpp:128(occupancyGridCallback)] [topics: /rosout, /edge_distance] 41 edge distance updated
110.800000000 INFO /Navigator [/home/wcqw/ac-slam/catkin_ws/src/cpp_solver/src/MyPlanner.cpp:520(findExplorationTarget)] [topics: /rosout, /cmd, /Navigator/plan, /Navigator/markers, /Navigator/frontiers, /Navigator/frontier_to_vertex, /Navigator/nav_goal, /Navigator/prior_map, /Navigator/visual_tsp_path, /Navigator/tsp_index, /Navigator/path_finder, /Navigator/dist_map, /finished_topic, /request_replan, /Explore/result, /Explore/feedback, /Explore/status, /MoveTo/result, /MoveTo/feedback, /MoveTo/status, /Localize/result, /Localize/feedback, /Localize/status, /GetFirstMap/result, /GetFirstMap/feedback, /GetFirstMap/status] Call local replanning...
110.800000000 INFO /path_planner [path_planner.py:321(PathPlanner.handle_replanning)] [topics: /slam_pose_graph, /clock, /edge_distance, /pose_graph_idx, /rosout] Replanning request. curr_vertex_idx: 4
110.800000000 INFO /path_planner [path_planner.py:322(PathPlanner.handle_replanning)] [topics: /slam_pose_graph, /clock, /edge_distance, /pose_graph_idx, /rosout]                     covered_vertices: ()
110.800000000 INFO /path_planner [path_planner.py:336(PathPlanner.handle_replanning)] [topics: /slam_pose_graph, /clock, /edge_distance, /pose_graph_idx, /rosout] Handle local replanning...
110.800000000 INFO /path_planner [path_planner.py:348(PathPlanner.handle_replanning)] [topics: /slam_pose_graph, /clock, /edge_distance, /pose_graph_idx, /rosout] curr path length: 43, is_loop length: 43
110.800000000 INFO /path_planner [path_planner.py:360(PathPlanner.handle_replanning)] [topics: /slam_pose_graph, /clock, /edge_distance, /pose_graph_idx, /rosout] Send new plan: 8 7 6 5 4  ---> 3 9 15 16 10 11 35 37 20 19 15(L) 19 23 29 30 24 25 31 32 26 27 33 34 28 22 21 38 37(L) 38 36 12 13 14 8(L) 14 18 17 21(L) 
111.400000000 WARN /RVIZ [/tmp/binarydeb/ros-noetic-tf2-0.7.10/src/buffer_core.cpp:277()] [topics: /rosout, /initialpose, /goal, /clicked_point] TF_REPEATED_DATA ignoring data with redundant timestamp for frame odom (parent offset) at time 111.400000 according to authority unknown_publisher
111.400000000 WARN /RVIZ [/tmp/binarydeb/ros-noetic-tf2-0.7.10/src/buffer_core.cpp:277()] [topics: /rosout, /initialpose, /goal, /clicked_point] TF_REPEATED_DATA ignoring data with redundant timestamp for frame offset (parent map) at time 111.400000 according to authority unknown_publisher
112.000000000 WARN /RVIZ [/tmp/binarydeb/ros-noetic-tf2-0.7.10/src/buffer_core.cpp:277()] [topics: /rosout, /initialpose, /goal, /clicked_point] TF_REPEATED_DATA ignoring data with redundant timestamp for frame odom (parent offset) at time 112.000000 according to authority unknown_publisher
112.000000000 WARN /RVIZ [/tmp/binarydeb/ros-noetic-tf2-0.7.10/src/buffer_core.cpp:277()] [topics: /rosout, /initialpose, /goal, /clicked_point] TF_REPEATED_DATA ignoring data with redundant timestamp for frame offset (parent map) at time 112.000000 according to authority unknown_publisher
113.200000000 WARN /RVIZ [/tmp/binarydeb/ros-noetic-tf2-0.7.10/src/buffer_core.cpp:277()] [topics: /rosout, /initialpose, /goal, /clicked_point] TF_REPEATED_DATA ignoring data with redundant timestamp for frame odom (parent offset) at time 113.200000 according to authority unknown_publisher
113.200000000 WARN /RVIZ [/tmp/binarydeb/ros-noetic-tf2-0.7.10/src/buffer_core.cpp:277()] [topics: /rosout, /initialpose, /goal, /clicked_point] TF_REPEATED_DATA ignoring data with redundant timestamp for frame offset (parent map) at time 113.200000 according to authority unknown_publisher
113.800000000 INFO /Mapper [/home/wcqw/ac-slam/catkin_ws/src/navigation_2d/nav2d_karto/src/MultiMapper.cpp:401(receiveLaserScan)] [topics: /rosout, /tf, /karto_out, /map, /others, /slam_path, /Mapper/vertices, /Mapper/closure_edges, /Mapper/odom_edges, /Mapper/colored_edges, /localization_result, /slam_pose_graph, /Mapper/loop_closed] PHASE2C_KEYSCAN_ACCEPTED unique_id=86 state_id=86 sim_time=113.800000
113.800000000 INFO /updateDistance [/home/wcqw/ac-slam/catkin_ws/src/cpp_solver/src/updateDistance.cpp:29(occupancyGridCallback)] [topics: /rosout, /edge_distance] Received an OccupancyGrid message!
113.800000000 INFO /updateDistance [/home/wcqw/ac-slam/catkin_ws/src/cpp_solver/src/updateDistance.cpp:30(occupancyGridCallback)] [topics: /rosout, /edge_distance] Width: 350, Height: 685, Size: 239750
113.800000000 INFO /updateDistance [/home/wcqw/ac-slam/catkin_ws/src/cpp_solver/src/updateDistance.cpp:32(occupancyGridCallback)] [topics: /rosout, /edge_distance] Map origin x: -7.132, y: -7.334
113.800000000 INFO /path_planner [path_planner.py:664(PathPlanner.handle_pose_graph)] [topics: /slam_pose_graph, /clock, /edge_distance, /pose_graph_idx, /rosout] Really visited vertices: 8 6 5 
113.800000000 INFO /updateDistance [/home/wcqw/ac-slam/catkin_ws/src/cpp_solver/src/updateDistance.cpp:87(occupancyGridCallback)] [topics: /rosout, /edge_distance] Free vertices size: 9
113.800000000 INFO /updateDistance [/home/wcqw/ac-slam/catkin_ws/src/cpp_solver/src/updateDistance.cpp:128(occupancyGridCallback)] [topics: /rosout, /edge_distance] 41 edge distance updated
113.800000000 INFO /RVIZ [/tmp/binarydeb/ros-noetic-rviz-1.14.26/src/rviz/default_plugin/map_display.cpp:604(MapDisplay::createSwatches)] [topics: /rosout, /initialpose, /goal, /clicked_point] Creating 1 swatches
116.200000000 WARN /RVIZ [/tmp/binarydeb/ros-noetic-tf2-0.7.10/src/buffer_core.cpp:277()] [topics: /rosout, /initialpose, /goal, /clicked_point] TF_REPEATED_DATA ignoring data with redundant timestamp for frame odom (parent offset) at time 116.200000 according to authority unknown_publisher
116.200000000 WARN /RVIZ [/tmp/binarydeb/ros-noetic-tf2-0.7.10/src/buffer_core.cpp:277()] [topics: /rosout, /initialpose, /goal, /clicked_point] TF_REPEATED_DATA ignoring data with redundant timestamp for frame offset (parent map) at time 116.200000 according to authority unknown_publisher
116.700000000 INFO /updateDistance [/home/wcqw/ac-slam/catkin_ws/src/cpp_solver/src/updateDistance.cpp:29(occupancyGridCallback)] [topics: /rosout, /edge_distance] Received an OccupancyGrid message!
116.700000000 INFO /updateDistance [/home/wcqw/ac-slam/catkin_ws/src/cpp_solver/src/updateDistance.cpp:30(occupancyGridCallback)] [topics: /rosout, /edge_distance] Width: 350, Height: 685, Size: 239750
116.700000000 INFO /updateDistance [/home/wcqw/ac-slam/catkin_ws/src/cpp_solver/src/updateDistance.cpp:32(occupancyGridCallback)] [topics: /rosout, /edge_distance] Map origin x: -7.132, y: -7.334
116.800000000 INFO /updateDistance [/home/wcqw/ac-slam/catkin_ws/src/cpp_solver/src/updateDistance.cpp:87(occupancyGridCallback)] [topics: /rosout, /edge_distance] Free vertices size: 9
116.800000000 INFO /updateDistance [/home/wcqw/ac-slam/catkin_ws/src/cpp_solver/src/updateDistance.cpp:128(occupancyGridCallback)] [topics: /rosout, /edge_distance] 41 edge distance updated
116.800000000 INFO /Navigator [/home/wcqw/ac-slam/catkin_ws/src/cpp_solver/src/MyPlanner.cpp:520(findExplorationTarget)] [topics: /rosout, /cmd, /Navigator/plan, /Navigator/markers, /Navigator/frontiers, /Navigator/frontier_to_vertex, /Navigator/nav_goal, /Navigator/prior_map, /Navigator/visual_tsp_path, /Navigator/tsp_index, /Navigator/path_finder, /Navigator/dist_map, /finished_topic, /request_replan, /Explore/result, /Explore/feedback, /Explore/status, /MoveTo/result, /MoveTo/feedback, /MoveTo/status, /Localize/result, /Localize/feedback, /Localize/status, /GetFirstMap/result, /GetFirstMap/feedback, /GetFirstMap/status] Call local replanning...
116.800000000 INFO /path_planner [path_planner.py:321(PathPlanner.handle_replanning)] [topics: /slam_pose_graph, /clock, /edge_distance, /pose_graph_idx, /rosout] Replanning request. curr_vertex_idx: 4
116.800000000 INFO /path_planner [path_planner.py:322(PathPlanner.handle_replanning)] [topics: /slam_pose_graph, /clock, /edge_distance, /pose_graph_idx, /rosout]                     covered_vertices: ()
116.800000000 INFO /path_planner [path_planner.py:336(PathPlanner.handle_replanning)] [topics: /slam_pose_graph, /clock, /edge_distance, /pose_graph_idx, /rosout] Handle local replanning...
116.800000000 INFO /path_planner [path_planner.py:348(PathPlanner.handle_replanning)] [topics: /slam_pose_graph, /clock, /edge_distance, /pose_graph_idx, /rosout] curr path length: 43, is_loop length: 43
116.800000000 INFO /path_planner [path_planner.py:360(PathPlanner.handle_replanning)] [topics: /slam_pose_graph, /clock, /edge_distance, /pose_graph_idx, /rosout] Send new plan: 8 7 6 5 4  ---> 3 9 15 16 10 11 35 37 20 19 15(L) 19 23 29 30 24 25 31 32 26 27 33 34 28 22 21 38 37(L) 38 36 12 13 14 8(L) 14 18 17 21(L) 
118.000000000 INFO /Mapper [/home/wcqw/ac-slam/catkin_ws/src/navigation_2d/nav2d_karto/src/MultiMapper.cpp:401(receiveLaserScan)] [topics: /rosout, /tf, /karto_out, /map, /others, /slam_path, /Mapper/vertices, /Mapper/closure_edges, /Mapper/odom_edges, /Mapper/colored_edges, /localization_result, /slam_pose_graph, /Mapper/loop_closed] PHASE2C_KEYSCAN_ACCEPTED unique_id=87 state_id=87 sim_time=118.000000
118.000000000 INFO /updateDistance [/home/wcqw/ac-slam/catkin_ws/src/cpp_solver/src/updateDistance.cpp:29(occupancyGridCallback)] [topics: /rosout, /edge_distance] Received an OccupancyGrid message!
118.000000000 INFO /updateDistance [/home/wcqw/ac-slam/catkin_ws/src/cpp_solver/src/updateDistance.cpp:30(occupancyGridCallback)] [topics: /rosout, /edge_distance] Width: 350, Height: 695, Size: 243250
118.000000000 INFO /updateDistance [/home/wcqw/ac-slam/catkin_ws/src/cpp_solver/src/updateDistance.cpp:32(occupancyGridCallback)] [topics: /rosout, /edge_distance] Map origin x: -7.132, y: -7.334
118.000000000 INFO /path_planner [path_planner.py:664(PathPlanner.handle_pose_graph)] [topics: /slam_pose_graph, /clock, /edge_distance, /pose_graph_idx, /rosout] Really visited vertices: 8 6 5 
118.000000000 INFO /updateDistance [/home/wcqw/ac-slam/catkin_ws/src/cpp_solver/src/updateDistance.cpp:87(occupancyGridCallback)] [topics: /rosout, /edge_distance] Free vertices size: 9
118.000000000 INFO /updateDistance [/home/wcqw/ac-slam/catkin_ws/src/cpp_solver/src/updateDistance.cpp:128(occupancyGridCallback)] [topics: /rosout, /edge_distance] 41 edge distance updated
118.000000000 INFO /RVIZ [/tmp/binarydeb/ros-noetic-rviz-1.14.26/src/rviz/default_plugin/map_display.cpp:604(MapDisplay::createSwatches)] [topics: /rosout, /initialpose, /goal, /clicked_point] Creating 1 swatches
122.200000000 INFO /Mapper [/home/wcqw/ac-slam/catkin_ws/src/navigation_2d/nav2d_karto/src/MultiMapper.cpp:401(receiveLaserScan)] [topics: /rosout, /tf, /karto_out, /map, /others, /slam_path, /Mapper/vertices, /Mapper/closure_edges, /Mapper/odom_edges, /Mapper/colored_edges, /localization_result, /slam_pose_graph, /Mapper/loop_closed] PHASE2C_KEYSCAN_ACCEPTED unique_id=88 state_id=88 sim_time=122.200000
122.200000000 INFO /updateDistance [/home/wcqw/ac-slam/catkin_ws/src/cpp_solver/src/updateDistance.cpp:29(occupancyGridCallback)] [topics: /rosout, /edge_distance] Received an OccupancyGrid message!
122.200000000 INFO /updateDistance [/home/wcqw/ac-slam/catkin_ws/src/cpp_solver/src/updateDistance.cpp:30(occupancyGridCallback)] [topics: /rosout, /edge_distance] Width: 350, Height: 704, Size: 246400
122.200000000 INFO /updateDistance [/home/wcqw/ac-slam/catkin_ws/src/cpp_solver/src/updateDistance.cpp:32(occupancyGridCallback)] [topics: /rosout, /edge_distance] Map origin x: -7.132, y: -7.334
122.200000000 WARN /RVIZ [/tmp/binarydeb/ros-noetic-tf2-0.7.10/src/buffer_core.cpp:277()] [topics: /rosout, /initialpose, /goal, /clicked_point] TF_REPEATED_DATA ignoring data with redundant timestamp for frame odom (parent offset) at time 122.200000 according to authority unknown_publisher
122.200000000 WARN /RVIZ [/tmp/binarydeb/ros-noetic-tf2-0.7.10/src/buffer_core.cpp:277()] [topics: /rosout, /initialpose, /goal, /clicked_point] TF_REPEATED_DATA ignoring data with redundant timestamp for frame offset (parent map) at time 122.200000 according to authority unknown_publisher
122.200000000 INFO /RVIZ [/tmp/binarydeb/ros-noetic-rviz-1.14.26/src/rviz/default_plugin/map_display.cpp:604(MapDisplay::createSwatches)] [topics: /rosout, /initialpose, /goal, /clicked_point] Creating 1 swatches
122.200000000 INFO /path_planner [path_planner.py:664(PathPlanner.handle_pose_graph)] [topics: /slam_pose_graph, /clock, /edge_distance, /pose_graph_idx, /rosout] Really visited vertices: 8 6 5 
122.200000000 INFO /updateDistance [/home/wcqw/ac-slam/catkin_ws/src/cpp_solver/src/updateDistance.cpp:87(occupancyGridCallback)] [topics: /rosout, /edge_distance] Free vertices size: 9
122.200000000 INFO /updateDistance [/home/wcqw/ac-slam/catkin_ws/src/cpp_solver/src/updateDistance.cpp:128(occupancyGridCallback)] [topics: /rosout, /edge_distance] 41 edge distance updated
122.700000000 INFO /updateDistance [/home/wcqw/ac-slam/catkin_ws/src/cpp_solver/src/updateDistance.cpp:29(occupancyGridCallback)] [topics: /rosout, /edge_distance] Received an OccupancyGrid message!
122.700000000 INFO /updateDistance [/home/wcqw/ac-slam/catkin_ws/src/cpp_solver/src/updateDistance.cpp:30(occupancyGridCallback)] [topics: /rosout, /edge_distance] Width: 350, Height: 704, Size: 246400
122.700000000 INFO /updateDistance [/home/wcqw/ac-slam/catkin_ws/src/cpp_solver/src/updateDistance.cpp:32(occupancyGridCallback)] [topics: /rosout, /edge_distance] Map origin x: -7.132, y: -7.334
122.800000000 INFO /updateDistance [/home/wcqw/ac-slam/catkin_ws/src/cpp_solver/src/updateDistance.cpp:87(occupancyGridCallback)] [topics: /rosout, /edge_distance] Free vertices size: 9
122.800000000 INFO /updateDistance [/home/wcqw/ac-slam/catkin_ws/src/cpp_solver/src/updateDistance.cpp:128(occupancyGridCallback)] [topics: /rosout, /edge_distance] 41 edge distance updated
122.800000000 INFO /Navigator [/home/wcqw/ac-slam/catkin_ws/src/cpp_solver/src/MyPlanner.cpp:520(findExplorationTarget)] [topics: /rosout, /cmd, /Navigator/plan, /Navigator/markers, /Navigator/frontiers, /Navigator/frontier_to_vertex, /Navigator/nav_goal, /Navigator/prior_map, /Navigator/visual_tsp_path, /Navigator/tsp_index, /Navigator/path_finder, /Navigator/dist_map, /finished_topic, /request_replan, /Explore/result, /Explore/feedback, /Explore/status, /MoveTo/result, /MoveTo/feedback, /MoveTo/status, /Localize/result, /Localize/feedback, /Localize/status, /GetFirstMap/result, /GetFirstMap/feedback, /GetFirstMap/status] Call local replanning...
122.800000000 INFO /path_planner [path_planner.py:321(PathPlanner.handle_replanning)] [topics: /slam_pose_graph, /clock, /edge_distance, /pose_graph_idx, /rosout] Replanning request. curr_vertex_idx: 4
122.800000000 INFO /path_planner [path_planner.py:322(PathPlanner.handle_replanning)] [topics: /slam_pose_graph, /clock, /edge_distance, /pose_graph_idx, /rosout]                     covered_vertices: ()
122.800000000 INFO /path_planner [path_planner.py:336(PathPlanner.handle_replanning)] [topics: /slam_pose_graph, /clock, /edge_distance, /pose_graph_idx, /rosout] Handle local replanning...
122.800000000 INFO /path_planner [path_planner.py:348(PathPlanner.handle_replanning)] [topics: /slam_pose_graph, /clock, /edge_distance, /pose_graph_idx, /rosout] curr path length: 43, is_loop length: 43
122.800000000 INFO /path_planner [path_planner.py:360(PathPlanner.handle_replanning)] [topics: /slam_pose_graph, /clock, /edge_distance, /pose_graph_idx, /rosout] Send new plan: 8 7 6 5 4  ---> 3 9 15 16 10 11 35 37 20 19 15(L) 19 23 29 30 24 25 31 32 26 27 33 34 28 22 21 38 37(L) 38 36 12 13 14 8(L) 14 18 17 21(L) 
124.800000000 INFO /Mapper [/home/wcqw/ac-slam/catkin_ws/src/navigation_2d/nav2d_karto/src/MultiMapper.cpp:401(receiveLaserScan)] [topics: /rosout, /tf, /karto_out, /map, /others, /slam_path, /Mapper/vertices, /Mapper/closure_edges, /Mapper/odom_edges, /Mapper/colored_edges, /localization_result, /slam_pose_graph, /Mapper/loop_closed] PHASE2C_KEYSCAN_ACCEPTED unique_id=89 state_id=89 sim_time=124.800000
124.800000000 INFO /updateDistance [/home/wcqw/ac-slam/catkin_ws/src/cpp_solver/src/updateDistance.cpp:29(occupancyGridCallback)] [topics: /rosout, /edge_distance] Received an OccupancyGrid message!
124.800000000 INFO /updateDistance [/home/wcqw/ac-slam/catkin_ws/src/cpp_solver/src/updateDistance.cpp:30(occupancyGridCallback)] [topics: /rosout, /edge_distance] Width: 350, Height: 709, Size: 248150
124.800000000 INFO /updateDistance [/home/wcqw/ac-slam/catkin_ws/src/cpp_solver/src/updateDistance.cpp:32(occupancyGridCallback)] [topics: /rosout, /edge_distance] Map origin x: -7.132, y: -7.334
124.800000000 INFO /path_planner [path_planner.py:664(PathPlanner.handle_pose_graph)] [topics: /slam_pose_graph, /clock, /edge_distance, /pose_graph_idx, /rosout] Really visited vertices: 8 6 5 
124.800000000 INFO /updateDistance [/home/wcqw/ac-slam/catkin_ws/src/cpp_solver/src/updateDistance.cpp:87(occupancyGridCallback)] [topics: /rosout, /edge_distance] Free vertices size: 9
124.800000000 INFO /updateDistance [/home/wcqw/ac-slam/catkin_ws/src/cpp_solver/src/updateDistance.cpp:128(occupancyGridCallback)] [topics: /rosout, /edge_distance] 41 edge distance updated
124.800000000 INFO /RVIZ [/tmp/binarydeb/ros-noetic-rviz-1.14.26/src/rviz/default_plugin/map_display.cpp:604(MapDisplay::createSwatches)] [topics: /rosout, /initialpose, /goal, /clicked_point] Creating 1 swatches
126.200000000 INFO /Mapper [/home/wcqw/ac-slam/catkin_ws/src/navigation_2d/nav2d_karto/src/MultiMapper.cpp:401(receiveLaserScan)] [topics: /rosout, /tf, /karto_out, /map, /others, /slam_path, /Mapper/vertices, /Mapper/closure_edges, /Mapper/odom_edges, /Mapper/colored_edges, /localization_result, /slam_pose_graph, /Mapper/loop_closed] PHASE2C_KEYSCAN_ACCEPTED unique_id=90 state_id=90 sim_time=126.200000
126.200000000 INFO /updateDistance [/home/wcqw/ac-slam/catkin_ws/src/cpp_solver/src/updateDistance.cpp:29(occupancyGridCallback)] [topics: /rosout, /edge_distance] Received an OccupancyGrid message!
126.200000000 INFO /updateDistance [/home/wcqw/ac-slam/catkin_ws/src/cpp_solver/src/updateDistance.cpp:30(occupancyGridCallback)] [topics: /rosout, /edge_distance] Width: 350, Height: 709, Size: 248150
126.200000000 INFO /updateDistance [/home/wcqw/ac-slam/catkin_ws/src/cpp_solver/src/updateDistance.cpp:32(occupancyGridCallback)] [topics: /rosout, /edge_distance] Map origin x: -7.132, y: -7.334
126.200000000 INFO /path_planner [path_planner.py:664(PathPlanner.handle_pose_graph)] [topics: /slam_pose_graph, /clock, /edge_distance, /pose_graph_idx, /rosout] Really visited vertices: 8 6 5 
126.200000000 INFO /updateDistance [/home/wcqw/ac-slam/catkin_ws/src/cpp_solver/src/updateDistance.cpp:87(occupancyGridCallback)] [topics: /rosout, /edge_distance] Free vertices size: 10
126.200000000 INFO /updateDistance [/home/wcqw/ac-slam/catkin_ws/src/cpp_solver/src/updateDistance.cpp:128(occupancyGridCallback)] [topics: /rosout, /edge_distance] 49 edge distance updated
127.600000000 INFO /Mapper [/home/wcqw/ac-slam/catkin_ws/src/navigation_2d/nav2d_karto/src/MultiMapper.cpp:401(receiveLaserScan)] [topics: /rosout, /tf, /karto_out, /map, /others, /slam_path, /Mapper/vertices, /Mapper/closure_edges, /Mapper/odom_edges, /Mapper/colored_edges, /localization_result, /slam_pose_graph, /Mapper/loop_closed] PHASE2C_KEYSCAN_ACCEPTED unique_id=91 state_id=91 sim_time=127.500000
127.600000000 INFO /updateDistance [/home/wcqw/ac-slam/catkin_ws/src/cpp_solver/src/updateDistance.cpp:29(occupancyGridCallback)] [topics: /rosout, /edge_distance] Received an OccupancyGrid message!
127.600000000 INFO /updateDistance [/home/wcqw/ac-slam/catkin_ws/src/cpp_solver/src/updateDistance.cpp:30(occupancyGridCallback)] [topics: /rosout, /edge_distance] Width: 350, Height: 709, Size: 248150
127.600000000 INFO /updateDistance [/home/wcqw/ac-slam/catkin_ws/src/cpp_solver/src/updateDistance.cpp:32(occupancyGridCallback)] [topics: /rosout, /edge_distance] Map origin x: -7.137, y: -7.334
127.600000000 WARN /RVIZ [/tmp/binarydeb/ros-noetic-tf2-0.7.10/src/buffer_core.cpp:277()] [topics: /rosout, /initialpose, /goal, /clicked_point] TF_REPEATED_DATA ignoring data with redundant timestamp for frame odom (parent offset) at time 127.600000 according to authority unknown_publisher
127.600000000 WARN /RVIZ [/tmp/binarydeb/ros-noetic-tf2-0.7.10/src/buffer_core.cpp:277()] [topics: /rosout, /initialpose, /goal, /clicked_point] TF_REPEATED_DATA ignoring data with redundant timestamp for frame offset (parent map) at time 127.600000 according to authority unknown_publisher
127.600000000 INFO /path_planner [path_planner.py:664(PathPlanner.handle_pose_graph)] [topics: /slam_pose_graph, /clock, /edge_distance, /pose_graph_idx, /rosout] Really visited vertices: 8 6 5 
127.600000000 INFO /updateDistance [/home/wcqw/ac-slam/catkin_ws/src/cpp_solver/src/updateDistance.cpp:87(occupancyGridCallback)] [topics: /rosout, /edge_distance] Free vertices size: 10
127.600000000 INFO /updateDistance [/home/wcqw/ac-slam/catkin_ws/src/cpp_solver/src/updateDistance.cpp:128(occupancyGridCallback)] [topics: /rosout, /edge_distance] 49 edge distance updated
128.800000000 INFO /updateDistance [/home/wcqw/ac-slam/catkin_ws/src/cpp_solver/src/updateDistance.cpp:29(occupancyGridCallback)] [topics: /rosout, /edge_distance] Received an OccupancyGrid message!
128.800000000 INFO /updateDistance [/home/wcqw/ac-slam/catkin_ws/src/cpp_solver/src/updateDistance.cpp:30(occupancyGridCallback)] [topics: /rosout, /edge_distance] Width: 350, Height: 709, Size: 248150
128.800000000 INFO /updateDistance [/home/wcqw/ac-slam/catkin_ws/src/cpp_solver/src/updateDistance.cpp:32(occupancyGridCallback)] [topics: /rosout, /edge_distance] Map origin x: -7.137, y: -7.334
128.800000000 INFO /updateDistance [/home/wcqw/ac-slam/catkin_ws/src/cpp_solver/src/updateDistance.cpp:87(occupancyGridCallback)] [topics: /rosout, /edge_distance] Free vertices size: 10
128.800000000 INFO /updateDistance [/home/wcqw/ac-slam/catkin_ws/src/cpp_solver/src/updateDistance.cpp:128(occupancyGridCallback)] [topics: /rosout, /edge_distance] 49 edge distance updated
128.800000000 INFO /Mapper [/home/wcqw/ac-slam/catkin_ws/src/navigation_2d/nav2d_karto/src/MultiMapper.cpp:401(receiveLaserScan)] [topics: /rosout, /tf, /karto_out, /map, /others, /slam_path, /Mapper/vertices, /Mapper/closure_edges, /Mapper/odom_edges, /Mapper/colored_edges, /localization_result, /slam_pose_graph, /Mapper/loop_closed] PHASE2C_KEYSCAN_ACCEPTED unique_id=92 state_id=92 sim_time=128.700000
128.800000000 INFO /Navigator [/home/wcqw/ac-slam/catkin_ws/src/cpp_solver/src/MyPlanner.cpp:520(findExplorationTarget)] [topics: /rosout, /cmd, /Navigator/plan, /Navigator/markers, /Navigator/frontiers, /Navigator/frontier_to_vertex, /Navigator/nav_goal, /Navigator/prior_map, /Navigator/visual_tsp_path, /Navigator/tsp_index, /Navigator/path_finder, /Navigator/dist_map, /finished_topic, /request_replan, /Explore/result, /Explore/feedback, /Explore/status, /MoveTo/result, /MoveTo/feedback, /MoveTo/status, /Localize/result, /Localize/feedback, /Localize/status, /GetFirstMap/result, /GetFirstMap/feedback, /GetFirstMap/status] Call local replanning...
128.800000000 INFO /path_planner [path_planner.py:321(PathPlanner.handle_replanning)] [topics: /slam_pose_graph, /clock, /edge_distance, /pose_graph_idx, /rosout] Replanning request. curr_vertex_idx: 4
128.800000000 INFO /path_planner [path_planner.py:322(PathPlanner.handle_replanning)] [topics: /slam_pose_graph, /clock, /edge_distance, /pose_graph_idx, /rosout]                     covered_vertices: ()
128.800000000 INFO /path_planner [path_planner.py:336(PathPlanner.handle_replanning)] [topics: /slam_pose_graph, /clock, /edge_distance, /pose_graph_idx, /rosout] Handle local replanning...
128.800000000 INFO /path_planner [path_planner.py:348(PathPlanner.handle_replanning)] [topics: /slam_pose_graph, /clock, /edge_distance, /pose_graph_idx, /rosout] curr path length: 43, is_loop length: 43
128.800000000 INFO /path_planner [path_planner.py:360(PathPlanner.handle_replanning)] [topics: /slam_pose_graph, /clock, /edge_distance, /pose_graph_idx, /rosout] Send new plan: 8 7 6 5 4  ---> 3 9 15 16 10 11 35 37 20 19 15(L) 19 23 29 30 24 25 31 32 26 27 33 34 28 22 21 38 37(L) 38 36 12 13 14 8(L) 14 18 17 21(L) 
128.800000000 INFO /Navigator [/home/wcqw/ac-slam/catkin_ws/src/cpp_solver/src/MyPlanner.cpp:548(findExplorationTarget)] [topics: /rosout, /cmd, /Navigator/plan, /Navigator/markers, /Navigator/frontiers, /Navigator/frontier_to_vertex, /Navigator/nav_goal, /Navigator/prior_map, /Navigator/visual_tsp_path, /Navigator/tsp_index, /Navigator/path_finder, /Navigator/dist_map, /finished_topic, /request_replan, /Explore/result, /Explore/feedback, /Explore/status, /MoveTo/result, /MoveTo/feedback, /MoveTo/status, /Localize/result, /Localize/feedback, /Localize/status, /GetFirstMap/result, /GetFirstMap/feedback, /GetFirstMap/status] Reach vertex 4
128.800000000 INFO /Navigator [/home/wcqw/ac-slam/catkin_ws/src/cpp_solver/src/MyPlanner.cpp:652(findExplorationTarget)] [topics: /rosout, /cmd, /Navigator/plan, /Navigator/markers, /Navigator/frontiers, /Navigator/frontier_to_vertex, /Navigator/nav_goal, /Navigator/prior_map, /Navigator/visual_tsp_path, /Navigator/tsp_index, /Navigator/path_finder, /Navigator/dist_map, /finished_topic, /request_replan, /Explore/result, /Explore/feedback, /Explore/status, /MoveTo/result, /MoveTo/feedback, /MoveTo/status, /Localize/result, /Localize/feedback, /Localize/status, /GetFirstMap/result, /GetFirstMap/feedback, /GetFirstMap/status] Explore Goal 4 's frontiers...
130.000000000 INFO /Mapper [/home/wcqw/ac-slam/catkin_ws/src/navigation_2d/nav2d_karto/src/MultiMapper.cpp:401(receiveLaserScan)] [topics: /rosout, /tf, /karto_out, /map, /others, /slam_path, /Mapper/vertices, /Mapper/closure_edges, /Mapper/odom_edges, /Mapper/colored_edges, /localization_result, /slam_pose_graph, /Mapper/loop_closed] PHASE2C_KEYSCAN_ACCEPTED unique_id=93 state_id=93 sim_time=129.900000
130.000000000 INFO /updateDistance [/home/wcqw/ac-slam/catkin_ws/src/cpp_solver/src/updateDistance.cpp:29(occupancyGridCallback)] [topics: /rosout, /edge_distance] Received an OccupancyGrid message!
130.000000000 INFO /updateDistance [/home/wcqw/ac-slam/catkin_ws/src/cpp_solver/src/updateDistance.cpp:30(occupancyGridCallback)] [topics: /rosout, /edge_distance] Width: 350, Height: 709, Size: 248150
130.000000000 INFO /updateDistance [/home/wcqw/ac-slam/catkin_ws/src/cpp_solver/src/updateDistance.cpp:32(occupancyGridCallback)] [topics: /rosout, /edge_distance] Map origin x: -7.137, y: -7.334
130.000000000 INFO /path_planner [path_planner.py:664(PathPlanner.handle_pose_graph)] [topics: /slam_pose_graph, /clock, /edge_distance, /pose_graph_idx, /rosout] Really visited vertices: 8 6 5 
130.000000000 INFO /updateDistance [/home/wcqw/ac-slam/catkin_ws/src/cpp_solver/src/updateDistance.cpp:87(occupancyGridCallback)] [topics: /rosout, /edge_distance] Free vertices size: 10
130.000000000 INFO /updateDistance [/home/wcqw/ac-slam/catkin_ws/src/cpp_solver/src/updateDistance.cpp:128(occupancyGridCallback)] [topics: /rosout, /edge_distance] 49 edge distance updated
130.600000000 INFO /Mapper [/home/wcqw/ac-slam/catkin_ws/src/navigation_2d/nav2d_karto/src/MultiMapper.cpp:401(receiveLaserScan)] [topics: /rosout, /tf, /karto_out, /map, /others, /slam_path, /Mapper/vertices, /Mapper/closure_edges, /Mapper/odom_edges, /Mapper/colored_edges, /localization_result, /slam_pose_graph, /Mapper/loop_closed] PHASE2C_KEYSCAN_ACCEPTED unique_id=94 state_id=94 sim_time=130.600000
131.400000000 INFO /Mapper [/home/wcqw/ac-slam/catkin_ws/src/navigation_2d/nav2d_karto/src/MultiMapper.cpp:401(receiveLaserScan)] [topics: /rosout, /tf, /karto_out, /map, /others, /slam_path, /Mapper/vertices, /Mapper/closure_edges, /Mapper/odom_edges, /Mapper/colored_edges, /localization_result, /slam_pose_graph, /Mapper/loop_closed] PHASE2C_KEYSCAN_ACCEPTED unique_id=95 state_id=95 sim_time=131.400000
131.400000000 INFO /updateDistance [/home/wcqw/ac-slam/catkin_ws/src/cpp_solver/src/updateDistance.cpp:29(occupancyGridCallback)] [topics: /rosout, /edge_distance] Received an OccupancyGrid message!
131.400000000 INFO /updateDistance [/home/wcqw/ac-slam/catkin_ws/src/cpp_solver/src/updateDistance.cpp:30(occupancyGridCallback)] [topics: /rosout, /edge_distance] Width: 350, Height: 709, Size: 248150
131.400000000 INFO /updateDistance [/home/wcqw/ac-slam/catkin_ws/src/cpp_solver/src/updateDistance.cpp:32(occupancyGridCallback)] [topics: /rosout, /edge_distance] Map origin x: -7.137, y: -7.334
131.400000000 INFO /path_planner [path_planner.py:664(PathPlanner.handle_pose_graph)] [topics: /slam_pose_graph, /clock, /edge_distance, /pose_graph_idx, /rosout] Really visited vertices: 8 6 5 
131.400000000 INFO /updateDistance [/home/wcqw/ac-slam/catkin_ws/src/cpp_solver/src/updateDistance.cpp:87(occupancyGridCallback)] [topics: /rosout, /edge_distance] Free vertices size: 10
131.400000000 INFO /updateDistance [/home/wcqw/ac-slam/catkin_ws/src/cpp_solver/src/updateDistance.cpp:128(occupancyGridCallback)] [topics: /rosout, /edge_distance] 49 edge distance updated
131.800000000 INFO /updateDistance [/home/wcqw/ac-slam/catkin_ws/src/cpp_solver/src/updateDistance.cpp:29(occupancyGridCallback)] [topics: /rosout, /edge_distance] Received an OccupancyGrid message!
131.800000000 INFO /updateDistance [/home/wcqw/ac-slam/catkin_ws/src/cpp_solver/src/updateDistance.cpp:30(occupancyGridCallback)] [topics: /rosout, /edge_distance] Width: 350, Height: 709, Size: 248150
131.800000000 INFO /updateDistance [/home/wcqw/ac-slam/catkin_ws/src/cpp_solver/src/updateDistance.cpp:32(occupancyGridCallback)] [topics: /rosout, /edge_distance] Map origin x: -7.137, y: -7.334
131.800000000 INFO /updateDistance [/home/wcqw/ac-slam/catkin_ws/src/cpp_solver/src/updateDistance.cpp:87(occupancyGridCallback)] [topics: /rosout, /edge_distance] Free vertices size: 10
131.800000000 INFO /updateDistance [/home/wcqw/ac-slam/catkin_ws/src/cpp_solver/src/updateDistance.cpp:128(occupancyGridCallback)] [topics: /rosout, /edge_distance] 49 edge distance updated
131.800000000 INFO /Navigator [/home/wcqw/ac-slam/catkin_ws/src/cpp_solver/src/MyPlanner.cpp:520(findExplorationTarget)] [topics: /rosout, /cmd, /Navigator/plan, /Navigator/markers, /Navigator/frontiers, /Navigator/frontier_to_vertex, /Navigator/nav_goal, /Navigator/prior_map, /Navigator/visual_tsp_path, /Navigator/tsp_index, /Navigator/path_finder, /Navigator/dist_map, /finished_topic, /request_replan, /Explore/result, /Explore/feedback, /Explore/status, /MoveTo/result, /MoveTo/feedback, /MoveTo/status, /Localize/result, /Localize/feedback, /Localize/status, /GetFirstMap/result, /GetFirstMap/feedback, /GetFirstMap/status] Call local replanning...
131.800000000 INFO /path_planner [path_planner.py:321(PathPlanner.handle_replanning)] [topics: /slam_pose_graph, /clock, /edge_distance, /pose_graph_idx, /rosout] Replanning request. curr_vertex_idx: 4
131.800000000 INFO /path_planner [path_planner.py:322(PathPlanner.handle_replanning)] [topics: /slam_pose_graph, /clock, /edge_distance, /pose_graph_idx, /rosout]                     covered_vertices: ()
131.800000000 INFO /path_planner [path_planner.py:336(PathPlanner.handle_replanning)] [topics: /slam_pose_graph, /clock, /edge_distance, /pose_graph_idx, /rosout] Handle local replanning...
131.800000000 INFO /path_planner [path_planner.py:348(PathPlanner.handle_replanning)] [topics: /slam_pose_graph, /clock, /edge_distance, /pose_graph_idx, /rosout] curr path length: 43, is_loop length: 43
131.800000000 INFO /path_planner [path_planner.py:360(PathPlanner.handle_replanning)] [topics: /slam_pose_graph, /clock, /edge_distance, /pose_graph_idx, /rosout] Send new plan: 8 7 6 5 4  ---> 3 9 15 16 10 11 35 37 20 19 15(L) 19 23 29 30 24 25 31 32 26 27 33 34 28 22 21 38 37(L) 38 36 12 13 14 8(L) 14 18 17 21(L) 
131.800000000 WARN /Navigator [/home/wcqw/ac-slam/catkin_ws/src/cpp_solver/src/MyPlanner.cpp:609(findExplorationTarget)] [topics: /rosout, /cmd, /Navigator/plan, /Navigator/markers, /Navigator/frontiers, /Navigator/frontier_to_vertex, /Navigator/nav_goal, /Navigator/prior_map, /Navigator/visual_tsp_path, /Navigator/tsp_index, /Navigator/path_finder, /Navigator/dist_map, /finished_topic, /request_replan, /Explore/result, /Explore/feedback, /Explore/status, /MoveTo/result, /MoveTo/feedback, /MoveTo/status, /Localize/result, /Localize/feedback, /Localize/status, /GetFirstMap/result, /GetFirstMap/feedback, /GetFirstMap/status] No frontier at vertex 4. #Frontier: 0
131.800000000 INFO /Navigator [/home/wcqw/ac-slam/catkin_ws/src/cpp_solver/src/MyPlanner.cpp:318(getUsefulGoalIndex)] [topics: /rosout, /cmd, /Navigator/plan, /Navigator/markers, /Navigator/frontiers, /Navigator/frontier_to_vertex, /Navigator/nav_goal, /Navigator/prior_map, /Navigator/visual_tsp_path, /Navigator/tsp_index, /Navigator/path_finder, /Navigator/dist_map, /finished_topic, /request_replan, /Explore/result, /Explore/feedback, /Explore/status, /MoveTo/result, /MoveTo/feedback, /MoveTo/status, /Localize/result, /Localize/feedback, /Localize/status, /GetFirstMap/result, /GetFirstMap/feedback, /GetFirstMap/status] Set newGoal 3
132.200000000 INFO /Mapper [/home/wcqw/ac-slam/catkin_ws/src/navigation_2d/nav2d_karto/src/MultiMapper.cpp:401(receiveLaserScan)] [topics: /rosout, /tf, /karto_out, /map, /others, /slam_path, /Mapper/vertices, /Mapper/closure_edges, /Mapper/odom_edges, /Mapper/colored_edges, /localization_result, /slam_pose_graph, /Mapper/loop_closed] PHASE2C_KEYSCAN_ACCEPTED unique_id=96 state_id=96 sim_time=132.100000
132.400000000 WARN /RVIZ [/tmp/binarydeb/ros-noetic-tf2-0.7.10/src/buffer_core.cpp:277()] [topics: /rosout, /initialpose, /goal, /clicked_point] TF_REPEATED_DATA ignoring data with redundant timestamp for frame odom (parent offset) at time 132.400000 according to authority unknown_publisher
132.400000000 WARN /RVIZ [/tmp/binarydeb/ros-noetic-tf2-0.7.10/src/buffer_core.cpp:277()] [topics: /rosout, /initialpose, /goal, /clicked_point] TF_REPEATED_DATA ignoring data with redundant timestamp for frame offset (parent map) at time 132.400000 according to authority unknown_publisher
132.800000000 INFO /Mapper [/home/wcqw/ac-slam/catkin_ws/src/navigation_2d/nav2d_karto/src/MultiMapper.cpp:401(receiveLaserScan)] [topics: /rosout, /tf, /karto_out, /map, /others, /slam_path, /Mapper/vertices, /Mapper/closure_edges, /Mapper/odom_edges, /Mapper/colored_edges, /localization_result, /slam_pose_graph, /Mapper/loop_closed] PHASE2C_KEYSCAN_ACCEPTED unique_id=97 state_id=97 sim_time=132.700000
132.800000000 INFO /updateDistance [/home/wcqw/ac-slam/catkin_ws/src/cpp_solver/src/updateDistance.cpp:29(occupancyGridCallback)] [topics: /rosout, /edge_distance] Received an OccupancyGrid message!
132.800000000 INFO /updateDistance [/home/wcqw/ac-slam/catkin_ws/src/cpp_solver/src/updateDistance.cpp:30(occupancyGridCallback)] [topics: /rosout, /edge_distance] Width: 350, Height: 709, Size: 248150
132.800000000 INFO /updateDistance [/home/wcqw/ac-slam/catkin_ws/src/cpp_solver/src/updateDistance.cpp:32(occupancyGridCallback)] [topics: /rosout, /edge_distance] Map origin x: -7.137, y: -7.334
132.800000000 INFO /path_planner [path_planner.py:664(PathPlanner.handle_pose_graph)] [topics: /slam_pose_graph, /clock, /edge_distance, /pose_graph_idx, /rosout] Really visited vertices: 8 6 5 
132.800000000 INFO /updateDistance [/home/wcqw/ac-slam/catkin_ws/src/cpp_solver/src/updateDistance.cpp:87(occupancyGridCallback)] [topics: /rosout, /edge_distance] Free vertices size: 10
132.800000000 INFO /updateDistance [/home/wcqw/ac-slam/catkin_ws/src/cpp_solver/src/updateDistance.cpp:128(occupancyGridCallback)] [topics: /rosout, /edge_distance] 49 edge distance updated
133.400000000 INFO /Mapper [/home/wcqw/ac-slam/catkin_ws/src/navigation_2d/nav2d_karto/src/MultiMapper.cpp:401(receiveLaserScan)] [topics: /rosout, /tf, /karto_out, /map, /others, /slam_path, /Mapper/vertices, /Mapper/closure_edges, /Mapper/odom_edges, /Mapper/colored_edges, /localization_result, /slam_pose_graph, /Mapper/loop_closed] PHASE2C_KEYSCAN_ACCEPTED unique_id=98 state_id=98 sim_time=133.400000
133.800000000 WARN /RVIZ [/tmp/binarydeb/ros-noetic-tf2-0.7.10/src/buffer_core.cpp:277()] [topics: /rosout, /initialpose, /goal, /clicked_point] TF_REPEATED_DATA ignoring data with redundant timestamp for frame odom (parent offset) at time 133.800000 according to authority unknown_publisher
133.800000000 WARN /RVIZ [/tmp/binarydeb/ros-noetic-tf2-0.7.10/src/buffer_core.cpp:277()] [topics: /rosout, /initialpose, /goal, /clicked_point] TF_REPEATED_DATA ignoring data with redundant timestamp for frame offset (parent map) at time 133.800000 according to authority unknown_publisher
134.000000000 INFO /Mapper [/home/wcqw/ac-slam/catkin_ws/src/navigation_2d/nav2d_karto/src/MultiMapper.cpp:401(receiveLaserScan)] [topics: /rosout, /tf, /karto_out, /map, /others, /slam_path, /Mapper/vertices, /Mapper/closure_edges, /Mapper/odom_edges, /Mapper/colored_edges, /localization_result, /slam_pose_graph, /Mapper/loop_closed] PHASE2C_KEYSCAN_ACCEPTED unique_id=99 state_id=99 sim_time=134.000000
134.000000000 INFO /updateDistance [/home/wcqw/ac-slam/catkin_ws/src/cpp_solver/src/updateDistance.cpp:29(occupancyGridCallback)] [topics: /rosout, /edge_distance] Received an OccupancyGrid message!
134.000000000 INFO /updateDistance [/home/wcqw/ac-slam/catkin_ws/src/cpp_solver/src/updateDistance.cpp:30(occupancyGridCallback)] [topics: /rosout, /edge_distance] Width: 350, Height: 709, Size: 248150
134.000000000 INFO /updateDistance [/home/wcqw/ac-slam/catkin_ws/src/cpp_solver/src/updateDistance.cpp:32(occupancyGridCallback)] [topics: /rosout, /edge_distance] Map origin x: -7.137, y: -7.334
134.000000000 INFO /path_planner [path_planner.py:664(PathPlanner.handle_pose_graph)] [topics: /slam_pose_graph, /clock, /edge_distance, /pose_graph_idx, /rosout] Really visited vertices: 8 6 5 
134.000000000 INFO /updateDistance [/home/wcqw/ac-slam/catkin_ws/src/cpp_solver/src/updateDistance.cpp:87(occupancyGridCallback)] [topics: /rosout, /edge_distance] Free vertices size: 10
134.000000000 INFO /updateDistance [/home/wcqw/ac-slam/catkin_ws/src/cpp_solver/src/updateDistance.cpp:128(occupancyGridCallback)] [topics: /rosout, /edge_distance] 49 edge distance updated
134.600000000 INFO /Mapper [/home/wcqw/ac-slam/catkin_ws/src/navigation_2d/nav2d_karto/src/MultiMapper.cpp:401(receiveLaserScan)] [topics: /rosout, /tf, /karto_out, /map, /others, /slam_path, /Mapper/vertices, /Mapper/closure_edges, /Mapper/odom_edges, /Mapper/colored_edges, /localization_result, /slam_pose_graph, /Mapper/loop_closed] PHASE2C_KEYSCAN_ACCEPTED unique_id=100 state_id=100 sim_time=134.500000
135.600000000 INFO /Mapper [/home/wcqw/ac-slam/catkin_ws/src/navigation_2d/nav2d_karto/src/MultiMapper.cpp:401(receiveLaserScan)] [topics: /rosout, /tf, /karto_out, /map, /others, /slam_path, /Mapper/vertices, /Mapper/closure_edges, /Mapper/odom_edges, /Mapper/colored_edges, /localization_result, /slam_pose_graph, /Mapper/loop_closed] PHASE2C_KEYSCAN_ACCEPTED unique_id=101 state_id=101 sim_time=135.500000
135.600000000 INFO /updateDistance [/home/wcqw/ac-slam/catkin_ws/src/cpp_solver/src/updateDistance.cpp:29(occupancyGridCallback)] [topics: /rosout, /edge_distance] Received an OccupancyGrid message!
135.600000000 INFO /updateDistance [/home/wcqw/ac-slam/catkin_ws/src/cpp_solver/src/updateDistance.cpp:30(occupancyGridCallback)] [topics: /rosout, /edge_distance] Width: 350, Height: 709, Size: 248150
135.600000000 INFO /updateDistance [/home/wcqw/ac-slam/catkin_ws/src/cpp_solver/src/updateDistance.cpp:32(occupancyGridCallback)] [topics: /rosout, /edge_distance] Map origin x: -7.137, y: -7.334
135.600000000 INFO /path_planner [path_planner.py:664(PathPlanner.handle_pose_graph)] [topics: /slam_pose_graph, /clock, /edge_distance, /pose_graph_idx, /rosout] Really visited vertices: 8 6 5 
135.600000000 INFO /updateDistance [/home/wcqw/ac-slam/catkin_ws/src/cpp_solver/src/updateDistance.cpp:87(occupancyGridCallback)] [topics: /rosout, /edge_distance] Free vertices size: 10
135.600000000 INFO /updateDistance [/home/wcqw/ac-slam/catkin_ws/src/cpp_solver/src/updateDistance.cpp:128(occupancyGridCallback)] [topics: /rosout, /edge_distance] 49 edge distance updated
136.000000000 WARN /RVIZ [/tmp/binarydeb/ros-noetic-tf2-0.7.10/src/buffer_core.cpp:277()] [topics: /rosout, /initialpose, /goal, /clicked_point] TF_REPEATED_DATA ignoring data with redundant timestamp for frame odom (parent offset) at time 136.000000 according to authority unknown_publisher
136.000000000 WARN /RVIZ [/tmp/binarydeb/ros-noetic-tf2-0.7.10/src/buffer_core.cpp:277()] [topics: /rosout, /initialpose, /goal, /clicked_point] TF_REPEATED_DATA ignoring data with redundant timestamp for frame offset (parent map) at time 136.000000 according to authority unknown_publisher
137.000000000 INFO /Mapper [/home/wcqw/ac-slam/catkin_ws/src/navigation_2d/nav2d_karto/src/MultiMapper.cpp:401(receiveLaserScan)] [topics: /rosout, /tf, /karto_out, /map, /others, /slam_path, /Mapper/vertices, /Mapper/closure_edges, /Mapper/odom_edges, /Mapper/colored_edges, /localization_result, /slam_pose_graph, /Mapper/loop_closed] PHASE2C_KEYSCAN_ACCEPTED unique_id=102 state_id=102 sim_time=136.900000
137.000000000 INFO /updateDistance [/home/wcqw/ac-slam/catkin_ws/src/cpp_solver/src/updateDistance.cpp:29(occupancyGridCallback)] [topics: /rosout, /edge_distance] Received an OccupancyGrid message!
137.000000000 INFO /updateDistance [/home/wcqw/ac-slam/catkin_ws/src/cpp_solver/src/updateDistance.cpp:30(occupancyGridCallback)] [topics: /rosout, /edge_distance] Width: 350, Height: 709, Size: 248150
137.000000000 INFO /updateDistance [/home/wcqw/ac-slam/catkin_ws/src/cpp_solver/src/updateDistance.cpp:32(occupancyGridCallback)] [topics: /rosout, /edge_distance] Map origin x: -7.137, y: -7.334
137.000000000 INFO /path_planner [path_planner.py:664(PathPlanner.handle_pose_graph)] [topics: /slam_pose_graph, /clock, /edge_distance, /pose_graph_idx, /rosout] Really visited vertices: 8 6 5 
137.000000000 INFO /updateDistance [/home/wcqw/ac-slam/catkin_ws/src/cpp_solver/src/updateDistance.cpp:87(occupancyGridCallback)] [topics: /rosout, /edge_distance] Free vertices size: 10
137.000000000 INFO /updateDistance [/home/wcqw/ac-slam/catkin_ws/src/cpp_solver/src/updateDistance.cpp:128(occupancyGridCallback)] [topics: /rosout, /edge_distance] 49 edge distance updated
137.200000000 WARN /RVIZ [/tmp/binarydeb/ros-noetic-tf2-0.7.10/src/buffer_core.cpp:277()] [topics: /rosout, /initialpose, /goal, /clicked_point] TF_REPEATED_DATA ignoring data with redundant timestamp for frame odom (parent offset) at time 137.200000 according to authority unknown_publisher
137.200000000 WARN /RVIZ [/tmp/binarydeb/ros-noetic-tf2-0.7.10/src/buffer_core.cpp:277()] [topics: /rosout, /initialpose, /goal, /clicked_point] TF_REPEATED_DATA ignoring data with redundant timestamp for frame offset (parent map) at time 137.200000 according to authority unknown_publisher
137.700000000 INFO /updateDistance [/home/wcqw/ac-slam/catkin_ws/src/cpp_solver/src/updateDistance.cpp:29(occupancyGridCallback)] [topics: /rosout, /edge_distance] Received an OccupancyGrid message!
137.800000000 INFO /updateDistance [/home/wcqw/ac-slam/catkin_ws/src/cpp_solver/src/updateDistance.cpp:30(occupancyGridCallback)] [topics: /rosout, /edge_distance] Width: 350, Height: 709, Size: 248150
137.800000000 INFO /updateDistance [/home/wcqw/ac-slam/catkin_ws/src/cpp_solver/src/updateDistance.cpp:32(occupancyGridCallback)] [topics: /rosout, /edge_distance] Map origin x: -7.137, y: -7.334
137.800000000 INFO /updateDistance [/home/wcqw/ac-slam/catkin_ws/src/cpp_solver/src/updateDistance.cpp:87(occupancyGridCallback)] [topics: /rosout, /edge_distance] Free vertices size: 10
137.800000000 INFO /updateDistance [/home/wcqw/ac-slam/catkin_ws/src/cpp_solver/src/updateDistance.cpp:128(occupancyGridCallback)] [topics: /rosout, /edge_distance] 49 edge distance updated
137.800000000 INFO /Navigator [/home/wcqw/ac-slam/catkin_ws/src/cpp_solver/src/MyPlanner.cpp:520(findExplorationTarget)] [topics: /rosout, /cmd, /Navigator/plan, /Navigator/markers, /Navigator/frontiers, /Navigator/frontier_to_vertex, /Navigator/nav_goal, /Navigator/prior_map, /Navigator/visual_tsp_path, /Navigator/tsp_index, /Navigator/path_finder, /Navigator/dist_map, /finished_topic, /request_replan, /Explore/result, /Explore/feedback, /Explore/status, /MoveTo/result, /MoveTo/feedback, /MoveTo/status, /Localize/result, /Localize/feedback, /Localize/status, /GetFirstMap/result, /GetFirstMap/feedback, /GetFirstMap/status] Call local replanning...
137.800000000 INFO /path_planner [path_planner.py:321(PathPlanner.handle_replanning)] [topics: /slam_pose_graph, /clock, /edge_distance, /pose_graph_idx, /rosout] Replanning request. curr_vertex_idx: 5
137.800000000 INFO /path_planner [path_planner.py:322(PathPlanner.handle_replanning)] [topics: /slam_pose_graph, /clock, /edge_distance, /pose_graph_idx, /rosout]                     covered_vertices: ()
137.800000000 INFO /path_planner [path_planner.py:336(PathPlanner.handle_replanning)] [topics: /slam_pose_graph, /clock, /edge_distance, /pose_graph_idx, /rosout] Handle local replanning...
137.800000000 INFO /path_planner [path_planner.py:348(PathPlanner.handle_replanning)] [topics: /slam_pose_graph, /clock, /edge_distance, /pose_graph_idx, /rosout] curr path length: 43, is_loop length: 43
137.800000000 INFO /path_planner [path_planner.py:360(PathPlanner.handle_replanning)] [topics: /slam_pose_graph, /clock, /edge_distance, /pose_graph_idx, /rosout] Send new plan: 8 7 6 5 4 3  ---> 9 15 16 10 11 35 37 20 19 15(L) 19 23 29 30 24 25 31 32 26 27 33 34 28 22 21 38 37(L) 38 36 12 13 14 8(L) 14 18 17 21(L) 
138.200000000 INFO /Mapper [/home/wcqw/ac-slam/catkin_ws/src/navigation_2d/nav2d_karto/src/MultiMapper.cpp:401(receiveLaserScan)] [topics: /rosout, /tf, /karto_out, /map, /others, /slam_path, /Mapper/vertices, /Mapper/closure_edges, /Mapper/odom_edges, /Mapper/colored_edges, /localization_result, /slam_pose_graph, /Mapper/loop_closed] PHASE2C_KEYSCAN_ACCEPTED unique_id=103 state_id=103 sim_time=138.100000
138.400000000 WARN /RVIZ [/tmp/binarydeb/ros-noetic-tf2-0.7.10/src/buffer_core.cpp:277()] [topics: /rosout, /initialpose, /goal, /clicked_point] TF_REPEATED_DATA ignoring data with redundant timestamp for frame odom (parent offset) at time 138.400000 according to authority unknown_publisher
138.400000000 WARN /RVIZ [/tmp/binarydeb/ros-noetic-tf2-0.7.10/src/buffer_core.cpp:277()] [topics: /rosout, /initialpose, /goal, /clicked_point] TF_REPEATED_DATA ignoring data with redundant timestamp for frame offset (parent map) at time 138.400000 according to authority unknown_publisher
139.600000000 INFO /Mapper [/home/wcqw/ac-slam/catkin_ws/src/navigation_2d/nav2d_karto/src/MultiMapper.cpp:401(receiveLaserScan)] [topics: /rosout, /tf, /karto_out, /map, /others, /slam_path, /Mapper/vertices, /Mapper/closure_edges, /Mapper/odom_edges, /Mapper/colored_edges, /localization_result, /slam_pose_graph, /Mapper/loop_closed] PHASE2C_KEYSCAN_ACCEPTED unique_id=104 state_id=104 sim_time=139.500000
139.600000000 INFO /updateDistance [/home/wcqw/ac-slam/catkin_ws/src/cpp_solver/src/updateDistance.cpp:29(occupancyGridCallback)] [topics: /rosout, /edge_distance] Received an OccupancyGrid message!
139.600000000 INFO /updateDistance [/home/wcqw/ac-slam/catkin_ws/src/cpp_solver/src/updateDistance.cpp:30(occupancyGridCallback)] [topics: /rosout, /edge_distance] Width: 350, Height: 709, Size: 248150
139.600000000 INFO /updateDistance [/home/wcqw/ac-slam/catkin_ws/src/cpp_solver/src/updateDistance.cpp:32(occupancyGridCallback)] [topics: /rosout, /edge_distance] Map origin x: -7.137, y: -7.334
139.600000000 INFO /path_planner [path_planner.py:664(PathPlanner.handle_pose_graph)] [topics: /slam_pose_graph, /clock, /edge_distance, /pose_graph_idx, /rosout] Really visited vertices: 8 6 5 
139.600000000 INFO /updateDistance [/home/wcqw/ac-slam/catkin_ws/src/cpp_solver/src/updateDistance.cpp:87(occupancyGridCallback)] [topics: /rosout, /edge_distance] Free vertices size: 11
139.600000000 INFO /updateDistance [/home/wcqw/ac-slam/catkin_ws/src/cpp_solver/src/updateDistance.cpp:128(occupancyGridCallback)] [topics: /rosout, /edge_distance] 50 edge distance updated
140.800000000 WARN /RVIZ [/tmp/binarydeb/ros-noetic-tf2-0.7.10/src/buffer_core.cpp:277()] [topics: /rosout, /initialpose, /goal, /clicked_point] TF_REPEATED_DATA ignoring data with redundant timestamp for frame odom (parent offset) at time 140.800000 according to authority unknown_publisher
140.800000000 WARN /RVIZ [/tmp/binarydeb/ros-noetic-tf2-0.7.10/src/buffer_core.cpp:277()] [topics: /rosout, /initialpose, /goal, /clicked_point] TF_REPEATED_DATA ignoring data with redundant timestamp for frame offset (parent map) at time 140.800000 according to authority unknown_publisher
141.000000000 INFO /Mapper [/home/wcqw/ac-slam/catkin_ws/src/navigation_2d/nav2d_karto/src/MultiMapper.cpp:401(receiveLaserScan)] [topics: /rosout, /tf, /karto_out, /map, /others, /slam_path, /Mapper/vertices, /Mapper/closure_edges, /Mapper/odom_edges, /Mapper/colored_edges, /localization_result, /slam_pose_graph, /Mapper/loop_closed] PHASE2C_KEYSCAN_ACCEPTED unique_id=105 state_id=105 sim_time=140.900000
141.000000000 INFO /updateDistance [/home/wcqw/ac-slam/catkin_ws/src/cpp_solver/src/updateDistance.cpp:29(occupancyGridCallback)] [topics: /rosout, /edge_distance] Received an OccupancyGrid message!
141.000000000 INFO /updateDistance [/home/wcqw/ac-slam/catkin_ws/src/cpp_solver/src/updateDistance.cpp:30(occupancyGridCallback)] [topics: /rosout, /edge_distance] Width: 350, Height: 709, Size: 248150
141.000000000 INFO /updateDistance [/home/wcqw/ac-slam/catkin_ws/src/cpp_solver/src/updateDistance.cpp:32(occupancyGridCallback)] [topics: /rosout, /edge_distance] Map origin x: -7.137, y: -7.334
141.000000000 INFO /path_planner [path_planner.py:664(PathPlanner.handle_pose_graph)] [topics: /slam_pose_graph, /clock, /edge_distance, /pose_graph_idx, /rosout] Really visited vertices: 8 6 5 
141.000000000 INFO /updateDistance [/home/wcqw/ac-slam/catkin_ws/src/cpp_solver/src/updateDistance.cpp:87(occupancyGridCallback)] [topics: /rosout, /edge_distance] Free vertices size: 11
141.000000000 INFO /updateDistance [/home/wcqw/ac-slam/catkin_ws/src/cpp_solver/src/updateDistance.cpp:128(occupancyGridCallback)] [topics: /rosout, /edge_distance] 50 edge distance updated
142.000000000 WARN /RVIZ [/tmp/binarydeb/ros-noetic-tf2-0.7.10/src/buffer_core.cpp:277()] [topics: /rosout, /initialpose, /goal, /clicked_point] TF_REPEATED_DATA ignoring data with redundant timestamp for frame odom (parent offset) at time 142.000000 according to authority unknown_publisher
142.000000000 WARN /RVIZ [/tmp/binarydeb/ros-noetic-tf2-0.7.10/src/buffer_core.cpp:277()] [topics: /rosout, /initialpose, /goal, /clicked_point] TF_REPEATED_DATA ignoring data with redundant timestamp for frame offset (parent map) at time 142.000000 according to authority unknown_publisher
142.200000000 INFO /Mapper [/home/wcqw/ac-slam/catkin_ws/src/navigation_2d/nav2d_karto/src/MultiMapper.cpp:401(receiveLaserScan)] [topics: /rosout, /tf, /karto_out, /map, /others, /slam_path, /Mapper/vertices, /Mapper/closure_edges, /Mapper/odom_edges, /Mapper/colored_edges, /localization_result, /slam_pose_graph, /Mapper/loop_closed] PHASE2C_KEYSCAN_ACCEPTED unique_id=106 state_id=106 sim_time=142.100000
142.200000000 INFO /updateDistance [/home/wcqw/ac-slam/catkin_ws/src/cpp_solver/src/updateDistance.cpp:29(occupancyGridCallback)] [topics: /rosout, /edge_distance] Received an OccupancyGrid message!
142.200000000 INFO /updateDistance [/home/wcqw/ac-slam/catkin_ws/src/cpp_solver/src/updateDistance.cpp:30(occupancyGridCallback)] [topics: /rosout, /edge_distance] Width: 350, Height: 709, Size: 248150
142.200000000 INFO /updateDistance [/home/wcqw/ac-slam/catkin_ws/src/cpp_solver/src/updateDistance.cpp:32(occupancyGridCallback)] [topics: /rosout, /edge_distance] Map origin x: -7.136, y: -7.334
142.200000000 INFO /path_planner [path_planner.py:664(PathPlanner.handle_pose_graph)] [topics: /slam_pose_graph, /clock, /edge_distance, /pose_graph_idx, /rosout] Really visited vertices: 8 6 5 
142.200000000 INFO /updateDistance [/home/wcqw/ac-slam/catkin_ws/src/cpp_solver/src/updateDistance.cpp:87(occupancyGridCallback)] [topics: /rosout, /edge_distance] Free vertices size: 11
142.200000000 INFO /updateDistance [/home/wcqw/ac-slam/catkin_ws/src/cpp_solver/src/updateDistance.cpp:128(occupancyGridCallback)] [topics: /rosout, /edge_distance] 58 edge distance updated
143.200000000 WARN /RVIZ [/tmp/binarydeb/ros-noetic-tf2-0.7.10/src/buffer_core.cpp:277()] [topics: /rosout, /initialpose, /goal, /clicked_point] TF_REPEATED_DATA ignoring data with redundant timestamp for frame odom (parent offset) at time 143.200000 according to authority unknown_publisher
143.200000000 WARN /RVIZ [/tmp/binarydeb/ros-noetic-tf2-0.7.10/src/buffer_core.cpp:277()] [topics: /rosout, /initialpose, /goal, /clicked_point] TF_REPEATED_DATA ignoring data with redundant timestamp for frame offset (parent map) at time 143.200000 according to authority unknown_publisher
143.400000000 INFO /Mapper [/home/wcqw/ac-slam/catkin_ws/src/navigation_2d/nav2d_karto/src/MultiMapper.cpp:401(receiveLaserScan)] [topics: /rosout, /tf, /karto_out, /map, /others, /slam_path, /Mapper/vertices, /Mapper/closure_edges, /Mapper/odom_edges, /Mapper/colored_edges, /localization_result, /slam_pose_graph, /Mapper/loop_closed] PHASE2C_KEYSCAN_ACCEPTED unique_id=107 state_id=107 sim_time=143.400000
143.400000000 INFO /updateDistance [/home/wcqw/ac-slam/catkin_ws/src/cpp_solver/src/updateDistance.cpp:29(occupancyGridCallback)] [topics: /rosout, /edge_distance] Received an OccupancyGrid message!
143.400000000 INFO /updateDistance [/home/wcqw/ac-slam/catkin_ws/src/cpp_solver/src/updateDistance.cpp:30(occupancyGridCallback)] [topics: /rosout, /edge_distance] Width: 350, Height: 709, Size: 248150
143.400000000 INFO /updateDistance [/home/wcqw/ac-slam/catkin_ws/src/cpp_solver/src/updateDistance.cpp:32(occupancyGridCallback)] [topics: /rosout, /edge_distance] Map origin x: -7.136, y: -7.334
143.400000000 INFO /path_planner [path_planner.py:664(PathPlanner.handle_pose_graph)] [topics: /slam_pose_graph, /clock, /edge_distance, /pose_graph_idx, /rosout] Really visited vertices: 8 6 5 
143.400000000 INFO /updateDistance [/home/wcqw/ac-slam/catkin_ws/src/cpp_solver/src/updateDistance.cpp:87(occupancyGridCallback)] [topics: /rosout, /edge_distance] Free vertices size: 11
143.400000000 INFO /updateDistance [/home/wcqw/ac-slam/catkin_ws/src/cpp_solver/src/updateDistance.cpp:128(occupancyGridCallback)] [topics: /rosout, /edge_distance] 58 edge distance updated
143.700000000 INFO /updateDistance [/home/wcqw/ac-slam/catkin_ws/src/cpp_solver/src/updateDistance.cpp:29(occupancyGridCallback)] [topics: /rosout, /edge_distance] Received an OccupancyGrid message!
143.700000000 INFO /updateDistance [/home/wcqw/ac-slam/catkin_ws/src/cpp_solver/src/updateDistance.cpp:30(occupancyGridCallback)] [topics: /rosout, /edge_distance] Width: 350, Height: 709, Size: 248150
143.700000000 INFO /updateDistance [/home/wcqw/ac-slam/catkin_ws/src/cpp_solver/src/updateDistance.cpp:32(occupancyGridCallback)] [topics: /rosout, /edge_distance] Map origin x: -7.136, y: -7.334
143.800000000 INFO /updateDistance [/home/wcqw/ac-slam/catkin_ws/src/cpp_solver/src/updateDistance.cpp:87(occupancyGridCallback)] [topics: /rosout, /edge_distance] Free vertices size: 11
143.800000000 INFO /updateDistance [/home/wcqw/ac-slam/catkin_ws/src/cpp_solver/src/updateDistance.cpp:128(occupancyGridCallback)] [topics: /rosout, /edge_distance] 58 edge distance updated
143.800000000 INFO /Navigator [/home/wcqw/ac-slam/catkin_ws/src/cpp_solver/src/MyPlanner.cpp:520(findExplorationTarget)] [topics: /rosout, /cmd, /Navigator/plan, /Navigator/markers, /Navigator/frontiers, /Navigator/frontier_to_vertex, /Navigator/nav_goal, /Navigator/prior_map, /Navigator/visual_tsp_path, /Navigator/tsp_index, /Navigator/path_finder, /Navigator/dist_map, /finished_topic, /request_replan, /Explore/result, /Explore/feedback, /Explore/status, /MoveTo/result, /MoveTo/feedback, /MoveTo/status, /Localize/result, /Localize/feedback, /Localize/status, /GetFirstMap/result, /GetFirstMap/feedback, /GetFirstMap/status] Call local replanning...
143.800000000 INFO /path_planner [path_planner.py:321(PathPlanner.handle_replanning)] [topics: /slam_pose_graph, /clock, /edge_distance, /pose_graph_idx, /rosout] Replanning request. curr_vertex_idx: 5
143.800000000 INFO /path_planner [path_planner.py:322(PathPlanner.handle_replanning)] [topics: /slam_pose_graph, /clock, /edge_distance, /pose_graph_idx, /rosout]                     covered_vertices: ()
143.800000000 INFO /path_planner [path_planner.py:336(PathPlanner.handle_replanning)] [topics: /slam_pose_graph, /clock, /edge_distance, /pose_graph_idx, /rosout] Handle local replanning...
143.800000000 INFO /path_planner [path_planner.py:348(PathPlanner.handle_replanning)] [topics: /slam_pose_graph, /clock, /edge_distance, /pose_graph_idx, /rosout] curr path length: 43, is_loop length: 43
143.800000000 INFO /path_planner [path_planner.py:360(PathPlanner.handle_replanning)] [topics: /slam_pose_graph, /clock, /edge_distance, /pose_graph_idx, /rosout] Send new plan: 8 7 6 5 4 3  ---> 9 15 16 10 11 35 37 20 19 15(L) 19 23 29 30 24 25 31 32 26 27 33 34 28 22 21 38 37(L) 38 36 12 13 14 8(L) 14 18 17 21(L) 
144.800000000 INFO /Mapper [/home/wcqw/ac-slam/catkin_ws/src/navigation_2d/nav2d_karto/src/MultiMapper.cpp:401(receiveLaserScan)] [topics: /rosout, /tf, /karto_out, /map, /others, /slam_path, /Mapper/vertices, /Mapper/closure_edges, /Mapper/odom_edges, /Mapper/colored_edges, /localization_result, /slam_pose_graph, /Mapper/loop_closed] PHASE2C_KEYSCAN_ACCEPTED unique_id=108 state_id=108 sim_time=144.700000
144.800000000 INFO /updateDistance [/home/wcqw/ac-slam/catkin_ws/src/cpp_solver/src/updateDistance.cpp:29(occupancyGridCallback)] [topics: /rosout, /edge_distance] Received an OccupancyGrid message!
144.800000000 INFO /updateDistance [/home/wcqw/ac-slam/catkin_ws/src/cpp_solver/src/updateDistance.cpp:30(occupancyGridCallback)] [topics: /rosout, /edge_distance] Width: 350, Height: 709, Size: 248150
144.800000000 INFO /updateDistance [/home/wcqw/ac-slam/catkin_ws/src/cpp_solver/src/updateDistance.cpp:32(occupancyGridCallback)] [topics: /rosout, /edge_distance] Map origin x: -7.136, y: -7.334
144.800000000 INFO /path_planner [path_planner.py:664(PathPlanner.handle_pose_graph)] [topics: /slam_pose_graph, /clock, /edge_distance, /pose_graph_idx, /rosout] Really visited vertices: 8 6 5 
144.800000000 INFO /updateDistance [/home/wcqw/ac-slam/catkin_ws/src/cpp_solver/src/updateDistance.cpp:87(occupancyGridCallback)] [topics: /rosout, /edge_distance] Free vertices size: 10
144.800000000 INFO /updateDistance [/home/wcqw/ac-slam/catkin_ws/src/cpp_solver/src/updateDistance.cpp:128(occupancyGridCallback)] [topics: /rosout, /edge_distance] 58 edge distance updated
146.000000000 WARN /RVIZ [/tmp/binarydeb/ros-noetic-tf2-0.7.10/src/buffer_core.cpp:277()] [topics: /rosout, /initialpose, /goal, /clicked_point] TF_REPEATED_DATA ignoring data with redundant timestamp for frame odom (parent offset) at time 146.000000 according to authority unknown_publisher
146.000000000 WARN /RVIZ [/tmp/binarydeb/ros-noetic-tf2-0.7.10/src/buffer_core.cpp:277()] [topics: /rosout, /initialpose, /goal, /clicked_point] TF_REPEATED_DATA ignoring data with redundant timestamp for frame offset (parent map) at time 146.000000 according to authority unknown_publisher
146.200000000 INFO /Mapper [/home/wcqw/ac-slam/catkin_ws/src/navigation_2d/nav2d_karto/src/MultiMapper.cpp:401(receiveLaserScan)] [topics: /rosout, /tf, /karto_out, /map, /others, /slam_path, /Mapper/vertices, /Mapper/closure_edges, /Mapper/odom_edges, /Mapper/colored_edges, /localization_result, /slam_pose_graph, /Mapper/loop_closed] PHASE2C_KEYSCAN_ACCEPTED unique_id=109 state_id=109 sim_time=146.100000
146.200000000 INFO /updateDistance [/home/wcqw/ac-slam/catkin_ws/src/cpp_solver/src/updateDistance.cpp:29(occupancyGridCallback)] [topics: /rosout, /edge_distance] Received an OccupancyGrid message!
146.200000000 INFO /updateDistance [/home/wcqw/ac-slam/catkin_ws/src/cpp_solver/src/updateDistance.cpp:30(occupancyGridCallback)] [topics: /rosout, /edge_distance] Width: 350, Height: 709, Size: 248150
146.200000000 INFO /updateDistance [/home/wcqw/ac-slam/catkin_ws/src/cpp_solver/src/updateDistance.cpp:32(occupancyGridCallback)] [topics: /rosout, /edge_distance] Map origin x: -7.136, y: -7.334
146.200000000 INFO /path_planner [path_planner.py:664(PathPlanner.handle_pose_graph)] [topics: /slam_pose_graph, /clock, /edge_distance, /pose_graph_idx, /rosout] Really visited vertices: 8 6 5 
146.200000000 INFO /updateDistance [/home/wcqw/ac-slam/catkin_ws/src/cpp_solver/src/updateDistance.cpp:87(occupancyGridCallback)] [topics: /rosout, /edge_distance] Free vertices size: 10
146.200000000 INFO /updateDistance [/home/wcqw/ac-slam/catkin_ws/src/cpp_solver/src/updateDistance.cpp:128(occupancyGridCallback)] [topics: /rosout, /edge_distance] 58 edge distance updated
147.400000000 WARN /RVIZ [/tmp/binarydeb/ros-noetic-tf2-0.7.10/src/buffer_core.cpp:277()] [topics: /rosout, /initialpose, /goal, /clicked_point] TF_REPEATED_DATA ignoring data with redundant timestamp for frame odom (parent offset) at time 147.400000 according to authority unknown_publisher
147.400000000 WARN /RVIZ [/tmp/binarydeb/ros-noetic-tf2-0.7.10/src/buffer_core.cpp:277()] [topics: /rosout, /initialpose, /goal, /clicked_point] TF_REPEATED_DATA ignoring data with redundant timestamp for frame offset (parent map) at time 147.400000 according to authority unknown_publisher
147.600000000 INFO /Mapper [/home/wcqw/ac-slam/catkin_ws/src/navigation_2d/nav2d_karto/src/MultiMapper.cpp:401(receiveLaserScan)] [topics: /rosout, /tf, /karto_out, /map, /others, /slam_path, /Mapper/vertices, /Mapper/closure_edges, /Mapper/odom_edges, /Mapper/colored_edges, /localization_result, /slam_pose_graph, /Mapper/loop_closed] PHASE2C_KEYSCAN_ACCEPTED unique_id=110 state_id=110 sim_time=147.500000
147.600000000 INFO /updateDistance [/home/wcqw/ac-slam/catkin_ws/src/cpp_solver/src/updateDistance.cpp:29(occupancyGridCallback)] [topics: /rosout, /edge_distance] Received an OccupancyGrid message!
147.600000000 INFO /updateDistance [/home/wcqw/ac-slam/catkin_ws/src/cpp_solver/src/updateDistance.cpp:30(occupancyGridCallback)] [topics: /rosout, /edge_distance] Width: 350, Height: 709, Size: 248150
147.600000000 INFO /updateDistance [/home/wcqw/ac-slam/catkin_ws/src/cpp_solver/src/updateDistance.cpp:32(occupancyGridCallback)] [topics: /rosout, /edge_distance] Map origin x: -7.138, y: -7.334
147.600000000 INFO /path_planner [path_planner.py:664(PathPlanner.handle_pose_graph)] [topics: /slam_pose_graph, /clock, /edge_distance, /pose_graph_idx, /rosout] Really visited vertices: 8 6 5 
147.600000000 INFO /updateDistance [/home/wcqw/ac-slam/catkin_ws/src/cpp_solver/src/updateDistance.cpp:87(occupancyGridCallback)] [topics: /rosout, /edge_distance] Free vertices size: 11
147.600000000 INFO /updateDistance [/home/wcqw/ac-slam/catkin_ws/src/cpp_solver/src/updateDistance.cpp:128(occupancyGridCallback)] [topics: /rosout, /edge_distance] 58 edge distance updated
148.000000000 WARN /RVIZ [/tmp/binarydeb/ros-noetic-tf2-0.7.10/src/buffer_core.cpp:277()] [topics: /rosout, /initialpose, /goal, /clicked_point] TF_REPEATED_DATA ignoring data with redundant timestamp for frame odom (parent offset) at time 148.000000 according to authority unknown_publisher
148.000000000 WARN /RVIZ [/tmp/binarydeb/ros-noetic-tf2-0.7.10/src/buffer_core.cpp:277()] [topics: /rosout, /initialpose, /goal, /clicked_point] TF_REPEATED_DATA ignoring data with redundant timestamp for frame offset (parent map) at time 148.000000 according to authority unknown_publisher
148.800000000 INFO /Mapper [/home/wcqw/ac-slam/catkin_ws/src/navigation_2d/nav2d_karto/src/MultiMapper.cpp:401(receiveLaserScan)] [topics: /rosout, /tf, /karto_out, /map, /others, /slam_path, /Mapper/vertices, /Mapper/closure_edges, /Mapper/odom_edges, /Mapper/colored_edges, /localization_result, /slam_pose_graph, /Mapper/loop_closed] PHASE2C_KEYSCAN_ACCEPTED unique_id=111 state_id=111 sim_time=148.800000
148.800000000 INFO /updateDistance [/home/wcqw/ac-slam/catkin_ws/src/cpp_solver/src/updateDistance.cpp:29(occupancyGridCallback)] [topics: /rosout, /edge_distance] Received an OccupancyGrid message!
148.800000000 INFO /updateDistance [/home/wcqw/ac-slam/catkin_ws/src/cpp_solver/src/updateDistance.cpp:30(occupancyGridCallback)] [topics: /rosout, /edge_distance] Width: 350, Height: 709, Size: 248150
148.800000000 INFO /updateDistance [/home/wcqw/ac-slam/catkin_ws/src/cpp_solver/src/updateDistance.cpp:32(occupancyGridCallback)] [topics: /rosout, /edge_distance] Map origin x: -7.138, y: -7.334
148.800000000 INFO /path_planner [path_planner.py:664(PathPlanner.handle_pose_graph)] [topics: /slam_pose_graph, /clock, /edge_distance, /pose_graph_idx, /rosout] Really visited vertices: 8 6 5 
148.800000000 INFO /updateDistance [/home/wcqw/ac-slam/catkin_ws/src/cpp_solver/src/updateDistance.cpp:87(occupancyGridCallback)] [topics: /rosout, /edge_distance] Free vertices size: 11
148.800000000 INFO /updateDistance [/home/wcqw/ac-slam/catkin_ws/src/cpp_solver/src/updateDistance.cpp:128(occupancyGridCallback)] [topics: /rosout, /edge_distance] 58 edge distance updated
149.700000000 INFO /updateDistance [/home/wcqw/ac-slam/catkin_ws/src/cpp_solver/src/updateDistance.cpp:29(occupancyGridCallback)] [topics: /rosout, /edge_distance] Received an OccupancyGrid message!
149.700000000 INFO /updateDistance [/home/wcqw/ac-slam/catkin_ws/src/cpp_solver/src/updateDistance.cpp:30(occupancyGridCallback)] [topics: /rosout, /edge_distance] Width: 350, Height: 709, Size: 248150
149.700000000 INFO /updateDistance [/home/wcqw/ac-slam/catkin_ws/src/cpp_solver/src/updateDistance.cpp:32(occupancyGridCallback)] [topics: /rosout, /edge_distance] Map origin x: -7.138, y: -7.334
149.800000000 INFO /updateDistance [/home/wcqw/ac-slam/catkin_ws/src/cpp_solver/src/updateDistance.cpp:87(occupancyGridCallback)] [topics: /rosout, /edge_distance] Free vertices size: 11
149.800000000 INFO /updateDistance [/home/wcqw/ac-slam/catkin_ws/src/cpp_solver/src/updateDistance.cpp:128(occupancyGridCallback)] [topics: /rosout, /edge_distance] 58 edge distance updated
149.800000000 INFO /Navigator [/home/wcqw/ac-slam/catkin_ws/src/cpp_solver/src/MyPlanner.cpp:520(findExplorationTarget)] [topics: /rosout, /cmd, /Navigator/plan, /Navigator/markers, /Navigator/frontiers, /Navigator/frontier_to_vertex, /Navigator/nav_goal, /Navigator/prior_map, /Navigator/visual_tsp_path, /Navigator/tsp_index, /Navigator/path_finder, /Navigator/dist_map, /finished_topic, /request_replan, /Explore/result, /Explore/feedback, /Explore/status, /MoveTo/result, /MoveTo/feedback, /MoveTo/status, /Localize/result, /Localize/feedback, /Localize/status, /GetFirstMap/result, /GetFirstMap/feedback, /GetFirstMap/status] Call local replanning...
149.800000000 INFO /path_planner [path_planner.py:321(PathPlanner.handle_replanning)] [topics: /slam_pose_graph, /clock, /edge_distance, /pose_graph_idx, /rosout] Replanning request. curr_vertex_idx: 5
149.800000000 INFO /path_planner [path_planner.py:322(PathPlanner.handle_replanning)] [topics: /slam_pose_graph, /clock, /edge_distance, /pose_graph_idx, /rosout]                     covered_vertices: ()
149.800000000 INFO /path_planner [path_planner.py:336(PathPlanner.handle_replanning)] [topics: /slam_pose_graph, /clock, /edge_distance, /pose_graph_idx, /rosout] Handle local replanning...
149.800000000 INFO /path_planner [path_planner.py:348(PathPlanner.handle_replanning)] [topics: /slam_pose_graph, /clock, /edge_distance, /pose_graph_idx, /rosout] curr path length: 43, is_loop length: 43
149.800000000 INFO /path_planner [path_planner.py:360(PathPlanner.handle_replanning)] [topics: /slam_pose_graph, /clock, /edge_distance, /pose_graph_idx, /rosout] Send new plan: 8 7 6 5 4 3  ---> 9 15 16 10 11 35 37 20 19 15(L) 19 23 29 30 24 25 31 32 26 27 33 34 28 22 21 38 37(L) 38 36 12 13 14 8(L) 14 18 17 21(L) 
149.800000000 INFO /Navigator [/home/wcqw/ac-slam/catkin_ws/src/cpp_solver/src/MyPlanner.cpp:548(findExplorationTarget)] [topics: /rosout, /cmd, /Navigator/plan, /Navigator/markers, /Navigator/frontiers, /Navigator/frontier_to_vertex, /Navigator/nav_goal, /Navigator/prior_map, /Navigator/visual_tsp_path, /Navigator/tsp_index, /Navigator/path_finder, /Navigator/dist_map, /finished_topic, /request_replan, /Explore/result, /Explore/feedback, /Explore/status, /MoveTo/result, /MoveTo/feedback, /MoveTo/status, /Localize/result, /Localize/feedback, /Localize/status, /GetFirstMap/result, /GetFirstMap/feedback, /GetFirstMap/status] Reach vertex 3
149.800000000 INFO /Navigator [/home/wcqw/ac-slam/catkin_ws/src/cpp_solver/src/MyPlanner.cpp:652(findExplorationTarget)] [topics: /rosout, /cmd, /Navigator/plan, /Navigator/markers, /Navigator/frontiers, /Navigator/frontier_to_vertex, /Navigator/nav_goal, /Navigator/prior_map, /Navigator/visual_tsp_path, /Navigator/tsp_index, /Navigator/path_finder, /Navigator/dist_map, /finished_topic, /request_replan, /Explore/result, /Explore/feedback, /Explore/status, /MoveTo/result, /MoveTo/feedback, /MoveTo/status, /Localize/result, /Localize/feedback, /Localize/status, /GetFirstMap/result, /GetFirstMap/feedback, /GetFirstMap/status] Explore Goal 3 's frontiers...
150.200000000 INFO /Mapper [/home/wcqw/ac-slam/catkin_ws/src/navigation_2d/nav2d_karto/src/MultiMapper.cpp:401(receiveLaserScan)] [topics: /rosout, /tf, /karto_out, /map, /others, /slam_path, /Mapper/vertices, /Mapper/closure_edges, /Mapper/odom_edges, /Mapper/colored_edges, /localization_result, /slam_pose_graph, /Mapper/loop_closed] PHASE2C_KEYSCAN_ACCEPTED unique_id=112 state_id=112 sim_time=150.100000
151.000000000 WARN /RVIZ [/tmp/binarydeb/ros-noetic-tf2-0.7.10/src/buffer_core.cpp:277()] [topics: /rosout, /initialpose, /goal, /clicked_point] TF_REPEATED_DATA ignoring data with redundant timestamp for frame odom (parent offset) at time 151.000000 according to authority unknown_publisher
151.000000000 WARN /RVIZ [/tmp/binarydeb/ros-noetic-tf2-0.7.10/src/buffer_core.cpp:277()] [topics: /rosout, /initialpose, /goal, /clicked_point] TF_REPEATED_DATA ignoring data with redundant timestamp for frame offset (parent map) at time 151.000000 according to authority unknown_publisher
151.800000000 INFO /updateDistance [/home/wcqw/ac-slam/catkin_ws/src/cpp_solver/src/updateDistance.cpp:29(occupancyGridCallback)] [topics: /rosout, /edge_distance] Received an OccupancyGrid message!
151.800000000 INFO /updateDistance [/home/wcqw/ac-slam/catkin_ws/src/cpp_solver/src/updateDistance.cpp:30(occupancyGridCallback)] [topics: /rosout, /edge_distance] Width: 350, Height: 709, Size: 248150
151.800000000 INFO /updateDistance [/home/wcqw/ac-slam/catkin_ws/src/cpp_solver/src/updateDistance.cpp:32(occupancyGridCallback)] [topics: /rosout, /edge_distance] Map origin x: -7.138, y: -7.334
151.800000000 INFO /updateDistance [/home/wcqw/ac-slam/catkin_ws/src/cpp_solver/src/updateDistance.cpp:87(occupancyGridCallback)] [topics: /rosout, /edge_distance] Free vertices size: 11
151.800000000 INFO /updateDistance [/home/wcqw/ac-slam/catkin_ws/src/cpp_solver/src/updateDistance.cpp:128(occupancyGridCallback)] [topics: /rosout, /edge_distance] 58 edge distance updated
151.800000000 INFO /Mapper [/home/wcqw/ac-slam/catkin_ws/src/navigation_2d/nav2d_karto/src/MultiMapper.cpp:401(receiveLaserScan)] [topics: /rosout, /tf, /karto_out, /map, /others, /slam_path, /Mapper/vertices, /Mapper/closure_edges, /Mapper/odom_edges, /Mapper/colored_edges, /localization_result, /slam_pose_graph, /Mapper/loop_closed] PHASE2C_KEYSCAN_ACCEPTED unique_id=113 state_id=113 sim_time=151.700000
151.800000000 INFO /Navigator [/home/wcqw/ac-slam/catkin_ws/src/cpp_solver/src/MyPlanner.cpp:520(findExplorationTarget)] [topics: /rosout, /cmd, /Navigator/plan, /Navigator/markers, /Navigator/frontiers, /Navigator/frontier_to_vertex, /Navigator/nav_goal, /Navigator/prior_map, /Navigator/visual_tsp_path, /Navigator/tsp_index, /Navigator/path_finder, /Navigator/dist_map, /finished_topic, /request_replan, /Explore/result, /Explore/feedback, /Explore/status, /MoveTo/result, /MoveTo/feedback, /MoveTo/status, /Localize/result, /Localize/feedback, /Localize/status, /GetFirstMap/result, /GetFirstMap/feedback, /GetFirstMap/status] Call local replanning...
151.800000000 INFO /path_planner [path_planner.py:321(PathPlanner.handle_replanning)] [topics: /slam_pose_graph, /clock, /edge_distance, /pose_graph_idx, /rosout] Replanning request. curr_vertex_idx: 5
151.800000000 INFO /path_planner [path_planner.py:322(PathPlanner.handle_replanning)] [topics: /slam_pose_graph, /clock, /edge_distance, /pose_graph_idx, /rosout]                     covered_vertices: ()
151.800000000 INFO /path_planner [path_planner.py:336(PathPlanner.handle_replanning)] [topics: /slam_pose_graph, /clock, /edge_distance, /pose_graph_idx, /rosout] Handle local replanning...
151.800000000 INFO /path_planner [path_planner.py:348(PathPlanner.handle_replanning)] [topics: /slam_pose_graph, /clock, /edge_distance, /pose_graph_idx, /rosout] curr path length: 43, is_loop length: 43
151.800000000 INFO /path_planner [path_planner.py:360(PathPlanner.handle_replanning)] [topics: /slam_pose_graph, /clock, /edge_distance, /pose_graph_idx, /rosout] Send new plan: 8 7 6 5 4 3  ---> 9 15 16 10 11 35 37 20 19 15(L) 19 23 29 30 24 25 31 32 26 27 33 34 28 22 21 38 37(L) 38 36 12 13 14 8(L) 14 18 17 21(L) 
151.800000000 WARN /Navigator [/home/wcqw/ac-slam/catkin_ws/src/cpp_solver/src/MyPlanner.cpp:609(findExplorationTarget)] [topics: /rosout, /cmd, /Navigator/plan, /Navigator/markers, /Navigator/frontiers, /Navigator/frontier_to_vertex, /Navigator/nav_goal, /Navigator/prior_map, /Navigator/visual_tsp_path, /Navigator/tsp_index, /Navigator/path_finder, /Navigator/dist_map, /finished_topic, /request_replan, /Explore/result, /Explore/feedback, /Explore/status, /MoveTo/result, /MoveTo/feedback, /MoveTo/status, /Localize/result, /Localize/feedback, /Localize/status, /GetFirstMap/result, /GetFirstMap/feedback, /GetFirstMap/status] No frontier at vertex 3. #Frontier: 0
151.800000000 INFO /Navigator [/home/wcqw/ac-slam/catkin_ws/src/cpp_solver/src/MyPlanner.cpp:318(getUsefulGoalIndex)] [topics: /rosout, /cmd, /Navigator/plan, /Navigator/markers, /Navigator/frontiers, /Navigator/frontier_to_vertex, /Navigator/nav_goal, /Navigator/prior_map, /Navigator/visual_tsp_path, /Navigator/tsp_index, /Navigator/path_finder, /Navigator/dist_map, /finished_topic, /request_replan, /Explore/result, /Explore/feedback, /Explore/status, /MoveTo/result, /MoveTo/feedback, /MoveTo/status, /Localize/result, /Localize/feedback, /Localize/status, /GetFirstMap/result, /GetFirstMap/feedback, /GetFirstMap/status] Set newGoal 9
151.800000000 INFO /Navigator [/home/wcqw/ac-slam/catkin_ws/src/cpp_solver/src/MyPlanner.cpp:1192(getWaypointToGoal)] [topics: /rosout, /cmd, /Navigator/plan, /Navigator/markers, /Navigator/frontiers, /Navigator/frontier_to_vertex, /Navigator/nav_goal, /Navigator/prior_map, /Navigator/visual_tsp_path, /Navigator/tsp_index, /Navigator/path_finder, /Navigator/dist_map, /finished_topic, /request_replan, /Explore/result, /Explore/feedback, /Explore/status, /MoveTo/result, /MoveTo/feedback, /MoveTo/status, /Localize/result, /Localize/feedback, /Localize/status, /GetFirstMap/result, /GetFirstMap/feedback, /GetFirstMap/status] Find middle goal point.
152.200000000 WARN /RVIZ [/tmp/binarydeb/ros-noetic-tf2-0.7.10/src/buffer_core.cpp:277()] [topics: /rosout, /initialpose, /goal, /clicked_point] TF_REPEATED_DATA ignoring data with redundant timestamp for frame odom (parent offset) at time 152.200000 according to authority unknown_publisher
152.200000000 WARN /RVIZ [/tmp/binarydeb/ros-noetic-tf2-0.7.10/src/buffer_core.cpp:277()] [topics: /rosout, /initialpose, /goal, /clicked_point] TF_REPEATED_DATA ignoring data with redundant timestamp for frame offset (parent map) at time 152.200000 according to authority unknown_publisher
152.800000000 INFO /Mapper [/home/wcqw/ac-slam/catkin_ws/src/navigation_2d/nav2d_karto/src/MultiMapper.cpp:401(receiveLaserScan)] [topics: /rosout, /tf, /karto_out, /map, /others, /slam_path, /Mapper/vertices, /Mapper/closure_edges, /Mapper/odom_edges, /Mapper/colored_edges, /localization_result, /slam_pose_graph, /Mapper/loop_closed] PHASE2C_KEYSCAN_ACCEPTED unique_id=114 state_id=114 sim_time=152.700000
153.400000000 INFO /Mapper [/home/wcqw/ac-slam/catkin_ws/src/navigation_2d/nav2d_karto/src/MultiMapper.cpp:401(receiveLaserScan)] [topics: /rosout, /tf, /karto_out, /map, /others, /slam_path, /Mapper/vertices, /Mapper/closure_edges, /Mapper/odom_edges, /Mapper/colored_edges, /localization_result, /slam_pose_graph, /Mapper/loop_closed] PHASE2C_KEYSCAN_ACCEPTED unique_id=115 state_id=115 sim_time=153.300000
153.400000000 INFO /updateDistance [/home/wcqw/ac-slam/catkin_ws/src/cpp_solver/src/updateDistance.cpp:29(occupancyGridCallback)] [topics: /rosout, /edge_distance] Received an OccupancyGrid message!
153.400000000 INFO /updateDistance [/home/wcqw/ac-slam/catkin_ws/src/cpp_solver/src/updateDistance.cpp:30(occupancyGridCallback)] [topics: /rosout, /edge_distance] Width: 350, Height: 709, Size: 248150
153.400000000 INFO /updateDistance [/home/wcqw/ac-slam/catkin_ws/src/cpp_solver/src/updateDistance.cpp:32(occupancyGridCallback)] [topics: /rosout, /edge_distance] Map origin x: -7.138, y: -7.334
153.400000000 INFO /path_planner [path_planner.py:664(PathPlanner.handle_pose_graph)] [topics: /slam_pose_graph, /clock, /edge_distance, /pose_graph_idx, /rosout] Really visited vertices: 8 6 5 3 
153.400000000 INFO /updateDistance [/home/wcqw/ac-slam/catkin_ws/src/cpp_solver/src/updateDistance.cpp:87(occupancyGridCallback)] [topics: /rosout, /edge_distance] Free vertices size: 11
153.400000000 INFO /updateDistance [/home/wcqw/ac-slam/catkin_ws/src/cpp_solver/src/updateDistance.cpp:128(occupancyGridCallback)] [topics: /rosout, /edge_distance] 58 edge distance updated
153.800000000 INFO /Mapper [/home/wcqw/ac-slam/catkin_ws/src/navigation_2d/nav2d_karto/src/MultiMapper.cpp:401(receiveLaserScan)] [topics: /rosout, /tf, /karto_out, /map, /others, /slam_path, /Mapper/vertices, /Mapper/closure_edges, /Mapper/odom_edges, /Mapper/colored_edges, /localization_result, /slam_pose_graph, /Mapper/loop_closed] PHASE2C_KEYSCAN_ACCEPTED unique_id=116 state_id=116 sim_time=153.800000
154.600000000 INFO /Mapper [/home/wcqw/ac-slam/catkin_ws/src/navigation_2d/nav2d_karto/src/MultiMapper.cpp:401(receiveLaserScan)] [topics: /rosout, /tf, /karto_out, /map, /others, /slam_path, /Mapper/vertices, /Mapper/closure_edges, /Mapper/odom_edges, /Mapper/colored_edges, /localization_result, /slam_pose_graph, /Mapper/loop_closed] PHASE2C_KEYSCAN_ACCEPTED unique_id=117 state_id=117 sim_time=154.500000
154.600000000 INFO /updateDistance [/home/wcqw/ac-slam/catkin_ws/src/cpp_solver/src/updateDistance.cpp:29(occupancyGridCallback)] [topics: /rosout, /edge_distance] Received an OccupancyGrid message!
154.600000000 INFO /updateDistance [/home/wcqw/ac-slam/catkin_ws/src/cpp_solver/src/updateDistance.cpp:30(occupancyGridCallback)] [topics: /rosout, /edge_distance] Width: 350, Height: 709, Size: 248150
154.600000000 INFO /updateDistance [/home/wcqw/ac-slam/catkin_ws/src/cpp_solver/src/updateDistance.cpp:32(occupancyGridCallback)] [topics: /rosout, /edge_distance] Map origin x: -7.138, y: -7.334
154.600000000 INFO /path_planner [path_planner.py:664(PathPlanner.handle_pose_graph)] [topics: /slam_pose_graph, /clock, /edge_distance, /pose_graph_idx, /rosout] Really visited vertices: 8 6 5 3 
154.600000000 INFO /updateDistance [/home/wcqw/ac-slam/catkin_ws/src/cpp_solver/src/updateDistance.cpp:87(occupancyGridCallback)] [topics: /rosout, /edge_distance] Free vertices size: 12
154.600000000 INFO /updateDistance [/home/wcqw/ac-slam/catkin_ws/src/cpp_solver/src/updateDistance.cpp:128(occupancyGridCallback)] [topics: /rosout, /edge_distance] 67 edge distance updated
155.200000000 INFO /Mapper [/home/wcqw/ac-slam/catkin_ws/src/navigation_2d/nav2d_karto/src/MultiMapper.cpp:401(receiveLaserScan)] [topics: /rosout, /tf, /karto_out, /map, /others, /slam_path, /Mapper/vertices, /Mapper/closure_edges, /Mapper/odom_edges, /Mapper/colored_edges, /localization_result, /slam_pose_graph, /Mapper/loop_closed] PHASE2C_KEYSCAN_ACCEPTED unique_id=118 state_id=118 sim_time=155.100000
155.800000000 INFO /Mapper [/home/wcqw/ac-slam/catkin_ws/src/navigation_2d/nav2d_karto/src/MultiMapper.cpp:401(receiveLaserScan)] [topics: /rosout, /tf, /karto_out, /map, /others, /slam_path, /Mapper/vertices, /Mapper/closure_edges, /Mapper/odom_edges, /Mapper/colored_edges, /localization_result, /slam_pose_graph, /Mapper/loop_closed] PHASE2C_KEYSCAN_ACCEPTED unique_id=119 state_id=119 sim_time=155.700000
155.800000000 INFO /updateDistance [/home/wcqw/ac-slam/catkin_ws/src/cpp_solver/src/updateDistance.cpp:29(occupancyGridCallback)] [topics: /rosout, /edge_distance] Received an OccupancyGrid message!
155.800000000 INFO /updateDistance [/home/wcqw/ac-slam/catkin_ws/src/cpp_solver/src/updateDistance.cpp:30(occupancyGridCallback)] [topics: /rosout, /edge_distance] Width: 350, Height: 709, Size: 248150
155.800000000 INFO /updateDistance [/home/wcqw/ac-slam/catkin_ws/src/cpp_solver/src/updateDistance.cpp:32(occupancyGridCallback)] [topics: /rosout, /edge_distance] Map origin x: -7.138, y: -7.334
155.800000000 WARN /RVIZ [/tmp/binarydeb/ros-noetic-tf2-0.7.10/src/buffer_core.cpp:277()] [topics: /rosout, /initialpose, /goal, /clicked_point] TF_REPEATED_DATA ignoring data with redundant timestamp for frame odom (parent offset) at time 155.800000 according to authority unknown_publisher
155.800000000 WARN /RVIZ [/tmp/binarydeb/ros-noetic-tf2-0.7.10/src/buffer_core.cpp:277()] [topics: /rosout, /initialpose, /goal, /clicked_point] TF_REPEATED_DATA ignoring data with redundant timestamp for frame offset (parent map) at time 155.800000 according to authority unknown_publisher
155.800000000 INFO /path_planner [path_planner.py:664(PathPlanner.handle_pose_graph)] [topics: /slam_pose_graph, /clock, /edge_distance, /pose_graph_idx, /rosout] Really visited vertices: 8 6 5 3 
155.800000000 INFO /updateDistance [/home/wcqw/ac-slam/catkin_ws/src/cpp_solver/src/updateDistance.cpp:87(occupancyGridCallback)] [topics: /rosout, /edge_distance] Free vertices size: 13
155.800000000 INFO /updateDistance [/home/wcqw/ac-slam/catkin_ws/src/cpp_solver/src/updateDistance.cpp:128(occupancyGridCallback)] [topics: /rosout, /edge_distance] 69 edge distance updated
156.400000000 INFO /Mapper [/home/wcqw/ac-slam/catkin_ws/src/navigation_2d/nav2d_karto/src/MultiMapper.cpp:401(receiveLaserScan)] [topics: /rosout, /tf, /karto_out, /map, /others, /slam_path, /Mapper/vertices, /Mapper/closure_edges, /Mapper/odom_edges, /Mapper/colored_edges, /localization_result, /slam_pose_graph, /Mapper/loop_closed] PHASE2C_KEYSCAN_ACCEPTED unique_id=120 state_id=120 sim_time=156.400000
157.600000000 WARN /RVIZ [/tmp/binarydeb/ros-noetic-tf2-0.7.10/src/buffer_core.cpp:277()] [topics: /rosout, /initialpose, /goal, /clicked_point] TF_REPEATED_DATA ignoring data with redundant timestamp for frame odom (parent offset) at time 157.600000 according to authority unknown_publisher
157.600000000 WARN /RVIZ [/tmp/binarydeb/ros-noetic-tf2-0.7.10/src/buffer_core.cpp:277()] [topics: /rosout, /initialpose, /goal, /clicked_point] TF_REPEATED_DATA ignoring data with redundant timestamp for frame offset (parent map) at time 157.600000 according to authority unknown_publisher
157.800000000 INFO /updateDistance [/home/wcqw/ac-slam/catkin_ws/src/cpp_solver/src/updateDistance.cpp:29(occupancyGridCallback)] [topics: /rosout, /edge_distance] Received an OccupancyGrid message!
157.800000000 INFO /updateDistance [/home/wcqw/ac-slam/catkin_ws/src/cpp_solver/src/updateDistance.cpp:30(occupancyGridCallback)] [topics: /rosout, /edge_distance] Width: 350, Height: 709, Size: 248150
157.800000000 INFO /updateDistance [/home/wcqw/ac-slam/catkin_ws/src/cpp_solver/src/updateDistance.cpp:32(occupancyGridCallback)] [topics: /rosout, /edge_distance] Map origin x: -7.138, y: -7.334
157.800000000 INFO /updateDistance [/home/wcqw/ac-slam/catkin_ws/src/cpp_solver/src/updateDistance.cpp:87(occupancyGridCallback)] [topics: /rosout, /edge_distance] Free vertices size: 13
157.800000000 INFO /updateDistance [/home/wcqw/ac-slam/catkin_ws/src/cpp_solver/src/updateDistance.cpp:128(occupancyGridCallback)] [topics: /rosout, /edge_distance] 69 edge distance updated
157.800000000 INFO /Navigator [/home/wcqw/ac-slam/catkin_ws/src/cpp_solver/src/MyPlanner.cpp:520(findExplorationTarget)] [topics: /rosout, /cmd, /Navigator/plan, /Navigator/markers, /Navigator/frontiers, /Navigator/frontier_to_vertex, /Navigator/nav_goal, /Navigator/prior_map, /Navigator/visual_tsp_path, /Navigator/tsp_index, /Navigator/path_finder, /Navigator/dist_map, /finished_topic, /request_replan, /Explore/result, /Explore/feedback, /Explore/status, /MoveTo/result, /MoveTo/feedback, /MoveTo/status, /Localize/result, /Localize/feedback, /Localize/status, /GetFirstMap/result, /GetFirstMap/feedback, /GetFirstMap/status] Call local replanning...
157.800000000 INFO /path_planner [path_planner.py:321(PathPlanner.handle_replanning)] [topics: /slam_pose_graph, /clock, /edge_distance, /pose_graph_idx, /rosout] Replanning request. curr_vertex_idx: 6
157.800000000 INFO /path_planner [path_planner.py:322(PathPlanner.handle_replanning)] [topics: /slam_pose_graph, /clock, /edge_distance, /pose_graph_idx, /rosout]                     covered_vertices: ()
157.800000000 INFO /path_planner [path_planner.py:336(PathPlanner.handle_replanning)] [topics: /slam_pose_graph, /clock, /edge_distance, /pose_graph_idx, /rosout] Handle local replanning...
157.800000000 INFO /path_planner [path_planner.py:348(PathPlanner.handle_replanning)] [topics: /slam_pose_graph, /clock, /edge_distance, /pose_graph_idx, /rosout] curr path length: 43, is_loop length: 43
157.800000000 INFO /path_planner [path_planner.py:360(PathPlanner.handle_replanning)] [topics: /slam_pose_graph, /clock, /edge_distance, /pose_graph_idx, /rosout] Send new plan: 8 7 6 5 4 3 9  ---> 15 16 10 11 35 37 20 19 15(L) 19 23 29 30 24 25 31 32 26 27 33 34 28 22 21 38 37(L) 38 36 12 13 14 8(L) 14 18 17 21(L) 
158.000000000 INFO /Mapper [/home/wcqw/ac-slam/catkin_ws/src/navigation_2d/nav2d_karto/src/MultiMapper.cpp:401(receiveLaserScan)] [topics: /rosout, /tf, /karto_out, /map, /others, /slam_path, /Mapper/vertices, /Mapper/closure_edges, /Mapper/odom_edges, /Mapper/colored_edges, /localization_result, /slam_pose_graph, /Mapper/loop_closed] PHASE2C_KEYSCAN_ACCEPTED unique_id=121 state_id=121 sim_time=158.000000
158.200000000 WARN /RVIZ [/tmp/binarydeb/ros-noetic-tf2-0.7.10/src/buffer_core.cpp:277()] [topics: /rosout, /initialpose, /goal, /clicked_point] TF_REPEATED_DATA ignoring data with redundant timestamp for frame odom (parent offset) at time 158.200000 according to authority unknown_publisher
158.200000000 WARN /RVIZ [/tmp/binarydeb/ros-noetic-tf2-0.7.10/src/buffer_core.cpp:277()] [topics: /rosout, /initialpose, /goal, /clicked_point] TF_REPEATED_DATA ignoring data with redundant timestamp for frame offset (parent map) at time 158.200000 according to authority unknown_publisher
159.400000000 INFO /Mapper [/home/wcqw/ac-slam/catkin_ws/src/navigation_2d/nav2d_karto/src/MultiMapper.cpp:401(receiveLaserScan)] [topics: /rosout, /tf, /karto_out, /map, /others, /slam_path, /Mapper/vertices, /Mapper/closure_edges, /Mapper/odom_edges, /Mapper/colored_edges, /localization_result, /slam_pose_graph, /Mapper/loop_closed] PHASE2C_KEYSCAN_ACCEPTED unique_id=122 state_id=122 sim_time=159.300000
159.400000000 INFO /updateDistance [/home/wcqw/ac-slam/catkin_ws/src/cpp_solver/src/updateDistance.cpp:29(occupancyGridCallback)] [topics: /rosout, /edge_distance] Received an OccupancyGrid message!
159.400000000 INFO /updateDistance [/home/wcqw/ac-slam/catkin_ws/src/cpp_solver/src/updateDistance.cpp:30(occupancyGridCallback)] [topics: /rosout, /edge_distance] Width: 350, Height: 709, Size: 248150
159.400000000 INFO /updateDistance [/home/wcqw/ac-slam/catkin_ws/src/cpp_solver/src/updateDistance.cpp:32(occupancyGridCallback)] [topics: /rosout, /edge_distance] Map origin x: -7.138, y: -7.334
159.400000000 INFO /path_planner [path_planner.py:664(PathPlanner.handle_pose_graph)] [topics: /slam_pose_graph, /clock, /edge_distance, /pose_graph_idx, /rosout] Really visited vertices: 8 6 5 3 
159.400000000 INFO /updateDistance [/home/wcqw/ac-slam/catkin_ws/src/cpp_solver/src/updateDistance.cpp:87(occupancyGridCallback)] [topics: /rosout, /edge_distance] Free vertices size: 13
159.400000000 INFO /updateDistance [/home/wcqw/ac-slam/catkin_ws/src/cpp_solver/src/updateDistance.cpp:128(occupancyGridCallback)] [topics: /rosout, /edge_distance] 69 edge distance updated
160.800000000 INFO /Mapper [/home/wcqw/ac-slam/catkin_ws/src/navigation_2d/nav2d_karto/src/MultiMapper.cpp:401(receiveLaserScan)] [topics: /rosout, /tf, /karto_out, /map, /others, /slam_path, /Mapper/vertices, /Mapper/closure_edges, /Mapper/odom_edges, /Mapper/colored_edges, /localization_result, /slam_pose_graph, /Mapper/loop_closed] PHASE2C_KEYSCAN_ACCEPTED unique_id=123 state_id=123 sim_time=160.700000
160.800000000 INFO /updateDistance [/home/wcqw/ac-slam/catkin_ws/src/cpp_solver/src/updateDistance.cpp:29(occupancyGridCallback)] [topics: /rosout, /edge_distance] Received an OccupancyGrid message!
160.800000000 INFO /updateDistance [/home/wcqw/ac-slam/catkin_ws/src/cpp_solver/src/updateDistance.cpp:30(occupancyGridCallback)] [topics: /rosout, /edge_distance] Width: 350, Height: 709, Size: 248150
160.800000000 INFO /updateDistance [/home/wcqw/ac-slam/catkin_ws/src/cpp_solver/src/updateDistance.cpp:32(occupancyGridCallback)] [topics: /rosout, /edge_distance] Map origin x: -7.138, y: -7.334
160.800000000 INFO /path_planner [path_planner.py:664(PathPlanner.handle_pose_graph)] [topics: /slam_pose_graph, /clock, /edge_distance, /pose_graph_idx, /rosout] Really visited vertices: 8 6 5 3 
160.800000000 INFO /updateDistance [/home/wcqw/ac-slam/catkin_ws/src/cpp_solver/src/updateDistance.cpp:87(occupancyGridCallback)] [topics: /rosout, /edge_distance] Free vertices size: 13
160.800000000 INFO /updateDistance [/home/wcqw/ac-slam/catkin_ws/src/cpp_solver/src/updateDistance.cpp:128(occupancyGridCallback)] [topics: /rosout, /edge_distance] 69 edge distance updated
161.800000000 WARN /RVIZ [/tmp/binarydeb/ros-noetic-tf2-0.7.10/src/buffer_core.cpp:277()] [topics: /rosout, /initialpose, /goal, /clicked_point] TF_REPEATED_DATA ignoring data with redundant timestamp for frame odom (parent offset) at time 161.800000 according to authority unknown_publisher
161.800000000 WARN /RVIZ [/tmp/binarydeb/ros-noetic-tf2-0.7.10/src/buffer_core.cpp:277()] [topics: /rosout, /initialpose, /goal, /clicked_point] TF_REPEATED_DATA ignoring data with redundant timestamp for frame offset (parent map) at time 161.800000 according to authority unknown_publisher
162.000000000 INFO /Mapper [/home/wcqw/ac-slam/catkin_ws/src/navigation_2d/nav2d_karto/src/MultiMapper.cpp:401(receiveLaserScan)] [topics: /rosout, /tf, /karto_out, /map, /others, /slam_path, /Mapper/vertices, /Mapper/closure_edges, /Mapper/odom_edges, /Mapper/colored_edges, /localization_result, /slam_pose_graph, /Mapper/loop_closed] PHASE2C_KEYSCAN_ACCEPTED unique_id=124 state_id=124 sim_time=161.900000
162.000000000 INFO /updateDistance [/home/wcqw/ac-slam/catkin_ws/src/cpp_solver/src/updateDistance.cpp:29(occupancyGridCallback)] [topics: /rosout, /edge_distance] Received an OccupancyGrid message!
162.000000000 INFO /updateDistance [/home/wcqw/ac-slam/catkin_ws/src/cpp_solver/src/updateDistance.cpp:30(occupancyGridCallback)] [topics: /rosout, /edge_distance] Width: 350, Height: 709, Size: 248150
162.000000000 INFO /updateDistance [/home/wcqw/ac-slam/catkin_ws/src/cpp_solver/src/updateDistance.cpp:32(occupancyGridCallback)] [topics: /rosout, /edge_distance] Map origin x: -7.138, y: -7.334
162.000000000 INFO /path_planner [path_planner.py:664(PathPlanner.handle_pose_graph)] [topics: /slam_pose_graph, /clock, /edge_distance, /pose_graph_idx, /rosout] Really visited vertices: 8 6 5 3 
162.000000000 INFO /updateDistance [/home/wcqw/ac-slam/catkin_ws/src/cpp_solver/src/updateDistance.cpp:87(occupancyGridCallback)] [topics: /rosout, /edge_distance] Free vertices size: 13
162.000000000 INFO /updateDistance [/home/wcqw/ac-slam/catkin_ws/src/cpp_solver/src/updateDistance.cpp:128(occupancyGridCallback)] [topics: /rosout, /edge_distance] 69 edge distance updated
163.400000000 INFO /Mapper [/home/wcqw/ac-slam/catkin_ws/src/navigation_2d/nav2d_karto/src/MultiMapper.cpp:401(receiveLaserScan)] [topics: /rosout, /tf, /karto_out, /map, /others, /slam_path, /Mapper/vertices, /Mapper/closure_edges, /Mapper/odom_edges, /Mapper/colored_edges, /localization_result, /slam_pose_graph, /Mapper/loop_closed] PHASE2C_KEYSCAN_ACCEPTED unique_id=125 state_id=125 sim_time=163.300000
163.400000000 INFO /updateDistance [/home/wcqw/ac-slam/catkin_ws/src/cpp_solver/src/updateDistance.cpp:29(occupancyGridCallback)] [topics: /rosout, /edge_distance] Received an OccupancyGrid message!
163.400000000 INFO /updateDistance [/home/wcqw/ac-slam/catkin_ws/src/cpp_solver/src/updateDistance.cpp:30(occupancyGridCallback)] [topics: /rosout, /edge_distance] Width: 350, Height: 709, Size: 248150
163.400000000 INFO /updateDistance [/home/wcqw/ac-slam/catkin_ws/src/cpp_solver/src/updateDistance.cpp:32(occupancyGridCallback)] [topics: /rosout, /edge_distance] Map origin x: -7.138, y: -7.334
163.400000000 INFO /path_planner [path_planner.py:664(PathPlanner.handle_pose_graph)] [topics: /slam_pose_graph, /clock, /edge_distance, /pose_graph_idx, /rosout] Really visited vertices: 8 6 5 3 
163.400000000 INFO /updateDistance [/home/wcqw/ac-slam/catkin_ws/src/cpp_solver/src/updateDistance.cpp:87(occupancyGridCallback)] [topics: /rosout, /edge_distance] Free vertices size: 13
163.400000000 INFO /updateDistance [/home/wcqw/ac-slam/catkin_ws/src/cpp_solver/src/updateDistance.cpp:128(occupancyGridCallback)] [topics: /rosout, /edge_distance] 72 edge distance updated
163.800000000 INFO /updateDistance [/home/wcqw/ac-slam/catkin_ws/src/cpp_solver/src/updateDistance.cpp:29(occupancyGridCallback)] [topics: /rosout, /edge_distance] Received an OccupancyGrid message!
163.800000000 INFO /updateDistance [/home/wcqw/ac-slam/catkin_ws/src/cpp_solver/src/updateDistance.cpp:30(occupancyGridCallback)] [topics: /rosout, /edge_distance] Width: 350, Height: 709, Size: 248150
163.800000000 INFO /updateDistance [/home/wcqw/ac-slam/catkin_ws/src/cpp_solver/src/updateDistance.cpp:32(occupancyGridCallback)] [topics: /rosout, /edge_distance] Map origin x: -7.138, y: -7.334
163.800000000 INFO /updateDistance [/home/wcqw/ac-slam/catkin_ws/src/cpp_solver/src/updateDistance.cpp:87(occupancyGridCallback)] [topics: /rosout, /edge_distance] Free vertices size: 13
163.800000000 INFO /updateDistance [/home/wcqw/ac-slam/catkin_ws/src/cpp_solver/src/updateDistance.cpp:128(occupancyGridCallback)] [topics: /rosout, /edge_distance] 72 edge distance updated
163.800000000 INFO /Navigator [/home/wcqw/ac-slam/catkin_ws/src/cpp_solver/src/MyPlanner.cpp:520(findExplorationTarget)] [topics: /rosout, /cmd, /Navigator/plan, /Navigator/markers, /Navigator/frontiers, /Navigator/frontier_to_vertex, /Navigator/nav_goal, /Navigator/prior_map, /Navigator/visual_tsp_path, /Navigator/tsp_index, /Navigator/path_finder, /Navigator/dist_map, /finished_topic, /request_replan, /Explore/result, /Explore/feedback, /Explore/status, /MoveTo/result, /MoveTo/feedback, /MoveTo/status, /Localize/result, /Localize/feedback, /Localize/status, /GetFirstMap/result, /GetFirstMap/feedback, /GetFirstMap/status] Call local replanning...
163.800000000 INFO /path_planner [path_planner.py:321(PathPlanner.handle_replanning)] [topics: /slam_pose_graph, /clock, /edge_distance, /pose_graph_idx, /rosout] Replanning request. curr_vertex_idx: 6
163.800000000 INFO /path_planner [path_planner.py:322(PathPlanner.handle_replanning)] [topics: /slam_pose_graph, /clock, /edge_distance, /pose_graph_idx, /rosout]                     covered_vertices: ()
163.800000000 INFO /path_planner [path_planner.py:336(PathPlanner.handle_replanning)] [topics: /slam_pose_graph, /clock, /edge_distance, /pose_graph_idx, /rosout] Handle local replanning...
163.800000000 INFO /path_planner [path_planner.py:348(PathPlanner.handle_replanning)] [topics: /slam_pose_graph, /clock, /edge_distance, /pose_graph_idx, /rosout] curr path length: 43, is_loop length: 43
163.800000000 INFO /path_planner [path_planner.py:360(PathPlanner.handle_replanning)] [topics: /slam_pose_graph, /clock, /edge_distance, /pose_graph_idx, /rosout] Send new plan: 8 7 6 5 4 3 9  ---> 15 16 10 11 35 37 20 19 15(L) 19 23 29 30 24 25 31 32 26 27 33 34 28 22 21 38 37(L) 38 36 12 13 14 8(L) 14 18 17 21(L) 
164.800000000 INFO /Mapper [/home/wcqw/ac-slam/catkin_ws/src/navigation_2d/nav2d_karto/src/MultiMapper.cpp:401(receiveLaserScan)] [topics: /rosout, /tf, /karto_out, /map, /others, /slam_path, /Mapper/vertices, /Mapper/closure_edges, /Mapper/odom_edges, /Mapper/colored_edges, /localization_result, /slam_pose_graph, /Mapper/loop_closed] PHASE2C_KEYSCAN_ACCEPTED unique_id=126 state_id=126 sim_time=164.700000
164.800000000 INFO /updateDistance [/home/wcqw/ac-slam/catkin_ws/src/cpp_solver/src/updateDistance.cpp:29(occupancyGridCallback)] [topics: /rosout, /edge_distance] Received an OccupancyGrid message!
164.800000000 INFO /updateDistance [/home/wcqw/ac-slam/catkin_ws/src/cpp_solver/src/updateDistance.cpp:30(occupancyGridCallback)] [topics: /rosout, /edge_distance] Width: 350, Height: 709, Size: 248150
164.800000000 INFO /updateDistance [/home/wcqw/ac-slam/catkin_ws/src/cpp_solver/src/updateDistance.cpp:32(occupancyGridCallback)] [topics: /rosout, /edge_distance] Map origin x: -7.138, y: -7.334
164.800000000 INFO /path_planner [path_planner.py:664(PathPlanner.handle_pose_graph)] [topics: /slam_pose_graph, /clock, /edge_distance, /pose_graph_idx, /rosout] Really visited vertices: 8 6 5 3 
164.800000000 INFO /updateDistance [/home/wcqw/ac-slam/catkin_ws/src/cpp_solver/src/updateDistance.cpp:87(occupancyGridCallback)] [topics: /rosout, /edge_distance] Free vertices size: 13
164.800000000 INFO /updateDistance [/home/wcqw/ac-slam/catkin_ws/src/cpp_solver/src/updateDistance.cpp:128(occupancyGridCallback)] [topics: /rosout, /edge_distance] 72 edge distance updated
166.200000000 INFO /Mapper [/home/wcqw/ac-slam/catkin_ws/src/navigation_2d/nav2d_karto/src/MultiMapper.cpp:401(receiveLaserScan)] [topics: /rosout, /tf, /karto_out, /map, /others, /slam_path, /Mapper/vertices, /Mapper/closure_edges, /Mapper/odom_edges, /Mapper/colored_edges, /localization_result, /slam_pose_graph, /Mapper/loop_closed] PHASE2C_KEYSCAN_ACCEPTED unique_id=127 state_id=127 sim_time=166.200000
166.200000000 INFO /updateDistance [/home/wcqw/ac-slam/catkin_ws/src/cpp_solver/src/updateDistance.cpp:29(occupancyGridCallback)] [topics: /rosout, /edge_distance] Received an OccupancyGrid message!
166.200000000 INFO /updateDistance [/home/wcqw/ac-slam/catkin_ws/src/cpp_solver/src/updateDistance.cpp:30(occupancyGridCallback)] [topics: /rosout, /edge_distance] Width: 350, Height: 709, Size: 248150
166.200000000 INFO /updateDistance [/home/wcqw/ac-slam/catkin_ws/src/cpp_solver/src/updateDistance.cpp:32(occupancyGridCallback)] [topics: /rosout, /edge_distance] Map origin x: -7.138, y: -7.334
166.200000000 INFO /path_planner [path_planner.py:664(PathPlanner.handle_pose_graph)] [topics: /slam_pose_graph, /clock, /edge_distance, /pose_graph_idx, /rosout] Really visited vertices: 8 6 5 3 
166.200000000 INFO /updateDistance [/home/wcqw/ac-slam/catkin_ws/src/cpp_solver/src/updateDistance.cpp:87(occupancyGridCallback)] [topics: /rosout, /edge_distance] Free vertices size: 12
166.200000000 INFO /updateDistance [/home/wcqw/ac-slam/catkin_ws/src/cpp_solver/src/updateDistance.cpp:128(occupancyGridCallback)] [topics: /rosout, /edge_distance] 72 edge distance updated
167.400000000 WARN /RVIZ [/tmp/binarydeb/ros-noetic-tf2-0.7.10/src/buffer_core.cpp:277()] [topics: /rosout, /initialpose, /goal, /clicked_point] TF_REPEATED_DATA ignoring data with redundant timestamp for frame odom (parent offset) at time 167.400000 according to authority unknown_publisher
167.400000000 WARN /RVIZ [/tmp/binarydeb/ros-noetic-tf2-0.7.10/src/buffer_core.cpp:277()] [topics: /rosout, /initialpose, /goal, /clicked_point] TF_REPEATED_DATA ignoring data with redundant timestamp for frame offset (parent map) at time 167.400000 according to authority unknown_publisher
167.800000000 WARN /RVIZ [/tmp/binarydeb/ros-noetic-tf2-0.7.10/src/buffer_core.cpp:277()] [topics: /rosout, /initialpose, /goal, /clicked_point] TF_REPEATED_DATA ignoring data with redundant timestamp for frame odom (parent offset) at time 167.800000 according to authority unknown_publisher
167.800000000 WARN /RVIZ [/tmp/binarydeb/ros-noetic-tf2-0.7.10/src/buffer_core.cpp:277()] [topics: /rosout, /initialpose, /goal, /clicked_point] TF_REPEATED_DATA ignoring data with redundant timestamp for frame offset (parent map) at time 167.800000 according to authority unknown_publisher
168.800000000 INFO /Mapper [/home/wcqw/ac-slam/catkin_ws/src/navigation_2d/nav2d_karto/src/MultiMapper.cpp:401(receiveLaserScan)] [topics: /rosout, /tf, /karto_out, /map, /others, /slam_path, /Mapper/vertices, /Mapper/closure_edges, /Mapper/odom_edges, /Mapper/colored_edges, /localization_result, /slam_pose_graph, /Mapper/loop_closed] PHASE2C_KEYSCAN_ACCEPTED unique_id=128 state_id=128 sim_time=168.800000
168.800000000 INFO /updateDistance [/home/wcqw/ac-slam/catkin_ws/src/cpp_solver/src/updateDistance.cpp:29(occupancyGridCallback)] [topics: /rosout, /edge_distance] Received an OccupancyGrid message!
168.800000000 INFO /updateDistance [/home/wcqw/ac-slam/catkin_ws/src/cpp_solver/src/updateDistance.cpp:30(occupancyGridCallback)] [topics: /rosout, /edge_distance] Width: 356, Height: 709, Size: 252404
168.800000000 INFO /updateDistance [/home/wcqw/ac-slam/catkin_ws/src/cpp_solver/src/updateDistance.cpp:32(occupancyGridCallback)] [topics: /rosout, /edge_distance] Map origin x: -7.138, y: -7.334
168.800000000 INFO /path_planner [path_planner.py:664(PathPlanner.handle_pose_graph)] [topics: /slam_pose_graph, /clock, /edge_distance, /pose_graph_idx, /rosout] Really visited vertices: 8 6 5 3 
168.800000000 INFO /updateDistance [/home/wcqw/ac-slam/catkin_ws/src/cpp_solver/src/updateDistance.cpp:87(occupancyGridCallback)] [topics: /rosout, /edge_distance] Free vertices size: 12
168.800000000 INFO /updateDistance [/home/wcqw/ac-slam/catkin_ws/src/cpp_solver/src/updateDistance.cpp:128(occupancyGridCallback)] [topics: /rosout, /edge_distance] 72 edge distance updated
168.800000000 INFO /RVIZ [/tmp/binarydeb/ros-noetic-rviz-1.14.26/src/rviz/default_plugin/map_display.cpp:604(MapDisplay::createSwatches)] [topics: /rosout, /initialpose, /goal, /clicked_point] Creating 1 swatches
169.700000000 INFO /updateDistance [/home/wcqw/ac-slam/catkin_ws/src/cpp_solver/src/updateDistance.cpp:29(occupancyGridCallback)] [topics: /rosout, /edge_distance] Received an OccupancyGrid message!
169.700000000 INFO /updateDistance [/home/wcqw/ac-slam/catkin_ws/src/cpp_solver/src/updateDistance.cpp:30(occupancyGridCallback)] [topics: /rosout, /edge_distance] Width: 356, Height: 709, Size: 252404
169.700000000 INFO /updateDistance [/home/wcqw/ac-slam/catkin_ws/src/cpp_solver/src/updateDistance.cpp:32(occupancyGridCallback)] [topics: /rosout, /edge_distance] Map origin x: -7.138, y: -7.334
169.800000000 INFO /updateDistance [/home/wcqw/ac-slam/catkin_ws/src/cpp_solver/src/updateDistance.cpp:87(occupancyGridCallback)] [topics: /rosout, /edge_distance] Free vertices size: 12
169.800000000 INFO /updateDistance [/home/wcqw/ac-slam/catkin_ws/src/cpp_solver/src/updateDistance.cpp:128(occupancyGridCallback)] [topics: /rosout, /edge_distance] 72 edge distance updated
169.800000000 INFO /Navigator [/home/wcqw/ac-slam/catkin_ws/src/cpp_solver/src/MyPlanner.cpp:520(findExplorationTarget)] [topics: /rosout, /cmd, /Navigator/plan, /Navigator/markers, /Navigator/frontiers, /Navigator/frontier_to_vertex, /Navigator/nav_goal, /Navigator/prior_map, /Navigator/visual_tsp_path, /Navigator/tsp_index, /Navigator/path_finder, /Navigator/dist_map, /finished_topic, /request_replan, /Explore/result, /Explore/feedback, /Explore/status, /MoveTo/result, /MoveTo/feedback, /MoveTo/status, /Localize/result, /Localize/feedback, /Localize/status, /GetFirstMap/result, /GetFirstMap/feedback, /GetFirstMap/status] Call local replanning...
169.800000000 INFO /path_planner [path_planner.py:321(PathPlanner.handle_replanning)] [topics: /slam_pose_graph, /clock, /edge_distance, /pose_graph_idx, /rosout] Replanning request. curr_vertex_idx: 6
169.800000000 INFO /path_planner [path_planner.py:322(PathPlanner.handle_replanning)] [topics: /slam_pose_graph, /clock, /edge_distance, /pose_graph_idx, /rosout]                     covered_vertices: ()
169.800000000 INFO /path_planner [path_planner.py:336(PathPlanner.handle_replanning)] [topics: /slam_pose_graph, /clock, /edge_distance, /pose_graph_idx, /rosout] Handle local replanning...
169.800000000 INFO /path_planner [path_planner.py:348(PathPlanner.handle_replanning)] [topics: /slam_pose_graph, /clock, /edge_distance, /pose_graph_idx, /rosout] curr path length: 43, is_loop length: 43
169.800000000 INFO /path_planner [path_planner.py:360(PathPlanner.handle_replanning)] [topics: /slam_pose_graph, /clock, /edge_distance, /pose_graph_idx, /rosout] Send new plan: 8 7 6 5 4 3 9  ---> 15 16 10 11 35 37 20 19 15(L) 19 23 29 30 24 25 31 32 26 27 33 34 28 22 21 38 37(L) 38 36 12 13 14 8(L) 14 18 17 21(L) 
172.600000000 INFO /Mapper [/home/wcqw/ac-slam/catkin_ws/src/navigation_2d/nav2d_karto/src/MultiMapper.cpp:401(receiveLaserScan)] [topics: /rosout, /tf, /karto_out, /map, /others, /slam_path, /Mapper/vertices, /Mapper/closure_edges, /Mapper/odom_edges, /Mapper/colored_edges, /localization_result, /slam_pose_graph, /Mapper/loop_closed] PHASE2C_KEYSCAN_ACCEPTED unique_id=129 state_id=129 sim_time=172.500000
172.600000000 INFO /updateDistance [/home/wcqw/ac-slam/catkin_ws/src/cpp_solver/src/updateDistance.cpp:29(occupancyGridCallback)] [topics: /rosout, /edge_distance] Received an OccupancyGrid message!
172.600000000 INFO /updateDistance [/home/wcqw/ac-slam/catkin_ws/src/cpp_solver/src/updateDistance.cpp:30(occupancyGridCallback)] [topics: /rosout, /edge_distance] Width: 365, Height: 709, Size: 258785
172.600000000 INFO /updateDistance [/home/wcqw/ac-slam/catkin_ws/src/cpp_solver/src/updateDistance.cpp:32(occupancyGridCallback)] [topics: /rosout, /edge_distance] Map origin x: -7.138, y: -7.334
172.600000000 INFO /path_planner [path_planner.py:664(PathPlanner.handle_pose_graph)] [topics: /slam_pose_graph, /clock, /edge_distance, /pose_graph_idx, /rosout] Really visited vertices: 8 6 5 3 
172.600000000 INFO /updateDistance [/home/wcqw/ac-slam/catkin_ws/src/cpp_solver/src/updateDistance.cpp:87(occupancyGridCallback)] [topics: /rosout, /edge_distance] Free vertices size: 12
172.600000000 INFO /updateDistance [/home/wcqw/ac-slam/catkin_ws/src/cpp_solver/src/updateDistance.cpp:128(occupancyGridCallback)] [topics: /rosout, /edge_distance] 72 edge distance updated
172.600000000 INFO /RVIZ [/tmp/binarydeb/ros-noetic-rviz-1.14.26/src/rviz/default_plugin/map_display.cpp:604(MapDisplay::createSwatches)] [topics: /rosout, /initialpose, /goal, /clicked_point] Creating 1 swatches
174.400000000 WARN /RVIZ [/tmp/binarydeb/ros-noetic-tf2-0.7.10/src/buffer_core.cpp:277()] [topics: /rosout, /initialpose, /goal, /clicked_point] TF_REPEATED_DATA ignoring data with redundant timestamp for frame odom (parent offset) at time 174.400000 according to authority unknown_publisher
174.400000000 WARN /RVIZ [/tmp/binarydeb/ros-noetic-tf2-0.7.10/src/buffer_core.cpp:277()] [topics: /rosout, /initialpose, /goal, /clicked_point] TF_REPEATED_DATA ignoring data with redundant timestamp for frame offset (parent map) at time 174.400000 according to authority unknown_publisher
175.700000000 INFO /updateDistance [/home/wcqw/ac-slam/catkin_ws/src/cpp_solver/src/updateDistance.cpp:29(occupancyGridCallback)] [topics: /rosout, /edge_distance] Received an OccupancyGrid message!
175.800000000 INFO /updateDistance [/home/wcqw/ac-slam/catkin_ws/src/cpp_solver/src/updateDistance.cpp:30(occupancyGridCallback)] [topics: /rosout, /edge_distance] Width: 365, Height: 709, Size: 258785
175.800000000 INFO /updateDistance [/home/wcqw/ac-slam/catkin_ws/src/cpp_solver/src/updateDistance.cpp:32(occupancyGridCallback)] [topics: /rosout, /edge_distance] Map origin x: -7.138, y: -7.334
175.800000000 INFO /updateDistance [/home/wcqw/ac-slam/catkin_ws/src/cpp_solver/src/updateDistance.cpp:87(occupancyGridCallback)] [topics: /rosout, /edge_distance] Free vertices size: 12
175.800000000 INFO /updateDistance [/home/wcqw/ac-slam/catkin_ws/src/cpp_solver/src/updateDistance.cpp:128(occupancyGridCallback)] [topics: /rosout, /edge_distance] 72 edge distance updated
175.800000000 INFO /Navigator [/home/wcqw/ac-slam/catkin_ws/src/cpp_solver/src/MyPlanner.cpp:520(findExplorationTarget)] [topics: /rosout, /cmd, /Navigator/plan, /Navigator/markers, /Navigator/frontiers, /Navigator/frontier_to_vertex, /Navigator/nav_goal, /Navigator/prior_map, /Navigator/visual_tsp_path, /Navigator/tsp_index, /Navigator/path_finder, /Navigator/dist_map, /finished_topic, /request_replan, /Explore/result, /Explore/feedback, /Explore/status, /MoveTo/result, /MoveTo/feedback, /MoveTo/status, /Localize/result, /Localize/feedback, /Localize/status, /GetFirstMap/result, /GetFirstMap/feedback, /GetFirstMap/status] Call local replanning...
175.800000000 INFO /path_planner [path_planner.py:321(PathPlanner.handle_replanning)] [topics: /slam_pose_graph, /clock, /edge_distance, /pose_graph_idx, /rosout] Replanning request. curr_vertex_idx: 6
175.800000000 INFO /path_planner [path_planner.py:322(PathPlanner.handle_replanning)] [topics: /slam_pose_graph, /clock, /edge_distance, /pose_graph_idx, /rosout]                     covered_vertices: ()
175.800000000 INFO /path_planner [path_planner.py:336(PathPlanner.handle_replanning)] [topics: /slam_pose_graph, /clock, /edge_distance, /pose_graph_idx, /rosout] Handle local replanning...
175.800000000 INFO /path_planner [path_planner.py:348(PathPlanner.handle_replanning)] [topics: /slam_pose_graph, /clock, /edge_distance, /pose_graph_idx, /rosout] curr path length: 43, is_loop length: 43
175.800000000 INFO /path_planner [path_planner.py:360(PathPlanner.handle_replanning)] [topics: /slam_pose_graph, /clock, /edge_distance, /pose_graph_idx, /rosout] Send new plan: 8 7 6 5 4 3 9  ---> 15 16 10 11 35 37 20 19 15(L) 19 23 29 30 24 25 31 32 26 27 33 34 28 22 21 38 37(L) 38 36 12 13 14 8(L) 14 18 17 21(L) 
175.800000000 INFO /Navigator [/home/wcqw/ac-slam/catkin_ws/src/cpp_solver/src/MyPlanner.cpp:548(findExplorationTarget)] [topics: /rosout, /cmd, /Navigator/plan, /Navigator/markers, /Navigator/frontiers, /Navigator/frontier_to_vertex, /Navigator/nav_goal, /Navigator/prior_map, /Navigator/visual_tsp_path, /Navigator/tsp_index, /Navigator/path_finder, /Navigator/dist_map, /finished_topic, /request_replan, /Explore/result, /Explore/feedback, /Explore/status, /MoveTo/result, /MoveTo/feedback, /MoveTo/status, /Localize/result, /Localize/feedback, /Localize/status, /GetFirstMap/result, /GetFirstMap/feedback, /GetFirstMap/status] Reach vertex 9
175.800000000 INFO /Navigator [/home/wcqw/ac-slam/catkin_ws/src/cpp_solver/src/MyPlanner.cpp:652(findExplorationTarget)] [topics: /rosout, /cmd, /Navigator/plan, /Navigator/markers, /Navigator/frontiers, /Navigator/frontier_to_vertex, /Navigator/nav_goal, /Navigator/prior_map, /Navigator/visual_tsp_path, /Navigator/tsp_index, /Navigator/path_finder, /Navigator/dist_map, /finished_topic, /request_replan, /Explore/result, /Explore/feedback, /Explore/status, /MoveTo/result, /MoveTo/feedback, /MoveTo/status, /Localize/result, /Localize/feedback, /Localize/status, /GetFirstMap/result, /GetFirstMap/feedback, /GetFirstMap/status] Explore Goal 9 's frontiers...
176.400000000 INFO /Mapper [/home/wcqw/ac-slam/catkin_ws/src/navigation_2d/nav2d_karto/src/MultiMapper.cpp:401(receiveLaserScan)] [topics: /rosout, /tf, /karto_out, /map, /others, /slam_path, /Mapper/vertices, /Mapper/closure_edges, /Mapper/odom_edges, /Mapper/colored_edges, /localization_result, /slam_pose_graph, /Mapper/loop_closed] PHASE2C_KEYSCAN_ACCEPTED unique_id=130 state_id=130 sim_time=176.300000
177.200000000 INFO /Mapper [/home/wcqw/ac-slam/catkin_ws/src/navigation_2d/nav2d_karto/src/MultiMapper.cpp:401(receiveLaserScan)] [topics: /rosout, /tf, /karto_out, /map, /others, /slam_path, /Mapper/vertices, /Mapper/closure_edges, /Mapper/odom_edges, /Mapper/colored_edges, /localization_result, /slam_pose_graph, /Mapper/loop_closed] PHASE2C_KEYSCAN_ACCEPTED unique_id=131 state_id=131 sim_time=177.100000
177.200000000 INFO /updateDistance [/home/wcqw/ac-slam/catkin_ws/src/cpp_solver/src/updateDistance.cpp:29(occupancyGridCallback)] [topics: /rosout, /edge_distance] Received an OccupancyGrid message!
177.200000000 INFO /updateDistance [/home/wcqw/ac-slam/catkin_ws/src/cpp_solver/src/updateDistance.cpp:30(occupancyGridCallback)] [topics: /rosout, /edge_distance] Width: 377, Height: 709, Size: 267293
177.200000000 INFO /updateDistance [/home/wcqw/ac-slam/catkin_ws/src/cpp_solver/src/updateDistance.cpp:32(occupancyGridCallback)] [topics: /rosout, /edge_distance] Map origin x: -7.138, y: -7.334
177.200000000 INFO /path_planner [path_planner.py:664(PathPlanner.handle_pose_graph)] [topics: /slam_pose_graph, /clock, /edge_distance, /pose_graph_idx, /rosout] Really visited vertices: 8 6 5 3 
177.200000000 INFO /updateDistance [/home/wcqw/ac-slam/catkin_ws/src/cpp_solver/src/updateDistance.cpp:87(occupancyGridCallback)] [topics: /rosout, /edge_distance] Free vertices size: 13
177.200000000 INFO /RVIZ [/tmp/binarydeb/ros-noetic-rviz-1.14.26/src/rviz/default_plugin/map_display.cpp:604(MapDisplay::createSwatches)] [topics: /rosout, /initialpose, /goal, /clicked_point] Creating 1 swatches
177.200000000 INFO /updateDistance [/home/wcqw/ac-slam/catkin_ws/src/cpp_solver/src/updateDistance.cpp:128(occupancyGridCallback)] [topics: /rosout, /edge_distance] 83 edge distance updated
177.800000000 INFO /Mapper [/home/wcqw/ac-slam/catkin_ws/src/navigation_2d/nav2d_karto/src/MultiMapper.cpp:401(receiveLaserScan)] [topics: /rosout, /tf, /karto_out, /map, /others, /slam_path, /Mapper/vertices, /Mapper/closure_edges, /Mapper/odom_edges, /Mapper/colored_edges, /localization_result, /slam_pose_graph, /Mapper/loop_closed] PHASE2C_KEYSCAN_ACCEPTED unique_id=132 state_id=132 sim_time=177.800000
178.600000000 WARN /RVIZ [/tmp/binarydeb/ros-noetic-tf2-0.7.10/src/buffer_core.cpp:277()] [topics: /rosout, /initialpose, /goal, /clicked_point] TF_REPEATED_DATA ignoring data with redundant timestamp for frame odom (parent offset) at time 178.600000 according to authority unknown_publisher
178.600000000 WARN /RVIZ [/tmp/binarydeb/ros-noetic-tf2-0.7.10/src/buffer_core.cpp:277()] [topics: /rosout, /initialpose, /goal, /clicked_point] TF_REPEATED_DATA ignoring data with redundant timestamp for frame offset (parent map) at time 178.600000 according to authority unknown_publisher
178.800000000 INFO /updateDistance [/home/wcqw/ac-slam/catkin_ws/src/cpp_solver/src/updateDistance.cpp:29(occupancyGridCallback)] [topics: /rosout, /edge_distance] Received an OccupancyGrid message!
178.800000000 INFO /updateDistance [/home/wcqw/ac-slam/catkin_ws/src/cpp_solver/src/updateDistance.cpp:30(occupancyGridCallback)] [topics: /rosout, /edge_distance] Width: 377, Height: 709, Size: 267293
178.800000000 INFO /updateDistance [/home/wcqw/ac-slam/catkin_ws/src/cpp_solver/src/updateDistance.cpp:32(occupancyGridCallback)] [topics: /rosout, /edge_distance] Map origin x: -7.138, y: -7.334
178.800000000 INFO /updateDistance [/home/wcqw/ac-slam/catkin_ws/src/cpp_solver/src/updateDistance.cpp:87(occupancyGridCallback)] [topics: /rosout, /edge_distance] Free vertices size: 13
178.800000000 INFO /updateDistance [/home/wcqw/ac-slam/catkin_ws/src/cpp_solver/src/updateDistance.cpp:128(occupancyGridCallback)] [topics: /rosout, /edge_distance] 83 edge distance updated
178.800000000 INFO /Navigator [/home/wcqw/ac-slam/catkin_ws/src/cpp_solver/src/MyPlanner.cpp:520(findExplorationTarget)] [topics: /rosout, /cmd, /Navigator/plan, /Navigator/markers, /Navigator/frontiers, /Navigator/frontier_to_vertex, /Navigator/nav_goal, /Navigator/prior_map, /Navigator/visual_tsp_path, /Navigator/tsp_index, /Navigator/path_finder, /Navigator/dist_map, /finished_topic, /request_replan, /Explore/result, /Explore/feedback, /Explore/status, /MoveTo/result, /MoveTo/feedback, /MoveTo/status, /Localize/result, /Localize/feedback, /Localize/status, /GetFirstMap/result, /GetFirstMap/feedback, /GetFirstMap/status] Call local replanning...
178.800000000 INFO /path_planner [path_planner.py:321(PathPlanner.handle_replanning)] [topics: /slam_pose_graph, /clock, /edge_distance, /pose_graph_idx, /rosout] Replanning request. curr_vertex_idx: 6
178.800000000 INFO /path_planner [path_planner.py:322(PathPlanner.handle_replanning)] [topics: /slam_pose_graph, /clock, /edge_distance, /pose_graph_idx, /rosout]                     covered_vertices: ()
178.800000000 INFO /path_planner [path_planner.py:336(PathPlanner.handle_replanning)] [topics: /slam_pose_graph, /clock, /edge_distance, /pose_graph_idx, /rosout] Handle local replanning...
178.800000000 INFO /path_planner [path_planner.py:348(PathPlanner.handle_replanning)] [topics: /slam_pose_graph, /clock, /edge_distance, /pose_graph_idx, /rosout] curr path length: 43, is_loop length: 43
178.800000000 INFO /path_planner [path_planner.py:360(PathPlanner.handle_replanning)] [topics: /slam_pose_graph, /clock, /edge_distance, /pose_graph_idx, /rosout] Send new plan: 8 7 6 5 4 3 9  ---> 15 16 10 11 35 37 20 19 15(L) 19 23 29 30 24 25 31 32 26 27 33 34 28 22 21 38 37(L) 38 36 12 13 14 8(L) 14 18 17 21(L) 
178.800000000 WARN /Navigator [/home/wcqw/ac-slam/catkin_ws/src/cpp_solver/src/MyPlanner.cpp:609(findExplorationTarget)] [topics: /rosout, /cmd, /Navigator/plan, /Navigator/markers, /Navigator/frontiers, /Navigator/frontier_to_vertex, /Navigator/nav_goal, /Navigator/prior_map, /Navigator/visual_tsp_path, /Navigator/tsp_index, /Navigator/path_finder, /Navigator/dist_map, /finished_topic, /request_replan, /Explore/result, /Explore/feedback, /Explore/status, /MoveTo/result, /MoveTo/feedback, /MoveTo/status, /Localize/result, /Localize/feedback, /Localize/status, /GetFirstMap/result, /GetFirstMap/feedback, /GetFirstMap/status] No frontier at vertex 9. #Frontier: 0
178.800000000 INFO /Navigator [/home/wcqw/ac-slam/catkin_ws/src/cpp_solver/src/MyPlanner.cpp:318(getUsefulGoalIndex)] [topics: /rosout, /cmd, /Navigator/plan, /Navigator/markers, /Navigator/frontiers, /Navigator/frontier_to_vertex, /Navigator/nav_goal, /Navigator/prior_map, /Navigator/visual_tsp_path, /Navigator/tsp_index, /Navigator/path_finder, /Navigator/dist_map, /finished_topic, /request_replan, /Explore/result, /Explore/feedback, /Explore/status, /MoveTo/result, /MoveTo/feedback, /MoveTo/status, /Localize/result, /Localize/feedback, /Localize/status, /GetFirstMap/result, /GetFirstMap/feedback, /GetFirstMap/status] Set newGoal 15
179.400000000 INFO /Mapper [/home/wcqw/ac-slam/catkin_ws/src/navigation_2d/nav2d_karto/src/MultiMapper.cpp:401(receiveLaserScan)] [topics: /rosout, /tf, /karto_out, /map, /others, /slam_path, /Mapper/vertices, /Mapper/closure_edges, /Mapper/odom_edges, /Mapper/colored_edges, /localization_result, /slam_pose_graph, /Mapper/loop_closed] PHASE2C_KEYSCAN_ACCEPTED unique_id=133 state_id=133 sim_time=179.300000
180.000000000 INFO /Mapper [/home/wcqw/ac-slam/catkin_ws/src/navigation_2d/nav2d_karto/src/MultiMapper.cpp:401(receiveLaserScan)] [topics: /rosout, /tf, /karto_out, /map, /others, /slam_path, /Mapper/vertices, /Mapper/closure_edges, /Mapper/odom_edges, /Mapper/colored_edges, /localization_result, /slam_pose_graph, /Mapper/loop_closed] PHASE2C_KEYSCAN_ACCEPTED unique_id=134 state_id=134 sim_time=180.000000
180.000000000 INFO /updateDistance [/home/wcqw/ac-slam/catkin_ws/src/cpp_solver/src/updateDistance.cpp:29(occupancyGridCallback)] [topics: /rosout, /edge_distance] Received an OccupancyGrid message!
180.000000000 INFO /updateDistance [/home/wcqw/ac-slam/catkin_ws/src/cpp_solver/src/updateDistance.cpp:30(occupancyGridCallback)] [topics: /rosout, /edge_distance] Width: 377, Height: 709, Size: 267293
180.000000000 INFO /updateDistance [/home/wcqw/ac-slam/catkin_ws/src/cpp_solver/src/updateDistance.cpp:32(occupancyGridCallback)] [topics: /rosout, /edge_distance] Map origin x: -7.138, y: -7.334
180.000000000 INFO /path_planner [path_planner.py:664(PathPlanner.handle_pose_graph)] [topics: /slam_pose_graph, /clock, /edge_distance, /pose_graph_idx, /rosout] Really visited vertices: 8 6 5 3 9 
180.000000000 INFO /updateDistance [/home/wcqw/ac-slam/catkin_ws/src/cpp_solver/src/updateDistance.cpp:87(occupancyGridCallback)] [topics: /rosout, /edge_distance] Free vertices size: 13
180.000000000 INFO /updateDistance [/home/wcqw/ac-slam/catkin_ws/src/cpp_solver/src/updateDistance.cpp:128(occupancyGridCallback)] [topics: /rosout, /edge_distance] 83 edge distance updated
180.400000000 WARN /RVIZ [/tmp/binarydeb/ros-noetic-tf2-0.7.10/src/buffer_core.cpp:277()] [topics: /rosout, /initialpose, /goal, /clicked_point] TF_REPEATED_DATA ignoring data with redundant timestamp for frame odom (parent offset) at time 180.400000 according to authority unknown_publisher
180.400000000 WARN /RVIZ [/tmp/binarydeb/ros-noetic-tf2-0.7.10/src/buffer_core.cpp:277()] [topics: /rosout, /initialpose, /goal, /clicked_point] TF_REPEATED_DATA ignoring data with redundant timestamp for frame offset (parent map) at time 180.400000 according to authority unknown_publisher
180.600000000 INFO /Mapper [/home/wcqw/ac-slam/catkin_ws/src/navigation_2d/nav2d_karto/src/MultiMapper.cpp:401(receiveLaserScan)] [topics: /rosout, /tf, /karto_out, /map, /others, /slam_path, /Mapper/vertices, /Mapper/closure_edges, /Mapper/odom_edges, /Mapper/colored_edges, /localization_result, /slam_pose_graph, /Mapper/loop_closed] PHASE2C_KEYSCAN_ACCEPTED unique_id=135 state_id=135 sim_time=180.600000
181.000000000 WARN /RVIZ [/tmp/binarydeb/ros-noetic-tf2-0.7.10/src/buffer_core.cpp:277()] [topics: /rosout, /initialpose, /goal, /clicked_point] TF_REPEATED_DATA ignoring data with redundant timestamp for frame odom (parent offset) at time 181.000000 according to authority unknown_publisher
181.000000000 WARN /RVIZ [/tmp/binarydeb/ros-noetic-tf2-0.7.10/src/buffer_core.cpp:277()] [topics: /rosout, /initialpose, /goal, /clicked_point] TF_REPEATED_DATA ignoring data with redundant timestamp for frame offset (parent map) at time 181.000000 according to authority unknown_publisher
181.200000000 INFO /Mapper [/home/wcqw/ac-slam/catkin_ws/src/navigation_2d/nav2d_karto/src/MultiMapper.cpp:401(receiveLaserScan)] [topics: /rosout, /tf, /karto_out, /map, /others, /slam_path, /Mapper/vertices, /Mapper/closure_edges, /Mapper/odom_edges, /Mapper/colored_edges, /localization_result, /slam_pose_graph, /Mapper/loop_closed] PHASE2C_KEYSCAN_ACCEPTED unique_id=136 state_id=136 sim_time=181.100000
181.200000000 INFO /updateDistance [/home/wcqw/ac-slam/catkin_ws/src/cpp_solver/src/updateDistance.cpp:29(occupancyGridCallback)] [topics: /rosout, /edge_distance] Received an OccupancyGrid message!
181.200000000 INFO /updateDistance [/home/wcqw/ac-slam/catkin_ws/src/cpp_solver/src/updateDistance.cpp:30(occupancyGridCallback)] [topics: /rosout, /edge_distance] Width: 377, Height: 709, Size: 267293
181.200000000 INFO /updateDistance [/home/wcqw/ac-slam/catkin_ws/src/cpp_solver/src/updateDistance.cpp:32(occupancyGridCallback)] [topics: /rosout, /edge_distance] Map origin x: -7.138, y: -7.334
181.200000000 INFO /path_planner [path_planner.py:664(PathPlanner.handle_pose_graph)] [topics: /slam_pose_graph, /clock, /edge_distance, /pose_graph_idx, /rosout] Really visited vertices: 8 6 5 3 9 
181.200000000 INFO /updateDistance [/home/wcqw/ac-slam/catkin_ws/src/cpp_solver/src/updateDistance.cpp:87(occupancyGridCallback)] [topics: /rosout, /edge_distance] Free vertices size: 13
181.200000000 INFO /updateDistance [/home/wcqw/ac-slam/catkin_ws/src/cpp_solver/src/updateDistance.cpp:128(occupancyGridCallback)] [topics: /rosout, /edge_distance] 83 edge distance updated
181.600000000 WARN /RVIZ [/tmp/binarydeb/ros-noetic-tf2-0.7.10/src/buffer_core.cpp:277()] [topics: /rosout, /initialpose, /goal, /clicked_point] TF_REPEATED_DATA ignoring data with redundant timestamp for frame odom (parent offset) at time 181.600000 according to authority unknown_publisher
181.600000000 WARN /RVIZ [/tmp/binarydeb/ros-noetic-tf2-0.7.10/src/buffer_core.cpp:277()] [topics: /rosout, /initialpose, /goal, /clicked_point] TF_REPEATED_DATA ignoring data with redundant timestamp for frame offset (parent map) at time 181.600000 according to authority unknown_publisher
181.800000000 INFO /Mapper [/home/wcqw/ac-slam/catkin_ws/src/navigation_2d/nav2d_karto/src/MultiMapper.cpp:401(receiveLaserScan)] [topics: /rosout, /tf, /karto_out, /map, /others, /slam_path, /Mapper/vertices, /Mapper/closure_edges, /Mapper/odom_edges, /Mapper/colored_edges, /localization_result, /slam_pose_graph, /Mapper/loop_closed] PHASE2C_KEYSCAN_ACCEPTED unique_id=137 state_id=137 sim_time=181.800000
182.400000000 INFO /Mapper [/home/wcqw/ac-slam/catkin_ws/src/navigation_2d/nav2d_karto/src/MultiMapper.cpp:401(receiveLaserScan)] [topics: /rosout, /tf, /karto_out, /map, /others, /slam_path, /Mapper/vertices, /Mapper/closure_edges, /Mapper/odom_edges, /Mapper/colored_edges, /localization_result, /slam_pose_graph, /Mapper/loop_closed] PHASE2C_KEYSCAN_ACCEPTED unique_id=138 state_id=138 sim_time=182.300000
182.400000000 INFO /updateDistance [/home/wcqw/ac-slam/catkin_ws/src/cpp_solver/src/updateDistance.cpp:29(occupancyGridCallback)] [topics: /rosout, /edge_distance] Received an OccupancyGrid message!
182.400000000 INFO /updateDistance [/home/wcqw/ac-slam/catkin_ws/src/cpp_solver/src/updateDistance.cpp:30(occupancyGridCallback)] [topics: /rosout, /edge_distance] Width: 377, Height: 709, Size: 267293
182.400000000 INFO /updateDistance [/home/wcqw/ac-slam/catkin_ws/src/cpp_solver/src/updateDistance.cpp:32(occupancyGridCallback)] [topics: /rosout, /edge_distance] Map origin x: -7.138, y: -7.334
182.400000000 INFO /path_planner [path_planner.py:664(PathPlanner.handle_pose_graph)] [topics: /slam_pose_graph, /clock, /edge_distance, /pose_graph_idx, /rosout] Really visited vertices: 8 6 5 3 9 
182.400000000 INFO /updateDistance [/home/wcqw/ac-slam/catkin_ws/src/cpp_solver/src/updateDistance.cpp:87(occupancyGridCallback)] [topics: /rosout, /edge_distance] Free vertices size: 13
182.400000000 INFO /updateDistance [/home/wcqw/ac-slam/catkin_ws/src/cpp_solver/src/updateDistance.cpp:128(occupancyGridCallback)] [topics: /rosout, /edge_distance] 83 edge distance updated
183.000000000 INFO /Mapper [/home/wcqw/ac-slam/catkin_ws/src/navigation_2d/nav2d_karto/src/MultiMapper.cpp:401(receiveLaserScan)] [topics: /rosout, /tf, /karto_out, /map, /others, /slam_path, /Mapper/vertices, /Mapper/closure_edges, /Mapper/odom_edges, /Mapper/colored_edges, /localization_result, /slam_pose_graph, /Mapper/loop_closed] PHASE2C_KEYSCAN_ACCEPTED unique_id=139 state_id=139 sim_time=182.900000
184.000000000 WARN /RVIZ [/tmp/binarydeb/ros-noetic-tf2-0.7.10/src/buffer_core.cpp:277()] [topics: /rosout, /initialpose, /goal, /clicked_point] TF_REPEATED_DATA ignoring data with redundant timestamp for frame odom (parent offset) at time 184.000000 according to authority unknown_publisher
184.000000000 WARN /RVIZ [/tmp/binarydeb/ros-noetic-tf2-0.7.10/src/buffer_core.cpp:277()] [topics: /rosout, /initialpose, /goal, /clicked_point] TF_REPEATED_DATA ignoring data with redundant timestamp for frame offset (parent map) at time 184.000000 according to authority unknown_publisher
184.600000000 INFO /Mapper [/home/wcqw/ac-slam/catkin_ws/src/navigation_2d/nav2d_karto/src/MultiMapper.cpp:401(receiveLaserScan)] [topics: /rosout, /tf, /karto_out, /map, /others, /slam_path, /Mapper/vertices, /Mapper/closure_edges, /Mapper/odom_edges, /Mapper/colored_edges, /localization_result, /slam_pose_graph, /Mapper/loop_closed] PHASE2C_KEYSCAN_ACCEPTED unique_id=140 state_id=140 sim_time=184.500000
184.600000000 INFO /updateDistance [/home/wcqw/ac-slam/catkin_ws/src/cpp_solver/src/updateDistance.cpp:29(occupancyGridCallback)] [topics: /rosout, /edge_distance] Received an OccupancyGrid message!
184.600000000 INFO /updateDistance [/home/wcqw/ac-slam/catkin_ws/src/cpp_solver/src/updateDistance.cpp:30(occupancyGridCallback)] [topics: /rosout, /edge_distance] Width: 387, Height: 709, Size: 274383
184.600000000 INFO /updateDistance [/home/wcqw/ac-slam/catkin_ws/src/cpp_solver/src/updateDistance.cpp:32(occupancyGridCallback)] [topics: /rosout, /edge_distance] Map origin x: -7.138, y: -7.334
184.600000000 WARN /RVIZ [/tmp/binarydeb/ros-noetic-tf2-0.7.10/src/buffer_core.cpp:277()] [topics: /rosout, /initialpose, /goal, /clicked_point] TF_REPEATED_DATA ignoring data with redundant timestamp for frame odom (parent offset) at time 184.600000 according to authority unknown_publisher
184.600000000 WARN /RVIZ [/tmp/binarydeb/ros-noetic-tf2-0.7.10/src/buffer_core.cpp:277()] [topics: /rosout, /initialpose, /goal, /clicked_point] TF_REPEATED_DATA ignoring data with redundant timestamp for frame offset (parent map) at time 184.600000 according to authority unknown_publisher
184.600000000 INFO /updateDistance [/home/wcqw/ac-slam/catkin_ws/src/cpp_solver/src/updateDistance.cpp:87(occupancyGridCallback)] [topics: /rosout, /edge_distance] Free vertices size: 13
184.600000000 INFO /updateDistance [/home/wcqw/ac-slam/catkin_ws/src/cpp_solver/src/updateDistance.cpp:128(occupancyGridCallback)] [topics: /rosout, /edge_distance] 83 edge distance updated
184.600000000 INFO /updateDistance [/home/wcqw/ac-slam/catkin_ws/src/cpp_solver/src/updateDistance.cpp:29(occupancyGridCallback)] [topics: /rosout, /edge_distance] Received an OccupancyGrid message!
184.600000000 INFO /updateDistance [/home/wcqw/ac-slam/catkin_ws/src/cpp_solver/src/updateDistance.cpp:30(occupancyGridCallback)] [topics: /rosout, /edge_distance] Width: 387, Height: 709, Size: 274383
184.600000000 INFO /updateDistance [/home/wcqw/ac-slam/catkin_ws/src/cpp_solver/src/updateDistance.cpp:32(occupancyGridCallback)] [topics: /rosout, /edge_distance] Map origin x: -7.138, y: -7.334
184.600000000 INFO /path_planner [path_planner.py:664(PathPlanner.handle_pose_graph)] [topics: /slam_pose_graph, /clock, /edge_distance, /pose_graph_idx, /rosout] Really visited vertices: 8 6 5 3 9 
184.600000000 INFO /updateDistance [/home/wcqw/ac-slam/catkin_ws/src/cpp_solver/src/updateDistance.cpp:87(occupancyGridCallback)] [topics: /rosout, /edge_distance] Free vertices size: 13
184.600000000 INFO /updateDistance [/home/wcqw/ac-slam/catkin_ws/src/cpp_solver/src/updateDistance.cpp:128(occupancyGridCallback)] [topics: /rosout, /edge_distance] 83 edge distance updated
184.600000000 INFO /RVIZ [/tmp/binarydeb/ros-noetic-rviz-1.14.26/src/rviz/default_plugin/map_display.cpp:604(MapDisplay::createSwatches)] [topics: /rosout, /initialpose, /goal, /clicked_point] Creating 1 swatches
184.600000000 INFO /Navigator [/home/wcqw/ac-slam/catkin_ws/src/cpp_solver/src/MyPlanner.cpp:520(findExplorationTarget)] [topics: /rosout, /cmd, /Navigator/plan, /Navigator/markers, /Navigator/frontiers, /Navigator/frontier_to_vertex, /Navigator/nav_goal, /Navigator/prior_map, /Navigator/visual_tsp_path, /Navigator/tsp_index, /Navigator/path_finder, /Navigator/dist_map, /finished_topic, /request_replan, /Explore/result, /Explore/feedback, /Explore/status, /MoveTo/result, /MoveTo/feedback, /MoveTo/status, /Localize/result, /Localize/feedback, /Localize/status, /GetFirstMap/result, /GetFirstMap/feedback, /GetFirstMap/status] Call local replanning...
184.600000000 INFO /path_planner [path_planner.py:321(PathPlanner.handle_replanning)] [topics: /slam_pose_graph, /clock, /edge_distance, /pose_graph_idx, /rosout] Replanning request. curr_vertex_idx: 7
184.600000000 INFO /path_planner [path_planner.py:322(PathPlanner.handle_replanning)] [topics: /slam_pose_graph, /clock, /edge_distance, /pose_graph_idx, /rosout]                     covered_vertices: ()
184.600000000 INFO /path_planner [path_planner.py:336(PathPlanner.handle_replanning)] [topics: /slam_pose_graph, /clock, /edge_distance, /pose_graph_idx, /rosout] Handle local replanning...
184.600000000 INFO /path_planner [path_planner.py:348(PathPlanner.handle_replanning)] [topics: /slam_pose_graph, /clock, /edge_distance, /pose_graph_idx, /rosout] curr path length: 43, is_loop length: 43
184.600000000 INFO /path_planner [path_planner.py:360(PathPlanner.handle_replanning)] [topics: /slam_pose_graph, /clock, /edge_distance, /pose_graph_idx, /rosout] Send new plan: 8 7 6 5 4 3 9 15  ---> 16 10 11 35 37 20 19 15(L) 19 23 29 30 24 25 31 32 26 27 33 34 28 22 21 38 37(L) 38 36 12 13 14 8(L) 14 18 17 21(L) 
185.800000000 INFO /Mapper [/home/wcqw/ac-slam/catkin_ws/src/navigation_2d/nav2d_karto/src/MultiMapper.cpp:401(receiveLaserScan)] [topics: /rosout, /tf, /karto_out, /map, /others, /slam_path, /Mapper/vertices, /Mapper/closure_edges, /Mapper/odom_edges, /Mapper/colored_edges, /localization_result, /slam_pose_graph, /Mapper/loop_closed] PHASE2C_KEYSCAN_ACCEPTED unique_id=141 state_id=141 sim_time=185.700000
185.800000000 INFO /updateDistance [/home/wcqw/ac-slam/catkin_ws/src/cpp_solver/src/updateDistance.cpp:29(occupancyGridCallback)] [topics: /rosout, /edge_distance] Received an OccupancyGrid message!
185.800000000 INFO /updateDistance [/home/wcqw/ac-slam/catkin_ws/src/cpp_solver/src/updateDistance.cpp:30(occupancyGridCallback)] [topics: /rosout, /edge_distance] Width: 395, Height: 709, Size: 280055
185.800000000 INFO /updateDistance [/home/wcqw/ac-slam/catkin_ws/src/cpp_solver/src/updateDistance.cpp:32(occupancyGridCallback)] [topics: /rosout, /edge_distance] Map origin x: -7.138, y: -7.334
185.800000000 INFO /path_planner [path_planner.py:664(PathPlanner.handle_pose_graph)] [topics: /slam_pose_graph, /clock, /edge_distance, /pose_graph_idx, /rosout] Really visited vertices: 8 6 5 3 9 
185.800000000 INFO /updateDistance [/home/wcqw/ac-slam/catkin_ws/src/cpp_solver/src/updateDistance.cpp:87(occupancyGridCallback)] [topics: /rosout, /edge_distance] Free vertices size: 13
185.800000000 INFO /updateDistance [/home/wcqw/ac-slam/catkin_ws/src/cpp_solver/src/updateDistance.cpp:128(occupancyGridCallback)] [topics: /rosout, /edge_distance] 83 edge distance updated
185.800000000 INFO /RVIZ [/tmp/binarydeb/ros-noetic-rviz-1.14.26/src/rviz/default_plugin/map_display.cpp:604(MapDisplay::createSwatches)] [topics: /rosout, /initialpose, /goal, /clicked_point] Creating 1 swatches
186.400000000 WARN /RVIZ [/tmp/binarydeb/ros-noetic-tf2-0.7.10/src/buffer_core.cpp:277()] [topics: /rosout, /initialpose, /goal, /clicked_point] TF_REPEATED_DATA ignoring data with redundant timestamp for frame odom (parent offset) at time 186.400000 according to authority unknown_publisher
186.400000000 WARN /RVIZ [/tmp/binarydeb/ros-noetic-tf2-0.7.10/src/buffer_core.cpp:277()] [topics: /rosout, /initialpose, /goal, /clicked_point] TF_REPEATED_DATA ignoring data with redundant timestamp for frame offset (parent map) at time 186.400000 according to authority unknown_publisher
187.600000000 WARN /RVIZ [/tmp/binarydeb/ros-noetic-tf2-0.7.10/src/buffer_core.cpp:277()] [topics: /rosout, /initialpose, /goal, /clicked_point] TF_REPEATED_DATA ignoring data with redundant timestamp for frame odom (parent offset) at time 187.600000 according to authority unknown_publisher
187.600000000 WARN /RVIZ [/tmp/binarydeb/ros-noetic-tf2-0.7.10/src/buffer_core.cpp:277()] [topics: /rosout, /initialpose, /goal, /clicked_point] TF_REPEATED_DATA ignoring data with redundant timestamp for frame offset (parent map) at time 187.600000 according to authority unknown_publisher
187.800000000 INFO /Mapper [/home/wcqw/ac-slam/catkin_ws/src/navigation_2d/nav2d_karto/src/MultiMapper.cpp:401(receiveLaserScan)] [topics: /rosout, /tf, /karto_out, /map, /others, /slam_path, /Mapper/vertices, /Mapper/closure_edges, /Mapper/odom_edges, /Mapper/colored_edges, /localization_result, /slam_pose_graph, /Mapper/loop_closed] PHASE2C_KEYSCAN_ACCEPTED unique_id=142 state_id=142 sim_time=187.700000
187.800000000 INFO /updateDistance [/home/wcqw/ac-slam/catkin_ws/src/cpp_solver/src/updateDistance.cpp:29(occupancyGridCallback)] [topics: /rosout, /edge_distance] Received an OccupancyGrid message!
187.800000000 INFO /updateDistance [/home/wcqw/ac-slam/catkin_ws/src/cpp_solver/src/updateDistance.cpp:30(occupancyGridCallback)] [topics: /rosout, /edge_distance] Width: 405, Height: 709, Size: 287145
187.800000000 INFO /updateDistance [/home/wcqw/ac-slam/catkin_ws/src/cpp_solver/src/updateDistance.cpp:32(occupancyGridCallback)] [topics: /rosout, /edge_distance] Map origin x: -7.138, y: -7.334
187.800000000 INFO /path_planner [path_planner.py:664(PathPlanner.handle_pose_graph)] [topics: /slam_pose_graph, /clock, /edge_distance, /pose_graph_idx, /rosout] Really visited vertices: 8 6 5 3 9 
187.800000000 INFO /updateDistance [/home/wcqw/ac-slam/catkin_ws/src/cpp_solver/src/updateDistance.cpp:87(occupancyGridCallback)] [topics: /rosout, /edge_distance] Free vertices size: 12
187.800000000 INFO /updateDistance [/home/wcqw/ac-slam/catkin_ws/src/cpp_solver/src/updateDistance.cpp:128(occupancyGridCallback)] [topics: /rosout, /edge_distance] 83 edge distance updated
187.800000000 INFO /RVIZ [/tmp/binarydeb/ros-noetic-rviz-1.14.26/src/rviz/default_plugin/map_display.cpp:604(MapDisplay::createSwatches)] [topics: /rosout, /initialpose, /goal, /clicked_point] Creating 1 swatches
189.400000000 WARN /RVIZ [/tmp/binarydeb/ros-noetic-tf2-0.7.10/src/buffer_core.cpp:277()] [topics: /rosout, /initialpose, /goal, /clicked_point] TF_REPEATED_DATA ignoring data with redundant timestamp for frame odom (parent offset) at time 189.400000 according to authority unknown_publisher
189.400000000 WARN /RVIZ [/tmp/binarydeb/ros-noetic-tf2-0.7.10/src/buffer_core.cpp:277()] [topics: /rosout, /initialpose, /goal, /clicked_point] TF_REPEATED_DATA ignoring data with redundant timestamp for frame offset (parent map) at time 189.400000 according to authority unknown_publisher
190.000000000 WARN /RVIZ [/tmp/binarydeb/ros-noetic-tf2-0.7.10/src/buffer_core.cpp:277()] [topics: /rosout, /initialpose, /goal, /clicked_point] TF_REPEATED_DATA ignoring data with redundant timestamp for frame odom (parent offset) at time 190.000000 according to authority unknown_publisher
190.000000000 WARN /RVIZ [/tmp/binarydeb/ros-noetic-tf2-0.7.10/src/buffer_core.cpp:277()] [topics: /rosout, /initialpose, /goal, /clicked_point] TF_REPEATED_DATA ignoring data with redundant timestamp for frame offset (parent map) at time 190.000000 according to authority unknown_publisher
190.800000000 INFO /updateDistance [/home/wcqw/ac-slam/catkin_ws/src/cpp_solver/src/updateDistance.cpp:29(occupancyGridCallback)] [topics: /rosout, /edge_distance] Received an OccupancyGrid message!
190.800000000 INFO /updateDistance [/home/wcqw/ac-slam/catkin_ws/src/cpp_solver/src/updateDistance.cpp:30(occupancyGridCallback)] [topics: /rosout, /edge_distance] Width: 405, Height: 709, Size: 287145
190.800000000 INFO /updateDistance [/home/wcqw/ac-slam/catkin_ws/src/cpp_solver/src/updateDistance.cpp:32(occupancyGridCallback)] [topics: /rosout, /edge_distance] Map origin x: -7.138, y: -7.334
190.800000000 INFO /updateDistance [/home/wcqw/ac-slam/catkin_ws/src/cpp_solver/src/updateDistance.cpp:87(occupancyGridCallback)] [topics: /rosout, /edge_distance] Free vertices size: 12
190.800000000 INFO /updateDistance [/home/wcqw/ac-slam/catkin_ws/src/cpp_solver/src/updateDistance.cpp:128(occupancyGridCallback)] [topics: /rosout, /edge_distance] 83 edge distance updated
190.800000000 INFO /Navigator [/home/wcqw/ac-slam/catkin_ws/src/cpp_solver/src/MyPlanner.cpp:520(findExplorationTarget)] [topics: /rosout, /cmd, /Navigator/plan, /Navigator/markers, /Navigator/frontiers, /Navigator/frontier_to_vertex, /Navigator/nav_goal, /Navigator/prior_map, /Navigator/visual_tsp_path, /Navigator/tsp_index, /Navigator/path_finder, /Navigator/dist_map, /finished_topic, /request_replan, /Explore/result, /Explore/feedback, /Explore/status, /MoveTo/result, /MoveTo/feedback, /MoveTo/status, /Localize/result, /Localize/feedback, /Localize/status, /GetFirstMap/result, /GetFirstMap/feedback, /GetFirstMap/status] Call local replanning...
190.800000000 INFO /path_planner [path_planner.py:321(PathPlanner.handle_replanning)] [topics: /slam_pose_graph, /clock, /edge_distance, /pose_graph_idx, /rosout] Replanning request. curr_vertex_idx: 7
190.800000000 INFO /path_planner [path_planner.py:322(PathPlanner.handle_replanning)] [topics: /slam_pose_graph, /clock, /edge_distance, /pose_graph_idx, /rosout]                     covered_vertices: ()
190.800000000 INFO /path_planner [path_planner.py:336(PathPlanner.handle_replanning)] [topics: /slam_pose_graph, /clock, /edge_distance, /pose_graph_idx, /rosout] Handle local replanning...
190.800000000 INFO /path_planner [path_planner.py:348(PathPlanner.handle_replanning)] [topics: /slam_pose_graph, /clock, /edge_distance, /pose_graph_idx, /rosout] curr path length: 43, is_loop length: 43
190.800000000 INFO /path_planner [path_planner.py:360(PathPlanner.handle_replanning)] [topics: /slam_pose_graph, /clock, /edge_distance, /pose_graph_idx, /rosout] Send new plan: 8 7 6 5 4 3 9 15  ---> 16 10 11 35 37 20 19 15(L) 19 23 29 30 24 25 31 32 26 27 33 34 28 22 21 38 37(L) 38 36 12 13 14 8(L) 14 18 17 21(L) 
190.800000000 INFO /Navigator [/home/wcqw/ac-slam/catkin_ws/src/cpp_solver/src/MyPlanner.cpp:1192(getWaypointToGoal)] [topics: /rosout, /cmd, /Navigator/plan, /Navigator/markers, /Navigator/frontiers, /Navigator/frontier_to_vertex, /Navigator/nav_goal, /Navigator/prior_map, /Navigator/visual_tsp_path, /Navigator/tsp_index, /Navigator/path_finder, /Navigator/dist_map, /finished_topic, /request_replan, /Explore/result, /Explore/feedback, /Explore/status, /MoveTo/result, /MoveTo/feedback, /MoveTo/status, /Localize/result, /Localize/feedback, /Localize/status, /GetFirstMap/result, /GetFirstMap/feedback, /GetFirstMap/status] Find middle goal point.
191.200000000 INFO /Mapper [/home/wcqw/ac-slam/catkin_ws/src/navigation_2d/nav2d_karto/src/MultiMapper.cpp:401(receiveLaserScan)] [topics: /rosout, /tf, /karto_out, /map, /others, /slam_path, /Mapper/vertices, /Mapper/closure_edges, /Mapper/odom_edges, /Mapper/colored_edges, /localization_result, /slam_pose_graph, /Mapper/loop_closed] PHASE2C_KEYSCAN_ACCEPTED unique_id=143 state_id=143 sim_time=191.100000
193.000000000 WARN /RVIZ [/tmp/binarydeb/ros-noetic-tf2-0.7.10/src/buffer_core.cpp:277()] [topics: /rosout, /initialpose, /goal, /clicked_point] TF_REPEATED_DATA ignoring data with redundant timestamp for frame odom (parent offset) at time 193.000000 according to authority unknown_publisher
193.000000000 WARN /RVIZ [/tmp/binarydeb/ros-noetic-tf2-0.7.10/src/buffer_core.cpp:277()] [topics: /rosout, /initialpose, /goal, /clicked_point] TF_REPEATED_DATA ignoring data with redundant timestamp for frame offset (parent map) at time 193.000000 according to authority unknown_publisher
193.600000000 WARN /RVIZ [/tmp/binarydeb/ros-noetic-tf2-0.7.10/src/buffer_core.cpp:277()] [topics: /rosout, /initialpose, /goal, /clicked_point] TF_REPEATED_DATA ignoring data with redundant timestamp for frame odom (parent offset) at time 193.600000 according to authority unknown_publisher
193.600000000 WARN /RVIZ [/tmp/binarydeb/ros-noetic-tf2-0.7.10/src/buffer_core.cpp:277()] [topics: /rosout, /initialpose, /goal, /clicked_point] TF_REPEATED_DATA ignoring data with redundant timestamp for frame offset (parent map) at time 193.600000 according to authority unknown_publisher
193.800000000 INFO /Mapper [/home/wcqw/ac-slam/catkin_ws/src/navigation_2d/nav2d_karto/src/MultiMapper.cpp:401(receiveLaserScan)] [topics: /rosout, /tf, /karto_out, /map, /others, /slam_path, /Mapper/vertices, /Mapper/closure_edges, /Mapper/odom_edges, /Mapper/colored_edges, /localization_result, /slam_pose_graph, /Mapper/loop_closed] PHASE2C_KEYSCAN_ACCEPTED unique_id=144 state_id=144 sim_time=193.800000
193.800000000 INFO /updateDistance [/home/wcqw/ac-slam/catkin_ws/src/cpp_solver/src/updateDistance.cpp:29(occupancyGridCallback)] [topics: /rosout, /edge_distance] Received an OccupancyGrid message!
193.800000000 INFO /updateDistance [/home/wcqw/ac-slam/catkin_ws/src/cpp_solver/src/updateDistance.cpp:30(occupancyGridCallback)] [topics: /rosout, /edge_distance] Width: 425, Height: 709, Size: 301325
193.800000000 INFO /updateDistance [/home/wcqw/ac-slam/catkin_ws/src/cpp_solver/src/updateDistance.cpp:32(occupancyGridCallback)] [topics: /rosout, /edge_distance] Map origin x: -7.138, y: -7.334
193.800000000 INFO /path_planner [path_planner.py:664(PathPlanner.handle_pose_graph)] [topics: /slam_pose_graph, /clock, /edge_distance, /pose_graph_idx, /rosout] Really visited vertices: 8 6 5 3 9 
193.800000000 INFO /updateDistance [/home/wcqw/ac-slam/catkin_ws/src/cpp_solver/src/updateDistance.cpp:87(occupancyGridCallback)] [topics: /rosout, /edge_distance] Free vertices size: 14
193.800000000 INFO /RVIZ [/tmp/binarydeb/ros-noetic-rviz-1.14.26/src/rviz/default_plugin/map_display.cpp:604(MapDisplay::createSwatches)] [topics: /rosout, /initialpose, /goal, /clicked_point] Creating 1 swatches
193.800000000 INFO /updateDistance [/home/wcqw/ac-slam/catkin_ws/src/cpp_solver/src/updateDistance.cpp:128(occupancyGridCallback)] [topics: /rosout, /edge_distance] 84 edge distance updated
194.800000000 WARN /RVIZ [/tmp/binarydeb/ros-noetic-tf2-0.7.10/src/buffer_core.cpp:277()] [topics: /rosout, /initialpose, /goal, /clicked_point] TF_REPEATED_DATA ignoring data with redundant timestamp for frame odom (parent offset) at time 194.800000 according to authority unknown_publisher
194.800000000 WARN /RVIZ [/tmp/binarydeb/ros-noetic-tf2-0.7.10/src/buffer_core.cpp:277()] [topics: /rosout, /initialpose, /goal, /clicked_point] TF_REPEATED_DATA ignoring data with redundant timestamp for frame offset (parent map) at time 194.800000 according to authority unknown_publisher
196.800000000 INFO /updateDistance [/home/wcqw/ac-slam/catkin_ws/src/cpp_solver/src/updateDistance.cpp:29(occupancyGridCallback)] [topics: /rosout, /edge_distance] Received an OccupancyGrid message!
196.800000000 INFO /updateDistance [/home/wcqw/ac-slam/catkin_ws/src/cpp_solver/src/updateDistance.cpp:30(occupancyGridCallback)] [topics: /rosout, /edge_distance] Width: 425, Height: 709, Size: 301325
196.800000000 INFO /updateDistance [/home/wcqw/ac-slam/catkin_ws/src/cpp_solver/src/updateDistance.cpp:32(occupancyGridCallback)] [topics: /rosout, /edge_distance] Map origin x: -7.138, y: -7.334
196.800000000 INFO /updateDistance [/home/wcqw/ac-slam/catkin_ws/src/cpp_solver/src/updateDistance.cpp:87(occupancyGridCallback)] [topics: /rosout, /edge_distance] Free vertices size: 14
196.800000000 INFO /updateDistance [/home/wcqw/ac-slam/catkin_ws/src/cpp_solver/src/updateDistance.cpp:128(occupancyGridCallback)] [topics: /rosout, /edge_distance] 84 edge distance updated
196.800000000 INFO /Navigator [/home/wcqw/ac-slam/catkin_ws/src/cpp_solver/src/MyPlanner.cpp:520(findExplorationTarget)] [topics: /rosout, /cmd, /Navigator/plan, /Navigator/markers, /Navigator/frontiers, /Navigator/frontier_to_vertex, /Navigator/nav_goal, /Navigator/prior_map, /Navigator/visual_tsp_path, /Navigator/tsp_index, /Navigator/path_finder, /Navigator/dist_map, /finished_topic, /request_replan, /Explore/result, /Explore/feedback, /Explore/status, /MoveTo/result, /MoveTo/feedback, /MoveTo/status, /Localize/result, /Localize/feedback, /Localize/status, /GetFirstMap/result, /GetFirstMap/feedback, /GetFirstMap/status] Call local replanning...
196.800000000 INFO /path_planner [path_planner.py:321(PathPlanner.handle_replanning)] [topics: /slam_pose_graph, /clock, /edge_distance, /pose_graph_idx, /rosout] Replanning request. curr_vertex_idx: 7
196.800000000 INFO /path_planner [path_planner.py:322(PathPlanner.handle_replanning)] [topics: /slam_pose_graph, /clock, /edge_distance, /pose_graph_idx, /rosout]                     covered_vertices: ()
196.800000000 INFO /path_planner [path_planner.py:336(PathPlanner.handle_replanning)] [topics: /slam_pose_graph, /clock, /edge_distance, /pose_graph_idx, /rosout] Handle local replanning...
196.800000000 INFO /path_planner [path_planner.py:348(PathPlanner.handle_replanning)] [topics: /slam_pose_graph, /clock, /edge_distance, /pose_graph_idx, /rosout] curr path length: 43, is_loop length: 43
196.800000000 INFO /path_planner [path_planner.py:360(PathPlanner.handle_replanning)] [topics: /slam_pose_graph, /clock, /edge_distance, /pose_graph_idx, /rosout] Send new plan: 8 7 6 5 4 3 9 15  ---> 16 10 11 35 37 20 19 15(L) 19 23 29 30 24 25 31 32 26 27 33 34 28 22 21 38 37(L) 38 36 12 13 14 8(L) 14 18 17 21(L) 
198.000000000 INFO /Mapper [/home/wcqw/ac-slam/catkin_ws/src/navigation_2d/nav2d_karto/src/MultiMapper.cpp:401(receiveLaserScan)] [topics: /rosout, /tf, /karto_out, /map, /others, /slam_path, /Mapper/vertices, /Mapper/closure_edges, /Mapper/odom_edges, /Mapper/colored_edges, /localization_result, /slam_pose_graph, /Mapper/loop_closed] PHASE2C_KEYSCAN_ACCEPTED unique_id=145 state_id=145 sim_time=197.900000
198.000000000 INFO /updateDistance [/home/wcqw/ac-slam/catkin_ws/src/cpp_solver/src/updateDistance.cpp:29(occupancyGridCallback)] [topics: /rosout, /edge_distance] Received an OccupancyGrid message!
198.000000000 INFO /updateDistance [/home/wcqw/ac-slam/catkin_ws/src/cpp_solver/src/updateDistance.cpp:30(occupancyGridCallback)] [topics: /rosout, /edge_distance] Width: 435, Height: 709, Size: 308415
198.000000000 INFO /updateDistance [/home/wcqw/ac-slam/catkin_ws/src/cpp_solver/src/updateDistance.cpp:32(occupancyGridCallback)] [topics: /rosout, /edge_distance] Map origin x: -7.138, y: -7.334
198.000000000 INFO /path_planner [path_planner.py:664(PathPlanner.handle_pose_graph)] [topics: /slam_pose_graph, /clock, /edge_distance, /pose_graph_idx, /rosout] Really visited vertices: 8 6 5 3 9 
198.000000000 INFO /updateDistance [/home/wcqw/ac-slam/catkin_ws/src/cpp_solver/src/updateDistance.cpp:87(occupancyGridCallback)] [topics: /rosout, /edge_distance] Free vertices size: 14
198.000000000 INFO /updateDistance [/home/wcqw/ac-slam/catkin_ws/src/cpp_solver/src/updateDistance.cpp:128(occupancyGridCallback)] [topics: /rosout, /edge_distance] 84 edge distance updated
198.000000000 INFO /RVIZ [/tmp/binarydeb/ros-noetic-rviz-1.14.26/src/rviz/default_plugin/map_display.cpp:604(MapDisplay::createSwatches)] [topics: /rosout, /initialpose, /goal, /clicked_point] Creating 1 swatches
200.400000000 INFO /Mapper [/home/wcqw/ac-slam/catkin_ws/src/navigation_2d/nav2d_karto/src/MultiMapper.cpp:401(receiveLaserScan)] [topics: /rosout, /tf, /karto_out, /map, /others, /slam_path, /Mapper/vertices, /Mapper/closure_edges, /Mapper/odom_edges, /Mapper/colored_edges, /localization_result, /slam_pose_graph, /Mapper/loop_closed] PHASE2C_KEYSCAN_ACCEPTED unique_id=146 state_id=146 sim_time=200.300000
200.400000000 INFO /updateDistance [/home/wcqw/ac-slam/catkin_ws/src/cpp_solver/src/updateDistance.cpp:29(occupancyGridCallback)] [topics: /rosout, /edge_distance] Received an OccupancyGrid message!
200.400000000 INFO /updateDistance [/home/wcqw/ac-slam/catkin_ws/src/cpp_solver/src/updateDistance.cpp:30(occupancyGridCallback)] [topics: /rosout, /edge_distance] Width: 445, Height: 709, Size: 315505
200.400000000 INFO /updateDistance [/home/wcqw/ac-slam/catkin_ws/src/cpp_solver/src/updateDistance.cpp:32(occupancyGridCallback)] [topics: /rosout, /edge_distance] Map origin x: -7.138, y: -7.334
200.400000000 INFO /path_planner [path_planner.py:664(PathPlanner.handle_pose_graph)] [topics: /slam_pose_graph, /clock, /edge_distance, /pose_graph_idx, /rosout] Really visited vertices: 8 6 5 3 9 
200.400000000 INFO /updateDistance [/home/wcqw/ac-slam/catkin_ws/src/cpp_solver/src/updateDistance.cpp:87(occupancyGridCallback)] [topics: /rosout, /edge_distance] Free vertices size: 13
200.400000000 INFO /updateDistance [/home/wcqw/ac-slam/catkin_ws/src/cpp_solver/src/updateDistance.cpp:128(occupancyGridCallback)] [topics: /rosout, /edge_distance] 84 edge distance updated
200.400000000 INFO /RVIZ [/tmp/binarydeb/ros-noetic-rviz-1.14.26/src/rviz/default_plugin/map_display.cpp:604(MapDisplay::createSwatches)] [topics: /rosout, /initialpose, /goal, /clicked_point] Creating 1 swatches
202.600000000 INFO /Mapper [/home/wcqw/ac-slam/catkin_ws/src/navigation_2d/nav2d_karto/src/MultiMapper.cpp:401(receiveLaserScan)] [topics: /rosout, /tf, /karto_out, /map, /others, /slam_path, /Mapper/vertices, /Mapper/closure_edges, /Mapper/odom_edges, /Mapper/colored_edges, /localization_result, /slam_pose_graph, /Mapper/loop_closed] PHASE2C_KEYSCAN_ACCEPTED unique_id=147 state_id=147 sim_time=202.500000
202.600000000 INFO /updateDistance [/home/wcqw/ac-slam/catkin_ws/src/cpp_solver/src/updateDistance.cpp:29(occupancyGridCallback)] [topics: /rosout, /edge_distance] Received an OccupancyGrid message!
202.600000000 INFO /updateDistance [/home/wcqw/ac-slam/catkin_ws/src/cpp_solver/src/updateDistance.cpp:30(occupancyGridCallback)] [topics: /rosout, /edge_distance] Width: 454, Height: 709, Size: 321886
202.600000000 INFO /updateDistance [/home/wcqw/ac-slam/catkin_ws/src/cpp_solver/src/updateDistance.cpp:32(occupancyGridCallback)] [topics: /rosout, /edge_distance] Map origin x: -7.138, y: -7.334
202.600000000 INFO /path_planner [path_planner.py:664(PathPlanner.handle_pose_graph)] [topics: /slam_pose_graph, /clock, /edge_distance, /pose_graph_idx, /rosout] Really visited vertices: 8 6 5 3 9 
202.600000000 INFO /updateDistance [/home/wcqw/ac-slam/catkin_ws/src/cpp_solver/src/updateDistance.cpp:87(occupancyGridCallback)] [topics: /rosout, /edge_distance] Free vertices size: 14
202.600000000 INFO /updateDistance [/home/wcqw/ac-slam/catkin_ws/src/cpp_solver/src/updateDistance.cpp:128(occupancyGridCallback)] [topics: /rosout, /edge_distance] 84 edge distance updated
202.600000000 INFO /updateDistance [/home/wcqw/ac-slam/catkin_ws/src/cpp_solver/src/updateDistance.cpp:29(occupancyGridCallback)] [topics: /rosout, /edge_distance] Received an OccupancyGrid message!
202.600000000 INFO /updateDistance [/home/wcqw/ac-slam/catkin_ws/src/cpp_solver/src/updateDistance.cpp:30(occupancyGridCallback)] [topics: /rosout, /edge_distance] Width: 454, Height: 709, Size: 321886
202.600000000 INFO /updateDistance [/home/wcqw/ac-slam/catkin_ws/src/cpp_solver/src/updateDistance.cpp:32(occupancyGridCallback)] [topics: /rosout, /edge_distance] Map origin x: -7.138, y: -7.334
202.600000000 INFO /RVIZ [/tmp/binarydeb/ros-noetic-rviz-1.14.26/src/rviz/default_plugin/map_display.cpp:604(MapDisplay::createSwatches)] [topics: /rosout, /initialpose, /goal, /clicked_point] Creating 1 swatches
202.600000000 INFO /updateDistance [/home/wcqw/ac-slam/catkin_ws/src/cpp_solver/src/updateDistance.cpp:87(occupancyGridCallback)] [topics: /rosout, /edge_distance] Free vertices size: 14
202.600000000 INFO /updateDistance [/home/wcqw/ac-slam/catkin_ws/src/cpp_solver/src/updateDistance.cpp:128(occupancyGridCallback)] [topics: /rosout, /edge_distance] 84 edge distance updated
202.600000000 INFO /Navigator [/home/wcqw/ac-slam/catkin_ws/src/cpp_solver/src/MyPlanner.cpp:520(findExplorationTarget)] [topics: /rosout, /cmd, /Navigator/plan, /Navigator/markers, /Navigator/frontiers, /Navigator/frontier_to_vertex, /Navigator/nav_goal, /Navigator/prior_map, /Navigator/visual_tsp_path, /Navigator/tsp_index, /Navigator/path_finder, /Navigator/dist_map, /finished_topic, /request_replan, /Explore/result, /Explore/feedback, /Explore/status, /MoveTo/result, /MoveTo/feedback, /MoveTo/status, /Localize/result, /Localize/feedback, /Localize/status, /GetFirstMap/result, /GetFirstMap/feedback, /GetFirstMap/status] Call local replanning...
202.600000000 INFO /path_planner [path_planner.py:321(PathPlanner.handle_replanning)] [topics: /slam_pose_graph, /clock, /edge_distance, /pose_graph_idx, /rosout] Replanning request. curr_vertex_idx: 7
202.600000000 INFO /path_planner [path_planner.py:322(PathPlanner.handle_replanning)] [topics: /slam_pose_graph, /clock, /edge_distance, /pose_graph_idx, /rosout]                     covered_vertices: ()
202.600000000 INFO /path_planner [path_planner.py:336(PathPlanner.handle_replanning)] [topics: /slam_pose_graph, /clock, /edge_distance, /pose_graph_idx, /rosout] Handle local replanning...
202.600000000 INFO /path_planner [path_planner.py:348(PathPlanner.handle_replanning)] [topics: /slam_pose_graph, /clock, /edge_distance, /pose_graph_idx, /rosout] curr path length: 43, is_loop length: 43
202.600000000 INFO /path_planner [path_planner.py:360(PathPlanner.handle_replanning)] [topics: /slam_pose_graph, /clock, /edge_distance, /pose_graph_idx, /rosout] Send new plan: 8 7 6 5 4 3 9 15  ---> 16 10 11 35 37 20 19 15(L) 19 23 29 30 24 25 31 32 26 27 33 34 28 22 21 38 37(L) 38 36 12 13 14 8(L) 14 18 17 21(L) 
207.000000000 INFO /Mapper [/home/wcqw/ac-slam/catkin_ws/src/navigation_2d/nav2d_karto/src/MultiMapper.cpp:401(receiveLaserScan)] [topics: /rosout, /tf, /karto_out, /map, /others, /slam_path, /Mapper/vertices, /Mapper/closure_edges, /Mapper/odom_edges, /Mapper/colored_edges, /localization_result, /slam_pose_graph, /Mapper/loop_closed] PHASE2C_KEYSCAN_ACCEPTED unique_id=148 state_id=148 sim_time=206.900000
207.000000000 INFO /updateDistance [/home/wcqw/ac-slam/catkin_ws/src/cpp_solver/src/updateDistance.cpp:29(occupancyGridCallback)] [topics: /rosout, /edge_distance] Received an OccupancyGrid message!
207.000000000 INFO /updateDistance [/home/wcqw/ac-slam/catkin_ws/src/cpp_solver/src/updateDistance.cpp:30(occupancyGridCallback)] [topics: /rosout, /edge_distance] Width: 464, Height: 709, Size: 328976
207.000000000 INFO /updateDistance [/home/wcqw/ac-slam/catkin_ws/src/cpp_solver/src/updateDistance.cpp:32(occupancyGridCallback)] [topics: /rosout, /edge_distance] Map origin x: -7.138, y: -7.334
207.000000000 INFO /path_planner [path_planner.py:664(PathPlanner.handle_pose_graph)] [topics: /slam_pose_graph, /clock, /edge_distance, /pose_graph_idx, /rosout] Really visited vertices: 8 6 5 3 9 
207.000000000 INFO /updateDistance [/home/wcqw/ac-slam/catkin_ws/src/cpp_solver/src/updateDistance.cpp:87(occupancyGridCallback)] [topics: /rosout, /edge_distance] Free vertices size: 14
207.000000000 INFO /updateDistance [/home/wcqw/ac-slam/catkin_ws/src/cpp_solver/src/updateDistance.cpp:128(occupancyGridCallback)] [topics: /rosout, /edge_distance] 84 edge distance updated
207.000000000 INFO /RVIZ [/tmp/binarydeb/ros-noetic-rviz-1.14.26/src/rviz/default_plugin/map_display.cpp:604(MapDisplay::createSwatches)] [topics: /rosout, /initialpose, /goal, /clicked_point] Creating 1 swatches
208.800000000 INFO /updateDistance [/home/wcqw/ac-slam/catkin_ws/src/cpp_solver/src/updateDistance.cpp:29(occupancyGridCallback)] [topics: /rosout, /edge_distance] Received an OccupancyGrid message!
208.800000000 INFO /updateDistance [/home/wcqw/ac-slam/catkin_ws/src/cpp_solver/src/updateDistance.cpp:30(occupancyGridCallback)] [topics: /rosout, /edge_distance] Width: 464, Height: 709, Size: 328976
208.800000000 INFO /updateDistance [/home/wcqw/ac-slam/catkin_ws/src/cpp_solver/src/updateDistance.cpp:32(occupancyGridCallback)] [topics: /rosout, /edge_distance] Map origin x: -7.138, y: -7.334
208.800000000 INFO /updateDistance [/home/wcqw/ac-slam/catkin_ws/src/cpp_solver/src/updateDistance.cpp:87(occupancyGridCallback)] [topics: /rosout, /edge_distance] Free vertices size: 14
208.800000000 INFO /updateDistance [/home/wcqw/ac-slam/catkin_ws/src/cpp_solver/src/updateDistance.cpp:128(occupancyGridCallback)] [topics: /rosout, /edge_distance] 84 edge distance updated
208.800000000 INFO /Navigator [/home/wcqw/ac-slam/catkin_ws/src/cpp_solver/src/MyPlanner.cpp:520(findExplorationTarget)] [topics: /rosout, /cmd, /Navigator/plan, /Navigator/markers, /Navigator/frontiers, /Navigator/frontier_to_vertex, /Navigator/nav_goal, /Navigator/prior_map, /Navigator/visual_tsp_path, /Navigator/tsp_index, /Navigator/path_finder, /Navigator/dist_map, /finished_topic, /request_replan, /Explore/result, /Explore/feedback, /Explore/status, /MoveTo/result, /MoveTo/feedback, /MoveTo/status, /Localize/result, /Localize/feedback, /Localize/status, /GetFirstMap/result, /GetFirstMap/feedback, /GetFirstMap/status] Call local replanning...
208.800000000 INFO /path_planner [path_planner.py:321(PathPlanner.handle_replanning)] [topics: /slam_pose_graph, /clock, /edge_distance, /pose_graph_idx, /rosout] Replanning request. curr_vertex_idx: 7
208.800000000 INFO /path_planner [path_planner.py:322(PathPlanner.handle_replanning)] [topics: /slam_pose_graph, /clock, /edge_distance, /pose_graph_idx, /rosout]                     covered_vertices: ()
208.800000000 INFO /path_planner [path_planner.py:336(PathPlanner.handle_replanning)] [topics: /slam_pose_graph, /clock, /edge_distance, /pose_graph_idx, /rosout] Handle local replanning...
208.800000000 INFO /path_planner [path_planner.py:348(PathPlanner.handle_replanning)] [topics: /slam_pose_graph, /clock, /edge_distance, /pose_graph_idx, /rosout] curr path length: 43, is_loop length: 43
208.800000000 INFO /path_planner [path_planner.py:360(PathPlanner.handle_replanning)] [topics: /slam_pose_graph, /clock, /edge_distance, /pose_graph_idx, /rosout] Send new plan: 8 7 6 5 4 3 9 15  ---> 16 10 11 35 37 20 19 15(L) 19 23 29 30 24 25 31 32 26 27 33 34 28 22 21 38 37(L) 38 36 12 13 14 8(L) 14 18 17 21(L) 
210.400000000 INFO /Mapper [/home/wcqw/ac-slam/catkin_ws/src/navigation_2d/nav2d_karto/src/MultiMapper.cpp:401(receiveLaserScan)] [topics: /rosout, /tf, /karto_out, /map, /others, /slam_path, /Mapper/vertices, /Mapper/closure_edges, /Mapper/odom_edges, /Mapper/colored_edges, /localization_result, /slam_pose_graph, /Mapper/loop_closed] PHASE2C_KEYSCAN_ACCEPTED unique_id=149 state_id=149 sim_time=210.300000
210.400000000 INFO /updateDistance [/home/wcqw/ac-slam/catkin_ws/src/cpp_solver/src/updateDistance.cpp:29(occupancyGridCallback)] [topics: /rosout, /edge_distance] Received an OccupancyGrid message!
210.400000000 INFO /updateDistance [/home/wcqw/ac-slam/catkin_ws/src/cpp_solver/src/updateDistance.cpp:30(occupancyGridCallback)] [topics: /rosout, /edge_distance] Width: 474, Height: 709, Size: 336066
210.400000000 INFO /updateDistance [/home/wcqw/ac-slam/catkin_ws/src/cpp_solver/src/updateDistance.cpp:32(occupancyGridCallback)] [topics: /rosout, /edge_distance] Map origin x: -7.138, y: -7.334
210.400000000 INFO /path_planner [path_planner.py:664(PathPlanner.handle_pose_graph)] [topics: /slam_pose_graph, /clock, /edge_distance, /pose_graph_idx, /rosout] Really visited vertices: 8 6 5 3 9 
210.400000000 INFO /RVIZ [/tmp/binarydeb/ros-noetic-rviz-1.14.26/src/rviz/default_plugin/map_display.cpp:604(MapDisplay::createSwatches)] [topics: /rosout, /initialpose, /goal, /clicked_point] Creating 1 swatches
210.400000000 INFO /updateDistance [/home/wcqw/ac-slam/catkin_ws/src/cpp_solver/src/updateDistance.cpp:87(occupancyGridCallback)] [topics: /rosout, /edge_distance] Free vertices size: 14
210.400000000 INFO /updateDistance [/home/wcqw/ac-slam/catkin_ws/src/cpp_solver/src/updateDistance.cpp:128(occupancyGridCallback)] [topics: /rosout, /edge_distance] 84 edge distance updated
213.200000000 INFO /Mapper [/home/wcqw/ac-slam/catkin_ws/src/navigation_2d/nav2d_karto/src/MultiMapper.cpp:401(receiveLaserScan)] [topics: /rosout, /tf, /karto_out, /map, /others, /slam_path, /Mapper/vertices, /Mapper/closure_edges, /Mapper/odom_edges, /Mapper/colored_edges, /localization_result, /slam_pose_graph, /Mapper/loop_closed] PHASE2C_KEYSCAN_ACCEPTED unique_id=150 state_id=150 sim_time=213.200000
213.200000000 INFO /updateDistance [/home/wcqw/ac-slam/catkin_ws/src/cpp_solver/src/updateDistance.cpp:29(occupancyGridCallback)] [topics: /rosout, /edge_distance] Received an OccupancyGrid message!
213.200000000 INFO /updateDistance [/home/wcqw/ac-slam/catkin_ws/src/cpp_solver/src/updateDistance.cpp:30(occupancyGridCallback)] [topics: /rosout, /edge_distance] Width: 483, Height: 709, Size: 342447
213.200000000 INFO /updateDistance [/home/wcqw/ac-slam/catkin_ws/src/cpp_solver/src/updateDistance.cpp:32(occupancyGridCallback)] [topics: /rosout, /edge_distance] Map origin x: -7.138, y: -7.334
213.200000000 INFO /path_planner [path_planner.py:664(PathPlanner.handle_pose_graph)] [topics: /slam_pose_graph, /clock, /edge_distance, /pose_graph_idx, /rosout] Really visited vertices: 8 6 5 3 9 
213.200000000 INFO /updateDistance [/home/wcqw/ac-slam/catkin_ws/src/cpp_solver/src/updateDistance.cpp:87(occupancyGridCallback)] [topics: /rosout, /edge_distance] Free vertices size: 14
213.200000000 INFO /updateDistance [/home/wcqw/ac-slam/catkin_ws/src/cpp_solver/src/updateDistance.cpp:128(occupancyGridCallback)] [topics: /rosout, /edge_distance] 84 edge distance updated
213.200000000 INFO /RVIZ [/tmp/binarydeb/ros-noetic-rviz-1.14.26/src/rviz/default_plugin/map_display.cpp:604(MapDisplay::createSwatches)] [topics: /rosout, /initialpose, /goal, /clicked_point] Creating 1 swatches
214.800000000 INFO /updateDistance [/home/wcqw/ac-slam/catkin_ws/src/cpp_solver/src/updateDistance.cpp:29(occupancyGridCallback)] [topics: /rosout, /edge_distance] Received an OccupancyGrid message!
214.800000000 INFO /updateDistance [/home/wcqw/ac-slam/catkin_ws/src/cpp_solver/src/updateDistance.cpp:30(occupancyGridCallback)] [topics: /rosout, /edge_distance] Width: 483, Height: 709, Size: 342447
214.800000000 INFO /updateDistance [/home/wcqw/ac-slam/catkin_ws/src/cpp_solver/src/updateDistance.cpp:32(occupancyGridCallback)] [topics: /rosout, /edge_distance] Map origin x: -7.138, y: -7.334
214.800000000 INFO /updateDistance [/home/wcqw/ac-slam/catkin_ws/src/cpp_solver/src/updateDistance.cpp:87(occupancyGridCallback)] [topics: /rosout, /edge_distance] Free vertices size: 14
214.800000000 INFO /updateDistance [/home/wcqw/ac-slam/catkin_ws/src/cpp_solver/src/updateDistance.cpp:128(occupancyGridCallback)] [topics: /rosout, /edge_distance] 84 edge distance updated
214.800000000 INFO /Navigator [/home/wcqw/ac-slam/catkin_ws/src/cpp_solver/src/MyPlanner.cpp:520(findExplorationTarget)] [topics: /rosout, /cmd, /Navigator/plan, /Navigator/markers, /Navigator/frontiers, /Navigator/frontier_to_vertex, /Navigator/nav_goal, /Navigator/prior_map, /Navigator/visual_tsp_path, /Navigator/tsp_index, /Navigator/path_finder, /Navigator/dist_map, /finished_topic, /request_replan, /Explore/result, /Explore/feedback, /Explore/status, /MoveTo/result, /MoveTo/feedback, /MoveTo/status, /Localize/result, /Localize/feedback, /Localize/status, /GetFirstMap/result, /GetFirstMap/feedback, /GetFirstMap/status] Call local replanning...
214.800000000 INFO /path_planner [path_planner.py:321(PathPlanner.handle_replanning)] [topics: /slam_pose_graph, /clock, /edge_distance, /pose_graph_idx, /rosout] Replanning request. curr_vertex_idx: 7
214.800000000 INFO /path_planner [path_planner.py:322(PathPlanner.handle_replanning)] [topics: /slam_pose_graph, /clock, /edge_distance, /pose_graph_idx, /rosout]                     covered_vertices: ()
214.800000000 INFO /path_planner [path_planner.py:336(PathPlanner.handle_replanning)] [topics: /slam_pose_graph, /clock, /edge_distance, /pose_graph_idx, /rosout] Handle local replanning...
214.800000000 INFO /path_planner [path_planner.py:348(PathPlanner.handle_replanning)] [topics: /slam_pose_graph, /clock, /edge_distance, /pose_graph_idx, /rosout] curr path length: 43, is_loop length: 43
214.800000000 INFO /path_planner [path_planner.py:360(PathPlanner.handle_replanning)] [topics: /slam_pose_graph, /clock, /edge_distance, /pose_graph_idx, /rosout] Send new plan: 8 7 6 5 4 3 9 15  ---> 16 10 11 35 37 20 19 15(L) 19 23 29 30 24 25 31 32 26 27 33 34 28 22 21 38 37(L) 38 36 12 13 14 8(L) 14 18 17 21(L) 
214.800000000 INFO /Navigator [/home/wcqw/ac-slam/catkin_ws/src/cpp_solver/src/MyPlanner.cpp:548(findExplorationTarget)] [topics: /rosout, /cmd, /Navigator/plan, /Navigator/markers, /Navigator/frontiers, /Navigator/frontier_to_vertex, /Navigator/nav_goal, /Navigator/prior_map, /Navigator/visual_tsp_path, /Navigator/tsp_index, /Navigator/path_finder, /Navigator/dist_map, /finished_topic, /request_replan, /Explore/result, /Explore/feedback, /Explore/status, /MoveTo/result, /MoveTo/feedback, /MoveTo/status, /Localize/result, /Localize/feedback, /Localize/status, /GetFirstMap/result, /GetFirstMap/feedback, /GetFirstMap/status] Reach vertex 15
214.800000000 INFO /Navigator [/home/wcqw/ac-slam/catkin_ws/src/cpp_solver/src/MyPlanner.cpp:652(findExplorationTarget)] [topics: /rosout, /cmd, /Navigator/plan, /Navigator/markers, /Navigator/frontiers, /Navigator/frontier_to_vertex, /Navigator/nav_goal, /Navigator/prior_map, /Navigator/visual_tsp_path, /Navigator/tsp_index, /Navigator/path_finder, /Navigator/dist_map, /finished_topic, /request_replan, /Explore/result, /Explore/feedback, /Explore/status, /MoveTo/result, /MoveTo/feedback, /MoveTo/status, /Localize/result, /Localize/feedback, /Localize/status, /GetFirstMap/result, /GetFirstMap/feedback, /GetFirstMap/status] Explore Goal 15 's frontiers...
216.000000000 INFO /Mapper [/home/wcqw/ac-slam/catkin_ws/src/navigation_2d/nav2d_karto/src/MultiMapper.cpp:401(receiveLaserScan)] [topics: /rosout, /tf, /karto_out, /map, /others, /slam_path, /Mapper/vertices, /Mapper/closure_edges, /Mapper/odom_edges, /Mapper/colored_edges, /localization_result, /slam_pose_graph, /Mapper/loop_closed] PHASE2C_KEYSCAN_ACCEPTED unique_id=151 state_id=151 sim_time=215.900000
216.000000000 INFO /updateDistance [/home/wcqw/ac-slam/catkin_ws/src/cpp_solver/src/updateDistance.cpp:29(occupancyGridCallback)] [topics: /rosout, /edge_distance] Received an OccupancyGrid message!
216.000000000 INFO /updateDistance [/home/wcqw/ac-slam/catkin_ws/src/cpp_solver/src/updateDistance.cpp:30(occupancyGridCallback)] [topics: /rosout, /edge_distance] Width: 493, Height: 709, Size: 349537
216.000000000 INFO /updateDistance [/home/wcqw/ac-slam/catkin_ws/src/cpp_solver/src/updateDistance.cpp:32(occupancyGridCallback)] [topics: /rosout, /edge_distance] Map origin x: -7.138, y: -7.334
216.000000000 INFO /path_planner [path_planner.py:664(PathPlanner.handle_pose_graph)] [topics: /slam_pose_graph, /clock, /edge_distance, /pose_graph_idx, /rosout] Really visited vertices: 8 6 5 3 9 
216.000000000 INFO /RVIZ [/tmp/binarydeb/ros-noetic-rviz-1.14.26/src/rviz/default_plugin/map_display.cpp:604(MapDisplay::createSwatches)] [topics: /rosout, /initialpose, /goal, /clicked_point] Creating 1 swatches
216.000000000 INFO /updateDistance [/home/wcqw/ac-slam/catkin_ws/src/cpp_solver/src/updateDistance.cpp:87(occupancyGridCallback)] [topics: /rosout, /edge_distance] Free vertices size: 15
216.000000000 INFO /updateDistance [/home/wcqw/ac-slam/catkin_ws/src/cpp_solver/src/updateDistance.cpp:128(occupancyGridCallback)] [topics: /rosout, /edge_distance] 97 edge distance updated
216.600000000 INFO /Mapper [/home/wcqw/ac-slam/catkin_ws/src/navigation_2d/nav2d_karto/src/MultiMapper.cpp:401(receiveLaserScan)] [topics: /rosout, /tf, /karto_out, /map, /others, /slam_path, /Mapper/vertices, /Mapper/closure_edges, /Mapper/odom_edges, /Mapper/colored_edges, /localization_result, /slam_pose_graph, /Mapper/loop_closed] PHASE2C_KEYSCAN_ACCEPTED unique_id=152 state_id=152 sim_time=216.500000
217.600000000 WARN /RVIZ [/tmp/binarydeb/ros-noetic-tf2-0.7.10/src/buffer_core.cpp:277()] [topics: /rosout, /initialpose, /goal, /clicked_point] TF_REPEATED_DATA ignoring data with redundant timestamp for frame odom (parent offset) at time 217.600000 according to authority unknown_publisher
217.600000000 WARN /RVIZ [/tmp/binarydeb/ros-noetic-tf2-0.7.10/src/buffer_core.cpp:277()] [topics: /rosout, /initialpose, /goal, /clicked_point] TF_REPEATED_DATA ignoring data with redundant timestamp for frame offset (parent map) at time 217.600000 according to authority unknown_publisher
217.800000000 INFO /updateDistance [/home/wcqw/ac-slam/catkin_ws/src/cpp_solver/src/updateDistance.cpp:29(occupancyGridCallback)] [topics: /rosout, /edge_distance] Received an OccupancyGrid message!
217.800000000 INFO /updateDistance [/home/wcqw/ac-slam/catkin_ws/src/cpp_solver/src/updateDistance.cpp:30(occupancyGridCallback)] [topics: /rosout, /edge_distance] Width: 493, Height: 709, Size: 349537
217.800000000 INFO /updateDistance [/home/wcqw/ac-slam/catkin_ws/src/cpp_solver/src/updateDistance.cpp:32(occupancyGridCallback)] [topics: /rosout, /edge_distance] Map origin x: -7.138, y: -7.334
217.800000000 INFO /updateDistance [/home/wcqw/ac-slam/catkin_ws/src/cpp_solver/src/updateDistance.cpp:87(occupancyGridCallback)] [topics: /rosout, /edge_distance] Free vertices size: 15
217.800000000 INFO /updateDistance [/home/wcqw/ac-slam/catkin_ws/src/cpp_solver/src/updateDistance.cpp:128(occupancyGridCallback)] [topics: /rosout, /edge_distance] 97 edge distance updated
217.800000000 INFO /Navigator [/home/wcqw/ac-slam/catkin_ws/src/cpp_solver/src/MyPlanner.cpp:520(findExplorationTarget)] [topics: /rosout, /cmd, /Navigator/plan, /Navigator/markers, /Navigator/frontiers, /Navigator/frontier_to_vertex, /Navigator/nav_goal, /Navigator/prior_map, /Navigator/visual_tsp_path, /Navigator/tsp_index, /Navigator/path_finder, /Navigator/dist_map, /finished_topic, /request_replan, /Explore/result, /Explore/feedback, /Explore/status, /MoveTo/result, /MoveTo/feedback, /MoveTo/status, /Localize/result, /Localize/feedback, /Localize/status, /GetFirstMap/result, /GetFirstMap/feedback, /GetFirstMap/status] Call local replanning...
217.800000000 INFO /path_planner [path_planner.py:321(PathPlanner.handle_replanning)] [topics: /slam_pose_graph, /clock, /edge_distance, /pose_graph_idx, /rosout] Replanning request. curr_vertex_idx: 7
217.800000000 INFO /path_planner [path_planner.py:322(PathPlanner.handle_replanning)] [topics: /slam_pose_graph, /clock, /edge_distance, /pose_graph_idx, /rosout]                     covered_vertices: ()
217.800000000 INFO /path_planner [path_planner.py:336(PathPlanner.handle_replanning)] [topics: /slam_pose_graph, /clock, /edge_distance, /pose_graph_idx, /rosout] Handle local replanning...
217.800000000 INFO /path_planner [path_planner.py:348(PathPlanner.handle_replanning)] [topics: /slam_pose_graph, /clock, /edge_distance, /pose_graph_idx, /rosout] curr path length: 43, is_loop length: 43
217.800000000 INFO /path_planner [path_planner.py:360(PathPlanner.handle_replanning)] [topics: /slam_pose_graph, /clock, /edge_distance, /pose_graph_idx, /rosout] Send new plan: 8 7 6 5 4 3 9 15  ---> 16 10 11 35 37 20 19 15(L) 19 23 29 30 24 25 31 32 26 27 33 34 28 22 21 38 37(L) 38 36 12 13 14 8(L) 14 18 17 21(L) 
217.800000000 INFO /Navigator [/home/wcqw/ac-slam/catkin_ws/src/cpp_solver/src/MyPlanner.cpp:652(findExplorationTarget)] [topics: /rosout, /cmd, /Navigator/plan, /Navigator/markers, /Navigator/frontiers, /Navigator/frontier_to_vertex, /Navigator/nav_goal, /Navigator/prior_map, /Navigator/visual_tsp_path, /Navigator/tsp_index, /Navigator/path_finder, /Navigator/dist_map, /finished_topic, /request_replan, /Explore/result, /Explore/feedback, /Explore/status, /MoveTo/result, /MoveTo/feedback, /MoveTo/status, /Localize/result, /Localize/feedback, /Localize/status, /GetFirstMap/result, /GetFirstMap/feedback, /GetFirstMap/status] Explore Goal 15 's frontiers...
218.200000000 INFO /Mapper [/home/wcqw/ac-slam/catkin_ws/src/navigation_2d/nav2d_karto/src/MultiMapper.cpp:401(receiveLaserScan)] [topics: /rosout, /tf, /karto_out, /map, /others, /slam_path, /Mapper/vertices, /Mapper/closure_edges, /Mapper/odom_edges, /Mapper/colored_edges, /localization_result, /slam_pose_graph, /Mapper/loop_closed] PHASE2C_KEYSCAN_ACCEPTED unique_id=153 state_id=153 sim_time=218.200000
219.200000000 WARN /RVIZ [/tmp/binarydeb/ros-noetic-tf2-0.7.10/src/buffer_core.cpp:277()] [topics: /rosout, /initialpose, /goal, /clicked_point] TF_REPEATED_DATA ignoring data with redundant timestamp for frame odom (parent offset) at time 219.200000 according to authority unknown_publisher
219.200000000 WARN /RVIZ [/tmp/binarydeb/ros-noetic-tf2-0.7.10/src/buffer_core.cpp:277()] [topics: /rosout, /initialpose, /goal, /clicked_point] TF_REPEATED_DATA ignoring data with redundant timestamp for frame offset (parent map) at time 219.200000 according to authority unknown_publisher
219.600000000 INFO /Mapper [/home/wcqw/ac-slam/catkin_ws/src/navigation_2d/nav2d_karto/src/MultiMapper.cpp:401(receiveLaserScan)] [topics: /rosout, /tf, /karto_out, /map, /others, /slam_path, /Mapper/vertices, /Mapper/closure_edges, /Mapper/odom_edges, /Mapper/colored_edges, /localization_result, /slam_pose_graph, /Mapper/loop_closed] PHASE2C_KEYSCAN_ACCEPTED unique_id=154 state_id=154 sim_time=219.500000
219.600000000 INFO /updateDistance [/home/wcqw/ac-slam/catkin_ws/src/cpp_solver/src/updateDistance.cpp:29(occupancyGridCallback)] [topics: /rosout, /edge_distance] Received an OccupancyGrid message!
219.600000000 INFO /updateDistance [/home/wcqw/ac-slam/catkin_ws/src/cpp_solver/src/updateDistance.cpp:30(occupancyGridCallback)] [topics: /rosout, /edge_distance] Width: 494, Height: 709, Size: 350246
219.600000000 INFO /updateDistance [/home/wcqw/ac-slam/catkin_ws/src/cpp_solver/src/updateDistance.cpp:32(occupancyGridCallback)] [topics: /rosout, /edge_distance] Map origin x: -7.138, y: -7.334
219.600000000 INFO /path_planner [path_planner.py:664(PathPlanner.handle_pose_graph)] [topics: /slam_pose_graph, /clock, /edge_distance, /pose_graph_idx, /rosout] Really visited vertices: 8 6 5 3 9 15 
219.600000000 INFO /updateDistance [/home/wcqw/ac-slam/catkin_ws/src/cpp_solver/src/updateDistance.cpp:87(occupancyGridCallback)] [topics: /rosout, /edge_distance] Free vertices size: 15
219.600000000 INFO /updateDistance [/home/wcqw/ac-slam/catkin_ws/src/cpp_solver/src/updateDistance.cpp:128(occupancyGridCallback)] [topics: /rosout, /edge_distance] 97 edge distance updated
219.600000000 INFO /updateDistance [/home/wcqw/ac-slam/catkin_ws/src/cpp_solver/src/updateDistance.cpp:29(occupancyGridCallback)] [topics: /rosout, /edge_distance] Received an OccupancyGrid message!
219.600000000 INFO /updateDistance [/home/wcqw/ac-slam/catkin_ws/src/cpp_solver/src/updateDistance.cpp:30(occupancyGridCallback)] [topics: /rosout, /edge_distance] Width: 494, Height: 709, Size: 350246
219.600000000 INFO /updateDistance [/home/wcqw/ac-slam/catkin_ws/src/cpp_solver/src/updateDistance.cpp:32(occupancyGridCallback)] [topics: /rosout, /edge_distance] Map origin x: -7.138, y: -7.334
219.600000000 INFO /updateDistance [/home/wcqw/ac-slam/catkin_ws/src/cpp_solver/src/updateDistance.cpp:87(occupancyGridCallback)] [topics: /rosout, /edge_distance] Free vertices size: 15
219.600000000 INFO /updateDistance [/home/wcqw/ac-slam/catkin_ws/src/cpp_solver/src/updateDistance.cpp:128(occupancyGridCallback)] [topics: /rosout, /edge_distance] 97 edge distance updated
219.600000000 INFO /RVIZ [/tmp/binarydeb/ros-noetic-rviz-1.14.26/src/rviz/default_plugin/map_display.cpp:604(MapDisplay::createSwatches)] [topics: /rosout, /initialpose, /goal, /clicked_point] Creating 1 swatches
219.600000000 INFO /Navigator [/home/wcqw/ac-slam/catkin_ws/src/cpp_solver/src/MyPlanner.cpp:520(findExplorationTarget)] [topics: /rosout, /cmd, /Navigator/plan, /Navigator/markers, /Navigator/frontiers, /Navigator/frontier_to_vertex, /Navigator/nav_goal, /Navigator/prior_map, /Navigator/visual_tsp_path, /Navigator/tsp_index, /Navigator/path_finder, /Navigator/dist_map, /finished_topic, /request_replan, /Explore/result, /Explore/feedback, /Explore/status, /MoveTo/result, /MoveTo/feedback, /MoveTo/status, /Localize/result, /Localize/feedback, /Localize/status, /GetFirstMap/result, /GetFirstMap/feedback, /GetFirstMap/status] Call local replanning...
219.600000000 INFO /path_planner [path_planner.py:321(PathPlanner.handle_replanning)] [topics: /slam_pose_graph, /clock, /edge_distance, /pose_graph_idx, /rosout] Replanning request. curr_vertex_idx: 7
219.600000000 INFO /path_planner [path_planner.py:322(PathPlanner.handle_replanning)] [topics: /slam_pose_graph, /clock, /edge_distance, /pose_graph_idx, /rosout]                     covered_vertices: ()
219.600000000 INFO /path_planner [path_planner.py:336(PathPlanner.handle_replanning)] [topics: /slam_pose_graph, /clock, /edge_distance, /pose_graph_idx, /rosout] Handle local replanning...
219.600000000 INFO /path_planner [path_planner.py:348(PathPlanner.handle_replanning)] [topics: /slam_pose_graph, /clock, /edge_distance, /pose_graph_idx, /rosout] curr path length: 43, is_loop length: 43
219.600000000 INFO /path_planner [path_planner.py:360(PathPlanner.handle_replanning)] [topics: /slam_pose_graph, /clock, /edge_distance, /pose_graph_idx, /rosout] Send new plan: 8 7 6 5 4 3 9 15  ---> 16 10 11 35 37 20 19 15(L) 19 23 29 30 24 25 31 32 26 27 33 34 28 22 21 38 37(L) 38 36 12 13 14 8(L) 14 18 17 21(L) 
219.600000000 WARN /Navigator [/home/wcqw/ac-slam/catkin_ws/src/cpp_solver/src/MyPlanner.cpp:609(findExplorationTarget)] [topics: /rosout, /cmd, /Navigator/plan, /Navigator/markers, /Navigator/frontiers, /Navigator/frontier_to_vertex, /Navigator/nav_goal, /Navigator/prior_map, /Navigator/visual_tsp_path, /Navigator/tsp_index, /Navigator/path_finder, /Navigator/dist_map, /finished_topic, /request_replan, /Explore/result, /Explore/feedback, /Explore/status, /MoveTo/result, /MoveTo/feedback, /MoveTo/status, /Localize/result, /Localize/feedback, /Localize/status, /GetFirstMap/result, /GetFirstMap/feedback, /GetFirstMap/status] No frontier at vertex 15. #Frontier: 0
219.600000000 INFO /Navigator [/home/wcqw/ac-slam/catkin_ws/src/cpp_solver/src/MyPlanner.cpp:318(getUsefulGoalIndex)] [topics: /rosout, /cmd, /Navigator/plan, /Navigator/markers, /Navigator/frontiers, /Navigator/frontier_to_vertex, /Navigator/nav_goal, /Navigator/prior_map, /Navigator/visual_tsp_path, /Navigator/tsp_index, /Navigator/path_finder, /Navigator/dist_map, /finished_topic, /request_replan, /Explore/result, /Explore/feedback, /Explore/status, /MoveTo/result, /MoveTo/feedback, /MoveTo/status, /Localize/result, /Localize/feedback, /Localize/status, /GetFirstMap/result, /GetFirstMap/feedback, /GetFirstMap/status] Set newGoal 16
219.600000000 INFO /Navigator [/home/wcqw/ac-slam/catkin_ws/src/cpp_solver/src/MyPlanner.cpp:1192(getWaypointToGoal)] [topics: /rosout, /cmd, /Navigator/plan, /Navigator/markers, /Navigator/frontiers, /Navigator/frontier_to_vertex, /Navigator/nav_goal, /Navigator/prior_map, /Navigator/visual_tsp_path, /Navigator/tsp_index, /Navigator/path_finder, /Navigator/dist_map, /finished_topic, /request_replan, /Explore/result, /Explore/feedback, /Explore/status, /MoveTo/result, /MoveTo/feedback, /MoveTo/status, /Localize/result, /Localize/feedback, /Localize/status, /GetFirstMap/result, /GetFirstMap/feedback, /GetFirstMap/status] Find middle goal point.
220.600000000 INFO /Mapper [/home/wcqw/ac-slam/catkin_ws/src/navigation_2d/nav2d_karto/src/MultiMapper.cpp:401(receiveLaserScan)] [topics: /rosout, /tf, /karto_out, /map, /others, /slam_path, /Mapper/vertices, /Mapper/closure_edges, /Mapper/odom_edges, /Mapper/colored_edges, /localization_result, /slam_pose_graph, /Mapper/loop_closed] PHASE2C_KEYSCAN_ACCEPTED unique_id=155 state_id=155 sim_time=220.600000
221.200000000 INFO /Mapper [/home/wcqw/ac-slam/catkin_ws/src/navigation_2d/nav2d_karto/src/MultiMapper.cpp:401(receiveLaserScan)] [topics: /rosout, /tf, /karto_out, /map, /others, /slam_path, /Mapper/vertices, /Mapper/closure_edges, /Mapper/odom_edges, /Mapper/colored_edges, /localization_result, /slam_pose_graph, /Mapper/loop_closed] PHASE2C_KEYSCAN_ACCEPTED unique_id=156 state_id=156 sim_time=221.200000
221.200000000 INFO /updateDistance [/home/wcqw/ac-slam/catkin_ws/src/cpp_solver/src/updateDistance.cpp:29(occupancyGridCallback)] [topics: /rosout, /edge_distance] Received an OccupancyGrid message!
221.200000000 INFO /updateDistance [/home/wcqw/ac-slam/catkin_ws/src/cpp_solver/src/updateDistance.cpp:30(occupancyGridCallback)] [topics: /rosout, /edge_distance] Width: 496, Height: 709, Size: 351664
221.200000000 INFO /updateDistance [/home/wcqw/ac-slam/catkin_ws/src/cpp_solver/src/updateDistance.cpp:32(occupancyGridCallback)] [topics: /rosout, /edge_distance] Map origin x: -7.138, y: -7.334
221.200000000 INFO /path_planner [path_planner.py:664(PathPlanner.handle_pose_graph)] [topics: /slam_pose_graph, /clock, /edge_distance, /pose_graph_idx, /rosout] Really visited vertices: 8 6 5 3 9 15 
221.200000000 INFO /updateDistance [/home/wcqw/ac-slam/catkin_ws/src/cpp_solver/src/updateDistance.cpp:87(occupancyGridCallback)] [topics: /rosout, /edge_distance] Free vertices size: 15
221.200000000 INFO /updateDistance [/home/wcqw/ac-slam/catkin_ws/src/cpp_solver/src/updateDistance.cpp:128(occupancyGridCallback)] [topics: /rosout, /edge_distance] 97 edge distance updated
221.200000000 INFO /RVIZ [/tmp/binarydeb/ros-noetic-rviz-1.14.26/src/rviz/default_plugin/map_display.cpp:604(MapDisplay::createSwatches)] [topics: /rosout, /initialpose, /goal, /clicked_point] Creating 1 swatches
222.000000000 INFO /Mapper [/home/wcqw/ac-slam/catkin_ws/src/navigation_2d/nav2d_karto/src/MultiMapper.cpp:401(receiveLaserScan)] [topics: /rosout, /tf, /karto_out, /map, /others, /slam_path, /Mapper/vertices, /Mapper/closure_edges, /Mapper/odom_edges, /Mapper/colored_edges, /localization_result, /slam_pose_graph, /Mapper/loop_closed] PHASE2C_KEYSCAN_ACCEPTED unique_id=157 state_id=157 sim_time=221.900000
223.600000000 INFO /Mapper [/home/wcqw/ac-slam/catkin_ws/src/navigation_2d/nav2d_karto/src/MultiMapper.cpp:401(receiveLaserScan)] [topics: /rosout, /tf, /karto_out, /map, /others, /slam_path, /Mapper/vertices, /Mapper/closure_edges, /Mapper/odom_edges, /Mapper/colored_edges, /localization_result, /slam_pose_graph, /Mapper/loop_closed] PHASE2C_KEYSCAN_ACCEPTED unique_id=158 state_id=158 sim_time=223.500000
223.600000000 INFO /updateDistance [/home/wcqw/ac-slam/catkin_ws/src/cpp_solver/src/updateDistance.cpp:29(occupancyGridCallback)] [topics: /rosout, /edge_distance] Received an OccupancyGrid message!
223.600000000 INFO /updateDistance [/home/wcqw/ac-slam/catkin_ws/src/cpp_solver/src/updateDistance.cpp:30(occupancyGridCallback)] [topics: /rosout, /edge_distance] Width: 507, Height: 709, Size: 359463
223.600000000 INFO /updateDistance [/home/wcqw/ac-slam/catkin_ws/src/cpp_solver/src/updateDistance.cpp:32(occupancyGridCallback)] [topics: /rosout, /edge_distance] Map origin x: -7.138, y: -7.334
223.600000000 WARN /RVIZ [/tmp/binarydeb/ros-noetic-tf2-0.7.10/src/buffer_core.cpp:277()] [topics: /rosout, /initialpose, /goal, /clicked_point] TF_REPEATED_DATA ignoring data with redundant timestamp for frame odom (parent offset) at time 223.600000 according to authority unknown_publisher
223.600000000 WARN /RVIZ [/tmp/binarydeb/ros-noetic-tf2-0.7.10/src/buffer_core.cpp:277()] [topics: /rosout, /initialpose, /goal, /clicked_point] TF_REPEATED_DATA ignoring data with redundant timestamp for frame offset (parent map) at time 223.600000 according to authority unknown_publisher
223.600000000 INFO /path_planner [path_planner.py:664(PathPlanner.handle_pose_graph)] [topics: /slam_pose_graph, /clock, /edge_distance, /pose_graph_idx, /rosout] Really visited vertices: 8 6 5 3 9 15 
223.600000000 INFO /updateDistance [/home/wcqw/ac-slam/catkin_ws/src/cpp_solver/src/updateDistance.cpp:87(occupancyGridCallback)] [topics: /rosout, /edge_distance] Free vertices size: 15
223.600000000 INFO /RVIZ [/tmp/binarydeb/ros-noetic-rviz-1.14.26/src/rviz/default_plugin/map_display.cpp:604(MapDisplay::createSwatches)] [topics: /rosout, /initialpose, /goal, /clicked_point] Creating 1 swatches
223.600000000 INFO /updateDistance [/home/wcqw/ac-slam/catkin_ws/src/cpp_solver/src/updateDistance.cpp:128(occupancyGridCallback)] [topics: /rosout, /edge_distance] 109 edge distance updated
225.000000000 INFO /Mapper [/home/wcqw/ac-slam/catkin_ws/src/navigation_2d/nav2d_karto/src/MultiMapper.cpp:401(receiveLaserScan)] [topics: /rosout, /tf, /karto_out, /map, /others, /slam_path, /Mapper/vertices, /Mapper/closure_edges, /Mapper/odom_edges, /Mapper/colored_edges, /localization_result, /slam_pose_graph, /Mapper/loop_closed] PHASE2C_KEYSCAN_ACCEPTED unique_id=159 state_id=159 sim_time=225.000000
225.000000000 INFO /updateDistance [/home/wcqw/ac-slam/catkin_ws/src/cpp_solver/src/updateDistance.cpp:29(occupancyGridCallback)] [topics: /rosout, /edge_distance] Received an OccupancyGrid message!
225.000000000 INFO /updateDistance [/home/wcqw/ac-slam/catkin_ws/src/cpp_solver/src/updateDistance.cpp:30(occupancyGridCallback)] [topics: /rosout, /edge_distance] Width: 514, Height: 709, Size: 364426
225.000000000 INFO /updateDistance [/home/wcqw/ac-slam/catkin_ws/src/cpp_solver/src/updateDistance.cpp:32(occupancyGridCallback)] [topics: /rosout, /edge_distance] Map origin x: -7.138, y: -7.334
225.000000000 INFO /path_planner [path_planner.py:664(PathPlanner.handle_pose_graph)] [topics: /slam_pose_graph, /clock, /edge_distance, /pose_graph_idx, /rosout] Really visited vertices: 8 6 5 3 9 15 
225.000000000 INFO /updateDistance [/home/wcqw/ac-slam/catkin_ws/src/cpp_solver/src/updateDistance.cpp:87(occupancyGridCallback)] [topics: /rosout, /edge_distance] Free vertices size: 15
225.000000000 INFO /updateDistance [/home/wcqw/ac-slam/catkin_ws/src/cpp_solver/src/updateDistance.cpp:128(occupancyGridCallback)] [topics: /rosout, /edge_distance] 109 edge distance updated
225.000000000 INFO /RVIZ [/tmp/binarydeb/ros-noetic-rviz-1.14.26/src/rviz/default_plugin/map_display.cpp:604(MapDisplay::createSwatches)] [topics: /rosout, /initialpose, /goal, /clicked_point] Creating 1 swatches
225.700000000 INFO /updateDistance [/home/wcqw/ac-slam/catkin_ws/src/cpp_solver/src/updateDistance.cpp:29(occupancyGridCallback)] [topics: /rosout, /edge_distance] Received an OccupancyGrid message!
225.700000000 INFO /updateDistance [/home/wcqw/ac-slam/catkin_ws/src/cpp_solver/src/updateDistance.cpp:30(occupancyGridCallback)] [topics: /rosout, /edge_distance] Width: 514, Height: 709, Size: 364426
225.700000000 INFO /updateDistance [/home/wcqw/ac-slam/catkin_ws/src/cpp_solver/src/updateDistance.cpp:32(occupancyGridCallback)] [topics: /rosout, /edge_distance] Map origin x: -7.138, y: -7.334
225.800000000 INFO /updateDistance [/home/wcqw/ac-slam/catkin_ws/src/cpp_solver/src/updateDistance.cpp:87(occupancyGridCallback)] [topics: /rosout, /edge_distance] Free vertices size: 15
225.800000000 INFO /updateDistance [/home/wcqw/ac-slam/catkin_ws/src/cpp_solver/src/updateDistance.cpp:128(occupancyGridCallback)] [topics: /rosout, /edge_distance] 109 edge distance updated
225.800000000 INFO /Navigator [/home/wcqw/ac-slam/catkin_ws/src/cpp_solver/src/MyPlanner.cpp:520(findExplorationTarget)] [topics: /rosout, /cmd, /Navigator/plan, /Navigator/markers, /Navigator/frontiers, /Navigator/frontier_to_vertex, /Navigator/nav_goal, /Navigator/prior_map, /Navigator/visual_tsp_path, /Navigator/tsp_index, /Navigator/path_finder, /Navigator/dist_map, /finished_topic, /request_replan, /Explore/result, /Explore/feedback, /Explore/status, /MoveTo/result, /MoveTo/feedback, /MoveTo/status, /Localize/result, /Localize/feedback, /Localize/status, /GetFirstMap/result, /GetFirstMap/feedback, /GetFirstMap/status] Call local replanning...
225.800000000 INFO /path_planner [path_planner.py:321(PathPlanner.handle_replanning)] [topics: /slam_pose_graph, /clock, /edge_distance, /pose_graph_idx, /rosout] Replanning request. curr_vertex_idx: 8
225.800000000 INFO /path_planner [path_planner.py:322(PathPlanner.handle_replanning)] [topics: /slam_pose_graph, /clock, /edge_distance, /pose_graph_idx, /rosout]                     covered_vertices: ()
225.800000000 INFO /path_planner [path_planner.py:336(PathPlanner.handle_replanning)] [topics: /slam_pose_graph, /clock, /edge_distance, /pose_graph_idx, /rosout] Handle local replanning...
225.800000000 INFO /path_planner [path_planner.py:389(PathPlanner.handle_local_replanning)] [topics: /slam_pose_graph, /clock, /edge_distance, /pose_graph_idx, /rosout] Local path to replan: [16, 10, 11, 35, 37, 20, 19, 15]
225.800000000 INFO /path_planner [path_planner.py:348(PathPlanner.handle_replanning)] [topics: /slam_pose_graph, /clock, /edge_distance, /pose_graph_idx, /rosout] curr path length: 43, is_loop length: 43
225.800000000 INFO /path_planner [path_planner.py:360(PathPlanner.handle_replanning)] [topics: /slam_pose_graph, /clock, /edge_distance, /pose_graph_idx, /rosout] Send new plan: 8 7 6 5 4 3 9 15 16  ---> 10 11 35 37 20 19 15(L) 19 23 29 30 24 25 31 32 26 27 33 34 28 22 21 38 37(L) 38 36 12 13 14 8(L) 14 18 17 21(L) 
227.800000000 INFO /Mapper [/home/wcqw/ac-slam/catkin_ws/src/navigation_2d/nav2d_karto/src/MultiMapper.cpp:401(receiveLaserScan)] [topics: /rosout, /tf, /karto_out, /map, /others, /slam_path, /Mapper/vertices, /Mapper/closure_edges, /Mapper/odom_edges, /Mapper/colored_edges, /localization_result, /slam_pose_graph, /Mapper/loop_closed] PHASE2C_KEYSCAN_ACCEPTED unique_id=160 state_id=160 sim_time=227.700000
227.800000000 INFO /updateDistance [/home/wcqw/ac-slam/catkin_ws/src/cpp_solver/src/updateDistance.cpp:29(occupancyGridCallback)] [topics: /rosout, /edge_distance] Received an OccupancyGrid message!
227.800000000 INFO /updateDistance [/home/wcqw/ac-slam/catkin_ws/src/cpp_solver/src/updateDistance.cpp:30(occupancyGridCallback)] [topics: /rosout, /edge_distance] Width: 522, Height: 709, Size: 370098
227.800000000 INFO /updateDistance [/home/wcqw/ac-slam/catkin_ws/src/cpp_solver/src/updateDistance.cpp:32(occupancyGridCallback)] [topics: /rosout, /edge_distance] Map origin x: -7.138, y: -7.334
227.800000000 INFO /path_planner [path_planner.py:664(PathPlanner.handle_pose_graph)] [topics: /slam_pose_graph, /clock, /edge_distance, /pose_graph_idx, /rosout] Really visited vertices: 8 6 5 3 9 15 
227.800000000 INFO /updateDistance [/home/wcqw/ac-slam/catkin_ws/src/cpp_solver/src/updateDistance.cpp:87(occupancyGridCallback)] [topics: /rosout, /edge_distance] Free vertices size: 15
227.800000000 INFO /updateDistance [/home/wcqw/ac-slam/catkin_ws/src/cpp_solver/src/updateDistance.cpp:128(occupancyGridCallback)] [topics: /rosout, /edge_distance] 109 edge distance updated
227.800000000 INFO /RVIZ [/tmp/binarydeb/ros-noetic-rviz-1.14.26/src/rviz/default_plugin/map_display.cpp:604(MapDisplay::createSwatches)] [topics: /rosout, /initialpose, /goal, /clicked_point] Creating 1 swatches
228.400000000 WARN /RVIZ [/tmp/binarydeb/ros-noetic-tf2-0.7.10/src/buffer_core.cpp:277()] [topics: /rosout, /initialpose, /goal, /clicked_point] TF_REPEATED_DATA ignoring data with redundant timestamp for frame odom (parent offset) at time 228.400000 according to authority unknown_publisher
228.400000000 WARN /RVIZ [/tmp/binarydeb/ros-noetic-tf2-0.7.10/src/buffer_core.cpp:277()] [topics: /rosout, /initialpose, /goal, /clicked_point] TF_REPEATED_DATA ignoring data with redundant timestamp for frame offset (parent map) at time 228.400000 according to authority unknown_publisher
229.000000000 INFO /Mapper [/home/wcqw/ac-slam/catkin_ws/src/navigation_2d/nav2d_karto/src/MultiMapper.cpp:401(receiveLaserScan)] [topics: /rosout, /tf, /karto_out, /map, /others, /slam_path, /Mapper/vertices, /Mapper/closure_edges, /Mapper/odom_edges, /Mapper/colored_edges, /localization_result, /slam_pose_graph, /Mapper/loop_closed] PHASE2C_KEYSCAN_ACCEPTED unique_id=161 state_id=161 sim_time=229.000000
229.000000000 INFO /updateDistance [/home/wcqw/ac-slam/catkin_ws/src/cpp_solver/src/updateDistance.cpp:29(occupancyGridCallback)] [topics: /rosout, /edge_distance] Received an OccupancyGrid message!
229.000000000 INFO /updateDistance [/home/wcqw/ac-slam/catkin_ws/src/cpp_solver/src/updateDistance.cpp:30(occupancyGridCallback)] [topics: /rosout, /edge_distance] Width: 529, Height: 709, Size: 375061
229.000000000 INFO /updateDistance [/home/wcqw/ac-slam/catkin_ws/src/cpp_solver/src/updateDistance.cpp:32(occupancyGridCallback)] [topics: /rosout, /edge_distance] Map origin x: -7.138, y: -7.334
229.000000000 INFO /path_planner [path_planner.py:664(PathPlanner.handle_pose_graph)] [topics: /slam_pose_graph, /clock, /edge_distance, /pose_graph_idx, /rosout] Really visited vertices: 8 6 5 3 9 15 
229.000000000 INFO /updateDistance [/home/wcqw/ac-slam/catkin_ws/src/cpp_solver/src/updateDistance.cpp:87(occupancyGridCallback)] [topics: /rosout, /edge_distance] Free vertices size: 15
229.000000000 INFO /updateDistance [/home/wcqw/ac-slam/catkin_ws/src/cpp_solver/src/updateDistance.cpp:128(occupancyGridCallback)] [topics: /rosout, /edge_distance] 109 edge distance updated
229.000000000 INFO /RVIZ [/tmp/binarydeb/ros-noetic-rviz-1.14.26/src/rviz/default_plugin/map_display.cpp:604(MapDisplay::createSwatches)] [topics: /rosout, /initialpose, /goal, /clicked_point] Creating 1 swatches
231.200000000 INFO /Mapper [/home/wcqw/ac-slam/catkin_ws/src/navigation_2d/nav2d_karto/src/MultiMapper.cpp:401(receiveLaserScan)] [topics: /rosout, /tf, /karto_out, /map, /others, /slam_path, /Mapper/vertices, /Mapper/closure_edges, /Mapper/odom_edges, /Mapper/colored_edges, /localization_result, /slam_pose_graph, /Mapper/loop_closed] PHASE2C_KEYSCAN_ACCEPTED unique_id=162 state_id=162 sim_time=231.200000
231.200000000 INFO /updateDistance [/home/wcqw/ac-slam/catkin_ws/src/cpp_solver/src/updateDistance.cpp:29(occupancyGridCallback)] [topics: /rosout, /edge_distance] Received an OccupancyGrid message!
231.200000000 INFO /updateDistance [/home/wcqw/ac-slam/catkin_ws/src/cpp_solver/src/updateDistance.cpp:30(occupancyGridCallback)] [topics: /rosout, /edge_distance] Width: 535, Height: 709, Size: 379315
231.200000000 INFO /updateDistance [/home/wcqw/ac-slam/catkin_ws/src/cpp_solver/src/updateDistance.cpp:32(occupancyGridCallback)] [topics: /rosout, /edge_distance] Map origin x: -7.138, y: -7.334
231.200000000 INFO /path_planner [path_planner.py:664(PathPlanner.handle_pose_graph)] [topics: /slam_pose_graph, /clock, /edge_distance, /pose_graph_idx, /rosout] Really visited vertices: 8 6 5 3 9 15 
231.200000000 INFO /updateDistance [/home/wcqw/ac-slam/catkin_ws/src/cpp_solver/src/updateDistance.cpp:87(occupancyGridCallback)] [topics: /rosout, /edge_distance] Free vertices size: 15
231.200000000 INFO /updateDistance [/home/wcqw/ac-slam/catkin_ws/src/cpp_solver/src/updateDistance.cpp:128(occupancyGridCallback)] [topics: /rosout, /edge_distance] 109 edge distance updated
231.200000000 INFO /RVIZ [/tmp/binarydeb/ros-noetic-rviz-1.14.26/src/rviz/default_plugin/map_display.cpp:604(MapDisplay::createSwatches)] [topics: /rosout, /initialpose, /goal, /clicked_point] Creating 1 swatches
231.400000000 WARN /RVIZ [/tmp/binarydeb/ros-noetic-tf2-0.7.10/src/buffer_core.cpp:277()] [topics: /rosout, /initialpose, /goal, /clicked_point] TF_REPEATED_DATA ignoring data with redundant timestamp for frame odom (parent offset) at time 231.400000 according to authority unknown_publisher
231.400000000 WARN /RVIZ [/tmp/binarydeb/ros-noetic-tf2-0.7.10/src/buffer_core.cpp:277()] [topics: /rosout, /initialpose, /goal, /clicked_point] TF_REPEATED_DATA ignoring data with redundant timestamp for frame offset (parent map) at time 231.400000 according to authority unknown_publisher
231.700000000 INFO /updateDistance [/home/wcqw/ac-slam/catkin_ws/src/cpp_solver/src/updateDistance.cpp:29(occupancyGridCallback)] [topics: /rosout, /edge_distance] Received an OccupancyGrid message!
231.700000000 INFO /updateDistance [/home/wcqw/ac-slam/catkin_ws/src/cpp_solver/src/updateDistance.cpp:30(occupancyGridCallback)] [topics: /rosout, /edge_distance] Width: 535, Height: 709, Size: 379315
231.700000000 INFO /updateDistance [/home/wcqw/ac-slam/catkin_ws/src/cpp_solver/src/updateDistance.cpp:32(occupancyGridCallback)] [topics: /rosout, /edge_distance] Map origin x: -7.138, y: -7.334
231.800000000 INFO /updateDistance [/home/wcqw/ac-slam/catkin_ws/src/cpp_solver/src/updateDistance.cpp:87(occupancyGridCallback)] [topics: /rosout, /edge_distance] Free vertices size: 15
231.800000000 INFO /updateDistance [/home/wcqw/ac-slam/catkin_ws/src/cpp_solver/src/updateDistance.cpp:128(occupancyGridCallback)] [topics: /rosout, /edge_distance] 109 edge distance updated
231.800000000 INFO /Navigator [/home/wcqw/ac-slam/catkin_ws/src/cpp_solver/src/MyPlanner.cpp:520(findExplorationTarget)] [topics: /rosout, /cmd, /Navigator/plan, /Navigator/markers, /Navigator/frontiers, /Navigator/frontier_to_vertex, /Navigator/nav_goal, /Navigator/prior_map, /Navigator/visual_tsp_path, /Navigator/tsp_index, /Navigator/path_finder, /Navigator/dist_map, /finished_topic, /request_replan, /Explore/result, /Explore/feedback, /Explore/status, /MoveTo/result, /MoveTo/feedback, /MoveTo/status, /Localize/result, /Localize/feedback, /Localize/status, /GetFirstMap/result, /GetFirstMap/feedback, /GetFirstMap/status] Call local replanning...
231.800000000 INFO /path_planner [path_planner.py:321(PathPlanner.handle_replanning)] [topics: /slam_pose_graph, /clock, /edge_distance, /pose_graph_idx, /rosout] Replanning request. curr_vertex_idx: 8
231.800000000 INFO /path_planner [path_planner.py:322(PathPlanner.handle_replanning)] [topics: /slam_pose_graph, /clock, /edge_distance, /pose_graph_idx, /rosout]                     covered_vertices: ()
231.800000000 INFO /path_planner [path_planner.py:336(PathPlanner.handle_replanning)] [topics: /slam_pose_graph, /clock, /edge_distance, /pose_graph_idx, /rosout] Handle local replanning...
231.800000000 INFO /path_planner [path_planner.py:389(PathPlanner.handle_local_replanning)] [topics: /slam_pose_graph, /clock, /edge_distance, /pose_graph_idx, /rosout] Local path to replan: [16, 10, 11, 35, 37, 20, 19, 15]
231.800000000 INFO /path_planner [path_planner.py:348(PathPlanner.handle_replanning)] [topics: /slam_pose_graph, /clock, /edge_distance, /pose_graph_idx, /rosout] curr path length: 43, is_loop length: 43
231.800000000 INFO /path_planner [path_planner.py:360(PathPlanner.handle_replanning)] [topics: /slam_pose_graph, /clock, /edge_distance, /pose_graph_idx, /rosout] Send new plan: 8 7 6 5 4 3 9 15 16  ---> 10 11 35 37 20 19 15(L) 19 23 29 30 24 25 31 32 26 27 33 34 28 22 21 38 37(L) 38 36 12 13 14 8(L) 14 18 17 21(L) 
232.800000000 INFO /Mapper [/home/wcqw/ac-slam/catkin_ws/src/navigation_2d/nav2d_karto/src/MultiMapper.cpp:401(receiveLaserScan)] [topics: /rosout, /tf, /karto_out, /map, /others, /slam_path, /Mapper/vertices, /Mapper/closure_edges, /Mapper/odom_edges, /Mapper/colored_edges, /localization_result, /slam_pose_graph, /Mapper/loop_closed] PHASE2C_KEYSCAN_ACCEPTED unique_id=163 state_id=163 sim_time=232.800000
232.800000000 INFO /updateDistance [/home/wcqw/ac-slam/catkin_ws/src/cpp_solver/src/updateDistance.cpp:29(occupancyGridCallback)] [topics: /rosout, /edge_distance] Received an OccupancyGrid message!
232.800000000 INFO /updateDistance [/home/wcqw/ac-slam/catkin_ws/src/cpp_solver/src/updateDistance.cpp:30(occupancyGridCallback)] [topics: /rosout, /edge_distance] Width: 540, Height: 709, Size: 382860
232.800000000 INFO /updateDistance [/home/wcqw/ac-slam/catkin_ws/src/cpp_solver/src/updateDistance.cpp:32(occupancyGridCallback)] [topics: /rosout, /edge_distance] Map origin x: -7.138, y: -7.334
232.800000000 INFO /path_planner [path_planner.py:664(PathPlanner.handle_pose_graph)] [topics: /slam_pose_graph, /clock, /edge_distance, /pose_graph_idx, /rosout] Really visited vertices: 8 6 5 3 9 15 
232.800000000 INFO /updateDistance [/home/wcqw/ac-slam/catkin_ws/src/cpp_solver/src/updateDistance.cpp:87(occupancyGridCallback)] [topics: /rosout, /edge_distance] Free vertices size: 15
232.800000000 INFO /updateDistance [/home/wcqw/ac-slam/catkin_ws/src/cpp_solver/src/updateDistance.cpp:128(occupancyGridCallback)] [topics: /rosout, /edge_distance] 109 edge distance updated
232.800000000 INFO /RVIZ [/tmp/binarydeb/ros-noetic-rviz-1.14.26/src/rviz/default_plugin/map_display.cpp:604(MapDisplay::createSwatches)] [topics: /rosout, /initialpose, /goal, /clicked_point] Creating 1 swatches
235.000000000 INFO /Mapper [/home/wcqw/ac-slam/catkin_ws/src/navigation_2d/nav2d_karto/src/MultiMapper.cpp:401(receiveLaserScan)] [topics: /rosout, /tf, /karto_out, /map, /others, /slam_path, /Mapper/vertices, /Mapper/closure_edges, /Mapper/odom_edges, /Mapper/colored_edges, /localization_result, /slam_pose_graph, /Mapper/loop_closed] PHASE2C_KEYSCAN_ACCEPTED unique_id=164 state_id=164 sim_time=234.900000
235.000000000 INFO /updateDistance [/home/wcqw/ac-slam/catkin_ws/src/cpp_solver/src/updateDistance.cpp:29(occupancyGridCallback)] [topics: /rosout, /edge_distance] Received an OccupancyGrid message!
235.000000000 INFO /updateDistance [/home/wcqw/ac-slam/catkin_ws/src/cpp_solver/src/updateDistance.cpp:30(occupancyGridCallback)] [topics: /rosout, /edge_distance] Width: 541, Height: 709, Size: 383569
235.000000000 INFO /updateDistance [/home/wcqw/ac-slam/catkin_ws/src/cpp_solver/src/updateDistance.cpp:32(occupancyGridCallback)] [topics: /rosout, /edge_distance] Map origin x: -7.138, y: -7.334
235.000000000 INFO /path_planner [path_planner.py:664(PathPlanner.handle_pose_graph)] [topics: /slam_pose_graph, /clock, /edge_distance, /pose_graph_idx, /rosout] Really visited vertices: 8 6 5 3 9 15 
235.000000000 INFO /RVIZ [/tmp/binarydeb/ros-noetic-rviz-1.14.26/src/rviz/default_plugin/map_display.cpp:604(MapDisplay::createSwatches)] [topics: /rosout, /initialpose, /goal, /clicked_point] Creating 1 swatches
235.000000000 INFO /updateDistance [/home/wcqw/ac-slam/catkin_ws/src/cpp_solver/src/updateDistance.cpp:87(occupancyGridCallback)] [topics: /rosout, /edge_distance] Free vertices size: 15
235.000000000 INFO /updateDistance [/home/wcqw/ac-slam/catkin_ws/src/cpp_solver/src/updateDistance.cpp:128(occupancyGridCallback)] [topics: /rosout, /edge_distance] 109 edge distance updated
235.600000000 WARN /RVIZ [/tmp/binarydeb/ros-noetic-tf2-0.7.10/src/buffer_core.cpp:277()] [topics: /rosout, /initialpose, /goal, /clicked_point] TF_REPEATED_DATA ignoring data with redundant timestamp for frame odom (parent offset) at time 235.600000 according to authority unknown_publisher
235.600000000 WARN /RVIZ [/tmp/binarydeb/ros-noetic-tf2-0.7.10/src/buffer_core.cpp:277()] [topics: /rosout, /initialpose, /goal, /clicked_point] TF_REPEATED_DATA ignoring data with redundant timestamp for frame offset (parent map) at time 235.600000 according to authority unknown_publisher
237.800000000 INFO /updateDistance [/home/wcqw/ac-slam/catkin_ws/src/cpp_solver/src/updateDistance.cpp:29(occupancyGridCallback)] [topics: /rosout, /edge_distance] Received an OccupancyGrid message!
237.800000000 INFO /updateDistance [/home/wcqw/ac-slam/catkin_ws/src/cpp_solver/src/updateDistance.cpp:30(occupancyGridCallback)] [topics: /rosout, /edge_distance] Width: 541, Height: 709, Size: 383569
237.800000000 INFO /updateDistance [/home/wcqw/ac-slam/catkin_ws/src/cpp_solver/src/updateDistance.cpp:32(occupancyGridCallback)] [topics: /rosout, /edge_distance] Map origin x: -7.138, y: -7.334
237.800000000 INFO /updateDistance [/home/wcqw/ac-slam/catkin_ws/src/cpp_solver/src/updateDistance.cpp:87(occupancyGridCallback)] [topics: /rosout, /edge_distance] Free vertices size: 15
237.800000000 INFO /updateDistance [/home/wcqw/ac-slam/catkin_ws/src/cpp_solver/src/updateDistance.cpp:128(occupancyGridCallback)] [topics: /rosout, /edge_distance] 109 edge distance updated
237.800000000 INFO /Navigator [/home/wcqw/ac-slam/catkin_ws/src/cpp_solver/src/MyPlanner.cpp:520(findExplorationTarget)] [topics: /rosout, /cmd, /Navigator/plan, /Navigator/markers, /Navigator/frontiers, /Navigator/frontier_to_vertex, /Navigator/nav_goal, /Navigator/prior_map, /Navigator/visual_tsp_path, /Navigator/tsp_index, /Navigator/path_finder, /Navigator/dist_map, /finished_topic, /request_replan, /Explore/result, /Explore/feedback, /Explore/status, /MoveTo/result, /MoveTo/feedback, /MoveTo/status, /Localize/result, /Localize/feedback, /Localize/status, /GetFirstMap/result, /GetFirstMap/feedback, /GetFirstMap/status] Call local replanning...
237.800000000 INFO /path_planner [path_planner.py:321(PathPlanner.handle_replanning)] [topics: /slam_pose_graph, /clock, /edge_distance, /pose_graph_idx, /rosout] Replanning request. curr_vertex_idx: 8
237.800000000 INFO /path_planner [path_planner.py:322(PathPlanner.handle_replanning)] [topics: /slam_pose_graph, /clock, /edge_distance, /pose_graph_idx, /rosout]                     covered_vertices: ()
237.800000000 INFO /path_planner [path_planner.py:336(PathPlanner.handle_replanning)] [topics: /slam_pose_graph, /clock, /edge_distance, /pose_graph_idx, /rosout] Handle local replanning...
237.800000000 INFO /path_planner [path_planner.py:389(PathPlanner.handle_local_replanning)] [topics: /slam_pose_graph, /clock, /edge_distance, /pose_graph_idx, /rosout] Local path to replan: [16, 10, 11, 35, 37, 20, 19, 15]
237.800000000 INFO /path_planner [path_planner.py:348(PathPlanner.handle_replanning)] [topics: /slam_pose_graph, /clock, /edge_distance, /pose_graph_idx, /rosout] curr path length: 43, is_loop length: 43
237.800000000 INFO /path_planner [path_planner.py:360(PathPlanner.handle_replanning)] [topics: /slam_pose_graph, /clock, /edge_distance, /pose_graph_idx, /rosout] Send new plan: 8 7 6 5 4 3 9 15 16  ---> 10 11 35 37 20 19 15(L) 19 23 29 30 24 25 31 32 26 27 33 34 28 22 21 38 37(L) 38 36 12 13 14 8(L) 14 18 17 21(L) 
239.200000000 INFO /Mapper [/home/wcqw/ac-slam/catkin_ws/src/navigation_2d/nav2d_karto/src/MultiMapper.cpp:401(receiveLaserScan)] [topics: /rosout, /tf, /karto_out, /map, /others, /slam_path, /Mapper/vertices, /Mapper/closure_edges, /Mapper/odom_edges, /Mapper/colored_edges, /localization_result, /slam_pose_graph, /Mapper/loop_closed] PHASE2C_KEYSCAN_ACCEPTED unique_id=165 state_id=165 sim_time=239.200000
239.200000000 INFO /updateDistance [/home/wcqw/ac-slam/catkin_ws/src/cpp_solver/src/updateDistance.cpp:29(occupancyGridCallback)] [topics: /rosout, /edge_distance] Received an OccupancyGrid message!
239.200000000 INFO /updateDistance [/home/wcqw/ac-slam/catkin_ws/src/cpp_solver/src/updateDistance.cpp:30(occupancyGridCallback)] [topics: /rosout, /edge_distance] Width: 541, Height: 709, Size: 383569
239.200000000 INFO /updateDistance [/home/wcqw/ac-slam/catkin_ws/src/cpp_solver/src/updateDistance.cpp:32(occupancyGridCallback)] [topics: /rosout, /edge_distance] Map origin x: -7.138, y: -7.334
239.200000000 INFO /path_planner [path_planner.py:664(PathPlanner.handle_pose_graph)] [topics: /slam_pose_graph, /clock, /edge_distance, /pose_graph_idx, /rosout] Really visited vertices: 8 6 5 3 9 15 
239.200000000 INFO /updateDistance [/home/wcqw/ac-slam/catkin_ws/src/cpp_solver/src/updateDistance.cpp:87(occupancyGridCallback)] [topics: /rosout, /edge_distance] Free vertices size: 15
239.200000000 INFO /updateDistance [/home/wcqw/ac-slam/catkin_ws/src/cpp_solver/src/updateDistance.cpp:128(occupancyGridCallback)] [topics: /rosout, /edge_distance] 109 edge distance updated
243.600000000 WARN /RVIZ [/tmp/binarydeb/ros-noetic-tf2-0.7.10/src/buffer_core.cpp:277()] [topics: /rosout, /initialpose, /goal, /clicked_point] TF_REPEATED_DATA ignoring data with redundant timestamp for frame odom (parent offset) at time 243.600000 according to authority unknown_publisher
243.600000000 WARN /RVIZ [/tmp/binarydeb/ros-noetic-tf2-0.7.10/src/buffer_core.cpp:277()] [topics: /rosout, /initialpose, /goal, /clicked_point] TF_REPEATED_DATA ignoring data with redundant timestamp for frame offset (parent map) at time 243.600000 according to authority unknown_publisher
243.700000000 INFO /updateDistance [/home/wcqw/ac-slam/catkin_ws/src/cpp_solver/src/updateDistance.cpp:29(occupancyGridCallback)] [topics: /rosout, /edge_distance] Received an OccupancyGrid message!
243.700000000 INFO /updateDistance [/home/wcqw/ac-slam/catkin_ws/src/cpp_solver/src/updateDistance.cpp:30(occupancyGridCallback)] [topics: /rosout, /edge_distance] Width: 541, Height: 709, Size: 383569
243.700000000 INFO /updateDistance [/home/wcqw/ac-slam/catkin_ws/src/cpp_solver/src/updateDistance.cpp:32(occupancyGridCallback)] [topics: /rosout, /edge_distance] Map origin x: -7.138, y: -7.334
243.800000000 INFO /updateDistance [/home/wcqw/ac-slam/catkin_ws/src/cpp_solver/src/updateDistance.cpp:87(occupancyGridCallback)] [topics: /rosout, /edge_distance] Free vertices size: 15
243.800000000 INFO /updateDistance [/home/wcqw/ac-slam/catkin_ws/src/cpp_solver/src/updateDistance.cpp:128(occupancyGridCallback)] [topics: /rosout, /edge_distance] 109 edge distance updated
243.800000000 INFO /Navigator [/home/wcqw/ac-slam/catkin_ws/src/cpp_solver/src/MyPlanner.cpp:520(findExplorationTarget)] [topics: /rosout, /cmd, /Navigator/plan, /Navigator/markers, /Navigator/frontiers, /Navigator/frontier_to_vertex, /Navigator/nav_goal, /Navigator/prior_map, /Navigator/visual_tsp_path, /Navigator/tsp_index, /Navigator/path_finder, /Navigator/dist_map, /finished_topic, /request_replan, /Explore/result, /Explore/feedback, /Explore/status, /MoveTo/result, /MoveTo/feedback, /MoveTo/status, /Localize/result, /Localize/feedback, /Localize/status, /GetFirstMap/result, /GetFirstMap/feedback, /GetFirstMap/status] Call local replanning...
243.800000000 INFO /path_planner [path_planner.py:321(PathPlanner.handle_replanning)] [topics: /slam_pose_graph, /clock, /edge_distance, /pose_graph_idx, /rosout] Replanning request. curr_vertex_idx: 8
243.800000000 INFO /path_planner [path_planner.py:322(PathPlanner.handle_replanning)] [topics: /slam_pose_graph, /clock, /edge_distance, /pose_graph_idx, /rosout]                     covered_vertices: ()
243.800000000 INFO /path_planner [path_planner.py:336(PathPlanner.handle_replanning)] [topics: /slam_pose_graph, /clock, /edge_distance, /pose_graph_idx, /rosout] Handle local replanning...
243.800000000 INFO /path_planner [path_planner.py:389(PathPlanner.handle_local_replanning)] [topics: /slam_pose_graph, /clock, /edge_distance, /pose_graph_idx, /rosout] Local path to replan: [16, 10, 11, 35, 37, 20, 19, 15]
243.800000000 INFO /path_planner [path_planner.py:348(PathPlanner.handle_replanning)] [topics: /slam_pose_graph, /clock, /edge_distance, /pose_graph_idx, /rosout] curr path length: 43, is_loop length: 43
243.800000000 INFO /path_planner [path_planner.py:360(PathPlanner.handle_replanning)] [topics: /slam_pose_graph, /clock, /edge_distance, /pose_graph_idx, /rosout] Send new plan: 8 7 6 5 4 3 9 15 16  ---> 10 11 35 37 20 19 15(L) 19 23 29 30 24 25 31 32 26 27 33 34 28 22 21 38 37(L) 38 36 12 13 14 8(L) 14 18 17 21(L) 
244.000000000 INFO /Mapper [/home/wcqw/ac-slam/catkin_ws/src/navigation_2d/nav2d_karto/src/MultiMapper.cpp:401(receiveLaserScan)] [topics: /rosout, /tf, /karto_out, /map, /others, /slam_path, /Mapper/vertices, /Mapper/closure_edges, /Mapper/odom_edges, /Mapper/colored_edges, /localization_result, /slam_pose_graph, /Mapper/loop_closed] PHASE2C_KEYSCAN_ACCEPTED unique_id=166 state_id=166 sim_time=244.000000
248.800000000 INFO /Mapper [/home/wcqw/ac-slam/catkin_ws/src/navigation_2d/nav2d_karto/src/MultiMapper.cpp:401(receiveLaserScan)] [topics: /rosout, /tf, /karto_out, /map, /others, /slam_path, /Mapper/vertices, /Mapper/closure_edges, /Mapper/odom_edges, /Mapper/colored_edges, /localization_result, /slam_pose_graph, /Mapper/loop_closed] PHASE2C_KEYSCAN_ACCEPTED unique_id=167 state_id=167 sim_time=248.700000
248.800000000 INFO /updateDistance [/home/wcqw/ac-slam/catkin_ws/src/cpp_solver/src/updateDistance.cpp:29(occupancyGridCallback)] [topics: /rosout, /edge_distance] Received an OccupancyGrid message!
248.800000000 INFO /updateDistance [/home/wcqw/ac-slam/catkin_ws/src/cpp_solver/src/updateDistance.cpp:30(occupancyGridCallback)] [topics: /rosout, /edge_distance] Width: 541, Height: 709, Size: 383569
248.800000000 INFO /updateDistance [/home/wcqw/ac-slam/catkin_ws/src/cpp_solver/src/updateDistance.cpp:32(occupancyGridCallback)] [topics: /rosout, /edge_distance] Map origin x: -7.138, y: -7.334
248.800000000 INFO /path_planner [path_planner.py:664(PathPlanner.handle_pose_graph)] [topics: /slam_pose_graph, /clock, /edge_distance, /pose_graph_idx, /rosout] Really visited vertices: 8 6 5 3 9 15 
248.800000000 INFO /updateDistance [/home/wcqw/ac-slam/catkin_ws/src/cpp_solver/src/updateDistance.cpp:87(occupancyGridCallback)] [topics: /rosout, /edge_distance] Free vertices size: 15
248.800000000 INFO /updateDistance [/home/wcqw/ac-slam/catkin_ws/src/cpp_solver/src/updateDistance.cpp:128(occupancyGridCallback)] [topics: /rosout, /edge_distance] 109 edge distance updated
249.800000000 INFO /updateDistance [/home/wcqw/ac-slam/catkin_ws/src/cpp_solver/src/updateDistance.cpp:29(occupancyGridCallback)] [topics: /rosout, /edge_distance] Received an OccupancyGrid message!
249.800000000 INFO /updateDistance [/home/wcqw/ac-slam/catkin_ws/src/cpp_solver/src/updateDistance.cpp:30(occupancyGridCallback)] [topics: /rosout, /edge_distance] Width: 541, Height: 709, Size: 383569
249.800000000 INFO /updateDistance [/home/wcqw/ac-slam/catkin_ws/src/cpp_solver/src/updateDistance.cpp:32(occupancyGridCallback)] [topics: /rosout, /edge_distance] Map origin x: -7.138, y: -7.334
249.800000000 INFO /updateDistance [/home/wcqw/ac-slam/catkin_ws/src/cpp_solver/src/updateDistance.cpp:87(occupancyGridCallback)] [topics: /rosout, /edge_distance] Free vertices size: 15
249.800000000 INFO /updateDistance [/home/wcqw/ac-slam/catkin_ws/src/cpp_solver/src/updateDistance.cpp:128(occupancyGridCallback)] [topics: /rosout, /edge_distance] 109 edge distance updated
249.800000000 INFO /Navigator [/home/wcqw/ac-slam/catkin_ws/src/cpp_solver/src/MyPlanner.cpp:520(findExplorationTarget)] [topics: /rosout, /cmd, /Navigator/plan, /Navigator/markers, /Navigator/frontiers, /Navigator/frontier_to_vertex, /Navigator/nav_goal, /Navigator/prior_map, /Navigator/visual_tsp_path, /Navigator/tsp_index, /Navigator/path_finder, /Navigator/dist_map, /finished_topic, /request_replan, /Explore/result, /Explore/feedback, /Explore/status, /MoveTo/result, /MoveTo/feedback, /MoveTo/status, /Localize/result, /Localize/feedback, /Localize/status, /GetFirstMap/result, /GetFirstMap/feedback, /GetFirstMap/status] Call local replanning...
249.800000000 INFO /path_planner [path_planner.py:321(PathPlanner.handle_replanning)] [topics: /slam_pose_graph, /clock, /edge_distance, /pose_graph_idx, /rosout] Replanning request. curr_vertex_idx: 8
249.800000000 INFO /path_planner [path_planner.py:322(PathPlanner.handle_replanning)] [topics: /slam_pose_graph, /clock, /edge_distance, /pose_graph_idx, /rosout]                     covered_vertices: ()
249.800000000 INFO /path_planner [path_planner.py:336(PathPlanner.handle_replanning)] [topics: /slam_pose_graph, /clock, /edge_distance, /pose_graph_idx, /rosout] Handle local replanning...
249.800000000 INFO /path_planner [path_planner.py:389(PathPlanner.handle_local_replanning)] [topics: /slam_pose_graph, /clock, /edge_distance, /pose_graph_idx, /rosout] Local path to replan: [16, 10, 11, 35, 37, 20, 19, 15]
249.800000000 INFO /path_planner [path_planner.py:348(PathPlanner.handle_replanning)] [topics: /slam_pose_graph, /clock, /edge_distance, /pose_graph_idx, /rosout] curr path length: 43, is_loop length: 43
249.800000000 INFO /path_planner [path_planner.py:360(PathPlanner.handle_replanning)] [topics: /slam_pose_graph, /clock, /edge_distance, /pose_graph_idx, /rosout] Send new plan: 8 7 6 5 4 3 9 15 16  ---> 10 11 35 37 20 19 15(L) 19 23 29 30 24 25 31 32 26 27 33 34 28 22 21 38 37(L) 38 36 12 13 14 8(L) 14 18 17 21(L) 
249.800000000 INFO /Navigator [/home/wcqw/ac-slam/catkin_ws/src/cpp_solver/src/MyPlanner.cpp:548(findExplorationTarget)] [topics: /rosout, /cmd, /Navigator/plan, /Navigator/markers, /Navigator/frontiers, /Navigator/frontier_to_vertex, /Navigator/nav_goal, /Navigator/prior_map, /Navigator/visual_tsp_path, /Navigator/tsp_index, /Navigator/path_finder, /Navigator/dist_map, /finished_topic, /request_replan, /Explore/result, /Explore/feedback, /Explore/status, /MoveTo/result, /MoveTo/feedback, /MoveTo/status, /Localize/result, /Localize/feedback, /Localize/status, /GetFirstMap/result, /GetFirstMap/feedback, /GetFirstMap/status] Reach vertex 16
249.800000000 WARN /Navigator [/home/wcqw/ac-slam/catkin_ws/src/cpp_solver/src/MyPlanner.cpp:609(findExplorationTarget)] [topics: /rosout, /cmd, /Navigator/plan, /Navigator/markers, /Navigator/frontiers, /Navigator/frontier_to_vertex, /Navigator/nav_goal, /Navigator/prior_map, /Navigator/visual_tsp_path, /Navigator/tsp_index, /Navigator/path_finder, /Navigator/dist_map, /finished_topic, /request_replan, /Explore/result, /Explore/feedback, /Explore/status, /MoveTo/result, /MoveTo/feedback, /MoveTo/status, /Localize/result, /Localize/feedback, /Localize/status, /GetFirstMap/result, /GetFirstMap/feedback, /GetFirstMap/status] No frontier at vertex 16. #Frontier: 0
249.800000000 INFO /Navigator [/home/wcqw/ac-slam/catkin_ws/src/cpp_solver/src/MyPlanner.cpp:312(getUsefulGoalIndex)] [topics: /rosout, /cmd, /Navigator/plan, /Navigator/markers, /Navigator/frontiers, /Navigator/frontier_to_vertex, /Navigator/nav_goal, /Navigator/prior_map, /Navigator/visual_tsp_path, /Navigator/tsp_index, /Navigator/path_finder, /Navigator/dist_map, /finished_topic, /request_replan, /Explore/result, /Explore/feedback, /Explore/status, /MoveTo/result, /MoveTo/feedback, /MoveTo/status, /Localize/result, /Localize/feedback, /Localize/status, /GetFirstMap/result, /GetFirstMap/feedback, /GetFirstMap/status] Skip repeated visit to vertex 10
249.800000000 INFO /Navigator [/home/wcqw/ac-slam/catkin_ws/src/cpp_solver/src/MyPlanner.cpp:318(getUsefulGoalIndex)] [topics: /rosout, /cmd, /Navigator/plan, /Navigator/markers, /Navigator/frontiers, /Navigator/frontier_to_vertex, /Navigator/nav_goal, /Navigator/prior_map, /Navigator/visual_tsp_path, /Navigator/tsp_index, /Navigator/path_finder, /Navigator/dist_map, /finished_topic, /request_replan, /Explore/result, /Explore/feedback, /Explore/status, /MoveTo/result, /MoveTo/feedback, /MoveTo/status, /Localize/result, /Localize/feedback, /Localize/status, /GetFirstMap/result, /GetFirstMap/feedback, /GetFirstMap/status] Set newGoal 11
251.400000000 INFO /Mapper [/home/wcqw/ac-slam/catkin_ws/src/navigation_2d/nav2d_karto/src/MultiMapper.cpp:401(receiveLaserScan)] [topics: /rosout, /tf, /karto_out, /map, /others, /slam_path, /Mapper/vertices, /Mapper/closure_edges, /Mapper/odom_edges, /Mapper/colored_edges, /localization_result, /slam_pose_graph, /Mapper/loop_closed] PHASE2C_KEYSCAN_ACCEPTED unique_id=168 state_id=168 sim_time=251.300000
251.400000000 INFO /updateDistance [/home/wcqw/ac-slam/catkin_ws/src/cpp_solver/src/updateDistance.cpp:29(occupancyGridCallback)] [topics: /rosout, /edge_distance] Received an OccupancyGrid message!
251.400000000 INFO /updateDistance [/home/wcqw/ac-slam/catkin_ws/src/cpp_solver/src/updateDistance.cpp:30(occupancyGridCallback)] [topics: /rosout, /edge_distance] Width: 541, Height: 709, Size: 383569
251.400000000 INFO /updateDistance [/home/wcqw/ac-slam/catkin_ws/src/cpp_solver/src/updateDistance.cpp:32(occupancyGridCallback)] [topics: /rosout, /edge_distance] Map origin x: -7.138, y: -7.334
251.400000000 INFO /path_planner [path_planner.py:664(PathPlanner.handle_pose_graph)] [topics: /slam_pose_graph, /clock, /edge_distance, /pose_graph_idx, /rosout] Really visited vertices: 8 6 5 3 9 15 
251.400000000 INFO /updateDistance [/home/wcqw/ac-slam/catkin_ws/src/cpp_solver/src/updateDistance.cpp:87(occupancyGridCallback)] [topics: /rosout, /edge_distance] Free vertices size: 16
251.400000000 INFO /updateDistance [/home/wcqw/ac-slam/catkin_ws/src/cpp_solver/src/updateDistance.cpp:128(occupancyGridCallback)] [topics: /rosout, /edge_distance] 110 edge distance updated
253.000000000 INFO /Mapper [/home/wcqw/ac-slam/catkin_ws/src/navigation_2d/nav2d_karto/src/MultiMapper.cpp:401(receiveLaserScan)] [topics: /rosout, /tf, /karto_out, /map, /others, /slam_path, /Mapper/vertices, /Mapper/closure_edges, /Mapper/odom_edges, /Mapper/colored_edges, /localization_result, /slam_pose_graph, /Mapper/loop_closed] PHASE2C_KEYSCAN_ACCEPTED unique_id=169 state_id=169 sim_time=252.900000
253.000000000 INFO /updateDistance [/home/wcqw/ac-slam/catkin_ws/src/cpp_solver/src/updateDistance.cpp:29(occupancyGridCallback)] [topics: /rosout, /edge_distance] Received an OccupancyGrid message!
253.000000000 INFO /updateDistance [/home/wcqw/ac-slam/catkin_ws/src/cpp_solver/src/updateDistance.cpp:30(occupancyGridCallback)] [topics: /rosout, /edge_distance] Width: 541, Height: 709, Size: 383569
253.000000000 INFO /updateDistance [/home/wcqw/ac-slam/catkin_ws/src/cpp_solver/src/updateDistance.cpp:32(occupancyGridCallback)] [topics: /rosout, /edge_distance] Map origin x: -7.138, y: -7.334
253.000000000 INFO /path_planner [path_planner.py:664(PathPlanner.handle_pose_graph)] [topics: /slam_pose_graph, /clock, /edge_distance, /pose_graph_idx, /rosout] Really visited vertices: 8 6 5 3 9 15 
253.000000000 INFO /updateDistance [/home/wcqw/ac-slam/catkin_ws/src/cpp_solver/src/updateDistance.cpp:87(occupancyGridCallback)] [topics: /rosout, /edge_distance] Free vertices size: 16
253.000000000 INFO /updateDistance [/home/wcqw/ac-slam/catkin_ws/src/cpp_solver/src/updateDistance.cpp:128(occupancyGridCallback)] [topics: /rosout, /edge_distance] 110 edge distance updated
255.800000000 INFO /updateDistance [/home/wcqw/ac-slam/catkin_ws/src/cpp_solver/src/updateDistance.cpp:29(occupancyGridCallback)] [topics: /rosout, /edge_distance] Received an OccupancyGrid message!
255.800000000 INFO /updateDistance [/home/wcqw/ac-slam/catkin_ws/src/cpp_solver/src/updateDistance.cpp:30(occupancyGridCallback)] [topics: /rosout, /edge_distance] Width: 541, Height: 709, Size: 383569
255.800000000 INFO /updateDistance [/home/wcqw/ac-slam/catkin_ws/src/cpp_solver/src/updateDistance.cpp:32(occupancyGridCallback)] [topics: /rosout, /edge_distance] Map origin x: -7.138, y: -7.334
255.800000000 WARN /RVIZ [/tmp/binarydeb/ros-noetic-tf2-0.7.10/src/buffer_core.cpp:277()] [topics: /rosout, /initialpose, /goal, /clicked_point] TF_REPEATED_DATA ignoring data with redundant timestamp for frame odom (parent offset) at time 255.800000 according to authority unknown_publisher
255.800000000 WARN /RVIZ [/tmp/binarydeb/ros-noetic-tf2-0.7.10/src/buffer_core.cpp:277()] [topics: /rosout, /initialpose, /goal, /clicked_point] TF_REPEATED_DATA ignoring data with redundant timestamp for frame offset (parent map) at time 255.800000 according to authority unknown_publisher
255.800000000 INFO /updateDistance [/home/wcqw/ac-slam/catkin_ws/src/cpp_solver/src/updateDistance.cpp:87(occupancyGridCallback)] [topics: /rosout, /edge_distance] Free vertices size: 16
255.800000000 INFO /updateDistance [/home/wcqw/ac-slam/catkin_ws/src/cpp_solver/src/updateDistance.cpp:128(occupancyGridCallback)] [topics: /rosout, /edge_distance] 110 edge distance updated
255.800000000 INFO /Navigator [/home/wcqw/ac-slam/catkin_ws/src/cpp_solver/src/MyPlanner.cpp:520(findExplorationTarget)] [topics: /rosout, /cmd, /Navigator/plan, /Navigator/markers, /Navigator/frontiers, /Navigator/frontier_to_vertex, /Navigator/nav_goal, /Navigator/prior_map, /Navigator/visual_tsp_path, /Navigator/tsp_index, /Navigator/path_finder, /Navigator/dist_map, /finished_topic, /request_replan, /Explore/result, /Explore/feedback, /Explore/status, /MoveTo/result, /MoveTo/feedback, /MoveTo/status, /Localize/result, /Localize/feedback, /Localize/status, /GetFirstMap/result, /GetFirstMap/feedback, /GetFirstMap/status] Call local replanning...
255.800000000 INFO /path_planner [path_planner.py:321(PathPlanner.handle_replanning)] [topics: /slam_pose_graph, /clock, /edge_distance, /pose_graph_idx, /rosout] Replanning request. curr_vertex_idx: 10
255.800000000 INFO /path_planner [path_planner.py:322(PathPlanner.handle_replanning)] [topics: /slam_pose_graph, /clock, /edge_distance, /pose_graph_idx, /rosout]                     covered_vertices: ()
255.800000000 INFO /path_planner [path_planner.py:336(PathPlanner.handle_replanning)] [topics: /slam_pose_graph, /clock, /edge_distance, /pose_graph_idx, /rosout] Handle local replanning...
255.800000000 INFO /path_planner [path_planner.py:389(PathPlanner.handle_local_replanning)] [topics: /slam_pose_graph, /clock, /edge_distance, /pose_graph_idx, /rosout] Local path to replan: [11, 35, 37, 20, 19, 15]
255.800000000 INFO /path_planner [path_planner.py:348(PathPlanner.handle_replanning)] [topics: /slam_pose_graph, /clock, /edge_distance, /pose_graph_idx, /rosout] curr path length: 43, is_loop length: 43
255.800000000 INFO /path_planner [path_planner.py:360(PathPlanner.handle_replanning)] [topics: /slam_pose_graph, /clock, /edge_distance, /pose_graph_idx, /rosout] Send new plan: 8 7 6 5 4 3 9 15 16 10 11  ---> 35 37 20 19 15(L) 19 23 29 30 24 25 31 32 26 27 33 34 28 22 21 38 37(L) 38 36 12 13 14 8(L) 14 18 17 21(L) 
256.200000000 INFO /Mapper [/home/wcqw/ac-slam/catkin_ws/src/navigation_2d/nav2d_karto/src/MultiMapper.cpp:401(receiveLaserScan)] [topics: /rosout, /tf, /karto_out, /map, /others, /slam_path, /Mapper/vertices, /Mapper/closure_edges, /Mapper/odom_edges, /Mapper/colored_edges, /localization_result, /slam_pose_graph, /Mapper/loop_closed] PHASE2C_KEYSCAN_ACCEPTED unique_id=170 state_id=170 sim_time=256.100000
258.000000000 WARN /RVIZ [/tmp/binarydeb/ros-noetic-tf2-0.7.10/src/buffer_core.cpp:277()] [topics: /rosout, /initialpose, /goal, /clicked_point] TF_REPEATED_DATA ignoring data with redundant timestamp for frame odom (parent offset) at time 258.000000 according to authority unknown_publisher
258.000000000 WARN /RVIZ [/tmp/binarydeb/ros-noetic-tf2-0.7.10/src/buffer_core.cpp:277()] [topics: /rosout, /initialpose, /goal, /clicked_point] TF_REPEATED_DATA ignoring data with redundant timestamp for frame offset (parent map) at time 258.000000 according to authority unknown_publisher
260.800000000 INFO /Mapper [/home/wcqw/ac-slam/catkin_ws/src/navigation_2d/nav2d_karto/src/MultiMapper.cpp:401(receiveLaserScan)] [topics: /rosout, /tf, /karto_out, /map, /others, /slam_path, /Mapper/vertices, /Mapper/closure_edges, /Mapper/odom_edges, /Mapper/colored_edges, /localization_result, /slam_pose_graph, /Mapper/loop_closed] PHASE2C_KEYSCAN_ACCEPTED unique_id=171 state_id=171 sim_time=260.800000
260.800000000 INFO /updateDistance [/home/wcqw/ac-slam/catkin_ws/src/cpp_solver/src/updateDistance.cpp:29(occupancyGridCallback)] [topics: /rosout, /edge_distance] Received an OccupancyGrid message!
260.800000000 INFO /updateDistance [/home/wcqw/ac-slam/catkin_ws/src/cpp_solver/src/updateDistance.cpp:30(occupancyGridCallback)] [topics: /rosout, /edge_distance] Width: 541, Height: 709, Size: 383569
260.800000000 INFO /updateDistance [/home/wcqw/ac-slam/catkin_ws/src/cpp_solver/src/updateDistance.cpp:32(occupancyGridCallback)] [topics: /rosout, /edge_distance] Map origin x: -7.138, y: -7.334
260.800000000 INFO /path_planner [path_planner.py:664(PathPlanner.handle_pose_graph)] [topics: /slam_pose_graph, /clock, /edge_distance, /pose_graph_idx, /rosout] Really visited vertices: 8 6 5 3 9 15 
260.800000000 INFO /updateDistance [/home/wcqw/ac-slam/catkin_ws/src/cpp_solver/src/updateDistance.cpp:87(occupancyGridCallback)] [topics: /rosout, /edge_distance] Free vertices size: 17
260.800000000 INFO /updateDistance [/home/wcqw/ac-slam/catkin_ws/src/cpp_solver/src/updateDistance.cpp:128(occupancyGridCallback)] [topics: /rosout, /edge_distance] 124 edge distance updated
261.800000000 INFO /updateDistance [/home/wcqw/ac-slam/catkin_ws/src/cpp_solver/src/updateDistance.cpp:29(occupancyGridCallback)] [topics: /rosout, /edge_distance] Received an OccupancyGrid message!
261.800000000 INFO /updateDistance [/home/wcqw/ac-slam/catkin_ws/src/cpp_solver/src/updateDistance.cpp:30(occupancyGridCallback)] [topics: /rosout, /edge_distance] Width: 541, Height: 709, Size: 383569
261.800000000 INFO /updateDistance [/home/wcqw/ac-slam/catkin_ws/src/cpp_solver/src/updateDistance.cpp:32(occupancyGridCallback)] [topics: /rosout, /edge_distance] Map origin x: -7.138, y: -7.334
261.800000000 INFO /updateDistance [/home/wcqw/ac-slam/catkin_ws/src/cpp_solver/src/updateDistance.cpp:87(occupancyGridCallback)] [topics: /rosout, /edge_distance] Free vertices size: 17
261.800000000 INFO /updateDistance [/home/wcqw/ac-slam/catkin_ws/src/cpp_solver/src/updateDistance.cpp:128(occupancyGridCallback)] [topics: /rosout, /edge_distance] 124 edge distance updated
261.800000000 INFO /Navigator [/home/wcqw/ac-slam/catkin_ws/src/cpp_solver/src/MyPlanner.cpp:520(findExplorationTarget)] [topics: /rosout, /cmd, /Navigator/plan, /Navigator/markers, /Navigator/frontiers, /Navigator/frontier_to_vertex, /Navigator/nav_goal, /Navigator/prior_map, /Navigator/visual_tsp_path, /Navigator/tsp_index, /Navigator/path_finder, /Navigator/dist_map, /finished_topic, /request_replan, /Explore/result, /Explore/feedback, /Explore/status, /MoveTo/result, /MoveTo/feedback, /MoveTo/status, /Localize/result, /Localize/feedback, /Localize/status, /GetFirstMap/result, /GetFirstMap/feedback, /GetFirstMap/status] Call local replanning...
261.800000000 INFO /path_planner [path_planner.py:321(PathPlanner.handle_replanning)] [topics: /slam_pose_graph, /clock, /edge_distance, /pose_graph_idx, /rosout] Replanning request. curr_vertex_idx: 10
261.800000000 INFO /path_planner [path_planner.py:322(PathPlanner.handle_replanning)] [topics: /slam_pose_graph, /clock, /edge_distance, /pose_graph_idx, /rosout]                     covered_vertices: ()
261.800000000 INFO /path_planner [path_planner.py:336(PathPlanner.handle_replanning)] [topics: /slam_pose_graph, /clock, /edge_distance, /pose_graph_idx, /rosout] Handle local replanning...
261.800000000 INFO /path_planner [path_planner.py:389(PathPlanner.handle_local_replanning)] [topics: /slam_pose_graph, /clock, /edge_distance, /pose_graph_idx, /rosout] Local path to replan: [11, 35, 37, 20, 19, 15]
261.800000000 INFO /path_planner [path_planner.py:348(PathPlanner.handle_replanning)] [topics: /slam_pose_graph, /clock, /edge_distance, /pose_graph_idx, /rosout] curr path length: 43, is_loop length: 43
261.800000000 INFO /path_planner [path_planner.py:360(PathPlanner.handle_replanning)] [topics: /slam_pose_graph, /clock, /edge_distance, /pose_graph_idx, /rosout] Send new plan: 8 7 6 5 4 3 9 15 16 10 11  ---> 35 37 20 19 15(L) 19 23 29 30 24 25 31 32 26 27 33 34 28 22 21 38 37(L) 38 36 12 13 14 8(L) 14 18 17 21(L) 
265.200000000 INFO /Mapper [/home/wcqw/ac-slam/catkin_ws/src/navigation_2d/nav2d_karto/src/MultiMapper.cpp:401(receiveLaserScan)] [topics: /rosout, /tf, /karto_out, /map, /others, /slam_path, /Mapper/vertices, /Mapper/closure_edges, /Mapper/odom_edges, /Mapper/colored_edges, /localization_result, /slam_pose_graph, /Mapper/loop_closed] PHASE2C_KEYSCAN_ACCEPTED unique_id=172 state_id=172 sim_time=265.100000
265.200000000 INFO /updateDistance [/home/wcqw/ac-slam/catkin_ws/src/cpp_solver/src/updateDistance.cpp:29(occupancyGridCallback)] [topics: /rosout, /edge_distance] Received an OccupancyGrid message!
265.200000000 INFO /updateDistance [/home/wcqw/ac-slam/catkin_ws/src/cpp_solver/src/updateDistance.cpp:30(occupancyGridCallback)] [topics: /rosout, /edge_distance] Width: 541, Height: 709, Size: 383569
265.200000000 INFO /updateDistance [/home/wcqw/ac-slam/catkin_ws/src/cpp_solver/src/updateDistance.cpp:32(occupancyGridCallback)] [topics: /rosout, /edge_distance] Map origin x: -7.138, y: -7.334
265.200000000 INFO /path_planner [path_planner.py:664(PathPlanner.handle_pose_graph)] [topics: /slam_pose_graph, /clock, /edge_distance, /pose_graph_idx, /rosout] Really visited vertices: 8 6 5 3 9 15 
265.200000000 INFO /updateDistance [/home/wcqw/ac-slam/catkin_ws/src/cpp_solver/src/updateDistance.cpp:87(occupancyGridCallback)] [topics: /rosout, /edge_distance] Free vertices size: 17
265.200000000 INFO /updateDistance [/home/wcqw/ac-slam/catkin_ws/src/cpp_solver/src/updateDistance.cpp:128(occupancyGridCallback)] [topics: /rosout, /edge_distance] 124 edge distance updated
267.800000000 INFO /updateDistance [/home/wcqw/ac-slam/catkin_ws/src/cpp_solver/src/updateDistance.cpp:29(occupancyGridCallback)] [topics: /rosout, /edge_distance] Received an OccupancyGrid message!
267.800000000 INFO /updateDistance [/home/wcqw/ac-slam/catkin_ws/src/cpp_solver/src/updateDistance.cpp:30(occupancyGridCallback)] [topics: /rosout, /edge_distance] Width: 541, Height: 709, Size: 383569
267.800000000 INFO /updateDistance [/home/wcqw/ac-slam/catkin_ws/src/cpp_solver/src/updateDistance.cpp:32(occupancyGridCallback)] [topics: /rosout, /edge_distance] Map origin x: -7.138, y: -7.334
267.800000000 INFO /updateDistance [/home/wcqw/ac-slam/catkin_ws/src/cpp_solver/src/updateDistance.cpp:87(occupancyGridCallback)] [topics: /rosout, /edge_distance] Free vertices size: 17
267.800000000 INFO /updateDistance [/home/wcqw/ac-slam/catkin_ws/src/cpp_solver/src/updateDistance.cpp:128(occupancyGridCallback)] [topics: /rosout, /edge_distance] 124 edge distance updated
267.800000000 INFO /Navigator [/home/wcqw/ac-slam/catkin_ws/src/cpp_solver/src/MyPlanner.cpp:520(findExplorationTarget)] [topics: /rosout, /cmd, /Navigator/plan, /Navigator/markers, /Navigator/frontiers, /Navigator/frontier_to_vertex, /Navigator/nav_goal, /Navigator/prior_map, /Navigator/visual_tsp_path, /Navigator/tsp_index, /Navigator/path_finder, /Navigator/dist_map, /finished_topic, /request_replan, /Explore/result, /Explore/feedback, /Explore/status, /MoveTo/result, /MoveTo/feedback, /MoveTo/status, /Localize/result, /Localize/feedback, /Localize/status, /GetFirstMap/result, /GetFirstMap/feedback, /GetFirstMap/status] Call local replanning...
267.800000000 INFO /path_planner [path_planner.py:321(PathPlanner.handle_replanning)] [topics: /slam_pose_graph, /clock, /edge_distance, /pose_graph_idx, /rosout] Replanning request. curr_vertex_idx: 10
267.800000000 INFO /path_planner [path_planner.py:322(PathPlanner.handle_replanning)] [topics: /slam_pose_graph, /clock, /edge_distance, /pose_graph_idx, /rosout]                     covered_vertices: ()
267.800000000 INFO /path_planner [path_planner.py:336(PathPlanner.handle_replanning)] [topics: /slam_pose_graph, /clock, /edge_distance, /pose_graph_idx, /rosout] Handle local replanning...
267.800000000 INFO /path_planner [path_planner.py:389(PathPlanner.handle_local_replanning)] [topics: /slam_pose_graph, /clock, /edge_distance, /pose_graph_idx, /rosout] Local path to replan: [11, 35, 37, 20, 19, 15]
267.800000000 INFO /path_planner [path_planner.py:348(PathPlanner.handle_replanning)] [topics: /slam_pose_graph, /clock, /edge_distance, /pose_graph_idx, /rosout] curr path length: 43, is_loop length: 43
267.800000000 INFO /path_planner [path_planner.py:360(PathPlanner.handle_replanning)] [topics: /slam_pose_graph, /clock, /edge_distance, /pose_graph_idx, /rosout] Send new plan: 8 7 6 5 4 3 9 15 16 10 11  ---> 35 37 20 19 15(L) 19 23 29 30 24 25 31 32 26 27 33 34 28 22 21 38 37(L) 38 36 12 13 14 8(L) 14 18 17 21(L) 
269.600000000 INFO /Mapper [/home/wcqw/ac-slam/catkin_ws/src/navigation_2d/nav2d_karto/src/MultiMapper.cpp:401(receiveLaserScan)] [topics: /rosout, /tf, /karto_out, /map, /others, /slam_path, /Mapper/vertices, /Mapper/closure_edges, /Mapper/odom_edges, /Mapper/colored_edges, /localization_result, /slam_pose_graph, /Mapper/loop_closed] PHASE2C_KEYSCAN_ACCEPTED unique_id=173 state_id=173 sim_time=269.600000
269.600000000 INFO /updateDistance [/home/wcqw/ac-slam/catkin_ws/src/cpp_solver/src/updateDistance.cpp:29(occupancyGridCallback)] [topics: /rosout, /edge_distance] Received an OccupancyGrid message!
269.600000000 INFO /updateDistance [/home/wcqw/ac-slam/catkin_ws/src/cpp_solver/src/updateDistance.cpp:30(occupancyGridCallback)] [topics: /rosout, /edge_distance] Width: 541, Height: 709, Size: 383569
269.600000000 INFO /updateDistance [/home/wcqw/ac-slam/catkin_ws/src/cpp_solver/src/updateDistance.cpp:32(occupancyGridCallback)] [topics: /rosout, /edge_distance] Map origin x: -7.138, y: -7.334
269.600000000 INFO /path_planner [path_planner.py:664(PathPlanner.handle_pose_graph)] [topics: /slam_pose_graph, /clock, /edge_distance, /pose_graph_idx, /rosout] Really visited vertices: 8 6 5 3 9 15 
269.600000000 INFO /updateDistance [/home/wcqw/ac-slam/catkin_ws/src/cpp_solver/src/updateDistance.cpp:87(occupancyGridCallback)] [topics: /rosout, /edge_distance] Free vertices size: 17
269.600000000 INFO /updateDistance [/home/wcqw/ac-slam/catkin_ws/src/cpp_solver/src/updateDistance.cpp:128(occupancyGridCallback)] [topics: /rosout, /edge_distance] 124 edge distance updated
273.700000000 INFO /updateDistance [/home/wcqw/ac-slam/catkin_ws/src/cpp_solver/src/updateDistance.cpp:29(occupancyGridCallback)] [topics: /rosout, /edge_distance] Received an OccupancyGrid message!
273.800000000 INFO /updateDistance [/home/wcqw/ac-slam/catkin_ws/src/cpp_solver/src/updateDistance.cpp:30(occupancyGridCallback)] [topics: /rosout, /edge_distance] Width: 541, Height: 709, Size: 383569
273.800000000 INFO /updateDistance [/home/wcqw/ac-slam/catkin_ws/src/cpp_solver/src/updateDistance.cpp:32(occupancyGridCallback)] [topics: /rosout, /edge_distance] Map origin x: -7.138, y: -7.334
273.800000000 INFO /updateDistance [/home/wcqw/ac-slam/catkin_ws/src/cpp_solver/src/updateDistance.cpp:87(occupancyGridCallback)] [topics: /rosout, /edge_distance] Free vertices size: 17
273.800000000 INFO /updateDistance [/home/wcqw/ac-slam/catkin_ws/src/cpp_solver/src/updateDistance.cpp:128(occupancyGridCallback)] [topics: /rosout, /edge_distance] 124 edge distance updated
273.800000000 INFO /Navigator [/home/wcqw/ac-slam/catkin_ws/src/cpp_solver/src/MyPlanner.cpp:520(findExplorationTarget)] [topics: /rosout, /cmd, /Navigator/plan, /Navigator/markers, /Navigator/frontiers, /Navigator/frontier_to_vertex, /Navigator/nav_goal, /Navigator/prior_map, /Navigator/visual_tsp_path, /Navigator/tsp_index, /Navigator/path_finder, /Navigator/dist_map, /finished_topic, /request_replan, /Explore/result, /Explore/feedback, /Explore/status, /MoveTo/result, /MoveTo/feedback, /MoveTo/status, /Localize/result, /Localize/feedback, /Localize/status, /GetFirstMap/result, /GetFirstMap/feedback, /GetFirstMap/status] Call local replanning...
273.800000000 INFO /path_planner [path_planner.py:321(PathPlanner.handle_replanning)] [topics: /slam_pose_graph, /clock, /edge_distance, /pose_graph_idx, /rosout] Replanning request. curr_vertex_idx: 10
273.800000000 INFO /path_planner [path_planner.py:322(PathPlanner.handle_replanning)] [topics: /slam_pose_graph, /clock, /edge_distance, /pose_graph_idx, /rosout]                     covered_vertices: ()
273.800000000 INFO /path_planner [path_planner.py:336(PathPlanner.handle_replanning)] [topics: /slam_pose_graph, /clock, /edge_distance, /pose_graph_idx, /rosout] Handle local replanning...
273.800000000 INFO /path_planner [path_planner.py:389(PathPlanner.handle_local_replanning)] [topics: /slam_pose_graph, /clock, /edge_distance, /pose_graph_idx, /rosout] Local path to replan: [11, 35, 37, 20, 19, 15]
273.800000000 INFO /path_planner [path_planner.py:348(PathPlanner.handle_replanning)] [topics: /slam_pose_graph, /clock, /edge_distance, /pose_graph_idx, /rosout] curr path length: 43, is_loop length: 43
273.800000000 INFO /path_planner [path_planner.py:360(PathPlanner.handle_replanning)] [topics: /slam_pose_graph, /clock, /edge_distance, /pose_graph_idx, /rosout] Send new plan: 8 7 6 5 4 3 9 15 16 10 11  ---> 35 37 20 19 15(L) 19 23 29 30 24 25 31 32 26 27 33 34 28 22 21 38 37(L) 38 36 12 13 14 8(L) 14 18 17 21(L) 
274.200000000 INFO /Mapper [/home/wcqw/ac-slam/catkin_ws/src/navigation_2d/nav2d_karto/src/MultiMapper.cpp:401(receiveLaserScan)] [topics: /rosout, /tf, /karto_out, /map, /others, /slam_path, /Mapper/vertices, /Mapper/closure_edges, /Mapper/odom_edges, /Mapper/colored_edges, /localization_result, /slam_pose_graph, /Mapper/loop_closed] PHASE2C_KEYSCAN_ACCEPTED unique_id=174 state_id=174 sim_time=274.100000
279.000000000 INFO /Mapper [/home/wcqw/ac-slam/catkin_ws/src/navigation_2d/nav2d_karto/src/MultiMapper.cpp:401(receiveLaserScan)] [topics: /rosout, /tf, /karto_out, /map, /others, /slam_path, /Mapper/vertices, /Mapper/closure_edges, /Mapper/odom_edges, /Mapper/colored_edges, /localization_result, /slam_pose_graph, /Mapper/loop_closed] PHASE2C_KEYSCAN_ACCEPTED unique_id=175 state_id=175 sim_time=278.900000
279.000000000 INFO /updateDistance [/home/wcqw/ac-slam/catkin_ws/src/cpp_solver/src/updateDistance.cpp:29(occupancyGridCallback)] [topics: /rosout, /edge_distance] Received an OccupancyGrid message!
279.000000000 INFO /updateDistance [/home/wcqw/ac-slam/catkin_ws/src/cpp_solver/src/updateDistance.cpp:30(occupancyGridCallback)] [topics: /rosout, /edge_distance] Width: 546, Height: 710, Size: 387660
279.000000000 INFO /updateDistance [/home/wcqw/ac-slam/catkin_ws/src/cpp_solver/src/updateDistance.cpp:32(occupancyGridCallback)] [topics: /rosout, /edge_distance] Map origin x: -7.652, y: -7.334
279.000000000 INFO /path_planner [path_planner.py:664(PathPlanner.handle_pose_graph)] [topics: /slam_pose_graph, /clock, /edge_distance, /pose_graph_idx, /rosout] Really visited vertices: 8 6 5 3 9 15 
279.000000000 INFO /updateDistance [/home/wcqw/ac-slam/catkin_ws/src/cpp_solver/src/updateDistance.cpp:87(occupancyGridCallback)] [topics: /rosout, /edge_distance] Free vertices size: 16
279.000000000 INFO /updateDistance [/home/wcqw/ac-slam/catkin_ws/src/cpp_solver/src/updateDistance.cpp:128(occupancyGridCallback)] [topics: /rosout, /edge_distance] 124 edge distance updated
279.000000000 INFO /RVIZ [/tmp/binarydeb/ros-noetic-rviz-1.14.26/src/rviz/default_plugin/map_display.cpp:604(MapDisplay::createSwatches)] [topics: /rosout, /initialpose, /goal, /clicked_point] Creating 1 swatches
279.800000000 INFO /updateDistance [/home/wcqw/ac-slam/catkin_ws/src/cpp_solver/src/updateDistance.cpp:29(occupancyGridCallback)] [topics: /rosout, /edge_distance] Received an OccupancyGrid message!
279.800000000 INFO /updateDistance [/home/wcqw/ac-slam/catkin_ws/src/cpp_solver/src/updateDistance.cpp:30(occupancyGridCallback)] [topics: /rosout, /edge_distance] Width: 546, Height: 710, Size: 387660
279.800000000 INFO /updateDistance [/home/wcqw/ac-slam/catkin_ws/src/cpp_solver/src/updateDistance.cpp:32(occupancyGridCallback)] [topics: /rosout, /edge_distance] Map origin x: -7.652, y: -7.334
279.800000000 INFO /updateDistance [/home/wcqw/ac-slam/catkin_ws/src/cpp_solver/src/updateDistance.cpp:87(occupancyGridCallback)] [topics: /rosout, /edge_distance] Free vertices size: 16
279.800000000 INFO /updateDistance [/home/wcqw/ac-slam/catkin_ws/src/cpp_solver/src/updateDistance.cpp:128(occupancyGridCallback)] [topics: /rosout, /edge_distance] 124 edge distance updated
279.800000000 INFO /Navigator [/home/wcqw/ac-slam/catkin_ws/src/cpp_solver/src/MyPlanner.cpp:520(findExplorationTarget)] [topics: /rosout, /cmd, /Navigator/plan, /Navigator/markers, /Navigator/frontiers, /Navigator/frontier_to_vertex, /Navigator/nav_goal, /Navigator/prior_map, /Navigator/visual_tsp_path, /Navigator/tsp_index, /Navigator/path_finder, /Navigator/dist_map, /finished_topic, /request_replan, /Explore/result, /Explore/feedback, /Explore/status, /MoveTo/result, /MoveTo/feedback, /MoveTo/status, /Localize/result, /Localize/feedback, /Localize/status, /GetFirstMap/result, /GetFirstMap/feedback, /GetFirstMap/status] Call local replanning...
279.800000000 INFO /path_planner [path_planner.py:321(PathPlanner.handle_replanning)] [topics: /slam_pose_graph, /clock, /edge_distance, /pose_graph_idx, /rosout] Replanning request. curr_vertex_idx: 10
279.800000000 INFO /path_planner [path_planner.py:322(PathPlanner.handle_replanning)] [topics: /slam_pose_graph, /clock, /edge_distance, /pose_graph_idx, /rosout]                     covered_vertices: ()
279.800000000 INFO /path_planner [path_planner.py:336(PathPlanner.handle_replanning)] [topics: /slam_pose_graph, /clock, /edge_distance, /pose_graph_idx, /rosout] Handle local replanning...
279.800000000 INFO /path_planner [path_planner.py:389(PathPlanner.handle_local_replanning)] [topics: /slam_pose_graph, /clock, /edge_distance, /pose_graph_idx, /rosout] Local path to replan: [11, 35, 37, 20, 19, 15]
279.800000000 INFO /path_planner [path_planner.py:348(PathPlanner.handle_replanning)] [topics: /slam_pose_graph, /clock, /edge_distance, /pose_graph_idx, /rosout] curr path length: 43, is_loop length: 43
279.800000000 INFO /path_planner [path_planner.py:360(PathPlanner.handle_replanning)] [topics: /slam_pose_graph, /clock, /edge_distance, /pose_graph_idx, /rosout] Send new plan: 8 7 6 5 4 3 9 15 16 10 11  ---> 35 37 20 19 15(L) 19 23 29 30 24 25 31 32 26 27 33 34 28 22 21 38 37(L) 38 36 12 13 14 8(L) 14 18 17 21(L) 
283.600000000 INFO /Mapper [/home/wcqw/ac-slam/catkin_ws/src/navigation_2d/nav2d_karto/src/MultiMapper.cpp:401(receiveLaserScan)] [topics: /rosout, /tf, /karto_out, /map, /others, /slam_path, /Mapper/vertices, /Mapper/closure_edges, /Mapper/odom_edges, /Mapper/colored_edges, /localization_result, /slam_pose_graph, /Mapper/loop_closed] PHASE2C_KEYSCAN_ACCEPTED unique_id=176 state_id=176 sim_time=283.600000
283.600000000 INFO /updateDistance [/home/wcqw/ac-slam/catkin_ws/src/cpp_solver/src/updateDistance.cpp:29(occupancyGridCallback)] [topics: /rosout, /edge_distance] Received an OccupancyGrid message!
283.600000000 INFO /updateDistance [/home/wcqw/ac-slam/catkin_ws/src/cpp_solver/src/updateDistance.cpp:30(occupancyGridCallback)] [topics: /rosout, /edge_distance] Width: 546, Height: 710, Size: 387660
283.600000000 INFO /updateDistance [/home/wcqw/ac-slam/catkin_ws/src/cpp_solver/src/updateDistance.cpp:32(occupancyGridCallback)] [topics: /rosout, /edge_distance] Map origin x: -7.652, y: -7.334
283.600000000 INFO /path_planner [path_planner.py:664(PathPlanner.handle_pose_graph)] [topics: /slam_pose_graph, /clock, /edge_distance, /pose_graph_idx, /rosout] Really visited vertices: 8 6 5 3 9 15 
283.600000000 INFO /updateDistance [/home/wcqw/ac-slam/catkin_ws/src/cpp_solver/src/updateDistance.cpp:87(occupancyGridCallback)] [topics: /rosout, /edge_distance] Free vertices size: 16
283.600000000 INFO /updateDistance [/home/wcqw/ac-slam/catkin_ws/src/cpp_solver/src/updateDistance.cpp:128(occupancyGridCallback)] [topics: /rosout, /edge_distance] 124 edge distance updated
285.800000000 INFO /updateDistance [/home/wcqw/ac-slam/catkin_ws/src/cpp_solver/src/updateDistance.cpp:29(occupancyGridCallback)] [topics: /rosout, /edge_distance] Received an OccupancyGrid message!
285.800000000 INFO /updateDistance [/home/wcqw/ac-slam/catkin_ws/src/cpp_solver/src/updateDistance.cpp:30(occupancyGridCallback)] [topics: /rosout, /edge_distance] Width: 546, Height: 710, Size: 387660
285.800000000 INFO /updateDistance [/home/wcqw/ac-slam/catkin_ws/src/cpp_solver/src/updateDistance.cpp:32(occupancyGridCallback)] [topics: /rosout, /edge_distance] Map origin x: -7.652, y: -7.334
285.800000000 INFO /updateDistance [/home/wcqw/ac-slam/catkin_ws/src/cpp_solver/src/updateDistance.cpp:87(occupancyGridCallback)] [topics: /rosout, /edge_distance] Free vertices size: 16
285.800000000 INFO /updateDistance [/home/wcqw/ac-slam/catkin_ws/src/cpp_solver/src/updateDistance.cpp:128(occupancyGridCallback)] [topics: /rosout, /edge_distance] 124 edge distance updated
285.800000000 INFO /Navigator [/home/wcqw/ac-slam/catkin_ws/src/cpp_solver/src/MyPlanner.cpp:520(findExplorationTarget)] [topics: /rosout, /cmd, /Navigator/plan, /Navigator/markers, /Navigator/frontiers, /Navigator/frontier_to_vertex, /Navigator/nav_goal, /Navigator/prior_map, /Navigator/visual_tsp_path, /Navigator/tsp_index, /Navigator/path_finder, /Navigator/dist_map, /finished_topic, /request_replan, /Explore/result, /Explore/feedback, /Explore/status, /MoveTo/result, /MoveTo/feedback, /MoveTo/status, /Localize/result, /Localize/feedback, /Localize/status, /GetFirstMap/result, /GetFirstMap/feedback, /GetFirstMap/status] Call local replanning...
285.800000000 INFO /path_planner [path_planner.py:321(PathPlanner.handle_replanning)] [topics: /slam_pose_graph, /clock, /edge_distance, /pose_graph_idx, /rosout] Replanning request. curr_vertex_idx: 10
285.800000000 INFO /path_planner [path_planner.py:322(PathPlanner.handle_replanning)] [topics: /slam_pose_graph, /clock, /edge_distance, /pose_graph_idx, /rosout]                     covered_vertices: ()
285.800000000 INFO /path_planner [path_planner.py:336(PathPlanner.handle_replanning)] [topics: /slam_pose_graph, /clock, /edge_distance, /pose_graph_idx, /rosout] Handle local replanning...
285.800000000 INFO /path_planner [path_planner.py:389(PathPlanner.handle_local_replanning)] [topics: /slam_pose_graph, /clock, /edge_distance, /pose_graph_idx, /rosout] Local path to replan: [11, 35, 37, 20, 19, 15]
285.800000000 INFO /path_planner [path_planner.py:348(PathPlanner.handle_replanning)] [topics: /slam_pose_graph, /clock, /edge_distance, /pose_graph_idx, /rosout] curr path length: 43, is_loop length: 43
285.800000000 INFO /path_planner [path_planner.py:360(PathPlanner.handle_replanning)] [topics: /slam_pose_graph, /clock, /edge_distance, /pose_graph_idx, /rosout] Send new plan: 8 7 6 5 4 3 9 15 16 10 11  ---> 35 37 20 19 15(L) 19 23 29 30 24 25 31 32 26 27 33 34 28 22 21 38 37(L) 38 36 12 13 14 8(L) 14 18 17 21(L) 
288.200000000 INFO /Mapper [/home/wcqw/ac-slam/catkin_ws/src/navigation_2d/nav2d_karto/src/MultiMapper.cpp:401(receiveLaserScan)] [topics: /rosout, /tf, /karto_out, /map, /others, /slam_path, /Mapper/vertices, /Mapper/closure_edges, /Mapper/odom_edges, /Mapper/colored_edges, /localization_result, /slam_pose_graph, /Mapper/loop_closed] PHASE2C_KEYSCAN_ACCEPTED unique_id=177 state_id=177 sim_time=288.200000
288.200000000 INFO /updateDistance [/home/wcqw/ac-slam/catkin_ws/src/cpp_solver/src/updateDistance.cpp:29(occupancyGridCallback)] [topics: /rosout, /edge_distance] Received an OccupancyGrid message!
288.200000000 INFO /updateDistance [/home/wcqw/ac-slam/catkin_ws/src/cpp_solver/src/updateDistance.cpp:30(occupancyGridCallback)] [topics: /rosout, /edge_distance] Width: 546, Height: 710, Size: 387660
288.200000000 INFO /updateDistance [/home/wcqw/ac-slam/catkin_ws/src/cpp_solver/src/updateDistance.cpp:32(occupancyGridCallback)] [topics: /rosout, /edge_distance] Map origin x: -7.652, y: -7.334
288.200000000 INFO /path_planner [path_planner.py:664(PathPlanner.handle_pose_graph)] [topics: /slam_pose_graph, /clock, /edge_distance, /pose_graph_idx, /rosout] Really visited vertices: 8 6 5 3 9 15 
288.200000000 INFO /updateDistance [/home/wcqw/ac-slam/catkin_ws/src/cpp_solver/src/updateDistance.cpp:87(occupancyGridCallback)] [topics: /rosout, /edge_distance] Free vertices size: 16
288.200000000 INFO /updateDistance [/home/wcqw/ac-slam/catkin_ws/src/cpp_solver/src/updateDistance.cpp:128(occupancyGridCallback)] [topics: /rosout, /edge_distance] 124 edge distance updated
291.800000000 INFO /updateDistance [/home/wcqw/ac-slam/catkin_ws/src/cpp_solver/src/updateDistance.cpp:29(occupancyGridCallback)] [topics: /rosout, /edge_distance] Received an OccupancyGrid message!
291.800000000 INFO /updateDistance [/home/wcqw/ac-slam/catkin_ws/src/cpp_solver/src/updateDistance.cpp:30(occupancyGridCallback)] [topics: /rosout, /edge_distance] Width: 546, Height: 710, Size: 387660
291.800000000 INFO /updateDistance [/home/wcqw/ac-slam/catkin_ws/src/cpp_solver/src/updateDistance.cpp:32(occupancyGridCallback)] [topics: /rosout, /edge_distance] Map origin x: -7.652, y: -7.334
291.800000000 INFO /updateDistance [/home/wcqw/ac-slam/catkin_ws/src/cpp_solver/src/updateDistance.cpp:87(occupancyGridCallback)] [topics: /rosout, /edge_distance] Free vertices size: 16
291.800000000 INFO /updateDistance [/home/wcqw/ac-slam/catkin_ws/src/cpp_solver/src/updateDistance.cpp:128(occupancyGridCallback)] [topics: /rosout, /edge_distance] 124 edge distance updated
291.800000000 INFO /Navigator [/home/wcqw/ac-slam/catkin_ws/src/cpp_solver/src/MyPlanner.cpp:520(findExplorationTarget)] [topics: /rosout, /cmd, /Navigator/plan, /Navigator/markers, /Navigator/frontiers, /Navigator/frontier_to_vertex, /Navigator/nav_goal, /Navigator/prior_map, /Navigator/visual_tsp_path, /Navigator/tsp_index, /Navigator/path_finder, /Navigator/dist_map, /finished_topic, /request_replan, /Explore/result, /Explore/feedback, /Explore/status, /MoveTo/result, /MoveTo/feedback, /MoveTo/status, /Localize/result, /Localize/feedback, /Localize/status, /GetFirstMap/result, /GetFirstMap/feedback, /GetFirstMap/status] Call local replanning...
291.800000000 INFO /path_planner [path_planner.py:321(PathPlanner.handle_replanning)] [topics: /slam_pose_graph, /clock, /edge_distance, /pose_graph_idx, /rosout] Replanning request. curr_vertex_idx: 10
291.800000000 INFO /path_planner [path_planner.py:322(PathPlanner.handle_replanning)] [topics: /slam_pose_graph, /clock, /edge_distance, /pose_graph_idx, /rosout]                     covered_vertices: ()
291.800000000 INFO /path_planner [path_planner.py:336(PathPlanner.handle_replanning)] [topics: /slam_pose_graph, /clock, /edge_distance, /pose_graph_idx, /rosout] Handle local replanning...
291.800000000 INFO /path_planner [path_planner.py:389(PathPlanner.handle_local_replanning)] [topics: /slam_pose_graph, /clock, /edge_distance, /pose_graph_idx, /rosout] Local path to replan: [11, 35, 37, 20, 19, 15]
291.800000000 INFO /path_planner [path_planner.py:348(PathPlanner.handle_replanning)] [topics: /slam_pose_graph, /clock, /edge_distance, /pose_graph_idx, /rosout] curr path length: 43, is_loop length: 43
291.800000000 INFO /path_planner [path_planner.py:360(PathPlanner.handle_replanning)] [topics: /slam_pose_graph, /clock, /edge_distance, /pose_graph_idx, /rosout] Send new plan: 8 7 6 5 4 3 9 15 16 10 11  ---> 35 37 20 19 15(L) 19 23 29 30 24 25 31 32 26 27 33 34 28 22 21 38 37(L) 38 36 12 13 14 8(L) 14 18 17 21(L) 
292.200000000 INFO /Mapper [/home/wcqw/ac-slam/catkin_ws/src/navigation_2d/nav2d_karto/src/MultiMapper.cpp:401(receiveLaserScan)] [topics: /rosout, /tf, /karto_out, /map, /others, /slam_path, /Mapper/vertices, /Mapper/closure_edges, /Mapper/odom_edges, /Mapper/colored_edges, /localization_result, /slam_pose_graph, /Mapper/loop_closed] PHASE2C_KEYSCAN_ACCEPTED unique_id=178 state_id=178 sim_time=292.100000
292.400000000 WARN /RVIZ [/tmp/binarydeb/ros-noetic-tf2-0.7.10/src/buffer_core.cpp:277()] [topics: /rosout, /initialpose, /goal, /clicked_point] TF_REPEATED_DATA ignoring data with redundant timestamp for frame odom (parent offset) at time 292.400000 according to authority unknown_publisher
292.400000000 WARN /RVIZ [/tmp/binarydeb/ros-noetic-tf2-0.7.10/src/buffer_core.cpp:277()] [topics: /rosout, /initialpose, /goal, /clicked_point] TF_REPEATED_DATA ignoring data with redundant timestamp for frame offset (parent map) at time 292.400000 according to authority unknown_publisher
295.400000000 INFO /Mapper [/home/wcqw/ac-slam/catkin_ws/src/navigation_2d/nav2d_karto/src/MultiMapper.cpp:401(receiveLaserScan)] [topics: /rosout, /tf, /karto_out, /map, /others, /slam_path, /Mapper/vertices, /Mapper/closure_edges, /Mapper/odom_edges, /Mapper/colored_edges, /localization_result, /slam_pose_graph, /Mapper/loop_closed] PHASE2C_KEYSCAN_ACCEPTED unique_id=179 state_id=179 sim_time=295.300000
295.400000000 INFO /updateDistance [/home/wcqw/ac-slam/catkin_ws/src/cpp_solver/src/updateDistance.cpp:29(occupancyGridCallback)] [topics: /rosout, /edge_distance] Received an OccupancyGrid message!
295.400000000 INFO /updateDistance [/home/wcqw/ac-slam/catkin_ws/src/cpp_solver/src/updateDistance.cpp:30(occupancyGridCallback)] [topics: /rosout, /edge_distance] Width: 547, Height: 710, Size: 388370
295.400000000 INFO /updateDistance [/home/wcqw/ac-slam/catkin_ws/src/cpp_solver/src/updateDistance.cpp:32(occupancyGridCallback)] [topics: /rosout, /edge_distance] Map origin x: -7.690, y: -7.334
295.400000000 INFO /path_planner [path_planner.py:664(PathPlanner.handle_pose_graph)] [topics: /slam_pose_graph, /clock, /edge_distance, /pose_graph_idx, /rosout] Really visited vertices: 8 6 5 3 9 15 
295.400000000 INFO /updateDistance [/home/wcqw/ac-slam/catkin_ws/src/cpp_solver/src/updateDistance.cpp:87(occupancyGridCallback)] [topics: /rosout, /edge_distance] Free vertices size: 17
295.400000000 INFO /updateDistance [/home/wcqw/ac-slam/catkin_ws/src/cpp_solver/src/updateDistance.cpp:128(occupancyGridCallback)] [topics: /rosout, /edge_distance] 124 edge distance updated
295.400000000 INFO /RVIZ [/tmp/binarydeb/ros-noetic-rviz-1.14.26/src/rviz/default_plugin/map_display.cpp:604(MapDisplay::createSwatches)] [topics: /rosout, /initialpose, /goal, /clicked_point] Creating 1 swatches
297.700000000 INFO /updateDistance [/home/wcqw/ac-slam/catkin_ws/src/cpp_solver/src/updateDistance.cpp:29(occupancyGridCallback)] [topics: /rosout, /edge_distance] Received an OccupancyGrid message!
297.700000000 INFO /updateDistance [/home/wcqw/ac-slam/catkin_ws/src/cpp_solver/src/updateDistance.cpp:30(occupancyGridCallback)] [topics: /rosout, /edge_distance] Width: 547, Height: 710, Size: 388370
297.700000000 INFO /updateDistance [/home/wcqw/ac-slam/catkin_ws/src/cpp_solver/src/updateDistance.cpp:32(occupancyGridCallback)] [topics: /rosout, /edge_distance] Map origin x: -7.690, y: -7.334
297.800000000 INFO /updateDistance [/home/wcqw/ac-slam/catkin_ws/src/cpp_solver/src/updateDistance.cpp:87(occupancyGridCallback)] [topics: /rosout, /edge_distance] Free vertices size: 17
297.800000000 INFO /updateDistance [/home/wcqw/ac-slam/catkin_ws/src/cpp_solver/src/updateDistance.cpp:128(occupancyGridCallback)] [topics: /rosout, /edge_distance] 124 edge distance updated
297.800000000 INFO /Navigator [/home/wcqw/ac-slam/catkin_ws/src/cpp_solver/src/MyPlanner.cpp:520(findExplorationTarget)] [topics: /rosout, /cmd, /Navigator/plan, /Navigator/markers, /Navigator/frontiers, /Navigator/frontier_to_vertex, /Navigator/nav_goal, /Navigator/prior_map, /Navigator/visual_tsp_path, /Navigator/tsp_index, /Navigator/path_finder, /Navigator/dist_map, /finished_topic, /request_replan, /Explore/result, /Explore/feedback, /Explore/status, /MoveTo/result, /MoveTo/feedback, /MoveTo/status, /Localize/result, /Localize/feedback, /Localize/status, /GetFirstMap/result, /GetFirstMap/feedback, /GetFirstMap/status] Call local replanning...
297.800000000 INFO /path_planner [path_planner.py:321(PathPlanner.handle_replanning)] [topics: /slam_pose_graph, /clock, /edge_distance, /pose_graph_idx, /rosout] Replanning request. curr_vertex_idx: 10
297.800000000 INFO /path_planner [path_planner.py:322(PathPlanner.handle_replanning)] [topics: /slam_pose_graph, /clock, /edge_distance, /pose_graph_idx, /rosout]                     covered_vertices: ()
297.800000000 INFO /path_planner [path_planner.py:336(PathPlanner.handle_replanning)] [topics: /slam_pose_graph, /clock, /edge_distance, /pose_graph_idx, /rosout] Handle local replanning...
297.800000000 INFO /path_planner [path_planner.py:389(PathPlanner.handle_local_replanning)] [topics: /slam_pose_graph, /clock, /edge_distance, /pose_graph_idx, /rosout] Local path to replan: [11, 35, 37, 20, 19, 15]
297.800000000 INFO /path_planner [path_planner.py:348(PathPlanner.handle_replanning)] [topics: /slam_pose_graph, /clock, /edge_distance, /pose_graph_idx, /rosout] curr path length: 43, is_loop length: 43
297.800000000 INFO /path_planner [path_planner.py:360(PathPlanner.handle_replanning)] [topics: /slam_pose_graph, /clock, /edge_distance, /pose_graph_idx, /rosout] Send new plan: 8 7 6 5 4 3 9 15 16 10 11  ---> 35 37 20 19 15(L) 19 23 29 30 24 25 31 32 26 27 33 34 28 22 21 38 37(L) 38 36 12 13 14 8(L) 14 18 17 21(L) 
298.600000000 WARN /RVIZ [/tmp/binarydeb/ros-noetic-tf2-0.7.10/src/buffer_core.cpp:277()] [topics: /rosout, /initialpose, /goal, /clicked_point] TF_REPEATED_DATA ignoring data with redundant timestamp for frame odom (parent offset) at time 298.600000 according to authority unknown_publisher
298.600000000 WARN /RVIZ [/tmp/binarydeb/ros-noetic-tf2-0.7.10/src/buffer_core.cpp:277()] [topics: /rosout, /initialpose, /goal, /clicked_point] TF_REPEATED_DATA ignoring data with redundant timestamp for frame offset (parent map) at time 298.600000 according to authority unknown_publisher
299.000000000 INFO /Mapper [/home/wcqw/ac-slam/catkin_ws/src/navigation_2d/nav2d_karto/src/MultiMapper.cpp:401(receiveLaserScan)] [topics: /rosout, /tf, /karto_out, /map, /others, /slam_path, /Mapper/vertices, /Mapper/closure_edges, /Mapper/odom_edges, /Mapper/colored_edges, /localization_result, /slam_pose_graph, /Mapper/loop_closed] PHASE2C_KEYSCAN_ACCEPTED unique_id=180 state_id=180 sim_time=298.900000
299.000000000 INFO /updateDistance [/home/wcqw/ac-slam/catkin_ws/src/cpp_solver/src/updateDistance.cpp:29(occupancyGridCallback)] [topics: /rosout, /edge_distance] Received an OccupancyGrid message!
299.000000000 INFO /updateDistance [/home/wcqw/ac-slam/catkin_ws/src/cpp_solver/src/updateDistance.cpp:30(occupancyGridCallback)] [topics: /rosout, /edge_distance] Width: 547, Height: 710, Size: 388370
299.000000000 INFO /updateDistance [/home/wcqw/ac-slam/catkin_ws/src/cpp_solver/src/updateDistance.cpp:32(occupancyGridCallback)] [topics: /rosout, /edge_distance] Map origin x: -7.690, y: -7.334
299.000000000 INFO /path_planner [path_planner.py:664(PathPlanner.handle_pose_graph)] [topics: /slam_pose_graph, /clock, /edge_distance, /pose_graph_idx, /rosout] Really visited vertices: 8 6 5 3 9 15 
299.000000000 INFO /updateDistance [/home/wcqw/ac-slam/catkin_ws/src/cpp_solver/src/updateDistance.cpp:87(occupancyGridCallback)] [topics: /rosout, /edge_distance] Free vertices size: 17
299.000000000 INFO /updateDistance [/home/wcqw/ac-slam/catkin_ws/src/cpp_solver/src/updateDistance.cpp:128(occupancyGridCallback)] [topics: /rosout, /edge_distance] 124 edge distance updated
301.800000000 WARN /RVIZ [/tmp/binarydeb/ros-noetic-tf2-0.7.10/src/buffer_core.cpp:277()] [topics: /rosout, /initialpose, /goal, /clicked_point] TF_REPEATED_DATA ignoring data with redundant timestamp for frame odom (parent offset) at time 301.800000 according to authority unknown_publisher
301.800000000 WARN /RVIZ [/tmp/binarydeb/ros-noetic-tf2-0.7.10/src/buffer_core.cpp:277()] [topics: /rosout, /initialpose, /goal, /clicked_point] TF_REPEATED_DATA ignoring data with redundant timestamp for frame offset (parent map) at time 301.800000 according to authority unknown_publisher
302.800000000 INFO /Mapper [/home/wcqw/ac-slam/catkin_ws/src/navigation_2d/nav2d_karto/src/MultiMapper.cpp:401(receiveLaserScan)] [topics: /rosout, /tf, /karto_out, /map, /others, /slam_path, /Mapper/vertices, /Mapper/closure_edges, /Mapper/odom_edges, /Mapper/colored_edges, /localization_result, /slam_pose_graph, /Mapper/loop_closed] PHASE2C_KEYSCAN_ACCEPTED unique_id=181 state_id=181 sim_time=302.700000
302.800000000 INFO /updateDistance [/home/wcqw/ac-slam/catkin_ws/src/cpp_solver/src/updateDistance.cpp:29(occupancyGridCallback)] [topics: /rosout, /edge_distance] Received an OccupancyGrid message!
302.800000000 INFO /updateDistance [/home/wcqw/ac-slam/catkin_ws/src/cpp_solver/src/updateDistance.cpp:30(occupancyGridCallback)] [topics: /rosout, /edge_distance] Width: 547, Height: 710, Size: 388370
302.800000000 INFO /updateDistance [/home/wcqw/ac-slam/catkin_ws/src/cpp_solver/src/updateDistance.cpp:32(occupancyGridCallback)] [topics: /rosout, /edge_distance] Map origin x: -7.690, y: -7.334
302.800000000 INFO /path_planner [path_planner.py:664(PathPlanner.handle_pose_graph)] [topics: /slam_pose_graph, /clock, /edge_distance, /pose_graph_idx, /rosout] Really visited vertices: 8 6 5 3 9 15 
302.800000000 INFO /updateDistance [/home/wcqw/ac-slam/catkin_ws/src/cpp_solver/src/updateDistance.cpp:87(occupancyGridCallback)] [topics: /rosout, /edge_distance] Free vertices size: 17
302.800000000 INFO /updateDistance [/home/wcqw/ac-slam/catkin_ws/src/cpp_solver/src/updateDistance.cpp:128(occupancyGridCallback)] [topics: /rosout, /edge_distance] 124 edge distance updated
303.700000000 INFO /updateDistance [/home/wcqw/ac-slam/catkin_ws/src/cpp_solver/src/updateDistance.cpp:29(occupancyGridCallback)] [topics: /rosout, /edge_distance] Received an OccupancyGrid message!
303.700000000 INFO /updateDistance [/home/wcqw/ac-slam/catkin_ws/src/cpp_solver/src/updateDistance.cpp:30(occupancyGridCallback)] [topics: /rosout, /edge_distance] Width: 547, Height: 710, Size: 388370
303.700000000 INFO /updateDistance [/home/wcqw/ac-slam/catkin_ws/src/cpp_solver/src/updateDistance.cpp:32(occupancyGridCallback)] [topics: /rosout, /edge_distance] Map origin x: -7.690, y: -7.334
303.800000000 INFO /updateDistance [/home/wcqw/ac-slam/catkin_ws/src/cpp_solver/src/updateDistance.cpp:87(occupancyGridCallback)] [topics: /rosout, /edge_distance] Free vertices size: 17
303.800000000 INFO /updateDistance [/home/wcqw/ac-slam/catkin_ws/src/cpp_solver/src/updateDistance.cpp:128(occupancyGridCallback)] [topics: /rosout, /edge_distance] 124 edge distance updated
303.800000000 INFO /Navigator [/home/wcqw/ac-slam/catkin_ws/src/cpp_solver/src/MyPlanner.cpp:520(findExplorationTarget)] [topics: /rosout, /cmd, /Navigator/plan, /Navigator/markers, /Navigator/frontiers, /Navigator/frontier_to_vertex, /Navigator/nav_goal, /Navigator/prior_map, /Navigator/visual_tsp_path, /Navigator/tsp_index, /Navigator/path_finder, /Navigator/dist_map, /finished_topic, /request_replan, /Explore/result, /Explore/feedback, /Explore/status, /MoveTo/result, /MoveTo/feedback, /MoveTo/status, /Localize/result, /Localize/feedback, /Localize/status, /GetFirstMap/result, /GetFirstMap/feedback, /GetFirstMap/status] Call local replanning...
303.800000000 INFO /path_planner [path_planner.py:321(PathPlanner.handle_replanning)] [topics: /slam_pose_graph, /clock, /edge_distance, /pose_graph_idx, /rosout] Replanning request. curr_vertex_idx: 10
303.800000000 INFO /path_planner [path_planner.py:322(PathPlanner.handle_replanning)] [topics: /slam_pose_graph, /clock, /edge_distance, /pose_graph_idx, /rosout]                     covered_vertices: ()
303.800000000 INFO /path_planner [path_planner.py:336(PathPlanner.handle_replanning)] [topics: /slam_pose_graph, /clock, /edge_distance, /pose_graph_idx, /rosout] Handle local replanning...
303.800000000 INFO /path_planner [path_planner.py:389(PathPlanner.handle_local_replanning)] [topics: /slam_pose_graph, /clock, /edge_distance, /pose_graph_idx, /rosout] Local path to replan: [11, 35, 37, 20, 19, 15]
303.800000000 INFO /path_planner [path_planner.py:348(PathPlanner.handle_replanning)] [topics: /slam_pose_graph, /clock, /edge_distance, /pose_graph_idx, /rosout] curr path length: 43, is_loop length: 43
303.800000000 INFO /path_planner [path_planner.py:360(PathPlanner.handle_replanning)] [topics: /slam_pose_graph, /clock, /edge_distance, /pose_graph_idx, /rosout] Send new plan: 8 7 6 5 4 3 9 15 16 10 11  ---> 35 37 20 19 15(L) 19 23 29 30 24 25 31 32 26 27 33 34 28 22 21 38 37(L) 38 36 12 13 14 8(L) 14 18 17 21(L) 
306.400000000 INFO /Mapper [/home/wcqw/ac-slam/catkin_ws/src/navigation_2d/nav2d_karto/src/MultiMapper.cpp:401(receiveLaserScan)] [topics: /rosout, /tf, /karto_out, /map, /others, /slam_path, /Mapper/vertices, /Mapper/closure_edges, /Mapper/odom_edges, /Mapper/colored_edges, /localization_result, /slam_pose_graph, /Mapper/loop_closed] PHASE2C_KEYSCAN_ACCEPTED unique_id=182 state_id=182 sim_time=306.400000
306.400000000 INFO /updateDistance [/home/wcqw/ac-slam/catkin_ws/src/cpp_solver/src/updateDistance.cpp:29(occupancyGridCallback)] [topics: /rosout, /edge_distance] Received an OccupancyGrid message!
306.400000000 INFO /updateDistance [/home/wcqw/ac-slam/catkin_ws/src/cpp_solver/src/updateDistance.cpp:30(occupancyGridCallback)] [topics: /rosout, /edge_distance] Width: 547, Height: 710, Size: 388370
306.400000000 INFO /updateDistance [/home/wcqw/ac-slam/catkin_ws/src/cpp_solver/src/updateDistance.cpp:32(occupancyGridCallback)] [topics: /rosout, /edge_distance] Map origin x: -7.690, y: -7.334
306.400000000 INFO /path_planner [path_planner.py:664(PathPlanner.handle_pose_graph)] [topics: /slam_pose_graph, /clock, /edge_distance, /pose_graph_idx, /rosout] Really visited vertices: 8 6 5 3 9 15 
306.400000000 INFO /updateDistance [/home/wcqw/ac-slam/catkin_ws/src/cpp_solver/src/updateDistance.cpp:87(occupancyGridCallback)] [topics: /rosout, /edge_distance] Free vertices size: 17
306.400000000 INFO /updateDistance [/home/wcqw/ac-slam/catkin_ws/src/cpp_solver/src/updateDistance.cpp:128(occupancyGridCallback)] [topics: /rosout, /edge_distance] 124 edge distance updated
309.400000000 INFO /Mapper [/home/wcqw/ac-slam/catkin_ws/src/navigation_2d/nav2d_karto/src/MultiMapper.cpp:401(receiveLaserScan)] [topics: /rosout, /tf, /karto_out, /map, /others, /slam_path, /Mapper/vertices, /Mapper/closure_edges, /Mapper/odom_edges, /Mapper/colored_edges, /localization_result, /slam_pose_graph, /Mapper/loop_closed] PHASE2C_KEYSCAN_ACCEPTED unique_id=183 state_id=183 sim_time=309.300000
309.400000000 INFO /updateDistance [/home/wcqw/ac-slam/catkin_ws/src/cpp_solver/src/updateDistance.cpp:29(occupancyGridCallback)] [topics: /rosout, /edge_distance] Received an OccupancyGrid message!
309.400000000 INFO /updateDistance [/home/wcqw/ac-slam/catkin_ws/src/cpp_solver/src/updateDistance.cpp:30(occupancyGridCallback)] [topics: /rosout, /edge_distance] Width: 547, Height: 710, Size: 388370
309.400000000 INFO /updateDistance [/home/wcqw/ac-slam/catkin_ws/src/cpp_solver/src/updateDistance.cpp:32(occupancyGridCallback)] [topics: /rosout, /edge_distance] Map origin x: -7.690, y: -7.334
309.400000000 INFO /path_planner [path_planner.py:664(PathPlanner.handle_pose_graph)] [topics: /slam_pose_graph, /clock, /edge_distance, /pose_graph_idx, /rosout] Really visited vertices: 8 6 5 3 9 15 
309.400000000 INFO /updateDistance [/home/wcqw/ac-slam/catkin_ws/src/cpp_solver/src/updateDistance.cpp:87(occupancyGridCallback)] [topics: /rosout, /edge_distance] Free vertices size: 17
309.400000000 INFO /updateDistance [/home/wcqw/ac-slam/catkin_ws/src/cpp_solver/src/updateDistance.cpp:128(occupancyGridCallback)] [topics: /rosout, /edge_distance] 124 edge distance updated
309.700000000 INFO /updateDistance [/home/wcqw/ac-slam/catkin_ws/src/cpp_solver/src/updateDistance.cpp:29(occupancyGridCallback)] [topics: /rosout, /edge_distance] Received an OccupancyGrid message!
309.700000000 INFO /updateDistance [/home/wcqw/ac-slam/catkin_ws/src/cpp_solver/src/updateDistance.cpp:30(occupancyGridCallback)] [topics: /rosout, /edge_distance] Width: 547, Height: 710, Size: 388370
309.700000000 INFO /updateDistance [/home/wcqw/ac-slam/catkin_ws/src/cpp_solver/src/updateDistance.cpp:32(occupancyGridCallback)] [topics: /rosout, /edge_distance] Map origin x: -7.690, y: -7.334
309.800000000 INFO /updateDistance [/home/wcqw/ac-slam/catkin_ws/src/cpp_solver/src/updateDistance.cpp:87(occupancyGridCallback)] [topics: /rosout, /edge_distance] Free vertices size: 17
309.800000000 INFO /updateDistance [/home/wcqw/ac-slam/catkin_ws/src/cpp_solver/src/updateDistance.cpp:128(occupancyGridCallback)] [topics: /rosout, /edge_distance] 124 edge distance updated
309.800000000 INFO /Navigator [/home/wcqw/ac-slam/catkin_ws/src/cpp_solver/src/MyPlanner.cpp:520(findExplorationTarget)] [topics: /rosout, /cmd, /Navigator/plan, /Navigator/markers, /Navigator/frontiers, /Navigator/frontier_to_vertex, /Navigator/nav_goal, /Navigator/prior_map, /Navigator/visual_tsp_path, /Navigator/tsp_index, /Navigator/path_finder, /Navigator/dist_map, /finished_topic, /request_replan, /Explore/result, /Explore/feedback, /Explore/status, /MoveTo/result, /MoveTo/feedback, /MoveTo/status, /Localize/result, /Localize/feedback, /Localize/status, /GetFirstMap/result, /GetFirstMap/feedback, /GetFirstMap/status] Call local replanning...
309.800000000 INFO /path_planner [path_planner.py:321(PathPlanner.handle_replanning)] [topics: /slam_pose_graph, /clock, /edge_distance, /pose_graph_idx, /rosout] Replanning request. curr_vertex_idx: 10
309.800000000 INFO /path_planner [path_planner.py:322(PathPlanner.handle_replanning)] [topics: /slam_pose_graph, /clock, /edge_distance, /pose_graph_idx, /rosout]                     covered_vertices: ()
309.800000000 INFO /path_planner [path_planner.py:336(PathPlanner.handle_replanning)] [topics: /slam_pose_graph, /clock, /edge_distance, /pose_graph_idx, /rosout] Handle local replanning...
309.800000000 INFO /path_planner [path_planner.py:389(PathPlanner.handle_local_replanning)] [topics: /slam_pose_graph, /clock, /edge_distance, /pose_graph_idx, /rosout] Local path to replan: [11, 35, 37, 20, 19, 15]
309.800000000 INFO /path_planner [path_planner.py:348(PathPlanner.handle_replanning)] [topics: /slam_pose_graph, /clock, /edge_distance, /pose_graph_idx, /rosout] curr path length: 43, is_loop length: 43
309.800000000 INFO /path_planner [path_planner.py:360(PathPlanner.handle_replanning)] [topics: /slam_pose_graph, /clock, /edge_distance, /pose_graph_idx, /rosout] Send new plan: 8 7 6 5 4 3 9 15 16 10 11  ---> 35 37 20 19 15(L) 19 23 29 30 24 25 31 32 26 27 33 34 28 22 21 38 37(L) 38 36 12 13 14 8(L) 14 18 17 21(L) 
310.600000000 INFO /Mapper [/home/wcqw/ac-slam/catkin_ws/src/navigation_2d/nav2d_karto/src/MultiMapper.cpp:401(receiveLaserScan)] [topics: /rosout, /tf, /karto_out, /map, /others, /slam_path, /Mapper/vertices, /Mapper/closure_edges, /Mapper/odom_edges, /Mapper/colored_edges, /localization_result, /slam_pose_graph, /Mapper/loop_closed] PHASE2C_KEYSCAN_ACCEPTED unique_id=184 state_id=184 sim_time=310.500000
310.600000000 WARN /RVIZ [/tmp/binarydeb/ros-noetic-tf2-0.7.10/src/buffer_core.cpp:277()] [topics: /rosout, /initialpose, /goal, /clicked_point] TF_REPEATED_DATA ignoring data with redundant timestamp for frame odom (parent offset) at time 310.600000 according to authority unknown_publisher
310.600000000 WARN /RVIZ [/tmp/binarydeb/ros-noetic-tf2-0.7.10/src/buffer_core.cpp:277()] [topics: /rosout, /initialpose, /goal, /clicked_point] TF_REPEATED_DATA ignoring data with redundant timestamp for frame offset (parent map) at time 310.600000 according to authority unknown_publisher
312.200000000 INFO /Mapper [/home/wcqw/ac-slam/catkin_ws/src/navigation_2d/nav2d_karto/src/MultiMapper.cpp:401(receiveLaserScan)] [topics: /rosout, /tf, /karto_out, /map, /others, /slam_path, /Mapper/vertices, /Mapper/closure_edges, /Mapper/odom_edges, /Mapper/colored_edges, /localization_result, /slam_pose_graph, /Mapper/loop_closed] PHASE2C_KEYSCAN_ACCEPTED unique_id=185 state_id=185 sim_time=312.200000
312.200000000 INFO /updateDistance [/home/wcqw/ac-slam/catkin_ws/src/cpp_solver/src/updateDistance.cpp:29(occupancyGridCallback)] [topics: /rosout, /edge_distance] Received an OccupancyGrid message!
312.200000000 INFO /updateDistance [/home/wcqw/ac-slam/catkin_ws/src/cpp_solver/src/updateDistance.cpp:30(occupancyGridCallback)] [topics: /rosout, /edge_distance] Width: 547, Height: 710, Size: 388370
312.200000000 INFO /updateDistance [/home/wcqw/ac-slam/catkin_ws/src/cpp_solver/src/updateDistance.cpp:32(occupancyGridCallback)] [topics: /rosout, /edge_distance] Map origin x: -7.738, y: -7.334
312.200000000 INFO /path_planner [path_planner.py:664(PathPlanner.handle_pose_graph)] [topics: /slam_pose_graph, /clock, /edge_distance, /pose_graph_idx, /rosout] Really visited vertices: 8 6 5 3 9 15 
312.200000000 INFO /updateDistance [/home/wcqw/ac-slam/catkin_ws/src/cpp_solver/src/updateDistance.cpp:87(occupancyGridCallback)] [topics: /rosout, /edge_distance] Free vertices size: 17
312.200000000 INFO /updateDistance [/home/wcqw/ac-slam/catkin_ws/src/cpp_solver/src/updateDistance.cpp:128(occupancyGridCallback)] [topics: /rosout, /edge_distance] 124 edge distance updated
314.000000000 INFO /Mapper [/home/wcqw/ac-slam/catkin_ws/src/navigation_2d/nav2d_karto/src/MultiMapper.cpp:401(receiveLaserScan)] [topics: /rosout, /tf, /karto_out, /map, /others, /slam_path, /Mapper/vertices, /Mapper/closure_edges, /Mapper/odom_edges, /Mapper/colored_edges, /localization_result, /slam_pose_graph, /Mapper/loop_closed] PHASE2C_KEYSCAN_ACCEPTED unique_id=186 state_id=186 sim_time=314.000000
314.000000000 INFO /updateDistance [/home/wcqw/ac-slam/catkin_ws/src/cpp_solver/src/updateDistance.cpp:29(occupancyGridCallback)] [topics: /rosout, /edge_distance] Received an OccupancyGrid message!
314.000000000 INFO /updateDistance [/home/wcqw/ac-slam/catkin_ws/src/cpp_solver/src/updateDistance.cpp:30(occupancyGridCallback)] [topics: /rosout, /edge_distance] Width: 547, Height: 710, Size: 388370
314.000000000 INFO /updateDistance [/home/wcqw/ac-slam/catkin_ws/src/cpp_solver/src/updateDistance.cpp:32(occupancyGridCallback)] [topics: /rosout, /edge_distance] Map origin x: -7.738, y: -7.334
314.000000000 INFO /path_planner [path_planner.py:664(PathPlanner.handle_pose_graph)] [topics: /slam_pose_graph, /clock, /edge_distance, /pose_graph_idx, /rosout] Really visited vertices: 8 6 5 3 9 15 
314.000000000 INFO /updateDistance [/home/wcqw/ac-slam/catkin_ws/src/cpp_solver/src/updateDistance.cpp:87(occupancyGridCallback)] [topics: /rosout, /edge_distance] Free vertices size: 17
314.000000000 INFO /updateDistance [/home/wcqw/ac-slam/catkin_ws/src/cpp_solver/src/updateDistance.cpp:128(occupancyGridCallback)] [topics: /rosout, /edge_distance] 124 edge distance updated
315.400000000 INFO /Mapper [/home/wcqw/ac-slam/catkin_ws/src/navigation_2d/nav2d_karto/src/MultiMapper.cpp:401(receiveLaserScan)] [topics: /rosout, /tf, /karto_out, /map, /others, /slam_path, /Mapper/vertices, /Mapper/closure_edges, /Mapper/odom_edges, /Mapper/colored_edges, /localization_result, /slam_pose_graph, /Mapper/loop_closed] PHASE2C_KEYSCAN_ACCEPTED unique_id=187 state_id=187 sim_time=315.300000
315.400000000 INFO /updateDistance [/home/wcqw/ac-slam/catkin_ws/src/cpp_solver/src/updateDistance.cpp:29(occupancyGridCallback)] [topics: /rosout, /edge_distance] Received an OccupancyGrid message!
315.400000000 INFO /updateDistance [/home/wcqw/ac-slam/catkin_ws/src/cpp_solver/src/updateDistance.cpp:30(occupancyGridCallback)] [topics: /rosout, /edge_distance] Width: 547, Height: 710, Size: 388370
315.400000000 INFO /updateDistance [/home/wcqw/ac-slam/catkin_ws/src/cpp_solver/src/updateDistance.cpp:32(occupancyGridCallback)] [topics: /rosout, /edge_distance] Map origin x: -7.738, y: -7.334
315.400000000 INFO /path_planner [path_planner.py:664(PathPlanner.handle_pose_graph)] [topics: /slam_pose_graph, /clock, /edge_distance, /pose_graph_idx, /rosout] Really visited vertices: 8 6 5 3 9 15 
315.400000000 INFO /updateDistance [/home/wcqw/ac-slam/catkin_ws/src/cpp_solver/src/updateDistance.cpp:87(occupancyGridCallback)] [topics: /rosout, /edge_distance] Free vertices size: 17
315.400000000 INFO /updateDistance [/home/wcqw/ac-slam/catkin_ws/src/cpp_solver/src/updateDistance.cpp:128(occupancyGridCallback)] [topics: /rosout, /edge_distance] 124 edge distance updated
315.700000000 INFO /updateDistance [/home/wcqw/ac-slam/catkin_ws/src/cpp_solver/src/updateDistance.cpp:29(occupancyGridCallback)] [topics: /rosout, /edge_distance] Received an OccupancyGrid message!
315.700000000 INFO /updateDistance [/home/wcqw/ac-slam/catkin_ws/src/cpp_solver/src/updateDistance.cpp:30(occupancyGridCallback)] [topics: /rosout, /edge_distance] Width: 547, Height: 710, Size: 388370
315.700000000 INFO /updateDistance [/home/wcqw/ac-slam/catkin_ws/src/cpp_solver/src/updateDistance.cpp:32(occupancyGridCallback)] [topics: /rosout, /edge_distance] Map origin x: -7.738, y: -7.334
315.800000000 INFO /updateDistance [/home/wcqw/ac-slam/catkin_ws/src/cpp_solver/src/updateDistance.cpp:87(occupancyGridCallback)] [topics: /rosout, /edge_distance] Free vertices size: 17
315.800000000 INFO /updateDistance [/home/wcqw/ac-slam/catkin_ws/src/cpp_solver/src/updateDistance.cpp:128(occupancyGridCallback)] [topics: /rosout, /edge_distance] 124 edge distance updated
315.800000000 INFO /Navigator [/home/wcqw/ac-slam/catkin_ws/src/cpp_solver/src/MyPlanner.cpp:520(findExplorationTarget)] [topics: /rosout, /cmd, /Navigator/plan, /Navigator/markers, /Navigator/frontiers, /Navigator/frontier_to_vertex, /Navigator/nav_goal, /Navigator/prior_map, /Navigator/visual_tsp_path, /Navigator/tsp_index, /Navigator/path_finder, /Navigator/dist_map, /finished_topic, /request_replan, /Explore/result, /Explore/feedback, /Explore/status, /MoveTo/result, /MoveTo/feedback, /MoveTo/status, /Localize/result, /Localize/feedback, /Localize/status, /GetFirstMap/result, /GetFirstMap/feedback, /GetFirstMap/status] Call local replanning...
315.800000000 INFO /path_planner [path_planner.py:321(PathPlanner.handle_replanning)] [topics: /slam_pose_graph, /clock, /edge_distance, /pose_graph_idx, /rosout] Replanning request. curr_vertex_idx: 10
315.800000000 INFO /path_planner [path_planner.py:322(PathPlanner.handle_replanning)] [topics: /slam_pose_graph, /clock, /edge_distance, /pose_graph_idx, /rosout]                     covered_vertices: ()
315.800000000 INFO /path_planner [path_planner.py:336(PathPlanner.handle_replanning)] [topics: /slam_pose_graph, /clock, /edge_distance, /pose_graph_idx, /rosout] Handle local replanning...
315.800000000 INFO /path_planner [path_planner.py:389(PathPlanner.handle_local_replanning)] [topics: /slam_pose_graph, /clock, /edge_distance, /pose_graph_idx, /rosout] Local path to replan: [11, 35, 37, 20, 19, 15]
315.800000000 INFO /path_planner [path_planner.py:348(PathPlanner.handle_replanning)] [topics: /slam_pose_graph, /clock, /edge_distance, /pose_graph_idx, /rosout] curr path length: 43, is_loop length: 43
315.800000000 INFO /path_planner [path_planner.py:360(PathPlanner.handle_replanning)] [topics: /slam_pose_graph, /clock, /edge_distance, /pose_graph_idx, /rosout] Send new plan: 8 7 6 5 4 3 9 15 16 10 11  ---> 35 37 20 19 15(L) 19 23 29 30 24 25 31 32 26 27 33 34 28 22 21 38 37(L) 38 36 12 13 14 8(L) 14 18 17 21(L) 
315.800000000 INFO /Navigator [/home/wcqw/ac-slam/catkin_ws/src/cpp_solver/src/MyPlanner.cpp:548(findExplorationTarget)] [topics: /rosout, /cmd, /Navigator/plan, /Navigator/markers, /Navigator/frontiers, /Navigator/frontier_to_vertex, /Navigator/nav_goal, /Navigator/prior_map, /Navigator/visual_tsp_path, /Navigator/tsp_index, /Navigator/path_finder, /Navigator/dist_map, /finished_topic, /request_replan, /Explore/result, /Explore/feedback, /Explore/status, /MoveTo/result, /MoveTo/feedback, /MoveTo/status, /Localize/result, /Localize/feedback, /Localize/status, /GetFirstMap/result, /GetFirstMap/feedback, /GetFirstMap/status] Reach vertex 11
315.800000000 WARN /Navigator [/home/wcqw/ac-slam/catkin_ws/src/cpp_solver/src/MyPlanner.cpp:609(findExplorationTarget)] [topics: /rosout, /cmd, /Navigator/plan, /Navigator/markers, /Navigator/frontiers, /Navigator/frontier_to_vertex, /Navigator/nav_goal, /Navigator/prior_map, /Navigator/visual_tsp_path, /Navigator/tsp_index, /Navigator/path_finder, /Navigator/dist_map, /finished_topic, /request_replan, /Explore/result, /Explore/feedback, /Explore/status, /MoveTo/result, /MoveTo/feedback, /MoveTo/status, /Localize/result, /Localize/feedback, /Localize/status, /GetFirstMap/result, /GetFirstMap/feedback, /GetFirstMap/status] No frontier at vertex 11. #Frontier: 0
315.800000000 INFO /Navigator [/home/wcqw/ac-slam/catkin_ws/src/cpp_solver/src/MyPlanner.cpp:318(getUsefulGoalIndex)] [topics: /rosout, /cmd, /Navigator/plan, /Navigator/markers, /Navigator/frontiers, /Navigator/frontier_to_vertex, /Navigator/nav_goal, /Navigator/prior_map, /Navigator/visual_tsp_path, /Navigator/tsp_index, /Navigator/path_finder, /Navigator/dist_map, /finished_topic, /request_replan, /Explore/result, /Explore/feedback, /Explore/status, /MoveTo/result, /MoveTo/feedback, /MoveTo/status, /Localize/result, /Localize/feedback, /Localize/status, /GetFirstMap/result, /GetFirstMap/feedback, /GetFirstMap/status] Set newGoal 35
317.000000000 INFO /Mapper [/home/wcqw/ac-slam/catkin_ws/src/navigation_2d/nav2d_karto/src/MultiMapper.cpp:401(receiveLaserScan)] [topics: /rosout, /tf, /karto_out, /map, /others, /slam_path, /Mapper/vertices, /Mapper/closure_edges, /Mapper/odom_edges, /Mapper/colored_edges, /localization_result, /slam_pose_graph, /Mapper/loop_closed] PHASE2C_KEYSCAN_ACCEPTED unique_id=188 state_id=188 sim_time=317.000000
317.000000000 INFO /updateDistance [/home/wcqw/ac-slam/catkin_ws/src/cpp_solver/src/updateDistance.cpp:29(occupancyGridCallback)] [topics: /rosout, /edge_distance] Received an OccupancyGrid message!
317.000000000 INFO /updateDistance [/home/wcqw/ac-slam/catkin_ws/src/cpp_solver/src/updateDistance.cpp:30(occupancyGridCallback)] [topics: /rosout, /edge_distance] Width: 547, Height: 710, Size: 388370
317.000000000 INFO /updateDistance [/home/wcqw/ac-slam/catkin_ws/src/cpp_solver/src/updateDistance.cpp:32(occupancyGridCallback)] [topics: /rosout, /edge_distance] Map origin x: -7.738, y: -7.334
317.000000000 INFO /path_planner [path_planner.py:664(PathPlanner.handle_pose_graph)] [topics: /slam_pose_graph, /clock, /edge_distance, /pose_graph_idx, /rosout] Really visited vertices: 8 6 5 3 9 15 
317.000000000 INFO /updateDistance [/home/wcqw/ac-slam/catkin_ws/src/cpp_solver/src/updateDistance.cpp:87(occupancyGridCallback)] [topics: /rosout, /edge_distance] Free vertices size: 17
317.000000000 INFO /updateDistance [/home/wcqw/ac-slam/catkin_ws/src/cpp_solver/src/updateDistance.cpp:128(occupancyGridCallback)] [topics: /rosout, /edge_distance] 124 edge distance updated
318.600000000 INFO /Mapper [/home/wcqw/ac-slam/catkin_ws/src/navigation_2d/nav2d_karto/src/MultiMapper.cpp:401(receiveLaserScan)] [topics: /rosout, /tf, /karto_out, /map, /others, /slam_path, /Mapper/vertices, /Mapper/closure_edges, /Mapper/odom_edges, /Mapper/colored_edges, /localization_result, /slam_pose_graph, /Mapper/loop_closed] PHASE2C_KEYSCAN_ACCEPTED unique_id=189 state_id=189 sim_time=318.500000
318.600000000 INFO /updateDistance [/home/wcqw/ac-slam/catkin_ws/src/cpp_solver/src/updateDistance.cpp:29(occupancyGridCallback)] [topics: /rosout, /edge_distance] Received an OccupancyGrid message!
318.600000000 INFO /updateDistance [/home/wcqw/ac-slam/catkin_ws/src/cpp_solver/src/updateDistance.cpp:30(occupancyGridCallback)] [topics: /rosout, /edge_distance] Width: 547, Height: 710, Size: 388370
318.600000000 INFO /updateDistance [/home/wcqw/ac-slam/catkin_ws/src/cpp_solver/src/updateDistance.cpp:32(occupancyGridCallback)] [topics: /rosout, /edge_distance] Map origin x: -7.738, y: -7.334
318.600000000 INFO /path_planner [path_planner.py:664(PathPlanner.handle_pose_graph)] [topics: /slam_pose_graph, /clock, /edge_distance, /pose_graph_idx, /rosout] Really visited vertices: 8 6 5 3 9 15 
318.600000000 INFO /updateDistance [/home/wcqw/ac-slam/catkin_ws/src/cpp_solver/src/updateDistance.cpp:87(occupancyGridCallback)] [topics: /rosout, /edge_distance] Free vertices size: 17
318.600000000 INFO /updateDistance [/home/wcqw/ac-slam/catkin_ws/src/cpp_solver/src/updateDistance.cpp:128(occupancyGridCallback)] [topics: /rosout, /edge_distance] 124 edge distance updated
320.200000000 INFO /Mapper [/home/wcqw/ac-slam/catkin_ws/src/navigation_2d/nav2d_karto/src/MultiMapper.cpp:401(receiveLaserScan)] [topics: /rosout, /tf, /karto_out, /map, /others, /slam_path, /Mapper/vertices, /Mapper/closure_edges, /Mapper/odom_edges, /Mapper/colored_edges, /localization_result, /slam_pose_graph, /Mapper/loop_closed] PHASE2C_KEYSCAN_ACCEPTED unique_id=190 state_id=190 sim_time=320.100000
320.200000000 INFO /updateDistance [/home/wcqw/ac-slam/catkin_ws/src/cpp_solver/src/updateDistance.cpp:29(occupancyGridCallback)] [topics: /rosout, /edge_distance] Received an OccupancyGrid message!
320.200000000 INFO /updateDistance [/home/wcqw/ac-slam/catkin_ws/src/cpp_solver/src/updateDistance.cpp:30(occupancyGridCallback)] [topics: /rosout, /edge_distance] Width: 547, Height: 710, Size: 388370
320.200000000 INFO /updateDistance [/home/wcqw/ac-slam/catkin_ws/src/cpp_solver/src/updateDistance.cpp:32(occupancyGridCallback)] [topics: /rosout, /edge_distance] Map origin x: -7.738, y: -7.334
320.200000000 INFO /path_planner [path_planner.py:664(PathPlanner.handle_pose_graph)] [topics: /slam_pose_graph, /clock, /edge_distance, /pose_graph_idx, /rosout] Really visited vertices: 8 6 5 3 9 15 
320.200000000 INFO /updateDistance [/home/wcqw/ac-slam/catkin_ws/src/cpp_solver/src/updateDistance.cpp:87(occupancyGridCallback)] [topics: /rosout, /edge_distance] Free vertices size: 17
320.200000000 INFO /updateDistance [/home/wcqw/ac-slam/catkin_ws/src/cpp_solver/src/updateDistance.cpp:128(occupancyGridCallback)] [topics: /rosout, /edge_distance] 124 edge distance updated
321.700000000 INFO /updateDistance [/home/wcqw/ac-slam/catkin_ws/src/cpp_solver/src/updateDistance.cpp:29(occupancyGridCallback)] [topics: /rosout, /edge_distance] Received an OccupancyGrid message!
321.700000000 INFO /updateDistance [/home/wcqw/ac-slam/catkin_ws/src/cpp_solver/src/updateDistance.cpp:30(occupancyGridCallback)] [topics: /rosout, /edge_distance] Width: 547, Height: 710, Size: 388370
321.700000000 INFO /updateDistance [/home/wcqw/ac-slam/catkin_ws/src/cpp_solver/src/updateDistance.cpp:32(occupancyGridCallback)] [topics: /rosout, /edge_distance] Map origin x: -7.738, y: -7.334
321.800000000 INFO /updateDistance [/home/wcqw/ac-slam/catkin_ws/src/cpp_solver/src/updateDistance.cpp:87(occupancyGridCallback)] [topics: /rosout, /edge_distance] Free vertices size: 17
321.800000000 INFO /updateDistance [/home/wcqw/ac-slam/catkin_ws/src/cpp_solver/src/updateDistance.cpp:128(occupancyGridCallback)] [topics: /rosout, /edge_distance] 124 edge distance updated
321.800000000 INFO /Navigator [/home/wcqw/ac-slam/catkin_ws/src/cpp_solver/src/MyPlanner.cpp:520(findExplorationTarget)] [topics: /rosout, /cmd, /Navigator/plan, /Navigator/markers, /Navigator/frontiers, /Navigator/frontier_to_vertex, /Navigator/nav_goal, /Navigator/prior_map, /Navigator/visual_tsp_path, /Navigator/tsp_index, /Navigator/path_finder, /Navigator/dist_map, /finished_topic, /request_replan, /Explore/result, /Explore/feedback, /Explore/status, /MoveTo/result, /MoveTo/feedback, /MoveTo/status, /Localize/result, /Localize/feedback, /Localize/status, /GetFirstMap/result, /GetFirstMap/feedback, /GetFirstMap/status] Call local replanning...
321.800000000 INFO /path_planner [path_planner.py:321(PathPlanner.handle_replanning)] [topics: /slam_pose_graph, /clock, /edge_distance, /pose_graph_idx, /rosout] Replanning request. curr_vertex_idx: 11
321.800000000 INFO /path_planner [path_planner.py:322(PathPlanner.handle_replanning)] [topics: /slam_pose_graph, /clock, /edge_distance, /pose_graph_idx, /rosout]                     covered_vertices: ()
321.800000000 INFO /path_planner [path_planner.py:336(PathPlanner.handle_replanning)] [topics: /slam_pose_graph, /clock, /edge_distance, /pose_graph_idx, /rosout] Handle local replanning...
321.800000000 INFO /path_planner [path_planner.py:389(PathPlanner.handle_local_replanning)] [topics: /slam_pose_graph, /clock, /edge_distance, /pose_graph_idx, /rosout] Local path to replan: [35, 37, 20, 19, 15]
321.800000000 INFO /path_planner [path_planner.py:348(PathPlanner.handle_replanning)] [topics: /slam_pose_graph, /clock, /edge_distance, /pose_graph_idx, /rosout] curr path length: 43, is_loop length: 43
321.800000000 INFO /path_planner [path_planner.py:360(PathPlanner.handle_replanning)] [topics: /slam_pose_graph, /clock, /edge_distance, /pose_graph_idx, /rosout] Send new plan: 8 7 6 5 4 3 9 15 16 10 11 35  ---> 37 20 19 15(L) 19 23 29 30 24 25 31 32 26 27 33 34 28 22 21 38 37(L) 38 36 12 13 14 8(L) 14 18 17 21(L) 
324.000000000 INFO /Mapper [/home/wcqw/ac-slam/catkin_ws/src/navigation_2d/nav2d_karto/src/MultiMapper.cpp:401(receiveLaserScan)] [topics: /rosout, /tf, /karto_out, /map, /others, /slam_path, /Mapper/vertices, /Mapper/closure_edges, /Mapper/odom_edges, /Mapper/colored_edges, /localization_result, /slam_pose_graph, /Mapper/loop_closed] PHASE2C_KEYSCAN_ACCEPTED unique_id=191 state_id=191 sim_time=324.000000
324.000000000 INFO /updateDistance [/home/wcqw/ac-slam/catkin_ws/src/cpp_solver/src/updateDistance.cpp:29(occupancyGridCallback)] [topics: /rosout, /edge_distance] Received an OccupancyGrid message!
324.000000000 INFO /updateDistance [/home/wcqw/ac-slam/catkin_ws/src/cpp_solver/src/updateDistance.cpp:30(occupancyGridCallback)] [topics: /rosout, /edge_distance] Width: 547, Height: 710, Size: 388370
324.000000000 INFO /updateDistance [/home/wcqw/ac-slam/catkin_ws/src/cpp_solver/src/updateDistance.cpp:32(occupancyGridCallback)] [topics: /rosout, /edge_distance] Map origin x: -7.738, y: -7.334
324.000000000 INFO /path_planner [path_planner.py:664(PathPlanner.handle_pose_graph)] [topics: /slam_pose_graph, /clock, /edge_distance, /pose_graph_idx, /rosout] Really visited vertices: 8 6 5 3 9 15 
324.000000000 INFO /updateDistance [/home/wcqw/ac-slam/catkin_ws/src/cpp_solver/src/updateDistance.cpp:87(occupancyGridCallback)] [topics: /rosout, /edge_distance] Free vertices size: 17
324.000000000 INFO /updateDistance [/home/wcqw/ac-slam/catkin_ws/src/cpp_solver/src/updateDistance.cpp:128(occupancyGridCallback)] [topics: /rosout, /edge_distance] 124 edge distance updated
327.400000000 WARN /RVIZ [/tmp/binarydeb/ros-noetic-tf2-0.7.10/src/buffer_core.cpp:277()] [topics: /rosout, /initialpose, /goal, /clicked_point] TF_REPEATED_DATA ignoring data with redundant timestamp for frame odom (parent offset) at time 327.400000 according to authority unknown_publisher
327.400000000 WARN /RVIZ [/tmp/binarydeb/ros-noetic-tf2-0.7.10/src/buffer_core.cpp:277()] [topics: /rosout, /initialpose, /goal, /clicked_point] TF_REPEATED_DATA ignoring data with redundant timestamp for frame offset (parent map) at time 327.400000 according to authority unknown_publisher
327.800000000 INFO /updateDistance [/home/wcqw/ac-slam/catkin_ws/src/cpp_solver/src/updateDistance.cpp:29(occupancyGridCallback)] [topics: /rosout, /edge_distance] Received an OccupancyGrid message!
327.800000000 INFO /updateDistance [/home/wcqw/ac-slam/catkin_ws/src/cpp_solver/src/updateDistance.cpp:30(occupancyGridCallback)] [topics: /rosout, /edge_distance] Width: 547, Height: 710, Size: 388370
327.800000000 INFO /updateDistance [/home/wcqw/ac-slam/catkin_ws/src/cpp_solver/src/updateDistance.cpp:32(occupancyGridCallback)] [topics: /rosout, /edge_distance] Map origin x: -7.738, y: -7.334
327.800000000 INFO /updateDistance [/home/wcqw/ac-slam/catkin_ws/src/cpp_solver/src/updateDistance.cpp:87(occupancyGridCallback)] [topics: /rosout, /edge_distance] Free vertices size: 17
327.800000000 INFO /updateDistance [/home/wcqw/ac-slam/catkin_ws/src/cpp_solver/src/updateDistance.cpp:128(occupancyGridCallback)] [topics: /rosout, /edge_distance] 124 edge distance updated
327.800000000 INFO /Navigator [/home/wcqw/ac-slam/catkin_ws/src/cpp_solver/src/MyPlanner.cpp:520(findExplorationTarget)] [topics: /rosout, /cmd, /Navigator/plan, /Navigator/markers, /Navigator/frontiers, /Navigator/frontier_to_vertex, /Navigator/nav_goal, /Navigator/prior_map, /Navigator/visual_tsp_path, /Navigator/tsp_index, /Navigator/path_finder, /Navigator/dist_map, /finished_topic, /request_replan, /Explore/result, /Explore/feedback, /Explore/status, /MoveTo/result, /MoveTo/feedback, /MoveTo/status, /Localize/result, /Localize/feedback, /Localize/status, /GetFirstMap/result, /GetFirstMap/feedback, /GetFirstMap/status] Call local replanning...
327.800000000 INFO /path_planner [path_planner.py:321(PathPlanner.handle_replanning)] [topics: /slam_pose_graph, /clock, /edge_distance, /pose_graph_idx, /rosout] Replanning request. curr_vertex_idx: 11
327.800000000 INFO /path_planner [path_planner.py:322(PathPlanner.handle_replanning)] [topics: /slam_pose_graph, /clock, /edge_distance, /pose_graph_idx, /rosout]                     covered_vertices: ()
327.800000000 INFO /path_planner [path_planner.py:336(PathPlanner.handle_replanning)] [topics: /slam_pose_graph, /clock, /edge_distance, /pose_graph_idx, /rosout] Handle local replanning...
327.800000000 INFO /path_planner [path_planner.py:389(PathPlanner.handle_local_replanning)] [topics: /slam_pose_graph, /clock, /edge_distance, /pose_graph_idx, /rosout] Local path to replan: [35, 37, 20, 19, 15]
327.800000000 INFO /path_planner [path_planner.py:348(PathPlanner.handle_replanning)] [topics: /slam_pose_graph, /clock, /edge_distance, /pose_graph_idx, /rosout] curr path length: 43, is_loop length: 43
327.800000000 INFO /path_planner [path_planner.py:360(PathPlanner.handle_replanning)] [topics: /slam_pose_graph, /clock, /edge_distance, /pose_graph_idx, /rosout] Send new plan: 8 7 6 5 4 3 9 15 16 10 11 35  ---> 37 20 19 15(L) 19 23 29 30 24 25 31 32 26 27 33 34 28 22 21 38 37(L) 38 36 12 13 14 8(L) 14 18 17 21(L) 
328.400000000 INFO /Mapper [/home/wcqw/ac-slam/catkin_ws/src/navigation_2d/nav2d_karto/src/MultiMapper.cpp:401(receiveLaserScan)] [topics: /rosout, /tf, /karto_out, /map, /others, /slam_path, /Mapper/vertices, /Mapper/closure_edges, /Mapper/odom_edges, /Mapper/colored_edges, /localization_result, /slam_pose_graph, /Mapper/loop_closed] PHASE2C_KEYSCAN_ACCEPTED unique_id=192 state_id=192 sim_time=328.300000
328.600000000 WARN /RVIZ [/tmp/binarydeb/ros-noetic-tf2-0.7.10/src/buffer_core.cpp:277()] [topics: /rosout, /initialpose, /goal, /clicked_point] TF_REPEATED_DATA ignoring data with redundant timestamp for frame odom (parent offset) at time 328.600000 according to authority unknown_publisher
328.600000000 WARN /RVIZ [/tmp/binarydeb/ros-noetic-tf2-0.7.10/src/buffer_core.cpp:277()] [topics: /rosout, /initialpose, /goal, /clicked_point] TF_REPEATED_DATA ignoring data with redundant timestamp for frame offset (parent map) at time 328.600000 according to authority unknown_publisher
329.000000000 WARN /RVIZ [/tmp/binarydeb/ros-noetic-tf2-0.7.10/src/buffer_core.cpp:277()] [topics: /rosout, /initialpose, /goal, /clicked_point] TF_REPEATED_DATA ignoring data with redundant timestamp for frame odom (parent offset) at time 329.000000 according to authority unknown_publisher
329.000000000 WARN /RVIZ [/tmp/binarydeb/ros-noetic-tf2-0.7.10/src/buffer_core.cpp:277()] [topics: /rosout, /initialpose, /goal, /clicked_point] TF_REPEATED_DATA ignoring data with redundant timestamp for frame offset (parent map) at time 329.000000 according to authority unknown_publisher
330.400000000 WARN /RVIZ [/tmp/binarydeb/ros-noetic-tf2-0.7.10/src/buffer_core.cpp:277()] [topics: /rosout, /initialpose, /goal, /clicked_point] TF_REPEATED_DATA ignoring data with redundant timestamp for frame odom (parent offset) at time 330.400000 according to authority unknown_publisher
330.400000000 WARN /RVIZ [/tmp/binarydeb/ros-noetic-tf2-0.7.10/src/buffer_core.cpp:277()] [topics: /rosout, /initialpose, /goal, /clicked_point] TF_REPEATED_DATA ignoring data with redundant timestamp for frame offset (parent map) at time 330.400000 according to authority unknown_publisher
330.600000000 WARN /RVIZ [/tmp/binarydeb/ros-noetic-tf2-0.7.10/src/buffer_core.cpp:277()] [topics: /rosout, /initialpose, /goal, /clicked_point] TF_REPEATED_DATA ignoring data with redundant timestamp for frame odom (parent offset) at time 330.600000 according to authority unknown_publisher
330.600000000 WARN /RVIZ [/tmp/binarydeb/ros-noetic-tf2-0.7.10/src/buffer_core.cpp:277()] [topics: /rosout, /initialpose, /goal, /clicked_point] TF_REPEATED_DATA ignoring data with redundant timestamp for frame offset (parent map) at time 330.600000 according to authority unknown_publisher
333.000000000 INFO /Mapper [/home/wcqw/ac-slam/catkin_ws/src/navigation_2d/nav2d_karto/src/MultiMapper.cpp:401(receiveLaserScan)] [topics: /rosout, /tf, /karto_out, /map, /others, /slam_path, /Mapper/vertices, /Mapper/closure_edges, /Mapper/odom_edges, /Mapper/colored_edges, /localization_result, /slam_pose_graph, /Mapper/loop_closed] PHASE2C_KEYSCAN_ACCEPTED unique_id=193 state_id=193 sim_time=333.000000
333.000000000 INFO /updateDistance [/home/wcqw/ac-slam/catkin_ws/src/cpp_solver/src/updateDistance.cpp:29(occupancyGridCallback)] [topics: /rosout, /edge_distance] Received an OccupancyGrid message!
333.000000000 INFO /updateDistance [/home/wcqw/ac-slam/catkin_ws/src/cpp_solver/src/updateDistance.cpp:30(occupancyGridCallback)] [topics: /rosout, /edge_distance] Width: 547, Height: 710, Size: 388370
333.000000000 INFO /updateDistance [/home/wcqw/ac-slam/catkin_ws/src/cpp_solver/src/updateDistance.cpp:32(occupancyGridCallback)] [topics: /rosout, /edge_distance] Map origin x: -7.738, y: -7.334
333.000000000 INFO /path_planner [path_planner.py:664(PathPlanner.handle_pose_graph)] [topics: /slam_pose_graph, /clock, /edge_distance, /pose_graph_idx, /rosout] Really visited vertices: 8 6 5 3 9 15 
333.000000000 INFO /updateDistance [/home/wcqw/ac-slam/catkin_ws/src/cpp_solver/src/updateDistance.cpp:87(occupancyGridCallback)] [topics: /rosout, /edge_distance] Free vertices size: 17
333.000000000 INFO /updateDistance [/home/wcqw/ac-slam/catkin_ws/src/cpp_solver/src/updateDistance.cpp:128(occupancyGridCallback)] [topics: /rosout, /edge_distance] 124 edge distance updated
333.800000000 INFO /updateDistance [/home/wcqw/ac-slam/catkin_ws/src/cpp_solver/src/updateDistance.cpp:29(occupancyGridCallback)] [topics: /rosout, /edge_distance] Received an OccupancyGrid message!
333.800000000 INFO /updateDistance [/home/wcqw/ac-slam/catkin_ws/src/cpp_solver/src/updateDistance.cpp:30(occupancyGridCallback)] [topics: /rosout, /edge_distance] Width: 547, Height: 710, Size: 388370
333.800000000 INFO /updateDistance [/home/wcqw/ac-slam/catkin_ws/src/cpp_solver/src/updateDistance.cpp:32(occupancyGridCallback)] [topics: /rosout, /edge_distance] Map origin x: -7.738, y: -7.334
333.800000000 INFO /updateDistance [/home/wcqw/ac-slam/catkin_ws/src/cpp_solver/src/updateDistance.cpp:87(occupancyGridCallback)] [topics: /rosout, /edge_distance] Free vertices size: 17
333.800000000 INFO /updateDistance [/home/wcqw/ac-slam/catkin_ws/src/cpp_solver/src/updateDistance.cpp:128(occupancyGridCallback)] [topics: /rosout, /edge_distance] 124 edge distance updated
333.800000000 INFO /Navigator [/home/wcqw/ac-slam/catkin_ws/src/cpp_solver/src/MyPlanner.cpp:520(findExplorationTarget)] [topics: /rosout, /cmd, /Navigator/plan, /Navigator/markers, /Navigator/frontiers, /Navigator/frontier_to_vertex, /Navigator/nav_goal, /Navigator/prior_map, /Navigator/visual_tsp_path, /Navigator/tsp_index, /Navigator/path_finder, /Navigator/dist_map, /finished_topic, /request_replan, /Explore/result, /Explore/feedback, /Explore/status, /MoveTo/result, /MoveTo/feedback, /MoveTo/status, /Localize/result, /Localize/feedback, /Localize/status, /GetFirstMap/result, /GetFirstMap/feedback, /GetFirstMap/status] Call local replanning...
333.800000000 INFO /path_planner [path_planner.py:321(PathPlanner.handle_replanning)] [topics: /slam_pose_graph, /clock, /edge_distance, /pose_graph_idx, /rosout] Replanning request. curr_vertex_idx: 11
333.800000000 INFO /path_planner [path_planner.py:322(PathPlanner.handle_replanning)] [topics: /slam_pose_graph, /clock, /edge_distance, /pose_graph_idx, /rosout]                     covered_vertices: ()
333.800000000 INFO /path_planner [path_planner.py:336(PathPlanner.handle_replanning)] [topics: /slam_pose_graph, /clock, /edge_distance, /pose_graph_idx, /rosout] Handle local replanning...
333.800000000 INFO /path_planner [path_planner.py:389(PathPlanner.handle_local_replanning)] [topics: /slam_pose_graph, /clock, /edge_distance, /pose_graph_idx, /rosout] Local path to replan: [35, 37, 20, 19, 15]
333.800000000 INFO /path_planner [path_planner.py:348(PathPlanner.handle_replanning)] [topics: /slam_pose_graph, /clock, /edge_distance, /pose_graph_idx, /rosout] curr path length: 43, is_loop length: 43
333.800000000 INFO /path_planner [path_planner.py:360(PathPlanner.handle_replanning)] [topics: /slam_pose_graph, /clock, /edge_distance, /pose_graph_idx, /rosout] Send new plan: 8 7 6 5 4 3 9 15 16 10 11 35  ---> 37 20 19 15(L) 19 23 29 30 24 25 31 32 26 27 33 34 28 22 21 38 37(L) 38 36 12 13 14 8(L) 14 18 17 21(L) 
334.600000000 WARN /RVIZ [/tmp/binarydeb/ros-noetic-tf2-0.7.10/src/buffer_core.cpp:277()] [topics: /rosout, /initialpose, /goal, /clicked_point] TF_REPEATED_DATA ignoring data with redundant timestamp for frame odom (parent offset) at time 334.600000 according to authority unknown_publisher
334.600000000 WARN /RVIZ [/tmp/binarydeb/ros-noetic-tf2-0.7.10/src/buffer_core.cpp:277()] [topics: /rosout, /initialpose, /goal, /clicked_point] TF_REPEATED_DATA ignoring data with redundant timestamp for frame offset (parent map) at time 334.600000 according to authority unknown_publisher
335.200000000 WARN /RVIZ [/tmp/binarydeb/ros-noetic-tf2-0.7.10/src/buffer_core.cpp:277()] [topics: /rosout, /initialpose, /goal, /clicked_point] TF_REPEATED_DATA ignoring data with redundant timestamp for frame odom (parent offset) at time 335.200000 according to authority unknown_publisher
335.200000000 WARN /RVIZ [/tmp/binarydeb/ros-noetic-tf2-0.7.10/src/buffer_core.cpp:277()] [topics: /rosout, /initialpose, /goal, /clicked_point] TF_REPEATED_DATA ignoring data with redundant timestamp for frame offset (parent map) at time 335.200000 according to authority unknown_publisher
337.000000000 WARN /RVIZ [/tmp/binarydeb/ros-noetic-tf2-0.7.10/src/buffer_core.cpp:277()] [topics: /rosout, /initialpose, /goal, /clicked_point] TF_REPEATED_DATA ignoring data with redundant timestamp for frame odom (parent offset) at time 337.000000 according to authority unknown_publisher
337.000000000 WARN /RVIZ [/tmp/binarydeb/ros-noetic-tf2-0.7.10/src/buffer_core.cpp:277()] [topics: /rosout, /initialpose, /goal, /clicked_point] TF_REPEATED_DATA ignoring data with redundant timestamp for frame offset (parent map) at time 337.000000 according to authority unknown_publisher
337.800000000 INFO /Mapper [/home/wcqw/ac-slam/catkin_ws/src/navigation_2d/nav2d_karto/src/MultiMapper.cpp:401(receiveLaserScan)] [topics: /rosout, /tf, /karto_out, /map, /others, /slam_path, /Mapper/vertices, /Mapper/closure_edges, /Mapper/odom_edges, /Mapper/colored_edges, /localization_result, /slam_pose_graph, /Mapper/loop_closed] PHASE2C_KEYSCAN_ACCEPTED unique_id=194 state_id=194 sim_time=337.800000
337.800000000 INFO /updateDistance [/home/wcqw/ac-slam/catkin_ws/src/cpp_solver/src/updateDistance.cpp:29(occupancyGridCallback)] [topics: /rosout, /edge_distance] Received an OccupancyGrid message!
337.800000000 INFO /updateDistance [/home/wcqw/ac-slam/catkin_ws/src/cpp_solver/src/updateDistance.cpp:30(occupancyGridCallback)] [topics: /rosout, /edge_distance] Width: 547, Height: 710, Size: 388370
337.800000000 INFO /updateDistance [/home/wcqw/ac-slam/catkin_ws/src/cpp_solver/src/updateDistance.cpp:32(occupancyGridCallback)] [topics: /rosout, /edge_distance] Map origin x: -7.738, y: -7.334
337.800000000 INFO /path_planner [path_planner.py:664(PathPlanner.handle_pose_graph)] [topics: /slam_pose_graph, /clock, /edge_distance, /pose_graph_idx, /rosout] Really visited vertices: 8 6 5 3 9 15 
337.800000000 INFO /updateDistance [/home/wcqw/ac-slam/catkin_ws/src/cpp_solver/src/updateDistance.cpp:87(occupancyGridCallback)] [topics: /rosout, /edge_distance] Free vertices size: 17
337.800000000 INFO /updateDistance [/home/wcqw/ac-slam/catkin_ws/src/cpp_solver/src/updateDistance.cpp:128(occupancyGridCallback)] [topics: /rosout, /edge_distance] 124 edge distance updated
338.200000000 WARN /RVIZ [/tmp/binarydeb/ros-noetic-tf2-0.7.10/src/buffer_core.cpp:277()] [topics: /rosout, /initialpose, /goal, /clicked_point] TF_REPEATED_DATA ignoring data with redundant timestamp for frame odom (parent offset) at time 338.200000 according to authority unknown_publisher
338.200000000 WARN /RVIZ [/tmp/binarydeb/ros-noetic-tf2-0.7.10/src/buffer_core.cpp:277()] [topics: /rosout, /initialpose, /goal, /clicked_point] TF_REPEATED_DATA ignoring data with redundant timestamp for frame offset (parent map) at time 338.200000 according to authority unknown_publisher
339.700000000 INFO /updateDistance [/home/wcqw/ac-slam/catkin_ws/src/cpp_solver/src/updateDistance.cpp:29(occupancyGridCallback)] [topics: /rosout, /edge_distance] Received an OccupancyGrid message!
339.700000000 INFO /updateDistance [/home/wcqw/ac-slam/catkin_ws/src/cpp_solver/src/updateDistance.cpp:30(occupancyGridCallback)] [topics: /rosout, /edge_distance] Width: 547, Height: 710, Size: 388370
339.700000000 INFO /updateDistance [/home/wcqw/ac-slam/catkin_ws/src/cpp_solver/src/updateDistance.cpp:32(occupancyGridCallback)] [topics: /rosout, /edge_distance] Map origin x: -7.738, y: -7.334
339.800000000 INFO /updateDistance [/home/wcqw/ac-slam/catkin_ws/src/cpp_solver/src/updateDistance.cpp:87(occupancyGridCallback)] [topics: /rosout, /edge_distance] Free vertices size: 17
339.800000000 INFO /updateDistance [/home/wcqw/ac-slam/catkin_ws/src/cpp_solver/src/updateDistance.cpp:128(occupancyGridCallback)] [topics: /rosout, /edge_distance] 124 edge distance updated
339.800000000 INFO /Navigator [/home/wcqw/ac-slam/catkin_ws/src/cpp_solver/src/MyPlanner.cpp:520(findExplorationTarget)] [topics: /rosout, /cmd, /Navigator/plan, /Navigator/markers, /Navigator/frontiers, /Navigator/frontier_to_vertex, /Navigator/nav_goal, /Navigator/prior_map, /Navigator/visual_tsp_path, /Navigator/tsp_index, /Navigator/path_finder, /Navigator/dist_map, /finished_topic, /request_replan, /Explore/result, /Explore/feedback, /Explore/status, /MoveTo/result, /MoveTo/feedback, /MoveTo/status, /Localize/result, /Localize/feedback, /Localize/status, /GetFirstMap/result, /GetFirstMap/feedback, /GetFirstMap/status] Call local replanning...
339.800000000 INFO /path_planner [path_planner.py:321(PathPlanner.handle_replanning)] [topics: /slam_pose_graph, /clock, /edge_distance, /pose_graph_idx, /rosout] Replanning request. curr_vertex_idx: 11
339.800000000 INFO /path_planner [path_planner.py:322(PathPlanner.handle_replanning)] [topics: /slam_pose_graph, /clock, /edge_distance, /pose_graph_idx, /rosout]                     covered_vertices: ()
339.800000000 INFO /path_planner [path_planner.py:336(PathPlanner.handle_replanning)] [topics: /slam_pose_graph, /clock, /edge_distance, /pose_graph_idx, /rosout] Handle local replanning...
339.800000000 INFO /path_planner [path_planner.py:389(PathPlanner.handle_local_replanning)] [topics: /slam_pose_graph, /clock, /edge_distance, /pose_graph_idx, /rosout] Local path to replan: [35, 37, 20, 19, 15]
339.800000000 INFO /path_planner [path_planner.py:348(PathPlanner.handle_replanning)] [topics: /slam_pose_graph, /clock, /edge_distance, /pose_graph_idx, /rosout] curr path length: 43, is_loop length: 43
339.800000000 INFO /path_planner [path_planner.py:360(PathPlanner.handle_replanning)] [topics: /slam_pose_graph, /clock, /edge_distance, /pose_graph_idx, /rosout] Send new plan: 8 7 6 5 4 3 9 15 16 10 11 35  ---> 37 20 19 15(L) 19 23 29 30 24 25 31 32 26 27 33 34 28 22 21 38 37(L) 38 36 12 13 14 8(L) 14 18 17 21(L) 
342.400000000 INFO /Mapper [/home/wcqw/ac-slam/catkin_ws/src/navigation_2d/nav2d_karto/src/MultiMapper.cpp:401(receiveLaserScan)] [topics: /rosout, /tf, /karto_out, /map, /others, /slam_path, /Mapper/vertices, /Mapper/closure_edges, /Mapper/odom_edges, /Mapper/colored_edges, /localization_result, /slam_pose_graph, /Mapper/loop_closed] PHASE2C_KEYSCAN_ACCEPTED unique_id=195 state_id=195 sim_time=342.400000
342.400000000 INFO /updateDistance [/home/wcqw/ac-slam/catkin_ws/src/cpp_solver/src/updateDistance.cpp:29(occupancyGridCallback)] [topics: /rosout, /edge_distance] Received an OccupancyGrid message!
342.400000000 INFO /updateDistance [/home/wcqw/ac-slam/catkin_ws/src/cpp_solver/src/updateDistance.cpp:30(occupancyGridCallback)] [topics: /rosout, /edge_distance] Width: 547, Height: 710, Size: 388370
342.400000000 INFO /updateDistance [/home/wcqw/ac-slam/catkin_ws/src/cpp_solver/src/updateDistance.cpp:32(occupancyGridCallback)] [topics: /rosout, /edge_distance] Map origin x: -7.738, y: -7.334
342.400000000 INFO /path_planner [path_planner.py:664(PathPlanner.handle_pose_graph)] [topics: /slam_pose_graph, /clock, /edge_distance, /pose_graph_idx, /rosout] Really visited vertices: 8 6 5 3 9 15 
342.400000000 INFO /updateDistance [/home/wcqw/ac-slam/catkin_ws/src/cpp_solver/src/updateDistance.cpp:87(occupancyGridCallback)] [topics: /rosout, /edge_distance] Free vertices size: 17
342.400000000 INFO /updateDistance [/home/wcqw/ac-slam/catkin_ws/src/cpp_solver/src/updateDistance.cpp:128(occupancyGridCallback)] [topics: /rosout, /edge_distance] 124 edge distance updated
343.600000000 WARN /RVIZ [/tmp/binarydeb/ros-noetic-tf2-0.7.10/src/buffer_core.cpp:277()] [topics: /rosout, /initialpose, /goal, /clicked_point] TF_REPEATED_DATA ignoring data with redundant timestamp for frame odom (parent offset) at time 343.600000 according to authority unknown_publisher
343.600000000 WARN /RVIZ [/tmp/binarydeb/ros-noetic-tf2-0.7.10/src/buffer_core.cpp:277()] [topics: /rosout, /initialpose, /goal, /clicked_point] TF_REPEATED_DATA ignoring data with redundant timestamp for frame offset (parent map) at time 343.600000 according to authority unknown_publisher
344.800000000 WARN /RVIZ [/tmp/binarydeb/ros-noetic-tf2-0.7.10/src/buffer_core.cpp:277()] [topics: /rosout, /initialpose, /goal, /clicked_point] TF_REPEATED_DATA ignoring data with redundant timestamp for frame odom (parent offset) at time 344.800000 according to authority unknown_publisher
344.800000000 WARN /RVIZ [/tmp/binarydeb/ros-noetic-tf2-0.7.10/src/buffer_core.cpp:277()] [topics: /rosout, /initialpose, /goal, /clicked_point] TF_REPEATED_DATA ignoring data with redundant timestamp for frame offset (parent map) at time 344.800000 according to authority unknown_publisher
345.400000000 WARN /RVIZ [/tmp/binarydeb/ros-noetic-tf2-0.7.10/src/buffer_core.cpp:277()] [topics: /rosout, /initialpose, /goal, /clicked_point] TF_REPEATED_DATA ignoring data with redundant timestamp for frame odom (parent offset) at time 345.400000 according to authority unknown_publisher
345.400000000 WARN /RVIZ [/tmp/binarydeb/ros-noetic-tf2-0.7.10/src/buffer_core.cpp:277()] [topics: /rosout, /initialpose, /goal, /clicked_point] TF_REPEATED_DATA ignoring data with redundant timestamp for frame offset (parent map) at time 345.400000 according to authority unknown_publisher
345.700000000 INFO /updateDistance [/home/wcqw/ac-slam/catkin_ws/src/cpp_solver/src/updateDistance.cpp:29(occupancyGridCallback)] [topics: /rosout, /edge_distance] Received an OccupancyGrid message!
345.700000000 INFO /updateDistance [/home/wcqw/ac-slam/catkin_ws/src/cpp_solver/src/updateDistance.cpp:30(occupancyGridCallback)] [topics: /rosout, /edge_distance] Width: 547, Height: 710, Size: 388370
345.700000000 INFO /updateDistance [/home/wcqw/ac-slam/catkin_ws/src/cpp_solver/src/updateDistance.cpp:32(occupancyGridCallback)] [topics: /rosout, /edge_distance] Map origin x: -7.738, y: -7.334
345.800000000 INFO /updateDistance [/home/wcqw/ac-slam/catkin_ws/src/cpp_solver/src/updateDistance.cpp:87(occupancyGridCallback)] [topics: /rosout, /edge_distance] Free vertices size: 17
345.800000000 INFO /updateDistance [/home/wcqw/ac-slam/catkin_ws/src/cpp_solver/src/updateDistance.cpp:128(occupancyGridCallback)] [topics: /rosout, /edge_distance] 124 edge distance updated
345.800000000 INFO /Navigator [/home/wcqw/ac-slam/catkin_ws/src/cpp_solver/src/MyPlanner.cpp:520(findExplorationTarget)] [topics: /rosout, /cmd, /Navigator/plan, /Navigator/markers, /Navigator/frontiers, /Navigator/frontier_to_vertex, /Navigator/nav_goal, /Navigator/prior_map, /Navigator/visual_tsp_path, /Navigator/tsp_index, /Navigator/path_finder, /Navigator/dist_map, /finished_topic, /request_replan, /Explore/result, /Explore/feedback, /Explore/status, /MoveTo/result, /MoveTo/feedback, /MoveTo/status, /Localize/result, /Localize/feedback, /Localize/status, /GetFirstMap/result, /GetFirstMap/feedback, /GetFirstMap/status] Call local replanning...
345.800000000 INFO /path_planner [path_planner.py:321(PathPlanner.handle_replanning)] [topics: /slam_pose_graph, /clock, /edge_distance, /pose_graph_idx, /rosout] Replanning request. curr_vertex_idx: 11
345.800000000 INFO /path_planner [path_planner.py:322(PathPlanner.handle_replanning)] [topics: /slam_pose_graph, /clock, /edge_distance, /pose_graph_idx, /rosout]                     covered_vertices: ()
345.800000000 INFO /path_planner [path_planner.py:336(PathPlanner.handle_replanning)] [topics: /slam_pose_graph, /clock, /edge_distance, /pose_graph_idx, /rosout] Handle local replanning...
345.800000000 INFO /path_planner [path_planner.py:389(PathPlanner.handle_local_replanning)] [topics: /slam_pose_graph, /clock, /edge_distance, /pose_graph_idx, /rosout] Local path to replan: [35, 37, 20, 19, 15]
345.800000000 INFO /path_planner [path_planner.py:348(PathPlanner.handle_replanning)] [topics: /slam_pose_graph, /clock, /edge_distance, /pose_graph_idx, /rosout] curr path length: 43, is_loop length: 43
345.800000000 INFO /path_planner [path_planner.py:360(PathPlanner.handle_replanning)] [topics: /slam_pose_graph, /clock, /edge_distance, /pose_graph_idx, /rosout] Send new plan: 8 7 6 5 4 3 9 15 16 10 11 35  ---> 37 20 19 15(L) 19 23 29 30 24 25 31 32 26 27 33 34 28 22 21 38 37(L) 38 36 12 13 14 8(L) 14 18 17 21(L) 
345.800000000 INFO /Navigator [/home/wcqw/ac-slam/catkin_ws/src/cpp_solver/src/MyPlanner.cpp:548(findExplorationTarget)] [topics: /rosout, /cmd, /Navigator/plan, /Navigator/markers, /Navigator/frontiers, /Navigator/frontier_to_vertex, /Navigator/nav_goal, /Navigator/prior_map, /Navigator/visual_tsp_path, /Navigator/tsp_index, /Navigator/path_finder, /Navigator/dist_map, /finished_topic, /request_replan, /Explore/result, /Explore/feedback, /Explore/status, /MoveTo/result, /MoveTo/feedback, /MoveTo/status, /Localize/result, /Localize/feedback, /Localize/status, /GetFirstMap/result, /GetFirstMap/feedback, /GetFirstMap/status] Reach vertex 35
345.800000000 INFO /Navigator [/home/wcqw/ac-slam/catkin_ws/src/cpp_solver/src/MyPlanner.cpp:652(findExplorationTarget)] [topics: /rosout, /cmd, /Navigator/plan, /Navigator/markers, /Navigator/frontiers, /Navigator/frontier_to_vertex, /Navigator/nav_goal, /Navigator/prior_map, /Navigator/visual_tsp_path, /Navigator/tsp_index, /Navigator/path_finder, /Navigator/dist_map, /finished_topic, /request_replan, /Explore/result, /Explore/feedback, /Explore/status, /MoveTo/result, /MoveTo/feedback, /MoveTo/status, /Localize/result, /Localize/feedback, /Localize/status, /GetFirstMap/result, /GetFirstMap/feedback, /GetFirstMap/status] Explore Goal 35 's frontiers...
346.600000000 INFO /Mapper [/home/wcqw/ac-slam/catkin_ws/src/navigation_2d/nav2d_karto/src/MultiMapper.cpp:401(receiveLaserScan)] [topics: /rosout, /tf, /karto_out, /map, /others, /slam_path, /Mapper/vertices, /Mapper/closure_edges, /Mapper/odom_edges, /Mapper/colored_edges, /localization_result, /slam_pose_graph, /Mapper/loop_closed] PHASE2C_KEYSCAN_ACCEPTED unique_id=196 state_id=196 sim_time=346.500000
346.600000000 WARN /RVIZ [/tmp/binarydeb/ros-noetic-tf2-0.7.10/src/buffer_core.cpp:277()] [topics: /rosout, /initialpose, /goal, /clicked_point] TF_REPEATED_DATA ignoring data with redundant timestamp for frame odom (parent offset) at time 346.600000 according to authority unknown_publisher
346.600000000 WARN /RVIZ [/tmp/binarydeb/ros-noetic-tf2-0.7.10/src/buffer_core.cpp:277()] [topics: /rosout, /initialpose, /goal, /clicked_point] TF_REPEATED_DATA ignoring data with redundant timestamp for frame offset (parent map) at time 346.600000 according to authority unknown_publisher
347.200000000 WARN /RVIZ [/tmp/binarydeb/ros-noetic-tf2-0.7.10/src/buffer_core.cpp:277()] [topics: /rosout, /initialpose, /goal, /clicked_point] TF_REPEATED_DATA ignoring data with redundant timestamp for frame odom (parent offset) at time 347.200000 according to authority unknown_publisher
347.200000000 WARN /RVIZ [/tmp/binarydeb/ros-noetic-tf2-0.7.10/src/buffer_core.cpp:277()] [topics: /rosout, /initialpose, /goal, /clicked_point] TF_REPEATED_DATA ignoring data with redundant timestamp for frame offset (parent map) at time 347.200000 according to authority unknown_publisher
347.800000000 INFO /Mapper [/home/wcqw/ac-slam/catkin_ws/src/navigation_2d/nav2d_karto/src/MultiMapper.cpp:401(receiveLaserScan)] [topics: /rosout, /tf, /karto_out, /map, /others, /slam_path, /Mapper/vertices, /Mapper/closure_edges, /Mapper/odom_edges, /Mapper/colored_edges, /localization_result, /slam_pose_graph, /Mapper/loop_closed] PHASE2C_KEYSCAN_ACCEPTED unique_id=197 state_id=197 sim_time=347.700000
347.800000000 WARN /RVIZ [/tmp/binarydeb/ros-noetic-tf2-0.7.10/src/buffer_core.cpp:277()] [topics: /rosout, /initialpose, /goal, /clicked_point] TF_REPEATED_DATA ignoring data with redundant timestamp for frame odom (parent offset) at time 347.800000 according to authority unknown_publisher
347.800000000 WARN /RVIZ [/tmp/binarydeb/ros-noetic-tf2-0.7.10/src/buffer_core.cpp:277()] [topics: /rosout, /initialpose, /goal, /clicked_point] TF_REPEATED_DATA ignoring data with redundant timestamp for frame offset (parent map) at time 347.800000 according to authority unknown_publisher
347.800000000 INFO /updateDistance [/home/wcqw/ac-slam/catkin_ws/src/cpp_solver/src/updateDistance.cpp:29(occupancyGridCallback)] [topics: /rosout, /edge_distance] Received an OccupancyGrid message!
347.800000000 INFO /updateDistance [/home/wcqw/ac-slam/catkin_ws/src/cpp_solver/src/updateDistance.cpp:30(occupancyGridCallback)] [topics: /rosout, /edge_distance] Width: 547, Height: 710, Size: 388370
347.800000000 INFO /updateDistance [/home/wcqw/ac-slam/catkin_ws/src/cpp_solver/src/updateDistance.cpp:32(occupancyGridCallback)] [topics: /rosout, /edge_distance] Map origin x: -7.738, y: -7.334
347.800000000 INFO /path_planner [path_planner.py:664(PathPlanner.handle_pose_graph)] [topics: /slam_pose_graph, /clock, /edge_distance, /pose_graph_idx, /rosout] Really visited vertices: 8 6 5 3 9 15 
347.800000000 INFO /updateDistance [/home/wcqw/ac-slam/catkin_ws/src/cpp_solver/src/updateDistance.cpp:87(occupancyGridCallback)] [topics: /rosout, /edge_distance] Free vertices size: 17
347.800000000 INFO /updateDistance [/home/wcqw/ac-slam/catkin_ws/src/cpp_solver/src/updateDistance.cpp:128(occupancyGridCallback)] [topics: /rosout, /edge_distance] 124 edge distance updated
348.400000000 WARN /RVIZ [/tmp/binarydeb/ros-noetic-tf2-0.7.10/src/buffer_core.cpp:277()] [topics: /rosout, /initialpose, /goal, /clicked_point] TF_REPEATED_DATA ignoring data with redundant timestamp for frame odom (parent offset) at time 348.400000 according to authority unknown_publisher
348.400000000 WARN /RVIZ [/tmp/binarydeb/ros-noetic-tf2-0.7.10/src/buffer_core.cpp:277()] [topics: /rosout, /initialpose, /goal, /clicked_point] TF_REPEATED_DATA ignoring data with redundant timestamp for frame offset (parent map) at time 348.400000 according to authority unknown_publisher
349.200000000 INFO /Mapper [/home/wcqw/ac-slam/catkin_ws/src/navigation_2d/nav2d_karto/src/MultiMapper.cpp:401(receiveLaserScan)] [topics: /rosout, /tf, /karto_out, /map, /others, /slam_path, /Mapper/vertices, /Mapper/closure_edges, /Mapper/odom_edges, /Mapper/colored_edges, /localization_result, /slam_pose_graph, /Mapper/loop_closed] PHASE2C_KEYSCAN_ACCEPTED unique_id=198 state_id=198 sim_time=349.200000
349.200000000 INFO /updateDistance [/home/wcqw/ac-slam/catkin_ws/src/cpp_solver/src/updateDistance.cpp:29(occupancyGridCallback)] [topics: /rosout, /edge_distance] Received an OccupancyGrid message!
349.200000000 INFO /updateDistance [/home/wcqw/ac-slam/catkin_ws/src/cpp_solver/src/updateDistance.cpp:30(occupancyGridCallback)] [topics: /rosout, /edge_distance] Width: 547, Height: 710, Size: 388370
349.200000000 INFO /updateDistance [/home/wcqw/ac-slam/catkin_ws/src/cpp_solver/src/updateDistance.cpp:32(occupancyGridCallback)] [topics: /rosout, /edge_distance] Map origin x: -7.738, y: -7.334
349.200000000 INFO /path_planner [path_planner.py:664(PathPlanner.handle_pose_graph)] [topics: /slam_pose_graph, /clock, /edge_distance, /pose_graph_idx, /rosout] Really visited vertices: 8 6 5 3 9 15 
349.200000000 INFO /updateDistance [/home/wcqw/ac-slam/catkin_ws/src/cpp_solver/src/updateDistance.cpp:87(occupancyGridCallback)] [topics: /rosout, /edge_distance] Free vertices size: 18
349.200000000 INFO /updateDistance [/home/wcqw/ac-slam/catkin_ws/src/cpp_solver/src/updateDistance.cpp:128(occupancyGridCallback)] [topics: /rosout, /edge_distance] 140 edge distance updated
349.600000000 WARN /RVIZ [/tmp/binarydeb/ros-noetic-tf2-0.7.10/src/buffer_core.cpp:277()] [topics: /rosout, /initialpose, /goal, /clicked_point] TF_REPEATED_DATA ignoring data with redundant timestamp for frame odom (parent offset) at time 349.600000 according to authority unknown_publisher
349.600000000 WARN /RVIZ [/tmp/binarydeb/ros-noetic-tf2-0.7.10/src/buffer_core.cpp:277()] [topics: /rosout, /initialpose, /goal, /clicked_point] TF_REPEATED_DATA ignoring data with redundant timestamp for frame offset (parent map) at time 349.600000 according to authority unknown_publisher
350.200000000 WARN /RVIZ [/tmp/binarydeb/ros-noetic-tf2-0.7.10/src/buffer_core.cpp:277()] [topics: /rosout, /initialpose, /goal, /clicked_point] TF_REPEATED_DATA ignoring data with redundant timestamp for frame odom (parent offset) at time 350.200000 according to authority unknown_publisher
350.200000000 WARN /RVIZ [/tmp/binarydeb/ros-noetic-tf2-0.7.10/src/buffer_core.cpp:277()] [topics: /rosout, /initialpose, /goal, /clicked_point] TF_REPEATED_DATA ignoring data with redundant timestamp for frame offset (parent map) at time 350.200000 according to authority unknown_publisher
350.800000000 INFO /Mapper [/home/wcqw/ac-slam/catkin_ws/src/navigation_2d/nav2d_karto/src/MultiMapper.cpp:401(receiveLaserScan)] [topics: /rosout, /tf, /karto_out, /map, /others, /slam_path, /Mapper/vertices, /Mapper/closure_edges, /Mapper/odom_edges, /Mapper/colored_edges, /localization_result, /slam_pose_graph, /Mapper/loop_closed] PHASE2C_KEYSCAN_ACCEPTED unique_id=199 state_id=199 sim_time=350.700000
350.800000000 INFO /updateDistance [/home/wcqw/ac-slam/catkin_ws/src/cpp_solver/src/updateDistance.cpp:29(occupancyGridCallback)] [topics: /rosout, /edge_distance] Received an OccupancyGrid message!
350.800000000 INFO /updateDistance [/home/wcqw/ac-slam/catkin_ws/src/cpp_solver/src/updateDistance.cpp:30(occupancyGridCallback)] [topics: /rosout, /edge_distance] Width: 547, Height: 710, Size: 388370
350.800000000 INFO /updateDistance [/home/wcqw/ac-slam/catkin_ws/src/cpp_solver/src/updateDistance.cpp:32(occupancyGridCallback)] [topics: /rosout, /edge_distance] Map origin x: -7.738, y: -7.334
350.800000000 INFO /path_planner [path_planner.py:664(PathPlanner.handle_pose_graph)] [topics: /slam_pose_graph, /clock, /edge_distance, /pose_graph_idx, /rosout] Really visited vertices: 8 6 5 3 9 15 
350.800000000 INFO /updateDistance [/home/wcqw/ac-slam/catkin_ws/src/cpp_solver/src/updateDistance.cpp:87(occupancyGridCallback)] [topics: /rosout, /edge_distance] Free vertices size: 18
350.800000000 INFO /updateDistance [/home/wcqw/ac-slam/catkin_ws/src/cpp_solver/src/updateDistance.cpp:128(occupancyGridCallback)] [topics: /rosout, /edge_distance] 140 edge distance updated
351.400000000 WARN /RVIZ [/tmp/binarydeb/ros-noetic-tf2-0.7.10/src/buffer_core.cpp:277()] [topics: /rosout, /initialpose, /goal, /clicked_point] TF_REPEATED_DATA ignoring data with redundant timestamp for frame odom (parent offset) at time 351.400000 according to authority unknown_publisher
351.400000000 WARN /RVIZ [/tmp/binarydeb/ros-noetic-tf2-0.7.10/src/buffer_core.cpp:277()] [topics: /rosout, /initialpose, /goal, /clicked_point] TF_REPEATED_DATA ignoring data with redundant timestamp for frame offset (parent map) at time 351.400000 according to authority unknown_publisher
351.800000000 INFO /updateDistance [/home/wcqw/ac-slam/catkin_ws/src/cpp_solver/src/updateDistance.cpp:29(occupancyGridCallback)] [topics: /rosout, /edge_distance] Received an OccupancyGrid message!
351.800000000 INFO /updateDistance [/home/wcqw/ac-slam/catkin_ws/src/cpp_solver/src/updateDistance.cpp:30(occupancyGridCallback)] [topics: /rosout, /edge_distance] Width: 547, Height: 710, Size: 388370
351.800000000 INFO /updateDistance [/home/wcqw/ac-slam/catkin_ws/src/cpp_solver/src/updateDistance.cpp:32(occupancyGridCallback)] [topics: /rosout, /edge_distance] Map origin x: -7.738, y: -7.334
351.800000000 INFO /updateDistance [/home/wcqw/ac-slam/catkin_ws/src/cpp_solver/src/updateDistance.cpp:87(occupancyGridCallback)] [topics: /rosout, /edge_distance] Free vertices size: 18
351.800000000 INFO /updateDistance [/home/wcqw/ac-slam/catkin_ws/src/cpp_solver/src/updateDistance.cpp:128(occupancyGridCallback)] [topics: /rosout, /edge_distance] 140 edge distance updated
351.800000000 INFO /Navigator [/home/wcqw/ac-slam/catkin_ws/src/cpp_solver/src/MyPlanner.cpp:520(findExplorationTarget)] [topics: /rosout, /cmd, /Navigator/plan, /Navigator/markers, /Navigator/frontiers, /Navigator/frontier_to_vertex, /Navigator/nav_goal, /Navigator/prior_map, /Navigator/visual_tsp_path, /Navigator/tsp_index, /Navigator/path_finder, /Navigator/dist_map, /finished_topic, /request_replan, /Explore/result, /Explore/feedback, /Explore/status, /MoveTo/result, /MoveTo/feedback, /MoveTo/status, /Localize/result, /Localize/feedback, /Localize/status, /GetFirstMap/result, /GetFirstMap/feedback, /GetFirstMap/status] Call local replanning...
351.800000000 INFO /path_planner [path_planner.py:321(PathPlanner.handle_replanning)] [topics: /slam_pose_graph, /clock, /edge_distance, /pose_graph_idx, /rosout] Replanning request. curr_vertex_idx: 11
351.800000000 INFO /path_planner [path_planner.py:322(PathPlanner.handle_replanning)] [topics: /slam_pose_graph, /clock, /edge_distance, /pose_graph_idx, /rosout]                     covered_vertices: ()
351.800000000 INFO /path_planner [path_planner.py:336(PathPlanner.handle_replanning)] [topics: /slam_pose_graph, /clock, /edge_distance, /pose_graph_idx, /rosout] Handle local replanning...
351.800000000 INFO /path_planner [path_planner.py:389(PathPlanner.handle_local_replanning)] [topics: /slam_pose_graph, /clock, /edge_distance, /pose_graph_idx, /rosout] Local path to replan: [35, 37, 20, 19, 15]
351.800000000 INFO /path_planner [path_planner.py:348(PathPlanner.handle_replanning)] [topics: /slam_pose_graph, /clock, /edge_distance, /pose_graph_idx, /rosout] curr path length: 43, is_loop length: 43
351.800000000 INFO /path_planner [path_planner.py:360(PathPlanner.handle_replanning)] [topics: /slam_pose_graph, /clock, /edge_distance, /pose_graph_idx, /rosout] Send new plan: 8 7 6 5 4 3 9 15 16 10 11 35  ---> 37 20 19 15(L) 19 23 29 30 24 25 31 32 26 27 33 34 28 22 21 38 37(L) 38 36 12 13 14 8(L) 14 18 17 21(L) 
351.800000000 WARN /Navigator [/home/wcqw/ac-slam/catkin_ws/src/cpp_solver/src/MyPlanner.cpp:609(findExplorationTarget)] [topics: /rosout, /cmd, /Navigator/plan, /Navigator/markers, /Navigator/frontiers, /Navigator/frontier_to_vertex, /Navigator/nav_goal, /Navigator/prior_map, /Navigator/visual_tsp_path, /Navigator/tsp_index, /Navigator/path_finder, /Navigator/dist_map, /finished_topic, /request_replan, /Explore/result, /Explore/feedback, /Explore/status, /MoveTo/result, /MoveTo/feedback, /MoveTo/status, /Localize/result, /Localize/feedback, /Localize/status, /GetFirstMap/result, /GetFirstMap/feedback, /GetFirstMap/status] No frontier at vertex 35. #Frontier: 0
351.800000000 INFO /Navigator [/home/wcqw/ac-slam/catkin_ws/src/cpp_solver/src/MyPlanner.cpp:318(getUsefulGoalIndex)] [topics: /rosout, /cmd, /Navigator/plan, /Navigator/markers, /Navigator/frontiers, /Navigator/frontier_to_vertex, /Navigator/nav_goal, /Navigator/prior_map, /Navigator/visual_tsp_path, /Navigator/tsp_index, /Navigator/path_finder, /Navigator/dist_map, /finished_topic, /request_replan, /Explore/result, /Explore/feedback, /Explore/status, /MoveTo/result, /MoveTo/feedback, /MoveTo/status, /Localize/result, /Localize/feedback, /Localize/status, /GetFirstMap/result, /GetFirstMap/feedback, /GetFirstMap/status] Set newGoal 37
352.600000000 INFO /Mapper [/home/wcqw/ac-slam/catkin_ws/src/navigation_2d/nav2d_karto/src/MultiMapper.cpp:401(receiveLaserScan)] [topics: /rosout, /tf, /karto_out, /map, /others, /slam_path, /Mapper/vertices, /Mapper/closure_edges, /Mapper/odom_edges, /Mapper/colored_edges, /localization_result, /slam_pose_graph, /Mapper/loop_closed] PHASE2C_KEYSCAN_ACCEPTED unique_id=200 state_id=200 sim_time=352.500000
352.600000000 WARN /RVIZ [/tmp/binarydeb/ros-noetic-tf2-0.7.10/src/buffer_core.cpp:277()] [topics: /rosout, /initialpose, /goal, /clicked_point] TF_REPEATED_DATA ignoring data with redundant timestamp for frame odom (parent offset) at time 352.600000 according to authority unknown_publisher
352.600000000 WARN /RVIZ [/tmp/binarydeb/ros-noetic-tf2-0.7.10/src/buffer_core.cpp:277()] [topics: /rosout, /initialpose, /goal, /clicked_point] TF_REPEATED_DATA ignoring data with redundant timestamp for frame offset (parent map) at time 352.600000 according to authority unknown_publisher
353.200000000 INFO /Mapper [/home/wcqw/ac-slam/catkin_ws/src/navigation_2d/nav2d_karto/src/MultiMapper.cpp:401(receiveLaserScan)] [topics: /rosout, /tf, /karto_out, /map, /others, /slam_path, /Mapper/vertices, /Mapper/closure_edges, /Mapper/odom_edges, /Mapper/colored_edges, /localization_result, /slam_pose_graph, /Mapper/loop_closed] PHASE2C_KEYSCAN_ACCEPTED unique_id=201 state_id=201 sim_time=353.200000
353.200000000 INFO /updateDistance [/home/wcqw/ac-slam/catkin_ws/src/cpp_solver/src/updateDistance.cpp:29(occupancyGridCallback)] [topics: /rosout, /edge_distance] Received an OccupancyGrid message!
353.200000000 INFO /updateDistance [/home/wcqw/ac-slam/catkin_ws/src/cpp_solver/src/updateDistance.cpp:30(occupancyGridCallback)] [topics: /rosout, /edge_distance] Width: 547, Height: 710, Size: 388370
353.200000000 INFO /updateDistance [/home/wcqw/ac-slam/catkin_ws/src/cpp_solver/src/updateDistance.cpp:32(occupancyGridCallback)] [topics: /rosout, /edge_distance] Map origin x: -7.738, y: -7.334
353.200000000 INFO /path_planner [path_planner.py:664(PathPlanner.handle_pose_graph)] [topics: /slam_pose_graph, /clock, /edge_distance, /pose_graph_idx, /rosout] Really visited vertices: 8 6 5 3 9 15 
353.200000000 INFO /updateDistance [/home/wcqw/ac-slam/catkin_ws/src/cpp_solver/src/updateDistance.cpp:87(occupancyGridCallback)] [topics: /rosout, /edge_distance] Free vertices size: 19
353.200000000 INFO /updateDistance [/home/wcqw/ac-slam/catkin_ws/src/cpp_solver/src/updateDistance.cpp:128(occupancyGridCallback)] [topics: /rosout, /edge_distance] 157 edge distance updated
353.400000000 WARN /RVIZ [/tmp/binarydeb/ros-noetic-tf2-0.7.10/src/buffer_core.cpp:277()] [topics: /rosout, /initialpose, /goal, /clicked_point] TF_REPEATED_DATA ignoring data with redundant timestamp for frame odom (parent offset) at time 353.400000 according to authority unknown_publisher
353.400000000 WARN /RVIZ [/tmp/binarydeb/ros-noetic-tf2-0.7.10/src/buffer_core.cpp:277()] [topics: /rosout, /initialpose, /goal, /clicked_point] TF_REPEATED_DATA ignoring data with redundant timestamp for frame offset (parent map) at time 353.400000 according to authority unknown_publisher
353.800000000 WARN /RVIZ [/tmp/binarydeb/ros-noetic-tf2-0.7.10/src/buffer_core.cpp:277()] [topics: /rosout, /initialpose, /goal, /clicked_point] TF_REPEATED_DATA ignoring data with redundant timestamp for frame odom (parent offset) at time 353.800000 according to authority unknown_publisher
353.800000000 WARN /RVIZ [/tmp/binarydeb/ros-noetic-tf2-0.7.10/src/buffer_core.cpp:277()] [topics: /rosout, /initialpose, /goal, /clicked_point] TF_REPEATED_DATA ignoring data with redundant timestamp for frame offset (parent map) at time 353.800000 according to authority unknown_publisher
354.000000000 INFO /Mapper [/home/wcqw/ac-slam/catkin_ws/src/navigation_2d/nav2d_karto/src/MultiMapper.cpp:401(receiveLaserScan)] [topics: /rosout, /tf, /karto_out, /map, /others, /slam_path, /Mapper/vertices, /Mapper/closure_edges, /Mapper/odom_edges, /Mapper/colored_edges, /localization_result, /slam_pose_graph, /Mapper/loop_closed] PHASE2C_KEYSCAN_ACCEPTED unique_id=202 state_id=202 sim_time=353.900000
354.600000000 INFO /Mapper [/home/wcqw/ac-slam/catkin_ws/src/navigation_2d/nav2d_karto/src/MultiMapper.cpp:401(receiveLaserScan)] [topics: /rosout, /tf, /karto_out, /map, /others, /slam_path, /Mapper/vertices, /Mapper/closure_edges, /Mapper/odom_edges, /Mapper/colored_edges, /localization_result, /slam_pose_graph, /Mapper/loop_closed] PHASE2C_KEYSCAN_ACCEPTED unique_id=203 state_id=203 sim_time=354.500000
354.600000000 INFO /updateDistance [/home/wcqw/ac-slam/catkin_ws/src/cpp_solver/src/updateDistance.cpp:29(occupancyGridCallback)] [topics: /rosout, /edge_distance] Received an OccupancyGrid message!
354.600000000 INFO /updateDistance [/home/wcqw/ac-slam/catkin_ws/src/cpp_solver/src/updateDistance.cpp:30(occupancyGridCallback)] [topics: /rosout, /edge_distance] Width: 547, Height: 710, Size: 388370
354.600000000 INFO /updateDistance [/home/wcqw/ac-slam/catkin_ws/src/cpp_solver/src/updateDistance.cpp:32(occupancyGridCallback)] [topics: /rosout, /edge_distance] Map origin x: -7.738, y: -7.334
354.600000000 INFO /path_planner [path_planner.py:664(PathPlanner.handle_pose_graph)] [topics: /slam_pose_graph, /clock, /edge_distance, /pose_graph_idx, /rosout] Really visited vertices: 8 6 5 3 9 15 
354.600000000 INFO /updateDistance [/home/wcqw/ac-slam/catkin_ws/src/cpp_solver/src/updateDistance.cpp:87(occupancyGridCallback)] [topics: /rosout, /edge_distance] Free vertices size: 19
354.600000000 INFO /updateDistance [/home/wcqw/ac-slam/catkin_ws/src/cpp_solver/src/updateDistance.cpp:128(occupancyGridCallback)] [topics: /rosout, /edge_distance] 157 edge distance updated
355.200000000 INFO /Mapper [/home/wcqw/ac-slam/catkin_ws/src/navigation_2d/nav2d_karto/src/MultiMapper.cpp:401(receiveLaserScan)] [topics: /rosout, /tf, /karto_out, /map, /others, /slam_path, /Mapper/vertices, /Mapper/closure_edges, /Mapper/odom_edges, /Mapper/colored_edges, /localization_result, /slam_pose_graph, /Mapper/loop_closed] PHASE2C_KEYSCAN_ACCEPTED unique_id=204 state_id=204 sim_time=355.200000
356.000000000 INFO /Mapper [/home/wcqw/ac-slam/catkin_ws/src/navigation_2d/nav2d_karto/src/MultiMapper.cpp:401(receiveLaserScan)] [topics: /rosout, /tf, /karto_out, /map, /others, /slam_path, /Mapper/vertices, /Mapper/closure_edges, /Mapper/odom_edges, /Mapper/colored_edges, /localization_result, /slam_pose_graph, /Mapper/loop_closed] PHASE2C_KEYSCAN_ACCEPTED unique_id=205 state_id=205 sim_time=356.000000
356.000000000 INFO /updateDistance [/home/wcqw/ac-slam/catkin_ws/src/cpp_solver/src/updateDistance.cpp:29(occupancyGridCallback)] [topics: /rosout, /edge_distance] Received an OccupancyGrid message!
356.000000000 INFO /updateDistance [/home/wcqw/ac-slam/catkin_ws/src/cpp_solver/src/updateDistance.cpp:30(occupancyGridCallback)] [topics: /rosout, /edge_distance] Width: 547, Height: 710, Size: 388370
356.000000000 INFO /updateDistance [/home/wcqw/ac-slam/catkin_ws/src/cpp_solver/src/updateDistance.cpp:32(occupancyGridCallback)] [topics: /rosout, /edge_distance] Map origin x: -7.738, y: -7.334
356.000000000 INFO /path_planner [path_planner.py:664(PathPlanner.handle_pose_graph)] [topics: /slam_pose_graph, /clock, /edge_distance, /pose_graph_idx, /rosout] Really visited vertices: 8 6 5 3 9 15 
356.000000000 INFO /updateDistance [/home/wcqw/ac-slam/catkin_ws/src/cpp_solver/src/updateDistance.cpp:87(occupancyGridCallback)] [topics: /rosout, /edge_distance] Free vertices size: 19
356.000000000 INFO /updateDistance [/home/wcqw/ac-slam/catkin_ws/src/cpp_solver/src/updateDistance.cpp:128(occupancyGridCallback)] [topics: /rosout, /edge_distance] 157 edge distance updated
356.200000000 WARN /RVIZ [/tmp/binarydeb/ros-noetic-tf2-0.7.10/src/buffer_core.cpp:277()] [topics: /rosout, /initialpose, /goal, /clicked_point] TF_REPEATED_DATA ignoring data with redundant timestamp for frame odom (parent offset) at time 356.200000 according to authority unknown_publisher
356.200000000 WARN /RVIZ [/tmp/binarydeb/ros-noetic-tf2-0.7.10/src/buffer_core.cpp:277()] [topics: /rosout, /initialpose, /goal, /clicked_point] TF_REPEATED_DATA ignoring data with redundant timestamp for frame offset (parent map) at time 356.200000 according to authority unknown_publisher
357.400000000 INFO /Mapper [/home/wcqw/ac-slam/catkin_ws/src/navigation_2d/nav2d_karto/src/MultiMapper.cpp:401(receiveLaserScan)] [topics: /rosout, /tf, /karto_out, /map, /others, /slam_path, /Mapper/vertices, /Mapper/closure_edges, /Mapper/odom_edges, /Mapper/colored_edges, /localization_result, /slam_pose_graph, /Mapper/loop_closed] PHASE2C_KEYSCAN_ACCEPTED unique_id=206 state_id=206 sim_time=357.400000
357.400000000 INFO /updateDistance [/home/wcqw/ac-slam/catkin_ws/src/cpp_solver/src/updateDistance.cpp:29(occupancyGridCallback)] [topics: /rosout, /edge_distance] Received an OccupancyGrid message!
357.400000000 INFO /updateDistance [/home/wcqw/ac-slam/catkin_ws/src/cpp_solver/src/updateDistance.cpp:30(occupancyGridCallback)] [topics: /rosout, /edge_distance] Width: 547, Height: 710, Size: 388370
357.400000000 INFO /updateDistance [/home/wcqw/ac-slam/catkin_ws/src/cpp_solver/src/updateDistance.cpp:32(occupancyGridCallback)] [topics: /rosout, /edge_distance] Map origin x: -7.738, y: -7.334
357.400000000 INFO /path_planner [path_planner.py:664(PathPlanner.handle_pose_graph)] [topics: /slam_pose_graph, /clock, /edge_distance, /pose_graph_idx, /rosout] Really visited vertices: 8 6 5 3 9 15 
357.400000000 INFO /updateDistance [/home/wcqw/ac-slam/catkin_ws/src/cpp_solver/src/updateDistance.cpp:87(occupancyGridCallback)] [topics: /rosout, /edge_distance] Free vertices size: 19
357.400000000 INFO /updateDistance [/home/wcqw/ac-slam/catkin_ws/src/cpp_solver/src/updateDistance.cpp:128(occupancyGridCallback)] [topics: /rosout, /edge_distance] 157 edge distance updated
357.800000000 INFO /updateDistance [/home/wcqw/ac-slam/catkin_ws/src/cpp_solver/src/updateDistance.cpp:29(occupancyGridCallback)] [topics: /rosout, /edge_distance] Received an OccupancyGrid message!
357.800000000 INFO /updateDistance [/home/wcqw/ac-slam/catkin_ws/src/cpp_solver/src/updateDistance.cpp:30(occupancyGridCallback)] [topics: /rosout, /edge_distance] Width: 547, Height: 710, Size: 388370
357.800000000 INFO /updateDistance [/home/wcqw/ac-slam/catkin_ws/src/cpp_solver/src/updateDistance.cpp:32(occupancyGridCallback)] [topics: /rosout, /edge_distance] Map origin x: -7.738, y: -7.334
357.800000000 INFO /updateDistance [/home/wcqw/ac-slam/catkin_ws/src/cpp_solver/src/updateDistance.cpp:87(occupancyGridCallback)] [topics: /rosout, /edge_distance] Free vertices size: 19
357.800000000 INFO /updateDistance [/home/wcqw/ac-slam/catkin_ws/src/cpp_solver/src/updateDistance.cpp:128(occupancyGridCallback)] [topics: /rosout, /edge_distance] 157 edge distance updated
357.800000000 INFO /Navigator [/home/wcqw/ac-slam/catkin_ws/src/cpp_solver/src/MyPlanner.cpp:520(findExplorationTarget)] [topics: /rosout, /cmd, /Navigator/plan, /Navigator/markers, /Navigator/frontiers, /Navigator/frontier_to_vertex, /Navigator/nav_goal, /Navigator/prior_map, /Navigator/visual_tsp_path, /Navigator/tsp_index, /Navigator/path_finder, /Navigator/dist_map, /finished_topic, /request_replan, /Explore/result, /Explore/feedback, /Explore/status, /MoveTo/result, /MoveTo/feedback, /MoveTo/status, /Localize/result, /Localize/feedback, /Localize/status, /GetFirstMap/result, /GetFirstMap/feedback, /GetFirstMap/status] Call local replanning...
357.800000000 INFO /path_planner [path_planner.py:321(PathPlanner.handle_replanning)] [topics: /slam_pose_graph, /clock, /edge_distance, /pose_graph_idx, /rosout] Replanning request. curr_vertex_idx: 12
357.800000000 INFO /path_planner [path_planner.py:322(PathPlanner.handle_replanning)] [topics: /slam_pose_graph, /clock, /edge_distance, /pose_graph_idx, /rosout]                     covered_vertices: ()
357.800000000 INFO /path_planner [path_planner.py:336(PathPlanner.handle_replanning)] [topics: /slam_pose_graph, /clock, /edge_distance, /pose_graph_idx, /rosout] Handle local replanning...
357.800000000 INFO /path_planner [path_planner.py:389(PathPlanner.handle_local_replanning)] [topics: /slam_pose_graph, /clock, /edge_distance, /pose_graph_idx, /rosout] Local path to replan: [37, 20, 19, 15]
357.800000000 INFO /path_planner [path_planner.py:348(PathPlanner.handle_replanning)] [topics: /slam_pose_graph, /clock, /edge_distance, /pose_graph_idx, /rosout] curr path length: 43, is_loop length: 43
357.800000000 INFO /path_planner [path_planner.py:360(PathPlanner.handle_replanning)] [topics: /slam_pose_graph, /clock, /edge_distance, /pose_graph_idx, /rosout] Send new plan: 8 7 6 5 4 3 9 15 16 10 11 35 37  ---> 20 19 15(L) 19 23 29 30 24 25 31 32 26 27 33 34 28 22 21 38 37(L) 38 36 12 13 14 8(L) 14 18 17 21(L) 
358.800000000 INFO /Mapper [/home/wcqw/ac-slam/catkin_ws/src/navigation_2d/nav2d_karto/src/MultiMapper.cpp:401(receiveLaserScan)] [topics: /rosout, /tf, /karto_out, /map, /others, /slam_path, /Mapper/vertices, /Mapper/closure_edges, /Mapper/odom_edges, /Mapper/colored_edges, /localization_result, /slam_pose_graph, /Mapper/loop_closed] PHASE2C_KEYSCAN_ACCEPTED unique_id=207 state_id=207 sim_time=358.700000
358.800000000 INFO /updateDistance [/home/wcqw/ac-slam/catkin_ws/src/cpp_solver/src/updateDistance.cpp:29(occupancyGridCallback)] [topics: /rosout, /edge_distance] Received an OccupancyGrid message!
358.800000000 INFO /updateDistance [/home/wcqw/ac-slam/catkin_ws/src/cpp_solver/src/updateDistance.cpp:30(occupancyGridCallback)] [topics: /rosout, /edge_distance] Width: 547, Height: 710, Size: 388370
358.800000000 INFO /updateDistance [/home/wcqw/ac-slam/catkin_ws/src/cpp_solver/src/updateDistance.cpp:32(occupancyGridCallback)] [topics: /rosout, /edge_distance] Map origin x: -7.738, y: -7.334
358.800000000 INFO /path_planner [path_planner.py:664(PathPlanner.handle_pose_graph)] [topics: /slam_pose_graph, /clock, /edge_distance, /pose_graph_idx, /rosout] Really visited vertices: 8 6 5 3 9 15 
358.800000000 INFO /updateDistance [/home/wcqw/ac-slam/catkin_ws/src/cpp_solver/src/updateDistance.cpp:87(occupancyGridCallback)] [topics: /rosout, /edge_distance] Free vertices size: 19
358.800000000 INFO /updateDistance [/home/wcqw/ac-slam/catkin_ws/src/cpp_solver/src/updateDistance.cpp:128(occupancyGridCallback)] [topics: /rosout, /edge_distance] 157 edge distance updated
359.200000000 WARN /RVIZ [/tmp/binarydeb/ros-noetic-tf2-0.7.10/src/buffer_core.cpp:277()] [topics: /rosout, /initialpose, /goal, /clicked_point] TF_REPEATED_DATA ignoring data with redundant timestamp for frame odom (parent offset) at time 359.200000 according to authority unknown_publisher
359.200000000 WARN /RVIZ [/tmp/binarydeb/ros-noetic-tf2-0.7.10/src/buffer_core.cpp:277()] [topics: /rosout, /initialpose, /goal, /clicked_point] TF_REPEATED_DATA ignoring data with redundant timestamp for frame offset (parent map) at time 359.200000 according to authority unknown_publisher
360.200000000 INFO /Mapper [/home/wcqw/ac-slam/catkin_ws/src/navigation_2d/nav2d_karto/src/MultiMapper.cpp:401(receiveLaserScan)] [topics: /rosout, /tf, /karto_out, /map, /others, /slam_path, /Mapper/vertices, /Mapper/closure_edges, /Mapper/odom_edges, /Mapper/colored_edges, /localization_result, /slam_pose_graph, /Mapper/loop_closed] PHASE2C_KEYSCAN_ACCEPTED unique_id=208 state_id=208 sim_time=360.100000
360.200000000 INFO /updateDistance [/home/wcqw/ac-slam/catkin_ws/src/cpp_solver/src/updateDistance.cpp:29(occupancyGridCallback)] [topics: /rosout, /edge_distance] Received an OccupancyGrid message!
360.200000000 INFO /updateDistance [/home/wcqw/ac-slam/catkin_ws/src/cpp_solver/src/updateDistance.cpp:30(occupancyGridCallback)] [topics: /rosout, /edge_distance] Width: 547, Height: 710, Size: 388370
360.200000000 INFO /updateDistance [/home/wcqw/ac-slam/catkin_ws/src/cpp_solver/src/updateDistance.cpp:32(occupancyGridCallback)] [topics: /rosout, /edge_distance] Map origin x: -7.738, y: -7.334
360.200000000 INFO /path_planner [path_planner.py:664(PathPlanner.handle_pose_graph)] [topics: /slam_pose_graph, /clock, /edge_distance, /pose_graph_idx, /rosout] Really visited vertices: 8 6 5 3 9 15 
360.200000000 INFO /updateDistance [/home/wcqw/ac-slam/catkin_ws/src/cpp_solver/src/updateDistance.cpp:87(occupancyGridCallback)] [topics: /rosout, /edge_distance] Free vertices size: 19
360.200000000 INFO /updateDistance [/home/wcqw/ac-slam/catkin_ws/src/cpp_solver/src/updateDistance.cpp:128(occupancyGridCallback)] [topics: /rosout, /edge_distance] 157 edge distance updated
361.400000000 INFO /Mapper [/home/wcqw/ac-slam/catkin_ws/src/navigation_2d/nav2d_karto/src/MultiMapper.cpp:401(receiveLaserScan)] [topics: /rosout, /tf, /karto_out, /map, /others, /slam_path, /Mapper/vertices, /Mapper/closure_edges, /Mapper/odom_edges, /Mapper/colored_edges, /localization_result, /slam_pose_graph, /Mapper/loop_closed] PHASE2C_KEYSCAN_ACCEPTED unique_id=209 state_id=209 sim_time=361.400000
361.400000000 INFO /updateDistance [/home/wcqw/ac-slam/catkin_ws/src/cpp_solver/src/updateDistance.cpp:29(occupancyGridCallback)] [topics: /rosout, /edge_distance] Received an OccupancyGrid message!
361.400000000 INFO /updateDistance [/home/wcqw/ac-slam/catkin_ws/src/cpp_solver/src/updateDistance.cpp:30(occupancyGridCallback)] [topics: /rosout, /edge_distance] Width: 550, Height: 710, Size: 390500
361.400000000 INFO /updateDistance [/home/wcqw/ac-slam/catkin_ws/src/cpp_solver/src/updateDistance.cpp:32(occupancyGridCallback)] [topics: /rosout, /edge_distance] Map origin x: -7.738, y: -7.334
361.400000000 INFO /path_planner [path_planner.py:664(PathPlanner.handle_pose_graph)] [topics: /slam_pose_graph, /clock, /edge_distance, /pose_graph_idx, /rosout] Really visited vertices: 8 6 5 3 9 15 
361.400000000 INFO /RVIZ [/tmp/binarydeb/ros-noetic-rviz-1.14.26/src/rviz/default_plugin/map_display.cpp:604(MapDisplay::createSwatches)] [topics: /rosout, /initialpose, /goal, /clicked_point] Creating 1 swatches
361.400000000 INFO /updateDistance [/home/wcqw/ac-slam/catkin_ws/src/cpp_solver/src/updateDistance.cpp:87(occupancyGridCallback)] [topics: /rosout, /edge_distance] Free vertices size: 19
361.400000000 INFO /updateDistance [/home/wcqw/ac-slam/catkin_ws/src/cpp_solver/src/updateDistance.cpp:128(occupancyGridCallback)] [topics: /rosout, /edge_distance] 157 edge distance updated
362.800000000 WARN /RVIZ [/tmp/binarydeb/ros-noetic-tf2-0.7.10/src/buffer_core.cpp:277()] [topics: /rosout, /initialpose, /goal, /clicked_point] TF_REPEATED_DATA ignoring data with redundant timestamp for frame offset (parent map) at time 362.800000 according to authority unknown_publisher
363.000000000 INFO /Mapper [/home/wcqw/ac-slam/catkin_ws/src/navigation_2d/nav2d_karto/src/MultiMapper.cpp:401(receiveLaserScan)] [topics: /rosout, /tf, /karto_out, /map, /others, /slam_path, /Mapper/vertices, /Mapper/closure_edges, /Mapper/odom_edges, /Mapper/colored_edges, /localization_result, /slam_pose_graph, /Mapper/loop_closed] PHASE2C_KEYSCAN_ACCEPTED unique_id=210 state_id=210 sim_time=362.900000
363.000000000 INFO /updateDistance [/home/wcqw/ac-slam/catkin_ws/src/cpp_solver/src/updateDistance.cpp:29(occupancyGridCallback)] [topics: /rosout, /edge_distance] Received an OccupancyGrid message!
363.000000000 INFO /updateDistance [/home/wcqw/ac-slam/catkin_ws/src/cpp_solver/src/updateDistance.cpp:30(occupancyGridCallback)] [topics: /rosout, /edge_distance] Width: 560, Height: 710, Size: 397600
363.000000000 INFO /updateDistance [/home/wcqw/ac-slam/catkin_ws/src/cpp_solver/src/updateDistance.cpp:32(occupancyGridCallback)] [topics: /rosout, /edge_distance] Map origin x: -7.738, y: -7.334
363.000000000 INFO /path_planner [path_planner.py:664(PathPlanner.handle_pose_graph)] [topics: /slam_pose_graph, /clock, /edge_distance, /pose_graph_idx, /rosout] Really visited vertices: 8 6 5 3 9 15 
363.000000000 INFO /RVIZ [/tmp/binarydeb/ros-noetic-rviz-1.14.26/src/rviz/default_plugin/map_display.cpp:604(MapDisplay::createSwatches)] [topics: /rosout, /initialpose, /goal, /clicked_point] Creating 1 swatches
363.000000000 INFO /updateDistance [/home/wcqw/ac-slam/catkin_ws/src/cpp_solver/src/updateDistance.cpp:87(occupancyGridCallback)] [topics: /rosout, /edge_distance] Free vertices size: 19
363.000000000 INFO /updateDistance [/home/wcqw/ac-slam/catkin_ws/src/cpp_solver/src/updateDistance.cpp:128(occupancyGridCallback)] [topics: /rosout, /edge_distance] 157 edge distance updated
363.400000000 WARN /RVIZ [/tmp/binarydeb/ros-noetic-tf2-0.7.10/src/buffer_core.cpp:277()] [topics: /rosout, /initialpose, /goal, /clicked_point] TF_REPEATED_DATA ignoring data with redundant timestamp for frame odom (parent offset) at time 363.400000 according to authority unknown_publisher
363.400000000 WARN /RVIZ [/tmp/binarydeb/ros-noetic-tf2-0.7.10/src/buffer_core.cpp:277()] [topics: /rosout, /initialpose, /goal, /clicked_point] TF_REPEATED_DATA ignoring data with redundant timestamp for frame offset (parent map) at time 363.400000 according to authority unknown_publisher
363.700000000 INFO /updateDistance [/home/wcqw/ac-slam/catkin_ws/src/cpp_solver/src/updateDistance.cpp:29(occupancyGridCallback)] [topics: /rosout, /edge_distance] Received an OccupancyGrid message!
363.700000000 INFO /updateDistance [/home/wcqw/ac-slam/catkin_ws/src/cpp_solver/src/updateDistance.cpp:30(occupancyGridCallback)] [topics: /rosout, /edge_distance] Width: 560, Height: 710, Size: 397600
363.700000000 INFO /updateDistance [/home/wcqw/ac-slam/catkin_ws/src/cpp_solver/src/updateDistance.cpp:32(occupancyGridCallback)] [topics: /rosout, /edge_distance] Map origin x: -7.738, y: -7.334
363.800000000 INFO /updateDistance [/home/wcqw/ac-slam/catkin_ws/src/cpp_solver/src/updateDistance.cpp:87(occupancyGridCallback)] [topics: /rosout, /edge_distance] Free vertices size: 19
363.800000000 INFO /updateDistance [/home/wcqw/ac-slam/catkin_ws/src/cpp_solver/src/updateDistance.cpp:128(occupancyGridCallback)] [topics: /rosout, /edge_distance] 157 edge distance updated
363.800000000 INFO /Navigator [/home/wcqw/ac-slam/catkin_ws/src/cpp_solver/src/MyPlanner.cpp:520(findExplorationTarget)] [topics: /rosout, /cmd, /Navigator/plan, /Navigator/markers, /Navigator/frontiers, /Navigator/frontier_to_vertex, /Navigator/nav_goal, /Navigator/prior_map, /Navigator/visual_tsp_path, /Navigator/tsp_index, /Navigator/path_finder, /Navigator/dist_map, /finished_topic, /request_replan, /Explore/result, /Explore/feedback, /Explore/status, /MoveTo/result, /MoveTo/feedback, /MoveTo/status, /Localize/result, /Localize/feedback, /Localize/status, /GetFirstMap/result, /GetFirstMap/feedback, /GetFirstMap/status] Call local replanning...
363.800000000 INFO /path_planner [path_planner.py:321(PathPlanner.handle_replanning)] [topics: /slam_pose_graph, /clock, /edge_distance, /pose_graph_idx, /rosout] Replanning request. curr_vertex_idx: 12
363.800000000 INFO /path_planner [path_planner.py:322(PathPlanner.handle_replanning)] [topics: /slam_pose_graph, /clock, /edge_distance, /pose_graph_idx, /rosout]                     covered_vertices: ()
363.800000000 INFO /path_planner [path_planner.py:336(PathPlanner.handle_replanning)] [topics: /slam_pose_graph, /clock, /edge_distance, /pose_graph_idx, /rosout] Handle local replanning...
363.800000000 INFO /path_planner [path_planner.py:389(PathPlanner.handle_local_replanning)] [topics: /slam_pose_graph, /clock, /edge_distance, /pose_graph_idx, /rosout] Local path to replan: [37, 20, 19, 15]
363.800000000 INFO /path_planner [path_planner.py:348(PathPlanner.handle_replanning)] [topics: /slam_pose_graph, /clock, /edge_distance, /pose_graph_idx, /rosout] curr path length: 43, is_loop length: 43
363.800000000 INFO /path_planner [path_planner.py:360(PathPlanner.handle_replanning)] [topics: /slam_pose_graph, /clock, /edge_distance, /pose_graph_idx, /rosout] Send new plan: 8 7 6 5 4 3 9 15 16 10 11 35 37  ---> 20 19 15(L) 19 23 29 30 24 25 31 32 26 27 33 34 28 22 21 38 37(L) 38 36 12 13 14 8(L) 14 18 17 21(L) 
364.600000000 WARN /RVIZ [/tmp/binarydeb/ros-noetic-tf2-0.7.10/src/buffer_core.cpp:277()] [topics: /rosout, /initialpose, /goal, /clicked_point] TF_REPEATED_DATA ignoring data with redundant timestamp for frame odom (parent offset) at time 364.600000 according to authority unknown_publisher
364.600000000 WARN /RVIZ [/tmp/binarydeb/ros-noetic-tf2-0.7.10/src/buffer_core.cpp:277()] [topics: /rosout, /initialpose, /goal, /clicked_point] TF_REPEATED_DATA ignoring data with redundant timestamp for frame offset (parent map) at time 364.600000 according to authority unknown_publisher
365.600000000 INFO /Mapper [/home/wcqw/ac-slam/catkin_ws/src/navigation_2d/nav2d_karto/src/MultiMapper.cpp:401(receiveLaserScan)] [topics: /rosout, /tf, /karto_out, /map, /others, /slam_path, /Mapper/vertices, /Mapper/closure_edges, /Mapper/odom_edges, /Mapper/colored_edges, /localization_result, /slam_pose_graph, /Mapper/loop_closed] PHASE2C_KEYSCAN_ACCEPTED unique_id=211 state_id=211 sim_time=365.600000
365.600000000 INFO /updateDistance [/home/wcqw/ac-slam/catkin_ws/src/cpp_solver/src/updateDistance.cpp:29(occupancyGridCallback)] [topics: /rosout, /edge_distance] Received an OccupancyGrid message!
365.600000000 INFO /updateDistance [/home/wcqw/ac-slam/catkin_ws/src/cpp_solver/src/updateDistance.cpp:30(occupancyGridCallback)] [topics: /rosout, /edge_distance] Width: 570, Height: 710, Size: 404700
365.600000000 INFO /updateDistance [/home/wcqw/ac-slam/catkin_ws/src/cpp_solver/src/updateDistance.cpp:32(occupancyGridCallback)] [topics: /rosout, /edge_distance] Map origin x: -7.738, y: -7.334
365.600000000 INFO /path_planner [path_planner.py:664(PathPlanner.handle_pose_graph)] [topics: /slam_pose_graph, /clock, /edge_distance, /pose_graph_idx, /rosout] Really visited vertices: 8 6 5 3 9 15 
365.600000000 INFO /updateDistance [/home/wcqw/ac-slam/catkin_ws/src/cpp_solver/src/updateDistance.cpp:87(occupancyGridCallback)] [topics: /rosout, /edge_distance] Free vertices size: 19
365.600000000 INFO /updateDistance [/home/wcqw/ac-slam/catkin_ws/src/cpp_solver/src/updateDistance.cpp:128(occupancyGridCallback)] [topics: /rosout, /edge_distance] 157 edge distance updated
365.600000000 INFO /RVIZ [/tmp/binarydeb/ros-noetic-rviz-1.14.26/src/rviz/default_plugin/map_display.cpp:604(MapDisplay::createSwatches)] [topics: /rosout, /initialpose, /goal, /clicked_point] Creating 1 swatches
367.000000000 WARN /RVIZ [/tmp/binarydeb/ros-noetic-tf2-0.7.10/src/buffer_core.cpp:277()] [topics: /rosout, /initialpose, /goal, /clicked_point] TF_REPEATED_DATA ignoring data with redundant timestamp for frame odom (parent offset) at time 367.000000 according to authority unknown_publisher
367.000000000 WARN /RVIZ [/tmp/binarydeb/ros-noetic-tf2-0.7.10/src/buffer_core.cpp:277()] [topics: /rosout, /initialpose, /goal, /clicked_point] TF_REPEATED_DATA ignoring data with redundant timestamp for frame offset (parent map) at time 367.000000 according to authority unknown_publisher
368.200000000 WARN /RVIZ [/tmp/binarydeb/ros-noetic-tf2-0.7.10/src/buffer_core.cpp:277()] [topics: /rosout, /initialpose, /goal, /clicked_point] TF_REPEATED_DATA ignoring data with redundant timestamp for frame offset (parent map) at time 368.200000 according to authority unknown_publisher
368.800000000 WARN /RVIZ [/tmp/binarydeb/ros-noetic-tf2-0.7.10/src/buffer_core.cpp:277()] [topics: /rosout, /initialpose, /goal, /clicked_point] TF_REPEATED_DATA ignoring data with redundant timestamp for frame odom (parent offset) at time 368.800000 according to authority unknown_publisher
368.800000000 WARN /RVIZ [/tmp/binarydeb/ros-noetic-tf2-0.7.10/src/buffer_core.cpp:277()] [topics: /rosout, /initialpose, /goal, /clicked_point] TF_REPEATED_DATA ignoring data with redundant timestamp for frame offset (parent map) at time 368.800000 according to authority unknown_publisher
369.700000000 INFO /updateDistance [/home/wcqw/ac-slam/catkin_ws/src/cpp_solver/src/updateDistance.cpp:29(occupancyGridCallback)] [topics: /rosout, /edge_distance] Received an OccupancyGrid message!
369.700000000 INFO /updateDistance [/home/wcqw/ac-slam/catkin_ws/src/cpp_solver/src/updateDistance.cpp:30(occupancyGridCallback)] [topics: /rosout, /edge_distance] Width: 570, Height: 710, Size: 404700
369.700000000 INFO /updateDistance [/home/wcqw/ac-slam/catkin_ws/src/cpp_solver/src/updateDistance.cpp:32(occupancyGridCallback)] [topics: /rosout, /edge_distance] Map origin x: -7.738, y: -7.334
369.800000000 INFO /updateDistance [/home/wcqw/ac-slam/catkin_ws/src/cpp_solver/src/updateDistance.cpp:87(occupancyGridCallback)] [topics: /rosout, /edge_distance] Free vertices size: 19
369.800000000 INFO /updateDistance [/home/wcqw/ac-slam/catkin_ws/src/cpp_solver/src/updateDistance.cpp:128(occupancyGridCallback)] [topics: /rosout, /edge_distance] 157 edge distance updated
369.800000000 INFO /Navigator [/home/wcqw/ac-slam/catkin_ws/src/cpp_solver/src/MyPlanner.cpp:520(findExplorationTarget)] [topics: /rosout, /cmd, /Navigator/plan, /Navigator/markers, /Navigator/frontiers, /Navigator/frontier_to_vertex, /Navigator/nav_goal, /Navigator/prior_map, /Navigator/visual_tsp_path, /Navigator/tsp_index, /Navigator/path_finder, /Navigator/dist_map, /finished_topic, /request_replan, /Explore/result, /Explore/feedback, /Explore/status, /MoveTo/result, /MoveTo/feedback, /MoveTo/status, /Localize/result, /Localize/feedback, /Localize/status, /GetFirstMap/result, /GetFirstMap/feedback, /GetFirstMap/status] Call local replanning...
369.800000000 INFO /path_planner [path_planner.py:321(PathPlanner.handle_replanning)] [topics: /slam_pose_graph, /clock, /edge_distance, /pose_graph_idx, /rosout] Replanning request. curr_vertex_idx: 12
369.800000000 INFO /path_planner [path_planner.py:322(PathPlanner.handle_replanning)] [topics: /slam_pose_graph, /clock, /edge_distance, /pose_graph_idx, /rosout]                     covered_vertices: ()
369.800000000 INFO /path_planner [path_planner.py:336(PathPlanner.handle_replanning)] [topics: /slam_pose_graph, /clock, /edge_distance, /pose_graph_idx, /rosout] Handle local replanning...
369.800000000 INFO /path_planner [path_planner.py:389(PathPlanner.handle_local_replanning)] [topics: /slam_pose_graph, /clock, /edge_distance, /pose_graph_idx, /rosout] Local path to replan: [37, 20, 19, 15]
369.800000000 INFO /path_planner [path_planner.py:348(PathPlanner.handle_replanning)] [topics: /slam_pose_graph, /clock, /edge_distance, /pose_graph_idx, /rosout] curr path length: 43, is_loop length: 43
369.800000000 INFO /path_planner [path_planner.py:360(PathPlanner.handle_replanning)] [topics: /slam_pose_graph, /clock, /edge_distance, /pose_graph_idx, /rosout] Send new plan: 8 7 6 5 4 3 9 15 16 10 11 35 37  ---> 20 19 15(L) 19 23 29 30 24 25 31 32 26 27 33 34 28 22 21 38 37(L) 38 36 12 13 14 8(L) 14 18 17 21(L) 
370.600000000 INFO /Mapper [/home/wcqw/ac-slam/catkin_ws/src/navigation_2d/nav2d_karto/src/MultiMapper.cpp:401(receiveLaserScan)] [topics: /rosout, /tf, /karto_out, /map, /others, /slam_path, /Mapper/vertices, /Mapper/closure_edges, /Mapper/odom_edges, /Mapper/colored_edges, /localization_result, /slam_pose_graph, /Mapper/loop_closed] PHASE2C_KEYSCAN_ACCEPTED unique_id=212 state_id=212 sim_time=370.500000
371.800000000 WARN /RVIZ [/tmp/binarydeb/ros-noetic-tf2-0.7.10/src/buffer_core.cpp:277()] [topics: /rosout, /initialpose, /goal, /clicked_point] TF_REPEATED_DATA ignoring data with redundant timestamp for frame odom (parent offset) at time 371.800000 according to authority unknown_publisher
371.800000000 WARN /RVIZ [/tmp/binarydeb/ros-noetic-tf2-0.7.10/src/buffer_core.cpp:277()] [topics: /rosout, /initialpose, /goal, /clicked_point] TF_REPEATED_DATA ignoring data with redundant timestamp for frame offset (parent map) at time 371.800000 according to authority unknown_publisher
375.200000000 INFO /Mapper [/home/wcqw/ac-slam/catkin_ws/src/navigation_2d/nav2d_karto/src/MultiMapper.cpp:401(receiveLaserScan)] [topics: /rosout, /tf, /karto_out, /map, /others, /slam_path, /Mapper/vertices, /Mapper/closure_edges, /Mapper/odom_edges, /Mapper/colored_edges, /localization_result, /slam_pose_graph, /Mapper/loop_closed] PHASE2C_KEYSCAN_ACCEPTED unique_id=213 state_id=213 sim_time=375.200000
375.200000000 INFO /updateDistance [/home/wcqw/ac-slam/catkin_ws/src/cpp_solver/src/updateDistance.cpp:29(occupancyGridCallback)] [topics: /rosout, /edge_distance] Received an OccupancyGrid message!
375.200000000 INFO /updateDistance [/home/wcqw/ac-slam/catkin_ws/src/cpp_solver/src/updateDistance.cpp:30(occupancyGridCallback)] [topics: /rosout, /edge_distance] Width: 589, Height: 710, Size: 418190
375.200000000 INFO /updateDistance [/home/wcqw/ac-slam/catkin_ws/src/cpp_solver/src/updateDistance.cpp:32(occupancyGridCallback)] [topics: /rosout, /edge_distance] Map origin x: -7.738, y: -7.334
375.200000000 INFO /path_planner [path_planner.py:664(PathPlanner.handle_pose_graph)] [topics: /slam_pose_graph, /clock, /edge_distance, /pose_graph_idx, /rosout] Really visited vertices: 8 6 5 3 9 15 
375.200000000 INFO /RVIZ [/tmp/binarydeb/ros-noetic-rviz-1.14.26/src/rviz/default_plugin/map_display.cpp:604(MapDisplay::createSwatches)] [topics: /rosout, /initialpose, /goal, /clicked_point] Creating 1 swatches
375.200000000 INFO /updateDistance [/home/wcqw/ac-slam/catkin_ws/src/cpp_solver/src/updateDistance.cpp:87(occupancyGridCallback)] [topics: /rosout, /edge_distance] Free vertices size: 19
375.200000000 INFO /updateDistance [/home/wcqw/ac-slam/catkin_ws/src/cpp_solver/src/updateDistance.cpp:128(occupancyGridCallback)] [topics: /rosout, /edge_distance] 157 edge distance updated
375.700000000 INFO /updateDistance [/home/wcqw/ac-slam/catkin_ws/src/cpp_solver/src/updateDistance.cpp:29(occupancyGridCallback)] [topics: /rosout, /edge_distance] Received an OccupancyGrid message!
375.700000000 INFO /updateDistance [/home/wcqw/ac-slam/catkin_ws/src/cpp_solver/src/updateDistance.cpp:30(occupancyGridCallback)] [topics: /rosout, /edge_distance] Width: 589, Height: 710, Size: 418190
375.700000000 INFO /updateDistance [/home/wcqw/ac-slam/catkin_ws/src/cpp_solver/src/updateDistance.cpp:32(occupancyGridCallback)] [topics: /rosout, /edge_distance] Map origin x: -7.738, y: -7.334
375.800000000 INFO /updateDistance [/home/wcqw/ac-slam/catkin_ws/src/cpp_solver/src/updateDistance.cpp:87(occupancyGridCallback)] [topics: /rosout, /edge_distance] Free vertices size: 19
375.800000000 INFO /updateDistance [/home/wcqw/ac-slam/catkin_ws/src/cpp_solver/src/updateDistance.cpp:128(occupancyGridCallback)] [topics: /rosout, /edge_distance] 157 edge distance updated
375.800000000 INFO /Navigator [/home/wcqw/ac-slam/catkin_ws/src/cpp_solver/src/MyPlanner.cpp:520(findExplorationTarget)] [topics: /rosout, /cmd, /Navigator/plan, /Navigator/markers, /Navigator/frontiers, /Navigator/frontier_to_vertex, /Navigator/nav_goal, /Navigator/prior_map, /Navigator/visual_tsp_path, /Navigator/tsp_index, /Navigator/path_finder, /Navigator/dist_map, /finished_topic, /request_replan, /Explore/result, /Explore/feedback, /Explore/status, /MoveTo/result, /MoveTo/feedback, /MoveTo/status, /Localize/result, /Localize/feedback, /Localize/status, /GetFirstMap/result, /GetFirstMap/feedback, /GetFirstMap/status] Call local replanning...
375.800000000 INFO /path_planner [path_planner.py:321(PathPlanner.handle_replanning)] [topics: /slam_pose_graph, /clock, /edge_distance, /pose_graph_idx, /rosout] Replanning request. curr_vertex_idx: 12
375.800000000 INFO /path_planner [path_planner.py:322(PathPlanner.handle_replanning)] [topics: /slam_pose_graph, /clock, /edge_distance, /pose_graph_idx, /rosout]                     covered_vertices: ()
375.800000000 INFO /path_planner [path_planner.py:336(PathPlanner.handle_replanning)] [topics: /slam_pose_graph, /clock, /edge_distance, /pose_graph_idx, /rosout] Handle local replanning...
375.800000000 INFO /path_planner [path_planner.py:389(PathPlanner.handle_local_replanning)] [topics: /slam_pose_graph, /clock, /edge_distance, /pose_graph_idx, /rosout] Local path to replan: [37, 20, 19, 15]
375.800000000 INFO /path_planner [path_planner.py:348(PathPlanner.handle_replanning)] [topics: /slam_pose_graph, /clock, /edge_distance, /pose_graph_idx, /rosout] curr path length: 43, is_loop length: 43
375.800000000 INFO /path_planner [path_planner.py:360(PathPlanner.handle_replanning)] [topics: /slam_pose_graph, /clock, /edge_distance, /pose_graph_idx, /rosout] Send new plan: 8 7 6 5 4 3 9 15 16 10 11 35 37  ---> 20 19 15(L) 19 23 29 30 24 25 31 32 26 27 33 34 28 22 21 38 37(L) 38 36 12 13 14 8(L) 14 18 17 21(L) 
378.400000000 WARN /RVIZ [/tmp/binarydeb/ros-noetic-tf2-0.7.10/src/buffer_core.cpp:277()] [topics: /rosout, /initialpose, /goal, /clicked_point] TF_REPEATED_DATA ignoring data with redundant timestamp for frame odom (parent offset) at time 378.400000 according to authority unknown_publisher
378.400000000 WARN /RVIZ [/tmp/binarydeb/ros-noetic-tf2-0.7.10/src/buffer_core.cpp:277()] [topics: /rosout, /initialpose, /goal, /clicked_point] TF_REPEATED_DATA ignoring data with redundant timestamp for frame offset (parent map) at time 378.400000 according to authority unknown_publisher
379.800000000 INFO /Mapper [/home/wcqw/ac-slam/catkin_ws/src/navigation_2d/nav2d_karto/src/MultiMapper.cpp:401(receiveLaserScan)] [topics: /rosout, /tf, /karto_out, /map, /others, /slam_path, /Mapper/vertices, /Mapper/closure_edges, /Mapper/odom_edges, /Mapper/colored_edges, /localization_result, /slam_pose_graph, /Mapper/loop_closed] PHASE2C_KEYSCAN_ACCEPTED unique_id=214 state_id=214 sim_time=379.700000
379.800000000 INFO /updateDistance [/home/wcqw/ac-slam/catkin_ws/src/cpp_solver/src/updateDistance.cpp:29(occupancyGridCallback)] [topics: /rosout, /edge_distance] Received an OccupancyGrid message!
379.800000000 INFO /updateDistance [/home/wcqw/ac-slam/catkin_ws/src/cpp_solver/src/updateDistance.cpp:30(occupancyGridCallback)] [topics: /rosout, /edge_distance] Width: 599, Height: 710, Size: 425290
379.800000000 INFO /updateDistance [/home/wcqw/ac-slam/catkin_ws/src/cpp_solver/src/updateDistance.cpp:32(occupancyGridCallback)] [topics: /rosout, /edge_distance] Map origin x: -7.738, y: -7.334
379.800000000 INFO /path_planner [path_planner.py:664(PathPlanner.handle_pose_graph)] [topics: /slam_pose_graph, /clock, /edge_distance, /pose_graph_idx, /rosout] Really visited vertices: 8 6 5 3 9 15 
379.800000000 INFO /updateDistance [/home/wcqw/ac-slam/catkin_ws/src/cpp_solver/src/updateDistance.cpp:87(occupancyGridCallback)] [topics: /rosout, /edge_distance] Free vertices size: 19
379.800000000 INFO /updateDistance [/home/wcqw/ac-slam/catkin_ws/src/cpp_solver/src/updateDistance.cpp:128(occupancyGridCallback)] [topics: /rosout, /edge_distance] 157 edge distance updated
379.800000000 INFO /RVIZ [/tmp/binarydeb/ros-noetic-rviz-1.14.26/src/rviz/default_plugin/map_display.cpp:604(MapDisplay::createSwatches)] [topics: /rosout, /initialpose, /goal, /clicked_point] Creating 1 swatches
381.700000000 INFO /updateDistance [/home/wcqw/ac-slam/catkin_ws/src/cpp_solver/src/updateDistance.cpp:29(occupancyGridCallback)] [topics: /rosout, /edge_distance] Received an OccupancyGrid message!
381.700000000 INFO /updateDistance [/home/wcqw/ac-slam/catkin_ws/src/cpp_solver/src/updateDistance.cpp:30(occupancyGridCallback)] [topics: /rosout, /edge_distance] Width: 599, Height: 710, Size: 425290
381.700000000 INFO /updateDistance [/home/wcqw/ac-slam/catkin_ws/src/cpp_solver/src/updateDistance.cpp:32(occupancyGridCallback)] [topics: /rosout, /edge_distance] Map origin x: -7.738, y: -7.334
381.800000000 INFO /updateDistance [/home/wcqw/ac-slam/catkin_ws/src/cpp_solver/src/updateDistance.cpp:87(occupancyGridCallback)] [topics: /rosout, /edge_distance] Free vertices size: 19
381.800000000 INFO /updateDistance [/home/wcqw/ac-slam/catkin_ws/src/cpp_solver/src/updateDistance.cpp:128(occupancyGridCallback)] [topics: /rosout, /edge_distance] 157 edge distance updated
381.800000000 INFO /Navigator [/home/wcqw/ac-slam/catkin_ws/src/cpp_solver/src/MyPlanner.cpp:520(findExplorationTarget)] [topics: /rosout, /cmd, /Navigator/plan, /Navigator/markers, /Navigator/frontiers, /Navigator/frontier_to_vertex, /Navigator/nav_goal, /Navigator/prior_map, /Navigator/visual_tsp_path, /Navigator/tsp_index, /Navigator/path_finder, /Navigator/dist_map, /finished_topic, /request_replan, /Explore/result, /Explore/feedback, /Explore/status, /MoveTo/result, /MoveTo/feedback, /MoveTo/status, /Localize/result, /Localize/feedback, /Localize/status, /GetFirstMap/result, /GetFirstMap/feedback, /GetFirstMap/status] Call local replanning...
381.800000000 INFO /path_planner [path_planner.py:321(PathPlanner.handle_replanning)] [topics: /slam_pose_graph, /clock, /edge_distance, /pose_graph_idx, /rosout] Replanning request. curr_vertex_idx: 12
381.800000000 INFO /path_planner [path_planner.py:322(PathPlanner.handle_replanning)] [topics: /slam_pose_graph, /clock, /edge_distance, /pose_graph_idx, /rosout]                     covered_vertices: ()
381.800000000 INFO /path_planner [path_planner.py:336(PathPlanner.handle_replanning)] [topics: /slam_pose_graph, /clock, /edge_distance, /pose_graph_idx, /rosout] Handle local replanning...
381.800000000 INFO /path_planner [path_planner.py:389(PathPlanner.handle_local_replanning)] [topics: /slam_pose_graph, /clock, /edge_distance, /pose_graph_idx, /rosout] Local path to replan: [37, 20, 19, 15]
381.800000000 INFO /path_planner [path_planner.py:348(PathPlanner.handle_replanning)] [topics: /slam_pose_graph, /clock, /edge_distance, /pose_graph_idx, /rosout] curr path length: 43, is_loop length: 43
381.800000000 INFO /path_planner [path_planner.py:360(PathPlanner.handle_replanning)] [topics: /slam_pose_graph, /clock, /edge_distance, /pose_graph_idx, /rosout] Send new plan: 8 7 6 5 4 3 9 15 16 10 11 35 37  ---> 20 19 15(L) 19 23 29 30 24 25 31 32 26 27 33 34 28 22 21 38 37(L) 38 36 12 13 14 8(L) 14 18 17 21(L) 
381.800000000 INFO /Navigator [/home/wcqw/ac-slam/catkin_ws/src/cpp_solver/src/MyPlanner.cpp:564(findExplorationTarget)] [topics: /rosout, /cmd, /Navigator/plan, /Navigator/markers, /Navigator/frontiers, /Navigator/frontier_to_vertex, /Navigator/nav_goal, /Navigator/prior_map, /Navigator/visual_tsp_path, /Navigator/tsp_index, /Navigator/path_finder, /Navigator/dist_map, /finished_topic, /request_replan, /Explore/result, /Explore/feedback, /Explore/status, /MoveTo/result, /MoveTo/feedback, /MoveTo/status, /Localize/result, /Localize/feedback, /Localize/status, /GetFirstMap/result, /GetFirstMap/feedback, /GetFirstMap/status] Skip currGoal 37 that has no frontier and seen by robot
381.800000000 INFO /Navigator [/home/wcqw/ac-slam/catkin_ws/src/cpp_solver/src/MyPlanner.cpp:318(getUsefulGoalIndex)] [topics: /rosout, /cmd, /Navigator/plan, /Navigator/markers, /Navigator/frontiers, /Navigator/frontier_to_vertex, /Navigator/nav_goal, /Navigator/prior_map, /Navigator/visual_tsp_path, /Navigator/tsp_index, /Navigator/path_finder, /Navigator/dist_map, /finished_topic, /request_replan, /Explore/result, /Explore/feedback, /Explore/status, /MoveTo/result, /MoveTo/feedback, /MoveTo/status, /Localize/result, /Localize/feedback, /Localize/status, /GetFirstMap/result, /GetFirstMap/feedback, /GetFirstMap/status] Set newGoal 20
383.200000000 INFO /Mapper [/home/wcqw/ac-slam/catkin_ws/src/navigation_2d/nav2d_karto/src/MultiMapper.cpp:401(receiveLaserScan)] [topics: /rosout, /tf, /karto_out, /map, /others, /slam_path, /Mapper/vertices, /Mapper/closure_edges, /Mapper/odom_edges, /Mapper/colored_edges, /localization_result, /slam_pose_graph, /Mapper/loop_closed] PHASE2C_KEYSCAN_ACCEPTED unique_id=215 state_id=215 sim_time=383.100000
383.200000000 INFO /updateDistance [/home/wcqw/ac-slam/catkin_ws/src/cpp_solver/src/updateDistance.cpp:29(occupancyGridCallback)] [topics: /rosout, /edge_distance] Received an OccupancyGrid message!
383.200000000 INFO /updateDistance [/home/wcqw/ac-slam/catkin_ws/src/cpp_solver/src/updateDistance.cpp:30(occupancyGridCallback)] [topics: /rosout, /edge_distance] Width: 609, Height: 710, Size: 432390
383.200000000 INFO /updateDistance [/home/wcqw/ac-slam/catkin_ws/src/cpp_solver/src/updateDistance.cpp:32(occupancyGridCallback)] [topics: /rosout, /edge_distance] Map origin x: -7.738, y: -7.334
383.200000000 INFO /path_planner [path_planner.py:664(PathPlanner.handle_pose_graph)] [topics: /slam_pose_graph, /clock, /edge_distance, /pose_graph_idx, /rosout] Really visited vertices: 8 6 5 3 9 15 
383.200000000 INFO /updateDistance [/home/wcqw/ac-slam/catkin_ws/src/cpp_solver/src/updateDistance.cpp:87(occupancyGridCallback)] [topics: /rosout, /edge_distance] Free vertices size: 19
383.200000000 INFO /updateDistance [/home/wcqw/ac-slam/catkin_ws/src/cpp_solver/src/updateDistance.cpp:128(occupancyGridCallback)] [topics: /rosout, /edge_distance] 157 edge distance updated
383.200000000 INFO /RVIZ [/tmp/binarydeb/ros-noetic-rviz-1.14.26/src/rviz/default_plugin/map_display.cpp:604(MapDisplay::createSwatches)] [topics: /rosout, /initialpose, /goal, /clicked_point] Creating 1 swatches
384.600000000 INFO /Mapper [/home/wcqw/ac-slam/catkin_ws/src/navigation_2d/nav2d_karto/src/MultiMapper.cpp:401(receiveLaserScan)] [topics: /rosout, /tf, /karto_out, /map, /others, /slam_path, /Mapper/vertices, /Mapper/closure_edges, /Mapper/odom_edges, /Mapper/colored_edges, /localization_result, /slam_pose_graph, /Mapper/loop_closed] PHASE2C_KEYSCAN_ACCEPTED unique_id=216 state_id=216 sim_time=384.600000
384.600000000 INFO /updateDistance [/home/wcqw/ac-slam/catkin_ws/src/cpp_solver/src/updateDistance.cpp:29(occupancyGridCallback)] [topics: /rosout, /edge_distance] Received an OccupancyGrid message!
384.600000000 INFO /updateDistance [/home/wcqw/ac-slam/catkin_ws/src/cpp_solver/src/updateDistance.cpp:30(occupancyGridCallback)] [topics: /rosout, /edge_distance] Width: 616, Height: 710, Size: 437360
384.600000000 INFO /updateDistance [/home/wcqw/ac-slam/catkin_ws/src/cpp_solver/src/updateDistance.cpp:32(occupancyGridCallback)] [topics: /rosout, /edge_distance] Map origin x: -7.738, y: -7.334
384.600000000 INFO /path_planner [path_planner.py:664(PathPlanner.handle_pose_graph)] [topics: /slam_pose_graph, /clock, /edge_distance, /pose_graph_idx, /rosout] Really visited vertices: 8 6 5 3 9 15 
384.600000000 INFO /updateDistance [/home/wcqw/ac-slam/catkin_ws/src/cpp_solver/src/updateDistance.cpp:87(occupancyGridCallback)] [topics: /rosout, /edge_distance] Free vertices size: 20
384.600000000 INFO /RVIZ [/tmp/binarydeb/ros-noetic-rviz-1.14.26/src/rviz/default_plugin/map_display.cpp:604(MapDisplay::createSwatches)] [topics: /rosout, /initialpose, /goal, /clicked_point] Creating 1 swatches
384.600000000 INFO /updateDistance [/home/wcqw/ac-slam/catkin_ws/src/cpp_solver/src/updateDistance.cpp:128(occupancyGridCallback)] [topics: /rosout, /edge_distance] 173 edge distance updated
385.400000000 WARN /RVIZ [/tmp/binarydeb/ros-noetic-tf2-0.7.10/src/buffer_core.cpp:277()] [topics: /rosout, /initialpose, /goal, /clicked_point] TF_REPEATED_DATA ignoring data with redundant timestamp for frame odom (parent offset) at time 385.400000 according to authority unknown_publisher
385.400000000 WARN /RVIZ [/tmp/binarydeb/ros-noetic-tf2-0.7.10/src/buffer_core.cpp:277()] [topics: /rosout, /initialpose, /goal, /clicked_point] TF_REPEATED_DATA ignoring data with redundant timestamp for frame offset (parent map) at time 385.400000 according to authority unknown_publisher
386.800000000 WARN /RVIZ [/tmp/binarydeb/ros-noetic-tf2-0.7.10/src/buffer_core.cpp:277()] [topics: /rosout, /initialpose, /goal, /clicked_point] TF_REPEATED_DATA ignoring data with redundant timestamp for frame odom (parent offset) at time 386.800000 according to authority unknown_publisher
386.800000000 WARN /RVIZ [/tmp/binarydeb/ros-noetic-tf2-0.7.10/src/buffer_core.cpp:277()] [topics: /rosout, /initialpose, /goal, /clicked_point] TF_REPEATED_DATA ignoring data with redundant timestamp for frame offset (parent map) at time 386.800000 according to authority unknown_publisher
387.400000000 INFO /Mapper [/home/wcqw/ac-slam/catkin_ws/src/navigation_2d/nav2d_karto/src/MultiMapper.cpp:401(receiveLaserScan)] [topics: /rosout, /tf, /karto_out, /map, /others, /slam_path, /Mapper/vertices, /Mapper/closure_edges, /Mapper/odom_edges, /Mapper/colored_edges, /localization_result, /slam_pose_graph, /Mapper/loop_closed] PHASE2C_KEYSCAN_ACCEPTED unique_id=217 state_id=217 sim_time=387.300000
387.400000000 INFO /updateDistance [/home/wcqw/ac-slam/catkin_ws/src/cpp_solver/src/updateDistance.cpp:29(occupancyGridCallback)] [topics: /rosout, /edge_distance] Received an OccupancyGrid message!
387.400000000 INFO /updateDistance [/home/wcqw/ac-slam/catkin_ws/src/cpp_solver/src/updateDistance.cpp:30(occupancyGridCallback)] [topics: /rosout, /edge_distance] Width: 621, Height: 710, Size: 440910
387.400000000 INFO /updateDistance [/home/wcqw/ac-slam/catkin_ws/src/cpp_solver/src/updateDistance.cpp:32(occupancyGridCallback)] [topics: /rosout, /edge_distance] Map origin x: -7.738, y: -7.334
387.400000000 INFO /RVIZ [/tmp/binarydeb/ros-noetic-rviz-1.14.26/src/rviz/default_plugin/map_display.cpp:604(MapDisplay::createSwatches)] [topics: /rosout, /initialpose, /goal, /clicked_point] Creating 1 swatches
387.400000000 INFO /path_planner [path_planner.py:664(PathPlanner.handle_pose_graph)] [topics: /slam_pose_graph, /clock, /edge_distance, /pose_graph_idx, /rosout] Really visited vertices: 8 6 5 3 9 15 
387.400000000 INFO /updateDistance [/home/wcqw/ac-slam/catkin_ws/src/cpp_solver/src/updateDistance.cpp:87(occupancyGridCallback)] [topics: /rosout, /edge_distance] Free vertices size: 20
387.400000000 INFO /updateDistance [/home/wcqw/ac-slam/catkin_ws/src/cpp_solver/src/updateDistance.cpp:128(occupancyGridCallback)] [topics: /rosout, /edge_distance] 173 edge distance updated
387.800000000 INFO /updateDistance [/home/wcqw/ac-slam/catkin_ws/src/cpp_solver/src/updateDistance.cpp:29(occupancyGridCallback)] [topics: /rosout, /edge_distance] Received an OccupancyGrid message!
387.800000000 INFO /updateDistance [/home/wcqw/ac-slam/catkin_ws/src/cpp_solver/src/updateDistance.cpp:30(occupancyGridCallback)] [topics: /rosout, /edge_distance] Width: 621, Height: 710, Size: 440910
387.800000000 INFO /updateDistance [/home/wcqw/ac-slam/catkin_ws/src/cpp_solver/src/updateDistance.cpp:32(occupancyGridCallback)] [topics: /rosout, /edge_distance] Map origin x: -7.738, y: -7.334
387.800000000 INFO /updateDistance [/home/wcqw/ac-slam/catkin_ws/src/cpp_solver/src/updateDistance.cpp:87(occupancyGridCallback)] [topics: /rosout, /edge_distance] Free vertices size: 20
387.800000000 INFO /updateDistance [/home/wcqw/ac-slam/catkin_ws/src/cpp_solver/src/updateDistance.cpp:128(occupancyGridCallback)] [topics: /rosout, /edge_distance] 173 edge distance updated
387.800000000 INFO /Navigator [/home/wcqw/ac-slam/catkin_ws/src/cpp_solver/src/MyPlanner.cpp:520(findExplorationTarget)] [topics: /rosout, /cmd, /Navigator/plan, /Navigator/markers, /Navigator/frontiers, /Navigator/frontier_to_vertex, /Navigator/nav_goal, /Navigator/prior_map, /Navigator/visual_tsp_path, /Navigator/tsp_index, /Navigator/path_finder, /Navigator/dist_map, /finished_topic, /request_replan, /Explore/result, /Explore/feedback, /Explore/status, /MoveTo/result, /MoveTo/feedback, /MoveTo/status, /Localize/result, /Localize/feedback, /Localize/status, /GetFirstMap/result, /GetFirstMap/feedback, /GetFirstMap/status] Call local replanning...
387.800000000 INFO /path_planner [path_planner.py:321(PathPlanner.handle_replanning)] [topics: /slam_pose_graph, /clock, /edge_distance, /pose_graph_idx, /rosout] Replanning request. curr_vertex_idx: 13
387.800000000 INFO /path_planner [path_planner.py:322(PathPlanner.handle_replanning)] [topics: /slam_pose_graph, /clock, /edge_distance, /pose_graph_idx, /rosout]                     covered_vertices: ()
387.800000000 INFO /path_planner [path_planner.py:336(PathPlanner.handle_replanning)] [topics: /slam_pose_graph, /clock, /edge_distance, /pose_graph_idx, /rosout] Handle local replanning...
387.800000000 INFO /path_planner [path_planner.py:389(PathPlanner.handle_local_replanning)] [topics: /slam_pose_graph, /clock, /edge_distance, /pose_graph_idx, /rosout] Local path to replan: [20, 19, 15]
387.800000000 INFO /path_planner [path_planner.py:348(PathPlanner.handle_replanning)] [topics: /slam_pose_graph, /clock, /edge_distance, /pose_graph_idx, /rosout] curr path length: 43, is_loop length: 43
387.800000000 INFO /path_planner [path_planner.py:360(PathPlanner.handle_replanning)] [topics: /slam_pose_graph, /clock, /edge_distance, /pose_graph_idx, /rosout] Send new plan: 8 7 6 5 4 3 9 15 16 10 11 35 37 20  ---> 19 15(L) 19 23 29 30 24 25 31 32 26 27 33 34 28 22 21 38 37(L) 38 36 12 13 14 8(L) 14 18 17 21(L) 
388.000000000 WARN /RVIZ [/tmp/binarydeb/ros-noetic-tf2-0.7.10/src/buffer_core.cpp:277()] [topics: /rosout, /initialpose, /goal, /clicked_point] TF_REPEATED_DATA ignoring data with redundant timestamp for frame odom (parent offset) at time 388.000000 according to authority unknown_publisher
388.000000000 WARN /RVIZ [/tmp/binarydeb/ros-noetic-tf2-0.7.10/src/buffer_core.cpp:277()] [topics: /rosout, /initialpose, /goal, /clicked_point] TF_REPEATED_DATA ignoring data with redundant timestamp for frame offset (parent map) at time 388.000000 according to authority unknown_publisher
388.600000000 WARN /RVIZ [/tmp/binarydeb/ros-noetic-tf2-0.7.10/src/buffer_core.cpp:277()] [topics: /rosout, /initialpose, /goal, /clicked_point] TF_REPEATED_DATA ignoring data with redundant timestamp for frame odom (parent offset) at time 388.600000 according to authority unknown_publisher
388.600000000 WARN /RVIZ [/tmp/binarydeb/ros-noetic-tf2-0.7.10/src/buffer_core.cpp:277()] [topics: /rosout, /initialpose, /goal, /clicked_point] TF_REPEATED_DATA ignoring data with redundant timestamp for frame offset (parent map) at time 388.600000 according to authority unknown_publisher
390.000000000 WARN /RVIZ [/tmp/binarydeb/ros-noetic-tf2-0.7.10/src/buffer_core.cpp:277()] [topics: /rosout, /initialpose, /goal, /clicked_point] TF_REPEATED_DATA ignoring data with redundant timestamp for frame odom (parent offset) at time 390.000000 according to authority unknown_publisher
390.000000000 WARN /RVIZ [/tmp/binarydeb/ros-noetic-tf2-0.7.10/src/buffer_core.cpp:277()] [topics: /rosout, /initialpose, /goal, /clicked_point] TF_REPEATED_DATA ignoring data with redundant timestamp for frame offset (parent map) at time 390.000000 according to authority unknown_publisher
392.000000000 INFO /Mapper [/home/wcqw/ac-slam/catkin_ws/src/navigation_2d/nav2d_karto/src/MultiMapper.cpp:401(receiveLaserScan)] [topics: /rosout, /tf, /karto_out, /map, /others, /slam_path, /Mapper/vertices, /Mapper/closure_edges, /Mapper/odom_edges, /Mapper/colored_edges, /localization_result, /slam_pose_graph, /Mapper/loop_closed] PHASE2C_KEYSCAN_ACCEPTED unique_id=218 state_id=218 sim_time=391.900000
392.000000000 INFO /updateDistance [/home/wcqw/ac-slam/catkin_ws/src/cpp_solver/src/updateDistance.cpp:29(occupancyGridCallback)] [topics: /rosout, /edge_distance] Received an OccupancyGrid message!
392.000000000 INFO /updateDistance [/home/wcqw/ac-slam/catkin_ws/src/cpp_solver/src/updateDistance.cpp:30(occupancyGridCallback)] [topics: /rosout, /edge_distance] Width: 628, Height: 710, Size: 445880
392.000000000 INFO /updateDistance [/home/wcqw/ac-slam/catkin_ws/src/cpp_solver/src/updateDistance.cpp:32(occupancyGridCallback)] [topics: /rosout, /edge_distance] Map origin x: -7.738, y: -7.334
392.000000000 INFO /path_planner [path_planner.py:664(PathPlanner.handle_pose_graph)] [topics: /slam_pose_graph, /clock, /edge_distance, /pose_graph_idx, /rosout] Really visited vertices: 8 6 5 3 9 15 
392.000000000 INFO /updateDistance [/home/wcqw/ac-slam/catkin_ws/src/cpp_solver/src/updateDistance.cpp:87(occupancyGridCallback)] [topics: /rosout, /edge_distance] Free vertices size: 20
392.000000000 INFO /updateDistance [/home/wcqw/ac-slam/catkin_ws/src/cpp_solver/src/updateDistance.cpp:128(occupancyGridCallback)] [topics: /rosout, /edge_distance] 173 edge distance updated
392.000000000 INFO /RVIZ [/tmp/binarydeb/ros-noetic-rviz-1.14.26/src/rviz/default_plugin/map_display.cpp:604(MapDisplay::createSwatches)] [topics: /rosout, /initialpose, /goal, /clicked_point] Creating 1 swatches
393.700000000 INFO /updateDistance [/home/wcqw/ac-slam/catkin_ws/src/cpp_solver/src/updateDistance.cpp:29(occupancyGridCallback)] [topics: /rosout, /edge_distance] Received an OccupancyGrid message!
393.700000000 INFO /updateDistance [/home/wcqw/ac-slam/catkin_ws/src/cpp_solver/src/updateDistance.cpp:30(occupancyGridCallback)] [topics: /rosout, /edge_distance] Width: 628, Height: 710, Size: 445880
393.700000000 INFO /updateDistance [/home/wcqw/ac-slam/catkin_ws/src/cpp_solver/src/updateDistance.cpp:32(occupancyGridCallback)] [topics: /rosout, /edge_distance] Map origin x: -7.738, y: -7.334
393.800000000 INFO /updateDistance [/home/wcqw/ac-slam/catkin_ws/src/cpp_solver/src/updateDistance.cpp:87(occupancyGridCallback)] [topics: /rosout, /edge_distance] Free vertices size: 20
393.800000000 INFO /updateDistance [/home/wcqw/ac-slam/catkin_ws/src/cpp_solver/src/updateDistance.cpp:128(occupancyGridCallback)] [topics: /rosout, /edge_distance] 173 edge distance updated
393.800000000 INFO /Navigator [/home/wcqw/ac-slam/catkin_ws/src/cpp_solver/src/MyPlanner.cpp:520(findExplorationTarget)] [topics: /rosout, /cmd, /Navigator/plan, /Navigator/markers, /Navigator/frontiers, /Navigator/frontier_to_vertex, /Navigator/nav_goal, /Navigator/prior_map, /Navigator/visual_tsp_path, /Navigator/tsp_index, /Navigator/path_finder, /Navigator/dist_map, /finished_topic, /request_replan, /Explore/result, /Explore/feedback, /Explore/status, /MoveTo/result, /MoveTo/feedback, /MoveTo/status, /Localize/result, /Localize/feedback, /Localize/status, /GetFirstMap/result, /GetFirstMap/feedback, /GetFirstMap/status] Call local replanning...
393.800000000 INFO /path_planner [path_planner.py:321(PathPlanner.handle_replanning)] [topics: /slam_pose_graph, /clock, /edge_distance, /pose_graph_idx, /rosout] Replanning request. curr_vertex_idx: 13
393.800000000 INFO /path_planner [path_planner.py:322(PathPlanner.handle_replanning)] [topics: /slam_pose_graph, /clock, /edge_distance, /pose_graph_idx, /rosout]                     covered_vertices: ()
393.800000000 INFO /path_planner [path_planner.py:336(PathPlanner.handle_replanning)] [topics: /slam_pose_graph, /clock, /edge_distance, /pose_graph_idx, /rosout] Handle local replanning...
393.800000000 INFO /path_planner [path_planner.py:389(PathPlanner.handle_local_replanning)] [topics: /slam_pose_graph, /clock, /edge_distance, /pose_graph_idx, /rosout] Local path to replan: [20, 19, 15]
393.800000000 INFO /path_planner [path_planner.py:348(PathPlanner.handle_replanning)] [topics: /slam_pose_graph, /clock, /edge_distance, /pose_graph_idx, /rosout] curr path length: 43, is_loop length: 43
393.800000000 INFO /path_planner [path_planner.py:360(PathPlanner.handle_replanning)] [topics: /slam_pose_graph, /clock, /edge_distance, /pose_graph_idx, /rosout] Send new plan: 8 7 6 5 4 3 9 15 16 10 11 35 37 20  ---> 19 15(L) 19 23 29 30 24 25 31 32 26 27 33 34 28 22 21 38 37(L) 38 36 12 13 14 8(L) 14 18 17 21(L) 
394.000000000 WARN /RVIZ [/tmp/binarydeb/ros-noetic-tf2-0.7.10/src/buffer_core.cpp:277()] [topics: /rosout, /initialpose, /goal, /clicked_point] TF_REPEATED_DATA ignoring data with redundant timestamp for frame odom (parent offset) at time 394.000000 according to authority unknown_publisher
394.000000000 WARN /RVIZ [/tmp/binarydeb/ros-noetic-tf2-0.7.10/src/buffer_core.cpp:277()] [topics: /rosout, /initialpose, /goal, /clicked_point] TF_REPEATED_DATA ignoring data with redundant timestamp for frame offset (parent map) at time 394.000000 according to authority unknown_publisher
396.200000000 INFO /Mapper [/home/wcqw/ac-slam/catkin_ws/src/navigation_2d/nav2d_karto/src/MultiMapper.cpp:401(receiveLaserScan)] [topics: /rosout, /tf, /karto_out, /map, /others, /slam_path, /Mapper/vertices, /Mapper/closure_edges, /Mapper/odom_edges, /Mapper/colored_edges, /localization_result, /slam_pose_graph, /Mapper/loop_closed] PHASE2C_KEYSCAN_ACCEPTED unique_id=219 state_id=219 sim_time=396.100000
396.200000000 INFO /updateDistance [/home/wcqw/ac-slam/catkin_ws/src/cpp_solver/src/updateDistance.cpp:29(occupancyGridCallback)] [topics: /rosout, /edge_distance] Received an OccupancyGrid message!
396.200000000 INFO /updateDistance [/home/wcqw/ac-slam/catkin_ws/src/cpp_solver/src/updateDistance.cpp:30(occupancyGridCallback)] [topics: /rosout, /edge_distance] Width: 635, Height: 710, Size: 450850
396.200000000 INFO /updateDistance [/home/wcqw/ac-slam/catkin_ws/src/cpp_solver/src/updateDistance.cpp:32(occupancyGridCallback)] [topics: /rosout, /edge_distance] Map origin x: -7.738, y: -7.334
396.200000000 INFO /path_planner [path_planner.py:664(PathPlanner.handle_pose_graph)] [topics: /slam_pose_graph, /clock, /edge_distance, /pose_graph_idx, /rosout] Really visited vertices: 8 6 5 3 9 15 
396.200000000 INFO /updateDistance [/home/wcqw/ac-slam/catkin_ws/src/cpp_solver/src/updateDistance.cpp:87(occupancyGridCallback)] [topics: /rosout, /edge_distance] Free vertices size: 20
396.200000000 INFO /updateDistance [/home/wcqw/ac-slam/catkin_ws/src/cpp_solver/src/updateDistance.cpp:128(occupancyGridCallback)] [topics: /rosout, /edge_distance] 173 edge distance updated
396.200000000 INFO /RVIZ [/tmp/binarydeb/ros-noetic-rviz-1.14.26/src/rviz/default_plugin/map_display.cpp:604(MapDisplay::createSwatches)] [topics: /rosout, /initialpose, /goal, /clicked_point] Creating 1 swatches
396.400000000 WARN /RVIZ [/tmp/binarydeb/ros-noetic-tf2-0.7.10/src/buffer_core.cpp:277()] [topics: /rosout, /initialpose, /goal, /clicked_point] TF_REPEATED_DATA ignoring data with redundant timestamp for frame odom (parent offset) at time 396.400000 according to authority unknown_publisher
396.400000000 WARN /RVIZ [/tmp/binarydeb/ros-noetic-tf2-0.7.10/src/buffer_core.cpp:277()] [topics: /rosout, /initialpose, /goal, /clicked_point] TF_REPEATED_DATA ignoring data with redundant timestamp for frame offset (parent map) at time 396.400000 according to authority unknown_publisher
398.200000000 WARN /RVIZ [/tmp/binarydeb/ros-noetic-tf2-0.7.10/src/buffer_core.cpp:277()] [topics: /rosout, /initialpose, /goal, /clicked_point] TF_REPEATED_DATA ignoring data with redundant timestamp for frame odom (parent offset) at time 398.200000 according to authority unknown_publisher
398.200000000 WARN /RVIZ [/tmp/binarydeb/ros-noetic-tf2-0.7.10/src/buffer_core.cpp:277()] [topics: /rosout, /initialpose, /goal, /clicked_point] TF_REPEATED_DATA ignoring data with redundant timestamp for frame offset (parent map) at time 398.200000 according to authority unknown_publisher
399.400000000 WARN /RVIZ [/tmp/binarydeb/ros-noetic-tf2-0.7.10/src/buffer_core.cpp:277()] [topics: /rosout, /initialpose, /goal, /clicked_point] TF_REPEATED_DATA ignoring data with redundant timestamp for frame odom (parent offset) at time 399.400000 according to authority unknown_publisher
399.400000000 WARN /RVIZ [/tmp/binarydeb/ros-noetic-tf2-0.7.10/src/buffer_core.cpp:277()] [topics: /rosout, /initialpose, /goal, /clicked_point] TF_REPEATED_DATA ignoring data with redundant timestamp for frame offset (parent map) at time 399.400000 according to authority unknown_publisher
399.700000000 INFO /updateDistance [/home/wcqw/ac-slam/catkin_ws/src/cpp_solver/src/updateDistance.cpp:29(occupancyGridCallback)] [topics: /rosout, /edge_distance] Received an OccupancyGrid message!
399.700000000 INFO /updateDistance [/home/wcqw/ac-slam/catkin_ws/src/cpp_solver/src/updateDistance.cpp:30(occupancyGridCallback)] [topics: /rosout, /edge_distance] Width: 635, Height: 710, Size: 450850
399.700000000 INFO /updateDistance [/home/wcqw/ac-slam/catkin_ws/src/cpp_solver/src/updateDistance.cpp:32(occupancyGridCallback)] [topics: /rosout, /edge_distance] Map origin x: -7.738, y: -7.334
399.800000000 INFO /updateDistance [/home/wcqw/ac-slam/catkin_ws/src/cpp_solver/src/updateDistance.cpp:87(occupancyGridCallback)] [topics: /rosout, /edge_distance] Free vertices size: 20
399.800000000 INFO /updateDistance [/home/wcqw/ac-slam/catkin_ws/src/cpp_solver/src/updateDistance.cpp:128(occupancyGridCallback)] [topics: /rosout, /edge_distance] 173 edge distance updated
399.800000000 INFO /Navigator [/home/wcqw/ac-slam/catkin_ws/src/cpp_solver/src/MyPlanner.cpp:520(findExplorationTarget)] [topics: /rosout, /cmd, /Navigator/plan, /Navigator/markers, /Navigator/frontiers, /Navigator/frontier_to_vertex, /Navigator/nav_goal, /Navigator/prior_map, /Navigator/visual_tsp_path, /Navigator/tsp_index, /Navigator/path_finder, /Navigator/dist_map, /finished_topic, /request_replan, /Explore/result, /Explore/feedback, /Explore/status, /MoveTo/result, /MoveTo/feedback, /MoveTo/status, /Localize/result, /Localize/feedback, /Localize/status, /GetFirstMap/result, /GetFirstMap/feedback, /GetFirstMap/status] Call local replanning...
399.800000000 INFO /path_planner [path_planner.py:321(PathPlanner.handle_replanning)] [topics: /slam_pose_graph, /clock, /edge_distance, /pose_graph_idx, /rosout] Replanning request. curr_vertex_idx: 13
399.800000000 INFO /path_planner [path_planner.py:322(PathPlanner.handle_replanning)] [topics: /slam_pose_graph, /clock, /edge_distance, /pose_graph_idx, /rosout]                     covered_vertices: ()
399.800000000 INFO /path_planner [path_planner.py:336(PathPlanner.handle_replanning)] [topics: /slam_pose_graph, /clock, /edge_distance, /pose_graph_idx, /rosout] Handle local replanning...
399.800000000 INFO /path_planner [path_planner.py:389(PathPlanner.handle_local_replanning)] [topics: /slam_pose_graph, /clock, /edge_distance, /pose_graph_idx, /rosout] Local path to replan: [20, 19, 15]
399.800000000 INFO /path_planner [path_planner.py:348(PathPlanner.handle_replanning)] [topics: /slam_pose_graph, /clock, /edge_distance, /pose_graph_idx, /rosout] curr path length: 43, is_loop length: 43
399.800000000 INFO /path_planner [path_planner.py:360(PathPlanner.handle_replanning)] [topics: /slam_pose_graph, /clock, /edge_distance, /pose_graph_idx, /rosout] Send new plan: 8 7 6 5 4 3 9 15 16 10 11 35 37 20  ---> 19 15(L) 19 23 29 30 24 25 31 32 26 27 33 34 28 22 21 38 37(L) 38 36 12 13 14 8(L) 14 18 17 21(L) 
400.000000000 WARN /RVIZ [/tmp/binarydeb/ros-noetic-tf2-0.7.10/src/buffer_core.cpp:277()] [topics: /rosout, /initialpose, /goal, /clicked_point] TF_REPEATED_DATA ignoring data with redundant timestamp for frame odom (parent offset) at time 400.000000 according to authority unknown_publisher
400.000000000 WARN /RVIZ [/tmp/binarydeb/ros-noetic-tf2-0.7.10/src/buffer_core.cpp:277()] [topics: /rosout, /initialpose, /goal, /clicked_point] TF_REPEATED_DATA ignoring data with redundant timestamp for frame offset (parent map) at time 400.000000 according to authority unknown_publisher
400.600000000 INFO /Mapper [/home/wcqw/ac-slam/catkin_ws/src/navigation_2d/nav2d_karto/src/MultiMapper.cpp:401(receiveLaserScan)] [topics: /rosout, /tf, /karto_out, /map, /others, /slam_path, /Mapper/vertices, /Mapper/closure_edges, /Mapper/odom_edges, /Mapper/colored_edges, /localization_result, /slam_pose_graph, /Mapper/loop_closed] PHASE2C_KEYSCAN_ACCEPTED unique_id=220 state_id=220 sim_time=400.600000
402.200000000 WARN /RVIZ [/tmp/binarydeb/ros-noetic-tf2-0.7.10/src/buffer_core.cpp:277()] [topics: /rosout, /initialpose, /goal, /clicked_point] TF_REPEATED_DATA ignoring data with redundant timestamp for frame odom (parent offset) at time 402.200000 according to authority unknown_publisher
402.200000000 WARN /RVIZ [/tmp/binarydeb/ros-noetic-tf2-0.7.10/src/buffer_core.cpp:277()] [topics: /rosout, /initialpose, /goal, /clicked_point] TF_REPEATED_DATA ignoring data with redundant timestamp for frame offset (parent map) at time 402.200000 according to authority unknown_publisher
402.400000000 WARN /RVIZ [/tmp/binarydeb/ros-noetic-tf2-0.7.10/src/buffer_core.cpp:277()] [topics: /rosout, /initialpose, /goal, /clicked_point] TF_REPEATED_DATA ignoring data with redundant timestamp for frame odom (parent offset) at time 402.400000 according to authority unknown_publisher
402.400000000 WARN /RVIZ [/tmp/binarydeb/ros-noetic-tf2-0.7.10/src/buffer_core.cpp:277()] [topics: /rosout, /initialpose, /goal, /clicked_point] TF_REPEATED_DATA ignoring data with redundant timestamp for frame offset (parent map) at time 402.400000 according to authority unknown_publisher
405.000000000 INFO /Mapper [/home/wcqw/ac-slam/catkin_ws/src/navigation_2d/nav2d_karto/src/MultiMapper.cpp:401(receiveLaserScan)] [topics: /rosout, /tf, /karto_out, /map, /others, /slam_path, /Mapper/vertices, /Mapper/closure_edges, /Mapper/odom_edges, /Mapper/colored_edges, /localization_result, /slam_pose_graph, /Mapper/loop_closed] PHASE2C_KEYSCAN_ACCEPTED unique_id=221 state_id=221 sim_time=405.000000
405.000000000 INFO /updateDistance [/home/wcqw/ac-slam/catkin_ws/src/cpp_solver/src/updateDistance.cpp:29(occupancyGridCallback)] [topics: /rosout, /edge_distance] Received an OccupancyGrid message!
405.000000000 INFO /updateDistance [/home/wcqw/ac-slam/catkin_ws/src/cpp_solver/src/updateDistance.cpp:30(occupancyGridCallback)] [topics: /rosout, /edge_distance] Width: 648, Height: 710, Size: 460080
405.000000000 INFO /updateDistance [/home/wcqw/ac-slam/catkin_ws/src/cpp_solver/src/updateDistance.cpp:32(occupancyGridCallback)] [topics: /rosout, /edge_distance] Map origin x: -7.738, y: -7.334
405.000000000 INFO /path_planner [path_planner.py:664(PathPlanner.handle_pose_graph)] [topics: /slam_pose_graph, /clock, /edge_distance, /pose_graph_idx, /rosout] Really visited vertices: 8 6 5 3 9 15 
405.000000000 INFO /updateDistance [/home/wcqw/ac-slam/catkin_ws/src/cpp_solver/src/updateDistance.cpp:87(occupancyGridCallback)] [topics: /rosout, /edge_distance] Free vertices size: 20
405.000000000 INFO /updateDistance [/home/wcqw/ac-slam/catkin_ws/src/cpp_solver/src/updateDistance.cpp:128(occupancyGridCallback)] [topics: /rosout, /edge_distance] 173 edge distance updated
405.000000000 INFO /RVIZ [/tmp/binarydeb/ros-noetic-rviz-1.14.26/src/rviz/default_plugin/map_display.cpp:604(MapDisplay::createSwatches)] [topics: /rosout, /initialpose, /goal, /clicked_point] Creating 1 swatches
405.400000000 WARN /RVIZ [/tmp/binarydeb/ros-noetic-tf2-0.7.10/src/buffer_core.cpp:277()] [topics: /rosout, /initialpose, /goal, /clicked_point] TF_REPEATED_DATA ignoring data with redundant timestamp for frame odom (parent offset) at time 405.400000 according to authority unknown_publisher
405.400000000 WARN /RVIZ [/tmp/binarydeb/ros-noetic-tf2-0.7.10/src/buffer_core.cpp:277()] [topics: /rosout, /initialpose, /goal, /clicked_point] TF_REPEATED_DATA ignoring data with redundant timestamp for frame offset (parent map) at time 405.400000 according to authority unknown_publisher
405.800000000 INFO /updateDistance [/home/wcqw/ac-slam/catkin_ws/src/cpp_solver/src/updateDistance.cpp:29(occupancyGridCallback)] [topics: /rosout, /edge_distance] Received an OccupancyGrid message!
405.800000000 INFO /updateDistance [/home/wcqw/ac-slam/catkin_ws/src/cpp_solver/src/updateDistance.cpp:30(occupancyGridCallback)] [topics: /rosout, /edge_distance] Width: 648, Height: 710, Size: 460080
405.800000000 INFO /updateDistance [/home/wcqw/ac-slam/catkin_ws/src/cpp_solver/src/updateDistance.cpp:32(occupancyGridCallback)] [topics: /rosout, /edge_distance] Map origin x: -7.738, y: -7.334
405.800000000 INFO /updateDistance [/home/wcqw/ac-slam/catkin_ws/src/cpp_solver/src/updateDistance.cpp:87(occupancyGridCallback)] [topics: /rosout, /edge_distance] Free vertices size: 20
405.800000000 INFO /updateDistance [/home/wcqw/ac-slam/catkin_ws/src/cpp_solver/src/updateDistance.cpp:128(occupancyGridCallback)] [topics: /rosout, /edge_distance] 173 edge distance updated
405.800000000 INFO /Navigator [/home/wcqw/ac-slam/catkin_ws/src/cpp_solver/src/MyPlanner.cpp:520(findExplorationTarget)] [topics: /rosout, /cmd, /Navigator/plan, /Navigator/markers, /Navigator/frontiers, /Navigator/frontier_to_vertex, /Navigator/nav_goal, /Navigator/prior_map, /Navigator/visual_tsp_path, /Navigator/tsp_index, /Navigator/path_finder, /Navigator/dist_map, /finished_topic, /request_replan, /Explore/result, /Explore/feedback, /Explore/status, /MoveTo/result, /MoveTo/feedback, /MoveTo/status, /Localize/result, /Localize/feedback, /Localize/status, /GetFirstMap/result, /GetFirstMap/feedback, /GetFirstMap/status] Call local replanning...
405.800000000 INFO /path_planner [path_planner.py:321(PathPlanner.handle_replanning)] [topics: /slam_pose_graph, /clock, /edge_distance, /pose_graph_idx, /rosout] Replanning request. curr_vertex_idx: 13
405.800000000 INFO /path_planner [path_planner.py:322(PathPlanner.handle_replanning)] [topics: /slam_pose_graph, /clock, /edge_distance, /pose_graph_idx, /rosout]                     covered_vertices: ()
405.800000000 INFO /path_planner [path_planner.py:336(PathPlanner.handle_replanning)] [topics: /slam_pose_graph, /clock, /edge_distance, /pose_graph_idx, /rosout] Handle local replanning...
405.800000000 INFO /path_planner [path_planner.py:389(PathPlanner.handle_local_replanning)] [topics: /slam_pose_graph, /clock, /edge_distance, /pose_graph_idx, /rosout] Local path to replan: [20, 19, 15]
405.800000000 INFO /path_planner [path_planner.py:348(PathPlanner.handle_replanning)] [topics: /slam_pose_graph, /clock, /edge_distance, /pose_graph_idx, /rosout] curr path length: 43, is_loop length: 43
405.800000000 INFO /path_planner [path_planner.py:360(PathPlanner.handle_replanning)] [topics: /slam_pose_graph, /clock, /edge_distance, /pose_graph_idx, /rosout] Send new plan: 8 7 6 5 4 3 9 15 16 10 11 35 37 20  ---> 19 15(L) 19 23 29 30 24 25 31 32 26 27 33 34 28 22 21 38 37(L) 38 36 12 13 14 8(L) 14 18 17 21(L) 
409.600000000 INFO /Mapper [/home/wcqw/ac-slam/catkin_ws/src/navigation_2d/nav2d_karto/src/MultiMapper.cpp:401(receiveLaserScan)] [topics: /rosout, /tf, /karto_out, /map, /others, /slam_path, /Mapper/vertices, /Mapper/closure_edges, /Mapper/odom_edges, /Mapper/colored_edges, /localization_result, /slam_pose_graph, /Mapper/loop_closed] PHASE2C_KEYSCAN_ACCEPTED unique_id=222 state_id=222 sim_time=409.600000
409.600000000 INFO /updateDistance [/home/wcqw/ac-slam/catkin_ws/src/cpp_solver/src/updateDistance.cpp:29(occupancyGridCallback)] [topics: /rosout, /edge_distance] Received an OccupancyGrid message!
409.600000000 INFO /updateDistance [/home/wcqw/ac-slam/catkin_ws/src/cpp_solver/src/updateDistance.cpp:30(occupancyGridCallback)] [topics: /rosout, /edge_distance] Width: 652, Height: 710, Size: 462920
409.600000000 INFO /updateDistance [/home/wcqw/ac-slam/catkin_ws/src/cpp_solver/src/updateDistance.cpp:32(occupancyGridCallback)] [topics: /rosout, /edge_distance] Map origin x: -7.738, y: -7.334
409.600000000 INFO /path_planner [path_planner.py:664(PathPlanner.handle_pose_graph)] [topics: /slam_pose_graph, /clock, /edge_distance, /pose_graph_idx, /rosout] Really visited vertices: 8 6 5 3 9 15 
409.600000000 INFO /updateDistance [/home/wcqw/ac-slam/catkin_ws/src/cpp_solver/src/updateDistance.cpp:87(occupancyGridCallback)] [topics: /rosout, /edge_distance] Free vertices size: 20
409.600000000 INFO /updateDistance [/home/wcqw/ac-slam/catkin_ws/src/cpp_solver/src/updateDistance.cpp:128(occupancyGridCallback)] [topics: /rosout, /edge_distance] 173 edge distance updated
409.600000000 INFO /RVIZ [/tmp/binarydeb/ros-noetic-rviz-1.14.26/src/rviz/default_plugin/map_display.cpp:604(MapDisplay::createSwatches)] [topics: /rosout, /initialpose, /goal, /clicked_point] Creating 1 swatches
410.200000000 WARN /RVIZ [/tmp/binarydeb/ros-noetic-tf2-0.7.10/src/buffer_core.cpp:277()] [topics: /rosout, /initialpose, /goal, /clicked_point] TF_REPEATED_DATA ignoring data with redundant timestamp for frame odom (parent offset) at time 410.200000 according to authority unknown_publisher
410.200000000 WARN /RVIZ [/tmp/binarydeb/ros-noetic-tf2-0.7.10/src/buffer_core.cpp:277()] [topics: /rosout, /initialpose, /goal, /clicked_point] TF_REPEATED_DATA ignoring data with redundant timestamp for frame offset (parent map) at time 410.200000 according to authority unknown_publisher
410.800000000 WARN /RVIZ [/tmp/binarydeb/ros-noetic-tf2-0.7.10/src/buffer_core.cpp:277()] [topics: /rosout, /initialpose, /goal, /clicked_point] TF_REPEATED_DATA ignoring data with redundant timestamp for frame odom (parent offset) at time 410.800000 according to authority unknown_publisher
410.800000000 WARN /RVIZ [/tmp/binarydeb/ros-noetic-tf2-0.7.10/src/buffer_core.cpp:277()] [topics: /rosout, /initialpose, /goal, /clicked_point] TF_REPEATED_DATA ignoring data with redundant timestamp for frame offset (parent map) at time 410.800000 according to authority unknown_publisher
411.800000000 INFO /updateDistance [/home/wcqw/ac-slam/catkin_ws/src/cpp_solver/src/updateDistance.cpp:29(occupancyGridCallback)] [topics: /rosout, /edge_distance] Received an OccupancyGrid message!
411.800000000 INFO /updateDistance [/home/wcqw/ac-slam/catkin_ws/src/cpp_solver/src/updateDistance.cpp:30(occupancyGridCallback)] [topics: /rosout, /edge_distance] Width: 652, Height: 710, Size: 462920
411.800000000 INFO /updateDistance [/home/wcqw/ac-slam/catkin_ws/src/cpp_solver/src/updateDistance.cpp:32(occupancyGridCallback)] [topics: /rosout, /edge_distance] Map origin x: -7.738, y: -7.334
411.800000000 INFO /updateDistance [/home/wcqw/ac-slam/catkin_ws/src/cpp_solver/src/updateDistance.cpp:87(occupancyGridCallback)] [topics: /rosout, /edge_distance] Free vertices size: 20
411.800000000 INFO /updateDistance [/home/wcqw/ac-slam/catkin_ws/src/cpp_solver/src/updateDistance.cpp:128(occupancyGridCallback)] [topics: /rosout, /edge_distance] 173 edge distance updated
411.800000000 INFO /Navigator [/home/wcqw/ac-slam/catkin_ws/src/cpp_solver/src/MyPlanner.cpp:520(findExplorationTarget)] [topics: /rosout, /cmd, /Navigator/plan, /Navigator/markers, /Navigator/frontiers, /Navigator/frontier_to_vertex, /Navigator/nav_goal, /Navigator/prior_map, /Navigator/visual_tsp_path, /Navigator/tsp_index, /Navigator/path_finder, /Navigator/dist_map, /finished_topic, /request_replan, /Explore/result, /Explore/feedback, /Explore/status, /MoveTo/result, /MoveTo/feedback, /MoveTo/status, /Localize/result, /Localize/feedback, /Localize/status, /GetFirstMap/result, /GetFirstMap/feedback, /GetFirstMap/status] Call local replanning...
411.800000000 INFO /path_planner [path_planner.py:321(PathPlanner.handle_replanning)] [topics: /slam_pose_graph, /clock, /edge_distance, /pose_graph_idx, /rosout] Replanning request. curr_vertex_idx: 13
411.800000000 INFO /path_planner [path_planner.py:322(PathPlanner.handle_replanning)] [topics: /slam_pose_graph, /clock, /edge_distance, /pose_graph_idx, /rosout]                     covered_vertices: ()
411.800000000 INFO /path_planner [path_planner.py:336(PathPlanner.handle_replanning)] [topics: /slam_pose_graph, /clock, /edge_distance, /pose_graph_idx, /rosout] Handle local replanning...
411.800000000 INFO /path_planner [path_planner.py:389(PathPlanner.handle_local_replanning)] [topics: /slam_pose_graph, /clock, /edge_distance, /pose_graph_idx, /rosout] Local path to replan: [20, 19, 15]
411.800000000 INFO /path_planner [path_planner.py:348(PathPlanner.handle_replanning)] [topics: /slam_pose_graph, /clock, /edge_distance, /pose_graph_idx, /rosout] curr path length: 43, is_loop length: 43
411.800000000 INFO /path_planner [path_planner.py:360(PathPlanner.handle_replanning)] [topics: /slam_pose_graph, /clock, /edge_distance, /pose_graph_idx, /rosout] Send new plan: 8 7 6 5 4 3 9 15 16 10 11 35 37 20  ---> 19 15(L) 19 23 29 30 24 25 31 32 26 27 33 34 28 22 21 38 37(L) 38 36 12 13 14 8(L) 14 18 17 21(L) 
414.000000000 INFO /Mapper [/home/wcqw/ac-slam/catkin_ws/src/navigation_2d/nav2d_karto/src/MultiMapper.cpp:401(receiveLaserScan)] [topics: /rosout, /tf, /karto_out, /map, /others, /slam_path, /Mapper/vertices, /Mapper/closure_edges, /Mapper/odom_edges, /Mapper/colored_edges, /localization_result, /slam_pose_graph, /Mapper/loop_closed] PHASE2C_KEYSCAN_ACCEPTED unique_id=223 state_id=223 sim_time=413.900000
414.000000000 INFO /updateDistance [/home/wcqw/ac-slam/catkin_ws/src/cpp_solver/src/updateDistance.cpp:29(occupancyGridCallback)] [topics: /rosout, /edge_distance] Received an OccupancyGrid message!
414.000000000 INFO /updateDistance [/home/wcqw/ac-slam/catkin_ws/src/cpp_solver/src/updateDistance.cpp:30(occupancyGridCallback)] [topics: /rosout, /edge_distance] Width: 652, Height: 710, Size: 462920
414.000000000 INFO /updateDistance [/home/wcqw/ac-slam/catkin_ws/src/cpp_solver/src/updateDistance.cpp:32(occupancyGridCallback)] [topics: /rosout, /edge_distance] Map origin x: -7.738, y: -7.334
414.000000000 INFO /path_planner [path_planner.py:664(PathPlanner.handle_pose_graph)] [topics: /slam_pose_graph, /clock, /edge_distance, /pose_graph_idx, /rosout] Really visited vertices: 8 6 5 3 9 15 
414.000000000 INFO /updateDistance [/home/wcqw/ac-slam/catkin_ws/src/cpp_solver/src/updateDistance.cpp:87(occupancyGridCallback)] [topics: /rosout, /edge_distance] Free vertices size: 20
414.000000000 INFO /updateDistance [/home/wcqw/ac-slam/catkin_ws/src/cpp_solver/src/updateDistance.cpp:128(occupancyGridCallback)] [topics: /rosout, /edge_distance] 173 edge distance updated
415.000000000 WARN /RVIZ [/tmp/binarydeb/ros-noetic-tf2-0.7.10/src/buffer_core.cpp:277()] [topics: /rosout, /initialpose, /goal, /clicked_point] TF_REPEATED_DATA ignoring data with redundant timestamp for frame odom (parent offset) at time 415.000000 according to authority unknown_publisher
415.000000000 WARN /RVIZ [/tmp/binarydeb/ros-noetic-tf2-0.7.10/src/buffer_core.cpp:277()] [topics: /rosout, /initialpose, /goal, /clicked_point] TF_REPEATED_DATA ignoring data with redundant timestamp for frame offset (parent map) at time 415.000000 according to authority unknown_publisher
415.200000000 INFO /Mapper [/home/wcqw/ac-slam/catkin_ws/src/navigation_2d/nav2d_karto/src/MultiMapper.cpp:401(receiveLaserScan)] [topics: /rosout, /tf, /karto_out, /map, /others, /slam_path, /Mapper/vertices, /Mapper/closure_edges, /Mapper/odom_edges, /Mapper/colored_edges, /localization_result, /slam_pose_graph, /Mapper/loop_closed] PHASE2C_KEYSCAN_ACCEPTED unique_id=224 state_id=224 sim_time=415.200000
415.200000000 INFO /updateDistance [/home/wcqw/ac-slam/catkin_ws/src/cpp_solver/src/updateDistance.cpp:29(occupancyGridCallback)] [topics: /rosout, /edge_distance] Received an OccupancyGrid message!
415.200000000 INFO /updateDistance [/home/wcqw/ac-slam/catkin_ws/src/cpp_solver/src/updateDistance.cpp:30(occupancyGridCallback)] [topics: /rosout, /edge_distance] Width: 662, Height: 710, Size: 470020
415.200000000 INFO /updateDistance [/home/wcqw/ac-slam/catkin_ws/src/cpp_solver/src/updateDistance.cpp:32(occupancyGridCallback)] [topics: /rosout, /edge_distance] Map origin x: -7.738, y: -7.334
415.200000000 INFO /path_planner [path_planner.py:664(PathPlanner.handle_pose_graph)] [topics: /slam_pose_graph, /clock, /edge_distance, /pose_graph_idx, /rosout] Really visited vertices: 8 6 5 3 9 15 
415.200000000 INFO /updateDistance [/home/wcqw/ac-slam/catkin_ws/src/cpp_solver/src/updateDistance.cpp:87(occupancyGridCallback)] [topics: /rosout, /edge_distance] Free vertices size: 20
415.200000000 INFO /updateDistance [/home/wcqw/ac-slam/catkin_ws/src/cpp_solver/src/updateDistance.cpp:128(occupancyGridCallback)] [topics: /rosout, /edge_distance] 173 edge distance updated
415.200000000 INFO /RVIZ [/tmp/binarydeb/ros-noetic-rviz-1.14.26/src/rviz/default_plugin/map_display.cpp:604(MapDisplay::createSwatches)] [topics: /rosout, /initialpose, /goal, /clicked_point] Creating 1 swatches
415.600000000 WARN /RVIZ [/tmp/binarydeb/ros-noetic-tf2-0.7.10/src/buffer_core.cpp:277()] [topics: /rosout, /initialpose, /goal, /clicked_point] TF_REPEATED_DATA ignoring data with redundant timestamp for frame odom (parent offset) at time 415.600000 according to authority unknown_publisher
415.600000000 WARN /RVIZ [/tmp/binarydeb/ros-noetic-tf2-0.7.10/src/buffer_core.cpp:277()] [topics: /rosout, /initialpose, /goal, /clicked_point] TF_REPEATED_DATA ignoring data with redundant timestamp for frame offset (parent map) at time 415.600000 according to authority unknown_publisher
416.600000000 INFO /Mapper [/home/wcqw/ac-slam/catkin_ws/src/navigation_2d/nav2d_karto/src/MultiMapper.cpp:401(receiveLaserScan)] [topics: /rosout, /tf, /karto_out, /map, /others, /slam_path, /Mapper/vertices, /Mapper/closure_edges, /Mapper/odom_edges, /Mapper/colored_edges, /localization_result, /slam_pose_graph, /Mapper/loop_closed] PHASE2C_KEYSCAN_ACCEPTED unique_id=225 state_id=225 sim_time=416.600000
416.600000000 INFO /updateDistance [/home/wcqw/ac-slam/catkin_ws/src/cpp_solver/src/updateDistance.cpp:29(occupancyGridCallback)] [topics: /rosout, /edge_distance] Received an OccupancyGrid message!
416.600000000 INFO /updateDistance [/home/wcqw/ac-slam/catkin_ws/src/cpp_solver/src/updateDistance.cpp:30(occupancyGridCallback)] [topics: /rosout, /edge_distance] Width: 671, Height: 710, Size: 476410
416.600000000 INFO /updateDistance [/home/wcqw/ac-slam/catkin_ws/src/cpp_solver/src/updateDistance.cpp:32(occupancyGridCallback)] [topics: /rosout, /edge_distance] Map origin x: -7.738, y: -7.334
416.600000000 INFO /path_planner [path_planner.py:664(PathPlanner.handle_pose_graph)] [topics: /slam_pose_graph, /clock, /edge_distance, /pose_graph_idx, /rosout] Really visited vertices: 8 6 5 3 9 15 
416.600000000 INFO /updateDistance [/home/wcqw/ac-slam/catkin_ws/src/cpp_solver/src/updateDistance.cpp:87(occupancyGridCallback)] [topics: /rosout, /edge_distance] Free vertices size: 20
416.600000000 INFO /updateDistance [/home/wcqw/ac-slam/catkin_ws/src/cpp_solver/src/updateDistance.cpp:128(occupancyGridCallback)] [topics: /rosout, /edge_distance] 173 edge distance updated
416.600000000 INFO /RVIZ [/tmp/binarydeb/ros-noetic-rviz-1.14.26/src/rviz/default_plugin/map_display.cpp:604(MapDisplay::createSwatches)] [topics: /rosout, /initialpose, /goal, /clicked_point] Creating 1 swatches
417.700000000 INFO /updateDistance [/home/wcqw/ac-slam/catkin_ws/src/cpp_solver/src/updateDistance.cpp:29(occupancyGridCallback)] [topics: /rosout, /edge_distance] Received an OccupancyGrid message!
417.700000000 INFO /updateDistance [/home/wcqw/ac-slam/catkin_ws/src/cpp_solver/src/updateDistance.cpp:30(occupancyGridCallback)] [topics: /rosout, /edge_distance] Width: 671, Height: 710, Size: 476410
417.700000000 INFO /updateDistance [/home/wcqw/ac-slam/catkin_ws/src/cpp_solver/src/updateDistance.cpp:32(occupancyGridCallback)] [topics: /rosout, /edge_distance] Map origin x: -7.738, y: -7.334
417.800000000 INFO /updateDistance [/home/wcqw/ac-slam/catkin_ws/src/cpp_solver/src/updateDistance.cpp:87(occupancyGridCallback)] [topics: /rosout, /edge_distance] Free vertices size: 20
417.800000000 INFO /updateDistance [/home/wcqw/ac-slam/catkin_ws/src/cpp_solver/src/updateDistance.cpp:128(occupancyGridCallback)] [topics: /rosout, /edge_distance] 173 edge distance updated
417.800000000 INFO /Navigator [/home/wcqw/ac-slam/catkin_ws/src/cpp_solver/src/MyPlanner.cpp:520(findExplorationTarget)] [topics: /rosout, /cmd, /Navigator/plan, /Navigator/markers, /Navigator/frontiers, /Navigator/frontier_to_vertex, /Navigator/nav_goal, /Navigator/prior_map, /Navigator/visual_tsp_path, /Navigator/tsp_index, /Navigator/path_finder, /Navigator/dist_map, /finished_topic, /request_replan, /Explore/result, /Explore/feedback, /Explore/status, /MoveTo/result, /MoveTo/feedback, /MoveTo/status, /Localize/result, /Localize/feedback, /Localize/status, /GetFirstMap/result, /GetFirstMap/feedback, /GetFirstMap/status] Call local replanning...
417.800000000 INFO /path_planner [path_planner.py:321(PathPlanner.handle_replanning)] [topics: /slam_pose_graph, /clock, /edge_distance, /pose_graph_idx, /rosout] Replanning request. curr_vertex_idx: 13
417.800000000 INFO /path_planner [path_planner.py:322(PathPlanner.handle_replanning)] [topics: /slam_pose_graph, /clock, /edge_distance, /pose_graph_idx, /rosout]                     covered_vertices: ()
417.800000000 INFO /path_planner [path_planner.py:336(PathPlanner.handle_replanning)] [topics: /slam_pose_graph, /clock, /edge_distance, /pose_graph_idx, /rosout] Handle local replanning...
417.800000000 INFO /path_planner [path_planner.py:389(PathPlanner.handle_local_replanning)] [topics: /slam_pose_graph, /clock, /edge_distance, /pose_graph_idx, /rosout] Local path to replan: [20, 19, 15]
417.800000000 INFO /path_planner [path_planner.py:348(PathPlanner.handle_replanning)] [topics: /slam_pose_graph, /clock, /edge_distance, /pose_graph_idx, /rosout] curr path length: 43, is_loop length: 43
417.800000000 INFO /path_planner [path_planner.py:360(PathPlanner.handle_replanning)] [topics: /slam_pose_graph, /clock, /edge_distance, /pose_graph_idx, /rosout] Send new plan: 8 7 6 5 4 3 9 15 16 10 11 35 37 20  ---> 19 15(L) 19 23 29 30 24 25 31 32 26 27 33 34 28 22 21 38 37(L) 38 36 12 13 14 8(L) 14 18 17 21(L) 
417.800000000 INFO /Navigator [/home/wcqw/ac-slam/catkin_ws/src/cpp_solver/src/MyPlanner.cpp:548(findExplorationTarget)] [topics: /rosout, /cmd, /Navigator/plan, /Navigator/markers, /Navigator/frontiers, /Navigator/frontier_to_vertex, /Navigator/nav_goal, /Navigator/prior_map, /Navigator/visual_tsp_path, /Navigator/tsp_index, /Navigator/path_finder, /Navigator/dist_map, /finished_topic, /request_replan, /Explore/result, /Explore/feedback, /Explore/status, /MoveTo/result, /MoveTo/feedback, /MoveTo/status, /Localize/result, /Localize/feedback, /Localize/status, /GetFirstMap/result, /GetFirstMap/feedback, /GetFirstMap/status] Reach vertex 20
417.800000000 INFO /Navigator [/home/wcqw/ac-slam/catkin_ws/src/cpp_solver/src/MyPlanner.cpp:652(findExplorationTarget)] [topics: /rosout, /cmd, /Navigator/plan, /Navigator/markers, /Navigator/frontiers, /Navigator/frontier_to_vertex, /Navigator/nav_goal, /Navigator/prior_map, /Navigator/visual_tsp_path, /Navigator/tsp_index, /Navigator/path_finder, /Navigator/dist_map, /finished_topic, /request_replan, /Explore/result, /Explore/feedback, /Explore/status, /MoveTo/result, /MoveTo/feedback, /MoveTo/status, /Localize/result, /Localize/feedback, /Localize/status, /GetFirstMap/result, /GetFirstMap/feedback, /GetFirstMap/status] Explore Goal 20 's frontiers...
418.000000000 INFO /Mapper [/home/wcqw/ac-slam/catkin_ws/src/navigation_2d/nav2d_karto/src/MultiMapper.cpp:401(receiveLaserScan)] [topics: /rosout, /tf, /karto_out, /map, /others, /slam_path, /Mapper/vertices, /Mapper/closure_edges, /Mapper/odom_edges, /Mapper/colored_edges, /localization_result, /slam_pose_graph, /Mapper/loop_closed] PHASE2C_KEYSCAN_ACCEPTED unique_id=226 state_id=226 sim_time=418.000000
419.400000000 INFO /Mapper [/home/wcqw/ac-slam/catkin_ws/src/navigation_2d/nav2d_karto/src/MultiMapper.cpp:401(receiveLaserScan)] [topics: /rosout, /tf, /karto_out, /map, /others, /slam_path, /Mapper/vertices, /Mapper/closure_edges, /Mapper/odom_edges, /Mapper/colored_edges, /localization_result, /slam_pose_graph, /Mapper/loop_closed] PHASE2C_KEYSCAN_ACCEPTED unique_id=227 state_id=227 sim_time=419.300000
419.400000000 INFO /updateDistance [/home/wcqw/ac-slam/catkin_ws/src/cpp_solver/src/updateDistance.cpp:29(occupancyGridCallback)] [topics: /rosout, /edge_distance] Received an OccupancyGrid message!
419.400000000 INFO /updateDistance [/home/wcqw/ac-slam/catkin_ws/src/cpp_solver/src/updateDistance.cpp:30(occupancyGridCallback)] [topics: /rosout, /edge_distance] Width: 671, Height: 710, Size: 476410
419.400000000 INFO /updateDistance [/home/wcqw/ac-slam/catkin_ws/src/cpp_solver/src/updateDistance.cpp:32(occupancyGridCallback)] [topics: /rosout, /edge_distance] Map origin x: -7.738, y: -7.334
419.400000000 INFO /path_planner [path_planner.py:664(PathPlanner.handle_pose_graph)] [topics: /slam_pose_graph, /clock, /edge_distance, /pose_graph_idx, /rosout] Really visited vertices: 8 6 5 3 9 15 
419.400000000 INFO /updateDistance [/home/wcqw/ac-slam/catkin_ws/src/cpp_solver/src/updateDistance.cpp:87(occupancyGridCallback)] [topics: /rosout, /edge_distance] Free vertices size: 20
419.400000000 INFO /updateDistance [/home/wcqw/ac-slam/catkin_ws/src/cpp_solver/src/updateDistance.cpp:128(occupancyGridCallback)] [topics: /rosout, /edge_distance] 173 edge distance updated
420.800000000 INFO /Mapper [/home/wcqw/ac-slam/catkin_ws/src/navigation_2d/nav2d_karto/src/MultiMapper.cpp:401(receiveLaserScan)] [topics: /rosout, /tf, /karto_out, /map, /others, /slam_path, /Mapper/vertices, /Mapper/closure_edges, /Mapper/odom_edges, /Mapper/colored_edges, /localization_result, /slam_pose_graph, /Mapper/loop_closed] PHASE2C_KEYSCAN_ACCEPTED unique_id=228 state_id=228 sim_time=420.800000
420.800000000 INFO /updateDistance [/home/wcqw/ac-slam/catkin_ws/src/cpp_solver/src/updateDistance.cpp:29(occupancyGridCallback)] [topics: /rosout, /edge_distance] Received an OccupancyGrid message!
420.800000000 INFO /updateDistance [/home/wcqw/ac-slam/catkin_ws/src/cpp_solver/src/updateDistance.cpp:30(occupancyGridCallback)] [topics: /rosout, /edge_distance] Width: 680, Height: 710, Size: 482800
420.800000000 INFO /updateDistance [/home/wcqw/ac-slam/catkin_ws/src/cpp_solver/src/updateDistance.cpp:32(occupancyGridCallback)] [topics: /rosout, /edge_distance] Map origin x: -7.738, y: -7.334
420.800000000 INFO /path_planner [path_planner.py:664(PathPlanner.handle_pose_graph)] [topics: /slam_pose_graph, /clock, /edge_distance, /pose_graph_idx, /rosout] Really visited vertices: 8 6 5 3 9 15 
420.800000000 INFO /updateDistance [/home/wcqw/ac-slam/catkin_ws/src/cpp_solver/src/updateDistance.cpp:87(occupancyGridCallback)] [topics: /rosout, /edge_distance] Free vertices size: 20
420.800000000 INFO /updateDistance [/home/wcqw/ac-slam/catkin_ws/src/cpp_solver/src/updateDistance.cpp:128(occupancyGridCallback)] [topics: /rosout, /edge_distance] 173 edge distance updated
420.800000000 INFO /RVIZ [/tmp/binarydeb/ros-noetic-rviz-1.14.26/src/rviz/default_plugin/map_display.cpp:604(MapDisplay::createSwatches)] [topics: /rosout, /initialpose, /goal, /clicked_point] Creating 1 swatches
421.800000000 WARN /RVIZ [/tmp/binarydeb/ros-noetic-tf2-0.7.10/src/buffer_core.cpp:277()] [topics: /rosout, /initialpose, /goal, /clicked_point] TF_REPEATED_DATA ignoring data with redundant timestamp for frame odom (parent offset) at time 421.800000 according to authority unknown_publisher
421.800000000 WARN /RVIZ [/tmp/binarydeb/ros-noetic-tf2-0.7.10/src/buffer_core.cpp:277()] [topics: /rosout, /initialpose, /goal, /clicked_point] TF_REPEATED_DATA ignoring data with redundant timestamp for frame offset (parent map) at time 421.800000 according to authority unknown_publisher
422.200000000 INFO /Mapper [/home/wcqw/ac-slam/catkin_ws/src/navigation_2d/nav2d_karto/src/MultiMapper.cpp:401(receiveLaserScan)] [topics: /rosout, /tf, /karto_out, /map, /others, /slam_path, /Mapper/vertices, /Mapper/closure_edges, /Mapper/odom_edges, /Mapper/colored_edges, /localization_result, /slam_pose_graph, /Mapper/loop_closed] PHASE2C_KEYSCAN_ACCEPTED unique_id=229 state_id=229 sim_time=422.100000
422.200000000 INFO /updateDistance [/home/wcqw/ac-slam/catkin_ws/src/cpp_solver/src/updateDistance.cpp:29(occupancyGridCallback)] [topics: /rosout, /edge_distance] Received an OccupancyGrid message!
422.200000000 INFO /updateDistance [/home/wcqw/ac-slam/catkin_ws/src/cpp_solver/src/updateDistance.cpp:30(occupancyGridCallback)] [topics: /rosout, /edge_distance] Width: 687, Height: 710, Size: 487770
422.200000000 INFO /updateDistance [/home/wcqw/ac-slam/catkin_ws/src/cpp_solver/src/updateDistance.cpp:32(occupancyGridCallback)] [topics: /rosout, /edge_distance] Map origin x: -7.738, y: -7.334
422.200000000 INFO /path_planner [path_planner.py:664(PathPlanner.handle_pose_graph)] [topics: /slam_pose_graph, /clock, /edge_distance, /pose_graph_idx, /rosout] Really visited vertices: 8 6 5 3 9 15 
422.200000000 INFO /updateDistance [/home/wcqw/ac-slam/catkin_ws/src/cpp_solver/src/updateDistance.cpp:87(occupancyGridCallback)] [topics: /rosout, /edge_distance] Free vertices size: 20
422.200000000 INFO /updateDistance [/home/wcqw/ac-slam/catkin_ws/src/cpp_solver/src/updateDistance.cpp:128(occupancyGridCallback)] [topics: /rosout, /edge_distance] 173 edge distance updated
422.200000000 INFO /RVIZ [/tmp/binarydeb/ros-noetic-rviz-1.14.26/src/rviz/default_plugin/map_display.cpp:604(MapDisplay::createSwatches)] [topics: /rosout, /initialpose, /goal, /clicked_point] Creating 1 swatches
423.400000000 INFO /Mapper [/home/wcqw/ac-slam/catkin_ws/src/navigation_2d/nav2d_karto/src/MultiMapper.cpp:401(receiveLaserScan)] [topics: /rosout, /tf, /karto_out, /map, /others, /slam_path, /Mapper/vertices, /Mapper/closure_edges, /Mapper/odom_edges, /Mapper/colored_edges, /localization_result, /slam_pose_graph, /Mapper/loop_closed] PHASE2C_KEYSCAN_ACCEPTED unique_id=230 state_id=230 sim_time=423.400000
423.400000000 INFO /updateDistance [/home/wcqw/ac-slam/catkin_ws/src/cpp_solver/src/updateDistance.cpp:29(occupancyGridCallback)] [topics: /rosout, /edge_distance] Received an OccupancyGrid message!
423.400000000 INFO /updateDistance [/home/wcqw/ac-slam/catkin_ws/src/cpp_solver/src/updateDistance.cpp:30(occupancyGridCallback)] [topics: /rosout, /edge_distance] Width: 694, Height: 710, Size: 492740
423.400000000 INFO /updateDistance [/home/wcqw/ac-slam/catkin_ws/src/cpp_solver/src/updateDistance.cpp:32(occupancyGridCallback)] [topics: /rosout, /edge_distance] Map origin x: -7.738, y: -7.334
423.400000000 INFO /path_planner [path_planner.py:664(PathPlanner.handle_pose_graph)] [topics: /slam_pose_graph, /clock, /edge_distance, /pose_graph_idx, /rosout] Really visited vertices: 8 6 5 3 9 15 
423.400000000 INFO /updateDistance [/home/wcqw/ac-slam/catkin_ws/src/cpp_solver/src/updateDistance.cpp:87(occupancyGridCallback)] [topics: /rosout, /edge_distance] Free vertices size: 21
423.400000000 INFO /RVIZ [/tmp/binarydeb/ros-noetic-rviz-1.14.26/src/rviz/default_plugin/map_display.cpp:604(MapDisplay::createSwatches)] [topics: /rosout, /initialpose, /goal, /clicked_point] Creating 1 swatches
423.400000000 INFO /updateDistance [/home/wcqw/ac-slam/catkin_ws/src/cpp_solver/src/updateDistance.cpp:128(occupancyGridCallback)] [topics: /rosout, /edge_distance] 192 edge distance updated
423.800000000 INFO /updateDistance [/home/wcqw/ac-slam/catkin_ws/src/cpp_solver/src/updateDistance.cpp:29(occupancyGridCallback)] [topics: /rosout, /edge_distance] Received an OccupancyGrid message!
423.800000000 INFO /updateDistance [/home/wcqw/ac-slam/catkin_ws/src/cpp_solver/src/updateDistance.cpp:30(occupancyGridCallback)] [topics: /rosout, /edge_distance] Width: 694, Height: 710, Size: 492740
423.800000000 INFO /updateDistance [/home/wcqw/ac-slam/catkin_ws/src/cpp_solver/src/updateDistance.cpp:32(occupancyGridCallback)] [topics: /rosout, /edge_distance] Map origin x: -7.738, y: -7.334
423.800000000 INFO /updateDistance [/home/wcqw/ac-slam/catkin_ws/src/cpp_solver/src/updateDistance.cpp:87(occupancyGridCallback)] [topics: /rosout, /edge_distance] Free vertices size: 21
423.800000000 INFO /updateDistance [/home/wcqw/ac-slam/catkin_ws/src/cpp_solver/src/updateDistance.cpp:128(occupancyGridCallback)] [topics: /rosout, /edge_distance] 192 edge distance updated
423.800000000 INFO /Navigator [/home/wcqw/ac-slam/catkin_ws/src/cpp_solver/src/MyPlanner.cpp:520(findExplorationTarget)] [topics: /rosout, /cmd, /Navigator/plan, /Navigator/markers, /Navigator/frontiers, /Navigator/frontier_to_vertex, /Navigator/nav_goal, /Navigator/prior_map, /Navigator/visual_tsp_path, /Navigator/tsp_index, /Navigator/path_finder, /Navigator/dist_map, /finished_topic, /request_replan, /Explore/result, /Explore/feedback, /Explore/status, /MoveTo/result, /MoveTo/feedback, /MoveTo/status, /Localize/result, /Localize/feedback, /Localize/status, /GetFirstMap/result, /GetFirstMap/feedback, /GetFirstMap/status] Call local replanning...
423.800000000 INFO /path_planner [path_planner.py:321(PathPlanner.handle_replanning)] [topics: /slam_pose_graph, /clock, /edge_distance, /pose_graph_idx, /rosout] Replanning request. curr_vertex_idx: 13
423.800000000 INFO /path_planner [path_planner.py:322(PathPlanner.handle_replanning)] [topics: /slam_pose_graph, /clock, /edge_distance, /pose_graph_idx, /rosout]                     covered_vertices: ()
423.800000000 INFO /path_planner [path_planner.py:336(PathPlanner.handle_replanning)] [topics: /slam_pose_graph, /clock, /edge_distance, /pose_graph_idx, /rosout] Handle local replanning...
423.800000000 INFO /path_planner [path_planner.py:389(PathPlanner.handle_local_replanning)] [topics: /slam_pose_graph, /clock, /edge_distance, /pose_graph_idx, /rosout] Local path to replan: [20, 19, 15]
423.800000000 INFO /path_planner [path_planner.py:348(PathPlanner.handle_replanning)] [topics: /slam_pose_graph, /clock, /edge_distance, /pose_graph_idx, /rosout] curr path length: 43, is_loop length: 43
423.800000000 INFO /path_planner [path_planner.py:360(PathPlanner.handle_replanning)] [topics: /slam_pose_graph, /clock, /edge_distance, /pose_graph_idx, /rosout] Send new plan: 8 7 6 5 4 3 9 15 16 10 11 35 37 20  ---> 19 15(L) 19 23 29 30 24 25 31 32 26 27 33 34 28 22 21 38 37(L) 38 36 12 13 14 8(L) 14 18 17 21(L) 
423.800000000 WARN /Navigator [/home/wcqw/ac-slam/catkin_ws/src/cpp_solver/src/MyPlanner.cpp:609(findExplorationTarget)] [topics: /rosout, /cmd, /Navigator/plan, /Navigator/markers, /Navigator/frontiers, /Navigator/frontier_to_vertex, /Navigator/nav_goal, /Navigator/prior_map, /Navigator/visual_tsp_path, /Navigator/tsp_index, /Navigator/path_finder, /Navigator/dist_map, /finished_topic, /request_replan, /Explore/result, /Explore/feedback, /Explore/status, /MoveTo/result, /MoveTo/feedback, /MoveTo/status, /Localize/result, /Localize/feedback, /Localize/status, /GetFirstMap/result, /GetFirstMap/feedback, /GetFirstMap/status] No frontier at vertex 20. #Frontier: 0
423.800000000 INFO /Navigator [/home/wcqw/ac-slam/catkin_ws/src/cpp_solver/src/MyPlanner.cpp:318(getUsefulGoalIndex)] [topics: /rosout, /cmd, /Navigator/plan, /Navigator/markers, /Navigator/frontiers, /Navigator/frontier_to_vertex, /Navigator/nav_goal, /Navigator/prior_map, /Navigator/visual_tsp_path, /Navigator/tsp_index, /Navigator/path_finder, /Navigator/dist_map, /finished_topic, /request_replan, /Explore/result, /Explore/feedback, /Explore/status, /MoveTo/result, /MoveTo/feedback, /MoveTo/status, /Localize/result, /Localize/feedback, /Localize/status, /GetFirstMap/result, /GetFirstMap/feedback, /GetFirstMap/status] Set newGoal 19
424.800000000 INFO /Mapper [/home/wcqw/ac-slam/catkin_ws/src/navigation_2d/nav2d_karto/src/MultiMapper.cpp:401(receiveLaserScan)] [topics: /rosout, /tf, /karto_out, /map, /others, /slam_path, /Mapper/vertices, /Mapper/closure_edges, /Mapper/odom_edges, /Mapper/colored_edges, /localization_result, /slam_pose_graph, /Mapper/loop_closed] PHASE2C_KEYSCAN_ACCEPTED unique_id=231 state_id=231 sim_time=424.800000
424.800000000 INFO /updateDistance [/home/wcqw/ac-slam/catkin_ws/src/cpp_solver/src/updateDistance.cpp:29(occupancyGridCallback)] [topics: /rosout, /edge_distance] Received an OccupancyGrid message!
424.800000000 INFO /updateDistance [/home/wcqw/ac-slam/catkin_ws/src/cpp_solver/src/updateDistance.cpp:30(occupancyGridCallback)] [topics: /rosout, /edge_distance] Width: 697, Height: 710, Size: 494870
424.800000000 INFO /updateDistance [/home/wcqw/ac-slam/catkin_ws/src/cpp_solver/src/updateDistance.cpp:32(occupancyGridCallback)] [topics: /rosout, /edge_distance] Map origin x: -7.738, y: -7.334
424.800000000 INFO /path_planner [path_planner.py:664(PathPlanner.handle_pose_graph)] [topics: /slam_pose_graph, /clock, /edge_distance, /pose_graph_idx, /rosout] Really visited vertices: 8 6 5 3 9 15 
424.800000000 INFO /updateDistance [/home/wcqw/ac-slam/catkin_ws/src/cpp_solver/src/updateDistance.cpp:87(occupancyGridCallback)] [topics: /rosout, /edge_distance] Free vertices size: 21
424.800000000 INFO /updateDistance [/home/wcqw/ac-slam/catkin_ws/src/cpp_solver/src/updateDistance.cpp:128(occupancyGridCallback)] [topics: /rosout, /edge_distance] 192 edge distance updated
424.800000000 INFO /RVIZ [/tmp/binarydeb/ros-noetic-rviz-1.14.26/src/rviz/default_plugin/map_display.cpp:604(MapDisplay::createSwatches)] [topics: /rosout, /initialpose, /goal, /clicked_point] Creating 1 swatches
425.600000000 INFO /Mapper [/home/wcqw/ac-slam/catkin_ws/src/navigation_2d/nav2d_karto/src/MultiMapper.cpp:401(receiveLaserScan)] [topics: /rosout, /tf, /karto_out, /map, /others, /slam_path, /Mapper/vertices, /Mapper/closure_edges, /Mapper/odom_edges, /Mapper/colored_edges, /localization_result, /slam_pose_graph, /Mapper/loop_closed] PHASE2C_KEYSCAN_ACCEPTED unique_id=232 state_id=232 sim_time=425.500000
427.000000000 INFO /Mapper [/home/wcqw/ac-slam/catkin_ws/src/navigation_2d/nav2d_karto/src/MultiMapper.cpp:401(receiveLaserScan)] [topics: /rosout, /tf, /karto_out, /map, /others, /slam_path, /Mapper/vertices, /Mapper/closure_edges, /Mapper/odom_edges, /Mapper/colored_edges, /localization_result, /slam_pose_graph, /Mapper/loop_closed] PHASE2C_KEYSCAN_ACCEPTED unique_id=233 state_id=233 sim_time=426.900000
427.000000000 INFO /updateDistance [/home/wcqw/ac-slam/catkin_ws/src/cpp_solver/src/updateDistance.cpp:29(occupancyGridCallback)] [topics: /rosout, /edge_distance] Received an OccupancyGrid message!
427.000000000 INFO /updateDistance [/home/wcqw/ac-slam/catkin_ws/src/cpp_solver/src/updateDistance.cpp:30(occupancyGridCallback)] [topics: /rosout, /edge_distance] Width: 697, Height: 710, Size: 494870
427.000000000 INFO /updateDistance [/home/wcqw/ac-slam/catkin_ws/src/cpp_solver/src/updateDistance.cpp:32(occupancyGridCallback)] [topics: /rosout, /edge_distance] Map origin x: -7.738, y: -7.334
427.000000000 WARN /RVIZ [/tmp/binarydeb/ros-noetic-tf2-0.7.10/src/buffer_core.cpp:277()] [topics: /rosout, /initialpose, /goal, /clicked_point] TF_REPEATED_DATA ignoring data with redundant timestamp for frame odom (parent offset) at time 427.000000 according to authority unknown_publisher
427.000000000 WARN /RVIZ [/tmp/binarydeb/ros-noetic-tf2-0.7.10/src/buffer_core.cpp:277()] [topics: /rosout, /initialpose, /goal, /clicked_point] TF_REPEATED_DATA ignoring data with redundant timestamp for frame offset (parent map) at time 427.000000 according to authority unknown_publisher
427.000000000 INFO /path_planner [path_planner.py:664(PathPlanner.handle_pose_graph)] [topics: /slam_pose_graph, /clock, /edge_distance, /pose_graph_idx, /rosout] Really visited vertices: 8 6 5 3 9 15 
427.000000000 INFO /updateDistance [/home/wcqw/ac-slam/catkin_ws/src/cpp_solver/src/updateDistance.cpp:87(occupancyGridCallback)] [topics: /rosout, /edge_distance] Free vertices size: 21
427.000000000 INFO /updateDistance [/home/wcqw/ac-slam/catkin_ws/src/cpp_solver/src/updateDistance.cpp:128(occupancyGridCallback)] [topics: /rosout, /edge_distance] 192 edge distance updated
428.200000000 INFO /Mapper [/home/wcqw/ac-slam/catkin_ws/src/navigation_2d/nav2d_karto/src/MultiMapper.cpp:401(receiveLaserScan)] [topics: /rosout, /tf, /karto_out, /map, /others, /slam_path, /Mapper/vertices, /Mapper/closure_edges, /Mapper/odom_edges, /Mapper/colored_edges, /localization_result, /slam_pose_graph, /Mapper/loop_closed] PHASE2C_KEYSCAN_ACCEPTED unique_id=234 state_id=234 sim_time=428.200000
428.200000000 INFO /updateDistance [/home/wcqw/ac-slam/catkin_ws/src/cpp_solver/src/updateDistance.cpp:29(occupancyGridCallback)] [topics: /rosout, /edge_distance] Received an OccupancyGrid message!
428.200000000 INFO /updateDistance [/home/wcqw/ac-slam/catkin_ws/src/cpp_solver/src/updateDistance.cpp:30(occupancyGridCallback)] [topics: /rosout, /edge_distance] Width: 697, Height: 710, Size: 494870
428.200000000 INFO /updateDistance [/home/wcqw/ac-slam/catkin_ws/src/cpp_solver/src/updateDistance.cpp:32(occupancyGridCallback)] [topics: /rosout, /edge_distance] Map origin x: -7.738, y: -7.334
428.200000000 INFO /path_planner [path_planner.py:664(PathPlanner.handle_pose_graph)] [topics: /slam_pose_graph, /clock, /edge_distance, /pose_graph_idx, /rosout] Really visited vertices: 8 6 5 3 9 15 
428.200000000 INFO /updateDistance [/home/wcqw/ac-slam/catkin_ws/src/cpp_solver/src/updateDistance.cpp:87(occupancyGridCallback)] [topics: /rosout, /edge_distance] Free vertices size: 21
428.200000000 INFO /updateDistance [/home/wcqw/ac-slam/catkin_ws/src/cpp_solver/src/updateDistance.cpp:128(occupancyGridCallback)] [topics: /rosout, /edge_distance] 192 edge distance updated
428.800000000 WARN /RVIZ [/tmp/binarydeb/ros-noetic-tf2-0.7.10/src/buffer_core.cpp:277()] [topics: /rosout, /initialpose, /goal, /clicked_point] TF_REPEATED_DATA ignoring data with redundant timestamp for frame odom (parent offset) at time 428.800000 according to authority unknown_publisher
428.800000000 WARN /RVIZ [/tmp/binarydeb/ros-noetic-tf2-0.7.10/src/buffer_core.cpp:277()] [topics: /rosout, /initialpose, /goal, /clicked_point] TF_REPEATED_DATA ignoring data with redundant timestamp for frame offset (parent map) at time 428.800000 according to authority unknown_publisher
429.600000000 INFO /Mapper [/home/wcqw/ac-slam/catkin_ws/src/navigation_2d/nav2d_karto/src/MultiMapper.cpp:401(receiveLaserScan)] [topics: /rosout, /tf, /karto_out, /map, /others, /slam_path, /Mapper/vertices, /Mapper/closure_edges, /Mapper/odom_edges, /Mapper/colored_edges, /localization_result, /slam_pose_graph, /Mapper/loop_closed] PHASE2C_KEYSCAN_ACCEPTED unique_id=235 state_id=235 sim_time=429.500000
429.600000000 INFO /updateDistance [/home/wcqw/ac-slam/catkin_ws/src/cpp_solver/src/updateDistance.cpp:29(occupancyGridCallback)] [topics: /rosout, /edge_distance] Received an OccupancyGrid message!
429.600000000 INFO /updateDistance [/home/wcqw/ac-slam/catkin_ws/src/cpp_solver/src/updateDistance.cpp:30(occupancyGridCallback)] [topics: /rosout, /edge_distance] Width: 697, Height: 710, Size: 494870
429.600000000 INFO /updateDistance [/home/wcqw/ac-slam/catkin_ws/src/cpp_solver/src/updateDistance.cpp:32(occupancyGridCallback)] [topics: /rosout, /edge_distance] Map origin x: -7.738, y: -7.334
429.600000000 INFO /path_planner [path_planner.py:664(PathPlanner.handle_pose_graph)] [topics: /slam_pose_graph, /clock, /edge_distance, /pose_graph_idx, /rosout] Really visited vertices: 8 6 5 3 9 15 
429.600000000 INFO /updateDistance [/home/wcqw/ac-slam/catkin_ws/src/cpp_solver/src/updateDistance.cpp:87(occupancyGridCallback)] [topics: /rosout, /edge_distance] Free vertices size: 21
429.600000000 INFO /updateDistance [/home/wcqw/ac-slam/catkin_ws/src/cpp_solver/src/updateDistance.cpp:128(occupancyGridCallback)] [topics: /rosout, /edge_distance] 192 edge distance updated
429.600000000 INFO /updateDistance [/home/wcqw/ac-slam/catkin_ws/src/cpp_solver/src/updateDistance.cpp:29(occupancyGridCallback)] [topics: /rosout, /edge_distance] Received an OccupancyGrid message!
429.600000000 INFO /updateDistance [/home/wcqw/ac-slam/catkin_ws/src/cpp_solver/src/updateDistance.cpp:30(occupancyGridCallback)] [topics: /rosout, /edge_distance] Width: 697, Height: 710, Size: 494870
429.600000000 INFO /updateDistance [/home/wcqw/ac-slam/catkin_ws/src/cpp_solver/src/updateDistance.cpp:32(occupancyGridCallback)] [topics: /rosout, /edge_distance] Map origin x: -7.738, y: -7.334
429.600000000 INFO /updateDistance [/home/wcqw/ac-slam/catkin_ws/src/cpp_solver/src/updateDistance.cpp:87(occupancyGridCallback)] [topics: /rosout, /edge_distance] Free vertices size: 21
429.600000000 INFO /updateDistance [/home/wcqw/ac-slam/catkin_ws/src/cpp_solver/src/updateDistance.cpp:128(occupancyGridCallback)] [topics: /rosout, /edge_distance] 192 edge distance updated
429.600000000 INFO /Navigator [/home/wcqw/ac-slam/catkin_ws/src/cpp_solver/src/MyPlanner.cpp:520(findExplorationTarget)] [topics: /rosout, /cmd, /Navigator/plan, /Navigator/markers, /Navigator/frontiers, /Navigator/frontier_to_vertex, /Navigator/nav_goal, /Navigator/prior_map, /Navigator/visual_tsp_path, /Navigator/tsp_index, /Navigator/path_finder, /Navigator/dist_map, /finished_topic, /request_replan, /Explore/result, /Explore/feedback, /Explore/status, /MoveTo/result, /MoveTo/feedback, /MoveTo/status, /Localize/result, /Localize/feedback, /Localize/status, /GetFirstMap/result, /GetFirstMap/feedback, /GetFirstMap/status] Call local replanning...
429.600000000 INFO /path_planner [path_planner.py:321(PathPlanner.handle_replanning)] [topics: /slam_pose_graph, /clock, /edge_distance, /pose_graph_idx, /rosout] Replanning request. curr_vertex_idx: 14
429.600000000 INFO /path_planner [path_planner.py:322(PathPlanner.handle_replanning)] [topics: /slam_pose_graph, /clock, /edge_distance, /pose_graph_idx, /rosout]                     covered_vertices: ()
429.600000000 INFO /path_planner [path_planner.py:336(PathPlanner.handle_replanning)] [topics: /slam_pose_graph, /clock, /edge_distance, /pose_graph_idx, /rosout] Handle local replanning...
429.600000000 INFO /path_planner [path_planner.py:389(PathPlanner.handle_local_replanning)] [topics: /slam_pose_graph, /clock, /edge_distance, /pose_graph_idx, /rosout] Local path to replan: [19, 15]
429.600000000 INFO /path_planner [path_planner.py:348(PathPlanner.handle_replanning)] [topics: /slam_pose_graph, /clock, /edge_distance, /pose_graph_idx, /rosout] curr path length: 43, is_loop length: 43
429.600000000 INFO /path_planner [path_planner.py:360(PathPlanner.handle_replanning)] [topics: /slam_pose_graph, /clock, /edge_distance, /pose_graph_idx, /rosout] Send new plan: 8 7 6 5 4 3 9 15 16 10 11 35 37 20 19  ---> 15(L) 19 23 29 30 24 25 31 32 26 27 33 34 28 22 21 38 37(L) 38 36 12 13 14 8(L) 14 18 17 21(L) 
430.200000000 WARN /RVIZ [/tmp/binarydeb/ros-noetic-tf2-0.7.10/src/buffer_core.cpp:277()] [topics: /rosout, /initialpose, /goal, /clicked_point] TF_REPEATED_DATA ignoring data with redundant timestamp for frame odom (parent offset) at time 430.200000 according to authority unknown_publisher
430.200000000 WARN /RVIZ [/tmp/binarydeb/ros-noetic-tf2-0.7.10/src/buffer_core.cpp:277()] [topics: /rosout, /initialpose, /goal, /clicked_point] TF_REPEATED_DATA ignoring data with redundant timestamp for frame offset (parent map) at time 430.200000 according to authority unknown_publisher
430.800000000 INFO /Mapper [/home/wcqw/ac-slam/catkin_ws/src/navigation_2d/nav2d_karto/src/MultiMapper.cpp:401(receiveLaserScan)] [topics: /rosout, /tf, /karto_out, /map, /others, /slam_path, /Mapper/vertices, /Mapper/closure_edges, /Mapper/odom_edges, /Mapper/colored_edges, /localization_result, /slam_pose_graph, /Mapper/loop_closed] PHASE2C_KEYSCAN_ACCEPTED unique_id=236 state_id=236 sim_time=430.700000
430.800000000 INFO /updateDistance [/home/wcqw/ac-slam/catkin_ws/src/cpp_solver/src/updateDistance.cpp:29(occupancyGridCallback)] [topics: /rosout, /edge_distance] Received an OccupancyGrid message!
430.800000000 INFO /updateDistance [/home/wcqw/ac-slam/catkin_ws/src/cpp_solver/src/updateDistance.cpp:30(occupancyGridCallback)] [topics: /rosout, /edge_distance] Width: 697, Height: 710, Size: 494870
430.800000000 INFO /updateDistance [/home/wcqw/ac-slam/catkin_ws/src/cpp_solver/src/updateDistance.cpp:32(occupancyGridCallback)] [topics: /rosout, /edge_distance] Map origin x: -7.738, y: -7.334
430.800000000 INFO /path_planner [path_planner.py:664(PathPlanner.handle_pose_graph)] [topics: /slam_pose_graph, /clock, /edge_distance, /pose_graph_idx, /rosout] Really visited vertices: 8 6 5 3 9 15 
430.800000000 INFO /updateDistance [/home/wcqw/ac-slam/catkin_ws/src/cpp_solver/src/updateDistance.cpp:87(occupancyGridCallback)] [topics: /rosout, /edge_distance] Free vertices size: 21
430.800000000 INFO /updateDistance [/home/wcqw/ac-slam/catkin_ws/src/cpp_solver/src/updateDistance.cpp:128(occupancyGridCallback)] [topics: /rosout, /edge_distance] 192 edge distance updated
432.200000000 INFO /Mapper [/home/wcqw/ac-slam/catkin_ws/src/navigation_2d/nav2d_karto/src/MultiMapper.cpp:401(receiveLaserScan)] [topics: /rosout, /tf, /karto_out, /map, /others, /slam_path, /Mapper/vertices, /Mapper/closure_edges, /Mapper/odom_edges, /Mapper/colored_edges, /localization_result, /slam_pose_graph, /Mapper/loop_closed] PHASE2C_KEYSCAN_ACCEPTED unique_id=237 state_id=237 sim_time=432.200000
432.200000000 INFO /updateDistance [/home/wcqw/ac-slam/catkin_ws/src/cpp_solver/src/updateDistance.cpp:29(occupancyGridCallback)] [topics: /rosout, /edge_distance] Received an OccupancyGrid message!
432.200000000 INFO /updateDistance [/home/wcqw/ac-slam/catkin_ws/src/cpp_solver/src/updateDistance.cpp:30(occupancyGridCallback)] [topics: /rosout, /edge_distance] Width: 697, Height: 710, Size: 494870
432.200000000 INFO /updateDistance [/home/wcqw/ac-slam/catkin_ws/src/cpp_solver/src/updateDistance.cpp:32(occupancyGridCallback)] [topics: /rosout, /edge_distance] Map origin x: -7.738, y: -7.334
432.200000000 INFO /path_planner [path_planner.py:664(PathPlanner.handle_pose_graph)] [topics: /slam_pose_graph, /clock, /edge_distance, /pose_graph_idx, /rosout] Really visited vertices: 8 6 5 3 9 15 
432.200000000 INFO /updateDistance [/home/wcqw/ac-slam/catkin_ws/src/cpp_solver/src/updateDistance.cpp:87(occupancyGridCallback)] [topics: /rosout, /edge_distance] Free vertices size: 21
432.200000000 INFO /updateDistance [/home/wcqw/ac-slam/catkin_ws/src/cpp_solver/src/updateDistance.cpp:128(occupancyGridCallback)] [topics: /rosout, /edge_distance] 192 edge distance updated
433.400000000 INFO /Mapper [/home/wcqw/ac-slam/catkin_ws/src/navigation_2d/nav2d_karto/src/MultiMapper.cpp:401(receiveLaserScan)] [topics: /rosout, /tf, /karto_out, /map, /others, /slam_path, /Mapper/vertices, /Mapper/closure_edges, /Mapper/odom_edges, /Mapper/colored_edges, /localization_result, /slam_pose_graph, /Mapper/loop_closed] PHASE2C_KEYSCAN_ACCEPTED unique_id=238 state_id=238 sim_time=433.400000
433.400000000 INFO /updateDistance [/home/wcqw/ac-slam/catkin_ws/src/cpp_solver/src/updateDistance.cpp:29(occupancyGridCallback)] [topics: /rosout, /edge_distance] Received an OccupancyGrid message!
433.400000000 INFO /updateDistance [/home/wcqw/ac-slam/catkin_ws/src/cpp_solver/src/updateDistance.cpp:30(occupancyGridCallback)] [topics: /rosout, /edge_distance] Width: 697, Height: 710, Size: 494870
433.400000000 INFO /updateDistance [/home/wcqw/ac-slam/catkin_ws/src/cpp_solver/src/updateDistance.cpp:32(occupancyGridCallback)] [topics: /rosout, /edge_distance] Map origin x: -7.738, y: -7.334
433.400000000 WARN /RVIZ [/tmp/binarydeb/ros-noetic-tf2-0.7.10/src/buffer_core.cpp:277()] [topics: /rosout, /initialpose, /goal, /clicked_point] TF_REPEATED_DATA ignoring data with redundant timestamp for frame odom (parent offset) at time 433.400000 according to authority unknown_publisher
433.400000000 WARN /RVIZ [/tmp/binarydeb/ros-noetic-tf2-0.7.10/src/buffer_core.cpp:277()] [topics: /rosout, /initialpose, /goal, /clicked_point] TF_REPEATED_DATA ignoring data with redundant timestamp for frame offset (parent map) at time 433.400000 according to authority unknown_publisher
433.400000000 INFO /path_planner [path_planner.py:664(PathPlanner.handle_pose_graph)] [topics: /slam_pose_graph, /clock, /edge_distance, /pose_graph_idx, /rosout] Really visited vertices: 8 6 5 3 9 15 
433.400000000 INFO /updateDistance [/home/wcqw/ac-slam/catkin_ws/src/cpp_solver/src/updateDistance.cpp:87(occupancyGridCallback)] [topics: /rosout, /edge_distance] Free vertices size: 21
433.400000000 INFO /updateDistance [/home/wcqw/ac-slam/catkin_ws/src/cpp_solver/src/updateDistance.cpp:128(occupancyGridCallback)] [topics: /rosout, /edge_distance] 192 edge distance updated
434.800000000 INFO /Mapper [/home/wcqw/ac-slam/catkin_ws/src/navigation_2d/nav2d_karto/src/MultiMapper.cpp:401(receiveLaserScan)] [topics: /rosout, /tf, /karto_out, /map, /others, /slam_path, /Mapper/vertices, /Mapper/closure_edges, /Mapper/odom_edges, /Mapper/colored_edges, /localization_result, /slam_pose_graph, /Mapper/loop_closed] PHASE2C_KEYSCAN_ACCEPTED unique_id=239 state_id=239 sim_time=434.800000
435.800000000 INFO /updateDistance [/home/wcqw/ac-slam/catkin_ws/src/cpp_solver/src/updateDistance.cpp:29(occupancyGridCallback)] [topics: /rosout, /edge_distance] Received an OccupancyGrid message!
435.800000000 INFO /updateDistance [/home/wcqw/ac-slam/catkin_ws/src/cpp_solver/src/updateDistance.cpp:30(occupancyGridCallback)] [topics: /rosout, /edge_distance] Width: 697, Height: 710, Size: 494870
435.800000000 INFO /updateDistance [/home/wcqw/ac-slam/catkin_ws/src/cpp_solver/src/updateDistance.cpp:32(occupancyGridCallback)] [topics: /rosout, /edge_distance] Map origin x: -7.738, y: -7.334
435.800000000 INFO /updateDistance [/home/wcqw/ac-slam/catkin_ws/src/cpp_solver/src/updateDistance.cpp:87(occupancyGridCallback)] [topics: /rosout, /edge_distance] Free vertices size: 21
435.800000000 INFO /updateDistance [/home/wcqw/ac-slam/catkin_ws/src/cpp_solver/src/updateDistance.cpp:128(occupancyGridCallback)] [topics: /rosout, /edge_distance] 192 edge distance updated
436.200000000 INFO /Mapper [/home/wcqw/ac-slam/catkin_ws/src/navigation_2d/nav2d_karto/src/MultiMapper.cpp:401(receiveLaserScan)] [topics: /rosout, /tf, /karto_out, /map, /others, /slam_path, /Mapper/vertices, /Mapper/closure_edges, /Mapper/odom_edges, /Mapper/colored_edges, /localization_result, /slam_pose_graph, /Mapper/loop_closed] PHASE2C_KEYSCAN_ACCEPTED unique_id=240 state_id=240 sim_time=436.200000
436.300000000 INFO /Navigator [/home/wcqw/ac-slam/catkin_ws/src/cpp_solver/src/MyPlanner.cpp:520(findExplorationTarget)] [topics: /rosout, /cmd, /Navigator/plan, /Navigator/markers, /Navigator/frontiers, /Navigator/frontier_to_vertex, /Navigator/nav_goal, /Navigator/prior_map, /Navigator/visual_tsp_path, /Navigator/tsp_index, /Navigator/path_finder, /Navigator/dist_map, /finished_topic, /request_replan, /Explore/result, /Explore/feedback, /Explore/status, /MoveTo/result, /MoveTo/feedback, /MoveTo/status, /Localize/result, /Localize/feedback, /Localize/status, /GetFirstMap/result, /GetFirstMap/feedback, /GetFirstMap/status] Call local replanning...
436.300000000 INFO /path_planner [path_planner.py:321(PathPlanner.handle_replanning)] [topics: /slam_pose_graph, /clock, /edge_distance, /pose_graph_idx, /rosout] Replanning request. curr_vertex_idx: 14
436.300000000 INFO /path_planner [path_planner.py:322(PathPlanner.handle_replanning)] [topics: /slam_pose_graph, /clock, /edge_distance, /pose_graph_idx, /rosout]                     covered_vertices: ()
436.300000000 INFO /path_planner [path_planner.py:336(PathPlanner.handle_replanning)] [topics: /slam_pose_graph, /clock, /edge_distance, /pose_graph_idx, /rosout] Handle local replanning...
436.300000000 INFO /path_planner [path_planner.py:389(PathPlanner.handle_local_replanning)] [topics: /slam_pose_graph, /clock, /edge_distance, /pose_graph_idx, /rosout] Local path to replan: [19, 15]
436.300000000 INFO /path_planner [path_planner.py:348(PathPlanner.handle_replanning)] [topics: /slam_pose_graph, /clock, /edge_distance, /pose_graph_idx, /rosout] curr path length: 43, is_loop length: 43
436.300000000 INFO /path_planner [path_planner.py:360(PathPlanner.handle_replanning)] [topics: /slam_pose_graph, /clock, /edge_distance, /pose_graph_idx, /rosout] Send new plan: 8 7 6 5 4 3 9 15 16 10 11 35 37 20 19  ---> 15(L) 19 23 29 30 24 25 31 32 26 27 33 34 28 22 21 38 37(L) 38 36 12 13 14 8(L) 14 18 17 21(L) 
436.300000000 INFO /Navigator [/home/wcqw/ac-slam/catkin_ws/src/cpp_solver/src/MyPlanner.cpp:548(findExplorationTarget)] [topics: /rosout, /cmd, /Navigator/plan, /Navigator/markers, /Navigator/frontiers, /Navigator/frontier_to_vertex, /Navigator/nav_goal, /Navigator/prior_map, /Navigator/visual_tsp_path, /Navigator/tsp_index, /Navigator/path_finder, /Navigator/dist_map, /finished_topic, /request_replan, /Explore/result, /Explore/feedback, /Explore/status, /MoveTo/result, /MoveTo/feedback, /MoveTo/status, /Localize/result, /Localize/feedback, /Localize/status, /GetFirstMap/result, /GetFirstMap/feedback, /GetFirstMap/status] Reach vertex 19
436.300000000 WARN /Navigator [/home/wcqw/ac-slam/catkin_ws/src/cpp_solver/src/MyPlanner.cpp:609(findExplorationTarget)] [topics: /rosout, /cmd, /Navigator/plan, /Navigator/markers, /Navigator/frontiers, /Navigator/frontier_to_vertex, /Navigator/nav_goal, /Navigator/prior_map, /Navigator/visual_tsp_path, /Navigator/tsp_index, /Navigator/path_finder, /Navigator/dist_map, /finished_topic, /request_replan, /Explore/result, /Explore/feedback, /Explore/status, /MoveTo/result, /MoveTo/feedback, /MoveTo/status, /Localize/result, /Localize/feedback, /Localize/status, /GetFirstMap/result, /GetFirstMap/feedback, /GetFirstMap/status] No frontier at vertex 19. #Frontier: 0
436.300000000 INFO /Navigator [/home/wcqw/ac-slam/catkin_ws/src/cpp_solver/src/MyPlanner.cpp:318(getUsefulGoalIndex)] [topics: /rosout, /cmd, /Navigator/plan, /Navigator/markers, /Navigator/frontiers, /Navigator/frontier_to_vertex, /Navigator/nav_goal, /Navigator/prior_map, /Navigator/visual_tsp_path, /Navigator/tsp_index, /Navigator/path_finder, /Navigator/dist_map, /finished_topic, /request_replan, /Explore/result, /Explore/feedback, /Explore/status, /MoveTo/result, /MoveTo/feedback, /MoveTo/status, /Localize/result, /Localize/feedback, /Localize/status, /GetFirstMap/result, /GetFirstMap/feedback, /GetFirstMap/status] Set newGoal 15
437.600000000 INFO /Mapper [/home/wcqw/ac-slam/catkin_ws/src/navigation_2d/nav2d_karto/src/MultiMapper.cpp:401(receiveLaserScan)] [topics: /rosout, /tf, /karto_out, /map, /others, /slam_path, /Mapper/vertices, /Mapper/closure_edges, /Mapper/odom_edges, /Mapper/colored_edges, /localization_result, /slam_pose_graph, /Mapper/loop_closed] PHASE2C_KEYSCAN_ACCEPTED unique_id=241 state_id=241 sim_time=437.600000
439.000000000 INFO /Mapper [/home/wcqw/ac-slam/catkin_ws/src/navigation_2d/nav2d_karto/src/MultiMapper.cpp:401(receiveLaserScan)] [topics: /rosout, /tf, /karto_out, /map, /others, /slam_path, /Mapper/vertices, /Mapper/closure_edges, /Mapper/odom_edges, /Mapper/colored_edges, /localization_result, /slam_pose_graph, /Mapper/loop_closed] PHASE2C_KEYSCAN_ACCEPTED unique_id=242 state_id=242 sim_time=439.000000
440.300000000 INFO /Mapper [/home/wcqw/ac-slam/catkin_ws/src/navigation_2d/nav2d_karto/src/MultiMapper.cpp:401(receiveLaserScan)] [topics: /rosout, /tf, /karto_out, /map, /others, /slam_path, /Mapper/vertices, /Mapper/closure_edges, /Mapper/odom_edges, /Mapper/colored_edges, /localization_result, /slam_pose_graph, /Mapper/loop_closed] PHASE2C_KEYSCAN_ACCEPTED unique_id=243 state_id=243 sim_time=440.300000
441.700000000 INFO /updateDistance [/home/wcqw/ac-slam/catkin_ws/src/cpp_solver/src/updateDistance.cpp:29(occupancyGridCallback)] [topics: /rosout, /edge_distance] Received an OccupancyGrid message!
441.700000000 INFO /updateDistance [/home/wcqw/ac-slam/catkin_ws/src/cpp_solver/src/updateDistance.cpp:30(occupancyGridCallback)] [topics: /rosout, /edge_distance] Width: 697, Height: 710, Size: 494870
441.700000000 INFO /updateDistance [/home/wcqw/ac-slam/catkin_ws/src/cpp_solver/src/updateDistance.cpp:32(occupancyGridCallback)] [topics: /rosout, /edge_distance] Map origin x: -7.738, y: -7.334
441.700000000 INFO /updateDistance [/home/wcqw/ac-slam/catkin_ws/src/cpp_solver/src/updateDistance.cpp:87(occupancyGridCallback)] [topics: /rosout, /edge_distance] Free vertices size: 22
441.700000000 INFO /Mapper [/home/wcqw/ac-slam/catkin_ws/src/navigation_2d/nav2d_karto/src/MultiMapper.cpp:401(receiveLaserScan)] [topics: /rosout, /tf, /karto_out, /map, /others, /slam_path, /Mapper/vertices, /Mapper/closure_edges, /Mapper/odom_edges, /Mapper/colored_edges, /localization_result, /slam_pose_graph, /Mapper/loop_closed] PHASE2C_KEYSCAN_ACCEPTED unique_id=244 state_id=244 sim_time=441.700000
441.900000000 INFO /updateDistance [/home/wcqw/ac-slam/catkin_ws/src/cpp_solver/src/updateDistance.cpp:128(occupancyGridCallback)] [topics: /rosout, /edge_distance] 211 edge distance updated
442.100000000 INFO /Navigator [/home/wcqw/ac-slam/catkin_ws/src/cpp_solver/src/MyPlanner.cpp:535(findExplorationTarget)] [topics: /rosout, /cmd, /Navigator/plan, /Navigator/markers, /Navigator/frontiers, /Navigator/frontier_to_vertex, /Navigator/nav_goal, /Navigator/prior_map, /Navigator/visual_tsp_path, /Navigator/tsp_index, /Navigator/path_finder, /Navigator/dist_map, /finished_topic, /request_replan, /Explore/result, /Explore/feedback, /Explore/status, /MoveTo/result, /MoveTo/feedback, /MoveTo/status, /Localize/result, /Localize/feedback, /Localize/status, /GetFirstMap/result, /GetFirstMap/feedback, /GetFirstMap/status] Next target is loop vertex 15(L)
442.100000000 INFO /path_planner [path_planner.py:865(PathPlanner.handle_reliable_loop)] [topics: /slam_pose_graph, /clock, /edge_distance, /pose_graph_idx, /rosout] PHASE4A_SELECTIVE_DECISION vertex=15 span_m=4.88 gate=4.00 decision=NO_REPAIR
442.100000000 INFO /Navigator [/home/wcqw/ac-slam/catkin_ws/src/cpp_solver/src/MyPlanner.cpp:231(setReliableLoopPath)] [topics: /rosout, /cmd, /Navigator/plan, /Navigator/markers, /Navigator/frontiers, /Navigator/frontier_to_vertex, /Navigator/nav_goal, /Navigator/prior_map, /Navigator/visual_tsp_path, /Navigator/tsp_index, /Navigator/path_finder, /Navigator/dist_map, /finished_topic, /request_replan, /Explore/result, /Explore/feedback, /Explore/status, /MoveTo/result, /MoveTo/feedback, /MoveTo/status, /Localize/result, /Localize/feedback, /Localize/status, /GetFirstMap/result, /GetFirstMap/feedback, /GetFirstMap/status] Set reliable loop closing path from reliable_loop_service.
442.100000000 INFO /Navigator [/home/wcqw/ac-slam/catkin_ws/src/cpp_solver/src/MyPlanner.cpp:263(setReliableLoopPath)] [topics: /rosout, /cmd, /Navigator/plan, /Navigator/markers, /Navigator/frontiers, /Navigator/frontier_to_vertex, /Navigator/nav_goal, /Navigator/prior_map, /Navigator/visual_tsp_path, /Navigator/tsp_index, /Navigator/path_finder, /Navigator/dist_map, /finished_topic, /request_replan, /Explore/result, /Explore/feedback, /Explore/status, /MoveTo/result, /MoveTo/feedback, /MoveTo/status, /Localize/result, /Localize/feedback, /Localize/status, /GetFirstMap/result, /GetFirstMap/feedback, /GetFirstMap/status] PHASE2_LOOP_PLANNED vertex=15 source=reliable_loop_service waypoints=6 path=20.7160473,57.3121681;21.3957653,56.5892029;21.9049854,55.7037354;21.9616604,54.7187614;21.9571362,53.8245201;21.8870144,52.8426704
442.100000000 INFO /Navigator [/home/wcqw/ac-slam/catkin_ws/src/navigation_2d/nav2d_navigator/src/RobotNavigator.cpp:878(receiveExploreGoal)] [topics: /rosout, /cmd, /Navigator/plan, /Navigator/markers, /Navigator/frontiers, /Navigator/frontier_to_vertex, /Navigator/nav_goal, /Navigator/prior_map, /Navigator/visual_tsp_path, /Navigator/tsp_index, /Navigator/path_finder, /Navigator/dist_map, /finished_topic, /request_replan, /Explore/result, /Explore/feedback, /Explore/status, /MoveTo/result, /MoveTo/feedback, /MoveTo/status, /Localize/result, /Localize/feedback, /Localize/status, /GetFirstMap/result, /GetFirstMap/feedback, /GetFirstMap/status] Exploration is waiting.
447.800000000 INFO /updateDistance [/home/wcqw/ac-slam/catkin_ws/src/cpp_solver/src/updateDistance.cpp:29(occupancyGridCallback)] [topics: /rosout, /edge_distance] Received an OccupancyGrid message!
447.800000000 INFO /updateDistance [/home/wcqw/ac-slam/catkin_ws/src/cpp_solver/src/updateDistance.cpp:30(occupancyGridCallback)] [topics: /rosout, /edge_distance] Width: 697, Height: 710, Size: 494870
447.800000000 INFO /updateDistance [/home/wcqw/ac-slam/catkin_ws/src/cpp_solver/src/updateDistance.cpp:32(occupancyGridCallback)] [topics: /rosout, /edge_distance] Map origin x: -7.738, y: -7.334
447.800000000 INFO /updateDistance [/home/wcqw/ac-slam/catkin_ws/src/cpp_solver/src/updateDistance.cpp:87(occupancyGridCallback)] [topics: /rosout, /edge_distance] Free vertices size: 22
447.800000000 INFO /updateDistance [/home/wcqw/ac-slam/catkin_ws/src/cpp_solver/src/updateDistance.cpp:128(occupancyGridCallback)] [topics: /rosout, /edge_distance] 211 edge distance updated
448.100000000 INFO /Navigator [/home/wcqw/ac-slam/catkin_ws/src/cpp_solver/src/MyPlanner.cpp:335(performReliableLooping)] [topics: /rosout, /cmd, /Navigator/plan, /Navigator/markers, /Navigator/frontiers, /Navigator/frontier_to_vertex, /Navigator/nav_goal, /Navigator/prior_map, /Navigator/visual_tsp_path, /Navigator/tsp_index, /Navigator/path_finder, /Navigator/dist_map, /finished_topic, /request_replan, /Explore/result, /Explore/feedback, /Explore/status, /MoveTo/result, /MoveTo/feedback, /MoveTo/status, /Localize/result, /Localize/feedback, /Localize/status, /GetFirstMap/result, /GetFirstMap/feedback, /GetFirstMap/status] PHASE2_LOOP_EXECUTION_STARTED vertex=15 waypoints=6
449.200000000 INFO /Mapper [/home/wcqw/ac-slam/catkin_ws/src/navigation_2d/nav2d_karto/src/MultiMapper.cpp:401(receiveLaserScan)] [topics: /rosout, /tf, /karto_out, /map, /others, /slam_path, /Mapper/vertices, /Mapper/closure_edges, /Mapper/odom_edges, /Mapper/colored_edges, /localization_result, /slam_pose_graph, /Mapper/loop_closed] PHASE2C_KEYSCAN_ACCEPTED unique_id=245 state_id=245 sim_time=449.200000
450.400000000 INFO /Mapper [/home/wcqw/ac-slam/catkin_ws/src/navigation_2d/nav2d_karto/src/MultiMapper.cpp:401(receiveLaserScan)] [topics: /rosout, /tf, /karto_out, /map, /others, /slam_path, /Mapper/vertices, /Mapper/closure_edges, /Mapper/odom_edges, /Mapper/colored_edges, /localization_result, /slam_pose_graph, /Mapper/loop_closed] PHASE2C_KEYSCAN_ACCEPTED unique_id=246 state_id=246 sim_time=450.400000
451.800000000 INFO /Mapper [/home/wcqw/ac-slam/catkin_ws/src/navigation_2d/nav2d_karto/src/MultiMapper.cpp:401(receiveLaserScan)] [topics: /rosout, /tf, /karto_out, /map, /others, /slam_path, /Mapper/vertices, /Mapper/closure_edges, /Mapper/odom_edges, /Mapper/colored_edges, /localization_result, /slam_pose_graph, /Mapper/loop_closed] PHASE2C_KEYSCAN_ACCEPTED unique_id=247 state_id=247 sim_time=451.800000
453.400000000 INFO /Mapper [/home/wcqw/ac-slam/catkin_ws/src/navigation_2d/nav2d_karto/src/MultiMapper.cpp:401(receiveLaserScan)] [topics: /rosout, /tf, /karto_out, /map, /others, /slam_path, /Mapper/vertices, /Mapper/closure_edges, /Mapper/odom_edges, /Mapper/colored_edges, /localization_result, /slam_pose_graph, /Mapper/loop_closed] PHASE2C_KEYSCAN_ACCEPTED unique_id=248 state_id=248 sim_time=453.400000
453.400000000 INFO /updateDistance [/home/wcqw/ac-slam/catkin_ws/src/cpp_solver/src/updateDistance.cpp:29(occupancyGridCallback)] [topics: /rosout, /edge_distance] Received an OccupancyGrid message!
453.400000000 INFO /updateDistance [/home/wcqw/ac-slam/catkin_ws/src/cpp_solver/src/updateDistance.cpp:30(occupancyGridCallback)] [topics: /rosout, /edge_distance] Width: 697, Height: 710, Size: 494870
453.400000000 INFO /updateDistance [/home/wcqw/ac-slam/catkin_ws/src/cpp_solver/src/updateDistance.cpp:32(occupancyGridCallback)] [topics: /rosout, /edge_distance] Map origin x: -7.738, y: -7.334
453.400000000 INFO /path_planner [path_planner.py:664(PathPlanner.handle_pose_graph)] [topics: /slam_pose_graph, /clock, /edge_distance, /pose_graph_idx, /rosout] Really visited vertices: 8 6 5 3 9 15 19 
453.400000000 INFO /updateDistance [/home/wcqw/ac-slam/catkin_ws/src/cpp_solver/src/updateDistance.cpp:87(occupancyGridCallback)] [topics: /rosout, /edge_distance] Free vertices size: 22
453.400000000 INFO /updateDistance [/home/wcqw/ac-slam/catkin_ws/src/cpp_solver/src/updateDistance.cpp:128(occupancyGridCallback)] [topics: /rosout, /edge_distance] 211 edge distance updated
453.700000000 INFO /updateDistance [/home/wcqw/ac-slam/catkin_ws/src/cpp_solver/src/updateDistance.cpp:29(occupancyGridCallback)] [topics: /rosout, /edge_distance] Received an OccupancyGrid message!
453.700000000 INFO /updateDistance [/home/wcqw/ac-slam/catkin_ws/src/cpp_solver/src/updateDistance.cpp:30(occupancyGridCallback)] [topics: /rosout, /edge_distance] Width: 697, Height: 710, Size: 494870
453.700000000 INFO /updateDistance [/home/wcqw/ac-slam/catkin_ws/src/cpp_solver/src/updateDistance.cpp:32(occupancyGridCallback)] [topics: /rosout, /edge_distance] Map origin x: -7.738, y: -7.334
453.700000000 INFO /updateDistance [/home/wcqw/ac-slam/catkin_ws/src/cpp_solver/src/updateDistance.cpp:87(occupancyGridCallback)] [topics: /rosout, /edge_distance] Free vertices size: 22
453.700000000 INFO /updateDistance [/home/wcqw/ac-slam/catkin_ws/src/cpp_solver/src/updateDistance.cpp:128(occupancyGridCallback)] [topics: /rosout, /edge_distance] 211 edge distance updated
455.000000000 INFO /Mapper [/home/wcqw/ac-slam/catkin_ws/src/navigation_2d/nav2d_karto/src/MultiMapper.cpp:401(receiveLaserScan)] [topics: /rosout, /tf, /karto_out, /map, /others, /slam_path, /Mapper/vertices, /Mapper/closure_edges, /Mapper/odom_edges, /Mapper/colored_edges, /localization_result, /slam_pose_graph, /Mapper/loop_closed] PHASE2C_KEYSCAN_ACCEPTED unique_id=249 state_id=249 sim_time=455.000000
457.400000000 INFO /Mapper [/home/wcqw/ac-slam/catkin_ws/src/navigation_2d/nav2d_karto/src/MultiMapper.cpp:401(receiveLaserScan)] [topics: /rosout, /tf, /karto_out, /map, /others, /slam_path, /Mapper/vertices, /Mapper/closure_edges, /Mapper/odom_edges, /Mapper/colored_edges, /localization_result, /slam_pose_graph, /Mapper/loop_closed] PHASE2C_KEYSCAN_ACCEPTED unique_id=250 state_id=250 sim_time=457.400000
459.800000000 INFO /updateDistance [/home/wcqw/ac-slam/catkin_ws/src/cpp_solver/src/updateDistance.cpp:29(occupancyGridCallback)] [topics: /rosout, /edge_distance] Received an OccupancyGrid message!
459.800000000 INFO /updateDistance [/home/wcqw/ac-slam/catkin_ws/src/cpp_solver/src/updateDistance.cpp:30(occupancyGridCallback)] [topics: /rosout, /edge_distance] Width: 697, Height: 710, Size: 494870
459.800000000 INFO /updateDistance [/home/wcqw/ac-slam/catkin_ws/src/cpp_solver/src/updateDistance.cpp:32(occupancyGridCallback)] [topics: /rosout, /edge_distance] Map origin x: -7.738, y: -7.334
459.800000000 INFO /updateDistance [/home/wcqw/ac-slam/catkin_ws/src/cpp_solver/src/updateDistance.cpp:87(occupancyGridCallback)] [topics: /rosout, /edge_distance] Free vertices size: 22
459.800000000 INFO /updateDistance [/home/wcqw/ac-slam/catkin_ws/src/cpp_solver/src/updateDistance.cpp:128(occupancyGridCallback)] [topics: /rosout, /edge_distance] 211 edge distance updated
461.800000000 INFO /Mapper [/home/wcqw/ac-slam/catkin_ws/src/navigation_2d/nav2d_karto/src/MultiMapper.cpp:401(receiveLaserScan)] [topics: /rosout, /tf, /karto_out, /map, /others, /slam_path, /Mapper/vertices, /Mapper/closure_edges, /Mapper/odom_edges, /Mapper/colored_edges, /localization_result, /slam_pose_graph, /Mapper/loop_closed] PHASE2C_KEYSCAN_ACCEPTED unique_id=251 state_id=251 sim_time=461.800000
465.700000000 INFO /updateDistance [/home/wcqw/ac-slam/catkin_ws/src/cpp_solver/src/updateDistance.cpp:29(occupancyGridCallback)] [topics: /rosout, /edge_distance] Received an OccupancyGrid message!
465.700000000 INFO /updateDistance [/home/wcqw/ac-slam/catkin_ws/src/cpp_solver/src/updateDistance.cpp:30(occupancyGridCallback)] [topics: /rosout, /edge_distance] Width: 697, Height: 710, Size: 494870
465.700000000 INFO /updateDistance [/home/wcqw/ac-slam/catkin_ws/src/cpp_solver/src/updateDistance.cpp:32(occupancyGridCallback)] [topics: /rosout, /edge_distance] Map origin x: -7.738, y: -7.334
465.700000000 INFO /updateDistance [/home/wcqw/ac-slam/catkin_ws/src/cpp_solver/src/updateDistance.cpp:87(occupancyGridCallback)] [topics: /rosout, /edge_distance] Free vertices size: 22
465.700000000 INFO /updateDistance [/home/wcqw/ac-slam/catkin_ws/src/cpp_solver/src/updateDistance.cpp:128(occupancyGridCallback)] [topics: /rosout, /edge_distance] 211 edge distance updated
466.600000000 INFO /Mapper [/home/wcqw/ac-slam/catkin_ws/src/navigation_2d/nav2d_karto/src/MultiMapper.cpp:401(receiveLaserScan)] [topics: /rosout, /tf, /karto_out, /map, /others, /slam_path, /Mapper/vertices, /Mapper/closure_edges, /Mapper/odom_edges, /Mapper/colored_edges, /localization_result, /slam_pose_graph, /Mapper/loop_closed] PHASE2C_KEYSCAN_ACCEPTED unique_id=252 state_id=252 sim_time=466.600000
471.200000000 INFO /Mapper [/home/wcqw/ac-slam/catkin_ws/src/navigation_2d/nav2d_karto/src/MultiMapper.cpp:401(receiveLaserScan)] [topics: /rosout, /tf, /karto_out, /map, /others, /slam_path, /Mapper/vertices, /Mapper/closure_edges, /Mapper/odom_edges, /Mapper/colored_edges, /localization_result, /slam_pose_graph, /Mapper/loop_closed] PHASE2C_KEYSCAN_ACCEPTED unique_id=253 state_id=253 sim_time=471.200000
471.200000000 INFO /updateDistance [/home/wcqw/ac-slam/catkin_ws/src/cpp_solver/src/updateDistance.cpp:29(occupancyGridCallback)] [topics: /rosout, /edge_distance] Received an OccupancyGrid message!
471.200000000 INFO /updateDistance [/home/wcqw/ac-slam/catkin_ws/src/cpp_solver/src/updateDistance.cpp:30(occupancyGridCallback)] [topics: /rosout, /edge_distance] Width: 697, Height: 710, Size: 494870
471.200000000 INFO /updateDistance [/home/wcqw/ac-slam/catkin_ws/src/cpp_solver/src/updateDistance.cpp:32(occupancyGridCallback)] [topics: /rosout, /edge_distance] Map origin x: -7.738, y: -7.334
471.200000000 INFO /path_planner [path_planner.py:664(PathPlanner.handle_pose_graph)] [topics: /slam_pose_graph, /clock, /edge_distance, /pose_graph_idx, /rosout] Really visited vertices: 8 6 5 3 9 15 19 15 
471.200000000 INFO /updateDistance [/home/wcqw/ac-slam/catkin_ws/src/cpp_solver/src/updateDistance.cpp:87(occupancyGridCallback)] [topics: /rosout, /edge_distance] Free vertices size: 22
471.200000000 INFO /updateDistance [/home/wcqw/ac-slam/catkin_ws/src/cpp_solver/src/updateDistance.cpp:128(occupancyGridCallback)] [topics: /rosout, /edge_distance] 211 edge distance updated
471.700000000 INFO /updateDistance [/home/wcqw/ac-slam/catkin_ws/src/cpp_solver/src/updateDistance.cpp:29(occupancyGridCallback)] [topics: /rosout, /edge_distance] Received an OccupancyGrid message!
471.700000000 INFO /updateDistance [/home/wcqw/ac-slam/catkin_ws/src/cpp_solver/src/updateDistance.cpp:30(occupancyGridCallback)] [topics: /rosout, /edge_distance] Width: 697, Height: 710, Size: 494870
471.700000000 INFO /updateDistance [/home/wcqw/ac-slam/catkin_ws/src/cpp_solver/src/updateDistance.cpp:32(occupancyGridCallback)] [topics: /rosout, /edge_distance] Map origin x: -7.738, y: -7.334
471.700000000 INFO /updateDistance [/home/wcqw/ac-slam/catkin_ws/src/cpp_solver/src/updateDistance.cpp:87(occupancyGridCallback)] [topics: /rosout, /edge_distance] Free vertices size: 22
471.700000000 INFO /updateDistance [/home/wcqw/ac-slam/catkin_ws/src/cpp_solver/src/updateDistance.cpp:128(occupancyGridCallback)] [topics: /rosout, /edge_distance] 211 edge distance updated
473.800000000 INFO /updateDistance [/home/wcqw/ac-slam/catkin_ws/src/cpp_solver/src/updateDistance.cpp:29(occupancyGridCallback)] [topics: /rosout, /edge_distance] Received an OccupancyGrid message!
473.800000000 INFO /updateDistance [/home/wcqw/ac-slam/catkin_ws/src/cpp_solver/src/updateDistance.cpp:30(occupancyGridCallback)] [topics: /rosout, /edge_distance] Width: 697, Height: 710, Size: 494870
473.800000000 INFO /updateDistance [/home/wcqw/ac-slam/catkin_ws/src/cpp_solver/src/updateDistance.cpp:32(occupancyGridCallback)] [topics: /rosout, /edge_distance] Map origin x: -7.738, y: -7.334
473.900000000 INFO /updateDistance [/home/wcqw/ac-slam/catkin_ws/src/cpp_solver/src/updateDistance.cpp:87(occupancyGridCallback)] [topics: /rosout, /edge_distance] Free vertices size: 22
473.900000000 INFO /updateDistance [/home/wcqw/ac-slam/catkin_ws/src/cpp_solver/src/updateDistance.cpp:128(occupancyGridCallback)] [topics: /rosout, /edge_distance] 211 edge distance updated
474.500000000 WARN /RVIZ [/tmp/binarydeb/ros-noetic-tf2-0.7.10/src/buffer_core.cpp:277()] [topics: /rosout, /initialpose, /goal, /clicked_point] TF_REPEATED_DATA ignoring data with redundant timestamp for frame odom (parent offset) at time 474.500000 according to authority unknown_publisher
474.500000000 WARN /RVIZ [/tmp/binarydeb/ros-noetic-tf2-0.7.10/src/buffer_core.cpp:277()] [topics: /rosout, /initialpose, /goal, /clicked_point] TF_REPEATED_DATA ignoring data with redundant timestamp for frame offset (parent map) at time 474.500000 according to authority unknown_publisher
475.700000000 INFO /updateDistance [/home/wcqw/ac-slam/catkin_ws/src/cpp_solver/src/updateDistance.cpp:29(occupancyGridCallback)] [topics: /rosout, /edge_distance] Received an OccupancyGrid message!
475.700000000 INFO /updateDistance [/home/wcqw/ac-slam/catkin_ws/src/cpp_solver/src/updateDistance.cpp:30(occupancyGridCallback)] [topics: /rosout, /edge_distance] Width: 697, Height: 710, Size: 494870
475.700000000 INFO /updateDistance [/home/wcqw/ac-slam/catkin_ws/src/cpp_solver/src/updateDistance.cpp:32(occupancyGridCallback)] [topics: /rosout, /edge_distance] Map origin x: -7.738, y: -7.334
475.700000000 INFO /updateDistance [/home/wcqw/ac-slam/catkin_ws/src/cpp_solver/src/updateDistance.cpp:87(occupancyGridCallback)] [topics: /rosout, /edge_distance] Free vertices size: 22
475.700000000 INFO /updateDistance [/home/wcqw/ac-slam/catkin_ws/src/cpp_solver/src/updateDistance.cpp:128(occupancyGridCallback)] [topics: /rosout, /edge_distance] 211 edge distance updated
475.900000000 INFO /Mapper [/home/wcqw/ac-slam/catkin_ws/src/navigation_2d/nav2d_karto/src/MultiMapper.cpp:401(receiveLaserScan)] [topics: /rosout, /tf, /karto_out, /map, /others, /slam_path, /Mapper/vertices, /Mapper/closure_edges, /Mapper/odom_edges, /Mapper/colored_edges, /localization_result, /slam_pose_graph, /Mapper/loop_closed] PHASE2C_KEYSCAN_ACCEPTED unique_id=254 state_id=254 sim_time=475.800000
476.300000000 WARN /RVIZ [/tmp/binarydeb/ros-noetic-tf2-0.7.10/src/buffer_core.cpp:277()] [topics: /rosout, /initialpose, /goal, /clicked_point] TF_REPEATED_DATA ignoring data with redundant timestamp for frame odom (parent offset) at time 476.300000 according to authority unknown_publisher
476.300000000 WARN /RVIZ [/tmp/binarydeb/ros-noetic-tf2-0.7.10/src/buffer_core.cpp:277()] [topics: /rosout, /initialpose, /goal, /clicked_point] TF_REPEATED_DATA ignoring data with redundant timestamp for frame offset (parent map) at time 476.300000 according to authority unknown_publisher
477.900000000 INFO /updateDistance [/home/wcqw/ac-slam/catkin_ws/src/cpp_solver/src/updateDistance.cpp:29(occupancyGridCallback)] [topics: /rosout, /edge_distance] Received an OccupancyGrid message!
477.900000000 INFO /updateDistance [/home/wcqw/ac-slam/catkin_ws/src/cpp_solver/src/updateDistance.cpp:30(occupancyGridCallback)] [topics: /rosout, /edge_distance] Width: 697, Height: 710, Size: 494870
477.900000000 INFO /updateDistance [/home/wcqw/ac-slam/catkin_ws/src/cpp_solver/src/updateDistance.cpp:32(occupancyGridCallback)] [topics: /rosout, /edge_distance] Map origin x: -7.738, y: -7.334
477.900000000 INFO /updateDistance [/home/wcqw/ac-slam/catkin_ws/src/cpp_solver/src/updateDistance.cpp:87(occupancyGridCallback)] [topics: /rosout, /edge_distance] Free vertices size: 22
477.900000000 INFO /updateDistance [/home/wcqw/ac-slam/catkin_ws/src/cpp_solver/src/updateDistance.cpp:128(occupancyGridCallback)] [topics: /rosout, /edge_distance] 211 edge distance updated
479.700000000 WARN /RVIZ [/tmp/binarydeb/ros-noetic-tf2-0.7.10/src/buffer_core.cpp:277()] [topics: /rosout, /initialpose, /goal, /clicked_point] TF_REPEATED_DATA ignoring data with redundant timestamp for frame odom (parent offset) at time 479.700000 according to authority unknown_publisher
479.700000000 WARN /RVIZ [/tmp/binarydeb/ros-noetic-tf2-0.7.10/src/buffer_core.cpp:277()] [topics: /rosout, /initialpose, /goal, /clicked_point] TF_REPEATED_DATA ignoring data with redundant timestamp for frame offset (parent map) at time 479.700000 according to authority unknown_publisher
479.800000000 INFO /updateDistance [/home/wcqw/ac-slam/catkin_ws/src/cpp_solver/src/updateDistance.cpp:29(occupancyGridCallback)] [topics: /rosout, /edge_distance] Received an OccupancyGrid message!
479.800000000 INFO /updateDistance [/home/wcqw/ac-slam/catkin_ws/src/cpp_solver/src/updateDistance.cpp:30(occupancyGridCallback)] [topics: /rosout, /edge_distance] Width: 697, Height: 710, Size: 494870
479.800000000 INFO /updateDistance [/home/wcqw/ac-slam/catkin_ws/src/cpp_solver/src/updateDistance.cpp:32(occupancyGridCallback)] [topics: /rosout, /edge_distance] Map origin x: -7.738, y: -7.334
479.900000000 INFO /updateDistance [/home/wcqw/ac-slam/catkin_ws/src/cpp_solver/src/updateDistance.cpp:87(occupancyGridCallback)] [topics: /rosout, /edge_distance] Free vertices size: 22
479.900000000 INFO /updateDistance [/home/wcqw/ac-slam/catkin_ws/src/cpp_solver/src/updateDistance.cpp:128(occupancyGridCallback)] [topics: /rosout, /edge_distance] 211 edge distance updated
480.500000000 INFO /Mapper [/home/wcqw/ac-slam/catkin_ws/src/navigation_2d/nav2d_karto/src/MultiMapper.cpp:401(receiveLaserScan)] [topics: /rosout, /tf, /karto_out, /map, /others, /slam_path, /Mapper/vertices, /Mapper/closure_edges, /Mapper/odom_edges, /Mapper/colored_edges, /localization_result, /slam_pose_graph, /Mapper/loop_closed] PHASE2C_KEYSCAN_ACCEPTED unique_id=255 state_id=255 sim_time=480.500000
481.900000000 INFO /updateDistance [/home/wcqw/ac-slam/catkin_ws/src/cpp_solver/src/updateDistance.cpp:29(occupancyGridCallback)] [topics: /rosout, /edge_distance] Received an OccupancyGrid message!
481.900000000 INFO /updateDistance [/home/wcqw/ac-slam/catkin_ws/src/cpp_solver/src/updateDistance.cpp:30(occupancyGridCallback)] [topics: /rosout, /edge_distance] Width: 697, Height: 710, Size: 494870
481.900000000 INFO /updateDistance [/home/wcqw/ac-slam/catkin_ws/src/cpp_solver/src/updateDistance.cpp:32(occupancyGridCallback)] [topics: /rosout, /edge_distance] Map origin x: -7.738, y: -7.334
481.900000000 INFO /updateDistance [/home/wcqw/ac-slam/catkin_ws/src/cpp_solver/src/updateDistance.cpp:87(occupancyGridCallback)] [topics: /rosout, /edge_distance] Free vertices size: 22
481.900000000 INFO /updateDistance [/home/wcqw/ac-slam/catkin_ws/src/cpp_solver/src/updateDistance.cpp:128(occupancyGridCallback)] [topics: /rosout, /edge_distance] 211 edge distance updated
482.900000000 WARN /RVIZ [/tmp/binarydeb/ros-noetic-tf2-0.7.10/src/buffer_core.cpp:277()] [topics: /rosout, /initialpose, /goal, /clicked_point] TF_REPEATED_DATA ignoring data with redundant timestamp for frame odom (parent offset) at time 482.900000 according to authority unknown_publisher
482.900000000 WARN /RVIZ [/tmp/binarydeb/ros-noetic-tf2-0.7.10/src/buffer_core.cpp:277()] [topics: /rosout, /initialpose, /goal, /clicked_point] TF_REPEATED_DATA ignoring data with redundant timestamp for frame offset (parent map) at time 482.900000 according to authority unknown_publisher
483.700000000 INFO /updateDistance [/home/wcqw/ac-slam/catkin_ws/src/cpp_solver/src/updateDistance.cpp:29(occupancyGridCallback)] [topics: /rosout, /edge_distance] Received an OccupancyGrid message!
483.700000000 INFO /updateDistance [/home/wcqw/ac-slam/catkin_ws/src/cpp_solver/src/updateDistance.cpp:30(occupancyGridCallback)] [topics: /rosout, /edge_distance] Width: 697, Height: 710, Size: 494870
483.700000000 INFO /updateDistance [/home/wcqw/ac-slam/catkin_ws/src/cpp_solver/src/updateDistance.cpp:32(occupancyGridCallback)] [topics: /rosout, /edge_distance] Map origin x: -7.738, y: -7.334
483.700000000 INFO /updateDistance [/home/wcqw/ac-slam/catkin_ws/src/cpp_solver/src/updateDistance.cpp:87(occupancyGridCallback)] [topics: /rosout, /edge_distance] Free vertices size: 22
483.700000000 INFO /updateDistance [/home/wcqw/ac-slam/catkin_ws/src/cpp_solver/src/updateDistance.cpp:128(occupancyGridCallback)] [topics: /rosout, /edge_distance] 211 edge distance updated
483.700000000 INFO /Navigator [/home/wcqw/ac-slam/catkin_ws/src/cpp_solver/src/MyPlanner.cpp:351(performReliableLooping)] [topics: /rosout, /cmd, /Navigator/plan, /Navigator/markers, /Navigator/frontiers, /Navigator/frontier_to_vertex, /Navigator/nav_goal, /Navigator/prior_map, /Navigator/visual_tsp_path, /Navigator/tsp_index, /Navigator/path_finder, /Navigator/dist_map, /finished_topic, /request_replan, /Explore/result, /Explore/feedback, /Explore/status, /MoveTo/result, /MoveTo/feedback, /MoveTo/status, /Localize/result, /Localize/feedback, /Localize/status, /GetFirstMap/result, /GetFirstMap/feedback, /GetFirstMap/status] PHASE2_LOOP_WAYPOINT_REACHED vertex=15 waypoint=0
484.900000000 INFO /Mapper [/home/wcqw/ac-slam/catkin_ws/src/navigation_2d/nav2d_karto/src/MultiMapper.cpp:401(receiveLaserScan)] [topics: /rosout, /tf, /karto_out, /map, /others, /slam_path, /Mapper/vertices, /Mapper/closure_edges, /Mapper/odom_edges, /Mapper/colored_edges, /localization_result, /slam_pose_graph, /Mapper/loop_closed] PHASE2C_KEYSCAN_ACCEPTED unique_id=256 state_id=256 sim_time=484.800000
484.900000000 INFO /updateDistance [/home/wcqw/ac-slam/catkin_ws/src/cpp_solver/src/updateDistance.cpp:29(occupancyGridCallback)] [topics: /rosout, /edge_distance] Received an OccupancyGrid message!
484.900000000 INFO /updateDistance [/home/wcqw/ac-slam/catkin_ws/src/cpp_solver/src/updateDistance.cpp:30(occupancyGridCallback)] [topics: /rosout, /edge_distance] Width: 697, Height: 710, Size: 494870
484.900000000 INFO /updateDistance [/home/wcqw/ac-slam/catkin_ws/src/cpp_solver/src/updateDistance.cpp:32(occupancyGridCallback)] [topics: /rosout, /edge_distance] Map origin x: -7.738, y: -7.334
484.900000000 INFO /path_planner [path_planner.py:664(PathPlanner.handle_pose_graph)] [topics: /slam_pose_graph, /clock, /edge_distance, /pose_graph_idx, /rosout] Really visited vertices: 8 6 5 3 9 15 19 15 
484.900000000 INFO /updateDistance [/home/wcqw/ac-slam/catkin_ws/src/cpp_solver/src/updateDistance.cpp:87(occupancyGridCallback)] [topics: /rosout, /edge_distance] Free vertices size: 22
484.900000000 INFO /updateDistance [/home/wcqw/ac-slam/catkin_ws/src/cpp_solver/src/updateDistance.cpp:128(occupancyGridCallback)] [topics: /rosout, /edge_distance] 211 edge distance updated
485.500000000 INFO /Mapper [/home/wcqw/ac-slam/catkin_ws/src/navigation_2d/nav2d_karto/src/MultiMapper.cpp:401(receiveLaserScan)] [topics: /rosout, /tf, /karto_out, /map, /others, /slam_path, /Mapper/vertices, /Mapper/closure_edges, /Mapper/odom_edges, /Mapper/colored_edges, /localization_result, /slam_pose_graph, /Mapper/loop_closed] PHASE2C_KEYSCAN_ACCEPTED unique_id=257 state_id=257 sim_time=485.500000
485.700000000 INFO /updateDistance [/home/wcqw/ac-slam/catkin_ws/src/cpp_solver/src/updateDistance.cpp:29(occupancyGridCallback)] [topics: /rosout, /edge_distance] Received an OccupancyGrid message!
485.700000000 INFO /updateDistance [/home/wcqw/ac-slam/catkin_ws/src/cpp_solver/src/updateDistance.cpp:30(occupancyGridCallback)] [topics: /rosout, /edge_distance] Width: 697, Height: 710, Size: 494870
485.700000000 INFO /updateDistance [/home/wcqw/ac-slam/catkin_ws/src/cpp_solver/src/updateDistance.cpp:32(occupancyGridCallback)] [topics: /rosout, /edge_distance] Map origin x: -7.738, y: -7.334
485.700000000 INFO /updateDistance [/home/wcqw/ac-slam/catkin_ws/src/cpp_solver/src/updateDistance.cpp:87(occupancyGridCallback)] [topics: /rosout, /edge_distance] Free vertices size: 22
485.700000000 INFO /updateDistance [/home/wcqw/ac-slam/catkin_ws/src/cpp_solver/src/updateDistance.cpp:128(occupancyGridCallback)] [topics: /rosout, /edge_distance] 211 edge distance updated
486.500000000 INFO /Mapper [/home/wcqw/ac-slam/catkin_ws/src/navigation_2d/nav2d_karto/src/MultiMapper.cpp:401(receiveLaserScan)] [topics: /rosout, /tf, /karto_out, /map, /others, /slam_path, /Mapper/vertices, /Mapper/closure_edges, /Mapper/odom_edges, /Mapper/colored_edges, /localization_result, /slam_pose_graph, /Mapper/loop_closed] PHASE2C_KEYSCAN_ACCEPTED unique_id=258 state_id=258 sim_time=486.400000
487.700000000 INFO /updateDistance [/home/wcqw/ac-slam/catkin_ws/src/cpp_solver/src/updateDistance.cpp:29(occupancyGridCallback)] [topics: /rosout, /edge_distance] Received an OccupancyGrid message!
487.700000000 INFO /updateDistance [/home/wcqw/ac-slam/catkin_ws/src/cpp_solver/src/updateDistance.cpp:30(occupancyGridCallback)] [topics: /rosout, /edge_distance] Width: 697, Height: 710, Size: 494870
487.700000000 INFO /updateDistance [/home/wcqw/ac-slam/catkin_ws/src/cpp_solver/src/updateDistance.cpp:32(occupancyGridCallback)] [topics: /rosout, /edge_distance] Map origin x: -7.738, y: -7.334
487.700000000 INFO /updateDistance [/home/wcqw/ac-slam/catkin_ws/src/cpp_solver/src/updateDistance.cpp:87(occupancyGridCallback)] [topics: /rosout, /edge_distance] Free vertices size: 22
487.700000000 INFO /updateDistance [/home/wcqw/ac-slam/catkin_ws/src/cpp_solver/src/updateDistance.cpp:128(occupancyGridCallback)] [topics: /rosout, /edge_distance] 211 edge distance updated
487.700000000 INFO /Navigator [/home/wcqw/ac-slam/catkin_ws/src/cpp_solver/src/MyPlanner.cpp:351(performReliableLooping)] [topics: /rosout, /cmd, /Navigator/plan, /Navigator/markers, /Navigator/frontiers, /Navigator/frontier_to_vertex, /Navigator/nav_goal, /Navigator/prior_map, /Navigator/visual_tsp_path, /Navigator/tsp_index, /Navigator/path_finder, /Navigator/dist_map, /finished_topic, /request_replan, /Explore/result, /Explore/feedback, /Explore/status, /MoveTo/result, /MoveTo/feedback, /MoveTo/status, /Localize/result, /Localize/feedback, /Localize/status, /GetFirstMap/result, /GetFirstMap/feedback, /GetFirstMap/status] PHASE2_LOOP_WAYPOINT_REACHED vertex=15 waypoint=1
487.900000000 WARN /RVIZ [/tmp/binarydeb/ros-noetic-tf2-0.7.10/src/buffer_core.cpp:277()] [topics: /rosout, /initialpose, /goal, /clicked_point] TF_REPEATED_DATA ignoring data with redundant timestamp for frame odom (parent offset) at time 487.900000 according to authority unknown_publisher
487.900000000 WARN /RVIZ [/tmp/binarydeb/ros-noetic-tf2-0.7.10/src/buffer_core.cpp:277()] [topics: /rosout, /initialpose, /goal, /clicked_point] TF_REPEATED_DATA ignoring data with redundant timestamp for frame offset (parent map) at time 487.900000 according to authority unknown_publisher
488.300000000 INFO /Mapper [/home/wcqw/ac-slam/catkin_ws/src/navigation_2d/nav2d_karto/src/MultiMapper.cpp:401(receiveLaserScan)] [topics: /rosout, /tf, /karto_out, /map, /others, /slam_path, /Mapper/vertices, /Mapper/closure_edges, /Mapper/odom_edges, /Mapper/colored_edges, /localization_result, /slam_pose_graph, /Mapper/loop_closed] PHASE2C_KEYSCAN_ACCEPTED unique_id=259 state_id=259 sim_time=488.300000
489.900000000 INFO /updateDistance [/home/wcqw/ac-slam/catkin_ws/src/cpp_solver/src/updateDistance.cpp:29(occupancyGridCallback)] [topics: /rosout, /edge_distance] Received an OccupancyGrid message!
489.900000000 INFO /updateDistance [/home/wcqw/ac-slam/catkin_ws/src/cpp_solver/src/updateDistance.cpp:30(occupancyGridCallback)] [topics: /rosout, /edge_distance] Width: 697, Height: 710, Size: 494870
489.900000000 INFO /updateDistance [/home/wcqw/ac-slam/catkin_ws/src/cpp_solver/src/updateDistance.cpp:32(occupancyGridCallback)] [topics: /rosout, /edge_distance] Map origin x: -7.738, y: -7.334
489.900000000 INFO /updateDistance [/home/wcqw/ac-slam/catkin_ws/src/cpp_solver/src/updateDistance.cpp:87(occupancyGridCallback)] [topics: /rosout, /edge_distance] Free vertices size: 22
489.900000000 INFO /updateDistance [/home/wcqw/ac-slam/catkin_ws/src/cpp_solver/src/updateDistance.cpp:128(occupancyGridCallback)] [topics: /rosout, /edge_distance] 211 edge distance updated
489.900000000 INFO /Mapper [/home/wcqw/ac-slam/catkin_ws/src/navigation_2d/nav2d_karto/src/MultiMapper.cpp:401(receiveLaserScan)] [topics: /rosout, /tf, /karto_out, /map, /others, /slam_path, /Mapper/vertices, /Mapper/closure_edges, /Mapper/odom_edges, /Mapper/colored_edges, /localization_result, /slam_pose_graph, /Mapper/loop_closed] PHASE2C_KEYSCAN_ACCEPTED unique_id=260 state_id=260 sim_time=489.800000
489.900000000 INFO /Navigator [/home/wcqw/ac-slam/catkin_ws/src/cpp_solver/src/MyPlanner.cpp:351(performReliableLooping)] [topics: /rosout, /cmd, /Navigator/plan, /Navigator/markers, /Navigator/frontiers, /Navigator/frontier_to_vertex, /Navigator/nav_goal, /Navigator/prior_map, /Navigator/visual_tsp_path, /Navigator/tsp_index, /Navigator/path_finder, /Navigator/dist_map, /finished_topic, /request_replan, /Explore/result, /Explore/feedback, /Explore/status, /MoveTo/result, /MoveTo/feedback, /MoveTo/status, /Localize/result, /Localize/feedback, /Localize/status, /GetFirstMap/result, /GetFirstMap/feedback, /GetFirstMap/status] PHASE2_LOOP_WAYPOINT_REACHED vertex=15 waypoint=2
491.300000000 INFO /Mapper [/home/wcqw/ac-slam/catkin_ws/src/navigation_2d/nav2d_karto/src/MultiMapper.cpp:401(receiveLaserScan)] [topics: /rosout, /tf, /karto_out, /map, /others, /slam_path, /Mapper/vertices, /Mapper/closure_edges, /Mapper/odom_edges, /Mapper/colored_edges, /localization_result, /slam_pose_graph, /Mapper/loop_closed] PHASE2C_KEYSCAN_ACCEPTED unique_id=261 state_id=261 sim_time=491.300000
491.300000000 INFO /updateDistance [/home/wcqw/ac-slam/catkin_ws/src/cpp_solver/src/updateDistance.cpp:29(occupancyGridCallback)] [topics: /rosout, /edge_distance] Received an OccupancyGrid message!
491.300000000 INFO /updateDistance [/home/wcqw/ac-slam/catkin_ws/src/cpp_solver/src/updateDistance.cpp:30(occupancyGridCallback)] [topics: /rosout, /edge_distance] Width: 697, Height: 710, Size: 494870
491.300000000 INFO /updateDistance [/home/wcqw/ac-slam/catkin_ws/src/cpp_solver/src/updateDistance.cpp:32(occupancyGridCallback)] [topics: /rosout, /edge_distance] Map origin x: -7.738, y: -7.334
491.300000000 INFO /path_planner [path_planner.py:664(PathPlanner.handle_pose_graph)] [topics: /slam_pose_graph, /clock, /edge_distance, /pose_graph_idx, /rosout] Really visited vertices: 8 6 5 3 9 15 19 15 
491.300000000 INFO /updateDistance [/home/wcqw/ac-slam/catkin_ws/src/cpp_solver/src/updateDistance.cpp:87(occupancyGridCallback)] [topics: /rosout, /edge_distance] Free vertices size: 22
491.300000000 INFO /updateDistance [/home/wcqw/ac-slam/catkin_ws/src/cpp_solver/src/updateDistance.cpp:128(occupancyGridCallback)] [topics: /rosout, /edge_distance] 211 edge distance updated
491.800000000 INFO /updateDistance [/home/wcqw/ac-slam/catkin_ws/src/cpp_solver/src/updateDistance.cpp:29(occupancyGridCallback)] [topics: /rosout, /edge_distance] Received an OccupancyGrid message!
491.800000000 INFO /updateDistance [/home/wcqw/ac-slam/catkin_ws/src/cpp_solver/src/updateDistance.cpp:30(occupancyGridCallback)] [topics: /rosout, /edge_distance] Width: 697, Height: 710, Size: 494870
491.800000000 INFO /updateDistance [/home/wcqw/ac-slam/catkin_ws/src/cpp_solver/src/updateDistance.cpp:32(occupancyGridCallback)] [topics: /rosout, /edge_distance] Map origin x: -7.738, y: -7.334
491.900000000 INFO /updateDistance [/home/wcqw/ac-slam/catkin_ws/src/cpp_solver/src/updateDistance.cpp:87(occupancyGridCallback)] [topics: /rosout, /edge_distance] Free vertices size: 22
491.900000000 INFO /updateDistance [/home/wcqw/ac-slam/catkin_ws/src/cpp_solver/src/updateDistance.cpp:128(occupancyGridCallback)] [topics: /rosout, /edge_distance] 211 edge distance updated
491.900000000 INFO /Navigator [/home/wcqw/ac-slam/catkin_ws/src/cpp_solver/src/MyPlanner.cpp:351(performReliableLooping)] [topics: /rosout, /cmd, /Navigator/plan, /Navigator/markers, /Navigator/frontiers, /Navigator/frontier_to_vertex, /Navigator/nav_goal, /Navigator/prior_map, /Navigator/visual_tsp_path, /Navigator/tsp_index, /Navigator/path_finder, /Navigator/dist_map, /finished_topic, /request_replan, /Explore/result, /Explore/feedback, /Explore/status, /MoveTo/result, /MoveTo/feedback, /MoveTo/status, /Localize/result, /Localize/feedback, /Localize/status, /GetFirstMap/result, /GetFirstMap/feedback, /GetFirstMap/status] PHASE2_LOOP_WAYPOINT_REACHED vertex=15 waypoint=3
492.100000000 INFO /Mapper [/home/wcqw/ac-slam/catkin_ws/src/navigation_2d/nav2d_karto/src/MultiMapper.cpp:401(receiveLaserScan)] [topics: /rosout, /tf, /karto_out, /map, /others, /slam_path, /Mapper/vertices, /Mapper/closure_edges, /Mapper/odom_edges, /Mapper/colored_edges, /localization_result, /slam_pose_graph, /Mapper/loop_closed] PHASE2C_KEYSCAN_ACCEPTED unique_id=262 state_id=262 sim_time=492.100000
493.700000000 INFO /Mapper [/home/wcqw/ac-slam/catkin_ws/src/navigation_2d/nav2d_karto/src/MultiMapper.cpp:401(receiveLaserScan)] [topics: /rosout, /tf, /karto_out, /map, /others, /slam_path, /Mapper/vertices, /Mapper/closure_edges, /Mapper/odom_edges, /Mapper/colored_edges, /localization_result, /slam_pose_graph, /Mapper/loop_closed] PHASE2C_KEYSCAN_ACCEPTED unique_id=263 state_id=263 sim_time=493.600000
493.700000000 INFO /updateDistance [/home/wcqw/ac-slam/catkin_ws/src/cpp_solver/src/updateDistance.cpp:29(occupancyGridCallback)] [topics: /rosout, /edge_distance] Received an OccupancyGrid message!
493.700000000 INFO /updateDistance [/home/wcqw/ac-slam/catkin_ws/src/cpp_solver/src/updateDistance.cpp:30(occupancyGridCallback)] [topics: /rosout, /edge_distance] Width: 697, Height: 715, Size: 498355
493.700000000 INFO /updateDistance [/home/wcqw/ac-slam/catkin_ws/src/cpp_solver/src/updateDistance.cpp:32(occupancyGridCallback)] [topics: /rosout, /edge_distance] Map origin x: -7.738, y: -7.334
493.700000000 INFO /path_planner [path_planner.py:664(PathPlanner.handle_pose_graph)] [topics: /slam_pose_graph, /clock, /edge_distance, /pose_graph_idx, /rosout] Really visited vertices: 8 6 5 3 9 15 19 15 
493.700000000 INFO /RVIZ [/tmp/binarydeb/ros-noetic-rviz-1.14.26/src/rviz/default_plugin/map_display.cpp:604(MapDisplay::createSwatches)] [topics: /rosout, /initialpose, /goal, /clicked_point] Creating 1 swatches
493.700000000 INFO /updateDistance [/home/wcqw/ac-slam/catkin_ws/src/cpp_solver/src/updateDistance.cpp:87(occupancyGridCallback)] [topics: /rosout, /edge_distance] Free vertices size: 22
493.700000000 INFO /updateDistance [/home/wcqw/ac-slam/catkin_ws/src/cpp_solver/src/updateDistance.cpp:128(occupancyGridCallback)] [topics: /rosout, /edge_distance] 211 edge distance updated
493.700000000 INFO /updateDistance [/home/wcqw/ac-slam/catkin_ws/src/cpp_solver/src/updateDistance.cpp:29(occupancyGridCallback)] [topics: /rosout, /edge_distance] Received an OccupancyGrid message!
493.700000000 INFO /updateDistance [/home/wcqw/ac-slam/catkin_ws/src/cpp_solver/src/updateDistance.cpp:30(occupancyGridCallback)] [topics: /rosout, /edge_distance] Width: 697, Height: 715, Size: 498355
493.700000000 INFO /updateDistance [/home/wcqw/ac-slam/catkin_ws/src/cpp_solver/src/updateDistance.cpp:32(occupancyGridCallback)] [topics: /rosout, /edge_distance] Map origin x: -7.738, y: -7.334
493.700000000 INFO /updateDistance [/home/wcqw/ac-slam/catkin_ws/src/cpp_solver/src/updateDistance.cpp:87(occupancyGridCallback)] [topics: /rosout, /edge_distance] Free vertices size: 22
493.700000000 INFO /updateDistance [/home/wcqw/ac-slam/catkin_ws/src/cpp_solver/src/updateDistance.cpp:128(occupancyGridCallback)] [topics: /rosout, /edge_distance] 211 edge distance updated
493.700000000 INFO /Navigator [/home/wcqw/ac-slam/catkin_ws/src/cpp_solver/src/MyPlanner.cpp:351(performReliableLooping)] [topics: /rosout, /cmd, /Navigator/plan, /Navigator/markers, /Navigator/frontiers, /Navigator/frontier_to_vertex, /Navigator/nav_goal, /Navigator/prior_map, /Navigator/visual_tsp_path, /Navigator/tsp_index, /Navigator/path_finder, /Navigator/dist_map, /finished_topic, /request_replan, /Explore/result, /Explore/feedback, /Explore/status, /MoveTo/result, /MoveTo/feedback, /MoveTo/status, /Localize/result, /Localize/feedback, /Localize/status, /GetFirstMap/result, /GetFirstMap/feedback, /GetFirstMap/status] PHASE2_LOOP_WAYPOINT_REACHED vertex=15 waypoint=4
494.300000000 WARN /RVIZ [/tmp/binarydeb/ros-noetic-tf2-0.7.10/src/buffer_core.cpp:277()] [topics: /rosout, /initialpose, /goal, /clicked_point] TF_REPEATED_DATA ignoring data with redundant timestamp for frame odom (parent offset) at time 494.300000 according to authority unknown_publisher
494.300000000 WARN /RVIZ [/tmp/binarydeb/ros-noetic-tf2-0.7.10/src/buffer_core.cpp:277()] [topics: /rosout, /initialpose, /goal, /clicked_point] TF_REPEATED_DATA ignoring data with redundant timestamp for frame offset (parent map) at time 494.300000 according to authority unknown_publisher
494.900000000 WARN /RVIZ [/tmp/binarydeb/ros-noetic-tf2-0.7.10/src/buffer_core.cpp:277()] [topics: /rosout, /initialpose, /goal, /clicked_point] TF_REPEATED_DATA ignoring data with redundant timestamp for frame odom (parent offset) at time 494.900000 according to authority unknown_publisher
494.900000000 WARN /RVIZ [/tmp/binarydeb/ros-noetic-tf2-0.7.10/src/buffer_core.cpp:277()] [topics: /rosout, /initialpose, /goal, /clicked_point] TF_REPEATED_DATA ignoring data with redundant timestamp for frame offset (parent map) at time 494.900000 according to authority unknown_publisher
495.300000000 INFO /Mapper [/home/wcqw/ac-slam/catkin_ws/src/navigation_2d/nav2d_karto/src/MultiMapper.cpp:401(receiveLaserScan)] [topics: /rosout, /tf, /karto_out, /map, /others, /slam_path, /Mapper/vertices, /Mapper/closure_edges, /Mapper/odom_edges, /Mapper/colored_edges, /localization_result, /slam_pose_graph, /Mapper/loop_closed] PHASE2C_KEYSCAN_ACCEPTED unique_id=264 state_id=264 sim_time=495.200000
495.300000000 INFO /updateDistance [/home/wcqw/ac-slam/catkin_ws/src/cpp_solver/src/updateDistance.cpp:29(occupancyGridCallback)] [topics: /rosout, /edge_distance] Received an OccupancyGrid message!
495.300000000 INFO /updateDistance [/home/wcqw/ac-slam/catkin_ws/src/cpp_solver/src/updateDistance.cpp:30(occupancyGridCallback)] [topics: /rosout, /edge_distance] Width: 697, Height: 715, Size: 498355
495.300000000 INFO /updateDistance [/home/wcqw/ac-slam/catkin_ws/src/cpp_solver/src/updateDistance.cpp:32(occupancyGridCallback)] [topics: /rosout, /edge_distance] Map origin x: -7.738, y: -7.334
495.300000000 INFO /path_planner [path_planner.py:664(PathPlanner.handle_pose_graph)] [topics: /slam_pose_graph, /clock, /edge_distance, /pose_graph_idx, /rosout] Really visited vertices: 8 6 5 3 9 15 19 15 
495.300000000 INFO /updateDistance [/home/wcqw/ac-slam/catkin_ws/src/cpp_solver/src/updateDistance.cpp:87(occupancyGridCallback)] [topics: /rosout, /edge_distance] Free vertices size: 22
495.300000000 INFO /updateDistance [/home/wcqw/ac-slam/catkin_ws/src/cpp_solver/src/updateDistance.cpp:128(occupancyGridCallback)] [topics: /rosout, /edge_distance] 211 edge distance updated
495.900000000 INFO /updateDistance [/home/wcqw/ac-slam/catkin_ws/src/cpp_solver/src/updateDistance.cpp:29(occupancyGridCallback)] [topics: /rosout, /edge_distance] Received an OccupancyGrid message!
495.900000000 INFO /updateDistance [/home/wcqw/ac-slam/catkin_ws/src/cpp_solver/src/updateDistance.cpp:30(occupancyGridCallback)] [topics: /rosout, /edge_distance] Width: 697, Height: 715, Size: 498355
495.900000000 INFO /updateDistance [/home/wcqw/ac-slam/catkin_ws/src/cpp_solver/src/updateDistance.cpp:32(occupancyGridCallback)] [topics: /rosout, /edge_distance] Map origin x: -7.738, y: -7.334
495.900000000 INFO /updateDistance [/home/wcqw/ac-slam/catkin_ws/src/cpp_solver/src/updateDistance.cpp:87(occupancyGridCallback)] [topics: /rosout, /edge_distance] Free vertices size: 22
495.900000000 INFO /updateDistance [/home/wcqw/ac-slam/catkin_ws/src/cpp_solver/src/updateDistance.cpp:128(occupancyGridCallback)] [topics: /rosout, /edge_distance] 211 edge distance updated
495.900000000 INFO /Navigator [/home/wcqw/ac-slam/catkin_ws/src/cpp_solver/src/MyPlanner.cpp:351(performReliableLooping)] [topics: /rosout, /cmd, /Navigator/plan, /Navigator/markers, /Navigator/frontiers, /Navigator/frontier_to_vertex, /Navigator/nav_goal, /Navigator/prior_map, /Navigator/visual_tsp_path, /Navigator/tsp_index, /Navigator/path_finder, /Navigator/dist_map, /finished_topic, /request_replan, /Explore/result, /Explore/feedback, /Explore/status, /MoveTo/result, /MoveTo/feedback, /MoveTo/status, /Localize/result, /Localize/feedback, /Localize/status, /GetFirstMap/result, /GetFirstMap/feedback, /GetFirstMap/status] PHASE2_LOOP_WAYPOINT_REACHED vertex=15 waypoint=5
495.900000000 INFO /Navigator [/home/wcqw/ac-slam/catkin_ws/src/cpp_solver/src/MyPlanner.cpp:491(findExplorationTarget)] [topics: /rosout, /cmd, /Navigator/plan, /Navigator/markers, /Navigator/frontiers, /Navigator/frontier_to_vertex, /Navigator/nav_goal, /Navigator/prior_map, /Navigator/visual_tsp_path, /Navigator/tsp_index, /Navigator/path_finder, /Navigator/dist_map, /finished_topic, /request_replan, /Explore/result, /Explore/feedback, /Explore/status, /MoveTo/result, /MoveTo/feedback, /MoveTo/status, /Localize/result, /Localize/feedback, /Localize/status, /GetFirstMap/result, /GetFirstMap/feedback, /GetFirstMap/status] PHASE2_LOOP_EXECUTION_FINISHED vertex=15 waypoints=6
495.900000000 INFO /path_planner [path_planner.py:321(PathPlanner.handle_replanning)] [topics: /slam_pose_graph, /clock, /edge_distance, /pose_graph_idx, /rosout] Replanning request. curr_vertex_idx: 15
495.900000000 INFO /path_planner [path_planner.py:322(PathPlanner.handle_replanning)] [topics: /slam_pose_graph, /clock, /edge_distance, /pose_graph_idx, /rosout]                     covered_vertices: ()
495.900000000 INFO /path_planner [path_planner.py:348(PathPlanner.handle_replanning)] [topics: /slam_pose_graph, /clock, /edge_distance, /pose_graph_idx, /rosout] curr path length: 43, is_loop length: 43
495.900000000 INFO /path_planner [path_planner.py:360(PathPlanner.handle_replanning)] [topics: /slam_pose_graph, /clock, /edge_distance, /pose_graph_idx, /rosout] Send new plan: 8 7 6 5 4 3 9 15 16 10 11 35 37 20 19 15(L)  ---> 19 23 29 30 24 25 31 32 26 27 33 34 28 22 21 38 37(L) 38 36 12 13 14 8(L) 14 18 17 21(L) 
495.900000000 INFO /Navigator [/home/wcqw/ac-slam/catkin_ws/src/cpp_solver/src/MyPlanner.cpp:312(getUsefulGoalIndex)] [topics: /rosout, /cmd, /Navigator/plan, /Navigator/markers, /Navigator/frontiers, /Navigator/frontier_to_vertex, /Navigator/nav_goal, /Navigator/prior_map, /Navigator/visual_tsp_path, /Navigator/tsp_index, /Navigator/path_finder, /Navigator/dist_map, /finished_topic, /request_replan, /Explore/result, /Explore/feedback, /Explore/status, /MoveTo/result, /MoveTo/feedback, /MoveTo/status, /Localize/result, /Localize/feedback, /Localize/status, /GetFirstMap/result, /GetFirstMap/feedback, /GetFirstMap/status] Skip repeated visit to vertex 19
495.900000000 INFO /Navigator [/home/wcqw/ac-slam/catkin_ws/src/cpp_solver/src/MyPlanner.cpp:318(getUsefulGoalIndex)] [topics: /rosout, /cmd, /Navigator/plan, /Navigator/markers, /Navigator/frontiers, /Navigator/frontier_to_vertex, /Navigator/nav_goal, /Navigator/prior_map, /Navigator/visual_tsp_path, /Navigator/tsp_index, /Navigator/path_finder, /Navigator/dist_map, /finished_topic, /request_replan, /Explore/result, /Explore/feedback, /Explore/status, /MoveTo/result, /MoveTo/feedback, /MoveTo/status, /Localize/result, /Localize/feedback, /Localize/status, /GetFirstMap/result, /GetFirstMap/feedback, /GetFirstMap/status] Set newGoal 23
496.500000000 INFO /Mapper [/home/wcqw/ac-slam/catkin_ws/src/navigation_2d/nav2d_karto/src/MultiMapper.cpp:401(receiveLaserScan)] [topics: /rosout, /tf, /karto_out, /map, /others, /slam_path, /Mapper/vertices, /Mapper/closure_edges, /Mapper/odom_edges, /Mapper/colored_edges, /localization_result, /slam_pose_graph, /Mapper/loop_closed] PHASE2C_KEYSCAN_ACCEPTED unique_id=265 state_id=265 sim_time=496.400000
497.100000000 INFO /Mapper [/home/wcqw/ac-slam/catkin_ws/src/navigation_2d/nav2d_karto/src/MultiMapper.cpp:401(receiveLaserScan)] [topics: /rosout, /tf, /karto_out, /map, /others, /slam_path, /Mapper/vertices, /Mapper/closure_edges, /Mapper/odom_edges, /Mapper/colored_edges, /localization_result, /slam_pose_graph, /Mapper/loop_closed] PHASE2C_KEYSCAN_ACCEPTED unique_id=266 state_id=266 sim_time=497.000000
497.100000000 INFO /updateDistance [/home/wcqw/ac-slam/catkin_ws/src/cpp_solver/src/updateDistance.cpp:29(occupancyGridCallback)] [topics: /rosout, /edge_distance] Received an OccupancyGrid message!
497.100000000 INFO /updateDistance [/home/wcqw/ac-slam/catkin_ws/src/cpp_solver/src/updateDistance.cpp:30(occupancyGridCallback)] [topics: /rosout, /edge_distance] Width: 697, Height: 715, Size: 498355
497.100000000 INFO /updateDistance [/home/wcqw/ac-slam/catkin_ws/src/cpp_solver/src/updateDistance.cpp:32(occupancyGridCallback)] [topics: /rosout, /edge_distance] Map origin x: -7.738, y: -7.334
497.100000000 INFO /path_planner [path_planner.py:664(PathPlanner.handle_pose_graph)] [topics: /slam_pose_graph, /clock, /edge_distance, /pose_graph_idx, /rosout] Really visited vertices: 8 6 5 3 9 15 19 15 
497.100000000 INFO /updateDistance [/home/wcqw/ac-slam/catkin_ws/src/cpp_solver/src/updateDistance.cpp:87(occupancyGridCallback)] [topics: /rosout, /edge_distance] Free vertices size: 22
497.100000000 INFO /updateDistance [/home/wcqw/ac-slam/catkin_ws/src/cpp_solver/src/updateDistance.cpp:128(occupancyGridCallback)] [topics: /rosout, /edge_distance] 211 edge distance updated
497.300000000 WARN /RVIZ [/tmp/binarydeb/ros-noetic-tf2-0.7.10/src/buffer_core.cpp:277()] [topics: /rosout, /initialpose, /goal, /clicked_point] TF_REPEATED_DATA ignoring data with redundant timestamp for frame odom (parent offset) at time 497.300000 according to authority unknown_publisher
497.300000000 WARN /RVIZ [/tmp/binarydeb/ros-noetic-tf2-0.7.10/src/buffer_core.cpp:277()] [topics: /rosout, /initialpose, /goal, /clicked_point] TF_REPEATED_DATA ignoring data with redundant timestamp for frame offset (parent map) at time 497.300000 according to authority unknown_publisher
497.700000000 INFO /Mapper [/home/wcqw/ac-slam/catkin_ws/src/navigation_2d/nav2d_karto/src/MultiMapper.cpp:401(receiveLaserScan)] [topics: /rosout, /tf, /karto_out, /map, /others, /slam_path, /Mapper/vertices, /Mapper/closure_edges, /Mapper/odom_edges, /Mapper/colored_edges, /localization_result, /slam_pose_graph, /Mapper/loop_closed] PHASE2C_KEYSCAN_ACCEPTED unique_id=267 state_id=267 sim_time=497.700000
498.700000000 INFO /Mapper [/home/wcqw/ac-slam/catkin_ws/src/navigation_2d/nav2d_karto/src/MultiMapper.cpp:401(receiveLaserScan)] [topics: /rosout, /tf, /karto_out, /map, /others, /slam_path, /Mapper/vertices, /Mapper/closure_edges, /Mapper/odom_edges, /Mapper/colored_edges, /localization_result, /slam_pose_graph, /Mapper/loop_closed] PHASE2C_KEYSCAN_ACCEPTED unique_id=268 state_id=268 sim_time=498.600000
498.700000000 INFO /updateDistance [/home/wcqw/ac-slam/catkin_ws/src/cpp_solver/src/updateDistance.cpp:29(occupancyGridCallback)] [topics: /rosout, /edge_distance] Received an OccupancyGrid message!
498.700000000 INFO /updateDistance [/home/wcqw/ac-slam/catkin_ws/src/cpp_solver/src/updateDistance.cpp:30(occupancyGridCallback)] [topics: /rosout, /edge_distance] Width: 697, Height: 715, Size: 498355
498.700000000 INFO /updateDistance [/home/wcqw/ac-slam/catkin_ws/src/cpp_solver/src/updateDistance.cpp:32(occupancyGridCallback)] [topics: /rosout, /edge_distance] Map origin x: -7.738, y: -7.334
498.700000000 INFO /path_planner [path_planner.py:664(PathPlanner.handle_pose_graph)] [topics: /slam_pose_graph, /clock, /edge_distance, /pose_graph_idx, /rosout] Really visited vertices: 8 6 5 3 9 15 19 15 
498.700000000 INFO /updateDistance [/home/wcqw/ac-slam/catkin_ws/src/cpp_solver/src/updateDistance.cpp:87(occupancyGridCallback)] [topics: /rosout, /edge_distance] Free vertices size: 22
498.700000000 INFO /updateDistance [/home/wcqw/ac-slam/catkin_ws/src/cpp_solver/src/updateDistance.cpp:128(occupancyGridCallback)] [topics: /rosout, /edge_distance] 211 edge distance updated
499.700000000 WARN /RVIZ [/tmp/binarydeb/ros-noetic-tf2-0.7.10/src/buffer_core.cpp:277()] [topics: /rosout, /initialpose, /goal, /clicked_point] TF_REPEATED_DATA ignoring data with redundant timestamp for frame odom (parent offset) at time 499.700000 according to authority unknown_publisher
499.700000000 WARN /RVIZ [/tmp/binarydeb/ros-noetic-tf2-0.7.10/src/buffer_core.cpp:277()] [topics: /rosout, /initialpose, /goal, /clicked_point] TF_REPEATED_DATA ignoring data with redundant timestamp for frame offset (parent map) at time 499.700000 according to authority unknown_publisher
499.900000000 INFO /Mapper [/home/wcqw/ac-slam/catkin_ws/src/navigation_2d/nav2d_karto/src/MultiMapper.cpp:401(receiveLaserScan)] [topics: /rosout, /tf, /karto_out, /map, /others, /slam_path, /Mapper/vertices, /Mapper/closure_edges, /Mapper/odom_edges, /Mapper/colored_edges, /localization_result, /slam_pose_graph, /Mapper/loop_closed] PHASE2C_KEYSCAN_ACCEPTED unique_id=269 state_id=269 sim_time=499.800000
499.900000000 INFO /updateDistance [/home/wcqw/ac-slam/catkin_ws/src/cpp_solver/src/updateDistance.cpp:29(occupancyGridCallback)] [topics: /rosout, /edge_distance] Received an OccupancyGrid message!
499.900000000 INFO /updateDistance [/home/wcqw/ac-slam/catkin_ws/src/cpp_solver/src/updateDistance.cpp:30(occupancyGridCallback)] [topics: /rosout, /edge_distance] Width: 697, Height: 715, Size: 498355
499.900000000 INFO /updateDistance [/home/wcqw/ac-slam/catkin_ws/src/cpp_solver/src/updateDistance.cpp:32(occupancyGridCallback)] [topics: /rosout, /edge_distance] Map origin x: -7.738, y: -7.334
499.900000000 WARN /RVIZ [/tmp/binarydeb/ros-noetic-tf2-0.7.10/src/buffer_core.cpp:277()] [topics: /rosout, /initialpose, /goal, /clicked_point] TF_REPEATED_DATA ignoring data with redundant timestamp for frame odom (parent offset) at time 499.900000 according to authority unknown_publisher
499.900000000 WARN /RVIZ [/tmp/binarydeb/ros-noetic-tf2-0.7.10/src/buffer_core.cpp:277()] [topics: /rosout, /initialpose, /goal, /clicked_point] TF_REPEATED_DATA ignoring data with redundant timestamp for frame offset (parent map) at time 499.900000 according to authority unknown_publisher
499.900000000 INFO /path_planner [path_planner.py:664(PathPlanner.handle_pose_graph)] [topics: /slam_pose_graph, /clock, /edge_distance, /pose_graph_idx, /rosout] Really visited vertices: 8 6 5 3 9 15 19 15 
499.900000000 INFO /updateDistance [/home/wcqw/ac-slam/catkin_ws/src/cpp_solver/src/updateDistance.cpp:87(occupancyGridCallback)] [topics: /rosout, /edge_distance] Free vertices size: 22
499.900000000 INFO /updateDistance [/home/wcqw/ac-slam/catkin_ws/src/cpp_solver/src/updateDistance.cpp:128(occupancyGridCallback)] [topics: /rosout, /edge_distance] 211 edge distance updated
501.300000000 INFO /Mapper [/home/wcqw/ac-slam/catkin_ws/src/navigation_2d/nav2d_karto/src/MultiMapper.cpp:401(receiveLaserScan)] [topics: /rosout, /tf, /karto_out, /map, /others, /slam_path, /Mapper/vertices, /Mapper/closure_edges, /Mapper/odom_edges, /Mapper/colored_edges, /localization_result, /slam_pose_graph, /Mapper/loop_closed] PHASE2C_KEYSCAN_ACCEPTED unique_id=270 state_id=270 sim_time=501.300000
501.300000000 INFO /updateDistance [/home/wcqw/ac-slam/catkin_ws/src/cpp_solver/src/updateDistance.cpp:29(occupancyGridCallback)] [topics: /rosout, /edge_distance] Received an OccupancyGrid message!
501.300000000 INFO /updateDistance [/home/wcqw/ac-slam/catkin_ws/src/cpp_solver/src/updateDistance.cpp:30(occupancyGridCallback)] [topics: /rosout, /edge_distance] Width: 697, Height: 715, Size: 498355
501.300000000 INFO /updateDistance [/home/wcqw/ac-slam/catkin_ws/src/cpp_solver/src/updateDistance.cpp:32(occupancyGridCallback)] [topics: /rosout, /edge_distance] Map origin x: -7.738, y: -7.334
501.300000000 INFO /path_planner [path_planner.py:664(PathPlanner.handle_pose_graph)] [topics: /slam_pose_graph, /clock, /edge_distance, /pose_graph_idx, /rosout] Really visited vertices: 8 6 5 3 9 15 19 15 
501.300000000 INFO /updateDistance [/home/wcqw/ac-slam/catkin_ws/src/cpp_solver/src/updateDistance.cpp:87(occupancyGridCallback)] [topics: /rosout, /edge_distance] Free vertices size: 22
501.300000000 INFO /updateDistance [/home/wcqw/ac-slam/catkin_ws/src/cpp_solver/src/updateDistance.cpp:128(occupancyGridCallback)] [topics: /rosout, /edge_distance] 211 edge distance updated
501.800000000 INFO /updateDistance [/home/wcqw/ac-slam/catkin_ws/src/cpp_solver/src/updateDistance.cpp:29(occupancyGridCallback)] [topics: /rosout, /edge_distance] Received an OccupancyGrid message!
501.800000000 INFO /updateDistance [/home/wcqw/ac-slam/catkin_ws/src/cpp_solver/src/updateDistance.cpp:30(occupancyGridCallback)] [topics: /rosout, /edge_distance] Width: 697, Height: 715, Size: 498355
501.800000000 INFO /updateDistance [/home/wcqw/ac-slam/catkin_ws/src/cpp_solver/src/updateDistance.cpp:32(occupancyGridCallback)] [topics: /rosout, /edge_distance] Map origin x: -7.738, y: -7.334
501.900000000 INFO /updateDistance [/home/wcqw/ac-slam/catkin_ws/src/cpp_solver/src/updateDistance.cpp:87(occupancyGridCallback)] [topics: /rosout, /edge_distance] Free vertices size: 22
501.900000000 INFO /updateDistance [/home/wcqw/ac-slam/catkin_ws/src/cpp_solver/src/updateDistance.cpp:128(occupancyGridCallback)] [topics: /rosout, /edge_distance] 211 edge distance updated
501.900000000 INFO /Navigator [/home/wcqw/ac-slam/catkin_ws/src/cpp_solver/src/MyPlanner.cpp:520(findExplorationTarget)] [topics: /rosout, /cmd, /Navigator/plan, /Navigator/markers, /Navigator/frontiers, /Navigator/frontier_to_vertex, /Navigator/nav_goal, /Navigator/prior_map, /Navigator/visual_tsp_path, /Navigator/tsp_index, /Navigator/path_finder, /Navigator/dist_map, /finished_topic, /request_replan, /Explore/result, /Explore/feedback, /Explore/status, /MoveTo/result, /MoveTo/feedback, /MoveTo/status, /Localize/result, /Localize/feedback, /Localize/status, /GetFirstMap/result, /GetFirstMap/feedback, /GetFirstMap/status] Call local replanning...
501.900000000 INFO /path_planner [path_planner.py:321(PathPlanner.handle_replanning)] [topics: /slam_pose_graph, /clock, /edge_distance, /pose_graph_idx, /rosout] Replanning request. curr_vertex_idx: 17
501.900000000 INFO /path_planner [path_planner.py:322(PathPlanner.handle_replanning)] [topics: /slam_pose_graph, /clock, /edge_distance, /pose_graph_idx, /rosout]                     covered_vertices: ()
501.900000000 INFO /path_planner [path_planner.py:336(PathPlanner.handle_replanning)] [topics: /slam_pose_graph, /clock, /edge_distance, /pose_graph_idx, /rosout] Handle local replanning...
501.900000000 INFO /path_planner [path_planner.py:389(PathPlanner.handle_local_replanning)] [topics: /slam_pose_graph, /clock, /edge_distance, /pose_graph_idx, /rosout] Local path to replan: [23, 29, 30, 24, 25, 31, 32, 26, 27, 33, 34, 28, 22, 21, 38, 37]
501.900000000 INFO /path_planner [path_planner.py:348(PathPlanner.handle_replanning)] [topics: /slam_pose_graph, /clock, /edge_distance, /pose_graph_idx, /rosout] curr path length: 43, is_loop length: 43
501.900000000 INFO /path_planner [path_planner.py:360(PathPlanner.handle_replanning)] [topics: /slam_pose_graph, /clock, /edge_distance, /pose_graph_idx, /rosout] Send new plan: 8 7 6 5 4 3 9 15 16 10 11 35 37 20 19 15(L) 19 23  ---> 29 30 24 25 31 32 26 27 33 34 28 22 21 38 37(L) 38 36 12 13 14 8(L) 14 18 17 21(L) 
502.700000000 INFO /Mapper [/home/wcqw/ac-slam/catkin_ws/src/navigation_2d/nav2d_karto/src/MultiMapper.cpp:401(receiveLaserScan)] [topics: /rosout, /tf, /karto_out, /map, /others, /slam_path, /Mapper/vertices, /Mapper/closure_edges, /Mapper/odom_edges, /Mapper/colored_edges, /localization_result, /slam_pose_graph, /Mapper/loop_closed] PHASE2C_KEYSCAN_ACCEPTED unique_id=271 state_id=271 sim_time=502.600000
503.300000000 WARN /RVIZ [/tmp/binarydeb/ros-noetic-tf2-0.7.10/src/buffer_core.cpp:277()] [topics: /rosout, /initialpose, /goal, /clicked_point] TF_REPEATED_DATA ignoring data with redundant timestamp for frame odom (parent offset) at time 503.300000 according to authority unknown_publisher
503.300000000 WARN /RVIZ [/tmp/binarydeb/ros-noetic-tf2-0.7.10/src/buffer_core.cpp:277()] [topics: /rosout, /initialpose, /goal, /clicked_point] TF_REPEATED_DATA ignoring data with redundant timestamp for frame offset (parent map) at time 503.300000 according to authority unknown_publisher
503.500000000 WARN /RVIZ [/tmp/binarydeb/ros-noetic-tf2-0.7.10/src/buffer_core.cpp:277()] [topics: /rosout, /initialpose, /goal, /clicked_point] TF_REPEATED_DATA ignoring data with redundant timestamp for frame odom (parent offset) at time 503.500000 according to authority unknown_publisher
503.500000000 WARN /RVIZ [/tmp/binarydeb/ros-noetic-tf2-0.7.10/src/buffer_core.cpp:277()] [topics: /rosout, /initialpose, /goal, /clicked_point] TF_REPEATED_DATA ignoring data with redundant timestamp for frame offset (parent map) at time 503.500000 according to authority unknown_publisher
503.900000000 INFO /Mapper [/home/wcqw/ac-slam/catkin_ws/src/navigation_2d/nav2d_karto/src/MultiMapper.cpp:401(receiveLaserScan)] [topics: /rosout, /tf, /karto_out, /map, /others, /slam_path, /Mapper/vertices, /Mapper/closure_edges, /Mapper/odom_edges, /Mapper/colored_edges, /localization_result, /slam_pose_graph, /Mapper/loop_closed] PHASE2C_KEYSCAN_ACCEPTED unique_id=272 state_id=272 sim_time=503.900000
503.900000000 INFO /updateDistance [/home/wcqw/ac-slam/catkin_ws/src/cpp_solver/src/updateDistance.cpp:29(occupancyGridCallback)] [topics: /rosout, /edge_distance] Received an OccupancyGrid message!
503.900000000 INFO /updateDistance [/home/wcqw/ac-slam/catkin_ws/src/cpp_solver/src/updateDistance.cpp:30(occupancyGridCallback)] [topics: /rosout, /edge_distance] Width: 697, Height: 715, Size: 498355
503.900000000 INFO /updateDistance [/home/wcqw/ac-slam/catkin_ws/src/cpp_solver/src/updateDistance.cpp:32(occupancyGridCallback)] [topics: /rosout, /edge_distance] Map origin x: -7.738, y: -7.334
503.900000000 INFO /path_planner [path_planner.py:664(PathPlanner.handle_pose_graph)] [topics: /slam_pose_graph, /clock, /edge_distance, /pose_graph_idx, /rosout] Really visited vertices: 8 6 5 3 9 15 19 15 
503.900000000 INFO /updateDistance [/home/wcqw/ac-slam/catkin_ws/src/cpp_solver/src/updateDistance.cpp:87(occupancyGridCallback)] [topics: /rosout, /edge_distance] Free vertices size: 22
503.900000000 INFO /updateDistance [/home/wcqw/ac-slam/catkin_ws/src/cpp_solver/src/updateDistance.cpp:128(occupancyGridCallback)] [topics: /rosout, /edge_distance] 211 edge distance updated
505.300000000 INFO /Mapper [/home/wcqw/ac-slam/catkin_ws/src/navigation_2d/nav2d_karto/src/MultiMapper.cpp:401(receiveLaserScan)] [topics: /rosout, /tf, /karto_out, /map, /others, /slam_path, /Mapper/vertices, /Mapper/closure_edges, /Mapper/odom_edges, /Mapper/colored_edges, /localization_result, /slam_pose_graph, /Mapper/loop_closed] PHASE2C_KEYSCAN_ACCEPTED unique_id=273 state_id=273 sim_time=505.200000
505.300000000 INFO /updateDistance [/home/wcqw/ac-slam/catkin_ws/src/cpp_solver/src/updateDistance.cpp:29(occupancyGridCallback)] [topics: /rosout, /edge_distance] Received an OccupancyGrid message!
505.300000000 INFO /updateDistance [/home/wcqw/ac-slam/catkin_ws/src/cpp_solver/src/updateDistance.cpp:30(occupancyGridCallback)] [topics: /rosout, /edge_distance] Width: 697, Height: 715, Size: 498355
505.300000000 INFO /updateDistance [/home/wcqw/ac-slam/catkin_ws/src/cpp_solver/src/updateDistance.cpp:32(occupancyGridCallback)] [topics: /rosout, /edge_distance] Map origin x: -7.738, y: -7.334
505.300000000 INFO /path_planner [path_planner.py:664(PathPlanner.handle_pose_graph)] [topics: /slam_pose_graph, /clock, /edge_distance, /pose_graph_idx, /rosout] Really visited vertices: 8 6 5 3 9 15 19 15 
505.300000000 INFO /updateDistance [/home/wcqw/ac-slam/catkin_ws/src/cpp_solver/src/updateDistance.cpp:87(occupancyGridCallback)] [topics: /rosout, /edge_distance] Free vertices size: 22
505.300000000 INFO /updateDistance [/home/wcqw/ac-slam/catkin_ws/src/cpp_solver/src/updateDistance.cpp:128(occupancyGridCallback)] [topics: /rosout, /edge_distance] 211 edge distance updated
506.300000000 WARN /RVIZ [/tmp/binarydeb/ros-noetic-tf2-0.7.10/src/buffer_core.cpp:277()] [topics: /rosout, /initialpose, /goal, /clicked_point] TF_REPEATED_DATA ignoring data with redundant timestamp for frame odom (parent offset) at time 506.300000 according to authority unknown_publisher
506.300000000 WARN /RVIZ [/tmp/binarydeb/ros-noetic-tf2-0.7.10/src/buffer_core.cpp:277()] [topics: /rosout, /initialpose, /goal, /clicked_point] TF_REPEATED_DATA ignoring data with redundant timestamp for frame offset (parent map) at time 506.300000 according to authority unknown_publisher
506.500000000 INFO /Mapper [/home/wcqw/ac-slam/catkin_ws/src/navigation_2d/nav2d_karto/src/MultiMapper.cpp:401(receiveLaserScan)] [topics: /rosout, /tf, /karto_out, /map, /others, /slam_path, /Mapper/vertices, /Mapper/closure_edges, /Mapper/odom_edges, /Mapper/colored_edges, /localization_result, /slam_pose_graph, /Mapper/loop_closed] PHASE2C_KEYSCAN_ACCEPTED unique_id=274 state_id=274 sim_time=506.500000
506.500000000 INFO /updateDistance [/home/wcqw/ac-slam/catkin_ws/src/cpp_solver/src/updateDistance.cpp:29(occupancyGridCallback)] [topics: /rosout, /edge_distance] Received an OccupancyGrid message!
506.500000000 INFO /updateDistance [/home/wcqw/ac-slam/catkin_ws/src/cpp_solver/src/updateDistance.cpp:30(occupancyGridCallback)] [topics: /rosout, /edge_distance] Width: 697, Height: 715, Size: 498355
506.500000000 INFO /updateDistance [/home/wcqw/ac-slam/catkin_ws/src/cpp_solver/src/updateDistance.cpp:32(occupancyGridCallback)] [topics: /rosout, /edge_distance] Map origin x: -7.738, y: -7.334
506.500000000 INFO /path_planner [path_planner.py:664(PathPlanner.handle_pose_graph)] [topics: /slam_pose_graph, /clock, /edge_distance, /pose_graph_idx, /rosout] Really visited vertices: 8 6 5 3 9 15 19 15 
506.500000000 INFO /updateDistance [/home/wcqw/ac-slam/catkin_ws/src/cpp_solver/src/updateDistance.cpp:87(occupancyGridCallback)] [topics: /rosout, /edge_distance] Free vertices size: 22
506.500000000 INFO /updateDistance [/home/wcqw/ac-slam/catkin_ws/src/cpp_solver/src/updateDistance.cpp:128(occupancyGridCallback)] [topics: /rosout, /edge_distance] 211 edge distance updated
507.700000000 INFO /updateDistance [/home/wcqw/ac-slam/catkin_ws/src/cpp_solver/src/updateDistance.cpp:29(occupancyGridCallback)] [topics: /rosout, /edge_distance] Received an OccupancyGrid message!
507.700000000 INFO /updateDistance [/home/wcqw/ac-slam/catkin_ws/src/cpp_solver/src/updateDistance.cpp:30(occupancyGridCallback)] [topics: /rosout, /edge_distance] Width: 697, Height: 715, Size: 498355
507.700000000 INFO /updateDistance [/home/wcqw/ac-slam/catkin_ws/src/cpp_solver/src/updateDistance.cpp:32(occupancyGridCallback)] [topics: /rosout, /edge_distance] Map origin x: -7.738, y: -7.334
507.700000000 INFO /updateDistance [/home/wcqw/ac-slam/catkin_ws/src/cpp_solver/src/updateDistance.cpp:87(occupancyGridCallback)] [topics: /rosout, /edge_distance] Free vertices size: 22
507.700000000 INFO /updateDistance [/home/wcqw/ac-slam/catkin_ws/src/cpp_solver/src/updateDistance.cpp:128(occupancyGridCallback)] [topics: /rosout, /edge_distance] 211 edge distance updated
507.700000000 INFO /Navigator [/home/wcqw/ac-slam/catkin_ws/src/cpp_solver/src/MyPlanner.cpp:520(findExplorationTarget)] [topics: /rosout, /cmd, /Navigator/plan, /Navigator/markers, /Navigator/frontiers, /Navigator/frontier_to_vertex, /Navigator/nav_goal, /Navigator/prior_map, /Navigator/visual_tsp_path, /Navigator/tsp_index, /Navigator/path_finder, /Navigator/dist_map, /finished_topic, /request_replan, /Explore/result, /Explore/feedback, /Explore/status, /MoveTo/result, /MoveTo/feedback, /MoveTo/status, /Localize/result, /Localize/feedback, /Localize/status, /GetFirstMap/result, /GetFirstMap/feedback, /GetFirstMap/status] Call local replanning...
507.700000000 INFO /path_planner [path_planner.py:321(PathPlanner.handle_replanning)] [topics: /slam_pose_graph, /clock, /edge_distance, /pose_graph_idx, /rosout] Replanning request. curr_vertex_idx: 17
507.700000000 INFO /path_planner [path_planner.py:322(PathPlanner.handle_replanning)] [topics: /slam_pose_graph, /clock, /edge_distance, /pose_graph_idx, /rosout]                     covered_vertices: ()
507.700000000 INFO /path_planner [path_planner.py:336(PathPlanner.handle_replanning)] [topics: /slam_pose_graph, /clock, /edge_distance, /pose_graph_idx, /rosout] Handle local replanning...
507.700000000 INFO /path_planner [path_planner.py:389(PathPlanner.handle_local_replanning)] [topics: /slam_pose_graph, /clock, /edge_distance, /pose_graph_idx, /rosout] Local path to replan: [23, 29, 30, 24, 25, 31, 32, 26, 27, 33, 34, 28, 22, 21, 38, 37]
507.700000000 INFO /path_planner [path_planner.py:348(PathPlanner.handle_replanning)] [topics: /slam_pose_graph, /clock, /edge_distance, /pose_graph_idx, /rosout] curr path length: 43, is_loop length: 43
507.700000000 INFO /path_planner [path_planner.py:360(PathPlanner.handle_replanning)] [topics: /slam_pose_graph, /clock, /edge_distance, /pose_graph_idx, /rosout] Send new plan: 8 7 6 5 4 3 9 15 16 10 11 35 37 20 19 15(L) 19 23  ---> 29 30 24 25 31 32 26 27 33 34 28 22 21 38 37(L) 38 36 12 13 14 8(L) 14 18 17 21(L) 
507.900000000 INFO /Mapper [/home/wcqw/ac-slam/catkin_ws/src/navigation_2d/nav2d_karto/src/MultiMapper.cpp:401(receiveLaserScan)] [topics: /rosout, /tf, /karto_out, /map, /others, /slam_path, /Mapper/vertices, /Mapper/closure_edges, /Mapper/odom_edges, /Mapper/colored_edges, /localization_result, /slam_pose_graph, /Mapper/loop_closed] PHASE2C_KEYSCAN_ACCEPTED unique_id=275 state_id=275 sim_time=507.900000
509.500000000 INFO /Mapper [/home/wcqw/ac-slam/catkin_ws/src/navigation_2d/nav2d_karto/src/MultiMapper.cpp:401(receiveLaserScan)] [topics: /rosout, /tf, /karto_out, /map, /others, /slam_path, /Mapper/vertices, /Mapper/closure_edges, /Mapper/odom_edges, /Mapper/colored_edges, /localization_result, /slam_pose_graph, /Mapper/loop_closed] PHASE2C_KEYSCAN_ACCEPTED unique_id=276 state_id=276 sim_time=509.400000
509.500000000 INFO /updateDistance [/home/wcqw/ac-slam/catkin_ws/src/cpp_solver/src/updateDistance.cpp:29(occupancyGridCallback)] [topics: /rosout, /edge_distance] Received an OccupancyGrid message!
509.500000000 INFO /updateDistance [/home/wcqw/ac-slam/catkin_ws/src/cpp_solver/src/updateDistance.cpp:30(occupancyGridCallback)] [topics: /rosout, /edge_distance] Width: 697, Height: 715, Size: 498355
509.500000000 INFO /updateDistance [/home/wcqw/ac-slam/catkin_ws/src/cpp_solver/src/updateDistance.cpp:32(occupancyGridCallback)] [topics: /rosout, /edge_distance] Map origin x: -7.738, y: -7.334
509.500000000 INFO /path_planner [path_planner.py:664(PathPlanner.handle_pose_graph)] [topics: /slam_pose_graph, /clock, /edge_distance, /pose_graph_idx, /rosout] Really visited vertices: 8 6 5 3 9 15 19 15 
509.500000000 INFO /updateDistance [/home/wcqw/ac-slam/catkin_ws/src/cpp_solver/src/updateDistance.cpp:87(occupancyGridCallback)] [topics: /rosout, /edge_distance] Free vertices size: 22
509.500000000 INFO /updateDistance [/home/wcqw/ac-slam/catkin_ws/src/cpp_solver/src/updateDistance.cpp:128(occupancyGridCallback)] [topics: /rosout, /edge_distance] 211 edge distance updated
510.500000000 WARN /RVIZ [/tmp/binarydeb/ros-noetic-tf2-0.7.10/src/buffer_core.cpp:277()] [topics: /rosout, /initialpose, /goal, /clicked_point] TF_REPEATED_DATA ignoring data with redundant timestamp for frame odom (parent offset) at time 510.500000 according to authority unknown_publisher
510.500000000 WARN /RVIZ [/tmp/binarydeb/ros-noetic-tf2-0.7.10/src/buffer_core.cpp:277()] [topics: /rosout, /initialpose, /goal, /clicked_point] TF_REPEATED_DATA ignoring data with redundant timestamp for frame offset (parent map) at time 510.500000 according to authority unknown_publisher
510.900000000 INFO /Mapper [/home/wcqw/ac-slam/catkin_ws/src/navigation_2d/nav2d_karto/src/MultiMapper.cpp:401(receiveLaserScan)] [topics: /rosout, /tf, /karto_out, /map, /others, /slam_path, /Mapper/vertices, /Mapper/closure_edges, /Mapper/odom_edges, /Mapper/colored_edges, /localization_result, /slam_pose_graph, /Mapper/loop_closed] PHASE2C_KEYSCAN_ACCEPTED unique_id=277 state_id=277 sim_time=510.800000
510.900000000 INFO /updateDistance [/home/wcqw/ac-slam/catkin_ws/src/cpp_solver/src/updateDistance.cpp:29(occupancyGridCallback)] [topics: /rosout, /edge_distance] Received an OccupancyGrid message!
510.900000000 INFO /updateDistance [/home/wcqw/ac-slam/catkin_ws/src/cpp_solver/src/updateDistance.cpp:30(occupancyGridCallback)] [topics: /rosout, /edge_distance] Width: 697, Height: 715, Size: 498355
510.900000000 INFO /updateDistance [/home/wcqw/ac-slam/catkin_ws/src/cpp_solver/src/updateDistance.cpp:32(occupancyGridCallback)] [topics: /rosout, /edge_distance] Map origin x: -7.738, y: -7.334
510.900000000 INFO /path_planner [path_planner.py:664(PathPlanner.handle_pose_graph)] [topics: /slam_pose_graph, /clock, /edge_distance, /pose_graph_idx, /rosout] Really visited vertices: 8 6 5 3 9 15 19 15 
510.900000000 INFO /updateDistance [/home/wcqw/ac-slam/catkin_ws/src/cpp_solver/src/updateDistance.cpp:87(occupancyGridCallback)] [topics: /rosout, /edge_distance] Free vertices size: 22
510.900000000 INFO /updateDistance [/home/wcqw/ac-slam/catkin_ws/src/cpp_solver/src/updateDistance.cpp:128(occupancyGridCallback)] [topics: /rosout, /edge_distance] 211 edge distance updated
511.100000000 WARN /RVIZ [/tmp/binarydeb/ros-noetic-tf2-0.7.10/src/buffer_core.cpp:277()] [topics: /rosout, /initialpose, /goal, /clicked_point] TF_REPEATED_DATA ignoring data with redundant timestamp for frame odom (parent offset) at time 511.100000 according to authority unknown_publisher
511.100000000 WARN /RVIZ [/tmp/binarydeb/ros-noetic-tf2-0.7.10/src/buffer_core.cpp:277()] [topics: /rosout, /initialpose, /goal, /clicked_point] TF_REPEATED_DATA ignoring data with redundant timestamp for frame offset (parent map) at time 511.100000 according to authority unknown_publisher
511.500000000 WARN /RVIZ [/tmp/binarydeb/ros-noetic-tf2-0.7.10/src/buffer_core.cpp:277()] [topics: /rosout, /initialpose, /goal, /clicked_point] TF_REPEATED_DATA ignoring data with redundant timestamp for frame odom (parent offset) at time 511.500000 according to authority unknown_publisher
511.500000000 WARN /RVIZ [/tmp/binarydeb/ros-noetic-tf2-0.7.10/src/buffer_core.cpp:277()] [topics: /rosout, /initialpose, /goal, /clicked_point] TF_REPEATED_DATA ignoring data with redundant timestamp for frame offset (parent map) at time 511.500000 according to authority unknown_publisher
512.900000000 WARN /RVIZ [/tmp/binarydeb/ros-noetic-tf2-0.7.10/src/buffer_core.cpp:277()] [topics: /rosout, /initialpose, /goal, /clicked_point] TF_REPEATED_DATA ignoring data with redundant timestamp for frame odom (parent offset) at time 512.900000 according to authority unknown_publisher
512.900000000 WARN /RVIZ [/tmp/binarydeb/ros-noetic-tf2-0.7.10/src/buffer_core.cpp:277()] [topics: /rosout, /initialpose, /goal, /clicked_point] TF_REPEATED_DATA ignoring data with redundant timestamp for frame offset (parent map) at time 512.900000 according to authority unknown_publisher
513.100000000 WARN /RVIZ [/tmp/binarydeb/ros-noetic-tf2-0.7.10/src/buffer_core.cpp:277()] [topics: /rosout, /initialpose, /goal, /clicked_point] TF_REPEATED_DATA ignoring data with redundant timestamp for frame odom (parent offset) at time 513.100000 according to authority unknown_publisher
513.100000000 WARN /RVIZ [/tmp/binarydeb/ros-noetic-tf2-0.7.10/src/buffer_core.cpp:277()] [topics: /rosout, /initialpose, /goal, /clicked_point] TF_REPEATED_DATA ignoring data with redundant timestamp for frame offset (parent map) at time 513.100000 according to authority unknown_publisher
513.900000000 INFO /updateDistance [/home/wcqw/ac-slam/catkin_ws/src/cpp_solver/src/updateDistance.cpp:29(occupancyGridCallback)] [topics: /rosout, /edge_distance] Received an OccupancyGrid message!
513.900000000 INFO /updateDistance [/home/wcqw/ac-slam/catkin_ws/src/cpp_solver/src/updateDistance.cpp:30(occupancyGridCallback)] [topics: /rosout, /edge_distance] Width: 697, Height: 715, Size: 498355
513.900000000 INFO /updateDistance [/home/wcqw/ac-slam/catkin_ws/src/cpp_solver/src/updateDistance.cpp:32(occupancyGridCallback)] [topics: /rosout, /edge_distance] Map origin x: -7.738, y: -7.334
513.900000000 INFO /updateDistance [/home/wcqw/ac-slam/catkin_ws/src/cpp_solver/src/updateDistance.cpp:87(occupancyGridCallback)] [topics: /rosout, /edge_distance] Free vertices size: 22
513.900000000 INFO /updateDistance [/home/wcqw/ac-slam/catkin_ws/src/cpp_solver/src/updateDistance.cpp:128(occupancyGridCallback)] [topics: /rosout, /edge_distance] 211 edge distance updated
513.900000000 INFO /Navigator [/home/wcqw/ac-slam/catkin_ws/src/cpp_solver/src/MyPlanner.cpp:520(findExplorationTarget)] [topics: /rosout, /cmd, /Navigator/plan, /Navigator/markers, /Navigator/frontiers, /Navigator/frontier_to_vertex, /Navigator/nav_goal, /Navigator/prior_map, /Navigator/visual_tsp_path, /Navigator/tsp_index, /Navigator/path_finder, /Navigator/dist_map, /finished_topic, /request_replan, /Explore/result, /Explore/feedback, /Explore/status, /MoveTo/result, /MoveTo/feedback, /MoveTo/status, /Localize/result, /Localize/feedback, /Localize/status, /GetFirstMap/result, /GetFirstMap/feedback, /GetFirstMap/status] Call local replanning...
513.900000000 INFO /path_planner [path_planner.py:321(PathPlanner.handle_replanning)] [topics: /slam_pose_graph, /clock, /edge_distance, /pose_graph_idx, /rosout] Replanning request. curr_vertex_idx: 17
513.900000000 INFO /path_planner [path_planner.py:322(PathPlanner.handle_replanning)] [topics: /slam_pose_graph, /clock, /edge_distance, /pose_graph_idx, /rosout]                     covered_vertices: ()
513.900000000 INFO /path_planner [path_planner.py:336(PathPlanner.handle_replanning)] [topics: /slam_pose_graph, /clock, /edge_distance, /pose_graph_idx, /rosout] Handle local replanning...
513.900000000 INFO /path_planner [path_planner.py:389(PathPlanner.handle_local_replanning)] [topics: /slam_pose_graph, /clock, /edge_distance, /pose_graph_idx, /rosout] Local path to replan: [23, 29, 30, 24, 25, 31, 32, 26, 27, 33, 34, 28, 22, 21, 38, 37]
513.900000000 INFO /path_planner [path_planner.py:348(PathPlanner.handle_replanning)] [topics: /slam_pose_graph, /clock, /edge_distance, /pose_graph_idx, /rosout] curr path length: 43, is_loop length: 43
513.900000000 INFO /path_planner [path_planner.py:360(PathPlanner.handle_replanning)] [topics: /slam_pose_graph, /clock, /edge_distance, /pose_graph_idx, /rosout] Send new plan: 8 7 6 5 4 3 9 15 16 10 11 35 37 20 19 15(L) 19 23  ---> 29 30 24 25 31 32 26 27 33 34 28 22 21 38 37(L) 38 36 12 13 14 8(L) 14 18 17 21(L) 
514.100000000 INFO /Mapper [/home/wcqw/ac-slam/catkin_ws/src/navigation_2d/nav2d_karto/src/MultiMapper.cpp:401(receiveLaserScan)] [topics: /rosout, /tf, /karto_out, /map, /others, /slam_path, /Mapper/vertices, /Mapper/closure_edges, /Mapper/odom_edges, /Mapper/colored_edges, /localization_result, /slam_pose_graph, /Mapper/loop_closed] PHASE2C_KEYSCAN_ACCEPTED unique_id=278 state_id=278 sim_time=514.100000
515.300000000 WARN /RVIZ [/tmp/binarydeb/ros-noetic-tf2-0.7.10/src/buffer_core.cpp:277()] [topics: /rosout, /initialpose, /goal, /clicked_point] TF_REPEATED_DATA ignoring data with redundant timestamp for frame odom (parent offset) at time 515.300000 according to authority unknown_publisher
515.300000000 WARN /RVIZ [/tmp/binarydeb/ros-noetic-tf2-0.7.10/src/buffer_core.cpp:277()] [topics: /rosout, /initialpose, /goal, /clicked_point] TF_REPEATED_DATA ignoring data with redundant timestamp for frame offset (parent map) at time 515.300000 according to authority unknown_publisher
515.700000000 WARN /RVIZ [/tmp/binarydeb/ros-noetic-tf2-0.7.10/src/buffer_core.cpp:277()] [topics: /rosout, /initialpose, /goal, /clicked_point] TF_REPEATED_DATA ignoring data with redundant timestamp for frame odom (parent offset) at time 515.700000 according to authority unknown_publisher
515.700000000 WARN /RVIZ [/tmp/binarydeb/ros-noetic-tf2-0.7.10/src/buffer_core.cpp:277()] [topics: /rosout, /initialpose, /goal, /clicked_point] TF_REPEATED_DATA ignoring data with redundant timestamp for frame offset (parent map) at time 515.700000 according to authority unknown_publisher
517.900000000 INFO /Mapper [/home/wcqw/ac-slam/catkin_ws/src/navigation_2d/nav2d_karto/src/MultiMapper.cpp:401(receiveLaserScan)] [topics: /rosout, /tf, /karto_out, /map, /others, /slam_path, /Mapper/vertices, /Mapper/closure_edges, /Mapper/odom_edges, /Mapper/colored_edges, /localization_result, /slam_pose_graph, /Mapper/loop_closed] PHASE2C_KEYSCAN_ACCEPTED unique_id=279 state_id=279 sim_time=517.800000
517.900000000 INFO /updateDistance [/home/wcqw/ac-slam/catkin_ws/src/cpp_solver/src/updateDistance.cpp:29(occupancyGridCallback)] [topics: /rosout, /edge_distance] Received an OccupancyGrid message!
517.900000000 INFO /updateDistance [/home/wcqw/ac-slam/catkin_ws/src/cpp_solver/src/updateDistance.cpp:30(occupancyGridCallback)] [topics: /rosout, /edge_distance] Width: 697, Height: 715, Size: 498355
517.900000000 INFO /updateDistance [/home/wcqw/ac-slam/catkin_ws/src/cpp_solver/src/updateDistance.cpp:32(occupancyGridCallback)] [topics: /rosout, /edge_distance] Map origin x: -7.738, y: -7.334
517.900000000 WARN /RVIZ [/tmp/binarydeb/ros-noetic-tf2-0.7.10/src/buffer_core.cpp:277()] [topics: /rosout, /initialpose, /goal, /clicked_point] TF_REPEATED_DATA ignoring data with redundant timestamp for frame odom (parent offset) at time 517.900000 according to authority unknown_publisher
517.900000000 WARN /RVIZ [/tmp/binarydeb/ros-noetic-tf2-0.7.10/src/buffer_core.cpp:277()] [topics: /rosout, /initialpose, /goal, /clicked_point] TF_REPEATED_DATA ignoring data with redundant timestamp for frame offset (parent map) at time 517.900000 according to authority unknown_publisher
517.900000000 INFO /path_planner [path_planner.py:664(PathPlanner.handle_pose_graph)] [topics: /slam_pose_graph, /clock, /edge_distance, /pose_graph_idx, /rosout] Really visited vertices: 8 6 5 3 9 15 19 15 
517.900000000 INFO /updateDistance [/home/wcqw/ac-slam/catkin_ws/src/cpp_solver/src/updateDistance.cpp:87(occupancyGridCallback)] [topics: /rosout, /edge_distance] Free vertices size: 22
517.900000000 INFO /updateDistance [/home/wcqw/ac-slam/catkin_ws/src/cpp_solver/src/updateDistance.cpp:128(occupancyGridCallback)] [topics: /rosout, /edge_distance] 211 edge distance updated
518.300000000 WARN /RVIZ [/tmp/binarydeb/ros-noetic-tf2-0.7.10/src/buffer_core.cpp:277()] [topics: /rosout, /initialpose, /goal, /clicked_point] TF_REPEATED_DATA ignoring data with redundant timestamp for frame odom (parent offset) at time 518.300000 according to authority unknown_publisher
518.300000000 WARN /RVIZ [/tmp/binarydeb/ros-noetic-tf2-0.7.10/src/buffer_core.cpp:277()] [topics: /rosout, /initialpose, /goal, /clicked_point] TF_REPEATED_DATA ignoring data with redundant timestamp for frame offset (parent map) at time 518.300000 according to authority unknown_publisher
519.900000000 INFO /updateDistance [/home/wcqw/ac-slam/catkin_ws/src/cpp_solver/src/updateDistance.cpp:29(occupancyGridCallback)] [topics: /rosout, /edge_distance] Received an OccupancyGrid message!
519.900000000 INFO /updateDistance [/home/wcqw/ac-slam/catkin_ws/src/cpp_solver/src/updateDistance.cpp:30(occupancyGridCallback)] [topics: /rosout, /edge_distance] Width: 697, Height: 715, Size: 498355
519.900000000 INFO /updateDistance [/home/wcqw/ac-slam/catkin_ws/src/cpp_solver/src/updateDistance.cpp:32(occupancyGridCallback)] [topics: /rosout, /edge_distance] Map origin x: -7.738, y: -7.334
519.900000000 INFO /updateDistance [/home/wcqw/ac-slam/catkin_ws/src/cpp_solver/src/updateDistance.cpp:87(occupancyGridCallback)] [topics: /rosout, /edge_distance] Free vertices size: 22
519.900000000 INFO /updateDistance [/home/wcqw/ac-slam/catkin_ws/src/cpp_solver/src/updateDistance.cpp:128(occupancyGridCallback)] [topics: /rosout, /edge_distance] 211 edge distance updated
519.900000000 INFO /Navigator [/home/wcqw/ac-slam/catkin_ws/src/cpp_solver/src/MyPlanner.cpp:520(findExplorationTarget)] [topics: /rosout, /cmd, /Navigator/plan, /Navigator/markers, /Navigator/frontiers, /Navigator/frontier_to_vertex, /Navigator/nav_goal, /Navigator/prior_map, /Navigator/visual_tsp_path, /Navigator/tsp_index, /Navigator/path_finder, /Navigator/dist_map, /finished_topic, /request_replan, /Explore/result, /Explore/feedback, /Explore/status, /MoveTo/result, /MoveTo/feedback, /MoveTo/status, /Localize/result, /Localize/feedback, /Localize/status, /GetFirstMap/result, /GetFirstMap/feedback, /GetFirstMap/status] Call local replanning...
519.900000000 INFO /path_planner [path_planner.py:321(PathPlanner.handle_replanning)] [topics: /slam_pose_graph, /clock, /edge_distance, /pose_graph_idx, /rosout] Replanning request. curr_vertex_idx: 17
519.900000000 INFO /path_planner [path_planner.py:322(PathPlanner.handle_replanning)] [topics: /slam_pose_graph, /clock, /edge_distance, /pose_graph_idx, /rosout]                     covered_vertices: ()
519.900000000 INFO /path_planner [path_planner.py:336(PathPlanner.handle_replanning)] [topics: /slam_pose_graph, /clock, /edge_distance, /pose_graph_idx, /rosout] Handle local replanning...
519.900000000 INFO /path_planner [path_planner.py:389(PathPlanner.handle_local_replanning)] [topics: /slam_pose_graph, /clock, /edge_distance, /pose_graph_idx, /rosout] Local path to replan: [23, 29, 30, 24, 25, 31, 32, 26, 27, 33, 34, 28, 22, 21, 38, 37]
519.900000000 INFO /path_planner [path_planner.py:348(PathPlanner.handle_replanning)] [topics: /slam_pose_graph, /clock, /edge_distance, /pose_graph_idx, /rosout] curr path length: 43, is_loop length: 43
519.900000000 INFO /path_planner [path_planner.py:360(PathPlanner.handle_replanning)] [topics: /slam_pose_graph, /clock, /edge_distance, /pose_graph_idx, /rosout] Send new plan: 8 7 6 5 4 3 9 15 16 10 11 35 37 20 19 15(L) 19 23  ---> 29 30 24 25 31 32 26 27 33 34 28 22 21 38 37(L) 38 36 12 13 14 8(L) 14 18 17 21(L) 
521.700000000 INFO /Mapper [/home/wcqw/ac-slam/catkin_ws/src/navigation_2d/nav2d_karto/src/MultiMapper.cpp:401(receiveLaserScan)] [topics: /rosout, /tf, /karto_out, /map, /others, /slam_path, /Mapper/vertices, /Mapper/closure_edges, /Mapper/odom_edges, /Mapper/colored_edges, /localization_result, /slam_pose_graph, /Mapper/loop_closed] PHASE2C_KEYSCAN_ACCEPTED unique_id=280 state_id=280 sim_time=521.700000
521.700000000 INFO /updateDistance [/home/wcqw/ac-slam/catkin_ws/src/cpp_solver/src/updateDistance.cpp:29(occupancyGridCallback)] [topics: /rosout, /edge_distance] Received an OccupancyGrid message!
521.700000000 INFO /updateDistance [/home/wcqw/ac-slam/catkin_ws/src/cpp_solver/src/updateDistance.cpp:30(occupancyGridCallback)] [topics: /rosout, /edge_distance] Width: 697, Height: 715, Size: 498355
521.700000000 INFO /updateDistance [/home/wcqw/ac-slam/catkin_ws/src/cpp_solver/src/updateDistance.cpp:32(occupancyGridCallback)] [topics: /rosout, /edge_distance] Map origin x: -7.738, y: -7.334
521.700000000 INFO /path_planner [path_planner.py:664(PathPlanner.handle_pose_graph)] [topics: /slam_pose_graph, /clock, /edge_distance, /pose_graph_idx, /rosout] Really visited vertices: 8 6 5 3 9 15 19 15 
521.700000000 INFO /updateDistance [/home/wcqw/ac-slam/catkin_ws/src/cpp_solver/src/updateDistance.cpp:87(occupancyGridCallback)] [topics: /rosout, /edge_distance] Free vertices size: 22
521.700000000 INFO /updateDistance [/home/wcqw/ac-slam/catkin_ws/src/cpp_solver/src/updateDistance.cpp:128(occupancyGridCallback)] [topics: /rosout, /edge_distance] 211 edge distance updated
521.900000000 WARN /RVIZ [/tmp/binarydeb/ros-noetic-tf2-0.7.10/src/buffer_core.cpp:277()] [topics: /rosout, /initialpose, /goal, /clicked_point] TF_REPEATED_DATA ignoring data with redundant timestamp for frame odom (parent offset) at time 521.900000 according to authority unknown_publisher
521.900000000 WARN /RVIZ [/tmp/binarydeb/ros-noetic-tf2-0.7.10/src/buffer_core.cpp:277()] [topics: /rosout, /initialpose, /goal, /clicked_point] TF_REPEATED_DATA ignoring data with redundant timestamp for frame offset (parent map) at time 521.900000 according to authority unknown_publisher
525.300000000 INFO /Mapper [/home/wcqw/ac-slam/catkin_ws/src/navigation_2d/nav2d_karto/src/MultiMapper.cpp:401(receiveLaserScan)] [topics: /rosout, /tf, /karto_out, /map, /others, /slam_path, /Mapper/vertices, /Mapper/closure_edges, /Mapper/odom_edges, /Mapper/colored_edges, /localization_result, /slam_pose_graph, /Mapper/loop_closed] PHASE2C_KEYSCAN_ACCEPTED unique_id=281 state_id=281 sim_time=525.200000
525.300000000 INFO /updateDistance [/home/wcqw/ac-slam/catkin_ws/src/cpp_solver/src/updateDistance.cpp:29(occupancyGridCallback)] [topics: /rosout, /edge_distance] Received an OccupancyGrid message!
525.300000000 INFO /updateDistance [/home/wcqw/ac-slam/catkin_ws/src/cpp_solver/src/updateDistance.cpp:30(occupancyGridCallback)] [topics: /rosout, /edge_distance] Width: 697, Height: 715, Size: 498355
525.300000000 INFO /updateDistance [/home/wcqw/ac-slam/catkin_ws/src/cpp_solver/src/updateDistance.cpp:32(occupancyGridCallback)] [topics: /rosout, /edge_distance] Map origin x: -7.738, y: -7.334
525.300000000 INFO /path_planner [path_planner.py:664(PathPlanner.handle_pose_graph)] [topics: /slam_pose_graph, /clock, /edge_distance, /pose_graph_idx, /rosout] Really visited vertices: 8 6 5 3 9 15 19 15 
525.300000000 INFO /updateDistance [/home/wcqw/ac-slam/catkin_ws/src/cpp_solver/src/updateDistance.cpp:87(occupancyGridCallback)] [topics: /rosout, /edge_distance] Free vertices size: 22
525.300000000 INFO /updateDistance [/home/wcqw/ac-slam/catkin_ws/src/cpp_solver/src/updateDistance.cpp:128(occupancyGridCallback)] [topics: /rosout, /edge_distance] 211 edge distance updated
525.500000000 WARN /RVIZ [/tmp/binarydeb/ros-noetic-tf2-0.7.10/src/buffer_core.cpp:277()] [topics: /rosout, /initialpose, /goal, /clicked_point] TF_REPEATED_DATA ignoring data with redundant timestamp for frame odom (parent offset) at time 525.500000 according to authority unknown_publisher
525.500000000 WARN /RVIZ [/tmp/binarydeb/ros-noetic-tf2-0.7.10/src/buffer_core.cpp:277()] [topics: /rosout, /initialpose, /goal, /clicked_point] TF_REPEATED_DATA ignoring data with redundant timestamp for frame offset (parent map) at time 525.500000 according to authority unknown_publisher
525.900000000 INFO /updateDistance [/home/wcqw/ac-slam/catkin_ws/src/cpp_solver/src/updateDistance.cpp:29(occupancyGridCallback)] [topics: /rosout, /edge_distance] Received an OccupancyGrid message!
525.900000000 INFO /updateDistance [/home/wcqw/ac-slam/catkin_ws/src/cpp_solver/src/updateDistance.cpp:30(occupancyGridCallback)] [topics: /rosout, /edge_distance] Width: 697, Height: 715, Size: 498355
525.900000000 INFO /updateDistance [/home/wcqw/ac-slam/catkin_ws/src/cpp_solver/src/updateDistance.cpp:32(occupancyGridCallback)] [topics: /rosout, /edge_distance] Map origin x: -7.738, y: -7.334
525.900000000 INFO /updateDistance [/home/wcqw/ac-slam/catkin_ws/src/cpp_solver/src/updateDistance.cpp:87(occupancyGridCallback)] [topics: /rosout, /edge_distance] Free vertices size: 22
525.900000000 INFO /updateDistance [/home/wcqw/ac-slam/catkin_ws/src/cpp_solver/src/updateDistance.cpp:128(occupancyGridCallback)] [topics: /rosout, /edge_distance] 211 edge distance updated
525.900000000 INFO /Navigator [/home/wcqw/ac-slam/catkin_ws/src/cpp_solver/src/MyPlanner.cpp:520(findExplorationTarget)] [topics: /rosout, /cmd, /Navigator/plan, /Navigator/markers, /Navigator/frontiers, /Navigator/frontier_to_vertex, /Navigator/nav_goal, /Navigator/prior_map, /Navigator/visual_tsp_path, /Navigator/tsp_index, /Navigator/path_finder, /Navigator/dist_map, /finished_topic, /request_replan, /Explore/result, /Explore/feedback, /Explore/status, /MoveTo/result, /MoveTo/feedback, /MoveTo/status, /Localize/result, /Localize/feedback, /Localize/status, /GetFirstMap/result, /GetFirstMap/feedback, /GetFirstMap/status] Call local replanning...
525.900000000 INFO /path_planner [path_planner.py:321(PathPlanner.handle_replanning)] [topics: /slam_pose_graph, /clock, /edge_distance, /pose_graph_idx, /rosout] Replanning request. curr_vertex_idx: 17
525.900000000 INFO /path_planner [path_planner.py:322(PathPlanner.handle_replanning)] [topics: /slam_pose_graph, /clock, /edge_distance, /pose_graph_idx, /rosout]                     covered_vertices: ()
525.900000000 INFO /path_planner [path_planner.py:336(PathPlanner.handle_replanning)] [topics: /slam_pose_graph, /clock, /edge_distance, /pose_graph_idx, /rosout] Handle local replanning...
525.900000000 INFO /path_planner [path_planner.py:389(PathPlanner.handle_local_replanning)] [topics: /slam_pose_graph, /clock, /edge_distance, /pose_graph_idx, /rosout] Local path to replan: [23, 29, 30, 24, 25, 31, 32, 26, 27, 33, 34, 28, 22, 21, 38, 37]
525.900000000 INFO /path_planner [path_planner.py:348(PathPlanner.handle_replanning)] [topics: /slam_pose_graph, /clock, /edge_distance, /pose_graph_idx, /rosout] curr path length: 43, is_loop length: 43
525.900000000 INFO /path_planner [path_planner.py:360(PathPlanner.handle_replanning)] [topics: /slam_pose_graph, /clock, /edge_distance, /pose_graph_idx, /rosout] Send new plan: 8 7 6 5 4 3 9 15 16 10 11 35 37 20 19 15(L) 19 23  ---> 29 30 24 25 31 32 26 27 33 34 28 22 21 38 37(L) 38 36 12 13 14 8(L) 14 18 17 21(L) 
527.300000000 WARN /RVIZ [/tmp/binarydeb/ros-noetic-tf2-0.7.10/src/buffer_core.cpp:277()] [topics: /rosout, /initialpose, /goal, /clicked_point] TF_REPEATED_DATA ignoring data with redundant timestamp for frame odom (parent offset) at time 527.300000 according to authority unknown_publisher
527.300000000 WARN /RVIZ [/tmp/binarydeb/ros-noetic-tf2-0.7.10/src/buffer_core.cpp:277()] [topics: /rosout, /initialpose, /goal, /clicked_point] TF_REPEATED_DATA ignoring data with redundant timestamp for frame offset (parent map) at time 527.300000 according to authority unknown_publisher
527.700000000 WARN /RVIZ [/tmp/binarydeb/ros-noetic-tf2-0.7.10/src/buffer_core.cpp:277()] [topics: /rosout, /initialpose, /goal, /clicked_point] TF_REPEATED_DATA ignoring data with redundant timestamp for frame odom (parent offset) at time 527.700000 according to authority unknown_publisher
527.700000000 WARN /RVIZ [/tmp/binarydeb/ros-noetic-tf2-0.7.10/src/buffer_core.cpp:277()] [topics: /rosout, /initialpose, /goal, /clicked_point] TF_REPEATED_DATA ignoring data with redundant timestamp for frame offset (parent map) at time 527.700000 according to authority unknown_publisher
527.900000000 INFO /Mapper [/home/wcqw/ac-slam/catkin_ws/src/navigation_2d/nav2d_karto/src/MultiMapper.cpp:401(receiveLaserScan)] [topics: /rosout, /tf, /karto_out, /map, /others, /slam_path, /Mapper/vertices, /Mapper/closure_edges, /Mapper/odom_edges, /Mapper/colored_edges, /localization_result, /slam_pose_graph, /Mapper/loop_closed] PHASE2C_KEYSCAN_ACCEPTED unique_id=282 state_id=282 sim_time=527.800000
527.900000000 INFO /updateDistance [/home/wcqw/ac-slam/catkin_ws/src/cpp_solver/src/updateDistance.cpp:29(occupancyGridCallback)] [topics: /rosout, /edge_distance] Received an OccupancyGrid message!
527.900000000 INFO /updateDistance [/home/wcqw/ac-slam/catkin_ws/src/cpp_solver/src/updateDistance.cpp:30(occupancyGridCallback)] [topics: /rosout, /edge_distance] Width: 697, Height: 715, Size: 498355
527.900000000 INFO /updateDistance [/home/wcqw/ac-slam/catkin_ws/src/cpp_solver/src/updateDistance.cpp:32(occupancyGridCallback)] [topics: /rosout, /edge_distance] Map origin x: -7.738, y: -7.334
527.900000000 INFO /path_planner [path_planner.py:664(PathPlanner.handle_pose_graph)] [topics: /slam_pose_graph, /clock, /edge_distance, /pose_graph_idx, /rosout] Really visited vertices: 8 6 5 3 9 15 19 15 
527.900000000 INFO /updateDistance [/home/wcqw/ac-slam/catkin_ws/src/cpp_solver/src/updateDistance.cpp:87(occupancyGridCallback)] [topics: /rosout, /edge_distance] Free vertices size: 22
527.900000000 INFO /updateDistance [/home/wcqw/ac-slam/catkin_ws/src/cpp_solver/src/updateDistance.cpp:128(occupancyGridCallback)] [topics: /rosout, /edge_distance] 211 edge distance updated
528.500000000 WARN /RVIZ [/tmp/binarydeb/ros-noetic-tf2-0.7.10/src/buffer_core.cpp:277()] [topics: /rosout, /initialpose, /goal, /clicked_point] TF_REPEATED_DATA ignoring data with redundant timestamp for frame odom (parent offset) at time 528.500000 according to authority unknown_publisher
528.500000000 WARN /RVIZ [/tmp/binarydeb/ros-noetic-tf2-0.7.10/src/buffer_core.cpp:277()] [topics: /rosout, /initialpose, /goal, /clicked_point] TF_REPEATED_DATA ignoring data with redundant timestamp for frame offset (parent map) at time 528.500000 according to authority unknown_publisher
529.100000000 WARN /RVIZ [/tmp/binarydeb/ros-noetic-tf2-0.7.10/src/buffer_core.cpp:277()] [topics: /rosout, /initialpose, /goal, /clicked_point] TF_REPEATED_DATA ignoring data with redundant timestamp for frame odom (parent offset) at time 529.100000 according to authority unknown_publisher
529.100000000 WARN /RVIZ [/tmp/binarydeb/ros-noetic-tf2-0.7.10/src/buffer_core.cpp:277()] [topics: /rosout, /initialpose, /goal, /clicked_point] TF_REPEATED_DATA ignoring data with redundant timestamp for frame offset (parent map) at time 529.100000 according to authority unknown_publisher
529.700000000 WARN /RVIZ [/tmp/binarydeb/ros-noetic-tf2-0.7.10/src/buffer_core.cpp:277()] [topics: /rosout, /initialpose, /goal, /clicked_point] TF_REPEATED_DATA ignoring data with redundant timestamp for frame odom (parent offset) at time 529.700000 according to authority unknown_publisher
529.700000000 WARN /RVIZ [/tmp/binarydeb/ros-noetic-tf2-0.7.10/src/buffer_core.cpp:277()] [topics: /rosout, /initialpose, /goal, /clicked_point] TF_REPEATED_DATA ignoring data with redundant timestamp for frame offset (parent map) at time 529.700000 according to authority unknown_publisher
531.900000000 INFO /updateDistance [/home/wcqw/ac-slam/catkin_ws/src/cpp_solver/src/updateDistance.cpp:29(occupancyGridCallback)] [topics: /rosout, /edge_distance] Received an OccupancyGrid message!
531.900000000 INFO /updateDistance [/home/wcqw/ac-slam/catkin_ws/src/cpp_solver/src/updateDistance.cpp:30(occupancyGridCallback)] [topics: /rosout, /edge_distance] Width: 697, Height: 715, Size: 498355
531.900000000 INFO /updateDistance [/home/wcqw/ac-slam/catkin_ws/src/cpp_solver/src/updateDistance.cpp:32(occupancyGridCallback)] [topics: /rosout, /edge_distance] Map origin x: -7.738, y: -7.334
531.900000000 INFO /updateDistance [/home/wcqw/ac-slam/catkin_ws/src/cpp_solver/src/updateDistance.cpp:87(occupancyGridCallback)] [topics: /rosout, /edge_distance] Free vertices size: 22
531.900000000 INFO /updateDistance [/home/wcqw/ac-slam/catkin_ws/src/cpp_solver/src/updateDistance.cpp:128(occupancyGridCallback)] [topics: /rosout, /edge_distance] 211 edge distance updated
531.900000000 INFO /Mapper [/home/wcqw/ac-slam/catkin_ws/src/navigation_2d/nav2d_karto/src/MultiMapper.cpp:401(receiveLaserScan)] [topics: /rosout, /tf, /karto_out, /map, /others, /slam_path, /Mapper/vertices, /Mapper/closure_edges, /Mapper/odom_edges, /Mapper/colored_edges, /localization_result, /slam_pose_graph, /Mapper/loop_closed] PHASE2C_KEYSCAN_ACCEPTED unique_id=283 state_id=283 sim_time=531.800000
531.900000000 INFO /Navigator [/home/wcqw/ac-slam/catkin_ws/src/cpp_solver/src/MyPlanner.cpp:520(findExplorationTarget)] [topics: /rosout, /cmd, /Navigator/plan, /Navigator/markers, /Navigator/frontiers, /Navigator/frontier_to_vertex, /Navigator/nav_goal, /Navigator/prior_map, /Navigator/visual_tsp_path, /Navigator/tsp_index, /Navigator/path_finder, /Navigator/dist_map, /finished_topic, /request_replan, /Explore/result, /Explore/feedback, /Explore/status, /MoveTo/result, /MoveTo/feedback, /MoveTo/status, /Localize/result, /Localize/feedback, /Localize/status, /GetFirstMap/result, /GetFirstMap/feedback, /GetFirstMap/status] Call local replanning...
531.900000000 INFO /path_planner [path_planner.py:321(PathPlanner.handle_replanning)] [topics: /slam_pose_graph, /clock, /edge_distance, /pose_graph_idx, /rosout] Replanning request. curr_vertex_idx: 17
531.900000000 INFO /path_planner [path_planner.py:322(PathPlanner.handle_replanning)] [topics: /slam_pose_graph, /clock, /edge_distance, /pose_graph_idx, /rosout]                     covered_vertices: ()
531.900000000 INFO /path_planner [path_planner.py:336(PathPlanner.handle_replanning)] [topics: /slam_pose_graph, /clock, /edge_distance, /pose_graph_idx, /rosout] Handle local replanning...
531.900000000 INFO /path_planner [path_planner.py:389(PathPlanner.handle_local_replanning)] [topics: /slam_pose_graph, /clock, /edge_distance, /pose_graph_idx, /rosout] Local path to replan: [23, 29, 30, 24, 25, 31, 32, 26, 27, 33, 34, 28, 22, 21, 38, 37]
531.900000000 INFO /path_planner [path_planner.py:348(PathPlanner.handle_replanning)] [topics: /slam_pose_graph, /clock, /edge_distance, /pose_graph_idx, /rosout] curr path length: 43, is_loop length: 43
531.900000000 INFO /path_planner [path_planner.py:360(PathPlanner.handle_replanning)] [topics: /slam_pose_graph, /clock, /edge_distance, /pose_graph_idx, /rosout] Send new plan: 8 7 6 5 4 3 9 15 16 10 11 35 37 20 19 15(L) 19 23  ---> 29 30 24 25 31 32 26 27 33 34 28 22 21 38 37(L) 38 36 12 13 14 8(L) 14 18 17 21(L) 
534.500000000 WARN /RVIZ [/tmp/binarydeb/ros-noetic-tf2-0.7.10/src/buffer_core.cpp:277()] [topics: /rosout, /initialpose, /goal, /clicked_point] TF_REPEATED_DATA ignoring data with redundant timestamp for frame odom (parent offset) at time 534.500000 according to authority unknown_publisher
534.500000000 WARN /RVIZ [/tmp/binarydeb/ros-noetic-tf2-0.7.10/src/buffer_core.cpp:277()] [topics: /rosout, /initialpose, /goal, /clicked_point] TF_REPEATED_DATA ignoring data with redundant timestamp for frame offset (parent map) at time 534.500000 according to authority unknown_publisher
534.700000000 INFO /Mapper [/home/wcqw/ac-slam/catkin_ws/src/navigation_2d/nav2d_karto/src/MultiMapper.cpp:401(receiveLaserScan)] [topics: /rosout, /tf, /karto_out, /map, /others, /slam_path, /Mapper/vertices, /Mapper/closure_edges, /Mapper/odom_edges, /Mapper/colored_edges, /localization_result, /slam_pose_graph, /Mapper/loop_closed] PHASE2C_KEYSCAN_ACCEPTED unique_id=284 state_id=284 sim_time=534.600000
534.700000000 INFO /updateDistance [/home/wcqw/ac-slam/catkin_ws/src/cpp_solver/src/updateDistance.cpp:29(occupancyGridCallback)] [topics: /rosout, /edge_distance] Received an OccupancyGrid message!
534.700000000 INFO /updateDistance [/home/wcqw/ac-slam/catkin_ws/src/cpp_solver/src/updateDistance.cpp:30(occupancyGridCallback)] [topics: /rosout, /edge_distance] Width: 697, Height: 715, Size: 498355
534.700000000 INFO /updateDistance [/home/wcqw/ac-slam/catkin_ws/src/cpp_solver/src/updateDistance.cpp:32(occupancyGridCallback)] [topics: /rosout, /edge_distance] Map origin x: -7.738, y: -7.334
534.700000000 INFO /path_planner [path_planner.py:664(PathPlanner.handle_pose_graph)] [topics: /slam_pose_graph, /clock, /edge_distance, /pose_graph_idx, /rosout] Really visited vertices: 8 6 5 3 9 15 19 15 
534.700000000 INFO /updateDistance [/home/wcqw/ac-slam/catkin_ws/src/cpp_solver/src/updateDistance.cpp:87(occupancyGridCallback)] [topics: /rosout, /edge_distance] Free vertices size: 22
534.700000000 INFO /updateDistance [/home/wcqw/ac-slam/catkin_ws/src/cpp_solver/src/updateDistance.cpp:128(occupancyGridCallback)] [topics: /rosout, /edge_distance] 211 edge distance updated
535.100000000 WARN /RVIZ [/tmp/binarydeb/ros-noetic-tf2-0.7.10/src/buffer_core.cpp:277()] [topics: /rosout, /initialpose, /goal, /clicked_point] TF_REPEATED_DATA ignoring data with redundant timestamp for frame odom (parent offset) at time 535.100000 according to authority unknown_publisher
535.100000000 WARN /RVIZ [/tmp/binarydeb/ros-noetic-tf2-0.7.10/src/buffer_core.cpp:277()] [topics: /rosout, /initialpose, /goal, /clicked_point] TF_REPEATED_DATA ignoring data with redundant timestamp for frame offset (parent map) at time 535.100000 according to authority unknown_publisher
535.700000000 WARN /RVIZ [/tmp/binarydeb/ros-noetic-tf2-0.7.10/src/buffer_core.cpp:277()] [topics: /rosout, /initialpose, /goal, /clicked_point] TF_REPEATED_DATA ignoring data with redundant timestamp for frame odom (parent offset) at time 535.700000 according to authority unknown_publisher
535.700000000 WARN /RVIZ [/tmp/binarydeb/ros-noetic-tf2-0.7.10/src/buffer_core.cpp:277()] [topics: /rosout, /initialpose, /goal, /clicked_point] TF_REPEATED_DATA ignoring data with redundant timestamp for frame offset (parent map) at time 535.700000 according to authority unknown_publisher
536.900000000 WARN /RVIZ [/tmp/binarydeb/ros-noetic-tf2-0.7.10/src/buffer_core.cpp:277()] [topics: /rosout, /initialpose, /goal, /clicked_point] TF_REPEATED_DATA ignoring data with redundant timestamp for frame odom (parent offset) at time 536.900000 according to authority unknown_publisher
536.900000000 WARN /RVIZ [/tmp/binarydeb/ros-noetic-tf2-0.7.10/src/buffer_core.cpp:277()] [topics: /rosout, /initialpose, /goal, /clicked_point] TF_REPEATED_DATA ignoring data with redundant timestamp for frame offset (parent map) at time 536.900000 according to authority unknown_publisher
537.700000000 WARN /RVIZ [/tmp/binarydeb/ros-noetic-tf2-0.7.10/src/buffer_core.cpp:277()] [topics: /rosout, /initialpose, /goal, /clicked_point] TF_REPEATED_DATA ignoring data with redundant timestamp for frame odom (parent offset) at time 537.700000 according to authority unknown_publisher
537.700000000 WARN /RVIZ [/tmp/binarydeb/ros-noetic-tf2-0.7.10/src/buffer_core.cpp:277()] [topics: /rosout, /initialpose, /goal, /clicked_point] TF_REPEATED_DATA ignoring data with redundant timestamp for frame offset (parent map) at time 537.700000 according to authority unknown_publisher
