[WARN] [1788240788.427650538]: The root link base_link has an inertia specified in the URDF, but KDL does not support a root link with an inertia.  As a workaround, you can add an extra dummy link to your URDF.
0x5565d1778960
[INFO] [1788240788.481837057]: Inititialized robot 1, starting to map now.
Create multimapper!!
concorde -s 21005 /tmp/tmpz37eduyy/problem.tsp
Host: msxg  Current process id: 182791
Using random seed 21005
Number of Nodes: 78
Explicit Lengths (CC_MATRIXNORM)
Set initial upperbound to 8480 (from tour)
ERROR: No dual change in basis finding code
Did not find a basic optimal solution
Fractional matching routine failed
Warning: restarting running timer Miscellaneous
No warmstart, stumbling on anyway
Basic dual change required, but no candidate edges
  LP Value  1: 8400.000000  (0.00 seconds)
  LP Value  2: 8444.000000  (0.01 seconds)
recomputing rownorms ...
  LP Value  3: 8444.000000  (0.01 seconds)
New lower bound: 8444.000000
New upperbound from x-heuristic: 8444.00
Final lower bound 8444.000000, upper bound 8444.000000
Exact lower bound: 8444.000000
DIFF: 0.000000
Final LP has 96 rows, 180 columns, 477 nonzeros
Optimal Solution: 8444.00
Number of bbnodes: 1
Total Running Time: 0.03 (seconds)
[WARN] [1788240789.961004848, 0.400000000]: local_map: Parameter "plugins" not provided, loading pre-Hydro parameters
[INFO] [1788240788.492460627]: Waiting for prior_graph_service ...
[INFO] [1788240788.493161743]: waitForService: Service [/prior_graph_service] has not been advertised, waiting...
[INFO] [1788240789.249846142]: waitForService: Service [/prior_graph_service] is now available.
[INFO] [1788240789.259002649]: Receive response of service prior_graph_service.
[INFO] [1788240789.259723325]: Load prior_map.
[INFO] [1788240789.259747111]: Publishing prior graph......
[INFO] [1788240789.260083778]: Draw prior_map in RVIZ.
[INFO] [1788240789.260090786]: Waiting for path_plan_service ...
[INFO] [1788240789.265992467]: Receive tsp path: 20 37 17 16 15 14 15 13 17 12 17 11 18 10 36 9 36 8 0 35 1 35 6 19 38 20 38 26 21 24 21 22 21 23 21 25 27 31 32 29 32 30 32 28 33 38 33 7 5 4 3 34 2 35
[INFO] [1788240789.266027778]: Receive loop index: 0 0 0 0 0 0 0 0 0 0 0 0 0 0 0 0 0 0 0 0 0 0 0 0 0 1 0 0 0 0 0 0 0 0 0 0 0 0 0 0 0 0 0 0 0 1 0 0 0 0 0 0 0 1
[INFO] [1788240789.266036385]: Waiting for reliable_loop_service ...
[INFO] [1788240789.266422108]: reliable_loop_service is available.
[INFO] [1788240789.266653359]: MyPlanner is initialized and running!!
[INFO] [1788240789.266675541]: Successfully loaded exploration strategy [MyPlanner].
Warning: TF_REPEATED_DATA ignoring data with redundant timestamp for frame odom (parent offset) at time 0.400000 according to authority unknown_publisher
         at line 277 in /tmp/binarydeb/ros-noetic-tf2-0.7.10/src/buffer_core.cpp
Warning: TF_REPEATED_DATA ignoring data with redundant timestamp for frame odom (parent offset) at time 0.400000 according to authority unknown_publisher
Warning:          at line TF_REPEATED_DATA ignoring data with redundant timestamp for frame offset (parent map) at time 0.400000 according to authority unknown_publisher277
 in          at line /tmp/binarydeb/ros-noetic-tf2-0.7.10/src/buffer_core.cpp277
 in /tmp/binarydeb/ros-noetic-tf2-0.7.10/src/buffer_core.cpp
Warning: TF_REPEATED_DATA ignoring data with redundant timestamp for frame offset (parent map) at time 0.400000 according to authority unknown_publisher
         at line 277 in /tmp/binarydeb/ros-noetic-tf2-0.7.10/src/buffer_core.cpp
Warning: TF_REPEATED_DATA ignoring data with redundant timestamp for frame odom (parent offset) at time 0.400000 according to authority unknown_publisher
         at line 277 in /tmp/binarydeb/ros-noetic-tf2-0.7.10/src/buffer_core.cpp
Warning: TF_REPEATED_DATA ignoring data with redundant timestamp for frame offset (parent map) at time 0.400000 according to authority unknown_publisher
         at line 277 in /tmp/binarydeb/ros-noetic-tf2-0.7.10/src/buffer_core.cpp[INFO] [1788240790.043506578, 0.400000000]: PHASE2C_KEYSCAN_ACCEPTED unique_id=0 state_id=0 sim_time=0.200000

Warning: TF_REPEATED_DATA ignoring data with redundant timestamp for frame odom (parent offset) at time 0.400000 according to authority unknown_publisher
         at line [WARN] [1788240790.044757359, 0.400000000]: TF_REPEATED_DATA ignoring data with redundant timestamp for frame odom (parent offset) at time 0.400000 according to authority unknown_publisher
277 in /tmp/binarydeb/ros-noetic-tf2-0.7.10/src/buffer_core.cpp
Warning: TF_REPEATED_DATA ignoring data with redundant timestamp for frame offset (parent map) at time 0.400000 according to authority unknown_publisher
         at line 277 in /tmp/binarydeb/ros-noetic-tf2-0.7.10/src/buffer_core.cpp
[WARN] [1788240790.044871858, 0.400000000]: TF_REPEATED_DATA ignoring data with redundant timestamp for frame offset (parent map) at time 0.400000 according to authority unknown_publisher
[WARN] [1788240807.001759257, 17.400000000]: No frontier at vertex 20. #Frontier: 0
concorde /tmp/tmpf31sgn22/problem.tsp
Host: msxg  Current process id: 183772
Using random seed 1788240808
Number of Nodes: 40
Explicit Lengths (CC_MATRIXNORM)
Set initial upperbound to 1517 (from tour)
ERROR: No dual change in basis finding code
Did not find a basic optimal solution
Fractional matching routine failed
Warning: restarting running timer Miscellaneous
No warmstart, stumbling on anyway
Basic dual change required, but no candidate edges
  LP Value  1: 1492.000000  (0.00 seconds)
  LP Value  2: 1517.000000  (0.00 seconds)
New lower bound: 1517.000000
Final lower bound 1517.000000, upper bound 1517.000000
Exact lower bound: 1517.000000
DIFF: 0.000000
Final LP has 45 rows, 82 columns, 215 nonzeros
Optimal Solution: 1517.00
Number of bbnodes: 1
Total Running Time: 0.01 (seconds)
[INFO] [1788240788.983240, 0.000000]: PHASE3A_ORACLE_ENABLED mode=2 before=8 after=8 densify_m=0.500
[INFO] [1788240788.983761, 0.000000]: PHASE4A_SELECTIVE_ENABLED span_gate=4.00 max_len=12.0 max_wp=24 densify=0.50 dir_lambda=1.00
/home/wcqw/ac-slam/catkin_ws/src/cpp_solver/world/map8/map8.xml
86.8
True
Drawio scale: 0.0811214953271028
[INFO] [1788240788.984996, 0.000000]: Build prior map with 39 vertices.
[INFO] [1788240788.985555, 0.000000]: Build prior map.
[INFO] [1788240788.989357, 0.000000]: prior_map_save_path: /home/wcqw/ac-slam/catkin_ws/src/cpp_solver/results/prior_map_Phase4C_map8_seed21005_C_attempt_01.pickle
Robot position: (0.0, 0.0)
10: 1038.6988603022098,(x, y) = (-8.11214953271028, 31.19121495327103)
11: 983.4210054677264,(x, y) = (3.244859813084112, 31.19121495327103)
Reverse tsp path is better!
tsp_path VS full_tsp_path:
[20, 37, 16, 14, 15, 13, 12, 17, 11, 18, 10, 9, 36, 8, 0, 35, 1, 6, 19, 38, 26, 21, 24, 22, 23, 25, 27, 31, 29, 30, 32, 28, 33, 7, 5, 4, 3, 34, 2]
[20, 37, 17, 16, 15, 14, 15, 13, 17, 12, 17, 11, 18, 10, 36, 9, 36, 8, 0, 35, 1, 35, 6, 19, 38, 26, 21, 24, 21, 22, 21, 23, 21, 25, 27, 31, 32, 29, 32, 30, 32, 28, 33, 7, 5, 4, 3, 34, 2]
[INFO] [1788240789.050771, 0.000000]: TSP_RECORD {"full_tsp_path": [20, 37, 17, 16, 15, 14, 15, 13, 17, 12, 17, 11, 18, 10, 36, 9, 36, 8, 0, 35, 1, 35, 6, 19, 38, 26, 21, 24, 21, 22, 21, 23, 21, 25, 27, 31, 32, 29, 32, 30, 32, 28, 33, 7, 5, 4, 3, 34, 2], "initial_tsp_path": [20, 37, 16, 14, 15, 13, 12, 17, 11, 18, 10, 9, 36, 8, 0, 35, 1, 6, 19, 38, 26, 21, 24, 22, 23, 25, 27, 31, 29, 30, 32, 28, 33, 7, 5, 4, 3, 34, 2], "predicted_full_tsp_length": 581.3749220957066, "predicted_tsp_length": 581.3749220957064, "seed": 21005, "solver": "concorde"}
[INFO] [1788240789.051601, 0.000000]: tsp_record_path: /home/wcqw/ac-slam/catkin_ws/src/cpp_solver/results/tsp_record_Phase4C_map8_seed21005_C_attempt_01.json
[INFO] [1788240789.052322, 0.000000]: Find initial tsp path.
tsp_d_opt: 48.14047273026632, tsp_dist: 581.3749220957066
current idx: 0 / 48
max_candidate_dist: 52.67545007187252
Iter <built-in function iter>: 0 / 49
Iter <built-in function iter>: 20 / 49
Iter <built-in function iter>: 40 / 49
#candidates: 93
current obj: 0.08498515476028107, resistance: 1.0698288338377977, dis_incre: 1.0423781168819637 tsp_obj: 0.08280452234976414
Optimization ratio: 1.0
No candidate is better than current_d_opt. Iteration stops.
#Add edges: 3, [(20, 38), (38, 33), (35, 2)]
Time cost: 0.04s for best one; 0.13s for all.
  
optimized tsp path: [20, 37, 17, 16, 15, 14, 15, 13, 17, 12, 17, 11, 18, 10, 36, 9, 36, 8, 0, 35, 1, 35, 6, 19, 38, 20, 38, 26, 21, 24, 21, 22, 21, 23, 21, 25, 27, 31, 32, 29, 32, 30, 32, 28, 33, 38, 33, 7, 5, 4, 3, 34, 2, 35]
non-optimized tsp path: [20, 37, 17, 16, 15, 14, 15, 13, 17, 12, 17, 11, 18, 10, 36, 9, 36, 8, 0, 35, 1, 35, 6, 19, 38, 26, 21, 24, 21, 22, 21, 23, 21, 25, 27, 31, 32, 29, 32, 30, 32, 28, 33, 7, 5, 4, 3, 34, 2]
[INFO] [1788240789.227373, 0.000000]: Find modified curr_path and loop index
[INFO] [1788240789.231077, 0.000000]: g2o_save_path: /home/wcqw/ac-slam/catkin_ws/src/cpp_solver/results/graph_Phase4C_map8_seed21005_C_attempt_01.g2o
[INFO] [1788240789.262592, 0.000000]: Replanning request. curr_vertex_idx: 0
[INFO] [1788240789.263421, 0.000000]:                     covered_vertices: ()
[INFO] [1788240789.264106, 0.000000]: Handle local replanning...
[INFO] [1788240789.264717, 0.000000]: curr path length: 54, is_loop length: 54
[INFO] [1788240789.265293, 0.000000]: Send new plan: 20  ---> 37 17 16 15 14 15 13 17 12 17 11 18 10 36 9 36 8 0 35 1 35 6 19 38 20(L) 38 26 21 24 21 22 21 23 21 25 27 31 32 29 32 30 32 28 33 38(L) 33 7 5 4 3 34 2 35(L) 
[INFO] [1788240790.045057, 0.400000]: Really visited vertices: 
[INFO] [1788240795.166969, 5.600000]: Really visited vertices: 
[INFO] [1788240803.184688, 13.600000]: Really visited vertices: 20 
[INFO] [1788240806.998578, 17.400000]: Replanning request. curr_vertex_idx: 0
[INFO] [1788240806.999379, 17.400000]:                     covered_vertices: ()
[INFO] [1788240806.999975, 17.400000]: Handle local replanning...
[INFO] [1788240807.000443, 17.400000]: curr path length: 54, is_loop length: 54
[INFO] [1788240807.000866, 17.400000]: Send new plan: 20  ---> 37 17 16 15 14 15 13 17 12 17 11 18 10 36 9 36 8 0 35 1 35 6 19 38 20(L) 38 26 21 24 21 22 21 23 21 25 27 31 32 29 32 30 32 28 33 38(L) 33 7 5 4 3 34 2 35(L) 
[INFO] [1788240807.998827, 18.400000]: Replanning request. curr_vertex_idx: 1
[INFO] [1788240807.999681, 18.400000]:                     covered_vertices: ()
[INFO] [1788240808.000314, 18.400000]: Handle local replanning...
[INFO] [1788240808.000789, 18.400000]: Local path to replan: [37, 17, 16, 15, 14, 13, 12, 11, 18, 10, 36, 9, 8, 0, 35, 1, 6, 19, 38, 20]
Reverse tsp path is better!
concorde /tmp/tmpxi7a1pdj/problem.tsp
Host: msxg  Current process id: 183831
Using random seed 1788240814
Number of Nodes: 40
Explicit Lengths (CC_MATRIXNORM)
Set initial upperbound to 1517 (from tour)
ERROR: No dual change in basis finding code
Did not find a basic optimal solution
Fractional matching routine failed
Warning: restarting running timer Miscellaneous
No warmstart, stumbling on anyway
Basic dual change required, but no candidate edges
  LP Value  1: 1492.000000  (0.00 seconds)
  LP Value  2: 1517.000000  (0.00 seconds)
New lower bound: 1517.000000
Final lower bound 1517.000000, upper bound 1517.000000
Exact lower bound: 1517.000000
DIFF: 0.000000
Final LP has 46 rows, 77 columns, 206 nonzeros
Optimal Solution: 1517.00
Number of bbnodes: 1
Total Running Time: 0.01 (seconds)
[[ 0.         12.98577532 26.09135397 31.36172117 44.01667444 28.78365283
  21.34758767 23.60153889 38.21151795 51.5005956  41.40676732 48.0962172
  55.91822156 49.97207257 39.05829157 47.52762433 26.78238177 37.0369123
  25.05260121 12.73381401]
 [12.98577532  0.         13.10557865 28.11327453 40.7682278  15.79787751
   8.36181234 10.61576357 25.22574263 38.51482028 50.89747913 57.586929
  65.40893337 62.9578479  52.04406689 60.51339965 39.7681571  45.03351222
  38.03837654 25.71958934]
 [26.09135397 13.10557865  0.         15.00769588 27.66264915 28.90345616
  21.467391   23.72134222 38.33132128 51.62039893 64.00305778 70.69250765
  78.51451202 76.06342655 65.14964555 73.6189783  52.87373575 58.13909087
  51.14395519 38.82516799]
 [31.36172117 28.11327453 15.00769588  0.         12.65495327 18.42029637
  36.47508688 38.7290381  53.33901716 66.62809481 72.76848849 79.45793837
  87.27994273 81.33379375 70.42001275 78.8893455  58.14410295 68.39863347
  56.41432239 44.09553519]
 [44.01667444 40.7682278  27.66264915 12.65495327  0.         31.07524964
  49.13004015 51.38399138 65.99397043 79.28304808 85.42344176 92.11289164
  99.934896   93.98874702 83.07496602 91.54429877 70.79905622 81.05358674
  69.06927566 56.75048846]
 [28.78365283 15.79787751 28.90345616 18.42029637 31.07524964  0.
  24.15968986 26.41364108 41.02362014 54.31269779 66.69535664 73.38480651
  81.20681088 78.75572541 67.84194441 76.31127716 55.56603461 60.83138973
  53.83625405 41.51746685]
 [21.34758767  8.36181234 21.467391   36.47508688 49.13004015 24.15968986
   0.         18.97757591 33.58755497 46.87663262 59.25929147 65.94874135
  73.77074571 71.31966024 60.40587924 68.875212   48.12996944 53.39532456
  46.40018888 34.08140168]
 [23.60153889 10.61576357 23.72134222 38.7290381  51.38399138 26.41364108
  18.97757591  0.         14.60997906 27.89905671 40.28171556 46.97116543
  54.7931698  55.37066814 44.45688714 52.92621989 32.18097734 34.41774865
  46.40205973 36.33535291]
 [38.21151795 25.22574263 38.33132128 53.33901716 65.99397043 41.02362014
  33.58755497 14.60997906  0.         13.28907765 25.6717365  32.36118638
  40.18319074 40.76068908 29.84690808 38.31624084 17.57099828 19.80776959
  31.79208067 44.11086787]
 [51.5005956  38.51482028 51.62039893 66.62809481 79.28304808 54.31269779
  46.87663262 27.89905671 13.28907765  0.         12.38265885 19.07210872
  26.89411309 41.51849864 39.2829542  47.75228695 27.0070444  33.09684724
  45.08115832 57.39994552]
 [41.40676732 50.89747913 64.00305778 72.76848849 85.42344176 66.69535664
  59.25929147 40.28171556 25.6717365  12.38265885  0.          6.68944987
  14.51145424 29.13583979 26.90029535 35.3696281  14.62438555 30.40142152
  42.38573261 54.14058133]
 [48.0962172  57.586929   70.69250765 79.45793837 92.11289164 73.38480651
  65.94874135 46.97116543 32.36118638 19.07210872  6.68944987  0.
  21.20090411 35.82528966 33.58974522 42.05907798 21.31383542 37.0908714
  49.07518248 60.83003121]
 [55.91822156 65.40893337 78.51451202 87.27994273 99.934896   81.20681088
  73.77074571 54.7931698  40.18319074 26.89411309 14.51145424 21.20090411
   0.         14.62438555 19.46915888 27.93849164 29.13583979 44.91287576
  56.89718684 68.65203557]
 [49.97207257 62.9578479  76.06342655 81.33379375 93.98874702 78.75572541
  71.31966024 55.37066814 40.76068908 41.51849864 29.13583979 35.82528966
  14.62438555  0.         10.913781   19.38311376 23.1896908  38.96672678
  50.95103786 62.70588659]
 [39.05829157 52.04406689 65.14964555 70.42001275 83.07496602 67.84194441
  60.40587924 44.45688714 29.84690808 39.2829542  26.90029535 33.58974522
  19.46915888 10.913781    0.          8.46933276 12.2759098  28.05294577
  40.03725686 51.79210559]
 [47.52762433 60.51339965 73.6189783  78.8893455  91.54429877 76.31127716
  68.875212   52.92621989 38.31624084 47.75228695 35.3696281  42.05907798
  27.93849164 19.38311376  8.46933276  0.         20.74524256 36.52227853
  48.50658961 60.26143834]
 [26.78238177 39.7681571  52.87373575 58.14410295 70.79905622 55.56603461
  48.12996944 32.18097734 17.57099828 27.0070444  14.62438555 21.31383542
  29.13583979 23.1896908  12.2759098  20.74524256  0.         15.77703598
  27.76134706 39.51619579]
 [37.0369123  45.03351222 58.13909087 68.39863347 81.05358674 60.83138973
  53.39532456 34.41774865 19.80776959 33.09684724 30.40142152 37.0908714
  44.91287576 38.96672678 28.05294577 36.52227853 15.77703598  0.
  11.98431108 24.30309828]
 [25.05260121 38.03837654 51.14395519 56.41432239 69.06927566 53.83625405
  46.40018888 46.40205973 31.79208067 45.08115832 42.38573261 49.07518248
  56.89718684 50.95103786 40.03725686 48.50658961 27.76134706 11.98431108
   0.         12.3187872 ]
 [12.73381401 25.71958934 38.82516799 44.09553519 56.75048846 41.51746685
  34.08140168 36.33535291 44.11086787 57.39994552 54.14058133 60.83003121
  68.65203557 62.70588659 51.79210559 60.26143834 39.51619579 24.30309828
  12.3187872   0.        ]]
[INFO] [1788240808.020784, 18.400000]: curr path length: 54, is_loop length: 54
[INFO] [1788240808.021389, 18.400000]: Send new plan: 20 37  ---> 17 16 15 14 15 13 17 12 17 11 18 10 36 9 36 8 0 35 1 35 6 19 38 20(L) 38 26 21 24 21 22 21 23 21 25 27 31 32 29 32 30 32 28 33 38(L) 33 7 5 4 3 34 2 35(L) 
[INFO] [1788240814.020643, 24.400000]: Replanning request. curr_vertex_idx: 1
[INFO] [1788240814.021490, 24.400000]:                     covered_vertices: ()
[INFO] [1788240814.022093, 24.400000]: Handle local replanning...
[INFO] [1788240814.022667, 24.400000]: Local path to replan: [37, 17, 16, 15, 14, 13, 12, 11, 18, 10, 36, 9, 8, 0, 35, 1, 6, 19, 38, 20]
Reverse tsp path is better!
concorde /tmp/tmpapwpzuir/problem.tsp
Host: msxg  Current process id: 183879
Using random seed 1788240820
Number of Nodes: 40
Explicit Lengths (CC_MATRIXNORM)
Set initial upperbound to 1517 (from tour)
ERROR: No dual change in basis finding code
Did not find a basic optimal solution
Fractional matching routine failed
Warning: restarting running timer Miscellaneous
No warmstart, stumbling on anyway
Basic dual change required, but no candidate edges
  LP Value  1: 1492.000000  (0.00 seconds)
  LP Value  2: 1517.000000  (0.00 seconds)
New lower bound: 1517.000000
Final lower bound 1517.000000, upper bound 1517.000000
Exact lower bound: 1517.000000
DIFF: 0.000000
Final LP has 45 rows, 82 columns, 212 nonzeros
Optimal Solution: 1517.00
Number of bbnodes: 1
Total Running Time: 0.01 (seconds)
[[ 0.         12.98577532 26.09135397 31.36172117 44.01667444 28.78365283
  21.34758767 23.60153889 38.21151795 51.5005956  41.40676732 48.0962172
  55.91822156 49.97207257 39.05829157 47.52762433 26.78238177 37.0369123
  25.05260121 12.73381401]
 [12.98577532  0.         13.10557865 28.11327453 40.7682278  15.79787751
   8.36181234 10.61576357 25.22574263 38.51482028 50.89747913 57.586929
  65.40893337 62.9578479  52.04406689 60.51339965 39.7681571  45.03351222
  38.03837654 25.71958934]
 [26.09135397 13.10557865  0.         15.00769588 27.66264915 28.90345616
  21.467391   23.72134222 38.33132128 51.62039893 64.00305778 70.69250765
  78.51451202 76.06342655 65.14964555 73.6189783  52.87373575 58.13909087
  51.14395519 38.82516799]
 [31.36172117 28.11327453 15.00769588  0.         12.65495327 18.42029637
  36.47508688 38.7290381  53.33901716 66.62809481 72.76848849 79.45793837
  87.27994273 81.33379375 70.42001275 78.8893455  58.14410295 68.39863347
  56.41432239 44.09553519]
 [44.01667444 40.7682278  27.66264915 12.65495327  0.         31.07524964
  49.13004015 51.38399138 65.99397043 79.28304808 85.42344176 92.11289164
  99.934896   93.98874702 83.07496602 91.54429877 70.79905622 81.05358674
  69.06927566 56.75048846]
 [28.78365283 15.79787751 28.90345616 18.42029637 31.07524964  0.
  24.15968986 26.41364108 41.02362014 54.31269779 66.69535664 73.38480651
  81.20681088 78.75572541 67.84194441 76.31127716 55.56603461 60.83138973
  53.83625405 41.51746685]
 [21.34758767  8.36181234 21.467391   36.47508688 49.13004015 24.15968986
   0.         18.97757591 33.58755497 46.87663262 59.25929147 65.94874135
  73.77074571 71.31966024 60.40587924 68.875212   48.12996944 53.39532456
  46.40018888 34.08140168]
 [23.60153889 10.61576357 23.72134222 38.7290381  51.38399138 26.41364108
  18.97757591  0.         14.60997906 27.89905671 40.28171556 46.97116543
  54.7931698  55.37066814 44.45688714 52.92621989 32.18097734 34.41774865
  46.40205973 36.33535291]
 [38.21151795 25.22574263 38.33132128 53.33901716 65.99397043 41.02362014
  33.58755497 14.60997906  0.         13.28907765 25.6717365  32.36118638
  40.18319074 40.76068908 29.84690808 38.31624084 17.57099828 19.80776959
  31.79208067 44.11086787]
 [51.5005956  38.51482028 51.62039893 66.62809481 79.28304808 54.31269779
  46.87663262 27.89905671 13.28907765  0.         12.38265885 19.07210872
  26.89411309 41.51849864 39.2829542  47.75228695 27.0070444  33.09684724
  45.08115832 57.39994552]
 [41.40676732 50.89747913 64.00305778 72.76848849 85.42344176 66.69535664
  59.25929147 40.28171556 25.6717365  12.38265885  0.          6.68944987
  14.51145424 29.13583979 26.90029535 35.3696281  14.62438555 30.40142152
  42.38573261 54.14058133]
 [48.0962172  57.586929   70.69250765 79.45793837 92.11289164 73.38480651
  65.94874135 46.97116543 32.36118638 19.07210872  6.68944987  0.
  21.20090411 35.82528966 33.58974522 42.05907798 21.31383542 37.0908714
  49.07518248 60.83003121]
 [55.91822156 65.40893337 78.51451202 87.27994273 99.934896   81.20681088
  73.77074571 54.7931698  40.18319074 26.89411309 14.51145424 21.20090411
   0.         14.62438555 19.46915888 27.93849164 29.13583979 44.91287576
  56.89718684 68.65203557]
 [49.97207257 62.9578479  76.06342655 81.33379375 93.98874702 78.75572541
  71.31966024 55.37066814 40.76068908 41.51849864 29.13583979 35.82528966
  14.62438555  0.         10.913781   19.38311376 23.1896908  38.96672678
  50.95103786 62.70588659]
 [39.05829157 52.04406689 65.14964555 70.42001275 83.07496602 67.84194441
  60.40587924 44.45688714 29.84690808 39.2829542  26.90029535 33.58974522
  19.46915888 10.913781    0.          8.46933276 12.2759098  28.05294577
  40.03725686 51.79210559]
 [47.52762433 60.51339965 73.6189783  78.8893455  91.54429877 76.31127716
  68.875212   52.92621989 38.31624084 47.75228695 35.3696281  42.05907798
  27.93849164 19.38311376  8.46933276  0.         20.74524256 36.52227853
  48.50658961 60.26143834]
 [26.78238177 39.7681571  52.87373575 58.14410295 70.79905622 55.56603461
  48.12996944 32.18097734 17.57099828 27.0070444  14.62438555 21.31383542
  29.13583979 23.1896908  12.2759098  20.74524256  0.         15.77703598
  27.76134706 39.51619579]
 [37.0369123  45.03351222 58.13909087 68.39863347 81.05358674 60.83138973
  53.39532456 34.41774865 19.80776959 33.09684724 30.40142152 37.0908714
  44.91287576 38.96672678 28.05294577 36.52227853 15.77703598  0.
  11.98431108 24.30309828]
 [25.05260121 38.03837654 51.14395519 56.41432239 69.06927566 53.83625405
  46.40018888 46.40205973 31.79208067 45.08115832 42.38573261 49.07518248
  56.89718684 50.95103786 40.03725686 48.50658961 27.76134706 11.98431108
   0.         12.3187872 ]
 [12.73381401 25.71958934 38.82516799 44.09553519 56.75048846 41.51746685
  34.08140168 36.33535291 44.11086787 57.39994552 54.14058133 60.83003121
  68.65203557 62.70588659 51.79210559 60.26143834 39.51619579 24.30309828
  12.3187872   0.        ]]
[INFO] [1788240814.043099, 24.400000]: curr path length: 54, is_loop length: 54
[INFO] [1788240814.044286, 24.400000]: Send new plan: 20 37  ---> 17 16 15 14 15 13 17 12 17 11 18 10 36 9 36 8 0 35 1 35 6 19 38 20(L) 38 26 21 24 21 22 21 23 21 25 27 31 32 29 32 30 32 28 33 38(L) 33 7 5 4 3 34 2 35(L) 
[INFO] [1788240819.392967, 29.800000]: Really visited vertices: 20 37 
[INFO] [1788240820.019820, 30.400000]: Replanning request. curr_vertex_idx: 1
[INFO] [1788240820.020669, 30.400000]:                     covered_vertices: ()
[INFO] [1788240820.021348, 30.400000]: Handle local replanning...
[INFO] [1788240820.022057, 30.400000]: Local path to replan: [37, 17, 16, 15, 14, 13, 12, 11, 18, 10, 36, 9, 8, 0, 35, 1, 6, 19, 38, 20]
Original tsp path is better!
concorde /tmp/tmp2mpstxnm/problem.tsp
Host: msxg  Current process id: 183937
Using random seed 1788240826
Number of Nodes: 40
Explicit Lengths (CC_MATRIXNORM)
Set initial upperbound to 1517 (from tour)
ERROR: No dual change in basis finding code
Did not find a basic optimal solution
Fractional matching routine failed
Warning: restarting running timer Miscellaneous
No warmstart, stumbling on anyway
Basic dual change required, but no candidate edges
  LP Value  1: 1458.000000  (0.00 seconds)
  LP Value  2: 1494.000000  (0.00 seconds)
  LP Value  3: 1517.000000  (0.00 seconds)
New lower bound: 1517.000000
Final lower bound 1517.000000, upper bound 1517.000000
Exact lower bound: 1517.000000
DIFF: 0.000000
Final LP has 50 rows, 90 columns, 227 nonzeros
Optimal Solution: 1517.00
Number of bbnodes: 1
Total Running Time: 0.01 (seconds)
[[ 0.         12.98577532 26.09135397 31.36172117 44.01667444 28.78365283
  21.34758767 23.60153889 38.21151795 51.5005956  41.40676732 48.0962172
  55.91822156 49.97207257 39.05829157 47.52762433 26.78238177 37.0369123
  25.05260121 12.73381401]
 [12.98577532  0.         13.10557865 28.11327453 40.7682278  15.79787751
   8.36181234 10.61576357 25.22574263 38.51482028 50.89747913 57.586929
  65.40893337 62.9578479  52.04406689 60.51339965 39.7681571  45.03351222
  38.03837654 25.71958934]
 [26.09135397 13.10557865  0.         15.00769588 27.66264915 28.90345616
  21.467391   23.72134222 38.33132128 51.62039893 64.00305778 70.69250765
  78.51451202 76.06342655 65.14964555 73.6189783  52.87373575 58.13909087
  51.14395519 38.82516799]
 [31.36172117 28.11327453 15.00769588  0.         12.65495327 18.42029637
  36.47508688 38.7290381  53.33901716 66.62809481 72.76848849 79.45793837
  87.27994273 81.33379375 70.42001275 78.8893455  58.14410295 68.39863347
  56.41432239 44.09553519]
 [44.01667444 40.7682278  27.66264915 12.65495327  0.         31.07524964
  49.13004015 51.38399138 65.99397043 79.28304808 85.42344176 92.11289164
  99.934896   93.98874702 83.07496602 91.54429877 70.79905622 81.05358674
  69.06927566 56.75048846]
 [28.78365283 15.79787751 28.90345616 18.42029637 31.07524964  0.
  24.15968986 26.41364108 41.02362014 54.31269779 66.69535664 73.38480651
  81.20681088 78.75572541 67.84194441 76.31127716 55.56603461 60.83138973
  53.83625405 41.51746685]
 [21.34758767  8.36181234 21.467391   36.47508688 49.13004015 24.15968986
   0.         18.97757591 33.58755497 46.87663262 59.25929147 65.94874135
  73.77074571 71.31966024 60.40587924 68.875212   48.12996944 53.39532456
  46.40018888 34.08140168]
 [23.60153889 10.61576357 23.72134222 38.7290381  51.38399138 26.41364108
  18.97757591  0.         14.60997906 27.89905671 40.28171556 46.97116543
  54.7931698  55.37066814 44.45688714 52.92621989 32.18097734 34.41774865
  46.40205973 36.33535291]
 [38.21151795 25.22574263 38.33132128 53.33901716 65.99397043 41.02362014
  33.58755497 14.60997906  0.         13.28907765 25.6717365  32.36118638
  40.18319074 40.76068908 29.84690808 38.31624084 17.57099828 19.80776959
  31.79208067 44.11086787]
 [51.5005956  38.51482028 51.62039893 66.62809481 79.28304808 54.31269779
  46.87663262 27.89905671 13.28907765  0.         12.38265885 19.07210872
  26.89411309 41.51849864 39.2829542  47.75228695 27.0070444  33.09684724
  45.08115832 57.39994552]
 [41.40676732 50.89747913 64.00305778 72.76848849 85.42344176 66.69535664
  59.25929147 40.28171556 25.6717365  12.38265885  0.          6.68944987
  14.51145424 29.13583979 26.90029535 35.3696281  14.62438555 30.40142152
  42.38573261 54.14058133]
 [48.0962172  57.586929   70.69250765 79.45793837 92.11289164 73.38480651
  65.94874135 46.97116543 32.36118638 19.07210872  6.68944987  0.
  21.20090411 35.82528966 33.58974522 42.05907798 21.31383542 37.0908714
  49.07518248 60.83003121]
 [55.91822156 65.40893337 78.51451202 87.27994273 99.934896   81.20681088
  73.77074571 54.7931698  40.18319074 26.89411309 14.51145424 21.20090411
   0.         14.62438555 19.46915888 27.93849164 29.13583979 44.91287576
  56.89718684 68.65203557]
 [49.97207257 62.9578479  76.06342655 81.33379375 93.98874702 78.75572541
  71.31966024 55.37066814 40.76068908 41.51849864 29.13583979 35.82528966
  14.62438555  0.         10.913781   19.38311376 23.1896908  38.96672678
  50.95103786 62.70588659]
 [39.05829157 52.04406689 65.14964555 70.42001275 83.07496602 67.84194441
  60.40587924 44.45688714 29.84690808 39.2829542  26.90029535 33.58974522
  19.46915888 10.913781    0.          8.46933276 12.2759098  28.05294577
  40.03725686 51.79210559]
 [47.52762433 60.51339965 73.6189783  78.8893455  91.54429877 76.31127716
  68.875212   52.92621989 38.31624084 47.75228695 35.3696281  42.05907798
  27.93849164 19.38311376  8.46933276  0.         20.74524256 36.52227853
  48.50658961 60.26143834]
 [26.78238177 39.7681571  52.87373575 58.14410295 70.79905622 55.56603461
  48.12996944 32.18097734 17.57099828 27.0070444  14.62438555 21.31383542
  29.13583979 23.1896908  12.2759098  20.74524256  0.         15.77703598
  27.76134706 39.51619579]
 [37.0369123  45.03351222 58.13909087 68.39863347 81.05358674 60.83138973
  53.39532456 34.41774865 19.80776959 33.09684724 30.40142152 37.0908714
  44.91287576 38.96672678 28.05294577 36.52227853 15.77703598  0.
  11.98431108 24.30309828]
 [25.05260121 38.03837654 51.14395519 56.41432239 69.06927566 53.83625405
  46.40018888 46.40205973 31.79208067 45.08115832 42.38573261 49.07518248
  56.89718684 50.95103786 40.03725686 48.50658961 27.76134706 11.98431108
   0.         12.3187872 ]
 [12.73381401 25.71958934 38.82516799 44.09553519 56.75048846 41.51746685
  34.08140168 36.33535291 44.11086787 57.39994552 54.14058133 60.83003121
  68.65203557 62.70588659 51.79210559 60.26143834 39.51619579 24.30309828
  12.3187872   0.        ]]
[INFO] [1788240820.044925, 30.400000]: curr path length: 54, is_loop length: 54
[INFO] [1788240820.045725, 30.400000]: Send new plan: 20 37  ---> 17 16 15 14 15 13 17 12 17 11 18 10 36 9 36 8 0 35 1 35 6 19 38 20(L) 38 26 21 24 21 22 21 23 21 25 27 31 32 29 32 30 32 28 33 38(L) 33 7 5 4 3 34 2 35(L) 
[INFO] [1788240826.044925, 36.400000]: Replanning request. curr_vertex_idx: 1
[INFO] [1788240826.045698, 36.400000]:                     covered_vertices: ()
[INFO] [1788240826.046658, 36.400000]: Handle local replanning...
[INFO] [1788240826.047270, 36.400000]: Local path to replan: [37, 17, 16, 15, 14, 13, 12, 11, 18, 10, 36, 9, 8, 0, 35, 1, 6, 19, 38, 20]
Original tsp path is better!
concorde /tmp/tmpusg1yq33/problem.tsp
Host: msxg  Current process id: 183997
Using random seed 1788240832
Number of Nodes: 40
Explicit Lengths (CC_MATRIXNORM)
Set initial upperbound to 1517 (from tour)
ERROR: No dual change in basis finding code
Did not find a basic optimal solution
Fractional matching routine failed
Warning: restarting running timer Miscellaneous
No warmstart, stumbling on anyway
Basic dual change required, but no candidate edges
  LP Value  1: 1427.000000  (0.00 seconds)
  LP Value  2: 1517.000000  (0.00 seconds)
New lower bound: 1517.000000
Final lower bound 1517.000000, upper bound 1517.000000
Exact lower bound: 1517.000000
DIFF: 0.000000
Final LP has 47 rows, 91 columns, 270 nonzeros
Optimal Solution: 1517.00
Number of bbnodes: 1
Total Running Time: 0.00 (seconds)
[[ 0.         12.98577532 26.09135397 31.36172117 44.01667444 28.78365283
  21.34758767 23.60153889 38.21151795 51.5005956  41.40676732 48.0962172
  55.91822156 49.97207257 39.05829157 47.52762433 26.78238177 37.0369123
  25.05260121 12.73381401]
 [12.98577532  0.         13.10557865 28.11327453 40.7682278  15.79787751
   8.36181234 10.61576357 25.22574263 38.51482028 50.89747913 57.586929
  65.40893337 62.9578479  52.04406689 60.51339965 39.7681571  45.03351222
  38.03837654 25.71958934]
 [26.09135397 13.10557865  0.         15.00769588 27.66264915 28.90345616
  21.467391   23.72134222 38.33132128 51.62039893 64.00305778 70.69250765
  78.51451202 76.06342655 65.14964555 73.6189783  52.87373575 58.13909087
  51.14395519 38.82516799]
 [31.36172117 28.11327453 15.00769588  0.         12.65495327 18.42029637
  36.47508688 38.7290381  53.33901716 66.62809481 72.76848849 79.45793837
  87.27994273 81.33379375 70.42001275 78.8893455  58.14410295 68.39863347
  56.41432239 44.09553519]
 [44.01667444 40.7682278  27.66264915 12.65495327  0.         31.07524964
  49.13004015 51.38399138 65.99397043 79.28304808 85.42344176 92.11289164
  99.934896   93.98874702 83.07496602 91.54429877 70.79905622 81.05358674
  69.06927566 56.75048846]
 [28.78365283 15.79787751 28.90345616 18.42029637 31.07524964  0.
  24.15968986 26.41364108 41.02362014 54.31269779 66.69535664 73.38480651
  81.20681088 78.75572541 67.84194441 76.31127716 55.56603461 60.83138973
  53.83625405 41.51746685]
 [21.34758767  8.36181234 21.467391   36.47508688 49.13004015 24.15968986
   0.         18.97757591 33.58755497 46.87663262 59.25929147 65.94874135
  73.77074571 71.31966024 60.40587924 68.875212   48.12996944 53.39532456
  46.40018888 34.08140168]
 [23.60153889 10.61576357 23.72134222 38.7290381  51.38399138 26.41364108
  18.97757591  0.         14.60997906 27.89905671 40.28171556 46.97116543
  54.7931698  55.37066814 44.45688714 52.92621989 32.18097734 34.41774865
  46.40205973 36.33535291]
 [38.21151795 25.22574263 38.33132128 53.33901716 65.99397043 41.02362014
  33.58755497 14.60997906  0.         13.28907765 25.6717365  32.36118638
  40.18319074 40.76068908 29.84690808 38.31624084 17.57099828 19.80776959
  31.79208067 44.11086787]
 [51.5005956  38.51482028 51.62039893 66.62809481 79.28304808 54.31269779
  46.87663262 27.89905671 13.28907765  0.         12.38265885 19.07210872
  26.89411309 41.51849864 39.2829542  47.75228695 27.0070444  33.09684724
  45.08115832 57.39994552]
 [41.40676732 50.89747913 64.00305778 72.76848849 85.42344176 66.69535664
  59.25929147 40.28171556 25.6717365  12.38265885  0.          6.68944987
  14.51145424 29.13583979 26.90029535 35.3696281  14.62438555 30.40142152
  42.38573261 54.14058133]
 [48.0962172  57.586929   70.69250765 79.45793837 92.11289164 73.38480651
  65.94874135 46.97116543 32.36118638 19.07210872  6.68944987  0.
  21.20090411 35.82528966 33.58974522 42.05907798 21.31383542 37.0908714
  49.07518248 60.83003121]
 [55.91822156 65.40893337 78.51451202 87.27994273 99.934896   81.20681088
  73.77074571 54.7931698  40.18319074 26.89411309 14.51145424 21.20090411
   0.         14.62438555 19.46915888 27.93849164 29.13583979 44.91287576
  56.89718684 68.65203557]
 [49.97207257 62.9578479  76.06342655 81.33379375 93.98874702 78.75572541
  71.31966024 55.37066814 40.76068908 41.51849864 29.13583979 35.82528966
  14.62438555  0.         10.913781   19.38311376 23.1896908  38.96672678
  50.95103786 62.70588659]
 [39.05829157 52.04406689 65.14964555 70.42001275 83.07496602 67.84194441
  60.40587924 44.45688714 29.84690808 39.2829542  26.90029535 33.58974522
  19.46915888 10.913781    0.          8.46933276 12.2759098  28.05294577
  40.03725686 51.79210559]
 [47.52762433 60.51339965 73.6189783  78.8893455  91.54429877 76.31127716
  68.875212   52.92621989 38.31624084 47.75228695 35.3696281  42.05907798
  27.93849164 19.38311376  8.46933276  0.         20.74524256 36.52227853
  48.50658961 60.26143834]
 [26.78238177 39.7681571  52.87373575 58.14410295 70.79905622 55.56603461
  48.12996944 32.18097734 17.57099828 27.0070444  14.62438555 21.31383542
  29.13583979 23.1896908  12.2759098  20.74524256  0.         15.77703598
  27.76134706 39.51619579]
 [37.0369123  45.03351222 58.13909087 68.39863347 81.05358674 60.83138973
  53.39532456 34.41774865 19.80776959 33.09684724 30.40142152 37.0908714
  44.91287576 38.96672678 28.05294577 36.52227853 15.77703598  0.
  11.98431108 24.30309828]
 [25.05260121 38.03837654 51.14395519 56.41432239 69.06927566 53.83625405
  46.40018888 46.40205973 31.79208067 45.08115832 42.38573261 49.07518248
  56.89718684 50.95103786 40.03725686 48.50658961 27.76134706 11.98431108
   0.         12.3187872 ]
 [12.73381401 25.71958934 38.82516799 44.09553519 56.75048846 41.51746685
  34.08140168 36.33535291 44.11086787 57.39994552 54.14058133 60.83003121
  68.65203557 62.70588659 51.79210559 60.26143834 39.51619579 24.30309828
  12.3187872   0.        ]]
[INFO] [1788240826.068227, 36.500000]: curr path length: 54, is_loop length: 54
[INFO] [1788240826.068927, 36.500000]: Send new plan: 20 37  ---> 17 16 15 14 15 13 17 12 17 11 18 10 36 9 36 8 0 35 1 35 6 19 38 20(L) 38 26 21 24 21 22 21 23 21 25 27 31 32 29 32 30 32 28 33 38(L) 33 7 5 4 3 34 2 35(L) 
[INFO] [1788240831.300097, 41.700000]: Really visited vertices: 20 37 
[INFO] [1788240832.092854, 42.500000]: Replanning request. curr_vertex_idx: 1
[INFO] [1788240832.093673, 42.500000]:                     covered_vertices: ()
[INFO] [1788240832.094164, 42.500000]: Handle local replanning...
[INFO] [1788240832.094800, 42.500000]: Local path to replan: [37, 17, 16, 15, 14, 13, 12, 11, 18, 10, 36, 9, 8, 0, 35, 1, 6, 19, 38, 20]
Original tsp path is better!
[WARN] [1788240832.119053453, 42.500000000]: No frontier at vertex 37. #Frontier: 0
[INFO] [1788240795.165734198, 5.600000000]: PHASE2C_KEYSCAN_ACCEPTED unique_id=1 state_id=1 sim_time=5.600000
[INFO] [1788240796.472783103, 6.900000000]: PHASE2C_KEYSCAN_ACCEPTED unique_id=2 state_id=2 sim_time=6.900000
[INFO] [1788240798.871060832, 9.300000000]: PHASE2C_KEYSCAN_ACCEPTED unique_id=3 state_id=3 sim_time=9.300000
[INFO] [1788240799.576258619, 10.000000000]: PHASE2C_KEYSCAN_ACCEPTED unique_id=4 state_id=4 sim_time=10.000000
[INFO] [1788240800.174370988, 10.600000000]: PHASE2C_KEYSCAN_ACCEPTED unique_id=5 state_id=5 sim_time=10.600000
[INFO] [1788240800.773231989, 11.200000000]: PHASE2C_KEYSCAN_ACCEPTED unique_id=6 state_id=6 sim_time=11.200000
[INFO] [1788240801.374210949, 11.800000000]: PHASE2C_KEYSCAN_ACCEPTED unique_id=7 state_id=7 sim_time=11.800000
[INFO] [1788240802.083159837, 12.500000000]: PHASE2C_KEYSCAN_ACCEPTED unique_id=8 state_id=8 sim_time=12.500000
[INFO] [1788240802.577000494, 13.000000000]: PHASE2C_KEYSCAN_ACCEPTED unique_id=9 state_id=9 sim_time=13.000000
[INFO] [1788240803.177916086, 13.600000000]: PHASE2C_KEYSCAN_ACCEPTED unique_id=10 state_id=10 sim_time=13.600000
[INFO] [1788240803.784271504, 14.200000000]: PHASE2C_KEYSCAN_ACCEPTED unique_id=11 state_id=11 sim_time=14.200000
[INFO] [1788240804.476308975, 14.900000000]: PHASE2C_KEYSCAN_ACCEPTED unique_id=12 state_id=12 sim_time=14.900000
[INFO] [1788240809.183003463, 19.600000000]: PHASE2C_KEYSCAN_ACCEPTED unique_id=13 state_id=13 sim_time=19.600000
[INFO] [1788240810.177114562, 20.600000000]: PHASE2C_KEYSCAN_ACCEPTED unique_id=14 state_id=14 sim_time=20.600000
[INFO] [1788240811.571752228, 22.000000000]: PHASE2C_KEYSCAN_ACCEPTED unique_id=15 state_id=15 sim_time=22.000000
[INFO] [1788240812.778327205, 23.200000000]: PHASE2C_KEYSCAN_ACCEPTED unique_id=16 state_id=16 sim_time=23.200000
[INFO] [1788240814.177096407, 24.600000000]: PHASE2C_KEYSCAN_ACCEPTED unique_id=17 state_id=17 sim_time=24.600000
[INFO] [1788240815.472507728, 25.900000000]: PHASE2C_KEYSCAN_ACCEPTED unique_id=18 state_id=18 sim_time=25.900000
[INFO] [1788240816.675466541, 27.100000000]: PHASE2C_KEYSCAN_ACCEPTED unique_id=19 state_id=19 sim_time=27.100000
[INFO] [1788240818.075659100, 28.500000000]: PHASE2C_KEYSCAN_ACCEPTED unique_id=20 state_id=20 sim_time=28.500000
[INFO] [1788240819.382128702, 29.800000000]: PHASE2C_KEYSCAN_ACCEPTED unique_id=21 state_id=21 sim_time=29.800000
[INFO] [1788240820.973435725, 31.400000000]: PHASE2C_KEYSCAN_ACCEPTED unique_id=22 state_id=22 sim_time=31.400000
[INFO] [1788240822.274558896, 32.700000000]: PHASE2C_KEYSCAN_ACCEPTED unique_id=23 state_id=23 sim_time=32.700000
[INFO] [1788240823.476392476, 33.900000000]: PHASE2C_KEYSCAN_ACCEPTED unique_id=24 state_id=24 sim_time=33.900000
[INFO] [1788240824.772211895, 35.200000000]: PHASE2C_KEYSCAN_ACCEPTED unique_id=25 state_id=25 sim_time=35.200000
[INFO] [1788240826.172178440, 36.600000000]: PHASE2C_KEYSCAN_ACCEPTED unique_id=26 state_id=26 sim_time=36.600000
[INFO] [1788240826.874341866, 37.300000000]: PHASE2C_KEYSCAN_ACCEPTED unique_id=27 state_id=27 sim_time=37.300000
[INFO] [1788240827.579419396, 38.000000000]: PHASE2C_KEYSCAN_ACCEPTED unique_id=28 state_id=28 sim_time=38.000000
[INFO] [1788240828.181800383, 38.600000000]: PHASE2C_KEYSCAN_ACCEPTED unique_id=29 state_id=29 sim_time=38.600000
[INFO] [1788240828.875189362, 39.300000000]: PHASE2C_KEYSCAN_ACCEPTED unique_id=30 state_id=30 sim_time=39.300000
[INFO] [1788240829.577130981, 40.000000000]: PHASE2C_KEYSCAN_ACCEPTED unique_id=31 state_id=31 sim_time=40.000000
[INFO] [1788240830.088291346, 40.500000000]: PHASE2C_KEYSCAN_ACCEPTED unique_id=32 state_id=32 sim_time=40.500000
[INFO] [1788240831.284947496, 41.700000000]: PHASE2C_KEYSCAN_ACCEPTED unique_id=33 state_id=33 sim_time=41.700000
[INFO] [1788240832.781163991, 43.200000000]: PHASE2C_KEYSCAN_ACCEPTED unique_id=34 state_id=34 sim_time=43.200000
[INFO] [1788240833.689997994, 44.100000000]: PHASE2C_KEYSCAN_ACCEPTED unique_id=35 state_id=35 sim_time=44.100000
[INFO] [1788240835.189385821, 45.600000000]: PHASE2C_KEYSCAN_ACCEPTED unique_id=36 state_id=36 sim_time=45.600000
[INFO] [17882408concorde /tmp/tmpqi11_djq/problem.tsp
Host: msxg  Current process id: 184083
Using random seed 1788240838
Number of Nodes: 38
Explicit Lengths (CC_MATRIXNORM)
Set initial upperbound to 1517 (from tour)
ERROR: No dual change in basis finding code
Did not find a basic optimal solution
Fractional matching routine failed
Warning: restarting running timer Miscellaneous
No warmstart, stumbling on anyway
Basic dual change required, but no candidate edges
  LP Value  1: 1493.000000  (0.00 seconds)
  LP Value  2: 1517.000000  (0.00 seconds)
New lower bound: 1517.000000
Final lower bound 1517.000000, upper bound 1517.000000
Exact lower bound: 1517.000000
DIFF: 0.000000
Final LP has 42 rows, 74 columns, 179 nonzeros
Optimal Solution: 1517.00
Number of bbnodes: 1
Total Running Time: 0.01 (seconds)
concorde /tmp/tmpo2lkl2uj/problem.tsp
Host: msxg  Current process id: 184147
Using random seed 1788240844
Number of Nodes: 38
Explicit Lengths (CC_MATRIXNORM)
Set initial upperbound to 1494 (from tour)
ERROR: No dual change in basis finding code
Did not find a basic optimal solution
Fractional matching routine failed
Warning: restarting running timer Miscellaneous
No warmstart, stumbling on anyway
Basic dual change required, but no candidate edges
  LP Value  1: 1429.000000  (0.00 seconds)
  LP Value  2: 1494.000000  (0.00 seconds)
New lower bound: 1494.000000
Final lower bound 1494.000000, upper bound 1494.000000
Exact lower bound: 1494.000000
DIFF: 0.000000
Final LP has 42 rows, 72 columns, 206 nonzeros
Optimal Solution: 1494.00
Number of bbnodes: 1
Total Running Time: 0.00 (seconds)
[WARN] [1788240844.089030505, 54.500000000]: No frontier at vertex 17. #Frontier: 0
concorde /tmp/tmph2z3282y/problem.tsp
Host: msxg  Current process id: 184194
Using random seed 1788240850
Number of Nodes: 38
Explicit Lengths (CC_MATRIXNORM)
Set initial upperbound to 1446 (from tour)
ERROR: No dual change in basis finding code
Did not find a basic optimal solution
Fractional matching routine failed
Warning: restarting running timer Miscellaneous
No warmstart, stumbling on anyway
Basic dual change required, but no candidate edges
  LP Value  1: 1378.000000  (0.00 seconds)
  LP Value  2: 1446.000000  (0.00 seconds)
New lower bound: 1446.000000
Final lower bound 1446.000000, upper bound 1446.000000
Exact lower bound: 1446.000000
DIFF: 0.000000
Final LP has 42 rows, 77 columns, 185 nonzeros
Optimal Solution: 1446.00
Number of bbnodes: 1
Total Running Time: 0.01 (seconds)
[[ 0.         12.98577532 26.09135397 31.36172117 44.01667444 28.78365283
  21.34758767 23.60153889 38.21151795 51.5005956  41.40676732 48.0962172
  55.91822156 49.97207257 39.05829157 47.52762433 26.78238177 37.0369123
  25.05260121 12.73381401]
 [12.98577532  0.         13.10557865 28.11327453 40.7682278  15.79787751
   8.36181234 10.61576357 25.22574263 38.51482028 50.89747913 57.586929
  65.40893337 62.9578479  52.04406689 60.51339965 39.7681571  45.03351222
  38.03837654 25.71958934]
 [26.09135397 13.10557865  0.         15.00769588 27.66264915 28.90345616
  21.467391   23.72134222 38.33132128 51.62039893 64.00305778 70.69250765
  78.51451202 76.06342655 65.14964555 73.6189783  52.87373575 58.13909087
  51.14395519 38.82516799]
 [31.36172117 28.11327453 15.00769588  0.         12.65495327 18.42029637
  36.47508688 38.7290381  53.33901716 66.62809481 72.76848849 79.45793837
  87.27994273 81.33379375 70.42001275 78.8893455  58.14410295 68.39863347
  56.41432239 44.09553519]
 [44.01667444 40.7682278  27.66264915 12.65495327  0.         31.07524964
  49.13004015 51.38399138 65.99397043 79.28304808 85.42344176 92.11289164
  99.934896   93.98874702 83.07496602 91.54429877 70.79905622 81.05358674
  69.06927566 56.75048846]
 [28.78365283 15.79787751 28.90345616 18.42029637 31.07524964  0.
  24.15968986 26.41364108 41.02362014 54.31269779 66.69535664 73.38480651
  81.20681088 78.75572541 67.84194441 76.31127716 55.56603461 60.83138973
  53.83625405 41.51746685]
 [21.34758767  8.36181234 21.467391   36.47508688 49.13004015 24.15968986
   0.         18.97757591 33.58755497 46.87663262 59.25929147 65.94874135
  73.77074571 71.31966024 60.40587924 68.875212   48.12996944 53.39532456
  46.40018888 34.08140168]
 [23.60153889 10.61576357 23.72134222 38.7290381  51.38399138 26.41364108
  18.97757591  0.         14.60997906 27.89905671 40.28171556 46.97116543
  54.7931698  55.37066814 44.45688714 52.92621989 32.18097734 34.41774865
  46.40205973 36.33535291]
 [38.21151795 25.22574263 38.33132128 53.33901716 65.99397043 41.02362014
  33.58755497 14.60997906  0.         13.28907765 25.6717365  32.36118638
  40.18319074 40.76068908 29.84690808 38.31624084 17.57099828 19.80776959
  31.79208067 44.11086787]
 [51.5005956  38.51482028 51.62039893 66.62809481 79.28304808 54.31269779
  46.87663262 27.89905671 13.28907765  0.         12.38265885 19.07210872
  26.89411309 41.51849864 39.2829542  47.75228695 27.0070444  33.09684724
  45.08115832 57.39994552]
 [41.40676732 50.89747913 64.00305778 72.76848849 85.42344176 66.69535664
  59.25929147 40.28171556 25.6717365  12.38265885  0.          6.68944987
  14.51145424 29.13583979 26.90029535 35.3696281  14.62438555 30.40142152
  42.38573261 54.14058133]
 [48.0962172  57.586929   70.69250765 79.45793837 92.11289164 73.38480651
  65.94874135 46.97116543 32.36118638 19.07210872  6.68944987  0.
  21.20090411 35.82528966 33.58974522 42.05907798 21.31383542 37.0908714
  49.07518248 60.83003121]
 [55.91822156 65.40893337 78.51451202 87.27994273 99.934896   81.20681088
  73.77074571 54.7931698  40.18319074 26.89411309 14.51145424 21.20090411
   0.         14.62438555 19.46915888 27.93849164 29.13583979 44.91287576
  56.89718684 68.65203557]
 [49.97207257 62.9578479  76.06342655 81.33379375 93.98874702 78.75572541
  71.31966024 55.37066814 40.76068908 41.51849864 29.13583979 35.82528966
  14.62438555  0.         10.913781   19.38311376 23.1896908  38.96672678
  50.95103786 62.70588659]
 [39.05829157 52.04406689 65.14964555 70.42001275 83.07496602 67.84194441
  60.40587924 44.45688714 29.84690808 39.2829542  26.90029535 33.58974522
  19.46915888 10.913781    0.          8.46933276 12.2759098  28.05294577
  40.03725686 51.79210559]
 [47.52762433 60.51339965 73.6189783  78.8893455  91.54429877 76.31127716
  68.875212   52.92621989 38.31624084 47.75228695 35.3696281  42.05907798
  27.93849164 19.38311376  8.46933276  0.         20.74524256 36.52227853
  48.50658961 60.26143834]
 [26.78238177 39.7681571  52.87373575 58.14410295 70.79905622 55.56603461
  48.12996944 32.18097734 17.57099828 27.0070444  14.62438555 21.31383542
  29.13583979 23.1896908  12.2759098  20.74524256  0.         15.77703598
  27.76134706 39.51619579]
 [37.0369123  45.03351222 58.13909087 68.39863347 81.05358674 60.83138973
  53.39532456 34.41774865 19.80776959 33.09684724 30.40142152 37.0908714
  44.91287576 38.96672678 28.05294577 36.52227853 15.77703598  0.
  11.98431108 24.30309828]
 [25.05260121 38.03837654 51.14395519 56.41432239 69.06927566 53.83625405
  46.40018888 46.40205973 31.79208067 45.08115832 42.38573261 49.07518248
  56.89718684 50.95103786 40.03725686 48.50658961 27.76134706 11.98431108
   0.         12.3187872 ]
 [12.73381401 25.71958934 38.82516799 44.09553519 56.75048846 41.51746685
  34.08140168 36.33535291 44.11086787 57.39994552 54.14058133 60.83003121
  68.65203557 62.70588659 51.79210559 60.26143834 39.51619579 24.30309828
  12.3187872   0.        ]]
[INFO] [1788240832.117393, 42.500000]: curr path length: 54, is_loop length: 54
[INFO] [1788240832.117898, 42.500000]: Send new plan: 20 37  ---> 17 16 15 14 15 13 17 12 17 11 18 10 36 9 36 8 0 35 1 35 6 19 38 20(L) 38 26 21 24 21 22 21 23 21 25 27 31 32 29 32 30 32 28 33 38(L) 33 7 5 4 3 34 2 35(L) 
[INFO] [1788240837.695905, 48.100000]: Really visited vertices: 20 37 
[INFO] [1788240838.079169, 48.500000]: Replanning request. curr_vertex_idx: 2
[INFO] [1788240838.079929, 48.500000]:                     covered_vertices: ()
[INFO] [1788240838.080734, 48.500000]: Handle local replanning...
[INFO] [1788240838.081482, 48.500000]: Local path to replan: [17, 16, 15, 14, 13, 12, 11, 18, 10, 36, 9, 8, 0, 35, 1, 6, 19, 38, 20]
Reverse tsp path is better!
[INFO] [1788240838.096626, 48.500000]: curr path length: 54, is_loop length: 54
[INFO] [1788240838.097697, 48.500000]: Send new plan: 20 37 17  ---> 16 15 14 15 13 17 12 17 11 18 10 36 9 36 8 0 35 1 35 6 19 38 20(L) 38 26 21 24 21 22 21 23 21 25 27 31 32 29 32 30 32 28 33 38(L) 33 7 5 4 3 34 2 35(L) 
[INFO] [1788240844.067776, 54.500000]: Replanning request. curr_vertex_idx: 2
[INFO] [1788240844.068766, 54.500000]:                     covered_vertices: ()
[INFO] [1788240844.069731, 54.500000]: Handle local replanning...
[INFO] [1788240844.070440, 54.500000]: Local path to replan: [17, 16, 15, 14, 13, 12, 11, 18, 10, 36, 9, 8, 0, 35, 1, 6, 19, 38, 20]
Reverse tsp path is better!
[INFO] [1788240844.085705, 54.500000]: curr path length: 54, is_loop length: 54
[INFO] [1788240844.087511, 54.500000]: Send new plan: 20 37 17  ---> 16 15 14 15 13 17 12 17 11 18 10 36 9 36 8 0 35 1 35 6 19 38 20(L) 38 26 21 24 21 22 21 23 21 25 27 31 32 29 32 30 32 28 33 38(L) 33 7 5 4 3 34 2 35(L) 
[INFO] [1788240849.491104, 59.900000]: Really visited vertices: 20 37 17 
[INFO] [1788240850.123590, 60.500000]: Replanning request. curr_vertex_idx: 3
[INFO] [1788240850.124373, 60.500000]:                     covered_vertices: ()
[INFO] [1788240850.125158, 60.500000]: Handle local replanning...
[INFO] [1788240850.125737, 60.500000]: Local path to replan: [16, 15, 14, 13, 17, 12, 11, 18, 10, 36, 9, 8, 0, 35, 1, 6, 19, 38, 20]
Reverse tsp path is better!
[INFO] [1788240850.142039, 60.500000]: curr path length: 51, is_loop length: 51
[INFO] [1788240850.142777, 60.500000]: Send new plan: 20 37 17 16  ---> 14 15 13 12 17 11 18 10 9 36 8 0 35 1 6 19 38 20 20(L) 38 26 21 24 21 22 21 23 21 25 27 31 32 29 32 30 32 28 33 38(L) 33 7 5 4 3 34 2 35(L) 
[INFO] [1788240855.299413, 65.700000]: Really visited vertices: 20 37 17 
[INFO] [1788240856.088528, 66.500000]: Replanning request. curr_vertex_idx: 3
[INFO] [1788240856.089576, 66.500000]:                     covered_vertices: ()
[INFO] [1788240856.090431, 66.500000]: Handle local replanning...
[INFO] [1788240856.091154, 66.500000]: curr path length: 51, is_loop length: 51
[INFO] [1788240856.091934, 66.500000]: Send new plan: 20 37 17 16  ---> 14 15 13 12 17 11 18 10 9 36 8 0 35 1 6 19 38 20 20(L) 38 26 21 24 21 22 21 23 21 25 27 31 32 29 32 30 32 28 33 38(L) 33 7 5 4 3 34 2 35(L) 
[INFO] [1788240861.097808, 71.500000]: Really visited vertices: 20 37 17 16 
36.391214845, 46.800000000]: PHASE2C_KEYSCAN_ACCEPTED unique_id=37 state_id=37 sim_time=46.800000
[INFO] [1788240837.678551608, 48.100000000]: PHASE2C_KEYSCAN_ACCEPTED unique_id=38 state_id=38 sim_time=48.100000
[INFO] [1788240838.989599180, 49.400000000]: PHASE2C_KEYSCAN_ACCEPTED unique_id=39 state_id=39 sim_time=49.400000
[INFO] [1788240840.379426353, 50.800000000]: PHASE2C_KEYSCAN_ACCEPTED unique_id=40 state_id=40 sim_time=50.800000
[INFO] [1788240841.672537783, 52.100000000]: PHASE2C_KEYSCAN_ACCEPTED unique_id=41 state_id=41 sim_time=52.100000
[INFO] [1788240842.873338585, 53.300000000]: PHASE2C_KEYSCAN_ACCEPTED unique_id=42 state_id=42 sim_time=53.300000
[INFO] [1788240844.281978551, 54.700000000]: PHASE2C_KEYSCAN_ACCEPTED unique_id=43 state_id=43 sim_time=54.700000
[INFO] [1788240845.079170752, 55.500000000]: PHASE2C_KEYSCAN_ACCEPTED unique_id=44 state_id=44 sim_time=55.500000
[INFO] [1788240845.774063325, 56.200000000]: PHASE2C_KEYSCAN_ACCEPTED unique_id=45 state_id=45 sim_time=56.200000
[INFO] [1788240846.878048900, 57.300000000]: PHASE2C_KEYSCAN_ACCEPTED unique_id=46 state_id=46 sim_time=57.300000
[INFO] [1788240848.168577883, 58.600000000]: PHASE2C_KEYSCAN_ACCEPTED unique_id=47 state_id=47 sim_time=58.600000
[INFO] [1788240849.478443605, 59.900000000]: PHASE2C_KEYSCAN_ACCEPTED unique_id=48 state_id=48 sim_time=59.900000
[INFO] [1788240851.178905520, 61.600000000]: PHASE2C_KEYSCAN_ACCEPTED unique_id=49 state_id=49 sim_time=61.600000
[INFO] [1788240852.582205766, 63.000000000]: PHASE2C_KEYSCAN_ACCEPTED unique_id=50 state_id=50 sim_time=63.000000
[INFO] [1788240853.874301137, 64.300000000]: PHASE2C_KEYSCAN_ACCEPTED unique_id=51 state_id=51 sim_time=64.300000
[INFO] [1788240855.275722828, 65.700000000]: PHASE2C_KEYSCAN_ACCEPTED unique_id=52 state_id=52 sim_time=65.700000
[INFO] [1788240857.885049997, 68.300000000]: PHASE2C_KEYSCAN_ACCEPTED unique_id=53 state_id=53 sim_time=68.300000
[INFO] [1788240859.579725535, 70.000000000]: PHASE2C_KEYSCAN_ACCEPTED unique_id=54 state_id=54 sim_time=70.000000
[INFO] [1788240861.083428066, 71.500000000]: PHASE2C_KEYSCAN_ACCEPTED unique_id=55 state_id=55 sim_time=71.500000
[INFO] [1788240862.282073634, 72.700000000]: PHASE2C_KEYSCAN_ACCEPTED unique_id=56 state_id=56 sim_time=72.700000
[INFO] [1788240863.082798966, 73.500000000]: PHASE2C_KEYSCAN_ACCEPTED unique_id=57 state_id=57 sim_time=73.500000
[INFO] [1788240863.776078120, 74.200000000]: PHASE2C_KEYSCAN_ACCEPTED unique_id=58 state_id=58 sim_time=74.200000
[INFO] [1788240865.385405373, 75.800000000]: PHASE2C_KEYSCAN_ACCEPTED unique_id=59 state_id=59 sim_time=75.800000
[INFO] [1788240866.678534151, 77.100000000]: PHASE2C_KEYSCAN_ACCEPTED unique_id=60 state_id=60 sim_time=77.100000
[INFO] [1788240867.995336891, 78.400000000]: PHASE2C_KEYSCAN_ACCEPTED unique_id=61 state_id=61 sim_time=78.400000
[INFO] [1788240869.380614071, 79.800000000]: PHASE2C_KEYSCAN_ACCEPTED unique_id=62 state_id=62 sim_time=79.800000
[INFO] [1788240870.675450054, 81.100000000]: PHASE2C_KEYSCAN_ACCEPTED unique_id=63 state_id=63 sim_time=81.100000
[INFO] [1788240871.983806568, 82.400000000]: PHASE2C_KEYSCAN_ACCEPTED unique_id=64 state_id=64 sim_time=82.400000
[INFO] [1788240873.277597876, 83.700000000]: PHASE2C_KEYSCAN_ACCEPTED unique_id=65 state_id=65 sim_time=83.700000
[INFO] [1788240874.471883026, 84.900000000]: PHASE2C_KEYSCAN_ACCEPTED unique_id=66 state_id=66 sim_time=84.900000
[INFO] [1788240875.990681036, 86.400000000]: PHASE2C_KEYSCAN_ACCEPTED unique_id=67 state_id=67 sim_time=86.400000
[INFO] [1788240877.278089019, 87.700000000]: PHASE2C_KEYSCAN_ACCEPTED unique_id=68 state_id=68 sim_time=87.700000
[INFO] [1788240878.673271768, 89.100000000]: PHASE2C_KEYSCAN_ACCEPTED unique_id=69 state_id=69 sim_time=89.100000
[INFO] [1788240880.275608767, 90.700000000]: PHASE2C_KEYSCAN_ACCEPTED unique_id=70 state_id=70 sim_time=90.700000
[INFO] [1788240881.689570471, 92.100000000]: PHASE2C_KEYSCAN_ACCEPTED unique_id=71 state_id=71 sim_time=92.100000
[INFO] [1788240883.181852864, 93.600000000]: PHASE2C_KEYSCAN_ACCEPTED unique_id=72 state_id=72 sim_time=93.600000
[INFO] [[WARN] [1788240889.197106038, 99.600000000]: No frontier at vertex 16. #Frontier: 0
1788240884.575883153, 95.000000000]: PHASE2C_KEYSCAN_ACCEPTED unique_id=73 state_id=73 sim_time=95.000000
[INFO] [1788240886.000799773, 96.400000000]: PHASE2C_KEYSCAN_ACCEPTED unique_id=74 state_id=74 sim_time=96.400000
[INFO] [1788240887.375835325, 97.800000000]: PHASE2C_KEYSCAN_ACCEPTED unique_id=75 state_id=75 sim_time=97.800000
[INFO] [1788240888.686530905, 99.100000000]: PHASE2C_KEYSCAN_ACCEPTED unique_id=76 state_id=76 sim_time=99.100000
[INFO] [1788240890.086233764, 100.500000000]: PHASE2C_KEYSCAN_ACCEPTED unique_id=77 state_id=77 sim_time=100.500000
[INFO] [1788240890.788407560, 101.200000000]: PHASE2C_KEYSCAN_ACCEPTED unique_id=78 state_id=78 sim_time=101.200000
[INFO] [1788240891.474076128, 101.900000000]: PHASE2C_KEYSCAN_ACCEPTED unique_id=79 state_id=79 sim_time=101.900000
[INFO] [1788240892.189618790, 102.600000000]: PHASE2C_KEYSCAN_ACCEPTED unique_id=80 state_id=80 sim_time=102.600000
[INFO] [1788240892.788606695, 103.200000000]: PHASE2C_KEYSCAN_ACCEPTED unique_id=81 state_id=81 sim_time=103.200000
[INFO] [1788240894.592190939, 105.000000000]: PHASE2C_KEYSCAN_ACCEPTED unique_id=82 state_id=82 sim_time=105.000000
[INFO] [1788240895.891073877, 106.300000000]: PHASE2C_KEYSCAN_ACCEPTED unique_id=83 state_id=83 sim_time=106.300000
[INFO] [1788240897.284154987, 107.700000000]: PHASE2C_KEYSCAN_ACCEPTED unique_id=84 state_id=84 sim_time=107.700000
[INFO] [1788240898.577484978, 109.000000000]: PHASE2C_KEYSCAN_ACCEPTED unique_id=85 state_id=85 sim_time=109.000000
[INFO] [1788240899.892884607, 110.300000000]: PHASE2C_KEYSCAN_ACCEPTED unique_id=86 state_id=86 sim_time=110.300000
[INFO] [1788240901.179809914, 111.600000000]: PHASE2C_KEYSCAN_ACCEPTED unique_id=87 state_id=87 sim_time=111.600000
[INFO] [1788240902.583865697, 113.000000000]: PHASE2C_KEYSCAN_ACCEPTED unique_id=88 state_id=88 sim_time=113.000000
[INFO] [1788240903.979600486, 114.400000000]: PHASE2C_KEYSCAN_ACCEPTED unique_id=89 state_id=89 sim_time=114.400000
[INFO] [1788240905.287970445, 115.700000000]: PHASE2C_KEYSCAN_ACCEPTED unique_id=90 state_id=90 sim_time=115.700000
[INFO] [1788240906.579386952, 117.000000000]: PHASE2C_KEYSCAN_ACCEPTED unique_id=91 state_id=91 sim_time=117.000000
[INFO] [1788240907.894649880, 118.300000000]: PHASE2C_KEYSCAN_ACCEPTED unique_id=92 state_id=92 sim_time=118.300000
[INFO] [1788240909.190134938, 119.600000000]: PHASE2C_KEYSCAN_ACCEPTED unique_id=93 state_id=93 sim_time=119.600000
[INFO] [1788240910.480190777, 120.900000000]: PHASE2C_KEYSCAN_ACCEPTED unique_id=94 state_id=94 sim_time=120.900000
[INFO] [1788240911.779796710, 122.200000000]: PHASE2C_KEYSCAN_ACCEPTED unique_id=95 state_id=95 sim_time=122.200000
[INFO] [1788240913.018747739, 123.400000000]: PHASE2C_KEYSCAN_ACCEPTED unique_id=96 state_id=96 sim_time=123.400000
[INFO] [1788240914.278650556, 124.700000000]: PHASE2C_KEYSCAN_ACCEPTED unique_id=97 state_id=97 sim_time=124.700000
[INFO] [1788240915.681631395, 126.100000000]: PHASE2C_KEYSCAN_ACCEPTED unique_id=98 state_id=98 sim_time=126.100000
[INFO] [1788240916.883513810, 127.300000000]: PHASE2C_KEYSCAN_ACCEPTED unique_id=99 state_id=99 sim_time=127.300000
[INFO] [1788240918.278216776, 128.700000000]: PHASE2C_KEYSCAN_ACCEPTED unique_id=100 state_id=100 sim_time=128.700000
[INFO] [1788240919.584173460, 130.000000000]: PHASE2C_KEYSCAN_ACCEPTED unique_id=101 state_id=101 sim_time=130.000000
[INFO] [1788240920.985314015, 131.400000000]: PHASE2C_KEYSCAN_ACCEPTED unique_id=102 state_id=102 sim_time=131.400000
[INFO] [1788240922.180558580, 132.600000000]: PHASE2C_KEYSCAN_ACCEPTED unique_id=103 state_id=103 sim_time=132.600000
[INFO] [1788240923.583310005, 134.000000000]: PHASE2C_KEYSCAN_ACCEPTED unique_id=104 state_id=104 sim_time=134.000000
[INFO] [1788240924.783207749, 135.200000000]: PHASE2C_KEYSCAN_ACCEPTED unique_id=105 state_id=105 sim_time=135.200000
[INFO] [1788240926.181875965, 136.600000000]: PHASE2C_KEYSCAN_ACCEPTED unique_id=106 state_id=106 sim_time=136.600000
[INFO] [1788240927.481238882, 137.900000000]: PHASE2C_KEYSCAN_ACCEPTED unique_id=107 state_id=107 sim_time=137.900000
[INFO] [1788240928.774418809, 139.20[INFO] [1788240862.091118, 72.500000]: Replanning request. curr_vertex_idx: 3
[INFO] [1788240862.092116, 72.500000]:                     covered_vertices: ()
[INFO] [1788240862.092795, 72.500000]: Handle local replanning...
[INFO] [1788240862.093349, 72.500000]: curr path length: 51, is_loop length: 51
[INFO] [1788240862.093914, 72.500000]: Send new plan: 20 37 17 16  ---> 14 15 13 12 17 11 18 10 9 36 8 0 35 1 6 19 38 20 20(L) 38 26 21 24 21 22 21 23 21 25 27 31 32 29 32 30 32 28 33 38(L) 33 7 5 4 3 34 2 35(L) 
[INFO] [1788240868.166845, 78.600000]: Replanning request. curr_vertex_idx: 3
[INFO] [1788240868.167747, 78.600000]:                     covered_vertices: ()
[INFO] [1788240868.168461, 78.600000]: Handle local replanning...
[INFO] [1788240868.169127, 78.600000]: curr path length: 51, is_loop length: 51
[INFO] [1788240868.169600, 78.600000]: Send new plan: 20 37 17 16  ---> 14 15 13 12 17 11 18 10 9 36 8 0 35 1 6 19 38 20 20(L) 38 26 21 24 21 22 21 23 21 25 27 31 32 29 32 30 32 28 33 38(L) 33 7 5 4 3 34 2 35(L) 
[INFO] [1788240873.293305, 83.700000]: Really visited vertices: 20 37 17 16 
[INFO] [1788240874.157992, 84.500000]: Replanning request. curr_vertex_idx: 3
[INFO] [1788240874.158860, 84.500000]:                     covered_vertices: ()
[INFO] [1788240874.159578, 84.600000]: Handle local replanning...
[INFO] [1788240874.160408, 84.600000]: curr path length: 51, is_loop length: 51
[INFO] [1788240874.160842, 84.600000]: Send new plan: 20 37 17 16  ---> 14 15 13 12 17 11 18 10 9 36 8 0 35 1 6 19 38 20 20(L) 38 26 21 24 21 22 21 23 21 25 27 31 32 29 32 30 32 28 33 38(L) 33 7 5 4 3 34 2 35(L) 
[INFO] [1788240876.165888, 86.600000]: Replanning request. curr_vertex_idx: 3
[INFO] [1788240876.166843, 86.600000]:                     covered_vertices: ()
[INFO] [1788240876.167581, 86.600000]: Handle local replanning...
[INFO] [1788240876.168341, 86.600000]: curr path length: 51, is_loop length: 51
[INFO] [1788240876.169076, 86.600000]: Send new plan: 20 37 17 16  ---> 14 15 13 12 17 11 18 10 9 36 8 0 35 1 6 19 38 20 20(L) 38 26 21 24 21 22 21 23 21 25 27 31 32 29 32 30 32 28 33 38(L) 33 7 5 4 3 34 2 35(L) 
[INFO] [1788240878.109930, 88.500000]: Replanning request. curr_vertex_idx: 3
[INFO] [1788240878.110801, 88.500000]:                     covered_vertices: ()
[INFO] [1788240878.111588, 88.500000]: Handle local replanning...
[INFO] [1788240878.112319, 88.500000]: curr path length: 51, is_loop length: 51
[INFO] [1788240878.112950, 88.500000]: Send new plan: 20 37 17 16  ---> 14 15 13 12 17 11 18 10 9 36 8 0 35 1 6 19 38 20 20(L) 38 26 21 24 21 22 21 23 21 25 27 31 32 29 32 30 32 28 33 38(L) 33 7 5 4 3 34 2 35(L) 
[INFO] [1788240883.199546, 93.600000]: Really visited vertices: 20 37 17 16 
[INFO] [1788240884.162407, 94.600000]: Replanning request. curr_vertex_idx: 3
[INFO] [1788240884.163282, 94.600000]:                     covered_vertices: ()
[INFO] [1788240884.164137, 94.600000]: Handle local replanning...
[INFO] [1788240884.164705, 94.600000]: curr path length: 51, is_loop length: 51
[INFO] [1788240884.165528, 94.600000]: Send new plan: 20 37 17 16  ---> 14 15 13 12 17 11 18 10 9 36 8 0 35 1 6 19 38 20 20(L) 38 26 21 24 21 22 21 23 21 25 27 31 32 29 32 30 32 28 33 38(L) 33 7 5 4 3 34 2 35(L) 
[INFO] [1788240886.117379, 96.500000]: Replanning request. curr_vertex_idx: 3
[INFO] [1788240886.118284, 96.500000]:                     covered_vertices: ()
[INFO] [1788240886.118790, 96.500000]: Handle local replanning...
[INFO] [1788240886.119300, 96.500000]: curr path length: 51, is_loop length: 51
[INFO] [1788240886.119801, 96.500000]: Send new plan: 20 37 17 16  ---> 14 15 13 12 17 11 18 10 9 36 8 0 35 1 6 19 38 20 20(L) 38 26 21 24 21 22 21 23 21 25 27 31 32 29 32 30 32 28 33 38(L) 33 7 5 4 3 34 2 35(L) 
[INFO] [1788240889.193746, 99.600000]: Replanning request. curr_vertex_idx: 3
[INFO] [1788240889.194582, 99.600000]:                     covered_vertices: ()
[INFO] [1788240889.195156, 99.600000]: Handle local replanning...
[INFO] [1788240889.195685, 99.600000]: curr path length: 51, is_loop length: 51
[INFO] [1788240889.196348, 99.600000]: Send new plan: 20 37 17 16  ---> 14 15 13 12 17 11 18 10 9 36 8 0 35 1 6 19 38 20 20(L) 38 26 21 24 21 22 21 23 21 25 27 31 32 29 32 30 32 28 33 38(L) 33 7 5 4 3 34 2 35(L) 
[INFO] [1788240894.611465, 105.000000]: Really visited vertices: 20 37 17 16 
[INFO] [1788240895.099563, 105.500000]: Replanning request. curr_vertex_idx: 4
[INFO] [1788240895.100721, 105.500000]:                     covered_vertices: ()
[INFO] [1788240895.101483, 105.500000]: Handle local replanning...
[INFO] [1788240895.102222, 105.500000]: curr path length: 51, is_loop length: 51
[INFO] [1788240895.102871, 105.500000]: Send new plan: 20 37 17 16 14  ---> 15 13 12 17 11 18 10 9 36 8 0 35 1 6 19 38 20 20(L) 38 26 21 24 21 22 21 23 21 25 27 31 32 29 32 30 32 28 33 38(L) 33 7 5 4 3 34 2 35(L) 
[INFO] [1788240901.210000, 111.600000]: Replanning request. curr_vertex_idx: 4
[INFO] [1788240901.211046, 111.600000]:                     covered_vertices: ()
[INFO] [1788240901.211904, 111.600000]: Handle local replanning...
[INFO] [1788240901.212630, 111.600000]: curr path length: 51, is_loop length: 51
[INFO] [1788240901.213485, 111.600000]: Send new plan: 20 37 17 16 14  ---> 15 13 12 17 11 18 10 9 36 8 0 35 1 6 19 38 20 20(L) 38 26 21 24 21 22 21 23 21 25 27 31 32 29 32 30 32 28 33 38(L) 33 7 5 4 3 34 2 35(L) 
[INFO] [1788240906.600224, 117.000000]: Really visited vertices: 20 37 17 16 
[INFO] [1788240907.106205, 117.500000]: Replanning request. curr_vertex_idx: 4
[INFO] [1788240907.107191, 117.500000]:                     covered_vertices: ()
[INFO] [1788240907.108019, 117.500000]: Handle local replanning...
[INFO] [1788240907.108740, 117.500000]: curr path length: 51, is_loop length: 51
[INFO] [1788240907.109391, 117.500000]: Send new plan: 20 37 17 16 14  ---> 15 13 12 17 11 18 10 9 36 8 0 35 1 6 19 38 20 20(L) 38 26 21 24 21 22 21 23 21 25 27 31 32 29 32 30 32 28 33 38(L) 33 7 5 4 3 34 2 35(L) 
[INFO] [1788240913.211507, 123.600000]: Replanning request. curr_vertex_idx: 4
[INFO] [1788240913.212731, 123.600000]:                     covered_vertices: ()
[INFO] [1788240913.213517, 123.600000]: Handle local replanning...
[INFO] [1788240913.214349, 123.600000]: curr path length: 51, is_loop length: 51
[INFO] [1788240913.215136, 123.600000]: Send new plan: 20 37 17 16 14  ---> 15 13 12 17 11 18 10 9 36 8 0 35 1 6 19 38 20 20(L) 38 26 21 24 21 22 21 23 21 25 27 31 32 29 32 30 32 28 33 38(L) 33 7 5 4 3 34 2 35(L) 
[INFO] [1788240918.301949, 128.700000]: Really visited vertices: 20 37 17 16 15 
[INFO] [1788240919.189981, 129.600000]: Replanning request. curr_vertex_idx: 4
[INFO] [1788240919.190966, 129.600000]:                     covered_vertices: ()
[INFO] [1788240919.191730, 129.600000]: Handle local replanning...
[INFO] [1788240919.192474, 129.600000]: curr path length: 51, is_loop length: 51
[INFO] [1788240919.193141, 129.600000]: Send new plan: 20 37 17 16 14  ---> 15 13 12 17 11 18 10 9 36 8 0 35 1 6 19 38 20 20(L) 38 26 21 24 21 22 21 23 21 25 27 31 32 29 32 30 32 28 33 38(L) 33 7 5 4 3 34 2 35(L) 
[INFO] [1788240924.828157, 135.200000]: Really visited vertices: 20 37 17 16 15 
[INFO] [1788240925.109834, 135.500000]: Replanning request. curr_vertex_idx: 4
[INFO] [1788240925.110855, 135.500000]:                     covered_vertices: ()
[INFO] [1788240925.111631, 135.500000]: Handle local replanning...
[INFO] [1788240925.112304, 135.500000]: curr path length: 51, is_loop length: 51
[INFO] [1788240925.113084, 135.500000]: Send new plan: 20 37 17 16 14  ---> 15 13 12 17 11 18 10 9 36 8 0 35 1 6 19 38 20 20(L) 38 26 21 24 21 22 21 23 21 25 27 31 32 29 32 30 32 28 33 38(L) 33 7 5 4 3 34 2 35(L) 
[INFO] [1788240930.143993, 140.500000]: Replanning request. curr_vertex_idx: 4
[INFO] [1788240930.145066, 140.500000]:                     covered_vertices: ()
[INFO] [1788240930.145817, 140.500000]: Handle local replanning...
[INFO] [1788240930.146514, 140.500000]: curr path length: 51, is_loop length: 51
[WARN] [1788240932.293571887, 142.700000000]: Add one Loop closure. 1 loops have been added.
[WARN] [1788240940.195845442, 150.600000000]: No frontier at vertex 14. #Frontier: 0
[INFO] [1788240797.766542044, 8.200000000]: Navigator is now initialized.
[INFO] [1788240806.997627516, 17.400000000]: Call local replanning...
[INFO] [1788240807.001721760, 17.400000000]: Reach vertex 20
[INFO] [1788240807.001835591, 17.400000000]: Set newGoal 37
[INFO] [1788240807.001888298, 17.400000000]: Find middle goal point.
[INFO] [1788240807.997842756, 18.400000000]: Call local replanning...
[INFO] [1788240808.022462898, 18.400000000]: Find middle goal point.
[INFO] [1788240814.019300158, 24.400000000]: Call local replanning...
[INFO] [1788240814.046324099, 24.400000000]: Find middle goal point.
[INFO] [1788240820.018718839, 30.400000000]: Call local replanning...
[INFO] [1788240820.046863668, 30.400000000]: Reach vertex 37
[INFO] [1788240820.054405688, 30.400000000]: Explore Goal 37 's frontiers...
[INFO] [1788240826.043704591, 36.400000000]: Call local replanning...
[INFO] [1788240826.081255906, 36.500000000]: Explore Goal 37 's frontiers...
[INFO] [1788240832.091631746, 42.500000000]: Call local replanning...
[INFO] [1788240832.119103783, 42.500000000]: Set newGoal 17
[INFO] [1788240838.078110356, 48.500000000]: Call local replanning...
[INFO] [1788240844.066672127, 54.500000000]: Call local replanning...
[INFO] [1788240844.089002654, 54.500000000]: Reach vertex 17
[INFO] [1788240844.089061815, 54.500000000]: Set newGoal 16
[INFO] [1788240844.089076061, 54.500000000]: Find middle goal point.
[INFO] [1788240850.122512499, 60.500000000]: Call local replanning...
[INFO] [1788240856.087389812, 66.500000000]: Call local replanning...
[INFO] [1788240856.092999840, 66.500000000]: Reach vertex 16
[INFO] [1788240856.097573533, 66.500000000]: Explore Goal 16 's frontiers...
[INFO] [1788240862.089875175, 72.500000000]: Call local replanning...
[INFO] [1788240862.104870183, 72.500000000]: Explore Goal 16 's frontiers...
[INFO] [1788240868.165789287, 78.600000000]: Call local replanning...
[INFO] [1788240868.179847655, 78.600000000]: Explore Goal 16 's frontiers...
[INFO] [1788240874.156872522, 84.500000000]: Call local replanning...
[INFO] [1788240874.163859627, 84.600000000]: Explore Goal 16 's frontiers...
[INFO] [1788240876.164683416, 86.600000000]: Call local replanning...
[INFO] [1788240876.172854278, 86.600000000]: Explore Goal 16 's frontiers...
[INFO] [1788240878.108776762, 88.500000000]: Call local replanning...
[INFO] [1788240878.122510013, 88.500000000]: Explore Goal 16 's frontiers...
[INFO] [1788240884.161605804, 94.600000000]: Call local replanning...
[INFO] [1788240884.168803709, 94.600000000]: Explore Goal 16 's frontiers...
[INFO] [1788240886.116251408, 96.500000000]: Call local replanning...
[INFO] [1788240886.122834948, 96.500000000]: Explore Goal 16 's frontiers...
[INFO] [1788240889.192477336, 99.600000000]: Call local replanning...
[INFO] [1788240889.197143251, 99.600000000]: Set newGoal 14
[INFO] [1788240889.197160613, 99.600000000]: Find middle goal point.
[INFO] [1788240895.098662489, 105.500000000]: Call local replanning...
[INFO] [1788240895.103699096, 105.500000000]: Find middle goal point.
[INFO] [1788240901.208717440, 111.600000000]: Call local replanning...
[INFO] [1788240901.214646637, 111.600000000]: Find middle goal point.
[INFO] [1788240907.105204640, 117.500000000]: Call local replanning...
[INFO] [1788240907.110361596, 117.500000000]: Find middle goal point.
[INFO] [1788240913.210226409, 123.600000000]: Call local replanning...
[INFO] [1788240913.216228765, 123.600000000]: Find middle goal point.
[INFO] [1788240919.189025685, 129.600000000]: Call local replanning...
[INFO] [1788240925.108729254, 135.500000000]: Call local replanning...
[INFO] [1788240930.142897867, 140.500000000]: Call local replanning...
[INFO] [1788240930.148224486, 140.500000000]: Reach vertex 14
[INFO] [1788240930.151199726, 140.500000000]: Explore Goal 14 's frontiers...
[INFO] [1788240934.135824323, 144.500000000]: Call local replanning...
[INFO] [1788240934.146798706, 144.500000000]: Explore Goal 14 's frontiers...
[INFO] [1788240940.190392939, 150.600000000]: Call local replanning...
[INFO] [1788240940.1958901[WARN] [1788240958.151605259, 168.500000000]: No frontier at vertex 13. #Frontier: 0
0000000]: PHASE2C_KEYSCAN_ACCEPTED unique_id=108 state_id=108 sim_time=139.200000
[INFO] [1788240930.006810612, 140.400000000]: PHASE2C_KEYSCAN_ACCEPTED unique_id=109 state_id=109 sim_time=140.400000
[INFO] [1788240931.384039709, 141.800000000]: PHASE2C_KEYSCAN_ACCEPTED unique_id=110 state_id=110 sim_time=141.800000
[INFO] [1788240932.293654173, 142.700000000]: PHASE4A_LOOP_CLOSED seq=1 current_scan=111 chain_start=102 chain_end=105
[INFO] [1788240932.293705721, 142.700000000]: PHASE2C_KEYSCAN_ACCEPTED unique_id=111 state_id=111 sim_time=142.700000
[INFO] [1788240933.884832672, 144.300000000]: PHASE2C_KEYSCAN_ACCEPTED unique_id=112 state_id=112 sim_time=144.300000
[INFO] [1788240934.980613365, 145.400000000]: PHASE2C_KEYSCAN_ACCEPTED unique_id=113 state_id=113 sim_time=145.400000
[INFO] [1788240935.584852375, 146.000000000]: PHASE2C_KEYSCAN_ACCEPTED unique_id=114 state_id=114 sim_time=146.000000
[INFO] [1788240936.194986502, 146.600000000]: PHASE2C_KEYSCAN_ACCEPTED unique_id=115 state_id=115 sim_time=146.600000
[INFO] [1788240936.885685768, 147.300000000]: PHASE2C_KEYSCAN_ACCEPTED unique_id=116 state_id=116 sim_time=147.300000
[INFO] [1788240937.894053352, 148.300000000]: PHASE2C_KEYSCAN_ACCEPTED unique_id=117 state_id=117 sim_time=148.300000
[INFO] [1788240939.383563942, 149.800000000]: PHASE2C_KEYSCAN_ACCEPTED unique_id=118 state_id=118 sim_time=149.800000
[INFO] [1788240940.782158323, 151.200000000]: PHASE2C_KEYSCAN_ACCEPTED unique_id=119 state_id=119 sim_time=151.200000
[INFO] [1788240942.008792413, 152.400000000]: PHASE2C_KEYSCAN_ACCEPTED unique_id=120 state_id=120 sim_time=152.400000
[INFO] [1788240943.300535186, 153.700000000]: PHASE2C_KEYSCAN_ACCEPTED unique_id=121 state_id=121 sim_time=153.700000
[INFO] [1788240944.599475006, 155.000000000]: PHASE2C_KEYSCAN_ACCEPTED unique_id=122 state_id=122 sim_time=155.000000
[INFO] [1788240945.892995309, 156.300000000]: PHASE2C_KEYSCAN_ACCEPTED unique_id=123 state_id=123 sim_time=156.300000
[INFO] [1788240947.389853310, 157.800000000]: PHASE2C_KEYSCAN_ACCEPTED unique_id=124 state_id=124 sim_time=157.800000
[INFO] [1788240949.279153213, 159.700000000]: PHASE2C_KEYSCAN_ACCEPTED unique_id=125 state_id=125 sim_time=159.700000
[INFO] [1788240951.579494394, 162.000000000]: PHASE2C_KEYSCAN_ACCEPTED unique_id=126 state_id=126 sim_time=162.000000
[INFO] [1788240952.872049754, 163.300000000]: PHASE2C_KEYSCAN_ACCEPTED unique_id=127 state_id=127 sim_time=163.300000
[INFO] [1788240954.179838600, 164.600000000]: PHASE2C_KEYSCAN_ACCEPTED unique_id=128 state_id=128 sim_time=164.600000
[INFO] [1788240955.574761961, 166.000000000]: PHASE2C_KEYSCAN_ACCEPTED unique_id=129 state_id=129 sim_time=166.000000
[INFO] [1788240956.871986428, 167.300000000]: PHASE2C_KEYSCAN_ACCEPTED unique_id=130 state_id=130 sim_time=167.300000
[INFO] [1788240958.169339937, 168.600000000]: PHASE2C_KEYSCAN_ACCEPTED unique_id=131 state_id=131 sim_time=168.600000
[INFO] [1788240959.088528544, 169.500000000]: PHASE2C_KEYSCAN_ACCEPTED unique_id=132 state_id=132 sim_time=169.500000
[INFO] [1788240959.681558541, 170.100000000]: PHASE2C_KEYSCAN_ACCEPTED unique_id=133 state_id=133 sim_time=170.100000
[INFO] [1788240960.387875837, 170.800000000]: PHASE2C_KEYSCAN_ACCEPTED unique_id=134 state_id=134 sim_time=170.800000
[INFO] [1788240960.991185523, 171.400000000]: PHASE2C_KEYSCAN_ACCEPTED unique_id=135 state_id=135 sim_time=171.400000
[INFO] [1788240961.608720511, 172.000000000]: PHASE2C_KEYSCAN_ACCEPTED unique_id=136 state_id=136 sim_time=172.000000
[INFO] [1788240962.296408992, 172.700000000]: PHASE2C_KEYSCAN_ACCEPTED unique_id=137 state_id=137 sim_time=172.700000
[INFO] [1788240962.882653961, 173.300000000]: PHASE2C_KEYSCAN_ACCEPTED unique_id=138 state_id=138 sim_time=173.300000
[INFO] [1788240964.178146669, 174.600000000]: PHASE2C_KEYSCAN_ACCEPTED unique_id=139 state_id=139 sim_time=174.600000
[INFO] [1788240965.578111481, 176.000000000]: PHASE2C_KEYSCAN_ACCEPTED unique_id=140 state_id=140 sim_time=176.000000
[INFO] [1788240966.890606705, 177.300000000]: PHASE2C_KEYSCAN_ACCEPTED unique_id=141 state_id=141 sim_time=177.300000
[[WARN] [1788241001.232957718, 211.600000000]: No frontier at vertex 12. #Frontier: 0
[INFO] [1788240930.147207, 140.500000]: Send new plan: 20 37 17 16 14  ---> 15 13 12 17 11 18 10 9 36 8 0 35 1 6 19 38 20 20(L) 38 26 21 24 21 22 21 23 21 25 27 31 32 29 32 30 32 28 33 38(L) 33 7 5 4 3 34 2 35(L) 
[INFO] [1788240934.137149, 144.500000]: Replanning request. curr_vertex_idx: 4
[INFO] [1788240934.138253, 144.500000]:                     covered_vertices: ()
[INFO] [1788240934.139059, 144.500000]: Handle local replanning...
[INFO] [1788240934.139964, 144.500000]: curr path length: 51, is_loop length: 51
[INFO] [1788240934.140827, 144.500000]: Send new plan: 20 37 17 16 14  ---> 15 13 12 17 11 18 10 9 36 8 0 35 1 6 19 38 20 20(L) 38 26 21 24 21 22 21 23 21 25 27 31 32 29 32 30 32 28 33 38(L) 33 7 5 4 3 34 2 35(L) 
[INFO] [1788240939.433919, 149.800000]: Really visited vertices: 20 37 17 16 15 14 
[INFO] [1788240940.191531, 150.600000]: Replanning request. curr_vertex_idx: 4
[INFO] [1788240940.192565, 150.600000]:                     covered_vertices: ()
[INFO] [1788240940.193251, 150.600000]: Handle local replanning...
[INFO] [1788240940.193907, 150.600000]: curr path length: 51, is_loop length: 51
[INFO] [1788240940.194651, 150.600000]: Send new plan: 20 37 17 16 14  ---> 15 13 12 17 11 18 10 9 36 8 0 35 1 6 19 38 20 20(L) 38 26 21 24 21 22 21 23 21 25 27 31 32 29 32 30 32 28 33 38(L) 33 7 5 4 3 34 2 35(L) 
[INFO] [1788240945.945358, 156.300000]: Really visited vertices: 20 37 17 16 15 14 
[INFO] [1788240946.178075, 156.600000]: Replanning request. curr_vertex_idx: 6
[INFO] [1788240946.179035, 156.600000]:                     covered_vertices: ()
[INFO] [1788240946.180012, 156.600000]: Handle local replanning...
[INFO] [1788240946.180699, 156.600000]: curr path length: 51, is_loop length: 51
[INFO] [1788240946.181356, 156.600000]: Send new plan: 20 37 17 16 14 15 13  ---> 12 17 11 18 10 9 36 8 0 35 1 6 19 38 20 20(L) 38 26 21 24 21 22 21 23 21 25 27 31 32 29 32 30 32 28 33 38(L) 33 7 5 4 3 34 2 35(L) 
[INFO] [1788240951.608053, 162.000000]: Really visited vertices: 20 37 17 16 15 14 
[INFO] [1788240952.192754, 162.600000]: Replanning request. curr_vertex_idx: 6
[INFO] [1788240952.193865, 162.600000]:                     covered_vertices: ()
[INFO] [1788240952.194739, 162.600000]: Handle local replanning...
[INFO] [1788240952.195572, 162.600000]: curr path length: 51, is_loop length: 51
[INFO] [1788240952.196369, 162.600000]: Send new plan: 20 37 17 16 14 15 13  ---> 12 17 11 18 10 9 36 8 0 35 1 6 19 38 20 20(L) 38 26 21 24 21 22 21 23 21 25 27 31 32 29 32 30 32 28 33 38(L) 33 7 5 4 3 34 2 35(L) 
[INFO] [1788240958.146878, 168.500000]: Replanning request. curr_vertex_idx: 6
[INFO] [1788240958.147989, 168.500000]:                     covered_vertices: ()
[INFO] [1788240958.148696, 168.500000]: Handle local replanning...
[INFO] [1788240958.149596, 168.500000]: curr path length: 51, is_loop length: 51
[INFO] [1788240958.150444, 168.500000]: Send new plan: 20 37 17 16 14 15 13  ---> 12 17 11 18 10 9 36 8 0 35 1 6 19 38 20 20(L) 38 26 21 24 21 22 21 23 21 25 27 31 32 29 32 30 32 28 33 38(L) 33 7 5 4 3 34 2 35(L) 
[INFO] [1788240964.153790, 174.500000]: Replanning request. curr_vertex_idx: 7
[INFO] [1788240964.154854, 174.500000]:                     covered_vertices: ()
[INFO] [1788240964.155717, 174.500000]: Handle local replanning...
[INFO] [1788240964.156546, 174.500000]: curr path length: 51, is_loop length: 51
[INFO] [1788240964.157297, 174.500000]: Send new plan: 20 37 17 16 14 15 13 12  ---> 17 11 18 10 9 36 8 0 35 1 6 19 38 20 20(L) 38 26 21 24 21 22 21 23 21 25 27 31 32 29 32 30 32 28 33 38(L) 33 7 5 4 3 34 2 35(L) 
[INFO] [1788240969.958154, 180.300000]: Really visited vertices: 20 37 17 16 15 14 13 
[INFO] [1788240970.107323, 180.500000]: Replanning request. curr_vertex_idx: 7
[INFO] [1788240970.108351, 180.500000]:                     covered_vertices: ()
[INFO] [1788240970.109052, 180.500000]: Handle local replanning...
[INFO] [1788240970.109767, 180.500000]: curr path length: 51, is_loop length: 51
[INFO] [1788240970.110416, 180.500000]: Send new plan: 20 37 17 16 14 15 13 12  ---> 17 11 18 10 9 36 8 0 35 1 6 19 38 20 20(L) 38 26 21 24 21 22 21 23 21 25 27 31 32 29 32 30 32 28 33 38(L) 33 7 5 4 3 34 2 35(L) 
[INFO] [1788240976.147882, 186.500000]: Replanning request. curr_vertex_idx: 7
[INFO] [1788240976.149064, 186.500000]:                     covered_vertices: ()
[INFO] [1788240976.149869, 186.500000]: Handle local replanning...
[INFO] [1788240976.150596, 186.500000]: curr path length: 51, is_loop length: 51
[INFO] [1788240976.151401, 186.500000]: Send new plan: 20 37 17 16 14 15 13 12  ---> 17 11 18 10 9 36 8 0 35 1 6 19 38 20 20(L) 38 26 21 24 21 22 21 23 21 25 27 31 32 29 32 30 32 28 33 38(L) 33 7 5 4 3 34 2 35(L) 
[INFO] [1788240982.178304, 192.600000]: Replanning request. curr_vertex_idx: 7
[INFO] [1788240982.179403, 192.600000]:                     covered_vertices: ()
[INFO] [1788240982.180056, 192.600000]: Handle local replanning...
[INFO] [1788240982.180669, 192.600000]: curr path length: 51, is_loop length: 51
[INFO] [1788240982.181263, 192.600000]: Send new plan: 20 37 17 16 14 15 13 12  ---> 17 11 18 10 9 36 8 0 35 1 6 19 38 20 20(L) 38 26 21 24 21 22 21 23 21 25 27 31 32 29 32 30 32 28 33 38(L) 33 7 5 4 3 34 2 35(L) 
[INFO] [1788240988.176475, 198.600000]: Replanning request. curr_vertex_idx: 7
[INFO] [1788240988.177517, 198.600000]:                     covered_vertices: ()
[INFO] [1788240988.178308, 198.600000]: Handle local replanning...
[INFO] [1788240988.178960, 198.600000]: curr path length: 51, is_loop length: 51
[INFO] [1788240988.179648, 198.600000]: Send new plan: 20 37 17 16 14 15 13 12  ---> 17 11 18 10 9 36 8 0 35 1 6 19 38 20 20(L) 38 26 21 24 21 22 21 23 21 25 27 31 32 29 32 30 32 28 33 38(L) 33 7 5 4 3 34 2 35(L) 
[INFO] [1788240994.149244, 204.500000]: Replanning request. curr_vertex_idx: 7
[INFO] [1788240994.150194, 204.500000]:                     covered_vertices: ()
[INFO] [1788240994.150914, 204.500000]: Handle local replanning...
[INFO] [1788240994.151710, 204.500000]: curr path length: 51, is_loop length: 51
[INFO] [1788240994.152525, 204.500000]: Send new plan: 20 37 17 16 14 15 13 12  ---> 17 11 18 10 9 36 8 0 35 1 6 19 38 20 20(L) 38 26 21 24 21 22 21 23 21 25 27 31 32 29 32 30 32 28 33 38(L) 33 7 5 4 3 34 2 35(L) 
[INFO] [1788240999.273833, 209.700000]: Replanning request. curr_vertex_idx: 7
[INFO] [1788240999.274785, 209.700000]:                     covered_vertices: ()
[INFO] [1788240999.275536, 209.700000]: Handle local replanning...
[INFO] [1788240999.276291, 209.700000]: curr path length: 51, is_loop length: 51
[INFO] [1788240999.277059, 209.700000]: Send new plan: 20 37 17 16 14 15 13 12  ---> 17 11 18 10 9 36 8 0 35 1 6 19 38 20 20(L) 38 26 21 24 21 22 21 23 21 25 27 31 32 29 32 30 32 28 33 38(L) 33 7 5 4 3 34 2 35(L) 
[INFO] [1788241001.229252, 211.600000]: Replanning request. curr_vertex_idx: 7
[INFO] [1788241001.230222, 211.600000]:                     covered_vertices: ()
[INFO] [1788241001.230879, 211.600000]: Handle local replanning...
[INFO] [1788241001.231496, 211.600000]: curr path length: 51, is_loop length: 51
[INFO] [1788241001.232035, 211.600000]: Send new plan: 20 37 17 16 14 15 13 12  ---> 17 11 18 10 9 36 8 0 35 1 6 19 38 20 20(L) 38 26 21 24 21 22 21 23 21 25 27 31 32 29 32 30 32 28 33 38(L) 33 7 5 4 3 34 2 35(L) 
[INFO] [1788241007.241498, 217.600000]: Replanning request. curr_vertex_idx: 9
[INFO] [1788241007.242493, 217.600000]:                     covered_vertices: ()
[INFO] [1788241007.243492, 217.600000]: Handle local replanning...
[INFO] [1788241007.244288, 217.600000]: curr path length: 51, is_loop length: 51
[INFO] [1788241007.245203, 217.600000]: Send new plan: 20 37 17 16 14 15 13 12 17 11  ---> 18 10 9 36 8 0 35 1 6 19 38 20 20(L) 38 26 21 24 21 22 21 23 21 25 27 31 32 29 32 30 32 28 33 38(L) 33 7 5 4 3 34 2 35(L) 
[INFO] [1788241013.242048, 223.600000]: Replanning request. curr_vertex_idx: 9
[INFO] [1788241013.243216, 223.600000]:                     covered_vertices: ()
[INFO] [1788241013.244223, 223.600000]: Handle local replanning...
[INFO] [1788241013.245135, 223.600000]: curr path length: 51, is_loop length: 51
INFO] [1788240968.386975343, 178.800000000]: PHASE2C_KEYSCAN_ACCEPTED unique_id=142 state_id=142 sim_time=178.800000
[INFO] [1788240969.898500087, 180.300000000]: PHASE2C_KEYSCAN_ACCEPTED unique_id=143 state_id=143 sim_time=180.300000
[INFO] [1788240971.178966950, 181.600000000]: PHASE2C_KEYSCAN_ACCEPTED unique_id=144 state_id=144 sim_time=181.600000
[INFO] [1788240972.604834019, 183.000000000]: PHASE2C_KEYSCAN_ACCEPTED unique_id=145 state_id=145 sim_time=183.000000
[INFO] [1788240974.586586547, 185.000000000]: PHASE2C_KEYSCAN_ACCEPTED unique_id=146 state_id=146 sim_time=185.000000
[INFO] [1788240978.190320434, 188.600000000]: PHASE2C_KEYSCAN_ACCEPTED unique_id=147 state_id=147 sim_time=188.600000
[INFO] [1788240982.050454512, 192.400000000]: PHASE2C_KEYSCAN_ACCEPTED unique_id=148 state_id=148 sim_time=192.400000
[INFO] [1788240985.791682714, 196.200000000]: PHASE2C_KEYSCAN_ACCEPTED unique_id=149 state_id=149 sim_time=196.200000
[INFO] [1788240989.482298760, 199.900000000]: PHASE2C_KEYSCAN_ACCEPTED unique_id=150 state_id=150 sim_time=199.900000
[INFO] [1788240992.980669214, 203.400000000]: PHASE2C_KEYSCAN_ACCEPTED unique_id=151 state_id=151 sim_time=203.400000
[INFO] [1788240994.571597582, 205.000000000]: PHASE2C_KEYSCAN_ACCEPTED unique_id=152 state_id=152 sim_time=205.000000
[INFO] [1788240995.578686861, 206.000000000]: PHASE2C_KEYSCAN_ACCEPTED unique_id=153 state_id=153 sim_time=206.000000
[INFO] [1788240996.772230956, 207.200000000]: PHASE2C_KEYSCAN_ACCEPTED unique_id=154 state_id=154 sim_time=207.200000
[INFO] [1788240998.082714831, 208.500000000]: PHASE2C_KEYSCAN_ACCEPTED unique_id=155 state_id=155 sim_time=208.500000
[INFO] [1788240999.369430329, 209.800000000]: PHASE2C_KEYSCAN_ACCEPTED unique_id=156 state_id=156 sim_time=209.800000
[INFO] [1788241000.870536631, 211.300000000]: PHASE2C_KEYSCAN_ACCEPTED unique_id=157 state_id=157 sim_time=211.300000
[INFO] [1788241001.767809891, 212.200000000]: PHASE2C_KEYSCAN_ACCEPTED unique_id=158 state_id=158 sim_time=212.200000
[INFO] [1788241002.373764073, 212.800000000]: PHASE2C_KEYSCAN_ACCEPTED unique_id=159 state_id=159 sim_time=212.800000
[INFO] [1788241002.978994820, 213.400000000]: PHASE2C_KEYSCAN_ACCEPTED unique_id=160 state_id=160 sim_time=213.400000
[INFO] [1788241003.676344085, 214.100000000]: PHASE2C_KEYSCAN_ACCEPTED unique_id=161 state_id=161 sim_time=214.100000
[INFO] [1788241004.584861581, 215.000000000]: PHASE2C_KEYSCAN_ACCEPTED unique_id=162 state_id=162 sim_time=215.000000
[INFO] [1788241005.994818792, 216.400000000]: PHASE2C_KEYSCAN_ACCEPTED unique_id=163 state_id=163 sim_time=216.400000
[INFO] [1788241007.276421576, 217.700000000]: PHASE2C_KEYSCAN_ACCEPTED unique_id=164 state_id=164 sim_time=217.700000
[INFO] [1788241008.588199750, 219.000000000]: PHASE2C_KEYSCAN_ACCEPTED unique_id=165 state_id=165 sim_time=219.000000
[INFO] [1788241009.990704585, 220.400000000]: PHASE2C_KEYSCAN_ACCEPTED unique_id=166 state_id=166 sim_time=220.400000
[INFO] [1788241011.695298114, 222.100000000]: PHASE2C_KEYSCAN_ACCEPTED unique_id=167 state_id=167 sim_time=222.100000
[INFO] [1788241014.384597588, 224.800000000]: PHASE2C_KEYSCAN_ACCEPTED unique_id=168 state_id=168 sim_time=224.800000
[INFO] [1788241016.084220900, 226.500000000]: PHASE2C_KEYSCAN_ACCEPTED unique_id=169 state_id=169 sim_time=226.500000
[INFO] [1788241017.290348123, 227.700000000]: PHASE2C_KEYSCAN_ACCEPTED unique_id=170 state_id=170 sim_time=227.700000
[INFO] [1788241018.681109658, 229.100000000]: PHASE2C_KEYSCAN_ACCEPTED unique_id=171 state_id=171 sim_time=229.100000
[INFO] [1788241019.974276997, 230.400000000]: PHASE2C_KEYSCAN_ACCEPTED unique_id=172 state_id=172 sim_time=230.400000
[INFO] [1788241021.275495414, 231.700000000]: PHASE2C_KEYSCAN_ACCEPTED unique_id=173 state_id=173 sim_time=231.700000
[INFO] [1788241022.675470478, 233.100000000]: PHASE2C_KEYSCAN_ACCEPTED unique_id=174 state_id=174 sim_time=233.100000
[INFO] [1788241023.971040808, 234.400000000]: PHASE2C_KEYSCAN_ACCEPTED unique_id=175 state_id=175 sim_time=234.400000
[INFO] [1788241025.279056427, 235.700000000]: PHASE2C_KEYSCAN_ACCEPTED unique_id=176 [WARN] [1788241029.264698431, 239.700000000]: No frontier at vertex 11. #Frontier: 0
state_id=176 sim_time=235.700000
[INFO] [1788241026.083389213, 236.500000000]: PHASE2C_KEYSCAN_ACCEPTED unique_id=177 state_id=177 sim_time=236.500000
[INFO] [1788241027.589752594, 238.000000000]: PHASE2C_KEYSCAN_ACCEPTED unique_id=178 state_id=178 sim_time=238.000000
[INFO] [1788241029.018403382, 239.400000000]: PHASE2C_KEYSCAN_ACCEPTED unique_id=179 state_id=179 sim_time=239.400000
[INFO] [1788241030.084651885, 240.500000000]: PHASE2C_KEYSCAN_ACCEPTED unique_id=180 state_id=180 sim_time=240.500000
[INFO] [1788241030.685125806, 241.100000000]: PHASE2C_KEYSCAN_ACCEPTED unique_id=181 state_id=181 sim_time=241.100000
[INFO] [1788241031.186177238, 241.600000000]: PHASE2C_KEYSCAN_ACCEPTED unique_id=182 state_id=182 sim_time=241.600000
[INFO] [1788241031.884529598, 242.300000000]: PHASE2C_KEYSCAN_ACCEPTED unique_id=183 state_id=183 sim_time=242.300000
[INFO] [1788241033.500085593, 243.900000000]: PHASE2C_KEYSCAN_ACCEPTED unique_id=184 state_id=184 sim_time=243.900000
[INFO] [1788241034.683383288, 245.100000000]: PHASE2C_KEYSCAN_ACCEPTED unique_id=185 state_id=185 sim_time=245.100000
[INFO] [1788241036.084316094, 246.500000000]: PHASE2C_KEYSCAN_ACCEPTED unique_id=186 state_id=186 sim_time=246.500000
[INFO] [1788241037.387285943, 247.800000000]: PHASE2C_KEYSCAN_ACCEPTED unique_id=187 state_id=187 sim_time=247.800000
[INFO] [1788241038.789269041, 249.200000000]: PHASE2C_KEYSCAN_ACCEPTED unique_id=188 state_id=188 sim_time=249.200000
[INFO] [1788241040.080378051, 250.500000000]: PHASE2C_KEYSCAN_ACCEPTED unique_id=189 state_id=189 sim_time=250.500000
[INFO] [1788241041.283802059, 251.700000000]: PHASE2C_KEYSCAN_ACCEPTED unique_id=190 state_id=190 sim_time=251.700000
[INFO] [1788241042.677713809, 253.100000000]: PHASE2C_KEYSCAN_ACCEPTED unique_id=191 state_id=191 sim_time=253.100000
[INFO] [1788241043.892900707, 254.300000000]: PHASE2C_KEYSCAN_ACCEPTED unique_id=192 state_id=192 sim_time=254.300000
[INFO] [1788241045.993229677, 256.400000000]: PHASE2C_KEYSCAN_ACCEPTED unique_id=193 state_id=193 sim_time=256.400000
[INFO] [1788241047.383536373, 257.800000000]: PHASE2C_KEYSCAN_ACCEPTED unique_id=194 state_id=194 sim_time=257.800000
[INFO] [1788241048.284301129, 258.700000000]: PHASE2C_KEYSCAN_ACCEPTED unique_id=195 state_id=195 sim_time=258.700000
[INFO] [1788241049.384839237, 259.800000000]: PHASE2C_KEYSCAN_ACCEPTED unique_id=196 state_id=196 sim_time=259.800000
[INFO] [1788241050.795951466, 261.200000000]: PHASE2C_KEYSCAN_ACCEPTED unique_id=197 state_id=197 sim_time=261.200000
[INFO] [1788241051.977365913, 262.400000000]: PHASE2C_KEYSCAN_ACCEPTED unique_id=198 state_id=198 sim_time=262.400000
[INFO] [1788241053.273817978, 263.700000000]: PHASE2C_KEYSCAN_ACCEPTED unique_id=199 state_id=199 sim_time=263.700000
[INFO] [1788241054.088997712, 264.500000000]: PHASE2C_KEYSCAN_ACCEPTED unique_id=200 state_id=200 sim_time=264.500000
[INFO] [1788241054.682523772, 265.100000000]: PHASE2C_KEYSCAN_ACCEPTED unique_id=201 state_id=201 sim_time=265.100000
[INFO] [1788241055.382978648, 265.800000000]: PHASE2C_KEYSCAN_ACCEPTED unique_id=202 state_id=202 sim_time=265.800000
[INFO] [1788241055.896165191, 266.300000000]: PHASE2C_KEYSCAN_ACCEPTED unique_id=203 state_id=203 sim_time=266.300000
[INFO] [1788241056.880183001, 267.300000000]: PHASE2C_KEYSCAN_ACCEPTED unique_id=204 state_id=204 sim_time=267.300000
[INFO] [1788241058.289729885, 268.700000000]: PHASE2C_KEYSCAN_ACCEPTED unique_id=205 state_id=205 sim_time=268.700000
[INFO] [1788241059.686145157, 270.100000000]: PHASE2C_KEYSCAN_ACCEPTED unique_id=206 state_id=206 sim_time=270.100000
[INFO] [1788241060.892906416, 271.300000000]: PHASE2C_KEYSCAN_ACCEPTED unique_id=207 state_id=207 sim_time=271.300000
[INFO] [1788241062.292560284, 272.700000000]: PHASE2C_KEYSCAN_ACCEPTED unique_id=208 state_id=208 sim_time=272.700000
[INFO] [1788241063.594960155, 274.000000000]: PHASE2C_KEYSCAN_ACCEPTED unique_id=209 state_id=209 sim_time=274.000000
[INFO] [1788241064.983153701, 275.400000000]: PHASE2C_KEYSCAN_ACCEPTED unique_id=210 state_id=210 sim_time=275.400000
[INFO] [1788241065.895481134, 276.300000000]: PHASE[WARN] [1788241070.165208382, 280.600000000]: No frontier at vertex 18. #Frontier: 0
[INFO] [1788241013.245884, 223.600000]: Send new plan: 20 37 17 16 14 15 13 12 17 11  ---> 18 10 9 36 8 0 35 1 6 19 38 20 20(L) 38 26 21 24 21 22 21 23 21 25 27 31 32 29 32 30 32 28 33 38(L) 33 7 5 4 3 34 2 35(L) 
[INFO] [1788241018.717566, 229.100000]: Really visited vertices: 20 37 17 16 15 14 13 12 17 
[INFO] [1788241019.132124, 229.500000]: Replanning request. curr_vertex_idx: 9
[INFO] [1788241019.133283, 229.500000]:                     covered_vertices: ()
[INFO] [1788241019.134205, 229.500000]: Handle local replanning...
[INFO] [1788241019.135164, 229.500000]: curr path length: 51, is_loop length: 51
[INFO] [1788241019.136102, 229.500000]: Send new plan: 20 37 17 16 14 15 13 12 17 11  ---> 18 10 9 36 8 0 35 1 6 19 38 20 20(L) 38 26 21 24 21 22 21 23 21 25 27 31 32 29 32 30 32 28 33 38(L) 33 7 5 4 3 34 2 35(L) 
[INFO] [1788241024.007614, 234.400000]: Really visited vertices: 20 37 17 16 15 14 13 12 17 11 
[INFO] [1788241025.125824, 235.500000]: Replanning request. curr_vertex_idx: 9
[INFO] [1788241025.126866, 235.500000]:                     covered_vertices: ()
[INFO] [1788241025.127735, 235.500000]: Handle local replanning...
[INFO] [1788241025.128752, 235.500000]: curr path length: 51, is_loop length: 51
[INFO] [1788241025.129792, 235.500000]: Send new plan: 20 37 17 16 14 15 13 12 17 11  ---> 18 10 9 36 8 0 35 1 6 19 38 20 20(L) 38 26 21 24 21 22 21 23 21 25 27 31 32 29 32 30 32 28 33 38(L) 33 7 5 4 3 34 2 35(L) 
[INFO] [1788241029.260070, 239.700000]: Replanning request. curr_vertex_idx: 9
[INFO] [1788241029.261078, 239.700000]:                     covered_vertices: ()
[INFO] [1788241029.261976, 239.700000]: Handle local replanning...
[INFO] [1788241029.262800, 239.700000]: curr path length: 51, is_loop length: 51
[INFO] [1788241029.263551, 239.700000]: Send new plan: 20 37 17 16 14 15 13 12 17 11  ---> 18 10 9 36 8 0 35 1 6 19 38 20 20(L) 38 26 21 24 21 22 21 23 21 25 27 31 32 29 32 30 32 28 33 38(L) 33 7 5 4 3 34 2 35(L) 
[INFO] [1788241034.755876, 245.100000]: Really visited vertices: 20 37 17 16 15 14 13 12 17 11 
[INFO] [1788241035.226506, 245.600000]: Replanning request. curr_vertex_idx: 10
[INFO] [1788241035.227603, 245.600000]:                     covered_vertices: ()
[INFO] [1788241035.228637, 245.600000]: Handle local replanning...
[INFO] [1788241035.229610, 245.600000]: curr path length: 51, is_loop length: 51
[INFO] [1788241035.230396, 245.600000]: Send new plan: 20 37 17 16 14 15 13 12 17 11 18  ---> 10 9 36 8 0 35 1 6 19 38 20 20(L) 38 26 21 24 21 22 21 23 21 25 27 31 32 29 32 30 32 28 33 38(L) 33 7 5 4 3 34 2 35(L) 
[INFO] [1788241040.124432, 250.500000]: Really visited vertices: 20 37 17 16 15 14 13 12 17 11 
[INFO] [1788241041.150001, 251.500000]: Replanning request. curr_vertex_idx: 10
[INFO] [1788241041.151029, 251.500000]:                     covered_vertices: ()
[INFO] [1788241041.151815, 251.500000]: Handle local replanning...
[INFO] [1788241041.152510, 251.500000]: curr path length: 51, is_loop length: 51
[INFO] [1788241041.153363, 251.500000]: Send new plan: 20 37 17 16 14 15 13 12 17 11 18  ---> 10 9 36 8 0 35 1 6 19 38 20 20(L) 38 26 21 24 21 22 21 23 21 25 27 31 32 29 32 30 32 28 33 38(L) 33 7 5 4 3 34 2 35(L) 
[INFO] [1788241046.071750, 256.500000]: Really visited vertices: 20 37 17 16 15 14 13 12 17 11 18 
[INFO] [1788241047.155253, 257.500000]: Replanning request. curr_vertex_idx: 10
[INFO] [1788241047.156478, 257.500000]:                     covered_vertices: ()
[INFO] [1788241047.157403, 257.500000]: Handle local replanning...
[INFO] [1788241047.158196, 257.500000]: curr path length: 51, is_loop length: 51
[INFO] [1788241047.158814, 257.500000]: Send new plan: 20 37 17 16 14 15 13 12 17 11 18  ---> 10 9 36 8 0 35 1 6 19 38 20 20(L) 38 26 21 24 21 22 21 23 21 25 27 31 32 29 32 30 32 28 33 38(L) 33 7 5 4 3 34 2 35(L) 
[INFO] [1788241052.054418, 262.400000]: Really visited vertices: 20 37 17 16 15 14 13 12 17 11 18 
[INFO] [1788241053.164907, 263.600000]: Replanning request. curr_vertex_idx: 10
[INFO] [1788241053.165782, 263.600000]:                     covered_vertices: ()
[INFO] [1788241053.166543, 263.600000]: Handle local replanning...
[INFO] [1788241053.167152, 263.600000]: curr path length: 51, is_loop length: 51
[INFO] [1788241053.167789, 263.600000]: Send new plan: 20 37 17 16 14 15 13 12 17 11 18  ---> 10 9 36 8 0 35 1 6 19 38 20 20(L) 38 26 21 24 21 22 21 23 21 25 27 31 32 29 32 30 32 28 33 38(L) 33 7 5 4 3 34 2 35(L) 
[INFO] [1788241058.333753, 268.700000]: Really visited vertices: 20 37 17 16 15 14 13 12 17 11 18 
[INFO] [1788241059.181284, 269.600000]: Replanning request. curr_vertex_idx: 10
[INFO] [1788241059.182392, 269.600000]:                     covered_vertices: ()
[INFO] [1788241059.183136, 269.600000]: Handle local replanning...
[INFO] [1788241059.183696, 269.600000]: curr path length: 51, is_loop length: 51
[INFO] [1788241059.184481, 269.600000]: Send new plan: 20 37 17 16 14 15 13 12 17 11 18  ---> 10 9 36 8 0 35 1 6 19 38 20 20(L) 38 26 21 24 21 22 21 23 21 25 27 31 32 29 32 30 32 28 33 38(L) 33 7 5 4 3 34 2 35(L) 
[INFO] [1788241064.335604, 274.700000]: Replanning request. curr_vertex_idx: 10
[INFO] [1788241064.336386, 274.700000]:                     covered_vertices: ()
[INFO] [1788241064.337001, 274.700000]: Handle local replanning...
[INFO] [1788241064.337408, 274.700000]: curr path length: 51, is_loop length: 51
[INFO] [1788241064.337922, 274.700000]: Send new plan: 20 37 17 16 14 15 13 12 17 11 18  ---> 10 9 36 8 0 35 1 6 19 38 20 20(L) 38 26 21 24 21 22 21 23 21 25 27 31 32 29 32 30 32 28 33 38(L) 33 7 5 4 3 34 2 35(L) 
[INFO] [1788241069.921890, 280.300000]: Really visited vertices: 20 37 17 16 15 14 13 12 17 11 18 
[INFO] [1788241070.160776, 280.600000]: Replanning request. curr_vertex_idx: 10
[INFO] [1788241070.162239, 280.600000]:                     covered_vertices: ()
[INFO] [1788241070.162973, 280.600000]: Handle local replanning...
[INFO] [1788241070.163665, 280.600000]: curr path length: 51, is_loop length: 51
[INFO] [1788241070.164348, 280.600000]: Send new plan: 20 37 17 16 14 15 13 12 17 11 18  ---> 10 9 36 8 0 35 1 6 19 38 20 20(L) 38 26 21 24 21 22 21 23 21 25 27 31 32 29 32 30 32 28 33 38(L) 33 7 5 4 3 34 2 35(L) 
[INFO] [1788241075.591923, 286.000000]: Really visited vertices: 20 37 17 16 15 14 13 12 17 11 18 
[INFO] [1788241076.267529, 286.700000]: Replanning request. curr_vertex_idx: 11
[INFO] [1788241076.268515, 286.700000]:                     covered_vertices: ()
[INFO] [1788241076.269444, 286.700000]: Handle local replanning...
[INFO] [1788241076.270215, 286.700000]: curr path length: 51, is_loop length: 51
[INFO] [1788241076.270859, 286.700000]: Send new plan: 20 37 17 16 14 15 13 12 17 11 18 10  ---> 9 36 8 0 35 1 6 19 38 20 20(L) 38 26 21 24 21 22 21 23 21 25 27 31 32 29 32 30 32 28 33 38(L) 33 7 5 4 3 34 2 35(L) 
[INFO] [1788241082.341343, 292.700000]: Replanning request. curr_vertex_idx: 12
[INFO] [1788241082.342295, 292.700000]:                     covered_vertices: ()
[INFO] [1788241082.343069, 292.700000]: Handle local replanning...
[INFO] [1788241082.343964, 292.700000]: curr path length: 51, is_loop length: 51
[INFO] [1788241082.344721, 292.700000]: Send new plan: 20 37 17 16 14 15 13 12 17 11 18 10 9  ---> 36 8 0 35 1 6 19 38 20 20(L) 38 26 21 24 21 22 21 23 21 25 27 31 32 29 32 30 32 28 33 38(L) 33 7 5 4 3 34 2 35(L) 
[INFO] [1788241087.432466, 297.800000]: Really visited vertices: 20 37 17 16 15 14 13 12 17 11 18 36 
[INFO] [1788241088.177521, 298.600000]: Replanning request. curr_vertex_idx: 12
[INFO] [1788241088.178537, 298.600000]:                     covered_vertices: ()
[INFO] [1788241088.179329, 298.600000]: Handle local replanning...
[INFO] [1788241088.180099, 298.600000]: curr path length: 51, is_loop length: 51
[INFO] [1788241088.180720, 298.600000]: Send new plan: 20 37 17 16 14 15 13 12 17 11 18 10 9  ---> 36 8 0 35 1 6 19 38 20 20(L) 38 26 21 24 21 22 21 23 21 25 27 31 32 29 32 30 32 28 33 38(L) 33 7 5 4 3 34 2 35(L) 
[INFO] [1788241093.819931, 304.200000]: Really visited vertices: 20 37 17 16 15 14 13 12 17 11 18 36 
[INFO] [1788241094.188933, 304.600000]: Replanning request. curr_vertex_idx: 12
28, 150.600000000]: Skip repeated visit to vertex 15
[INFO] [1788240940.195913771, 150.600000000]: Set newGoal 13
[INFO] [1788240946.176999844, 156.600000000]: Call local replanning...
[INFO] [1788240952.191734700, 162.600000000]: Call local replanning...
[INFO] [1788240958.145766196, 168.500000000]: Call local replanning...
[INFO] [1788240958.151588532, 168.500000000]: Reach vertex 13
[INFO] [1788240958.151625668, 168.500000000]: Set newGoal 12
[INFO] [1788240964.152663160, 174.500000000]: Call local replanning...
[INFO] [1788240970.106205934, 180.500000000]: Call local replanning...
[INFO] [1788240976.146820927, 186.500000000]: Call local replanning...
[INFO] [1788240982.177091427, 192.600000000]: Call local replanning...
[INFO] [1788240982.182119799, 192.600000000]: Reach vertex 12
[INFO] [1788240982.187669129, 192.600000000]: Explore Goal 12 's frontiers...
[INFO] [1788240988.175338191, 198.600000000]: Call local replanning...
[INFO] [1788240988.184248038, 198.600000000]: Explore Goal 12 's frontiers...
[INFO] [1788240994.148212769, 204.500000000]: Call local replanning...
[INFO] [1788240994.156462404, 204.500000000]: Explore Goal 12 's frontiers...
[INFO] [1788240999.272812798, 209.700000000]: Call local replanning...
[INFO] [1788240999.280800728, 209.700000000]: Explore Goal 12 's frontiers...
[INFO] [1788241001.228041789, 211.600000000]: Call local replanning...
[INFO] [1788241001.232998174, 211.600000000]: Skip repeated visit to vertex 17
[INFO] [1788241001.233010892, 211.600000000]: Set newGoal 11
[INFO] [1788241007.240280290, 217.600000000]: Call local replanning...
[INFO] [1788241013.240860268, 223.600000000]: Call local replanning...
[INFO] [1788241019.130966672, 229.500000000]: Call local replanning...
[INFO] [1788241025.124557429, 235.500000000]: Call local replanning...
[INFO] [1788241025.131065574, 235.500000000]: Reach vertex 11
[INFO] [1788241025.133494924, 235.500000000]: Explore Goal 11 's frontiers...
[INFO] [1788241029.258943929, 239.700000000]: Call local replanning...
[INFO] [1788241029.264754243, 239.700000000]: Set newGoal 18
[INFO] [1788241029.264777603, 239.700000000]: Find middle goal point.
[INFO] [1788241035.225275558, 245.600000000]: Call local replanning...
[INFO] [1788241035.231548690, 245.600000000]: Find middle goal point.
[INFO] [1788241041.148803515, 251.500000000]: Call local replanning...
[INFO] [1788241047.154143615, 257.500000000]: Call local replanning...
[INFO] [1788241047.159689520, 257.600000000]: Reach vertex 18
[INFO] [1788241047.164313968, 257.600000000]: Explore Goal 18 's frontiers...
[INFO] [1788241053.163908300, 263.600000000]: Call local replanning...
[INFO] [1788241053.174921181, 263.600000000]: Explore Goal 18 's frontiers...
[INFO] [1788241059.180164586, 269.600000000]: Call local replanning...
[INFO] [1788241059.190415549, 269.600000000]: Explore Goal 18 's frontiers...
[INFO] [1788241064.334391539, 274.700000000]: Call local replanning...
[INFO] [1788241064.356404571, 274.700000000]: Explore Goal 18 's frontiers...
[INFO] [1788241070.160022079, 280.600000000]: Call local replanning...
[INFO] [1788241070.165235717, 280.600000000]: Set newGoal 10
[INFO] [1788241076.266529673, 286.700000000]: Call local replanning...
[INFO] [1788241076.271907265, 286.700000000]: Skip currGoal 10 that has no frontier and seen by robot
[INFO] [1788241076.271936815, 286.700000000]: Set newGoal 9
[INFO] [1788241082.340117573, 292.700000000]: Call local replanning...
[INFO] [1788241088.176570019, 298.600000000]: Call local replanning...
[INFO] [1788241094.187868697, 304.600000000]: Call local replanning...
[INFO] [1788241094.192703028, 304.600000000]: Reach vertex 9
[INFO] [1788241094.199542401, 304.600000000]: Explore Goal 9 's frontiers...
[INFO] [1788241100.184725216, 310.600000000]: Call local replanning...
[INFO] [1788241100.194902847, 310.600000000]: Explore Goal 9 's frontiers...
[INFO] [1788241106.319147651, 316.700000000]: Call local replanning...
[INFO] [1788241106.328845533, 316.700000000]: Explore Goal 9 's frontiers...
[INFO] [1788241108.297059573, 318.700000000]: Call local[WARN] [1788241108.303187858, 318.700000000]: No frontier at vertex 9. #Frontier: 0
2C_KEYSCAN_ACCEPTED unique_id=211 state_id=211 sim_time=276.300000
[INFO] [1788241067.276823939, 277.700000000]: PHASE2C_KEYSCAN_ACCEPTED unique_id=212 state_id=212 sim_time=277.700000
[INFO] [1788241068.483279981, 278.900000000]: PHASE2C_KEYSCAN_ACCEPTED unique_id=213 state_id=213 sim_time=278.900000
[INFO] [1788241069.877151403, 280.300000000]: PHASE2C_KEYSCAN_ACCEPTED unique_id=214 state_id=214 sim_time=280.300000
[INFO] [1788241071.191396480, 281.600000000]: PHASE2C_KEYSCAN_ACCEPTED unique_id=215 state_id=215 sim_time=281.600000
[INFO] [1788241071.798894370, 282.200000000]: PHASE2C_KEYSCAN_ACCEPTED unique_id=216 state_id=216 sim_time=282.200000
[INFO] [1788241072.393758956, 282.800000000]: PHASE2C_KEYSCAN_ACCEPTED unique_id=217 state_id=217 sim_time=282.800000
[INFO] [1788241072.991040962, 283.400000000]: PHASE2C_KEYSCAN_ACCEPTED unique_id=218 state_id=218 sim_time=283.400000
[INFO] [1788241074.227210603, 284.600000000]: PHASE2C_KEYSCAN_ACCEPTED unique_id=219 state_id=219 sim_time=284.600000
[INFO] [1788241075.505296368, 285.900000000]: PHASE2C_KEYSCAN_ACCEPTED unique_id=220 state_id=220 sim_time=285.900000
[INFO] [1788241076.997478406, 287.400000000]: PHASE2C_KEYSCAN_ACCEPTED unique_id=221 state_id=221 sim_time=287.400000
[INFO] [1788241078.289645863, 288.700000000]: PHASE2C_KEYSCAN_ACCEPTED unique_id=222 state_id=222 sim_time=288.700000
[INFO] [1788241079.594353175, 290.000000000]: PHASE2C_KEYSCAN_ACCEPTED unique_id=223 state_id=223 sim_time=290.000000
[INFO] [1788241080.879655767, 291.300000000]: PHASE2C_KEYSCAN_ACCEPTED unique_id=224 state_id=224 sim_time=291.300000
[INFO] [1788241082.174495527, 292.600000000]: PHASE2C_KEYSCAN_ACCEPTED unique_id=225 state_id=225 sim_time=292.600000
[INFO] [1788241083.483626272, 293.900000000]: PHASE2C_KEYSCAN_ACCEPTED unique_id=226 state_id=226 sim_time=293.900000
[INFO] [1788241084.786668652, 295.200000000]: PHASE2C_KEYSCAN_ACCEPTED unique_id=227 state_id=227 sim_time=295.200000
[INFO] [1788241086.086543764, 296.500000000]: PHASE2C_KEYSCAN_ACCEPTED unique_id=228 state_id=228 sim_time=296.500000
[INFO] [1788241087.383970471, 297.800000000]: PHASE2C_KEYSCAN_ACCEPTED unique_id=229 state_id=229 sim_time=297.800000
[INFO] [1788241088.678226548, 299.100000000]: PHASE2C_KEYSCAN_ACCEPTED unique_id=230 state_id=230 sim_time=299.100000
[INFO] [1788241089.988355688, 300.400000000]: PHASE2C_KEYSCAN_ACCEPTED unique_id=231 state_id=231 sim_time=300.400000
[INFO] [1788241091.279540680, 301.700000000]: PHASE2C_KEYSCAN_ACCEPTED unique_id=232 state_id=232 sim_time=301.700000
[INFO] [1788241092.585875666, 303.000000000]: PHASE2C_KEYSCAN_ACCEPTED unique_id=233 state_id=233 sim_time=303.000000
[INFO] [1788241093.769387273, 304.200000000]: PHASE2C_KEYSCAN_ACCEPTED unique_id=234 state_id=234 sim_time=304.200000
[INFO] [1788241095.274074026, 305.700000000]: PHASE2C_KEYSCAN_ACCEPTED unique_id=235 state_id=235 sim_time=305.700000
[INFO] [1788241096.779907156, 307.200000000]: PHASE2C_KEYSCAN_ACCEPTED unique_id=236 state_id=236 sim_time=307.200000
[INFO] [1788241098.086041219, 308.500000000]: PHASE2C_KEYSCAN_ACCEPTED unique_id=237 state_id=237 sim_time=308.500000
[INFO] [1788241099.377326236, 309.800000000]: PHASE2C_KEYSCAN_ACCEPTED unique_id=238 state_id=238 sim_time=309.800000
[INFO] [1788241101.284980283, 311.700000000]: PHASE2C_KEYSCAN_ACCEPTED unique_id=239 state_id=239 sim_time=311.700000
[INFO] [1788241101.979003876, 312.400000000]: PHASE2C_KEYSCAN_ACCEPTED unique_id=240 state_id=240 sim_time=312.400000
[INFO] [1788241103.082281097, 313.500000000]: PHASE2C_KEYSCAN_ACCEPTED unique_id=241 state_id=241 sim_time=313.500000
[INFO] [1788241104.487435857, 314.900000000]: PHASE2C_KEYSCAN_ACCEPTED unique_id=242 state_id=242 sim_time=314.900000
[INFO] [1788241105.871126728, 316.300000000]: PHASE2C_KEYSCAN_ACCEPTED unique_id=243 state_id=243 sim_time=316.300000
[INFO] [1788241107.474113469, 317.900000000]: PHASE2C_KEYSCAN_ACCEPTED unique_id=244 state_id=244 sim_time=317.900000
[INFO] [1788241108.270665859, 318.700000000]: PHASE2C_KEYSCAN_ACCEPTED unique_id=245 state_id=245 sim_time=318.700000
[INFO] [1788241108.871742159, 319.300000000]: PHASE2C_KEYSCAN_ACCEPTED unique_id=246 state_id=246 sim_time=319.300000
[INFO] [1788241109.497953296, 319.900000000]: PHASE2C_KEYSCAN_ACCEPTED unique_id=247 state_id=247 sim_time=319.900000
[INFO] [1788241110.089532007, 320.500000000]: PHASE2C_KEYSCAN_ACCEPTED unique_id=248 state_id=248 sim_time=320.500000
[INFO] [1788241110.688757573, 321.100000000]: PHASE2C_KEYSCAN_ACCEPTED unique_id=249 state_id=249 sim_time=321.100000
[INFO] [1788241111.404764895, 321.800000000]: PHASE2C_KEYSCAN_ACCEPTED unique_id=250 state_id=250 sim_time=321.800000
[INFO] [1788241112.228420566, 322.600000000]: PHASE2C_KEYSCAN_ACCEPTED unique_id=251 state_id=251 sim_time=322.600000
[INFO] [1788241113.692581942, 324.100000000]: PHASE2C_KEYSCAN_ACCEPTED unique_id=252 state_id=252 sim_time=324.100000
[INFO] [1788241115.397933997, 325.800000000]: PHASE2C_KEYSCAN_ACCEPTED unique_id=253 state_id=253 sim_time=325.800000
[INFO] [1788241116.294020966, 326.700000000]: PHASE2C_KEYSCAN_ACCEPTED unique_id=254 state_id=254 sim_time=326.700000
[INFO] [1788241117.797813268, 328.200000000]: PHASE2C_KEYSCAN_ACCEPTED unique_id=255 state_id=255 sim_time=328.200000
[INFO] [1788241119.186247029, 329.600000000]: PHASE2C_KEYSCAN_ACCEPTED unique_id=256 state_id=256 sim_time=329.600000
[INFO] [1788241120.484911995, 330.900000000]: PHASE2C_KEYSCAN_ACCEPTED unique_id=257 state_id=257 sim_time=330.900000
[INFO] [1788241121.485475998, 331.900000000]: PHASE2C_KEYSCAN_ACCEPTED unique_id=258 state_id=258 sim_time=331.900000
[INFO] [1788241122.171930234, 332.600000000]: PHASE2C_KEYSCAN_ACCEPTED unique_id=259 state_id=259 sim_time=332.600000
[INFO] [1788241122.892472928, 333.300000000]: PHASE2C_KEYSCAN_ACCEPTED unique_id=260 state_id=260 sim_time=333.300000
[INFO] [1788241123.590647048, 334.000000000]: PHASE2C_KEYSCAN_ACCEPTED unique_id=261 state_id=261 sim_time=334.000000
[INFO] [1788241124.292791979, 334.700000000]: PHASE2C_KEYSCAN_ACCEPTED unique_id=262 state_id=262 sim_time=334.700000
[INFO] [1788241125.022393358, 335.400000000]: PHASE2C_KEYSCAN_ACCEPTED unique_id=263 state_id=263 sim_time=335.400000
[INFO] [1788241125.810987323, 336.200000000]: PHASE2C_KEYSCAN_ACCEPTED unique_id=264 state_id=264 sim_time=336.200000
[INFO] [1788241127.319977297, 337.700000000]: PHASE2C_KEYSCAN_ACCEPTED unique_id=265 state_id=265 sim_time=337.700000
[INFO] [1788241128.492866613, 338.900000000]: PHASE2C_KEYSCAN_ACCEPTED unique_id=266 state_id=266 sim_time=338.900000
[INFO] [1788241129.196853140, 339.600000000]: PHASE2C_KEYSCAN_ACCEPTED unique_id=267 state_id=267 sim_time=339.600000
[INFO] [1788241129.814174469, 340.200000000]: PHASE2C_KEYSCAN_ACCEPTED unique_id=268 state_id=268 sim_time=340.200000
[INFO] [1788241130.488428541, 340.900000000]: PHASE2C_KEYSCAN_ACCEPTED unique_id=269 state_id=269 sim_time=340.900000
[INFO] [1788241131.092817955, 341.500000000]: PHASE2C_KEYSCAN_ACCEPTED unique_id=270 state_id=270 sim_time=341.500000
[INFO] [1788241132.030925446, 342.400000000]: PHASE2C_KEYSCAN_ACCEPTED unique_id=271 state_id=271 sim_time=342.400000
[INFO] [1788241133.502008155, 343.900000000]: PHASE2C_KEYSCAN_ACCEPTED unique_id=272 state_id=272 sim_time=343.900000
[INFO] [1788241134.820094685, 345.200000000]: PHASE2C_KEYSCAN_ACCEPTED unique_id=273 state_id=273 sim_time=345.200000
[INFO] [1788241136.079511602, 346.500000000]: PHASE2C_KEYSCAN_ACCEPTED unique_id=274 state_id=274 sim_time=346.500000
[INFO] [1788241137.406701279, 347.800000000]: PHASE2C_KEYSCAN_ACCEPTED unique_id=275 state_id=275 sim_time=347.800000
[INFO] [1788241138.084573439, 348.500000000]: PHASE2C_KEYSCAN_ACCEPTED unique_id=276 state_id=276 sim_time=348.500000
[INFO] [1788241138.690400999, 349.100000000]: PHASE2C_KEYSCAN_ACCEPTED unique_id=277 state_id=277 sim_time=349.100000
[INFO] [1788241139.292843566, 349.700000000]: PHASE2C_KEYSCAN_ACCEPTED unique_id=278 state_id=278 sim_time=349.700000
[INFO] [1788241140.028657511, 350.400000000]: PHASE2C_KEYSCAN_ACCEPTED unique_id=279 state_id=279 sim_time=350.400000
[INFO] [1788241141.022508005, 351.400000000]: PHASE2C_KEYSCAN_ACCEPTED unique_id=280 state_id=280 sim[INFO] [1788241094.189829, 304.600000]:                     covered_vertices: ()
[INFO] [1788241094.190586, 304.600000]: Handle local replanning...
[INFO] [1788241094.191173, 304.600000]: curr path length: 51, is_loop length: 51
[INFO] [1788241094.191755, 304.600000]: Send new plan: 20 37 17 16 14 15 13 12 17 11 18 10 9  ---> 36 8 0 35 1 6 19 38 20 20(L) 38 26 21 24 21 22 21 23 21 25 27 31 32 29 32 30 32 28 33 38(L) 33 7 5 4 3 34 2 35(L) 
[INFO] [1788241099.428864, 309.800000]: Really visited vertices: 20 37 17 16 15 14 13 12 17 11 18 36 9 
[INFO] [1788241100.186016, 310.600000]: Replanning request. curr_vertex_idx: 12
[INFO] [1788241100.187045, 310.600000]:                     covered_vertices: ()
[INFO] [1788241100.187920, 310.600000]: Handle local replanning...
[INFO] [1788241100.188711, 310.600000]: curr path length: 51, is_loop length: 51
[INFO] [1788241100.189649, 310.600000]: Send new plan: 20 37 17 16 14 15 13 12 17 11 18 10 9  ---> 36 8 0 35 1 6 19 38 20 20(L) 38 26 21 24 21 22 21 23 21 25 27 31 32 29 32 30 32 28 33 38(L) 33 7 5 4 3 34 2 35(L) 
[INFO] [1788241105.923218, 316.300000]: Really visited vertices: 20 37 17 16 15 14 13 12 17 11 18 36 9 
[INFO] [1788241106.320415, 316.700000]: Replanning request. curr_vertex_idx: 12
[INFO] [1788241106.321547, 316.700000]:                     covered_vertices: ()
[INFO] [1788241106.322254, 316.700000]: Handle local replanning...
[INFO] [1788241106.323128, 316.700000]: curr path length: 51, is_loop length: 51
[INFO] [1788241106.323842, 316.700000]: Send new plan: 20 37 17 16 14 15 13 12 17 11 18 10 9  ---> 36 8 0 35 1 6 19 38 20 20(L) 38 26 21 24 21 22 21 23 21 25 27 31 32 29 32 30 32 28 33 38(L) 33 7 5 4 3 34 2 35(L) 
[INFO] [1788241108.298281, 318.700000]: Replanning request. curr_vertex_idx: 12
[INFO] [1788241108.299511, 318.700000]:                     covered_vertices: ()
[INFO] [1788241108.300503, 318.700000]: Handle local replanning...
[INFO] [1788241108.301432, 318.700000]: curr path length: 51, is_loop length: 51
[INFO] [1788241108.302094, 318.700000]: Send new plan: 20 37 17 16 14 15 13 12 17 11 18 10 9  ---> 36 8 0 35 1 6 19 38 20 20(L) 38 26 21 24 21 22 21 23 21 25 27 31 32 29 32 30 32 28 33 38(L) 33 7 5 4 3 34 2 35(L) 
[INFO] [1788241113.747846, 324.100000]: Really visited vertices: 20 37 17 16 15 14 13 12 17 11 18 36 9 36 
[INFO] [1788241114.202617, 324.600000]: Replanning request. curr_vertex_idx: 13
[INFO] [1788241114.203656, 324.600000]:                     covered_vertices: ()
[INFO] [1788241114.204587, 324.600000]: Handle local replanning...
[INFO] [1788241114.205413, 324.600000]: curr path length: 51, is_loop length: 51
[INFO] [1788241114.206334, 324.600000]: Send new plan: 20 37 17 16 14 15 13 12 17 11 18 10 9 36  ---> 8 0 35 1 6 19 38 20 20(L) 38 26 21 24 21 22 21 23 21 25 27 31 32 29 32 30 32 28 33 38(L) 33 7 5 4 3 34 2 35(L) 
[INFO] [1788241119.290566, 329.700000]: Really visited vertices: 20 37 17 16 15 14 13 12 17 11 18 36 9 36 
[INFO] [1788241120.344185, 330.700000]: Replanning request. curr_vertex_idx: 13
[INFO] [1788241120.345031, 330.700000]:                     covered_vertices: ()
[INFO] [1788241120.345803, 330.700000]: Handle local replanning...
[INFO] [1788241120.346558, 330.700000]: curr path length: 51, is_loop length: 51
[INFO] [1788241120.347208, 330.700000]: Send new plan: 20 37 17 16 14 15 13 12 17 11 18 10 9 36  ---> 8 0 35 1 6 19 38 20 20(L) 38 26 21 24 21 22 21 23 21 25 27 31 32 29 32 30 32 28 33 38(L) 33 7 5 4 3 34 2 35(L) 
[INFO] [1788241122.399449, 332.800000]: Replanning request. curr_vertex_idx: 13
[INFO] [1788241122.400339, 332.800000]:                     covered_vertices: ()
[INFO] [1788241122.400945, 332.800000]: Handle local replanning...
[INFO] [1788241122.401482, 332.800000]: curr path length: 51, is_loop length: 51
[INFO] [1788241122.402003, 332.800000]: Send new plan: 20 37 17 16 14 15 13 12 17 11 18 10 9 36  ---> 8 0 35 1 6 19 38 20 20(L) 38 26 21 24 21 22 21 23 21 25 27 31 32 29 32 30 32 28 33 38(L) 33 7 5 4 3 34 2 35(L) 
[INFO] [1788241127.428427, 337.800000]: Really visited vertices: 20 37 17 16 15 14 13 12 17 11 18 36 9 36 
[INFO] [1788241128.209138, 338.600000]: Replanning request. curr_vertex_idx: 13
[INFO] [1788241128.210179, 338.600000]:                     covered_vertices: ()
[INFO] [1788241128.210930, 338.600000]: Handle local replanning...
[INFO] [1788241128.211593, 338.600000]: curr path length: 51, is_loop length: 51
[INFO] [1788241128.212378, 338.600000]: Send new plan: 20 37 17 16 14 15 13 12 17 11 18 10 9 36  ---> 8 0 35 1 6 19 38 20 20(L) 38 26 21 24 21 22 21 23 21 25 27 31 32 29 32 30 32 28 33 38(L) 33 7 5 4 3 34 2 35(L) 
[INFO] [1788241133.616793, 344.000000]: Really visited vertices: 20 37 17 16 15 14 13 12 17 11 18 36 9 36 
[INFO] [1788241134.346141, 344.700000]: Replanning request. curr_vertex_idx: 13
[INFO] [1788241134.346991, 344.700000]:                     covered_vertices: ()
[INFO] [1788241134.347770, 344.700000]: Handle local replanning...
[INFO] [1788241134.348557, 344.700000]: curr path length: 51, is_loop length: 51
[INFO] [1788241134.349250, 344.700000]: Send new plan: 20 37 17 16 14 15 13 12 17 11 18 10 9 36  ---> 8 0 35 1 6 19 38 20 20(L) 38 26 21 24 21 22 21 23 21 25 27 31 32 29 32 30 32 28 33 38(L) 33 7 5 4 3 34 2 35(L) 
[INFO] [1788241137.263387, 347.700000]: Replanning request. curr_vertex_idx: 13
[INFO] [1788241137.264205, 347.700000]:                     covered_vertices: ()
[INFO] [1788241137.264962, 347.700000]: Handle local replanning...
[INFO] [1788241137.265693, 347.700000]: curr path length: 51, is_loop length: 51
[INFO] [1788241137.266266, 347.700000]: Send new plan: 20 37 17 16 14 15 13 12 17 11 18 10 9 36  ---> 8 0 35 1 6 19 38 20 20(L) 38 26 21 24 21 22 21 23 21 25 27 31 32 29 32 30 32 28 33 38(L) 33 7 5 4 3 34 2 35(L) 
[INFO] [1788241139.324252, 349.700000]: Replanning request. curr_vertex_idx: 13
[INFO] [1788241139.325143, 349.700000]:                     covered_vertices: ()
[INFO] [1788241139.325598, 349.700000]: Handle local replanning...
[INFO] [1788241139.325990, 349.700000]: curr path length: 51, is_loop length: 51
[INFO] [1788241139.326346, 349.700000]: Send new plan: 20 37 17 16 14 15 13 12 17 11 18 10 9 36  ---> 8 0 35 1 6 19 38 20 20(L) 38 26 21 24 21 22 21 23 21 25 27 31 32 29 32 30 32 28 33 38(L) 33 7 5 4 3 34 2 35(L) 
[INFO] [1788241145.404559, 355.800000]: Replanning request. curr_vertex_idx: 13
[INFO] [1788241145.405417, 355.800000]:                     covered_vertices: ()
[INFO] [1788241145.406036, 355.800000]: Handle local replanning...
[INFO] [1788241145.406532, 355.800000]: curr path length: 51, is_loop length: 51
[INFO] [1788241145.407034, 355.800000]: Send new plan: 20 37 17 16 14 15 13 12 17 11 18 10 9 36  ---> 8 0 35 1 6 19 38 20 20(L) 38 26 21 24 21 22 21 23 21 25 27 31 32 29 32 30 32 28 33 38(L) 33 7 5 4 3 34 2 35(L) 
[INFO] [1788241150.561440, 361.000000]: Really visited vertices: 20 37 17 16 15 14 13 12 17 11 18 36 9 36 
[INFO] [1788241151.216540, 361.600000]: Replanning request. curr_vertex_idx: 13
[INFO] [1788241151.217410, 361.600000]:                     covered_vertices: ()
[INFO] [1788241151.218001, 361.600000]: Handle local replanning...
[INFO] [1788241151.218497, 361.600000]: curr path length: 51, is_loop length: 51
[INFO] [1788241151.219143, 361.600000]: Send new plan: 20 37 17 16 14 15 13 12 17 11 18 10 9 36  ---> 8 0 35 1 6 19 38 20 20(L) 38 26 21 24 21 22 21 23 21 25 27 31 32 29 32 30 32 28 33 38(L) 33 7 5 4 3 34 2 35(L) 
[INFO] [1788241153.413997, 363.800000]: Replanning request. curr_vertex_idx: 13
[INFO] [1788241153.414719, 363.800000]:                     covered_vertices: ()
[INFO] [1788241153.415195, 363.800000]: Handle local replanning...
[INFO] [1788241153.415576, 363.800000]: curr path length: 51, is_loop length: 51
[INFO] [1788241153.415928, 363.800000]: Send new plan: 20 37 17 16 14 15 13 12 17 11 18 10 9 36  ---> 8 0 35 1 6 19 38 20 20(L) 38 26 21 24 21 22 21 23 21 25 27 31 32 29 32 30 32 28 33 38(L) 33 7 5 4 3 34 2 35(L) 
[INFO] [1788241155.402019, 365.800000]: Replanning request. curr_vertex_idx: 13
[INFO] [1788241155.402850, 365.800000]:                     covered_vertices: ()
[WARN] [1788241155.405359921, 365.800000000]: No frontier at vertex 36. #Frontier: 0
_time=351.400000
[INFO] [1788241142.527796426, 352.900000000]: PHASE2C_KEYSCAN_ACCEPTED unique_id=281 state_id=281 sim_time=352.900000
[INFO] [1788241143.926536781, 354.300000000]: PHASE2C_KEYSCAN_ACCEPTED unique_id=282 state_id=282 sim_time=354.300000
[INFO] [1788241145.210469469, 355.600000000]: PHASE2C_KEYSCAN_ACCEPTED unique_id=283 state_id=283 sim_time=355.600000
[INFO] [1788241146.513578297, 356.900000000]: PHASE2C_KEYSCAN_ACCEPTED unique_id=284 state_id=284 sim_time=356.900000
[INFO] [1788241147.925104977, 358.300000000]: PHASE2C_KEYSCAN_ACCEPTED unique_id=285 state_id=285 sim_time=358.300000
[INFO] [1788241149.094927112, 359.500000000]: PHASE2C_KEYSCAN_ACCEPTED unique_id=286 state_id=286 sim_time=359.500000
[INFO] [1788241150.498770905, 360.900000000]: PHASE2C_KEYSCAN_ACCEPTED unique_id=287 state_id=287 sim_time=360.900000
[INFO] [1788241151.796243147, 362.200000000]: PHASE2C_KEYSCAN_ACCEPTED unique_id=288 state_id=288 sim_time=362.200000
[INFO] [1788241153.310916138, 363.700000000]: PHASE2C_KEYSCAN_ACCEPTED unique_id=289 state_id=289 sim_time=363.700000
[INFO] [1788241154.702692951, 365.100000000]: PHASE2C_KEYSCAN_ACCEPTED unique_id=290 state_id=290 sim_time=365.100000
[INFO] [1788241155.408065434, 365.800000000]: PHASE2C_KEYSCAN_ACCEPTED unique_id=291 state_id=291 sim_time=365.800000
[INFO] [1788241156.009367774, 366.400000000]: PHASE2C_KEYSCAN_ACCEPTED unique_id=292 state_id=292 sim_time=366.400000
[INFO] [1788241156.605528906, 367.000000000]: PHASE2C_KEYSCAN_ACCEPTED unique_id=293 state_id=293 sim_time=367.000000
[INFO] [1788241157.198355567, 367.600000000]: PHASE2C_KEYSCAN_ACCEPTED unique_id=294 state_id=294 sim_time=367.600000
[INFO] [1788241158.242318141, 368.600000000]: PHASE2C_KEYSCAN_ACCEPTED unique_id=295 state_id=295 sim_time=368.600000
[INFO] [1788241159.603861128, 370.000000000]: PHASE2C_KEYSCAN_ACCEPTED unique_id=296 state_id=296 sim_time=370.000000
[INFO] [1788241161.154837623, 371.500000000]: PHASE2C_KEYSCAN_ACCEPTED unique_id=297 state_id=297 sim_time=371.400000
[INFO] [1788241162.492397322, 372.900000000]: PHASE2C_KEYSCAN_ACCEPTED unique_id=298 state_id=298 sim_time=372.900000
[INFO] [1788241163.820204917, 374.200000000]: PHASE2C_KEYSCAN_ACCEPTED unique_id=299 state_id=299 sim_time=374.200000
[INFO] [1788241165.089217920, 375.500000000]: PHASE2C_KEYSCAN_ACCEPTED unique_id=300 state_id=300 sim_time=375.500000
[INFO] [1788241166.430629984, 376.800000000]: PHASE2C_KEYSCAN_ACCEPTED unique_id=301 state_id=301 sim_time=376.800000
[INFO] [1788241167.692713994, 378.100000000]: PHASE2C_KEYSCAN_ACCEPTED unique_id=302 state_id=302 sim_time=378.100000
[INFO] [1788241169.129204890, 379.500000000]: PHASE2C_KEYSCAN_ACCEPTED unique_id=303 state_id=303 sim_time=379.500000
[INFO] [1788241170.387870748, 380.800000000]: PHASE2C_KEYSCAN_ACCEPTED unique_id=304 state_id=304 sim_time=380.800000
[INFO] [1788241171.725742083, 382.100000000]: PHASE2C_KEYSCAN_ACCEPTED unique_id=305 state_id=305 sim_time=382.100000
[INFO] [1788241173.061552834, 383.500000000]: PHASE2C_KEYSCAN_ACCEPTED unique_id=306 state_id=306 sim_time=383.400000
[INFO] [1788241174.400145714, 384.800000000]: PHASE2C_KEYSCAN_ACCEPTED unique_id=307 state_id=307 sim_time=384.800000
[INFO] [1788241175.688986660, 386.100000000]: PHASE2C_KEYSCAN_ACCEPTED unique_id=308 state_id=308 sim_time=386.100000
[INFO] [1788241177.004503963, 387.400000000]: PHASE2C_KEYSCAN_ACCEPTED unique_id=309 state_id=309 sim_time=387.400000
[INFO] [1788241178.297444241, 388.700000000]: PHASE2C_KEYSCAN_ACCEPTED unique_id=310 state_id=310 sim_time=388.700000
[INFO] [1788241179.601440738, 390.000000000]: PHASE2C_KEYSCAN_ACCEPTED unique_id=311 state_id=311 sim_time=390.000000
[INFO] [1788241180.983466999, 391.400000000]: PHASE2C_KEYSCAN_ACCEPTED unique_id=312 state_id=312 sim_time=391.400000
[INFO] [1788241182.382638976, 392.800000000]: PHASE2C_KEYSCAN_ACCEPTED unique_id=313 state_id=313 sim_time=392.800000
[INFO] [1788241183.773044816, 394.200000000]: PHASE2C_KEYSCAN_ACCEPTED unique_id=314 state_id=314 sim_time=394.200000
[INFO] [1788241184.481341647, 394.900000000]: PHASE2C_KEYSCAN_ACCEP[WARN] [1788241187.295892862, 397.700000000]: No frontier at vertex 8. #Frontier: 0
[WARN] [1788241214.372875131, 424.800000000]: No frontier at vertex 0. #Frontier: 0
TED unique_id=315 state_id=315 sim_time=394.900000
[INFO] [1788241185.381324690, 395.800000000]: PHASE2C_KEYSCAN_ACCEPTED unique_id=316 state_id=316 sim_time=395.800000
[INFO] [1788241186.678376026, 397.100000000]: PHASE2C_KEYSCAN_ACCEPTED unique_id=317 state_id=317 sim_time=397.100000
[INFO] [1788241188.172469759, 398.600000000]: PHASE2C_KEYSCAN_ACCEPTED unique_id=318 state_id=318 sim_time=398.600000
[INFO] [1788241188.801635411, 399.200000000]: PHASE2C_KEYSCAN_ACCEPTED unique_id=319 state_id=319 sim_time=399.200000
[INFO] [1788241189.396101071, 399.800000000]: PHASE2C_KEYSCAN_ACCEPTED unique_id=320 state_id=320 sim_time=399.800000
[INFO] [1788241189.984097840, 400.400000000]: PHASE2C_KEYSCAN_ACCEPTED unique_id=321 state_id=321 sim_time=400.400000
[INFO] [1788241190.993984353, 401.400000000]: PHASE2C_KEYSCAN_ACCEPTED unique_id=322 state_id=322 sim_time=401.400000
[INFO] [1788241192.296069980, 402.700000000]: PHASE2C_KEYSCAN_ACCEPTED unique_id=323 state_id=323 sim_time=402.700000
[INFO] [1788241193.690834566, 404.100000000]: PHASE2C_KEYSCAN_ACCEPTED unique_id=324 state_id=324 sim_time=404.100000
[INFO] [1788241195.004075355, 405.400000000]: PHASE2C_KEYSCAN_ACCEPTED unique_id=325 state_id=325 sim_time=405.400000
[INFO] [1788241196.213405404, 406.600000000]: PHASE2C_KEYSCAN_ACCEPTED unique_id=326 state_id=326 sim_time=406.600000
[INFO] [1788241197.594631924, 408.000000000]: PHASE2C_KEYSCAN_ACCEPTED unique_id=327 state_id=327 sim_time=408.000000
[INFO] [1788241198.910768535, 409.300000000]: PHASE2C_KEYSCAN_ACCEPTED unique_id=328 state_id=328 sim_time=409.300000
[INFO] [1788241200.196666860, 410.600000000]: PHASE2C_KEYSCAN_ACCEPTED unique_id=329 state_id=329 sim_time=410.600000
[INFO] [1788241201.605701713, 412.000000000]: PHASE2C_KEYSCAN_ACCEPTED unique_id=330 state_id=330 sim_time=412.000000
[INFO] [1788241203.599997623, 414.000000000]: PHASE2C_KEYSCAN_ACCEPTED unique_id=331 state_id=331 sim_time=414.000000
[INFO] [1788241205.273549786, 415.700000000]: PHASE2C_KEYSCAN_ACCEPTED unique_id=332 state_id=332 sim_time=415.700000
[INFO] [1788241206.790547385, 417.200000000]: PHASE2C_KEYSCAN_ACCEPTED unique_id=333 state_id=333 sim_time=417.200000
[INFO] [1788241208.070484981, 418.500000000]: PHASE2C_KEYSCAN_ACCEPTED unique_id=334 state_id=334 sim_time=418.500000
[INFO] [1788241209.579075129, 420.000000000]: PHASE2C_KEYSCAN_ACCEPTED unique_id=335 state_id=335 sim_time=420.000000
[INFO] [1788241210.877843590, 421.300000000]: PHASE2C_KEYSCAN_ACCEPTED unique_id=336 state_id=336 sim_time=421.300000
[INFO] [1788241211.680765151, 422.100000000]: PHASE2C_KEYSCAN_ACCEPTED unique_id=337 state_id=337 sim_time=422.100000
[INFO] [1788241212.388606393, 422.800000000]: PHASE2C_KEYSCAN_ACCEPTED unique_id=338 state_id=338 sim_time=422.800000
[INFO] [1788241214.389408057, 424.800000000]: PHASE2C_KEYSCAN_ACCEPTED unique_id=339 state_id=339 sim_time=424.800000
[INFO] [1788241215.095401958, 425.500000000]: PHASE2C_KEYSCAN_ACCEPTED unique_id=340 state_id=340 sim_time=425.500000
[INFO] [1788241215.790381656, 426.200000000]: PHASE2C_KEYSCAN_ACCEPTED unique_id=341 state_id=341 sim_time=426.200000
[INFO] [1788241216.394841520, 426.800000000]: PHASE2C_KEYSCAN_ACCEPTED unique_id=342 state_id=342 sim_time=426.800000
[INFO] [1788241216.978457882, 427.400000000]: PHASE2C_KEYSCAN_ACCEPTED unique_id=343 state_id=343 sim_time=427.400000
[INFO] [1788241217.582884610, 428.000000000]: PHASE2C_KEYSCAN_ACCEPTED unique_id=344 state_id=344 sim_time=428.000000
[INFO] [1788241218.191993711, 428.600000000]: PHASE2C_KEYSCAN_ACCEPTED unique_id=345 state_id=345 sim_time=428.600000
[INFO] [1788241219.821484849, 430.200000000]: PHASE2C_KEYSCAN_ACCEPTED unique_id=346 state_id=346 sim_time=430.200000
[INFO] [1788241221.085567854, 431.500000000]: PHASE2C_KEYSCAN_ACCEPTED unique_id=347 state_id=347 sim_time=431.500000
[INFO] [1788241223.285915609, 433.700000000]: PHASE2C_KEYSCAN_ACCEPTED unique_id=348 state_id=348 sim_time=433.700000
[INFO] [1788241226.148981793, 436.500000000]: PHASE2C_KEYSCAN_ACCEPTED unique_id=349 state_id=349 sim_time=436.400000
[INFO] [1788241227.490103920, 437[INFO] [1788241155.403387, 365.800000]: Handle local replanning...
[INFO] [1788241155.404161, 365.800000]: curr path length: 51, is_loop length: 51
[INFO] [1788241155.404595, 365.800000]: Send new plan: 20 37 17 16 14 15 13 12 17 11 18 10 9 36  ---> 8 0 35 1 6 19 38 20 20(L) 38 26 21 24 21 22 21 23 21 25 27 31 32 29 32 30 32 28 33 38(L) 33 7 5 4 3 34 2 35(L) 
[INFO] [1788241161.329127, 371.700000]: Replanning request. curr_vertex_idx: 14
[INFO] [1788241161.329871, 371.700000]:                     covered_vertices: ()
[INFO] [1788241161.330382, 371.700000]: Handle local replanning...
[INFO] [1788241161.330871, 371.700000]: curr path length: 51, is_loop length: 51
[INFO] [1788241161.331277, 371.700000]: Send new plan: 20 37 17 16 14 15 13 12 17 11 18 10 9 36 8  ---> 0 35 1 6 19 38 20 20(L) 38 26 21 24 21 22 21 23 21 25 27 31 32 29 32 30 32 28 33 38(L) 33 7 5 4 3 34 2 35(L) 
[INFO] [1788241166.552414, 376.900000]: Really visited vertices: 20 37 17 16 15 14 13 12 17 11 18 36 9 36 
[INFO] [1788241167.341137, 377.700000]: Replanning request. curr_vertex_idx: 14
[INFO] [1788241167.342245, 377.700000]:                     covered_vertices: ()
[INFO] [1788241167.342698, 377.700000]: Handle local replanning...
[INFO] [1788241167.343314, 377.700000]: curr path length: 51, is_loop length: 51
[INFO] [1788241167.343843, 377.700000]: Send new plan: 20 37 17 16 14 15 13 12 17 11 18 10 9 36 8  ---> 0 35 1 6 19 38 20 20(L) 38 26 21 24 21 22 21 23 21 25 27 31 32 29 32 30 32 28 33 38(L) 33 7 5 4 3 34 2 35(L) 
[INFO] [1788241173.281423, 383.700000]: Replanning request. curr_vertex_idx: 14
[INFO] [1788241173.282119, 383.700000]:                     covered_vertices: ()
[INFO] [1788241173.282590, 383.700000]: Handle local replanning...
[INFO] [1788241173.283029, 383.700000]: curr path length: 51, is_loop length: 51
[INFO] [1788241173.283596, 383.700000]: Send new plan: 20 37 17 16 14 15 13 12 17 11 18 10 9 36 8  ---> 0 35 1 6 19 38 20 20(L) 38 26 21 24 21 22 21 23 21 25 27 31 32 29 32 30 32 28 33 38(L) 33 7 5 4 3 34 2 35(L) 
[INFO] [1788241178.422417, 388.800000]: Really visited vertices: 20 37 17 16 15 14 13 12 17 11 18 36 9 36 8 
[INFO] [1788241179.358619, 389.700000]: Replanning request. curr_vertex_idx: 14
[INFO] [1788241179.359685, 389.700000]:                     covered_vertices: ()
[INFO] [1788241179.360311, 389.800000]: Handle local replanning...
[INFO] [1788241179.361131, 389.800000]: curr path length: 51, is_loop length: 51
[INFO] [1788241179.361688, 389.800000]: Send new plan: 20 37 17 16 14 15 13 12 17 11 18 10 9 36 8  ---> 0 35 1 6 19 38 20 20(L) 38 26 21 24 21 22 21 23 21 25 27 31 32 29 32 30 32 28 33 38(L) 33 7 5 4 3 34 2 35(L) 
[INFO] [1788241183.358661, 393.700000]: Replanning request. curr_vertex_idx: 14
[INFO] [1788241183.360015, 393.800000]:                     covered_vertices: ()
[INFO] [1788241183.361023, 393.800000]: Handle local replanning...
[INFO] [1788241183.361827, 393.800000]: curr path length: 51, is_loop length: 51
[INFO] [1788241183.362674, 393.800000]: Send new plan: 20 37 17 16 14 15 13 12 17 11 18 10 9 36 8  ---> 0 35 1 6 19 38 20 20(L) 38 26 21 24 21 22 21 23 21 25 27 31 32 29 32 30 32 28 33 38(L) 33 7 5 4 3 34 2 35(L) 
[INFO] [1788241187.292462, 397.700000]: Replanning request. curr_vertex_idx: 14
[INFO] [1788241187.293308, 397.700000]:                     covered_vertices: ()
[INFO] [1788241187.293934, 397.700000]: Handle local replanning...
[INFO] [1788241187.294473, 397.700000]: curr path length: 51, is_loop length: 51
[INFO] [1788241187.295022, 397.700000]: Send new plan: 20 37 17 16 14 15 13 12 17 11 18 10 9 36 8  ---> 0 35 1 6 19 38 20 20(L) 38 26 21 24 21 22 21 23 21 25 27 31 32 29 32 30 32 28 33 38(L) 33 7 5 4 3 34 2 35(L) 
[INFO] [1788241192.429455, 402.800000]: Really visited vertices: 20 37 17 16 15 14 13 12 17 11 18 36 9 36 8 
[INFO] [1788241193.369039, 403.800000]: Replanning request. curr_vertex_idx: 15
[INFO] [1788241193.369913, 403.800000]:                     covered_vertices: ()
[INFO] [1788241193.370675, 403.800000]: Handle local replanning...
[INFO] [1788241193.371379, 403.800000]: curr path length: 51, is_loop length: 51
[INFO] [1788241193.372082, 403.800000]: Send new plan: 20 37 17 16 14 15 13 12 17 11 18 10 9 36 8 0  ---> 35 1 6 19 38 20 20(L) 38 26 21 24 21 22 21 23 21 25 27 31 32 29 32 30 32 28 33 38(L) 33 7 5 4 3 34 2 35(L) 
[INFO] [1788241198.979097, 409.400000]: Really visited vertices: 20 37 17 16 15 14 13 12 17 11 18 36 9 36 8 
[INFO] [1788241199.236866, 409.600000]: Replanning request. curr_vertex_idx: 15
[INFO] [1788241199.237782, 409.600000]:                     covered_vertices: ()
[INFO] [1788241199.238486, 409.600000]: Handle local replanning...
[INFO] [1788241199.239221, 409.600000]: curr path length: 51, is_loop length: 51
[INFO] [1788241199.239998, 409.600000]: Send new plan: 20 37 17 16 14 15 13 12 17 11 18 10 9 36 8 0  ---> 35 1 6 19 38 20 20(L) 38 26 21 24 21 22 21 23 21 25 27 31 32 29 32 30 32 28 33 38(L) 33 7 5 4 3 34 2 35(L) 
[INFO] [1788241205.483960, 415.900000]: Replanning request. curr_vertex_idx: 15
[INFO] [1788241205.484867, 415.900000]:                     covered_vertices: ()
[INFO] [1788241205.485502, 415.900000]: Handle local replanning...
[INFO] [1788241205.486123, 415.900000]: curr path length: 51, is_loop length: 51
[INFO] [1788241205.486642, 415.900000]: Send new plan: 20 37 17 16 14 15 13 12 17 11 18 10 9 36 8 0  ---> 35 1 6 19 38 20 20(L) 38 26 21 24 21 22 21 23 21 25 27 31 32 29 32 30 32 28 33 38(L) 33 7 5 4 3 34 2 35(L) 
[INFO] [1788241210.306103, 420.700000]: Replanning request. curr_vertex_idx: 15
[INFO] [1788241210.306957, 420.700000]:                     covered_vertices: ()
[INFO] [1788241210.307616, 420.700000]: Handle local replanning...
[INFO] [1788241210.308131, 420.700000]: curr path length: 51, is_loop length: 51
[INFO] [1788241210.308566, 420.700000]: Send new plan: 20 37 17 16 14 15 13 12 17 11 18 10 9 36 8 0  ---> 35 1 6 19 38 20 20(L) 38 26 21 24 21 22 21 23 21 25 27 31 32 29 32 30 32 28 33 38(L) 33 7 5 4 3 34 2 35(L) 
[INFO] [1788241214.368673, 424.800000]: Replanning request. curr_vertex_idx: 15
[INFO] [1788241214.369753, 424.800000]:                     covered_vertices: ()
[INFO] [1788241214.370557, 424.800000]: Handle local replanning...
[INFO] [1788241214.371238, 424.800000]: curr path length: 51, is_loop length: 51
[INFO] [1788241214.371944, 424.800000]: Send new plan: 20 37 17 16 14 15 13 12 17 11 18 10 9 36 8 0  ---> 35 1 6 19 38 20 20(L) 38 26 21 24 21 22 21 23 21 25 27 31 32 29 32 30 32 28 33 38(L) 33 7 5 4 3 34 2 35(L) 
[INFO] [1788241219.893807, 430.300000]: Really visited vertices: 20 37 17 16 15 14 13 12 17 11 18 36 9 36 8 0 
[INFO] [1788241220.162238, 430.600000]: Replanning request. curr_vertex_idx: 16
[INFO] [1788241220.163042, 430.600000]:                     covered_vertices: ()
[INFO] [1788241220.163880, 430.600000]: Handle local replanning...
[INFO] [1788241220.164694, 430.600000]: curr path length: 51, is_loop length: 51
[INFO] [1788241220.165354, 430.600000]: Send new plan: 20 37 17 16 14 15 13 12 17 11 18 10 9 36 8 0 35  ---> 1 6 19 38 20 20(L) 38 26 21 24 21 22 21 23 21 25 27 31 32 29 32 30 32 28 33 38(L) 33 7 5 4 3 34 2 35(L) 
[INFO] [1788241226.384497, 436.800000]: Replanning request. curr_vertex_idx: 16
[INFO] [1788241226.385657, 436.800000]:                     covered_vertices: ()
[INFO] [1788241226.386411, 436.800000]: Handle local replanning...
[INFO] [1788241226.387267, 436.800000]: curr path length: 51, is_loop length: 51
[INFO] [1788241226.387999, 436.800000]: Send new plan: 20 37 17 16 14 15 13 12 17 11 18 10 9 36 8 0 35  ---> 1 6 19 38 20 20(L) 38 26 21 24 21 22 21 23 21 25 27 31 32 29 32 30 32 28 33 38(L) 33 7 5 4 3 34 2 35(L) 
[INFO] [1788241231.556371, 441.900000]: Really visited vertices: 20 37 17 16 15 14 13 12 17 11 18 36 9 36 8 0 35 
[INFO] [1788241232.387303, 442.800000]: Replanning request. curr_vertex_idx: 16
[INFO] [1788241232.388129, 442.800000]:                     covered_vertices: ()
[INFO] [1788241232.388741, 442.800000]: Handle local replanning...
[INFO] [1788241232.389270, 442.800000]: curr path length: 51, is_loop length: 51
[WARN] [1788241238.249945262, 448.600000000]: No frontier at vertex 35. #Frontier: 0
 replanning...
[INFO] [1788241108.303210042, 318.700000000]: Set newGoal 36
[INFO] [1788241114.201447972, 324.600000000]: Call local replanning...
[INFO] [1788241114.207287495, 324.600000000]: Reach vertex 36
[INFO] [1788241114.213455099, 324.600000000]: Explore Goal 36 's frontiers...
[INFO] [1788241120.342929846, 330.700000000]: Call local replanning...
[INFO] [1788241120.351935971, 330.700000000]: Explore Goal 36 's frontiers...
[INFO] [1788241122.398196842, 332.800000000]: Call local replanning...
[INFO] [1788241122.414916024, 332.800000000]: Explore Goal 36 's frontiers...
[INFO] [1788241128.208048867, 338.600000000]: Call local replanning...
[INFO] [1788241128.218150931, 338.600000000]: Explore Goal 36 's frontiers...
[INFO] [1788241134.344700661, 344.700000000]: Call local replanning...
[INFO] [1788241134.355064795, 344.700000000]: Explore Goal 36 's frontiers...
[INFO] [1788241137.262549418, 347.700000000]: Call local replanning...
[INFO] [1788241137.268334759, 347.700000000]: Explore Goal 36 's frontiers...
[INFO] [1788241139.323115365, 349.700000000]: Call local replanning...
[INFO] [1788241139.336114483, 349.700000000]: Explore Goal 36 's frontiers...
[INFO] [1788241145.403296881, 355.800000000]: Call local replanning...
[INFO] [1788241145.416916087, 355.800000000]: Explore Goal 36 's frontiers...
[INFO] [1788241151.215318480, 361.600000000]: Call local replanning...
[INFO] [1788241151.221564826, 361.600000000]: Explore Goal 36 's frontiers...
[INFO] [1788241153.412912577, 363.800000000]: Call local replanning...
[INFO] [1788241153.418497564, 363.800000000]: Explore Goal 36 's frontiers...
[INFO] [1788241155.400926161, 365.800000000]: Call local replanning...
[INFO] [1788241155.405412832, 365.800000000]: Set newGoal 8
[INFO] [1788241155.405433014, 365.800000000]: Find middle goal point.
[INFO] [1788241161.328161115, 371.700000000]: Call local replanning...
[INFO] [1788241161.331801279, 371.700000000]: Find middle goal point.
[INFO] [1788241167.339832811, 377.700000000]: Call local replanning...
[INFO] [1788241167.344743478, 377.700000000]: Find middle goal point.
[INFO] [1788241173.280556315, 383.700000000]: Call local replanning...
[INFO] [1788241173.284422629, 383.700000000]: Find middle goal point.
[INFO] [1788241179.357230686, 389.700000000]: Call local replanning...
[INFO] [1788241179.362440995, 389.800000000]: Reach vertex 8
[INFO] [1788241179.367085935, 389.800000000]: Explore Goal 8 's frontiers...
[INFO] [1788241183.357382175, 393.700000000]: Call local replanning...
[INFO] [1788241183.366031272, 393.800000000]: Explore Goal 8 's frontiers...
[INFO] [1788241187.291377599, 397.700000000]: Call local replanning...
[INFO] [1788241187.295922747, 397.700000000]: Set newGoal 0
[INFO] [1788241187.295932082, 397.700000000]: Find middle goal point.
[INFO] [1788241193.367702856, 403.800000000]: Call local replanning...
[INFO] [1788241193.373200800, 403.800000000]: Find middle goal point.
[INFO] [1788241199.235662281, 409.600000000]: Call local replanning...
[INFO] [1788241199.241005809, 409.600000000]: Find middle goal point.
[INFO] [1788241205.482693446, 415.900000000]: Call local replanning...
[INFO] [1788241205.487580096, 415.900000000]: Reach vertex 0
[INFO] [1788241205.493391983, 415.900000000]: Explore Goal 0 's frontiers...
[INFO] [1788241210.304827513, 420.700000000]: Call local replanning...
[INFO] [1788241210.311680029, 420.700000000]: Explore Goal 0 's frontiers...
[INFO] [1788241214.367430050, 424.800000000]: Call local replanning...
[INFO] [1788241214.372908982, 424.800000000]: Set newGoal 35
[INFO] [1788241220.161233153, 430.600000000]: Call local replanning...
[INFO] [1788241226.383237029, 436.800000000]: Call local replanning...
[INFO] [1788241232.385997886, 442.800000000]: Call local replanning...
[INFO] [1788241232.390678290, 442.800000000]: Reach vertex 35
[INFO] [1788241232.418936141, 442.800000000]: Explore Goal 35 's frontiers...
[INFO] [1788241238.245646437, 448.600000000]: Call local replanning...
[INFO] [1788241238.249976201, 448.600000000]: Set newGoal 1
[INFO] [1788241244.243989915, 4[WARN] [1788241254.395778085, 464.800000000]: No frontier at vertex 1. #Frontier: 0
.900000000]: PHASE2C_KEYSCAN_ACCEPTED unique_id=350 state_id=350 sim_time=437.900000
[INFO] [1788241228.705785129, 439.100000000]: PHASE2C_KEYSCAN_ACCEPTED unique_id=351 state_id=351 sim_time=439.100000
[INFO] [1788241230.080353942, 440.500000000]: PHASE2C_KEYSCAN_ACCEPTED unique_id=352 state_id=352 sim_time=440.500000
[INFO] [1788241231.484033771, 441.900000000]: PHASE2C_KEYSCAN_ACCEPTED unique_id=353 state_id=353 sim_time=441.900000
[INFO] [1788241233.290114770, 443.700000000]: PHASE2C_KEYSCAN_ACCEPTED unique_id=354 state_id=354 sim_time=443.700000
[INFO] [1788241237.283144107, 447.700000000]: PHASE2C_KEYSCAN_ACCEPTED unique_id=355 state_id=355 sim_time=447.700000
[INFO] [1788241239.593854461, 450.000000000]: PHASE2C_KEYSCAN_ACCEPTED unique_id=356 state_id=356 sim_time=450.000000
[INFO] [1788241240.982268483, 451.400000000]: PHASE2C_KEYSCAN_ACCEPTED unique_id=357 state_id=357 sim_time=451.400000
[INFO] [1788241242.403293223, 452.800000000]: PHASE2C_KEYSCAN_ACCEPTED unique_id=358 state_id=358 sim_time=452.800000
[INFO] [1788241243.682568067, 454.100000000]: PHASE2C_KEYSCAN_ACCEPTED unique_id=359 state_id=359 sim_time=454.100000
[INFO] [1788241244.988936042, 455.400000000]: PHASE2C_KEYSCAN_ACCEPTED unique_id=360 state_id=360 sim_time=455.400000
[INFO] [1788241246.476762286, 456.900000000]: PHASE2C_KEYSCAN_ACCEPTED unique_id=361 state_id=361 sim_time=456.900000
[INFO] [1788241247.689048238, 458.100000000]: PHASE2C_KEYSCAN_ACCEPTED unique_id=362 state_id=362 sim_time=458.100000
[INFO] [1788241249.045384886, 459.400000000]: PHASE2C_KEYSCAN_ACCEPTED unique_id=363 state_id=363 sim_time=459.400000
[INFO] [1788241250.285046966, 460.700000000]: PHASE2C_KEYSCAN_ACCEPTED unique_id=364 state_id=364 sim_time=460.700000
[INFO] [1788241250.977345247, 461.400000000]: PHASE2C_KEYSCAN_ACCEPTED unique_id=365 state_id=365 sim_time=461.400000
[INFO] [1788241251.674959490, 462.100000000]: PHASE2C_KEYSCAN_ACCEPTED unique_id=366 state_id=366 sim_time=462.100000
[INFO] [1788241252.887859075, 463.300000000]: PHASE2C_KEYSCAN_ACCEPTED unique_id=367 state_id=367 sim_time=463.300000
[INFO] [1788241254.275006212, 464.700000000]: PHASE2C_KEYSCAN_ACCEPTED unique_id=368 state_id=368 sim_time=464.700000
[INFO] [1788241255.178869461, 465.600000000]: PHASE2C_KEYSCAN_ACCEPTED unique_id=369 state_id=369 sim_time=465.600000
[INFO] [1788241255.776911536, 466.200000000]: PHASE2C_KEYSCAN_ACCEPTED unique_id=370 state_id=370 sim_time=466.200000
[INFO] [1788241256.281602680, 466.700000000]: PHASE2C_KEYSCAN_ACCEPTED unique_id=371 state_id=371 sim_time=466.700000
[INFO] [1788241256.969440918, 467.400000000]: PHASE2C_KEYSCAN_ACCEPTED unique_id=372 state_id=372 sim_time=467.400000
[INFO] [1788241257.588459467, 468.000000000]: PHASE2C_KEYSCAN_ACCEPTED unique_id=373 state_id=373 sim_time=468.000000
[INFO] [1788241258.385364862, 468.800000000]: PHASE2C_KEYSCAN_ACCEPTED unique_id=374 state_id=374 sim_time=468.800000
[INFO] [1788241258.996227430, 469.400000000]: PHASE2C_KEYSCAN_ACCEPTED unique_id=375 state_id=375 sim_time=469.400000
[INFO] [1788241260.597338116, 471.000000000]: PHASE2C_KEYSCAN_ACCEPTED unique_id=376 state_id=376 sim_time=471.000000
[INFO] [1788241262.104641308, 472.500000000]: PHASE2C_KEYSCAN_ACCEPTED unique_id=377 state_id=377 sim_time=472.500000
[INFO] [1788241263.995831796, 474.400000000]: PHASE2C_KEYSCAN_ACCEPTED unique_id=378 state_id=378 sim_time=474.400000
[INFO] [1788241267.896895131, 478.300000000]: PHASE2C_KEYSCAN_ACCEPTED unique_id=379 state_id=379 sim_time=478.300000
[INFO] [1788241269.396480562, 479.800000000]: PHASE2C_KEYSCAN_ACCEPTED unique_id=380 state_id=380 sim_time=479.800000
[INFO] [1788241272.907029512, 483.300000000]: PHASE2C_KEYSCAN_ACCEPTED unique_id=381 state_id=381 sim_time=483.300000
[INFO] [1788241276.497738214, 486.900000000]: PHASE2C_KEYSCAN_ACCEPTED unique_id=382 state_id=382 sim_time=486.900000
[INFO] [1788241280.294917840, 490.700000000]: PHASE2C_KEYSCAN_ACCEPTED unique_id=383 state_id=383 sim_time=490.700000
[INFO] [1788241283.302428202, 493.700000000]: PHASE2C_KEYSCAN_ACCEPTED unique_id=384 state_id=384 sim_time=493.700000[INFO] [1788241232.389767, 442.800000]: Send new plan: 20 37 17 16 14 15 13 12 17 11 18 10 9 36 8 0 35  ---> 1 6 19 38 20 20(L) 38 26 21 24 21 22 21 23 21 25 27 31 32 29 32 30 32 28 33 38(L) 33 7 5 4 3 34 2 35(L) 
[INFO] [1788241237.356400, 447.700000]: Really visited vertices: 20 37 17 16 15 14 13 12 17 11 18 36 9 36 8 0 35 
[INFO] [1788241238.246759, 448.600000]: Replanning request. curr_vertex_idx: 16
[INFO] [1788241238.247634, 448.600000]:                     covered_vertices: ()
[INFO] [1788241238.248240, 448.600000]: Handle local replanning...
[INFO] [1788241238.248787, 448.600000]: curr path length: 51, is_loop length: 51
[INFO] [1788241238.249308, 448.600000]: Send new plan: 20 37 17 16 14 15 13 12 17 11 18 10 9 36 8 0 35  ---> 1 6 19 38 20 20(L) 38 26 21 24 21 22 21 23 21 25 27 31 32 29 32 30 32 28 33 38(L) 33 7 5 4 3 34 2 35(L) 
[INFO] [1788241243.757384, 454.100000]: Really visited vertices: 20 37 17 16 15 14 13 12 17 11 18 36 9 36 8 0 35 
[INFO] [1788241244.245264, 454.600000]: Replanning request. curr_vertex_idx: 17
[INFO] [1788241244.246099, 454.600000]:                     covered_vertices: ()
[INFO] [1788241244.247111, 454.600000]: Handle local replanning...
[INFO] [1788241244.247651, 454.600000]: curr path length: 51, is_loop length: 51
[INFO] [1788241244.248106, 454.600000]: Send new plan: 20 37 17 16 14 15 13 12 17 11 18 10 9 36 8 0 35 1  ---> 6 19 38 20 20(L) 38 26 21 24 21 22 21 23 21 25 27 31 32 29 32 30 32 28 33 38(L) 33 7 5 4 3 34 2 35(L) 
[INFO] [1788241249.322163, 459.700000]: Replanning request. curr_vertex_idx: 17
[INFO] [1788241249.323029, 459.700000]:                     covered_vertices: ()
[INFO] [1788241249.323651, 459.700000]: Handle local replanning...
[INFO] [1788241249.324192, 459.700000]: curr path length: 51, is_loop length: 51
[INFO] [1788241249.325017, 459.700000]: Send new plan: 20 37 17 16 14 15 13 12 17 11 18 10 9 36 8 0 35 1  ---> 6 19 38 20 20(L) 38 26 21 24 21 22 21 23 21 25 27 31 32 29 32 30 32 28 33 38(L) 33 7 5 4 3 34 2 35(L) 
[INFO] [1788241254.391027, 464.800000]: Replanning request. curr_vertex_idx: 17
[INFO] [1788241254.392326, 464.800000]:                     covered_vertices: ()
[INFO] [1788241254.393328, 464.800000]: Handle local replanning...
[INFO] [1788241254.394229, 464.800000]: curr path length: 51, is_loop length: 51
[INFO] [1788241254.394847, 464.800000]: Send new plan: 20 37 17 16 14 15 13 12 17 11 18 10 9 36 8 0 35 1  ---> 6 19 38 20 20(L) 38 26 21 24 21 22 21 23 21 25 27 31 32 29 32 30 32 28 33 38(L) 33 7 5 4 3 34 2 35(L) 
[INFO] [1788241260.468010, 470.900000]: Replanning request. curr_vertex_idx: 19
[INFO] [1788241260.469013, 470.900000]:                     covered_vertices: ()
[INFO] [1788241260.469815, 470.900000]: Handle local replanning...
[INFO] [1788241260.470571, 470.900000]: curr path length: 51, is_loop length: 51
[INFO] [1788241260.471370, 470.900000]: Send new plan: 20 37 17 16 14 15 13 12 17 11 18 10 9 36 8 0 35 1 6 19  ---> 38 20 20(L) 38 26 21 24 21 22 21 23 21 25 27 31 32 29 32 30 32 28 33 38(L) 33 7 5 4 3 34 2 35(L) 
[INFO] [1788241266.324369, 476.700000]: Replanning request. curr_vertex_idx: 19
[INFO] [1788241266.325368, 476.700000]:                     covered_vertices: ()
[INFO] [1788241266.326149, 476.700000]: Handle local replanning...
[INFO] [1788241266.326887, 476.700000]: curr path length: 51, is_loop length: 51
[INFO] [1788241266.327531, 476.700000]: Send new plan: 20 37 17 16 14 15 13 12 17 11 18 10 9 36 8 0 35 1 6 19  ---> 38 20 20(L) 38 26 21 24 21 22 21 23 21 25 27 31 32 29 32 30 32 28 33 38(L) 33 7 5 4 3 34 2 35(L) 
[INFO] [1788241272.475848, 482.900000]: Replanning request. curr_vertex_idx: 19
[INFO] [1788241272.477071, 482.900000]:                     covered_vertices: ()
[INFO] [1788241272.477971, 482.900000]: Handle local replanning...
[INFO] [1788241272.478979, 482.900000]: curr path length: 51, is_loop length: 51
[INFO] [1788241272.479834, 482.900000]: Send new plan: 20 37 17 16 14 15 13 12 17 11 18 10 9 36 8 0 35 1 6 19  ---> 38 20 20(L) 38 26 21 24 21 22 21 23 21 25 27 31 32 29 32 30 32 28 33 38(L) 33 7 5 4 3 34 2 35(L) 
[INFO] [1788241278.470546, 488.900000]: Replanning request. curr_vertex_idx: 19
[INFO] [1788241278.471703, 488.900000]:                     covered_vertices: ()
[INFO] [1788241278.472649, 488.900000]: Handle local replanning...
[INFO] [1788241278.473532, 488.900000]: curr path length: 51, is_loop length: 51
[INFO] [1788241278.474175, 488.900000]: Send new plan: 20 37 17 16 14 15 13 12 17 11 18 10 9 36 8 0 35 1 6 19  ---> 38 20 20(L) 38 26 21 24 21 22 21 23 21 25 27 31 32 29 32 30 32 28 33 38(L) 33 7 5 4 3 34 2 35(L) 
[INFO] [1788241283.458849, 493.800000]: Really visited vertices: 20 37 17 16 15 14 13 12 17 11 18 36 9 36 8 0 35 1 35 
[INFO] [1788241284.394220, 494.800000]: Replanning request. curr_vertex_idx: 19
[INFO] [1788241284.395261, 494.800000]:                     covered_vertices: ()
[INFO] [1788241284.396091, 494.800000]: Handle local replanning...
[INFO] [1788241284.396780, 494.800000]: curr path length: 51, is_loop length: 51
[INFO] [1788241284.397536, 494.800000]: Send new plan: 20 37 17 16 14 15 13 12 17 11 18 10 9 36 8 0 35 1 6 19  ---> 38 20 20(L) 38 26 21 24 21 22 21 23 21 25 27 31 32 29 32 30 32 28 33 38(L) 33 7 5 4 3 34 2 35(L) 
[INFO] [1788241290.477557, 500.900000]: Replanning request. curr_vertex_idx: 19
[INFO] [1788241290.478797, 500.900000]:                     covered_vertices: ()
[INFO] [1788241290.479584, 500.900000]: Handle local replanning...
[INFO] [1788241290.480365, 500.900000]: curr path length: 51, is_loop length: 51
[INFO] [1788241290.481048, 500.900000]: Send new plan: 20 37 17 16 14 15 13 12 17 11 18 10 9 36 8 0 35 1 6 19  ---> 38 20 20(L) 38 26 21 24 21 22 21 23 21 25 27 31 32 29 32 30 32 28 33 38(L) 33 7 5 4 3 34 2 35(L) 
[INFO] [1788241296.330546, 506.700000]: Replanning request. curr_vertex_idx: 19
[INFO] [1788241296.331800, 506.700000]:                     covered_vertices: ()
[INFO] [1788241296.332665, 506.700000]: Handle local replanning...
[INFO] [1788241296.333521, 506.700000]: curr path length: 51, is_loop length: 51
[INFO] [1788241296.334333, 506.700000]: Send new plan: 20 37 17 16 14 15 13 12 17 11 18 10 9 36 8 0 35 1 6 19  ---> 38 20 20(L) 38 26 21 24 21 22 21 23 21 25 27 31 32 29 32 30 32 28 33 38(L) 33 7 5 4 3 34 2 35(L) 
[INFO] [1788241302.418220, 512.800000]: Replanning request. curr_vertex_idx: 19
[INFO] [1788241302.419270, 512.800000]:                     covered_vertices: ()
[INFO] [1788241302.420031, 512.800000]: Handle local replanning...
[INFO] [1788241302.420725, 512.800000]: curr path length: 51, is_loop length: 51
[INFO] [1788241302.421414, 512.800000]: Send new plan: 20 37 17 16 14 15 13 12 17 11 18 10 9 36 8 0 35 1 6 19  ---> 38 20 20(L) 38 26 21 24 21 22 21 23 21 25 27 31 32 29 32 30 32 28 33 38(L) 33 7 5 4 3 34 2 35(L) 
[INFO] [1788241308.337869, 518.700000]: Replanning request. curr_vertex_idx: 19
[INFO] [1788241308.338963, 518.700000]:                     covered_vertices: ()
[INFO] [1788241308.339725, 518.700000]: Handle local replanning...
[INFO] [1788241308.340532, 518.700000]: curr path length: 51, is_loop length: 51
[INFO] [1788241308.341373, 518.700000]: Send new plan: 20 37 17 16 14 15 13 12 17 11 18 10 9 36 8 0 35 1 6 19  ---> 38 20 20(L) 38 26 21 24 21 22 21 23 21 25 27 31 32 29 32 30 32 28 33 38(L) 33 7 5 4 3 34 2 35(L) 
[INFO] [1788241314.402646, 524.800000]: Replanning request. curr_vertex_idx: 19
[INFO] [1788241314.403694, 524.800000]:                     covered_vertices: ()
[INFO] [1788241314.404470, 524.800000]: Handle local replanning...
[INFO] [1788241314.405218, 524.800000]: curr path length: 51, is_loop length: 51
[INFO] [1788241314.405818, 524.800000]: Send new plan: 20 37 17 16 14 15 13 12 17 11 18 10 9 36 8 0 35 1 6 19  ---> 38 20 20(L) 38 26 21 24 21 22 21 23 21 25 27 31 32 29 32 30 32 28 33 38(L) 33 7 5 4 3 34 2 35(L) 
[INFO] [1788241319.262188, 529.700000]: Really visited vertices: 20 37 17 16 15 14 13 12 17 11 18 36 9 36 8 0 35 1 35 6 
[INFO] [1788241320.244473, 530.600000]: Replanning request. curr_vertex_idx: 19
[INFO] [1788241320.245562, 530.600000]:                     covered_vertices: ()
54.600000000]: Call local replanning...
[INFO] [1788241249.321063133, 459.700000000]: Call local replanning...
[INFO] [1788241249.326120092, 459.700000000]: Reach vertex 1
[INFO] [1788241249.328702208, 459.700000000]: Explore Goal 1 's frontiers...
[INFO] [1788241254.389929291, 464.800000000]: Call local replanning...
[INFO] [1788241254.395812983, 464.800000000]: Skip repeated visit to vertex 6
[INFO] [1788241254.395819940, 464.800000000]: Set newGoal 19
[INFO] [1788241254.395829194, 464.800000000]: Find middle goal point.
[INFO] [1788241260.467045865, 470.900000000]: Call local replanning...
[INFO] [1788241260.472758028, 470.900000000]: Find middle goal point.
[INFO] [1788241266.323425781, 476.700000000]: Call local replanning...
[INFO] [1788241266.328621261, 476.700000000]: Find middle goal point.
[INFO] [1788241272.474558088, 482.900000000]: Call local replanning...
[INFO] [1788241272.481101340, 482.900000000]: Find middle goal point.
[INFO] [1788241278.469581501, 488.900000000]: Call local replanning...
[INFO] [1788241278.475219327, 488.900000000]: Find middle goal point.
[INFO] [1788241284.393018285, 494.800000000]: Call local replanning...
[INFO] [1788241284.398610656, 494.800000000]: Find middle goal point.
[INFO] [1788241290.476532995, 500.900000000]: Call local replanning...
[INFO] [1788241290.482241500, 500.900000000]: Find middle goal point.
[INFO] [1788241296.329254339, 506.700000000]: Call local replanning...
[INFO] [1788241296.335408004, 506.700000000]: Find middle goal point.
[INFO] [1788241302.417087659, 512.800000000]: Call local replanning...
[INFO] [1788241302.422392706, 512.800000000]: Find middle goal point.
[INFO] [1788241308.336735159, 518.700000000]: Call local replanning...
[INFO] [1788241308.342309536, 518.700000000]: Find middle goal point.
[INFO] [1788241314.401424678, 524.800000000]: Call local replanning...
[INFO] [1788241314.406731018, 524.800000000]: Find middle goal point.
[INFO] [1788241320.243284431, 530.600000000]: Call local replanning...
[INFO] [1788241320.249038654, 530.600000000]: Find middle goal point.
[INFO] [1788241326.153271996, 536.500000000]: Call local replanning...
[INFO] [1788241326.158680479, 536.500000000]: Find middle goal point.
[INFO] [1788241332.334037135, 542.700000000]: Call local replanning...
[INFO] [1788241332.338955950, 542.700000000]: Find middle goal point.
[INFO] [1788241338.245259786, 548.600000000]: Call local replanning...
[INFO] [1788241338.251657068, 548.600000000]: Reach vertex 19
[INFO] [1788241338.257249630, 548.600000000]: Explore Goal 19 's frontiers...
[INFO] [1788241342.495207646, 552.900000000]: Call local replanning...
[INFO] [1788241342.514795182, 552.900000000]: Explore Goal 19 's frontiers...

[INFO] [1788241286.092294220, 496.500000000]: PHASE2C_KEYSCAN_ACCEPTED unique_id=385 state_id=385 sim_time=496.500000
[INFO] [1788241287.485777448, 497.900000000]: PHASE2C_KEYSCAN_ACCEPTED unique_id=386 state_id=386 sim_time=497.900000
[INFO] [1788241290.287902580, 500.700000000]: PHASE2C_KEYSCAN_ACCEPTED unique_id=387 state_id=387 sim_time=500.700000
[INFO] [1788241294.091863777, 504.500000000]: PHASE2C_KEYSCAN_ACCEPTED unique_id=388 state_id=388 sim_time=504.500000
[INFO] [1788241297.202688636, 507.600000000]: PHASE2C_KEYSCAN_ACCEPTED unique_id=389 state_id=389 sim_time=507.600000
[INFO] [1788241300.891564796, 511.300000000]: PHASE2C_KEYSCAN_ACCEPTED unique_id=390 state_id=390 sim_time=511.300000
[INFO] [1788241304.595168432, 515.000000000]: PHASE2C_KEYSCAN_ACCEPTED unique_id=391 state_id=391 sim_time=515.000000
[INFO] [1788241308.593721713, 519.000000000]: PHASE2C_KEYSCAN_ACCEPTED unique_id=392 state_id=392 sim_time=519.000000
[INFO] [1788241312.193843230, 522.600000000]: PHASE2C_KEYSCAN_ACCEPTED unique_id=393 state_id=393 sim_time=522.600000
[INFO] [1788241315.483166261, 525.900000000]: PHASE2C_KEYSCAN_ACCEPTED unique_id=394 state_id=394 sim_time=525.900000
[INFO] [1788241319.181066779, 529.600000000]: PHASE2C_KEYSCAN_ACCEPTED unique_id=395 state_id=395 sim_time=529.600000
[INFO] [1788241322.089328885, 532.500000000]: PHASE2C_KEYSCAN_ACCEPTED unique_id=396 state_id=396 sim_time=532.500000
[INFO] [1788241325.790062677, 536.200000000]: PHASE2C_KEYSCAN_ACCEPTED unique_id=397 state_id=397 sim_time=536.200000
[INFO] [1788241328.092136668, 538.500000000]: PHASE2C_KEYSCAN_ACCEPTED unique_id=398 state_id=398 sim_time=538.500000
[INFO] [1788241329.486470006, 539.900000000]: PHASE2C_KEYSCAN_ACCEPTED unique_id=399 state_id=399 sim_time=539.900000
[INFO] [1788241332.384779998, 542.800000000]: PHASE2C_KEYSCAN_ACCEPTED unique_id=400 state_id=400 sim_time=542.800000
[INFO] [1788241333.783708938, 544.200000000]: PHASE2C_KEYSCAN_ACCEPTED unique_id=401 state_id=401 sim_time=544.200000
[INFO] [1788241335.099409262, 545.500000000]: PHASE2C_KEYSCAN_ACCEPTED unique_id=402 state_id=402 sim_time=545.500000
[INFO] [1788241336.473723247, 546.900000000]: PHASE2C_KEYSCAN_ACCEPTED unique_id=403 state_id=403 sim_time=546.900000
[INFO] [1788241337.797296165, 548.200000000]: PHASE2C_KEYSCAN_ACCEPTED unique_id=404 state_id=404 sim_time=548.200000
[INFO] [1788241339.079098219, 549.500000000]: PHASE2C_KEYSCAN_ACCEPTED unique_id=405 state_id=405 sim_time=549.500000
[INFO] [1788241340.492190739, 550.900000000]: PHASE2C_KEYSCAN_ACCEPTED unique_id=406 state_id=406 sim_time=550.900000
[INFO] [1788241341.777232939, 552.200000000]: PHASE2C_KEYSCAN_ACCEPTED unique_id=407 state_id=407 sim_time=552.200000
[INFO] [1788241343.186574693, 553.600000000]: PHASE2C_KEYSCAN_ACCEPTED unique_id=408 state_id=408 sim_time=553.600000
[INFO] [1788241343.885234291, 554.300000000]: PHASE2C_KEYSCAN_ACCEPTED unique_id=409 state_id=409 sim_time=554.300000
[INFO] [1788241344.493304069, 554.900000000]: PHASE2C_KEYSCAN_ACCEPTED unique_id=410 state_id=410 sim_time=554.900000
[INFO] [1788241345.087209581, 555.500000000]: PHASE2C_KEYSCAN_ACCEPTED unique_id=411 state_id=411 sim_time=555.500000
[INFO] [1788241345.597366080, 556.000000000]: PHASE2C_KEYSCAN_ACCEPTED unique_id=412 state_id=412 sim_time=556.000000
[INFO] [1788241346.191262749, 556.600000000]: PHASE2C_KEYSCAN_ACCEPTED unique_id=413 state_id=413 sim_time=556.600000
[INFO] [1788241347.590475834, 558.000000000]: PHASE2C_KEYSCAN_ACCEPTED unique_id=414 state_id=414 sim_time=558.000000
Warning: Warning: Warning: TF_REPEATED_DATA ignoring data with redundant timestamp for frame odom (parent offset) at time 558.200000 according to authority unknown_publisherTF_REPEATED_DATA ignoring data with redundant timestamp for frame odom (parent offset) at time 558.200000 according to authority unknown_publisherTF_REPEATED_DATA ignoring data with redundant timestamp for frame odom (parent offset) at time 558.200000 according to authority unknown_publisher


         at line          at line          at line 277277[WARN] [1788241347.760060236, 558.200000000]: TF_REPEATED_DATA ignoring data with redundant timestamp for frame odom (parent offset) at time 558.200000 according to authority unknown_publisher
277 in  in  in /tmp/binarydeb/ros-noetic-tf2-0.7.10/src/buffer_core.cpp/tmp/binarydeb/ros-noetic-tf2-0.7.10/src/buffer_core.cpp/tmp/binarydeb/ros-noetic-tf2-0.7.10/src/buffer_core.cpp


Warning: TF_REPEATED_DATA ignoring data with redundant timestamp for frame offset (parent map) at time 558.200000 according to authority unknown_publisherWarning: 
TF_REPEATED_DATA ignoring data with redundant timestamp for frame offset (parent map) at time 558.200000 according to authority unknown_publisher[WARN] [1788241347.760084235, 558.200000000]: TF_REPEATED_DATA ignoring data with redundant timestamp for frame offset (parent map) at time 558.200000 according to authority unknown_publisher
Warning:          at line 
TF_REPEATED_DATA ignoring data with redundant timestamp for frame offset (parent map) at time 558.200000 according to authority unknown_publisher277         at line 
 in 277         at line /tmp/binarydeb/ros-noetic-tf2-0.7.10/src/buffer_core.cpp in 277
/tmp/binarydeb/ros-noetic-tf2-0.7.10/src/buffer_core.cpp in 
/tmp/binarydeb/ros-noetic-tf2-0.7.10/src/buffer_core.cpp
Warning: TF_REPEATED_DATA ignoring data with redundant timestamp for frame odom (parent offset) at time 558.200000 according to authority unknown_publisher
         at line 277 in /tmp/binarydeb/ros-noetic-tf2-0.7.10/src/buffer_core.cpp
Warning: TF_REPEATED_DATA ignoring data with redundant timestamp for frame offset (parent map) at time 558.200000 according to authority unknown_publisher
         at line 277 in /tmp/binarydeb/ros-noetic-tf2-0.7.10/src/buffer_core.cpp
[WARN] [1788241360.351059885, 570.700000000]: No frontier at vertex 19. #Frontier: 0
[INFO] [1788241320.246266, 530.600000]: Handle local replanning...
[INFO] [1788241320.247017, 530.600000]: curr path length: 51, is_loop length: 51
[INFO] [1788241320.247855, 530.600000]: Send new plan: 20 37 17 16 14 15 13 12 17 11 18 10 9 36 8 0 35 1 6 19  ---> 38 20 20(L) 38 26 21 24 21 22 21 23 21 25 27 31 32 29 32 30 32 28 33 38(L) 33 7 5 4 3 34 2 35(L) 
[INFO] [1788241325.875019, 536.300000]: Really visited vertices: 20 37 17 16 15 14 13 12 17 11 18 36 9 36 8 0 35 1 35 6 
[INFO] [1788241326.154388, 536.500000]: Replanning request. curr_vertex_idx: 19
[INFO] [1788241326.155451, 536.500000]:                     covered_vertices: ()
[INFO] [1788241326.156241, 536.500000]: Handle local replanning...
[INFO] [1788241326.156871, 536.500000]: curr path length: 51, is_loop length: 51
[INFO] [1788241326.157677, 536.500000]: Send new plan: 20 37 17 16 14 15 13 12 17 11 18 10 9 36 8 0 35 1 6 19  ---> 38 20 20(L) 38 26 21 24 21 22 21 23 21 25 27 31 32 29 32 30 32 28 33 38(L) 33 7 5 4 3 34 2 35(L) 
[INFO] [1788241332.335313, 542.700000]: Replanning request. curr_vertex_idx: 19
[INFO] [1788241332.336329, 542.700000]:                     covered_vertices: ()
[INFO] [1788241332.336953, 542.700000]: Handle local replanning...
[INFO] [1788241332.337578, 542.700000]: curr path length: 51, is_loop length: 51
[INFO] [1788241332.338238, 542.700000]: Send new plan: 20 37 17 16 14 15 13 12 17 11 18 10 9 36 8 0 35 1 6 19  ---> 38 20 20(L) 38 26 21 24 21 22 21 23 21 25 27 31 32 29 32 30 32 28 33 38(L) 33 7 5 4 3 34 2 35(L) 
[INFO] [1788241337.957154, 548.300000]: Really visited vertices: 20 37 17 16 15 14 13 12 17 11 18 36 9 36 8 0 35 1 35 6 
[INFO] [1788241338.246496, 548.600000]: Replanning request. curr_vertex_idx: 19
[INFO] [1788241338.247740, 548.600000]:                     covered_vertices: ()
[INFO] [1788241338.248658, 548.600000]: Handle local replanning...
[INFO] [1788241338.249410, 548.600000]: curr path length: 51, is_loop length: 51
[INFO] [1788241338.250319, 548.600000]: Send new plan: 20 37 17 16 14 15 13 12 17 11 18 10 9 36 8 0 35 1 6 19  ---> 38 20 20(L) 38 26 21 24 21 22 21 23 21 25 27 31 32 29 32 30 32 28 33 38(L) 33 7 5 4 3 34 2 35(L) 
[INFO] [1788241342.496469, 552.900000]: Replanning request. curr_vertex_idx: 19
[INFO] [1788241342.497696, 552.900000]:                     covered_vertices: ()
[INFO] [1788241342.498669, 552.900000]: Handle local replanning...
[INFO] [1788241342.499727, 552.900000]: curr path length: 51, is_loop length: 51
[INFO] [1788241342.500640, 552.900000]: Send new plan: 20 37 17 16 14 15 13 12 17 11 18 10 9 36 8 0 35 1 6 19  ---> 38 20 20(L) 38 26 21 24 21 22 21 23 21 25 27 31 32 29 32 30 32 28 33 38(L) 33 7 5 4 3 34 2 35(L) 
[INFO] [1788241347.760228, 558.200000]: Really visited vertices: 20 37 17 16 15 14 13 12 17 11 18 36 9 36 8 0 35 1 35 6 19 
[INFO] [1788241348.332042, 558.700000]: Replanning request. curr_vertex_idx: 19
[INFO] [1788241348.332915, 558.700000]:                     covered_vertices: ()
[INFO] [1788241348.333553, 558.700000]: Handle local replanning...
[INFO] [1788241348.334132, 558.700000]: curr path length: 51, is_loop length: 51
[INFO] [1788241348.334692, 558.700000]: Send new plan: 20 37 17 16 14 15 13 12 17 11 18 10 9 36 8 0 35 1 6 19  ---> 38 20 20(L) 38 26 21 24 21 22 21 23 21 25 27 31 32 29 32 30 32 28 33 38(L) 33 7 5 4 3 34 2 35(L) 
[INFO] [1788241354.505501, 564.900000]: Replanning request. curr_vertex_idx: 19
[INFO] [1788241354.506606, 564.900000]:                     covered_vertices: ()
[INFO] [1788241354.507299, 564.900000]: Handle local replanning...
[INFO] [1788241354.508050, 564.900000]: curr path length: 51, is_loop length: 51
[INFO] [1788241354.508785, 564.900000]: Send new plan: 20 37 17 16 14 15 13 12 17 11 18 10 9 36 8 0 35 1 6 19  ---> 38 20 20(L) 38 26 21 24 21 22 21 23 21 25 27 31 32 29 32 30 32 28 33 38(L) 33 7 5 4 3 34 2 35(L) 
[INFO] [1788241360.347419, 570.700000]: Replanning request. curr_vertex_idx: 19
[INFO] [1788241360.348584, 570.700000]:                     covered_vertices: ()
[INFO] [1788241360.349372, 570.700000]: Handle local replanning...
[INFO] [1788241360.349921, 570.700000]: curr path length: 51, is_loop length: 51
[INFO] [1788241360.350331, 570.700000]: Send new plan: 20 37 17 16 14 15 13 12 17 11 18 10 9 36 8 0 35 1 6 19  ---> 38 20 20(L) 38 26 21 24 21 22 21 23 21 25 27 31 32 29 32 30 32 28 33 38(L) 33 7 5 4 3 34 2 35(L) 
[INFO] [1788241366.017149, 576.400000]: Really visited vertices: 20 37 17 16 15 14 13 12 17 11 18 36 9 36 8 0 35 1 35 6 19 
[INFO] [1788241366.316359, 576.700000]: Replanning request. curr_vertex_idx: 20
[INFO] [1788241366.317336, 576.700000]:                     covered_vertices: ()
[INFO] [1788241366.317968, 576.700000]: Handle local replanning...
[INFO] [1788241366.318574, 576.700000]: curr path length: 51, is_loop length: 51
[INFO] [1788241366.319124, 576.700000]: Send new plan: 20 37 17 16 14 15 13 12 17 11 18 10 9 36 8 0 35 1 6 19 38  ---> 20 20(L) 38 26 21 24 21 22 21 23 21 25 27 31 32 29 32 30 32 28 33 38(L) 33 7 5 4 3 34 2 35(L) 
[INFO] [1788241372.514537, 582.900000]: Replanning request. curr_vertex_idx: 20
[INFO] [1788241372.515626, 582.900000]:                     covered_vertices: ()
[INFO] [1788241372.516509, 582.900000]: Handle local replanning...
[INFO] [1788241372.517198, 582.900000]: curr path length: 51, is_loop length: 51
[INFO] [1788241372.518001, 582.900000]: Send new plan: 20 37 17 16 14 15 13 12 17 11 18 10 9 36 8 0 35 1 6 19 38  ---> 20 20(L) 38 26 21 24 21 22 21 23 21 25 27 31 32 29 32 30 32 28 33 38(L) 33 7 5 4 3 34 2 35(L) 
[INFO] [1788241377.597491, 588.000000]: Really visited vertices: 20 37 17 16 15 14 13 12 17 11 18 36 9 36 8 0 35 1 35 6 19 
[INFO] [1788241378.269263, 588.700000]: Replanning request. curr_vertex_idx: 20
[INFO] [1788241378.270298, 588.700000]:                     covered_vertices: ()
[INFO] [1788241378.271220, 588.700000]: Handle local replanning...
[INFO] [1788241378.271878, 588.700000]: curr path length: 51, is_loop length: 51
[INFO] [1788241378.272490, 588.700000]: Send new plan: 20 37 17 16 14 15 13 12 17 11 18 10 9 36 8 0 35 1 6 19 38  ---> 20 20(L) 38 26 21 24 21 22 21 23 21 25 27 31 32 29 32 30 32 28 33 38(L) 33 7 5 4 3 34 2 35(L) 
[INFO] [1788241384.516420, 594.900000]: Replanning request. curr_vertex_idx: 20
[INFO] [1788241384.517488, 594.900000]:                     covered_vertices: ()
[INFO] [1788241384.518372, 594.900000]: Handle local replanning...
[INFO] [1788241384.519275, 594.900000]: curr path length: 51, is_loop length: 51
[INFO] [1788241384.520183, 594.900000]: Send new plan: 20 37 17 16 14 15 13 12 17 11 18 10 9 36 8 0 35 1 6 19 38  ---> 20 20(L) 38 26 21 24 21 22 21 23 21 25 27 31 32 29 32 30 32 28 33 38(L) 33 7 5 4 3 34 2 35(L) 
[INFO] [1788241389.187713, 599.600000]: Really visited vertices: 20 37 17 16 15 14 13 12 17 11 18 36 9 36 8 0 35 1 35 6 19 
[INFO] [1788241390.423103, 600.800000]: Replanning request. curr_vertex_idx: 20
[INFO] [1788241390.424543, 600.800000]:                     covered_vertices: ()
[INFO] [1788241390.425431, 600.800000]: Handle local replanning...
[INFO] [1788241390.426035, 600.800000]: curr path length: 51, is_loop length: 51
[INFO] [1788241390.426951, 600.800000]: Send new plan: 20 37 17 16 14 15 13 12 17 11 18 10 9 36 8 0 35 1 6 19 38  ---> 20 20(L) 38 26 21 24 21 22 21 23 21 25 27 31 32 29 32 30 32 28 33 38(L) 33 7 5 4 3 34 2 35(L) 
[INFO] [1788241396.528558, 606.900000]: Replanning request. curr_vertex_idx: 20
[INFO] [1788241396.529672, 606.900000]:                     covered_vertices: ()
[INFO] [1788241396.530531, 606.900000]: Handle local replanning...
[INFO] [1788241396.531527, 606.900000]: curr path length: 51, is_loop length: 51
[INFO] [1788241396.532339, 606.900000]: Send new plan: 20 37 17 16 14 15 13 12 17 11 18 10 9 36 8 0 35 1 6 19 38  ---> 20 20(L) 38 26 21 24 21 22 21 23 21 25 27 31 32 29 32 30 32 28 33 38(L) 33 7 5 4 3 34 2 35(L) 
[INFO] [1788241401.580466, 612.000000]: Really visited vertices: 20 37 17 16 15 14 13 12 17 11 18 36 9 36 8 0 35 1 35 6 19 18 37 
[INFO] [1788241402.273581, 612.700000]: Replanning request. curr_vertex_idx: 20
[INFO] [1788241402.274623, 612.700000]:                     covered_vertices: ()
[INFO] [1788241348.982738511, 559.400000000]: PHASE2C_KEYSCAN_ACCEPTED unique_id=415 state_id=415 sim_time=559.400000
[INFO] [1788241350.291164243, 560.700000000]: PHASE2C_KEYSCAN_ACCEPTED unique_id=416 state_id=416 sim_time=560.700000
[INFO] [1788241351.572999187, 562.000000000]: PHASE2C_KEYSCAN_ACCEPTED unique_id=417 state_id=417 sim_time=562.000000
[INFO] [1788241352.888680153, 563.300000000]: PHASE2C_KEYSCAN_ACCEPTED unique_id=418 state_id=418 sim_time=563.300000
[INFO] [1788241354.367519879, 564.800000000]: PHASE2C_KEYSCAN_ACCEPTED unique_id=419 state_id=419 sim_time=564.800000
[INFO] [1788241355.883366851, 566.300000000]: PHASE2C_KEYSCAN_ACCEPTED unique_id=420 state_id=420 sim_time=566.300000
[INFO] [1788241357.283554463, 567.700000000]: PHASE2C_KEYSCAN_ACCEPTED unique_id=421 state_id=421 sim_time=567.700000
[INFO] [1788241358.994819916, 569.400000000]: PHASE2C_KEYSCAN_ACCEPTED unique_id=422 state_id=422 sim_time=569.400000
[INFO] [1788241361.182187681, 571.600000000]: PHASE2C_KEYSCAN_ACCEPTED unique_id=423 state_id=423 sim_time=571.600000
[INFO] [1788241361.670687172, 572.100000000]: PHASE2C_KEYSCAN_ACCEPTED unique_id=424 state_id=424 sim_time=572.100000
[INFO] [1788241362.274904486, 572.700000000]: PHASE2C_KEYSCAN_ACCEPTED unique_id=425 state_id=425 sim_time=572.700000
[INFO] [1788241362.989709380, 573.400000000]: PHASE2C_KEYSCAN_ACCEPTED unique_id=426 state_id=426 sim_time=573.400000
[INFO] [1788241363.609664757, 574.000000000]: PHASE2C_KEYSCAN_ACCEPTED unique_id=427 state_id=427 sim_time=574.000000
[INFO] [1788241364.185332620, 574.600000000]: PHASE2C_KEYSCAN_ACCEPTED unique_id=428 state_id=428 sim_time=574.600000
[INFO] [1788241365.921693372, 576.300000000]: PHASE2C_KEYSCAN_ACCEPTED unique_id=429 state_id=429 sim_time=576.300000
[INFO] [1788241367.089830219, 577.500000000]: PHASE2C_KEYSCAN_ACCEPTED unique_id=430 state_id=430 sim_time=577.500000
[INFO] [1788241368.540980255, 578.900000000]: PHASE2C_KEYSCAN_ACCEPTED unique_id=431 state_id=431 sim_time=578.900000
[INFO] [1788241369.987430429, 580.400000000]: PHASE2C_KEYSCAN_ACCEPTED unique_id=432 state_id=432 sim_time=580.400000
[INFO] [1788241373.330815558, 583.700000000]: PHASE2C_KEYSCAN_ACCEPTED unique_id=433 state_id=433 sim_time=583.700000
[INFO] [1788241377.505936206, 587.900000000]: PHASE2C_KEYSCAN_ACCEPTED unique_id=434 state_id=434 sim_time=587.900000
[INFO] [1788241378.992851928, 589.400000000]: PHASE2C_KEYSCAN_ACCEPTED unique_id=435 state_id=435 sim_time=589.400000
[INFO] [1788241382.006213714, 592.400000000]: PHASE2C_KEYSCAN_ACCEPTED unique_id=436 state_id=436 sim_time=592.400000
[INFO] [1788241384.095013278, 594.500000000]: PHASE2C_KEYSCAN_ACCEPTED unique_id=437 state_id=437 sim_time=594.400000
[INFO] [1788241387.509603844, 597.900000000]: PHASE2C_KEYSCAN_ACCEPTED unique_id=438 state_id=438 sim_time=597.900000
[INFO] [1788241389.097076298, 599.500000000]: PHASE2C_KEYSCAN_ACCEPTED unique_id=439 state_id=439 sim_time=599.500000
[INFO] [1788241390.594697233, 601.000000000]: PHASE2C_KEYSCAN_ACCEPTED unique_id=440 state_id=440 sim_time=601.000000
[INFO] [1788241392.090314102, 602.500000000]: PHASE2C_KEYSCAN_ACCEPTED unique_id=441 state_id=441 sim_time=602.500000
[INFO] [1788241393.501073069, 603.900000000]: PHASE2C_KEYSCAN_ACCEPTED unique_id=442 state_id=442 sim_time=603.900000
[INFO] [1788241394.787340910, 605.200000000]: PHASE2C_KEYSCAN_ACCEPTED unique_id=443 state_id=443 sim_time=605.200000
[INFO] [1788241396.088929585, 606.500000000]: PHASE2C_KEYSCAN_ACCEPTED unique_id=444 state_id=444 sim_time=606.400000
[INFO] [1788241397.390807036, 607.800000000]: PHASE2C_KEYSCAN_ACCEPTED unique_id=445 state_id=445 sim_time=607.800000
[INFO] [1788241398.784350574, 609.200000000]: PHASE2C_KEYSCAN_ACCEPTED unique_id=446 state_id=446 sim_time=609.200000
[INFO] [1788241399.972884566, 610.400000000]: PHASE2C_KEYSCAN_ACCEPTED unique_id=447 state_id=447 sim_time=610.400000
[INFO] [1788241401.487794537, 611.900000000]: PHASE2C_KEYSCAN_ACCEPTED unique_id=448 state_id=448 sim_time=611.900000
[INFO] [1788241402.775595828, 613.200000000]: PHASE2C_KEYSCAN_ACCEPTED unique_id=449 state_id=449 sim_time=613.200000
[INFO] [1788241404.281985984, 614.700000000]: PHASE2C_KEYSCAN_ACCEPTED unique_id=450 state_id=450 sim_time=614.700000
[INFO] [1788241405.481738121, 615.900000000]: PHASE2C_KEYSCAN_ACCEPTED unique_id=451 state_id=451 sim_time=615.900000
[INFO] [1788241407.094819109, 617.500000000]: PHASE2C_KEYSCAN_ACCEPTED unique_id=452 state_id=452 sim_time=617.500000
[INFO] [1788241410.195297386, 620.600000000]: PHASE2C_KEYSCAN_ACCEPTED unique_id=453 state_id=453 sim_time=620.600000
[INFO] [1788241414.902762393, 625.300000000]: PHASE2C_KEYSCAN_ACCEPTED unique_id=454 state_id=454 sim_time=625.300000
[INFO] [1788241419.801273889, 630.200000000]: PHASE2C_KEYSCAN_ACCEPTED unique_id=455 state_id=455 sim_time=630.200000
[INFO] [1788241424.694918042, 635.100000000]: PHASE2C_KEYSCAN_ACCEPTED unique_id=456 state_id=456 sim_time=635.100000
[INFO] [1788241429.591785903, 640.000000000]: PHASE2C_KEYSCAN_ACCEPTED unique_id=457 state_id=457 sim_time=640.000000
[INFO] [1788241434.480906139, 644.900000000]: PHASE2C_KEYSCAN_ACCEPTED unique_id=458 state_id=458 sim_time=644.900000
Warning: TF_REPEATED_DATA ignoring data with redundant timestamp for frame odom (parent offset) at time 648.600000 according to authority unknown_publisher
         at line 277 in /tmp/binarydeb/ros-noetic-tf2-0.7.10/src/buffer_core.cpp
Warning: TF_REPEATED_DATA ignoring data with redundant timestamp for frame offset (parent map) at time 648.600000 according to authority unknown_publisher
         at line 277 in /tmp/binarydeb/ros-noetic-tf2-0.7.10/src/buffer_core.cpp
Warning: TF_REPEATED_DATA ignoring data with redundant timestamp for frame odom (parent offset) at time 648.600000 according to authority unknown_publisher
         at line 277 in /tmp/binarydeb/ros-noetic-tf2-0.7.10/src/buffer_core.cpp
Warning: TF_REPEATED_DATA ignoring data with redundant timestamp for frame offset (parent map) at time 648.600000 according to authority unknown_publisher
         at line 277 in /tmp/binarydeb/ros-noetic-tf2-0.7.10/src/buffer_core.cpp
Warning: TF_REPEATED_DATA ignoring data with redundant timestamp for frame odom (parent offset) at time 648.600000 according to authority unknown_publisher
         at line 277 in /tmp/binarydeb/ros-noetic-tf2-0.7.10/src/buffer_core.cpp
Warning: TF_REPEATED_DATA ignoring data with redundant timestamp for frame offset (parent map) at time 648.600000 according to authority unknown_publisher
         at line 277 in /tmp/binarydeb/ros-noetic-tf2-0.7.10/src/buffer_core.cpp
[INFO] [1788241348.330915671, 558.700000000]: Call local replanning...
[INFO] [1788241348.350604563, 558.700000000]: Explore Goal 19 's frontiers...
[INFO] [1788241354.504244616, 564.900000000]: Call local replanning...
[INFO] [1788241354.517802649, 564.900000000]: Explore Goal 19 's frontiers...
[INFO] [1788241360.346142712, 570.700000000]: Call local replanning...
[INFO] [1788241360.351095096, 570.700000000]: Set newGoal 38
[INFO] [1788241360.351106512, 570.700000000]: Find middle goal point.
[INFO] [1788241366.315298354, 576.700000000]: Call local replanning...
[INFO] [1788241366.319984815, 576.700000000]: Find middle goal point.
[INFO] [1788241372.513366960, 582.900000000]: Call local replanning...
[INFO] [1788241372.519227238, 582.900000000]: Find middle goal point.
[INFO] [1788241378.268303226, 588.700000000]: Call local replanning...
[INFO] [1788241378.273430694, 588.700000000]: Find middle goal point.
[INFO] [1788241384.515208209, 594.900000000]: Call local replanning...
[INFO] [1788241384.521542432, 594.900000000]: Find middle goal point.
[INFO] [1788241390.421913309, 600.800000000]: Call local replanning...
[INFO] [1788241390.427945303, 600.800000000]: Find middle goal point.
[INFO] [1788241396.527288822, 606.900000000]: Call local replanning...
[INFO] [1788241396.533619101, 606.900000000]: Find middle goal point.
[INFO] [1788241402.272358898, 612.700000000]: Call local replanning...
[INFO] [1788241402.277647686, 612.700000000]: Find middle goal point.
[INFO] [1788241408.425992613, 618.800000000]: Call local replanning...
[INFO] [1788241408.431019631, 618.800000000]: Find middle goal point.
[INFO] [1788241414.606484372, 625.000000000]: Call local replanning...
[INFO] [1788241414.611585554, 625.000000000]: Find middle goal point.
[INFO] [1788241420.205285864, 630.600000000]: Call local replanning...
[INFO] [1788241420.210451284, 630.600000000]: Find middle goal point.
[INFO] [1788241426.372685024, 636.800000000]: Call local replanning...
[INFO] [1788241426.376800020, 636.800000000]: Find middle goal point.
[INFO] [1788241432.364453618, 642.800000000]: Call local replanning...
[INFO] [1788241432.368748060, 642.800000000]: Find middle goal point.
Warning: TF_REPEATED_DATA ignoring data with redundant timestamp for frame odom (parent offset) at time 648.600000 according to authority unknown_publisher
         at line 277 in /tmp/binarydeb/ros-noetic-tf2-0.7.10/src/buffer_core.cpp
Warning: TF_REPEATED_DATA ignoring data with redundant timestamp for frame offset (parent map) at time 648.600000 according to authority unknown_publisher
         at line 277 in /tmp/binarydeb/ros-noetic-tf2-0.7.10/src/buffer_core.cpp
[WARN] [1788241438.170840562, 648.600000000]: TF_REPEATED_DATA ignoring data with redundant timestamp for frame odom (parent offset) at time 648.600000 according to authority unknown_publisher
[WARN] [1788241438.170946753, 648.600000000]: TF_REPEATED_DATA ignoring data with redundant timestamp for frame offset (parent map) at time 648.600000 according to authority unknown_publisher
[INFO] [1788241439.280988889, 649.700000000]: PHASE2C_KEYSCAN_ACCEPTED unique_id=459 state_id=459 sim_time=649.700000
[INFO] [1788241444.190641157, 654.600000000]: PHASE2C_KEYSCAN_ACCEPTED unique_id=460 state_id=460 sim_time=654.600000
[INFO] [1788241449.100751640, 659.500000000]: PHASE2C_KEYSCAN_ACCEPTED unique_id=461 state_id=461 sim_time=659.500000
Warning: TF_REPEATED_DATA ignoring data with redundant timestamp for frame odom (parent offset) at time 659.700000 according to authority unknown_publisher
         at line 277 in /tmp/binarydeb/ros-noetic-tf2-0.7.10/src/buffer_core.cpp
Warning: TF_REPEATED_DATA ignoring data with redundant timestamp for frame offset (parent map) at time 659.700000 according to authority unknown_publisher
         at line 277 in /tmp/binarydeb/ros-noetic-tf2-0.7.10/src/buffer_core.cpp
Warning: TF_REPEATED_DATA ignoring data with redundant timestamp for frame odom (parent offset) at time 659.700000 according to authority unknown_publisher
         at line 277 in /tmp/binarydeb/ros-noetic-tf2-0.7.10/src/buffer_core.cpp
Warning: TF_REPEATED_DATA ignoring data with redundant timestamp for frame odom (parent offset) at time 659.700000 according to authority unknown_publisher
[INFO] [1788241438.482028112, 648.900000000]: Call local replanning...
[INFO] [1788241438.487445604, 648.900000000]: Find middle goal point.
[INFO] [1788241444.374812696, 654.800000000]: Call local replanning...
[INFO] [1788241444.379791743, 654.800000000]: Find middle goal point.
         at line Warning: 277TF_REPEATED_DATA ignoring data with redundant timestamp for frame odom (parent offset) at time 659.700000 according to authority unknown_publisher in 
/tmp/binarydeb/ros-noetic-tf2-0.7.10/src/buffer_core.cpp         at line 
277 in /tmp/binarydeb/ros-noetic-tf2-0.7.10/src/buffer_core.cpp
Warning: [WARN] [1788241449.284448427, 659.700000000]: TF_REPEATED_DATA ignoring data with redundant timestamp for frame odom (parent offset) at time 659.700000 according to authority unknown_publisher
Warning: TF_REPEATED_DATA ignoring data with redundant timestamp for frame offset (parent map) at time 659.700000 according to authority unknown_publisherTF_REPEATED_DATA ignoring data with redundant timestamp for frame offset (parent map) at time 659.700000 according to authority unknown_publisher

         at line          at line 277277 in  in /tmp/binarydeb/ros-noetic-tf2-0.7.10/src/buffer_core.cpp/tmp/binarydeb/ros-noetic-tf2-0.7.10/src/buffer_core.cpp

Warning: TF_REPEATED_DATA ignoring data with redundant timestamp for frame offset (parent map) at time 659.700000 according to authority unknown_publisher
         at line 277 in /tmp/binarydeb/ros-noetic-tf2-0.7.10/src/buffer_core.cpp
[WARN] [1788241449.284483832, 659.700000000]: TF_REPEATED_DATA ignoring data with redundant timestamp for frame offset (parent map) at time 659.700000 according to authority unknown_publisher
Warning: TF_REPEATED_DATA ignoring data with redundant timestamp for frame odom (parent offset) at time 665.900000 according to authority unknown_publisher
         at line 277 in /tmp/binarydeb/ros-noetic-tf2-0.7.10/src/buffer_core.cpp
Warning: [INFO] [1788241451.187735273, 661.600000000]: PHASE2C_KEYSCAN_ACCEPTED unique_id=462 state_id=462 sim_time=661.600000
[INFO] [1788241452.484924776, 662.900000000]: PHASE2C_KEYSCAN_ACCEPTED unique_id=463 state_id=463 sim_time=662.900000
[INFO] [1788241453.888969413, 664.300000000]: PHASE2C_KEYSCAN_ACCEPTED unique_id=464 state_id=464 sim_time=664.300000
[INFO] [1788241455.283961457, 665.700000000]: PHASE2C_KEYSCAN_ACCEPTED unique_id=465 state_id=465 sim_time=665.700000
TF_REPEATED_DATA ignoring data with redundant timestamp for frame offset (parent map) at time 665.900000 according to authority unknown_publisherWarning: [INFO] [1788241450.276765089, 660.700000000]: Call local replanning...
[INFO] [1788241450.281981103, 660.700000000]: Find middle goal point.

TF_REPEATED_DATA ignoring data with redundant timestamp for frame odom (parent offset) at time 665.900000 according to authority unknown_publisherWarning:          at line 
TF_REPEATED_DATA ignoring data with redundant timestamp for frame odom (parent offset) at time 665.900000 according to authority unknown_publisher277 in          at line 
/tmp/binarydeb/ros-noetic-tf2-0.7.10/src/buffer_core.cpp277         at line 
 in 277/tmp/binarydeb/ros-noetic-tf2-0.7.10/src/buffer_core.cpp in 
/tmp/binarydeb/ros-noetic-tf2-0.7.10/src/buffer_core.cpp
Warning: Warning: Warning: TF_REPEATED_DATA ignoring data with redundant timestamp for frame odom (parent offset) at time 665.900000 according to authority unknown_publisherTF_REPEATED_DATA ignoring data with redundant timestamp for frame offset (parent map) at time 665.900000 according to authority unknown_publisherTF_REPEATED_DATA ignoring data with redundant timestamp for frame offset (parent map) at time 665.900000 according to authority unknown_publisher


         at line          at line          at line 277277277 in  in  in /tmp/binarydeb/ros-noetic-tf2-0.7.10/src/buffer_core.cpp/tmp/binarydeb/ros-noetic-tf2-0.7.10/src/buffer_core.cpp/tmp/binarydeb/ros-noetic-tf2-0.7.10/src/buffer_core.cpp


Warning: TF_REPEATED_DATA ignoring data with redundant timestamp for frame offset (parent map) at time 665.900000 according to authority unknown_publisher
         at line 277 in /tmp/binarydeb/ros-noetic-tf2-0.7.10/src/buffer_core.cpp
[WARN] [1788241455.471198689, 665.900000000]: TF_REPEATED_DATA ignoring data with redundant timestamp for frame odom (parent offset) at time 665.900000 according to authority unknown_publisher
[WARN] [1788241455.471235154, 665.900000000]: TF_REPEATED_DATA ignoring data with redundant timestamp for frame offset (parent map) at time 665.900000 according to authority unknown_publisher
[WARN] [1788241461.566938883, 672.000000000]: No frontier at vertex 38. #Frontier: 0
[WARN] [1788241483.597580885, 694.000000000]: Add one Loop closure. 2 loops have been added.
[INFO] [1788241456.992528074, 667.400000000]: PHASE2C_KEYSCAN_ACCEPTED unique_id=466 state_id=466 sim_time=667.400000
[INFO] [1788241458.570921870, 669.000000000]: PHASE2C_KEYSCAN_ACCEPTED unique_id=467 state_id=467 sim_time=669.000000
[INFO] [1788241459.984182248, 670.400000000]: PHASE2C_KEYSCAN_ACCEPTED unique_id=468 state_id=468 sim_time=670.400000
[INFO] [1788241461.271612071, 671.700000000]: PHASE2C_KEYSCAN_ACCEPTED unique_id=469 state_id=469 sim_time=671.700000
[INFO] [1788241462.593231033, 673.000000000]: PHASE2C_KEYSCAN_ACCEPTED unique_id=470 state_id=470 sim_time=673.000000
[INFO] [1788241463.091186739, 673.500000000]: PHASE2C_KEYSCAN_ACCEPTED unique_id=471 state_id=471 sim_time=673.500000
[INFO] [1788241463.791987660, 674.200000000]: PHASE2C_KEYSCAN_ACCEPTED unique_id=472 state_id=472 sim_time=674.200000
[INFO] [1788241464.388529488, 674.800000000]: PHASE2C_KEYSCAN_ACCEPTED unique_id=473 state_id=473 sim_time=674.800000
[INFO] [1788241465.344849307, 675.700000000]: PHASE2C_KEYSCAN_ACCEPTED unique_id=474 state_id=474 sim_time=675.700000
[INFO] [1788241466.679928327, 677.100000000]: PHASE2C_KEYSCAN_ACCEPTED unique_id=475 state_id=475 sim_time=677.100000
[INFO] [1788241474.106706449, 684.500000000]: PHASE2C_KEYSCAN_ACCEPTED unique_id=476 state_id=476 sim_time=684.500000
[INFO] [1788241475.372935339, 685.800000000]: PHASE2C_KEYSCAN_ACCEPTED unique_id=477 state_id=477 sim_time=685.800000
[INFO] [1788241476.824673857, 687.200000000]: PHASE2C_KEYSCAN_ACCEPTED unique_id=478 state_id=478 sim_time=687.200000
[INFO] [1788241478.292673731, 688.700000000]: PHASE2C_KEYSCAN_ACCEPTED unique_id=479 state_id=479 sim_time=688.700000
[INFO] [1788241479.646955346, 690.000000000]: PHASE2C_KEYSCAN_ACCEPTED unique_id=480 state_id=480 sim_time=690.000000
[INFO] [1788241480.882804378, 691.300000000]: PHASE2C_KEYSCAN_ACCEPTED unique_id=481 state_id=481 sim_time=691.300000
[INFO] [1788241482.340228399, 692.700000000]: PHASE2C_KEYSCAN_ACCEPTED unique_id=482 state_id=482 sim_time=692.700000
[INFO] [1788241483.597638429, 694.000000000]: PHASE4A_LOOP_CLOSED seq=2 current_scan=483 chain_start=8 chain_end=14
[INFO] [1788241483.597753949, 694.000000000]: PHASE2C_KEYSCAN_ACCEPTED unique_id=483 state_id=483 sim_time=694.000000
[INFO] [1788241485.111756431, 695.500000000]: PHASE2C_KEYSCAN_ACCEPTED unique_id=484 state_id=484 sim_time=695.400000
[INFO] [1788241486.196146589, 696.600000000]: PHASE2C_KEYSCAN_ACCEPTED unique_id=485 state_id=485 sim_time=696.600000
[INFO] [1788241486.897682770, 697.300000000]: PHASE2C_KEYSCAN_ACCEPTED unique_id=486 state_id=486 sim_time=697.300000
[INFO] [1788241487.549964102, 697.900000000]: PHASE2C_KEYSCAN_ACCEPTED unique_id=487 state_id=487 sim_time=697.900000
[INFO] [1788241488.184555275, 698.600000000]: PHASE2C_KEYSCAN_ACCEPTED unique_id=488 state_id=488 sim_time=698.600000
[INFO] [1788241488.899242538, 699.300000000]: PHASE2C_KEYSCAN_ACCEPTED unique_id=489 state_id=489 sim_time=699.300000
[INFO] [1788241489.953554438, 700.300000000]: PHASE2C_KEYSCAN_ACCEPTED unique_id=490 state_id=490 sim_time=700.300000
Warning: TF_REPEATED_DATA ignoring data with redundant timestamp for frame odom (parent offset) at time 701.600000 according to authority unknown_publisher
         at line 277 in /tmp/binarydeb/ros-noetic-tf2-0.7.10/src/buffer_core.cpp
Warning: TF_REPEATED_DATA ignoring data with redundant timestamp for frame offset (parent map) at time 701.600000 according to authority unknown_publisher
         at line 277 in /tmp/binarydeb/ros-noetic-tf2-0.7.10/src/buffer_core.cpp
Warning: TF_REPEATED_DATA ignoring data with redundant timestamp for frame odom (parent offset) at time 701.600000 according to authority unknown_publisher
         at line 277 in /tmp/binarydeb/ros-noetic-tf2-0.7.10/src/buffer_core.cpp
Warning: TF_REPEATED_DATA ignoring data with redundant timestamp for frame offset (parent map) at time 701.600000 according to authority unknown_publisher
         at line 277 in /tmp/binarydeb/ros-noetic-tf2-0.7.10/src/buffer_core.cpp
[INFO] [1788241456.308711622, 666.700000000]: Call local replanning...
[INFO] [1788241456.314287485, 666.700000000]: Reach vertex 38
[INFO] [1788241456.318929370, 666.700000000]: Explore Goal 38 's frontiers...
[INFO] [1788241461.561163692, 672.000000000]: Call local replanning...
[INFO] [1788241461.566981925, 672.000000000]: Skip repeated visit to vertex 20
[INFO] [1788241461.566992577, 672.000000000]: Set newGoal 20
[INFO] [1788241467.324918363, 677.700000000]: Next target is loop vertex 20(L)
[INFO] [1788241467.327440232, 677.700000000]: Set reliable loop closing path from reliable_loop_service.
[INFO] [1788241467.327471241, 677.700000000]: PHASE2_LOOP_PLANNED vertex=20 source=reliable_loop_service waypoints=24 path=0.200000003,0;0.726875007,-5.73326109e-16;1.73059011,0.0178383738;2.20743036,0.0356767476;3.06520152,0.238324955;2.97735095,0.249373034;2.85088563,0.245594665;2.68534327,0.36924085;2.70447755,0.487095505;2.88064647,0.595441401;3.00241709,0.511245072;3.08528757,0.408368379;3.77515197,0.745502949;3.85374236,1.26059079;3.8026216,1.75246561;3.7290926,2.69591069;3.70668411,3.14748096;3.70293379,4.19122791;3.70689511,4.67802525;3.71085644,5.16482258;3.71588826,6.06826019;3.73624277,6.58972502;3.77644968,7.6018281;3.79630184,8.09246635
[INFO] [1788241467.327489185, 677.700000000]: Exploration is waiting.
[INFO] [1788241473.328294504, 683.700000000]: PHASE2_LOOP_EXECUTION_STARTED vertex=20 waypoints=24
[INFO] [1788241483.597796190, 694.000000000]: PHASE4A_CLOSURE_ATTRIBUTED seq=2 scan=483 chain=[8,14] (active loop v20)
[INFO] [1788241485.580132278, 696.000000000]: PHASE4A_EARLY_STOP vertex=20 at_waypoint=0 of 24 (closure received)
[INFO] [1788241485.580164201, 696.000000000]: PHASE2_LOOP_EXECUTION_FINISHED vertex=20 waypoints=24
[INFO] [1788241485.584617785, 696.000000000]: Skip repeated visit to vertex 38
[INFO] [1788241485.584640878, 696.000000000]: Set newGoal 26
Warning: TF_REPEATED_DATA ignoring data with redundant timestamp for frame odom (parent offset) at time 701.600000 according to authority unknown_publisher
         at line 277 in /tmp/binarydeb/ros-noetic-tf2-0.7.10/src/buffer_core.cpp
Warning: TF_REPEATED_DATA ignoring data with redundant timestamp for frame offset (parent map) at time 701.600000 according to authority unknown_publisher
         at line 277 in /tmp/binarydeb/ros-noetic-tf2-0.7.10/src/buffer_core.cpp
[WARN] [1788241491.171039449, 701.600000000]: TF_REPEATED_DATA ignoring data with redundant timestamp for frame odom (parent offset) at time 701.600000 according to authority unknown_publisher
[WARN] [1788241491.171059314, 701.600000000]: TF_REPEATED_DATA ignoring data with redundant timestamp for frame offset (parent map) at time 701.600000 according to authority unknown_publisher
Warning: TF_REPEATED_DATA ignoring data with redundant timestamp for frame odom (parent offset) at time 701.600000 according to authority unknown_publisher
         at line 277 in /tmp/binarydeb/ros-noetic-tf2-0.7.10/src/buffer_core.cpp
Warning: TF_REPEATED_DATA ignoring data with redundant timestamp for frame offset (parent map) at time 701.600000 according to authority unknown_publisher
         at line 277 in /tmp/binarydeb/ros-noetic-tf2-0.7.10/src/buffer_core.cpp
concorde /tmp/tmpkw9c4o__/problem.tsp
Host: msxg  Current process id: 189954
Using random seed 1788241491
Number of Nodes: 28
Explicit Lengths (CC_MATRIXNORM)
Set initial upperbound to 1102 (from tour)
ERROR: No dual change in basis finding code
Did not find a basic optimal solution
Fractional matching routine failed
Warning: restarting running timer Miscellaneous
No warmstart, stumbling on anyway
Basic dual change required, but no candidate edges
  LP Value  1: 1097.000000  (0.00 seconds)
  LP Value  2: 1102.000000  (0.00 seconds)
New lower bound: 1102.000000
Final lower bound 1102.000000, upper bound 1102.000000
Exact lower bound: 1102.000000
DIFF: 0.000000
Final LP has 33 rows, 61 columns, 163 nonzeros
Optimal Solution: 1102.00
Number of bbnodes: 1
Total Running Time: 0.00 (seconds)
[INFO] [1788241402.275346, 612.700000]: Handle local replanning...
[INFO] [1788241402.276007, 612.700000]: curr path length: 51, is_loop length: 51
[INFO] [1788241402.276649, 612.700000]: Send new plan: 20 37 17 16 14 15 13 12 17 11 18 10 9 36 8 0 35 1 6 19 38  ---> 20 20(L) 38 26 21 24 21 22 21 23 21 25 27 31 32 29 32 30 32 28 33 38(L) 33 7 5 4 3 34 2 35(L) 
[INFO] [1788241407.186894, 617.600000]: Really visited vertices: 20 37 17 16 15 14 13 12 17 11 18 36 9 36 8 0 35 1 35 6 19 18 37 20 
[INFO] [1788241408.427243, 618.800000]: Replanning request. curr_vertex_idx: 20
[INFO] [1788241408.428115, 618.800000]:                     covered_vertices: ()
[INFO] [1788241408.428833, 618.800000]: Handle local replanning...
[INFO] [1788241408.429578, 618.800000]: curr path length: 51, is_loop length: 51
[INFO] [1788241408.430161, 618.800000]: Send new plan: 20 37 17 16 14 15 13 12 17 11 18 10 9 36 8 0 35 1 6 19 38  ---> 20 20(L) 38 26 21 24 21 22 21 23 21 25 27 31 32 29 32 30 32 28 33 38(L) 33 7 5 4 3 34 2 35(L) 
[INFO] [1788241414.607754, 625.000000]: Replanning request. curr_vertex_idx: 20
[INFO] [1788241414.608812, 625.000000]:                     covered_vertices: ()
[INFO] [1788241414.609482, 625.000000]: Handle local replanning...
[INFO] [1788241414.610067, 625.000000]: curr path length: 51, is_loop length: 51
[INFO] [1788241414.610580, 625.000000]: Send new plan: 20 37 17 16 14 15 13 12 17 11 18 10 9 36 8 0 35 1 6 19 38  ---> 20 20(L) 38 26 21 24 21 22 21 23 21 25 27 31 32 29 32 30 32 28 33 38(L) 33 7 5 4 3 34 2 35(L) 
[INFO] [1788241419.896591, 630.300000]: Really visited vertices: 20 37 17 16 15 14 13 12 17 11 18 36 9 36 8 0 35 1 35 6 19 18 37 20 
[INFO] [1788241420.206366, 630.600000]: Replanning request. curr_vertex_idx: 20
[INFO] [1788241420.207330, 630.600000]:                     covered_vertices: ()
[INFO] [1788241420.208093, 630.600000]: Handle local replanning...
[INFO] [1788241420.208803, 630.600000]: curr path length: 51, is_loop length: 51
[INFO] [1788241420.209479, 630.600000]: Send new plan: 20 37 17 16 14 15 13 12 17 11 18 10 9 36 8 0 35 1 6 19 38  ---> 20 20(L) 38 26 21 24 21 22 21 23 21 25 27 31 32 29 32 30 32 28 33 38(L) 33 7 5 4 3 34 2 35(L) 
[INFO] [1788241426.373710, 636.800000]: Replanning request. curr_vertex_idx: 20
[INFO] [1788241426.374464, 636.800000]:                     covered_vertices: ()
[INFO] [1788241426.375112, 636.800000]: Handle local replanning...
[INFO] [1788241426.375601, 636.800000]: curr path length: 51, is_loop length: 51
[INFO] [1788241426.376029, 636.800000]: Send new plan: 20 37 17 16 14 15 13 12 17 11 18 10 9 36 8 0 35 1 6 19 38  ---> 20 20(L) 38 26 21 24 21 22 21 23 21 25 27 31 32 29 32 30 32 28 33 38(L) 33 7 5 4 3 34 2 35(L) 
[INFO] [1788241432.365313, 642.800000]: Replanning request. curr_vertex_idx: 20
[INFO] [1788241432.366099, 642.800000]:                     covered_vertices: ()
[INFO] [1788241432.366621, 642.800000]: Handle local replanning...
[INFO] [1788241432.367128, 642.800000]: curr path length: 51, is_loop length: 51
[INFO] [1788241432.367810, 642.800000]: Send new plan: 20 37 17 16 14 15 13 12 17 11 18 10 9 36 8 0 35 1 6 19 38  ---> 20 20(L) 38 26 21 24 21 22 21 23 21 25 27 31 32 29 32 30 32 28 33 38(L) 33 7 5 4 3 34 2 35(L) 
[INFO] [1788241438.483090, 648.900000]: Replanning request. curr_vertex_idx: 20
[INFO] [1788241438.484074, 648.900000]:                     covered_vertices: ()
[INFO] [1788241438.484826, 648.900000]: Handle local replanning...
[INFO] [1788241438.485652, 648.900000]: curr path length: 51, is_loop length: 51
[INFO] [1788241438.486365, 648.900000]: Send new plan: 20 37 17 16 14 15 13 12 17 11 18 10 9 36 8 0 35 1 6 19 38  ---> 20 20(L) 38 26 21 24 21 22 21 23 21 25 27 31 32 29 32 30 32 28 33 38(L) 33 7 5 4 3 34 2 35(L) 
[INFO] [1788241444.375934, 654.800000]: Replanning request. curr_vertex_idx: 20
[INFO] [1788241444.376857, 654.800000]:                     covered_vertices: ()
[INFO] [1788241444.377623, 654.800000]: Handle local replanning...
[INFO] [1788241444.378166, 654.800000]: curr path length: 51, is_loop length: 51
[INFO] [1788241444.378798, 654.800000]: Send new plan: 20 37 17 16 14 15 13 12 17 11 18 10 9 36 8 0 35 1 6 19 38  ---> 20 20(L) 38 26 21 24 21 22 21 23 21 25 27 31 32 29 32 30 32 28 33 38(L) 33 7 5 4 3 34 2 35(L) 
[INFO] [1788241449.284702, 659.700000]: Really visited vertices: 20 37 17 16 15 14 13 12 17 11 18 36 9 36 8 0 35 1 35 6 19 18 37 20 
[INFO] [1788241450.277812, 660.700000]: Replanning request. curr_vertex_idx: 20
[INFO] [1788241450.278800, 660.700000]:                     covered_vertices: ()
[INFO] [1788241450.279581, 660.700000]: Handle local replanning...
[INFO] [1788241450.280287, 660.700000]: curr path length: 51, is_loop length: 51
[INFO] [1788241450.280971, 660.700000]: Send new plan: 20 37 17 16 14 15 13 12 17 11 18 10 9 36 8 0 35 1 6 19 38  ---> 20 20(L) 38 26 21 24 21 22 21 23 21 25 27 31 32 29 32 30 32 28 33 38(L) 33 7 5 4 3 34 2 35(L) 
[INFO] [1788241455.471376, 665.900000]: Really visited vertices: 20 37 17 16 15 14 13 12 17 11 18 36 9 36 8 0 35 1 35 6 19 18 37 20 38 
[INFO] [1788241456.309908, 666.700000]: Replanning request. curr_vertex_idx: 20
[INFO] [1788241456.310940, 666.700000]:                     covered_vertices: ()
[INFO] [1788241456.311629, 666.700000]: Handle local replanning...
[INFO] [1788241456.312316, 666.700000]: curr path length: 51, is_loop length: 51
[INFO] [1788241456.313104, 666.700000]: Send new plan: 20 37 17 16 14 15 13 12 17 11 18 10 9 36 8 0 35 1 6 19 38  ---> 20 20(L) 38 26 21 24 21 22 21 23 21 25 27 31 32 29 32 30 32 28 33 38(L) 33 7 5 4 3 34 2 35(L) 
[INFO] [1788241461.562354, 672.000000]: Replanning request. curr_vertex_idx: 20
[INFO] [1788241461.563402, 672.000000]:                     covered_vertices: ()
[INFO] [1788241461.564251, 672.000000]: Handle local replanning...
[INFO] [1788241461.565092, 672.000000]: curr path length: 51, is_loop length: 51
[INFO] [1788241461.565867, 672.000000]: Send new plan: 20 37 17 16 14 15 13 12 17 11 18 10 9 36 8 0 35 1 6 19 38  ---> 20 20(L) 38 26 21 24 21 22 21 23 21 25 27 31 32 29 32 30 32 28 33 38(L) 33 7 5 4 3 34 2 35(L) 
[INFO] [1788241466.781092, 677.200000]: Really visited vertices: 20 37 17 16 15 14 13 12 17 11 18 36 9 36 8 0 35 1 35 6 19 18 37 20 38 
[INFO] [1788241467.326340, 677.700000]: PHASE4A_SELECTIVE_REPAIR vertex=20 span_m=2.28 planned_len_m=12.05 waypoints=24
[INFO] [1788241478.392674, 688.800000]: Really visited vertices: 20 37 17 16 15 14 13 12 17 11 18 36 9 36 8 0 35 1 35 6 19 18 37 20 38 
[INFO] [1788241485.581234, 696.000000]: Replanning request. curr_vertex_idx: 22
[INFO] [1788241485.582010, 696.000000]:                     covered_vertices: ()
[INFO] [1788241485.582737, 696.000000]: curr path length: 51, is_loop length: 51
[INFO] [1788241485.583390, 696.000000]: Send new plan: 20 37 17 16 14 15 13 12 17 11 18 10 9 36 8 0 35 1 6 19 38 20 20(L)  ---> 38 26 21 24 21 22 21 23 21 25 27 31 32 29 32 30 32 28 33 38(L) 33 7 5 4 3 34 2 35(L) 
[INFO] [1788241491.686923, 702.100000]: Replanning request. curr_vertex_idx: 24
[INFO] [1788241491.687794, 702.100000]:                     covered_vertices: ()
[INFO] [1788241491.688492, 702.100000]: Handle local replanning...
[INFO] [1788241491.689053, 702.100000]: Local path to replan: [26, 21, 24, 22, 23, 25, 27, 31, 32, 29, 30, 28, 33, 38]
Reverse tsp path is better!
concorde /tmp/tmpzbp86cuo/problem.tsp
Host: msxg  Current process id: 190004
Using random seed 1788241497
Number of Nodes: 28
Explicit Lengths (CC_MATRIXNORM)
Set initial upperbound to 1102 (from tour)
ERROR: No dual change in basis finding code
Did not find a basic optimal solution
Fractional matching routine failed
Warning: restarting running timer Miscellaneous
No warmstart, stumbling on anyway
Basic dual change required, but no candidate edges
  LP Value  1: 1081.000000  (0.00 seconds)
  LP Value  2: 1102.000000  (0.00 seconds)
New lower bound: 1102.000000
Final lower bound 1102.000000, upper bound 1102.000000
Exact lower bound: 1102.000000
DIFF: 0.000000
Final LP has 36 rows, 69 columns, 195 nonzeros
Optimal Solution: 1102.00
Number of bbnodes: 1
Total Running Time: 0.00 (seconds)
concorde /tmp/tmpjhr4ll0z/problem.tsp
Host: msxg  Current process id: 190067
Using random seed 1788241503
Number of Nodes: 28
Explicit Lengths (CC_MATRIXNORM)
Set initial upperbound to 1102 (from tour)
ERROR: No dual change in basis finding code
Did not find a basic optimal solution
Fractional matching routine failed
Warning: restarting running timer Miscellaneous
No warmstart, stumbling on anyway
Basic dual change required, but no candidate edges
  LP Value  1: 986.000000  (0.00 seconds)
  LP Value  2: 1102.000000  (0.00 seconds)
New lower bound: 1102.000000
Final lower bound 1102.000000, upper bound 1102.000000
Exact lower bound: 1102.000000
DIFF: 0.000000
Final LP has 35 rows, 64 columns, 191 nonzeros
Optimal Solution: 1102.00
Number of bbnodes: 1
Total Running Time: 0.00 (seconds)
[[ 0.         14.85658853 23.92624743 24.6585361  25.00172265 25.24212025
  36.77764252 38.88093298 17.94199944 24.36940002 28.55776301 34.19260925
  22.8355999  14.69172766]
 [14.85658853  0.          9.0696589   9.80194757 10.14513412 10.38553172
  21.92105399 36.20972519 32.79858796 39.22598855 43.41435153 49.04919777
  37.69218843 29.54831619]
 [23.92624743  9.0696589   0.         18.87160647 19.21479302 19.45519062
  30.99071289 45.27938409 41.86824686 48.29564745 52.48401043 58.11885667
  46.76184733 38.61797509]
 [24.6585361   9.80194757 18.87160647  0.         19.9470817  20.18747929
  31.72300157 46.01167276 42.60053554 49.02793613 53.21629911 54.94750674
  43.5904974  34.13018666]
 [25.00172265 10.14513412 19.21479302 19.9470817   0.         20.53066584
  32.06618811 46.35485931 42.94372208 49.37112267 53.55948565 59.19433189
  47.83732255 39.69345031]
 [25.24212025 10.38553172 19.45519062 20.18747929 20.53066584  0.
  11.53552227 25.82419347 30.52557746 38.85624553 41.14134103 47.75792936
  48.07772015 39.93384791]
 [36.77764252 21.92105399 30.99071289 31.72300157 32.06618811 11.53552227
   0.         14.2886712  18.99005518 27.32072326 29.60581875 36.22240709
  40.47205553 34.78793269]
 [38.88093298 36.20972519 45.27938409 46.01167276 46.35485931 25.82419347
  14.2886712   0.         20.93893354 29.26960162 31.55469711 38.17128545
  42.42093389 36.73681105]
 [17.94199944 32.79858796 41.86824686 42.60053554 42.94372208 30.52557746
  18.99005518 20.93893354  0.          8.33066808 10.61576357 17.23235191
  21.48200035 15.79787751]
 [24.36940002 39.22598855 48.29564745 49.02793613 49.37112267 38.85624553
  27.32072326 29.26960162  8.33066808  0.         18.94643165 25.56301999
  25.86100006 22.52219963]
 [28.55776301 43.41435153 52.48401043 53.21629911 53.55948565 41.14134103
  29.60581875 31.55469711 10.61576357 18.94643165  0.         27.84811548
  32.09776392 26.41364108]
 [34.19260925 49.04919777 58.11885667 54.94750674 59.19433189 47.75792936
  36.22240709 38.17128545 17.23235191 25.56301999 27.84811548  0.
  11.35700935 20.81732008]
 [22.8355999  37.69218843 46.76184733 43.5904974  47.83732255 48.07772015
  40.47205553 42.42093389 21.48200035 25.86100006 32.09776392 11.35700935
   0.          9.46031074]
 [14.69172766 29.54831619 38.61797509 34.13018666 39.69345031 39.93384791
  34.78793269 36.73681105 15.79787751 22.52219963 26.41364108 20.81732008
   9.46031074  0.        ]]
[INFO] [1788241491.709453, 702.100000]: curr path length: 51, is_loop length: 51
[INFO] [1788241491.710511, 702.100000]: Send new plan: 20 37 17 16 14 15 13 12 17 11 18 10 9 36 8 0 35 1 6 19 38 20 20(L) 38 26  ---> 21 24 21 22 21 23 21 25 27 31 32 29 32 30 32 28 33 38(L) 33 7 5 4 3 34 2 35(L) 
[INFO] [1788241496.689703, 707.100000]: Really visited vertices: 20 37 17 16 15 14 13 12 17 11 18 36 9 36 8 0 35 1 35 6 19 18 37 20 38 20 
[INFO] [1788241497.299298, 707.700000]: Replanning request. curr_vertex_idx: 24
[INFO] [1788241497.300178, 707.700000]:                     covered_vertices: ()
[INFO] [1788241497.300811, 707.700000]: Handle local replanning...
[INFO] [1788241497.301353, 707.700000]: Local path to replan: [26, 21, 24, 22, 23, 25, 27, 31, 32, 29, 30, 28, 33, 38]
Reverse tsp path is better!
[[ 0.         14.85658853 23.92624743 24.6585361  25.00172265 25.24212025
  36.77764252 38.88093298 17.94199944 24.36940002 28.55776301 34.19260925
  22.8355999  14.69172766]
 [14.85658853  0.          9.0696589   9.80194757 10.14513412 10.38553172
  21.92105399 36.20972519 32.79858796 39.22598855 43.41435153 49.04919777
  37.69218843 29.54831619]
 [23.92624743  9.0696589   0.         18.87160647 19.21479302 19.45519062
  30.99071289 45.27938409 41.86824686 48.29564745 52.48401043 58.11885667
  46.76184733 38.61797509]
 [24.6585361   9.80194757 18.87160647  0.         19.9470817  20.18747929
  31.72300157 46.01167276 42.60053554 49.02793613 53.21629911 54.94750674
  43.5904974  34.13018666]
 [25.00172265 10.14513412 19.21479302 19.9470817   0.         20.53066584
  32.06618811 46.35485931 42.94372208 49.37112267 53.55948565 59.19433189
  47.83732255 39.69345031]
 [25.24212025 10.38553172 19.45519062 20.18747929 20.53066584  0.
  11.53552227 25.82419347 30.52557746 38.85624553 41.14134103 47.75792936
  48.07772015 39.93384791]
 [36.77764252 21.92105399 30.99071289 31.72300157 32.06618811 11.53552227
   0.         14.2886712  18.99005518 27.32072326 29.60581875 36.22240709
  40.47205553 34.78793269]
 [38.88093298 36.20972519 45.27938409 46.01167276 46.35485931 25.82419347
  14.2886712   0.         20.93893354 29.26960162 31.55469711 38.17128545
  42.42093389 36.73681105]
 [17.94199944 32.79858796 41.86824686 42.60053554 42.94372208 30.52557746
  18.99005518 20.93893354  0.          8.33066808 10.61576357 17.23235191
  21.48200035 15.79787751]
 [24.36940002 39.22598855 48.29564745 49.02793613 49.37112267 38.85624553
  27.32072326 29.26960162  8.33066808  0.         18.94643165 25.56301999
  25.86100006 22.52219963]
 [28.55776301 43.41435153 52.48401043 53.21629911 53.55948565 41.14134103
  29.60581875 31.55469711 10.61576357 18.94643165  0.         27.84811548
  32.09776392 26.41364108]
 [34.19260925 49.04919777 58.11885667 54.94750674 59.19433189 47.75792936
  36.22240709 38.17128545 17.23235191 25.56301999 27.84811548  0.
  11.35700935 20.81732008]
 [22.8355999  37.69218843 46.76184733 43.5904974  47.83732255 48.07772015
  40.47205553 42.42093389 21.48200035 25.86100006 32.09776392 11.35700935
   0.          9.46031074]
 [14.69172766 29.54831619 38.61797509 34.13018666 39.69345031 39.93384791
  34.78793269 36.73681105 15.79787751 22.52219963 26.41364108 20.81732008
   9.46031074  0.        ]]
[INFO] [1788241497.320897, 707.700000]: curr path length: 51, is_loop length: 51
[INFO] [1788241497.321849, 707.700000]: Send new plan: 20 37 17 16 14 15 13 12 17 11 18 10 9 36 8 0 35 1 6 19 38 20 20(L) 38 26  ---> 21 24 21 22 21 23 21 25 27 31 32 29 32 30 32 28 33 38(L) 33 7 5 4 3 34 2 35(L) 
[INFO] [1788241503.574181, 714.000000]: Replanning request. curr_vertex_idx: 24
[INFO] [1788241503.575001, 714.000000]:                     covered_vertices: ()
[INFO] [1788241503.575756, 714.000000]: Handle local replanning...
[INFO] [1788241503.576517, 714.000000]: Local path to replan: [26, 21, 24, 22, 23, 25, 27, 31, 32, 29, 30, 28, 33, 38]
Reverse tsp path is better!
concorde /tmp/tmp0dyyi_qo/problem.tsp
Host: msxg  Current process id: 190125
Using random seed 1788241509
Number of Nodes: 28
Explicit Lengths (CC_MATRIXNORM)
Set initial upperbound to 1102 (from tour)
ERROR: No dual change in basis finding code
Did not find a basic optimal solution
Fractional matching routine failed
Warning: restarting running timer Miscellaneous
No warmstart, stumbling on anyway
Basic dual change required, but no candidate edges
  LP Value  1: 1069.000000  (0.00 seconds)
  LP Value  2: 1102.000000  (0.00 seconds)
New lower bound: 1102.000000
Final lower bound 1102.000000, upper bound 1102.000000
Exact lower bound: 1102.000000
DIFF: 0.000000
Final LP has 33 rows, 66 columns, 173 nonzeros
Optimal Solution: 1102.00
Number of bbnodes: 1
Total Running Time: 0.01 (seconds)
concorde /tmp/tmp4fyuaect/problem.tsp
Host: msxg  Current process id: 190150
Using random seed 1788241511
Number of Nodes: 28
Explicit Lengths (CC_MATRIXNORM)
Set initial upperbound to 1102 (from tour)
ERROR: No dual change in basis finding code
Did not find a basic optimal solution
Fractional matching routine failed
Warning: restarting running timer Miscellaneous
No warmstart, stumbling on anyway
Basic dual change required, but no candidate edges
  LP Value  1: 1076.000000  (0.00 seconds)
  LP Value  2: 1102.000000  (0.00 seconds)
New lower bound: 1102.000000
Final lower bound 1102.000000, upper bound 1102.000000
Exact lower bound: 1102.000000
DIFF: 0.000000
Final LP has 35 rows, 60 columns, 171 nonzeros
Optimal Solution: 1102.00
Number of bbnodes: 1
Total Running Time: 0.01 (seconds)
[[ 0.         14.85658853 23.92624743 24.6585361  25.00172265 25.24212025
  36.77764252 38.88093298 17.94199944 24.36940002 28.55776301 34.19260925
  22.8355999  14.69172766]
 [14.85658853  0.          9.0696589   9.80194757 10.14513412 10.38553172
  21.92105399 36.20972519 32.79858796 39.22598855 43.41435153 49.04919777
  37.69218843 29.54831619]
 [23.92624743  9.0696589   0.         18.87160647 19.21479302 19.45519062
  30.99071289 45.27938409 41.86824686 48.29564745 52.48401043 58.11885667
  46.76184733 38.61797509]
 [24.6585361   9.80194757 18.87160647  0.         19.9470817  20.18747929
  31.72300157 46.01167276 42.60053554 49.02793613 53.21629911 54.94750674
  43.5904974  34.13018666]
 [25.00172265 10.14513412 19.21479302 19.9470817   0.         20.53066584
  32.06618811 46.35485931 42.94372208 49.37112267 53.55948565 59.19433189
  47.83732255 39.69345031]
 [25.24212025 10.38553172 19.45519062 20.18747929 20.53066584  0.
  11.53552227 25.82419347 30.52557746 38.85624553 41.14134103 47.75792936
  48.07772015 39.93384791]
 [36.77764252 21.92105399 30.99071289 31.72300157 32.06618811 11.53552227
   0.         14.2886712  18.99005518 27.32072326 29.60581875 36.22240709
  40.47205553 34.78793269]
 [38.88093298 36.20972519 45.27938409 46.01167276 46.35485931 25.82419347
  14.2886712   0.         20.93893354 29.26960162 31.55469711 38.17128545
  42.42093389 36.73681105]
 [17.94199944 32.79858796 41.86824686 42.60053554 42.94372208 30.52557746
  18.99005518 20.93893354  0.          8.33066808 10.61576357 17.23235191
  21.48200035 15.79787751]
 [24.36940002 39.22598855 48.29564745 49.02793613 49.37112267 38.85624553
  27.32072326 29.26960162  8.33066808  0.         18.94643165 25.56301999
  25.86100006 22.52219963]
 [28.55776301 43.41435153 52.48401043 53.21629911 53.55948565 41.14134103
  29.60581875 31.55469711 10.61576357 18.94643165  0.         27.84811548
  32.09776392 26.41364108]
 [34.19260925 49.04919777 58.11885667 54.94750674 59.19433189 47.75792936
  36.22240709 38.17128545 17.23235191 25.56301999 27.84811548  0.
  11.35700935 20.81732008]
 [22.8355999  37.69218843 46.76184733 43.5904974  47.83732255 48.07772015
  40.47205553 42.42093389 21.48200035 25.86100006 32.09776392 11.35700935
   0.          9.46031074]
 [14.69172766 29.54831619 38.61797509 34.13018666 39.69345031 39.93384791
  34.78793269 36.73681105 15.79787751 22.52219963 26.41364108 20.81732008
   9.46031074  0.        ]]
[INFO] [1788241503.598474, 714.000000]: curr path length: 51, is_loop length: 51
[INFO] [1788241503.599706, 714.000000]: Send new plan: 20 37 17 16 14 15 13 12 17 11 18 10 9 36 8 0 35 1 6 19 38 20 20(L) 38 26  ---> 21 24 21 22 21 23 21 25 27 31 32 29 32 30 32 28 33 38(L) 33 7 5 4 3 34 2 35(L) 
[INFO] [1788241509.422162, 719.800000]: Replanning request. curr_vertex_idx: 24
[INFO] [1788241509.423070, 719.800000]:                     covered_vertices: ()
[INFO] [1788241509.423977, 719.800000]: Handle local replanning...
[INFO] [1788241509.424743, 719.800000]: Local path to replan: [26, 21, 24, 22, 23, 25, 27, 31, 32, 29, 30, 28, 33, 38]
Original tsp path is better!
[[ 0.         14.85658853 23.92624743 24.6585361  25.00172265 25.24212025
  36.77764252 38.88093298 17.94199944 24.36940002 28.55776301 34.19260925
  22.8355999  14.69172766]
 [14.85658853  0.          9.0696589   9.80194757 10.14513412 10.38553172
  21.92105399 36.20972519 32.79858796 39.22598855 43.41435153 49.04919777
  37.69218843 29.54831619]
 [23.92624743  9.0696589   0.         18.87160647 19.21479302 19.45519062
  30.99071289 45.27938409 41.86824686 48.29564745 52.48401043 58.11885667
  46.76184733 38.61797509]
 [24.6585361   9.80194757 18.87160647  0.         19.9470817  20.18747929
  31.72300157 46.01167276 42.60053554 49.02793613 53.21629911 54.94750674
  43.5904974  34.13018666]
 [25.00172265 10.14513412 19.21479302 19.9470817   0.         20.53066584
  32.06618811 46.35485931 42.94372208 49.37112267 53.55948565 59.19433189
  47.83732255 39.69345031]
 [25.24212025 10.38553172 19.45519062 20.18747929 20.53066584  0.
  11.53552227 25.82419347 30.52557746 38.85624553 41.14134103 47.75792936
  48.07772015 39.93384791]
 [36.77764252 21.92105399 30.99071289 31.72300157 32.06618811 11.53552227
   0.         14.2886712  18.99005518 27.32072326 29.60581875 36.22240709
  40.47205553 34.78793269]
 [38.88093298 36.20972519 45.27938409 46.01167276 46.35485931 25.82419347
  14.2886712   0.         20.93893354 29.26960162 31.55469711 38.17128545
  42.42093389 36.73681105]
 [17.94199944 32.79858796 41.86824686 42.60053554 42.94372208 30.52557746
  18.99005518 20.93893354  0.          8.33066808 10.61576357 17.23235191
  21.48200035 15.79787751]
 [24.36940002 39.22598855 48.29564745 49.02793613 49.37112267 38.85624553
  27.32072326 29.26960162  8.33066808  0.         18.94643165 25.56301999
  25.86100006 22.52219963]
 [28.55776301 43.41435153 52.48401043 53.21629911 53.55948565 41.14134103
  29.60581875 31.55469711 10.61576357 18.94643165  0.         27.84811548
  32.09776392 26.41364108]
 [34.19260925 49.04919777 58.11885667 54.94750674 59.19433189 47.75792936
  36.22240709 38.17128545 17.23235191 25.56301999 27.84811548  0.
  11.35700935 20.81732008]
 [22.8355999  37.69218843 46.76184733 43.5904974  47.83732255 48.07772015
  40.47205553 42.42093389 21.48200035 25.86100006 32.09776392 11.35700935
   0.          9.46031074]
 [14.69172766 29.54831619 38.61797509 34.13018666 39.69345031 39.93384791
  34.78793269 36.73681105 15.79787751 22.52219963 26.41364108 20.81732008
   9.46031074  0.        ]]
[INFO] [1788241509.446056, 719.800000]: curr path length: 51, is_loop length: 51
[INFO] [1788241509.447622, 719.800000]: Send new plan: 20 37 17 16 14 15 13 12 17 11 18 10 9 36 8 0 35 1 6 19 38 20 20(L) 38 26  ---> 21 24 21 22 21 23 21 25 27 31 32 29 32 30 32 28 33 38(L) 33 7 5 4 3 34 2 35(L) 
[INFO] [1788241511.611937, 722.000000]: Replanning request. curr_vertex_idx: 24
[INFO] [1788241511.612930, 722.000000]:                     covered_vertices: ()
[INFO] [1788241511.613527, 722.000000]: Handle local replanning...
[INFO] [1788241511.614349, 722.000000]: Local path to replan: [26, 21, 24, 22, 23, 25, 27, 31, 32, 29, 30, 28, 33, 38]
Reverse tsp path is better!
concorde /tmp/tmp7fv7gjhe/problem.tsp
Host: msxg  Current process id: 190219
Using random seed 1788241517
Number of Nodes: 28
Explicit Lengths (CC_MATRIXNORM)
Set initial upperbound to 1102 (from tour)
ERROR: No dual change in basis finding code
Did not find a basic optimal solution
Fractional matching routine failed
Warning: restarting running timer Miscellaneous
No warmstart, stumbling on anyway
Basic dual change required, but no candidate edges
  LP Value  1: 1064.000000  (0.00 seconds)
  LP Value  2: 1102.000000  (0.00 seconds)
New lower bound: 1102.000000
Final lower bound 1102.000000, upper bound 1102.000000
Exact lower bound: 1102.000000
DIFF: 0.000000
Final LP has 35 rows, 64 columns, 186 nonzeros
Optimal Solution: 1102.00
Number of bbnodes: 1
Total Running Time: 0.00 (seconds)
concorde /tmp/tmpi1octuit/problem.tsp
Host: msxg  Current process id: 190267
Using random seed 1788241523
Number of Nodes: 28
Explicit Lengths (CC_MATRIXNORM)
Set initial upperbound to 1102 (from tour)
ERROR: No dual change in basis finding code
Did not find a basic optimal solution
Fractional matching routine failed
Warning: restarting running timer Miscellaneous
No warmstart, stumbling on anyway
Basic dual change required, but no candidate edges
  LP Value  1: 986.000000  (0.00 seconds)
  LP Value  2: 1097.000000  (0.00 seconds)
  LP Value  3: 1102.000000  (0.00 seconds)
New lower bound: 1102.000000
Final lower bound 1102.000000, upper bound 1102.000000
Exact lower bound: 1102.000000
DIFF: 0.000000
Final LP has 35 rows, 68 columns, 188 nonzeros
Optimal Solution: 1102.00
Number of bbnodes: 1
Total Running Time: 0.01 (seconds)
[[ 0.         14.85658853 23.92624743 24.6585361  25.00172265 25.24212025
  36.77764252 38.88093298 17.94199944 24.36940002 28.55776301 34.19260925
  22.8355999  14.69172766]
 [14.85658853  0.          9.0696589   9.80194757 10.14513412 10.38553172
  21.92105399 36.20972519 32.79858796 39.22598855 43.41435153 49.04919777
  37.69218843 29.54831619]
 [23.92624743  9.0696589   0.         18.87160647 19.21479302 19.45519062
  30.99071289 45.27938409 41.86824686 48.29564745 52.48401043 58.11885667
  46.76184733 38.61797509]
 [24.6585361   9.80194757 18.87160647  0.         19.9470817  20.18747929
  31.72300157 46.01167276 42.60053554 49.02793613 53.21629911 54.94750674
  43.5904974  34.13018666]
 [25.00172265 10.14513412 19.21479302 19.9470817   0.         20.53066584
  32.06618811 46.35485931 42.94372208 49.37112267 53.55948565 59.19433189
  47.83732255 39.69345031]
 [25.24212025 10.38553172 19.45519062 20.18747929 20.53066584  0.
  11.53552227 25.82419347 30.52557746 38.85624553 41.14134103 47.75792936
  48.07772015 39.93384791]
 [36.77764252 21.92105399 30.99071289 31.72300157 32.06618811 11.53552227
   0.         14.2886712  18.99005518 27.32072326 29.60581875 36.22240709
  40.47205553 34.78793269]
 [38.88093298 36.20972519 45.27938409 46.01167276 46.35485931 25.82419347
  14.2886712   0.         20.93893354 29.26960162 31.55469711 38.17128545
  42.42093389 36.73681105]
 [17.94199944 32.79858796 41.86824686 42.60053554 42.94372208 30.52557746
  18.99005518 20.93893354  0.          8.33066808 10.61576357 17.23235191
  21.48200035 15.79787751]
 [24.36940002 39.22598855 48.29564745 49.02793613 49.37112267 38.85624553
  27.32072326 29.26960162  8.33066808  0.         18.94643165 25.56301999
  25.86100006 22.52219963]
 [28.55776301 43.41435153 52.48401043 53.21629911 53.55948565 41.14134103
  29.60581875 31.55469711 10.61576357 18.94643165  0.         27.84811548
  32.09776392 26.41364108]
 [34.19260925 49.04919777 58.11885667 54.94750674 59.19433189 47.75792936
  36.22240709 38.17128545 17.23235191 25.56301999 27.84811548  0.
  11.35700935 20.81732008]
 [22.8355999  37.69218843 46.76184733 43.5904974  47.83732255 48.07772015
  40.47205553 42.42093389 21.48200035 25.86100006 32.09776392 11.35700935
   0.          9.46031074]
 [14.69172766 29.54831619 38.61797509 34.13018666 39.69345031 39.93384791
  34.78793269 36.73681105 15.79787751 22.52219963 26.41364108 20.81732008
   9.46031074  0.        ]]
[INFO] [1788241511.634902, 722.000000]: curr path length: 51, is_loop length: 51
[INFO] [1788241511.636142, 722.000000]: Send new plan: 20 37 17 16 14 15 13 12 17 11 18 10 9 36 8 0 35 1 6 19 38 20 20(L) 38 26  ---> 21 24 21 22 21 23 21 25 27 31 32 29 32 30 32 28 33 38(L) 33 7 5 4 3 34 2 35(L) 
[INFO] [1788241517.585250, 728.000000]: Replanning request. curr_vertex_idx: 24
[INFO] [1788241517.586488, 728.000000]:                     covered_vertices: ()
[INFO] [1788241517.587429, 728.000000]: Handle local replanning...
[INFO] [1788241517.588302, 728.000000]: Local path to replan: [26, 21, 24, 22, 23, 25, 27, 31, 32, 29, 30, 28, 33, 38]
Reverse tsp path is better!
[[ 0.         14.85658853 23.92624743 24.6585361  25.00172265 25.24212025
  36.77764252 38.88093298 17.94199944 24.36940002 28.55776301 34.19260925
  22.8355999  14.69172766]
 [14.85658853  0.          9.0696589   9.80194757 10.14513412 10.38553172
  21.92105399 36.20972519 32.79858796 39.22598855 43.41435153 49.04919777
  37.69218843 29.54831619]
 [23.92624743  9.0696589   0.         18.87160647 19.21479302 19.45519062
  30.99071289 45.27938409 41.86824686 48.29564745 52.48401043 58.11885667
  46.76184733 38.61797509]
 [24.6585361   9.80194757 18.87160647  0.         19.9470817  20.18747929
  31.72300157 46.01167276 42.60053554 49.02793613 53.21629911 54.94750674
  43.5904974  34.13018666]
 [25.00172265 10.14513412 19.21479302 19.9470817   0.         20.53066584
  32.06618811 46.35485931 42.94372208 49.37112267 53.55948565 59.19433189
  47.83732255 39.69345031]
 [25.24212025 10.38553172 19.45519062 20.18747929 20.53066584  0.
  11.53552227 25.82419347 30.52557746 38.85624553 41.14134103 47.75792936
  48.07772015 39.93384791]
 [36.77764252 21.92105399 30.99071289 31.72300157 32.06618811 11.53552227
   0.         14.2886712  18.99005518 27.32072326 29.60581875 36.22240709
  40.47205553 34.78793269]
 [38.88093298 36.20972519 45.27938409 46.01167276 46.35485931 25.82419347
  14.2886712   0.         20.93893354 29.26960162 31.55469711 38.17128545
  42.42093389 36.73681105]
 [17.94199944 32.79858796 41.86824686 42.60053554 42.94372208 30.52557746
  18.99005518 20.93893354  0.          8.33066808 10.61576357 17.23235191
  21.48200035 15.79787751]
 [24.36940002 39.22598855 48.29564745 49.02793613 49.37112267 38.85624553
  27.32072326 29.26960162  8.33066808  0.         18.94643165 25.56301999
  25.86100006 22.52219963]
 [28.55776301 43.41435153 52.48401043 53.21629911 53.55948565 41.14134103
  29.60581875 31.55469711 10.61576357 18.94643165  0.         27.84811548
  32.09776392 26.41364108]
 [34.19260925 49.04919777 58.11885667 54.94750674 59.19433189 47.75792936
  36.22240709 38.17128545 17.23235191 25.56301999 27.84811548  0.
  11.35700935 20.81732008]
 [22.8355999  37.69218843 46.76184733 43.5904974  47.83732255 48.07772015
  40.47205553 42.42093389 21.48200035 25.86100006 32.09776392 11.35700935
   0.          9.46031074]
 [14.69172766 29.54831619 38.61797509 34.13018666 39.69345031 39.93384791
  34.78793269 36.73681105 15.79787751 22.52219963 26.41364108 20.81732008
   9.46031074  0.        ]]
[INFO] [1788241517.610959, 728.000000]: curr path length: 51, is_loop length: 51
[INFO] [1788241517.612444, 728.000000]: Send new plan: 20 37 17 16 14 15 13 12 17 11 18 10 9 36 8 0 35 1 6 19 38 20 20(L) 38 26  ---> 21 24 21 22 21 23 21 25 27 31 32 29 32 30 32 28 33 38(L) 33 7 5 4 3 34 2 35(L) 
[INFO] [1788241522.481936, 732.900000]: Really visited vertices: 20 37 17 16 15 14 13 12 17 11 18 36 9 36 8 0 35 1 35 6 19 18 37 20 38 20 23 26 
[INFO] [1788241523.317998, 733.700000]: Replanning request. curr_vertex_idx: 24
[INFO] [1788241523.319102, 733.700000]:                     covered_vertices: ()
[INFO] [1788241523.319922, 733.700000]: Handle local replanning...
[INFO] [1788241523.320892, 733.700000]: Local path to replan: [26, 21, 24, 22, 23, 25, 27, 31, 32, 29, 30, 28, 33, 38]
Original tsp path is better!
[WARN] [1788241523.347796594, 733.700000000]: No frontier at vertex 26. #Frontier: 0
concorde /tmp/tmpvic3dx2s/problem.tsp
Host: msxg  Current process id: 190352
Using random seed 1788241529
Number of Nodes: 26
Explicit Lengths (CC_MATRIXNORM)
Set initial upperbound to 1028 (from tour)
ERROR: No dual change in basis finding code
Did not find a basic optimal solution
Fractional matching routine failed
Warning: restarting running timer Miscellaneous
No warmstart, stumbling on anyway
Basic dual change required, but no candidate edges
  LP Value  1: 992.000000  (0.00 seconds)
  LP Value  2: 1028.000000  (0.00 seconds)
New lower bound: 1028.000000
Final lower bound 1028.000000, upper bound 1028.000000
Exact lower bound: 1028.000000
DIFF: 0.000000
Final LP has 29 rows, 59 columns, 155 nonzeros
Optimal Solution: 1028.00
Number of bbnodes: 1
Total Running Time: 0.00 (seconds)
[INFO] [1788241491.295528136, 701.700000000]: PHASE2C_KEYSCAN_ACCEPTED unique_id=491 state_id=491 sim_time=701.700000
[INFO] [1788241492.559481913, 703.000000000]: PHASE2C_KEYSCAN_ACCEPTED unique_id=492 state_id=492 sim_time=702.900000
[INFO] [1788241493.792573743, 704.200000000]: PHASE2C_KEYSCAN_ACCEPTED unique_id=493 state_id=493 sim_time=704.200000
[INFO] [1788241495.221538963, 705.600000000]: PHASE2C_KEYSCAN_ACCEPTED unique_id=494 state_id=494 sim_time=705.600000
[INFO] [1788241496.587187776, 707.000000000]: PHASE2C_KEYSCAN_ACCEPTED unique_id=495 state_id=495 sim_time=707.000000
[INFO] [1788241498.226100152, 708.600000000]: PHASE2C_KEYSCAN_ACCEPTED unique_id=496 state_id=496 sim_time=708.600000
[INFO] [1788241501.124287490, 711.500000000]: PHASE2C_KEYSCAN_ACCEPTED unique_id=497 state_id=497 sim_time=711.500000
[INFO] [1788241503.957298215, 714.300000000]: PHASE2C_KEYSCAN_ACCEPTED unique_id=498 state_id=498 sim_time=714.300000
[INFO] [1788241505.396010408, 715.800000000]: PHASE2C_KEYSCAN_ACCEPTED unique_id=499 state_id=499 sim_time=715.800000
[INFO] [1788241506.605729837, 717.000000000]: PHASE2C_KEYSCAN_ACCEPTED unique_id=500 state_id=500 sim_time=717.000000
[INFO] [1788241507.978845701, 718.400000000]: PHASE2C_KEYSCAN_ACCEPTED unique_id=501 state_id=501 sim_time=718.400000
[INFO] [1788241509.279678444, 719.700000000]: PHASE2C_KEYSCAN_ACCEPTED unique_id=502 state_id=502 sim_time=719.700000
[INFO] [1788241510.690286236, 721.100000000]: PHASE2C_KEYSCAN_ACCEPTED unique_id=503 state_id=503 sim_time=721.100000
[INFO] [1788241511.386651237, 721.800000000]: PHASE2C_KEYSCAN_ACCEPTED unique_id=504 state_id=504 sim_time=721.800000
[INFO] [1788241512.108161556, 722.500000000]: PHASE2C_KEYSCAN_ACCEPTED unique_id=505 state_id=505 sim_time=722.500000
[INFO] [1788241512.701726179, 723.100000000]: PHASE2C_KEYSCAN_ACCEPTED unique_id=506 state_id=506 sim_time=723.100000
[INFO] [1788241513.410500386, 723.800000000]: PHASE2C_KEYSCAN_ACCEPTED unique_id=507 state_id=507 sim_time=723.800000
[INFO] [1788241514.002804694, 724.400000000]: PHASE2C_KEYSCAN_ACCEPTED unique_id=508 state_id=508 sim_time=724.400000
[INFO] [1788241514.699706940, 725.100000000]: PHASE2C_KEYSCAN_ACCEPTED unique_id=509 state_id=509 sim_time=725.100000
[INFO] [1788241515.712630559, 726.100000000]: PHASE2C_KEYSCAN_ACCEPTED unique_id=510 state_id=510 sim_time=726.100000
[INFO] [1788241517.074633201, 727.500000000]: PHASE2C_KEYSCAN_ACCEPTED unique_id=511 state_id=511 sim_time=727.400000
[INFO] [1788241518.414970721, 728.800000000]: PHASE2C_KEYSCAN_ACCEPTED unique_id=512 state_id=512 sim_time=728.800000
[INFO] [1788241519.673670062, 730.100000000]: PHASE2C_KEYSCAN_ACCEPTED unique_id=513 state_id=513 sim_time=730.100000
[INFO] [1788241521.098835734, 731.500000000]: PHASE2C_KEYSCAN_ACCEPTED unique_id=514 state_id=514 sim_time=731.500000
[INFO] [1788241522.375540630, 732.800000000]: PHASE2C_KEYSCAN_ACCEPTED unique_id=515 state_id=515 sim_time=732.800000
[INFO] [1788241523.607559000, 734.000000000]: PHASE2C_KEYSCAN_ACCEPTED unique_id=516 state_id=516 sim_time=734.000000
[INFO] [1788241524.981278276, 735.400000000]: PHASE2C_KEYSCAN_ACCEPTED unique_id=517 state_id=517 sim_time=735.400000
[INFO] [1788241526.202142915, 736.600000000]: PHASE2C_KEYSCAN_ACCEPTED unique_id=518 state_id=518 sim_time=736.600000
[INFO] [1788241527.576666415, 738.000000000]: PHASE2C_KEYSCAN_ACCEPTED unique_id=519 state_id=519 sim_time=738.000000
[INFO] [1788241528.883962119, 739.300000000]: PHASE2C_KEYSCAN_ACCEPTED unique_id=520 state_id=520 sim_time=739.300000
[INFO] [1788241530.180025692, 740.600000000]: PHASE2C_KEYSCAN_ACCEPTED unique_id=521 state_id=521 sim_time=740.600000
[INFO] [1788241531.498211168, 741.900000000]: PHASE2C_KEYSCAN_ACCEPTED unique_id=522 state_id=522 sim_time=741.900000
[INFO] [1788241532.783487744, 743.200000000]: PHASE2C_KEYSCAN_ACCEPTED unique_id=523 state_id=523 sim_time=743.200000
[INFO] [1788241534.087240823, 744.500000000]: PHASE2C_KEYSCAN_ACCEPTED unique_id=524 state_id=524 sim_time=744.500000
[INFO] [1788241535.470018631, 745.900000000]: PHASE2C_KEYSCAN_ACCEPTED unique_id=525concorde /tmp/tmpln9wcq9l/problem.tsp
Host: msxg  Current process id: 190400
Using random seed 1788241535
Number of Nodes: 26
Explicit Lengths (CC_MATRIXNORM)
Set initial upperbound to 994 (from tour)
ERROR: No dual change in basis finding code
Did not find a basic optimal solution
Fractional matching routine failed
Warning: restarting running timer Miscellaneous
No warmstart, stumbling on anyway
Basic dual change required, but no candidate edges
  LP Value  1: 948.000000  (-0.00 seconds)
  LP Value  2: 994.000000  (-0.00 seconds)
New lower bound: 994.000000
Final lower bound 994.000000, upper bound 994.000000
Exact lower bound: 994.000000
DIFF: 0.000000
Final LP has 31 rows, 58 columns, 169 nonzeros
Optimal Solution: 994.00
Number of bbnodes: 1
Total Running Time: 0.00 (seconds)
[WARN] [1788241535.551263651, 745.900000000]: No frontier at vertex 21. #Frontier: 0
 state_id=525 sim_time=745.900000
[INFO] [1788241536.488108746, 746.900000000]: PHASE2C_KEYSCAN_ACCEPTED unique_id=526 state_id=526 sim_time=746.900000
[INFO] [1788241537.075164593, 747.500000000]: PHASE2C_KEYSCAN_ACCEPTED unique_id=527 state_id=527 sim_time=747.500000
[INFO] [1788241537.672316949, 748.100000000]: PHASE2C_KEYSCAN_ACCEPTED unique_id=528 state_id=528 sim_time=748.100000
[INFO] [1788241538.279815914, 748.700000000]: PHASE2C_KEYSCAN_ACCEPTED unique_id=529 state_id=529 sim_time=748.700000
[INFO] [1788241539.297235949, 749.700000000]: PHASE2C_KEYSCAN_ACCEPTED unique_id=530 state_id=530 sim_time=749.700000
[INFO] [1788241540.708544609, 751.100000000]: PHASE2C_KEYSCAN_ACCEPTED unique_id=531 state_id=531 sim_time=751.100000
Warning: TF_REPEATED_DATA ignoring data with redundant timestamp for frame odom (parent offset) at time 751.300000 according to authority unknown_publisher
         at line 277 in /tmp/binarydeb/ros-noetic-tf2-0.7.10/src/buffer_core.cpp
Warning: TF_REPEATED_DATA ignoring data with redundant timestamp for frame offset (parent map) at time 751.300000 according to authority unknown_publisher
         at line [INFO] [1788241491.685631862, 702.100000000]: Call local replanning...
[INFO] [1788241497.298370066, 707.700000000]: Call local replanning...
[INFO] [1788241503.572978142, 714.000000000]: Call local replanning...
[INFO] [1788241509.421185059, 719.800000000]: Call local replanning...
[INFO] [1788241509.449582620, 719.800000000]: Reach vertex 26
[INFO] [1788241509.453464487, 719.800000000]: Explore Goal 26 's frontiers...
[INFO] [1788241511.610555445, 722.000000000]: Call local replanning...
[INFO] [1788241511.653006247, 722.000000000]: Explore Goal 26 's frontiers...
[INFO] [1788241517.583817805, 728.000000000]: Call local replanning...
[INFO] [1788241517.626752057, 728.000000000]: Explore Goal 26 's frontiers...
[INFO] [1788241523.317003534, 733.700000000]: Call local replanning...
[INFO] [1788241523.347848902, 733.700000000]: Set newGoal 21
[INFO] [1788241529.543027035, 739.900000000]: Call local replanning...
[INFO] [1788241535.526126643, 745.900000000]: Call local replanning...
[INFO] [1788241535.551222879, 745.900000000]: Reach vertex 21
[INFO] [1788241535.551327979, 745.900000000]: Set newGoal 23
Warning: 277[WARN] [1788241540.923485434, 751.300000000]: TF_REPEATED_DATA ignoring data with redundant timestamp for frame odom (parent offset) at time 751.300000 according to authority unknown_publisher
Warning: TF_REPEATED_DATA ignoring data with redundant timestamp for frame odom (parent offset) at time 751.300000 according to authority unknown_publisher in TF_REPEATED_DATA ignoring data with redundant timestamp for frame odom (parent offset) at time 751.300000 according to authority unknown_publisher
/tmp/binarydeb/ros-noetic-tf2-0.7.10/src/buffer_core.cpp
         at line 
         at line 277277 in  in /tmp/binarydeb/ros-noetic-tf2-0.7.10/src/buffer_core.cpp/tmp/binarydeb/ros-noetic-tf2-0.7.10/src/buffer_core.cpp

[WARN] [1788241540.923530334, 751.300000000]: TF_REPEATED_DATA ignoring data with redundant timestamp for frame offset (parent map) at time 751.300000 according to authority unknown_publisher
Warning: Warning: TF_REPEATED_DATA ignoring data with redundant timestamp for frame odom (parent offset) at time 751.300000 according to authority unknown_publisherTF_REPEATED_DATA ignoring data with redundant timestamp for frame offset (parent map) at time 751.300000 according to authority unknown_publisher

         at line          at line 277277 in  in /tmp/binarydeb/ros-noetic-tf2-0.7.10/src/buffer_core.cpp/tmp/binarydeb/ros-noetic-tf2-0.7.10/src/buffer_core.cpp

Warning: TF_REPEATED_DATA ignoring data with redundant timestamp for frame offset (parent map) at time 751.300000 according to authority unknown_publisher
         at line 277 in /tmp/binarydeb/ros-noetic-tf2-0.7.10/src/buffer_core.cpp
Warning: TF_REPEATED_DATA ignoring data with redundant timestamp for frame offset (parent map) at time 751.300000 according to authority unknown_publisher
         at line 277 in /tmp/binarydeb/ros-noetic-tf2-0.7.10/src/buffer_core.cpp
[WARN] [1788241557.661630202, 768.100000000]: No frontier at vertex 22. #Frontier: 0
[[ 0.         14.85658853 23.92624743 24.6585361  25.00172265 19.34640121
  30.88192349 38.88093298 17.94199944 24.36940002 28.55776301 34.19260925
  22.8355999  14.69172766]
 [14.85658853  0.          9.0696589   9.80194757 10.14513412 10.38553172
  21.92105399 36.20972519 31.04440117 37.91640091 41.66016474 47.06761115
  35.71060181 27.10560036]
 [23.92624743  9.0696589   0.         18.87160647 19.21479302 19.45519062
  30.99071289 45.27938409 40.11406007 46.98605981 50.72982364 56.13727005
  44.78026071 36.17525926]
 [24.6585361   9.80194757 18.87160647  0.         19.9470817  20.18747929
  31.72300157 46.01167276 40.84634874 47.71834848 51.46211231 54.94750674
  43.5904974  34.13018666]
 [25.00172265 10.14513412 19.21479302 19.9470817   0.         20.53066584
  32.06618811 46.35485931 41.18953529 48.06153503 51.80529886 57.21274527
  45.85573593 37.25073448]
 [19.34640121 10.38553172 19.45519062 20.18747929 20.53066584  0.
  11.53552227 25.82419347 30.52557746 38.85624553 41.14134103 47.75792936
  41.88899994 33.2840004 ]
 [30.88192349 21.92105399 30.99071289 31.72300157 32.06618811 11.53552227
   0.         14.2886712  18.99005518 27.32072326 29.60581875 36.22240709
  40.47205553 34.78793269]
 [38.88093298 36.20972519 45.27938409 46.01167276 46.35485931 25.82419347
  14.2886712   0.         20.93893354 29.26960162 31.55469711 38.17128545
  42.42093389 36.73681105]
 [17.94199944 31.04440117 40.11406007 40.84634874 41.18953529 30.52557746
  18.99005518 20.93893354  0.          8.33066808 10.61576357 17.23235191
  21.48200035 15.79787751]
 [24.36940002 37.91640091 46.98605981 47.71834848 48.06153503 38.85624553
  27.32072326 29.26960162  8.33066808  0.         18.94643165 25.56301999
  25.86100006 22.52219963]
 [28.55776301 41.66016474 50.72982364 51.46211231 51.80529886 41.14134103
  29.60581875 31.55469711 10.61576357 18.94643165  0.         27.84811548
  32.09776392 26.41364108]
 [34.19260925 47.06761115 56.13727005 54.94750674 57.21274527 47.75792936
  36.22240709 38.17128545 17.23235191 25.56301999 27.84811548  0.
  11.35700935 20.81732008]
 [22.8355999  35.71060181 44.78026071 43.5904974  45.85573593 41.88899994
  40.47205553 42.42093389 21.48200035 25.86100006 32.09776392 11.35700935
   0.          9.46031074]
 [14.69172766 27.10560036 36.17525926 34.13018666 37.25073448 33.2840004
  34.78793269 36.73681105 15.79787751 22.52219963 26.41364108 20.81732008
   9.46031074  0.        ]]
[INFO] [1788241523.344823, 733.700000]: curr path length: 51, is_loop length: 51
[INFO] [1788241523.346003, 733.700000]: Send new plan: 20 37 17 16 14 15 13 12 17 11 18 10 9 36 8 0 35 1 6 19 38 20 20(L) 38 26  ---> 21 24 21 22 21 23 21 25 27 31 32 29 32 30 32 28 33 38(L) 33 7 5 4 3 34 2 35(L) 
[INFO] [1788241528.993790, 739.400000]: Really visited vertices: 20 37 17 16 15 14 13 12 17 11 18 36 9 36 8 0 35 1 35 6 19 18 37 20 38 20 23 26 23 
[INFO] [1788241529.544264, 739.900000]: Replanning request. curr_vertex_idx: 25
[INFO] [1788241529.545628, 739.900000]:                     covered_vertices: ()
[INFO] [1788241529.546513, 739.900000]: Handle local replanning...
[INFO] [1788241529.547431, 739.900000]: Local path to replan: [21, 24, 22, 23, 25, 27, 31, 32, 29, 30, 28, 33, 38]
Reverse tsp path is better!
[INFO] [1788241529.573003, 740.000000]: curr path length: 51, is_loop length: 51
[INFO] [1788241529.574468, 740.000000]: Send new plan: 20 37 17 16 14 15 13 12 17 11 18 10 9 36 8 0 35 1 6 19 38 20 20(L) 38 26 21  ---> 24 21 22 21 23 21 25 27 31 32 29 32 30 32 28 33 38(L) 33 7 5 4 3 34 2 35(L) 
[INFO] [1788241534.200796, 744.600000]: Really visited vertices: 20 37 17 16 15 14 13 12 17 11 18 36 9 36 8 0 35 1 35 6 19 18 37 20 38 20 23 26 23 21 
[INFO] [1788241535.527333, 745.900000]: Replanning request. curr_vertex_idx: 25
[INFO] [1788241535.528433, 745.900000]:                     covered_vertices: ()
[INFO] [1788241535.529238, 745.900000]: Handle local replanning...
[INFO] [1788241535.529805, 745.900000]: Local path to replan: [21, 24, 22, 23, 25, 27, 31, 32, 29, 30, 28, 33, 38]
Reverse tsp path is better!
[INFO] [1788241535.548355, 745.900000]: curr path length: 47, is_loop length: 47
[INFO] [1788241535.549421, 745.900000]: Send new plan: 20 37 17 16 14 15 13 12 17 11 18 10 9 36 8 0 35 1 6 19 38 20 20(L) 38 26 21  ---> 23 22 24 25 27 31 29 32 30 28 33 38 38(L) 33 7 5 4 3 34 2 35(L) 
[INFO] [1788241540.922348, 751.300000]: Really visited vertices: 20 37 17 16 15 14 13 12 17 11 18 36 9 36 8 0 35 1 35 6 19 18 37 20 38 20 23 26 23 21 
[INFO] [1788241541.327216, 751.700000]: Replanning request. curr_vertex_idx: 26
[INFO] [1788241541.328373, 751.700000]:                     covered_vertices: ()
[INFO] [1788241541.329088, 751.700000]: Handle local replanning...
[INFO] [1788241541.329634, 751.700000]: curr path length: 47, is_loop length: 47
[INFO] [1788241541.330139, 751.700000]: Send new plan: 20 37 17 16 14 15 13 12 17 11 18 10 9 36 8 0 35 1 6 19 38 20 20(L) 38 26 21 23  ---> 22 24 25 27 31 29 32 30 28 33 38 38(L) 33 7 5 4 3 34 2 35(L) 
[INFO] [1788241547.661438, 758.100000]: Replanning request. curr_vertex_idx: 27
[INFO] [1788241547.662349, 758.100000]:                     covered_vertices: ()
[INFO] [1788241547.663012, 758.100000]: Handle local replanning...
[INFO] [1788241547.663758, 758.100000]: curr path length: 47, is_loop length: 47
[INFO] [1788241547.664444, 758.100000]: Send new plan: 20 37 17 16 14 15 13 12 17 11 18 10 9 36 8 0 35 1 6 19 38 20 20(L) 38 26 21 23 22  ---> 24 25 27 31 29 32 30 28 33 38 38(L) 33 7 5 4 3 34 2 35(L) 
[INFO] [1788241552.561827, 763.000000]: Really visited vertices: 20 37 17 16 15 14 13 12 17 11 18 36 9 36 8 0 35 1 35 6 19 18 37 20 38 20 23 26 23 21 22 
[INFO] [1788241553.325057, 763.700000]: Replanning request. curr_vertex_idx: 27
[INFO] [1788241553.326391, 763.700000]:                     covered_vertices: ()
[INFO] [1788241553.327109, 763.700000]: Handle local replanning...
[INFO] [1788241553.327741, 763.700000]: curr path length: 47, is_loop length: 47
[INFO] [1788241553.328397, 763.700000]: Send new plan: 20 37 17 16 14 15 13 12 17 11 18 10 9 36 8 0 35 1 6 19 38 20 20(L) 38 26 21 23 22  ---> 24 25 27 31 29 32 30 28 33 38 38(L) 33 7 5 4 3 34 2 35(L) 
[INFO] [1788241555.457591, 765.800000]: Replanning request. curr_vertex_idx: 27
[INFO] [1788241555.458275, 765.800000]:                     covered_vertices: ()
[INFO] [1788241555.459035, 765.900000]: Handle local replanning...
[INFO] [1788241555.460217, 765.900000]: curr path length: 47, is_loop length: 47
[INFO] [1788241555.461023, 765.900000]: Send new plan: 20 37 17 16 14 15 13 12 17 11 18 10 9 36 8 0 35 1 6 19 38 20 20(L) 38 26 21 23 22  ---> 24 25 27 31 29 32 30 28 33 38 38(L) 33 7 5 4 3 34 2 35(L) 
[INFO] [1788241557.657364, 768.000000]: Replanning request. curr_vertex_idx: 27
[INFO] [1788241557.658440, 768.000000]:                     covered_vertices: ()
[INFO] [1788241557.659411, 768.100000]: Handle local replanning...
[INFO] [1788241557.660242, 768.100000]: curr path length: 47, is_loop length: 47
[INFO] [1788241557.660806, 768.100000]: Send new plan: 20 37 17 16 14 15 13 12 17 11 18 10 9 36 8 0 35 1 6 19 38 20 20(L) 38 26 21 23 22  ---> 24 25 27 31 29 32 30 28 33 38 38(L) 33 7 5 4 3 34 2 35(L) 
[INFO] [1788241562.950259, 773.300000]: Really visited vertices: 20 37 17 16 15 14 13 12 17 11 18 36 9 36 8 0 35 1 35 6 19 18 37 20 38 20 23 26 23 21 22 
[INFO] [1788241563.509740, 773.900000]: Replanning request. curr_vertex_idx: 28
[INFO] [1788241563.510462, 773.900000]:                     covered_vertices: ()
[INFO] [1788241563.511010, 773.900000]: Handle local replanning...
[INFO] [1788241563.511501, 773.900000]: curr path length: 47, is_loop length: 47
[INFO] [1788241563.511985, 773.900000]: Send new plan: 20 37 17 16 14 15 13 12 17 11 18 10 9 36 8 0 35 1 6 19 38 20 20(L) 38 26 21 23 22 24  ---> 25 27 31 29 32 30 28 33 38 38(L) 33 7 5 4 3 34 2 35(L) 
[INFO] [1788241568.469027, 778.900000]: Really visited vertices: 20 37 17 16 15 14 13 12 17 11 18 36 9 36 8 0 35 1 35 6 19 18 37 20 38 20 23 26 23 21 22 
[INFO] [1788241569.532387, 779.900000]: Replanning request. curr_vertex_idx: 28
[INFO] [1788241569.533316, 779.900000]:                     covered_vertices: ()
[INFO] [1788241542.334861609, 752.700000000]: PHASE2C_KEYSCAN_ACCEPTED unique_id=532 state_id=532 sim_time=752.700000
[INFO] [1788241542.997863094, 753.400000000]: PHASE2C_KEYSCAN_ACCEPTED unique_id=533 state_id=533 sim_time=753.400000
[INFO] [1788241544.599614419, 755.000000000]: PHASE2C_KEYSCAN_ACCEPTED unique_id=534 state_id=534 sim_time=755.000000
[INFO] [1788241545.884367140, 756.300000000]: PHASE2C_KEYSCAN_ACCEPTED unique_id=535 state_id=535 sim_time=756.300000
[INFO] [1788241547.209537935, 757.600000000]: PHASE2C_KEYSCAN_ACCEPTED unique_id=536 state_id=536 sim_time=757.600000
[INFO] [1788241548.480536812, 758.900000000]: PHASE2C_KEYSCAN_ACCEPTED unique_id=537 state_id=537 sim_time=758.900000
[INFO] [1788241549.809596276, 760.200000000]: PHASE2C_KEYSCAN_ACCEPTED unique_id=538 state_id=538 sim_time=760.200000
[INFO] [1788241550.986043987, 761.400000000]: PHASE2C_KEYSCAN_ACCEPTED unique_id=539 state_id=539 sim_time=761.400000
[INFO] [1788241552.345330294, 762.700000000]: PHASE2C_KEYSCAN_ACCEPTED unique_id=540 state_id=540 sim_time=762.700000
[INFO] [1788241553.671266880, 764.100000000]: PHASE2C_KEYSCAN_ACCEPTED unique_id=541 state_id=541 sim_time=764.100000
[INFO] [1788241555.111541909, 765.500000000]: PHASE2C_KEYSCAN_ACCEPTED unique_id=542 state_id=542 sim_time=765.400000
[INFO] [1788241556.175027467, 766.600000000]: PHASE2C_KEYSCAN_ACCEPTED unique_id=543 state_id=543 sim_time=766.600000
[INFO] [1788241556.879342513, 767.300000000]: PHASE2C_KEYSCAN_ACCEPTED unique_id=544 state_id=544 sim_time=767.300000
[INFO] [1788241557.589774054, 768.000000000]: PHASE2C_KEYSCAN_ACCEPTED unique_id=545 state_id=545 sim_time=768.000000
[INFO] [1788241558.094841482, 768.500000000]: PHASE2C_KEYSCAN_ACCEPTED unique_id=546 state_id=546 sim_time=768.500000
[INFO] [1788241558.786610789, 769.200000000]: PHASE2C_KEYSCAN_ACCEPTED unique_id=547 state_id=547 sim_time=769.200000
[INFO] [1788241559.495592118, 769.900000000]: PHASE2C_KEYSCAN_ACCEPTED unique_id=548 state_id=548 sim_time=769.900000
[INFO] [1788241560.129703988, 770.500000000]: PHASE2C_KEYSCAN_ACCEPTED unique_id=549 state_id=549 sim_time=770.500000
[INFO] [1788241561.493630566, 771.900000000]: PHASE2C_KEYSCAN_ACCEPTED unique_id=550 state_id=550 sim_time=771.900000
[INFO] [1788241562.831236986, 773.200000000]: PHASE2C_KEYSCAN_ACCEPTED unique_id=551 state_id=551 sim_time=773.200000
[INFO] [1788241564.189003137, 774.600000000]: PHASE2C_KEYSCAN_ACCEPTED unique_id=552 state_id=552 sim_time=774.600000
[INFO] [1788241565.604531397, 776.000000000]: PHASE2C_KEYSCAN_ACCEPTED unique_id=553 state_id=553 sim_time=776.000000
[INFO] [1788241566.888981625, 777.300000000]: PHASE2C_KEYSCAN_ACCEPTED unique_id=554 state_id=554 sim_time=777.300000
[INFO] [1788241568.247282761, 778.600000000]: PHASE2C_KEYSCAN_ACCEPTED unique_id=555 state_id=555 sim_time=778.600000
[INFO] [1788241569.575596432, 780.000000000]: PHASE2C_KEYSCAN_ACCEPTED unique_id=556 state_id=556 sim_time=780.000000
[INFO] [1788241570.922375594, 781.300000000]: PHASE2C_KEYSCAN_ACCEPTED unique_id=557 state_id=557 sim_time=781.300000
[INFO] [1788241572.283198614, 782.700000000]: PHASE2C_KEYSCAN_ACCEPTED unique_id=558 state_id=558 sim_time=782.700000
[INFO] [1788241573.616526092, 784.000000000]: PHASE2C_KEYSCAN_ACCEPTED unique_id=559 state_id=559 sim_time=784.000000
[INFO] [1788241575.102637584, 785.500000000]: PHASE2C_KEYSCAN_ACCEPTED unique_id=560 state_id=560 sim_time=785.400000
[INFO] [1788241576.301594286, 786.700000000]: PHASE2C_KEYSCAN_ACCEPTED unique_id=561 state_id=561 sim_time=786.700000
[INFO] [1788241577.584525358, 788.000000000]: PHASE2C_KEYSCAN_ACCEPTED unique_id=562 state_id=562 sim_time=788.000000
[INFO] [1788241579.236771866, 789.600000000]: PHASE2C_KEYSCAN_ACCEPTED unique_id=563 state_id=563 sim_time=789.400000
Warning: Warning: TF_REPEATED_DATA ignoring data with redundant timestamp for frame odom (parent offset) at time 789.600000 according to authority unknown_publisherTF_REPEATED_DATA ignoring data with redundant timestamp for frame odom (parent offset) at time 789.600000 according to authority unknown_publisher

         at line          at line 277277 in  in /tmp/binarydeb/ros-noetic-tf2-0.7.10/src/buffer_core.cpp/tmp/binarydeb/ros-noetic-tf2-0.7.10/src/buffer_core.cpp

Warning: Warning: TF_REPEATED_DATA ignoring data with redundant timestamp for frame offset (parent map) at time 789.600000 according to authority unknown_publisherTF_REPEATED_DATA ignoring data with redundant timestamp for frame offset (parent map) at time 789.600000 according to authority unknown_publisher

         at line          at line 277277 in  in /tmp/binarydeb/ros-noetic-tf2-0.7.10/src/buffer_core.cpp/tmp/binarydeb/ros-noetic-tf2-0.7.10/src/buffer_core.cpp

Warning: TF_REPEATED_DATA ignoring data with redundant timestamp for frame odom (parent offset) at time 789.600000 according to authority unknown_publisher
         at line 277 in /tmp/binarydeb/ros-noetic-tf2-0.7.10/src/buffer_core.cpp
Warning: TF_REPEATED_DATA ignoring data with redundant timestamp for frame offset (parent map) at time 789.600000 according to authority unknown_publisher
         at line 277 in /tmp/binarydeb/ros-noetic-tf2-0.7.10/src/buffer_core.cpp
[WARN] [1788241579.237180040, 789.600000000]: TF_REPEATED_DATA ignoring data with redundant timestamp for frame odom (parent offset) at time 789.600000 according to authority unknown_publisher
[INFO] [1788241541.325927214, 751.700000000]: Call local replanning...
[INFO] [1788241541.330944889, 751.700000000]: Skip currGoal 23 that has no frontier and seen by robot
[INFO] [1788241541.330968188, 751.700000000]: Set newGoal 22
[INFO] [1788241547.660427836, 758.100000000]: Call local replanning...
[INFO] [1788241553.323742023, 763.700000000]: Call local replanning...
[INFO] [1788241553.329471260, 763.700000000]: Reach vertex 22
[INFO] [1788241553.332168133, 763.700000000]: Explore Goal 22 's frontiers...
[INFO] [1788241555.456515701, 765.800000000]: Call local replanning...
[INFO] [1788241555.464468850, 765.900000000]: Explore Goal 22 's frontiers...
[INFO] [1788241557.656077308, 768.000000000]: Call local replanning...
[INFO] [1788241557.661687404, 768.100000000]: Set newGoal 24
[INFO] [1788241563.508715723, 773.900000000]: Call local replanning...
[INFO] [1788241569.531154965, 779.900000000]: Call local replanning...
[INFO] [1788241575.466064255, 785.900000000]: Call local replanning...
[WARN] [1788241579.237202472, 789.600000000]: TF_REPEATED_DATA ignoring data with redundant timestamp for frame offset (parent map) at time 789.600000 according to authority unknown_publisher
Warning: TF_REPEATED_DATA ignoring data with redundant timestamp for frame odom (parent offset) at time 789.600000 according to authority unknown_publisher
         at line 277 in /tmp/binarydeb/ros-noetic-tf2-0.7.10/src/buffer_core.cpp
Warning: TF_REPEATED_DATA ignoring data with redundant timestamp for frame offset (parent map) at time 789.600000 according to authority unknown_publisher
         at line 277 in /tmp/binarydeb/ros-noetic-tf2-0.7.10/src/buffer_core.cpp
[INFO] [1788241580.589017837, 791.000000000]: PHASE2C_KEYSCAN_ACCEPTED unique_id=564 state_id=564 sim_time=791.000000
[INFO] [1788241581.810518830, 792.200000000]: PHASE2C_KEYSCAN_ACCEPTED unique_id=565 state_id=565 sim_time=792.200000
Warning: TF_REPEATED_DATA ignoring data with redundant timestamp for frame odom (parent offset) at time 792.600000 according to authority unknown_publisher
         at line 277 in /tmp/binarydeb/ros-noetic-tf2-0.7.10/src/buffer_core.cpp
Warning: TF_REPEATED_DATA ignoring data with redundant timestamp for frame offset (parent map) at time 792.600000 according to authority unknown_publisher
         at line 277 in /tmp/binarydeb/ros-noetic-tf2-0.7.10/src/buffer_core.cpp
[INFO] [1788241579.753069926, 790.100000000]: Call local replanning...
[INFO] [1788241579.758105066, 790.100000000]: Reach vertex 24
[INFO] [1788241579.763747423, 790.200000000]: Explore Goal 24 's frontiers...
Warning: TF_REPEATED_DATA ignoring data with redundant timestamp for frame odom (parent offset) at time 792.600000 according to authority unknown_publisher
         at line 277 in /tmp/binarydeb/ros-noetic-tf2-0.7.10/src/buffer_core.cpp
Warning: TF_REPEATED_DATA ignoring data with redundant timestamp for frame offset (parent map) at time 792.600000 according to authority unknown_publisher
         at line 277 in /tmp/binarydeb/ros-noetic-tf2-0.7.10/src/buffer_core.cpp
Warning: TF_REPEATED_DATA ignoring data with redundant timestamp for frame odom (parent offset) at time 792.600000 according to authority unknown_publisher
         at line 277 in /tmp/binarydeb/ros-noetic-tf2-0.7.10/src/buffer_core.cpp
Warning: TF_REPEATED_DATA ignoring data with redundant timestamp for frame odom (parent offset) at time 792.600000 according to authority unknown_publisher
         at line 277 in /tmp/binarydeb/ros-noetic-tf2-0.7.10/src/buffer_core.cpp
Warning: TF_REPEATED_DATA ignoring data with redundant timestamp for frame offset (parent map) at time 792.600000 according to authority unknown_publisher
         at line 277 in /tmp/binarydeb/ros-noetic-tf2-0.7.10/src/buffer_core.cpp
[WARN] [1788241582.205598228, 792.600000000]: TF_REPEATED_DATA ignoring data with redundant timestamp for frame odom (parent offset) at time 792.600000 according to authority unknown_publisher
[WARN] [1788241582.205632622, 792.600000000]: TF_REPEATED_DATA ignoring data with redundant timestamp for frame offset (parent map) at time 792.600000 according to authority unknown_publisher
Warning: TF_REPEATED_DATA ignoring data with redundant timestamp for frame offset (parent map) at time 792.600000 according to authority unknown_publisher
         at line 277 in /tmp/binarydeb/ros-noetic-tf2-0.7.10/src/buffer_core.cpp
[INFO] [1788241583.086921787, 793.500000000]: PHASE2C_KEYSCAN_ACCEPTED unique_id=566 state_id=566 sim_time=793.500000
[INFO] [1788241583.591826109, 794.000000000]: PHASE2C_KEYSCAN_ACCEPTED unique_id=567 state_id=567 sim_time=794.000000
[INFO] [1788241584.326457055, 794.700000000]: PHASE2C_KEYSCAN_ACCEPTED unique_id=568 state_id=568 sim_time=794.700000
[INFO] [1788241585.006486830, 795.400000000]: PHASE2C_KEYSCAN_ACCEPTED unique_id=569 state_id=569 sim_time=795.400000
[INFO] [1788241586.602129052, 797.000000000]: PHASE2C_KEYSCAN_ACCEPTED unique_id=570 state_id=570 sim_time=797.000000
[INFO] [1788241588.229999171, 798.600000000]: PHASE2C_KEYSCAN_ACCEPTED unique_id=571 state_id=571 sim_time=798.400000
Warning: Warning: TF_REPEATED_DATA ignoring data with redundant timestamp for frame odom (parent offset) at time 798.600000 according to authority unknown_publisherTF_REPEATED_DATA ignoring data with redundant timestamp for frame odom (parent offset) at time 798.600000 according to authority unknown_publisher

         at line          at line 277277 in  in /tmp/binarydeb/ros-noetic-tf2-0.7.10/src/buffer_core.cpp/tmp/binarydeb/ros-noetic-tf2-0.7.10/src/buffer_core.cpp

Warning: Warning: TF_REPEATED_DATA ignoring data with redundant timestamp for frame offset (parent map) at time 798.600000 according to authority unknown_publisherTF_REPEATED_DATA ignoring data with redundant timestamp for frame offset (parent map) at time 798.600000 according to authority unknown_publisher

         at line          at line 277277 in  in /tmp/binarydeb/ros-noetic-tf2-0.7.10/src/buffer_core.cpp/tmp/binarydeb/ros-noetic-tf2-0.7.10/src/buffer_core.cpp

[INFO] [1788241582.581137568, 793.000000000]: Call local replanning...
[INFO] [1788241582.591352291, 793.000000000]: Explore Goal 24 's frontiers...
Warning: TF_REPEATED_DATA ignoring data with redundant timestamp for frame odom (parent offset) at time 798.600000 according to authority unknown_publisher
         at line 277 in /tmp/binarydeb/ros-noetic-tf2-0.7.10/src/buffer_core.cpp
Warning: TF_REPEATED_DATA ignoring data with redundant timestamp for frame offset (parent map) at time 798.600000 according to authority unknown_publisher
         at line 277 in /tmp/binarydeb/ros-noetic-tf2-0.7.10/src/buffer_core.cppWarning: 
TF_REPEATED_DATA ignoring data with redundant timestamp for frame odom (parent offset) at time 798.600000 according to authority unknown_publisher
         at line 277 in /tmp/binarydeb/ros-noetic-tf2-0.7.10/src/buffer_core.cpp
Warning: TF_REPEATED_DATA ignoring data with redundant timestamp for frame offset (parent map) at time 798.600000 according to authority unknown_publisher
         at line 277 in /tmp/binarydeb/ros-noetic-tf2-0.7.10/src/buffer_core.cpp
[WARN] [1788241588.230494861, 798.600000000]: TF_REPEATED_DATA ignoring data with redundant timestamp for frame odom (parent offset) at time 798.600000 according to authority unknown_publisher
[WARN] [1788241588.230530906, 798.600000000]: TF_REPEATED_DATA ignoring data with redundant timestamp for frame offset (parent map) at time 798.600000 according to authority unknown_publisher
[INFO] [1788241589.605966741, 800.000000000]: PHASE2C_KEYSCAN_ACCEPTED unique_id=572 state_id=572 sim_time=800.000000
[INFO] [1788241591.111000228, 801.500000000]: PHASE2C_KEYSCAN_ACCEPTED unique_id=573 state_id=573 sim_time=801.500000
[INFO] [1788241593.223274545, 803.600000000]: PHASE2C_KEYSCAN_ACCEPTED unique_id=574 state_id=574 sim_time=803.600000
Warning: TF_REPEATED_DATA ignoring data with redundant timestamp for frame odom (parent offset) at time 803.800000 according to authority unknown_publisher
         at line 277 in /tmp/binarydeb/ros-noetic-tf2-0.7.10/src/buffer_core.cpp
Warning: TF_REPEATED_DATA ignoring data with redundant timestamp for frame offset (parent map) at time 803.800000 according to authority unknown_publisher
         at line 277 in /tmp/binarydeb/ros-noetic-tf2-0.7.10/src/buffer_core.cpp
[INFO] [1788241588.569029218, 799.000000000]: Call local replanning...
[INFO] [1788241588.582363449, 799.000000000]: Explore Goal 24 's frontiers...
Warning: TF_REPEATED_DATA ignoring data with redundant timestamp for frame odom (parent offset) at time 803.800000 according to authority unknown_publisher
         at line 277 in /tmp/binarydeb/ros-noetic-tf2-0.7.10/src/buffer_core.cpp
Warning: TF_REPEATED_DATA ignoring data with redundant timestamp for frame offset (parent map) at time 803.800000 according to authority unknown_publisher
         at line 277 in /tmp/binarydeb/ros-noetic-tf2-0.7.10/src/buffer_core.cpp
Warning: TF_REPEATED_DATA ignoring data with redundant timestamp for frame odom (parent offset) at time 803.800000 according to authority unknown_publisher
[WARN] [1788241593.457512126, 803.800000000]: TF_REPEATED_DATA ignoring data with redundant timestamp for frame odom (parent offset) at time 803.800000 according to authority unknown_publisher
         at line 277 in /tmp/binarydeb/ros-noetic-tf2-0.7.10/src/buffer_core.cpp
Warning: [WARN] [1788241593.457537179, 803.800000000]: TF_REPEATED_DATA ignoring data with redundant timestamp for frame offset (parent map) at time 803.800000 according to authority unknown_publisher
TF_REPEATED_DATA ignoring data with redundant timestamp for frame offset (parent map) at time 803.800000 according to authority unknown_publisher
         at line 277 in /tmp/binarydeb/ros-noetic-tf2-0.7.10/src/buffer_core.cpp
Warning: TF_REPEATED_DATA ignoring data with redundant timestamp for frame odom (parent offset) at time 803.800000 according to authority unknown_publisher
         at line 277 in /tmp/binarydeb/ros-noetic-tf2-0.7.10/src/buffer_core.cpp
Warning: TF_REPEATED_DATA ignoring data with redundant timestamp for frame offset (parent map) at time 803.800000 according to authority unknown_publisher
         at line 277 in /tmp/binarydeb/ros-noetic-tf2-0.7.10/src/buffer_core.cpp
[WARN] [1788241608.665212310, 819.100000000]: No frontier at vertex 24. #Frontier: 0
[INFO] [1788241597.091195917, 807.500000000]: PHASE2C_KEYSCAN_ACCEPTED unique_id=575 state_id=575 sim_time=807.500000
[INFO] [1788241601.395362997, 811.800000000]: PHASE2C_KEYSCAN_ACCEPTED unique_id=576 state_id=576 sim_time=811.800000
[INFO] [1788241603.903173609, 814.300000000]: PHASE2C_KEYSCAN_ACCEPTED unique_id=577 state_id=577 sim_time=814.300000
[INFO] [1788241605.172540223, 815.600000000]: PHASE2C_KEYSCAN_ACCEPTED unique_id=578 state_id=578 sim_time=815.600000
[INFO] [1788241606.381559236, 816.800000000]: PHASE2C_KEYSCAN_ACCEPTED unique_id=579 state_id=579 sim_time=816.800000
[INFO] [1788241607.673524632, 818.100000000]: PHASE2C_KEYSCAN_ACCEPTED unique_id=580 state_id=580 sim_time=818.100000
[INFO] [1788241608.681239863, 819.100000000]: PHASE2C_KEYSCAN_ACCEPTED unique_id=581 state_id=581 sim_time=819.100000
[INFO] [1788241609.385032625, 819.800000000]: PHASE2C_KEYSCAN_ACCEPTED unique_id=582 state_id=582 sim_time=819.800000
[INFO] [1788241609.986626787, 820.400000000]: PHASE2C_KEYSCAN_ACCEPTED unique_id=583 state_id=583 sim_time=820.400000
[INFO] [1788241610.598741980, 821.000000000]: PHASE2C_KEYSCAN_ACCEPTED unique_id=584 state_id=584 sim_time=821.000000
[INFO] [1788241611.120022938, 821.500000000]: PHASE2C_KEYSCAN_ACCEPTED unique_id=585 state_id=585 sim_time=821.500000
[INFO] [1788241611.803541499, 822.200000000]: PHASE2C_KEYSCAN_ACCEPTED unique_id=586 state_id=586 sim_time=822.200000
[INFO] [1788241612.385689920, 822.800000000]: PHASE2C_KEYSCAN_ACCEPTED unique_id=587 state_id=587 sim_time=822.800000
[INFO] [1788241612.978657040, 823.400000000]: PHASE2C_KEYSCAN_ACCEPTED unique_id=588 state_id=588 sim_time=823.400000
[INFO] [1788241614.145188025, 824.500000000]: PHASE2C_KEYSCAN_ACCEPTED unique_id=589 state_id=589 sim_time=824.500000
[INFO] [1788241615.100313550, 825.500000000]: PHASE2C_KEYSCAN_ACCEPTED unique_id=590 state_id=590 sim_time=825.500000
[INFO] [1788241615.595653983, 826.000000000]: PHASE2C_KEYSCAN_ACCEPTED unique_id=591 state_id=591 sim_time=826.000000
[INFO] [1788241616.326475027, 826.700000000]: PHASE2C_KEYSCAN_ACCEPTED unique_id=592 state_id=592 sim_time=826.700000
[INFO] [1788241616.797108330, 827.200000000]: PHASE2C_KEYSCAN_ACCEPTED unique_id=593 state_id=593 sim_time=827.200000
[INFO] [1788241617.499329399, 827.900000000]: PHASE2C_KEYSCAN_ACCEPTED unique_id=594 state_id=594 sim_time=827.900000
[INFO] [1788241618.109920534, 828.500000000]: PHASE2C_KEYSCAN_ACCEPTED unique_id=595 state_id=595 sim_time=828.500000
[INFO] [1788241618.745604801, 829.100000000]: PHASE2C_KEYSCAN_ACCEPTED unique_id=596 state_id=596 sim_time=829.100000
[INFO] [1788241619.511422761, 829.900000000]: PHASE2C_KEYSCAN_ACCEPTED unique_id=597 state_id=597 sim_time=829.900000
Warning: TF_REPEATED_DATA ignoring data with redundant timestamp for frame odom (parent offset) at time 830.100000 according to authority unknown_publisher
         at line 277 in /tmp/binarydeb/ros-noetic-tf2-0.7.10/src/buffer_core.cpp
Warning: TF_REPEATED_DATA ignoring data with redundant timestamp for frame offset (parent map) at time 830.100000 according to authority unknown_publisher
         at line 277 in /tmp/binarydeb/ros-noetic-tf2-0.7.10/src/buffer_core.cpp
[WARN] [1788241619.755547097, 830.100000000]: TF_REPEATED_DATA ignoring data with redundant timestamp for frame odom (parent offset) at time 830.100000 according to authority unknown_publisher
[WARN] [1788241619.755572653, 830.100000000]: TF_REPEATED_DATA ignoring data with redundant timestamp for frame offset (parent map) at time 830.100000 according to authority unknown_publisher
[INFO] [1788241594.541313928, 804.900000000]: Call local replanning...
[INFO] [1788241594.551924100, 804.900000000]: Explore Goal 24 's frontiers...
[INFO] [1788241600.463005930, 810.900000000]: Call local replanning...
[INFO] [1788241600.471288633, 810.900000000]: Explore Goal 24 's frontiers...
[INFO] [1788241606.360617760, 816.800000000]: Call local replanning...
[INFO] [1788241606.368318479, 816.800000000]: Explore Goal 24 's frontiers...
[INFO] [1788241608.659961336, 819.100000000]: Call local replanning...
[INFO] [1788241608.665266472, 819.100000000]: Set newGoal 25
[INFO] [1788241614.469490637, 824.900000000]: Call local replanning...
[INFO] [1788241614.474396592, 824.900000000]: Reach vertex 25
[INFO] [1788241614.481914357, 824.900000000]: Explore Goal 25 's frontiers...
Warning: Warning: TF_REPEATED_DATA ignoring data with redundant timestamp for frame odom (parent offset) at time 830.100000 according to authority unknown_publisherTF_REPEATED_DATA ignoring data with redundant timestamp for frame odom (parent offset) at time 830.100000 according to authority unknown_publisher

         at line          at line 277 in 277/tmp/binarydeb/ros-noetic-tf2-0.7.10/src/buffer_core.cpp in 
/tmp/binarydeb/ros-noetic-tf2-0.7.10/src/buffer_core.cpp
Warning: TF_REPEATED_DATA ignoring data with redundant timestamp for frame offset (parent map) at time 830.100000 according to authority unknown_publisher
         at line 277 in Warning: /tmp/binarydeb/ros-noetic-tf2-0.7.10/src/buffer_core.cppTF_REPEATED_DATA ignoring data with redundant timestamp for frame offset (parent map) at time 830.100000 according to authority unknown_publisher

         at line 277 in /tmp/binarydeb/ros-noetic-tf2-0.7.10/src/buffer_core.cpp
Warning: TF_REPEATED_DATA ignoring data with redundant timestamp for frame odom (parent offset) at time 830.100000 according to authority unknown_publisher
         at line 277 in /tmp/binarydeb/ros-noetic-tf2-0.7.10/src/buffer_core.cpp
Warning: TF_REPEATED_DATA ignoring data with redundant timestamp for frame offset (parent map) at time 830.100000 according to authority unknown_publisher
         at line 277 in /tmp/binarydeb/ros-noetic-tf2-0.7.10/src/buffer_core.cpp
[WARN] [1788241634.688293497, 845.100000000]: No frontier at vertex 25. #Frontier: 0
[WARN] [1788241640.494438268, 850.900000000]: No frontier at vertex 27. #Frontier: 0
[INFO] [1788241569.533942, 779.900000]: Handle local replanning...
[INFO] [1788241569.534477, 779.900000]: curr path length: 47, is_loop length: 47
[INFO] [1788241569.534964, 779.900000]: Send new plan: 20 37 17 16 14 15 13 12 17 11 18 10 9 36 8 0 35 1 6 19 38 20 20(L) 38 26 21 23 22 24  ---> 25 27 31 29 32 30 28 33 38 38(L) 33 7 5 4 3 34 2 35(L) 
[INFO] [1788241575.466882, 785.900000]: Replanning request. curr_vertex_idx: 28
[INFO] [1788241575.467839, 785.900000]:                     covered_vertices: ()
[INFO] [1788241575.468588, 785.900000]: Handle local replanning...
[INFO] [1788241575.469265, 785.900000]: curr path length: 47, is_loop length: 47
[INFO] [1788241575.469942, 785.900000]: Send new plan: 20 37 17 16 14 15 13 12 17 11 18 10 9 36 8 0 35 1 6 19 38 20 20(L) 38 26 21 23 22 24  ---> 25 27 31 29 32 30 28 33 38 38(L) 33 7 5 4 3 34 2 35(L) 
[INFO] [1788241579.754274, 790.100000]: Replanning request. curr_vertex_idx: 28
[INFO] [1788241579.755149, 790.100000]:                     covered_vertices: ()
[INFO] [1788241579.755804, 790.100000]: Handle local replanning...
[INFO] [1788241579.756526, 790.100000]: curr path length: 47, is_loop length: 47
[INFO] [1788241579.757199, 790.100000]: Send new plan: 20 37 17 16 14 15 13 12 17 11 18 10 9 36 8 0 35 1 6 19 38 20 20(L) 38 26 21 23 22 24  ---> 25 27 31 29 32 30 28 33 38 38(L) 33 7 5 4 3 34 2 35(L) 
[INFO] [1788241582.582292, 793.000000]: Replanning request. curr_vertex_idx: 28
[INFO] [1788241582.583442, 793.000000]:                     covered_vertices: ()
[INFO] [1788241582.584157, 793.000000]: Handle local replanning...
[INFO] [1788241582.584856, 793.000000]: curr path length: 47, is_loop length: 47
[INFO] [1788241582.585514, 793.000000]: Send new plan: 20 37 17 16 14 15 13 12 17 11 18 10 9 36 8 0 35 1 6 19 38 20 20(L) 38 26 21 23 22 24  ---> 25 27 31 29 32 30 28 33 38 38(L) 33 7 5 4 3 34 2 35(L) 
[INFO] [1788241588.570194, 799.000000]: Replanning request. curr_vertex_idx: 28
[INFO] [1788241588.571190, 799.000000]:                     covered_vertices: ()
[INFO] [1788241588.571787, 799.000000]: Handle local replanning...
[INFO] [1788241588.572496, 799.000000]: curr path length: 47, is_loop length: 47
[INFO] [1788241588.573203, 799.000000]: Send new plan: 20 37 17 16 14 15 13 12 17 11 18 10 9 36 8 0 35 1 6 19 38 20 20(L) 38 26 21 23 22 24  ---> 25 27 31 29 32 30 28 33 38 38(L) 33 7 5 4 3 34 2 35(L) 
[INFO] [1788241593.457801, 803.800000]: Really visited vertices: 20 37 17 16 15 14 13 12 17 11 18 36 9 36 8 0 35 1 35 6 19 18 37 20 38 20 23 26 23 21 22 21 24 
[INFO] [1788241594.542342, 804.900000]: Replanning request. curr_vertex_idx: 28
[INFO] [1788241594.543471, 804.900000]:                     covered_vertices: ()
[INFO] [1788241594.544356, 804.900000]: Handle local replanning...
[INFO] [1788241594.545095, 804.900000]: curr path length: 47, is_loop length: 47
[INFO] [1788241594.545788, 804.900000]: Send new plan: 20 37 17 16 14 15 13 12 17 11 18 10 9 36 8 0 35 1 6 19 38 20 20(L) 38 26 21 23 22 24  ---> 25 27 31 29 32 30 28 33 38 38(L) 33 7 5 4 3 34 2 35(L) 
[INFO] [1788241600.464007, 810.900000]: Replanning request. curr_vertex_idx: 28
[INFO] [1788241600.465146, 810.900000]:                     covered_vertices: ()
[INFO] [1788241600.465846, 810.900000]: Handle local replanning...
[INFO] [1788241600.466406, 810.900000]: curr path length: 47, is_loop length: 47
[INFO] [1788241600.467056, 810.900000]: Send new plan: 20 37 17 16 14 15 13 12 17 11 18 10 9 36 8 0 35 1 6 19 38 20 20(L) 38 26 21 23 22 24  ---> 25 27 31 29 32 30 28 33 38 38(L) 33 7 5 4 3 34 2 35(L) 
[INFO] [1788241605.303513, 815.700000]: Really visited vertices: 20 37 17 16 15 14 13 12 17 11 18 36 9 36 8 0 35 1 35 6 19 18 37 20 38 20 23 26 23 21 22 21 24 
[INFO] [1788241606.362050, 816.800000]: Replanning request. curr_vertex_idx: 28
[INFO] [1788241606.362883, 816.800000]:                     covered_vertices: ()
[INFO] [1788241606.363606, 816.800000]: Handle local replanning...
[INFO] [1788241606.364251, 816.800000]: curr path length: 47, is_loop length: 47
[INFO] [1788241606.364717, 816.800000]: Send new plan: 20 37 17 16 14 15 13 12 17 11 18 10 9 36 8 0 35 1 6 19 38 20 20(L) 38 26 21 23 22 24  ---> 25 27 31 29 32 30 28 33 38 38(L) 33 7 5 4 3 34 2 35(L) 
[INFO] [1788241608.661177, 819.100000]: Replanning request. curr_vertex_idx: 28
[INFO] [1788241608.662069, 819.100000]:                     covered_vertices: ()
[INFO] [1788241608.662752, 819.100000]: Handle local replanning...
[INFO] [1788241608.663364, 819.100000]: curr path length: 47, is_loop length: 47
[INFO] [1788241608.664109, 819.100000]: Send new plan: 20 37 17 16 14 15 13 12 17 11 18 10 9 36 8 0 35 1 6 19 38 20 20(L) 38 26 21 23 22 24  ---> 25 27 31 29 32 30 28 33 38 38(L) 33 7 5 4 3 34 2 35(L) 
[INFO] [1788241614.470387, 824.900000]: Replanning request. curr_vertex_idx: 29
[INFO] [1788241614.471312, 824.900000]:                     covered_vertices: ()
[INFO] [1788241614.471949, 824.900000]: Handle local replanning...
[INFO] [1788241614.472650, 824.900000]: curr path length: 47, is_loop length: 47
[INFO] [1788241614.473336, 824.900000]: Send new plan: 20 37 17 16 14 15 13 12 17 11 18 10 9 36 8 0 35 1 6 19 38 20 20(L) 38 26 21 23 22 24 25  ---> 27 31 29 32 30 28 33 38 38(L) 33 7 5 4 3 34 2 35(L) 
[INFO] [1788241619.756321, 830.100000]: Really visited vertices: 20 37 17 16 15 14 13 12 17 11 18 36 9 36 8 0 35 1 35 6 19 18 37 20 38 20 23 26 23 21 22 21 24 25 
[INFO] [1788241620.548661, 830.900000]: Replanning request. curr_vertex_idx: 29
[INFO] [1788241620.549582, 830.900000]:                     covered_vertices: ()
[INFO] [1788241620.550189, 830.900000]: Handle local replanning...
[INFO] [1788241620.550833, 830.900000]: curr path length: 47, is_loop length: 47
[INFO] [1788241620.551425, 830.900000]: Send new plan: 20 37 17 16 14 15 13 12 17 11 18 10 9 36 8 0 35 1 6 19 38 20 20(L) 38 26 21 23 22 24 25  ---> 27 31 29 32 30 28 33 38 38(L) 33 7 5 4 3 34 2 35(L) 
[INFO] [1788241626.471275, 836.900000]: Replanning request. curr_vertex_idx: 29
[INFO] [1788241626.471992, 836.900000]:                     covered_vertices: ()
[INFO] [1788241626.472489, 836.900000]: Handle local replanning...
[INFO] [1788241626.472920, 836.900000]: curr path length: 47, is_loop length: 47
[INFO] [1788241626.473553, 836.900000]: Send new plan: 20 37 17 16 14 15 13 12 17 11 18 10 9 36 8 0 35 1 6 19 38 20 20(L) 38 26 21 23 22 24 25  ---> 27 31 29 32 30 28 33 38 38(L) 33 7 5 4 3 34 2 35(L) 
[INFO] [1788241632.015742, 842.400000]: Really visited vertices: 20 37 17 16 15 14 13 12 17 11 18 36 9 36 8 0 35 1 35 6 19 18 37 20 38 20 23 26 23 21 22 21 24 25 
[INFO] [1788241632.401655, 842.800000]: Replanning request. curr_vertex_idx: 29
[INFO] [1788241632.402717, 842.800000]:                     covered_vertices: ()
[INFO] [1788241632.403421, 842.800000]: Handle local replanning...
[INFO] [1788241632.404074, 842.800000]: curr path length: 47, is_loop length: 47
[INFO] [1788241632.404755, 842.800000]: Send new plan: 20 37 17 16 14 15 13 12 17 11 18 10 9 36 8 0 35 1 6 19 38 20 20(L) 38 26 21 23 22 24 25  ---> 27 31 29 32 30 28 33 38 38(L) 33 7 5 4 3 34 2 35(L) 
[INFO] [1788241634.683261, 845.100000]: Replanning request. curr_vertex_idx: 29
[INFO] [1788241634.684507, 845.100000]:                     covered_vertices: ()
[INFO] [1788241634.685503, 845.100000]: Handle local replanning...
[INFO] [1788241634.686423, 845.100000]: curr path length: 47, is_loop length: 47
[INFO] [1788241634.687295, 845.100000]: Send new plan: 20 37 17 16 14 15 13 12 17 11 18 10 9 36 8 0 35 1 6 19 38 20 20(L) 38 26 21 23 22 24 25  ---> 27 31 29 32 30 28 33 38 38(L) 33 7 5 4 3 34 2 35(L) 
[INFO] [1788241640.490514, 850.900000]: Replanning request. curr_vertex_idx: 30
[INFO] [1788241640.491616, 850.900000]:                     covered_vertices: ()
[INFO] [1788241640.492368, 850.900000]: Handle local replanning...
[INFO] [1788241640.493004, 850.900000]: curr path length: 47, is_loop length: 47
[INFO] [1788241640.493702, 850.900000]: Send new plan: 20 37 17 16 14 15 13 12 17 11 18 10 9 36 8 0 35 1 6 19 38 20 20(L) 38 26 21 23 22 24 25 27  ---> 31 29 32 30 28 33 38 38(L) 33 7 5 4 3 34 2 35(L) 
[INFO] [1788241621.023602872, 831.400000000]: PHASE2C_KEYSCAN_ACCEPTED unique_id=598 state_id=598 sim_time=831.400000
[INFO] [1788241622.288032125, 832.700000000]: PHASE2C_KEYSCAN_ACCEPTED unique_id=599 state_id=599 sim_time=832.700000
[INFO] [1788241623.926292541, 834.300000000]: PHASE2C_KEYSCAN_ACCEPTED unique_id=600 state_id=600 sim_time=834.300000
[INFO] [1788241626.830086487, 837.200000000]: PHASE2C_KEYSCAN_ACCEPTED unique_id=601 state_id=601 sim_time=837.200000
[INFO] [1788241630.499361814, 840.900000000]: PHASE2C_KEYSCAN_ACCEPTED unique_id=602 state_id=602 sim_time=840.900000
[INFO] [1788241631.882120067, 842.300000000]: PHASE2C_KEYSCAN_ACCEPTED unique_id=603 state_id=603 sim_time=842.300000
[INFO] [1788241633.387402011, 843.800000000]: PHASE2C_KEYSCAN_ACCEPTED unique_id=604 state_id=604 sim_time=843.800000
[INFO] [1788241634.116690876, 844.500000000]: PHASE2C_KEYSCAN_ACCEPTED unique_id=605 state_id=605 sim_time=844.400000
[INFO] [1788241634.577475696, 845.000000000]: PHASE2C_KEYSCAN_ACCEPTED unique_id=606 state_id=606 sim_time=845.000000
[INFO] [1788241635.212075916, 845.600000000]: PHASE2C_KEYSCAN_ACCEPTED unique_id=607 state_id=607 sim_time=845.600000
[INFO] [1788241635.921976509, 846.300000000]: PHASE2C_KEYSCAN_ACCEPTED unique_id=608 state_id=608 sim_time=846.300000
[INFO] [1788241636.517849709, 846.900000000]: PHASE2C_KEYSCAN_ACCEPTED unique_id=609 state_id=609 sim_time=846.900000
[INFO] [1788241637.118198005, 847.500000000]: PHASE2C_KEYSCAN_ACCEPTED unique_id=610 state_id=610 sim_time=847.500000
[INFO] [1788241637.790259101, 848.200000000]: PHASE2C_KEYSCAN_ACCEPTED unique_id=611 state_id=611 sim_time=848.200000
[INFO] [1788241639.030625127, 849.400000000]: PHASE2C_KEYSCAN_ACCEPTED unique_id=612 state_id=612 sim_time=849.400000
[INFO] [1788241640.380373050, 850.800000000]: PHASE2C_KEYSCAN_ACCEPTED unique_id=613 state_id=613 sim_time=850.800000
[INFO] [1788241641.656274129, 852.000000000]: PHASE2C_KEYSCAN_ACCEPTED unique_id=614 state_id=614 sim_time=852.000000
[INFO] [1788241642.984862812, 853.400000000]: PHASE2C_KEYSCAN_ACCEPTED unique_id=615 state_id=615 sim_time=853.400000
[INFO] [1788241644.455385459, 854.800000000]: PHASE2C_KEYSCAN_ACCEPTED unique_id=616 state_id=616 sim_time=854.800000
[INFO] [1788241645.884112509, 856.300000000]: PHASE2C_KEYSCAN_ACCEPTED unique_id=617 state_id=617 sim_time=856.300000
[INFO] [1788241647.224540149, 857.600000000]: PHASE2C_KEYSCAN_ACCEPTED unique_id=618 state_id=618 sim_time=857.600000
[INFO] [1788241648.581827744, 859.000000000]: PHASE2C_KEYSCAN_ACCEPTED unique_id=619 state_id=619 sim_time=859.000000
[INFO] [1788241649.914297389, 860.300000000]: PHASE2C_KEYSCAN_ACCEPTED unique_id=620 state_id=620 sim_time=860.300000
[INFO] [1788241651.280161656, 861.700000000]: PHASE2C_KEYSCAN_ACCEPTED unique_id=621 state_id=621 sim_time=861.700000
[INFO] [1788241652.617216442, 863.000000000]: PHASE2C_KEYSCAN_ACCEPTED unique_id=622 state_id=622 sim_time=863.000000
[INFO] [1788241653.872850468, 864.300000000]: PHASE2C_KEYSCAN_ACCEPTED unique_id=623 state_id=623 sim_time=864.300000
[INFO] [1788241655.117438556, 865.500000000]: PHASE2C_KEYSCAN_ACCEPTED unique_id=624 state_id=624 sim_time=865.500000
[INFO] [1788241656.478422115, 866.900000000]: PHASE2C_KEYSCAN_ACCEPTED unique_id=625 state_id=625 sim_time=866.900000
[INFO] [1788241657.884943639, 868.300000000]: PHASE2C_KEYSCAN_ACCEPTED unique_id=626 state_id=626 sim_time=868.300000
[INFO] [1788241659.174579021, 869.600000000]: PHASE2C_KEYSCAN_ACCEPTED unique_id=627 state_id=627 sim_time=869.600000
[INFO] [1788241660.496555877, 870.900000000]: PHASE2C_KEYSCAN_ACCEPTED unique_id=628 state_id=628 sim_time=870.900000
[INFO] [1788241661.869540771, 872.300000000]: PHASE2C_KEYSCAN_ACCEPTED unique_id=629 state_id=629 sim_time=872.300000
[INFO] [1788241663.279120365, 873.700000000]: PHASE2C_KEYSCAN_ACCEPTED unique_id=630 state_id=630 sim_time=873.700000
[INFO] [1788241664.576260029, 875.000000000]: PHASE2C_KEYSCAN_ACCEPTED unique_id=631 state_id=631 sim_time=875.000000
[INFO] [1788241665.402490007, 875.800000000]: PHASE2C_KEYSCAN_ACCEPTED unique_id=632 state_id=632 sim_time=875.800000
[INFO] [1788241665.879420722, 876.300000000]: PHASE2C_KEYSCAN_ACCEPTED unique_id=633 state_id=633 sim_time=876.300000
[INFO] [1788241666.973770667, 877.400000000]: PHASE2C_KEYSCAN_ACCEPTED unique_id=634 state_id=634 sim_time=877.400000
[INFO] [1788241668.392786268, 878.800000000]: PHASE2C_KEYSCAN_ACCEPTED unique_id=635 state_id=635 sim_time=878.800000
Warning: Warning: TF_REPEATED_DATA ignoring data with redundant timestamp for frame odom (parent offset) at time 879.600000 according to authority unknown_publisherTF_REPEATED_DATA ignoring data with redundant timestamp for frame odom (parent offset) at time 879.600000 according to authority unknown_publisher

         at line          at line 277277 in  in /tmp/binarydeb/ros-noetic-tf2-0.7.10/src/buffer_core.cpp/tmp/binarydeb/ros-noetic-tf2-0.7.10/src/buffer_core.cpp

Warning: Warning: TF_REPEATED_DATA ignoring data with redundant timestamp for frame offset (parent map) at time 879.600000 according to authority unknown_publisherTF_REPEATED_DATA ignoring data with redundant timestamp for frame offset (parent map) at time 879.600000 according to authority unknown_publisher

         at line          at line 277277 in  in /tmp/binarydeb/ros-noetic-tf2-0.7.10/src/buffer_core.cpp/tmp/binarydeb/ros-noetic-tf2-0.7.10/src/buffer_core.cpp

[INFO] [1788241620.547360047, 830.900000000]: Call local replanning...
[INFO] [1788241620.564203473, 831.000000000]: Explore Goal 25 's frontiers...
[INFO] [1788241626.470195043, 836.900000000]: Call local replanning...
[INFO] [1788241626.478740983, 836.900000000]: Explore Goal 25 's frontiers...
[INFO] [1788241632.400495960, 842.800000000]: Call local replanning...
[INFO] [1788241632.408444745, 842.800000000]: Explore Goal 25 's frontiers...
[INFO] [1788241634.681941097, 845.100000000]: Call local replanning...
[INFO] [1788241634.688331870, 845.100000000]: Set newGoal 27
[INFO] [1788241640.489285492, 850.900000000]: Call local replanning...
[INFO] [1788241640.494420966, 850.900000000]: Reach vertex 27
[INFO] [1788241640.494467488, 850.900000000]: Set newGoal 31
[INFO] [1788241646.399855280, 856.800000000]: Call local replanning...
[INFO] [1788241652.353924510, 862.700000000]: Call local replanning...
[INFO] [1788241658.402790994, 868.800000000]: Call local replanning...
[INFO] [1788241664.354762398, 874.700000000]: Call local replanning...
[INFO] [1788241664.360449116, 874.800000000]: Reach vertex 31
[INFO] [1788241664.364520045, 874.800000000]: Explore Goal 31 's frontiers...
Warning: Warning: [WARN] [1788241669.226253331, 879.600000000]: TF_REPEATED_DATA ignoring data with redundant timestamp for frame odom (parent offset) at time 879.600000 according to authority unknown_publisher
TF_REPEATED_DATA ignoring data with redundant timestamp for frame odom (parent offset) at time 879.600000 according to authority unknown_publisherTF_REPEATED_DATA ignoring data with redundant timestamp for frame odom (parent offset) at time 879.600000 according to authority unknown_publisher

         at line          at line 277277 in  in /tmp/binarydeb/ros-noetic-tf2-0.7.10/src/buffer_core.cpp/tmp/binarydeb/ros-noetic-tf2-0.7.10/src/buffer_core.cpp[WARN] [1788241669.226277978, 879.600000000]: TF_REPEATED_DATA ignoring data with redundant timestamp for frame offset (parent map) at time 879.600000 according to authority unknown_publisher


Warning: TF_REPEATED_DATA ignoring data with redundant timestamp for frame offset (parent map) at time 879.600000 according to authority unknown_publisher
Warning:          at line TF_REPEATED_DATA ignoring data with redundant timestamp for frame offset (parent map) at time 879.600000 according to authority unknown_publisher277
 in          at line /tmp/binarydeb/ros-noetic-tf2-0.7.10/src/buffer_core.cpp277
 in /tmp/binarydeb/ros-noetic-tf2-0.7.10/src/buffer_core.cpp
Warning: [INFO] [1788241669.665604083, 880.100000000]: PHASE2C_KEYSCAN_ACCEPTED unique_id=636 state_id=636 sim_time=880.100000
[INFO] [1788241670.691463576, 881.100000000]: PHASE2C_KEYSCAN_ACCEPTED unique_id=637 state_id=637 sim_time=881.100000
[INFO] [1788241671.273470430, 881.700000000]: PHASE2C_KEYSCAN_ACCEPTED unique_id=638 state_id=638 sim_time=881.700000
[INFO] [1788241671.873616975, 882.300000000]: PHASE2C_KEYSCAN_ACCEPTED unique_id=639 state_id=639 sim_time=882.300000
[INFO] [1788241672.476425352, 882.900000000]: PHASE2C_KEYSCAN_ACCEPTED unique_id=640 state_id=640 sim_time=882.900000
[INFO] [1788241673.098444515, 883.500000000]: PHASE2C_KEYSCAN_ACCEPTED unique_id=641 state_id=641 sim_time=883.500000
[INFO] [1788241674.280309208, 884.700000000]: PHASE2C_KEYSCAN_ACCEPTED unique_id=642 state_id=642 sim_time=884.700000
TF_REPEATED_DATA ignoring data with redundant timestamp for frame odom (parent offset) at time 884.900000 according to authority unknown_publisherWarning: 
TF_REPEATED_DATA ignoring data with redundant timestamp for frame odom (parent offset) at time 884.900000 according to authority unknown_publisher         at line 
         at line 277277 in [INFO] [1788241669.619604052, 880.000000000]: Call local replanning...
[INFO] [1788241669.630270795, 880.000000000]: Explore Goal 31 's frontiers...
 in /tmp/binarydeb/ros-noetic-tf2-0.7.10/src/buffer_core.cppWarning: /tmp/binarydeb/ros-noetic-tf2-0.7.10/src/buffer_core.cppTF_REPEATED_DATA ignoring data with redundant timestamp for frame odom (parent offset) at time 884.900000 according to authority unknown_publisher


         at line 277Warning:  in TF_REPEATED_DATA ignoring data with redundant timestamp for frame offset (parent map) at time 884.900000 according to authority unknown_publisher/tmp/binarydeb/ros-noetic-tf2-0.7.10/src/buffer_core.cppWarning: 

TF_REPEATED_DATA ignoring data with redundant timestamp for frame offset (parent map) at time 884.900000 according to authority unknown_publisher         at line 
Warning: 277         at line TF_REPEATED_DATA ignoring data with redundant timestamp for frame offset (parent map) at time 884.900000 according to authority unknown_publisher in 277
/tmp/binarydeb/ros-noetic-tf2-0.7.10/src/buffer_core.cpp in          at line 
/tmp/binarydeb/ros-noetic-tf2-0.7.10/src/buffer_core.cpp277
 in /tmp/binarydeb/ros-noetic-tf2-0.7.10/src/buffer_core.cpp
Warning: TF_REPEATED_DATA ignoring data with redundant timestamp for frame odom (parent offset) at time 884.900000 according to authority unknown_publisher
         at line 277 in /tmp/binarydeb/ros-noetic-tf2-0.7.10/src/buffer_core.cpp
[WARN] [1788241674.539125091, 884.900000000]: TF_REPEATED_DATA ignoring data with redundant timestamp for frame odom (parent offset) at time 884.900000 according to authority unknown_publisher
Warning: TF_REPEATED_DATA ignoring data with redundant timestamp for frame offset (parent map) at time 884.900000 according to authority unknown_publisher
         at line 277 in /tmp/binarydeb/ros-noetic-tf2-0.7.10/src/buffer_core.cpp
[WARN] [1788241674.539150106, 884.900000000]: TF_REPEATED_DATA ignoring data with redundant timestamp for frame offset (parent map) at time 884.900000 according to authority unknown_publisher
[WARN] [1788241675.356527987, 885.700000000]: No frontier at vertex 31. #Frontier: 0
Warning: TF_REPEATED_DATA ignoring data with redundant timestamp for frame odom (parent offset) at time 886.300000 according to authority unknown_publisher
         at line 277 in /tmp/binarydeb/ros-noetic-tf2-0.7.10/src/buffer_core.cpp
[INFO] [1788241675.351668810, 885.700000000]: Call local replanning...
[INFO] [1788241675.356560685, 885.700000000]: Set newGoal 29
Warning: Warning: TF_REPEATED_DATA ignoring data with redundant timestamp for frame offset (parent map) at time 886.300000 according to authority unknown_publisherTF_REPEATED_DATA ignoring data with redundant timestamp for frame odom (parent offset) at time 886.300000 according to authority unknown_publisher

         at line          at line 277[INFO] [1788241675.939505785, 886.300000000]: PHASE2C_KEYSCAN_ACCEPTED unique_id=643 state_id=643 sim_time=886.100000
277 in [WARN] [1788241675.941294409, 886.300000000]: TF_REPEATED_DATA ignoring data with redundant timestamp for frame odom (parent offset) at time 886.300000 according to authority unknown_publisher
Warning:  in /tmp/binarydeb/ros-noetic-tf2-0.7.10/src/buffer_core.cppTF_REPEATED_DATA ignoring data with redundant timestamp for frame odom (parent offset) at time 886.300000 according to authority unknown_publisher/tmp/binarydeb/ros-noetic-tf2-0.7.10/src/buffer_core.cpp


         at line [WARN] [1788241675.941573871, 886.300000000]: TF_REPEATED_DATA ignoring data with redundant timestamp for frame offset (parent map) at time 886.300000 according to authority unknown_publisher
277Warning:  in TF_REPEATED_DATA ignoring data with redundant timestamp for frame offset (parent map) at time 886.300000 according to authority unknown_publisher/tmp/binarydeb/ros-noetic-tf2-0.7.10/src/buffer_core.cpp

         at line 277 in /tmp/binarydeb/ros-noetic-tf2-0.7.10/src/buffer_core.cpp
Warning: Warning: TF_REPEATED_DATA ignoring data with redundant timestamp for frame offset (parent map) at time 886.300000 according to authority unknown_publisherTF_REPEATED_DATA ignoring data with redundant timestamp for frame odom (parent offset) at time 886.300000 according to authority unknown_publisher

         at line          at line 277277 in  in /tmp/binarydeb/ros-noetic-tf2-0.7.10/src/buffer_core.cpp/tmp/binarydeb/ros-noetic-tf2-0.7.10/src/buffer_core.cpp

Warning: TF_REPEATED_DATA ignoring data with redundant timestamp for frame offset (parent map) at time 886.300000 according to authority unknown_publisher
         at line 277 in /tmp/binarydeb/ros-noetic-tf2-0.7.10/src/buffer_core.cpp
[INFO] [1788241676.992318823, 887.400000000]: PHASE2C_KEYSCAN_ACCEPTED unique_id=644 state_id=644 sim_time=887.400000
[INFO] [1788241678.290544612, 888.700000000]: PHASE2C_KEYSCAN_ACCEPTED unique_id=645 state_id=645 sim_time=888.700000
[INFO] [1788241679.787417332, 890.200000000]: PHASE2C_KEYSCAN_ACCEPTED unique_id=646 state_id=646 sim_time=890.200000
Warning: TF_REPEATED_DATA ignoring data with redundant timestamp for frame odom (parent offset) at time 891.600000 according to authority unknown_publisher
         at line 277 in /tmp/binarydeb/ros-noetic-tf2-0.7.10/src/buffer_core.cpp
Warning: TF_REPEATED_DATA ignoring data with redundant timestamp for frame offset (parent map) at time 891.600000 according to authority unknown_publisher
         at line 277 in /tmp/binarydeb/ros-noetic-tf2-0.7.10/src/buffer_core.cpp
[WARN] [1788241681.228613969, 891.600000000]: TF_REPEATED_DATA ignoring data with redundant timestamp for frame odom (parent offset) at time 891.600000 according to authority unknown_publisher
Warning: Warning: TF_REPEATED_DATA ignoring data with redundant timestamp for frame odom (parent offset) at time 891.600000 according to authority unknown_publisherTF_REPEATED_DATA ignoring data with redundant timestamp for frame odom (parent offset) at time 891.600000 according to authority unknown_publisher

         at line [WARN] [1788241681.228638890, 891.600000000]: TF_REPEATED_DATA ignoring data with redundant timestamp for frame offset (parent map) at time 891.600000 according to authority unknown_publisher
         at line 277277 in  in /tmp/binarydeb/ros-noetic-tf2-0.7.10/src/buffer_core.cpp/tmp/binarydeb/ros-noetic-tf2-0.7.10/src/buffer_core.cpp

Warning: TF_REPEATED_DATA ignoring data with redundant timestamp for frame offset (parent map) at time 891.600000 according to authority unknown_publisherWarning: 
TF_REPEATED_DATA ignoring data with redundant timestamp for frame offset (parent map) at time 891.600000 according to authority unknown_publisher         at line 
277         at line  in 277/tmp/binarydeb/ros-noetic-tf2-0.7.10/src/buffer_core.cpp in 
/tmp/binarydeb/ros-noetic-tf2-0.7.10/src/buffer_core.cpp
Warning: TF_REPEATED_DATA ignoring data with redundant timestamp for frame odom (parent offset) at time 891.600000 according to authority unknown_publisher
         at line 277 in /tmp/binarydeb/ros-noetic-tf2-0.7.10/src/buffer_core.cpp
Warning: TF_REPEATED_DATA ignoring data with redundant timestamp for frame offset (parent map) at time 891.600000 according to authority unknown_publisher
         at line 277 in /tmp/binarydeb/ros-noetic-tf2-0.7.10/src/buffer_core.cpp
[INFO] [1788241681.400994853, 891.800000000]: PHASE2C_KEYSCAN_ACCEPTED unique_id=647 state_id=647 sim_time=891.800000
[INFO] [1788241684.006143852, 894.400000000]: PHASE2C_KEYSCAN_ACCEPTED unique_id=648 state_id=648 sim_time=894.400000
[INFO] [1788241685.373004542, 895.800000000]: PHASE2C_KEYSCAN_ACCEPTED unique_id=649 state_id=649 sim_time=895.800000
[INFO] [1788241686.791899765, 897.200000000]: PHASE2C_KEYSCAN_ACCEPTED unique_id=650 state_id=650 sim_time=897.200000
[INFO] [1788241689.280729381, 899.700000000]: PHASE2C_KEYSCAN_ACCEPTED unique_id=651 state_id=651 sim_time=899.700000
[INFO] [1788241693.280530892, 903.700000000]: PHASE2C_KEYSCAN_ACCEPTED unique_id=652 state_id=652 sim_time=903.700000
[INFO] [1788241697.197047513, 907.600000000]: PHASE2C_KEYSCAN_ACCEPTED unique_id=653 state_id=653 sim_time=907.600000
[INFO] [1788241700.681376557, 911.100000000]: PHASE2C_KEYSCAN_ACCEPTED unique_id=654 state_id=654 sim_time=911.100000
[INFO] [1788241702.167891439, 912.600000000]: PHASE2C_KEYSCAN_ACCEPTED unique_id=655 state_id=655 sim_time=912.600000
[INFO] [1788241703.488304322, 913.900000000]: PHASE2C_KEYSCAN_ACCEPTED unique_id=656 state_id=656 sim_time=913.900000
[INFO] [1788241704.880604147, 915.300000000]: PHASE2C_KEYSCAN_ACCEPTED unique_id=657 state_id=657 sim_time=915.300000
[INFO] [1788241706.385297927, 916.800000000]: PHASE2C_KEYSCAN_ACCEPTED unique_id=658 state_id=658 sim_time=916.800000
[INFO] [1788241708.592343683, 919.000000000]: PHASE2C_KEYSCAN_ACCEPTED unique_id=659 state_id=659 sim_time=919.000000
Warning: [INFO] [1788241681.632786905, 892.000000000]: Call local replanning...
[INFO] [1788241687.322419815, 897.700000000]: Call local replanning...
[INFO] [1788241693.503371060, 903.900000000]: Call local replanning...
[INFO] [1788241699.492216487, 909.900000000]: Call local replanning...
[INFO] [1788241705.430324835, 915.800000000]: Call local replanning...
Warning: TF_REPEATED_DATA ignoring data with redundant timestamp for frame odom (parent offset) at time 921.600000 according to authority unknown_publisherWarning: 
TF_REPEATED_DATA ignoring data with redundant timestamp for frame odom (parent offset) at time 921.600000 according to authority unknown_publisherTF_REPEATED_DATA ignoring data with redundant timestamp for frame odom (parent offset) at time 921.600000 according to authority unknown_publisher         at line 
277
         at line  in          at line /tmp/binarydeb/ros-noetic-tf2-0.7.10/src/buffer_core.cpp277
277 in  in /tmp/binarydeb/ros-noetic-tf2-0.7.10/src/buffer_core.cppWarning: /tmp/binarydeb/ros-noetic-tf2-0.7.10/src/buffer_core.cpp
TF_REPEATED_DATA ignoring data with redundant timestamp for frame offset (parent map) at time 921.600000 according to authority unknown_publisher

         at line 277Warning:  in Warning: TF_REPEATED_DATA ignoring data with redundant timestamp for frame offset (parent map) at time 921.600000 according to authority unknown_publisher/tmp/binarydeb/ros-noetic-tf2-0.7.10/src/buffer_core.cppTF_REPEATED_DATA ignoring data with redundant timestamp for frame offset (parent map) at time 921.600000 according to authority unknown_publisher


         at line          at line 277277 in  in /tmp/binarydeb/ros-noetic-tf2-0.7.10/src/buffer_core.cpp/tmp/binarydeb/ros-noetic-tf2-0.7.10/src/buffer_core.cpp

Warning: TF_REPEATED_DATA ignoring data with redundant timestamp for frame odom (parent offset) at time 921.600000 according to authority unknown_publisher
         at line 277 in /tmp/binarydeb/ros-noetic-tf2-0.7.10/src/buffer_core.cpp
Warning: TF_REPEATED_DATA ignoring data with redundant timestamp for frame offset (parent map) at time 921.600000 according to authority unknown_publisher
         at line 277 in /tmp/binarydeb/ros-noetic-tf2-0.7.10/src/buffer_core.cpp
[WARN] [1788241711.234871187, 921.600000000]: TF_REPEATED_DATA ignoring data with redundant timestamp for frame odom (parent offset) at time 921.600000 according to authority unknown_publisher
[WARN] [1788241711.234904278, 921.600000000]: TF_REPEATED_DATA ignoring data with redundant timestamp for frame offset (parent map) at time 921.600000 according to authority unknown_publisher
[INFO] [1788241712.098371411, 922.500000000]: PHASE2C_KEYSCAN_ACCEPTED unique_id=660 state_id=660 sim_time=922.500000
[INFO] [1788241715.183192207, 925.600000000]: PHASE2C_KEYSCAN_ACCEPTED unique_id=661 state_id=661 sim_time=925.600000
[INFO] [1788241716.673033517, 927.100000000]: PHASE2C_KEYSCAN_ACCEPTED unique_id=662 state_id=662 sim_time=927.100000
[INFO] [1788241711.633355447, 922.000000000]: Call local replanning...
Warning: Warning: TF_REPEATED_DATA ignoring data with redundant timestamp for frame odom (parent offset) at time 927.300000 according to authority unknown_publisherTF_REPEATED_DATA ignoring data with redundant timestamp for frame odom (parent offset) at time 927.300000 according to authority unknown_publisher

         at line          at line 277277 in  in /tmp/binarydeb/ros-noetic-tf2-0.7.10/src/buffer_core.cpp/tmp/binarydeb/ros-noetic-tf2-0.7.10/src/buffer_core.cpp

Warning: Warning: TF_REPEATED_DATA ignoring data with redundant timestamp for frame offset (parent map) at time 927.300000 according to authority unknown_publisherTF_REPEATED_DATA ignoring data with redundant timestamp for frame offset (parent map) at time 927.300000 according to authority unknown_publisher

         at line          at line 277277 in  in /tmp/binarydeb/ros-noetic-tf2-0.7.10/src/buffer_core.cpp/tmp/binarydeb/ros-noetic-tf2-0.7.10/src/buffer_core.cpp

Warning: TF_REPEATED_DATA ignoring data with redundant timestamp for frame odom (parent offset) at time 927.300000 according to authority unknown_publisher
         at line 277 in /tmp/binarydeb/ros-noetic-tf2-0.7.10/src/buffer_core.cpp
Warning: TF_REPEATED_DATA ignoring data with redundant timestamp for frame odom (parent offset) at time 927.300000 according to authority unknown_publisher
         at line 277 in /tmp/binarydeb/ros-noetic-tf2-0.7.10/src/buffer_core.cpp
Warning: [WARN] [1788241716.951365705, 927.300000000]: TF_REPEATED_DATA ignoring data with redundant timestamp for frame odom (parent offset) at time 927.300000 according to authority unknown_publisher
TF_REPEATED_DATA ignoring data with redundant timestamp for frame offset (parent map) at time 927.300000 according to authority unknown_publisher
         at line 277 in /tmp/binarydeb/ros-noetic-tf2-0.7.10/src/buffer_core.cpp
Warning: TF_REPEATED_DATA ignoring data with redundant timestamp for frame offset (parent map) at time 927.300000 according to authority unknown_publisher
         at line 277 in /tmp/binarydeb/ros-noetic-tf2-0.7.10/src/buffer_core.cpp
[WARN] [1788241716.951390327, 927.300000000]: TF_REPEATED_DATA ignoring data with redundant timestamp for frame offset (parent map) at time 927.300000 according to authority unknown_publisher
[INFO] [1788241646.014378, 856.400000]: Really visited vertices: 20 37 17 16 15 14 13 12 17 11 18 36 9 36 8 0 35 1 35 6 19 18 37 20 38 20 23 26 23 21 22 21 24 25 27 
[INFO] [1788241646.401090, 856.800000]: Replanning request. curr_vertex_idx: 31
[INFO] [1788241646.402063, 856.800000]:                     covered_vertices: ()
[INFO] [1788241646.402595, 856.800000]: Handle local replanning...
[INFO] [1788241646.403303, 856.800000]: curr path length: 47, is_loop length: 47
[INFO] [1788241646.403911, 856.800000]: Send new plan: 20 37 17 16 14 15 13 12 17 11 18 10 9 36 8 0 35 1 6 19 38 20 20(L) 38 26 21 23 22 24 25 27 31  ---> 29 32 30 28 33 38 38(L) 33 7 5 4 3 34 2 35(L) 
[INFO] [1788241651.409245, 861.800000]: Really visited vertices: 20 37 17 16 15 14 13 12 17 11 18 36 9 36 8 0 35 1 35 6 19 18 37 20 38 20 23 26 23 21 22 21 24 25 27 
[INFO] [1788241652.355181, 862.700000]: Replanning request. curr_vertex_idx: 31
[INFO] [1788241652.355994, 862.700000]:                     covered_vertices: ()
[INFO] [1788241652.356469, 862.700000]: Handle local replanning...
[INFO] [1788241652.357074, 862.700000]: curr path length: 47, is_loop length: 47
[INFO] [1788241652.357512, 862.700000]: Send new plan: 20 37 17 16 14 15 13 12 17 11 18 10 9 36 8 0 35 1 6 19 38 20 20(L) 38 26 21 23 22 24 25 27 31  ---> 29 32 30 28 33 38 38(L) 33 7 5 4 3 34 2 35(L) 
[INFO] [1788241658.015732, 868.400000]: Really visited vertices: 20 37 17 16 15 14 13 12 17 11 18 36 9 36 8 0 35 1 35 6 19 18 37 20 38 20 23 26 23 21 22 21 24 25 27 
[INFO] [1788241658.403986, 868.800000]: Replanning request. curr_vertex_idx: 31
[INFO] [1788241658.404934, 868.800000]:                     covered_vertices: ()
[INFO] [1788241658.405695, 868.800000]: Handle local replanning...
[INFO] [1788241658.406431, 868.800000]: curr path length: 47, is_loop length: 47
[INFO] [1788241658.407029, 868.800000]: Send new plan: 20 37 17 16 14 15 13 12 17 11 18 10 9 36 8 0 35 1 6 19 38 20 20(L) 38 26 21 23 22 24 25 27 31  ---> 29 32 30 28 33 38 38(L) 33 7 5 4 3 34 2 35(L) 
[INFO] [1788241663.411858, 873.800000]: Really visited vertices: 20 37 17 16 15 14 13 12 17 11 18 36 9 36 8 0 35 1 35 6 19 18 37 20 38 20 23 26 23 21 22 21 24 25 27 31 
[INFO] [1788241664.356045, 874.700000]: Replanning request. curr_vertex_idx: 31
[INFO] [1788241664.357267, 874.700000]:                     covered_vertices: ()
[INFO] [1788241664.358094, 874.700000]: Handle local replanning...
[INFO] [1788241664.358999, 874.800000]: curr path length: 47, is_loop length: 47
[INFO] [1788241664.359635, 874.800000]: Send new plan: 20 37 17 16 14 15 13 12 17 11 18 10 9 36 8 0 35 1 6 19 38 20 20(L) 38 26 21 23 22 24 25 27 31  ---> 29 32 30 28 33 38 38(L) 33 7 5 4 3 34 2 35(L) 
[INFO] [1788241669.620834, 880.000000]: Replanning request. curr_vertex_idx: 31
[INFO] [1788241669.621787, 880.000000]:                     covered_vertices: ()
[INFO] [1788241669.622557, 880.000000]: Handle local replanning...
[INFO] [1788241669.623270, 880.000000]: curr path length: 47, is_loop length: 47
[INFO] [1788241669.623924, 880.000000]: Send new plan: 20 37 17 16 14 15 13 12 17 11 18 10 9 36 8 0 35 1 6 19 38 20 20(L) 38 26 21 23 22 24 25 27 31  ---> 29 32 30 28 33 38 38(L) 33 7 5 4 3 34 2 35(L) 
[INFO] [1788241674.539634, 884.900000]: Really visited vertices: 20 37 17 16 15 14 13 12 17 11 18 36 9 36 8 0 35 1 35 6 19 18 37 20 38 20 23 26 23 21 22 21 24 25 27 31 
[INFO] [1788241675.352726, 885.700000]: Replanning request. curr_vertex_idx: 31
[INFO] [1788241675.353671, 885.700000]:                     covered_vertices: ()
[INFO] [1788241675.354337, 885.700000]: Handle local replanning...
[INFO] [1788241675.354844, 885.700000]: curr path length: 47, is_loop length: 47
[INFO] [1788241675.355563, 885.700000]: Send new plan: 20 37 17 16 14 15 13 12 17 11 18 10 9 36 8 0 35 1 6 19 38 20 20(L) 38 26 21 23 22 24 25 27 31  ---> 29 32 30 28 33 38 38(L) 33 7 5 4 3 34 2 35(L) 
[INFO] [1788241681.634005, 892.000000]: Replanning request. curr_vertex_idx: 32
[INFO] [1788241681.634948, 892.000000]:                     covered_vertices: ()
[INFO] [1788241681.635737, 892.000000]: Handle local replanning...
[INFO] [1788241681.636463, 892.000000]: curr path length: 47, is_loop length: 47
[INFO] [1788241681.637197, 892.000000]: Send new plan: 20 37 17 16 14 15 13 12 17 11 18 10 9 36 8 0 35 1 6 19 38 20 20(L) 38 26 21 23 22 24 25 27 31 29  ---> 32 30 28 33 38 38(L) 33 7 5 4 3 34 2 35(L) 
[INFO] [1788241686.929421, 897.300000]: Really visited vertices: 20 37 17 16 15 14 13 12 17 11 18 36 9 36 8 0 35 1 35 6 19 18 37 20 38 20 23 26 23 21 22 21 24 25 27 31 
[INFO] [1788241687.323517, 897.700000]: Replanning request. curr_vertex_idx: 32
[INFO] [1788241687.324482, 897.700000]:                     covered_vertices: ()
[INFO] [1788241687.325115, 897.700000]: Handle local replanning...
[INFO] [1788241687.325799, 897.700000]: curr path length: 47, is_loop length: 47
[INFO] [1788241687.326437, 897.700000]: Send new plan: 20 37 17 16 14 15 13 12 17 11 18 10 9 36 8 0 35 1 6 19 38 20 20(L) 38 26 21 23 22 24 25 27 31 29  ---> 32 30 28 33 38 38(L) 33 7 5 4 3 34 2 35(L) 
[INFO] [1788241693.504562, 903.900000]: Replanning request. curr_vertex_idx: 32
[INFO] [1788241693.505418, 903.900000]:                     covered_vertices: ()
[INFO] [1788241693.505972, 903.900000]: Handle local replanning...
[INFO] [1788241693.506474, 903.900000]: curr path length: 47, is_loop length: 47
[INFO] [1788241693.506991, 903.900000]: Send new plan: 20 37 17 16 14 15 13 12 17 11 18 10 9 36 8 0 35 1 6 19 38 20 20(L) 38 26 21 23 22 24 25 27 31 29  ---> 32 30 28 33 38 38(L) 33 7 5 4 3 34 2 35(L) 
[INFO] [1788241699.493350, 909.900000]: Replanning request. curr_vertex_idx: 32
[INFO] [1788241699.494382, 909.900000]:                     covered_vertices: ()
[INFO] [1788241699.495080, 909.900000]: Handle local replanning...
[INFO] [1788241699.495719, 909.900000]: curr path length: 47, is_loop length: 47
[INFO] [1788241699.496356, 909.900000]: Send new plan: 20 37 17 16 14 15 13 12 17 11 18 10 9 36 8 0 35 1 6 19 38 20 20(L) 38 26 21 23 22 24 25 27 31 29  ---> 32 30 28 33 38 38(L) 33 7 5 4 3 34 2 35(L) 
[INFO] [1788241705.016339, 915.400000]: Really visited vertices: 20 37 17 16 15 14 13 12 17 11 18 36 9 36 8 0 35 1 35 6 19 18 37 20 38 20 23 26 23 21 22 21 24 25 27 31 30 
[INFO] [1788241705.431484, 915.800000]: Replanning request. curr_vertex_idx: 32
[INFO] [1788241705.432784, 915.800000]:                     covered_vertices: ()
[INFO] [1788241705.433530, 915.800000]: Handle local replanning...
[INFO] [1788241705.434189, 915.800000]: curr path length: 47, is_loop length: 47
[INFO] [1788241705.435007, 915.800000]: Send new plan: 20 37 17 16 14 15 13 12 17 11 18 10 9 36 8 0 35 1 6 19 38 20 20(L) 38 26 21 23 22 24 25 27 31 29  ---> 32 30 28 33 38 38(L) 33 7 5 4 3 34 2 35(L) 
[INFO] [1788241711.634562, 922.000000]: Replanning request. curr_vertex_idx: 32
[INFO] [1788241711.635656, 922.000000]:                     covered_vertices: ()
[INFO] [1788241711.636393, 922.000000]: Handle local replanning...
[INFO] [1788241711.637083, 922.000000]: curr path length: 47, is_loop length: 47
[INFO] [1788241711.637531, 922.000000]: Send new plan: 20 37 17 16 14 15 13 12 17 11 18 10 9 36 8 0 35 1 6 19 38 20 20(L) 38 26 21 23 22 24 25 27 31 29  ---> 32 30 28 33 38 38(L) 33 7 5 4 3 34 2 35(L) 
[INFO] [1788241716.950344, 927.300000]: Really visited vertices: 20 37 17 16 15 14 13 12 17 11 18 36 9 36 8 0 35 1 35 6 19 18 37 20 38 20 23 26 23 21 22 21 24 25 27 31 30 
[INFO] [1788241717.356880, 927.700000]: Replanning request. curr_vertex_idx: 32
[INFO] [1788241717.358108, 927.700000]:                     covered_vertices: ()
[INFO] [1788241717.358946, 927.700000]: Handle local replanning...
[INFO] [1788241717.359604, 927.800000]: curr path length: 47, is_loop length: 47
[INFO] [1788241717.360156, 927.800000]: Send new plan: 20 37 17 16 14 15 13 12 17 11 18 10 9 36 8 0 35 1 6 19 38 20 20(L) 38 26 21 23 22 24 25 27 31 29  ---> 32 30 28 33 38 38(L) 33 7 5 4 3 34 2 35(L) 
[INFO] [1788241722.611585, 933.000000]: Really visited vertices: 20 37 17 16 15 14 13 12 17 11 18 36 9 36 8 0 35 1 35 6 19 18 37 20 38 20 23 26 23 21 22 21 24 25 27 31 30 
[INFO] [1788241717.996873133, 928.400000000]: PHASE2C_KEYSCAN_ACCEPTED unique_id=663 state_id=663 sim_time=928.400000
[INFO] [1788241719.674845871, 930.100000000]: PHASE2C_KEYSCAN_ACCEPTED unique_id=664 state_id=664 sim_time=930.100000
[INFO] [1788241721.005233299, 931.400000000]: PHASE2C_KEYSCAN_ACCEPTED unique_id=665 state_id=665 sim_time=931.400000
[INFO] [1788241722.471516767, 932.900000000]: PHASE2C_KEYSCAN_ACCEPTED unique_id=666 state_id=666 sim_time=932.900000
[INFO] [1788241723.892978710, 934.300000000]: PHASE2C_KEYSCAN_ACCEPTED unique_id=667 state_id=667 sim_time=934.300000
[INFO] [1788241724.680867485, 935.100000000]: PHASE2C_KEYSCAN_ACCEPTED unique_id=668 state_id=668 sim_time=935.100000
[INFO] [1788241725.580237229, 936.000000000]: PHASE2C_KEYSCAN_ACCEPTED unique_id=669 state_id=669 sim_time=936.000000
[INFO] [1788241727.130579587, 937.500000000]: PHASE2C_KEYSCAN_ACCEPTED unique_id=670 state_id=670 sim_time=937.400000
[INFO] [1788241728.577448744, 939.000000000]: PHASE2C_KEYSCAN_ACCEPTED unique_id=671 state_id=671 sim_time=939.000000
[INFO] [1788241729.278741444, 939.700000000]: PHASE2C_KEYSCAN_ACCEPTED unique_id=672 state_id=672 sim_time=939.700000
[INFO] [1788241729.981334155, 940.400000000]: PHASE2C_KEYSCAN_ACCEPTED unique_id=673 state_id=673 sim_time=940.400000
[INFO] [1788241730.583074242, 941.000000000]: PHASE2C_KEYSCAN_ACCEPTED unique_id=674 state_id=674 sim_time=941.000000
[INFO] [1788241731.187101120, 941.600000000]: PHASE2C_KEYSCAN_ACCEPTED unique_id=675 state_id=675 sim_time=941.600000
[INFO] [1788241732.033415919, 942.400000000]: PHASE2C_KEYSCAN_ACCEPTED unique_id=676 state_id=676 sim_time=942.400000
[INFO] [1788241733.491680181, 943.900000000]: PHASE2C_KEYSCAN_ACCEPTED unique_id=677 state_id=677 sim_time=943.900000
[INFO] [1788241734.914833141, 945.300000000]: PHASE2C_KEYSCAN_ACCEPTED unique_id=678 state_id=678 sim_time=945.300000
[INFO] [1788241736.077402517, 946.500000000]: PHASE2C_KEYSCAN_ACCEPTED unique_id=679 state_id=679 sim_time=946.500000
[INFO] [1788241737.494448776, 947.900000000]: PHASE2C_KEYSCAN_ACCEPTED unique_id=680 state_id=680 sim_time=947.900000
[INFO] [1788241738.772270582, 949.200000000]: PHASE2C_KEYSCAN_ACCEPTED unique_id=681 state_id=681 sim_time=949.200000
Warning: TF_REPEATED_DATA ignoring data with redundant timestamp for frame odom (parent offset) at time 949.600000 according to authority unknown_publisher
         at line 277 in /tmp/binarydeb/ros-noetic-tf2-0.7.10/src/buffer_core.cpp
Warning: TF_REPEATED_DATA ignoring data with redundant timestamp for frame offset (parent map) at time 949.600000 according to authority unknown_publisher
         at line 277 in /tmp/binarydeb/ros-noetic-tf2-0.7.10/src/buffer_core.cpp
[INFO] [1788241717.355627468, 927.700000000]: Call local replanning...
[INFO] [1788241723.575845931, 934.000000000]: Call local replanning...
[INFO] [1788241723.582129955, 934.000000000]: Reach vertex 29
[INFO] [1788241723.587036155, 934.000000000]: Explore Goal 29 's frontiers...
[INFO] [1788241727.555318564, 937.900000000]: Call local replanning...
[INFO] [1788241727.564239101, 938.000000000]: Explore Goal 29 's frontiers...
[INFO] [1788241729.726586084, 940.100000000]: Call local replanning...
[INFO] [1788241729.739514342, 940.100000000]: Explore Goal 29 's frontiers...
[INFO] [1788241735.690990312, 946.100000000]: Call local replanning...
[INFO] [1788241735.702222879, 946.100000000]: Explore Goal 29 's frontiers...
Warning: TF_REPEATED_DATA ignoring data with redundant timestamp for frame odom (parent offset) at time 949.600000 according to authority unknown_publisher
         at line 277 in /tmp/binarydeb/ros-noetic-tf2-0.7.10/src/buffer_core.cpp
Warning: TF_REPEATED_DATA ignoring data with redundant timestamp for frame offset (parent map) at time 949.600000 according to authority unknown_publisher
         at line Warning: 277 in TF_REPEATED_DATA ignoring data with redundant timestamp for frame odom (parent offset) at time 949.600000 according to authority unknown_publisher/tmp/binarydeb/ros-noetic-tf2-0.7.10/src/buffer_core.cpp

         at line 277 in /tmp/binarydeb/ros-noetic-tf2-0.7.10/src/buffer_core.cpp
Warning: TF_REPEATED_DATA ignoring data with redundant timestamp for frame offset (parent map) at time 949.600000 according to authority unknown_publisher
         at line 277 in /tmp/binarydeb/ros-noetic-tf2-0.7.10/src/buffer_core.cpp
Warning: TF_REPEATED_DATA ignoring data with redundant timestamp for frame odom (parent offset) at time 949.600000 according to authority unknown_publisher
         at line 277 in /tmp/binarydeb/ros-noetic-tf2-0.7.10/src/buffer_core.cpp
Warning: TF_REPEATED_DATA ignoring data with redundant timestamp for frame offset (parent map) at time 949.600000 according to authority unknown_publisher
         at line 277 in /tmp/binarydeb/ros-noetic-tf2-0.7.10/src/buffer_core.cpp
[WARN] [1788241739.247050639, 949.600000000]: TF_REPEATED_DATA ignoring data with redundant timestamp for frame odom (parent offset) at time 949.600000 according to authority unknown_publisher
[WARN] [1788241739.247071707, 949.600000000]: TF_REPEATED_DATA ignoring data with redundant timestamp for frame offset (parent map) at time 949.600000 according to authority unknown_publisher
[WARN] [1788241739.963609589, 950.400000000]: Missed desired rate of 1.00Hz! Loop actually took 1.1000 seconds!
[WARN] [1788241751.279787319, 961.700000000]: No frontier at vertex 29. #Frontier: 0
[INFO] [1788241740.397902830, 950.800000000]: PHASE2C_KEYSCAN_ACCEPTED unique_id=682 state_id=682 sim_time=950.800000
[INFO] [1788241740.879122022, 951.300000000]: PHASE2C_KEYSCAN_ACCEPTED unique_id=683 state_id=683 sim_time=951.300000
[INFO] [1788241741.470294709, 951.900000000]: PHASE2C_KEYSCAN_ACCEPTED unique_id=684 state_id=684 sim_time=951.900000
[INFO] [1788241742.169067411, 952.600000000]: PHASE2C_KEYSCAN_ACCEPTED unique_id=685 state_id=685 sim_time=952.600000
[INFO] [1788241742.806891320, 953.200000000]: PHASE2C_KEYSCAN_ACCEPTED unique_id=686 state_id=686 sim_time=953.200000
[INFO] [1788241743.977419294, 954.400000000]: PHASE2C_KEYSCAN_ACCEPTED unique_id=687 state_id=687 sim_time=954.400000
[INFO] [1788241745.423409830, 955.800000000]: PHASE2C_KEYSCAN_ACCEPTED unique_id=688 state_id=688 sim_time=955.800000
[INFO] [1788241746.688398487, 957.100000000]: PHASE2C_KEYSCAN_ACCEPTED unique_id=689 state_id=689 sim_time=957.100000
[INFO] [1788241748.128852627, 958.500000000]: PHASE2C_KEYSCAN_ACCEPTED unique_id=690 state_id=690 sim_time=958.500000
[INFO] [1788241749.484925273, 959.900000000]: PHASE2C_KEYSCAN_ACCEPTED unique_id=691 state_id=691 sim_time=959.900000
[INFO] [1788241750.704904817, 961.100000000]: PHASE2C_KEYSCAN_ACCEPTED unique_id=692 state_id=692 sim_time=961.100000
[INFO] [1788241751.377812289, 961.800000000]: PHASE2C_KEYSCAN_ACCEPTED unique_id=693 state_id=693 sim_time=961.800000
[INFO] [1788241751.896353576, 962.300000000]: PHASE2C_KEYSCAN_ACCEPTED unique_id=694 state_id=694 sim_time=962.300000
[INFO] [1788241752.575031550, 963.000000000]: PHASE2C_KEYSCAN_ACCEPTED unique_id=695 state_id=695 sim_time=963.000000
[INFO] [1788241753.366774280, 963.800000000]: PHASE2C_KEYSCAN_ACCEPTED unique_id=696 state_id=696 sim_time=963.700000
[INFO] [1788241753.984991149, 964.400000000]: PHASE2C_KEYSCAN_ACCEPTED unique_id=697 state_id=697 sim_time=964.400000
[INFO] [1788241755.579278421, 966.000000000]: PHASE2C_KEYSCAN_ACCEPTED unique_id=698 state_id=698 sim_time=965.900000
[INFO] [1788241757.292595111, 967.700000000]: PHASE2C_KEYSCAN_ACCEPTED unique_id=699 state_id=699 sim_time=967.600000
[INFO] [1788241758.775455581, 969.200000000]: PHASE2C_KEYSCAN_ACCEPTED unique_id=700 state_id=700 sim_time=969.100000
[INFO] [1788241759.996783727, 970.400000000]: PHASE2C_KEYSCAN_ACCEPTED unique_id=701 state_id=701 sim_time=970.400000
[INFO] [1788241761.432624869, 971.800000000]: PHASE2C_KEYSCAN_ACCEPTED unique_id=702 state_id=702 sim_time=971.800000
[INFO] [1788241762.686826702, 973.100000000]: PHASE2C_KEYSCAN_ACCEPTED unique_id=703 state_id=703 sim_time=973.100000
[INFO] [1788241764.024067981, 974.400000000]: PHASE2C_KEYSCAN_ACCEPTED unique_id=704 state_id=704 sim_time=974.400000
[INFO] [1788241765.274962422, 975.700000000]: PHASE2C_KEYSCAN_ACCEPTED unique_id=705 state_id=705 sim_time=975.700000
[INFO] [1788241766.525754235, 976.900000000]: PHASE2C_KEYSCAN_ACCEPTED unique_id=706 state_id=706 sim_time=976.900000
[INFO] [1788241767.793002976, 978.200000000]: PHASE2C_KEYSCAN_ACCEPTED unique_id=707 state_id=707 sim_time=978.200000
Warning: TF_REPEATED_DATA ignoring data with redundant timestamp for frame odom (parent offset) at time 979.600000 according to authority unknown_publisher
         at line 277Warning:  in /tmp/binarydeb/ros-noetic-tf2-0.7.10/src/buffer_core.cppTF_REPEATED_DATA ignoring data with redundant timestamp for frame odom (parent offset) at time 979.600000 according to authority unknown_publisher
[INFO] [1788241739.860947881, 950.300000000]: Call local replanning...
[INFO] [1788241739.871602202, 950.300000000]: Explore Goal 29 's frontiers...
[INFO] [1788241745.516544669, 955.900000000]: Call local replanning...
[INFO] [1788241745.525250198, 955.900000000]: Explore Goal 29 's frontiers...
[INFO] [1788241751.274979114, 961.700000000]: Call local replanning...
[INFO] [1788241751.279821794, 961.700000000]: Skip repeated visit to vertex 32
[INFO] [1788241751.279828379, 961.700000000]: Set newGoal 30
[INFO] [1788241757.699187313, 968.100000000]: Call local replanning...
[INFO] [1788241763.376333530, 973.800000000]: Call local replanning...

Warning: Warning:          at line TF_REPEATED_DATA ignoring data with redundant timestamp for frame offset (parent map) at time 979.600000 according to authority unknown_publisherTF_REPEATED_DATA ignoring data with redundant timestamp for frame odom (parent offset) at time 979.600000 according to authority unknown_publisher277

 in          at line          at line /tmp/binarydeb/ros-noetic-tf2-0.7.10/src/buffer_core.cpp277277
 in  in /tmp/binarydeb/ros-noetic-tf2-0.7.10/src/buffer_core.cpp/tmp/binarydeb/ros-noetic-tf2-0.7.10/src/buffer_core.cpp

Warning: TF_REPEATED_DATA ignoring data with redundant timestamp for frame offset (parent map) at time 979.600000 according to authority unknown_publisher
         at line 277 in [WARN] [1788241769.258056886, 979.600000000]: TF_REPEATED_DATA ignoring data with redundant timestamp for frame odom (parent offset) at time 979.600000 according to authority unknown_publisher
/tmp/binarydeb/ros-noetic-tf2-0.7.10/src/buffer_core.cppWarning: 
TF_REPEATED_DATA ignoring data with redundant timestamp for frame offset (parent map) at time 979.600000 according to authority unknown_publisher
         at line 277 in /tmp/binarydeb/ros-noetic-tf2-0.7.10/src/buffer_core.cpp
[WARN] [1788241769.258101780, 979.600000000]: TF_REPEATED_DATA ignoring data with redundant timestamp for frame offset (parent map) at time 979.600000 according to authority unknown_publisher
Warning: TF_REPEATED_DATA ignoring data with redundant timestamp for frame odom (parent offset) at time 979.600000 according to authority unknown_publisher
         at line 277 in /tmp/binarydeb/ros-noetic-tf2-0.7.10/src/buffer_core.cpp
Warning: TF_REPEATED_DATA ignoring data with redundant timestamp for frame offset (parent map) at time 979.600000 according to authority unknown_publisher
         at line 277 in /tmp/binarydeb/ros-noetic-tf2-0.7.10/src/buffer_core.cpp
[WARN] [1788241774.678988039, 985.100000000]: No frontier at vertex 30. #Frontier: 0
[INFO] [1788241769.423758388, 979.800000000]: PHASE2C_KEYSCAN_ACCEPTED unique_id=708 state_id=708 sim_time=979.800000
[INFO] [1788241770.486737223, 980.900000000]: PHASE2C_KEYSCAN_ACCEPTED unique_id=709 state_id=709 sim_time=980.900000
[INFO] [1788241771.534602644, 981.900000000]: PHASE2C_KEYSCAN_ACCEPTED unique_id=710 state_id=710 sim_time=981.900000
[INFO] [1788241772.990645195, 983.400000000]: PHASE2C_KEYSCAN_ACCEPTED unique_id=711 state_id=711 sim_time=983.400000
[INFO] [1788241774.528079676, 984.900000000]: PHASE2C_KEYSCAN_ACCEPTED unique_id=712 state_id=712 sim_time=984.900000
[INFO] [1788241775.189899769, 985.600000000]: PHASE2C_KEYSCAN_ACCEPTED unique_id=713 state_id=713 sim_time=985.600000
[INFO] [1788241775.784254128, 986.200000000]: PHASE2C_KEYSCAN_ACCEPTED unique_id=714 state_id=714 sim_time=986.200000
[INFO] [1788241776.385299856, 986.800000000]: PHASE2C_KEYSCAN_ACCEPTED unique_id=715 state_id=715 sim_time=986.800000
[INFO] [1788241777.071594350, 987.500000000]: PHASE2C_KEYSCAN_ACCEPTED unique_id=716 state_id=716 sim_time=987.400000
[INFO] [1788241778.394895829, 988.800000000]: PHASE2C_KEYSCAN_ACCEPTED unique_id=717 state_id=717 sim_time=988.800000
[INFO] [1788241780.373146503, 990.800000000]: PHASE2C_KEYSCAN_ACCEPTED unique_id=718 state_id=718 sim_time=990.400000
[INFO] [1788241781.290487417, 991.700000000]: PHASE2C_KEYSCAN_ACCEPTED unique_id=719 state_id=719 sim_time=991.700000
[INFO] [1788241781.992013032, 992.400000000]: PHASE2C_KEYSCAN_ACCEPTED unique_id=720 state_id=720 sim_time=992.400000
[INFO] [1788241783.384409895, 993.800000000]: PHASE2C_KEYSCAN_ACCEPTED unique_id=721 state_id=721 sim_time=993.700000
[INFO] [1788241785.097901653, 995.500000000]: PHASE2C_KEYSCAN_ACCEPTED unique_id=722 state_id=722 sim_time=995.500000
Warning: TF_REPEATED_DATA ignoring data with redundant timestamp for frame odom (parent offset) at time 996.600000 according to authority unknown_publisher
         at line 277 in /tmp/binarydeb/ros-noetic-tf2-0.7.10/src/buffer_core.cpp[INFO] [1788241769.663610716, 980.100000000]: Call local replanning...
[INFO] [1788241769.667835920, 980.100000000]: Reach vertex 30
[INFO] [1788241769.670904739, 980.100000000]: Explore Goal 30 's frontiers...
[INFO] [1788241772.530152598, 982.900000000]: Call local replanning...
[INFO] [1788241772.537662757, 982.900000000]: Explore Goal 30 's frontiers...
[INFO] [1788241774.673835985, 985.100000000]: Call local replanning...
[INFO] [1788241774.679019021, 985.100000000]: Set newGoal 28
[INFO] [1788241774.679028777, 985.100000000]: Find middle goal point.
[INFO] [1788241780.661310052, 991.100000000]: Call local replanning...
[INFO] [1788241780.666167173, 991.100000000]: Find middle goal point.

Warning: TF_REPEATED_DATA ignoring data with redundant timestamp for frame odom (parent offset) at time 996.600000 according to authority unknown_publisherWarning: 
TF_REPEATED_DATA ignoring data with redundant timestamp for frame offset (parent map) at time 996.600000 according to authority unknown_publisher         at line 
         at line 277277 in  in /tmp/binarydeb/ros-noetic-tf2-0.7.10/src/buffer_core.cpp/tmp/binarydeb/ros-noetic-tf2-0.7.10/src/buffer_core.cpp

Warning: Warning: TF_REPEATED_DATA ignoring data with redundant timestamp for frame offset (parent map) at time 996.600000 according to authority unknown_publisher[WARN] [1788241786.246572028, 996.600000000]: TF_REPEATED_DATA ignoring data with redundant timestamp for frame odom (parent offset) at time 996.600000 according to authority unknown_publisher

TF_REPEATED_DATA ignoring data with redundant timestamp for frame odom (parent offset) at time 996.600000 according to authority unknown_publisher         at line 
277         at line  in /tmp/binarydeb/ros-noetic-tf2-0.7.10/src/buffer_core.cpp277
 in /tmp/binarydeb/ros-noetic-tf2-0.7.10/src/buffer_core.cpp
[WARN] [1788241786.246594976, 996.600000000]: TF_REPEATED_DATA ignoring data with redundant timestamp for frame offset (parent map) at time 996.600000 according to authority unknown_publisher
Warning: TF_REPEATED_DATA ignoring data with redundant timestamp for frame offset (parent map) at time 996.600000 according to authority unknown_publisher
         at line 277 in /tmp/binarydeb/ros-noetic-tf2-0.7.10/src/buffer_core.cpp
Warning: TF_REPEATED_DATA ignoring data with redundant timestamp for frame odom (parent offset) at time 996.600000 according to authority unknown_publisher
         at line 277 in /tmp/binarydeb/ros-noetic-tf2-0.7.10/src/buffer_core.cpp
Warning: TF_REPEATED_DATA ignoring data with redundant timestamp for frame offset (parent map) at time 996.600000 according to authority unknown_publisher
         at line 277 in /tmp/binarydeb/ros-noetic-tf2-0.7.10/src/buffer_core.cpp
[INFO] [1788241723.577149, 934.000000]: Replanning request. curr_vertex_idx: 32
[INFO] [1788241723.578237, 934.000000]:                     covered_vertices: ()
[INFO] [1788241723.579269, 934.000000]: Handle local replanning...
[INFO] [1788241723.580058, 934.000000]: curr path length: 47, is_loop length: 47
[INFO] [1788241723.581056, 934.000000]: Send new plan: 20 37 17 16 14 15 13 12 17 11 18 10 9 36 8 0 35 1 6 19 38 20 20(L) 38 26 21 23 22 24 25 27 31 29  ---> 32 30 28 33 38 38(L) 33 7 5 4 3 34 2 35(L) 
[INFO] [1788241727.556539, 937.900000]: Replanning request. curr_vertex_idx: 32
[INFO] [1788241727.557807, 937.900000]:                     covered_vertices: ()
[INFO] [1788241727.558649, 937.900000]: Handle local replanning...
[INFO] [1788241727.559296, 938.000000]: curr path length: 47, is_loop length: 47
[INFO] [1788241727.560103, 938.000000]: Send new plan: 20 37 17 16 14 15 13 12 17 11 18 10 9 36 8 0 35 1 6 19 38 20 20(L) 38 26 21 23 22 24 25 27 31 29  ---> 32 30 28 33 38 38(L) 33 7 5 4 3 34 2 35(L) 
[INFO] [1788241729.727850, 940.100000]: Replanning request. curr_vertex_idx: 32
[INFO] [1788241729.729026, 940.100000]:                     covered_vertices: ()
[INFO] [1788241729.729731, 940.100000]: Handle local replanning...
[INFO] [1788241729.730370, 940.100000]: curr path length: 47, is_loop length: 47
[INFO] [1788241729.731113, 940.100000]: Send new plan: 20 37 17 16 14 15 13 12 17 11 18 10 9 36 8 0 35 1 6 19 38 20 20(L) 38 26 21 23 22 24 25 27 31 29  ---> 32 30 28 33 38 38(L) 33 7 5 4 3 34 2 35(L) 
[INFO] [1788241735.058163, 945.400000]: Really visited vertices: 20 37 17 16 15 14 13 12 17 11 18 36 9 36 8 0 35 1 35 6 19 18 37 20 38 20 23 26 23 21 22 21 24 25 27 31 30 29 
[INFO] [1788241735.692135, 946.100000]: Replanning request. curr_vertex_idx: 32
[INFO] [1788241735.693062, 946.100000]:                     covered_vertices: ()
[INFO] [1788241735.693708, 946.100000]: Handle local replanning...
[INFO] [1788241735.694185, 946.100000]: curr path length: 47, is_loop length: 47
[INFO] [1788241735.694584, 946.100000]: Send new plan: 20 37 17 16 14 15 13 12 17 11 18 10 9 36 8 0 35 1 6 19 38 20 20(L) 38 26 21 23 22 24 25 27 31 29  ---> 32 30 28 33 38 38(L) 33 7 5 4 3 34 2 35(L) 
[INFO] [1788241739.862017, 950.300000]: Replanning request. curr_vertex_idx: 32
[INFO] [1788241739.862839, 950.300000]:                     covered_vertices: ()
[INFO] [1788241739.863499, 950.300000]: Handle local replanning...
[INFO] [1788241739.864052, 950.300000]: curr path length: 47, is_loop length: 47
[INFO] [1788241739.864768, 950.300000]: Send new plan: 20 37 17 16 14 15 13 12 17 11 18 10 9 36 8 0 35 1 6 19 38 20 20(L) 38 26 21 23 22 24 25 27 31 29  ---> 32 30 28 33 38 38(L) 33 7 5 4 3 34 2 35(L) 
[INFO] [1788241745.517725, 955.900000]: Replanning request. curr_vertex_idx: 32
[INFO] [1788241745.518694, 955.900000]:                     covered_vertices: ()
[INFO] [1788241745.519326, 955.900000]: Handle local replanning...
[INFO] [1788241745.520119, 955.900000]: curr path length: 47, is_loop length: 47
[INFO] [1788241745.520723, 955.900000]: Send new plan: 20 37 17 16 14 15 13 12 17 11 18 10 9 36 8 0 35 1 6 19 38 20 20(L) 38 26 21 23 22 24 25 27 31 29  ---> 32 30 28 33 38 38(L) 33 7 5 4 3 34 2 35(L) 
[INFO] [1788241750.849725, 961.200000]: Really visited vertices: 20 37 17 16 15 14 13 12 17 11 18 36 9 36 8 0 35 1 35 6 19 18 37 20 38 20 23 26 23 21 22 21 24 25 27 31 30 29 
[INFO] [1788241751.276265, 961.700000]: Replanning request. curr_vertex_idx: 32
[INFO] [1788241751.277234, 961.700000]:                     covered_vertices: ()
[INFO] [1788241751.277875, 961.700000]: Handle local replanning...
[INFO] [1788241751.278455, 961.700000]: curr path length: 47, is_loop length: 47
[INFO] [1788241751.279084, 961.700000]: Send new plan: 20 37 17 16 14 15 13 12 17 11 18 10 9 36 8 0 35 1 6 19 38 20 20(L) 38 26 21 23 22 24 25 27 31 29  ---> 32 30 28 33 38 38(L) 33 7 5 4 3 34 2 35(L) 
[INFO] [1788241757.700194, 968.100000]: Replanning request. curr_vertex_idx: 34
[INFO] [1788241757.700898, 968.100000]:                     covered_vertices: ()
[INFO] [1788241757.701755, 968.100000]: Handle local replanning...
[INFO] [1788241757.702514, 968.100000]: curr path length: 47, is_loop length: 47
[INFO] [1788241757.703206, 968.100000]: Send new plan: 20 37 17 16 14 15 13 12 17 11 18 10 9 36 8 0 35 1 6 19 38 20 20(L) 38 26 21 23 22 24 25 27 31 29 32 30  ---> 28 33 38 38(L) 33 7 5 4 3 34 2 35(L) 
[INFO] [1788241762.831497, 973.200000]: Really visited vertices: 20 37 17 16 15 14 13 12 17 11 18 36 9 36 8 0 35 1 35 6 19 18 37 20 38 20 23 26 23 21 22 21 24 25 27 31 30 29 
[INFO] [1788241763.377390, 973.800000]: Replanning request. curr_vertex_idx: 34
[INFO] [1788241763.378271, 973.800000]:                     covered_vertices: ()
[INFO] [1788241763.378893, 973.800000]: Handle local replanning...
[INFO] [1788241763.379319, 973.800000]: curr path length: 47, is_loop length: 47
[INFO] [1788241763.379767, 973.800000]: Send new plan: 20 37 17 16 14 15 13 12 17 11 18 10 9 36 8 0 35 1 6 19 38 20 20(L) 38 26 21 23 22 24 25 27 31 29 32 30  ---> 28 33 38 38(L) 33 7 5 4 3 34 2 35(L) 
[INFO] [1788241769.664459, 980.100000]: Replanning request. curr_vertex_idx: 34
[INFO] [1788241769.665364, 980.100000]:                     covered_vertices: ()
[INFO] [1788241769.666141, 980.100000]: Handle local replanning...
[INFO] [1788241769.666679, 980.100000]: curr path length: 47, is_loop length: 47
[INFO] [1788241769.667195, 980.100000]: Send new plan: 20 37 17 16 14 15 13 12 17 11 18 10 9 36 8 0 35 1 6 19 38 20 20(L) 38 26 21 23 22 24 25 27 31 29 32 30  ---> 28 33 38 38(L) 33 7 5 4 3 34 2 35(L) 
[INFO] [1788241772.531298, 982.900000]: Replanning request. curr_vertex_idx: 34
[INFO] [1788241772.532327, 982.900000]:                     covered_vertices: ()
[INFO] [1788241772.533058, 982.900000]: Handle local replanning...
[INFO] [1788241772.533763, 982.900000]: curr path length: 47, is_loop length: 47
[INFO] [1788241772.534510, 982.900000]: Send new plan: 20 37 17 16 14 15 13 12 17 11 18 10 9 36 8 0 35 1 6 19 38 20 20(L) 38 26 21 23 22 24 25 27 31 29 32 30  ---> 28 33 38 38(L) 33 7 5 4 3 34 2 35(L) 
[INFO] [1788241774.675017, 985.100000]: Replanning request. curr_vertex_idx: 34
[INFO] [1788241774.675914, 985.100000]:                     covered_vertices: ()
[INFO] [1788241774.676641, 985.100000]: Handle local replanning...
[INFO] [1788241774.677456, 985.100000]: curr path length: 47, is_loop length: 47
[INFO] [1788241774.678162, 985.100000]: Send new plan: 20 37 17 16 14 15 13 12 17 11 18 10 9 36 8 0 35 1 6 19 38 20 20(L) 38 26 21 23 22 24 25 27 31 29 32 30  ---> 28 33 38 38(L) 33 7 5 4 3 34 2 35(L) 
[INFO] [1788241780.662328, 991.100000]: Replanning request. curr_vertex_idx: 35
[INFO] [1788241780.663184, 991.100000]:                     covered_vertices: ()
[INFO] [1788241780.663830, 991.100000]: Handle local replanning...
[INFO] [1788241780.664737, 991.100000]: curr path length: 47, is_loop length: 47
[INFO] [1788241780.665458, 991.100000]: Send new plan: 20 37 17 16 14 15 13 12 17 11 18 10 9 36 8 0 35 1 6 19 38 20 20(L) 38 26 21 23 22 24 25 27 31 29 32 30 28  ---> 33 38 38(L) 33 7 5 4 3 34 2 35(L) 
[INFO] [1788241786.661877, 997.100000]: Replanning request. curr_vertex_idx: 35
[INFO] [1788241786.662768, 997.100000]:                     covered_vertices: ()
[INFO] [1788241786.663414, 997.100000]: Handle local replanning...
[INFO] [1788241786.664074, 997.100000]: curr path length: 47, is_loop length: 47
[INFO] [1788241786.664724, 997.100000]: Send new plan: 20 37 17 16 14 15 13 12 17 11 18 10 9 36 8 0 35 1 6 19 38 20 20(L) 38 26 21 23 22 24 25 27 31 29 32 30 28  ---> 33 38 38(L) 33 7 5 4 3 34 2 35(L) 
[INFO] [1788241792.865222, 1003.300000]: Replanning request. curr_vertex_idx: 35
[INFO] [1788241792.866078, 1003.300000]:                     covered_vertices: ()
[INFO] [1788241792.866509, 1003.300000]: Handle local replanning...
[INFO] [1788241792.866879, 1003.300000]: curr path length: 47, is_loop length: 47
[WARN] [1788241792.961281221, 1003.400000000]: Missed desired rate of 1.00Hz! Loop actually took 1.1000 seconds!
[INFO] [1788241786.834240588, 997.200000000]: PHASE2C_KEYSCAN_ACCEPTED unique_id=723 state_id=723 sim_time=997.200000
[INFO] [1788241788.087300795, 998.500000000]: PHASE2C_KEYSCAN_ACCEPTED unique_id=724 state_id=724 sim_time=998.500000
[INFO] [1788241789.343076495, 999.700000000]: PHASE2C_KEYSCAN_ACCEPTED unique_id=725 state_id=725 sim_time=999.700000
[INFO] [1788241790.687751219, 1001.100000000]: PHASE2C_KEYSCAN_ACCEPTED unique_id=726 state_id=726 sim_time=1001.100000
[INFO] [1788241792.371816145, 1002.800000000]: PHASE2C_KEYSCAN_ACCEPTED unique_id=727 state_id=727 sim_time=1002.400000
[INFO] [1788241793.507513360, 1003.900000000]: PHASE2C_KEYSCAN_ACCEPTED unique_id=728 state_id=728 sim_time=1003.900000
[INFO] [1788241796.346103282, 1006.700000000]: PHASE2C_KEYSCAN_ACCEPTED unique_id=729 state_id=729 sim_time=1006.700000
[INFO] [1788241800.445155901, 1010.800000000]: PHASE2C_KEYSCAN_ACCEPTED unique_id=730 state_id=730 sim_time=1010.800000
[INFO] [1788241804.206107495, 1014.600000000]: PHASE2C_KEYSCAN_ACCEPTED unique_id=731 state_id=731 sim_time=1014.400000
Warning: Warning: TF_REPEATED_DATA ignoring data with redundant timestamp for frame odom (parent offset) at time 1014.600000 according to authority unknown_publisherTF_REPEATED_DATA ignoring data with redundant timestamp for frame odom (parent offset) at time 1014.600000 according to authority unknown_publisher

         at line          at line 277277 in  in /tmp/binarydeb/ros-noetic-tf2-0.7.10/src/buffer_core.cpp/tmp/binarydeb/ros-noetic-tf2-0.7.10/src/buffer_core.cpp

Warning: Warning: TF_REPEATED_DATA ignoring data with redundant timestamp for frame offset (parent map) at time 1014.600000 according to authority unknown_publisherTF_REPEATED_DATA ignoring data with redundant timestamp for frame offset (parent map) at time 1014.600000 according to authority unknown_publisher

         at line          at line 277277 in  in /tmp/binarydeb/ros-noetic-tf2-0.7.10/src/buffer_core.cpp/tmp/binarydeb/ros-noetic-tf2-0.7.10/src/buffer_core.cpp

[INFO] [1788241786.660730326, 997.100000000]: Call local replanning...
[INFO] [1788241786.665440132, 997.100000000]: Find middle goal point.
[INFO] [1788241792.864336902, 1003.300000000]: Call local replanning...
[INFO] [1788241792.868341403, 1003.300000000]: Find middle goal point.
[INFO] [1788241798.666344677, 1009.100000000]: Call local replanning...
[INFO] [1788241798.671789798, 1009.100000000]: Find middle goal point.
Warning: TF_REPEATED_DATA ignoring data with redundant timestamp for frame odom (parent offset) at time 1014.600000 according to authority unknown_publisher
         at line Warning: 277TF_REPEATED_DATA ignoring data with redundant timestamp for frame odom (parent offset) at time 1014.600000 according to authority unknown_publisher in /tmp/binarydeb/ros-noetic-tf2-0.7.10/src/buffer_core.cpp

         at line 277 in Warning: /tmp/binarydeb/ros-noetic-tf2-0.7.10/src/buffer_core.cppTF_REPEATED_DATA ignoring data with redundant timestamp for frame offset (parent map) at time 1014.600000 according to authority unknown_publisher

         at line 277 in Warning: /tmp/binarydeb/ros-noetic-tf2-0.7.10/src/buffer_core.cppTF_REPEATED_DATA ignoring data with redundant timestamp for frame offset (parent map) at time 1014.600000 according to authority unknown_publisher

         at line 277 in /tmp/binarydeb/ros-noetic-tf2-0.7.10/src/buffer_core.cpp
[WARN] [1788241804.206526839, 1014.600000000]: TF_REPEATED_DATA ignoring data with redundant timestamp for frame odom (parent offset) at time 1014.600000 according to authority unknown_publisher
[WARN] [1788241804.206556782, 1014.600000000]: TF_REPEATED_DATA ignoring data with redundant timestamp for frame offset (parent map) at time 1014.600000 according to authority unknown_publisher
[WARN] [1788241829.022138508, 1039.400000000]: Missed desired rate of 1.00Hz! Loop actually took 1.1000 seconds!
[INFO] [1788241807.803177069, 1018.200000000]: PHASE2C_KEYSCAN_ACCEPTED unique_id=732 state_id=732 sim_time=1018.200000
[INFO] [1788241811.633037804, 1022.000000000]: PHASE2C_KEYSCAN_ACCEPTED unique_id=733 state_id=733 sim_time=1022.000000
[INFO] [1788241813.098872117, 1023.500000000]: PHASE2C_KEYSCAN_ACCEPTED unique_id=734 state_id=734 sim_time=1023.500000
[INFO] [1788241814.433429790, 1024.800000000]: PHASE2C_KEYSCAN_ACCEPTED unique_id=735 state_id=735 sim_time=1024.800000
[INFO] [1788241815.675251574, 1026.100000000]: PHASE2C_KEYSCAN_ACCEPTED unique_id=736 state_id=736 sim_time=1026.100000
[INFO] [1788241816.897606411, 1027.300000000]: PHASE2C_KEYSCAN_ACCEPTED unique_id=737 state_id=737 sim_time=1027.300000
[INFO] [1788241818.380966456, 1028.800000000]: PHASE2C_KEYSCAN_ACCEPTED unique_id=738 state_id=738 sim_time=1028.800000
[INFO] [1788241819.784157087, 1030.200000000]: PHASE2C_KEYSCAN_ACCEPTED unique_id=739 state_id=739 sim_time=1030.200000
[INFO] [1788241821.077005478, 1031.500000000]: PHASE2C_KEYSCAN_ACCEPTED unique_id=740 state_id=740 sim_time=1031.500000
[INFO] [1788241822.482409182, 1032.900000000]: PHASE2C_KEYSCAN_ACCEPTED unique_id=741 state_id=741 sim_time=1032.900000
[INFO] [1788241823.283528213, 1033.700000000]: PHASE2C_KEYSCAN_ACCEPTED unique_id=742 state_id=742 sim_time=1033.700000
[INFO] [1788241823.776544479, 1034.200000000]: PHASE2C_KEYSCAN_ACCEPTED unique_id=743 state_id=743 sim_time=1034.200000
[INFO] [1788241824.381922737, 1034.800000000]: PHASE2C_KEYSCAN_ACCEPTED unique_id=744 state_id=744 sim_time=1034.800000
[INFO] [1788241825.110123463, 1035.500000000]: PHASE2C_KEYSCAN_ACCEPTED unique_id=745 state_id=745 sim_time=1035.500000
[INFO] [1788241825.700598140, 1036.100000000]: PHASE2C_KEYSCAN_ACCEPTED unique_id=746 state_id=746 sim_time=1036.100000
[INFO] [1788241826.199579730, 1036.600000000]: PHASE2C_KEYSCAN_ACCEPTED unique_id=747 state_id=747 sim_time=1036.600000
[INFO] [1788241826.906611644, 1037.300000000]: PHASE2C_KEYSCAN_ACCEPTED unique_id=748 state_id=748 sim_time=1037.300000
[INFO] [1788241828.345349903, 1038.700000000]: PHASE2C_KEYSCAN_ACCEPTED unique_id=749 state_id=749 sim_time=1038.700000
[INFO] [1788241829.581219126, 1040.000000000]: PHASE2C_KEYSCAN_ACCEPTED unique_id=750 state_id=750 sim_time=1040.000000
[INFO] [1788241830.176829057, 1040.600000000]: PHASE2C_KEYSCAN_ACCEPTED unique_id=751 state_id=751 sim_time=1040.600000
[INFO] [1788241830.800120940, 1041.200000000]: PHASE2C_KEYSCAN_ACCEPTED unique_id=752 state_id=752 sim_time=1041.200000
[INFO] [1788241831.376159760, 1041.800000000]: PHASE2C_KEYSCAN_ACCEPTED unique_id=753 state_id=753 sim_time=1041.800000
[INFO] [1788241831.984190382, 1042.400000000]: PHASE2C_KEYSCAN_ACCEPTED unique_id=754 state_id=754 sim_time=1042.400000
[INFO] [1788241832.595421571, 1043.000000000]: PHASE2C_KEYSCAN_ACCEPTED unique_id=755 state_id=755 sim_time=1043.000000
[INFO] [1788241833.146909559, 1043.500000000]: PHASE2C_KEYSCAN_ACCEPTED unique_id=756 state_id=756 sim_time=1043.500000
[INFO] [1788241833.882443116, 1044.300000000]: PHASE2C_KEYSCAN_ACCEPTED unique_id=757 state_id=757 sim_time=1044.300000
[INFO] [1788241834.581455549, 1045.000000000]: PHASE2C_KEYSCAN_ACCEPTED unique_id=758 state_id=758 sim_time=1045.000000
[INFO] [1788241835.380176866, 1045.800000000]: PHASE2C_KEYSCAN_ACCEPTED unique_id=759 state_id=759 sim_time=1045.700000
[INFO] [1788241835.996726613, 1046.400000000]: PHASE2C_KEYSCAN_ACCEPTED unique_id=760 state_id=760 sim_time=1046.400000
[INFO] [1788241836.494535139, 1046.900000000]: PHASE2C_KEYSCAN_ACCEPTED unique_id=761 state_id=761 sim_time=1046.900000
[INFO] [1788241837.186751650, 1047.600000000]: PHASE2C_KEYSCAN_ACCEPTED unique_id=762 state_id=762 sim_time=1047.600000
[INFO] [1788241837.941648582, 1048.300000000]: PHASE2C_KEYSCAN_ACCEPTED unique_id=763 state_id=763 sim_time=1048.300000
[INFO] [1788241839.577383678, 1050.000000000]: PHASE2C_KEYSCAN_ACCEPTED unique_id=764 state_id=764 sim_time=1050.000000
[INFO] [1788241840.923158331, 1051.300000000]: PHASE2C_KEYSCAN_ACCEPTED unique_id=765 state_id=765 sim_time=1051.300000
[INFO] [17882418[WARN] [1788241845.569104307, 1056.000000000]: No frontier at vertex 28. #Frontier: 0
42.173992192, 1052.600000000]: PHASE2C_KEYSCAN_ACCEPTED unique_id=766 state_id=766 sim_time=1052.600000
[INFO] [1788241843.529637023, 1053.900000000]: PHASE2C_KEYSCAN_ACCEPTED unique_id=767 state_id=767 sim_time=1053.900000
[INFO] [1788241844.789988541, 1055.200000000]: PHASE2C_KEYSCAN_ACCEPTED unique_id=768 state_id=768 sim_time=1055.200000
[INFO] [1788241846.334011755, 1056.700000000]: PHASE2C_KEYSCAN_ACCEPTED unique_id=769 state_id=769 sim_time=1056.700000
[INFO] [1788241846.782060445, 1057.200000000]: PHASE2C_KEYSCAN_ACCEPTED unique_id=770 state_id=770 sim_time=1057.200000
[INFO] [1788241847.479141761, 1057.900000000]: PHASE2C_KEYSCAN_ACCEPTED unique_id=771 state_id=771 sim_time=1057.900000
[INFO] [1788241848.093232268, 1058.500000000]: PHASE2C_KEYSCAN_ACCEPTED unique_id=772 state_id=772 sim_time=1058.500000
[INFO] [1788241849.086850140, 1059.500000000]: PHASE2C_KEYSCAN_ACCEPTED unique_id=773 state_id=773 sim_time=1059.400000
[INFO] [1788241849.893286239, 1060.300000000]: PHASE2C_KEYSCAN_ACCEPTED unique_id=774 state_id=774 sim_time=1060.300000
[INFO] [1788241851.395280573, 1061.800000000]: PHASE2C_KEYSCAN_ACCEPTED unique_id=775 state_id=775 sim_time=1061.700000
[INFO] [1788241858.856336844, 1069.200000000]: PHASE2C_KEYSCAN_ACCEPTED unique_id=776 state_id=776 sim_time=1069.200000
[INFO] [1788241860.203462285, 1070.600000000]: PHASE2C_KEYSCAN_ACCEPTED unique_id=777 state_id=777 sim_time=1070.600000
[INFO] [1788241861.518336319, 1071.900000000]: PHASE2C_KEYSCAN_ACCEPTED unique_id=778 state_id=778 sim_time=1071.800000
[INFO] [1788241862.711217922, 1073.100000000]: PHASE2C_KEYSCAN_ACCEPTED unique_id=779 state_id=779 sim_time=1073.100000
Warning: TF_REPEATED_DATA ignoring data with redundant timestamp for frame odom (parent offset) at time 1073.300000 according to authority unknown_publisher
         at line 277 in /tmp/binarydeb/ros-noetic-tf2-0.7.10/src/buffer_core.cpp
Warning: TF_REPEATED_DATA ignoring data with redundant timestamp for frame offset (parent map) at time 1073.300000 according to authority unknown_publisher
         at line Warning: 277TF_REPEATED_DATA ignoring data with redundant timestamp for frame odom (parent offset) at time 1073.300000 according to authority unknown_publisher in 
/tmp/binarydeb/ros-noetic-tf2-0.7.10/src/buffer_core.cpp         at line 
277 in /tmp/binarydeb/ros-noetic-tf2-0.7.10/src/buffer_core.cpp
[WARN] [1788241862.870578576, 1073.300000000]: TF_REPEATED_DATA ignoring data with redundant timestamp for frame odom (parent offset) at time 1073.300000 according to authority unknown_publisher
Warning: TF_REPEATED_DATA ignoring data with redundant timestamp for frame offset (parent map) at time 1073.300000 according to authority unknown_publisher
         at line 277 in /tmp/binarydeb/ros-noetic-tf2-0.7.10/src/buffer_core.cpp
Warning: [INFO] [1788241804.740210345, 1015.100000000]: Call local replanning...
[INFO] [1788241804.745081976, 1015.100000000]: Find middle goal point.
[INFO] [1788241810.751439528, 1021.100000000]: Call local replanning...
[INFO] [1788241810.756001129, 1021.100000000]: Find middle goal point.
[INFO] [1788241816.581261649, 1027.000000000]: Call local replanning...
[INFO] [1788241816.586110095, 1027.000000000]: Reach vertex 28
[INFO] [1788241816.594577716, 1027.000000000]: Explore Goal 28 's frontiers...
[INFO] [1788241822.387739036, 1032.800000000]: Call local replanning...
[INFO] [1788241822.396198104, 1032.800000000]: Explore Goal 28 's frontiers...
[INFO] [1788241828.916395675, 1039.300000000]: Call local replanning...
[INFO] [1788241828.926264940, 1039.300000000]: Explore Goal 28 's frontiers...
[INFO] [1788241834.683505442, 1045.100000000]: Call local replanning...
[INFO] [1788241834.695577699, 1045.100000000]: Explore Goal 28 's frontiers...
[INFO] [1788241840.300247865, 1050.700000000]: Call local replanning...
[INFO] [1788241840.309370525, 1050.700000000]: Explore Goal 28 's frontiers...
[INFO] [1788241843.551671093, 1053.900000000]: Call local replanning...
[INFO] [1788241843.559119799, 1054.000000000]: Explore Goal 28 's frontiers...
[INFO] [1788241845.565126541, 1056.000000000]: Call local replanning...
[INFO] [1788241845.569138370, 1056.000000000]: Skip repeated visit to vertex 33
[INFO] [1788241845.569146628, 1056.000000000]: Skip repeated visit to vertex 38
[INFO] [1788241845.569152912, 1056.000000000]: Set newGoal 38
[INFO] [1788241851.554454074, 1061.900000000]: Next target is loop vertex 38(L)
[INFO] [1788241851.556783206, 1061.900000000]: Set reliable loop closing path from reliable_loop_service.
[INFO] [1788241851.556816287, 1061.900000000]: PHASE2_LOOP_PLANNED vertex=38 source=reliable_loop_service waypoints=24 path=-0.265598893,-9.79934216;-0.581181347,-10.1479244;-0.896763802,-10.4965067;-1.59538186,-11.2431126;-1.96319318,-11.6043129;-2.33100462,-11.9655123;-2.61095619,-12.1826105;-2.71379781,-12.3031301;-2.79181552,-12.3789349;-2.67836833,-11.9880304;-2.35972595,-11.6425819;-2.04108381,-11.2971334;-1.6386447,-10.9416504;-1.23620546,-10.5861673;-1.01607096,-10.1211119;-0.800220132,-9.17974472;-0.804503739,-8.70343399;-0.804452777,-8.20780849;-0.804401875,-7.712183;-0.705442667,-7.19050121;-0.606483459,-6.66881943;-0.268820226,-5.75955486;-0.219327986,-5.25273705;-0.169835761,-4.74591875
[INFO] [1788241851.556830391, 1061.900000000]: Exploration is waiting.
[INFO] [1788241857.552497148, 1067.900000000]: PHASE2_LOOP_EXECUTION_STARTED vertex=38 waypoints=24
[WARN] [1788241862.870607374, 1073.300000000]: TF_REPEATED_DATA ignoring data with redundant timestamp for frame offset (parent map) at time 1073.300000 according to authority unknown_publisher
TF_REPEATED_DATA ignoring data with redundant timestamp for frame odom (parent offset) at time 1073.300000 according to authority unknown_publisherWarning: 
TF_REPEATED_DATA ignoring data with redundant timestamp for frame odom (parent offset) at time 1073.300000 according to authority unknown_publisher         at line 
277         at line  in 277/tmp/binarydeb/ros-noetic-tf2-0.7.10/src/buffer_core.cpp in 
/tmp/binarydeb/ros-noetic-tf2-0.7.10/src/buffer_core.cpp
Warning: TF_REPEATED_DATA ignoring data with redundant timestamp for frame offset (parent map) at time 1073.300000 according to authority unknown_publisher
Warning:          at line TF_REPEATED_DATA ignoring data with redundant timestamp for frame offset (parent map) at time 1073.300000 according to authority unknown_publisher277
 in          at line /tmp/binarydeb/ros-noetic-tf2-0.7.10/src/buffer_core.cpp277
 in /tmp/binarydeb/ros-noetic-tf2-0.7.10/src/buffer_core.cpp
Warning: TF_REPEATED_DATA ignoring data with redundant timestamp for frame odom (parent offset) at time 1091.100000 according to authority unknown_publisher
[INFO] [1788241864.128415180, 1074.500000000]: PHASE2C_KEYSCAN_ACCEPTED unique_id=780 state_id=780 sim_time=1074.500000
[INFO] [1788241865.307873543, 1075.700000000]: PHASE2C_KEYSCAN_ACCEPTED unique_id=781 state_id=781 sim_time=1075.700000
[INFO] [1788241866.745060804, 1077.100000000]: PHASE2C_KEYSCAN_ACCEPTED unique_id=782 state_id=782 sim_time=1077.100000
[INFO] [1788241868.117855616, 1078.500000000]: PHASE2C_KEYSCAN_ACCEPTED unique_id=783 state_id=783 sim_time=1078.500000
[INFO] [1788241869.507276239, 1079.900000000]: PHASE2C_KEYSCAN_ACCEPTED unique_id=784 state_id=784 sim_time=1079.900000
[INFO] [1788241870.891106990, 1081.300000000]: PHASE2C_KEYSCAN_ACCEPTED unique_id=785 state_id=785 sim_time=1081.300000
[INFO] [1788241872.307198032, 1082.700000000]: PHASE2C_KEYSCAN_ACCEPTED unique_id=786 state_id=786 sim_time=1082.700000
[INFO] [1788241873.685375536, 1084.100000000]: PHASE2C_KEYSCAN_ACCEPTED unique_id=787 state_id=787 sim_time=1084.100000
[INFO] [1788241875.323723297, 1085.700000000]: PHASE2C_KEYSCAN_ACCEPTED unique_id=788 state_id=788 sim_time=1085.400000
[INFO] [1788241876.386187332, 1086.800000000]: PHASE2C_KEYSCAN_ACCEPTED unique_id=789 state_id=789 sim_time=1086.800000
[INFO] [1788241877.799305466, 1088.200000000]: PHASE2C_KEYSCAN_ACCEPTED unique_id=790 state_id=790 sim_time=1088.200000
[INFO] [1788241879.089693895, 1089.500000000]: PHASE2C_KEYSCAN_ACCEPTED unique_id=791 state_id=791 sim_time=1089.500000
[INFO] [1788241880.503455549, 1090.900000000]: PHASE2C_KEYSCAN_ACCEPTED unique_id=792 state_id=792 sim_time=1090.900000
[WARN] [1788241880.662722161, 1091.100000000]: TF_REPEATED_DATA ignoring data with redundant timestamp for frame odom (parent offset) at time 1091.100000 according to authority unknown_publisher
         at line Warning: 277TF_REPEATED_DATA ignoring data with redundant timestamp for frame odom (parent offset) at time 1091.100000 according to authority unknown_publisher in 
/tmp/binarydeb/ros-noetic-tf2-0.7.10/src/buffer_core.cpp         at line 
277 in /tmp/binarydeb/ros-noetic-tf2-0.7.10/src/buffer_core.cppWarning: 
TF_REPEATED_DATA ignoring data with redundant timestamp for frame offset (parent map) at time 1091.100000 according to authority unknown_publisher[WARN] [1788241880.662752238, 1091.100000000]: TF_REPEATED_DATA ignoring data with redundant timestamp for frame offset (parent map) at time 1091.100000 according to authority unknown_publisher

         at line 277 in Warning: /tmp/binarydeb/ros-noetic-tf2-0.7.10/src/buffer_core.cppTF_REPEATED_DATA ignoring data with redundant timestamp for frame offset (parent map) at time 1091.100000 according to authority unknown_publisher

         at line 277 in /tmp/binarydeb/ros-noetic-tf2-0.7.10/src/buffer_core.cpp
Warning: TF_REPEATED_DATA ignoring data with redundant timestamp for frame odom (parent offset) at time 1091.100000 according to authority unknown_publisher
         at line 277 in /tmp/binarydeb/ros-noetic-tf2-0.7.10/src/buffer_core.cpp
Warning: TF_REPEATED_DATA ignoring data with redundant timestamp for frame offset (parent map) at time 1091.100000 according to authority unknown_publisher
         at line 277 in /tmp/binarydeb/ros-noetic-tf2-0.7.10/src/buffer_core.cpp
Warning: TF_REPEATED_DATA ignoring data with redundant timestamp for frame odom (parent offset) at time 1091.100000 according to authority unknown_publisher
         at line 277 in /tmp/binarydeb/ros-noetic-tf2-0.7.10/src/buffer_core.cpp
Warning: TF_REPEATED_DATA ignoring data with redundant timestamp for frame offset (parent map) at time 1091.100000 according to authority unknown_publisher
         at line 277 in /tmp/binarydeb/ros-noetic-tf2-0.7.10/src/buffer_core.cpp
[INFO] [1788241881.793552676, 1092.200000000]: PHASE2C_KEYSCAN_ACCEPTED unique_id=793 state_id=793 sim_time=1092.200000
[INFO] [1788241883.416751953, 1093.800000000]: PHASE2C_KEYSCAN_ACCEPTED unique_id=794 state_id=794 sim_time=1093.800000
[INFO] [1788241884.692721860, 1095.100000000]: PHASE2C_KEYSCAN_ACCEPTED unique_id=795 state_id=795 sim_time=1095.100000
[INFO] [1788241886.102993333, 1096.500000000]: PHASE2C_KEYSCAN_ACCEPTED unique_id=796 state_id=796 sim_time=1096.500000
Warning: TF_REPEATED_DATA ignoring data with redundant timestamp for frame odom (parent offset) at time 1096.700000 according to authority unknown_publisher
         at line 277 in /tmp/binarydeb/ros-noetic-tf2-0.7.10/src/buffer_core.cpp
Warning: TF_REPEATED_DATA ignoring data with redundant timestamp for frame offset (parent map) at time 1096.700000 according to authority unknown_publisher
         at line 277 in /tmp/binarydeb/ros-noetic-tf2-0.7.10/src/buffer_core.cpp
Warning: TF_REPEATED_DATA ignoring data with redundant timestamp for frame odom (parent offset) at time 1096.700000 according to authority unknown_publisher
         at line 277 in /tmp/binarydeb/ros-noetic-tf2-0.7.10/src/buffer_core.cpp
Warning: Warning: [WARN] [1788241886.267242569, 1096.700000000]: TF_REPEATED_DATA ignoring data with redundant timestamp for frame odom (parent offset) at time 1096.700000 according to authority unknown_publisher
TF_REPEATED_DATA ignoring data with redundant timestamp for frame offset (parent map) at time 1096.700000 according to authority unknown_publisherTF_REPEATED_DATA ignoring data with redundant timestamp for frame odom (parent offset) at time 1096.700000 according to authority unknown_publisher

         at line          at line 277277 in  in /tmp/binarydeb/ros-noetic-tf2-0.7.10/src/buffer_core.cpp/tmp/binarydeb/ros-noetic-tf2-0.7.10/src/buffer_core.cpp
[WARN] [1788241886.267266432, 1096.700000000]: TF_REPEATED_DATA ignoring data with redundant timestamp for frame offset (parent map) at time 1096.700000 according to authority unknown_publisher

Warning: TF_REPEATED_DATA ignoring data with redundant timestamp for frame offset (parent map) at time 1096.700000 according to authority unknown_publisher
         at line 277 in /tmp/binarydeb/ros-noetic-tf2-0.7.10/src/buffer_core.cpp
Warning: TF_REPEATED_DATA ignoring data with redundant timestamp for frame odom (parent offset) at time 1096.700000 according to authority unknown_publisher
         at line 277 in /tmp/binarydeb/ros-noetic-tf2-0.7.10/src/buffer_core.cpp
Warning: TF_REPEATED_DATA ignoring data with redundant timestamp for frame offset (parent map) at time 1096.700000 according to authority unknown_publisher
         at line 277 in /tmp/binarydeb/ros-noetic-tf2-0.7.10/src/buffer_core.cpp
[WARN] [1788241891.332439144, 1101.700000000]: Add one Loop closure. 3 loops have been added.
[INFO] [1788241887.378096925, 1097.800000000]: PHASE2C_KEYSCAN_ACCEPTED unique_id=797 state_id=797 sim_time=1097.800000
[INFO] [1788241888.695049547, 1099.100000000]: PHASE2C_KEYSCAN_ACCEPTED unique_id=798 state_id=798 sim_time=1099.100000
[INFO] [1788241889.893581936, 1100.300000000]: PHASE2C_KEYSCAN_ACCEPTED unique_id=799 state_id=799 sim_time=1100.300000
[INFO] [1788241891.332498578, 1101.700000000]: PHASE4A_LOOP_CLOSED seq=3 current_scan=800 chain_start=475 chain_end=478
[INFO] [1788241891.332613248, 1101.700000000]: PHASE2C_KEYSCAN_ACCEPTED unique_id=800 state_id=800 sim_time=1101.700000
[INFO] [1788241892.701752825, 1103.100000000]: PHASE2C_KEYSCAN_ACCEPTED unique_id=801 state_id=801 sim_time=1103.100000
[INFO] [1788241893.347355419, 1103.700000000]: PHASE2C_KEYSCAN_ACCEPTED unique_id=802 state_id=802 sim_time=1103.700000
[INFO] [1788241893.812618132, 1104.200000000]: PHASE2C_KEYSCAN_ACCEPTED unique_id=803 state_id=803 sim_time=1104.200000
[INFO] [1788241894.608496094, 1105.000000000]: PHASE2C_KEYSCAN_ACCEPTED unique_id=804 state_id=804 sim_time=1105.000000
[INFO] [1788241895.639708703, 1106.000000000]: PHASE2C_KEYSCAN_ACCEPTED unique_id=805 state_id=805 sim_time=1105.900000
[INFO] [1788241896.930946093, 1107.300000000]: PHASE2C_KEYSCAN_ACCEPTED unique_id=806 state_id=806 sim_time=1107.300000
Warning: TF_REPEATED_DATA ignoring data with redundant timestamp for frame odom (parent offset) at time 1107.500000 according to authority unknown_publisher
         at line 277 in /tmp/binarydeb/ros-noetic-tf2-0.7.10/src/buffer_core.cpp
Warning: Warning: TF_REPEATED_DATA ignoring data with redundant timestamp for frame odom (parent offset) at time 1107.500000 according to authority unknown_publisherTF_REPEATED_DATA ignoring data with redundant timestamp for frame offset (parent map) at time 1107.500000 according to authority unknown_publisher

         at line          at line 277277 in  in /tmp/binarydeb/ros-noetic-tf2-0.7.10/src/buffer_core.cpp
/tmp/binarydeb/ros-noetic-tf2-0.7.10/src/buffer_core.cpp
Warning: [INFO] [1788241891.332869405, 1101.700000000]: PHASE4A_CLOSURE_ATTRIBUTED seq=3 scan=800 chain=[475,478] (active loop v38)
[INFO] [1788241891.789314890, 1102.200000000]: PHASE4A_EARLY_STOP vertex=38 at_waypoint=0 of 24 (closure received)
[INFO] [1788241891.789358366, 1102.200000000]: PHASE2_LOOP_EXECUTION_FINISHED vertex=38 waypoints=24
[INFO] [1788241891.793875709, 1102.200000000]: Skip repeated visit to vertex 33
[INFO] [1788241891.793897325, 1102.200000000]: Set newGoal 7
[INFO] [1788241891.793925783, 1102.200000000]: Find middle goal point.
TF_REPEATED_DATA ignoring data with redundant timestamp for frame odom (parent offset) at time 1107.500000 according to authority unknown_publisher[WARN] [1788241897.094412266, 1107.500000000]: TF_REPEATED_DATA ignoring data with redundant timestamp for frame odom (parent offset) at time 1107.500000 according to authority unknown_publisher
Warning: 
TF_REPEATED_DATA ignoring data with redundant timestamp for frame odom (parent offset) at time 1107.500000 according to authority unknown_publisher         at line 
277         at line  in 277/tmp/binarydeb/ros-noetic-tf2-0.7.10/src/buffer_core.cpp in 
[WARN] [1788241897.094438739, 1107.500000000]: TF_REPEATED_DATA ignoring data with redundant timestamp for frame offset (parent map) at time 1107.500000 according to authority unknown_publisher
/tmp/binarydeb/ros-noetic-tf2-0.7.10/src/buffer_core.cpp
Warning: TF_REPEATED_DATA ignoring data with redundant timestamp for frame offset (parent map) at time 1107.500000 according to authority unknown_publisher
         at line 277Warning:  in TF_REPEATED_DATA ignoring data with redundant timestamp for frame offset (parent map) at time 1107.500000 according to authority unknown_publisher/tmp/binarydeb/ros-noetic-tf2-0.7.10/src/buffer_core.cpp

         at line 277 in /tmp/binarydeb/ros-noetic-tf2-0.7.10/src/buffer_core.cpp
Warning: TF_REPEATED_DATA ignoring data with redundant timestamp for frame offset (parent map) at time 1107.500000 according to authority unknown_publisher
         at line 277 in /tmp/binarydeb/ros-noetic-tf2-0.7.10/src/buffer_core.cpp
concorde /tmp/tmpq9phfkw0/problem.tsp
Host: msxg  Current process id: 193844
Using random seed 1788241897
Number of Nodes: 14
Explicit Lengths (CC_MATRIXNORM)
Set initial upperbound to 559 (from tour)
ERROR: No dual change in basis finding code
Did not find a basic optimal solution
Fractional matching routine failed
Warning: restarting running timer Miscellaneous
No warmstart, stumbling on anyway
Basic dual change required, but no candidate edges
  LP Value  1: 559.000000  (0.00 seconds)
New lower bound: 559.000000
Final lower bound 559.000000, upper bound 559.000000
Exact lower bound: 559.000000
DIFF: 0.000000
Final LP has 14 rows, 21 columns, 42 nonzeros
Optimal Solution: 559.00
Number of bbnodes: 1
Total Running Time: 0.00 (seconds)
[INFO] [1788241792.867373, 1003.300000]: Send new plan: 20 37 17 16 14 15 13 12 17 11 18 10 9 36 8 0 35 1 6 19 38 20 20(L) 38 26 21 23 22 24 25 27 31 29 32 30 28  ---> 33 38 38(L) 33 7 5 4 3 34 2 35(L) 
[INFO] [1788241798.667644, 1009.100000]: Replanning request. curr_vertex_idx: 35
[INFO] [1788241798.668809, 1009.100000]:                     covered_vertices: ()
[INFO] [1788241798.669647, 1009.100000]: Handle local replanning...
[INFO] [1788241798.670139, 1009.100000]: curr path length: 47, is_loop length: 47
[INFO] [1788241798.670787, 1009.100000]: Send new plan: 20 37 17 16 14 15 13 12 17 11 18 10 9 36 8 0 35 1 6 19 38 20 20(L) 38 26 21 23 22 24 25 27 31 29 32 30 28  ---> 33 38 38(L) 33 7 5 4 3 34 2 35(L) 
[INFO] [1788241804.741466, 1015.100000]: Replanning request. curr_vertex_idx: 35
[INFO] [1788241804.742367, 1015.100000]:                     covered_vertices: ()
[INFO] [1788241804.742989, 1015.100000]: Handle local replanning...
[INFO] [1788241804.743690, 1015.100000]: curr path length: 47, is_loop length: 47
[INFO] [1788241804.744240, 1015.100000]: Send new plan: 20 37 17 16 14 15 13 12 17 11 18 10 9 36 8 0 35 1 6 19 38 20 20(L) 38 26 21 23 22 24 25 27 31 29 32 30 28  ---> 33 38 38(L) 33 7 5 4 3 34 2 35(L) 
[INFO] [1788241810.752612, 1021.100000]: Replanning request. curr_vertex_idx: 35
[INFO] [1788241810.753518, 1021.100000]:                     covered_vertices: ()
[INFO] [1788241810.754066, 1021.100000]: Handle local replanning...
[INFO] [1788241810.754570, 1021.100000]: curr path length: 47, is_loop length: 47
[INFO] [1788241810.755121, 1021.100000]: Send new plan: 20 37 17 16 14 15 13 12 17 11 18 10 9 36 8 0 35 1 6 19 38 20 20(L) 38 26 21 23 22 24 25 27 31 29 32 30 28  ---> 33 38 38(L) 33 7 5 4 3 34 2 35(L) 
[INFO] [1788241815.825926, 1026.200000]: Really visited vertices: 20 37 17 16 15 14 13 12 17 11 18 36 9 36 8 0 35 1 35 6 19 18 37 20 38 20 23 26 23 21 22 21 24 25 27 31 30 29 30 32 29 
[INFO] [1788241816.582299, 1027.000000]: Replanning request. curr_vertex_idx: 35
[INFO] [1788241816.583133, 1027.000000]:                     covered_vertices: ()
[INFO] [1788241816.583937, 1027.000000]: Handle local replanning...
[INFO] [1788241816.584530, 1027.000000]: curr path length: 47, is_loop length: 47
[INFO] [1788241816.584984, 1027.000000]: Send new plan: 20 37 17 16 14 15 13 12 17 11 18 10 9 36 8 0 35 1 6 19 38 20 20(L) 38 26 21 23 22 24 25 27 31 29 32 30 28  ---> 33 38 38(L) 33 7 5 4 3 34 2 35(L) 
[INFO] [1788241821.230905, 1031.600000]: Really visited vertices: 20 37 17 16 15 14 13 12 17 11 18 36 9 36 8 0 35 1 35 6 19 18 37 20 38 20 23 26 23 21 22 21 24 25 27 31 30 29 30 32 29 28 
[INFO] [1788241822.388863, 1032.800000]: Replanning request. curr_vertex_idx: 35
[INFO] [1788241822.389742, 1032.800000]:                     covered_vertices: ()
[INFO] [1788241822.390494, 1032.800000]: Handle local replanning...
[INFO] [1788241822.391213, 1032.800000]: curr path length: 47, is_loop length: 47
[INFO] [1788241822.391976, 1032.800000]: Send new plan: 20 37 17 16 14 15 13 12 17 11 18 10 9 36 8 0 35 1 6 19 38 20 20(L) 38 26 21 23 22 24 25 27 31 29 32 30 28  ---> 33 38 38(L) 33 7 5 4 3 34 2 35(L) 
[INFO] [1788241828.917643, 1039.300000]: Replanning request. curr_vertex_idx: 35
[INFO] [1788241828.918568, 1039.300000]:                     covered_vertices: ()
[INFO] [1788241828.919290, 1039.300000]: Handle local replanning...
[INFO] [1788241828.919840, 1039.300000]: curr path length: 47, is_loop length: 47
[INFO] [1788241828.920417, 1039.300000]: Send new plan: 20 37 17 16 14 15 13 12 17 11 18 10 9 36 8 0 35 1 6 19 38 20 20(L) 38 26 21 23 22 24 25 27 31 29 32 30 28  ---> 33 38 38(L) 33 7 5 4 3 34 2 35(L) 
[INFO] [1788241834.042925, 1044.400000]: Really visited vertices: 20 37 17 16 15 14 13 12 17 11 18 36 9 36 8 0 35 1 35 6 19 18 37 20 38 20 23 26 23 21 22 21 24 25 27 31 30 29 30 32 29 28 
[INFO] [1788241834.684750, 1045.100000]: Replanning request. curr_vertex_idx: 35
[INFO] [1788241834.685620, 1045.100000]:                     covered_vertices: ()
[INFO] [1788241834.686121, 1045.100000]: Handle local replanning...
[INFO] [1788241834.686643, 1045.100000]: curr path length: 47, is_loop length: 47
[INFO] [1788241834.687154, 1045.100000]: Send new plan: 20 37 17 16 14 15 13 12 17 11 18 10 9 36 8 0 35 1 6 19 38 20 20(L) 38 26 21 23 22 24 25 27 31 29 32 30 28  ---> 33 38 38(L) 33 7 5 4 3 34 2 35(L) 
[INFO] [1788241839.879637, 1050.300000]: Really visited vertices: 20 37 17 16 15 14 13 12 17 11 18 36 9 36 8 0 35 1 35 6 19 18 37 20 38 20 23 26 23 21 22 21 24 25 27 31 30 29 30 32 29 28 
[INFO] [1788241840.301563, 1050.700000]: Replanning request. curr_vertex_idx: 35
[INFO] [1788241840.302482, 1050.700000]:                     covered_vertices: ()
[INFO] [1788241840.302998, 1050.700000]: Handle local replanning...
[INFO] [1788241840.303541, 1050.700000]: curr path length: 47, is_loop length: 47
[INFO] [1788241840.304332, 1050.700000]: Send new plan: 20 37 17 16 14 15 13 12 17 11 18 10 9 36 8 0 35 1 6 19 38 20 20(L) 38 26 21 23 22 24 25 27 31 29 32 30 28  ---> 33 38 38(L) 33 7 5 4 3 34 2 35(L) 
[INFO] [1788241843.552918, 1053.900000]: Replanning request. curr_vertex_idx: 35
[INFO] [1788241843.553804, 1053.900000]:                     covered_vertices: ()
[INFO] [1788241843.554461, 1053.900000]: Handle local replanning...
[INFO] [1788241843.555003, 1053.900000]: curr path length: 47, is_loop length: 47
[INFO] [1788241843.555700, 1053.900000]: Send new plan: 20 37 17 16 14 15 13 12 17 11 18 10 9 36 8 0 35 1 6 19 38 20 20(L) 38 26 21 23 22 24 25 27 31 29 32 30 28  ---> 33 38 38(L) 33 7 5 4 3 34 2 35(L) 
[INFO] [1788241845.566226, 1056.000000]: Replanning request. curr_vertex_idx: 35
[INFO] [1788241845.566963, 1056.000000]:                     covered_vertices: ()
[INFO] [1788241845.567497, 1056.000000]: Handle local replanning...
[INFO] [1788241845.567961, 1056.000000]: curr path length: 47, is_loop length: 47
[INFO] [1788241845.568420, 1056.000000]: Send new plan: 20 37 17 16 14 15 13 12 17 11 18 10 9 36 8 0 35 1 6 19 38 20 20(L) 38 26 21 23 22 24 25 27 31 29 32 30 28  ---> 33 38 38(L) 33 7 5 4 3 34 2 35(L) 
[INFO] [1788241851.555747, 1061.900000]: PHASE4A_SELECTIVE_REPAIR vertex=38 span_m=2.30 planned_len_m=12.03 waypoints=24
[INFO] [1788241862.870092, 1073.300000]: Really visited vertices: 20 37 17 16 15 14 13 12 17 11 18 36 9 36 8 0 35 1 35 6 19 18 37 20 38 20 23 26 23 21 22 21 24 25 27 31 30 29 30 32 29 28 
[INFO] [1788241868.431230, 1078.800000]: Really visited vertices: 20 37 17 16 15 14 13 12 17 11 18 36 9 36 8 0 35 1 35 6 19 18 37 20 38 20 23 26 23 21 22 21 24 25 27 31 30 29 30 32 29 28 
[INFO] [1788241880.663504, 1091.100000]: Really visited vertices: 20 37 17 16 15 14 13 12 17 11 18 36 9 36 8 0 35 1 35 6 19 18 37 20 38 20 23 26 23 21 22 21 24 25 27 31 30 29 30 32 29 28 33 
[INFO] [1788241886.267492, 1096.700000]: Really visited vertices: 20 37 17 16 15 14 13 12 17 11 18 36 9 36 8 0 35 1 35 6 19 18 37 20 38 20 23 26 23 21 22 21 24 25 27 31 30 29 30 32 29 28 33 38 
[INFO] [1788241891.790740, 1102.200000]: Replanning request. curr_vertex_idx: 38
[INFO] [1788241891.791732, 1102.200000]:                     covered_vertices: ()
[INFO] [1788241891.792447, 1102.200000]: curr path length: 47, is_loop length: 47
[INFO] [1788241891.793009, 1102.200000]: Send new plan: 20 37 17 16 14 15 13 12 17 11 18 10 9 36 8 0 35 1 6 19 38 20 20(L) 38 26 21 23 22 24 25 27 31 29 32 30 28 33 38 38(L)  ---> 33 7 5 4 3 34 2 35(L) 
[INFO] [1788241897.094121, 1107.500000]: Really visited vertices: 20 37 17 16 15 14 13 12 17 11 18 36 9 36 8 0 35 1 35 6 19 18 37 20 38 20 23 26 23 21 22 21 24 25 27 31 30 29 30 32 29 28 33 38 
[INFO] [1788241897.527433, 1107.900000]: Replanning request. curr_vertex_idx: 40
[INFO] [1788241897.528297, 1107.900000]:                     covered_vertices: ()
[INFO] [1788241897.529057, 1107.900000]: Handle local replanning...
[INFO] [1788241897.529600, 1107.900000]: Local path to replan: [7, 5, 4, 3, 34, 2, 35]
Reverse tsp path is better!
[INFO] [1788241897.542473, 1107.900000]: curr path length: 47, is_loop length: 47
concorde /tmp/tmpp819fduj/problem.tsp
Host: msxg  Current process id: 193902
Using random seed 1788241903
Number of Nodes: 14
Explicit Lengths (CC_MATRIXNORM)
Set initial upperbound to 559 (from tour)
ERROR: No dual change in basis finding code
Did not find a basic optimal solution
Fractional matching routine failed
Warning: restarting running timer Miscellaneous
No warmstart, stumbling on anyway
Basic dual change required, but no candidate edges
  LP Value  1: 559.000000  (0.00 seconds)
New lower bound: 559.000000
Final lower bound 559.000000, upper bound 559.000000
Exact lower bound: 559.000000
DIFF: 0.000000
Final LP has 14 rows, 22 columns, 44 nonzeros
Optimal Solution: 559.00
Number of bbnodes: 1
Total Running Time: 0.00 (seconds)
concorde /tmp/tmpzw7hu0fm/problem.tsp
Host: msxg  Current process id: 193951
Using random seed 1788241909
Number of Nodes: 14
Explicit Lengths (CC_MATRIXNORM)
Set initial upperbound to 559 (from tour)
ERROR: No dual change in basis finding code
Did not find a basic optimal solution
Fractional matching routine failed
Warning: restarting running timer Miscellaneous
No warmstart, stumbling on anyway
Basic dual change required, but no candidate edges
  LP Value  1: 559.000000  (0.00 seconds)
New lower bound: 559.000000
Final lower bound 559.000000, upper bound 559.000000
Exact lower bound: 559.000000
DIFF: 0.000000
Final LP has 14 rows, 20 columns, 40 nonzeros
Optimal Solution: 559.00
Number of bbnodes: 1
Total Running Time: 0.00 (seconds)
concorde /tmp/tmp8h57pojz/problem.tsp
Host: msxg  Current process id: 193978
Using random seed 1788241915
Number of Nodes: 14
Explicit Lengths (CC_MATRIXNORM)
Set initial upperbound to 559 (from tour)
ERROR: No dual change in basis finding code
Did not find a basic optimal solution
Fractional matching routine failed
Warning: restarting running timer Miscellaneous
No warmstart, stumbling on anyway
Basic dual change required, but no candidate edges
  LP Value  1: 559.000000  (0.00 seconds)
New lower bound: 559.000000
Final lower bound 559.000000, upper bound 559.000000
Exact lower bound: 559.000000
DIFF: 0.000000
Final LP has 14 rows, 23 columns, 46 nonzeros
Optimal Solution: 559.00
Number of bbnodes: 1
Total Running Time: 0.00 (seconds)
concorde /tmp/tmpdqd8s7lb/problem.tsp
Host: msxg  Current process id: 194041
Using random seed 1788241921
Number of Nodes: 14
Explicit Lengths (CC_MATRIXNORM)
Set initial upperbound to 559 (from tour)
ERROR: No dual change in basis finding code
Did not find a basic optimal solution
Fractional matching routine failed
Warning: restarting running timer Miscellaneous
No warmstart, stumbling on anyway
Basic dual change required, but no candidate edges
  LP Value  1: 559.000000  (0.00 seconds)
New lower bound: 559.000000
Final lower bound 559.000000, upper bound 559.000000
Exact lower bound: 559.000000
DIFF: 0.000000
Final LP has 14 rows, 22 columns, 44 nonzeros
Optimal Solution: 559.00
Number of bbnodes: 1
Total Running Time: 0.00 (seconds)
concorde /tmp/tmp3tfpukgl/problem.tsp
Host: msxg  Current process id: 194101
Using random seed 1788241927
Number of Nodes: 14
Explicit Lengths (CC_MATRIXNORM)
Set initial upperbound to 559 (from tour)
ERROR: No dual change in basis finding code
Did not find a basic optimal solution
Fractional matching routine failed
Warning: restarting running timer Miscellaneous
No warmstart, stumbling on anyway
Basic dual change required, but no candidate edges
  LP Value  1: 559.000000  (0.00 seconds)
New lower bound: 559.000000
Final lower bound 559.000000, upper bound 559.000000
Exact lower bound: 559.000000
DIFF: 0.000000
Final LP has 14 rows, 20 columns, 40 nonzeros
Optimal Solution: 559.00
Number of bbnodes: 1
Total Running Time: 0.00 (seconds)
[WARN] [1788241927.610712234, 1138.000000000]: No frontier at vertex 7. #Frontier: 0
concorde /tmp/tmpahk2910l/problem.tsp
Host: msxg  Current process id: 194148
Using random seed 1788241933
Number of Nodes: 12
Explicit Lengths (CC_MATRIXNORM)
Set initial upperbound to 552 (from tour)
ERROR: No dual change in basis finding code
Did not find a basic optimal solution
Fractional matching routine failed
Warning: restarting running timer Miscellaneous
No warmstart, stumbling on anyway
Basic dual change required, but no candidate edges
  LP Value  1: 552.000000  (0.00 seconds)
New lower bound: 552.000000
Final lower bound 552.000000, upper bound 552.000000
Exact lower bound: 552.000000
DIFF: 0.000000
Final LP has 12 rows, 14 columns, 28 nonzeros
Optimal Solution: 552.00
Number of bbnodes: 1
Total Running Time: 0.00 (seconds)
concorde /tmp/tmpaw1tle3s/problem.tsp
Host: msxg  Current process id: 194206
Using random seed 1788241939
Number of Nodes: 12
Explicit Lengths (CC_MATRIXNORM)
Set initial upperbound to 552 (from tour)
ERROR: No dual change in basis finding code
Did not find a basic optimal solution
Fractional matching routine failed
Warning: restarting running timer Miscellaneous
No warmstart, stumbling on anyway
Basic dual change required, but no candidate edges
  LP Value  1: 552.000000  (0.00 seconds)
New lower bound: 552.000000
Final lower bound 552.000000, upper bound 552.000000
Exact lower bound: 552.000000
DIFF: 0.000000
Final LP has 12 rows, 14 columns, 28 nonzeros
Optimal Solution: 552.00
Number of bbnodes: 1
Total Running Time: 0.00 (seconds)
concorde /tmp/tmpzlczzb3w/problem.tsp
Host: msxg  Current process id: 194264
Using random seed 1788241945
Number of Nodes: 12
Explicit Lengths (CC_MATRIXNORM)
Set initial upperbound to 519 (from tour)
ERROR: No dual change in basis finding code
Did not find a basic optimal solution
Fractional matching routine failed
Warning: restarting running timer Miscellaneous
No warmstart, stumbling on anyway
Basic dual change required, but no candidate edges
  LP Value  1: 519.000000  (-0.00 seconds)
New lower bound: 519.000000
Final lower bound 519.000000, upper bound 519.000000
Exact lower bound: 519.000000
DIFF: 0.000000
Final LP has 12 rows, 13 columns, 26 nonzeros
Optimal Solution: 519.00
Number of bbnodes: 1
Total Running Time: 0.00 (seconds)
[WARN] [1788241945.129721829, 1155.500000000]: Missed desired rate of 1.00Hz! Loop actually took 1.2000 seconds!
concorde /tmp/tmpgmhokrv9/problem.tsp
Host: msxg  Current process id: 194349
Using random seed 1788241950
Number of Nodes: 12
Explicit Lengths (CC_MATRIXNORM)
Set initial upperbound to 519 (from tour)
ERROR: No dual change in basis finding code
Did not find a basic optimal solution
Fractional matching routine failed
Warning: restarting running timer Miscellaneous
No warmstart, stumbling on anyway
Basic dual change required, but no candidate edges
  LP Value  1: 519.000000  (0.00 seconds)
New lower bound: 519.000000
Final lower bound 519.000000, upper bound 519.000000
Exact lower bound: 519.000000
DIFF: 0.000000
Final LP has 12 rows, 14 columns, 28 nonzeros
Optimal Solution: 519.00
Number of bbnodes: 1
Total Running Time: 0.00 (seconds)
[WARN] [1788241950.773666249, 1161.200000000]: No frontier at vertex 5. #Frontier: 0
[INFO] [1788241898.364357008, 1108.800000000]: PHASE2C_KEYSCAN_ACCEPTED unique_id=807 state_id=807 sim_time=1108.700000
[INFO] [1788241899.592783148, 1110.000000000]: PHASE2C_KEYSCAN_ACCEPTED unique_id=808 state_id=808 sim_time=1110.000000
[INFO] [1788241900.939266094, 1111.300000000]: PHASE2C_KEYSCAN_ACCEPTED unique_id=809 state_id=809 sim_time=1111.300000
[INFO] [1788241902.185646437, 1112.600000000]: PHASE2C_KEYSCAN_ACCEPTED unique_id=810 state_id=810 sim_time=1112.600000
[INFO] [1788241903.515037904, 1113.900000000]: PHASE2C_KEYSCAN_ACCEPTED unique_id=811 state_id=811 sim_time=1113.900000
[INFO] [1788241904.992358573, 1115.400000000]: PHASE2C_KEYSCAN_ACCEPTED unique_id=812 state_id=812 sim_time=1115.400000
[INFO] [1788241907.309425501, 1117.700000000]: PHASE2C_KEYSCAN_ACCEPTED unique_id=813 state_id=813 sim_time=1117.700000
[INFO] [1788241911.598217910, 1122.000000000]: PHASE2C_KEYSCAN_ACCEPTED unique_id=814 state_id=814 sim_time=1122.000000
[INFO] [1788241915.797505457, 1126.200000000]: PHASE2C_KEYSCAN_ACCEPTED unique_id=815 state_id=815 sim_time=1126.200000
[INFO] [1788241919.609966910, 1130.000000000]: PHASE2C_KEYSCAN_ACCEPTED unique_id=816 state_id=816 sim_time=1130.000000
[INFO] [1788241921.587227656, 1132.000000000]: PHASE2C_KEYSCAN_ACCEPTED unique_id=817 state_id=817 sim_time=1132.000000
[INFO] [1788241922.868656088, 1133.300000000]: PHASE2C_KEYSCAN_ACCEPTED unique_id=818 state_id=818 sim_time=1133.300000
[INFO] [1788241924.291315396, 1134.700000000]: PHASE2C_KEYSCAN_ACCEPTED unique_id=819 state_id=819 sim_time=1134.700000
[INFO] [1788241925.685088813, 1136.100000000]: PHASE2C_KEYSCAN_ACCEPTED unique_id=820 state_id=820 sim_time=1136.100000
[INFO] [1788241927.153849190, 1137.500000000]: PHASE2C_KEYSCAN_ACCEPTED unique_id=821 state_id=821 sim_time=1137.400000
[INFO] [1788241928.579431828, 1139.000000000]: PHASE2C_KEYSCAN_ACCEPTED unique_id=822 state_id=822 sim_time=1139.000000
[INFO] [1788241929.285815687, 1139.700000000]: PHASE2C_KEYSCAN_ACCEPTED unique_id=823 state_id=823 sim_time=1139.700000
[INFO] [1788241930.772841033, 1141.200000000]: PHASE2C_KEYSCAN_ACCEPTED unique_id=824 state_id=824 sim_time=1141.200000
[INFO] [1788241932.114830769, 1142.500000000]: PHASE2C_KEYSCAN_ACCEPTED unique_id=825 state_id=825 sim_time=1142.500000
[INFO] [1788241933.378460164, 1143.800000000]: PHASE2C_KEYSCAN_ACCEPTED unique_id=826 state_id=826 sim_time=1143.800000
[INFO] [1788241934.892098954, 1145.300000000]: PHASE2C_KEYSCAN_ACCEPTED unique_id=827 state_id=827 sim_time=1145.200000
[INFO] [1788241936.278407373, 1146.700000000]: PHASE2C_KEYSCAN_ACCEPTED unique_id=828 state_id=828 sim_time=1146.700000
[INFO] [1788241937.721897806, 1148.100000000]: PHASE2C_KEYSCAN_ACCEPTED unique_id=829 state_id=829 sim_time=1148.100000
[INFO] [1788241939.144385780, 1149.500000000]: PHASE2C_KEYSCAN_ACCEPTED unique_id=830 state_id=830 sim_time=1149.400000
[INFO] [1788241940.394669410, 1150.800000000]: PHASE2C_KEYSCAN_ACCEPTED unique_id=831 state_id=831 sim_time=1150.800000
[INFO] [1788241941.776772864, 1152.200000000]: PHASE2C_KEYSCAN_ACCEPTED unique_id=832 state_id=832 sim_time=1152.200000
[INFO] [1788241943.206287493, 1153.600000000]: PHASE2C_KEYSCAN_ACCEPTED unique_id=833 state_id=833 sim_time=1153.600000
[INFO] [1788241944.568171415, 1155.000000000]: PHASE2C_KEYSCAN_ACCEPTED unique_id=834 state_id=834 sim_time=1155.000000
[INFO] [1788241945.920213484, 1156.300000000]: PHASE2C_KEYSCAN_ACCEPTED unique_id=835 state_id=835 sim_time=1156.300000
[INFO] [1788241946.477551957, 1156.900000000]: PHASE2C_KEYSCAN_ACCEPTED unique_id=836 state_id=836 sim_time=1156.900000
[INFO] [1788241947.174426803, 1157.600000000]: PHASE2C_KEYSCAN_ACCEPTED unique_id=837 state_id=837 sim_time=1157.600000
[INFO] [1788241947.774762906, 1158.200000000]: PHASE2C_KEYSCAN_ACCEPTED unique_id=838 state_id=838 sim_time=1158.200000
[INFO] [1788241948.920868989, 1159.300000000]: PHASE2C_KEYSCAN_ACCEPTED unique_id=839 state_id=839 sim_time=1159.300000
[INFO] [1788241950.315037613, 1160.700000000]: PHASE2C_KEYSCAN_ACCEPTED unique_id=840 state_id=840 sim_time=1160.500000
[INFO] [17882419Warning: TF_REPEATED_DATA ignoring data with redundant timestamp for frame odom (parent offset) at time 1166.600000 according to authority unknown_publisher
         at line 277 in 52.330951650, 1162.700000000]: PHASE2C_KEYSCAN_ACCEPTED unique_id=841 state_id=841 sim_time=1162.700000
[INFO] [1788241953.374459672, 1163.800000000]: PHASE2C_KEYSCAN_ACCEPTED unique_id=842 state_id=842 sim_time=1163.800000
[INFO] [1788241954.705318317, 1165.100000000]: PHASE2C_KEYSCAN_ACCEPTED unique_id=843 state_id=843 sim_time=1165.100000
[INFO] [1788241956.159915178, 1166.600000000]: PHASE2C_KEYSCAN_ACCEPTED unique_id=844 state_id=844 sim_time=1166.400000
/tmp/binarydeb/ros-noetic-tf2-0.7.10/src/buffer_core.cpp[INFO] [1788241897.526248565, 1107.900000000]: Call local replanning...
[INFO] [1788241897.544265726, 1107.900000000]: Find middle goal point.
[INFO] [1788241903.607735775, 1114.000000000]: Call local replanning...
[INFO] [1788241903.625539830, 1114.000000000]: Find middle goal point.
[INFO] [1788241909.576364502, 1120.000000000]: Call local replanning...
[INFO] [1788241909.594020759, 1120.000000000]: Find middle goal point.
[INFO] [1788241915.581057033, 1126.000000000]: Call local replanning...
[INFO] [1788241915.599422451, 1126.000000000]: Find middle goal point.
[INFO] [1788241921.806182233, 1132.200000000]: Call local replanning...
[INFO] [1788241927.590673124, 1138.000000000]: Call local replanning...
[INFO] [1788241927.610693088, 1138.000000000]: Reach vertex 7
[INFO] [1788241927.610740228, 1138.000000000]: Set newGoal 5
[INFO] [1788241927.610752508, 1138.000000000]: Find middle goal point.
[INFO] [1788241933.827772223, 1144.200000000]: Call local replanning...
[INFO] [1788241939.824383088, 1150.200000000]: Call local replanning...
[INFO] [1788241939.848271800, 1150.200000000]: Reach vertex 5
[INFO] [1788241939.856069242, 1150.200000000]: Explore Goal 5 's frontiers...
[INFO] [1788241944.995074594, 1155.400000000]: Call local replanning...
[INFO] [1788241945.027856700, 1155.400000000]: Explore Goal 5 's frontiers...
[INFO] [1788241950.753080252, 1161.100000000]: Call local replanning...
[INFO] [1788241950.773735563, 1161.200000000]: Set newGoal 4
Warning: 
Warning: TF_REPEATED_DATA ignoring data with redundant timestamp for frame odom (parent offset) at time 1166.600000 according to authority unknown_publisherTF_REPEATED_DATA ignoring data with redundant timestamp for frame odom (parent offset) at time 1166.600000 according to authority unknown_publisher

         at line          at line 277Warning: 277 in TF_REPEATED_DATA ignoring data with redundant timestamp for frame odom (parent offset) at time 1166.600000 according to authority unknown_publisher in /tmp/binarydeb/ros-noetic-tf2-0.7.10/src/buffer_core.cpp
/tmp/binarydeb/ros-noetic-tf2-0.7.10/src/buffer_core.cpp
         at line 
277 in /tmp/binarydeb/ros-noetic-tf2-0.7.10/src/buffer_core.cppWarning: Warning: 
TF_REPEATED_DATA ignoring data with redundant timestamp for frame offset (parent map) at time 1166.600000 according to authority unknown_publisherTF_REPEATED_DATA ignoring data with redundant timestamp for frame offset (parent map) at time 1166.600000 according to authority unknown_publisher

         at line Warning:          at line 277TF_REPEATED_DATA ignoring data with redundant timestamp for frame offset (parent map) at time 1166.600000 according to authority unknown_publisher277 in 
 in /tmp/binarydeb/ros-noetic-tf2-0.7.10/src/buffer_core.cpp         at line /tmp/binarydeb/ros-noetic-tf2-0.7.10/src/buffer_core.cpp
[WARN] [1788241956.160248831, 1166.600000000]: TF_REPEATED_DATA ignoring data with redundant timestamp for frame odom (parent offset) at time 1166.600000 according to authority unknown_publisher
277
 in /tmp/binarydeb/ros-noetic-tf2-0.7.10/src/buffer_core.cpp
[WARN] [1788241956.160282804, 1166.600000000]: TF_REPEATED_DATA ignoring data with redundant timestamp for frame offset (parent map) at time 1166.600000 according to authority unknown_publisher
Warning: TF_REPEATED_DATA ignoring data with redundant timestamp for frame offset (parent map) at time 1166.600000 according to authority unknown_publisher
         at line 277 in /tmp/binarydeb/ros-noetic-tf2-0.7.10/src/buffer_core.cpp
concorde /tmp/tmpr2mingb1/problem.tsp
Host: msxg  Current process id: 194408
Using random seed 1788241956
Number of Nodes: 10
Explicit Lengths (CC_MATRIXNORM)
Set initial upperbound to 512 (from tour)
ERROR: No dual change in basis finding code
Did not find a basic optimal solution
Fractional matching routine failed
Warning: restarting running timer Miscellaneous
No warmstart, stumbling on anyway
Basic dual change required, but no candidate edges
  LP Value  1: 512.000000  (0.00 seconds)
New lower bound: 512.000000
Final lower bound 512.000000, upper bound 512.000000
Exact lower bound: 512.000000
DIFF: 0.000000
Final LP has 10 rows, 11 columns, 22 nonzeros
Optimal Solution: 512.00
Number of bbnodes: 1
Total Running Time: 0.00 (seconds)
[INFO] [1788241957.433269650, 1167.800000000]: PHASE2C_KEYSCAN_ACCEPTED unique_id=845 state_id=845 sim_time=1167.800000
[INFO] [1788241958.777156434, 1169.200000000]: PHASE2C_KEYSCAN_ACCEPTED unique_id=846 state_id=846 sim_time=1169.200000
[INFO] [1788241960.139659327, 1170.500000000]: PHASE2C_KEYSCAN_ACCEPTED unique_id=847 state_id=847 sim_time=1170.500000
[INFO] [1788241961.384643643, 1171.800000000]: PHASE2C_KEYSCAN_ACCEPTED unique_id=848 state_id=848 sim_time=1171.800000
Warning: TF_REPEATED_DATA ignoring data with redundant timestamp for frame odom (parent offset) at time 1172.000000 according to authority unknown_publisher
         at line 277 in /tmp/binarydeb/ros-noetic-tf2-0.7.10/src/buffer_core.cpp
Warning: TF_REPEATED_DATA ignoring data with redundant timestamp for frame offset (parent map) at time 1172.000000 according to authority unknown_publisher
         at line 277 in /tmp/binarydeb/ros-noetic-tf2-0.7.10/src/buffer_core.cpp
Warning: TF_REPEATED_DATA ignoring data with redundant timestamp for frame odom (parent offset) at time 1172.000000 according to authority unknown_publisher
         at line 277[INFO] [1788241956.840081626, 1167.200000000]: Call local replanning...
 in Warning: /tmp/binarydeb/ros-noetic-tf2-0.7.10/src/buffer_core.cpp[WARN] [1788241961.560545746, 1172.000000000]: TF_REPEATED_DATA ignoring data with redundant timestamp for frame odom (parent offset) at time 1172.000000 according to authority unknown_publisher

TF_REPEATED_DATA ignoring data with redundant timestamp for frame odom (parent offset) at time 1172.000000 according to authority unknown_publisher
Warning:          at line TF_REPEATED_DATA ignoring data with redundant timestamp for frame offset (parent map) at time 1172.000000 according to authority unknown_publisher
277         at line  in 277/tmp/binarydeb/ros-noetic-tf2-0.7.10/src/buffer_core.cpp in [WARN] [1788241961.560570605, 1172.000000000]: TF_REPEATED_DATA ignoring data with redundant timestamp for frame offset (parent map) at time 1172.000000 according to authority unknown_publisher

/tmp/binarydeb/ros-noetic-tf2-0.7.10/src/buffer_core.cpp
Warning: Warning: TF_REPEATED_DATA ignoring data with redundant timestamp for frame offset (parent map) at time 1172.000000 according to authority unknown_publisherTF_REPEATED_DATA ignoring data with redundant timestamp for frame odom (parent offset) at time 1172.000000 according to authority unknown_publisher

         at line          at line 277277 in  in /tmp/binarydeb/ros-noetic-tf2-0.7.10/src/buffer_core.cpp/tmp/binarydeb/ros-noetic-tf2-0.7.10/src/buffer_core.cpp

Warning: TF_REPEATED_DATA ignoring data with redundant timestamp for frame offset (parent map) at time 1172.000000 according to authority unknown_publisher
         at line 277 in /tmp/binarydeb/ros-noetic-tf2-0.7.10/src/buffer_core.cpp
concorde /tmp/tmpkc8avczx/problem.tsp
Host: msxg  Current process id: 194466
Using random seed 1788241962
Number of Nodes: 10
Explicit Lengths (CC_MATRIXNORM)
Set initial upperbound to 512 (from tour)
ERROR: No dual change in basis finding code
Did not find a basic optimal solution
Fractional matching routine failed
Warning: restarting running timer Miscellaneous
No warmstart, stumbling on anyway
Basic dual change required, but no candidate edges
  LP Value  1: 512.000000  (0.00 seconds)
New lower bound: 512.000000
Final lower bound 512.000000, upper bound 512.000000
Exact lower bound: 512.000000
DIFF: 0.000000
Final LP has 10 rows, 11 columns, 22 nonzeros
Optimal Solution: 512.00
Number of bbnodes: 1
Total Running Time: 0.00 (seconds)
concorde /tmp/tmpv5wdeb0j/problem.tsp
Host: msxg  Current process id: 194535
Using random seed 1788241968
Number of Nodes: 10
Explicit Lengths (CC_MATRIXNORM)
Set initial upperbound to 512 (from tour)
ERROR: No dual change in basis finding code
Did not find a basic optimal solution
Fractional matching routine failed
Warning: restarting running timer Miscellaneous
No warmstart, stumbling on anyway
Basic dual change required, but no candidate edges
  LP Value  1: 512.000000  (0.00 seconds)
New lower bound: 512.000000
Final lower bound 512.000000, upper bound 512.000000
Exact lower bound: 512.000000
DIFF: 0.000000
Final LP has 10 rows, 11 columns, 22 nonzeros
Optimal Solution: 512.00
Number of bbnodes: 1
Total Running Time: 0.00 (seconds)
[INFO] [1788241897.543365, 1107.900000]: Send new plan: 20 37 17 16 14 15 13 12 17 11 18 10 9 36 8 0 35 1 6 19 38 20 20(L) 38 26 21 23 22 24 25 27 31 29 32 30 28 33 38 38(L) 33 7  ---> 5 4 3 34 2 35(L) 
[INFO] [1788241902.349763, 1112.700000]: Really visited vertices: 20 37 17 16 15 14 13 12 17 11 18 36 9 36 8 0 35 1 35 6 19 18 37 20 38 20 23 26 23 21 22 21 24 25 27 31 30 29 30 32 29 28 33 38 
[INFO] [1788241903.608907, 1114.000000]: Replanning request. curr_vertex_idx: 40
[INFO] [1788241903.609808, 1114.000000]:                     covered_vertices: ()
[INFO] [1788241903.610430, 1114.000000]: Handle local replanning...
[INFO] [1788241903.610996, 1114.000000]: Local path to replan: [7, 5, 4, 3, 34, 2, 35]
Reverse tsp path is better!
[INFO] [1788241903.623398, 1114.000000]: curr path length: 47, is_loop length: 47
[INFO] [1788241903.624331, 1114.000000]: Send new plan: 20 37 17 16 14 15 13 12 17 11 18 10 9 36 8 0 35 1 6 19 38 20 20(L) 38 26 21 23 22 24 25 27 31 29 32 30 28 33 38 38(L) 33 7  ---> 5 4 3 34 2 35(L) 
[INFO] [1788241909.577498, 1120.000000]: Replanning request. curr_vertex_idx: 40
[INFO] [1788241909.578328, 1120.000000]:                     covered_vertices: ()
[INFO] [1788241909.578899, 1120.000000]: Handle local replanning...
[INFO] [1788241909.579373, 1120.000000]: Local path to replan: [7, 5, 4, 3, 34, 2, 35]
Original tsp path is better!
[INFO] [1788241909.592027, 1120.000000]: curr path length: 47, is_loop length: 47
[INFO] [1788241909.593243, 1120.000000]: Send new plan: 20 37 17 16 14 15 13 12 17 11 18 10 9 36 8 0 35 1 6 19 38 20 20(L) 38 26 21 23 22 24 25 27 31 29 32 30 28 33 38 38(L) 33 7  ---> 5 4 3 34 2 35(L) 
[INFO] [1788241915.581976, 1126.000000]: Replanning request. curr_vertex_idx: 40
[INFO] [1788241915.582705, 1126.000000]:                     covered_vertices: ()
[INFO] [1788241915.583185, 1126.000000]: Handle local replanning...
[INFO] [1788241915.583575, 1126.000000]: Local path to replan: [7, 5, 4, 3, 34, 2, 35]
Reverse tsp path is better!
[INFO] [1788241915.597349, 1126.000000]: curr path length: 47, is_loop length: 47
[INFO] [1788241915.598449, 1126.000000]: Send new plan: 20 37 17 16 14 15 13 12 17 11 18 10 9 36 8 0 35 1 6 19 38 20 20(L) 38 26 21 23 22 24 25 27 31 29 32 30 28 33 38 38(L) 33 7  ---> 5 4 3 34 2 35(L) 
[INFO] [1788241921.807496, 1132.200000]: Replanning request. curr_vertex_idx: 40
[INFO] [1788241921.808377, 1132.200000]:                     covered_vertices: ()
[INFO] [1788241921.809026, 1132.200000]: Handle local replanning...
[INFO] [1788241921.809764, 1132.200000]: Local path to replan: [7, 5, 4, 3, 34, 2, 35]
Original tsp path is better!
[INFO] [1788241921.822101, 1132.200000]: curr path length: 47, is_loop length: 47
[INFO] [1788241921.823171, 1132.200000]: Send new plan: 20 37 17 16 14 15 13 12 17 11 18 10 9 36 8 0 35 1 6 19 38 20 20(L) 38 26 21 23 22 24 25 27 31 29 32 30 28 33 38 38(L) 33 7  ---> 5 4 3 34 2 35(L) 
[INFO] [1788241927.592002, 1138.000000]: Replanning request. curr_vertex_idx: 40
[INFO] [1788241927.593194, 1138.000000]:                     covered_vertices: ()
[INFO] [1788241927.593914, 1138.000000]: Handle local replanning...
[INFO] [1788241927.594471, 1138.000000]: Local path to replan: [7, 5, 4, 3, 34, 2, 35]
Original tsp path is better!
[INFO] [1788241927.608466, 1138.000000]: curr path length: 47, is_loop length: 47
[INFO] [1788241927.609680, 1138.000000]: Send new plan: 20 37 17 16 14 15 13 12 17 11 18 10 9 36 8 0 35 1 6 19 38 20 20(L) 38 26 21 23 22 24 25 27 31 29 32 30 28 33 38 38(L) 33 7  ---> 5 4 3 34 2 35(L) 
[INFO] [1788241933.829111, 1144.200000]: Replanning request. curr_vertex_idx: 41
[INFO] [1788241933.829967, 1144.200000]:                     covered_vertices: ()
[INFO] [1788241933.830595, 1144.200000]: Handle local replanning...
[INFO] [1788241933.831312, 1144.200000]: Local path to replan: [5, 4, 3, 34, 2, 35]
Reverse tsp path is better!
[INFO] [1788241933.844665, 1144.200000]: curr path length: 47, is_loop length: 47
[INFO] [1788241933.845761, 1144.200000]: Send new plan: 20 37 17 16 14 15 13 12 17 11 18 10 9 36 8 0 35 1 6 19 38 20 20(L) 38 26 21 23 22 24 25 27 31 29 32 30 28 33 38 38(L) 33 7 5  ---> 4 3 34 2 35(L) 
[INFO] [1788241939.825688, 1150.200000]: Replanning request. curr_vertex_idx: 41
[INFO] [1788241939.826447, 1150.200000]:                     covered_vertices: ()
[INFO] [1788241939.827442, 1150.200000]: Handle local replanning...
[INFO] [1788241939.828178, 1150.200000]: Local path to replan: [5, 4, 3, 34, 2, 35]
Reverse tsp path is better!
[INFO] [1788241939.845250, 1150.200000]: curr path length: 47, is_loop length: 47
[INFO] [1788241939.847004, 1150.200000]: Send new plan: 20 37 17 16 14 15 13 12 17 11 18 10 9 36 8 0 35 1 6 19 38 20 20(L) 38 26 21 23 22 24 25 27 31 29 32 30 28 33 38 38(L) 33 7 5  ---> 4 3 34 2 35(L) 
[INFO] [1788241944.996489, 1155.400000]: Replanning request. curr_vertex_idx: 41
[INFO] [1788241944.997380, 1155.400000]:                     covered_vertices: ()
[INFO] [1788241944.997972, 1155.400000]: Handle local replanning...
[INFO] [1788241944.998403, 1155.400000]: Local path to replan: [5, 4, 3, 34, 2, 35]
Original tsp path is better!
[INFO] [1788241945.011682, 1155.400000]: curr path length: 47, is_loop length: 47
[INFO] [1788241945.012964, 1155.400000]: Send new plan: 20 37 17 16 14 15 13 12 17 11 18 10 9 36 8 0 35 1 6 19 38 20 20(L) 38 26 21 23 22 24 25 27 31 29 32 30 28 33 38 38(L) 33 7 5  ---> 4 3 34 2 35(L) 
[INFO] [1788241950.754300, 1161.100000]: Replanning request. curr_vertex_idx: 41
[INFO] [1788241950.755315, 1161.100000]:                     covered_vertices: ()
[INFO] [1788241950.756116, 1161.100000]: Handle local replanning...
[INFO] [1788241950.756776, 1161.100000]: Local path to replan: [5, 4, 3, 34, 2, 35]
Reverse tsp path is better!
[INFO] [1788241950.771154, 1161.200000]: curr path length: 47, is_loop length: 47
[INFO] [1788241950.772317, 1161.200000]: Send new plan: 20 37 17 16 14 15 13 12 17 11 18 10 9 36 8 0 35 1 6 19 38 20 20(L) 38 26 21 23 22 24 25 27 31 29 32 30 28 33 38 38(L) 33 7 5  ---> 4 3 34 2 35(L) 
[INFO] [1788241956.841529, 1167.200000]: Replanning request. curr_vertex_idx: 42
[INFO] [1788241956.842583, 1167.200000]:                     covered_vertices: ()
[INFO] [1788241956.843406, 1167.200000]: Handle local replanning...
[INFO] [1788241956.844190, 1167.200000]: Local path to replan: [4, 3, 34, 2, 35]
Reverse tsp path is better!
[INFO] [1788241956.857692, 1167.200000]: curr path length: 47, is_loop length: 47
[INFO] [1788241956.858953, 1167.200000]: Send new plan: 20 37 17 16 14 15 13 12 17 11 18 10 9 36 8 0 35 1 6 19 38 20 20(L) 38 26 21 23 22 24 25 27 31 29 32 30 28 33 38 38(L) 33 7 5 4  ---> 3 34 2 35(L) 
[INFO] [1788241961.561219, 1172.000000]: Really visited vertices: 20 37 17 16 15 14 13 12 17 11 18 36 9 36 8 0 35 1 35 6 19 18 37 20 38 20 23 26 23 21 22 21 24 25 27 31 30 29 30 32 29 28 33 38 7 5 
[INFO] [1788241962.423059, 1172.800000]: Replanning request. curr_vertex_idx: 42
[INFO] [1788241962.423995, 1172.800000]:                     covered_vertices: ()
[INFO] [1788241962.424744, 1172.800000]: Handle local replanning...
[INFO] [1788241962.425445, 1172.800000]: Local path to replan: [4, 3, 34, 2, 35]
Original tsp path is better!
[INFO] [1788241962.438712, 1172.800000]: curr path length: 47, is_loop length: 47
[INFO] [1788241962.439873, 1172.800000]: Send new plan: 20 37 17 16 14 15 13 12 17 11 18 10 9 36 8 0 35 1 6 19 38 20 20(L) 38 26 21 23 22 24 25 27 31 29 32 30 28 33 38 38(L) 33 7 5 4  ---> 3 34 2 35(L) 
[INFO] [1788241968.255431, 1178.600000]: Really visited vertices: 20 37 17 16 15 14 13 12 17 11 18 36 9 36 8 0 35 1 35 6 19 18 37 20 38 20 23 26 23 21 22 21 24 25 27 31 30 29 30 32 29 28 33 38 7 5 
[INFO] [1788241968.711844, 1179.100000]: Replanning request. curr_vertex_idx: 42
[INFO] [1788241968.712616, 1179.100000]:                     covered_vertices: ()
[INFO] [1788241968.713298, 1179.100000]: Handle local replanning...
[INFO] [1788241968.713861, 1179.100000]: Local path to replan: [4, 3, 34, 2, 35]
Reverse tsp path is better!
[INFO] [1788241968.727244, 1179.100000]: curr path length: 47, is_loop length: 47
[INFO] [1788241962.744598406, 1173.100000000]: PHASE2C_KEYSCAN_ACCEPTED unique_id=849 state_id=849 sim_time=1173.100000
[INFO] [1788241963.983950163, 1174.400000000]: PHASE2C_KEYSCAN_ACCEPTED unique_id=850 state_id=850 sim_time=1174.400000
[INFO] [1788241965.321204279, 1175.700000000]: PHASE2C_KEYSCAN_ACCEPTED unique_id=851 state_id=851 sim_time=1175.700000
[INFO] [1788241966.486000937, 1176.900000000]: PHASE2C_KEYSCAN_ACCEPTED unique_id=852 state_id=852 sim_time=1176.900000
[INFO] [1788241967.913944514, 1178.300000000]: PHASE2C_KEYSCAN_ACCEPTED unique_id=853 state_id=853 sim_time=1178.300000
[INFO] [1788241969.270416041, 1179.700000000]: PHASE2C_KEYSCAN_ACCEPTED unique_id=854 state_id=854 sim_time=1179.700000
[INFO] [1788241969.908425628, 1180.300000000]: PHASE2C_KEYSCAN_ACCEPTED unique_id=855 state_id=855 sim_time=1180.300000
[INFO] [1788241970.483584089, 1180.900000000]: PHASE2C_KEYSCAN_ACCEPTED unique_id=856 state_id=856 sim_time=1180.900000
[INFO] [1788241971.082502364, 1181.500000000]: PHASE2C_KEYSCAN_ACCEPTED unique_id=857 state_id=857 sim_time=1181.500000
[INFO] [1788241971.780854532, 1182.200000000]: PHASE2C_KEYSCAN_ACCEPTED unique_id=858 state_id=858 sim_time=1182.200000
[INFO] [1788241972.423951299, 1182.800000000]: PHASE2C_KEYSCAN_ACCEPTED unique_id=859 state_id=859 sim_time=1182.800000
[INFO] [1788241973.585107827, 1184.000000000]: PHASE2C_KEYSCAN_ACCEPTED unique_id=860 state_id=860 sim_time=1184.000000
Warning: TF_REPEATED_DATA ignoring data with redundant timestamp for frame odom (parent offset) at time 1184.200000 according to authority unknown_publisher
         at line 277 in Warning: /tmp/binarydeb/ros-noetic-tf2-0.7.10/src/buffer_core.cppTF_REPEATED_DATA ignoring data with redundant timestamp for frame odom (parent offset) at time 1184.200000 according to authority unknown_publisher

         at line 277 in /tmp/binarydeb/ros-noetic-tf2-0.7.10/src/buffer_core.cpp
Warning: TF_REPEATED_DATA ignoring data with redundant timestamp for frame offset (parent map) at time 1184.200000 according to authority unknown_publisherWarning: 
TF_REPEATED_DATA ignoring data with redundant timestamp for frame offset (parent map) at time 1184.200000 according to authority unknown_publisher         at line 
277         at line  in 277/tmp/binarydeb/ros-noetic-tf2-0.7.10/src/buffer_core.cpp in 
/tmp/binarydeb/ros-noetic-tf2-0.7.10/src/buffer_core.cpp
Warning: TF_REPEATED_DATA ignoring data with redundant timestamp for frame odom (parent offset) at time 1184.200000 according to authority unknown_publisher
         at line 277 in /tmp/binarydeb/ros-noetic-tf2-0.7.10/src/buffer_core.cpp
Warning: TF_REPEATED_DATA ignoring data with redundant timestamp for frame offset (parent map) at time 1184.200000 according to authority unknown_publisher
         at line 277 in /tmp/binarydeb/ros-noetic-tf2-0.7.10/src/buffer_core.cpp
[INFO] [1788241962.421831257, 1172.800000000]: Call local replanning...
[INFO] [1788241968.710633103, 1179.100000000]: Call local replanning...
[INFO] [1788241968.729601836, 1179.100000000]: Reach vertex 4
[INFO] [1788241968.732878398, 1179.100000000]: Explore Goal 4 's frontiers...
Warning: TF_REPEATED_DATA ignoring data with redundant timestamp for frame odom (parent offset) at time 1184.200000 according to authority unknown_publisher
         at line 277 in /tmp/binarydeb/ros-noetic-tf2-0.7.10/src/buffer_core.cpp
Warning: TF_REPEATED_DATA ignoring data with redundant timestamp for frame offset (parent map) at time 1184.200000 according to authority unknown_publisher
         at line 277 in /tmp/binarydeb/ros-noetic-tf2-0.7.10/src/buffer_core.cpp
[WARN] [1788241973.764526681, 1184.200000000]: TF_REPEATED_DATA ignoring data with redundant timestamp for frame odom (parent offset) at time 1184.200000 according to authority unknown_publisher
[WARN] [1788241973.764558181, 1184.200000000]: TF_REPEATED_DATA ignoring data with redundant timestamp for frame offset (parent map) at time 1184.200000 according to authority unknown_publisher
concorde /tmp/tmp75y9sh94/problem.tsp
Host: msxg  Current process id: 194601
Using random seed 1788241974
Number of Nodes: 10
Explicit Lengths (CC_MATRIXNORM)
Set initial upperbound to 512 (from tour)
ERROR: No dual change in basis finding code
Did not find a basic optimal solution
Fractional matching routine failed
Warning: restarting running timer Miscellaneous
No warmstart, stumbling on anyway
Basic dual change required, but no candidate edges
  LP Value  1: 512.000000  (0.00 seconds)
New lower bound: 512.000000
Final lower bound 512.000000, upper bound 512.000000
Exact lower bound: 512.000000
DIFF: 0.000000
Final LP has 10 rows, 11 columns, 22 nonzeros
Optimal Solution: 512.00
Number of bbnodes: 1
Total Running Time: 0.00 (seconds)
[INFO] [1788241974.895720863, 1185.300000000]: PHASE2C_KEYSCAN_ACCEPTED unique_id=861 state_id=861 sim_time=1185.300000
[INFO] [1788241975.781624581, 1186.200000000]: PHASE2C_KEYSCAN_ACCEPTED unique_id=862 state_id=862 sim_time=1186.200000
[INFO] [1788241977.140865457, 1187.500000000]: PHASE2C_KEYSCAN_ACCEPTED unique_id=863 state_id=863 sim_time=1187.500000
[INFO] [1788241978.281657250, 1188.700000000]: PHASE2C_KEYSCAN_ACCEPTED unique_id=864 state_id=864 sim_time=1188.700000
[INFO] [1788241979.751581145, 1190.100000000]: PHASE2C_KEYSCAN_ACCEPTED unique_id=865 state_id=865 sim_time=1190.100000
Warning: TF_REPEATED_DATA ignoring data with redundant timestamp for frame odom (parent offset) at time 1190.300000 according to authority unknown_publisher
         at line 277 in /tmp/binarydeb/ros-noetic-tf2-0.7.10/src/buffer_core.cpp
Warning: TF_REPEATED_DATA ignoring data with redundant timestamp for frame offset (parent map) at time 1190.300000 according to authority unknown_publisher
         at line 277 in /tmp/binarydeb/ros-noetic-tf2-0.7.10/src/buffer_core.cpp
Warning: TF_REPEATED_DATA ignoring data with redundant timestamp for frame odom (parent offset) at time 1190.300000 according to authority unknown_publisher
         at line 277 in /tmp/binarydeb/ros-noetic-tf2-0.7.10/src/buffer_core.cpp
[WARN] [1788241979.930351534, 1190.300000000]: TF_REPEATED_DATA ignoring data with redundant timestamp for frame odom (parent offset) at time 1190.300000 according to authority unknown_publisher
Warning: TF_REPEATED_DATA ignoring data with redundant timestamp for frame odom (parent offset) at time 1190.300000 according to authority unknown_publisher
         at line 277 in /tmp/binarydeb/ros-noetic-tf2-0.7.10/src/buffer_core.cpp
[WARN] [1788241979.930380546, 1190.300000000]: TF_REPEATED_DATA ignoring data with redundant timestamp for frame offset (parent map) at time 1190.300000 according to authority unknown_publisher
Warning: TF_REPEATED_DATA ignoring data with redundant timestamp for frame offset (parent map) at time 1190.300000 according to authority unknown_publisher
         at line 277 in /tmp/binarydeb/ros-noetic-tf2-0.7.10/src/buffer_core.cpp
Warning: [INFO] [1788241974.430442130, 1184.800000000]: Call local replanning...
[INFO] [1788241974.456278540, 1184.800000000]: Explore Goal 4 's frontiers...
TF_REPEATED_DATA ignoring data with redundant timestamp for frame offset (parent map) at time 1190.300000 according to authority unknown_publisherWarning: 
TF_REPEATED_DATA ignoring data with redundant timestamp for frame odom (parent offset) at time 1190.300000 according to authority unknown_publisher         at line 
277         at line  in 277/tmp/binarydeb/ros-noetic-tf2-0.7.10/src/buffer_core.cpp in 
/tmp/binarydeb/ros-noetic-tf2-0.7.10/src/buffer_core.cpp
Warning: TF_REPEATED_DATA ignoring data with redundant timestamp for frame offset (parent map) at time 1190.300000 according to authority unknown_publisher
         at line 277 in /tmp/binarydeb/ros-noetic-tf2-0.7.10/src/buffer_core.cpp
concorde /tmp/tmpmxro1gat/problem.tsp
Host: msxg  Current process id: 194686
Using random seed 1788241980
Number of Nodes: 10
Explicit Lengths (CC_MATRIXNORM)
Set initial upperbound to 512 (from tour)
ERROR: No dual change in basis finding code
Did not find a basic optimal solution
Fractional matching routine failed
Warning: restarting running timer Miscellaneous
No warmstart, stumbling on anyway
Basic dual change required, but no candidate edges
  LP Value  1: 512.000000  (0.00 seconds)
New lower bound: 512.000000
Final lower bound 512.000000, upper bound 512.000000
Exact lower bound: 512.000000
DIFF: 0.000000
Final LP has 10 rows, 11 columns, 22 nonzeros
Optimal Solution: 512.00
Number of bbnodes: 1
Total Running Time: 0.00 (seconds)
concorde /tmp/tmp1riv91dd/problem.tsp
Host: msxg  Current process id: 194711
Using random seed 1788241982
Number of Nodes: 10
Explicit Lengths (CC_MATRIXNORM)
Set initial upperbound to 512 (from tour)
ERROR: No dual change in basis finding code
Did not find a basic optimal solution
Fractional matching routine failed
Warning: restarting running timer Miscellaneous
No warmstart, stumbling on anyway
Basic dual change required, but no candidate edges
  LP Value  1: 512.000000  (0.00 seconds)
New lower bound: 512.000000
Final lower bound 512.000000, upper bound 512.000000
Exact lower bound: 512.000000
DIFF: 0.000000
Final LP has 10 rows, 11 columns, 22 nonzeros
Optimal Solution: 512.00
Number of bbnodes: 1
Total Running Time: 0.00 (seconds)
[WARN] [1788241982.973572878, 1193.400000000]: Missed desired rate of 1.00Hz! Loop actually took 1.1000 seconds!
concorde /tmp/tmpd0pmddh6/problem.tsp
Host: msxg  Current process id: 194736
Using random seed 1788241984
Number of Nodes: 10
Explicit Lengths (CC_MATRIXNORM)
Set initial upperbound to 512 (from tour)
ERROR: No dual change in basis finding code
Did not find a basic optimal solution
Fractional matching routine failed
Warning: restarting running timer Miscellaneous
No warmstart, stumbling on anyway
Basic dual change required, but no candidate edges
  LP Value  1: 512.000000  (0.00 seconds)
New lower bound: 512.000000
Final lower bound 512.000000, upper bound 512.000000
Exact lower bound: 512.000000
DIFF: 0.000000
Final LP has 10 rows, 11 columns, 22 nonzeros
Optimal Solution: 512.00
Number of bbnodes: 1
Total Running Time: 0.00 (seconds)
[WARN] [1788241984.977710077, 1195.400000000]: Missed desired rate of 1.00Hz! Loop actually took 1.1000 seconds!
concorde /tmp/tmpfspx_nxe/problem.tsp
Host: msxg  Current process id: 194809
Using random seed 1788241990
Number of Nodes: 10
Explicit Lengths (CC_MATRIXNORM)
Set initial upperbound to 512 (from tour)
ERROR: No dual change in basis finding code
Did not find a basic optimal solution
Fractional matching routine failed
Warning: restarting running timer Miscellaneous
No warmstart, stumbling on anyway
Basic dual change required, but no candidate edges
  LP Value  1: 512.000000  (0.00 seconds)
New lower bound: 512.000000
Final lower bound 512.000000, upper bound 512.000000
Exact lower bound: 512.000000
DIFF: 0.000000
Final LP has 10 rows, 11 columns, 22 nonzeros
Optimal Solution: 512.00
Number of bbnodes: 1
Total Running Time: 0.00 (seconds)
concorde /tmp/tmpb4rdyq_q/problem.tsp
Host: msxg  Current process id: 194856
Using random seed 1788241996
Number of Nodes: 10
Explicit Lengths (CC_MATRIXNORM)
Set initial upperbound to 512 (from tour)
ERROR: No dual change in basis finding code
Did not find a basic optimal solution
Fractional matching routine failed
Warning: restarting running timer Miscellaneous
No warmstart, stumbling on anyway
Basic dual change required, but no candidate edges
  LP Value  1: 512.000000  (0.00 seconds)
New lower bound: 512.000000
Final lower bound 512.000000, upper bound 512.000000
Exact lower bound: 512.000000
DIFF: 0.000000
Final LP has 10 rows, 11 columns, 22 nonzeros
Optimal Solution: 512.00
Number of bbnodes: 1
Total Running Time: 0.00 (seconds)
[WARN] [1788241996.869617385, 1207.300000000]: No frontier at vertex 4. #Frontier: 0
concorde /tmp/tmpslr70afp/problem.tsp
Host: msxg  Current process id: 194925
Using random seed 1788242002
Number of Nodes: 8
Explicit Lengths (CC_MATRIXNORM)
Optimal Solution: 387.00
Total Running Time: 0.00 (seconds)
concorde /tmp/tmpq2jybq0t/problem.tsp
Host: msxg  Current process id: 194999
Using random seed 1788242008
Number of Nodes: 8
Explicit Lengths (CC_MATRIXNORM)
Optimal Solution: 387.00
Total Running Time: 0.00 (seconds)
concorde /tmp/tmp591k_5zv/problem.tsp
Host: msxg  Current process id: 195058
Using random seed 1788242014
Number of Nodes: 8
Explicit Lengths (CC_MATRIXNORM)
Optimal Solution: 387.00
Total Running Time: 0.00 (seconds)
[INFO] [1788241980.985510502, 1191.400000000]: PHASE2C_KEYSCAN_ACCEPTED unique_id=866 state_id=866 sim_time=1191.400000
[INFO] [1788241982.629018572, 1193.000000000]: PHASE2C_KEYSCAN_ACCEPTED unique_id=867 state_id=867 sim_time=1193.000000
[INFO] [1788241983.675235599, 1194.100000000]: PHASE2C_KEYSCAN_ACCEPTED unique_id=868 state_id=868 sim_time=1194.100000
[INFO] [1788241984.369687477, 1194.800000000]: PHASE2C_KEYSCAN_ACCEPTED unique_id=869 state_id=869 sim_time=1194.800000
[INFO] [1788241985.133858624, 1195.500000000]: PHASE2C_KEYSCAN_ACCEPTED unique_id=870 state_id=870 sim_time=1195.500000
[INFO] [1788241985.683549520, 1196.100000000]: PHASE2C_KEYSCAN_ACCEPTED unique_id=871 state_id=871 sim_time=1196.100000
[INFO] [1788241986.185881465, 1196.600000000]: PHASE2C_KEYSCAN_ACCEPTED unique_id=872 state_id=872 sim_time=1196.600000
[INFO] [1788241986.892588255, 1197.300000000]: PHASE2C_KEYSCAN_ACCEPTED unique_id=873 state_id=873 sim_time=1197.300000
[INFO] [1788241987.647026803, 1198.000000000]: PHASE2C_KEYSCAN_ACCEPTED unique_id=874 state_id=874 sim_time=1198.000000
[INFO] [1788241989.096556895, 1199.500000000]: PHASE2C_KEYSCAN_ACCEPTED unique_id=875 state_id=875 sim_time=1199.500000
[INFO] [1788241990.439012604, 1200.800000000]: PHASE2C_KEYSCAN_ACCEPTED unique_id=876 state_id=876 sim_time=1200.800000
[INFO] [1788241991.678288854, 1202.100000000]: PHASE2C_KEYSCAN_ACCEPTED unique_id=877 state_id=877 sim_time=1202.100000
[INFO] [1788241993.201610713, 1203.600000000]: PHASE2C_KEYSCAN_ACCEPTED unique_id=878 state_id=878 sim_time=1203.500000
[INFO] [1788241994.285114501, 1204.700000000]: PHASE2C_KEYSCAN_ACCEPTED unique_id=879 state_id=879 sim_time=1204.700000
[INFO] [1788241995.793065815, 1206.200000000]: PHASE2C_KEYSCAN_ACCEPTED unique_id=880 state_id=880 sim_time=1206.100000
[INFO] [1788241997.095943792, 1207.500000000]: PHASE2C_KEYSCAN_ACCEPTED unique_id=881 state_id=881 sim_time=1207.500000
[INFO] [1788241997.992844162, 1208.400000000]: PHASE2C_KEYSCAN_ACCEPTED unique_id=882 state_id=882 sim_time=1208.300000
[INFO] [1788241998.481831573, 1208.900000000]: PHASE2C_KEYSCAN_ACCEPTED unique_id=883 state_id=883 sim_time=1208.900000
[INFO] [1788241999.079437555, 1209.500000000]: PHASE2C_KEYSCAN_ACCEPTED unique_id=884 state_id=884 sim_time=1209.500000
[INFO] [1788241999.673637489, 1210.100000000]: PHASE2C_KEYSCAN_ACCEPTED unique_id=885 state_id=885 sim_time=1210.100000
[INFO] [1788242000.342895810, 1210.700000000]: PHASE2C_KEYSCAN_ACCEPTED unique_id=886 state_id=886 sim_time=1210.700000
[INFO] [1788242001.097644438, 1211.500000000]: PHASE2C_KEYSCAN_ACCEPTED unique_id=887 state_id=887 sim_time=1211.500000
[INFO] [1788242002.603464004, 1213.000000000]: PHASE2C_KEYSCAN_ACCEPTED unique_id=888 state_id=888 sim_time=1212.900000
[INFO] [1788242003.785286352, 1214.200000000]: PHASE2C_KEYSCAN_ACCEPTED unique_id=889 state_id=889 sim_time=1214.200000
[INFO] [1788242005.313909517, 1215.700000000]: PHASE2C_KEYSCAN_ACCEPTED unique_id=890 state_id=890 sim_time=1215.600000
[INFO] [1788242006.504756432, 1216.900000000]: PHASE2C_KEYSCAN_ACCEPTED unique_id=891 state_id=891 sim_time=1216.900000
[INFO] [1788242007.909684859, 1218.300000000]: PHASE2C_KEYSCAN_ACCEPTED unique_id=892 state_id=892 sim_time=1218.200000
[INFO] [1788242009.105624140, 1219.500000000]: PHASE2C_KEYSCAN_ACCEPTED unique_id=893 state_id=893 sim_time=1219.500000
[INFO] [1788242010.546686148, 1220.900000000]: PHASE2C_KEYSCAN_ACCEPTED unique_id=894 state_id=894 sim_time=1220.900000
[INFO] [1788242011.782500207, 1222.200000000]: PHASE2C_KEYSCAN_ACCEPTED unique_id=895 state_id=895 sim_time=1222.200000
[INFO] [1788242013.150330587, 1223.500000000]: PHASE2C_KEYSCAN_ACCEPTED unique_id=896 state_id=896 sim_time=1223.500000
[INFO] [1788242014.473278583, 1224.900000000]: PHASE2C_KEYSCAN_ACCEPTED unique_id=897 state_id=897 sim_time=1224.900000
[INFO] [1788242016.023344437, 1226.400000000]: PHASE2C_KEYSCAN_ACCEPTED unique_id=898 state_id=898 sim_time=1226.400000
[INFO] [1788242017.378723656, 1227.800000000]: PHASE2C_KEYSCAN_ACCEPTED unique_id=899 state_id=899 sim_time=1227.800000
[INFO] [1788242018.708937588, 1229.100000000]: PHASE2C_KEYSCAN_ACCEPTED unique_id=900 state_id=900 sim_time=1229.100000
[INFO] [1788242019.886362356, 1230.300000000]: PHASE2C_KEYSCAN_ACCEPTED unique_id=901 state_id=901 sim_time=1230.300000
Warning: TF_REPEATED_DATA ignoring data with redundant timestamp for frame odom (parent offset) at time 1230.500000 according to authority unknown_publisher
         at line 277 in /tmp/binarydeb/ros-noetic-tf2-0.7.10/src/buffer_core.cpp
Warning: TF_REPEATED_DATA ignoring data with redundant timestamp for frame offset (parent map) at time 1230.500000 according to authority unknown_publisher
         at line 277 in /tmp/binarydeb/ros-noetic-tf2-0.7.10/src/buffer_core.cpp
Warning: TF_REPEATED_DATA ignoring data with redundant timestamp for frame odom (parent offset) at time 1230.500000 according to authority unknown_publisher
         at line [INFO] [1788241980.636631910, 1191.000000000]: Call local replanning...
[INFO] [1788241980.663109574, 1191.100000000]: Explore Goal 4 's frontiers...
[INFO] [1788241982.839034333, 1193.200000000]: Call local replanning...
[INFO] [1788241982.865129383, 1193.300000000]: Explore Goal 4 's frontiers...
[INFO] [1788241984.841149769, 1195.200000000]: Call local replanning...
[INFO] [1788241984.872558722, 1195.300000000]: Explore Goal 4 's frontiers...
[INFO] [1788241990.620744070, 1201.000000000]: Call local replanning...
[INFO] [1788241990.647694496, 1201.000000000]: Explore Goal 4 's frontiers...
[INFO] [1788241996.851229895, 1207.200000000]: Call local replanning...
[INFO] [1788241996.869655527, 1207.300000000]: Set newGoal 3
[INFO] [1788242002.770485637, 1213.200000000]: Call local replanning...
[INFO] [1788242008.749872527, 1219.100000000]: Call local replanning...
[INFO] [1788242014.605364762, 1225.000000000]: Call local replanning...
[INFO] [1788242014.622296196, 1225.000000000]: Reach vertex 3
[INFO] [1788242014.627103347, 1225.000000000]: Explore Goal 3 's frontiers...
277 in Warning: /tmp/binarydeb/ros-noetic-tf2-0.7.10/src/buffer_core.cppTF_REPEATED_DATA ignoring data with redundant timestamp for frame odom (parent offset) at time 1230.500000 according to authority unknown_publisher

         at line Warning: TF_REPEATED_DATA ignoring data with redundant timestamp for frame offset (parent map) at time 1230.500000 according to authority unknown_publisher277
 in          at line /tmp/binarydeb/ros-noetic-tf2-0.7.10/src/buffer_core.cpp277
 in /tmp/binarydeb/ros-noetic-tf2-0.7.10/src/buffer_core.cpp
Warning: TF_REPEATED_DATA ignoring data with redundant timestamp for frame offset (parent map) at time 1230.500000 according to authority unknown_publisher
         at line 277 in /tmp/binarydeb/ros-noetic-tf2-0.7.10/src/buffer_core.cpp
Warning: TF_REPEATED_DATA ignoring data with redundant timestamp for frame odom (parent offset) at time 1230.500000 according to authority unknown_publisher
         at line 277 in /tmp/binarydeb/ros-noetic-tf2-0.7.10/src/buffer_core.cpp
Warning: TF_REPEATED_DATA ignoring data with redundant timestamp for frame offset (parent map) at time 1230.500000 according to authority unknown_publisher
         at line 277 in /tmp/binarydeb/ros-noetic-tf2-0.7.10/src/buffer_core.cpp
[WARN] [1788242020.071569784, 1230.500000000]: TF_REPEATED_DATA ignoring data with redundant timestamp for frame odom (parent offset) at time 1230.500000 according to authority unknown_publisher
[WARN] [1788242020.071608524, 1230.500000000]: TF_REPEATED_DATA ignoring data with redundant timestamp for frame offset (parent map) at time 1230.500000 according to authority unknown_publisher
concorde /tmp/tmp6ywu7gyl/problem.tsp
Host: msxg  Current process id: 195108
Using random seed 1788242020
Number of Nodes: 8
Explicit Lengths (CC_MATRIXNORM)
Optimal Solution: 387.00
Total Running Time: 0.00 (seconds)
[INFO] [1788242021.396249319, 1231.800000000]: PHASE2C_KEYSCAN_ACCEPTED unique_id=902 state_id=902 sim_time=1231.800000
[INFO] [1788242021.985705547, 1232.400000000]: PHASE2C_KEYSCAN_ACCEPTED unique_id=903 state_id=903 sim_time=1232.400000
[INFO] [1788242022.594121246, 1233.000000000]: PHASE2C_KEYSCAN_ACCEPTED unique_id=904 state_id=904 sim_time=1233.000000
[INFO] [1788242023.191775882, 1233.600000000]: PHASE2C_KEYSCAN_ACCEPTED unique_id=905 state_id=905 sim_time=1233.600000
[INFO] [1788242023.844874989, 1234.200000000]: PHASE2C_KEYSCAN_ACCEPTED unique_id=906 state_id=906 sim_time=1234.200000
[INFO] [1788242024.386983594, 1234.800000000]: PHASE2C_KEYSCAN_ACCEPTED unique_id=907 state_id=907 sim_time=1234.800000
[INFO] [1788242024.993927215, 1235.400000000]: PHASE2C_KEYSCAN_ACCEPTED unique_id=908 state_id=908 sim_time=1235.400000
[INFO] [1788242026.470991816, 1236.900000000]: PHASE2C_KEYSCAN_ACCEPTED unique_id=909 state_id=909 sim_time=1236.700000
Warning: TF_REPEATED_DATA ignoring data with redundant timestamp for frame odom (parent offset) at time 1236.900000 according to authority unknown_publisher
         at line 277 in /tmp/binarydeb/ros-noetic-tf2-0.7.10/src/buffer_core.cpp
Warning: TF_REPEATED_DATA ignoring data with redundant timestamp for frame offset (parent map) at time 1236.900000 according to authority unknown_publisher
         at line 277 in /tmp/binarydeb/ros-noetic-tf2-0.7.10/src/buffer_core.cpp
Warning: [INFO] [1788242020.543849305, 1230.900000000]: Call local replanning...
[INFO] [1788242020.570212199, 1231.000000000]: Explore Goal 3 's frontiers...
TF_REPEATED_DATA ignoring data with redundant timestamp for frame odom (parent offset) at time 1236.900000 according to authority unknown_publisher
         at line Warning: 277[WARN] [1788242026.471380622, 1236.900000000]: TF_REPEATED_DATA ignoring data with redundant timestamp for frame odom (parent offset) at time 1236.900000 according to authority unknown_publisher
 in TF_REPEATED_DATA ignoring data with redundant timestamp for frame odom (parent offset) at time 1236.900000 according to authority unknown_publisher/tmp/binarydeb/ros-noetic-tf2-0.7.10/src/buffer_core.cpp

         at line Warning: 277TF_REPEATED_DATA ignoring data with redundant timestamp for frame offset (parent map) at time 1236.900000 according to authority unknown_publisher in 
/tmp/binarydeb/ros-noetic-tf2-0.7.10/src/buffer_core.cpp         at line 
[WARN] [1788242026.471407049, 1236.900000000]: TF_REPEATED_DATA ignoring data with redundant timestamp for frame offset (parent map) at time 1236.900000 according to authority unknown_publisher
277 in Warning: /tmp/binarydeb/ros-noetic-tf2-0.7.10/src/buffer_core.cppTF_REPEATED_DATA ignoring data with redundant timestamp for frame offset (parent map) at time 1236.900000 according to authority unknown_publisher

         at line 277 in /tmp/binarydeb/ros-noetic-tf2-0.7.10/src/buffer_core.cpp
Warning: TF_REPEATED_DATA ignoring data with redundant timestamp for frame odom (parent offset) at time 1236.900000 according to authority unknown_publisher
         at line 277 in /tmp/binarydeb/ros-noetic-tf2-0.7.10/src/buffer_core.cpp
Warning: TF_REPEATED_DATA ignoring data with redundant timestamp for frame offset (parent map) at time 1236.900000 according to authority unknown_publisher
         at line 277 in /tmp/binarydeb/ros-noetic-tf2-0.7.10/src/buffer_core.cpp
concorde /tmp/tmppz0m2fj5/problem.tsp
Host: msxg  Current process id: 195178
Using random seed 1788242026
Number of Nodes: 8
Explicit Lengths (CC_MATRIXNORM)
Optimal Solution: 387.00
Total Running Time: 0.00 (seconds)
[INFO] [1788241968.728474, 1179.100000]: Send new plan: 20 37 17 16 14 15 13 12 17 11 18 10 9 36 8 0 35 1 6 19 38 20 20(L) 38 26 21 23 22 24 25 27 31 29 32 30 28 33 38 38(L) 33 7 5 4  ---> 3 34 2 35(L) 
[INFO] [1788241973.765046, 1184.200000]: Really visited vertices: 20 37 17 16 15 14 13 12 17 11 18 36 9 36 8 0 35 1 35 6 19 18 37 20 38 20 23 26 23 21 22 21 24 25 27 31 30 29 30 32 29 28 33 38 7 5 4 
[INFO] [1788241974.431736, 1184.800000]: Replanning request. curr_vertex_idx: 42
[INFO] [1788241974.432538, 1184.800000]:                     covered_vertices: ()
[INFO] [1788241974.433077, 1184.800000]: Handle local replanning...
[INFO] [1788241974.433523, 1184.800000]: Local path to replan: [4, 3, 34, 2, 35]
Original tsp path is better!
[INFO] [1788241974.447304, 1184.800000]: curr path length: 47, is_loop length: 47
[INFO] [1788241974.448583, 1184.800000]: Send new plan: 20 37 17 16 14 15 13 12 17 11 18 10 9 36 8 0 35 1 6 19 38 20 20(L) 38 26 21 23 22 24 25 27 31 29 32 30 28 33 38 38(L) 33 7 5 4  ---> 3 34 2 35(L) 
[INFO] [1788241979.929219, 1190.300000]: Really visited vertices: 20 37 17 16 15 14 13 12 17 11 18 36 9 36 8 0 35 1 35 6 19 18 37 20 38 20 23 26 23 21 22 21 24 25 27 31 30 29 30 32 29 28 33 38 7 5 4 
[INFO] [1788241980.638017, 1191.000000]: Replanning request. curr_vertex_idx: 42
[INFO] [1788241980.638985, 1191.000000]:                     covered_vertices: ()
[INFO] [1788241980.639712, 1191.000000]: Handle local replanning...
[INFO] [1788241980.640343, 1191.000000]: Local path to replan: [4, 3, 34, 2, 35]
Reverse tsp path is better!
[INFO] [1788241980.654430, 1191.000000]: curr path length: 47, is_loop length: 47
[INFO] [1788241980.655671, 1191.000000]: Send new plan: 20 37 17 16 14 15 13 12 17 11 18 10 9 36 8 0 35 1 6 19 38 20 20(L) 38 26 21 23 22 24 25 27 31 29 32 30 28 33 38 38(L) 33 7 5 4  ---> 3 34 2 35(L) 
[INFO] [1788241982.840349, 1193.200000]: Replanning request. curr_vertex_idx: 42
[INFO] [1788241982.841426, 1193.200000]:                     covered_vertices: ()
[INFO] [1788241982.842166, 1193.200000]: Handle local replanning...
[INFO] [1788241982.842856, 1193.200000]: Local path to replan: [4, 3, 34, 2, 35]
Original tsp path is better!
[INFO] [1788241982.856290, 1193.200000]: curr path length: 47, is_loop length: 47
[INFO] [1788241982.857568, 1193.200000]: Send new plan: 20 37 17 16 14 15 13 12 17 11 18 10 9 36 8 0 35 1 6 19 38 20 20(L) 38 26 21 23 22 24 25 27 31 29 32 30 28 33 38 38(L) 33 7 5 4  ---> 3 34 2 35(L) 
[INFO] [1788241984.842381, 1195.200000]: Replanning request. curr_vertex_idx: 42
[INFO] [1788241984.843375, 1195.200000]:                     covered_vertices: ()
[INFO] [1788241984.844011, 1195.200000]: Handle local replanning...
[INFO] [1788241984.844469, 1195.200000]: Local path to replan: [4, 3, 34, 2, 35]
Original tsp path is better!
[INFO] [1788241984.858557, 1195.200000]: curr path length: 47, is_loop length: 47
[INFO] [1788241984.859905, 1195.300000]: Send new plan: 20 37 17 16 14 15 13 12 17 11 18 10 9 36 8 0 35 1 6 19 38 20 20(L) 38 26 21 23 22 24 25 27 31 29 32 30 28 33 38 38(L) 33 7 5 4  ---> 3 34 2 35(L) 
[INFO] [1788241990.621898, 1201.000000]: Replanning request. curr_vertex_idx: 42
[INFO] [1788241990.622799, 1201.000000]:                     covered_vertices: ()
[INFO] [1788241990.623531, 1201.000000]: Handle local replanning...
[INFO] [1788241990.624314, 1201.000000]: Local path to replan: [4, 3, 34, 2, 35]
Original tsp path is better!
[INFO] [1788241990.638374, 1201.000000]: curr path length: 47, is_loop length: 47
[INFO] [1788241990.639697, 1201.000000]: Send new plan: 20 37 17 16 14 15 13 12 17 11 18 10 9 36 8 0 35 1 6 19 38 20 20(L) 38 26 21 23 22 24 25 27 31 29 32 30 28 33 38 38(L) 33 7 5 4  ---> 3 34 2 35(L) 
[INFO] [1788241996.143420, 1206.500000]: Really visited vertices: 20 37 17 16 15 14 13 12 17 11 18 36 9 36 8 0 35 1 35 6 19 18 37 20 38 20 23 26 23 21 22 21 24 25 27 31 30 29 30 32 29 28 33 38 7 5 4 
[INFO] [1788241996.852373, 1207.200000]: Replanning request. curr_vertex_idx: 42
[INFO] [1788241996.853220, 1207.200000]:                     covered_vertices: ()
[INFO] [1788241996.853854, 1207.200000]: Handle local replanning...
[INFO] [1788241996.854243, 1207.200000]: Local path to replan: [4, 3, 34, 2, 35]
Original tsp path is better!
[INFO] [1788241996.867607, 1207.300000]: curr path length: 47, is_loop length: 47
[INFO] [1788241996.868706, 1207.300000]: Send new plan: 20 37 17 16 14 15 13 12 17 11 18 10 9 36 8 0 35 1 6 19 38 20 20(L) 38 26 21 23 22 24 25 27 31 29 32 30 28 33 38 38(L) 33 7 5 4  ---> 3 34 2 35(L) 
[INFO] [1788242002.771698, 1213.200000]: Replanning request. curr_vertex_idx: 43
[INFO] [1788242002.772671, 1213.200000]:                     covered_vertices: ()
[INFO] [1788242002.773220, 1213.200000]: Handle local replanning...
[INFO] [1788242002.773733, 1213.200000]: Local path to replan: [3, 34, 2, 35]
Original tsp path is better!
[INFO] [1788242002.785288, 1213.200000]: curr path length: 47, is_loop length: 47
[INFO] [1788242002.786511, 1213.200000]: Send new plan: 20 37 17 16 14 15 13 12 17 11 18 10 9 36 8 0 35 1 6 19 38 20 20(L) 38 26 21 23 22 24 25 27 31 29 32 30 28 33 38 38(L) 33 7 5 4 3  ---> 34 2 35(L) 
[INFO] [1788242008.286471, 1218.700000]: Really visited vertices: 20 37 17 16 15 14 13 12 17 11 18 36 9 36 8 0 35 1 35 6 19 18 37 20 38 20 23 26 23 21 22 21 24 25 27 31 30 29 30 32 29 28 33 38 7 5 4 
[INFO] [1788242008.751216, 1219.100000]: Replanning request. curr_vertex_idx: 43
[INFO] [1788242008.752158, 1219.100000]:                     covered_vertices: ()
[INFO] [1788242008.752690, 1219.100000]: Handle local replanning...
[INFO] [1788242008.753126, 1219.100000]: Local path to replan: [3, 34, 2, 35]
Original tsp path is better!
[INFO] [1788242008.764261, 1219.200000]: curr path length: 47, is_loop length: 47
[INFO] [1788242008.765314, 1219.200000]: Send new plan: 20 37 17 16 14 15 13 12 17 11 18 10 9 36 8 0 35 1 6 19 38 20 20(L) 38 26 21 23 22 24 25 27 31 29 32 30 28 33 38 38(L) 33 7 5 4 3  ---> 34 2 35(L) 
[INFO] [1788242014.606772, 1225.000000]: Replanning request. curr_vertex_idx: 43
[INFO] [1788242014.607662, 1225.000000]:                     covered_vertices: ()
[INFO] [1788242014.608448, 1225.000000]: Handle local replanning...
[INFO] [1788242014.609128, 1225.000000]: Local path to replan: [3, 34, 2, 35]
Original tsp path is better!
[INFO] [1788242014.620563, 1225.000000]: curr path length: 47, is_loop length: 47
[INFO] [1788242014.621377, 1225.000000]: Send new plan: 20 37 17 16 14 15 13 12 17 11 18 10 9 36 8 0 35 1 6 19 38 20 20(L) 38 26 21 23 22 24 25 27 31 29 32 30 28 33 38 38(L) 33 7 5 4 3  ---> 34 2 35(L) 
[INFO] [1788242020.070585, 1230.500000]: Really visited vertices: 20 37 17 16 15 14 13 12 17 11 18 36 9 36 8 0 35 1 35 6 19 18 37 20 38 20 23 26 23 21 22 21 24 25 27 31 30 29 30 32 29 28 33 38 7 5 4 3 
[INFO] [1788242020.545074, 1230.900000]: Replanning request. curr_vertex_idx: 43
[INFO] [1788242020.546317, 1230.900000]:                     covered_vertices: ()
[INFO] [1788242020.547101, 1230.900000]: Handle local replanning...
[INFO] [1788242020.547704, 1230.900000]: Local path to replan: [3, 34, 2, 35]
Original tsp path is better!
[INFO] [1788242020.559681, 1231.000000]: curr path length: 47, is_loop length: 47
[INFO] [1788242020.561141, 1231.000000]: Send new plan: 20 37 17 16 14 15 13 12 17 11 18 10 9 36 8 0 35 1 6 19 38 20 20(L) 38 26 21 23 22 24 25 27 31 29 32 30 28 33 38 38(L) 33 7 5 4 3  ---> 34 2 35(L) 
[INFO] [1788242026.801780, 1237.200000]: Replanning request. curr_vertex_idx: 43
[INFO] [1788242026.802717, 1237.200000]:                     covered_vertices: ()
[INFO] [1788242026.803482, 1237.200000]: Handle local replanning...
[INFO] [1788242026.804149, 1237.200000]: Local path to replan: [3, 34, 2, 35]
Original tsp path is better!
[INFO] [1788242026.815589, 1237.200000]: curr path length: 47, is_loop length: 47
[INFO] [1788242026.816631, 1237.200000]: Send new plan: 20 37 17 16 14 15 13 12 17 11 18 10 9 36 8 0 35 1 6 19 38 20 20(L) 38 26 21 23 22 24 25 27 31 29 32 30 28 33 38 38(L) 33 7 5 4 3  ---> 34 2 35(L) 
concorde /tmp/tmptx8lqmfy/problem.tsp
Host: msxg  Current process id: 195237
Using random seed 1788242032
Number of Nodes: 8
Explicit Lengths (CC_MATRIXNORM)
Optimal Solution: 387.00
Total Running Time: 0.00 (seconds)
[WARN] [1788242032.759427730, 1243.200000000]: No frontier at vertex 3. #Frontier: 0
concorde /tmp/tmppexdhyg4/problem.tsp
Host: msxg  Current process id: 195324
Using random seed 1788242038
Number of Nodes: 6
Explicit Lengths (CC_MATRIXNORM)
Optimal Solution: 245.00
Total Running Time: 0.00 (seconds)
concorde /tmp/tmpz3srhfva/problem.tsp
Host: msxg  Current process id: 195371
Using random seed 1788242044
Number of Nodes: 6
Explicit Lengths (CC_MATRIXNORM)
Optimal Solution: 245.00
Total Running Time: -0.00 (seconds)
[INFO] [1788242026.800400212, 1237.200000000]: Call local replanning...
[INFO] [1788242026.824192785, 1237.200000000]: Explore Goal 3 's frontiers...
[INFO] [1788242032.741190482, 1243.100000000]: Call local replanning...
[INFO] [1788242032.759464874, 1243.200000000]: Set newGoal 34
[INFO] [1788242038.664044219, 1249.100000000]: Call local replanning...
[INFO] [1788242044.659866087, 1255.100000000]: Call local replanning...
[INFO] [1788242027.992699943, 1238.400000000]: PHASE2C_KEYSCAN_ACCEPTED unique_id=910 state_id=910 sim_time=1238.400000
[INFO] [1788242029.106143756, 1239.500000000]: PHASE2C_KEYSCAN_ACCEPTED unique_id=911 state_id=911 sim_time=1239.400000
[INFO] [1788242030.504379807, 1240.900000000]: PHASE2C_KEYSCAN_ACCEPTED unique_id=912 state_id=912 sim_time=1240.900000
[INFO] [1788242031.917128121, 1242.300000000]: PHASE2C_KEYSCAN_ACCEPTED unique_id=913 state_id=913 sim_time=1242.200000
[INFO] [1788242033.090557551, 1243.500000000]: PHASE2C_KEYSCAN_ACCEPTED unique_id=914 state_id=914 sim_time=1243.500000
[INFO] [1788242033.688442462, 1244.100000000]: PHASE2C_KEYSCAN_ACCEPTED unique_id=915 state_id=915 sim_time=1244.100000
[INFO] [1788242034.486070812, 1244.900000000]: PHASE2C_KEYSCAN_ACCEPTED unique_id=916 state_id=916 sim_time=1244.800000
[INFO] [1788242035.087015337, 1245.500000000]: PHASE2C_KEYSCAN_ACCEPTED unique_id=917 state_id=917 sim_time=1245.500000
[INFO] [1788242035.673434407, 1246.100000000]: PHASE2C_KEYSCAN_ACCEPTED unique_id=918 state_id=918 sim_time=1246.100000
[INFO] [1788242036.401457370, 1246.800000000]: PHASE2C_KEYSCAN_ACCEPTED unique_id=919 state_id=919 sim_time=1246.800000
[INFO] [1788242037.318880147, 1247.700000000]: PHASE2C_KEYSCAN_ACCEPTED unique_id=920 state_id=920 sim_time=1247.600000
[INFO] [1788242038.707746521, 1249.100000000]: PHASE2C_KEYSCAN_ACCEPTED unique_id=921 state_id=921 sim_time=1249.100000
[INFO] [1788242040.224827387, 1250.600000000]: PHASE2C_KEYSCAN_ACCEPTED unique_id=922 state_id=922 sim_time=1250.500000
[INFO] [1788242041.692201650, 1252.100000000]: PHASE2C_KEYSCAN_ACCEPTED unique_id=923 state_id=923 sim_time=1252.100000
[INFO] [1788242043.213335747, 1253.600000000]: PHASE2C_KEYSCAN_ACCEPTED unique_id=924 state_id=924 sim_time=1253.500000
[INFO] [1788242045.955224632, 1256.300000000]: PHASE2C_KEYSCAN_ACCEPTED unique_id=925 state_id=925 sim_time=1256.300000
[INFO] [1788242049.946459507, 1260.300000000]: PHASE2C_KEYSCAN_ACCEPTED unique_id=926 state_id=926 sim_time=1260.300000
Warning: Warning: TF_REPEATED_DATA ignoring data with redundant timestamp for frame odom (parent offset) at time 1260.500000 according to authority unknown_publisherTF_REPEATED_DATA ignoring data with redundant timestamp for frame odom (parent offset) at time 1260.500000 according to authority unknown_publisher

         at line          at line 277 in 277/tmp/binarydeb/ros-noetic-tf2-0.7.10/src/buffer_core.cpp in 
/tmp/binarydeb/ros-noetic-tf2-0.7.10/src/buffer_core.cpp
Warning: TF_REPEATED_DATA ignoring data with redundant timestamp for frame offset (parent map) at time 1260.500000 according to authority unknown_publisher
         at line 277 in /tmp/binarydeb/ros-noetic-tf2-0.7.10/src/buffer_core.cpp
Warning: TF_REPEATED_DATA ignoring data with redundant timestamp for frame offset (parent map) at time 1260.500000 according to authority unknown_publisher
         at line 277 in /tmp/binarydeb/ros-noetic-tf2-0.7.10/src/buffer_core.cpp
[WARN] [1788242050.136472387, 1260.500000000]: TF_REPEATED_DATA ignoring data with redundant timestamp for frame odom (parent offset) at time 1260.500000 according to authority unknown_publisher
Warning: TF_REPEATED_DATA ignoring data with redundant timestamp for frame odom (parent offset) at time 1260.500000 according to authority unknown_publisher
         at line 277 in /tmp/binarydeb/ros-noetic-tf2-0.7.10/src/buffer_core.cpp
Warning: [WARN] [1788242050.136502142, 1260.500000000]: TF_REPEATED_DATA ignoring data with redundant timestamp for frame offset (parent map) at time 1260.500000 according to authority unknown_publisher
TF_REPEATED_DATA ignoring data with redundant timestamp for frame odom (parent offset) at time 1260.500000 according to authority unknown_publisher
         at line 277 in /tmp/binarydeb/ros-noetic-tf2-0.7.10/src/buffer_core.cpp
Warning: TF_REPEATED_DATA ignoring data with redundant timestamp for frame offset (parent map) at time 1260.500000 according to authority unknown_publisher
         at line 277 in /tmp/binarydeb/ros-noetic-tf2-0.7.10/src/buffer_core.cpp
Warning: TF_REPEATED_DATA ignoring data with redundant timestamp for frame offset (parent map) at time 1260.500000 according to authority unknown_publisher
         at line 277 in /tmp/binarydeb/ros-noetic-tf2-0.7.10/src/buffer_core.cpp
concorde /tmp/tmp9eg0n7f0/problem.tsp
Host: msxg  Current process id: 195410
Using random seed 1788242050
Number of Nodes: 6
Explicit Lengths (CC_MATRIXNORM)
Optimal Solution: 245.00
Total Running Time: 0.00 (seconds)
Warning: TF_REPEATED_DATA ignoring data with redundant timestamp for frame odom (parent offset) at time 1266.600000 according to authority unknown_publisher
         at line 277 in /tmp/binarydeb/ros-noetic-tf2-0.7.10/src/buffer_core.cpp
Warning: [INFO] [1788242053.214754617, 1263.600000000]: PHASE2C_KEYSCAN_ACCEPTED unique_id=927 state_id=927 sim_time=1263.600000
[INFO] [1788242056.252071856, 1266.600000000]: PHASE2C_KEYSCAN_ACCEPTED unique_id=928 state_id=928 sim_time=1266.600000
TF_REPEATED_DATA ignoring data with redundant timestamp for frame offset (parent map) at time 1266.600000 according to authority unknown_publisher
Warning:          at line TF_REPEATED_DATA ignoring data with redundant timestamp for frame odom (parent offset) at time 1266.600000 according to authority unknown_publisher277
 in          at line /tmp/binarydeb/ros-noetic-tf2-0.7.10/src/buffer_core.cpp277
 in /tmp/binarydeb/ros-noetic-tf2-0.7.10/src/buffer_core.cpp
Warning: TF_REPEATED_DATA ignoring data with redundant timestamp for frame offset (parent map) at time 1266.600000 according to authority unknown_publisherWarning: 
TF_REPEATED_DATA ignoring data with redundant timestamp for frame odom (parent offset) at time 1266.600000 according to authority unknown_publisher         at line 
277         at line  in 277/tmp/binarydeb/ros-noetic-tf2-0.7.10/src/buffer_core.cpp in 
/tmp/binarydeb/ros-noetic-tf2-0.7.10/src/buffer_core.cpp
Warning: TF_REPEATED_DATA ignoring data with redundant timestamp for frame offset (parent map) at time 1266.600000 according to authority unknown_publisher
         at line 277 in /tmp/binarydeb/ros-noetic-tf2-0.7.10/src/buffer_core.cpp
[INFO] [1788242050.602502762, 1261.000000000]: Call local replanning...
[WARN] [1788242056.252431841, 1266.600000000]: TF_REPEATED_DATA ignoring data with redundant timestamp for frame odom (parent offset) at time 1266.600000 according to authority unknown_publisher
Warning: TF_REPEATED_DATA ignoring data with redundant timestamp for frame odom (parent offset) at time 1266.600000 according to authority unknown_publisher
         at line 277 in /tmp/binarydeb/ros-noetic-tf2-0.7.10/src/buffer_core.cpp
Warning: TF_REPEATED_DATA ignoring data with redundant timestamp for frame offset (parent map) at time 1266.600000 according to authority unknown_publisher
         at line 277 in /tmp/binarydeb/ros-noetic-tf2-0.7.10/src/buffer_core.cpp
[WARN] [1788242056.252461435, 1266.600000000]: TF_REPEATED_DATA ignoring data with redundant timestamp for frame offset (parent map) at time 1266.600000 according to authority unknown_publisher
concorde /tmp/tmp9ylnez32/problem.tsp
Host: msxg  Current process id: 195435
Using random seed 1788242056
Number of Nodes: 6
Explicit Lengths (CC_MATRIXNORM)
Optimal Solution: 245.00
Total Running Time: 0.00 (seconds)
[INFO] [1788242059.807088991, 1270.200000000]: PHASE2C_KEYSCAN_ACCEPTED unique_id=929 state_id=929 sim_time=1270.100000
[INFO] [1788242061.584216926, 1272.000000000]: PHASE2C_KEYSCAN_ACCEPTED unique_id=930 state_id=930 sim_time=1272.000000
Warning: TF_REPEATED_DATA ignoring data with redundant timestamp for frame odom (parent offset) at time 1272.200000 according to authority unknown_publisher
         at line 277 in /tmp/binarydeb/ros-noetic-tf2-0.7.10/src/buffer_core.cpp
Warning: TF_REPEATED_DATA ignoring data with redundant timestamp for frame offset (parent map) at time 1272.200000 according to authority unknown_publisherWarning: 
TF_REPEATED_DATA ignoring data with redundant timestamp for frame odom (parent offset) at time 1272.200000 according to authority unknown_publisher         at line 
277         at line  in 277/tmp/binarydeb/ros-noetic-tf2-0.7.10/src/buffer_core.cpp in [INFO] [1788242056.630653096, 1267.000000000]: Call local replanning...

/tmp/binarydeb/ros-noetic-tf2-0.7.10/src/buffer_core.cppWarning: 
TF_REPEATED_DATA ignoring data with redundant timestamp for frame odom (parent offset) at time 1272.200000 according to authority unknown_publisher
         at line 277 in /tmp/binarydeb/ros-noetic-tf2-0.7.10/src/buffer_core.cpp
Warning: Warning: TF_REPEATED_DATA ignoring data with redundant timestamp for frame odom (parent offset) at time 1272.200000 according to authority unknown_publisherTF_REPEATED_DATA ignoring data with redundant timestamp for frame offset (parent map) at time 1272.200000 according to authority unknown_publisher

         at line          at line [WARN] [1788242061.777831838, 1272.200000000]: TF_REPEATED_DATA ignoring data with redundant timestamp for frame odom (parent offset) at time 1272.200000 according to authority unknown_publisher
277277 in  in /tmp/binarydeb/ros-noetic-tf2-0.7.10/src/buffer_core.cpp/tmp/binarydeb/ros-noetic-tf2-0.7.10/src/buffer_core.cpp

Warning: TF_REPEATED_DATA ignoring data with redundant timestamp for frame offset (parent map) at time 1272.200000 according to authority unknown_publisher
         at line [WARN] [1788242061.777856366, 1272.200000000]: TF_REPEATED_DATA ignoring data with redundant timestamp for frame offset (parent map) at time 1272.200000 according to authority unknown_publisher
277 in /tmp/binarydeb/ros-noetic-tf2-0.7.10/src/buffer_core.cpp
Warning: TF_REPEATED_DATA ignoring data with redundant timestamp for frame offset (parent map) at time 1272.200000 according to authority unknown_publisher
         at line 277 in /tmp/binarydeb/ros-noetic-tf2-0.7.10/src/buffer_core.cpp
concorde /tmp/tmpj7_66_s4/problem.tsp
Host: msxg  Current process id: 195471
Using random seed 1788242062
Number of Nodes: 6
Explicit Lengths (CC_MATRIXNORM)
Optimal Solution: 245.00
Total Running Time: 0.00 (seconds)
[INFO] [1788242064.711480400, 1275.100000000]: PHASE2C_KEYSCAN_ACCEPTED unique_id=931 state_id=931 sim_time=1275.100000
[INFO] [1788242066.184617499, 1276.600000000]: PHASE2C_KEYSCAN_ACCEPTED unique_id=932 state_id=932 sim_time=1276.600000
[INFO] [1788242067.404629865, 1277.800000000]: PHASE2C_KEYSCAN_ACCEPTED unique_id=933 state_id=933 sim_time=1277.800000
Warning: TF_REPEATED_DATA ignoring data with redundant timestamp for frame odom (parent offset) at time 1278.000000 according to authority unknown_publisher
         at line 277 in /tmp/binarydeb/ros-noetic-tf2-0.7.10/src/buffer_core.cpp
Warning: TF_REPEATED_DATA ignoring data with redundant timestamp for frame offset (parent map) at time 1278.000000 according to authority unknown_publisher
         at line 277 in /tmp/binarydeb/ros-noetic-tf2-0.7.10/src/buffer_core.cpp
Warning: TF_REPEATED_DATA ignoring data with redundant timestamp for frame odom (parent offset) at time 1278.000000 according to authority unknown_publisher
         at line 277 in /tmp/binarydeb/ros-noetic-tf2-0.7.10/src/buffer_core.cpp
Warning: TF_REPEATED_DATA ignoring data with redundant timestamp for frame offset (parent map) at time 1278.000000 according to authority unknown_publisher
         at line 277 in /tmp/binarydeb/ros-noetic-tf2-0.7.10/src/buffer_core.cpp
Warning: TF_REPEATED_DATA ignoring data with redundant timestamp for frame odom (parent offset) at time 1278.000000 according to authority unknown_publisher
         at line 277 in /tmp/binarydeb/ros-noetic-tf2-0.7.10/src/buffer_core.cpp
Warning: TF_REPEATED_DATA ignoring data with redundant timestamp for frame offset (parent map) at time 1278.000000 according to authority unknown_publisher
         at line 277 in /tmp/binarydeb/ros-noetic-tf2-0.7.10/src/buffer_core.cpp
[INFO] [1788242062.436034414, 1272.800000000]: Call local replanning...
[WARN] [1788242067.593041661, 1278.000000000]: TF_REPEATED_DATA ignoring data with redundant timestamp for frame odom (parent offset) at time 1278.000000 according to authority unknown_publisher
Warning: TF_REPEATED_DATA ignoring data with redundant timestamp for frame odom (parent offset) at time 1278.000000 according to authority unknown_publisher
         at line 277 in /tmp/binarydeb/ros-noetic-tf2-0.7.10/src/buffer_core.cpp
Warning: TF_REPEATED_DATA ignoring data with redundant timestamp for frame offset (parent map) at time 1278.000000 according to authority unknown_publisher
         at line 277 in /tmp/binarydeb/ros-noetic-tf2-0.7.10/src/buffer_core.cpp
[WARN] [1788242067.593082876, 1278.000000000]: TF_REPEATED_DATA ignoring data with redundant timestamp for frame offset (parent map) at time 1278.000000 according to authority unknown_publisher
concorde /tmp/tmptluvr8i9/problem.tsp
Host: msxg  Current process id: 195545
Using random seed 1788242068
Number of Nodes: 6
Explicit Lengths (CC_MATRIXNORM)
Optimal Solution: 245.00
Total Running Time: 0.00 (seconds)
[INFO] [1788242068.774118809, 1279.200000000]: PHASE2C_KEYSCAN_ACCEPTED unique_id=934 state_id=934 sim_time=1279.200000
[INFO] [1788242069.801100530, 1280.200000000]: PHASE2C_KEYSCAN_ACCEPTED unique_id=935 state_id=935 sim_time=1280.200000
[INFO] [1788242070.394512937, 1280.800000000]: PHASE2C_KEYSCAN_ACCEPTED unique_id=936 state_id=936 sim_time=1280.800000
[INFO] [1788242070.987801079, 1281.400000000]: PHASE2C_KEYSCAN_ACCEPTED unique_id=937 state_id=937 sim_time=1281.400000
[INFO] [1788242071.608998187, 1282.000000000]: PHASE2C_KEYSCAN_ACCEPTED unique_id=938 state_id=938 sim_time=1282.000000
[INFO] [1788242072.270051883, 1282.700000000]: PHASE2C_KEYSCAN_ACCEPTED unique_id=939 state_id=939 sim_time=1282.600000
[INFO] [1788242072.806046179, 1283.200000000]: PHASE2C_KEYSCAN_ACCEPTED unique_id=940 state_id=940 sim_time=1283.200000
[INFO] [1788242073.592616016, 1284.000000000]: PHASE2C_KEYSCAN_ACCEPTED unique_id=941 state_id=941 sim_time=1284.000000
Warning: Warning: TF_REPEATED_DATA ignoring data with redundant timestamp for frame odom (parent offset) at time 1284.200000 according to authority unknown_publisher[INFO] [1788242068.666573569, 1279.100000000]: Call local replanning...
[INFO] [1788242068.685127435, 1279.100000000]: Reach vertex 34
[INFO] [1788242068.704988360, 1279.100000000]: Explore Goal 34 's frontiers...
TF_REPEATED_DATA ignoring data with redundant timestamp for frame odom (parent offset) at time 1284.200000 according to authority unknown_publisher
Warning: 
         at line TF_REPEATED_DATA ignoring data with redundant timestamp for frame odom (parent offset) at time 1284.200000 according to authority unknown_publisher         at line 277277
 in  in          at line /tmp/binarydeb/ros-noetic-tf2-0.7.10/src/buffer_core.cpp/tmp/binarydeb/ros-noetic-tf2-0.7.10/src/buffer_core.cpp277

 in [WARN] [1788242073.781944671, 1284.200000000]: TF_REPEATED_DATA ignoring data with redundant timestamp for frame odom (parent offset) at time 1284.200000 according to authority unknown_publisher
/tmp/binarydeb/ros-noetic-tf2-0.7.10/src/buffer_core.cpp
Warning: TF_REPEATED_DATA ignoring data with redundant timestamp for frame offset (parent map) at time 1284.200000 according to authority unknown_publisherWarning: 
Warning: TF_REPEATED_DATA ignoring data with redundant timestamp for frame odom (parent offset) at time 1284.200000 according to authority unknown_publisher         at line TF_REPEATED_DATA ignoring data with redundant timestamp for frame offset (parent map) at time 1284.200000 according to authority unknown_publisher
277[WARN] [1788242073.781977803, 1284.200000000]: TF_REPEATED_DATA ignoring data with redundant timestamp for frame offset (parent map) at time 1284.200000 according to authority unknown_publisher

         at line  in          at line 277/tmp/binarydeb/ros-noetic-tf2-0.7.10/src/buffer_core.cpp277 in 
 in /tmp/binarydeb/ros-noetic-tf2-0.7.10/src/buffer_core.cpp/tmp/binarydeb/ros-noetic-tf2-0.7.10/src/buffer_core.cpp

Warning: TF_REPEATED_DATA ignoring data with redundant timestamp for frame offset (parent map) at time 1284.200000 according to authority unknown_publisher
         at line 277 in /tmp/binarydeb/ros-noetic-tf2-0.7.10/src/buffer_core.cpp
Warning: TF_REPEATED_DATA ignoring data with redundant timestamp for frame offset (parent map) at time 1284.200000 according to authority unknown_publisher
         at line 277 in /tmp/binarydeb/ros-noetic-tf2-0.7.10/src/buffer_core.cpp
concorde /tmp/tmp0qnepr5r/problem.tsp
Host: msxg  Current process id: 195604
Using random seed 1788242074
Number of Nodes: 6
Explicit Lengths (CC_MATRIXNORM)
Optimal Solution: 245.00
Total Running Time: 0.00 (seconds)
concorde /tmp/tmp2b1ry79c/problem.tsp
Host: msxg  Current process id: 195651
Using random seed 1788242081
Number of Nodes: 6
Explicit Lengths (CC_MATRIXNORM)
Optimal Solution: 245.00
Total Running Time: 0.00 (seconds)
[WARN] [1788242081.182267953, 1291.600000000]: Missed desired rate of 1.00Hz! Loop actually took 1.3000 seconds!
[INFO] [1788242074.651896732, 1285.000000000]: PHASE2C_KEYSCAN_ACCEPTED unique_id=942 state_id=942 sim_time=1285.000000
[INFO] [1788242075.983133151, 1286.400000000]: PHASE2C_KEYSCAN_ACCEPTED unique_id=943 state_id=943 sim_time=1286.400000
[INFO] [1788242077.305794770, 1287.700000000]: PHASE2C_KEYSCAN_ACCEPTED unique_id=944 state_id=944 sim_time=1287.700000
[INFO] [1788242078.490056647, 1288.900000000]: PHASE2C_KEYSCAN_ACCEPTED unique_id=945 state_id=945 sim_time=1288.900000
[INFO] [1788242080.407049902, 1290.800000000]: PHASE2C_KEYSCAN_ACCEPTED unique_id=946 state_id=946 sim_time=1290.400000
[INFO] [1788242081.880406031, 1292.300000000]: PHASE2C_KEYSCAN_ACCEPTED unique_id=947 state_id=947 sim_time=1292.300000
[INFO] [1788242085.846067358, 1296.200000000]: PHASE2C_KEYSCAN_ACCEPTED unique_id=948 state_id=948 sim_time=1296.200000
Warning: TF_REPEATED_DATA ignoring data with redundant timestamp for frame odom (parent offset) at time 1296.400000 according to authority unknown_publisher
         at line 277 in /tmp/binarydeb/ros-noetic-tf2-0.7.10/src/buffer_core.cpp
Warning: TF_REPEATED_DATA ignoring data with redundant timestamp for frame offset (parent map) at time 1296.400000 according to authority unknown_publisher
         at line 277 in /tmp/binarydeb/ros-noetic-tf2-0.7.10/src/buffer_core.cpp
[INFO] [1788242074.427879016, 1284.800000000]: Call local replanning...
[INFO] [1788242074.456097706, 1284.800000000]: Explore Goal 34 's frontiers...
[INFO] [1788242081.046998795, 1291.400000000]: Call local replanning...
[INFO] [1788242081.074837826, 1291.500000000]: Explore Goal 34 's frontiers...
Warning: Warning: TF_REPEATED_DATA ignoring data with redundant timestamp for frame odom (parent offset) at time 1296.400000 according to authority unknown_publisherTF_REPEATED_DATA ignoring data with redundant timestamp for frame odom (parent offset) at time 1296.400000 according to authority unknown_publisher

         at line          at line 277277 in  in /tmp/binarydeb/ros-noetic-tf2-0.7.10/src/buffer_core.cpp/tmp/binarydeb/ros-noetic-tf2-0.7.10/src/buffer_core.cpp

Warning: TF_REPEATED_DATA ignoring data with redundant timestamp for frame offset (parent map) at time 1296.400000 according to authority unknown_publisherWarning: 
TF_REPEATED_DATA ignoring data with redundant timestamp for frame odom (parent offset) at time 1296.400000 according to authority unknown_publisher         at line 
277         at line  in 277/tmp/binarydeb/ros-noetic-tf2-0.7.10/src/buffer_core.cpp in 
/tmp/binarydeb/ros-noetic-tf2-0.7.10/src/buffer_core.cpp
Warning: TF_REPEATED_DATA ignoring data with redundant timestamp for frame offset (parent map) at time 1296.400000 according to authority unknown_publisher
         at line 277 in /tmp/binarydeb/ros-noetic-tf2-0.7.10/src/buffer_core.cpp
Warning: [WARN] [1788242086.043511716, 1296.400000000]: TF_REPEATED_DATA ignoring data with redundant timestamp for frame odom (parent offset) at time 1296.400000 according to authority unknown_publisher
TF_REPEATED_DATA ignoring data with redundant timestamp for frame offset (parent map) at time 1296.400000 according to authority unknown_publisher
         at line 277 in /tmp/binarydeb/ros-noetic-tf2-0.7.10/src/buffer_core.cpp
[WARN] [1788242086.043535070, 1296.400000000]: TF_REPEATED_DATA ignoring data with redundant timestamp for frame offset (parent map) at time 1296.400000 according to authority unknown_publisher
concorde /tmp/tmpj392zrt2/problem.tsp
Host: msxg  Current process id: 195687
Using random seed 1788242086
Number of Nodes: 6
Explicit Lengths (CC_MATRIXNORM)
Optimal Solution: 245.00
Total Running Time: 0.00 (seconds)
concorde /tmp/tmph6dmb_a5/problem.tsp
Host: msxg  Current process id: 195724
Using random seed 1788242093
Number of Nodes: 6
Explicit Lengths (CC_MATRIXNORM)
Optimal Solution: 245.00
Total Running Time: 0.00 (seconds)
[INFO] [1788242032.272948, 1242.700000]: Really visited vertices: 20 37 17 16 15 14 13 12 17 11 18 36 9 36 8 0 35 1 35 6 19 18 37 20 38 20 23 26 23 21 22 21 24 25 27 31 30 29 30 32 29 28 33 38 7 5 4 3 
[INFO] [1788242032.742501, 1243.100000]: Replanning request. curr_vertex_idx: 43
[INFO] [1788242032.743424, 1243.100000]:                     covered_vertices: ()
[INFO] [1788242032.744136, 1243.100000]: Handle local replanning...
[INFO] [1788242032.744952, 1243.100000]: Local path to replan: [3, 34, 2, 35]
Original tsp path is better!
[INFO] [1788242032.756961, 1243.100000]: curr path length: 47, is_loop length: 47
[INFO] [1788242032.758289, 1243.100000]: Send new plan: 20 37 17 16 14 15 13 12 17 11 18 10 9 36 8 0 35 1 6 19 38 20 20(L) 38 26 21 23 22 24 25 27 31 29 32 30 28 33 38 38(L) 33 7 5 4 3  ---> 34 2 35(L) 
[INFO] [1788242037.678418, 1248.100000]: Really visited vertices: 20 37 17 16 15 14 13 12 17 11 18 36 9 36 8 0 35 1 35 6 19 18 37 20 38 20 23 26 23 21 22 21 24 25 27 31 30 29 30 32 29 28 33 38 7 5 4 3 
[INFO] [1788242038.665383, 1249.100000]: Replanning request. curr_vertex_idx: 44
[INFO] [1788242038.666603, 1249.100000]:                     covered_vertices: ()
[INFO] [1788242038.667345, 1249.100000]: Handle local replanning...
[INFO] [1788242038.667912, 1249.100000]: Local path to replan: [34, 2, 35]
Original tsp path is better!
[INFO] [1788242038.680141, 1249.100000]: curr path length: 47, is_loop length: 47
[INFO] [1788242038.681303, 1249.100000]: Send new plan: 20 37 17 16 14 15 13 12 17 11 18 10 9 36 8 0 35 1 6 19 38 20 20(L) 38 26 21 23 22 24 25 27 31 29 32 30 28 33 38 38(L) 33 7 5 4 3 34  ---> 2 35(L) 
[INFO] [1788242043.577192, 1254.000000]: Really visited vertices: 20 37 17 16 15 14 13 12 17 11 18 36 9 36 8 0 35 1 35 6 19 18 37 20 38 20 23 26 23 21 22 21 24 25 27 31 30 29 30 32 29 28 33 38 7 5 4 3 
[INFO] [1788242044.661016, 1255.100000]: Replanning request. curr_vertex_idx: 44
[INFO] [1788242044.661944, 1255.100000]:                     covered_vertices: ()
[INFO] [1788242044.662477, 1255.100000]: Handle local replanning...
[INFO] [1788242044.662913, 1255.100000]: Local path to replan: [34, 2, 35]
Original tsp path is better!
[INFO] [1788242044.674464, 1255.100000]: curr path length: 47, is_loop length: 47
[INFO] [1788242044.675199, 1255.100000]: Send new plan: 20 37 17 16 14 15 13 12 17 11 18 10 9 36 8 0 35 1 6 19 38 20 20(L) 38 26 21 23 22 24 25 27 31 29 32 30 28 33 38 38(L) 33 7 5 4 3 34  ---> 2 35(L) 
[INFO] [1788242050.136321, 1260.500000]: Really visited vertices: 20 37 17 16 15 14 13 12 17 11 18 36 9 36 8 0 35 1 35 6 19 18 37 20 38 20 23 26 23 21 22 21 24 25 27 31 30 29 30 32 29 28 33 38 7 5 4 3 
[INFO] [1788242050.603793, 1261.000000]: Replanning request. curr_vertex_idx: 44
[INFO] [1788242050.604775, 1261.000000]:                     covered_vertices: ()
[INFO] [1788242050.605564, 1261.000000]: Handle local replanning...
[INFO] [1788242050.606159, 1261.000000]: Local path to replan: [34, 2, 35]
Original tsp path is better!
[INFO] [1788242050.618053, 1261.000000]: curr path length: 47, is_loop length: 47
[INFO] [1788242050.619158, 1261.000000]: Send new plan: 20 37 17 16 14 15 13 12 17 11 18 10 9 36 8 0 35 1 6 19 38 20 20(L) 38 26 21 23 22 24 25 27 31 29 32 30 28 33 38 38(L) 33 7 5 4 3 34  ---> 2 35(L) 
[INFO] [1788242056.631899, 1267.000000]: Replanning request. curr_vertex_idx: 44
[INFO] [1788242056.632869, 1267.000000]:                     covered_vertices: ()
[INFO] [1788242056.633606, 1267.000000]: Handle local replanning...
[INFO] [1788242056.634274, 1267.000000]: Local path to replan: [34, 2, 35]
Original tsp path is better!
[INFO] [1788242056.645982, 1267.000000]: curr path length: 47, is_loop length: 47
[INFO] [1788242056.647011, 1267.000000]: Send new plan: 20 37 17 16 14 15 13 12 17 11 18 10 9 36 8 0 35 1 6 19 38 20 20(L) 38 26 21 23 22 24 25 27 31 29 32 30 28 33 38 38(L) 33 7 5 4 3 34  ---> 2 35(L) 
[INFO] [1788242061.778151, 1272.200000]: Really visited vertices: 20 37 17 16 15 14 13 12 17 11 18 36 9 36 8 0 35 1 35 6 19 18 37 20 38 20 23 26 23 21 22 21 24 25 27 31 30 29 30 32 29 28 33 38 7 5 4 3 
[INFO] [1788242062.437250, 1272.800000]: Replanning request. curr_vertex_idx: 44
[INFO] [1788242062.438159, 1272.800000]:                     covered_vertices: ()
[INFO] [1788242062.438857, 1272.800000]: Handle local replanning...
[INFO] [1788242062.439549, 1272.800000]: Local path to replan: [34, 2, 35]
Original tsp path is better!
[INFO] [1788242062.451169, 1272.800000]: curr path length: 47, is_loop length: 47
[INFO] [1788242062.452197, 1272.800000]: Send new plan: 20 37 17 16 14 15 13 12 17 11 18 10 9 36 8 0 35 1 6 19 38 20 20(L) 38 26 21 23 22 24 25 27 31 29 32 30 28 33 38 38(L) 33 7 5 4 3 34  ---> 2 35(L) 
[INFO] [1788242067.593485, 1278.000000]: Really visited vertices: 20 37 17 16 15 14 13 12 17 11 18 36 9 36 8 0 35 1 35 6 19 18 37 20 38 20 23 26 23 21 22 21 24 25 27 31 30 29 30 32 29 28 33 38 7 5 4 3 34 
[INFO] [1788242068.667749, 1279.100000]: Replanning request. curr_vertex_idx: 44
[INFO] [1788242068.668640, 1279.100000]:                     covered_vertices: ()
[INFO] [1788242068.669261, 1279.100000]: Handle local replanning...
[INFO] [1788242068.669933, 1279.100000]: Local path to replan: [34, 2, 35]
Original tsp path is better!
[INFO] [1788242068.682548, 1279.100000]: curr path length: 47, is_loop length: 47
[INFO] [1788242068.683853, 1279.100000]: Send new plan: 20 37 17 16 14 15 13 12 17 11 18 10 9 36 8 0 35 1 6 19 38 20 20(L) 38 26 21 23 22 24 25 27 31 29 32 30 28 33 38 38(L) 33 7 5 4 3 34  ---> 2 35(L) 
[INFO] [1788242073.782502, 1284.200000]: Really visited vertices: 20 37 17 16 15 14 13 12 17 11 18 36 9 36 8 0 35 1 35 6 19 18 37 20 38 20 23 26 23 21 22 21 24 25 27 31 30 29 30 32 29 28 33 38 7 5 4 3 34 
[INFO] [1788242074.429212, 1284.800000]: Replanning request. curr_vertex_idx: 44
[INFO] [1788242074.430169, 1284.800000]:                     covered_vertices: ()
[INFO] [1788242074.430929, 1284.800000]: Handle local replanning...
[INFO] [1788242074.431550, 1284.800000]: Local path to replan: [34, 2, 35]
Original tsp path is better!
[INFO] [1788242074.443202, 1284.800000]: curr path length: 47, is_loop length: 47
[INFO] [1788242074.444382, 1284.800000]: Send new plan: 20 37 17 16 14 15 13 12 17 11 18 10 9 36 8 0 35 1 6 19 38 20 20(L) 38 26 21 23 22 24 25 27 31 29 32 30 28 33 38 38(L) 33 7 5 4 3 34  ---> 2 35(L) 
[INFO] [1788242081.048337, 1291.400000]: Replanning request. curr_vertex_idx: 44
[INFO] [1788242081.049118, 1291.400000]:                     covered_vertices: ()
[INFO] [1788242081.049666, 1291.400000]: Handle local replanning...
[INFO] [1788242081.050126, 1291.400000]: Local path to replan: [34, 2, 35]
Original tsp path is better!
[INFO] [1788242081.062071, 1291.500000]: curr path length: 47, is_loop length: 47
[INFO] [1788242081.063203, 1291.500000]: Send new plan: 20 37 17 16 14 15 13 12 17 11 18 10 9 36 8 0 35 1 6 19 38 20 20(L) 38 26 21 23 22 24 25 27 31 29 32 30 28 33 38 38(L) 33 7 5 4 3 34  ---> 2 35(L) 
[INFO] [1788242086.042287, 1296.400000]: Really visited vertices: 20 37 17 16 15 14 13 12 17 11 18 36 9 36 8 0 35 1 35 6 19 18 37 20 38 20 23 26 23 21 22 21 24 25 27 31 30 29 30 32 29 28 33 38 7 5 4 3 34 
[INFO] [1788242086.776527, 1297.200000]: Replanning request. curr_vertex_idx: 44
[INFO] [1788242086.777434, 1297.200000]:                     covered_vertices: ()
[INFO] [1788242086.778166, 1297.200000]: Handle local replanning...
[INFO] [1788242086.778895, 1297.200000]: Local path to replan: [34, 2, 35]
Original tsp path is better!
[INFO] [1788242086.791138, 1297.200000]: curr path length: 47, is_loop length: 47
[INFO] [1788242086.792235, 1297.200000]: Send new plan: 20 37 17 16 14 15 13 12 17 11 18 10 9 36 8 0 35 1 6 19 38 20 20(L) 38 26 21 23 22 24 25 27 31 29 32 30 28 33 38 38(L) 33 7 5 4 3 34  ---> 2 35(L) 
[INFO] [1788242093.062947, 1303.500000]: Replanning request. curr_vertex_idx: 44
[INFO] [1788242093.063705, 1303.500000]:                     covered_vertices: ()
[INFO] [1788242093.064404, 1303.500000]: Handle local replanning...
[INFO] [1788242093.065061, 1303.500000]: Local path to replan: [34, 2, 35]
Original tsp path is better!
[WARN] [1788242093.191434087, 1303.600000000]: Missed desired rate of 1.00Hz! Loop actually took 1.3000 seconds!
concorde /tmp/tmpjhm4cg1q/problem.tsp
Host: msxg  Current process id: 195751
Using random seed 1788242096
Number of Nodes: 6
Explicit Lengths (CC_MATRIXNORM)
Optimal Solution: 245.00
Total Running Time: 0.00 (seconds)
[WARN] [1788242096.194923946, 1306.600000000]: Missed desired rate of 1.00Hz! Loop actually took 1.3000 seconds!
[INFO] [1788242088.611136975, 1299.000000000]: PHASE2C_KEYSCAN_ACCEPTED unique_id=949 state_id=949 sim_time=1299.000000
[INFO] [1788242090.907765857, 1301.300000000]: PHASE2C_KEYSCAN_ACCEPTED unique_id=950 state_id=950 sim_time=1301.300000
[INFO] [1788242092.678129494, 1303.100000000]: PHASE2C_KEYSCAN_ACCEPTED unique_id=951 state_id=951 sim_time=1303.100000
[INFO] [1788242095.402170479, 1305.800000000]: PHASE2C_KEYSCAN_ACCEPTED unique_id=952 state_id=952 sim_time=1305.500000
Warning: TF_REPEATED_DATA ignoring data with redundant timestamp for frame odom (parent offset) at time 1307.600000 according to authority unknown_publisher
         at line 277 in /tmp/binarydeb/ros-noetic-tf2-0.7.10/src/buffer_core.cpp
Warning: TF_REPEATED_DATA ignoring data with redundant timestamp for frame offset (parent map) at time 1307.600000 according to authority unknown_publisher
         at line 277 in /tmp/binarydeb/ros-noetic-tf2-0.7.10/src/buffer_core.cpp
[INFO] [1788242086.775340125, 1297.200000000]: Call local replanning...
[INFO] [1788242086.805566782, 1297.200000000]: Explore Goal 34 's frontiers...
[INFO] [1788242093.061876594, 1303.500000000]: Call local replanning...
[INFO] [1788242093.083423109, 1303.500000000]: Explore Goal 34 's frontiers...
[INFO] [1788242096.064024446, 1306.500000000]: Call local replanning...
[INFO] [1788242096.086740146, 1306.500000000]: Explore Goal 34 's frontiers...
Warning: TF_REPEATED_DATA ignoring data with redundant timestamp for frame odom (parent offset) at time 1307.600000 according to authority unknown_publisher
         at line 277 in /tmp/binarydeb/ros-noetic-tf2-0.7.10/src/buffer_core.cpp
Warning: TF_REPEATED_DATA ignoring data with redundant timestamp for frame offset (parent map) at time 1307.600000 according to authority unknown_publisher
         at line 277 in /tmp/binarydeb/ros-noetic-tf2-0.7.10/src/buffer_core.cpp
Warning: TF_REPEATED_DATA ignoring data with redundant timestamp for frame odom (parent offset) at time 1307.600000 according to authority unknown_publisher
         at line 277 in /tmp/binarydeb/ros-noetic-tf2-0.7.10/src/buffer_core.cpp
Warning: TF_REPEATED_DATA ignoring data with redundant timestamp for frame offset (parent map) at time 1307.600000 according to authority unknown_publisher
         at line 277 in /tmp/binarydeb/ros-noetic-tf2-0.7.10/src/buffer_core.cpp
Warning: TF_REPEATED_DATA ignoring data with redundant timestamp for frame odom (parent offset) at time 1307.600000 according to authority unknown_publisher
         at line 277 in /tmp/binarydeb/ros-noetic-tf2-0.7.10/src/buffer_core.cpp
Warning: TF_REPEATED_DATA ignoring data with redundant timestamp for frame offset (parent map) at time 1307.600000 according to authority unknown_publisher
         at line 277 in /tmp/binarydeb/ros-noetic-tf2-0.7.10/src/buffer_core.cpp
[WARN] [1788242097.163843382, 1307.600000000]: TF_REPEATED_DATA ignoring data with redundant timestamp for frame odom (parent offset) at time 1307.600000 according to authority unknown_publisher
[WARN] [1788242097.163903982, 1307.600000000]: TF_REPEATED_DATA ignoring data with redundant timestamp for frame offset (parent map) at time 1307.600000 according to authority unknown_publisher
concorde /tmp/tmpesqr_tss/problem.tsp
Host: msxg  Current process id: 195776
Using random seed 1788242097
Number of Nodes: 6
Explicit Lengths (CC_MATRIXNORM)
Optimal Solution: 245.00
Total Running Time: 0.00 (seconds)
concorde /tmp/tmpr9356mhs/problem.tsp
Host: msxg  Current process id: 195828
Using random seed 1788242099
Number of Nodes: 6
Explicit Lengths (CC_MATRIXNORM)
Optimal Solution: 245.00
Total Running Time: 0.00 (seconds)
[WARN] [1788242100.001844626, 1310.400000000]: Missed desired rate of 1.00Hz! Loop actually took 1.1000 seconds!
concorde /tmp/tmpda6o996z/problem.tsp
Host: msxg  Current process id: 195842
Using random seed 1788242101
Number of Nodes: 6
Explicit Lengths (CC_MATRIXNORM)
Optimal Solution: 245.00
Total Running Time: 0.00 (seconds)
concorde /tmp/tmp0eh2nutm/problem.tsp
Host: msxg  Current process id: 195867
Using random seed 1788242103
Number of Nodes: 6
Explicit Lengths (CC_MATRIXNORM)
Optimal Solution: 245.00
Total Running Time: 0.00 (seconds)
concorde /tmp/tmpmv98hlbs/problem.tsp
Host: msxg  Current process id: 195925
Using random seed 1788242110
Number of Nodes: 6
Explicit Lengths (CC_MATRIXNORM)
Optimal Solution: 245.00
Total Running Time: 0.00 (seconds)
[WARN] [1788242110.216511299, 1320.600000000]: Missed desired rate of 1.00Hz! Loop actually took 1.3000 seconds!
[INFO] [1788242098.418291291, 1308.800000000]: PHASE2C_KEYSCAN_ACCEPTED unique_id=953 state_id=953 sim_time=1308.800000
[INFO] [1788242101.913422169, 1312.300000000]: PHASE2C_KEYSCAN_ACCEPTED unique_id=954 state_id=954 sim_time=1312.300000
[INFO] [1788242104.819199405, 1315.200000000]: PHASE2C_KEYSCAN_ACCEPTED unique_id=955 state_id=955 sim_time=1315.200000
[INFO] [1788242105.481206632, 1315.900000000]: PHASE2C_KEYSCAN_ACCEPTED unique_id=956 state_id=956 sim_time=1315.900000
[INFO] [1788242106.075461824, 1316.500000000]: PHASE2C_KEYSCAN_ACCEPTED unique_id=957 state_id=957 sim_time=1316.500000
[INFO] [1788242107.707964854, 1318.100000000]: PHASE2C_KEYSCAN_ACCEPTED unique_id=958 state_id=958 sim_time=1318.100000
[INFO] [1788242109.381792491, 1319.800000000]: PHASE2C_KEYSCAN_ACCEPTED unique_id=959 state_id=959 sim_time=1319.400000
[INFO] [1788242110.434914736, 1320.800000000]: PHASE2C_KEYSCAN_ACCEPTED unique_id=960 state_id=960 sim_time=1320.800000
[INFO] [1788242111.792917543, 1322.200000000]: PHASE2C_KEYSCAN_ACCEPTED unique_id=961 state_id=961 sim_time=1322.200000
[INFO] [1788242113.108888891, 1323.500000000]: PHASE2C_KEYSCAN_ACCEPTED unique_id=962 state_id=962 sim_time=1323.500000
[INFO] [1788242114.386057388, 1324.800000000]: PHASE2C_KEYSCAN_ACCEPTED unique_id=963 state_id=963 sim_time=1324.800000
Warning: TF_REPEATED_DATA ignoring data with redundant timestamp for frame odom (parent offset) at time 1325.000000 according to authority unknown_publisher
         at line 277 in /tmp/binarydeb/ros-noetic-tf2-0.7.10/src/buffer_core.cpp
Warning: TF_REPEATED_DATA ignoring data with redundant timestamp for frame offset (parent map) at time 1325.000000 according to authority unknown_publisher
         at line 277 in /tmp/binarydeb/ros-noetic-tf2-0.7.10/src/buffer_core.cpp
Warning: TF_REPEATED_DATA ignoring data with redundant timestamp for frame odom (parent offset) at time 1325.000000 according to authority unknown_publisher
         at line 277 in /tmp/binarydeb/ros-noetic-tf2-0.7.10/src/buffer_core.cpp
Warning: TF_REPEATED_DATA ignoring data with redundant timestamp for frame offset (parent map) at time 1325.000000 according to authority unknown_publisher
         at line 277 in /tmp/binarydeb/ros-noetic-tf2-0.7.10/src/buffer_core.cpp
Warning: TF_REPEATED_DATA ignoring data with redundant timestamp for frame odom (parent offset) at time 1325.000000 according to authority unknown_publisher[INFO] [1788242097.634136852, 1308.000000000]: Call local replanning...
[INFO] [1788242097.654462086, 1308.000000000]: Explore Goal 34 's frontiers...
[INFO] [1788242099.868584431, 1310.300000000]: Call local replanning...
[INFO] [1788242099.889894103, 1310.300000000]: Explore Goal 34 's frontiers...
[INFO] [1788242101.435257517, 1311.800000000]: Call local replanning...
[INFO] [1788242101.454097888, 1311.800000000]: Explore Goal 34 's frontiers...
[INFO] [1788242103.830604697, 1314.200000000]: Call local replanning...
[INFO] [1788242103.861510454, 1314.300000000]: Explore Goal 34 's frontiers...
[INFO] [1788242110.074893618, 1320.500000000]: Call local replanning...
[INFO] [1788242110.106913704, 1320.500000000]: Explore Goal 34 's frontiers...

Warning:          at line TF_REPEATED_DATA ignoring data with redundant timestamp for frame odom (parent offset) at time 1325.000000 according to authority unknown_publisher277
 in          at line /tmp/binarydeb/ros-noetic-tf2-0.7.10/src/buffer_core.cpp[WARN] [1788242114.583299969, 1325.000000000]: TF_REPEATED_DATA ignoring data with redundant timestamp for frame odom (parent offset) at time 1325.000000 according to authority unknown_publisher
277
 in /tmp/binarydeb/ros-noetic-tf2-0.7.10/src/buffer_core.cpp
Warning: TF_REPEATED_DATA ignoring data with redundant timestamp for frame offset (parent map) at time 1325.000000 according to authority unknown_publisher
         at line 277Warning:  in TF_REPEATED_DATA ignoring data with redundant timestamp for frame offset (parent map) at time 1325.000000 according to authority unknown_publisher/tmp/binarydeb/ros-noetic-tf2-0.7.10/src/buffer_core.cpp

         at line 277 in /tmp/binarydeb/ros-noetic-tf2-0.7.10/src/buffer_core.cpp[WARN] [1788242114.583339492, 1325.000000000]: TF_REPEATED_DATA ignoring data with redundant timestamp for frame offset (parent map) at time 1325.000000 according to authority unknown_publisher

concorde /tmp/tmpyoe3yw2c/problem.tsp
Host: msxg  Current process id: 195986
Using random seed 1788242115
Number of Nodes: 6
Explicit Lengths (CC_MATRIXNORM)
Optimal Solution: 245.00
Total Running Time: 0.00 (seconds)
[INFO] [1788242115.616091234, 1326.000000000]: PHASE2C_KEYSCAN_ACCEPTED unique_id=964 state_id=964 sim_time=1326.000000
[INFO] [1788242116.888263956, 1327.300000000]: PHASE2C_KEYSCAN_ACCEPTED unique_id=965 state_id=965 sim_time=1327.300000
[INFO] [1788242118.198891858, 1328.600000000]: PHASE2C_KEYSCAN_ACCEPTED unique_id=966 state_id=966 sim_time=1328.600000
Warning: TF_REPEATED_DATA ignoring data with redundant timestamp for frame odom (parent offset) at time 1329.600000 according to authority unknown_publisher
Warning:          at line TF_REPEATED_DATA ignoring data with redundant timestamp for frame odom (parent offset) at time 1329.600000 according to authority unknown_publisher
277         at line  in 277/tmp/binarydeb/ros-noetic-tf2-0.7.10/src/buffer_core.cpp in 
/tmp/binarydeb/ros-noetic-tf2-0.7.10/src/buffer_core.cpp
Warning: TF_REPEATED_DATA ignoring data with redundant timestamp for frame offset (parent map) at time 1329.600000 according to authority unknown_publisher
         at line 277 in /tmp/binarydeb/ros-noetic-tf2-0.7.10/src/buffer_core.cpp
Warning: TF_REPEATED_DATA ignoring data with redundant timestamp for frame offset (parent map) at time 1329.600000 according to authority unknown_publisher
         at line 277 in /tmp/binarydeb/ros-noetic-tf2-0.7.10/src/buffer_core.cpp
Warning: [INFO] [1788242115.693024415, 1326.100000000]: Call local replanning...
[INFO] [1788242115.716888741, 1326.100000000]: Explore Goal 34 's frontiers...
TF_REPEATED_DATA ignoring data with redundant timestamp for frame odom (parent offset) at time 1329.600000 according to authority unknown_publisherWarning: 
TF_REPEATED_DATA ignoring data with redundant timestamp for frame odom (parent offset) at time 1329.600000 according to authority unknown_publisher         at line 
277         at line  in /tmp/binarydeb/ros-noetic-tf2-0.7.10/src/buffer_core.cpp277
 in /tmp/binarydeb/ros-noetic-tf2-0.7.10/src/buffer_core.cppWarning: 
TF_REPEATED_DATA ignoring data with redundant timestamp for frame offset (parent map) at time 1329.600000 according to authority unknown_publisher
         at line 277 in /tmp/binarydeb/ros-noetic-tf2-0.7.10/src/buffer_core.cppWarning: 
TF_REPEATED_DATA ignoring data with redundant timestamp for frame offset (parent map) at time 1329.600000 according to authority unknown_publisher
         at line 277 in /tmp/binarydeb/ros-noetic-tf2-0.7.10/src/buffer_core.cpp
[WARN] [1788242119.167809709, 1329.600000000]: TF_REPEATED_DATA ignoring data with redundant timestamp for frame odom (parent offset) at time 1329.600000 according to authority unknown_publisher
[WARN] [1788242119.167831926, 1329.600000000]: TF_REPEATED_DATA ignoring data with redundant timestamp for frame offset (parent map) at time 1329.600000 according to authority unknown_publisher
concorde /tmp/tmpjotadq2y/problem.tsp
Host: msxg  Current process id: 196033
Using random seed 1788242119
Number of Nodes: 6
Explicit Lengths (CC_MATRIXNORM)
Optimal Solution: 245.00
Total Running Time: 0.00 (seconds)
concorde /tmp/tmp7n_mykb2/problem.tsp
Host: msxg  Current process id: 196059
Using random seed 1788242122
Number of Nodes: 6
Explicit Lengths (CC_MATRIXNORM)
Optimal Solution: 245.00
Total Running Time: 0.00 (seconds)
[WARN] [1788242122.088305593, 1332.500000000]: No frontier at vertex 34. #Frontier: 0
[WARN] [1788242122.199705965, 1332.600000000]: Missed desired rate of 1.00Hz! Loop actually took 1.3000 seconds!
[WARN] [1788242127.841078623, 1338.200000000]: No frontier at vertex 2. #Frontier: 0
[INFO] [1788242119.570821293, 1330.000000000]: PHASE2C_KEYSCAN_ACCEPTED unique_id=967 state_id=967 sim_time=1330.000000
[INFO] [1788242120.497481390, 1330.900000000]: PHASE2C_KEYSCAN_ACCEPTED unique_id=968 state_id=968 sim_time=1330.900000
[INFO] [1788242121.377713702, 1331.800000000]: PHASE2C_KEYSCAN_ACCEPTED unique_id=969 state_id=969 sim_time=1331.600000
[INFO] [1788242122.081710390, 1332.500000000]: PHASE2C_KEYSCAN_ACCEPTED unique_id=970 state_id=970 sim_time=1332.500000
[INFO] [1788242122.714692784, 1333.100000000]: PHASE2C_KEYSCAN_ACCEPTED unique_id=971 state_id=971 sim_time=1333.100000
[INFO] [1788242123.290531024, 1333.700000000]: PHASE2C_KEYSCAN_ACCEPTED unique_id=972 state_id=972 sim_time=1333.700000
[INFO] [1788242123.896642049, 1334.300000000]: PHASE2C_KEYSCAN_ACCEPTED unique_id=973 state_id=973 sim_time=1334.300000
[INFO] [1788242124.587753717, 1335.000000000]: PHASE2C_KEYSCAN_ACCEPTED unique_id=974 state_id=974 sim_time=1335.000000
[INFO] [1788242125.742026453, 1336.100000000]: PHASE2C_KEYSCAN_ACCEPTED unique_id=975 state_id=975 sim_time=1336.100000
[INFO] [1788242127.370692969, 1337.800000000]: PHASE2C_KEYSCAN_ACCEPTED unique_id=976 state_id=976 sim_time=1337.400000
[INFO] [1788242128.845638511, 1339.200000000]: PHASE2C_KEYSCAN_ACCEPTED unique_id=977 state_id=977 sim_time=1339.200000
[INFO] [1788242129.383439042, 1339.800000000]: PHASE2C_KEYSCAN_ACCEPTED unique_id=978 state_id=978 sim_time=1339.800000
[INFO] [1788242131.015082322, 1341.400000000]: PHASE2C_KEYSCAN_ACCEPTED unique_id=979 state_id=979 sim_time=1341.300000
[INFO] [1788242132.185185554, 1342.600000000]: PHASE2C_KEYSCAN_ACCEPTED unique_id=980 state_id=980 sim_time=1342.600000
Warning: TF_REPEATED_DATA ignoring data with redundant timestamp for frame odom (parent offset) at time 1343.600000 according to authority unknown_publisher
         at line 277 in /tmp/binarydeb/ros-noetic-tf2-0.7.10/src/buffer_core.cpp
Warning: TF_REPEATED_DATA ignoring data with redundant timestamp for frame offset (parent map) at time 1343.600000 according to authority unknown_publisher
         at line 277 in /tmp/binarydeb/ros-noetic-tf2-0.7.10/src/buffer_core.cpp
Warning: TF_REPEATED_DATA ignoring data with redundant timestamp for frame odom (parent offset) at time 1343.600000 according to authority unknown_publisher
         at line 277 in /tmp/binarydeb/ros-noetic-tf2-0.7.10/src/buffer_core.cpp
Warning: [INFO] [1788242119.639366939, 1330.000000000]: Call local replanning...
[INFO] [1788242119.657078684, 1330.000000000]: Explore Goal 34 's frontiers...
[INFO] [1788242122.069894791, 1332.500000000]: Call local replanning...
[INFO] [1788242122.088363148, 1332.500000000]: Set newGoal 2
[INFO] [1788242127.835403111, 1338.200000000]: Call local replanning...
[INFO] [1788242127.841065255, 1338.200000000]: Reach vertex 2
[INFO] [1788242127.841106243, 1338.200000000]: Set newGoal 35
TF_REPEATED_DATA ignoring data with redundant timestamp for frame odom (parent offset) at time 1343.600000 according to authority unknown_publisherWarning: 
TF_REPEATED_DATA ignoring data with redundant timestamp for frame odom (parent offset) at time 1343.600000 according to authority unknown_publisher         at line 
277         at line  in /tmp/binarydeb/ros-noetic-tf2-0.7.10/src/buffer_core.cpp277
 in /tmp/binarydeb/ros-noetic-tf2-0.7.10/src/buffer_core.cpp
Warning: TF_REPEATED_DATA ignoring data with redundant timestamp for frame offset (parent map) at time 1343.600000 according to authority unknown_publisher
         at line 277 in /tmp/binarydeb/ros-noetic-tf2-0.7.10/src/buffer_core.cpp
Warning: TF_REPEATED_DATA ignoring data with redundant timestamp for frame offset (parent map) at time 1343.600000 according to authority unknown_publisher
         at line 277 in /tmp/binarydeb/ros-noetic-tf2-0.7.10/src/buffer_core.cpp
[WARN] [1788242133.168412595, 1343.600000000]: TF_REPEATED_DATA ignoring data with redundant timestamp for frame odom (parent offset) at time 1343.600000 according to authority unknown_publisher
Warning: [WARN] [1788242133.168448223, 1343.600000000]: TF_REPEATED_DATA ignoring data with redundant timestamp for frame offset (parent map) at time 1343.600000 according to authority unknown_publisher
TF_REPEATED_DATA ignoring data with redundant timestamp for frame offset (parent map) at time 1343.600000 according to authority unknown_publisher
         at line 277 in /tmp/binarydeb/ros-noetic-tf2-0.7.10/src/buffer_core.cpp
[INFO] [1788242133.650844638, 1344.000000000]: PHASE2C_KEYSCAN_ACCEPTED unique_id=981 state_id=981 sim_time=1344.000000
[INFO] [1788242141.316337269, 1351.700000000]: PHASE2C_KEYSCAN_ACCEPTED unique_id=982 state_id=982 sim_time=1351.600000
[INFO] [1788242142.394677987, 1352.800000000]: PHASE2C_KEYSCAN_ACCEPTED unique_id=983 state_id=983 sim_time=1352.800000
[INFO] [1788242143.854894164, 1354.200000000]: PHASE2C_KEYSCAN_ACCEPTED unique_id=984 state_id=984 sim_time=1354.200000
[INFO] [1788242145.200888605, 1355.600000000]: PHASE2C_KEYSCAN_ACCEPTED unique_id=985 state_id=985 sim_time=1355.400000
Warning: TF_REPEATED_DATA ignoring data with redundant timestamp for frame odom (parent offset) at time 1355.600000 according to authority unknown_publisher
         at line 277 in /tmp/binarydeb/ros-noetic-tf2-0.7.10/src/buffer_core.cpp
Warning: TF_REPEATED_DATA ignoring data with redundant timestamp for frame offset (parent map) at time 1355.600000 according to authority unknown_publisher
         at line 277 in /tmp/binarydeb/ros-noetic-tf2-0.7.10/src/buffer_core.cpp
Warning: TF_REPEATED_DATA ignoring data with redundant timestamp for frame odom (parent offset) at time 1355.600000 according to authority unknown_publisher
         at line 277 in /tmp/binarydeb/ros-noetic-tf2-0.7.10/src/buffer_core.cpp
Warning: TF_REPEATED_DATA ignoring data with redundant timestamp for frame offset (parent map) at time 1355.600000 according to authority unknown_publisher
         at line 277 in /tmp/binarydeb/ros-noetic-tf2-0.7.10/src/buffer_core.cpp
Warning: TF_REPEATED_DATA ignoring data with redundant timestamp for frame odom (parent offset) at time 1355.600000 according to authority unknown_publisher
[WARN] [1788242145.201278658, 1355.600000000]: TF_REPEATED_DATA ignoring data with redundant timestamp for frame odom (parent offset) at time 1355.600000 according to authority unknown_publisher
         at line 277 in /tmp/binarydeb/ros-noetic-tf2-0.7.10/src/buffer_core.cpp
Warning: TF_REPEATED_DATA ignoring data with redundant timestamp for frame offset (parent map) at time 1355.600000 according to authority unknown_publisher
         at line [WARN] [1788242145.201313713, 1355.600000000]: TF_REPEATED_DATA ignoring data with redundant timestamp for frame offset (parent map) at time 1355.600000 according to authority unknown_publisher
277 in /tmp/binarydeb/ros-noetic-tf2-0.7.10/src/buffer_core.cpp
[INFO] [1788242133.650666304, 1344.000000000]: Next target is loop vertex 35(L)
[INFO] [1788242133.652946921, 1344.000000000]: Set reliable loop closing path from reliable_loop_service.
[INFO] [1788242133.652971515, 1344.000000000]: PHASE2_LOOP_PLANNED vertex=35 source=reliable_loop_service waypoints=7 path=-31.6822777,11.555934;-32.3500824,10.826232;-33.1006927,10.0891104;-33.8274498,9.57596207;-34.7105331,9.17095852;-34.4214821,8.87813568;-33.4399719,8.90563011
[INFO] [1788242133.652984677, 1344.000000000]: Exploration is waiting.
[INFO] [1788242139.827510681, 1350.200000000]: PHASE2_LOOP_EXECUTION_STARTED vertex=35 waypoints=7
Warning: TF_REPEATED_DATA ignoring data with redundant timestamp for frame odom (parent offset) at time 1355.600000 according to authority unknown_publisher
         at line 277 in /tmp/binarydeb/ros-noetic-tf2-0.7.10/src/buffer_core.cpp
Warning: TF_REPEATED_DATA ignoring data with redundant timestamp for frame offset (parent map) at time 1355.600000 according to authority unknown_publisher
         at line 277 in /tmp/binarydeb/ros-noetic-tf2-0.7.10/src/buffer_core.cpp
[INFO] [1788242146.453749315, 1356.800000000]: PHASE2C_KEYSCAN_ACCEPTED unique_id=986 state_id=986 sim_time=1356.800000
[INFO] [1788242147.584549390, 1358.000000000]: PHASE2C_KEYSCAN_ACCEPTED unique_id=987 state_id=987 sim_time=1358.000000
[INFO] [1788242149.062307404, 1359.500000000]: PHASE2C_KEYSCAN_ACCEPTED unique_id=988 state_id=988 sim_time=1359.400000
[INFO] [1788242150.385979779, 1360.800000000]: PHASE2C_KEYSCAN_ACCEPTED unique_id=989 state_id=989 sim_time=1360.800000
[INFO] [1788242152.318477991, 1362.700000000]: PHASE2C_KEYSCAN_ACCEPTED unique_id=990 state_id=990 sim_time=1362.700000
[INFO] [1788242156.726611665, 1367.100000000]: PHASE2C_KEYSCAN_ACCEPTED unique_id=991 state_id=991 sim_time=1367.100000
[INFO] [1788242161.130069921, 1371.500000000]: PHASE2C_KEYSCAN_ACCEPTED unique_id=992 state_id=992 sim_time=1371.500000
Warning: TF_REPEATED_DATA ignoring data with redundant timestamp for frame odom (parent offset) at time 1373.600000 according to authority unknown_publisher
         at line 277 in /tmp/binarydeb/ros-noetic-tf2-0.7.10/src/buffer_core.cpp
Warning: TF_REPEATED_DATA ignoring data with redundant timestamp for frame offset (parent map) at time 1373.600000 according to authority unknown_publisher
         at line 277 in /tmp/binarydeb/ros-noetic-tf2-0.7.10/src/buffer_core.cpp
Warning: TF_REPEATED_DATA ignoring data with redundant timestamp for frame odom (parent offset) at time 1373.600000 according to authority unknown_publisher
         at line 277 in /tmp/binarydeb/ros-noetic-tf2-0.7.10/src/buffer_core.cpp
Warning: TF_REPEATED_DATA ignoring data with redundant timestamp for frame offset (parent map) at time 1373.600000 according to authority unknown_publisher
[WARN] [1788242163.172716559, 1373.600000000]: TF_REPEATED_DATA ignoring data with redundant timestamp for frame odom (parent offset) at time 1373.600000 according to authority unknown_publisher
         at line 277 in /tmp/binarydeb/ros-noetic-tf2-0.7.10/src/buffer_core.cpp
[WARN] [1788242163.172745359, 1373.600000000]: TF_REPEATED_DATA ignoring data with redundant timestamp for frame offset (parent map) at time 1373.600000 according to authority unknown_publisher
Warning: TF_REPEATED_DATA ignoring data with redundant timestamp for frame odom (parent offset) at time 1373.600000 according to authority unknown_publisher
         at line 277 in /tmp/binarydeb/ros-noetic-tf2-0.7.10/src/buffer_core.cpp
Warning: TF_REPEATED_DATA ignoring data with redundant timestamp for frame offset (parent map) at time 1373.600000 according to authority unknown_publisher
         at line 277 in /tmp/binarydeb/ros-noetic-tf2-0.7.10/src/buffer_core.cpp
Warning: TF_REPEATED_DATA ignoring data with redundant timestamp for frame odom (parent offset) at time 1373.600000 according to authority unknown_publisher
         at line 277 in /tmp/binarydeb/ros-noetic-tf2-0.7.10/src/buffer_core.cpp
Warning: TF_REPEATED_DATA ignoring data with redundant timestamp for frame offset (parent map) at time 1373.600000 according to authority unknown_publisher
         at line 277 in /tmp/binarydeb/ros-noetic-tf2-0.7.10/src/buffer_core.cpp
[WARN] [1788242181.230540215, 1391.600000000]: Missed desired rate of 1.00Hz! Loop actually took 1.3000 seconds!
[INFO] [1788242166.001215794, 1376.400000000]: PHASE2C_KEYSCAN_ACCEPTED unique_id=993 state_id=993 sim_time=1376.400000
[INFO] [1788242170.917174712, 1381.300000000]: PHASE2C_KEYSCAN_ACCEPTED unique_id=994 state_id=994 sim_time=1381.300000
[INFO] [1788242175.711555187, 1386.100000000]: PHASE2C_KEYSCAN_ACCEPTED unique_id=995 state_id=995 sim_time=1386.100000
[INFO] [1788242179.205080276, 1389.600000000]: PHASE2C_KEYSCAN_ACCEPTED unique_id=996 state_id=996 sim_time=1389.600000
[INFO] [1788242180.577658286, 1391.000000000]: PHASE2C_KEYSCAN_ACCEPTED unique_id=997 state_id=997 sim_time=1391.000000
[INFO] [1788242181.913162489, 1392.300000000]: PHASE2C_KEYSCAN_ACCEPTED unique_id=998 state_id=998 sim_time=1392.300000
Warning: Warning: TF_REPEATED_DATA ignoring data with redundant timestamp for frame odom (parent offset) at time 1392.600000 according to authority unknown_publisherTF_REPEATED_DATA ignoring data with redundant timestamp for frame odom (parent offset) at time 1392.600000 according to authority unknown_publisher

         at line          at line 277277 in  in /tmp/binarydeb/ros-noetic-tf2-0.7.10/src/buffer_core.cpp/tmp/binarydeb/ros-noetic-tf2-0.7.10/src/buffer_core.cpp

Warning: TF_REPEATED_DATA ignoring data with redundant timestamp for frame offset (parent map) at time 1392.600000 according to authority unknown_publisher
Warning:          at line TF_REPEATED_DATA ignoring data with redundant timestamp for frame offset (parent map) at time 1392.600000 according to authority unknown_publisherWarning: 277
TF_REPEATED_DATA ignoring data with redundant timestamp for frame odom (parent offset) at time 1392.600000 according to authority unknown_publisher in          at line 
/tmp/binarydeb/ros-noetic-tf2-0.7.10/src/buffer_core.cpp277         at line 
 in 277/tmp/binarydeb/ros-noetic-tf2-0.7.10/src/buffer_core.cpp in 
/tmp/binarydeb/ros-noetic-tf2-0.7.10/src/buffer_core.cpp
Warning: TF_REPEATED_DATA ignoring data with redundant timestamp for frame odom (parent offset) at time 1392.600000 according to authority unknown_publisher
         at line 277 in /tmp/binarydeb/ros-noetic-tf2-0.7.10/src/buffer_core.cpp
Warning: TF_REPEATED_DATA ignoring data with redundant timestamp for frame offset (parent map) at time 1392.600000 according to authority unknown_publisher
         at line 277 in /tmp/binarydeb/ros-noetic-tf2-0.7.10/src/buffer_core.cpp
[WARN] [1788242182.165676907, 1392.600000000]: TF_REPEATED_DATA ignoring data with redundant timestamp for frame odom (parent offset) at time 1392.600000 according to authority unknown_publisher
Warning: TF_REPEATED_DATA ignoring data with redundant timestamp for frame offset (parent map) at time 1392.600000 according to authority unknown_publisher
         at line 277 in /tmp/binarydeb/ros-noetic-tf2-0.7.10/src/buffer_core.cpp[WARN] [1788242182.165699976, 1392.600000000]: TF_REPEATED_DATA ignoring data with redundant timestamp for frame offset (parent map) at time 1392.600000 according to authority unknown_publisher

[INFO] [1788242183.678752118, 1394.100000000]: PHASE2C_KEYSCAN_ACCEPTED unique_id=999 state_id=999 sim_time=1394.100000
Warning: TF_REPEATED_DATA ignoring data with redundant timestamp for frame odom (parent offset) at time 1394.600000 according to authority unknown_publisher
         at line 277 in /tmp/binarydeb/ros-noetic-tf2-0.7.10/src/buffer_core.cpp
Warning: TF_REPEATED_DATA ignoring data with redundant timestamp for frame offset (parent map) at time 1394.600000 according to authority unknown_publisher
         at line 277 in /tmp/binarydeb/ros-noetic-tf2-0.7.10/src/buffer_core.cpp[INFO] [1788242182.636906724, 1393.000000000]: PHASE2_LOOP_WAYPOINT_REACHED vertex=35 waypoint=0

Warning: TF_REPEATED_DATA ignoring data with redundant timestamp for frame odom (parent offset) at time 1394.600000 according to authority unknown_publisher
         at line 277 in /tmp/binarydeb/ros-noetic-tf2-0.7.10/src/buffer_core.cpp
Warning: Warning: TF_REPEATED_DATA ignoring data with redundant timestamp for frame odom (parent offset) at time 1394.600000 according to authority unknown_publisherTF_REPEATED_DATA ignoring data with redundant timestamp for frame offset (parent map) at time 1394.600000 according to authority unknown_publisher

         at line          at line 277277 in  in /tmp/binarydeb/ros-noetic-tf2-0.7.10/src/buffer_core.cpp/tmp/binarydeb/ros-noetic-tf2-0.7.10/src/buffer_core.cpp

Warning: TF_REPEATED_DATA ignoring data with redundant timestamp for frame offset (parent map) at time 1394.600000 according to authority unknown_publisher
         at line 277 in /tmp/binarydeb/ros-noetic-tf2-0.7.10/src/buffer_core.cpp
Warning: TF_REPEATED_DATA ignoring data with redundant timestamp for frame odom (parent offset) at time 1394.600000 according to authority unknown_publisher
         at line 277 in /tmp/binarydeb/ros-noetic-tf2-0.7.10/src/buffer_core.cpp
Warning: TF_REPEATED_DATA ignoring data with redundant timestamp for frame offset (parent map) at time 1394.600000 according to authority unknown_publisher
         at line 277 in /tmp/binarydeb/ros-noetic-tf2-0.7.10/src/buffer_core.cpp
[WARN] [1788242184.167611069, 1394.600000000]: TF_REPEATED_DATA ignoring data with redundant timestamp for frame odom (parent offset) at time 1394.600000 according to authority unknown_publisher
[WARN] [1788242184.167643118, 1394.600000000]: TF_REPEATED_DATA ignoring data with redundant timestamp for frame offset (parent map) at time 1394.600000 according to authority unknown_publisher
[WARN] [1788242185.010572005, 1395.400000000]: Missed desired rate of 1.00Hz! Loop actually took 1.1000 seconds!
[INFO] [1788242184.291424618, 1394.700000000]: PHASE2C_KEYSCAN_ACCEPTED unique_id=1000 state_id=1000 sim_time=1394.700000
[INFO] [1788242184.890763722, 1395.300000000]: PHASE2C_KEYSCAN_ACCEPTED unique_id=1001 state_id=1001 sim_time=1395.300000
[INFO] [1788242185.592492884, 1396.000000000]: PHASE2C_KEYSCAN_ACCEPTED unique_id=1002 state_id=1002 sim_time=1396.000000
Warning: TF_REPEATED_DATA ignoring data with redundant timestamp for frame odom (parent offset) at time 1396.600000 according to authority unknown_publisher
         at line 277 in /tmp/binarydeb/ros-noetic-tf2-0.7.10/src/buffer_core.cpp
Warning: TF_REPEATED_DATA ignoring data with redundant timestamp for frame offset (parent map) at time 1396.600000 according to authority unknown_publisher
         at line 277 in /tmp/binarydeb/ros-noetic-tf2-0.7.10/src/buffer_core.cpp
Warning: TF_REPEATED_DATA ignoring data with redundant timestamp for frame odom (parent offset) at time 1396.600000 according to authority unknown_publisher
         at line 277 in /tmp/binarydeb/ros-noetic-tf2-0.7.10/src/buffer_core.cpp
Warning: TF_REPEATED_DATA ignoring data with redundant timestamp for frame odom (parent offset) at time 1396.600000 according to authority unknown_publisherWarning: 
TF_REPEATED_DATA ignoring data with redundant timestamp for frame odom (parent offset) at time 1396.600000 according to authority unknown_publisher         at line 
277         at line  in /tmp/binarydeb/ros-noetic-tf2-0.7.10/src/buffer_core.cpp277
 in /tmp/binarydeb/ros-noetic-tf2-0.7.10/src/buffer_core.cppWarning: 
TF_REPEATED_DATA ignoring data with redundant timestamp for frame offset (parent map) at time 1396.600000 according to authority unknown_publisher
         at line 277 in /tmp/binarydeb/ros-noetic-tf2-0.7.10/src/buffer_core.cpp
Warning: TF_REPEATED_DATA ignoring data with redundant timestamp for frame offset (parent map) at time 1396.600000 according to authority unknown_publisher
         at line 277 in /tmp/binarydeb/ros-noetic-tf2-0.7.10/src/buffer_core.cpp
[WARN] [1788242186.169705891, 1396.600000000]: TF_REPEATED_DATA ignoring data with redundant timestamp for frame odom (parent offset) at time 1396.600000 according to authority unknown_publisher
Warning: TF_REPEATED_DATA ignoring data with redundant timestamp for frame offset (parent map) at time 1396.600000 according to authority unknown_publisher
         at line 277 in /tmp/binarydeb/ros-noetic-tf2-0.7.10/src/buffer_core.cpp[WARN] [1788242186.169736356, 1396.600000000]: TF_REPEATED_DATA ignoring data with redundant timestamp for frame offset (parent map) at time 1396.600000 according to authority unknown_publisher

[INFO] [1788242186.705990729, 1397.100000000]: PHASE2C_KEYSCAN_ACCEPTED unique_id=1003 state_id=1003 sim_time=1397.100000
Warning: TF_REPEATED_DATA ignoring data with redundant timestamp for frame odom (parent offset) at time 1398.600000 according to authority unknown_publisher
         at line 277 in /tmp/binarydeb/ros-noetic-tf2-0.7.10/src/buffer_core.cpp
Warning: TF_REPEATED_DATA ignoring data with redundant timestamp for frame offset (parent map) at time 1398.600000 according to authority unknown_publisher
         at line 277 in /tmp/binarydeb/ros-noetic-tf2-0.7.10/src/buffer_core.cpp
Warning: Warning: TF_REPEATED_DATA ignoring data with redundant timestamp for frame odom (parent offset) at time 1398.600000 according to authority unknown_publisherTF_REPEATED_DATA ignoring data with redundant timestamp for frame odom (parent offset) at time 1398.600000 according to authority unknown_publisher

         at line          at line 277 in 277/tmp/binarydeb/ros-noetic-tf2-0.7.10/src/buffer_core.cpp in 
/tmp/binarydeb/ros-noetic-tf2-0.7.10/src/buffer_core.cpp
Warning: TF_REPEATED_DATA ignoring data with redundant timestamp for frame offset (parent map) at time 1398.600000 according to authority unknown_publisher
         at line Warning: 277TF_REPEATED_DATA ignoring data with redundant timestamp for frame offset (parent map) at time 1398.600000 according to authority unknown_publisher in 
/tmp/binarydeb/ros-noetic-tf2-0.7.10/src/buffer_core.cpp         at line 
277 in /tmp/binarydeb/ros-noetic-tf2-0.7.10/src/buffer_core.cpp
[WARN] [1788242188.167456152, 1398.600000000]: TF_REPEATED_DATA ignoring data with redundant timestamp for frame odom (parent offset) at time 1398.600000 according to authority unknown_publisher
Warning: TF_REPEATED_DATA ignoring data with redundant timestamp for frame odom (parent offset) at time 1398.600000 according to authority unknown_publisher
         at line 277 in /tmp/binarydeb/ros-noetic-tf2-0.7.10/src/buffer_core.cpp
Warning: TF_REPEATED_DATA ignoring data with redundant timestamp for frame offset (parent map) at time 1398.600000 according to authority unknown_publisher[WARN] [1788242188.167499536, 1398.600000000]: TF_REPEATED_DATA ignoring data with redundant timestamp for frame offset (parent map) at time 1398.600000 according to authority unknown_publisher

         at line 277 in /tmp/binarydeb/ros-noetic-tf2-0.7.10/src/buffer_core.cpp
[WARN] [1788242188.996995925, 1399.400000000]: Missed desired rate of 1.00Hz! Loop actually took 1.1000 seconds!
Warning: [WARN] [1788242190.218315631, 1400.600000000]: TF_REPEATED_DATA ignoring data with redundant timestamp for frame odom (parent offset) at time 1400.600000 according to authority unknown_publisher
[INFO] [1788242188.287440630, 1398.700000000]: PHASE2C_KEYSCAN_ACCEPTED unique_id=1004 state_id=1004 sim_time=1398.700000
[INFO] [1788242190.218064327, 1400.600000000]: PHASE2C_KEYSCAN_ACCEPTED unique_id=1005 state_id=1005 sim_time=1400.400000
TF_REPEATED_DATA ignoring data with redundant timestamp for frame odom (parent offset) at time 1400.600000 according to authority unknown_publisherWarning: 
TF_REPEATED_DATA ignoring data with redundant timestamp for frame odom (parent offset) at time 1400.600000 according to authority unknown_publisher         at line 
         at line 277277 in  in [WARN] [1788242190.218339322, 1400.600000000]: TF_REPEATED_DATA ignoring data with redundant timestamp for frame offset (parent map) at time 1400.600000 according to authority unknown_publisher
/tmp/binarydeb/ros-noetic-tf2-0.7.10/src/buffer_core.cpp/tmp/binarydeb/ros-noetic-tf2-0.7.10/src/buffer_core.cppWarning: 

TF_REPEATED_DATA ignoring data with redundant timestamp for frame odom (parent offset) at time 1400.600000 according to authority unknown_publisher
Warning:          at line TF_REPEATED_DATA ignoring data with redundant timestamp for frame offset (parent map) at time 1400.600000 according to authority unknown_publisherWarning: 
277TF_REPEATED_DATA ignoring data with redundant timestamp for frame offset (parent map) at time 1400.600000 according to authority unknown_publisher         at line  in 
277/tmp/binarydeb/ros-noetic-tf2-0.7.10/src/buffer_core.cpp         at line  in 
277/tmp/binarydeb/ros-noetic-tf2-0.7.10/src/buffer_core.cpp in 
Warning: /tmp/binarydeb/ros-noetic-tf2-0.7.10/src/buffer_core.cppTF_REPEATED_DATA ignoring data with redundant timestamp for frame offset (parent map) at time 1400.600000 according to authority unknown_publisher

         at line 277 in /tmp/binarydeb/ros-noetic-tf2-0.7.10/src/buffer_core.cpp
Warning: TF_REPEATED_DATA ignoring data with redundant timestamp for frame odom (parent offset) at time 1400.600000 according to authority unknown_publisher
         at line 277 in /tmp/binarydeb/ros-noetic-tf2-0.7.10/src/buffer_core.cpp
Warning: TF_REPEATED_DATA ignoring data with redundant timestamp for frame offset (parent map) at time 1400.600000 according to authority unknown_publisher
         at line 277 in /tmp/binarydeb/ros-noetic-tf2-0.7.10/src/buffer_core.cpp
[WARN] [1788242192.990508916, 1403.400000000]: Missed desired rate of 1.00Hz! Loop actually took 1.1000 seconds!
[WARN] [1788242195.205773289, 1405.600000000]: Missed desired rate of 1.00Hz! Loop actually took 1.3000 seconds!
[INFO] [1788242190.676346123, 1401.100000000]: PHASE2C_KEYSCAN_ACCEPTED unique_id=1006 state_id=1006 sim_time=1401.100000
[INFO] [1788242191.295545168, 1401.700000000]: PHASE2C_KEYSCAN_ACCEPTED unique_id=1007 state_id=1007 sim_time=1401.700000
[INFO] [1788242192.287408171, 1402.700000000]: PHASE2C_KEYSCAN_ACCEPTED unique_id=1008 state_id=1008 sim_time=1402.400000
[INFO] [1788242192.680912194, 1403.100000000]: PHASE2C_KEYSCAN_ACCEPTED unique_id=1009 state_id=1009 sim_time=1403.100000
[INFO] [1788242193.288852368, 1403.700000000]: PHASE2C_KEYSCAN_ACCEPTED unique_id=1010 state_id=1010 sim_time=1403.700000
[INFO] [1788242195.015319857, 1405.400000000]: PHASE2C_KEYSCAN_ACCEPTED unique_id=1011 state_id=1011 sim_time=1405.300000
[INFO] [1788242195.891505195, 1406.300000000]: PHASE2C_KEYSCAN_ACCEPTED unique_id=1012 state_id=1012 sim_time=1406.300000
Warning: TF_REPEATED_DATA ignoring data with redundant timestamp for frame odom (parent offset) at time 1406.600000 according to authority unknown_publisher
         at line 277 in /tmp/binarydeb/ros-noetic-tf2-0.7.10/src/buffer_core.cpp
Warning: TF_REPEATED_DATA ignoring data with redundant timestamp for frame offset (parent map) at time 1406.600000 according to authority unknown_publisher
         at line 277 in /tmp/binarydeb/ros-noetic-tf2-0.7.10/src/buffer_core.cpp
Warning: TF_REPEATED_DATA ignoring data with redundant timestamp for frame odom (parent offset) at time 1406.600000 according to authority unknown_publisher
         at line 277 in /tmp/binarydeb/ros-noetic-tf2-0.7.10/src/buffer_core.cpp
Warning: TF_REPEATED_DATA ignoring data with redundant timestamp for frame offset (parent map) at time 1406.600000 according to authority unknown_publisher
         at line 277 in /tmp/binarydeb/ros-noetic-tf2-0.7.10/src/buffer_core.cpp
Warning: TF_REPEATED_DATA ignoring data with redundant timestamp for frame odom (parent offset) at time 1406.600000 according to authority unknown_publisher
         at line 277 in /tmp/binarydeb/ros-noetic-tf2-0.7.10/src/buffer_core.cpp
Warning: TF_REPEATED_DATA ignoring data with redundant timestamp for frame offset (parent map) at time 1406.600000 according to authority unknown_publisher
         at line 277 in /tmp/binarydeb/ros-noetic-tf2-0.7.10/src/buffer_core.cpp
[WARN] [1788242196.179623857, 1406.600000000]: TF_REPEATED_DATA ignoring data with redundant timestamp for frame odom (parent offset) at time 1406.600000 according to authority unknown_publisher
[WARN] [1788242196.179658384, 1406.600000000]: TF_REPEATED_DATA ignoring data with redundant timestamp for frame offset (parent map) at time 1406.600000 according to authority unknown_publisher
Warning: TF_REPEATED_DATA ignoring data with redundant timestamp for frame odom (parent offset) at time 1406.600000 according to authority unknown_publisher
         at line 277 in /tmp/binarydeb/ros-noetic-tf2-0.7.10/src/buffer_core.cpp
Warning: TF_REPEATED_DATA ignoring data with redundant timestamp for frame offset (parent map) at time 1406.600000 according to authority unknown_publisher
         at line 277 in /tmp/binarydeb/ros-noetic-tf2-0.7.10/src/buffer_core.cpp
[WARN] [1788242197.011036003, 1407.400000000]: Missed desired rate of 1.00Hz! Loop actually took 1.1000 seconds!
[INFO] [1788242196.483100477, 1406.900000000]: PHASE2C_KEYSCAN_ACCEPTED unique_id=1013 state_id=1013 sim_time=1406.900000
[INFO] [1788242197.177951219, 1407.600000000]: PHASE2C_KEYSCAN_ACCEPTED unique_id=1014 state_id=1014 sim_time=1407.500000
Warning: TF_REPEATED_DATA ignoring data with redundant timestamp for frame odom (parent offset) at time 1408.600000 according to authority unknown_publisher
         at line 277 in /tmp/binarydeb/ros-noetic-tf2-0.7.10/src/buffer_core.cpp
Warning: TF_REPEATED_DATA ignoring data with redundant timestamp for frame offset (parent map) at time 1408.600000 according to authority unknown_publisher
         at line 277 in /tmp/binarydeb/ros-noetic-tf2-0.7.10/src/buffer_core.cpp
Warning: TF_REPEATED_DATA ignoring data with redundant timestamp for frame odom (parent offset) at time 1408.600000 according to authority unknown_publisher
         at line 277 in /tmp/binarydeb/ros-noetic-tf2-0.7.10/src/buffer_core.cpp
Warning: TF_REPEATED_DATA ignoring data with redundant timestamp for frame offset (parent map) at time 1408.600000 according to authority unknown_publisher
         at line 277 in /tmp/binarydeb/ros-noetic-tf2-0.7.10/src/buffer_core.cpp
Warning: Warning: TF_REPEATED_DATA ignoring data with redundant timestamp for frame odom (parent offset) at time 1408.600000 according to authority unknown_publisherTF_REPEATED_DATA ignoring data with redundant timestamp for frame odom (parent offset) at time 1408.600000 according to authority unknown_publisher

         at line          at line 277 in 277/tmp/binarydeb/ros-noetic-tf2-0.7.10/src/buffer_core.cpp in 
/tmp/binarydeb/ros-noetic-tf2-0.7.10/src/buffer_core.cpp
Warning: TF_REPEATED_DATA ignoring data with redundant timestamp for frame offset (parent map) at time 1408.600000 according to authority unknown_publisher
Warning:          at line TF_REPEATED_DATA ignoring data with redundant timestamp for frame offset (parent map) at time 1408.600000 according to authority unknown_publisher277
 in          at line /tmp/binarydeb/ros-noetic-tf2-0.7.10/src/buffer_core.cpp277
 in /tmp/binarydeb/ros-noetic-tf2-0.7.10/src/buffer_core.cpp
[WARN] [1788242198.174907556, 1408.600000000]: TF_REPEATED_DATA ignoring data with redundant timestamp for frame odom (parent offset) at time 1408.600000 according to authority unknown_publisher
[WARN] [1788242198.174941893, 1408.600000000]: TF_REPEATED_DATA ignoring data with redundant timestamp for frame offset (parent map) at time 1408.600000 according to authority unknown_publisher
[INFO] [1788242198.782437320, 1409.200000000]: PHASE2C_KEYSCAN_ACCEPTED unique_id=1015 state_id=1015 sim_time=1409.200000
[INFO] [1788242199.561884895, 1410.000000000]: PHASE2C_KEYSCAN_ACCEPTED unique_id=1016 state_id=1016 sim_time=1409.900000
Warning: TF_REPEATED_DATA ignoring data with redundant timestamp for frame odom (parent offset) at time 1410.600000 according to authority unknown_publisher
         at line 277 in /tmp/binarydeb/ros-noetic-tf2-0.7.10/src/buffer_core.cpp
Warning: TF_REPEATED_DATA ignoring data with redundant timestamp for frame offset (parent map) at time 1410.600000 according to authority unknown_publisher
         at line 277 in /tmp/binarydeb/ros-noetic-tf2-0.7.10/src/buffer_core.cpp
Warning: TF_REPEATED_DATA ignoring data with redundant timestamp for frame odom (parent offset) at time 1410.600000 according to authority unknown_publisher
[INFO] [1788242198.648030147, 1409.000000000]: PHASE2_LOOP_WAYPOINT_REACHED vertex=35 waypoint=1
         at line Warning: 277TF_REPEATED_DATA ignoring data with redundant timestamp for frame odom (parent offset) at time 1410.600000 according to authority unknown_publisher in 
/tmp/binarydeb/ros-noetic-tf2-0.7.10/src/buffer_core.cpp         at line 
277 in /tmp/binarydeb/ros-noetic-tf2-0.7.10/src/buffer_core.cpp
Warning: Warning: TF_REPEATED_DATA ignoring data with redundant timestamp for frame offset (parent map) at time 1410.600000 according to authority unknown_publisherTF_REPEATED_DATA ignoring data with redundant timestamp for frame offset (parent map) at time 1410.600000 according to authority unknown_publisher

         at line          at line 277277 in  in /tmp/binarydeb/ros-noetic-tf2-0.7.10/src/buffer_core.cpp/tmp/binarydeb/ros-noetic-tf2-0.7.10/src/buffer_core.cpp

Warning: TF_REPEATED_DATA ignoring data with redundant timestamp for frame odom (parent offset) at time 1410.600000 according to authority unknown_publisher
         at line 277 in /tmp/binarydeb/ros-noetic-tf2-0.7.10/src/buffer_core.cpp
Warning: TF_REPEATED_DATA ignoring data with redundant timestamp for frame offset (parent map) at time 1410.600000 according to authority unknown_publisher
         at line 277 in /tmp/binarydeb/ros-noetic-tf2-0.7.10/src/buffer_core.cpp
[WARN] [1788242200.173018188, 1410.600000000]: TF_REPEATED_DATA ignoring data with redundant timestamp for frame odom (parent offset) at time 1410.600000 according to authority unknown_publisher
[WARN] [1788242200.173041603, 1410.600000000]: TF_REPEATED_DATA ignoring data with redundant timestamp for frame offset (parent map) at time 1410.600000 according to authority unknown_publisher
[WARN] [1788242201.006103558, 1411.400000000]: Missed desired rate of 1.00Hz! Loop actually took 1.1000 seconds!
[INFO] [1788242200.307076073, 1410.700000000]: PHASE2C_KEYSCAN_ACCEPTED unique_id=1017 state_id=1017 sim_time=1410.700000
[INFO] [1788242200.907674598, 1411.300000000]: PHASE2C_KEYSCAN_ACCEPTED unique_id=1018 state_id=1018 sim_time=1411.300000
[INFO] [1788242201.849078815, 1412.200000000]: PHASE2C_KEYSCAN_ACCEPTED unique_id=1019 state_id=1019 sim_time=1412.100000
[INFO] [1788242203.207815881, 1413.600000000]: PHASE2C_KEYSCAN_ACCEPTED unique_id=1020 state_id=1020 sim_time=1413.600000
Warning: TF_REPEATED_DATA ignoring data with redundant timestamp for frame odom (parent offset) at time 1414.600000 according to authority unknown_publisher
         at line 277 in /tmp/binarydeb/ros-noetic-tf2-0.7.10/src/buffer_core.cpp
Warning: TF_REPEATED_DATA ignoring data with redundant timestamp for frame offset (parent map) at time 1414.600000 according to authority unknown_publisher
         at line 277 in /tmp/binarydeb/ros-noetic-tf2-0.7.10/src/buffer_core.cpp
Warning: [INFO] [1788242202.857655893, 1413.200000000]: PHASE2_LOOP_WAYPOINT_REACHED vertex=35 waypoint=2
TF_REPEATED_DATA ignoring data with redundant timestamp for frame odom (parent offset) at time 1414.600000 according to authority unknown_publisherWarning: 
TF_REPEATED_DATA ignoring data with redundant timestamp for frame odom (parent offset) at time 1414.600000 according to authority unknown_publisher         at line 
277         at line  in 277[WARN] [1788242204.178169510, 1414.600000000]: TF_REPEATED_DATA ignoring data with redundant timestamp for frame odom (parent offset) at time 1414.600000 according to authority unknown_publisher
/tmp/binarydeb/ros-noetic-tf2-0.7.10/src/buffer_core.cpp in 
/tmp/binarydeb/ros-noetic-tf2-0.7.10/src/buffer_core.cpp
[WARN] [1788242204.178193900, 1414.600000000]: TF_REPEATED_DATA ignoring data with redundant timestamp for frame offset (parent map) at time 1414.600000 according to authority unknown_publisher
Warning: TF_REPEATED_DATA ignoring data with redundant timestamp for frame offset (parent map) at time 1414.600000 according to authority unknown_publisherWarning: 
TF_REPEATED_DATA ignoring data with redundant timestamp for frame offset (parent map) at time 1414.600000 according to authority unknown_publisher         at line 
277         at line  in 277/tmp/binarydeb/ros-noetic-tf2-0.7.10/src/buffer_core.cpp in 
/tmp/binarydeb/ros-noetic-tf2-0.7.10/src/buffer_core.cpp
Warning: TF_REPEATED_DATA ignoring data with redundant timestamp for frame odom (parent offset) at time 1414.600000 according to authority unknown_publisher
         at line 277 in /tmp/binarydeb/ros-noetic-tf2-0.7.10/src/buffer_core.cpp
Warning: TF_REPEATED_DATA ignoring data with redundant timestamp for frame offset (parent map) at time 1414.600000 according to authority unknown_publisher
         at line 277 in /tmp/binarydeb/ros-noetic-tf2-0.7.10/src/buffer_core.cpp
[INFO] [1788242204.529441653, 1414.900000000]: PHASE2C_KEYSCAN_ACCEPTED unique_id=1021 state_id=1021 sim_time=1414.800000
[INFO] [1788242205.901259861, 1416.300000000]: PHASE2C_KEYSCAN_ACCEPTED unique_id=1022 state_id=1022 sim_time=1416.300000
Warning: TF_REPEATED_DATA ignoring data with redundant timestamp for frame odom (parent offset) at time 1416.600000 according to authority unknown_publisher
         at line 277 in /tmp/binarydeb/ros-noetic-tf2-0.7.10/src/buffer_core.cpp
Warning: TF_REPEATED_DATA ignoring data with redundant timestamp for frame offset (parent map) at time 1416.600000 according to authority unknown_publisher
         at line 277 in /tmp/binarydeb/ros-noetic-tf2-0.7.10/src/buffer_core.cpp
Warning: TF_REPEATED_DATA ignoring data with redundant timestamp for frame odom (parent offset) at time 1416.600000 according to authority unknown_publisher
         at line 277 in /tmp/binarydeb/ros-noetic-tf2-0.7.10/src/buffer_core.cpp
Warning: TF_REPEATED_DATA ignoring data with redundant timestamp for frame offset (parent map) at time 1416.600000 according to authority unknown_publisher
         at line 277 in /tmp/binarydeb/ros-noetic-tf2-0.7.10/src/buffer_core.cpp
[INFO] [1788242204.654469935, 1415.000000000]: PHASE2_LOOP_WAYPOINT_REACHED vertex=35 waypoint=3
Warning: Warning: TF_REPEATED_DATA ignoring data with redundant timestamp for frame odom (parent offset) at time 1416.600000 according to authority unknown_publisherTF_REPEATED_DATA ignoring data with redundant timestamp for frame odom (parent offset) at time 1416.600000 according to authority unknown_publisher

         at line          at line 277277 in [WARN] [1788242206.172256720, 1416.600000000]: TF_REPEATED_DATA ignoring data with redundant timestamp for frame odom (parent offset) at time 1416.600000 according to authority unknown_publisher
 in /tmp/binarydeb/ros-noetic-tf2-0.7.10/src/buffer_core.cpp/tmp/binarydeb/ros-noetic-tf2-0.7.10/src/buffer_core.cpp

Warning: TF_REPEATED_DATA ignoring data with redundant timestamp for frame offset (parent map) at time 1416.600000 according to authority unknown_publisherWarning: 
TF_REPEATED_DATA ignoring data with redundant timestamp for frame offset (parent map) at time 1416.600000 according to authority unknown_publisher         at line 
277         at line  in [WARN] [1788242206.172296005, 1416.600000000]: TF_REPEATED_DATA ignoring data with redundant timestamp for frame offset (parent map) at time 1416.600000 according to authority unknown_publisher
277/tmp/binarydeb/ros-noetic-tf2-0.7.10/src/buffer_core.cpp in 
/tmp/binarydeb/ros-noetic-tf2-0.7.10/src/buffer_core.cpp
[INFO] [1788242207.765072280, 1418.200000000]: PHASE2C_KEYSCAN_ACCEPTED unique_id=1023 state_id=1023 sim_time=1418.100000
Warning: TF_REPEATED_DATA ignoring data with redundant timestamp for frame odom (parent offset) at time 1418.600000 according to authority unknown_publisher
         at line 277 in /tmp/binarydeb/ros-noetic-tf2-0.7.10/src/buffer_core.cpp
Warning: TF_REPEATED_DATA ignoring data with redundant timestamp for frame offset (parent map) at time 1418.600000 according to authority unknown_publisher
         at line 277 in /tmp/binarydeb/ros-noetic-tf2-0.7.10/src/buffer_core.cpp
[WARN] [1788242208.184896991, 1418.600000000]: TF_REPEATED_DATA ignoring data with redundant timestamp for frame odom (parent offset) at time 1418.600000 according to authority unknown_publisher
Warning: TF_REPEATED_DATA ignoring data with redundant timestamp for frame odom (parent offset) at time 1418.600000 according to authority unknown_publisher
         at line 277 in /tmp/binarydeb/ros-noetic-tf2-0.7.10/src/buffer_core.cpp
Warning: TF_REPEATED_DATA ignoring data with redundant timestamp for frame offset (parent map) at time 1418.600000 according to authority unknown_publisher[WARN] [1788242208.184923304, 1418.600000000]: TF_REPEATED_DATA ignoring data with redundant timestamp for frame offset (parent map) at time 1418.600000 according to authority unknown_publisher

         at line 277 in /tmp/binarydeb/ros-noetic-tf2-0.7.10/src/buffer_core.cpp
[INFO] [1788242206.641980332, 1417.000000000]: PHASE2_LOOP_WAYPOINT_REACHED vertex=35 waypoint=4
Warning: TF_REPEATED_DATA ignoring data with redundant timestamp for frame odom (parent offset) at time 1418.600000 according to authority unknown_publisher
         at line 277 in /tmp/binarydeb/ros-noetic-tf2-0.7.10/src/buffer_core.cpp
Warning: TF_REPEATED_DATA ignoring data with redundant timestamp for frame offset (parent map) at time 1418.600000 according to authority unknown_publisher
         at line 277 in /tmp/binarydeb/ros-noetic-tf2-0.7.10/src/buffer_core.cppWarning: 
TF_REPEATED_DATA ignoring data with redundant timestamp for frame odom (parent offset) at time 1418.600000 according to authority unknown_publisher
         at line 277 in /tmp/binarydeb/ros-noetic-tf2-0.7.10/src/buffer_core.cpp
Warning: TF_REPEATED_DATA ignoring data with redundant timestamp for frame offset (parent map) at time 1418.600000 according to authority unknown_publisher
         at line 277 in /tmp/binarydeb/ros-noetic-tf2-0.7.10/src/buffer_core.cpp
[WARN] [1788242209.012983245, 1419.400000000]: Missed desired rate of 1.00Hz! Loop actually took 1.1000 seconds!
[WARN] [1788242211.233720333, 1421.600000000]: Missed desired rate of 1.00Hz! Loop actually took 1.3000 seconds!
double free or corruption (fasttop)
[INFO] [1788242211.124115536, 1421.500000000]: PHASE2_LOOP_WAYPOINT_REACHED vertex=35 waypoint=5
[INFO] [1788242212.874412399, 1423.300000000]: PHASE2_LOOP_WAYPOINT_REACHED vertex=35 waypoint=6
[INFO] [1788242212.874433021, 1423.300000000]: PHASE2_LOOP_EXECUTION_FINISHED vertex=35 waypoints=7
[INFO] [1788242212.878424025, 1423.300000000]: Exploration has finished.
[WARN] [1788240788.992655, 0.000000]: Robot Start At 20
[WARN] [1788240789.048851, 0.000000]: Tsp problem solved by Concorde. 0.0475001335144043
<class 'networkx.utils.decorators.argmap'> compilation 4:4: FutureWarning: laplacian_matrix will return a scipy.sparse array instead of a matrix in Networkx 3.0.
[ERROR] [1788240808.018095, 18.400000]: Local path replan get wrong start and end vertex! Specify_end: True
[ERROR] [1788240808.019040, 18.400000]: new_local_path: [37, 20, 38, 19, 6, 1, 35, 0, 8, 9, 36, 10, 18, 11, 12, 16, 15, 14, 13, 17]
[ERROR] [1788240814.038440, 24.400000]: Local path replan get wrong start and end vertex! Specify_end: True
[ERROR] [1788240814.040165, 24.400000]: new_local_path: [37, 20, 38, 19, 6, 1, 35, 0, 8, 36, 9, 10, 18, 11, 17, 12, 16, 15, 14, 13]
[ERROR] [1788240820.041841, 30.400000]: Local path replan get wrong start and end vertex! Specify_end: True
[ERROR] [1788240820.043051, 30.400000]: new_local_path: [37, 20, 38, 19, 6, 1, 35, 0, 8, 36, 9, 10, 18, 11, 13, 15, 14, 16, 12, 17]
[ERROR] [1788240826.065351, 36.500000]: Local path replan get wrong start and end vertex! Specify_end: True
[ERROR] [1788240826.066321, 36.500000]: new_local_path: [37, 20, 38, 19, 6, 35, 1, 0, 8, 9, 36, 10, 18, 11, 12, 16, 15, 14, 13, 17]
[ERROR] [1788240832.114561, 42.500000]: Local path replan get wrong start and end vertex! Specify_end: True
[ERROR] [1788240832.115566, 42.500000]: new_local_path: [37, 20, 38, 19, 6, 35, 1, 0, 8, 9, 36, 10, 18, 11, 12, 17, 13, 14, 15, 16]
[WARN] [1788240850.140742, 60.500000]: New local path obtained!
[ERROR] [1788241491.705638, 702.100000]: Local path replan get wrong start and end vertex! Specify_end: True
[ERROR] [1788241491.707245, 702.100000]: new_local_path: [26, 38, 33, 28, 32, 30, 29, 31, 27, 25, 23, 22, 24, 21]
[ERROR] [1788241497.317969, 707.700000]: Local path replan get wrong start and end vertex! Specify_end: True
[ERROR] [1788241497.319237, 707.700000]: new_local_path: [26, 38, 33, 28, 32, 30, 29, 31, 27, 25, 24, 21, 22, 23]
[ERROR] [1788241503.594579, 714.000000]: Local path replan get wrong start and end vertex! Specify_end: True
[ERROR] [1788241503.596262, 714.000000]: new_local_path: [26, 38, 33, 28, 30, 32, 29, 31, 27, 25, 24, 23, 22, 21]
[ERROR] [1788241509.441581, 719.800000]: Local path replan get wrong start and end vertex! Specify_end: True
[ERROR] [1788241509.443544, 719.800000]: new_local_path: [26, 38, 33, 28, 32, 30, 29, 31, 27, 25, 23, 24, 22, 21]
[ERROR] [1788241511.631575, 722.000000]: Local path replan get wrong start and end vertex! Specify_end: True
[ERROR] [1788241511.632968, 722.000000]: new_local_path: [26, 38, 33, 28, 30, 32, 29, 31, 27, 25, 24, 23, 21, 22]
[ERROR] [1788241517.607386, 728.000000]: Local path replan get wrong start and end vertex! Specify_end: True
[ERROR] [1788241517.609010, 728.000000]: new_local_path: [26, 38, 33, 28, 32, 30, 29, 31, 27, 25, 23, 22, 24, 21]
[ERROR] [1788241523.340800, 733.700000]: Local path replan get wrong start and end vertex! Specify_end: True
[ERROR] [1788241523.342578, 733.700000]: new_local_path: [26, 38, 33, 28, 30, 32, 29, 31, 27, 25, 23, 22, 24, 21]
[WARN] [1788241535.546630, 745.900000]: New local path obtained!
[INFO] [1788242093.076913, 1303.500000]: curr path length: 47, is_loop length: 47
[INFO] [1788242093.077997, 1303.500000]: Send new plan: 20 37 17 16 14 15 13 12 17 11 18 10 9 36 8 0 35 1 6 19 38 20 20(L) 38 26 21 23 22 24 25 27 31 29 32 30 28 33 38 38(L) 33 7 5 4 3 34  ---> 2 35(L) 
[INFO] [1788242096.065103, 1306.500000]: Replanning request. curr_vertex_idx: 44
[INFO] [1788242096.065950, 1306.500000]:                     covered_vertices: ()
[INFO] [1788242096.066691, 1306.500000]: Handle local replanning...
[INFO] [1788242096.067421, 1306.500000]: Local path to replan: [34, 2, 35]
Original tsp path is better!
[INFO] [1788242096.080171, 1306.500000]: curr path length: 47, is_loop length: 47
[INFO] [1788242096.081269, 1306.500000]: Send new plan: 20 37 17 16 14 15 13 12 17 11 18 10 9 36 8 0 35 1 6 19 38 20 20(L) 38 26 21 23 22 24 25 27 31 29 32 30 28 33 38 38(L) 33 7 5 4 3 34  ---> 2 35(L) 
[INFO] [1788242097.635297, 1308.000000]: Replanning request. curr_vertex_idx: 44
[INFO] [1788242097.636179, 1308.000000]:                     covered_vertices: ()
[INFO] [1788242097.636927, 1308.000000]: Handle local replanning...
[INFO] [1788242097.637640, 1308.000000]: Local path to replan: [34, 2, 35]
Original tsp path is better!
[INFO] [1788242097.649904, 1308.000000]: curr path length: 47, is_loop length: 47
[INFO] [1788242097.650918, 1308.000000]: Send new plan: 20 37 17 16 14 15 13 12 17 11 18 10 9 36 8 0 35 1 6 19 38 20 20(L) 38 26 21 23 22 24 25 27 31 29 32 30 28 33 38 38(L) 33 7 5 4 3 34  ---> 2 35(L) 
[INFO] [1788242099.869856, 1310.300000]: Replanning request. curr_vertex_idx: 44
[INFO] [1788242099.870731, 1310.300000]:                     covered_vertices: ()
[INFO] [1788242099.871471, 1310.300000]: Handle local replanning...
[INFO] [1788242099.872156, 1310.300000]: Local path to replan: [34, 2, 35]
Original tsp path is better!
[INFO] [1788242099.883724, 1310.300000]: curr path length: 47, is_loop length: 47
[INFO] [1788242099.885008, 1310.300000]: Send new plan: 20 37 17 16 14 15 13 12 17 11 18 10 9 36 8 0 35 1 6 19 38 20 20(L) 38 26 21 23 22 24 25 27 31 29 32 30 28 33 38 38(L) 33 7 5 4 3 34  ---> 2 35(L) 
[INFO] [1788242101.436340, 1311.800000]: Replanning request. curr_vertex_idx: 44
[INFO] [1788242101.437178, 1311.800000]:                     covered_vertices: ()
[INFO] [1788242101.437824, 1311.800000]: Handle local replanning...
[INFO] [1788242101.438289, 1311.800000]: Local path to replan: [34, 2, 35]
Original tsp path is better!
[INFO] [1788242101.449743, 1311.800000]: curr path length: 47, is_loop length: 47
[INFO] [1788242101.450769, 1311.800000]: Send new plan: 20 37 17 16 14 15 13 12 17 11 18 10 9 36 8 0 35 1 6 19 38 20 20(L) 38 26 21 23 22 24 25 27 31 29 32 30 28 33 38 38(L) 33 7 5 4 3 34  ---> 2 35(L) 
[INFO] [1788242103.831871, 1314.200000]: Replanning request. curr_vertex_idx: 44
[INFO] [1788242103.832582, 1314.200000]:                     covered_vertices: ()
[INFO] [1788242103.833239, 1314.200000]: Handle local replanning...
[INFO] [1788242103.833950, 1314.200000]: Local path to replan: [34, 2, 35]
Original tsp path is better!
[INFO] [1788242103.845793, 1314.200000]: curr path length: 47, is_loop length: 47
[INFO] [1788242103.847234, 1314.200000]: Send new plan: 20 37 17 16 14 15 13 12 17 11 18 10 9 36 8 0 35 1 6 19 38 20 20(L) 38 26 21 23 22 24 25 27 31 29 32 30 28 33 38 38(L) 33 7 5 4 3 34  ---> 2 35(L) 
[INFO] [1788242110.076027, 1320.500000]: Replanning request. curr_vertex_idx: 44
[INFO] [1788242110.076849, 1320.500000]:                     covered_vertices: ()
[INFO] [1788242110.077447, 1320.500000]: Handle local replanning...
[INFO] [1788242110.077983, 1320.500000]: Local path to replan: [34, 2, 35]
Original tsp path is better!
[INFO] [1788242110.090057, 1320.500000]: curr path length: 47, is_loop length: 47
[INFO] [1788242110.091241, 1320.500000]: Send new plan: 20 37 17 16 14 15 13 12 17 11 18 10 9 36 8 0 35 1 6 19 38 20 20(L) 38 26 21 23 22 24 25 27 31 29 32 30 28 33 38 38(L) 33 7 5 4 3 34  ---> 2 35(L) 
[INFO] [1788242114.584112, 1325.000000]: Really visited vertices: 20 37 17 16 15 14 13 12 17 11 18 36 9 36 8 0 35 1 35 6 19 18 37 20 38 20 23 26 23 21 22 21 24 25 27 31 30 29 30 32 29 28 33 38 7 5 4 3 34 
[INFO] [1788242115.694300, 1326.100000]: Replanning request. curr_vertex_idx: 44
[INFO] [1788242115.695073, 1326.100000]:                     covered_vertices: ()
[INFO] [1788242115.695637, 1326.100000]: Handle local replanning...
[INFO] [1788242115.696333, 1326.100000]: Local path to replan: [34, 2, 35]
Original tsp path is better!
[INFO] [1788242115.708124, 1326.100000]: curr path length: 47, is_loop length: 47
[INFO] [1788242115.709007, 1326.100000]: Send new plan: 20 37 17 16 14 15 13 12 17 11 18 10 9 36 8 0 35 1 6 19 38 20 20(L) 38 26 21 23 22 24 25 27 31 29 32 30 28 33 38 38(L) 33 7 5 4 3 34  ---> 2 35(L) 
[INFO] [1788242119.640465, 1330.000000]: Replanning request. curr_vertex_idx: 44
[INFO] [1788242119.641225, 1330.000000]:                     covered_vertices: ()
[INFO] [1788242119.641891, 1330.000000]: Handle local replanning...
[INFO] [1788242119.642438, 1330.000000]: Local path to replan: [34, 2, 35]
Original tsp path is better!
[INFO] [1788242119.653809, 1330.000000]: curr path length: 47, is_loop length: 47
[INFO] [1788242119.654773, 1330.000000]: Send new plan: 20 37 17 16 14 15 13 12 17 11 18 10 9 36 8 0 35 1 6 19 38 20 20(L) 38 26 21 23 22 24 25 27 31 29 32 30 28 33 38 38(L) 33 7 5 4 3 34  ---> 2 35(L) 
[INFO] [1788242122.070820, 1332.500000]: Replanning request. curr_vertex_idx: 44
[INFO] [1788242122.072033, 1332.500000]:                     covered_vertices: ()
[INFO] [1788242122.072819, 1332.500000]: Handle local replanning...
[INFO] [1788242122.073802, 1332.500000]: Local path to replan: [34, 2, 35]
Original tsp path is better!
[INFO] [1788242122.085940, 1332.500000]: curr path length: 47, is_loop length: 47
[INFO] [1788242122.087037, 1332.500000]: Send new plan: 20 37 17 16 14 15 13 12 17 11 18 10 9 36 8 0 35 1 6 19 38 20 20(L) 38 26 21 23 22 24 25 27 31 29 32 30 28 33 38 38(L) 33 7 5 4 3 34  ---> 2 35(L) 
[INFO] [1788242127.836801, 1338.200000]: Replanning request. curr_vertex_idx: 45
[INFO] [1788242127.837749, 1338.200000]:                     covered_vertices: ()
[INFO] [1788242127.838381, 1338.200000]: Handle local replanning...
[INFO] [1788242127.839073, 1338.200000]: Local path to replan: [2, 35]
[INFO] [1788242127.839750, 1338.200000]: curr path length: 47, is_loop length: 47
[INFO] [1788242127.840191, 1338.200000]: Send new plan: 20 37 17 16 14 15 13 12 17 11 18 10 9 36 8 0 35 1 6 19 38 20 20(L) 38 26 21 23 22 24 25 27 31 29 32 30 28 33 38 38(L) 33 7 5 4 3 34 2  ---> 35(L) 
[INFO] [1788242133.651954, 1344.000000]: PHASE4A_SELECTIVE_DECISION vertex=35 span_m=5.30 gate=4.00 decision=NO_REPAIR
[INFO] [1788242150.786684, 1361.200000]: Really visited vertices: 20 37 17 16 15 14 13 12 17 11 18 36 9 36 8 0 35 1 35 6 19 18 37 20 38 20 23 26 23 21 22 21 24 25 27 31 30 29 30 32 29 28 33 38 7 5 4 3 34 2 
[INFO] [1788242157.127298, 1367.500000]: Really visited vertices: 20 37 17 16 15 14 13 12 17 11 18 36 9 36 8 0 35 1 35 6 19 18 37 20 38 20 23 26 23 21 22 21 24 25 27 31 30 29 30 32 29 28 33 38 7 5 4 3 34 2 
[INFO] [1788242212.875411, 1423.300000]: Replanning request. curr_vertex_idx: 46
[INFO] [1788242212.876309, 1423.300000]:                     covered_vertices: ()
[INFO] [1788242212.876959, 1423.300000]: curr path length: 47, is_loop length: 47
[INFO] [1788242212.877512, 1423.300000]: Send new plan: 20 37 17 16 14 15 13 12 17 11 18 10 9 36 8 0 35 1 6 19 38 20 20(L) 38 26 21 23 22 24 25 27 31 29 32 30 28 33 38 38(L) 33 7 5 4 3 34 2 35(L)  ---> 
[INFO] [1788242223.880891, 1433.700000]: Pose graph has: 992 vertices, 1659 edges.
[31m[RVIZ-16] escalating to SIGTERM[0m
... logging to /home/wcqw/ac-slam/catkin_ws/.ros/log/9c1da960-a5c6-11f1-acdb-2f8a05f5d540/roslaunch-msxg-182292.log
Checking log directory for disk usage. This may take a while.
Press Ctrl-C to interrupt
Done checking log file disk usage. Usage is <1GB.
]2;/home/wcqw/ac-slam/baseline/Graph-Based_SLAM-Aware_Exploration/launch/exploration.launch
[1mstarted roslaunch server http://127.0.0.1:46591/[0m

SUMMARY
========

PARAMETERS
 * /Mapper/LoopMatchMaximumVarianceCoarse: 0.16
 * /Mapper/LoopMatchMinimumChainSize: 4
 * /Mapper/LoopMatchMinimumResponseCoarse: 0.6
 * /Mapper/LoopMatchMinimumResponseFine: 0.7
 * /Mapper/LoopSearchMaximumDistance: 4
 * /Mapper/LoopSearchSpaceDimension: 5.0
 * /Mapper/MinimumTravelDistance: 1.0
 * /Mapper/MinimumTravelHeading: 0.52
 * /Mapper/enable_loop_diagnostics: False
 * /Mapper/grid_resolution: 0.1
 * /Mapper/loop_diagnostics_path: 
 * /Mapper/loop_diagnostics_run_id: 
 * /Mapper/map_frame: map
 * /Mapper/map_update_rate: 5
 * /Mapper/max_covariance: 0.01
 * /Mapper/max_particles: 10000
 * /Mapper/min_map_size: 20
 * /Mapper/min_particles: 2500
 * /Mapper/publish_pose_graph: True
 * /Mapper/range_threshold: 25.0
 * /Mapper/transform_publish_period: 0.1
 * /Navigator/command_target_distance: 1.5
 * /Navigator/exploration_goal_distance: 3.0
 * /Navigator/exploration_strategy: MyPlanner
 * /Navigator/frequency: 1
 * /Navigator/map_inflation_radius: 1.0
 * /Navigator/max_replanning_period: 1.0
 * /Navigator/min_replanning_period: 5.0
 * /Navigator/min_target_area_size: 1.0
 * /Navigator/navigation_goal_angle: 1.0
 * /Navigator/navigation_goal_distance: 2.0
 * /Navigator/navigation_homing_distance: 4.0
 * /Navigator/robot_radius: 0.5
 * /Navigator/save_path_plan_time: /home/wcqw/ac-sla...
 * /Navigator/use_local_planner: True
 * /Navigator/visualize_frontiers: True
 * /Operator/conformance_weight: 1
 * /Operator/continue_weight: 1
 * /Operator/escape_weight: 1
 * /Operator/frequency: 10
 * /Operator/local_map/cost_scaling_factor: 2.0
 * /Operator/local_map/global_frame: odom
 * /Operator/local_map/height: 6.0
 * /Operator/local_map/inflation_radius: 0.75
 * /Operator/local_map/lethal_cost_threshold: 100
 * /Operator/local_map/map_type: costmap
 * /Operator/local_map/max_obstacle_height: 2.0
 * /Operator/local_map/min_obstacle_height: 0.0
 * /Operator/local_map/observation_sources: scan
 * /Operator/local_map/obstacle_range: 4.0
 * /Operator/local_map/publish_frequency: 1.0
 * /Operator/local_map/publish_voxel_map: True
 * /Operator/local_map/raytrace_range: 4.5
 * /Operator/local_map/resolution: 0.05
 * /Operator/local_map/robot_base_frame: base_link
 * /Operator/local_map/robot_radius: 0.4
 * /Operator/local_map/rolling_window: True
 * /Operator/local_map/scan/clearing: True
 * /Operator/local_map/scan/data_type: LaserScan
 * /Operator/local_map/scan/expected_update_rate: 0.4
 * /Operator/local_map/scan/marking: True
 * /Operator/local_map/scan/max_obstacle_height: 0.4
 * /Operator/local_map/scan/min_obstacle_height: 0.08
 * /Operator/local_map/scan/observation_persistence: 0.0
 * /Operator/local_map/static_map: False
 * /Operator/local_map/track_unknown_space: True
 * /Operator/local_map/transform_tolerance: 0.3
 * /Operator/local_map/update_frequency: 5.0
 * /Operator/local_map/width: 6.0
 * /Operator/max_free_space: 3.0
 * /Operator/max_velocity: 1.0
 * /Operator/publish_route: True
 * /Operator/safety_decay: 0.99
 * /Operator/safety_weight: 1
 * /Stage/base_watchdog_timeout: 0
 * /laser_frame: base_laser_link
 * /laser_topic: base_scan
 * /map_frame: map
 * /map_server/frame_id: map
 * /map_service: static_map
 * /map_topic: map
 * /odometry_frame: odom
 * /offset_frame: offset
 * /path_planner/g2o_save_path: /home/wcqw/ac-sla...
 * /path_planner/map_width: 86.8
 * /path_planner/need_noise: False
 * /path_planner/only_use_tsp: False
 * /path_planner/oracle_after: 8
 * /path_planner/oracle_before: 8
 * /path_planner/oracle_densify_m: 0.5
 * /path_planner/oracle_dir_lambda: 1.0
 * /path_planner/oracle_mode: 2
 * /path_planner/oracle_repair_densify: 0.5
 * /path_planner/oracle_repair_max_len: 12.0
 * /path_planner/oracle_repair_max_wp: 24
 * /path_planner/oracle_span_gate: 4.0
 * /path_planner/prior_map_save_path: /home/wcqw/ac-sla...
 * /path_planner/robot_position: 0.0 0.0 0
 * /path_planner/tsp_record_path: /home/wcqw/ac-sla...
 * /path_planner/tsp_seed: 21005
 * /path_planner/tsp_solver: concorde
 * /path_planner/use_drawio: True
 * /path_planner/variance: 0.0
 * /path_planner/xml_path: /home/wcqw/ac-sla...
 * /pubPath/gt_save_path: /home/wcqw/ac-sla...
 * /pubPath/robot_position: 0.0 0.0 0
 * /pubPath/slam_save_path: /home/wcqw/ac-sla...
 * /robot_description: <?xml version="1....
 * /robot_frame: base_link
 * /robot_start_position: 0.0 0.0 0
 * /robot_state_publisher/publish_frequency: 30.0
 * /robot_state_publisher/tf_prefix: 
 * /rosdistro: noetic
 * /rosversion: 1.17.4
 * /use_sim_time: True
 * /use_tf1: True

NODES
  /
    Explore (nav2d_navigator/explore_client)
    GetMap (nav2d_navigator/get_map_client)
    Mapper (nav2d_karto/mapper)
    Navigator (nav2d_navigator/navigator)
    Operator (nav2d_operator/operator)
    RVIZ (rviz/rviz)
    SetGoal (nav2d_navigator/set_goal_client)
    Stage (stage_ros/stageros)
    exploration_button_server (cpp_solver/exploration_button_server.py)
    map_server (map_server/map_server)
    path_planner (cpp_solver/path_planner.py)
    pubPath (cpp_solver/pub_path)
    publisher (p2os_urdf/p2os_publisher_3at)
    robot_state_publisher (robot_state_publisher/robot_state_publisher)
    rqt_robot_steering (rqt_robot_steering/rqt_robot_steering)
    updateDistance (cpp_solver/updateDistance)

[1mROS_MASTER_URI=http://localhost:11311[0m
]2;/home/wcqw/ac-slam/baseline/Graph-Based_SLAM-Aware_Exploration/launch/exploration.launch http://localhost:11311
[1mprocess[Stage-1]: started with pid [182404][0m
[1mprocess[map_server-2]: started with pid [182405][0m
[1mprocess[Operator-3]: started with pid [182406][0m
[1mprocess[Mapper-4]: started with pid [182411][0m
[1mprocess[Navigator-5]: started with pid [182416][0m
[1mprocess[GetMap-6]: started with pid [182422][0m
[1mprocess[Explore-7]: started with pid [182428][0m
[1mprocess[SetGoal-8]: started with pid [182432][0m
[1mprocess[pubPath-9]: started with pid [182440][0m
[1mprocess[updateDistance-10]: started with pid [182449][0m
[1mprocess[exploration_button_server-11]: started with pid [182454][0m
[1mprocess[path_planner-12]: started with pid [182457][0m
[1mprocess[rqt_robot_steering-13]: started with pid [182462][0m
[1mprocess[robot_state_publisher-14]: started with pid [182465][0m
[1mprocess[publisher-15]: started with pid [182470][0m
[1mprocess[RVIZ-16]: started with pid [182473][0m
[RVIZ-16] killing on exit
[publisher-15] killing on exit
[robot_state_publisher-14] killing on exit
[rqt_robot_steering-13] killing on exit
[updateDistance-10] killing on exit
[exploration_button_server-11] killing on exit
[pubPath-9] killing on exit
[path_planner-12] killing on exit
[Explore-7] killing on exit
[SetGoal-8] killing on exit
[GetMap-6] killing on exit
[Navigator-5] killing on exit
[Mapper-4] killing on exit
[Operator-3] killing on exit
[map_server-2] killing on exit
[Stage-1] killing on exit
shutting down processing monitor...
... shutting down processing monitor complete
[1mdone[0m
