0.300000000 0.2 0 0 0 0 0 1
0.400000000 0.2 0 0 0 0 0 1
0.500000000 0.2 0 0 0 0 0 1
0.600000000 0.2 0 0 0 0 0 1
0.700000000 0.2 0 0 0 0 0 1
0.800000000 0.2 0 0 0 0 0 1
0.900000000 0.2 0 0 0 0 0 1
1.000000000 0.2 0 0 0 0 0 1
1.100000000 0.2 0 0 0 0 0 1
1.200000000 0.2 0 0 0 0 0 1
1.300000000 0.2 0 0 0 0 0 1
1.400000000 0.2 0 0 0 0 0 1
1.500000000 0.2 0 0 0 0 0 1
1.600000000 0.2 0 0 0 0 0 1
1.700000000 0.2 0 0 0 0 0 1
1.800000000 0.2 0 0 0 0 0 1
1.900000000 0.2 0 0 0 0 0 1
2.000000000 0.2 0 0 0 0 0 1
2.100000000 0.2 0 0 0 0 0 1
2.200000000 0.2 0 0 0 0 0 1
2.300000000 0.2 0 0 0 0 0 1
2.400000000 0.2 0 0 0 0 0 1
2.500000000 0.2 0 0 0 0 0 1
2.600000000 0.2 0 0 0 0 0 1
2.700000000 0.2 0 0 0 0 0 1
2.800000000 0.2 0 0 0 0 0 1
2.900000000 0.2 0 0 0 0 0 1
3.000000000 0.2 0 0 0 0 0 1
3.100000000 0.2 0 0 0 0 0 1
3.200000000 0.2 0 0 0 0 0 1
3.300000000 0.2 0 0 0 0 0 1
3.400000000 0.2 0 0 0 0 0 1
3.500000000 0.2 0 0 0 0 0 1
3.600000000 0.2 0 0 0 0 0 1
3.700000000 0.2 0 0 0 0 0 1
3.800000000 0.2 0 0 0 0 0 1
3.900000000 0.2 0 0 0 0 0 1
4.000000000 0.275 -2.36521e-17 0 0 0 -5.91303e-17 1
4.100000000 0.35 -5.61738e-17 0 0 0 -1.18261e-16 1
4.200000000 0.425 -9.75649e-17 0 0 0 -1.77391e-16 1
4.300000000 0.5 -1.47826e-16 0 0 0 -2.36521e-16 1
4.400000000 0.575 -2.06956e-16 0 0 0 -2.95651e-16 1
4.500000000 0.65 -2.74956e-16 0 0 0 -3.54782e-16 1
4.600000000 0.725 -3.51825e-16 0 0 0 -4.13912e-16 1
4.700000000 0.8 -4.37564e-16 0 0 0 -4.73042e-16 1
4.800000000 0.875 -5.32172e-16 0 0 0 -5.32172e-16 1
4.900000000 0.95 -6.3565e-16 0 0 0 -5.91303e-16 1
5.000000000 1.025 -7.47998e-16 0 0 0 -6.50433e-16 1
5.100000000 1.1 -8.69215e-16 0 0 0 -7.09563e-16 1
5.200000000 1.175 -9.99302e-16 0 0 0 -7.68694e-16 1
5.300000000 1.25 -1.13826e-15 0 0 0 -8.27824e-16 1
5.400000000 1.325 -1.28608e-15 0 0 0 -8.86954e-16 1
5.500000000 1.4 -1.44278e-15 0 0 0 -9.46084e-16 1
5.600000000 1.475 -1.60834e-15 0 0 0 -1.00521e-15 1
5.700000000 1.55 -1.78278e-15 0 0 0 -1.06434e-15 1
5.800000000 1.625 -1.96608e-15 0 0 0 -1.12348e-15 1
5.900000000 1.7 -2.15825e-15 0 0 0 -1.18261e-15 1
6.000000000 1.775 -2.3593e-15 0 0 0 -1.24174e-15 1
6.100000000 1.85 -2.56921e-15 0 0 0 -1.30087e-15 1
6.200000000 1.925 -2.78799e-15 0 0 0 -1.36e-15 1
6.300000000 1.99994 0.00490425 0 0 0 0.0122616 0.999925
6.400000000 2.06677 0.0131205 0 0 0 0.0286985 0.999588
6.500000000 2.13329 0.0235294 0 0 0 0.0451277 0.998981
6.600000000 2.19944 0.0361196 0 0 0 0.0615447 0.998104
6.700000000 2.26513 0.0508775 0 0 0 0.0779451 0.996958
6.800000000 2.33031 0.0677872 0 0 0 0.0943244 0.995542
6.900000000 2.39489 0.0868303 0 0 0 0.110678 0.993856
7.000000000 2.45881 0.107986 0 0 0 0.127002 0.991902
7.100000000 2.52201 0.131233 0 0 0 0.143292 0.989681
7.200000000 2.5844 0.156544 0 0 0 0.159542 0.987191
7.300000000 2.64593 0.183892 0 0 0 0.17575 0.984435
7.400000000 2.70652 0.213249 0 0 0 0.19191 0.981412
7.500000000 2.76612 0.244581 0 0 0 0.208019 0.978125
7.600000000 2.82466 0.277857 0 0 0 0.224071 0.974573
7.700000000 2.88207 0.313038 0 0 0 0.240062 0.970757
7.800000000 2.93829 0.350088 0 0 0 0.255989 0.96668
7.900000000 2.99326 0.388966 0 0 0 0.271846 0.962341
8.000000000 3.04693 0.429631 0 0 0 0.28763 0.957741
8.100000000 3.0571 0.412417 0 0 0 0.239404 0.97092
8.200000000 3.0655 0.394275 0 0 0 0.190579 0.981672
8.300000000 3.07204 0.375385 0 0 0 0.141278 0.98997
8.400000000 3.07667 0.355935 0 0 0 0.0916232 0.995794
8.500000000 3.07933 0.336122 0 0 0 0.0417397 0.999129
8.600000000 3.08 0.316141 0 0 0 -0.00824807 0.999966
8.700000000 3.07867 0.296194 0 0 0 -0.0582152 0.998304
8.800000000 3.07535 0.276478 0 0 0 -0.108037 0.994147
8.900000000 3.07009 0.257193 0 0 0 -0.157588 0.987505
9.000000000 3.06293 0.238529 0 0 0 -0.206746 0.978395
9.100000000 3.05393 0.220673 0 0 0 -0.255387 0.966839
9.200000000 3.04321 0.203804 0 0 0 -0.30339 0.952867
9.300000000 3.03085 0.188091 0 0 0 -0.350634 0.936513
9.400000000 3.01698 0.17369 0 0 0 -0.397002 0.917818
9.500000000 3.00174 0.160745 0 0 0 -0.442378 0.896829
9.600000000 2.98529 0.149386 0 0 0 -0.486648 0.873598
9.700000000 2.96779 0.139727 0 0 0 -0.529701 0.848184
9.800000000 2.94941 0.131862 0 0 0 -0.571431 0.82065
9.900000000 2.93034 0.125872 0 0 0 -0.611732 0.791065
10.000000000 2.91076 0.121816 0 0 0 -0.650504 0.759503
10.100000000 2.89088 0.119735 0 0 0 -0.687651 0.726042
10.200000000 2.87089 0.119649 0 0 0 -0.723078 0.690766
10.300000000 2.85099 0.121559 0 0 0 -0.756698 0.653764
10.400000000 2.83138 0.125447 0 0 0 -0.788427 0.615128
10.500000000 2.81225 0.131273 0 0 0 -0.818186 0.574954
10.600000000 2.79381 0.138978 0 0 0 -0.845899 0.533343
10.700000000 2.77622 0.148487 0 0 0 0.871498 -0.4904
10.800000000 2.75967 0.159705 0 0 0 0.894918 -0.44623
10.900000000 2.74433 0.172518 0 0 0 0.916102 -0.400945
11.000000000 2.73034 0.186799 0 0 0 0.934996 -0.354658
11.100000000 2.71784 0.202405 0 0 0 0.951553 -0.307484
11.200000000 2.70697 0.219181 0 0 0 0.965732 -0.259542
11.300000000 2.69782 0.236959 0 0 0 0.977497 -0.210951
11.400000000 2.6905 0.25556 0 0 0 0.986818 -0.161833
11.500000000 2.68507 0.2748 0 0 0 0.993673 -0.112311
11.600000000 2.68159 0.294486 0 0 0 0.998045 -0.0625074
11.700000000 2.68009 0.314422 0 0 0 0.999921 -0.0125478
11.800000000 2.68058 0.334407 0 0 0 0.999299 0.0374431
11.900000000 2.68307 0.354243 0 0 0 0.996179 0.0873404
12.000000000 2.68753 0.373731 0 0 0 0.990568 0.137019
12.100000000 2.69391 0.392677 0 0 0 0.982482 0.186356
12.200000000 2.70216 0.410891 0 0 0 0.971941 0.235227
12.300000000 2.71217 0.428191 0 0 0 0.958969 0.28351
12.400000000 2.72387 0.444405 0 0 0 0.943601 0.331084
12.500000000 2.73713 0.45937 0 0 0 0.925875 0.37783
12.600000000 2.75181 0.472937 0 0 0 0.905834 0.423633
12.700000000 2.76777 0.48497 0 0 0 0.883529 0.468376
12.800000000 2.78486 0.495349 0 0 0 0.859016 0.511949
12.900000000 2.8029 0.503971 0 0 0 0.832356 0.554242
13.000000000 2.8217 0.510749 0 0 0 0.803615 0.59515
13.100000000 2.84109 0.515615 0 0 0 0.772866 0.63457
13.200000000 2.86087 0.518521 0 0 0 0.740184 0.672404
13.300000000 2.88084 0.519439 0 0 0 0.705653 0.708557
13.400000000 2.90081 0.518357 0 0 0 0.669358 0.74294
13.500000000 2.92056 0.515289 0 0 0 0.63139 0.775465
13.600000000 2.93991 0.510263 0 0 0 0.591844 0.806053
13.700000000 2.95866 0.503331 0 0 0 0.550818 0.834625
13.800000000 2.97663 0.494562 0 0 0 0.508416 0.861111
13.900000000 2.99363 0.484042 0 0 0 0.464743 0.885446
14.000000000 3.00949 0.471878 0 0 0 0.419908 0.907566
14.100000000 3.02407 0.458191 0 0 0 0.374024 0.927419
14.200000000 3.0372 0.443118 0 0 0 0.327205 0.944953
14.300000000 3.04876 0.426809 0 0 0 0.279568 0.960126
14.400000000 3.05864 0.409427 0 0 0 0.231233 0.972898
14.500000000 3.06673 0.391146 0 0 0 0.182319 0.983239
14.600000000 3.07295 0.372148 0 0 0 0.13295 0.991123
14.700000000 3.07725 0.352624 0 0 0 0.083248 0.996529
14.800000000 3.07958 0.332768 0 0 0 0.0333383 0.999444
14.900000000 3.07991 0.312779 0 0 0 -0.0166547 0.999861
15.000000000 3.07991 0.312779 0 0 0 -0.0166547 0.999861
15.100000000 3.07991 0.312779 0 0 0 -0.0166547 0.999861
15.200000000 3.07991 0.312779 0 0 0 -0.0166547 0.999861
15.300000000 3.07991 0.312779 0 0 0 -0.0166547 0.999861
15.400000000 3.07991 0.312779 0 0 0 -0.0166547 0.999861
15.500000000 3.07991 0.312779 0 0 0 -0.0166547 0.999861
15.600000000 3.07991 0.312779 0 0 0 -0.0166547 0.999861
15.700000000 3.07991 0.312779 0 0 0 -0.0166547 0.999861
15.800000000 3.07991 0.312779 0 0 0 -0.0166547 0.999861
15.900000000 3.07991 0.312779 0 0 0 -0.0166547 0.999861
16.000000000 3.07991 0.312779 0 0 0 -0.0166547 0.999861
16.100000000 3.07991 0.312779 0 0 0 -0.0166547 0.999861
16.200000000 3.07991 0.312779 0 0 0 -0.0166547 0.999861
16.300000000 3.07991 0.312779 0 0 0 -0.0166547 0.999861
16.400000000 3.07991 0.312779 0 0 0 -0.0166547 0.999861
16.500000000 3.07991 0.312779 0 0 0 -0.0166547 0.999861
16.600000000 3.07991 0.312779 0 0 0 -0.0166547 0.999861
16.700000000 3.07991 0.312779 0 0 0 -0.0166547 0.999861
16.800000000 3.07991 0.312779 0 0 0 -0.0166547 0.999861
16.900000000 3.07991 0.312779 0 0 0 -0.0166547 0.999861
17.000000000 3.07991 0.312779 0 0 0 -0.0166547 0.999861
17.100000000 3.07991 0.312779 0 0 0 -0.0166547 0.999861
17.200000000 3.07991 0.312779 0 0 0 -0.0166547 0.999861
17.300000000 3.11277 0.298438 0 0 0 -0.0497579 0.998761
17.400000000 3.12392 0.279994 0 0 0 -0.0928083 0.995684
17.500000000 3.12085 0.260567 0 0 0 -0.14169 0.989911
17.600000000 3.11589 0.241535 0 0 0 -0.190229 0.98174
17.700000000 3.10909 0.223083 0 0 0 -0.238307 0.97119
17.800000000 3.1005 0.20539 0 0 0 -0.285807 0.958287
17.900000000 3.09021 0.188626 0 0 0 -0.332615 0.943063
18.000000000 3.07833 0.172954 0 0 0 -0.378618 0.925553
18.100000000 3.06497 0.158526 0 0 0 -0.423702 0.905801
18.200000000 3.05025 0.145482 0 0 0 -0.467761 0.883855
18.300000000 3.03432 0.133948 0 0 0 -0.510686 0.859767
18.400000000 3.01733 0.124036 0 0 0 -0.552374 0.833597
18.500000000 2.99945 0.115841 0 0 0 -0.592723 0.805406
18.600000000 2.98085 0.109443 0 0 0 -0.631636 0.775265
18.700000000 2.96172 0.104904 0 0 0 -0.66902 0.743245
18.800000000 2.94223 0.102269 0 0 0 -0.704782 0.709424
18.900000000 2.92257 0.101562 0 0 0 -0.738837 0.673885
19.000000000 2.90294 0.10279 0 0 0 -0.771101 0.636712
19.100000000 2.88353 0.105941 0 0 0 -0.801498 0.597998
19.200000000 2.86452 0.110986 0 0 0 -0.829952 0.557834
19.300000000 2.8461 0.117875 0 0 0 -0.856396 0.516319
19.400000000 2.82844 0.126541 0 0 0 0.880765 -0.473553
19.500000000 2.81173 0.1369 0 0 0 0.903 -0.42964
19.600000000 2.79611 0.148853 0 0 0 0.923048 -0.384686
19.700000000 2.78174 0.162283 0 0 0 0.940859 -0.338799
19.800000000 2.76876 0.17706 0 0 0 0.95639 -0.292092
19.900000000 2.7573 0.193042 0 0 0 0.969605 -0.244678
20.000000000 2.74746 0.210072 0 0 0 0.98047 -0.19667
20.100000000 2.73935 0.227988 0 0 0 0.98896 -0.148186
20.200000000 2.73303 0.246614 0 0 0 0.995053 -0.0993429
20.300000000 2.72858 0.26577 0 0 0 0.998736 -0.0502592
20.400000000 2.72603 0.285272 0 0 0 0.999999 -0.0010537
20.500000000 2.72541 0.304929 0 0 0 0.99884 0.0481544
20.600000000 2.72673 0.324553 0 0 0 0.99526 0.0972457
20.700000000 2.72996 0.343952 0 0 0 0.98927 0.146102
20.800000000 2.73509 0.362938 0 0 0 0.980882 0.194603
20.900000000 2.74206 0.381329 0 0 0 0.970118 0.242634
21.000000000 2.75081 0.398945 0 0 0 0.957004 0.290076
21.100000000 2.76124 0.415617 0 0 0 0.941571 0.336816
21.200000000 2.77326 0.431182 0 0 0 0.923856 0.38274
21.300000000 2.78676 0.44549 0 0 0 0.903904 0.427736
21.400000000 2.80159 0.458402 0 0 0 0.881761 0.471696
21.500000000 2.81763 0.469794 0 0 0 0.857482 0.514513
21.600000000 2.8347 0.479555 0 0 0 0.831126 0.556084
21.700000000 2.85265 0.48759 0 0 0 0.802756 0.596307
21.800000000 2.87131 0.493821 0 0 0 0.772441 0.635086
21.900000000 2.89048 0.498189 0 0 0 0.740255 0.672326
22.000000000 2.90999 0.500651 0 0 0 0.706275 0.707937
22.100000000 2.92965 0.501183 0 0 0 0.670584 0.741833
22.200000000 2.94698 0.524509 0 0 0 0.642494 0.76629
22.300000000 2.96586 0.553192 0 0 0 0.616074 0.787688
22.400000000 2.98664 0.580526 0 0 0 0.588941 0.808176
22.500000000 3.00924 0.606385 0 0 0 0.561128 0.827729
22.600000000 3.03354 0.630648 0 0 0 0.532665 0.846326
22.700000000 3.05943 0.653204 0 0 0 0.503587 0.863944
22.800000000 3.0868 0.673948 0 0 0 0.473928 0.880564
22.900000000 3.11551 0.692785 0 0 0 0.44372 0.896166
23.000000000 3.14544 0.709628 0 0 0 0.412999 0.910731
23.100000000 3.17644 0.724398 0 0 0 0.381801 0.924245
23.200000000 3.21776 0.751033 0 0 0 0.357892 0.933763
23.300000000 3.25585 0.778363 0 0 0 0.345885 0.938277
23.400000000 3.29381 0.808327 0 0 0 0.341556 0.939862
23.500000000 3.33758 0.846905 0 0 0 0.345016 0.938597
23.600000000 3.38517 0.895756 0 0 0 0.359988 0.932957
23.700000000 3.42737 0.943821 0 0 0 0.376871 0.926266
23.800000000 3.46779 0.993386 0 0 0 0.39363 0.919269
23.900000000 3.50639 1.04439 0 0 0 0.410259 0.911969
24.000000000 3.54311 1.09676 0 0 0 0.426752 0.904369
24.100000000 3.57791 1.15042 0 0 0 0.443105 0.89647
24.200000000 3.61073 1.20532 0 0 0 0.459312 0.888275
24.300000000 3.64154 1.26137 0 0 0 0.475367 0.879788
24.400000000 3.67029 1.31851 0 0 0 0.491265 0.87101
24.500000000 3.69753 1.37729 0 0 0 0.506636 0.86216
24.600000000 3.72268 1.437 0 0 0 0.521848 0.853039
24.700000000 3.74515 1.49688 0 0 0 0.537253 0.843421
24.800000000 3.76594 1.55825 0 0 0 0.552127 0.83376
24.900000000 3.78554 1.62177 0 0 0 0.566119 0.824324
25.000000000 3.80298 1.68591 0 0 0 0.57995 0.814652
25.100000000 3.81825 1.75061 0 0 0 0.593615 0.804749
25.200000000 3.83133 1.81579 0 0 0 0.607112 0.794616
25.300000000 3.83988 1.87671 0 0 0 0.622422 0.782682
25.400000000 3.8464 1.93869 0 0 0 0.637178 0.770717
25.500000000 3.85089 2.00167 0 0 0 0.651388 0.758745
25.600000000 3.85739 2.07649 0 0 0 0.660642 0.750701
25.700000000 3.86225 2.15142 0 0 0 0.669427 0.742878
25.800000000 3.86535 2.22645 0 0 0 0.678119 0.734952
25.900000000 3.86518 2.29732 0 0 0 0.688809 0.724943
26.000000000 3.86365 2.37095 0 0 0 0.698344 0.715763
26.100000000 3.86206 2.44598 0 0 0 0.704458 0.709746
26.200000000 3.85965 2.52098 0 0 0 0.709711 0.704492
26.300000000 3.85613 2.59594 0 0 0 0.714926 0.6992
26.400000000 3.85273 2.67087 0 0 0 0.717939 0.696106
26.500000000 3.84869 2.74577 0 0 0 0.720938 0.693
26.600000000 3.84454 2.82067 0 0 0 0.722986 0.690863
26.700000000 3.83996 2.89553 0 0 0 0.725027 0.68872
26.800000000 3.83492 2.97037 0 0 0 0.727062 0.686572
26.900000000 3.82945 3.04517 0 0 0 0.729091 0.684417
27.000000000 3.82353 3.11995 0 0 0 0.731113 0.682256
27.100000000 3.81925 3.19483 0 0 0 0.729575 0.683901
27.200000000 3.81531 3.26973 0 0 0 0.728033 0.685542
27.300000000 3.8117 3.34464 0 0 0 0.726488 0.687179
27.400000000 3.80814 3.41956 0 0 0 0.72544 0.688285
27.500000000 3.80481 3.49449 0 0 0 0.724391 0.68939
27.600000000 3.80171 3.56942 0 0 0 0.72334 0.690492
27.700000000 3.79884 3.64437 0 0 0 0.722287 0.691594
27.800000000 3.79619 3.71933 0 0 0 0.721232 0.692693
27.900000000 3.79377 3.79429 0 0 0 0.720176 0.693791
28.000000000 3.79158 3.86926 0 0 0 0.719119 0.694887
28.100000000 3.78962 3.94423 0 0 0 0.718059 0.695982
28.200000000 3.78789 4.01922 0 0 0 0.716998 0.697075
28.300000000 3.78639 4.0942 0 0 0 0.715935 0.698167
28.400000000 3.78511 4.16919 0 0 0 0.714871 0.699257
28.500000000 3.78406 4.24419 0 0 0 0.713805 0.700345
28.600000000 3.78295 4.31918 0 0 0 0.713263 0.700897
28.700000000 3.78194 4.39417 0 0 0 0.712721 0.701448
28.800000000 3.78106 4.46917 0 0 0 0.712178 0.701999
28.900000000 3.78029 4.54416 0 0 0 0.711635 0.702549
29.000000000 3.77963 4.61916 0 0 0 0.711091 0.7031
29.100000000 3.77909 4.69416 0 0 0 0.710547 0.703649
29.200000000 3.77867 4.76916 0 0 0 0.710003 0.704199
29.300000000 3.77837 4.84416 0 0 0 0.709458 0.704747
29.400000000 3.77818 4.91916 0 0 0 0.708913 0.705296
29.500000000 3.7781 4.99416 0 0 0 0.708367 0.705844
29.600000000 3.77814 5.06916 0 0 0 0.707821 0.706391
29.700000000 3.7783 5.14416 0 0 0 0.707275 0.706939
29.800000000 3.77857 5.21916 0 0 0 0.706728 0.707485
29.900000000 3.77896 5.29416 0 0 0 0.706181 0.708032
30.000000000 3.77947 5.36916 0 0 0 0.705633 0.708577
30.100000000 3.78009 5.44416 0 0 0 0.705085 0.709123
30.200000000 3.78083 5.51915 0 0 0 0.704536 0.709668
30.300000000 3.78168 5.59415 0 0 0 0.703987 0.710213
30.400000000 3.78234 5.66915 0 0 0 0.703987 0.710213
30.500000000 3.78269 5.74415 0 0 0 0.704536 0.709668
30.600000000 3.78293 5.81915 0 0 0 0.705085 0.709123
30.700000000 3.78305 5.89415 0 0 0 0.705633 0.708577
30.800000000 3.78305 5.96915 0 0 0 0.706181 0.708032
30.900000000 3.78294 6.04415 0 0 0 0.706728 0.707485
31.000000000 3.78271 6.11915 0 0 0 0.707275 0.706939
31.100000000 3.78236 6.19415 0 0 0 0.707821 0.706391
31.200000000 3.78103 6.26914 0 0 0 0.709909 0.704293
31.300000000 3.77897 6.34412 0 0 0 0.712473 0.701699
31.400000000 3.77637 6.41908 0 0 0 0.715028 0.699095
31.500000000 3.77322 6.49403 0 0 0 0.717574 0.696482
31.600000000 3.76953 6.56895 0 0 0 0.72011 0.69386
31.700000000 3.76529 6.64383 0 0 0 0.722636 0.691228
31.800000000 3.7605 6.71869 0 0 0 0.725153 0.688588
31.900000000 3.75516 6.79351 0 0 0 0.72766 0.685938
32.000000000 3.74928 6.86829 0 0 0 0.730158 0.683279
32.100000000 3.74286 6.94302 0 0 0 0.732645 0.68061
32.200000000 3.73824 7.01788 0 0 0 0.731111 0.682258
32.300000000 3.73396 7.09276 0 0 0 0.729573 0.683903
32.400000000 3.73002 7.16766 0 0 0 0.728031 0.685544
32.500000000 3.72641 7.24258 0 0 0 0.726486 0.687182
32.600000000 3.72315 7.31751 0 0 0 0.724936 0.688816
32.700000000 3.72022 7.39246 0 0 0 0.723383 0.690446
32.800000000 3.71762 7.46742 0 0 0 0.721827 0.692074
32.900000000 3.71537 7.54239 0 0 0 0.720267 0.693697
33.000000000 3.71345 7.61736 0 0 0 0.718703 0.695317
33.100000000 3.71653 7.69001 0 0 0 0.709101 0.705107
33.200000000 3.72237 7.75884 0 0 0 0.698049 0.71605
33.300000000 3.73033 7.82522 0 0 0 0.686732 0.72691
33.400000000 3.74058 7.89265 0 0 0 0.675015 0.737804
33.500000000 3.75297 7.95971 0 0 0 0.663124 0.748509
33.600000000 3.76751 8.02635 0 0 0 0.651064 0.759023
33.700000000 3.78417 8.09248 0 0 0 0.638838 0.769342
33.800000000 3.80294 8.15805 0 0 0 0.626447 0.779464
33.900000000 3.82379 8.22298 0 0 0 0.613897 0.789386
34.000000000 3.84672 8.28721 0 0 0 0.601189 0.799107
34.100000000 3.87184 8.35251 0 0 0 0.589053 0.808095
34.200000000 3.89892 8.41702 0 0 0 0.576782 0.816898
34.300000000 3.92794 8.48069 0 0 0 0.564381 0.825515
34.400000000 3.95887 8.54345 0 0 0 0.55185 0.833943
34.500000000 3.99167 8.60524 0 0 0 0.539193 0.842182
34.600000000 4.02633 8.66602 0 0 0 0.526414 0.850228
34.700000000 4.06281 8.72573 0 0 0 0.513514 0.858081
34.800000000 4.10108 8.7843 0 0 0 0.500498 0.865738
34.900000000 4.1411 8.84169 0 0 0 0.487367 0.873197
35.000000000 4.18283 8.89785 0 0 0 0.474125 0.880458
35.100000000 4.22618 8.95908 0 0 0 0.468631 0.883394
35.200000000 4.26988 9.02006 0 0 0 0.464234 0.885713
35.300000000 4.31418 9.0806 0 0 0 0.459825 0.88801
35.400000000 4.35908 9.14069 0 0 0 0.455405 0.890284
35.500000000 4.40458 9.20033 0 0 0 0.450973 0.892537
35.600000000 4.45067 9.25952 0 0 0 0.446531 0.894768
35.700000000 4.49734 9.31825 0 0 0 0.442077 0.896977
35.800000000 4.5446 9.37651 0 0 0 0.437613 0.899164
35.900000000 4.59243 9.4343 0 0 0 0.433137 0.901328
36.000000000 4.64084 9.49161 0 0 0 0.428651 0.90347
36.100000000 4.68981 9.54844 0 0 0 0.424155 0.90559
36.200000000 4.73935 9.60477 0 0 0 0.419648 0.907687
36.300000000 4.78944 9.66061 0 0 0 0.41513 0.909762
36.400000000 4.84149 9.7147 0 0 0 0.406304 0.913738
36.500000000 4.89473 9.76762 0 0 0 0.396949 0.91784
36.600000000 4.94905 9.81944 0 0 0 0.387553 0.921847
36.700000000 5.00441 9.87014 0 0 0 0.378116 0.925758
36.800000000 5.06079 9.9197 0 0 0 0.36864 0.929572
36.900000000 5.11818 9.9681 0 0 0 0.359125 0.933289
37.000000000 5.17654 10.0153 0 0 0 0.349573 0.936909
37.100000000 5.23491 10.0587 0 0 0 0.336694 0.941614
37.200000000 5.29445 10.1004 0 0 0 0.323751 0.946142
37.300000000 5.35511 10.1405 0 0 0 0.310748 0.950492
37.400000000 5.41685 10.1789 0 0 0 0.297686 0.954664
37.500000000 5.47962 10.2156 0 0 0 0.284568 0.958656
37.600000000 5.54337 10.2505 0 0 0 0.271396 0.962468
37.700000000 5.60806 10.2837 0 0 0 0.258174 0.966099
37.800000000 5.67363 10.3151 0 0 0 0.244903 0.969548
37.900000000 5.74004 10.3447 0 0 0 0.231585 0.972815
38.000000000 5.80723 10.3725 0 0 0 0.218225 0.975899
38.100000000 5.87516 10.3984 0 0 0 0.204823 0.978799
38.200000000 5.94571 10.4242 0 0 0 0.193295 0.981141
38.300000000 6.01684 10.4483 0 0 0 0.181741 0.983346
38.400000000 6.08851 10.4706 0 0 0 0.170161 0.985416
38.500000000 6.16069 10.4913 0 0 0 0.158558 0.98735
38.600000000 6.23332 10.5104 0 0 0 0.147157 0.989113
38.700000000 6.30639 10.5277 0 0 0 0.135512 0.990776
38.800000000 6.37984 10.5433 0 0 0 0.123849 0.992301
38.900000000 6.45364 10.5572 0 0 0 0.112168 0.993689
39.000000000 6.52775 10.5693 0 0 0 0.100471 0.99494
39.100000000 6.60212 10.5797 0 0 0 0.0887608 0.996053
39.200000000 6.67669 10.5885 0 0 0 0.0775437 0.996989
39.300000000 6.75143 10.5957 0 0 0 0.0663168 0.997799
39.400000000 6.82632 10.6011 0 0 0 0.0550815 0.998482
39.500000000 6.90131 10.6049 0 0 0 0.0438392 0.999039
39.600000000 6.97636 10.607 0 0 0 0.0325913 0.999469
39.700000000 7.05145 10.6074 0 0 0 0.0213394 0.999772
39.800000000 7.12652 10.6061 0 0 0 0.0100847 0.999949
39.900000000 7.20154 10.6031 0 0 0 -0.00117128 0.999999
40.000000000 7.27648 10.5984 0 0 0 -0.0124271 0.999923
40.100000000 7.35142 10.5951 0 0 0 -0.0160747 0.999871
40.200000000 7.42634 10.5915 0 0 0 -0.0190338 0.999819
40.300000000 7.50123 10.5874 0 0 0 -0.0219927 0.999758
40.400000000 7.57611 10.5829 0 0 0 -0.0249514 0.999689
40.500000000 7.65095 10.578 0 0 0 -0.0279099 0.99961
40.600000000 7.72576 10.5727 0 0 0 -0.0308682 0.999523
40.700000000 7.80054 10.5668 0 0 0 -0.0338262 0.999428
40.800000000 7.87529 10.5606 0 0 0 -0.0367838 0.999323
40.900000000 7.95 10.5539 0 0 0 -0.0397412 0.99921
41.000000000 8.02466 10.5468 0 0 0 -0.0426982 0.999088
41.100000000 8.09928 10.5392 0 0 0 -0.0456549 0.998957
41.200000000 8.17397 10.5323 0 0 0 -0.0456549 0.998957
41.300000000 8.24869 10.5258 0 0 0 -0.0448824 0.998992
41.400000000 8.32341 10.5194 0 0 0 -0.0441098 0.999027
41.500000000 8.39815 10.5131 0 0 0 -0.0433372 0.999061
41.600000000 8.47289 10.5069 0 0 0 -0.0425646 0.999094
41.700000000 8.54765 10.5008 0 0 0 -0.041792 0.999126
41.800000000 8.62241 10.4949 0 0 0 -0.0410193 0.999158
41.900000000 8.69718 10.489 0 0 0 -0.0402467 0.99919
42.000000000 8.77196 10.4833 0 0 0 -0.039474 0.999221
42.100000000 8.84675 10.4777 0 0 0 -0.0387013 0.999251
42.200000000 8.92155 10.4722 0 0 0 -0.0379285 0.99928
42.300000000 8.99636 10.4668 0 0 0 -0.0371557 0.999309
42.400000000 9.07096 10.4664 0 0 0 -0.0244092 0.999702
42.500000000 9.12825 10.4722 0 0 0 -0.00296968 0.999996
42.600000000 9.18523 10.4804 0 0 0 0.0184712 0.999829
42.700000000 9.2418 10.4911 0 0 0 0.0399037 0.999204
42.800000000 9.29787 10.5042 0 0 0 0.0613177 0.998118
42.900000000 9.35333 10.5197 0 0 0 0.0827036 0.996574
43.000000000 9.40807 10.5375 0 0 0 0.104051 0.994572
43.100000000 9.46199 10.5577 0 0 0 0.125352 0.992112
43.200000000 9.53281 10.5811 0 0 0 0.137993 0.990433
43.300000000 9.60412 10.6045 0 0 0 0.145348 0.989381
43.400000000 9.67501 10.6291 0 0 0 0.153268 0.988185
43.500000000 9.74564 10.6544 0 0 0 0.16002 0.987114
43.600000000 9.81592 10.6807 0 0 0 0.166765 0.985997
43.700000000 9.88583 10.708 0 0 0 0.173501 0.984834
43.800000000 9.95545 10.7359 0 0 0 0.179633 0.983734
43.900000000 10.0247 10.7648 0 0 0 0.185758 0.982596
44.000000000 10.0938 10.794 0 0 0 0.19064 0.98166
44.100000000 10.1626 10.8239 0 0 0 0.195518 0.9807
44.200000000 10.2315 10.8535 0 0 0 0.197725 0.980257
44.300000000 10.3004 10.8831 0 0 0 0.199219 0.979955
44.400000000 10.3692 10.913 0 0 0 0.200711 0.97965
44.500000000 10.4379 10.943 0 0 0 0.202203 0.979344
44.600000000 10.5066 10.9733 0 0 0 0.203695 0.979034
44.700000000 10.5751 11.0038 0 0 0 0.205186 0.978723
44.800000000 10.6435 11.0344 0 0 0 0.206677 0.978409
44.900000000 10.7119 11.0653 0 0 0 0.208167 0.978093
45.000000000 10.7801 11.0964 0 0 0 0.209657 0.977775
45.100000000 10.8483 11.1277 0 0 0 0.211147 0.977454
45.200000000 10.9174 11.1569 0 0 0 0.206285 0.978492
45.300000000 10.9869 11.1851 0 0 0 0.200794 0.979633
45.400000000 11.0567 11.2125 0 0 0 0.195297 0.980744
45.500000000 11.1269 11.2392 0 0 0 0.189794 0.981824
45.600000000 11.1973 11.265 0 0 0 0.184285 0.982873
45.700000000 11.268 11.2901 0 0 0 0.17877 0.983891
45.800000000 11.339 11.3144 0 0 0 0.17325 0.984878
45.900000000 11.4102 11.3379 0 0 0 0.167724 0.985834
46.000000000 11.4817 11.3606 0 0 0 0.162193 0.986759
46.100000000 11.5535 11.3824 0 0 0 0.156657 0.987653
46.200000000 11.626 11.402 0 0 0 0.14714 0.989116
46.300000000 11.6956 11.4191 0 0 0 0.137437 0.990511
46.400000000 11.764 11.4344 0 0 0 0.127947 0.991781
46.500000000 11.8294 11.4478 0 0 0 0.118897 0.992907
46.600000000 11.9032 11.4613 0 0 0 0.108227 0.994126
46.700000000 11.9774 11.4733 0 0 0 0.0975436 0.995231
46.800000000 12.0517 11.4836 0 0 0 0.0868491 0.996221
46.900000000 12.1263 11.4924 0 0 0 0.0761446 0.997097
47.000000000 12.201 11.4995 0 0 0 0.0654314 0.997857
47.100000000 12.2759 11.505 0 0 0 0.0547106 0.998502
47.200000000 12.3508 11.5096 0 0 0 0.0455876 0.99896
47.300000000 12.4258 11.5128 0 0 0 0.0364608 0.999335
47.400000000 12.5008 11.5146 0 0 0 0.0273309 0.999626
47.500000000 12.5759 11.515 0 0 0 0.0181988 0.999834
47.600000000 12.6509 11.5141 0 0 0 0.00906519 0.999959
47.700000000 12.726 11.5118 0 0 0 -6.92074e-05 1
47.800000000 12.8009 11.5082 0 0 0 -0.00920359 0.999958
47.900000000 12.8758 11.5031 0 0 0 -0.0183372 0.999832
48.000000000 12.9506 11.4967 0 0 0 -0.0274693 0.999623
48.100000000 13.0252 11.489 0 0 0 -0.0365991 0.99933
48.200000000 13.0997 11.4798 0 0 0 -0.0457258 0.998954
48.300000000 13.1741 11.4693 0 0 0 -0.0548488 0.998495
48.400000000 13.2356 11.4551 0 0 0 -0.0733914 0.997303
48.500000000 13.2801 11.4378 0 0 0 -0.0998635 0.995001
48.600000000 13.3064 11.4182 0 0 0 -0.134519 0.990911
48.700000000 13.3091 11.3985 0 0 0 -0.17963 0.983734
48.800000000 13.3027 11.3799 0 0 0 -0.227819 0.973704
48.900000000 13.2945 11.362 0 0 0 -0.275456 0.961314
49.000000000 13.2846 11.3451 0 0 0 -0.322425 0.946595
49.100000000 13.273 11.3291 0 0 0 -0.368613 0.929583
49.200000000 13.26 11.3144 0 0 0 -0.413909 0.910318
49.300000000 13.2455 11.3011 0 0 0 -0.458201 0.888849
49.400000000 13.2299 11.2892 0 0 0 -0.501384 0.865225
49.500000000 13.2131 11.2789 0 0 0 -0.543351 0.839506
49.600000000 13.1954 11.2703 0 0 0 -0.584002 0.811752
49.700000000 13.1769 11.2635 0 0 0 -0.623239 0.782032
49.800000000 13.1579 11.2586 0 0 0 -0.660965 0.750417
49.900000000 13.1385 11.2555 0 0 0 -0.69709 0.716984
50.000000000 13.1188 11.2544 0 0 0 -0.731526 0.681814
50.100000000 13.0992 11.2552 0 0 0 -0.76419 0.644992
50.200000000 13.0797 11.2579 0 0 0 -0.795002 0.606607
50.300000000 13.0606 11.2626 0 0 0 -0.823888 0.566753
50.400000000 13.042 11.2691 0 0 0 -0.850778 0.525525
50.500000000 13.0242 11.2773 0 0 0 0.875607 -0.483025
50.600000000 13.0073 11.2873 0 0 0 0.898314 -0.439354
50.700000000 12.9914 11.299 0 0 0 0.918845 -0.394618
50.800000000 12.9767 11.3121 0 0 0 0.93715 -0.348927
50.900000000 12.9634 11.3266 0 0 0 0.953184 -0.30239
51.000000000 12.9516 11.3423 0 0 0 0.966909 -0.25512
51.100000000 12.9257 11.3457 0 0 0 0.976178 -0.216973
51.200000000 12.8985 11.3498 0 0 0 0.983758 -0.179498
51.300000000 12.8716 11.356 0 0 0 0.989901 -0.14176
51.400000000 12.8453 11.3642 0 0 0 0.994597 -0.103815
51.500000000 12.8197 11.3744 0 0 0 0.997838 -0.0657179
51.600000000 12.795 11.3865 0 0 0 0.999621 -0.027525
51.700000000 12.7712 11.4005 0 0 0 0.999943 0.0107082
51.800000000 12.7486 11.4163 0 0 0 0.998802 0.0489256
51.900000000 12.7273 11.4338 0 0 0 0.996202 0.0870716
52.000000000 12.7073 11.4528 0 0 0 0.992145 0.12509
52.100000000 12.6889 11.4733 0 0 0 0.986638 0.162926
52.200000000 12.6564 11.4972 0 0 0 0.981194 0.193025
52.300000000 12.6255 11.5231 0 0 0 0.974832 0.222943
52.400000000 12.5962 11.5508 0 0 0 0.967557 0.252652
52.500000000 12.5686 11.5803 0 0 0 0.959378 0.282125
52.600000000 12.5429 11.6114 0 0 0 0.950301 0.311334
52.700000000 12.5191 11.644 0 0 0 0.940334 0.340252
52.800000000 12.4974 11.678 0 0 0 0.929488 0.368851
52.900000000 12.4778 11.7133 0 0 0 0.917773 0.397106
53.000000000 12.4611 11.7492 0 0 0 0.905023 0.425363
53.100000000 12.4339 11.7964 0 0 0 0.894987 0.446093
53.200000000 12.4053 11.8416 0 0 0 0.890005 0.455952
53.300000000 12.373 11.8881 0 0 0 0.888986 0.457935
53.400000000 12.3296 11.9431 0 0 0 0.892802 0.450449
53.500000000 12.2845 11.9931 0 0 0 0.900087 0.435711
53.600000000 12.2378 12.0416 0 0 0 0.907128 0.420854
53.700000000 12.1895 12.0885 0 0 0 0.913924 0.405884
53.800000000 12.1397 12.1338 0 0 0 0.920474 0.390805
53.900000000 12.0884 12.1775 0 0 0 0.926774 0.37562
54.000000000 12.0357 12.2194 0 0 0 0.932824 0.360333
54.100000000 11.9817 12.2596 0 0 0 0.938622 0.344949
54.200000000 11.9269 12.2973 0 0 0 0.944309 0.329059
54.300000000 11.8692 12.3352 0 0 0 0.949313 0.314333
54.400000000 11.8102 12.3712 0 0 0 0.954087 0.29953
54.500000000 11.7502 12.4054 0 0 0 0.95863 0.284656
54.600000000 11.6892 12.4378 0 0 0 0.962941 0.269712
54.700000000 11.6298 12.4658 0 0 0 0.967465 0.253005
54.800000000 11.5689 12.4922 0 0 0 0.971597 0.236642
54.900000000 11.5077 12.5161 0 0 0 0.975547 0.21979
55.000000000 11.4458 12.5378 0 0 0 0.979205 0.202872
55.100000000 11.3832 12.5574 0 0 0 0.98257 0.185893
55.200000000 11.3176 12.5763 0 0 0 0.985418 0.17015
55.300000000 11.2515 12.593 0 0 0 0.988014 0.154362
55.400000000 11.1857 12.6072 0 0 0 0.990418 0.138099
55.500000000 11.1186 12.6196 0 0 0 0.992501 0.122236
55.600000000 11.0448 12.6333 0 0 0 0.993845 0.110778
55.700000000 10.9723 12.645 0 0 0 0.995032 0.0995601
55.800000000 10.9029 12.6547 0 0 0 0.996046 0.0888407
55.900000000 10.8333 12.6631 0 0 0 0.996898 0.078708
56.000000000 10.7653 12.6699 0 0 0 0.99763 0.0688088
56.100000000 10.7004 12.675 0 0 0 0.998235 0.0593861
56.200000000 10.6371 12.6789 0 0 0 0.998739 0.0501999
56.300000000 10.5754 12.6817 0 0 0 0.999127 0.0417738
56.400000000 10.5154 12.6835 0 0 0 0.999436 0.0335726
56.500000000 10.4587 12.6843 0 0 0 0.999654 0.0263011
56.600000000 10.402 12.6846 0 0 0 0.99981 0.0195007
56.700000000 10.3453 12.6845 0 0 0 0.999907 0.013634
56.800000000 10.2919 12.6841 0 0 0 0.99996 0.00898017
56.900000000 10.2169 12.6857 0 0 0 0.999954 0.00956925
57.000000000 10.142 12.6898 0 0 0 0.999865 0.0164051
57.100000000 10.0761 12.6987 0 0 0 0.999446 0.0332767
57.200000000 10.0272 12.712 0 0 0 0.998302 0.0582498
57.300000000 9.98052 12.7279 0 0 0 0.996468 0.0839695
57.400000000 9.93476 12.7461 0 0 0 0.993972 0.109633
57.500000000 9.87519 12.767 0 0 0 0.991764 0.128082
57.600000000 9.81644 12.7901 0 0 0 0.989213 0.146487
57.700000000 9.75858 12.8154 0 0 0 0.98632 0.164842
57.800000000 9.7017 12.8428 0 0 0 0.983087 0.183139
57.900000000 9.64589 12.8723 0 0 0 0.979515 0.201373
58.000000000 9.5912 12.9039 0 0 0 0.975604 0.219538
58.100000000 9.53689 12.9377 0 0 0 0.971456 0.237218
58.200000000 9.48385 12.9734 0 0 0 0.966988 0.254821
58.300000000 9.43213 13.011 0 0 0 0.962201 0.272339
58.400000000 9.381 13.0508 0 0 0 0.95722 0.289362
58.500000000 9.33131 13.0924 0 0 0 0.951937 0.306293
58.600000000 9.28313 13.1357 0 0 0 0.946355 0.323129
58.700000000 9.23573 13.1811 0 0 0 0.940621 0.33946
58.800000000 9.18993 13.2281 0 0 0 0.934604 0.355689
58.900000000 9.14502 13.2771 0 0 0 0.928468 0.371411
59.000000000 9.10179 13.3276 0 0 0 0.922068 0.387027
59.100000000 9.06102 13.3791 0 0 0 0.915231 0.402929
59.200000000 9.03545 13.422 0 0 0 0.904706 0.426036
59.300000000 9.02513 13.4556 0 0 0 0.889902 0.456152
59.400000000 9.0249 13.4824 0 0 0 0.871565 0.49028
59.500000000 9.02748 13.5084 0 0 0 0.85165 0.52411
59.600000000 9.03208 13.5341 0 0 0 0.830423 0.557134
59.700000000 9.03928 13.5584 0 0 0 0.807606 0.589722
59.800000000 9.0484 13.5821 0 0 0 0.783511 0.621378
59.900000000 9.05937 13.605 0 0 0 0.758176 0.65205
60.000000000 9.07212 13.627 0 0 0 0.731641 0.68169
60.100000000 9.08658 13.6478 0 0 0 0.703948 0.710251
60.200000000 9.10286 13.6664 0 0 0 0.674747 0.738049
60.300000000 9.1207 13.6825 0 0 0 0.644031 0.764999
60.400000000 9.13934 13.7166 0 0 0 0.619682 0.784853
60.500000000 9.15746 13.7583 0 0 0 0.603992 0.79699
60.600000000 9.17631 13.8084 0 0 0 0.594755 0.803907
60.700000000 9.19805 13.8749 0 0 0 0.592092 0.80587
60.800000000 9.21808 13.9472 0 0 0 0.597101 0.802166
60.900000000 9.23721 14.0198 0 0 0 0.602086 0.798431
61.000000000 9.25543 14.0926 0 0 0 0.607048 0.794665
61.100000000 9.27299 14.1655 0 0 0 0.611495 0.791248
61.200000000 9.28973 14.2386 0 0 0 0.615923 0.787806
61.300000000 9.30564 14.3119 0 0 0 0.620331 0.78434
61.400000000 9.32074 14.3854 0 0 0 0.62472 0.780849
61.500000000 9.335 14.4591 0 0 0 0.629089 0.777333
61.600000000 9.34844 14.5329 0 0 0 0.633439 0.773793
61.700000000 9.36106 14.6068 0 0 0 0.637768 0.770228
61.800000000 9.37309 14.6809 0 0 0 0.641589 0.767048
61.900000000 9.38438 14.755 0 0 0 0.645394 0.76385
62.000000000 9.39494 14.8293 0 0 0 0.649184 0.760632
62.100000000 9.40476 14.9037 0 0 0 0.652957 0.757395
62.200000000 9.41384 14.9782 0 0 0 0.656714 0.75414
62.300000000 9.42218 15.0527 0 0 0 0.660455 0.750866
62.400000000 9.42977 15.1273 0 0 0 0.664179 0.747573
62.500000000 9.43663 15.202 0 0 0 0.667888 0.744262
62.600000000 9.44274 15.2768 0 0 0 0.671579 0.740933
62.700000000 9.44811 15.3516 0 0 0 0.675254 0.737585
62.800000000 9.45273 15.4265 0 0 0 0.678913 0.734219
62.900000000 9.45661 15.5014 0 0 0 0.682554 0.730835
63.000000000 9.45974 15.5764 0 0 0 0.686179 0.727433
63.100000000 9.46213 15.6514 0 0 0 0.689787 0.724013
63.200000000 9.4643 15.7263 0 0 0 0.692423 0.721492
63.300000000 9.46593 15.8013 0 0 0 0.69505 0.718961
63.400000000 9.467 15.8763 0 0 0 0.697669 0.716421
63.500000000 9.46753 15.9513 0 0 0 0.700277 0.713871
63.600000000 9.46752 16.0263 0 0 0 0.702877 0.711311
63.700000000 9.46695 16.1013 0 0 0 0.705467 0.708743
63.800000000 9.46584 16.1763 0 0 0 0.708048 0.706164
63.900000000 9.46418 16.2513 0 0 0 0.710619 0.703577
64.000000000 9.46197 16.3263 0 0 0 0.713181 0.70098
64.100000000 9.46068 16.4013 0 0 0 0.713181 0.70098
64.200000000 9.45939 16.4763 0 0 0 0.713181 0.70098
64.300000000 9.45809 16.5513 0 0 0 0.713181 0.70098
64.400000000 9.4568 16.6263 0 0 0 0.713181 0.70098
64.500000000 9.4555 16.7013 0 0 0 0.713181 0.70098
64.600000000 9.45421 16.7762 0 0 0 0.713181 0.70098
64.700000000 9.45292 16.8512 0 0 0 0.713181 0.70098
64.800000000 9.45162 16.9262 0 0 0 0.713181 0.70098
64.900000000 9.45033 17.0012 0 0 0 0.713181 0.70098
65.000000000 9.44903 17.0762 0 0 0 0.713181 0.70098
65.100000000 9.44774 17.1512 0 0 0 0.713181 0.70098
65.200000000 9.44894 17.2262 0 0 0 0.708801 0.705409
65.300000000 9.45107 17.3012 0 0 0 0.704393 0.709811
65.400000000 9.45414 17.3762 0 0 0 0.699957 0.714185
65.500000000 9.45814 17.4511 0 0 0 0.695495 0.718531
65.600000000 9.46307 17.5259 0 0 0 0.691005 0.72285
65.700000000 9.46893 17.6007 0 0 0 0.686489 0.72714
65.800000000 9.47573 17.6755 0 0 0 0.681946 0.731403
65.900000000 9.48243 17.7502 0 0 0 0.679273 0.733886
66.000000000 9.4907 17.8247 0 0 0 0.674688 0.738103
66.100000000 9.4999 17.8992 0 0 0 0.670077 0.742291
66.200000000 9.51003 17.9735 0 0 0 0.66544 0.746451
66.300000000 9.52108 18.0477 0 0 0 0.660777 0.750582
66.400000000 9.53609 18.1134 0 0 0 0.648349 0.761344
66.500000000 9.55335 18.1758 0 0 0 0.634743 0.772723
66.600000000 9.57282 18.2376 0 0 0 0.620939 0.783859
66.700000000 9.59446 18.2987 0 0 0 0.606939 0.794749
66.800000000 9.61826 18.359 0 0 0 0.592747 0.805388
66.900000000 9.64418 18.4183 0 0 0 0.57837 0.815775
67.000000000 9.67219 18.4768 0 0 0 0.56381 0.825904
67.100000000 9.70225 18.5342 0 0 0 0.549074 0.835774
67.200000000 9.73547 18.5957 0 0 0 0.53639 0.84397
67.300000000 9.77053 18.6563 0 0 0 0.523584 0.851974
67.400000000 9.80741 18.7157 0 0 0 0.510658 0.859784
67.500000000 9.84606 18.7741 0 0 0 0.497616 0.867397
67.600000000 9.88646 18.8312 0 0 0 0.484461 0.874813
67.700000000 9.92857 18.8871 0 0 0 0.471195 0.882029
67.800000000 9.97234 18.9416 0 0 0 0.457821 0.889044
67.900000000 10.0177 18.9949 0 0 0 0.444343 0.895857
68.000000000 10.0647 19.0467 0 0 0 0.430764 0.902465
68.100000000 10.1133 19.0971 0 0 0 0.417087 0.908867
68.200000000 10.1642 19.1522 0 0 0 0.410864 0.911697
68.300000000 10.2156 19.2069 0 0 0 0.405744 0.913987
68.400000000 10.2675 19.261 0 0 0 0.400612 0.916248
68.500000000 10.3201 19.3145 0 0 0 0.395468 0.91848
68.600000000 10.3733 19.3674 0 0 0 0.390311 0.920683
68.700000000 10.427 19.4198 0 0 0 0.385141 0.922858
68.800000000 10.4814 19.4715 0 0 0 0.37996 0.925003
68.900000000 10.5363 19.5226 0 0 0 0.374767 0.927119
69.000000000 10.5917 19.5731 0 0 0 0.369561 0.929206
69.100000000 10.6478 19.623 0 0 0 0.364345 0.931264
69.200000000 10.7037 19.673 0 0 0 0.361587 0.932338
69.300000000 10.7597 19.7229 0 0 0 0.359487 0.93315
69.400000000 10.8159 19.7726 0 0 0 0.357384 0.933957
69.500000000 10.8723 19.822 0 0 0 0.35528 0.93476
69.600000000 10.929 19.8711 0 0 0 0.353175 0.935557
69.700000000 10.9859 19.92 0 0 0 0.351067 0.93635
69.800000000 11.043 19.9686 0 0 0 0.348958 0.937138
69.900000000 11.1003 20.017 0 0 0 0.346847 0.937922
70.000000000 11.1578 20.0651 0 0 0 0.344734 0.9387
70.100000000 11.2174 20.1108 0 0 0 0.336145 0.94181
70.200000000 11.2778 20.1553 0 0 0 0.327013 0.94502
70.300000000 11.3392 20.1986 0 0 0 0.31785 0.948141
70.400000000 11.4013 20.2407 0 0 0 0.308657 0.951173
70.500000000 11.4643 20.2816 0 0 0 0.299435 0.954117
70.600000000 11.528 20.3212 0 0 0 0.290186 0.95697
70.700000000 11.5925 20.3596 0 0 0 0.280909 0.959734
70.800000000 11.6577 20.3968 0 0 0 0.271606 0.962409
70.900000000 11.7236 20.4327 0 0 0 0.262277 0.964993
71.000000000 11.7902 20.4673 0 0 0 0.252924 0.967486
71.100000000 11.8575 20.5006 0 0 0 0.243547 0.969889
71.200000000 11.9254 20.5326 0 0 0 0.234147 0.972201
71.300000000 11.9939 20.5633 0 0 0 0.224725 0.974422
71.400000000 12.063 20.5926 0 0 0 0.215283 0.976552
71.500000000 12.1223 20.6117 0 0 0 0.196692 0.980465
71.600000000 12.1687 20.6194 0 0 0 0.170183 0.985412
71.700000000 12.2006 20.6158 0 0 0 0.135244 0.990812
71.800000000 12.2277 20.6077 0 0 0 0.0977656 0.995209
71.900000000 12.2532 20.5972 0 0 0 0.0596498 0.998219
72.000000000 12.2778 20.5847 0 0 0 0.0214468 0.99977
72.100000000 12.3013 20.5704 0 0 0 -0.0167876 0.999859
72.200000000 12.341 20.5572 0 0 0 -0.0465406 0.998916
72.300000000 12.3815 20.5418 0 0 0 -0.0754453 0.99715
72.400000000 12.421 20.5241 0 0 0 -0.104287 0.994547
72.500000000 12.4595 20.5041 0 0 0 -0.133041 0.991111
72.600000000 12.4967 20.4819 0 0 0 -0.161683 0.986843
72.700000000 12.5326 20.4576 0 0 0 -0.19019 0.981747
72.800000000 12.567 20.4313 0 0 0 -0.218537 0.975829
72.900000000 12.5998 20.403 0 0 0 -0.246701 0.969092
73.000000000 12.6309 20.3729 0 0 0 -0.274658 0.961542
73.100000000 12.6602 20.341 0 0 0 -0.302385 0.953186
73.200000000 12.7026 20.3008 0 0 0 -0.322372 0.946613
73.300000000 12.7516 20.2547 0 0 0 -0.337891 0.941185
73.400000000 12.8 20.2066 0 0 0 -0.352905 0.935659
73.500000000 12.8467 20.157 0 0 0 -0.367829 0.929893
73.600000000 12.8919 20.1058 0 0 0 -0.38266 0.923889
73.700000000 12.9354 20.0533 0 0 0 -0.397392 0.917649
73.800000000 12.9771 19.9994 0 0 0 -0.412022 0.911174
73.900000000 13.0172 19.9442 0 0 0 -0.426547 0.904465
74.000000000 13.0554 19.8877 0 0 0 -0.440963 0.897525
74.100000000 13.0961 19.8264 0 0 0 -0.452803 0.89161
74.200000000 13.1352 19.7639 0 0 0 -0.464565 0.885539
74.300000000 13.1726 19.7005 0 0 0 -0.476244 0.879313
74.400000000 13.2083 19.6361 0 0 0 -0.487841 0.872933
74.500000000 13.2423 19.5707 0 0 0 -0.499352 0.866399
74.600000000 13.2745 19.5045 0 0 0 -0.510775 0.859714
74.700000000 13.305 19.4375 0 0 0 -0.522109 0.852879
74.800000000 13.3337 19.3696 0 0 0 -0.533352 0.845893
74.900000000 13.3606 19.3011 0 0 0 -0.544501 0.83876
75.000000000 13.3857 19.2318 0 0 0 -0.555555 0.83148
75.100000000 13.4089 19.1619 0 0 0 -0.566511 0.824054
75.200000000 13.4302 19.0914 0 0 0 -0.577368 0.816484
75.300000000 13.4497 19.0204 0 0 0 -0.588124 0.808771
75.400000000 13.4587 18.9643 0 0 0 -0.605648 0.795733
75.500000000 13.4579 18.9225 0 0 0 -0.629064 0.777354
75.600000000 13.4474 18.8978 0 0 0 -0.658702 0.752404
75.700000000 13.4285 18.8932 0 0 0 -0.694388 0.719601
75.800000000 13.4088 18.8919 0 0 0 -0.728956 0.684561
75.900000000 13.3892 18.8926 0 0 0 -0.761758 0.647862
76.000000000 13.3697 18.8952 0 0 0 -0.792714 0.609593
76.100000000 13.3505 18.8996 0 0 0 -0.82175 0.569848
76.200000000 13.3319 18.906 0 0 0 -0.848795 0.528722
76.300000000 13.314 18.9141 0 0 0 0.873784 -0.486315
76.400000000 13.297 18.924 0 0 0 0.896655 -0.44273
76.500000000 13.281 18.9355 0 0 0 0.917354 -0.398072
76.600000000 13.2663 18.9485 0 0 0 0.935831 -0.35245
76.700000000 13.2529 18.9629 0 0 0 0.95204 -0.305973
76.800000000 13.241 18.9786 0 0 0 0.965943 -0.258756
76.900000000 13.2306 18.9953 0 0 0 0.977505 -0.210911
77.000000000 13.222 19.013 0 0 0 0.986699 -0.162556
77.100000000 13.2152 19.0314 0 0 0 0.993503 -0.113807
77.200000000 13.2101 19.0504 0 0 0 0.997899 -0.0647818
77.300000000 13.207 19.0698 0 0 0 0.999878 -0.0155999
77.400000000 13.2058 19.0895 0 0 0 0.999435 0.0336198
77.500000000 13.2066 19.1091 0 0 0 0.99657 0.0827581
77.600000000 13.2093 19.1286 0 0 0 0.99129 0.131696
77.700000000 13.2138 19.1477 0 0 0 0.983609 0.180315
77.800000000 13.2203 19.1663 0 0 0 0.973545 0.228496
77.900000000 13.2285 19.1842 0 0 0 0.961122 0.276125
78.000000000 13.2384 19.2011 0 0 0 0.94637 0.323084
78.100000000 13.25 19.2171 0 0 0 0.929326 0.36926
78.200000000 13.2631 19.2317 0 0 0 0.91003 0.414542
78.300000000 13.2775 19.2451 0 0 0 0.888529 0.45882
78.400000000 13.2932 19.2569 0 0 0 0.864876 0.501986
78.500000000 13.31 19.2672 0 0 0 0.839127 0.543935
78.600000000 13.3277 19.2757 0 0 0 0.811345 0.584567
78.700000000 13.3462 19.2825 0 0 0 0.781598 0.623783
78.800000000 13.3652 19.2874 0 0 0 0.749957 0.661487
78.900000000 13.3847 19.2905 0 0 0 0.716499 0.697589
79.000000000 13.4043 19.2916 0 0 0 0.681304 0.732
79.100000000 13.4239 19.2907 0 0 0 0.64446 0.764638
79.200000000 13.4428 19.3128 0 0 0 0.615539 0.788107
79.300000000 13.4642 19.3513 0 0 0 0.592784 0.805362
79.400000000 13.4884 19.3943 0 0 0 0.571822 0.820377
79.500000000 13.5148 19.4367 0 0 0 0.550809 0.834632
79.600000000 13.5434 19.4777 0 0 0 0.52944 0.848348
79.700000000 13.5741 19.5172 0 0 0 0.50773 0.861517
79.800000000 13.6067 19.5551 0 0 0 0.485692 0.87413
79.900000000 13.6411 19.5913 0 0 0 0.463341 0.88618
80.000000000 13.6774 19.6257 0 0 0 0.440692 0.897659
80.100000000 13.7154 19.6583 0 0 0 0.417758 0.908558
80.200000000 13.7631 19.7033 0 0 0 0.40197 0.915653
80.300000000 13.8161 19.7565 0 0 0 0.395156 0.918614
80.400000000 13.8666 19.8119 0 0 0 0.398504 0.917166
80.500000000 13.9167 19.8678 0 0 0 0.401848 0.915707
80.600000000 13.9662 19.9241 0 0 0 0.405798 0.913963
80.700000000 14.0152 19.9809 0 0 0 0.409741 0.912202
80.800000000 14.0637 20.0381 0 0 0 0.413676 0.910424
80.900000000 14.1115 20.0959 0 0 0 0.418197 0.908356
81.000000000 14.159 20.154 0 0 0 0.422116 0.906542
81.100000000 14.2059 20.2125 0 0 0 0.426026 0.904711
81.200000000 14.2524 20.2714 0 0 0 0.429929 0.902863
81.300000000 14.2981 20.3309 0 0 0 0.434412 0.900714
81.400000000 14.3432 20.3908 0 0 0 0.438884 0.898544
81.500000000 14.3878 20.4512 0 0 0 0.443346 0.896351
81.600000000 14.4317 20.512 0 0 0 0.447796 0.894136
81.700000000 14.475 20.5732 0 0 0 0.452235 0.891899
81.800000000 14.5175 20.635 0 0 0 0.45723 0.889348
81.900000000 14.5593 20.6973 0 0 0 0.46221 0.88677
82.000000000 14.6004 20.7601 0 0 0 0.467176 0.884164
82.100000000 14.6408 20.8233 0 0 0 0.472127 0.88153
82.200000000 14.6805 20.887 0 0 0 0.477063 0.878869
82.300000000 14.7195 20.9511 0 0 0 0.481985 0.87618
82.400000000 14.7578 21.0156 0 0 0 0.486891 0.873463
82.500000000 14.7953 21.0806 0 0 0 0.491781 0.870719
82.600000000 14.8321 21.1459 0 0 0 0.496656 0.867947
82.700000000 14.8681 21.2117 0 0 0 0.501516 0.865148
82.800000000 14.9035 21.2779 0 0 0 0.50636 0.862322
82.900000000 14.938 21.3445 0 0 0 0.511188 0.859469
83.000000000 14.9719 21.4115 0 0 0 0.516 0.856589
83.100000000 15.0049 21.4788 0 0 0 0.520795 0.853682
83.200000000 15.0373 21.5465 0 0 0 0.525575 0.850748
83.300000000 15.0688 21.6146 0 0 0 0.530337 0.847787
83.400000000 15.0996 21.683 0 0 0 0.535083 0.844799
83.500000000 15.1296 21.7517 0 0 0 0.539813 0.841785
83.600000000 15.1591 21.8207 0 0 0 0.543991 0.839091
83.700000000 15.1877 21.8901 0 0 0 0.548688 0.836027
83.800000000 15.2157 21.9597 0 0 0 0.552837 0.833289
83.900000000 15.243 22.0295 0 0 0 0.556973 0.830531
84.000000000 15.2696 22.0997 0 0 0 0.561094 0.827752
84.100000000 15.2955 22.1701 0 0 0 0.565202 0.824952
84.200000000 15.3208 22.2407 0 0 0 0.569296 0.822132
84.300000000 15.3453 22.3116 0 0 0 0.573376 0.819292
84.400000000 15.3693 22.3827 0 0 0 0.576909 0.816809
84.500000000 15.393 22.4538 0 0 0 0.579885 0.814699
84.600000000 15.4162 22.5252 0 0 0 0.582853 0.812578
84.700000000 15.4391 22.5966 0 0 0 0.585255 0.810849
84.800000000 15.4616 22.6681 0 0 0 0.587652 0.809114
84.900000000 15.4829 22.7401 0 0 0 0.591667 0.806182
85.000000000 15.5035 22.8122 0 0 0 0.595668 0.803231
85.100000000 15.5237 22.8845 0 0 0 0.599131 0.800651
85.200000000 15.5422 22.9572 0 0 0 0.60459 0.796537
85.300000000 15.5597 23.0301 0 0 0 0.610022 0.792385
85.400000000 15.5762 23.1033 0 0 0 0.615424 0.788196
85.500000000 15.5918 23.1767 0 0 0 0.620798 0.78397
85.600000000 15.6063 23.2503 0 0 0 0.626143 0.779708
85.700000000 15.6198 23.3241 0 0 0 0.631459 0.775409
85.800000000 15.6323 23.3981 0 0 0 0.636745 0.771074
85.900000000 15.6438 23.4722 0 0 0 0.642002 0.766703
86.000000000 15.6543 23.5465 0 0 0 0.647228 0.762296
86.100000000 15.6638 23.621 0 0 0 0.652425 0.757854
86.200000000 15.6776 23.6947 0 0 0 0.647228 0.762296
86.300000000 15.6934 23.7681 0 0 0 0.640238 0.768176
86.400000000 15.7105 23.8412 0 0 0 0.633195 0.773993
86.500000000 15.7289 23.9139 0 0 0 0.626098 0.779744
86.600000000 15.7487 23.9863 0 0 0 0.61895 0.785431
86.700000000 15.7698 24.0584 0 0 0 0.611749 0.791052
86.800000000 15.7921 24.13 0 0 0 0.604498 0.796607
86.900000000 15.8158 24.2012 0 0 0 0.597196 0.802095
87.000000000 15.8408 24.272 0 0 0 0.589845 0.807517
87.100000000 15.8671 24.3423 0 0 0 0.582444 0.812871
87.200000000 15.8947 24.4121 0 0 0 0.574995 0.818157
87.300000000 15.9235 24.4814 0 0 0 0.567497 0.823375
87.400000000 15.9544 24.5472 0 0 0 0.556154 0.831079
87.500000000 15.9872 24.6121 0 0 0 0.544706 0.838627
87.600000000 16.0217 24.6762 0 0 0 0.533156 0.846017
87.700000000 16.0579 24.7392 0 0 0 0.521506 0.853248
87.800000000 16.0958 24.8012 0 0 0 0.509757 0.860318
87.900000000 16.1355 24.8622 0 0 0 0.497913 0.867227
88.000000000 16.1768 24.922 0 0 0 0.485975 0.873973
88.100000000 16.22 24.9834 0 0 0 0.476561 0.879142
88.200000000 16.2643 25.044 0 0 0 0.467555 0.883964
88.300000000 16.3098 25.1037 0 0 0 0.458502 0.888694
88.400000000 16.3566 25.1624 0 0 0 0.4494 0.893331
88.500000000 16.4046 25.2201 0 0 0 0.440251 0.897875
88.600000000 16.4537 25.2769 0 0 0 0.431056 0.902325
88.700000000 16.504 25.3326 0 0 0 0.421817 0.906681
88.800000000 16.5554 25.3873 0 0 0 0.412533 0.910943
88.900000000 16.6079 25.441 0 0 0 0.403206 0.915109
89.000000000 16.6615 25.4935 0 0 0 0.393838 0.91918
89.100000000 16.7162 25.545 0 0 0 0.384428 0.923155
89.200000000 16.7713 25.5959 0 0 0 0.377021 0.926205
89.300000000 16.8272 25.646 0 0 0 0.36959 0.929195
89.400000000 16.8839 25.6952 0 0 0 0.362136 0.932125
89.500000000 16.9413 25.7434 0 0 0 0.354658 0.934996
89.600000000 16.9996 25.7908 0 0 0 0.347157 0.937807
89.700000000 17.0584 25.8373 0 0 0 0.34018 0.94036
89.800000000 17.1179 25.883 0 0 0 0.333184 0.942862
89.900000000 17.1781 25.9278 0 0 0 0.32617 0.945311
90.000000000 17.239 25.9717 0 0 0 0.319137 0.947708
90.100000000 17.3004 26.0149 0 0 0 0.312651 0.949868
90.200000000 17.3624 26.057 0 0 0 0.305585 0.952165
90.300000000 17.425 26.0984 0 0 0 0.299069 0.954232
90.400000000 17.4881 26.139 0 0 0 0.292538 0.956254
90.500000000 17.5518 26.1787 0 0 0 0.285994 0.958231
90.600000000 17.616 26.2175 0 0 0 0.279436 0.960164
90.700000000 17.6808 26.2554 0 0 0 0.272866 0.962052
90.800000000 17.746 26.2925 0 0 0 0.266283 0.963895
90.900000000 17.8118 26.3286 0 0 0 0.259687 0.965693
91.000000000 17.8779 26.364 0 0 0 0.253666 0.967292
91.100000000 17.9446 26.3985 0 0 0 0.247047 0.969003
91.200000000 18.0117 26.432 0 0 0 0.240417 0.97067
91.300000000 18.0792 26.4648 0 0 0 0.234366 0.972149
91.400000000 18.1472 26.4965 0 0 0 0.227714 0.973728
91.500000000 18.2155 26.5275 0 0 0 0.221644 0.975128
91.600000000 18.2842 26.5577 0 0 0 0.215565 0.976489
91.700000000 18.3533 26.5868 0 0 0 0.208885 0.97794
91.800000000 18.4228 26.6151 0 0 0 0.202789 0.979223
91.900000000 18.4925 26.6428 0 0 0 0.197294 0.980344
92.000000000 18.5625 26.6698 0 0 0 0.191793 0.981435
92.100000000 18.6325 26.6969 0 0 0 0.188888 0.981999
92.200000000 18.7025 26.7236 0 0 0 0.18598 0.982553
92.300000000 18.7728 26.7499 0 0 0 0.183072 0.9831
92.400000000 18.8431 26.7761 0 0 0 0.180858 0.983509
92.500000000 18.9136 26.8017 0 0 0 0.177946 0.98404
92.600000000 18.9842 26.8271 0 0 0 0.17573 0.984438
92.700000000 19.0549 26.8519 0 0 0 0.172816 0.984954
92.800000000 19.1257 26.8766 0 0 0 0.170597 0.985341
92.900000000 19.1967 26.901 0 0 0 0.168378 0.985722
93.000000000 19.2677 26.925 0 0 0 0.166158 0.986099
93.100000000 19.3389 26.9488 0 0 0 0.163937 0.986471
93.200000000 19.4113 26.9687 0 0 0 0.152823 0.988254
93.300000000 19.4832 26.99 0 0 0 0.149217 0.988804
93.400000000 19.5524 27.0052 0 0 0 0.134721 0.990884
93.500000000 19.6251 27.0239 0 0 0 0.131105 0.991368
93.600000000 19.6964 27.0471 0 0 0 0.140695 0.990053
93.700000000 19.7572 27.0719 0 0 0 0.15781 0.987469
93.800000000 19.8162 27.0987 0 0 0 0.175299 0.984515
93.900000000 19.8742 27.1276 0 0 0 0.192733 0.981251
94.000000000 19.9311 27.1585 0 0 0 0.210106 0.977679
94.100000000 19.9852 27.1911 0 0 0 0.228235 0.973606
94.200000000 20.0381 27.2256 0 0 0 0.246285 0.969197
94.300000000 20.0896 27.2621 0 0 0 0.26425 0.964454
94.400000000 20.1406 27.3007 0 0 0 0.281721 0.959496
94.500000000 20.1893 27.3408 0 0 0 0.2995 0.954096
94.600000000 20.2215 27.3762 0 0 0 0.324744 0.945802
94.700000000 20.2363 27.4054 0 0 0 0.357547 0.933895
94.800000000 20.2365 27.4282 0 0 0 0.396434 0.918063
94.900000000 20.2348 27.4508 0 0 0 0.434623 0.900613
95.000000000 20.2303 27.4725 0 0 0 0.472557 0.8813
95.100000000 20.224 27.4936 0 0 0 0.509635 0.860391
95.200000000 20.2151 27.5133 0 0 0 0.546286 0.837599
95.300000000 20.2045 27.532 0 0 0 0.58192 0.813246
95.400000000 20.1917 27.5488 0 0 0 0.616947 0.787005
95.500000000 20.1775 27.5643 0 0 0 0.650793 0.759255
95.600000000 20.162 27.5785 0 0 0 0.683392 0.730052
95.700000000 20.1454 27.5913 0 0 0 0.714682 0.69945
95.800000000 20.1276 27.6026 0 0 0 0.744603 0.667508
95.900000000 20.109 27.6124 0 0 0 0.773098 0.634287
96.000000000 20.0895 27.6191 0 0 0 0.800484 0.599354
96.100000000 20.0696 27.6241 0 0 0 0.826293 0.56324
96.200000000 20.0482 27.6458 0 0 0 0.842873 0.538113
96.300000000 20.0288 27.6716 0 0 0 0.851826 0.523825
96.400000000 20.0096 27.701 0 0 0 0.856826 0.515606
96.500000000 19.9903 27.7342 0 0 0 0.858705 0.51247
96.600000000 19.9684 27.7773 0 0 0 0.857137 0.515089
96.700000000 19.9422 27.8403 0 0 0 0.848786 0.528736
96.800000000 19.9278 27.8913 0 0 0 0.835952 0.548803
96.900000000 19.9163 27.9422 0 0 0 0.822419 0.568882
97.000000000 19.9089 27.9909 0 0 0 0.807478 0.589898
97.100000000 19.9041 28.04 0 0 0 0.792 0.610521
97.200000000 19.9015 28.0899 0 0 0 0.776244 0.630433
97.300000000 19.9007 28.1414 0 0 0 0.760497 0.649341
97.400000000 19.9017 28.1951 0 0 0 0.745078 0.666978
97.500000000 19.9044 28.2511 0 0 0 0.730061 0.683382
97.600000000 19.9075 28.315 0 0 0 0.717531 0.696527
97.700000000 19.9091 28.39 0 0 0 0.710755 0.70344
97.800000000 19.9095 28.465 0 0 0 0.70867 0.70554
97.900000000 19.9104 28.54 0 0 0 0.706579 0.707634
98.000000000 19.9117 28.615 0 0 0 0.704481 0.709722
98.100000000 19.9134 28.69 0 0 0 0.702378 0.711804
98.200000000 19.9156 28.765 0 0 0 0.700268 0.71388
98.300000000 19.9173 28.8399 0 0 0 0.699716 0.714421
98.400000000 19.9209 28.9149 0 0 0 0.696156 0.717891
98.500000000 19.9254 28.9898 0 0 0 0.692119 0.721784
98.600000000 19.9308 29.0646 0 0 0 0.68806 0.725654
98.700000000 19.937 29.1393 0 0 0 0.68398 0.729501
98.800000000 19.9441 29.214 0 0 0 0.679878 0.733325
98.900000000 19.952 29.2886 0 0 0 0.675755 0.737126
99.000000000 19.9607 29.3632 0 0 0 0.671611 0.740904
99.100000000 19.9703 29.4376 0 0 0 0.667445 0.744659
99.200000000 19.9797 29.512 0 0 0 0.665238 0.746631
99.300000000 19.9892 29.5864 0 0 0 0.663555 0.748127
99.400000000 19.999 29.6607 0 0 0 0.661869 0.749619
99.500000000 20.0092 29.735 0 0 0 0.660179 0.751108
99.600000000 20.0197 29.8093 0 0 0 0.658487 0.752593
99.700000000 20.0306 29.8835 0 0 0 0.65679 0.754073
99.800000000 20.0418 29.9577 0 0 0 0.655091 0.75555
99.900000000 20.0533 30.0318 0 0 0 0.653388 0.757024
100.000000000 20.0651 30.1059 0 0 0 0.651681 0.758493
100.100000000 20.0773 30.1799 0 0 0 0.649972 0.759958
100.200000000 20.0899 30.2538 0 0 0 0.648259 0.76142
100.300000000 20.1027 30.3277 0 0 0 0.646543 0.762878
100.400000000 20.12 30.3983 0 0 0 0.636022 0.771671
100.500000000 20.1393 30.4509 0 0 0 0.618704 0.785624
100.600000000 20.1602 30.4863 0 0 0 0.594718 0.803935
100.700000000 20.1813 30.5017 0 0 0 0.562705 0.826658
100.800000000 20.2001 30.4965 0 0 0 0.521986 0.852954
100.900000000 20.2179 30.4881 0 0 0 0.479383 0.877606
101.000000000 20.2347 30.4779 0 0 0 0.435618 0.900132
101.100000000 20.2505 30.4662 0 0 0 0.390798 0.920477
101.200000000 20.2651 30.453 0 0 0 0.345031 0.938591
101.300000000 20.2782 30.4384 0 0 0 0.298428 0.954432
101.400000000 20.2899 30.4225 0 0 0 0.251101 0.967961
101.500000000 20.3 30.4056 0 0 0 0.203167 0.979144
101.600000000 20.3083 30.3878 0 0 0 0.15474 0.987955
101.700000000 20.3149 30.3693 0 0 0 0.105939 0.994373
101.800000000 20.3196 30.3502 0 0 0 0.0568805 0.998381
101.900000000 20.3224 30.3307 0 0 0 0.00768448 0.99997
102.000000000 20.3233 30.3111 0 0 0 -0.0415302 0.999137
102.100000000 20.3222 30.2914 0 0 0 -0.0906442 0.995883
102.200000000 20.3441 30.2723 0 0 0 -0.127667 0.991817
102.300000000 20.3824 30.2505 0 0 0 -0.155935 0.987767
102.400000000 20.4355 30.2246 0 0 0 -0.176285 0.984339
102.500000000 20.4901 30.1961 0 0 0 -0.195358 0.980732
102.600000000 20.5435 30.1656 0 0 0 -0.214358 0.976755
102.700000000 20.5956 30.133 0 0 0 -0.233277 0.97241
102.800000000 20.6465 30.0984 0 0 0 -0.252108 0.967699
102.900000000 20.6968 30.0615 0 0 0 -0.270446 0.962735
103.000000000 20.7456 30.0228 0 0 0 -0.288686 0.957424
103.100000000 20.8057 29.9778 0 0 0 -0.298952 0.954268
103.200000000 20.8651 29.9319 0 0 0 -0.308176 0.95133
103.300000000 20.9235 29.8848 0 0 0 -0.31737 0.948302
103.400000000 20.9811 29.8366 0 0 0 -0.326534 0.945185
103.500000000 21.0376 29.7873 0 0 0 -0.335668 0.94198
103.600000000 21.0933 29.7369 0 0 0 -0.344771 0.938687
103.700000000 21.1479 29.6854 0 0 0 -0.353841 0.935306
103.800000000 21.2015 29.6329 0 0 0 -0.362878 0.931837
103.900000000 21.2541 29.5793 0 0 0 -0.371881 0.92828
104.000000000 21.3057 29.5248 0 0 0 -0.380849 0.924637
104.100000000 21.3583 29.4713 0 0 0 -0.38293 0.923777
104.200000000 21.4109 29.4178 0 0 0 -0.384337 0.923193
104.300000000 21.4635 29.3644 0 0 0 -0.385051 0.922895
104.400000000 21.516 29.3108 0 0 0 -0.385765 0.922597
104.500000000 21.5685 29.2572 0 0 0 -0.386478 0.922299
104.600000000 21.6209 29.2036 0 0 0 -0.387191 0.922
104.700000000 21.6732 29.1498 0 0 0 -0.387904 0.9217
104.800000000 21.7254 29.0959 0 0 0 -0.388616 0.9214
104.900000000 21.7775 29.042 0 0 0 -0.389329 0.921099
105.000000000 21.8295 28.988 0 0 0 -0.390041 0.920797
105.100000000 21.8815 28.9339 0 0 0 -0.390753 0.920496
105.200000000 21.9338 28.8802 0 0 0 -0.390041 0.920797
105.300000000 21.9862 28.8265 0 0 0 -0.389329 0.921099
105.400000000 22.0387 28.773 0 0 0 -0.388616 0.9214
105.500000000 22.0913 28.7195 0 0 0 -0.387904 0.9217
105.600000000 22.1439 28.666 0 0 0 -0.387191 0.922
105.700000000 22.1966 28.6127 0 0 0 -0.386478 0.922299
105.800000000 22.2495 28.5595 0 0 0 -0.385765 0.922597
105.900000000 22.3024 28.5063 0 0 0 -0.385051 0.922895
106.000000000 22.3553 28.4532 0 0 0 -0.384337 0.923193
106.100000000 22.4084 28.4002 0 0 0 -0.383623 0.92349
106.200000000 22.4615 28.3473 0 0 0 -0.382909 0.923786
106.300000000 22.5148 28.2944 0 0 0 -0.382194 0.924082
106.400000000 22.5679 28.2415 0 0 0 -0.382194 0.924082
106.500000000 22.6209 28.1885 0 0 0 -0.382194 0.924082
106.600000000 22.674 28.1355 0 0 0 -0.382194 0.924082
106.700000000 22.7271 28.0825 0 0 0 -0.382194 0.924082
106.800000000 22.7802 28.0296 0 0 0 -0.382194 0.924082
106.900000000 22.8333 27.9766 0 0 0 -0.382194 0.924082
107.000000000 22.8864 27.9236 0 0 0 -0.382194 0.924082
107.100000000 22.9395 27.8706 0 0 0 -0.382194 0.924082
107.200000000 22.9926 27.8177 0 0 0 -0.382194 0.924082
107.300000000 23.0457 27.7647 0 0 0 -0.382194 0.924082
107.400000000 23.0987 27.7117 0 0 0 -0.382194 0.924082
107.500000000 23.1518 27.6587 0 0 0 -0.382194 0.924082
107.600000000 23.2049 27.6057 0 0 0 -0.382194 0.924082
107.700000000 23.258 27.5528 0 0 0 -0.382194 0.924082
107.800000000 23.3111 27.4998 0 0 0 -0.382194 0.924082
107.900000000 23.3642 27.4468 0 0 0 -0.382194 0.924082
108.000000000 23.4173 27.3938 0 0 0 -0.382194 0.924082
108.100000000 23.4704 27.3409 0 0 0 -0.382194 0.924082
108.200000000 23.5235 27.2879 0 0 0 -0.382194 0.924082
108.300000000 23.5766 27.2349 0 0 0 -0.382194 0.924082
108.400000000 23.6296 27.1819 0 0 0 -0.382194 0.924082
108.500000000 23.6827 27.129 0 0 0 -0.382194 0.924082
108.600000000 23.7358 27.076 0 0 0 -0.382194 0.924082
108.700000000 23.7889 27.023 0 0 0 -0.382194 0.924082
108.800000000 23.842 26.97 0 0 0 -0.382194 0.924082
108.900000000 23.8951 26.917 0 0 0 -0.382194 0.924082
109.000000000 23.9482 26.8641 0 0 0 -0.382194 0.924082
109.100000000 24.0013 26.8111 0 0 0 -0.382194 0.924082
109.200000000 24.0544 26.7581 0 0 0 -0.382194 0.924082
109.300000000 24.1074 26.7051 0 0 0 -0.382194 0.924082
109.400000000 24.1605 26.6522 0 0 0 -0.382194 0.924082
109.500000000 24.2136 26.5992 0 0 0 -0.382194 0.924082
109.600000000 24.2679 26.5474 0 0 0 -0.3782 0.925724
109.700000000 24.3229 26.4963 0 0 0 -0.373594 0.927592
109.800000000 24.3783 26.4458 0 0 0 -0.368978 0.929438
109.900000000 24.4342 26.3958 0 0 0 -0.364353 0.931261
110.000000000 24.4907 26.3464 0 0 0 -0.359719 0.933061
110.100000000 24.5477 26.2977 0 0 0 -0.354481 0.935063
110.200000000 24.6052 26.2495 0 0 0 -0.349828 0.936814
110.300000000 24.6631 26.2018 0 0 0 -0.345167 0.938541
110.400000000 24.7216 26.1548 0 0 0 -0.340497 0.940246
110.500000000 24.7806 26.1085 0 0 0 -0.335218 0.94214
110.600000000 24.8401 26.0628 0 0 0 -0.32993 0.944006
110.700000000 24.9002 26.0179 0 0 0 -0.32463 0.945841
110.800000000 24.9608 25.9736 0 0 0 -0.319321 0.947647
110.900000000 25.0218 25.93 0 0 0 -0.314002 0.949422
111.000000000 25.0833 25.8871 0 0 0 -0.308672 0.951168
111.100000000 25.1454 25.8449 0 0 0 -0.303333 0.952885
111.200000000 25.2078 25.8034 0 0 0 -0.297985 0.954571
111.300000000 25.2709 25.7628 0 0 0 -0.292033 0.956408
111.400000000 25.3344 25.7227 0 0 0 -0.286664 0.958031
111.500000000 25.3983 25.6834 0 0 0 -0.281287 0.959624
111.600000000 25.4627 25.645 0 0 0 -0.275304 0.961357
111.700000000 25.5277 25.6075 0 0 0 -0.26931 0.963054
111.800000000 25.5931 25.5707 0 0 0 -0.263305 0.964713
111.900000000 25.6589 25.5347 0 0 0 -0.257291 0.966334
112.000000000 25.7252 25.4996 0 0 0 -0.251266 0.967918
112.100000000 25.792 25.4653 0 0 0 -0.245232 0.969465
112.200000000 25.8591 25.4319 0 0 0 -0.239188 0.970973
112.300000000 25.9267 25.3992 0 0 0 -0.233134 0.972445
112.400000000 25.9946 25.3675 0 0 0 -0.227072 0.973878
112.500000000 26.063 25.3365 0 0 0 -0.221001 0.975274
112.600000000 26.1317 25.3065 0 0 0 -0.214921 0.976631
112.700000000 26.2008 25.2772 0 0 0 -0.208833 0.977951
112.800000000 26.2703 25.2489 0 0 0 -0.202737 0.979233
112.900000000 26.34 25.2212 0 0 0 -0.197242 0.980355
113.000000000 26.41 25.1942 0 0 0 -0.191741 0.981445
113.100000000 26.4803 25.1681 0 0 0 -0.186235 0.982505
113.200000000 26.5509 25.1427 0 0 0 -0.180722 0.983534
113.300000000 26.6218 25.1182 0 0 0 -0.175203 0.984532
113.400000000 26.693 25.0944 0 0 0 -0.169679 0.985499
113.500000000 26.7644 25.0715 0 0 0 -0.16415 0.986435
113.600000000 26.8361 25.0493 0 0 0 -0.158615 0.98734
113.700000000 26.908 25.0279 0 0 0 -0.153076 0.988214
113.800000000 26.9802 25.0074 0 0 0 -0.147532 0.989057
113.900000000 27.0525 24.9876 0 0 0 -0.141983 0.989869
114.000000000 27.1251 24.9687 0 0 0 -0.136429 0.99065
114.100000000 27.198 24.9508 0 0 0 -0.130255 0.99148
114.200000000 27.2711 24.9339 0 0 0 -0.124077 0.992273
114.300000000 27.3444 24.9178 0 0 0 -0.117893 0.993026
114.400000000 27.4178 24.9027 0 0 0 -0.111705 0.993741
114.500000000 27.4915 24.8885 0 0 0 -0.105512 0.994418
114.600000000 27.5653 24.8752 0 0 0 -0.0993153 0.995056
114.700000000 27.6393 24.8628 0 0 0 -0.0931148 0.995655
114.800000000 27.7135 24.8514 0 0 0 -0.0869106 0.996216
114.900000000 27.7878 24.8408 0 0 0 -0.0807031 0.996738
115.000000000 27.8622 24.8312 0 0 0 -0.0744924 0.997222
115.100000000 27.9367 24.8225 0 0 0 -0.0682788 0.997666
115.200000000 28.0114 24.815 0 0 0 -0.0614568 0.99811
115.300000000 28.0861 24.8086 0 0 0 -0.0546319 0.998507
115.400000000 28.1609 24.8031 0 0 0 -0.0478044 0.998857
115.500000000 28.2358 24.7987 0 0 0 -0.0409748 0.99916
115.600000000 28.3108 24.7952 0 0 0 -0.0341432 0.999417
115.700000000 28.3858 24.7928 0 0 0 -0.02731 0.999627
115.800000000 28.4608 24.7915 0 0 0 -0.0204755 0.99979
115.900000000 28.5358 24.7911 0 0 0 -0.0136401 0.999907
116.000000000 28.6109 24.7918 0 0 0 -0.00680399 0.999977
116.100000000 28.6859 24.7935 0 0 0 3.23896e-05 1
116.200000000 28.7609 24.7955 0 0 0 0.00500359 0.999987
116.300000000 28.8358 24.798 0 0 0 0.00932168 0.999957
116.400000000 28.9108 24.8011 0 0 0 0.0136396 0.999907
116.500000000 28.9857 24.8049 0 0 0 0.0179573 0.999839
116.600000000 29.0606 24.8093 0 0 0 0.0222746 0.999752
116.700000000 29.1354 24.8144 0 0 0 0.0265915 0.999646
116.800000000 29.2102 24.8201 0 0 0 0.0309079 0.999522
116.900000000 29.285 24.8265 0 0 0 0.0352237 0.999379
117.000000000 29.3597 24.8335 0 0 0 0.0395389 0.999218
117.100000000 29.4343 24.8411 0 0 0 0.0438534 0.999038
117.200000000 29.5091 24.8468 0 0 0 0.0416037 0.999134
117.300000000 29.5839 24.8519 0 0 0 0.0386465 0.999253
117.400000000 29.6588 24.8565 0 0 0 0.035689 0.999363
117.500000000 29.7337 24.8606 0 0 0 0.0327312 0.999464
117.600000000 29.8086 24.8644 0 0 0 0.0297731 0.999557
117.700000000 29.8835 24.8676 0 0 0 0.0268148 0.99964
117.800000000 29.9585 24.8705 0 0 0 0.0238562 0.999715
117.900000000 30.0334 24.8729 0 0 0 0.0208974 0.999782
118.000000000 30.1084 24.8748 0 0 0 0.0179384 0.999839
118.100000000 30.1834 24.8763 0 0 0 0.0149793 0.999888
118.200000000 30.2584 24.8774 0 0 0 0.01202 0.999928
118.300000000 30.3334 24.878 0 0 0 0.00906066 0.999959
118.400000000 30.4084 24.8782 0 0 0 0.00610121 0.999981
118.500000000 30.4834 24.8785 0 0 0 0.0045778 0.99999
118.600000000 30.5584 24.8786 0 0 0 0.00305437 0.999995
118.700000000 30.6334 24.8784 0 0 0 0.00153094 0.999999
118.800000000 30.7084 24.878 0 0 0 7.50296e-06 1
118.900000000 30.7834 24.8774 0 0 0 -0.00151593 0.999999
119.000000000 30.8584 24.8766 0 0 0 -0.00303937 0.999995
119.100000000 30.9334 24.8755 0 0 0 -0.00456279 0.99999
119.200000000 31.0084 24.8726 0 0 0 -0.0101706 0.999948
119.300000000 31.0833 24.8686 0 0 0 -0.0163996 0.999866
119.400000000 31.1581 24.8636 0 0 0 -0.0226278 0.999744
119.500000000 31.2329 24.8578 0 0 0 -0.0288552 0.999584
119.600000000 31.3076 24.8509 0 0 0 -0.0350815 0.999384
119.700000000 31.3823 24.8432 0 0 0 -0.0413064 0.999147
119.800000000 31.4568 24.8345 0 0 0 -0.0475297 0.99887
119.900000000 31.5312 24.8249 0 0 0 -0.0537512 0.998554
120.000000000 31.6055 24.8144 0 0 0 -0.0599706 0.9982
120.100000000 31.6796 24.8029 0 0 0 -0.0661876 0.997807
120.200000000 31.7498 24.7879 0 0 0 -0.0803309 0.996768
120.300000000 31.8177 24.7707 0 0 0 -0.0953742 0.995441
120.400000000 31.8849 24.7516 0 0 0 -0.110396 0.993888
120.500000000 31.9516 24.7304 0 0 0 -0.125392 0.992107
120.600000000 32.0176 24.7072 0 0 0 -0.14036 0.990101
120.700000000 32.0829 24.682 0 0 0 -0.155296 0.987868
120.800000000 32.1474 24.6549 0 0 0 -0.170196 0.98541
120.900000000 32.211 24.6258 0 0 0 -0.185057 0.982728
121.000000000 32.2738 24.5948 0 0 0 -0.199877 0.979821
121.100000000 32.3355 24.562 0 0 0 -0.21465 0.976691
121.200000000 32.3981 24.5268 0 0 0 -0.228479 0.973549
121.300000000 32.4597 24.4899 0 0 0 -0.242262 0.970211
121.400000000 32.5202 24.4513 0 0 0 -0.255996 0.966678
121.500000000 32.5796 24.4109 0 0 0 -0.269679 0.96295
121.600000000 32.6378 24.3689 0 0 0 -0.283308 0.959029
121.700000000 32.6947 24.3253 0 0 0 -0.296879 0.954915
121.800000000 32.7505 24.28 0 0 0 -0.310391 0.950609
121.900000000 32.8049 24.2332 0 0 0 -0.323841 0.946112
122.000000000 32.858 24.1849 0 0 0 -0.337225 0.941424
122.100000000 32.9096 24.1351 0 0 0 -0.350541 0.936547
122.200000000 32.9646 24.084 0 0 0 -0.356369 0.934345
122.300000000 33.019 24.0323 0 0 0 -0.361603 0.932332
122.400000000 33.0729 23.9801 0 0 0 -0.366826 0.93029
122.500000000 33.1262 23.9273 0 0 0 -0.372037 0.928218
122.600000000 33.1788 23.8739 0 0 0 -0.377237 0.926117
122.700000000 33.2309 23.8199 0 0 0 -0.382424 0.923987
122.800000000 33.2824 23.7653 0 0 0 -0.3876 0.921828
122.900000000 33.3332 23.7102 0 0 0 -0.392764 0.91964
123.000000000 33.3835 23.6544 0 0 0 -0.397915 0.917422
123.100000000 33.4331 23.5982 0 0 0 -0.403053 0.915177
123.200000000 33.4848 23.5438 0 0 0 -0.399712 0.916641
123.300000000 33.5371 23.49 0 0 0 -0.39575 0.918358
123.400000000 33.5898 23.4367 0 0 0 -0.391781 0.920059
123.500000000 33.643 23.3838 0 0 0 -0.387804 0.921742
123.600000000 33.6967 23.3314 0 0 0 -0.38382 0.923408
123.700000000 33.7508 23.2795 0 0 0 -0.379829 0.925057
123.800000000 33.8054 23.228 0 0 0 -0.375831 0.926688
123.900000000 33.8604 23.177 0 0 0 -0.371826 0.928302
124.000000000 33.9159 23.1265 0 0 0 -0.367814 0.929899
124.100000000 33.9717 23.0765 0 0 0 -0.363795 0.931479
124.200000000 34.0281 23.0269 0 0 0 -0.359769 0.933041
124.300000000 34.0848 22.9779 0 0 0 -0.355737 0.934586
124.400000000 34.1409 22.936 0 0 0 -0.341583 0.939852
124.500000000 34.1875 22.9092 0 0 0 -0.319473 0.947595
124.600000000 34.2243 22.8969 0 0 0 -0.289548 0.957163
124.700000000 34.248 22.9008 0 0 0 -0.250202 0.968194
124.800000000 34.2604 22.9157 0 0 0 -0.203705 0.979032
124.900000000 34.2701 22.9326 0 0 0 -0.156024 0.987753
125.000000000 34.278 22.9504 0 0 0 -0.107977 0.994153
125.100000000 34.2843 22.9689 0 0 0 -0.0596758 0.998218
125.200000000 34.3118 22.9804 0 0 0 -0.0229451 0.999737
125.300000000 34.3448 22.9923 0 0 0 0.0106121 0.999944
125.400000000 34.3778 23.0062 0 0 0 0.0437213 0.999044
125.500000000 34.4098 23.0223 0 0 0 0.0767826 0.997048
125.600000000 34.4407 23.0405 0 0 0 0.10976 0.993958
125.700000000 34.4703 23.0607 0 0 0 0.142616 0.989778
125.800000000 34.4986 23.0828 0 0 0 0.175317 0.984512
125.900000000 34.5253 23.1067 0 0 0 0.207824 0.978166
126.000000000 34.5503 23.1324 0 0 0 0.240104 0.970747
126.100000000 34.5897 23.1644 0 0 0 0.264295 0.964442
126.200000000 34.6431 23.2039 0 0 0 0.280534 0.959844
126.300000000 34.7036 23.2484 0 0 0 0.292282 0.956332
126.400000000 34.763 23.2944 0 0 0 0.303986 0.952676
126.500000000 34.8213 23.3418 0 0 0 0.315645 0.948878
126.600000000 34.8783 23.3906 0 0 0 0.327256 0.944936
126.700000000 34.9342 23.4408 0 0 0 0.338817 0.940852
126.800000000 34.9888 23.4923 0 0 0 0.350328 0.936627
126.900000000 35.0421 23.5452 0 0 0 0.361786 0.932261
127.000000000 35.0941 23.5994 0 0 0 0.37319 0.927755
127.100000000 35.1472 23.6524 0 0 0 0.376572 0.926387
127.200000000 35.2003 23.7054 0 0 0 0.378657 0.925537
127.300000000 35.2532 23.7586 0 0 0 0.38074 0.924682
127.400000000 35.3058 23.812 0 0 0 0.382821 0.923822
127.500000000 35.3582 23.8657 0 0 0 0.384901 0.922958
127.600000000 35.4103 23.9196 0 0 0 0.386978 0.922089
127.700000000 35.4622 23.9738 0 0 0 0.389053 0.921215
127.800000000 35.5139 24.0282 0 0 0 0.391127 0.920337
127.900000000 35.5653 24.0828 0 0 0 0.393198 0.919454
128.000000000 35.6164 24.1376 0 0 0 0.395267 0.918566
128.100000000 35.6673 24.1927 0 0 0 0.397335 0.917674
128.200000000 35.7189 24.2472 0 0 0 0.396625 0.917981
128.300000000 35.7705 24.3016 0 0 0 0.395915 0.918287
128.400000000 35.8222 24.3559 0 0 0 0.395205 0.918593
128.500000000 35.874 24.4102 0 0 0 0.394494 0.918898
128.600000000 35.9259 24.4643 0 0 0 0.393784 0.919203
128.700000000 35.9779 24.5184 0 0 0 0.393073 0.919507
128.800000000 36.0299 24.5724 0 0 0 0.392361 0.919811
128.900000000 36.082 24.6263 0 0 0 0.39165 0.920114
129.000000000 36.1343 24.6802 0 0 0 0.390938 0.920417
129.100000000 36.1866 24.7339 0 0 0 0.390226 0.920719
129.200000000 36.2389 24.7876 0 0 0 0.389514 0.92102
129.300000000 36.2914 24.8412 0 0 0 0.388802 0.921321
129.400000000 36.344 24.8947 0 0 0 0.388089 0.921622
129.500000000 36.3966 24.9481 0 0 0 0.387377 0.921922
129.600000000 36.4493 25.0015 0 0 0 0.386663 0.922221
129.700000000 36.5021 25.0548 0 0 0 0.38595 0.92252
129.800000000 36.555 25.108 0 0 0 0.385237 0.922818
129.900000000 36.6079 25.1611 0 0 0 0.384523 0.923115
130.000000000 36.661 25.2141 0 0 0 0.383809 0.923413
130.100000000 36.7141 25.267 0 0 0 0.383095 0.923709
130.200000000 36.7673 25.3199 0 0 0 0.38238 0.924005
130.300000000 36.8206 25.3727 0 0 0 0.381666 0.9243
130.400000000 36.8739 25.4254 0 0 0 0.380951 0.924595
130.500000000 36.9272 25.4782 0 0 0 0.380951 0.924595
130.600000000 36.9804 25.531 0 0 0 0.380951 0.924595
130.700000000 37.0336 25.5839 0 0 0 0.380951 0.924595
130.800000000 37.0869 25.6367 0 0 0 0.380951 0.924595
130.900000000 37.1401 25.6895 0 0 0 0.380951 0.924595
131.000000000 37.1933 25.7424 0 0 0 0.380951 0.924595
131.100000000 37.2466 25.7952 0 0 0 0.380951 0.924595
131.200000000 37.2998 25.848 0 0 0 0.380951 0.924595
131.300000000 37.353 25.9009 0 0 0 0.380951 0.924595
131.400000000 37.4063 25.9537 0 0 0 0.380951 0.924595
131.500000000 37.4595 26.0065 0 0 0 0.380951 0.924595
131.600000000 37.5127 26.0594 0 0 0 0.380951 0.924595
131.700000000 37.566 26.1122 0 0 0 0.380951 0.924595
131.800000000 37.6192 26.165 0 0 0 0.380951 0.924595
131.900000000 37.6724 26.2179 0 0 0 0.380951 0.924595
132.000000000 37.7256 26.2707 0 0 0 0.380951 0.924595
132.100000000 37.7789 26.3235 0 0 0 0.380951 0.924595
132.200000000 37.8321 26.3764 0 0 0 0.380951 0.924595
132.300000000 37.8853 26.4292 0 0 0 0.380951 0.924595
132.400000000 37.9386 26.482 0 0 0 0.380951 0.924595
132.500000000 37.9918 26.5349 0 0 0 0.380951 0.924595
132.600000000 38.045 26.5877 0 0 0 0.380951 0.924595
132.700000000 38.0972 26.6416 0 0 0 0.384321 0.923199
132.800000000 38.149 26.6958 0 0 0 0.387686 0.921791
132.900000000 38.2004 26.7504 0 0 0 0.391046 0.920371
133.000000000 38.2515 26.8054 0 0 0 0.394401 0.918938
133.100000000 38.3023 26.8606 0 0 0 0.397119 0.917767
133.200000000 38.3527 26.9161 0 0 0 0.399834 0.916588
133.300000000 38.4029 26.9719 0 0 0 0.402545 0.9154
133.400000000 38.4527 27.0279 0 0 0 0.405252 0.914205
133.500000000 38.5022 27.0843 0 0 0 0.407956 0.913002
133.600000000 38.5513 27.141 0 0 0 0.410656 0.91179
133.700000000 38.6002 27.1979 0 0 0 0.413353 0.910571
133.800000000 38.6486 27.2551 0 0 0 0.416046 0.909344
133.900000000 38.6968 27.3127 0 0 0 0.418735 0.908108
134.000000000 38.7446 27.3705 0 0 0 0.421421 0.906865
134.100000000 38.792 27.4286 0 0 0 0.424103 0.905614
134.200000000 38.8394 27.4867 0 0 0 0.426141 0.904657
134.300000000 38.8864 27.5451 0 0 0 0.428177 0.903695
134.400000000 38.9332 27.6038 0 0 0 0.430211 0.902728
134.500000000 38.9798 27.6626 0 0 0 0.432243 0.901757
134.600000000 39.0258 27.7218 0 0 0 0.434909 0.900474
134.700000000 39.0715 27.7813 0 0 0 0.437573 0.899183
134.800000000 39.1169 27.841 0 0 0 0.440232 0.897884
134.900000000 39.1621 27.9008 0 0 0 0.442252 0.896891
135.000000000 39.207 27.9609 0 0 0 0.444271 0.895892
135.100000000 39.2517 28.0211 0 0 0 0.446287 0.89489
135.200000000 39.2956 28.0819 0 0 0 0.449549 0.893256
135.300000000 39.3392 28.143 0 0 0 0.452804 0.89161
135.400000000 39.3822 28.2044 0 0 0 0.456054 0.889952
135.500000000 39.4248 28.2662 0 0 0 0.459297 0.888283
135.600000000 39.467 28.3282 0 0 0 0.462535 0.886601
135.700000000 39.5087 28.3905 0 0 0 0.465766 0.884908
135.800000000 39.55 28.4532 0 0 0 0.468991 0.883203
135.900000000 39.5908 28.5161 0 0 0 0.47221 0.881486
136.000000000 39.6311 28.5794 0 0 0 0.475422 0.879758
136.100000000 39.671 28.6429 0 0 0 0.478628 0.878018
136.200000000 39.7104 28.7067 0 0 0 0.481828 0.876266
136.300000000 39.7493 28.7708 0 0 0 0.485022 0.874502
136.400000000 39.7878 28.8352 0 0 0 0.488209 0.872727
136.500000000 39.8273 28.899 0 0 0 0.487534 0.873104
136.600000000 39.8669 28.9627 0 0 0 0.486858 0.873481
136.700000000 39.9064 29.0264 0 0 0 0.486858 0.873481
136.800000000 39.9458 29.0902 0 0 0 0.486858 0.873481
136.900000000 39.9852 29.154 0 0 0 0.486858 0.873481
137.000000000 40.0247 29.2178 0 0 0 0.486858 0.873481
137.100000000 40.0641 29.2816 0 0 0 0.486858 0.873481
137.200000000 40.1033 29.3456 0 0 0 0.487534 0.873104
137.300000000 40.1424 29.4096 0 0 0 0.488209 0.872727
137.400000000 40.1814 29.4736 0 0 0 0.488883 0.872349
137.500000000 40.22 29.5379 0 0 0 0.490212 0.871603
137.600000000 40.2584 29.6023 0 0 0 0.491539 0.870856
137.700000000 40.2964 29.667 0 0 0 0.493499 0.869747
137.800000000 40.3341 29.7319 0 0 0 0.495456 0.868633
137.900000000 40.3715 29.7969 0 0 0 0.497411 0.867515
138.000000000 40.4086 29.862 0 0 0 0.499363 0.866393
138.100000000 40.4452 29.9275 0 0 0 0.501925 0.864911
138.200000000 40.4814 29.9932 0 0 0 0.504482 0.863422
138.300000000 40.5174 30.059 0 0 0 0.506425 0.862284
138.400000000 40.5529 30.1251 0 0 0 0.508975 0.860781
138.500000000 40.588 30.1914 0 0 0 0.51152 0.859271
138.600000000 40.6172 30.257 0 0 0 0.523654 0.851931
138.700000000 40.6337 30.3097 0 0 0 0.542803 0.83986
138.800000000 40.6383 30.3498 0 0 0 0.568235 0.822866
138.900000000 40.6305 30.3739 0 0 0 0.600515 0.799614
139.000000000 40.6118 30.38 0 0 0 0.639133 0.769096
139.100000000 40.592 30.3826 0 0 0 0.676774 0.736191
139.200000000 40.572 30.3833 0 0 0 0.712722 0.701447
139.300000000 40.552 30.382 0 0 0 0.746889 0.664949
139.400000000 40.5323 30.3787 0 0 0 0.779189 0.626789
139.500000000 40.513 30.3735 0 0 0 0.809542 0.587062
139.600000000 40.4944 30.3663 0 0 0 0.837871 0.545868
139.700000000 40.4765 30.3573 0 0 0 0.864106 0.50331
139.800000000 40.4596 30.3466 0 0 0 0.888181 0.459494
139.900000000 40.4439 30.3342 0 0 0 0.910036 0.414529
140.000000000 40.4295 30.3204 0 0 0 0.929617 0.368528
140.100000000 40.4165 30.3052 0 0 0 0.946874 0.321606
140.200000000 40.3884 30.3078 0 0 0 0.958333 0.285652
140.300000000 40.3471 30.321 0 0 0 0.966203 0.257784
140.400000000 40.2928 30.3424 0 0 0 0.971412 0.237399
140.500000000 40.2358 30.3632 0 0 0 0.975927 0.218097
140.600000000 40.1779 30.3816 0 0 0 0.980058 0.19871
140.700000000 40.1194 30.3978 0 0 0 0.983804 0.179245
140.800000000 40.0603 30.4116 0 0 0 0.987164 0.159709
140.900000000 40.0006 30.423 0 0 0 0.990136 0.140111
141.000000000 39.9406 30.4321 0 0 0 0.992718 0.120457
141.100000000 39.8802 30.4388 0 0 0 0.994911 0.100757
141.200000000 39.806 30.4496 0 0 0 0.995936 0.0900654
141.300000000 39.7319 30.4614 0 0 0 0.996315 0.0857639
141.400000000 39.6577 30.4728 0 0 0 0.996622 0.0821288
141.500000000 39.5835 30.4836 0 0 0 0.996915 0.0784926
141.600000000 39.5092 30.4939 0 0 0 0.997194 0.0748554
141.700000000 39.4348 30.5036 0 0 0 0.997461 0.0712171
141.800000000 39.3604 30.5129 0 0 0 0.997714 0.067578
141.900000000 39.2859 30.5215 0 0 0 0.997954 0.0639379
142.000000000 39.2113 30.5296 0 0 0 0.99818 0.0602969
142.100000000 39.1367 30.5372 0 0 0 0.998394 0.0566552
142.200000000 39.0622 30.5457 0 0 0 0.998394 0.0566552
142.300000000 38.9877 30.5545 0 0 0 0.99835 0.0574273
142.400000000 38.9132 30.5634 0 0 0 0.998305 0.0581993
142.500000000 38.8388 30.5724 0 0 0 0.99826 0.0589713
142.600000000 38.7643 30.5816 0 0 0 0.998214 0.0597432
142.700000000 38.6899 30.5908 0 0 0 0.998167 0.0605151
142.800000000 38.6155 30.6002 0 0 0 0.99812 0.061287
142.900000000 38.5411 30.6097 0 0 0 0.998072 0.0620589
143.000000000 38.4667 30.6193 0 0 0 0.998024 0.0628307
143.100000000 38.3921 30.6267 0 0 0 0.998324 0.0578685
143.200000000 38.3173 30.6331 0 0 0 0.998633 0.052269
143.300000000 38.2425 30.6387 0 0 0 0.99891 0.0466679
143.400000000 38.1676 30.6435 0 0 0 0.999156 0.0410653
143.500000000 38.0927 30.6474 0 0 0 0.999371 0.0354614
143.600000000 38.0178 30.6505 0 0 0 0.999554 0.0298563
143.700000000 37.9428 30.6527 0 0 0 0.999706 0.0242504
143.800000000 37.8678 30.6541 0 0 0 0.999826 0.0186437
143.900000000 37.7927 30.6547 0 0 0 0.999915 0.0130364
144.000000000 37.7177 30.6544 0 0 0 0.999972 0.00742867
144.100000000 37.6427 30.6533 0 0 0 0.999998 0.00182072
144.200000000 37.5677 30.6513 0 0 0 0.999993 -0.00378728
144.300000000 37.4927 30.6485 0 0 0 0.999956 -0.00939516
144.400000000 37.4178 30.6448 0 0 0 0.999887 -0.0150028
144.500000000 37.3501 30.6364 0 0 0 0.999519 -0.0309978
144.600000000 37.2995 30.6235 0 0 0 0.998476 -0.055189
144.700000000 37.2511 30.6081 0 0 0 0.996784 -0.0801311
144.800000000 37.2036 30.5903 0 0 0 0.99447 -0.105023
144.900000000 37.1571 30.5701 0 0 0 0.991534 -0.129849
145.000000000 37.1116 30.5477 0 0 0 0.987978 -0.154595
145.100000000 37.0673 30.523 0 0 0 0.983805 -0.179243
145.200000000 37.012 30.494 0 0 0 0.980222 -0.1979
145.300000000 36.9571 30.4629 0 0 0 0.976376 -0.216078
145.400000000 36.9034 30.4297 0 0 0 0.972193 -0.234182
145.500000000 36.851 30.3945 0 0 0 0.967674 -0.252205
145.600000000 36.7999 30.3574 0 0 0 0.962821 -0.270141
145.700000000 36.7502 30.3185 0 0 0 0.957635 -0.287984
145.800000000 36.702 30.2777 0 0 0 0.952119 -0.305727
145.900000000 36.6554 30.2351 0 0 0 0.946275 -0.323364
146.000000000 36.6103 30.1909 0 0 0 0.940103 -0.34089
146.100000000 36.5551 30.14 0 0 0 0.93695 -0.349463
146.200000000 36.5001 30.089 0 0 0 0.934755 -0.355293
146.300000000 36.4455 30.0376 0 0 0 0.932748 -0.36053
146.400000000 36.3915 29.9855 0 0 0 0.930711 -0.365755
146.500000000 36.3381 29.9328 0 0 0 0.928645 -0.370969
146.600000000 36.2853 29.8795 0 0 0 0.92655 -0.376171
146.700000000 36.2331 29.8256 0 0 0 0.924426 -0.381361
146.800000000 36.1815 29.7711 0 0 0 0.922273 -0.386539
146.900000000 36.1306 29.7161 0 0 0 0.920091 -0.391705
147.000000000 36.0802 29.6605 0 0 0 0.91788 -0.396859
147.100000000 36.0305 29.6043 0 0 0 0.91564 -0.402
147.200000000 35.9795 29.5493 0 0 0 0.91595 -0.401292
147.300000000 35.9282 29.4946 0 0 0 0.916561 -0.399896
147.400000000 35.8767 29.44 0 0 0 0.917169 -0.398499
147.500000000 35.8251 29.3856 0 0 0 0.917775 -0.397101
147.600000000 35.7733 29.3314 0 0 0 0.918379 -0.395703
147.700000000 35.7214 29.2773 0 0 0 0.91898 -0.394303
147.800000000 35.6692 29.2233 0 0 0 0.91958 -0.392903
147.900000000 35.617 29.1696 0 0 0 0.920178 -0.391501
148.000000000 35.5645 29.116 0 0 0 0.920773 -0.390099
148.100000000 35.5119 29.0625 0 0 0 0.921366 -0.388696
148.200000000 35.4593 29.009 0 0 0 0.921666 -0.387983
148.300000000 35.4067 28.9556 0 0 0 0.921966 -0.38727
148.400000000 35.354 28.9022 0 0 0 0.922265 -0.386557
148.500000000 35.3012 28.849 0 0 0 0.922564 -0.385844
148.600000000 35.2483 28.7958 0 0 0 0.922862 -0.38513
148.700000000 35.1953 28.7427 0 0 0 0.92316 -0.384417
148.800000000 35.1422 28.6897 0 0 0 0.923457 -0.383703
148.900000000 35.0891 28.6368 0 0 0 0.923753 -0.382988
149.000000000 35.0359 28.5839 0 0 0 0.924049 -0.382274
149.100000000 34.9826 28.5311 0 0 0 0.924344 -0.381559
149.200000000 34.9294 28.4782 0 0 0 0.924344 -0.381559
149.300000000 34.8763 28.4253 0 0 0 0.924344 -0.381559
149.400000000 34.8231 28.3724 0 0 0 0.924344 -0.381559
149.500000000 34.77 28.3195 0 0 0 0.924344 -0.381559
149.600000000 34.7168 28.2666 0 0 0 0.924344 -0.381559
149.700000000 34.6636 28.2137 0 0 0 0.924344 -0.381559
149.800000000 34.6105 28.1608 0 0 0 0.924344 -0.381559
149.900000000 34.5573 28.1079 0 0 0 0.924344 -0.381559
150.000000000 34.5041 28.055 0 0 0 0.924344 -0.381559
150.100000000 34.451 28.0021 0 0 0 0.924344 -0.381559
150.200000000 34.3978 27.9492 0 0 0 0.924344 -0.381559
150.300000000 34.3447 27.8963 0 0 0 0.924344 -0.381559
150.400000000 34.2915 27.8434 0 0 0 0.924344 -0.381559
150.500000000 34.2383 27.7905 0 0 0 0.924344 -0.381559
150.600000000 34.1852 27.7376 0 0 0 0.924344 -0.381559
150.700000000 34.132 27.6847 0 0 0 0.924344 -0.381559
150.800000000 34.0788 27.6318 0 0 0 0.924344 -0.381559
150.900000000 34.0257 27.5789 0 0 0 0.924344 -0.381559
151.000000000 33.9725 27.526 0 0 0 0.924344 -0.381559
151.100000000 33.9194 27.4731 0 0 0 0.924344 -0.381559
151.200000000 33.8662 27.4202 0 0 0 0.924344 -0.381559
151.300000000 33.813 27.3673 0 0 0 0.924344 -0.381559
151.400000000 33.7599 27.3144 0 0 0 0.924344 -0.381559
151.500000000 33.7067 27.2615 0 0 0 0.924344 -0.381559
151.600000000 33.6536 27.2085 0 0 0 0.924344 -0.381559
151.700000000 33.6004 27.1556 0 0 0 0.924344 -0.381559
151.800000000 33.5472 27.1027 0 0 0 0.924344 -0.381559
151.900000000 33.4941 27.0498 0 0 0 0.924344 -0.381559
152.000000000 33.4409 26.9969 0 0 0 0.924344 -0.381559
152.100000000 33.3877 26.944 0 0 0 0.924344 -0.381559
152.200000000 33.337 26.8887 0 0 0 0.921037 -0.389474
152.300000000 33.2874 26.8324 0 0 0 0.917441 -0.397871
152.400000000 33.2389 26.7752 0 0 0 0.913769 -0.406235
152.500000000 33.1913 26.7171 0 0 0 0.91002 -0.414564
152.600000000 33.1449 26.6581 0 0 0 0.906195 -0.42286
152.700000000 33.1 26.5979 0 0 0 0.901601 -0.432568
152.800000000 33.0565 26.5367 0 0 0 0.896904 -0.442226
152.900000000 33.0144 26.4745 0 0 0 0.891869 -0.452294
153.000000000 32.9738 26.4114 0 0 0 0.886722 -0.462304
153.100000000 32.9346 26.3474 0 0 0 0.881462 -0.472255
153.200000000 32.8983 26.2833 0 0 0 0.875134 -0.483881
153.300000000 32.8644 26.219 0 0 0 0.868417 -0.495835
153.400000000 32.8322 26.1538 0 0 0 -0.861537 0.507695
153.500000000 32.8019 26.0877 0 0 0 -0.854494 0.519461
153.600000000 32.7734 26.0208 0 0 0 -0.847291 0.531128
153.700000000 32.7467 25.9531 0 0 0 -0.839929 0.542696
153.800000000 32.7219 25.8848 0 0 0 -0.832409 0.554162
153.900000000 32.699 25.8158 0 0 0 -0.824732 0.565524
154.000000000 32.678 25.7462 0 0 0 -0.8169 0.576779
154.100000000 32.6589 25.676 0 0 0 -0.808915 0.587926
154.200000000 32.6403 25.6033 0 0 0 -0.801943 0.5974
154.300000000 32.6233 25.5301 0 0 0 -0.794861 0.606792
154.400000000 32.6081 25.4566 0 0 0 -0.787668 0.6161
154.500000000 32.5946 25.3827 0 0 0 -0.780366 0.625323
154.600000000 32.5829 25.3086 0 0 0 -0.772957 0.634459
154.700000000 32.5729 25.2341 0 0 0 -0.76544 0.643507
154.800000000 32.5647 25.1595 0 0 0 -0.757818 0.652466
154.900000000 32.5582 25.0847 0 0 0 -0.75009 0.661335
155.000000000 32.5534 25.0097 0 0 0 -0.742259 0.670113
155.100000000 32.5505 24.9347 0 0 0 -0.734325 0.678798
155.200000000 32.548 24.8597 0 0 0 -0.728476 0.685072
155.300000000 32.5469 24.7847 0 0 0 -0.722572 0.691295
155.400000000 32.547 24.7096 0 0 0 -0.716616 0.697468
155.500000000 32.5484 24.6346 0 0 0 -0.710607 0.703589
155.600000000 32.5511 24.5596 0 0 0 -0.704545 0.709659
155.700000000 32.555 24.4846 0 0 0 -0.698432 0.715677
155.800000000 32.5603 24.4098 0 0 0 -0.692267 0.721641
155.900000000 32.5668 24.335 0 0 0 -0.686051 0.727553
156.000000000 32.5746 24.2604 0 0 0 -0.679785 0.733411
156.100000000 32.5838 24.1859 0 0 0 -0.673469 0.739215
156.200000000 32.5941 24.1115 0 0 0 -0.667103 0.744965
156.300000000 32.6058 24.0374 0 0 0 -0.660688 0.75066
156.400000000 32.6141 23.9629 0 0 0 -0.662907 0.748702
156.500000000 32.6215 23.8882 0 0 0 -0.666134 0.745832
156.600000000 32.6282 23.8135 0 0 0 -0.669348 0.742949
156.700000000 32.6343 23.7387 0 0 0 -0.67255 0.740051
156.800000000 32.6397 23.6639 0 0 0 -0.67574 0.73714
156.900000000 32.6445 23.5891 0 0 0 -0.678917 0.734215
157.000000000 32.6489 23.5142 0 0 0 -0.681591 0.731734
157.100000000 32.6528 23.4393 0 0 0 -0.684255 0.729242
157.200000000 32.6564 23.3644 0 0 0 -0.686411 0.727214
157.300000000 32.6595 23.2894 0 0 0 -0.68856 0.72518
157.400000000 32.6622 23.2145 0 0 0 -0.690703 0.723139
157.500000000 32.6645 23.1395 0 0 0 -0.69284 0.721091
157.600000000 32.6663 23.0645 0 0 0 -0.694971 0.719038
157.700000000 32.6677 22.9895 0 0 0 -0.697096 0.716978
157.800000000 32.6689 22.9145 0 0 0 -0.698709 0.715406
157.900000000 32.6697 22.8395 0 0 0 -0.700318 0.713831
158.000000000 32.6703 22.7645 0 0 0 -0.701924 0.712252
158.100000000 32.6705 22.6895 0 0 0 -0.703526 0.71067
158.200000000 32.6709 22.6145 0 0 0 -0.704075 0.710126
158.300000000 32.6712 22.5395 0 0 0 -0.704624 0.709581
158.400000000 32.6715 22.4645 0 0 0 -0.705172 0.709036
158.500000000 32.6716 22.3895 0 0 0 -0.70572 0.70849
158.600000000 32.6715 22.3145 0 0 0 -0.706268 0.707944
158.700000000 32.6714 22.2395 0 0 0 -0.706815 0.707398
158.800000000 32.6712 22.1645 0 0 0 -0.707362 0.706851
158.900000000 32.6708 22.0895 0 0 0 -0.707909 0.706304
159.000000000 32.6703 22.0145 0 0 0 -0.708455 0.705756
159.100000000 32.6697 21.9395 0 0 0 -0.709 0.705208
159.200000000 32.6687 21.8645 0 0 0 -0.710074 0.704127
159.300000000 32.6675 21.7895 0 0 0 -0.711146 0.703045
159.400000000 32.666 21.7145 0 0 0 -0.712216 0.701961
159.500000000 32.6643 21.6396 0 0 0 -0.713284 0.700875
159.600000000 32.6624 21.5646 0 0 0 -0.714351 0.699787
159.700000000 32.6602 21.4896 0 0 0 -0.715417 0.698698
159.800000000 32.6578 21.4146 0 0 0 -0.71648 0.697608
159.900000000 32.6552 21.3397 0 0 0 -0.717542 0.696515
160.000000000 32.6524 21.2647 0 0 0 -0.718602 0.695421
160.100000000 32.6505 21.1898 0 0 0 -0.717542 0.696515
160.200000000 32.6489 21.1148 0 0 0 -0.71648 0.697608
160.300000000 32.6475 21.0398 0 0 0 -0.715417 0.698698
160.400000000 32.6464 20.9648 0 0 0 -0.714351 0.699787
160.500000000 32.6454 20.8898 0 0 0 -0.713284 0.700875
160.600000000 32.6447 20.8148 0 0 0 -0.712216 0.701961
160.700000000 32.6442 20.7398 0 0 0 -0.711146 0.703045
160.800000000 32.644 20.6648 0 0 0 -0.710074 0.704127
160.900000000 32.644 20.5898 0 0 0 -0.709 0.705208
161.000000000 32.6442 20.5148 0 0 0 -0.707925 0.706288
161.100000000 32.6446 20.4398 0 0 0 -0.706848 0.707365
161.200000000 32.6447 20.3648 0 0 0 -0.706848 0.707365
161.300000000 32.6447 20.2898 0 0 0 -0.706848 0.707365
161.400000000 32.6448 20.2148 0 0 0 -0.706848 0.707365
161.500000000 32.6448 20.1398 0 0 0 -0.706848 0.707365
161.600000000 32.6449 20.0648 0 0 0 -0.706848 0.707365
161.700000000 32.6449 19.9898 0 0 0 -0.706848 0.707365
161.800000000 32.645 19.9148 0 0 0 -0.706848 0.707365
161.900000000 32.6451 19.8398 0 0 0 -0.706848 0.707365
162.000000000 32.6451 19.7648 0 0 0 -0.706848 0.707365
162.100000000 32.6452 19.6898 0 0 0 -0.706848 0.707365
162.200000000 32.6452 19.6148 0 0 0 -0.706848 0.707365
162.300000000 32.6453 19.5398 0 0 0 -0.706848 0.707365
162.400000000 32.6453 19.4648 0 0 0 -0.706848 0.707365
162.500000000 32.6405 19.3899 0 0 0 -0.715468 0.698645
162.600000000 32.6334 19.3165 0 0 0 -0.724653 0.689114
162.700000000 32.6245 19.2434 0 0 0 -0.73371 0.679463
162.800000000 32.6136 19.1706 0 0 0 -0.742639 0.669692
162.900000000 32.6007 19.0981 0 0 0 -0.751437 0.659804
163.000000000 32.586 19.0259 0 0 0 -0.760104 0.649801
163.100000000 32.5693 18.9542 0 0 0 -0.768638 0.639684
163.200000000 32.5506 18.893 0 0 0 -0.780128 0.62562
163.300000000 32.5298 18.8334 0 0 0 -0.791617 0.611017
163.400000000 32.5067 18.7747 0 0 0 -0.802834 0.596203
163.500000000 32.4815 18.7168 0 0 0 -0.813772 0.581184
163.600000000 32.4541 18.6599 0 0 0 -0.82443 0.565963
163.700000000 32.4246 18.604 0 0 0 -0.834804 0.550548
163.800000000 32.3931 18.5493 0 0 0 -0.844889 0.534942
163.900000000 32.3596 18.4958 0 0 0 -0.854682 0.519152
164.000000000 32.3241 18.4436 0 0 0 -0.86418 0.503182
164.100000000 32.2829 18.3814 0 0 0 0.870527 -0.492121
164.200000000 32.24 18.3197 0 0 0 0.876496 -0.48141
164.300000000 32.1957 18.2591 0 0 0 0.882333 -0.470626
164.400000000 32.1499 18.1996 0 0 0 0.888037 -0.459772
164.500000000 32.1026 18.1413 0 0 0 0.893608 -0.448849
164.600000000 32.054 18.0841 0 0 0 0.899044 -0.437858
164.700000000 32.0039 18.0281 0 0 0 0.904345 -0.426802
164.800000000 31.9525 17.9734 0 0 0 0.909511 -0.415681
164.900000000 31.8997 17.9199 0 0 0 0.914539 -0.404498
165.000000000 31.8457 17.8678 0 0 0 0.91943 -0.393254
165.100000000 31.7904 17.8169 0 0 0 0.924183 -0.38195
165.200000000 31.7347 17.7666 0 0 0 0.927633 -0.373493
165.300000000 31.6781 17.7173 0 0 0 0.931006 -0.365004
165.400000000 31.6206 17.669 0 0 0 0.934301 -0.356484
165.500000000 31.5623 17.6218 0 0 0 0.937519 -0.347935
165.600000000 31.5031 17.5757 0 0 0 0.940658 -0.339357
165.700000000 31.443 17.5306 0 0 0 0.943718 -0.33075
165.800000000 31.3822 17.4867 0 0 0 0.9467 -0.322116
165.900000000 31.3206 17.4439 0 0 0 0.949603 -0.313455
166.000000000 31.2582 17.4022 0 0 0 0.952427 -0.304768
166.100000000 31.195 17.3616 0 0 0 0.955171 -0.296056
166.200000000 31.1305 17.3231 0 0 0 0.958587 -0.2848
166.300000000 31.0652 17.2861 0 0 0 0.961871 -0.273504
166.400000000 30.999 17.2507 0 0 0 0.965021 -0.262171
166.500000000 30.9319 17.2168 0 0 0 0.968039 -0.250801
166.600000000 30.8641 17.1846 0 0 0 0.970922 -0.239397
166.700000000 30.7956 17.1539 0 0 0 0.973671 -0.22796
166.800000000 30.7264 17.1248 0 0 0 0.976285 -0.216491
166.900000000 30.6564 17.0974 0 0 0 0.978764 -0.204992
167.000000000 30.5859 17.0717 0 0 0 0.981107 -0.193464
167.100000000 30.5148 17.0476 0 0 0 0.983315 -0.18191
167.200000000 30.4443 17.0262 0 0 0 0.985637 -0.16888
167.300000000 30.3733 17.0068 0 0 0 0.987786 -0.155819
167.400000000 30.3017 16.9892 0 0 0 0.989761 -0.142732
167.500000000 30.2298 16.9735 0 0 0 0.991564 -0.129619
167.600000000 30.1574 16.9597 0 0 0 0.993193 -0.116484
167.700000000 30.0847 16.9479 0 0 0 0.994647 -0.103329
167.800000000 30.0118 16.938 0 0 0 0.995928 -0.090155
167.900000000 29.9386 16.93 0 0 0 0.997034 -0.0769654
168.000000000 29.8652 16.9239 0 0 0 0.997965 -0.0637625
168.100000000 29.7916 16.9198 0 0 0 0.998722 -0.0505483
168.200000000 29.718 16.9177 0 0 0 0.999303 -0.0373253
168.300000000 29.6444 16.9175 0 0 0 0.99971 -0.0240957
168.400000000 29.5707 16.9192 0 0 0 0.999941 -0.010862
168.500000000 29.5144 16.9268 0 0 0 0.99994 0.0109794
168.600000000 29.4746 16.9395 0 0 0 0.99917 0.0407373
168.700000000 29.4509 16.9564 0 0 0 0.99696 0.0779169
168.800000000 29.4306 16.9751 0 0 0 0.993253 0.115971
168.900000000 29.4118 16.9952 0 0 0 0.988093 0.153856
169.000000000 29.3946 17.0167 0 0 0 0.98149 0.191516
169.100000000 29.3791 17.0395 0 0 0 0.973451 0.228896
169.200000000 29.3578 17.0655 0 0 0 0.96499 0.262286
169.300000000 29.3375 17.0932 0 0 0 0.955516 0.294938
169.400000000 29.3191 17.1222 0 0 0 0.944938 0.327249
169.500000000 29.3027 17.1524 0 0 0 0.933267 0.359182
169.600000000 29.2885 17.1836 0 0 0 0.920518 0.3907
169.700000000 29.2763 17.2157 0 0 0 0.906704 0.421767
169.800000000 29.2664 17.2486 0 0 0 0.891843 0.452345
169.900000000 29.2587 17.2821 0 0 0 0.87595 0.482401
170.000000000 29.2534 17.316 0 0 0 0.859045 0.511899
170.100000000 29.2503 17.3502 0 0 0 0.841147 0.540806
170.200000000 29.2397 17.3983 0 0 0 0.826924 0.562313
170.300000000 29.2316 17.4469 0 0 0 0.812151 0.583447
170.400000000 29.226 17.4958 0 0 0 0.796839 0.604192
170.500000000 29.2229 17.545 0 0 0 0.780996 0.624536
170.600000000 29.2224 17.5942 0 0 0 0.764634 0.644465
170.700000000 29.2244 17.6434 0 0 0 0.747764 0.663965
170.800000000 29.2289 17.6925 0 0 0 0.730396 0.683024
170.900000000 29.2358 17.742 0 0 0 0.712819 0.701348
171.000000000 29.2451 17.7911 0 0 0 0.694782 0.719221
171.100000000 29.2571 17.8389 0 0 0 0.676007 0.736895
171.200000000 29.2715 17.886 0 0 0 0.656783 0.754079
171.300000000 29.2883 17.9323 0 0 0 0.637123 0.770762
171.400000000 29.3075 17.9776 0 0 0 0.617038 0.786933
171.500000000 29.3282 18.005 0 0 0 0.589931 0.807454
171.600000000 29.3483 18.0096 0 0 0 0.553517 0.832838
171.700000000 29.3666 18.0025 0 0 0 0.511865 0.859066
171.800000000 29.3842 17.9936 0 0 0 0.468973 0.883212
171.900000000 29.4008 17.9831 0 0 0 0.424945 0.905219
172.000000000 29.4163 17.971 0 0 0 0.379887 0.925033
172.100000000 29.4305 17.9574 0 0 0 0.333909 0.942605
172.200000000 29.4434 17.9425 0 0 0 0.287122 0.957894
172.300000000 29.4547 17.9264 0 0 0 0.239639 0.970862
172.400000000 29.4643 17.9093 0 0 0 0.191576 0.981478
172.500000000 29.4722 17.8913 0 0 0 0.143049 0.989716
172.600000000 29.4784 17.8726 0 0 0 0.0941745 0.995556
172.700000000 29.4826 17.8534 0 0 0 0.0450723 0.998984
172.800000000 29.485 17.8339 0 0 0 -0.00413905 0.999991
172.900000000 29.4854 17.8142 0 0 0 -0.0533404 0.998576
173.000000000 29.4839 17.7946 0 0 0 -0.102413 0.994742
173.100000000 29.4804 17.7752 0 0 0 -0.151237 0.988498
173.200000000 29.4751 17.7563 0 0 0 -0.199694 0.979858
173.300000000 29.4679 17.738 0 0 0 -0.247668 0.968845
173.400000000 29.459 17.7204 0 0 0 -0.295042 0.955484
173.500000000 29.4484 17.7039 0 0 0 -0.341701 0.939809
173.600000000 29.4362 17.6884 0 0 0 -0.387532 0.921856
173.700000000 29.4226 17.6743 0 0 0 -0.432424 0.90167
173.800000000 29.4076 17.6615 0 0 0 -0.476268 0.8793
173.900000000 29.3915 17.6503 0 0 0 -0.518959 0.854799
174.000000000 29.3743 17.6407 0 0 0 -0.560392 0.828227
174.100000000 29.3563 17.6329 0 0 0 -0.600468 0.799649
174.200000000 29.3475 17.6075 0 0 0 -0.630991 0.77579
174.300000000 29.3372 17.5819 0 0 0 -0.660186 0.751102
174.400000000 29.325 17.5572 0 0 0 -0.688416 0.725316
174.500000000 29.3109 17.5335 0 0 0 -0.71564 0.698469
174.600000000 29.2951 17.5109 0 0 0 -0.741818 0.670601
174.700000000 29.2776 17.4897 0 0 0 -0.766911 0.641753
174.800000000 29.2585 17.4698 0 0 0 -0.790883 0.611967
174.900000000 29.238 17.4514 0 0 0 -0.813699 0.581286
175.000000000 29.2161 17.4346 0 0 0 -0.835325 0.549756
175.100000000 29.193 17.4196 0 0 0 -0.855731 0.517422
175.200000000 29.1636 17.3888 0 0 0 0.870553 -0.492075
175.300000000 29.1268 17.3445 0 0 0 0.880903 -0.473297
175.400000000 29.0833 17.2897 0 0 0 0.88795 -0.45994
175.500000000 29.0374 17.2345 0 0 0 0.894383 -0.447302
175.600000000 28.99 17.1807 0 0 0 0.900636 -0.434574
175.700000000 28.941 17.1282 0 0 0 0.906708 -0.421758
175.800000000 28.8905 17.0771 0 0 0 0.912598 -0.408858
175.900000000 28.8387 17.0275 0 0 0 0.918304 -0.395875
176.000000000 28.7854 16.9793 0 0 0 0.923826 -0.382813
176.100000000 28.7316 16.9271 0 0 0 0.924955 -0.380077
176.200000000 28.6778 16.8748 0 0 0 0.925533 -0.378667
176.300000000 28.6229 16.8237 0 0 0 0.927404 -0.374062
176.400000000 28.5676 16.7731 0 0 0 0.929252 -0.369447
176.500000000 28.5117 16.7231 0 0 0 0.931077 -0.364823
176.600000000 28.4551 16.6738 0 0 0 0.933108 -0.359595
176.700000000 28.398 16.6251 0 0 0 0.93511 -0.354357
176.800000000 28.3404 16.5771 0 0 0 0.937083 -0.349107
176.900000000 28.282 16.5299 0 0 0 0.939239 -0.343263
177.000000000 28.2233 16.4833 0 0 0 0.94115 -0.33799
177.100000000 28.164 16.4373 0 0 0 0.94303 -0.332707
177.200000000 28.1041 16.3922 0 0 0 0.945084 -0.326826
177.300000000 28.0435 16.3478 0 0 0 0.947102 -0.320932
177.400000000 27.9825 16.3042 0 0 0 0.949083 -0.315026
177.500000000 27.9249 16.2694 0 0 0 0.954134 -0.299381
177.600000000 27.8777 16.2486 0 0 0 0.961211 -0.275814
177.700000000 27.8418 16.2416 0 0 0 0.969712 -0.244249
177.800000000 27.8213 16.2498 0 0 0 0.979229 -0.20276
177.900000000 27.8058 16.2627 0 0 0 0.987363 -0.158475
178.000000000 27.7927 16.2776 0 0 0 0.99357 -0.113221
178.100000000 27.781 16.2936 0 0 0 0.997704 -0.0677309
178.200000000 27.7496 16.3034 0 0 0 0.999459 -0.0328787
178.300000000 27.7164 16.3147 0 0 0 1 0.000674777
178.400000000 27.684 16.3281 0 0 0 0.999414 0.0342275
178.500000000 27.6526 16.3437 0 0 0 0.997703 0.0677417
178.600000000 27.6222 16.3614 0 0 0 0.994868 0.10118
178.700000000 27.5932 16.3811 0 0 0 0.990913 0.134504
178.800000000 27.5655 16.4027 0 0 0 0.985842 0.167676
178.900000000 27.5393 16.426 0 0 0 0.979661 0.20066
179.000000000 27.5148 16.4511 0 0 0 0.972377 0.233417
179.100000000 27.492 16.4778 0 0 0 0.963997 0.265912
179.200000000 27.4551 16.5116 0 0 0 0.956935 0.290302
179.300000000 27.4047 16.5536 0 0 0 0.951767 0.306822
179.400000000 27.3508 16.5996 0 0 0 0.947172 0.320727
179.500000000 27.2983 16.6472 0 0 0 0.942373 0.334563
179.600000000 27.2471 16.6963 0 0 0 0.937373 0.348327
179.700000000 27.1975 16.7468 0 0 0 0.932172 0.362017
179.800000000 27.1493 16.7988 0 0 0 0.92677 0.375629
179.900000000 27.1027 16.8522 0 0 0 0.92117 0.38916
180.000000000 27.0577 16.9069 0 0 0 0.915372 0.402608
180.100000000 27.0143 16.9629 0 0 0 0.909378 0.41597
180.200000000 26.9663 17.0206 0 0 0 0.907855 0.419285
180.300000000 26.9177 17.0777 0 0 0 0.907855 0.419285
180.400000000 26.8688 17.1346 0 0 0 0.908179 0.418582
180.500000000 26.8199 17.1914 0 0 0 0.908502 0.41788
180.600000000 26.7708 17.2482 0 0 0 0.908825 0.417177
180.700000000 26.7217 17.3048 0 0 0 0.909147 0.416474
180.800000000 26.6725 17.3614 0 0 0 0.909469 0.415771
180.900000000 26.6232 17.418 0 0 0 0.909791 0.415068
181.000000000 26.5738 17.4744 0 0 0 0.910111 0.414364
181.100000000 26.522 17.5287 0 0 0 0.913632 0.406542
181.200000000 26.4691 17.5819 0 0 0 0.917308 0.398179
181.300000000 26.4151 17.6341 0 0 0 0.921119 0.389281
181.400000000 26.36 17.6851 0 0 0 0.924844 0.380347
181.500000000 26.304 17.7351 0 0 0 0.928482 0.371377
181.600000000 26.2471 17.784 0 0 0 0.932034 0.362372
181.700000000 26.1892 17.8318 0 0 0 0.935498 0.353333
181.800000000 26.1304 17.8784 0 0 0 0.938874 0.344261
181.900000000 26.0707 17.9239 0 0 0 0.942162 0.335157
182.000000000 26.0101 17.9683 0 0 0 0.945363 0.326021
182.100000000 25.9487 18.0114 0 0 0 0.948474 0.316855
182.200000000 25.8862 18.0521 0 0 0 0.952438 0.304734
182.300000000 25.8226 18.0911 0 0 0 0.956246 0.292563
182.400000000 25.7581 18.1286 0 0 0 0.959899 0.280345
182.500000000 25.6926 18.1643 0 0 0 0.963396 0.268081
182.600000000 25.6262 18.1984 0 0 0 0.966737 0.255774
182.700000000 25.559 18.2308 0 0 0 0.96992 0.243425
182.800000000 25.491 18.2614 0 0 0 0.972945 0.231037
182.900000000 25.4222 18.2903 0 0 0 0.975812 0.218611
183.000000000 25.3527 18.3175 0 0 0 0.978521 0.206149
183.100000000 25.2826 18.3428 0 0 0 0.98107 0.193654
183.200000000 25.2118 18.3664 0 0 0 0.98346 0.181127
183.300000000 25.1404 18.3881 0 0 0 0.985689 0.168571
183.400000000 25.071 18.4066 0 0 0 0.987981 0.154576
183.500000000 25.0012 18.423 0 0 0 0.990074 0.14055
183.600000000 24.9309 18.4375 0 0 0 0.991967 0.126496
183.700000000 24.8602 18.45 0 0 0 0.993661 0.112416
183.800000000 24.7891 18.4604 0 0 0 0.995156 0.0983132
183.900000000 24.7179 18.4689 0 0 0 0.99645 0.084191
184.000000000 24.6464 18.4753 0 0 0 0.997543 0.0700518
184.100000000 24.5716 18.4817 0 0 0 0.998207 0.0598584
184.200000000 24.4967 18.4868 0 0 0 0.99874 0.0501931
184.300000000 24.4217 18.4905 0 0 0 0.999179 0.0405231
184.400000000 24.3467 18.4927 0 0 0 0.999524 0.0308493
184.500000000 24.2716 18.4935 0 0 0 0.999776 0.0211727
184.600000000 24.1966 18.4928 0 0 0 0.999934 0.011494
184.700000000 24.1215 18.4906 0 0 0 0.999998 0.00181429
184.800000000 24.0466 18.487 0 0 0 0.999969 -0.00786561
184.900000000 23.9717 18.482 0 0 0 0.999846 -0.0175448
185.000000000 23.8969 18.4755 0 0 0 0.999629 -0.0272223
185.100000000 23.8222 18.4675 0 0 0 0.999319 -0.0368973
185.200000000 23.7476 18.46 0 0 0 0.999123 -0.0418646
185.300000000 23.673 18.4518 0 0 0 0.998903 -0.0468309
185.400000000 23.5986 18.4428 0 0 0 0.998658 -0.0517961
185.500000000 23.5242 18.433 0 0 0 0.998388 -0.05676
185.600000000 23.4499 18.4225 0 0 0 0.998093 -0.0617225
185.700000000 23.3757 18.4113 0 0 0 0.997774 -0.0666835
185.800000000 23.3017 18.3994 0 0 0 0.99743 -0.0716428
185.900000000 23.2277 18.3867 0 0 0 0.997062 -0.0766003
186.000000000 23.1539 18.3733 0 0 0 0.996669 -0.081556
186.100000000 23.0803 18.3591 0 0 0 0.996251 -0.0865096
186.200000000 23.0061 18.3476 0 0 0 0.99656 -0.0828747
186.300000000 22.9319 18.3369 0 0 0 0.996909 -0.0785706
186.400000000 22.8576 18.3269 0 0 0 0.997239 -0.074265
186.500000000 22.7831 18.3175 0 0 0 0.99755 -0.0699581
186.600000000 22.7086 18.3088 0 0 0 0.997843 -0.0656498
186.700000000 22.6341 18.3006 0 0 0 0.998117 -0.0613403
186.800000000 22.5594 18.2932 0 0 0 0.998372 -0.0570297
186.900000000 22.4847 18.2863 0 0 0 0.998609 -0.052718
187.000000000 22.41 18.2802 0 0 0 0.998828 -0.0484053
187.100000000 22.3352 18.2746 0 0 0 0.999027 -0.0440918
187.200000000 22.2603 18.27 0 0 0 0.999234 -0.0391249
187.300000000 22.1854 18.2661 0 0 0 0.999416 -0.034157
187.400000000 22.1104 18.263 0 0 0 0.999574 -0.0291883
187.500000000 22.0354 18.2606 0 0 0 0.999707 -0.0242188
187.600000000 21.9604 18.259 0 0 0 0.999815 -0.0192488
187.700000000 21.8854 18.2581 0 0 0 0.999898 -0.0142782
187.800000000 21.8104 18.2579 0 0 0 0.999957 -0.00930737
187.900000000 21.7354 18.2585 0 0 0 0.999991 -0.00433627
188.000000000 21.6604 18.2598 0 0 0 1 0.000634941
188.100000000 21.5854 18.2619 0 0 0 0.999984 0.00560614
188.200000000 21.5104 18.2642 0 0 0 0.999957 0.00925402
188.300000000 21.4355 18.2671 0 0 0 0.999917 0.0129018
188.400000000 21.3605 18.2705 0 0 0 0.999863 0.0165494
188.500000000 21.2856 18.2744 0 0 0 0.999796 0.0201967
188.600000000 21.2108 18.2789 0 0 0 0.999716 0.0238438
188.700000000 21.1359 18.2839 0 0 0 0.999622 0.0274906
188.800000000 21.0611 18.2895 0 0 0 0.999515 0.031137
188.900000000 20.9864 18.2956 0 0 0 0.999395 0.034783
189.000000000 20.9117 18.3023 0 0 0 0.999261 0.0384285
189.100000000 20.837 18.3095 0 0 0 0.999115 0.0420736
189.200000000 20.7624 18.3173 0 0 0 0.998954 0.045718
189.300000000 20.6878 18.3256 0 0 0 0.998781 0.0493619
189.400000000 20.6131 18.3318 0 0 0 0.998923 0.0464058
189.500000000 20.5383 18.3373 0 0 0 0.999085 0.0427614
189.600000000 20.4634 18.3422 0 0 0 0.999235 0.0391165
189.700000000 20.3886 18.3466 0 0 0 0.999371 0.035471
189.800000000 20.3136 18.3505 0 0 0 0.999493 0.0318251
189.900000000 20.2387 18.3538 0 0 0 0.999603 0.0281788
190.000000000 20.1638 18.3566 0 0 0 0.999699 0.0245321
190.100000000 20.0888 18.3588 0 0 0 0.999782 0.020885
190.200000000 20.0138 18.3608 0 0 0 0.999839 0.017926
190.300000000 19.9388 18.3623 0 0 0 0.999888 0.0149669
190.400000000 19.8638 18.3633 0 0 0 0.999928 0.0120076
190.500000000 19.7888 18.3639 0 0 0 0.999959 0.00904828
190.600000000 19.7138 18.3641 0 0 0 0.999981 0.00608883
190.700000000 19.6388 18.3638 0 0 0 0.999995 0.00312933
190.800000000 19.5638 18.3631 0 0 0 1 0.000169797
190.900000000 19.4888 18.362 0 0 0 0.999996 -0.00278973
191.000000000 19.4138 18.3604 0 0 0 0.999983 -0.00574924
191.100000000 19.3388 18.3583 0 0 0 0.999962 -0.0087087
191.200000000 19.2638 18.357 0 0 0 0.999962 -0.0087087
191.300000000 19.1888 18.356 0 0 0 0.999969 -0.00793541
191.400000000 19.1139 18.3551 0 0 0 0.999974 -0.00716212
191.500000000 19.0389 18.3544 0 0 0 0.99998 -0.00638976
191.600000000 18.9639 18.3537 0 0 0 0.999984 -0.00561646
191.700000000 18.8889 18.3532 0 0 0 0.999988 -0.00484316
191.800000000 18.8139 18.3528 0 0 0 0.999992 -0.00406985
191.900000000 18.7389 18.3522 0 0 0 0.999992 -0.00406985
192.000000000 18.6639 18.3519 0 0 0 0.999995 -0.00329654
192.100000000 18.5889 18.3517 0 0 0 0.999997 -0.00252323
192.200000000 18.5139 18.3516 0 0 0 0.999998 -0.00174992
192.300000000 18.4389 18.3513 0 0 0 0.999998 -0.00174992
192.400000000 18.3639 18.3514 0 0 0 1 -0.000976605
192.500000000 18.2889 18.3516 0 0 0 1 -0.000204234
192.600000000 18.2139 18.3518 0 0 0 1 0.000569081
192.700000000 18.1389 18.3519 0 0 0 1 0.000569081
192.800000000 18.0639 18.3523 0 0 0 0.999999 0.0013424
192.900000000 17.9889 18.3528 0 0 0 0.999998 0.00211477
193.000000000 17.9139 18.3531 0 0 0 0.999998 0.00211477
193.100000000 17.8389 18.3538 0 0 0 0.999996 0.00288808
193.200000000 17.7639 18.3545 0 0 0 0.999993 0.00366139
193.300000000 17.6889 18.3554 0 0 0 0.99999 0.0044347
193.400000000 17.6139 18.3563 0 0 0 0.999986 0.005208
193.500000000 17.5389 18.3571 0 0 0 0.999986 0.005208
193.600000000 17.4639 18.3582 0 0 0 0.999982 0.0059813
193.700000000 17.3889 18.3594 0 0 0 0.999977 0.0067546
193.800000000 17.3139 18.3604 0 0 0 0.999977 0.0067546
193.900000000 17.2389 18.3618 0 0 0 0.999972 0.0075279
194.000000000 17.1639 18.3629 0 0 0 0.999972 0.0075279
194.100000000 17.0889 18.3643 0 0 0 0.999966 0.00830119
194.200000000 17.014 18.3659 0 0 0 0.999959 0.00907447
194.300000000 16.939 18.3676 0 0 0 0.999952 0.00984775
194.400000000 16.864 18.369 0 0 0 0.999952 0.00984775
194.500000000 16.789 18.3708 0 0 0 0.999944 0.010621
194.600000000 16.7141 18.3739 0 0 0 0.999898 0.0142687
194.700000000 16.639 18.3728 0 0 0 0.99998 0.00625915
194.800000000 16.5641 18.376 0 0 0 0.99993 0.0118669
194.900000000 16.4893 18.3827 0 0 0 0.999709 0.0241267
195.000000000 16.4152 18.3914 0 0 0 0.99932 0.0368733
195.100000000 16.3413 18.4019 0 0 0 0.998768 0.0496139
195.200000000 16.2678 18.4144 0 0 0 0.998055 0.0623465
195.300000000 16.1946 18.4287 0 0 0 0.997178 0.0750689
195.400000000 16.1345 18.4455 0 0 0 0.995572 0.0939986
195.500000000 16.0752 18.4645 0 0 0 0.993607 0.112894
195.600000000 16.0166 18.4858 0 0 0 0.991283 0.13175
195.700000000 15.9589 18.5093 0 0 0 0.988601 0.150557
195.800000000 15.9021 18.535 0 0 0 0.985563 0.16931
195.900000000 15.8455 18.5629 0 0 0 0.982247 0.187593
196.000000000 15.7899 18.5929 0 0 0 0.978592 0.205811
196.100000000 15.7355 18.625 0 0 0 0.974599 0.223957
196.200000000 15.6763 18.6606 0 0 0 0.970998 0.239088
196.300000000 15.6174 18.6983 0 0 0 0.967277 0.253724
196.400000000 15.5596 18.7378 0 0 0 0.963335 0.268302
196.500000000 15.5031 18.779 0 0 0 0.959173 0.282819
196.600000000 15.4478 18.8219 0 0 0 0.954793 0.297271
196.700000000 15.3939 18.8664 0 0 0 0.950195 0.311656
196.800000000 15.3413 18.9126 0 0 0 0.94538 0.32597
196.900000000 15.2901 18.9603 0 0 0 0.94035 0.340209
197.000000000 15.2404 19.0095 0 0 0 0.935105 0.35437
197.100000000 15.1922 19.0602 0 0 0 0.929647 0.368451
197.200000000 15.1391 19.1132 0 0 0 0.927566 0.373659
197.300000000 15.0863 19.1665 0 0 0 0.925944 0.377661
197.400000000 15.0339 19.2202 0 0 0 0.924305 0.381656
197.500000000 14.9819 19.2743 0 0 0 0.922648 0.385643
197.600000000 14.9305 19.3289 0 0 0 0.920974 0.389624
197.700000000 14.8795 19.3839 0 0 0 0.919283 0.393597
197.800000000 14.829 19.4394 0 0 0 0.917575 0.397563
197.900000000 14.779 19.4952 0 0 0 0.915849 0.401522
198.000000000 14.7294 19.5516 0 0 0 0.914107 0.405473
198.100000000 14.6804 19.6083 0 0 0 0.912348 0.409416
198.200000000 14.6307 19.6646 0 0 0 0.912031 0.410122
198.300000000 14.581 19.7207 0 0 0 0.912031 0.410122
198.400000000 14.5312 19.7768 0 0 0 0.912031 0.410122
198.500000000 14.4814 19.8329 0 0 0 0.912031 0.410122
198.600000000 14.4317 19.889 0 0 0 0.912031 0.410122
198.700000000 14.3819 19.9451 0 0 0 0.912031 0.410122
198.800000000 14.3321 20.0012 0 0 0 0.912031 0.410122
198.900000000 14.2823 20.0573 0 0 0 0.912031 0.410122
199.000000000 14.2326 20.1134 0 0 0 0.912031 0.410122
199.100000000 14.1859 20.1722 0 0 0 0.907794 0.419417
199.200000000 14.1406 20.2321 0 0 0 0.903237 0.429142
199.300000000 14.0966 20.2929 0 0 0 0.898576 0.438818
199.400000000 14.0539 20.3546 0 0 0 0.893811 0.448444
199.500000000 14.0125 20.4173 0 0 0 0.888943 0.458017
199.600000000 13.9725 20.4808 0 0 0 0.883973 0.467538
199.700000000 13.9339 20.5452 0 0 0 0.8789 0.477005
199.800000000 13.8966 20.6104 0 0 0 0.873727 0.486417
199.900000000 13.8608 20.6763 0 0 0 0.868452 0.495773
200.000000000 13.8264 20.7431 0 0 0 0.863077 0.505072
200.100000000 13.7934 20.8105 0 0 0 0.857603 0.514312
200.200000000 13.7641 20.8771 0 0 0 0.85047 0.526023
200.300000000 13.7372 20.9436 0 0 0 0.842925 0.53803
200.400000000 13.7122 21.0109 0 0 0 0.835211 0.54993
200.500000000 13.6892 21.0789 0 0 0 0.827328 0.561719
200.600000000 13.668 21.1475 0 0 0 0.819279 0.573395
200.700000000 13.6489 21.2167 0 0 0 0.811066 0.584955
200.800000000 13.6317 21.2864 0 0 0 0.802689 0.596398
200.900000000 13.6164 21.3565 0 0 0 0.79415 0.607721
201.000000000 13.6032 21.4271 0 0 0 0.785452 0.618922
201.100000000 13.592 21.498 0 0 0 0.776596 0.629998
201.200000000 13.5828 21.5691 0 0 0 0.767584 0.640948
201.300000000 13.5756 21.6406 0 0 0 0.758418 0.651769
201.400000000 13.5682 21.7153 0 0 0 0.752073 0.659079
201.500000000 13.5619 21.7901 0 0 0 0.746022 0.665922
201.600000000 13.5571 21.865 0 0 0 0.739908 0.672708
201.700000000 13.5536 21.9399 0 0 0 0.733732 0.679439
201.800000000 13.5515 22.015 0 0 0 0.727495 0.686113
201.900000000 13.5508 22.09 0 0 0 0.721198 0.692729
202.000000000 13.5514 22.1651 0 0 0 0.71484 0.699288
202.100000000 13.5534 22.2401 0 0 0 0.708422 0.705789
202.200000000 13.5554 22.3151 0 0 0 0.704453 0.70975
202.300000000 13.5582 22.39 0 0 0 0.700462 0.71369
202.400000000 13.5618 22.465 0 0 0 0.696449 0.717607
202.500000000 13.5663 22.5399 0 0 0 0.692413 0.721501
202.600000000 13.5716 22.6147 0 0 0 0.688356 0.725373
202.700000000 13.5778 22.6895 0 0 0 0.684278 0.729222
202.800000000 13.5848 22.7642 0 0 0 0.680177 0.733048
202.900000000 13.5926 22.8388 0 0 0 0.676056 0.736851
203.000000000 13.6013 22.9133 0 0 0 0.671913 0.74063
203.100000000 13.6108 22.9877 0 0 0 0.667749 0.744387
203.200000000 13.6189 23.0623 0 0 0 0.667749 0.744387
203.300000000 13.6271 23.1368 0 0 0 0.667749 0.744387
203.400000000 13.6352 23.2114 0 0 0 0.667749 0.744387
203.500000000 13.6433 23.2859 0 0 0 0.667749 0.744387
203.600000000 13.6514 23.3605 0 0 0 0.667749 0.744387
203.700000000 13.6595 23.4351 0 0 0 0.667749 0.744387
203.800000000 13.6676 23.5096 0 0 0 0.667749 0.744387
203.900000000 13.6758 23.5842 0 0 0 0.667749 0.744387
204.000000000 13.6839 23.6587 0 0 0 0.667749 0.744387
204.100000000 13.692 23.7333 0 0 0 0.667749 0.744387
204.200000000 13.6984 23.808 0 0 0 0.670957 0.741496
204.300000000 13.7041 23.8828 0 0 0 0.674153 0.738592
204.400000000 13.7092 23.9577 0 0 0 0.677336 0.735674
204.500000000 13.7137 24.0325 0 0 0 0.680506 0.732742
204.600000000 13.7175 24.1075 0 0 0 0.683664 0.729797
204.700000000 13.7207 24.1824 0 0 0 0.686809 0.726838
204.800000000 13.7232 24.2574 0 0 0 0.689941 0.723865
204.900000000 13.7251 24.3324 0 0 0 0.693061 0.720879
205.000000000 13.7263 24.4074 0 0 0 0.696167 0.71788
205.100000000 13.7269 24.4824 0 0 0 0.69926 0.714867
205.200000000 13.7271 24.5574 0 0 0 0.701864 0.712311
205.300000000 13.7267 24.6324 0 0 0 0.704457 0.709746
205.400000000 13.7258 24.7074 0 0 0 0.707042 0.707172
205.500000000 13.7244 24.7824 0 0 0 0.709617 0.704588
205.600000000 13.7224 24.8574 0 0 0 0.712183 0.701994
205.700000000 13.7198 24.9323 0 0 0 0.714739 0.699392
205.800000000 13.7168 25.0073 0 0 0 0.717285 0.69678
205.900000000 13.7131 25.0822 0 0 0 0.719822 0.694158
206.000000000 13.7089 25.1571 0 0 0 0.72235 0.691528
206.100000000 13.7042 25.232 0 0 0 0.724868 0.688888
206.200000000 13.7001 25.3068 0 0 0 0.7254 0.688327
206.300000000 13.6959 25.3817 0 0 0 0.725932 0.687766
206.400000000 13.6915 25.4566 0 0 0 0.726464 0.687205
206.500000000 13.687 25.5315 0 0 0 0.726995 0.686643
206.600000000 13.6824 25.6063 0 0 0 0.727526 0.68608
206.700000000 13.6777 25.6812 0 0 0 0.728056 0.685517
206.800000000 13.6729 25.756 0 0 0 0.728586 0.684954
206.900000000 13.668 25.8309 0 0 0 0.729116 0.684391
207.000000000 13.6629 25.9057 0 0 0 0.729645 0.683827
207.100000000 13.6578 25.9805 0 0 0 0.730173 0.683262
207.200000000 13.6525 26.0553 0 0 0 0.730701 0.682697
207.300000000 13.6471 26.1301 0 0 0 0.731229 0.682132
207.400000000 13.6416 26.2049 0 0 0 0.731756 0.681566
207.500000000 13.6366 26.2798 0 0 0 0.731229 0.682132
207.600000000 13.6317 26.3546 0 0 0 0.730701 0.682697
207.700000000 13.6269 26.4295 0 0 0 0.730173 0.683262
207.800000000 13.6222 26.5043 0 0 0 0.729645 0.683827
207.900000000 13.6177 26.5792 0 0 0 0.729116 0.684391
208.000000000 13.6132 26.654 0 0 0 0.728586 0.684954
208.100000000 13.6101 26.729 0 0 0 0.726083 0.687607
208.200000000 13.6075 26.8039 0 0 0 0.723569 0.690252
208.300000000 13.6054 26.8789 0 0 0 0.721047 0.692887
208.400000000 13.6039 26.9539 0 0 0 0.718514 0.695512
208.500000000 13.6029 27.0289 0 0 0 0.715972 0.698129
208.600000000 13.6024 27.1039 0 0 0 0.713421 0.700736
208.700000000 13.6026 27.1789 0 0 0 0.71086 0.703334
208.800000000 13.6032 27.2539 0 0 0 0.708289 0.705922
208.900000000 13.6044 27.3289 0 0 0 0.705709 0.708502
209.000000000 13.6062 27.4039 0 0 0 0.70312 0.711071
209.100000000 13.6085 27.4789 0 0 0 0.700521 0.713632
209.200000000 13.6105 27.5539 0 0 0 0.699433 0.714698
209.300000000 13.6124 27.6289 0 0 0 0.69888 0.715239
209.400000000 13.6145 27.7038 0 0 0 0.698327 0.715779
209.500000000 13.6166 27.7788 0 0 0 0.697773 0.716319
209.600000000 13.6189 27.8538 0 0 0 0.697219 0.716858
209.700000000 13.6213 27.9287 0 0 0 0.696665 0.717397
209.800000000 13.6238 28.0037 0 0 0 0.69611 0.717935
209.900000000 13.6264 28.0786 0 0 0 0.695554 0.718474
210.000000000 13.6292 28.1536 0 0 0 0.694998 0.719011
210.100000000 13.632 28.2285 0 0 0 0.694442 0.719548
210.200000000 13.6347 28.3035 0 0 0 0.694442 0.719548
210.300000000 13.6373 28.3784 0 0 0 0.694442 0.719548
210.400000000 13.64 28.4534 0 0 0 0.694442 0.719548
210.500000000 13.6427 28.5283 0 0 0 0.694442 0.719548
210.600000000 13.6453 28.6033 0 0 0 0.694442 0.719548
210.700000000 13.648 28.6783 0 0 0 0.694442 0.719548
210.800000000 13.6506 28.7532 0 0 0 0.694442 0.719548
210.900000000 13.6533 28.8282 0 0 0 0.694442 0.719548
211.000000000 13.656 28.9031 0 0 0 0.694442 0.719548
211.100000000 13.6586 28.9781 0 0 0 0.694442 0.719548
211.200000000 13.6613 29.053 0 0 0 0.694442 0.719548
211.300000000 13.664 29.128 0 0 0 0.694442 0.719548
211.400000000 13.6666 29.2029 0 0 0 0.694442 0.719548
211.500000000 13.6742 29.2776 0 0 0 0.685567 0.728009
211.600000000 13.686 29.3348 0 0 0 0.670099 0.742272
211.700000000 13.7018 29.3751 0 0 0 0.648325 0.761364
211.800000000 13.7204 29.4003 0 0 0 0.620644 0.784092
211.900000000 13.7407 29.4242 0 0 0 0.592167 0.805815
212.000000000 13.7627 29.4465 0 0 0 0.56293 0.826504
212.100000000 13.7862 29.4671 0 0 0 0.532972 0.846133
212.200000000 13.8107 29.4842 0 0 0 0.501511 0.865151
212.300000000 13.8363 29.4994 0 0 0 0.469373 0.883
212.400000000 13.863 29.5127 0 0 0 0.4366 0.899656
212.500000000 13.8901 29.523 0 0 0 0.402795 0.91529
212.600000000 13.9179 29.5314 0 0 0 0.368432 0.929655
212.700000000 13.9463 29.5376 0 0 0 0.333557 0.94273
212.800000000 13.9751 29.5418 0 0 0 0.29822 0.954497
212.900000000 14.0041 29.5437 0 0 0 0.262469 0.964941
213.000000000 14.0331 29.5435 0 0 0 0.226353 0.974045
213.100000000 14.0621 29.5412 0 0 0 0.189924 0.981799
213.200000000 14.0908 29.5367 0 0 0 0.153231 0.98819
213.300000000 14.1191 29.53 0 0 0 0.116326 0.993211
213.400000000 14.1468 29.5213 0 0 0 0.0792594 0.996854
213.500000000 14.1519 29.5025 0 0 0 0.0308612 0.999524
213.600000000 14.1537 29.4829 0 0 0 -0.0183596 0.999831
213.700000000 14.1536 29.4633 0 0 0 -0.0675358 0.997717
213.800000000 14.1515 29.4437 0 0 0 -0.116548 0.993185
213.900000000 14.1475 29.4245 0 0 0 -0.165279 0.986247
214.000000000 14.1416 29.4057 0 0 0 -0.213609 0.976919
214.100000000 14.134 29.3876 0 0 0 -0.261421 0.965225
214.200000000 14.1245 29.3703 0 0 0 -0.3086 0.951192
214.300000000 14.1135 29.3541 0 0 0 -0.355031 0.934854
214.400000000 14.1008 29.339 0 0 0 -0.400602 0.916252
214.500000000 14.0868 29.3252 0 0 0 -0.445203 0.89543
214.600000000 14.0715 29.3129 0 0 0 -0.488725 0.872438
214.700000000 14.055 29.3021 0 0 0 -0.531063 0.847333
214.800000000 14.0376 29.293 0 0 0 -0.572114 0.820174
214.900000000 14.0193 29.2857 0 0 0 -0.611779 0.791029
215.000000000 14.0004 29.2802 0 0 0 -0.649962 0.759967
215.100000000 13.9811 29.2766 0 0 0 -0.68657 0.727064
215.200000000 13.9677 29.2508 0 0 0 -0.713169 0.700992
215.300000000 13.9542 29.216 0 0 0 -0.73541 0.677623
215.400000000 13.9386 29.1812 0 0 0 -0.756609 0.653868
215.500000000 13.9208 29.1475 0 0 0 -0.77704 0.629451
215.600000000 13.9009 29.115 0 0 0 -0.796684 0.604396
215.700000000 13.8789 29.0839 0 0 0 -0.815521 0.578728
215.800000000 13.8551 29.0542 0 0 0 -0.83353 0.552473
215.900000000 13.8293 29.0261 0 0 0 -0.850695 0.525659
216.000000000 13.8019 28.9996 0 0 0 0.866998 -0.498312
216.100000000 13.7728 28.975 0 0 0 0.882422 -0.470459
216.200000000 13.7359 28.937 0 0 0 0.893377 -0.449308
216.300000000 13.6898 28.8855 0 0 0 0.900257 -0.435359
216.400000000 13.6401 28.8312 0 0 0 0.90594 -0.423405
216.500000000 13.5884 28.7774 0 0 0 0.911266 -0.411818
216.600000000 13.5354 28.7249 0 0 0 0.916444 -0.400164
216.700000000 13.4811 28.6738 0 0 0 0.921472 -0.388445
216.800000000 13.4255 28.624 0 0 0 0.926351 -0.376662
216.900000000 13.3686 28.5758 0 0 0 0.931079 -0.364818
217.000000000 13.3105 28.5289 0 0 0 0.935655 -0.352915
217.100000000 13.254 28.4796 0 0 0 0.935928 -0.352192
217.200000000 13.198 28.4297 0 0 0 0.93539 -0.353617
217.300000000 13.1422 28.3797 0 0 0 0.93485 -0.355042
217.400000000 13.0865 28.3294 0 0 0 0.934308 -0.356465
217.500000000 13.0309 28.279 0 0 0 0.933764 -0.357888
217.600000000 12.9756 28.2284 0 0 0 0.933218 -0.359311
217.700000000 12.9203 28.1777 0 0 0 0.93267 -0.360732
217.800000000 12.8653 28.1268 0 0 0 0.932119 -0.362152
217.900000000 12.8103 28.0757 0 0 0 0.931566 -0.363572
218.000000000 12.7556 28.0244 0 0 0 0.931011 -0.364991
218.100000000 12.6996 27.9745 0 0 0 0.932336 -0.361592
218.200000000 12.6432 27.925 0 0 0 0.933649 -0.358188
218.300000000 12.5865 27.876 0 0 0 0.93495 -0.35478
218.400000000 12.5294 27.8273 0 0 0 0.936238 -0.351367
218.500000000 12.472 27.7791 0 0 0 0.937513 -0.347949
218.600000000 12.4142 27.7312 0 0 0 0.938776 -0.344527
218.700000000 12.356 27.6838 0 0 0 0.940027 -0.3411
218.800000000 12.2976 27.6369 0 0 0 0.941265 -0.337669
218.900000000 12.2387 27.5903 0 0 0 0.942491 -0.334233
219.000000000 12.1796 27.5442 0 0 0 0.943704 -0.330792
219.100000000 12.1201 27.4985 0 0 0 0.944904 -0.327347
219.200000000 12.0603 27.4533 0 0 0 0.946092 -0.323898
219.300000000 12.0001 27.4085 0 0 0 0.947267 -0.320445
219.400000000 11.9381 27.3662 0 0 0 0.950491 -0.310752
219.500000000 11.8751 27.3254 0 0 0 0.953774 -0.300526
219.600000000 11.8112 27.2859 0 0 0 0.956946 -0.290265
219.700000000 11.7465 27.2479 0 0 0 0.960009 -0.27997
219.800000000 11.681 27.2112 0 0 0 0.96296 -0.269644
219.900000000 11.6147 27.176 0 0 0 0.965801 -0.259286
220.000000000 11.5476 27.1421 0 0 0 0.96853 -0.248898
220.100000000 11.4796 27.1103 0 0 0 0.971509 -0.237004
220.200000000 11.4108 27.0801 0 0 0 0.974342 -0.225074
220.300000000 11.3413 27.0517 0 0 0 0.977028 -0.21311
220.400000000 11.2712 27.0249 0 0 0 0.979568 -0.201114
220.500000000 11.2019 27.0004 0 0 0 0.981894 -0.18943
220.600000000 11.1337 26.9781 0 0 0 0.984033 -0.177985
220.700000000 11.0682 26.9584 0 0 0 0.985948 -0.16705
220.800000000 11.0039 26.9405 0 0 0 0.9877 -0.156362
220.900000000 10.9424 26.9249 0 0 0 0.989256 -0.146191
221.000000000 10.8823 26.9109 0 0 0 0.990671 -0.136273
221.100000000 10.8235 26.8985 0 0 0 0.991953 -0.12661
221.200000000 10.7645 26.887 0 0 0 0.993079 -0.11745
221.300000000 10.707 26.8769 0 0 0 0.994093 -0.108535
221.400000000 10.6509 26.868 0 0 0 0.995001 -0.0998659
221.500000000 10.5964 26.8604 0 0 0 0.99581 -0.0914446
221.600000000 10.5434 26.8536 0 0 0 0.996451 -0.0841776
221.700000000 10.492 26.8479 0 0 0 0.997054 -0.0766967
221.800000000 10.4373 26.8423 0 0 0 0.997571 -0.0696548
221.900000000 10.3841 26.8376 0 0 0 0.998025 -0.062823
222.000000000 10.3375 26.8338 0 0 0 0.998339 -0.0576169
222.100000000 10.2926 26.8308 0 0 0 0.998635 -0.0522233
222.200000000 10.2493 26.8283 0 0 0 0.998894 -0.047028
222.300000000 10.1927 26.8248 0 0 0 0.999095 -0.0425449
222.400000000 10.1378 26.8217 0 0 0 0.999253 -0.0386343
222.500000000 10.0812 26.8189 0 0 0 0.999401 -0.0346046
222.600000000 10.0262 26.8166 0 0 0 0.999529 -0.0306929
222.700000000 9.98787 26.8154 0 0 0 0.999609 -0.0279662
222.800000000 9.94955 26.8142 0 0 0 0.999674 -0.0255458
222.900000000 9.91288 26.8134 0 0 0 0.999737 -0.0229373
223.000000000 9.87787 26.8128 0 0 0 0.999791 -0.0204473
223.100000000 9.84453 26.8124 0 0 0 0.999837 -0.0180757
223.200000000 9.81119 26.8121 0 0 0 0.999877 -0.015704
223.300000000 9.77951 26.812 0 0 0 0.99991 -0.0134509
223.400000000 9.74783 26.812 0 0 0 0.999934 -0.0114508
223.500000000 9.71449 26.8119 0 0 0 0.999954 -0.00961088
223.600000000 9.68282 26.812 0 0 0 0.999969 -0.00786293
223.700000000 9.64948 26.8121 0 0 0 0.99998 -0.00628751
223.800000000 9.61781 26.8123 0 0 0 0.999989 -0.00479084
223.900000000 9.58448 26.8125 0 0 0 0.999994 -0.00347916
224.000000000 9.55281 26.8129 0 0 0 0.999998 -0.00198247
224.100000000 9.52281 26.8134 0 0 0 1 -0.000564558
224.200000000 9.48947 26.8137 0 0 0 1 0.00048402
224.300000000 9.45614 26.8142 0 0 0 0.999999 0.0015326
224.400000000 9.42447 26.8147 0 0 0 0.999997 0.00252874
224.500000000 9.39281 26.8152 0 0 0 0.999994 0.00352489
224.600000000 9.35948 26.8158 0 0 0 0.999991 0.00431086
224.700000000 9.32782 26.8164 0 0 0 0.999987 0.00505754
224.800000000 9.29449 26.8169 0 0 0 0.999984 0.0055813
224.900000000 9.26116 26.8175 0 0 0 0.999981 0.00610506
225.000000000 9.2295 26.8181 0 0 0 0.999978 0.00660263
225.100000000 9.19784 26.8187 0 0 0 0.999975 0.0071002
225.200000000 9.16451 26.8193 0 0 0 0.999973 0.00736202
225.300000000 9.13285 26.8199 0 0 0 0.999969 0.00785959
225.400000000 9.10119 26.8205 0 0 0 0.999967 0.00810831
225.500000000 9.06786 26.8212 0 0 0 0.999965 0.00837012
225.600000000 9.0362 26.8218 0 0 0 0.999963 0.00861884
225.700000000 9.00287 26.8224 0 0 0 0.999963 0.00861884
225.800000000 8.97121 26.823 0 0 0 0.999961 0.00886756
225.900000000 8.94122 26.8237 0 0 0 0.999959 0.00910319
226.000000000 8.91122 26.8243 0 0 0 0.999956 0.00933882
226.100000000 8.8779 26.8249 0 0 0 0.999956 0.00933882
226.200000000 8.84623 26.8255 0 0 0 0.999956 0.00933882
226.300000000 8.81457 26.8261 0 0 0 0.999956 0.00933882
226.400000000 8.78125 26.8267 0 0 0 0.999956 0.00933882
226.500000000 8.74959 26.8273 0 0 0 0.999956 0.00933882
226.600000000 8.6746 26.8287 0 0 0 0.999956 0.00933882
226.700000000 8.59961 26.8301 0 0 0 0.999956 0.00933882
226.800000000 8.52629 26.8315 0 0 0 0.999956 0.00933882
226.900000000 8.45464 26.8328 0 0 0 0.999956 0.00933882
227.000000000 8.38632 26.8341 0 0 0 0.999956 0.00933882
227.100000000 8.31966 26.8353 0 0 0 0.999956 0.00933882
227.200000000 8.25467 26.8366 0 0 0 0.999956 0.00933882
227.300000000 8.19302 26.8379 0 0 0 0.999952 0.00982317
227.400000000 8.13303 26.8391 0 0 0 0.999952 0.00982317
227.500000000 8.07471 26.8404 0 0 0 0.999947 0.0102813
227.600000000 8.01973 26.8417 0 0 0 0.999943 0.0107133
227.700000000 7.96641 26.843 0 0 0 0.999938 0.0111322
227.800000000 7.91476 26.8443 0 0 0 0.999933 0.011538
227.900000000 7.86478 26.8457 0 0 0 0.999929 0.0119307
228.000000000 7.81646 26.847 0 0 0 0.999924 0.0123103
228.100000000 7.76981 26.8483 0 0 0 0.99992 0.0126768
228.200000000 7.72483 26.8495 0 0 0 0.999915 0.0130303
228.300000000 7.68152 26.8508 0 0 0 0.999911 0.0133706
228.400000000 7.63987 26.852 0 0 0 0.999906 0.0136978
228.500000000 7.59989 26.8533 0 0 0 0.999902 0.014012
228.600000000 7.56157 26.8545 0 0 0 0.999898 0.0143131
228.700000000 7.52326 26.8557 0 0 0 0.999893 0.0146141
228.800000000 7.48661 26.8569 0 0 0 0.999889 0.0149021
228.900000000 7.45163 26.858 0 0 0 0.999885 0.015177
229.000000000 7.41831 26.8591 0 0 0 0.999881 0.0154388
229.100000000 7.385 26.8603 0 0 0 0.999877 0.0157006
229.200000000 7.35335 26.8614 0 0 0 0.999873 0.0159493
229.300000000 7.32003 26.8624 0 0 0 0.999873 0.0159493
229.400000000 7.28672 26.8635 0 0 0 0.999873 0.0159493
229.500000000 7.2534 26.8646 0 0 0 0.999873 0.0159493
229.600000000 7.22175 26.8656 0 0 0 0.999873 0.0159493
229.700000000 7.18843 26.8665 0 0 0 0.999877 0.0156875
229.800000000 7.15511 26.8675 0 0 0 0.999881 0.0154257
229.900000000 7.12346 26.8683 0 0 0 0.999885 0.015177
230.000000000 7.0918 26.8692 0 0 0 0.999889 0.0149283
230.100000000 7.06015 26.87 0 0 0 0.999892 0.0146796
230.200000000 7.02682 26.8709 0 0 0 0.999896 0.0144178
230.300000000 6.9935 26.8718 0 0 0 0.9999 0.014156
230.400000000 6.96018 26.8726 0 0 0 0.999903 0.0138942
230.500000000 6.92852 26.8734 0 0 0 0.999907 0.0136455
230.600000000 6.89853 26.8741 0 0 0 0.99991 0.0134099
230.700000000 6.86854 26.8748 0 0 0 0.999913 0.0131743
230.800000000 6.84021 26.8755 0 0 0 0.999916 0.0129517
230.900000000 6.81355 26.8761 0 0 0 0.999919 0.0127423
231.000000000 6.78689 26.8767 0 0 0 0.999921 0.0125328
231.100000000 6.76023 26.8773 0 0 0 0.999924 0.0123234
231.200000000 6.73357 26.8778 0 0 0 0.999927 0.012114
231.300000000 6.70691 26.8783 0 0 0 0.999932 0.011695
231.400000000 6.68025 26.8788 0 0 0 0.999936 0.011276
231.500000000 6.65358 26.8792 0 0 0 0.999941 0.010857
231.600000000 6.62692 26.8796 0 0 0 0.999946 0.010438
231.700000000 6.60025 26.88 0 0 0 0.99995 0.010019
231.800000000 6.57526 26.8804 0 0 0 0.999952 0.00982265
231.900000000 6.54859 26.8808 0 0 0 0.999956 0.00940365
232.000000000 6.52359 26.8811 0 0 0 0.999959 0.00901084
232.100000000 6.49693 26.8814 0 0 0 0.999963 0.00859184
232.200000000 6.47193 26.8817 0 0 0 0.999966 0.00819903
232.300000000 6.44526 26.882 0 0 0 0.99997 0.00778002
232.400000000 6.42026 26.8822 0 0 0 0.999973 0.0073872
232.500000000 6.3936 26.8824 0 0 0 0.999976 0.0069682
232.600000000 6.3686 26.8827 0 0 0 0.999977 0.00677184
232.700000000 6.3436 26.883 0 0 0 0.999978 0.00657548
232.800000000 6.31693 26.8831 0 0 0 0.999981 0.00615647
232.900000000 6.29027 26.8833 0 0 0 0.999984 0.00573746
233.000000000 6.2636 26.8835 0 0 0 0.999985 0.005528
233.100000000 6.23694 26.8837 0 0 0 0.999986 0.00531855
233.200000000 6.21027 26.8839 0 0 0 0.999987 0.0051091
233.300000000 6.18527 26.8841 0 0 0 0.999988 0.00491273
233.400000000 6.1586 26.8843 0 0 0 0.999989 0.00470328
233.500000000 6.13194 26.8845 0 0 0 0.99999 0.00449383
233.600000000 6.10527 26.8846 0 0 0 0.999991 0.00428437
233.700000000 6.07861 26.8848 0 0 0 0.999992 0.00407492
233.800000000 6.05361 26.8849 0 0 0 0.999992 0.00387855
233.900000000 6.02527 26.885 0 0 0 0.999993 0.00365601
234.000000000 5.99861 26.8851 0 0 0 0.999994 0.00344655
234.100000000 5.97194 26.8852 0 0 0 0.999995 0.00323709
234.200000000 5.94527 26.8853 0 0 0 0.999995 0.00302764
234.300000000 5.91861 26.8854 0 0 0 0.999996 0.00281818
234.400000000 5.89361 26.8854 0 0 0 0.999997 0.00262182
234.500000000 5.86861 26.8855 0 0 0 0.999997 0.00242545
234.600000000 5.79362 26.887 0 0 0 0.999986 0.00538496
234.700000000 5.72212 26.8935 0 0 0 0.999809 0.0195653
234.800000000 5.64735 26.8999 0 0 0 0.999604 0.0281409
234.900000000 5.57269 26.9075 0 0 0 0.999326 0.0367144
235.000000000 5.49813 26.916 0 0 0 0.999025 0.044138
235.100000000 5.4238 26.9264 0 0 0 0.998551 0.0538064
235.200000000 5.3492 26.9342 0 0 0 0.998593 0.0530341
235.300000000 5.27518 26.9468 0 0 0 0.9979 0.0647768
235.400000000 5.21396 26.9623 0 0 0 0.996524 0.0833066
235.500000000 5.14623 26.9798 0 0 0 0.995152 0.0983459
235.600000000 5.07303 26.9962 0 0 0 0.994718 0.102642
235.700000000 5.00602 27.0163 0 0 0 0.993055 0.117652
235.800000000 4.94679 27.0382 0 0 0 0.990697 0.136083
235.900000000 4.88927 27.0622 0 0 0 0.987934 0.154878
236.000000000 4.83271 27.0884 0 0 0 0.984813 0.173618
236.100000000 4.77718 27.1166 0 0 0 0.981337 0.192295
236.200000000 4.71935 27.1477 0 0 0 0.977862 0.209251
236.300000000 4.66264 27.1807 0 0 0 0.974094 0.226145
236.400000000 4.6071 27.2157 0 0 0 0.970034 0.242971
236.500000000 4.55281 27.2525 0 0 0 0.965683 0.259724
236.600000000 4.49982 27.2913 0 0 0 0.961043 0.276399
236.700000000 4.44821 27.3318 0 0 0 0.956115 0.292992
236.800000000 4.39803 27.3741 0 0 0 0.950901 0.309496
236.900000000 4.34934 27.4181 0 0 0 0.945401 0.325908
237.000000000 4.30221 27.4638 0 0 0 0.939619 0.342223
237.100000000 4.25669 27.5111 0 0 0 0.933555 0.358434
237.200000000 4.21283 27.5599 0 0 0 0.927211 0.374539
237.300000000 4.17068 27.6102 0 0 0 0.92059 0.390531
237.400000000 4.13031 27.6619 0 0 0 0.913693 0.406406
237.500000000 4.10506 27.7051 0 0 0 0.903079 0.429474
237.600000000 4.095 27.7387 0 0 0 0.888161 0.459533
237.700000000 4.09575 27.7648 0 0 0 0.86944 0.494039
237.800000000 4.09928 27.7899 0 0 0 0.849102 0.52823
237.900000000 4.10479 27.8147 0 0 0 0.82742 0.561584
238.000000000 4.11346 27.8371 0 0 0 0.803786 0.594919
238.100000000 4.12393 27.8587 0 0 0 0.77881 0.62726
238.200000000 4.13659 27.8783 0 0 0 0.752167 0.658973
238.300000000 4.15083 27.8968 0 0 0 0.724234 0.689555
238.400000000 4.16656 27.9141 0 0 0 0.695058 0.718954
238.500000000 4.18365 27.93 0 0 0 0.66469 0.747119
238.600000000 4.20201 27.9444 0 0 0 0.633181 0.774003
238.700000000 4.22149 27.9573 0 0 0 0.600587 0.79956
238.800000000 4.24198 27.9685 0 0 0 0.566962 0.823744
238.900000000 4.26332 27.978 0 0 0 0.532364 0.846515
239.000000000 4.28537 27.9857 0 0 0 0.496853 0.867835
239.100000000 4.30798 27.9915 0 0 0 0.46049 0.887665
239.200000000 4.33653 28.0117 0 0 0 0.43436 0.90074
239.300000000 4.36197 28.034 0 0 0 0.42065 0.907223
239.400000000 4.38698 28.0586 0 0 0 0.413469 0.910518
239.500000000 4.41397 28.0881 0 0 0 0.411457 0.911429
239.600000000 4.46098 28.1466 0 0 0 0.41926 0.907866
239.700000000 4.49666 28.1997 0 0 0 0.435678 0.900103
239.800000000 4.51968 28.2449 0 0 0 0.458042 0.888931
239.900000000 4.54042 28.2913 0 0 0 0.48012 0.877203
240.000000000 4.57038 28.3506 0 0 0 0.494855 0.868976
240.100000000 4.60628 28.4165 0 0 0 0.500784 0.865572
240.200000000 4.64264 28.4821 0 0 0 0.503344 0.864086
240.300000000 4.6809 28.5466 0 0 0 0.500188 0.865917
240.400000000 4.71963 28.6108 0 0 0 0.497026 0.867736
240.500000000 4.75731 28.6757 0 0 0 0.497697 0.867351
240.600000000 4.79489 28.7406 0 0 0 0.498367 0.866966
240.700000000 4.83412 28.8045 0 0 0 0.494619 0.86911
240.800000000 4.87242 28.869 0 0 0 0.494619 0.86911
240.900000000 4.91221 28.9326 0 0 0 0.490861 0.871238
241.000000000 4.9508 28.9969 0 0 0 0.491535 0.870858
241.100000000 4.99104 29.0602 0 0 0 0.48777 0.872972
241.200000000 5.03325 29.1223 0 0 0 0.480264 0.877124
241.300000000 5.07615 29.1838 0 0 0 0.473734 0.880668
241.400000000 5.12033 29.2445 0 0 0 0.466162 0.884699
241.500000000 5.16555 29.3044 0 0 0 0.458556 0.888666
241.600000000 5.21179 29.3635 0 0 0 0.450916 0.892566
241.700000000 5.25903 29.4218 0 0 0 0.443243 0.896401
241.800000000 5.30727 29.4793 0 0 0 0.435537 0.900171
241.900000000 5.35649 29.536 0 0 0 0.4278 0.903874
242.000000000 5.40667 29.5918 0 0 0 0.420031 0.90751
242.100000000 5.45781 29.6467 0 0 0 0.412231 0.91108
242.200000000 5.50987 29.7008 0 0 0 0.4044 0.914582
242.300000000 5.56286 29.7539 0 0 0 0.39654 0.918017
242.400000000 5.61675 29.8061 0 0 0 0.388651 0.921385
242.500000000 5.66726 29.8481 0 0 0 0.372645 0.927974
242.600000000 5.70964 29.8746 0 0 0 0.348964 0.937136
242.700000000 5.74294 29.8856 0 0 0 0.317323 0.948317
242.800000000 5.76976 29.8865 0 0 0 0.280353 0.959897
242.900000000 5.79579 29.8845 0 0 0 0.242461 0.970161
243.000000000 5.82158 29.8804 0 0 0 0.204196 0.97893
243.100000000 5.84698 29.8744 0 0 0 0.165616 0.98619
243.200000000 5.86992 29.8653 0 0 0 0.125729 0.992065
243.300000000 5.89104 29.8539 0 0 0 0.085094 0.996373
243.400000000 5.91116 29.8408 0 0 0 0.0443171 0.999018
243.500000000 5.93013 29.8261 0 0 0 0.00346609 0.999994
243.600000000 5.94785 29.8099 0 0 0 -0.0373907 0.999301
243.700000000 5.96418 29.7923 0 0 0 -0.078185 0.996939
243.800000000 5.97902 29.7734 0 0 0 -0.118849 0.992912
243.900000000 5.99227 29.7534 0 0 0 -0.159314 0.987228
244.000000000 6.00384 29.7323 0 0 0 -0.199513 0.979895
244.100000000 6.01366 29.7104 0 0 0 -0.23938 0.970926
244.200000000 6.02165 29.6878 0 0 0 -0.278846 0.960336
244.300000000 6.02986 29.6638 0 0 0 -0.316822 0.948485
244.400000000 6.03613 29.6391 0 0 0 -0.354297 0.935133
244.500000000 6.03946 29.6147 0 0 0 -0.391703 0.920092
244.600000000 6.02569 29.6006 0 0 0 -0.436504 0.899702
244.700000000 6.01061 29.588 0 0 0 -0.480246 0.877134
244.800000000 5.99436 29.5769 0 0 0 -0.522826 0.85244
244.900000000 5.9771 29.5675 0 0 0 -0.564138 0.82568
245.000000000 5.959 29.5598 0 0 0 -0.604084 0.796921
245.100000000 5.94803 29.5385 0 0 0 -0.636137 0.771576
245.200000000 5.93578 29.517 0 0 0 -0.666721 0.745307
245.300000000 5.92185 29.4967 0 0 0 -0.696222 0.717826
245.400000000 5.90632 29.4775 0 0 0 -0.724591 0.689179
245.500000000 5.88929 29.4596 0 0 0 -0.751783 0.659411
245.600000000 5.87088 29.4431 0 0 0 -0.777752 0.628571
245.700000000 5.8512 29.4282 0 0 0 -0.802457 0.59671
245.800000000 5.83038 29.4149 0 0 0 -0.825858 0.563879
245.900000000 5.80857 29.4034 0 0 0 -0.847916 0.530131
246.000000000 5.78589 29.3936 0 0 0 0.868596 -0.495521
246.100000000 5.7625 29.3857 0 0 0 0.887864 -0.460106
246.200000000 5.73284 29.3669 0 0 0 0.902802 -0.430057
246.300000000 5.70157 29.3494 0 0 0 0.916549 -0.399923
246.400000000 5.6692 29.334 0 0 0 0.92929 -0.36935
246.500000000 5.63641 29.3215 0 0 0 0.94116 -0.337962
246.600000000 5.60229 29.3105 0 0 0 0.951836 -0.306608
246.700000000 5.56751 29.3018 0 0 0 0.961468 -0.274918
246.800000000 5.53223 29.2954 0 0 0 0.970045 -0.242926
246.900000000 5.49661 29.2914 0 0 0 0.977558 -0.210668
247.000000000 5.46079 29.2898 0 0 0 0.983998 -0.178179
247.100000000 5.42495 29.2905 0 0 0 0.989359 -0.145494
247.200000000 5.37443 29.2857 0 0 0 0.992687 -0.120717
247.300000000 5.30861 29.2764 0 0 0 0.994583 -0.103947
247.400000000 5.23468 29.2636 0 0 0 0.99527 -0.0971453
247.500000000 5.16098 29.2497 0 0 0 0.995417 -0.095629
247.600000000 5.08724 29.236 0 0 0 0.995562 -0.0941124
247.700000000 5.01345 29.2226 0 0 0 0.995704 -0.0925957
247.800000000 4.93963 29.2093 0 0 0 0.995844 -0.0910787
247.900000000 4.86576 29.1963 0 0 0 0.995981 -0.0895614
248.000000000 4.79186 29.1835 0 0 0 0.996117 -0.088044
248.100000000 4.71791 29.171 0 0 0 0.99625 -0.0865264
248.200000000 4.64486 29.1536 0 0 0 0.995213 -0.0977346
248.300000000 4.58307 29.1341 0 0 0 0.993323 -0.11537
248.400000000 4.52288 29.1125 0 0 0 0.991064 -0.13339
248.500000000 4.46352 29.0887 0 0 0 0.988478 -0.151365
248.600000000 4.40506 29.0628 0 0 0 0.985566 -0.169291
248.700000000 4.34758 29.0347 0 0 0 0.982329 -0.187161
248.800000000 4.29115 29.0046 0 0 0 0.978769 -0.204969
248.900000000 4.23586 28.9724 0 0 0 0.974885 -0.222709
249.000000000 4.18177 28.9383 0 0 0 0.97068 -0.240376
249.100000000 4.12896 28.9022 0 0 0 0.966155 -0.257964
249.200000000 4.06643 28.8606 0 0 0 0.962919 -0.269791
249.300000000 4.00484 28.8177 0 0 0 0.959679 -0.281099
249.400000000 3.94428 28.7733 0 0 0 0.956306 -0.292368
249.500000000 3.88478 28.7275 0 0 0 0.952801 -0.303597
249.600000000 3.82637 28.6803 0 0 0 0.949164 -0.314783
249.700000000 3.76909 28.6317 0 0 0 0.945395 -0.325927
249.800000000 3.71297 28.5818 0 0 0 0.941496 -0.337025
249.900000000 3.65804 28.5306 0 0 0 0.937466 -0.348076
250.000000000 3.60432 28.4781 0 0 0 0.933307 -0.359079
250.100000000 3.55186 28.4244 0 0 0 0.929019 -0.370033
250.200000000 3.50067 28.3695 0 0 0 0.924602 -0.380935
250.300000000 3.45079 28.3133 0 0 0 0.920057 -0.391785
250.400000000 3.40225 28.256 0 0 0 0.915385 -0.40258
250.500000000 3.35209 28.2003 0 0 0 0.914655 -0.404234
250.600000000 3.30178 28.1447 0 0 0 0.914407 -0.404797
250.700000000 3.25154 28.089 0 0 0 0.914157 -0.40536
250.800000000 3.20248 28.0345 0 0 0 0.913924 -0.405886
250.900000000 3.15571 27.9824 0 0 0 0.9137 -0.406389
251.000000000 3.11011 27.9315 0 0 0 0.913482 -0.406879
251.100000000 3.06456 27.8806 0 0 0 0.913264 -0.407369
251.200000000 3.0139 27.8252 0 0 0 0.914014 -0.405682
251.300000000 2.96289 27.7703 0 0 0 0.914969 -0.403524
251.400000000 2.9139 27.7179 0 0 0 0.915876 -0.40146
251.500000000 2.86581 27.6671 0 0 0 0.916758 -0.399443
251.600000000 2.81388 27.6129 0 0 0 0.917936 -0.396728
251.700000000 2.76163 27.5591 0 0 0 0.919106 -0.394009
251.800000000 2.70906 27.5056 0 0 0 0.920269 -0.391287
251.900000000 2.65618 27.4524 0 0 0 0.921423 -0.388562
252.000000000 2.60298 27.3996 0 0 0 0.922568 -0.385833
252.100000000 2.56423 27.3605 0 0 0 0.922735 -0.385435
252.200000000 2.52663 27.3227 0 0 0 0.922896 -0.385048
252.300000000 2.49017 27.2861 0 0 0 0.923053 -0.384674
252.400000000 2.45485 27.2507 0 0 0 0.923204 -0.384311
252.500000000 2.42069 27.2165 0 0 0 0.923349 -0.383961
252.600000000 2.38768 27.1835 0 0 0 0.92349 -0.383622
252.700000000 2.35582 27.1518 0 0 0 0.923626 -0.383296
252.800000000 2.32513 27.1212 0 0 0 0.923756 -0.382981
252.900000000 2.29559 27.0918 0 0 0 0.923881 -0.382679
253.000000000 2.26722 27.0636 0 0 0 0.924002 -0.382389
253.100000000 2.24001 27.0366 0 0 0 0.924117 -0.38211
253.200000000 2.21405 27.0107 0 0 0 0.924117 -0.38211
253.300000000 2.18809 26.9848 0 0 0 0.924117 -0.38211
253.400000000 2.16331 26.9601 0 0 0 0.924117 -0.38211
253.500000000 2.13971 26.9365 0 0 0 0.924117 -0.38211
253.600000000 2.11729 26.9142 0 0 0 0.924117 -0.38211
253.700000000 2.09369 26.8906 0 0 0 0.924117 -0.38211
253.800000000 2.07127 26.8683 0 0 0 0.924117 -0.38211
253.900000000 2.04767 26.8447 0 0 0 0.924117 -0.38211
254.000000000 2.02525 26.8224 0 0 0 0.924117 -0.38211
254.100000000 2.00283 26.8 0 0 0 0.924117 -0.38211
254.200000000 1.98041 26.7776 0 0 0 0.924117 -0.38211
254.300000000 1.95681 26.7541 0 0 0 0.924117 -0.38211
254.400000000 1.93321 26.7305 0 0 0 0.924117 -0.38211
254.500000000 1.9108 26.7082 0 0 0 0.924117 -0.38211
254.600000000 1.8872 26.6846 0 0 0 0.924117 -0.38211
254.700000000 1.86478 26.6623 0 0 0 0.924117 -0.38211
254.800000000 1.84354 26.6411 0 0 0 0.924117 -0.38211
254.900000000 1.8223 26.6199 0 0 0 0.924117 -0.38211
255.000000000 1.7987 26.5964 0 0 0 0.924117 -0.38211
255.100000000 1.77628 26.574 0 0 0 0.924117 -0.38211
255.200000000 1.75504 26.5528 0 0 0 0.924117 -0.38211
255.300000000 1.7338 26.5316 0 0 0 0.924117 -0.38211
255.400000000 1.71374 26.5116 0 0 0 0.924117 -0.38211
255.500000000 1.69368 26.4916 0 0 0 0.924117 -0.38211
255.600000000 1.67008 26.4681 0 0 0 0.924117 -0.38211
255.700000000 1.64648 26.4445 0 0 0 0.924117 -0.38211
255.800000000 1.62406 26.4222 0 0 0 0.924117 -0.38211
255.900000000 1.60282 26.401 0 0 0 0.924117 -0.38211
256.000000000 1.58158 26.3798 0 0 0 0.924117 -0.38211
256.100000000 1.56152 26.3598 0 0 0 0.924117 -0.38211
256.200000000 1.54264 26.3409 0 0 0 0.924117 -0.38211
256.300000000 1.52376 26.3221 0 0 0 0.924117 -0.38211
256.400000000 1.5037 26.3021 0 0 0 0.924117 -0.38211
256.500000000 1.48365 26.2821 0 0 0 0.924117 -0.38211
256.600000000 1.46359 26.2621 0 0 0 0.924117 -0.38211
256.700000000 1.44471 26.2433 0 0 0 0.924117 -0.38211
256.800000000 1.42583 26.2244 0 0 0 0.924117 -0.38211
256.900000000 1.40813 26.2068 0 0 0 0.924117 -0.38211
257.000000000 1.38807 26.1868 0 0 0 0.924117 -0.38211
257.100000000 1.36801 26.1667 0 0 0 0.924117 -0.38211
257.200000000 1.34913 26.1479 0 0 0 0.924117 -0.38211
257.300000000 1.32907 26.1279 0 0 0 0.924117 -0.38211
257.400000000 1.30901 26.1079 0 0 0 0.924117 -0.38211
257.500000000 1.28895 26.0879 0 0 0 0.924117 -0.38211
257.600000000 1.26889 26.0679 0 0 0 0.924117 -0.38211
257.700000000 1.24765 26.0467 0 0 0 0.924117 -0.38211
257.800000000 1.22759 26.0267 0 0 0 0.924117 -0.38211
257.900000000 1.20871 26.0078 0 0 0 0.924117 -0.38211
258.000000000 1.18983 25.989 0 0 0 0.924117 -0.38211
258.100000000 1.16977 25.969 0 0 0 0.924117 -0.38211
258.200000000 1.15089 25.9502 0 0 0 0.924117 -0.38211
258.300000000 1.13083 25.9302 0 0 0 0.924117 -0.38211
258.400000000 1.11195 25.9113 0 0 0 0.924117 -0.38211
258.500000000 1.09189 25.8913 0 0 0 0.924117 -0.38211
258.600000000 1.07184 25.8713 0 0 0 0.924117 -0.38211
258.700000000 1.05296 25.8525 0 0 0 0.924117 -0.38211
258.800000000 1.03526 25.8348 0 0 0 0.924117 -0.38211
258.900000000 1.01402 25.8136 0 0 0 0.924117 -0.38211
259.000000000 0.993957 25.7936 0 0 0 0.924117 -0.38211
259.100000000 0.975077 25.7748 0 0 0 0.924117 -0.38211
259.200000000 0.955018 25.7548 0 0 0 0.924117 -0.38211
259.300000000 0.934958 25.7348 0 0 0 0.924117 -0.38211
259.400000000 0.916079 25.7159 0 0 0 0.924117 -0.38211
259.500000000 0.896019 25.6959 0 0 0 0.924117 -0.38211
259.600000000 0.87714 25.6771 0 0 0 0.924117 -0.38211
259.700000000 0.85708 25.6571 0 0 0 0.924117 -0.38211
259.800000000 0.837021 25.6371 0 0 0 0.924117 -0.38211
259.900000000 0.818141 25.6182 0 0 0 0.924117 -0.38211
260.000000000 0.798082 25.5982 0 0 0 0.924117 -0.38211
260.100000000 0.779202 25.5794 0 0 0 0.924117 -0.38211
260.200000000 0.759143 25.5594 0 0 0 0.924117 -0.38211
260.300000000 0.739083 25.5394 0 0 0 0.924117 -0.38211
260.400000000 0.719023 25.5194 0 0 0 0.924117 -0.38211
260.500000000 0.698964 25.4994 0 0 0 0.924117 -0.38211
260.600000000 0.677724 25.4782 0 0 0 0.924117 -0.38211
260.700000000 0.657665 25.4582 0 0 0 0.924117 -0.38211
260.800000000 0.638785 25.4393 0 0 0 0.924117 -0.38211
260.900000000 0.619906 25.4205 0 0 0 0.924117 -0.38211
261.000000000 0.602206 25.4028 0 0 0 0.924117 -0.38211
261.100000000 0.584507 25.3852 0 0 0 0.924117 -0.38211
261.200000000 0.564447 25.3652 0 0 0 0.924117 -0.38211
261.300000000 0.545568 25.3463 0 0 0 0.924117 -0.38211
261.400000000 0.525508 25.3263 0 0 0 0.924117 -0.38211
261.500000000 0.505449 25.3063 0 0 0 0.924117 -0.38211
261.600000000 0.484209 25.2851 0 0 0 0.924117 -0.38211
261.700000000 0.46415 25.2651 0 0 0 0.924117 -0.38211
261.800000000 0.44527 25.2463 0 0 0 0.924117 -0.38211
261.900000000 0.42639 25.2275 0 0 0 0.924117 -0.38211
262.000000000 0.408691 25.2098 0 0 0 0.924117 -0.38211
262.100000000 0.390991 25.1921 0 0 0 0.924117 -0.38211
262.200000000 0.374472 25.1757 0 0 0 0.924117 -0.38211
262.300000000 0.357952 25.1592 0 0 0 0.924117 -0.38211
262.400000000 0.337893 25.1392 0 0 0 0.924117 -0.38211
262.500000000 0.317833 25.1192 0 0 0 0.924117 -0.38211
262.600000000 0.298953 25.1003 0 0 0 0.924117 -0.38211
262.700000000 0.280074 25.0815 0 0 0 0.924117 -0.38211
262.800000000 0.262374 25.0638 0 0 0 0.924117 -0.38211
262.900000000 0.244675 25.0462 0 0 0 0.924117 -0.38211
263.000000000 0.228155 25.0297 0 0 0 0.924117 -0.38211
263.100000000 0.211636 25.0132 0 0 0 0.924117 -0.38211
263.200000000 0.191576 24.9932 0 0 0 0.924117 -0.38211
263.300000000 0.171517 24.9732 0 0 0 0.924117 -0.38211
263.400000000 0.152637 24.9544 0 0 0 0.924117 -0.38211
263.500000000 0.133757 24.9355 0 0 0 0.924117 -0.38211
263.600000000 0.116058 24.9179 0 0 0 0.924117 -0.38211
263.700000000 0.0971783 24.8991 0 0 0 0.924117 -0.38211
263.800000000 0.0806587 24.8826 0 0 0 0.924117 -0.38211
263.900000000 0.0629591 24.8649 0 0 0 0.924117 -0.38211
264.000000000 0.0464395 24.8484 0 0 0 0.924117 -0.38211
264.100000000 0.0299199 24.832 0 0 0 0.924117 -0.38211
264.200000000 0.0145802 24.8167 0 0 0 0.924117 -0.38211
264.300000000 -0.00193936 24.8002 0 0 0 0.924117 -0.38211
264.400000000 -0.018459 24.7837 0 0 0 0.924117 -0.38211
264.500000000 -0.0361585 24.7661 0 0 0 0.924117 -0.38211
264.600000000 -0.0526782 24.7496 0 0 0 0.924117 -0.38211
264.700000000 -0.0691978 24.7331 0 0 0 0.924117 -0.38211
264.800000000 -0.0845374 24.7178 0 0 0 0.924117 -0.38211
264.900000000 -0.099877 24.7025 0 0 0 0.924117 -0.38211
265.000000000 -0.116397 24.686 0 0 0 0.924117 -0.38211
265.100000000 -0.134096 24.6684 0 0 0 0.924117 -0.38211
265.200000000 -0.150616 24.6519 0 0 0 0.924117 -0.38211
265.300000000 -0.168315 24.6342 0 0 0 0.924117 -0.38211
265.400000000 -0.186015 24.6166 0 0 0 0.924117 -0.38211
265.500000000 -0.202535 24.6001 0 0 0 0.924117 -0.38211
265.600000000 -0.219054 24.5836 0 0 0 0.924117 -0.38211
265.700000000 -0.235574 24.5671 0 0 0 0.924117 -0.38211
265.800000000 -0.252093 24.5507 0 0 0 0.924117 -0.38211
265.900000000 -0.269793 24.533 0 0 0 0.924117 -0.38211
266.000000000 -0.286313 24.5165 0 0 0 0.924117 -0.38211
266.100000000 -0.302832 24.5 0 0 0 0.924117 -0.38211
266.200000000 -0.318172 24.4847 0 0 0 0.924117 -0.38211
266.300000000 -0.334691 24.4683 0 0 0 0.924117 -0.38211
266.400000000 -0.351211 24.4518 0 0 0 0.924117 -0.38211
266.500000000 -0.366551 24.4365 0 0 0 0.924117 -0.38211
266.600000000 -0.38307 24.42 0 0 0 0.924117 -0.38211
266.700000000 -0.39959 24.4035 0 0 0 0.924117 -0.38211
266.800000000 -0.417289 24.3859 0 0 0 0.924117 -0.38211
266.900000000 -0.433809 24.3694 0 0 0 0.924117 -0.38211
267.000000000 -0.450329 24.3529 0 0 0 0.924117 -0.38211
267.100000000 -0.468028 24.3353 0 0 0 0.924117 -0.38211
267.200000000 -0.484548 24.3188 0 0 0 0.924117 -0.38211
267.300000000 -0.501067 24.3023 0 0 0 0.924117 -0.38211
267.400000000 -0.518767 24.2846 0 0 0 0.924117 -0.38211
267.500000000 -0.535287 24.2682 0 0 0 0.924117 -0.38211
267.600000000 -0.551806 24.2517 0 0 0 0.924117 -0.38211
267.700000000 -0.570686 24.2329 0 0 0 0.924117 -0.38211
267.800000000 -0.587205 24.2164 0 0 0 0.924117 -0.38211
267.900000000 -0.604905 24.1987 0 0 0 0.924117 -0.38211
268.000000000 -0.621425 24.1822 0 0 0 0.924117 -0.38211
268.100000000 -0.637944 24.1658 0 0 0 0.924117 -0.38211
268.200000000 -0.655644 24.1481 0 0 0 0.924117 -0.38211
268.300000000 -0.672163 24.1316 0 0 0 0.924117 -0.38211
268.400000000 -0.688683 24.1151 0 0 0 0.924117 -0.38211
268.500000000 -0.738276 24.0587 0 0 0 0.919362 -0.393413
268.600000000 -0.772058 24.0112 0 0 0 0.910881 -0.412668
268.700000000 -0.790881 23.9722 0 0 0 0.89855 -0.43887
268.800000000 -0.79815 23.9401 0 0 0 0.882691 -0.469954
268.900000000 -0.8025 23.9084 0 0 0 -0.865527 0.500862
269.000000000 -0.804593 23.8764 0 0 0 -0.847282 0.531144
269.100000000 -0.804421 23.8443 0 0 0 -0.827977 0.560761
269.200000000 -0.805931 23.8062 0 0 0 -0.809707 0.586835
269.300000000 -0.805439 23.7674 0 0 0 -0.790872 0.611981
269.400000000 -0.802509 23.7286 0 0 0 -0.771257 0.636523
269.500000000 -0.797152 23.6901 0 0 0 -0.750881 0.660437
269.600000000 -0.789388 23.6521 0 0 0 -0.729764 0.683699
269.700000000 -0.77925 23.6146 0 0 0 -0.707926 0.706287
269.800000000 -0.766776 23.5778 0 0 0 -0.68539 0.728177
269.900000000 -0.752015 23.5418 0 0 0 -0.662177 0.749348
270.000000000 -0.735028 23.5069 0 0 0 -0.63831 0.769779
270.100000000 -0.715879 23.4731 0 0 0 -0.613813 0.789451
270.200000000 -0.694192 23.4322 0 0 0 -0.591984 0.80595
270.300000000 -0.670301 23.3925 0 0 0 -0.569712 0.821844
270.400000000 -0.644277 23.3543 0 0 0 -0.547013 0.837124
270.500000000 -0.616198 23.3175 0 0 0 -0.523905 0.851777
270.600000000 -0.586149 23.2823 0 0 0 -0.500404 0.865792
270.700000000 -0.553957 23.248 0 0 0 -0.476877 0.87897
270.800000000 -0.519963 23.2155 0 0 0 -0.453003 0.891509
270.900000000 -0.484267 23.1849 0 0 0 -0.428799 0.9034
271.000000000 -0.446973 23.1562 0 0 0 -0.404284 0.914634
271.100000000 -0.407581 23.1224 0 0 0 -0.389754 0.920919
271.200000000 -0.369841 23.087 0 0 0 -0.384035 0.923318
271.300000000 -0.329367 23.045 0 0 0 -0.386154 0.922434
271.400000000 -0.283977 22.9906 0 0 0 -0.399621 0.916681
271.500000000 -0.237859 22.9331 0 0 0 -0.411718 0.911311
271.600000000 -0.193278 22.8745 0 0 0 -0.423744 0.905782
271.700000000 -0.150263 22.8147 0 0 0 -0.435695 0.900094
271.800000000 -0.10959 22.7545 0 0 0 -0.447996 0.894035
271.900000000 -0.0780102 22.6998 0 0 0 -0.46453 0.885557
272.000000000 -0.0484837 22.644 0 0 0 -0.480904 0.876773
272.100000000 -0.0186319 22.5846 0 0 0 -0.495632 0.868533
272.200000000 0.00919838 22.5242 0 0 0 -0.510219 0.860045
272.300000000 0.0349755 22.463 0 0 0 -0.52466 0.851312
272.400000000 0.0586701 22.4008 0 0 0 -0.538952 0.842336
272.500000000 0.0802551 22.338 0 0 0 -0.553091 0.833121
272.600000000 0.0997061 22.2744 0 0 0 -0.567072 0.823668
272.700000000 0.117001 22.2102 0 0 0 -0.580892 0.813981
272.800000000 0.132119 22.1455 0 0 0 -0.594546 0.804061
272.900000000 0.145045 22.0803 0 0 0 -0.608031 0.793913
273.000000000 0.15616 22.0139 0 0 0 -0.621001 0.78381
273.100000000 0.165085 21.9471 0 0 0 -0.633802 0.773495
273.200000000 0.171812 21.8801 0 0 0 -0.646433 0.762971
273.300000000 0.176653 21.8121 0 0 0 -0.658557 0.752531
273.400000000 0.17961 21.7431 0 0 0 -0.670181 0.742198
273.500000000 0.180967 21.6722 0 0 0 -0.680978 0.732304
273.600000000 0.181016 21.5986 0 0 0 -0.690611 0.723227
273.700000000 0.183866 21.5236 0 0 0 -0.691712 0.722174
273.800000000 0.189336 21.4488 0 0 0 -0.687651 0.726042
273.900000000 0.195894 21.3741 0 0 0 -0.683115 0.730311
274.000000000 0.203382 21.2994 0 0 0 -0.678552 0.734552
274.100000000 0.2118 21.2249 0 0 0 -0.673963 0.738765
274.200000000 0.221146 21.1504 0 0 0 -0.669348 0.742949
274.300000000 0.231419 21.0761 0 0 0 -0.664707 0.747104
274.400000000 0.242616 21.0019 0 0 0 -0.66004 0.751231
274.500000000 0.254737 20.9279 0 0 0 -0.655347 0.755328
274.600000000 0.270698 20.8625 0 0 0 -0.642841 0.765999
274.700000000 0.289157 20.8144 0 0 0 -0.623799 0.781585
274.800000000 0.309481 20.784 0 0 0 -0.59792 0.801556
274.900000000 0.329811 20.7753 0 0 0 -0.563266 0.826276
275.000000000 0.350587 20.7695 0 0 0 -0.527087 0.849811
275.100000000 0.371448 20.7668 0 0 0 -0.489398 0.872061
275.200000000 0.392018 20.7672 0 0 0 -0.450216 0.89292
275.300000000 0.412476 20.7693 0 0 0 -0.410147 0.91202
275.400000000 0.432663 20.7733 0 0 0 -0.36927 0.929322
275.500000000 0.452418 20.779 0 0 0 -0.327665 0.944794
275.600000000 0.471587 20.7865 0 0 0 -0.285415 0.958404
275.700000000 0.490018 20.7956 0 0 0 -0.242602 0.970126
275.800000000 0.507566 20.8064 0 0 0 -0.199311 0.979936
275.900000000 0.522999 20.8194 0 0 0 -0.154999 0.987915
276.000000000 0.537201 20.8337 0 0 0 -0.110372 0.99389
276.100000000 0.550056 20.8492 0 0 0 -0.0655218 0.997851
276.200000000 0.560178 20.8663 0 0 0 -0.0198857 0.999802
276.300000000 0.568699 20.8842 0 0 0 0.025792 0.999667
276.400000000 0.576892 20.9027 0 0 0 0.0707644 0.997493
276.500000000 0.574689 20.9222 0 0 0 0.119762 0.992803
276.600000000 0.56897 20.9414 0 0 0 0.169232 0.985576
276.700000000 0.561368 20.9599 0 0 0 0.218279 0.975886
276.800000000 0.551957 20.9775 0 0 0 0.26678 0.963757
276.900000000 0.540833 20.9941 0 0 0 0.314614 0.94922
277.000000000 0.528106 21.0095 0 0 0 0.361662 0.932309
277.100000000 0.513904 21.0236 0 0 0 0.407806 0.913068
277.200000000 0.498367 21.0362 0 0 0 0.452931 0.891546
277.300000000 0.481653 21.0471 0 0 0 0.496924 0.867794
277.400000000 0.463927 21.0564 0 0 0 0.539674 0.841874
277.500000000 0.445366 21.0638 0 0 0 0.581076 0.813849
277.600000000 0.426157 21.0694 0 0 0 0.621025 0.78379
277.700000000 0.406491 21.0729 0 0 0 0.659422 0.751773
277.800000000 0.386564 21.0746 0 0 0 0.696171 0.717876
277.900000000 0.366576 21.0742 0 0 0 0.73118 0.682184
278.000000000 0.346727 21.0718 0 0 0 0.764361 0.644788
278.100000000 0.327214 21.0674 0 0 0 0.795632 0.60578
278.200000000 0.308233 21.0612 0 0 0 0.824914 0.565258
278.300000000 0.289973 21.053 0 0 0 0.852134 0.523323
278.400000000 0.272617 21.0431 0 0 0 0.877225 0.48008
278.500000000 0.256338 21.0315 0 0 0 0.900122 0.435637
278.600000000 0.241299 21.0183 0 0 0 0.92077 0.390105
278.700000000 0.22765 21.0037 0 0 0 0.939117 0.343599
278.800000000 0.215527 20.9878 0 0 0 0.955116 0.296233
278.900000000 0.205053 20.9708 0 0 0 0.968728 0.248127
279.000000000 0.19633 20.9528 0 0 0 0.979918 0.1994
279.100000000 0.189447 20.934 0 0 0 0.988659 0.150176
279.200000000 0.162095 20.9268 0 0 0 0.993621 0.112768
279.300000000 0.118817 20.9248 0 0 0 0.99647 0.0839494
279.400000000 0.0612526 20.9259 0 0 0 0.998041 0.0625654
279.500000000 0.00212434 20.925 0 0 0 0.999119 0.0419572
279.600000000 -0.0569175 20.9217 0 0 0 0.999772 0.0213311
279.700000000 -0.115772 20.916 0 0 0 1 0.000695921
279.800000000 -0.17434 20.9078 0 0 0 0.999801 -0.0199396
279.900000000 -0.23252 20.8972 0 0 0 0.999177 -0.0405665
280.000000000 -0.290215 20.8842 0 0 0 0.998127 -0.0611763
280.100000000 -0.364024 20.8704 0 0 0 0.997338 -0.0729129
280.200000000 -0.437848 20.857 0 0 0 0.996865 -0.0791243
280.300000000 -0.511543 20.843 0 0 0 0.996405 -0.0847135
280.400000000 -0.585076 20.8281 0 0 0 0.995915 -0.0903
280.500000000 -0.658437 20.8124 0 0 0 0.995393 -0.0958836
280.600000000 -0.731617 20.7959 0 0 0 0.994839 -0.101464
280.700000000 -0.804608 20.7786 0 0 0 0.994255 -0.107042
280.800000000 -0.877399 20.7604 0 0 0 0.993639 -0.112616
280.900000000 -0.949983 20.7415 0 0 0 0.992991 -0.118186
281.000000000 -1.02235 20.7217 0 0 0 0.992313 -0.123753
281.100000000 -1.09449 20.7011 0 0 0 0.991603 -0.129316
281.200000000 -1.16735 20.6833 0 0 0 0.992069 -0.125698
281.300000000 -1.2404 20.6662 0 0 0 0.992602 -0.121413
281.400000000 -1.3136 20.6498 0 0 0 0.993117 -0.117125
281.500000000 -1.38694 20.6341 0 0 0 0.993614 -0.112836
281.600000000 -1.46041 20.6189 0 0 0 0.994092 -0.108544
281.700000000 -1.53401 20.6044 0 0 0 0.994551 -0.10425
281.800000000 -1.60773 20.5906 0 0 0 0.994992 -0.0999549
281.900000000 -1.68156 20.5774 0 0 0 0.995414 -0.0956574
282.000000000 -1.75551 20.5648 0 0 0 0.995818 -0.0913581
282.100000000 -1.82957 20.5528 0 0 0 0.996203 -0.0870571
282.200000000 -1.90372 20.5415 0 0 0 0.99657 -0.0827545
282.300000000 -1.97797 20.5308 0 0 0 0.996918 -0.0784504
282.400000000 -2.05231 20.5208 0 0 0 0.997247 -0.0741447
282.500000000 -2.12674 20.5114 0 0 0 0.997558 -0.0698377
282.600000000 -2.20137 20.5037 0 0 0 0.998012 -0.0630164
282.700000000 -2.27607 20.4967 0 0 0 0.998386 -0.0567982
282.800000000 -2.35085 20.4907 0 0 0 0.99872 -0.0505777
282.900000000 -2.42568 20.4854 0 0 0 0.998988 -0.0449761
283.000000000 -2.50057 20.4809 0 0 0 0.999225 -0.0393731
283.100000000 -2.57548 20.4769 0 0 0 0.999408 -0.0344052
283.200000000 -2.65045 20.474 0 0 0 0.999585 -0.0288
283.300000000 -2.72543 20.4717 0 0 0 0.999716 -0.0238305
283.400000000 -2.80043 20.4701 0 0 0 0.999822 -0.0188604
283.500000000 -2.87544 20.4693 0 0 0 0.999904 -0.0138899
283.600000000 -2.95045 20.4689 0 0 0 0.999954 -0.00957199
283.700000000 -3.02546 20.4689 0 0 0 0.999982 -0.00592412
283.800000000 -3.10047 20.4695 0 0 0 0.999997 -0.00227617
283.900000000 -3.17547 20.4706 0 0 0 0.999999 0.00137181
284.000000000 -3.25046 20.4723 0 0 0 0.999987 0.00501977
284.100000000 -3.32544 20.4742 0 0 0 0.999968 0.00797924
284.200000000 -3.40041 20.4766 0 0 0 0.99994 0.0109386
284.300000000 -3.47537 20.4791 0 0 0 0.999913 0.0131902
284.400000000 -3.55031 20.4823 0 0 0 0.99987 0.0161494
284.500000000 -3.62524 20.4856 0 0 0 0.999831 0.0184009
284.600000000 -3.70015 20.4893 0 0 0 0.999787 0.0206522
284.700000000 -3.77505 20.4933 0 0 0 0.999738 0.0229034
284.800000000 -3.84994 20.4973 0 0 0 0.999702 0.0244264
284.900000000 -3.92482 20.5016 0 0 0 0.999663 0.0259494
285.000000000 -3.99968 20.5061 0 0 0 0.999623 0.0274723
285.100000000 -4.07454 20.5108 0 0 0 0.99958 0.0289951
285.200000000 -4.14938 20.5158 0 0 0 0.999534 0.0305178
285.300000000 -4.2242 20.521 0 0 0 0.999487 0.0320405
285.400000000 -4.299 20.5264 0 0 0 0.999437 0.0335632
285.500000000 -4.37379 20.532 0 0 0 0.999384 0.0350857
285.600000000 -4.44854 20.5382 0 0 0 0.999303 0.037336
285.700000000 -4.52329 20.5444 0 0 0 0.999245 0.0388583
285.800000000 -4.59801 20.5508 0 0 0 0.999184 0.0403805
285.900000000 -4.67272 20.5575 0 0 0 0.999122 0.0419027
286.000000000 -4.7474 20.5644 0 0 0 0.999057 0.0434247
286.100000000 -4.82204 20.5718 0 0 0 0.998956 0.0456743
286.200000000 -4.89664 20.5795 0 0 0 0.998851 0.0479235
286.300000000 -4.97121 20.5876 0 0 0 0.998741 0.0501726
286.400000000 -5.04574 20.596 0 0 0 0.998625 0.0524214
286.500000000 -5.12023 20.6047 0 0 0 0.998504 0.0546699
286.600000000 -5.19468 20.6138 0 0 0 0.998379 0.0569181
286.700000000 -5.26909 20.6232 0 0 0 0.998248 0.0591661
286.800000000 -5.34346 20.633 0 0 0 0.998112 0.0614137
286.900000000 -5.41778 20.6431 0 0 0 0.997972 0.0636611
287.000000000 -5.49206 20.6535 0 0 0 0.997826 0.0659081
287.100000000 -5.56628 20.6643 0 0 0 0.997675 0.0681548
287.200000000 -5.64046 20.6754 0 0 0 0.997519 0.0704011
287.300000000 -5.71459 20.6868 0 0 0 0.997358 0.0726471
287.400000000 -5.78871 20.6983 0 0 0 0.997246 0.0741664
287.500000000 -5.86275 20.7102 0 0 0 0.997076 0.0764118
287.600000000 -5.93683 20.722 0 0 0 0.997017 0.0771828
287.700000000 -6.01093 20.7335 0 0 0 0.997017 0.0771828
287.800000000 -6.08504 20.7451 0 0 0 0.997017 0.0771828
287.900000000 -6.15915 20.7566 0 0 0 0.997017 0.0771828
288.000000000 -6.23325 20.7681 0 0 0 0.997017 0.0771828
288.100000000 -6.30736 20.7797 0 0 0 0.997017 0.0771828
288.200000000 -6.38124 20.7927 0 0 0 0.996729 0.0808194
288.300000000 -6.45506 20.8059 0 0 0 0.996485 0.0837689
288.400000000 -6.52876 20.8199 0 0 0 0.996173 0.0874035
288.500000000 -6.6019 20.8367 0 0 0 0.99528 0.0970422
288.600000000 -6.67466 20.8552 0 0 0 0.994237 0.107204
288.700000000 -6.74702 20.8752 0 0 0 0.99309 0.117354
288.800000000 -6.81897 20.8967 0 0 0 0.99184 0.127492
288.900000000 -6.89045 20.9196 0 0 0 0.990485 0.137617
289.000000000 -6.96146 20.9439 0 0 0 0.989028 0.147728
289.100000000 -7.03195 20.9697 0 0 0 0.987467 0.157823
289.200000000 -7.1019 20.997 0 0 0 0.985804 0.167901
289.300000000 -7.17128 21.0257 0 0 0 0.984037 0.177962
289.400000000 -7.24006 21.0557 0 0 0 0.982168 0.188005
289.500000000 -7.30821 21.0872 0 0 0 0.980196 0.198028
289.600000000 -7.36144 21.1181 0 0 0 0.976168 0.217017
289.700000000 -7.39754 21.147 0 0 0 0.969865 0.243643
289.800000000 -7.41532 21.1728 0 0 0 0.960518 0.278219
289.900000000 -7.40953 21.1914 0 0 0 0.946373 0.323077
290.000000000 -7.39797 21.2073 0 0 0 0.929328 0.369254
290.100000000 -7.3849 21.222 0 0 0 0.910033 0.414536
290.200000000 -7.37044 21.2353 0 0 0 0.888533 0.458814
290.300000000 -7.35475 21.2472 0 0 0 0.864879 0.50198
290.400000000 -7.33797 21.2574 0 0 0 0.839131 0.54393
290.500000000 -7.32026 21.266 0 0 0 0.811349 0.584562
290.600000000 -7.30179 21.2727 0 0 0 0.781602 0.623777
290.700000000 -7.28275 21.2777 0 0 0 0.749961 0.661482
290.800000000 -7.26332 21.2807 0 0 0 0.716503 0.697584
290.900000000 -7.24368 21.2818 0 0 0 0.681309 0.731996
291.000000000 -7.22403 21.281 0 0 0 0.644465 0.764634
291.100000000 -7.20456 21.2782 0 0 0 0.606059 0.79542
291.200000000 -7.18545 21.2736 0 0 0 0.566185 0.824278
291.300000000 -7.16689 21.267 0 0 0 0.524939 0.85114
291.400000000 -7.14907 21.2587 0 0 0 0.482421 0.875939
291.500000000 -7.13214 21.2487 0 0 0 0.438734 0.898617
291.600000000 -7.11629 21.2371 0 0 0 0.393985 0.919117
291.700000000 -7.10165 21.2239 0 0 0 0.348281 0.93739
291.800000000 -7.08838 21.2094 0 0 0 0.301733 0.953392
291.900000000 -7.07659 21.1937 0 0 0 0.254454 0.967085
292.000000000 -7.06642 21.1769 0 0 0 0.206559 0.978434
292.100000000 -7.0519 21.1633 0 0 0 0.161662 0.986846
292.200000000 -7.03869 21.1485 0 0 0 0.116428 0.993199
292.300000000 -7.02814 21.132 0 0 0 0.0702828 0.997527
292.400000000 -7.01917 21.1146 0 0 0 0.0239865 0.999712
292.500000000 -7.01185 21.0964 0 0 0 -0.0223614 0.99975
292.600000000 -7.00625 21.0776 0 0 0 -0.0686612 0.99764
292.700000000 -6.99967 21.0585 0 0 0 -0.113499 0.993538
292.800000000 -6.99351 21.0389 0 0 0 -0.157478 0.987523
292.900000000 -6.99177 21.0191 0 0 0 -0.20241 0.979301
293.000000000 -6.9946 20.9999 0 0 0 -0.248235 0.9687
293.100000000 -6.97706 20.9739 0 0 0 -0.282766 0.959189
293.200000000 -6.94522 20.9403 0 0 0 -0.308904 0.951093
293.300000000 -6.9004 20.8982 0 0 0 -0.327307 0.944918
293.400000000 -6.84853 20.8499 0 0 0 -0.341109 0.940024
293.500000000 -6.79726 20.7997 0 0 0 -0.354405 0.935092
293.600000000 -6.74744 20.748 0 0 0 -0.36763 0.929972
293.700000000 -6.6991 20.6949 0 0 0 -0.380781 0.924665
293.800000000 -6.65229 20.6405 0 0 0 -0.393856 0.919172
293.900000000 -6.60704 20.5848 0 0 0 -0.406851 0.913495
294.000000000 -6.56339 20.5278 0 0 0 -0.419764 0.907633
294.100000000 -6.51673 20.4691 0 0 0 -0.42541 0.905001
294.200000000 -6.47061 20.4099 0 0 0 -0.430479 0.902601
294.300000000 -6.42516 20.3502 0 0 0 -0.435534 0.900172
294.400000000 -6.38038 20.29 0 0 0 -0.440575 0.897716
294.500000000 -6.33628 20.2293 0 0 0 -0.445602 0.895231
294.600000000 -6.29286 20.1682 0 0 0 -0.450616 0.892718
294.700000000 -6.25013 20.1065 0 0 0 -0.455615 0.890177
294.800000000 -6.20809 20.0443 0 0 0 -0.4606 0.887608
294.900000000 -6.16676 19.9817 0 0 0 -0.465571 0.885011
295.000000000 -6.12613 19.9187 0 0 0 -0.470526 0.882386
295.100000000 -6.0862 19.8552 0 0 0 -0.475467 0.879733
295.200000000 -6.047 19.7912 0 0 0 -0.480393 0.877053
295.300000000 -6.00851 19.7268 0 0 0 -0.485304 0.874345
295.400000000 -5.97075 19.662 0 0 0 -0.4902 0.87161
295.500000000 -5.93372 19.5967 0 0 0 -0.49508 0.868847
295.600000000 -5.90461 19.5351 0 0 0 -0.508917 0.860815
295.700000000 -5.88835 19.4854 0 0 0 -0.52961 0.848241
295.800000000 -5.88454 19.4483 0 0 0 -0.556697 0.830716
295.900000000 -5.89424 19.4277 0 0 0 -0.591078 0.806615
296.000000000 -5.91281 19.4212 0 0 0 -0.630053 0.776552
296.100000000 -5.93193 19.4166 0 0 0 -0.667501 0.744609
296.200000000 -5.95141 19.4139 0 0 0 -0.703332 0.710861
296.300000000 -5.97106 19.4131 0 0 0 -0.737459 0.675391
296.400000000 -5.99069 19.4143 0 0 0 -0.7698 0.638285
296.500000000 -6.01012 19.4173 0 0 0 -0.800275 0.599633
296.600000000 -6.02915 19.4223 0 0 0 -0.828812 0.559527
296.700000000 -6.0476 19.4291 0 0 0 -0.85534 0.518066
296.800000000 -6.06529 19.4377 0 0 0 0.879797 -0.47535
296.900000000 -6.08205 19.448 0 0 0 0.902121 -0.431482
297.000000000 -6.09771 19.4599 0 0 0 0.92226 -0.386569
297.100000000 -6.11214 19.4733 0 0 0 0.940165 -0.340719
297.200000000 -6.12518 19.488 0 0 0 0.955792 -0.294044
297.300000000 -6.1367 19.5039 0 0 0 0.969103 -0.246656
297.400000000 -6.14661 19.5209 0 0 0 0.980066 -0.198671
297.500000000 -6.1548 19.5388 0 0 0 0.988655 -0.150205
297.600000000 -6.16119 19.5574 0 0 0 0.994848 -0.101374
297.700000000 -6.16572 19.5765 0 0 0 0.998632 -0.0522979
297.800000000 -6.16835 19.596 0 0 0 0.999995 -0.00309508
297.900000000 -6.16905 19.6157 0 0 0 0.998936 0.0461152
298.000000000 -6.16781 19.6353 0 0 0 0.995457 0.0952138
298.100000000 -6.18949 19.6547 0 0 0 0.991221 0.132217
298.200000000 -6.22423 19.6766 0 0 0 0.98678 0.162065
298.300000000 -6.25675 19.7005 0 0 0 0.981362 0.192168
298.400000000 -6.28775 19.7263 0 0 0 0.975026 0.222092
298.500000000 -6.31629 19.7538 0 0 0 0.967673 0.252208
298.600000000 -6.34306 19.7829 0 0 0 0.95939 0.282082
298.700000000 -6.36798 19.8137 0 0 0 0.950186 0.311684
298.800000000 -6.39095 19.846 0 0 0 0.940068 0.340987
298.900000000 -6.41187 19.8796 0 0 0 0.929047 0.369963
299.000000000 -6.43066 19.9145 0 0 0 0.917132 0.398583
299.100000000 -6.44726 19.9504 0 0 0 0.904337 0.42682
299.200000000 -6.4743 19.9977 0 0 0 0.894267 0.447534
299.300000000 -6.50448 20.0459 0 0 0 0.888953 0.457998
299.400000000 -6.54682 20.1078 0 0 0 0.887277 0.461238
299.500000000 -6.59017 20.169 0 0 0 0.887633 0.460551
299.600000000 -6.63385 20.23 0 0 0 0.888334 0.459199
299.700000000 -6.67771 20.2908 0 0 0 0.889032 0.457845
299.800000000 -6.72177 20.3515 0 0 0 0.889729 0.45649
299.900000000 -6.766 20.4121 0 0 0 0.890423 0.455134
300.000000000 -6.81043 20.4725 0 0 0 0.891115 0.453777
300.100000000 -6.85503 20.5328 0 0 0 0.891806 0.452419
300.200000000 -6.90133 20.5918 0 0 0 0.894607 0.446854
300.300000000 -6.94855 20.6501 0 0 0 0.897641 0.440728
300.400000000 -6.99657 20.7078 0 0 0 0.900633 0.434581
300.500000000 -7.04537 20.7648 0 0 0 0.903583 0.428414
300.600000000 -7.09494 20.8211 0 0 0 0.90649 0.422227
300.700000000 -7.14528 20.8767 0 0 0 0.909356 0.41602
300.800000000 -7.19638 20.9317 0 0 0 0.912178 0.409793
300.900000000 -7.24822 20.9859 0 0 0 0.914959 0.403548
301.000000000 -7.3008 21.0394 0 0 0 0.917696 0.397283
301.100000000 -7.35411 21.0922 0 0 0 0.920391 0.391
301.200000000 -7.40813 21.1443 0 0 0 0.923042 0.384699
301.300000000 -7.46286 21.1956 0 0 0 0.92565 0.37838
301.400000000 -7.51829 21.2462 0 0 0 0.928216 0.372043
301.500000000 -7.57096 21.2996 0 0 0 0.926115 0.377242
301.600000000 -7.62269 21.354 0 0 0 0.923514 0.383565
301.700000000 -7.67368 21.409 0 0 0 0.92087 0.389869
301.800000000 -7.7239 21.4648 0 0 0 0.918183 0.396156
301.900000000 -7.77336 21.5212 0 0 0 0.915454 0.402423
302.000000000 -7.82204 21.5783 0 0 0 0.912681 0.408672
302.100000000 -7.86993 21.636 0 0 0 0.909866 0.414902
302.200000000 -7.91257 21.6938 0 0 0 0.903891 0.427764
302.300000000 -7.9521 21.7515 0 0 0 0.897328 0.441365
302.400000000 -7.98986 21.8104 0 0 0 0.89056 0.454865
302.500000000 -8.02583 21.8704 0 0 0 0.88359 0.468262
302.600000000 -8.05997 21.9315 0 0 0 0.876418 0.481552
302.700000000 -8.09224 21.9936 0 0 0 0.869046 0.494732
302.800000000 -8.12263 22.0566 0 0 0 0.861476 0.507799
302.900000000 -8.15111 22.1205 0 0 0 0.853709 0.52075
303.000000000 -8.17764 22.1853 0 0 0 0.845748 0.533583
303.100000000 -8.2022 22.2508 0 0 0 0.837594 0.546294
303.200000000 -8.22477 22.317 0 0 0 0.829248 0.55888
303.300000000 -8.24533 22.3839 0 0 0 0.820714 0.571339
303.400000000 -8.26387 22.4513 0 0 0 0.811992 0.583668
303.500000000 -8.28035 22.5193 0 0 0 0.803086 0.595863
303.600000000 -8.29478 22.5878 0 0 0 0.793996 0.607923
303.700000000 -8.30713 22.6567 0 0 0 0.784725 0.619844
303.800000000 -8.3174 22.7259 0 0 0 0.775275 0.631624
303.900000000 -8.32557 22.7954 0 0 0 0.765648 0.643259
304.000000000 -8.33164 22.8651 0 0 0 0.755847 0.654748
304.100000000 -8.33561 22.9349 0 0 0 0.745873 0.666088
304.200000000 -8.33918 23.0099 0 0 0 0.73765 0.675183
304.300000000 -8.3409 23.085 0 0 0 0.729316 0.684177
304.400000000 -8.34079 23.1601 0 0 0 0.720872 0.693068
304.500000000 -8.33884 23.2352 0 0 0 0.71232 0.701855
304.600000000 -8.33504 23.3102 0 0 0 0.70366 0.710537
304.700000000 -8.32941 23.3851 0 0 0 0.694895 0.719111
304.800000000 -8.32194 23.4598 0 0 0 0.686025 0.727578
304.900000000 -8.31264 23.5343 0 0 0 0.677053 0.735935
305.000000000 -8.30152 23.6086 0 0 0 0.667978 0.744181
305.100000000 -8.28858 23.6826 0 0 0 0.658803 0.752316
305.200000000 -8.27724 23.7567 0 0 0 0.656054 0.754714
305.300000000 -8.26563 23.8308 0 0 0 0.653818 0.756652
305.400000000 -8.25358 23.9049 0 0 0 0.651575 0.758584
305.500000000 -8.24109 23.9788 0 0 0 0.649328 0.760509
305.600000000 -8.22817 24.0527 0 0 0 0.647074 0.762427
305.700000000 -8.21481 24.1265 0 0 0 0.644815 0.764339
305.800000000 -8.20101 24.2002 0 0 0 0.64255 0.766244
305.900000000 -8.18677 24.2739 0 0 0 0.640279 0.768142
306.000000000 -8.1721 24.3474 0 0 0 0.638003 0.770034
306.100000000 -8.157 24.4209 0 0 0 0.635721 0.771919
306.200000000 -8.14457 24.4949 0 0 0 0.639551 0.768749
306.300000000 -8.13313 24.569 0 0 0 0.643852 0.76515
306.400000000 -8.12253 24.6433 0 0 0 0.648133 0.761527
306.500000000 -8.11276 24.7177 0 0 0 0.652393 0.757881
306.600000000 -8.10382 24.7922 0 0 0 0.656633 0.75421
306.700000000 -8.09572 24.8667 0 0 0 0.660852 0.750516
306.800000000 -8.08845 24.9414 0 0 0 0.665051 0.746798
306.900000000 -8.08203 25.0162 0 0 0 0.669228 0.743057
307.000000000 -8.07644 25.091 0 0 0 0.673385 0.739292
307.100000000 -8.07169 25.1658 0 0 0 0.67752 0.735504
307.200000000 -8.06778 25.2408 0 0 0 0.681634 0.731693
307.300000000 -8.06471 25.3157 0 0 0 0.685727 0.727859
307.400000000 -8.06249 25.3907 0 0 0 0.689798 0.724002
307.500000000 -8.0611 25.4657 0 0 0 0.693847 0.720122
307.600000000 -8.06056 25.5407 0 0 0 0.697875 0.71622
307.700000000 -8.06519 25.6088 0 0 0 0.709244 0.704963
307.800000000 -8.07519 25.6601 0 0 0 0.726105 0.687584
307.900000000 -8.08997 25.6944 0 0 0 0.747907 0.663804
308.000000000 -8.10845 25.7076 0 0 0 0.775112 0.631823
308.100000000 -8.12782 25.7042 0 0 0 0.805263 0.592917
308.200000000 -8.14659 25.6973 0 0 0 0.833891 0.55193
308.300000000 -8.16458 25.6886 0 0 0 0.860433 0.509563
308.400000000 -8.18161 25.6781 0 0 0 0.884826 0.465922
308.500000000 -8.1975 25.666 0 0 0 0.907006 0.421117
308.600000000 -8.21211 25.6523 0 0 0 0.92692 0.375259
308.700000000 -8.22528 25.6373 0 0 0 0.944517 0.328464
308.800000000 -8.23689 25.621 0 0 0 0.959753 0.280847
308.900000000 -8.24681 25.6037 0 0 0 0.97259 0.232528
309.000000000 -8.25495 25.5854 0 0 0 0.982996 0.183629
309.100000000 -8.26123 25.5664 0 0 0 0.990945 0.13427
309.200000000 -8.28833 25.5583 0 0 0 0.995305 0.0967867
309.300000000 -8.33153 25.5549 0 0 0 0.99769 0.0679265
309.400000000 -8.38294 25.552 0 0 0 0.99906 0.043358
309.500000000 -8.43492 25.5468 0 0 0 0.999817 0.0191561
309.600000000 -8.48738 25.5393 0 0 0 0.999989 -0.00466374
309.700000000 -8.53942 25.5293 0 0 0 0.999594 -0.0284809
309.800000000 -8.59092 25.5168 0 0 0 0.998632 -0.052282
309.900000000 -8.64177 25.5019 0 0 0 0.997104 -0.0760533
310.000000000 -8.69186 25.4846 0 0 0 0.995009 -0.0997816
310.100000000 -8.74106 25.4649 0 0 0 0.99235 -0.123453
310.200000000 -8.80623 25.442 0 0 0 0.99031 -0.138872
310.300000000 -8.87764 25.419 0 0 0 0.989426 -0.145038
310.400000000 -8.94883 25.3953 0 0 0 0.988597 -0.150585
310.500000000 -9.01975 25.3709 0 0 0 0.987737 -0.156126
310.600000000 -9.09039 25.3456 0 0 0 0.986846 -0.161663
310.700000000 -9.16074 25.3195 0 0 0 0.985924 -0.167195
310.800000000 -9.23079 25.2927 0 0 0 0.984971 -0.172721
310.900000000 -9.30054 25.2651 0 0 0 0.983987 -0.178242
311.000000000 -9.36998 25.2367 0 0 0 0.982972 -0.183758
311.100000000 -9.43909 25.2075 0 0 0 0.981926 -0.189267
311.200000000 -9.50989 25.1826 0 0 0 0.98341 -0.181396
311.300000000 -9.58122 25.1593 0 0 0 0.985026 -0.172406
311.400000000 -9.65297 25.1372 0 0 0 0.986559 -0.163408
311.500000000 -9.72507 25.1164 0 0 0 0.987951 -0.154765
311.600000000 -9.7975 25.0967 0 0 0 0.989241 -0.146294
311.700000000 -9.86861 25.0786 0 0 0 0.990407 -0.138181
311.800000000 -9.9384 25.0621 0 0 0 0.991482 -0.130244
311.900000000 -10.0052 25.0474 0 0 0 0.992448 -0.122668
312.000000000 -10.0705 25.0341 0 0 0 0.993334 -0.11527
312.100000000 -10.1345 25.022 0 0 0 0.994145 -0.108051
312.200000000 -10.1921 25.0126 0 0 0 0.994976 -0.100115
312.300000000 -10.2482 25.0044 0 0 0 0.995722 -0.0924001
312.400000000 -10.3028 24.9972 0 0 0 0.996389 -0.0849066
312.500000000 -10.3558 24.9911 0 0 0 0.996982 -0.0776355
312.600000000 -10.4073 24.9859 0 0 0 0.997506 -0.0705878
312.700000000 -10.4638 24.981 0 0 0 0.998023 -0.0628539
312.800000000 -10.5187 24.9771 0 0 0 0.998467 -0.055344
312.900000000 -10.5937 24.973 0 0 0 0.999004 -0.0446172
313.000000000 -10.6687 24.9706 0 0 0 0.999426 -0.0338853
313.100000000 -10.7438 24.9698 0 0 0 0.999732 -0.0231494
313.200000000 -10.8189 24.9707 0 0 0 0.999923 -0.0124109
313.300000000 -10.8939 24.9731 0 0 0 0.999999 -0.001671
313.400000000 -10.9689 24.9771 0 0 0 0.999959 0.00906913
313.500000000 -11.0438 24.981 0 0 0 0.999883 0.0152981
313.600000000 -11.1187 24.9858 0 0 0 0.999768 0.0215265
313.700000000 -11.1935 24.9915 0 0 0 0.999615 0.0277541
313.800000000 -11.2682 24.9982 0 0 0 0.999422 0.0339806
313.900000000 -11.3429 25.0057 0 0 0 0.999191 0.0402058
314.000000000 -11.4174 25.0142 0 0 0 0.998922 0.0464294
314.100000000 -11.4921 25.0215 0 0 0 0.998885 0.0472018
314.200000000 -11.5667 25.0286 0 0 0 0.998885 0.0472018
314.300000000 -11.6414 25.0356 0 0 0 0.998885 0.0472018
314.400000000 -11.7161 25.0427 0 0 0 0.998885 0.0472018
314.500000000 -11.7907 25.0498 0 0 0 0.998885 0.0472018
314.600000000 -11.8654 25.0569 0 0 0 0.998885 0.0472018
314.700000000 -11.9401 25.0639 0 0 0 0.998885 0.0472018
314.800000000 -12.0147 25.071 0 0 0 0.998885 0.0472018
314.900000000 -12.0894 25.0781 0 0 0 0.998885 0.0472018
315.000000000 -12.1641 25.0852 0 0 0 0.998885 0.0472018
315.100000000 -12.2388 25.0919 0 0 0 0.998922 0.0464294
315.200000000 -12.3135 25.0986 0 0 0 0.998957 0.0456569
315.300000000 -12.3882 25.1051 0 0 0 0.998992 0.0448844
315.400000000 -12.4629 25.1115 0 0 0 0.999027 0.0441118
315.500000000 -12.5376 25.1178 0 0 0 0.99906 0.0433392
315.600000000 -12.6124 25.124 0 0 0 0.999094 0.0425666
315.700000000 -12.6871 25.1301 0 0 0 0.999126 0.0417949
315.800000000 -12.7619 25.136 0 0 0 0.999158 0.0410223
315.900000000 -12.8367 25.1419 0 0 0 0.99919 0.0402496
316.000000000 -12.9115 25.1476 0 0 0 0.99922 0.0394769
316.100000000 -12.9862 25.1532 0 0 0 0.999251 0.0387042
316.200000000 -13.0611 25.1578 0 0 0 0.999361 0.0357467
316.300000000 -13.136 25.1617 0 0 0 0.999485 0.0321008
316.400000000 -13.2109 25.1651 0 0 0 0.999595 0.0284545
316.500000000 -13.2859 25.1679 0 0 0 0.999692 0.0248078
316.600000000 -13.3609 25.1702 0 0 0 0.999776 0.0211608
316.700000000 -13.4359 25.1719 0 0 0 0.999847 0.0175135
316.800000000 -13.5109 25.173 0 0 0 0.999904 0.013866
316.900000000 -13.5859 25.1737 0 0 0 0.999948 0.0102183
317.000000000 -13.6609 25.1737 0 0 0 0.999978 0.00657042
317.100000000 -13.7359 25.1744 0 0 0 0.999983 0.00579712
317.200000000 -13.8109 25.175 0 0 0 0.999987 0.00502382
317.300000000 -13.8859 25.1754 0 0 0 0.999991 0.00425051
317.400000000 -13.9609 25.1757 0 0 0 0.999994 0.0034772
317.500000000 -14.0359 25.176 0 0 0 0.999996 0.00270389
317.600000000 -14.1109 25.1761 0 0 0 0.999998 0.00193058
317.700000000 -14.1859 25.176 0 0 0 0.999999 0.00115726
317.800000000 -14.2609 25.1759 0 0 0 1 0.000383951
317.900000000 -14.3359 25.1756 0 0 0 1 -0.000389364
318.000000000 -14.4109 25.1753 0 0 0 0.999999 -0.00116268
318.100000000 -14.4859 25.1748 0 0 0 0.999998 -0.00193599
318.200000000 -14.5609 25.1745 0 0 0 0.999998 -0.00193599
318.300000000 -14.6359 25.1742 0 0 0 0.999998 -0.00193599
318.400000000 -14.7109 25.1739 0 0 0 0.999998 -0.00193599
318.500000000 -14.7859 25.1736 0 0 0 0.999998 -0.00193599
318.600000000 -14.8609 25.1733 0 0 0 0.999998 -0.00193599
318.700000000 -14.9359 25.1731 0 0 0 0.999998 -0.00193599
318.800000000 -15.0109 25.1728 0 0 0 0.999998 -0.00193599
318.900000000 -15.0859 25.1725 0 0 0 0.999998 -0.00193599
319.000000000 -15.1609 25.1722 0 0 0 0.999998 -0.00193599
319.100000000 -15.2359 25.1719 0 0 0 0.999998 -0.00193599
319.200000000 -15.3109 25.1716 0 0 0 0.999998 -0.00193599
319.300000000 -15.3859 25.1713 0 0 0 0.999998 -0.00193599
319.400000000 -15.4609 25.171 0 0 0 0.999998 -0.00193599
319.500000000 -15.5358 25.1658 0 0 0 0.999899 -0.0141974
319.600000000 -15.5933 25.1558 0 0 0 0.999379 -0.035231
319.700000000 -15.6414 25.1422 0 0 0 0.998163 -0.0605938
319.800000000 -15.6888 25.1262 0 0 0 0.996302 -0.0859177
319.900000000 -15.7353 25.1078 0 0 0 0.9938 -0.111186
320.000000000 -15.7808 25.0871 0 0 0 0.990656 -0.136383
320.100000000 -15.8417 25.0628 0 0 0 0.988147 -0.153509
320.200000000 -15.9063 25.0359 0 0 0 0.985716 -0.168414
320.300000000 -15.9701 25.0071 0 0 0 0.983061 -0.18328
320.400000000 -16.0329 24.9763 0 0 0 0.980181 -0.198104
320.500000000 -16.0948 24.9437 0 0 0 0.977078 -0.212884
320.600000000 -16.1557 24.9092 0 0 0 0.973751 -0.227614
320.700000000 -16.2155 24.8729 0 0 0 0.970203 -0.242293
320.800000000 -16.2742 24.8348 0 0 0 0.966433 -0.256917
320.900000000 -16.3317 24.7949 0 0 0 0.962444 -0.271482
321.000000000 -16.3871 24.7536 0 0 0 0.958105 -0.286418
321.100000000 -16.4412 24.7107 0 0 0 0.953534 -0.301284
321.200000000 -16.5003 24.6644 0 0 0 0.950573 -0.3105
321.300000000 -16.5586 24.6172 0 0 0 0.947697 -0.31917
321.400000000 -16.6161 24.569 0 0 0 0.944742 -0.327813
321.500000000 -16.6727 24.5197 0 0 0 0.941709 -0.336429
321.600000000 -16.7284 24.4694 0 0 0 0.938596 -0.345017
321.700000000 -16.7831 24.418 0 0 0 0.935406 -0.353576
321.800000000 -16.837 24.3657 0 0 0 0.932137 -0.362106
321.900000000 -16.8898 24.3124 0 0 0 0.92879 -0.370605
322.000000000 -16.9417 24.2581 0 0 0 0.925366 -0.379074
322.100000000 -16.9945 24.2049 0 0 0 0.92451 -0.381157
322.200000000 -17.0472 24.1516 0 0 0 0.923929 -0.382565
322.300000000 -17.1001 24.0983 0 0 0 0.923633 -0.383279
322.400000000 -17.1528 24.045 0 0 0 0.923336 -0.383993
322.500000000 -17.2055 23.9916 0 0 0 0.923039 -0.384707
322.600000000 -17.2581 23.9381 0 0 0 0.922741 -0.385421
322.700000000 -17.3106 23.8846 0 0 0 0.922443 -0.386134
322.800000000 -17.363 23.8309 0 0 0 0.922144 -0.386847
322.900000000 -17.4153 23.7772 0 0 0 0.921845 -0.38756
323.000000000 -17.4676 23.7234 0 0 0 0.921555 -0.388247
323.100000000 -17.5197 23.6695 0 0 0 0.92127 -0.388923
323.200000000 -17.5723 23.616 0 0 0 0.921571 -0.38821
323.300000000 -17.6249 23.5626 0 0 0 0.921871 -0.387497
323.400000000 -17.6776 23.5092 0 0 0 0.92217 -0.386784
323.500000000 -17.7304 23.4559 0 0 0 0.922469 -0.386071
323.600000000 -17.7832 23.4027 0 0 0 0.922767 -0.385358
323.700000000 -17.8362 23.3496 0 0 0 0.923065 -0.384644
323.800000000 -17.8892 23.2965 0 0 0 0.923362 -0.38393
323.900000000 -17.9423 23.2436 0 0 0 0.923659 -0.383216
324.000000000 -17.9955 23.1907 0 0 0 0.923955 -0.382501
324.100000000 -18.0488 23.1379 0 0 0 0.92425 -0.381787
324.200000000 -18.1021 23.0852 0 0 0 0.924545 -0.381072
324.300000000 -18.1556 23.0326 0 0 0 0.92484 -0.380357
324.400000000 -18.2091 22.98 0 0 0 0.925134 -0.379642
324.500000000 -18.2627 22.9276 0 0 0 0.925427 -0.378926
324.600000000 -18.3164 22.8752 0 0 0 0.92572 -0.37821
324.700000000 -18.3701 22.8229 0 0 0 0.926012 -0.377494
324.800000000 -18.424 22.7707 0 0 0 0.926304 -0.376778
324.900000000 -18.4779 22.7185 0 0 0 0.926595 -0.376062
325.000000000 -18.5319 22.6665 0 0 0 0.926885 -0.375345
325.100000000 -18.586 22.6145 0 0 0 0.927175 -0.374628
325.200000000 -18.6401 22.5627 0 0 0 0.927465 -0.373911
325.300000000 -18.6944 22.5109 0 0 0 0.927753 -0.373194
325.400000000 -18.7487 22.4592 0 0 0 0.928042 -0.372476
325.500000000 -18.8031 22.4075 0 0 0 0.92833 -0.371758
325.600000000 -18.8605 22.3598 0 0 0 0.932995 -0.35989
325.700000000 -18.9084 22.328 0 0 0 0.940496 -0.339803
325.800000000 -18.9474 22.3108 0 0 0 0.950067 -0.312045
325.900000000 -18.9749 22.3095 0 0 0 0.961302 -0.275498
326.000000000 -18.987 22.3248 0 0 0 0.973522 -0.228592
326.100000000 -18.9962 22.3422 0 0 0 0.983591 -0.180411
326.200000000 -19.0038 22.3604 0 0 0 0.991277 -0.131793
326.300000000 -19.0094 22.3792 0 0 0 0.996562 -0.0828561
326.400000000 -19.0133 22.3985 0 0 0 0.999431 -0.0337181
326.500000000 -19.0152 22.418 0 0 0 0.99988 0.0155015
326.600000000 -19.0151 22.4377 0 0 0 0.997906 0.0646837
326.700000000 -19.0132 22.4573 0 0 0 0.993514 0.113709
326.800000000 -19.0093 22.4766 0 0 0 0.986715 0.162459
326.900000000 -19.0035 22.4954 0 0 0 0.977526 0.210815
327.000000000 -18.996 22.5135 0 0 0 0.965968 0.258661
327.100000000 -18.9866 22.5308 0 0 0 0.95207 0.30588
327.200000000 -18.9757 22.5472 0 0 0 0.935865 0.352357
327.300000000 -18.9631 22.5623 0 0 0 0.917393 0.397982
327.400000000 -18.9492 22.5762 0 0 0 0.896699 0.442641
327.500000000 -18.9339 22.5886 0 0 0 0.873831 0.486229
327.600000000 -18.9175 22.5994 0 0 0 0.848847 0.528638
327.700000000 -18.9001 22.6086 0 0 0 0.821806 0.569767
327.800000000 -18.8819 22.6161 0 0 0 0.792774 0.609515
327.900000000 -18.8631 22.6217 0 0 0 0.761822 0.647787
328.000000000 -18.8438 22.6254 0 0 0 0.729023 0.684489
328.100000000 -18.8242 22.6272 0 0 0 0.694459 0.719533
328.200000000 -18.8045 22.6271 0 0 0 0.658211 0.752833
328.300000000 -18.7849 22.625 0 0 0 0.62037 0.78431
328.400000000 -18.7657 22.6211 0 0 0 0.581025 0.813886
328.500000000 -18.7469 22.6152 0 0 0 0.540272 0.84149
328.600000000 -18.7288 22.6076 0 0 0 0.498211 0.867056
328.700000000 -18.7115 22.5982 0 0 0 0.454942 0.890521
328.800000000 -18.6952 22.5871 0 0 0 0.410571 0.911829
328.900000000 -18.6801 22.5745 0 0 0 0.365206 0.930927
329.000000000 -18.6663 22.5605 0 0 0 0.318955 0.94777
329.100000000 -18.653 22.5464 0 0 0 0.272654 0.962112
329.200000000 -18.641 22.531 0 0 0 0.225712 0.974194
329.300000000 -18.6306 22.5145 0 0 0 0.17824 0.983987
329.400000000 -18.6218 22.4971 0 0 0 0.130349 0.991468
329.500000000 -18.6148 22.479 0 0 0 0.0821515 0.99662
329.600000000 -18.6095 22.4602 0 0 0 0.0337612 0.99943
329.700000000 -18.6061 22.4411 0 0 0 -0.0147084 0.999892
329.800000000 -18.6046 22.4216 0 0 0 -0.0631434 0.998004
329.900000000 -18.605 22.4022 0 0 0 -0.11143 0.993772
330.000000000 -18.6072 22.3828 0 0 0 -0.159455 0.987205
330.100000000 -18.6113 22.3638 0 0 0 -0.207105 0.978319
330.200000000 -18.5935 22.3398 0 0 0 -0.242924 0.970045
330.300000000 -18.5606 22.3095 0 0 0 -0.270139 0.962821
330.400000000 -18.5141 22.2717 0 0 0 -0.289561 0.957159
330.500000000 -18.4676 22.2314 0 0 0 -0.308086 0.951359
330.600000000 -18.4227 22.1893 0 0 0 -0.326494 0.945199
330.700000000 -18.3795 22.1456 0 0 0 -0.34478 0.938684
330.800000000 -18.338 22.1001 0 0 0 -0.362935 0.931814
330.900000000 -18.2983 22.0531 0 0 0 -0.380954 0.924594
331.000000000 -18.2604 22.0046 0 0 0 -0.398829 0.917025
331.100000000 -18.2245 21.9547 0 0 0 -0.416554 0.909111
331.200000000 -18.1905 21.9034 0 0 0 -0.434122 0.900854
331.300000000 -18.1586 21.8509 0 0 0 -0.451526 0.892258
331.400000000 -18.1287 21.7971 0 0 0 -0.46876 0.883325
331.500000000 -18.1009 21.7422 0 0 0 -0.485818 0.87406
331.600000000 -18.0753 21.6863 0 0 0 -0.502692 0.864465
331.700000000 -18.0519 21.6294 0 0 0 -0.519378 0.854545
331.800000000 -18.021 21.561 0 0 0 -0.52808 0.849195
331.900000000 -17.987 21.4941 0 0 0 -0.526075 0.850438
332.000000000 -17.9519 21.4278 0 0 0 -0.522397 0.852702
332.100000000 -17.9161 21.3619 0 0 0 -0.518155 0.855287
332.200000000 -17.8787 21.3038 0 0 0 -0.50479 0.863242
332.300000000 -17.8401 21.2486 0 0 0 -0.49053 0.871424
332.400000000 -17.7998 21.1947 0 0 0 -0.476138 0.879371
332.500000000 -17.7576 21.1422 0 0 0 -0.461617 0.887079
332.600000000 -17.7134 21.0903 0 0 0 -0.447365 0.894351
332.700000000 -17.6676 21.0398 0 0 0 -0.433 0.901394
332.800000000 -17.6201 20.9908 0 0 0 -0.418523 0.908206
332.900000000 -17.5712 20.9433 0 0 0 -0.403939 0.914786
333.000000000 -17.5197 20.8959 0 0 0 -0.390079 0.920781
333.100000000 -17.4674 20.8508 0 0 0 -0.375711 0.926737
333.200000000 -17.4132 20.8066 0 0 0 -0.361673 0.932305
333.300000000 -17.3576 20.764 0 0 0 -0.347553 0.93766
333.400000000 -17.3003 20.7224 0 0 0 -0.333785 0.942649
333.500000000 -17.2411 20.6818 0 0 0 -0.320383 0.947288
333.600000000 -17.1808 20.6429 0 0 0 -0.306918 0.951736
333.700000000 -17.1194 20.6057 0 0 0 -0.29339 0.955993
333.800000000 -17.0563 20.5696 0 0 0 -0.280254 0.959926
333.900000000 -16.9922 20.5352 0 0 0 -0.267066 0.963678
334.000000000 -16.9265 20.5019 0 0 0 -0.254288 0.967129
334.100000000 -16.86 20.4704 0 0 0 -0.241465 0.97041
334.200000000 -16.7926 20.4406 0 0 0 -0.2286 0.97352
334.300000000 -16.7245 20.4127 0 0 0 -0.215695 0.976461
334.400000000 -16.6548 20.386 0 0 0 -0.203225 0.979132
334.500000000 -16.5845 20.361 0 0 0 -0.190723 0.981644
334.600000000 -16.5285 20.3476 0 0 0 -0.169632 0.985507
334.700000000 -16.486 20.345 0 0 0 -0.140625 0.990063
334.800000000 -16.4597 20.3533 0 0 0 -0.102675 0.994715
334.900000000 -16.4537 20.3718 0 0 0 -0.0543528 0.998522
335.000000000 -16.4525 20.3918 0 0 0 -0.00437957 0.99999
335.100000000 -16.4533 20.4118 0 0 0 0.0456046 0.99896
335.200000000 -16.4561 20.4316 0 0 0 0.0954748 0.995432
335.300000000 -16.4609 20.451 0 0 0 0.145106 0.989416
335.400000000 -16.4676 20.4698 0 0 0 0.194375 0.980927
335.500000000 -16.4761 20.4879 0 0 0 0.243158 0.969987
335.600000000 -16.4864 20.505 0 0 0 0.291333 0.956622
335.700000000 -16.4984 20.521 0 0 0 0.33878 0.940865
335.800000000 -16.5119 20.5358 0 0 0 0.385381 0.922758
335.900000000 -16.5268 20.5491 0 0 0 0.431018 0.902343
336.000000000 -16.543 20.5609 0 0 0 0.475578 0.879674
336.100000000 -16.5602 20.571 0 0 0 0.518949 0.854805
336.200000000 -16.5784 20.5793 0 0 0 0.561022 0.827801
336.300000000 -16.5973 20.5858 0 0 0 0.601694 0.798727
336.400000000 -16.6168 20.5903 0 0 0 0.640862 0.767656
336.500000000 -16.6366 20.5929 0 0 0 0.678428 0.734667
336.600000000 -16.6566 20.5935 0 0 0 0.714298 0.699842
336.700000000 -16.6765 20.5921 0 0 0 0.748383 0.663267
336.800000000 -16.6962 20.5887 0 0 0 0.780597 0.625035
336.900000000 -16.7155 20.5834 0 0 0 0.81086 0.58524
337.000000000 -16.7341 20.5761 0 0 0 0.839097 0.543982
337.100000000 -16.752 20.5671 0 0 0 0.865236 0.501365
337.200000000 -16.7769 20.5803 0 0 0 0.883536 0.468364
337.300000000 -16.809 20.6061 0 0 0 0.897265 0.441492
337.400000000 -16.8429 20.6306 0 0 0 0.910009 0.414589
337.500000000 -16.8782 20.6531 0 0 0 0.921945 0.38732
337.600000000 -16.9148 20.6734 0 0 0 0.933065 0.359707
337.700000000 -16.9525 20.6915 0 0 0 0.943359 0.331775
337.800000000 -16.9912 20.7073 0 0 0 0.952816 0.303549
337.900000000 -17.0308 20.7208 0 0 0 0.961429 0.275055
338.000000000 -17.0711 20.7319 0 0 0 0.96919 0.246316
338.100000000 -17.1121 20.7406 0 0 0 0.976092 0.21736
338.200000000 -17.1666 20.7565 0 0 0 0.980606 0.19599
338.300000000 -17.2288 20.7747 0 0 0 0.983928 0.178567
338.400000000 -17.2923 20.7912 0 0 0 0.986871 0.16151
338.500000000 -17.3564 20.8054 0 0 0 0.989519 0.144405
338.600000000 -17.4209 20.8174 0 0 0 0.99187 0.127257
338.700000000 -17.4858 20.8272 0 0 0 0.993924 0.11007
338.800000000 -17.551 20.8347 0 0 0 0.99568 0.092851
338.900000000 -17.6164 20.84 0 0 0 0.997138 0.0756037
339.000000000 -17.6819 20.843 0 0 0 0.998297 0.0583338
339.100000000 -17.7476 20.8437 0 0 0 0.999157 0.0410464
339.200000000 -17.8225 20.8469 0 0 0 0.999435 0.0336219
339.300000000 -17.8975 20.8494 0 0 0 0.999625 0.0273953
339.400000000 -17.9725 20.8511 0 0 0 0.999776 0.0211677
339.500000000 -18.0476 20.8518 0 0 0 0.999888 0.0149393
339.600000000 -18.1226 20.8515 0 0 0 0.999962 0.00871023
339.700000000 -18.1976 20.8503 0 0 0 0.999997 0.00248087
339.800000000 -18.2726 20.8482 0 0 0 0.999993 -0.00374859
339.900000000 -18.3476 20.8451 0 0 0 0.99995 -0.0099779
340.000000000 -18.4225 20.8412 0 0 0 0.999869 -0.0162068
340.100000000 -18.4973 20.8362 0 0 0 0.999748 -0.0224351
340.200000000 -18.5721 20.8304 0 0 0 0.999589 -0.0286625
340.300000000 -18.6469 20.8236 0 0 0 0.999391 -0.0348889
340.400000000 -18.7215 20.8159 0 0 0 0.999154 -0.0411138
340.500000000 -18.796 20.8072 0 0 0 0.998879 -0.0473372
340.600000000 -18.8704 20.7977 0 0 0 0.998565 -0.0535587
340.700000000 -18.9449 20.789 0 0 0 0.998482 -0.0550799
340.800000000 -19.0194 20.7805 0 0 0 0.998439 -0.055852
340.900000000 -19.0939 20.7718 0 0 0 0.998396 -0.0566241
341.000000000 -19.1684 20.763 0 0 0 0.998351 -0.0573962
341.100000000 -19.2429 20.7541 0 0 0 0.998307 -0.0581682
341.200000000 -19.3176 20.7474 0 0 0 0.998584 -0.0532047
341.300000000 -19.3924 20.7414 0 0 0 0.998836 -0.0482399
341.400000000 -19.4672 20.7361 0 0 0 0.999063 -0.0432739
341.500000000 -19.5421 20.7316 0 0 0 0.999266 -0.0383068
341.600000000 -19.617 20.7279 0 0 0 0.999444 -0.0333387
341.700000000 -19.692 20.7249 0 0 0 0.999597 -0.0283699
341.800000000 -19.767 20.7226 0 0 0 0.999726 -0.0234003
341.900000000 -19.842 20.7211 0 0 0 0.99983 -0.0184302
342.000000000 -19.917 20.7203 0 0 0 0.999909 -0.0134596
342.100000000 -19.992 20.7192 0 0 0 0.999937 -0.011208
342.200000000 -20.067 20.7184 0 0 0 0.99996 -0.00895641
342.300000000 -20.142 20.718 0 0 0 0.999978 -0.00670473
342.400000000 -20.217 20.7179 0 0 0 0.99999 -0.00445302
342.500000000 -20.292 20.7181 0 0 0 0.999998 -0.00220128
342.600000000 -20.367 20.7187 0 0 0 1 5.04671e-05
342.700000000 -20.442 20.719 0 0 0 1 0.000823782
342.800000000 -20.517 20.7194 0 0 0 0.999999 0.0015971
342.900000000 -20.592 20.72 0 0 0 0.999997 0.00236947
343.000000000 -20.667 20.7206 0 0 0 0.999995 0.00314278
343.100000000 -20.742 20.7214 0 0 0 0.999992 0.00391609
343.200000000 -20.817 20.7223 0 0 0 0.999989 0.00468939
343.300000000 -20.8919 20.7233 0 0 0 0.999985 0.0054627
343.400000000 -20.9669 20.7244 0 0 0 0.999981 0.006236
343.500000000 -21.0419 20.7257 0 0 0 0.999975 0.0070093
343.600000000 -21.1169 20.727 0 0 0 0.99997 0.00778259
343.700000000 -21.1919 20.7285 0 0 0 0.999963 0.00855588
343.800000000 -21.2669 20.7301 0 0 0 0.999956 0.00932916
343.900000000 -21.3419 20.7318 0 0 0 0.999949 0.0101024
344.000000000 -21.4169 20.7333 0 0 0 0.999949 0.0101024
344.100000000 -21.4918 20.7349 0 0 0 0.999949 0.0101024
344.200000000 -21.5668 20.7364 0 0 0 0.999949 0.0101024
344.300000000 -21.6418 20.7379 0 0 0 0.999949 0.0101024
344.400000000 -21.7168 20.7394 0 0 0 0.999949 0.0101024
344.500000000 -21.7918 20.7409 0 0 0 0.999949 0.0101024
344.600000000 -21.8668 20.7424 0 0 0 0.999949 0.0101024
344.700000000 -21.9417 20.7439 0 0 0 0.999949 0.0101024
344.800000000 -22.0167 20.7455 0 0 0 0.999949 0.0101024
344.900000000 -22.0917 20.747 0 0 0 0.999949 0.0101024
345.000000000 -22.1667 20.7485 0 0 0 0.999949 0.0101024
345.100000000 -22.2417 20.75 0 0 0 0.999949 0.0101024
345.200000000 -22.3167 20.7515 0 0 0 0.999949 0.0101024
345.300000000 -22.3917 20.753 0 0 0 0.999949 0.0101024
345.400000000 -22.4666 20.7546 0 0 0 0.999949 0.0101024
345.500000000 -22.5416 20.7561 0 0 0 0.999949 0.0101024
345.600000000 -22.6166 20.7576 0 0 0 0.999949 0.0101024
345.700000000 -22.6916 20.7591 0 0 0 0.999949 0.0101024
345.800000000 -22.7666 20.7606 0 0 0 0.999949 0.0101024
345.900000000 -22.8416 20.7621 0 0 0 0.999949 0.0101024
346.000000000 -22.9165 20.7636 0 0 0 0.999949 0.0101024
346.100000000 -22.9915 20.7652 0 0 0 0.999949 0.0101024
346.200000000 -23.0665 20.7667 0 0 0 0.999949 0.0101024
346.300000000 -23.1415 20.7682 0 0 0 0.999949 0.0101024
346.400000000 -23.2165 20.7697 0 0 0 0.999949 0.0101024
346.500000000 -23.2915 20.7712 0 0 0 0.999949 0.0101024
346.600000000 -23.3665 20.7727 0 0 0 0.999949 0.0101024
346.700000000 -23.4415 20.7694 0 0 0 0.999998 -0.00215925
346.800000000 -23.4992 20.7607 0 0 0 0.999731 -0.0231976
346.900000000 -23.5403 20.7472 0 0 0 0.99864 -0.0521356
347.000000000 -23.5626 20.7297 0 0 0 0.995962 -0.0897764
347.100000000 -23.5612 20.7103 0 0 0 0.990442 -0.137933
347.200000000 -23.5548 20.6913 0 0 0 0.98231 -0.187262
347.300000000 -23.5465 20.6731 0 0 0 0.971723 -0.236123
347.400000000 -23.5365 20.6559 0 0 0 0.958708 -0.284394
347.500000000 -23.5247 20.6397 0 0 0 0.943296 -0.331954
347.600000000 -23.5115 20.6247 0 0 0 0.925526 -0.378684
347.700000000 -23.4968 20.6112 0 0 0 0.905443 -0.424468
347.800000000 -23.4808 20.5992 0 0 0 0.883097 -0.469191
347.900000000 -23.4637 20.5888 0 0 0 -0.858544 0.512741
348.000000000 -23.4456 20.5802 0 0 0 -0.831844 0.555009
348.100000000 -23.4268 20.5735 0 0 0 -0.803066 0.59589
348.200000000 -23.4074 20.5687 0 0 0 -0.77228 0.635282
348.300000000 -23.3876 20.5658 0 0 0 -0.739564 0.673086
348.400000000 -23.3676 20.5649 0 0 0 -0.704999 0.709208
348.500000000 -23.3477 20.566 0 0 0 -0.668673 0.743557
348.600000000 -23.3279 20.5691 0 0 0 -0.630675 0.776047
348.700000000 -23.3086 20.5742 0 0 0 -0.5911 0.806598
348.800000000 -23.2898 20.5812 0 0 0 -0.550049 0.835133
348.900000000 -23.2719 20.59 0 0 0 -0.507622 0.86158
349.000000000 -23.2549 20.6005 0 0 0 -0.463926 0.885874
349.100000000 -23.2391 20.6127 0 0 0 -0.419071 0.907953
349.200000000 -23.2201 20.6186 0 0 0 -0.377172 0.926143
349.300000000 -23.201 20.6251 0 0 0 -0.3351 0.942182
349.400000000 -23.1826 20.6333 0 0 0 -0.29235 0.956311
349.500000000 -23.165 20.6431 0 0 0 -0.249006 0.968502
349.600000000 -23.1504 20.6562 0 0 0 -0.203863 0.978999
349.700000000 -23.1383 20.6714 0 0 0 -0.157602 0.987503
349.800000000 -23.1276 20.6877 0 0 0 -0.110992 0.993821
349.900000000 -23.1186 20.7049 0 0 0 -0.0641368 0.997941
350.000000000 -23.1112 20.7229 0 0 0 -0.0171395 0.999853
350.100000000 -23.1041 20.7412 0 0 0 0.0292075 0.999573
350.200000000 -23.0762 20.757 0 0 0 0.0645221 0.997916
350.300000000 -23.0322 20.7736 0 0 0 0.0914068 0.995814
350.400000000 -22.9728 20.7923 0 0 0 0.110308 0.993897
350.500000000 -22.907 20.8135 0 0 0 0.125752 0.992062
350.600000000 -22.8455 20.8364 0 0 0 0.142904 0.989737
350.700000000 -22.7849 20.8615 0 0 0 0.160013 0.987115
350.800000000 -22.7252 20.8887 0 0 0 0.177074 0.984198
350.900000000 -22.6664 20.918 0 0 0 0.194082 0.980985
351.000000000 -22.6087 20.9492 0 0 0 0.211032 0.977479
351.100000000 -22.5521 20.9824 0 0 0 0.227919 0.97368
351.200000000 -22.4967 21.0176 0 0 0 0.244737 0.969589
351.300000000 -22.4425 21.0547 0 0 0 0.261482 0.965208
351.400000000 -22.3897 21.0936 0 0 0 0.278149 0.960538
351.500000000 -22.3382 21.1343 0 0 0 0.294733 0.95558
351.600000000 -22.2882 21.1768 0 0 0 0.311228 0.950335
351.700000000 -22.2397 21.221 0 0 0 0.32763 0.944806
351.800000000 -22.1927 21.2668 0 0 0 0.343934 0.938994
351.900000000 -22.1473 21.3143 0 0 0 0.360134 0.9329
352.000000000 -22.1037 21.3632 0 0 0 0.376227 0.926527
352.100000000 -22.0617 21.4137 0 0 0 0.392207 0.919877
352.200000000 -22.0215 21.4656 0 0 0 0.40807 0.912951
352.300000000 -21.9831 21.5188 0 0 0 0.42381 0.905751
352.400000000 -21.9466 21.5734 0 0 0 0.439423 0.89828
352.500000000 -21.912 21.6291 0 0 0 0.454905 0.89054
352.600000000 -21.8794 21.6861 0 0 0 0.470251 0.882533
352.700000000 -21.8488 21.7441 0 0 0 0.485455 0.874262
352.800000000 -21.8271 21.7958 0 0 0 0.504777 0.86325
352.900000000 -21.8082 21.8477 0 0 0 0.524187 0.851603
353.000000000 -21.7917 21.9005 0 0 0 0.543329 0.83952
353.100000000 -21.7777 21.9539 0 0 0 0.562192 0.827007
353.200000000 -21.766 22.008 0 0 0 0.580767 0.81407
353.300000000 -21.7568 22.0624 0 0 0 0.599045 0.800715
353.400000000 -21.7501 22.1173 0 0 0 0.617015 0.786951
353.500000000 -21.7459 22.1724 0 0 0 0.63467 0.772783
353.600000000 -21.7442 22.2277 0 0 0 0.651999 0.75822
353.700000000 -21.745 22.2829 0 0 0 0.668994 0.743267
353.800000000 -21.7482 22.3381 0 0 0 0.685647 0.727934
353.900000000 -21.754 22.3931 0 0 0 0.701948 0.712228
354.000000000 -21.7623 22.4477 0 0 0 0.717889 0.696157
354.100000000 -21.7725 22.5052 0 0 0 0.732377 0.6809
354.200000000 -21.785 22.563 0 0 0 0.746271 0.665642
354.300000000 -21.7998 22.6202 0 0 0 0.759848 0.650101
354.400000000 -21.817 22.6768 0 0 0 0.773101 0.634283
354.500000000 -21.8366 22.7326 0 0 0 0.786025 0.618194
354.600000000 -21.8586 22.7926 0 0 0 0.797122 0.603818
354.700000000 -21.8828 22.8518 0 0 0 0.807956 0.589243
354.800000000 -21.9091 22.9101 0 0 0 0.818523 0.574474
354.900000000 -21.9376 22.9674 0 0 0 0.82882 0.559515
355.000000000 -21.9681 23.0236 0 0 0 0.838844 0.544371
355.100000000 -22.0008 23.0796 0 0 0 0.848367 0.529408
355.200000000 -22.0355 23.1343 0 0 0 0.857623 0.514278
355.300000000 -22.072 23.1878 0 0 0 0.86661 0.498987
355.400000000 -22.1105 23.2399 0 0 0 0.875323 0.483538
355.500000000 -22.1508 23.2906 0 0 0 0.883762 0.467937
355.600000000 -22.1932 23.3407 0 0 0 0.891728 0.452571
355.700000000 -22.2373 23.3893 0 0 0 0.899428 0.437069
355.800000000 -22.2835 23.4371 0 0 0 0.906676 0.421828
355.900000000 -22.3313 23.4834 0 0 0 0.913666 0.406467
356.000000000 -22.3805 23.528 0 0 0 0.920395 0.390989
356.100000000 -22.4318 23.5716 0 0 0 0.926699 0.375805
356.200000000 -22.4845 23.6136 0 0 0 0.932752 0.36052
356.300000000 -22.5385 23.6538 0 0 0 0.938552 0.345137
356.400000000 -22.5943 23.6929 0 0 0 0.943954 0.330077
356.500000000 -22.652 23.7309 0 0 0 0.948973 0.315356
356.600000000 -22.7109 23.7671 0 0 0 0.953763 0.300559
356.700000000 -22.759 23.7892 0 0 0 0.960652 0.277756
356.800000000 -22.7962 23.7976 0 0 0 0.969007 0.247034
356.900000000 -22.8203 23.7924 0 0 0 0.978177 0.207774
357.000000000 -22.844 23.7853 0 0 0 0.985757 0.168175
357.100000000 -22.866 23.7757 0 0 0 0.991805 0.127763
357.200000000 -22.8872 23.7644 0 0 0 0.996196 0.0871366
357.300000000 -22.9073 23.7514 0 0 0 0.998925 0.0463652
357.400000000 -22.9264 23.7367 0 0 0 0.999985 0.0055163
357.500000000 -22.9442 23.7206 0 0 0 0.999375 -0.0353418
357.600000000 -22.9606 23.7031 0 0 0 0.997097 -0.0761409
357.700000000 -22.9755 23.6843 0 0 0 0.993154 -0.116813
357.800000000 -22.9888 23.6643 0 0 0 0.987553 -0.15729
357.900000000 -23.0027 23.643 0 0 0 0.980515 -0.196445
358.000000000 -23.0138 23.621 0 0 0 0.9718 -0.235809
358.100000000 -23.0219 23.5984 0 0 0 0.961354 -0.275314
358.200000000 -23.0282 23.5752 0 0 0 0.949304 -0.314359
358.300000000 -23.0326 23.5516 0 0 0 0.935669 -0.35288
358.400000000 -23.035 23.5277 0 0 0 0.920471 -0.390811
358.500000000 -23.0213 23.5137 0 0 0 0.900125 -0.435631
358.600000000 -23.005 23.5021 0 0 0 0.877228 -0.480074
358.700000000 -22.9876 23.4921 0 0 0 -0.852138 0.523317
358.800000000 -22.9694 23.484 0 0 0 -0.824918 0.565252
358.900000000 -22.9504 23.4777 0 0 0 -0.795636 0.605775
359.000000000 -22.9309 23.4734 0 0 0 -0.764366 0.644783
359.100000000 -22.911 23.471 0 0 0 -0.731185 0.682179
359.200000000 -22.891 23.4706 0 0 0 -0.696176 0.717871
359.300000000 -22.8711 23.4722 0 0 0 -0.659428 0.751768
359.400000000 -22.8515 23.4758 0 0 0 -0.621031 0.783786
359.500000000 -22.8322 23.4813 0 0 0 -0.581082 0.813845
359.600000000 -22.8137 23.4888 0 0 0 -0.53968 0.84187
359.700000000 -22.796 23.498 0 0 0 -0.49693 0.867791
359.800000000 -22.7792 23.509 0 0 0 -0.452937 0.891542
359.900000000 -22.7637 23.5216 0 0 0 -0.407813 0.913066
360.000000000 -22.7495 23.5356 0 0 0 -0.361669 0.932307
360.100000000 -22.7368 23.5511 0 0 0 -0.314621 0.949217
360.200000000 -22.7257 23.5677 0 0 0 -0.266786 0.963756
360.300000000 -22.7162 23.5853 0 0 0 -0.218285 0.975885
360.400000000 -22.7086 23.6038 0 0 0 -0.169239 0.985575
360.500000000 -22.7029 23.6229 0 0 0 -0.119769 0.992802
360.600000000 -22.6991 23.6426 0 0 0 -0.0699998 0.997547
360.700000000 -22.6973 23.6625 0 0 0 -0.0200558 0.999799
360.800000000 -22.6975 23.6825 0 0 0 0.0299384 0.999552
360.900000000 -22.6997 23.7023 0 0 0 0.0798577 0.996806
361.000000000 -22.7039 23.7219 0 0 0 0.129577 0.991569
361.100000000 -22.71 23.7409 0 0 0 0.178973 0.983854
361.200000000 -22.6929 23.7635 0 0 0 0.215966 0.976401
361.300000000 -22.6599 23.7916 0 0 0 0.244148 0.969738
361.400000000 -22.6138 23.8261 0 0 0 0.264883 0.964281
361.500000000 -22.5685 23.8628 0 0 0 0.285112 0.958494
361.600000000 -22.5247 23.9014 0 0 0 0.305214 0.952284
361.700000000 -22.4826 23.9419 0 0 0 0.325182 0.945652
361.800000000 -22.4423 23.984 0 0 0 0.345005 0.938601
361.900000000 -22.4037 24.0278 0 0 0 0.364676 0.931135
362.000000000 -22.3671 24.0732 0 0 0 0.384185 0.923256
362.100000000 -22.3323 24.1201 0 0 0 0.403524 0.914969
362.200000000 -22.2854 24.1787 0 0 0 0.414713 0.909952
362.300000000 -22.2371 24.2361 0 0 0 0.417404 0.908721
362.400000000 -22.1887 24.2934 0 0 0 0.418788 0.908084
362.500000000 -22.1405 24.3508 0 0 0 0.420171 0.907445
362.600000000 -22.0924 24.4084 0 0 0 0.421553 0.906804
362.700000000 -22.0446 24.4662 0 0 0 0.422934 0.906161
362.800000000 -21.9969 24.524 0 0 0 0.424314 0.905515
362.900000000 -21.9493 24.5821 0 0 0 0.425693 0.904868
363.000000000 -21.902 24.6402 0 0 0 0.427071 0.904218
363.100000000 -21.8548 24.6985 0 0 0 0.428448 0.903567
363.200000000 -21.806 24.7555 0 0 0 0.424542 0.905408
363.300000000 -21.7567 24.8121 0 0 0 0.420628 0.907233
363.400000000 -21.707 24.8682 0 0 0 0.416707 0.909041
363.500000000 -21.6567 24.9239 0 0 0 0.412778 0.910832
363.600000000 -21.606 24.9791 0 0 0 0.408841 0.912606
363.700000000 -21.5547 25.0339 0 0 0 0.404896 0.914363
363.800000000 -21.5031 25.0883 0 0 0 0.400944 0.916103
363.900000000 -21.4509 25.1422 0 0 0 0.396984 0.917825
364.000000000 -21.3983 25.1957 0 0 0 0.393017 0.919531
364.100000000 -21.3452 25.2487 0 0 0 0.389043 0.92122
364.200000000 -21.2917 25.3012 0 0 0 0.385061 0.922891
364.300000000 -21.2377 25.3533 0 0 0 0.381072 0.924545
364.400000000 -21.1833 25.4049 0 0 0 0.377076 0.926182
364.500000000 -21.1306 25.4584 0 0 0 0.380453 0.9248
364.600000000 -21.0786 25.5124 0 0 0 0.384442 0.923149
364.700000000 -21.027 25.5668 0 0 0 0.388425 0.92148
364.800000000 -20.9758 25.6217 0 0 0 0.392401 0.919794
364.900000000 -20.9252 25.677 0 0 0 0.396369 0.918091
365.000000000 -20.875 25.7328 0 0 0 0.40033 0.916371
365.100000000 -20.8272 25.7907 0 0 0 0.410148 0.912019
365.200000000 -20.7809 25.8498 0 0 0 0.420388 0.907344
365.300000000 -20.7359 25.9099 0 0 0 0.430574 0.902555
365.400000000 -20.6922 25.9709 0 0 0 0.440706 0.897651
365.500000000 -20.6499 26.033 0 0 0 0.450782 0.892634
365.600000000 -20.6091 26.096 0 0 0 0.460801 0.887503
365.700000000 -20.5696 26.1599 0 0 0 0.470761 0.882261
365.800000000 -20.5316 26.2246 0 0 0 0.480662 0.876906
365.900000000 -20.4951 26.2902 0 0 0 0.490502 0.87144
366.000000000 -20.4601 26.3567 0 0 0 0.50028 0.865864
366.100000000 -20.4265 26.4238 0 0 0 0.509994 0.860178
366.200000000 -20.3966 26.4901 0 0 0 0.521741 0.853104
366.300000000 -20.369 26.5564 0 0 0 0.533786 0.845619
366.400000000 -20.3434 26.6234 0 0 0 0.545724 0.837965
366.500000000 -20.3196 26.6911 0 0 0 0.557553 0.830142
366.600000000 -20.2978 26.7595 0 0 0 0.569269 0.822151
366.700000000 -20.2779 26.8285 0 0 0 0.580871 0.813996
366.800000000 -20.26 26.898 0 0 0 0.592356 0.805677
366.900000000 -20.2441 26.968 0 0 0 0.603721 0.797195
367.000000000 -20.2302 27.0384 0 0 0 0.614966 0.788554
367.100000000 -20.2182 27.1092 0 0 0 0.626086 0.779754
367.200000000 -20.2064 27.1833 0 0 0 0.634824 0.772657
367.300000000 -20.1961 27.2577 0 0 0 0.643085 0.765795
367.400000000 -20.1874 27.3323 0 0 0 0.651273 0.758844
367.500000000 -20.1802 27.407 0 0 0 0.659385 0.751805
367.600000000 -20.1747 27.4819 0 0 0 0.667422 0.74468
367.700000000 -20.1708 27.5569 0 0 0 0.675381 0.737469
367.800000000 -20.1685 27.6319 0 0 0 0.683263 0.730173
367.900000000 -20.1678 27.707 0 0 0 0.691065 0.722792
368.000000000 -20.1688 27.7821 0 0 0 0.698788 0.715329
368.100000000 -20.1693 27.8571 0 0 0 0.702789 0.711398
368.200000000 -20.1703 27.9321 0 0 0 0.706317 0.707896
368.300000000 -20.1722 28.0071 0 0 0 0.709827 0.704376
368.400000000 -20.1747 28.082 0 0 0 0.71332 0.700839
368.500000000 -20.178 28.157 0 0 0 0.716795 0.697284
368.600000000 -20.1821 28.2319 0 0 0 0.720253 0.693712
368.700000000 -20.1869 28.3068 0 0 0 0.723692 0.690123
368.800000000 -20.1924 28.3816 0 0 0 0.727114 0.686517
368.900000000 -20.1987 28.4563 0 0 0 0.730518 0.682894
369.000000000 -20.2058 28.531 0 0 0 0.733904 0.679254
369.100000000 -20.2135 28.6056 0 0 0 0.737271 0.675597
369.200000000 -20.2201 28.6803 0 0 0 0.737271 0.675597
369.300000000 -20.2263 28.7551 0 0 0 0.736749 0.676167
369.400000000 -20.2324 28.8298 0 0 0 0.736226 0.676736
369.500000000 -20.2384 28.9046 0 0 0 0.735702 0.677305
369.600000000 -20.2443 28.9794 0 0 0 0.735178 0.677874
369.700000000 -20.25 29.0541 0 0 0 0.734654 0.678442
369.800000000 -20.2557 29.1289 0 0 0 0.734129 0.67901
369.900000000 -20.2612 29.2037 0 0 0 0.733603 0.679578
370.000000000 -20.2666 29.2785 0 0 0 0.733078 0.680145
370.100000000 -20.272 29.3533 0 0 0 0.732551 0.680712
370.200000000 -20.2771 29.4282 0 0 0 0.732025 0.681278
370.300000000 -20.2822 29.503 0 0 0 0.731498 0.681844
370.400000000 -20.2922 29.5774 0 0 0 0.739468 0.673192
370.500000000 -20.3059 29.6349 0 0 0 0.753202 0.65779
370.600000000 -20.3229 29.6756 0 0 0 0.771677 0.636014
370.700000000 -20.3423 29.6972 0 0 0 0.794826 0.606837
370.800000000 -20.362 29.7013 0 0 0 0.821337 0.570444
370.900000000 -20.3816 29.7009 0 0 0 0.846886 0.531774
371.000000000 -20.4011 29.6986 0 0 0 0.870617 0.491962
371.100000000 -20.4203 29.6946 0 0 0 0.892477 0.451093
371.200000000 -20.4429 29.697 0 0 0 0.910626 0.413232
371.300000000 -20.4662 29.6985 0 0 0 0.926957 0.375168
371.400000000 -20.4895 29.698 0 0 0 0.941697 0.336461
371.500000000 -20.5127 29.6957 0 0 0 0.954823 0.297177
371.600000000 -20.5357 29.6914 0 0 0 0.96631 0.257382
371.700000000 -20.5582 29.6852 0 0 0 0.976139 0.217147
371.800000000 -20.5802 29.6772 0 0 0 0.984294 0.176538
371.900000000 -20.6014 29.6674 0 0 0 0.99076 0.135627
372.000000000 -20.6217 29.6559 0 0 0 0.995526 0.0944836
372.100000000 -20.641 29.6427 0 0 0 0.998585 0.0531777
372.200000000 -20.678 29.6339 0 0 0 0.999772 0.0213619
372.300000000 -20.7305 29.6266 0 0 0 0.999997 -0.00245747
372.400000000 -20.7882 29.6179 0 0 0 0.999724 -0.0234957
372.500000000 -20.8463 29.6069 0 0 0 0.999026 -0.0441203
372.600000000 -20.9039 29.5935 0 0 0 0.997903 -0.0647262
372.700000000 -20.9609 29.5778 0 0 0 0.996355 -0.0853045
372.800000000 -21.0172 29.5597 0 0 0 0.994382 -0.105846
372.900000000 -21.0727 29.5393 0 0 0 0.991987 -0.126343
373.000000000 -21.1273 29.5166 0 0 0 0.989168 -0.146786
373.100000000 -21.1946 29.4916 0 0 0 0.98749 -0.157682
373.200000000 -21.266 29.4686 0 0 0 0.987612 -0.156918
373.300000000 -21.3377 29.4467 0 0 0 0.988178 -0.153314
373.400000000 -21.4097 29.4256 0 0 0 0.98883 -0.149046
373.500000000 -21.4819 29.4052 0 0 0 0.989465 -0.144774
373.600000000 -21.5541 29.3851 0 0 0 0.989986 -0.141164
373.700000000 -21.6266 29.3655 0 0 0 0.990495 -0.137551
373.800000000 -21.6991 29.3465 0 0 0 0.99099 -0.133937
373.900000000 -21.7719 29.3283 0 0 0 0.991559 -0.129657
374.000000000 -21.8447 29.3104 0 0 0 0.992025 -0.126039
374.100000000 -21.9177 29.293 0 0 0 0.992479 -0.122419
374.200000000 -21.9908 29.2762 0 0 0 0.992919 -0.118797
374.300000000 -22.064 29.26 0 0 0 0.993345 -0.115174
374.400000000 -22.1374 29.2442 0 0 0 0.993759 -0.11155
374.500000000 -22.2108 29.229 0 0 0 0.994159 -0.107924
374.600000000 -22.2704 29.2129 0 0 0 0.993333 -0.11528
374.700000000 -22.3144 29.1967 0 0 0 0.991583 -0.129471
374.800000000 -22.3505 29.1774 0 0 0 0.98828 -0.152654
374.900000000 -22.3736 29.1552 0 0 0 0.982266 -0.187492
375.000000000 -22.3873 29.133 0 0 0 0.97415 -0.225901
375.100000000 -22.398 29.11 0 0 0 0.964394 -0.264469
375.200000000 -22.4027 29.0877 0 0 0 0.952442 -0.304718
375.300000000 -22.4054 29.0652 0 0 0 0.938812 -0.344431
375.400000000 -22.4062 29.0425 0 0 0 0.923526 -0.383537
375.500000000 -22.4051 29.0198 0 0 0 0.906612 -0.421966
375.600000000 -22.4022 28.9973 0 0 0 0.888099 -0.459652
375.700000000 -22.3973 28.9751 0 0 0 0.868021 -0.496527
375.800000000 -22.3906 28.9534 0 0 0 -0.846413 0.532527
375.900000000 -22.3821 28.9323 0 0 0 -0.823313 0.567588
376.000000000 -22.3719 28.912 0 0 0 -0.798761 0.601648
376.100000000 -22.36 28.8927 0 0 0 -0.772802 0.634648
376.200000000 -22.3542 28.8558 0 0 0 -0.751927 0.659246
376.300000000 -22.3462 28.8185 0 0 0 -0.73056 0.682849
376.400000000 -22.3362 28.781 0 0 0 -0.708748 0.705461
376.500000000 -22.3236 28.745 0 0 0 -0.685932 0.727666
376.600000000 -22.3086 28.7116 0 0 0 -0.661781 0.749697
376.700000000 -22.2916 28.6759 0 0 0 -0.638225 0.76985
376.800000000 -22.2725 28.6412 0 0 0 -0.614055 0.789263
376.900000000 -22.2513 28.6104 0 0 0 -0.588276 0.80866
377.000000000 -22.2283 28.581 0 0 0 -0.561884 0.827216
377.100000000 -22.2029 28.5506 0 0 0 -0.535973 0.844235
377.200000000 -22.1717 28.5059 0 0 0 -0.516388 0.856355
377.300000000 -22.1336 28.4462 0 0 0 -0.503792 0.863825
377.400000000 -22.0954 28.3816 0 0 0 -0.500637 0.865657
377.500000000 -22.0577 28.3167 0 0 0 -0.500105 0.865965
377.600000000 -22.0201 28.2519 0 0 0 -0.499594 0.86626
377.700000000 -21.9831 28.1885 0 0 0 -0.499095 0.866547
377.800000000 -21.9478 28.1281 0 0 0 -0.498619 0.866821
377.900000000 -21.9141 28.0706 0 0 0 -0.498165 0.867082
378.000000000 -21.8812 28.0145 0 0 0 -0.497722 0.867337
378.100000000 -21.8491 27.96 0 0 0 -0.49729 0.867584
378.200000000 -21.8242 27.9108 0 0 0 -0.504612 0.863346
378.300000000 -21.8027 27.8599 0 0 0 -0.518092 0.855325
378.400000000 -21.7843 27.8114 0 0 0 -0.531099 0.84731
378.500000000 -21.7678 27.7639 0 0 0 -0.543567 0.839365
378.600000000 -21.7533 27.7175 0 0 0 -0.555508 0.831511
378.700000000 -21.7406 27.6723 0 0 0 -0.566929 0.823767
378.800000000 -21.7295 27.6285 0 0 0 -0.57784 0.81615
378.900000000 -21.72 27.586 0 0 0 -0.58825 0.808679
379.000000000 -21.7118 27.5449 0 0 0 -0.598169 0.80137
379.100000000 -21.7054 27.4907 0 0 0 -0.616466 0.787382
379.200000000 -21.7018 27.4371 0 0 0 -0.634741 0.772725
379.300000000 -21.7007 27.3834 0 0 0 -0.652668 0.757644
379.400000000 -21.7021 27.3296 0 0 0 -0.670237 0.742147
379.500000000 -21.7061 27.276 0 0 0 -0.687438 0.726243
379.600000000 -21.7125 27.2227 0 0 0 -0.704261 0.709941
379.700000000 -21.7215 27.1697 0 0 0 -0.720698 0.693249
379.800000000 -21.7329 27.1171 0 0 0 -0.73674 0.676176
379.900000000 -21.7456 27.0553 0 0 0 -0.749176 0.662371
380.000000000 -21.7607 26.994 0 0 0 -0.761354 0.648337
380.100000000 -21.778 26.9333 0 0 0 -0.773268 0.634079
380.200000000 -21.7976 26.8732 0 0 0 -0.784916 0.619602
380.300000000 -21.8194 26.814 0 0 0 -0.796293 0.604911
380.400000000 -21.8433 26.7556 0 0 0 -0.807395 0.590012
380.500000000 -21.8695 26.6981 0 0 0 -0.818218 0.574909
380.600000000 -21.8977 26.6416 0 0 0 -0.828758 0.559607
380.700000000 -21.928 26.5862 0 0 0 -0.839013 0.544112
380.800000000 -21.9604 26.532 0 0 0 -0.848977 0.528429
380.900000000 -21.995 26.4782 0 0 0 -0.858434 0.512925
381.000000000 -22.0315 26.4257 0 0 0 0.867607 -0.497251
381.100000000 -22.0696 26.3754 0 0 0 0.876696 -0.481045
381.200000000 -22.1098 26.3257 0 0 0 0.885287 -0.465045
381.300000000 -22.1522 26.2767 0 0 0 0.893396 -0.449271
381.400000000 -22.1963 26.2292 0 0 0 0.901223 -0.433355
381.500000000 -22.2425 26.1825 0 0 0 0.908589 -0.417692
381.600000000 -22.2902 26.1375 0 0 0 0.915682 -0.401903
381.700000000 -22.3395 26.0942 0 0 0 0.922501 -0.385994
381.800000000 -22.3907 26.0518 0 0 0 0.928884 -0.370371
381.900000000 -22.4434 26.0112 0 0 0 0.935002 -0.354642
382.000000000 -22.4973 25.9724 0 0 0 0.940854 -0.338812
382.100000000 -22.5532 25.9347 0 0 0 0.946297 -0.323299
382.200000000 -22.5992 25.9116 0 0 0 0.953965 -0.299918
382.300000000 -22.6347 25.9027 0 0 0 0.963258 -0.268577
382.400000000 -22.6652 25.9012 0 0 0 0.972368 -0.233453
382.500000000 -22.6957 25.9019 0 0 0 0.980198 -0.198022
382.600000000 -22.7253 25.9054 0 0 0 0.986814 -0.16186
382.700000000 -22.7529 25.9121 0 0 0 0.992218 -0.124513
382.800000000 -22.7798 25.9208 0 0 0 0.996209 -0.086989
382.900000000 -22.806 25.9315 0 0 0 0.998782 -0.0493409
383.000000000 -22.8313 25.9441 0 0 0 0.999932 -0.0116225
383.100000000 -22.8546 25.9588 0 0 0 0.999646 0.0266109
383.200000000 -22.8949 25.9727 0 0 0 0.998434 0.055948
383.300000000 -22.95 25.9875 0 0 0 0.997018 0.0771737
383.400000000 -23.0184 26.003 0 0 0 0.996021 0.0891153
383.500000000 -23.0922 26.0166 0 0 0 0.995952 0.0898855
383.600000000 -23.166 26.0297 0 0 0 0.996021 0.0891153
383.700000000 -23.2399 26.0428 0 0 0 0.99609 0.0883451
383.800000000 -23.3138 26.0557 0 0 0 0.996158 0.0875747
383.900000000 -23.3877 26.0684 0 0 0 0.996225 0.0868044
384.000000000 -23.4616 26.0811 0 0 0 0.996292 0.0860339
384.100000000 -23.5356 26.0934 0 0 0 0.996422 0.0845161
384.200000000 -23.6096 26.1057 0 0 0 0.996487 0.0837455
384.300000000 -23.6836 26.1176 0 0 0 0.996614 0.0822273
384.400000000 -23.7577 26.1293 0 0 0 0.996738 0.0807089
384.500000000 -23.8318 26.1408 0 0 0 0.99686 0.0791904
384.600000000 -23.906 26.152 0 0 0 0.996979 0.0776716
384.700000000 -23.9802 26.163 0 0 0 0.997096 0.0761527
384.800000000 -24.0544 26.1738 0 0 0 0.997211 0.0746336
384.900000000 -24.1286 26.1844 0 0 0 0.997324 0.0731143
385.000000000 -24.2029 26.1947 0 0 0 0.997434 0.0715949
385.100000000 -24.2772 26.2048 0 0 0 0.997542 0.0700753
385.200000000 -24.3516 26.2147 0 0 0 0.997647 0.0685555
385.300000000 -24.426 26.2243 0 0 0 0.997751 0.0670356
385.400000000 -24.5004 26.2338 0 0 0 0.997852 0.0655155
385.500000000 -24.5748 26.243 0 0 0 0.99795 0.0639952
385.600000000 -24.6493 26.2519 0 0 0 0.998047 0.0624748
385.700000000 -24.7238 26.2607 0 0 0 0.998141 0.0609543
385.800000000 -24.7983 26.2692 0 0 0 0.998232 0.0594336
385.900000000 -24.8728 26.2775 0 0 0 0.998322 0.0579128
386.000000000 -24.9474 26.2856 0 0 0 0.998409 0.0563919
386.100000000 -25.022 26.2934 0 0 0 0.998493 0.0548708
386.200000000 -25.0966 26.301 0 0 0 0.998576 0.0533496
386.300000000 -25.1712 26.3084 0 0 0 0.998656 0.0518283
386.400000000 -25.2459 26.3156 0 0 0 0.998734 0.0503068
386.500000000 -25.3206 26.3225 0 0 0 0.998809 0.0487853
386.600000000 -25.3953 26.3292 0 0 0 0.998882 0.0472636
386.700000000 -25.47 26.3357 0 0 0 0.998953 0.0457418
386.800000000 -25.5447 26.3419 0 0 0 0.999022 0.0442199
386.900000000 -25.6195 26.3479 0 0 0 0.999088 0.0426979
387.000000000 -25.6943 26.3537 0 0 0 0.999152 0.0411758
387.100000000 -25.7691 26.3593 0 0 0 0.999213 0.0396536
387.200000000 -25.8439 26.3646 0 0 0 0.999273 0.0381313
387.300000000 -25.9187 26.3697 0 0 0 0.99933 0.0366089
387.400000000 -25.9935 26.3746 0 0 0 0.999384 0.0350865
387.500000000 -26.0684 26.3793 0 0 0 0.999437 0.0335639
387.600000000 -26.1433 26.3837 0 0 0 0.999487 0.0320413
387.700000000 -26.2182 26.3879 0 0 0 0.999534 0.0305186
387.800000000 -26.2931 26.3919 0 0 0 0.99958 0.0289959
387.900000000 -26.368 26.3956 0 0 0 0.999623 0.027473
388.000000000 -26.4429 26.3991 0 0 0 0.999663 0.0259502
388.100000000 -26.5178 26.4027 0 0 0 0.999683 0.0251771
388.200000000 -26.5927 26.4056 0 0 0 0.999737 0.022926
388.300000000 -26.6677 26.4081 0 0 0 0.999786 0.0206748
388.400000000 -26.7427 26.4103 0 0 0 0.99983 0.0184235
388.500000000 -26.8177 26.4122 0 0 0 0.999869 0.016172
388.600000000 -26.8926 26.4137 0 0 0 0.999903 0.0139205
388.700000000 -26.9676 26.4149 0 0 0 0.999932 0.011669
388.800000000 -27.0426 26.4157 0 0 0 0.999956 0.00941736
388.900000000 -27.1176 26.4162 0 0 0 0.999974 0.00716569
389.000000000 -27.1926 26.4164 0 0 0 0.999988 0.00491398
389.100000000 -27.2676 26.4163 0 0 0 0.999996 0.00266224
389.200000000 -27.3426 26.4163 0 0 0 0.999998 0.00188893
389.300000000 -27.4176 26.4166 0 0 0 0.999998 0.00188893
389.400000000 -27.4926 26.4169 0 0 0 0.999998 0.00188893
389.500000000 -27.5676 26.4172 0 0 0 0.999998 0.00188893
389.600000000 -27.6426 26.4175 0 0 0 0.999998 0.00188893
389.700000000 -27.7176 26.4178 0 0 0 0.999998 0.00188893
389.800000000 -27.7926 26.418 0 0 0 0.999998 0.00188893
389.900000000 -27.8676 26.4183 0 0 0 0.999998 0.00188893
390.000000000 -27.9426 26.4186 0 0 0 0.999998 0.00188893
390.100000000 -28.0176 26.4189 0 0 0 0.999998 0.00188893
390.200000000 -28.0926 26.4192 0 0 0 0.999998 0.00188893
390.300000000 -28.1676 26.4195 0 0 0 0.999998 0.00188893
390.400000000 -28.2426 26.4197 0 0 0 0.999998 0.00188893
390.500000000 -28.3176 26.42 0 0 0 0.999998 0.00188893
390.600000000 -28.3926 26.4203 0 0 0 0.999998 0.00188893
390.700000000 -28.4676 26.4206 0 0 0 0.999998 0.00188893
390.800000000 -28.5426 26.4209 0 0 0 0.999998 0.00188893
390.900000000 -28.6176 26.4212 0 0 0 0.999998 0.00188893
391.000000000 -28.6926 26.4214 0 0 0 0.999998 0.00188893
391.100000000 -28.7676 26.4217 0 0 0 0.999998 0.00188893
391.200000000 -28.8426 26.4252 0 0 0 0.999951 0.00989879
391.300000000 -28.9175 26.4299 0 0 0 0.99984 0.017908
391.400000000 -28.9923 26.436 0 0 0 0.999649 0.0264839
391.500000000 -29.067 26.4434 0 0 0 0.999385 0.0350579
391.600000000 -29.1416 26.4516 0 0 0 0.999097 0.042482
391.700000000 -29.216 26.4614 0 0 0 0.998696 0.0510507
391.800000000 -29.2902 26.4725 0 0 0 0.998221 0.0596156
391.900000000 -29.3642 26.4848 0 0 0 0.997673 0.0681761
392.000000000 -29.438 26.4984 0 0 0 0.997052 0.0767316
392.100000000 -29.5116 26.5133 0 0 0 0.996357 0.0852814
392.200000000 -29.5849 26.5294 0 0 0 0.995589 0.093825
392.300000000 -29.6579 26.5468 0 0 0 0.994747 0.102362
392.400000000 -29.7306 26.5654 0 0 0 0.993833 0.110891
392.500000000 -29.803 26.5853 0 0 0 0.992845 0.119412
392.600000000 -29.8656 26.6075 0 0 0 0.990688 0.13615
392.700000000 -29.9257 26.6317 0 0 0 0.988118 0.1537
392.800000000 -29.9849 26.658 0 0 0 0.985236 0.171201
392.900000000 -30.0432 26.6864 0 0 0 0.982045 0.188648
393.000000000 -30.1003 26.7169 0 0 0 0.978545 0.206035
393.100000000 -30.1564 26.7493 0 0 0 0.974736 0.223358
393.200000000 -30.2156 26.7849 0 0 0 0.971145 0.238491
393.300000000 -30.2746 26.8225 0 0 0 0.967432 0.253129
393.400000000 -30.3324 26.8619 0 0 0 0.9635 0.26771
393.500000000 -30.389 26.9031 0 0 0 0.959347 0.282229
393.600000000 -30.4444 26.9459 0 0 0 0.954976 0.296685
393.700000000 -30.4984 26.9904 0 0 0 0.950386 0.311072
393.800000000 -30.551 27.0365 0 0 0 0.94558 0.325389
393.900000000 -30.6022 27.0841 0 0 0 0.940559 0.339631
394.000000000 -30.652 27.1333 0 0 0 0.935323 0.353796
394.100000000 -30.7003 27.1839 0 0 0 0.929873 0.36788
394.200000000 -30.7534 27.2369 0 0 0 0.927796 0.373089
394.300000000 -30.8063 27.29 0 0 0 0.926176 0.377092
394.400000000 -30.8588 27.3437 0 0 0 0.924539 0.381088
394.500000000 -30.9108 27.3977 0 0 0 0.922885 0.385076
394.600000000 -30.9623 27.4523 0 0 0 0.921213 0.389058
394.700000000 -31.0134 27.5072 0 0 0 0.919525 0.393032
394.800000000 -31.0639 27.5626 0 0 0 0.917819 0.396999
394.900000000 -31.114 27.6184 0 0 0 0.916096 0.400959
395.000000000 -31.1637 27.6747 0 0 0 0.914356 0.404911
395.100000000 -31.2128 27.7314 0 0 0 0.912599 0.408856
395.200000000 -31.2616 27.7883 0 0 0 0.911101 0.412182
395.300000000 -31.31 27.8456 0 0 0 0.909592 0.415503
395.400000000 -31.358 27.9033 0 0 0 0.90807 0.418819
395.500000000 -31.4056 27.9613 0 0 0 0.906536 0.422128
395.600000000 -31.4527 28.0196 0 0 0 0.90499 0.425433
395.700000000 -31.4995 28.0783 0 0 0 0.903432 0.428731
395.800000000 -31.5458 28.1373 0 0 0 0.901862 0.432024
395.900000000 -31.5916 28.1966 0 0 0 0.90028 0.435311
396.000000000 -31.6371 28.2563 0 0 0 0.898686 0.438592
396.100000000 -31.6821 28.3164 0 0 0 0.89708 0.441868
396.200000000 -31.7266 28.3767 0 0 0 0.895462 0.445137
396.300000000 -31.7707 28.4374 0 0 0 0.893832 0.448401
396.400000000 -31.8144 28.4983 0 0 0 0.892191 0.451659
396.500000000 -31.8576 28.5597 0 0 0 0.890537 0.45491
396.600000000 -31.8943 28.6203 0 0 0 0.88378 0.467903
396.700000000 -31.9168 28.6699 0 0 0 0.87277 0.488133
396.800000000 -31.926 28.7085 0 0 0 0.857219 0.514951
396.900000000 -31.9205 28.7325 0 0 0 0.835766 0.549086
397.000000000 -31.9091 28.7502 0 0 0 0.810939 0.585131
397.100000000 -31.9057 28.7836 0 0 0 0.790306 0.612712
397.200000000 -31.9008 28.8184 0 0 0 0.769303 0.638885
397.300000000 -31.8936 28.8527 0 0 0 0.747433 0.664337
397.400000000 -31.8841 28.8865 0 0 0 0.724721 0.689042
397.500000000 -31.8723 28.9196 0 0 0 0.701194 0.712971
397.600000000 -31.8583 28.9518 0 0 0 0.676877 0.736096
397.700000000 -31.8423 28.983 0 0 0 0.651797 0.758393
397.800000000 -31.8241 29.013 0 0 0 0.625984 0.779836
397.900000000 -31.804 29.0418 0 0 0 0.599465 0.800401
398.000000000 -31.782 29.0691 0 0 0 0.572272 0.820064
398.100000000 -31.7556 29.1116 0 0 0 0.551266 0.83433
398.200000000 -31.7245 29.1647 0 0 0 0.534967 0.844873
398.300000000 -31.691 29.2182 0 0 0 0.519177 0.854667
398.400000000 -31.6555 29.2704 0 0 0 0.503208 0.864165
398.500000000 -31.6181 29.3212 0 0 0 0.487065 0.873366
398.600000000 -31.5788 29.3707 0 0 0 0.470754 0.882265
398.700000000 -31.5377 29.4186 0 0 0 0.45428 0.890859
398.800000000 -31.4945 29.4658 0 0 0 0.438027 0.898962
398.900000000 -31.4501 29.5106 0 0 0 0.421249 0.906945
399.000000000 -31.4035 29.5545 0 0 0 0.404709 0.914445
399.100000000 -31.355 29.5974 0 0 0 0.388427 0.921479
399.200000000 -31.303 29.6415 0 0 0 0.373635 0.927576
399.300000000 -31.2496 29.6839 0 0 0 0.358747 0.933435
399.400000000 -31.1949 29.7247 0 0 0 0.343767 0.939055
399.500000000 -31.1389 29.7636 0 0 0 0.3287 0.944435
399.600000000 -31.0817 29.8008 0 0 0 0.313548 0.949572
399.700000000 -31.0233 29.836 0 0 0 0.298316 0.954467
399.800000000 -30.9639 29.8695 0 0 0 0.283007 0.959118
399.900000000 -30.9034 29.9009 0 0 0 0.267626 0.963523
400.000000000 -30.8419 29.9305 0 0 0 0.252177 0.967681
400.100000000 -30.7788 29.9586 0 0 0 0.237096 0.971486
400.200000000 -30.7149 29.9848 0 0 0 0.221958 0.975056
400.300000000 -30.6495 30.0095 0 0 0 0.207209 0.978297
400.400000000 -30.5833 30.0323 0 0 0 0.192411 0.981314
400.500000000 -30.5157 30.0535 0 0 0 0.17802 0.984027
400.600000000 -30.4621 30.0637 0 0 0 0.155311 0.987866
400.700000000 -30.4225 30.0635 0 0 0 0.124615 0.992205
400.800000000 -30.4004 30.0525 0 0 0 0.0845189 0.996422
400.900000000 -30.3965 30.0332 0 0 0 0.0353857 0.999374
401.000000000 -30.3946 30.0136 0 0 0 -0.0138331 0.999904
401.100000000 -30.3945 29.994 0 0 0 -0.0630185 0.998012
401.200000000 -30.3964 29.9744 0 0 0 -0.112051 0.993702
401.300000000 -30.4003 29.9551 0 0 0 -0.160812 0.986985
401.400000000 -30.4059 29.9363 0 0 0 -0.209184 0.977876
401.500000000 -30.4135 29.9181 0 0 0 -0.257049 0.966398
401.600000000 -30.4227 29.9007 0 0 0 -0.304291 0.952579
401.700000000 -30.4336 29.8844 0 0 0 -0.350795 0.936452
401.800000000 -30.4461 29.8692 0 0 0 -0.39645 0.918056
401.900000000 -30.46 29.8553 0 0 0 -0.441145 0.897436
402.000000000 -30.4753 29.8428 0 0 0 -0.48477 0.874642
402.100000000 -30.4857 29.8255 0 0 0 -0.52365 0.851934
402.200000000 -30.4968 29.8082 0 0 0 -0.56094 0.827856
402.300000000 -30.5094 29.792 0 0 0 -0.597126 0.802148
402.400000000 -30.5234 29.7769 0 0 0 -0.632135 0.774858
402.500000000 -30.5387 29.7631 0 0 0 -0.665898 0.746043
402.600000000 -30.5551 29.7507 0 0 0 -0.69835 0.715757
402.700000000 -30.5726 29.7399 0 0 0 -0.729425 0.684061
402.800000000 -30.5909 29.7306 0 0 0 -0.759063 0.651017
402.900000000 -30.6101 29.723 0 0 0 -0.787206 0.61669
403.000000000 -30.6298 29.7171 0 0 0 -0.813798 0.581148
403.100000000 -30.6529 29.6917 0 0 0 -0.833083 0.553148
403.200000000 -30.681 29.6513 0 0 0 -0.847068 0.531485
403.300000000 -30.7155 29.5964 0 0 0 -0.856361 0.516378
403.400000000 -30.7525 29.5402 0 0 0 -0.864734 0.50223
403.500000000 -30.7915 29.4853 0 0 0 0.872874 -0.487946
403.600000000 -30.8322 29.4316 0 0 0 0.880778 -0.47353
403.700000000 -30.8746 29.3794 0 0 0 0.888443 -0.458986
403.800000000 -30.9187 29.3285 0 0 0 0.895869 -0.444318
403.900000000 -30.9645 29.2792 0 0 0 0.903052 -0.42953
404.000000000 -31.0119 29.2313 0 0 0 0.909992 -0.414626
404.100000000 -31.063 29.1764 0 0 0 0.912557 -0.40895
404.200000000 -31.1144 29.1217 0 0 0 0.914579 -0.404408
404.300000000 -31.1663 29.0676 0 0 0 0.916578 -0.399856
404.400000000 -31.2188 29.014 0 0 0 0.918554 -0.395295
404.500000000 -31.2718 28.9609 0 0 0 0.920508 -0.390724
404.600000000 -31.3253 28.9083 0 0 0 0.922439 -0.386143
404.700000000 -31.3794 28.8563 0 0 0 0.924347 -0.381553
404.800000000 -31.4339 28.8048 0 0 0 0.926233 -0.376953
404.900000000 -31.489 28.7539 0 0 0 0.928095 -0.372344
405.000000000 -31.5446 28.7035 0 0 0 0.929935 -0.367725
405.100000000 -31.6006 28.6536 0 0 0 0.931751 -0.363098
405.200000000 -31.6558 28.6029 0 0 0 0.931751 -0.363098
405.300000000 -31.7109 28.5519 0 0 0 0.93147 -0.363818
405.400000000 -31.7658 28.5009 0 0 0 0.931188 -0.364538
405.500000000 -31.8207 28.4497 0 0 0 0.930906 -0.365258
405.600000000 -31.8754 28.3985 0 0 0 0.930623 -0.365978
405.700000000 -31.9301 28.3472 0 0 0 0.93034 -0.366698
405.800000000 -31.9847 28.2958 0 0 0 0.930056 -0.367417
405.900000000 -32.0393 28.2443 0 0 0 0.929772 -0.368136
406.000000000 -32.0937 28.1927 0 0 0 0.929487 -0.368855
406.100000000 -32.1481 28.1411 0 0 0 0.929201 -0.369574
406.200000000 -32.2024 28.0893 0 0 0 0.928915 -0.370292
406.300000000 -32.2566 28.0375 0 0 0 0.928629 -0.37101
406.400000000 -32.3108 27.9856 0 0 0 0.928342 -0.371728
406.500000000 -32.3639 27.9326 0 0 0 0.926728 -0.375734
406.600000000 -32.4165 27.8791 0 0 0 0.925097 -0.379732
406.700000000 -32.4684 27.825 0 0 0 0.923197 -0.384326
406.800000000 -32.5199 27.7704 0 0 0 0.921275 -0.388911
406.900000000 -32.5706 27.7151 0 0 0 0.91908 -0.394071
407.000000000 -32.6208 27.6594 0 0 0 0.91711 -0.398635
407.100000000 -32.6703 27.6031 0 0 0 0.91486 -0.403772
407.200000000 -32.7194 27.5463 0 0 0 0.912841 -0.408315
407.300000000 -32.7677 27.4889 0 0 0 0.910537 -0.413428
407.400000000 -32.8154 27.431 0 0 0 0.908204 -0.418528
407.500000000 -32.8624 27.3725 0 0 0 0.905843 -0.423614
407.600000000 -32.9087 27.3135 0 0 0 0.903453 -0.428688
407.700000000 -32.9544 27.254 0 0 0 0.901035 -0.433747
407.800000000 -32.9995 27.194 0 0 0 0.898588 -0.438794
407.900000000 -33.0438 27.1335 0 0 0 0.896113 -0.443826
408.000000000 -33.0875 27.0725 0 0 0 0.89361 -0.448844
408.100000000 -33.1302 27.0109 0 0 0 0.890797 -0.454402
408.200000000 -33.1722 26.9487 0 0 0 0.887949 -0.459943
408.300000000 -33.2135 26.886 0 0 0 0.885066 -0.465465
408.400000000 -33.2539 26.8228 0 0 0 0.882149 -0.470969
408.500000000 -33.2935 26.7591 0 0 0 0.879199 -0.476456
408.600000000 -33.3324 26.6949 0 0 0 0.876213 -0.481923
408.700000000 -33.3704 26.6303 0 0 0 0.873194 -0.487372
408.800000000 -33.4077 26.5651 0 0 0 0.870141 -0.492802
408.900000000 -33.4441 26.4996 0 0 0 0.867055 -0.498213
409.000000000 -33.4797 26.4335 0 0 0 -0.863934 0.503605
409.100000000 -33.5145 26.367 0 0 0 -0.86078 0.508977
409.200000000 -33.5485 26.3001 0 0 0 -0.857593 0.514329
409.300000000 -33.5816 26.2328 0 0 0 -0.854372 0.519661
409.400000000 -33.6138 26.1651 0 0 0 -0.851118 0.524974
409.500000000 -33.6453 26.097 0 0 0 -0.847832 0.530265
409.600000000 -33.6758 26.0284 0 0 0 -0.844512 0.535537
409.700000000 -33.7056 25.9596 0 0 0 -0.84116 0.540787
409.800000000 -33.7344 25.8903 0 0 0 -0.837774 0.546017
409.900000000 -33.7624 25.8207 0 0 0 -0.834357 0.551225
410.000000000 -33.7895 25.7507 0 0 0 -0.830907 0.556412
410.100000000 -33.8158 25.6805 0 0 0 -0.827425 0.561577
410.200000000 -33.8412 25.6099 0 0 0 -0.82391 0.56672
410.300000000 -33.8657 25.5389 0 0 0 -0.820364 0.571842
410.400000000 -33.8893 25.4677 0 0 0 -0.816786 0.576941
410.500000000 -33.9122 25.3963 0 0 0 -0.813537 0.581513
410.600000000 -33.9344 25.3246 0 0 0 -0.810263 0.586066
410.700000000 -33.9557 25.2527 0 0 0 -0.806964 0.590601
410.800000000 -33.9762 25.1806 0 0 0 -0.803639 0.595117
410.900000000 -33.996 25.1082 0 0 0 -0.800289 0.599614
411.000000000 -34.0149 25.0356 0 0 0 -0.796914 0.604093
411.100000000 -34.033 24.9628 0 0 0 -0.793514 0.608552
411.200000000 -34.05 24.8897 0 0 0 -0.789707 0.613484
411.300000000 -34.0662 24.8164 0 0 0 -0.78587 0.618391
411.400000000 -34.0814 24.743 0 0 0 -0.782003 0.623275
411.500000000 -34.0957 24.6693 0 0 0 -0.778105 0.628134
411.600000000 -34.109 24.5955 0 0 0 -0.774177 0.632969
411.700000000 -34.1215 24.5215 0 0 0 -0.770219 0.637779
411.800000000 -34.1331 24.4474 0 0 0 -0.766347 0.642426
411.900000000 -34.1439 24.3731 0 0 0 -0.762601 0.646869
412.000000000 -34.1539 24.2988 0 0 0 -0.758983 0.65111
412.100000000 -34.1632 24.2244 0 0 0 -0.755498 0.655151
412.200000000 -34.1715 24.1515 0 0 0 -0.752068 0.659085
412.300000000 -34.1788 24.0818 0 0 0 -0.748776 0.662823
412.400000000 -34.1851 24.0138 0 0 0 -0.745544 0.666456
412.500000000 -34.1907 23.9473 0 0 0 -0.742374 0.669986
412.600000000 -34.1954 23.8841 0 0 0 -0.739347 0.673325
412.700000000 -34.1994 23.8226 0 0 0 -0.736385 0.676563
412.800000000 -34.2027 23.7627 0 0 0 -0.73349 0.6797
412.900000000 -34.2055 23.7044 0 0 0 -0.730662 0.682739
413.000000000 -34.2077 23.6494 0 0 0 -0.727984 0.685594
413.100000000 -34.2093 23.5961 0 0 0 -0.725377 0.688352
413.200000000 -34.2115 23.5378 0 0 0 -0.723795 0.690015
413.300000000 -34.2137 23.4762 0 0 0 -0.722455 0.691418
413.400000000 -34.2155 23.4162 0 0 0 -0.721149 0.69278
413.500000000 -34.2171 23.3579 0 0 0 -0.719876 0.694102
413.600000000 -34.2184 23.3029 0 0 0 -0.718674 0.695347
413.700000000 -34.2195 23.2496 0 0 0 -0.717507 0.696551
413.800000000 -34.2204 23.1979 0 0 0 -0.716374 0.697717
413.900000000 -34.2211 23.1479 0 0 0 -0.715275 0.698843
414.000000000 -34.2216 23.0996 0 0 0 -0.714212 0.699929
414.100000000 -34.2217 23.0579 0 0 0 -0.712832 0.701334
414.200000000 -34.2216 23.0179 0 0 0 -0.711505 0.702681
414.300000000 -34.2213 22.9795 0 0 0 -0.710231 0.703969
414.400000000 -34.221 22.9429 0 0 0 -0.70901 0.705199
414.500000000 -34.2205 22.9062 0 0 0 -0.707787 0.706426
414.600000000 -34.2199 22.8712 0 0 0 -0.706617 0.707596
414.700000000 -34.2192 22.8379 0 0 0 -0.705501 0.708709
414.800000000 -34.2184 22.8045 0 0 0 -0.704384 0.709819
414.900000000 -34.2176 22.7729 0 0 0 -0.703321 0.710873
415.000000000 -34.2167 22.7429 0 0 0 -0.702312 0.711869
415.100000000 -34.2157 22.7129 0 0 0 -0.701302 0.712864
415.200000000 -34.2152 22.6796 0 0 0 -0.701302 0.712864
415.300000000 -34.2147 22.6479 0 0 0 -0.701479 0.71269
415.400000000 -34.2144 22.6179 0 0 0 -0.701647 0.712524
415.500000000 -34.214 22.5879 0 0 0 -0.701815 0.712359
415.600000000 -34.2137 22.5596 0 0 0 -0.701974 0.712203
415.700000000 -34.2133 22.5313 0 0 0 -0.702132 0.712047
415.800000000 -34.2131 22.5046 0 0 0 -0.702281 0.7119
415.900000000 -34.2128 22.4796 0 0 0 -0.702421 0.711762
416.000000000 -34.2125 22.4546 0 0 0 -0.702561 0.711624
416.100000000 -34.2123 22.4313 0 0 0 -0.702691 0.711495
416.200000000 -34.2121 22.4046 0 0 0 -0.70284 0.711348
416.300000000 -34.2118 22.3779 0 0 0 -0.702989 0.7112
416.400000000 -34.2116 22.3513 0 0 0 -0.703138 0.711053
416.500000000 -34.2114 22.3263 0 0 0 -0.703278 0.710915
416.600000000 -34.2112 22.2996 0 0 0 -0.703427 0.710768
416.700000000 -34.211 22.2729 0 0 0 -0.703576 0.71062
416.800000000 -34.2108 22.2463 0 0 0 -0.703724 0.710473
416.900000000 -34.2107 22.2196 0 0 0 -0.703873 0.710326
417.000000000 -34.2105 22.1946 0 0 0 -0.704013 0.710187
417.100000000 -34.2104 22.1696 0 0 0 -0.704152 0.710049
417.200000000 -34.2102 22.1446 0 0 0 -0.704292 0.709911
417.300000000 -34.2101 22.1163 0 0 0 -0.704449 0.709754
417.400000000 -34.21 22.0896 0 0 0 -0.704598 0.709607
417.500000000 -34.2099 22.0629 0 0 0 -0.704747 0.709459
417.600000000 -34.2098 22.0363 0 0 0 -0.704895 0.709311
417.700000000 -34.2097 22.0096 0 0 0 -0.705044 0.709164
417.800000000 -34.2096 21.9846 0 0 0 -0.705183 0.709025
417.900000000 -34.2096 21.9596 0 0 0 -0.705322 0.708887
418.000000000 -34.2095 21.9329 0 0 0 -0.705471 0.708739
418.100000000 -34.2095 21.9063 0 0 0 -0.705619 0.708591
418.200000000 -34.2095 21.8796 0 0 0 -0.705768 0.708443
418.300000000 -34.2094 21.8546 0 0 0 -0.705907 0.708305
418.400000000 -34.2094 21.8279 0 0 0 -0.706055 0.708157
418.500000000 -34.2094 21.8013 0 0 0 -0.706203 0.708009
418.600000000 -34.2095 21.7746 0 0 0 -0.706352 0.707861
418.700000000 -34.2094 21.7479 0 0 0 -0.706352 0.707861
418.800000000 -34.2093 21.7213 0 0 0 -0.706352 0.707861
418.900000000 -34.2093 21.6946 0 0 0 -0.706352 0.707861
419.000000000 -34.2092 21.6696 0 0 0 -0.706352 0.707861
419.100000000 -34.2092 21.6429 0 0 0 -0.706352 0.707861
419.200000000 -34.2091 21.6179 0 0 0 -0.706352 0.707861
419.300000000 -34.2091 21.5913 0 0 0 -0.706352 0.707861
419.400000000 -34.209 21.5663 0 0 0 -0.706352 0.707861
419.500000000 -34.209 21.5396 0 0 0 -0.706352 0.707861
419.600000000 -34.2089 21.5146 0 0 0 -0.706352 0.707861
419.700000000 -34.2088 21.4879 0 0 0 -0.706352 0.707861
419.800000000 -34.2088 21.4629 0 0 0 -0.706352 0.707861
419.900000000 -34.2087 21.4363 0 0 0 -0.706352 0.707861
420.000000000 -34.2087 21.4113 0 0 0 -0.706352 0.707861
420.100000000 -34.2086 21.3846 0 0 0 -0.706352 0.707861
420.200000000 -34.2086 21.3596 0 0 0 -0.706352 0.707861
420.300000000 -34.2085 21.3363 0 0 0 -0.706352 0.707861
420.400000000 -34.2085 21.3096 0 0 0 -0.706352 0.707861
420.500000000 -34.2084 21.2846 0 0 0 -0.706352 0.707861
420.600000000 -34.2083 21.2579 0 0 0 -0.706352 0.707861
420.700000000 -34.2083 21.2329 0 0 0 -0.706352 0.707861
420.800000000 -34.2082 21.2063 0 0 0 -0.706352 0.707861
420.900000000 -34.2082 21.1796 0 0 0 -0.706352 0.707861
421.000000000 -34.2081 21.1529 0 0 0 -0.706352 0.707861
421.100000000 -34.2087 21.1263 0 0 0 -0.707543 0.70667
421.200000000 -34.2113 21.0513 0 0 0 -0.711931 0.702249
421.300000000 -34.2148 20.9763 0 0 0 -0.716292 0.6978
421.400000000 -34.2193 20.9014 0 0 0 -0.720625 0.693325
421.500000000 -34.2247 20.8266 0 0 0 -0.72493 0.688822
421.600000000 -34.231 20.7519 0 0 0 -0.729207 0.684293
421.700000000 -34.2382 20.6772 0 0 0 -0.733456 0.679737
421.800000000 -34.2464 20.6026 0 0 0 -0.737676 0.675155
421.900000000 -34.2555 20.5281 0 0 0 -0.741867 0.670547
422.000000000 -34.2656 20.4538 0 0 0 -0.74603 0.665912
422.100000000 -34.2765 20.3796 0 0 0 -0.750164 0.661252
422.200000000 -34.291 20.3073 0 0 0 -0.75885 0.651265
422.300000000 -34.3074 20.2365 0 0 0 -0.767709 0.640799
422.400000000 -34.3258 20.1662 0 0 0 -0.776423 0.630212
422.500000000 -34.346 20.0963 0 0 0 -0.784991 0.619507
422.600000000 -34.3682 20.0271 0 0 0 -0.793412 0.608685
422.700000000 -34.3923 19.9585 0 0 0 -0.801683 0.597749
422.800000000 -34.4182 19.8906 0 0 0 -0.809804 0.5867
422.900000000 -34.446 19.8234 0 0 0 -0.817773 0.575541
423.000000000 -34.4757 19.757 0 0 0 -0.825587 0.564274
423.100000000 -34.5071 19.6914 0 0 0 -0.833247 0.552901
423.200000000 -34.5398 19.6296 0 0 0 -0.841501 0.540255
423.300000000 -34.5743 19.5687 0 0 0 -0.849564 0.527486
423.400000000 -34.6106 19.5089 0 0 0 -0.857433 0.514596
423.500000000 -34.6487 19.4502 0 0 0 -0.865106 0.501589
423.600000000 -34.6886 19.3927 0 0 0 0.872582 -0.488468
423.700000000 -34.7302 19.3365 0 0 0 0.879859 -0.475235
423.800000000 -34.7735 19.2815 0 0 0 0.886935 -0.461894
423.900000000 -34.8184 19.2278 0 0 0 0.893809 -0.448447
424.000000000 -34.8649 19.1756 0 0 0 0.900479 -0.434899
424.100000000 -34.9129 19.1247 0 0 0 0.906944 -0.421251
424.200000000 -34.9625 19.0754 0 0 0 0.913202 -0.407507
424.300000000 -35.0136 19.0275 0 0 0 0.919252 -0.39367
424.400000000 -35.0661 18.9812 0 0 0 0.925092 -0.379743
424.500000000 -35.1199 18.9366 0 0 0 0.930721 -0.36573
424.600000000 -35.165 18.9074 0 0 0 0.939033 -0.343827
424.700000000 -35.2012 18.8932 0 0 0 0.94937 -0.314159
424.800000000 -35.2273 18.8934 0 0 0 0.960969 -0.276654
424.900000000 -35.2517 18.8971 0 0 0 0.97134 -0.237694
425.000000000 -35.2758 18.9027 0 0 0 0.980132 -0.198347
425.100000000 -35.2993 18.9103 0 0 0 0.98733 -0.158677
425.200000000 -35.3302 18.9152 0 0 0 0.99238 -0.123218
425.300000000 -35.3598 18.9226 0 0 0 0.996197 -0.0871338
425.400000000 -35.3888 18.9323 0 0 0 0.998702 -0.0509345
425.500000000 -35.4171 18.9439 0 0 0 0.999892 -0.0146681
425.600000000 -35.4444 18.9577 0 0 0 0.999766 0.0216177
425.700000000 -35.4697 18.9735 0 0 0 0.998296 0.0583503
425.800000000 -35.4937 18.9911 0 0 0 0.995477 0.0950041
425.900000000 -35.5164 19.0104 0 0 0 0.991312 0.131529
426.000000000 -35.5376 19.0313 0 0 0 0.985808 0.167877
426.100000000 -35.5562 19.0537 0 0 0 0.978873 0.204471
426.200000000 -35.5906 19.0812 0 0 0 0.972635 0.232338
426.300000000 -35.6333 19.1109 0 0 0 0.968257 0.249958
426.400000000 -35.6966 19.1513 0 0 0 0.965249 0.26133
426.500000000 -35.7594 19.1925 0 0 0 0.962675 0.270662
426.600000000 -35.8214 19.2348 0 0 0 0.960009 0.279968
426.700000000 -35.8825 19.2784 0 0 0 0.957254 0.289247
426.800000000 -35.9428 19.3231 0 0 0 0.95441 0.2985
426.900000000 -36.0023 19.3689 0 0 0 0.951643 0.307205
427.000000000 -36.0608 19.4158 0 0 0 0.948625 0.316403
427.100000000 -36.1217 19.4597 0 0 0 0.949773 0.31294
427.200000000 -36.1836 19.5021 0 0 0 0.95189 0.30644
427.300000000 -36.2461 19.5436 0 0 0 0.953963 0.299925
427.400000000 -36.3092 19.5842 0 0 0 0.955991 0.293396
427.500000000 -36.3728 19.624 0 0 0 0.957974 0.286854
427.600000000 -36.4369 19.663 0 0 0 0.959913 0.280298
427.700000000 -36.5016 19.701 0 0 0 0.961807 0.273729
427.800000000 -36.5668 19.7382 0 0 0 0.963656 0.267147
427.900000000 -36.6325 19.7744 0 0 0 0.965459 0.260553
428.000000000 -36.6986 19.8098 0 0 0 0.967218 0.253947
428.100000000 -36.7653 19.8442 0 0 0 0.968932 0.247329
428.200000000 -36.8333 19.876 0 0 0 0.971774 0.235914
428.300000000 -36.9022 19.906 0 0 0 0.974594 0.223981
428.400000000 -36.9717 19.9343 0 0 0 0.977267 0.212014
428.500000000 -37.042 19.9609 0 0 0 0.979793 0.200015
428.600000000 -37.1128 19.9858 0 0 0 0.982172 0.187987
428.700000000 -37.1843 20.0089 0 0 0 0.984403 0.175929
428.800000000 -37.2563 20.0303 0 0 0 0.986486 0.163846
428.900000000 -37.3288 20.0498 0 0 0 0.988421 0.151738
429.000000000 -37.4017 20.0676 0 0 0 0.990207 0.139607
429.100000000 -37.4751 20.0837 0 0 0 0.991844 0.127455
429.200000000 -37.5489 20.0979 0 0 0 0.993333 0.115284
429.300000000 -37.6229 20.1102 0 0 0 0.994671 0.103095
429.400000000 -37.6973 20.1208 0 0 0 0.995861 0.0908912
429.500000000 -37.7719 20.1296 0 0 0 0.9969 0.0786736
429.600000000 -37.8467 20.1365 0 0 0 0.99779 0.0664441
429.700000000 -37.9216 20.1415 0 0 0 0.99853 0.0542047
429.800000000 -37.9966 20.1448 0 0 0 0.999119 0.0419571
429.900000000 -38.0717 20.1462 0 0 0 0.999559 0.0297032
430.000000000 -38.1468 20.1457 0 0 0 0.999848 0.0174448
430.100000000 -38.2219 20.1434 0 0 0 0.999987 0.00518379
430.200000000 -38.2969 20.1393 0 0 0 0.999975 -0.007078
430.300000000 -38.3717 20.1334 0 0 0 0.999813 -0.0193387
430.400000000 -38.4464 20.1256 0 0 0 0.999501 -0.0315965
430.500000000 -38.5209 20.1159 0 0 0 0.999038 -0.0438496
430.600000000 -38.5951 20.1045 0 0 0 0.998425 -0.056096
430.700000000 -38.6516 20.0896 0 0 0 0.997024 -0.0770893
430.800000000 -38.691 20.0718 0 0 0 0.994374 -0.105926
430.900000000 -38.7113 20.052 0 0 0 0.989669 -0.143368
431.000000000 -38.7078 20.0328 0 0 0 0.98156 -0.191156
431.100000000 -38.6994 20.0147 0 0 0 0.970779 -0.239975
431.200000000 -38.6892 19.9975 0 0 0 0.957572 -0.288194
431.300000000 -38.6773 19.9814 0 0 0 0.941972 -0.335692
431.400000000 -38.6639 19.9666 0 0 0 0.924017 -0.382352
431.500000000 -38.6491 19.9531 0 0 0 0.903752 -0.428056
431.600000000 -38.633 19.9413 0 0 0 0.881229 -0.472689
431.700000000 -38.6158 19.9311 0 0 0 -0.856503 0.516142
431.800000000 -38.5977 19.9226 0 0 0 -0.829636 0.558304
431.900000000 -38.5789 19.916 0 0 0 -0.800696 0.599071
432.000000000 -38.5594 19.9113 0 0 0 -0.769754 0.63834
432.100000000 -38.549 19.885 0 0 0 -0.745122 0.666928
432.200000000 -38.5398 19.8496 0 0 0 -0.722925 0.690926
432.300000000 -38.5285 19.814 0 0 0 -0.700262 0.713886
432.400000000 -38.515 19.7792 0 0 0 -0.676869 0.736104
432.500000000 -38.4992 19.7453 0 0 0 -0.652772 0.757555
432.600000000 -38.4812 19.7126 0 0 0 -0.627995 0.778217
432.700000000 -38.4612 19.681 0 0 0 -0.602565 0.79807
432.800000000 -38.4392 19.6508 0 0 0 -0.576508 0.817092
432.900000000 -38.4153 19.6221 0 0 0 -0.54985 0.835263
433.000000000 -38.3896 19.595 0 0 0 -0.52262 0.852565
433.100000000 -38.3622 19.5696 0 0 0 -0.494847 0.86898
433.200000000 -38.3277 19.5304 0 0 0 -0.473662 0.880707
433.300000000 -38.2849 19.4773 0 0 0 -0.459511 0.888172
433.400000000 -38.2389 19.4222 0 0 0 -0.44687 0.894599
433.500000000 -38.1914 19.3684 0 0 0 -0.434138 0.900846
433.600000000 -38.1424 19.3159 0 0 0 -0.42132 0.906912
433.700000000 -38.0919 19.2649 0 0 0 -0.408416 0.912796
433.800000000 -38.04 19.2153 0 0 0 -0.395431 0.918496
433.900000000 -37.9867 19.1672 0 0 0 -0.382366 0.924011
434.000000000 -37.9321 19.1207 0 0 0 -0.369224 0.92934
434.100000000 -37.8761 19.0757 0 0 0 -0.356008 0.934483
434.200000000 -37.8194 19.0267 0 0 0 -0.353241 0.935532
434.300000000 -37.7631 18.9771 0 0 0 -0.353241 0.935532
434.400000000 -37.7068 18.9276 0 0 0 -0.353241 0.935532
434.500000000 -37.6505 18.878 0 0 0 -0.353241 0.935532
434.600000000 -37.5942 18.8284 0 0 0 -0.353241 0.935532
434.700000000 -37.5379 18.7789 0 0 0 -0.353241 0.935532
434.800000000 -37.4817 18.7293 0 0 0 -0.353241 0.935532
434.900000000 -37.4254 18.6797 0 0 0 -0.353241 0.935532
435.000000000 -37.3691 18.6301 0 0 0 -0.353241 0.935532
435.100000000 -37.3128 18.5806 0 0 0 -0.353241 0.935532
435.200000000 -37.2572 18.5303 0 0 0 -0.355545 0.934659
435.300000000 -37.2018 18.4797 0 0 0 -0.357749 0.933818
435.400000000 -37.1491 18.4312 0 0 0 -0.359853 0.933009
435.500000000 -37.0978 18.3835 0 0 0 -0.361907 0.932214
435.600000000 -37.0491 18.3379 0 0 0 -0.363861 0.931453
435.700000000 -37.0019 18.2932 0 0 0 -0.365765 0.930707
435.800000000 -36.9561 18.2495 0 0 0 -0.367619 0.929977
435.900000000 -36.9128 18.208 0 0 0 -0.369373 0.929281
436.000000000 -36.8709 18.1674 0 0 0 -0.371078 0.928602
436.100000000 -36.8303 18.1278 0 0 0 -0.372732 0.927939
436.200000000 -36.7886 18.0871 0 0 0 -0.374008 0.927425
436.300000000 -36.7505 18.0497 0 0 0 -0.375174 0.926954
436.400000000 -36.7137 18.0134 0 0 0 -0.376303 0.926496
436.500000000 -36.6782 17.9782 0 0 0 -0.377396 0.926052
436.600000000 -36.6391 17.9419 0 0 0 -0.374274 0.927318
436.700000000 -36.6009 17.9071 0 0 0 -0.370862 0.928688
436.800000000 -36.5637 17.8737 0 0 0 -0.367555 0.930002
436.900000000 -36.5275 17.8417 0 0 0 -0.364354 0.93126
437.000000000 -36.4923 17.811 0 0 0 -0.36126 0.932465
437.100000000 -36.4582 17.7816 0 0 0 -0.358272 0.933617
437.200000000 -36.4231 17.7533 0 0 0 -0.352519 0.935805
437.300000000 -36.3889 17.7267 0 0 0 -0.346621 0.938005
437.400000000 -36.3557 17.7014 0 0 0 -0.340937 0.940086
437.500000000 -36.3235 17.6776 0 0 0 -0.335469 0.942051
437.600000000 -36.2924 17.6551 0 0 0 -0.330218 0.943905
437.700000000 -36.2624 17.6339 0 0 0 -0.325186 0.94565
437.800000000 -36.2336 17.614 0 0 0 -0.320374 0.947291
437.900000000 -36.2045 17.5943 0 0 0 -0.315553 0.948908
438.000000000 -36.1767 17.5759 0 0 0 -0.310955 0.950425
438.100000000 -36.15 17.5588 0 0 0 -0.306322 0.951928
438.200000000 -36.1246 17.5428 0 0 0 -0.301926 0.953331
438.300000000 -36.099 17.527 0 0 0 -0.297523 0.954715
438.400000000 -36.0747 17.5124 0 0 0 -0.29336 0.956002
438.500000000 -36.0503 17.4979 0 0 0 -0.289191 0.957272
438.600000000 -35.9852 17.4604 0 0 0 -0.27791 0.960607
438.700000000 -35.9618 17.4475 0 0 0 -0.273968 0.961739
438.800000000 -35.9398 17.4357 0 0 0 -0.270267 0.962785
438.900000000 -35.8733 17.4007 0 0 0 -0.258923 0.965898
439.000000000 -35.8061 17.3673 0 0 0 -0.247544 0.968877
439.100000000 -35.7381 17.3354 0 0 0 -0.23613 0.971722
439.200000000 -35.67 17.3039 0 0 0 -0.228339 0.973582
439.300000000 -35.6015 17.2732 0 0 0 -0.221099 0.975251
439.400000000 -35.5326 17.2436 0 0 0 -0.213847 0.976867
439.500000000 -35.4632 17.2149 0 0 0 -0.206584 0.978429
439.600000000 -35.3934 17.1873 0 0 0 -0.199308 0.979937
439.700000000 -35.3227 17.1622 0 0 0 -0.188266 0.982118
439.800000000 -35.2517 17.1379 0 0 0 -0.179287 0.983797
439.900000000 -35.1805 17.1142 0 0 0 -0.171973 0.985102
440.000000000 -35.1089 17.0916 0 0 0 -0.164649 0.986352
440.100000000 -35.037 17.0701 0 0 0 -0.157316 0.987548
440.200000000 -34.9774 17.0487 0 0 0 -0.161765 0.986829
440.300000000 -34.9354 17.0324 0 0 0 -0.166726 0.986003
440.400000000 -34.8952 17.0162 0 0 0 -0.171853 0.985123
440.500000000 -34.8567 17.0002 0 0 0 -0.176778 0.984251
440.600000000 -34.8198 16.9845 0 0 0 -0.181502 0.983391
440.700000000 -34.7847 16.9691 0 0 0 -0.186025 0.982545
440.800000000 -34.7512 16.954 0 0 0 -0.190348 0.981717
440.900000000 -34.7179 16.9387 0 0 0 -0.194667 0.980869
441.000000000 -34.6862 16.9238 0 0 0 -0.198786 0.980043
441.100000000 -34.6561 16.9093 0 0 0 -0.202706 0.97924
441.200000000 -34.6278 16.8951 0 0 0 -0.207208 0.978297
441.300000000 -34.6011 16.8813 0 0 0 -0.21147 0.977385
441.400000000 -34.5745 16.8673 0 0 0 -0.215727 0.976454
441.500000000 -34.5495 16.8539 0 0 0 -0.219744 0.975558
441.600000000 -34.5246 16.8403 0 0 0 -0.223758 0.974645
441.700000000 -34.5013 16.8273 0 0 0 -0.227531 0.973771
441.800000000 -34.4795 16.8149 0 0 0 -0.231066 0.972938
441.900000000 -34.4578 16.8023 0 0 0 -0.234598 0.972093
442.000000000 -34.4377 16.7905 0 0 0 -0.237891 0.971292
442.100000000 -34.4176 16.7785 0 0 0 -0.241182 0.97048
442.200000000 -34.3991 16.7673 0 0 0 -0.244235 0.969716
442.300000000 -34.3806 16.7559 0 0 0 -0.247286 0.968942
442.400000000 -34.3622 16.7444 0 0 0 -0.250335 0.968159
442.500000000 -34.3439 16.7328 0 0 0 -0.253381 0.967367
442.600000000 -34.327 16.722 0 0 0 -0.25619 0.966626
442.700000000 -34.3088 16.7102 0 0 0 -0.259231 0.965815
442.800000000 -34.2907 16.6982 0 0 0 -0.26227 0.964995
442.900000000 -34.2428 16.6609 0 0 0 -0.281346 0.959606
443.000000000 -34.1956 16.6214 0 0 0 -0.299919 0.953965
443.100000000 -34.15 16.5801 0 0 0 -0.31838 0.947963
443.200000000 -34.1068 16.5375 0 0 0 -0.337107 0.941466
443.300000000 -34.0653 16.4932 0 0 0 -0.355702 0.934599
443.400000000 -34.0242 16.4464 0 0 0 -0.373392 0.927673
443.500000000 -33.9848 16.398 0 0 0 -0.390948 0.920413
443.600000000 -33.9466 16.3477 0 0 0 -0.407982 0.91299
443.700000000 -33.9096 16.2955 0 0 0 -0.424494 0.905431
443.800000000 -33.8874 16.2524 0 0 0 -0.448049 0.894009
443.900000000 -33.8801 16.2197 0 0 0 -0.478573 0.878048
444.000000000 -33.8791 16.1906 0 0 0 -0.510939 0.859617
444.100000000 -33.8815 16.1632 0 0 0 -0.543426 0.839457
444.200000000 -33.8755 16.121 0 0 0 -0.567837 0.823141
444.300000000 -33.8633 16.0648 0 0 0 -0.585355 0.810777
444.400000000 -33.8447 15.9925 0 0 0 -0.595647 0.803246
444.500000000 -33.828 15.9198 0 0 0 -0.605842 0.795585
444.600000000 -33.8126 15.8463 0 0 0 -0.615158 0.788404
444.700000000 -33.7995 15.7775 0 0 0 -0.623143 0.782108
444.800000000 -33.7881 15.71 0 0 0 -0.630876 0.775884
444.900000000 -33.777 15.6357 0 0 0 -0.639172 0.769063
445.000000000 -33.7676 15.5613 0 0 0 -0.647395 0.762154
445.100000000 -33.7597 15.4866 0 0 0 -0.655544 0.755157
445.200000000 -33.7532 15.4118 0 0 0 -0.663223 0.748422
445.300000000 -33.748 15.3369 0 0 0 -0.670437 0.741967
445.400000000 -33.7443 15.262 0 0 0 -0.677587 0.735442
445.500000000 -33.7416 15.187 0 0 0 -0.683871 0.729603
445.600000000 -33.7404 15.1119 0 0 0 -0.690507 0.723326
445.700000000 -33.7401 15.0369 0 0 0 -0.696279 0.717772
445.800000000 -33.7412 14.9618 0 0 0 -0.70241 0.711772
445.900000000 -33.7432 14.8868 0 0 0 -0.707679 0.706534
446.000000000 -33.7466 14.8119 0 0 0 -0.713316 0.700843
446.100000000 -33.7508 14.7369 0 0 0 -0.718503 0.695524
446.200000000 -33.7563 14.6621 0 0 0 -0.72365 0.690167
446.300000000 -33.7628 14.5874 0 0 0 -0.728758 0.684771
446.400000000 -33.7704 14.5127 0 0 0 -0.733826 0.679338
446.500000000 -33.7791 14.4382 0 0 0 -0.738853 0.673867
446.600000000 -33.789 14.3638 0 0 0 -0.743839 0.668359
446.700000000 -33.7999 14.2896 0 0 0 -0.748784 0.662814
446.800000000 -33.8117 14.2155 0 0 0 -0.753298 0.65768
446.900000000 -33.8248 14.1416 0 0 0 -0.758163 0.652065
447.000000000 -33.8387 14.0678 0 0 0 -0.762603 0.646866
447.100000000 -33.8539 13.9944 0 0 0 -0.767388 0.641183
447.200000000 -33.8699 13.9211 0 0 0 -0.771754 0.635922
447.300000000 -33.8869 13.848 0 0 0 -0.776083 0.630631
447.400000000 -33.9049 13.7751 0 0 0 -0.780376 0.62531
447.500000000 -33.924 13.7026 0 0 0 -0.784633 0.619961
447.600000000 -33.944 13.6302 0 0 0 -0.788853 0.614582
447.700000000 -33.9652 13.5583 0 0 0 -0.793397 0.608704
447.800000000 -33.9872 13.4866 0 0 0 -0.79754 0.603266
447.900000000 -34.0103 13.4151 0 0 0 -0.801645 0.5978
448.000000000 -34.0345 13.3441 0 0 0 -0.806065 0.591827
448.100000000 -34.0593 13.2733 0 0 0 -0.809736 0.586795
448.200000000 -34.0851 13.2029 0 0 0 -0.813376 0.581739
448.300000000 -34.1116 13.1327 0 0 0 -0.816984 0.576661
448.400000000 -34.1391 13.0629 0 0 0 -0.82056 0.57156
448.500000000 -34.1674 12.9934 0 0 0 -0.824105 0.566438
448.600000000 -34.1964 12.9242 0 0 0 -0.827268 0.561807
448.700000000 -34.2264 12.8554 0 0 0 -0.830752 0.556643
448.800000000 -34.2535 12.7855 0 0 0 -0.828716 0.55967
448.900000000 -34.2799 12.7153 0 0 0 -0.826291 0.563243
449.000000000 -34.3058 12.6449 0 0 0 -0.823851 0.566806
449.100000000 -34.3309 12.5742 0 0 0 -0.821396 0.570358
449.200000000 -34.3529 12.5024 0 0 0 -0.814924 0.579568
449.300000000 -34.3731 12.4301 0 0 0 -0.80805 0.589113
449.400000000 -34.3915 12.3573 0 0 0 -0.801065 0.598578
449.500000000 -34.4082 12.2841 0 0 0 -0.793968 0.607959
449.600000000 -34.4232 12.2105 0 0 0 -0.786762 0.617256
449.700000000 -34.4365 12.1366 0 0 0 -0.779447 0.626468
449.800000000 -34.4481 12.0624 0 0 0 -0.772168 0.635418
449.900000000 -34.4576 11.9913 0 0 0 -0.765116 0.643892
450.000000000 -34.4653 11.9216 0 0 0 -0.758139 0.652093
450.100000000 -34.4712 11.8551 0 0 0 -0.751412 0.659833
450.200000000 -34.4766 11.7886 0 0 0 -0.746108 0.665825
450.300000000 -34.4809 11.7237 0 0 0 -0.74089 0.671626
450.400000000 -34.4841 11.6604 0 0 0 -0.735763 0.677239
450.500000000 -34.4862 11.6004 0 0 0 -0.730866 0.682521
450.600000000 -34.4873 11.542 0 0 0 -0.726069 0.687622
450.700000000 -34.4877 11.4853 0 0 0 -0.721375 0.692545
450.800000000 -34.4873 11.4303 0 0 0 -0.716787 0.697292
450.900000000 -34.4862 11.3769 0 0 0 -0.712308 0.701867
451.000000000 -34.4846 11.3269 0 0 0 -0.708083 0.706129
451.100000000 -34.4831 11.2769 0 0 0 -0.705281 0.708928
451.200000000 -34.4813 11.2286 0 0 0 -0.702563 0.711622
451.300000000 -34.4793 11.1819 0 0 0 -0.699928 0.714214
451.400000000 -34.4769 11.137 0 0 0 -0.697378 0.716703
451.500000000 -34.4744 11.0937 0 0 0 -0.694915 0.719092
451.600000000 -34.4716 11.0521 0 0 0 -0.692538 0.721381
451.700000000 -34.4687 11.0122 0 0 0 -0.690249 0.723571
451.800000000 -34.4657 10.974 0 0 0 -0.68805 0.725663
451.900000000 -34.4626 10.9374 0 0 0 -0.68594 0.727658
452.000000000 -34.4593 10.9009 0 0 0 -0.683824 0.729647
452.100000000 -34.4559 10.866 0 0 0 -0.681799 0.73154
452.200000000 -34.4527 10.8295 0 0 0 -0.680743 0.732523
452.300000000 -34.4495 10.793 0 0 0 -0.679685 0.733504
452.400000000 -34.4463 10.7581 0 0 0 -0.678674 0.734439
452.500000000 -34.4431 10.7249 0 0 0 -0.67771 0.735329
452.600000000 -34.4401 10.6934 0 0 0 -0.676793 0.736173
452.700000000 -34.4369 10.6619 0 0 0 -0.675876 0.737016
452.800000000 -34.4338 10.6321 0 0 0 -0.675005 0.737813
452.900000000 -34.4309 10.6039 0 0 0 -0.674182 0.738565
453.000000000 -34.4279 10.5757 0 0 0 -0.673358 0.739316
453.100000000 -34.425 10.5492 0 0 0 -0.672582 0.740023
453.200000000 -34.4222 10.5227 0 0 0 -0.672116 0.740445
453.300000000 -34.4195 10.4978 0 0 0 -0.67168 0.740842
453.400000000 -34.4168 10.4729 0 0 0 -0.671243 0.741237
453.500000000 -34.4143 10.4497 0 0 0 -0.670835 0.741607
453.600000000 -34.4118 10.4266 0 0 0 -0.670427 0.741975
453.700000000 -34.4094 10.405 0 0 0 -0.670048 0.742318
453.800000000 -34.407 10.3835 0 0 0 -0.669669 0.74266
453.900000000 -34.4047 10.3636 0 0 0 -0.669318 0.742976
454.000000000 -34.4019 10.3388 0 0 0 -0.66888 0.74337
454.100000000 -34.3992 10.3156 0 0 0 -0.668471 0.743738
454.200000000 -34.3965 10.2924 0 0 0 -0.668062 0.744106
454.300000000 -34.394 10.2709 0 0 0 -0.667681 0.744447
454.400000000 -34.3914 10.2494 0 0 0 -0.667301 0.744788
454.500000000 -34.388 10.2313 0 0 0 -0.664717 0.747095
454.600000000 -34.3729 10.1758 0 0 0 -0.648547 0.761175
454.700000000 -34.3554 10.1217 0 0 0 -0.631768 0.775158
454.800000000 -34.3355 10.0685 0 0 0 -0.614688 0.788771
454.900000000 -34.3133 10.0162 0 0 0 -0.597314 0.802007
455.000000000 -34.2889 9.96496 0 0 0 -0.579656 0.814861
455.100000000 -34.2622 9.91481 0 0 0 -0.561721 0.827327
455.200000000 -34.2318 9.85757 0 0 0 -0.546959 0.837159
455.300000000 -34.1993 9.80058 0 0 0 -0.532388 0.846501
455.400000000 -34.1648 9.74476 0 0 0 -0.517657 0.855588
455.500000000 -34.1284 9.69016 0 0 0 -0.50277 0.86442
455.600000000 -34.0901 9.63686 0 0 0 -0.487734 0.872993
455.700000000 -34.05 9.58491 0 0 0 -0.472551 0.881304
455.800000000 -34.0081 9.53438 0 0 0 -0.457226 0.88935
455.900000000 -33.9645 9.48533 0 0 0 -0.441765 0.897131
456.000000000 -33.9192 9.43783 0 0 0 -0.426171 0.904643
456.100000000 -33.8723 9.39191 0 0 0 -0.410449 0.911883
456.200000000 -33.8204 9.33776 0 0 0 -0.403663 0.914908
456.300000000 -33.7682 9.28388 0 0 0 -0.398526 0.917157
456.400000000 -33.7155 9.23042 0 0 0 -0.393962 0.919127
456.500000000 -33.6624 9.17748 0 0 0 -0.389388 0.921074
456.600000000 -33.6087 9.12508 0 0 0 -0.384804 0.922998
456.700000000 -33.5545 9.07321 0 0 0 -0.380211 0.9249
456.800000000 -33.4998 9.02188 0 0 0 -0.375608 0.926779
456.900000000 -33.4446 8.9711 0 0 0 -0.370996 0.928634
457.000000000 -33.3889 8.92087 0 0 0 -0.366375 0.930467
457.100000000 -33.3327 8.87119 0 0 0 -0.361745 0.932277
457.200000000 -33.2796 8.81809 0 0 0 -0.369729 0.92914
457.300000000 -33.228 8.76362 0 0 0 -0.379201 0.925314
457.400000000 -33.1776 8.70796 0 0 0 -0.389117 0.921188
457.500000000 -33.1284 8.65123 0 0 0 -0.398988 0.916956
457.600000000 -33.0805 8.59346 0 0 0 -0.408813 0.912618
457.700000000 -33.0338 8.53467 0 0 0 -0.418591 0.908175
457.800000000 -32.9884 8.47489 0 0 0 -0.428321 0.903627
457.900000000 -32.9442 8.41415 0 0 0 -0.438001 0.898974
458.000000000 -32.9014 8.35248 0 0 0 -0.447631 0.894218
458.100000000 -32.8599 8.2899 0 0 0 -0.457209 0.889359
458.200000000 -32.8229 8.22841 0 0 0 -0.469775 0.882786
458.300000000 -32.7883 8.16656 0 0 0 -0.482652 0.875812
458.400000000 -32.7556 8.10372 0 0 0 -0.495426 0.86865
458.500000000 -32.7246 8.03995 0 0 0 -0.508094 0.861302
458.600000000 -32.6956 7.9753 0 0 0 -0.520652 0.853769
458.700000000 -32.6685 7.90984 0 0 0 -0.533099 0.846053
458.800000000 -32.6433 7.8436 0 0 0 -0.545432 0.838155
458.900000000 -32.62 7.77665 0 0 0 -0.557647 0.830078
459.000000000 -32.5987 7.70906 0 0 0 -0.569743 0.821823
459.100000000 -32.5774 7.63757 0 0 0 -0.580177 0.814491
459.200000000 -32.5579 7.56556 0 0 0 -0.590516 0.807026
459.300000000 -32.5403 7.49307 0 0 0 -0.60076 0.79943
459.400000000 -32.5244 7.42016 0 0 0 -0.610905 0.791704
459.500000000 -32.5105 7.34687 0 0 0 -0.620952 0.783849
459.600000000 -32.4984 7.27325 0 0 0 -0.630897 0.775866
459.700000000 -32.4883 7.19934 0 0 0 -0.64074 0.767758
459.800000000 -32.48 7.1252 0 0 0 -0.650478 0.759525
459.900000000 -32.4736 7.05087 0 0 0 -0.660111 0.751168
460.000000000 -32.469 6.97641 0 0 0 -0.669637 0.742689
460.100000000 -32.4664 6.90185 0 0 0 -0.679053 0.734089
460.200000000 -32.4657 6.82725 0 0 0 -0.688359 0.72537
460.300000000 -32.4669 6.75265 0 0 0 -0.697553 0.716533
460.400000000 -32.47 6.67811 0 0 0 -0.706634 0.707579
460.500000000 -32.475 6.60368 0 0 0 -0.7156 0.69851
460.600000000 -32.485 6.54697 0 0 0 -0.730412 0.683007
460.700000000 -32.4994 6.50692 0 0 0 -0.750149 0.661269
460.800000000 -32.5175 6.48607 0 0 0 -0.77488 0.632109
460.900000000 -32.5369 6.4879 0 0 0 -0.8046 0.593818
461.000000000 -32.5558 6.49314 0 0 0 -0.832845 0.553506
461.100000000 -32.5742 6.50022 0 0 0 -0.859072 0.511854
461.200000000 -32.5917 6.50907 0 0 0 0.883218 -0.468962
461.300000000 -32.6083 6.5196 0 0 0 0.905225 -0.424934
461.400000000 -32.6238 6.53172 0 0 0 0.925038 -0.379876
461.500000000 -32.6381 6.5453 0 0 0 0.942609 -0.333897
461.600000000 -32.6509 6.56021 0 0 0 0.957898 -0.28711
461.700000000 -32.6622 6.57631 0 0 0 0.970865 -0.239627
461.800000000 -32.6718 6.59344 0 0 0 0.98148 -0.191564
461.900000000 -32.6798 6.61144 0 0 0 0.989717 -0.143036
462.000000000 -32.6859 6.63013 0 0 0 0.995557 -0.0941619
462.100000000 -32.6901 6.64933 0 0 0 0.998984 -0.0450597
462.200000000 -32.7163 6.66191 0 0 0 0.999969 -0.00782751
462.300000000 -32.7499 6.67463 0 0 0 0.99968 0.0252927
462.400000000 -32.7833 6.68941 0 0 0 0.998319 0.0579539
462.500000000 -32.8158 6.70634 0 0 0 0.995892 0.0905532
462.600000000 -32.8471 6.72536 0 0 0 0.9924 0.123056
462.700000000 -32.877 6.74638 0 0 0 0.987847 0.155427
462.800000000 -32.9056 6.76932 0 0 0 0.982239 0.187632
462.900000000 -32.9325 6.79407 0 0 0 0.975582 0.219636
463.000000000 -32.9578 6.82053 0 0 0 0.967882 0.251406
463.100000000 -32.9813 6.84858 0 0 0 0.959147 0.282907
463.200000000 -33.0184 6.88427 0 0 0 0.951896 0.306421
463.300000000 -33.069 6.92871 0 0 0 0.94673 0.322028
463.400000000 -33.1254 6.97829 0 0 0 0.94271 0.333613
463.500000000 -33.1807 7.02909 0 0 0 0.938721 0.344679
463.600000000 -33.2348 7.08117 0 0 0 0.934601 0.355697
463.700000000 -33.2877 7.13451 0 0 0 0.930353 0.366666
463.800000000 -33.3393 7.18908 0 0 0 0.925975 0.377584
463.900000000 -33.3895 7.24485 0 0 0 0.92147 0.38845
464.000000000 -33.4385 7.30179 0 0 0 0.916837 0.399262
464.100000000 -33.4861 7.35986 0 0 0 0.912077 0.410019
464.200000000 -33.5357 7.41616 0 0 0 0.911759 0.410725
464.300000000 -33.5854 7.47234 0 0 0 0.911759 0.410725
464.400000000 -33.6353 7.5283 0 0 0 0.912077 0.410019
464.500000000 -33.6853 7.58419 0 0 0 0.912394 0.409314
464.600000000 -33.7354 7.64001 0 0 0 0.91271 0.408608
464.700000000 -33.7856 7.69574 0 0 0 0.913026 0.407902
464.800000000 -33.8359 7.7514 0 0 0 0.913341 0.407196
464.900000000 -33.8862 7.80698 0 0 0 0.913655 0.40649
465.000000000 -33.9367 7.86248 0 0 0 0.913969 0.405783
465.100000000 -33.9872 7.9179 0 0 0 0.914283 0.405076
465.200000000 -34.038 7.97305 0 0 0 0.914899 0.403683
465.300000000 -34.089 8.02803 0 0 0 0.915513 0.402289
465.400000000 -34.1402 8.08287 0 0 0 0.916125 0.400893
465.500000000 -34.1915 8.13754 0 0 0 0.916734 0.399497
465.600000000 -34.2431 8.19206 0 0 0 0.917342 0.3981
465.700000000 -34.2947 8.24642 0 0 0 0.917947 0.396702
465.800000000 -34.3466 8.30063 0 0 0 0.918551 0.395303
465.900000000 -34.3986 8.35467 0 0 0 0.919152 0.393904
466.000000000 -34.4507 8.40856 0 0 0 0.919751 0.392503
466.100000000 -34.5031 8.46229 0 0 0 0.920348 0.391101
466.200000000 -34.5556 8.51586 0 0 0 0.920942 0.389699
466.300000000 -34.6082 8.56927 0 0 0 0.921535 0.388295
466.400000000 -34.661 8.62252 0 0 0 0.922125 0.386891
466.500000000 -34.714 8.6756 0 0 0 0.922714 0.385486
466.600000000 -34.7672 8.72853 0 0 0 0.9233 0.38408
466.700000000 -34.82 8.78172 0 0 0 0.9233 0.38408
466.800000000 -34.8729 8.83491 0 0 0 0.9233 0.38408
466.900000000 -34.9258 8.88811 0 0 0 0.9233 0.38408
467.000000000 -34.9786 8.9413 0 0 0 0.9233 0.38408
467.100000000 -35.0315 8.99449 0 0 0 0.9233 0.38408
467.200000000 -35.0862 9.04592 0 0 0 0.925675 0.37832
467.300000000 -35.1416 9.09648 0 0 0 0.928239 0.371983
467.400000000 -35.1977 9.14629 0 0 0 0.930761 0.365629
467.500000000 -35.2545 9.19532 0 0 0 0.933239 0.359257
467.600000000 -35.312 9.24357 0 0 0 0.935673 0.352869
467.700000000 -35.3701 9.29103 0 0 0 0.938063 0.346464
467.800000000 -35.4288 9.33769 0 0 0 0.94041 0.340043
467.900000000 -35.4882 9.38354 0 0 0 0.942713 0.333606
468.000000000 -35.5482 9.42858 0 0 0 0.944971 0.327153
468.100000000 -35.61 9.47122 0 0 0 0.948754 0.316015
468.200000000 -35.673 9.51223 0 0 0 0.952558 0.304358
468.300000000 -35.7369 9.55169 0 0 0 0.956218 0.292656
468.400000000 -35.8017 9.58957 0 0 0 0.959734 0.280909
468.500000000 -35.8675 9.62584 0 0 0 0.963107 0.26912
468.600000000 -35.9341 9.6605 0 0 0 0.966334 0.25729
468.700000000 -36.0015 9.69351 0 0 0 0.969416 0.245422
468.800000000 -36.0698 9.72485 0 0 0 0.972353 0.233517
468.900000000 -36.1388 9.75451 0 0 0 0.975143 0.221577
469.000000000 -36.2085 9.78248 0 0 0 0.977786 0.209604
469.100000000 -36.2788 9.80872 0 0 0 0.980283 0.197599
469.200000000 -36.3494 9.83285 0 0 0 0.982723 0.185082
469.300000000 -36.4206 9.85518 0 0 0 0.985003 0.172535
469.400000000 -36.4924 9.87568 0 0 0 0.987124 0.15996
469.500000000 -36.5646 9.89434 0 0 0 0.989083 0.147359
469.600000000 -36.6373 9.91116 0 0 0 0.990882 0.134734
469.700000000 -36.7104 9.92612 0 0 0 0.992519 0.122087
469.800000000 -36.7838 9.93921 0 0 0 0.993996 0.10942
469.900000000 -36.8576 9.95042 0 0 0 0.99531 0.0967354
470.000000000 -36.9316 9.95975 0 0 0 0.996463 0.084035
470.100000000 -37.0058 9.96718 0 0 0 0.997453 0.071321
470.200000000 -37.0806 9.97402 0 0 0 0.998097 0.0616625
470.300000000 -37.1554 9.97962 0 0 0 0.998619 0.0525429
470.400000000 -37.2304 9.98385 0 0 0 0.999057 0.043419
470.500000000 -37.3054 9.98672 0 0 0 0.999412 0.0342914
470.600000000 -37.3804 9.98821 0 0 0 0.999683 0.0251609
470.700000000 -37.4555 9.98833 0 0 0 0.999872 0.0160284
470.800000000 -37.5305 9.98708 0 0 0 0.999976 0.00689448
470.900000000 -37.6055 9.98446 0 0 0 0.999997 -0.00223998
471.000000000 -37.6805 9.98047 0 0 0 0.999935 -0.0113743
471.100000000 -37.7553 9.97512 0 0 0 0.99979 -0.0205076
471.200000000 -37.8301 9.96839 0 0 0 0.999561 -0.0296392
471.300000000 -37.9047 9.9603 0 0 0 0.999248 -0.0387683
471.400000000 -37.9791 9.95085 0 0 0 0.998852 -0.0478942
471.500000000 -38.0534 9.94004 0 0 0 0.998373 -0.0570161
471.600000000 -38.1275 9.92788 0 0 0 0.997811 -0.0661333
471.700000000 -38.1887 9.91224 0 0 0 0.99641 -0.0846612
471.800000000 -38.2328 9.89391 0 0 0 0.993809 -0.111106
471.900000000 -38.2587 9.87374 0 0 0 0.989327 -0.145713
472.000000000 -38.2609 9.85402 0 0 0 0.981641 -0.19074
472.100000000 -38.2541 9.83557 0 0 0 0.971066 -0.238812
472.200000000 -38.2439 9.81835 0 0 0 0.957917 -0.287047
472.300000000 -38.2321 9.80222 0 0 0 0.942373 -0.334564
472.400000000 -38.2187 9.78735 0 0 0 0.924474 -0.381245
472.500000000 -38.2039 9.7739 0 0 0 0.904265 -0.426973
472.600000000 -38.1879 9.76198 0 0 0 0.881795 -0.471633
472.700000000 -38.1707 9.75173 0 0 0 -0.857121 0.515115
472.800000000 -38.1526 9.74324 0 0 0 -0.830305 0.55731
472.900000000 -38.1338 9.7366 0 0 0 -0.801413 0.598111
473.000000000 -38.1143 9.73188 0 0 0 -0.770518 0.637418
473.100000000 -38.0945 9.72912 0 0 0 -0.737698 0.675131
473.200000000 -38.0816 9.70392 0 0 0 -0.7117 0.702483
473.300000000 -38.0694 9.66785 0 0 0 -0.688977 0.724783
473.400000000 -38.0551 9.63091 0 0 0 -0.66618 0.745791
473.500000000 -38.0386 9.59493 0 0 0 -0.642742 0.766082
473.600000000 -38.0198 9.56004 0 0 0 -0.618687 0.785637
473.700000000 -37.999 9.52639 0 0 0 -0.594038 0.804437
473.800000000 -37.976 9.49408 0 0 0 -0.568817 0.822464
473.900000000 -37.9512 9.46327 0 0 0 -0.54305 0.8397
474.000000000 -37.9244 9.43405 0 0 0 -0.516761 0.85613
474.100000000 -37.896 9.40654 0 0 0 -0.489975 0.871737
474.200000000 -37.8602 9.36544 0 0 0 -0.469768 0.88279
474.300000000 -37.8159 9.31013 0 0 0 -0.45679 0.889574
474.400000000 -37.7692 9.25133 0 0 0 -0.448646 0.89371
474.500000000 -37.7217 9.19326 0 0 0 -0.440963 0.897525
474.600000000 -37.6731 9.13602 0 0 0 -0.433248 0.901275
474.700000000 -37.6236 9.07961 0 0 0 -0.425501 0.904958
474.800000000 -37.5732 9.02406 0 0 0 -0.417722 0.908575
474.900000000 -37.5217 8.96939 0 0 0 -0.409913 0.912125
475.000000000 -37.4694 8.91561 0 0 0 -0.402074 0.915607
475.100000000 -37.4161 8.86273 0 0 0 -0.394205 0.919022
475.200000000 -37.3659 8.80702 0 0 0 -0.398769 0.917051
475.300000000 -37.3197 8.74969 0 0 0 -0.410872 0.911693
475.400000000 -37.275 8.69115 0 0 0 -0.422902 0.906175
475.500000000 -37.2319 8.63145 0 0 0 -0.434859 0.900499
475.600000000 -37.1896 8.56998 0 0 0 -0.446307 0.89488
475.700000000 -37.1489 8.50746 0 0 0 -0.457683 0.889116
475.800000000 -37.1105 8.4446 0 0 0 -0.46941 0.88298
475.900000000 -37.0738 8.38075 0 0 0 -0.481056 0.87669
476.000000000 -37.0388 8.31594 0 0 0 -0.492617 0.870246
476.100000000 -37.0055 8.25023 0 0 0 -0.504092 0.86365
476.200000000 -36.9734 8.18292 0 0 0 -0.515065 0.857151
476.300000000 -36.9436 8.11557 0 0 0 -0.526364 0.850259
476.400000000 -36.9156 8.04746 0 0 0 -0.537572 0.843218
476.500000000 -36.8894 7.97863 0 0 0 -0.548685 0.836029
476.600000000 -36.865 7.90913 0 0 0 -0.559703 0.828694
476.700000000 -36.8425 7.83901 0 0 0 -0.570622 0.821213
476.800000000 -36.8213 7.76748 0 0 0 -0.581048 0.81387
476.900000000 -36.8029 7.69712 0 0 0 -0.592152 0.805826
477.000000000 -36.786 7.62544 0 0 0 -0.602766 0.797918
477.100000000 -36.7703 7.55201 0 0 0 -0.612505 0.790467
477.200000000 -36.7563 7.47822 0 0 0 -0.622151 0.782897
477.300000000 -36.7453 7.40636 0 0 0 -0.632827 0.774293
477.400000000 -36.7358 7.33331 0 0 0 -0.64302 0.765849
477.500000000 -36.7283 7.26005 0 0 0 -0.6531 0.757272
477.600000000 -36.7287 7.20325 0 0 0 -0.669483 0.742827
477.700000000 -36.7364 7.16212 0 0 0 -0.691296 0.722571
477.800000000 -36.7509 7.13955 0 0 0 -0.718766 0.695252
477.900000000 -36.7703 7.13808 0 0 0 -0.751612 0.659606
478.000000000 -36.7899 7.14006 0 0 0 -0.783158 0.621822
478.100000000 -36.8092 7.14396 0 0 0 -0.812807 0.582532
478.200000000 -36.828 7.14973 0 0 0 -0.840487 0.541831
478.300000000 -36.8461 7.15732 0 0 0 0.866131 -0.499817
478.400000000 -36.8634 7.16665 0 0 0 0.889676 -0.456592
478.500000000 -36.8797 7.17764 0 0 0 0.911066 -0.412261
478.600000000 -36.8949 7.19019 0 0 0 0.930248 -0.366931
478.700000000 -36.9087 7.20416 0 0 0 0.947177 -0.320712
478.800000000 -36.9211 7.21942 0 0 0 0.961811 -0.273716
478.900000000 -36.932 7.23583 0 0 0 0.974114 -0.226056
479.000000000 -36.9412 7.25322 0 0 0 0.984058 -0.17785
479.100000000 -36.9486 7.27144 0 0 0 0.991617 -0.129212
479.200000000 -36.9542 7.29029 0 0 0 0.996774 -0.080261
479.300000000 -36.9579 7.3096 0 0 0 0.999516 -0.0311157
479.400000000 -36.9597 7.32919 0 0 0 0.999836 0.018105
479.500000000 -36.9596 7.34886 0 0 0 0.997734 0.0672818
479.600000000 -36.9575 7.36842 0 0 0 0.993215 0.116296
479.700000000 -36.9535 7.38768 0 0 0 0.986289 0.165028
479.800000000 -36.9477 7.40645 0 0 0 0.976974 0.21336
479.900000000 -36.94 7.42456 0 0 0 0.965291 0.261175
480.000000000 -36.9306 7.44183 0 0 0 0.95127 0.308358
480.100000000 -36.9195 7.45809 0 0 0 0.934945 0.354793
480.200000000 -36.9069 7.47318 0 0 0 0.916354 0.400369
480.300000000 -36.8929 7.48696 0 0 0 0.895543 0.444975
480.400000000 -36.8775 7.4993 0 0 0 0.872562 0.488503
480.500000000 -36.8611 7.51007 0 0 0 0.847468 0.530847
480.600000000 -36.8437 7.51917 0 0 0 0.82032 0.571905
480.700000000 -36.8254 7.52651 0 0 0 0.791185 0.611577
480.800000000 -36.8065 7.53202 0 0 0 0.760132 0.649768
480.900000000 -36.7872 7.53565 0 0 0 0.727238 0.686385
481.000000000 -36.7676 7.53736 0 0 0 0.692583 0.721338
481.100000000 -36.7479 7.53714 0 0 0 0.656249 0.754544
481.200000000 -36.7297 7.55979 0 0 0 0.627695 0.778459
481.300000000 -36.7096 7.59896 0 0 0 0.605211 0.796065
481.400000000 -36.6864 7.64664 0 0 0 0.586078 0.810254
481.500000000 -36.661 7.69398 0 0 0 0.566937 0.823761
481.600000000 -36.6333 7.74007 0 0 0 0.547485 0.836815
481.700000000 -36.6034 7.7856 0 0 0 0.528068 0.849202
481.800000000 -36.5711 7.8305 0 0 0 0.508711 0.860937
481.900000000 -36.5369 7.87389 0 0 0 0.489093 0.872231
482.000000000 -36.5007 7.91569 0 0 0 0.469225 0.883079
482.100000000 -36.4624 7.95656 0 0 0 0.449471 0.893295
482.200000000 -36.4168 8.00727 0 0 0 0.435122 0.900372
482.300000000 -36.3692 8.05731 0 0 0 0.421066 0.90703
482.400000000 -36.32 8.10584 0 0 0 0.406908 0.913469
482.500000000 -36.2694 8.15282 0 0 0 0.392652 0.919687
482.600000000 -36.2173 8.19821 0 0 0 0.378301 0.925683
482.700000000 -36.1639 8.24195 0 0 0 0.363859 0.931454
482.800000000 -36.1091 8.28401 0 0 0 0.349328 0.937
482.900000000 -36.053 8.32435 0 0 0 0.334713 0.94232
483.000000000 -35.9957 8.36292 0 0 0 0.320017 0.947412
483.100000000 -35.9372 8.39969 0 0 0 0.305243 0.952274
483.200000000 -35.8776 8.43462 0 0 0 0.290396 0.956907
483.300000000 -35.817 8.46769 0 0 0 0.275479 0.961307
483.400000000 -35.7553 8.49885 0 0 0 0.260494 0.965475
483.500000000 -35.6927 8.52808 0 0 0 0.245447 0.96941
483.600000000 -35.6263 8.55775 0 0 0 0.232132 0.972684
483.700000000 -35.5584 8.5862 0 0 0 0.219238 0.975671
483.800000000 -35.4898 8.61284 0 0 0 0.206305 0.978488
483.900000000 -35.4206 8.63759 0 0 0 0.19337 0.981126
484.000000000 -35.354 8.65947 0 0 0 0.180993 0.983484
484.100000000 -35.2884 8.67918 0 0 0 0.168882 0.985636
484.200000000 -35.2225 8.69749 0 0 0 0.15734 0.987544
484.300000000 -35.1577 8.71386 0 0 0 0.14606 0.989276
484.400000000 -35.0943 8.72837 0 0 0 0.135043 0.99084
484.500000000 -35.0338 8.74079 0 0 0 0.124576 0.99221
484.600000000 -34.9604 8.75425 0 0 0 0.111913 0.993718
484.700000000 -34.8867 8.76583 0 0 0 0.0992317 0.995064
484.800000000 -34.8127 8.77553 0 0 0 0.0865343 0.996249
484.900000000 -34.7385 8.78334 0 0 0 0.0738228 0.997271
485.000000000 -34.6642 8.78925 0 0 0 0.0610993 0.998132
485.100000000 -34.5897 8.79327 0 0 0 0.0483659 0.99883
485.200000000 -34.5147 8.79665 0 0 0 0.0386951 0.999251
485.300000000 -34.4397 8.79881 0 0 0 0.0295659 0.999563
485.400000000 -34.3646 8.79959 0 0 0 0.0204343 0.999791
485.500000000 -34.2896 8.79901 0 0 0 0.011301 0.999936
485.600000000 -34.2145 8.79705 0 0 0 0.0021667 0.999998
485.700000000 -34.1395 8.79372 0 0 0 -0.00696776 0.999976
485.800000000 -34.0646 8.78902 0 0 0 -0.0161016 0.99987
485.900000000 -33.9898 8.78296 0 0 0 -0.0252342 0.999682
486.000000000 -33.9151 8.77552 0 0 0 -0.0343646 0.999409
486.100000000 -33.8406 8.76673 0 0 0 -0.0434922 0.999054
486.200000000 -33.7659 8.76052 0 0 0 -0.0427196 0.999087
486.300000000 -33.6911 8.7549 0 0 0 -0.0407563 0.999169
486.400000000 -33.6162 8.74959 0 0 0 -0.0387537 0.999249
486.500000000 -33.5414 8.74457 0 0 0 -0.0367901 0.999323
486.600000000 -33.4666 8.73981 0 0 0 -0.034905 0.999391
486.700000000 -33.3917 8.73529 0 0 0 -0.0330983 0.999452
486.800000000 -33.3168 8.73104 0 0 0 -0.0313307 0.999509
486.900000000 -33.2452 8.72722 0 0 0 -0.0296417 0.999561
487.000000000 -33.1753 8.72374 0 0 0 -0.0279918 0.999608
487.100000000 -33.1087 8.72063 0 0 0 -0.0264204 0.999651
487.200000000 -33.0438 8.71781 0 0 0 -0.0248883 0.99969
487.300000000 -32.9805 8.71526 0 0 0 -0.0233953 0.999726
487.400000000 -32.9189 8.71295 0 0 0 -0.0219416 0.999759
487.500000000 -32.8606 8.71094 0 0 0 -0.0205665 0.999788
487.600000000 -32.8039 8.70915 0 0 0 -0.0192306 0.999815
487.700000000 -32.749 8.70755 0 0 0 -0.0179339 0.999839
487.800000000 -32.6956 8.70614 0 0 0 -0.0166766 0.999861
487.900000000 -32.644 8.7049 0 0 0 -0.0154584 0.999881
488.000000000 -32.5957 8.70387 0 0 0 -0.0143189 0.999897
488.100000000 -32.5207 8.70111 0 0 0 -0.0158422 0.999875
488.200000000 -32.4458 8.69783 0 0 0 -0.0180936 0.999836
488.300000000 -32.3709 8.69422 0 0 0 -0.0203449 0.999793
488.400000000 -32.296 8.69027 0 0 0 -0.0225962 0.999745
488.500000000 -32.2211 8.68598 0 0 0 -0.0248473 0.999691
488.600000000 -32.1462 8.68135 0 0 0 -0.0270983 0.999633
488.700000000 -32.0714 8.67639 0 0 0 -0.0293491 0.999569
488.800000000 -31.9966 8.67109 0 0 0 -0.0315998 0.999501
488.900000000 -31.9218 8.66546 0 0 0 -0.0338504 0.999427
489.000000000 -31.847 8.65948 0 0 0 -0.0361007 0.999348
489.100000000 -31.7723 8.65317 0 0 0 -0.0383509 0.999264
489.200000000 -31.6976 8.64653 0 0 0 -0.0406009 0.999175
489.300000000 -31.6229 8.63954 0 0 0 -0.0428507 0.999081
489.400000000 -31.5483 8.63223 0 0 0 -0.0451003 0.998982
489.500000000 -31.4736 8.62457 0 0 0 -0.0473496 0.998878
489.600000000 -31.4039 8.61883 0 0 0 -0.04515 0.99898
489.700000000 -31.3374 8.61386 0 0 0 -0.0425291 0.999095
489.800000000 -31.2725 8.60935 0 0 0 -0.0399735 0.999201
489.900000000 -31.2093 8.60529 0 0 0 -0.0374831 0.999297
490.000000000 -31.1494 8.60174 0 0 0 -0.0351236 0.999383
490.100000000 -31.0912 8.59837 0 0 0 -0.0332897 0.999446
490.200000000 -31.0346 8.59531 0 0 0 -0.031508 0.999503
490.300000000 -30.9797 8.59254 0 0 0 -0.0297787 0.999557
490.400000000 -30.9281 8.59011 0 0 0 -0.0281541 0.999604
490.500000000 -30.8781 8.58793 0 0 0 -0.0265818 0.999647
490.600000000 -30.8298 8.58597 0 0 0 -0.0250619 0.999686
490.700000000 -30.7832 8.58421 0 0 0 -0.0235943 0.999722
490.800000000 -30.7382 8.58266 0 0 0 -0.0221791 0.999754
490.900000000 -30.6949 8.58128 0 0 0 -0.0208163 0.999783
491.000000000 -30.6516 8.58002 0 0 0 -0.0194534 0.999811
491.100000000 -30.6099 8.57892 0 0 0 -0.0181429 0.999835
491.200000000 -30.5699 8.57785 0 0 0 -0.0171999 0.999852
491.300000000 -30.5316 8.57689 0 0 0 -0.0162961 0.999867
491.400000000 -30.4949 8.57604 0 0 0 -0.0154316 0.999881
491.500000000 -30.4599 8.57529 0 0 0 -0.0146065 0.999893
491.600000000 -30.4249 8.5746 0 0 0 -0.0137813 0.999905
491.700000000 -30.3916 8.574 0 0 0 -0.0129954 0.999916
491.800000000 -30.36 8.57347 0 0 0 -0.0122487 0.999925
491.900000000 -30.3266 8.57297 0 0 0 -0.0114628 0.999934
492.000000000 -30.2933 8.57252 0 0 0 -0.0106769 0.999943
492.100000000 -30.2616 8.57214 0 0 0 -0.00993024 0.999951
492.200000000 -30.23 8.57211 0 0 0 -0.00843361 0.999964
492.300000000 -30.195 8.57218 0 0 0 -0.00677942 0.999977
492.400000000 -30.1616 8.57236 0 0 0 -0.00520398 0.999986
492.500000000 -30.1299 8.57263 0 0 0 -0.00370731 0.999993
492.600000000 -30.0966 8.57301 0 0 0 -0.00213185 0.999998
492.700000000 -30.0649 8.57348 0 0 0 -0.000635162 1
492.800000000 -30.0333 8.57404 0 0 0 0.000861528 1
492.900000000 -30.0016 8.57469 0 0 0 0.00235822 0.999997
493.000000000 -29.9683 8.57548 0 0 0 0.00393367 0.999992
493.100000000 -29.935 8.57637 0 0 0 0.00550912 0.999985
493.200000000 -29.9016 8.57716 0 0 0 0.00655768 0.999978
493.300000000 -29.87 8.57797 0 0 0 0.0075538 0.999971
493.400000000 -29.8383 8.57885 0 0 0 0.00854992 0.999963
493.500000000 -29.8033 8.57988 0 0 0 0.00965088 0.999953
493.600000000 -29.77 8.58095 0 0 0 0.0106994 0.999943
493.700000000 -29.7384 8.58202 0 0 0 0.0116955 0.999932
493.800000000 -29.7067 8.58316 0 0 0 0.0126916 0.999919
493.900000000 -29.6751 8.58436 0 0 0 0.0136876 0.999906
494.000000000 -29.6434 8.58563 0 0 0 0.0146837 0.999892
494.100000000 -29.6134 8.58689 0 0 0 0.0156273 0.999878
494.200000000 -29.5801 8.58814 0 0 0 0.016151 0.99987
494.300000000 -29.5485 8.58936 0 0 0 0.0166485 0.999861
494.400000000 -29.5168 8.59061 0 0 0 0.017146 0.999853
494.500000000 -29.4869 8.59183 0 0 0 0.0176173 0.999845
494.600000000 -29.4586 8.59301 0 0 0 0.0180625 0.999837
494.700000000 -29.4303 8.59421 0 0 0 0.0185076 0.999829
494.800000000 -29.4036 8.59536 0 0 0 0.0189266 0.999821
494.900000000 -29.377 8.59654 0 0 0 0.0193455 0.999813
495.000000000 -29.352 8.59766 0 0 0 0.0197382 0.999805
495.100000000 -29.327 8.59881 0 0 0 0.020131 0.999797
495.200000000 -29.3037 8.59989 0 0 0 0.0204976 0.99979
495.300000000 -29.2804 8.601 0 0 0 0.0208641 0.999782
495.400000000 -29.2588 8.60204 0 0 0 0.0212045 0.999775
495.500000000 -29.2371 8.60309 0 0 0 0.0215449 0.999768
495.600000000 -29.2171 8.60408 0 0 0 0.0218591 0.999761
495.700000000 -29.1972 8.60508 0 0 0 0.0221732 0.999754
495.800000000 -29.1772 8.60609 0 0 0 0.0224874 0.999747
495.900000000 -29.1539 8.60729 0 0 0 0.022854 0.999739
496.000000000 -29.1323 8.60841 0 0 0 0.0231943 0.999731
496.100000000 -29.109 8.60964 0 0 0 0.0235609 0.999722
496.200000000 -29.0873 8.61046 0 0 0 0.0230501 0.999734
496.300000000 -29.064 8.61131 0 0 0 0.0225001 0.999747
496.400000000 -29.0423 8.61208 0 0 0 0.0219893 0.999758
496.500000000 -29.0207 8.61283 0 0 0 0.0214786 0.999769
496.600000000 -29.0007 8.6135 0 0 0 0.0210071 0.999779
496.700000000 -28.979 8.61421 0 0 0 0.0204963 0.99979
496.800000000 -28.959 8.61484 0 0 0 0.0200248 0.999799
496.900000000 -28.939 8.61545 0 0 0 0.0195533 0.999809
497.000000000 -28.9157 8.61614 0 0 0 0.0190032 0.999819
497.100000000 -28.8941 8.61676 0 0 0 0.0184924 0.999829
497.200000000 -28.8724 8.61736 0 0 0 0.0179816 0.999838
497.300000000 -28.8524 8.61789 0 0 0 0.0175101 0.999847
497.400000000 -28.8258 8.61857 0 0 0 0.0168814 0.999857
497.500000000 -28.7924 8.61938 0 0 0 0.0160955 0.99987
497.600000000 -28.7591 8.62014 0 0 0 0.0153097 0.999883
497.700000000 -28.7258 8.62085 0 0 0 0.0145238 0.999895
497.800000000 -28.6941 8.62147 0 0 0 0.0137772 0.999905
497.900000000 -28.6641 8.62201 0 0 0 0.0130698 0.999915
498.000000000 -28.6308 8.62257 0 0 0 0.0122839 0.999925
498.100000000 -28.5991 8.62305 0 0 0 0.0115373 0.999933
498.200000000 -28.5675 8.62358 0 0 0 0.0110398 0.999939
498.300000000 -28.5358 8.62408 0 0 0 0.0105422 0.999944
498.400000000 -28.5025 8.62457 0 0 0 0.0100185 0.99995
498.500000000 -28.4708 8.62501 0 0 0 0.0095209 0.999955
498.600000000 -28.4375 8.62544 0 0 0 0.00899715 0.99996
498.700000000 -28.4058 8.62581 0 0 0 0.00849959 0.999964
498.800000000 -28.3741 8.62615 0 0 0 0.00800202 0.999968
498.900000000 -28.3408 8.62647 0 0 0 0.00747826 0.999972
499.000000000 -28.3091 8.62674 0 0 0 0.00698069 0.999976
499.100000000 -28.2758 8.627 0 0 0 0.00645694 0.999979
499.200000000 -28.2425 8.62733 0 0 0 0.00619512 0.999981
499.300000000 -28.2091 8.62763 0 0 0 0.0059333 0.999982
499.400000000 -28.1775 8.62791 0 0 0 0.00568458 0.999984
499.500000000 -28.1425 8.6282 0 0 0 0.00540967 0.999985
499.600000000 -28.1091 8.62845 0 0 0 0.00514785 0.999987
499.700000000 -28.0758 8.62869 0 0 0 0.00488604 0.999988
499.800000000 -28.0441 8.6289 0 0 0 0.00463731 0.999989
499.900000000 -28.0125 8.6291 0 0 0 0.00438858 0.99999
500.000000000 -27.9791 8.62928 0 0 0 0.00412676 0.999991
500.100000000 -27.9458 8.62946 0 0 0 0.00386494 0.999993
500.200000000 -27.9125 8.62961 0 0 0 0.00360312 0.999994
500.300000000 -27.8791 8.62974 0 0 0 0.0033413 0.999994
500.400000000 -27.8475 8.62986 0 0 0 0.00309258 0.999995
500.500000000 -27.8125 8.62996 0 0 0 0.00281767 0.999996
500.600000000 -27.7791 8.63005 0 0 0 0.00255585 0.999997
500.700000000 -27.7475 8.63011 0 0 0 0.00230712 0.999997
500.800000000 -27.7141 8.63016 0 0 0 0.0020453 0.999998
500.900000000 -27.6825 8.63019 0 0 0 0.00179657 0.999998
501.000000000 -27.6508 8.6302 0 0 0 0.00154784 0.999999
501.100000000 -27.6158 8.6302 0 0 0 0.00127293 0.999999
501.200000000 -27.5825 8.63018 0 0 0 0.0010111 0.999999
501.300000000 -27.5491 8.63014 0 0 0 0.000749284 1
501.400000000 -27.5175 8.63009 0 0 0 0.000500554 1
501.500000000 -27.4841 8.63002 0 0 0 0.000238733 1
501.600000000 -27.4525 8.62993 0 0 0 -9.9966e-06 1
501.700000000 -27.4225 8.62984 0 0 0 -0.000245635 1
501.800000000 -27.3891 8.62972 0 0 0 -0.000507456 1
501.900000000 -27.3558 8.62958 0 0 0 -0.000769277 1
502.000000000 -27.3241 8.62943 0 0 0 -0.00101801 0.999999
502.100000000 -27.2891 8.62925 0 0 0 -0.00129292 0.999999
502.200000000 -27.2558 8.62916 0 0 0 -0.00129292 0.999999
502.300000000 -27.2225 8.62908 0 0 0 -0.00129292 0.999999
502.400000000 -27.1891 8.62899 0 0 0 -0.00129292 0.999999
502.500000000 -27.1558 8.62891 0 0 0 -0.00129292 0.999999
502.600000000 -27.1241 8.62882 0 0 0 -0.00129292 0.999999
502.700000000 -27.0891 8.62873 0 0 0 -0.00129292 0.999999
502.800000000 -27.0558 8.62865 0 0 0 -0.00129292 0.999999
502.900000000 -27.0242 8.62857 0 0 0 -0.00129292 0.999999
503.000000000 -26.9925 8.62848 0 0 0 -0.00129292 0.999999
503.100000000 -26.9608 8.6284 0 0 0 -0.00129292 0.999999
503.200000000 -26.9275 8.62832 0 0 0 -0.00129292 0.999999
503.300000000 -26.8958 8.62823 0 0 0 -0.00129292 0.999999
503.400000000 -26.8625 8.62815 0 0 0 -0.00129292 0.999999
503.500000000 -26.8292 8.62806 0 0 0 -0.00129292 0.999999
503.600000000 -26.7975 8.62798 0 0 0 -0.00129292 0.999999
503.700000000 -26.7625 8.62789 0 0 0 -0.00129292 0.999999
503.800000000 -26.7292 8.6278 0 0 0 -0.00129292 0.999999
503.900000000 -26.6975 8.62772 0 0 0 -0.00129292 0.999999
504.000000000 -26.6642 8.62763 0 0 0 -0.00129292 0.999999
504.100000000 -26.6308 8.62755 0 0 0 -0.00129292 0.999999
504.200000000 -26.5992 8.62747 0 0 0 -0.00129292 0.999999
504.300000000 -26.5692 8.62739 0 0 0 -0.00129292 0.999999
504.400000000 -26.5358 8.6273 0 0 0 -0.00129292 0.999999
504.500000000 -26.5042 8.62722 0 0 0 -0.00129292 0.999999
504.600000000 -26.4725 8.62714 0 0 0 -0.00129292 0.999999
504.700000000 -26.4408 8.62706 0 0 0 -0.00129292 0.999999
504.800000000 -26.4075 8.62697 0 0 0 -0.00129292 0.999999
504.900000000 -26.3742 8.62688 0 0 0 -0.00129292 0.999999
505.000000000 -26.3408 8.6268 0 0 0 -0.00129292 0.999999
505.100000000 -26.3075 8.62671 0 0 0 -0.00129292 0.999999
505.200000000 -26.2758 8.62663 0 0 0 -0.00129292 0.999999
505.300000000 -26.2442 8.62655 0 0 0 -0.00129292 0.999999
505.400000000 -26.2108 8.62646 0 0 0 -0.00129292 0.999999
505.500000000 -26.1775 8.62638 0 0 0 -0.00129292 0.999999
505.600000000 -26.1442 8.62629 0 0 0 -0.00129292 0.999999
505.700000000 -26.1108 8.6262 0 0 0 -0.00129292 0.999999
505.800000000 -26.0792 8.62612 0 0 0 -0.00129292 0.999999
505.900000000 -26.0475 8.62604 0 0 0 -0.00129292 0.999999
506.000000000 -26.0142 8.62595 0 0 0 -0.00129292 0.999999
506.100000000 -25.9808 8.62587 0 0 0 -0.00129292 0.999999
506.200000000 -25.9475 8.62578 0 0 0 -0.00129292 0.999999
506.300000000 -25.9158 8.6257 0 0 0 -0.00129292 0.999999
506.400000000 -25.8842 8.62562 0 0 0 -0.00129292 0.999999
506.500000000 -25.8508 8.62553 0 0 0 -0.00129292 0.999999
506.600000000 -25.8175 8.62545 0 0 0 -0.00129292 0.999999
506.700000000 -25.7858 8.62536 0 0 0 -0.00129292 0.999999
506.800000000 -25.7542 8.62528 0 0 0 -0.00129292 0.999999
506.900000000 -25.7225 8.6252 0 0 0 -0.00129292 0.999999
507.000000000 -25.6892 8.62511 0 0 0 -0.00129292 0.999999
507.100000000 -25.6558 8.62503 0 0 0 -0.00129292 0.999999
507.200000000 -25.6225 8.62494 0 0 0 -0.00129292 0.999999
507.300000000 -25.5908 8.62486 0 0 0 -0.00129292 0.999999
507.400000000 -25.5592 8.62478 0 0 0 -0.00129292 0.999999
507.500000000 -25.5242 8.62469 0 0 0 -0.00129292 0.999999
507.600000000 -25.4908 8.6246 0 0 0 -0.00129292 0.999999
507.700000000 -25.4575 8.62451 0 0 0 -0.00129292 0.999999
507.800000000 -25.4242 8.62443 0 0 0 -0.00129292 0.999999
507.900000000 -25.3925 8.62435 0 0 0 -0.00129292 0.999999
508.000000000 -25.3608 8.62426 0 0 0 -0.00129292 0.999999
508.100000000 -25.3275 8.62418 0 0 0 -0.00129292 0.999999
508.200000000 -25.2942 8.62409 0 0 0 -0.00129292 0.999999
508.300000000 -25.2608 8.62401 0 0 0 -0.00129292 0.999999
508.400000000 -25.2292 8.62392 0 0 0 -0.00129292 0.999999
508.500000000 -25.1942 8.62383 0 0 0 -0.00129292 0.999999
508.600000000 -25.1608 8.62375 0 0 0 -0.00129292 0.999999
508.700000000 -25.1292 8.62367 0 0 0 -0.00129292 0.999999
508.800000000 -25.0958 8.62358 0 0 0 -0.00129292 0.999999
508.900000000 -25.0642 8.6235 0 0 0 -0.00129292 0.999999
509.000000000 -25.0325 8.62342 0 0 0 -0.00129292 0.999999
509.100000000 -24.9975 8.62332 0 0 0 -0.00129292 0.999999
509.200000000 -24.9642 8.62324 0 0 0 -0.00129292 0.999999
509.300000000 -24.9325 8.62316 0 0 0 -0.00129292 0.999999
509.400000000 -24.9008 8.62307 0 0 0 -0.00129292 0.999999
509.500000000 -24.8692 8.62299 0 0 0 -0.00129292 0.999999
509.600000000 -24.8358 8.62291 0 0 0 -0.00129292 0.999999
509.700000000 -24.8025 8.62282 0 0 0 -0.00129292 0.999999
509.800000000 -24.7692 8.62273 0 0 0 -0.00129292 0.999999
509.900000000 -24.7375 8.62265 0 0 0 -0.00129292 0.999999
510.000000000 -24.7058 8.62257 0 0 0 -0.00129292 0.999999
510.100000000 -24.6708 8.62248 0 0 0 -0.00129292 0.999999
510.200000000 -24.6375 8.62239 0 0 0 -0.00129292 0.999999
510.300000000 -24.6058 8.62231 0 0 0 -0.00129292 0.999999
510.400000000 -24.5725 8.62223 0 0 0 -0.00129292 0.999999
510.500000000 -24.5392 8.62214 0 0 0 -0.00129292 0.999999
510.600000000 -24.5075 8.62206 0 0 0 -0.00129292 0.999999
510.700000000 -24.4725 8.62197 0 0 0 -0.00129292 0.999999
510.800000000 -24.4392 8.62188 0 0 0 -0.00129292 0.999999
510.900000000 -24.4075 8.6218 0 0 0 -0.00129292 0.999999
511.000000000 -24.3775 8.62172 0 0 0 -0.00129292 0.999999
511.100000000 -24.3475 8.62164 0 0 0 -0.00129292 0.999999
511.200000000 -24.3142 8.62156 0 0 0 -0.00129292 0.999999
511.300000000 -24.2808 8.62147 0 0 0 -0.00129292 0.999999
511.400000000 -24.2475 8.62139 0 0 0 -0.00129292 0.999999
511.500000000 -24.2142 8.6213 0 0 0 -0.00129292 0.999999
511.600000000 -24.1825 8.62122 0 0 0 -0.00129292 0.999999
511.700000000 -24.1508 8.62114 0 0 0 -0.00129292 0.999999
511.800000000 -24.1175 8.62105 0 0 0 -0.00129292 0.999999
511.900000000 -24.0842 8.62096 0 0 0 -0.00129292 0.999999
512.000000000 -24.0508 8.62088 0 0 0 -0.00129292 0.999999
512.100000000 -24.0175 8.62079 0 0 0 -0.00129292 0.999999
512.200000000 -23.9858 8.62071 0 0 0 -0.00129292 0.999999
512.300000000 -23.9542 8.62063 0 0 0 -0.00129292 0.999999
512.400000000 -23.9208 8.62054 0 0 0 -0.00129292 0.999999
512.500000000 -23.8892 8.62046 0 0 0 -0.00129292 0.999999
512.600000000 -23.8558 8.62037 0 0 0 -0.00129292 0.999999
512.700000000 -23.8242 8.62029 0 0 0 -0.00129292 0.999999
512.800000000 -23.7925 8.62021 0 0 0 -0.00129292 0.999999
512.900000000 -23.7608 8.62013 0 0 0 -0.00129292 0.999999
513.000000000 -23.7275 8.62004 0 0 0 -0.00129292 0.999999
513.100000000 -23.6958 8.61996 0 0 0 -0.00129292 0.999999
513.200000000 -23.6642 8.61988 0 0 0 -0.00129292 0.999999
513.300000000 -23.6342 8.6198 0 0 0 -0.00129292 0.999999
513.400000000 -23.6058 8.61973 0 0 0 -0.00129292 0.999999
513.500000000 -23.5775 8.61965 0 0 0 -0.00129292 0.999999
513.600000000 -23.5508 8.61958 0 0 0 -0.00129292 0.999999
513.700000000 -23.5258 8.61952 0 0 0 -0.00129292 0.999999
513.800000000 -23.4992 8.61945 0 0 0 -0.00129292 0.999999
513.900000000 -23.4725 8.61938 0 0 0 -0.00129292 0.999999
514.000000000 -23.4458 8.61931 0 0 0 -0.00129292 0.999999
514.100000000 -23.4192 8.61924 0 0 0 -0.00129292 0.999999
514.200000000 -23.3925 8.61917 0 0 0 -0.00129292 0.999999
514.300000000 -23.3675 8.61911 0 0 0 -0.00129292 0.999999
514.400000000 -23.3408 8.61904 0 0 0 -0.00129292 0.999999
514.500000000 -23.3142 8.61897 0 0 0 -0.00129292 0.999999
514.600000000 -23.2875 8.6189 0 0 0 -0.00129292 0.999999
514.700000000 -23.2608 8.61883 0 0 0 -0.00129292 0.999999
514.800000000 -23.2358 8.61877 0 0 0 -0.00129292 0.999999
514.900000000 -23.2075 8.6187 0 0 0 -0.00129292 0.999999
515.000000000 -23.1808 8.61863 0 0 0 -0.00129292 0.999999
515.100000000 -23.1542 8.61856 0 0 0 -0.00129292 0.999999
515.200000000 -23.1292 8.61849 0 0 0 -0.00129292 0.999999
515.300000000 -23.1042 8.61843 0 0 0 -0.00129292 0.999999
515.400000000 -23.0775 8.61836 0 0 0 -0.00129292 0.999999
515.500000000 -23.0508 8.61829 0 0 0 -0.00129292 0.999999
515.600000000 -23.0258 8.61823 0 0 0 -0.00129292 0.999999
515.700000000 -23.0008 8.61816 0 0 0 -0.00129292 0.999999
515.800000000 -22.9758 8.6181 0 0 0 -0.00129292 0.999999
515.900000000 -22.9492 8.61803 0 0 0 -0.00129292 0.999999
516.000000000 -22.9225 8.61796 0 0 0 -0.00129292 0.999999
516.100000000 -22.8958 8.61789 0 0 0 -0.00129292 0.999999
516.200000000 -22.8692 8.61782 0 0 0 -0.00129292 0.999999
516.300000000 -22.8442 8.61776 0 0 0 -0.00129292 0.999999
516.400000000 -22.7875 8.61761 0 0 0 -0.00129292 0.999999
516.500000000 -22.7308 8.61746 0 0 0 -0.00129292 0.999999
516.600000000 -22.6758 8.61732 0 0 0 -0.00129292 0.999999
516.700000000 -22.6192 8.61717 0 0 0 -0.00129292 0.999999
516.800000000 -22.5642 8.61703 0 0 0 -0.00129292 0.999999
516.900000000 -22.5108 8.61689 0 0 0 -0.00129292 0.999999
517.000000000 -22.4558 8.61675 0 0 0 -0.00129292 0.999999
517.100000000 -22.4008 8.61661 0 0 0 -0.00129292 0.999999
517.200000000 -22.3475 8.61647 0 0 0 -0.00129292 0.999999
517.300000000 -22.2958 8.61634 0 0 0 -0.00129292 0.999999
517.400000000 -22.2458 8.61621 0 0 0 -0.00129292 0.999999
517.500000000 -22.1975 8.61608 0 0 0 -0.00129292 0.999999
517.600000000 -22.1508 8.61596 0 0 0 -0.00129292 0.999999
517.700000000 -22.1058 8.61585 0 0 0 -0.00129292 0.999999
517.800000000 -22.0625 8.61574 0 0 0 -0.00129292 0.999999
517.900000000 -22.0208 8.61563 0 0 0 -0.00129292 0.999999
518.000000000 -21.9808 8.61552 0 0 0 -0.00129292 0.999999
518.100000000 -21.9408 8.61542 0 0 0 -0.00129292 0.999999
518.200000000 -21.9025 8.61532 0 0 0 -0.00129292 0.999999
518.300000000 -21.8658 8.61523 0 0 0 -0.00129292 0.999999
518.400000000 -21.8308 8.61514 0 0 0 -0.00129292 0.999999
518.500000000 -21.7975 8.61505 0 0 0 -0.00129292 0.999999
518.600000000 -21.7642 8.61496 0 0 0 -0.00129292 0.999999
518.700000000 -21.7308 8.61488 0 0 0 -0.00129292 0.999999
518.800000000 -21.6992 8.6148 0 0 0 -0.00129292 0.999999
518.900000000 -21.6642 8.61471 0 0 0 -0.00129292 0.999999
519.000000000 -21.6308 8.61462 0 0 0 -0.00129292 0.999999
519.100000000 -21.5975 8.61453 0 0 0 -0.00129292 0.999999
519.200000000 -21.5658 8.61445 0 0 0 -0.00129292 0.999999
519.300000000 -21.5342 8.61437 0 0 0 -0.00129292 0.999999
519.400000000 -21.5008 8.61428 0 0 0 -0.00129292 0.999999
519.500000000 -21.4675 8.6142 0 0 0 -0.00129292 0.999999
519.600000000 -21.4342 8.61411 0 0 0 -0.00129292 0.999999
519.700000000 -21.4008 8.61402 0 0 0 -0.00129292 0.999999
519.800000000 -21.3692 8.61394 0 0 0 -0.00129292 0.999999
519.900000000 -21.3342 8.61385 0 0 0 -0.00129292 0.999999
520.000000000 -21.3008 8.61377 0 0 0 -0.00129292 0.999999
520.100000000 -21.2675 8.61368 0 0 0 -0.00129292 0.999999
520.200000000 -21.2342 8.61359 0 0 0 -0.00129292 0.999999
520.300000000 -21.2025 8.61351 0 0 0 -0.00129292 0.999999
520.400000000 -21.1708 8.61343 0 0 0 -0.00129292 0.999999
520.500000000 -21.1408 8.61335 0 0 0 -0.00129292 0.999999
520.600000000 -21.1075 8.61327 0 0 0 -0.00129292 0.999999
520.700000000 -21.0742 8.61318 0 0 0 -0.00129292 0.999999
520.800000000 -21.0425 8.6131 0 0 0 -0.00129292 0.999999
520.900000000 -21.0092 8.61301 0 0 0 -0.00129292 0.999999
521.000000000 -20.9775 8.61293 0 0 0 -0.00129292 0.999999
521.100000000 -20.9475 8.61285 0 0 0 -0.00129292 0.999999
521.200000000 -20.9142 8.61277 0 0 0 -0.00129292 0.999999
521.300000000 -20.8808 8.61268 0 0 0 -0.00129292 0.999999
521.400000000 -20.8492 8.6126 0 0 0 -0.00129292 0.999999
521.500000000 -20.8142 8.61251 0 0 0 -0.00129292 0.999999
521.600000000 -20.7808 8.61242 0 0 0 -0.00129292 0.999999
521.700000000 -20.7475 8.61233 0 0 0 -0.00129292 0.999999
521.800000000 -20.7142 8.61225 0 0 0 -0.00129292 0.999999
521.900000000 -20.6808 8.61216 0 0 0 -0.00129292 0.999999
522.000000000 -20.6492 8.61208 0 0 0 -0.00129292 0.999999
522.100000000 -20.6142 8.61199 0 0 0 -0.00129292 0.999999
522.200000000 -20.5808 8.6119 0 0 0 -0.00129292 0.999999
522.300000000 -20.5475 8.61182 0 0 0 -0.00129292 0.999999
522.400000000 -20.5158 8.61174 0 0 0 -0.00129292 0.999999
522.500000000 -20.4808 8.61165 0 0 0 -0.00129292 0.999999
522.600000000 -20.4475 8.61156 0 0 0 -0.00129292 0.999999
522.700000000 -20.4158 8.61148 0 0 0 -0.00129292 0.999999
522.800000000 -20.3825 8.61139 0 0 0 -0.00129292 0.999999
522.900000000 -20.3508 8.61131 0 0 0 -0.00129292 0.999999
523.000000000 -20.3192 8.61123 0 0 0 -0.00129292 0.999999
523.100000000 -20.2875 8.61115 0 0 0 -0.00129292 0.999999
523.200000000 -20.2542 8.61106 0 0 0 -0.00129292 0.999999
523.300000000 -20.2208 8.61097 0 0 0 -0.00129292 0.999999
523.400000000 -20.1875 8.61089 0 0 0 -0.00129292 0.999999
523.500000000 -20.1542 8.6108 0 0 0 -0.00129292 0.999999
523.600000000 -20.1225 8.61072 0 0 0 -0.00129292 0.999999
523.700000000 -20.0658 8.61057 0 0 0 -0.00129292 0.999999
523.800000000 -20.0108 8.61043 0 0 0 -0.00129292 0.999999
523.900000000 -19.9542 8.61028 0 0 0 -0.00129292 0.999999
524.000000000 -19.8992 8.61014 0 0 0 -0.00129292 0.999999
524.100000000 -19.8425 8.60999 0 0 0 -0.00129292 0.999999
524.200000000 -19.7875 8.60985 0 0 0 -0.00129292 0.999999
524.300000000 -19.7358 8.60972 0 0 0 -0.00129292 0.999999
524.400000000 -19.6808 8.60958 0 0 0 -0.00129292 0.999999
524.500000000 -19.6275 8.60944 0 0 0 -0.00129292 0.999999
524.600000000 -19.5725 8.6093 0 0 0 -0.00129292 0.999999
524.700000000 -19.5192 8.60916 0 0 0 -0.00129292 0.999999
524.800000000 -19.4642 8.60902 0 0 0 -0.00129292 0.999999
524.900000000 -19.4108 8.60888 0 0 0 -0.00129292 0.999999
525.000000000 -19.3542 8.60873 0 0 0 -0.00129292 0.999999
525.100000000 -19.2992 8.60859 0 0 0 -0.00129292 0.999999
525.200000000 -19.2458 8.60845 0 0 0 -0.00129292 0.999999
525.300000000 -19.1942 8.60832 0 0 0 -0.00129292 0.999999
525.400000000 -19.1392 8.60818 0 0 0 -0.00129292 0.999999
525.500000000 -19.0825 8.60803 0 0 0 -0.00129292 0.999999
525.600000000 -19.0275 8.60789 0 0 0 -0.00129292 0.999999
525.700000000 -18.9758 8.60775 0 0 0 -0.00129292 0.999999
525.800000000 -18.9208 8.60761 0 0 0 -0.00129292 0.999999
525.900000000 -18.8642 8.60746 0 0 0 -0.00129292 0.999999
526.000000000 -18.8092 8.60732 0 0 0 -0.00129292 0.999999
526.100000000 -18.7558 8.60718 0 0 0 -0.00129292 0.999999
526.200000000 -18.7008 8.60704 0 0 0 -0.00129292 0.999999
526.300000000 -18.6475 8.6069 0 0 0 -0.00129292 0.999999
526.400000000 -18.5908 8.60676 0 0 0 -0.00129292 0.999999
526.500000000 -18.5358 8.60662 0 0 0 -0.00129292 0.999999
526.600000000 -18.4825 8.60648 0 0 0 -0.00129292 0.999999
526.700000000 -18.4258 8.60633 0 0 0 -0.00129292 0.999999
526.800000000 -18.3708 8.60619 0 0 0 -0.00129292 0.999999
526.900000000 -18.3175 8.60605 0 0 0 -0.00129292 0.999999
527.000000000 -18.2608 8.6059 0 0 0 -0.00129292 0.999999
527.100000000 -18.2058 8.60576 0 0 0 -0.00129292 0.999999
527.200000000 -18.1525 8.60562 0 0 0 -0.00129292 0.999999
527.300000000 -18.1008 8.60549 0 0 0 -0.00129292 0.999999
527.400000000 -18.0458 8.60535 0 0 0 -0.00129292 0.999999
527.500000000 -17.9925 8.60521 0 0 0 -0.00129292 0.999999
527.600000000 -17.9375 8.60507 0 0 0 -0.00129292 0.999999
527.700000000 -17.8808 8.60492 0 0 0 -0.00129292 0.999999
527.800000000 -17.8275 8.60478 0 0 0 -0.00129292 0.999999
527.900000000 -17.7725 8.60464 0 0 0 -0.00129292 0.999999
528.000000000 -17.7192 8.6045 0 0 0 -0.00129292 0.999999
528.100000000 -17.6625 8.60436 0 0 0 -0.00129292 0.999999
528.200000000 -17.6075 8.60422 0 0 0 -0.00129292 0.999999
528.300000000 -17.5542 8.60408 0 0 0 -0.00129292 0.999999
528.400000000 -17.4975 8.60393 0 0 0 -0.00129292 0.999999
528.500000000 -17.4442 8.60379 0 0 0 -0.00129292 0.999999
528.600000000 -17.3892 8.60365 0 0 0 -0.00129292 0.999999
528.700000000 -17.3325 8.6035 0 0 0 -0.00129292 0.999999
528.800000000 -17.2775 8.60336 0 0 0 -0.00129292 0.999999
528.900000000 -17.2208 8.60322 0 0 0 -0.00129292 0.999999
529.000000000 -17.1658 8.60307 0 0 0 -0.00129292 0.999999
529.100000000 -17.1108 8.60293 0 0 0 -0.00129292 0.999999
529.200000000 -17.0575 8.60279 0 0 0 -0.00129292 0.999999
529.300000000 -17.0059 8.60266 0 0 0 -0.00129292 0.999999
529.400000000 -16.9509 8.60252 0 0 0 -0.00129292 0.999999
529.500000000 -16.8975 8.60238 0 0 0 -0.00129292 0.999999
529.600000000 -16.8425 8.60224 0 0 0 -0.00129292 0.999999
529.700000000 -16.7859 8.60209 0 0 0 -0.00129292 0.999999
529.800000000 -16.7325 8.60195 0 0 0 -0.00129292 0.999999
529.900000000 -16.6775 8.60181 0 0 0 -0.00129292 0.999999
530.000000000 -16.6242 8.60167 0 0 0 -0.00129292 0.999999
530.100000000 -16.5675 8.60153 0 0 0 -0.00129292 0.999999
530.200000000 -16.5125 8.60138 0 0 0 -0.00129292 0.999999
530.300000000 -16.4559 8.60124 0 0 0 -0.00129292 0.999999
530.400000000 -16.4025 8.6011 0 0 0 -0.00129292 0.999999
530.500000000 -16.3475 8.60096 0 0 0 -0.00129292 0.999999
530.600000000 -16.2942 8.60082 0 0 0 -0.00129292 0.999999
530.700000000 -16.2425 8.60069 0 0 0 -0.00129292 0.999999
530.800000000 -16.1875 8.60054 0 0 0 -0.00129292 0.999999
530.900000000 -16.1342 8.60041 0 0 0 -0.00129292 0.999999
531.000000000 -16.0792 8.60026 0 0 0 -0.00129292 0.999999
531.100000000 -16.0225 8.60012 0 0 0 -0.00129292 0.999999
531.200000000 -15.9692 8.59998 0 0 0 -0.00129292 0.999999
531.300000000 -15.9142 8.59984 0 0 0 -0.00129292 0.999999
531.400000000 -15.8609 8.5997 0 0 0 -0.00129292 0.999999
531.500000000 -15.8042 8.59955 0 0 0 -0.00129292 0.999999
531.600000000 -15.7492 8.59941 0 0 0 -0.00129292 0.999999
531.700000000 -15.6925 8.59926 0 0 0 -0.00129292 0.999999
531.800000000 -15.6392 8.59913 0 0 0 -0.00129292 0.999999
531.900000000 -15.5842 8.59898 0 0 0 -0.00129292 0.999999
532.000000000 -15.5309 8.59885 0 0 0 -0.00129292 0.999999
532.100000000 -15.4792 8.59871 0 0 0 -0.00129292 0.999999
532.200000000 -15.4242 8.59857 0 0 0 -0.00129292 0.999999
532.300000000 -15.3675 8.59842 0 0 0 -0.00129292 0.999999
532.400000000 -15.3125 8.59828 0 0 0 -0.00129292 0.999999
532.500000000 -15.2575 8.59814 0 0 0 -0.00129292 0.999999
532.600000000 -15.2042 8.598 0 0 0 -0.00129292 0.999999
532.700000000 -15.1475 8.59785 0 0 0 -0.00129292 0.999999
532.800000000 -15.0925 8.59771 0 0 0 -0.00129292 0.999999
532.900000000 -15.0359 8.59757 0 0 0 -0.00129292 0.999999
533.000000000 -14.9809 8.59742 0 0 0 -0.00129292 0.999999
533.100000000 -14.9275 8.59729 0 0 0 -0.00129292 0.999999
533.200000000 -14.8725 8.59714 0 0 0 -0.00129292 0.999999
533.300000000 -14.8175 8.597 0 0 0 -0.00129292 0.999999
533.400000000 -14.7642 8.59686 0 0 0 -0.00129292 0.999999
533.500000000 -14.7075 8.59672 0 0 0 -0.00129292 0.999999
533.600000000 -14.6525 8.59657 0 0 0 -0.00129292 0.999999
533.700000000 -14.5992 8.59644 0 0 0 -0.00129292 0.999999
533.800000000 -14.5442 8.59629 0 0 0 -0.00129292 0.999999
533.900000000 -14.4892 8.59615 0 0 0 -0.00129292 0.999999
534.000000000 -14.4359 8.59601 0 0 0 -0.00129292 0.999999
534.100000000 -14.3842 8.59588 0 0 0 -0.00129292 0.999999
534.200000000 -14.3292 8.59574 0 0 0 -0.00129292 0.999999
534.300000000 -14.2759 8.5956 0 0 0 -0.00129292 0.999999
534.400000000 -14.2209 8.59546 0 0 0 -0.00129292 0.999999
534.500000000 -14.1642 8.59531 0 0 0 -0.00129292 0.999999
534.600000000 -14.1109 8.59517 0 0 0 -0.00129292 0.999999
534.700000000 -14.0559 8.59503 0 0 0 -0.00129292 0.999999
534.800000000 -14.0025 8.59489 0 0 0 -0.00129292 0.999999
534.900000000 -13.9509 8.59476 0 0 0 -0.00129292 0.999999
535.000000000 -13.8959 8.59462 0 0 0 -0.00129292 0.999999
535.100000000 -13.8392 8.59447 0 0 0 -0.00129292 0.999999
535.200000000 -13.7842 8.59433 0 0 0 -0.00129292 0.999999
535.300000000 -13.7292 8.59419 0 0 0 -0.00129292 0.999999
535.400000000 -13.6759 8.59405 0 0 0 -0.00129292 0.999999
535.500000000 -13.6242 8.59392 0 0 0 -0.00129292 0.999999
535.600000000 -13.5692 8.59377 0 0 0 -0.00129292 0.999999
535.700000000 -13.5159 8.59364 0 0 0 -0.00129292 0.999999
535.800000000 -13.4609 8.59349 0 0 0 -0.00129292 0.999999
535.900000000 -13.4075 8.59335 0 0 0 -0.00129292 0.999999
536.000000000 -13.3525 8.59321 0 0 0 -0.00129292 0.999999
536.100000000 -13.2959 8.59307 0 0 0 -0.00129292 0.999999
536.200000000 -13.2409 8.59292 0 0 0 -0.00129292 0.999999
536.300000000 -13.1842 8.59278 0 0 0 -0.00129292 0.999999
536.400000000 -13.1292 8.59264 0 0 0 -0.00129292 0.999999
536.500000000 -13.0759 8.5925 0 0 0 -0.00129292 0.999999
536.600000000 -13.0209 8.59236 0 0 0 -0.00129292 0.999999
536.700000000 -12.9692 8.59222 0 0 0 -0.00129292 0.999999
536.800000000 -12.9142 8.59208 0 0 0 -0.00129292 0.999999
536.900000000 -12.8575 8.59193 0 0 0 -0.00129292 0.999999
537.000000000 -12.8025 8.59179 0 0 0 -0.00129292 0.999999
537.100000000 -12.7459 8.59164 0 0 0 -0.00129292 0.999999
537.200000000 -12.6909 8.5915 0 0 0 -0.00129292 0.999999
537.300000000 -12.6359 8.59136 0 0 0 -0.00129292 0.999999
537.400000000 -12.5825 8.59122 0 0 0 -0.00129292 0.999999
537.500000000 -12.5259 8.59108 0 0 0 -0.00129292 0.999999
537.600000000 -12.4709 8.59093 0 0 0 -0.00129292 0.999999
537.700000000 -12.4142 8.59079 0 0 0 -0.00129292 0.999999
537.800000000 -12.3592 8.59064 0 0 0 -0.00129292 0.999999
537.900000000 -12.3042 8.5905 0 0 0 -0.00129292 0.999999
538.000000000 -12.2509 8.59036 0 0 0 -0.00129292 0.999999
538.100000000 -12.1992 8.59023 0 0 0 -0.00129292 0.999999
538.200000000 -12.1242 8.58683 0 0 0 -0.0093028 0.999957
538.300000000 -12.0493 8.58201 0 0 0 -0.0178801 0.99984
538.400000000 -11.9746 8.57568 0 0 0 -0.0270122 0.999635
538.500000000 -11.8999 8.56798 0 0 0 -0.0361422 0.999347
538.600000000 -11.8254 8.55892 0 0 0 -0.0452691 0.998975
538.700000000 -11.7511 8.5485 0 0 0 -0.0543922 0.99852
538.800000000 -11.6769 8.53673 0 0 0 -0.0635108 0.997981
538.900000000 -11.603 8.5236 0 0 0 -0.0726241 0.997359
539.000000000 -11.5294 8.50912 0 0 0 -0.0817314 0.996654
539.100000000 -11.456 8.4933 0 0 0 -0.0908318 0.995866
539.200000000 -11.3931 8.47469 0 0 0 -0.108055 0.994145
539.300000000 -11.3317 8.45393 0 0 0 -0.12567 0.992072
539.400000000 -11.2711 8.431 0 0 0 -0.143245 0.989687
539.500000000 -11.2114 8.40594 0 0 0 -0.160776 0.986991
539.600000000 -11.1525 8.37877 0 0 0 -0.178256 0.983984
539.700000000 -11.0947 8.34954 0 0 0 -0.195679 0.980668
539.800000000 -11.038 8.31827 0 0 0 -0.213042 0.977043
539.900000000 -10.9824 8.28501 0 0 0 -0.230337 0.973111
540.000000000 -10.928 8.2498 0 0 0 -0.24756 0.968873
540.100000000 -10.8749 8.21268 0 0 0 -0.264705 0.96433
540.200000000 -10.8144 8.17063 0 0 0 -0.277445 0.960742
540.300000000 -10.7542 8.12664 0 0 0 -0.289674 0.957125
540.400000000 -10.6951 8.08112 0 0 0 -0.301856 0.953354
540.500000000 -10.6371 8.03411 0 0 0 -0.313989 0.949427
540.600000000 -10.5804 7.98564 0 0 0 -0.326071 0.945345
540.700000000 -10.525 7.93574 0 0 0 -0.338099 0.94111
540.800000000 -10.4708 7.88444 0 0 0 -0.350073 0.936722
540.900000000 -10.418 7.83177 0 0 0 -0.36199 0.932182
541.000000000 -10.3665 7.77778 0 0 0 -0.373848 0.92749
541.100000000 -10.3135 7.72472 0 0 0 -0.377229 0.92612
541.200000000 -10.2604 7.67167 0 0 0 -0.379313 0.925268
541.300000000 -10.2076 7.61839 0 0 0 -0.381396 0.924412
541.400000000 -10.1551 7.56487 0 0 0 -0.383477 0.923551
541.500000000 -10.1028 7.51111 0 0 0 -0.385555 0.922685
541.600000000 -10.0507 7.45711 0 0 0 -0.387632 0.921814
541.700000000 -9.99892 7.40289 0 0 0 -0.389707 0.920939
541.800000000 -9.94735 7.34843 0 0 0 -0.391779 0.920059
541.900000000 -9.89602 7.29373 0 0 0 -0.39385 0.919175
542.000000000 -9.84494 7.23881 0 0 0 -0.395919 0.918286
542.100000000 -9.79411 7.18366 0 0 0 -0.397986 0.917392
542.200000000 -9.74265 7.12911 0 0 0 -0.397276 0.917699
542.300000000 -9.69109 7.07463 0 0 0 -0.396566 0.918006
542.400000000 -9.63946 7.02023 0 0 0 -0.395856 0.918313
542.500000000 -9.58774 6.96592 0 0 0 -0.395146 0.918618
542.600000000 -9.53594 6.91168 0 0 0 -0.394435 0.918924
542.700000000 -9.48405 6.85753 0 0 0 -0.393725 0.919228
542.800000000 -9.43208 6.80345 0 0 0 -0.393014 0.919533
542.900000000 -9.38002 6.74946 0 0 0 -0.392303 0.919836
543.000000000 -9.32789 6.69555 0 0 0 -0.391591 0.920139
543.100000000 -9.27567 6.64171 0 0 0 -0.390879 0.920442
543.200000000 -9.22336 6.58796 0 0 0 -0.390168 0.920744
543.300000000 -9.17097 6.53429 0 0 0 -0.389455 0.921045
543.400000000 -9.1185 6.4807 0 0 0 -0.388743 0.921346
543.500000000 -9.06595 6.42719 0 0 0 -0.38803 0.921647
543.600000000 -9.01331 6.37376 0 0 0 -0.387318 0.921946
543.700000000 -8.9606 6.32042 0 0 0 -0.386604 0.922246
543.800000000 -8.90779 6.26715 0 0 0 -0.385891 0.922544
543.900000000 -8.85491 6.21397 0 0 0 -0.385178 0.922842
544.000000000 -8.79894 6.16464 0 0 0 -0.373378 0.927679
544.100000000 -8.75194 6.13139 0 0 0 -0.353402 0.935471
544.200000000 -8.70555 6.10277 0 0 0 -0.331764 0.943362
544.300000000 -8.65841 6.07695 0 0 0 -0.309575 0.950875
544.400000000 -8.61011 6.05336 0 0 0 -0.287216 0.957866
544.500000000 -8.56077 6.03206 0 0 0 -0.264699 0.964331
544.600000000 -8.51047 6.0131 0 0 0 -0.242037 0.970267
544.700000000 -8.45935 5.99651 0 0 0 -0.219242 0.97567
544.800000000 -8.4075 5.98233 0 0 0 -0.196327 0.980539
544.900000000 -8.35505 5.9706 0 0 0 -0.173304 0.984868
545.000000000 -8.30211 5.96134 0 0 0 -0.150186 0.988658
545.100000000 -8.24592 5.95301 0 0 0 -0.128558 0.991702
545.200000000 -8.18942 5.94715 0 0 0 -0.106868 0.994273
545.300000000 -8.13272 5.94375 0 0 0 -0.0851278 0.99637
545.400000000 -8.07593 5.94284 0 0 0 -0.0633467 0.997992
545.500000000 -8.01915 5.94441 0 0 0 -0.0415354 0.999137
545.600000000 -7.96328 5.94868 0 0 0 -0.0193062 0.999814
545.700000000 -7.90765 5.95543 0 0 0 0.00293257 0.999996
545.800000000 -7.85238 5.96465 0 0 0 0.0251699 0.999683
545.900000000 -7.79677 5.97619 0 0 0 0.046997 0.998895
546.000000000 -7.74171 5.99016 0 0 0 0.0688017 0.99763
546.100000000 -7.68732 6.00651 0 0 0 0.0905735 0.99589
546.200000000 -7.62428 6.02283 0 0 0 0.10222 0.994762
546.300000000 -7.55096 6.03861 0 0 0 0.103548 0.994624
546.400000000 -7.47717 6.05211 0 0 0 0.0986025 0.995127
546.500000000 -7.40324 6.06488 0 0 0 0.0936543 0.995605
546.600000000 -7.3292 6.07691 0 0 0 0.0887038 0.996058
546.700000000 -7.25504 6.0882 0 0 0 0.0837511 0.996487
546.800000000 -7.18077 6.09876 0 0 0 0.0787963 0.996891
546.900000000 -7.1064 6.10858 0 0 0 0.0738396 0.99727
547.000000000 -7.03197 6.11791 0 0 0 0.0695325 0.99758
547.100000000 -6.95746 6.1266 0 0 0 0.0652241 0.997871
547.200000000 -6.88288 6.13465 0 0 0 0.0609145 0.998143
547.300000000 -6.80823 6.14206 0 0 0 0.0566038 0.998397
547.400000000 -6.73353 6.14882 0 0 0 0.052292 0.998632
547.500000000 -6.65879 6.1552 0 0 0 0.0486486 0.998816
547.600000000 -6.58401 6.16104 0 0 0 0.0450047 0.998987
547.700000000 -6.51314 6.16155 0 0 0 0.0303705 0.999539
547.800000000 -6.44758 6.15861 0 0 0 0.0130658 0.999915
547.900000000 -6.38216 6.15339 0 0 0 -0.00424277 0.999991
548.000000000 -6.33329 6.14282 0 0 0 -0.0296312 0.999561
548.100000000 -6.30171 6.12751 0 0 0 -0.0631529 0.998004
548.200000000 -6.29232 6.10869 0 0 0 -0.106762 0.994285
548.300000000 -6.29593 6.08936 0 0 0 -0.155558 0.987827
548.400000000 -6.30142 6.07047 0 0 0 -0.203977 0.978976
548.500000000 -6.30874 6.05222 0 0 0 -0.251902 0.967753
548.600000000 -6.31782 6.03477 0 0 0 -0.299217 0.954185
548.700000000 -6.32857 6.0183 0 0 0 -0.345807 0.938306
548.800000000 -6.34089 6.00297 0 0 0 -0.391559 0.920153
548.900000000 -6.35465 5.98892 0 0 0 -0.436363 0.899771
549.000000000 -6.36973 5.9763 0 0 0 -0.480109 0.877209
549.100000000 -6.38598 5.96522 0 0 0 -0.522692 0.852522
549.200000000 -6.39787 5.94892 0 0 0 -0.560537 0.828129
549.300000000 -6.41117 5.93376 0 0 0 -0.597246 0.802058
549.400000000 -6.42579 5.91985 0 0 0 -0.632744 0.774361
549.500000000 -6.44159 5.90732 0 0 0 -0.66696 0.745094
549.600000000 -6.45846 5.89626 0 0 0 -0.699823 0.714316
549.700000000 -6.47626 5.88676 0 0 0 -0.731267 0.682091
549.800000000 -6.49484 5.8789 0 0 0 -0.76123 0.648483
549.900000000 -6.51405 5.87274 0 0 0 -0.789648 0.61356
550.000000000 -6.53374 5.86834 0 0 0 -0.816467 0.577393
550.100000000 -6.55374 5.86572 0 0 0 -0.841629 0.540055
550.200000000 -6.57902 5.84361 0 0 0 -0.85973 0.510749
550.300000000 -6.61086 5.80702 0 0 0 0.872804 -0.48807
550.400000000 -6.65032 5.75668 0 0 0 0.881524 -0.47214
550.500000000 -6.69293 5.70455 0 0 0 0.889167 -0.457584
550.600000000 -6.7376 5.65301 0 0 0 0.896373 -0.4433
550.700000000 -6.7839 5.60294 0 0 0 0.903351 -0.428902
550.800000000 -6.83178 5.55437 0 0 0 0.910097 -0.414395
550.900000000 -6.88118 5.50735 0 0 0 0.916611 -0.399781
551.000000000 -6.93207 5.46194 0 0 0 0.922889 -0.385065
551.100000000 -6.98438 5.41819 0 0 0 0.928932 -0.370251
551.200000000 -7.04035 5.36823 0 0 0 0.930994 -0.365036
551.300000000 -7.09577 5.3177 0 0 0 0.931549 -0.363617
551.400000000 -7.15115 5.26712 0 0 0 0.931829 -0.362897
551.500000000 -7.20661 5.21663 0 0 0 0.93211 -0.362176
551.600000000 -7.26214 5.16622 0 0 0 0.93239 -0.361455
551.700000000 -7.31775 5.11589 0 0 0 0.932669 -0.360734
551.800000000 -7.37344 5.06566 0 0 0 0.932948 -0.360012
551.900000000 -7.42921 5.0155 0 0 0 0.933226 -0.359291
552.000000000 -7.48505 4.96544 0 0 0 0.933503 -0.358569
552.100000000 -7.54097 4.91546 0 0 0 0.93378 -0.357847
552.200000000 -7.59543 4.86386 0 0 0 0.93199 -0.362485
552.300000000 -7.64919 4.81154 0 0 0 0.929942 -0.367706
552.400000000 -7.70237 4.75862 0 0 0 0.927866 -0.372915
552.500000000 -7.75495 4.70511 0 0 0 0.92576 -0.378112
552.600000000 -7.80692 4.65101 0 0 0 0.923625 -0.383298
552.700000000 -7.85829 4.59633 0 0 0 0.921461 -0.388472
552.800000000 -7.90904 4.54108 0 0 0 0.919268 -0.393633
552.900000000 -7.95916 4.48527 0 0 0 0.917046 -0.398782
553.000000000 -8.00866 4.42889 0 0 0 0.914795 -0.403919
553.100000000 -8.05752 4.37196 0 0 0 0.912515 -0.409043
553.200000000 -8.10574 4.31449 0 0 0 0.910207 -0.414153
553.300000000 -8.15331 4.25648 0 0 0 0.90787 -0.419251
553.400000000 -8.20023 4.19794 0 0 0 0.905505 -0.424336
553.500000000 -8.24649 4.13888 0 0 0 0.903111 -0.429408
553.600000000 -8.29208 4.07931 0 0 0 0.900689 -0.434465
553.700000000 -8.337 4.01922 0 0 0 0.898238 -0.43951
553.800000000 -8.38125 3.95864 0 0 0 0.895759 -0.44454
553.900000000 -8.41722 3.90069 0 0 0 0.888532 -0.458814
554.000000000 -8.43905 3.85323 0 0 0 0.877163 -0.480193
554.100000000 -8.44707 3.81675 0 0 0 -0.861217 0.508238
554.200000000 -8.44201 3.79258 0 0 0 -0.84003 0.54254
554.300000000 -8.4337 3.77076 0 0 0 -0.816843 0.57686
554.400000000 -8.42361 3.7497 0 0 0 -0.792254 0.610191
554.500000000 -8.41182 3.72955 0 0 0 -0.766307 0.642475
554.600000000 -8.3984 3.71045 0 0 0 -0.739045 0.673657
554.700000000 -8.38344 3.69252 0 0 0 -0.710514 0.703683
554.800000000 -8.36705 3.67589 0 0 0 -0.680765 0.732501
554.900000000 -8.34934 3.66068 0 0 0 -0.649849 0.760064
555.000000000 -8.33043 3.64698 0 0 0 -0.617817 0.786322
555.100000000 -8.31045 3.63489 0 0 0 -0.584725 0.811231
555.200000000 -8.28702 3.60484 0 0 0 -0.558604 0.829434
555.300000000 -8.2586 3.56011 0 0 0 -0.53869 0.842504
555.400000000 -8.22693 3.51204 0 0 0 -0.520502 0.85386
555.500000000 -8.19299 3.46456 0 0 0 -0.502423 0.864622
555.600000000 -8.15709 3.41856 0 0 0 -0.484121 0.875001
555.700000000 -8.11929 3.37411 0 0 0 -0.465605 0.884993
555.800000000 -8.07965 3.33129 0 0 0 -0.446883 0.894593
555.900000000 -8.03824 3.29018 0 0 0 -0.427962 0.903797
556.000000000 -7.99514 3.25084 0 0 0 -0.408853 0.9126
556.100000000 -7.9416 3.19818 0 0 0 -0.397632 0.917545
556.200000000 -7.89031 3.14346 0 0 0 -0.397632 0.917545
556.300000000 -7.83926 3.08852 0 0 0 -0.398342 0.917237
556.400000000 -7.78828 3.0335 0 0 0 -0.399051 0.916929
556.500000000 -7.7374 2.97841 0 0 0 -0.39976 0.91662
556.600000000 -7.68659 2.92323 0 0 0 -0.400469 0.916311
556.700000000 -7.63588 2.86798 0 0 0 -0.401177 0.916001
556.800000000 -7.58525 2.81265 0 0 0 -0.401885 0.91569
556.900000000 -7.5347 2.75724 0 0 0 -0.402593 0.915379
557.000000000 -7.48424 2.70175 0 0 0 -0.403301 0.915067
557.100000000 -7.43387 2.64618 0 0 0 -0.404009 0.914755
557.200000000 -7.3864 2.58803 0 0 0 -0.413332 0.910581
557.300000000 -7.34045 2.52865 0 0 0 -0.423555 0.90587
557.400000000 -7.29584 2.46825 0 0 0 -0.433724 0.901046
557.500000000 -7.25261 2.40686 0 0 0 -0.443839 0.896107
557.600000000 -7.21077 2.34451 0 0 0 -0.453897 0.891054
557.700000000 -7.17035 2.28124 0 0 0 -0.463898 0.885889
557.800000000 -7.13136 2.21707 0 0 0 -0.47384 0.880611
557.900000000 -7.09382 2.15204 0 0 0 -0.483722 0.875222
558.000000000 -7.05776 2.08618 0 0 0 -0.493543 0.869721
558.100000000 -7.02319 2.01953 0 0 0 -0.503301 0.864111
558.200000000 -6.99405 1.95592 0 0 0 -0.516293 0.856412
558.300000000 -6.96743 1.89218 0 0 0 -0.52955 0.848279
558.400000000 -6.94281 1.82764 0 0 0 -0.542679 0.83994
558.500000000 -6.9202 1.76236 0 0 0 -0.555677 0.831398
558.600000000 -6.89964 1.69642 0 0 0 -0.56854 0.822656
558.700000000 -6.88114 1.62987 0 0 0 -0.581266 0.813714
558.800000000 -6.86471 1.56277 0 0 0 -0.593851 0.804575
558.900000000 -6.8505 1.49574 0 0 0 -0.606192 0.795319
559.000000000 -6.83826 1.42776 0 0 0 -0.618488 0.785795
559.100000000 -6.82814 1.35943 0 0 0 -0.630634 0.77608
559.200000000 -6.82016 1.29081 0 0 0 -0.642628 0.766178
559.300000000 -6.81431 1.22198 0 0 0 -0.654466 0.756091
559.400000000 -6.8106 1.15301 0 0 0 -0.666146 0.745821
559.500000000 -6.80904 1.08395 0 0 0 -0.677665 0.735371
559.600000000 -6.80963 1.01487 0 0 0 -0.68902 0.724742
559.700000000 -6.81237 0.945848 0 0 0 -0.700209 0.713938
559.800000000 -6.81725 0.876943 0 0 0 -0.711228 0.702962
559.900000000 -6.82428 0.808224 0 0 0 -0.722074 0.691815
560.000000000 -6.83602 0.756548 0 0 0 -0.738348 0.67442
560.100000000 -6.85194 0.721928 0 0 0 -0.759443 0.650574
560.200000000 -6.87083 0.708194 0 0 0 -0.785732 0.618567
560.300000000 -6.89007 0.712247 0 0 0 -0.815218 0.579155
560.400000000 -6.90882 0.718172 0 0 0 -0.842729 0.538339
560.500000000 -6.92691 0.725912 0 0 0 0.868198 -0.496219
560.600000000 -6.94414 0.735391 0 0 0 0.891563 -0.452896
560.700000000 -6.96035 0.746518 0 0 0 0.912769 -0.408477
560.800000000 -6.9754 0.759186 0 0 0 0.931763 -0.363067
560.900000000 -6.98913 0.773271 0 0 0 0.9485 -0.316779
561.000000000 -7.0014 0.788637 0 0 0 0.962938 -0.269722
561.100000000 -7.01211 0.805135 0 0 0 0.975044 -0.222012
561.200000000 -7.02114 0.822606 0 0 0 0.984787 -0.173765
561.300000000 -7.02841 0.84088 0 0 0 0.992145 -0.125096
561.400000000 -7.03385 0.85978 0 0 0 0.997098 -0.076124
561.500000000 -7.03741 0.879123 0 0 0 0.999636 -0.0269678
561.600000000 -7.03904 0.898722 0 0 0 0.999752 0.0222538
561.700000000 -7.03875 0.918387 0 0 0 0.997446 0.0714215
561.800000000 -7.03652 0.937928 0 0 0 0.992724 0.120416
561.900000000 -7.03238 0.957155 0 0 0 0.985596 0.169119
562.000000000 -7.02637 0.975882 0 0 0 0.97608 0.217412
562.100000000 -7.01855 0.993928 0 0 0 0.964199 0.265179
562.200000000 -7.03238 1.01948 0 0 0 0.953656 0.3009
562.300000000 -7.04871 1.04796 0 0 0 0.942576 0.333991
562.400000000 -7.06301 1.0775 0 0 0 0.930349 0.366675
562.500000000 -7.07522 1.10797 0 0 0 0.916989 0.398913
562.600000000 -7.08528 1.13922 0 0 0 0.902512 0.430665
562.700000000 -7.09313 1.1711 0 0 0 0.886936 0.461892
562.800000000 -7.09874 1.20344 0 0 0 0.87028 0.492557
562.900000000 -7.10208 1.2361 0 0 0 0.852564 0.522622
563.000000000 -7.10313 1.26891 0 0 0 0.83381 0.552051
563.100000000 -7.11154 1.31593 0 0 0 0.818848 0.57401
563.200000000 -7.12461 1.37522 0 0 0 0.80731 0.590128
563.300000000 -7.13615 1.43647 0 0 0 0.795953 0.605358
563.400000000 -7.14535 1.49811 0 0 0 0.78431 0.620369
563.500000000 -7.1522 1.56006 0 0 0 0.772383 0.635157
563.600000000 -7.1567 1.62222 0 0 0 0.760178 0.649715
563.700000000 -7.15882 1.68451 0 0 0 0.747698 0.664039
563.800000000 -7.15859 1.74683 0 0 0 0.734948 0.678123
563.900000000 -7.15598 1.8091 0 0 0 0.721933 0.691962
564.000000000 -7.15101 1.87123 0 0 0 0.708658 0.705552
564.100000000 -7.14369 1.93312 0 0 0 0.695127 0.718887
564.200000000 -7.1373 2.00791 0 0 0 0.688136 0.725582
564.300000000 -7.13013 2.08261 0 0 0 0.682302 0.731071
564.400000000 -7.12176 2.15719 0 0 0 0.676424 0.736512
564.500000000 -7.11221 2.23162 0 0 0 0.670503 0.741907
564.600000000 -7.10146 2.30589 0 0 0 0.664539 0.747254
564.700000000 -7.08952 2.37998 0 0 0 0.658532 0.752553
564.800000000 -7.0764 2.45386 0 0 0 0.652483 0.757803
564.900000000 -7.06209 2.52753 0 0 0 0.646392 0.763005
565.000000000 -7.04661 2.60096 0 0 0 0.64026 0.768159
565.100000000 -7.02995 2.67413 0 0 0 0.634086 0.773262
565.200000000 -7.01213 2.74702 0 0 0 0.627872 0.778317
565.300000000 -6.99314 2.81962 0 0 0 0.621618 0.783321
565.400000000 -6.97298 2.89191 0 0 0 0.615323 0.788275
565.500000000 -6.95167 2.96386 0 0 0 0.60899 0.793178
565.600000000 -6.92922 3.03547 0 0 0 0.602617 0.798031
565.700000000 -6.90561 3.1067 0 0 0 0.596205 0.802832
565.800000000 -6.88452 3.17867 0 0 0 0.597428 0.801923
565.900000000 -6.86392 3.25079 0 0 0 0.599232 0.800576
566.000000000 -6.84364 3.323 0 0 0 0.601033 0.799224
566.100000000 -6.8237 3.39531 0 0 0 0.602831 0.797869
566.200000000 -6.80715 3.46853 0 0 0 0.61095 0.791669
566.300000000 -6.79251 3.54217 0 0 0 0.619822 0.784742
566.400000000 -6.77952 3.61613 0 0 0 0.628616 0.777716
566.500000000 -6.76807 3.69033 0 0 0 0.637051 0.770821
566.600000000 -6.75845 3.7631 0 0 0 0.645226 0.763991
566.700000000 -6.75075 3.83276 0 0 0 0.652961 0.757391
566.800000000 -6.74462 3.90089 0 0 0 0.660447 0.750872
566.900000000 -6.74007 3.96581 0 0 0 0.667508 0.744603
567.000000000 -6.73684 4.02913 0 0 0 0.67433 0.73843
567.100000000 -6.73483 4.09084 0 0 0 0.680917 0.73236
567.200000000 -6.73246 4.15916 0 0 0 0.685676 0.727907
567.300000000 -6.73081 4.22583 0 0 0 0.689899 0.723906
567.400000000 -6.72997 4.28919 0 0 0 0.693889 0.720082
567.500000000 -6.72984 4.35088 0 0 0 0.697754 0.716337
567.600000000 -6.73035 4.4109 0 0 0 0.701495 0.712674
567.700000000 -6.73147 4.46925 0 0 0 0.705114 0.709094
567.800000000 -6.73308 4.52425 0 0 0 0.708509 0.705702
567.900000000 -6.73515 4.57757 0 0 0 0.711786 0.702397
568.000000000 -6.73764 4.6292 0 0 0 0.714945 0.69918
568.100000000 -6.7405 4.67914 0 0 0 0.717989 0.696054
568.200000000 -6.74341 4.73074 0 0 0 0.720257 0.693707
568.300000000 -6.74655 4.78065 0 0 0 0.722444 0.691429
568.400000000 -6.74989 4.82888 0 0 0 0.724552 0.68922
568.500000000 -6.75339 4.87543 0 0 0 0.72658 0.687082
568.600000000 -6.75704 4.92029 0 0 0 0.72853 0.685014
568.700000000 -6.7608 4.96347 0 0 0 0.730403 0.683017
568.800000000 -6.76464 5.00497 0 0 0 0.732198 0.681092
568.900000000 -6.7687 5.04645 0 0 0 0.733988 0.679163
569.000000000 -6.77281 5.08625 0 0 0 0.735701 0.677306
569.100000000 -6.77624 5.12777 0 0 0 0.735701 0.677306
569.200000000 -6.77955 5.16931 0 0 0 0.73548 0.677547
569.300000000 -6.7827 5.20918 0 0 0 0.735267 0.677778
569.400000000 -6.78569 5.2474 0 0 0 0.735063 0.677999
569.500000000 -6.78867 5.28562 0 0 0 0.734858 0.678221
569.600000000 -6.79149 5.32218 0 0 0 0.734663 0.678432
569.700000000 -6.79416 5.35707 0 0 0 0.734477 0.678634
569.800000000 -6.79668 5.39031 0 0 0 0.734299 0.678826
569.900000000 -6.79919 5.42355 0 0 0 0.734121 0.679019
570.000000000 -6.80168 5.45679 0 0 0 0.733943 0.679211
570.100000000 -6.80416 5.49003 0 0 0 0.733765 0.679403
570.200000000 -6.80649 5.52161 0 0 0 0.733596 0.679585
570.300000000 -6.80869 5.55153 0 0 0 0.733436 0.679758
570.400000000 -6.81087 5.58145 0 0 0 0.733276 0.679931
570.500000000 -6.81291 5.60971 0 0 0 0.733125 0.680094
570.600000000 -6.81483 5.63631 0 0 0 0.732982 0.680248
570.700000000 -6.81673 5.66291 0 0 0 0.73284 0.680401
570.800000000 -6.81851 5.68785 0 0 0 0.732706 0.680545
570.900000000 -6.82027 5.71279 0 0 0 0.732572 0.680689
571.000000000 -6.82191 5.73606 0 0 0 0.732448 0.680823
571.100000000 -6.82354 5.75934 0 0 0 0.732323 0.680958
571.200000000 -6.82504 5.78095 0 0 0 0.732207 0.681082
571.300000000 -6.82654 5.80257 0 0 0 0.732091 0.681207
571.400000000 -6.82792 5.82252 0 0 0 0.731984 0.681322
571.500000000 -6.82929 5.84247 0 0 0 0.731877 0.681437
571.600000000 -6.83065 5.86243 0 0 0 0.73177 0.681552
571.700000000 -6.83201 5.88238 0 0 0 0.731663 0.681667
571.800000000 -6.83325 5.90067 0 0 0 0.731565 0.681772
571.900000000 -6.83465 5.92062 0 0 0 0.731565 0.681772
572.000000000 -6.83606 5.94057 0 0 0 0.731565 0.681772
572.100000000 -6.83747 5.96052 0 0 0 0.731565 0.681772
572.200000000 -6.83887 5.98047 0 0 0 0.731565 0.681772
572.300000000 -6.84017 5.99876 0 0 0 0.731565 0.681772
572.400000000 -6.84157 6.01871 0 0 0 0.731565 0.681772
572.500000000 -6.84298 6.03866 0 0 0 0.731565 0.681772
572.600000000 -6.84439 6.05861 0 0 0 0.731565 0.681772
572.700000000 -6.84591 6.08023 0 0 0 0.731565 0.681772
572.800000000 -6.84732 6.10018 0 0 0 0.731565 0.681772
572.900000000 -6.84967 6.13343 0 0 0 0.731565 0.681772
573.000000000 -6.85189 6.16501 0 0 0 0.731565 0.681772
573.100000000 -6.85412 6.1966 0 0 0 0.731565 0.681772
573.200000000 -6.85623 6.22653 0 0 0 0.731565 0.681772
573.300000000 -6.85823 6.25479 0 0 0 0.731565 0.681772
573.400000000 -6.86022 6.28305 0 0 0 0.731565 0.681772
573.500000000 -6.8621 6.30966 0 0 0 0.731565 0.681772
573.600000000 -6.86397 6.33626 0 0 0 0.731565 0.681772
573.700000000 -6.86573 6.36119 0 0 0 0.731565 0.681772
573.800000000 -6.86749 6.38613 0 0 0 0.731565 0.681772
573.900000000 -6.86914 6.40941 0 0 0 0.731565 0.681772
574.000000000 -6.87078 6.43268 0 0 0 0.731565 0.681772
574.100000000 -6.8723 6.4543 0 0 0 0.731565 0.681772
574.200000000 -6.87384 6.48092 0 0 0 0.730993 0.682385
574.300000000 -6.87694 6.53918 0 0 0 0.729424 0.684062
574.400000000 -6.87968 6.59578 0 0 0 0.727897 0.685686
574.500000000 -6.881 6.62576 0 0 0 0.727087 0.686545
574.600000000 -6.88218 6.65407 0 0 0 0.726321 0.687356
574.700000000 -6.88323 6.68072 0 0 0 0.725599 0.688117
574.800000000 -6.88422 6.70737 0 0 0 0.724877 0.688878
574.900000000 -6.8851 6.73235 0 0 0 0.724199 0.689591
575.000000000 -6.88587 6.75568 0 0 0 0.723565 0.690256
575.100000000 -6.88661 6.779 0 0 0 0.722931 0.69092
575.200000000 -6.88721 6.79733 0 0 0 0.722533 0.691337
575.300000000 -6.8879 6.81732 0 0 0 0.722207 0.691677
575.400000000 -6.88857 6.83731 0 0 0 0.72188 0.692018
575.500000000 -6.88918 6.85563 0 0 0 0.721581 0.69233
575.600000000 -6.88981 6.87562 0 0 0 0.721255 0.69267
575.700000000 -6.89043 6.89561 0 0 0 0.720928 0.69301
575.800000000 -6.89103 6.9156 0 0 0 0.720601 0.69335
575.900000000 -6.89167 6.93726 0 0 0 0.720247 0.693718
576.000000000 -6.89223 6.95725 0 0 0 0.719919 0.694058
576.100000000 -6.89407 7.03223 0 0 0 0.718355 0.695677
576.200000000 -6.89557 7.10722 0 0 0 0.716786 0.697293
576.300000000 -6.89674 7.18222 0 0 0 0.715215 0.698905
576.400000000 -6.89757 7.25722 0 0 0 0.713639 0.700514
576.500000000 -6.89806 7.33222 0 0 0 0.71206 0.702119
576.600000000 -6.89822 7.40722 0 0 0 0.710477 0.70372
576.700000000 -6.89803 7.48222 0 0 0 0.708891 0.705319
576.800000000 -6.89751 7.55723 0 0 0 0.707301 0.706913
576.900000000 -6.89665 7.63222 0 0 0 0.705707 0.708504
577.000000000 -6.89545 7.70722 0 0 0 0.70411 0.710091
577.100000000 -6.89392 7.78221 0 0 0 0.702509 0.711675
577.200000000 -6.89204 7.85719 0 0 0 0.700905 0.713255
577.300000000 -6.88983 7.93216 0 0 0 0.699297 0.714831
577.400000000 -6.88729 8.00712 0 0 0 0.697686 0.716404
577.500000000 -6.8844 8.08206 0 0 0 0.696071 0.717973
577.600000000 -6.87667 8.15436 0 0 0 0.686161 0.72745
577.700000000 -6.86583 8.21824 0 0 0 0.673151 0.739505
577.800000000 -6.85265 8.28082 0 0 0 0.65961 0.751608
577.900000000 -6.8372 8.34289 0 0 0 0.645853 0.763462
578.000000000 -6.8195 8.40435 0 0 0 0.631882 0.775065
578.100000000 -6.79958 8.46513 0 0 0 0.617703 0.786412
578.200000000 -6.77798 8.51352 0 0 0 0.598796 0.800902
578.300000000 -6.75425 8.55922 0 0 0 0.578909 0.815392
578.400000000 -6.72829 8.60369 0 0 0 0.558671 0.829389
578.500000000 -6.7011 8.64206 0 0 0 0.536104 0.844152
578.600000000 -6.67188 8.67891 0 0 0 0.513147 0.858301
578.700000000 -6.63591 8.7298 0 0 0 0.496749 0.867894
578.800000000 -6.59774 8.7801 0 0 0 0.480538 0.876974
578.900000000 -6.55774 8.82895 0 0 0 0.464161 0.885751
579.000000000 -6.51594 8.87627 0 0 0 0.447624 0.894222
579.100000000 -6.47205 8.92279 0 0 0 0.431311 0.902203
579.200000000 -6.42649 8.96769 0 0 0 0.414856 0.909887
579.300000000 -6.3789 9.01166 0 0 0 0.398653 0.917102
579.400000000 -6.32979 9.05391 0 0 0 0.382325 0.924028
579.500000000 -6.2792 9.09439 0 0 0 0.365876 0.930664
579.600000000 -6.22721 9.13305 0 0 0 0.349312 0.937006
579.700000000 -6.17334 9.17054 0 0 0 0.333042 0.942912
579.800000000 -6.11821 9.20614 0 0 0 0.316672 0.948535
579.900000000 -6.06188 9.23982 0 0 0 0.300207 0.953874
580.000000000 -6.00318 9.27281 0 0 0 0.284485 0.95868
580.100000000 -5.94343 9.30385 0 0 0 0.268686 0.963228
580.200000000 -5.88135 9.33413 0 0 0 0.253673 0.96729
580.300000000 -5.81835 9.36248 0 0 0 0.238599 0.971118
580.400000000 -5.75379 9.38943 0 0 0 0.223906 0.974611
580.500000000 -5.68769 9.41498 0 0 0 0.20961 0.977785
580.600000000 -5.62087 9.43859 0 0 0 0.195269 0.98075
580.700000000 -5.55179 9.46129 0 0 0 0.181803 0.983335
580.800000000 -5.48213 9.48209 0 0 0 0.168302 0.985735
580.900000000 -5.41287 9.50098 0 0 0 0.155572 0.987825
581.000000000 -5.3447 9.51744 0 0 0 0.142494 0.989796
581.100000000 -5.27787 9.53221 0 0 0 0.130906 0.991395
581.200000000 -5.20467 9.54661 0 0 0 0.118253 0.992983
581.300000000 -5.13068 9.55944 0 0 0 0.106069 0.994359
581.400000000 -5.05639 9.57045 0 0 0 0.0938684 0.995585
581.500000000 -4.98188 9.57984 0 0 0 0.0821509 0.99662
581.600000000 -4.90718 9.58747 0 0 0 0.0704221 0.997517
581.700000000 -4.83237 9.59375 0 0 0 0.0597046 0.998216
581.800000000 -4.75743 9.59842 0 0 0 0.0489803 0.9988
581.900000000 -4.68242 9.60147 0 0 0 0.0382503 0.999268
582.000000000 -4.60737 9.60313 0 0 0 0.0280409 0.999607
582.100000000 -4.53232 9.60368 0 0 0 0.018909 0.999821
582.200000000 -4.45726 9.60287 0 0 0 0.00977542 0.999952
582.300000000 -4.38224 9.60068 0 0 0 0.000641054 1
582.400000000 -4.30727 9.59735 0 0 0 -0.00793693 0.999969
582.500000000 -4.23236 9.59273 0 0 0 -0.0165143 0.999864
582.600000000 -4.15753 9.58705 0 0 0 -0.0245226 0.999699
582.700000000 -4.08279 9.5804 0 0 0 -0.0319494 0.999489
582.800000000 -4.00814 9.57289 0 0 0 -0.0387815 0.999248
582.900000000 -3.93359 9.56435 0 0 0 -0.0456119 0.998959
583.000000000 -3.85915 9.55503 0 0 0 -0.0518339 0.998656
583.100000000 -3.78479 9.54504 0 0 0 -0.0574335 0.998349
583.200000000 -3.71056 9.53421 0 0 0 -0.0630314 0.998012
583.300000000 -3.63641 9.5228 0 0 0 -0.0679919 0.997686
583.400000000 -3.56239 9.51066 0 0 0 -0.0729508 0.997336
583.500000000 -3.48844 9.49804 0 0 0 -0.0772568 0.997011
583.600000000 -3.41461 9.48478 0 0 0 -0.0815613 0.996668
583.700000000 -3.34085 9.47115 0 0 0 -0.0851966 0.996364
583.800000000 -3.2672 9.45698 0 0 0 -0.0888307 0.996047
583.900000000 -3.19364 9.44227 0 0 0 -0.0924637 0.995716
584.000000000 -3.12015 9.4273 0 0 0 -0.0954102 0.995438
584.100000000 -3.04674 9.41189 0 0 0 -0.0983558 0.995151
584.200000000 -2.97343 9.39605 0 0 0 -0.101301 0.994856
584.300000000 -2.90015 9.38005 0 0 0 -0.10354 0.994625
584.400000000 -2.82694 9.36372 0 0 0 -0.10578 0.99439
584.500000000 -2.75381 9.34706 0 0 0 -0.108019 0.994149
584.600000000 -2.68076 9.33007 0 0 0 -0.110257 0.993903
584.700000000 -2.60778 9.31276 0 0 0 -0.112495 0.993652
584.800000000 -2.53488 9.29511 0 0 0 -0.114732 0.993396
584.900000000 -2.46213 9.27687 0 0 0 -0.117671 0.993053
585.000000000 -2.38949 9.25819 0 0 0 -0.12061 0.9927
585.100000000 -2.31696 9.23908 0 0 0 -0.123547 0.992339
585.200000000 -2.24454 9.21954 0 0 0 -0.126484 0.991969
585.300000000 -2.17224 9.19958 0 0 0 -0.129419 0.99159
585.400000000 -2.10006 9.17918 0 0 0 -0.132353 0.991203
585.500000000 -2.028 9.15836 0 0 0 -0.135286 0.990807
585.600000000 -1.95607 9.13712 0 0 0 -0.138217 0.990402
585.700000000 -1.88418 9.11572 0 0 0 -0.140447 0.990088
585.800000000 -1.81239 9.094 0 0 0 -0.142676 0.989769
585.900000000 -1.7407 9.07195 0 0 0 -0.144905 0.989446
586.000000000 -1.66911 9.04958 0 0 0 -0.147132 0.989117
586.100000000 -1.59702 9.02889 0 0 0 -0.144204 0.989548
586.200000000 -1.52473 9.00888 0 0 0 -0.140594 0.990067
586.300000000 -1.45229 8.9894 0 0 0 -0.136981 0.990574
586.400000000 -1.37972 8.97046 0 0 0 -0.133366 0.991067
586.500000000 -1.307 8.95204 0 0 0 -0.12975 0.991547
586.600000000 -1.23416 8.93415 0 0 0 -0.126132 0.992013
586.700000000 -1.16118 8.9168 0 0 0 -0.122512 0.992467
586.800000000 -1.08809 8.89998 0 0 0 -0.118891 0.992907
586.900000000 -1.01487 8.88369 0 0 0 -0.115268 0.993334
587.000000000 -0.941531 8.86794 0 0 0 -0.111644 0.993748
587.100000000 -0.869026 8.84863 0 0 0 -0.118435 0.992962
587.200000000 -0.79685 8.82811 0 0 0 -0.125809 0.992055
587.300000000 -0.724987 8.80651 0 0 0 -0.133176 0.991092
587.400000000 -0.653454 8.78386 0 0 0 -0.140536 0.990076
587.500000000 -0.582264 8.76014 0 0 0 -0.147888 0.989004
587.600000000 -0.511435 8.73536 0 0 0 -0.155232 0.987878
587.700000000 -0.440982 8.70954 0 0 0 -0.162567 0.986698
587.800000000 -0.370921 8.68267 0 0 0 -0.169893 0.985462
587.900000000 -0.301266 8.65476 0 0 0 -0.17721 0.984173
588.000000000 -0.232034 8.62582 0 0 0 -0.184517 0.982829
588.100000000 -0.173726 8.5957 0 0 0 -0.201501 0.979488
588.200000000 -0.121547 8.56466 0 0 0 -0.220876 0.975302
588.300000000 -0.0714511 8.53178 0 0 0 -0.240561 0.970634
588.400000000 -0.0227268 8.49689 0 0 0 -0.260147 0.965569
588.500000000 0.0245467 8.46007 0 0 0 -0.279627 0.960109
588.600000000 0.0702919 8.42137 0 0 0 -0.298992 0.954256
588.700000000 0.114434 8.38084 0 0 0 -0.318235 0.948012
588.800000000 0.156901 8.33856 0 0 0 -0.337348 0.94138
588.900000000 0.197623 8.2946 0 0 0 -0.356323 0.934363
589.000000000 0.236533 8.24903 0 0 0 -0.375152 0.926963
589.100000000 0.273568 8.20192 0 0 0 -0.393827 0.919185
589.200000000 0.308667 8.15336 0 0 0 -0.412341 0.911029
589.300000000 0.341773 8.10341 0 0 0 -0.430687 0.902502
589.400000000 0.372831 8.05216 0 0 0 -0.448856 0.893604
589.500000000 0.401791 7.9997 0 0 0 -0.466841 0.884341
589.600000000 0.428605 7.94611 0 0 0 -0.484636 0.874716
589.700000000 0.45323 7.89148 0 0 0 -0.502232 0.864733
589.800000000 0.473455 7.83841 0 0 0 -0.520998 0.853558
589.900000000 0.491344 7.7845 0 0 0 -0.539515 0.841976
590.000000000 0.50638 7.73052 0 0 0 -0.558106 0.82977
590.100000000 0.519002 7.67593 0 0 0 -0.57642 0.817154
590.200000000 0.529184 7.62083 0 0 0 -0.59445 0.804133
590.300000000 0.537293 7.56461 0 0 0 -0.61187 0.790958
590.400000000 0.543297 7.50735 0 0 0 -0.628688 0.777658
590.500000000 0.546516 7.45064 0 0 0 -0.645522 0.763742
590.600000000 0.547254 7.39384 0 0 0 -0.662048 0.749461
590.700000000 0.545255 7.33784 0 0 0 -0.678551 0.734553
590.800000000 0.540768 7.28199 0 0 0 -0.694718 0.719282
590.900000000 0.533989 7.2256 0 0 0 -0.710262 0.703938
591.000000000 0.524601 7.17036 0 0 0 -0.72574 0.687969
591.100000000 0.512767 7.11559 0 0 0 -0.74086 0.67166
591.200000000 0.499762 7.04864 0 0 0 -0.751511 0.659721
591.300000000 0.484682 6.98123 0 0 0 -0.76168 0.647953
591.400000000 0.467514 6.91432 0 0 0 -0.771666 0.636028
591.500000000 0.448272 6.84797 0 0 0 -0.781464 0.62395
591.600000000 0.426976 6.78226 0 0 0 -0.791074 0.611721
591.700000000 0.403647 6.71724 0 0 0 -0.800492 0.599343
591.800000000 0.378307 6.65298 0 0 0 -0.809717 0.586821
591.900000000 0.350981 6.58954 0 0 0 -0.818745 0.574157
592.000000000 0.321694 6.52698 0 0 0 -0.827576 0.561354
592.100000000 0.290476 6.46536 0 0 0 -0.836206 0.548415
592.200000000 0.25877 6.39737 0 0 0 -0.838922 0.544251
592.300000000 0.227122 6.32937 0 0 0 -0.840529 0.541766
592.400000000 0.195072 6.26155 0 0 0 -0.842129 0.539276
592.500000000 0.162621 6.19393 0 0 0 -0.843721 0.536781
592.600000000 0.12977 6.1265 0 0 0 -0.845306 0.534282
592.700000000 0.0965211 6.05927 0 0 0 -0.846884 0.531778
592.800000000 0.0628745 5.99223 0 0 0 -0.848454 0.529269
592.900000000 0.0288317 5.9254 0 0 0 -0.850017 0.526756
593.000000000 -0.00560605 5.85877 0 0 0 -0.851572 0.524238
593.100000000 -0.0361051 5.79019 0 0 0 -0.846748 0.531995
593.200000000 -0.0649533 5.72088 0 0 0 -0.841269 0.540616
593.300000000 -0.0923796 5.651 0 0 0 -0.835703 0.549182
593.400000000 -0.118373 5.58057 0 0 0 -0.83005 0.557689
593.500000000 -0.142922 5.50963 0 0 0 -0.82431 0.566139
593.600000000 -0.166016 5.4382 0 0 0 -0.818484 0.57453
593.700000000 -0.187647 5.36632 0 0 0 -0.812572 0.582861
593.800000000 -0.207804 5.29401 0 0 0 -0.806576 0.591131
593.900000000 -0.22648 5.2213 0 0 0 -0.800496 0.599339
594.000000000 -0.243667 5.14822 0 0 0 -0.794332 0.607484
594.100000000 -0.259357 5.07481 0 0 0 -0.788085 0.615567
594.200000000 -0.272971 5.00267 0 0 0 -0.781483 0.623927
594.300000000 -0.284495 4.93355 0 0 0 -0.775098 0.631841
594.400000000 -0.294372 4.86586 0 0 0 -0.768788 0.639504
594.500000000 -0.302694 4.79963 0 0 0 -0.762559 0.646919
594.600000000 -0.309381 4.73658 0 0 0 -0.756575 0.653907
594.700000000 -0.314761 4.67508 0 0 0 -0.750687 0.660658
594.800000000 -0.318923 4.61515 0 0 0 -0.744901 0.667175
594.900000000 -0.321953 4.55683 0 0 0 -0.739221 0.673463
595.000000000 -0.323878 4.50179 0 0 0 -0.733816 0.679348
595.100000000 -0.324892 4.4484 0 0 0 -0.728531 0.685012
595.200000000 -0.325073 4.39667 0 0 0 -0.72337 0.690461
595.300000000 -0.324496 4.34661 0 0 0 -0.718336 0.695697
595.400000000 -0.323236 4.29823 0 0 0 -0.713433 0.700723
595.500000000 -0.321296 4.24988 0 0 0 -0.708496 0.705715
595.600000000 -0.319485 4.20155 0 0 0 -0.704955 0.709252
595.700000000 -0.317268 4.1549 0 0 0 -0.70152 0.71265
595.800000000 -0.314697 4.10995 0 0 0 -0.698192 0.715911
595.900000000 -0.311817 4.06668 0 0 0 -0.694972 0.719036
596.000000000 -0.308675 4.0251 0 0 0 -0.691864 0.722028
596.100000000 -0.305174 3.98356 0 0 0 -0.688742 0.725006
596.200000000 -0.301875 3.93867 0 0 0 -0.686939 0.726715
596.300000000 -0.298483 3.89546 0 0 0 -0.685199 0.728356
596.400000000 -0.295023 3.85393 0 0 0 -0.683522 0.72993
596.500000000 -0.291518 3.81407 0 0 0 -0.681909 0.731437
596.600000000 -0.28799 3.7759 0 0 0 -0.680359 0.732879
596.700000000 -0.284461 3.73939 0 0 0 -0.678875 0.734254
596.800000000 -0.280952 3.70456 0 0 0 -0.677455 0.735565
596.900000000 -0.277308 3.66974 0 0 0 -0.676032 0.736872
597.000000000 -0.27371 3.6366 0 0 0 -0.674675 0.738115
597.100000000 -0.270175 3.60512 0 0 0 -0.673384 0.739293
597.200000000 -0.26683 3.57363 0 0 0 -0.672647 0.739963
597.300000000 -0.263602 3.5438 0 0 0 -0.671949 0.740598
597.400000000 -0.260499 3.51564 0 0 0 -0.671288 0.741196
597.500000000 -0.257347 3.48748 0 0 0 -0.670627 0.741794
597.600000000 -0.254333 3.46098 0 0 0 -0.670005 0.742357
597.700000000 -0.251274 3.43449 0 0 0 -0.669382 0.742918
597.800000000 -0.248365 3.40966 0 0 0 -0.668797 0.743445
597.900000000 -0.245613 3.38649 0 0 0 -0.668252 0.743935
598.000000000 -0.242827 3.36332 0 0 0 -0.667705 0.744426
598.100000000 -0.240209 3.34181 0 0 0 -0.667198 0.744881
598.200000000 -0.237967 3.32026 0 0 0 -0.667451 0.744653
598.300000000 -0.235741 3.29871 0 0 0 -0.667705 0.744426
598.400000000 -0.233699 3.27881 0 0 0 -0.667939 0.744216
598.500000000 -0.231669 3.25891 0 0 0 -0.668173 0.744006
598.600000000 -0.229653 3.23901 0 0 0 -0.668406 0.743796
598.700000000 -0.227648 3.21911 0 0 0 -0.66864 0.743586
598.800000000 -0.225823 3.20087 0 0 0 -0.668854 0.743394
598.900000000 -0.223677 3.17931 0 0 0 -0.669107 0.743166
599.000000000 -0.221546 3.15775 0 0 0 -0.66936 0.742938
599.100000000 -0.219593 3.13784 0 0 0 -0.669594 0.742728
599.200000000 -0.217491 3.11628 0 0 0 -0.669847 0.7425
599.300000000 -0.215403 3.09471 0 0 0 -0.670099 0.742271
599.400000000 -0.21333 3.07315 0 0 0 -0.670352 0.742043
599.500000000 -0.21143 3.05324 0 0 0 -0.670585 0.741833
599.600000000 -0.209385 3.03167 0 0 0 -0.670838 0.741604
599.700000000 -0.207355 3.01009 0 0 0 -0.67109 0.741376
599.800000000 -0.205339 2.98852 0 0 0 -0.671342 0.741147
599.900000000 -0.203339 2.96695 0 0 0 -0.671595 0.740919
600.000000000 -0.201505 2.94703 0 0 0 -0.671828 0.740708
600.100000000 -0.199533 2.92545 0 0 0 -0.67208 0.740479
600.200000000 -0.197725 2.90553 0 0 0 -0.672312 0.740268
600.300000000 -0.195931 2.88561 0 0 0 -0.672545 0.740056
600.400000000 -0.194297 2.86735 0 0 0 -0.672758 0.739862
600.500000000 -0.192526 2.84743 0 0 0 -0.672991 0.739651
600.600000000 -0.190768 2.82751 0 0 0 -0.673223 0.739439
600.700000000 -0.189023 2.80759 0 0 0 -0.673455 0.739228
600.800000000 -0.187289 2.78766 0 0 0 -0.673688 0.739016
600.900000000 -0.185712 2.76939 0 0 0 -0.673901 0.738822
601.000000000 -0.184003 2.74947 0 0 0 -0.674133 0.73861
601.100000000 -0.182306 2.72954 0 0 0 -0.674365 0.738398
601.200000000 -0.180622 2.70961 0 0 0 -0.674597 0.738186
601.300000000 -0.178951 2.68968 0 0 0 -0.674829 0.737974
601.400000000 -0.177292 2.66975 0 0 0 -0.675061 0.737762
601.500000000 -0.175508 2.64815 0 0 0 -0.675312 0.737532
601.600000000 -0.173875 2.62822 0 0 0 -0.675543 0.73732
601.700000000 -0.17212 2.60662 0 0 0 -0.675794 0.73709
601.800000000 -0.170311 2.58503 0 0 0 -0.67592 0.736975
601.900000000 -0.16851 2.56344 0 0 0 -0.676045 0.73686
602.000000000 -0.166716 2.54185 0 0 0 -0.676171 0.736745
602.100000000 -0.165067 2.52192 0 0 0 -0.676286 0.736639
602.200000000 -0.163287 2.50032 0 0 0 -0.676412 0.736524
602.300000000 -0.161515 2.47873 0 0 0 -0.676537 0.736409
602.400000000 -0.159749 2.45714 0 0 0 -0.676662 0.736293
602.500000000 -0.157992 2.43554 0 0 0 -0.676788 0.736178
602.600000000 -0.156241 2.41394 0 0 0 -0.676913 0.736063
602.700000000 -0.154498 2.39235 0 0 0 -0.677038 0.735948
602.800000000 -0.152896 2.37241 0 0 0 -0.677154 0.735841
602.900000000 -0.151167 2.35081 0 0 0 -0.677279 0.735726
603.000000000 -0.149578 2.33088 0 0 0 -0.677395 0.73562
603.100000000 -0.147995 2.31094 0 0 0 -0.67751 0.735513
603.200000000 -0.14655 2.29266 0 0 0 -0.677616 0.735416
603.300000000 -0.144979 2.27273 0 0 0 -0.677732 0.735309
603.400000000 -0.143415 2.25279 0 0 0 -0.677847 0.735203
603.500000000 -0.141986 2.23451 0 0 0 -0.677953 0.735105
603.600000000 -0.140434 2.21457 0 0 0 -0.678068 0.734999
603.700000000 -0.138888 2.19463 0 0 0 -0.678184 0.734892
603.800000000 -0.137348 2.17469 0 0 0 -0.678299 0.734786
603.900000000 -0.135942 2.15641 0 0 0 -0.678405 0.734688
604.000000000 -0.134414 2.13647 0 0 0 -0.678521 0.734581
604.100000000 -0.133037 2.11484 0 0 0 -0.679147 0.734003
604.200000000 -0.131801 2.09488 0 0 0 -0.679724 0.733468
604.300000000 -0.130596 2.07491 0 0 0 -0.680301 0.732933
604.400000000 -0.12952 2.05661 0 0 0 -0.68083 0.732442
604.500000000 -0.128375 2.03664 0 0 0 -0.681406 0.731906
604.600000000 -0.127261 2.01667 0 0 0 -0.681982 0.731369
604.700000000 -0.126179 1.99669 0 0 0 -0.682557 0.730832
604.800000000 -0.125129 1.97672 0 0 0 -0.683132 0.730295
604.900000000 -0.124195 1.95841 0 0 0 -0.683659 0.729802
605.000000000 -0.123204 1.93843 0 0 0 -0.684233 0.729264
605.100000000 -0.122246 1.91845 0 0 0 -0.684807 0.728725
605.200000000 -0.121255 1.89847 0 0 0 -0.685265 0.728294
605.300000000 -0.120129 1.87517 0 0 0 -0.685799 0.727791
605.400000000 -0.119115 1.85352 0 0 0 -0.686295 0.727323
605.500000000 -0.118131 1.83188 0 0 0 -0.686791 0.726855
605.600000000 -0.117249 1.81189 0 0 0 -0.687248 0.726423
605.700000000 -0.116393 1.79191 0 0 0 -0.687705 0.72599
605.800000000 -0.115631 1.77359 0 0 0 -0.688123 0.725594
605.900000000 -0.11489 1.75527 0 0 0 -0.688542 0.725197
606.000000000 -0.11404 1.73362 0 0 0 -0.689036 0.724727
606.100000000 -0.113219 1.71364 0 0 0 -0.689378 0.724402
606.200000000 -0.112417 1.69365 0 0 0 -0.689719 0.724077
606.300000000 -0.111634 1.67367 0 0 0 -0.690061 0.723752
606.400000000 -0.11087 1.65368 0 0 0 -0.690402 0.723426
606.500000000 -0.110124 1.63369 0 0 0 -0.690743 0.7231
606.600000000 -0.109337 1.61204 0 0 0 -0.691112 0.722747
606.700000000 -0.108572 1.59039 0 0 0 -0.691481 0.722394
606.800000000 -0.107829 1.56873 0 0 0 -0.69185 0.722041
606.900000000 -0.107109 1.54708 0 0 0 -0.692219 0.721687
607.000000000 -0.106464 1.52709 0 0 0 -0.692559 0.721361
607.100000000 -0.105838 1.50709 0 0 0 -0.6929 0.721034
607.200000000 -0.105281 1.48877 0 0 0 -0.693211 0.720735
607.300000000 -0.104741 1.47044 0 0 0 -0.693523 0.720435
607.400000000 -0.104073 1.44712 0 0 0 -0.693919 0.720053
607.500000000 -0.103476 1.42546 0 0 0 -0.694287 0.719699
607.600000000 -0.102902 1.4038 0 0 0 -0.694654 0.719344
607.700000000 -0.10235 1.38214 0 0 0 -0.695022 0.718989
607.800000000 -0.10182 1.36048 0 0 0 -0.695389 0.718634
607.900000000 -0.101351 1.34048 0 0 0 -0.695728 0.718306
608.000000000 -0.100864 1.31882 0 0 0 -0.696095 0.71795
608.100000000 -0.100398 1.29716 0 0 0 -0.696461 0.717594
608.200000000 -0.0998869 1.2755 0 0 0 -0.696706 0.717357
608.300000000 -0.0993521 1.25217 0 0 0 -0.696969 0.717102
608.400000000 -0.0988713 1.23051 0 0 0 -0.697213 0.716864
608.500000000 -0.0984054 1.20885 0 0 0 -0.697457 0.716627
608.600000000 -0.0979889 1.18885 0 0 0 -0.697682 0.716408
608.700000000 -0.0975849 1.16885 0 0 0 -0.697907 0.716188
608.800000000 -0.0971609 1.14719 0 0 0 -0.698151 0.715951
608.900000000 -0.0967517 1.12553 0 0 0 -0.698394 0.715713
609.000000000 -0.0963876 1.10553 0 0 0 -0.698619 0.715494
609.100000000 -0.096036 1.08553 0 0 0 -0.698844 0.715274
609.200000000 -0.0956687 1.06387 0 0 0 -0.699088 0.715036
609.300000000 -0.0953434 1.04387 0 0 0 -0.699312 0.714816
609.400000000 -0.0950305 1.02387 0 0 0 -0.699537 0.714596
609.500000000 -0.0947053 1.00221 0 0 0 -0.69978 0.714358
609.600000000 -0.0943948 0.980544 0 0 0 -0.700023 0.71412
609.700000000 -0.094099 0.958879 0 0 0 -0.700266 0.713882
609.800000000 -0.093818 0.937214 0 0 0 -0.700509 0.713643
609.900000000 -0.0935722 0.917215 0 0 0 -0.700734 0.713423
610.000000000 -0.093339 0.897216 0 0 0 -0.700958 0.713203
610.100000000 -0.0931184 0.877217 0 0 0 -0.701182 0.712982
610.200000000 -0.0928249 0.855552 0 0 0 -0.701303 0.712863
610.300000000 -0.0925387 0.833887 0 0 0 -0.701425 0.712744
610.400000000 -0.0922814 0.813888 0 0 0 -0.701537 0.712634
610.500000000 -0.0920095 0.792223 0 0 0 -0.701658 0.712514
610.600000000 -0.0917652 0.772225 0 0 0 -0.70177 0.712404
610.700000000 -0.0915273 0.752226 0 0 0 -0.701882 0.712294
610.800000000 -0.0912763 0.730561 0 0 0 -0.702003 0.712174
610.900000000 -0.0910515 0.710562 0 0 0 -0.702115 0.712064
611.000000000 -0.0908329 0.690563 0 0 0 -0.702227 0.711954
611.100000000 -0.0906383 0.672231 0 0 0 -0.702329 0.711852
611.200000000 -0.0904318 0.652232 0 0 0 -0.702441 0.711742
611.300000000 -0.0902316 0.632233 0 0 0 -0.702553 0.711632
611.400000000 -0.0900376 0.612233 0 0 0 -0.702664 0.711521
611.500000000 -0.0898343 0.590568 0 0 0 -0.702786 0.711402
611.600000000 -0.0896534 0.570568 0 0 0 -0.702897 0.711291
611.700000000 -0.0894788 0.550569 0 0 0 -0.703009 0.711181
611.800000000 -0.0893246 0.532236 0 0 0 -0.703111 0.71108
611.900000000 -0.089162 0.512237 0 0 0 -0.703223 0.710969
612.000000000 -0.0890058 0.492237 0 0 0 -0.703335 0.710859
612.100000000 -0.0888558 0.472238 0 0 0 -0.703446 0.710748
612.200000000 -0.0887121 0.452238 0 0 0 -0.703558 0.710638
612.300000000 -0.0885861 0.433905 0 0 0 -0.70366 0.710536
612.400000000 -0.0884545 0.413906 0 0 0 -0.703772 0.710426
612.500000000 -0.0883291 0.393906 0 0 0 -0.703884 0.710315
612.600000000 -0.08821 0.373906 0 0 0 -0.703995 0.710205
612.700000000 -0.0880879 0.35224 0 0 0 -0.704116 0.710085
612.800000000 -0.0879819 0.33224 0 0 0 -0.704228 0.709974
612.900000000 -0.0878822 0.31224 0 0 0 -0.704339 0.709864
613.000000000 -0.0877965 0.293907 0 0 0 -0.704441 0.709762
613.100000000 -0.0877162 0.275574 0 0 0 -0.704544 0.709661
613.200000000 -0.0876343 0.255574 0 0 0 -0.704655 0.70955
613.300000000 -0.0875587 0.235574 0 0 0 -0.704766 0.709439
613.400000000 -0.0874893 0.215574 0 0 0 -0.704878 0.709329
613.500000000 -0.0874315 0.197241 0 0 0 -0.70498 0.709227
613.600000000 -0.0873742 0.177241 0 0 0 -0.705091 0.709116
613.700000000 -0.087319 0.155574 0 0 0 -0.705212 0.708996
613.800000000 -0.0872748 0.135574 0 0 0 -0.705323 0.708886
613.900000000 -0.0872337 0.113907 0 0 0 -0.705444 0.708766
614.000000000 -0.0872026 0.093907 0 0 0 -0.705555 0.708655
614.100000000 -0.0871778 0.073907 0 0 0 -0.705667 0.708544
614.200000000 -0.0871032 0.0555738 0 0 0 -0.705667 0.708544
614.300000000 -0.0870218 0.0355739 0 0 0 -0.705667 0.708544
614.400000000 -0.0869404 0.0155741 0 0 0 -0.705667 0.708544
614.500000000 -0.086859 -0.00442573 0 0 0 -0.705667 0.708544
614.600000000 -0.0867777 -0.0244256 0 0 0 -0.705667 0.708544
614.700000000 -0.0866963 -0.0444254 0 0 0 -0.705667 0.708544
614.800000000 -0.0866149 -0.0644252 0 0 0 -0.705667 0.708544
614.900000000 -0.0865335 -0.0844251 0 0 0 -0.705667 0.708544
615.000000000 -0.0864522 -0.104425 0 0 0 -0.705667 0.708544
615.100000000 -0.0863708 -0.124425 0 0 0 -0.705667 0.708544
615.200000000 -0.0857841 -0.144422 0 0 0 -0.704771 0.709435
615.300000000 -0.0850829 -0.164417 0 0 0 -0.703761 0.710437
615.400000000 -0.084388 -0.182744 0 0 0 -0.702833 0.711355
615.500000000 -0.0835778 -0.202735 0 0 0 -0.70182 0.712354
615.600000000 -0.0827106 -0.222723 0 0 0 -0.700806 0.713352
615.700000000 -0.0817866 -0.242709 0 0 0 -0.69979 0.714349
615.800000000 -0.0808057 -0.262692 0 0 0 -0.698772 0.715344
615.900000000 -0.0797679 -0.282673 0 0 0 -0.697753 0.716338
616.000000000 -0.0786732 -0.30265 0 0 0 -0.696733 0.71733
616.100000000 -0.0776176 -0.32096 0 0 0 -0.695797 0.718239
616.200000000 -0.0765416 -0.340935 0 0 0 -0.695003 0.719006
616.300000000 -0.0753281 -0.362572 0 0 0 -0.694143 0.719837
616.400000000 -0.0741602 -0.382543 0 0 0 -0.693348 0.720603
616.500000000 -0.0729482 -0.40251 0 0 0 -0.692552 0.721368
616.600000000 -0.0717968 -0.420812 0 0 0 -0.691822 0.722069
616.700000000 -0.0705003 -0.440774 0 0 0 -0.691024 0.722832
616.800000000 -0.0691597 -0.460733 0 0 0 -0.690226 0.723594
616.900000000 -0.0677751 -0.48069 0 0 0 -0.689426 0.724356
617.000000000 -0.0663464 -0.500643 0 0 0 -0.688626 0.725117
617.100000000 -0.0649963 -0.518931 0 0 0 -0.687892 0.725813
617.200000000 -0.0637986 -0.538895 0 0 0 -0.687664 0.726029
617.300000000 -0.0626511 -0.558862 0 0 0 -0.68755 0.726137
617.400000000 -0.0614974 -0.578829 0 0 0 -0.687436 0.726245
617.500000000 -0.0603374 -0.598795 0 0 0 -0.687322 0.726353
617.600000000 -0.0591711 -0.618762 0 0 0 -0.687207 0.726461
617.700000000 -0.0579985 -0.638727 0 0 0 -0.687093 0.726569
617.800000000 -0.0569179 -0.657029 0 0 0 -0.686989 0.726668
617.900000000 -0.0557333 -0.676994 0 0 0 -0.686875 0.726776
618.000000000 -0.0545424 -0.696958 0 0 0 -0.68676 0.726884
618.100000000 -0.0533453 -0.716923 0 0 0 -0.686646 0.726992
618.200000000 -0.0521418 -0.736886 0 0 0 -0.686532 0.7271
618.300000000 -0.051033 -0.755186 0 0 0 -0.686427 0.727198
618.400000000 -0.0498175 -0.775149 0 0 0 -0.686313 0.727306
618.500000000 -0.048494 -0.796776 0 0 0 -0.686189 0.727423
618.600000000 -0.0472655 -0.816738 0 0 0 -0.686075 0.727531
618.700000000 -0.0459278 -0.838363 0 0 0 -0.685951 0.727648
618.800000000 -0.0446863 -0.858325 0 0 0 -0.685837 0.727755
618.900000000 -0.0434384 -0.878286 0 0 0 -0.685722 0.727863
619.000000000 -0.0422888 -0.896583 0 0 0 -0.685618 0.727962
619.100000000 -0.041029 -0.916544 0 0 0 -0.685503 0.72807
619.200000000 -0.0397628 -0.936504 0 0 0 -0.685389 0.728177
619.300000000 -0.0385965 -0.9548 0 0 0 -0.685284 0.728276
619.400000000 -0.0373183 -0.974759 0 0 0 -0.68517 0.728384
619.500000000 -0.0361409 -0.993055 0 0 0 -0.685065 0.728482
619.600000000 -0.0348507 -1.01301 0 0 0 -0.68495 0.72859
619.700000000 -0.0335543 -1.03297 0 0 0 -0.684836 0.728697
619.800000000 -0.0322516 -1.05293 0 0 0 -0.684721 0.728805
619.900000000 -0.0308335 -1.07455 0 0 0 -0.684597 0.728922
620.000000000 -0.0295177 -1.09451 0 0 0 -0.684483 0.729029
620.100000000 -0.0285096 -1.11448 0 0 0 -0.684941 0.728598
620.200000000 -0.0276085 -1.13279 0 0 0 -0.685361 0.728203
620.300000000 -0.0266485 -1.15277 0 0 0 -0.685819 0.727772
620.400000000 -0.0257136 -1.17275 0 0 0 -0.686277 0.72734
620.500000000 -0.0248039 -1.19273 0 0 0 -0.686735 0.726908
620.600000000 -0.0239194 -1.21271 0 0 0 -0.687192 0.726476
620.700000000 -0.02306 -1.2327 0 0 0 -0.687649 0.726044
620.800000000 -0.0222257 -1.25268 0 0 0 -0.688105 0.725611
620.900000000 -0.0214166 -1.27267 0 0 0 -0.688562 0.725178
621.000000000 -0.0206326 -1.29265 0 0 0 -0.689018 0.724744
621.100000000 -0.0197423 -1.3143 0 0 0 -0.689388 0.724392
621.200000000 -0.018941 -1.33429 0 0 0 -0.68973 0.724067
621.300000000 -0.0181585 -1.35427 0 0 0 -0.690071 0.723742
621.400000000 -0.0174584 -1.37259 0 0 0 -0.690384 0.723443
621.500000000 -0.0167121 -1.39258 0 0 0 -0.690725 0.723118
621.600000000 -0.0159845 -1.41257 0 0 0 -0.691066 0.722792
621.700000000 -0.0152759 -1.43256 0 0 0 -0.691407 0.722466
621.800000000 -0.014586 -1.45254 0 0 0 -0.691747 0.72214
621.900000000 -0.013971 -1.47087 0 0 0 -0.692059 0.721841
622.000000000 -0.0133173 -1.49086 0 0 0 -0.6924 0.721514
622.100000000 -0.0126825 -1.51085 0 0 0 -0.69274 0.721188
622.200000000 -0.0120665 -1.53084 0 0 0 -0.69308 0.720861
622.300000000 -0.0114196 -1.5525 0 0 0 -0.693448 0.720507
622.400000000 -0.0108429 -1.57249 0 0 0 -0.693788 0.72018
622.500000000 -0.0102851 -1.59248 0 0 0 -0.694127 0.719852
622.600000000 -0.00979101 -1.61081 0 0 0 -0.694438 0.719552
622.700000000 -0.00926932 -1.63081 0 0 0 -0.694778 0.719225
622.800000000 -0.00876649 -1.6508 0 0 0 -0.695117 0.718897
622.900000000 -0.00828251 -1.67079 0 0 0 -0.695456 0.718569
623.000000000 -0.00781739 -1.69079 0 0 0 -0.695794 0.718241
623.100000000 -0.00737113 -1.71079 0 0 0 -0.696133 0.717913
623.200000000 -0.00688083 -1.73078 0 0 0 -0.696359 0.717694
623.300000000 -0.0064031 -1.75078 0 0 0 -0.696584 0.717475
623.400000000 -0.00593794 -1.77077 0 0 0 -0.69681 0.717256
623.500000000 -0.00544762 -1.79243 0 0 0 -0.697054 0.717019
623.600000000 -0.00500864 -1.81243 0 0 0 -0.697279 0.7168
623.700000000 -0.00458222 -1.83242 0 0 0 -0.697504 0.716581
623.800000000 -0.00420286 -1.85075 0 0 0 -0.697711 0.71638
623.900000000 -0.00380054 -1.87075 0 0 0 -0.697936 0.71616
624.000000000 -0.00341078 -1.89075 0 0 0 -0.698161 0.715941
624.100000000 -0.00303359 -1.91074 0 0 0 -0.698386 0.715721
624.200000000 -0.00266897 -1.93074 0 0 0 -0.698611 0.715502
624.300000000 -0.00234625 -1.94907 0 0 0 -0.698817 0.715301
624.400000000 -0.00200572 -1.96907 0 0 0 -0.699042 0.715081
624.500000000 -0.00170509 -1.9874 0 0 0 -0.699248 0.71488
624.600000000 -0.00138865 -2.0074 0 0 0 -0.699472 0.71466
624.700000000 -0.00105945 -2.02906 0 0 0 -0.699715 0.714422
624.800000000 -0.000769198 -2.04906 0 0 0 -0.69994 0.714202
624.900000000 -0.000491513 -2.06906 0 0 0 -0.700164 0.713982
625.000000000 -0.00024849 -2.08739 0 0 0 -0.70037 0.71378
625.100000000 5.10339e-06 -2.10739 0 0 0 -0.700594 0.71356
625.200000000 0.000246127 -2.12739 0 0 0 -0.700818 0.71334
625.300000000 0.000455543 -2.14572 0 0 0 -0.701024 0.713138
625.400000000 0.000672474 -2.16572 0 0 0 -0.701248 0.712917
625.500000000 0.000876836 -2.18572 0 0 0 -0.701472 0.712697
625.600000000 0.00106863 -2.20572 0 0 0 -0.701696 0.712477
625.700000000 0.00124785 -2.22572 0 0 0 -0.70192 0.712256
625.800000000 0.0014145 -2.24572 0 0 0 -0.702144 0.712035
625.900000000 0.00158142 -2.26738 0 0 0 -0.702386 0.711796
626.000000000 0.00178474 -2.28738 0 0 0 -0.702498 0.711686
626.100000000 0.00198179 -2.30738 0 0 0 -0.70261 0.711576
626.200000000 0.00215665 -2.32571 0 0 0 -0.702712 0.711474
626.300000000 0.00234165 -2.34571 0 0 0 -0.702824 0.711364
626.400000000 0.00252036 -2.36571 0 0 0 -0.702936 0.711254
626.500000000 0.00267842 -2.38405 0 0 0 -0.703038 0.711152
626.600000000 0.0028451 -2.40405 0 0 0 -0.70315 0.711042
626.700000000 0.00300548 -2.42404 0 0 0 -0.703261 0.710931
626.800000000 0.00315959 -2.44404 0 0 0 -0.703373 0.710821
626.900000000 0.00329509 -2.46238 0 0 0 -0.703475 0.71072
627.000000000 0.00343715 -2.48238 0 0 0 -0.703587 0.710609
627.100000000 0.00357293 -2.50238 0 0 0 -0.703699 0.710499
627.200000000 0.00370243 -2.52238 0 0 0 -0.70381 0.710388
627.300000000 0.00382564 -2.54238 0 0 0 -0.703922 0.710277
627.400000000 0.00393282 -2.56071 0 0 0 -0.704024 0.710176
627.500000000 0.00404399 -2.58071 0 0 0 -0.704136 0.710065
627.600000000 0.00414887 -2.60071 0 0 0 -0.704247 0.709955
627.700000000 0.00424747 -2.62071 0 0 0 -0.704359 0.709844
627.800000000 0.00433978 -2.64071 0 0 0 -0.70447 0.709734
627.900000000 0.00442582 -2.66071 0 0 0 -0.704582 0.709623
628.000000000 0.00450557 -2.68071 0 0 0 -0.704693 0.709512
628.100000000 0.00457903 -2.70071 0 0 0 -0.704805 0.709401
628.200000000 0.00464621 -2.72071 0 0 0 -0.704916 0.709291
628.300000000 0.00470711 -2.74071 0 0 0 -0.705027 0.70918
628.400000000 0.00476172 -2.76071 0 0 0 -0.705139 0.709069
628.500000000 0.00481005 -2.78071 0 0 0 -0.70525 0.708958
628.600000000 0.0048486 -2.79904 0 0 0 -0.705352 0.708857
628.700000000 0.00488186 -2.81737 0 0 0 -0.705454 0.708755
628.800000000 0.00491238 -2.83737 0 0 0 -0.705566 0.708644
628.900000000 0.00493461 -2.85571 0 0 0 -0.705668 0.708543
629.000000000 0.00495309 -2.87571 0 0 0 -0.705779 0.708432
629.100000000 0.00496427 -2.89404 0 0 0 -0.705881 0.70833
629.200000000 0.00503355 -2.91404 0 0 0 -0.705881 0.70833
629.300000000 0.00510282 -2.93404 0 0 0 -0.705881 0.70833
629.400000000 0.0051721 -2.95404 0 0 0 -0.705881 0.70833
629.500000000 0.00524137 -2.97404 0 0 0 -0.705881 0.70833
629.600000000 0.00530488 -2.99237 0 0 0 -0.705881 0.70833
629.700000000 0.00536838 -3.01071 0 0 0 -0.705881 0.70833
629.800000000 0.00543765 -3.03071 0 0 0 -0.705881 0.70833
629.900000000 0.00550116 -3.04904 0 0 0 -0.705881 0.70833
630.000000000 0.00557043 -3.06904 0 0 0 -0.705881 0.70833
630.100000000 0.00563971 -3.08904 0 0 0 -0.705881 0.70833
630.200000000 0.00570898 -3.10904 0 0 0 -0.705881 0.70833
630.300000000 0.00577826 -3.12904 0 0 0 -0.705881 0.70833
630.400000000 0.00584753 -3.14904 0 0 0 -0.705881 0.70833
630.500000000 0.00592258 -3.17071 0 0 0 -0.705881 0.70833
630.600000000 0.00599186 -3.19071 0 0 0 -0.705881 0.70833
630.700000000 0.00606113 -3.21071 0 0 0 -0.705881 0.70833
630.800000000 0.00612463 -3.22904 0 0 0 -0.705881 0.70833
630.900000000 0.00619391 -3.24904 0 0 0 -0.705881 0.70833
631.000000000 0.00626318 -3.26904 0 0 0 -0.705881 0.70833
631.100000000 0.00633246 -3.28904 0 0 0 -0.705881 0.70833
631.200000000 0.00640173 -3.30904 0 0 0 -0.705881 0.70833
631.300000000 0.00647101 -3.32904 0 0 0 -0.705881 0.70833
631.400000000 0.00654029 -3.34904 0 0 0 -0.705881 0.70833
631.500000000 0.00660379 -3.36737 0 0 0 -0.705881 0.70833
631.600000000 0.00666729 -3.38571 0 0 0 -0.705881 0.70833
631.700000000 0.00673079 -3.40404 0 0 0 -0.705881 0.70833
631.800000000 0.00680007 -3.42404 0 0 0 -0.705881 0.70833
631.900000000 0.00686934 -3.44404 0 0 0 -0.705881 0.70833
632.000000000 0.00693285 -3.46237 0 0 0 -0.705881 0.70833
632.100000000 0.00699635 -3.4807 0 0 0 -0.705881 0.70833
632.200000000 0.00706562 -3.5007 0 0 0 -0.705881 0.70833
632.300000000 0.0071349 -3.5207 0 0 0 -0.705881 0.70833
632.400000000 0.00720417 -3.5407 0 0 0 -0.705881 0.70833
632.500000000 0.00726768 -3.55904 0 0 0 -0.705881 0.70833
632.600000000 0.00733695 -3.57904 0 0 0 -0.705881 0.70833
632.700000000 0.007412 -3.6007 0 0 0 -0.705881 0.70833
632.800000000 0.00748128 -3.6207 0 0 0 -0.705881 0.70833
632.900000000 0.00755055 -3.6407 0 0 0 -0.705881 0.70833
633.000000000 0.00761405 -3.65904 0 0 0 -0.705881 0.70833
633.100000000 0.00768333 -3.67904 0 0 0 -0.705881 0.70833
633.200000000 0.0077526 -3.69904 0 0 0 -0.705881 0.70833
633.300000000 0.00782188 -3.71904 0 0 0 -0.705881 0.70833
633.400000000 0.00789115 -3.73904 0 0 0 -0.705881 0.70833
633.500000000 0.00796043 -3.75904 0 0 0 -0.705881 0.70833
633.600000000 0.0080297 -3.77904 0 0 0 -0.705881 0.70833
633.700000000 0.00809321 -3.79737 0 0 0 -0.705881 0.70833
633.800000000 0.00816248 -3.81737 0 0 0 -0.705881 0.70833
633.900000000 0.00823176 -3.83737 0 0 0 -0.705881 0.70833
634.000000000 0.00830103 -3.85737 0 0 0 -0.705881 0.70833
634.100000000 0.00837031 -3.87737 0 0 0 -0.705881 0.70833
634.200000000 0.00843381 -3.8957 0 0 0 -0.705881 0.70833
634.300000000 0.00850309 -3.9157 0 0 0 -0.705881 0.70833
634.400000000 0.00857236 -3.9357 0 0 0 -0.705881 0.70833
634.500000000 0.00864164 -3.9557 0 0 0 -0.705881 0.70833
634.600000000 0.00871091 -3.9757 0 0 0 -0.705881 0.70833
634.700000000 0.00878019 -3.9957 0 0 0 -0.705881 0.70833
634.800000000 0.00884946 -4.0157 0 0 0 -0.705881 0.70833
634.900000000 0.00891874 -4.0357 0 0 0 -0.705881 0.70833
635.000000000 0.00898801 -4.0557 0 0 0 -0.705881 0.70833
635.100000000 0.00906306 -4.07737 0 0 0 -0.705881 0.70833
635.200000000 0.00913234 -4.09737 0 0 0 -0.705881 0.70833
635.300000000 0.00920161 -4.11737 0 0 0 -0.705881 0.70833
635.400000000 0.00926511 -4.1357 0 0 0 -0.705881 0.70833
635.500000000 0.00932862 -4.15403 0 0 0 -0.705881 0.70833
635.600000000 0.00939789 -4.17403 0 0 0 -0.705881 0.70833
635.700000000 0.00959417 -4.2307 0 0 0 -0.705881 0.70833
635.800000000 0.00978468 -4.2857 0 0 0 -0.705881 0.70833
635.900000000 0.00998096 -4.34237 0 0 0 -0.705881 0.70833
636.000000000 0.0101715 -4.39737 0 0 0 -0.705881 0.70833
636.100000000 0.010362 -4.45237 0 0 0 -0.705881 0.70833
636.200000000 0.0105467 -4.5057 0 0 0 -0.705881 0.70833
636.300000000 0.010743 -4.56236 0 0 0 -0.705881 0.70833
636.400000000 0.0109335 -4.61736 0 0 0 -0.705881 0.70833
636.500000000 0.0111933 -4.69236 0 0 0 -0.705881 0.70833
636.600000000 0.0114531 -4.76736 0 0 0 -0.705881 0.70833
636.700000000 0.0117128 -4.84236 0 0 0 -0.705881 0.70833
636.800000000 0.0119726 -4.91736 0 0 0 -0.705881 0.70833
636.900000000 0.0122324 -4.99236 0 0 0 -0.705881 0.70833
637.000000000 0.0124922 -5.06736 0 0 0 -0.705881 0.70833
637.100000000 0.012752 -5.14236 0 0 0 -0.705881 0.70833
637.200000000 0.0130118 -5.21736 0 0 0 -0.705881 0.70833
637.300000000 0.0132715 -5.29236 0 0 0 -0.705881 0.70833
637.400000000 0.0135313 -5.36736 0 0 0 -0.705881 0.70833
637.500000000 0.0137911 -5.44236 0 0 0 -0.705881 0.70833
637.600000000 0.0140509 -5.51736 0 0 0 -0.705881 0.70833
637.700000000 0.0143107 -5.59236 0 0 0 -0.705881 0.70833
637.800000000 0.0145705 -5.66736 0 0 0 -0.705881 0.70833
637.900000000 0.0148302 -5.74236 0 0 0 -0.705881 0.70833
638.000000000 0.01509 -5.81736 0 0 0 -0.705881 0.70833
638.100000000 0.0153498 -5.89236 0 0 0 -0.705881 0.70833
638.200000000 0.0156096 -5.96736 0 0 0 -0.705881 0.70833
638.300000000 0.0158694 -6.04236 0 0 0 -0.705881 0.70833
638.400000000 0.0161291 -6.11736 0 0 0 -0.705881 0.70833
638.500000000 0.0163889 -6.19235 0 0 0 -0.705881 0.70833
638.600000000 0.0166487 -6.26735 0 0 0 -0.705881 0.70833
638.700000000 0.0169085 -6.34235 0 0 0 -0.705881 0.70833
638.800000000 0.0171683 -6.41735 0 0 0 -0.705881 0.70833
638.900000000 0.0174281 -6.49235 0 0 0 -0.705881 0.70833
639.000000000 0.0176878 -6.56735 0 0 0 -0.705881 0.70833
639.100000000 0.0179476 -6.64235 0 0 0 -0.705881 0.70833
639.200000000 0.0182074 -6.71735 0 0 0 -0.705881 0.70833
639.300000000 0.0184672 -6.79235 0 0 0 -0.705881 0.70833
639.400000000 0.018727 -6.86735 0 0 0 -0.705881 0.70833
639.500000000 0.0189868 -6.94235 0 0 0 -0.705881 0.70833
639.600000000 0.0192465 -7.01735 0 0 0 -0.705881 0.70833
639.700000000 0.0195063 -7.09235 0 0 0 -0.705881 0.70833
639.800000000 0.0197661 -7.16735 0 0 0 -0.705881 0.70833
639.900000000 0.0200259 -7.24235 0 0 0 -0.705881 0.70833
640.000000000 0.0202857 -7.31735 0 0 0 -0.705881 0.70833
640.100000000 0.0205454 -7.39235 0 0 0 -0.705881 0.70833
640.200000000 0.0208052 -7.46735 0 0 0 -0.705881 0.70833
640.300000000 0.021065 -7.54235 0 0 0 -0.705881 0.70833
640.400000000 0.0213248 -7.61735 0 0 0 -0.705881 0.70833
640.500000000 0.0215846 -7.69235 0 0 0 -0.705881 0.70833
640.600000000 0.0218444 -7.76735 0 0 0 -0.705881 0.70833
640.700000000 0.0221041 -7.84235 0 0 0 -0.705881 0.70833
640.800000000 0.0223639 -7.91734 0 0 0 -0.705881 0.70833
640.900000000 0.0226237 -7.99234 0 0 0 -0.705881 0.70833
641.000000000 0.0228835 -8.06734 0 0 0 -0.705881 0.70833
641.100000000 0.0231433 -8.14234 0 0 0 -0.705881 0.70833
641.200000000 0.0234031 -8.21734 0 0 0 -0.705881 0.70833
641.300000000 0.0236628 -8.29234 0 0 0 -0.705881 0.70833
641.400000000 0.0239226 -8.36734 0 0 0 -0.705881 0.70833
641.500000000 0.0241824 -8.44234 0 0 0 -0.705881 0.70833
641.600000000 0.0244422 -8.51734 0 0 0 -0.705881 0.70833
641.700000000 0.024702 -8.59234 0 0 0 -0.705881 0.70833
641.800000000 0.0249617 -8.66734 0 0 0 -0.705881 0.70833
641.900000000 0.0252215 -8.74234 0 0 0 -0.705881 0.70833
642.000000000 0.0254813 -8.81734 0 0 0 -0.705881 0.70833
642.100000000 0.0257411 -8.89234 0 0 0 -0.705881 0.70833
642.200000000 0.0210964 -8.9673 0 0 0 -0.714513 0.699622
642.300000000 0.0131117 -9.03415 0 0 0 -0.725918 0.687781
642.400000000 0.0028065 -9.09982 0 0 0 -0.737422 0.675432
642.500000000 -0.00970911 -9.16511 0 0 0 -0.748716 0.662891
642.600000000 -0.0244209 -9.22994 0 0 0 -0.759796 0.650161
642.700000000 -0.041312 -9.29423 0 0 0 -0.77066 0.637246
642.800000000 -0.0603633 -9.35792 0 0 0 -0.781305 0.62415
642.900000000 -0.081553 -9.42093 0 0 0 -0.791727 0.610875
643.000000000 -0.104857 -9.48318 0 0 0 -0.801923 0.597427
643.100000000 -0.130249 -9.54462 0 0 0 -0.811892 0.583808
643.200000000 -0.157699 -9.60516 0 0 0 -0.821628 0.570024
643.300000000 -0.187178 -9.66474 0 0 0 -0.831131 0.556076
643.400000000 -0.21865 -9.7233 0 0 0 -0.840397 0.541971
643.500000000 -0.25208 -9.78076 0 0 0 -0.849424 0.527711
643.600000000 -0.28743 -9.83705 0 0 0 -0.858209 0.513301
643.700000000 -0.32466 -9.89213 0 0 0 0.866749 -0.498744
643.800000000 -0.362314 -9.94179 0 0 0 0.876067 -0.482189
643.900000000 -0.401826 -9.98999 0 0 0 0.885069 -0.465459
644.000000000 -0.443142 -10.0367 0 0 0 0.893752 -0.448562
644.100000000 -0.4862 -10.0817 0 0 0 0.902112 -0.431502
644.200000000 -0.531336 -10.1259 0 0 0 0.909973 -0.414667
644.300000000 -0.577656 -10.1676 0 0 0 0.917687 -0.397305
644.400000000 -0.625979 -10.2082 0 0 0 0.92491 -0.380186
644.500000000 -0.675779 -10.247 0 0 0 0.931814 -0.362935
644.600000000 -0.717268 -10.2707 0 0 0 0.941128 -0.338049
644.700000000 -0.749068 -10.2788 0 0 0 0.95235 -0.305006
644.800000000 -0.774417 -10.2774 0 0 0 0.963728 -0.266886
644.900000000 -0.798749 -10.2732 0 0 0 0.973703 -0.227822
645.000000000 -0.823545 -10.2677 0 0 0 0.981994 -0.188913
645.100000000 -0.863786 -10.2706 0 0 0 0.987312 -0.158792
645.200000000 -0.918397 -10.2791 0 0 0 0.990653 -0.136404
645.300000000 -0.988823 -10.293 0 0 0 0.992488 -0.122341
645.400000000 -1.06253 -10.3073 0 0 0 0.993686 -0.112197
645.500000000 -1.13651 -10.32 0 0 0 0.99478 -0.102041
645.600000000 -1.2107 -10.3314 0 0 0 0.995721 -0.0924065
645.700000000 -1.28175 -10.3412 0 0 0 0.996479 -0.0838372
645.800000000 -1.35126 -10.3498 0 0 0 0.997105 -0.0760388
645.900000000 -1.41756 -10.3572 0 0 0 0.997606 -0.069154
646.000000000 -1.48229 -10.3635 0 0 0 0.998049 -0.0624382
646.100000000 -1.54378 -10.3687 0 0 0 0.998427 -0.0560641
646.200000000 -1.61864 -10.3739 0 0 0 0.998844 -0.048065
646.300000000 -1.67689 -10.3774 0 0 0 0.999076 -0.0429799
646.400000000 -1.75184 -10.3809 0 0 0 0.999368 -0.0355559
646.500000000 -1.82684 -10.3833 0 0 0 0.999604 -0.02813
646.600000000 -1.87851 -10.3846 0 0 0 0.999711 -0.0240398
646.700000000 -1.92852 -10.3854 0 0 0 0.999798 -0.0200812
646.800000000 -1.97687 -10.3858 0 0 0 0.999868 -0.0162542
646.900000000 -2.02356 -10.3858 0 0 0 0.999921 -0.0125589
647.000000000 -2.06858 -10.3855 0 0 0 0.99996 -0.00899548
647.100000000 -2.11359 -10.3849 0 0 0 0.999985 -0.00543192
647.200000000 -2.15693 -10.384 0 0 0 0.999998 -0.00200028
647.300000000 -2.1986 -10.3829 0 0 0 0.999999 0.00129939
647.400000000 -2.24192 -10.3817 0 0 0 0.999992 0.00403652
647.500000000 -2.28358 -10.3803 0 0 0 0.999978 0.00666834
647.600000000 -2.32356 -10.3786 0 0 0 0.999955 0.00951467
647.700000000 -2.36353 -10.3768 0 0 0 0.999928 0.0120411
647.800000000 -2.43846 -10.3733 0 0 0 0.999866 0.0163589
647.900000000 -2.51335 -10.3691 0 0 0 0.999786 0.0206763
648.000000000 -2.58821 -10.3643 0 0 0 0.999688 0.0249934
648.100000000 -2.66302 -10.3588 0 0 0 0.99957 0.02931
648.200000000 -2.7378 -10.353 0 0 0 0.999457 0.0329562
648.300000000 -2.81254 -10.3466 0 0 0 0.99933 0.036602
648.400000000 -2.88723 -10.3396 0 0 0 0.99919 0.0402473
648.500000000 -2.96188 -10.3324 0 0 0 0.999066 0.0432042
648.600000000 -3.0365 -10.3248 0 0 0 0.998934 0.0461608
648.700000000 -3.11107 -10.3167 0 0 0 0.998793 0.049117
648.800000000 -3.18561 -10.3084 0 0 0 0.99868 0.0513659
648.900000000 -3.26012 -10.2998 0 0 0 0.998562 0.0536145
649.000000000 -3.33459 -10.2909 0 0 0 0.998438 0.0558629
649.100000000 -3.40902 -10.2816 0 0 0 0.99831 0.058111
649.200000000 -3.48341 -10.272 0 0 0 0.998177 0.0603588
649.300000000 -3.55775 -10.2621 0 0 0 0.998038 0.0626063
649.400000000 -3.63205 -10.2518 0 0 0 0.997895 0.0648535
649.500000000 -3.7063 -10.2412 0 0 0 0.997746 0.0671003
649.600000000 -3.7805 -10.2303 0 0 0 0.997593 0.0693468
649.700000000 -3.84414 -10.2164 0 0 0 0.996666 0.0815924
649.800000000 -3.89201 -10.2004 0 0 0 0.994832 0.101537
649.900000000 -3.92805 -10.1807 0 0 0 0.991315 0.131507
650.000000000 -3.9441 -10.1601 0 0 0 0.98539 0.170315
650.100000000 -3.93959 -10.1412 0 0 0 0.975979 0.217864
650.200000000 -3.93175 -10.1231 0 0 0 0.964076 0.265625
650.300000000 -3.92218 -10.1059 0 0 0 0.949838 0.312742
650.400000000 -3.91096 -10.0898 0 0 0 0.933298 0.359102
650.500000000 -3.89821 -10.0748 0 0 0 0.914497 0.404592
650.600000000 -3.88406 -10.0612 0 0 0 0.893481 0.449101
650.700000000 -3.86862 -10.049 0 0 0 0.8703 0.492522
650.800000000 -3.85207 -10.0383 0 0 0 0.84501 0.53475
650.900000000 -3.83455 -10.0294 0 0 0 0.817673 0.575683
651.000000000 -3.81624 -10.0222 0 0 0 0.788355 0.615221
651.100000000 -3.79731 -10.0169 0 0 0 0.757127 0.653268
651.200000000 -3.77846 -10.012 0 0 0 0.724582 0.689189
651.300000000 -3.75923 -10.0089 0 0 0 0.690334 0.723491
651.400000000 -3.7398 -10.0077 0 0 0 0.654465 0.756093
651.500000000 -3.72033 -10.0084 0 0 0 0.617057 0.786918
651.600000000 -3.70103 -10.011 0 0 0 0.5782 0.815895
651.700000000 -3.68206 -10.0154 0 0 0 0.537985 0.842955
651.800000000 -3.66362 -10.0216 0 0 0 0.496505 0.868034
651.900000000 -3.64586 -10.0296 0 0 0 0.453859 0.891073
652.000000000 -3.62896 -10.0393 0 0 0 0.410147 0.91202
652.100000000 -3.60076 -10.0297 0 0 0 0.376347 0.926479
652.200000000 -3.56183 -10.0075 0 0 0 0.350114 0.936707
652.300000000 -3.51474 -9.97856 0 0 0 0.328822 0.944392
652.400000000 -3.46586 -9.95117 0 0 0 0.307739 0.951471
652.500000000 -3.4158 -9.92598 0 0 0 0.286504 0.958079
652.600000000 -3.36468 -9.90304 0 0 0 0.265127 0.964213
652.700000000 -3.31259 -9.8824 0 0 0 0.243619 0.969871
652.800000000 -3.25963 -9.8641 0 0 0 0.221991 0.975049
652.900000000 -3.20591 -9.84816 0 0 0 0.200253 0.979744
653.000000000 -3.15154 -9.83464 0 0 0 0.178415 0.983955
653.100000000 -3.09662 -9.82354 0 0 0 0.15649 0.98768
653.200000000 -3.03692 -9.81247 0 0 0 0.136882 0.990587
653.300000000 -2.97683 -9.80377 0 0 0 0.11722 0.993106
653.400000000 -2.9149 -9.79676 0 0 0 0.0983332 0.995154
653.500000000 -2.85275 -9.7921 0 0 0 0.0794106 0.996842
653.600000000 -2.78966 -9.78951 0 0 0 0.0608756 0.998145
653.700000000 -2.72488 -9.78873 0 0 0 0.043163 0.999068
653.800000000 -2.65668 -9.78925 0 0 0 0.0271736 0.999631
653.900000000 -2.58399 -9.79079 0 0 0 0.0134645 0.999909
654.000000000 -2.50894 -9.79367 0 0 0 0.00120304 0.999999
654.100000000 -2.43395 -9.79622 0 0 0 -0.00563337 0.999984
654.200000000 -2.359 -9.79956 0 0 0 -0.0118626 0.99993
654.300000000 -2.28405 -9.80224 0 0 0 -0.0141141 0.9999
654.400000000 -2.20917 -9.80709 0 0 0 -0.0209495 0.999781
654.500000000 -2.13437 -9.81296 0 0 0 -0.0277839 0.999614
654.600000000 -2.05961 -9.81911 0 0 0 -0.0327529 0.999463
654.700000000 -1.98493 -9.82626 0 0 0 -0.0383573 0.999264
654.800000000 -1.9102 -9.83262 0 0 0 -0.0398796 0.999204
654.900000000 -1.8356 -9.84058 0 0 0 -0.0448463 0.998994
655.000000000 -1.76096 -9.8479 0 0 0 -0.0463682 0.998924
655.100000000 -1.68634 -9.85546 0 0 0 -0.0478899 0.998853
655.200000000 -1.61174 -9.86324 0 0 0 -0.0494116 0.998779
655.300000000 -1.53717 -9.87125 0 0 0 -0.0509331 0.998702
655.400000000 -1.46262 -9.87949 0 0 0 -0.0524545 0.998623
655.500000000 -1.3881 -9.88795 0 0 0 -0.0539758 0.998542
655.600000000 -1.3136 -9.89664 0 0 0 -0.0554969 0.998459
655.700000000 -1.3136 -9.89664 0 0 0 -0.0554969 0.998459
655.800000000 -1.3136 -9.89664 0 0 0 -0.0554969 0.998459
655.900000000 -1.3136 -9.89664 0 0 0 -0.0554969 0.998459
656.000000000 -1.3136 -9.89664 0 0 0 -0.0554969 0.998459
656.100000000 -1.3136 -9.89664 0 0 0 -0.0554969 0.998459
656.200000000 -1.3136 -9.89664 0 0 0 -0.0554969 0.998459
656.300000000 -1.3136 -9.89664 0 0 0 -0.0554969 0.998459
656.400000000 -1.3136 -9.89664 0 0 0 -0.0554969 0.998459
656.500000000 -1.3136 -9.89664 0 0 0 -0.0554969 0.998459
656.600000000 -1.3136 -9.89664 0 0 0 -0.0554969 0.998459
656.700000000 -1.3136 -9.89664 0 0 0 -0.0554969 0.998459
656.800000000 -1.3136 -9.89664 0 0 0 -0.0554969 0.998459
656.900000000 -1.3136 -9.89664 0 0 0 -0.0554969 0.998459
657.000000000 -1.3136 -9.89664 0 0 0 -0.0554969 0.998459
657.100000000 -1.3136 -9.89664 0 0 0 -0.0554969 0.998459
657.200000000 -1.3136 -9.89664 0 0 0 -0.0554969 0.998459
657.300000000 -1.3136 -9.89664 0 0 0 -0.0554969 0.998459
657.400000000 -1.3136 -9.89664 0 0 0 -0.0554969 0.998459
657.500000000 -1.3136 -9.89664 0 0 0 -0.0554969 0.998459
657.600000000 -1.3136 -9.89664 0 0 0 -0.0554969 0.998459
657.700000000 -1.3136 -9.89664 0 0 0 -0.0554969 0.998459
657.800000000 -1.3136 -9.89664 0 0 0 -0.0554969 0.998459
657.900000000 -1.3136 -9.89664 0 0 0 -0.0554969 0.998459
658.000000000 -1.3136 -9.89664 0 0 0 -0.0554969 0.998459
658.100000000 -1.3136 -9.89664 0 0 0 -0.0554969 0.998459
658.200000000 -1.3136 -9.89664 0 0 0 -0.0554969 0.998459
658.300000000 -1.3136 -9.89664 0 0 0 -0.0554969 0.998459
658.400000000 -1.3136 -9.89664 0 0 0 -0.0554969 0.998459
658.500000000 -1.3136 -9.89664 0 0 0 -0.0554969 0.998459
658.600000000 -1.3136 -9.89664 0 0 0 -0.0554969 0.998459
658.700000000 -1.3136 -9.89664 0 0 0 -0.0554969 0.998459
658.800000000 -1.3136 -9.89664 0 0 0 -0.0554969 0.998459
658.900000000 -1.3136 -9.89664 0 0 0 -0.0554969 0.998459
659.000000000 -1.3136 -9.89664 0 0 0 -0.0554969 0.998459
659.100000000 -1.3136 -9.89664 0 0 0 -0.0554969 0.998459
659.200000000 -1.3136 -9.89664 0 0 0 -0.0554969 0.998459
659.300000000 -1.3136 -9.89664 0 0 0 -0.0554969 0.998459
659.400000000 -1.3136 -9.89664 0 0 0 -0.0554969 0.998459
659.500000000 -1.3136 -9.89664 0 0 0 -0.0554969 0.998459
659.600000000 -1.3136 -9.89664 0 0 0 -0.0554969 0.998459
659.700000000 -1.3136 -9.89664 0 0 0 -0.0554969 0.998459
659.800000000 -1.3136 -9.89664 0 0 0 -0.0554969 0.998459
659.900000000 -1.3136 -9.89664 0 0 0 -0.0554969 0.998459
660.000000000 -1.3136 -9.89664 0 0 0 -0.0554969 0.998459
660.100000000 -1.3136 -9.89664 0 0 0 -0.0554969 0.998459
660.200000000 -1.3136 -9.89664 0 0 0 -0.0554969 0.998459
660.300000000 -1.3136 -9.89664 0 0 0 -0.0554969 0.998459
660.400000000 -1.3136 -9.89664 0 0 0 -0.0554969 0.998459
660.500000000 -1.3136 -9.89664 0 0 0 -0.0554969 0.998459
660.600000000 -1.3136 -9.89664 0 0 0 -0.0554969 0.998459
660.700000000 -1.3136 -9.89664 0 0 0 -0.0554969 0.998459
660.800000000 -1.3136 -9.89664 0 0 0 -0.0554969 0.998459
660.900000000 -1.3136 -9.89664 0 0 0 -0.0554969 0.998459
661.000000000 -1.3136 -9.89664 0 0 0 -0.0554969 0.998459
661.100000000 -1.3136 -9.89664 0 0 0 -0.0554969 0.998459
661.200000000 -1.3136 -9.89664 0 0 0 -0.0554969 0.998459
661.300000000 -1.3136 -9.89664 0 0 0 -0.0554969 0.998459
661.400000000 -1.3136 -9.89664 0 0 0 -0.0554969 0.998459
661.500000000 -1.3136 -9.89664 0 0 0 -0.0554969 0.998459
661.600000000 -1.3136 -9.89664 0 0 0 -0.0554969 0.998459
661.700000000 -1.3136 -9.89664 0 0 0 -0.0554969 0.998459
661.800000000 -1.23858 -9.90007 0 0 0 -0.0432501 0.999064
661.900000000 -1.17039 -9.89956 0 0 0 -0.0272608 0.999628
662.000000000 -1.10312 -9.89665 0 0 0 -0.0108233 0.999941
662.100000000 -1.03598 -9.89153 0 0 0 0.00561701 0.999984
662.200000000 -0.971662 -9.88371 0 0 0 0.0233517 0.999727
662.300000000 -0.908524 -9.87349 0 0 0 0.0415027 0.999138
662.400000000 -0.845798 -9.86098 0 0 0 0.05964 0.99822
662.500000000 -0.783569 -9.8462 0 0 0 0.0777576 0.996972
662.600000000 -0.721917 -9.82918 0 0 0 0.0958496 0.995396
662.700000000 -0.660924 -9.80992 0 0 0 0.11391 0.993491
662.800000000 -0.60067 -9.78846 0 0 0 0.131933 0.991259
662.900000000 -0.541235 -9.76483 0 0 0 0.149912 0.988699
663.000000000 -0.482698 -9.73906 0 0 0 0.167842 0.985814
663.100000000 -0.425135 -9.71118 0 0 0 0.185716 0.982603
663.200000000 -0.365146 -9.6806 0 0 0 0.201845 0.979417
663.300000000 -0.30531 -9.64787 0 0 0 0.217489 0.976063
663.400000000 -0.246552 -9.61325 0 0 0 0.233077 0.972458
663.500000000 -0.188931 -9.57677 0 0 0 0.248605 0.968605
663.600000000 -0.132506 -9.53846 0 0 0 0.26407 0.964504
663.700000000 -0.0773367 -9.49837 0 0 0 0.279467 0.960155
663.800000000 -0.0234779 -9.45653 0 0 0 0.294792 0.955561
663.900000000 0.0290148 -9.41299 0 0 0 0.310042 0.950723
664.000000000 0.0800876 -9.3678 0 0 0 0.325213 0.945641
664.100000000 0.129688 -9.32099 0 0 0 0.3403 0.940317
664.200000000 0.185399 -9.27072 0 0 0 0.347277 0.937762
664.300000000 0.240513 -9.21981 0 0 0 0.35368 0.935366
664.400000000 0.294927 -9.16815 0 0 0 0.360066 0.932927
664.500000000 0.348628 -9.11575 0 0 0 0.366436 0.930443
664.600000000 0.401609 -9.06262 0 0 0 0.372788 0.927917
664.700000000 0.453858 -9.00877 0 0 0 0.379123 0.925346
664.800000000 0.505366 -8.95421 0 0 0 0.38544 0.922733
664.900000000 0.556123 -8.89895 0 0 0 0.391739 0.920076
665.000000000 0.60612 -8.84301 0 0 0 0.39802 0.917377
665.100000000 0.655 -8.78607 0 0 0 0.405355 0.914159
665.200000000 0.702961 -8.72835 0 0 0 0.412665 0.910883
665.300000000 0.749992 -8.66987 0 0 0 0.419948 0.907548
665.400000000 0.79608 -8.61065 0 0 0 0.427204 0.904155
665.500000000 0.841213 -8.5507 0 0 0 0.434432 0.900705
665.600000000 0.88538 -8.49003 0 0 0 0.441633 0.897196
665.700000000 0.928569 -8.42866 0 0 0 0.448805 0.89363
665.800000000 0.97077 -8.36661 0 0 0 0.455949 0.890006
665.900000000 1.01197 -8.30389 0 0 0 0.463063 0.886325
666.000000000 1.05216 -8.24051 0 0 0 0.470147 0.882588
666.100000000 1.09133 -8.17651 0 0 0 0.477202 0.878794
666.200000000 1.1282 -8.11109 0 0 0 0.487506 0.87312
666.300000000 1.16334 -8.04472 0 0 0 0.498175 0.867076
666.400000000 1.19685 -7.97751 0 0 0 0.508769 0.860903
666.500000000 1.2287 -7.90949 0 0 0 0.519287 0.8546
666.600000000 1.25887 -7.84072 0 0 0 0.529727 0.848168
666.700000000 1.28734 -7.77123 0 0 0 0.540087 0.841609
666.800000000 1.31411 -7.70106 0 0 0 0.550366 0.834924
666.900000000 1.33914 -7.63025 0 0 0 0.560562 0.828113
667.000000000 1.36243 -7.55885 0 0 0 0.570674 0.821177
667.100000000 1.38396 -7.48691 0 0 0 0.5807 0.814118
667.200000000 1.40372 -7.41445 0 0 0 0.590638 0.806936
667.300000000 1.4217 -7.34154 0 0 0 0.600488 0.799634
667.400000000 1.43789 -7.2682 0 0 0 0.610248 0.792211
667.500000000 1.45227 -7.19449 0 0 0 0.619916 0.784668
667.600000000 1.46484 -7.12045 0 0 0 0.62949 0.777008
667.700000000 1.47559 -7.04612 0 0 0 0.63897 0.769231
667.800000000 1.48452 -6.97156 0 0 0 0.648354 0.761339
667.900000000 1.49134 -6.89727 0 0 0 0.65801 0.753009
668.000000000 1.49626 -6.82282 0 0 0 0.667559 0.744557
668.100000000 1.49928 -6.74828 0 0 0 0.677 0.735983
668.200000000 1.50104 -6.67322 0 0 0 0.685241 0.728316
668.300000000 1.50111 -6.59813 0 0 0 0.693396 0.720557
668.400000000 1.49949 -6.52307 0 0 0 0.701462 0.712707
668.500000000 1.49618 -6.44805 0 0 0 0.70944 0.704766
668.600000000 1.49118 -6.37314 0 0 0 0.717328 0.696736
668.700000000 1.4845 -6.29835 0 0 0 0.725125 0.688618
668.800000000 1.47614 -6.22373 0 0 0 0.73283 0.680412
668.900000000 1.4661 -6.14932 0 0 0 0.740442 0.67212
669.000000000 1.45438 -6.07516 0 0 0 0.74796 0.663743
669.100000000 1.441 -6.00128 0 0 0 0.755384 0.655282
669.200000000 1.42952 -5.92716 0 0 0 0.756858 0.65358
669.300000000 1.41799 -5.85305 0 0 0 0.757852 0.652426
669.400000000 1.40653 -5.77893 0 0 0 0.758357 0.65184
669.500000000 1.39496 -5.70482 0 0 0 0.758861 0.651253
669.600000000 1.38328 -5.63074 0 0 0 0.759364 0.650666
669.700000000 1.37148 -5.55667 0 0 0 0.759867 0.650079
669.800000000 1.35956 -5.48262 0 0 0 0.760369 0.649491
669.900000000 1.34753 -5.4086 0 0 0 0.760872 0.648903
670.000000000 1.33539 -5.33458 0 0 0 0.761373 0.648314
670.100000000 1.32313 -5.26059 0 0 0 0.761874 0.647725
670.200000000 1.3125 -5.18634 0 0 0 0.759506 0.6505
670.300000000 1.30268 -5.11197 0 0 0 0.75669 0.653774
670.400000000 1.2935 -5.03752 0 0 0 0.75386 0.657035
670.500000000 1.28497 -4.963 0 0 0 0.751016 0.660284
670.600000000 1.27708 -4.8884 0 0 0 0.748158 0.663521
670.700000000 1.26984 -4.81374 0 0 0 0.745285 0.666746
670.800000000 1.26324 -4.73902 0 0 0 0.742399 0.669958
670.900000000 1.25728 -4.66424 0 0 0 0.739499 0.673157
671.000000000 1.25197 -4.58942 0 0 0 0.736586 0.676344
671.100000000 1.24731 -4.51455 0 0 0 0.733658 0.679519
671.200000000 1.24329 -4.43965 0 0 0 0.730717 0.68268
671.300000000 1.23993 -4.36471 0 0 0 0.727762 0.685829
671.400000000 1.23721 -4.28975 0 0 0 0.724794 0.688966
671.500000000 1.23513 -4.21476 0 0 0 0.721812 0.692089
671.600000000 1.23371 -4.13976 0 0 0 0.718817 0.695199
671.700000000 1.23293 -4.06476 0 0 0 0.715808 0.698297
671.800000000 1.2328 -3.98974 0 0 0 0.712786 0.701381
671.900000000 1.23332 -3.91473 0 0 0 0.709751 0.704453
672.000000000 1.23448 -3.83973 0 0 0 0.706702 0.707511
672.100000000 1.23488 -3.76473 0 0 0 0.706155 0.708057
672.200000000 1.23539 -3.68973 0 0 0 0.705607 0.708603
672.300000000 1.23601 -3.61473 0 0 0 0.705059 0.709149
672.400000000 1.23676 -3.53974 0 0 0 0.70451 0.709694
672.500000000 1.23762 -3.46474 0 0 0 0.703961 0.710238
672.600000000 1.23859 -3.38975 0 0 0 0.703412 0.710783
672.700000000 1.23968 -3.31476 0 0 0 0.702862 0.711326
672.800000000 1.24089 -3.23976 0 0 0 0.702312 0.71187
672.900000000 1.24221 -3.16478 0 0 0 0.701761 0.712413
673.000000000 1.24365 -3.08979 0 0 0 0.70121 0.712955
673.100000000 1.24521 -3.01481 0 0 0 0.700658 0.713497
673.200000000 1.24688 -2.93982 0 0 0 0.700106 0.714039
673.300000000 1.24866 -2.86484 0 0 0 0.699554 0.71458
673.400000000 1.25057 -2.78987 0 0 0 0.699001 0.715121
673.500000000 1.25259 -2.71489 0 0 0 0.698448 0.715661
673.600000000 1.25472 -2.63992 0 0 0 0.697894 0.716201
673.700000000 1.25697 -2.56496 0 0 0 0.69734 0.71674
673.800000000 1.25934 -2.49 0 0 0 0.696786 0.717279
673.900000000 1.26182 -2.41504 0 0 0 0.696231 0.717818
674.000000000 1.2638 -2.34006 0 0 0 0.696786 0.717279
674.100000000 1.26567 -2.26508 0 0 0 0.69734 0.71674
674.200000000 1.26711 -2.1901 0 0 0 0.698431 0.715677
674.300000000 1.26833 -2.11511 0 0 0 0.699521 0.714612
674.400000000 1.26932 -2.04011 0 0 0 0.700609 0.713546
674.500000000 1.27009 -1.96511 0 0 0 0.701695 0.712478
674.600000000 1.27062 -1.89011 0 0 0 0.702779 0.711408
674.700000000 1.27093 -1.81511 0 0 0 0.703862 0.710336
674.800000000 1.27101 -1.74011 0 0 0 0.704944 0.709263
674.900000000 1.27085 -1.66511 0 0 0 0.706023 0.708188
675.000000000 1.27047 -1.59011 0 0 0 0.707102 0.707112
675.100000000 1.26987 -1.51511 0 0 0 0.708178 0.706034
675.200000000 1.26903 -1.44011 0 0 0 0.709253 0.704954
675.300000000 1.26796 -1.36512 0 0 0 0.710326 0.703873
675.400000000 1.26667 -1.29013 0 0 0 0.711397 0.70279
675.500000000 1.26515 -1.21514 0 0 0 0.712467 0.701705
675.600000000 1.2634 -1.14016 0 0 0 0.713535 0.700619
675.700000000 1.26142 -1.06519 0 0 0 0.714602 0.699531
675.800000000 1.25982 -0.990202 0 0 0 0.714602 0.699531
675.900000000 1.25822 -0.915219 0 0 0 0.714602 0.699531
676.000000000 1.25662 -0.840236 0 0 0 0.714602 0.699531
676.100000000 1.25502 -0.765254 0 0 0 0.714602 0.699531
676.200000000 1.25374 -0.690264 0 0 0 0.714061 0.700084
676.300000000 1.25256 -0.615273 0 0 0 0.713519 0.700636
676.400000000 1.25151 -0.54028 0 0 0 0.712977 0.701187
676.500000000 1.25056 -0.465286 0 0 0 0.712435 0.701738
676.600000000 1.24974 -0.39029 0 0 0 0.711892 0.702289
676.700000000 1.24903 -0.315293 0 0 0 0.711348 0.70284
676.800000000 1.24844 -0.240295 0 0 0 0.710805 0.703389
676.900000000 1.24796 -0.165296 0 0 0 0.710261 0.703939
677.000000000 1.2476 -0.0902962 0 0 0 0.709716 0.704488
677.100000000 1.24735 -0.0152962 0 0 0 0.709171 0.705037
677.200000000 1.24722 0.0597041 0 0 0 0.708626 0.705585
677.300000000 1.24721 0.134705 0 0 0 0.70808 0.706133
677.400000000 1.24731 0.209705 0 0 0 0.707533 0.70668
677.500000000 1.24753 0.284705 0 0 0 0.706987 0.707227
677.600000000 1.24787 0.359705 0 0 0 0.70644 0.707773
677.700000000 1.24832 0.434704 0 0 0 0.705892 0.708319
677.800000000 1.24888 0.509702 0 0 0 0.705344 0.708865
677.900000000 1.24957 0.584699 0 0 0 0.704796 0.70941
678.000000000 1.25515 0.659094 0 0 0 0.695692 0.71834
678.100000000 1.26555 0.715722 0 0 0 0.68013 0.733091
678.200000000 1.28032 0.755658 0 0 0 0.658314 0.752743
678.300000000 1.29852 0.776359 0 0 0 0.629058 0.777359
678.400000000 1.31789 0.774382 0 0 0 0.59065 0.806928
678.500000000 1.3368 0.768991 0 0 0 0.550228 0.835014
678.600000000 1.3551 0.761767 0 0 0 0.508473 0.861078
678.700000000 1.37259 0.75278 0 0 0 0.465486 0.885055
678.800000000 1.38912 0.742117 0 0 0 0.421372 0.906888
678.900000000 1.40451 0.729881 0 0 0 0.376236 0.926524
679.000000000 1.41863 0.71619 0 0 0 0.330189 0.943915
679.100000000 1.43134 0.701178 0 0 0 0.283342 0.959019
679.200000000 1.44251 0.68499 0 0 0 0.235809 0.9718
679.300000000 1.45203 0.667783 0 0 0 0.187704 0.982226
679.400000000 1.45982 0.649722 0 0 0 0.139144 0.990272
679.500000000 1.46579 0.630984 0 0 0 0.0902475 0.995919
679.600000000 1.4699 0.611749 0 0 0 0.0411321 0.999154
679.700000000 1.47209 0.592204 0 0 0 -0.00808287 0.999967
679.800000000 1.49679 0.576918 0 0 0 -0.0453148 0.998973
679.900000000 1.53566 0.561435 0 0 0 -0.0750288 0.997181
680.000000000 1.5752 0.543741 0 0 0 -0.103871 0.994591
680.100000000 1.61365 0.523788 0 0 0 -0.132627 0.991166
680.200000000 1.66715 0.50049 0 0 0 -0.15345 0.988156
680.300000000 1.73653 0.473057 0 0 0 -0.166039 0.986119
680.400000000 1.8058 0.44407 0 0 0 -0.177627 0.984098
680.500000000 1.87437 0.413461 0 0 0 -0.189191 0.98194
680.600000000 1.94221 0.381247 0 0 0 -0.200728 0.979647
680.700000000 2.00926 0.347447 0 0 0 -0.212238 0.977218
680.800000000 2.0755 0.312079 0 0 0 -0.223718 0.974654
680.900000000 2.14089 0.275162 0 0 0 -0.235167 0.971955
681.000000000 2.2054 0.236717 0 0 0 -0.246584 0.969121
681.100000000 2.26898 0.196765 0 0 0 -0.257967 0.966154
681.200000000 2.3316 0.155329 0 0 0 -0.269314 0.963053
681.300000000 2.39324 0.11243 0 0 0 -0.280623 0.959818
681.400000000 2.45384 0.0680944 0 0 0 -0.291894 0.956451
681.500000000 2.51339 0.0223448 0 0 0 -0.303125 0.952951
681.600000000 2.57184 -0.0247929 0 0 0 -0.314313 0.949319
681.700000000 2.62917 -0.0732926 0 0 0 -0.325458 0.945556
681.800000000 2.68535 -0.123128 0 0 0 -0.336558 0.941663
681.900000000 2.74033 -0.17427 0 0 0 -0.347611 0.937639
682.000000000 2.79736 -0.222981 0 0 0 -0.347059 0.937843
682.100000000 2.84822 -0.260887 0 0 0 -0.336871 0.941551
682.200000000 2.8884 -0.284852 0 0 0 -0.320425 0.947274
682.300000000 2.92065 -0.297485 0 0 0 -0.297746 0.954645
682.400000000 2.94483 -0.299685 0 0 0 -0.269115 0.963108
682.500000000 2.9685 -0.299892 0 0 0 -0.239862 0.970807
682.600000000 2.99149 -0.29815 0 0 0 -0.210001 0.977701
682.700000000 3.01434 -0.295003 0 0 0 -0.179942 0.983677
682.800000000 3.03695 -0.290463 0 0 0 -0.149714 0.988729
682.900000000 3.05925 -0.284546 0 0 0 -0.119345 0.992853
683.000000000 3.08113 -0.277274 0 0 0 -0.0888647 0.996044
683.100000000 3.10254 -0.268675 0 0 0 -0.0583007 0.998299
683.200000000 3.12337 -0.258781 0 0 0 -0.0276819 0.999617
683.300000000 3.14356 -0.24763 0 0 0 0.00296293 0.999996
683.400000000 3.16303 -0.235262 0 0 0 0.033605 0.999435
683.500000000 3.1817 -0.221726 0 0 0 0.0642154 0.997936
683.600000000 3.19951 -0.207071 0 0 0 0.0947656 0.9955
683.700000000 3.21639 -0.191352 0 0 0 0.125227 0.992128
683.800000000 3.23227 -0.174629 0 0 0 0.15557 0.987825
683.900000000 3.2471 -0.156965 0 0 0 0.185768 0.982594
684.000000000 3.24343 -0.142796 0 0 0 0.221362 0.975192
684.100000000 3.23645 -0.129521 0 0 0 0.257767 0.966207
684.200000000 3.23859 -0.112963 0 0 0 0.289761 0.957099
684.300000000 3.24048 -0.0959375 0 0 0 0.321001 0.947079
684.400000000 3.24126 -0.0788242 0 0 0 0.351896 0.936039
684.500000000 3.24091 -0.0616968 0 0 0 0.382412 0.923992
684.600000000 3.23944 -0.0446291 0 0 0 0.412516 0.91095
684.700000000 3.23686 -0.0276944 0 0 0 0.442177 0.896928
684.800000000 3.23317 -0.0109657 0 0 0 0.471361 0.88194
684.900000000 3.22839 0.00548494 0 0 0 0.500038 0.866003
685.000000000 3.22254 0.0215868 0 0 0 0.528177 0.849134
685.100000000 3.21565 0.0372706 0 0 0 0.555747 0.831351
685.200000000 3.20774 0.0524688 0 0 0 0.582719 0.812673
685.300000000 3.19886 0.0671159 0 0 0 0.609064 0.793121
685.400000000 3.18903 0.081149 0 0 0 0.634754 0.772715
685.500000000 3.17831 0.0945075 0 0 0 0.65976 0.751477
685.600000000 3.16673 0.107134 0 0 0 0.684056 0.72943
685.700000000 3.15435 0.118974 0 0 0 0.707615 0.706598
685.800000000 3.14122 0.129977 0 0 0 0.730413 0.683005
685.900000000 3.1274 0.140096 0 0 0 0.752425 0.658678
686.000000000 3.11294 0.149286 0 0 0 0.773627 0.633641
686.100000000 3.09843 0.17231 0 0 0 0.788757 0.614706
686.200000000 3.08328 0.204586 0 0 0 0.799101 0.601197
686.300000000 3.06617 0.24664 0 0 0 0.806238 0.591591
686.400000000 3.04792 0.289496 0 0 0 0.812911 0.582388
686.500000000 3.02871 0.331926 0 0 0 0.819478 0.57311
686.600000000 3.00853 0.373908 0 0 0 0.82594 0.563758
686.700000000 2.98741 0.415421 0 0 0 0.832295 0.554333
686.800000000 2.96535 0.456443 0 0 0 0.838542 0.544836
686.900000000 2.94236 0.496952 0 0 0 0.844681 0.535269
687.000000000 2.91846 0.536929 0 0 0 0.850711 0.525633
687.100000000 2.89365 0.576352 0 0 0 0.856631 0.515929
687.200000000 2.86795 0.6152 0 0 0 0.862441 0.506158
687.300000000 2.84138 0.653455 0 0 0 0.868138 0.496322
687.400000000 2.81394 0.691095 0 0 0 0.873724 0.486422
687.500000000 2.78566 0.728103 0 0 0 0.879197 0.476459
687.600000000 2.75654 0.764457 0 0 0 0.884556 0.466434
687.700000000 2.72661 0.80014 0 0 0 0.889801 0.456349
687.800000000 2.69586 0.835134 0 0 0 0.894931 0.446205
687.900000000 2.66434 0.86942 0 0 0 0.899945 0.436003
688.000000000 2.63925 0.890992 0 0 0 0.906714 0.421745
688.100000000 2.61865 0.902438 0 0 0 0.915358 0.402641
688.200000000 2.60199 0.901728 0 0 0 0.927745 0.373216
688.300000000 2.59133 0.89151 0 0 0 0.940888 0.338717
688.400000000 2.58221 0.879604 0 0 0 0.952926 0.303204
688.500000000 2.57401 0.867049 0 0 0 0.963623 0.267264
688.600000000 2.56677 0.853914 0 0 0 0.972966 0.230949
688.700000000 2.56054 0.840274 0 0 0 0.98094 0.194309
688.800000000 2.55534 0.826205 0 0 0 0.987536 0.157396
688.900000000 2.55122 0.811787 0 0 0 0.992742 0.120261
689.000000000 2.54819 0.7971 0 0 0 0.996553 0.0829573
689.100000000 2.54626 0.782228 0 0 0 0.998963 0.045537
689.200000000 2.54546 0.767253 0 0 0 0.999968 0.00805267
689.300000000 2.54578 0.75226 0 0 0 0.999566 -0.029443
689.400000000 2.54722 0.737333 0 0 0 0.99776 -0.0668973
689.500000000 2.54978 0.722556 0 0 0 0.99455 -0.104257
689.600000000 2.55344 0.708013 0 0 0 0.989942 -0.141471
689.700000000 2.55818 0.693784 0 0 0 0.983943 -0.178486
689.800000000 2.55113 0.678392 0 0 0 0.978176 -0.207776
689.900000000 2.54341 0.662244 0 0 0 0.971727 -0.236109
690.000000000 2.53664 0.645674 0 0 0 0.964456 -0.264243
690.100000000 2.53085 0.62874 0 0 0 0.956371 -0.292153
690.200000000 2.51719 0.608212 0 0 0 0.949245 -0.314537
690.300000000 2.50395 0.586794 0 0 0 0.941698 -0.33646
690.400000000 2.49171 0.564786 0 0 0 0.933644 -0.358202
690.500000000 2.48051 0.542234 0 0 0 0.925089 -0.379751
690.600000000 2.47036 0.519186 0 0 0 0.916036 -0.401097
690.700000000 2.4613 0.495694 0 0 0 0.906491 -0.422226
690.800000000 2.45333 0.471806 0 0 0 0.896458 -0.443129
690.900000000 2.44648 0.447575 0 0 0 0.885944 -0.463793
691.000000000 2.44075 0.423052 0 0 0 0.874953 -0.484208
691.100000000 2.43618 0.39829 0 0 0 -0.863492 0.504363
691.200000000 2.43275 0.373342 0 0 0 -0.851566 0.524247
691.300000000 2.43048 0.348263 0 0 0 -0.839183 0.543848
691.400000000 2.42938 0.323105 0 0 0 -0.826349 0.563158
691.500000000 2.42945 0.297924 0 0 0 -0.813071 0.582165
691.600000000 2.43068 0.272772 0 0 0 -0.799355 0.600858
691.700000000 2.43308 0.247705 0 0 0 -0.78521 0.619229
691.800000000 2.43664 0.222776 0 0 0 -0.770643 0.637267
691.900000000 2.44135 0.198039 0 0 0 -0.755661 0.654962
692.000000000 2.4472 0.173547 0 0 0 -0.740274 0.672306
692.100000000 2.45823 0.142628 0 0 0 -0.716365 0.697725
692.200000000 2.46889 0.101404 0 0 0 -0.695572 0.718456
692.300000000 2.48194 0.0608765 0 0 0 -0.674179 0.738568
692.400000000 2.49736 0.0211852 0 0 0 -0.652205 0.758043
692.500000000 2.51507 -0.0175331 0 0 0 -0.629668 0.776864
692.600000000 2.53502 -0.0543079 0 0 0 -0.606266 0.795262
692.700000000 2.55712 -0.0898306 0 0 0 -0.582327 0.812955
692.800000000 2.58129 -0.123975 0 0 0 -0.557872 0.829927
692.900000000 2.60746 -0.156621 0 0 0 -0.532922 0.846164
693.000000000 2.63551 -0.187653 0 0 0 -0.5075 0.861652
693.100000000 2.66537 -0.21696 0 0 0 -0.481629 0.876375
693.200000000 2.70283 -0.259657 0 0 0 -0.462374 0.886685
693.300000000 2.74805 -0.315413 0 0 0 -0.450897 0.892576
693.400000000 2.793 -0.375452 0 0 0 -0.449657 0.893201
693.500000000 2.83527 -0.437449 0 0 0 -0.456281 0.889836
693.600000000 2.87661 -0.500068 0 0 0 -0.46288 0.886421
693.700000000 2.91702 -0.563294 0 0 0 -0.469453 0.882958
693.800000000 2.95649 -0.627114 0 0 0 -0.476 0.879445
693.900000000 2.995 -0.691513 0 0 0 -0.482521 0.875885
694.000000000 3.03255 -0.756477 0 0 0 -0.489015 0.872275
694.100000000 3.06914 -0.821992 0 0 0 -0.495482 0.868618
694.200000000 3.10474 -0.888043 0 0 0 -0.501922 0.864913
694.300000000 3.13936 -0.954617 0 0 0 -0.508334 0.86116
694.400000000 3.17299 -1.0217 0 0 0 -0.514718 0.857359
694.500000000 3.20562 -1.08927 0 0 0 -0.521074 0.853512
694.600000000 3.23723 -1.15732 0 0 0 -0.527401 0.849617
694.700000000 3.26805 -1.22573 0 0 0 -0.533197 0.845991
694.800000000 3.29793 -1.29455 0 0 0 -0.538968 0.842326
694.900000000 3.32687 -1.36378 0 0 0 -0.544714 0.838622
695.000000000 3.35486 -1.4334 0 0 0 -0.550434 0.834879
695.100000000 3.38189 -1.50339 0 0 0 -0.556129 0.831096
695.200000000 3.40796 -1.57374 0 0 0 -0.561797 0.827275
695.300000000 3.43307 -1.64445 0 0 0 -0.56744 0.823415
695.400000000 3.45721 -1.71549 0 0 0 -0.573056 0.819516
695.500000000 3.48038 -1.78686 0 0 0 -0.578645 0.81558
695.600000000 3.50257 -1.85853 0 0 0 -0.584207 0.811605
695.700000000 3.524 -1.93043 0 0 0 -0.589251 0.80795
695.800000000 3.54454 -2.00259 0 0 0 -0.594273 0.804263
695.900000000 3.56442 -2.07493 0 0 0 -0.598774 0.800918
696.000000000 3.58349 -2.14749 0 0 0 -0.603256 0.797547
696.100000000 3.6015 -2.22032 0 0 0 -0.608213 0.793774
696.200000000 3.61884 -2.29331 0 0 0 -0.612655 0.790351
696.300000000 3.63536 -2.36649 0 0 0 -0.617077 0.786903
696.400000000 3.65106 -2.43985 0 0 0 -0.621481 0.78343
696.500000000 3.66619 -2.51332 0 0 0 -0.625367 0.78033
696.600000000 3.68058 -2.58694 0 0 0 -0.629239 0.777212
696.700000000 3.69425 -2.66071 0 0 0 -0.633095 0.774074
696.800000000 3.70717 -2.7346 0 0 0 -0.636935 0.770917
696.900000000 3.71944 -2.80861 0 0 0 -0.640616 0.767862
697.000000000 3.73107 -2.88271 0 0 0 -0.644141 0.764907
697.100000000 3.74225 -2.95689 0 0 0 -0.647209 0.762313
697.200000000 3.75289 -3.03114 0 0 0 -0.650147 0.759809
697.300000000 3.76302 -3.10546 0 0 0 -0.652955 0.757397
697.400000000 3.77037 -3.16839 0 0 0 -0.656746 0.754112
697.500000000 3.7769 -3.22973 0 0 0 -0.660421 0.750896
697.600000000 3.78252 -3.28781 0 0 0 -0.663882 0.747837
697.700000000 3.7895 -3.35747 0 0 0 -0.666353 0.745637
697.800000000 3.79571 -3.42385 0 0 0 -0.668699 0.743533
697.900000000 3.80136 -3.48862 0 0 0 -0.67098 0.741475
698.000000000 3.80647 -3.55175 0 0 0 -0.673197 0.739464
698.100000000 3.81096 -3.61159 0 0 0 -0.675291 0.737551
698.200000000 3.81499 -3.66979 0 0 0 -0.677322 0.735687
698.300000000 3.81859 -3.72635 0 0 0 -0.67929 0.73387
698.400000000 3.8218 -3.78126 0 0 0 -0.681195 0.732102
698.500000000 3.82463 -3.83453 0 0 0 -0.683038 0.730382
698.600000000 3.82703 -3.88448 0 0 0 -0.684763 0.728766
698.700000000 3.82836 -3.92781 0 0 0 -0.687259 0.726412
698.800000000 3.82935 -3.96948 0 0 0 -0.689653 0.72414
698.900000000 3.83019 -4.01115 0 0 0 -0.691797 0.722092
699.000000000 3.83077 -4.05116 0 0 0 -0.693849 0.72012
699.100000000 3.8311 -4.0895 0 0 0 -0.695811 0.718225
699.200000000 3.8319 -4.13117 0 0 0 -0.696752 0.717312
699.300000000 3.83269 -4.17116 0 0 0 -0.697428 0.716655
699.400000000 3.83337 -4.20949 0 0 0 -0.698076 0.716024
699.500000000 3.83398 -4.24782 0 0 0 -0.698722 0.715393
699.600000000 3.8345 -4.28448 0 0 0 -0.699341 0.714788
699.700000000 3.83493 -4.31948 0 0 0 -0.69993 0.714211
699.800000000 3.83529 -4.35281 0 0 0 -0.700491 0.713661
699.900000000 3.83558 -4.38448 0 0 0 -0.701024 0.713138
700.000000000 3.83582 -4.41615 0 0 0 -0.701556 0.712614
700.100000000 3.83601 -4.44615 0 0 0 -0.70206 0.712117
700.200000000 3.83634 -4.47615 0 0 0 -0.702228 0.711952
700.300000000 3.83664 -4.50448 0 0 0 -0.702387 0.711796
700.400000000 3.83692 -4.53114 0 0 0 -0.702536 0.711649
700.500000000 3.83717 -4.55781 0 0 0 -0.702685 0.711501
700.600000000 3.83741 -4.58281 0 0 0 -0.702824 0.711363
700.700000000 3.83763 -4.60781 0 0 0 -0.702964 0.711225
700.800000000 3.83783 -4.63114 0 0 0 -0.703094 0.711097
700.900000000 3.83802 -4.65447 0 0 0 -0.703225 0.710968
701.000000000 3.83819 -4.67614 0 0 0 -0.703346 0.710848
701.100000000 3.83835 -4.6978 0 0 0 -0.703467 0.710728
701.200000000 3.8385 -4.7178 0 0 0 -0.703578 0.710618
701.300000000 3.83864 -4.73947 0 0 0 -0.703699 0.710498
701.400000000 3.83877 -4.75947 0 0 0 -0.703811 0.710387
701.500000000 3.8389 -4.77947 0 0 0 -0.703922 0.710277
701.600000000 3.83902 -4.80114 0 0 0 -0.704043 0.710157
701.700000000 3.83913 -4.82114 0 0 0 -0.704155 0.710046
701.800000000 3.83924 -4.84114 0 0 0 -0.704266 0.709936
701.900000000 3.83933 -4.85947 0 0 0 -0.704369 0.709834
702.000000000 3.83942 -4.87947 0 0 0 -0.70448 0.709724
702.100000000 3.8395 -4.89947 0 0 0 -0.704592 0.709613
702.200000000 3.83958 -4.91947 0 0 0 -0.704703 0.709502
702.300000000 3.83966 -4.94114 0 0 0 -0.704824 0.709382
702.400000000 3.83973 -4.96114 0 0 0 -0.704935 0.709272
702.500000000 3.83979 -4.98114 0 0 0 -0.705047 0.709161
702.600000000 3.83984 -4.99947 0 0 0 -0.705149 0.709059
702.700000000 3.83988 -5.01947 0 0 0 -0.70526 0.708949
702.800000000 3.83992 -5.0378 0 0 0 -0.705362 0.708847
702.900000000 3.83995 -5.05614 0 0 0 -0.705464 0.708745
703.000000000 3.83999 -5.0778 0 0 0 -0.705585 0.708625
703.100000000 3.84001 -5.0978 0 0 0 -0.705696 0.708515
703.200000000 3.84003 -5.1178 0 0 0 -0.705808 0.708404
703.300000000 3.84004 -5.1378 0 0 0 -0.705919 0.708293
703.400000000 3.84004 -5.1578 0 0 0 -0.70603 0.708182
703.500000000 3.84004 -5.1778 0 0 0 -0.706141 0.708071
703.600000000 3.84003 -5.1978 0 0 0 -0.706253 0.70796
703.700000000 3.84002 -5.2178 0 0 0 -0.706364 0.707849
703.800000000 3.84 -5.2378 0 0 0 -0.706475 0.707738
703.900000000 3.83997 -5.2578 0 0 0 -0.706586 0.707627
704.000000000 3.83994 -5.27614 0 0 0 -0.706688 0.707525
704.100000000 3.8399 -5.29447 0 0 0 -0.70679 0.707424
704.200000000 3.83992 -5.31614 0 0 0 -0.70679 0.707424
704.300000000 3.83994 -5.33614 0 0 0 -0.70679 0.707424
704.400000000 3.83996 -5.35614 0 0 0 -0.70679 0.707424
704.500000000 3.83998 -5.37614 0 0 0 -0.70679 0.707424
704.600000000 3.83999 -5.39614 0 0 0 -0.70679 0.707424
704.700000000 3.84001 -5.4178 0 0 0 -0.70679 0.707424
704.800000000 3.84003 -5.4378 0 0 0 -0.70679 0.707424
704.900000000 3.84005 -5.4578 0 0 0 -0.70679 0.707424
705.000000000 3.84007 -5.47614 0 0 0 -0.70679 0.707424
705.100000000 3.84008 -5.49614 0 0 0 -0.70679 0.707424
705.200000000 3.8401 -5.51447 0 0 0 -0.70679 0.707424
705.300000000 3.84012 -5.5328 0 0 0 -0.70679 0.707424
705.400000000 3.84014 -5.55447 0 0 0 -0.70679 0.707424
705.500000000 3.84015 -5.57447 0 0 0 -0.70679 0.707424
705.600000000 3.84017 -5.59447 0 0 0 -0.70679 0.707424
705.700000000 3.84019 -5.61447 0 0 0 -0.70679 0.707424
705.800000000 3.84021 -5.63447 0 0 0 -0.70679 0.707424
705.900000000 3.84023 -5.65614 0 0 0 -0.70679 0.707424
706.000000000 3.84024 -5.67614 0 0 0 -0.70679 0.707424
706.100000000 3.84026 -5.69614 0 0 0 -0.70679 0.707424
706.200000000 3.84028 -5.71614 0 0 0 -0.70679 0.707424
706.300000000 3.8403 -5.7378 0 0 0 -0.70679 0.707424
706.400000000 3.84032 -5.7578 0 0 0 -0.70679 0.707424
706.500000000 3.84034 -5.7778 0 0 0 -0.70679 0.707424
706.600000000 3.84035 -5.7978 0 0 0 -0.70679 0.707424
706.700000000 3.84037 -5.81614 0 0 0 -0.70679 0.707424
706.800000000 3.84039 -5.83614 0 0 0 -0.70679 0.707424
706.900000000 3.8404 -5.85447 0 0 0 -0.70679 0.707424
707.000000000 3.84042 -5.87447 0 0 0 -0.70679 0.707424
707.100000000 3.84044 -5.89447 0 0 0 -0.70679 0.707424
707.200000000 3.84046 -5.91447 0 0 0 -0.70679 0.707424
707.300000000 3.84048 -5.93447 0 0 0 -0.70679 0.707424
707.400000000 3.84049 -5.9528 0 0 0 -0.70679 0.707424
707.500000000 3.84051 -5.9728 0 0 0 -0.70679 0.707424
707.600000000 3.84053 -5.99114 0 0 0 -0.70679 0.707424
707.700000000 3.84054 -6.01114 0 0 0 -0.70679 0.707424
707.800000000 3.84056 -6.03114 0 0 0 -0.70679 0.707424
707.900000000 3.84058 -6.05114 0 0 0 -0.70679 0.707424
708.000000000 3.8406 -6.07114 0 0 0 -0.70679 0.707424
708.100000000 3.84062 -6.09114 0 0 0 -0.70679 0.707424
708.200000000 3.84063 -6.11114 0 0 0 -0.70679 0.707424
708.300000000 3.84065 -6.1328 0 0 0 -0.70679 0.707424
708.400000000 3.84067 -6.1528 0 0 0 -0.70679 0.707424
708.500000000 3.84069 -6.17447 0 0 0 -0.70679 0.707424
708.600000000 3.84071 -6.19447 0 0 0 -0.70679 0.707424
708.700000000 3.84073 -6.21447 0 0 0 -0.70679 0.707424
708.800000000 3.84074 -6.2328 0 0 0 -0.70679 0.707424
708.900000000 3.84076 -6.25447 0 0 0 -0.70679 0.707424
709.000000000 3.84078 -6.27614 0 0 0 -0.70679 0.707424
709.100000000 3.8408 -6.29614 0 0 0 -0.70679 0.707424
709.200000000 3.84082 -6.31614 0 0 0 -0.70679 0.707424
709.300000000 3.84084 -6.33614 0 0 0 -0.70679 0.707424
709.400000000 3.84085 -6.35614 0 0 0 -0.70679 0.707424
709.500000000 3.84087 -6.37447 0 0 0 -0.70679 0.707424
709.600000000 3.84089 -6.39447 0 0 0 -0.70679 0.707424
709.700000000 3.84091 -6.41614 0 0 0 -0.70679 0.707424
709.800000000 3.84093 -6.43614 0 0 0 -0.70679 0.707424
709.900000000 3.84094 -6.45614 0 0 0 -0.70679 0.707424
710.000000000 3.84096 -6.47447 0 0 0 -0.70679 0.707424
710.100000000 3.84098 -6.49447 0 0 0 -0.70679 0.707424
710.200000000 3.841 -6.51447 0 0 0 -0.70679 0.707424
710.300000000 3.84101 -6.53447 0 0 0 -0.70679 0.707424
710.400000000 3.84103 -6.55447 0 0 0 -0.70679 0.707424
710.500000000 3.84105 -6.57447 0 0 0 -0.70679 0.707424
710.600000000 3.84107 -6.59447 0 0 0 -0.70679 0.707424
710.700000000 3.84109 -6.61447 0 0 0 -0.70679 0.707424
710.800000000 3.8411 -6.63447 0 0 0 -0.70679 0.707424
710.900000000 3.84112 -6.65447 0 0 0 -0.70679 0.707424
711.000000000 3.84114 -6.67447 0 0 0 -0.70679 0.707424
711.100000000 3.84116 -6.69447 0 0 0 -0.70679 0.707424
711.200000000 3.84117 -6.7128 0 0 0 -0.70679 0.707424
711.300000000 3.84119 -6.7328 0 0 0 -0.70679 0.707424
711.400000000 3.84121 -6.7528 0 0 0 -0.70679 0.707424
711.500000000 3.84123 -6.7728 0 0 0 -0.70679 0.707424
711.600000000 3.84125 -6.7928 0 0 0 -0.70679 0.707424
711.700000000 3.84126 -6.8128 0 0 0 -0.70679 0.707424
711.800000000 3.84128 -6.8328 0 0 0 -0.70679 0.707424
711.900000000 3.8413 -6.8528 0 0 0 -0.70679 0.707424
712.000000000 3.84132 -6.8728 0 0 0 -0.70679 0.707424
712.100000000 3.84134 -6.89447 0 0 0 -0.70679 0.707424
712.200000000 3.84135 -6.91447 0 0 0 -0.70679 0.707424
712.300000000 3.84137 -6.93447 0 0 0 -0.70679 0.707424
712.400000000 3.84139 -6.9528 0 0 0 -0.70679 0.707424
712.500000000 3.84141 -6.9728 0 0 0 -0.70679 0.707424
712.600000000 3.84142 -6.99114 0 0 0 -0.70679 0.707424
712.700000000 3.84144 -7.01114 0 0 0 -0.70679 0.707424
712.800000000 3.84146 -7.03114 0 0 0 -0.70679 0.707424
712.900000000 3.84148 -7.05114 0 0 0 -0.70679 0.707424
713.000000000 3.84149 -7.07114 0 0 0 -0.70679 0.707424
713.100000000 3.84126 -7.09114 0 0 0 -0.707235 0.706979
713.200000000 3.84094 -7.11114 0 0 0 -0.707791 0.706422
713.300000000 3.84059 -7.13113 0 0 0 -0.708347 0.705865
713.400000000 3.8402 -7.15113 0 0 0 -0.708902 0.705307
713.500000000 3.83978 -7.17113 0 0 0 -0.709457 0.704749
713.600000000 3.83937 -7.18946 0 0 0 -0.709965 0.704237
713.700000000 3.8389 -7.20946 0 0 0 -0.710519 0.703678
713.800000000 3.83839 -7.22945 0 0 0 -0.711073 0.703118
713.900000000 3.83785 -7.24945 0 0 0 -0.711626 0.702559
714.000000000 3.83728 -7.26944 0 0 0 -0.712179 0.701998
714.100000000 3.83672 -7.28777 0 0 0 -0.712685 0.701484
714.200000000 3.83616 -7.30776 0 0 0 -0.713126 0.701036
714.300000000 3.83556 -7.32776 0 0 0 -0.713567 0.700587
714.400000000 3.83494 -7.34775 0 0 0 -0.714008 0.700138
714.500000000 3.83425 -7.36941 0 0 0 -0.714485 0.699651
714.600000000 3.83358 -7.3894 0 0 0 -0.714925 0.699201
714.700000000 3.83288 -7.40938 0 0 0 -0.715364 0.698752
714.800000000 3.83222 -7.42771 0 0 0 -0.715767 0.698339
714.900000000 3.83154 -7.44603 0 0 0 -0.71617 0.697926
715.000000000 3.83077 -7.46602 0 0 0 -0.716609 0.697475
715.100000000 3.82997 -7.486 0 0 0 -0.717048 0.697024
715.200000000 3.82916 -7.50599 0 0 0 -0.717486 0.696573
715.300000000 3.82838 -7.5243 0 0 0 -0.717888 0.696159
715.400000000 3.82752 -7.54429 0 0 0 -0.718325 0.695707
715.500000000 3.82663 -7.56427 0 0 0 -0.718763 0.695255
715.600000000 3.82571 -7.58425 0 0 0 -0.7192 0.694803
715.700000000 3.82477 -7.60423 0 0 0 -0.719637 0.69435
715.800000000 3.82412 -7.62422 0 0 0 -0.719528 0.694463
715.900000000 3.82353 -7.64421 0 0 0 -0.71931 0.694689
716.000000000 3.82301 -7.66254 0 0 0 -0.71911 0.694897
716.100000000 3.8225 -7.68086 0 0 0 -0.718909 0.695104
716.200000000 3.82195 -7.70086 0 0 0 -0.718691 0.69533
716.300000000 3.82146 -7.71918 0 0 0 -0.718491 0.695537
716.400000000 3.82094 -7.73918 0 0 0 -0.718272 0.695762
716.500000000 3.82043 -7.75917 0 0 0 -0.718053 0.695988
716.600000000 3.81993 -7.77916 0 0 0 -0.717835 0.696214
716.700000000 3.81944 -7.79916 0 0 0 -0.717616 0.696439
716.800000000 3.81897 -7.81915 0 0 0 -0.717397 0.696665
716.900000000 3.81851 -7.83915 0 0 0 -0.717178 0.69689
717.000000000 3.8181 -7.85748 0 0 0 -0.716977 0.697097
717.100000000 3.8177 -7.87581 0 0 0 -0.716776 0.697303
717.200000000 3.81727 -7.8958 0 0 0 -0.716557 0.697528
717.300000000 3.81686 -7.9158 0 0 0 -0.716338 0.697754
717.400000000 3.81646 -7.93579 0 0 0 -0.716119 0.697979
717.500000000 3.8161 -7.95413 0 0 0 -0.715917 0.698185
717.600000000 3.81573 -7.97412 0 0 0 -0.715698 0.69841
717.700000000 3.8154 -7.99245 0 0 0 -0.715497 0.698616
717.800000000 3.81504 -8.01245 0 0 0 -0.715277 0.698841
717.900000000 3.81468 -8.03411 0 0 0 -0.715039 0.699084
718.000000000 3.81435 -8.05411 0 0 0 -0.714819 0.699309
718.100000000 3.81404 -8.07411 0 0 0 -0.7146 0.699534
718.200000000 3.81394 -8.09244 0 0 0 -0.714095 0.700049
718.300000000 3.81392 -8.11078 0 0 0 -0.713488 0.700667
718.400000000 3.81393 -8.13078 0 0 0 -0.712825 0.701342
718.500000000 3.81399 -8.15079 0 0 0 -0.712162 0.702015
718.600000000 3.81408 -8.17079 0 0 0 -0.711498 0.702688
718.700000000 3.81421 -8.19079 0 0 0 -0.710834 0.70336
718.800000000 3.81437 -8.2108 0 0 0 -0.710168 0.704032
718.900000000 3.81456 -8.22913 0 0 0 -0.709558 0.704647
719.000000000 3.8148 -8.24913 0 0 0 -0.708892 0.705317
719.100000000 3.8151 -8.2708 0 0 0 -0.708169 0.706043
719.200000000 3.81561 -8.2908 0 0 0 -0.707163 0.70705
719.300000000 3.81618 -8.3108 0 0 0 -0.706156 0.708056
719.400000000 3.81675 -8.32913 0 0 0 -0.705232 0.708976
719.500000000 3.81737 -8.34746 0 0 0 -0.704307 0.709896
719.600000000 3.81809 -8.36746 0 0 0 -0.703296 0.710898
719.700000000 3.81888 -8.38745 0 0 0 -0.702283 0.711898
719.800000000 3.81972 -8.40744 0 0 0 -0.701269 0.712897
719.900000000 3.82062 -8.42742 0 0 0 -0.700254 0.713894
720.000000000 3.82157 -8.44741 0 0 0 -0.699237 0.71489
720.100000000 3.82267 -8.46906 0 0 0 -0.698134 0.715967
720.200000000 3.8242 -8.48902 0 0 0 -0.696293 0.717757
720.300000000 3.82576 -8.50898 0 0 0 -0.694568 0.719427
720.400000000 3.8273 -8.52894 0 0 0 -0.693077 0.720864
720.500000000 3.82884 -8.54889 0 0 0 -0.691701 0.722184
720.600000000 3.83051 -8.56717 0 0 0 -0.69011 0.723705
720.700000000 3.83214 -8.58544 0 0 0 -0.688734 0.725014
720.800000000 3.83361 -8.60539 0 0 0 -0.687934 0.725774
720.900000000 3.83499 -8.62535 0 0 0 -0.687362 0.726315
721.000000000 3.83635 -8.6453 0 0 0 -0.686905 0.726747
721.100000000 3.83766 -8.66526 0 0 0 -0.686562 0.727071
721.200000000 3.83893 -8.68522 0 0 0 -0.686334 0.727287
721.300000000 3.84015 -8.70518 0 0 0 -0.68622 0.727394
721.400000000 3.84132 -8.72515 0 0 0 -0.68622 0.727394
721.500000000 3.84306 -8.7551 0 0 0 -0.68622 0.727394
721.600000000 3.84471 -8.78338 0 0 0 -0.68622 0.727394
721.700000000 3.84654 -8.81166 0 0 0 -0.685896 0.7277
721.800000000 3.84821 -8.83994 0 0 0 -0.685896 0.7277
721.900000000 3.84996 -8.86655 0 0 0 -0.685591 0.727987
722.000000000 3.85166 -8.8965 0 0 0 -0.685762 0.727826
722.100000000 3.85307 -8.92647 0 0 0 -0.686449 0.727178
722.200000000 3.85452 -8.95477 0 0 0 -0.686772 0.726872
722.300000000 3.85575 -8.98475 0 0 0 -0.68763 0.726061
722.400000000 3.85711 -9.01305 0 0 0 -0.687953 0.725755
722.500000000 3.85809 -9.04137 0 0 0 -0.688924 0.724833
722.600000000 3.86555 -9.11605 0 0 0 -0.682275 0.731096
722.700000000 3.87614 -9.18705 0 0 0 -0.671839 0.740698
722.800000000 3.88884 -9.25677 0 0 0 -0.66092 0.750457
722.900000000 3.90357 -9.32609 0 0 0 -0.649859 0.760055
723.000000000 3.92033 -9.39494 0 0 0 -0.638659 0.76949
723.100000000 3.9391 -9.46328 0 0 0 -0.627322 0.77876
723.200000000 3.95971 -9.52296 0 0 0 -0.612744 0.790281
723.300000000 3.98248 -9.58098 0 0 0 -0.597621 0.801779
723.400000000 4.00751 -9.63894 0 0 0 -0.582621 0.812744
723.500000000 4.03468 -9.69593 0 0 0 -0.567419 0.823429
723.600000000 4.06395 -9.75188 0 0 0 -0.552022 0.83383
723.700000000 4.09528 -9.8067 0 0 0 -0.536434 0.843942
723.800000000 4.12862 -9.86031 0 0 0 -0.520661 0.853764
723.900000000 4.16393 -9.91265 0 0 0 -0.504708 0.86329
724.000000000 4.20117 -9.96365 0 0 0 -0.488581 0.872519
724.100000000 4.24434 -10.0251 0 0 0 -0.478284 0.878205
724.200000000 4.28861 -10.0857 0 0 0 -0.468824 0.883291
724.300000000 4.33418 -10.1454 0 0 0 -0.459311 0.888276
724.400000000 4.38101 -10.2041 0 0 0 -0.449744 0.893157
724.500000000 4.42909 -10.2617 0 0 0 -0.440126 0.897936
724.600000000 4.4784 -10.3183 0 0 0 -0.430456 0.902611
724.700000000 4.52892 -10.3739 0 0 0 -0.420737 0.907182
724.800000000 4.58061 -10.4283 0 0 0 -0.41097 0.911649
724.900000000 4.63347 -10.4816 0 0 0 -0.401155 0.91601
725.000000000 4.68746 -10.5338 0 0 0 -0.391294 0.920266
725.100000000 4.74255 -10.5848 0 0 0 -0.381388 0.924415
725.200000000 4.79616 -10.6373 0 0 0 -0.379979 0.924995
725.300000000 4.84972 -10.6898 0 0 0 -0.379264 0.925289
725.400000000 4.90336 -10.7422 0 0 0 -0.378548 0.925582
725.500000000 4.95708 -10.7945 0 0 0 -0.377832 0.925874
725.600000000 5.01089 -10.8468 0 0 0 -0.377116 0.926166
725.700000000 5.06477 -10.8989 0 0 0 -0.3764 0.926457
725.800000000 5.11873 -10.951 0 0 0 -0.375683 0.926748
725.900000000 5.17278 -11.003 0 0 0 -0.374966 0.927038
726.000000000 5.2269 -11.055 0 0 0 -0.374249 0.927328
726.100000000 5.28111 -11.1068 0 0 0 -0.373532 0.927617
726.200000000 5.33496 -11.159 0 0 0 -0.374249 0.927328
726.300000000 5.38874 -11.2113 0 0 0 -0.374966 0.927038
726.400000000 5.44244 -11.2636 0 0 0 -0.375683 0.926748
726.500000000 5.49605 -11.3161 0 0 0 -0.3764 0.926457
726.600000000 5.54958 -11.3686 0 0 0 -0.377116 0.926166
726.700000000 5.60303 -11.4212 0 0 0 -0.377832 0.925874
726.800000000 5.6564 -11.4739 0 0 0 -0.378548 0.925582
726.900000000 5.70969 -11.5267 0 0 0 -0.379264 0.925289
727.000000000 5.7629 -11.5795 0 0 0 -0.379979 0.924995
727.100000000 5.81602 -11.6325 0 0 0 -0.380694 0.924701
727.200000000 5.86907 -11.6855 0 0 0 -0.381409 0.924406
727.300000000 5.92203 -11.7386 0 0 0 -0.382124 0.924111
727.400000000 5.9749 -11.7918 0 0 0 -0.382838 0.923815
727.500000000 6.0277 -11.8451 0 0 0 -0.383553 0.923519
727.600000000 6.08041 -11.8984 0 0 0 -0.384267 0.923222
727.700000000 6.13081 -11.954 0 0 0 -0.392172 0.919892
727.800000000 6.18008 -12.0107 0 0 0 -0.400558 0.916271
727.900000000 6.22831 -12.0682 0 0 0 -0.408911 0.912574
728.000000000 6.27548 -12.1265 0 0 0 -0.41723 0.908801
728.100000000 6.32157 -12.1858 0 0 0 -0.425514 0.904952
728.200000000 6.3636 -12.2451 0 0 0 -0.437882 0.899032
728.300000000 6.40398 -12.3056 0 0 0 -0.450168 0.892944
728.400000000 6.44341 -12.3678 0 0 0 -0.461947 0.886907
728.500000000 6.48189 -12.4317 0 0 0 -0.47322 0.880944
728.600000000 6.51804 -12.4959 0 0 0 -0.484838 0.874604
728.700000000 6.55315 -12.5617 0 0 0 -0.495952 0.86835
728.800000000 6.58657 -12.6284 0 0 0 -0.506985 0.861955
728.900000000 6.61828 -12.6959 0 0 0 -0.517936 0.85542
729.000000000 6.64867 -12.7646 0 0 0 -0.528386 0.849005
729.100000000 6.67736 -12.834 0 0 0 -0.538756 0.842462
729.200000000 6.70453 -12.904 0 0 0 -0.548629 0.836066
729.300000000 6.72986 -12.9747 0 0 0 -0.558839 0.829276
729.400000000 6.75363 -13.0459 0 0 0 -0.568555 0.822645
729.500000000 6.77611 -13.1176 0 0 0 -0.577357 0.816492
729.600000000 6.79685 -13.1897 0 0 0 -0.586511 0.809941
729.700000000 6.81635 -13.2622 0 0 0 -0.594754 0.803908
729.800000000 6.83417 -13.3352 0 0 0 -0.603354 0.797474
729.900000000 6.85083 -13.4083 0 0 0 -0.611045 0.791596
730.000000000 6.86586 -13.4819 0 0 0 -0.619099 0.785313
730.100000000 6.87981 -13.5556 0 0 0 -0.626246 0.779625
730.200000000 6.8924 -13.6296 0 0 0 -0.633342 0.773872
730.300000000 6.90365 -13.7038 0 0 0 -0.640384 0.768055
730.400000000 6.91375 -13.7782 0 0 0 -0.646949 0.762533
730.500000000 6.92351 -13.8526 0 0 0 -0.651686 0.758488
730.600000000 6.93234 -13.9271 0 0 0 -0.656399 0.754414
730.700000000 6.94024 -14.0017 0 0 0 -0.661086 0.75031
730.800000000 6.95263 -14.0757 0 0 0 -0.655493 0.755201
730.900000000 6.96842 -14.1439 0 0 0 -0.644014 0.765014
731.000000000 6.98625 -14.2115 0 0 0 -0.632388 0.774652
731.100000000 7.00612 -14.2786 0 0 0 -0.620617 0.784114
731.200000000 7.02801 -14.3451 0 0 0 -0.608705 0.793396
731.300000000 7.05189 -14.4108 0 0 0 -0.596655 0.802498
731.400000000 7.07766 -14.4749 0 0 0 -0.584102 0.811681
731.500000000 7.10542 -14.5382 0 0 0 -0.571407 0.820667
731.600000000 7.13512 -14.6005 0 0 0 -0.558574 0.829454
731.700000000 7.16693 -14.6629 0 0 0 -0.545985 0.837795
731.800000000 7.2006 -14.7242 0 0 0 -0.533271 0.845944
731.900000000 7.23611 -14.7845 0 0 0 -0.520435 0.853901
732.000000000 7.27342 -14.8437 0 0 0 -0.507481 0.861663
732.100000000 7.30728 -14.8854 0 0 0 -0.487157 0.873314
732.200000000 7.33728 -14.9101 0 0 0 -0.459483 0.888187
732.300000000 7.36078 -14.915 0 0 0 -0.422813 0.906217
732.400000000 7.37622 -14.9028 0 0 0 -0.377709 0.925924
732.500000000 7.38947 -14.8879 0 0 0 -0.33096 0.943645
732.600000000 7.40116 -14.8717 0 0 0 -0.283384 0.959007
732.700000000 7.41117 -14.8544 0 0 0 -0.235099 0.971971
732.800000000 7.41941 -14.8361 0 0 0 -0.186227 0.982507
732.900000000 7.42579 -14.8172 0 0 0 -0.13689 0.990586
733.000000000 7.43024 -14.7977 0 0 0 -0.0872099 0.99619
733.100000000 7.45645 -14.787 0 0 0 -0.0495623 0.998771
733.200000000 7.49261 -14.7777 0 0 0 -0.0173186 0.99985
733.300000000 7.52895 -14.7662 0 0 0 0.0145192 0.999895
733.400000000 7.56448 -14.7524 0 0 0 0.0463424 0.998926
733.500000000 7.59906 -14.7364 0 0 0 0.0781185 0.996944
733.600000000 7.63256 -14.7183 0 0 0 0.109816 0.993952
733.700000000 7.66483 -14.698 0 0 0 0.141401 0.989952
733.800000000 7.69575 -14.6757 0 0 0 0.172843 0.984949
733.900000000 7.72518 -14.6515 0 0 0 0.204111 0.978948
734.000000000 7.75302 -14.6255 0 0 0 0.235171 0.971954
734.100000000 7.79503 -14.5932 0 0 0 0.258255 0.966077
734.200000000 7.85155 -14.5535 0 0 0 0.273249 0.961943
734.300000000 7.90944 -14.511 0 0 0 0.286863 0.957972
734.400000000 7.9661 -14.467 0 0 0 0.300419 0.953807
734.500000000 8.02149 -14.4213 0 0 0 0.313915 0.949451
734.600000000 8.07556 -14.3741 0 0 0 0.327347 0.944904
734.700000000 8.12827 -14.3254 0 0 0 0.340714 0.940167
734.800000000 8.17958 -14.2752 0 0 0 0.354012 0.935241
734.900000000 8.22945 -14.2236 0 0 0 0.367239 0.930126
735.000000000 8.27783 -14.1705 0 0 0 0.380393 0.924825
735.100000000 8.32469 -14.1162 0 0 0 0.393469 0.919338
735.200000000 8.3757 -14.0612 0 0 0 0.395878 0.918303
735.300000000 8.42719 -14.0066 0 0 0 0.395878 0.918303
735.400000000 8.47869 -13.9521 0 0 0 0.395878 0.918303
735.500000000 8.52903 -13.8988 0 0 0 0.395878 0.918303
735.600000000 8.57824 -13.8467 0 0 0 0.395878 0.918303
735.700000000 8.62515 -13.797 0 0 0 0.395878 0.918303
735.800000000 8.67092 -13.7485 0 0 0 0.395878 0.918303
735.900000000 8.71555 -13.7013 0 0 0 0.395878 0.918303
736.000000000 8.75789 -13.6564 0 0 0 0.395878 0.918303
736.100000000 8.80976 -13.6023 0 0 0 0.394675 0.918821
736.200000000 8.86176 -13.5482 0 0 0 0.39352 0.919316
736.300000000 8.90345 -13.5051 0 0 0 0.392653 0.919687
736.400000000 8.94058 -13.4668 0 0 0 0.391882 0.920015
736.500000000 8.99172 -13.4142 0 0 0 0.390822 0.920466
736.600000000 9.04182 -13.363 0 0 0 0.389785 0.920906
736.700000000 9.09446 -13.3095 0 0 0 0.388382 0.921499
736.800000000 9.146 -13.2574 0 0 0 0.38732 0.921946
736.900000000 9.19894 -13.2042 0 0 0 0.385915 0.922535
737.000000000 9.25203 -13.1513 0 0 0 0.384509 0.923121
737.100000000 9.30529 -13.0985 0 0 0 0.383102 0.923706
737.200000000 9.32898 -13.075 0 0 0 0.382618 0.923907
737.300000000 9.37287 -13.0317 0 0 0 0.381723 0.924277
737.400000000 9.42644 -12.9792 0 0 0 0.380314 0.924857
737.500000000 9.48017 -12.9269 0 0 0 0.378905 0.925436
737.600000000 9.53406 -12.8747 0 0 0 0.377494 0.926012
737.700000000 9.58811 -12.8227 0 0 0 0.376083 0.926586
737.800000000 9.64232 -12.7709 0 0 0 0.374671 0.927158
737.900000000 9.69669 -12.7192 0 0 0 0.373258 0.927727
738.000000000 9.73997 -12.6777 0 0 0 0.373258 0.927727
738.100000000 9.78205 -12.6373 0 0 0 0.373258 0.927727
738.200000000 9.8228 -12.5979 0 0 0 0.373671 0.927561
738.300000000 9.86112 -12.5608 0 0 0 0.37406 0.927405
738.400000000 9.89822 -12.5248 0 0 0 0.374436 0.927253
738.500000000 9.93409 -12.49 0 0 0 0.3748 0.927106
738.600000000 9.96874 -12.4563 0 0 0 0.375152 0.926963
738.700000000 10.0022 -12.4237 0 0 0 0.375492 0.926826
738.800000000 10.0344 -12.3923 0 0 0 0.37582 0.926693
738.900000000 10.0654 -12.362 0 0 0 0.376135 0.926565
739.000000000 10.0952 -12.3329 0 0 0 0.376438 0.926442
739.100000000 10.1237 -12.3049 0 0 0 0.376729 0.926323
739.200000000 10.1523 -12.2769 0 0 0 0.37702 0.926205
739.300000000 10.1796 -12.25 0 0 0 0.377299 0.926091
739.400000000 10.2058 -12.2243 0 0 0 0.377566 0.925983
739.500000000 10.2307 -12.1998 0 0 0 0.37782 0.925879
739.600000000 10.2545 -12.1764 0 0 0 0.378063 0.92578
739.700000000 10.2782 -12.153 0 0 0 0.378305 0.925681
739.800000000 10.3007 -12.1307 0 0 0 0.378535 0.925587
739.900000000 10.3245 -12.1073 0 0 0 0.378778 0.925488
740.000000000 10.347 -12.085 0 0 0 0.379008 0.925393
740.100000000 10.3683 -12.0639 0 0 0 0.379226 0.925304
740.200000000 10.3908 -12.0417 0 0 0 0.379226 0.925304
740.300000000 10.4146 -12.0183 0 0 0 0.379226 0.925304
740.400000000 10.4371 -11.9961 0 0 0 0.379226 0.925304
740.500000000 10.4609 -11.9727 0 0 0 0.379226 0.925304
740.600000000 10.4834 -11.9505 0 0 0 0.379226 0.925304
740.700000000 10.5072 -11.9271 0 0 0 0.379226 0.925304
740.800000000 10.5298 -11.9048 0 0 0 0.379226 0.925304
740.900000000 10.5535 -11.8814 0 0 0 0.379226 0.925304
741.000000000 10.5761 -11.8592 0 0 0 0.379226 0.925304
741.100000000 10.5998 -11.8358 0 0 0 0.379226 0.925304
741.200000000 10.6247 -11.8113 0 0 0 0.379226 0.925304
741.300000000 10.6473 -11.789 0 0 0 0.379226 0.925304
741.400000000 10.6722 -11.7645 0 0 0 0.379226 0.925304
741.500000000 10.696 -11.7411 0 0 0 0.379226 0.925304
741.600000000 10.7209 -11.7165 0 0 0 0.379226 0.925304
741.700000000 10.7447 -11.6931 0 0 0 0.379226 0.925304
741.800000000 10.7696 -11.6686 0 0 0 0.379226 0.925304
741.900000000 10.7933 -11.6452 0 0 0 0.379226 0.925304
742.000000000 10.8183 -11.6206 0 0 0 0.379226 0.925304
742.100000000 10.842 -11.5972 0 0 0 0.379226 0.925304
742.200000000 10.8669 -11.5726 0 0 0 0.379226 0.925304
742.300000000 10.8907 -11.5493 0 0 0 0.379226 0.925304
742.400000000 10.9156 -11.5247 0 0 0 0.379226 0.925304
742.500000000 10.9394 -11.5013 0 0 0 0.379226 0.925304
742.600000000 10.9643 -11.4767 0 0 0 0.379226 0.925304
742.700000000 10.988 -11.4533 0 0 0 0.379226 0.925304
742.800000000 11.013 -11.4288 0 0 0 0.379226 0.925304
742.900000000 11.0367 -11.4054 0 0 0 0.379226 0.925304
743.000000000 11.0593 -11.3832 0 0 0 0.379226 0.925304
743.100000000 11.083 -11.3598 0 0 0 0.379226 0.925304
743.200000000 11.108 -11.3352 0 0 0 0.379226 0.925304
743.300000000 11.1317 -11.3118 0 0 0 0.379226 0.925304
743.400000000 11.1531 -11.2908 0 0 0 0.379226 0.925304
743.500000000 11.1733 -11.2709 0 0 0 0.379226 0.925304
743.600000000 11.1946 -11.2498 0 0 0 0.379226 0.925304
743.700000000 11.2136 -11.2311 0 0 0 0.379226 0.925304
743.800000000 11.2338 -11.2112 0 0 0 0.379226 0.925304
743.900000000 11.2552 -11.1902 0 0 0 0.379226 0.925304
744.000000000 11.2754 -11.1703 0 0 0 0.379226 0.925304
744.100000000 11.3086 -11.1375 0 0 0 0.379226 0.925304
744.200000000 11.3407 -11.106 0 0 0 0.379226 0.925304
744.300000000 11.3715 -11.0755 0 0 0 0.379226 0.925304
744.400000000 11.4012 -11.0463 0 0 0 0.379226 0.925304
744.500000000 11.4333 -11.0147 0 0 0 0.379226 0.925304
744.600000000 11.4642 -10.9843 0 0 0 0.379226 0.925304
744.700000000 11.5045 -10.9445 0 0 0 0.379226 0.925304
744.800000000 11.5413 -10.9083 0 0 0 0.379226 0.925304
744.900000000 11.5841 -10.8662 0 0 0 0.379226 0.925304
745.000000000 11.6197 -10.8311 0 0 0 0.379226 0.925304
745.100000000 11.6601 -10.7913 0 0 0 0.379226 0.925304
745.200000000 11.6992 -10.7527 0 0 0 0.379226 0.925304
745.300000000 11.736 -10.7165 0 0 0 0.379226 0.925304
745.400000000 11.7717 -10.6814 0 0 0 0.379226 0.925304
745.500000000 11.8061 -10.6474 0 0 0 0.379226 0.925304
745.600000000 11.8441 -10.61 0 0 0 0.379226 0.925304
745.700000000 11.8845 -10.5702 0 0 0 0.379226 0.925304
745.800000000 11.9236 -10.5316 0 0 0 0.379226 0.925304
745.900000000 11.9664 -10.4895 0 0 0 0.379226 0.925304
746.000000000 12.0079 -10.4486 0 0 0 0.379226 0.925304
746.100000000 12.0483 -10.4088 0 0 0 0.379226 0.925304
746.200000000 12.0863 -10.3714 0 0 0 0.379226 0.925304
746.300000000 12.1397 -10.3188 0 0 0 0.379226 0.925304
746.400000000 12.1931 -10.2661 0 0 0 0.379226 0.925304
746.500000000 12.2454 -10.2147 0 0 0 0.379226 0.925304
746.600000000 12.2988 -10.162 0 0 0 0.379226 0.925304
746.700000000 12.3522 -10.1094 0 0 0 0.379226 0.925304
746.800000000 12.4045 -10.0579 0 0 0 0.379226 0.925304
746.900000000 12.4567 -10.0065 0 0 0 0.379226 0.925304
747.000000000 12.509 -9.955 0 0 0 0.379226 0.925304
747.100000000 12.5624 -9.90237 0 0 0 0.379226 0.925304
747.200000000 12.6158 -9.84973 0 0 0 0.379226 0.925304
747.300000000 12.6693 -9.7971 0 0 0 0.379226 0.925304
747.400000000 12.7227 -9.74446 0 0 0 0.379226 0.925304
747.500000000 12.7761 -9.69183 0 0 0 0.379226 0.925304
747.600000000 12.8295 -9.63919 0 0 0 0.379226 0.925304
747.700000000 12.883 -9.58656 0 0 0 0.379226 0.925304
747.800000000 12.9364 -9.53392 0 0 0 0.379226 0.925304
747.900000000 12.9898 -9.48129 0 0 0 0.379226 0.925304
748.000000000 13.0433 -9.42865 0 0 0 0.379226 0.925304
748.100000000 13.0967 -9.37602 0 0 0 0.379226 0.925304
748.200000000 13.1501 -9.32338 0 0 0 0.379226 0.925304
748.300000000 13.2035 -9.27075 0 0 0 0.379226 0.925304
748.400000000 13.257 -9.21811 0 0 0 0.379226 0.925304
748.500000000 13.3104 -9.16548 0 0 0 0.379226 0.925304
748.600000000 13.3638 -9.11284 0 0 0 0.379226 0.925304
748.700000000 13.4172 -9.06021 0 0 0 0.379226 0.925304
748.800000000 13.4707 -9.00757 0 0 0 0.379226 0.925304
748.900000000 13.5241 -8.95494 0 0 0 0.379226 0.925304
749.000000000 13.5775 -8.90231 0 0 0 0.379226 0.925304
749.100000000 13.631 -8.84967 0 0 0 0.379226 0.925304
749.200000000 13.6844 -8.79704 0 0 0 0.379226 0.925304
749.300000000 13.7378 -8.7444 0 0 0 0.379226 0.925304
749.400000000 13.7912 -8.69177 0 0 0 0.379226 0.925304
749.500000000 13.8447 -8.63913 0 0 0 0.379226 0.925304
749.600000000 13.8981 -8.5865 0 0 0 0.379226 0.925304
749.700000000 13.9515 -8.53386 0 0 0 0.379226 0.925304
749.800000000 14.005 -8.48123 0 0 0 0.379226 0.925304
749.900000000 14.0584 -8.42859 0 0 0 0.379226 0.925304
750.000000000 14.1118 -8.37596 0 0 0 0.379226 0.925304
750.100000000 14.1652 -8.32332 0 0 0 0.379226 0.925304
750.200000000 14.2187 -8.27069 0 0 0 0.379226 0.925304
750.300000000 14.2721 -8.21805 0 0 0 0.379226 0.925304
750.400000000 14.3255 -8.16542 0 0 0 0.379226 0.925304
750.500000000 14.379 -8.11278 0 0 0 0.379226 0.925304
750.600000000 14.4324 -8.06015 0 0 0 0.379226 0.925304
750.700000000 14.4858 -8.00751 0 0 0 0.379226 0.925304
750.800000000 14.5392 -7.95488 0 0 0 0.379226 0.925304
750.900000000 14.5927 -7.90224 0 0 0 0.379226 0.925304
751.000000000 14.6461 -7.84961 0 0 0 0.379226 0.925304
751.100000000 14.6995 -7.79697 0 0 0 0.379226 0.925304
751.200000000 14.753 -7.74434 0 0 0 0.379226 0.925304
751.300000000 14.8064 -7.6917 0 0 0 0.379226 0.925304
751.400000000 14.8598 -7.63907 0 0 0 0.379226 0.925304
751.500000000 14.9132 -7.58643 0 0 0 0.379226 0.925304
751.600000000 14.9667 -7.5338 0 0 0 0.379226 0.925304
751.700000000 15.0201 -7.48116 0 0 0 0.379226 0.925304
751.800000000 15.0735 -7.42853 0 0 0 0.379226 0.925304
751.900000000 15.1269 -7.37589 0 0 0 0.379226 0.925304
752.000000000 15.1804 -7.32326 0 0 0 0.379226 0.925304
752.100000000 15.2338 -7.27062 0 0 0 0.379226 0.925304
752.200000000 15.2872 -7.21799 0 0 0 0.379226 0.925304
752.300000000 15.3407 -7.16535 0 0 0 0.379226 0.925304
752.400000000 15.3941 -7.11272 0 0 0 0.379226 0.925304
752.500000000 15.4475 -7.06008 0 0 0 0.379226 0.925304
752.600000000 15.5009 -7.00745 0 0 0 0.379226 0.925304
752.700000000 15.5544 -6.95481 0 0 0 0.379226 0.925304
752.800000000 15.6078 -6.90218 0 0 0 0.379226 0.925304
752.900000000 15.6612 -6.84954 0 0 0 0.379226 0.925304
753.000000000 15.7147 -6.79691 0 0 0 0.379226 0.925304
753.100000000 15.7681 -6.74427 0 0 0 0.379226 0.925304
753.200000000 15.8215 -6.69164 0 0 0 0.379226 0.925304
753.300000000 15.8749 -6.639 0 0 0 0.379226 0.925304
753.400000000 15.9284 -6.58637 0 0 0 0.379226 0.925304
753.500000000 15.9818 -6.53373 0 0 0 0.379226 0.925304
753.600000000 16.0352 -6.4811 0 0 0 0.379226 0.925304
753.700000000 16.0887 -6.42847 0 0 0 0.379226 0.925304
753.800000000 16.1421 -6.37583 0 0 0 0.379226 0.925304
753.900000000 16.1955 -6.3232 0 0 0 0.379226 0.925304
754.000000000 16.2489 -6.27056 0 0 0 0.379226 0.925304
754.100000000 16.3024 -6.21793 0 0 0 0.379226 0.925304
754.200000000 16.3558 -6.16529 0 0 0 0.379226 0.925304
754.300000000 16.4092 -6.11266 0 0 0 0.379226 0.925304
754.400000000 16.4627 -6.06002 0 0 0 0.379226 0.925304
754.500000000 16.5161 -6.00739 0 0 0 0.379226 0.925304
754.600000000 16.5695 -5.95475 0 0 0 0.379226 0.925304
754.700000000 16.6229 -5.90212 0 0 0 0.379226 0.925304
754.800000000 16.6764 -5.84948 0 0 0 0.379226 0.925304
754.900000000 16.7298 -5.79685 0 0 0 0.379226 0.925304
755.000000000 16.7832 -5.74421 0 0 0 0.379226 0.925304
755.100000000 16.8366 -5.69158 0 0 0 0.379226 0.925304
755.200000000 16.8901 -5.63894 0 0 0 0.379226 0.925304
755.300000000 16.9435 -5.58631 0 0 0 0.379226 0.925304
755.400000000 16.9969 -5.53367 0 0 0 0.379226 0.925304
755.500000000 17.0504 -5.48104 0 0 0 0.379226 0.925304
755.600000000 17.1038 -5.4284 0 0 0 0.379226 0.925304
755.700000000 17.1572 -5.37577 0 0 0 0.379226 0.925304
755.800000000 17.2106 -5.32313 0 0 0 0.379226 0.925304
755.900000000 17.2607 -5.26718 0 0 0 0.390084 0.920779
756.000000000 17.3088 -5.21017 0 0 0 0.401794 0.91573
756.100000000 17.3555 -5.15194 0 0 0 0.413439 0.910532
756.200000000 17.3912 -5.09985 0 0 0 0.430286 0.902693
756.300000000 17.4242 -5.04701 0 0 0 0.447356 0.894356
756.400000000 17.4552 -4.99295 0 0 0 0.464266 0.885696
756.500000000 17.4842 -4.93776 0 0 0 0.481007 0.876717
756.600000000 17.511 -4.8815 0 0 0 0.497575 0.867421
756.700000000 17.5357 -4.82427 0 0 0 0.513964 0.857812
756.800000000 17.5582 -4.76614 0 0 0 0.530167 0.847893
756.900000000 17.5784 -4.7072 0 0 0 0.546178 0.837669
757.000000000 17.5964 -4.64753 0 0 0 0.561993 0.827142
757.100000000 17.614 -4.58431 0 0 0 0.576225 0.817291
757.200000000 17.6294 -4.52051 0 0 0 0.590285 0.807195
757.300000000 17.6426 -4.45622 0 0 0 0.604167 0.796858
757.400000000 17.6536 -4.39151 0 0 0 0.617869 0.786281
757.500000000 17.6623 -4.32647 0 0 0 0.631385 0.775469
757.600000000 17.6687 -4.26116 0 0 0 0.644713 0.764425
757.700000000 17.6729 -4.19566 0 0 0 0.657847 0.753152
757.800000000 17.6748 -4.13006 0 0 0 0.670784 0.741653
757.900000000 17.6745 -4.06443 0 0 0 0.68352 0.729932
758.000000000 17.6718 -3.99886 0 0 0 0.696051 0.717992
758.100000000 17.6669 -3.93341 0 0 0 0.708374 0.705837
758.200000000 17.662 -3.85848 0 0 0 0.716628 0.697456
758.300000000 17.6554 -3.78368 0 0 0 0.724433 0.689345
758.400000000 17.6474 -3.70904 0 0 0 0.731795 0.681525
758.500000000 17.6378 -3.63458 0 0 0 0.739072 0.673626
758.600000000 17.6266 -3.56034 0 0 0 0.746264 0.66565
758.700000000 17.6138 -3.48636 0 0 0 0.75337 0.657596
758.800000000 17.5994 -3.41268 0 0 0 0.76039 0.649467
758.900000000 17.5835 -3.33932 0 0 0 0.767321 0.641263
759.000000000 17.5659 -3.26632 0 0 0 0.774164 0.632985
759.100000000 17.5513 -3.19275 0 0 0 0.773674 0.633583
759.200000000 17.5371 -3.1191 0 0 0 0.772708 0.634761
759.300000000 17.5232 -3.04541 0 0 0 0.77174 0.635938
759.400000000 17.5094 -2.97168 0 0 0 0.770771 0.637113
759.500000000 17.4959 -2.89791 0 0 0 0.769799 0.638286
759.600000000 17.4826 -2.82409 0 0 0 0.768826 0.639458
759.700000000 17.4696 -2.75024 0 0 0 0.767851 0.640629
759.800000000 17.4567 -2.67634 0 0 0 0.766874 0.641798
759.900000000 17.4441 -2.60241 0 0 0 0.765895 0.642965
760.000000000 17.4317 -2.52844 0 0 0 0.764915 0.644131
760.100000000 17.4196 -2.45443 0 0 0 0.763933 0.645296
760.200000000 17.4087 -2.3802 0 0 0 0.761139 0.648589
760.300000000 17.3988 -2.30585 0 0 0 0.757905 0.652365
760.400000000 17.3896 -2.2314 0 0 0 0.754653 0.656124
760.500000000 17.3811 -2.15686 0 0 0 0.751382 0.659868
760.600000000 17.3734 -2.08224 0 0 0 0.748092 0.663595
760.700000000 17.3665 -2.00755 0 0 0 0.744784 0.667305
760.800000000 17.3602 -1.93279 0 0 0 0.741458 0.671
760.900000000 17.3547 -1.85798 0 0 0 0.738113 0.674677
761.000000000 17.35 -1.78311 0 0 0 0.73475 0.678338
761.100000000 17.346 -1.7082 0 0 0 0.731369 0.681982
761.200000000 17.3428 -1.63325 0 0 0 0.727969 0.68561
761.300000000 17.3403 -1.55828 0 0 0 0.724552 0.68922
761.400000000 17.3385 -1.48328 0 0 0 0.721117 0.692814
761.500000000 17.3375 -1.40827 0 0 0 0.717664 0.69639
761.600000000 17.3372 -1.33326 0 0 0 0.714193 0.699949
761.700000000 17.3377 -1.25824 0 0 0 0.710705 0.703491
761.800000000 17.3432 -1.18939 0 0 0 0.699677 0.714459
761.900000000 17.3538 -1.13747 0 0 0 0.682461 0.730922
762.000000000 17.3676 -1.09173 0 0 0 0.6628 0.748796
762.100000000 17.3839 -1.0476 0 0 0 0.642368 0.766396
762.200000000 17.4024 -0.997939 0 0 0 0.623931 0.781479
762.300000000 17.4232 -0.9484 0 0 0 0.605454 0.79588
762.400000000 17.4464 -0.899893 0 0 0 0.586644 0.809845
762.500000000 17.4718 -0.852523 0 0 0 0.567513 0.823365
762.600000000 17.4993 -0.806395 0 0 0 0.54807 0.836433
762.700000000 17.5291 -0.76161 0 0 0 0.528326 0.849042
762.800000000 17.5608 -0.718265 0 0 0 0.508292 0.861185
762.900000000 17.5946 -0.676457 0 0 0 0.48798 0.872855
763.000000000 17.6303 -0.636277 0 0 0 0.467399 0.884046
763.100000000 17.6746 -0.582073 0 0 0 0.453996 0.891004
763.200000000 17.7219 -0.523832 0 0 0 0.44487 0.895595
763.300000000 17.7703 -0.466437 0 0 0 0.43618 0.899859
763.400000000 17.8198 -0.40999 0 0 0 0.427449 0.904039
763.500000000 17.8703 -0.354511 0 0 0 0.418678 0.908135
763.600000000 17.922 -0.300022 0 0 0 0.409868 0.912145
763.700000000 17.9746 -0.246542 0 0 0 0.40102 0.916069
763.800000000 18.0283 -0.194092 0 0 0 0.392133 0.919908
763.900000000 18.083 -0.142691 0 0 0 0.38321 0.923661
764.000000000 18.1387 -0.0923583 0 0 0 0.374252 0.927327
764.100000000 18.1954 -0.0431135 0 0 0 0.365258 0.930906
764.200000000 18.2508 0.00744225 0 0 0 0.363839 0.931462
764.300000000 18.3061 0.05805 0 0 0 0.363119 0.931743
764.400000000 18.3614 0.1088 0 0 0 0.363119 0.931743
764.500000000 18.4166 0.15955 0 0 0 0.363119 0.931743
764.600000000 18.4718 0.2103 0 0 0 0.363119 0.931743
764.700000000 18.527 0.26105 0 0 0 0.363119 0.931743
764.800000000 18.5822 0.3118 0 0 0 0.363119 0.931743
764.900000000 18.6375 0.36255 0 0 0 0.363119 0.931743
765.000000000 18.6927 0.4133 0 0 0 0.363119 0.931743
765.100000000 18.7475 0.464498 0 0 0 0.364538 0.931189
765.200000000 18.8021 0.515863 0 0 0 0.365956 0.930632
765.300000000 18.8566 0.567394 0 0 0 0.367373 0.930074
765.400000000 18.911 0.619091 0 0 0 0.36879 0.929513
765.500000000 18.9652 0.670953 0 0 0 0.370205 0.92895
765.600000000 19.0192 0.72298 0 0 0 0.37162 0.928385
765.700000000 19.0731 0.775171 0 0 0 0.373034 0.927818
765.800000000 19.1268 0.827527 0 0 0 0.374447 0.927248
765.900000000 19.1803 0.880045 0 0 0 0.375859 0.926677
766.000000000 19.2337 0.932727 0 0 0 0.377271 0.926103
766.100000000 19.2869 0.985571 0 0 0 0.378681 0.925527
766.200000000 19.3402 1.03836 0 0 0 0.379397 0.925234
766.300000000 19.3934 1.09124 0 0 0 0.380112 0.92494
766.400000000 19.4465 1.14419 0 0 0 0.380827 0.924646
766.500000000 19.4995 1.19723 0 0 0 0.381542 0.924351
766.600000000 19.5525 1.25035 0 0 0 0.382257 0.924056
766.700000000 19.6053 1.30356 0 0 0 0.382971 0.92376
766.800000000 19.6581 1.35684 0 0 0 0.383685 0.923464
766.900000000 19.7108 1.41021 0 0 0 0.384399 0.923167
767.000000000 19.7634 1.46366 0 0 0 0.385113 0.922869
767.100000000 19.8159 1.51718 0 0 0 0.385827 0.922571
767.200000000 19.8684 1.57079 0 0 0 0.38654 0.922273
767.300000000 19.9208 1.62449 0 0 0 0.387253 0.921973
767.400000000 19.973 1.67826 0 0 0 0.387966 0.921674
767.500000000 20.0252 1.73211 0 0 0 0.388679 0.921373
767.600000000 20.0774 1.78604 0 0 0 0.389391 0.921073
767.700000000 20.1298 1.83963 0 0 0 0.388679 0.921373
767.800000000 20.1824 1.89313 0 0 0 0.387966 0.921674
767.900000000 20.235 1.94655 0 0 0 0.387253 0.921973
768.000000000 20.2878 1.99989 0 0 0 0.38654 0.922273
768.100000000 20.3406 2.05314 0 0 0 0.385827 0.922571
768.200000000 20.3935 2.10632 0 0 0 0.385113 0.922869
768.300000000 20.4464 2.15941 0 0 0 0.384399 0.923167
768.400000000 20.4995 2.21243 0 0 0 0.383685 0.923464
768.500000000 20.5526 2.26535 0 0 0 0.382971 0.92376
768.600000000 20.6059 2.3182 0 0 0 0.382257 0.924056
768.700000000 20.6592 2.37097 0 0 0 0.381542 0.924351
768.800000000 20.7125 2.42365 0 0 0 0.380827 0.924646
768.900000000 20.766 2.47625 0 0 0 0.380112 0.92494
769.000000000 20.8195 2.52877 0 0 0 0.379397 0.925234
769.100000000 20.8743 2.58 0 0 0 0.374792 0.927109
769.200000000 20.9298 2.6305 0 0 0 0.369587 0.929196
769.300000000 20.9859 2.68037 0 0 0 0.364371 0.931254
769.400000000 21.0425 2.72961 0 0 0 0.359142 0.933283
769.500000000 21.0996 2.77822 0 0 0 0.353903 0.935282
769.600000000 21.1573 2.82618 0 0 0 0.348652 0.937252
769.700000000 21.2155 2.87349 0 0 0 0.343391 0.939193
769.800000000 21.2743 2.92014 0 0 0 0.338118 0.941104
769.900000000 21.3335 2.96613 0 0 0 0.332835 0.942985
770.000000000 21.3933 3.01146 0 0 0 0.327542 0.944837
770.100000000 21.4536 3.05611 0 0 0 0.322238 0.946659
770.200000000 21.5156 3.09844 0 0 0 0.312052 0.950065
770.300000000 21.5786 3.13925 0 0 0 0.301339 0.953517
770.400000000 21.6426 3.17864 0 0 0 0.290587 0.956849
770.500000000 21.7074 3.21657 0 0 0 0.279798 0.960059
770.600000000 21.773 3.25304 0 0 0 0.268974 0.963147
770.700000000 21.8394 3.28803 0 0 0 0.258116 0.966114
770.800000000 21.9066 3.3215 0 0 0 0.247225 0.968958
770.900000000 21.9746 3.35346 0 0 0 0.236303 0.971679
771.000000000 22.0432 3.38388 0 0 0 0.225351 0.974278
771.100000000 22.1125 3.41275 0 0 0 0.21437 0.976752
771.200000000 22.1823 3.43928 0 0 0 0.201897 0.979407
771.300000000 22.2526 3.46403 0 0 0 0.189391 0.981902
771.400000000 22.3236 3.48698 0 0 0 0.176854 0.984237
771.500000000 22.3952 3.50811 0 0 0 0.164289 0.986412
771.600000000 22.4672 3.52741 0 0 0 0.151696 0.988427
771.700000000 22.5398 3.54486 0 0 0 0.139079 0.990281
771.800000000 22.6127 3.56046 0 0 0 0.12644 0.991974
771.900000000 22.6861 3.5742 0 0 0 0.113779 0.993506
772.000000000 22.7597 3.58606 0 0 0 0.101101 0.994876
772.100000000 22.8337 3.59603 0 0 0 0.0884054 0.996085
772.200000000 22.9083 3.6046 0 0 0 0.0766824 0.997056
772.300000000 22.983 3.61141 0 0 0 0.0649489 0.997889
772.400000000 23.058 3.61646 0 0 0 0.0532063 0.998584
772.500000000 23.133 3.61975 0 0 0 0.0414564 0.99914
772.600000000 23.2081 3.62127 0 0 0 0.0297007 0.999559
772.700000000 23.2832 3.62102 0 0 0 0.0179409 0.999839
772.800000000 23.3582 3.61901 0 0 0 0.00617866 0.999981
772.900000000 23.4332 3.61523 0 0 0 -0.00558446 0.999984
773.000000000 23.5081 3.60969 0 0 0 -0.0173468 0.99985
773.100000000 23.5828 3.60238 0 0 0 -0.0291067 0.999576
773.200000000 23.6574 3.59333 0 0 0 -0.0408626 0.999165
773.300000000 23.7317 3.58252 0 0 0 -0.0526129 0.998615
773.400000000 23.8057 3.56996 0 0 0 -0.0643559 0.997927
773.500000000 23.8794 3.55567 0 0 0 -0.07609 0.997101
773.600000000 23.9528 3.53965 0 0 0 -0.0878135 0.996137
773.700000000 24.0258 3.5219 0 0 0 -0.0995249 0.995035
773.800000000 24.0983 3.50245 0 0 0 -0.111223 0.993796
773.900000000 24.1536 3.48146 0 0 0 -0.131706 0.991289
774.000000000 24.195 3.4591 0 0 0 -0.158388 0.987377
774.100000000 24.2351 3.43454 0 0 0 -0.184954 0.982747
774.200000000 24.2738 3.40785 0 0 0 -0.211386 0.977403
774.300000000 24.311 3.37912 0 0 0 -0.237664 0.971347
774.400000000 24.3466 3.34842 0 0 0 -0.263769 0.964586
774.500000000 24.3806 3.31585 0 0 0 -0.289683 0.957123
774.600000000 24.4127 3.28149 0 0 0 -0.315385 0.948964
774.700000000 24.4436 3.24511 0 0 0 -0.340488 0.940249
774.800000000 24.4726 3.20713 0 0 0 -0.36535 0.93087
774.900000000 24.4995 3.16766 0 0 0 -0.389954 0.920834
775.000000000 24.5243 3.12682 0 0 0 -0.414282 0.910148
775.100000000 24.5469 3.08472 0 0 0 -0.438319 0.89882
775.200000000 24.5796 3.03074 0 0 0 -0.454943 0.890521
775.300000000 24.6144 2.97778 0 0 0 -0.461235 0.887278
775.400000000 24.6589 2.9174 0 0 0 -0.457399 0.889261
775.500000000 24.7044 2.8577 0 0 0 -0.452405 0.891813
775.600000000 24.7507 2.79866 0 0 0 -0.446841 0.894614
775.700000000 24.7979 2.74036 0 0 0 -0.440714 0.897647
775.800000000 24.8459 2.68271 0 0 0 -0.434567 0.900639
775.900000000 24.8947 2.62571 0 0 0 -0.4284 0.903589
776.000000000 24.9445 2.56955 0 0 0 -0.421675 0.906747
776.100000000 24.995 2.51413 0 0 0 -0.414927 0.909855
776.200000000 25.0464 2.45946 0 0 0 -0.408155 0.912913
776.300000000 25.0987 2.40557 0 0 0 -0.401361 0.91592
776.400000000 25.1517 2.35246 0 0 0 -0.394545 0.918876
776.500000000 25.2055 2.30014 0 0 0 -0.387707 0.921782
776.600000000 25.26 2.24863 0 0 0 -0.380848 0.924638
776.700000000 25.3153 2.19793 0 0 0 -0.373968 0.927442
776.800000000 25.3714 2.14806 0 0 0 -0.367067 0.930194
776.900000000 25.4238 2.10855 0 0 0 -0.350912 0.936408
777.000000000 25.4674 2.08403 0 0 0 -0.327024 0.945016
777.100000000 25.5012 2.07453 0 0 0 -0.295131 0.955457
777.200000000 25.5207 2.08237 0 0 0 -0.253041 0.967456
777.300000000 25.5308 2.09923 0 0 0 -0.205129 0.978735
777.400000000 25.5379 2.11792 0 0 0 -0.155957 0.987764
777.500000000 25.5431 2.13722 0 0 0 -0.106394 0.994324
777.600000000 25.5464 2.15695 0 0 0 -0.0565656 0.998399
777.700000000 25.5476 2.1769 0 0 0 -0.00659573 0.999978
777.800000000 25.5469 2.19688 0 0 0 0.0433906 0.999058
777.900000000 25.5442 2.21668 0 0 0 0.0932685 0.995641
778.000000000 25.5395 2.23612 0 0 0 0.142913 0.989735
778.100000000 25.5582 2.25736 0 0 0 0.180153 0.983639
778.200000000 25.5931 2.28298 0 0 0 0.20856 0.97801
778.300000000 25.6329 2.31204 0 0 0 0.233706 0.972307
778.400000000 25.6711 2.34311 0 0 0 0.258697 0.965958
778.500000000 25.7077 2.37611 0 0 0 0.283516 0.958967
778.600000000 25.7425 2.41095 0 0 0 0.308147 0.951339
778.700000000 25.7754 2.44754 0 0 0 0.332573 0.943078
778.800000000 25.8065 2.48578 0 0 0 0.356777 0.934189
778.900000000 25.8355 2.52558 0 0 0 0.380745 0.92468
779.000000000 25.8625 2.56681 0 0 0 0.404459 0.914556
779.100000000 25.8872 2.60938 0 0 0 0.427904 0.903824
779.200000000 25.9226 2.66369 0 0 0 0.443867 0.896093
779.300000000 25.9636 2.72598 0 0 0 0.455258 0.890359
779.400000000 26.0031 2.78931 0 0 0 0.466575 0.884481
779.500000000 26.0413 2.85393 0 0 0 0.477385 0.878694
779.600000000 26.078 2.91947 0 0 0 0.488124 0.872774
779.700000000 26.113 2.98589 0 0 0 0.498789 0.866724
779.800000000 26.1464 3.05315 0 0 0 0.509378 0.860543
779.900000000 26.1782 3.12121 0 0 0 0.519892 0.854232
780.000000000 26.2084 3.18994 0 0 0 0.529904 0.848058
780.100000000 26.2373 3.25927 0 0 0 0.539416 0.842039
780.200000000 26.2645 3.32924 0 0 0 0.54886 0.835914
780.300000000 26.2902 3.3998 0 0 0 0.558234 0.829683
780.400000000 26.3144 3.47085 0 0 0 0.567113 0.82364
780.500000000 26.3374 3.54234 0 0 0 0.575497 0.817804
780.600000000 26.3588 3.61427 0 0 0 0.58382 0.811883
780.700000000 26.3788 3.68663 0 0 0 0.592083 0.805877
780.800000000 26.3973 3.75938 0 0 0 0.600284 0.799787
780.900000000 26.4147 3.83239 0 0 0 0.607565 0.79427
781.000000000 26.4306 3.90575 0 0 0 0.615225 0.788352
781.100000000 26.4453 3.97936 0 0 0 0.6224 0.782699
781.200000000 26.4586 4.05322 0 0 0 0.629524 0.776981
781.300000000 26.4708 4.12727 0 0 0 0.636165 0.771553
781.400000000 26.4817 4.20152 0 0 0 0.64276 0.766067
781.500000000 26.4914 4.27595 0 0 0 0.649308 0.760526
781.600000000 26.5002 4.35047 0 0 0 0.65494 0.755681
781.700000000 26.5081 4.42508 0 0 0 0.660091 0.751185
781.800000000 26.51 4.49153 0 0 0 0.672674 0.739939
781.900000000 26.5047 4.542 0 0 0 0.690961 0.722892
782.000000000 26.493 4.57588 0 0 0 0.714522 0.699613
782.100000000 26.4755 4.58844 0 0 0 0.744045 0.66813
782.200000000 26.4559 4.58691 0 0 0 0.77602 0.630709
782.300000000 26.4365 4.58185 0 0 0 0.806572 0.591135
782.400000000 26.4178 4.57489 0 0 0 0.835109 0.550085
782.500000000 26.3999 4.56608 0 0 0 0.861558 0.507659
782.600000000 26.3829 4.55554 0 0 0 0.885854 0.463965
782.700000000 26.367 4.54334 0 0 0 0.907935 0.419111
782.800000000 26.3525 4.52963 0 0 0 0.927747 0.373209
782.900000000 26.3394 4.51453 0 0 0 0.94524 0.326375
783.000000000 26.3278 4.4982 0 0 0 0.960371 0.278725
783.100000000 26.318 4.48081 0 0 0 0.973101 0.230378
783.200000000 26.2906 4.47743 0 0 0 0.981197 0.19301
783.300000000 26.2619 4.47311 0 0 0 0.987704 0.156338
783.400000000 26.2336 4.46666 0 0 0 0.99284 0.119448
783.500000000 26.2058 4.45811 0 0 0 0.9966 0.0823935
783.600000000 26.1788 4.44753 0 0 0 0.998977 0.0452242
783.700000000 26.1526 4.43496 0 0 0 0.999968 0.00799215
783.800000000 26.1274 4.42047 0 0 0 0.999572 -0.029251
783.900000000 26.1033 4.40415 0 0 0 0.99779 -0.0664535
784.000000000 26.0806 4.38609 0 0 0 0.994623 -0.103564
784.100000000 26.0413 4.36615 0 0 0 0.99126 -0.131922
784.200000000 25.9869 4.34287 0 0 0 0.988327 -0.152349
784.300000000 25.9277 4.31672 0 0 0 0.985469 -0.169854
784.400000000 25.8685 4.28834 0 0 0 0.982382 -0.186885
784.500000000 25.8103 4.25794 0 0 0 0.979 -0.20386
784.600000000 25.7532 4.22555 0 0 0 0.975325 -0.220775
784.700000000 25.6973 4.19119 0 0 0 0.971358 -0.237623
784.800000000 25.6426 4.15493 0 0 0 0.967099 -0.254399
784.900000000 25.5892 4.11679 0 0 0 0.962551 -0.2711
785.000000000 25.5372 4.07682 0 0 0 0.957715 -0.287719
785.100000000 25.4889 4.03607 0 0 0 0.952204 -0.305464
785.200000000 25.4301 3.98948 0 0 0 0.949374 -0.314149
785.300000000 25.3692 3.9457 0 0 0 0.950299 -0.311338
785.400000000 25.3079 3.9025 0 0 0 0.951429 -0.307869
785.500000000 25.2462 3.85975 0 0 0 0.952545 -0.304396
785.600000000 25.1843 3.81745 0 0 0 0.95365 -0.300919
785.700000000 25.122 3.7756 0 0 0 0.954741 -0.297439
785.800000000 25.0595 3.73421 0 0 0 0.95582 -0.293954
785.900000000 24.9966 3.69327 0 0 0 0.956886 -0.290465
786.000000000 24.9335 3.6528 0 0 0 0.957939 -0.286972
786.100000000 24.8692 3.61683 0 0 0 0.961653 -0.274268
786.200000000 24.8054 3.5839 0 0 0 0.965446 -0.260604
786.300000000 24.7407 3.5528 0 0 0 0.969044 -0.246886
786.400000000 24.6752 3.52354 0 0 0 0.972448 -0.233119
786.500000000 24.6088 3.49615 0 0 0 0.975656 -0.219306
786.600000000 24.5417 3.47066 0 0 0 0.978668 -0.205448
786.700000000 24.4739 3.44707 0 0 0 0.981483 -0.191548
786.800000000 24.4055 3.42542 0 0 0 0.984101 -0.177611
786.900000000 24.3365 3.40572 0 0 0 0.986521 -0.163637
787.000000000 24.2669 3.38799 0 0 0 0.988742 -0.149631
787.100000000 24.1969 3.37223 0 0 0 0.990764 -0.135594
787.200000000 24.1264 3.35847 0 0 0 0.992588 -0.121531
787.300000000 24.0556 3.34671 0 0 0 0.994211 -0.107443
787.400000000 23.9845 3.33697 0 0 0 0.995635 -0.0933328
787.500000000 23.9132 3.32924 0 0 0 0.996858 -0.0792043
787.600000000 23.8398 3.32287 0 0 0 0.997819 -0.0660034
787.700000000 23.7649 3.31746 0 0 0 0.998499 -0.0547679
787.800000000 23.6899 3.31353 0 0 0 0.99903 -0.0440408
787.900000000 23.6149 3.31121 0 0 0 0.999445 -0.0333086
788.000000000 23.5398 3.31051 0 0 0 0.999745 -0.0225726
788.100000000 23.4648 3.30937 0 0 0 0.999856 -0.0169657
788.200000000 23.3898 3.30881 0 0 0 0.999928 -0.011995
788.300000000 23.3148 3.309 0 0 0 0.999975 -0.00702404
788.400000000 23.2397 3.30993 0 0 0 0.999998 -0.00205288
788.500000000 23.1647 3.31161 0 0 0 0.999996 0.00291834
788.600000000 23.0898 3.31404 0 0 0 0.999969 0.00788949
788.700000000 23.0148 3.31721 0 0 0 0.999917 0.0128604
788.800000000 22.9399 3.32113 0 0 0 0.999841 0.0178311
788.900000000 22.865 3.32579 0 0 0 0.99974 0.0228013
789.000000000 22.7902 3.33119 0 0 0 0.999614 0.0277709
789.100000000 22.7155 3.33734 0 0 0 0.999464 0.0327398
789.200000000 22.6407 3.34286 0 0 0 0.999413 0.0342624
789.300000000 22.5659 3.3486 0 0 0 0.99936 0.0357849
789.400000000 22.4911 3.35458 0 0 0 0.999304 0.0373073
789.500000000 22.4164 3.36078 0 0 0 0.999246 0.0388297
789.600000000 22.3416 3.3672 0 0 0 0.999186 0.0403519
789.700000000 22.2669 3.37386 0 0 0 0.999123 0.0418741
789.800000000 22.1922 3.38074 0 0 0 0.999058 0.0433961
789.900000000 22.1176 3.38785 0 0 0 0.998991 0.0449181
790.000000000 22.0429 3.39519 0 0 0 0.998921 0.0464399
790.100000000 21.9683 3.40275 0 0 0 0.998849 0.0479617
790.200000000 21.8936 3.40963 0 0 0 0.998886 0.0471892
790.300000000 21.8189 3.41639 0 0 0 0.998922 0.0464167
790.400000000 21.7442 3.42304 0 0 0 0.998958 0.0456443
790.500000000 21.6695 3.42957 0 0 0 0.998993 0.0448717
790.600000000 21.5948 3.43599 0 0 0 0.999027 0.0440992
790.700000000 21.5201 3.44229 0 0 0 0.999061 0.0433266
790.800000000 21.4453 3.44847 0 0 0 0.999094 0.042554
790.900000000 21.3706 3.45454 0 0 0 0.999127 0.0417814
791.000000000 21.2958 3.4605 0 0 0 0.999159 0.0410087
791.100000000 21.221 3.46633 0 0 0 0.99919 0.040236
791.200000000 21.1462 3.47091 0 0 0 0.99933 0.0365908
791.300000000 21.0713 3.47494 0 0 0 0.999457 0.032945
791.400000000 20.9963 3.47842 0 0 0 0.999571 0.0292988
791.500000000 20.9214 3.48136 0 0 0 0.999671 0.0256522
791.600000000 20.8464 3.48375 0 0 0 0.999758 0.0220052
791.700000000 20.7714 3.48559 0 0 0 0.999831 0.018358
791.800000000 20.6964 3.48688 0 0 0 0.999892 0.0147105
791.900000000 20.6214 3.48763 0 0 0 0.999939 0.0110628
792.000000000 20.5464 3.48783 0 0 0 0.999973 0.007415
792.100000000 20.4714 3.48748 0 0 0 0.999993 0.00376708
792.200000000 20.3964 3.48744 0 0 0 0.999997 0.00224365
792.300000000 20.3214 3.48747 0 0 0 0.999999 0.00147127
792.400000000 20.2464 3.48738 0 0 0 1 0.000697961
792.500000000 20.1714 3.48717 0 0 0 1 -7.53536e-05
792.600000000 20.0964 3.48685 0 0 0 1 -0.000848668
792.700000000 20.0214 3.48642 0 0 0 0.999999 -0.00162198
792.800000000 19.9464 3.48586 0 0 0 0.999997 -0.0023953
792.900000000 19.8714 3.4852 0 0 0 0.999995 -0.00316861
793.000000000 19.7964 3.48441 0 0 0 0.999992 -0.00394192
793.100000000 19.7214 3.48351 0 0 0 0.999989 -0.00471522
793.200000000 19.6464 3.48249 0 0 0 0.999985 -0.00548853
793.300000000 19.5714 3.48136 0 0 0 0.99998 -0.00626183
793.400000000 19.4964 3.48011 0 0 0 0.999975 -0.00703513
793.500000000 19.4214 3.47875 0 0 0 0.99997 -0.00780842
793.600000000 19.3465 3.47727 0 0 0 0.999963 -0.00858171
793.700000000 19.2715 3.47567 0 0 0 0.999956 -0.00935405
793.800000000 19.1965 3.47396 0 0 0 0.999949 -0.0101273
793.900000000 19.1215 3.47213 0 0 0 0.999941 -0.0109006
794.000000000 19.0465 3.47081 0 0 0 0.999949 -0.0101273
794.100000000 18.9715 3.4696 0 0 0 0.999956 -0.00935405
794.200000000 18.8965 3.4685 0 0 0 0.999963 -0.00858077
794.300000000 18.8216 3.46752 0 0 0 0.99997 -0.00780748
794.400000000 18.7466 3.46666 0 0 0 0.999975 -0.00703418
794.500000000 18.6716 3.46592 0 0 0 0.99998 -0.00626089
794.600000000 18.5966 3.46529 0 0 0 0.999985 -0.00548759
794.700000000 18.5216 3.46477 0 0 0 0.999989 -0.00471428
794.800000000 18.4466 3.46438 0 0 0 0.999992 -0.00394097
794.900000000 18.3716 3.46409 0 0 0 0.999995 -0.00316766
795.000000000 18.2966 3.46393 0 0 0 0.999997 -0.00239435
795.100000000 18.2216 3.46388 0 0 0 0.999999 -0.00162198
795.200000000 18.1466 3.46363 0 0 0 0.999999 -0.00162198
795.300000000 18.0716 3.46339 0 0 0 0.999999 -0.00162198
795.400000000 17.9966 3.46315 0 0 0 0.999999 -0.00162198
795.500000000 17.9216 3.4629 0 0 0 0.999999 -0.00162198
795.600000000 17.8466 3.46266 0 0 0 0.999999 -0.00162198
795.700000000 17.7716 3.46242 0 0 0 0.999999 -0.00162198
795.800000000 17.6966 3.46217 0 0 0 0.999999 -0.00162198
795.900000000 17.6216 3.46193 0 0 0 0.999999 -0.00162198
796.000000000 17.5466 3.46169 0 0 0 0.999999 -0.00162198
796.100000000 17.4716 3.46144 0 0 0 0.999999 -0.00162198
796.200000000 17.3966 3.4612 0 0 0 0.999999 -0.00162198
796.300000000 17.3216 3.46096 0 0 0 0.999999 -0.00162198
796.400000000 17.2466 3.46071 0 0 0 0.999999 -0.00162198
796.500000000 17.1716 3.46047 0 0 0 0.999999 -0.00162198
796.600000000 17.0966 3.46023 0 0 0 0.999999 -0.00162198
796.700000000 17.0216 3.45998 0 0 0 0.999999 -0.00162198
796.800000000 16.9466 3.45974 0 0 0 0.999999 -0.00162198
796.900000000 16.8716 3.4595 0 0 0 0.999999 -0.00162198
797.000000000 16.7966 3.45925 0 0 0 0.999999 -0.00162198
797.100000000 16.7216 3.45901 0 0 0 0.999999 -0.00162198
797.200000000 16.6466 3.45877 0 0 0 0.999999 -0.00162198
797.300000000 16.5716 3.45852 0 0 0 0.999999 -0.00162198
797.400000000 16.4966 3.45828 0 0 0 0.999999 -0.00162198
797.500000000 16.4216 3.45804 0 0 0 0.999999 -0.00162198
797.600000000 16.3466 3.4578 0 0 0 0.999999 -0.00162198
797.700000000 16.2716 3.45755 0 0 0 0.999999 -0.00162198
797.800000000 16.1966 3.45731 0 0 0 0.999999 -0.00162198
797.900000000 16.1216 3.45707 0 0 0 0.999999 -0.00162198
798.000000000 16.0466 3.45682 0 0 0 0.999999 -0.00162198
798.100000000 15.9716 3.45658 0 0 0 0.999999 -0.00162198
798.200000000 15.8966 3.45634 0 0 0 0.999999 -0.00162198
798.300000000 15.8216 3.45609 0 0 0 0.999999 -0.00162198
798.400000000 15.7466 3.45585 0 0 0 0.999999 -0.00162198
798.500000000 15.6716 3.45561 0 0 0 0.999999 -0.00162198
798.600000000 15.5966 3.45536 0 0 0 0.999999 -0.00162198
798.700000000 15.5216 3.45512 0 0 0 0.999999 -0.00162198
798.800000000 15.4466 3.45488 0 0 0 0.999999 -0.00162198
798.900000000 15.3716 3.45463 0 0 0 0.999999 -0.00162198
799.000000000 15.2966 3.45439 0 0 0 0.999999 -0.00162198
799.100000000 15.2216 3.45415 0 0 0 0.999999 -0.00162198
799.200000000 15.1466 3.4539 0 0 0 0.999999 -0.00162198
799.300000000 15.0716 3.45366 0 0 0 0.999999 -0.00162198
799.400000000 14.9966 3.45342 0 0 0 0.999999 -0.00162198
799.500000000 14.9216 3.45317 0 0 0 0.999999 -0.00162198
799.600000000 14.8466 3.45293 0 0 0 0.999999 -0.00162198
799.700000000 14.7716 3.45269 0 0 0 0.999999 -0.00162198
799.800000000 14.6966 3.45244 0 0 0 0.999999 -0.00162198
799.900000000 14.6216 3.4522 0 0 0 0.999999 -0.00162198
800.000000000 14.5466 3.45196 0 0 0 0.999999 -0.00162198
800.100000000 14.4716 3.45171 0 0 0 0.999999 -0.00162198
800.200000000 14.3966 3.45147 0 0 0 0.999999 -0.00162198
800.300000000 14.3216 3.45123 0 0 0 0.999999 -0.00162198
800.400000000 14.2466 3.45098 0 0 0 0.999999 -0.00162198
800.500000000 14.1716 3.45074 0 0 0 0.999999 -0.00162198
800.600000000 14.0966 3.4505 0 0 0 0.999999 -0.00162198
800.700000000 14.0216 3.45025 0 0 0 0.999999 -0.00162198
800.800000000 13.9466 3.45001 0 0 0 0.999999 -0.00162198
800.900000000 13.8716 3.44977 0 0 0 0.999999 -0.00162198
801.000000000 13.7966 3.44952 0 0 0 0.999999 -0.00162198
801.100000000 13.7216 3.44928 0 0 0 0.999999 -0.00162198
801.200000000 13.6466 3.44904 0 0 0 0.999999 -0.00162198
801.300000000 13.5716 3.44879 0 0 0 0.999999 -0.00162198
801.400000000 13.4966 3.44855 0 0 0 0.999999 -0.00162198
801.500000000 13.4216 3.44831 0 0 0 0.999999 -0.00162198
801.600000000 13.3466 3.44806 0 0 0 0.999999 -0.00162198
801.700000000 13.2716 3.44782 0 0 0 0.999999 -0.00162198
801.800000000 13.1966 3.44758 0 0 0 0.999999 -0.00162198
801.900000000 13.1216 3.44733 0 0 0 0.999999 -0.00162198
802.000000000 13.0466 3.44709 0 0 0 0.999999 -0.00162198
802.100000000 12.9716 3.44685 0 0 0 0.999999 -0.00162198
802.200000000 12.8966 3.4466 0 0 0 0.999999 -0.00162198
802.300000000 12.8216 3.44636 0 0 0 0.999999 -0.00162198
802.400000000 12.7466 3.44612 0 0 0 0.999999 -0.00162198
802.500000000 12.6716 3.44587 0 0 0 0.999999 -0.00162198
802.600000000 12.5966 3.44563 0 0 0 0.999999 -0.00162198
802.700000000 12.5216 3.44539 0 0 0 0.999999 -0.00162198
802.800000000 12.4466 3.44514 0 0 0 0.999999 -0.00162198
802.900000000 12.3716 3.4449 0 0 0 0.999999 -0.00162198
803.000000000 12.2966 3.44466 0 0 0 0.999999 -0.00162198
803.100000000 12.2216 3.44441 0 0 0 0.999999 -0.00162198
803.200000000 12.1466 3.44417 0 0 0 0.999999 -0.00162198
803.300000000 12.0716 3.44393 0 0 0 0.999999 -0.00162198
803.400000000 11.9966 3.44368 0 0 0 0.999999 -0.00162198
803.500000000 11.9216 3.44344 0 0 0 0.999999 -0.00162198
803.600000000 11.8466 3.4432 0 0 0 0.999999 -0.00162198
803.700000000 11.7716 3.44295 0 0 0 0.999999 -0.00162198
803.800000000 11.6966 3.44271 0 0 0 0.999999 -0.00162198
803.900000000 11.6216 3.44247 0 0 0 0.999999 -0.00162198
804.000000000 11.5467 3.43732 0 0 0 0.999904 -0.0138834
804.100000000 11.4892 3.42731 0 0 0 0.99939 -0.0349171
804.200000000 11.4475 3.41295 0 0 0 0.997986 -0.0634396
804.300000000 11.4068 3.39623 0 0 0 0.995767 -0.0919104
804.400000000 11.367 3.37722 0 0 0 0.992737 -0.120306
804.500000000 11.3284 3.35597 0 0 0 0.988897 -0.148604
804.600000000 11.2911 3.33255 0 0 0 0.98425 -0.17678
804.700000000 11.256 3.30717 0 0 0 0.978719 -0.205206
804.800000000 11.2224 3.27979 0 0 0 0.972367 -0.233459
804.900000000 11.1897 3.2503 0 0 0 0.965304 -0.261129
805.000000000 11.1587 3.21899 0 0 0 0.957454 -0.288586
805.100000000 11.1295 3.18595 0 0 0 0.948823 -0.315808
805.200000000 11.0876 3.14425 0 0 0 0.942104 -0.33532
805.300000000 11.0373 3.09785 0 0 0 0.938528 -0.345203
805.400000000 10.9802 3.04925 0 0 0 0.938528 -0.345203
805.500000000 10.9235 3.00019 0 0 0 0.938001 -0.346633
805.600000000 10.8669 2.95096 0 0 0 0.937472 -0.348061
805.700000000 10.8095 2.9027 0 0 0 0.938253 -0.34595
805.800000000 10.7518 2.85469 0 0 0 0.93903 -0.343836
805.900000000 10.6942 2.80673 0 0 0 0.939552 -0.342405
806.000000000 10.636 2.75938 0 0 0 0.940562 -0.339623
806.100000000 10.5774 2.71259 0 0 0 0.941794 -0.336189
806.200000000 10.5184 2.66623 0 0 0 0.943015 -0.332752
806.300000000 10.4591 2.6203 0 0 0 0.944222 -0.329309
806.400000000 10.3995 2.57481 0 0 0 0.945417 -0.325863
806.500000000 10.3395 2.52975 0 0 0 0.9466 -0.322412
806.600000000 10.2792 2.48513 0 0 0 0.947769 -0.318956
806.700000000 10.2186 2.44095 0 0 0 0.948927 -0.315497
806.800000000 10.1576 2.39721 0 0 0 0.950071 -0.312033
806.900000000 10.0973 2.36006 0 0 0 0.954539 -0.298086
807.000000000 10.0479 2.33706 0 0 0 0.961151 -0.276024
807.100000000 10.0094 2.3276 0 0 0 0.969245 -0.246099
807.200000000 9.9853 2.33284 0 0 0 0.978377 -0.206829
807.300000000 9.97681 2.35058 0 0 0 0.987369 -0.158436
807.400000000 9.97011 2.36907 0 0 0 0.993969 -0.109659
807.500000000 9.96526 2.38813 0 0 0 0.998161 -0.0606157
807.600000000 9.96231 2.40758 0 0 0 0.999935 -0.011426
807.700000000 9.96128 2.42722 0 0 0 0.999286 0.0377915
807.800000000 9.96219 2.44686 0 0 0 0.996216 0.0869174
807.900000000 9.96503 2.46633 0 0 0 0.990732 0.135833
808.000000000 9.96976 2.48541 0 0 0 0.982848 0.184419
808.100000000 9.97635 2.50395 0 0 0 0.972582 0.232558
808.200000000 9.98473 2.52174 0 0 0 0.959961 0.280134
808.300000000 9.99481 2.53862 0 0 0 0.945013 0.327031
808.400000000 10.0065 2.55444 0 0 0 0.927776 0.373136
808.500000000 10.0197 2.56902 0 0 0 0.908292 0.418337
808.600000000 10.0343 2.58224 0 0 0 0.886606 0.462525
808.700000000 10.0501 2.59396 0 0 0 0.862773 0.505591
808.800000000 10.0669 2.60407 0 0 0 0.836849 0.547433
808.900000000 10.0847 2.61248 0 0 0 0.808898 0.587949
809.000000000 10.1032 2.6191 0 0 0 0.778987 0.62704
809.100000000 10.1223 2.62386 0 0 0 0.747189 0.664612
809.200000000 10.1418 2.62673 0 0 0 0.71358 0.700573
809.300000000 10.1614 2.62767 0 0 0 0.678243 0.734838
809.400000000 10.1811 2.62667 0 0 0 0.641262 0.767322
809.500000000 10.2005 2.62375 0 0 0 0.602728 0.797947
809.600000000 10.2196 2.61893 0 0 0 0.562733 0.826638
809.700000000 10.2381 2.61226 0 0 0 0.521376 0.853327
809.800000000 10.2558 2.6038 0 0 0 0.478754 0.877949
809.900000000 10.2727 2.59364 0 0 0 0.434973 0.900443
810.000000000 10.2884 2.58187 0 0 0 0.390139 0.920756
810.100000000 10.303 2.56861 0 0 0 0.344358 0.938838
810.200000000 10.3255 2.56572 0 0 0 0.304645 0.952466
810.300000000 10.3477 2.56094 0 0 0 0.264394 0.964415
810.400000000 10.3694 2.55432 0 0 0 0.223677 0.974663
810.500000000 10.3905 2.5459 0 0 0 0.182566 0.983194
810.600000000 10.4108 2.53574 0 0 0 0.141133 0.989991
810.700000000 10.4302 2.52392 0 0 0 0.0994508 0.995042
810.800000000 10.4475 2.51004 0 0 0 0.0570143 0.998373
810.900000000 10.4634 2.49476 0 0 0 0.0144744 0.999895
811.000000000 10.4781 2.47816 0 0 0 -0.0280917 0.999605
811.100000000 10.4912 2.46039 0 0 0 -0.0706069 0.997504
811.200000000 10.5232 2.44264 0 0 0 -0.103173 0.994663
811.300000000 10.5637 2.42556 0 0 0 -0.124033 0.992278
811.400000000 10.6271 2.40269 0 0 0 -0.140329 0.990105
811.500000000 10.6981 2.37835 0 0 0 -0.149367 0.988782
811.600000000 10.7686 2.35272 0 0 0 -0.158393 0.987376
811.700000000 10.8387 2.3258 0 0 0 -0.167405 0.985888
811.800000000 10.9082 2.2974 0 0 0 -0.176941 0.984222
811.900000000 10.9773 2.26828 0 0 0 -0.184819 0.982773
812.000000000 11.0457 2.23744 0 0 0 -0.194323 0.980938
812.100000000 11.1139 2.20611 0 0 0 -0.201606 0.979467
812.200000000 11.1814 2.17315 0 0 0 -0.210544 0.977584
812.300000000 11.2481 2.13876 0 0 0 -0.219997 0.975501
812.400000000 11.3112 2.10269 0 0 0 -0.233352 0.972392
812.500000000 11.3765 2.06561 0 0 0 -0.241685 0.970355
812.600000000 11.4436 2.03219 0 0 0 -0.236858 0.971544
812.700000000 11.5089 1.99526 0 0 0 -0.243494 0.969902
812.800000000 11.5736 1.95722 0 0 0 -0.250693 0.968067
812.900000000 11.64 1.92233 0 0 0 -0.246511 0.96914
813.000000000 11.7046 1.8841 0 0 0 -0.25313 0.967432
813.100000000 11.7683 1.84439 0 0 0 -0.26142 0.965225
813.200000000 11.8313 1.8036 0 0 0 -0.26969 0.962947
813.300000000 11.8935 1.76173 0 0 0 -0.27794 0.960598
813.400000000 11.9552 1.71889 0 0 0 -0.285888 0.958263
813.500000000 12.0162 1.67521 0 0 0 -0.293321 0.956014
813.600000000 12.0765 1.63059 0 0 0 -0.300736 0.953707
813.700000000 12.1322 1.58808 0 0 0 -0.307641 0.951503
813.800000000 12.1872 1.54476 0 0 0 -0.314529 0.949248
813.900000000 12.2377 1.50379 0 0 0 -0.320911 0.947109
814.000000000 12.2877 1.46216 0 0 0 -0.327278 0.944928
814.100000000 12.3358 1.42093 0 0 0 -0.333468 0.942762
814.200000000 12.3879 1.37663 0 0 0 -0.337534 0.941313
814.300000000 12.4383 1.33297 0 0 0 -0.341495 0.939884
814.400000000 12.4858 1.29109 0 0 0 -0.345252 0.93851
814.500000000 12.5317 1.24995 0 0 0 -0.348905 0.937158
814.600000000 12.5749 1.21069 0 0 0 -0.352355 0.935866
814.700000000 12.6166 1.17224 0 0 0 -0.355703 0.934599
814.800000000 12.6567 1.13464 0 0 0 -0.358948 0.933358
814.900000000 12.6954 1.09791 0 0 0 -0.36209 0.932143
815.000000000 12.7326 1.06207 0 0 0 -0.36513 0.930957
815.100000000 12.7684 1.02715 0 0 0 -0.368068 0.929799
815.200000000 12.8069 0.99016 0 0 0 -0.369628 0.92918
815.300000000 12.8441 0.954316 0 0 0 -0.370759 0.928729
815.400000000 12.8788 0.920701 0 0 0 -0.371818 0.928306
815.500000000 12.9123 0.888167 0 0 0 -0.372839 0.927896
815.600000000 12.9445 0.856725 0 0 0 -0.373823 0.9275
815.700000000 12.9754 0.826382 0 0 0 -0.374771 0.927117
815.800000000 13.0063 0.795975 0 0 0 -0.375718 0.926734
815.900000000 13.0359 0.766678 0 0 0 -0.376628 0.926364
816.000000000 13.0643 0.738496 0 0 0 -0.377502 0.926009
816.100000000 13.094 0.709272 0 0 0 -0.377805 0.925885
816.200000000 13.1249 0.678858 0 0 0 -0.37812 0.925757
816.300000000 13.1557 0.648424 0 0 0 -0.378435 0.925628
816.400000000 13.1865 0.617968 0 0 0 -0.37875 0.925499
816.500000000 13.2185 0.586319 0 0 0 -0.379077 0.925365
816.600000000 13.2528 0.552302 0 0 0 -0.379428 0.925221
816.700000000 13.2741 0.531172 0 0 0 -0.379646 0.925132
816.800000000 13.3013 0.504159 0 0 0 -0.379925 0.925017
816.900000000 13.3309 0.474779 0 0 0 -0.380228 0.924893
817.000000000 13.3628 0.443028 0 0 0 -0.380555 0.924758
817.100000000 13.3852 0.420669 0 0 0 -0.380785 0.924664
817.200000000 13.4135 0.392412 0 0 0 -0.381075 0.924544
817.300000000 13.4442 0.361781 0 0 0 -0.38139 0.924414
817.400000000 13.4654 0.340561 0 0 0 -0.381608 0.924324
817.500000000 13.4925 0.313433 0 0 0 -0.381886 0.92421
817.600000000 13.5136 0.29219 0 0 0 -0.382104 0.924119
817.700000000 13.5407 0.265033 0 0 0 -0.382382 0.924004
817.800000000 13.5619 0.243767 0 0 0 -0.3826 0.923914
817.900000000 13.5889 0.216581 0 0 0 -0.382878 0.923799
818.000000000 13.61 0.195292 0 0 0 -0.383095 0.923709
818.100000000 13.6335 0.171627 0 0 0 -0.383337 0.923608
818.200000000 13.6546 0.150317 0 0 0 -0.383555 0.923518
818.300000000 13.6734 0.131366 0 0 0 -0.383748 0.923438
818.400000000 13.6898 0.114777 0 0 0 -0.383918 0.923367
818.500000000 13.7074 0.0969971 0 0 0 -0.384099 0.923292
818.600000000 13.7226 0.0815815 0 0 0 -0.384256 0.923227
818.700000000 13.739 0.0649746 0 0 0 -0.384425 0.923156
818.800000000 13.753 0.050735 0 0 0 -0.38457 0.923096
818.900000000 13.7682 0.035304 0 0 0 -0.384727 0.92303
819.000000000 13.7847 0.0187319 0 0 0 -0.384727 0.92303
819.100000000 13.8105 -0.00730983 0 0 0 -0.384727 0.92303
819.200000000 13.8304 -0.027433 0 0 0 -0.384727 0.92303
819.300000000 13.848 -0.0451888 0 0 0 -0.384727 0.92303
819.400000000 13.8633 -0.0605771 0 0 0 -0.384727 0.92303
819.500000000 13.8797 -0.0771491 0 0 0 -0.384727 0.92303
819.600000000 13.9055 -0.103191 0 0 0 -0.384727 0.92303
819.700000000 13.9254 -0.123314 0 0 0 -0.384727 0.92303
819.800000000 13.943 -0.14107 0 0 0 -0.384727 0.92303
819.900000000 13.9583 -0.156458 0 0 0 -0.384727 0.92303
820.000000000 13.9747 -0.17303 0 0 0 -0.384727 0.92303
820.100000000 13.9888 -0.187235 0 0 0 -0.384727 0.92303
820.200000000 14.0041 -0.202623 0 0 0 -0.384727 0.92303
820.300000000 14.0205 -0.219195 0 0 0 -0.384727 0.92303
820.400000000 14.0381 -0.236951 0 0 0 -0.384727 0.92303
820.500000000 14.0909 -0.290218 0 0 0 -0.384727 0.92303
820.600000000 14.1437 -0.343485 0 0 0 -0.384727 0.92303
820.700000000 14.1965 -0.396753 0 0 0 -0.384727 0.92303
820.800000000 14.2493 -0.45002 0 0 0 -0.384727 0.92303
820.900000000 14.3021 -0.503287 0 0 0 -0.384727 0.92303
821.000000000 14.3549 -0.556554 0 0 0 -0.384727 0.92303
821.100000000 14.4077 -0.609821 0 0 0 -0.384727 0.92303
821.200000000 14.4605 -0.663089 0 0 0 -0.384727 0.92303
821.300000000 14.5133 -0.716356 0 0 0 -0.384727 0.92303
821.400000000 14.5661 -0.769623 0 0 0 -0.384727 0.92303
821.500000000 14.6189 -0.82289 0 0 0 -0.384727 0.92303
821.600000000 14.6717 -0.876158 0 0 0 -0.384727 0.92303
821.700000000 14.7245 -0.929425 0 0 0 -0.384727 0.92303
821.800000000 14.7772 -0.982692 0 0 0 -0.384727 0.92303
821.900000000 14.83 -1.03596 0 0 0 -0.384727 0.92303
822.000000000 14.8828 -1.08923 0 0 0 -0.384727 0.92303
822.100000000 14.9356 -1.14249 0 0 0 -0.384727 0.92303
822.200000000 14.9884 -1.19576 0 0 0 -0.384727 0.92303
822.300000000 15.0412 -1.24903 0 0 0 -0.384727 0.92303
822.400000000 15.094 -1.3023 0 0 0 -0.384727 0.92303
822.500000000 15.1468 -1.35556 0 0 0 -0.384727 0.92303
822.600000000 15.1996 -1.40883 0 0 0 -0.384727 0.92303
822.700000000 15.2524 -1.4621 0 0 0 -0.384727 0.92303
822.800000000 15.3052 -1.51536 0 0 0 -0.384727 0.92303
822.900000000 15.358 -1.56863 0 0 0 -0.384727 0.92303
823.000000000 15.4108 -1.6219 0 0 0 -0.384727 0.92303
823.100000000 15.4636 -1.67517 0 0 0 -0.384727 0.92303
823.200000000 15.5164 -1.72843 0 0 0 -0.384727 0.92303
823.300000000 15.5692 -1.7817 0 0 0 -0.384727 0.92303
823.400000000 15.622 -1.83497 0 0 0 -0.384727 0.92303
823.500000000 15.6748 -1.88824 0 0 0 -0.384727 0.92303
823.600000000 15.7276 -1.9415 0 0 0 -0.384727 0.92303
823.700000000 15.7804 -1.99477 0 0 0 -0.384727 0.92303
823.800000000 15.8332 -2.04804 0 0 0 -0.384727 0.92303
823.900000000 15.886 -2.1013 0 0 0 -0.384727 0.92303
824.000000000 15.9388 -2.15457 0 0 0 -0.384727 0.92303
824.100000000 15.9916 -2.20784 0 0 0 -0.384727 0.92303
824.200000000 16.0444 -2.26111 0 0 0 -0.384727 0.92303
824.300000000 16.0972 -2.31437 0 0 0 -0.384727 0.92303
824.400000000 16.15 -2.36764 0 0 0 -0.384727 0.92303
824.500000000 16.2028 -2.42091 0 0 0 -0.384727 0.92303
824.600000000 16.2556 -2.47417 0 0 0 -0.384727 0.92303
824.700000000 16.3084 -2.52744 0 0 0 -0.384727 0.92303
824.800000000 16.3612 -2.58071 0 0 0 -0.384727 0.92303
824.900000000 16.414 -2.63398 0 0 0 -0.384727 0.92303
825.000000000 16.4668 -2.68724 0 0 0 -0.384727 0.92303
825.100000000 16.5196 -2.74051 0 0 0 -0.384727 0.92303
825.200000000 16.5724 -2.79378 0 0 0 -0.384727 0.92303
825.300000000 16.6252 -2.84705 0 0 0 -0.384727 0.92303
825.400000000 16.678 -2.90031 0 0 0 -0.384727 0.92303
825.500000000 16.7308 -2.95358 0 0 0 -0.384727 0.92303
825.600000000 16.7836 -3.00685 0 0 0 -0.384727 0.92303
825.700000000 16.8364 -3.06011 0 0 0 -0.384727 0.92303
825.800000000 16.8892 -3.11338 0 0 0 -0.384727 0.92303
825.900000000 16.942 -3.16665 0 0 0 -0.384727 0.92303
826.000000000 16.9948 -3.21992 0 0 0 -0.384727 0.92303
826.100000000 17.0476 -3.27318 0 0 0 -0.384727 0.92303
826.200000000 17.1003 -3.32645 0 0 0 -0.384727 0.92303
826.300000000 17.1531 -3.37972 0 0 0 -0.384727 0.92303
826.400000000 17.2059 -3.43299 0 0 0 -0.384727 0.92303
826.500000000 17.2587 -3.48625 0 0 0 -0.384727 0.92303
826.600000000 17.3115 -3.53952 0 0 0 -0.384727 0.92303
826.700000000 17.3643 -3.59279 0 0 0 -0.384727 0.92303
826.800000000 17.4171 -3.64605 0 0 0 -0.384727 0.92303
826.900000000 17.4699 -3.69932 0 0 0 -0.384727 0.92303
827.000000000 17.5227 -3.75259 0 0 0 -0.384727 0.92303
827.100000000 17.5755 -3.80586 0 0 0 -0.384727 0.92303
827.200000000 17.6283 -3.85912 0 0 0 -0.384727 0.92303
827.300000000 17.6811 -3.91239 0 0 0 -0.384727 0.92303
827.400000000 17.7339 -3.96566 0 0 0 -0.384727 0.92303
827.500000000 17.7867 -4.01892 0 0 0 -0.384727 0.92303
827.600000000 17.8395 -4.07219 0 0 0 -0.384727 0.92303
827.700000000 17.8923 -4.12546 0 0 0 -0.384727 0.92303
827.800000000 17.9451 -4.17873 0 0 0 -0.384727 0.92303
827.900000000 17.9979 -4.23199 0 0 0 -0.384727 0.92303
828.000000000 18.0507 -4.28526 0 0 0 -0.384727 0.92303
828.100000000 18.1035 -4.33853 0 0 0 -0.384727 0.92303
828.200000000 18.1563 -4.3918 0 0 0 -0.384727 0.92303
828.300000000 18.2091 -4.44506 0 0 0 -0.384727 0.92303
828.400000000 18.2619 -4.49833 0 0 0 -0.384727 0.92303
828.500000000 18.3147 -4.5516 0 0 0 -0.384727 0.92303
828.600000000 18.3675 -4.60486 0 0 0 -0.384727 0.92303
828.700000000 18.4203 -4.65813 0 0 0 -0.384727 0.92303
828.800000000 18.4731 -4.7114 0 0 0 -0.384727 0.92303
828.900000000 18.5259 -4.76467 0 0 0 -0.384727 0.92303
829.000000000 18.5787 -4.81793 0 0 0 -0.384727 0.92303
829.100000000 18.6319 -4.87077 0 0 0 -0.383321 0.923615
829.200000000 18.6853 -4.92345 0 0 0 -0.381913 0.924198
829.300000000 18.7389 -4.97596 0 0 0 -0.380505 0.924779
829.400000000 18.7926 -5.02831 0 0 0 -0.379095 0.925358
829.500000000 18.8464 -5.08049 0 0 0 -0.377685 0.925934
829.600000000 18.9005 -5.13251 0 0 0 -0.376274 0.926508
829.700000000 18.9547 -5.18437 0 0 0 -0.374862 0.92708
829.800000000 19.009 -5.23606 0 0 0 -0.37345 0.92765
829.900000000 19.0635 -5.28758 0 0 0 -0.372036 0.928218
830.000000000 19.1182 -5.33894 0 0 0 -0.370621 0.928784
830.100000000 19.173 -5.39013 0 0 0 -0.369206 0.929348
830.200000000 19.2279 -5.44116 0 0 0 -0.36779 0.929909
830.300000000 19.2831 -5.49201 0 0 0 -0.366373 0.930468
830.400000000 19.3383 -5.5427 0 0 0 -0.364955 0.931025
830.500000000 19.3938 -5.59322 0 0 0 -0.363536 0.93158
830.600000000 19.4494 -5.64357 0 0 0 -0.362116 0.932133
830.700000000 19.5076 -5.691 0 0 0 -0.352084 0.935968
830.800000000 19.5669 -5.73701 0 0 0 -0.341527 0.939872
830.900000000 19.6273 -5.78168 0 0 0 -0.330926 0.943657
831.000000000 19.6886 -5.82497 0 0 0 -0.320283 0.947322
831.100000000 19.7509 -5.86688 0 0 0 -0.3096 0.950867
831.200000000 19.8096 -5.90168 0 0 0 -0.294348 0.955698
831.300000000 19.8687 -5.93395 0 0 0 -0.278597 0.960408
831.400000000 19.9288 -5.96425 0 0 0 -0.26277 0.964859
831.500000000 19.9899 -5.99256 0 0 0 -0.246872 0.969048
831.600000000 20.0519 -6.01885 0 0 0 -0.230908 0.972976
831.700000000 20.1147 -6.04309 0 0 0 -0.214881 0.97664
831.800000000 20.1783 -6.06525 0 0 0 -0.198796 0.980041
831.900000000 20.2425 -6.0853 0 0 0 -0.182658 0.983177
832.000000000 20.3074 -6.10323 0 0 0 -0.16647 0.986047
832.100000000 20.3737 -6.11948 0 0 0 -0.150673 0.988584
832.200000000 20.4404 -6.1336 0 0 0 -0.134838 0.990868
832.300000000 20.5075 -6.14558 0 0 0 -0.118968 0.992898
832.400000000 20.575 -6.1554 0 0 0 -0.103067 0.994674
832.500000000 20.6428 -6.16306 0 0 0 -0.0871405 0.996196
832.600000000 20.7108 -6.16855 0 0 0 -0.0711915 0.997463
832.700000000 20.7789 -6.17186 0 0 0 -0.0552242 0.998474
832.800000000 20.8471 -6.17298 0 0 0 -0.0392428 0.99923
832.900000000 20.9153 -6.17193 0 0 0 -0.0232513 0.99973
833.000000000 20.9834 -6.1687 0 0 0 -0.00725388 0.999974
833.100000000 21.0514 -6.16328 0 0 0 0.00874539 0.999962
833.200000000 21.1263 -6.15854 0 0 0 0.0173227 0.99985
833.300000000 21.2011 -6.15274 0 0 0 0.0253309 0.999679
833.400000000 21.2758 -6.14574 0 0 0 0.0333374 0.999444
833.500000000 21.3504 -6.13755 0 0 0 0.0413418 0.999145
833.600000000 21.4249 -6.12817 0 0 0 0.0493436 0.998782
833.700000000 21.4992 -6.11759 0 0 0 0.0573422 0.998355
833.800000000 21.5733 -6.10582 0 0 0 0.0653371 0.997863
833.900000000 21.6472 -6.09287 0 0 0 0.0733278 0.997308
834.000000000 21.7209 -6.07873 0 0 0 0.0813138 0.996689
834.100000000 21.7948 -6.06627 0 0 0 0.0820846 0.996625
834.200000000 21.8688 -6.054 0 0 0 0.0820846 0.996625
834.300000000 21.9429 -6.04203 0 0 0 0.0813138 0.996689
834.400000000 22.0169 -6.03018 0 0 0 0.0805431 0.996751
834.500000000 22.091 -6.01844 0 0 0 0.0797722 0.996813
834.600000000 22.1651 -6.00682 0 0 0 0.0790014 0.996875
834.700000000 22.2392 -5.99531 0 0 0 0.0782304 0.996935
834.800000000 22.3133 -5.98392 0 0 0 0.0774595 0.996996
834.900000000 22.3875 -5.97264 0 0 0 0.0766885 0.997055
835.000000000 22.4617 -5.96148 0 0 0 0.0759174 0.997114
835.100000000 22.5358 -5.95043 0 0 0 0.0751463 0.997173
835.200000000 22.6102 -5.94063 0 0 0 0.0715081 0.99744
835.300000000 22.6846 -5.93138 0 0 0 0.067869 0.997694
835.400000000 22.7591 -5.92267 0 0 0 0.064229 0.997935
835.500000000 22.8337 -5.9145 0 0 0 0.0605881 0.998163
835.600000000 22.9083 -5.90688 0 0 0 0.0569465 0.998377
835.700000000 22.983 -5.8998 0 0 0 0.053304 0.998578
835.800000000 23.0577 -5.89327 0 0 0 0.0496609 0.998766
835.900000000 23.1325 -5.88728 0 0 0 0.0460171 0.998941
836.000000000 23.2073 -5.88184 0 0 0 0.0423727 0.999102
836.100000000 23.2822 -5.87695 0 0 0 0.0387277 0.99925
836.200000000 23.357 -5.8726 0 0 0 0.0350822 0.999384
836.300000000 23.4319 -5.86879 0 0 0 0.0314362 0.999506
836.400000000 23.5069 -5.86554 0 0 0 0.0277898 0.999614
836.500000000 23.5818 -5.86283 0 0 0 0.0241431 0.999709
836.600000000 23.6568 -5.86066 0 0 0 0.020496 0.99979
836.700000000 23.7318 -5.85905 0 0 0 0.0168487 0.999858
836.800000000 23.8068 -5.85798 0 0 0 0.0132011 0.999913
836.900000000 23.8818 -5.85746 0 0 0 0.00955336 0.999954
837.000000000 23.9568 -5.85748 0 0 0 0.00590549 0.999983
837.100000000 24.0317 -5.85273 0 0 0 0.0155849 0.999879
837.200000000 24.0933 -5.84321 0 0 0 0.0345766 0.999402
837.300000000 24.1439 -5.83 0 0 0 0.058764 0.998272
837.400000000 24.1929 -5.8143 0 0 0 0.0833085 0.996524
837.500000000 24.2411 -5.7962 0 0 0 0.107803 0.994172
837.600000000 24.2884 -5.77576 0 0 0 0.132231 0.991219
837.700000000 24.3346 -5.75302 0 0 0 0.15658 0.987665
837.800000000 24.3796 -5.72803 0 0 0 0.180834 0.983514
837.900000000 24.4233 -5.70085 0 0 0 0.204978 0.978767
838.000000000 24.4657 -5.67156 0 0 0 0.228999 0.973427
838.100000000 24.5066 -5.64022 0 0 0 0.25288 0.967498
838.200000000 24.5618 -5.6017 0 0 0 0.268752 0.96321
838.300000000 24.6228 -5.5588 0 0 0 0.281013 0.959704
838.400000000 24.6833 -5.51425 0 0 0 0.292759 0.956186
838.500000000 24.7426 -5.46823 0 0 0 0.304461 0.952525
838.600000000 24.8008 -5.42077 0 0 0 0.316118 0.94872
838.700000000 24.8578 -5.37189 0 0 0 0.327727 0.944772
838.800000000 24.9136 -5.32163 0 0 0 0.339287 0.940683
838.900000000 24.9682 -5.27002 0 0 0 0.350795 0.936452
839.000000000 25.0215 -5.21709 0 0 0 0.362251 0.93208
839.100000000 25.0753 -5.1648 0 0 0 0.367473 0.930034
839.200000000 25.1286 -5.11209 0 0 0 0.372092 0.928196
839.300000000 25.1815 -5.05885 0 0 0 0.376701 0.926335
839.400000000 25.2338 -5.00509 0 0 0 0.381302 0.924451
839.500000000 25.2856 -4.95081 0 0 0 0.385893 0.922544
839.600000000 25.3368 -4.89602 0 0 0 0.390474 0.920614
839.700000000 25.3875 -4.84073 0 0 0 0.395046 0.918661
839.800000000 25.4377 -4.78493 0 0 0 0.399608 0.916686
839.900000000 25.4873 -4.72864 0 0 0 0.40416 0.914688
840.000000000 25.5363 -4.67185 0 0 0 0.408702 0.912668
840.100000000 25.5847 -4.61458 0 0 0 0.413234 0.910625
840.200000000 25.631 -4.55548 0 0 0 0.422514 0.906356
840.300000000 25.6759 -4.49531 0 0 0 0.432224 0.901766
840.400000000 25.7195 -4.43419 0 0 0 0.441884 0.897072
840.500000000 25.7618 -4.37215 0 0 0 0.451493 0.892274
840.600000000 25.8027 -4.30921 0 0 0 0.46105 0.887374
840.700000000 25.8423 -4.24541 0 0 0 0.470554 0.882371
840.800000000 25.8805 -4.18078 0 0 0 0.480004 0.877266
840.900000000 25.9173 -4.11534 0 0 0 0.489398 0.872061
841.000000000 25.9527 -4.04912 0 0 0 0.498736 0.866754
841.100000000 25.9866 -3.98216 0 0 0 0.508016 0.861348
841.200000000 26.0191 -3.91448 0 0 0 0.517238 0.855842
841.300000000 26.0502 -3.84613 0 0 0 0.5264 0.850237
841.400000000 26.0797 -3.77712 0 0 0 0.535501 0.844535
841.500000000 26.1078 -3.70749 0 0 0 0.54454 0.838735
841.600000000 26.1344 -3.63728 0 0 0 0.553517 0.832838
841.700000000 26.1643 -3.56848 0 0 0 0.55164 0.834082
841.800000000 26.1979 -3.50135 0 0 0 0.541791 0.840513
841.900000000 26.2332 -3.43504 0 0 0 0.531866 0.846828
842.000000000 26.27 -3.36957 0 0 0 0.521868 0.853026
842.100000000 26.304 -3.3212 0 0 0 0.504155 0.863613
842.200000000 26.3348 -3.28975 0 0 0 0.479289 0.877657
842.300000000 26.3608 -3.27681 0 0 0 0.446274 0.894896
842.400000000 26.3776 -3.28677 0 0 0 0.402385 0.91547
842.500000000 26.3924 -3.29964 0 0 0 0.356851 0.934161
842.600000000 26.406 -3.3139 0 0 0 0.310451 0.950589
842.700000000 26.4181 -3.32943 0 0 0 0.2633 0.964714
842.800000000 26.4285 -3.34607 0 0 0 0.21551 0.976502
842.900000000 26.4373 -3.36366 0 0 0 0.167199 0.985923
843.000000000 26.4444 -3.38203 0 0 0 0.118482 0.992956
843.100000000 26.4496 -3.401 0 0 0 0.0694782 0.997583
843.200000000 26.4529 -3.42039 0 0 0 0.0203062 0.999794
843.300000000 26.4542 -3.44001 0 0 0 -0.0289151 0.999582
843.400000000 26.4537 -3.45967 0 0 0 -0.0780663 0.996948
843.500000000 26.4512 -3.47918 0 0 0 -0.127028 0.991899
843.600000000 26.4468 -3.49835 0 0 0 -0.175683 0.984447
843.700000000 26.4405 -3.51699 0 0 0 -0.223911 0.97461
843.800000000 26.4325 -3.53493 0 0 0 -0.271598 0.962411
843.900000000 26.4227 -3.55199 0 0 0 -0.318626 0.947881
844.000000000 26.4113 -3.56801 0 0 0 -0.364882 0.931054
844.100000000 26.3983 -3.58283 0 0 0 -0.410254 0.911971
844.200000000 26.3909 -3.60159 0 0 0 -0.450889 0.89258
844.300000000 26.3828 -3.62051 0 0 0 -0.490055 0.871691
844.400000000 26.3731 -3.63864 0 0 0 -0.528256 0.849085
844.500000000 26.3618 -3.65583 0 0 0 -0.565416 0.824806
844.600000000 26.349 -3.67195 0 0 0 -0.601462 0.798902
844.700000000 26.3349 -3.68687 0 0 0 -0.636322 0.771423
844.800000000 26.3195 -3.70048 0 0 0 -0.669929 0.742425
844.900000000 26.3029 -3.71267 0 0 0 -0.702216 0.711964
845.000000000 26.2853 -3.72334 0 0 0 -0.733119 0.6801
845.100000000 26.2668 -3.73241 0 0 0 -0.762578 0.646896
845.200000000 26.2483 -3.76131 0 0 0 -0.784128 0.620599
845.300000000 26.2272 -3.80582 0 0 0 -0.799868 0.600176
845.400000000 26.2027 -3.86224 0 0 0 -0.811367 0.584537
845.500000000 26.1758 -3.91936 0 0 0 -0.822088 0.569361
845.600000000 26.1468 -3.97544 0 0 0 -0.832525 0.553988
845.700000000 26.1157 -4.03041 0 0 0 -0.842674 0.538424
845.800000000 26.0826 -4.08418 0 0 0 -0.852533 0.522674
845.900000000 26.0475 -4.13669 0 0 0 -0.862097 0.506744
846.000000000 26.0105 -4.18786 0 0 0 0.871363 -0.490639
846.100000000 25.9717 -4.23762 0 0 0 0.880329 -0.474364
846.200000000 25.9274 -4.29822 0 0 0 0.884625 -0.466303
846.300000000 25.886 -4.36076 0 0 0 0.883241 -0.468919
846.400000000 25.8454 -4.42385 0 0 0 0.881208 -0.472729
846.500000000 25.8054 -4.48728 0 0 0 0.879159 -0.476529
846.600000000 25.7659 -4.55106 0 0 0 0.877093 -0.480321
846.700000000 25.727 -4.61518 0 0 0 0.87501 -0.484104
846.800000000 25.6886 -4.67963 0 0 0 0.872912 -0.487878
846.900000000 25.6508 -4.74441 0 0 0 0.870797 -0.491643
847.000000000 25.6135 -4.80951 0 0 0 0.868666 -0.495399
847.100000000 25.5768 -4.87494 0 0 0 0.866518 -0.499145
847.200000000 25.5407 -4.94067 0 0 0 -0.864355 0.502882
847.300000000 25.5051 -5.00672 0 0 0 -0.862175 0.50661
847.400000000 25.4701 -5.07307 0 0 0 -0.85998 0.510328
847.500000000 25.4357 -5.13972 0 0 0 -0.857768 0.514037
847.600000000 25.4064 -5.20625 0 0 0 -0.850639 0.52575
847.700000000 25.3794 -5.27279 0 0 0 -0.843098 0.53776
847.800000000 25.355 -5.3393 0 0 0 -0.835132 0.550049
847.900000000 25.3325 -5.40649 0 0 0 -0.826988 0.56222
848.000000000 25.3119 -5.47432 0 0 0 -0.818666 0.57427
848.100000000 25.2934 -5.54272 0 0 0 -0.810168 0.586197
848.200000000 25.2782 -5.60922 0 0 0 -0.800686 0.599084
848.300000000 25.2652 -5.67616 0 0 0 -0.790999 0.611817
848.400000000 25.2543 -5.74349 0 0 0 -0.78111 0.624394
848.500000000 25.2456 -5.81113 0 0 0 -0.77102 0.636811
848.600000000 25.2391 -5.87901 0 0 0 -0.760733 0.649065
848.700000000 25.2347 -5.94707 0 0 0 -0.750252 0.661152
848.800000000 25.2325 -6.01524 0 0 0 -0.739578 0.673071
848.900000000 25.2325 -6.08344 0 0 0 -0.728715 0.684817
849.000000000 25.2347 -6.1516 0 0 0 -0.717666 0.696388
849.100000000 25.2344 -6.21661 0 0 0 -0.7148 0.699329
849.200000000 25.2346 -6.27829 0 0 0 -0.712071 0.702108
849.300000000 25.2352 -6.3383 0 0 0 -0.709405 0.704801
849.400000000 25.2363 -6.39664 0 0 0 -0.706803 0.70741
849.500000000 25.2378 -6.4533 0 0 0 -0.704267 0.709936
849.600000000 25.2396 -6.50662 0 0 0 -0.701871 0.712304
849.700000000 25.2417 -6.55825 0 0 0 -0.699543 0.714591
849.800000000 25.2439 -6.61322 0 0 0 -0.697683 0.716407
849.900000000 25.2463 -6.6665 0 0 0 -0.695875 0.718163
850.000000000 25.2489 -6.71811 0 0 0 -0.694119 0.71986
850.100000000 25.2517 -6.76804 0 0 0 -0.692416 0.721499
850.200000000 25.2546 -6.81629 0 0 0 -0.690766 0.723079
850.300000000 25.2577 -6.86453 0 0 0 -0.689112 0.724655
850.400000000 25.2609 -6.91109 0 0 0 -0.687512 0.726173
850.500000000 25.2642 -6.95598 0 0 0 -0.685966 0.727634
850.600000000 25.2677 -7.00419 0 0 0 -0.684859 0.728676
850.700000000 25.2711 -7.0524 0 0 0 -0.684028 0.729456
850.800000000 25.2745 -7.09894 0 0 0 -0.683225 0.730208
850.900000000 25.278 -7.14382 0 0 0 -0.68245 0.730933
851.000000000 25.2805 -7.17706 0 0 0 -0.682067 0.73129
851.100000000 25.2829 -7.20863 0 0 0 -0.681703 0.731629
851.200000000 25.2852 -7.23854 0 0 0 -0.681358 0.73195
851.300000000 25.2875 -7.26845 0 0 0 -0.681013 0.732272
851.400000000 25.2897 -7.2967 0 0 0 -0.680687 0.732575
851.500000000 25.2932 -7.3399 0 0 0 -0.680188 0.733038
851.600000000 25.2965 -7.38143 0 0 0 -0.679708 0.733483
851.700000000 25.2986 -7.40634 0 0 0 -0.679419 0.73375
851.800000000 25.3006 -7.42959 0 0 0 -0.679016 0.734124
851.900000000 25.3026 -7.45284 0 0 0 -0.678746 0.734373
852.000000000 25.3045 -7.47442 0 0 0 -0.678371 0.734719
852.100000000 25.3063 -7.49601 0 0 0 -0.678121 0.73495
852.200000000 25.3081 -7.51593 0 0 0 -0.677774 0.73527
852.300000000 25.3112 -7.5508 0 0 0 -0.67737 0.735643
852.400000000 25.3143 -7.58399 0 0 0 -0.676791 0.736175
852.500000000 25.3171 -7.61553 0 0 0 -0.676425 0.736511
852.600000000 25.3201 -7.64873 0 0 0 -0.676232 0.736689
852.700000000 25.323 -7.68027 0 0 0 -0.675866 0.737025
852.800000000 25.3257 -7.71014 0 0 0 -0.675518 0.737343
852.900000000 25.3284 -7.74002 0 0 0 -0.675344 0.737503
853.000000000 25.3311 -7.76822 0 0 0 -0.675016 0.737803
853.100000000 25.3351 -7.81138 0 0 0 -0.674765 0.738033
853.200000000 25.3389 -7.85286 0 0 0 -0.674523 0.738254
853.300000000 25.3427 -7.89269 0 0 0 -0.674291 0.738466
853.400000000 25.3463 -7.93085 0 0 0 -0.674069 0.738669
853.500000000 25.3498 -7.96735 0 0 0 -0.673643 0.739057
853.600000000 25.3533 -8.00218 0 0 0 -0.673237 0.739427
853.700000000 25.3567 -8.03701 0 0 0 -0.673033 0.739612
853.800000000 25.36 -8.07018 0 0 0 -0.672646 0.739965
853.900000000 25.3632 -8.10168 0 0 0 -0.672277 0.740299
854.000000000 25.3664 -8.13486 0 0 0 -0.672277 0.740299
854.100000000 25.3693 -8.1664 0 0 0 -0.672646 0.739965
854.200000000 25.3719 -8.19628 0 0 0 -0.672995 0.739647
854.300000000 25.3749 -8.22949 0 0 0 -0.673382 0.739295
854.400000000 25.3776 -8.26104 0 0 0 -0.67375 0.73896
854.500000000 25.3802 -8.29092 0 0 0 -0.674098 0.738642
854.600000000 25.3828 -8.32082 0 0 0 -0.674446 0.738324
854.700000000 25.3851 -8.34905 0 0 0 -0.674775 0.738024
854.800000000 25.3873 -8.37563 0 0 0 -0.675084 0.737741
854.900000000 25.3895 -8.4022 0 0 0 -0.675393 0.737458
855.000000000 25.3916 -8.42712 0 0 0 -0.675683 0.737193
855.100000000 25.3936 -8.45204 0 0 0 -0.675972 0.736927
855.200000000 25.3955 -8.47529 0 0 0 -0.676107 0.736803
855.300000000 25.3975 -8.49855 0 0 0 -0.676242 0.736679
855.400000000 25.3992 -8.52014 0 0 0 -0.676367 0.736564
855.500000000 25.401 -8.54173 0 0 0 -0.676493 0.736449
855.600000000 25.4028 -8.56333 0 0 0 -0.676618 0.736334
855.700000000 25.4045 -8.58492 0 0 0 -0.676743 0.736219
855.800000000 25.4062 -8.60486 0 0 0 -0.676859 0.736113
855.900000000 25.409 -8.63974 0 0 0 -0.677061 0.735926
856.000000000 25.4116 -8.67297 0 0 0 -0.677254 0.735749
856.100000000 25.4143 -8.7062 0 0 0 -0.677447 0.735572
856.200000000 25.4169 -8.73943 0 0 0 -0.677639 0.735394
856.300000000 25.4194 -8.771 0 0 0 -0.677822 0.735226
856.400000000 25.4219 -8.80257 0 0 0 -0.678005 0.735057
856.500000000 25.4242 -8.83248 0 0 0 -0.678178 0.734897
856.600000000 25.4264 -8.86073 0 0 0 -0.678342 0.734747
856.700000000 25.4287 -8.89064 0 0 0 -0.678515 0.734587
856.800000000 25.4308 -8.91889 0 0 0 -0.678678 0.734436
856.900000000 25.433 -8.94714 0 0 0 -0.678842 0.734285
857.000000000 25.4351 -8.97539 0 0 0 -0.679005 0.734134
857.100000000 25.4381 -9.01528 0 0 0 -0.679236 0.73392
857.200000000 25.4454 -9.08994 0 0 0 -0.676554 0.736393
857.300000000 25.4529 -9.16457 0 0 0 -0.674372 0.738392
857.400000000 25.4614 -9.2391 0 0 0 -0.671177 0.741297
857.500000000 25.4697 -9.31364 0 0 0 -0.669506 0.742807
857.600000000 25.4787 -9.38811 0 0 0 -0.667305 0.744785
857.700000000 25.4872 -9.46262 0 0 0 -0.666728 0.745301
857.800000000 25.4964 -9.53706 0 0 0 -0.665048 0.7468
857.900000000 25.5068 -9.61135 0 0 0 -0.661817 0.749665
858.000000000 25.5161 -9.68577 0 0 0 -0.661817 0.749665
858.100000000 25.5276 -9.7599 0 0 0 -0.657603 0.753365
858.200000000 25.5431 -9.82631 0 0 0 -0.645466 0.763789
858.300000000 25.5608 -9.88951 0 0 0 -0.632149 0.774846
858.400000000 25.5807 -9.95117 0 0 0 -0.618307 0.785936
858.500000000 25.6027 -10.0121 0 0 0 -0.604271 0.796779
858.600000000 25.6269 -10.0722 0 0 0 -0.590044 0.807371
858.700000000 25.6532 -10.1314 0 0 0 -0.575632 0.817709
858.800000000 25.6816 -10.1896 0 0 0 -0.561039 0.82779
858.900000000 25.7121 -10.2468 0 0 0 -0.546269 0.83761
859.000000000 25.7446 -10.3029 0 0 0 -0.531327 0.847167
859.100000000 25.779 -10.3578 0 0 0 -0.516218 0.856457
859.200000000 25.8153 -10.4114 0 0 0 -0.500947 0.865478
859.300000000 25.8538 -10.4646 0 0 0 -0.485892 0.874019
859.400000000 25.8942 -10.5163 0 0 0 -0.470692 0.882298
859.500000000 25.9363 -10.5667 0 0 0 -0.45535 0.890312
859.600000000 25.9801 -10.6156 0 0 0 -0.439872 0.89806
859.700000000 26.0259 -10.6637 0 0 0 -0.424654 0.905356
859.800000000 26.0734 -10.7102 0 0 0 -0.409315 0.912393
859.900000000 26.1229 -10.7559 0 0 0 -0.39426 0.918999
860.000000000 26.1733 -10.7991 0 0 0 -0.378694 0.925522
860.100000000 26.2252 -10.8407 0 0 0 -0.363021 0.931781
860.200000000 26.2686 -10.867 0 0 0 -0.339615 0.940564
860.300000000 26.3027 -10.8781 0 0 0 -0.308281 0.951295
860.400000000 26.3233 -10.8717 0 0 0 -0.266945 0.963712
860.500000000 26.3423 -10.8627 0 0 0 -0.224521 0.974469
860.600000000 26.3605 -10.8521 0 0 0 -0.181666 0.98336
860.700000000 26.3766 -10.8393 0 0 0 -0.137848 0.990453
860.800000000 26.3914 -10.8251 0 0 0 -0.0937585 0.995595
860.900000000 26.405 -10.8096 0 0 0 -0.0494842 0.998775
861.000000000 26.4184 -10.7934 0 0 0 -0.0057339 0.999984
861.100000000 26.429 -10.7757 0 0 0 0.0386484 0.999253
861.200000000 26.438 -10.7573 0 0 0 0.0829546 0.996553
861.300000000 26.4454 -10.738 0 0 0 0.127097 0.99189
861.400000000 26.4523 -10.7182 0 0 0 0.170377 0.985379
861.500000000 26.4562 -10.698 0 0 0 0.213938 0.976847
861.600000000 26.4595 -10.6772 0 0 0 0.256477 0.96655
861.700000000 26.461 -10.6562 0 0 0 0.298524 0.954402
861.800000000 26.4502 -10.6397 0 0 0 0.345125 0.938557
861.900000000 26.4365 -10.6252 0 0 0 0.391602 0.920135
862.000000000 26.4214 -10.612 0 0 0 0.4371 0.899413
862.100000000 26.4051 -10.6005 0 0 0 0.481506 0.876443
862.200000000 26.3877 -10.5906 0 0 0 0.524708 0.851282
862.300000000 26.3695 -10.5825 0 0 0 0.566599 0.823994
862.400000000 26.3505 -10.5763 0 0 0 0.607073 0.794646
862.500000000 26.3309 -10.572 0 0 0 0.64603 0.763312
862.600000000 26.3111 -10.5697 0 0 0 0.683373 0.73007
862.700000000 26.2911 -10.5694 0 0 0 0.719007 0.695003
862.800000000 26.2712 -10.5711 0 0 0 0.752844 0.658199
862.900000000 26.2515 -10.5747 0 0 0 0.784799 0.61975
863.000000000 26.2323 -10.5803 0 0 0 0.814793 0.579752
863.100000000 26.2138 -10.5878 0 0 0 0.84275 0.538305
863.200000000 26.1961 -10.5971 0 0 0 0.868601 0.495512
863.300000000 26.1794 -10.6082 0 0 0 0.892281 0.451481
863.400000000 26.1639 -10.6208 0 0 0 0.91373 0.406321
863.500000000 26.1498 -10.6349 0 0 0 0.932896 0.360146
863.600000000 26.1371 -10.6504 0 0 0 0.94973 0.31307
863.700000000 26.126 -10.667 0 0 0 0.96419 0.265212
863.800000000 26.1167 -10.6847 0 0 0 0.97624 0.216691
863.900000000 26.1091 -10.7032 0 0 0 0.98585 0.167629
864.000000000 26.1035 -10.7224 0 0 0 0.992996 0.118147
864.100000000 26.0997 -10.742 0 0 0 0.99766 0.0683707
864.200000000 26.098 -10.7619 0 0 0 0.99983 0.018423
864.300000000 26.0983 -10.7819 0 0 0 0.999502 -0.0315707
864.400000000 26.1005 -10.8018 0 0 0 0.996675 -0.0814855
864.500000000 26.1048 -10.8213 0 0 0 0.991356 -0.131197
864.600000000 26.1109 -10.8403 0 0 0 0.98356 -0.18058
864.700000000 26.1189 -10.8586 0 0 0 0.973306 -0.229512
864.800000000 26.1288 -10.8761 0 0 0 0.960619 -0.27787
864.900000000 26.1403 -10.8924 0 0 0 0.94553 -0.325534
865.000000000 26.1533 -10.9075 0 0 0 0.928079 -0.372384
865.100000000 26.1679 -10.9213 0 0 0 0.908308 -0.418303
865.200000000 26.1638 -10.9493 0 0 0 0.891879 -0.452275
865.300000000 26.1484 -10.9898 0 0 0 0.878409 -0.47791
865.400000000 26.1343 -11.0323 0 0 0 -0.864605 0.502452
865.500000000 26.1226 -11.0756 0 0 0 -0.850116 0.526595
865.600000000 26.1134 -11.1194 0 0 0 -0.834953 0.550321
865.700000000 26.1066 -11.1637 0 0 0 -0.819128 0.57361
865.800000000 26.1024 -11.2083 0 0 0 -0.802654 0.596445
865.900000000 26.1007 -11.2531 0 0 0 -0.785543 0.618807
866.000000000 26.1014 -11.2979 0 0 0 -0.767809 0.640678
866.100000000 26.1048 -11.3426 0 0 0 -0.749467 0.662042
866.200000000 26.1055 -11.4025 0 0 0 -0.735921 0.677068
866.300000000 26.1044 -11.4771 0 0 0 -0.727227 0.686397
866.400000000 26.1049 -11.5522 0 0 0 -0.718756 0.695263
866.500000000 26.1071 -11.6272 0 0 0 -0.710528 0.703669
866.600000000 26.1111 -11.7022 0 0 0 -0.702201 0.711978
866.700000000 26.1169 -11.7771 0 0 0 -0.693778 0.720189
866.800000000 26.1244 -11.8518 0 0 0 -0.685258 0.7283
866.900000000 26.1336 -11.9263 0 0 0 -0.676644 0.73631
867.000000000 26.1446 -12.0006 0 0 0 -0.667936 0.744219
867.100000000 26.1574 -12.0746 0 0 0 -0.659136 0.752024
867.200000000 26.1719 -12.1483 0 0 0 -0.650244 0.759725
867.300000000 26.1881 -12.2216 0 0 0 -0.641263 0.767321
867.400000000 26.206 -12.2945 0 0 0 -0.632192 0.774812
867.500000000 26.2257 -12.367 0 0 0 -0.623035 0.782194
867.600000000 26.247 -12.439 0 0 0 -0.613791 0.789469
867.700000000 26.27 -12.5105 0 0 0 -0.604462 0.796634
867.800000000 26.2947 -12.5814 0 0 0 -0.595049 0.803689
867.900000000 26.3172 -12.6529 0 0 0 -0.593824 0.804595
868.000000000 26.3393 -12.7246 0 0 0 -0.593824 0.804595
868.100000000 26.3579 -12.7973 0 0 0 -0.601149 0.799137
868.200000000 26.375 -12.8704 0 0 0 -0.608856 0.793281
868.300000000 26.3906 -12.9438 0 0 0 -0.616506 0.78735
868.400000000 26.4049 -13.0175 0 0 0 -0.624099 0.781345
868.500000000 26.4176 -13.0915 0 0 0 -0.631633 0.775268
868.600000000 26.429 -13.1657 0 0 0 -0.639108 0.769117
868.700000000 26.4389 -13.2401 0 0 0 -0.646523 0.762895
868.800000000 26.4474 -13.3147 0 0 0 -0.653877 0.756601
868.900000000 26.4544 -13.3894 0 0 0 -0.66117 0.750236
869.000000000 26.46 -13.4643 0 0 0 -0.668402 0.743801
869.100000000 26.4646 -13.5392 0 0 0 -0.674757 0.73804
869.200000000 26.4679 -13.6142 0 0 0 -0.681063 0.732225
869.300000000 26.4699 -13.6892 0 0 0 -0.687319 0.726356
869.400000000 26.4706 -13.7642 0 0 0 -0.693525 0.720433
869.500000000 26.47 -13.8393 0 0 0 -0.699679 0.714457
869.600000000 26.4681 -13.9143 0 0 0 -0.705782 0.708429
869.700000000 26.465 -13.9893 0 0 0 -0.711833 0.702349
869.800000000 26.4606 -14.0642 0 0 0 -0.717831 0.696217
869.900000000 26.4548 -14.139 0 0 0 -0.723777 0.690034
870.000000000 26.4478 -14.2137 0 0 0 -0.729669 0.6838
870.100000000 26.4395 -14.2883 0 0 0 -0.735508 0.677516
870.200000000 26.4325 -14.363 0 0 0 -0.737032 0.675858
870.300000000 26.4254 -14.4377 0 0 0 -0.738061 0.674734
870.400000000 26.4181 -14.5123 0 0 0 -0.739088 0.673609
870.500000000 26.4105 -14.5869 0 0 0 -0.740113 0.672482
870.600000000 26.4028 -14.6615 0 0 0 -0.741137 0.671354
870.700000000 26.3948 -14.7361 0 0 0 -0.742159 0.670224
870.800000000 26.3866 -14.8107 0 0 0 -0.743179 0.669093
870.900000000 26.3781 -14.8852 0 0 0 -0.744197 0.66796
871.000000000 26.3694 -14.9597 0 0 0 -0.745214 0.666825
871.100000000 26.3605 -15.0342 0 0 0 -0.746229 0.665689
871.200000000 26.3537 -15.1089 0 0 0 -0.743347 0.668906
871.300000000 26.3478 -15.1836 0 0 0 -0.740013 0.672593
871.400000000 26.3426 -15.2585 0 0 0 -0.73666 0.676263
871.500000000 26.3382 -15.3334 0 0 0 -0.733289 0.679917
871.600000000 26.3345 -15.4083 0 0 0 -0.7299 0.683554
871.700000000 26.3316 -15.4833 0 0 0 -0.726493 0.687174
871.800000000 26.3294 -15.5582 0 0 0 -0.723068 0.690777
871.900000000 26.328 -15.6332 0 0 0 -0.719625 0.694363
872.000000000 26.3273 -15.7083 0 0 0 -0.716164 0.697932
872.100000000 26.3274 -15.7833 0 0 0 -0.712686 0.701483
872.200000000 26.3268 -15.8583 0 0 0 -0.711617 0.702568
872.300000000 26.3261 -15.9333 0 0 0 -0.711073 0.703118
872.400000000 26.3256 -16.0083 0 0 0 -0.710529 0.703668
872.500000000 26.3252 -16.0833 0 0 0 -0.709985 0.704217
872.600000000 26.3249 -16.1583 0 0 0 -0.70944 0.704766
872.700000000 26.3247 -16.2333 0 0 0 -0.708895 0.705314
872.800000000 26.3246 -16.3083 0 0 0 -0.708349 0.705862
872.900000000 26.3247 -16.3833 0 0 0 -0.707803 0.70641
873.000000000 26.3248 -16.4583 0 0 0 -0.707256 0.706957
873.100000000 26.3251 -16.5333 0 0 0 -0.70671 0.707504
873.200000000 26.3255 -16.6083 0 0 0 -0.706162 0.70805
873.300000000 26.326 -16.6833 0 0 0 -0.705614 0.708596
873.400000000 26.3266 -16.7583 0 0 0 -0.705066 0.709141
873.500000000 26.3274 -16.8333 0 0 0 -0.704518 0.709686
873.600000000 26.3282 -16.9083 0 0 0 -0.703969 0.710231
873.700000000 26.3292 -16.9832 0 0 0 -0.703419 0.710775
873.800000000 26.3303 -17.0582 0 0 0 -0.702869 0.711319
873.900000000 26.3312 -17.1332 0 0 0 -0.702869 0.711319
874.000000000 26.3321 -17.2082 0 0 0 -0.702869 0.711319
874.100000000 26.333 -17.2832 0 0 0 -0.702869 0.711319
874.200000000 26.3336 -17.3582 0 0 0 -0.703419 0.710775
874.300000000 26.334 -17.4332 0 0 0 -0.703969 0.710231
874.400000000 26.3344 -17.5082 0 0 0 -0.704518 0.709686
874.500000000 26.3346 -17.5832 0 0 0 -0.705066 0.709141
874.600000000 26.3348 -17.6582 0 0 0 -0.705614 0.708596
874.700000000 26.3348 -17.7332 0 0 0 -0.706162 0.70805
874.800000000 26.3346 -17.8082 0 0 0 -0.70671 0.707504
874.900000000 26.3344 -17.8832 0 0 0 -0.707256 0.706957
875.000000000 26.3341 -17.9582 0 0 0 -0.707803 0.70641
875.100000000 26.3336 -18.0332 0 0 0 -0.708348 0.705863
875.200000000 26.3334 -18.1082 0 0 0 -0.708348 0.705863
875.300000000 26.3331 -18.1832 0 0 0 -0.708348 0.705863
875.400000000 26.3328 -18.2582 0 0 0 -0.708348 0.705863
875.500000000 26.3326 -18.3332 0 0 0 -0.708348 0.705863
875.600000000 26.3323 -18.4082 0 0 0 -0.708348 0.705863
875.700000000 26.332 -18.4832 0 0 0 -0.708348 0.705863
875.800000000 26.3318 -18.5582 0 0 0 -0.708348 0.705863
875.900000000 26.3315 -18.6332 0 0 0 -0.708348 0.705863
876.000000000 26.3313 -18.7082 0 0 0 -0.708348 0.705863
876.100000000 26.331 -18.7832 0 0 0 -0.708348 0.705863
876.200000000 26.3307 -18.8582 0 0 0 -0.708348 0.705863
876.300000000 26.3305 -18.9332 0 0 0 -0.708348 0.705863
876.400000000 26.3302 -19.0082 0 0 0 -0.708348 0.705863
876.500000000 26.3299 -19.0832 0 0 0 -0.708348 0.705863
876.600000000 26.3297 -19.1582 0 0 0 -0.708348 0.705863
876.700000000 26.3294 -19.2332 0 0 0 -0.708348 0.705863
876.800000000 26.3291 -19.3082 0 0 0 -0.708348 0.705863
876.900000000 26.3289 -19.3832 0 0 0 -0.708348 0.705863
877.000000000 26.3286 -19.4582 0 0 0 -0.708348 0.705863
877.100000000 26.3284 -19.5332 0 0 0 -0.708348 0.705863
877.200000000 26.3281 -19.6082 0 0 0 -0.708348 0.705863
877.300000000 26.3278 -19.6832 0 0 0 -0.708348 0.705863
877.400000000 26.3276 -19.7582 0 0 0 -0.708348 0.705863
877.500000000 26.3273 -19.8332 0 0 0 -0.708348 0.705863
877.600000000 26.327 -19.9082 0 0 0 -0.708348 0.705863
877.700000000 26.3268 -19.9832 0 0 0 -0.708348 0.705863
877.800000000 26.3265 -20.0582 0 0 0 -0.708348 0.705863
877.900000000 26.3262 -20.1332 0 0 0 -0.708348 0.705863
878.000000000 26.326 -20.2082 0 0 0 -0.708348 0.705863
878.100000000 26.3257 -20.2832 0 0 0 -0.708348 0.705863
878.200000000 26.3255 -20.3582 0 0 0 -0.708348 0.705863
878.300000000 26.3252 -20.4332 0 0 0 -0.708348 0.705863
878.400000000 26.3249 -20.5082 0 0 0 -0.708348 0.705863
878.500000000 26.3244 -20.5832 0 0 0 -0.708894 0.705315
878.600000000 26.3237 -20.6582 0 0 0 -0.709439 0.704767
878.700000000 26.3229 -20.7332 0 0 0 -0.709984 0.704218
878.800000000 26.3219 -20.8082 0 0 0 -0.710528 0.703669
878.900000000 26.3212 -20.8832 0 0 0 -0.710528 0.703669
879.000000000 26.3205 -20.9582 0 0 0 -0.710528 0.703669
879.100000000 26.3198 -21.0332 0 0 0 -0.710528 0.703669
879.200000000 26.319 -21.1082 0 0 0 -0.710528 0.703669
879.300000000 26.3183 -21.1832 0 0 0 -0.710528 0.703669
879.400000000 26.3176 -21.2582 0 0 0 -0.710528 0.703669
879.500000000 26.3168 -21.3332 0 0 0 -0.710528 0.703669
879.600000000 26.3161 -21.4082 0 0 0 -0.710528 0.703669
879.700000000 26.3154 -21.4832 0 0 0 -0.710528 0.703669
879.800000000 26.3147 -21.5582 0 0 0 -0.710528 0.703669
879.900000000 26.3139 -21.6332 0 0 0 -0.710528 0.703669
880.000000000 26.3132 -21.7081 0 0 0 -0.710528 0.703669
880.100000000 26.3125 -21.7831 0 0 0 -0.710528 0.703669
880.200000000 26.3118 -21.8581 0 0 0 -0.710528 0.703669
880.300000000 26.311 -21.9331 0 0 0 -0.710528 0.703669
880.400000000 26.3103 -22.0081 0 0 0 -0.710528 0.703669
880.500000000 26.3096 -22.0831 0 0 0 -0.710528 0.703669
880.600000000 26.3088 -22.1581 0 0 0 -0.710528 0.703669
880.700000000 26.3081 -22.2331 0 0 0 -0.710528 0.703669
880.800000000 26.3074 -22.3081 0 0 0 -0.710528 0.703669
880.900000000 26.3067 -22.3831 0 0 0 -0.710528 0.703669
881.000000000 26.3059 -22.4581 0 0 0 -0.710528 0.703669
881.100000000 26.3052 -22.5331 0 0 0 -0.710528 0.703669
881.200000000 26.3045 -22.6081 0 0 0 -0.710528 0.703669
881.300000000 26.3038 -22.6831 0 0 0 -0.710528 0.703669
881.400000000 26.303 -22.7581 0 0 0 -0.710528 0.703669
881.500000000 26.3023 -22.8331 0 0 0 -0.710528 0.703669
881.600000000 26.3016 -22.9081 0 0 0 -0.710528 0.703669
881.700000000 26.3008 -22.9831 0 0 0 -0.710528 0.703669
881.800000000 26.3004 -23.0581 0 0 0 -0.709984 0.704218
881.900000000 26.3001 -23.1331 0 0 0 -0.709439 0.704767
882.000000000 26.2996 -23.2081 0 0 0 -0.709439 0.704767
882.100000000 26.2994 -23.2831 0 0 0 -0.708894 0.705315
882.200000000 26.2994 -23.3581 0 0 0 -0.708348 0.705863
882.300000000 26.3025 -23.4331 0 0 0 -0.702267 0.711913
882.400000000 26.3072 -23.508 0 0 0 -0.695735 0.718298
882.500000000 26.3128 -23.5828 0 0 0 -0.689959 0.723848
882.600000000 26.3198 -23.6575 0 0 0 -0.683725 0.72974
882.700000000 26.3274 -23.7322 0 0 0 -0.67872 0.734397
882.800000000 26.3365 -23.8067 0 0 0 -0.672816 0.73981
882.900000000 26.3479 -23.8809 0 0 0 -0.664831 0.746993
883.000000000 26.3557 -23.9555 0 0 0 -0.666512 0.745494
883.100000000 26.3665 -24.0297 0 0 0 -0.661855 0.749632
883.200000000 26.3785 -24.1038 0 0 0 -0.656715 0.754139
883.300000000 26.3916 -24.1777 0 0 0 -0.651544 0.758611
883.400000000 26.4056 -24.2514 0 0 0 -0.646342 0.763048
883.500000000 26.4206 -24.3249 0 0 0 -0.641111 0.767448
883.600000000 26.4366 -24.3982 0 0 0 -0.635849 0.771813
883.700000000 26.4537 -24.4713 0 0 0 -0.630558 0.776142
883.800000000 26.4717 -24.5441 0 0 0 -0.625237 0.780435
883.900000000 26.4907 -24.6167 0 0 0 -0.619887 0.784691
884.000000000 26.5108 -24.689 0 0 0 -0.614508 0.78891
884.100000000 26.5318 -24.761 0 0 0 -0.609101 0.793093
884.200000000 26.5508 -24.8336 0 0 0 -0.609714 0.792622
884.300000000 26.5695 -24.9062 0 0 0 -0.610921 0.791692
884.400000000 26.5879 -24.9789 0 0 0 -0.612126 0.79076
884.500000000 26.6061 -25.0517 0 0 0 -0.61333 0.789827
884.600000000 26.6241 -25.1245 0 0 0 -0.614532 0.788892
884.700000000 26.6418 -25.1973 0 0 0 -0.615734 0.787954
884.800000000 26.6594 -25.2703 0 0 0 -0.616933 0.787015
884.900000000 26.6767 -25.3432 0 0 0 -0.618132 0.786075
885.000000000 26.6938 -25.4163 0 0 0 -0.619328 0.785132
885.100000000 26.7107 -25.4893 0 0 0 -0.620524 0.784188
885.200000000 26.7273 -25.5625 0 0 0 -0.621718 0.783241
885.300000000 26.7437 -25.6357 0 0 0 -0.62291 0.782293
885.400000000 26.7599 -25.7089 0 0 0 -0.624101 0.781344
885.500000000 26.7759 -25.7822 0 0 0 -0.625291 0.780392
885.600000000 26.7917 -25.8555 0 0 0 -0.626479 0.779438
885.700000000 26.8072 -25.9289 0 0 0 -0.627666 0.778483
885.800000000 26.8176 -26.0018 0 0 0 -0.637914 0.770107
885.900000000 26.8195 -26.0586 0 0 0 -0.654581 0.755992
886.000000000 26.8134 -26.0999 0 0 0 -0.676793 0.736173
886.100000000 26.7998 -26.1231 0 0 0 -0.7048 0.709406
886.200000000 26.7805 -26.1253 0 0 0 -0.738348 0.67442
886.300000000 26.7609 -26.1241 0 0 0 -0.77064 0.637271
886.400000000 26.7414 -26.121 0 0 0 -0.801064 0.598578
886.500000000 26.7224 -26.116 0 0 0 -0.829548 0.558435
886.600000000 26.704 -26.1091 0 0 0 -0.856022 0.516939
886.700000000 26.6863 -26.1005 0 0 0 0.880422 -0.474191
886.800000000 26.6696 -26.0901 0 0 0 0.902689 -0.430294
886.900000000 26.654 -26.0782 0 0 0 0.922769 -0.385354
887.000000000 26.6396 -26.0648 0 0 0 0.940613 -0.339481
887.100000000 26.6266 -26.05 0 0 0 0.956178 -0.292785
887.200000000 26.6151 -26.0341 0 0 0 0.969427 -0.24538
887.300000000 26.6052 -26.0171 0 0 0 0.980327 -0.19738
887.400000000 26.5971 -25.9992 0 0 0 0.988852 -0.148902
887.500000000 26.5907 -25.9805 0 0 0 0.994981 -0.100064
887.600000000 26.5863 -25.9614 0 0 0 0.9987 -0.0509825
887.700000000 26.5837 -25.9419 0 0 0 0.999998 -0.00177796
887.800000000 26.583 -25.9222 0 0 0 0.998875 0.0474309
887.900000000 26.5843 -25.9026 0 0 0 0.995331 0.0965249
888.000000000 26.5875 -25.8832 0 0 0 0.989375 0.145385
888.100000000 26.5926 -25.8642 0 0 0 0.981023 0.193893
888.200000000 26.5996 -25.8458 0 0 0 0.970293 0.241931
888.300000000 26.6083 -25.8282 0 0 0 0.957213 0.289383
888.400000000 26.6187 -25.8115 0 0 0 0.941814 0.336134
888.500000000 26.6307 -25.7959 0 0 0 0.924133 0.38207
888.600000000 26.6442 -25.7816 0 0 0 0.904213 0.427081
888.700000000 26.659 -25.7687 0 0 0 0.882103 0.471057
888.800000000 26.675 -25.7572 0 0 0 0.857855 0.513892
888.900000000 26.6921 -25.7475 0 0 0 0.831529 0.555482
889.000000000 26.71 -25.7394 0 0 0 0.803188 0.595726
889.100000000 26.7287 -25.7331 0 0 0 0.772901 0.634526
889.200000000 26.7478 -25.7287 0 0 0 0.740742 0.67179
889.300000000 26.7673 -25.7262 0 0 0 0.706788 0.707426
889.400000000 26.787 -25.7257 0 0 0 0.671122 0.741347
889.500000000 26.8066 -25.7271 0 0 0 0.633829 0.773473
889.600000000 26.826 -25.7304 0 0 0 0.595001 0.803725
889.700000000 26.845 -25.7355 0 0 0 0.554732 0.832029
889.800000000 26.8634 -25.7426 0 0 0 0.513118 0.858318
889.900000000 26.8809 -25.7514 0 0 0 0.470262 0.882527
890.000000000 26.8976 -25.7619 0 0 0 0.426266 0.904598
890.100000000 26.9131 -25.7739 0 0 0 0.381237 0.924477
890.200000000 26.9274 -25.7875 0 0 0 0.335284 0.942117
890.300000000 26.9402 -25.8023 0 0 0 0.28852 0.957474
890.400000000 26.9516 -25.8184 0 0 0 0.241056 0.970511
890.500000000 26.9613 -25.8355 0 0 0 0.193008 0.981197
890.600000000 26.9693 -25.8535 0 0 0 0.144493 0.989506
890.700000000 26.9755 -25.8721 0 0 0 0.0956274 0.995417
890.800000000 26.9798 -25.8913 0 0 0 0.0465302 0.998917
890.900000000 26.9822 -25.9109 0 0 0 -0.00267964 0.999996
891.000000000 26.9826 -25.9305 0 0 0 -0.051883 0.998653
891.100000000 26.9812 -25.9501 0 0 0 -0.100961 0.99489
891.200000000 26.9778 -25.9695 0 0 0 -0.149794 0.988717
891.300000000 26.9725 -25.9885 0 0 0 -0.198264 0.980149
891.400000000 26.9654 -26.0068 0 0 0 -0.246254 0.969205
891.500000000 26.9565 -26.0243 0 0 0 -0.293647 0.955914
891.600000000 26.946 -26.0409 0 0 0 -0.340329 0.940307
891.700000000 26.9338 -26.0564 0 0 0 -0.386186 0.922421
891.800000000 26.9202 -26.0706 0 0 0 -0.431107 0.902301
891.900000000 26.9053 -26.0834 0 0 0 -0.474985 0.879994
892.000000000 26.8892 -26.0947 0 0 0 -0.517711 0.855556
892.100000000 26.872 -26.1043 0 0 0 -0.559183 0.829044
892.200000000 26.8622 -26.1248 0 0 0 -0.593491 0.80484
892.300000000 26.8513 -26.1454 0 0 0 -0.626311 0.779573
892.400000000 26.8387 -26.1651 0 0 0 -0.658056 0.752969
892.500000000 26.8245 -26.1836 0 0 0 -0.688672 0.725073
892.600000000 26.8088 -26.2009 0 0 0 -0.718106 0.695933
892.700000000 26.7917 -26.2169 0 0 0 -0.746309 0.6656
892.800000000 26.7734 -26.2313 0 0 0 -0.773231 0.634124
892.900000000 26.754 -26.2443 0 0 0 -0.798827 0.60156
893.000000000 26.7335 -26.2555 0 0 0 -0.823053 0.567965
893.100000000 26.7122 -26.265 0 0 0 -0.845866 0.533395
893.200000000 26.6852 -26.292 0 0 0 -0.862418 0.506197
893.300000000 26.6515 -26.3328 0 0 0 0.87423 -0.485512
893.400000000 26.6121 -26.3821 0 0 0 0.8831 -0.469185
893.500000000 26.5705 -26.4307 0 0 0 0.891475 -0.453071
893.600000000 26.5271 -26.4778 0 0 0 0.899555 -0.436807
893.700000000 26.4821 -26.5232 0 0 0 0.907339 -0.420399
893.800000000 26.4355 -26.567 0 0 0 0.914824 -0.403853
893.900000000 26.3873 -26.6091 0 0 0 0.922007 -0.387173
894.000000000 26.3376 -26.6494 0 0 0 0.928886 -0.370366
894.100000000 26.2865 -26.6878 0 0 0 0.935458 -0.353437
894.200000000 26.228 -26.7348 0 0 0 0.938456 -0.345399
894.300000000 26.1722 -26.7849 0 0 0 0.936727 -0.35006
894.400000000 26.1171 -26.8358 0 0 0 0.934749 -0.355308
894.500000000 26.0625 -26.8873 0 0 0 0.932742 -0.360544
894.600000000 26.0084 -26.9392 0 0 0 0.930938 -0.365177
894.700000000 25.9545 -26.9915 0 0 0 0.929353 -0.369193
894.800000000 25.9014 -27.0444 0 0 0 0.927506 -0.373809
894.900000000 25.8485 -27.0976 0 0 0 0.925883 -0.37781
895.000000000 25.7961 -27.1513 0 0 0 0.924243 -0.381805
895.100000000 25.7442 -27.2055 0 0 0 0.922586 -0.385793
895.200000000 25.6928 -27.2601 0 0 0 0.920911 -0.389773
895.300000000 25.642 -27.3153 0 0 0 0.918962 -0.394346
895.400000000 25.5916 -27.3708 0 0 0 0.917251 -0.398311
895.500000000 25.5417 -27.4268 0 0 0 0.915522 -0.402268
895.600000000 25.4922 -27.4832 0 0 0 0.913776 -0.406217
895.700000000 25.4433 -27.54 0 0 0 0.912014 -0.41016
895.800000000 25.3948 -27.5973 0 0 0 0.910234 -0.414094
895.900000000 25.3474 -27.6554 0 0 0 0.907637 -0.419756
896.000000000 25.3007 -27.7142 0 0 0 0.905004 -0.425402
896.100000000 25.2548 -27.7735 0 0 0 0.902337 -0.431031
896.200000000 25.2094 -27.8333 0 0 0 0.899905 -0.436085
896.300000000 25.1645 -27.8934 0 0 0 0.897726 -0.440553
896.400000000 25.1202 -27.9539 0 0 0 0.895525 -0.445011
896.500000000 25.0765 -28.0149 0 0 0 0.893302 -0.449457
896.600000000 25.0334 -28.0763 0 0 0 0.891057 -0.453892
896.700000000 24.9909 -28.1381 0 0 0 0.888789 -0.458316
896.800000000 24.9491 -28.2003 0 0 0 0.8865 -0.462729
896.900000000 24.9078 -28.263 0 0 0 0.884189 -0.46713
897.000000000 24.8672 -28.3261 0 0 0 0.881855 -0.47152
897.100000000 24.8272 -28.3895 0 0 0 0.879501 -0.475898
897.200000000 24.7847 -28.4514 0 0 0 0.881547 -0.472096
897.300000000 24.7415 -28.5127 0 0 0 0.883883 -0.467707
897.400000000 24.6977 -28.5736 0 0 0 0.886198 -0.463308
897.500000000 24.6535 -28.6342 0 0 0 0.88819 -0.459477
897.600000000 24.6085 -28.6942 0 0 0 0.890463 -0.455056
897.700000000 24.5674 -28.757 0 0 0 0.886527 -0.462677
897.800000000 24.5231 -28.8175 0 0 0 0.888517 -0.458845
897.900000000 24.4781 -28.8775 0 0 0 0.890787 -0.454422
898.000000000 24.4324 -28.9371 0 0 0 0.893035 -0.449988
898.100000000 24.3862 -28.9961 0 0 0 0.895261 -0.445543
898.200000000 24.3394 -29.0548 0 0 0 0.897464 -0.441087
898.300000000 24.292 -29.1129 0 0 0 0.899646 -0.43662
898.400000000 24.2441 -29.1706 0 0 0 0.901805 -0.432142
898.500000000 24.1955 -29.2278 0 0 0 0.903943 -0.427654
898.600000000 24.1464 -29.2845 0 0 0 0.906057 -0.423155
898.700000000 24.0968 -29.3408 0 0 0 0.90815 -0.418646
898.800000000 24.0466 -29.3965 0 0 0 0.91022 -0.414126
898.900000000 23.9958 -29.4517 0 0 0 0.912267 -0.409596
899.000000000 23.9445 -29.5064 0 0 0 0.914292 -0.405056
899.100000000 23.8936 -29.5532 0 0 0 0.920481 -0.390787
899.200000000 23.8506 -29.5841 0 0 0 0.929528 -0.368751
899.300000000 23.8157 -29.5995 0 0 0 0.940796 -0.338974
899.400000000 23.791 -29.599 0 0 0 0.953695 -0.300776
899.500000000 23.768 -29.5949 0 0 0 0.965332 -0.261025
899.600000000 23.7455 -29.5889 0 0 0 0.975313 -0.220827
899.700000000 23.7235 -29.581 0 0 0 0.983621 -0.18025
899.800000000 23.7022 -29.5714 0 0 0 0.990241 -0.139363
899.900000000 23.6818 -29.56 0 0 0 0.995163 -0.0982378
900.000000000 23.6624 -29.547 0 0 0 0.998377 -0.0569438
900.100000000 23.6442 -29.5325 0 0 0 0.999879 -0.015552
900.200000000 23.6272 -29.5164 0 0 0 0.999665 0.0258664
900.300000000 23.6116 -29.4991 0 0 0 0.997737 0.0672404
900.400000000 23.5975 -29.4804 0 0 0 0.994097 0.108499
900.500000000 23.585 -29.4607 0 0 0 0.988751 0.149572
900.600000000 23.5742 -29.44 0 0 0 0.981709 0.190388
900.700000000 23.5651 -29.4185 0 0 0 0.972983 0.230877
900.800000000 23.5578 -29.3964 0 0 0 0.962588 0.27097
900.900000000 23.5524 -29.3736 0 0 0 0.950541 0.310599
901.000000000 23.5635 -29.3574 0 0 0 0.934106 0.356995
901.100000000 23.5762 -29.3424 0 0 0 0.915408 0.402527
901.200000000 23.5903 -29.3287 0 0 0 0.894492 0.447084
901.300000000 23.6057 -29.3164 0 0 0 0.871409 0.490558
901.400000000 23.6222 -29.3057 0 0 0 0.846214 0.532843
901.500000000 23.6397 -29.2967 0 0 0 0.81897 0.573837
901.600000000 23.6579 -29.2895 0 0 0 0.789741 0.61344
901.700000000 23.6768 -29.284 0 0 0 0.758599 0.651558
901.800000000 23.6962 -29.2805 0 0 0 0.725619 0.688097
901.900000000 23.7158 -29.2789 0 0 0 0.690881 0.722969
902.000000000 23.7355 -29.2792 0 0 0 0.654469 0.756089
902.100000000 23.755 -29.2814 0 0 0 0.616471 0.787377
902.200000000 23.7754 -29.2608 0 0 0 0.586723 0.809788
902.300000000 23.7994 -29.2247 0 0 0 0.563029 0.826437
902.400000000 23.8255 -29.1901 0 0 0 0.538863 0.842393
902.500000000 23.8535 -29.1571 0 0 0 0.514245 0.857643
902.600000000 23.8836 -29.1249 0 0 0 0.489546 0.871977
902.700000000 23.9158 -29.0937 0 0 0 0.464802 0.885415
902.800000000 23.9497 -29.0644 0 0 0 0.439689 0.89815
902.900000000 23.9829 -29.0416 0 0 0 0.412015 0.911177
903.000000000 24.0179 -29.0201 0 0 0 0.384335 0.923194
903.100000000 24.0542 -29.0007 0 0 0 0.356305 0.93437
903.200000000 24.1014 -28.9705 0 0 0 0.335438 0.942062
903.300000000 24.161 -28.9289 0 0 0 0.322489 0.946573
903.400000000 24.2215 -28.8845 0 0 0 0.318399 0.947957
903.500000000 24.282 -28.8402 0 0 0 0.315592 0.948895
903.600000000 24.3428 -28.7962 0 0 0 0.312782 0.949825
903.700000000 24.4038 -28.7526 0 0 0 0.30997 0.950746
903.800000000 24.4651 -28.7093 0 0 0 0.307155 0.95166
903.900000000 24.5266 -28.6665 0 0 0 0.304337 0.952565
904.000000000 24.5884 -28.6239 0 0 0 0.301516 0.953461
904.100000000 24.6504 -28.5818 0 0 0 0.298693 0.954349
904.200000000 24.7097 -28.5357 0 0 0 0.308426 0.951248
904.300000000 24.7593 -28.4914 0 0 0 0.324436 0.945908
904.400000000 24.8065 -28.4459 0 0 0 0.340759 0.940151
904.500000000 24.8514 -28.3992 0 0 0 0.35738 0.933959
904.600000000 24.8947 -28.3509 0 0 0 0.373888 0.927474
904.700000000 24.9361 -28.3011 0 0 0 0.390279 0.920697
904.800000000 24.9758 -28.2499 0 0 0 0.406547 0.91363
904.900000000 25.0137 -28.1973 0 0 0 0.422687 0.906276
905.000000000 25.0496 -28.1434 0 0 0 0.438694 0.898636
905.100000000 25.0836 -28.0883 0 0 0 0.454563 0.890714
905.200000000 25.1071 -28.0399 0 0 0 0.475303 0.879822
905.300000000 25.1283 -27.9905 0 0 0 0.495783 0.868447
905.400000000 25.1471 -27.9402 0 0 0 0.51599 0.856594
905.500000000 25.1636 -27.889 0 0 0 0.535914 0.844272
905.600000000 25.1776 -27.8372 0 0 0 0.555544 0.831487
905.700000000 25.1892 -27.7847 0 0 0 0.574869 0.818245
905.800000000 25.1984 -27.7317 0 0 0 0.593879 0.804554
905.900000000 25.205 -27.6784 0 0 0 0.612563 0.790422
906.000000000 25.2091 -27.6248 0 0 0 0.63091 0.775856
906.100000000 25.2108 -27.5711 0 0 0 0.648912 0.760864
906.200000000 25.2099 -27.5173 0 0 0 0.666557 0.745454
906.300000000 25.2065 -27.4637 0 0 0 0.683836 0.729636
906.400000000 25.2003 -27.411 0 0 0 0.701021 0.71314
906.500000000 25.1917 -27.3588 0 0 0 0.717808 0.696241
906.600000000 25.1806 -27.3069 0 0 0 0.734188 0.678946
906.700000000 25.167 -27.2557 0 0 0 0.750152 0.661266
906.800000000 25.1515 -27.1978 0 0 0 0.763375 0.645955
906.900000000 25.1337 -27.1406 0 0 0 0.776287 0.63038
907.000000000 25.1136 -27.0833 0 0 0 0.788629 0.614869
907.100000000 25.0913 -27.0277 0 0 0 0.800906 0.59879
907.200000000 25.0667 -26.973 0 0 0 0.812856 0.582465
907.300000000 25.0399 -26.9186 0 0 0 0.824241 0.566239
907.400000000 25.0109 -26.8652 0 0 0 0.835303 0.54979
907.500000000 24.9798 -26.8131 0 0 0 0.846037 0.533125
907.600000000 24.9467 -26.7622 0 0 0 0.856438 0.51625
907.700000000 24.9113 -26.7119 0 0 0 0.866297 0.499529
907.800000000 24.874 -26.6629 0 0 0 0.87583 0.48262
907.900000000 24.8349 -26.6155 0 0 0 0.885033 0.465528
908.000000000 24.7942 -26.5704 0 0 0 0.894087 0.447894
908.100000000 24.7518 -26.5269 0 0 0 0.902789 0.430084
908.200000000 24.7078 -26.4852 0 0 0 0.911136 0.412105
908.300000000 24.6621 -26.4452 0 0 0 0.919126 0.393964
908.400000000 24.6148 -26.4071 0 0 0 0.926754 0.375668
908.500000000 24.5661 -26.3708 0 0 0 0.934018 0.357225
908.600000000 24.516 -26.3366 0 0 0 0.940916 0.338641
908.700000000 24.4645 -26.3043 0 0 0 0.947443 0.319924
908.800000000 24.4107 -26.2729 0 0 0 0.95335 0.301868
908.900000000 24.3546 -26.2422 0 0 0 0.958674 0.284506
909.000000000 24.2973 -26.2136 0 0 0 0.963683 0.267049
909.100000000 24.2378 -26.186 0 0 0 0.968161 0.25033
909.200000000 24.1774 -26.1604 0 0 0 0.972348 0.233535
909.300000000 24.1147 -26.1358 0 0 0 0.976056 0.217519
909.400000000 24.052 -26.1139 0 0 0 0.979588 0.201015
909.500000000 23.987 -26.093 0 0 0 0.982679 0.185318
909.600000000 23.9222 -26.0747 0 0 0 0.985592 0.169137
909.700000000 23.8575 -26.058 0 0 0 0.98793 0.154903
909.800000000 23.794 -26.0435 0 0 0 0.99001 0.140994
909.900000000 23.7335 -26.0309 0 0 0 0.991658 0.128898
910.000000000 23.6743 -26.0204 0 0 0 0.993183 0.116566
910.100000000 23.6165 -26.0116 0 0 0 0.994519 0.104559
910.200000000 23.5601 -26.0042 0 0 0 0.995629 0.093396
910.300000000 23.507 -25.9983 0 0 0 0.99652 0.083359
910.400000000 23.4555 -25.9936 0 0 0 0.997286 0.0736276
910.500000000 23.4056 -25.9893 0 0 0 0.997823 0.0659553
910.600000000 23.3573 -25.986 0 0 0 0.99831 0.0581183
910.700000000 23.3106 -25.9836 0 0 0 0.998722 0.050548
910.800000000 23.2656 -25.982 0 0 0 0.999064 0.0432454
910.900000000 23.2222 -25.9811 0 0 0 0.999344 0.036211
911.000000000 23.1804 -25.9807 0 0 0 0.999566 0.0294455
911.100000000 23.1404 -25.981 0 0 0 0.999737 0.0229494
911.200000000 23.0986 -25.9815 0 0 0 0.999857 0.016898
911.300000000 23.0569 -25.9822 0 0 0 0.999933 0.0115494
911.400000000 23.0219 -25.9831 0 0 0 0.999973 0.00734822
911.500000000 22.9819 -25.9846 0 0 0 0.999998 0.00221316
911.600000000 22.9486 -25.9859 0 0 0 0.999999 -0.00151228
911.700000000 22.9169 -25.9874 0 0 0 0.999987 -0.00505143
911.800000000 22.8853 -25.989 0 0 0 0.999965 -0.00833028
911.900000000 22.8553 -25.9909 0 0 0 0.999932 -0.011683
912.000000000 22.827 -25.9929 0 0 0 0.999886 -0.0150838
912.100000000 22.7971 -25.995 0 0 0 0.999839 -0.0179448
912.200000000 22.7688 -25.9971 0 0 0 0.999787 -0.0206468
912.300000000 22.7405 -25.9992 0 0 0 0.999733 -0.0231186
912.400000000 22.7123 -26.0014 0 0 0 0.999678 -0.0253618
912.500000000 22.6857 -26.0037 0 0 0 0.999617 -0.027688
912.600000000 22.6557 -26.0059 0 0 0 0.999576 -0.0291053
912.700000000 22.6275 -26.0082 0 0 0 0.99953 -0.0306686
912.800000000 22.5992 -26.0104 0 0 0 0.999495 -0.031783
912.900000000 22.571 -26.0126 0 0 0 0.999459 -0.0328974
913.000000000 22.4963 -26.019 0 0 0 0.999332 -0.0365432
913.100000000 22.4216 -26.0257 0 0 0 0.99922 -0.0395006
913.200000000 22.3469 -26.0328 0 0 0 0.999098 -0.0424576
913.300000000 22.2723 -26.0403 0 0 0 0.998968 -0.0454143
913.400000000 22.1977 -26.0483 0 0 0 0.998829 -0.0483706
913.500000000 22.1231 -26.0567 0 0 0 0.998682 -0.0513264
913.600000000 22.0487 -26.0656 0 0 0 0.998526 -0.0542818
913.700000000 21.9742 -26.0749 0 0 0 0.998361 -0.0572368
913.800000000 21.8998 -26.0844 0 0 0 0.998229 -0.0594847
913.900000000 21.8255 -26.0942 0 0 0 0.998093 -0.0617323
914.000000000 21.7511 -26.104 0 0 0 0.997998 -0.0632528
914.100000000 21.6768 -26.1141 0 0 0 0.9979 -0.0647731
914.200000000 21.6025 -26.1244 0 0 0 0.9978 -0.0662932
914.300000000 21.5282 -26.1346 0 0 0 0.997749 -0.0670648
914.400000000 21.4539 -26.145 0 0 0 0.997696 -0.0678364
914.500000000 21.3797 -26.1554 0 0 0 0.997644 -0.0686079
914.600000000 21.3054 -26.166 0 0 0 0.99759 -0.0693794
914.700000000 21.2311 -26.1764 0 0 0 0.99759 -0.0693794
914.800000000 21.1569 -26.1867 0 0 0 0.99759 -0.0693794
914.900000000 21.0826 -26.1971 0 0 0 0.99759 -0.0693794
915.000000000 21.0083 -26.2075 0 0 0 0.99759 -0.0693794
915.100000000 20.934 -26.2179 0 0 0 0.99759 -0.0693794
915.200000000 20.8597 -26.2283 0 0 0 0.99759 -0.0693794
915.300000000 20.7854 -26.2384 0 0 0 0.997644 -0.0686079
915.400000000 20.7111 -26.2483 0 0 0 0.997696 -0.0678364
915.500000000 20.6367 -26.2582 0 0 0 0.997749 -0.0670648
915.600000000 20.5624 -26.2679 0 0 0 0.9978 -0.0662932
915.700000000 20.488 -26.2775 0 0 0 0.997851 -0.0655216
915.800000000 20.4136 -26.287 0 0 0 0.997902 -0.0647499
915.900000000 20.3392 -26.2964 0 0 0 0.997951 -0.0639782
916.000000000 20.2648 -26.3057 0 0 0 0.998 -0.0632074
916.100000000 20.1903 -26.3149 0 0 0 0.998043 -0.062528
916.200000000 20.1159 -26.324 0 0 0 0.998084 -0.0618747
916.300000000 20.0414 -26.3329 0 0 0 0.998128 -0.0611561
916.400000000 19.9669 -26.3418 0 0 0 0.998166 -0.0605419
916.500000000 19.8925 -26.3506 0 0 0 0.998209 -0.0598232
916.600000000 19.8196 -26.3592 0 0 0 0.998243 -0.0592483
916.700000000 19.7451 -26.3678 0 0 0 0.998283 -0.0585687
916.800000000 19.6772 -26.3755 0 0 0 0.998315 -0.0580329
916.900000000 19.6027 -26.384 0 0 0 0.998352 -0.0573925
917.000000000 19.5398 -26.391 0 0 0 0.99838 -0.0568958
917.100000000 19.4884 -26.3964 0 0 0 0.998449 -0.0556795
917.200000000 19.4386 -26.4015 0 0 0 0.998514 -0.0545023
917.300000000 19.3922 -26.4061 0 0 0 0.998573 -0.0534036
917.400000000 19.3458 -26.4107 0 0 0 0.998631 -0.0523047
917.500000000 19.301 -26.415 0 0 0 0.998686 -0.0512451
917.600000000 19.2578 -26.419 0 0 0 0.998738 -0.0502246
917.700000000 19.2163 -26.4228 0 0 0 0.998787 -0.0492434
917.800000000 19.1765 -26.4263 0 0 0 0.998833 -0.0483013
917.900000000 19.1383 -26.4297 0 0 0 0.998876 -0.0473985
918.000000000 19.1017 -26.4328 0 0 0 0.998917 -0.0465348
918.100000000 19.0669 -26.4357 0 0 0 0.998955 -0.0457104
918.200000000 19.032 -26.4386 0 0 0 0.998992 -0.044886
918.300000000 18.9988 -26.4413 0 0 0 0.999027 -0.0441008
918.400000000 18.9672 -26.4438 0 0 0 0.99906 -0.0433548
918.500000000 18.9356 -26.4462 0 0 0 0.999092 -0.0426088
918.600000000 18.9057 -26.4485 0 0 0 0.999122 -0.0419021
918.700000000 18.8774 -26.4506 0 0 0 0.999149 -0.0412346
918.800000000 18.8492 -26.4527 0 0 0 0.999177 -0.0405671
918.900000000 18.8226 -26.4546 0 0 0 0.999202 -0.0399388
919.000000000 18.7976 -26.4563 0 0 0 0.999225 -0.0393498
919.100000000 18.7727 -26.4581 0 0 0 0.999249 -0.0387607
919.200000000 18.7494 -26.4595 0 0 0 0.999284 -0.0378432
919.300000000 18.7261 -26.4609 0 0 0 0.999318 -0.0369257
919.400000000 18.7045 -26.4622 0 0 0 0.999349 -0.0360736
919.500000000 18.6829 -26.4634 0 0 0 0.99938 -0.0352216
919.600000000 18.6612 -26.4646 0 0 0 0.999409 -0.0343695
919.700000000 18.6412 -26.4656 0 0 0 0.999436 -0.0335829
919.800000000 18.6213 -26.4667 0 0 0 0.999462 -0.0327964
919.900000000 18.6013 -26.4677 0 0 0 0.999488 -0.0320098
920.000000000 18.5813 -26.4686 0 0 0 0.999512 -0.0312231
920.100000000 18.5613 -26.4696 0 0 0 0.999537 -0.0304365
920.200000000 18.5413 -26.4705 0 0 0 0.99956 -0.0296498
920.300000000 18.5197 -26.4714 0 0 0 0.999585 -0.0287976
920.400000000 18.4997 -26.4722 0 0 0 0.999608 -0.0280109
920.500000000 18.4797 -26.473 0 0 0 0.999629 -0.0272242
920.600000000 18.4614 -26.4738 0 0 0 0.999649 -0.026503
920.700000000 18.4414 -26.4745 0 0 0 0.999669 -0.0257162
920.800000000 18.4231 -26.4752 0 0 0 0.999688 -0.024995
920.900000000 18.4031 -26.4758 0 0 0 0.999707 -0.0242083
921.000000000 18.3831 -26.4765 0 0 0 0.999726 -0.0234215
921.100000000 18.3631 -26.4771 0 0 0 0.999744 -0.0226347
921.200000000 18.3431 -26.4778 0 0 0 0.999758 -0.0220057
921.300000000 18.3231 -26.4785 0 0 0 0.999768 -0.0215342
921.400000000 18.3032 -26.4791 0 0 0 0.999778 -0.0210627
921.500000000 18.2815 -26.4798 0 0 0 0.999789 -0.0205519
921.600000000 18.2615 -26.4805 0 0 0 0.999798 -0.0200805
921.700000000 18.2415 -26.4811 0 0 0 0.999808 -0.019609
921.800000000 18.2232 -26.4816 0 0 0 0.999816 -0.0191768
921.900000000 18.1899 -26.4826 0 0 0 0.999831 -0.0183909
922.000000000 18.1715 -26.4831 0 0 0 0.999839 -0.0179587
922.100000000 18.1515 -26.4834 0 0 0 0.999858 -0.0168548
922.200000000 18.1332 -26.4836 0 0 0 0.999874 -0.015843
922.300000000 18.1149 -26.4838 0 0 0 0.99989 -0.0148311
922.400000000 18.0949 -26.4839 0 0 0 0.999906 -0.0137272
922.500000000 18.0765 -26.484 0 0 0 0.999919 -0.0127153
922.600000000 18.0565 -26.4841 0 0 0 0.999933 -0.0116113
922.700000000 18.0365 -26.4841 0 0 0 0.999945 -0.0105074
922.800000000 18.0165 -26.4841 0 0 0 0.999956 -0.00940344
922.900000000 17.9965 -26.484 0 0 0 0.999966 -0.00829947
923.000000000 17.9765 -26.4839 0 0 0 0.999974 -0.00719549
923.100000000 17.9565 -26.4838 0 0 0 0.999981 -0.00609151
923.200000000 17.9382 -26.4836 0 0 0 0.999986 -0.00522502
923.300000000 17.9182 -26.4835 0 0 0 0.999991 -0.00427975
923.400000000 17.8998 -26.4833 0 0 0 0.999994 -0.00341325
923.500000000 17.8798 -26.483 0 0 0 0.999997 -0.00246798
923.600000000 17.8598 -26.4828 0 0 0 0.999999 -0.0015227
923.700000000 17.8398 -26.4824 0 0 0 1 -0.000577423
923.800000000 17.8198 -26.4821 0 0 0 1 0.000367855
923.900000000 17.7998 -26.4817 0 0 0 0.999999 0.00131313
924.000000000 17.7798 -26.4813 0 0 0 0.999997 0.00225841
924.100000000 17.7582 -26.4807 0 0 0 0.999995 0.00328246
924.200000000 17.7382 -26.4802 0 0 0 0.999991 0.00422773
924.300000000 17.7182 -26.4797 0 0 0 0.999987 0.005173
924.400000000 17.6998 -26.4792 0 0 0 0.999982 0.00603949
924.500000000 17.6815 -26.4786 0 0 0 0.999976 0.00690598
924.600000000 17.6615 -26.4779 0 0 0 0.999969 0.00785123
924.700000000 17.6432 -26.4773 0 0 0 0.999962 0.0087177
924.800000000 17.6232 -26.4766 0 0 0 0.999953 0.00966294
924.900000000 17.6032 -26.4759 0 0 0 0.999945 0.0104499
925.000000000 17.5832 -26.4752 0 0 0 0.999939 0.011079
925.100000000 17.5632 -26.4745 0 0 0 0.999931 0.0117081
925.200000000 17.5432 -26.4744 0 0 0 0.99994 0.0109212
925.300000000 17.5216 -26.4742 0 0 0 0.999949 0.0100686
925.400000000 17.5016 -26.4741 0 0 0 0.999957 0.00928163
925.500000000 17.4816 -26.4741 0 0 0 0.999964 0.00849465
925.600000000 17.4632 -26.4741 0 0 0 0.99997 0.00777324
925.700000000 17.4432 -26.4741 0 0 0 0.999976 0.00698624
925.800000000 17.4232 -26.4741 0 0 0 0.999981 0.00619924
925.900000000 17.4049 -26.4742 0 0 0 0.999985 0.00547782
926.000000000 17.3849 -26.4742 0 0 0 0.999989 0.00469082
926.100000000 17.3649 -26.4744 0 0 0 0.999992 0.00390381
926.200000000 17.3449 -26.4745 0 0 0 0.999995 0.00311679
926.300000000 17.3249 -26.4747 0 0 0 0.999997 0.00232978
926.400000000 17.3049 -26.4749 0 0 0 0.999999 0.00154276
926.500000000 17.2832 -26.4752 0 0 0 1 0.000690163
926.600000000 17.2632 -26.4755 0 0 0 1 -9.68536e-05
926.700000000 17.2432 -26.4758 0 0 0 1 -0.000883871
926.800000000 17.2249 -26.4761 0 0 0 0.999999 -0.0016053
926.900000000 17.2049 -26.4765 0 0 0 0.999997 -0.00239232
927.000000000 17.1849 -26.4769 0 0 0 0.999995 -0.00317933
927.100000000 17.1649 -26.4774 0 0 0 0.999992 -0.00396634
927.200000000 17.0899 -26.4812 0 0 0 0.999928 -0.0119761
927.300000000 17.0151 -26.4864 0 0 0 0.999789 -0.020553
927.400000000 16.9403 -26.4929 0 0 0 0.999576 -0.0291284
927.500000000 16.8657 -26.5007 0 0 0 0.999289 -0.0377016
927.600000000 16.7912 -26.5098 0 0 0 0.998929 -0.0462721
927.700000000 16.7168 -26.5201 0 0 0 0.998495 -0.0548392
927.800000000 16.6427 -26.5317 0 0 0 0.997988 -0.0634022
927.900000000 16.5687 -26.5446 0 0 0 0.997407 -0.0719606
928.000000000 16.495 -26.5588 0 0 0 0.996754 -0.0805137
928.100000000 16.4216 -26.5742 0 0 0 0.996026 -0.0890608
928.200000000 16.3577 -26.5926 0 0 0 0.994381 -0.105857
928.300000000 16.2963 -26.6131 0 0 0 0.992347 -0.123477
928.400000000 16.2356 -26.6357 0 0 0 0.990001 -0.141058
928.500000000 16.1757 -26.6605 0 0 0 0.987344 -0.158594
928.600000000 16.1168 -26.6874 0 0 0 0.984376 -0.176081
928.700000000 16.0588 -26.7164 0 0 0 0.981098 -0.193512
928.800000000 16.0019 -26.7474 0 0 0 0.977512 -0.210882
928.900000000 15.9462 -26.7804 0 0 0 0.973618 -0.228186
929.000000000 15.8916 -26.8154 0 0 0 0.969417 -0.245418
929.100000000 15.8384 -26.8523 0 0 0 0.964912 -0.262573
929.200000000 15.7758 -26.8938 0 0 0 0.96218 -0.272415
929.300000000 15.7139 -26.9362 0 0 0 0.959651 -0.281193
929.400000000 15.6527 -26.9797 0 0 0 0.957043 -0.289947
929.500000000 15.5924 -27.0244 0 0 0 0.954354 -0.298677
929.600000000 15.5329 -27.0701 0 0 0 0.951586 -0.307382
929.700000000 15.4742 -27.117 0 0 0 0.948739 -0.316061
929.800000000 15.4164 -27.1648 0 0 0 0.945812 -0.324714
929.900000000 15.3595 -27.2138 0 0 0 0.942807 -0.33334
930.000000000 15.3035 -27.2637 0 0 0 0.939722 -0.341938
930.100000000 15.2484 -27.3147 0 0 0 0.93656 -0.350508
930.200000000 15.1943 -27.3667 0 0 0 0.933319 -0.359048
930.300000000 15.1411 -27.4196 0 0 0 0.93 -0.367558
930.400000000 15.0889 -27.4736 0 0 0 0.926604 -0.376038
930.500000000 15.0377 -27.5284 0 0 0 0.923131 -0.384486
930.600000000 14.9875 -27.5842 0 0 0 0.91958 -0.392902
930.700000000 14.9344 -27.6372 0 0 0 0.921268 -0.388928
930.800000000 14.8793 -27.6882 0 0 0 0.92499 -0.379992
930.900000000 14.8233 -27.7382 0 0 0 0.928625 -0.37102
931.000000000 14.7663 -27.787 0 0 0 0.932173 -0.362014
931.100000000 14.7145 -27.8245 0 0 0 0.938593 -0.345026
931.200000000 14.6619 -27.8595 0 0 0 0.944842 -0.327528
931.300000000 14.6081 -27.8925 0 0 0 0.950764 -0.309916
931.400000000 14.553 -27.9234 0 0 0 0.956358 -0.292197
931.500000000 14.4969 -27.9523 0 0 0 0.961622 -0.274378
931.600000000 14.4397 -27.9791 0 0 0 0.966554 -0.256463
931.700000000 14.3816 -28.0037 0 0 0 0.971152 -0.23846
931.800000000 14.3226 -28.0261 0 0 0 0.975415 -0.220375
931.900000000 14.2627 -28.0464 0 0 0 0.979341 -0.202214
932.000000000 14.2022 -28.0644 0 0 0 0.982929 -0.183983
932.100000000 14.1411 -28.0802 0 0 0 0.986178 -0.165688
932.200000000 14.0732 -28.0972 0 0 0 0.988568 -0.150777
932.300000000 14.0041 -28.1127 0 0 0 0.99067 -0.136284
932.400000000 13.9345 -28.1261 0 0 0 0.992559 -0.121762
932.500000000 13.8645 -28.1375 0 0 0 0.994236 -0.107214
932.600000000 13.7943 -28.1468 0 0 0 0.995699 -0.0926424
932.700000000 13.7238 -28.1541 0 0 0 0.996949 -0.0780514
932.800000000 13.6531 -28.1593 0 0 0 0.997985 -0.0634435
932.900000000 13.5823 -28.1625 0 0 0 0.998807 -0.0488221
933.000000000 13.5115 -28.1635 0 0 0 0.999415 -0.0341902
933.100000000 13.4406 -28.1625 0 0 0 0.999809 -0.0195509
933.200000000 13.3656 -28.1616 0 0 0 0.999951 -0.00987203
933.300000000 13.2905 -28.1594 0 0 0 1 -0.000737676
933.400000000 13.2156 -28.1558 0 0 0 0.999965 0.00839674
933.500000000 13.1407 -28.1509 0 0 0 0.999846 0.0175305
933.600000000 13.0659 -28.1446 0 0 0 0.999644 0.0266627
933.700000000 12.9912 -28.137 0 0 0 0.999359 0.0357927
933.800000000 12.9167 -28.128 0 0 0 0.998991 0.0449198
933.900000000 12.8424 -28.1176 0 0 0 0.998539 0.0540431
934.000000000 12.7682 -28.1059 0 0 0 0.998003 0.0631619
934.100000000 12.7269 -28.1003 0 0 0 0.997941 0.0641424
934.200000000 12.6526 -28.0901 0 0 0 0.997842 0.0656626
934.300000000 12.5784 -28.0796 0 0 0 0.997741 0.0671827
934.400000000 12.5041 -28.069 0 0 0 0.997637 0.0687026
934.500000000 12.4299 -28.0581 0 0 0 0.997531 0.0702223
934.600000000 12.3557 -28.047 0 0 0 0.997423 0.0717419
934.700000000 12.2816 -28.0356 0 0 0 0.997313 0.0732614
934.800000000 12.2075 -28.0241 0 0 0 0.9972 0.0747806
934.900000000 12.1334 -28.0123 0 0 0 0.997085 0.0762997
935.000000000 12.0594 -28.0003 0 0 0 0.996968 0.0778186
935.100000000 12.0247 -27.9954 0 0 0 0.997074 0.0764454
935.200000000 11.9917 -27.9909 0 0 0 0.997193 0.0748745
935.300000000 11.9603 -27.9868 0 0 0 0.997304 0.0733819
935.400000000 11.9305 -27.983 0 0 0 0.997407 0.0719677
935.500000000 11.9008 -27.9792 0 0 0 0.997508 0.0705534
935.600000000 11.8726 -27.9758 0 0 0 0.997602 0.0692176
935.700000000 11.8445 -27.9724 0 0 0 0.997693 0.0678816
935.800000000 11.818 -27.9693 0 0 0 0.997778 0.066624
935.900000000 11.7932 -27.9664 0 0 0 0.997856 0.065445
936.000000000 11.7667 -27.9634 0 0 0 0.997938 0.0641873
936.100000000 11.7402 -27.9605 0 0 0 0.998018 0.0629295
936.200000000 11.7136 -27.9577 0 0 0 0.998096 0.0616716
936.300000000 11.6888 -27.955 0 0 0 0.998169 0.0604922
936.400000000 11.6556 -27.9516 0 0 0 0.998263 0.0589195
936.500000000 11.6241 -27.9485 0 0 0 0.99835 0.0574254
936.600000000 11.5942 -27.9456 0 0 0 0.99843 0.0560097
936.700000000 11.5643 -27.9429 0 0 0 0.998522 0.0543562
936.800000000 11.5361 -27.9406 0 0 0 0.998617 0.0525691
936.900000000 11.5078 -27.9383 0 0 0 0.99871 0.0507818
937.000000000 11.4813 -27.9363 0 0 0 0.998794 0.0490996
937.100000000 11.4547 -27.9342 0 0 0 0.998855 0.0478407
937.200000000 11.4281 -27.9321 0 0 0 0.998914 0.0465817
937.300000000 11.4015 -27.9301 0 0 0 0.998972 0.0453227
937.400000000 11.3749 -27.9282 0 0 0 0.999029 0.0440636
937.500000000 11.3499 -27.9265 0 0 0 0.99908 0.0428831
937.600000000 11.3233 -27.9247 0 0 0 0.999133 0.0416238
937.700000000 11.2967 -27.923 0 0 0 0.999185 0.0403645
937.800000000 11.2717 -27.9215 0 0 0 0.999232 0.0391839
937.900000000 11.2468 -27.92 0 0 0 0.999278 0.0380031
938.000000000 11.2202 -27.9184 0 0 0 0.999325 0.0367436
938.100000000 11.1935 -27.9169 0 0 0 0.999363 0.035695
938.200000000 11.1686 -27.9154 0 0 0 0.99939 0.034909
938.300000000 11.1436 -27.914 0 0 0 0.999418 0.0341231
938.400000000 11.117 -27.9125 0 0 0 0.999446 0.0332847
938.500000000 11.0904 -27.9111 0 0 0 0.999473 0.0324463
938.600000000 11.0637 -27.9097 0 0 0 0.9995 0.0316078
938.700000000 11.0371 -27.9083 0 0 0 0.999527 0.0307694
938.800000000 11.0121 -27.9071 0 0 0 0.99955 0.0299833
938.900000000 10.9855 -27.9059 0 0 0 0.999575 0.0291448
939.000000000 10.9605 -27.9047 0 0 0 0.999598 0.0283587
939.100000000 10.9355 -27.9039 0 0 0 0.999641 0.0267802
939.200000000 10.9105 -27.9032 0 0 0 0.999682 0.0252016
939.300000000 10.8838 -27.9025 0 0 0 0.999723 0.0235177
939.400000000 10.8572 -27.902 0 0 0 0.999762 0.0218338
939.500000000 10.8305 -27.9015 0 0 0 0.999797 0.0201497
939.600000000 10.8038 -27.9011 0 0 0 0.999829 0.0184657
939.700000000 10.7772 -27.9008 0 0 0 0.999859 0.0167815
939.800000000 10.7505 -27.9005 0 0 0 0.999886 0.0150974
939.900000000 10.7238 -27.9004 0 0 0 0.99991 0.0134131
940.000000000 10.6988 -27.9004 0 0 0 0.99993 0.0118341
940.100000000 10.6738 -27.9004 0 0 0 0.999947 0.0102551
940.200000000 10.6471 -27.9004 0 0 0 0.99996 0.00899481
940.300000000 10.6188 -27.9004 0 0 0 0.999971 0.00765572
940.400000000 10.5921 -27.9005 0 0 0 0.99998 0.00639538
940.500000000 10.5655 -27.9007 0 0 0 0.999987 0.00513503
940.600000000 10.5388 -27.9009 0 0 0 0.999992 0.00387467
940.700000000 10.5121 -27.9012 0 0 0 0.999997 0.0026143
940.800000000 10.4855 -27.9015 0 0 0 0.999999 0.00135393
940.900000000 10.4605 -27.9019 0 0 0 1 0.000172337
941.000000000 10.4355 -27.9024 0 0 0 0.999999 -0.00100926
941.100000000 10.4121 -27.9029 0 0 0 0.999998 -0.00211208
941.200000000 10.3855 -27.9033 0 0 0 0.999996 -0.00295094
941.300000000 10.3605 -27.9038 0 0 0 0.999993 -0.00373737
941.400000000 10.3338 -27.9043 0 0 0 0.99999 -0.00457623
941.500000000 10.3088 -27.9049 0 0 0 0.999986 -0.00536265
941.600000000 10.2821 -27.9054 0 0 0 0.999982 -0.00599143
941.700000000 10.2555 -27.906 0 0 0 0.999978 -0.0066202
941.800000000 10.1805 -27.9079 0 0 0 0.999961 -0.00887188
941.900000000 10.1055 -27.9101 0 0 0 0.999938 -0.0111235
942.000000000 10.0306 -27.9127 0 0 0 0.999911 -0.0133751
942.100000000 9.95562 -27.9156 0 0 0 0.999878 -0.0156266
942.200000000 9.88068 -27.9185 0 0 0 0.999853 -0.0171498
942.300000000 9.80574 -27.9217 0 0 0 0.999826 -0.018673
942.400000000 9.73082 -27.9251 0 0 0 0.999796 -0.0201962
942.500000000 9.65589 -27.9285 0 0 0 0.99978 -0.0209693
942.600000000 9.58098 -27.9322 0 0 0 0.999747 -0.0224924
942.700000000 9.50607 -27.9359 0 0 0 0.999729 -0.0232655
942.800000000 9.43117 -27.9397 0 0 0 0.999711 -0.0240386
942.900000000 9.35627 -27.9436 0 0 0 0.999692 -0.0248117
943.000000000 9.28138 -27.9477 0 0 0 0.999673 -0.0255848
943.100000000 9.24308 -27.9493 0 0 0 0.999695 -0.0246812
943.200000000 9.20644 -27.9507 0 0 0 0.999716 -0.0238169
943.300000000 9.1698 -27.9521 0 0 0 0.999737 -0.0229525
943.400000000 9.13482 -27.9534 0 0 0 0.999755 -0.0221275
943.500000000 9.10151 -27.9546 0 0 0 0.999772 -0.0213417
943.600000000 9.06985 -27.9556 0 0 0 0.999788 -0.0205951
943.700000000 9.0382 -27.9566 0 0 0 0.999803 -0.0198486
943.800000000 9.00822 -27.9575 0 0 0 0.999817 -0.0191414
943.900000000 8.97989 -27.9583 0 0 0 0.999829 -0.0184734
944.000000000 8.95157 -27.9591 0 0 0 0.999841 -0.0178054
944.100000000 8.92491 -27.9598 0 0 0 0.999852 -0.0171767
944.200000000 8.84997 -27.9627 0 0 0 0.999839 -0.0179499
944.300000000 8.77504 -27.966 0 0 0 0.99981 -0.0194731
944.400000000 8.70012 -27.9695 0 0 0 0.99978 -0.0209962
944.500000000 8.62521 -27.9733 0 0 0 0.999746 -0.0225193
944.600000000 8.5503 -27.977 0 0 0 0.999729 -0.0232924
944.700000000 8.47541 -27.9811 0 0 0 0.999692 -0.0248154
944.800000000 8.40054 -27.9854 0 0 0 0.999653 -0.0263384
944.900000000 8.32567 -27.99 0 0 0 0.999612 -0.0278612
945.000000000 8.25082 -27.9948 0 0 0 0.999568 -0.029384
945.100000000 8.17597 -27.9995 0 0 0 0.999545 -0.030157
945.200000000 8.10111 -28.004 0 0 0 0.999545 -0.030157
945.300000000 8.02624 -28.0085 0 0 0 0.999545 -0.030157
945.400000000 7.95138 -28.013 0 0 0 0.999545 -0.030157
945.500000000 7.87652 -28.0176 0 0 0 0.999545 -0.030157
945.600000000 7.80165 -28.0221 0 0 0 0.999545 -0.030157
945.700000000 7.72679 -28.0266 0 0 0 0.999545 -0.030157
945.800000000 7.65193 -28.0311 0 0 0 0.999545 -0.030157
945.900000000 7.57706 -28.0356 0 0 0 0.999545 -0.030157
946.000000000 7.5022 -28.0402 0 0 0 0.999545 -0.030157
946.100000000 7.42734 -28.0447 0 0 0 0.999545 -0.030157
946.200000000 7.35247 -28.0492 0 0 0 0.999545 -0.030157
946.300000000 7.27761 -28.0537 0 0 0 0.999545 -0.030157
946.400000000 7.20275 -28.0582 0 0 0 0.999545 -0.030157
946.500000000 7.12788 -28.0628 0 0 0 0.999545 -0.030157
946.600000000 7.05302 -28.0673 0 0 0 0.999545 -0.030157
946.700000000 6.97815 -28.0718 0 0 0 0.999545 -0.030157
946.800000000 6.90329 -28.0763 0 0 0 0.999545 -0.030157
946.900000000 6.82843 -28.0809 0 0 0 0.999545 -0.030157
947.000000000 6.75356 -28.0854 0 0 0 0.999545 -0.030157
947.100000000 6.6787 -28.0899 0 0 0 0.999545 -0.030157
947.200000000 6.60406 -28.0976 0 0 0 0.999272 -0.0381623
947.300000000 6.52956 -28.1068 0 0 0 0.998907 -0.0467326
947.400000000 6.45524 -28.1172 0 0 0 0.99847 -0.0552995
947.500000000 6.38111 -28.1289 0 0 0 0.997959 -0.0638623
947.600000000 6.30719 -28.1418 0 0 0 0.997374 -0.0724204
947.700000000 6.2335 -28.156 0 0 0 0.996716 -0.0809732
947.800000000 6.16007 -28.1715 0 0 0 0.995985 -0.08952
947.900000000 6.08691 -28.1883 0 0 0 0.99518 -0.0980603
948.000000000 6.01405 -28.2063 0 0 0 0.994303 -0.106593
948.100000000 5.94151 -28.2255 0 0 0 0.993352 -0.115118
948.200000000 5.86931 -28.246 0 0 0 0.992328 -0.123635
948.300000000 5.79747 -28.2677 0 0 0 0.991231 -0.132143
948.400000000 5.72602 -28.2907 0 0 0 0.990061 -0.140641
948.500000000 5.65497 -28.3149 0 0 0 0.988818 -0.149128
948.600000000 5.58435 -28.3402 0 0 0 0.987502 -0.157605
948.700000000 5.51417 -28.3668 0 0 0 0.986114 -0.16607
948.800000000 5.44446 -28.3946 0 0 0 0.984653 -0.174522
948.900000000 5.37523 -28.4236 0 0 0 0.98312 -0.182962
949.000000000 5.31855 -28.4533 0 0 0 0.979635 -0.200785
949.100000000 5.27279 -28.4829 0 0 0 0.974751 -0.223294
949.200000000 5.24432 -28.5104 0 0 0 0.967361 -0.253401
949.300000000 5.23591 -28.5336 0 0 0 0.956361 -0.292188
949.400000000 5.2315 -28.5565 0 0 0 0.943441 -0.33154
949.500000000 5.22901 -28.5797 0 0 0 0.928903 -0.370324
949.600000000 5.22844 -28.6031 0 0 0 0.912771 -0.408472
949.700000000 5.22981 -28.6264 0 0 0 0.895073 -0.44592
949.800000000 5.2331 -28.6495 0 0 0 0.87584 -0.482602
949.900000000 5.23829 -28.6723 0 0 0 -0.855104 0.518457
950.000000000 5.24608 -28.6936 0 0 0 -0.832586 0.553895
950.100000000 5.24443 -28.7309 0 0 0 -0.814286 0.580464
950.200000000 5.23684 -28.7826 0 0 0 -0.799993 0.60001
950.300000000 5.22562 -28.8464 0 0 0 -0.789225 0.614104
950.400000000 5.21667 -28.9106 0 0 0 -0.778209 0.628005
950.500000000 5.21 -28.975 0 0 0 -0.766949 0.641708
950.600000000 5.20562 -29.0397 0 0 0 -0.755447 0.65521
950.700000000 5.20354 -29.1044 0 0 0 -0.743707 0.668505
950.800000000 5.20375 -29.1692 0 0 0 -0.731734 0.681591
950.900000000 5.20649 -29.2331 0 0 0 -0.719236 0.694766
951.000000000 5.21135 -29.2977 0 0 0 -0.7068 0.707413
951.100000000 5.2185 -29.3621 0 0 0 -0.694142 0.719838
951.200000000 5.22793 -29.4262 0 0 0 -0.681266 0.732036
951.300000000 5.23962 -29.49 0 0 0 -0.668176 0.744003
951.400000000 5.25357 -29.5532 0 0 0 -0.654875 0.755737
951.500000000 5.26976 -29.616 0 0 0 -0.641368 0.767233
951.600000000 5.28816 -29.6781 0 0 0 -0.62766 0.778488
951.700000000 5.30875 -29.7395 0 0 0 -0.613754 0.789497
951.800000000 5.3315 -29.8002 0 0 0 -0.599655 0.800259
951.900000000 5.35639 -29.86 0 0 0 -0.585367 0.810768
952.000000000 5.38339 -29.9189 0 0 0 -0.570896 0.821023
952.100000000 5.41246 -29.9768 0 0 0 -0.556244 0.831019
952.200000000 5.44357 -30.0336 0 0 0 -0.541418 0.840754
952.300000000 5.47667 -30.0893 0 0 0 -0.526421 0.850224
952.400000000 5.51243 -30.1464 0 0 0 -0.512373 0.858763
952.500000000 5.55031 -30.2031 0 0 0 -0.498568 0.866851
952.600000000 5.58998 -30.2586 0 0 0 -0.484636 0.874716
952.700000000 5.63141 -30.3127 0 0 0 -0.470579 0.882358
952.800000000 5.6742 -30.3647 0 0 0 -0.45601 0.889975
952.900000000 5.71906 -30.4161 0 0 0 -0.441713 0.897157
953.000000000 5.76594 -30.4668 0 0 0 -0.427706 0.903918
953.100000000 5.81503 -30.5236 0 0 0 -0.423207 0.906033
953.200000000 5.8627 -30.5815 0 0 0 -0.424587 0.905387
953.300000000 5.90996 -30.6397 0 0 0 -0.426625 0.904429
953.400000000 5.95696 -30.6982 0 0 0 -0.42866 0.903466
953.500000000 6.00348 -30.757 0 0 0 -0.431332 0.902193
953.600000000 6.04965 -30.8161 0 0 0 -0.434 0.900913
953.700000000 6.09547 -30.8755 0 0 0 -0.436665 0.899624
953.800000000 6.14094 -30.9351 0 0 0 -0.439325 0.898328
953.900000000 6.19019 -30.9918 0 0 0 -0.430126 0.902769
954.000000000 6.23466 -31.0343 0 0 0 -0.412522 0.910948
954.100000000 6.27255 -31.0609 0 0 0 -0.387444 0.921893
954.200000000 6.30226 -31.0708 0 0 0 -0.354182 0.935177
954.300000000 6.32485 -31.0683 0 0 0 -0.314613 0.94922
954.400000000 6.34715 -31.064 0 0 0 -0.27449 0.96159
954.500000000 6.36902 -31.0579 0 0 0 -0.233882 0.972265
954.600000000 6.39029 -31.0499 0 0 0 -0.192863 0.981226
954.700000000 6.40981 -31.0395 0 0 0 -0.15093 0.988544
954.800000000 6.42837 -31.0275 0 0 0 -0.108723 0.994072
954.900000000 6.44695 -31.0144 0 0 0 -0.0668985 0.99776
955.000000000 6.46323 -30.9994 0 0 0 -0.0243758 0.999703
955.100000000 6.46477 -30.9798 0 0 0 0.024846 0.999691
955.200000000 6.46278 -30.9599 0 0 0 0.0747786 0.9972
955.300000000 6.45881 -30.9404 0 0 0 0.124524 0.992217
955.400000000 6.45291 -30.9213 0 0 0 0.173959 0.984753
955.500000000 6.44513 -30.9028 0 0 0 0.222959 0.974828
955.600000000 6.43555 -30.8853 0 0 0 0.271401 0.962466
955.700000000 6.42427 -30.8688 0 0 0 0.319165 0.947699
955.800000000 6.41139 -30.8535 0 0 0 0.366132 0.930563
955.900000000 6.39706 -30.8396 0 0 0 0.412183 0.911101
956.000000000 6.3814 -30.8271 0 0 0 0.457204 0.889362
956.100000000 6.36458 -30.8163 0 0 0 0.501082 0.8654
956.200000000 6.34677 -30.8072 0 0 0 0.543708 0.839275
956.300000000 6.32814 -30.8 0 0 0 0.584974 0.811052
956.400000000 6.30887 -30.7946 0 0 0 0.624779 0.780802
956.500000000 6.28917 -30.7912 0 0 0 0.663022 0.7486
956.600000000 6.26923 -30.7898 0 0 0 0.699608 0.714527
956.700000000 6.24925 -30.7904 0 0 0 0.734445 0.678668
956.800000000 6.22942 -30.793 0 0 0 0.767446 0.641113
956.900000000 6.20995 -30.7975 0 0 0 0.79853 0.601956
957.000000000 6.19103 -30.804 0 0 0 0.827617 0.561293
957.100000000 6.17285 -30.8123 0 0 0 0.854636 0.519228
957.200000000 6.14843 -30.798 0 0 0 0.873617 0.486614
957.300000000 6.11964 -30.7766 0 0 0 0.889253 0.457416
957.400000000 6.08912 -30.7564 0 0 0 0.903729 0.428106
957.500000000 6.05735 -30.7382 0 0 0 0.917239 0.398338
957.600000000 6.02446 -30.7222 0 0 0 0.929768 0.368146
957.700000000 5.9906 -30.7083 0 0 0 0.941304 0.337559
957.800000000 5.95589 -30.6966 0 0 0 0.951835 0.306612
957.900000000 5.9205 -30.6873 0 0 0 0.961348 0.275337
958.000000000 5.88458 -30.6803 0 0 0 0.969833 0.243768
958.100000000 5.83539 -30.665 0 0 0 0.975538 0.219832
958.200000000 5.77487 -30.6443 0 0 0 0.979369 0.20208
958.300000000 5.71292 -30.6254 0 0 0 0.982799 0.184679
958.400000000 5.65034 -30.6086 0 0 0 0.98592 0.167219
958.500000000 5.5872 -30.5941 0 0 0 0.988731 0.149706
958.600000000 5.52359 -30.5818 0 0 0 0.99123 0.132147
958.700000000 5.45958 -30.5717 0 0 0 0.993418 0.114545
958.800000000 5.39525 -30.564 0 0 0 0.995293 0.0969083
958.900000000 5.3307 -30.5585 0 0 0 0.996856 0.0792407
959.000000000 5.26598 -30.5554 0 0 0 0.998104 0.0615481
959.100000000 5.19109 -30.5502 0 0 0 0.998681 0.0513493
959.200000000 5.11614 -30.5462 0 0 0 0.999108 0.0422249
959.300000000 5.04114 -30.5435 0 0 0 0.999452 0.0330969
959.400000000 4.96609 -30.5422 0 0 0 0.999713 0.0239661
959.500000000 4.89104 -30.5422 0 0 0 0.99989 0.0148333
959.600000000 4.816 -30.5436 0 0 0 0.999984 0.00569932
959.700000000 4.74099 -30.5464 0 0 0 0.999994 -0.00343516
959.800000000 4.66605 -30.5506 0 0 0 0.999921 -0.0125693
959.900000000 4.5912 -30.5561 0 0 0 0.999764 -0.0217025
960.000000000 4.51646 -30.5631 0 0 0 0.999525 -0.0308338
960.100000000 4.44186 -30.5713 0 0 0 0.999201 -0.0399626
960.200000000 4.36743 -30.5809 0 0 0 0.998794 -0.049088
960.300000000 4.29318 -30.5919 0 0 0 0.998304 -0.0582093
960.400000000 4.21915 -30.6043 0 0 0 0.997731 -0.0673258
960.500000000 4.14535 -30.618 0 0 0 0.997074 -0.0764367
960.600000000 4.07182 -30.633 0 0 0 0.996335 -0.0855412
960.700000000 3.99857 -30.6494 0 0 0 0.995512 -0.0946385
960.800000000 3.92564 -30.6671 0 0 0 0.994606 -0.103728
960.900000000 3.85304 -30.6861 0 0 0 0.993617 -0.112809
961.000000000 3.77957 -30.7013 0 0 0 0.994095 -0.108517
961.100000000 3.7102 -30.7104 0 0 0 0.99562 -0.0934926
961.200000000 3.65645 -30.7111 0 0 0 0.997537 -0.0701446
961.300000000 3.61508 -30.7049 0 0 0 0.999183 -0.0404222
961.400000000 3.57576 -30.6958 0 0 0 0.999952 -0.00984491
961.500000000 3.53708 -30.6843 0 0 0 0.999785 0.0207416
961.600000000 3.49917 -30.6705 0 0 0 0.998683 0.0513087
961.700000000 3.46218 -30.6544 0 0 0 0.996646 0.0818278
961.800000000 3.42624 -30.6361 0 0 0 0.993678 0.11227
961.900000000 3.39149 -30.6156 0 0 0 0.989779 0.142608
962.000000000 3.35805 -30.593 0 0 0 0.984955 0.172812
962.100000000 3.32606 -30.5684 0 0 0 0.979209 0.202854
962.200000000 3.27962 -30.5385 0 0 0 0.974366 0.224967
962.300000000 3.22569 -30.5041 0 0 0 0.97012 0.242624
962.400000000 3.17221 -30.4675 0 0 0 0.965665 0.259792
962.500000000 3.11923 -30.4288 0 0 0 0.961024 0.276467
962.600000000 3.06763 -30.3882 0 0 0 0.956094 0.293059
962.700000000 3.01745 -30.3459 0 0 0 0.950879 0.309563
962.800000000 2.96877 -30.3019 0 0 0 0.945379 0.325975
962.900000000 2.92165 -30.2562 0 0 0 0.939595 0.342289
963.000000000 2.87613 -30.2089 0 0 0 0.93353 0.3585
963.100000000 2.83228 -30.1601 0 0 0 0.927185 0.374604
963.200000000 2.78041 -30.1059 0 0 0 0.924376 0.381482
963.300000000 2.72883 -30.0514 0 0 0 0.922222 0.38666
963.400000000 2.67786 -29.9964 0 0 0 0.920039 0.391826
963.500000000 2.62752 -29.9407 0 0 0 0.917828 0.396979
963.600000000 2.5778 -29.8846 0 0 0 0.915587 0.40212
963.700000000 2.52871 -29.8278 0 0 0 0.913317 0.407248
963.800000000 2.48027 -29.7706 0 0 0 0.911019 0.412364
963.900000000 2.43247 -29.7127 0 0 0 0.908692 0.417466
964.000000000 2.38532 -29.6544 0 0 0 0.906337 0.422556
964.100000000 2.33883 -29.5955 0 0 0 0.903953 0.427632
964.200000000 2.2926 -29.5364 0 0 0 0.902098 0.431531
964.300000000 2.24688 -29.477 0 0 0 0.900226 0.435423
964.400000000 2.20168 -29.4171 0 0 0 0.898338 0.439306
964.500000000 2.157 -29.3568 0 0 0 0.896432 0.443181
964.600000000 2.11284 -29.2962 0 0 0 0.89451 0.447048
964.700000000 2.0692 -29.2352 0 0 0 0.892571 0.450906
964.800000000 2.02609 -29.1738 0 0 0 0.890616 0.454756
964.900000000 1.98351 -29.112 0 0 0 0.888644 0.458598
965.000000000 1.94147 -29.0499 0 0 0 0.886655 0.462431
965.100000000 1.89997 -28.9874 0 0 0 0.88465 0.466255
965.200000000 1.85661 -28.9262 0 0 0 0.886026 0.463635
965.300000000 1.81288 -28.8653 0 0 0 0.887394 0.461011
965.400000000 1.76879 -28.8046 0 0 0 0.888755 0.458383
965.500000000 1.72435 -28.7442 0 0 0 0.890108 0.45575
965.600000000 1.67954 -28.684 0 0 0 0.891453 0.453114
965.700000000 1.63439 -28.6241 0 0 0 0.89279 0.450474
965.800000000 1.58888 -28.5645 0 0 0 0.894119 0.44783
965.900000000 1.54301 -28.5052 0 0 0 0.89544 0.445182
966.000000000 1.4968 -28.4461 0 0 0 0.896754 0.44253
966.100000000 1.45024 -28.3873 0 0 0 0.89806 0.439874
966.200000000 1.40333 -28.3288 0 0 0 0.899358 0.437214
966.300000000 1.35607 -28.2705 0 0 0 0.900648 0.43455
966.400000000 1.30847 -28.2126 0 0 0 0.90193 0.431883
966.500000000 1.26053 -28.1549 0 0 0 0.903204 0.429212
966.600000000 1.21225 -28.0975 0 0 0 0.90447 0.426537
966.700000000 1.16363 -28.0404 0 0 0 0.905729 0.423858
966.800000000 1.11467 -27.9835 0 0 0 0.906979 0.421176
966.900000000 1.06537 -27.927 0 0 0 0.908222 0.41849
967.000000000 1.01575 -27.8708 0 0 0 0.909456 0.4158
967.100000000 0.965787 -27.8148 0 0 0 0.910683 0.413106
967.200000000 0.914386 -27.7647 0 0 0 0.916449 0.40015
967.300000000 0.870686 -27.7309 0 0 0 0.925272 0.379304
967.400000000 0.834717 -27.7126 0 0 0 0.93644 0.350829
967.500000000 0.809348 -27.7116 0 0 0 0.949653 0.313305
967.600000000 0.784724 -27.7134 0 0 0 0.96151 0.274771
967.700000000 0.760327 -27.7172 0 0 0 0.971804 0.23579
967.800000000 0.736314 -27.7229 0 0 0 0.980519 0.196425
967.900000000 0.713781 -27.7312 0 0 0 0.987725 0.156203
968.000000000 0.692001 -27.7413 0 0 0 0.993282 0.11572
968.100000000 0.671117 -27.7532 0 0 0 0.99718 0.075044
968.200000000 0.65127 -27.7667 0 0 0 0.999414 0.0342424
968.300000000 0.632592 -27.7817 0 0 0 0.999978 -0.00661632
968.400000000 0.615209 -27.7983 0 0 0 0.998873 -0.047464
968.500000000 0.599235 -27.8162 0 0 0 0.9961 -0.0882324
968.600000000 0.584777 -27.8354 0 0 0 0.991664 -0.128854
968.700000000 0.571933 -27.8557 0 0 0 0.985572 -0.16926
968.800000000 0.560788 -27.8769 0 0 0 0.977834 -0.209383
968.900000000 0.568311 -27.8951 0 0 0 0.966346 -0.257245
969.000000000 0.579104 -27.9119 0 0 0 0.952282 -0.305221
969.100000000 0.591524 -27.9276 0 0 0 0.935837 -0.352434
969.200000000 0.605446 -27.942 0 0 0 0.917053 -0.398766
969.300000000 0.620731 -27.9548 0 0 0 0.895977 -0.444101
969.400000000 0.637225 -27.9661 0 0 0 0.872661 -0.488326
969.500000000 0.654765 -27.9757 0 0 0 -0.847165 0.531331
969.600000000 0.673175 -27.9835 0 0 0 -0.81955 0.573007
969.700000000 0.692271 -27.9894 0 0 0 -0.789888 0.613252
969.800000000 0.711863 -27.9934 0 0 0 -0.758251 0.651963
969.900000000 0.731754 -27.9954 0 0 0 -0.724719 0.689045
970.000000000 0.751745 -27.9954 0 0 0 -0.689375 0.724405
970.100000000 0.771409 -27.995 0 0 0 -0.652894 0.757449
970.200000000 0.790938 -27.9927 0 0 0 -0.614832 0.788658
970.300000000 0.810144 -27.9885 0 0 0 -0.575279 0.817957
970.400000000 0.82884 -27.9824 0 0 0 -0.534334 0.845274
970.500000000 0.846847 -27.9745 0 0 0 -0.492093 0.870543
970.600000000 0.863988 -27.9648 0 0 0 -0.44866 0.893702
970.700000000 0.880099 -27.9535 0 0 0 -0.404141 0.914697
970.800000000 0.895022 -27.9407 0 0 0 -0.358642 0.933475
970.900000000 0.908615 -27.9265 0 0 0 -0.312274 0.949992
971.000000000 0.920744 -27.911 0 0 0 -0.26515 0.964207
971.100000000 0.931293 -27.8944 0 0 0 -0.217383 0.976086
971.200000000 0.960202 -27.8915 0 0 0 -0.180884 0.983504
971.300000000 1.00404 -27.896 0 0 0 -0.152727 0.988268
971.400000000 1.06235 -27.9058 0 0 0 -0.132301 0.99121
971.500000000 1.12328 -27.9143 0 0 0 -0.113036 0.993591
971.600000000 1.18449 -27.9205 0 0 0 -0.0937287 0.995598
971.700000000 1.24589 -27.9242 0 0 0 -0.0743858 0.99723
971.800000000 1.30739 -27.9256 0 0 0 -0.055015 0.998486
971.900000000 1.3689 -27.9246 0 0 0 -0.0356234 0.999365
972.000000000 1.43032 -27.9212 0 0 0 -0.0162184 0.999868
972.100000000 1.49157 -27.9154 0 0 0 0.00319274 0.999995
972.200000000 1.5665 -27.9109 0 0 0 0.0134074 0.99991
972.300000000 1.64143 -27.9075 0 0 0 0.0168174 0.999859
972.400000000 1.71635 -27.9039 0 0 0 0.0194384 0.999811
972.500000000 1.79125 -27.9 0 0 0 0.0220069 0.999758
972.600000000 1.86613 -27.8957 0 0 0 0.0244704 0.999701
972.700000000 1.941 -27.8911 0 0 0 0.0268289 0.99964
972.800000000 2.01417 -27.8862 0 0 0 0.0291349 0.999575
972.900000000 2.084 -27.8813 0 0 0 0.0313359 0.999509
973.000000000 2.15214 -27.8761 0 0 0 0.0334843 0.999439
973.100000000 2.21694 -27.871 0 0 0 0.0355278 0.999369
973.200000000 2.2919 -27.8679 0 0 0 0.0299228 0.999552
973.300000000 2.3669 -27.8659 0 0 0 0.0236956 0.999719
973.400000000 2.44192 -27.8648 0 0 0 0.0174675 0.999847
973.500000000 2.51694 -27.8647 0 0 0 0.0112386 0.999937
973.600000000 2.59196 -27.8655 0 0 0 0.00500939 0.999987
973.700000000 2.66697 -27.8672 0 0 0 -0.00122005 0.999999
973.800000000 2.74195 -27.8699 0 0 0 -0.00744945 0.999972
973.900000000 2.81689 -27.8735 0 0 0 -0.0136786 0.999906
974.000000000 2.89177 -27.8781 0 0 0 -0.0199071 0.999802
974.100000000 2.9666 -27.8835 0 0 0 -0.026135 0.999658
974.200000000 3.04135 -27.8899 0 0 0 -0.0323617 0.999476
974.300000000 3.11602 -27.8973 0 0 0 -0.0385873 0.999255
974.400000000 3.19059 -27.9056 0 0 0 -0.0448113 0.998995
974.500000000 3.26505 -27.9147 0 0 0 -0.0510336 0.998697
974.600000000 3.33939 -27.9249 0 0 0 -0.0572539 0.99836
974.700000000 3.41393 -27.9331 0 0 0 -0.0564819 0.998404
974.800000000 3.48852 -27.941 0 0 0 -0.0549608 0.998489
974.900000000 3.56313 -27.9486 0 0 0 -0.0534396 0.998571
975.000000000 3.63777 -27.956 0 0 0 -0.0519183 0.998651
975.100000000 3.71254 -27.9621 0 0 0 -0.0476054 0.998866
975.200000000 3.78735 -27.9675 0 0 0 -0.0432917 0.999062
975.300000000 3.86221 -27.9723 0 0 0 -0.0389772 0.99924
975.400000000 3.93711 -27.9764 0 0 0 -0.0346619 0.999399
975.500000000 4.01205 -27.9798 0 0 0 -0.030346 0.999539
975.600000000 4.087 -27.9827 0 0 0 -0.0260295 0.999661
975.700000000 4.16198 -27.9849 0 0 0 -0.021777 0.999763
975.800000000 4.23698 -27.9865 0 0 0 -0.0176816 0.999844
975.900000000 4.31198 -27.9875 0 0 0 -0.0136646 0.999907
976.000000000 4.38699 -27.9881 0 0 0 -0.00980501 0.999952
976.100000000 4.462 -27.988 0 0 0 -0.00610278 0.999981
976.200000000 4.537 -27.9883 0 0 0 -0.00457937 0.99999
976.300000000 4.612 -27.9887 0 0 0 -0.00380606 0.999993
976.400000000 4.687 -27.989 0 0 0 -0.00303275 0.999995
976.500000000 4.762 -27.9891 0 0 0 -0.00225944 0.999997
976.600000000 4.837 -27.9892 0 0 0 -0.00148613 0.999999
976.700000000 4.912 -27.9891 0 0 0 -0.000712812 1
976.800000000 4.987 -27.9889 0 0 0 6.05023e-05 1
976.900000000 5.062 -27.9886 0 0 0 0.000833817 1
977.000000000 5.137 -27.9881 0 0 0 0.00160713 0.999999
977.100000000 5.212 -27.9876 0 0 0 0.00238044 0.999997
977.200000000 5.287 -27.9872 0 0 0 0.00238044 0.999997
977.300000000 5.362 -27.9872 0 0 0 0.00160713 0.999999
977.400000000 5.437 -27.9872 0 0 0 0.000833817 1
977.500000000 5.512 -27.9874 0 0 0 6.05023e-05 1
977.600000000 5.587 -27.9877 0 0 0 -0.000712812 1
977.700000000 5.662 -27.9881 0 0 0 -0.00148613 0.999999
977.800000000 5.73699 -27.9887 0 0 0 -0.00225944 0.999997
977.900000000 5.81199 -27.9893 0 0 0 -0.00303275 0.999995
978.000000000 5.88699 -27.9901 0 0 0 -0.00380606 0.999993
978.100000000 5.96199 -27.9907 0 0 0 -0.00380606 0.999993
978.200000000 6.03698 -27.9912 0 0 0 -0.00380606 0.999993
978.300000000 6.11198 -27.9918 0 0 0 -0.00380606 0.999993
978.400000000 6.18698 -27.9924 0 0 0 -0.00380606 0.999993
978.500000000 6.26198 -27.9929 0 0 0 -0.00380606 0.999993
978.600000000 6.33698 -27.9935 0 0 0 -0.00380606 0.999993
978.700000000 6.41197 -27.9941 0 0 0 -0.00380606 0.999993
978.800000000 6.48697 -27.9946 0 0 0 -0.00380606 0.999993
978.900000000 6.56197 -27.9952 0 0 0 -0.00380606 0.999993
979.000000000 6.63697 -27.9958 0 0 0 -0.00380606 0.999993
979.100000000 6.71196 -27.9964 0 0 0 -0.00380606 0.999993
979.200000000 6.78696 -27.9969 0 0 0 -0.00380606 0.999993
979.300000000 6.86196 -27.9975 0 0 0 -0.00380606 0.999993
979.400000000 6.93696 -27.9981 0 0 0 -0.00380606 0.999993
979.500000000 7.01196 -27.9986 0 0 0 -0.00380606 0.999993
979.600000000 7.08695 -27.9992 0 0 0 -0.00380606 0.999993
979.700000000 7.16195 -27.9998 0 0 0 -0.00380606 0.999993
979.800000000 7.23695 -28.0004 0 0 0 -0.00380606 0.999993
979.900000000 7.31195 -28.0009 0 0 0 -0.00380606 0.999993
980.000000000 7.38695 -28.0015 0 0 0 -0.00380606 0.999993
980.100000000 7.46194 -28.0021 0 0 0 -0.00380606 0.999993
980.200000000 7.53694 -28.0026 0 0 0 -0.00380606 0.999993
980.300000000 7.61194 -28.0032 0 0 0 -0.00380606 0.999993
980.400000000 7.68694 -28.0038 0 0 0 -0.00380606 0.999993
980.500000000 7.76193 -28.0044 0 0 0 -0.00380606 0.999993
980.600000000 7.83693 -28.0049 0 0 0 -0.00380606 0.999993
980.700000000 7.91193 -28.0055 0 0 0 -0.00380606 0.999993
980.800000000 7.98693 -28.0061 0 0 0 -0.00380606 0.999993
980.900000000 8.06193 -28.0066 0 0 0 -0.00380606 0.999993
981.000000000 8.13692 -28.0072 0 0 0 -0.00380606 0.999993
981.100000000 8.21192 -28.0078 0 0 0 -0.00380606 0.999993
981.200000000 8.28692 -28.0083 0 0 0 -0.00380606 0.999993
981.300000000 8.36192 -28.0089 0 0 0 -0.00380606 0.999993
981.400000000 8.43691 -28.0095 0 0 0 -0.00380606 0.999993
981.500000000 8.51191 -28.0101 0 0 0 -0.00380606 0.999993
981.600000000 8.58691 -28.0106 0 0 0 -0.00380606 0.999993
981.700000000 8.66191 -28.0112 0 0 0 -0.00380606 0.999993
981.800000000 8.73691 -28.0118 0 0 0 -0.00380606 0.999993
981.900000000 8.8119 -28.0123 0 0 0 -0.00380606 0.999993
982.000000000 8.8869 -28.0129 0 0 0 -0.00380606 0.999993
982.100000000 8.9619 -28.0135 0 0 0 -0.00380606 0.999993
982.200000000 9.0369 -28.0141 0 0 0 -0.00380606 0.999993
982.300000000 9.1119 -28.0146 0 0 0 -0.00380606 0.999993
982.400000000 9.18689 -28.0152 0 0 0 -0.00380606 0.999993
982.500000000 9.26189 -28.0158 0 0 0 -0.00380606 0.999993
982.600000000 9.33689 -28.0163 0 0 0 -0.00380606 0.999993
982.700000000 9.41189 -28.0169 0 0 0 -0.00380606 0.999993
982.800000000 9.48688 -28.0175 0 0 0 -0.00380606 0.999993
982.900000000 9.56188 -28.0181 0 0 0 -0.00380606 0.999993
983.000000000 9.63688 -28.0186 0 0 0 -0.00380606 0.999993
983.100000000 9.71188 -28.0192 0 0 0 -0.00380606 0.999993
983.200000000 9.78688 -28.0198 0 0 0 -0.00380606 0.999993
983.300000000 9.86187 -28.0203 0 0 0 -0.00380606 0.999993
983.400000000 9.93687 -28.0209 0 0 0 -0.00380606 0.999993
983.500000000 10.0119 -28.0215 0 0 0 -0.00380606 0.999993
983.600000000 10.0869 -28.0221 0 0 0 -0.00380606 0.999993
983.700000000 10.1619 -28.0226 0 0 0 -0.00380606 0.999993
983.800000000 10.2369 -28.0232 0 0 0 -0.00380606 0.999993
983.900000000 10.3119 -28.0238 0 0 0 -0.00380606 0.999993
984.000000000 10.3869 -28.0243 0 0 0 -0.00380606 0.999993
984.100000000 10.4619 -28.0249 0 0 0 -0.00380606 0.999993
984.200000000 10.5369 -28.0255 0 0 0 -0.00380606 0.999993
984.300000000 10.6119 -28.026 0 0 0 -0.00380606 0.999993
984.400000000 10.6868 -28.0266 0 0 0 -0.00380606 0.999993
984.500000000 10.7618 -28.0272 0 0 0 -0.00380606 0.999993
984.600000000 10.8368 -28.0278 0 0 0 -0.00380606 0.999993
984.700000000 10.9118 -28.0283 0 0 0 -0.00380606 0.999993
984.800000000 10.9868 -28.0289 0 0 0 -0.00380606 0.999993
984.900000000 11.0618 -28.0295 0 0 0 -0.00380606 0.999993
985.000000000 11.1368 -28.03 0 0 0 -0.00380606 0.999993
985.100000000 11.2118 -28.0306 0 0 0 -0.00380606 0.999993
985.200000000 11.2867 -28.0361 0 0 0 -0.0160672 0.999871
985.300000000 11.3571 -28.0442 0 0 0 -0.0307078 0.999528
985.400000000 11.4263 -28.0545 0 0 0 -0.0457984 0.998951
985.500000000 11.4952 -28.0669 0 0 0 -0.0608785 0.998145
985.600000000 11.5637 -28.0814 0 0 0 -0.0759448 0.997112
985.700000000 11.6316 -28.0979 0 0 0 -0.0909938 0.995851
985.800000000 11.6991 -28.1165 0 0 0 -0.106022 0.994364
985.900000000 11.766 -28.1371 0 0 0 -0.121026 0.992649
986.000000000 11.8322 -28.1597 0 0 0 -0.136002 0.990709
986.100000000 11.8977 -28.1843 0 0 0 -0.150948 0.988542
986.200000000 11.9624 -28.2109 0 0 0 -0.165859 0.98615
986.300000000 12.0263 -28.2394 0 0 0 -0.180732 0.983532
986.400000000 12.0893 -28.2698 0 0 0 -0.195564 0.980691
986.500000000 12.1514 -28.3021 0 0 0 -0.210351 0.977626
986.600000000 12.2124 -28.3363 0 0 0 -0.225091 0.974338
986.700000000 12.2724 -28.3723 0 0 0 -0.239779 0.970828
986.800000000 12.3149 -28.4052 0 0 0 -0.262454 0.964944
986.900000000 12.3481 -28.4374 0 0 0 -0.288757 0.957402
987.000000000 12.3795 -28.4714 0 0 0 -0.314843 0.949144
987.100000000 12.4105 -28.5078 0 0 0 -0.33995 0.940443
987.200000000 12.4395 -28.5457 0 0 0 -0.364818 0.931079
987.300000000 12.4665 -28.5851 0 0 0 -0.389427 0.921057
987.400000000 12.4913 -28.626 0 0 0 -0.413762 0.910385
987.500000000 12.5139 -28.668 0 0 0 -0.437805 0.89907
987.600000000 12.5213 -28.7 0 0 0 -0.468908 0.883247
987.700000000 12.5207 -28.7268 0 0 0 -0.502768 0.864422
987.800000000 12.5174 -28.7527 0 0 0 -0.536309 0.844022
987.900000000 12.5121 -28.7783 0 0 0 -0.569023 0.822322
988.000000000 12.5042 -28.8024 0 0 0 -0.60128 0.799038
988.100000000 12.5031 -28.8428 0 0 0 -0.625436 0.780275
988.200000000 12.5061 -28.8979 0 0 0 -0.642937 0.765919
988.300000000 12.51 -28.9618 0 0 0 -0.65674 0.754117
988.400000000 12.5118 -29.0265 0 0 0 -0.670012 0.74235
988.500000000 12.5113 -29.0913 0 0 0 -0.683073 0.73035
988.600000000 12.5085 -29.1561 0 0 0 -0.695919 0.718121
988.700000000 12.5035 -29.2207 0 0 0 -0.708546 0.705665
988.800000000 12.4961 -29.285 0 0 0 -0.72095 0.692987
988.900000000 12.4865 -29.3491 0 0 0 -0.733127 0.680092
989.000000000 12.4746 -29.4128 0 0 0 -0.745074 0.666982
989.100000000 12.4604 -29.476 0 0 0 -0.756786 0.653662
989.200000000 12.4444 -29.545 0 0 0 -0.766277 0.64251
989.300000000 12.4263 -29.6136 0 0 0 -0.775604 0.631219
989.400000000 12.4062 -29.6815 0 0 0 -0.784765 0.619794
989.500000000 12.3841 -29.7489 0 0 0 -0.793757 0.608235
989.600000000 12.3601 -29.8155 0 0 0 -0.802579 0.596546
989.700000000 12.3342 -29.8815 0 0 0 -0.811229 0.584729
989.800000000 12.3063 -29.9466 0 0 0 -0.819705 0.572786
989.900000000 12.2765 -30.0109 0 0 0 -0.828005 0.560721
990.000000000 12.2448 -30.0743 0 0 0 -0.836127 0.548536
990.100000000 12.2113 -30.1368 0 0 0 -0.84407 0.536232
990.200000000 12.176 -30.1982 0 0 0 -0.851833 0.523814
990.300000000 12.1389 -30.2586 0 0 0 -0.859412 0.511284
990.400000000 12.1019 -30.3238 0 0 0 -0.861271 0.508145
990.500000000 12.0643 -30.3888 0 0 0 -0.863119 0.505
990.600000000 12.0265 -30.4536 0 0 0 -0.86461 0.502443
990.700000000 11.9884 -30.5181 0 0 0 0.866093 -0.499882
990.800000000 11.9503 -30.5828 0 0 0 0.866854 -0.498562
990.900000000 11.9118 -30.6471 0 0 0 0.867974 -0.496609
991.000000000 11.8736 -30.7116 0 0 0 0.868358 -0.495938
991.100000000 11.8349 -30.7759 0 0 0 0.869113 -0.494614
991.200000000 11.7929 -30.8364 0 0 0 0.875583 -0.483068
991.300000000 11.7555 -30.8792 0 0 0 0.885924 -0.46383
991.400000000 11.7229 -30.9054 0 0 0 0.899338 -0.437255
991.500000000 11.6972 -30.913 0 0 0 0.915599 -0.402092
991.600000000 11.6751 -30.9119 0 0 0 0.931882 -0.362762
991.700000000 11.6532 -30.909 0 0 0 0.946476 -0.322775
991.800000000 11.6324 -30.9032 0 0 0 0.959522 -0.281634
991.900000000 11.6122 -30.8957 0 0 0 0.970781 -0.239968
992.000000000 11.5918 -30.8872 0 0 0 0.980114 -0.198436
992.100000000 11.5732 -30.8764 0 0 0 0.987763 -0.15596
992.200000000 11.5556 -30.864 0 0 0 0.993573 -0.113192
992.300000000 11.5391 -30.8501 0 0 0 0.997532 -0.0702138
992.400000000 11.5227 -30.8352 0 0 0 0.999616 -0.0276978
992.500000000 11.5089 -30.8187 0 0 0 0.99988 0.0154616
992.600000000 11.4965 -30.8011 0 0 0 0.998282 0.0585922
992.700000000 11.4857 -30.7824 0 0 0 0.994824 0.101614
992.800000000 11.4765 -30.7629 0 0 0 0.989513 0.144446
992.900000000 11.469 -30.7427 0 0 0 0.982358 0.187009
993.000000000 11.4757 -30.7242 0 0 0 0.971966 0.235121
993.100000000 11.4842 -30.7065 0 0 0 0.959219 0.282664
993.200000000 11.4943 -30.6896 0 0 0 0.944148 0.329521
993.300000000 11.5061 -30.6739 0 0 0 0.92679 0.375581
993.400000000 11.5194 -30.6594 0 0 0 0.907186 0.42073
993.500000000 11.534 -30.6462 0 0 0 0.885384 0.46486
993.600000000 11.5499 -30.6346 0 0 0 0.861437 0.507864
993.700000000 11.5668 -30.6246 0 0 0 0.835403 0.549637
993.800000000 11.5846 -30.6163 0 0 0 0.807346 0.590079
993.900000000 11.6032 -30.6097 0 0 0 0.777332 0.629091
994.000000000 11.6223 -30.6051 0 0 0 0.745434 0.666579
994.100000000 11.6418 -30.6023 0 0 0 0.711731 0.702452
994.200000000 11.6563 -30.5772 0 0 0 0.685079 0.728469
994.300000000 11.671 -30.5404 0 0 0 0.66217 0.749354
994.400000000 11.6879 -30.5037 0 0 0 0.638942 0.769255
994.500000000 11.7069 -30.4682 0 0 0 0.615117 0.788436
994.600000000 11.7281 -30.4347 0 0 0 0.590382 0.807124
994.700000000 11.7514 -30.4018 0 0 0 0.565421 0.824802
994.800000000 11.7767 -30.3703 0 0 0 0.539931 0.841709
994.900000000 11.8038 -30.3405 0 0 0 0.513937 0.857828
995.000000000 11.8327 -30.3123 0 0 0 0.487461 0.873145
995.100000000 11.8691 -30.2707 0 0 0 0.467572 0.883955
995.200000000 11.9133 -30.2164 0 0 0 0.45417 0.890915
995.300000000 11.9599 -30.1619 0 0 0 0.441491 0.897266
995.400000000 12.0081 -30.1086 0 0 0 0.428722 0.903436
995.500000000 12.0577 -30.0568 0 0 0 0.415867 0.909425
995.600000000 12.1088 -30.0064 0 0 0 0.402929 0.915231
995.700000000 12.1613 -29.9574 0 0 0 0.389909 0.920853
995.800000000 12.2152 -29.91 0 0 0 0.376811 0.92629
995.900000000 12.2704 -29.8641 0 0 0 0.363638 0.93154
996.000000000 12.3269 -29.8198 0 0 0 0.350391 0.936604
996.100000000 12.3846 -29.7771 0 0 0 0.337074 0.941478
996.200000000 12.4445 -29.732 0 0 0 0.329522 0.944148
996.300000000 12.5051 -29.6877 0 0 0 0.322498 0.94657
996.400000000 12.5663 -29.6443 0 0 0 0.315456 0.94894
996.500000000 12.6281 -29.6017 0 0 0 0.308397 0.951258
996.600000000 12.6906 -29.5602 0 0 0 0.301321 0.953523
996.700000000 12.7536 -29.5195 0 0 0 0.294229 0.955735
996.800000000 12.8173 -29.4798 0 0 0 0.28712 0.957895
996.900000000 12.8816 -29.441 0 0 0 0.279995 0.960001
997.000000000 12.9464 -29.4032 0 0 0 0.272855 0.962055
997.100000000 13.0117 -29.3664 0 0 0 0.2657 0.964056
997.200000000 13.078 -29.3311 0 0 0 0.256882 0.966443
997.300000000 13.1449 -29.2971 0 0 0 0.248044 0.968749
997.400000000 13.2124 -29.2643 0 0 0 0.239185 0.970974
997.500000000 13.2805 -29.2327 0 0 0 0.230305 0.973118
997.600000000 13.3491 -29.2023 0 0 0 0.221407 0.975182
997.700000000 13.4183 -29.1733 0 0 0 0.21249 0.977163
997.800000000 13.488 -29.1455 0 0 0 0.203555 0.979063
997.900000000 13.5582 -29.1189 0 0 0 0.194604 0.980882
998.000000000 13.6289 -29.0937 0 0 0 0.185636 0.982619
998.100000000 13.7001 -29.0697 0 0 0 0.176652 0.984273
998.200000000 13.7716 -29.0471 0 0 0 0.167654 0.985846
998.300000000 13.8436 -29.0258 0 0 0 0.158642 0.987336
998.400000000 13.9159 -29.0057 0 0 0 0.149617 0.988744
998.500000000 13.9886 -28.987 0 0 0 0.140579 0.990069
998.600000000 14.0616 -28.9697 0 0 0 0.13153 0.991312
998.700000000 14.135 -28.9537 0 0 0 0.122469 0.992472
998.800000000 14.2086 -28.939 0 0 0 0.113398 0.99355
998.900000000 14.2713 -28.9321 0 0 0 0.0949186 0.995485
999.000000000 14.3191 -28.9337 0 0 0 0.0684353 0.997656
999.100000000 14.3504 -28.9435 0 0 0 0.0335843 0.999436
999.200000000 14.3594 -28.9612 0 0 0 -0.0120909 0.999927
999.300000000 14.3595 -28.9808 0 0 0 -0.0612794 0.998121
999.400000000 14.3577 -29.0004 0 0 0 -0.11032 0.993896
999.500000000 14.3539 -29.0197 0 0 0 -0.159092 0.987264
999.600000000 14.3483 -29.0386 0 0 0 -0.20748 0.978239
999.700000000 14.3409 -29.0568 0 0 0 -0.255364 0.966845
999.800000000 14.3317 -29.0742 0 0 0 -0.30263 0.953108
999.900000000 14.3208 -29.0905 0 0 0 -0.349163 0.937062
1000.000000000 14.3084 -29.1058 0 0 0 -0.39485 0.918746
1000.100000000 14.2945 -29.1197 0 0 0 -0.43958 0.898203
1000.200000000 14.2793 -29.1323 0 0 0 -0.483246 0.875485
1000.300000000 14.263 -29.1432 0 0 0 -0.52574 0.850645
1000.400000000 14.2457 -29.1525 0 0 0 -0.566961 0.823745
1000.500000000 14.2275 -29.1601 0 0 0 -0.606808 0.794849
1000.600000000 14.2087 -29.1658 0 0 0 -0.645185 0.764027
1000.700000000 14.1894 -29.1697 0 0 0 -0.681998 0.731354
1000.800000000 14.1699 -29.1716 0 0 0 -0.71716 0.696909
1000.900000000 14.1502 -29.1717 0 0 0 -0.750584 0.660776
1001.000000000 14.1306 -29.1697 0 0 0 -0.782189 0.623041
1001.100000000 14.1113 -29.1659 0 0 0 -0.811899 0.583797
1001.200000000 14.0925 -29.1602 0 0 0 -0.839643 0.543139
1001.300000000 14.0743 -29.1527 0 0 0 -0.865352 0.501165
1001.400000000 14.057 -29.1434 0 0 0 0.888964 -0.457977
1001.500000000 14.0407 -29.1324 0 0 0 0.910423 -0.413679
1001.600000000 14.0255 -29.1199 0 0 0 0.929676 -0.368379
1001.700000000 14.0116 -29.106 0 0 0 0.946676 -0.322186
1001.800000000 13.9991 -29.0908 0 0 0 0.961383 -0.275213
1001.900000000 13.9882 -29.0744 0 0 0 0.973761 -0.227573
1002.000000000 13.979 -29.0571 0 0 0 0.98378 -0.179382
1002.100000000 13.9504 -29.0519 0 0 0 0.989777 -0.142623
1002.200000000 13.9147 -29.0486 0 0 0 0.993957 -0.109766
1002.300000000 13.8785 -29.0433 0 0 0 0.997014 -0.0772196
1002.400000000 13.8427 -29.0357 0 0 0 0.999005 -0.0445908
1002.500000000 13.8075 -29.0257 0 0 0 0.999929 -0.0119143
1002.600000000 13.773 -29.0135 0 0 0 0.999784 0.0207749
1002.700000000 13.7394 -28.999 0 0 0 0.998571 0.053442
1002.800000000 13.7068 -28.9824 0 0 0 0.996291 0.0860519
1002.900000000 13.6753 -28.9636 0 0 0 0.992946 0.11857
1003.000000000 13.6452 -28.9429 0 0 0 0.98854 0.150961
1003.100000000 13.6164 -28.9202 0 0 0 0.983077 0.183191
1003.200000000 13.5728 -28.8928 0 0 0 0.978272 0.207324
1003.300000000 13.5142 -28.8596 0 0 0 0.974732 0.223379
1003.400000000 13.4532 -28.8236 0 0 0 0.971356 0.237629
1003.500000000 13.3933 -28.7858 0 0 0 0.967772 0.251828
1003.600000000 13.3345 -28.7463 0 0 0 0.96398 0.265973
1003.700000000 13.2768 -28.705 0 0 0 0.959982 0.280061
1003.800000000 13.2204 -28.6621 0 0 0 0.955778 0.294089
1003.900000000 13.1653 -28.6176 0 0 0 0.951369 0.308054
1004.000000000 13.1115 -28.5714 0 0 0 0.946756 0.321953
1004.100000000 13.0591 -28.5237 0 0 0 0.941939 0.335783
1004.200000000 13.0081 -28.4745 0 0 0 0.936921 0.349541
1004.300000000 12.9586 -28.4238 0 0 0 0.931702 0.363224
1004.400000000 12.9106 -28.3717 0 0 0 0.926283 0.376829
1004.500000000 12.8641 -28.3182 0 0 0 0.920665 0.390353
1004.600000000 12.8192 -28.2634 0 0 0 0.91485 0.403794
1004.700000000 12.7697 -28.207 0 0 0 0.913371 0.407128
1004.800000000 12.7167 -28.1538 0 0 0 0.917269 0.398268
1004.900000000 12.6624 -28.102 0 0 0 0.921494 0.388394
1005.000000000 12.607 -28.0513 0 0 0 0.925612 0.378474
1005.100000000 12.5576 -28.0134 0 0 0 0.932635 0.360822
1005.200000000 12.5067 -27.9774 0 0 0 0.939321 0.34304
1005.300000000 12.4545 -27.9433 0 0 0 0.945668 0.325134
1005.400000000 12.3982 -27.908 0 0 0 0.95102 0.309128
1005.500000000 12.3395 -27.8733 0 0 0 0.955844 0.293874
1005.600000000 12.2804 -27.841 0 0 0 0.960546 0.27812
1005.700000000 12.2196 -27.8102 0 0 0 0.964873 0.262717
1005.800000000 12.1578 -27.7813 0 0 0 0.968953 0.247246
1005.900000000 12.0937 -27.7532 0 0 0 0.972576 0.232586
1006.000000000 12.0288 -27.727 0 0 0 0.975977 0.217872
1006.100000000 11.9609 -27.7012 0 0 0 0.978873 0.204469
1006.200000000 11.8922 -27.6772 0 0 0 0.981585 0.191028
1006.300000000 11.823 -27.6551 0 0 0 0.984112 0.177551
1006.400000000 11.7523 -27.6343 0 0 0 0.986375 0.16451
1006.500000000 11.6813 -27.6156 0 0 0 0.988461 0.151476
1006.600000000 11.613 -27.5994 0 0 0 0.990291 0.139008
1006.700000000 11.5445 -27.5845 0 0 0 0.991808 0.127738
1006.800000000 11.479 -27.5718 0 0 0 0.993133 0.116989
1006.900000000 11.4117 -27.5596 0 0 0 0.994183 0.107701
1007.000000000 11.3475 -27.5492 0 0 0 0.995102 0.0988576
1007.100000000 11.2798 -27.5392 0 0 0 0.995931 0.0901243
1007.200000000 11.2203 -27.5314 0 0 0 0.996595 0.0824504
1007.300000000 11.1623 -27.5248 0 0 0 0.997185 0.0749849
1007.400000000 11.1058 -27.5192 0 0 0 0.997704 0.0677287
1007.500000000 11.051 -27.5144 0 0 0 0.998129 0.0611403
1007.600000000 10.9761 -27.5089 0 0 0 0.998646 0.0520204
1007.700000000 10.9012 -27.5047 0 0 0 0.99908 0.0428962
1007.800000000 10.8262 -27.5015 0 0 0 0.999391 0.0348923
1007.900000000 10.7512 -27.4997 0 0 0 0.999654 0.0263183
1008.000000000 10.6761 -27.4989 0 0 0 0.999832 0.0183103
1008.100000000 10.6011 -27.4989 0 0 0 0.999934 0.0114746
1008.200000000 10.5261 -27.4999 0 0 0 0.999989 0.00463841
1008.300000000 10.4511 -27.5017 0 0 0 0.999999 -0.00159104
1008.400000000 10.3761 -27.5045 0 0 0 0.999969 -0.00782043
1008.500000000 10.3012 -27.5081 0 0 0 0.999901 -0.0140495
1008.600000000 10.2263 -27.5127 0 0 0 0.999794 -0.0202781
1008.700000000 10.1515 -27.5183 0 0 0 0.999649 -0.0265058
1008.800000000 10.0767 -27.5242 0 0 0 0.999505 -0.0314749
1008.900000000 10.002 -27.5307 0 0 0 0.999359 -0.0357907
1009.000000000 9.92728 -27.5377 0 0 0 0.999195 -0.0401058
1009.100000000 9.85264 -27.5452 0 0 0 0.999042 -0.0437506
1009.200000000 9.77806 -27.5532 0 0 0 0.998876 -0.0473947
1009.300000000 9.70352 -27.5615 0 0 0 0.998732 -0.0503507
1009.400000000 9.62905 -27.5705 0 0 0 0.998541 -0.0539938
1009.500000000 9.55462 -27.5798 0 0 0 0.998377 -0.0569487
1009.600000000 9.48024 -27.5895 0 0 0 0.998204 -0.0599032
1009.700000000 9.40589 -27.5993 0 0 0 0.998067 -0.0621508
1009.800000000 9.33158 -27.6095 0 0 0 0.997924 -0.064398
1009.900000000 9.25732 -27.6201 0 0 0 0.997777 -0.0666449
1010.000000000 9.18307 -27.6306 0 0 0 0.997674 -0.0681649
1010.100000000 9.10885 -27.6414 0 0 0 0.997569 -0.0696847
1010.200000000 9.03466 -27.6525 0 0 0 0.997462 -0.0712044
1010.300000000 8.96051 -27.6637 0 0 0 0.997352 -0.0727238
1010.400000000 8.8864 -27.6752 0 0 0 0.99724 -0.0742432
1010.500000000 8.81231 -27.6869 0 0 0 0.997126 -0.0757623
1010.600000000 8.73827 -27.6989 0 0 0 0.997009 -0.0772813
1010.700000000 8.66426 -27.711 0 0 0 0.99689 -0.0788001
1010.800000000 8.59029 -27.7234 0 0 0 0.996769 -0.0803187
1010.900000000 8.51635 -27.736 0 0 0 0.996646 -0.0818371
1011.000000000 8.44246 -27.7488 0 0 0 0.99652 -0.0833553
1011.100000000 8.3686 -27.7619 0 0 0 0.996392 -0.0848734
1011.200000000 8.29479 -27.7752 0 0 0 0.996261 -0.0863912
1011.300000000 8.22101 -27.7887 0 0 0 0.996129 -0.0879089
1011.400000000 8.14728 -27.8024 0 0 0 0.995993 -0.0894263
1011.500000000 8.07359 -27.8164 0 0 0 0.995856 -0.0909435
1011.600000000 7.99994 -27.8306 0 0 0 0.995716 -0.0924605
1011.700000000 7.92633 -27.845 0 0 0 0.995574 -0.0939773
1011.800000000 7.85272 -27.8593 0 0 0 0.995501 -0.0947472
1011.900000000 7.77912 -27.8738 0 0 0 0.995428 -0.095517
1012.000000000 7.70561 -27.8886 0 0 0 0.995281 -0.0970334
1012.100000000 7.63208 -27.9034 0 0 0 0.995206 -0.097803
1012.200000000 7.55834 -27.9171 0 0 0 0.995423 -0.0955618
1012.300000000 7.48449 -27.9302 0 0 0 0.995702 -0.0926154
1012.400000000 7.41056 -27.9429 0 0 0 0.995972 -0.0896682
1012.500000000 7.33656 -27.9551 0 0 0 0.996233 -0.0867202
1012.600000000 7.26249 -27.9669 0 0 0 0.996485 -0.0837714
1012.700000000 7.18834 -27.9783 0 0 0 0.996729 -0.0808219
1012.800000000 7.11414 -27.9892 0 0 0 0.996963 -0.0778717
1012.900000000 7.03987 -27.9997 0 0 0 0.997189 -0.0749208
1013.000000000 6.96554 -28.0097 0 0 0 0.997407 -0.0719693
1013.100000000 6.89115 -28.0193 0 0 0 0.997615 -0.0690171
1013.200000000 6.81667 -28.0282 0 0 0 0.997858 -0.0654181
1013.300000000 6.74213 -28.0366 0 0 0 0.998079 -0.0619492
1013.400000000 6.66754 -28.0445 0 0 0 0.998285 -0.058545
1013.500000000 6.59291 -28.052 0 0 0 0.998471 -0.0552711
1013.600000000 6.51823 -28.059 0 0 0 0.998644 -0.052062
1013.700000000 6.44351 -28.0656 0 0 0 0.9988 -0.0489835
1013.800000000 6.36876 -28.0717 0 0 0 0.998943 -0.04597
1013.900000000 6.29563 -28.0773 0 0 0 0.999071 -0.0430871
1014.000000000 6.2258 -28.0822 0 0 0 0.999186 -0.040335
1014.100000000 6.1576 -28.0867 0 0 0 0.999291 -0.037648
1014.200000000 6.09104 -28.0904 0 0 0 0.999405 -0.0344992
1014.300000000 6.02777 -28.0936 0 0 0 0.999504 -0.0315074
1014.400000000 5.96616 -28.0963 0 0 0 0.999591 -0.0285941
1014.500000000 5.90786 -28.0986 0 0 0 0.999666 -0.0258381
1014.600000000 5.85122 -28.1004 0 0 0 0.999732 -0.0231606
1014.700000000 5.79623 -28.1019 0 0 0 0.999789 -0.0205617
1014.800000000 5.7429 -28.1031 0 0 0 0.999837 -0.0180414
1014.900000000 5.69124 -28.104 0 0 0 0.999878 -0.0155998
1015.000000000 5.64124 -28.1046 0 0 0 0.999912 -0.0132369
1015.100000000 5.5929 -28.105 0 0 0 0.99994 -0.0109526
1015.200000000 5.54622 -28.105 0 0 0 0.999965 -0.0083767
1015.300000000 5.50121 -28.1047 0 0 0 0.999983 -0.00589274
1015.400000000 5.45787 -28.1043 0 0 0 0.999994 -0.00350075
1015.500000000 5.4162 -28.1037 0 0 0 0.999999 -0.00120073
1015.600000000 5.3762 -28.1029 0 0 0 0.999999 0.00100729
1015.700000000 5.33787 -28.1019 0 0 0 0.999995 0.0031233
1015.800000000 5.30122 -28.1009 0 0 0 0.999987 0.0051473
1015.900000000 5.26456 -28.0997 0 0 0 0.999974 0.00717128
1016.000000000 5.22958 -28.0984 0 0 0 0.999959 0.00910324
1016.100000000 5.19626 -28.0971 0 0 0 0.99994 0.0109432
1016.200000000 5.16462 -28.0957 0 0 0 0.999919 0.0126911
1016.300000000 5.13298 -28.0942 0 0 0 0.999896 0.0144389
1016.400000000 5.10302 -28.0927 0 0 0 0.99987 0.0160947
1016.500000000 5.07472 -28.0911 0 0 0 0.999844 0.0176585
1016.600000000 5.04643 -28.0895 0 0 0 0.999815 0.0192223
1016.700000000 5.0198 -28.0879 0 0 0 0.999786 0.020694
1016.800000000 4.99318 -28.0862 0 0 0 0.999754 0.0221657
1016.900000000 4.96656 -28.0847 0 0 0 0.999735 0.0230043
1017.000000000 4.9416 -28.0832 0 0 0 0.999717 0.0237905
1017.100000000 4.91664 -28.0817 0 0 0 0.999698 0.0245767
1017.200000000 4.89002 -28.0802 0 0 0 0.999688 0.0249956
1017.300000000 4.86339 -28.0787 0 0 0 0.999677 0.0254145
1017.400000000 4.83677 -28.0772 0 0 0 0.999666 0.0258334
1017.500000000 4.81015 -28.0757 0 0 0 0.999655 0.0262523
1017.600000000 4.78519 -28.0742 0 0 0 0.999645 0.026645
1017.700000000 4.76023 -28.0727 0 0 0 0.999634 0.0270376
1017.800000000 4.73361 -28.0711 0 0 0 0.999623 0.0274565
1017.900000000 4.707 -28.0695 0 0 0 0.999611 0.0278754
1018.000000000 4.68205 -28.0679 0 0 0 0.9996 0.028268
1018.100000000 4.65709 -28.0664 0 0 0 0.999589 0.0286607
1018.200000000 4.62546 -28.0648 0 0 0 0.99961 0.0279143
1018.300000000 4.59549 -28.0635 0 0 0 0.99963 0.0272072
1018.400000000 4.56219 -28.062 0 0 0 0.999651 0.0264215
1018.500000000 4.52889 -28.0605 0 0 0 0.999671 0.0256358
1018.600000000 4.49725 -28.0592 0 0 0 0.99969 0.0248894
1018.700000000 4.46394 -28.0578 0 0 0 0.999709 0.0241036
1018.800000000 4.4323 -28.0566 0 0 0 0.999727 0.0233571
1018.900000000 4.40065 -28.0554 0 0 0 0.999744 0.0226107
1019.000000000 4.369 -28.0543 0 0 0 0.999761 0.0218642
1019.100000000 4.33902 -28.0533 0 0 0 0.999776 0.0211569
1019.200000000 4.3107 -28.0523 0 0 0 0.99979 0.020489
1019.300000000 4.28238 -28.0514 0 0 0 0.999804 0.0198211
1019.400000000 4.25573 -28.0506 0 0 0 0.999816 0.0191924
1019.500000000 4.23074 -28.0499 0 0 0 0.999827 0.018603
1019.600000000 4.20574 -28.0492 0 0 0 0.999838 0.0180136
1019.700000000 4.18242 -28.0486 0 0 0 0.999848 0.0174635
1019.800000000 4.15909 -28.048 0 0 0 0.999857 0.0169134
1019.900000000 4.13743 -28.0475 0 0 0 0.999865 0.0164026
1020.000000000 4.1141 -28.0469 0 0 0 0.999874 0.0158525
1020.100000000 4.09077 -28.0464 0 0 0 0.999883 0.0153024
1020.200000000 4.06911 -28.0459 0 0 0 0.999888 0.014962
1020.300000000 4.04745 -28.0454 0 0 0 0.999893 0.0146215
1020.400000000 4.02413 -28.0448 0 0 0 0.999898 0.0142549
1020.500000000 4.0008 -28.0443 0 0 0 0.999904 0.0138883
1020.600000000 3.97914 -28.0438 0 0 0 0.999908 0.0135479
1020.700000000 3.95581 -28.0434 0 0 0 0.999913 0.0131813
1020.800000000 3.93414 -28.0429 0 0 0 0.999918 0.0128409
1020.900000000 3.90582 -28.0424 0 0 0 0.999923 0.0123957
1021.000000000 3.87915 -28.0419 0 0 0 0.999928 0.0119767
1021.100000000 3.85249 -28.0413 0 0 0 0.999931 0.0117673
1021.200000000 3.8275 -28.0408 0 0 0 0.999933 0.0115709
1021.300000000 3.80084 -28.0403 0 0 0 0.999935 0.0113615
1021.400000000 3.77584 -28.0398 0 0 0 0.999938 0.0111651
1021.500000000 3.75084 -28.0393 0 0 0 0.99994 0.0109688
1021.600000000 3.72585 -28.0388 0 0 0 0.999942 0.0107724
1021.700000000 3.70252 -28.0384 0 0 0 0.999944 0.0105892
1021.800000000 3.67586 -28.0379 0 0 0 0.999946 0.0103797
1021.900000000 3.64919 -28.0375 0 0 0 0.999948 0.0101703
1022.000000000 3.62253 -28.037 0 0 0 0.99995 0.00996083
1022.100000000 3.59587 -28.0366 0 0 0 0.999952 0.00975139
1022.200000000 3.56921 -28.0361 0 0 0 0.999954 0.00954194
1022.300000000 3.54421 -28.0357 0 0 0 0.999956 0.00934558
1022.400000000 3.51754 -28.0353 0 0 0 0.999958 0.00913613
1022.500000000 3.49255 -28.0349 0 0 0 0.99996 0.00893978
1022.600000000 3.46755 -28.0346 0 0 0 0.999962 0.00874342
1022.700000000 3.44089 -28.0342 0 0 0 0.999964 0.00853397
1022.800000000 3.41589 -28.0338 0 0 0 0.999965 0.00833761
1022.900000000 3.38922 -28.0335 0 0 0 0.999967 0.00812816
1023.000000000 3.36423 -28.0331 0 0 0 0.999969 0.0079318
1023.100000000 3.33756 -28.0328 0 0 0 0.99997 0.00772235
1023.200000000 3.31256 -28.0325 0 0 0 0.999972 0.00752599
1023.300000000 3.2859 -28.0322 0 0 0 0.999973 0.00731654
1023.400000000 3.2609 -28.0319 0 0 0 0.999975 0.00712018
1023.500000000 3.2359 -28.0316 0 0 0 0.999976 0.00692382
1023.600000000 3.20924 -28.0313 0 0 0 0.999977 0.00671437
1023.700000000 3.18257 -28.0311 0 0 0 0.999979 0.00650492
1023.800000000 3.15591 -28.0308 0 0 0 0.99998 0.00629546
1023.900000000 3.13091 -28.0306 0 0 0 0.999981 0.0060991
1024.000000000 3.10591 -28.0303 0 0 0 0.999983 0.00590274
1024.100000000 3.08091 -28.0301 0 0 0 0.999984 0.00570638
1024.200000000 3.05591 -28.0299 0 0 0 0.999985 0.00551001
1024.300000000 3.02924 -28.0297 0 0 0 0.999986 0.00530056
1024.400000000 3.00258 -28.0295 0 0 0 0.999987 0.00509111
1024.500000000 2.97591 -28.0293 0 0 0 0.999988 0.00488165
1024.600000000 2.94924 -28.0291 0 0 0 0.999989 0.0046722
1024.700000000 2.92424 -28.029 0 0 0 0.99999 0.00447583
1024.800000000 2.89758 -28.0288 0 0 0 0.999991 0.00426638
1024.900000000 2.87091 -28.0287 0 0 0 0.999992 0.00405692
1025.000000000 2.84591 -28.0286 0 0 0 0.999993 0.00386056
1025.100000000 2.81925 -28.0284 0 0 0 0.999993 0.00365111
1025.200000000 2.79425 -28.0283 0 0 0 0.999993 0.00365111
1025.300000000 2.76758 -28.0281 0 0 0 0.999993 0.00365111
1025.400000000 2.74258 -28.0279 0 0 0 0.999993 0.00365111
1025.500000000 2.71592 -28.0277 0 0 0 0.999993 0.00365111
1025.600000000 2.69092 -28.0275 0 0 0 0.999993 0.00365111
1025.700000000 2.66425 -28.0273 0 0 0 0.999993 0.00365111
1025.800000000 2.63925 -28.0271 0 0 0 0.999993 0.00365111
1025.900000000 2.61258 -28.0269 0 0 0 0.999993 0.00365111
1026.000000000 2.58759 -28.0267 0 0 0 0.999993 0.00365111
1026.100000000 2.56259 -28.0266 0 0 0 0.999993 0.00365111
1026.200000000 2.53592 -28.0264 0 0 0 0.999993 0.00365111
1026.300000000 2.50925 -28.0262 0 0 0 0.999993 0.00365111
1026.400000000 2.48259 -28.026 0 0 0 0.999993 0.00365111
1026.500000000 2.45592 -28.0258 0 0 0 0.999993 0.00365111
1026.600000000 2.42926 -28.0256 0 0 0 0.999993 0.00365111
1026.700000000 2.40259 -28.0254 0 0 0 0.999993 0.00365111
1026.800000000 2.37592 -28.0252 0 0 0 0.999993 0.00365111
1026.900000000 2.35092 -28.025 0 0 0 0.999993 0.00365111
1027.000000000 2.32426 -28.0248 0 0 0 0.999993 0.00365111
1027.100000000 2.29759 -28.0246 0 0 0 0.999993 0.00365111
1027.200000000 2.27259 -28.0244 0 0 0 0.999993 0.00365111
1027.300000000 2.24593 -28.0242 0 0 0 0.999993 0.00365111
1027.400000000 2.22093 -28.0241 0 0 0 0.999993 0.00365111
1027.500000000 2.19426 -28.0239 0 0 0 0.999993 0.00365111
1027.600000000 2.16926 -28.0237 0 0 0 0.999993 0.00365111
1027.700000000 2.1426 -28.0235 0 0 0 0.999993 0.00365111
1027.800000000 2.1176 -28.0233 0 0 0 0.999993 0.00365111
1027.900000000 2.09093 -28.0231 0 0 0 0.999993 0.00365111
1028.000000000 2.06593 -28.0229 0 0 0 0.999993 0.00365111
1028.100000000 2.04093 -28.0228 0 0 0 0.999993 0.00365111
1028.200000000 2.01427 -28.0226 0 0 0 0.999993 0.00365111
1028.300000000 1.98927 -28.0224 0 0 0 0.999993 0.00365111
1028.400000000 1.96427 -28.0222 0 0 0 0.999993 0.00365111
1028.500000000 1.94094 -28.022 0 0 0 0.999993 0.00365111
1028.600000000 1.91427 -28.0218 0 0 0 0.999993 0.00365111
1028.700000000 1.88927 -28.0216 0 0 0 0.999993 0.00365111
1028.800000000 1.8626 -28.0214 0 0 0 0.999993 0.00365111
1028.900000000 1.83594 -28.0213 0 0 0 0.999993 0.00365111
1029.000000000 1.80927 -28.0211 0 0 0 0.999993 0.00365111
1029.100000000 1.78261 -28.0209 0 0 0 0.999993 0.00365111
1029.200000000 1.75594 -28.0207 0 0 0 0.999993 0.00365111
1029.300000000 1.73094 -28.0205 0 0 0 0.999993 0.00365111
1029.400000000 1.70428 -28.0203 0 0 0 0.999993 0.00365111
1029.500000000 1.67761 -28.0201 0 0 0 0.999993 0.00365111
1029.600000000 1.65261 -28.0199 0 0 0 0.999993 0.00365111
1029.700000000 1.62594 -28.0197 0 0 0 0.999993 0.00365111
1029.800000000 1.60094 -28.0195 0 0 0 0.999993 0.00365111
1029.900000000 1.57428 -28.0193 0 0 0 0.999993 0.00365111
1030.000000000 1.54928 -28.0192 0 0 0 0.999993 0.00365111
1030.100000000 1.52261 -28.019 0 0 0 0.999993 0.00365111
1030.200000000 1.49761 -28.0188 0 0 0 0.999993 0.00365111
1030.300000000 1.47095 -28.0186 0 0 0 0.999993 0.00365111
1030.400000000 1.44595 -28.0184 0 0 0 0.999993 0.00365111
1030.500000000 1.41928 -28.0182 0 0 0 0.999993 0.00365111
1030.600000000 1.39428 -28.018 0 0 0 0.999993 0.00365111
1030.700000000 1.36928 -28.0178 0 0 0 0.999993 0.00365111
1030.800000000 1.34428 -28.0177 0 0 0 0.999993 0.00365111
1030.900000000 1.32095 -28.0175 0 0 0 0.999993 0.00365111
1031.000000000 1.29429 -28.0173 0 0 0 0.999993 0.00365111
1031.100000000 1.26929 -28.0171 0 0 0 0.999993 0.00365111
1031.200000000 1.24262 -28.0169 0 0 0 0.999993 0.00365111
1031.300000000 1.21596 -28.0167 0 0 0 0.999993 0.00365111
1031.400000000 1.18929 -28.0165 0 0 0 0.999993 0.00365111
1031.500000000 1.16262 -28.0163 0 0 0 0.999993 0.00365111
1031.600000000 1.13596 -28.0161 0 0 0 0.999993 0.00365111
1031.700000000 1.11096 -28.016 0 0 0 0.999993 0.00365111
1031.800000000 1.08429 -28.0158 0 0 0 0.999993 0.00365111
1031.900000000 1.05763 -28.0156 0 0 0 0.999993 0.00365111
1032.000000000 1.03263 -28.0154 0 0 0 0.999993 0.00365111
1032.100000000 1.00763 -28.0152 0 0 0 0.999993 0.00365111
1032.200000000 0.980961 -28.015 0 0 0 0.999993 0.00365111
1032.300000000 0.954295 -28.0148 0 0 0 0.999993 0.00365111
1032.400000000 0.929296 -28.0146 0 0 0 0.999993 0.00365111
1032.500000000 0.90263 -28.0144 0 0 0 0.999993 0.00365111
1032.600000000 0.877631 -28.0143 0 0 0 0.999993 0.00365111
1032.700000000 0.850965 -28.0141 0 0 0 0.999993 0.00365111
1032.800000000 0.825965 -28.0139 0 0 0 0.999993 0.00365111
1032.900000000 0.799299 -28.0137 0 0 0 0.999993 0.00365111
1033.000000000 0.7743 -28.0135 0 0 0 0.999993 0.00365111
1033.100000000 0.749301 -28.0133 0 0 0 0.999993 0.00365111
1033.200000000 0.724301 -28.0131 0 0 0 0.999993 0.00365111
1033.300000000 0.700969 -28.013 0 0 0 0.999993 0.00365111
1033.400000000 0.674303 -28.0128 0 0 0 0.999993 0.00365111
1033.500000000 0.649303 -28.0126 0 0 0 0.999993 0.00365111
1033.600000000 0.622638 -28.0124 0 0 0 0.999993 0.00365111
1033.700000000 0.595972 -28.0122 0 0 0 0.999993 0.00365111
1033.800000000 0.569306 -28.012 0 0 0 0.999993 0.00365111
1033.900000000 0.54264 -28.0118 0 0 0 0.999993 0.00365111
1034.000000000 0.515974 -28.0116 0 0 0 0.999993 0.00365111
1034.100000000 0.490974 -28.0114 0 0 0 0.999993 0.00365111
1034.200000000 0.465975 -28.0112 0 0 0 0.999993 0.00365111
1034.300000000 0.440976 -28.0111 0 0 0 0.999993 0.00365111
1034.400000000 0.41431 -28.0109 0 0 0 0.999993 0.00365111
1034.500000000 0.387644 -28.0107 0 0 0 0.999993 0.00365111
1034.600000000 0.362644 -28.0105 0 0 0 0.999993 0.00365111
1034.700000000 0.335979 -28.0103 0 0 0 0.999993 0.00365111
1034.800000000 0.310979 -28.0101 0 0 0 0.999993 0.00365111
1034.900000000 0.28598 -28.0099 0 0 0 0.999993 0.00365111
1035.000000000 0.259314 -28.0097 0 0 0 0.999993 0.00365111
1035.100000000 0.232648 -28.0095 0 0 0 0.999993 0.00365111
1035.200000000 0.205982 -28.0094 0 0 0 0.999993 0.00365111
1035.300000000 0.180983 -28.0092 0 0 0 0.999993 0.00365111
1035.400000000 0.155983 -28.009 0 0 0 0.999993 0.00365111
1035.500000000 0.129317 -28.0088 0 0 0 0.999993 0.00365111
1035.600000000 0.102651 -28.0086 0 0 0 0.999993 0.00365111
1035.700000000 0.0759854 -28.0084 0 0 0 0.999993 0.00365111
1035.800000000 0.0493195 -28.0082 0 0 0 0.999993 0.00365111
1035.900000000 0.0243201 -28.008 0 0 0 0.999993 0.00365111
1036.000000000 -0.00234581 -28.0078 0 0 0 0.999993 0.00365111
1036.100000000 -0.0273451 -28.0076 0 0 0 0.999993 0.00365111
1036.200000000 -0.0540111 -28.0075 0 0 0 0.999993 0.00365111
1036.300000000 -0.0790104 -28.0073 0 0 0 0.999993 0.00365111
1036.400000000 -0.105676 -28.0071 0 0 0 0.999993 0.00365111
1036.500000000 -0.132342 -28.0069 0 0 0 0.999993 0.00365111
1036.600000000 -0.157342 -28.0067 0 0 0 0.999993 0.00365111
1036.700000000 -0.184008 -28.0065 0 0 0 0.999993 0.00365111
1036.800000000 -0.209007 -28.0063 0 0 0 0.999993 0.00365111
1036.900000000 -0.235673 -28.0061 0 0 0 0.999993 0.00365111
1037.000000000 -0.260672 -28.0059 0 0 0 0.999993 0.00365111
1037.100000000 -0.285672 -28.0058 0 0 0 0.999993 0.00365111
1037.200000000 -0.312338 -28.0056 0 0 0 0.999993 0.00365111
1037.300000000 -0.339003 -28.0054 0 0 0 0.999993 0.00365111
1037.400000000 -0.364003 -28.0052 0 0 0 0.999993 0.00365111
1037.500000000 -0.390669 -28.005 0 0 0 0.999993 0.00365111
1037.600000000 -0.415668 -28.0048 0 0 0 0.999993 0.00365111
1037.700000000 -0.440667 -28.0046 0 0 0 0.999993 0.00365111
1037.800000000 -0.465667 -28.0044 0 0 0 0.999993 0.00365111
1037.900000000 -0.488999 -28.0043 0 0 0 0.999993 0.00365111
1038.000000000 -0.515665 -28.0041 0 0 0 0.999993 0.00365111
1038.100000000 -0.542331 -28.0039 0 0 0 0.999993 0.00365111
1038.200000000 -0.568997 -28.0037 0 0 0 0.999993 0.00365111
1038.300000000 -0.617329 -28.0033 0 0 0 0.999993 0.00365111
1038.400000000 -0.663995 -28.003 0 0 0 0.999993 0.00365111
1038.500000000 -0.708994 -28.0027 0 0 0 0.999993 0.00365111
1038.600000000 -0.752326 -28.0024 0 0 0 0.999993 0.00365111
1038.700000000 -0.795658 -28.002 0 0 0 0.999993 0.00365111
1038.800000000 -0.837324 -28.0017 0 0 0 0.999993 0.00365111
1038.900000000 -0.877322 -28.0014 0 0 0 0.999993 0.00365111
1039.000000000 -0.915655 -28.0012 0 0 0 0.999993 0.00365111
1039.100000000 -0.95232 -28.0009 0 0 0 0.999993 0.00365111
1039.200000000 -1.00732 -28.001 0 0 0 0.999997 0.00235424
1039.300000000 -1.06066 -28.0013 0 0 0 0.999999 0.00109668
1039.400000000 -1.13566 -28.0019 0 0 0 1 -0.00094687
1039.500000000 -1.21065 -28.0028 0 0 0 0.999996 -0.00291182
1039.600000000 -1.28565 -28.0039 0 0 0 0.99999 -0.00443524
1039.700000000 -1.36064 -28.0052 0 0 0 0.999982 -0.00595866
1039.800000000 -1.43562 -28.0067 0 0 0 0.999972 -0.00748206
1039.900000000 -1.51061 -28.0084 0 0 0 0.999959 -0.00900545
1040.000000000 -1.58558 -28.0104 0 0 0 0.999945 -0.0105288
1040.100000000 -1.66056 -28.0122 0 0 0 0.999936 -0.0113021
1040.200000000 -1.73553 -28.0143 0 0 0 0.999927 -0.0120753
1040.300000000 -1.8105 -28.0164 0 0 0 0.999917 -0.0128486
1040.400000000 -1.88547 -28.0186 0 0 0 0.999907 -0.0136218
1040.500000000 -1.96043 -28.021 0 0 0 0.999896 -0.0143951
1040.600000000 -2.03539 -28.0234 0 0 0 0.999885 -0.0151683
1040.700000000 -2.11035 -28.026 0 0 0 0.999873 -0.0159415
1040.800000000 -2.1853 -28.0287 0 0 0 0.99986 -0.0167147
1040.900000000 -2.26025 -28.0315 0 0 0 0.999847 -0.017487
1041.000000000 -2.33519 -28.0345 0 0 0 0.999833 -0.0182602
1041.100000000 -2.41014 -28.0372 0 0 0 0.999833 -0.0182602
1041.200000000 -2.48509 -28.0399 0 0 0 0.999833 -0.0182602
1041.300000000 -2.56004 -28.0427 0 0 0 0.999833 -0.0182602
1041.400000000 -2.63499 -28.0454 0 0 0 0.999833 -0.0182602
1041.500000000 -2.70994 -28.0482 0 0 0 0.999833 -0.0182602
1041.600000000 -2.78489 -28.0509 0 0 0 0.999833 -0.0182602
1041.700000000 -2.85984 -28.0536 0 0 0 0.999833 -0.0182602
1041.800000000 -2.93479 -28.0564 0 0 0 0.999833 -0.0182602
1041.900000000 -3.00974 -28.0591 0 0 0 0.999833 -0.0182602
1042.000000000 -3.08469 -28.0618 0 0 0 0.999833 -0.0182602
1042.100000000 -3.15964 -28.0646 0 0 0 0.999833 -0.0182602
1042.200000000 -3.23459 -28.0673 0 0 0 0.999833 -0.0182602
1042.300000000 -3.30954 -28.0701 0 0 0 0.999833 -0.0182602
1042.400000000 -3.38449 -28.0728 0 0 0 0.999833 -0.0182602
1042.500000000 -3.45943 -28.0758 0 0 0 0.999819 -0.0190334
1042.600000000 -3.53438 -28.0787 0 0 0 0.999819 -0.0190334
1042.700000000 -3.60931 -28.0819 0 0 0 0.999804 -0.0198065
1042.800000000 -3.68424 -28.0851 0 0 0 0.999788 -0.0205797
1042.900000000 -3.75917 -28.0882 0 0 0 0.999788 -0.0205797
1043.000000000 -3.8341 -28.0916 0 0 0 0.999772 -0.0213528
1043.100000000 -3.90903 -28.0948 0 0 0 0.999772 -0.0213528
1043.200000000 -3.98395 -28.0983 0 0 0 0.999755 -0.022126
1043.300000000 -4.05886 -28.102 0 0 0 0.999738 -0.0228991
1043.400000000 -4.13377 -28.1057 0 0 0 0.99972 -0.0236722
1043.500000000 -4.20867 -28.1096 0 0 0 0.999701 -0.0244453
1043.600000000 -4.28358 -28.1132 0 0 0 0.999701 -0.0244453
1043.700000000 -4.35847 -28.1172 0 0 0 0.999682 -0.0252184
1043.800000000 -4.43336 -28.1213 0 0 0 0.999662 -0.0259914
1043.900000000 -4.50824 -28.1255 0 0 0 0.999642 -0.0267645
1044.000000000 -4.58314 -28.1295 0 0 0 0.999642 -0.0267645
1044.100000000 -4.65803 -28.1335 0 0 0 0.999642 -0.0267645
1044.200000000 -4.73291 -28.1379 0 0 0 0.999621 -0.0275375
1044.300000000 -4.80779 -28.142 0 0 0 0.999621 -0.0275375
1044.400000000 -4.88266 -28.1464 0 0 0 0.999599 -0.0283105
1044.500000000 -4.95754 -28.1507 0 0 0 0.999599 -0.0283105
1044.600000000 -5.03221 -28.1581 0 0 0 0.99934 -0.0363163
1044.700000000 -5.10678 -28.1665 0 0 0 0.999043 -0.0437401
1044.800000000 -5.18119 -28.1763 0 0 0 0.998661 -0.0517409
1044.900000000 -5.25548 -28.1867 0 0 0 0.998283 -0.0585669
1045.000000000 -5.3296 -28.1984 0 0 0 0.997821 -0.0659822
1045.100000000 -5.40346 -28.2117 0 0 0 0.997218 -0.0745391
1045.200000000 -5.47725 -28.2253 0 0 0 0.996734 -0.0807497
1045.300000000 -5.55158 -28.2354 0 0 0 0.997124 -0.0757937
1045.400000000 -5.62517 -28.2502 0 0 0 0.996437 -0.0843442
1045.500000000 -5.68922 -28.2679 0 0 0 0.994871 -0.101148
1045.600000000 -5.75176 -28.2878 0 0 0 0.992972 -0.118353
1045.700000000 -5.81357 -28.3099 0 0 0 0.990774 -0.135521
1045.800000000 -5.87457 -28.3341 0 0 0 0.98828 -0.152649
1045.900000000 -5.9347 -28.3604 0 0 0 0.98549 -0.169732
1046.000000000 -5.99389 -28.3888 0 0 0 0.982405 -0.186763
1046.100000000 -6.05206 -28.4191 0 0 0 0.979025 -0.203739
1046.200000000 -6.10914 -28.4515 0 0 0 0.975352 -0.220654
1046.300000000 -6.16507 -28.4859 0 0 0 0.971387 -0.237502
1046.400000000 -6.21977 -28.5221 0 0 0 0.967131 -0.254279
1046.500000000 -6.27319 -28.5602 0 0 0 0.962585 -0.270981
1046.600000000 -6.32526 -28.6002 0 0 0 0.95775 -0.2876
1046.700000000 -6.36427 -28.6372 0 0 0 0.950751 -0.309957
1046.800000000 -6.40224 -28.6763 0 0 0 0.94336 -0.331771
1046.900000000 -6.43837 -28.7171 0 0 0 0.935469 -0.353409
1047.000000000 -6.47188 -28.7591 0 0 0 0.926934 -0.375225
1047.100000000 -6.50339 -28.8027 0 0 0 0.91789 -0.396836
1047.200000000 -6.51943 -28.838 0 0 0 0.904971 -0.425474
1047.300000000 -6.51808 -28.862 0 0 0 0.886833 -0.462091
1047.400000000 -6.50952 -28.8807 0 0 0 -0.865453 0.500991
1047.500000000 -6.49847 -28.8976 0 0 0 -0.842024 0.53944
1047.600000000 -6.48595 -28.9134 0 0 0 -0.816888 0.576796
1047.700000000 -6.47206 -28.928 0 0 0 -0.790097 0.612982
1047.800000000 -6.4569 -28.9414 0 0 0 -0.761703 0.647926
1047.900000000 -6.44014 -28.952 0 0 0 -0.731321 0.682034
1048.000000000 -6.42248 -28.961 0 0 0 -0.699412 0.714719
1048.100000000 -6.40407 -28.9684 0 0 0 -0.666044 0.745912
1048.200000000 -6.38495 -28.9727 0 0 0 -0.630766 0.775973
1048.300000000 -6.36553 -28.9738 0 0 0 -0.59358 0.804775
1048.400000000 -6.34609 -28.9731 0 0 0 -0.55508 0.831797
1048.500000000 -6.32653 -28.9719 0 0 0 -0.515943 0.856623
1048.600000000 -6.30675 -28.9703 0 0 0 -0.476286 0.87929
1048.700000000 -6.28772 -28.9656 0 0 0 -0.435032 0.900415
1048.800000000 -6.26796 -28.9616 0 0 0 -0.39406 0.919085
1048.900000000 -6.24863 -28.9558 0 0 0 -0.352289 0.935891
1049.000000000 -6.22991 -28.9483 0 0 0 -0.309805 0.9508
1049.100000000 -6.21103 -28.9401 0 0 0 -0.267305 0.963612
1049.200000000 -6.19813 -28.9256 0 0 0 -0.221007 0.975272
1049.300000000 -6.18549 -28.9108 0 0 0 -0.174903 0.984586
1049.400000000 -6.17072 -28.8971 0 0 0 -0.130406 0.991461
1049.500000000 -6.16232 -28.8796 0 0 0 -0.0829344 0.996555
1049.600000000 -6.15562 -28.8614 0 0 0 -0.0352742 0.999378
1049.700000000 -6.14655 -28.8437 0 0 0 0.0104001 0.999946
1049.800000000 -6.13913 -28.8253 0 0 0 0.0560527 0.998428
1049.900000000 -6.13075 -28.8065 0 0 0 0.100305 0.994957
1050.000000000 -6.12407 -28.7871 0 0 0 0.14436 0.989525
1050.100000000 -6.12046 -28.7672 0 0 0 0.188756 0.982024
1050.200000000 -6.12721 -28.7487 0 0 0 0.236849 0.971546
1050.300000000 -6.13729 -28.7315 0 0 0 0.28511 0.958495
1050.400000000 -6.14904 -28.7153 0 0 0 0.332659 0.943047
1050.500000000 -6.16234 -28.7004 0 0 0 0.379376 0.925243
1050.600000000 -6.17707 -28.6869 0 0 0 0.425144 0.905125
1050.700000000 -6.19308 -28.6749 0 0 0 0.469851 0.882746
1050.800000000 -6.2102 -28.6646 0 0 0 0.513382 0.85816
1050.900000000 -6.22826 -28.656 0 0 0 0.555631 0.831429
1051.000000000 -6.24709 -28.6493 0 0 0 0.596491 0.80262
1051.100000000 -6.2665 -28.6445 0 0 0 0.635859 0.771805
1051.200000000 -6.28629 -28.6416 0 0 0 0.673639 0.739061
1051.300000000 -6.30626 -28.6408 0 0 0 0.709735 0.704469
1051.400000000 -6.32622 -28.6419 0 0 0 0.744056 0.668117
1051.500000000 -6.34597 -28.6451 0 0 0 0.776519 0.630094
1051.600000000 -6.3653 -28.6502 0 0 0 0.80704 0.590497
1051.700000000 -6.38403 -28.6572 0 0 0 0.835544 0.549424
1051.800000000 -6.40196 -28.666 0 0 0 0.861959 0.506978
1051.900000000 -6.41893 -28.6766 0 0 0 0.88622 0.463264
1052.000000000 -6.43475 -28.6888 0 0 0 0.908266 0.418393
1052.100000000 -6.44928 -28.7025 0 0 0 0.928042 0.372475
1052.200000000 -6.46236 -28.7176 0 0 0 0.945498 0.325627
1052.300000000 -6.47387 -28.734 0 0 0 0.960591 0.277965
1052.400000000 -6.48369 -28.7514 0 0 0 0.973283 0.229608
1052.500000000 -6.49172 -28.7697 0 0 0 0.983542 0.180677
1052.600000000 -6.49788 -28.7887 0 0 0 0.991343 0.131295
1052.700000000 -6.50211 -28.8083 0 0 0 0.996666 0.081584
1052.800000000 -6.50437 -28.8281 0 0 0 0.999498 0.0316695
1052.900000000 -6.50464 -28.8481 0 0 0 0.999832 -0.0183242
1053.000000000 -6.50291 -28.868 0 0 0 0.997667 -0.068272
1053.100000000 -6.4992 -28.8877 0 0 0 0.993008 -0.118049
1053.200000000 -6.49355 -28.9068 0 0 0 0.985867 -0.167531
1053.300000000 -6.48601 -28.9254 0 0 0 0.976262 -0.216595
1053.400000000 -6.47666 -28.943 0 0 0 0.964216 -0.265117
1053.500000000 -6.46559 -28.9597 0 0 0 0.949761 -0.312976
1053.600000000 -6.45292 -28.9751 0 0 0 0.932932 -0.360053
1053.700000000 -6.43877 -28.9893 0 0 0 0.913771 -0.406231
1053.800000000 -6.42327 -29.0019 0 0 0 0.892326 -0.451392
1053.900000000 -6.4066 -29.0129 0 0 0 0.86865 -0.495426
1054.000000000 -6.3889 -29.0222 0 0 0 -0.842804 0.538221
1054.100000000 -6.37037 -29.0297 0 0 0 -0.81485 0.579671
1054.200000000 -6.36398 -29.0573 0 0 0 -0.7924 0.610002
1054.300000000 -6.36351 -29.0968 0 0 0 -0.776034 0.630692
1054.400000000 -6.36708 -29.155 0 0 0 -0.762593 0.646879
1054.500000000 -6.37249 -29.2248 0 0 0 -0.752737 0.658321
1054.600000000 -6.37549 -29.2938 0 0 0 -0.742408 0.669949
1054.700000000 -6.37662 -29.3637 0 0 0 -0.732206 0.681083
1054.800000000 -6.37588 -29.4346 0 0 0 -0.722153 0.691733
1054.900000000 -6.37284 -29.5045 0 0 0 -0.711625 0.702559
1055.000000000 -6.36789 -29.5752 0 0 0 -0.70126 0.712905
1055.100000000 -6.36104 -29.6467 0 0 0 -0.69108 0.722778
1055.200000000 -6.35189 -29.716 0 0 0 -0.680086 0.733132
1055.300000000 -6.34087 -29.787 0 0 0 -0.669622 0.742703
1055.400000000 -6.32758 -29.8547 0 0 0 -0.65799 0.753027
1055.500000000 -6.31242 -29.9259 0 0 0 -0.647602 0.761978
1055.600000000 -6.29513 -29.9909 0 0 0 -0.634988 0.772522
1055.700000000 -6.27601 -30.0635 0 0 0 -0.625857 0.779938
1055.800000000 -6.25507 -30.1275 0 0 0 -0.61295 0.790121
1055.900000000 -6.23209 -30.1899 0 0 0 -0.599529 0.800353
1056.000000000 -6.20703 -30.2515 0 0 0 -0.585937 0.810357
1056.100000000 -6.18022 -30.3096 0 0 0 -0.571124 0.820864
1056.200000000 -6.15131 -30.3666 0 0 0 -0.556123 0.8311
1056.300000000 -6.12019 -30.4234 0 0 0 -0.541295 0.840832
1056.400000000 -6.08707 -30.4791 0 0 0 -0.526297 0.850301
1056.500000000 -6.05223 -30.5328 0 0 0 -0.510769 0.859718
1056.600000000 -6.0152 -30.5859 0 0 0 -0.495441 0.868642
1056.700000000 -5.97631 -30.6377 0 0 0 -0.479957 0.877292
1056.800000000 -5.93561 -30.6882 0 0 0 -0.464322 0.885666
1056.900000000 -5.89279 -30.7379 0 0 0 -0.448923 0.89357
1057.000000000 -5.84828 -30.7861 0 0 0 -0.43339 0.901207
1057.100000000 -5.80213 -30.8328 0 0 0 -0.417727 0.908573
1057.200000000 -5.75395 -30.8786 0 0 0 -0.402334 0.915493
1057.300000000 -5.70379 -30.9235 0 0 0 -0.387229 0.921984
1057.400000000 -5.65218 -30.9667 0 0 0 -0.372019 0.928225
1057.500000000 -5.59866 -31.009 0 0 0 -0.357121 0.934058
1057.600000000 -5.54381 -31.0495 0 0 0 -0.342132 0.939652
1057.700000000 -5.49155 -31.0835 0 0 0 -0.32422 0.945982
1057.800000000 -5.43803 -31.1154 0 0 0 -0.306191 0.95197
1057.900000000 -5.39456 -31.1334 0 0 0 -0.28041 0.95988
1058.000000000 -5.36269 -31.137 0 0 0 -0.246305 0.969192
1058.100000000 -5.33943 -31.131 0 0 0 -0.206504 0.978446
1058.200000000 -5.31673 -31.1232 0 0 0 -0.166358 0.986065
1058.300000000 -5.29474 -31.1135 0 0 0 -0.125934 0.992039
1058.400000000 -5.27466 -31.1016 0 0 0 -0.0847457 0.996403
1058.500000000 -5.25563 -31.0881 0 0 0 -0.0434119 0.999057
1058.600000000 -5.23779 -31.073 0 0 0 -0.00200365 0.999998
1058.700000000 -5.22125 -31.0566 0 0 0 0.0394081 0.999223
1058.800000000 -5.20614 -31.0388 0 0 0 0.0807522 0.996734
1058.900000000 -5.19255 -31.0198 0 0 0 0.121958 0.992535
1059.000000000 -5.18057 -30.9997 0 0 0 0.162954 0.986634
1059.100000000 -5.1703 -30.9788 0 0 0 0.203671 0.979039
1059.200000000 -5.1618 -30.957 0 0 0 0.244038 0.969766
1059.300000000 -5.15512 -30.9346 0 0 0 0.283987 0.958828
1059.400000000 -5.15032 -30.9118 0 0 0 0.323449 0.946246
1059.500000000 -5.14743 -30.8886 0 0 0 0.362355 0.93204
1059.600000000 -5.14646 -30.8653 0 0 0 0.40064 0.916235
1059.700000000 -5.14743 -30.842 0 0 0 0.438238 0.898859
1059.800000000 -5.15032 -30.8188 0 0 0 0.475084 0.87994
1059.900000000 -5.16644 -30.8075 0 0 0 0.517808 0.855497
1060.000000000 -5.18459 -30.7992 0 0 0 0.559917 0.828548
1060.100000000 -5.20349 -30.7926 0 0 0 0.600628 0.799529
1060.200000000 -5.22295 -30.788 0 0 0 0.639837 0.768511
1060.300000000 -5.24276 -30.7854 0 0 0 0.677447 0.735572
1060.400000000 -5.26275 -30.7848 0 0 0 0.713364 0.700794
1060.500000000 -5.28269 -30.7861 0 0 0 0.747497 0.664265
1060.600000000 -5.3024 -30.7895 0 0 0 0.779762 0.626076
1060.700000000 -5.32168 -30.7947 0 0 0 0.810079 0.586321
1060.800000000 -5.34034 -30.8019 0 0 0 0.83837 0.545101
1060.900000000 -5.35818 -30.8109 0 0 0 0.864566 0.502519
1061.000000000 -5.37504 -30.8217 0 0 0 0.888601 0.458681
1061.100000000 -5.4012 -30.8109 0 0 0 0.905274 0.424828
1061.200000000 -5.43679 -30.7862 0 0 0 0.917196 0.398437
1061.300000000 -5.47634 -30.7594 0 0 0 0.927458 0.373927
1061.400000000 -5.51772 -30.7341 0 0 0 0.936928 0.349522
1061.500000000 -5.56037 -30.711 0 0 0 0.945756 0.324877
1061.600000000 -5.60417 -30.6901 0 0 0 0.953936 0.300009
1061.700000000 -5.649 -30.6716 0 0 0 0.961462 0.274936
1061.800000000 -5.69474 -30.6554 0 0 0 0.96833 0.249675
1061.900000000 -5.74126 -30.6417 0 0 0 0.974533 0.224243
1062.000000000 -5.78844 -30.6304 0 0 0 0.980069 0.198656
1062.100000000 -5.8498 -30.6123 0 0 0 0.983515 0.180826
1062.200000000 -5.91477 -30.5947 0 0 0 0.986355 0.164632
1062.300000000 -5.98107 -30.5787 0 0 0 0.988863 0.148831
1062.400000000 -6.04784 -30.5648 0 0 0 0.991117 0.132991
1062.500000000 -6.11502 -30.5531 0 0 0 0.993118 0.117118
1062.600000000 -6.18255 -30.5435 0 0 0 0.994865 0.101214
1062.700000000 -6.25034 -30.5361 0 0 0 0.996357 0.0852844
1062.800000000 -6.31834 -30.5308 0 0 0 0.997594 0.069333
1062.900000000 -6.38647 -30.5278 0 0 0 0.998575 0.0533639
1063.000000000 -6.45467 -30.5269 0 0 0 0.999301 0.0373811
1063.100000000 -6.52286 -30.5282 0 0 0 0.999771 0.0213887
1063.200000000 -6.5979 -30.5282 0 0 0 0.99991 0.0133799
1063.300000000 -6.67293 -30.5292 0 0 0 0.999982 0.00595058
1063.400000000 -6.74794 -30.5313 0 0 0 0.999999 -0.00147909
1063.500000000 -6.82291 -30.5345 0 0 0 0.99996 -0.00890867
1063.600000000 -6.89782 -30.5388 0 0 0 0.999867 -0.0163378
1063.700000000 -6.97266 -30.5442 0 0 0 0.999718 -0.023766
1063.800000000 -7.04741 -30.5507 0 0 0 0.999513 -0.0311928
1063.900000000 -7.12206 -30.5584 0 0 0 0.999254 -0.038618
1064.000000000 -7.19658 -30.5671 0 0 0 0.99894 -0.046041
1064.100000000 -7.27126 -30.574 0 0 0 0.99894 -0.046041
1064.200000000 -7.34598 -30.5806 0 0 0 0.998975 -0.0452685
1064.300000000 -7.4207 -30.5871 0 0 0 0.99901 -0.044496
1064.400000000 -7.49543 -30.5934 0 0 0 0.999044 -0.0437234
1064.500000000 -7.57017 -30.5997 0 0 0 0.999077 -0.0429508
1064.600000000 -7.64492 -30.6058 0 0 0 0.99911 -0.0421782
1064.700000000 -7.71967 -30.6118 0 0 0 0.999142 -0.0414056
1064.800000000 -7.79444 -30.6177 0 0 0 0.999174 -0.0406329
1064.900000000 -7.86922 -30.6235 0 0 0 0.999205 -0.0398612
1065.000000000 -7.94401 -30.6292 0 0 0 0.999236 -0.0390885
1065.100000000 -8.0188 -30.6347 0 0 0 0.999266 -0.0383157
1065.200000000 -8.0936 -30.6401 0 0 0 0.999295 -0.037543
1065.300000000 -8.16842 -30.6455 0 0 0 0.999324 -0.0367702
1065.400000000 -8.24324 -30.6507 0 0 0 0.999352 -0.0359974
1065.500000000 -8.31806 -30.6558 0 0 0 0.999379 -0.0352246
1065.600000000 -8.3929 -30.6607 0 0 0 0.999406 -0.0344517
1065.700000000 -8.46774 -30.6656 0 0 0 0.999433 -0.0336789
1065.800000000 -8.54259 -30.6703 0 0 0 0.999458 -0.032906
1065.900000000 -8.61745 -30.675 0 0 0 0.999484 -0.0321331
1066.000000000 -8.69205 -30.6746 0 0 0 0.999812 -0.0193848
1066.100000000 -8.74927 -30.6683 0 0 0 0.999998 0.002056
1066.200000000 -8.79015 -30.6564 0 0 0 0.999506 0.031414
1066.300000000 -8.81209 -30.6397 0 0 0 0.997575 0.0695997
1066.400000000 -8.81149 -30.6202 0 0 0 0.99303 0.117858
1066.500000000 -8.80745 -30.601 0 0 0 0.986028 0.166579
1066.600000000 -8.80154 -30.5822 0 0 0 0.976637 0.214897
1066.700000000 -8.79381 -30.5641 0 0 0 0.964879 0.262693
1066.800000000 -8.78434 -30.5469 0 0 0 0.950784 0.309854
1066.900000000 -8.77323 -30.5307 0 0 0 0.934386 0.356264
1067.000000000 -8.76057 -30.5156 0 0 0 0.915723 0.40181
1067.100000000 -8.7465 -30.5019 0 0 0 0.894842 0.446383
1067.200000000 -8.73114 -30.4896 0 0 0 0.871793 0.489875
1067.300000000 -8.71465 -30.4789 0 0 0 0.846632 0.532179
1067.400000000 -8.69718 -30.4698 0 0 0 0.819419 0.573195
1067.500000000 -8.67891 -30.4625 0 0 0 0.790221 0.612821
1067.600000000 -8.66002 -30.4571 0 0 0 0.759109 0.650963
1067.700000000 -8.64068 -30.4535 0 0 0 0.726158 0.687528
1067.800000000 -8.62108 -30.4519 0 0 0 0.691447 0.722427
1067.900000000 -8.60141 -30.4522 0 0 0 0.655061 0.755576
1068.000000000 -8.58187 -30.4544 0 0 0 0.617088 0.786894
1068.100000000 -8.56264 -30.4585 0 0 0 0.57762 0.816306
1068.200000000 -8.5403 -30.4399 0 0 0 0.546821 0.837249
1068.300000000 -8.51274 -30.4055 0 0 0 0.522691 0.852522
1068.400000000 -8.47972 -30.3603 0 0 0 0.503603 0.863935
1068.500000000 -8.44421 -30.315 0 0 0 0.484965 0.874534
1068.600000000 -8.40678 -30.2712 0 0 0 0.466103 0.884731
1068.700000000 -8.36752 -30.2291 0 0 0 0.447027 0.894521
1068.800000000 -8.32648 -30.1887 0 0 0 0.427745 0.903899
1068.900000000 -8.28375 -30.1501 0 0 0 0.408267 0.912863
1069.000000000 -8.23941 -30.1134 0 0 0 0.388601 0.921406
1069.100000000 -8.19353 -30.0786 0 0 0 0.368757 0.929526
1069.200000000 -8.13585 -30.0313 0 0 0 0.356873 0.934153
1069.300000000 -8.07935 -29.982 0 0 0 0.354769 0.934954
1069.400000000 -8.02263 -29.9329 0 0 0 0.352662 0.935751
1069.500000000 -7.9657 -29.8841 0 0 0 0.350554 0.936542
1069.600000000 -7.90854 -29.8355 0 0 0 0.348445 0.937329
1069.700000000 -7.85117 -29.7872 0 0 0 0.346333 0.938112
1069.800000000 -7.79376 -29.7389 0 0 0 0.344904 0.938638
1069.900000000 -7.73602 -29.6911 0 0 0 0.342789 0.939412
1070.000000000 -7.67807 -29.6434 0 0 0 0.340673 0.940182
1070.100000000 -7.62142 -29.5943 0 0 0 0.3441 0.938933
1070.200000000 -7.56513 -29.5447 0 0 0 0.347523 0.937671
1070.300000000 -7.5092 -29.4947 0 0 0 0.350942 0.936397
1070.400000000 -7.45363 -29.4443 0 0 0 0.354355 0.935111
1070.500000000 -7.39844 -29.3935 0 0 0 0.357764 0.933812
1070.600000000 -7.34362 -29.3423 0 0 0 0.361168 0.932501
1070.700000000 -7.28917 -29.2908 0 0 0 0.364568 0.931177
1070.800000000 -7.2351 -29.2388 0 0 0 0.367962 0.929841
1070.900000000 -7.18141 -29.1864 0 0 0 0.371352 0.928492
1071.000000000 -7.12811 -29.1336 0 0 0 0.374736 0.927131
1071.100000000 -7.07519 -29.0804 0 0 0 0.378116 0.925758
1071.200000000 -7.02266 -29.0269 0 0 0 0.381491 0.924373
1071.300000000 -6.97053 -28.973 0 0 0 0.38486 0.922975
1071.400000000 -6.91878 -28.9187 0 0 0 0.388225 0.921565
1071.500000000 -6.86744 -28.864 0 0 0 0.391584 0.920142
1071.600000000 -6.8165 -28.8089 0 0 0 0.394938 0.918708
1071.700000000 -6.76595 -28.7535 0 0 0 0.398287 0.917261
1071.800000000 -6.71582 -28.6977 0 0 0 0.40163 0.915802
1071.900000000 -6.71582 -28.6977 0 0 0 0.40163 0.915802
1072.000000000 -6.71582 -28.6977 0 0 0 0.40163 0.915802
1072.100000000 -6.71582 -28.6977 0 0 0 0.40163 0.915802
1072.200000000 -6.71582 -28.6977 0 0 0 0.40163 0.915802
1072.300000000 -6.71582 -28.6977 0 0 0 0.40163 0.915802
1072.400000000 -6.71582 -28.6977 0 0 0 0.40163 0.915802
1072.500000000 -6.71582 -28.6977 0 0 0 0.40163 0.915802
1072.600000000 -6.71582 -28.6977 0 0 0 0.40163 0.915802
1072.700000000 -6.71582 -28.6977 0 0 0 0.40163 0.915802
1072.800000000 -6.71582 -28.6977 0 0 0 0.40163 0.915802
1072.900000000 -6.71582 -28.6977 0 0 0 0.40163 0.915802
1073.000000000 -6.71582 -28.6977 0 0 0 0.40163 0.915802
1073.100000000 -6.71582 -28.6977 0 0 0 0.40163 0.915802
1073.200000000 -6.71582 -28.6977 0 0 0 0.40163 0.915802
1073.300000000 -6.71582 -28.6977 0 0 0 0.40163 0.915802
1073.400000000 -6.71582 -28.6977 0 0 0 0.40163 0.915802
1073.500000000 -6.71582 -28.6977 0 0 0 0.40163 0.915802
1073.600000000 -6.71582 -28.6977 0 0 0 0.40163 0.915802
1073.700000000 -6.71582 -28.6977 0 0 0 0.40163 0.915802
1073.800000000 -6.71582 -28.6977 0 0 0 0.40163 0.915802
1073.900000000 -6.71582 -28.6977 0 0 0 0.40163 0.915802
1074.000000000 -6.71582 -28.6977 0 0 0 0.40163 0.915802
1074.100000000 -6.71582 -28.6977 0 0 0 0.40163 0.915802
1074.200000000 -6.71582 -28.6977 0 0 0 0.40163 0.915802
1074.300000000 -6.71582 -28.6977 0 0 0 0.40163 0.915802
1074.400000000 -6.71582 -28.6977 0 0 0 0.40163 0.915802
1074.500000000 -6.71582 -28.6977 0 0 0 0.40163 0.915802
1074.600000000 -6.71582 -28.6977 0 0 0 0.40163 0.915802
1074.700000000 -6.71582 -28.6977 0 0 0 0.40163 0.915802
1074.800000000 -6.71582 -28.6977 0 0 0 0.40163 0.915802
1074.900000000 -6.71582 -28.6977 0 0 0 0.40163 0.915802
1075.000000000 -6.71582 -28.6977 0 0 0 0.40163 0.915802
1075.100000000 -6.71582 -28.6977 0 0 0 0.40163 0.915802
1075.200000000 -6.71582 -28.6977 0 0 0 0.40163 0.915802
1075.300000000 -6.71582 -28.6977 0 0 0 0.40163 0.915802
1075.400000000 -6.71582 -28.6977 0 0 0 0.40163 0.915802
1075.500000000 -6.71582 -28.6977 0 0 0 0.40163 0.915802
1075.600000000 -6.71582 -28.6977 0 0 0 0.40163 0.915802
1075.700000000 -6.71582 -28.6977 0 0 0 0.40163 0.915802
1075.800000000 -6.71582 -28.6977 0 0 0 0.40163 0.915802
1075.900000000 -6.71582 -28.6977 0 0 0 0.40163 0.915802
1076.000000000 -6.71582 -28.6977 0 0 0 0.40163 0.915802
1076.100000000 -6.71582 -28.6977 0 0 0 0.40163 0.915802
1076.200000000 -6.71582 -28.6977 0 0 0 0.40163 0.915802
1076.300000000 -6.71582 -28.6977 0 0 0 0.40163 0.915802
1076.400000000 -6.71582 -28.6977 0 0 0 0.40163 0.915802
1076.500000000 -6.71582 -28.6977 0 0 0 0.40163 0.915802
1076.600000000 -6.71582 -28.6977 0 0 0 0.40163 0.915802
1076.700000000 -6.71582 -28.6977 0 0 0 0.40163 0.915802
1076.800000000 -6.71582 -28.6977 0 0 0 0.40163 0.915802
1076.900000000 -6.71582 -28.6977 0 0 0 0.40163 0.915802
1077.000000000 -6.71582 -28.6977 0 0 0 0.40163 0.915802
1077.100000000 -6.71582 -28.6977 0 0 0 0.40163 0.915802
1077.200000000 -6.71582 -28.6977 0 0 0 0.40163 0.915802
1077.300000000 -6.71582 -28.6977 0 0 0 0.40163 0.915802
1077.400000000 -6.71582 -28.6977 0 0 0 0.40163 0.915802
1077.500000000 -6.71582 -28.6977 0 0 0 0.40163 0.915802
1077.600000000 -6.71582 -28.6977 0 0 0 0.40163 0.915802
1077.700000000 -6.71582 -28.6977 0 0 0 0.40163 0.915802
1077.800000000 -6.71582 -28.6977 0 0 0 0.40163 0.915802
1077.900000000 -6.71582 -28.6977 0 0 0 0.40163 0.915802
1078.000000000 -6.71582 -28.6977 0 0 0 0.40163 0.915802
1078.100000000 -6.66435 -28.6432 0 0 0 0.399567 0.916704
1078.200000000 -6.61264 -28.5888 0 0 0 0.397502 0.917601
1078.300000000 -6.56069 -28.5347 0 0 0 0.395435 0.918494
1078.400000000 -6.50849 -28.4809 0 0 0 0.393365 0.919382
1078.500000000 -6.45605 -28.4273 0 0 0 0.391294 0.920266
1078.600000000 -6.40337 -28.3739 0 0 0 0.389221 0.921144
1078.700000000 -6.35045 -28.3207 0 0 0 0.387146 0.922018
1078.800000000 -6.29729 -28.2678 0 0 0 0.385069 0.922888
1078.900000000 -6.24389 -28.2151 0 0 0 0.38299 0.923753
1079.000000000 -6.19026 -28.1627 0 0 0 0.380909 0.924613
1079.100000000 -6.13681 -28.1101 0 0 0 0.380193 0.924907
1079.200000000 -6.08349 -28.0573 0 0 0 0.380193 0.924907
1079.300000000 -6.03017 -28.0046 0 0 0 0.380193 0.924907
1079.400000000 -5.97685 -27.9519 0 0 0 0.380193 0.924907
1079.500000000 -5.92354 -27.8991 0 0 0 0.380193 0.924907
1079.600000000 -5.87022 -27.8464 0 0 0 0.380193 0.924907
1079.700000000 -5.8169 -27.7936 0 0 0 0.380193 0.924907
1079.800000000 -5.76358 -27.7409 0 0 0 0.380193 0.924907
1079.900000000 -5.71026 -27.6881 0 0 0 0.380193 0.924907
1080.000000000 -5.65695 -27.6354 0 0 0 0.380193 0.924907
1080.100000000 -5.60363 -27.5826 0 0 0 0.380193 0.924907
1080.200000000 -5.55207 -27.5281 0 0 0 0.385948 0.922521
1080.300000000 -5.50138 -27.4728 0 0 0 0.392245 0.919861
1080.400000000 -5.45144 -27.4168 0 0 0 0.398525 0.917158
1080.500000000 -5.40228 -27.3601 0 0 0 0.404786 0.914412
1080.600000000 -5.35389 -27.3028 0 0 0 0.411027 0.911623
1080.700000000 -5.30629 -27.2448 0 0 0 0.41725 0.908792
1080.800000000 -5.25949 -27.1861 0 0 0 0.423453 0.905918
1080.900000000 -5.2135 -27.1268 0 0 0 0.429636 0.903002
1081.000000000 -5.16832 -27.0669 0 0 0 0.4358 0.900044
1081.100000000 -5.12397 -27.0064 0 0 0 0.441942 0.897043
1081.200000000 -5.0817 -26.9444 0 0 0 0.451551 0.892245
1081.300000000 -5.04077 -26.8814 0 0 0 0.461108 0.887344
1081.400000000 -5.00121 -26.8176 0 0 0 0.470611 0.882341
1081.500000000 -4.96302 -26.753 0 0 0 0.480061 0.877235
1081.600000000 -4.92623 -26.6875 0 0 0 0.489455 0.872029
1081.700000000 -4.89086 -26.6213 0 0 0 0.498792 0.866722
1081.800000000 -4.85692 -26.5544 0 0 0 0.508072 0.861315
1081.900000000 -4.82442 -26.4867 0 0 0 0.517293 0.855808
1082.000000000 -4.79338 -26.4183 0 0 0 0.526455 0.850203
1082.100000000 -4.76478 -26.3494 0 0 0 0.537254 0.843421
1082.200000000 -4.73852 -26.2806 0 0 0 0.54837 0.836236
1082.300000000 -4.7141 -26.2111 0 0 0 0.55939 0.828905
1082.400000000 -4.69152 -26.141 0 0 0 0.570312 0.821428
1082.500000000 -4.67081 -26.0703 0 0 0 0.581134 0.813808
1082.600000000 -4.65197 -25.9991 0 0 0 0.591854 0.806045
1082.700000000 -4.63503 -25.9275 0 0 0 0.602471 0.798141
1082.800000000 -4.61999 -25.8554 0 0 0 0.612982 0.790097
1082.900000000 -4.60686 -25.7829 0 0 0 0.623385 0.781915
1083.000000000 -4.59566 -25.7101 0 0 0 0.63368 0.773595
1083.100000000 -4.58638 -25.6371 0 0 0 0.643863 0.765141
1083.200000000 -4.57905 -25.5638 0 0 0 0.653934 0.756552
1083.300000000 -4.57365 -25.4903 0 0 0 0.66389 0.74783
1083.400000000 -4.57029 -25.4186 0 0 0 0.673482 0.739204
1083.500000000 -4.56882 -25.3485 0 0 0 0.682743 0.730659
1083.600000000 -4.56909 -25.2817 0 0 0 0.691462 0.722413
1083.700000000 -4.57097 -25.215 0 0 0 0.700081 0.714063
1083.800000000 -4.57481 -25.1414 0 0 0 0.709471 0.704735
1083.900000000 -4.57849 -25.0781 0 0 0 0.715178 0.698943
1084.000000000 -4.58287 -25.0166 0 0 0 0.720332 0.69363
1084.100000000 -4.58677 -24.9417 0 0 0 0.722184 0.691701
1084.200000000 -4.59083 -24.8668 0 0 0 0.723623 0.690195
1084.300000000 -4.59519 -24.7919 0 0 0 0.725032 0.688715
1084.400000000 -4.59983 -24.7171 0 0 0 0.726384 0.687289
1084.500000000 -4.60474 -24.6422 0 0 0 0.727706 0.685889
1084.600000000 -4.60991 -24.5674 0 0 0 0.728972 0.684544
1084.700000000 -4.61533 -24.4926 0 0 0 0.730181 0.683254
1084.800000000 -4.62088 -24.4195 0 0 0 0.731361 0.68199
1084.900000000 -4.62643 -24.3497 0 0 0 0.732486 0.680782
1085.000000000 -4.63206 -24.2816 0 0 0 0.733582 0.679601
1085.100000000 -4.63778 -24.2068 0 0 0 0.733582 0.679601
1085.200000000 -4.6435 -24.132 0 0 0 0.733582 0.679601
1085.300000000 -4.64923 -24.0572 0 0 0 0.733582 0.679601
1085.400000000 -4.65495 -23.9824 0 0 0 0.733582 0.679601
1085.500000000 -4.66067 -23.9077 0 0 0 0.733582 0.679601
1085.600000000 -4.66639 -23.8329 0 0 0 0.733582 0.679601
1085.700000000 -4.67211 -23.7581 0 0 0 0.733582 0.679601
1085.800000000 -4.67783 -23.6833 0 0 0 0.733582 0.679601
1085.900000000 -4.68355 -23.6085 0 0 0 0.733582 0.679601
1086.000000000 -4.68928 -23.5338 0 0 0 0.733582 0.679601
1086.100000000 -4.695 -23.459 0 0 0 0.733582 0.679601
1086.200000000 -4.70072 -23.3842 0 0 0 0.733582 0.679601
1086.300000000 -4.70644 -23.3094 0 0 0 0.733582 0.679601
1086.400000000 -4.71216 -23.2346 0 0 0 0.733582 0.679601
1086.500000000 -4.71788 -23.1599 0 0 0 0.733582 0.679601
1086.600000000 -4.7236 -23.0851 0 0 0 0.733582 0.679601
1086.700000000 -4.72933 -23.0103 0 0 0 0.733582 0.679601
1086.800000000 -4.73505 -22.9355 0 0 0 0.733582 0.679601
1086.900000000 -4.74077 -22.8607 0 0 0 0.733582 0.679601
1087.000000000 -4.74649 -22.7859 0 0 0 0.733582 0.679601
1087.100000000 -4.7519 -22.7111 0 0 0 0.733056 0.680168
1087.200000000 -4.7572 -22.6363 0 0 0 0.73253 0.680735
1087.300000000 -4.76238 -22.5615 0 0 0 0.732003 0.681301
1087.400000000 -4.76745 -22.4867 0 0 0 0.731476 0.681867
1087.500000000 -4.7724 -22.4118 0 0 0 0.730949 0.682432
1087.600000000 -4.77723 -22.337 0 0 0 0.730421 0.682997
1087.700000000 -4.78195 -22.2621 0 0 0 0.729892 0.683562
1087.800000000 -4.78655 -22.1873 0 0 0 0.729364 0.684126
1087.900000000 -4.79104 -22.1124 0 0 0 0.728834 0.68469
1088.000000000 -4.79541 -22.0375 0 0 0 0.728305 0.685253
1088.100000000 -4.79967 -21.9627 0 0 0 0.727775 0.685816
1088.200000000 -4.80293 -21.8877 0 0 0 0.725742 0.687967
1088.300000000 -4.80576 -21.8128 0 0 0 0.723702 0.690112
1088.400000000 -4.80813 -21.7378 0 0 0 0.721657 0.692251
1088.500000000 -4.81007 -21.6628 0 0 0 0.719605 0.694384
1088.600000000 -4.81156 -21.5878 0 0 0 0.717547 0.69651
1088.700000000 -4.81289 -21.5128 0 0 0 0.715977 0.698124
1088.800000000 -4.81388 -21.4378 0 0 0 0.714403 0.699735
1088.900000000 -4.81483 -21.3629 0 0 0 0.713336 0.700822
1089.000000000 -4.81555 -21.2879 0 0 0 0.712267 0.701908
1089.100000000 -4.81604 -21.2129 0 0 0 0.711197 0.702992
1089.200000000 -4.81601 -21.1379 0 0 0 0.709613 0.704592
1089.300000000 -4.81593 -21.0629 0 0 0 0.708538 0.705672
1089.400000000 -4.81563 -20.9878 0 0 0 0.707462 0.706751
1089.500000000 -4.81509 -20.9128 0 0 0 0.706385 0.707828
1089.600000000 -4.81433 -20.8379 0 0 0 0.705306 0.708903
1089.700000000 -4.81334 -20.7629 0 0 0 0.704225 0.709977
1089.800000000 -4.81212 -20.6879 0 0 0 0.703143 0.711049
1089.900000000 -4.81067 -20.6129 0 0 0 0.702058 0.712119
1090.000000000 -4.80899 -20.5379 0 0 0 0.700973 0.713188
1090.100000000 -4.80739 -20.4629 0 0 0 0.700421 0.71373
1090.200000000 -4.80567 -20.3879 0 0 0 0.699869 0.714271
1090.300000000 -4.80383 -20.313 0 0 0 0.699316 0.714812
1090.400000000 -4.80188 -20.238 0 0 0 0.698763 0.715353
1090.500000000 -4.79981 -20.163 0 0 0 0.69821 0.715893
1090.600000000 -4.79763 -20.088 0 0 0 0.697656 0.716433
1090.700000000 -4.79533 -20.0131 0 0 0 0.697102 0.716972
1090.800000000 -4.79291 -19.9381 0 0 0 0.696547 0.717511
1090.900000000 -4.79038 -19.8632 0 0 0 0.695992 0.718049
1091.000000000 -4.78773 -19.7882 0 0 0 0.695437 0.718587
1091.100000000 -4.78496 -19.7133 0 0 0 0.694881 0.719125
1091.200000000 -4.78239 -19.6383 0 0 0 0.694881 0.719125
1091.300000000 -4.77982 -19.5633 0 0 0 0.694881 0.719125
1091.400000000 -4.77725 -19.4884 0 0 0 0.694881 0.719125
1091.500000000 -4.77468 -19.4134 0 0 0 0.694881 0.719125
1091.600000000 -4.77211 -19.3385 0 0 0 0.694881 0.719125
1091.700000000 -4.76954 -19.2635 0 0 0 0.694881 0.719125
1091.800000000 -4.76697 -19.1886 0 0 0 0.694881 0.719125
1091.900000000 -4.7644 -19.1136 0 0 0 0.694881 0.719125
1092.000000000 -4.76182 -19.0386 0 0 0 0.694881 0.719125
1092.100000000 -4.75925 -18.9637 0 0 0 0.694881 0.719125
1092.200000000 -4.75668 -18.8887 0 0 0 0.694881 0.719125
1092.300000000 -4.75411 -18.8138 0 0 0 0.694881 0.719125
1092.400000000 -4.75154 -18.7388 0 0 0 0.694881 0.719125
1092.500000000 -4.74897 -18.6639 0 0 0 0.694881 0.719125
1092.600000000 -4.7464 -18.5889 0 0 0 0.694881 0.719125
1092.700000000 -4.74383 -18.514 0 0 0 0.694881 0.719125
1092.800000000 -4.74126 -18.439 0 0 0 0.694881 0.719125
1092.900000000 -4.73868 -18.364 0 0 0 0.694881 0.719125
1093.000000000 -4.73611 -18.2891 0 0 0 0.694881 0.719125
1093.100000000 -4.73385 -18.2141 0 0 0 0.695437 0.718587
1093.200000000 -4.7314 -18.1392 0 0 0 0.695437 0.718587
1093.300000000 -4.72925 -18.0642 0 0 0 0.695992 0.718049
1093.400000000 -4.72691 -17.9892 0 0 0 0.695992 0.718049
1093.500000000 -4.72488 -17.9143 0 0 0 0.696547 0.717511
1093.600000000 -4.72266 -17.8393 0 0 0 0.696547 0.717511
1093.700000000 -4.72043 -17.7643 0 0 0 0.696547 0.717511
1093.800000000 -4.71852 -17.6893 0 0 0 0.697102 0.716972
1093.900000000 -4.71641 -17.6144 0 0 0 0.697102 0.716972
1094.000000000 -4.71431 -17.5394 0 0 0 0.697102 0.716972
1094.100000000 -4.71251 -17.4644 0 0 0 0.697656 0.716433
1094.200000000 -4.71052 -17.3895 0 0 0 0.697656 0.716433
1094.300000000 -4.70852 -17.3145 0 0 0 0.697656 0.716433
1094.400000000 -4.70653 -17.2395 0 0 0 0.697656 0.716433
1094.500000000 -4.70454 -17.1645 0 0 0 0.697656 0.716433
1094.600000000 -4.70255 -17.0896 0 0 0 0.697656 0.716433
1094.700000000 -4.70056 -17.0146 0 0 0 0.697656 0.716433
1094.800000000 -4.69857 -16.9396 0 0 0 0.697656 0.716433
1094.900000000 -4.69658 -16.8646 0 0 0 0.697656 0.716433
1095.000000000 -4.69459 -16.7897 0 0 0 0.697656 0.716433
1095.100000000 -4.69259 -16.7147 0 0 0 0.697656 0.716433
1095.200000000 -4.6906 -16.6397 0 0 0 0.697656 0.716433
1095.300000000 -4.68861 -16.5647 0 0 0 0.697656 0.716433
1095.400000000 -4.68662 -16.4898 0 0 0 0.697656 0.716433
1095.500000000 -4.68463 -16.4148 0 0 0 0.697656 0.716433
1095.600000000 -4.68264 -16.3398 0 0 0 0.697656 0.716433
1095.700000000 -4.68065 -16.2648 0 0 0 0.697656 0.716433
1095.800000000 -4.67865 -16.1899 0 0 0 0.697656 0.716433
1095.900000000 -4.67666 -16.1149 0 0 0 0.697656 0.716433
1096.000000000 -4.67467 -16.0399 0 0 0 0.697656 0.716433
1096.100000000 -4.67299 -15.9649 0 0 0 0.69821 0.715893
1096.200000000 -4.67172 -15.89 0 0 0 0.6993 0.714829
1096.300000000 -4.67069 -15.815 0 0 0 0.700388 0.713762
1096.400000000 -4.66988 -15.74 0 0 0 0.701475 0.712695
1096.500000000 -4.6693 -15.665 0 0 0 0.702559 0.711625
1096.600000000 -4.66894 -15.59 0 0 0 0.703643 0.710554
1096.700000000 -4.66882 -15.515 0 0 0 0.704724 0.709481
1096.800000000 -4.66892 -15.44 0 0 0 0.705804 0.708407
1096.900000000 -4.66926 -15.365 0 0 0 0.706883 0.707331
1097.000000000 -4.66982 -15.29 0 0 0 0.70796 0.706253
1097.100000000 -4.67061 -15.215 0 0 0 0.709035 0.705174
1097.200000000 -4.66693 -15.14 0 0 0 0.701794 0.712379
1097.300000000 -4.66131 -15.0651 0 0 0 0.693732 0.720234
1097.400000000 -4.654 -14.9904 0 0 0 0.685581 0.727997
1097.500000000 -4.64501 -14.9158 0 0 0 0.677343 0.735667
1097.600000000 -4.63435 -14.8415 0 0 0 0.66902 0.743245
1097.700000000 -4.62202 -14.7675 0 0 0 0.660611 0.750728
1097.800000000 -4.60802 -14.6937 0 0 0 0.652119 0.758116
1097.900000000 -4.59236 -14.6202 0 0 0 0.643545 0.765409
1098.000000000 -4.57506 -14.5472 0 0 0 0.634889 0.772604
1098.100000000 -4.55562 -14.4854 0 0 0 0.621086 0.783742
1098.200000000 -4.53406 -14.426 0 0 0 0.606417 0.795147
1098.300000000 -4.51031 -14.3675 0 0 0 0.591538 0.806277
1098.400000000 -4.4844 -14.31 0 0 0 0.576455 0.817129
1098.500000000 -4.45637 -14.2534 0 0 0 0.561174 0.827698
1098.600000000 -4.42626 -14.1979 0 0 0 0.545698 0.837982
1098.700000000 -4.3941 -14.1436 0 0 0 0.530034 0.847976
1098.800000000 -4.35995 -14.0904 0 0 0 0.514187 0.857678
1098.900000000 -4.32385 -14.0386 0 0 0 0.498163 0.867083
1099.000000000 -4.28585 -13.9882 0 0 0 0.481966 0.87619
1099.100000000 -4.24192 -13.9273 0 0 0 0.472074 0.881559
1099.200000000 -4.19697 -13.8672 0 0 0 0.463044 0.886335
1099.300000000 -4.1508 -13.808 0 0 0 0.453966 0.891019
1099.400000000 -4.10344 -13.7498 0 0 0 0.444841 0.89561
1099.500000000 -4.05489 -13.6925 0 0 0 0.435669 0.900107
1099.600000000 -4.00518 -13.6363 0 0 0 0.426452 0.90451
1099.700000000 -3.95433 -13.581 0 0 0 0.41719 0.908819
1099.800000000 -3.90237 -13.5269 0 0 0 0.407885 0.913033
1099.900000000 -3.84931 -13.4737 0 0 0 0.398537 0.917152
1100.000000000 -3.79518 -13.4217 0 0 0 0.389148 0.921175
1100.100000000 -3.74267 -13.3682 0 0 0 0.388435 0.921476
1100.200000000 -3.6903 -13.3145 0 0 0 0.388435 0.921476
1100.300000000 -3.63794 -13.2608 0 0 0 0.388435 0.921476
1100.400000000 -3.58557 -13.2071 0 0 0 0.388435 0.921476
1100.500000000 -3.5332 -13.1534 0 0 0 0.388435 0.921476
1100.600000000 -3.48083 -13.0997 0 0 0 0.388435 0.921476
1100.700000000 -3.42846 -13.046 0 0 0 0.388435 0.921476
1100.800000000 -3.3761 -12.9924 0 0 0 0.388435 0.921476
1100.900000000 -3.32373 -12.9387 0 0 0 0.388435 0.921476
1101.000000000 -3.27136 -12.885 0 0 0 0.388435 0.921476
1101.100000000 -3.21899 -12.8313 0 0 0 0.388435 0.921476
1101.200000000 -3.16663 -12.7776 0 0 0 0.388435 0.921476
1101.300000000 -3.11426 -12.7239 0 0 0 0.388435 0.921476
1101.400000000 -3.06189 -12.6702 0 0 0 0.388435 0.921476
1101.500000000 -3.00952 -12.6165 0 0 0 0.388435 0.921476
1101.600000000 -2.95716 -12.5628 0 0 0 0.388435 0.921476
1101.700000000 -2.90479 -12.5091 0 0 0 0.388435 0.921476
1101.800000000 -2.85242 -12.4555 0 0 0 0.388435 0.921476
1101.900000000 -2.80005 -12.4018 0 0 0 0.388435 0.921476
1102.000000000 -2.75124 -12.3447 0 0 0 0.399705 0.916644
1102.100000000 -2.70592 -12.2878 0 0 0 0.412236 0.911077
1102.200000000 -2.6728 -12.2379 0 0 0 0.430582 0.902551
1102.300000000 -2.64301 -12.1877 0 0 0 0.449476 0.893293
1102.400000000 -2.61536 -12.1363 0 0 0 0.46817 0.883638
1102.500000000 -2.58989 -12.0838 0 0 0 0.486657 0.873593
1102.600000000 -2.56665 -12.0303 0 0 0 0.504929 0.863161
1102.700000000 -2.54569 -11.9759 0 0 0 0.522977 0.852347
1102.800000000 -2.52703 -11.9206 0 0 0 0.540793 0.841155
1102.900000000 -2.51072 -11.8645 0 0 0 0.558371 0.829592
1103.000000000 -2.49678 -11.8079 0 0 0 0.575701 0.81766
1103.100000000 -2.48523 -11.7507 0 0 0 0.592776 0.805367
1103.200000000 -2.4761 -11.693 0 0 0 0.609589 0.792718
1103.300000000 -2.4694 -11.6351 0 0 0 0.626132 0.779717
1103.400000000 -2.46515 -11.5769 0 0 0 0.642397 0.766372
1103.500000000 -2.46335 -11.5186 0 0 0 0.658379 0.752687
1103.600000000 -2.46401 -11.4602 0 0 0 0.674069 0.738669
1103.700000000 -2.46711 -11.4019 0 0 0 0.68946 0.724324
1103.800000000 -2.47267 -11.3439 0 0 0 0.704547 0.709658
1103.900000000 -2.48067 -11.2861 0 0 0 0.719321 0.694678
1104.000000000 -2.49028 -11.2237 0 0 0 0.732104 0.681193
1104.100000000 -2.5022 -11.1617 0 0 0 0.744634 0.667473
1104.200000000 -2.51642 -11.1001 0 0 0 0.756907 0.653522
1104.300000000 -2.53291 -11.0392 0 0 0 0.768919 0.639346
1104.400000000 -2.55166 -10.9789 0 0 0 0.780665 0.624949
1104.500000000 -2.57263 -10.9193 0 0 0 0.792142 0.610337
1104.600000000 -2.59581 -10.8606 0 0 0 0.803346 0.595513
1104.700000000 -2.62115 -10.8028 0 0 0 0.814272 0.580484
1104.800000000 -2.64861 -10.7459 0 0 0 0.824916 0.565255
1104.900000000 -2.67818 -10.6901 0 0 0 0.835276 0.54983
1105.000000000 -2.70979 -10.6355 0 0 0 0.845348 0.534216
1105.100000000 -2.74342 -10.582 0 0 0 0.855128 0.518417
1105.200000000 -2.779 -10.5299 0 0 0 0.864612 0.502439
1105.300000000 -2.8165 -10.4791 0 0 0 0.873799 0.486288
1105.400000000 -2.85586 -10.4297 0 0 0 0.882683 0.469969
1105.500000000 -2.89703 -10.3819 0 0 0 0.891263 0.453488
1105.600000000 -2.93995 -10.3355 0 0 0 0.899535 0.43685
1105.700000000 -2.98456 -10.2909 0 0 0 0.907496 0.420061
1105.800000000 -3.03079 -10.2479 0 0 0 0.915144 0.403127
1105.900000000 -3.07728 -10.2088 0 0 0 0.922955 0.384908
1106.000000000 -3.12527 -10.1716 0 0 0 0.930403 0.366538
1106.100000000 -3.1747 -10.1364 0 0 0 0.937485 0.348024
1106.200000000 -3.21715 -10.1096 0 0 0 0.943819 0.330462
1106.300000000 -3.26057 -10.0845 0 0 0 0.949824 0.312785
1106.400000000 -3.30489 -10.0611 0 0 0 0.955498 0.294998
1106.500000000 -3.35006 -10.0393 0 0 0 0.960838 0.277109
1106.600000000 -3.39601 -10.0192 0 0 0 0.965844 0.259123
1106.700000000 -3.44268 -10.0008 0 0 0 0.970513 0.241047
1106.800000000 -3.49 -9.98424 0 0 0 0.974844 0.222887
1106.900000000 -3.53791 -9.96942 0 0 0 0.978835 0.204649
1107.000000000 -3.58634 -9.95639 0 0 0 0.982485 0.18634
1107.100000000 -3.63522 -9.94518 0 0 0 0.985793 0.167965
1107.200000000 -3.68449 -9.9358 0 0 0 0.988757 0.149533
1107.300000000 -3.73407 -9.92827 0 0 0 0.991376 0.131048
1107.400000000 -3.7839 -9.92259 0 0 0 0.99365 0.112517
1107.500000000 -3.83391 -9.91878 0 0 0 0.995577 0.0939477
1107.600000000 -3.88402 -9.91684 0 0 0 0.997158 0.0753452
1107.700000000 -3.93417 -9.91677 0 0 0 0.99839 0.0567164
1107.800000000 -3.98429 -9.91857 0 0 0 0.999275 0.0380679
1107.900000000 -4.03653 -9.91816 0 0 0 0.999575 0.0291462
1108.000000000 -4.09013 -9.91833 0 0 0 0.999781 0.0209145
1108.100000000 -4.14373 -9.91939 0 0 0 0.99992 0.0126815
1108.200000000 -4.1773 -9.92325 0 0 0 1 0.000904202
1108.300000000 -4.20486 -9.92908 0 0 0 0.999905 -0.0138115
1108.400000000 -4.23178 -9.93581 0 0 0 0.999587 -0.0287486
1108.500000000 -4.2585 -9.94333 0 0 0 0.999046 -0.0436793
1108.600000000 -4.28497 -9.95165 0 0 0 0.998282 -0.0586002
1108.700000000 -4.31119 -9.96075 0 0 0 0.997295 -0.0735081
1108.800000000 -4.33712 -9.97064 0 0 0 0.996085 -0.0883995
1108.900000000 -4.36274 -9.98129 0 0 0 0.994653 -0.103271
1109.000000000 -4.38804 -9.99271 0 0 0 0.992999 -0.11812
1109.100000000 -4.41298 -10.0049 0 0 0 0.991124 -0.132942
1109.200000000 -4.43755 -10.0178 0 0 0 0.989027 -0.147735
1109.300000000 -4.46172 -10.0314 0 0 0 0.986709 -0.162494
1109.400000000 -4.48547 -10.0458 0 0 0 0.984172 -0.177218
1109.500000000 -4.50879 -10.0608 0 0 0 0.981414 -0.191902
1109.600000000 -4.53164 -10.0766 0 0 0 0.978438 -0.206543
1109.700000000 -4.55401 -10.093 0 0 0 0.975243 -0.221137
1109.800000000 -4.57589 -10.1101 0 0 0 0.97183 -0.235683
1109.900000000 -4.59724 -10.1278 0 0 0 0.9682 -0.250176
1110.000000000 -4.61805 -10.1461 0 0 0 0.964355 -0.264613
1110.100000000 -4.63831 -10.1651 0 0 0 0.960294 -0.278991
1110.200000000 -4.65799 -10.1847 0 0 0 0.956018 -0.293307
1110.300000000 -4.67339 -10.2096 0 0 0 0.946793 -0.321844
1110.400000000 -4.67022 -10.2269 0 0 0 0.93345 -0.358708
1110.500000000 -4.65921 -10.24 0 0 0 0.917222 -0.398376
1110.600000000 -4.64598 -10.2514 0 0 0 0.899015 -0.437918
1110.700000000 -4.63182 -10.2615 0 0 0 0.879104 -0.47663
1110.800000000 -4.61683 -10.2703 0 0 0 -0.857527 0.514438
1110.900000000 -4.60113 -10.2779 0 0 0 -0.834326 0.551272
1111.000000000 -4.58483 -10.284 0 0 0 -0.809543 0.587061
1111.100000000 -4.56807 -10.2887 0 0 0 -0.783226 0.621738
1111.200000000 -4.55096 -10.2919 0 0 0 -0.755424 0.655236
1111.300000000 -4.53363 -10.2936 0 0 0 -0.726192 0.687492
1111.400000000 -4.51622 -10.2938 0 0 0 -0.695583 0.718446
1111.500000000 -4.49886 -10.2925 0 0 0 -0.663655 0.748038
1111.600000000 -4.48169 -10.2896 0 0 0 -0.630471 0.776213
1111.700000000 -4.46482 -10.2853 0 0 0 -0.596091 0.802917
1111.800000000 -4.44839 -10.2796 0 0 0 -0.560582 0.828099
1111.900000000 -4.43252 -10.2724 0 0 0 -0.52401 0.851712
1112.000000000 -4.41734 -10.2639 0 0 0 -0.486446 0.873711
1112.100000000 -4.40296 -10.2541 0 0 0 -0.44796 0.894054
1112.200000000 -4.38948 -10.2431 0 0 0 -0.408624 0.912703
1112.300000000 -4.37701 -10.2309 0 0 0 -0.368515 0.929622
1112.400000000 -4.35677 -10.2294 0 0 0 -0.333468 0.942761
1112.500000000 -4.33669 -10.2264 0 0 0 -0.297955 0.95458
1112.600000000 -4.3169 -10.2219 0 0 0 -0.262024 0.965061
1112.700000000 -4.2975 -10.2159 0 0 0 -0.225725 0.974191
1112.800000000 -4.2786 -10.2085 0 0 0 -0.189111 0.981956
1112.900000000 -4.2603 -10.1998 0 0 0 -0.152232 0.988345
1113.000000000 -4.24366 -10.1891 0 0 0 -0.114625 0.993409
1113.100000000 -4.22787 -10.1772 0 0 0 -0.0768541 0.997042
1113.200000000 -4.21302 -10.1642 0 0 0 -0.038972 0.99924
1113.300000000 -4.19921 -10.1501 0 0 0 -0.00103379 0.999999
1113.400000000 -4.18651 -10.1349 0 0 0 0.0369059 0.999319
1113.500000000 -4.17499 -10.1189 0 0 0 0.0747924 0.997199
1113.600000000 -4.16472 -10.102 0 0 0 0.112571 0.993644
1113.700000000 -4.15686 -10.0844 0 0 0 0.150711 0.988578
1113.800000000 -4.15037 -10.0663 0 0 0 0.188627 0.982049
1113.900000000 -4.1453 -10.0477 0 0 0 0.226265 0.974066
1114.000000000 -4.14167 -10.0288 0 0 0 0.263567 0.964641
1114.100000000 -4.1395 -10.0096 0 0 0 0.300479 0.953788
1114.200000000 -4.12384 -9.98589 0 0 0 0.325376 0.945585
1114.300000000 -4.10286 -9.96147 0 0 0 0.340306 0.940315
1114.400000000 -4.07944 -9.93755 0 0 0 0.348279 0.937391
1114.500000000 -4.05366 -9.91386 0 0 0 0.350876 0.936422
1114.600000000 -4.02397 -9.88958 0 0 0 0.348032 0.937483
1114.700000000 -3.98081 -9.85947 0 0 0 0.335479 0.942048
1114.800000000 -3.94526 -9.84069 0 0 0 0.316776 0.9485
1114.900000000 -3.91374 -9.82861 0 0 0 0.29465 0.955605
1115.000000000 -3.8817 -9.81802 0 0 0 0.272366 0.962194
1115.100000000 -3.84919 -9.80892 0 0 0 0.249934 0.968263
1115.200000000 -3.8163 -9.80135 0 0 0 0.227368 0.973809
1115.300000000 -3.78309 -9.79531 0 0 0 0.204678 0.978829
1115.400000000 -3.74964 -9.79082 0 0 0 0.181878 0.983321
1115.500000000 -3.71601 -9.78789 0 0 0 0.15898 0.987282
1115.600000000 -3.68171 -9.78621 0 0 0 0.136313 0.990666
1115.700000000 -3.64737 -9.78609 0 0 0 0.113574 0.99353
1115.800000000 -3.61188 -9.78702 0 0 0 0.0914064 0.995814
1115.900000000 -3.58183 -9.78914 0 0 0 0.0725843 0.997362
1116.000000000 -3.55034 -9.79184 0 0 0 0.0545337 0.998512
1116.100000000 -3.52541 -9.79566 0 0 0 0.038253 0.999268
1116.200000000 -3.50062 -9.8003 0 0 0 0.0219622 0.999759
1116.300000000 -3.47599 -9.80574 0 0 0 0.0056656 0.999984
1116.400000000 -3.45154 -9.81198 0 0 0 -0.0106325 0.999943
1116.500000000 -3.42732 -9.81902 0 0 0 -0.0269279 0.999637
1116.600000000 -3.40334 -9.82684 0 0 0 -0.043216 0.999066
1116.700000000 -3.37962 -9.83544 0 0 0 -0.0594927 0.998229
1116.800000000 -3.3562 -9.8448 0 0 0 -0.0757536 0.997127
1116.900000000 -3.3331 -9.85493 0 0 0 -0.0919943 0.99576
1117.000000000 -3.31034 -9.8658 0 0 0 -0.108211 0.994128
1117.100000000 -3.28794 -9.87741 0 0 0 -0.124398 0.992232
1117.200000000 -3.26594 -9.88974 0 0 0 -0.140553 0.990073
1117.300000000 -3.24435 -9.90278 0 0 0 -0.15667 0.987651
1117.400000000 -3.22319 -9.91652 0 0 0 -0.172746 0.984966
1117.500000000 -3.2025 -9.93094 0 0 0 -0.188775 0.98202
1117.600000000 -3.18228 -9.94603 0 0 0 -0.204755 0.978813
1117.700000000 -3.16257 -9.96177 0 0 0 -0.22068 0.975346
1117.800000000 -3.14338 -9.97815 0 0 0 -0.236546 0.97162
1117.900000000 -3.12474 -9.99514 0 0 0 -0.25235 0.967636
1118.000000000 -3.10666 -10.0127 0 0 0 -0.268087 0.963395
1118.100000000 -3.09902 -10.0269 0 0 0 -0.287765 0.957701
1118.200000000 -3.10437 -10.0378 0 0 0 -0.316448 0.94861
1118.300000000 -3.11124 -10.0479 0 0 0 -0.345281 0.938499
1118.400000000 -3.11871 -10.0576 0 0 0 -0.373792 0.927513
1118.500000000 -3.12675 -10.0668 0 0 0 -0.401953 0.91566
1118.600000000 -3.13535 -10.0755 0 0 0 -0.42974 0.902953
1118.700000000 -3.14446 -10.0836 0 0 0 -0.457125 0.889402
1118.800000000 -3.15405 -10.0912 0 0 0 -0.484084 0.875022
1118.900000000 -3.16408 -10.0982 0 0 0 -0.51059 0.859824
1119.000000000 -3.17453 -10.1046 0 0 0 -0.53662 0.843824
1119.100000000 -3.18534 -10.1103 0 0 0 -0.562149 0.827036
1119.200000000 -3.19648 -10.1153 0 0 0 -0.587154 0.809476
1119.300000000 -3.20791 -10.1197 0 0 0 -0.61161 0.79116
1119.400000000 -3.21958 -10.1233 0 0 0 -0.635495 0.772105
1119.500000000 -3.23146 -10.1263 0 0 0 -0.658786 0.75233
1119.600000000 -3.24349 -10.1284 0 0 0 -0.681463 0.731852
1119.700000000 -3.25563 -10.1299 0 0 0 -0.703504 0.710692
1119.800000000 -3.26784 -10.1306 0 0 0 -0.724888 0.688867
1119.900000000 -3.28007 -10.1306 0 0 0 -0.745595 0.6664
1120.000000000 -3.29227 -10.1298 0 0 0 -0.765606 0.64331
1120.100000000 -3.3044 -10.1283 0 0 0 -0.784902 0.61962
1120.200000000 -3.31642 -10.126 0 0 0 -0.803465 0.595352
1120.300000000 -3.33334 -10.1215 0 0 0 -0.828767 0.559594
1120.400000000 -3.3498 -10.1155 0 0 0 -0.852478 0.522762
1120.500000000 -3.36568 -10.1081 0 0 0 0.874554 -0.484928
1120.600000000 -3.38084 -10.0994 0 0 0 0.894952 -0.446163
1120.700000000 -3.39518 -10.0893 0 0 0 0.913632 -0.406542
1120.800000000 -3.40859 -10.0781 0 0 0 0.93056 -0.36614
1120.900000000 -3.42096 -10.0657 0 0 0 0.945701 -0.325037
1121.000000000 -3.4322 -10.0522 0 0 0 0.959029 -0.283309
1121.100000000 -3.44222 -10.0379 0 0 0 0.970516 -0.241038
1121.200000000 -3.45095 -10.0227 0 0 0 0.98014 -0.198305
1121.300000000 -3.45832 -10.0068 0 0 0 0.987885 -0.155191
1121.400000000 -3.46426 -9.99034 0 0 0 0.993733 -0.111779
1121.500000000 -3.46874 -9.97341 0 0 0 0.997675 -0.0681526
1121.600000000 -3.47173 -9.95615 0 0 0 0.999702 -0.0243956
1121.700000000 -3.47319 -9.9387 0 0 0 0.999812 0.0194083
1121.800000000 -3.47312 -9.92119 0 0 0 0.998002 0.0631749
1121.900000000 -3.47152 -9.90375 0 0 0 0.994278 0.10682
1122.000000000 -3.46839 -9.88652 0 0 0 0.988646 0.150261
1122.100000000 -3.4878 -9.8649 0 0 0 0.982365 0.186972
1122.200000000 -3.51124 -9.84752 0 0 0 0.978663 0.205474
1122.300000000 -3.5384 -9.83073 0 0 0 0.976316 0.216351
1122.400000000 -3.56774 -9.8148 0 0 0 0.975193 0.221354
1122.500000000 -3.60237 -9.79836 0 0 0 0.97526 0.22106
1122.600000000 -3.67172 -9.77087 0 0 0 0.978 0.208606
1122.700000000 -3.7272 -9.75546 0 0 0 0.982248 0.187589
1122.800000000 -3.76957 -9.75129 0 0 0 0.987332 0.15867
1122.900000000 -3.81924 -9.7456 0 0 0 0.991042 0.133551
1123.000000000 -3.87131 -9.74134 0 0 0 0.993985 0.109517
1123.100000000 -3.92353 -9.73962 0 0 0 0.996345 0.0854183
1123.200000000 -3.97576 -9.74042 0 0 0 0.998121 0.0612698
1123.300000000 -4.02867 -9.74349 0 0 0 0.999297 0.0374783
1123.400000000 -4.08136 -9.74909 0 0 0 0.999907 0.0136657
1123.500000000 -4.13453 -9.75701 0 0 0 0.999952 -0.00976089
1123.600000000 -4.18886 -9.76712 0 0 0 0.999475 -0.0323922
1123.700000000 -4.24349 -9.77958 0 0 0 0.998508 -0.0546106
1123.800000000 -4.29751 -9.79445 0 0 0 0.997046 -0.0768021
1123.900000000 -4.35082 -9.81171 0 0 0 0.995092 -0.0989556
1124.000000000 -4.40331 -9.83132 0 0 0 0.992645 -0.12106
1124.100000000 -4.45487 -9.85325 0 0 0 0.989708 -0.143105
1124.200000000 -4.52285 -9.87905 0 0 0 0.987652 -0.156662
1124.300000000 -4.59301 -9.90572 0 0 0 0.98618 -0.165677
1124.400000000 -4.66274 -9.93346 0 0 0 0.984723 -0.17413
1124.500000000 -4.73199 -9.9624 0 0 0 0.983193 -0.182571
1124.600000000 -4.80073 -9.99251 0 0 0 0.98159 -0.190998
1124.700000000 -4.86894 -10.0238 0 0 0 0.979916 -0.199411
1124.800000000 -4.93661 -10.0563 0 0 0 0.978169 -0.207809
1124.900000000 -5.00371 -10.0899 0 0 0 0.976351 -0.216192
1125.000000000 -5.07022 -10.1246 0 0 0 0.97446 -0.224559
1125.100000000 -5.13613 -10.1605 0 0 0 0.972498 -0.23291
1125.200000000 -5.20389 -10.1927 0 0 0 0.973644 -0.228073
1125.300000000 -5.27228 -10.2236 0 0 0 0.975181 -0.221411
1125.400000000 -5.34109 -10.2535 0 0 0 0.976671 -0.214739
1125.500000000 -5.41031 -10.2825 0 0 0 0.978117 -0.208057
1125.600000000 -5.47991 -10.3105 0 0 0 0.979516 -0.201366
1125.700000000 -5.54989 -10.3376 0 0 0 0.98087 -0.194665
1125.800000000 -5.62023 -10.3637 0 0 0 0.982178 -0.187954
1125.900000000 -5.69092 -10.3888 0 0 0 0.98344 -0.181235
1126.000000000 -5.76194 -10.413 0 0 0 0.984637 -0.174612
1126.100000000 -5.83324 -10.4364 0 0 0 0.985746 -0.16824
1126.200000000 -5.88956 -10.4519 0 0 0 0.987377 -0.158388
1126.300000000 -5.94138 -10.465 0 0 0 0.988852 -0.148902
1126.400000000 -5.99182 -10.4766 0 0 0 0.990194 -0.139698
1126.500000000 -6.04083 -10.487 0 0 0 0.991411 -0.13078
1126.600000000 -6.08839 -10.4961 0 0 0 0.992512 -0.12215
1126.700000000 -6.13445 -10.5042 0 0 0 0.993503 -0.113808
1126.800000000 -6.2072 -10.5156 0 0 0 0.994922 -0.100649
1126.900000000 -6.28023 -10.5252 0 0 0 0.996167 -0.0874714
1127.000000000 -6.35349 -10.5328 0 0 0 0.997238 -0.074279
1127.100000000 -6.42692 -10.5384 0 0 0 0.998133 -0.0610735
1127.200000000 -6.50047 -10.5421 0 0 0 0.998854 -0.0478574
1127.300000000 -6.5741 -10.5439 0 0 0 0.9994 -0.0346328
1127.400000000 -6.64775 -10.5437 0 0 0 0.999771 -0.0214022
1127.500000000 -6.72137 -10.5415 0 0 0 0.999967 -0.00816789
1127.600000000 -6.7949 -10.5374 0 0 0 0.999987 0.00506789
1127.700000000 -6.8683 -10.5314 0 0 0 0.999832 0.0183028
1127.800000000 -6.94152 -10.5234 0 0 0 0.999503 0.0315345
1127.900000000 -7.0145 -10.5135 0 0 0 0.998998 0.0447606
1128.000000000 -7.08877 -10.5025 0 0 0 0.998459 0.0554873
1128.100000000 -7.16278 -10.4899 0 0 0 0.997806 0.0662076
1128.200000000 -7.237 -10.4791 0 0 0 0.997654 0.0684543
1128.300000000 -7.31122 -10.4683 0 0 0 0.997549 0.0699741
1128.400000000 -7.3854 -10.4572 0 0 0 0.997441 0.0714937
1128.500000000 -7.45954 -10.4459 0 0 0 0.997331 0.0730131
1128.600000000 -7.53365 -10.4344 0 0 0 0.997219 0.0745324
1128.700000000 -7.60773 -10.4226 0 0 0 0.997104 0.0760515
1128.800000000 -7.68177 -10.4107 0 0 0 0.996987 0.0775705
1128.900000000 -7.75577 -10.3985 0 0 0 0.996868 0.0790892
1129.000000000 -7.82973 -10.386 0 0 0 0.996746 0.0806078
1129.100000000 -7.90366 -10.3734 0 0 0 0.996622 0.0821262
1129.200000000 -7.97788 -10.3625 0 0 0 0.996915 0.07849
1129.300000000 -8.05218 -10.3522 0 0 0 0.997195 0.0748527
1129.400000000 -8.12655 -10.3425 0 0 0 0.997461 0.0712145
1129.500000000 -8.20099 -10.3333 0 0 0 0.997711 0.067616
1129.600000000 -8.27549 -10.3245 0 0 0 0.99794 0.0641476
1129.700000000 -8.35004 -10.3163 0 0 0 0.998153 0.0607439
1129.800000000 -8.42464 -10.3085 0 0 0 0.998347 0.0574704
1129.900000000 -8.49929 -10.3011 0 0 0 0.998523 0.0543272
1130.000000000 -8.57398 -10.2942 0 0 0 0.998686 0.051249
1130.100000000 -8.6487 -10.2877 0 0 0 0.998833 0.0483014
1130.200000000 -8.72182 -10.282 0 0 0 0.998994 0.0448391
1130.300000000 -8.79165 -10.2771 0 0 0 0.999137 0.0415337
1130.400000000 -8.85985 -10.2727 0 0 0 0.999266 0.0383066
1130.500000000 -8.92475 -10.2689 0 0 0 0.999379 0.0352365
1130.600000000 -8.98801 -10.2657 0 0 0 0.99948 0.0322448
1130.700000000 -9.04962 -10.2629 0 0 0 0.99957 0.0293316
1130.800000000 -9.10791 -10.2605 0 0 0 0.999647 0.0265756
1130.900000000 -9.16455 -10.2586 0 0 0 0.999714 0.0238982
1131.000000000 -9.21954 -10.257 0 0 0 0.999773 0.0212994
1131.100000000 -9.26954 -10.256 0 0 0 0.999828 0.0185399
1131.200000000 -9.31787 -10.2553 0 0 0 0.999874 0.0158722
1131.300000000 -9.36455 -10.2548 0 0 0 0.999912 0.0132965
1131.400000000 -9.40955 -10.2546 0 0 0 0.999942 0.0108127
1131.500000000 -9.45456 -10.2546 0 0 0 0.999965 0.00832875
1131.600000000 -9.4979 -10.2549 0 0 0 0.999982 0.00593679
1131.700000000 -9.53958 -10.2553 0 0 0 0.999993 0.00363679
1131.800000000 -9.57958 -10.2559 0 0 0 0.999999 0.00142878
1131.900000000 -9.61791 -10.2566 0 0 0 1 -0.000687241
1132.000000000 -9.65458 -10.2575 0 0 0 0.999996 -0.00271126
1132.100000000 -9.69124 -10.2585 0 0 0 0.999989 -0.00473526
1132.200000000 -9.7279 -10.2594 0 0 0 0.999981 -0.0061781
1132.300000000 -9.76289 -10.2603 0 0 0 0.999974 -0.00727909
1132.400000000 -9.79621 -10.2612 0 0 0 0.999965 -0.00832763
1132.500000000 -9.82953 -10.2622 0 0 0 0.999956 -0.00937617
1132.600000000 -9.86119 -10.2631 0 0 0 0.999946 -0.0103723
1132.700000000 -9.89117 -10.2641 0 0 0 0.999936 -0.0113159
1132.800000000 -9.92115 -10.2652 0 0 0 0.999925 -0.0122596
1132.900000000 -9.94947 -10.2663 0 0 0 0.999914 -0.0131508
1133.000000000 -9.97612 -10.2673 0 0 0 0.999902 -0.0139896
1133.100000000 -10.0028 -10.2684 0 0 0 0.99989 -0.0148284
1133.200000000 -10.0294 -10.2695 0 0 0 0.999877 -0.0156671
1133.300000000 -10.0561 -10.2707 0 0 0 0.999864 -0.0165059
1133.400000000 -10.0827 -10.2719 0 0 0 0.99985 -0.0173446
1133.500000000 -10.1093 -10.2731 0 0 0 0.999835 -0.0181834
1133.600000000 -10.1343 -10.2744 0 0 0 0.99982 -0.0189697
1133.700000000 -10.1593 -10.2756 0 0 0 0.999805 -0.0197559
1133.800000000 -10.1842 -10.2769 0 0 0 0.999789 -0.0205422
1133.900000000 -10.2092 -10.2783 0 0 0 0.999773 -0.0213285
1134.000000000 -10.2358 -10.2797 0 0 0 0.999759 -0.0219571
1134.100000000 -10.2608 -10.281 0 0 0 0.999746 -0.0225465
1134.200000000 -10.2858 -10.2823 0 0 0 0.999737 -0.0229392
1134.300000000 -10.3107 -10.2836 0 0 0 0.999728 -0.0233319
1134.400000000 -10.334 -10.2848 0 0 0 0.999719 -0.0236984
1134.500000000 -10.3573 -10.2861 0 0 0 0.99971 -0.024065
1134.600000000 -10.379 -10.2872 0 0 0 0.999702 -0.0244053
1134.700000000 -10.4006 -10.2884 0 0 0 0.999694 -0.0247457
1134.800000000 -10.4206 -10.2896 0 0 0 0.999686 -0.0250598
1134.900000000 -10.4405 -10.2907 0 0 0 0.999678 -0.025374
1135.000000000 -10.4605 -10.2918 0 0 0 0.99967 -0.0256882
1135.100000000 -10.4805 -10.293 0 0 0 0.999662 -0.0260023
1135.200000000 -10.5005 -10.2941 0 0 0 0.999658 -0.0261594
1135.300000000 -10.5437 -10.2965 0 0 0 0.999649 -0.0264996
1135.400000000 -10.5853 -10.2988 0 0 0 0.99964 -0.0268268
1135.500000000 -10.6602 -10.3031 0 0 0 0.999622 -0.0274811
1135.600000000 -10.7351 -10.3075 0 0 0 0.999605 -0.0281092
1135.700000000 -10.8099 -10.3119 0 0 0 0.999587 -0.0287373
1135.800000000 -10.8848 -10.3165 0 0 0 0.99957 -0.0293393
1135.900000000 -10.9597 -10.3212 0 0 0 0.999547 -0.0301122
1136.000000000 -11.0345 -10.326 0 0 0 0.999523 -0.0308852
1136.100000000 -11.1093 -10.331 0 0 0 0.999499 -0.0316581
1136.200000000 -11.1842 -10.3348 0 0 0 0.999568 -0.0294074
1136.300000000 -11.2592 -10.338 0 0 0 0.99965 -0.026449
1136.400000000 -11.3341 -10.3408 0 0 0 0.999724 -0.0234904
1136.500000000 -11.4091 -10.3432 0 0 0 0.999789 -0.0205316
1136.600000000 -11.4841 -10.3451 0 0 0 0.999846 -0.0175726
1136.700000000 -11.5591 -10.3465 0 0 0 0.999893 -0.0146135
1136.800000000 -11.6341 -10.3475 0 0 0 0.999932 -0.0116542
1136.900000000 -11.7091 -10.3481 0 0 0 0.999962 -0.0086948
1137.000000000 -11.7841 -10.3482 0 0 0 0.999984 -0.00573535
1137.100000000 -11.8591 -10.3473 0 0 0 0.999999 -0.00141718
1137.200000000 -11.9341 -10.3458 0 0 0 0.999996 0.00290102
1137.300000000 -12.0091 -10.3437 0 0 0 0.999974 0.00721916
1137.400000000 -12.084 -10.3408 0 0 0 0.999933 0.0115372
1137.500000000 -12.159 -10.3374 0 0 0 0.999874 0.015855
1137.600000000 -12.2339 -10.3333 0 0 0 0.999797 0.0201725
1137.700000000 -12.3087 -10.3285 0 0 0 0.9997 0.0244896
1137.800000000 -12.3836 -10.3237 0 0 0 0.999623 0.0274481
1137.900000000 -12.4584 -10.3178 0 0 0 0.999495 0.0317644
1138.000000000 -12.5331 -10.3114 0 0 0 0.999349 0.0360801
1138.100000000 -12.608 -10.3079 0 0 0 0.999516 0.0311117
1138.200000000 -12.6829 -10.3033 0 0 0 0.999516 0.0311117
1138.300000000 -12.7579 -10.3027 0 0 0 0.999782 0.0209002
1138.400000000 -12.8328 -10.2984 0 0 0 0.999715 0.023859
1138.500000000 -12.904 -10.2893 0 0 0 0.999276 0.0380336
1138.600000000 -12.9703 -10.2776 0 0 0 0.998516 0.0544564
1138.700000000 -13.0362 -10.2638 0 0 0 0.997486 0.0708645
1138.800000000 -13.1017 -10.2478 0 0 0 0.996186 0.0872534
1138.900000000 -13.1665 -10.2297 0 0 0 0.994617 0.103619
1139.000000000 -13.2307 -10.2095 0 0 0 0.992779 0.119956
1139.100000000 -13.2942 -10.1871 0 0 0 0.990673 0.136261
1139.200000000 -13.357 -10.1627 0 0 0 0.988299 0.152529
1139.300000000 -13.4189 -10.1362 0 0 0 0.985658 0.168756
1139.400000000 -13.4799 -10.1077 0 0 0 0.98275 0.184937
1139.500000000 -13.5399 -10.0772 0 0 0 0.979577 0.201069
1139.600000000 -13.5989 -10.0448 0 0 0 0.976139 0.217145
1139.700000000 -13.6568 -10.0104 0 0 0 0.972437 0.233164
1139.800000000 -13.7136 -9.97419 0 0 0 0.968473 0.249119
1139.900000000 -13.7691 -9.9361 0 0 0 0.964247 0.265007
1140.000000000 -13.8208 -9.89709 0 0 0 0.959395 0.282067
1140.100000000 -13.8703 -9.85659 0 0 0 0.954114 0.299443
1140.200000000 -13.9296 -9.81058 0 0 0 0.951171 0.308664
1140.300000000 -13.9882 -9.7636 0 0 0 0.948312 0.31734
1140.400000000 -14.0459 -9.71556 0 0 0 0.945374 0.325989
1140.500000000 -14.1026 -9.66648 0 0 0 0.942356 0.334611
1140.600000000 -14.1585 -9.61636 0 0 0 0.939261 0.343205
1140.700000000 -14.2135 -9.56524 0 0 0 0.936087 0.35177
1140.800000000 -14.2675 -9.51312 0 0 0 0.932834 0.360306
1140.900000000 -14.3205 -9.46002 0 0 0 0.929504 0.368812
1141.000000000 -14.3726 -9.40596 0 0 0 0.926097 0.377287
1141.100000000 -14.4237 -9.35096 0 0 0 0.922612 0.38573
1141.200000000 -14.4759 -9.29715 0 0 0 0.922023 0.387135
1141.300000000 -14.5282 -9.24339 0 0 0 0.921723 0.387848
1141.400000000 -14.5804 -9.18955 0 0 0 0.921423 0.388561
1141.500000000 -14.6325 -9.13563 0 0 0 0.921122 0.389273
1141.600000000 -14.6846 -9.08163 0 0 0 0.920821 0.389986
1141.700000000 -14.7366 -9.02755 0 0 0 0.920519 0.390698
1141.800000000 -14.7884 -8.97339 0 0 0 0.920217 0.391409
1141.900000000 -14.8402 -8.91915 0 0 0 0.919914 0.392121
1142.000000000 -14.8919 -8.86483 0 0 0 0.91961 0.392832
1142.100000000 -14.944 -8.81085 0 0 0 0.919914 0.392121
1142.200000000 -14.9962 -8.75696 0 0 0 0.920217 0.391409
1142.300000000 -15.0484 -8.70315 0 0 0 0.920519 0.390698
1142.400000000 -15.1007 -8.64942 0 0 0 0.920821 0.389986
1142.500000000 -15.1532 -8.59577 0 0 0 0.921122 0.389273
1142.600000000 -15.2057 -8.5422 0 0 0 0.921423 0.388561
1142.700000000 -15.2582 -8.48871 0 0 0 0.921723 0.387848
1142.800000000 -15.3109 -8.4353 0 0 0 0.922023 0.387135
1142.900000000 -15.3636 -8.38198 0 0 0 0.922322 0.386422
1143.000000000 -15.4164 -8.32873 0 0 0 0.922621 0.385709
1143.100000000 -15.4693 -8.27557 0 0 0 0.922919 0.384995
1143.200000000 -15.5223 -8.22249 0 0 0 0.923216 0.384281
1143.300000000 -15.5754 -8.16949 0 0 0 0.923513 0.383567
1143.400000000 -15.6286 -8.11658 0 0 0 0.923809 0.382853
1143.500000000 -15.6818 -8.06374 0 0 0 0.924105 0.382139
1143.600000000 -15.7351 -8.01099 0 0 0 0.9244 0.381424
1143.700000000 -15.7885 -7.95832 0 0 0 0.924695 0.380709
1143.800000000 -15.842 -7.90574 0 0 0 0.924989 0.379994
1143.900000000 -15.8955 -7.85323 0 0 0 0.925283 0.379278
1144.000000000 -15.9492 -7.80081 0 0 0 0.925576 0.378563
1144.100000000 -16.0027 -7.74825 0 0 0 0.925576 0.378563
1144.200000000 -16.0562 -7.6957 0 0 0 0.925576 0.378563
1144.300000000 -16.1097 -7.64314 0 0 0 0.925576 0.378563
1144.400000000 -16.1632 -7.59058 0 0 0 0.925576 0.378563
1144.500000000 -16.2167 -7.53802 0 0 0 0.925576 0.378563
1144.600000000 -16.2702 -7.48546 0 0 0 0.925576 0.378563
1144.700000000 -16.3237 -7.4329 0 0 0 0.925576 0.378563
1144.800000000 -16.3772 -7.38035 0 0 0 0.925576 0.378563
1144.900000000 -16.4307 -7.32779 0 0 0 0.925576 0.378563
1145.000000000 -16.4842 -7.27523 0 0 0 0.925576 0.378563
1145.100000000 -16.5377 -7.22267 0 0 0 0.925576 0.378563
1145.200000000 -16.5912 -7.17011 0 0 0 0.925576 0.378563
1145.300000000 -16.6447 -7.11755 0 0 0 0.925576 0.378563
1145.400000000 -16.6982 -7.065 0 0 0 0.925576 0.378563
1145.500000000 -16.7517 -7.01244 0 0 0 0.925576 0.378563
1145.600000000 -16.8052 -6.95988 0 0 0 0.925576 0.378563
1145.700000000 -16.8587 -6.90732 0 0 0 0.925576 0.378563
1145.800000000 -16.9088 -6.85131 0 0 0 0.920864 0.389883
1145.900000000 -16.9429 -6.80399 0 0 0 0.912458 0.409171
1146.000000000 -16.962 -6.76512 0 0 0 0.900227 0.43542
1146.100000000 -16.9651 -6.73698 0 0 0 0.883158 0.469075
1146.200000000 -16.9502 -6.72439 0 0 0 0.859391 0.511319
1146.300000000 -16.9332 -6.7145 0 0 0 0.833189 0.552988
1146.400000000 -16.9153 -6.70633 0 0 0 0.804969 0.593317
1146.500000000 -16.8967 -6.69996 0 0 0 0.774799 0.632208
1146.600000000 -16.8776 -6.69545 0 0 0 0.742751 0.669567
1146.700000000 -16.8581 -6.69284 0 0 0 0.708904 0.705305
1146.800000000 -16.8384 -6.69217 0 0 0 0.67334 0.739333
1146.900000000 -16.8188 -6.69342 0 0 0 0.636144 0.771571
1147.000000000 -16.7994 -6.6966 0 0 0 0.597407 0.801938
1147.100000000 -16.7804 -6.70168 0 0 0 0.557222 0.830363
1147.200000000 -16.762 -6.70859 0 0 0 0.515688 0.856777
1147.300000000 -16.7443 -6.71728 0 0 0 0.472904 0.881114
1147.400000000 -16.7276 -6.72767 0 0 0 0.428974 0.903317
1147.500000000 -16.712 -6.73964 0 0 0 0.384005 0.923331
1147.600000000 -16.6977 -6.7531 0 0 0 0.338106 0.941108
1147.700000000 -16.6847 -6.76789 0 0 0 0.291387 0.956605
1147.800000000 -16.6733 -6.78389 0 0 0 0.243963 0.969785
1147.900000000 -16.6635 -6.80094 0 0 0 0.195947 0.980614
1148.000000000 -16.6554 -6.81886 0 0 0 0.147457 0.989068
1148.100000000 -16.6491 -6.8375 0 0 0 0.0986093 0.995126
1148.200000000 -16.6217 -6.8472 0 0 0 0.0614837 0.998108
1148.300000000 -16.5923 -6.85799 0 0 0 0.0257012 0.99967
1148.400000000 -16.5638 -6.87085 0 0 0 -0.0101143 0.999949
1148.500000000 -16.5362 -6.88573 0 0 0 -0.0459168 0.998945
1148.600000000 -16.5098 -6.90254 0 0 0 -0.0816604 0.99666
1148.700000000 -16.4846 -6.92119 0 0 0 -0.117299 0.993097
1148.800000000 -16.4609 -6.9416 0 0 0 -0.152788 0.988259
1148.900000000 -16.4387 -6.96366 0 0 0 -0.18808 0.982154
1149.000000000 -16.4181 -6.98725 0 0 0 -0.223131 0.974788
1149.100000000 -16.3992 -7.01226 0 0 0 -0.257896 0.966173
1149.200000000 -16.3657 -7.04415 0 0 0 -0.284234 0.958755
1149.300000000 -16.3187 -7.08392 0 0 0 -0.30279 0.953057
1149.400000000 -16.2662 -7.12871 0 0 0 -0.317576 0.948233
1149.500000000 -16.2141 -7.17551 0 0 0 -0.331859 0.943329
1149.600000000 -16.1636 -7.22386 0 0 0 -0.346067 0.93821
1149.700000000 -16.1145 -7.27372 0 0 0 -0.360195 0.932877
1149.800000000 -16.0669 -7.32504 0 0 0 -0.374242 0.927331
1149.900000000 -16.0209 -7.37777 0 0 0 -0.388203 0.921574
1150.000000000 -15.9766 -7.43186 0 0 0 -0.402076 0.915606
1150.100000000 -15.9338 -7.48727 0 0 0 -0.415857 0.90943
1150.200000000 -15.8861 -7.54513 0 0 0 -0.41978 0.907626
1150.300000000 -15.8375 -7.60228 0 0 0 -0.41978 0.907626
1150.400000000 -15.789 -7.65943 0 0 0 -0.41978 0.907626
1150.500000000 -15.7404 -7.71658 0 0 0 -0.41978 0.907626
1150.600000000 -15.6918 -7.77373 0 0 0 -0.41978 0.907626
1150.700000000 -15.6433 -7.83088 0 0 0 -0.41978 0.907626
1150.800000000 -15.5947 -7.88803 0 0 0 -0.41978 0.907626
1150.900000000 -15.5461 -7.94518 0 0 0 -0.41978 0.907626
1151.000000000 -15.4976 -8.00233 0 0 0 -0.41978 0.907626
1151.100000000 -15.449 -8.05948 0 0 0 -0.41978 0.907626
1151.200000000 -15.4004 -8.11663 0 0 0 -0.41978 0.907626
1151.300000000 -15.3519 -8.17378 0 0 0 -0.41978 0.907626
1151.400000000 -15.3033 -8.23093 0 0 0 -0.41978 0.907626
1151.500000000 -15.2547 -8.28808 0 0 0 -0.41978 0.907626
1151.600000000 -15.2062 -8.34523 0 0 0 -0.41978 0.907626
1151.700000000 -15.1576 -8.40238 0 0 0 -0.41978 0.907626
1151.800000000 -15.109 -8.45953 0 0 0 -0.41978 0.907626
1151.900000000 -15.0604 -8.51668 0 0 0 -0.41978 0.907626
1152.000000000 -15.0119 -8.57383 0 0 0 -0.41978 0.907626
1152.100000000 -14.9671 -8.63411 0 0 0 -0.430877 0.902411
1152.200000000 -14.9373 -8.68431 0 0 0 -0.449768 0.893146
1152.300000000 -14.9218 -8.72474 0 0 0 -0.475441 0.879748
1152.400000000 -14.9213 -8.75304 0 0 0 -0.508294 0.861184
1152.500000000 -14.9335 -8.76869 0 0 0 -0.547091 0.837073
1152.600000000 -14.9478 -8.78202 0 0 0 -0.585289 0.810825
1152.700000000 -14.9634 -8.79396 0 0 0 -0.62223 0.782834
1152.800000000 -14.98 -8.80441 0 0 0 -0.657835 0.753162
1152.900000000 -14.9975 -8.81328 0 0 0 -0.692027 0.721872
1153.000000000 -15.0157 -8.82049 0 0 0 -0.724732 0.689031
1153.100000000 -15.0345 -8.82598 0 0 0 -0.75588 0.654711
1153.200000000 -15.0526 -8.85246 0 0 0 -0.77855 0.627583
1153.300000000 -15.0728 -8.8949 0 0 0 -0.795189 0.606361
1153.400000000 -15.0955 -8.93781 0 0 0 -0.810789 0.585339
1153.500000000 -15.1203 -8.97948 0 0 0 -0.825833 0.563915
1153.600000000 -15.1473 -9.01979 0 0 0 -0.840311 0.542105
1153.700000000 -15.1764 -9.05863 0 0 0 -0.854213 0.519923
1153.800000000 -15.2074 -9.09589 0 0 0 0.86753 -0.497385
1153.900000000 -15.2404 -9.13148 0 0 0 0.880252 -0.474506
1154.000000000 -15.2752 -9.1653 0 0 0 0.892371 -0.451302
1154.100000000 -15.3117 -9.19725 0 0 0 0.903879 -0.427789
1154.200000000 -15.3576 -9.24179 0 0 0 0.911498 -0.411304
1154.300000000 -15.4101 -9.29543 0 0 0 0.915437 -0.402462
1154.400000000 -15.4633 -9.34836 0 0 0 0.918856 -0.394594
1154.500000000 -15.5174 -9.40036 0 0 0 0.922207 -0.386698
1154.600000000 -15.5724 -9.45143 0 0 0 0.92549 -0.378773
1154.700000000 -15.6283 -9.50154 0 0 0 0.928705 -0.37082
1154.800000000 -15.685 -9.55069 0 0 0 0.931851 -0.36284
1154.900000000 -15.7425 -9.59886 0 0 0 0.93493 -0.354833
1155.000000000 -15.8009 -9.64604 0 0 0 0.937939 -0.3468
1155.100000000 -15.8601 -9.6922 0 0 0 0.940879 -0.338742
1155.200000000 -15.9175 -9.74048 0 0 0 0.940362 -0.340175
1155.300000000 -15.9744 -9.78937 0 0 0 0.939351 -0.342957
1155.400000000 -16.0309 -9.8386 0 0 0 0.938332 -0.345735
1155.500000000 -16.0872 -9.88816 0 0 0 0.937305 -0.348511
1155.600000000 -16.1432 -9.93805 0 0 0 0.936269 -0.351283
1155.700000000 -16.199 -9.98827 0 0 0 0.935226 -0.354053
1155.800000000 -16.2544 -10.0388 0 0 0 0.934174 -0.356819
1155.900000000 -16.3095 -10.0897 0 0 0 0.933114 -0.359582
1156.000000000 -16.3643 -10.1409 0 0 0 0.932045 -0.362342
1156.100000000 -16.419 -10.1922 0 0 0 0.931227 -0.36444
1156.200000000 -16.4734 -10.2438 0 0 0 0.930404 -0.366536
1156.300000000 -16.5277 -10.2956 0 0 0 0.929576 -0.36863
1156.400000000 -16.5817 -10.3477 0 0 0 0.928744 -0.370722
1156.500000000 -16.6354 -10.4 0 0 0 0.927907 -0.372812
1156.600000000 -16.689 -10.4525 0 0 0 0.927065 -0.374901
1156.700000000 -16.7423 -10.5053 0 0 0 0.926218 -0.376987
1156.800000000 -16.7953 -10.5583 0 0 0 0.925367 -0.379072
1156.900000000 -16.8481 -10.6116 0 0 0 0.924511 -0.381155
1157.000000000 -16.9007 -10.6651 0 0 0 0.923651 -0.383236
1157.100000000 -16.953 -10.7188 0 0 0 0.922785 -0.385314
1157.200000000 -17.0051 -10.7727 0 0 0 0.921915 -0.387391
1157.300000000 -17.057 -10.8269 0 0 0 0.921041 -0.389466
1157.400000000 -17.1086 -10.8814 0 0 0 0.920161 -0.391539
1157.500000000 -17.1599 -10.936 0 0 0 0.919277 -0.39361
1157.600000000 -17.211 -10.9909 0 0 0 0.918389 -0.395679
1157.700000000 -17.2619 -11.0461 0 0 0 0.917495 -0.397746
1157.800000000 -17.3131 -11.1008 0 0 0 0.917495 -0.397746
1157.900000000 -17.3644 -11.1555 0 0 0 0.917495 -0.397746
1158.000000000 -17.4157 -11.2103 0 0 0 0.917495 -0.397746
1158.100000000 -17.467 -11.265 0 0 0 0.917495 -0.397746
1158.200000000 -17.5182 -11.3198 0 0 0 0.917495 -0.397746
1158.300000000 -17.5695 -11.3745 0 0 0 0.917495 -0.397746
1158.400000000 -17.6208 -11.4292 0 0 0 0.917495 -0.397746
1158.500000000 -17.672 -11.484 0 0 0 0.917495 -0.397746
1158.600000000 -17.7233 -11.5387 0 0 0 0.917495 -0.397746
1158.700000000 -17.7746 -11.5935 0 0 0 0.917495 -0.397746
1158.800000000 -17.8258 -11.6482 0 0 0 0.917495 -0.397746
1158.900000000 -17.8771 -11.7029 0 0 0 0.917495 -0.397746
1159.000000000 -17.9284 -11.7577 0 0 0 0.917495 -0.397746
1159.100000000 -17.9797 -11.8124 0 0 0 0.917495 -0.397746
1159.200000000 -18.0284 -11.8695 0 0 0 0.91405 -0.405602
1159.300000000 -18.0758 -11.9277 0 0 0 0.910081 -0.414431
1159.400000000 -18.1221 -11.9868 0 0 0 0.906027 -0.423221
1159.500000000 -18.1673 -12.0467 0 0 0 0.901887 -0.431971
1159.600000000 -18.2112 -12.1076 0 0 0 0.897664 -0.440681
1159.700000000 -18.254 -12.1692 0 0 0 0.893356 -0.44935
1159.800000000 -18.2956 -12.2317 0 0 0 0.888965 -0.457976
1159.900000000 -18.336 -12.295 0 0 0 0.88449 -0.46656
1160.000000000 -18.3751 -12.3591 0 0 0 0.879932 -0.475099
1160.100000000 -18.413 -12.4239 0 0 0 0.875292 -0.483595
1160.200000000 -18.4487 -12.4899 0 0 0 0.869297 -0.494291
1160.300000000 -18.4828 -12.5568 0 0 0 -0.86317 0.504913
1160.400000000 -18.5153 -12.6246 0 0 0 -0.856915 0.515458
1160.500000000 -18.5461 -12.6931 0 0 0 -0.85053 0.525927
1160.600000000 -18.5751 -12.7623 0 0 0 -0.844017 0.536316
1160.700000000 -18.6025 -12.8322 0 0 0 -0.837378 0.546625
1160.800000000 -18.6282 -12.9028 0 0 0 -0.830612 0.556851
1160.900000000 -18.6521 -12.974 0 0 0 -0.823722 0.566994
1161.000000000 -18.6743 -13.0457 0 0 0 -0.816708 0.577051
1161.100000000 -18.6947 -13.118 0 0 0 -0.809571 0.587022
1161.200000000 -18.7125 -13.1895 0 0 0 -0.80173 0.597686
1161.300000000 -18.7284 -13.2614 0 0 0 -0.79375 0.608245
1161.400000000 -18.7424 -13.3337 0 0 0 -0.78563 0.618697
1161.500000000 -18.7545 -13.4063 0 0 0 -0.777372 0.629041
1161.600000000 -18.7646 -13.4793 0 0 0 -0.768978 0.639275
1161.700000000 -18.7728 -13.5525 0 0 0 -0.76045 0.649397
1161.800000000 -18.7791 -13.6259 0 0 0 -0.751788 0.659405
1161.900000000 -18.7834 -13.6994 0 0 0 -0.742995 0.669297
1162.000000000 -18.7858 -13.773 0 0 0 -0.734071 0.679073
1162.100000000 -18.7863 -13.8466 0 0 0 -0.725019 0.688729
1162.200000000 -18.7869 -13.9217 0 0 0 -0.719479 0.694514
1162.300000000 -18.7866 -13.9967 0 0 0 -0.714299 0.699841
1162.400000000 -18.7851 -14.0717 0 0 0 -0.70908 0.705128
1162.500000000 -18.7826 -14.1467 0 0 0 -0.703821 0.710377
1162.600000000 -18.7789 -14.2217 0 0 0 -0.698524 0.715587
1162.700000000 -18.7741 -14.2966 0 0 0 -0.693188 0.720757
1162.800000000 -18.7683 -14.3714 0 0 0 -0.687814 0.725887
1162.900000000 -18.7613 -14.4461 0 0 0 -0.682402 0.730977
1163.000000000 -18.7531 -14.5207 0 0 0 -0.676952 0.736027
1163.100000000 -18.7439 -14.5951 0 0 0 -0.671465 0.741036
1163.200000000 -18.7336 -14.6695 0 0 0 -0.665941 0.746004
1163.300000000 -18.7222 -14.7436 0 0 0 -0.66038 0.750931
1163.400000000 -18.7096 -14.8176 0 0 0 -0.654783 0.755817
1163.500000000 -18.696 -14.8914 0 0 0 -0.649149 0.760661
1163.600000000 -18.6813 -14.965 0 0 0 -0.64348 0.765463
1163.700000000 -18.6655 -15.0383 0 0 0 -0.637775 0.770223
1163.800000000 -18.6539 -15.1125 0 0 0 -0.642561 0.766235
1163.900000000 -18.6487 -15.1796 0 0 0 -0.655071 0.755568
1164.000000000 -18.6513 -15.231 0 0 0 -0.673463 0.739221
1164.100000000 -18.658 -15.2768 0 0 0 -0.693436 0.720518
1164.200000000 -18.6678 -15.3198 0 0 0 -0.713727 0.700424
1164.300000000 -18.68 -15.3621 0 0 0 -0.733436 0.679759
1164.400000000 -18.6946 -15.4037 0 0 0 -0.752547 0.658539
1164.500000000 -18.7116 -15.4444 0 0 0 -0.771044 0.636782
1164.600000000 -18.7308 -15.484 0 0 0 -0.788912 0.614506
1164.700000000 -18.7523 -15.5225 0 0 0 -0.806137 0.591729
1164.800000000 -18.776 -15.5596 0 0 0 -0.822705 0.568469
1164.900000000 -18.8017 -15.5954 0 0 0 -0.838602 0.544745
1165.000000000 -18.8294 -15.6297 0 0 0 -0.853814 0.520578
1165.100000000 -18.8591 -15.6623 0 0 0 0.868331 -0.495985
1165.200000000 -18.8959 -15.7085 0 0 0 0.878381 -0.477962
1165.300000000 -18.9369 -15.7587 0 0 0 0.88672 -0.462308
1165.400000000 -18.9799 -15.8083 0 0 0 0.894589 -0.446891
1165.500000000 -19.0278 -15.8629 0 0 0 0.900632 -0.434583
1165.600000000 -19.0772 -15.9163 0 0 0 0.906506 -0.422193
1165.700000000 -19.1286 -15.9691 0 0 0 0.912015 -0.410157
1165.800000000 -19.1813 -16.0205 0 0 0 0.917363 -0.398051
1165.900000000 -19.2348 -16.0697 0 0 0 0.922735 -0.385435
1166.000000000 -19.2902 -16.1183 0 0 0 0.927756 -0.373188
1166.100000000 -19.3469 -16.1653 0 0 0 0.932614 -0.360876
1166.200000000 -19.4048 -16.2109 0 0 0 0.937309 -0.348501
1166.300000000 -19.4644 -16.2556 0 0 0 0.941676 -0.33652
1166.400000000 -19.5252 -16.2988 0 0 0 0.945891 -0.324484
1166.500000000 -19.5874 -16.341 0 0 0 0.949799 -0.312861
1166.600000000 -19.6506 -16.3816 0 0 0 0.953564 -0.301192
1166.700000000 -19.7148 -16.4206 0 0 0 0.957185 -0.289477
1166.800000000 -19.7799 -16.4581 0 0 0 0.960662 -0.277719
1166.900000000 -19.8457 -16.4941 0 0 0 0.963863 -0.266399
1167.000000000 -19.9125 -16.5285 0 0 0 0.96693 -0.255043
1167.100000000 -19.9799 -16.5616 0 0 0 0.969739 -0.244143
1167.200000000 -20.048 -16.5931 0 0 0 0.972426 -0.233212
1167.300000000 -20.1169 -16.6231 0 0 0 0.974989 -0.222252
1167.400000000 -20.1864 -16.6515 0 0 0 0.977429 -0.211264
1167.500000000 -20.2565 -16.6783 0 0 0 0.979745 -0.200248
1167.600000000 -20.3271 -16.7038 0 0 0 0.981839 -0.189714
1167.700000000 -20.3983 -16.7277 0 0 0 0.98382 -0.179158
1167.800000000 -20.4699 -16.7503 0 0 0 0.985599 -0.169099
1167.900000000 -20.5418 -16.7717 0 0 0 0.98719 -0.159551
1168.000000000 -20.6142 -16.7916 0 0 0 0.988688 -0.149988
1168.100000000 -20.6869 -16.8102 0 0 0 0.990093 -0.14041
1168.200000000 -20.76 -16.8273 0 0 0 0.991406 -0.13082
1168.300000000 -20.8333 -16.8434 0 0 0 0.992492 -0.122311
1168.400000000 -20.9069 -16.8583 0 0 0 0.993505 -0.113793
1168.500000000 -20.9806 -16.8721 0 0 0 0.994384 -0.105831
1168.600000000 -21.0546 -16.8848 0 0 0 0.9952 -0.0978628
1168.700000000 -21.1288 -16.8962 0 0 0 0.995952 -0.0898882
1168.800000000 -21.2031 -16.9065 0 0 0 0.99664 -0.0819078
1168.900000000 -21.2776 -16.9158 0 0 0 0.997221 -0.0745009
1169.000000000 -21.3521 -16.924 0 0 0 0.997747 -0.0670898
1169.100000000 -21.4268 -16.9311 0 0 0 0.998218 -0.0596751
1169.200000000 -21.5016 -16.9373 0 0 0 0.998602 -0.0528495
1169.300000000 -21.5764 -16.9428 0 0 0 0.998912 -0.0466277
1169.400000000 -21.6513 -16.9473 0 0 0 0.999183 -0.0404042
1169.500000000 -21.7263 -16.9511 0 0 0 0.999394 -0.0348001
1169.600000000 -21.8012 -16.9541 0 0 0 0.999574 -0.029195
1169.700000000 -21.8762 -16.9564 0 0 0 0.999707 -0.0242256
1169.800000000 -21.9512 -16.9581 0 0 0 0.999815 -0.0192555
1169.900000000 -22.0262 -16.959 0 0 0 0.999898 -0.014285
1170.000000000 -22.1012 -16.9592 0 0 0 0.999957 -0.00931413
1170.100000000 -22.1762 -16.9586 0 0 0 0.999991 -0.00434303
1170.200000000 -22.2512 -16.9575 0 0 0 1 -2.48443e-05
1170.300000000 -22.3209 -16.9514 0 0 0 0.999886 0.0150764
1170.400000000 -22.3721 -16.9408 0 0 0 0.999284 0.0378431
1170.500000000 -22.4078 -16.9255 0 0 0 0.997602 0.0692156
1170.600000000 -22.423 -16.9069 0 0 0 0.993941 0.109914
1170.700000000 -22.4193 -16.8876 0 0 0 0.987329 0.158689
1170.800000000 -22.4137 -16.8687 0 0 0 0.978324 0.207081
1170.900000000 -22.4062 -16.8505 0 0 0 0.966949 0.25497
1171.000000000 -22.397 -16.8331 0 0 0 0.953231 0.302241
1171.100000000 -22.3862 -16.8167 0 0 0 0.937204 0.348781
1171.200000000 -22.3738 -16.8015 0 0 0 0.918907 0.394475
1171.300000000 -22.3599 -16.7875 0 0 0 0.898383 0.439214
1171.400000000 -22.3447 -16.775 0 0 0 0.875682 0.482888
1171.500000000 -22.3284 -16.764 0 0 0 0.85086 0.525393
1171.600000000 -22.3111 -16.7547 0 0 0 0.823976 0.566624
1171.700000000 -22.293 -16.7471 0 0 0 0.795096 0.606483
1171.800000000 -22.2742 -16.7414 0 0 0 0.76429 0.644873
1171.900000000 -22.2549 -16.7375 0 0 0 0.731632 0.6817
1172.000000000 -22.2353 -16.7355 0 0 0 0.697201 0.716875
1172.100000000 -22.2156 -16.7355 0 0 0 0.661082 0.750314
1172.200000000 -22.1975 -16.7157 0 0 0 0.631523 0.775357
1172.300000000 -22.1779 -16.6963 0 0 0 0.601421 0.798932
1172.400000000 -22.1569 -16.6785 0 0 0 0.57044 0.821339
1172.500000000 -22.1346 -16.6623 0 0 0 0.538626 0.842545
1172.600000000 -22.1111 -16.6479 0 0 0 0.506024 0.86252
1172.700000000 -22.0865 -16.6354 0 0 0 0.472682 0.881233
1172.800000000 -22.0611 -16.6247 0 0 0 0.438649 0.898658
1172.900000000 -22.0349 -16.616 0 0 0 0.403975 0.91477
1173.000000000 -22.0082 -16.6093 0 0 0 0.36871 0.929544
1173.100000000 -21.981 -16.6047 0 0 0 0.332907 0.94296
1173.200000000 -21.9418 -16.5882 0 0 0 0.305079 0.952327
1173.300000000 -21.8938 -16.5656 0 0 0 0.282309 0.959324
1173.400000000 -21.8449 -16.5454 0 0 0 0.259379 0.965776
1173.500000000 -21.795 -16.5275 0 0 0 0.236302 0.97168
1173.600000000 -21.7443 -16.5121 0 0 0 0.21309 0.977032
1173.700000000 -21.6929 -16.499 0 0 0 0.189758 0.981831
1173.800000000 -21.641 -16.4884 0 0 0 0.166318 0.986072
1173.900000000 -21.5893 -16.4807 0 0 0 0.142395 0.98981
1174.000000000 -21.5345 -16.4741 0 0 0 0.119954 0.992779
1174.100000000 -21.4793 -16.4699 0 0 0 0.0974521 0.99524
1174.200000000 -21.4081 -16.4615 0 0 0 0.0833287 0.996522
1174.300000000 -21.3335 -16.4531 0 0 0 0.073145 0.997321
1174.400000000 -21.2587 -16.446 0 0 0 0.0634877 0.997983
1174.500000000 -21.1839 -16.4404 0 0 0 0.0538244 0.99855
1174.600000000 -21.1089 -16.4361 0 0 0 0.0441561 0.999025
1174.700000000 -21.0339 -16.4334 0 0 0 0.0344837 0.999405
1174.800000000 -20.9589 -16.4321 0 0 0 0.024808 0.999692
1174.900000000 -20.8838 -16.4322 0 0 0 0.01513 0.999886
1175.000000000 -20.8088 -16.4338 0 0 0 0.00545053 0.999985
1175.100000000 -20.7338 -16.4369 0 0 0 -0.00422942 0.999991
1175.200000000 -20.6588 -16.4414 0 0 0 -0.013909 0.999903
1175.300000000 -20.584 -16.4474 0 0 0 -0.0235872 0.999722
1175.400000000 -20.5093 -16.4548 0 0 0 -0.0332632 0.999447
1175.500000000 -20.4348 -16.4636 0 0 0 -0.0429361 0.999078
1175.600000000 -20.3604 -16.4739 0 0 0 -0.052605 0.998615
1175.700000000 -20.2863 -16.4856 0 0 0 -0.062269 0.998059
1175.800000000 -20.2124 -16.4988 0 0 0 -0.0719271 0.99741
1175.900000000 -20.1388 -16.5134 0 0 0 -0.0815785 0.996667
1176.000000000 -20.079 -16.5309 0 0 0 -0.100497 0.994937
1176.100000000 -20.0363 -16.5506 0 0 0 -0.127289 0.991866
1176.200000000 -20.012 -16.5716 0 0 0 -0.162269 0.986746
1176.300000000 -20.0118 -16.5912 0 0 0 -0.207817 0.978168
1176.400000000 -20.0193 -16.6094 0 0 0 -0.255697 0.966757
1176.500000000 -20.0285 -16.6267 0 0 0 -0.302959 0.953004
1176.600000000 -20.0394 -16.6431 0 0 0 -0.349486 0.936942
1176.700000000 -20.0518 -16.6584 0 0 0 -0.395166 0.91861
1176.800000000 -20.0657 -16.6723 0 0 0 -0.43989 0.898052
1176.900000000 -20.0809 -16.6848 0 0 0 -0.483547 0.875318
1177.000000000 -20.0972 -16.6958 0 0 0 -0.526033 0.850464
1177.100000000 -20.1145 -16.7051 0 0 0 -0.567244 0.82355
1177.200000000 -20.1195 -16.7337 0 0 0 -0.597519 0.801855
1177.300000000 -20.1215 -16.7717 0 0 0 -0.622742 0.782427
1177.400000000 -20.1254 -16.8104 0 0 0 -0.647014 0.762478
1177.500000000 -20.1316 -16.8495 0 0 0 -0.670337 0.742057
1177.600000000 -20.1401 -16.8882 0 0 0 -0.693017 0.720922
1177.700000000 -20.151 -16.9263 0 0 0 -0.71503 0.699094
1177.800000000 -20.1642 -16.9636 0 0 0 -0.736356 0.676594
1177.900000000 -20.1797 -17 0 0 0 -0.756975 0.653444
1178.000000000 -20.1975 -17.0354 0 0 0 -0.776866 0.629666
1178.100000000 -20.2176 -17.0861 0 0 0 -0.791161 0.611608
1178.200000000 -20.2411 -17.1529 0 0 0 -0.800033 0.599956
1178.300000000 -20.2668 -17.223 0 0 0 -0.807619 0.589705
1178.400000000 -20.2943 -17.2928 0 0 0 -0.814789 0.579758
1178.500000000 -20.3235 -17.362 0 0 0 -0.821836 0.569724
1178.600000000 -20.3544 -17.4305 0 0 0 -0.82876 0.559604
1178.700000000 -20.3869 -17.4982 0 0 0 -0.835559 0.5494
1178.800000000 -20.4211 -17.565 0 0 0 -0.842233 0.539114
1178.900000000 -20.457 -17.631 0 0 0 -0.84878 0.528746
1179.000000000 -20.4944 -17.6961 0 0 0 -0.8552 0.518299
1179.100000000 -20.5334 -17.7603 0 0 0 -0.86149 0.507774
1179.200000000 -20.5698 -17.8259 0 0 0 -0.86149 0.507774
1179.300000000 -20.6046 -17.8924 0 0 0 -0.85929 0.511489
1179.400000000 -20.6386 -17.9592 0 0 0 -0.856736 0.515755
1179.500000000 -20.6719 -18.0264 0 0 0 -0.854162 0.520007
1179.600000000 -20.7046 -18.094 0 0 0 -0.851566 0.524247
1179.700000000 -20.7366 -18.1618 0 0 0 -0.84895 0.528474
1179.800000000 -20.7679 -18.23 0 0 0 -0.846312 0.532688
1179.900000000 -20.7985 -18.2985 0 0 0 -0.843653 0.536888
1180.000000000 -20.8285 -18.3672 0 0 0 -0.840974 0.541075
1180.100000000 -20.8578 -18.4363 0 0 0 -0.838274 0.545249
1180.200000000 -20.884 -18.5066 0 0 0 -0.832083 0.55465
1180.300000000 -20.9085 -18.5776 0 0 0 -0.825502 0.5644
1180.400000000 -20.9313 -18.6492 0 0 0 -0.818806 0.574071
1180.500000000 -20.9525 -18.7212 0 0 0 -0.811996 0.583663
1180.600000000 -20.9719 -18.7938 0 0 0 -0.805074 0.593174
1180.700000000 -20.9896 -18.8667 0 0 0 -0.798041 0.602603
1180.800000000 -21.0056 -18.9401 0 0 0 -0.790898 0.611948
1180.900000000 -21.0198 -19.0138 0 0 0 -0.783645 0.621209
1181.000000000 -21.0324 -19.0879 0 0 0 -0.776283 0.630384
1181.100000000 -21.0431 -19.1622 0 0 0 -0.768814 0.639472
1181.200000000 -21.0522 -19.2367 0 0 0 -0.761239 0.648471
1181.300000000 -21.0594 -19.3115 0 0 0 -0.753558 0.657381
1181.400000000 -21.0649 -19.3864 0 0 0 -0.745774 0.666199
1181.500000000 -21.0687 -19.4614 0 0 0 -0.737886 0.674926
1181.600000000 -21.0707 -19.5364 0 0 0 -0.729895 0.683559
1181.700000000 -21.0709 -19.6115 0 0 0 -0.721804 0.692097
1181.800000000 -21.0693 -19.6866 0 0 0 -0.713613 0.70054
1181.900000000 -21.066 -19.7616 0 0 0 -0.705324 0.708886
1182.000000000 -21.0609 -19.8365 0 0 0 -0.696936 0.717133
1182.100000000 -21.0547 -19.9113 0 0 0 -0.689574 0.724215
1182.200000000 -21.0499 -19.9862 0 0 0 -0.687428 0.726252
1182.300000000 -21.0448 -20.061 0 0 0 -0.685791 0.727799
1182.400000000 -21.0395 -20.1358 0 0 0 -0.68415 0.729341
1182.500000000 -21.0338 -20.2106 0 0 0 -0.682506 0.73088
1182.600000000 -21.0278 -20.2854 0 0 0 -0.680859 0.732415
1182.700000000 -21.0214 -20.3601 0 0 0 -0.679208 0.733946
1182.800000000 -21.0147 -20.4348 0 0 0 -0.677554 0.735473
1182.900000000 -21.0077 -20.5095 0 0 0 -0.675896 0.736997
1183.000000000 -21.0003 -20.5841 0 0 0 -0.674235 0.738517
1183.100000000 -20.9926 -20.6587 0 0 0 -0.67257 0.740034
1183.200000000 -20.9858 -20.7334 0 0 0 -0.673142 0.739513
1183.300000000 -20.979 -20.8081 0 0 0 -0.673714 0.738993
1183.400000000 -20.9724 -20.8828 0 0 0 -0.674285 0.738471
1183.500000000 -20.9659 -20.9576 0 0 0 -0.674856 0.73795
1183.600000000 -20.9596 -21.0323 0 0 0 -0.675426 0.737428
1183.700000000 -20.9533 -21.107 0 0 0 -0.675996 0.736905
1183.800000000 -20.9471 -21.1818 0 0 0 -0.676566 0.736382
1183.900000000 -20.9411 -21.2565 0 0 0 -0.677135 0.735859
1184.000000000 -20.9352 -21.3313 0 0 0 -0.677704 0.735335
1184.100000000 -20.9294 -21.4061 0 0 0 -0.678272 0.73481
1184.200000000 -20.9237 -21.4809 0 0 0 -0.678841 0.734286
1184.300000000 -20.9181 -21.5557 0 0 0 -0.679408 0.733761
1184.400000000 -20.9127 -21.6305 0 0 0 -0.679975 0.733235
1184.500000000 -20.9074 -21.7053 0 0 0 -0.680542 0.732709
1184.600000000 -20.9021 -21.7801 0 0 0 -0.681109 0.732182
1184.700000000 -20.897 -21.8549 0 0 0 -0.681675 0.731655
1184.800000000 -20.892 -21.9297 0 0 0 -0.68224 0.731128
1184.900000000 -20.8872 -22.0046 0 0 0 -0.682805 0.7306
1185.000000000 -20.8824 -22.0794 0 0 0 -0.68337 0.730072
1185.100000000 -20.8786 -22.1543 0 0 0 -0.685528 0.728046
1185.200000000 -20.8753 -22.2293 0 0 0 -0.68768 0.726014
1185.300000000 -20.8724 -22.3042 0 0 0 -0.689825 0.723976
1185.400000000 -20.87 -22.3792 0 0 0 -0.691965 0.721931
1185.500000000 -20.868 -22.4542 0 0 0 -0.694098 0.71988
1185.600000000 -20.8664 -22.5292 0 0 0 -0.696226 0.717823
1185.700000000 -20.8653 -22.6042 0 0 0 -0.698347 0.715759
1185.800000000 -20.8647 -22.6792 0 0 0 -0.700462 0.713689
1185.900000000 -20.8645 -22.7542 0 0 0 -0.702572 0.711613
1186.000000000 -20.8647 -22.8292 0 0 0 -0.704674 0.709531
1186.100000000 -20.8645 -22.9042 0 0 0 -0.705223 0.708986
1186.200000000 -20.8644 -22.9792 0 0 0 -0.705771 0.70844
1186.300000000 -20.8644 -23.0542 0 0 0 -0.706319 0.707894
1186.400000000 -20.8646 -23.1292 0 0 0 -0.706866 0.707348
1186.500000000 -20.8648 -23.2042 0 0 0 -0.707413 0.706801
1186.600000000 -20.8652 -23.2792 0 0 0 -0.707959 0.706253
1186.700000000 -20.8657 -23.3542 0 0 0 -0.708505 0.705706
1186.800000000 -20.8663 -23.4292 0 0 0 -0.709051 0.705158
1186.900000000 -20.867 -23.5042 0 0 0 -0.709596 0.704609
1187.000000000 -20.8678 -23.5792 0 0 0 -0.71014 0.70406
1187.100000000 -20.8688 -23.6542 0 0 0 -0.710684 0.703512
1187.200000000 -20.8699 -23.7292 0 0 0 -0.711228 0.702962
1187.300000000 -20.8711 -23.8041 0 0 0 -0.711771 0.702412
1187.400000000 -20.8724 -23.8791 0 0 0 -0.712314 0.701861
1187.500000000 -20.8738 -23.9541 0 0 0 -0.712857 0.70131
1187.600000000 -20.8753 -24.0291 0 0 0 -0.713399 0.700758
1187.700000000 -20.877 -24.1041 0 0 0 -0.71394 0.700206
1187.800000000 -20.8787 -24.1791 0 0 0 -0.714482 0.699654
1187.900000000 -20.8806 -24.254 0 0 0 -0.715023 0.699101
1188.000000000 -20.8826 -24.329 0 0 0 -0.715563 0.698548
1188.100000000 -20.8847 -24.404 0 0 0 -0.716103 0.697995
1188.200000000 -20.887 -24.479 0 0 0 -0.716642 0.697441
1188.300000000 -20.891 -24.5539 0 0 0 -0.720101 0.69387
1188.400000000 -20.8957 -24.6287 0 0 0 -0.723541 0.690281
1188.500000000 -20.9013 -24.7035 0 0 0 -0.726964 0.686676
1188.600000000 -20.9075 -24.7783 0 0 0 -0.730368 0.683053
1188.700000000 -20.9145 -24.853 0 0 0 -0.733755 0.679414
1188.800000000 -20.9223 -24.9276 0 0 0 -0.737123 0.675758
1188.900000000 -20.9307 -25.0021 0 0 0 -0.740474 0.672085
1189.000000000 -20.94 -25.0766 0 0 0 -0.743806 0.668396
1189.100000000 -20.9488 -25.1511 0 0 0 -0.745309 0.666719
1189.200000000 -20.9581 -25.2255 0 0 0 -0.746808 0.66504
1189.300000000 -20.9676 -25.2999 0 0 0 -0.748304 0.663356
1189.400000000 -20.9775 -25.3742 0 0 0 -0.749796 0.66167
1189.500000000 -20.9877 -25.4485 0 0 0 -0.751284 0.65998
1189.600000000 -20.9983 -25.5228 0 0 0 -0.752768 0.658286
1189.700000000 -21.0092 -25.597 0 0 0 -0.754248 0.656589
1189.800000000 -21.0204 -25.6712 0 0 0 -0.755725 0.654889
1189.900000000 -21.032 -25.7453 0 0 0 -0.757197 0.653186
1190.000000000 -21.0438 -25.8193 0 0 0 -0.758666 0.651479
1190.100000000 -21.0561 -25.8933 0 0 0 -0.760131 0.649769
1190.200000000 -21.0666 -25.9676 0 0 0 -0.758205 0.652016
1190.300000000 -21.0764 -26.042 0 0 0 -0.755821 0.654778
1190.400000000 -21.0856 -26.1164 0 0 0 -0.753428 0.657531
1190.500000000 -21.0943 -26.1909 0 0 0 -0.751024 0.660275
1190.600000000 -21.1025 -26.2655 0 0 0 -0.74861 0.66301
1190.700000000 -21.1101 -26.3401 0 0 0 -0.746187 0.665737
1190.800000000 -21.1171 -26.4148 0 0 0 -0.743753 0.668454
1190.900000000 -21.1237 -26.4895 0 0 0 -0.74131 0.671163
1191.000000000 -21.1296 -26.5643 0 0 0 -0.738857 0.673863
1191.100000000 -21.1348 -26.6391 0 0 0 -0.73594 0.677047
1191.200000000 -21.1393 -26.714 0 0 0 -0.733009 0.680219
1191.300000000 -21.1432 -26.7889 0 0 0 -0.730065 0.683378
1191.400000000 -21.1464 -26.8638 0 0 0 -0.727107 0.686524
1191.500000000 -21.149 -26.9388 0 0 0 -0.724136 0.689657
1191.600000000 -21.1509 -27.0138 0 0 0 -0.721151 0.692778
1191.700000000 -21.1522 -27.0888 0 0 0 -0.718153 0.695885
1191.800000000 -21.1529 -27.1638 0 0 0 -0.715141 0.69898
1191.900000000 -21.1528 -27.2388 0 0 0 -0.712116 0.702061
1192.000000000 -21.1522 -27.3138 0 0 0 -0.709078 0.70513
1192.100000000 -21.1509 -27.3888 0 0 0 -0.706027 0.708185
1192.200000000 -21.1503 -27.4638 0 0 0 -0.705479 0.708731
1192.300000000 -21.1497 -27.5388 0 0 0 -0.70493 0.709276
1192.400000000 -21.1489 -27.6138 0 0 0 -0.704382 0.709821
1192.500000000 -21.148 -27.6888 0 0 0 -0.703833 0.710366
1192.600000000 -21.147 -27.7638 0 0 0 -0.703283 0.71091
1192.700000000 -21.1459 -27.8388 0 0 0 -0.702733 0.711454
1192.800000000 -21.1447 -27.9138 0 0 0 -0.702183 0.711997
1192.900000000 -21.1433 -27.9888 0 0 0 -0.701633 0.712539
1193.000000000 -21.1419 -28.0638 0 0 0 -0.701081 0.713081
1193.100000000 -21.1403 -28.1387 0 0 0 -0.70053 0.713623
1193.200000000 -21.1386 -28.2137 0 0 0 -0.699978 0.714165
1193.300000000 -21.1368 -28.2887 0 0 0 -0.699425 0.714706
1193.400000000 -21.1348 -28.3637 0 0 0 -0.698872 0.715247
1193.500000000 -21.1328 -28.4386 0 0 0 -0.698319 0.715787
1193.600000000 -21.1306 -28.5136 0 0 0 -0.697766 0.716326
1193.700000000 -21.1283 -28.5886 0 0 0 -0.697212 0.716865
1193.800000000 -21.1212 -28.6628 0 0 0 -0.688013 0.725698
1193.900000000 -21.1096 -28.7192 0 0 0 -0.672296 0.740282
1194.000000000 -21.095 -28.7694 0 0 0 -0.654175 0.756343
1194.100000000 -21.078 -28.818 0 0 0 -0.635367 0.77221
1194.200000000 -21.0586 -28.8698 0 0 0 -0.617726 0.786394
1194.300000000 -21.0369 -28.9206 0 0 0 -0.599768 0.800174
1194.400000000 -21.0129 -28.9704 0 0 0 -0.581502 0.813545
1194.500000000 -20.9867 -29.019 0 0 0 -0.562939 0.826499
1194.600000000 -20.9583 -29.0665 0 0 0 -0.544087 0.839029
1194.700000000 -20.9278 -29.1125 0 0 0 -0.524956 0.851129
1194.800000000 -20.8953 -29.1572 0 0 0 -0.505556 0.862794
1194.900000000 -20.8607 -29.2003 0 0 0 -0.485898 0.874016
1195.000000000 -20.8242 -29.2419 0 0 0 -0.46599 0.88479
1195.100000000 -20.7859 -29.2817 0 0 0 -0.445843 0.895111
1195.200000000 -20.7383 -29.3354 0 0 0 -0.433105 0.901343
1195.300000000 -20.6884 -29.3915 0 0 0 -0.42436 0.905494
1195.400000000 -20.6377 -29.4468 0 0 0 -0.416071 0.909332
1195.500000000 -20.5859 -29.5011 0 0 0 -0.407747 0.913095
1195.600000000 -20.5331 -29.5545 0 0 0 -0.39939 0.916781
1195.700000000 -20.4794 -29.6069 0 0 0 -0.390999 0.920391
1195.800000000 -20.4247 -29.6583 0 0 0 -0.382575 0.923924
1195.900000000 -20.3691 -29.7087 0 0 0 -0.37412 0.92738
1196.000000000 -20.3126 -29.7581 0 0 0 -0.365633 0.930759
1196.100000000 -20.2552 -29.8065 0 0 0 -0.357116 0.93406
1196.200000000 -20.1989 -29.8561 0 0 0 -0.355693 0.934603
1196.300000000 -20.1427 -29.9057 0 0 0 -0.35497 0.934878
1196.400000000 -20.0864 -29.9552 0 0 0 -0.354247 0.935152
1196.500000000 -20.03 -30.0047 0 0 0 -0.353524 0.935426
1196.600000000 -19.9735 -30.0541 0 0 0 -0.3528 0.935699
1196.700000000 -19.917 -30.1034 0 0 0 -0.352076 0.935971
1196.800000000 -19.8604 -30.1526 0 0 0 -0.351352 0.936243
1196.900000000 -19.8037 -30.2017 0 0 0 -0.350628 0.936515
1197.000000000 -19.747 -30.2507 0 0 0 -0.349904 0.936786
1197.100000000 -19.6901 -30.2996 0 0 0 -0.34918 0.937056
1197.200000000 -19.6313 -30.3463 0 0 0 -0.341663 0.939823
1197.300000000 -19.5717 -30.3918 0 0 0 -0.333588 0.942719
1197.400000000 -19.5112 -30.4363 0 0 0 -0.325489 0.945546
1197.500000000 -19.45 -30.4797 0 0 0 -0.317367 0.948303
1197.600000000 -19.3881 -30.5221 0 0 0 -0.30922 0.95099
1197.700000000 -19.3254 -30.5634 0 0 0 -0.301051 0.953608
1197.800000000 -19.2621 -30.6037 0 0 0 -0.29286 0.956155
1197.900000000 -19.1981 -30.6428 0 0 0 -0.284648 0.958632
1198.000000000 -19.1334 -30.6808 0 0 0 -0.276414 0.961039
1198.100000000 -19.068 -30.7178 0 0 0 -0.26816 0.963374
1198.200000000 -19.0014 -30.7525 0 0 0 -0.256809 0.966462
1198.300000000 -18.934 -30.7856 0 0 0 -0.245423 0.969416
1198.400000000 -18.8659 -30.8171 0 0 0 -0.234003 0.972236
1198.500000000 -18.797 -30.847 0 0 0 -0.222551 0.974921
1198.600000000 -18.7274 -30.8753 0 0 0 -0.211067 0.977472
1198.700000000 -18.6572 -30.9019 0 0 0 -0.199555 0.979887
1198.800000000 -18.5865 -30.9271 0 0 0 -0.188513 0.982071
1198.900000000 -18.5152 -30.9507 0 0 0 -0.177447 0.98413
1199.000000000 -18.4434 -30.9726 0 0 0 -0.166358 0.986065
1199.100000000 -18.3711 -30.993 0 0 0 -0.155249 0.987875
1199.200000000 -18.2985 -31.0121 0 0 0 -0.145149 0.98941
1199.300000000 -18.2256 -31.0299 0 0 0 -0.135565 0.990768
1199.400000000 -18.1523 -31.0461 0 0 0 -0.125438 0.992101
1199.500000000 -18.0788 -31.0612 0 0 0 -0.11637 0.993206
1199.600000000 -18.005 -31.075 0 0 0 -0.107293 0.994227
1199.700000000 -17.931 -31.0874 0 0 0 -0.0982069 0.995166
1199.800000000 -17.8567 -31.0985 0 0 0 -0.0891126 0.996022
1199.900000000 -17.7823 -31.1082 0 0 0 -0.0800108 0.996794
1200.000000000 -17.7192 -31.1109 0 0 0 -0.0614766 0.998109
1200.100000000 -17.6717 -31.106 0 0 0 -0.0349354 0.99939
1200.200000000 -17.6411 -31.0942 0 0 0 -4.428e-05 1
1200.300000000 -17.6333 -31.0759 0 0 0 0.0456217 0.998959
1200.400000000 -17.6345 -31.0563 0 0 0 0.094722 0.995504
1200.500000000 -17.6393 -31.0369 0 0 0 0.144358 0.989526
1200.600000000 -17.6459 -31.018 0 0 0 0.193633 0.981074
1200.700000000 -17.6544 -30.9999 0 0 0 0.242425 0.97017
1200.800000000 -17.6647 -30.9828 0 0 0 0.29061 0.956842
1200.900000000 -17.6766 -30.9668 0 0 0 0.338069 0.941121
1201.000000000 -17.6901 -30.952 0 0 0 0.384683 0.923049
1201.100000000 -17.705 -30.9386 0 0 0 0.430335 0.902669
1201.200000000 -17.7211 -30.9269 0 0 0 0.474912 0.880033
1201.300000000 -17.7384 -30.9167 0 0 0 0.518302 0.855198
1201.400000000 -17.7565 -30.9084 0 0 0 0.560396 0.828225
1201.500000000 -17.7754 -30.9019 0 0 0 0.60109 0.799181
1201.600000000 -17.7949 -30.8973 0 0 0 0.640281 0.768141
1201.700000000 -17.8147 -30.8947 0 0 0 0.677872 0.73518
1201.800000000 -17.8347 -30.8941 0 0 0 0.713769 0.700382
1201.900000000 -17.8547 -30.8954 0 0 0 0.747881 0.663833
1202.000000000 -17.8744 -30.8988 0 0 0 0.780124 0.625625
1202.100000000 -17.8936 -30.9041 0 0 0 0.810417 0.585853
1202.200000000 -17.9155 -30.8861 0 0 0 0.831944 0.554859
1202.300000000 -17.9422 -30.852 0 0 0 0.847662 0.530537
1202.400000000 -17.9731 -30.8108 0 0 0 0.860459 0.50952
1202.500000000 -18.0063 -30.7705 0 0 0 0.872543 0.488537
1202.600000000 -18.0417 -30.731 0 0 0 0.883932 0.467616
1202.700000000 -18.0789 -30.6933 0 0 0 0.894819 0.446429
1202.800000000 -18.1178 -30.6574 0 0 0 0.905199 0.424989
1202.900000000 -18.1585 -30.6233 0 0 0 0.915064 0.403308
1203.000000000 -18.2007 -30.5913 0 0 0 0.924411 0.381398
1203.100000000 -18.2538 -30.5472 0 0 0 0.930231 0.366974
1203.200000000 -18.3119 -30.4996 0 0 0 0.934661 0.355541
1203.300000000 -18.3712 -30.4535 0 0 0 0.93895 0.344054
1203.400000000 -18.4316 -30.4088 0 0 0 0.943098 0.332515
1203.500000000 -18.493 -30.3656 0 0 0 0.947104 0.320926
1203.600000000 -18.5555 -30.3239 0 0 0 0.950968 0.309289
1203.700000000 -18.619 -30.2838 0 0 0 0.954689 0.297605
1203.800000000 -18.6834 -30.2453 0 0 0 0.958266 0.285877
1203.900000000 -18.7488 -30.2083 0 0 0 0.9617 0.274105
1204.000000000 -18.8151 -30.173 0 0 0 0.964988 0.262293
1204.100000000 -18.8822 -30.1393 0 0 0 0.968132 0.250441
1204.200000000 -18.9498 -30.1067 0 0 0 0.970766 0.240029
1204.300000000 -19.018 -30.0754 0 0 0 0.973167 0.2301
1204.400000000 -19.0869 -30.0454 0 0 0 0.975467 0.220147
1204.500000000 -19.1563 -30.0169 0 0 0 0.977665 0.210171
1204.600000000 -19.2264 -29.9899 0 0 0 0.97976 0.200174
1204.700000000 -19.2969 -29.9642 0 0 0 0.981754 0.190155
1204.800000000 -19.368 -29.94 0 0 0 0.983645 0.180117
1204.900000000 -19.4395 -29.9173 0 0 0 0.985434 0.17006
1205.000000000 -19.5115 -29.896 0 0 0 0.98712 0.159985
1205.100000000 -19.5839 -29.8762 0 0 0 0.988702 0.149893
1205.200000000 -19.6567 -29.8579 0 0 0 0.990182 0.139786
1205.300000000 -19.7299 -29.8411 0 0 0 0.991558 0.129664
1205.400000000 -19.8034 -29.8257 0 0 0 0.992831 0.119528
1205.500000000 -19.8772 -29.8119 0 0 0 0.994 0.109381
1205.600000000 -19.9512 -29.7996 0 0 0 0.995065 0.0992213
1205.700000000 -20.0255 -29.7888 0 0 0 0.996027 0.0890517
1205.800000000 -20.0991 -29.7743 0 0 0 0.995759 0.0919991
1205.900000000 -20.1684 -29.7557 0 0 0 0.994354 0.106111
1206.000000000 -20.2316 -29.7351 0 0 0 0.992422 0.122877
1206.100000000 -20.2941 -29.7124 0 0 0 0.990207 0.139607
1206.200000000 -20.3523 -29.688 0 0 0 0.987442 0.157981
1206.300000000 -20.4096 -29.6613 0 0 0 0.984336 0.176301
1206.400000000 -20.4658 -29.6326 0 0 0 0.980891 0.194559
1206.500000000 -20.5209 -29.6018 0 0 0 0.977107 0.212751
1206.600000000 -20.5748 -29.569 0 0 0 0.972985 0.230869
1206.700000000 -20.6275 -29.5342 0 0 0 0.968527 0.248907
1206.800000000 -20.6789 -29.4974 0 0 0 0.963736 0.266859
1206.900000000 -20.7288 -29.4588 0 0 0 0.958611 0.284719
1207.000000000 -20.7773 -29.4184 0 0 0 0.953155 0.302481
1207.100000000 -20.8363 -29.372 0 0 0 0.950183 0.311693
1207.200000000 -20.8947 -29.3248 0 0 0 0.947474 0.319833
1207.300000000 -20.9522 -29.2766 0 0 0 0.944696 0.327948
1207.400000000 -21.0089 -29.2275 0 0 0 0.941848 0.33604
1207.500000000 -21.0648 -29.1774 0 0 0 0.938931 0.344106
1207.600000000 -21.1198 -29.1263 0 0 0 0.935944 0.352148
1207.700000000 -21.1739 -29.0743 0 0 0 0.932889 0.360163
1207.800000000 -21.2271 -29.0214 0 0 0 0.929765 0.368153
1207.900000000 -21.2794 -28.9676 0 0 0 0.926573 0.376114
1208.000000000 -21.3308 -28.9128 0 0 0 0.923313 0.384049
1208.100000000 -21.3832 -28.8592 0 0 0 0.922727 0.385455
1208.200000000 -21.4357 -28.8057 0 0 0 0.922428 0.386168
1208.300000000 -21.4882 -28.752 0 0 0 0.922129 0.386882
1208.400000000 -21.5405 -28.6983 0 0 0 0.92183 0.387595
1208.500000000 -21.5927 -28.6445 0 0 0 0.92153 0.388307
1208.600000000 -21.6449 -28.5906 0 0 0 0.921229 0.38902
1208.700000000 -21.697 -28.5366 0 0 0 0.920928 0.389732
1208.800000000 -21.749 -28.4826 0 0 0 0.920627 0.390444
1208.900000000 -21.8009 -28.4284 0 0 0 0.920324 0.391156
1209.000000000 -21.8527 -28.3742 0 0 0 0.920022 0.391868
1209.100000000 -21.9049 -28.3203 0 0 0 0.920324 0.391156
1209.200000000 -21.9572 -28.2666 0 0 0 0.920627 0.390444
1209.300000000 -22.0095 -28.2129 0 0 0 0.920928 0.389732
1209.400000000 -22.0619 -28.1592 0 0 0 0.921229 0.38902
1209.500000000 -22.1145 -28.1057 0 0 0 0.92153 0.388307
1209.600000000 -22.1671 -28.0522 0 0 0 0.92183 0.387595
1209.700000000 -22.2198 -27.9989 0 0 0 0.922129 0.386882
1209.800000000 -22.2725 -27.9456 0 0 0 0.922428 0.386168
1209.900000000 -22.3254 -27.8923 0 0 0 0.922727 0.385455
1210.000000000 -22.3783 -27.8392 0 0 0 0.923024 0.384741
1210.100000000 -22.4313 -27.7862 0 0 0 0.923322 0.384027
1210.200000000 -22.4844 -27.7332 0 0 0 0.923618 0.383313
1210.300000000 -22.5376 -27.6803 0 0 0 0.923915 0.382599
1210.400000000 -22.5909 -27.6275 0 0 0 0.92421 0.381884
1210.500000000 -22.6442 -27.5748 0 0 0 0.924505 0.381169
1210.600000000 -22.6976 -27.5221 0 0 0 0.9248 0.380454
1210.700000000 -22.7511 -27.4696 0 0 0 0.925094 0.379739
1210.800000000 -22.8047 -27.4171 0 0 0 0.925387 0.379024
1210.900000000 -22.8584 -27.3647 0 0 0 0.92568 0.378308
1211.000000000 -22.9121 -27.3124 0 0 0 0.925972 0.377592
1211.100000000 -22.966 -27.2602 0 0 0 0.926264 0.376876
1211.200000000 -23.0199 -27.208 0 0 0 0.926555 0.376159
1211.300000000 -23.0739 -27.156 0 0 0 0.926846 0.375443
1211.400000000 -23.1279 -27.104 0 0 0 0.927136 0.374726
1211.500000000 -23.1821 -27.0521 0 0 0 0.927425 0.374009
1211.600000000 -23.2373 -27.0013 0 0 0 0.929032 0.37
1211.700000000 -23.2928 -26.9508 0 0 0 0.930375 0.366609
1211.800000000 -23.3486 -26.9008 0 0 0 0.931706 0.363213
1211.900000000 -23.405 -26.8513 0 0 0 0.933266 0.359186
1212.000000000 -23.4618 -26.8023 0 0 0 0.934808 0.355152
1212.100000000 -23.5188 -26.7536 0 0 0 0.936098 0.35174
1212.200000000 -23.5764 -26.7055 0 0 0 0.937608 0.347694
1212.300000000 -23.6342 -26.6577 0 0 0 0.93887 0.344272
1212.400000000 -23.6924 -26.6103 0 0 0 0.94012 0.340844
1212.500000000 -23.7509 -26.5634 0 0 0 0.941357 0.337413
1212.600000000 -23.8097 -26.5169 0 0 0 0.942581 0.333976
1212.700000000 -23.8689 -26.4708 0 0 0 0.943794 0.330536
1212.800000000 -23.9284 -26.4251 0 0 0 0.944993 0.327091
1212.900000000 -23.9883 -26.3799 0 0 0 0.94618 0.323641
1213.000000000 -24.0485 -26.3351 0 0 0 0.947354 0.320187
1213.100000000 -24.109 -26.2908 0 0 0 0.948516 0.316729
1213.200000000 -24.1698 -26.2469 0 0 0 0.949665 0.313267
1213.300000000 -24.2309 -26.2035 0 0 0 0.950802 0.3098
1213.400000000 -24.2924 -26.1605 0 0 0 0.951925 0.30633
1213.500000000 -24.3542 -26.1179 0 0 0 0.953037 0.302855
1213.600000000 -24.4162 -26.0758 0 0 0 0.954135 0.299377
1213.700000000 -24.4786 -26.0342 0 0 0 0.955221 0.295894
1213.800000000 -24.5412 -25.9927 0 0 0 0.956092 0.293066
1213.900000000 -24.6039 -25.9517 0 0 0 0.956955 0.290235
1214.000000000 -24.6669 -25.911 0 0 0 0.95781 0.287401
1214.100000000 -24.7302 -25.8707 0 0 0 0.958657 0.284565
1214.200000000 -24.7939 -25.831 0 0 0 0.959688 0.281066
1214.300000000 -24.8578 -25.7918 0 0 0 0.960707 0.277564
1214.400000000 -24.922 -25.753 0 0 0 0.961713 0.274057
1214.500000000 -24.9865 -25.7147 0 0 0 0.962707 0.270547
1214.600000000 -25.0513 -25.6769 0 0 0 0.963687 0.267033
1214.700000000 -25.1163 -25.6396 0 0 0 0.964655 0.263516
1214.800000000 -25.1816 -25.6027 0 0 0 0.96561 0.259995
1214.900000000 -25.2472 -25.5663 0 0 0 0.966552 0.256471
1215.000000000 -25.3131 -25.5304 0 0 0 0.967481 0.252943
1215.100000000 -25.3786 -25.494 0 0 0 0.967676 0.252195
1215.200000000 -25.4441 -25.4574 0 0 0 0.967676 0.252195
1215.300000000 -25.5096 -25.4208 0 0 0 0.967676 0.252195
1215.400000000 -25.575 -25.3841 0 0 0 0.967676 0.252195
1215.500000000 -25.6405 -25.3475 0 0 0 0.967676 0.252195
1215.600000000 -25.7059 -25.3109 0 0 0 0.967676 0.252195
1215.700000000 -25.7714 -25.2743 0 0 0 0.967676 0.252195
1215.800000000 -25.8369 -25.2377 0 0 0 0.967676 0.252195
1215.900000000 -25.9028 -25.2019 0 0 0 0.968242 0.250015
1216.000000000 -25.9685 -25.1659 0 0 0 0.968435 0.249267
1216.100000000 -26.0345 -25.1302 0 0 0 0.968814 0.247791
1216.200000000 -26.1004 -25.0944 0 0 0 0.969005 0.247042
1216.300000000 -26.1655 -25.057 0 0 0 0.967929 0.251224
1216.400000000 -26.2319 -25.0223 0 0 0 0.969166 0.246409
1216.500000000 -26.2966 -24.9843 0 0 0 0.967612 0.252441
1216.600000000 -26.3635 -24.9503 0 0 0 0.969461 0.245245
1216.700000000 -26.4284 -24.9126 0 0 0 0.96807 0.250678
1216.800000000 -26.4955 -24.879 0 0 0 0.970047 0.242916
1216.900000000 -26.5606 -24.8417 0 0 0 0.96867 0.248352
1217.000000000 -26.625 -24.8032 0 0 0 0.966949 0.254969
1217.100000000 -26.6889 -24.7639 0 0 0 0.965184 0.261573
1217.200000000 -26.7522 -24.7237 0 0 0 0.963373 0.268165
1217.300000000 -26.815 -24.6826 0 0 0 0.961517 0.274745
1217.400000000 -26.8772 -24.6406 0 0 0 0.959616 0.281312
1217.500000000 -26.9389 -24.5979 0 0 0 0.957671 0.287866
1217.600000000 -26.9999 -24.5542 0 0 0 0.95568 0.294406
1217.700000000 -27.0604 -24.5098 0 0 0 0.953645 0.300933
1217.800000000 -27.1202 -24.4645 0 0 0 0.951566 0.307445
1217.900000000 -27.1794 -24.4184 0 0 0 0.949442 0.313943
1218.000000000 -27.238 -24.3715 0 0 0 0.947273 0.320426
1218.100000000 -27.2959 -24.3238 0 0 0 0.945061 0.326895
1218.200000000 -27.3437 -24.2777 0 0 0 0.939409 0.342797
1218.300000000 -27.3753 -24.238 0 0 0 0.930547 0.366173
1218.400000000 -27.3907 -24.2056 0 0 0 0.91791 0.396789
1218.500000000 -27.387 -24.1844 0 0 0 0.899933 0.436027
1218.600000000 -27.3719 -24.1717 0 0 0 0.877388 0.479782
1218.700000000 -27.3557 -24.1606 0 0 0 0.852716 0.522374
1218.800000000 -27.3384 -24.1512 0 0 0 0.825979 0.563701
1218.900000000 -27.3203 -24.1435 0 0 0 0.79724 0.603662
1219.000000000 -27.3016 -24.1376 0 0 0 0.76657 0.64216
1219.100000000 -27.2823 -24.1336 0 0 0 0.734043 0.679103
1219.200000000 -27.2628 -24.1315 0 0 0 0.699737 0.7144
1219.300000000 -27.2431 -24.1313 0 0 0 0.663736 0.747967
1219.400000000 -27.2235 -24.1331 0 0 0 0.626127 0.779721
1219.500000000 -27.2042 -24.1367 0 0 0 0.587001 0.809586
1219.600000000 -27.1853 -24.1423 0 0 0 0.546453 0.83749
1219.700000000 -27.1671 -24.1497 0 0 0 0.504581 0.863364
1219.800000000 -27.1497 -24.1588 0 0 0 0.461486 0.887147
1219.900000000 -27.1333 -24.1697 0 0 0 0.417273 0.908781
1220.000000000 -27.118 -24.182 0 0 0 0.37205 0.928213
1220.100000000 -27.104 -24.1958 0 0 0 0.325925 0.945396
1220.200000000 -27.0914 -24.211 0 0 0 0.27901 0.960288
1220.300000000 -27.0804 -24.2273 0 0 0 0.231419 0.972854
1220.400000000 -27.071 -24.2445 0 0 0 0.183268 0.983063
1220.500000000 -27.0634 -24.2627 0 0 0 0.134673 0.99089
1220.600000000 -27.0576 -24.2815 0 0 0 0.0857508 0.996317
1220.700000000 -27.0537 -24.3007 0 0 0 0.0366214 0.999329
1220.800000000 -27.0517 -24.3203 0 0 0 -0.0125968 0.999921
1220.900000000 -27.0516 -24.34 0 0 0 -0.0617844 0.99809
1221.000000000 -27.0534 -24.3596 0 0 0 -0.110822 0.99384
1221.100000000 -27.0572 -24.3789 0 0 0 -0.159592 0.987183
1221.200000000 -27.0628 -24.3977 0 0 0 -0.207975 0.978134
1221.300000000 -27.0703 -24.4159 0 0 0 -0.255854 0.966716
1221.400000000 -27.0795 -24.4333 0 0 0 -0.303113 0.952955
1221.500000000 -27.0904 -24.4496 0 0 0 -0.349637 0.936885
1221.600000000 -27.1029 -24.4649 0 0 0 -0.395315 0.918546
1221.700000000 -27.1167 -24.4788 0 0 0 -0.440035 0.897981
1221.800000000 -27.1319 -24.4913 0 0 0 -0.483688 0.87524
1221.900000000 -27.1483 -24.5023 0 0 0 -0.52617 0.850379
1222.000000000 -27.1656 -24.5115 0 0 0 -0.567377 0.823458
1222.100000000 -27.1838 -24.5191 0 0 0 -0.60721 0.794542
1222.200000000 -27.1916 -24.5471 0 0 0 -0.636376 0.771379
1222.300000000 -27.1996 -24.5789 0 0 0 -0.662903 0.748705
1222.400000000 -27.2096 -24.611 0 0 0 -0.688295 0.725431
1222.500000000 -27.2217 -24.6423 0 0 0 -0.712871 0.701296
1222.600000000 -27.236 -24.6727 0 0 0 -0.7366 0.676328
1222.700000000 -27.2523 -24.702 0 0 0 -0.759456 0.650559
1222.800000000 -27.2706 -24.7302 0 0 0 -0.781411 0.624017
1222.900000000 -27.2908 -24.757 0 0 0 -0.802438 0.596735
1223.000000000 -27.3128 -24.7824 0 0 0 -0.822514 0.568745
1223.100000000 -27.3365 -24.8062 0 0 0 -0.841613 0.540081
1223.200000000 -27.3618 -24.8283 0 0 0 -0.859714 0.510775
1223.300000000 -27.3885 -24.8486 0 0 0 0.876795 -0.480864
1223.400000000 -27.4166 -24.8671 0 0 0 0.892836 -0.450382
1223.500000000 -27.4459 -24.8835 0 0 0 0.907818 -0.419365
1223.600000000 -27.4762 -24.8979 0 0 0 0.921722 -0.387851
1223.700000000 -27.5075 -24.9102 0 0 0 0.934533 -0.355877
1223.800000000 -27.5498 -24.9339 0 0 0 0.943528 -0.331293
1223.900000000 -27.6039 -24.9679 0 0 0 0.949388 -0.314104
1224.000000000 -27.6648 -25.0061 0 0 0 0.953747 -0.300609
1224.100000000 -27.7273 -25.0431 0 0 0 0.95778 -0.287504
1224.200000000 -27.7904 -25.0837 0 0 0 0.958425 -0.285346
1224.300000000 -27.852 -25.1266 0 0 0 0.956809 -0.290717
1224.400000000 -27.9129 -25.1704 0 0 0 0.95498 -0.296671
1224.500000000 -27.9733 -25.2149 0 0 0 0.953113 -0.302615
1224.600000000 -28.0331 -25.2602 0 0 0 0.951209 -0.308546
1224.700000000 -28.0923 -25.3062 0 0 0 0.949269 -0.314466
1224.800000000 -28.151 -25.353 0 0 0 0.947292 -0.320373
1224.900000000 -28.2091 -25.4005 0 0 0 0.945277 -0.326268
1225.000000000 -28.2665 -25.4487 0 0 0 0.943227 -0.33215
1225.100000000 -28.3244 -25.4964 0 0 0 0.942476 -0.334273
1225.200000000 -28.3821 -25.5444 0 0 0 0.941721 -0.336394
1225.300000000 -28.4395 -25.5926 0 0 0 0.940961 -0.338514
1225.400000000 -28.497 -25.6408 0 0 0 0.940445 -0.339947
1225.500000000 -28.5541 -25.6895 0 0 0 0.939677 -0.342064
1225.600000000 -28.6111 -25.7381 0 0 0 0.939154 -0.343495
1225.700000000 -28.6678 -25.7872 0 0 0 0.938379 -0.345609
1225.800000000 -28.7245 -25.8363 0 0 0 0.937851 -0.347038
1225.900000000 -28.7811 -25.8856 0 0 0 0.937321 -0.348466
1226.000000000 -28.8374 -25.9351 0 0 0 0.936789 -0.349894
1226.100000000 -28.8935 -25.9849 0 0 0 0.935999 -0.352002
1226.200000000 -28.9495 -26.0348 0 0 0 0.935462 -0.353428
1226.300000000 -29.0054 -26.0848 0 0 0 0.934922 -0.354853
1226.400000000 -29.0611 -26.1351 0 0 0 0.934381 -0.356277
1226.500000000 -29.1166 -26.1854 0 0 0 0.933837 -0.3577
1226.600000000 -29.172 -26.236 0 0 0 0.933291 -0.359122
1226.700000000 -29.2271 -26.2869 0 0 0 0.93248 -0.361223
1226.800000000 -29.2819 -26.3381 0 0 0 0.931664 -0.363321
1226.900000000 -29.3365 -26.3896 0 0 0 0.930843 -0.365418
1227.000000000 -29.391 -26.441 0 0 0 0.930286 -0.366836
1227.100000000 -29.4454 -26.4927 0 0 0 0.929726 -0.368253
1227.200000000 -29.4997 -26.5445 0 0 0 0.929164 -0.369669
1227.300000000 -29.554 -26.5962 0 0 0 0.928877 -0.370387
1227.400000000 -29.6082 -26.6481 0 0 0 0.928591 -0.371105
1227.500000000 -29.6621 -26.7002 0 0 0 0.928024 -0.37252
1227.600000000 -29.7159 -26.7525 0 0 0 0.927456 -0.373933
1227.700000000 -29.7695 -26.8049 0 0 0 0.926885 -0.375345
1227.800000000 -29.8229 -26.8576 0 0 0 0.926312 -0.376757
1227.900000000 -29.8762 -26.9103 0 0 0 0.925737 -0.378168
1228.000000000 -29.9293 -26.9633 0 0 0 0.92516 -0.379578
1228.100000000 -29.9823 -27.0164 0 0 0 0.924581 -0.380987
1228.200000000 -30.0363 -27.0684 0 0 0 0.925704 -0.378249
1228.300000000 -30.0907 -27.1201 0 0 0 0.926819 -0.375507
1228.400000000 -30.1454 -27.1714 0 0 0 0.927927 -0.372763
1228.500000000 -30.2003 -27.2224 0 0 0 0.929026 -0.370015
1228.600000000 -30.2556 -27.2732 0 0 0 0.930117 -0.367264
1228.700000000 -30.3112 -27.3235 0 0 0 0.9312 -0.364509
1228.800000000 -30.3671 -27.3736 0 0 0 0.932274 -0.361752
1228.900000000 -30.4232 -27.4233 0 0 0 0.933341 -0.358991
1229.000000000 -30.4797 -27.4727 0 0 0 0.934399 -0.356227
1229.100000000 -30.5364 -27.5217 0 0 0 0.935449 -0.35346
1229.200000000 -30.5935 -27.5704 0 0 0 0.936491 -0.35069
1229.300000000 -30.6508 -27.6188 0 0 0 0.937525 -0.347917
1229.400000000 -30.7084 -27.6668 0 0 0 0.938551 -0.345141
1229.500000000 -30.7663 -27.7145 0 0 0 0.939568 -0.342362
1229.600000000 -30.8245 -27.7618 0 0 0 0.940577 -0.33958
1229.700000000 -30.8829 -27.8088 0 0 0 0.941578 -0.336795
1229.800000000 -30.9417 -27.8555 0 0 0 0.942571 -0.334006
1229.900000000 -31.0007 -27.9018 0 0 0 0.943555 -0.331215
1230.000000000 -31.06 -27.9477 0 0 0 0.944531 -0.328422
1230.100000000 -31.1195 -27.9933 0 0 0 0.945499 -0.325625
1230.200000000 -31.1793 -28.0386 0 0 0 0.946459 -0.322825
1230.300000000 -31.2394 -28.0835 0 0 0 0.94741 -0.320023
1230.400000000 -31.2998 -28.128 0 0 0 0.948353 -0.317217
1230.500000000 -31.3603 -28.1665 0 0 0 0.952756 -0.303737
1230.600000000 -31.41 -28.1907 0 0 0 0.959387 -0.282093
1230.700000000 -31.449 -28.2012 0 0 0 0.967566 -0.25262
1230.800000000 -31.474 -28.197 0 0 0 0.976848 -0.213936
1230.900000000 -31.4828 -28.1794 0 0 0 0.986191 -0.165609
1231.000000000 -31.4897 -28.161 0 0 0 0.993146 -0.116881
1231.100000000 -31.4949 -28.142 0 0 0 0.997694 -0.06787
1231.200000000 -31.4981 -28.1226 0 0 0 0.999825 -0.0186945
1231.300000000 -31.4994 -28.103 0 0 0 0.999534 0.0305264
1231.400000000 -31.4988 -28.0834 0 0 0 0.996821 0.0796733
1231.500000000 -31.4962 -28.0639 0 0 0 0.991693 0.128627
1231.600000000 -31.4918 -28.0447 0 0 0 0.984162 0.177269
1231.700000000 -31.4855 -28.0261 0 0 0 0.974247 0.225482
1231.800000000 -31.4774 -28.0082 0 0 0 0.961972 0.273149
1231.900000000 -31.4675 -27.9911 0 0 0 0.947366 0.320153
1232.000000000 -31.456 -27.9752 0 0 0 0.930464 0.366382
1232.100000000 -31.4431 -27.9604 0 0 0 0.911309 0.411724
1232.200000000 -31.4287 -27.947 0 0 0 0.889945 0.456067
1232.300000000 -31.4131 -27.935 0 0 0 0.866426 0.499306
1232.400000000 -31.3964 -27.9246 0 0 0 0.840807 0.541335
1232.500000000 -31.3787 -27.916 0 0 0 0.813151 0.582053
1232.600000000 -31.3603 -27.9091 0 0 0 0.783525 0.621361
1232.700000000 -31.3413 -27.9041 0 0 0 0.752 0.659163
1232.800000000 -31.3219 -27.9009 0 0 0 0.718654 0.695368
1232.900000000 -31.3022 -27.8997 0 0 0 0.683567 0.729888
1233.000000000 -31.2826 -27.9004 0 0 0 0.646823 0.76264
1233.100000000 -31.2631 -27.903 0 0 0 0.608513 0.793544
1233.200000000 -31.2422 -27.8828 0 0 0 0.57854 0.815654
1233.300000000 -31.2174 -27.8464 0 0 0 0.555014 0.831841
1233.400000000 -31.1873 -27.7955 0 0 0 0.53773 0.843117
1233.500000000 -31.1535 -27.7393 0 0 0 0.523057 0.852298
1233.600000000 -31.118 -27.685 0 0 0 0.507858 0.861441
1233.700000000 -31.0803 -27.6313 0 0 0 0.492872 0.870102
1233.800000000 -31.0409 -27.5789 0 0 0 0.477739 0.878502
1233.900000000 -30.9996 -27.5279 0 0 0 0.462462 0.886639
1234.000000000 -30.9569 -27.4791 0 0 0 0.446664 0.894702
1234.100000000 -30.9091 -27.4212 0 0 0 0.438973 0.8985
1234.200000000 -30.8605 -27.3641 0 0 0 0.431762 0.901988
1234.300000000 -30.8112 -27.3075 0 0 0 0.425048 0.905171
1234.400000000 -30.761 -27.2517 0 0 0 0.418311 0.908304
1234.500000000 -30.71 -27.1967 0 0 0 0.411552 0.911386
1234.600000000 -30.6582 -27.1424 0 0 0 0.404769 0.914419
1234.700000000 -30.6056 -27.0889 0 0 0 0.397964 0.917401
1234.800000000 -30.5522 -27.0362 0 0 0 0.391137 0.920332
1234.900000000 -30.498 -26.9843 0 0 0 0.384288 0.923213
1235.000000000 -30.4431 -26.9332 0 0 0 0.377419 0.926043
1235.100000000 -30.3874 -26.8829 0 0 0 0.370528 0.928821
1235.200000000 -30.3309 -26.8334 0 0 0 0.363617 0.931548
1235.300000000 -30.2738 -26.7848 0 0 0 0.356686 0.934224
1235.400000000 -30.2159 -26.7371 0 0 0 0.349735 0.936849
1235.500000000 -30.1573 -26.6902 0 0 0 0.342765 0.939421
1235.600000000 -30.098 -26.6442 0 0 0 0.335776 0.941942
1235.700000000 -30.0381 -26.599 0 0 0 0.328769 0.944411
1235.800000000 -29.9793 -26.5525 0 0 0 0.328769 0.944411
1235.900000000 -29.9207 -26.5057 0 0 0 0.329499 0.944156
1236.000000000 -29.8624 -26.4585 0 0 0 0.330937 0.943653
1236.100000000 -29.8042 -26.4112 0 0 0 0.332374 0.943148
1236.200000000 -29.7487 -26.3605 0 0 0 0.343445 0.939173
1236.300000000 -29.6946 -26.3084 0 0 0 0.354935 0.934891
1236.400000000 -29.6423 -26.2552 0 0 0 0.366828 0.930289
1236.500000000 -29.5914 -26.2007 0 0 0 0.378662 0.925535
1236.600000000 -29.5419 -26.1449 0 0 0 0.390434 0.920631
1236.700000000 -29.4938 -26.0878 0 0 0 0.402142 0.915577
1236.800000000 -29.4472 -26.0296 0 0 0 0.413785 0.910375
1236.900000000 -29.4021 -25.9702 0 0 0 0.425361 0.905024
1237.000000000 -29.3586 -25.9096 0 0 0 0.436867 0.899526
1237.100000000 -29.3173 -25.8486 0 0 0 0.448735 0.893665
1237.200000000 -29.2777 -25.7865 0 0 0 0.460523 0.887648
1237.300000000 -29.2397 -25.7234 0 0 0 0.472232 0.881475
1237.400000000 -29.2034 -25.6593 0 0 0 0.483857 0.875147
1237.500000000 -29.1688 -25.5943 0 0 0 0.495398 0.868666
1237.600000000 -29.136 -25.5284 0 0 0 0.506851 0.862033
1237.700000000 -29.1049 -25.4616 0 0 0 0.518216 0.855249
1237.800000000 -29.0756 -25.394 0 0 0 0.529491 0.848316
1237.900000000 -29.0481 -25.3257 0 0 0 0.540672 0.841233
1238.000000000 -29.0224 -25.2567 0 0 0 0.551759 0.834004
1238.100000000 -28.9991 -25.1878 0 0 0 0.563143 0.82636
1238.200000000 -28.9777 -25.1184 0 0 0 0.574421 0.81856
1238.300000000 -28.9582 -25.0483 0 0 0 0.58559 0.810607
1238.400000000 -28.9406 -24.9778 0 0 0 0.59665 0.802502
1238.500000000 -28.925 -24.9068 0 0 0 0.607598 0.794245
1238.600000000 -28.9113 -24.8353 0 0 0 0.618431 0.785839
1238.700000000 -28.8996 -24.7636 0 0 0 0.629148 0.777286
1238.800000000 -28.8898 -24.6915 0 0 0 0.639747 0.768586
1238.900000000 -28.8821 -24.6192 0 0 0 0.650225 0.759742
1239.000000000 -28.8763 -24.5468 0 0 0 0.660581 0.750755
1239.100000000 -28.871 -24.4803 0 0 0 0.666568 0.745444
1239.200000000 -28.8665 -24.4137 0 0 0 0.672104 0.740457
1239.300000000 -28.8632 -24.3487 0 0 0 0.677465 0.735555
1239.400000000 -28.8608 -24.2854 0 0 0 0.682654 0.730741
1239.500000000 -28.8593 -24.2104 0 0 0 0.689301 0.724475
1239.600000000 -28.8592 -24.1353 0 0 0 0.69589 0.718149
1239.700000000 -28.8605 -24.0603 0 0 0 0.702421 0.711762
1239.800000000 -28.8632 -23.9853 0 0 0 0.708893 0.705316
1239.900000000 -28.8672 -23.9103 0 0 0 0.715306 0.698812
1240.000000000 -28.8726 -23.8354 0 0 0 0.721659 0.692249
1240.100000000 -28.8794 -23.7607 0 0 0 0.727952 0.685628
1240.200000000 -28.8823 -23.7191 0 0 0 0.728626 0.684912
1240.300000000 -28.8851 -23.6776 0 0 0 0.729074 0.684435
1240.400000000 -28.8879 -23.6377 0 0 0 0.729504 0.683977
1240.500000000 -28.8907 -23.5978 0 0 0 0.729934 0.683518
1240.600000000 -28.8935 -23.5595 0 0 0 0.730345 0.683078
1240.700000000 -28.8962 -23.5229 0 0 0 0.730739 0.682657
1240.800000000 -28.8988 -23.488 0 0 0 0.731114 0.682255
1240.900000000 -28.9013 -23.4548 0 0 0 0.731471 0.681872
1241.000000000 -28.9041 -23.4182 0 0 0 0.731864 0.681451
1241.100000000 -28.9068 -23.3834 0 0 0 0.732239 0.681048
1241.200000000 -28.9095 -23.3485 0 0 0 0.732613 0.680645
1241.300000000 -28.9122 -23.3152 0 0 0 0.732969 0.680262
1241.400000000 -28.9147 -23.2837 0 0 0 0.733308 0.679897
1241.500000000 -28.9172 -23.2538 0 0 0 0.733628 0.679551
1241.600000000 -28.9197 -23.2239 0 0 0 0.733949 0.679205
1241.700000000 -28.9219 -23.1956 0 0 0 0.733949 0.679205
1241.800000000 -28.9241 -23.1674 0 0 0 0.733949 0.679205
1241.900000000 -28.9261 -23.1408 0 0 0 0.733949 0.679205
1242.000000000 -28.9281 -23.1159 0 0 0 0.733949 0.679205
1242.100000000 -28.93 -23.0909 0 0 0 0.733949 0.679205
1242.200000000 -28.9321 -23.0643 0 0 0 0.733949 0.679205
1242.300000000 -28.9341 -23.0378 0 0 0 0.733949 0.679205
1242.400000000 -28.9361 -23.0128 0 0 0 0.733949 0.679205
1242.500000000 -28.938 -22.9879 0 0 0 0.733949 0.679205
1242.600000000 -28.9401 -22.9613 0 0 0 0.733949 0.679205
1242.700000000 -28.9421 -22.9347 0 0 0 0.733949 0.679205
1242.800000000 -28.9442 -22.9082 0 0 0 0.733949 0.679205
1242.900000000 -28.9462 -22.8816 0 0 0 0.733949 0.679205
1243.000000000 -28.9483 -22.855 0 0 0 0.733949 0.679205
1243.100000000 -28.9504 -22.8284 0 0 0 0.733949 0.679205
1243.200000000 -28.9524 -22.8018 0 0 0 0.733949 0.679205
1243.300000000 -28.9544 -22.7769 0 0 0 0.733949 0.679205
1243.400000000 -28.9563 -22.752 0 0 0 0.733949 0.679205
1243.500000000 -28.9584 -22.7254 0 0 0 0.733949 0.679205
1243.600000000 -28.9604 -22.6988 0 0 0 0.733949 0.679205
1243.700000000 -28.9624 -22.6739 0 0 0 0.733949 0.679205
1243.800000000 -28.9648 -22.6423 0 0 0 0.733949 0.679205
1243.900000000 -28.9671 -22.6124 0 0 0 0.733949 0.679205
1244.000000000 -28.9693 -22.5841 0 0 0 0.733949 0.679205
1244.100000000 -28.9715 -22.5559 0 0 0 0.733949 0.679205
1244.200000000 -28.9736 -22.5293 0 0 0 0.733949 0.679205
1244.300000000 -28.9756 -22.5027 0 0 0 0.733949 0.679205
1244.400000000 -28.9777 -22.4761 0 0 0 0.733949 0.679205
1244.500000000 -28.9796 -22.4512 0 0 0 0.733949 0.679205
1244.600000000 -28.9817 -22.4246 0 0 0 0.733949 0.679205
1244.700000000 -28.9836 -22.3997 0 0 0 0.733949 0.679205
1244.800000000 -28.9856 -22.3748 0 0 0 0.733949 0.679205
1244.900000000 -28.9874 -22.3515 0 0 0 0.733949 0.679205
1245.000000000 -28.9893 -22.3266 0 0 0 0.733949 0.679205
1245.100000000 -28.9912 -22.3016 0 0 0 0.733949 0.679205
1245.200000000 -28.9932 -22.2767 0 0 0 0.733949 0.679205
1245.300000000 -28.995 -22.2535 0 0 0 0.733949 0.679205
1245.400000000 -28.9969 -22.2285 0 0 0 0.733949 0.679205
1245.500000000 -28.9988 -22.2036 0 0 0 0.733949 0.679205
1245.600000000 -29.0008 -22.1787 0 0 0 0.733949 0.679205
1245.700000000 -29.0026 -22.1554 0 0 0 0.733949 0.679205
1245.800000000 -29.0045 -22.1305 0 0 0 0.733949 0.679205
1245.900000000 -29.0063 -22.1072 0 0 0 0.733949 0.679205
1246.000000000 -29.0084 -22.0806 0 0 0 0.733949 0.679205
1246.100000000 -29.0099 -22.0557 0 0 0 0.73328 0.679927
1246.200000000 -29.0115 -22.0291 0 0 0 0.732566 0.680696
1246.300000000 -29.0131 -22.0024 0 0 0 0.731851 0.681464
1246.400000000 -29.0144 -21.9775 0 0 0 0.731181 0.682184
1246.500000000 -29.0159 -21.9508 0 0 0 0.730464 0.682951
1246.600000000 -29.0172 -21.9259 0 0 0 0.729792 0.683669
1246.700000000 -29.0185 -21.8992 0 0 0 0.729074 0.684434
1246.800000000 -29.0197 -21.8743 0 0 0 0.728401 0.685151
1246.900000000 -29.0208 -21.8493 0 0 0 0.727726 0.685868
1247.000000000 -29.0222 -21.816 0 0 0 0.726826 0.686822
1247.100000000 -29.0236 -21.7827 0 0 0 0.725925 0.687774
1247.200000000 -29.0249 -21.7494 0 0 0 0.725022 0.688726
1247.300000000 -29.026 -21.7177 0 0 0 0.724163 0.689629
1247.400000000 -29.0271 -21.6861 0 0 0 0.723303 0.690531
1247.500000000 -29.0281 -21.6527 0 0 0 0.722397 0.691479
1247.600000000 -29.029 -21.6211 0 0 0 0.721534 0.692379
1247.700000000 -29.0298 -21.5877 0 0 0 0.720626 0.693324
1247.800000000 -29.0306 -21.5544 0 0 0 0.719716 0.694269
1247.900000000 -29.0313 -21.5211 0 0 0 0.718804 0.695212
1248.000000000 -29.032 -21.4894 0 0 0 0.718285 0.695749
1248.100000000 -29.0327 -21.4578 0 0 0 0.717765 0.696285
1248.200000000 -29.0335 -21.4244 0 0 0 0.7174 0.696661
1248.300000000 -29.0343 -21.3911 0 0 0 0.717035 0.697037
1248.400000000 -29.035 -21.3578 0 0 0 0.71667 0.697412
1248.500000000 -29.0357 -21.3245 0 0 0 0.716305 0.697787
1248.600000000 -29.0364 -21.2928 0 0 0 0.715958 0.698144
1248.700000000 -29.037 -21.2578 0 0 0 0.715574 0.698537
1248.800000000 -29.0376 -21.2245 0 0 0 0.715208 0.698912
1248.900000000 -29.0382 -21.1912 0 0 0 0.714841 0.699287
1249.000000000 -29.0387 -21.1595 0 0 0 0.714493 0.699642
1249.100000000 -29.0391 -21.1278 0 0 0 0.714145 0.699998
1249.200000000 -29.0396 -21.0945 0 0 0 0.713778 0.700372
1249.300000000 -29.04 -21.0612 0 0 0 0.713412 0.700745
1249.400000000 -29.0404 -21.0278 0 0 0 0.713044 0.701119
1249.500000000 -29.0408 -20.9945 0 0 0 0.712677 0.701492
1249.600000000 -29.0411 -20.9628 0 0 0 0.712328 0.701847
1249.700000000 -29.0414 -20.9278 0 0 0 0.711942 0.702238
1249.800000000 -29.0416 -20.8945 0 0 0 0.711574 0.702611
1249.900000000 -29.0418 -20.8628 0 0 0 0.711224 0.702965
1250.000000000 -29.042 -20.8295 0 0 0 0.710856 0.703338
1250.100000000 -29.0422 -20.7962 0 0 0 0.710672 0.703524
1250.200000000 -29.0425 -20.7645 0 0 0 0.710497 0.7037
1250.300000000 -29.0426 -20.7345 0 0 0 0.710331 0.703868
1250.400000000 -29.0428 -20.7012 0 0 0 0.710147 0.704054
1250.500000000 -29.043 -20.6678 0 0 0 0.709962 0.70424
1250.600000000 -29.0432 -20.6362 0 0 0 0.709787 0.704416
1250.700000000 -29.0433 -20.6028 0 0 0 0.709603 0.704602
1250.800000000 -29.0435 -20.5712 0 0 0 0.709427 0.704779
1250.900000000 -29.0436 -20.5378 0 0 0 0.709243 0.704964
1251.000000000 -29.0437 -20.5045 0 0 0 0.709058 0.70515
1251.100000000 -29.0439 -20.4712 0 0 0 0.709058 0.70515
1251.200000000 -29.044 -20.4395 0 0 0 0.709058 0.70515
1251.300000000 -29.0442 -20.4045 0 0 0 0.709058 0.70515
1251.400000000 -29.0444 -20.3712 0 0 0 0.709058 0.70515
1251.500000000 -29.0446 -20.3378 0 0 0 0.709058 0.70515
1251.600000000 -29.0448 -20.3045 0 0 0 0.709058 0.70515
1251.700000000 -29.045 -20.2728 0 0 0 0.709058 0.70515
1251.800000000 -29.0451 -20.2412 0 0 0 0.709058 0.70515
1251.900000000 -29.0453 -20.2078 0 0 0 0.709058 0.70515
1252.000000000 -29.0455 -20.1762 0 0 0 0.709058 0.70515
1252.100000000 -29.0457 -20.1462 0 0 0 0.709058 0.70515
1252.200000000 -29.0458 -20.1162 0 0 0 0.709058 0.70515
1252.300000000 -29.046 -20.0878 0 0 0 0.709058 0.70515
1252.400000000 -29.0461 -20.0612 0 0 0 0.709058 0.70515
1252.500000000 -29.0463 -20.0345 0 0 0 0.709058 0.70515
1252.600000000 -29.0464 -20.0095 0 0 0 0.709058 0.70515
1252.700000000 -29.0465 -19.9845 0 0 0 0.709058 0.70515
1252.800000000 -29.0467 -19.9612 0 0 0 0.709058 0.70515
1252.900000000 -29.0468 -19.9379 0 0 0 0.709058 0.70515
1253.000000000 -29.0469 -19.9162 0 0 0 0.709058 0.70515
1253.100000000 -29.047 -19.8945 0 0 0 0.709058 0.70515
1253.200000000 -29.0472 -19.8745 0 0 0 0.709058 0.70515
1253.300000000 -29.0473 -19.8545 0 0 0 0.709058 0.70515
1253.400000000 -29.0474 -19.8362 0 0 0 0.709058 0.70515
1253.500000000 -29.0475 -19.8162 0 0 0 0.709058 0.70515
1253.600000000 -29.0476 -19.7962 0 0 0 0.709058 0.70515
1253.700000000 -29.0477 -19.7779 0 0 0 0.709058 0.70515
1253.800000000 -29.0478 -19.7579 0 0 0 0.709058 0.70515
1253.900000000 -29.0479 -19.7379 0 0 0 0.709058 0.70515
1254.000000000 -29.048 -19.7179 0 0 0 0.709058 0.70515
1254.100000000 -29.0481 -19.6979 0 0 0 0.709058 0.70515
1254.200000000 -29.0482 -19.6779 0 0 0 0.709058 0.70515
1254.300000000 -29.0484 -19.6562 0 0 0 0.709058 0.70515
1254.400000000 -29.0485 -19.6362 0 0 0 0.709058 0.70515
1254.500000000 -29.0486 -19.6162 0 0 0 0.709058 0.70515
1254.600000000 -29.0487 -19.5979 0 0 0 0.709058 0.70515
1254.700000000 -29.0488 -19.5712 0 0 0 0.709058 0.70515
1254.800000000 -29.049 -19.5462 0 0 0 0.709058 0.70515
1254.900000000 -29.0491 -19.5195 0 0 0 0.709058 0.70515
1255.000000000 -29.0493 -19.4945 0 0 0 0.709058 0.70515
1255.100000000 -29.0494 -19.4679 0 0 0 0.709058 0.70515
1255.200000000 -29.0495 -19.4429 0 0 0 0.709058 0.70515
1255.300000000 -29.0497 -19.4179 0 0 0 0.709058 0.70515
1255.400000000 -29.0498 -19.3912 0 0 0 0.709058 0.70515
1255.500000000 -29.05 -19.3629 0 0 0 0.709058 0.70515
1255.600000000 -29.0501 -19.3362 0 0 0 0.709058 0.70515
1255.700000000 -29.0503 -19.3112 0 0 0 0.709058 0.70515
1255.800000000 -29.0504 -19.2845 0 0 0 0.709058 0.70515
1255.900000000 -29.0506 -19.2579 0 0 0 0.709058 0.70515
1256.000000000 -29.0507 -19.2312 0 0 0 0.709058 0.70515
1256.100000000 -29.0508 -19.2062 0 0 0 0.709058 0.70515
1256.200000000 -29.051 -19.1795 0 0 0 0.709058 0.70515
1256.300000000 -29.0511 -19.1545 0 0 0 0.709058 0.70515
1256.400000000 -29.0513 -19.1279 0 0 0 0.709058 0.70515
1256.500000000 -29.0514 -19.1012 0 0 0 0.709058 0.70515
1256.600000000 -29.0516 -19.0745 0 0 0 0.709058 0.70515
1256.700000000 -29.0517 -19.0479 0 0 0 0.709058 0.70515
1256.800000000 -29.0519 -19.0229 0 0 0 0.709058 0.70515
1256.900000000 -29.052 -18.9962 0 0 0 0.709058 0.70515
1257.000000000 -29.0521 -18.9712 0 0 0 0.709058 0.70515
1257.100000000 -29.0523 -18.9445 0 0 0 0.709058 0.70515
1257.200000000 -29.0524 -18.9195 0 0 0 0.709058 0.70515
1257.300000000 -29.0526 -18.8945 0 0 0 0.709058 0.70515
1257.400000000 -29.0527 -18.8679 0 0 0 0.709058 0.70515
1257.500000000 -29.0529 -18.8412 0 0 0 0.709058 0.70515
1257.600000000 -29.053 -18.8162 0 0 0 0.709058 0.70515
1257.700000000 -29.0532 -18.7895 0 0 0 0.709058 0.70515
1257.800000000 -29.0533 -18.7645 0 0 0 0.709058 0.70515
1257.900000000 -29.0534 -18.7395 0 0 0 0.709058 0.70515
1258.000000000 -29.0536 -18.7145 0 0 0 0.709058 0.70515
1258.100000000 -29.0537 -18.6912 0 0 0 0.709058 0.70515
1258.200000000 -29.0538 -18.6645 0 0 0 0.709058 0.70515
1258.300000000 -29.054 -18.6379 0 0 0 0.709058 0.70515
1258.400000000 -29.0541 -18.6112 0 0 0 0.709058 0.70515
1258.500000000 -29.0543 -18.5862 0 0 0 0.709058 0.70515
1258.600000000 -29.0544 -18.5595 0 0 0 0.709058 0.70515
1258.700000000 -29.0546 -18.5345 0 0 0 0.709058 0.70515
1258.800000000 -29.0547 -18.5095 0 0 0 0.709058 0.70515
1258.900000000 -29.0548 -18.4862 0 0 0 0.709058 0.70515
1259.000000000 -29.055 -18.4595 0 0 0 0.709058 0.70515
1259.100000000 -29.0551 -18.4329 0 0 0 0.709058 0.70515
1259.200000000 -29.0553 -18.4062 0 0 0 0.709058 0.70515
1259.300000000 -29.0554 -18.3812 0 0 0 0.709058 0.70515
1259.400000000 -29.0555 -18.3562 0 0 0 0.709058 0.70515
1259.500000000 -29.0557 -18.3295 0 0 0 0.709058 0.70515
1259.600000000 -29.0558 -18.3045 0 0 0 0.709058 0.70515
1259.700000000 -29.056 -18.2779 0 0 0 0.709058 0.70515
1259.800000000 -29.0561 -18.2529 0 0 0 0.709058 0.70515
1259.900000000 -29.0563 -18.2262 0 0 0 0.709058 0.70515
1260.000000000 -29.0564 -18.2012 0 0 0 0.709058 0.70515
1260.100000000 -29.0565 -18.1762 0 0 0 0.709058 0.70515
1260.200000000 -29.0567 -18.1495 0 0 0 0.709058 0.70515
1260.300000000 -29.0568 -18.1229 0 0 0 0.709058 0.70515
1260.400000000 -29.057 -18.0962 0 0 0 0.709058 0.70515
1260.500000000 -29.0571 -18.0712 0 0 0 0.709058 0.70515
1260.600000000 -29.0573 -18.0445 0 0 0 0.709058 0.70515
1260.700000000 -29.0574 -18.0179 0 0 0 0.709058 0.70515
1260.800000000 -29.0576 -17.9912 0 0 0 0.709058 0.70515
1260.900000000 -29.0577 -17.9662 0 0 0 0.709058 0.70515
1261.000000000 -29.0578 -17.9395 0 0 0 0.709058 0.70515
1261.100000000 -29.058 -17.9145 0 0 0 0.709058 0.70515
1261.200000000 -29.0581 -17.8879 0 0 0 0.709058 0.70515
1261.300000000 -29.0583 -17.8612 0 0 0 0.709058 0.70515
1261.400000000 -29.0584 -17.8362 0 0 0 0.709058 0.70515
1261.500000000 -29.0586 -17.8096 0 0 0 0.709058 0.70515
1261.600000000 -29.0587 -17.7846 0 0 0 0.709058 0.70515
1261.700000000 -29.0588 -17.7596 0 0 0 0.709058 0.70515
1261.800000000 -29.059 -17.7329 0 0 0 0.709058 0.70515
1261.900000000 -29.0591 -17.7062 0 0 0 0.709058 0.70515
1262.000000000 -29.0593 -17.6812 0 0 0 0.709058 0.70515
1262.100000000 -29.0598 -17.6546 0 0 0 0.709649 0.704555
1262.200000000 -29.0603 -17.6296 0 0 0 0.710203 0.703997
1262.300000000 -29.0608 -17.6046 0 0 0 0.710757 0.703438
1262.400000000 -29.0614 -17.5779 0 0 0 0.711347 0.702841
1262.500000000 -29.0621 -17.5512 0 0 0 0.711936 0.702244
1262.600000000 -29.0627 -17.5262 0 0 0 0.712488 0.701684
1262.700000000 -29.0634 -17.5029 0 0 0 0.713003 0.701161
1262.800000000 -29.0641 -17.4763 0 0 0 0.713591 0.700563
1262.900000000 -29.065 -17.4496 0 0 0 0.714178 0.699964
1263.000000000 -29.0658 -17.423 0 0 0 0.714765 0.699365
1263.100000000 -29.0668 -17.3963 0 0 0 0.715351 0.698765
1263.200000000 -29.0673 -17.3696 0 0 0 0.715205 0.698915
1263.300000000 -29.0678 -17.3446 0 0 0 0.715068 0.699055
1263.400000000 -29.0683 -17.318 0 0 0 0.714921 0.699205
1263.500000000 -29.0688 -17.2913 0 0 0 0.714775 0.699355
1263.600000000 -29.0693 -17.2647 0 0 0 0.714628 0.699504
1263.700000000 -29.0698 -17.2397 0 0 0 0.714491 0.699645
1263.800000000 -29.0703 -17.208 0 0 0 0.714317 0.699822
1263.900000000 -29.0709 -17.1747 0 0 0 0.714134 0.700009
1264.000000000 -29.0715 -17.143 0 0 0 0.71396 0.700187
1264.100000000 -29.072 -17.1097 0 0 0 0.713776 0.700374
1264.200000000 -29.073 -17.0847 0 0 0 0.714742 0.699388
1264.300000000 -29.0741 -17.0614 0 0 0 0.715772 0.698334
1264.400000000 -29.0752 -17.0397 0 0 0 0.716727 0.697354
1264.500000000 -29.0763 -17.0181 0 0 0 0.717681 0.696372
1264.600000000 -29.0775 -16.9981 0 0 0 0.71856 0.695465
1264.700000000 -29.0786 -16.9781 0 0 0 0.719438 0.694557
1264.800000000 -29.0798 -16.9582 0 0 0 0.720315 0.693647
1264.900000000 -29.0812 -16.9365 0 0 0 0.721264 0.692661
1265.000000000 -29.0825 -16.9166 0 0 0 0.722138 0.691749
1265.100000000 -29.084 -16.895 0 0 0 0.723084 0.69076
1265.200000000 -29.0854 -16.875 0 0 0 0.723956 0.689846
1265.300000000 -29.0869 -16.8551 0 0 0 0.724827 0.688931
1265.400000000 -29.0883 -16.8368 0 0 0 0.725624 0.688091
1265.500000000 -29.0898 -16.8168 0 0 0 0.726493 0.687174
1265.600000000 -29.0914 -16.7969 0 0 0 0.72736 0.686256
1265.700000000 -29.0931 -16.777 0 0 0 0.728227 0.685336
1265.800000000 -29.0948 -16.757 0 0 0 0.729092 0.684416
1265.900000000 -29.0966 -16.7371 0 0 0 0.729956 0.683494
1266.000000000 -29.0988 -16.7172 0 0 0 0.731482 0.681861
1266.100000000 -29.1012 -16.6973 0 0 0 0.733117 0.680103
1266.200000000 -29.1042 -16.6741 0 0 0 0.735284 0.677759
1266.300000000 -29.1074 -16.651 0 0 0 0.737577 0.675263
1266.400000000 -29.1106 -16.6295 0 0 0 0.739699 0.672938
1266.500000000 -29.1139 -16.6081 0 0 0 0.741813 0.670607
1266.600000000 -29.1171 -16.5883 0 0 0 0.743758 0.668449
1266.700000000 -29.1203 -16.5686 0 0 0 0.745697 0.666285
1266.800000000 -29.1234 -16.5505 0 0 0 0.747469 0.664297
1266.900000000 -29.1267 -16.5324 0 0 0 0.749235 0.662304
1267.000000000 -29.1403 -16.4585 0 0 0 0.756643 0.653829
1267.100000000 -29.1562 -16.3856 0 0 0 0.764919 0.644127
1267.200000000 -29.1739 -16.3142 0 0 0 0.773377 0.633946
1267.300000000 -29.1935 -16.2432 0 0 0 0.7817 0.623655
1267.400000000 -29.215 -16.1727 0 0 0 0.789886 0.613254
1267.500000000 -29.2383 -16.1029 0 0 0 0.797933 0.602746
1267.600000000 -29.2635 -16.0337 0 0 0 0.805841 0.592132
1267.700000000 -29.2905 -15.9651 0 0 0 0.813608 0.581414
1267.800000000 -29.3193 -15.8973 0 0 0 0.821232 0.570595
1267.900000000 -29.3499 -15.8304 0 0 0 0.828712 0.559675
1268.000000000 -29.3822 -15.7642 0 0 0 0.836047 0.548658
1268.100000000 -29.4163 -15.6989 0 0 0 0.843236 0.537544
1268.200000000 -29.4519 -15.6355 0 0 0 0.850527 0.525932
1268.300000000 -29.4892 -15.5731 0 0 0 0.857658 0.51422
1268.400000000 -29.5282 -15.5117 0 0 0 0.864628 0.502412
1268.500000000 -29.5688 -15.4514 0 0 0 0.871436 0.490509
1268.600000000 -29.6111 -15.3923 0 0 0 0.87808 0.478514
1268.700000000 -29.655 -15.3344 0 0 0 0.884558 0.466429
1268.800000000 -29.7005 -15.2776 0 0 0 0.890871 0.454257
1268.900000000 -29.7475 -15.2222 0 0 0 0.897016 0.441999
1269.000000000 -29.7961 -15.168 0 0 0 0.902992 0.429658
1269.100000000 -29.846 -15.1152 0 0 0 0.908798 0.417236
1269.200000000 -29.8968 -15.06 0 0 0 0.91138 0.411566
1269.300000000 -29.9481 -15.0052 0 0 0 0.913674 0.406449
1269.400000000 -30 -14.951 0 0 0 0.915939 0.401319
1269.500000000 -30.0524 -14.8974 0 0 0 0.918175 0.396176
1269.600000000 -30.1055 -14.8444 0 0 0 0.920382 0.39102
1269.700000000 -30.1592 -14.792 0 0 0 0.92256 0.385853
1269.800000000 -30.2134 -14.7402 0 0 0 0.92471 0.380673
1269.900000000 -30.2683 -14.689 0 0 0 0.92683 0.375481
1270.000000000 -30.3237 -14.6384 0 0 0 0.928921 0.370278
1270.100000000 -30.3797 -14.5884 0 0 0 0.930983 0.365062
1270.200000000 -30.4347 -14.5374 0 0 0 0.930983 0.365062
1270.300000000 -30.4895 -14.4862 0 0 0 0.9307 0.365782
1270.400000000 -30.5442 -14.4349 0 0 0 0.930417 0.366502
1270.500000000 -30.5988 -14.3836 0 0 0 0.930134 0.367221
1270.600000000 -30.6534 -14.3321 0 0 0 0.929849 0.36794
1270.700000000 -30.7079 -14.2806 0 0 0 0.929565 0.368659
1270.800000000 -30.7623 -14.2289 0 0 0 0.929279 0.369378
1270.900000000 -30.8166 -14.1772 0 0 0 0.928993 0.370097
1271.000000000 -30.8708 -14.1254 0 0 0 0.928707 0.370815
1271.100000000 -30.925 -14.0735 0 0 0 0.92842 0.371533
1271.200000000 -30.9791 -14.0216 0 0 0 0.928132 0.372251
1271.300000000 -31.0331 -13.9695 0 0 0 0.927844 0.372969
1271.400000000 -31.087 -13.9174 0 0 0 0.927555 0.373686
1271.500000000 -31.1408 -13.8652 0 0 0 0.927266 0.374403
1271.600000000 -31.1946 -13.8129 0 0 0 0.926976 0.37512
1271.700000000 -31.2483 -13.7605 0 0 0 0.926686 0.375837
1271.800000000 -31.3019 -13.708 0 0 0 0.926395 0.376553
1271.900000000 -31.3554 -13.6555 0 0 0 0.926103 0.37727
1272.000000000 -31.4088 -13.6029 0 0 0 0.925811 0.377986
1272.100000000 -31.462 -13.5499 0 0 0 0.925235 0.379396
1272.200000000 -31.5151 -13.4971 0 0 0 0.924941 0.380111
1272.300000000 -31.5683 -13.4441 0 0 0 0.924647 0.380826
1272.400000000 -31.6213 -13.3911 0 0 0 0.924352 0.381541
1272.500000000 -31.6742 -13.3379 0 0 0 0.924057 0.382256
1272.600000000 -31.7271 -13.2847 0 0 0 0.923761 0.38297
1272.700000000 -31.7799 -13.2315 0 0 0 0.923464 0.383685
1272.800000000 -31.8326 -13.1781 0 0 0 0.923167 0.384399
1272.900000000 -31.8852 -13.1246 0 0 0 0.92287 0.385112
1273.000000000 -31.9377 -13.0711 0 0 0 0.922572 0.385826
1273.100000000 -31.9902 -13.0175 0 0 0 0.922273 0.386539
1273.200000000 -32.0428 -12.964 0 0 0 0.922273 0.386539
1273.300000000 -32.0953 -12.9106 0 0 0 0.922273 0.386539
1273.400000000 -32.1479 -12.8571 0 0 0 0.922273 0.386539
1273.500000000 -32.2005 -12.8036 0 0 0 0.922273 0.386539
1273.600000000 -32.2531 -12.7501 0 0 0 0.922273 0.386539
1273.700000000 -32.3057 -12.6967 0 0 0 0.922273 0.386539
1273.800000000 -32.3583 -12.6432 0 0 0 0.922273 0.386539
1273.900000000 -32.4109 -12.5897 0 0 0 0.922273 0.386539
1274.000000000 -32.4635 -12.5362 0 0 0 0.922273 0.386539
1274.100000000 -32.5161 -12.4828 0 0 0 0.922273 0.386539
1274.200000000 -32.5676 -12.4283 0 0 0 0.920857 0.389901
1274.300000000 -32.6185 -12.3732 0 0 0 0.919165 0.393874
1274.400000000 -32.669 -12.3177 0 0 0 0.917455 0.397839
1274.500000000 -32.7188 -12.2616 0 0 0 0.915466 0.402395
1274.600000000 -32.7681 -12.205 0 0 0 0.913454 0.406941
1274.700000000 -32.8167 -12.148 0 0 0 0.91142 0.411477
1274.800000000 -32.8648 -12.0904 0 0 0 0.909363 0.416003
1274.900000000 -32.9124 -12.0324 0 0 0 0.907284 0.420518
1275.000000000 -32.9593 -11.9738 0 0 0 0.905182 0.425024
1275.100000000 -33.0055 -11.9147 0 0 0 0.902785 0.430093
1275.200000000 -33.0512 -11.8552 0 0 0 0.900635 0.434576
1275.300000000 -33.0961 -11.7951 0 0 0 0.898184 0.43962
1275.400000000 -33.1403 -11.7345 0 0 0 0.895705 0.44465
1275.500000000 -33.1839 -11.6735 0 0 0 0.893197 0.449666
1275.600000000 -33.2267 -11.6119 0 0 0 0.890661 0.454668
1275.700000000 -33.2689 -11.5498 0 0 0 0.888097 0.459655
1275.800000000 -33.3104 -11.4873 0 0 0 0.885506 0.464629
1275.900000000 -33.3511 -11.4243 0 0 0 0.882886 0.469587
1276.000000000 -33.3912 -11.3609 0 0 0 0.880239 0.474531
1276.100000000 -33.4305 -11.297 0 0 0 0.877564 0.47946
1276.200000000 -33.4692 -11.2327 0 0 0 0.874861 0.484374
1276.300000000 -33.5071 -11.168 0 0 0 0.872131 0.489272
1276.400000000 -33.5442 -11.1028 0 0 0 0.869374 0.494156
1276.500000000 -33.5807 -11.0372 0 0 0 0.866589 0.499023
1276.600000000 -33.6164 -10.9712 0 0 0 0.863776 0.503875
1276.700000000 -33.6513 -10.9049 0 0 0 0.860937 0.508711
1276.800000000 -33.6855 -10.8381 0 0 0 0.858071 0.513531
1276.900000000 -33.7188 -10.7708 0 0 0 0.854855 0.518867
1277.000000000 -33.7514 -10.7033 0 0 0 0.851932 0.523653
1277.100000000 -33.7833 -10.6354 0 0 0 0.848982 0.528422
1277.200000000 -33.8144 -10.5671 0 0 0 0.846005 0.533175
1277.300000000 -33.8447 -10.4985 0 0 0 0.843002 0.537911
1277.400000000 -33.8742 -10.4295 0 0 0 0.839972 0.54263
1277.500000000 -33.903 -10.3602 0 0 0 0.836916 0.547332
1277.600000000 -33.931 -10.2906 0 0 0 0.833833 0.552017
1277.700000000 -33.9583 -10.2207 0 0 0 0.830724 0.556684
1277.800000000 -33.9847 -10.1505 0 0 0 0.827589 0.561334
1277.900000000 -34.0103 -10.08 0 0 0 0.824428 0.565966
1278.000000000 -34.0352 -10.0092 0 0 0 0.821241 0.570581
1278.100000000 -34.0593 -9.93818 0 0 0 0.818029 0.575177
1278.200000000 -34.0825 -9.86685 0 0 0 0.81479 0.579756
1278.300000000 -34.105 -9.79527 0 0 0 0.811526 0.584316
1278.400000000 -34.1266 -9.72345 0 0 0 0.808237 0.588858
1278.500000000 -34.1477 -9.65145 0 0 0 0.805299 0.592868
1278.600000000 -34.1681 -9.57926 0 0 0 0.802342 0.596864
1278.700000000 -34.1877 -9.50686 0 0 0 0.799365 0.600846
1278.800000000 -34.2067 -9.43428 0 0 0 0.796368 0.604812
1278.900000000 -34.2249 -9.3615 0 0 0 0.793352 0.608763
1279.000000000 -34.2424 -9.28855 0 0 0 0.790316 0.6127
1279.100000000 -34.2591 -9.21543 0 0 0 0.78726 0.616621
1279.200000000 -34.2749 -9.14209 0 0 0 0.78379 0.621026
1279.300000000 -34.2899 -9.06858 0 0 0 0.780295 0.625412
1279.400000000 -34.304 -8.9949 0 0 0 0.776775 0.629778
1279.500000000 -34.3173 -8.92107 0 0 0 0.773231 0.634124
1279.600000000 -34.3298 -8.84709 0 0 0 0.769663 0.638451
1279.700000000 -34.3415 -8.77298 0 0 0 0.76607 0.642757
1279.800000000 -34.3523 -8.69875 0 0 0 0.762454 0.647043
1279.900000000 -34.3623 -8.62439 0 0 0 0.758813 0.651309
1280.000000000 -34.3715 -8.54994 0 0 0 0.755236 0.655453
1280.100000000 -34.38 -8.4754 0 0 0 0.751776 0.659419
1280.200000000 -34.3872 -8.4024 0 0 0 0.747933 0.663774
1280.300000000 -34.3933 -8.33265 0 0 0 0.744242 0.66791
1280.400000000 -34.3985 -8.26449 0 0 0 0.740617 0.671927
1280.500000000 -34.4028 -8.19961 0 0 0 0.737149 0.675731
1280.600000000 -34.4063 -8.13635 0 0 0 0.73375 0.679419
1280.700000000 -34.409 -8.07639 0 0 0 0.730514 0.682898
1280.800000000 -34.4111 -8.01807 0 0 0 0.727351 0.686265
1280.900000000 -34.4126 -7.96141 0 0 0 0.724264 0.689523
1281.000000000 -34.4135 -7.9064 0 0 0 0.721254 0.692671
1281.100000000 -34.414 -7.85304 0 0 0 0.718322 0.695711
1281.200000000 -34.4191 -7.77819 0 0 0 0.723061 0.690784
1281.300000000 -34.4282 -7.70791 0 0 0 0.7331 0.680121
1281.400000000 -34.4396 -7.63977 0 0 0 0.743589 0.668637
1281.500000000 -34.453 -7.57202 0 0 0 0.753898 0.656991
1281.600000000 -34.4686 -7.50472 0 0 0 0.764025 0.645187
1281.700000000 -34.4862 -7.43793 0 0 0 0.773967 0.633226
1281.800000000 -34.506 -7.37173 0 0 0 0.783722 0.621112
1281.900000000 -34.5277 -7.30617 0 0 0 0.793287 0.608848
1282.000000000 -34.5515 -7.24133 0 0 0 0.80266 0.596437
1282.100000000 -34.5773 -7.17725 0 0 0 0.811839 0.583881
1282.200000000 -34.6033 -7.12844 0 0 0 0.824847 0.565356
1282.300000000 -34.6314 -7.08086 0 0 0 0.837433 0.546541
1282.400000000 -34.6616 -7.03459 0 0 0 0.849589 0.527445
1282.500000000 -34.6939 -6.98974 0 0 0 0.86131 0.50808
1282.600000000 -34.7282 -6.9464 0 0 0 0.87259 0.488454
1282.700000000 -34.7644 -6.90466 0 0 0 0.883422 0.468578
1282.800000000 -34.8025 -6.8646 0 0 0 0.893802 0.448462
1282.900000000 -34.8424 -6.8263 0 0 0 0.903724 0.428116
1283.000000000 -34.8843 -6.78913 0 0 0 0.913021 0.407913
1283.100000000 -34.9278 -6.75385 0 0 0 0.921866 0.387508
1283.200000000 -34.9729 -6.72055 0 0 0 0.930256 0.366912
1283.300000000 -35.0194 -6.68928 0 0 0 0.938185 0.346134
1283.400000000 -35.0672 -6.66011 0 0 0 0.945651 0.325185
1283.500000000 -35.1163 -6.6331 0 0 0 0.952648 0.304075
1283.600000000 -35.166 -6.60889 0 0 0 0.959287 0.282434
1283.700000000 -35.2167 -6.58696 0 0 0 0.965434 0.260648
1283.800000000 -35.269 -6.5668 0 0 0 0.970991 0.239114
1283.900000000 -35.3228 -6.54847 0 0 0 0.975982 0.217851
1284.000000000 -35.3773 -6.53251 0 0 0 0.980507 0.196483
1284.100000000 -35.4324 -6.51894 0 0 0 0.984565 0.175022
1284.200000000 -35.4881 -6.5078 0 0 0 0.988152 0.153477
1284.300000000 -35.5443 -6.4991 0 0 0 0.991268 0.13186
1284.400000000 -35.6007 -6.49286 0 0 0 0.993912 0.110179
1284.500000000 -35.6566 -6.48942 0 0 0 0.996116 0.0880488
1284.600000000 -35.7134 -6.48817 0 0 0 0.997802 0.0662726
1284.700000000 -35.7702 -6.4894 0 0 0 0.999011 0.0444647
1284.800000000 -35.8269 -6.49312 0 0 0 0.999744 0.0226357
1284.900000000 -35.8834 -6.4993 0 0 0 1 0.000795865
1285.000000000 -35.9395 -6.50795 0 0 0 0.999779 -0.0210443
1285.100000000 -35.9952 -6.51903 0 0 0 0.99908 -0.0428745
1285.200000000 -36.0504 -6.53254 0 0 0 0.997906 -0.0646842
1285.300000000 -36.1049 -6.54845 0 0 0 0.996255 -0.0864631
1285.400000000 -36.1587 -6.56672 0 0 0 0.994129 -0.108201
1285.500000000 -36.2116 -6.58733 0 0 0 0.991529 -0.129887
1285.600000000 -36.2636 -6.61022 0 0 0 0.988456 -0.151511
1285.700000000 -36.3137 -6.63528 0 0 0 0.984842 -0.173455
1285.800000000 -36.3627 -6.66254 0 0 0 0.980741 -0.195313
1285.900000000 -36.4104 -6.69195 0 0 0 0.976155 -0.217074
1286.000000000 -36.4674 -6.72609 0 0 0 0.972353 -0.233517
1286.100000000 -36.5233 -6.76213 0 0 0 0.968273 -0.249894
1286.200000000 -36.5779 -6.80004 0 0 0 0.963918 -0.266199
1286.300000000 -36.6312 -6.83977 0 0 0 0.959288 -0.282428
1286.400000000 -36.6839 -6.88161 0 0 0 0.954516 -0.298161
1286.500000000 -36.7353 -6.92516 0 0 0 0.949485 -0.313812
1286.600000000 -36.7852 -6.97037 0 0 0 0.944198 -0.329379
1286.700000000 -36.8344 -7.01761 0 0 0 0.938807 -0.344443
1286.800000000 -36.882 -7.06641 0 0 0 0.933176 -0.359419
1286.900000000 -36.9289 -7.11717 0 0 0 0.927474 -0.373889
1287.000000000 -36.9733 -7.16887 0 0 0 0.921373 -0.388679
1287.100000000 -37.0169 -7.22248 0 0 0 0.915217 -0.402962
1287.200000000 -37.0588 -7.27743 0 0 0 0.908839 -0.417147
1287.300000000 -37.0989 -7.33365 0 0 0 0.902241 -0.431232
1287.400000000 -37.1387 -7.39228 0 0 0 0.895829 -0.444398
1287.500000000 -37.1768 -7.45206 0 0 0 0.889225 -0.457469
1287.600000000 -37.2131 -7.51292 0 0 0 0.882431 -0.470442
1287.700000000 -37.2476 -7.57483 0 0 0 0.875447 -0.483314
1287.800000000 -37.2802 -7.63771 0 0 0 0.868275 -0.496082
1287.900000000 -37.3111 -7.70153 0 0 0 -0.860918 0.508744
1288.000000000 -37.3412 -7.76768 0 0 0 -0.853861 0.520501
1288.100000000 -37.3696 -7.83464 0 0 0 -0.846644 0.53216
1288.200000000 -37.3966 -7.90313 0 0 0 -0.839526 0.543319
1288.300000000 -37.4225 -7.97312 0 0 0 -0.832529 0.553981
1288.400000000 -37.4465 -8.04374 0 0 0 -0.825397 0.564552
1288.500000000 -37.4682 -8.11412 0 0 0 -0.817853 0.575428
1288.600000000 -37.4889 -8.18631 0 0 0 -0.810736 0.585412
1288.700000000 -37.5078 -8.25899 0 0 0 -0.803497 0.595309
1288.800000000 -37.5252 -8.33206 0 0 0 -0.796438 0.60472
1288.900000000 -37.5329 -8.39068 0 0 0 -0.78379 0.621026
1289.000000000 -37.5316 -8.43472 0 0 0 -0.765738 0.643153
1289.100000000 -37.5212 -8.46186 0 0 0 -0.741256 0.671222
1289.200000000 -37.5077 -8.48418 0 0 0 -0.71434 0.699799
1289.300000000 -37.4924 -8.50536 0 0 0 -0.686323 0.727297
1289.400000000 -37.4755 -8.52528 0 0 0 -0.657248 0.753675
1289.500000000 -37.4572 -8.54382 0 0 0 -0.62716 0.778891
1289.600000000 -37.4374 -8.56085 0 0 0 -0.596105 0.802906
1289.700000000 -37.4164 -8.5752 0 0 0 -0.563698 0.825981
1289.800000000 -37.3944 -8.58785 0 0 0 -0.530399 0.847748
1289.900000000 -37.3712 -8.59975 0 0 0 -0.496717 0.867913
1290.000000000 -37.3534 -8.59176 0 0 0 -0.454076 0.890963
1290.100000000 -37.3379 -8.57922 0 0 0 -0.408979 0.912544
1290.200000000 -37.3236 -8.56518 0 0 0 -0.36286 0.931844
1290.300000000 -37.3108 -8.5498 0 0 0 -0.315834 0.948814
1290.400000000 -37.2997 -8.53322 0 0 0 -0.268018 0.963414
1290.500000000 -37.2902 -8.5156 0 0 0 -0.219533 0.975605
1290.600000000 -37.2826 -8.49713 0 0 0 -0.170498 0.985358
1290.700000000 -37.2768 -8.47799 0 0 0 -0.121038 0.992648
1290.800000000 -37.273 -8.45837 0 0 0 -0.0712749 0.997457
1290.900000000 -37.2711 -8.43846 0 0 0 -0.0213338 0.999772
1291.000000000 -37.2713 -8.41847 0 0 0 0.0286607 0.999589
1291.100000000 -37.2734 -8.3986 0 0 0 0.0785835 0.996908
1291.200000000 -37.2775 -8.37903 0 0 0 0.12831 0.991734
1291.300000000 -37.2836 -8.35998 0 0 0 0.177716 0.984082
1291.400000000 -37.2915 -8.34162 0 0 0 0.226677 0.97397
1291.500000000 -37.3012 -8.32415 0 0 0 0.275072 0.961424
1291.600000000 -37.3126 -8.30773 0 0 0 0.322779 0.946474
1291.700000000 -37.3256 -8.29254 0 0 0 0.36968 0.929159
1291.800000000 -37.3401 -8.27871 0 0 0 0.415657 0.909522
1291.900000000 -37.3558 -8.2664 0 0 0 0.460594 0.887611
1292.000000000 -37.3727 -8.25572 0 0 0 0.504381 0.863481
1292.100000000 -37.3814 -8.23599 0 0 0 0.54117 0.840913
1292.200000000 -37.391 -8.21608 0 0 0 0.576467 0.81712
1292.300000000 -37.4023 -8.19706 0 0 0 0.610719 0.791847
1292.400000000 -37.4151 -8.17907 0 0 0 0.643865 0.765139
1292.500000000 -37.4295 -8.16224 0 0 0 0.675844 0.737045
1292.600000000 -37.4452 -8.14668 0 0 0 0.706599 0.707615
1292.700000000 -37.4622 -8.13252 0 0 0 0.736073 0.676903
1292.800000000 -37.4803 -8.11986 0 0 0 0.764213 0.644964
1292.900000000 -37.4995 -8.10878 0 0 0 0.790969 0.611857
1293.000000000 -37.5195 -8.09938 0 0 0 0.816291 0.577641
1293.100000000 -37.5402 -8.0917 0 0 0 0.840134 0.542378
1293.200000000 -37.5662 -8.06592 0 0 0 0.857413 0.514628
1293.300000000 -37.5987 -8.02595 0 0 0 0.869816 0.493376
1293.400000000 -37.6369 -7.97675 0 0 0 0.879032 0.476763
1293.500000000 -37.6773 -7.92825 0 0 0 0.887738 0.460349
1293.600000000 -37.7195 -7.88129 0 0 0 0.896138 0.443775
1293.700000000 -37.7635 -7.83592 0 0 0 0.904229 0.427048
1293.800000000 -37.809 -7.79222 0 0 0 0.912007 0.410174
1293.900000000 -37.8562 -7.75024 0 0 0 0.919471 0.393158
1294.000000000 -37.9049 -7.71004 0 0 0 0.926617 0.376006
1294.100000000 -37.955 -7.67168 0 0 0 0.933443 0.358725
1294.200000000 -38.0131 -7.62419 0 0 0 0.936681 0.350183
1294.300000000 -38.0701 -7.57545 0 0 0 0.937214 0.348756
1294.400000000 -38.1271 -7.52665 0 0 0 0.937483 0.348031
1294.500000000 -38.1841 -7.47794 0 0 0 0.937752 0.347306
1294.600000000 -38.2412 -7.42933 0 0 0 0.93802 0.346581
1294.700000000 -38.2984 -7.3808 0 0 0 0.938288 0.345855
1294.800000000 -38.3557 -7.33236 0 0 0 0.938555 0.34513
1294.900000000 -38.413 -7.284 0 0 0 0.938822 0.344404
1295.000000000 -38.4704 -7.23574 0 0 0 0.939088 0.343677
1295.100000000 -38.5279 -7.18756 0 0 0 0.939353 0.342951
1295.200000000 -38.5855 -7.13948 0 0 0 0.939618 0.342225
1295.300000000 -38.6431 -7.09148 0 0 0 0.939883 0.341498
1295.400000000 -38.7008 -7.04357 0 0 0 0.940146 0.340771
1295.500000000 -38.7586 -6.99575 0 0 0 0.94041 0.340044
1295.600000000 -38.8164 -6.94803 0 0 0 0.940672 0.339317
1295.700000000 -38.8744 -6.90039 0 0 0 0.940934 0.338589
1295.800000000 -38.9324 -6.85284 0 0 0 0.941196 0.337861
1295.900000000 -38.9904 -6.80538 0 0 0 0.941457 0.337133
1296.000000000 -39.0512 -6.76207 0 0 0 0.94568 0.3251
1296.100000000 -39.1014 -6.73382 0 0 0 0.952432 0.30475
1296.200000000 -39.1415 -6.71962 0 0 0 0.960969 0.276656
1296.300000000 -39.1691 -6.72037 0 0 0 0.970842 0.239718
1296.400000000 -39.1799 -6.73652 0 0 0 0.981318 0.192392
1296.500000000 -39.1865 -6.75539 0 0 0 0.989707 0.143106
1296.600000000 -39.1912 -6.77482 0 0 0 0.995623 0.0934625
1296.700000000 -39.194 -6.79462 0 0 0 0.99905 0.0435853
1296.800000000 -39.1947 -6.8146 0 0 0 0.99998 -0.00640083
1296.900000000 -39.1935 -6.83455 0 0 0 0.99841 -0.056371
1297.000000000 -39.1902 -6.85428 0 0 0 0.994345 -0.1062
1297.100000000 -39.185 -6.87358 0 0 0 0.987794 -0.155764
1297.200000000 -39.1779 -6.89227 0 0 0 0.978775 -0.204938
1297.300000000 -39.169 -6.91016 0 0 0 0.967309 -0.253601
1297.400000000 -39.1583 -6.92707 0 0 0 0.953425 -0.301629
1297.500000000 -39.146 -6.94283 0 0 0 0.937159 -0.348904
1297.600000000 -39.1322 -6.95728 0 0 0 0.91855 -0.395306
1297.700000000 -39.117 -6.97028 0 0 0 0.897645 -0.44072
1297.800000000 -39.1006 -6.9817 0 0 0 0.874496 -0.485033
1297.900000000 -39.0832 -6.99143 0 0 0 -0.849161 0.528133
1298.000000000 -39.0648 -6.99936 0 0 0 -0.821705 0.569914
1298.100000000 -39.0458 -7.00542 0 0 0 -0.792194 0.61027
1298.200000000 -39.0262 -7.00955 0 0 0 -0.760703 0.6491
1298.300000000 -39.0063 -7.0117 0 0 0 -0.727311 0.686308
1298.400000000 -38.9863 -7.01186 0 0 0 -0.692101 0.721801
1298.500000000 -38.9664 -7.01003 0 0 0 -0.655161 0.755489
1298.600000000 -38.9468 -7.00621 0 0 0 -0.616583 0.78729
1298.700000000 -38.9277 -7.00046 0 0 0 -0.576465 0.817122
1298.800000000 -38.9092 -6.99282 0 0 0 -0.534905 0.844912
1298.900000000 -38.8916 -6.98337 0 0 0 -0.492009 0.87059
1299.000000000 -38.875 -6.97222 0 0 0 -0.447882 0.894092
1299.100000000 -38.8596 -6.95946 0 0 0 -0.402637 0.91536
1299.200000000 -38.8455 -6.94523 0 0 0 -0.356385 0.934339
1299.300000000 -38.833 -6.92967 0 0 0 -0.309242 0.950984
1299.400000000 -38.8221 -6.91294 0 0 0 -0.261326 0.965251
1299.500000000 -38.8128 -6.89519 0 0 0 -0.212757 0.977105
1299.600000000 -38.8054 -6.87662 0 0 0 -0.163656 0.986517
1299.700000000 -38.7999 -6.8574 0 0 0 -0.114146 0.993464
1299.800000000 -38.7964 -6.83773 0 0 0 -0.064351 0.997927
1299.900000000 -38.7948 -6.8178 0 0 0 -0.014395 0.999896
1300.000000000 -38.7952 -6.79781 0 0 0 0.035597 0.999366
1300.100000000 -38.7977 -6.77796 0 0 0 0.0855 0.996338
1300.200000000 -38.7766 -6.75902 0 0 0 0.12303 0.992403
1300.300000000 -38.739 -6.7376 0 0 0 0.151714 0.988424
1300.400000000 -38.6921 -6.71288 0 0 0 0.175214 0.98453
1300.500000000 -38.6448 -6.6857 0 0 0 0.197842 0.980234
1300.600000000 -38.5989 -6.65638 0 0 0 0.220365 0.975418
1300.700000000 -38.5544 -6.62496 0 0 0 0.24277 0.970084
1300.800000000 -38.5113 -6.59154 0 0 0 0.265047 0.964235
1300.900000000 -38.4698 -6.55616 0 0 0 0.287184 0.957875
1301.000000000 -38.43 -6.51891 0 0 0 0.309168 0.951007
1301.100000000 -38.392 -6.47987 0 0 0 0.330988 0.943635
1301.200000000 -38.3558 -6.43912 0 0 0 0.352633 0.935762
1301.300000000 -38.3215 -6.39675 0 0 0 0.37409 0.927392
1301.400000000 -38.2892 -6.35284 0 0 0 0.395349 0.918531
1301.500000000 -38.259 -6.30749 0 0 0 0.416398 0.909182
1301.600000000 -38.2309 -6.2608 0 0 0 0.437227 0.899351
1301.700000000 -38.2049 -6.21286 0 0 0 0.457823 0.889043
1301.800000000 -38.1812 -6.16378 0 0 0 0.478177 0.878264
1301.900000000 -38.1598 -6.11366 0 0 0 0.498277 0.867018
1302.000000000 -38.1598 -6.11366 0 0 0 0.498277 0.867018
1302.100000000 -38.1598 -6.11366 0 0 0 0.498277 0.867018
1302.200000000 -38.1598 -6.11366 0 0 0 0.498277 0.867018
1302.300000000 -38.1598 -6.11366 0 0 0 0.498277 0.867018
1302.400000000 -38.1598 -6.11366 0 0 0 0.498277 0.867018
1302.500000000 -38.1598 -6.11366 0 0 0 0.498277 0.867018
1302.600000000 -38.1598 -6.11366 0 0 0 0.498277 0.867018
1302.700000000 -38.1598 -6.11366 0 0 0 0.498277 0.867018
1302.800000000 -38.1598 -6.11366 0 0 0 0.498277 0.867018
1302.900000000 -38.1598 -6.11366 0 0 0 0.498277 0.867018
1303.000000000 -38.1598 -6.11366 0 0 0 0.498277 0.867018
1303.100000000 -38.1598 -6.11366 0 0 0 0.498277 0.867018
1303.200000000 -38.1598 -6.11366 0 0 0 0.498277 0.867018
1303.300000000 -38.1598 -6.11366 0 0 0 0.498277 0.867018
1303.400000000 -38.1598 -6.11366 0 0 0 0.498277 0.867018
1303.500000000 -38.1598 -6.11366 0 0 0 0.498277 0.867018
1303.600000000 -38.1598 -6.11366 0 0 0 0.498277 0.867018
1303.700000000 -38.1598 -6.11366 0 0 0 0.498277 0.867018
1303.800000000 -38.1598 -6.11366 0 0 0 0.498277 0.867018
1303.900000000 -38.1598 -6.11366 0 0 0 0.498277 0.867018
1304.000000000 -38.1598 -6.11366 0 0 0 0.498277 0.867018
1304.100000000 -38.1598 -6.11366 0 0 0 0.498277 0.867018
1304.200000000 -38.1598 -6.11366 0 0 0 0.498277 0.867018
1304.300000000 -38.1598 -6.11366 0 0 0 0.498277 0.867018
1304.400000000 -38.1598 -6.11366 0 0 0 0.498277 0.867018
1304.500000000 -38.1598 -6.11366 0 0 0 0.498277 0.867018
1304.600000000 -38.1598 -6.11366 0 0 0 0.498277 0.867018
1304.700000000 -38.1598 -6.11366 0 0 0 0.498277 0.867018
1304.800000000 -38.1598 -6.11366 0 0 0 0.498277 0.867018
1304.900000000 -38.1598 -6.11366 0 0 0 0.498277 0.867018
1305.000000000 -38.1598 -6.11366 0 0 0 0.498277 0.867018
1305.100000000 -38.1598 -6.11366 0 0 0 0.498277 0.867018
1305.200000000 -38.1598 -6.11366 0 0 0 0.498277 0.867018
1305.300000000 -38.1598 -6.11366 0 0 0 0.498277 0.867018
1305.400000000 -38.1598 -6.11366 0 0 0 0.498277 0.867018
1305.500000000 -38.1598 -6.11366 0 0 0 0.498277 0.867018
1305.600000000 -38.1598 -6.11366 0 0 0 0.498277 0.867018
1305.700000000 -38.1598 -6.11366 0 0 0 0.498277 0.867018
1305.800000000 -38.1598 -6.11366 0 0 0 0.498277 0.867018
1305.900000000 -38.1598 -6.11366 0 0 0 0.498277 0.867018
1306.000000000 -38.1598 -6.11366 0 0 0 0.498277 0.867018
1306.100000000 -38.1598 -6.11366 0 0 0 0.498277 0.867018
1306.200000000 -38.1598 -6.11366 0 0 0 0.498277 0.867018
1306.300000000 -38.1598 -6.11366 0 0 0 0.498277 0.867018
1306.400000000 -38.1598 -6.11366 0 0 0 0.498277 0.867018
1306.500000000 -38.1598 -6.11366 0 0 0 0.498277 0.867018
1306.600000000 -38.1598 -6.11366 0 0 0 0.498277 0.867018
1306.700000000 -38.1598 -6.11366 0 0 0 0.498277 0.867018
1306.800000000 -38.1598 -6.11366 0 0 0 0.498277 0.867018
1306.900000000 -38.1598 -6.11366 0 0 0 0.498277 0.867018
1307.000000000 -38.1598 -6.11366 0 0 0 0.498277 0.867018
1307.100000000 -38.1598 -6.11366 0 0 0 0.498277 0.867018
1307.200000000 -38.1598 -6.11366 0 0 0 0.498277 0.867018
1307.300000000 -38.1598 -6.11366 0 0 0 0.498277 0.867018
1307.400000000 -38.1598 -6.11366 0 0 0 0.498277 0.867018
1307.500000000 -38.1598 -6.11366 0 0 0 0.498277 0.867018
1307.600000000 -38.1598 -6.11366 0 0 0 0.498277 0.867018
1307.700000000 -38.1598 -6.11366 0 0 0 0.498277 0.867018
1307.800000000 -38.1598 -6.11366 0 0 0 0.498277 0.867018
1307.900000000 -38.1598 -6.11366 0 0 0 0.498277 0.867018
1308.000000000 -38.1598 -6.11366 0 0 0 0.498277 0.867018
1308.100000000 -38.1598 -6.11366 0 0 0 0.498277 0.867018
1308.200000000 -38.1598 -6.11366 0 0 0 0.498277 0.867018
1308.300000000 -38.1598 -6.11366 0 0 0 0.498277 0.867018
1308.400000000 -38.1598 -6.11366 0 0 0 0.498277 0.867018
1308.500000000 -38.1187 -6.05084 0 0 0 0.489861 0.871801
1308.600000000 -38.0761 -5.98905 0 0 0 0.480469 0.877011
1308.700000000 -38.0321 -5.92819 0 0 0 0.471023 0.882121
1308.800000000 -37.9868 -5.8683 0 0 0 0.461521 0.887129
1308.900000000 -37.9403 -5.80939 0 0 0 0.451967 0.892035
1309.000000000 -37.8925 -5.75149 0 0 0 0.44236 0.896837
1309.100000000 -37.8435 -5.69463 0 0 0 0.432703 0.901537
1309.200000000 -37.7946 -5.63769 0 0 0 0.427078 0.904215
1309.300000000 -37.7451 -5.58136 0 0 0 0.421437 0.906858
1309.400000000 -37.6948 -5.52565 0 0 0 0.41578 0.909465
1309.500000000 -37.6439 -5.47057 0 0 0 0.410106 0.912038
1309.600000000 -37.5922 -5.41613 0 0 0 0.404417 0.914575
1309.700000000 -37.5399 -5.36234 0 0 0 0.398712 0.917076
1309.800000000 -37.487 -5.3092 0 0 0 0.392991 0.919542
1309.900000000 -37.4334 -5.25673 0 0 0 0.387255 0.921972
1310.000000000 -37.3791 -5.20493 0 0 0 0.381505 0.924367
1310.100000000 -37.3242 -5.15381 0 0 0 0.375739 0.926726
1310.200000000 -37.2699 -5.10201 0 0 0 0.374327 0.927297
1310.300000000 -37.2157 -5.05017 0 0 0 0.373609 0.927586
1310.400000000 -37.1614 -4.99841 0 0 0 0.372892 0.927875
1310.500000000 -37.1071 -4.94673 0 0 0 0.372174 0.928163
1310.600000000 -37.0527 -4.89514 0 0 0 0.371457 0.92845
1310.700000000 -36.9981 -4.84363 0 0 0 0.370738 0.928737
1310.800000000 -36.9435 -4.79221 0 0 0 0.37002 0.929024
1310.900000000 -36.8889 -4.74087 0 0 0 0.369302 0.92931
1311.000000000 -36.8341 -4.68962 0 0 0 0.368583 0.929595
1311.100000000 -36.7797 -4.638 0 0 0 0.369302 0.92931
1311.200000000 -36.7254 -4.58629 0 0 0 0.37002 0.929024
1311.300000000 -36.6711 -4.53451 0 0 0 0.370738 0.928737
1311.400000000 -36.617 -4.48263 0 0 0 0.371457 0.92845
1311.500000000 -36.5629 -4.43068 0 0 0 0.372174 0.928163
1311.600000000 -36.5089 -4.37864 0 0 0 0.372892 0.927875
1311.700000000 -36.4549 -4.32652 0 0 0 0.373609 0.927586
1311.800000000 -36.4011 -4.27431 0 0 0 0.374327 0.927297
1311.900000000 -36.3473 -4.22202 0 0 0 0.375044 0.927007
1312.000000000 -36.2936 -4.16965 0 0 0 0.37576 0.926717
1312.100000000 -36.24 -4.11719 0 0 0 0.376477 0.926426
1312.200000000 -36.1865 -4.06466 0 0 0 0.377193 0.926135
1312.300000000 -36.1331 -4.01203 0 0 0 0.377909 0.925843
1312.400000000 -36.0797 -3.95933 0 0 0 0.378625 0.92555
1312.500000000 -36.0264 -3.90655 0 0 0 0.379341 0.925257
1312.600000000 -35.9732 -3.85368 0 0 0 0.380056 0.924963
1312.700000000 -35.9201 -3.80073 0 0 0 0.380771 0.924669
1312.800000000 -35.8671 -3.74769 0 0 0 0.381486 0.924374
1312.900000000 -35.8141 -3.69458 0 0 0 0.382201 0.924079
1313.000000000 -35.7612 -3.64138 0 0 0 0.382916 0.923783
1313.100000000 -35.7085 -3.5881 0 0 0 0.38363 0.923487
1313.200000000 -35.6558 -3.53474 0 0 0 0.384344 0.92319
1313.300000000 -35.6031 -3.4813 0 0 0 0.385058 0.922893
1313.400000000 -35.5506 -3.42778 0 0 0 0.385771 0.922594
1313.500000000 -35.4981 -3.37418 0 0 0 0.386485 0.922296
1313.600000000 -35.4458 -3.32049 0 0 0 0.387198 0.921997
1313.700000000 -35.3935 -3.26673 0 0 0 0.387911 0.921697
1313.800000000 -35.3413 -3.21288 0 0 0 0.388623 0.921397
1313.900000000 -35.2891 -3.15895 0 0 0 0.389336 0.921096
1314.000000000 -35.2369 -3.10516 0 0 0 0.389336 0.921096
1314.100000000 -35.1844 -3.05158 0 0 0 0.388623 0.921397
1314.200000000 -35.1318 -2.99809 0 0 0 0.387911 0.921697
1314.300000000 -35.0792 -2.94468 0 0 0 0.387198 0.921997
1314.400000000 -35.0264 -2.89134 0 0 0 0.386485 0.922296
1314.500000000 -34.9736 -2.83809 0 0 0 0.385771 0.922594
1314.600000000 -34.9207 -2.78492 0 0 0 0.385058 0.922893
1314.700000000 -34.8677 -2.73184 0 0 0 0.384344 0.92319
1314.800000000 -34.8147 -2.67883 0 0 0 0.38363 0.923487
1314.900000000 -34.7615 -2.62591 0 0 0 0.382916 0.923783
1315.000000000 -34.7083 -2.57307 0 0 0 0.382201 0.924079
1315.100000000 -34.657 -2.51834 0 0 0 0.38795 0.92168
1315.200000000 -34.6065 -2.4628 0 0 0 0.394242 0.919007
1315.300000000 -34.5569 -2.40659 0 0 0 0.400515 0.91629
1315.400000000 -34.5079 -2.34969 0 0 0 0.40677 0.91353
1315.500000000 -34.4598 -2.29214 0 0 0 0.413006 0.910728
1315.600000000 -34.4125 -2.23393 0 0 0 0.419222 0.907884
1315.700000000 -34.3659 -2.17511 0 0 0 0.425324 0.905041
1315.800000000 -34.32 -2.11576 0 0 0 0.431049 0.902328
1315.900000000 -34.2748 -2.05584 0 0 0 0.436757 0.899579
1316.000000000 -34.2303 -1.99545 0 0 0 0.442092 0.896969
1316.100000000 -34.1884 -1.93314 0 0 0 0.452613 0.891707
1316.200000000 -34.1481 -1.86976 0 0 0 0.463513 0.88609
1316.300000000 -34.1094 -1.8054 0 0 0 0.474343 0.88034
1316.400000000 -34.0723 -1.74012 0 0 0 0.485101 0.874458
1316.500000000 -34.0368 -1.67394 0 0 0 0.495787 0.868444
1316.600000000 -34.0029 -1.60692 0 0 0 0.506398 0.8623
1316.700000000 -33.9707 -1.53908 0 0 0 0.516933 0.856026
1316.800000000 -33.9401 -1.47047 0 0 0 0.527391 0.849623
1316.900000000 -33.9113 -1.40114 0 0 0 0.537769 0.843092
1317.000000000 -33.8841 -1.33113 0 0 0 0.548001 0.836478
1317.100000000 -33.8598 -1.26362 0 0 0 0.557703 0.830041
1317.200000000 -33.8398 -1.20164 0 0 0 0.567854 0.823129
1317.300000000 -33.8218 -1.14079 0 0 0 0.577663 0.816276
1317.400000000 -33.8057 -1.08113 0 0 0 0.587134 0.80949
1317.500000000 -33.7918 -1.02436 0 0 0 0.596019 0.80297
1317.600000000 -33.7795 -0.968925 0 0 0 0.604582 0.796543
1317.700000000 -33.7684 -0.913238 0 0 0 0.613075 0.790025
1317.800000000 -33.7588 -0.85897 0 0 0 0.621251 0.783612
1317.900000000 -33.7497 -0.804636 0 0 0 0.628228 0.778029
1318.000000000 -33.7421 -0.753449 0 0 0 0.634736 0.772729
1318.100000000 -33.7358 -0.703765 0 0 0 0.641327 0.767268
1318.200000000 -33.7299 -0.65572 0 0 0 0.646698 0.762746
1318.300000000 -33.7248 -0.60928 0 0 0 0.651554 0.758602
1318.400000000 -33.7205 -0.564439 0 0 0 0.656211 0.754577
1318.500000000 -33.7168 -0.52121 0 0 0 0.660672 0.750675
1318.600000000 -33.7137 -0.47794 0 0 0 0.66511 0.746745
1318.700000000 -33.7087 -0.403052 0 0 0 0.671903 0.740639
1318.800000000 -33.705 -0.328085 0 0 0 0.678641 0.734471
1318.900000000 -33.7025 -0.253077 0 0 0 0.684916 0.728622
1319.000000000 -33.7013 -0.178038 0 0 0 0.691141 0.72272
1319.100000000 -33.7014 -0.102989 0 0 0 0.697315 0.716765
1319.200000000 -33.7025 -0.0279549 0 0 0 0.703034 0.711157
1319.300000000 -33.7031 -0.00128211 0 0 0 0.704534 0.70967
1319.400000000 -33.7038 0.0237217 0 0 0 0.70608 0.708132
1319.500000000 -33.7045 0.0487223 0 0 0 0.707481 0.706732
1319.600000000 -33.7073 0.123701 0 0 0 0.712296 0.701879
1319.700000000 -33.7111 0.198634 0 0 0 0.717078 0.696993
1319.800000000 -33.7157 0.273517 0 0 0 0.721406 0.692513
1319.900000000 -33.7215 0.348324 0 0 0 0.726123 0.687565
1320.000000000 -33.7279 0.423078 0 0 0 0.729967 0.683482
1320.100000000 -33.735 0.497756 0 0 0 0.733789 0.679378
1320.200000000 -33.7411 0.57251 0 0 0 0.734314 0.67881
1320.300000000 -33.7473 0.647254 0 0 0 0.734839 0.678242
1320.400000000 -33.7536 0.721989 0 0 0 0.735363 0.677673
1320.500000000 -33.76 0.796714 0 0 0 0.735887 0.677104
1320.600000000 -33.7666 0.871429 0 0 0 0.73641 0.676535
1320.700000000 -33.7732 0.946133 0 0 0 0.736933 0.675966
1320.800000000 -33.78 1.02083 0 0 0 0.737456 0.675395
1320.900000000 -33.7869 1.09551 0 0 0 0.737978 0.674825
1321.000000000 -33.7939 1.17018 0 0 0 0.738499 0.674254
1321.100000000 -33.8004 1.2449 0 0 0 0.737978 0.674825
1321.200000000 -33.8068 1.31963 0 0 0 0.737456 0.675395
1321.300000000 -33.813 1.39437 0 0 0 0.736933 0.675966
1321.400000000 -33.8192 1.46912 0 0 0 0.73641 0.676535
1321.500000000 -33.8252 1.54387 0 0 0 0.735887 0.677104
1321.600000000 -33.8311 1.61864 0 0 0 0.735363 0.677673
1321.700000000 -33.8369 1.69342 0 0 0 0.734839 0.678242
1321.800000000 -33.8426 1.7682 0 0 0 0.734314 0.67881
1321.900000000 -33.8482 1.84299 0 0 0 0.733789 0.679378
1322.000000000 -33.8537 1.91779 0 0 0 0.733263 0.679945
1322.100000000 -33.859 1.9926 0 0 0 0.732737 0.680512
1322.200000000 -33.8621 2.04585 0 0 0 0.731308 0.682048
1322.300000000 -33.8649 2.09745 0 0 0 0.729919 0.683533
1322.400000000 -33.8674 2.14739 0 0 0 0.728573 0.684968
1322.500000000 -33.8696 2.19568 0 0 0 0.727269 0.686353
1322.600000000 -33.8716 2.24231 0 0 0 0.726007 0.687687
1322.700000000 -33.8734 2.28894 0 0 0 0.724743 0.689019
1322.800000000 -33.8749 2.33392 0 0 0 0.723522 0.690301
1322.900000000 -33.8763 2.37724 0 0 0 0.722344 0.691534
1323.000000000 -33.8774 2.41889 0 0 0 0.721209 0.692718
1323.100000000 -33.8792 2.47553 0 0 0 0.720283 0.693681
1323.200000000 -33.8807 2.52885 0 0 0 0.71941 0.694586
1323.300000000 -33.882 2.5805 0 0 0 0.718563 0.695462
1323.400000000 -33.8832 2.63049 0 0 0 0.717743 0.696308
1323.500000000 -33.8842 2.67881 0 0 0 0.716949 0.697126
1323.600000000 -33.8851 2.72547 0 0 0 0.716181 0.697914
1323.700000000 -33.8858 2.77047 0 0 0 0.71544 0.698674
1323.800000000 -33.8864 2.8138 0 0 0 0.714726 0.699405
1323.900000000 -33.8869 2.85546 0 0 0 0.714038 0.700106
1324.000000000 -33.8873 2.89546 0 0 0 0.713378 0.70078
1324.100000000 -33.8877 2.93546 0 0 0 0.712717 0.701452
1324.200000000 -33.888 2.97379 0 0 0 0.712294 0.701881
1324.300000000 -33.8884 3.01046 0 0 0 0.711889 0.702292
1324.400000000 -33.8886 3.04546 0 0 0 0.711503 0.702683
1324.500000000 -33.8888 3.07879 0 0 0 0.711135 0.703056
1324.600000000 -33.889 3.11213 0 0 0 0.710767 0.703428
1324.700000000 -33.8891 3.14379 0 0 0 0.710416 0.703782
1324.800000000 -33.8892 3.17379 0 0 0 0.710085 0.704116
1324.900000000 -33.8893 3.20379 0 0 0 0.709753 0.704451
1325.000000000 -33.8893 3.23213 0 0 0 0.709439 0.704767
1325.100000000 -33.8893 3.26046 0 0 0 0.709125 0.705083
1325.200000000 -33.8893 3.28713 0 0 0 0.70883 0.70538
1325.300000000 -33.8893 3.31213 0 0 0 0.708552 0.705658
1325.400000000 -33.8892 3.33713 0 0 0 0.708275 0.705936
1325.500000000 -33.8891 3.36046 0 0 0 0.708016 0.706196
1325.600000000 -33.889 3.38713 0 0 0 0.70772 0.706493
1325.700000000 -33.8889 3.41213 0 0 0 0.707443 0.706771
1325.800000000 -33.8888 3.4388 0 0 0 0.707147 0.707067
1325.900000000 -33.8886 3.46546 0 0 0 0.70685 0.707363
1326.000000000 -33.8884 3.49213 0 0 0 0.706554 0.707659
1326.100000000 -33.8882 3.5188 0 0 0 0.706257 0.707955
1326.200000000 -33.888 3.54546 0 0 0 0.70596 0.708251
1326.300000000 -33.8877 3.57213 0 0 0 0.705664 0.708547
1326.400000000 -33.8875 3.59713 0 0 0 0.705385 0.708824
1326.500000000 -33.8874 3.62379 0 0 0 0.705385 0.708824
1326.600000000 -33.8872 3.64879 0 0 0 0.705385 0.708824
1326.700000000 -33.8871 3.67379 0 0 0 0.705385 0.708824
1326.800000000 -33.887 3.70046 0 0 0 0.705385 0.708824
1326.900000000 -33.8869 3.72713 0 0 0 0.705385 0.708824
1327.000000000 -33.8867 3.75379 0 0 0 0.705385 0.708824
1327.100000000 -33.8866 3.78046 0 0 0 0.705385 0.708824
1327.200000000 -33.8865 3.80546 0 0 0 0.705385 0.708824
1327.300000000 -33.8864 3.82879 0 0 0 0.705385 0.708824
1327.400000000 -33.8862 3.85546 0 0 0 0.705385 0.708824
1327.500000000 -33.8861 3.88212 0 0 0 0.705385 0.708824
1327.600000000 -33.886 3.90879 0 0 0 0.705385 0.708824
1327.700000000 -33.8858 3.93546 0 0 0 0.705385 0.708824
1327.800000000 -33.8857 3.96212 0 0 0 0.705385 0.708824
1327.900000000 -33.8856 3.98879 0 0 0 0.705385 0.708824
1328.000000000 -33.8854 4.01546 0 0 0 0.705385 0.708824
1328.100000000 -33.8853 4.04212 0 0 0 0.705385 0.708824
1328.200000000 -33.8852 4.06879 0 0 0 0.705385 0.708824
1328.300000000 -33.8851 4.09545 0 0 0 0.705385 0.708824
1328.400000000 -33.8849 4.12045 0 0 0 0.705385 0.708824
1328.500000000 -33.8848 4.14545 0 0 0 0.705385 0.708824
1328.600000000 -33.8847 4.17212 0 0 0 0.705385 0.708824
1328.700000000 -33.8846 4.19879 0 0 0 0.705385 0.708824
1328.800000000 -33.8844 4.22545 0 0 0 0.705385 0.708824
1328.900000000 -33.8843 4.25379 0 0 0 0.705385 0.708824
1329.000000000 -33.8842 4.28045 0 0 0 0.705385 0.708824
1329.100000000 -33.884 4.30879 0 0 0 0.705385 0.708824
1329.200000000 -33.8839 4.33545 0 0 0 0.705385 0.708824
1329.300000000 -33.8838 4.36045 0 0 0 0.705385 0.708824
1329.400000000 -33.8836 4.38545 0 0 0 0.705385 0.708824
1329.500000000 -33.8835 4.41212 0 0 0 0.705385 0.708824
1329.600000000 -33.8834 4.43878 0 0 0 0.705385 0.708824
1329.700000000 -33.8833 4.46545 0 0 0 0.705385 0.708824
1329.800000000 -33.8831 4.49212 0 0 0 0.705385 0.708824
1329.900000000 -33.883 4.51878 0 0 0 0.705385 0.708824
1330.000000000 -33.8829 4.54545 0 0 0 0.705385 0.708824
1330.100000000 -33.8827 4.57212 0 0 0 0.705385 0.708824
1330.200000000 -33.8826 4.59712 0 0 0 0.705385 0.708824
1330.300000000 -33.8825 4.62378 0 0 0 0.705385 0.708824
1330.400000000 -33.8824 4.64878 0 0 0 0.705385 0.708824
1330.500000000 -33.8822 4.67545 0 0 0 0.705385 0.708824
1330.600000000 -33.8821 4.70045 0 0 0 0.705385 0.708824
1330.700000000 -33.882 4.72711 0 0 0 0.705385 0.708824
1330.800000000 -33.8819 4.75211 0 0 0 0.705385 0.708824
1330.900000000 -33.8817 4.77878 0 0 0 0.705385 0.708824
1331.000000000 -33.8816 4.80378 0 0 0 0.705385 0.708824
1331.100000000 -33.8815 4.83045 0 0 0 0.705385 0.708824
1331.200000000 -33.8814 4.85545 0 0 0 0.705385 0.708824
1331.300000000 -33.8812 4.88045 0 0 0 0.705385 0.708824
1331.400000000 -33.8811 4.90545 0 0 0 0.705385 0.708824
1331.500000000 -33.881 4.92878 0 0 0 0.705385 0.708824
1331.600000000 -33.8809 4.95544 0 0 0 0.705385 0.708824
1331.700000000 -33.8807 4.98211 0 0 0 0.705385 0.708824
1331.800000000 -33.8806 5.00878 0 0 0 0.705385 0.708824
1331.900000000 -33.8805 5.03544 0 0 0 0.705385 0.708824
1332.000000000 -33.8804 5.06211 0 0 0 0.705385 0.708824
1332.100000000 -33.8802 5.08711 0 0 0 0.705385 0.708824
1332.200000000 -33.8801 5.11378 0 0 0 0.705385 0.708824
1332.300000000 -33.88 5.13878 0 0 0 0.705385 0.708824
1332.400000000 -33.8799 5.16378 0 0 0 0.705385 0.708824
1332.500000000 -33.8797 5.19044 0 0 0 0.705385 0.708824
1332.600000000 -33.8796 5.21544 0 0 0 0.705385 0.708824
1332.700000000 -33.8795 5.24211 0 0 0 0.705385 0.708824
1332.800000000 -33.8794 5.26711 0 0 0 0.705385 0.708824
1332.900000000 -33.8792 5.29211 0 0 0 0.705385 0.708824
1333.000000000 -33.8791 5.31877 0 0 0 0.705385 0.708824
1333.100000000 -33.879 5.34544 0 0 0 0.705385 0.708824
1333.200000000 -33.8789 5.37211 0 0 0 0.705385 0.708824
1333.300000000 -33.8787 5.39877 0 0 0 0.705385 0.708824
1333.400000000 -33.8786 5.42377 0 0 0 0.705385 0.708824
1333.500000000 -33.8785 5.45044 0 0 0 0.705385 0.708824
1333.600000000 -33.8783 5.47544 0 0 0 0.705385 0.708824
1333.700000000 -33.8782 5.50044 0 0 0 0.705385 0.708824
1333.800000000 -33.8781 5.52544 0 0 0 0.705385 0.708824
1333.900000000 -33.878 5.54877 0 0 0 0.705385 0.708824
1334.000000000 -33.8779 5.57544 0 0 0 0.705385 0.708824
1334.100000000 -33.8777 5.60044 0 0 0 0.705385 0.708824
1334.200000000 -33.8776 5.6271 0 0 0 0.705385 0.708824
1334.300000000 -33.8775 5.65377 0 0 0 0.705385 0.708824
1334.400000000 -33.8774 5.68044 0 0 0 0.705385 0.708824
1334.500000000 -33.8772 5.70544 0 0 0 0.705385 0.708824
1334.600000000 -33.8771 5.7321 0 0 0 0.705385 0.708824
1334.700000000 -33.877 5.75877 0 0 0 0.705385 0.708824
1334.800000000 -33.8768 5.78377 0 0 0 0.705385 0.708824
1334.900000000 -33.8767 5.81043 0 0 0 0.705385 0.708824
1335.000000000 -33.8766 5.83543 0 0 0 0.705385 0.708824
1335.100000000 -33.8765 5.86043 0 0 0 0.705385 0.708824
1335.200000000 -33.8763 5.89377 0 0 0 0.705385 0.708824
1335.300000000 -33.8762 5.9271 0 0 0 0.705385 0.708824
1335.400000000 -33.876 5.95877 0 0 0 0.705385 0.708824
1335.500000000 -33.8759 5.98877 0 0 0 0.705385 0.708824
1335.600000000 -33.8757 6.0221 0 0 0 0.705385 0.708824
1335.700000000 -33.8755 6.05377 0 0 0 0.705385 0.708824
1335.800000000 -33.8754 6.08376 0 0 0 0.705385 0.708824
1335.900000000 -33.8752 6.11376 0 0 0 0.705385 0.708824
1336.000000000 -33.8751 6.1421 0 0 0 0.705385 0.708824
1336.100000000 -33.875 6.16876 0 0 0 0.705385 0.708824
1336.200000000 -33.8748 6.19543 0 0 0 0.705385 0.708824
1336.300000000 -33.8747 6.22876 0 0 0 0.705385 0.708824
1336.400000000 -33.8745 6.2621 0 0 0 0.705385 0.708824
1336.500000000 -33.8744 6.29376 0 0 0 0.705385 0.708824
1336.600000000 -33.8742 6.32543 0 0 0 0.705385 0.708824
1336.700000000 -33.8741 6.35709 0 0 0 0.705385 0.708824
1336.800000000 -33.8739 6.38709 0 0 0 0.705385 0.708824
1336.900000000 -33.8738 6.42043 0 0 0 0.705385 0.708824
1337.000000000 -33.8736 6.45209 0 0 0 0.705385 0.708824
1337.100000000 -33.8734 6.48376 0 0 0 0.705385 0.708824
1337.200000000 -33.8733 6.51376 0 0 0 0.705385 0.708824
1337.300000000 -33.8732 6.54376 0 0 0 0.705385 0.708824
1337.400000000 -33.873 6.57209 0 0 0 0.705385 0.708824
1337.500000000 -33.8729 6.59876 0 0 0 0.705385 0.708824
1337.600000000 -33.8728 6.62542 0 0 0 0.705385 0.708824
1337.700000000 -33.8726 6.65042 0 0 0 0.705385 0.708824
1337.800000000 -33.8725 6.67542 0 0 0 0.705385 0.708824
1337.900000000 -33.8724 6.69876 0 0 0 0.705385 0.708824
1338.000000000 -33.8723 6.72209 0 0 0 0.705385 0.708824
1338.100000000 -33.8722 6.74376 0 0 0 0.705385 0.708824
1338.200000000 -33.8721 6.76542 0 0 0 0.705385 0.708824
1338.300000000 -33.872 6.78542 0 0 0 0.705385 0.708824
1338.400000000 -33.8719 6.80709 0 0 0 0.705385 0.708824
1338.500000000 -33.8718 6.82876 0 0 0 0.705385 0.708824
1338.600000000 -33.8717 6.85042 0 0 0 0.705385 0.708824
1338.700000000 -33.8716 6.87209 0 0 0 0.705385 0.708824
1338.800000000 -33.8715 6.89209 0 0 0 0.705385 0.708824
1338.900000000 -33.8714 6.91209 0 0 0 0.705385 0.708824
1339.000000000 -33.8713 6.93375 0 0 0 0.705385 0.708824
1339.100000000 -33.8712 6.95542 0 0 0 0.705385 0.708824
1339.200000000 -33.871 6.97709 0 0 0 0.705385 0.708824
1339.300000000 -33.8709 6.99875 0 0 0 0.705385 0.708824
1339.400000000 -33.8708 7.01875 0 0 0 0.705385 0.708824
1339.500000000 -33.8707 7.04042 0 0 0 0.705385 0.708824
1339.600000000 -33.8706 7.06209 0 0 0 0.705385 0.708824
1339.700000000 -33.8705 7.08209 0 0 0 0.705385 0.708824
1339.800000000 -33.8704 7.10875 0 0 0 0.705385 0.708824
1339.900000000 -33.8703 7.13542 0 0 0 0.705385 0.708824
1340.000000000 -33.8701 7.16209 0 0 0 0.705385 0.708824
1340.100000000 -33.87 7.18875 0 0 0 0.705385 0.708824
1340.200000000 -33.8699 7.21375 0 0 0 0.705385 0.708824
1340.300000000 -33.8698 7.24042 0 0 0 0.705385 0.708824
1340.400000000 -33.8696 7.26542 0 0 0 0.705385 0.708824
1340.500000000 -33.8695 7.29208 0 0 0 0.705385 0.708824
1340.600000000 -33.8694 7.31708 0 0 0 0.705385 0.708824
1340.700000000 -33.8693 7.34208 0 0 0 0.705385 0.708824
1340.800000000 -33.8691 7.36875 0 0 0 0.705385 0.708824
1340.900000000 -33.869 7.39542 0 0 0 0.705385 0.708824
1341.000000000 -33.8689 7.42042 0 0 0 0.705385 0.708824
1341.100000000 -33.8688 7.44542 0 0 0 0.705385 0.708824
1341.200000000 -33.8686 7.47208 0 0 0 0.705385 0.708824
1341.300000000 -33.8685 7.49708 0 0 0 0.705385 0.708824
1341.400000000 -33.8684 7.52375 0 0 0 0.705385 0.708824
1341.500000000 -33.8683 7.54875 0 0 0 0.705385 0.708824
1341.600000000 -33.8681 7.57541 0 0 0 0.705385 0.708824
1341.700000000 -33.868 7.60041 0 0 0 0.705385 0.708824
1341.800000000 -33.8679 7.62708 0 0 0 0.705385 0.708824
1341.900000000 -33.8678 7.65208 0 0 0 0.705385 0.708824
1342.000000000 -33.8676 7.67875 0 0 0 0.705385 0.708824
1342.100000000 -33.8675 7.70541 0 0 0 0.705385 0.708824
1342.200000000 -33.8674 7.73208 0 0 0 0.705385 0.708824
1342.300000000 -33.8673 7.75708 0 0 0 0.705385 0.708824
1342.400000000 -33.8671 7.78374 0 0 0 0.705385 0.708824
1342.500000000 -33.867 7.81041 0 0 0 0.705385 0.708824
1342.600000000 -33.8669 7.83541 0 0 0 0.705385 0.708824
1342.700000000 -33.8667 7.86208 0 0 0 0.705385 0.708824
1342.800000000 -33.8666 7.88708 0 0 0 0.705385 0.708824
1342.900000000 -33.8665 7.91208 0 0 0 0.705385 0.708824
1343.000000000 -33.8664 7.93874 0 0 0 0.705385 0.708824
1343.100000000 -33.8662 7.96541 0 0 0 0.705385 0.708824
1343.200000000 -33.8661 7.99208 0 0 0 0.705385 0.708824
1343.300000000 -33.866 8.01874 0 0 0 0.705385 0.708824
1343.400000000 -33.8659 8.04374 0 0 0 0.705385 0.708824
1343.500000000 -33.8657 8.06707 0 0 0 0.705385 0.708824
1343.600000000 -33.8656 8.09374 0 0 0 0.705385 0.708824
1343.700000000 -33.8655 8.11874 0 0 0 0.705385 0.708824
1343.800000000 -33.8654 8.14541 0 0 0 0.705385 0.708824
1343.900000000 -33.8652 8.17207 0 0 0 0.705385 0.708824
1344.000000000 -33.8651 8.19874 0 0 0 0.705385 0.708824
1344.100000000 -33.865 8.22541 0 0 0 0.705385 0.708824
1344.200000000 -33.8648 8.25207 0 0 0 0.705385 0.708824
1344.300000000 -33.8647 8.27874 0 0 0 0.705385 0.708824
1344.400000000 -33.8646 8.30541 0 0 0 0.705385 0.708824
1344.500000000 -33.8645 8.33207 0 0 0 0.705385 0.708824
1344.600000000 -33.8643 8.35707 0 0 0 0.705385 0.708824
1344.700000000 -33.8642 8.38207 0 0 0 0.705385 0.708824
1344.800000000 -33.8641 8.40874 0 0 0 0.705385 0.708824
1344.900000000 -33.8639 8.43707 0 0 0 0.705385 0.708824
1345.000000000 -33.8638 8.46374 0 0 0 0.705385 0.708824
1345.100000000 -33.8637 8.4904 0 0 0 0.705385 0.708824
1345.200000000 -33.8636 8.51707 0 0 0 0.705385 0.708824
1345.300000000 -33.8634 8.54374 0 0 0 0.705385 0.708824
1345.400000000 -33.8633 8.56874 0 0 0 0.705385 0.708824
1345.500000000 -33.8632 8.59207 0 0 0 0.705385 0.708824
1345.600000000 -33.8631 8.61873 0 0 0 0.705385 0.708824
1345.700000000 -33.8629 8.6454 0 0 0 0.705385 0.708824
1345.800000000 -33.8628 8.67207 0 0 0 0.705385 0.708824
1345.900000000 -33.8627 8.69873 0 0 0 0.705385 0.708824
1346.000000000 -33.8625 8.7254 0 0 0 0.705385 0.708824
1346.100000000 -33.8624 8.7504 0 0 0 0.705385 0.708824
1346.200000000 -33.8623 8.77707 0 0 0 0.705385 0.708824
1346.300000000 -33.8622 8.80373 0 0 0 0.705385 0.708824
1346.400000000 -33.862 8.8304 0 0 0 0.705385 0.708824
1346.500000000 -33.8619 8.85707 0 0 0 0.705385 0.708824
1346.600000000 -33.8618 8.88206 0 0 0 0.705385 0.708824
1346.700000000 -33.8617 8.90706 0 0 0 0.705385 0.708824
1346.800000000 -33.8615 8.9404 0 0 0 0.705385 0.708824
1346.900000000 -33.8613 8.97373 0 0 0 0.705385 0.708824
1347.000000000 -33.8611 9.0304 0 0 0 0.705385 0.708824
1347.100000000 -33.8608 9.08706 0 0 0 0.705385 0.708824
1347.200000000 -33.8605 9.14206 0 0 0 0.705385 0.708824
1347.300000000 -33.8603 9.19373 0 0 0 0.705385 0.708824
1347.400000000 -33.86 9.24873 0 0 0 0.705385 0.708824
1347.500000000 -33.8597 9.30539 0 0 0 0.705385 0.708824
1347.600000000 -33.8595 9.36039 0 0 0 0.705385 0.708824
1347.700000000 -33.8592 9.41373 0 0 0 0.705385 0.708824
1347.800000000 -33.8589 9.46872 0 0 0 0.705385 0.708824
1347.900000000 -33.8586 9.54372 0 0 0 0.705385 0.708824
1348.000000000 -33.8582 9.61872 0 0 0 0.705385 0.708824
1348.100000000 -33.8578 9.69372 0 0 0 0.705385 0.708824
1348.200000000 -33.8575 9.76872 0 0 0 0.705385 0.708824
1348.300000000 -33.8571 9.84372 0 0 0 0.705385 0.708824
1348.400000000 -33.8567 9.91872 0 0 0 0.705385 0.708824
1348.500000000 -33.8564 9.99372 0 0 0 0.705385 0.708824
1348.600000000 -33.856 10.0687 0 0 0 0.705385 0.708824
1348.700000000 -33.8556 10.1437 0 0 0 0.705385 0.708824
1348.800000000 -33.8553 10.2187 0 0 0 0.705385 0.708824
1348.900000000 -33.8549 10.2937 0 0 0 0.705385 0.708824
1349.000000000 -33.8546 10.3687 0 0 0 0.705385 0.708824
1349.100000000 -33.8542 10.4437 0 0 0 0.705385 0.708824
1349.200000000 -33.8538 10.5187 0 0 0 0.705385 0.708824
1349.300000000 -33.8535 10.5937 0 0 0 0.705385 0.708824
1349.400000000 -33.8531 10.6687 0 0 0 0.705385 0.708824
1349.500000000 -33.8527 10.7437 0 0 0 0.705385 0.708824
1349.600000000 -33.8524 10.8187 0 0 0 0.705385 0.708824
1349.700000000 -33.852 10.8937 0 0 0 0.705385 0.708824
1349.800000000 -33.8516 10.9687 0 0 0 0.705385 0.708824
1349.900000000 -33.8513 11.0437 0 0 0 0.705385 0.708824
1350.000000000 -33.8509 11.1187 0 0 0 0.705385 0.708824
1350.100000000 -33.8505 11.1937 0 0 0 0.705385 0.708824
1350.200000000 -33.8502 11.2687 0 0 0 0.705385 0.708824
1350.300000000 -33.8498 11.3437 0 0 0 0.705385 0.708824
1350.400000000 -33.8494 11.4187 0 0 0 0.705385 0.708824
1350.500000000 -33.8491 11.4937 0 0 0 0.705385 0.708824
1350.600000000 -33.8487 11.5687 0 0 0 0.705385 0.708824
1350.700000000 -33.8483 11.6437 0 0 0 0.705385 0.708824
1350.800000000 -33.848 11.7187 0 0 0 0.705385 0.708824
1350.900000000 -33.8476 11.7937 0 0 0 0.705385 0.708824
1351.000000000 -33.8473 11.8687 0 0 0 0.705385 0.708824
1351.100000000 -33.8469 11.9437 0 0 0 0.705385 0.708824
1351.200000000 -33.8465 12.0187 0 0 0 0.705385 0.708824
1351.300000000 -33.8462 12.0937 0 0 0 0.705385 0.708824
1351.400000000 -33.8458 12.1687 0 0 0 0.705385 0.708824
1351.500000000 -33.8454 12.2437 0 0 0 0.705385 0.708824
1351.600000000 -33.8451 12.3187 0 0 0 0.705385 0.708824
1351.700000000 -33.8447 12.3937 0 0 0 0.705385 0.708824
1351.800000000 -33.8443 12.4687 0 0 0 0.705385 0.708824
1351.900000000 -33.844 12.5437 0 0 0 0.705385 0.708824
1352.000000000 -33.8436 12.6187 0 0 0 0.705385 0.708824
1352.100000000 -33.8433 12.6837 0 0 0 0.705385 0.708824
1352.200000000 -33.843 12.7487 0 0 0 0.705385 0.708824
1352.300000000 -33.8427 12.8137 0 0 0 0.705385 0.708824
1352.400000000 -33.8423 12.8787 0 0 0 0.705385 0.708824
1352.500000000 -33.842 12.9437 0 0 0 0.705385 0.708824
1352.600000000 -33.8417 13.0087 0 0 0 0.705385 0.708824
1352.700000000 -33.8414 13.0737 0 0 0 0.705385 0.708824
1352.800000000 -33.8411 13.1387 0 0 0 0.705385 0.708824
1352.900000000 -33.8408 13.2037 0 0 0 0.705385 0.708824
1353.000000000 -33.8404 13.2687 0 0 0 0.705385 0.708824
1353.100000000 -33.8401 13.3337 0 0 0 0.705385 0.708824
1353.200000000 -33.8398 13.3987 0 0 0 0.705385 0.708824
1353.300000000 -33.8395 13.4637 0 0 0 0.705385 0.708824
1353.400000000 -33.8392 13.5287 0 0 0 0.705385 0.708824
1353.500000000 -33.8389 13.5937 0 0 0 0.705385 0.708824
1353.600000000 -33.8386 13.6587 0 0 0 0.705385 0.708824
1353.700000000 -33.8382 13.7237 0 0 0 0.705385 0.708824
1353.800000000 -33.8379 13.7887 0 0 0 0.705385 0.708824
1353.900000000 -33.8376 13.8537 0 0 0 0.705385 0.708824
1354.000000000 -33.8373 13.9187 0 0 0 0.705385 0.708824
1354.100000000 -33.837 13.9837 0 0 0 0.705385 0.708824
1354.200000000 -33.8367 14.0487 0 0 0 0.705385 0.708824
1354.300000000 -33.8314 14.1236 0 0 0 0.696641 0.71742
1354.400000000 -33.8213 14.1811 0 0 0 0.681393 0.731918
1354.500000000 -33.8067 14.2219 0 0 0 0.659914 0.751341
1354.600000000 -33.7887 14.2437 0 0 0 0.631097 0.775704
1354.700000000 -33.7693 14.2418 0 0 0 0.592767 0.805374
1354.800000000 -33.7504 14.2365 0 0 0 0.552419 0.833567
1354.900000000 -33.732 14.2294 0 0 0 0.510732 0.85974
1355.000000000 -33.7145 14.2205 0 0 0 0.467809 0.88383
1355.100000000 -33.6979 14.2099 0 0 0 0.423752 0.905778
1355.200000000 -33.6825 14.1978 0 0 0 0.378668 0.925533
1355.300000000 -33.6683 14.1841 0 0 0 0.332667 0.943045
1355.400000000 -33.6555 14.1692 0 0 0 0.285859 0.958272
1355.500000000 -33.6442 14.1531 0 0 0 0.23836 0.971177
1355.600000000 -33.6346 14.1359 0 0 0 0.190282 0.981729
1355.700000000 -33.6267 14.1179 0 0 0 0.141744 0.989903
1355.800000000 -33.6207 14.0992 0 0 0 0.0928624 0.995679
1355.900000000 -33.6165 14.08 0 0 0 0.0437557 0.999042
1356.000000000 -33.6142 14.0604 0 0 0 -0.00545696 0.999985
1356.100000000 -33.6138 14.0408 0 0 0 -0.0546564 0.998505
1356.200000000 -33.6154 14.0212 0 0 0 -0.103723 0.994606
1356.300000000 -33.6115 14.0017 0 0 0 -0.149035 0.988832
1356.400000000 -33.6081 13.9818 0 0 0 -0.193395 0.981121
1356.500000000 -33.6065 13.9617 0 0 0 -0.237362 0.971421
1356.600000000 -33.6067 13.9415 0 0 0 -0.280849 0.959752
1356.700000000 -33.6087 13.9215 0 0 0 -0.323766 0.946137
1356.800000000 -33.6125 13.9017 0 0 0 -0.366027 0.930604
1356.900000000 -33.618 13.8823 0 0 0 -0.407546 0.913185
1357.000000000 -33.6253 13.8635 0 0 0 -0.448238 0.893914
1357.100000000 -33.6343 13.8454 0 0 0 -0.488022 0.872831
1357.200000000 -33.6448 13.8282 0 0 0 -0.526817 0.849979
1357.300000000 -33.6569 13.812 0 0 0 -0.564543 0.825403
1357.400000000 -33.6703 13.797 0 0 0 -0.601125 0.799155
1357.500000000 -33.6851 13.7832 0 0 0 -0.636489 0.771286
1357.600000000 -33.701 13.7708 0 0 0 -0.670562 0.741853
1357.700000000 -33.718 13.7599 0 0 0 -0.703276 0.710917
1357.800000000 -33.7358 13.7506 0 0 0 -0.734564 0.678539
1357.900000000 -33.7545 13.7429 0 0 0 -0.764363 0.644786
1358.000000000 -33.7732 13.7151 0 0 0 -0.786116 0.618079
1358.100000000 -33.7946 13.6715 0 0 0 -0.802025 0.59729
1358.200000000 -33.8196 13.613 0 0 0 -0.812682 0.582707
1358.300000000 -33.8469 13.5431 0 0 0 -0.817651 0.575714
1358.400000000 -33.8711 13.4721 0 0 0 -0.815943 0.578132
1358.500000000 -33.8943 13.4008 0 0 0 -0.813439 0.58165
1358.600000000 -33.9169 13.3293 0 0 0 -0.81092 0.585157
1358.700000000 -33.9389 13.2575 0 0 0 -0.808386 0.588653
1358.800000000 -33.9603 13.1856 0 0 0 -0.805836 0.592138
1358.900000000 -33.9811 13.1136 0 0 0 -0.803272 0.595613
1359.000000000 -34.0012 13.0413 0 0 0 -0.800692 0.599076
1359.100000000 -34.0207 12.9689 0 0 0 -0.798098 0.602528
1359.200000000 -34.0396 12.8963 0 0 0 -0.795489 0.605968
1359.300000000 -34.0578 12.8235 0 0 0 -0.792865 0.609398
1359.400000000 -34.0755 12.7506 0 0 0 -0.790226 0.612816
1359.500000000 -34.0925 12.6775 0 0 0 -0.787572 0.616223
1359.600000000 -34.1088 12.6043 0 0 0 -0.784904 0.619618
1359.700000000 -34.1245 12.531 0 0 0 -0.782221 0.623001
1359.800000000 -34.1396 12.4575 0 0 0 -0.779523 0.626373
1359.900000000 -34.1541 12.3839 0 0 0 -0.776811 0.629734
1360.000000000 -34.169 12.3104 0 0 0 -0.775851 0.630916
1360.100000000 -34.1849 12.2371 0 0 0 -0.776755 0.629803
1360.200000000 -34.2009 12.1638 0 0 0 -0.777657 0.628688
1360.300000000 -34.2172 12.0906 0 0 0 -0.778558 0.627572
1360.400000000 -34.2337 12.0174 0 0 0 -0.779458 0.626455
1360.500000000 -34.2504 11.9443 0 0 0 -0.780355 0.625336
1360.600000000 -34.2673 11.8713 0 0 0 -0.781251 0.624217
1360.700000000 -34.2844 11.7982 0 0 0 -0.782146 0.623096
1360.800000000 -34.3017 11.7253 0 0 0 -0.783039 0.621973
1360.900000000 -34.3193 11.6523 0 0 0 -0.78393 0.620849
1361.000000000 -34.337 11.5795 0 0 0 -0.784819 0.619725
1361.100000000 -34.3549 11.5066 0 0 0 -0.785707 0.618598
1361.200000000 -34.3731 11.4339 0 0 0 -0.786594 0.617471
1361.300000000 -34.3915 11.3611 0 0 0 -0.787479 0.616342
1361.400000000 -34.41 11.2885 0 0 0 -0.788362 0.615212
1361.500000000 -34.4288 11.2159 0 0 0 -0.789243 0.614081
1361.600000000 -34.4478 11.1433 0 0 0 -0.790123 0.612948
1361.700000000 -34.467 11.0708 0 0 0 -0.791001 0.611814
1361.800000000 -34.4864 10.9984 0 0 0 -0.791878 0.610679
1361.900000000 -34.506 10.926 0 0 0 -0.792753 0.609543
1362.000000000 -34.5259 10.8536 0 0 0 -0.793626 0.608405
1362.100000000 -34.5459 10.7814 0 0 0 -0.794498 0.607267
1362.200000000 -34.5661 10.7091 0 0 0 -0.795368 0.606126
1362.300000000 -34.5762 10.662 0 0 0 -0.791114 0.611669
1362.400000000 -34.5806 10.6251 0 0 0 -0.783371 0.621555
1362.500000000 -34.5799 10.5972 0 0 0 -0.772388 0.635151
1362.600000000 -34.5741 10.5795 0 0 0 -0.757694 0.65261
1362.700000000 -34.5657 10.5671 0 0 0 -0.740898 0.671617
1362.800000000 -34.5565 10.5557 0 0 0 -0.723387 0.690442
1362.900000000 -34.5467 10.5449 0 0 0 -0.705398 0.708811
1363.000000000 -34.5364 10.5345 0 0 0 -0.686943 0.726711
1363.100000000 -34.5256 10.5247 0 0 0 -0.668033 0.744131
1363.200000000 -34.5142 10.5155 0 0 0 -0.648682 0.761059
1363.300000000 -34.5024 10.5069 0 0 0 -0.628902 0.777484
1363.400000000 -34.4902 10.4989 0 0 0 -0.608707 0.793395
1363.500000000 -34.4776 10.4915 0 0 0 -0.588109 0.808782
1363.600000000 -34.4646 10.4848 0 0 0 -0.567122 0.823634
1363.700000000 -34.4513 10.4788 0 0 0 -0.545761 0.837941
1363.800000000 -34.4377 10.4734 0 0 0 -0.524038 0.851695
1363.900000000 -34.4238 10.4688 0 0 0 -0.50197 0.864885
1364.000000000 -34.3972 10.4459 0 0 0 -0.476404 0.879227
1364.100000000 -34.3629 10.4096 0 0 0 -0.456568 0.889688
1364.200000000 -34.3204 10.3604 0 0 0 -0.443493 0.896278
1364.300000000 -34.2734 10.302 0 0 0 -0.439293 0.898344
1364.400000000 -34.2299 10.2408 0 0 0 -0.446534 0.894767
1364.500000000 -34.1895 10.18 0 0 0 -0.45599 0.889985
1364.600000000 -34.1503 10.1183 0 0 0 -0.465395 0.885103
1364.700000000 -34.1125 10.0559 0 0 0 -0.474748 0.880122
1364.800000000 -34.076 9.99263 0 0 0 -0.484048 0.875042
1364.900000000 -34.0409 9.92862 0 0 0 -0.493293 0.869863
1365.000000000 -34.0071 9.86388 0 0 0 -0.502483 0.864587
1365.100000000 -33.9747 9.79844 0 0 0 -0.511616 0.859214
1365.200000000 -33.9437 9.73232 0 0 0 -0.520692 0.853744
1365.300000000 -33.9141 9.66557 0 0 0 -0.52971 0.848179
1365.400000000 -33.8859 9.5982 0 0 0 -0.538668 0.842518
1365.500000000 -33.8596 9.53144 0 0 0 -0.54741 0.836865
1365.600000000 -33.8359 9.46728 0 0 0 -0.55569 0.83139
1365.700000000 -33.814 9.40423 0 0 0 -0.563715 0.82597
1365.800000000 -33.7943 9.34394 0 0 0 -0.57129 0.820748
1365.900000000 -33.7763 9.2849 0 0 0 -0.578619 0.815598
1366.000000000 -33.7612 9.23017 0 0 0 -0.586503 0.809947
1366.100000000 -33.7478 9.17672 0 0 0 -0.594493 0.8041
1366.200000000 -33.7403 9.133 0 0 0 -0.605685 0.795705
1366.300000000 -33.7342 9.08963 0 0 0 -0.61699 0.786971
1366.400000000 -33.7294 9.0461 0 0 0 -0.62817 0.778076
1366.500000000 -33.7259 9.00246 0 0 0 -0.639221 0.769023
1366.600000000 -33.7235 8.95873 0 0 0 -0.650142 0.759812
1366.700000000 -33.7225 8.91495 0 0 0 -0.660931 0.750447
1366.800000000 -33.7227 8.87116 0 0 0 -0.671584 0.740928
1366.900000000 -33.7241 8.82739 0 0 0 -0.6821 0.731259
1367.000000000 -33.7268 8.78368 0 0 0 -0.692478 0.721439
1367.100000000 -33.7307 8.74007 0 0 0 -0.702713 0.711473
1367.200000000 -33.7359 8.69658 0 0 0 -0.712806 0.701362
1367.300000000 -33.7423 8.65327 0 0 0 -0.722753 0.691107
1367.400000000 -33.7499 8.61015 0 0 0 -0.732552 0.680711
1367.500000000 -33.7588 8.56727 0 0 0 -0.742202 0.670176
1367.600000000 -33.7689 8.52466 0 0 0 -0.7517 0.659505
1367.700000000 -33.7802 8.48235 0 0 0 -0.761045 0.648699
1367.800000000 -33.7928 8.44039 0 0 0 -0.770235 0.63776
1367.900000000 -33.8065 8.3988 0 0 0 -0.779267 0.626692
1368.000000000 -33.8214 8.35762 0 0 0 -0.788141 0.615495
1368.100000000 -33.8374 8.31688 0 0 0 -0.796853 0.604173
1368.200000000 -33.8546 8.27662 0 0 0 -0.805403 0.592727
1368.300000000 -33.8758 8.24194 0 0 0 -0.819823 0.572618
1368.400000000 -33.8962 8.22383 0 0 0 -0.837913 0.545803
1368.500000000 -33.9131 8.22769 0 0 0 -0.860379 0.509655
1368.600000000 -33.9288 8.23558 0 0 0 0.881908 -0.471421
1368.700000000 -33.9437 8.24482 0 0 0 0.901739 -0.43228
1368.800000000 -33.9577 8.25532 0 0 0 0.919834 -0.392307
1368.900000000 -33.9708 8.26701 0 0 0 0.936158 -0.351578
1369.000000000 -33.9828 8.27981 0 0 0 0.95068 -0.310173
1369.100000000 -33.9936 8.29361 0 0 0 0.963372 -0.26817
1369.200000000 -34.0032 8.3083 0 0 0 0.974208 -0.225651
1369.300000000 -34.0115 8.32378 0 0 0 0.983169 -0.182698
1369.400000000 -34.0183 8.33992 0 0 0 0.990237 -0.139393
1369.500000000 -34.0238 8.3566 0 0 0 0.995399 -0.0958192
1369.600000000 -34.0277 8.37369 0 0 0 0.998644 -0.0520611
1369.700000000 -34.0301 8.39107 0 0 0 0.999966 -0.00820287
1369.800000000 -34.031 8.40858 0 0 0 0.999364 0.0356712
1369.900000000 -34.0304 8.42611 0 0 0 0.996837 0.0794766
1370.000000000 -34.028 8.44448 0 0 0 0.992085 0.125571
1370.100000000 -34.024 8.46256 0 0 0 0.985202 0.171396
1370.200000000 -34.0188 8.47888 0 0 0 0.976953 0.213454
1370.300000000 -34.0122 8.4947 0 0 0 0.96691 0.255119
1370.400000000 -34.0043 8.5099 0 0 0 0.95509 0.296316
1370.500000000 -33.9951 8.52436 0 0 0 0.941516 0.336969
1370.600000000 -33.9847 8.53799 0 0 0 0.926212 0.377002
1370.700000000 -33.9732 8.55067 0 0 0 0.909207 0.416343
1370.800000000 -33.9606 8.56232 0 0 0 0.890532 0.45492
1370.900000000 -33.9471 8.57285 0 0 0 0.870222 0.49266
1371.000000000 -33.9328 8.58219 0 0 0 0.848312 0.529496
1371.100000000 -33.9176 8.59026 0 0 0 0.824845 0.565359
1371.200000000 -33.9019 8.59701 0 0 0 0.799862 0.600184
1371.300000000 -33.8856 8.60239 0 0 0 0.77341 0.633906
1371.400000000 -33.8689 8.60635 0 0 0 0.745538 0.666464
1371.500000000 -33.852 8.60887 0 0 0 0.716296 0.697797
1371.600000000 -33.8349 8.60993 0 0 0 0.685738 0.727849
1371.700000000 -33.8178 8.60952 0 0 0 0.65392 0.756564
1371.800000000 -33.8007 8.60765 0 0 0 0.620902 0.783889
1371.900000000 -33.7839 8.60432 0 0 0 0.586742 0.809774
1372.000000000 -33.7675 8.59957 0 0 0 0.551505 0.834171
1372.100000000 -33.7515 8.59343 0 0 0 0.515255 0.857037
1372.200000000 -33.7317 8.59546 0 0 0 0.479513 0.877535
1372.300000000 -33.7115 8.59697 0 0 0 0.443468 0.89629
1372.400000000 -33.6912 8.59683 0 0 0 0.406691 0.913566
1372.500000000 -33.6709 8.59504 0 0 0 0.369243 0.929333
1372.600000000 -33.6509 8.59161 0 0 0 0.331185 0.943566
1372.700000000 -33.6312 8.58657 0 0 0 0.29258 0.956241
1372.800000000 -33.612 8.57994 0 0 0 0.253492 0.967337
1372.900000000 -33.5934 8.57178 0 0 0 0.213986 0.976837
1373.000000000 -33.5755 8.56214 0 0 0 0.174126 0.984723
1373.100000000 -33.5585 8.55108 0 0 0 0.133979 0.990984
1373.200000000 -33.5424 8.53867 0 0 0 0.093611 0.995609
1373.300000000 -33.5274 8.52499 0 0 0 0.0530881 0.99859
1373.400000000 -33.5135 8.51014 0 0 0 0.0124777 0.999922
1373.500000000 -33.5009 8.49421 0 0 0 -0.0281534 0.999604
1373.600000000 -33.4896 8.47732 0 0 0 -0.0687379 0.997635
1373.700000000 -33.4798 8.45956 0 0 0 -0.109209 0.994019
1373.800000000 -33.4714 8.44106 0 0 0 -0.1495 0.988762
1373.900000000 -33.4645 8.42194 0 0 0 -0.189544 0.981872
1374.000000000 -33.4426 8.40114 0 0 0 -0.216832 0.976209
1374.100000000 -33.4082 8.37578 0 0 0 -0.237317 0.971432
1374.200000000 -33.3642 8.3469 0 0 0 -0.250271 0.968176
1374.300000000 -33.3055 8.31191 0 0 0 -0.255506 0.966808
1374.400000000 -33.2404 8.27464 0 0 0 -0.256097 0.966651
1374.500000000 -33.1752 8.23751 0 0 0 -0.256097 0.966651
1374.600000000 -33.1101 8.20037 0 0 0 -0.256097 0.966651
1374.700000000 -33.0449 8.16324 0 0 0 -0.256097 0.966651
1374.800000000 -32.9797 8.12611 0 0 0 -0.256097 0.966651
1374.900000000 -32.9146 8.08897 0 0 0 -0.256097 0.966651
1375.000000000 -32.8494 8.05184 0 0 0 -0.256097 0.966651
1375.100000000 -32.7843 8.01471 0 0 0 -0.256097 0.966651
1375.200000000 -32.7191 7.97757 0 0 0 -0.256097 0.966651
1375.300000000 -32.6539 7.94044 0 0 0 -0.256097 0.966651
1375.400000000 -32.5888 7.9033 0 0 0 -0.256097 0.966651
1375.500000000 -32.5236 7.86617 0 0 0 -0.256097 0.966651
1375.600000000 -32.4585 7.82904 0 0 0 -0.256097 0.966651
1375.700000000 -32.3933 7.7919 0 0 0 -0.256097 0.966651
1375.800000000 -32.3281 7.75477 0 0 0 -0.256097 0.966651
1375.900000000 -32.263 7.71764 0 0 0 -0.256097 0.966651
1376.000000000 -32.1978 7.6805 0 0 0 -0.256097 0.966651
1376.100000000 -32.1326 7.64337 0 0 0 -0.256097 0.966651
1376.200000000 -32.0675 7.60624 0 0 0 -0.256097 0.966651
1376.300000000 -32.0225 7.57661 0 0 0 -0.264528 0.964378
1376.400000000 -31.9902 7.55045 0 0 0 -0.278948 0.960306
1376.500000000 -31.9695 7.52753 0 0 0 -0.298692 0.95435
1376.600000000 -31.9615 7.50891 0 0 0 -0.324228 0.945979
1376.700000000 -31.9686 7.49697 0 0 0 -0.356686 0.934224
1376.800000000 -31.9775 7.48612 0 0 0 -0.38921 0.921149
1376.900000000 -31.9871 7.47592 0 0 0 -0.421256 0.906942
1377.000000000 -31.9974 7.46641 0 0 0 -0.452784 0.89162
1377.100000000 -32.0084 7.45765 0 0 0 -0.483756 0.875203
1377.200000000 -32.0199 7.44968 0 0 0 -0.514134 0.85771
1377.300000000 -32.032 7.44254 0 0 0 -0.543879 0.839163
1377.400000000 -32.0445 7.43626 0 0 0 -0.572957 0.819586
1377.500000000 -32.0575 7.43088 0 0 0 -0.60133 0.799001
1377.600000000 -32.0708 7.42641 0 0 0 -0.628965 0.777434
1377.700000000 -32.0843 7.42289 0 0 0 -0.655826 0.754912
1377.800000000 -32.0981 7.42033 0 0 0 -0.681882 0.731462
1377.900000000 -32.1121 7.41874 0 0 0 -0.7071 0.707114
1378.000000000 -32.1261 7.41813 0 0 0 -0.731449 0.681896
1378.100000000 -32.1401 7.4185 0 0 0 -0.754899 0.655841
1378.200000000 -32.1401 7.4185 0 0 0 -0.754899 0.655841
1378.300000000 -32.1401 7.4185 0 0 0 -0.754899 0.655841
1378.400000000 -32.1401 7.4185 0 0 0 -0.754899 0.655841
1378.500000000 -32.1401 7.4185 0 0 0 -0.754899 0.655841
1378.600000000 -32.1401 7.4185 0 0 0 -0.754899 0.655841
1378.700000000 -32.1401 7.4185 0 0 0 -0.754899 0.655841
1378.800000000 -32.1401 7.4185 0 0 0 -0.754899 0.655841
1378.900000000 -32.1401 7.4185 0 0 0 -0.754899 0.655841
1379.000000000 -32.1401 7.4185 0 0 0 -0.754899 0.655841
1379.100000000 -32.1401 7.4185 0 0 0 -0.754899 0.655841
1379.200000000 -32.1401 7.4185 0 0 0 -0.754899 0.655841
1379.300000000 -32.1401 7.4185 0 0 0 -0.754899 0.655841
1379.400000000 -32.1401 7.4185 0 0 0 -0.754899 0.655841
1379.500000000 -32.1401 7.4185 0 0 0 -0.754899 0.655841
1379.600000000 -32.1401 7.4185 0 0 0 -0.754899 0.655841
1379.700000000 -32.1401 7.4185 0 0 0 -0.754899 0.655841
1379.800000000 -32.1401 7.4185 0 0 0 -0.754899 0.655841
1379.900000000 -32.1401 7.4185 0 0 0 -0.754899 0.655841
1380.000000000 -32.1401 7.4185 0 0 0 -0.754899 0.655841
1380.100000000 -32.1401 7.4185 0 0 0 -0.754899 0.655841
1380.200000000 -32.1401 7.4185 0 0 0 -0.754899 0.655841
1380.300000000 -32.1401 7.4185 0 0 0 -0.754899 0.655841
1380.400000000 -32.1401 7.4185 0 0 0 -0.754899 0.655841
1380.500000000 -32.1401 7.4185 0 0 0 -0.754899 0.655841
1380.600000000 -32.1401 7.4185 0 0 0 -0.754899 0.655841
1380.700000000 -32.1401 7.4185 0 0 0 -0.754899 0.655841
1380.800000000 -32.1401 7.4185 0 0 0 -0.754899 0.655841
1380.900000000 -32.1401 7.4185 0 0 0 -0.754899 0.655841
1381.000000000 -32.1401 7.4185 0 0 0 -0.754899 0.655841
1381.100000000 -32.1401 7.4185 0 0 0 -0.754899 0.655841
1381.200000000 -32.1401 7.4185 0 0 0 -0.754899 0.655841
1381.300000000 -32.1401 7.4185 0 0 0 -0.754899 0.655841
1381.400000000 -32.1401 7.4185 0 0 0 -0.754899 0.655841
1381.500000000 -32.1401 7.4185 0 0 0 -0.754899 0.655841
1381.600000000 -32.1401 7.4185 0 0 0 -0.754899 0.655841
1381.700000000 -32.1401 7.4185 0 0 0 -0.754899 0.655841
1381.800000000 -32.1401 7.4185 0 0 0 -0.754899 0.655841
1381.900000000 -32.1401 7.4185 0 0 0 -0.754899 0.655841
1382.000000000 -32.1401 7.4185 0 0 0 -0.754899 0.655841
1382.100000000 -32.1401 7.4185 0 0 0 -0.754899 0.655841
1382.200000000 -32.1401 7.4185 0 0 0 -0.754899 0.655841
1382.300000000 -32.1401 7.4185 0 0 0 -0.754899 0.655841
1382.400000000 -32.1401 7.4185 0 0 0 -0.754899 0.655841
1382.500000000 -32.1401 7.4185 0 0 0 -0.754899 0.655841
1382.600000000 -32.1401 7.4185 0 0 0 -0.754899 0.655841
1382.700000000 -32.1401 7.4185 0 0 0 -0.754899 0.655841
1382.800000000 -32.1401 7.4185 0 0 0 -0.754899 0.655841
1382.900000000 -32.1401 7.4185 0 0 0 -0.754899 0.655841
1383.000000000 -32.1401 7.4185 0 0 0 -0.754899 0.655841
1383.100000000 -32.1401 7.4185 0 0 0 -0.754899 0.655841
1383.200000000 -32.1401 7.4185 0 0 0 -0.754899 0.655841
1383.300000000 -32.1401 7.4185 0 0 0 -0.754899 0.655841
1383.400000000 -32.1401 7.4185 0 0 0 -0.754899 0.655841
1383.500000000 -32.1401 7.4185 0 0 0 -0.754899 0.655841
1383.600000000 -32.1401 7.4185 0 0 0 -0.754899 0.655841
1383.700000000 -32.1401 7.4185 0 0 0 -0.754899 0.655841
1383.800000000 -32.1401 7.4185 0 0 0 -0.754899 0.655841
1383.900000000 -32.1401 7.4185 0 0 0 -0.754899 0.655841
1384.000000000 -32.1401 7.4185 0 0 0 -0.754899 0.655841
1384.100000000 -32.1401 7.4185 0 0 0 -0.754899 0.655841
1384.200000000 -32.1401 7.4185 0 0 0 -0.754899 0.655841
1384.300000000 -32.1401 7.4185 0 0 0 -0.754899 0.655841
1384.400000000 -32.1401 7.4185 0 0 0 -0.754899 0.655841
1384.500000000 -32.1401 7.4185 0 0 0 -0.754899 0.655841
1384.600000000 -32.1401 7.4185 0 0 0 -0.754899 0.655841
1384.700000000 -32.1401 7.4185 0 0 0 -0.754899 0.655841
1384.800000000 -32.1401 7.4185 0 0 0 -0.754899 0.655841
1384.900000000 -32.1401 7.4185 0 0 0 -0.754899 0.655841
1385.000000000 -32.1401 7.4185 0 0 0 -0.754899 0.655841
1385.100000000 -32.1401 7.4185 0 0 0 -0.754899 0.655841
1385.200000000 -32.1401 7.4185 0 0 0 -0.754899 0.655841
1385.300000000 -32.1401 7.4185 0 0 0 -0.754899 0.655841
1385.400000000 -32.1401 7.4185 0 0 0 -0.754899 0.655841
1385.500000000 -32.1401 7.4185 0 0 0 -0.754899 0.655841
1385.600000000 -32.1401 7.4185 0 0 0 -0.754899 0.655841
1385.700000000 -32.1401 7.4185 0 0 0 -0.754899 0.655841
1385.800000000 -32.1401 7.4185 0 0 0 -0.754899 0.655841
1385.900000000 -32.1401 7.4185 0 0 0 -0.754899 0.655841
1386.000000000 -32.1401 7.4185 0 0 0 -0.754899 0.655841
1386.100000000 -32.1401 7.4185 0 0 0 -0.754899 0.655841
1386.200000000 -32.1401 7.4185 0 0 0 -0.754899 0.655841
1386.300000000 -32.1401 7.4185 0 0 0 -0.754899 0.655841
1386.400000000 -32.1401 7.4185 0 0 0 -0.754899 0.655841
1386.500000000 -32.1401 7.4185 0 0 0 -0.754899 0.655841
1386.600000000 -32.1401 7.4185 0 0 0 -0.754899 0.655841
1386.700000000 -32.1401 7.4185 0 0 0 -0.754899 0.655841
1386.800000000 -32.1401 7.4185 0 0 0 -0.754899 0.655841
1386.900000000 -32.1401 7.4185 0 0 0 -0.754899 0.655841
1387.000000000 -32.1401 7.4185 0 0 0 -0.754899 0.655841
1387.100000000 -32.1401 7.4185 0 0 0 -0.754899 0.655841
1387.200000000 -32.1401 7.4185 0 0 0 -0.754899 0.655841
1387.300000000 -32.1401 7.4185 0 0 0 -0.754899 0.655841
1387.400000000 -32.1401 7.4185 0 0 0 -0.754899 0.655841
1387.500000000 -32.1401 7.4185 0 0 0 -0.754899 0.655841
1387.600000000 -32.1401 7.4185 0 0 0 -0.754899 0.655841
1387.700000000 -32.1401 7.4185 0 0 0 -0.754899 0.655841
1387.800000000 -32.1401 7.4185 0 0 0 -0.754899 0.655841
1387.900000000 -32.1401 7.4185 0 0 0 -0.754899 0.655841
1388.000000000 -32.1401 7.4185 0 0 0 -0.754899 0.655841
1388.100000000 -32.1401 7.4185 0 0 0 -0.754899 0.655841
1388.200000000 -32.1401 7.4185 0 0 0 -0.754899 0.655841
1388.300000000 -32.1401 7.4185 0 0 0 -0.754899 0.655841
1388.400000000 -32.1401 7.4185 0 0 0 -0.754899 0.655841
