timestamp,event,data
12.900000000,REPLAN_REQUESTED,"{""message"": ""Replanning request. curr_vertex_idx: 0"", ""wall_time_utc"": ""2026-09-06T16:53:44.340927+00:00""}"
12.900000000,SLAM_PATH_CREATED,"{""node"": ""/Navigator"", ""path"": [62, 82, 98, 106, 90, 81, 63, 70, 63, 52, 48, 56, 57, 51, 57, 56, 48, 30, 20, 9, 147, 7, 147, 9, 4, 9, 20, 16, 5, 16, 148, 10, 148, 16, 20, 30, 24, 22, 24, 15, 14, 15, 6, 15, 24, 37, 31, 37, 42, 44, 33, 28, 33, 29, 33, 41, 36, 38, 36, 32, 149, 18, 146, 3, 146, 18, 27, 18, 8, 18, 13, 18, 19, 12, 19, 26, 19, 23, 21, 17, 21, 25, 11, 25, 39, 43, 35, 150, 35, 40, 35, 43, 39, 45, 49, 45, 58, 73, 58, 154, 54, 50, 54, 59, 74, 59, 157, 156, 155, 55, 69, 59, 69, 55, 60, 47, 41, 47, 46, 47, 61, 80, 82, 80, 79, 89, 78, 69, 78, 87, 163, 86, 75, 162, 77, 58, 77, 88, 85, 88, 97, 111, 166, 111, 124, 133, 124, 129, 104, 166, 104, 108, 92, 87, 92, 105, 116, 130, 134, 137, 134, 125, 138, 125, 117, 139, 117, 140, 117, 121, 141, 121, 122, 112, 122, 123, 106, 123, 142, 123, 126, 113, 109, 100, 109, 165, 100, 165, 109, 99, 109, 113, 126, 127, 143, 127, 118, 101, 91, 83, 91, 93, 91, 101, 102, 94, 102, 101, 118, 167, 114, 110, 114, 135, 114, 128, 131, 145, 131, 144, 131, 136, 131, 119, 115, 120, 115, 132, 115, 107, 164, 96, 164, 107, 103, 95, 84, 68, 153, 64, 153, 68, 64, 53, 64, 71, 64, 68, 153, 152, 151, 34, 151, 152, 153, 68, 84, 72, 65, 72, 158, 65, 158, 72, 161, 160, 66, 159, 67, 76], ""wall_time_utc"": ""2026-09-06T16:53:44.348126+00:00""}"
12.900000000,LOOP_INSERTED,"{""path_index"": 111, ""vertex"": 59, ""wall_time_utc"": ""2026-09-06T16:53:44.348354+00:00""}"
12.900000000,LOOP_INSERTED,"{""path_index"": 116, ""vertex"": 41, ""wall_time_utc"": ""2026-09-06T16:53:44.348378+00:00""}"
12.900000000,LOOP_INSERTED,"{""path_index"": 122, ""vertex"": 82, ""wall_time_utc"": ""2026-09-06T16:53:44.348392+00:00""}"
12.900000000,LOOP_INSERTED,"{""path_index"": 127, ""vertex"": 69, ""wall_time_utc"": ""2026-09-06T16:53:44.348404+00:00""}"
12.900000000,LOOP_INSERTED,"{""path_index"": 135, ""vertex"": 58, ""wall_time_utc"": ""2026-09-06T16:53:44.348416+00:00""}"
12.900000000,LOOP_INSERTED,"{""path_index"": 149, ""vertex"": 166, ""wall_time_utc"": ""2026-09-06T16:53:44.348428+00:00""}"
12.900000000,LOOP_INSERTED,"{""path_index"": 153, ""vertex"": 87, ""wall_time_utc"": ""2026-09-06T16:53:44.348439+00:00""}"
12.900000000,LOOP_INSERTED,"{""path_index"": 176, ""vertex"": 106, ""wall_time_utc"": ""2026-09-06T16:53:44.348451+00:00""}"
12.900000000,LOOP_INSERTED,"{""path_index"": 183, ""vertex"": 100, ""wall_time_utc"": ""2026-09-06T16:53:44.348463+00:00""}"
12.900000000,LOOP_INSERTED,"{""path_index"": 239, ""vertex"": 64, ""wall_time_utc"": ""2026-09-06T16:53:44.348475+00:00""}"
12.900000000,LOOP_INSERTED,"{""path_index"": 258, ""vertex"": 65, ""wall_time_utc"": ""2026-09-06T16:53:44.348487+00:00""}"
30.600000000,LOCAL_REPLAN,"{""message"": ""Call local replanning..."", ""wall_time_utc"": ""2026-09-06T16:54:02.038973+00:00""}"
30.600000000,REPLAN_REQUESTED,"{""message"": ""Replanning request. curr_vertex_idx: 0"", ""wall_time_utc"": ""2026-09-06T16:54:02.041029+00:00""}"
30.600000000,GOAL_REACHED,"{""vertex"": 62, ""wall_time_utc"": ""2026-09-06T16:54:02.045342+00:00""}"
30.600000000,NO_FRONTIER,"{""message"": ""No frontier at vertex 62. #Frontier: 0"", ""wall_time_utc"": ""2026-09-06T16:54:02.045388+00:00""}"
31.600000000,LOCAL_REPLAN,"{""message"": ""Call local replanning..."", ""wall_time_utc"": ""2026-09-06T16:54:03.053011+00:00""}"
31.600000000,REPLAN_REQUESTED,"{""message"": ""Replanning request. curr_vertex_idx: 1"", ""wall_time_utc"": ""2026-09-06T16:54:03.055115+00:00""}"
37.600000000,LOCAL_REPLAN,"{""message"": ""Call local replanning..."", ""wall_time_utc"": ""2026-09-06T16:54:09.045563+00:00""}"
37.600000000,REPLAN_REQUESTED,"{""message"": ""Replanning request. curr_vertex_idx: 1"", ""wall_time_utc"": ""2026-09-06T16:54:09.047268+00:00""}"
43.600000000,LOCAL_REPLAN,"{""message"": ""Call local replanning..."", ""wall_time_utc"": ""2026-09-06T16:54:15.066491+00:00""}"
43.600000000,REPLAN_REQUESTED,"{""message"": ""Replanning request. curr_vertex_idx: 1"", ""wall_time_utc"": ""2026-09-06T16:54:15.068573+00:00""}"
43.600000000,GOAL_REACHED,"{""vertex"": 82, ""wall_time_utc"": ""2026-09-06T16:54:15.072216+00:00""}"
43.600000000,NO_FRONTIER,"{""message"": ""No frontier at vertex 82. #Frontier: 0"", ""wall_time_utc"": ""2026-09-06T16:54:15.072351+00:00""}"
43.600000000,REPEATED_VISIT_SKIP,"{""message"": ""Skip repeated visit to vertex 98"", ""wall_time_utc"": ""2026-09-06T16:54:15.072387+00:00""}"
49.700000000,LOCAL_REPLAN,"{""message"": ""Call local replanning..."", ""wall_time_utc"": ""2026-09-06T16:54:21.142152+00:00""}"
49.700000000,REPLAN_REQUESTED,"{""message"": ""Replanning request. curr_vertex_idx: 3"", ""wall_time_utc"": ""2026-09-06T16:54:21.144035+00:00""}"
54.600000000,LOCAL_REPLAN,"{""message"": ""Call local replanning..."", ""wall_time_utc"": ""2026-09-06T16:54:26.084821+00:00""}"
54.600000000,REPLAN_REQUESTED,"{""message"": ""Replanning request. curr_vertex_idx: 3"", ""wall_time_utc"": ""2026-09-06T16:54:26.086931+00:00""}"
54.600000000,GOAL_SKIP,"{""message"": ""Skip currGoal 106 that has no frontier and seen by robot"", ""wall_time_utc"": ""2026-09-06T16:54:26.090891+00:00""}"
54.600000000,REPEATED_VISIT_SKIP,"{""message"": ""Skip repeated visit to vertex 90"", ""wall_time_utc"": ""2026-09-06T16:54:26.091025+00:00""}"
54.600000000,REPEATED_VISIT_SKIP,"{""message"": ""Skip repeated visit to vertex 81"", ""wall_time_utc"": ""2026-09-06T16:54:26.091050+00:00""}"
54.600000000,REPEATED_VISIT_SKIP,"{""message"": ""Skip repeated visit to vertex 63"", ""wall_time_utc"": ""2026-09-06T16:54:26.091065+00:00""}"
60.700000000,LOCAL_REPLAN,"{""message"": ""Call local replanning..."", ""wall_time_utc"": ""2026-09-06T16:54:32.140933+00:00""}"
60.700000000,REPLAN_REQUESTED,"{""message"": ""Replanning request. curr_vertex_idx: 7"", ""wall_time_utc"": ""2026-09-06T16:54:32.143052+00:00""}"
60.700000000,GOAL_SKIP,"{""message"": ""Skip currGoal 70 that has no frontier and seen by robot"", ""wall_time_utc"": ""2026-09-06T16:54:32.147621+00:00""}"
60.700000000,REPEATED_VISIT_SKIP,"{""message"": ""Skip repeated visit to vertex 63"", ""wall_time_utc"": ""2026-09-06T16:54:32.147666+00:00""}"
66.600000000,LOCAL_REPLAN,"{""message"": ""Call local replanning..."", ""wall_time_utc"": ""2026-09-06T16:54:38.074299+00:00""}"
66.600000000,REPLAN_REQUESTED,"{""message"": ""Replanning request. curr_vertex_idx: 9"", ""wall_time_utc"": ""2026-09-06T16:54:38.076581+00:00""}"
66.600000000,GOAL_SKIP,"{""message"": ""Skip currGoal 52 that has no frontier and seen by robot"", ""wall_time_utc"": ""2026-09-06T16:54:38.080055+00:00""}"
66.600000000,REPEATED_VISIT_SKIP,"{""message"": ""Skip repeated visit to vertex 48"", ""wall_time_utc"": ""2026-09-06T16:54:38.080110+00:00""}"
72.600000000,LOCAL_REPLAN,"{""message"": ""Call local replanning..."", ""wall_time_utc"": ""2026-09-06T16:54:44.083388+00:00""}"
72.600000000,REPLAN_REQUESTED,"{""message"": ""Replanning request. curr_vertex_idx: 11"", ""wall_time_utc"": ""2026-09-06T16:54:44.085571+00:00""}"
78.700000000,LOCAL_REPLAN,"{""message"": ""Call local replanning..."", ""wall_time_utc"": ""2026-09-06T16:54:50.158624+00:00""}"
78.700000000,REPLAN_REQUESTED,"{""message"": ""Replanning request. curr_vertex_idx: 11"", ""wall_time_utc"": ""2026-09-06T16:54:50.160529+00:00""}"
81.600000000,LOCAL_REPLAN,"{""message"": ""Call local replanning..."", ""wall_time_utc"": ""2026-09-06T16:54:53.113447+00:00""}"
81.600000000,REPLAN_REQUESTED,"{""message"": ""Replanning request. curr_vertex_idx: 11"", ""wall_time_utc"": ""2026-09-06T16:54:53.115277+00:00""}"
81.600000000,GOAL_SKIP,"{""message"": ""Skip currGoal 56 that has no frontier and seen by robot"", ""wall_time_utc"": ""2026-09-06T16:54:53.119252+00:00""}"
87.700000000,LOCAL_REPLAN,"{""message"": ""Call local replanning..."", ""wall_time_utc"": ""2026-09-06T16:54:59.186320+00:00""}"
87.700000000,REPLAN_REQUESTED,"{""message"": ""Replanning request. curr_vertex_idx: 12"", ""wall_time_utc"": ""2026-09-06T16:54:59.188419+00:00""}"
87.700000000,GOAL_SKIP,"{""message"": ""Skip currGoal 57 that has no frontier and seen by robot"", ""wall_time_utc"": ""2026-09-06T16:54:59.192965+00:00""}"
87.700000000,REPEATED_VISIT_SKIP,"{""message"": ""Skip repeated visit to vertex 51"", ""wall_time_utc"": ""2026-09-06T16:54:59.193007+00:00""}"
87.700000000,REPEATED_VISIT_SKIP,"{""message"": ""Skip repeated visit to vertex 57"", ""wall_time_utc"": ""2026-09-06T16:54:59.193023+00:00""}"
87.700000000,REPEATED_VISIT_SKIP,"{""message"": ""Skip repeated visit to vertex 56"", ""wall_time_utc"": ""2026-09-06T16:54:59.193036+00:00""}"
87.700000000,REPEATED_VISIT_SKIP,"{""message"": ""Skip repeated visit to vertex 48"", ""wall_time_utc"": ""2026-09-06T16:54:59.193048+00:00""}"
93.600000000,LOCAL_REPLAN,"{""message"": ""Call local replanning..."", ""wall_time_utc"": ""2026-09-06T16:55:05.086458+00:00""}"
93.600000000,REPLAN_REQUESTED,"{""message"": ""Replanning request. curr_vertex_idx: 17"", ""wall_time_utc"": ""2026-09-06T16:55:05.088744+00:00""}"
99.700000000,LOCAL_REPLAN,"{""message"": ""Call local replanning..."", ""wall_time_utc"": ""2026-09-06T16:55:11.199213+00:00""}"
99.700000000,REPLAN_REQUESTED,"{""message"": ""Replanning request. curr_vertex_idx: 17"", ""wall_time_utc"": ""2026-09-06T16:55:11.201415+00:00""}"
105.700000000,LOCAL_REPLAN,"{""message"": ""Call local replanning..."", ""wall_time_utc"": ""2026-09-06T16:55:17.188151+00:00""}"
105.700000000,REPLAN_REQUESTED,"{""message"": ""Replanning request. curr_vertex_idx: 17"", ""wall_time_utc"": ""2026-09-06T16:55:17.190295+00:00""}"
111.600000000,LOCAL_REPLAN,"{""message"": ""Call local replanning..."", ""wall_time_utc"": ""2026-09-06T16:55:23.109975+00:00""}"
111.600000000,REPLAN_REQUESTED,"{""message"": ""Replanning request. curr_vertex_idx: 17"", ""wall_time_utc"": ""2026-09-06T16:55:23.111704+00:00""}"
111.600000000,GOAL_REACHED,"{""vertex"": 30, ""wall_time_utc"": ""2026-09-06T16:55:23.115094+00:00""}"
113.700000000,LOCAL_REPLAN,"{""message"": ""Call local replanning..."", ""wall_time_utc"": ""2026-09-06T16:55:25.218165+00:00""}"
113.700000000,REPLAN_REQUESTED,"{""message"": ""Replanning request. curr_vertex_idx: 17"", ""wall_time_utc"": ""2026-09-06T16:55:25.220257+00:00""}"
115.700000000,LOCAL_REPLAN,"{""message"": ""Call local replanning..."", ""wall_time_utc"": ""2026-09-06T16:55:27.213995+00:00""}"
115.700000000,REPLAN_REQUESTED,"{""message"": ""Replanning request. curr_vertex_idx: 17"", ""wall_time_utc"": ""2026-09-06T16:55:27.216121+00:00""}"
117.700000000,LOCAL_REPLAN,"{""message"": ""Call local replanning..."", ""wall_time_utc"": ""2026-09-06T16:55:29.216552+00:00""}"
117.700000000,REPLAN_REQUESTED,"{""message"": ""Replanning request. curr_vertex_idx: 17"", ""wall_time_utc"": ""2026-09-06T16:55:29.218993+00:00""}"
123.700000000,LOCAL_REPLAN,"{""message"": ""Call local replanning..."", ""wall_time_utc"": ""2026-09-06T16:55:35.160358+00:00""}"
123.700000000,REPLAN_REQUESTED,"{""message"": ""Replanning request. curr_vertex_idx: 17"", ""wall_time_utc"": ""2026-09-06T16:55:35.162415+00:00""}"
125.700000000,LOCAL_REPLAN,"{""message"": ""Call local replanning..."", ""wall_time_utc"": ""2026-09-06T16:55:37.150752+00:00""}"
125.700000000,REPLAN_REQUESTED,"{""message"": ""Replanning request. curr_vertex_idx: 17"", ""wall_time_utc"": ""2026-09-06T16:55:37.152639+00:00""}"
127.700000000,LOCAL_REPLAN,"{""message"": ""Call local replanning..."", ""wall_time_utc"": ""2026-09-06T16:55:39.130234+00:00""}"
127.700000000,REPLAN_REQUESTED,"{""message"": ""Replanning request. curr_vertex_idx: 17"", ""wall_time_utc"": ""2026-09-06T16:55:39.132043+00:00""}"
127.700000000,NO_FRONTIER,"{""message"": ""No frontier at vertex 30. #Frontier: 0"", ""wall_time_utc"": ""2026-09-06T16:55:39.136574+00:00""}"
127.700000000,REPEATED_VISIT_SKIP,"{""message"": ""Skip repeated visit to vertex 20"", ""wall_time_utc"": ""2026-09-06T16:55:39.136623+00:00""}"
127.700000000,REPEATED_VISIT_SKIP,"{""message"": ""Skip repeated visit to vertex 9"", ""wall_time_utc"": ""2026-09-06T16:55:39.136638+00:00""}"
133.800000000,LOCAL_REPLAN,"{""message"": ""Call local replanning..."", ""wall_time_utc"": ""2026-09-06T16:55:45.242414+00:00""}"
133.800000000,REPLAN_REQUESTED,"{""message"": ""Replanning request. curr_vertex_idx: 20"", ""wall_time_utc"": ""2026-09-06T16:55:45.244497+00:00""}"
139.600000000,LOCAL_REPLAN,"{""message"": ""Call local replanning..."", ""wall_time_utc"": ""2026-09-06T16:55:51.097009+00:00""}"
139.600000000,REPLAN_REQUESTED,"{""message"": ""Replanning request. curr_vertex_idx: 20"", ""wall_time_utc"": ""2026-09-06T16:55:51.098949+00:00""}"
144.700000000,LOCAL_REPLAN,"{""message"": ""Call local replanning..."", ""wall_time_utc"": ""2026-09-06T16:55:56.223631+00:00""}"
144.800000000,REPLAN_REQUESTED,"{""message"": ""Replanning request. curr_vertex_idx: 20"", ""wall_time_utc"": ""2026-09-06T16:55:56.225837+00:00""}"
144.800000000,GOAL_SKIP,"{""message"": ""Skip currGoal 147 that has no frontier and seen by robot"", ""wall_time_utc"": ""2026-09-06T16:55:56.229153+00:00""}"
146.700000000,LOCAL_REPLAN,"{""message"": ""Call local replanning..."", ""wall_time_utc"": ""2026-09-06T16:55:58.222721+00:00""}"
146.800000000,REPLAN_REQUESTED,"{""message"": ""Replanning request. curr_vertex_idx: 21"", ""wall_time_utc"": ""2026-09-06T16:55:58.224276+00:00""}"
148.700000000,LOCAL_REPLAN,"{""message"": ""Call local replanning..."", ""wall_time_utc"": ""2026-09-06T16:56:00.223561+00:00""}"
148.800000000,REPLAN_REQUESTED,"{""message"": ""Replanning request. curr_vertex_idx: 21"", ""wall_time_utc"": ""2026-09-06T16:56:00.225483+00:00""}"
152.800000000,LOCAL_REPLAN,"{""message"": ""Call local replanning..."", ""wall_time_utc"": ""2026-09-06T16:56:04.239186+00:00""}"
152.800000000,REPLAN_REQUESTED,"{""message"": ""Replanning request. curr_vertex_idx: 21"", ""wall_time_utc"": ""2026-09-06T16:56:04.240893+00:00""}"
158.700000000,LOCAL_REPLAN,"{""message"": ""Call local replanning..."", ""wall_time_utc"": ""2026-09-06T16:56:10.216655+00:00""}"
158.700000000,REPLAN_REQUESTED,"{""message"": ""Replanning request. curr_vertex_idx: 21"", ""wall_time_utc"": ""2026-09-06T16:56:10.218533+00:00""}"
158.700000000,GOAL_SKIP,"{""message"": ""Skip currGoal 7 that has no frontier and seen by robot"", ""wall_time_utc"": ""2026-09-06T16:56:10.222396+00:00""}"
158.700000000,REPEATED_VISIT_SKIP,"{""message"": ""Skip repeated visit to vertex 147"", ""wall_time_utc"": ""2026-09-06T16:56:10.222444+00:00""}"
158.700000000,REPEATED_VISIT_SKIP,"{""message"": ""Skip repeated visit to vertex 9"", ""wall_time_utc"": ""2026-09-06T16:56:10.222460+00:00""}"
164.600000000,LOCAL_REPLAN,"{""message"": ""Call local replanning..."", ""wall_time_utc"": ""2026-09-06T16:56:16.104205+00:00""}"
164.600000000,REPLAN_REQUESTED,"{""message"": ""Replanning request. curr_vertex_idx: 24"", ""wall_time_utc"": ""2026-09-06T16:56:16.106265+00:00""}"
170.700000000,LOCAL_REPLAN,"{""message"": ""Call local replanning..."", ""wall_time_utc"": ""2026-09-06T16:56:22.212938+00:00""}"
170.700000000,REPLAN_REQUESTED,"{""message"": ""Replanning request. curr_vertex_idx: 24"", ""wall_time_utc"": ""2026-09-06T16:56:22.215075+00:00""}"
176.700000000,LOCAL_REPLAN,"{""message"": ""Call local replanning..."", ""wall_time_utc"": ""2026-09-06T16:56:28.135186+00:00""}"
176.700000000,REPLAN_REQUESTED,"{""message"": ""Replanning request. curr_vertex_idx: 24"", ""wall_time_utc"": ""2026-09-06T16:56:28.137115+00:00""}"
178.700000000,LOCAL_REPLAN,"{""message"": ""Call local replanning..."", ""wall_time_utc"": ""2026-09-06T16:56:30.159193+00:00""}"
178.700000000,REPLAN_REQUESTED,"{""message"": ""Replanning request. curr_vertex_idx: 24"", ""wall_time_utc"": ""2026-09-06T16:56:30.160970+00:00""}"
184.600000000,LOCAL_REPLAN,"{""message"": ""Call local replanning..."", ""wall_time_utc"": ""2026-09-06T16:56:36.108431+00:00""}"
184.600000000,REPLAN_REQUESTED,"{""message"": ""Replanning request. curr_vertex_idx: 24"", ""wall_time_utc"": ""2026-09-06T16:56:36.110563+00:00""}"
190.700000000,LOCAL_REPLAN,"{""message"": ""Call local replanning..."", ""wall_time_utc"": ""2026-09-06T16:56:42.195314+00:00""}"
190.700000000,REPLAN_REQUESTED,"{""message"": ""Replanning request. curr_vertex_idx: 24"", ""wall_time_utc"": ""2026-09-06T16:56:42.197397+00:00""}"
196.700000000,LOCAL_REPLAN,"{""message"": ""Call local replanning..."", ""wall_time_utc"": ""2026-09-06T16:56:48.189927+00:00""}"
196.700000000,REPLAN_REQUESTED,"{""message"": ""Replanning request. curr_vertex_idx: 24"", ""wall_time_utc"": ""2026-09-06T16:56:48.191821+00:00""}"
202.600000000,LOCAL_REPLAN,"{""message"": ""Call local replanning..."", ""wall_time_utc"": ""2026-09-06T16:56:54.099178+00:00""}"
202.600000000,REPLAN_REQUESTED,"{""message"": ""Replanning request. curr_vertex_idx: 24"", ""wall_time_utc"": ""2026-09-06T16:56:54.101153+00:00""}"
208.700000000,LOCAL_REPLAN,"{""message"": ""Call local replanning..."", ""wall_time_utc"": ""2026-09-06T16:57:00.145534+00:00""}"
208.700000000,REPLAN_REQUESTED,"{""message"": ""Replanning request. curr_vertex_idx: 24"", ""wall_time_utc"": ""2026-09-06T16:57:00.147475+00:00""}"
214.700000000,LOCAL_REPLAN,"{""message"": ""Call local replanning..."", ""wall_time_utc"": ""2026-09-06T16:57:06.147980+00:00""}"
214.700000000,REPLAN_REQUESTED,"{""message"": ""Replanning request. curr_vertex_idx: 24"", ""wall_time_utc"": ""2026-09-06T16:57:06.149948+00:00""}"
220.600000000,LOCAL_REPLAN,"{""message"": ""Call local replanning..."", ""wall_time_utc"": ""2026-09-06T16:57:12.116652+00:00""}"
220.600000000,REPLAN_REQUESTED,"{""message"": ""Replanning request. curr_vertex_idx: 24"", ""wall_time_utc"": ""2026-09-06T16:57:12.118630+00:00""}"
226.600000000,LOCAL_REPLAN,"{""message"": ""Call local replanning..."", ""wall_time_utc"": ""2026-09-06T16:57:18.098191+00:00""}"
226.600000000,REPLAN_REQUESTED,"{""message"": ""Replanning request. curr_vertex_idx: 24"", ""wall_time_utc"": ""2026-09-06T16:57:18.100243+00:00""}"
230.700000000,LOCAL_REPLAN,"{""message"": ""Call local replanning..."", ""wall_time_utc"": ""2026-09-06T16:57:22.138286+00:00""}"
230.700000000,REPLAN_REQUESTED,"{""message"": ""Replanning request. curr_vertex_idx: 24"", ""wall_time_utc"": ""2026-09-06T16:57:22.140294+00:00""}"
230.700000000,GOAL_SKIP,"{""message"": ""Skip currGoal 4 that has no frontier and seen by robot"", ""wall_time_utc"": ""2026-09-06T16:57:22.143811+00:00""}"
230.700000000,REPEATED_VISIT_SKIP,"{""message"": ""Skip repeated visit to vertex 9"", ""wall_time_utc"": ""2026-09-06T16:57:22.143871+00:00""}"
230.700000000,REPEATED_VISIT_SKIP,"{""message"": ""Skip repeated visit to vertex 20"", ""wall_time_utc"": ""2026-09-06T16:57:22.143888+00:00""}"
230.700000000,REPEATED_VISIT_SKIP,"{""message"": ""Skip repeated visit to vertex 16"", ""wall_time_utc"": ""2026-09-06T16:57:22.143900+00:00""}"
230.700000000,REPEATED_VISIT_SKIP,"{""message"": ""Skip repeated visit to vertex 5"", ""wall_time_utc"": ""2026-09-06T16:57:22.143912+00:00""}"
230.700000000,REPEATED_VISIT_SKIP,"{""message"": ""Skip repeated visit to vertex 16"", ""wall_time_utc"": ""2026-09-06T16:57:22.143924+00:00""}"
230.700000000,REPEATED_VISIT_SKIP,"{""message"": ""Skip repeated visit to vertex 148"", ""wall_time_utc"": ""2026-09-06T16:57:22.143935+00:00""}"
230.700000000,REPEATED_VISIT_SKIP,"{""message"": ""Skip repeated visit to vertex 10"", ""wall_time_utc"": ""2026-09-06T16:57:22.143948+00:00""}"
230.700000000,REPEATED_VISIT_SKIP,"{""message"": ""Skip repeated visit to vertex 148"", ""wall_time_utc"": ""2026-09-06T16:57:22.143959+00:00""}"
230.700000000,REPEATED_VISIT_SKIP,"{""message"": ""Skip repeated visit to vertex 16"", ""wall_time_utc"": ""2026-09-06T16:57:22.143970+00:00""}"
230.700000000,REPEATED_VISIT_SKIP,"{""message"": ""Skip repeated visit to vertex 20"", ""wall_time_utc"": ""2026-09-06T16:57:22.144082+00:00""}"
230.700000000,REPEATED_VISIT_SKIP,"{""message"": ""Skip repeated visit to vertex 30"", ""wall_time_utc"": ""2026-09-06T16:57:22.144099+00:00""}"
230.700000000,REPEATED_VISIT_SKIP,"{""message"": ""Skip repeated visit to vertex 24"", ""wall_time_utc"": ""2026-09-06T16:57:22.144111+00:00""}"
230.700000000,REPEATED_VISIT_SKIP,"{""message"": ""Skip repeated visit to vertex 22"", ""wall_time_utc"": ""2026-09-06T16:57:22.144124+00:00""}"
230.700000000,REPEATED_VISIT_SKIP,"{""message"": ""Skip repeated visit to vertex 24"", ""wall_time_utc"": ""2026-09-06T16:57:22.144141+00:00""}"
230.700000000,REPEATED_VISIT_SKIP,"{""message"": ""Skip repeated visit to vertex 15"", ""wall_time_utc"": ""2026-09-06T16:57:22.144151+00:00""}"
230.700000000,REPEATED_VISIT_SKIP,"{""message"": ""Skip repeated visit to vertex 14"", ""wall_time_utc"": ""2026-09-06T16:57:22.144204+00:00""}"
230.700000000,REPEATED_VISIT_SKIP,"{""message"": ""Skip repeated visit to vertex 15"", ""wall_time_utc"": ""2026-09-06T16:57:22.144218+00:00""}"
236.600000000,LOCAL_REPLAN,"{""message"": ""Call local replanning..."", ""wall_time_utc"": ""2026-09-06T16:57:28.114568+00:00""}"
236.600000000,REPLAN_REQUESTED,"{""message"": ""Replanning request. curr_vertex_idx: 42"", ""wall_time_utc"": ""2026-09-06T16:57:28.116325+00:00""}"
236.600000000,GOAL_SKIP,"{""message"": ""Skip currGoal 6 that has no frontier and seen by robot"", ""wall_time_utc"": ""2026-09-06T16:57:28.119470+00:00""}"
236.600000000,REPEATED_VISIT_SKIP,"{""message"": ""Skip repeated visit to vertex 15"", ""wall_time_utc"": ""2026-09-06T16:57:28.119512+00:00""}"
236.600000000,REPEATED_VISIT_SKIP,"{""message"": ""Skip repeated visit to vertex 24"", ""wall_time_utc"": ""2026-09-06T16:57:28.119531+00:00""}"
236.600000000,REPEATED_VISIT_SKIP,"{""message"": ""Skip repeated visit to vertex 37"", ""wall_time_utc"": ""2026-09-06T16:57:28.119544+00:00""}"
242.600000000,LOCAL_REPLAN,"{""message"": ""Call local replanning..."", ""wall_time_utc"": ""2026-09-06T16:57:34.122885+00:00""}"
242.700000000,REPLAN_REQUESTED,"{""message"": ""Replanning request. curr_vertex_idx: 46"", ""wall_time_utc"": ""2026-09-06T16:57:34.124374+00:00""}"
244.700000000,LOCAL_REPLAN,"{""message"": ""Call local replanning..."", ""wall_time_utc"": ""2026-09-06T16:57:36.192884+00:00""}"
244.700000000,REPLAN_REQUESTED,"{""message"": ""Replanning request. curr_vertex_idx: 46"", ""wall_time_utc"": ""2026-09-06T16:57:36.194532+00:00""}"
250.700000000,LOCAL_REPLAN,"{""message"": ""Call local replanning..."", ""wall_time_utc"": ""2026-09-06T16:57:42.183204+00:00""}"
250.700000000,REPLAN_REQUESTED,"{""message"": ""Replanning request. curr_vertex_idx: 46"", ""wall_time_utc"": ""2026-09-06T16:57:42.185160+00:00""}"
256.700000000,LOCAL_REPLAN,"{""message"": ""Call local replanning..."", ""wall_time_utc"": ""2026-09-06T16:57:48.212509+00:00""}"
256.700000000,REPLAN_REQUESTED,"{""message"": ""Replanning request. curr_vertex_idx: 46"", ""wall_time_utc"": ""2026-09-06T16:57:48.214327+00:00""}"
258.700000000,LOCAL_REPLAN,"{""message"": ""Call local replanning..."", ""wall_time_utc"": ""2026-09-06T16:57:50.156626+00:00""}"
258.700000000,REPLAN_REQUESTED,"{""message"": ""Replanning request. curr_vertex_idx: 46"", ""wall_time_utc"": ""2026-09-06T16:57:50.158560+00:00""}"
264.700000000,LOCAL_REPLAN,"{""message"": ""Call local replanning..."", ""wall_time_utc"": ""2026-09-06T16:57:56.204354+00:00""}"
264.700000000,REPLAN_REQUESTED,"{""message"": ""Replanning request. curr_vertex_idx: 46"", ""wall_time_utc"": ""2026-09-06T16:57:56.206322+00:00""}"
270.600000000,LOCAL_REPLAN,"{""message"": ""Call local replanning..."", ""wall_time_utc"": ""2026-09-06T16:58:02.106908+00:00""}"
270.600000000,REPLAN_REQUESTED,"{""message"": ""Replanning request. curr_vertex_idx: 46"", ""wall_time_utc"": ""2026-09-06T16:58:02.108872+00:00""}"
276.800000000,LOCAL_REPLAN,"{""message"": ""Call local replanning..."", ""wall_time_utc"": ""2026-09-06T16:58:08.254312+00:00""}"
276.800000000,REPLAN_REQUESTED,"{""message"": ""Replanning request. curr_vertex_idx: 46"", ""wall_time_utc"": ""2026-09-06T16:58:08.255891+00:00""}"
282.800000000,LOCAL_REPLAN,"{""message"": ""Call local replanning..."", ""wall_time_utc"": ""2026-09-06T16:58:14.258069+00:00""}"
282.800000000,REPLAN_REQUESTED,"{""message"": ""Replanning request. curr_vertex_idx: 46"", ""wall_time_utc"": ""2026-09-06T16:58:14.259754+00:00""}"
286.800000000,LOCAL_REPLAN,"{""message"": ""Call local replanning..."", ""wall_time_utc"": ""2026-09-06T16:58:18.254447+00:00""}"
286.800000000,REPLAN_REQUESTED,"{""message"": ""Replanning request. curr_vertex_idx: 46"", ""wall_time_utc"": ""2026-09-06T16:58:18.256645+00:00""}"
288.800000000,LOCAL_REPLAN,"{""message"": ""Call local replanning..."", ""wall_time_utc"": ""2026-09-06T16:58:20.265735+00:00""}"
288.800000000,REPLAN_REQUESTED,"{""message"": ""Replanning request. curr_vertex_idx: 46"", ""wall_time_utc"": ""2026-09-06T16:58:20.267854+00:00""}"
294.700000000,LOCAL_REPLAN,"{""message"": ""Call local replanning..."", ""wall_time_utc"": ""2026-09-06T16:58:26.183341+00:00""}"
294.700000000,REPLAN_REQUESTED,"{""message"": ""Replanning request. curr_vertex_idx: 46"", ""wall_time_utc"": ""2026-09-06T16:58:26.185029+00:00""}"
300.600000000,LOCAL_REPLAN,"{""message"": ""Call local replanning..."", ""wall_time_utc"": ""2026-09-06T16:58:32.115942+00:00""}"
300.600000000,REPLAN_REQUESTED,"{""message"": ""Replanning request. curr_vertex_idx: 46"", ""wall_time_utc"": ""2026-09-06T16:58:32.117970+00:00""}"
306.700000000,LOCAL_REPLAN,"{""message"": ""Call local replanning..."", ""wall_time_utc"": ""2026-09-06T16:58:38.127505+00:00""}"
306.700000000,REPLAN_REQUESTED,"{""message"": ""Replanning request. curr_vertex_idx: 46"", ""wall_time_utc"": ""2026-09-06T16:58:38.129224+00:00""}"
310.700000000,LOCAL_REPLAN,"{""message"": ""Call local replanning..."", ""wall_time_utc"": ""2026-09-06T16:58:42.191123+00:00""}"
310.700000000,REPLAN_REQUESTED,"{""message"": ""Replanning request. curr_vertex_idx: 46"", ""wall_time_utc"": ""2026-09-06T16:58:42.192664+00:00""}"
316.700000000,LOCAL_REPLAN,"{""message"": ""Call local replanning..."", ""wall_time_utc"": ""2026-09-06T16:58:48.223412+00:00""}"
316.800000000,REPLAN_REQUESTED,"{""message"": ""Replanning request. curr_vertex_idx: 46"", ""wall_time_utc"": ""2026-09-06T16:58:48.225601+00:00""}"
322.700000000,LOCAL_REPLAN,"{""message"": ""Call local replanning..."", ""wall_time_utc"": ""2026-09-06T16:58:54.154230+00:00""}"
322.700000000,REPLAN_REQUESTED,"{""message"": ""Replanning request. curr_vertex_idx: 46"", ""wall_time_utc"": ""2026-09-06T16:58:54.155870+00:00""}"
328.700000000,LOCAL_REPLAN,"{""message"": ""Call local replanning..."", ""wall_time_utc"": ""2026-09-06T16:59:00.147565+00:00""}"
328.700000000,REPLAN_REQUESTED,"{""message"": ""Replanning request. curr_vertex_idx: 46"", ""wall_time_utc"": ""2026-09-06T16:59:00.149832+00:00""}"
334.800000000,LOCAL_REPLAN,"{""message"": ""Call local replanning..."", ""wall_time_utc"": ""2026-09-06T16:59:06.291067+00:00""}"
334.800000000,REPLAN_REQUESTED,"{""message"": ""Replanning request. curr_vertex_idx: 46"", ""wall_time_utc"": ""2026-09-06T16:59:06.292796+00:00""}"
339.700000000,LOCAL_REPLAN,"{""message"": ""Call local replanning..."", ""wall_time_utc"": ""2026-09-06T16:59:11.211365+00:00""}"
339.700000000,REPLAN_REQUESTED,"{""message"": ""Replanning request. curr_vertex_idx: 46"", ""wall_time_utc"": ""2026-09-06T16:59:11.212845+00:00""}"
341.600000000,LOCAL_REPLAN,"{""message"": ""Call local replanning..."", ""wall_time_utc"": ""2026-09-06T16:59:13.123256+00:00""}"
341.700000000,REPLAN_REQUESTED,"{""message"": ""Replanning request. curr_vertex_idx: 46"", ""wall_time_utc"": ""2026-09-06T16:59:13.125114+00:00""}"
347.800000000,LOCAL_REPLAN,"{""message"": ""Call local replanning..."", ""wall_time_utc"": ""2026-09-06T16:59:19.262475+00:00""}"
347.800000000,REPLAN_REQUESTED,"{""message"": ""Replanning request. curr_vertex_idx: 46"", ""wall_time_utc"": ""2026-09-06T16:59:19.264302+00:00""}"
353.800000000,LOCAL_REPLAN,"{""message"": ""Call local replanning..."", ""wall_time_utc"": ""2026-09-06T16:59:25.252986+00:00""}"
353.800000000,REPLAN_REQUESTED,"{""message"": ""Replanning request. curr_vertex_idx: 46"", ""wall_time_utc"": ""2026-09-06T16:59:25.254710+00:00""}"
359.800000000,LOCAL_REPLAN,"{""message"": ""Call local replanning..."", ""wall_time_utc"": ""2026-09-06T16:59:31.255888+00:00""}"
359.800000000,REPLAN_REQUESTED,"{""message"": ""Replanning request. curr_vertex_idx: 46"", ""wall_time_utc"": ""2026-09-06T16:59:31.258130+00:00""}"
365.800000000,LOCAL_REPLAN,"{""message"": ""Call local replanning..."", ""wall_time_utc"": ""2026-09-06T16:59:37.251415+00:00""}"
365.800000000,REPLAN_REQUESTED,"{""message"": ""Replanning request. curr_vertex_idx: 46"", ""wall_time_utc"": ""2026-09-06T16:59:37.253824+00:00""}"
371.700000000,LOCAL_REPLAN,"{""message"": ""Call local replanning..."", ""wall_time_utc"": ""2026-09-06T16:59:43.147953+00:00""}"
371.700000000,REPLAN_REQUESTED,"{""message"": ""Replanning request. curr_vertex_idx: 46"", ""wall_time_utc"": ""2026-09-06T16:59:43.149733+00:00""}"
377.800000000,LOCAL_REPLAN,"{""message"": ""Call local replanning..."", ""wall_time_utc"": ""2026-09-06T16:59:49.275306+00:00""}"
377.800000000,REPLAN_REQUESTED,"{""message"": ""Replanning request. curr_vertex_idx: 46"", ""wall_time_utc"": ""2026-09-06T16:59:49.277175+00:00""}"
383.700000000,LOCAL_REPLAN,"{""message"": ""Call local replanning..."", ""wall_time_utc"": ""2026-09-06T16:59:55.161680+00:00""}"
383.700000000,REPLAN_REQUESTED,"{""message"": ""Replanning request. curr_vertex_idx: 46"", ""wall_time_utc"": ""2026-09-06T16:59:55.163682+00:00""}"
389.800000000,LOCAL_REPLAN,"{""message"": ""Call local replanning..."", ""wall_time_utc"": ""2026-09-06T17:00:01.270004+00:00""}"
389.800000000,REPLAN_REQUESTED,"{""message"": ""Replanning request. curr_vertex_idx: 46"", ""wall_time_utc"": ""2026-09-06T17:00:01.271966+00:00""}"
395.600000000,LOCAL_REPLAN,"{""message"": ""Call local replanning..."", ""wall_time_utc"": ""2026-09-06T17:00:07.075212+00:00""}"
395.600000000,REPLAN_REQUESTED,"{""message"": ""Replanning request. curr_vertex_idx: 46"", ""wall_time_utc"": ""2026-09-06T17:00:07.077387+00:00""}"
401.700000000,LOCAL_REPLAN,"{""message"": ""Call local replanning..."", ""wall_time_utc"": ""2026-09-06T17:00:13.157471+00:00""}"
401.700000000,REPLAN_REQUESTED,"{""message"": ""Replanning request. curr_vertex_idx: 46"", ""wall_time_utc"": ""2026-09-06T17:00:13.159324+00:00""}"
405.800000000,LOCAL_REPLAN,"{""message"": ""Call local replanning..."", ""wall_time_utc"": ""2026-09-06T17:00:17.228324+00:00""}"
405.800000000,REPLAN_REQUESTED,"{""message"": ""Replanning request. curr_vertex_idx: 46"", ""wall_time_utc"": ""2026-09-06T17:00:17.230017+00:00""}"
411.700000000,LOCAL_REPLAN,"{""message"": ""Call local replanning..."", ""wall_time_utc"": ""2026-09-06T17:00:23.189728+00:00""}"
411.700000000,REPLAN_REQUESTED,"{""message"": ""Replanning request. curr_vertex_idx: 46"", ""wall_time_utc"": ""2026-09-06T17:00:23.191524+00:00""}"
417.900000000,LOCAL_REPLAN,"{""message"": ""Call local replanning..."", ""wall_time_utc"": ""2026-09-06T17:00:29.394504+00:00""}"
417.900000000,REPLAN_REQUESTED,"{""message"": ""Replanning request. curr_vertex_idx: 46"", ""wall_time_utc"": ""2026-09-06T17:00:29.396662+00:00""}"
423.800000000,LOCAL_REPLAN,"{""message"": ""Call local replanning..."", ""wall_time_utc"": ""2026-09-06T17:00:35.228144+00:00""}"
423.800000000,REPLAN_REQUESTED,"{""message"": ""Replanning request. curr_vertex_idx: 46"", ""wall_time_utc"": ""2026-09-06T17:00:35.229765+00:00""}"
429.900000000,LOCAL_REPLAN,"{""message"": ""Call local replanning..."", ""wall_time_utc"": ""2026-09-06T17:00:41.341926+00:00""}"
429.900000000,REPLAN_REQUESTED,"{""message"": ""Replanning request. curr_vertex_idx: 46"", ""wall_time_utc"": ""2026-09-06T17:00:41.343795+00:00""}"
435.700000000,LOCAL_REPLAN,"{""message"": ""Call local replanning..."", ""wall_time_utc"": ""2026-09-06T17:00:47.165501+00:00""}"
435.700000000,REPLAN_REQUESTED,"{""message"": ""Replanning request. curr_vertex_idx: 46"", ""wall_time_utc"": ""2026-09-06T17:00:47.167513+00:00""}"
441.700000000,LOCAL_REPLAN,"{""message"": ""Call local replanning..."", ""wall_time_utc"": ""2026-09-06T17:00:53.188513+00:00""}"
441.700000000,REPLAN_REQUESTED,"{""message"": ""Replanning request. curr_vertex_idx: 46"", ""wall_time_utc"": ""2026-09-06T17:00:53.190361+00:00""}"
447.800000000,LOCAL_REPLAN,"{""message"": ""Call local replanning..."", ""wall_time_utc"": ""2026-09-06T17:00:59.278876+00:00""}"
447.800000000,REPLAN_REQUESTED,"{""message"": ""Replanning request. curr_vertex_idx: 46"", ""wall_time_utc"": ""2026-09-06T17:00:59.280761+00:00""}"
453.800000000,LOCAL_REPLAN,"{""message"": ""Call local replanning..."", ""wall_time_utc"": ""2026-09-06T17:01:05.285692+00:00""}"
453.800000000,REPLAN_REQUESTED,"{""message"": ""Replanning request. curr_vertex_idx: 46"", ""wall_time_utc"": ""2026-09-06T17:01:05.287548+00:00""}"
459.700000000,LOCAL_REPLAN,"{""message"": ""Call local replanning..."", ""wall_time_utc"": ""2026-09-06T17:01:11.163695+00:00""}"
459.700000000,REPLAN_REQUESTED,"{""message"": ""Replanning request. curr_vertex_idx: 46"", ""wall_time_utc"": ""2026-09-06T17:01:11.166533+00:00""}"
465.800000000,LOCAL_REPLAN,"{""message"": ""Call local replanning..."", ""wall_time_utc"": ""2026-09-06T17:01:17.283879+00:00""}"
465.800000000,REPLAN_REQUESTED,"{""message"": ""Replanning request. curr_vertex_idx: 46"", ""wall_time_utc"": ""2026-09-06T17:01:17.286116+00:00""}"
471.900000000,LOCAL_REPLAN,"{""message"": ""Call local replanning..."", ""wall_time_utc"": ""2026-09-06T17:01:23.423424+00:00""}"
472.000000000,REPLAN_REQUESTED,"{""message"": ""Replanning request. curr_vertex_idx: 46"", ""wall_time_utc"": ""2026-09-06T17:01:23.425379+00:00""}"
477.900000000,LOCAL_REPLAN,"{""message"": ""Call local replanning..."", ""wall_time_utc"": ""2026-09-06T17:01:29.368491+00:00""}"
477.900000000,REPLAN_REQUESTED,"{""message"": ""Replanning request. curr_vertex_idx: 46"", ""wall_time_utc"": ""2026-09-06T17:01:29.371260+00:00""}"
483.700000000,LOCAL_REPLAN,"{""message"": ""Call local replanning..."", ""wall_time_utc"": ""2026-09-06T17:01:35.190001+00:00""}"
483.700000000,REPLAN_REQUESTED,"{""message"": ""Replanning request. curr_vertex_idx: 46"", ""wall_time_utc"": ""2026-09-06T17:01:35.191955+00:00""}"
489.800000000,LOCAL_REPLAN,"{""message"": ""Call local replanning..."", ""wall_time_utc"": ""2026-09-06T17:01:41.318566+00:00""}"
489.800000000,REPLAN_REQUESTED,"{""message"": ""Replanning request. curr_vertex_idx: 46"", ""wall_time_utc"": ""2026-09-06T17:01:41.320369+00:00""}"
495.800000000,LOCAL_REPLAN,"{""message"": ""Call local replanning..."", ""wall_time_utc"": ""2026-09-06T17:01:47.314305+00:00""}"
495.800000000,REPLAN_REQUESTED,"{""message"": ""Replanning request. curr_vertex_idx: 46"", ""wall_time_utc"": ""2026-09-06T17:01:47.316225+00:00""}"
501.800000000,LOCAL_REPLAN,"{""message"": ""Call local replanning..."", ""wall_time_utc"": ""2026-09-06T17:01:53.238644+00:00""}"
501.800000000,REPLAN_REQUESTED,"{""message"": ""Replanning request. curr_vertex_idx: 46"", ""wall_time_utc"": ""2026-09-06T17:01:53.240293+00:00""}"
507.600000000,LOCAL_REPLAN,"{""message"": ""Call local replanning..."", ""wall_time_utc"": ""2026-09-06T17:01:59.104536+00:00""}"
507.600000000,REPLAN_REQUESTED,"{""message"": ""Replanning request. curr_vertex_idx: 46"", ""wall_time_utc"": ""2026-09-06T17:01:59.106683+00:00""}"
513.800000000,LOCAL_REPLAN,"{""message"": ""Call local replanning..."", ""wall_time_utc"": ""2026-09-06T17:02:05.308206+00:00""}"
513.800000000,REPLAN_REQUESTED,"{""message"": ""Replanning request. curr_vertex_idx: 46"", ""wall_time_utc"": ""2026-09-06T17:02:05.309931+00:00""}"
519.800000000,LOCAL_REPLAN,"{""message"": ""Call local replanning..."", ""wall_time_utc"": ""2026-09-06T17:02:11.296120+00:00""}"
519.800000000,REPLAN_REQUESTED,"{""message"": ""Replanning request. curr_vertex_idx: 46"", ""wall_time_utc"": ""2026-09-06T17:02:11.298127+00:00""}"
525.900000000,LOCAL_REPLAN,"{""message"": ""Call local replanning..."", ""wall_time_utc"": ""2026-09-06T17:02:17.338568+00:00""}"
525.900000000,REPLAN_REQUESTED,"{""message"": ""Replanning request. curr_vertex_idx: 46"", ""wall_time_utc"": ""2026-09-06T17:02:17.340587+00:00""}"
531.700000000,LOCAL_REPLAN,"{""message"": ""Call local replanning..."", ""wall_time_utc"": ""2026-09-06T17:02:23.172845+00:00""}"
531.700000000,REPLAN_REQUESTED,"{""message"": ""Replanning request. curr_vertex_idx: 46"", ""wall_time_utc"": ""2026-09-06T17:02:23.175489+00:00""}"
537.700000000,LOCAL_REPLAN,"{""message"": ""Call local replanning..."", ""wall_time_utc"": ""2026-09-06T17:02:29.198197+00:00""}"
537.700000000,REPLAN_REQUESTED,"{""message"": ""Replanning request. curr_vertex_idx: 46"", ""wall_time_utc"": ""2026-09-06T17:02:29.200026+00:00""}"
543.700000000,LOCAL_REPLAN,"{""message"": ""Call local replanning..."", ""wall_time_utc"": ""2026-09-06T17:02:35.162900+00:00""}"
543.700000000,REPLAN_REQUESTED,"{""message"": ""Replanning request. curr_vertex_idx: 46"", ""wall_time_utc"": ""2026-09-06T17:02:35.165025+00:00""}"
549.700000000,LOCAL_REPLAN,"{""message"": ""Call local replanning..."", ""wall_time_utc"": ""2026-09-06T17:02:41.176854+00:00""}"
549.700000000,REPLAN_REQUESTED,"{""message"": ""Replanning request. curr_vertex_idx: 46"", ""wall_time_utc"": ""2026-09-06T17:02:41.179120+00:00""}"
555.700000000,LOCAL_REPLAN,"{""message"": ""Call local replanning..."", ""wall_time_utc"": ""2026-09-06T17:02:47.180944+00:00""}"
555.700000000,REPLAN_REQUESTED,"{""message"": ""Replanning request. curr_vertex_idx: 46"", ""wall_time_utc"": ""2026-09-06T17:02:47.183209+00:00""}"
561.700000000,LOCAL_REPLAN,"{""message"": ""Call local replanning..."", ""wall_time_utc"": ""2026-09-06T17:02:53.171414+00:00""}"
561.700000000,REPLAN_REQUESTED,"{""message"": ""Replanning request. curr_vertex_idx: 46"", ""wall_time_utc"": ""2026-09-06T17:02:53.173377+00:00""}"
567.700000000,LOCAL_REPLAN,"{""message"": ""Call local replanning..."", ""wall_time_utc"": ""2026-09-06T17:02:59.178446+00:00""}"
567.700000000,REPLAN_REQUESTED,"{""message"": ""Replanning request. curr_vertex_idx: 46"", ""wall_time_utc"": ""2026-09-06T17:02:59.180549+00:00""}"
573.700000000,LOCAL_REPLAN,"{""message"": ""Call local replanning..."", ""wall_time_utc"": ""2026-09-06T17:03:05.197248+00:00""}"
573.700000000,REPLAN_REQUESTED,"{""message"": ""Replanning request. curr_vertex_idx: 46"", ""wall_time_utc"": ""2026-09-06T17:03:05.199077+00:00""}"
579.700000000,LOCAL_REPLAN,"{""message"": ""Call local replanning..."", ""wall_time_utc"": ""2026-09-06T17:03:11.199518+00:00""}"
579.700000000,REPLAN_REQUESTED,"{""message"": ""Replanning request. curr_vertex_idx: 46"", ""wall_time_utc"": ""2026-09-06T17:03:11.202644+00:00""}"
585.700000000,LOCAL_REPLAN,"{""message"": ""Call local replanning..."", ""wall_time_utc"": ""2026-09-06T17:03:17.173278+00:00""}"
585.700000000,REPLAN_REQUESTED,"{""message"": ""Replanning request. curr_vertex_idx: 46"", ""wall_time_utc"": ""2026-09-06T17:03:17.174980+00:00""}"
591.800000000,LOCAL_REPLAN,"{""message"": ""Call local replanning..."", ""wall_time_utc"": ""2026-09-06T17:03:23.270024+00:00""}"
591.800000000,REPLAN_REQUESTED,"{""message"": ""Replanning request. curr_vertex_idx: 46"", ""wall_time_utc"": ""2026-09-06T17:03:23.271864+00:00""}"
597.700000000,LOCAL_REPLAN,"{""message"": ""Call local replanning..."", ""wall_time_utc"": ""2026-09-06T17:03:29.177272+00:00""}"
597.700000000,REPLAN_REQUESTED,"{""message"": ""Replanning request. curr_vertex_idx: 46"", ""wall_time_utc"": ""2026-09-06T17:03:29.179285+00:00""}"
603.800000000,LOCAL_REPLAN,"{""message"": ""Call local replanning..."", ""wall_time_utc"": ""2026-09-06T17:03:35.299202+00:00""}"
603.800000000,REPLAN_REQUESTED,"{""message"": ""Replanning request. curr_vertex_idx: 46"", ""wall_time_utc"": ""2026-09-06T17:03:35.301199+00:00""}"
609.800000000,LOCAL_REPLAN,"{""message"": ""Call local replanning..."", ""wall_time_utc"": ""2026-09-06T17:03:41.270343+00:00""}"
609.800000000,REPLAN_REQUESTED,"{""message"": ""Replanning request. curr_vertex_idx: 46"", ""wall_time_utc"": ""2026-09-06T17:03:41.272091+00:00""}"
615.800000000,LOCAL_REPLAN,"{""message"": ""Call local replanning..."", ""wall_time_utc"": ""2026-09-06T17:03:47.279178+00:00""}"
615.800000000,REPLAN_REQUESTED,"{""message"": ""Replanning request. curr_vertex_idx: 46"", ""wall_time_utc"": ""2026-09-06T17:03:47.281424+00:00""}"
621.800000000,LOCAL_REPLAN,"{""message"": ""Call local replanning..."", ""wall_time_utc"": ""2026-09-06T17:03:53.269155+00:00""}"
621.800000000,REPLAN_REQUESTED,"{""message"": ""Replanning request. curr_vertex_idx: 46"", ""wall_time_utc"": ""2026-09-06T17:03:53.270942+00:00""}"
627.700000000,LOCAL_REPLAN,"{""message"": ""Call local replanning..."", ""wall_time_utc"": ""2026-09-06T17:03:59.201139+00:00""}"
627.700000000,REPLAN_REQUESTED,"{""message"": ""Replanning request. curr_vertex_idx: 46"", ""wall_time_utc"": ""2026-09-06T17:03:59.203137+00:00""}"
633.600000000,LOCAL_REPLAN,"{""message"": ""Call local replanning..."", ""wall_time_utc"": ""2026-09-06T17:04:05.109920+00:00""}"
633.600000000,REPLAN_REQUESTED,"{""message"": ""Replanning request. curr_vertex_idx: 46"", ""wall_time_utc"": ""2026-09-06T17:04:05.111805+00:00""}"
639.800000000,LOCAL_REPLAN,"{""message"": ""Call local replanning..."", ""wall_time_utc"": ""2026-09-06T17:04:11.305959+00:00""}"
639.800000000,REPLAN_REQUESTED,"{""message"": ""Replanning request. curr_vertex_idx: 46"", ""wall_time_utc"": ""2026-09-06T17:04:11.308066+00:00""}"
645.700000000,LOCAL_REPLAN,"{""message"": ""Call local replanning..."", ""wall_time_utc"": ""2026-09-06T17:04:17.202446+00:00""}"
645.700000000,REPLAN_REQUESTED,"{""message"": ""Replanning request. curr_vertex_idx: 46"", ""wall_time_utc"": ""2026-09-06T17:04:17.204771+00:00""}"
651.700000000,LOCAL_REPLAN,"{""message"": ""Call local replanning..."", ""wall_time_utc"": ""2026-09-06T17:04:23.189304+00:00""}"
651.700000000,REPLAN_REQUESTED,"{""message"": ""Replanning request. curr_vertex_idx: 46"", ""wall_time_utc"": ""2026-09-06T17:04:23.191202+00:00""}"
657.800000000,LOCAL_REPLAN,"{""message"": ""Call local replanning..."", ""wall_time_utc"": ""2026-09-06T17:04:29.295538+00:00""}"
657.800000000,REPLAN_REQUESTED,"{""message"": ""Replanning request. curr_vertex_idx: 46"", ""wall_time_utc"": ""2026-09-06T17:04:29.297680+00:00""}"
663.700000000,LOCAL_REPLAN,"{""message"": ""Call local replanning..."", ""wall_time_utc"": ""2026-09-06T17:04:35.176754+00:00""}"
663.700000000,REPLAN_REQUESTED,"{""message"": ""Replanning request. curr_vertex_idx: 46"", ""wall_time_utc"": ""2026-09-06T17:04:35.178841+00:00""}"
669.700000000,LOCAL_REPLAN,"{""message"": ""Call local replanning..."", ""wall_time_utc"": ""2026-09-06T17:04:41.175243+00:00""}"
669.700000000,REPLAN_REQUESTED,"{""message"": ""Replanning request. curr_vertex_idx: 46"", ""wall_time_utc"": ""2026-09-06T17:04:41.177035+00:00""}"
675.900000000,LOCAL_REPLAN,"{""message"": ""Call local replanning..."", ""wall_time_utc"": ""2026-09-06T17:04:47.404134+00:00""}"
675.900000000,REPLAN_REQUESTED,"{""message"": ""Replanning request. curr_vertex_idx: 46"", ""wall_time_utc"": ""2026-09-06T17:04:47.406214+00:00""}"
681.700000000,LOCAL_REPLAN,"{""message"": ""Call local replanning..."", ""wall_time_utc"": ""2026-09-06T17:04:53.181594+00:00""}"
681.700000000,REPLAN_REQUESTED,"{""message"": ""Replanning request. curr_vertex_idx: 46"", ""wall_time_utc"": ""2026-09-06T17:04:53.183378+00:00""}"
687.900000000,LOCAL_REPLAN,"{""message"": ""Call local replanning..."", ""wall_time_utc"": ""2026-09-06T17:04:59.368642+00:00""}"
687.900000000,REPLAN_REQUESTED,"{""message"": ""Replanning request. curr_vertex_idx: 46"", ""wall_time_utc"": ""2026-09-06T17:04:59.370769+00:00""}"
693.700000000,LOCAL_REPLAN,"{""message"": ""Call local replanning..."", ""wall_time_utc"": ""2026-09-06T17:05:05.171007+00:00""}"
693.700000000,REPLAN_REQUESTED,"{""message"": ""Replanning request. curr_vertex_idx: 46"", ""wall_time_utc"": ""2026-09-06T17:05:05.172899+00:00""}"
696.900000000,LOCAL_REPLAN,"{""message"": ""Call local replanning..."", ""wall_time_utc"": ""2026-09-06T17:05:08.412959+00:00""}"
696.900000000,REPLAN_REQUESTED,"{""message"": ""Replanning request. curr_vertex_idx: 46"", ""wall_time_utc"": ""2026-09-06T17:05:08.414902+00:00""}"
702.800000000,LOCAL_REPLAN,"{""message"": ""Call local replanning..."", ""wall_time_utc"": ""2026-09-06T17:05:14.261424+00:00""}"
702.800000000,REPLAN_REQUESTED,"{""message"": ""Replanning request. curr_vertex_idx: 46"", ""wall_time_utc"": ""2026-09-06T17:05:14.263188+00:00""}"
708.800000000,LOCAL_REPLAN,"{""message"": ""Call local replanning..."", ""wall_time_utc"": ""2026-09-06T17:05:20.303898+00:00""}"
708.800000000,REPLAN_REQUESTED,"{""message"": ""Replanning request. curr_vertex_idx: 46"", ""wall_time_utc"": ""2026-09-06T17:05:20.305965+00:00""}"
714.800000000,LOCAL_REPLAN,"{""message"": ""Call local replanning..."", ""wall_time_utc"": ""2026-09-06T17:05:26.226812+00:00""}"
714.800000000,REPLAN_REQUESTED,"{""message"": ""Replanning request. curr_vertex_idx: 46"", ""wall_time_utc"": ""2026-09-06T17:05:26.228470+00:00""}"
720.700000000,LOCAL_REPLAN,"{""message"": ""Call local replanning..."", ""wall_time_utc"": ""2026-09-06T17:05:32.189769+00:00""}"
720.700000000,REPLAN_REQUESTED,"{""message"": ""Replanning request. curr_vertex_idx: 46"", ""wall_time_utc"": ""2026-09-06T17:05:32.191845+00:00""}"
724.800000000,LOCAL_REPLAN,"{""message"": ""Call local replanning..."", ""wall_time_utc"": ""2026-09-06T17:05:36.303484+00:00""}"
724.800000000,REPLAN_REQUESTED,"{""message"": ""Replanning request. curr_vertex_idx: 46"", ""wall_time_utc"": ""2026-09-06T17:05:36.305241+00:00""}"
730.800000000,LOCAL_REPLAN,"{""message"": ""Call local replanning..."", ""wall_time_utc"": ""2026-09-06T17:05:42.297640+00:00""}"
730.800000000,REPLAN_REQUESTED,"{""message"": ""Replanning request. curr_vertex_idx: 46"", ""wall_time_utc"": ""2026-09-06T17:05:42.299686+00:00""}"
736.800000000,LOCAL_REPLAN,"{""message"": ""Call local replanning..."", ""wall_time_utc"": ""2026-09-06T17:05:48.308292+00:00""}"
736.800000000,REPLAN_REQUESTED,"{""message"": ""Replanning request. curr_vertex_idx: 46"", ""wall_time_utc"": ""2026-09-06T17:05:48.310116+00:00""}"
742.700000000,LOCAL_REPLAN,"{""message"": ""Call local replanning..."", ""wall_time_utc"": ""2026-09-06T17:05:54.191030+00:00""}"
742.700000000,REPLAN_REQUESTED,"{""message"": ""Replanning request. curr_vertex_idx: 46"", ""wall_time_utc"": ""2026-09-06T17:05:54.192825+00:00""}"
748.700000000,LOCAL_REPLAN,"{""message"": ""Call local replanning..."", ""wall_time_utc"": ""2026-09-06T17:06:00.209311+00:00""}"
748.700000000,REPLAN_REQUESTED,"{""message"": ""Replanning request. curr_vertex_idx: 46"", ""wall_time_utc"": ""2026-09-06T17:06:00.211143+00:00""}"
754.700000000,LOCAL_REPLAN,"{""message"": ""Call local replanning..."", ""wall_time_utc"": ""2026-09-06T17:06:06.215565+00:00""}"
754.700000000,REPLAN_REQUESTED,"{""message"": ""Replanning request. curr_vertex_idx: 46"", ""wall_time_utc"": ""2026-09-06T17:06:06.217568+00:00""}"
760.900000000,LOCAL_REPLAN,"{""message"": ""Call local replanning..."", ""wall_time_utc"": ""2026-09-06T17:06:12.419171+00:00""}"
760.900000000,REPLAN_REQUESTED,"{""message"": ""Replanning request. curr_vertex_idx: 46"", ""wall_time_utc"": ""2026-09-06T17:06:12.421006+00:00""}"
762.000000000,KARTO_LOOP_CONSTRAINT,"{""message"": ""Add one Loop closure. 1 loops have been added."", ""wall_time_utc"": ""2026-09-06T17:06:13.459564+00:00""}"
762.000000000,KARTO_LOOP_ACCEPTED,"{""chain_end"": 389, ""chain_start"": 386, ""current_scan"": 590, ""loop_count"": 1, ""received_ros_time"": 762.0, ""received_wall_time_utc"": ""2026-09-06T17:06:13.459819+00:00"", ""seq"": 1, ""stamp"": 762.0, ""wall_time_utc"": ""2026-09-06T17:06:13.459836+00:00""}"
766.700000000,LOCAL_REPLAN,"{""message"": ""Call local replanning..."", ""wall_time_utc"": ""2026-09-06T17:06:18.194166+00:00""}"
766.700000000,REPLAN_REQUESTED,"{""message"": ""Replanning request. curr_vertex_idx: 46"", ""wall_time_utc"": ""2026-09-06T17:06:18.196106+00:00""}"
772.900000000,LOCAL_REPLAN,"{""message"": ""Call local replanning..."", ""wall_time_utc"": ""2026-09-06T17:06:24.396356+00:00""}"
772.900000000,REPLAN_REQUESTED,"{""message"": ""Replanning request. curr_vertex_idx: 46"", ""wall_time_utc"": ""2026-09-06T17:06:24.398217+00:00""}"
778.900000000,LOCAL_REPLAN,"{""message"": ""Call local replanning..."", ""wall_time_utc"": ""2026-09-06T17:06:30.328650+00:00""}"
778.900000000,REPLAN_REQUESTED,"{""message"": ""Replanning request. curr_vertex_idx: 46"", ""wall_time_utc"": ""2026-09-06T17:06:30.330479+00:00""}"
784.800000000,LOCAL_REPLAN,"{""message"": ""Call local replanning..."", ""wall_time_utc"": ""2026-09-06T17:06:36.321857+00:00""}"
784.800000000,REPLAN_REQUESTED,"{""message"": ""Replanning request. curr_vertex_idx: 46"", ""wall_time_utc"": ""2026-09-06T17:06:36.323881+00:00""}"
790.700000000,LOCAL_REPLAN,"{""message"": ""Call local replanning..."", ""wall_time_utc"": ""2026-09-06T17:06:42.200508+00:00""}"
790.700000000,REPLAN_REQUESTED,"{""message"": ""Replanning request. curr_vertex_idx: 46"", ""wall_time_utc"": ""2026-09-06T17:06:42.202375+00:00""}"
796.100000000,LOCAL_REPLAN,"{""message"": ""Call local replanning..."", ""wall_time_utc"": ""2026-09-06T17:06:47.557487+00:00""}"
796.100000000,REPLAN_REQUESTED,"{""message"": ""Replanning request. curr_vertex_idx: 46"", ""wall_time_utc"": ""2026-09-06T17:06:47.559322+00:00""}"
802.100000000,LOCAL_REPLAN,"{""message"": ""Call local replanning..."", ""wall_time_utc"": ""2026-09-06T17:06:53.580111+00:00""}"
802.100000000,REPLAN_REQUESTED,"{""message"": ""Replanning request. curr_vertex_idx: 46"", ""wall_time_utc"": ""2026-09-06T17:06:53.582284+00:00""}"
807.700000000,LOCAL_REPLAN,"{""message"": ""Call local replanning..."", ""wall_time_utc"": ""2026-09-06T17:06:59.148421+00:00""}"
807.700000000,REPLAN_REQUESTED,"{""message"": ""Replanning request. curr_vertex_idx: 46"", ""wall_time_utc"": ""2026-09-06T17:06:59.150573+00:00""}"
812.100000000,KARTO_LOOP_ACCEPTED,"{""chain_end"": 329, ""chain_start"": 323, ""current_scan"": 626, ""loop_count"": 2, ""received_ros_time"": 812.1, ""received_wall_time_utc"": ""2026-09-06T17:07:03.621482+00:00"", ""seq"": 2, ""stamp"": 812.1, ""wall_time_utc"": ""2026-09-06T17:07:03.621506+00:00""}"
812.100000000,KARTO_LOOP_CONSTRAINT,"{""message"": ""Add one Loop closure. 2 loops have been added."", ""wall_time_utc"": ""2026-09-06T17:07:03.621761+00:00""}"
813.900000000,LOCAL_REPLAN,"{""message"": ""Call local replanning..."", ""wall_time_utc"": ""2026-09-06T17:07:05.325264+00:00""}"
813.900000000,REPLAN_REQUESTED,"{""message"": ""Replanning request. curr_vertex_idx: 46"", ""wall_time_utc"": ""2026-09-06T17:07:05.327351+00:00""}"
819.900000000,LOCAL_REPLAN,"{""message"": ""Call local replanning..."", ""wall_time_utc"": ""2026-09-06T17:07:11.339207+00:00""}"
819.900000000,REPLAN_REQUESTED,"{""message"": ""Replanning request. curr_vertex_idx: 46"", ""wall_time_utc"": ""2026-09-06T17:07:11.341108+00:00""}"
825.700000000,LOCAL_REPLAN,"{""message"": ""Call local replanning..."", ""wall_time_utc"": ""2026-09-06T17:07:17.196711+00:00""}"
825.700000000,REPLAN_REQUESTED,"{""message"": ""Replanning request. curr_vertex_idx: 46"", ""wall_time_utc"": ""2026-09-06T17:07:17.198902+00:00""}"
831.700000000,LOCAL_REPLAN,"{""message"": ""Call local replanning..."", ""wall_time_utc"": ""2026-09-06T17:07:23.144066+00:00""}"
831.700000000,REPLAN_REQUESTED,"{""message"": ""Replanning request. curr_vertex_idx: 46"", ""wall_time_utc"": ""2026-09-06T17:07:23.146193+00:00""}"
837.700000000,LOCAL_REPLAN,"{""message"": ""Call local replanning..."", ""wall_time_utc"": ""2026-09-06T17:07:29.196157+00:00""}"
837.700000000,REPLAN_REQUESTED,"{""message"": ""Replanning request. curr_vertex_idx: 46"", ""wall_time_utc"": ""2026-09-06T17:07:29.198485+00:00""}"
843.700000000,LOCAL_REPLAN,"{""message"": ""Call local replanning..."", ""wall_time_utc"": ""2026-09-06T17:07:35.199548+00:00""}"
843.700000000,REPLAN_REQUESTED,"{""message"": ""Replanning request. curr_vertex_idx: 46"", ""wall_time_utc"": ""2026-09-06T17:07:35.201427+00:00""}"
849.900000000,LOCAL_REPLAN,"{""message"": ""Call local replanning..."", ""wall_time_utc"": ""2026-09-06T17:07:41.410163+00:00""}"
849.900000000,REPLAN_REQUESTED,"{""message"": ""Replanning request. curr_vertex_idx: 46"", ""wall_time_utc"": ""2026-09-06T17:07:41.412539+00:00""}"
855.700000000,LOCAL_REPLAN,"{""message"": ""Call local replanning..."", ""wall_time_utc"": ""2026-09-06T17:07:47.202617+00:00""}"
855.700000000,REPLAN_REQUESTED,"{""message"": ""Replanning request. curr_vertex_idx: 46"", ""wall_time_utc"": ""2026-09-06T17:07:47.204355+00:00""}"
862.000000000,LOCAL_REPLAN,"{""message"": ""Call local replanning..."", ""wall_time_utc"": ""2026-09-06T17:07:53.464670+00:00""}"
862.000000000,REPLAN_REQUESTED,"{""message"": ""Replanning request. curr_vertex_idx: 46"", ""wall_time_utc"": ""2026-09-06T17:07:53.466602+00:00""}"
867.900000000,LOCAL_REPLAN,"{""message"": ""Call local replanning..."", ""wall_time_utc"": ""2026-09-06T17:07:59.333541+00:00""}"
867.900000000,REPLAN_REQUESTED,"{""message"": ""Replanning request. curr_vertex_idx: 46"", ""wall_time_utc"": ""2026-09-06T17:07:59.335225+00:00""}"
874.000000000,LOCAL_REPLAN,"{""message"": ""Call local replanning..."", ""wall_time_utc"": ""2026-09-06T17:08:05.463760+00:00""}"
874.000000000,REPLAN_REQUESTED,"{""message"": ""Replanning request. curr_vertex_idx: 46"", ""wall_time_utc"": ""2026-09-06T17:08:05.466067+00:00""}"
879.900000000,LOCAL_REPLAN,"{""message"": ""Call local replanning..."", ""wall_time_utc"": ""2026-09-06T17:08:11.327818+00:00""}"
879.900000000,REPLAN_REQUESTED,"{""message"": ""Replanning request. curr_vertex_idx: 46"", ""wall_time_utc"": ""2026-09-06T17:08:11.329823+00:00""}"
885.900000000,LOCAL_REPLAN,"{""message"": ""Call local replanning..."", ""wall_time_utc"": ""2026-09-06T17:08:17.339500+00:00""}"
885.900000000,REPLAN_REQUESTED,"{""message"": ""Replanning request. curr_vertex_idx: 46"", ""wall_time_utc"": ""2026-09-06T17:08:17.341167+00:00""}"
891.700000000,LOCAL_REPLAN,"{""message"": ""Call local replanning..."", ""wall_time_utc"": ""2026-09-06T17:08:23.207533+00:00""}"
891.700000000,REPLAN_REQUESTED,"{""message"": ""Replanning request. curr_vertex_idx: 46"", ""wall_time_utc"": ""2026-09-06T17:08:23.209672+00:00""}"
897.700000000,LOCAL_REPLAN,"{""message"": ""Call local replanning..."", ""wall_time_utc"": ""2026-09-06T17:08:29.202536+00:00""}"
897.700000000,REPLAN_REQUESTED,"{""message"": ""Replanning request. curr_vertex_idx: 46"", ""wall_time_utc"": ""2026-09-06T17:08:29.204579+00:00""}"
903.900000000,LOCAL_REPLAN,"{""message"": ""Call local replanning..."", ""wall_time_utc"": ""2026-09-06T17:08:35.381389+00:00""}"
903.900000000,REPLAN_REQUESTED,"{""message"": ""Replanning request. curr_vertex_idx: 46"", ""wall_time_utc"": ""2026-09-06T17:08:35.383061+00:00""}"
909.700000000,LOCAL_REPLAN,"{""message"": ""Call local replanning..."", ""wall_time_utc"": ""2026-09-06T17:08:41.218676+00:00""}"
909.700000000,REPLAN_REQUESTED,"{""message"": ""Replanning request. curr_vertex_idx: 46"", ""wall_time_utc"": ""2026-09-06T17:08:41.220659+00:00""}"
915.800000000,LOCAL_REPLAN,"{""message"": ""Call local replanning..."", ""wall_time_utc"": ""2026-09-06T17:08:47.279340+00:00""}"
915.800000000,REPLAN_REQUESTED,"{""message"": ""Replanning request. curr_vertex_idx: 46"", ""wall_time_utc"": ""2026-09-06T17:08:47.281118+00:00""}"
921.900000000,LOCAL_REPLAN,"{""message"": ""Call local replanning..."", ""wall_time_utc"": ""2026-09-06T17:08:53.347627+00:00""}"
921.900000000,REPLAN_REQUESTED,"{""message"": ""Replanning request. curr_vertex_idx: 46"", ""wall_time_utc"": ""2026-09-06T17:08:53.349971+00:00""}"
928.000000000,LOCAL_REPLAN,"{""message"": ""Call local replanning..."", ""wall_time_utc"": ""2026-09-06T17:08:59.489020+00:00""}"
928.000000000,REPLAN_REQUESTED,"{""message"": ""Replanning request. curr_vertex_idx: 46"", ""wall_time_utc"": ""2026-09-06T17:08:59.491029+00:00""}"
933.900000000,LOCAL_REPLAN,"{""message"": ""Call local replanning..."", ""wall_time_utc"": ""2026-09-06T17:09:05.352439+00:00""}"
933.900000000,REPLAN_REQUESTED,"{""message"": ""Replanning request. curr_vertex_idx: 46"", ""wall_time_utc"": ""2026-09-06T17:09:05.354777+00:00""}"
939.900000000,LOCAL_REPLAN,"{""message"": ""Call local replanning..."", ""wall_time_utc"": ""2026-09-06T17:09:11.361670+00:00""}"
939.900000000,REPLAN_REQUESTED,"{""message"": ""Replanning request. curr_vertex_idx: 46"", ""wall_time_utc"": ""2026-09-06T17:09:11.363773+00:00""}"
945.900000000,LOCAL_REPLAN,"{""message"": ""Call local replanning..."", ""wall_time_utc"": ""2026-09-06T17:09:17.324350+00:00""}"
945.900000000,REPLAN_REQUESTED,"{""message"": ""Replanning request. curr_vertex_idx: 46"", ""wall_time_utc"": ""2026-09-06T17:09:17.326297+00:00""}"
951.900000000,LOCAL_REPLAN,"{""message"": ""Call local replanning..."", ""wall_time_utc"": ""2026-09-06T17:09:23.373859+00:00""}"
951.900000000,REPLAN_REQUESTED,"{""message"": ""Replanning request. curr_vertex_idx: 46"", ""wall_time_utc"": ""2026-09-06T17:09:23.375791+00:00""}"
957.900000000,LOCAL_REPLAN,"{""message"": ""Call local replanning..."", ""wall_time_utc"": ""2026-09-06T17:09:29.353616+00:00""}"
957.900000000,REPLAN_REQUESTED,"{""message"": ""Replanning request. curr_vertex_idx: 46"", ""wall_time_utc"": ""2026-09-06T17:09:29.355834+00:00""}"
964.000000000,LOCAL_REPLAN,"{""message"": ""Call local replanning..."", ""wall_time_utc"": ""2026-09-06T17:09:35.509652+00:00""}"
964.000000000,REPLAN_REQUESTED,"{""message"": ""Replanning request. curr_vertex_idx: 46"", ""wall_time_utc"": ""2026-09-06T17:09:35.511762+00:00""}"
970.000000000,LOCAL_REPLAN,"{""message"": ""Call local replanning..."", ""wall_time_utc"": ""2026-09-06T17:09:41.505411+00:00""}"
970.000000000,REPLAN_REQUESTED,"{""message"": ""Replanning request. curr_vertex_idx: 46"", ""wall_time_utc"": ""2026-09-06T17:09:41.507321+00:00""}"
976.000000000,LOCAL_REPLAN,"{""message"": ""Call local replanning..."", ""wall_time_utc"": ""2026-09-06T17:09:47.509083+00:00""}"
976.000000000,REPLAN_REQUESTED,"{""message"": ""Replanning request. curr_vertex_idx: 46"", ""wall_time_utc"": ""2026-09-06T17:09:47.511182+00:00""}"
981.800000000,LOCAL_REPLAN,"{""message"": ""Call local replanning..."", ""wall_time_utc"": ""2026-09-06T17:09:53.309486+00:00""}"
981.800000000,REPLAN_REQUESTED,"{""message"": ""Replanning request. curr_vertex_idx: 46"", ""wall_time_utc"": ""2026-09-06T17:09:53.311475+00:00""}"
988.100000000,LOCAL_REPLAN,"{""message"": ""Call local replanning..."", ""wall_time_utc"": ""2026-09-06T17:09:59.525668+00:00""}"
988.100000000,REPLAN_REQUESTED,"{""message"": ""Replanning request. curr_vertex_idx: 46"", ""wall_time_utc"": ""2026-09-06T17:09:59.527407+00:00""}"
993.700000000,LOCAL_REPLAN,"{""message"": ""Call local replanning..."", ""wall_time_utc"": ""2026-09-06T17:10:05.212524+00:00""}"
993.700000000,REPLAN_REQUESTED,"{""message"": ""Replanning request. curr_vertex_idx: 46"", ""wall_time_utc"": ""2026-09-06T17:10:05.214215+00:00""}"
999.900000000,LOCAL_REPLAN,"{""message"": ""Call local replanning..."", ""wall_time_utc"": ""2026-09-06T17:10:11.346893+00:00""}"
999.900000000,REPLAN_REQUESTED,"{""message"": ""Replanning request. curr_vertex_idx: 46"", ""wall_time_utc"": ""2026-09-06T17:10:11.348680+00:00""}"
999.900000000,KARTO_LOOP_CONSTRAINT,"{""message"": ""Add one Loop closure. 3 loops have been added."", ""wall_time_utc"": ""2026-09-06T17:10:11.416113+00:00""}"
999.900000000,KARTO_LOOP_ACCEPTED,"{""chain_end"": 232, ""chain_start"": 229, ""current_scan"": 787, ""loop_count"": 3, ""received_ros_time"": 999.9, ""received_wall_time_utc"": ""2026-09-06T17:10:11.416390+00:00"", ""seq"": 3, ""stamp"": 999.9, ""wall_time_utc"": ""2026-09-06T17:10:11.416406+00:00""}"
1005.800000000,LOCAL_REPLAN,"{""message"": ""Call local replanning..."", ""wall_time_utc"": ""2026-09-06T17:10:17.274219+00:00""}"
1005.800000000,REPLAN_REQUESTED,"{""message"": ""Replanning request. curr_vertex_idx: 46"", ""wall_time_utc"": ""2026-09-06T17:10:17.275833+00:00""}"
1011.900000000,LOCAL_REPLAN,"{""message"": ""Call local replanning..."", ""wall_time_utc"": ""2026-09-06T17:10:23.353875+00:00""}"
1011.900000000,REPLAN_REQUESTED,"{""message"": ""Replanning request. curr_vertex_idx: 46"", ""wall_time_utc"": ""2026-09-06T17:10:23.355852+00:00""}"
1017.700000000,LOCAL_REPLAN,"{""message"": ""Call local replanning..."", ""wall_time_utc"": ""2026-09-06T17:10:29.213925+00:00""}"
1017.700000000,REPLAN_REQUESTED,"{""message"": ""Replanning request. curr_vertex_idx: 46"", ""wall_time_utc"": ""2026-09-06T17:10:29.215852+00:00""}"
1024.100000000,LOCAL_REPLAN,"{""message"": ""Call local replanning..."", ""wall_time_utc"": ""2026-09-06T17:10:35.594724+00:00""}"
1024.100000000,REPLAN_REQUESTED,"{""message"": ""Replanning request. curr_vertex_idx: 46"", ""wall_time_utc"": ""2026-09-06T17:10:35.596728+00:00""}"
1029.900000000,LOCAL_REPLAN,"{""message"": ""Call local replanning..."", ""wall_time_utc"": ""2026-09-06T17:10:41.366132+00:00""}"
1029.900000000,REPLAN_REQUESTED,"{""message"": ""Replanning request. curr_vertex_idx: 46"", ""wall_time_utc"": ""2026-09-06T17:10:41.367727+00:00""}"
1035.900000000,LOCAL_REPLAN,"{""message"": ""Call local replanning..."", ""wall_time_utc"": ""2026-09-06T17:10:47.349215+00:00""}"
1035.900000000,REPLAN_REQUESTED,"{""message"": ""Replanning request. curr_vertex_idx: 46"", ""wall_time_utc"": ""2026-09-06T17:10:47.351084+00:00""}"
1041.900000000,LOCAL_REPLAN,"{""message"": ""Call local replanning..."", ""wall_time_utc"": ""2026-09-06T17:10:53.352529+00:00""}"
1041.900000000,REPLAN_REQUESTED,"{""message"": ""Replanning request. curr_vertex_idx: 46"", ""wall_time_utc"": ""2026-09-06T17:10:53.355173+00:00""}"
1047.700000000,LOCAL_REPLAN,"{""message"": ""Call local replanning..."", ""wall_time_utc"": ""2026-09-06T17:10:59.194225+00:00""}"
1047.700000000,REPLAN_REQUESTED,"{""message"": ""Replanning request. curr_vertex_idx: 46"", ""wall_time_utc"": ""2026-09-06T17:10:59.196082+00:00""}"
1053.900000000,LOCAL_REPLAN,"{""message"": ""Call local replanning..."", ""wall_time_utc"": ""2026-09-06T17:11:05.385071+00:00""}"
1053.900000000,REPLAN_REQUESTED,"{""message"": ""Replanning request. curr_vertex_idx: 46"", ""wall_time_utc"": ""2026-09-06T17:11:05.387294+00:00""}"
1059.700000000,LOCAL_REPLAN,"{""message"": ""Call local replanning..."", ""wall_time_utc"": ""2026-09-06T17:11:11.210485+00:00""}"
1059.700000000,REPLAN_REQUESTED,"{""message"": ""Replanning request. curr_vertex_idx: 46"", ""wall_time_utc"": ""2026-09-06T17:11:11.212593+00:00""}"
1065.700000000,LOCAL_REPLAN,"{""message"": ""Call local replanning..."", ""wall_time_utc"": ""2026-09-06T17:11:17.210502+00:00""}"
1065.700000000,REPLAN_REQUESTED,"{""message"": ""Replanning request. curr_vertex_idx: 46"", ""wall_time_utc"": ""2026-09-06T17:11:17.212865+00:00""}"
1071.700000000,LOCAL_REPLAN,"{""message"": ""Call local replanning..."", ""wall_time_utc"": ""2026-09-06T17:11:23.170933+00:00""}"
1071.700000000,REPLAN_REQUESTED,"{""message"": ""Replanning request. curr_vertex_idx: 46"", ""wall_time_utc"": ""2026-09-06T17:11:23.172924+00:00""}"
1077.900000000,LOCAL_REPLAN,"{""message"": ""Call local replanning..."", ""wall_time_utc"": ""2026-09-06T17:11:29.350660+00:00""}"
1077.900000000,REPLAN_REQUESTED,"{""message"": ""Replanning request. curr_vertex_idx: 46"", ""wall_time_utc"": ""2026-09-06T17:11:29.353203+00:00""}"
1083.600000000,LOCAL_REPLAN,"{""message"": ""Call local replanning..."", ""wall_time_utc"": ""2026-09-06T17:11:35.120337+00:00""}"
1083.600000000,REPLAN_REQUESTED,"{""message"": ""Replanning request. curr_vertex_idx: 46"", ""wall_time_utc"": ""2026-09-06T17:11:35.122569+00:00""}"
1089.900000000,LOCAL_REPLAN,"{""message"": ""Call local replanning..."", ""wall_time_utc"": ""2026-09-06T17:11:41.372164+00:00""}"
1089.900000000,REPLAN_REQUESTED,"{""message"": ""Replanning request. curr_vertex_idx: 46"", ""wall_time_utc"": ""2026-09-06T17:11:41.374371+00:00""}"
1092.100000000,LOCAL_REPLAN,"{""message"": ""Call local replanning..."", ""wall_time_utc"": ""2026-09-06T17:11:43.564759+00:00""}"
1092.100000000,REPLAN_REQUESTED,"{""message"": ""Replanning request. curr_vertex_idx: 46"", ""wall_time_utc"": ""2026-09-06T17:11:43.567102+00:00""}"
1097.900000000,LOCAL_REPLAN,"{""message"": ""Call local replanning..."", ""wall_time_utc"": ""2026-09-06T17:11:49.349519+00:00""}"
1097.900000000,REPLAN_REQUESTED,"{""message"": ""Replanning request. curr_vertex_idx: 46"", ""wall_time_utc"": ""2026-09-06T17:11:49.353083+00:00""}"
1103.800000000,LOCAL_REPLAN,"{""message"": ""Call local replanning..."", ""wall_time_utc"": ""2026-09-06T17:11:55.232767+00:00""}"
1103.800000000,REPLAN_REQUESTED,"{""message"": ""Replanning request. curr_vertex_idx: 46"", ""wall_time_utc"": ""2026-09-06T17:11:55.234643+00:00""}"
1110.100000000,LOCAL_REPLAN,"{""message"": ""Call local replanning..."", ""wall_time_utc"": ""2026-09-06T17:12:01.540353+00:00""}"
1110.100000000,REPLAN_REQUESTED,"{""message"": ""Replanning request. curr_vertex_idx: 46"", ""wall_time_utc"": ""2026-09-06T17:12:01.542149+00:00""}"
1112.200000000,LOCAL_REPLAN,"{""message"": ""Call local replanning..."", ""wall_time_utc"": ""2026-09-06T17:12:03.639855+00:00""}"
1112.200000000,REPLAN_REQUESTED,"{""message"": ""Replanning request. curr_vertex_idx: 46"", ""wall_time_utc"": ""2026-09-06T17:12:03.641651+00:00""}"
1117.900000000,LOCAL_REPLAN,"{""message"": ""Call local replanning..."", ""wall_time_utc"": ""2026-09-06T17:12:09.329562+00:00""}"
1117.900000000,REPLAN_REQUESTED,"{""message"": ""Replanning request. curr_vertex_idx: 46"", ""wall_time_utc"": ""2026-09-06T17:12:09.331434+00:00""}"
1123.800000000,LOCAL_REPLAN,"{""message"": ""Call local replanning..."", ""wall_time_utc"": ""2026-09-06T17:12:15.227440+00:00""}"
1123.800000000,REPLAN_REQUESTED,"{""message"": ""Replanning request. curr_vertex_idx: 46"", ""wall_time_utc"": ""2026-09-06T17:12:15.229401+00:00""}"
1129.900000000,LOCAL_REPLAN,"{""message"": ""Call local replanning..."", ""wall_time_utc"": ""2026-09-06T17:12:21.392887+00:00""}"
1129.900000000,REPLAN_REQUESTED,"{""message"": ""Replanning request. curr_vertex_idx: 46"", ""wall_time_utc"": ""2026-09-06T17:12:21.394982+00:00""}"
1136.100000000,LOCAL_REPLAN,"{""message"": ""Call local replanning..."", ""wall_time_utc"": ""2026-09-06T17:12:27.566744+00:00""}"
1136.100000000,REPLAN_REQUESTED,"{""message"": ""Replanning request. curr_vertex_idx: 46"", ""wall_time_utc"": ""2026-09-06T17:12:27.568941+00:00""}"
1141.700000000,LOCAL_REPLAN,"{""message"": ""Call local replanning..."", ""wall_time_utc"": ""2026-09-06T17:12:33.220046+00:00""}"
1141.700000000,REPLAN_REQUESTED,"{""message"": ""Replanning request. curr_vertex_idx: 46"", ""wall_time_utc"": ""2026-09-06T17:12:33.222129+00:00""}"
1147.900000000,LOCAL_REPLAN,"{""message"": ""Call local replanning..."", ""wall_time_utc"": ""2026-09-06T17:12:39.334195+00:00""}"
1147.900000000,REPLAN_REQUESTED,"{""message"": ""Replanning request. curr_vertex_idx: 46"", ""wall_time_utc"": ""2026-09-06T17:12:39.336212+00:00""}"
1153.800000000,LOCAL_REPLAN,"{""message"": ""Call local replanning..."", ""wall_time_utc"": ""2026-09-06T17:12:45.228559+00:00""}"
1153.800000000,REPLAN_REQUESTED,"{""message"": ""Replanning request. curr_vertex_idx: 46"", ""wall_time_utc"": ""2026-09-06T17:12:45.230726+00:00""}"
1160.000000000,LOCAL_REPLAN,"{""message"": ""Call local replanning..."", ""wall_time_utc"": ""2026-09-06T17:12:51.501870+00:00""}"
1160.000000000,REPLAN_REQUESTED,"{""message"": ""Replanning request. curr_vertex_idx: 46"", ""wall_time_utc"": ""2026-09-06T17:12:51.503727+00:00""}"
1165.800000000,LOCAL_REPLAN,"{""message"": ""Call local replanning..."", ""wall_time_utc"": ""2026-09-06T17:12:57.233827+00:00""}"
1165.800000000,REPLAN_REQUESTED,"{""message"": ""Replanning request. curr_vertex_idx: 46"", ""wall_time_utc"": ""2026-09-06T17:12:57.235582+00:00""}"
1172.000000000,LOCAL_REPLAN,"{""message"": ""Call local replanning..."", ""wall_time_utc"": ""2026-09-06T17:13:03.504887+00:00""}"
1172.000000000,REPLAN_REQUESTED,"{""message"": ""Replanning request. curr_vertex_idx: 46"", ""wall_time_utc"": ""2026-09-06T17:13:03.507229+00:00""}"
1177.400000000,KARTO_LOOP_ACCEPTED,"{""chain_end"": 58, ""chain_start"": 50, ""current_scan"": 924, ""loop_count"": 4, ""received_ros_time"": 1177.4, ""received_wall_time_utc"": ""2026-09-06T17:13:08.843512+00:00"", ""seq"": 4, ""stamp"": 1177.4, ""wall_time_utc"": ""2026-09-06T17:13:08.843534+00:00""}"
1177.400000000,KARTO_LOOP_CONSTRAINT,"{""message"": ""Add one Loop closure. 4 loops have been added."", ""wall_time_utc"": ""2026-09-06T17:13:08.843703+00:00""}"
1177.800000000,LOCAL_REPLAN,"{""message"": ""Call local replanning..."", ""wall_time_utc"": ""2026-09-06T17:13:09.323075+00:00""}"
1177.900000000,REPLAN_REQUESTED,"{""message"": ""Replanning request. curr_vertex_idx: 46"", ""wall_time_utc"": ""2026-09-06T17:13:09.325242+00:00""}"
1183.700000000,LOCAL_REPLAN,"{""message"": ""Call local replanning..."", ""wall_time_utc"": ""2026-09-06T17:13:15.219944+00:00""}"
1183.700000000,REPLAN_REQUESTED,"{""message"": ""Replanning request. curr_vertex_idx: 46"", ""wall_time_utc"": ""2026-09-06T17:13:15.222081+00:00""}"
1189.900000000,LOCAL_REPLAN,"{""message"": ""Call local replanning..."", ""wall_time_utc"": ""2026-09-06T17:13:21.357076+00:00""}"
1189.900000000,REPLAN_REQUESTED,"{""message"": ""Replanning request. curr_vertex_idx: 46"", ""wall_time_utc"": ""2026-09-06T17:13:21.358723+00:00""}"
1196.100000000,LOCAL_REPLAN,"{""message"": ""Call local replanning..."", ""wall_time_utc"": ""2026-09-06T17:13:27.575769+00:00""}"
1196.100000000,REPLAN_REQUESTED,"{""message"": ""Replanning request. curr_vertex_idx: 46"", ""wall_time_utc"": ""2026-09-06T17:13:27.577669+00:00""}"
1198.100000000,LOCAL_REPLAN,"{""message"": ""Call local replanning..."", ""wall_time_utc"": ""2026-09-06T17:13:29.566914+00:00""}"
1198.100000000,REPLAN_REQUESTED,"{""message"": ""Replanning request. curr_vertex_idx: 46"", ""wall_time_utc"": ""2026-09-06T17:13:29.569183+00:00""}"
1203.800000000,LOCAL_REPLAN,"{""message"": ""Call local replanning..."", ""wall_time_utc"": ""2026-09-06T17:13:35.304102+00:00""}"
1203.800000000,REPLAN_REQUESTED,"{""message"": ""Replanning request. curr_vertex_idx: 46"", ""wall_time_utc"": ""2026-09-06T17:13:35.306709+00:00""}"
1210.100000000,LOCAL_REPLAN,"{""message"": ""Call local replanning..."", ""wall_time_utc"": ""2026-09-06T17:13:41.564553+00:00""}"
1210.100000000,REPLAN_REQUESTED,"{""message"": ""Replanning request. curr_vertex_idx: 46"", ""wall_time_utc"": ""2026-09-06T17:13:41.566519+00:00""}"
1216.100000000,LOCAL_REPLAN,"{""message"": ""Call local replanning..."", ""wall_time_utc"": ""2026-09-06T17:13:47.577228+00:00""}"
1216.100000000,REPLAN_REQUESTED,"{""message"": ""Replanning request. curr_vertex_idx: 46"", ""wall_time_utc"": ""2026-09-06T17:13:47.579187+00:00""}"
1222.000000000,LOCAL_REPLAN,"{""message"": ""Call local replanning..."", ""wall_time_utc"": ""2026-09-06T17:13:53.431609+00:00""}"
1222.000000000,REPLAN_REQUESTED,"{""message"": ""Replanning request. curr_vertex_idx: 46"", ""wall_time_utc"": ""2026-09-06T17:13:53.433586+00:00""}"
1228.000000000,LOCAL_REPLAN,"{""message"": ""Call local replanning..."", ""wall_time_utc"": ""2026-09-06T17:13:59.429433+00:00""}"
1228.000000000,REPLAN_REQUESTED,"{""message"": ""Replanning request. curr_vertex_idx: 46"", ""wall_time_utc"": ""2026-09-06T17:13:59.431508+00:00""}"
1233.900000000,LOCAL_REPLAN,"{""message"": ""Call local replanning..."", ""wall_time_utc"": ""2026-09-06T17:14:05.421689+00:00""}"
1233.900000000,REPLAN_REQUESTED,"{""message"": ""Replanning request. curr_vertex_idx: 46"", ""wall_time_utc"": ""2026-09-06T17:14:05.424006+00:00""}"
1240.000000000,LOCAL_REPLAN,"{""message"": ""Call local replanning..."", ""wall_time_utc"": ""2026-09-06T17:14:11.435011+00:00""}"
1240.000000000,REPLAN_REQUESTED,"{""message"": ""Replanning request. curr_vertex_idx: 46"", ""wall_time_utc"": ""2026-09-06T17:14:11.436834+00:00""}"
1246.000000000,LOCAL_REPLAN,"{""message"": ""Call local replanning..."", ""wall_time_utc"": ""2026-09-06T17:14:17.424900+00:00""}"
1246.000000000,REPLAN_REQUESTED,"{""message"": ""Replanning request. curr_vertex_idx: 46"", ""wall_time_utc"": ""2026-09-06T17:14:17.426785+00:00""}"
1251.900000000,LOCAL_REPLAN,"{""message"": ""Call local replanning..."", ""wall_time_utc"": ""2026-09-06T17:14:23.381973+00:00""}"
1251.900000000,REPLAN_REQUESTED,"{""message"": ""Replanning request. curr_vertex_idx: 46"", ""wall_time_utc"": ""2026-09-06T17:14:23.384204+00:00""}"
1258.000000000,LOCAL_REPLAN,"{""message"": ""Call local replanning..."", ""wall_time_utc"": ""2026-09-06T17:14:29.439298+00:00""}"
1258.000000000,REPLAN_REQUESTED,"{""message"": ""Replanning request. curr_vertex_idx: 46"", ""wall_time_utc"": ""2026-09-06T17:14:29.441306+00:00""}"
1264.000000000,LOCAL_REPLAN,"{""message"": ""Call local replanning..."", ""wall_time_utc"": ""2026-09-06T17:14:35.457593+00:00""}"
1264.000000000,REPLAN_REQUESTED,"{""message"": ""Replanning request. curr_vertex_idx: 46"", ""wall_time_utc"": ""2026-09-06T17:14:35.459300+00:00""}"
1270.000000000,LOCAL_REPLAN,"{""message"": ""Call local replanning..."", ""wall_time_utc"": ""2026-09-06T17:14:41.444721+00:00""}"
1270.000000000,REPLAN_REQUESTED,"{""message"": ""Replanning request. curr_vertex_idx: 46"", ""wall_time_utc"": ""2026-09-06T17:14:41.447229+00:00""}"
1276.000000000,LOCAL_REPLAN,"{""message"": ""Call local replanning..."", ""wall_time_utc"": ""2026-09-06T17:14:47.432345+00:00""}"
1276.000000000,REPLAN_REQUESTED,"{""message"": ""Replanning request. curr_vertex_idx: 46"", ""wall_time_utc"": ""2026-09-06T17:14:47.434279+00:00""}"
1281.800000000,LOCAL_REPLAN,"{""message"": ""Call local replanning..."", ""wall_time_utc"": ""2026-09-06T17:14:53.280447+00:00""}"
1281.800000000,REPLAN_REQUESTED,"{""message"": ""Replanning request. curr_vertex_idx: 46"", ""wall_time_utc"": ""2026-09-06T17:14:53.282281+00:00""}"
1287.800000000,LOCAL_REPLAN,"{""message"": ""Call local replanning..."", ""wall_time_utc"": ""2026-09-06T17:14:59.235289+00:00""}"
1287.800000000,REPLAN_REQUESTED,"{""message"": ""Replanning request. curr_vertex_idx: 46"", ""wall_time_utc"": ""2026-09-06T17:14:59.237623+00:00""}"
1293.700000000,LOCAL_REPLAN,"{""message"": ""Call local replanning..."", ""wall_time_utc"": ""2026-09-06T17:15:05.193352+00:00""}"
1293.700000000,REPLAN_REQUESTED,"{""message"": ""Replanning request. curr_vertex_idx: 46"", ""wall_time_utc"": ""2026-09-06T17:15:05.195427+00:00""}"
1300.100000000,LOCAL_REPLAN,"{""message"": ""Call local replanning..."", ""wall_time_utc"": ""2026-09-06T17:15:11.599935+00:00""}"
1300.100000000,REPLAN_REQUESTED,"{""message"": ""Replanning request. curr_vertex_idx: 46"", ""wall_time_utc"": ""2026-09-06T17:15:11.601849+00:00""}"
1305.800000000,LOCAL_REPLAN,"{""message"": ""Call local replanning..."", ""wall_time_utc"": ""2026-09-06T17:15:17.250059+00:00""}"
1305.800000000,REPLAN_REQUESTED,"{""message"": ""Replanning request. curr_vertex_idx: 46"", ""wall_time_utc"": ""2026-09-06T17:15:17.283776+00:00""}"
1311.900000000,LOCAL_REPLAN,"{""message"": ""Call local replanning..."", ""wall_time_utc"": ""2026-09-06T17:15:23.401499+00:00""}"
1311.900000000,REPLAN_REQUESTED,"{""message"": ""Replanning request. curr_vertex_idx: 46"", ""wall_time_utc"": ""2026-09-06T17:15:23.403744+00:00""}"
1317.700000000,LOCAL_REPLAN,"{""message"": ""Call local replanning..."", ""wall_time_utc"": ""2026-09-06T17:15:29.211356+00:00""}"
1317.700000000,REPLAN_REQUESTED,"{""message"": ""Replanning request. curr_vertex_idx: 46"", ""wall_time_utc"": ""2026-09-06T17:15:29.213258+00:00""}"
1323.800000000,LOCAL_REPLAN,"{""message"": ""Call local replanning..."", ""wall_time_utc"": ""2026-09-06T17:15:35.234062+00:00""}"
1323.800000000,REPLAN_REQUESTED,"{""message"": ""Replanning request. curr_vertex_idx: 46"", ""wall_time_utc"": ""2026-09-06T17:15:35.236162+00:00""}"
1330.000000000,LOCAL_REPLAN,"{""message"": ""Call local replanning..."", ""wall_time_utc"": ""2026-09-06T17:15:41.437650+00:00""}"
1330.000000000,REPLAN_REQUESTED,"{""message"": ""Replanning request. curr_vertex_idx: 46"", ""wall_time_utc"": ""2026-09-06T17:15:41.439383+00:00""}"
1335.900000000,LOCAL_REPLAN,"{""message"": ""Call local replanning..."", ""wall_time_utc"": ""2026-09-06T17:15:47.397842+00:00""}"
1335.900000000,REPLAN_REQUESTED,"{""message"": ""Replanning request. curr_vertex_idx: 46"", ""wall_time_utc"": ""2026-09-06T17:15:47.399570+00:00""}"
1341.000000000,LOCAL_REPLAN,"{""message"": ""Call local replanning..."", ""wall_time_utc"": ""2026-09-06T17:15:52.457898+00:00""}"
1341.000000000,REPLAN_REQUESTED,"{""message"": ""Replanning request. curr_vertex_idx: 46"", ""wall_time_utc"": ""2026-09-06T17:15:52.460277+00:00""}"
1347.200000000,LOCAL_REPLAN,"{""message"": ""Call local replanning..."", ""wall_time_utc"": ""2026-09-06T17:15:58.647900+00:00""}"
1347.200000000,REPLAN_REQUESTED,"{""message"": ""Replanning request. curr_vertex_idx: 46"", ""wall_time_utc"": ""2026-09-06T17:15:58.649879+00:00""}"
1353.000000000,LOCAL_REPLAN,"{""message"": ""Call local replanning..."", ""wall_time_utc"": ""2026-09-06T17:16:04.453822+00:00""}"
1353.000000000,REPLAN_REQUESTED,"{""message"": ""Replanning request. curr_vertex_idx: 46"", ""wall_time_utc"": ""2026-09-06T17:16:04.455840+00:00""}"
1356.300000000,KARTO_LOOP_CONSTRAINT,"{""message"": ""Add one Loop closure. 5 loops have been added."", ""wall_time_utc"": ""2026-09-06T17:16:07.759482+00:00""}"
1356.300000000,KARTO_LOOP_ACCEPTED,"{""chain_end"": 874, ""chain_start"": 871, ""current_scan"": 1048, ""loop_count"": 5, ""received_ros_time"": 1356.3, ""received_wall_time_utc"": ""2026-09-06T17:16:07.759647+00:00"", ""seq"": 5, ""stamp"": 1356.3, ""wall_time_utc"": ""2026-09-06T17:16:07.759658+00:00""}"
1358.800000000,LOCAL_REPLAN,"{""message"": ""Call local replanning..."", ""wall_time_utc"": ""2026-09-06T17:16:10.286314+00:00""}"
1358.800000000,REPLAN_REQUESTED,"{""message"": ""Replanning request. curr_vertex_idx: 46"", ""wall_time_utc"": ""2026-09-06T17:16:10.288279+00:00""}"
1365.300000000,LOCAL_REPLAN,"{""message"": ""Call local replanning..."", ""wall_time_utc"": ""2026-09-06T17:16:16.752777+00:00""}"
1365.300000000,REPLAN_REQUESTED,"{""message"": ""Replanning request. curr_vertex_idx: 46"", ""wall_time_utc"": ""2026-09-06T17:16:16.754968+00:00""}"
1371.100000000,LOCAL_REPLAN,"{""message"": ""Call local replanning..."", ""wall_time_utc"": ""2026-09-06T17:16:22.610352+00:00""}"
1371.100000000,REPLAN_REQUESTED,"{""message"": ""Replanning request. curr_vertex_idx: 46"", ""wall_time_utc"": ""2026-09-06T17:16:22.612334+00:00""}"
1377.000000000,LOCAL_REPLAN,"{""message"": ""Call local replanning..."", ""wall_time_utc"": ""2026-09-06T17:16:28.451989+00:00""}"
1377.000000000,REPLAN_REQUESTED,"{""message"": ""Replanning request. curr_vertex_idx: 46"", ""wall_time_utc"": ""2026-09-06T17:16:28.454264+00:00""}"
1382.800000000,LOCAL_REPLAN,"{""message"": ""Call local replanning..."", ""wall_time_utc"": ""2026-09-06T17:16:34.246795+00:00""}"
1382.800000000,REPLAN_REQUESTED,"{""message"": ""Replanning request. curr_vertex_idx: 46"", ""wall_time_utc"": ""2026-09-06T17:16:34.249053+00:00""}"
1389.400000000,LOCAL_REPLAN,"{""message"": ""Call local replanning..."", ""wall_time_utc"": ""2026-09-06T17:16:40.826028+00:00""}"
1389.400000000,REPLAN_REQUESTED,"{""message"": ""Replanning request. curr_vertex_idx: 46"", ""wall_time_utc"": ""2026-09-06T17:16:40.827662+00:00""}"
1395.200000000,LOCAL_REPLAN,"{""message"": ""Call local replanning..."", ""wall_time_utc"": ""2026-09-06T17:16:46.655216+00:00""}"
1395.200000000,REPLAN_REQUESTED,"{""message"": ""Replanning request. curr_vertex_idx: 46"", ""wall_time_utc"": ""2026-09-06T17:16:46.657158+00:00""}"
1401.200000000,LOCAL_REPLAN,"{""message"": ""Call local replanning..."", ""wall_time_utc"": ""2026-09-06T17:16:52.670281+00:00""}"
1401.200000000,REPLAN_REQUESTED,"{""message"": ""Replanning request. curr_vertex_idx: 46"", ""wall_time_utc"": ""2026-09-06T17:16:52.672366+00:00""}"
1406.800000000,LOCAL_REPLAN,"{""message"": ""Call local replanning..."", ""wall_time_utc"": ""2026-09-06T17:16:58.291577+00:00""}"
1406.800000000,REPLAN_REQUESTED,"{""message"": ""Replanning request. curr_vertex_idx: 46"", ""wall_time_utc"": ""2026-09-06T17:16:58.293773+00:00""}"
1413.100000000,LOCAL_REPLAN,"{""message"": ""Call local replanning..."", ""wall_time_utc"": ""2026-09-06T17:17:04.606230+00:00""}"
1413.100000000,REPLAN_REQUESTED,"{""message"": ""Replanning request. curr_vertex_idx: 46"", ""wall_time_utc"": ""2026-09-06T17:17:04.608278+00:00""}"
1419.000000000,LOCAL_REPLAN,"{""message"": ""Call local replanning..."", ""wall_time_utc"": ""2026-09-06T17:17:10.451506+00:00""}"
1419.000000000,REPLAN_REQUESTED,"{""message"": ""Replanning request. curr_vertex_idx: 46"", ""wall_time_utc"": ""2026-09-06T17:17:10.453568+00:00""}"
1424.800000000,LOCAL_REPLAN,"{""message"": ""Call local replanning..."", ""wall_time_utc"": ""2026-09-06T17:17:16.241721+00:00""}"
1424.800000000,REPLAN_REQUESTED,"{""message"": ""Replanning request. curr_vertex_idx: 46"", ""wall_time_utc"": ""2026-09-06T17:17:16.243933+00:00""}"
1430.800000000,LOCAL_REPLAN,"{""message"": ""Call local replanning..."", ""wall_time_utc"": ""2026-09-06T17:17:22.266713+00:00""}"
1430.800000000,REPLAN_REQUESTED,"{""message"": ""Replanning request. curr_vertex_idx: 46"", ""wall_time_utc"": ""2026-09-06T17:17:22.268503+00:00""}"
1437.400000000,LOCAL_REPLAN,"{""message"": ""Call local replanning..."", ""wall_time_utc"": ""2026-09-06T17:17:28.838966+00:00""}"
1437.400000000,REPLAN_REQUESTED,"{""message"": ""Replanning request. curr_vertex_idx: 46"", ""wall_time_utc"": ""2026-09-06T17:17:28.841182+00:00""}"
1443.000000000,LOCAL_REPLAN,"{""message"": ""Call local replanning..."", ""wall_time_utc"": ""2026-09-06T17:17:34.459156+00:00""}"
1443.000000000,REPLAN_REQUESTED,"{""message"": ""Replanning request. curr_vertex_idx: 46"", ""wall_time_utc"": ""2026-09-06T17:17:34.461306+00:00""}"
1449.000000000,LOCAL_REPLAN,"{""message"": ""Call local replanning..."", ""wall_time_utc"": ""2026-09-06T17:17:40.517932+00:00""}"
1449.000000000,REPLAN_REQUESTED,"{""message"": ""Replanning request. curr_vertex_idx: 46"", ""wall_time_utc"": ""2026-09-06T17:17:40.520098+00:00""}"
1455.100000000,LOCAL_REPLAN,"{""message"": ""Call local replanning..."", ""wall_time_utc"": ""2026-09-06T17:17:46.611581+00:00""}"
1455.100000000,REPLAN_REQUESTED,"{""message"": ""Replanning request. curr_vertex_idx: 46"", ""wall_time_utc"": ""2026-09-06T17:17:46.613691+00:00""}"
1461.000000000,LOCAL_REPLAN,"{""message"": ""Call local replanning..."", ""wall_time_utc"": ""2026-09-06T17:17:52.470045+00:00""}"
1461.000000000,REPLAN_REQUESTED,"{""message"": ""Replanning request. curr_vertex_idx: 46"", ""wall_time_utc"": ""2026-09-06T17:17:52.471813+00:00""}"
1467.200000000,LOCAL_REPLAN,"{""message"": ""Call local replanning..."", ""wall_time_utc"": ""2026-09-06T17:17:58.660935+00:00""}"
1467.200000000,REPLAN_REQUESTED,"{""message"": ""Replanning request. curr_vertex_idx: 46"", ""wall_time_utc"": ""2026-09-06T17:17:58.662877+00:00""}"
1473.400000000,LOCAL_REPLAN,"{""message"": ""Call local replanning..."", ""wall_time_utc"": ""2026-09-06T17:18:04.839239+00:00""}"
1473.400000000,REPLAN_REQUESTED,"{""message"": ""Replanning request. curr_vertex_idx: 46"", ""wall_time_utc"": ""2026-09-06T17:18:04.841465+00:00""}"
1479.000000000,LOCAL_REPLAN,"{""message"": ""Call local replanning..."", ""wall_time_utc"": ""2026-09-06T17:18:10.469311+00:00""}"
1479.000000000,REPLAN_REQUESTED,"{""message"": ""Replanning request. curr_vertex_idx: 46"", ""wall_time_utc"": ""2026-09-06T17:18:10.471613+00:00""}"
1484.900000000,LOCAL_REPLAN,"{""message"": ""Call local replanning..."", ""wall_time_utc"": ""2026-09-06T17:18:16.389465+00:00""}"
1484.900000000,REPLAN_REQUESTED,"{""message"": ""Replanning request. curr_vertex_idx: 46"", ""wall_time_utc"": ""2026-09-06T17:18:16.391337+00:00""}"
1490.900000000,LOCAL_REPLAN,"{""message"": ""Call local replanning..."", ""wall_time_utc"": ""2026-09-06T17:18:22.388112+00:00""}"
1490.900000000,REPLAN_REQUESTED,"{""message"": ""Replanning request. curr_vertex_idx: 46"", ""wall_time_utc"": ""2026-09-06T17:18:22.390227+00:00""}"
1496.800000000,LOCAL_REPLAN,"{""message"": ""Call local replanning..."", ""wall_time_utc"": ""2026-09-06T17:18:28.238568+00:00""}"
1496.800000000,REPLAN_REQUESTED,"{""message"": ""Replanning request. curr_vertex_idx: 46"", ""wall_time_utc"": ""2026-09-06T17:18:28.240442+00:00""}"
1502.700000000,LOCAL_REPLAN,"{""message"": ""Call local replanning..."", ""wall_time_utc"": ""2026-09-06T17:18:34.193715+00:00""}"
1502.700000000,REPLAN_REQUESTED,"{""message"": ""Replanning request. curr_vertex_idx: 46"", ""wall_time_utc"": ""2026-09-06T17:18:34.195792+00:00""}"
1508.200000000,LOCAL_REPLAN,"{""message"": ""Call local replanning..."", ""wall_time_utc"": ""2026-09-06T17:18:39.639339+00:00""}"
1508.200000000,REPLAN_REQUESTED,"{""message"": ""Replanning request. curr_vertex_idx: 46"", ""wall_time_utc"": ""2026-09-06T17:18:39.640913+00:00""}"
1510.000000000,LOCAL_REPLAN,"{""message"": ""Call local replanning..."", ""wall_time_utc"": ""2026-09-06T17:18:41.470206+00:00""}"
1510.000000000,REPLAN_REQUESTED,"{""message"": ""Replanning request. curr_vertex_idx: 46"", ""wall_time_utc"": ""2026-09-06T17:18:41.472383+00:00""}"
1516.200000000,LOCAL_REPLAN,"{""message"": ""Call local replanning..."", ""wall_time_utc"": ""2026-09-06T17:18:47.670349+00:00""}"
1516.200000000,REPLAN_REQUESTED,"{""message"": ""Replanning request. curr_vertex_idx: 46"", ""wall_time_utc"": ""2026-09-06T17:18:47.672174+00:00""}"
1521.700000000,LOCAL_REPLAN,"{""message"": ""Call local replanning..."", ""wall_time_utc"": ""2026-09-06T17:18:53.211133+00:00""}"
1521.700000000,REPLAN_REQUESTED,"{""message"": ""Replanning request. curr_vertex_idx: 46"", ""wall_time_utc"": ""2026-09-06T17:18:53.213083+00:00""}"
1528.000000000,LOCAL_REPLAN,"{""message"": ""Call local replanning..."", ""wall_time_utc"": ""2026-09-06T17:18:59.479347+00:00""}"
1528.000000000,REPLAN_REQUESTED,"{""message"": ""Replanning request. curr_vertex_idx: 46"", ""wall_time_utc"": ""2026-09-06T17:18:59.481245+00:00""}"
1533.800000000,LOCAL_REPLAN,"{""message"": ""Call local replanning..."", ""wall_time_utc"": ""2026-09-06T17:19:05.251830+00:00""}"
1533.800000000,REPLAN_REQUESTED,"{""message"": ""Replanning request. curr_vertex_idx: 46"", ""wall_time_utc"": ""2026-09-06T17:19:05.253734+00:00""}"
1540.000000000,LOCAL_REPLAN,"{""message"": ""Call local replanning..."", ""wall_time_utc"": ""2026-09-06T17:19:11.477551+00:00""}"
1540.000000000,REPLAN_REQUESTED,"{""message"": ""Replanning request. curr_vertex_idx: 46"", ""wall_time_utc"": ""2026-09-06T17:19:11.479399+00:00""}"
1545.700000000,LOCAL_REPLAN,"{""message"": ""Call local replanning..."", ""wall_time_utc"": ""2026-09-06T17:19:17.219555+00:00""}"
1545.700000000,REPLAN_REQUESTED,"{""message"": ""Replanning request. curr_vertex_idx: 46"", ""wall_time_utc"": ""2026-09-06T17:19:17.255893+00:00""}"
1547.600000000,KARTO_LOOP_CONSTRAINT,"{""message"": ""Add one Loop closure. 6 loops have been added."", ""wall_time_utc"": ""2026-09-06T17:19:19.049766+00:00""}"
1547.600000000,KARTO_LOOP_ACCEPTED,"{""chain_end"": 952, ""chain_start"": 948, ""current_scan"": 1144, ""loop_count"": 6, ""received_ros_time"": 1547.6, ""received_wall_time_utc"": ""2026-09-06T17:19:19.049868+00:00"", ""seq"": 6, ""stamp"": 1547.6, ""wall_time_utc"": ""2026-09-06T17:19:19.049898+00:00""}"
1552.000000000,LOCAL_REPLAN,"{""message"": ""Call local replanning..."", ""wall_time_utc"": ""2026-09-06T17:19:23.506136+00:00""}"
1552.000000000,REPLAN_REQUESTED,"{""message"": ""Replanning request. curr_vertex_idx: 46"", ""wall_time_utc"": ""2026-09-06T17:19:23.507798+00:00""}"
1557.800000000,LOCAL_REPLAN,"{""message"": ""Call local replanning..."", ""wall_time_utc"": ""2026-09-06T17:19:29.229597+00:00""}"
1557.800000000,REPLAN_REQUESTED,"{""message"": ""Replanning request. curr_vertex_idx: 46"", ""wall_time_utc"": ""2026-09-06T17:19:29.231240+00:00""}"
1563.900000000,LOCAL_REPLAN,"{""message"": ""Call local replanning..."", ""wall_time_utc"": ""2026-09-06T17:19:35.394341+00:00""}"
1563.900000000,REPLAN_REQUESTED,"{""message"": ""Replanning request. curr_vertex_idx: 46"", ""wall_time_utc"": ""2026-09-06T17:19:35.396514+00:00""}"
1570.200000000,LOCAL_REPLAN,"{""message"": ""Call local replanning..."", ""wall_time_utc"": ""2026-09-06T17:19:41.661420+00:00""}"
1570.200000000,REPLAN_REQUESTED,"{""message"": ""Replanning request. curr_vertex_idx: 46"", ""wall_time_utc"": ""2026-09-06T17:19:41.663215+00:00""}"
1575.900000000,LOCAL_REPLAN,"{""message"": ""Call local replanning..."", ""wall_time_utc"": ""2026-09-06T17:19:47.421609+00:00""}"
1575.900000000,REPLAN_REQUESTED,"{""message"": ""Replanning request. curr_vertex_idx: 46"", ""wall_time_utc"": ""2026-09-06T17:19:47.423548+00:00""}"
1582.300000000,LOCAL_REPLAN,"{""message"": ""Call local replanning..."", ""wall_time_utc"": ""2026-09-06T17:19:53.731587+00:00""}"
1582.300000000,REPLAN_REQUESTED,"{""message"": ""Replanning request. curr_vertex_idx: 46"", ""wall_time_utc"": ""2026-09-06T17:19:53.733167+00:00""}"
1588.000000000,LOCAL_REPLAN,"{""message"": ""Call local replanning..."", ""wall_time_utc"": ""2026-09-06T17:19:59.489169+00:00""}"
1588.000000000,REPLAN_REQUESTED,"{""message"": ""Replanning request. curr_vertex_idx: 46"", ""wall_time_utc"": ""2026-09-06T17:19:59.491024+00:00""}"
1594.400000000,LOCAL_REPLAN,"{""message"": ""Call local replanning..."", ""wall_time_utc"": ""2026-09-06T17:20:05.884136+00:00""}"
1594.400000000,REPLAN_REQUESTED,"{""message"": ""Replanning request. curr_vertex_idx: 46"", ""wall_time_utc"": ""2026-09-06T17:20:05.885786+00:00""}"
1600.300000000,LOCAL_REPLAN,"{""message"": ""Call local replanning..."", ""wall_time_utc"": ""2026-09-06T17:20:11.753235+00:00""}"
1600.300000000,REPLAN_REQUESTED,"{""message"": ""Replanning request. curr_vertex_idx: 46"", ""wall_time_utc"": ""2026-09-06T17:20:11.755333+00:00""}"
1606.000000000,LOCAL_REPLAN,"{""message"": ""Call local replanning..."", ""wall_time_utc"": ""2026-09-06T17:20:17.517847+00:00""}"
1606.000000000,REPLAN_REQUESTED,"{""message"": ""Replanning request. curr_vertex_idx: 46"", ""wall_time_utc"": ""2026-09-06T17:20:17.519471+00:00""}"
1612.200000000,LOCAL_REPLAN,"{""message"": ""Call local replanning..."", ""wall_time_utc"": ""2026-09-06T17:20:23.653393+00:00""}"
1612.200000000,REPLAN_REQUESTED,"{""message"": ""Replanning request. curr_vertex_idx: 46"", ""wall_time_utc"": ""2026-09-06T17:20:23.655180+00:00""}"
1618.200000000,LOCAL_REPLAN,"{""message"": ""Call local replanning..."", ""wall_time_utc"": ""2026-09-06T17:20:29.696948+00:00""}"
1618.200000000,REPLAN_REQUESTED,"{""message"": ""Replanning request. curr_vertex_idx: 46"", ""wall_time_utc"": ""2026-09-06T17:20:29.698792+00:00""}"
1623.700000000,LOCAL_REPLAN,"{""message"": ""Call local replanning..."", ""wall_time_utc"": ""2026-09-06T17:20:35.163865+00:00""}"
1623.700000000,REPLAN_REQUESTED,"{""message"": ""Replanning request. curr_vertex_idx: 46"", ""wall_time_utc"": ""2026-09-06T17:20:35.165638+00:00""}"
1630.200000000,LOCAL_REPLAN,"{""message"": ""Call local replanning..."", ""wall_time_utc"": ""2026-09-06T17:20:41.674323+00:00""}"
1630.200000000,REPLAN_REQUESTED,"{""message"": ""Replanning request. curr_vertex_idx: 46"", ""wall_time_utc"": ""2026-09-06T17:20:41.676224+00:00""}"
1632.400000000,KARTO_LOOP_CONSTRAINT,"{""message"": ""Add one Loop closure. 7 loops have been added."", ""wall_time_utc"": ""2026-09-06T17:20:43.859990+00:00""}"
1632.400000000,KARTO_LOOP_ACCEPTED,"{""chain_end"": 171, ""chain_start"": 167, ""current_scan"": 1194, ""loop_count"": 7, ""received_ros_time"": 1632.4, ""received_wall_time_utc"": ""2026-09-06T17:20:43.860164+00:00"", ""seq"": 7, ""stamp"": 1632.4, ""wall_time_utc"": ""2026-09-06T17:20:43.860176+00:00""}"
1635.900000000,LOCAL_REPLAN,"{""message"": ""Call local replanning..."", ""wall_time_utc"": ""2026-09-06T17:20:47.401410+00:00""}"
1635.900000000,REPLAN_REQUESTED,"{""message"": ""Replanning request. curr_vertex_idx: 46"", ""wall_time_utc"": ""2026-09-06T17:20:47.403291+00:00""}"
1635.900000000,GOAL_REACHED,"{""vertex"": 31, ""wall_time_utc"": ""2026-09-06T17:20:47.408006+00:00""}"
1635.900000000,NO_FRONTIER,"{""message"": ""No frontier at vertex 31. #Frontier: 0"", ""wall_time_utc"": ""2026-09-06T17:20:47.408045+00:00""}"
1635.900000000,REPEATED_VISIT_SKIP,"{""message"": ""Skip repeated visit to vertex 37"", ""wall_time_utc"": ""2026-09-06T17:20:47.408062+00:00""}"
1635.900000000,REPEATED_VISIT_SKIP,"{""message"": ""Skip repeated visit to vertex 42"", ""wall_time_utc"": ""2026-09-06T17:20:47.408076+00:00""}"
1635.900000000,REPEATED_VISIT_SKIP,"{""message"": ""Skip repeated visit to vertex 44"", ""wall_time_utc"": ""2026-09-06T17:20:47.408242+00:00""}"
1635.900000000,REPEATED_VISIT_SKIP,"{""message"": ""Skip repeated visit to vertex 33"", ""wall_time_utc"": ""2026-09-06T17:20:47.408260+00:00""}"
1635.900000000,REPEATED_VISIT_SKIP,"{""message"": ""Skip repeated visit to vertex 28"", ""wall_time_utc"": ""2026-09-06T17:20:47.408273+00:00""}"
1635.900000000,REPEATED_VISIT_SKIP,"{""message"": ""Skip repeated visit to vertex 33"", ""wall_time_utc"": ""2026-09-06T17:20:47.408289+00:00""}"
1635.900000000,REPEATED_VISIT_SKIP,"{""message"": ""Skip repeated visit to vertex 29"", ""wall_time_utc"": ""2026-09-06T17:20:47.408301+00:00""}"
1635.900000000,REPEATED_VISIT_SKIP,"{""message"": ""Skip repeated visit to vertex 33"", ""wall_time_utc"": ""2026-09-06T17:20:47.408312+00:00""}"
1635.900000000,REPEATED_VISIT_SKIP,"{""message"": ""Skip repeated visit to vertex 41"", ""wall_time_utc"": ""2026-09-06T17:20:47.408323+00:00""}"
1635.900000000,REPEATED_VISIT_SKIP,"{""message"": ""Skip repeated visit to vertex 36"", ""wall_time_utc"": ""2026-09-06T17:20:47.408335+00:00""}"
1635.900000000,REPEATED_VISIT_SKIP,"{""message"": ""Skip repeated visit to vertex 38"", ""wall_time_utc"": ""2026-09-06T17:20:47.408346+00:00""}"
1635.900000000,REPEATED_VISIT_SKIP,"{""message"": ""Skip repeated visit to vertex 36"", ""wall_time_utc"": ""2026-09-06T17:20:47.408358+00:00""}"
1635.900000000,REPEATED_VISIT_SKIP,"{""message"": ""Skip repeated visit to vertex 32"", ""wall_time_utc"": ""2026-09-06T17:20:47.408369+00:00""}"
1635.900000000,REPEATED_VISIT_SKIP,"{""message"": ""Skip repeated visit to vertex 149"", ""wall_time_utc"": ""2026-09-06T17:20:47.408380+00:00""}"
1635.900000000,REPEATED_VISIT_SKIP,"{""message"": ""Skip repeated visit to vertex 18"", ""wall_time_utc"": ""2026-09-06T17:20:47.408432+00:00""}"
1635.900000000,REPEATED_VISIT_SKIP,"{""message"": ""Skip repeated visit to vertex 146"", ""wall_time_utc"": ""2026-09-06T17:20:47.408447+00:00""}"
1642.000000000,LOCAL_REPLAN,"{""message"": ""Call local replanning..."", ""wall_time_utc"": ""2026-09-06T17:20:53.505165+00:00""}"
1642.000000000,REPLAN_REQUESTED,"{""message"": ""Replanning request. curr_vertex_idx: 63"", ""wall_time_utc"": ""2026-09-06T17:20:53.507221+00:00""}"
1642.000000000,GOAL_SKIP,"{""message"": ""Skip currGoal 3 that has no frontier and seen by robot"", ""wall_time_utc"": ""2026-09-06T17:20:53.511026+00:00""}"
1642.000000000,REPEATED_VISIT_SKIP,"{""message"": ""Skip repeated visit to vertex 146"", ""wall_time_utc"": ""2026-09-06T17:20:53.511068+00:00""}"
1642.000000000,REPEATED_VISIT_SKIP,"{""message"": ""Skip repeated visit to vertex 18"", ""wall_time_utc"": ""2026-09-06T17:20:53.511084+00:00""}"
1642.000000000,REPEATED_VISIT_SKIP,"{""message"": ""Skip repeated visit to vertex 27"", ""wall_time_utc"": ""2026-09-06T17:20:53.511096+00:00""}"
1642.000000000,REPEATED_VISIT_SKIP,"{""message"": ""Skip repeated visit to vertex 18"", ""wall_time_utc"": ""2026-09-06T17:20:53.511108+00:00""}"
1642.000000000,REPEATED_VISIT_SKIP,"{""message"": ""Skip repeated visit to vertex 8"", ""wall_time_utc"": ""2026-09-06T17:20:53.511120+00:00""}"
1642.000000000,REPEATED_VISIT_SKIP,"{""message"": ""Skip repeated visit to vertex 18"", ""wall_time_utc"": ""2026-09-06T17:20:53.511132+00:00""}"
1642.000000000,REPEATED_VISIT_SKIP,"{""message"": ""Skip repeated visit to vertex 13"", ""wall_time_utc"": ""2026-09-06T17:20:53.511143+00:00""}"
1642.000000000,REPEATED_VISIT_SKIP,"{""message"": ""Skip repeated visit to vertex 18"", ""wall_time_utc"": ""2026-09-06T17:20:53.511155+00:00""}"
1642.000000000,REPEATED_VISIT_SKIP,"{""message"": ""Skip repeated visit to vertex 19"", ""wall_time_utc"": ""2026-09-06T17:20:53.511167+00:00""}"
1642.000000000,REPEATED_VISIT_SKIP,"{""message"": ""Skip repeated visit to vertex 12"", ""wall_time_utc"": ""2026-09-06T17:20:53.511178+00:00""}"
1642.000000000,REPEATED_VISIT_SKIP,"{""message"": ""Skip repeated visit to vertex 19"", ""wall_time_utc"": ""2026-09-06T17:20:53.511189+00:00""}"
1642.000000000,REPEATED_VISIT_SKIP,"{""message"": ""Skip repeated visit to vertex 26"", ""wall_time_utc"": ""2026-09-06T17:20:53.511202+00:00""}"
1642.000000000,REPEATED_VISIT_SKIP,"{""message"": ""Skip repeated visit to vertex 19"", ""wall_time_utc"": ""2026-09-06T17:20:53.511213+00:00""}"
1642.000000000,REPEATED_VISIT_SKIP,"{""message"": ""Skip repeated visit to vertex 23"", ""wall_time_utc"": ""2026-09-06T17:20:53.511224+00:00""}"
1642.000000000,REPEATED_VISIT_SKIP,"{""message"": ""Skip repeated visit to vertex 21"", ""wall_time_utc"": ""2026-09-06T17:20:53.511283+00:00""}"
1642.000000000,REPEATED_VISIT_SKIP,"{""message"": ""Skip repeated visit to vertex 17"", ""wall_time_utc"": ""2026-09-06T17:20:53.511356+00:00""}"
1642.000000000,REPEATED_VISIT_SKIP,"{""message"": ""Skip repeated visit to vertex 21"", ""wall_time_utc"": ""2026-09-06T17:20:53.511370+00:00""}"
1642.000000000,REPEATED_VISIT_SKIP,"{""message"": ""Skip repeated visit to vertex 25"", ""wall_time_utc"": ""2026-09-06T17:20:53.511383+00:00""}"
1647.800000000,LOCAL_REPLAN,"{""message"": ""Call local replanning..."", ""wall_time_utc"": ""2026-09-06T17:20:59.258580+00:00""}"
1647.800000000,REPLAN_REQUESTED,"{""message"": ""Replanning request. curr_vertex_idx: 82"", ""wall_time_utc"": ""2026-09-06T17:20:59.260587+00:00""}"
1654.000000000,LOCAL_REPLAN,"{""message"": ""Call local replanning..."", ""wall_time_utc"": ""2026-09-06T17:21:05.498171+00:00""}"
1654.000000000,REPLAN_REQUESTED,"{""message"": ""Replanning request. curr_vertex_idx: 82"", ""wall_time_utc"": ""2026-09-06T17:21:05.499691+00:00""}"
1659.800000000,LOCAL_REPLAN,"{""message"": ""Call local replanning..."", ""wall_time_utc"": ""2026-09-06T17:21:11.253837+00:00""}"
1659.800000000,REPLAN_REQUESTED,"{""message"": ""Replanning request. curr_vertex_idx: 82"", ""wall_time_utc"": ""2026-09-06T17:21:11.255802+00:00""}"
1666.200000000,LOCAL_REPLAN,"{""message"": ""Call local replanning..."", ""wall_time_utc"": ""2026-09-06T17:21:17.721701+00:00""}"
1666.200000000,REPLAN_REQUESTED,"{""message"": ""Replanning request. curr_vertex_idx: 82"", ""wall_time_utc"": ""2026-09-06T17:21:17.723272+00:00""}"
1672.000000000,LOCAL_REPLAN,"{""message"": ""Call local replanning..."", ""wall_time_utc"": ""2026-09-06T17:21:23.504423+00:00""}"
1672.000000000,REPLAN_REQUESTED,"{""message"": ""Replanning request. curr_vertex_idx: 82"", ""wall_time_utc"": ""2026-09-06T17:21:23.506441+00:00""}"
1677.500000000,KARTO_LOOP_CONSTRAINT,"{""message"": ""Add one Loop closure. 8 loops have been added."", ""wall_time_utc"": ""2026-09-06T17:21:28.983188+00:00""}"
1677.500000000,KARTO_LOOP_ACCEPTED,"{""chain_end"": 926, ""chain_start"": 917, ""current_scan"": 1224, ""loop_count"": 8, ""received_ros_time"": 1677.5, ""received_wall_time_utc"": ""2026-09-06T17:21:28.983290+00:00"", ""seq"": 8, ""stamp"": 1677.5, ""wall_time_utc"": ""2026-09-06T17:21:28.983314+00:00""}"
1678.500000000,LOCAL_REPLAN,"{""message"": ""Call local replanning..."", ""wall_time_utc"": ""2026-09-06T17:21:29.961396+00:00""}"
1678.500000000,REPLAN_REQUESTED,"{""message"": ""Replanning request. curr_vertex_idx: 82"", ""wall_time_utc"": ""2026-09-06T17:21:29.963560+00:00""}"
1683.800000000,LOCAL_REPLAN,"{""message"": ""Call local replanning..."", ""wall_time_utc"": ""2026-09-06T17:21:35.265365+00:00""}"
1683.800000000,REPLAN_REQUESTED,"{""message"": ""Replanning request. curr_vertex_idx: 82"", ""wall_time_utc"": ""2026-09-06T17:21:35.267495+00:00""}"
1690.000000000,LOCAL_REPLAN,"{""message"": ""Call local replanning..."", ""wall_time_utc"": ""2026-09-06T17:21:41.450314+00:00""}"
1690.000000000,REPLAN_REQUESTED,"{""message"": ""Replanning request. curr_vertex_idx: 82"", ""wall_time_utc"": ""2026-09-06T17:21:41.452353+00:00""}"
1696.300000000,LOCAL_REPLAN,"{""message"": ""Call local replanning..."", ""wall_time_utc"": ""2026-09-06T17:21:47.763806+00:00""}"
1696.300000000,REPLAN_REQUESTED,"{""message"": ""Replanning request. curr_vertex_idx: 82"", ""wall_time_utc"": ""2026-09-06T17:21:47.765676+00:00""}"
1702.200000000,LOCAL_REPLAN,"{""message"": ""Call local replanning..."", ""wall_time_utc"": ""2026-09-06T17:21:53.634328+00:00""}"
1702.200000000,REPLAN_REQUESTED,"{""message"": ""Replanning request. curr_vertex_idx: 82"", ""wall_time_utc"": ""2026-09-06T17:21:53.636732+00:00""}"
1707.900000000,LOCAL_REPLAN,"{""message"": ""Call local replanning..."", ""wall_time_utc"": ""2026-09-06T17:21:59.422267+00:00""}"
1708.000000000,REPLAN_REQUESTED,"{""message"": ""Replanning request. curr_vertex_idx: 82"", ""wall_time_utc"": ""2026-09-06T17:21:59.425018+00:00""}"
1714.500000000,LOCAL_REPLAN,"{""message"": ""Call local replanning..."", ""wall_time_utc"": ""2026-09-06T17:22:05.930016+00:00""}"
1714.500000000,REPLAN_REQUESTED,"{""message"": ""Replanning request. curr_vertex_idx: 82"", ""wall_time_utc"": ""2026-09-06T17:22:05.932417+00:00""}"
1720.000000000,LOCAL_REPLAN,"{""message"": ""Call local replanning..."", ""wall_time_utc"": ""2026-09-06T17:22:11.444879+00:00""}"
1720.000000000,REPLAN_REQUESTED,"{""message"": ""Replanning request. curr_vertex_idx: 82"", ""wall_time_utc"": ""2026-09-06T17:22:11.447037+00:00""}"
1726.100000000,LOCAL_REPLAN,"{""message"": ""Call local replanning..."", ""wall_time_utc"": ""2026-09-06T17:22:17.531254+00:00""}"
1726.100000000,REPLAN_REQUESTED,"{""message"": ""Replanning request. curr_vertex_idx: 82"", ""wall_time_utc"": ""2026-09-06T17:22:17.533218+00:00""}"
1732.200000000,LOCAL_REPLAN,"{""message"": ""Call local replanning..."", ""wall_time_utc"": ""2026-09-06T17:22:23.682104+00:00""}"
1732.200000000,REPLAN_REQUESTED,"{""message"": ""Replanning request. curr_vertex_idx: 82"", ""wall_time_utc"": ""2026-09-06T17:22:23.683950+00:00""}"
1738.000000000,LOCAL_REPLAN,"{""message"": ""Call local replanning..."", ""wall_time_utc"": ""2026-09-06T17:22:29.505331+00:00""}"
1738.000000000,REPLAN_REQUESTED,"{""message"": ""Replanning request. curr_vertex_idx: 82"", ""wall_time_utc"": ""2026-09-06T17:22:29.507460+00:00""}"
1744.200000000,LOCAL_REPLAN,"{""message"": ""Call local replanning..."", ""wall_time_utc"": ""2026-09-06T17:22:35.677984+00:00""}"
1744.200000000,REPLAN_REQUESTED,"{""message"": ""Replanning request. curr_vertex_idx: 82"", ""wall_time_utc"": ""2026-09-06T17:22:35.680096+00:00""}"
1749.800000000,LOCAL_REPLAN,"{""message"": ""Call local replanning..."", ""wall_time_utc"": ""2026-09-06T17:22:41.258433+00:00""}"
1749.800000000,REPLAN_REQUESTED,"{""message"": ""Replanning request. curr_vertex_idx: 82"", ""wall_time_utc"": ""2026-09-06T17:22:41.260633+00:00""}"
1755.800000000,LOCAL_REPLAN,"{""message"": ""Call local replanning..."", ""wall_time_utc"": ""2026-09-06T17:22:47.260245+00:00""}"
1755.800000000,REPLAN_REQUESTED,"{""message"": ""Replanning request. curr_vertex_idx: 82"", ""wall_time_utc"": ""2026-09-06T17:22:47.261992+00:00""}"
1762.200000000,LOCAL_REPLAN,"{""message"": ""Call local replanning..."", ""wall_time_utc"": ""2026-09-06T17:22:53.660894+00:00""}"
1762.200000000,REPLAN_REQUESTED,"{""message"": ""Replanning request. curr_vertex_idx: 82"", ""wall_time_utc"": ""2026-09-06T17:22:53.662980+00:00""}"
1766.200000000,LOCAL_REPLAN,"{""message"": ""Call local replanning..."", ""wall_time_utc"": ""2026-09-06T17:22:57.686170+00:00""}"
1766.200000000,REPLAN_REQUESTED,"{""message"": ""Replanning request. curr_vertex_idx: 82"", ""wall_time_utc"": ""2026-09-06T17:22:57.687822+00:00""}"
1772.000000000,LOCAL_REPLAN,"{""message"": ""Call local replanning..."", ""wall_time_utc"": ""2026-09-06T17:23:03.425003+00:00""}"
1772.000000000,REPLAN_REQUESTED,"{""message"": ""Replanning request. curr_vertex_idx: 82"", ""wall_time_utc"": ""2026-09-06T17:23:03.426971+00:00""}"
1778.500000000,LOCAL_REPLAN,"{""message"": ""Call local replanning..."", ""wall_time_utc"": ""2026-09-06T17:23:09.925426+00:00""}"
1778.500000000,REPLAN_REQUESTED,"{""message"": ""Replanning request. curr_vertex_idx: 82"", ""wall_time_utc"": ""2026-09-06T17:23:09.927608+00:00""}"
1780.100000000,KARTO_LOOP_CONSTRAINT,"{""message"": ""Add one Loop closure. 9 loops have been added."", ""wall_time_utc"": ""2026-09-06T17:23:11.553381+00:00""}"
1780.100000000,KARTO_LOOP_ACCEPTED,"{""chain_end"": 1290, ""chain_start"": 1285, ""current_scan"": 1309, ""loop_count"": 9, ""received_ros_time"": 1780.1, ""received_wall_time_utc"": ""2026-09-06T17:23:11.553662+00:00"", ""seq"": 9, ""stamp"": 1780.1, ""wall_time_utc"": ""2026-09-06T17:23:11.553679+00:00""}"
1783.800000000,LOCAL_REPLAN,"{""message"": ""Call local replanning..."", ""wall_time_utc"": ""2026-09-06T17:23:15.232794+00:00""}"
1783.800000000,REPLAN_REQUESTED,"{""message"": ""Replanning request. curr_vertex_idx: 82"", ""wall_time_utc"": ""2026-09-06T17:23:15.234773+00:00""}"
1789.900000000,LOCAL_REPLAN,"{""message"": ""Call local replanning..."", ""wall_time_utc"": ""2026-09-06T17:23:21.415164+00:00""}"
1789.900000000,REPLAN_REQUESTED,"{""message"": ""Replanning request. curr_vertex_idx: 82"", ""wall_time_utc"": ""2026-09-06T17:23:21.417220+00:00""}"
1796.200000000,LOCAL_REPLAN,"{""message"": ""Call local replanning..."", ""wall_time_utc"": ""2026-09-06T17:23:27.692224+00:00""}"
1796.200000000,REPLAN_REQUESTED,"{""message"": ""Replanning request. curr_vertex_idx: 82"", ""wall_time_utc"": ""2026-09-06T17:23:27.694440+00:00""}"
1801.800000000,LOCAL_REPLAN,"{""message"": ""Call local replanning..."", ""wall_time_utc"": ""2026-09-06T17:23:33.260880+00:00""}"
1801.800000000,REPLAN_REQUESTED,"{""message"": ""Replanning request. curr_vertex_idx: 82"", ""wall_time_utc"": ""2026-09-06T17:23:33.263141+00:00""}"
1807.800000000,LOCAL_REPLAN,"{""message"": ""Call local replanning..."", ""wall_time_utc"": ""2026-09-06T17:23:39.268692+00:00""}"
1807.800000000,REPLAN_REQUESTED,"{""message"": ""Replanning request. curr_vertex_idx: 82"", ""wall_time_utc"": ""2026-09-06T17:23:39.270694+00:00""}"
1813.100000000,LOCAL_REPLAN,"{""message"": ""Call local replanning..."", ""wall_time_utc"": ""2026-09-06T17:23:44.524056+00:00""}"
1813.100000000,REPLAN_REQUESTED,"{""message"": ""Replanning request. curr_vertex_idx: 82"", ""wall_time_utc"": ""2026-09-06T17:23:44.526227+00:00""}"
1815.000000000,LOCAL_REPLAN,"{""message"": ""Call local replanning..."", ""wall_time_utc"": ""2026-09-06T17:23:46.523281+00:00""}"
1815.100000000,REPLAN_REQUESTED,"{""message"": ""Replanning request. curr_vertex_idx: 82"", ""wall_time_utc"": ""2026-09-06T17:23:46.525476+00:00""}"
1821.100000000,LOCAL_REPLAN,"{""message"": ""Call local replanning..."", ""wall_time_utc"": ""2026-09-06T17:23:52.531313+00:00""}"
1821.100000000,REPLAN_REQUESTED,"{""message"": ""Replanning request. curr_vertex_idx: 82"", ""wall_time_utc"": ""2026-09-06T17:23:52.532768+00:00""}"
1827.100000000,LOCAL_REPLAN,"{""message"": ""Call local replanning..."", ""wall_time_utc"": ""2026-09-06T17:23:58.565176+00:00""}"
1827.100000000,REPLAN_REQUESTED,"{""message"": ""Replanning request. curr_vertex_idx: 82"", ""wall_time_utc"": ""2026-09-06T17:23:58.567264+00:00""}"
1833.000000000,LOCAL_REPLAN,"{""message"": ""Call local replanning..."", ""wall_time_utc"": ""2026-09-06T17:24:04.451149+00:00""}"
1833.000000000,REPLAN_REQUESTED,"{""message"": ""Replanning request. curr_vertex_idx: 82"", ""wall_time_utc"": ""2026-09-06T17:24:04.453268+00:00""}"
1839.100000000,LOCAL_REPLAN,"{""message"": ""Call local replanning..."", ""wall_time_utc"": ""2026-09-06T17:24:10.557121+00:00""}"
1839.100000000,REPLAN_REQUESTED,"{""message"": ""Replanning request. curr_vertex_idx: 82"", ""wall_time_utc"": ""2026-09-06T17:24:10.559219+00:00""}"
1845.300000000,LOCAL_REPLAN,"{""message"": ""Call local replanning..."", ""wall_time_utc"": ""2026-09-06T17:24:16.765552+00:00""}"
1845.300000000,REPLAN_REQUESTED,"{""message"": ""Replanning request. curr_vertex_idx: 82"", ""wall_time_utc"": ""2026-09-06T17:24:16.767160+00:00""}"
1851.200000000,LOCAL_REPLAN,"{""message"": ""Call local replanning..."", ""wall_time_utc"": ""2026-09-06T17:24:22.705186+00:00""}"
1851.200000000,REPLAN_REQUESTED,"{""message"": ""Replanning request. curr_vertex_idx: 82"", ""wall_time_utc"": ""2026-09-06T17:24:22.706982+00:00""}"
1857.000000000,LOCAL_REPLAN,"{""message"": ""Call local replanning..."", ""wall_time_utc"": ""2026-09-06T17:24:28.429453+00:00""}"
1857.000000000,REPLAN_REQUESTED,"{""message"": ""Replanning request. curr_vertex_idx: 82"", ""wall_time_utc"": ""2026-09-06T17:24:28.431428+00:00""}"
1863.000000000,LOCAL_REPLAN,"{""message"": ""Call local replanning..."", ""wall_time_utc"": ""2026-09-06T17:24:34.438664+00:00""}"
1863.000000000,REPLAN_REQUESTED,"{""message"": ""Replanning request. curr_vertex_idx: 82"", ""wall_time_utc"": ""2026-09-06T17:24:34.440925+00:00""}"
1869.000000000,LOCAL_REPLAN,"{""message"": ""Call local replanning..."", ""wall_time_utc"": ""2026-09-06T17:24:40.521023+00:00""}"
1869.000000000,REPLAN_REQUESTED,"{""message"": ""Replanning request. curr_vertex_idx: 82"", ""wall_time_utc"": ""2026-09-06T17:24:40.522695+00:00""}"
1874.800000000,LOCAL_REPLAN,"{""message"": ""Call local replanning..."", ""wall_time_utc"": ""2026-09-06T17:24:46.291905+00:00""}"
1874.800000000,REPLAN_REQUESTED,"{""message"": ""Replanning request. curr_vertex_idx: 82"", ""wall_time_utc"": ""2026-09-06T17:24:46.293831+00:00""}"
1879.300000000,KARTO_LOOP_ACCEPTED,"{""chain_end"": 1321, ""chain_start"": 1317, ""current_scan"": 1421, ""loop_count"": 10, ""received_ros_time"": 1879.3, ""received_wall_time_utc"": ""2026-09-06T17:24:50.812182+00:00"", ""seq"": 10, ""stamp"": 1879.3, ""wall_time_utc"": ""2026-09-06T17:24:50.812204+00:00""}"
1879.300000000,KARTO_LOOP_CONSTRAINT,"{""message"": ""Add one Loop closure. 10 loops have been added."", ""wall_time_utc"": ""2026-09-06T17:24:50.812516+00:00""}"
1881.300000000,LOCAL_REPLAN,"{""message"": ""Call local replanning..."", ""wall_time_utc"": ""2026-09-06T17:24:52.817570+00:00""}"
1881.300000000,REPLAN_REQUESTED,"{""message"": ""Replanning request. curr_vertex_idx: 82"", ""wall_time_utc"": ""2026-09-06T17:24:52.819473+00:00""}"
1887.200000000,LOCAL_REPLAN,"{""message"": ""Call local replanning..."", ""wall_time_utc"": ""2026-09-06T17:24:58.682963+00:00""}"
1887.200000000,REPLAN_REQUESTED,"{""message"": ""Replanning request. curr_vertex_idx: 82"", ""wall_time_utc"": ""2026-09-06T17:24:58.684992+00:00""}"
1893.000000000,LOCAL_REPLAN,"{""message"": ""Call local replanning..."", ""wall_time_utc"": ""2026-09-06T17:25:04.426815+00:00""}"
1893.000000000,REPLAN_REQUESTED,"{""message"": ""Replanning request. curr_vertex_idx: 82"", ""wall_time_utc"": ""2026-09-06T17:25:04.428276+00:00""}"
1899.000000000,LOCAL_REPLAN,"{""message"": ""Call local replanning..."", ""wall_time_utc"": ""2026-09-06T17:25:10.469332+00:00""}"
1899.000000000,REPLAN_REQUESTED,"{""message"": ""Replanning request. curr_vertex_idx: 82"", ""wall_time_utc"": ""2026-09-06T17:25:10.471378+00:00""}"
1904.800000000,LOCAL_REPLAN,"{""message"": ""Call local replanning..."", ""wall_time_utc"": ""2026-09-06T17:25:16.279057+00:00""}"
1904.800000000,REPLAN_REQUESTED,"{""message"": ""Replanning request. curr_vertex_idx: 82"", ""wall_time_utc"": ""2026-09-06T17:25:16.280910+00:00""}"
1911.100000000,LOCAL_REPLAN,"{""message"": ""Call local replanning..."", ""wall_time_utc"": ""2026-09-06T17:25:22.541349+00:00""}"
1911.100000000,REPLAN_REQUESTED,"{""message"": ""Replanning request. curr_vertex_idx: 82"", ""wall_time_utc"": ""2026-09-06T17:25:22.543223+00:00""}"
1917.300000000,LOCAL_REPLAN,"{""message"": ""Call local replanning..."", ""wall_time_utc"": ""2026-09-06T17:25:28.805375+00:00""}"
1917.300000000,REPLAN_REQUESTED,"{""message"": ""Replanning request. curr_vertex_idx: 82"", ""wall_time_utc"": ""2026-09-06T17:25:28.807348+00:00""}"
1923.800000000,LOCAL_REPLAN,"{""message"": ""Call local replanning..."", ""wall_time_utc"": ""2026-09-06T17:25:35.312798+00:00""}"
1923.800000000,REPLAN_REQUESTED,"{""message"": ""Replanning request. curr_vertex_idx: 82"", ""wall_time_utc"": ""2026-09-06T17:25:35.314541+00:00""}"
1929.100000000,LOCAL_REPLAN,"{""message"": ""Call local replanning..."", ""wall_time_utc"": ""2026-09-06T17:25:40.527629+00:00""}"
1929.100000000,REPLAN_REQUESTED,"{""message"": ""Replanning request. curr_vertex_idx: 82"", ""wall_time_utc"": ""2026-09-06T17:25:40.529180+00:00""}"
1935.100000000,LOCAL_REPLAN,"{""message"": ""Call local replanning..."", ""wall_time_utc"": ""2026-09-06T17:25:46.569460+00:00""}"
1935.100000000,REPLAN_REQUESTED,"{""message"": ""Replanning request. curr_vertex_idx: 82"", ""wall_time_utc"": ""2026-09-06T17:25:46.571318+00:00""}"
1941.200000000,LOCAL_REPLAN,"{""message"": ""Call local replanning..."", ""wall_time_utc"": ""2026-09-06T17:25:52.720997+00:00""}"
1941.200000000,REPLAN_REQUESTED,"{""message"": ""Replanning request. curr_vertex_idx: 82"", ""wall_time_utc"": ""2026-09-06T17:25:52.722838+00:00""}"
1947.300000000,LOCAL_REPLAN,"{""message"": ""Call local replanning..."", ""wall_time_utc"": ""2026-09-06T17:25:58.791833+00:00""}"
1947.300000000,REPLAN_REQUESTED,"{""message"": ""Replanning request. curr_vertex_idx: 82"", ""wall_time_utc"": ""2026-09-06T17:25:58.795473+00:00""}"
1953.000000000,LOCAL_REPLAN,"{""message"": ""Call local replanning..."", ""wall_time_utc"": ""2026-09-06T17:26:04.430921+00:00""}"
1953.000000000,REPLAN_REQUESTED,"{""message"": ""Replanning request. curr_vertex_idx: 82"", ""wall_time_utc"": ""2026-09-06T17:26:04.432729+00:00""}"
1959.300000000,LOCAL_REPLAN,"{""message"": ""Call local replanning..."", ""wall_time_utc"": ""2026-09-06T17:26:10.796743+00:00""}"
1959.300000000,REPLAN_REQUESTED,"{""message"": ""Replanning request. curr_vertex_idx: 82"", ""wall_time_utc"": ""2026-09-06T17:26:10.798775+00:00""}"
1965.100000000,LOCAL_REPLAN,"{""message"": ""Call local replanning..."", ""wall_time_utc"": ""2026-09-06T17:26:16.540373+00:00""}"
1965.100000000,REPLAN_REQUESTED,"{""message"": ""Replanning request. curr_vertex_idx: 82"", ""wall_time_utc"": ""2026-09-06T17:26:16.542476+00:00""}"
1971.100000000,LOCAL_REPLAN,"{""message"": ""Call local replanning..."", ""wall_time_utc"": ""2026-09-06T17:26:22.549996+00:00""}"
1971.100000000,REPLAN_REQUESTED,"{""message"": ""Replanning request. curr_vertex_idx: 82"", ""wall_time_utc"": ""2026-09-06T17:26:22.551850+00:00""}"
1973.500000000,KARTO_LOOP_CONSTRAINT,"{""message"": ""Add one Loop closure. 11 loops have been added."", ""wall_time_utc"": ""2026-09-06T17:26:24.954717+00:00""}"
1973.500000000,KARTO_LOOP_ACCEPTED,"{""chain_end"": 1117, ""chain_start"": 1114, ""current_scan"": 1491, ""loop_count"": 11, ""received_ros_time"": 1973.5, ""received_wall_time_utc"": ""2026-09-06T17:26:24.954910+00:00"", ""seq"": 11, ""stamp"": 1973.5, ""wall_time_utc"": ""2026-09-06T17:26:24.954922+00:00""}"
1977.000000000,LOCAL_REPLAN,"{""message"": ""Call local replanning..."", ""wall_time_utc"": ""2026-09-06T17:26:28.438208+00:00""}"
1977.000000000,REPLAN_REQUESTED,"{""message"": ""Replanning request. curr_vertex_idx: 82"", ""wall_time_utc"": ""2026-09-06T17:26:28.440248+00:00""}"
1983.100000000,LOCAL_REPLAN,"{""message"": ""Call local replanning..."", ""wall_time_utc"": ""2026-09-06T17:26:34.598048+00:00""}"
1983.100000000,REPLAN_REQUESTED,"{""message"": ""Replanning request. curr_vertex_idx: 82"", ""wall_time_utc"": ""2026-09-06T17:26:34.600393+00:00""}"
1989.200000000,LOCAL_REPLAN,"{""message"": ""Call local replanning..."", ""wall_time_utc"": ""2026-09-06T17:26:40.625047+00:00""}"
1989.200000000,REPLAN_REQUESTED,"{""message"": ""Replanning request. curr_vertex_idx: 82"", ""wall_time_utc"": ""2026-09-06T17:26:40.627223+00:00""}"
1995.500000000,LOCAL_REPLAN,"{""message"": ""Call local replanning..."", ""wall_time_utc"": ""2026-09-06T17:26:46.999976+00:00""}"
1995.500000000,REPLAN_REQUESTED,"{""message"": ""Replanning request. curr_vertex_idx: 82"", ""wall_time_utc"": ""2026-09-06T17:26:47.002120+00:00""}"
2001.300000000,LOCAL_REPLAN,"{""message"": ""Call local replanning..."", ""wall_time_utc"": ""2026-09-06T17:26:52.814521+00:00""}"
2001.300000000,REPLAN_REQUESTED,"{""message"": ""Replanning request. curr_vertex_idx: 82"", ""wall_time_utc"": ""2026-09-06T17:26:52.816575+00:00""}"
2007.000000000,LOCAL_REPLAN,"{""message"": ""Call local replanning..."", ""wall_time_utc"": ""2026-09-06T17:26:58.514941+00:00""}"
2007.000000000,REPLAN_REQUESTED,"{""message"": ""Replanning request. curr_vertex_idx: 82"", ""wall_time_utc"": ""2026-09-06T17:26:58.517129+00:00""}"
2013.500000000,LOCAL_REPLAN,"{""message"": ""Call local replanning..."", ""wall_time_utc"": ""2026-09-06T17:27:04.978448+00:00""}"
2013.500000000,REPLAN_REQUESTED,"{""message"": ""Replanning request. curr_vertex_idx: 82"", ""wall_time_utc"": ""2026-09-06T17:27:04.980702+00:00""}"
2019.200000000,LOCAL_REPLAN,"{""message"": ""Call local replanning..."", ""wall_time_utc"": ""2026-09-06T17:27:10.706812+00:00""}"
2019.200000000,REPLAN_REQUESTED,"{""message"": ""Replanning request. curr_vertex_idx: 82"", ""wall_time_utc"": ""2026-09-06T17:27:10.709192+00:00""}"
2025.100000000,LOCAL_REPLAN,"{""message"": ""Call local replanning..."", ""wall_time_utc"": ""2026-09-06T17:27:16.550207+00:00""}"
2025.100000000,REPLAN_REQUESTED,"{""message"": ""Replanning request. curr_vertex_idx: 82"", ""wall_time_utc"": ""2026-09-06T17:27:16.552123+00:00""}"
2031.100000000,LOCAL_REPLAN,"{""message"": ""Call local replanning..."", ""wall_time_utc"": ""2026-09-06T17:27:22.548494+00:00""}"
2031.100000000,REPLAN_REQUESTED,"{""message"": ""Replanning request. curr_vertex_idx: 82"", ""wall_time_utc"": ""2026-09-06T17:27:22.550402+00:00""}"
2037.100000000,LOCAL_REPLAN,"{""message"": ""Call local replanning..."", ""wall_time_utc"": ""2026-09-06T17:27:28.551489+00:00""}"
2037.100000000,REPLAN_REQUESTED,"{""message"": ""Replanning request. curr_vertex_idx: 82"", ""wall_time_utc"": ""2026-09-06T17:27:28.553863+00:00""}"
2043.100000000,LOCAL_REPLAN,"{""message"": ""Call local replanning..."", ""wall_time_utc"": ""2026-09-06T17:27:34.550747+00:00""}"
2043.100000000,REPLAN_REQUESTED,"{""message"": ""Replanning request. curr_vertex_idx: 82"", ""wall_time_utc"": ""2026-09-06T17:27:34.553318+00:00""}"
2049.500000000,LOCAL_REPLAN,"{""message"": ""Call local replanning..."", ""wall_time_utc"": ""2026-09-06T17:27:41.007375+00:00""}"
2049.500000000,REPLAN_REQUESTED,"{""message"": ""Replanning request. curr_vertex_idx: 82"", ""wall_time_utc"": ""2026-09-06T17:27:41.009575+00:00""}"
2055.300000000,LOCAL_REPLAN,"{""message"": ""Call local replanning..."", ""wall_time_utc"": ""2026-09-06T17:27:46.807215+00:00""}"
2055.300000000,REPLAN_REQUESTED,"{""message"": ""Replanning request. curr_vertex_idx: 82"", ""wall_time_utc"": ""2026-09-06T17:27:46.809480+00:00""}"
2060.700000000,LOCAL_REPLAN,"{""message"": ""Call local replanning..."", ""wall_time_utc"": ""2026-09-06T17:27:52.219006+00:00""}"
2060.700000000,REPLAN_REQUESTED,"{""message"": ""Replanning request. curr_vertex_idx: 82"", ""wall_time_utc"": ""2026-09-06T17:27:52.220997+00:00""}"
2067.100000000,LOCAL_REPLAN,"{""message"": ""Call local replanning..."", ""wall_time_utc"": ""2026-09-06T17:27:58.558143+00:00""}"
2067.100000000,REPLAN_REQUESTED,"{""message"": ""Replanning request. curr_vertex_idx: 82"", ""wall_time_utc"": ""2026-09-06T17:27:58.560126+00:00""}"
2073.300000000,LOCAL_REPLAN,"{""message"": ""Call local replanning..."", ""wall_time_utc"": ""2026-09-06T17:28:04.824081+00:00""}"
2073.400000000,REPLAN_REQUESTED,"{""message"": ""Replanning request. curr_vertex_idx: 82"", ""wall_time_utc"": ""2026-09-06T17:28:04.826499+00:00""}"
2079.300000000,LOCAL_REPLAN,"{""message"": ""Call local replanning..."", ""wall_time_utc"": ""2026-09-06T17:28:10.731183+00:00""}"
2079.300000000,REPLAN_REQUESTED,"{""message"": ""Replanning request. curr_vertex_idx: 82"", ""wall_time_utc"": ""2026-09-06T17:28:10.732869+00:00""}"
2085.000000000,LOCAL_REPLAN,"{""message"": ""Call local replanning..."", ""wall_time_utc"": ""2026-09-06T17:28:16.487882+00:00""}"
2085.000000000,REPLAN_REQUESTED,"{""message"": ""Replanning request. curr_vertex_idx: 82"", ""wall_time_utc"": ""2026-09-06T17:28:16.489943+00:00""}"
2090.800000000,LOCAL_REPLAN,"{""message"": ""Call local replanning..."", ""wall_time_utc"": ""2026-09-06T17:28:22.270857+00:00""}"
2090.800000000,REPLAN_REQUESTED,"{""message"": ""Replanning request. curr_vertex_idx: 82"", ""wall_time_utc"": ""2026-09-06T17:28:22.272979+00:00""}"
2097.000000000,LOCAL_REPLAN,"{""message"": ""Call local replanning..."", ""wall_time_utc"": ""2026-09-06T17:28:28.439462+00:00""}"
2097.000000000,REPLAN_REQUESTED,"{""message"": ""Replanning request. curr_vertex_idx: 82"", ""wall_time_utc"": ""2026-09-06T17:28:28.441162+00:00""}"
2103.500000000,LOCAL_REPLAN,"{""message"": ""Call local replanning..."", ""wall_time_utc"": ""2026-09-06T17:28:35.022170+00:00""}"
2103.500000000,REPLAN_REQUESTED,"{""message"": ""Replanning request. curr_vertex_idx: 82"", ""wall_time_utc"": ""2026-09-06T17:28:35.024182+00:00""}"
2109.100000000,LOCAL_REPLAN,"{""message"": ""Call local replanning..."", ""wall_time_utc"": ""2026-09-06T17:28:40.563028+00:00""}"
2109.100000000,REPLAN_REQUESTED,"{""message"": ""Replanning request. curr_vertex_idx: 82"", ""wall_time_utc"": ""2026-09-06T17:28:40.564899+00:00""}"
2115.300000000,LOCAL_REPLAN,"{""message"": ""Call local replanning..."", ""wall_time_utc"": ""2026-09-06T17:28:46.731572+00:00""}"
2115.300000000,REPLAN_REQUESTED,"{""message"": ""Replanning request. curr_vertex_idx: 82"", ""wall_time_utc"": ""2026-09-06T17:28:46.733681+00:00""}"
2121.100000000,LOCAL_REPLAN,"{""message"": ""Call local replanning..."", ""wall_time_utc"": ""2026-09-06T17:28:52.552971+00:00""}"
2121.100000000,REPLAN_REQUESTED,"{""message"": ""Replanning request. curr_vertex_idx: 82"", ""wall_time_utc"": ""2026-09-06T17:28:52.555266+00:00""}"
2124.500000000,KARTO_LOOP_ACCEPTED,"{""chain_end"": 1014, ""chain_start"": 1006, ""current_scan"": 1537, ""loop_count"": 12, ""received_ros_time"": 2124.5, ""received_wall_time_utc"": ""2026-09-06T17:28:56.012944+00:00"", ""seq"": 12, ""stamp"": 2124.5, ""wall_time_utc"": ""2026-09-06T17:28:56.012966+00:00""}"
2124.500000000,KARTO_LOOP_CONSTRAINT,"{""message"": ""Add one Loop closure. 12 loops have been added."", ""wall_time_utc"": ""2026-09-06T17:28:56.013223+00:00""}"
2127.100000000,LOCAL_REPLAN,"{""message"": ""Call local replanning..."", ""wall_time_utc"": ""2026-09-06T17:28:58.561354+00:00""}"
2127.100000000,REPLAN_REQUESTED,"{""message"": ""Replanning request. curr_vertex_idx: 82"", ""wall_time_utc"": ""2026-09-06T17:28:58.563252+00:00""}"
2133.100000000,LOCAL_REPLAN,"{""message"": ""Call local replanning..."", ""wall_time_utc"": ""2026-09-06T17:29:04.567573+00:00""}"
2133.100000000,REPLAN_REQUESTED,"{""message"": ""Replanning request. curr_vertex_idx: 82"", ""wall_time_utc"": ""2026-09-06T17:29:04.569317+00:00""}"
2139.000000000,LOCAL_REPLAN,"{""message"": ""Call local replanning..."", ""wall_time_utc"": ""2026-09-06T17:29:10.438158+00:00""}"
2139.000000000,REPLAN_REQUESTED,"{""message"": ""Replanning request. curr_vertex_idx: 82"", ""wall_time_utc"": ""2026-09-06T17:29:10.439630+00:00""}"
2145.100000000,LOCAL_REPLAN,"{""message"": ""Call local replanning..."", ""wall_time_utc"": ""2026-09-06T17:29:16.572353+00:00""}"
2145.100000000,REPLAN_REQUESTED,"{""message"": ""Replanning request. curr_vertex_idx: 82"", ""wall_time_utc"": ""2026-09-06T17:29:16.574272+00:00""}"
2146.100000000,KARTO_LOOP_CONSTRAINT,"{""message"": ""Add one Loop closure. 13 loops have been added."", ""wall_time_utc"": ""2026-09-06T17:29:17.618486+00:00""}"
2146.100000000,KARTO_LOOP_ACCEPTED,"{""chain_end"": 364, ""chain_start"": 361, ""current_scan"": 1552, ""loop_count"": 13, ""received_ros_time"": 2146.1, ""received_wall_time_utc"": ""2026-09-06T17:29:17.618775+00:00"", ""seq"": 13, ""stamp"": 2146.1, ""wall_time_utc"": ""2026-09-06T17:29:17.618791+00:00""}"
2151.300000000,LOCAL_REPLAN,"{""message"": ""Call local replanning..."", ""wall_time_utc"": ""2026-09-06T17:29:22.770765+00:00""}"
2151.300000000,REPLAN_REQUESTED,"{""message"": ""Replanning request. curr_vertex_idx: 82"", ""wall_time_utc"": ""2026-09-06T17:29:22.772629+00:00""}"
2157.000000000,LOCAL_REPLAN,"{""message"": ""Call local replanning..."", ""wall_time_utc"": ""2026-09-06T17:29:28.428163+00:00""}"
2157.000000000,REPLAN_REQUESTED,"{""message"": ""Replanning request. curr_vertex_idx: 82"", ""wall_time_utc"": ""2026-09-06T17:29:28.430067+00:00""}"
2163.200000000,LOCAL_REPLAN,"{""message"": ""Call local replanning..."", ""wall_time_utc"": ""2026-09-06T17:29:34.656338+00:00""}"
2163.200000000,REPLAN_REQUESTED,"{""message"": ""Replanning request. curr_vertex_idx: 82"", ""wall_time_utc"": ""2026-09-06T17:29:34.658347+00:00""}"
2168.800000000,LOCAL_REPLAN,"{""message"": ""Call local replanning..."", ""wall_time_utc"": ""2026-09-06T17:29:40.266502+00:00""}"
2168.800000000,REPLAN_REQUESTED,"{""message"": ""Replanning request. curr_vertex_idx: 82"", ""wall_time_utc"": ""2026-09-06T17:29:40.268268+00:00""}"
2175.000000000,LOCAL_REPLAN,"{""message"": ""Call local replanning..."", ""wall_time_utc"": ""2026-09-06T17:29:46.436994+00:00""}"
2175.000000000,REPLAN_REQUESTED,"{""message"": ""Replanning request. curr_vertex_idx: 82"", ""wall_time_utc"": ""2026-09-06T17:29:46.439229+00:00""}"
2181.000000000,LOCAL_REPLAN,"{""message"": ""Call local replanning..."", ""wall_time_utc"": ""2026-09-06T17:29:52.424398+00:00""}"
2181.000000000,REPLAN_REQUESTED,"{""message"": ""Replanning request. curr_vertex_idx: 82"", ""wall_time_utc"": ""2026-09-06T17:29:52.426366+00:00""}"
2187.200000000,LOCAL_REPLAN,"{""message"": ""Call local replanning..."", ""wall_time_utc"": ""2026-09-06T17:29:58.724040+00:00""}"
2187.300000000,REPLAN_REQUESTED,"{""message"": ""Replanning request. curr_vertex_idx: 82"", ""wall_time_utc"": ""2026-09-06T17:29:58.726084+00:00""}"
2193.200000000,LOCAL_REPLAN,"{""message"": ""Call local replanning..."", ""wall_time_utc"": ""2026-09-06T17:30:04.630019+00:00""}"
2193.200000000,REPLAN_REQUESTED,"{""message"": ""Replanning request. curr_vertex_idx: 82"", ""wall_time_utc"": ""2026-09-06T17:30:04.631792+00:00""}"
2199.400000000,LOCAL_REPLAN,"{""message"": ""Call local replanning..."", ""wall_time_utc"": ""2026-09-06T17:30:10.855974+00:00""}"
2199.400000000,REPLAN_REQUESTED,"{""message"": ""Replanning request. curr_vertex_idx: 82"", ""wall_time_utc"": ""2026-09-06T17:30:10.858139+00:00""}"
2204.700000000,LOCAL_REPLAN,"{""message"": ""Call local replanning..."", ""wall_time_utc"": ""2026-09-06T17:30:16.176510+00:00""}"
2204.700000000,REPLAN_REQUESTED,"{""message"": ""Replanning request. curr_vertex_idx: 82"", ""wall_time_utc"": ""2026-09-06T17:30:16.178212+00:00""}"
2211.100000000,LOCAL_REPLAN,"{""message"": ""Call local replanning..."", ""wall_time_utc"": ""2026-09-06T17:30:22.586001+00:00""}"
2211.100000000,REPLAN_REQUESTED,"{""message"": ""Replanning request. curr_vertex_idx: 82"", ""wall_time_utc"": ""2026-09-06T17:30:22.588092+00:00""}"
2217.100000000,LOCAL_REPLAN,"{""message"": ""Call local replanning..."", ""wall_time_utc"": ""2026-09-06T17:30:28.619829+00:00""}"
2217.100000000,REPLAN_REQUESTED,"{""message"": ""Replanning request. curr_vertex_idx: 82"", ""wall_time_utc"": ""2026-09-06T17:30:28.621745+00:00""}"
2222.800000000,LOCAL_REPLAN,"{""message"": ""Call local replanning..."", ""wall_time_utc"": ""2026-09-06T17:30:34.308085+00:00""}"
2222.800000000,REPLAN_REQUESTED,"{""message"": ""Replanning request. curr_vertex_idx: 82"", ""wall_time_utc"": ""2026-09-06T17:30:34.310045+00:00""}"
2227.100000000,LOCAL_REPLAN,"{""message"": ""Call local replanning..."", ""wall_time_utc"": ""2026-09-06T17:30:38.577811+00:00""}"
2227.100000000,REPLAN_REQUESTED,"{""message"": ""Replanning request. curr_vertex_idx: 82"", ""wall_time_utc"": ""2026-09-06T17:30:38.579651+00:00""}"
2227.100000000,GOAL_REACHED,"{""vertex"": 11, ""wall_time_utc"": ""2026-09-06T17:30:38.583184+00:00""}"
2227.100000000,NO_FRONTIER,"{""message"": ""No frontier at vertex 11. #Frontier: 0"", ""wall_time_utc"": ""2026-09-06T17:30:38.583245+00:00""}"
2227.100000000,REPEATED_VISIT_SKIP,"{""message"": ""Skip repeated visit to vertex 25"", ""wall_time_utc"": ""2026-09-06T17:30:38.583282+00:00""}"
2227.100000000,REPEATED_VISIT_SKIP,"{""message"": ""Skip repeated visit to vertex 39"", ""wall_time_utc"": ""2026-09-06T17:30:38.583313+00:00""}"
2227.100000000,REPEATED_VISIT_SKIP,"{""message"": ""Skip repeated visit to vertex 43"", ""wall_time_utc"": ""2026-09-06T17:30:38.583345+00:00""}"
2227.100000000,REPEATED_VISIT_SKIP,"{""message"": ""Skip repeated visit to vertex 35"", ""wall_time_utc"": ""2026-09-06T17:30:38.583372+00:00""}"
2227.100000000,REPEATED_VISIT_SKIP,"{""message"": ""Skip repeated visit to vertex 150"", ""wall_time_utc"": ""2026-09-06T17:30:38.583399+00:00""}"
2227.100000000,REPEATED_VISIT_SKIP,"{""message"": ""Skip repeated visit to vertex 35"", ""wall_time_utc"": ""2026-09-06T17:30:38.583426+00:00""}"
2232.900000000,LOCAL_REPLAN,"{""message"": ""Call local replanning..."", ""wall_time_utc"": ""2026-09-06T17:30:44.423404+00:00""}"
2233.000000000,REPLAN_REQUESTED,"{""message"": ""Replanning request. curr_vertex_idx: 89"", ""wall_time_utc"": ""2026-09-06T17:30:44.425121+00:00""}"
2239.100000000,LOCAL_REPLAN,"{""message"": ""Call local replanning..."", ""wall_time_utc"": ""2026-09-06T17:30:50.565352+00:00""}"
2239.100000000,REPLAN_REQUESTED,"{""message"": ""Replanning request. curr_vertex_idx: 89"", ""wall_time_utc"": ""2026-09-06T17:30:50.567192+00:00""}"
2245.100000000,LOCAL_REPLAN,"{""message"": ""Call local replanning..."", ""wall_time_utc"": ""2026-09-06T17:30:56.593117+00:00""}"
2245.100000000,REPLAN_REQUESTED,"{""message"": ""Replanning request. curr_vertex_idx: 89"", ""wall_time_utc"": ""2026-09-06T17:30:56.595054+00:00""}"
2251.400000000,LOCAL_REPLAN,"{""message"": ""Call local replanning..."", ""wall_time_utc"": ""2026-09-06T17:31:02.878887+00:00""}"
2251.400000000,REPLAN_REQUESTED,"{""message"": ""Replanning request. curr_vertex_idx: 89"", ""wall_time_utc"": ""2026-09-06T17:31:02.880628+00:00""}"
2252.800000000,KARTO_LOOP_CONSTRAINT,"{""message"": ""Add one Loop closure. 14 loops have been added."", ""wall_time_utc"": ""2026-09-06T17:31:04.321847+00:00""}"
2252.800000000,KARTO_LOOP_ACCEPTED,"{""chain_end"": 455, ""chain_start"": 448, ""current_scan"": 1637, ""loop_count"": 14, ""received_ros_time"": 2252.8, ""received_wall_time_utc"": ""2026-09-06T17:31:04.322015+00:00"", ""seq"": 14, ""stamp"": 2252.8, ""wall_time_utc"": ""2026-09-06T17:31:04.322026+00:00""}"
2257.100000000,LOCAL_REPLAN,"{""message"": ""Call local replanning..."", ""wall_time_utc"": ""2026-09-06T17:31:08.571566+00:00""}"
2257.100000000,REPLAN_REQUESTED,"{""message"": ""Replanning request. curr_vertex_idx: 89"", ""wall_time_utc"": ""2026-09-06T17:31:08.573184+00:00""}"
2262.900000000,LOCAL_REPLAN,"{""message"": ""Call local replanning..."", ""wall_time_utc"": ""2026-09-06T17:31:14.350627+00:00""}"
2262.900000000,REPLAN_REQUESTED,"{""message"": ""Replanning request. curr_vertex_idx: 89"", ""wall_time_utc"": ""2026-09-06T17:31:14.352489+00:00""}"
2269.100000000,LOCAL_REPLAN,"{""message"": ""Call local replanning..."", ""wall_time_utc"": ""2026-09-06T17:31:20.589973+00:00""}"
2269.100000000,REPLAN_REQUESTED,"{""message"": ""Replanning request. curr_vertex_idx: 89"", ""wall_time_utc"": ""2026-09-06T17:31:20.591338+00:00""}"
2275.100000000,LOCAL_REPLAN,"{""message"": ""Call local replanning..."", ""wall_time_utc"": ""2026-09-06T17:31:26.581516+00:00""}"
2275.100000000,REPLAN_REQUESTED,"{""message"": ""Replanning request. curr_vertex_idx: 89"", ""wall_time_utc"": ""2026-09-06T17:31:26.583503+00:00""}"
2281.300000000,LOCAL_REPLAN,"{""message"": ""Call local replanning..."", ""wall_time_utc"": ""2026-09-06T17:31:32.737220+00:00""}"
2281.300000000,REPLAN_REQUESTED,"{""message"": ""Replanning request. curr_vertex_idx: 89"", ""wall_time_utc"": ""2026-09-06T17:31:32.739145+00:00""}"
2287.100000000,LOCAL_REPLAN,"{""message"": ""Call local replanning..."", ""wall_time_utc"": ""2026-09-06T17:31:38.555551+00:00""}"
2287.100000000,REPLAN_REQUESTED,"{""message"": ""Replanning request. curr_vertex_idx: 89"", ""wall_time_utc"": ""2026-09-06T17:31:38.557295+00:00""}"
2293.200000000,LOCAL_REPLAN,"{""message"": ""Call local replanning..."", ""wall_time_utc"": ""2026-09-06T17:31:44.694225+00:00""}"
2293.200000000,REPLAN_REQUESTED,"{""message"": ""Replanning request. curr_vertex_idx: 89"", ""wall_time_utc"": ""2026-09-06T17:31:44.696317+00:00""}"
2299.200000000,LOCAL_REPLAN,"{""message"": ""Call local replanning..."", ""wall_time_utc"": ""2026-09-06T17:31:50.643916+00:00""}"
2299.200000000,REPLAN_REQUESTED,"{""message"": ""Replanning request. curr_vertex_idx: 89"", ""wall_time_utc"": ""2026-09-06T17:31:50.645595+00:00""}"
2305.300000000,LOCAL_REPLAN,"{""message"": ""Call local replanning..."", ""wall_time_utc"": ""2026-09-06T17:31:56.747283+00:00""}"
2305.300000000,REPLAN_REQUESTED,"{""message"": ""Replanning request. curr_vertex_idx: 89"", ""wall_time_utc"": ""2026-09-06T17:31:56.749313+00:00""}"
2311.100000000,LOCAL_REPLAN,"{""message"": ""Call local replanning..."", ""wall_time_utc"": ""2026-09-06T17:32:02.552363+00:00""}"
2311.100000000,REPLAN_REQUESTED,"{""message"": ""Replanning request. curr_vertex_idx: 89"", ""wall_time_utc"": ""2026-09-06T17:32:02.554080+00:00""}"
2317.400000000,LOCAL_REPLAN,"{""message"": ""Call local replanning..."", ""wall_time_utc"": ""2026-09-06T17:32:08.915447+00:00""}"
2317.400000000,REPLAN_REQUESTED,"{""message"": ""Replanning request. curr_vertex_idx: 89"", ""wall_time_utc"": ""2026-09-06T17:32:08.916935+00:00""}"
2321.400000000,KARTO_LOOP_CONSTRAINT,"{""message"": ""Add one Loop closure. 15 loops have been added."", ""wall_time_utc"": ""2026-09-06T17:32:12.885154+00:00""}"
2321.400000000,KARTO_LOOP_ACCEPTED,"{""chain_end"": 1224, ""chain_start"": 1216, ""current_scan"": 1672, ""loop_count"": 15, ""received_ros_time"": 2321.4, ""received_wall_time_utc"": ""2026-09-06T17:32:12.885320+00:00"", ""seq"": 15, ""stamp"": 2321.4, ""wall_time_utc"": ""2026-09-06T17:32:12.885331+00:00""}"
2323.100000000,LOCAL_REPLAN,"{""message"": ""Call local replanning..."", ""wall_time_utc"": ""2026-09-06T17:32:14.586174+00:00""}"
2323.100000000,REPLAN_REQUESTED,"{""message"": ""Replanning request. curr_vertex_idx: 89"", ""wall_time_utc"": ""2026-09-06T17:32:14.588020+00:00""}"
2329.100000000,LOCAL_REPLAN,"{""message"": ""Call local replanning..."", ""wall_time_utc"": ""2026-09-06T17:32:20.589805+00:00""}"
2329.100000000,REPLAN_REQUESTED,"{""message"": ""Replanning request. curr_vertex_idx: 89"", ""wall_time_utc"": ""2026-09-06T17:32:20.591716+00:00""}"
2335.100000000,LOCAL_REPLAN,"{""message"": ""Call local replanning..."", ""wall_time_utc"": ""2026-09-06T17:32:26.580686+00:00""}"
2335.100000000,REPLAN_REQUESTED,"{""message"": ""Replanning request. curr_vertex_idx: 89"", ""wall_time_utc"": ""2026-09-06T17:32:26.582414+00:00""}"
2341.000000000,LOCAL_REPLAN,"{""message"": ""Call local replanning..."", ""wall_time_utc"": ""2026-09-06T17:32:32.485034+00:00""}"
2341.000000000,REPLAN_REQUESTED,"{""message"": ""Replanning request. curr_vertex_idx: 89"", ""wall_time_utc"": ""2026-09-06T17:32:32.487157+00:00""}"
2347.000000000,LOCAL_REPLAN,"{""message"": ""Call local replanning..."", ""wall_time_utc"": ""2026-09-06T17:32:38.441168+00:00""}"
2347.000000000,REPLAN_REQUESTED,"{""message"": ""Replanning request. curr_vertex_idx: 89"", ""wall_time_utc"": ""2026-09-06T17:32:38.443088+00:00""}"
2353.000000000,LOCAL_REPLAN,"{""message"": ""Call local replanning..."", ""wall_time_utc"": ""2026-09-06T17:32:44.507227+00:00""}"
2353.000000000,REPLAN_REQUESTED,"{""message"": ""Replanning request. curr_vertex_idx: 89"", ""wall_time_utc"": ""2026-09-06T17:32:44.509182+00:00""}"
2359.300000000,LOCAL_REPLAN,"{""message"": ""Call local replanning..."", ""wall_time_utc"": ""2026-09-06T17:32:50.763192+00:00""}"
2359.300000000,REPLAN_REQUESTED,"{""message"": ""Replanning request. curr_vertex_idx: 89"", ""wall_time_utc"": ""2026-09-06T17:32:50.765080+00:00""}"
2365.200000000,LOCAL_REPLAN,"{""message"": ""Call local replanning..."", ""wall_time_utc"": ""2026-09-06T17:32:56.716300+00:00""}"
2365.200000000,REPLAN_REQUESTED,"{""message"": ""Replanning request. curr_vertex_idx: 89"", ""wall_time_utc"": ""2026-09-06T17:32:56.718288+00:00""}"
2371.100000000,LOCAL_REPLAN,"{""message"": ""Call local replanning..."", ""wall_time_utc"": ""2026-09-06T17:33:02.598414+00:00""}"
2371.100000000,REPLAN_REQUESTED,"{""message"": ""Replanning request. curr_vertex_idx: 89"", ""wall_time_utc"": ""2026-09-06T17:33:02.600482+00:00""}"
2377.000000000,LOCAL_REPLAN,"{""message"": ""Call local replanning..."", ""wall_time_utc"": ""2026-09-06T17:33:08.432337+00:00""}"
2377.000000000,REPLAN_REQUESTED,"{""message"": ""Replanning request. curr_vertex_idx: 89"", ""wall_time_utc"": ""2026-09-06T17:33:08.434382+00:00""}"
2383.400000000,LOCAL_REPLAN,"{""message"": ""Call local replanning..."", ""wall_time_utc"": ""2026-09-06T17:33:14.923273+00:00""}"
2383.500000000,REPLAN_REQUESTED,"{""message"": ""Replanning request. curr_vertex_idx: 89"", ""wall_time_utc"": ""2026-09-06T17:33:14.924966+00:00""}"
2385.400000000,LOCAL_REPLAN,"{""message"": ""Call local replanning..."", ""wall_time_utc"": ""2026-09-06T17:33:16.923552+00:00""}"
2385.500000000,REPLAN_REQUESTED,"{""message"": ""Replanning request. curr_vertex_idx: 89"", ""wall_time_utc"": ""2026-09-06T17:33:16.925198+00:00""}"
2391.300000000,LOCAL_REPLAN,"{""message"": ""Call local replanning..."", ""wall_time_utc"": ""2026-09-06T17:33:22.757030+00:00""}"
2391.300000000,REPLAN_REQUESTED,"{""message"": ""Replanning request. curr_vertex_idx: 89"", ""wall_time_utc"": ""2026-09-06T17:33:22.759057+00:00""}"
2397.300000000,LOCAL_REPLAN,"{""message"": ""Call local replanning..."", ""wall_time_utc"": ""2026-09-06T17:33:28.762239+00:00""}"
2397.300000000,REPLAN_REQUESTED,"{""message"": ""Replanning request. curr_vertex_idx: 89"", ""wall_time_utc"": ""2026-09-06T17:33:28.763725+00:00""}"
2403.000000000,LOCAL_REPLAN,"{""message"": ""Call local replanning..."", ""wall_time_utc"": ""2026-09-06T17:33:34.498215+00:00""}"
2403.000000000,REPLAN_REQUESTED,"{""message"": ""Replanning request. curr_vertex_idx: 89"", ""wall_time_utc"": ""2026-09-06T17:33:34.500484+00:00""}"
2407.300000000,LOCAL_REPLAN,"{""message"": ""Call local replanning..."", ""wall_time_utc"": ""2026-09-06T17:33:38.770333+00:00""}"
2407.300000000,REPLAN_REQUESTED,"{""message"": ""Replanning request. curr_vertex_idx: 89"", ""wall_time_utc"": ""2026-09-06T17:33:38.772218+00:00""}"
2409.600000000,LOCAL_REPLAN,"{""message"": ""Call local replanning..."", ""wall_time_utc"": ""2026-09-06T17:33:41.092812+00:00""}"
2409.600000000,REPLAN_REQUESTED,"{""message"": ""Replanning request. curr_vertex_idx: 89"", ""wall_time_utc"": ""2026-09-06T17:33:41.094783+00:00""}"
2415.100000000,LOCAL_REPLAN,"{""message"": ""Call local replanning..."", ""wall_time_utc"": ""2026-09-06T17:33:46.598633+00:00""}"
2415.100000000,REPLAN_REQUESTED,"{""message"": ""Replanning request. curr_vertex_idx: 89"", ""wall_time_utc"": ""2026-09-06T17:33:46.600499+00:00""}"
2421.000000000,LOCAL_REPLAN,"{""message"": ""Call local replanning..."", ""wall_time_utc"": ""2026-09-06T17:33:52.499323+00:00""}"
2421.000000000,REPLAN_REQUESTED,"{""message"": ""Replanning request. curr_vertex_idx: 89"", ""wall_time_utc"": ""2026-09-06T17:33:52.501098+00:00""}"
2426.800000000,LOCAL_REPLAN,"{""message"": ""Call local replanning..."", ""wall_time_utc"": ""2026-09-06T17:33:58.265090+00:00""}"
2426.800000000,REPLAN_REQUESTED,"{""message"": ""Replanning request. curr_vertex_idx: 89"", ""wall_time_utc"": ""2026-09-06T17:33:58.266859+00:00""}"
2433.700000000,LOCAL_REPLAN,"{""message"": ""Call local replanning..."", ""wall_time_utc"": ""2026-09-06T17:34:05.142236+00:00""}"
2433.700000000,REPLAN_REQUESTED,"{""message"": ""Replanning request. curr_vertex_idx: 89"", ""wall_time_utc"": ""2026-09-06T17:34:05.143950+00:00""}"
2439.100000000,LOCAL_REPLAN,"{""message"": ""Call local replanning..."", ""wall_time_utc"": ""2026-09-06T17:34:10.601873+00:00""}"
2439.100000000,REPLAN_REQUESTED,"{""message"": ""Replanning request. curr_vertex_idx: 89"", ""wall_time_utc"": ""2026-09-06T17:34:10.604000+00:00""}"
2445.200000000,LOCAL_REPLAN,"{""message"": ""Call local replanning..."", ""wall_time_utc"": ""2026-09-06T17:34:16.649613+00:00""}"
2445.200000000,REPLAN_REQUESTED,"{""message"": ""Replanning request. curr_vertex_idx: 89"", ""wall_time_utc"": ""2026-09-06T17:34:16.651722+00:00""}"
2449.100000000,LOCAL_REPLAN,"{""message"": ""Call local replanning..."", ""wall_time_utc"": ""2026-09-06T17:34:20.620941+00:00""}"
2449.100000000,REPLAN_REQUESTED,"{""message"": ""Replanning request. curr_vertex_idx: 89"", ""wall_time_utc"": ""2026-09-06T17:34:20.623121+00:00""}"
2455.200000000,LOCAL_REPLAN,"{""message"": ""Call local replanning..."", ""wall_time_utc"": ""2026-09-06T17:34:26.669171+00:00""}"
2455.200000000,REPLAN_REQUESTED,"{""message"": ""Replanning request. curr_vertex_idx: 89"", ""wall_time_utc"": ""2026-09-06T17:34:26.670996+00:00""}"
2461.000000000,LOCAL_REPLAN,"{""message"": ""Call local replanning..."", ""wall_time_utc"": ""2026-09-06T17:34:32.506516+00:00""}"
2461.000000000,REPLAN_REQUESTED,"{""message"": ""Replanning request. curr_vertex_idx: 89"", ""wall_time_utc"": ""2026-09-06T17:34:32.508432+00:00""}"
2467.000000000,LOCAL_REPLAN,"{""message"": ""Call local replanning..."", ""wall_time_utc"": ""2026-09-06T17:34:38.518758+00:00""}"
2467.000000000,REPLAN_REQUESTED,"{""message"": ""Replanning request. curr_vertex_idx: 89"", ""wall_time_utc"": ""2026-09-06T17:34:38.520640+00:00""}"
2473.000000000,LOCAL_REPLAN,"{""message"": ""Call local replanning..."", ""wall_time_utc"": ""2026-09-06T17:34:44.445412+00:00""}"
2473.000000000,REPLAN_REQUESTED,"{""message"": ""Replanning request. curr_vertex_idx: 89"", ""wall_time_utc"": ""2026-09-06T17:34:44.446963+00:00""}"
2476.300000000,LOCAL_REPLAN,"{""message"": ""Call local replanning..."", ""wall_time_utc"": ""2026-09-06T17:34:47.817683+00:00""}"
2476.300000000,REPLAN_REQUESTED,"{""message"": ""Replanning request. curr_vertex_idx: 89"", ""wall_time_utc"": ""2026-09-06T17:34:47.819601+00:00""}"
2478.200000000,LOCAL_REPLAN,"{""message"": ""Call local replanning..."", ""wall_time_utc"": ""2026-09-06T17:34:49.631877+00:00""}"
2478.200000000,REPLAN_REQUESTED,"{""message"": ""Replanning request. curr_vertex_idx: 89"", ""wall_time_utc"": ""2026-09-06T17:34:49.633635+00:00""}"
2484.500000000,LOCAL_REPLAN,"{""message"": ""Call local replanning..."", ""wall_time_utc"": ""2026-09-06T17:34:55.989331+00:00""}"
2484.500000000,REPLAN_REQUESTED,"{""message"": ""Replanning request. curr_vertex_idx: 89"", ""wall_time_utc"": ""2026-09-06T17:34:55.991323+00:00""}"
2490.200000000,LOCAL_REPLAN,"{""message"": ""Call local replanning..."", ""wall_time_utc"": ""2026-09-06T17:35:01.652598+00:00""}"
2490.200000000,REPLAN_REQUESTED,"{""message"": ""Replanning request. curr_vertex_idx: 89"", ""wall_time_utc"": ""2026-09-06T17:35:01.654350+00:00""}"
2495.800000000,LOCAL_REPLAN,"{""message"": ""Call local replanning..."", ""wall_time_utc"": ""2026-09-06T17:35:07.269970+00:00""}"
2495.800000000,REPLAN_REQUESTED,"{""message"": ""Replanning request. curr_vertex_idx: 89"", ""wall_time_utc"": ""2026-09-06T17:35:07.272159+00:00""}"
2502.200000000,LOCAL_REPLAN,"{""message"": ""Call local replanning..."", ""wall_time_utc"": ""2026-09-06T17:35:13.638145+00:00""}"
2502.200000000,REPLAN_REQUESTED,"{""message"": ""Replanning request. curr_vertex_idx: 89"", ""wall_time_utc"": ""2026-09-06T17:35:13.639977+00:00""}"
2508.500000000,LOCAL_REPLAN,"{""message"": ""Call local replanning..."", ""wall_time_utc"": ""2026-09-06T17:35:19.979041+00:00""}"
2508.500000000,REPLAN_REQUESTED,"{""message"": ""Replanning request. curr_vertex_idx: 89"", ""wall_time_utc"": ""2026-09-06T17:35:19.980901+00:00""}"
2514.500000000,LOCAL_REPLAN,"{""message"": ""Call local replanning..."", ""wall_time_utc"": ""2026-09-06T17:35:25.995608+00:00""}"
2514.500000000,REPLAN_REQUESTED,"{""message"": ""Replanning request. curr_vertex_idx: 89"", ""wall_time_utc"": ""2026-09-06T17:35:25.997666+00:00""}"
2520.700000000,LOCAL_REPLAN,"{""message"": ""Call local replanning..."", ""wall_time_utc"": ""2026-09-06T17:35:32.172389+00:00""}"
2520.700000000,REPLAN_REQUESTED,"{""message"": ""Replanning request. curr_vertex_idx: 89"", ""wall_time_utc"": ""2026-09-06T17:35:32.174348+00:00""}"
2526.300000000,LOCAL_REPLAN,"{""message"": ""Call local replanning..."", ""wall_time_utc"": ""2026-09-06T17:35:37.807694+00:00""}"
2526.300000000,REPLAN_REQUESTED,"{""message"": ""Replanning request. curr_vertex_idx: 89"", ""wall_time_utc"": ""2026-09-06T17:35:37.809360+00:00""}"
2532.700000000,LOCAL_REPLAN,"{""message"": ""Call local replanning..."", ""wall_time_utc"": ""2026-09-06T17:35:44.177212+00:00""}"
2532.700000000,REPLAN_REQUESTED,"{""message"": ""Replanning request. curr_vertex_idx: 89"", ""wall_time_utc"": ""2026-09-06T17:35:44.178790+00:00""}"
2538.700000000,LOCAL_REPLAN,"{""message"": ""Call local replanning..."", ""wall_time_utc"": ""2026-09-06T17:35:50.203892+00:00""}"
2538.700000000,REPLAN_REQUESTED,"{""message"": ""Replanning request. curr_vertex_idx: 89"", ""wall_time_utc"": ""2026-09-06T17:35:50.205707+00:00""}"
2544.200000000,LOCAL_REPLAN,"{""message"": ""Call local replanning..."", ""wall_time_utc"": ""2026-09-06T17:35:55.675649+00:00""}"
2544.200000000,REPLAN_REQUESTED,"{""message"": ""Replanning request. curr_vertex_idx: 89"", ""wall_time_utc"": ""2026-09-06T17:35:55.677482+00:00""}"
2550.200000000,LOCAL_REPLAN,"{""message"": ""Call local replanning..."", ""wall_time_utc"": ""2026-09-06T17:36:01.639848+00:00""}"
2550.200000000,REPLAN_REQUESTED,"{""message"": ""Replanning request. curr_vertex_idx: 89"", ""wall_time_utc"": ""2026-09-06T17:36:01.641856+00:00""}"
2556.200000000,LOCAL_REPLAN,"{""message"": ""Call local replanning..."", ""wall_time_utc"": ""2026-09-06T17:36:07.651274+00:00""}"
2556.200000000,REPLAN_REQUESTED,"{""message"": ""Replanning request. curr_vertex_idx: 89"", ""wall_time_utc"": ""2026-09-06T17:36:07.652980+00:00""}"
2561.900000000,LOCAL_REPLAN,"{""message"": ""Call local replanning..."", ""wall_time_utc"": ""2026-09-06T17:36:13.326627+00:00""}"
2561.900000000,REPLAN_REQUESTED,"{""message"": ""Replanning request. curr_vertex_idx: 89"", ""wall_time_utc"": ""2026-09-06T17:36:13.327958+00:00""}"
2568.200000000,LOCAL_REPLAN,"{""message"": ""Call local replanning..."", ""wall_time_utc"": ""2026-09-06T17:36:19.652403+00:00""}"
2568.200000000,REPLAN_REQUESTED,"{""message"": ""Replanning request. curr_vertex_idx: 89"", ""wall_time_utc"": ""2026-09-06T17:36:19.654322+00:00""}"
2574.700000000,LOCAL_REPLAN,"{""message"": ""Call local replanning..."", ""wall_time_utc"": ""2026-09-06T17:36:26.190722+00:00""}"
2574.700000000,REPLAN_REQUESTED,"{""message"": ""Replanning request. curr_vertex_idx: 89"", ""wall_time_utc"": ""2026-09-06T17:36:26.192555+00:00""}"
2580.400000000,LOCAL_REPLAN,"{""message"": ""Call local replanning..."", ""wall_time_utc"": ""2026-09-06T17:36:31.850808+00:00""}"
2580.400000000,REPLAN_REQUESTED,"{""message"": ""Replanning request. curr_vertex_idx: 89"", ""wall_time_utc"": ""2026-09-06T17:36:31.852698+00:00""}"
2586.300000000,LOCAL_REPLAN,"{""message"": ""Call local replanning..."", ""wall_time_utc"": ""2026-09-06T17:36:37.813587+00:00""}"
2586.300000000,REPLAN_REQUESTED,"{""message"": ""Replanning request. curr_vertex_idx: 89"", ""wall_time_utc"": ""2026-09-06T17:36:37.815857+00:00""}"
2592.300000000,LOCAL_REPLAN,"{""message"": ""Call local replanning..."", ""wall_time_utc"": ""2026-09-06T17:36:43.766222+00:00""}"
2592.300000000,REPLAN_REQUESTED,"{""message"": ""Replanning request. curr_vertex_idx: 89"", ""wall_time_utc"": ""2026-09-06T17:36:43.768185+00:00""}"
2598.000000000,LOCAL_REPLAN,"{""message"": ""Call local replanning..."", ""wall_time_utc"": ""2026-09-06T17:36:49.438373+00:00""}"
2598.000000000,REPLAN_REQUESTED,"{""message"": ""Replanning request. curr_vertex_idx: 89"", ""wall_time_utc"": ""2026-09-06T17:36:49.439995+00:00""}"
2604.300000000,LOCAL_REPLAN,"{""message"": ""Call local replanning..."", ""wall_time_utc"": ""2026-09-06T17:36:55.819456+00:00""}"
2604.300000000,REPLAN_REQUESTED,"{""message"": ""Replanning request. curr_vertex_idx: 89"", ""wall_time_utc"": ""2026-09-06T17:36:55.821218+00:00""}"
2610.200000000,LOCAL_REPLAN,"{""message"": ""Call local replanning..."", ""wall_time_utc"": ""2026-09-06T17:37:01.723401+00:00""}"
2610.300000000,REPLAN_REQUESTED,"{""message"": ""Replanning request. curr_vertex_idx: 89"", ""wall_time_utc"": ""2026-09-06T17:37:01.725223+00:00""}"
2616.200000000,LOCAL_REPLAN,"{""message"": ""Call local replanning..."", ""wall_time_utc"": ""2026-09-06T17:37:07.662142+00:00""}"
2616.200000000,REPLAN_REQUESTED,"{""message"": ""Replanning request. curr_vertex_idx: 89"", ""wall_time_utc"": ""2026-09-06T17:37:07.664295+00:00""}"
2621.800000000,LOCAL_REPLAN,"{""message"": ""Call local replanning..."", ""wall_time_utc"": ""2026-09-06T17:37:13.265037+00:00""}"
2621.800000000,REPLAN_REQUESTED,"{""message"": ""Replanning request. curr_vertex_idx: 89"", ""wall_time_utc"": ""2026-09-06T17:37:13.267017+00:00""}"
2628.600000000,LOCAL_REPLAN,"{""message"": ""Call local replanning..."", ""wall_time_utc"": ""2026-09-06T17:37:20.036336+00:00""}"
2628.600000000,REPLAN_REQUESTED,"{""message"": ""Replanning request. curr_vertex_idx: 89"", ""wall_time_utc"": ""2026-09-06T17:37:20.037850+00:00""}"
2634.300000000,LOCAL_REPLAN,"{""message"": ""Call local replanning..."", ""wall_time_utc"": ""2026-09-06T17:37:25.809303+00:00""}"
2634.300000000,REPLAN_REQUESTED,"{""message"": ""Replanning request. curr_vertex_idx: 89"", ""wall_time_utc"": ""2026-09-06T17:37:25.811335+00:00""}"
2639.900000000,LOCAL_REPLAN,"{""message"": ""Call local replanning..."", ""wall_time_utc"": ""2026-09-06T17:37:31.396266+00:00""}"
2639.900000000,REPLAN_REQUESTED,"{""message"": ""Replanning request. curr_vertex_idx: 89"", ""wall_time_utc"": ""2026-09-06T17:37:31.398353+00:00""}"
2644.600000000,LOCAL_REPLAN,"{""message"": ""Call local replanning..."", ""wall_time_utc"": ""2026-09-06T17:37:36.038440+00:00""}"
2644.600000000,REPLAN_REQUESTED,"{""message"": ""Replanning request. curr_vertex_idx: 89"", ""wall_time_utc"": ""2026-09-06T17:37:36.040478+00:00""}"
2650.500000000,LOCAL_REPLAN,"{""message"": ""Call local replanning..."", ""wall_time_utc"": ""2026-09-06T17:37:42.004254+00:00""}"
2650.500000000,REPLAN_REQUESTED,"{""message"": ""Replanning request. curr_vertex_idx: 89"", ""wall_time_utc"": ""2026-09-06T17:37:42.006132+00:00""}"
2656.500000000,LOCAL_REPLAN,"{""message"": ""Call local replanning..."", ""wall_time_utc"": ""2026-09-06T17:37:48.000669+00:00""}"
2656.500000000,REPLAN_REQUESTED,"{""message"": ""Replanning request. curr_vertex_idx: 89"", ""wall_time_utc"": ""2026-09-06T17:37:48.002710+00:00""}"
2662.100000000,LOCAL_REPLAN,"{""message"": ""Call local replanning..."", ""wall_time_utc"": ""2026-09-06T17:37:53.574074+00:00""}"
2662.100000000,REPLAN_REQUESTED,"{""message"": ""Replanning request. curr_vertex_idx: 89"", ""wall_time_utc"": ""2026-09-06T17:37:53.575799+00:00""}"
2668.800000000,LOCAL_REPLAN,"{""message"": ""Call local replanning..."", ""wall_time_utc"": ""2026-09-06T17:38:00.239086+00:00""}"
2668.800000000,REPLAN_REQUESTED,"{""message"": ""Replanning request. curr_vertex_idx: 89"", ""wall_time_utc"": ""2026-09-06T17:38:00.240883+00:00""}"
2674.200000000,LOCAL_REPLAN,"{""message"": ""Call local replanning..."", ""wall_time_utc"": ""2026-09-06T17:38:05.644139+00:00""}"
2674.200000000,REPLAN_REQUESTED,"{""message"": ""Replanning request. curr_vertex_idx: 89"", ""wall_time_utc"": ""2026-09-06T17:38:05.645955+00:00""}"
2680.600000000,LOCAL_REPLAN,"{""message"": ""Call local replanning..."", ""wall_time_utc"": ""2026-09-06T17:38:12.035318+00:00""}"
2680.600000000,REPLAN_REQUESTED,"{""message"": ""Replanning request. curr_vertex_idx: 89"", ""wall_time_utc"": ""2026-09-06T17:38:12.037338+00:00""}"
2686.100000000,LOCAL_REPLAN,"{""message"": ""Call local replanning..."", ""wall_time_utc"": ""2026-09-06T17:38:17.606097+00:00""}"
2686.100000000,REPLAN_REQUESTED,"{""message"": ""Replanning request. curr_vertex_idx: 89"", ""wall_time_utc"": ""2026-09-06T17:38:17.608157+00:00""}"
2692.400000000,LOCAL_REPLAN,"{""message"": ""Call local replanning..."", ""wall_time_utc"": ""2026-09-06T17:38:23.843256+00:00""}"
2692.400000000,REPLAN_REQUESTED,"{""message"": ""Replanning request. curr_vertex_idx: 89"", ""wall_time_utc"": ""2026-09-06T17:38:23.845007+00:00""}"
2698.700000000,LOCAL_REPLAN,"{""message"": ""Call local replanning..."", ""wall_time_utc"": ""2026-09-06T17:38:30.160597+00:00""}"
2698.700000000,REPLAN_REQUESTED,"{""message"": ""Replanning request. curr_vertex_idx: 89"", ""wall_time_utc"": ""2026-09-06T17:38:30.162311+00:00""}"
2704.600000000,LOCAL_REPLAN,"{""message"": ""Call local replanning..."", ""wall_time_utc"": ""2026-09-06T17:38:36.052411+00:00""}"
2704.600000000,REPLAN_REQUESTED,"{""message"": ""Replanning request. curr_vertex_idx: 89"", ""wall_time_utc"": ""2026-09-06T17:38:36.054425+00:00""}"
2710.200000000,LOCAL_REPLAN,"{""message"": ""Call local replanning..."", ""wall_time_utc"": ""2026-09-06T17:38:41.711320+00:00""}"
2710.200000000,REPLAN_REQUESTED,"{""message"": ""Replanning request. curr_vertex_idx: 89"", ""wall_time_utc"": ""2026-09-06T17:38:41.713339+00:00""}"
2716.500000000,LOCAL_REPLAN,"{""message"": ""Call local replanning..."", ""wall_time_utc"": ""2026-09-06T17:38:48.002858+00:00""}"
2716.500000000,REPLAN_REQUESTED,"{""message"": ""Replanning request. curr_vertex_idx: 89"", ""wall_time_utc"": ""2026-09-06T17:38:48.004619+00:00""}"
2721.800000000,LOCAL_REPLAN,"{""message"": ""Call local replanning..."", ""wall_time_utc"": ""2026-09-06T17:38:53.259731+00:00""}"
2721.800000000,REPLAN_REQUESTED,"{""message"": ""Replanning request. curr_vertex_idx: 89"", ""wall_time_utc"": ""2026-09-06T17:38:53.261885+00:00""}"
2728.100000000,LOCAL_REPLAN,"{""message"": ""Call local replanning..."", ""wall_time_utc"": ""2026-09-06T17:38:59.592571+00:00""}"
2728.100000000,REPLAN_REQUESTED,"{""message"": ""Replanning request. curr_vertex_idx: 89"", ""wall_time_utc"": ""2026-09-06T17:38:59.594756+00:00""}"
2729.800000000,LOCAL_REPLAN,"{""message"": ""Call local replanning..."", ""wall_time_utc"": ""2026-09-06T17:39:01.287148+00:00""}"
2729.800000000,REPLAN_REQUESTED,"{""message"": ""Replanning request. curr_vertex_idx: 89"", ""wall_time_utc"": ""2026-09-06T17:39:01.289299+00:00""}"
2732.200000000,LOCAL_REPLAN,"{""message"": ""Call local replanning..."", ""wall_time_utc"": ""2026-09-06T17:39:03.711314+00:00""}"
2732.200000000,REPLAN_REQUESTED,"{""message"": ""Replanning request. curr_vertex_idx: 89"", ""wall_time_utc"": ""2026-09-06T17:39:03.713489+00:00""}"
2734.500000000,LOCAL_REPLAN,"{""message"": ""Call local replanning..."", ""wall_time_utc"": ""2026-09-06T17:39:06.018523+00:00""}"
2734.500000000,REPLAN_REQUESTED,"{""message"": ""Replanning request. curr_vertex_idx: 89"", ""wall_time_utc"": ""2026-09-06T17:39:06.020556+00:00""}"
2735.800000000,LOCAL_REPLAN,"{""message"": ""Call local replanning..."", ""wall_time_utc"": ""2026-09-06T17:39:07.273926+00:00""}"
2735.800000000,REPLAN_REQUESTED,"{""message"": ""Replanning request. curr_vertex_idx: 89"", ""wall_time_utc"": ""2026-09-06T17:39:07.275778+00:00""}"
2738.400000000,LOCAL_REPLAN,"{""message"": ""Call local replanning..."", ""wall_time_utc"": ""2026-09-06T17:39:09.844283+00:00""}"
2738.400000000,REPLAN_REQUESTED,"{""message"": ""Replanning request. curr_vertex_idx: 89"", ""wall_time_utc"": ""2026-09-06T17:39:09.846003+00:00""}"
2740.000000000,LOCAL_REPLAN,"{""message"": ""Call local replanning..."", ""wall_time_utc"": ""2026-09-06T17:39:11.444581+00:00""}"
2740.000000000,REPLAN_REQUESTED,"{""message"": ""Replanning request. curr_vertex_idx: 89"", ""wall_time_utc"": ""2026-09-06T17:39:11.446534+00:00""}"
2742.200000000,LOCAL_REPLAN,"{""message"": ""Call local replanning..."", ""wall_time_utc"": ""2026-09-06T17:39:13.667223+00:00""}"
2742.200000000,REPLAN_REQUESTED,"{""message"": ""Replanning request. curr_vertex_idx: 89"", ""wall_time_utc"": ""2026-09-06T17:39:13.669247+00:00""}"
2744.600000000,LOCAL_REPLAN,"{""message"": ""Call local replanning..."", ""wall_time_utc"": ""2026-09-06T17:39:16.044137+00:00""}"
2744.600000000,REPLAN_REQUESTED,"{""message"": ""Replanning request. curr_vertex_idx: 89"", ""wall_time_utc"": ""2026-09-06T17:39:16.045907+00:00""}"
2746.200000000,LOCAL_REPLAN,"{""message"": ""Call local replanning..."", ""wall_time_utc"": ""2026-09-06T17:39:17.671135+00:00""}"
2746.200000000,REPLAN_REQUESTED,"{""message"": ""Replanning request. curr_vertex_idx: 89"", ""wall_time_utc"": ""2026-09-06T17:39:17.672977+00:00""}"
2748.700000000,LOCAL_REPLAN,"{""message"": ""Call local replanning..."", ""wall_time_utc"": ""2026-09-06T17:39:20.221729+00:00""}"
2748.700000000,REPLAN_REQUESTED,"{""message"": ""Replanning request. curr_vertex_idx: 89"", ""wall_time_utc"": ""2026-09-06T17:39:20.223960+00:00""}"
2750.200000000,LOCAL_REPLAN,"{""message"": ""Call local replanning..."", ""wall_time_utc"": ""2026-09-06T17:39:21.684185+00:00""}"
2750.200000000,REPLAN_REQUESTED,"{""message"": ""Replanning request. curr_vertex_idx: 89"", ""wall_time_utc"": ""2026-09-06T17:39:21.686152+00:00""}"
2751.800000000,LOCAL_REPLAN,"{""message"": ""Call local replanning..."", ""wall_time_utc"": ""2026-09-06T17:39:23.278737+00:00""}"
2751.800000000,REPLAN_REQUESTED,"{""message"": ""Replanning request. curr_vertex_idx: 89"", ""wall_time_utc"": ""2026-09-06T17:39:23.280341+00:00""}"
2754.200000000,LOCAL_REPLAN,"{""message"": ""Call local replanning..."", ""wall_time_utc"": ""2026-09-06T17:39:25.675411+00:00""}"
2754.200000000,REPLAN_REQUESTED,"{""message"": ""Replanning request. curr_vertex_idx: 89"", ""wall_time_utc"": ""2026-09-06T17:39:25.677372+00:00""}"
2756.200000000,LOCAL_REPLAN,"{""message"": ""Call local replanning..."", ""wall_time_utc"": ""2026-09-06T17:39:27.684120+00:00""}"
2756.200000000,REPLAN_REQUESTED,"{""message"": ""Replanning request. curr_vertex_idx: 89"", ""wall_time_utc"": ""2026-09-06T17:39:27.685973+00:00""}"
2758.600000000,LOCAL_REPLAN,"{""message"": ""Call local replanning..."", ""wall_time_utc"": ""2026-09-06T17:39:30.037230+00:00""}"
2758.600000000,REPLAN_REQUESTED,"{""message"": ""Replanning request. curr_vertex_idx: 89"", ""wall_time_utc"": ""2026-09-06T17:39:30.038940+00:00""}"
2760.400000000,LOCAL_REPLAN,"{""message"": ""Call local replanning..."", ""wall_time_utc"": ""2026-09-06T17:39:31.843369+00:00""}"
2760.400000000,REPLAN_REQUESTED,"{""message"": ""Replanning request. curr_vertex_idx: 89"", ""wall_time_utc"": ""2026-09-06T17:39:31.845633+00:00""}"
2762.200000000,LOCAL_REPLAN,"{""message"": ""Call local replanning..."", ""wall_time_utc"": ""2026-09-06T17:39:33.720844+00:00""}"
2762.200000000,REPLAN_REQUESTED,"{""message"": ""Replanning request. curr_vertex_idx: 89"", ""wall_time_utc"": ""2026-09-06T17:39:33.722999+00:00""}"
2764.400000000,LOCAL_REPLAN,"{""message"": ""Call local replanning..."", ""wall_time_utc"": ""2026-09-06T17:39:35.856958+00:00""}"
2764.400000000,REPLAN_REQUESTED,"{""message"": ""Replanning request. curr_vertex_idx: 89"", ""wall_time_utc"": ""2026-09-06T17:39:35.859027+00:00""}"
2766.700000000,LOCAL_REPLAN,"{""message"": ""Call local replanning..."", ""wall_time_utc"": ""2026-09-06T17:39:38.196558+00:00""}"
2766.700000000,REPLAN_REQUESTED,"{""message"": ""Replanning request. curr_vertex_idx: 89"", ""wall_time_utc"": ""2026-09-06T17:39:38.198459+00:00""}"
2768.400000000,LOCAL_REPLAN,"{""message"": ""Call local replanning..."", ""wall_time_utc"": ""2026-09-06T17:39:39.868836+00:00""}"
2768.400000000,REPLAN_REQUESTED,"{""message"": ""Replanning request. curr_vertex_idx: 89"", ""wall_time_utc"": ""2026-09-06T17:39:39.871111+00:00""}"
2770.200000000,LOCAL_REPLAN,"{""message"": ""Call local replanning..."", ""wall_time_utc"": ""2026-09-06T17:39:41.715949+00:00""}"
2770.200000000,REPLAN_REQUESTED,"{""message"": ""Replanning request. curr_vertex_idx: 89"", ""wall_time_utc"": ""2026-09-06T17:39:41.718039+00:00""}"
2772.200000000,LOCAL_REPLAN,"{""message"": ""Call local replanning..."", ""wall_time_utc"": ""2026-09-06T17:39:43.688810+00:00""}"
2772.200000000,REPLAN_REQUESTED,"{""message"": ""Replanning request. curr_vertex_idx: 89"", ""wall_time_utc"": ""2026-09-06T17:39:43.690991+00:00""}"
2774.400000000,LOCAL_REPLAN,"{""message"": ""Call local replanning..."", ""wall_time_utc"": ""2026-09-06T17:39:45.855906+00:00""}"
2774.400000000,REPLAN_REQUESTED,"{""message"": ""Replanning request. curr_vertex_idx: 89"", ""wall_time_utc"": ""2026-09-06T17:39:45.858403+00:00""}"
2776.600000000,LOCAL_REPLAN,"{""message"": ""Call local replanning..."", ""wall_time_utc"": ""2026-09-06T17:39:48.069399+00:00""}"
2776.600000000,REPLAN_REQUESTED,"{""message"": ""Replanning request. curr_vertex_idx: 89"", ""wall_time_utc"": ""2026-09-06T17:39:48.071534+00:00""}"
2778.400000000,LOCAL_REPLAN,"{""message"": ""Call local replanning..."", ""wall_time_utc"": ""2026-09-06T17:39:49.868233+00:00""}"
2778.400000000,REPLAN_REQUESTED,"{""message"": ""Replanning request. curr_vertex_idx: 89"", ""wall_time_utc"": ""2026-09-06T17:39:49.870488+00:00""}"
2780.800000000,LOCAL_REPLAN,"{""message"": ""Call local replanning..."", ""wall_time_utc"": ""2026-09-06T17:39:52.239327+00:00""}"
2780.800000000,REPLAN_REQUESTED,"{""message"": ""Replanning request. curr_vertex_idx: 89"", ""wall_time_utc"": ""2026-09-06T17:39:52.241549+00:00""}"
2782.200000000,LOCAL_REPLAN,"{""message"": ""Call local replanning..."", ""wall_time_utc"": ""2026-09-06T17:39:53.664019+00:00""}"
2782.200000000,REPLAN_REQUESTED,"{""message"": ""Replanning request. curr_vertex_idx: 89"", ""wall_time_utc"": ""2026-09-06T17:39:53.666158+00:00""}"
2784.600000000,LOCAL_REPLAN,"{""message"": ""Call local replanning..."", ""wall_time_utc"": ""2026-09-06T17:39:56.038297+00:00""}"
2784.600000000,REPLAN_REQUESTED,"{""message"": ""Replanning request. curr_vertex_idx: 89"", ""wall_time_utc"": ""2026-09-06T17:39:56.040625+00:00""}"
2786.400000000,LOCAL_REPLAN,"{""message"": ""Call local replanning..."", ""wall_time_utc"": ""2026-09-06T17:39:57.874202+00:00""}"
2786.400000000,REPLAN_REQUESTED,"{""message"": ""Replanning request. curr_vertex_idx: 89"", ""wall_time_utc"": ""2026-09-06T17:39:57.876504+00:00""}"
2788.600000000,LOCAL_REPLAN,"{""message"": ""Call local replanning..."", ""wall_time_utc"": ""2026-09-06T17:40:00.073070+00:00""}"
2788.600000000,REPLAN_REQUESTED,"{""message"": ""Replanning request. curr_vertex_idx: 89"", ""wall_time_utc"": ""2026-09-06T17:40:00.075146+00:00""}"
2790.600000000,LOCAL_REPLAN,"{""message"": ""Call local replanning..."", ""wall_time_utc"": ""2026-09-06T17:40:02.071369+00:00""}"
2790.600000000,REPLAN_REQUESTED,"{""message"": ""Replanning request. curr_vertex_idx: 89"", ""wall_time_utc"": ""2026-09-06T17:40:02.073522+00:00""}"
2792.800000000,LOCAL_REPLAN,"{""message"": ""Call local replanning..."", ""wall_time_utc"": ""2026-09-06T17:40:04.271363+00:00""}"
2792.800000000,REPLAN_REQUESTED,"{""message"": ""Replanning request. curr_vertex_idx: 89"", ""wall_time_utc"": ""2026-09-06T17:40:04.273784+00:00""}"
2794.800000000,LOCAL_REPLAN,"{""message"": ""Call local replanning..."", ""wall_time_utc"": ""2026-09-06T17:40:06.240595+00:00""}"
2794.800000000,REPLAN_REQUESTED,"{""message"": ""Replanning request. curr_vertex_idx: 89"", ""wall_time_utc"": ""2026-09-06T17:40:06.242619+00:00""}"
2796.600000000,LOCAL_REPLAN,"{""message"": ""Call local replanning..."", ""wall_time_utc"": ""2026-09-06T17:40:08.032120+00:00""}"
2796.600000000,REPLAN_REQUESTED,"{""message"": ""Replanning request. curr_vertex_idx: 89"", ""wall_time_utc"": ""2026-09-06T17:40:08.033751+00:00""}"
2798.200000000,LOCAL_REPLAN,"{""message"": ""Call local replanning..."", ""wall_time_utc"": ""2026-09-06T17:40:09.690878+00:00""}"
2798.200000000,REPLAN_REQUESTED,"{""message"": ""Replanning request. curr_vertex_idx: 89"", ""wall_time_utc"": ""2026-09-06T17:40:09.693109+00:00""}"
2800.800000000,LOCAL_REPLAN,"{""message"": ""Call local replanning..."", ""wall_time_utc"": ""2026-09-06T17:40:12.234905+00:00""}"
2800.800000000,REPLAN_REQUESTED,"{""message"": ""Replanning request. curr_vertex_idx: 89"", ""wall_time_utc"": ""2026-09-06T17:40:12.236851+00:00""}"
2802.400000000,LOCAL_REPLAN,"{""message"": ""Call local replanning..."", ""wall_time_utc"": ""2026-09-06T17:40:13.851047+00:00""}"
2802.400000000,REPLAN_REQUESTED,"{""message"": ""Replanning request. curr_vertex_idx: 89"", ""wall_time_utc"": ""2026-09-06T17:40:13.853169+00:00""}"
2804.400000000,LOCAL_REPLAN,"{""message"": ""Call local replanning..."", ""wall_time_utc"": ""2026-09-06T17:40:15.862636+00:00""}"
2804.400000000,REPLAN_REQUESTED,"{""message"": ""Replanning request. curr_vertex_idx: 89"", ""wall_time_utc"": ""2026-09-06T17:40:15.864722+00:00""}"
2806.200000000,LOCAL_REPLAN,"{""message"": ""Call local replanning..."", ""wall_time_utc"": ""2026-09-06T17:40:17.667121+00:00""}"
2806.200000000,REPLAN_REQUESTED,"{""message"": ""Replanning request. curr_vertex_idx: 89"", ""wall_time_utc"": ""2026-09-06T17:40:17.668908+00:00""}"
2808.400000000,LOCAL_REPLAN,"{""message"": ""Call local replanning..."", ""wall_time_utc"": ""2026-09-06T17:40:19.841443+00:00""}"
2808.400000000,REPLAN_REQUESTED,"{""message"": ""Replanning request. curr_vertex_idx: 89"", ""wall_time_utc"": ""2026-09-06T17:40:19.843110+00:00""}"
2810.200000000,LOCAL_REPLAN,"{""message"": ""Call local replanning..."", ""wall_time_utc"": ""2026-09-06T17:40:21.705335+00:00""}"
2810.200000000,REPLAN_REQUESTED,"{""message"": ""Replanning request. curr_vertex_idx: 89"", ""wall_time_utc"": ""2026-09-06T17:40:21.707059+00:00""}"
2812.600000000,LOCAL_REPLAN,"{""message"": ""Call local replanning..."", ""wall_time_utc"": ""2026-09-06T17:40:24.040008+00:00""}"
2812.600000000,REPLAN_REQUESTED,"{""message"": ""Replanning request. curr_vertex_idx: 89"", ""wall_time_utc"": ""2026-09-06T17:40:24.041776+00:00""}"
2814.400000000,LOCAL_REPLAN,"{""message"": ""Call local replanning..."", ""wall_time_utc"": ""2026-09-06T17:40:25.841211+00:00""}"
2814.400000000,REPLAN_REQUESTED,"{""message"": ""Replanning request. curr_vertex_idx: 89"", ""wall_time_utc"": ""2026-09-06T17:40:25.843357+00:00""}"
2816.600000000,LOCAL_REPLAN,"{""message"": ""Call local replanning..."", ""wall_time_utc"": ""2026-09-06T17:40:28.038281+00:00""}"
2816.600000000,REPLAN_REQUESTED,"{""message"": ""Replanning request. curr_vertex_idx: 89"", ""wall_time_utc"": ""2026-09-06T17:40:28.040063+00:00""}"
2818.200000000,LOCAL_REPLAN,"{""message"": ""Call local replanning..."", ""wall_time_utc"": ""2026-09-06T17:40:29.678570+00:00""}"
2818.200000000,REPLAN_REQUESTED,"{""message"": ""Replanning request. curr_vertex_idx: 89"", ""wall_time_utc"": ""2026-09-06T17:40:29.680699+00:00""}"
2820.200000000,LOCAL_REPLAN,"{""message"": ""Call local replanning..."", ""wall_time_utc"": ""2026-09-06T17:40:31.685238+00:00""}"
2820.200000000,REPLAN_REQUESTED,"{""message"": ""Replanning request. curr_vertex_idx: 89"", ""wall_time_utc"": ""2026-09-06T17:40:31.687261+00:00""}"
2822.300000000,LOCAL_REPLAN,"{""message"": ""Call local replanning..."", ""wall_time_utc"": ""2026-09-06T17:40:33.798782+00:00""}"
2822.300000000,REPLAN_REQUESTED,"{""message"": ""Replanning request. curr_vertex_idx: 89"", ""wall_time_utc"": ""2026-09-06T17:40:33.800966+00:00""}"
2824.600000000,LOCAL_REPLAN,"{""message"": ""Call local replanning..."", ""wall_time_utc"": ""2026-09-06T17:40:36.038276+00:00""}"
2824.600000000,REPLAN_REQUESTED,"{""message"": ""Replanning request. curr_vertex_idx: 89"", ""wall_time_utc"": ""2026-09-06T17:40:36.040386+00:00""}"
2826.600000000,LOCAL_REPLAN,"{""message"": ""Call local replanning..."", ""wall_time_utc"": ""2026-09-06T17:40:38.071076+00:00""}"
2826.600000000,REPLAN_REQUESTED,"{""message"": ""Replanning request. curr_vertex_idx: 89"", ""wall_time_utc"": ""2026-09-06T17:40:38.073218+00:00""}"
2828.300000000,LOCAL_REPLAN,"{""message"": ""Call local replanning..."", ""wall_time_utc"": ""2026-09-06T17:40:39.749717+00:00""}"
2828.300000000,REPLAN_REQUESTED,"{""message"": ""Replanning request. curr_vertex_idx: 89"", ""wall_time_utc"": ""2026-09-06T17:40:39.751979+00:00""}"
2830.200000000,LOCAL_REPLAN,"{""message"": ""Call local replanning..."", ""wall_time_utc"": ""2026-09-06T17:40:41.704148+00:00""}"
2830.200000000,REPLAN_REQUESTED,"{""message"": ""Replanning request. curr_vertex_idx: 89"", ""wall_time_utc"": ""2026-09-06T17:40:41.706136+00:00""}"
2832.400000000,LOCAL_REPLAN,"{""message"": ""Call local replanning..."", ""wall_time_utc"": ""2026-09-06T17:40:43.850212+00:00""}"
2832.400000000,REPLAN_REQUESTED,"{""message"": ""Replanning request. curr_vertex_idx: 89"", ""wall_time_utc"": ""2026-09-06T17:40:43.852679+00:00""}"
2834.200000000,LOCAL_REPLAN,"{""message"": ""Call local replanning..."", ""wall_time_utc"": ""2026-09-06T17:40:45.686294+00:00""}"
2834.200000000,REPLAN_REQUESTED,"{""message"": ""Replanning request. curr_vertex_idx: 89"", ""wall_time_utc"": ""2026-09-06T17:40:45.688364+00:00""}"
2835.800000000,LOCAL_REPLAN,"{""message"": ""Call local replanning..."", ""wall_time_utc"": ""2026-09-06T17:40:47.288756+00:00""}"
2835.800000000,REPLAN_REQUESTED,"{""message"": ""Replanning request. curr_vertex_idx: 89"", ""wall_time_utc"": ""2026-09-06T17:40:47.290808+00:00""}"
2838.400000000,LOCAL_REPLAN,"{""message"": ""Call local replanning..."", ""wall_time_utc"": ""2026-09-06T17:40:49.848913+00:00""}"
2838.400000000,REPLAN_REQUESTED,"{""message"": ""Replanning request. curr_vertex_idx: 89"", ""wall_time_utc"": ""2026-09-06T17:40:49.851470+00:00""}"
2840.400000000,LOCAL_REPLAN,"{""message"": ""Call local replanning..."", ""wall_time_utc"": ""2026-09-06T17:40:51.863602+00:00""}"
2840.400000000,REPLAN_REQUESTED,"{""message"": ""Replanning request. curr_vertex_idx: 89"", ""wall_time_utc"": ""2026-09-06T17:40:51.865893+00:00""}"
2842.700000000,LOCAL_REPLAN,"{""message"": ""Call local replanning..."", ""wall_time_utc"": ""2026-09-06T17:40:54.207313+00:00""}"
2842.700000000,REPLAN_REQUESTED,"{""message"": ""Replanning request. curr_vertex_idx: 89"", ""wall_time_utc"": ""2026-09-06T17:40:54.209846+00:00""}"
2844.400000000,LOCAL_REPLAN,"{""message"": ""Call local replanning..."", ""wall_time_utc"": ""2026-09-06T17:40:55.857596+00:00""}"
2844.400000000,REPLAN_REQUESTED,"{""message"": ""Replanning request. curr_vertex_idx: 89"", ""wall_time_utc"": ""2026-09-06T17:40:55.860041+00:00""}"
2846.200000000,LOCAL_REPLAN,"{""message"": ""Call local replanning..."", ""wall_time_utc"": ""2026-09-06T17:40:57.690062+00:00""}"
2846.200000000,REPLAN_REQUESTED,"{""message"": ""Replanning request. curr_vertex_idx: 89"", ""wall_time_utc"": ""2026-09-06T17:40:57.692273+00:00""}"
2848.200000000,LOCAL_REPLAN,"{""message"": ""Call local replanning..."", ""wall_time_utc"": ""2026-09-06T17:40:59.682467+00:00""}"
2848.200000000,REPLAN_REQUESTED,"{""message"": ""Replanning request. curr_vertex_idx: 89"", ""wall_time_utc"": ""2026-09-06T17:40:59.684418+00:00""}"
2850.800000000,LOCAL_REPLAN,"{""message"": ""Call local replanning..."", ""wall_time_utc"": ""2026-09-06T17:41:02.232755+00:00""}"
2850.800000000,REPLAN_REQUESTED,"{""message"": ""Replanning request. curr_vertex_idx: 89"", ""wall_time_utc"": ""2026-09-06T17:41:02.234720+00:00""}"
2852.800000000,LOCAL_REPLAN,"{""message"": ""Call local replanning..."", ""wall_time_utc"": ""2026-09-06T17:41:04.266621+00:00""}"
2852.800000000,REPLAN_REQUESTED,"{""message"": ""Replanning request. curr_vertex_idx: 89"", ""wall_time_utc"": ""2026-09-06T17:41:04.268593+00:00""}"
2854.200000000,LOCAL_REPLAN,"{""message"": ""Call local replanning..."", ""wall_time_utc"": ""2026-09-06T17:41:05.680169+00:00""}"
2854.200000000,REPLAN_REQUESTED,"{""message"": ""Replanning request. curr_vertex_idx: 89"", ""wall_time_utc"": ""2026-09-06T17:41:05.682713+00:00""}"
2856.400000000,LOCAL_REPLAN,"{""message"": ""Call local replanning..."", ""wall_time_utc"": ""2026-09-06T17:41:07.871721+00:00""}"
2856.400000000,REPLAN_REQUESTED,"{""message"": ""Replanning request. curr_vertex_idx: 89"", ""wall_time_utc"": ""2026-09-06T17:41:07.874109+00:00""}"
2858.400000000,LOCAL_REPLAN,"{""message"": ""Call local replanning..."", ""wall_time_utc"": ""2026-09-06T17:41:09.858406+00:00""}"
2858.400000000,REPLAN_REQUESTED,"{""message"": ""Replanning request. curr_vertex_idx: 89"", ""wall_time_utc"": ""2026-09-06T17:41:09.860922+00:00""}"
2860.300000000,LOCAL_REPLAN,"{""message"": ""Call local replanning..."", ""wall_time_utc"": ""2026-09-06T17:41:11.735110+00:00""}"
2860.300000000,REPLAN_REQUESTED,"{""message"": ""Replanning request. curr_vertex_idx: 89"", ""wall_time_utc"": ""2026-09-06T17:41:11.737334+00:00""}"
2862.800000000,LOCAL_REPLAN,"{""message"": ""Call local replanning..."", ""wall_time_utc"": ""2026-09-06T17:41:14.224483+00:00""}"
2862.800000000,REPLAN_REQUESTED,"{""message"": ""Replanning request. curr_vertex_idx: 89"", ""wall_time_utc"": ""2026-09-06T17:41:14.226343+00:00""}"
2863.800000000,LOCAL_REPLAN,"{""message"": ""Call local replanning..."", ""wall_time_utc"": ""2026-09-06T17:41:15.276866+00:00""}"
2863.800000000,REPLAN_REQUESTED,"{""message"": ""Replanning request. curr_vertex_idx: 89"", ""wall_time_utc"": ""2026-09-06T17:41:15.278794+00:00""}"
2866.400000000,LOCAL_REPLAN,"{""message"": ""Call local replanning..."", ""wall_time_utc"": ""2026-09-06T17:41:17.851161+00:00""}"
2866.400000000,REPLAN_REQUESTED,"{""message"": ""Replanning request. curr_vertex_idx: 89"", ""wall_time_utc"": ""2026-09-06T17:41:17.853530+00:00""}"
2868.600000000,LOCAL_REPLAN,"{""message"": ""Call local replanning..."", ""wall_time_utc"": ""2026-09-06T17:41:20.074788+00:00""}"
2868.600000000,REPLAN_REQUESTED,"{""message"": ""Replanning request. curr_vertex_idx: 89"", ""wall_time_utc"": ""2026-09-06T17:41:20.076925+00:00""}"
2870.800000000,LOCAL_REPLAN,"{""message"": ""Call local replanning..."", ""wall_time_utc"": ""2026-09-06T17:41:22.240610+00:00""}"
2870.800000000,REPLAN_REQUESTED,"{""message"": ""Replanning request. curr_vertex_idx: 89"", ""wall_time_utc"": ""2026-09-06T17:41:22.242662+00:00""}"
2872.700000000,LOCAL_REPLAN,"{""message"": ""Call local replanning..."", ""wall_time_utc"": ""2026-09-06T17:41:24.217252+00:00""}"
2872.700000000,REPLAN_REQUESTED,"{""message"": ""Replanning request. curr_vertex_idx: 89"", ""wall_time_utc"": ""2026-09-06T17:41:24.219479+00:00""}"
2874.000000000,LOCAL_REPLAN,"{""message"": ""Call local replanning..."", ""wall_time_utc"": ""2026-09-06T17:41:25.458601+00:00""}"
2874.000000000,REPLAN_REQUESTED,"{""message"": ""Replanning request. curr_vertex_idx: 89"", ""wall_time_utc"": ""2026-09-06T17:41:25.461465+00:00""}"
2876.200000000,LOCAL_REPLAN,"{""message"": ""Call local replanning..."", ""wall_time_utc"": ""2026-09-06T17:41:27.715010+00:00""}"
2876.200000000,REPLAN_REQUESTED,"{""message"": ""Replanning request. curr_vertex_idx: 89"", ""wall_time_utc"": ""2026-09-06T17:41:27.717469+00:00""}"
2878.800000000,LOCAL_REPLAN,"{""message"": ""Call local replanning..."", ""wall_time_utc"": ""2026-09-06T17:41:30.245917+00:00""}"
2878.800000000,REPLAN_REQUESTED,"{""message"": ""Replanning request. curr_vertex_idx: 89"", ""wall_time_utc"": ""2026-09-06T17:41:30.247760+00:00""}"
2880.400000000,LOCAL_REPLAN,"{""message"": ""Call local replanning..."", ""wall_time_utc"": ""2026-09-06T17:41:31.846938+00:00""}"
2880.400000000,REPLAN_REQUESTED,"{""message"": ""Replanning request. curr_vertex_idx: 89"", ""wall_time_utc"": ""2026-09-06T17:41:31.848949+00:00""}"
2882.400000000,LOCAL_REPLAN,"{""message"": ""Call local replanning..."", ""wall_time_utc"": ""2026-09-06T17:41:33.865856+00:00""}"
2882.400000000,REPLAN_REQUESTED,"{""message"": ""Replanning request. curr_vertex_idx: 89"", ""wall_time_utc"": ""2026-09-06T17:41:33.867875+00:00""}"
2884.000000000,LOCAL_REPLAN,"{""message"": ""Call local replanning..."", ""wall_time_utc"": ""2026-09-06T17:41:35.454028+00:00""}"
2884.000000000,REPLAN_REQUESTED,"{""message"": ""Replanning request. curr_vertex_idx: 89"", ""wall_time_utc"": ""2026-09-06T17:41:35.456296+00:00""}"
2886.200000000,LOCAL_REPLAN,"{""message"": ""Call local replanning..."", ""wall_time_utc"": ""2026-09-06T17:41:37.672006+00:00""}"
2886.200000000,REPLAN_REQUESTED,"{""message"": ""Replanning request. curr_vertex_idx: 89"", ""wall_time_utc"": ""2026-09-06T17:41:37.674243+00:00""}"
2888.400000000,LOCAL_REPLAN,"{""message"": ""Call local replanning..."", ""wall_time_utc"": ""2026-09-06T17:41:39.879559+00:00""}"
2888.400000000,REPLAN_REQUESTED,"{""message"": ""Replanning request. curr_vertex_idx: 89"", ""wall_time_utc"": ""2026-09-06T17:41:39.881890+00:00""}"
2890.600000000,LOCAL_REPLAN,"{""message"": ""Call local replanning..."", ""wall_time_utc"": ""2026-09-06T17:41:42.038921+00:00""}"
2890.600000000,REPLAN_REQUESTED,"{""message"": ""Replanning request. curr_vertex_idx: 89"", ""wall_time_utc"": ""2026-09-06T17:41:42.041125+00:00""}"
2892.200000000,LOCAL_REPLAN,"{""message"": ""Call local replanning..."", ""wall_time_utc"": ""2026-09-06T17:41:43.714045+00:00""}"
2892.200000000,REPLAN_REQUESTED,"{""message"": ""Replanning request. curr_vertex_idx: 89"", ""wall_time_utc"": ""2026-09-06T17:41:43.716068+00:00""}"
2894.600000000,LOCAL_REPLAN,"{""message"": ""Call local replanning..."", ""wall_time_utc"": ""2026-09-06T17:41:46.121024+00:00""}"
2894.600000000,REPLAN_REQUESTED,"{""message"": ""Replanning request. curr_vertex_idx: 89"", ""wall_time_utc"": ""2026-09-06T17:41:46.123926+00:00""}"
2896.200000000,LOCAL_REPLAN,"{""message"": ""Call local replanning..."", ""wall_time_utc"": ""2026-09-06T17:41:47.705105+00:00""}"
2896.200000000,REPLAN_REQUESTED,"{""message"": ""Replanning request. curr_vertex_idx: 89"", ""wall_time_utc"": ""2026-09-06T17:41:47.707062+00:00""}"
2898.400000000,LOCAL_REPLAN,"{""message"": ""Call local replanning..."", ""wall_time_utc"": ""2026-09-06T17:41:49.864578+00:00""}"
2898.400000000,REPLAN_REQUESTED,"{""message"": ""Replanning request. curr_vertex_idx: 89"", ""wall_time_utc"": ""2026-09-06T17:41:49.866741+00:00""}"
2899.800000000,LOCAL_REPLAN,"{""message"": ""Call local replanning..."", ""wall_time_utc"": ""2026-09-06T17:41:51.281201+00:00""}"
2899.800000000,REPLAN_REQUESTED,"{""message"": ""Replanning request. curr_vertex_idx: 89"", ""wall_time_utc"": ""2026-09-06T17:41:51.283244+00:00""}"
2902.600000000,LOCAL_REPLAN,"{""message"": ""Call local replanning..."", ""wall_time_utc"": ""2026-09-06T17:41:54.092574+00:00""}"
2902.600000000,REPLAN_REQUESTED,"{""message"": ""Replanning request. curr_vertex_idx: 89"", ""wall_time_utc"": ""2026-09-06T17:41:54.094765+00:00""}"
2904.200000000,LOCAL_REPLAN,"{""message"": ""Call local replanning..."", ""wall_time_utc"": ""2026-09-06T17:41:55.681147+00:00""}"
2904.200000000,REPLAN_REQUESTED,"{""message"": ""Replanning request. curr_vertex_idx: 89"", ""wall_time_utc"": ""2026-09-06T17:41:55.683185+00:00""}"
2906.200000000,LOCAL_REPLAN,"{""message"": ""Call local replanning..."", ""wall_time_utc"": ""2026-09-06T17:41:57.678145+00:00""}"
2906.200000000,REPLAN_REQUESTED,"{""message"": ""Replanning request. curr_vertex_idx: 89"", ""wall_time_utc"": ""2026-09-06T17:41:57.680193+00:00""}"
2908.500000000,LOCAL_REPLAN,"{""message"": ""Call local replanning..."", ""wall_time_utc"": ""2026-09-06T17:41:59.924980+00:00""}"
2908.500000000,REPLAN_REQUESTED,"{""message"": ""Replanning request. curr_vertex_idx: 89"", ""wall_time_utc"": ""2026-09-06T17:41:59.926736+00:00""}"
2910.200000000,LOCAL_REPLAN,"{""message"": ""Call local replanning..."", ""wall_time_utc"": ""2026-09-06T17:42:01.695928+00:00""}"
2910.200000000,REPLAN_REQUESTED,"{""message"": ""Replanning request. curr_vertex_idx: 89"", ""wall_time_utc"": ""2026-09-06T17:42:01.697774+00:00""}"
2912.400000000,LOCAL_REPLAN,"{""message"": ""Call local replanning..."", ""wall_time_utc"": ""2026-09-06T17:42:03.870727+00:00""}"
2912.400000000,REPLAN_REQUESTED,"{""message"": ""Replanning request. curr_vertex_idx: 89"", ""wall_time_utc"": ""2026-09-06T17:42:03.872653+00:00""}"
2914.600000000,LOCAL_REPLAN,"{""message"": ""Call local replanning..."", ""wall_time_utc"": ""2026-09-06T17:42:06.055651+00:00""}"
2914.600000000,REPLAN_REQUESTED,"{""message"": ""Replanning request. curr_vertex_idx: 89"", ""wall_time_utc"": ""2026-09-06T17:42:06.057658+00:00""}"
2916.200000000,LOCAL_REPLAN,"{""message"": ""Call local replanning..."", ""wall_time_utc"": ""2026-09-06T17:42:07.682279+00:00""}"
2916.200000000,REPLAN_REQUESTED,"{""message"": ""Replanning request. curr_vertex_idx: 89"", ""wall_time_utc"": ""2026-09-06T17:42:07.684448+00:00""}"
2918.200000000,LOCAL_REPLAN,"{""message"": ""Call local replanning..."", ""wall_time_utc"": ""2026-09-06T17:42:09.687825+00:00""}"
2918.200000000,REPLAN_REQUESTED,"{""message"": ""Replanning request. curr_vertex_idx: 89"", ""wall_time_utc"": ""2026-09-06T17:42:09.689952+00:00""}"
2920.200000000,LOCAL_REPLAN,"{""message"": ""Call local replanning..."", ""wall_time_utc"": ""2026-09-06T17:42:11.682956+00:00""}"
2920.200000000,REPLAN_REQUESTED,"{""message"": ""Replanning request. curr_vertex_idx: 89"", ""wall_time_utc"": ""2026-09-06T17:42:11.685139+00:00""}"
2922.200000000,LOCAL_REPLAN,"{""message"": ""Call local replanning..."", ""wall_time_utc"": ""2026-09-06T17:42:13.683522+00:00""}"
2922.200000000,REPLAN_REQUESTED,"{""message"": ""Replanning request. curr_vertex_idx: 89"", ""wall_time_utc"": ""2026-09-06T17:42:13.685794+00:00""}"
2924.600000000,LOCAL_REPLAN,"{""message"": ""Call local replanning..."", ""wall_time_utc"": ""2026-09-06T17:42:16.076561+00:00""}"
2924.600000000,REPLAN_REQUESTED,"{""message"": ""Replanning request. curr_vertex_idx: 89"", ""wall_time_utc"": ""2026-09-06T17:42:16.078838+00:00""}"
2926.200000000,LOCAL_REPLAN,"{""message"": ""Call local replanning..."", ""wall_time_utc"": ""2026-09-06T17:42:17.697700+00:00""}"
2926.200000000,REPLAN_REQUESTED,"{""message"": ""Replanning request. curr_vertex_idx: 89"", ""wall_time_utc"": ""2026-09-06T17:42:17.699930+00:00""}"
2928.600000000,LOCAL_REPLAN,"{""message"": ""Call local replanning..."", ""wall_time_utc"": ""2026-09-06T17:42:20.082144+00:00""}"
2928.600000000,REPLAN_REQUESTED,"{""message"": ""Replanning request. curr_vertex_idx: 89"", ""wall_time_utc"": ""2026-09-06T17:42:20.084404+00:00""}"
2930.600000000,LOCAL_REPLAN,"{""message"": ""Call local replanning..."", ""wall_time_utc"": ""2026-09-06T17:42:22.073432+00:00""}"
2930.600000000,REPLAN_REQUESTED,"{""message"": ""Replanning request. curr_vertex_idx: 89"", ""wall_time_utc"": ""2026-09-06T17:42:22.075919+00:00""}"
2932.400000000,LOCAL_REPLAN,"{""message"": ""Call local replanning..."", ""wall_time_utc"": ""2026-09-06T17:42:23.848051+00:00""}"
2932.400000000,REPLAN_REQUESTED,"{""message"": ""Replanning request. curr_vertex_idx: 89"", ""wall_time_utc"": ""2026-09-06T17:42:23.850345+00:00""}"
2934.200000000,LOCAL_REPLAN,"{""message"": ""Call local replanning..."", ""wall_time_utc"": ""2026-09-06T17:42:25.675195+00:00""}"
2934.200000000,REPLAN_REQUESTED,"{""message"": ""Replanning request. curr_vertex_idx: 89"", ""wall_time_utc"": ""2026-09-06T17:42:25.677439+00:00""}"
2936.400000000,LOCAL_REPLAN,"{""message"": ""Call local replanning..."", ""wall_time_utc"": ""2026-09-06T17:42:27.872246+00:00""}"
2936.400000000,REPLAN_REQUESTED,"{""message"": ""Replanning request. curr_vertex_idx: 89"", ""wall_time_utc"": ""2026-09-06T17:42:27.874252+00:00""}"
2938.200000000,LOCAL_REPLAN,"{""message"": ""Call local replanning..."", ""wall_time_utc"": ""2026-09-06T17:42:29.693095+00:00""}"
2938.200000000,REPLAN_REQUESTED,"{""message"": ""Replanning request. curr_vertex_idx: 89"", ""wall_time_utc"": ""2026-09-06T17:42:29.695116+00:00""}"
2940.200000000,LOCAL_REPLAN,"{""message"": ""Call local replanning..."", ""wall_time_utc"": ""2026-09-06T17:42:31.688881+00:00""}"
2940.200000000,REPLAN_REQUESTED,"{""message"": ""Replanning request. curr_vertex_idx: 89"", ""wall_time_utc"": ""2026-09-06T17:42:31.691127+00:00""}"
2942.300000000,LOCAL_REPLAN,"{""message"": ""Call local replanning..."", ""wall_time_utc"": ""2026-09-06T17:42:33.728046+00:00""}"
2942.300000000,REPLAN_REQUESTED,"{""message"": ""Replanning request. curr_vertex_idx: 89"", ""wall_time_utc"": ""2026-09-06T17:42:33.729840+00:00""}"
2944.400000000,LOCAL_REPLAN,"{""message"": ""Call local replanning..."", ""wall_time_utc"": ""2026-09-06T17:42:35.862051+00:00""}"
2944.400000000,REPLAN_REQUESTED,"{""message"": ""Replanning request. curr_vertex_idx: 89"", ""wall_time_utc"": ""2026-09-06T17:42:35.864236+00:00""}"
2946.200000000,LOCAL_REPLAN,"{""message"": ""Call local replanning..."", ""wall_time_utc"": ""2026-09-06T17:42:37.691895+00:00""}"
2946.200000000,REPLAN_REQUESTED,"{""message"": ""Replanning request. curr_vertex_idx: 89"", ""wall_time_utc"": ""2026-09-06T17:42:37.694453+00:00""}"
2948.200000000,LOCAL_REPLAN,"{""message"": ""Call local replanning..."", ""wall_time_utc"": ""2026-09-06T17:42:39.694758+00:00""}"
2948.200000000,REPLAN_REQUESTED,"{""message"": ""Replanning request. curr_vertex_idx: 89"", ""wall_time_utc"": ""2026-09-06T17:42:39.696739+00:00""}"
2950.400000000,LOCAL_REPLAN,"{""message"": ""Call local replanning..."", ""wall_time_utc"": ""2026-09-06T17:42:41.863054+00:00""}"
2950.400000000,REPLAN_REQUESTED,"{""message"": ""Replanning request. curr_vertex_idx: 89"", ""wall_time_utc"": ""2026-09-06T17:42:41.865588+00:00""}"
2952.200000000,LOCAL_REPLAN,"{""message"": ""Call local replanning..."", ""wall_time_utc"": ""2026-09-06T17:42:43.682396+00:00""}"
2952.200000000,REPLAN_REQUESTED,"{""message"": ""Replanning request. curr_vertex_idx: 89"", ""wall_time_utc"": ""2026-09-06T17:42:43.684539+00:00""}"
2954.400000000,LOCAL_REPLAN,"{""message"": ""Call local replanning..."", ""wall_time_utc"": ""2026-09-06T17:42:45.876040+00:00""}"
2954.400000000,REPLAN_REQUESTED,"{""message"": ""Replanning request. curr_vertex_idx: 89"", ""wall_time_utc"": ""2026-09-06T17:42:45.878417+00:00""}"
2956.400000000,LOCAL_REPLAN,"{""message"": ""Call local replanning..."", ""wall_time_utc"": ""2026-09-06T17:42:47.868497+00:00""}"
2956.400000000,REPLAN_REQUESTED,"{""message"": ""Replanning request. curr_vertex_idx: 89"", ""wall_time_utc"": ""2026-09-06T17:42:47.870807+00:00""}"
2958.200000000,LOCAL_REPLAN,"{""message"": ""Call local replanning..."", ""wall_time_utc"": ""2026-09-06T17:42:49.712143+00:00""}"
2958.200000000,REPLAN_REQUESTED,"{""message"": ""Replanning request. curr_vertex_idx: 89"", ""wall_time_utc"": ""2026-09-06T17:42:49.714072+00:00""}"
2960.800000000,LOCAL_REPLAN,"{""message"": ""Call local replanning..."", ""wall_time_utc"": ""2026-09-06T17:42:52.297222+00:00""}"
2960.800000000,REPLAN_REQUESTED,"{""message"": ""Replanning request. curr_vertex_idx: 89"", ""wall_time_utc"": ""2026-09-06T17:42:52.299343+00:00""}"
2962.800000000,LOCAL_REPLAN,"{""message"": ""Call local replanning..."", ""wall_time_utc"": ""2026-09-06T17:42:54.234370+00:00""}"
2962.800000000,REPLAN_REQUESTED,"{""message"": ""Replanning request. curr_vertex_idx: 89"", ""wall_time_utc"": ""2026-09-06T17:42:54.236424+00:00""}"
2964.200000000,LOCAL_REPLAN,"{""message"": ""Call local replanning..."", ""wall_time_utc"": ""2026-09-06T17:42:55.703502+00:00""}"
2964.200000000,REPLAN_REQUESTED,"{""message"": ""Replanning request. curr_vertex_idx: 89"", ""wall_time_utc"": ""2026-09-06T17:42:55.705899+00:00""}"
2966.400000000,LOCAL_REPLAN,"{""message"": ""Call local replanning..."", ""wall_time_utc"": ""2026-09-06T17:42:57.873283+00:00""}"
2966.400000000,REPLAN_REQUESTED,"{""message"": ""Replanning request. curr_vertex_idx: 89"", ""wall_time_utc"": ""2026-09-06T17:42:57.875676+00:00""}"
2968.400000000,LOCAL_REPLAN,"{""message"": ""Call local replanning..."", ""wall_time_utc"": ""2026-09-06T17:42:59.873326+00:00""}"
2968.400000000,REPLAN_REQUESTED,"{""message"": ""Replanning request. curr_vertex_idx: 89"", ""wall_time_utc"": ""2026-09-06T17:42:59.875503+00:00""}"
2970.400000000,LOCAL_REPLAN,"{""message"": ""Call local replanning..."", ""wall_time_utc"": ""2026-09-06T17:43:01.890526+00:00""}"
2970.400000000,REPLAN_REQUESTED,"{""message"": ""Replanning request. curr_vertex_idx: 89"", ""wall_time_utc"": ""2026-09-06T17:43:01.892765+00:00""}"
2972.200000000,LOCAL_REPLAN,"{""message"": ""Call local replanning..."", ""wall_time_utc"": ""2026-09-06T17:43:03.667531+00:00""}"
2972.200000000,REPLAN_REQUESTED,"{""message"": ""Replanning request. curr_vertex_idx: 89"", ""wall_time_utc"": ""2026-09-06T17:43:03.669851+00:00""}"
2974.200000000,LOCAL_REPLAN,"{""message"": ""Call local replanning..."", ""wall_time_utc"": ""2026-09-06T17:43:05.697704+00:00""}"
2974.200000000,REPLAN_REQUESTED,"{""message"": ""Replanning request. curr_vertex_idx: 89"", ""wall_time_utc"": ""2026-09-06T17:43:05.699917+00:00""}"
2976.400000000,LOCAL_REPLAN,"{""message"": ""Call local replanning..."", ""wall_time_utc"": ""2026-09-06T17:43:07.868652+00:00""}"
2976.400000000,REPLAN_REQUESTED,"{""message"": ""Replanning request. curr_vertex_idx: 89"", ""wall_time_utc"": ""2026-09-06T17:43:07.871108+00:00""}"
2978.400000000,LOCAL_REPLAN,"{""message"": ""Call local replanning..."", ""wall_time_utc"": ""2026-09-06T17:43:09.875667+00:00""}"
2978.400000000,REPLAN_REQUESTED,"{""message"": ""Replanning request. curr_vertex_idx: 89"", ""wall_time_utc"": ""2026-09-06T17:43:09.877820+00:00""}"
2980.400000000,LOCAL_REPLAN,"{""message"": ""Call local replanning..."", ""wall_time_utc"": ""2026-09-06T17:43:11.872729+00:00""}"
2980.400000000,REPLAN_REQUESTED,"{""message"": ""Replanning request. curr_vertex_idx: 89"", ""wall_time_utc"": ""2026-09-06T17:43:11.874836+00:00""}"
2982.200000000,LOCAL_REPLAN,"{""message"": ""Call local replanning..."", ""wall_time_utc"": ""2026-09-06T17:43:13.685473+00:00""}"
2982.200000000,REPLAN_REQUESTED,"{""message"": ""Replanning request. curr_vertex_idx: 89"", ""wall_time_utc"": ""2026-09-06T17:43:13.687837+00:00""}"
2984.200000000,LOCAL_REPLAN,"{""message"": ""Call local replanning..."", ""wall_time_utc"": ""2026-09-06T17:43:15.696307+00:00""}"
2984.200000000,REPLAN_REQUESTED,"{""message"": ""Replanning request. curr_vertex_idx: 89"", ""wall_time_utc"": ""2026-09-06T17:43:15.698168+00:00""}"
2986.500000000,LOCAL_REPLAN,"{""message"": ""Call local replanning..."", ""wall_time_utc"": ""2026-09-06T17:43:18.016947+00:00""}"
2986.500000000,REPLAN_REQUESTED,"{""message"": ""Replanning request. curr_vertex_idx: 89"", ""wall_time_utc"": ""2026-09-06T17:43:18.018918+00:00""}"
2988.600000000,LOCAL_REPLAN,"{""message"": ""Call local replanning..."", ""wall_time_utc"": ""2026-09-06T17:43:20.063861+00:00""}"
2988.600000000,REPLAN_REQUESTED,"{""message"": ""Replanning request. curr_vertex_idx: 89"", ""wall_time_utc"": ""2026-09-06T17:43:20.065861+00:00""}"
2990.400000000,LOCAL_REPLAN,"{""message"": ""Call local replanning..."", ""wall_time_utc"": ""2026-09-06T17:43:21.880347+00:00""}"
2990.400000000,REPLAN_REQUESTED,"{""message"": ""Replanning request. curr_vertex_idx: 89"", ""wall_time_utc"": ""2026-09-06T17:43:21.882013+00:00""}"
2993.100000000,LOCAL_REPLAN,"{""message"": ""Call local replanning..."", ""wall_time_utc"": ""2026-09-06T17:43:24.560523+00:00""}"
2993.100000000,REPLAN_REQUESTED,"{""message"": ""Replanning request. curr_vertex_idx: 89"", ""wall_time_utc"": ""2026-09-06T17:43:24.562738+00:00""}"
2994.600000000,LOCAL_REPLAN,"{""message"": ""Call local replanning..."", ""wall_time_utc"": ""2026-09-06T17:43:26.092790+00:00""}"
2994.600000000,REPLAN_REQUESTED,"{""message"": ""Replanning request. curr_vertex_idx: 89"", ""wall_time_utc"": ""2026-09-06T17:43:26.094683+00:00""}"
2996.200000000,LOCAL_REPLAN,"{""message"": ""Call local replanning..."", ""wall_time_utc"": ""2026-09-06T17:43:27.710885+00:00""}"
2996.200000000,REPLAN_REQUESTED,"{""message"": ""Replanning request. curr_vertex_idx: 89"", ""wall_time_utc"": ""2026-09-06T17:43:27.713033+00:00""}"
2998.400000000,LOCAL_REPLAN,"{""message"": ""Call local replanning..."", ""wall_time_utc"": ""2026-09-06T17:43:29.883523+00:00""}"
2998.400000000,REPLAN_REQUESTED,"{""message"": ""Replanning request. curr_vertex_idx: 89"", ""wall_time_utc"": ""2026-09-06T17:43:29.885797+00:00""}"
3000.400000000,LOCAL_REPLAN,"{""message"": ""Call local replanning..."", ""wall_time_utc"": ""2026-09-06T17:43:31.866259+00:00""}"
3000.400000000,REPLAN_REQUESTED,"{""message"": ""Replanning request. curr_vertex_idx: 89"", ""wall_time_utc"": ""2026-09-06T17:43:31.868003+00:00""}"
3002.400000000,LOCAL_REPLAN,"{""message"": ""Call local replanning..."", ""wall_time_utc"": ""2026-09-06T17:43:33.857014+00:00""}"
3002.400000000,REPLAN_REQUESTED,"{""message"": ""Replanning request. curr_vertex_idx: 89"", ""wall_time_utc"": ""2026-09-06T17:43:33.858609+00:00""}"
3004.200000000,LOCAL_REPLAN,"{""message"": ""Call local replanning..."", ""wall_time_utc"": ""2026-09-06T17:43:35.717448+00:00""}"
3004.200000000,REPLAN_REQUESTED,"{""message"": ""Replanning request. curr_vertex_idx: 89"", ""wall_time_utc"": ""2026-09-06T17:43:35.719515+00:00""}"
3006.400000000,LOCAL_REPLAN,"{""message"": ""Call local replanning..."", ""wall_time_utc"": ""2026-09-06T17:43:37.872151+00:00""}"
3006.400000000,REPLAN_REQUESTED,"{""message"": ""Replanning request. curr_vertex_idx: 89"", ""wall_time_utc"": ""2026-09-06T17:43:37.873905+00:00""}"
3008.400000000,LOCAL_REPLAN,"{""message"": ""Call local replanning..."", ""wall_time_utc"": ""2026-09-06T17:43:39.869666+00:00""}"
3008.400000000,REPLAN_REQUESTED,"{""message"": ""Replanning request. curr_vertex_idx: 89"", ""wall_time_utc"": ""2026-09-06T17:43:39.871646+00:00""}"
3010.200000000,LOCAL_REPLAN,"{""message"": ""Call local replanning..."", ""wall_time_utc"": ""2026-09-06T17:43:41.687518+00:00""}"
3010.200000000,REPLAN_REQUESTED,"{""message"": ""Replanning request. curr_vertex_idx: 89"", ""wall_time_utc"": ""2026-09-06T17:43:41.689349+00:00""}"
3012.000000000,LOCAL_REPLAN,"{""message"": ""Call local replanning..."", ""wall_time_utc"": ""2026-09-06T17:43:43.463803+00:00""}"
3012.000000000,REPLAN_REQUESTED,"{""message"": ""Replanning request. curr_vertex_idx: 89"", ""wall_time_utc"": ""2026-09-06T17:43:43.465652+00:00""}"
3014.800000000,LOCAL_REPLAN,"{""message"": ""Call local replanning..."", ""wall_time_utc"": ""2026-09-06T17:43:46.260591+00:00""}"
3014.800000000,REPLAN_REQUESTED,"{""message"": ""Replanning request. curr_vertex_idx: 89"", ""wall_time_utc"": ""2026-09-06T17:43:46.262724+00:00""}"
3016.600000000,LOCAL_REPLAN,"{""message"": ""Call local replanning..."", ""wall_time_utc"": ""2026-09-06T17:43:48.061371+00:00""}"
3016.600000000,REPLAN_REQUESTED,"{""message"": ""Replanning request. curr_vertex_idx: 89"", ""wall_time_utc"": ""2026-09-06T17:43:48.063424+00:00""}"
3018.200000000,LOCAL_REPLAN,"{""message"": ""Call local replanning..."", ""wall_time_utc"": ""2026-09-06T17:43:49.685452+00:00""}"
3018.200000000,REPLAN_REQUESTED,"{""message"": ""Replanning request. curr_vertex_idx: 89"", ""wall_time_utc"": ""2026-09-06T17:43:49.687321+00:00""}"
3020.100000000,LOCAL_REPLAN,"{""message"": ""Call local replanning..."", ""wall_time_utc"": ""2026-09-06T17:43:51.620749+00:00""}"
3020.100000000,REPLAN_REQUESTED,"{""message"": ""Replanning request. curr_vertex_idx: 89"", ""wall_time_utc"": ""2026-09-06T17:43:51.622579+00:00""}"
3022.300000000,LOCAL_REPLAN,"{""message"": ""Call local replanning..."", ""wall_time_utc"": ""2026-09-06T17:43:53.806025+00:00""}"
3022.300000000,REPLAN_REQUESTED,"{""message"": ""Replanning request. curr_vertex_idx: 89"", ""wall_time_utc"": ""2026-09-06T17:43:53.807804+00:00""}"
3024.600000000,LOCAL_REPLAN,"{""message"": ""Call local replanning..."", ""wall_time_utc"": ""2026-09-06T17:43:56.103557+00:00""}"
3024.600000000,REPLAN_REQUESTED,"{""message"": ""Replanning request. curr_vertex_idx: 89"", ""wall_time_utc"": ""2026-09-06T17:43:56.105662+00:00""}"
3026.400000000,LOCAL_REPLAN,"{""message"": ""Call local replanning..."", ""wall_time_utc"": ""2026-09-06T17:43:57.878351+00:00""}"
3026.400000000,REPLAN_REQUESTED,"{""message"": ""Replanning request. curr_vertex_idx: 89"", ""wall_time_utc"": ""2026-09-06T17:43:57.880488+00:00""}"
3028.200000000,LOCAL_REPLAN,"{""message"": ""Call local replanning..."", ""wall_time_utc"": ""2026-09-06T17:43:59.696872+00:00""}"
3028.200000000,REPLAN_REQUESTED,"{""message"": ""Replanning request. curr_vertex_idx: 89"", ""wall_time_utc"": ""2026-09-06T17:43:59.699082+00:00""}"
3030.500000000,LOCAL_REPLAN,"{""message"": ""Call local replanning..."", ""wall_time_utc"": ""2026-09-06T17:44:01.971788+00:00""}"
3030.500000000,REPLAN_REQUESTED,"{""message"": ""Replanning request. curr_vertex_idx: 89"", ""wall_time_utc"": ""2026-09-06T17:44:01.973824+00:00""}"
3032.400000000,LOCAL_REPLAN,"{""message"": ""Call local replanning..."", ""wall_time_utc"": ""2026-09-06T17:44:03.913271+00:00""}"
3032.400000000,REPLAN_REQUESTED,"{""message"": ""Replanning request. curr_vertex_idx: 89"", ""wall_time_utc"": ""2026-09-06T17:44:03.915313+00:00""}"
3034.400000000,LOCAL_REPLAN,"{""message"": ""Call local replanning..."", ""wall_time_utc"": ""2026-09-06T17:44:05.897878+00:00""}"
3034.400000000,REPLAN_REQUESTED,"{""message"": ""Replanning request. curr_vertex_idx: 89"", ""wall_time_utc"": ""2026-09-06T17:44:05.900205+00:00""}"
3036.300000000,LOCAL_REPLAN,"{""message"": ""Call local replanning..."", ""wall_time_utc"": ""2026-09-06T17:44:07.807703+00:00""}"
3036.300000000,REPLAN_REQUESTED,"{""message"": ""Replanning request. curr_vertex_idx: 89"", ""wall_time_utc"": ""2026-09-06T17:44:07.809464+00:00""}"
3038.100000000,LOCAL_REPLAN,"{""message"": ""Call local replanning..."", ""wall_time_utc"": ""2026-09-06T17:44:09.619471+00:00""}"
3038.100000000,REPLAN_REQUESTED,"{""message"": ""Replanning request. curr_vertex_idx: 89"", ""wall_time_utc"": ""2026-09-06T17:44:09.621433+00:00""}"
3040.300000000,LOCAL_REPLAN,"{""message"": ""Call local replanning..."", ""wall_time_utc"": ""2026-09-06T17:44:11.737300+00:00""}"
3040.300000000,REPLAN_REQUESTED,"{""message"": ""Replanning request. curr_vertex_idx: 89"", ""wall_time_utc"": ""2026-09-06T17:44:11.739099+00:00""}"
3042.200000000,LOCAL_REPLAN,"{""message"": ""Call local replanning..."", ""wall_time_utc"": ""2026-09-06T17:44:13.684779+00:00""}"
3042.200000000,REPLAN_REQUESTED,"{""message"": ""Replanning request. curr_vertex_idx: 89"", ""wall_time_utc"": ""2026-09-06T17:44:13.686782+00:00""}"
3044.200000000,LOCAL_REPLAN,"{""message"": ""Call local replanning..."", ""wall_time_utc"": ""2026-09-06T17:44:15.706847+00:00""}"
3044.200000000,REPLAN_REQUESTED,"{""message"": ""Replanning request. curr_vertex_idx: 89"", ""wall_time_utc"": ""2026-09-06T17:44:15.709220+00:00""}"
3046.200000000,LOCAL_REPLAN,"{""message"": ""Call local replanning..."", ""wall_time_utc"": ""2026-09-06T17:44:17.704873+00:00""}"
3046.200000000,REPLAN_REQUESTED,"{""message"": ""Replanning request. curr_vertex_idx: 89"", ""wall_time_utc"": ""2026-09-06T17:44:17.706852+00:00""}"
3049.000000000,LOCAL_REPLAN,"{""message"": ""Call local replanning..."", ""wall_time_utc"": ""2026-09-06T17:44:20.488293+00:00""}"
3049.000000000,REPLAN_REQUESTED,"{""message"": ""Replanning request. curr_vertex_idx: 89"", ""wall_time_utc"": ""2026-09-06T17:44:20.490269+00:00""}"
3050.200000000,LOCAL_REPLAN,"{""message"": ""Call local replanning..."", ""wall_time_utc"": ""2026-09-06T17:44:21.716560+00:00""}"
3050.200000000,REPLAN_REQUESTED,"{""message"": ""Replanning request. curr_vertex_idx: 89"", ""wall_time_utc"": ""2026-09-06T17:44:21.718449+00:00""}"
3052.200000000,LOCAL_REPLAN,"{""message"": ""Call local replanning..."", ""wall_time_utc"": ""2026-09-06T17:44:23.709786+00:00""}"
3052.200000000,REPLAN_REQUESTED,"{""message"": ""Replanning request. curr_vertex_idx: 89"", ""wall_time_utc"": ""2026-09-06T17:44:23.711866+00:00""}"
3054.500000000,LOCAL_REPLAN,"{""message"": ""Call local replanning..."", ""wall_time_utc"": ""2026-09-06T17:44:25.951818+00:00""}"
3054.500000000,REPLAN_REQUESTED,"{""message"": ""Replanning request. curr_vertex_idx: 89"", ""wall_time_utc"": ""2026-09-06T17:44:25.953958+00:00""}"
3056.400000000,LOCAL_REPLAN,"{""message"": ""Call local replanning..."", ""wall_time_utc"": ""2026-09-06T17:44:27.872361+00:00""}"
3056.400000000,REPLAN_REQUESTED,"{""message"": ""Replanning request. curr_vertex_idx: 89"", ""wall_time_utc"": ""2026-09-06T17:44:27.874467+00:00""}"
3058.900000000,LOCAL_REPLAN,"{""message"": ""Call local replanning..."", ""wall_time_utc"": ""2026-09-06T17:44:30.343486+00:00""}"
3058.900000000,REPLAN_REQUESTED,"{""message"": ""Replanning request. curr_vertex_idx: 89"", ""wall_time_utc"": ""2026-09-06T17:44:30.345521+00:00""}"
3060.400000000,LOCAL_REPLAN,"{""message"": ""Call local replanning..."", ""wall_time_utc"": ""2026-09-06T17:44:31.865321+00:00""}"
3060.400000000,REPLAN_REQUESTED,"{""message"": ""Replanning request. curr_vertex_idx: 89"", ""wall_time_utc"": ""2026-09-06T17:44:31.867358+00:00""}"
3062.400000000,LOCAL_REPLAN,"{""message"": ""Call local replanning..."", ""wall_time_utc"": ""2026-09-06T17:44:33.901371+00:00""}"
3062.400000000,REPLAN_REQUESTED,"{""message"": ""Replanning request. curr_vertex_idx: 89"", ""wall_time_utc"": ""2026-09-06T17:44:33.903285+00:00""}"
3064.200000000,LOCAL_REPLAN,"{""message"": ""Call local replanning..."", ""wall_time_utc"": ""2026-09-06T17:44:35.638098+00:00""}"
3064.200000000,REPLAN_REQUESTED,"{""message"": ""Replanning request. curr_vertex_idx: 89"", ""wall_time_utc"": ""2026-09-06T17:44:35.639891+00:00""}"
3066.700000000,LOCAL_REPLAN,"{""message"": ""Call local replanning..."", ""wall_time_utc"": ""2026-09-06T17:44:38.197752+00:00""}"
3066.700000000,REPLAN_REQUESTED,"{""message"": ""Replanning request. curr_vertex_idx: 89"", ""wall_time_utc"": ""2026-09-06T17:44:38.199792+00:00""}"
3068.600000000,LOCAL_REPLAN,"{""message"": ""Call local replanning..."", ""wall_time_utc"": ""2026-09-06T17:44:40.118809+00:00""}"
3068.600000000,REPLAN_REQUESTED,"{""message"": ""Replanning request. curr_vertex_idx: 89"", ""wall_time_utc"": ""2026-09-06T17:44:40.120777+00:00""}"
3070.600000000,LOCAL_REPLAN,"{""message"": ""Call local replanning..."", ""wall_time_utc"": ""2026-09-06T17:44:42.100448+00:00""}"
3070.600000000,REPLAN_REQUESTED,"{""message"": ""Replanning request. curr_vertex_idx: 89"", ""wall_time_utc"": ""2026-09-06T17:44:42.102337+00:00""}"
3072.600000000,LOCAL_REPLAN,"{""message"": ""Call local replanning..."", ""wall_time_utc"": ""2026-09-06T17:44:44.074807+00:00""}"
3072.600000000,REPLAN_REQUESTED,"{""message"": ""Replanning request. curr_vertex_idx: 89"", ""wall_time_utc"": ""2026-09-06T17:44:44.076769+00:00""}"
3074.600000000,LOCAL_REPLAN,"{""message"": ""Call local replanning..."", ""wall_time_utc"": ""2026-09-06T17:44:46.116202+00:00""}"
3074.600000000,REPLAN_REQUESTED,"{""message"": ""Replanning request. curr_vertex_idx: 89"", ""wall_time_utc"": ""2026-09-06T17:44:46.117827+00:00""}"
3076.600000000,LOCAL_REPLAN,"{""message"": ""Call local replanning..."", ""wall_time_utc"": ""2026-09-06T17:44:48.076268+00:00""}"
3076.600000000,REPLAN_REQUESTED,"{""message"": ""Replanning request. curr_vertex_idx: 89"", ""wall_time_utc"": ""2026-09-06T17:44:48.078270+00:00""}"
3078.200000000,LOCAL_REPLAN,"{""message"": ""Call local replanning..."", ""wall_time_utc"": ""2026-09-06T17:44:49.689931+00:00""}"
3078.200000000,REPLAN_REQUESTED,"{""message"": ""Replanning request. curr_vertex_idx: 89"", ""wall_time_utc"": ""2026-09-06T17:44:49.691452+00:00""}"
3080.400000000,LOCAL_REPLAN,"{""message"": ""Call local replanning..."", ""wall_time_utc"": ""2026-09-06T17:44:51.881298+00:00""}"
3080.400000000,REPLAN_REQUESTED,"{""message"": ""Replanning request. curr_vertex_idx: 89"", ""wall_time_utc"": ""2026-09-06T17:44:51.883247+00:00""}"
3082.000000000,LOCAL_REPLAN,"{""message"": ""Call local replanning..."", ""wall_time_utc"": ""2026-09-06T17:44:53.457638+00:00""}"
3082.000000000,REPLAN_REQUESTED,"{""message"": ""Replanning request. curr_vertex_idx: 89"", ""wall_time_utc"": ""2026-09-06T17:44:53.459277+00:00""}"
3084.200000000,LOCAL_REPLAN,"{""message"": ""Call local replanning..."", ""wall_time_utc"": ""2026-09-06T17:44:55.708267+00:00""}"
3084.200000000,REPLAN_REQUESTED,"{""message"": ""Replanning request. curr_vertex_idx: 89"", ""wall_time_utc"": ""2026-09-06T17:44:55.710077+00:00""}"
3086.200000000,LOCAL_REPLAN,"{""message"": ""Call local replanning..."", ""wall_time_utc"": ""2026-09-06T17:44:57.693254+00:00""}"
3086.200000000,REPLAN_REQUESTED,"{""message"": ""Replanning request. curr_vertex_idx: 89"", ""wall_time_utc"": ""2026-09-06T17:44:57.695311+00:00""}"
3088.400000000,LOCAL_REPLAN,"{""message"": ""Call local replanning..."", ""wall_time_utc"": ""2026-09-06T17:44:59.872011+00:00""}"
3088.400000000,REPLAN_REQUESTED,"{""message"": ""Replanning request. curr_vertex_idx: 89"", ""wall_time_utc"": ""2026-09-06T17:44:59.874301+00:00""}"
3090.200000000,LOCAL_REPLAN,"{""message"": ""Call local replanning..."", ""wall_time_utc"": ""2026-09-06T17:45:01.694752+00:00""}"
3090.200000000,REPLAN_REQUESTED,"{""message"": ""Replanning request. curr_vertex_idx: 89"", ""wall_time_utc"": ""2026-09-06T17:45:01.696849+00:00""}"
3091.800000000,LOCAL_REPLAN,"{""message"": ""Call local replanning..."", ""wall_time_utc"": ""2026-09-06T17:45:03.274827+00:00""}"
3091.800000000,REPLAN_REQUESTED,"{""message"": ""Replanning request. curr_vertex_idx: 89"", ""wall_time_utc"": ""2026-09-06T17:45:03.276925+00:00""}"
3094.400000000,LOCAL_REPLAN,"{""message"": ""Call local replanning..."", ""wall_time_utc"": ""2026-09-06T17:45:05.869718+00:00""}"
3094.400000000,REPLAN_REQUESTED,"{""message"": ""Replanning request. curr_vertex_idx: 89"", ""wall_time_utc"": ""2026-09-06T17:45:05.871962+00:00""}"
3096.700000000,LOCAL_REPLAN,"{""message"": ""Call local replanning..."", ""wall_time_utc"": ""2026-09-06T17:45:08.123704+00:00""}"
3096.700000000,REPLAN_REQUESTED,"{""message"": ""Replanning request. curr_vertex_idx: 89"", ""wall_time_utc"": ""2026-09-06T17:45:08.125185+00:00""}"
3098.600000000,LOCAL_REPLAN,"{""message"": ""Call local replanning..."", ""wall_time_utc"": ""2026-09-06T17:45:10.071631+00:00""}"
3098.600000000,REPLAN_REQUESTED,"{""message"": ""Replanning request. curr_vertex_idx: 89"", ""wall_time_utc"": ""2026-09-06T17:45:10.073700+00:00""}"
3100.700000000,LOCAL_REPLAN,"{""message"": ""Call local replanning..."", ""wall_time_utc"": ""2026-09-06T17:45:12.128532+00:00""}"
3100.700000000,REPLAN_REQUESTED,"{""message"": ""Replanning request. curr_vertex_idx: 89"", ""wall_time_utc"": ""2026-09-06T17:45:12.130123+00:00""}"
3102.000000000,LOCAL_REPLAN,"{""message"": ""Call local replanning..."", ""wall_time_utc"": ""2026-09-06T17:45:13.466001+00:00""}"
3102.000000000,REPLAN_REQUESTED,"{""message"": ""Replanning request. curr_vertex_idx: 89"", ""wall_time_utc"": ""2026-09-06T17:45:13.467901+00:00""}"
3104.200000000,LOCAL_REPLAN,"{""message"": ""Call local replanning..."", ""wall_time_utc"": ""2026-09-06T17:45:15.701209+00:00""}"
3104.200000000,REPLAN_REQUESTED,"{""message"": ""Replanning request. curr_vertex_idx: 89"", ""wall_time_utc"": ""2026-09-06T17:45:15.703248+00:00""}"
3106.400000000,LOCAL_REPLAN,"{""message"": ""Call local replanning..."", ""wall_time_utc"": ""2026-09-06T17:45:17.875443+00:00""}"
3106.400000000,REPLAN_REQUESTED,"{""message"": ""Replanning request. curr_vertex_idx: 89"", ""wall_time_utc"": ""2026-09-06T17:45:17.877658+00:00""}"
3108.200000000,LOCAL_REPLAN,"{""message"": ""Call local replanning..."", ""wall_time_utc"": ""2026-09-06T17:45:19.703733+00:00""}"
3108.200000000,REPLAN_REQUESTED,"{""message"": ""Replanning request. curr_vertex_idx: 89"", ""wall_time_utc"": ""2026-09-06T17:45:19.706004+00:00""}"
3110.400000000,LOCAL_REPLAN,"{""message"": ""Call local replanning..."", ""wall_time_utc"": ""2026-09-06T17:45:21.871803+00:00""}"
3110.400000000,REPLAN_REQUESTED,"{""message"": ""Replanning request. curr_vertex_idx: 89"", ""wall_time_utc"": ""2026-09-06T17:45:21.873854+00:00""}"
3112.000000000,LOCAL_REPLAN,"{""message"": ""Call local replanning..."", ""wall_time_utc"": ""2026-09-06T17:45:23.445433+00:00""}"
3112.000000000,REPLAN_REQUESTED,"{""message"": ""Replanning request. curr_vertex_idx: 89"", ""wall_time_utc"": ""2026-09-06T17:45:23.447480+00:00""}"
3114.400000000,LOCAL_REPLAN,"{""message"": ""Call local replanning..."", ""wall_time_utc"": ""2026-09-06T17:45:25.896146+00:00""}"
3114.400000000,REPLAN_REQUESTED,"{""message"": ""Replanning request. curr_vertex_idx: 89"", ""wall_time_utc"": ""2026-09-06T17:45:25.898108+00:00""}"
3116.200000000,LOCAL_REPLAN,"{""message"": ""Call local replanning..."", ""wall_time_utc"": ""2026-09-06T17:45:27.685149+00:00""}"
3116.200000000,REPLAN_REQUESTED,"{""message"": ""Replanning request. curr_vertex_idx: 89"", ""wall_time_utc"": ""2026-09-06T17:45:27.687302+00:00""}"
3118.400000000,LOCAL_REPLAN,"{""message"": ""Call local replanning..."", ""wall_time_utc"": ""2026-09-06T17:45:29.882960+00:00""}"
3118.400000000,REPLAN_REQUESTED,"{""message"": ""Replanning request. curr_vertex_idx: 89"", ""wall_time_utc"": ""2026-09-06T17:45:29.885031+00:00""}"
3120.400000000,LOCAL_REPLAN,"{""message"": ""Call local replanning..."", ""wall_time_utc"": ""2026-09-06T17:45:31.882711+00:00""}"
3120.400000000,REPLAN_REQUESTED,"{""message"": ""Replanning request. curr_vertex_idx: 89"", ""wall_time_utc"": ""2026-09-06T17:45:31.884610+00:00""}"
3121.900000000,LOCAL_REPLAN,"{""message"": ""Call local replanning..."", ""wall_time_utc"": ""2026-09-06T17:45:33.342668+00:00""}"
3121.900000000,REPLAN_REQUESTED,"{""message"": ""Replanning request. curr_vertex_idx: 89"", ""wall_time_utc"": ""2026-09-06T17:45:33.344712+00:00""}"
3124.300000000,LOCAL_REPLAN,"{""message"": ""Call local replanning..."", ""wall_time_utc"": ""2026-09-06T17:45:35.735194+00:00""}"
3124.300000000,REPLAN_REQUESTED,"{""message"": ""Replanning request. curr_vertex_idx: 89"", ""wall_time_utc"": ""2026-09-06T17:45:35.737079+00:00""}"
3126.200000000,LOCAL_REPLAN,"{""message"": ""Call local replanning..."", ""wall_time_utc"": ""2026-09-06T17:45:37.700469+00:00""}"
3126.200000000,REPLAN_REQUESTED,"{""message"": ""Replanning request. curr_vertex_idx: 89"", ""wall_time_utc"": ""2026-09-06T17:45:37.702439+00:00""}"
3128.200000000,LOCAL_REPLAN,"{""message"": ""Call local replanning..."", ""wall_time_utc"": ""2026-09-06T17:45:39.699661+00:00""}"
3128.200000000,REPLAN_REQUESTED,"{""message"": ""Replanning request. curr_vertex_idx: 89"", ""wall_time_utc"": ""2026-09-06T17:45:39.701612+00:00""}"
3130.600000000,LOCAL_REPLAN,"{""message"": ""Call local replanning..."", ""wall_time_utc"": ""2026-09-06T17:45:42.109711+00:00""}"
3130.600000000,REPLAN_REQUESTED,"{""message"": ""Replanning request. curr_vertex_idx: 89"", ""wall_time_utc"": ""2026-09-06T17:45:42.111936+00:00""}"
3132.700000000,LOCAL_REPLAN,"{""message"": ""Call local replanning..."", ""wall_time_utc"": ""2026-09-06T17:45:44.134203+00:00""}"
3132.700000000,REPLAN_REQUESTED,"{""message"": ""Replanning request. curr_vertex_idx: 89"", ""wall_time_utc"": ""2026-09-06T17:45:44.135970+00:00""}"
3134.400000000,LOCAL_REPLAN,"{""message"": ""Call local replanning..."", ""wall_time_utc"": ""2026-09-06T17:45:45.886119+00:00""}"
3134.400000000,REPLAN_REQUESTED,"{""message"": ""Replanning request. curr_vertex_idx: 89"", ""wall_time_utc"": ""2026-09-06T17:45:45.888010+00:00""}"
3136.800000000,LOCAL_REPLAN,"{""message"": ""Call local replanning..."", ""wall_time_utc"": ""2026-09-06T17:45:48.322578+00:00""}"
3136.900000000,REPLAN_REQUESTED,"{""message"": ""Replanning request. curr_vertex_idx: 89"", ""wall_time_utc"": ""2026-09-06T17:45:48.324779+00:00""}"
3138.800000000,LOCAL_REPLAN,"{""message"": ""Call local replanning..."", ""wall_time_utc"": ""2026-09-06T17:45:50.295016+00:00""}"
3138.800000000,REPLAN_REQUESTED,"{""message"": ""Replanning request. curr_vertex_idx: 89"", ""wall_time_utc"": ""2026-09-06T17:45:50.297339+00:00""}"
3140.800000000,LOCAL_REPLAN,"{""message"": ""Call local replanning..."", ""wall_time_utc"": ""2026-09-06T17:45:52.260359+00:00""}"
3140.800000000,REPLAN_REQUESTED,"{""message"": ""Replanning request. curr_vertex_idx: 89"", ""wall_time_utc"": ""2026-09-06T17:45:52.262365+00:00""}"
3142.400000000,LOCAL_REPLAN,"{""message"": ""Call local replanning..."", ""wall_time_utc"": ""2026-09-06T17:45:53.882271+00:00""}"
3142.400000000,REPLAN_REQUESTED,"{""message"": ""Replanning request. curr_vertex_idx: 89"", ""wall_time_utc"": ""2026-09-06T17:45:53.884582+00:00""}"
3144.600000000,LOCAL_REPLAN,"{""message"": ""Call local replanning..."", ""wall_time_utc"": ""2026-09-06T17:45:56.105438+00:00""}"
3144.600000000,REPLAN_REQUESTED,"{""message"": ""Replanning request. curr_vertex_idx: 89"", ""wall_time_utc"": ""2026-09-06T17:45:56.107454+00:00""}"
3146.600000000,LOCAL_REPLAN,"{""message"": ""Call local replanning..."", ""wall_time_utc"": ""2026-09-06T17:45:58.097396+00:00""}"
3146.600000000,REPLAN_REQUESTED,"{""message"": ""Replanning request. curr_vertex_idx: 89"", ""wall_time_utc"": ""2026-09-06T17:45:58.099401+00:00""}"
3148.400000000,LOCAL_REPLAN,"{""message"": ""Call local replanning..."", ""wall_time_utc"": ""2026-09-06T17:45:59.884635+00:00""}"
3148.400000000,REPLAN_REQUESTED,"{""message"": ""Replanning request. curr_vertex_idx: 89"", ""wall_time_utc"": ""2026-09-06T17:45:59.887000+00:00""}"
3150.400000000,LOCAL_REPLAN,"{""message"": ""Call local replanning..."", ""wall_time_utc"": ""2026-09-06T17:46:01.877097+00:00""}"
3150.400000000,REPLAN_REQUESTED,"{""message"": ""Replanning request. curr_vertex_idx: 89"", ""wall_time_utc"": ""2026-09-06T17:46:01.878893+00:00""}"
3152.800000000,LOCAL_REPLAN,"{""message"": ""Call local replanning..."", ""wall_time_utc"": ""2026-09-06T17:46:04.269176+00:00""}"
3152.800000000,REPLAN_REQUESTED,"{""message"": ""Replanning request. curr_vertex_idx: 89"", ""wall_time_utc"": ""2026-09-06T17:46:04.271305+00:00""}"
3154.600000000,LOCAL_REPLAN,"{""message"": ""Call local replanning..."", ""wall_time_utc"": ""2026-09-06T17:46:06.097106+00:00""}"
3154.600000000,REPLAN_REQUESTED,"{""message"": ""Replanning request. curr_vertex_idx: 89"", ""wall_time_utc"": ""2026-09-06T17:46:06.099026+00:00""}"
3156.600000000,LOCAL_REPLAN,"{""message"": ""Call local replanning..."", ""wall_time_utc"": ""2026-09-06T17:46:08.107872+00:00""}"
3156.600000000,REPLAN_REQUESTED,"{""message"": ""Replanning request. curr_vertex_idx: 89"", ""wall_time_utc"": ""2026-09-06T17:46:08.109885+00:00""}"
3158.600000000,LOCAL_REPLAN,"{""message"": ""Call local replanning..."", ""wall_time_utc"": ""2026-09-06T17:46:10.115753+00:00""}"
3158.600000000,REPLAN_REQUESTED,"{""message"": ""Replanning request. curr_vertex_idx: 89"", ""wall_time_utc"": ""2026-09-06T17:46:10.117659+00:00""}"
3160.400000000,LOCAL_REPLAN,"{""message"": ""Call local replanning..."", ""wall_time_utc"": ""2026-09-06T17:46:11.875118+00:00""}"
3160.400000000,REPLAN_REQUESTED,"{""message"": ""Replanning request. curr_vertex_idx: 89"", ""wall_time_utc"": ""2026-09-06T17:46:11.877040+00:00""}"
3163.200000000,LOCAL_REPLAN,"{""message"": ""Call local replanning..."", ""wall_time_utc"": ""2026-09-06T17:46:14.669822+00:00""}"
3163.200000000,REPLAN_REQUESTED,"{""message"": ""Replanning request. curr_vertex_idx: 89"", ""wall_time_utc"": ""2026-09-06T17:46:14.672269+00:00""}"
3164.900000000,LOCAL_REPLAN,"{""message"": ""Call local replanning..."", ""wall_time_utc"": ""2026-09-06T17:46:16.346163+00:00""}"
3164.900000000,REPLAN_REQUESTED,"{""message"": ""Replanning request. curr_vertex_idx: 89"", ""wall_time_utc"": ""2026-09-06T17:46:16.348236+00:00""}"
3166.800000000,LOCAL_REPLAN,"{""message"": ""Call local replanning..."", ""wall_time_utc"": ""2026-09-06T17:46:18.289259+00:00""}"
3166.800000000,REPLAN_REQUESTED,"{""message"": ""Replanning request. curr_vertex_idx: 89"", ""wall_time_utc"": ""2026-09-06T17:46:18.291352+00:00""}"
3168.800000000,LOCAL_REPLAN,"{""message"": ""Call local replanning..."", ""wall_time_utc"": ""2026-09-06T17:46:20.308682+00:00""}"
3168.800000000,REPLAN_REQUESTED,"{""message"": ""Replanning request. curr_vertex_idx: 89"", ""wall_time_utc"": ""2026-09-06T17:46:20.310857+00:00""}"
3170.400000000,LOCAL_REPLAN,"{""message"": ""Call local replanning..."", ""wall_time_utc"": ""2026-09-06T17:46:21.880650+00:00""}"
3170.400000000,REPLAN_REQUESTED,"{""message"": ""Replanning request. curr_vertex_idx: 89"", ""wall_time_utc"": ""2026-09-06T17:46:21.882420+00:00""}"
3172.400000000,LOCAL_REPLAN,"{""message"": ""Call local replanning..."", ""wall_time_utc"": ""2026-09-06T17:46:23.868951+00:00""}"
3172.400000000,REPLAN_REQUESTED,"{""message"": ""Replanning request. curr_vertex_idx: 89"", ""wall_time_utc"": ""2026-09-06T17:46:23.871054+00:00""}"
3174.000000000,LOCAL_REPLAN,"{""message"": ""Call local replanning..."", ""wall_time_utc"": ""2026-09-06T17:46:25.457520+00:00""}"
3174.000000000,REPLAN_REQUESTED,"{""message"": ""Replanning request. curr_vertex_idx: 89"", ""wall_time_utc"": ""2026-09-06T17:46:25.459892+00:00""}"
3176.200000000,LOCAL_REPLAN,"{""message"": ""Call local replanning..."", ""wall_time_utc"": ""2026-09-06T17:46:27.702794+00:00""}"
3176.200000000,REPLAN_REQUESTED,"{""message"": ""Replanning request. curr_vertex_idx: 89"", ""wall_time_utc"": ""2026-09-06T17:46:27.705336+00:00""}"
3178.200000000,LOCAL_REPLAN,"{""message"": ""Call local replanning..."", ""wall_time_utc"": ""2026-09-06T17:46:29.699826+00:00""}"
3178.200000000,REPLAN_REQUESTED,"{""message"": ""Replanning request. curr_vertex_idx: 89"", ""wall_time_utc"": ""2026-09-06T17:46:29.701815+00:00""}"
3180.600000000,LOCAL_REPLAN,"{""message"": ""Call local replanning..."", ""wall_time_utc"": ""2026-09-06T17:46:32.080987+00:00""}"
3180.600000000,REPLAN_REQUESTED,"{""message"": ""Replanning request. curr_vertex_idx: 89"", ""wall_time_utc"": ""2026-09-06T17:46:32.082796+00:00""}"
3182.900000000,LOCAL_REPLAN,"{""message"": ""Call local replanning..."", ""wall_time_utc"": ""2026-09-06T17:46:34.357248+00:00""}"
3182.900000000,REPLAN_REQUESTED,"{""message"": ""Replanning request. curr_vertex_idx: 89"", ""wall_time_utc"": ""2026-09-06T17:46:34.358924+00:00""}"
3184.600000000,LOCAL_REPLAN,"{""message"": ""Call local replanning..."", ""wall_time_utc"": ""2026-09-06T17:46:36.083174+00:00""}"
3184.600000000,REPLAN_REQUESTED,"{""message"": ""Replanning request. curr_vertex_idx: 89"", ""wall_time_utc"": ""2026-09-06T17:46:36.085172+00:00""}"
3186.700000000,LOCAL_REPLAN,"{""message"": ""Call local replanning..."", ""wall_time_utc"": ""2026-09-06T17:46:38.128202+00:00""}"
3186.700000000,REPLAN_REQUESTED,"{""message"": ""Replanning request. curr_vertex_idx: 89"", ""wall_time_utc"": ""2026-09-06T17:46:38.130063+00:00""}"
3189.100000000,LOCAL_REPLAN,"{""message"": ""Call local replanning..."", ""wall_time_utc"": ""2026-09-06T17:46:40.579543+00:00""}"
3189.100000000,REPLAN_REQUESTED,"{""message"": ""Replanning request. curr_vertex_idx: 89"", ""wall_time_utc"": ""2026-09-06T17:46:40.581770+00:00""}"
3190.800000000,LOCAL_REPLAN,"{""message"": ""Call local replanning..."", ""wall_time_utc"": ""2026-09-06T17:46:42.260076+00:00""}"
3190.800000000,REPLAN_REQUESTED,"{""message"": ""Replanning request. curr_vertex_idx: 89"", ""wall_time_utc"": ""2026-09-06T17:46:42.262231+00:00""}"
3192.400000000,LOCAL_REPLAN,"{""message"": ""Call local replanning..."", ""wall_time_utc"": ""2026-09-06T17:46:43.882750+00:00""}"
3192.400000000,REPLAN_REQUESTED,"{""message"": ""Replanning request. curr_vertex_idx: 89"", ""wall_time_utc"": ""2026-09-06T17:46:43.884623+00:00""}"
3194.400000000,LOCAL_REPLAN,"{""message"": ""Call local replanning..."", ""wall_time_utc"": ""2026-09-06T17:46:45.892214+00:00""}"
3194.400000000,REPLAN_REQUESTED,"{""message"": ""Replanning request. curr_vertex_idx: 89"", ""wall_time_utc"": ""2026-09-06T17:46:45.894073+00:00""}"
3196.000000000,LOCAL_REPLAN,"{""message"": ""Call local replanning..."", ""wall_time_utc"": ""2026-09-06T17:46:47.461790+00:00""}"
3196.000000000,REPLAN_REQUESTED,"{""message"": ""Replanning request. curr_vertex_idx: 89"", ""wall_time_utc"": ""2026-09-06T17:46:47.464083+00:00""}"
3198.200000000,LOCAL_REPLAN,"{""message"": ""Call local replanning..."", ""wall_time_utc"": ""2026-09-06T17:46:49.700083+00:00""}"
3198.200000000,REPLAN_REQUESTED,"{""message"": ""Replanning request. curr_vertex_idx: 89"", ""wall_time_utc"": ""2026-09-06T17:46:49.701961+00:00""}"
3200.200000000,LOCAL_REPLAN,"{""message"": ""Call local replanning..."", ""wall_time_utc"": ""2026-09-06T17:46:51.710941+00:00""}"
3200.200000000,REPLAN_REQUESTED,"{""message"": ""Replanning request. curr_vertex_idx: 89"", ""wall_time_utc"": ""2026-09-06T17:46:51.712942+00:00""}"
3202.200000000,LOCAL_REPLAN,"{""message"": ""Call local replanning..."", ""wall_time_utc"": ""2026-09-06T17:46:53.695658+00:00""}"
3202.200000000,REPLAN_REQUESTED,"{""message"": ""Replanning request. curr_vertex_idx: 89"", ""wall_time_utc"": ""2026-09-06T17:46:53.697615+00:00""}"
3204.300000000,LOCAL_REPLAN,"{""message"": ""Call local replanning..."", ""wall_time_utc"": ""2026-09-06T17:46:55.773295+00:00""}"
3204.300000000,REPLAN_REQUESTED,"{""message"": ""Replanning request. curr_vertex_idx: 89"", ""wall_time_utc"": ""2026-09-06T17:46:55.775451+00:00""}"
3206.200000000,LOCAL_REPLAN,"{""message"": ""Call local replanning..."", ""wall_time_utc"": ""2026-09-06T17:46:57.700997+00:00""}"
3206.200000000,REPLAN_REQUESTED,"{""message"": ""Replanning request. curr_vertex_idx: 89"", ""wall_time_utc"": ""2026-09-06T17:46:57.703047+00:00""}"
3208.200000000,LOCAL_REPLAN,"{""message"": ""Call local replanning..."", ""wall_time_utc"": ""2026-09-06T17:46:59.699725+00:00""}"
3208.200000000,REPLAN_REQUESTED,"{""message"": ""Replanning request. curr_vertex_idx: 89"", ""wall_time_utc"": ""2026-09-06T17:46:59.701729+00:00""}"
3210.200000000,LOCAL_REPLAN,"{""message"": ""Call local replanning..."", ""wall_time_utc"": ""2026-09-06T17:47:01.702409+00:00""}"
3210.200000000,REPLAN_REQUESTED,"{""message"": ""Replanning request. curr_vertex_idx: 89"", ""wall_time_utc"": ""2026-09-06T17:47:01.704440+00:00""}"
3212.600000000,LOCAL_REPLAN,"{""message"": ""Call local replanning..."", ""wall_time_utc"": ""2026-09-06T17:47:04.070471+00:00""}"
3212.600000000,REPLAN_REQUESTED,"{""message"": ""Replanning request. curr_vertex_idx: 89"", ""wall_time_utc"": ""2026-09-06T17:47:04.072485+00:00""}"
3214.200000000,LOCAL_REPLAN,"{""message"": ""Call local replanning..."", ""wall_time_utc"": ""2026-09-06T17:47:05.710095+00:00""}"
3214.200000000,REPLAN_REQUESTED,"{""message"": ""Replanning request. curr_vertex_idx: 89"", ""wall_time_utc"": ""2026-09-06T17:47:05.712209+00:00""}"
3216.200000000,LOCAL_REPLAN,"{""message"": ""Call local replanning..."", ""wall_time_utc"": ""2026-09-06T17:47:07.698229+00:00""}"
3216.200000000,REPLAN_REQUESTED,"{""message"": ""Replanning request. curr_vertex_idx: 89"", ""wall_time_utc"": ""2026-09-06T17:47:07.700795+00:00""}"
3218.900000000,LOCAL_REPLAN,"{""message"": ""Call local replanning..."", ""wall_time_utc"": ""2026-09-06T17:47:10.404571+00:00""}"
3218.900000000,REPLAN_REQUESTED,"{""message"": ""Replanning request. curr_vertex_idx: 89"", ""wall_time_utc"": ""2026-09-06T17:47:10.406945+00:00""}"
3220.600000000,LOCAL_REPLAN,"{""message"": ""Call local replanning..."", ""wall_time_utc"": ""2026-09-06T17:47:12.091749+00:00""}"
3220.600000000,REPLAN_REQUESTED,"{""message"": ""Replanning request. curr_vertex_idx: 89"", ""wall_time_utc"": ""2026-09-06T17:47:12.094076+00:00""}"
3222.200000000,LOCAL_REPLAN,"{""message"": ""Call local replanning..."", ""wall_time_utc"": ""2026-09-06T17:47:13.703448+00:00""}"
3222.200000000,REPLAN_REQUESTED,"{""message"": ""Replanning request. curr_vertex_idx: 89"", ""wall_time_utc"": ""2026-09-06T17:47:13.705812+00:00""}"
3224.200000000,LOCAL_REPLAN,"{""message"": ""Call local replanning..."", ""wall_time_utc"": ""2026-09-06T17:47:15.711236+00:00""}"
3224.200000000,REPLAN_REQUESTED,"{""message"": ""Replanning request. curr_vertex_idx: 89"", ""wall_time_utc"": ""2026-09-06T17:47:15.713601+00:00""}"
3226.300000000,LOCAL_REPLAN,"{""message"": ""Call local replanning..."", ""wall_time_utc"": ""2026-09-06T17:47:17.775620+00:00""}"
3226.300000000,REPLAN_REQUESTED,"{""message"": ""Replanning request. curr_vertex_idx: 89"", ""wall_time_utc"": ""2026-09-06T17:47:17.777941+00:00""}"
3228.200000000,LOCAL_REPLAN,"{""message"": ""Call local replanning..."", ""wall_time_utc"": ""2026-09-06T17:47:19.711603+00:00""}"
3228.200000000,REPLAN_REQUESTED,"{""message"": ""Replanning request. curr_vertex_idx: 89"", ""wall_time_utc"": ""2026-09-06T17:47:19.713425+00:00""}"
3230.600000000,LOCAL_REPLAN,"{""message"": ""Call local replanning..."", ""wall_time_utc"": ""2026-09-06T17:47:22.100153+00:00""}"
3230.600000000,REPLAN_REQUESTED,"{""message"": ""Replanning request. curr_vertex_idx: 89"", ""wall_time_utc"": ""2026-09-06T17:47:22.102102+00:00""}"
3232.700000000,LOCAL_REPLAN,"{""message"": ""Call local replanning..."", ""wall_time_utc"": ""2026-09-06T17:47:24.130900+00:00""}"
3232.700000000,REPLAN_REQUESTED,"{""message"": ""Replanning request. curr_vertex_idx: 89"", ""wall_time_utc"": ""2026-09-06T17:47:24.133345+00:00""}"
3234.700000000,LOCAL_REPLAN,"{""message"": ""Call local replanning..."", ""wall_time_utc"": ""2026-09-06T17:47:26.132340+00:00""}"
3234.700000000,REPLAN_REQUESTED,"{""message"": ""Replanning request. curr_vertex_idx: 89"", ""wall_time_utc"": ""2026-09-06T17:47:26.134413+00:00""}"
3236.600000000,LOCAL_REPLAN,"{""message"": ""Call local replanning..."", ""wall_time_utc"": ""2026-09-06T17:47:28.103846+00:00""}"
3236.600000000,REPLAN_REQUESTED,"{""message"": ""Replanning request. curr_vertex_idx: 89"", ""wall_time_utc"": ""2026-09-06T17:47:28.105643+00:00""}"
3238.200000000,LOCAL_REPLAN,"{""message"": ""Call local replanning..."", ""wall_time_utc"": ""2026-09-06T17:47:29.709512+00:00""}"
3238.200000000,REPLAN_REQUESTED,"{""message"": ""Replanning request. curr_vertex_idx: 89"", ""wall_time_utc"": ""2026-09-06T17:47:29.711549+00:00""}"
3240.200000000,LOCAL_REPLAN,"{""message"": ""Call local replanning..."", ""wall_time_utc"": ""2026-09-06T17:47:31.714963+00:00""}"
3240.200000000,REPLAN_REQUESTED,"{""message"": ""Replanning request. curr_vertex_idx: 89"", ""wall_time_utc"": ""2026-09-06T17:47:31.717526+00:00""}"
3242.300000000,LOCAL_REPLAN,"{""message"": ""Call local replanning..."", ""wall_time_utc"": ""2026-09-06T17:47:33.756912+00:00""}"
3242.300000000,REPLAN_REQUESTED,"{""message"": ""Replanning request. curr_vertex_idx: 89"", ""wall_time_utc"": ""2026-09-06T17:47:33.758881+00:00""}"
3245.100000000,LOCAL_REPLAN,"{""message"": ""Call local replanning..."", ""wall_time_utc"": ""2026-09-06T17:47:36.553863+00:00""}"
3245.100000000,REPLAN_REQUESTED,"{""message"": ""Replanning request. curr_vertex_idx: 89"", ""wall_time_utc"": ""2026-09-06T17:47:36.555608+00:00""}"
3246.200000000,LOCAL_REPLAN,"{""message"": ""Call local replanning..."", ""wall_time_utc"": ""2026-09-06T17:47:37.717041+00:00""}"
3246.200000000,REPLAN_REQUESTED,"{""message"": ""Replanning request. curr_vertex_idx: 89"", ""wall_time_utc"": ""2026-09-06T17:47:37.718765+00:00""}"
3248.400000000,LOCAL_REPLAN,"{""message"": ""Call local replanning..."", ""wall_time_utc"": ""2026-09-06T17:47:39.890350+00:00""}"
3248.400000000,REPLAN_REQUESTED,"{""message"": ""Replanning request. curr_vertex_idx: 89"", ""wall_time_utc"": ""2026-09-06T17:47:39.892488+00:00""}"
3250.400000000,LOCAL_REPLAN,"{""message"": ""Call local replanning..."", ""wall_time_utc"": ""2026-09-06T17:47:41.832559+00:00""}"
3250.400000000,REPLAN_REQUESTED,"{""message"": ""Replanning request. curr_vertex_idx: 89"", ""wall_time_utc"": ""2026-09-06T17:47:41.834509+00:00""}"
3252.200000000,LOCAL_REPLAN,"{""message"": ""Call local replanning..."", ""wall_time_utc"": ""2026-09-06T17:47:43.707327+00:00""}"
3252.200000000,REPLAN_REQUESTED,"{""message"": ""Replanning request. curr_vertex_idx: 89"", ""wall_time_utc"": ""2026-09-06T17:47:43.709315+00:00""}"
3254.200000000,LOCAL_REPLAN,"{""message"": ""Call local replanning..."", ""wall_time_utc"": ""2026-09-06T17:47:45.707578+00:00""}"
3254.200000000,REPLAN_REQUESTED,"{""message"": ""Replanning request. curr_vertex_idx: 89"", ""wall_time_utc"": ""2026-09-06T17:47:45.709478+00:00""}"
3256.000000000,LOCAL_REPLAN,"{""message"": ""Call local replanning..."", ""wall_time_utc"": ""2026-09-06T17:47:47.472651+00:00""}"
3256.000000000,REPLAN_REQUESTED,"{""message"": ""Replanning request. curr_vertex_idx: 89"", ""wall_time_utc"": ""2026-09-06T17:47:47.474774+00:00""}"
3258.400000000,LOCAL_REPLAN,"{""message"": ""Call local replanning..."", ""wall_time_utc"": ""2026-09-06T17:47:49.874226+00:00""}"
3258.400000000,REPLAN_REQUESTED,"{""message"": ""Replanning request. curr_vertex_idx: 89"", ""wall_time_utc"": ""2026-09-06T17:47:49.876268+00:00""}"
3260.300000000,LOCAL_REPLAN,"{""message"": ""Call local replanning..."", ""wall_time_utc"": ""2026-09-06T17:47:51.772174+00:00""}"
3260.300000000,REPLAN_REQUESTED,"{""message"": ""Replanning request. curr_vertex_idx: 89"", ""wall_time_utc"": ""2026-09-06T17:47:51.774361+00:00""}"
3262.700000000,LOCAL_REPLAN,"{""message"": ""Call local replanning..."", ""wall_time_utc"": ""2026-09-06T17:47:54.132197+00:00""}"
3262.700000000,REPLAN_REQUESTED,"{""message"": ""Replanning request. curr_vertex_idx: 89"", ""wall_time_utc"": ""2026-09-06T17:47:54.134132+00:00""}"
3264.700000000,LOCAL_REPLAN,"{""message"": ""Call local replanning..."", ""wall_time_utc"": ""2026-09-06T17:47:56.150772+00:00""}"
3264.700000000,REPLAN_REQUESTED,"{""message"": ""Replanning request. curr_vertex_idx: 89"", ""wall_time_utc"": ""2026-09-06T17:47:56.152584+00:00""}"
3267.300000000,LOCAL_REPLAN,"{""message"": ""Call local replanning..."", ""wall_time_utc"": ""2026-09-06T17:47:58.793869+00:00""}"
3267.300000000,REPLAN_REQUESTED,"{""message"": ""Replanning request. curr_vertex_idx: 89"", ""wall_time_utc"": ""2026-09-06T17:47:58.795944+00:00""}"
3268.800000000,LOCAL_REPLAN,"{""message"": ""Call local replanning..."", ""wall_time_utc"": ""2026-09-06T17:48:00.273134+00:00""}"
3268.800000000,REPLAN_REQUESTED,"{""message"": ""Replanning request. curr_vertex_idx: 89"", ""wall_time_utc"": ""2026-09-06T17:48:00.275074+00:00""}"
3270.600000000,LOCAL_REPLAN,"{""message"": ""Call local replanning..."", ""wall_time_utc"": ""2026-09-06T17:48:02.089535+00:00""}"
3270.600000000,REPLAN_REQUESTED,"{""message"": ""Replanning request. curr_vertex_idx: 89"", ""wall_time_utc"": ""2026-09-06T17:48:02.091411+00:00""}"
3272.900000000,LOCAL_REPLAN,"{""message"": ""Call local replanning..."", ""wall_time_utc"": ""2026-09-06T17:48:04.329816+00:00""}"
3272.900000000,REPLAN_REQUESTED,"{""message"": ""Replanning request. curr_vertex_idx: 89"", ""wall_time_utc"": ""2026-09-06T17:48:04.331594+00:00""}"
3274.200000000,LOCAL_REPLAN,"{""message"": ""Call local replanning..."", ""wall_time_utc"": ""2026-09-06T17:48:05.712468+00:00""}"
3274.200000000,REPLAN_REQUESTED,"{""message"": ""Replanning request. curr_vertex_idx: 89"", ""wall_time_utc"": ""2026-09-06T17:48:05.714487+00:00""}"
3276.300000000,LOCAL_REPLAN,"{""message"": ""Call local replanning..."", ""wall_time_utc"": ""2026-09-06T17:48:07.724323+00:00""}"
3276.300000000,REPLAN_REQUESTED,"{""message"": ""Replanning request. curr_vertex_idx: 89"", ""wall_time_utc"": ""2026-09-06T17:48:07.726322+00:00""}"
3278.200000000,LOCAL_REPLAN,"{""message"": ""Call local replanning..."", ""wall_time_utc"": ""2026-09-06T17:48:09.705349+00:00""}"
3278.200000000,REPLAN_REQUESTED,"{""message"": ""Replanning request. curr_vertex_idx: 89"", ""wall_time_utc"": ""2026-09-06T17:48:09.707655+00:00""}"
3280.300000000,LOCAL_REPLAN,"{""message"": ""Call local replanning..."", ""wall_time_utc"": ""2026-09-06T17:48:11.724925+00:00""}"
3280.300000000,REPLAN_REQUESTED,"{""message"": ""Replanning request. curr_vertex_idx: 89"", ""wall_time_utc"": ""2026-09-06T17:48:11.726490+00:00""}"
3282.200000000,LOCAL_REPLAN,"{""message"": ""Call local replanning..."", ""wall_time_utc"": ""2026-09-06T17:48:13.707818+00:00""}"
3282.200000000,REPLAN_REQUESTED,"{""message"": ""Replanning request. curr_vertex_idx: 89"", ""wall_time_utc"": ""2026-09-06T17:48:13.709740+00:00""}"
3284.300000000,LOCAL_REPLAN,"{""message"": ""Call local replanning..."", ""wall_time_utc"": ""2026-09-06T17:48:15.755063+00:00""}"
3284.300000000,REPLAN_REQUESTED,"{""message"": ""Replanning request. curr_vertex_idx: 89"", ""wall_time_utc"": ""2026-09-06T17:48:15.757177+00:00""}"
3286.300000000,LOCAL_REPLAN,"{""message"": ""Call local replanning..."", ""wall_time_utc"": ""2026-09-06T17:48:17.732170+00:00""}"
3286.300000000,REPLAN_REQUESTED,"{""message"": ""Replanning request. curr_vertex_idx: 89"", ""wall_time_utc"": ""2026-09-06T17:48:17.734236+00:00""}"
3288.200000000,LOCAL_REPLAN,"{""message"": ""Call local replanning..."", ""wall_time_utc"": ""2026-09-06T17:48:19.715475+00:00""}"
3288.200000000,REPLAN_REQUESTED,"{""message"": ""Replanning request. curr_vertex_idx: 89"", ""wall_time_utc"": ""2026-09-06T17:48:19.717832+00:00""}"
3290.700000000,LOCAL_REPLAN,"{""message"": ""Call local replanning..."", ""wall_time_utc"": ""2026-09-06T17:48:22.220942+00:00""}"
3290.700000000,REPLAN_REQUESTED,"{""message"": ""Replanning request. curr_vertex_idx: 89"", ""wall_time_utc"": ""2026-09-06T17:48:22.222886+00:00""}"
3291.800000000,LOCAL_REPLAN,"{""message"": ""Call local replanning..."", ""wall_time_utc"": ""2026-09-06T17:48:23.281977+00:00""}"
3291.800000000,REPLAN_REQUESTED,"{""message"": ""Replanning request. curr_vertex_idx: 89"", ""wall_time_utc"": ""2026-09-06T17:48:23.284097+00:00""}"
3294.400000000,LOCAL_REPLAN,"{""message"": ""Call local replanning..."", ""wall_time_utc"": ""2026-09-06T17:48:25.904205+00:00""}"
3294.400000000,REPLAN_REQUESTED,"{""message"": ""Replanning request. curr_vertex_idx: 89"", ""wall_time_utc"": ""2026-09-06T17:48:25.906067+00:00""}"
3296.400000000,LOCAL_REPLAN,"{""message"": ""Call local replanning..."", ""wall_time_utc"": ""2026-09-06T17:48:27.878487+00:00""}"
3296.400000000,REPLAN_REQUESTED,"{""message"": ""Replanning request. curr_vertex_idx: 89"", ""wall_time_utc"": ""2026-09-06T17:48:27.880554+00:00""}"
3298.200000000,LOCAL_REPLAN,"{""message"": ""Call local replanning..."", ""wall_time_utc"": ""2026-09-06T17:48:29.713575+00:00""}"
3298.200000000,REPLAN_REQUESTED,"{""message"": ""Replanning request. curr_vertex_idx: 89"", ""wall_time_utc"": ""2026-09-06T17:48:29.715719+00:00""}"
3300.700000000,LOCAL_REPLAN,"{""message"": ""Call local replanning..."", ""wall_time_utc"": ""2026-09-06T17:48:32.141988+00:00""}"
3300.700000000,REPLAN_REQUESTED,"{""message"": ""Replanning request. curr_vertex_idx: 89"", ""wall_time_utc"": ""2026-09-06T17:48:32.144211+00:00""}"
3302.400000000,LOCAL_REPLAN,"{""message"": ""Call local replanning..."", ""wall_time_utc"": ""2026-09-06T17:48:33.921023+00:00""}"
3302.400000000,REPLAN_REQUESTED,"{""message"": ""Replanning request. curr_vertex_idx: 89"", ""wall_time_utc"": ""2026-09-06T17:48:33.923211+00:00""}"
3304.400000000,LOCAL_REPLAN,"{""message"": ""Call local replanning..."", ""wall_time_utc"": ""2026-09-06T17:48:35.907791+00:00""}"
3304.400000000,REPLAN_REQUESTED,"{""message"": ""Replanning request. curr_vertex_idx: 89"", ""wall_time_utc"": ""2026-09-06T17:48:35.909843+00:00""}"
3306.600000000,LOCAL_REPLAN,"{""message"": ""Call local replanning..."", ""wall_time_utc"": ""2026-09-06T17:48:38.108260+00:00""}"
3306.600000000,REPLAN_REQUESTED,"{""message"": ""Replanning request. curr_vertex_idx: 89"", ""wall_time_utc"": ""2026-09-06T17:48:38.110496+00:00""}"
3308.300000000,LOCAL_REPLAN,"{""message"": ""Call local replanning..."", ""wall_time_utc"": ""2026-09-06T17:48:39.749253+00:00""}"
3308.300000000,REPLAN_REQUESTED,"{""message"": ""Replanning request. curr_vertex_idx: 89"", ""wall_time_utc"": ""2026-09-06T17:48:39.751295+00:00""}"
3310.600000000,LOCAL_REPLAN,"{""message"": ""Call local replanning..."", ""wall_time_utc"": ""2026-09-06T17:48:42.117951+00:00""}"
3310.600000000,REPLAN_REQUESTED,"{""message"": ""Replanning request. curr_vertex_idx: 89"", ""wall_time_utc"": ""2026-09-06T17:48:42.119705+00:00""}"
3312.200000000,LOCAL_REPLAN,"{""message"": ""Call local replanning..."", ""wall_time_utc"": ""2026-09-06T17:48:43.714754+00:00""}"
3312.200000000,REPLAN_REQUESTED,"{""message"": ""Replanning request. curr_vertex_idx: 89"", ""wall_time_utc"": ""2026-09-06T17:48:43.716639+00:00""}"
3314.700000000,LOCAL_REPLAN,"{""message"": ""Call local replanning..."", ""wall_time_utc"": ""2026-09-06T17:48:46.148202+00:00""}"
3314.700000000,REPLAN_REQUESTED,"{""message"": ""Replanning request. curr_vertex_idx: 89"", ""wall_time_utc"": ""2026-09-06T17:48:46.149953+00:00""}"
3316.200000000,LOCAL_REPLAN,"{""message"": ""Call local replanning..."", ""wall_time_utc"": ""2026-09-06T17:48:47.711021+00:00""}"
3316.200000000,REPLAN_REQUESTED,"{""message"": ""Replanning request. curr_vertex_idx: 89"", ""wall_time_utc"": ""2026-09-06T17:48:47.713045+00:00""}"
3318.000000000,LOCAL_REPLAN,"{""message"": ""Call local replanning..."", ""wall_time_utc"": ""2026-09-06T17:48:49.447140+00:00""}"
3318.000000000,REPLAN_REQUESTED,"{""message"": ""Replanning request. curr_vertex_idx: 89"", ""wall_time_utc"": ""2026-09-06T17:48:49.448842+00:00""}"
3320.700000000,LOCAL_REPLAN,"{""message"": ""Call local replanning..."", ""wall_time_utc"": ""2026-09-06T17:48:52.140677+00:00""}"
3320.700000000,REPLAN_REQUESTED,"{""message"": ""Replanning request. curr_vertex_idx: 89"", ""wall_time_utc"": ""2026-09-06T17:48:52.142583+00:00""}"
3322.600000000,LOCAL_REPLAN,"{""message"": ""Call local replanning..."", ""wall_time_utc"": ""2026-09-06T17:48:54.103926+00:00""}"
3322.600000000,REPLAN_REQUESTED,"{""message"": ""Replanning request. curr_vertex_idx: 89"", ""wall_time_utc"": ""2026-09-06T17:48:54.105875+00:00""}"
3324.200000000,LOCAL_REPLAN,"{""message"": ""Call local replanning..."", ""wall_time_utc"": ""2026-09-06T17:48:55.721601+00:00""}"
3324.200000000,REPLAN_REQUESTED,"{""message"": ""Replanning request. curr_vertex_idx: 89"", ""wall_time_utc"": ""2026-09-06T17:48:55.723708+00:00""}"
3327.300000000,LOCAL_REPLAN,"{""message"": ""Call local replanning..."", ""wall_time_utc"": ""2026-09-06T17:48:58.808088+00:00""}"
3327.300000000,REPLAN_REQUESTED,"{""message"": ""Replanning request. curr_vertex_idx: 89"", ""wall_time_utc"": ""2026-09-06T17:48:58.810057+00:00""}"
3328.400000000,LOCAL_REPLAN,"{""message"": ""Call local replanning..."", ""wall_time_utc"": ""2026-09-06T17:48:59.887803+00:00""}"
3328.400000000,REPLAN_REQUESTED,"{""message"": ""Replanning request. curr_vertex_idx: 89"", ""wall_time_utc"": ""2026-09-06T17:48:59.889812+00:00""}"
3330.300000000,LOCAL_REPLAN,"{""message"": ""Call local replanning..."", ""wall_time_utc"": ""2026-09-06T17:49:01.734229+00:00""}"
3330.300000000,REPLAN_REQUESTED,"{""message"": ""Replanning request. curr_vertex_idx: 89"", ""wall_time_utc"": ""2026-09-06T17:49:01.736047+00:00""}"
3332.400000000,LOCAL_REPLAN,"{""message"": ""Call local replanning..."", ""wall_time_utc"": ""2026-09-06T17:49:03.875233+00:00""}"
3332.400000000,REPLAN_REQUESTED,"{""message"": ""Replanning request. curr_vertex_idx: 89"", ""wall_time_utc"": ""2026-09-06T17:49:03.877372+00:00""}"
3334.300000000,LOCAL_REPLAN,"{""message"": ""Call local replanning..."", ""wall_time_utc"": ""2026-09-06T17:49:05.779233+00:00""}"
3334.300000000,REPLAN_REQUESTED,"{""message"": ""Replanning request. curr_vertex_idx: 89"", ""wall_time_utc"": ""2026-09-06T17:49:05.781790+00:00""}"
3336.400000000,LOCAL_REPLAN,"{""message"": ""Call local replanning..."", ""wall_time_utc"": ""2026-09-06T17:49:07.893789+00:00""}"
3336.400000000,REPLAN_REQUESTED,"{""message"": ""Replanning request. curr_vertex_idx: 89"", ""wall_time_utc"": ""2026-09-06T17:49:07.896267+00:00""}"
3338.500000000,LOCAL_REPLAN,"{""message"": ""Call local replanning..."", ""wall_time_utc"": ""2026-09-06T17:49:09.971723+00:00""}"
3338.500000000,REPLAN_REQUESTED,"{""message"": ""Replanning request. curr_vertex_idx: 89"", ""wall_time_utc"": ""2026-09-06T17:49:09.973933+00:00""}"
3340.900000000,LOCAL_REPLAN,"{""message"": ""Call local replanning..."", ""wall_time_utc"": ""2026-09-06T17:49:12.337628+00:00""}"
3340.900000000,REPLAN_REQUESTED,"{""message"": ""Replanning request. curr_vertex_idx: 89"", ""wall_time_utc"": ""2026-09-06T17:49:12.339695+00:00""}"
3342.200000000,LOCAL_REPLAN,"{""message"": ""Call local replanning..."", ""wall_time_utc"": ""2026-09-06T17:49:13.714116+00:00""}"
3342.200000000,REPLAN_REQUESTED,"{""message"": ""Replanning request. curr_vertex_idx: 89"", ""wall_time_utc"": ""2026-09-06T17:49:13.716379+00:00""}"
3344.200000000,LOCAL_REPLAN,"{""message"": ""Call local replanning..."", ""wall_time_utc"": ""2026-09-06T17:49:15.625582+00:00""}"
3344.200000000,REPLAN_REQUESTED,"{""message"": ""Replanning request. curr_vertex_idx: 89"", ""wall_time_utc"": ""2026-09-06T17:49:15.627118+00:00""}"
3346.200000000,LOCAL_REPLAN,"{""message"": ""Call local replanning..."", ""wall_time_utc"": ""2026-09-06T17:49:17.714981+00:00""}"
3346.200000000,REPLAN_REQUESTED,"{""message"": ""Replanning request. curr_vertex_idx: 89"", ""wall_time_utc"": ""2026-09-06T17:49:17.717054+00:00""}"
3348.200000000,LOCAL_REPLAN,"{""message"": ""Call local replanning..."", ""wall_time_utc"": ""2026-09-06T17:49:19.633291+00:00""}"
3348.200000000,REPLAN_REQUESTED,"{""message"": ""Replanning request. curr_vertex_idx: 89"", ""wall_time_utc"": ""2026-09-06T17:49:19.635213+00:00""}"
3350.000000000,LOCAL_REPLAN,"{""message"": ""Call local replanning..."", ""wall_time_utc"": ""2026-09-06T17:49:21.476862+00:00""}"
3350.000000000,REPLAN_REQUESTED,"{""message"": ""Replanning request. curr_vertex_idx: 89"", ""wall_time_utc"": ""2026-09-06T17:49:21.478910+00:00""}"
3352.700000000,LOCAL_REPLAN,"{""message"": ""Call local replanning..."", ""wall_time_utc"": ""2026-09-06T17:49:24.152361+00:00""}"
3352.700000000,REPLAN_REQUESTED,"{""message"": ""Replanning request. curr_vertex_idx: 89"", ""wall_time_utc"": ""2026-09-06T17:49:24.154192+00:00""}"
3354.700000000,LOCAL_REPLAN,"{""message"": ""Call local replanning..."", ""wall_time_utc"": ""2026-09-06T17:49:26.153253+00:00""}"
3354.700000000,REPLAN_REQUESTED,"{""message"": ""Replanning request. curr_vertex_idx: 89"", ""wall_time_utc"": ""2026-09-06T17:49:26.155330+00:00""}"
3356.200000000,LOCAL_REPLAN,"{""message"": ""Call local replanning..."", ""wall_time_utc"": ""2026-09-06T17:49:27.721992+00:00""}"
3356.300000000,REPLAN_REQUESTED,"{""message"": ""Replanning request. curr_vertex_idx: 89"", ""wall_time_utc"": ""2026-09-06T17:49:27.723765+00:00""}"
3358.400000000,LOCAL_REPLAN,"{""message"": ""Call local replanning..."", ""wall_time_utc"": ""2026-09-06T17:49:29.908608+00:00""}"
3358.400000000,REPLAN_REQUESTED,"{""message"": ""Replanning request. curr_vertex_idx: 89"", ""wall_time_utc"": ""2026-09-06T17:49:29.910733+00:00""}"
3360.700000000,LOCAL_REPLAN,"{""message"": ""Call local replanning..."", ""wall_time_utc"": ""2026-09-06T17:49:32.154546+00:00""}"
3360.700000000,REPLAN_REQUESTED,"{""message"": ""Replanning request. curr_vertex_idx: 89"", ""wall_time_utc"": ""2026-09-06T17:49:32.156589+00:00""}"
3362.200000000,LOCAL_REPLAN,"{""message"": ""Call local replanning..."", ""wall_time_utc"": ""2026-09-06T17:49:33.717840+00:00""}"
3362.200000000,REPLAN_REQUESTED,"{""message"": ""Replanning request. curr_vertex_idx: 89"", ""wall_time_utc"": ""2026-09-06T17:49:33.719999+00:00""}"
3364.300000000,LOCAL_REPLAN,"{""message"": ""Call local replanning..."", ""wall_time_utc"": ""2026-09-06T17:49:35.744890+00:00""}"
3364.300000000,REPLAN_REQUESTED,"{""message"": ""Replanning request. curr_vertex_idx: 89"", ""wall_time_utc"": ""2026-09-06T17:49:35.746886+00:00""}"
3366.600000000,LOCAL_REPLAN,"{""message"": ""Call local replanning..."", ""wall_time_utc"": ""2026-09-06T17:49:38.109087+00:00""}"
3366.600000000,REPLAN_REQUESTED,"{""message"": ""Replanning request. curr_vertex_idx: 89"", ""wall_time_utc"": ""2026-09-06T17:49:38.110891+00:00""}"
3369.100000000,LOCAL_REPLAN,"{""message"": ""Call local replanning..."", ""wall_time_utc"": ""2026-09-06T17:49:40.604723+00:00""}"
3369.100000000,REPLAN_REQUESTED,"{""message"": ""Replanning request. curr_vertex_idx: 89"", ""wall_time_utc"": ""2026-09-06T17:49:40.606682+00:00""}"
3370.600000000,LOCAL_REPLAN,"{""message"": ""Call local replanning..."", ""wall_time_utc"": ""2026-09-06T17:49:42.109593+00:00""}"
3370.600000000,REPLAN_REQUESTED,"{""message"": ""Replanning request. curr_vertex_idx: 89"", ""wall_time_utc"": ""2026-09-06T17:49:42.111729+00:00""}"
3372.600000000,LOCAL_REPLAN,"{""message"": ""Call local replanning..."", ""wall_time_utc"": ""2026-09-06T17:49:44.110157+00:00""}"
3372.600000000,REPLAN_REQUESTED,"{""message"": ""Replanning request. curr_vertex_idx: 89"", ""wall_time_utc"": ""2026-09-06T17:49:44.112489+00:00""}"
3374.600000000,LOCAL_REPLAN,"{""message"": ""Call local replanning..."", ""wall_time_utc"": ""2026-09-06T17:49:46.112348+00:00""}"
3374.600000000,REPLAN_REQUESTED,"{""message"": ""Replanning request. curr_vertex_idx: 89"", ""wall_time_utc"": ""2026-09-06T17:49:46.114661+00:00""}"
3376.400000000,LOCAL_REPLAN,"{""message"": ""Call local replanning..."", ""wall_time_utc"": ""2026-09-06T17:49:47.893476+00:00""}"
3376.400000000,REPLAN_REQUESTED,"{""message"": ""Replanning request. curr_vertex_idx: 89"", ""wall_time_utc"": ""2026-09-06T17:49:47.895850+00:00""}"
3378.300000000,LOCAL_REPLAN,"{""message"": ""Call local replanning..."", ""wall_time_utc"": ""2026-09-06T17:49:49.742606+00:00""}"
3378.300000000,REPLAN_REQUESTED,"{""message"": ""Replanning request. curr_vertex_idx: 89"", ""wall_time_utc"": ""2026-09-06T17:49:49.745123+00:00""}"
3380.400000000,LOCAL_REPLAN,"{""message"": ""Call local replanning..."", ""wall_time_utc"": ""2026-09-06T17:49:51.897139+00:00""}"
3380.400000000,REPLAN_REQUESTED,"{""message"": ""Replanning request. curr_vertex_idx: 89"", ""wall_time_utc"": ""2026-09-06T17:49:51.899353+00:00""}"
3382.700000000,LOCAL_REPLAN,"{""message"": ""Call local replanning..."", ""wall_time_utc"": ""2026-09-06T17:49:54.206433+00:00""}"
3382.700000000,REPLAN_REQUESTED,"{""message"": ""Replanning request. curr_vertex_idx: 89"", ""wall_time_utc"": ""2026-09-06T17:49:54.208135+00:00""}"
3384.700000000,LOCAL_REPLAN,"{""message"": ""Call local replanning..."", ""wall_time_utc"": ""2026-09-06T17:49:56.136836+00:00""}"
3384.700000000,REPLAN_REQUESTED,"{""message"": ""Replanning request. curr_vertex_idx: 89"", ""wall_time_utc"": ""2026-09-06T17:49:56.138347+00:00""}"
3387.200000000,LOCAL_REPLAN,"{""message"": ""Call local replanning..."", ""wall_time_utc"": ""2026-09-06T17:49:58.665611+00:00""}"
3387.200000000,REPLAN_REQUESTED,"{""message"": ""Replanning request. curr_vertex_idx: 89"", ""wall_time_utc"": ""2026-09-06T17:49:58.667470+00:00""}"
3388.300000000,LOCAL_REPLAN,"{""message"": ""Call local replanning..."", ""wall_time_utc"": ""2026-09-06T17:49:59.732751+00:00""}"
3388.300000000,REPLAN_REQUESTED,"{""message"": ""Replanning request. curr_vertex_idx: 89"", ""wall_time_utc"": ""2026-09-06T17:49:59.734496+00:00""}"
3390.200000000,LOCAL_REPLAN,"{""message"": ""Call local replanning..."", ""wall_time_utc"": ""2026-09-06T17:50:01.723028+00:00""}"
3390.300000000,REPLAN_REQUESTED,"{""message"": ""Replanning request. curr_vertex_idx: 89"", ""wall_time_utc"": ""2026-09-06T17:50:01.724897+00:00""}"
3392.700000000,LOCAL_REPLAN,"{""message"": ""Call local replanning..."", ""wall_time_utc"": ""2026-09-06T17:50:04.149926+00:00""}"
3392.700000000,REPLAN_REQUESTED,"{""message"": ""Replanning request. curr_vertex_idx: 89"", ""wall_time_utc"": ""2026-09-06T17:50:04.151972+00:00""}"
3394.300000000,LOCAL_REPLAN,"{""message"": ""Call local replanning..."", ""wall_time_utc"": ""2026-09-06T17:50:05.742921+00:00""}"
3394.300000000,REPLAN_REQUESTED,"{""message"": ""Replanning request. curr_vertex_idx: 89"", ""wall_time_utc"": ""2026-09-06T17:50:05.744878+00:00""}"
3396.400000000,LOCAL_REPLAN,"{""message"": ""Call local replanning..."", ""wall_time_utc"": ""2026-09-06T17:50:07.889057+00:00""}"
3396.400000000,REPLAN_REQUESTED,"{""message"": ""Replanning request. curr_vertex_idx: 89"", ""wall_time_utc"": ""2026-09-06T17:50:07.891103+00:00""}"
3398.900000000,LOCAL_REPLAN,"{""message"": ""Call local replanning..."", ""wall_time_utc"": ""2026-09-06T17:50:10.407667+00:00""}"
3398.900000000,REPLAN_REQUESTED,"{""message"": ""Replanning request. curr_vertex_idx: 89"", ""wall_time_utc"": ""2026-09-06T17:50:10.409553+00:00""}"
3400.800000000,LOCAL_REPLAN,"{""message"": ""Call local replanning..."", ""wall_time_utc"": ""2026-09-06T17:50:12.291363+00:00""}"
3400.800000000,REPLAN_REQUESTED,"{""message"": ""Replanning request. curr_vertex_idx: 89"", ""wall_time_utc"": ""2026-09-06T17:50:12.293546+00:00""}"
3402.800000000,LOCAL_REPLAN,"{""message"": ""Call local replanning..."", ""wall_time_utc"": ""2026-09-06T17:50:14.303478+00:00""}"
3402.800000000,REPLAN_REQUESTED,"{""message"": ""Replanning request. curr_vertex_idx: 89"", ""wall_time_utc"": ""2026-09-06T17:50:14.305875+00:00""}"
3404.800000000,LOCAL_REPLAN,"{""message"": ""Call local replanning..."", ""wall_time_utc"": ""2026-09-06T17:50:16.294000+00:00""}"
3404.800000000,REPLAN_REQUESTED,"{""message"": ""Replanning request. curr_vertex_idx: 89"", ""wall_time_utc"": ""2026-09-06T17:50:16.296313+00:00""}"
3406.900000000,LOCAL_REPLAN,"{""message"": ""Call local replanning..."", ""wall_time_utc"": ""2026-09-06T17:50:18.325138+00:00""}"
3406.900000000,REPLAN_REQUESTED,"{""message"": ""Replanning request. curr_vertex_idx: 89"", ""wall_time_utc"": ""2026-09-06T17:50:18.326810+00:00""}"
3408.200000000,LOCAL_REPLAN,"{""message"": ""Call local replanning..."", ""wall_time_utc"": ""2026-09-06T17:50:19.717151+00:00""}"
3408.200000000,REPLAN_REQUESTED,"{""message"": ""Replanning request. curr_vertex_idx: 89"", ""wall_time_utc"": ""2026-09-06T17:50:19.719188+00:00""}"
3410.600000000,LOCAL_REPLAN,"{""message"": ""Call local replanning..."", ""wall_time_utc"": ""2026-09-06T17:50:22.033477+00:00""}"
3410.600000000,REPLAN_REQUESTED,"{""message"": ""Replanning request. curr_vertex_idx: 89"", ""wall_time_utc"": ""2026-09-06T17:50:22.035469+00:00""}"
3412.700000000,LOCAL_REPLAN,"{""message"": ""Call local replanning..."", ""wall_time_utc"": ""2026-09-06T17:50:24.146636+00:00""}"
3412.700000000,REPLAN_REQUESTED,"{""message"": ""Replanning request. curr_vertex_idx: 89"", ""wall_time_utc"": ""2026-09-06T17:50:24.148839+00:00""}"
3414.300000000,LOCAL_REPLAN,"{""message"": ""Call local replanning..."", ""wall_time_utc"": ""2026-09-06T17:50:25.723850+00:00""}"
3414.300000000,REPLAN_REQUESTED,"{""message"": ""Replanning request. curr_vertex_idx: 89"", ""wall_time_utc"": ""2026-09-06T17:50:25.726021+00:00""}"
3416.200000000,LOCAL_REPLAN,"{""message"": ""Call local replanning..."", ""wall_time_utc"": ""2026-09-06T17:50:27.718165+00:00""}"
3416.200000000,REPLAN_REQUESTED,"{""message"": ""Replanning request. curr_vertex_idx: 89"", ""wall_time_utc"": ""2026-09-06T17:50:27.719975+00:00""}"
3418.400000000,LOCAL_REPLAN,"{""message"": ""Call local replanning..."", ""wall_time_utc"": ""2026-09-06T17:50:29.912776+00:00""}"
3418.400000000,REPLAN_REQUESTED,"{""message"": ""Replanning request. curr_vertex_idx: 89"", ""wall_time_utc"": ""2026-09-06T17:50:29.914992+00:00""}"
3420.700000000,LOCAL_REPLAN,"{""message"": ""Call local replanning..."", ""wall_time_utc"": ""2026-09-06T17:50:32.169728+00:00""}"
3420.700000000,REPLAN_REQUESTED,"{""message"": ""Replanning request. curr_vertex_idx: 89"", ""wall_time_utc"": ""2026-09-06T17:50:32.171865+00:00""}"
3422.300000000,LOCAL_REPLAN,"{""message"": ""Call local replanning..."", ""wall_time_utc"": ""2026-09-06T17:50:33.806043+00:00""}"
3422.300000000,REPLAN_REQUESTED,"{""message"": ""Replanning request. curr_vertex_idx: 89"", ""wall_time_utc"": ""2026-09-06T17:50:33.808393+00:00""}"
3424.500000000,LOCAL_REPLAN,"{""message"": ""Call local replanning..."", ""wall_time_utc"": ""2026-09-06T17:50:36.013560+00:00""}"
3424.500000000,REPLAN_REQUESTED,"{""message"": ""Replanning request. curr_vertex_idx: 89"", ""wall_time_utc"": ""2026-09-06T17:50:36.015662+00:00""}"
3426.300000000,LOCAL_REPLAN,"{""message"": ""Call local replanning..."", ""wall_time_utc"": ""2026-09-06T17:50:37.734267+00:00""}"
3426.300000000,REPLAN_REQUESTED,"{""message"": ""Replanning request. curr_vertex_idx: 89"", ""wall_time_utc"": ""2026-09-06T17:50:37.736194+00:00""}"
3428.800000000,LOCAL_REPLAN,"{""message"": ""Call local replanning..."", ""wall_time_utc"": ""2026-09-06T17:50:40.286195+00:00""}"
3428.800000000,REPLAN_REQUESTED,"{""message"": ""Replanning request. curr_vertex_idx: 89"", ""wall_time_utc"": ""2026-09-06T17:50:40.288095+00:00""}"
3430.800000000,LOCAL_REPLAN,"{""message"": ""Call local replanning..."", ""wall_time_utc"": ""2026-09-06T17:50:42.311802+00:00""}"
3430.800000000,REPLAN_REQUESTED,"{""message"": ""Replanning request. curr_vertex_idx: 89"", ""wall_time_utc"": ""2026-09-06T17:50:42.314019+00:00""}"
3432.700000000,LOCAL_REPLAN,"{""message"": ""Call local replanning..."", ""wall_time_utc"": ""2026-09-06T17:50:44.164761+00:00""}"
3432.700000000,REPLAN_REQUESTED,"{""message"": ""Replanning request. curr_vertex_idx: 89"", ""wall_time_utc"": ""2026-09-06T17:50:44.166922+00:00""}"
3434.900000000,LOCAL_REPLAN,"{""message"": ""Call local replanning..."", ""wall_time_utc"": ""2026-09-06T17:50:46.366849+00:00""}"
3434.900000000,REPLAN_REQUESTED,"{""message"": ""Replanning request. curr_vertex_idx: 89"", ""wall_time_utc"": ""2026-09-06T17:50:46.369019+00:00""}"
3436.200000000,LOCAL_REPLAN,"{""message"": ""Call local replanning..."", ""wall_time_utc"": ""2026-09-06T17:50:47.723283+00:00""}"
3436.300000000,REPLAN_REQUESTED,"{""message"": ""Replanning request. curr_vertex_idx: 89"", ""wall_time_utc"": ""2026-09-06T17:50:47.725092+00:00""}"
3438.300000000,LOCAL_REPLAN,"{""message"": ""Call local replanning..."", ""wall_time_utc"": ""2026-09-06T17:50:49.726243+00:00""}"
3438.300000000,REPLAN_REQUESTED,"{""message"": ""Replanning request. curr_vertex_idx: 89"", ""wall_time_utc"": ""2026-09-06T17:50:49.728140+00:00""}"
3440.200000000,LOCAL_REPLAN,"{""message"": ""Call local replanning..."", ""wall_time_utc"": ""2026-09-06T17:50:51.696272+00:00""}"
3440.200000000,REPLAN_REQUESTED,"{""message"": ""Replanning request. curr_vertex_idx: 89"", ""wall_time_utc"": ""2026-09-06T17:50:51.698383+00:00""}"
3442.200000000,LOCAL_REPLAN,"{""message"": ""Call local replanning..."", ""wall_time_utc"": ""2026-09-06T17:50:53.719871+00:00""}"
3442.200000000,REPLAN_REQUESTED,"{""message"": ""Replanning request. curr_vertex_idx: 89"", ""wall_time_utc"": ""2026-09-06T17:50:53.721827+00:00""}"
3444.800000000,LOCAL_REPLAN,"{""message"": ""Call local replanning..."", ""wall_time_utc"": ""2026-09-06T17:50:56.293357+00:00""}"
3444.800000000,REPLAN_REQUESTED,"{""message"": ""Replanning request. curr_vertex_idx: 89"", ""wall_time_utc"": ""2026-09-06T17:50:56.295368+00:00""}"
3446.900000000,LOCAL_REPLAN,"{""message"": ""Call local replanning..."", ""wall_time_utc"": ""2026-09-06T17:50:58.334028+00:00""}"
3446.900000000,REPLAN_REQUESTED,"{""message"": ""Replanning request. curr_vertex_idx: 89"", ""wall_time_utc"": ""2026-09-06T17:50:58.335612+00:00""}"
3448.900000000,LOCAL_REPLAN,"{""message"": ""Call local replanning..."", ""wall_time_utc"": ""2026-09-06T17:51:00.378070+00:00""}"
3448.900000000,REPLAN_REQUESTED,"{""message"": ""Replanning request. curr_vertex_idx: 89"", ""wall_time_utc"": ""2026-09-06T17:51:00.379724+00:00""}"
3450.300000000,LOCAL_REPLAN,"{""message"": ""Call local replanning..."", ""wall_time_utc"": ""2026-09-06T17:51:01.737927+00:00""}"
3450.300000000,REPLAN_REQUESTED,"{""message"": ""Replanning request. curr_vertex_idx: 89"", ""wall_time_utc"": ""2026-09-06T17:51:01.739740+00:00""}"
3452.900000000,LOCAL_REPLAN,"{""message"": ""Call local replanning..."", ""wall_time_utc"": ""2026-09-06T17:51:04.355363+00:00""}"
3452.900000000,REPLAN_REQUESTED,"{""message"": ""Replanning request. curr_vertex_idx: 89"", ""wall_time_utc"": ""2026-09-06T17:51:04.357394+00:00""}"
3454.500000000,LOCAL_REPLAN,"{""message"": ""Call local replanning..."", ""wall_time_utc"": ""2026-09-06T17:51:05.924481+00:00""}"
3454.500000000,REPLAN_REQUESTED,"{""message"": ""Replanning request. curr_vertex_idx: 89"", ""wall_time_utc"": ""2026-09-06T17:51:05.926342+00:00""}"
3456.600000000,LOCAL_REPLAN,"{""message"": ""Call local replanning..."", ""wall_time_utc"": ""2026-09-06T17:51:08.104393+00:00""}"
3456.600000000,REPLAN_REQUESTED,"{""message"": ""Replanning request. curr_vertex_idx: 89"", ""wall_time_utc"": ""2026-09-06T17:51:08.106196+00:00""}"
3457.800000000,LOCAL_REPLAN,"{""message"": ""Call local replanning..."", ""wall_time_utc"": ""2026-09-06T17:51:09.288204+00:00""}"
3457.800000000,REPLAN_REQUESTED,"{""message"": ""Replanning request. curr_vertex_idx: 89"", ""wall_time_utc"": ""2026-09-06T17:51:09.290428+00:00""}"
3460.900000000,LOCAL_REPLAN,"{""message"": ""Call local replanning..."", ""wall_time_utc"": ""2026-09-06T17:51:12.334749+00:00""}"
3460.900000000,REPLAN_REQUESTED,"{""message"": ""Replanning request. curr_vertex_idx: 89"", ""wall_time_utc"": ""2026-09-06T17:51:12.337159+00:00""}"
3462.500000000,LOCAL_REPLAN,"{""message"": ""Call local replanning..."", ""wall_time_utc"": ""2026-09-06T17:51:13.927025+00:00""}"
3462.500000000,REPLAN_REQUESTED,"{""message"": ""Replanning request. curr_vertex_idx: 89"", ""wall_time_utc"": ""2026-09-06T17:51:13.929383+00:00""}"
3464.300000000,LOCAL_REPLAN,"{""message"": ""Call local replanning..."", ""wall_time_utc"": ""2026-09-06T17:51:15.741790+00:00""}"
3464.300000000,REPLAN_REQUESTED,"{""message"": ""Replanning request. curr_vertex_idx: 89"", ""wall_time_utc"": ""2026-09-06T17:51:15.743836+00:00""}"
3466.300000000,LOCAL_REPLAN,"{""message"": ""Call local replanning..."", ""wall_time_utc"": ""2026-09-06T17:51:17.733884+00:00""}"
3466.300000000,REPLAN_REQUESTED,"{""message"": ""Replanning request. curr_vertex_idx: 89"", ""wall_time_utc"": ""2026-09-06T17:51:17.735931+00:00""}"
3468.400000000,LOCAL_REPLAN,"{""message"": ""Call local replanning..."", ""wall_time_utc"": ""2026-09-06T17:51:19.894766+00:00""}"
3468.400000000,REPLAN_REQUESTED,"{""message"": ""Replanning request. curr_vertex_idx: 89"", ""wall_time_utc"": ""2026-09-06T17:51:19.896663+00:00""}"
3470.700000000,LOCAL_REPLAN,"{""message"": ""Call local replanning..."", ""wall_time_utc"": ""2026-09-06T17:51:22.185950+00:00""}"
3470.700000000,REPLAN_REQUESTED,"{""message"": ""Replanning request. curr_vertex_idx: 89"", ""wall_time_utc"": ""2026-09-06T17:51:22.188022+00:00""}"
3472.700000000,LOCAL_REPLAN,"{""message"": ""Call local replanning..."", ""wall_time_utc"": ""2026-09-06T17:51:24.126949+00:00""}"
3472.700000000,REPLAN_REQUESTED,"{""message"": ""Replanning request. curr_vertex_idx: 89"", ""wall_time_utc"": ""2026-09-06T17:51:24.128485+00:00""}"
3474.700000000,LOCAL_REPLAN,"{""message"": ""Call local replanning..."", ""wall_time_utc"": ""2026-09-06T17:51:26.187228+00:00""}"
3474.700000000,REPLAN_REQUESTED,"{""message"": ""Replanning request. curr_vertex_idx: 89"", ""wall_time_utc"": ""2026-09-06T17:51:26.189268+00:00""}"
3476.700000000,LOCAL_REPLAN,"{""message"": ""Call local replanning..."", ""wall_time_utc"": ""2026-09-06T17:51:28.126944+00:00""}"
3476.700000000,REPLAN_REQUESTED,"{""message"": ""Replanning request. curr_vertex_idx: 89"", ""wall_time_utc"": ""2026-09-06T17:51:28.128457+00:00""}"
3478.300000000,LOCAL_REPLAN,"{""message"": ""Call local replanning..."", ""wall_time_utc"": ""2026-09-06T17:51:29.733396+00:00""}"
3478.300000000,REPLAN_REQUESTED,"{""message"": ""Replanning request. curr_vertex_idx: 89"", ""wall_time_utc"": ""2026-09-06T17:51:29.735240+00:00""}"
3480.300000000,LOCAL_REPLAN,"{""message"": ""Call local replanning..."", ""wall_time_utc"": ""2026-09-06T17:51:31.750711+00:00""}"
3480.300000000,REPLAN_REQUESTED,"{""message"": ""Replanning request. curr_vertex_idx: 89"", ""wall_time_utc"": ""2026-09-06T17:51:31.752581+00:00""}"
3482.800000000,LOCAL_REPLAN,"{""message"": ""Call local replanning..."", ""wall_time_utc"": ""2026-09-06T17:51:34.314013+00:00""}"
3482.800000000,REPLAN_REQUESTED,"{""message"": ""Replanning request. curr_vertex_idx: 89"", ""wall_time_utc"": ""2026-09-06T17:51:34.316548+00:00""}"
3484.900000000,LOCAL_REPLAN,"{""message"": ""Call local replanning..."", ""wall_time_utc"": ""2026-09-06T17:51:36.347509+00:00""}"
3484.900000000,REPLAN_REQUESTED,"{""message"": ""Replanning request. curr_vertex_idx: 89"", ""wall_time_utc"": ""2026-09-06T17:51:36.349588+00:00""}"
3486.800000000,LOCAL_REPLAN,"{""message"": ""Call local replanning..."", ""wall_time_utc"": ""2026-09-06T17:51:38.305842+00:00""}"
3486.800000000,REPLAN_REQUESTED,"{""message"": ""Replanning request. curr_vertex_idx: 89"", ""wall_time_utc"": ""2026-09-06T17:51:38.307668+00:00""}"
3488.700000000,LOCAL_REPLAN,"{""message"": ""Call local replanning..."", ""wall_time_utc"": ""2026-09-06T17:51:40.158888+00:00""}"
3488.700000000,REPLAN_REQUESTED,"{""message"": ""Replanning request. curr_vertex_idx: 89"", ""wall_time_utc"": ""2026-09-06T17:51:40.160890+00:00""}"
3490.400000000,LOCAL_REPLAN,"{""message"": ""Call local replanning..."", ""wall_time_utc"": ""2026-09-06T17:51:41.921065+00:00""}"
3490.400000000,REPLAN_REQUESTED,"{""message"": ""Replanning request. curr_vertex_idx: 89"", ""wall_time_utc"": ""2026-09-06T17:51:41.923210+00:00""}"
3492.300000000,LOCAL_REPLAN,"{""message"": ""Call local replanning..."", ""wall_time_utc"": ""2026-09-06T17:51:43.756209+00:00""}"
3492.300000000,REPLAN_REQUESTED,"{""message"": ""Replanning request. curr_vertex_idx: 89"", ""wall_time_utc"": ""2026-09-06T17:51:43.758377+00:00""}"
3494.300000000,LOCAL_REPLAN,"{""message"": ""Call local replanning..."", ""wall_time_utc"": ""2026-09-06T17:51:45.733782+00:00""}"
3494.300000000,REPLAN_REQUESTED,"{""message"": ""Replanning request. curr_vertex_idx: 89"", ""wall_time_utc"": ""2026-09-06T17:51:45.735807+00:00""}"
3495.800000000,LOCAL_REPLAN,"{""message"": ""Call local replanning..."", ""wall_time_utc"": ""2026-09-06T17:51:47.296989+00:00""}"
3495.800000000,REPLAN_REQUESTED,"{""message"": ""Replanning request. curr_vertex_idx: 89"", ""wall_time_utc"": ""2026-09-06T17:51:47.299096+00:00""}"
3498.900000000,LOCAL_REPLAN,"{""message"": ""Call local replanning..."", ""wall_time_utc"": ""2026-09-06T17:51:50.346921+00:00""}"
3498.900000000,REPLAN_REQUESTED,"{""message"": ""Replanning request. curr_vertex_idx: 89"", ""wall_time_utc"": ""2026-09-06T17:51:50.348947+00:00""}"
3500.400000000,LOCAL_REPLAN,"{""message"": ""Call local replanning..."", ""wall_time_utc"": ""2026-09-06T17:51:51.902096+00:00""}"
3500.400000000,REPLAN_REQUESTED,"{""message"": ""Replanning request. curr_vertex_idx: 89"", ""wall_time_utc"": ""2026-09-06T17:51:51.904045+00:00""}"
3502.300000000,LOCAL_REPLAN,"{""message"": ""Call local replanning..."", ""wall_time_utc"": ""2026-09-06T17:51:53.796464+00:00""}"
3502.300000000,REPLAN_REQUESTED,"{""message"": ""Replanning request. curr_vertex_idx: 89"", ""wall_time_utc"": ""2026-09-06T17:51:53.798532+00:00""}"
3504.000000000,LOCAL_REPLAN,"{""message"": ""Call local replanning..."", ""wall_time_utc"": ""2026-09-06T17:51:55.450516+00:00""}"
3504.000000000,REPLAN_REQUESTED,"{""message"": ""Replanning request. curr_vertex_idx: 89"", ""wall_time_utc"": ""2026-09-06T17:51:55.452598+00:00""}"
3506.200000000,LOCAL_REPLAN,"{""message"": ""Call local replanning..."", ""wall_time_utc"": ""2026-09-06T17:51:57.658561+00:00""}"
3506.200000000,REPLAN_REQUESTED,"{""message"": ""Replanning request. curr_vertex_idx: 89"", ""wall_time_utc"": ""2026-09-06T17:51:57.660981+00:00""}"
3508.300000000,LOCAL_REPLAN,"{""message"": ""Call local replanning..."", ""wall_time_utc"": ""2026-09-06T17:51:59.724403+00:00""}"
3508.300000000,REPLAN_REQUESTED,"{""message"": ""Replanning request. curr_vertex_idx: 89"", ""wall_time_utc"": ""2026-09-06T17:51:59.726554+00:00""}"
3510.300000000,LOCAL_REPLAN,"{""message"": ""Call local replanning..."", ""wall_time_utc"": ""2026-09-06T17:52:01.733648+00:00""}"
3510.300000000,REPLAN_REQUESTED,"{""message"": ""Replanning request. curr_vertex_idx: 89"", ""wall_time_utc"": ""2026-09-06T17:52:01.735398+00:00""}"
3512.300000000,LOCAL_REPLAN,"{""message"": ""Call local replanning..."", ""wall_time_utc"": ""2026-09-06T17:52:03.793494+00:00""}"
3512.300000000,REPLAN_REQUESTED,"{""message"": ""Replanning request. curr_vertex_idx: 89"", ""wall_time_utc"": ""2026-09-06T17:52:03.795371+00:00""}"
3514.300000000,LOCAL_REPLAN,"{""message"": ""Call local replanning..."", ""wall_time_utc"": ""2026-09-06T17:52:05.740603+00:00""}"
3514.300000000,REPLAN_REQUESTED,"{""message"": ""Replanning request. curr_vertex_idx: 89"", ""wall_time_utc"": ""2026-09-06T17:52:05.742767+00:00""}"
3516.300000000,LOCAL_REPLAN,"{""message"": ""Call local replanning..."", ""wall_time_utc"": ""2026-09-06T17:52:07.724761+00:00""}"
3516.300000000,REPLAN_REQUESTED,"{""message"": ""Replanning request. curr_vertex_idx: 89"", ""wall_time_utc"": ""2026-09-06T17:52:07.726896+00:00""}"
3518.300000000,LOCAL_REPLAN,"{""message"": ""Call local replanning..."", ""wall_time_utc"": ""2026-09-06T17:52:09.725981+00:00""}"
3518.300000000,REPLAN_REQUESTED,"{""message"": ""Replanning request. curr_vertex_idx: 89"", ""wall_time_utc"": ""2026-09-06T17:52:09.727745+00:00""}"
3519.800000000,LOCAL_REPLAN,"{""message"": ""Call local replanning..."", ""wall_time_utc"": ""2026-09-06T17:52:11.279738+00:00""}"
3519.800000000,REPLAN_REQUESTED,"{""message"": ""Replanning request. curr_vertex_idx: 89"", ""wall_time_utc"": ""2026-09-06T17:52:11.281517+00:00""}"
3522.500000000,LOCAL_REPLAN,"{""message"": ""Call local replanning..."", ""wall_time_utc"": ""2026-09-06T17:52:13.934460+00:00""}"
3522.500000000,REPLAN_REQUESTED,"{""message"": ""Replanning request. curr_vertex_idx: 89"", ""wall_time_utc"": ""2026-09-06T17:52:13.936715+00:00""}"
3524.900000000,LOCAL_REPLAN,"{""message"": ""Call local replanning..."", ""wall_time_utc"": ""2026-09-06T17:52:16.342291+00:00""}"
3524.900000000,REPLAN_REQUESTED,"{""message"": ""Replanning request. curr_vertex_idx: 89"", ""wall_time_utc"": ""2026-09-06T17:52:16.344662+00:00""}"
3526.900000000,LOCAL_REPLAN,"{""message"": ""Call local replanning..."", ""wall_time_utc"": ""2026-09-06T17:52:18.329799+00:00""}"
3526.900000000,REPLAN_REQUESTED,"{""message"": ""Replanning request. curr_vertex_idx: 89"", ""wall_time_utc"": ""2026-09-06T17:52:18.331716+00:00""}"
3528.900000000,LOCAL_REPLAN,"{""message"": ""Call local replanning..."", ""wall_time_utc"": ""2026-09-06T17:52:20.354683+00:00""}"
3528.900000000,REPLAN_REQUESTED,"{""message"": ""Replanning request. curr_vertex_idx: 89"", ""wall_time_utc"": ""2026-09-06T17:52:20.357233+00:00""}"
3530.400000000,LOCAL_REPLAN,"{""message"": ""Call local replanning..."", ""wall_time_utc"": ""2026-09-06T17:52:21.912127+00:00""}"
3530.400000000,REPLAN_REQUESTED,"{""message"": ""Replanning request. curr_vertex_idx: 89"", ""wall_time_utc"": ""2026-09-06T17:52:21.914443+00:00""}"
3532.300000000,LOCAL_REPLAN,"{""message"": ""Call local replanning..."", ""wall_time_utc"": ""2026-09-06T17:52:23.732719+00:00""}"
3532.300000000,REPLAN_REQUESTED,"{""message"": ""Replanning request. curr_vertex_idx: 89"", ""wall_time_utc"": ""2026-09-06T17:52:23.734884+00:00""}"
3534.300000000,LOCAL_REPLAN,"{""message"": ""Call local replanning..."", ""wall_time_utc"": ""2026-09-06T17:52:25.747167+00:00""}"
3534.300000000,REPLAN_REQUESTED,"{""message"": ""Replanning request. curr_vertex_idx: 89"", ""wall_time_utc"": ""2026-09-06T17:52:25.749038+00:00""}"
3536.500000000,LOCAL_REPLAN,"{""message"": ""Call local replanning..."", ""wall_time_utc"": ""2026-09-06T17:52:27.935091+00:00""}"
3536.500000000,REPLAN_REQUESTED,"{""message"": ""Replanning request. curr_vertex_idx: 89"", ""wall_time_utc"": ""2026-09-06T17:52:27.937279+00:00""}"
3538.900000000,LOCAL_REPLAN,"{""message"": ""Call local replanning..."", ""wall_time_utc"": ""2026-09-06T17:52:30.386659+00:00""}"
3538.900000000,REPLAN_REQUESTED,"{""message"": ""Replanning request. curr_vertex_idx: 89"", ""wall_time_utc"": ""2026-09-06T17:52:30.388446+00:00""}"
3540.400000000,LOCAL_REPLAN,"{""message"": ""Call local replanning..."", ""wall_time_utc"": ""2026-09-06T17:52:31.901273+00:00""}"
3540.400000000,REPLAN_REQUESTED,"{""message"": ""Replanning request. curr_vertex_idx: 89"", ""wall_time_utc"": ""2026-09-06T17:52:31.903051+00:00""}"
3542.400000000,LOCAL_REPLAN,"{""message"": ""Call local replanning..."", ""wall_time_utc"": ""2026-09-06T17:52:33.920656+00:00""}"
3542.400000000,REPLAN_REQUESTED,"{""message"": ""Replanning request. curr_vertex_idx: 89"", ""wall_time_utc"": ""2026-09-06T17:52:33.922787+00:00""}"
3544.700000000,LOCAL_REPLAN,"{""message"": ""Call local replanning..."", ""wall_time_utc"": ""2026-09-06T17:52:36.157690+00:00""}"
3544.700000000,REPLAN_REQUESTED,"{""message"": ""Replanning request. curr_vertex_idx: 89"", ""wall_time_utc"": ""2026-09-06T17:52:36.159757+00:00""}"
3546.400000000,LOCAL_REPLAN,"{""message"": ""Call local replanning..."", ""wall_time_utc"": ""2026-09-06T17:52:37.918514+00:00""}"
3546.400000000,REPLAN_REQUESTED,"{""message"": ""Replanning request. curr_vertex_idx: 89"", ""wall_time_utc"": ""2026-09-06T17:52:37.920769+00:00""}"
3548.600000000,LOCAL_REPLAN,"{""message"": ""Call local replanning..."", ""wall_time_utc"": ""2026-09-06T17:52:40.050942+00:00""}"
3548.600000000,REPLAN_REQUESTED,"{""message"": ""Replanning request. curr_vertex_idx: 89"", ""wall_time_utc"": ""2026-09-06T17:52:40.052674+00:00""}"
3550.400000000,LOCAL_REPLAN,"{""message"": ""Call local replanning..."", ""wall_time_utc"": ""2026-09-06T17:52:41.853963+00:00""}"
3550.400000000,REPLAN_REQUESTED,"{""message"": ""Replanning request. curr_vertex_idx: 89"", ""wall_time_utc"": ""2026-09-06T17:52:41.855765+00:00""}"
3552.700000000,LOCAL_REPLAN,"{""message"": ""Call local replanning..."", ""wall_time_utc"": ""2026-09-06T17:52:44.153958+00:00""}"
3552.700000000,REPLAN_REQUESTED,"{""message"": ""Replanning request. curr_vertex_idx: 89"", ""wall_time_utc"": ""2026-09-06T17:52:44.155921+00:00""}"
3555.100000000,LOCAL_REPLAN,"{""message"": ""Call local replanning..."", ""wall_time_utc"": ""2026-09-06T17:52:46.573012+00:00""}"
3555.100000000,REPLAN_REQUESTED,"{""message"": ""Replanning request. curr_vertex_idx: 89"", ""wall_time_utc"": ""2026-09-06T17:52:46.575196+00:00""}"
3556.300000000,LOCAL_REPLAN,"{""message"": ""Call local replanning..."", ""wall_time_utc"": ""2026-09-06T17:52:47.758309+00:00""}"
3556.300000000,REPLAN_REQUESTED,"{""message"": ""Replanning request. curr_vertex_idx: 89"", ""wall_time_utc"": ""2026-09-06T17:52:47.760414+00:00""}"
3558.500000000,LOCAL_REPLAN,"{""message"": ""Call local replanning..."", ""wall_time_utc"": ""2026-09-06T17:52:49.925843+00:00""}"
3558.500000000,REPLAN_REQUESTED,"{""message"": ""Replanning request. curr_vertex_idx: 89"", ""wall_time_utc"": ""2026-09-06T17:52:49.927774+00:00""}"
3560.400000000,LOCAL_REPLAN,"{""message"": ""Call local replanning..."", ""wall_time_utc"": ""2026-09-06T17:52:51.903453+00:00""}"
3560.400000000,REPLAN_REQUESTED,"{""message"": ""Replanning request. curr_vertex_idx: 89"", ""wall_time_utc"": ""2026-09-06T17:52:51.905806+00:00""}"
3562.400000000,LOCAL_REPLAN,"{""message"": ""Call local replanning..."", ""wall_time_utc"": ""2026-09-06T17:52:53.918940+00:00""}"
3562.400000000,REPLAN_REQUESTED,"{""message"": ""Replanning request. curr_vertex_idx: 89"", ""wall_time_utc"": ""2026-09-06T17:52:53.920940+00:00""}"
3564.500000000,LOCAL_REPLAN,"{""message"": ""Call local replanning..."", ""wall_time_utc"": ""2026-09-06T17:52:55.926468+00:00""}"
3564.500000000,REPLAN_REQUESTED,"{""message"": ""Replanning request. curr_vertex_idx: 89"", ""wall_time_utc"": ""2026-09-06T17:52:55.928277+00:00""}"
3566.400000000,LOCAL_REPLAN,"{""message"": ""Call local replanning..."", ""wall_time_utc"": ""2026-09-06T17:52:57.918406+00:00""}"
3566.400000000,REPLAN_REQUESTED,"{""message"": ""Replanning request. curr_vertex_idx: 89"", ""wall_time_utc"": ""2026-09-06T17:52:57.920337+00:00""}"
3568.300000000,LOCAL_REPLAN,"{""message"": ""Call local replanning..."", ""wall_time_utc"": ""2026-09-06T17:52:59.747422+00:00""}"
3568.300000000,REPLAN_REQUESTED,"{""message"": ""Replanning request. curr_vertex_idx: 89"", ""wall_time_utc"": ""2026-09-06T17:52:59.749629+00:00""}"
3570.400000000,LOCAL_REPLAN,"{""message"": ""Call local replanning..."", ""wall_time_utc"": ""2026-09-06T17:53:01.871253+00:00""}"
3570.400000000,REPLAN_REQUESTED,"{""message"": ""Replanning request. curr_vertex_idx: 89"", ""wall_time_utc"": ""2026-09-06T17:53:01.873196+00:00""}"
3572.700000000,LOCAL_REPLAN,"{""message"": ""Call local replanning..."", ""wall_time_utc"": ""2026-09-06T17:53:04.184455+00:00""}"
3572.700000000,REPLAN_REQUESTED,"{""message"": ""Replanning request. curr_vertex_idx: 89"", ""wall_time_utc"": ""2026-09-06T17:53:04.186332+00:00""}"
3573.800000000,LOCAL_REPLAN,"{""message"": ""Call local replanning..."", ""wall_time_utc"": ""2026-09-06T17:53:05.297147+00:00""}"
3573.800000000,REPLAN_REQUESTED,"{""message"": ""Replanning request. curr_vertex_idx: 89"", ""wall_time_utc"": ""2026-09-06T17:53:05.299123+00:00""}"
3576.700000000,LOCAL_REPLAN,"{""message"": ""Call local replanning..."", ""wall_time_utc"": ""2026-09-06T17:53:08.149487+00:00""}"
3576.700000000,REPLAN_REQUESTED,"{""message"": ""Replanning request. curr_vertex_idx: 89"", ""wall_time_utc"": ""2026-09-06T17:53:08.151285+00:00""}"
3578.300000000,LOCAL_REPLAN,"{""message"": ""Call local replanning..."", ""wall_time_utc"": ""2026-09-06T17:53:09.745060+00:00""}"
3578.300000000,REPLAN_REQUESTED,"{""message"": ""Replanning request. curr_vertex_idx: 89"", ""wall_time_utc"": ""2026-09-06T17:53:09.747271+00:00""}"
3580.400000000,LOCAL_REPLAN,"{""message"": ""Call local replanning..."", ""wall_time_utc"": ""2026-09-06T17:53:11.907424+00:00""}"
3580.400000000,REPLAN_REQUESTED,"{""message"": ""Replanning request. curr_vertex_idx: 89"", ""wall_time_utc"": ""2026-09-06T17:53:11.909533+00:00""}"
3582.700000000,LOCAL_REPLAN,"{""message"": ""Call local replanning..."", ""wall_time_utc"": ""2026-09-06T17:53:14.141763+00:00""}"
3582.700000000,REPLAN_REQUESTED,"{""message"": ""Replanning request. curr_vertex_idx: 89"", ""wall_time_utc"": ""2026-09-06T17:53:14.143972+00:00""}"
3584.600000000,LOCAL_REPLAN,"{""message"": ""Call local replanning..."", ""wall_time_utc"": ""2026-09-06T17:53:16.112419+00:00""}"
3584.600000000,REPLAN_REQUESTED,"{""message"": ""Replanning request. curr_vertex_idx: 89"", ""wall_time_utc"": ""2026-09-06T17:53:16.114603+00:00""}"
3586.300000000,LOCAL_REPLAN,"{""message"": ""Call local replanning..."", ""wall_time_utc"": ""2026-09-06T17:53:17.738991+00:00""}"
3586.300000000,REPLAN_REQUESTED,"{""message"": ""Replanning request. curr_vertex_idx: 89"", ""wall_time_utc"": ""2026-09-06T17:53:17.741072+00:00""}"
3588.400000000,LOCAL_REPLAN,"{""message"": ""Call local replanning..."", ""wall_time_utc"": ""2026-09-06T17:53:19.904359+00:00""}"
3588.400000000,REPLAN_REQUESTED,"{""message"": ""Replanning request. curr_vertex_idx: 89"", ""wall_time_utc"": ""2026-09-06T17:53:19.906729+00:00""}"
3590.300000000,LOCAL_REPLAN,"{""message"": ""Call local replanning..."", ""wall_time_utc"": ""2026-09-06T17:53:21.736771+00:00""}"
3590.300000000,REPLAN_REQUESTED,"{""message"": ""Replanning request. curr_vertex_idx: 89"", ""wall_time_utc"": ""2026-09-06T17:53:21.738775+00:00""}"
3592.500000000,LOCAL_REPLAN,"{""message"": ""Call local replanning..."", ""wall_time_utc"": ""2026-09-06T17:53:23.997059+00:00""}"
3592.500000000,REPLAN_REQUESTED,"{""message"": ""Replanning request. curr_vertex_idx: 89"", ""wall_time_utc"": ""2026-09-06T17:53:23.999302+00:00""}"
3594.300000000,LOCAL_REPLAN,"{""message"": ""Call local replanning..."", ""wall_time_utc"": ""2026-09-06T17:53:25.751741+00:00""}"
3594.300000000,REPLAN_REQUESTED,"{""message"": ""Replanning request. curr_vertex_idx: 89"", ""wall_time_utc"": ""2026-09-06T17:53:25.754655+00:00""}"
3596.800000000,LOCAL_REPLAN,"{""message"": ""Call local replanning..."", ""wall_time_utc"": ""2026-09-06T17:53:28.321901+00:00""}"
3596.800000000,REPLAN_REQUESTED,"{""message"": ""Replanning request. curr_vertex_idx: 89"", ""wall_time_utc"": ""2026-09-06T17:53:28.324067+00:00""}"
3598.300000000,LOCAL_REPLAN,"{""message"": ""Call local replanning..."", ""wall_time_utc"": ""2026-09-06T17:53:29.755816+00:00""}"
3598.300000000,REPLAN_REQUESTED,"{""message"": ""Replanning request. curr_vertex_idx: 89"", ""wall_time_utc"": ""2026-09-06T17:53:29.758470+00:00""}"
3600.700000000,LOCAL_REPLAN,"{""message"": ""Call local replanning..."", ""wall_time_utc"": ""2026-09-06T17:53:32.147160+00:00""}"
3600.700000000,REPLAN_REQUESTED,"{""message"": ""Replanning request. curr_vertex_idx: 89"", ""wall_time_utc"": ""2026-09-06T17:53:32.149309+00:00""}"
3602.800000000,LOCAL_REPLAN,"{""message"": ""Call local replanning..."", ""wall_time_utc"": ""2026-09-06T17:53:34.272777+00:00""}"
3602.800000000,REPLAN_REQUESTED,"{""message"": ""Replanning request. curr_vertex_idx: 89"", ""wall_time_utc"": ""2026-09-06T17:53:34.274803+00:00""}"
3604.800000000,LOCAL_REPLAN,"{""message"": ""Call local replanning..."", ""wall_time_utc"": ""2026-09-06T17:53:36.230938+00:00""}"
3604.800000000,REPLAN_REQUESTED,"{""message"": ""Replanning request. curr_vertex_idx: 89"", ""wall_time_utc"": ""2026-09-06T17:53:36.233123+00:00""}"
3606.400000000,LOCAL_REPLAN,"{""message"": ""Call local replanning..."", ""wall_time_utc"": ""2026-09-06T17:53:37.899095+00:00""}"
3606.400000000,REPLAN_REQUESTED,"{""message"": ""Replanning request. curr_vertex_idx: 89"", ""wall_time_utc"": ""2026-09-06T17:53:37.901869+00:00""}"
3608.800000000,LOCAL_REPLAN,"{""message"": ""Call local replanning..."", ""wall_time_utc"": ""2026-09-06T17:53:40.312934+00:00""}"
3608.800000000,REPLAN_REQUESTED,"{""message"": ""Replanning request. curr_vertex_idx: 89"", ""wall_time_utc"": ""2026-09-06T17:53:40.315392+00:00""}"
3610.900000000,LOCAL_REPLAN,"{""message"": ""Call local replanning..."", ""wall_time_utc"": ""2026-09-06T17:53:42.351956+00:00""}"
3610.900000000,REPLAN_REQUESTED,"{""message"": ""Replanning request. curr_vertex_idx: 89"", ""wall_time_utc"": ""2026-09-06T17:53:42.354262+00:00""}"
3612.900000000,LOCAL_REPLAN,"{""message"": ""Call local replanning..."", ""wall_time_utc"": ""2026-09-06T17:53:44.345886+00:00""}"
3612.900000000,REPLAN_REQUESTED,"{""message"": ""Replanning request. curr_vertex_idx: 89"", ""wall_time_utc"": ""2026-09-06T17:53:44.348399+00:00""}"
3614.400000000,LOCAL_REPLAN,"{""message"": ""Call local replanning..."", ""wall_time_utc"": ""2026-09-06T17:53:45.918343+00:00""}"
3614.400000000,REPLAN_REQUESTED,"{""message"": ""Replanning request. curr_vertex_idx: 89"", ""wall_time_utc"": ""2026-09-06T17:53:45.920551+00:00""}"
3616.300000000,LOCAL_REPLAN,"{""message"": ""Call local replanning..."", ""wall_time_utc"": ""2026-09-06T17:53:47.728724+00:00""}"
3616.300000000,REPLAN_REQUESTED,"{""message"": ""Replanning request. curr_vertex_idx: 89"", ""wall_time_utc"": ""2026-09-06T17:53:47.730951+00:00""}"
3618.300000000,LOCAL_REPLAN,"{""message"": ""Call local replanning..."", ""wall_time_utc"": ""2026-09-06T17:53:49.744316+00:00""}"
3618.300000000,REPLAN_REQUESTED,"{""message"": ""Replanning request. curr_vertex_idx: 89"", ""wall_time_utc"": ""2026-09-06T17:53:49.746849+00:00""}"
3620.700000000,LOCAL_REPLAN,"{""message"": ""Call local replanning..."", ""wall_time_utc"": ""2026-09-06T17:53:52.150109+00:00""}"
3620.700000000,REPLAN_REQUESTED,"{""message"": ""Replanning request. curr_vertex_idx: 89"", ""wall_time_utc"": ""2026-09-06T17:53:52.151799+00:00""}"
3622.300000000,LOCAL_REPLAN,"{""message"": ""Call local replanning..."", ""wall_time_utc"": ""2026-09-06T17:53:53.740156+00:00""}"
3622.300000000,REPLAN_REQUESTED,"{""message"": ""Replanning request. curr_vertex_idx: 89"", ""wall_time_utc"": ""2026-09-06T17:53:53.742361+00:00""}"
3624.500000000,LOCAL_REPLAN,"{""message"": ""Call local replanning..."", ""wall_time_utc"": ""2026-09-06T17:53:55.933878+00:00""}"
3624.500000000,REPLAN_REQUESTED,"{""message"": ""Replanning request. curr_vertex_idx: 89"", ""wall_time_utc"": ""2026-09-06T17:53:55.935908+00:00""}"
3626.500000000,LOCAL_REPLAN,"{""message"": ""Call local replanning..."", ""wall_time_utc"": ""2026-09-06T17:53:57.925267+00:00""}"
3626.500000000,REPLAN_REQUESTED,"{""message"": ""Replanning request. curr_vertex_idx: 89"", ""wall_time_utc"": ""2026-09-06T17:53:57.927000+00:00""}"
3628.500000000,LOCAL_REPLAN,"{""message"": ""Call local replanning..."", ""wall_time_utc"": ""2026-09-06T17:53:59.931688+00:00""}"
3628.500000000,REPLAN_REQUESTED,"{""message"": ""Replanning request. curr_vertex_idx: 89"", ""wall_time_utc"": ""2026-09-06T17:53:59.933665+00:00""}"
3629.800000000,LOCAL_REPLAN,"{""message"": ""Call local replanning..."", ""wall_time_utc"": ""2026-09-06T17:54:01.279942+00:00""}"
3629.800000000,REPLAN_REQUESTED,"{""message"": ""Replanning request. curr_vertex_idx: 89"", ""wall_time_utc"": ""2026-09-06T17:54:01.281938+00:00""}"
3632.700000000,LOCAL_REPLAN,"{""message"": ""Call local replanning..."", ""wall_time_utc"": ""2026-09-06T17:54:04.195608+00:00""}"
3632.700000000,REPLAN_REQUESTED,"{""message"": ""Replanning request. curr_vertex_idx: 89"", ""wall_time_utc"": ""2026-09-06T17:54:04.197920+00:00""}"
3634.600000000,LOCAL_REPLAN,"{""message"": ""Call local replanning..."", ""wall_time_utc"": ""2026-09-06T17:54:06.061010+00:00""}"
3634.600000000,REPLAN_REQUESTED,"{""message"": ""Replanning request. curr_vertex_idx: 89"", ""wall_time_utc"": ""2026-09-06T17:54:06.063010+00:00""}"
3636.300000000,LOCAL_REPLAN,"{""message"": ""Call local replanning..."", ""wall_time_utc"": ""2026-09-06T17:54:07.738432+00:00""}"
3636.300000000,REPLAN_REQUESTED,"{""message"": ""Replanning request. curr_vertex_idx: 89"", ""wall_time_utc"": ""2026-09-06T17:54:07.740254+00:00""}"
3638.400000000,LOCAL_REPLAN,"{""message"": ""Call local replanning..."", ""wall_time_utc"": ""2026-09-06T17:54:09.919199+00:00""}"
3638.400000000,REPLAN_REQUESTED,"{""message"": ""Replanning request. curr_vertex_idx: 89"", ""wall_time_utc"": ""2026-09-06T17:54:09.921205+00:00""}"
3640.900000000,LOCAL_REPLAN,"{""message"": ""Call local replanning..."", ""wall_time_utc"": ""2026-09-06T17:54:12.338675+00:00""}"
3640.900000000,REPLAN_REQUESTED,"{""message"": ""Replanning request. curr_vertex_idx: 89"", ""wall_time_utc"": ""2026-09-06T17:54:12.340927+00:00""}"
3642.700000000,LOCAL_REPLAN,"{""message"": ""Call local replanning..."", ""wall_time_utc"": ""2026-09-06T17:54:14.175013+00:00""}"
3642.700000000,REPLAN_REQUESTED,"{""message"": ""Replanning request. curr_vertex_idx: 89"", ""wall_time_utc"": ""2026-09-06T17:54:14.177049+00:00""}"
3644.700000000,LOCAL_REPLAN,"{""message"": ""Call local replanning..."", ""wall_time_utc"": ""2026-09-06T17:54:16.192255+00:00""}"
3644.700000000,REPLAN_REQUESTED,"{""message"": ""Replanning request. curr_vertex_idx: 89"", ""wall_time_utc"": ""2026-09-06T17:54:16.194592+00:00""}"
3646.300000000,LOCAL_REPLAN,"{""message"": ""Call local replanning..."", ""wall_time_utc"": ""2026-09-06T17:54:17.748988+00:00""}"
3646.300000000,REPLAN_REQUESTED,"{""message"": ""Replanning request. curr_vertex_idx: 89"", ""wall_time_utc"": ""2026-09-06T17:54:17.751081+00:00""}"
3648.300000000,LOCAL_REPLAN,"{""message"": ""Call local replanning..."", ""wall_time_utc"": ""2026-09-06T17:54:19.738285+00:00""}"
3648.300000000,REPLAN_REQUESTED,"{""message"": ""Replanning request. curr_vertex_idx: 89"", ""wall_time_utc"": ""2026-09-06T17:54:19.740441+00:00""}"
3650.700000000,LOCAL_REPLAN,"{""message"": ""Call local replanning..."", ""wall_time_utc"": ""2026-09-06T17:54:22.207684+00:00""}"
3650.700000000,REPLAN_REQUESTED,"{""message"": ""Replanning request. curr_vertex_idx: 89"", ""wall_time_utc"": ""2026-09-06T17:54:22.209651+00:00""}"
3652.700000000,LOCAL_REPLAN,"{""message"": ""Call local replanning..."", ""wall_time_utc"": ""2026-09-06T17:54:24.196224+00:00""}"
3652.700000000,REPLAN_REQUESTED,"{""message"": ""Replanning request. curr_vertex_idx: 89"", ""wall_time_utc"": ""2026-09-06T17:54:24.198310+00:00""}"
3654.700000000,LOCAL_REPLAN,"{""message"": ""Call local replanning..."", ""wall_time_utc"": ""2026-09-06T17:54:26.174399+00:00""}"
3654.700000000,REPLAN_REQUESTED,"{""message"": ""Replanning request. curr_vertex_idx: 89"", ""wall_time_utc"": ""2026-09-06T17:54:26.176440+00:00""}"
3656.900000000,LOCAL_REPLAN,"{""message"": ""Call local replanning..."", ""wall_time_utc"": ""2026-09-06T17:54:28.407143+00:00""}"
3656.900000000,REPLAN_REQUESTED,"{""message"": ""Replanning request. curr_vertex_idx: 89"", ""wall_time_utc"": ""2026-09-06T17:54:28.409008+00:00""}"
3658.600000000,LOCAL_REPLAN,"{""message"": ""Call local replanning..."", ""wall_time_utc"": ""2026-09-06T17:54:30.084053+00:00""}"
3658.600000000,REPLAN_REQUESTED,"{""message"": ""Replanning request. curr_vertex_idx: 89"", ""wall_time_utc"": ""2026-09-06T17:54:30.085955+00:00""}"
3660.800000000,LOCAL_REPLAN,"{""message"": ""Call local replanning..."", ""wall_time_utc"": ""2026-09-06T17:54:32.322222+00:00""}"
3660.900000000,REPLAN_REQUESTED,"{""message"": ""Replanning request. curr_vertex_idx: 89"", ""wall_time_utc"": ""2026-09-06T17:54:32.324238+00:00""}"
3662.500000000,LOCAL_REPLAN,"{""message"": ""Call local replanning..."", ""wall_time_utc"": ""2026-09-06T17:54:33.923623+00:00""}"
3662.500000000,REPLAN_REQUESTED,"{""message"": ""Replanning request. curr_vertex_idx: 89"", ""wall_time_utc"": ""2026-09-06T17:54:33.925779+00:00""}"
3664.500000000,LOCAL_REPLAN,"{""message"": ""Call local replanning..."", ""wall_time_utc"": ""2026-09-06T17:54:35.928132+00:00""}"
3664.500000000,REPLAN_REQUESTED,"{""message"": ""Replanning request. curr_vertex_idx: 89"", ""wall_time_utc"": ""2026-09-06T17:54:35.929967+00:00""}"
3666.300000000,LOCAL_REPLAN,"{""message"": ""Call local replanning..."", ""wall_time_utc"": ""2026-09-06T17:54:37.738887+00:00""}"
3666.300000000,REPLAN_REQUESTED,"{""message"": ""Replanning request. curr_vertex_idx: 89"", ""wall_time_utc"": ""2026-09-06T17:54:37.740951+00:00""}"
3668.300000000,LOCAL_REPLAN,"{""message"": ""Call local replanning..."", ""wall_time_utc"": ""2026-09-06T17:54:39.748739+00:00""}"
3668.300000000,REPLAN_REQUESTED,"{""message"": ""Replanning request. curr_vertex_idx: 89"", ""wall_time_utc"": ""2026-09-06T17:54:39.750812+00:00""}"
3670.900000000,LOCAL_REPLAN,"{""message"": ""Call local replanning..."", ""wall_time_utc"": ""2026-09-06T17:54:42.361930+00:00""}"
3670.900000000,REPLAN_REQUESTED,"{""message"": ""Replanning request. curr_vertex_idx: 89"", ""wall_time_utc"": ""2026-09-06T17:54:42.364002+00:00""}"
3672.300000000,LOCAL_REPLAN,"{""message"": ""Call local replanning..."", ""wall_time_utc"": ""2026-09-06T17:54:43.745725+00:00""}"
3672.300000000,REPLAN_REQUESTED,"{""message"": ""Replanning request. curr_vertex_idx: 89"", ""wall_time_utc"": ""2026-09-06T17:54:43.747456+00:00""}"
3674.300000000,LOCAL_REPLAN,"{""message"": ""Call local replanning..."", ""wall_time_utc"": ""2026-09-06T17:54:45.756618+00:00""}"
3674.300000000,REPLAN_REQUESTED,"{""message"": ""Replanning request. curr_vertex_idx: 89"", ""wall_time_utc"": ""2026-09-06T17:54:45.758902+00:00""}"
3676.400000000,LOCAL_REPLAN,"{""message"": ""Call local replanning..."", ""wall_time_utc"": ""2026-09-06T17:54:47.828490+00:00""}"
3676.400000000,REPLAN_REQUESTED,"{""message"": ""Replanning request. curr_vertex_idx: 89"", ""wall_time_utc"": ""2026-09-06T17:54:47.830373+00:00""}"
3677.800000000,LOCAL_REPLAN,"{""message"": ""Call local replanning..."", ""wall_time_utc"": ""2026-09-06T17:54:49.275380+00:00""}"
3677.800000000,REPLAN_REQUESTED,"{""message"": ""Replanning request. curr_vertex_idx: 89"", ""wall_time_utc"": ""2026-09-06T17:54:49.277903+00:00""}"
3680.300000000,LOCAL_REPLAN,"{""message"": ""Call local replanning..."", ""wall_time_utc"": ""2026-09-06T17:54:51.734311+00:00""}"
3680.300000000,REPLAN_REQUESTED,"{""message"": ""Replanning request. curr_vertex_idx: 89"", ""wall_time_utc"": ""2026-09-06T17:54:51.736531+00:00""}"
3683.200000000,LOCAL_REPLAN,"{""message"": ""Call local replanning..."", ""wall_time_utc"": ""2026-09-06T17:54:54.652176+00:00""}"
3683.200000000,REPLAN_REQUESTED,"{""message"": ""Replanning request. curr_vertex_idx: 89"", ""wall_time_utc"": ""2026-09-06T17:54:54.654232+00:00""}"
3684.500000000,LOCAL_REPLAN,"{""message"": ""Call local replanning..."", ""wall_time_utc"": ""2026-09-06T17:54:55.935028+00:00""}"
3684.500000000,REPLAN_REQUESTED,"{""message"": ""Replanning request. curr_vertex_idx: 89"", ""wall_time_utc"": ""2026-09-06T17:54:55.937146+00:00""}"
3686.300000000,LOCAL_REPLAN,"{""message"": ""Call local replanning..."", ""wall_time_utc"": ""2026-09-06T17:54:57.724125+00:00""}"
3686.300000000,REPLAN_REQUESTED,"{""message"": ""Replanning request. curr_vertex_idx: 89"", ""wall_time_utc"": ""2026-09-06T17:54:57.726003+00:00""}"
3688.900000000,LOCAL_REPLAN,"{""message"": ""Call local replanning..."", ""wall_time_utc"": ""2026-09-06T17:55:00.381254+00:00""}"
3688.900000000,REPLAN_REQUESTED,"{""message"": ""Replanning request. curr_vertex_idx: 89"", ""wall_time_utc"": ""2026-09-06T17:55:00.383472+00:00""}"
3690.400000000,LOCAL_REPLAN,"{""message"": ""Call local replanning..."", ""wall_time_utc"": ""2026-09-06T17:55:01.915941+00:00""}"
3690.400000000,REPLAN_REQUESTED,"{""message"": ""Replanning request. curr_vertex_idx: 89"", ""wall_time_utc"": ""2026-09-06T17:55:01.918023+00:00""}"
3692.600000000,LOCAL_REPLAN,"{""message"": ""Call local replanning..."", ""wall_time_utc"": ""2026-09-06T17:55:04.064040+00:00""}"
3692.600000000,REPLAN_REQUESTED,"{""message"": ""Replanning request. curr_vertex_idx: 89"", ""wall_time_utc"": ""2026-09-06T17:55:04.066166+00:00""}"
3694.300000000,LOCAL_REPLAN,"{""message"": ""Call local replanning..."", ""wall_time_utc"": ""2026-09-06T17:55:05.744077+00:00""}"
3694.300000000,REPLAN_REQUESTED,"{""message"": ""Replanning request. curr_vertex_idx: 89"", ""wall_time_utc"": ""2026-09-06T17:55:05.746009+00:00""}"
3696.400000000,LOCAL_REPLAN,"{""message"": ""Call local replanning..."", ""wall_time_utc"": ""2026-09-06T17:55:07.917081+00:00""}"
3696.400000000,REPLAN_REQUESTED,"{""message"": ""Replanning request. curr_vertex_idx: 89"", ""wall_time_utc"": ""2026-09-06T17:55:07.919542+00:00""}"
3698.700000000,LOCAL_REPLAN,"{""message"": ""Call local replanning..."", ""wall_time_utc"": ""2026-09-06T17:55:10.199129+00:00""}"
3698.700000000,REPLAN_REQUESTED,"{""message"": ""Replanning request. curr_vertex_idx: 89"", ""wall_time_utc"": ""2026-09-06T17:55:10.201237+00:00""}"
3700.700000000,LOCAL_REPLAN,"{""message"": ""Call local replanning..."", ""wall_time_utc"": ""2026-09-06T17:55:12.202072+00:00""}"
3700.700000000,REPLAN_REQUESTED,"{""message"": ""Replanning request. curr_vertex_idx: 89"", ""wall_time_utc"": ""2026-09-06T17:55:12.203992+00:00""}"
3702.700000000,LOCAL_REPLAN,"{""message"": ""Call local replanning..."", ""wall_time_utc"": ""2026-09-06T17:55:14.172689+00:00""}"
3702.700000000,REPLAN_REQUESTED,"{""message"": ""Replanning request. curr_vertex_idx: 89"", ""wall_time_utc"": ""2026-09-06T17:55:14.174602+00:00""}"
3704.500000000,LOCAL_REPLAN,"{""message"": ""Call local replanning..."", ""wall_time_utc"": ""2026-09-06T17:55:15.945212+00:00""}"
3704.500000000,REPLAN_REQUESTED,"{""message"": ""Replanning request. curr_vertex_idx: 89"", ""wall_time_utc"": ""2026-09-06T17:55:15.947018+00:00""}"
3707.100000000,LOCAL_REPLAN,"{""message"": ""Call local replanning..."", ""wall_time_utc"": ""2026-09-06T17:55:18.595278+00:00""}"
3707.100000000,REPLAN_REQUESTED,"{""message"": ""Replanning request. curr_vertex_idx: 89"", ""wall_time_utc"": ""2026-09-06T17:55:18.597299+00:00""}"
3708.700000000,LOCAL_REPLAN,"{""message"": ""Call local replanning..."", ""wall_time_utc"": ""2026-09-06T17:55:20.196960+00:00""}"
3708.700000000,REPLAN_REQUESTED,"{""message"": ""Replanning request. curr_vertex_idx: 89"", ""wall_time_utc"": ""2026-09-06T17:55:20.198962+00:00""}"
3710.800000000,LOCAL_REPLAN,"{""message"": ""Call local replanning..."", ""wall_time_utc"": ""2026-09-06T17:55:22.235238+00:00""}"
3710.800000000,REPLAN_REQUESTED,"{""message"": ""Replanning request. curr_vertex_idx: 89"", ""wall_time_utc"": ""2026-09-06T17:55:22.237537+00:00""}"
3712.600000000,LOCAL_REPLAN,"{""message"": ""Call local replanning..."", ""wall_time_utc"": ""2026-09-06T17:55:24.081246+00:00""}"
3712.600000000,REPLAN_REQUESTED,"{""message"": ""Replanning request. curr_vertex_idx: 89"", ""wall_time_utc"": ""2026-09-06T17:55:24.083379+00:00""}"
3714.300000000,LOCAL_REPLAN,"{""message"": ""Call local replanning..."", ""wall_time_utc"": ""2026-09-06T17:55:25.756368+00:00""}"
3714.300000000,REPLAN_REQUESTED,"{""message"": ""Replanning request. curr_vertex_idx: 89"", ""wall_time_utc"": ""2026-09-06T17:55:25.758502+00:00""}"
3716.400000000,LOCAL_REPLAN,"{""message"": ""Call local replanning..."", ""wall_time_utc"": ""2026-09-06T17:55:27.915080+00:00""}"
3716.400000000,REPLAN_REQUESTED,"{""message"": ""Replanning request. curr_vertex_idx: 89"", ""wall_time_utc"": ""2026-09-06T17:55:27.916883+00:00""}"
3719.600000000,LOCAL_REPLAN,"{""message"": ""Call local replanning..."", ""wall_time_utc"": ""2026-09-06T17:55:31.088151+00:00""}"
3719.600000000,REPLAN_REQUESTED,"{""message"": ""Replanning request. curr_vertex_idx: 89"", ""wall_time_utc"": ""2026-09-06T17:55:31.090458+00:00""}"
3721.600000000,LOCAL_REPLAN,"{""message"": ""Call local replanning..."", ""wall_time_utc"": ""2026-09-06T17:55:33.056428+00:00""}"
3721.600000000,REPLAN_REQUESTED,"{""message"": ""Replanning request. curr_vertex_idx: 89"", ""wall_time_utc"": ""2026-09-06T17:55:33.058652+00:00""}"
3724.200000000,LOCAL_REPLAN,"{""message"": ""Call local replanning..."", ""wall_time_utc"": ""2026-09-06T17:55:35.667177+00:00""}"
3724.200000000,REPLAN_REQUESTED,"{""message"": ""Replanning request. curr_vertex_idx: 89"", ""wall_time_utc"": ""2026-09-06T17:55:35.669461+00:00""}"
3726.000000000,LOCAL_REPLAN,"{""message"": ""Call local replanning..."", ""wall_time_utc"": ""2026-09-06T17:55:37.519756+00:00""}"
3726.000000000,REPLAN_REQUESTED,"{""message"": ""Replanning request. curr_vertex_idx: 89"", ""wall_time_utc"": ""2026-09-06T17:55:37.521998+00:00""}"
3728.100000000,LOCAL_REPLAN,"{""message"": ""Call local replanning..."", ""wall_time_utc"": ""2026-09-06T17:55:39.526984+00:00""}"
3728.100000000,REPLAN_REQUESTED,"{""message"": ""Replanning request. curr_vertex_idx: 89"", ""wall_time_utc"": ""2026-09-06T17:55:39.528722+00:00""}"
3729.600000000,LOCAL_REPLAN,"{""message"": ""Call local replanning..."", ""wall_time_utc"": ""2026-09-06T17:55:41.042226+00:00""}"
3729.600000000,REPLAN_REQUESTED,"{""message"": ""Replanning request. curr_vertex_idx: 89"", ""wall_time_utc"": ""2026-09-06T17:55:41.044546+00:00""}"
3731.800000000,LOCAL_REPLAN,"{""message"": ""Call local replanning..."", ""wall_time_utc"": ""2026-09-06T17:55:43.225524+00:00""}"
3731.800000000,REPLAN_REQUESTED,"{""message"": ""Replanning request. curr_vertex_idx: 89"", ""wall_time_utc"": ""2026-09-06T17:55:43.227613+00:00""}"
3733.700000000,LOCAL_REPLAN,"{""message"": ""Call local replanning..."", ""wall_time_utc"": ""2026-09-06T17:55:45.148303+00:00""}"
3733.700000000,REPLAN_REQUESTED,"{""message"": ""Replanning request. curr_vertex_idx: 89"", ""wall_time_utc"": ""2026-09-06T17:55:45.150536+00:00""}"
3735.600000000,LOCAL_REPLAN,"{""message"": ""Call local replanning..."", ""wall_time_utc"": ""2026-09-06T17:55:47.039113+00:00""}"
3735.600000000,REPLAN_REQUESTED,"{""message"": ""Replanning request. curr_vertex_idx: 89"", ""wall_time_utc"": ""2026-09-06T17:55:47.041252+00:00""}"
3737.600000000,LOCAL_REPLAN,"{""message"": ""Call local replanning..."", ""wall_time_utc"": ""2026-09-06T17:55:49.036483+00:00""}"
3737.600000000,REPLAN_REQUESTED,"{""message"": ""Replanning request. curr_vertex_idx: 89"", ""wall_time_utc"": ""2026-09-06T17:55:49.038800+00:00""}"
3739.600000000,LOCAL_REPLAN,"{""message"": ""Call local replanning..."", ""wall_time_utc"": ""2026-09-06T17:55:51.042831+00:00""}"
3739.600000000,REPLAN_REQUESTED,"{""message"": ""Replanning request. curr_vertex_idx: 89"", ""wall_time_utc"": ""2026-09-06T17:55:51.045402+00:00""}"
3741.900000000,LOCAL_REPLAN,"{""message"": ""Call local replanning..."", ""wall_time_utc"": ""2026-09-06T17:55:53.373649+00:00""}"
3741.900000000,REPLAN_REQUESTED,"{""message"": ""Replanning request. curr_vertex_idx: 89"", ""wall_time_utc"": ""2026-09-06T17:55:53.375887+00:00""}"
3743.900000000,LOCAL_REPLAN,"{""message"": ""Call local replanning..."", ""wall_time_utc"": ""2026-09-06T17:55:55.375049+00:00""}"
3743.900000000,REPLAN_REQUESTED,"{""message"": ""Replanning request. curr_vertex_idx: 89"", ""wall_time_utc"": ""2026-09-06T17:55:55.376944+00:00""}"
3746.200000000,LOCAL_REPLAN,"{""message"": ""Call local replanning..."", ""wall_time_utc"": ""2026-09-06T17:55:57.640080+00:00""}"
3746.200000000,REPLAN_REQUESTED,"{""message"": ""Replanning request. curr_vertex_idx: 89"", ""wall_time_utc"": ""2026-09-06T17:55:57.642189+00:00""}"
3747.300000000,LOCAL_REPLAN,"{""message"": ""Call local replanning..."", ""wall_time_utc"": ""2026-09-06T17:55:58.755106+00:00""}"
3747.300000000,REPLAN_REQUESTED,"{""message"": ""Replanning request. curr_vertex_idx: 89"", ""wall_time_utc"": ""2026-09-06T17:55:58.757322+00:00""}"
3750.700000000,LOCAL_REPLAN,"{""message"": ""Call local replanning..."", ""wall_time_utc"": ""2026-09-06T17:56:02.214618+00:00""}"
3750.700000000,REPLAN_REQUESTED,"{""message"": ""Replanning request. curr_vertex_idx: 89"", ""wall_time_utc"": ""2026-09-06T17:56:02.216729+00:00""}"
3753.100000000,LOCAL_REPLAN,"{""message"": ""Call local replanning..."", ""wall_time_utc"": ""2026-09-06T17:56:04.562331+00:00""}"
3753.100000000,REPLAN_REQUESTED,"{""message"": ""Replanning request. curr_vertex_idx: 89"", ""wall_time_utc"": ""2026-09-06T17:56:04.564589+00:00""}"
3754.900000000,LOCAL_REPLAN,"{""message"": ""Call local replanning..."", ""wall_time_utc"": ""2026-09-06T17:56:06.329168+00:00""}"
3754.900000000,REPLAN_REQUESTED,"{""message"": ""Replanning request. curr_vertex_idx: 89"", ""wall_time_utc"": ""2026-09-06T17:56:06.331205+00:00""}"
3756.900000000,LOCAL_REPLAN,"{""message"": ""Call local replanning..."", ""wall_time_utc"": ""2026-09-06T17:56:08.354181+00:00""}"
3756.900000000,REPLAN_REQUESTED,"{""message"": ""Replanning request. curr_vertex_idx: 89"", ""wall_time_utc"": ""2026-09-06T17:56:08.356327+00:00""}"
3758.700000000,LOCAL_REPLAN,"{""message"": ""Call local replanning..."", ""wall_time_utc"": ""2026-09-06T17:56:10.181879+00:00""}"
3758.700000000,REPLAN_REQUESTED,"{""message"": ""Replanning request. curr_vertex_idx: 89"", ""wall_time_utc"": ""2026-09-06T17:56:10.183817+00:00""}"
3760.900000000,LOCAL_REPLAN,"{""message"": ""Call local replanning..."", ""wall_time_utc"": ""2026-09-06T17:56:12.367744+00:00""}"
3760.900000000,REPLAN_REQUESTED,"{""message"": ""Replanning request. curr_vertex_idx: 89"", ""wall_time_utc"": ""2026-09-06T17:56:12.369839+00:00""}"
3762.800000000,LOCAL_REPLAN,"{""message"": ""Call local replanning..."", ""wall_time_utc"": ""2026-09-06T17:56:14.318196+00:00""}"
3762.800000000,REPLAN_REQUESTED,"{""message"": ""Replanning request. curr_vertex_idx: 89"", ""wall_time_utc"": ""2026-09-06T17:56:14.320587+00:00""}"
3764.700000000,LOCAL_REPLAN,"{""message"": ""Call local replanning..."", ""wall_time_utc"": ""2026-09-06T17:56:16.169570+00:00""}"
3764.700000000,REPLAN_REQUESTED,"{""message"": ""Replanning request. curr_vertex_idx: 89"", ""wall_time_utc"": ""2026-09-06T17:56:16.171612+00:00""}"
3766.800000000,LOCAL_REPLAN,"{""message"": ""Call local replanning..."", ""wall_time_utc"": ""2026-09-06T17:56:18.264621+00:00""}"
3766.800000000,REPLAN_REQUESTED,"{""message"": ""Replanning request. curr_vertex_idx: 89"", ""wall_time_utc"": ""2026-09-06T17:56:18.266823+00:00""}"
3768.700000000,LOCAL_REPLAN,"{""message"": ""Call local replanning..."", ""wall_time_utc"": ""2026-09-06T17:56:20.146823+00:00""}"
3768.700000000,REPLAN_REQUESTED,"{""message"": ""Replanning request. curr_vertex_idx: 89"", ""wall_time_utc"": ""2026-09-06T17:56:20.148805+00:00""}"
3771.300000000,LOCAL_REPLAN,"{""message"": ""Call local replanning..."", ""wall_time_utc"": ""2026-09-06T17:56:22.760491+00:00""}"
3771.300000000,REPLAN_REQUESTED,"{""message"": ""Replanning request. curr_vertex_idx: 89"", ""wall_time_utc"": ""2026-09-06T17:56:22.762429+00:00""}"
3772.700000000,LOCAL_REPLAN,"{""message"": ""Call local replanning..."", ""wall_time_utc"": ""2026-09-06T17:56:24.144483+00:00""}"
3772.700000000,REPLAN_REQUESTED,"{""message"": ""Replanning request. curr_vertex_idx: 89"", ""wall_time_utc"": ""2026-09-06T17:56:24.146016+00:00""}"
3775.100000000,LOCAL_REPLAN,"{""message"": ""Call local replanning..."", ""wall_time_utc"": ""2026-09-06T17:56:26.544114+00:00""}"
3775.100000000,REPLAN_REQUESTED,"{""message"": ""Replanning request. curr_vertex_idx: 89"", ""wall_time_utc"": ""2026-09-06T17:56:26.546175+00:00""}"
3776.900000000,LOCAL_REPLAN,"{""message"": ""Call local replanning..."", ""wall_time_utc"": ""2026-09-06T17:56:28.340282+00:00""}"
3776.900000000,REPLAN_REQUESTED,"{""message"": ""Replanning request. curr_vertex_idx: 89"", ""wall_time_utc"": ""2026-09-06T17:56:28.342281+00:00""}"
3778.700000000,LOCAL_REPLAN,"{""message"": ""Call local replanning..."", ""wall_time_utc"": ""2026-09-06T17:56:30.143080+00:00""}"
3778.700000000,REPLAN_REQUESTED,"{""message"": ""Replanning request. curr_vertex_idx: 89"", ""wall_time_utc"": ""2026-09-06T17:56:30.145181+00:00""}"
3780.900000000,LOCAL_REPLAN,"{""message"": ""Call local replanning..."", ""wall_time_utc"": ""2026-09-06T17:56:32.343003+00:00""}"
3780.900000000,REPLAN_REQUESTED,"{""message"": ""Replanning request. curr_vertex_idx: 89"", ""wall_time_utc"": ""2026-09-06T17:56:32.344935+00:00""}"
3783.100000000,LOCAL_REPLAN,"{""message"": ""Call local replanning..."", ""wall_time_utc"": ""2026-09-06T17:56:34.588244+00:00""}"
3783.100000000,REPLAN_REQUESTED,"{""message"": ""Replanning request. curr_vertex_idx: 89"", ""wall_time_utc"": ""2026-09-06T17:56:34.590404+00:00""}"
3785.000000000,LOCAL_REPLAN,"{""message"": ""Call local replanning..."", ""wall_time_utc"": ""2026-09-06T17:56:36.472833+00:00""}"
3785.000000000,REPLAN_REQUESTED,"{""message"": ""Replanning request. curr_vertex_idx: 89"", ""wall_time_utc"": ""2026-09-06T17:56:36.474873+00:00""}"
3787.600000000,LOCAL_REPLAN,"{""message"": ""Call local replanning..."", ""wall_time_utc"": ""2026-09-06T17:56:39.102288+00:00""}"
3787.600000000,REPLAN_REQUESTED,"{""message"": ""Replanning request. curr_vertex_idx: 89"", ""wall_time_utc"": ""2026-09-06T17:56:39.104435+00:00""}"
3789.100000000,LOCAL_REPLAN,"{""message"": ""Call local replanning..."", ""wall_time_utc"": ""2026-09-06T17:56:40.595793+00:00""}"
3789.100000000,REPLAN_REQUESTED,"{""message"": ""Replanning request. curr_vertex_idx: 89"", ""wall_time_utc"": ""2026-09-06T17:56:40.597626+00:00""}"
3791.200000000,LOCAL_REPLAN,"{""message"": ""Call local replanning..."", ""wall_time_utc"": ""2026-09-06T17:56:42.624753+00:00""}"
3791.200000000,REPLAN_REQUESTED,"{""message"": ""Replanning request. curr_vertex_idx: 89"", ""wall_time_utc"": ""2026-09-06T17:56:42.626251+00:00""}"
3793.600000000,LOCAL_REPLAN,"{""message"": ""Call local replanning..."", ""wall_time_utc"": ""2026-09-06T17:56:45.041879+00:00""}"
3793.600000000,REPLAN_REQUESTED,"{""message"": ""Replanning request. curr_vertex_idx: 89"", ""wall_time_utc"": ""2026-09-06T17:56:45.044152+00:00""}"
3794.600000000,LOCAL_REPLAN,"{""message"": ""Call local replanning..."", ""wall_time_utc"": ""2026-09-06T17:56:46.046899+00:00""}"
3794.600000000,REPLAN_REQUESTED,"{""message"": ""Replanning request. curr_vertex_idx: 89"", ""wall_time_utc"": ""2026-09-06T17:56:46.049419+00:00""}"
3796.700000000,LOCAL_REPLAN,"{""message"": ""Call local replanning..."", ""wall_time_utc"": ""2026-09-06T17:56:48.153361+00:00""}"
3796.700000000,REPLAN_REQUESTED,"{""message"": ""Replanning request. curr_vertex_idx: 89"", ""wall_time_utc"": ""2026-09-06T17:56:48.155542+00:00""}"
3798.800000000,LOCAL_REPLAN,"{""message"": ""Call local replanning..."", ""wall_time_utc"": ""2026-09-06T17:56:50.238272+00:00""}"
3798.800000000,REPLAN_REQUESTED,"{""message"": ""Replanning request. curr_vertex_idx: 89"", ""wall_time_utc"": ""2026-09-06T17:56:50.240327+00:00""}"
3800.900000000,LOCAL_REPLAN,"{""message"": ""Call local replanning..."", ""wall_time_utc"": ""2026-09-06T17:56:52.353291+00:00""}"
3800.900000000,REPLAN_REQUESTED,"{""message"": ""Replanning request. curr_vertex_idx: 89"", ""wall_time_utc"": ""2026-09-06T17:56:52.355042+00:00""}"
3802.700000000,LOCAL_REPLAN,"{""message"": ""Call local replanning..."", ""wall_time_utc"": ""2026-09-06T17:56:54.136647+00:00""}"
3802.700000000,REPLAN_REQUESTED,"{""message"": ""Replanning request. curr_vertex_idx: 89"", ""wall_time_utc"": ""2026-09-06T17:56:54.138721+00:00""}"
3804.700000000,LOCAL_REPLAN,"{""message"": ""Call local replanning..."", ""wall_time_utc"": ""2026-09-06T17:56:56.141074+00:00""}"
3804.700000000,REPLAN_REQUESTED,"{""message"": ""Replanning request. curr_vertex_idx: 89"", ""wall_time_utc"": ""2026-09-06T17:56:56.143166+00:00""}"
3806.700000000,LOCAL_REPLAN,"{""message"": ""Call local replanning..."", ""wall_time_utc"": ""2026-09-06T17:56:58.158822+00:00""}"
3806.700000000,REPLAN_REQUESTED,"{""message"": ""Replanning request. curr_vertex_idx: 89"", ""wall_time_utc"": ""2026-09-06T17:56:58.161037+00:00""}"
3808.900000000,LOCAL_REPLAN,"{""message"": ""Call local replanning..."", ""wall_time_utc"": ""2026-09-06T17:57:00.328315+00:00""}"
3808.900000000,REPLAN_REQUESTED,"{""message"": ""Replanning request. curr_vertex_idx: 89"", ""wall_time_utc"": ""2026-09-06T17:57:00.330240+00:00""}"
3810.900000000,LOCAL_REPLAN,"{""message"": ""Call local replanning..."", ""wall_time_utc"": ""2026-09-06T17:57:02.325636+00:00""}"
3810.900000000,REPLAN_REQUESTED,"{""message"": ""Replanning request. curr_vertex_idx: 89"", ""wall_time_utc"": ""2026-09-06T17:57:02.327981+00:00""}"
3813.200000000,LOCAL_REPLAN,"{""message"": ""Call local replanning..."", ""wall_time_utc"": ""2026-09-06T17:57:04.648593+00:00""}"
3813.200000000,REPLAN_REQUESTED,"{""message"": ""Replanning request. curr_vertex_idx: 89"", ""wall_time_utc"": ""2026-09-06T17:57:04.650982+00:00""}"
3814.700000000,LOCAL_REPLAN,"{""message"": ""Call local replanning..."", ""wall_time_utc"": ""2026-09-06T17:57:06.161236+00:00""}"
3814.700000000,REPLAN_REQUESTED,"{""message"": ""Replanning request. curr_vertex_idx: 89"", ""wall_time_utc"": ""2026-09-06T17:57:06.163467+00:00""}"
3816.700000000,LOCAL_REPLAN,"{""message"": ""Call local replanning..."", ""wall_time_utc"": ""2026-09-06T17:57:08.161969+00:00""}"
3816.700000000,REPLAN_REQUESTED,"{""message"": ""Replanning request. curr_vertex_idx: 89"", ""wall_time_utc"": ""2026-09-06T17:57:08.163850+00:00""}"
3819.100000000,LOCAL_REPLAN,"{""message"": ""Call local replanning..."", ""wall_time_utc"": ""2026-09-06T17:57:10.589122+00:00""}"
3819.100000000,REPLAN_REQUESTED,"{""message"": ""Replanning request. curr_vertex_idx: 89"", ""wall_time_utc"": ""2026-09-06T17:57:10.591400+00:00""}"
3821.300000000,LOCAL_REPLAN,"{""message"": ""Call local replanning..."", ""wall_time_utc"": ""2026-09-06T17:57:12.762556+00:00""}"
3821.300000000,REPLAN_REQUESTED,"{""message"": ""Replanning request. curr_vertex_idx: 89"", ""wall_time_utc"": ""2026-09-06T17:57:12.764640+00:00""}"
3823.100000000,LOCAL_REPLAN,"{""message"": ""Call local replanning..."", ""wall_time_utc"": ""2026-09-06T17:57:14.582895+00:00""}"
3823.100000000,REPLAN_REQUESTED,"{""message"": ""Replanning request. curr_vertex_idx: 89"", ""wall_time_utc"": ""2026-09-06T17:57:14.584818+00:00""}"
3825.400000000,LOCAL_REPLAN,"{""message"": ""Call local replanning..."", ""wall_time_utc"": ""2026-09-06T17:57:16.844369+00:00""}"
3825.400000000,REPLAN_REQUESTED,"{""message"": ""Replanning request. curr_vertex_idx: 89"", ""wall_time_utc"": ""2026-09-06T17:57:16.846538+00:00""}"
3827.100000000,LOCAL_REPLAN,"{""message"": ""Call local replanning..."", ""wall_time_utc"": ""2026-09-06T17:57:18.594718+00:00""}"
3827.100000000,REPLAN_REQUESTED,"{""message"": ""Replanning request. curr_vertex_idx: 89"", ""wall_time_utc"": ""2026-09-06T17:57:18.596530+00:00""}"
3829.000000000,LOCAL_REPLAN,"{""message"": ""Call local replanning..."", ""wall_time_utc"": ""2026-09-06T17:57:20.517169+00:00""}"
3829.000000000,REPLAN_REQUESTED,"{""message"": ""Replanning request. curr_vertex_idx: 89"", ""wall_time_utc"": ""2026-09-06T17:57:20.519013+00:00""}"
3831.100000000,LOCAL_REPLAN,"{""message"": ""Call local replanning..."", ""wall_time_utc"": ""2026-09-06T17:57:22.588318+00:00""}"
3831.100000000,REPLAN_REQUESTED,"{""message"": ""Replanning request. curr_vertex_idx: 89"", ""wall_time_utc"": ""2026-09-06T17:57:22.590173+00:00""}"
3833.100000000,LOCAL_REPLAN,"{""message"": ""Call local replanning..."", ""wall_time_utc"": ""2026-09-06T17:57:24.614083+00:00""}"
3833.100000000,REPLAN_REQUESTED,"{""message"": ""Replanning request. curr_vertex_idx: 89"", ""wall_time_utc"": ""2026-09-06T17:57:24.616110+00:00""}"
3834.700000000,LOCAL_REPLAN,"{""message"": ""Call local replanning..."", ""wall_time_utc"": ""2026-09-06T17:57:26.167712+00:00""}"
3834.700000000,REPLAN_REQUESTED,"{""message"": ""Replanning request. curr_vertex_idx: 89"", ""wall_time_utc"": ""2026-09-06T17:57:26.170026+00:00""}"
3837.000000000,LOCAL_REPLAN,"{""message"": ""Call local replanning..."", ""wall_time_utc"": ""2026-09-06T17:57:28.447912+00:00""}"
3837.000000000,REPLAN_REQUESTED,"{""message"": ""Replanning request. curr_vertex_idx: 89"", ""wall_time_utc"": ""2026-09-06T17:57:28.449943+00:00""}"
3838.700000000,LOCAL_REPLAN,"{""message"": ""Call local replanning..."", ""wall_time_utc"": ""2026-09-06T17:57:30.170188+00:00""}"
3838.700000000,REPLAN_REQUESTED,"{""message"": ""Replanning request. curr_vertex_idx: 89"", ""wall_time_utc"": ""2026-09-06T17:57:30.171921+00:00""}"
3840.700000000,LOCAL_REPLAN,"{""message"": ""Call local replanning..."", ""wall_time_utc"": ""2026-09-06T17:57:32.155661+00:00""}"
3840.700000000,REPLAN_REQUESTED,"{""message"": ""Replanning request. curr_vertex_idx: 89"", ""wall_time_utc"": ""2026-09-06T17:57:32.157633+00:00""}"
3842.900000000,LOCAL_REPLAN,"{""message"": ""Call local replanning..."", ""wall_time_utc"": ""2026-09-06T17:57:34.333145+00:00""}"
3842.900000000,REPLAN_REQUESTED,"{""message"": ""Replanning request. curr_vertex_idx: 89"", ""wall_time_utc"": ""2026-09-06T17:57:34.335470+00:00""}"
3845.300000000,LOCAL_REPLAN,"{""message"": ""Call local replanning..."", ""wall_time_utc"": ""2026-09-06T17:57:36.812104+00:00""}"
3845.300000000,REPLAN_REQUESTED,"{""message"": ""Replanning request. curr_vertex_idx: 89"", ""wall_time_utc"": ""2026-09-06T17:57:36.813829+00:00""}"
3847.100000000,LOCAL_REPLAN,"{""message"": ""Call local replanning..."", ""wall_time_utc"": ""2026-09-06T17:57:38.538485+00:00""}"
3847.100000000,REPLAN_REQUESTED,"{""message"": ""Replanning request. curr_vertex_idx: 89"", ""wall_time_utc"": ""2026-09-06T17:57:38.540335+00:00""}"
3848.700000000,LOCAL_REPLAN,"{""message"": ""Call local replanning..."", ""wall_time_utc"": ""2026-09-06T17:57:40.180085+00:00""}"
3848.700000000,REPLAN_REQUESTED,"{""message"": ""Replanning request. curr_vertex_idx: 89"", ""wall_time_utc"": ""2026-09-06T17:57:40.182350+00:00""}"
3850.700000000,LOCAL_REPLAN,"{""message"": ""Call local replanning..."", ""wall_time_utc"": ""2026-09-06T17:57:42.189281+00:00""}"
3850.700000000,REPLAN_REQUESTED,"{""message"": ""Replanning request. curr_vertex_idx: 89"", ""wall_time_utc"": ""2026-09-06T17:57:42.191377+00:00""}"
3852.600000000,LOCAL_REPLAN,"{""message"": ""Call local replanning..."", ""wall_time_utc"": ""2026-09-06T17:57:44.059385+00:00""}"
3852.600000000,REPLAN_REQUESTED,"{""message"": ""Replanning request. curr_vertex_idx: 89"", ""wall_time_utc"": ""2026-09-06T17:57:44.061636+00:00""}"
3854.900000000,LOCAL_REPLAN,"{""message"": ""Call local replanning..."", ""wall_time_utc"": ""2026-09-06T17:57:46.330247+00:00""}"
3854.900000000,REPLAN_REQUESTED,"{""message"": ""Replanning request. curr_vertex_idx: 89"", ""wall_time_utc"": ""2026-09-06T17:57:46.332463+00:00""}"
3856.700000000,LOCAL_REPLAN,"{""message"": ""Call local replanning..."", ""wall_time_utc"": ""2026-09-06T17:57:48.143244+00:00""}"
3856.700000000,REPLAN_REQUESTED,"{""message"": ""Replanning request. curr_vertex_idx: 89"", ""wall_time_utc"": ""2026-09-06T17:57:48.145348+00:00""}"
3858.900000000,LOCAL_REPLAN,"{""message"": ""Call local replanning..."", ""wall_time_utc"": ""2026-09-06T17:57:50.420424+00:00""}"
3858.900000000,REPLAN_REQUESTED,"{""message"": ""Replanning request. curr_vertex_idx: 89"", ""wall_time_utc"": ""2026-09-06T17:57:50.422823+00:00""}"
3860.800000000,LOCAL_REPLAN,"{""message"": ""Call local replanning..."", ""wall_time_utc"": ""2026-09-06T17:57:52.321093+00:00""}"
3860.800000000,REPLAN_REQUESTED,"{""message"": ""Replanning request. curr_vertex_idx: 89"", ""wall_time_utc"": ""2026-09-06T17:57:52.323211+00:00""}"
3862.700000000,LOCAL_REPLAN,"{""message"": ""Call local replanning..."", ""wall_time_utc"": ""2026-09-06T17:57:54.161544+00:00""}"
3862.700000000,REPLAN_REQUESTED,"{""message"": ""Replanning request. curr_vertex_idx: 89"", ""wall_time_utc"": ""2026-09-06T17:57:54.163335+00:00""}"
3864.700000000,LOCAL_REPLAN,"{""message"": ""Call local replanning..."", ""wall_time_utc"": ""2026-09-06T17:57:56.187595+00:00""}"
3864.700000000,REPLAN_REQUESTED,"{""message"": ""Replanning request. curr_vertex_idx: 89"", ""wall_time_utc"": ""2026-09-06T17:57:56.189815+00:00""}"
3866.700000000,LOCAL_REPLAN,"{""message"": ""Call local replanning..."", ""wall_time_utc"": ""2026-09-06T17:57:58.148999+00:00""}"
3866.700000000,REPLAN_REQUESTED,"{""message"": ""Replanning request. curr_vertex_idx: 89"", ""wall_time_utc"": ""2026-09-06T17:57:58.151226+00:00""}"
3868.900000000,LOCAL_REPLAN,"{""message"": ""Call local replanning..."", ""wall_time_utc"": ""2026-09-06T17:58:00.333727+00:00""}"
3868.900000000,REPLAN_REQUESTED,"{""message"": ""Replanning request. curr_vertex_idx: 89"", ""wall_time_utc"": ""2026-09-06T17:58:00.335749+00:00""}"
3870.700000000,LOCAL_REPLAN,"{""message"": ""Call local replanning..."", ""wall_time_utc"": ""2026-09-06T17:58:02.162065+00:00""}"
3870.700000000,REPLAN_REQUESTED,"{""message"": ""Replanning request. curr_vertex_idx: 89"", ""wall_time_utc"": ""2026-09-06T17:58:02.163797+00:00""}"
3873.200000000,LOCAL_REPLAN,"{""message"": ""Call local replanning..."", ""wall_time_utc"": ""2026-09-06T17:58:04.634888+00:00""}"
3873.200000000,REPLAN_REQUESTED,"{""message"": ""Replanning request. curr_vertex_idx: 89"", ""wall_time_utc"": ""2026-09-06T17:58:04.636830+00:00""}"
3875.100000000,LOCAL_REPLAN,"{""message"": ""Call local replanning..."", ""wall_time_utc"": ""2026-09-06T17:58:06.611332+00:00""}"
3875.100000000,REPLAN_REQUESTED,"{""message"": ""Replanning request. curr_vertex_idx: 89"", ""wall_time_utc"": ""2026-09-06T17:58:06.613779+00:00""}"
3877.000000000,LOCAL_REPLAN,"{""message"": ""Call local replanning..."", ""wall_time_utc"": ""2026-09-06T17:58:08.444743+00:00""}"
3877.000000000,REPLAN_REQUESTED,"{""message"": ""Replanning request. curr_vertex_idx: 89"", ""wall_time_utc"": ""2026-09-06T17:58:08.446802+00:00""}"
3878.900000000,LOCAL_REPLAN,"{""message"": ""Call local replanning..."", ""wall_time_utc"": ""2026-09-06T17:58:10.336300+00:00""}"
3878.900000000,REPLAN_REQUESTED,"{""message"": ""Replanning request. curr_vertex_idx: 89"", ""wall_time_utc"": ""2026-09-06T17:58:10.338245+00:00""}"
3881.700000000,LOCAL_REPLAN,"{""message"": ""Call local replanning..."", ""wall_time_utc"": ""2026-09-06T17:58:13.162168+00:00""}"
3881.700000000,REPLAN_REQUESTED,"{""message"": ""Replanning request. curr_vertex_idx: 89"", ""wall_time_utc"": ""2026-09-06T17:58:13.164418+00:00""}"
3883.300000000,LOCAL_REPLAN,"{""message"": ""Call local replanning..."", ""wall_time_utc"": ""2026-09-06T17:58:14.821722+00:00""}"
3883.400000000,REPLAN_REQUESTED,"{""message"": ""Replanning request. curr_vertex_idx: 89"", ""wall_time_utc"": ""2026-09-06T17:58:14.823897+00:00""}"
3885.300000000,LOCAL_REPLAN,"{""message"": ""Call local replanning..."", ""wall_time_utc"": ""2026-09-06T17:58:16.762959+00:00""}"
3885.300000000,REPLAN_REQUESTED,"{""message"": ""Replanning request. curr_vertex_idx: 89"", ""wall_time_utc"": ""2026-09-06T17:58:16.765644+00:00""}"
3886.800000000,LOCAL_REPLAN,"{""message"": ""Call local replanning..."", ""wall_time_utc"": ""2026-09-06T17:58:18.237502+00:00""}"
3886.800000000,REPLAN_REQUESTED,"{""message"": ""Replanning request. curr_vertex_idx: 89"", ""wall_time_utc"": ""2026-09-06T17:58:18.239597+00:00""}"
3888.700000000,LOCAL_REPLAN,"{""message"": ""Call local replanning..."", ""wall_time_utc"": ""2026-09-06T17:58:20.158529+00:00""}"
3888.700000000,REPLAN_REQUESTED,"{""message"": ""Replanning request. curr_vertex_idx: 89"", ""wall_time_utc"": ""2026-09-06T17:58:20.160539+00:00""}"
3891.000000000,LOCAL_REPLAN,"{""message"": ""Call local replanning..."", ""wall_time_utc"": ""2026-09-06T17:58:22.500938+00:00""}"
3891.000000000,REPLAN_REQUESTED,"{""message"": ""Replanning request. curr_vertex_idx: 89"", ""wall_time_utc"": ""2026-09-06T17:58:22.502769+00:00""}"
3892.700000000,LOCAL_REPLAN,"{""message"": ""Call local replanning..."", ""wall_time_utc"": ""2026-09-06T17:58:24.163370+00:00""}"
3892.700000000,REPLAN_REQUESTED,"{""message"": ""Replanning request. curr_vertex_idx: 89"", ""wall_time_utc"": ""2026-09-06T17:58:24.166034+00:00""}"
3894.700000000,LOCAL_REPLAN,"{""message"": ""Call local replanning..."", ""wall_time_utc"": ""2026-09-06T17:58:26.161751+00:00""}"
3894.700000000,REPLAN_REQUESTED,"{""message"": ""Replanning request. curr_vertex_idx: 89"", ""wall_time_utc"": ""2026-09-06T17:58:26.164017+00:00""}"
3896.700000000,LOCAL_REPLAN,"{""message"": ""Call local replanning..."", ""wall_time_utc"": ""2026-09-06T17:58:28.154599+00:00""}"
3896.700000000,REPLAN_REQUESTED,"{""message"": ""Replanning request. curr_vertex_idx: 89"", ""wall_time_utc"": ""2026-09-06T17:58:28.156648+00:00""}"
3898.800000000,LOCAL_REPLAN,"{""message"": ""Call local replanning..."", ""wall_time_utc"": ""2026-09-06T17:58:30.299338+00:00""}"
3898.800000000,REPLAN_REQUESTED,"{""message"": ""Replanning request. curr_vertex_idx: 89"", ""wall_time_utc"": ""2026-09-06T17:58:30.301607+00:00""}"
3901.300000000,LOCAL_REPLAN,"{""message"": ""Call local replanning..."", ""wall_time_utc"": ""2026-09-06T17:58:32.756956+00:00""}"
3901.300000000,REPLAN_REQUESTED,"{""message"": ""Replanning request. curr_vertex_idx: 89"", ""wall_time_utc"": ""2026-09-06T17:58:32.759284+00:00""}"
3903.200000000,LOCAL_REPLAN,"{""message"": ""Call local replanning..."", ""wall_time_utc"": ""2026-09-06T17:58:34.627213+00:00""}"
3903.200000000,REPLAN_REQUESTED,"{""message"": ""Replanning request. curr_vertex_idx: 89"", ""wall_time_utc"": ""2026-09-06T17:58:34.629661+00:00""}"
3905.300000000,LOCAL_REPLAN,"{""message"": ""Call local replanning..."", ""wall_time_utc"": ""2026-09-06T17:58:36.811361+00:00""}"
3905.300000000,REPLAN_REQUESTED,"{""message"": ""Replanning request. curr_vertex_idx: 89"", ""wall_time_utc"": ""2026-09-06T17:58:36.813686+00:00""}"
3907.300000000,LOCAL_REPLAN,"{""message"": ""Call local replanning..."", ""wall_time_utc"": ""2026-09-06T17:58:38.808269+00:00""}"
3907.300000000,REPLAN_REQUESTED,"{""message"": ""Replanning request. curr_vertex_idx: 89"", ""wall_time_utc"": ""2026-09-06T17:58:38.810335+00:00""}"
3908.700000000,LOCAL_REPLAN,"{""message"": ""Call local replanning..."", ""wall_time_utc"": ""2026-09-06T17:58:40.159629+00:00""}"
3908.700000000,REPLAN_REQUESTED,"{""message"": ""Replanning request. curr_vertex_idx: 89"", ""wall_time_utc"": ""2026-09-06T17:58:40.162049+00:00""}"
3911.100000000,LOCAL_REPLAN,"{""message"": ""Call local replanning..."", ""wall_time_utc"": ""2026-09-06T17:58:42.588761+00:00""}"
3911.100000000,REPLAN_REQUESTED,"{""message"": ""Replanning request. curr_vertex_idx: 89"", ""wall_time_utc"": ""2026-09-06T17:58:42.591164+00:00""}"
3913.100000000,LOCAL_REPLAN,"{""message"": ""Call local replanning..."", ""wall_time_utc"": ""2026-09-06T17:58:44.588032+00:00""}"
3913.100000000,REPLAN_REQUESTED,"{""message"": ""Replanning request. curr_vertex_idx: 89"", ""wall_time_utc"": ""2026-09-06T17:58:44.590161+00:00""}"
3915.100000000,LOCAL_REPLAN,"{""message"": ""Call local replanning..."", ""wall_time_utc"": ""2026-09-06T17:58:46.620969+00:00""}"
3915.100000000,REPLAN_REQUESTED,"{""message"": ""Replanning request. curr_vertex_idx: 89"", ""wall_time_utc"": ""2026-09-06T17:58:46.623003+00:00""}"
3916.700000000,LOCAL_REPLAN,"{""message"": ""Call local replanning..."", ""wall_time_utc"": ""2026-09-06T17:58:48.159139+00:00""}"
3916.700000000,REPLAN_REQUESTED,"{""message"": ""Replanning request. curr_vertex_idx: 89"", ""wall_time_utc"": ""2026-09-06T17:58:48.161368+00:00""}"
3918.700000000,LOCAL_REPLAN,"{""message"": ""Call local replanning..."", ""wall_time_utc"": ""2026-09-06T17:58:50.147399+00:00""}"
3918.700000000,REPLAN_REQUESTED,"{""message"": ""Replanning request. curr_vertex_idx: 89"", ""wall_time_utc"": ""2026-09-06T17:58:50.149390+00:00""}"
3920.700000000,LOCAL_REPLAN,"{""message"": ""Call local replanning..."", ""wall_time_utc"": ""2026-09-06T17:58:52.162218+00:00""}"
3920.700000000,REPLAN_REQUESTED,"{""message"": ""Replanning request. curr_vertex_idx: 89"", ""wall_time_utc"": ""2026-09-06T17:58:52.164371+00:00""}"
3922.900000000,LOCAL_REPLAN,"{""message"": ""Call local replanning..."", ""wall_time_utc"": ""2026-09-06T17:58:54.349466+00:00""}"
3922.900000000,REPLAN_REQUESTED,"{""message"": ""Replanning request. curr_vertex_idx: 89"", ""wall_time_utc"": ""2026-09-06T17:58:54.351348+00:00""}"
3925.200000000,LOCAL_REPLAN,"{""message"": ""Call local replanning..."", ""wall_time_utc"": ""2026-09-06T17:58:56.634045+00:00""}"
3925.200000000,REPLAN_REQUESTED,"{""message"": ""Replanning request. curr_vertex_idx: 89"", ""wall_time_utc"": ""2026-09-06T17:58:56.635787+00:00""}"
3927.000000000,LOCAL_REPLAN,"{""message"": ""Call local replanning..."", ""wall_time_utc"": ""2026-09-06T17:58:58.500810+00:00""}"
3927.000000000,REPLAN_REQUESTED,"{""message"": ""Replanning request. curr_vertex_idx: 89"", ""wall_time_utc"": ""2026-09-06T17:58:58.502885+00:00""}"
3928.700000000,LOCAL_REPLAN,"{""message"": ""Call local replanning..."", ""wall_time_utc"": ""2026-09-06T17:59:00.175977+00:00""}"
3928.700000000,REPLAN_REQUESTED,"{""message"": ""Replanning request. curr_vertex_idx: 89"", ""wall_time_utc"": ""2026-09-06T17:59:00.178010+00:00""}"
3930.900000000,LOCAL_REPLAN,"{""message"": ""Call local replanning..."", ""wall_time_utc"": ""2026-09-06T17:59:02.348248+00:00""}"
3930.900000000,REPLAN_REQUESTED,"{""message"": ""Replanning request. curr_vertex_idx: 89"", ""wall_time_utc"": ""2026-09-06T17:59:02.350268+00:00""}"
3933.200000000,LOCAL_REPLAN,"{""message"": ""Call local replanning..."", ""wall_time_utc"": ""2026-09-06T17:59:04.633133+00:00""}"
3933.200000000,REPLAN_REQUESTED,"{""message"": ""Replanning request. curr_vertex_idx: 89"", ""wall_time_utc"": ""2026-09-06T17:59:04.634858+00:00""}"
3934.700000000,LOCAL_REPLAN,"{""message"": ""Call local replanning..."", ""wall_time_utc"": ""2026-09-06T17:59:06.172936+00:00""}"
3934.700000000,REPLAN_REQUESTED,"{""message"": ""Replanning request. curr_vertex_idx: 89"", ""wall_time_utc"": ""2026-09-06T17:59:06.174921+00:00""}"
3936.900000000,LOCAL_REPLAN,"{""message"": ""Call local replanning..."", ""wall_time_utc"": ""2026-09-06T17:59:08.340480+00:00""}"
3936.900000000,REPLAN_REQUESTED,"{""message"": ""Replanning request. curr_vertex_idx: 89"", ""wall_time_utc"": ""2026-09-06T17:59:08.342326+00:00""}"
3938.700000000,LOCAL_REPLAN,"{""message"": ""Call local replanning..."", ""wall_time_utc"": ""2026-09-06T17:59:10.162744+00:00""}"
3938.700000000,REPLAN_REQUESTED,"{""message"": ""Replanning request. curr_vertex_idx: 89"", ""wall_time_utc"": ""2026-09-06T17:59:10.164448+00:00""}"
3940.800000000,LOCAL_REPLAN,"{""message"": ""Call local replanning..."", ""wall_time_utc"": ""2026-09-06T17:59:12.301698+00:00""}"
3940.800000000,REPLAN_REQUESTED,"{""message"": ""Replanning request. curr_vertex_idx: 89"", ""wall_time_utc"": ""2026-09-06T17:59:12.303907+00:00""}"
3942.700000000,LOCAL_REPLAN,"{""message"": ""Call local replanning..."", ""wall_time_utc"": ""2026-09-06T17:59:14.162090+00:00""}"
3942.700000000,REPLAN_REQUESTED,"{""message"": ""Replanning request. curr_vertex_idx: 89"", ""wall_time_utc"": ""2026-09-06T17:59:14.164455+00:00""}"
3944.900000000,LOCAL_REPLAN,"{""message"": ""Call local replanning..."", ""wall_time_utc"": ""2026-09-06T17:59:16.349224+00:00""}"
3944.900000000,REPLAN_REQUESTED,"{""message"": ""Replanning request. curr_vertex_idx: 89"", ""wall_time_utc"": ""2026-09-06T17:59:16.351166+00:00""}"
3946.700000000,LOCAL_REPLAN,"{""message"": ""Call local replanning..."", ""wall_time_utc"": ""2026-09-06T17:59:18.175524+00:00""}"
3946.700000000,REPLAN_REQUESTED,"{""message"": ""Replanning request. curr_vertex_idx: 89"", ""wall_time_utc"": ""2026-09-06T17:59:18.177493+00:00""}"
3948.700000000,LOCAL_REPLAN,"{""message"": ""Call local replanning..."", ""wall_time_utc"": ""2026-09-06T17:59:20.207157+00:00""}"
3948.700000000,REPLAN_REQUESTED,"{""message"": ""Replanning request. curr_vertex_idx: 89"", ""wall_time_utc"": ""2026-09-06T17:59:20.208924+00:00""}"
3950.900000000,LOCAL_REPLAN,"{""message"": ""Call local replanning..."", ""wall_time_utc"": ""2026-09-06T17:59:22.345978+00:00""}"
3950.900000000,REPLAN_REQUESTED,"{""message"": ""Replanning request. curr_vertex_idx: 89"", ""wall_time_utc"": ""2026-09-06T17:59:22.348368+00:00""}"
3952.900000000,LOCAL_REPLAN,"{""message"": ""Call local replanning..."", ""wall_time_utc"": ""2026-09-06T17:59:24.342240+00:00""}"
3952.900000000,REPLAN_REQUESTED,"{""message"": ""Replanning request. curr_vertex_idx: 89"", ""wall_time_utc"": ""2026-09-06T17:59:24.344530+00:00""}"
3955.000000000,LOCAL_REPLAN,"{""message"": ""Call local replanning..."", ""wall_time_utc"": ""2026-09-06T17:59:26.435072+00:00""}"
3955.000000000,REPLAN_REQUESTED,"{""message"": ""Replanning request. curr_vertex_idx: 89"", ""wall_time_utc"": ""2026-09-06T17:59:26.437035+00:00""}"
3957.400000000,LOCAL_REPLAN,"{""message"": ""Call local replanning..."", ""wall_time_utc"": ""2026-09-06T17:59:28.858864+00:00""}"
3957.400000000,REPLAN_REQUESTED,"{""message"": ""Replanning request. curr_vertex_idx: 89"", ""wall_time_utc"": ""2026-09-06T17:59:28.860679+00:00""}"
3959.200000000,LOCAL_REPLAN,"{""message"": ""Call local replanning..."", ""wall_time_utc"": ""2026-09-06T17:59:30.641361+00:00""}"
3959.200000000,REPLAN_REQUESTED,"{""message"": ""Replanning request. curr_vertex_idx: 89"", ""wall_time_utc"": ""2026-09-06T17:59:30.642962+00:00""}"
3961.200000000,LOCAL_REPLAN,"{""message"": ""Call local replanning..."", ""wall_time_utc"": ""2026-09-06T17:59:32.633916+00:00""}"
3961.200000000,REPLAN_REQUESTED,"{""message"": ""Replanning request. curr_vertex_idx: 89"", ""wall_time_utc"": ""2026-09-06T17:59:32.635906+00:00""}"
3963.200000000,LOCAL_REPLAN,"{""message"": ""Call local replanning..."", ""wall_time_utc"": ""2026-09-06T17:59:34.638963+00:00""}"
3963.200000000,REPLAN_REQUESTED,"{""message"": ""Replanning request. curr_vertex_idx: 89"", ""wall_time_utc"": ""2026-09-06T17:59:34.640708+00:00""}"
3964.700000000,LOCAL_REPLAN,"{""message"": ""Call local replanning..."", ""wall_time_utc"": ""2026-09-06T17:59:36.168914+00:00""}"
3964.700000000,REPLAN_REQUESTED,"{""message"": ""Replanning request. curr_vertex_idx: 89"", ""wall_time_utc"": ""2026-09-06T17:59:36.171306+00:00""}"
3966.900000000,LOCAL_REPLAN,"{""message"": ""Call local replanning..."", ""wall_time_utc"": ""2026-09-06T17:59:38.363270+00:00""}"
3966.900000000,REPLAN_REQUESTED,"{""message"": ""Replanning request. curr_vertex_idx: 89"", ""wall_time_utc"": ""2026-09-06T17:59:38.365132+00:00""}"
3968.800000000,LOCAL_REPLAN,"{""message"": ""Call local replanning..."", ""wall_time_utc"": ""2026-09-06T17:59:40.302974+00:00""}"
3968.800000000,REPLAN_REQUESTED,"{""message"": ""Replanning request. curr_vertex_idx: 89"", ""wall_time_utc"": ""2026-09-06T17:59:40.305098+00:00""}"
3971.400000000,LOCAL_REPLAN,"{""message"": ""Call local replanning..."", ""wall_time_utc"": ""2026-09-06T17:59:42.881112+00:00""}"
3971.400000000,REPLAN_REQUESTED,"{""message"": ""Replanning request. curr_vertex_idx: 89"", ""wall_time_utc"": ""2026-09-06T17:59:42.883326+00:00""}"
3972.900000000,LOCAL_REPLAN,"{""message"": ""Call local replanning..."", ""wall_time_utc"": ""2026-09-06T17:59:44.361110+00:00""}"
3972.900000000,REPLAN_REQUESTED,"{""message"": ""Replanning request. curr_vertex_idx: 89"", ""wall_time_utc"": ""2026-09-06T17:59:44.362936+00:00""}"
3974.900000000,LOCAL_REPLAN,"{""message"": ""Call local replanning..."", ""wall_time_utc"": ""2026-09-06T17:59:46.332281+00:00""}"
3974.900000000,REPLAN_REQUESTED,"{""message"": ""Replanning request. curr_vertex_idx: 89"", ""wall_time_utc"": ""2026-09-06T17:59:46.334206+00:00""}"
3976.900000000,LOCAL_REPLAN,"{""message"": ""Call local replanning..."", ""wall_time_utc"": ""2026-09-06T17:59:48.336365+00:00""}"
3976.900000000,REPLAN_REQUESTED,"{""message"": ""Replanning request. curr_vertex_idx: 89"", ""wall_time_utc"": ""2026-09-06T17:59:48.338353+00:00""}"
3978.900000000,LOCAL_REPLAN,"{""message"": ""Call local replanning..."", ""wall_time_utc"": ""2026-09-06T17:59:50.339797+00:00""}"
3978.900000000,REPLAN_REQUESTED,"{""message"": ""Replanning request. curr_vertex_idx: 89"", ""wall_time_utc"": ""2026-09-06T17:59:50.342104+00:00""}"
3981.200000000,LOCAL_REPLAN,"{""message"": ""Call local replanning..."", ""wall_time_utc"": ""2026-09-06T17:59:52.645302+00:00""}"
3981.200000000,REPLAN_REQUESTED,"{""message"": ""Replanning request. curr_vertex_idx: 89"", ""wall_time_utc"": ""2026-09-06T17:59:52.647123+00:00""}"
3983.000000000,LOCAL_REPLAN,"{""message"": ""Call local replanning..."", ""wall_time_utc"": ""2026-09-06T17:59:54.498040+00:00""}"
3983.000000000,REPLAN_REQUESTED,"{""message"": ""Replanning request. curr_vertex_idx: 89"", ""wall_time_utc"": ""2026-09-06T17:59:54.500068+00:00""}"
3985.100000000,LOCAL_REPLAN,"{""message"": ""Call local replanning..."", ""wall_time_utc"": ""2026-09-06T17:59:56.601042+00:00""}"
3985.100000000,REPLAN_REQUESTED,"{""message"": ""Replanning request. curr_vertex_idx: 89"", ""wall_time_utc"": ""2026-09-06T17:59:56.603172+00:00""}"
3987.300000000,LOCAL_REPLAN,"{""message"": ""Call local replanning..."", ""wall_time_utc"": ""2026-09-06T17:59:58.778227+00:00""}"
3987.300000000,REPLAN_REQUESTED,"{""message"": ""Replanning request. curr_vertex_idx: 89"", ""wall_time_utc"": ""2026-09-06T17:59:58.780369+00:00""}"
3989.900000000,LOCAL_REPLAN,"{""message"": ""Call local replanning..."", ""wall_time_utc"": ""2026-09-06T18:00:01.337116+00:00""}"
3989.900000000,REPLAN_REQUESTED,"{""message"": ""Replanning request. curr_vertex_idx: 89"", ""wall_time_utc"": ""2026-09-06T18:00:01.339437+00:00""}"
3992.900000000,LOCAL_REPLAN,"{""message"": ""Call local replanning..."", ""wall_time_utc"": ""2026-09-06T18:00:04.339002+00:00""}"
3992.900000000,REPLAN_REQUESTED,"{""message"": ""Replanning request. curr_vertex_idx: 89"", ""wall_time_utc"": ""2026-09-06T18:00:04.340898+00:00""}"
3995.600000000,LOCAL_REPLAN,"{""message"": ""Call local replanning..."", ""wall_time_utc"": ""2026-09-06T18:00:07.107110+00:00""}"
3995.600000000,REPLAN_REQUESTED,"{""message"": ""Replanning request. curr_vertex_idx: 89"", ""wall_time_utc"": ""2026-09-06T18:00:07.109428+00:00""}"
3996.900000000,LOCAL_REPLAN,"{""message"": ""Call local replanning..."", ""wall_time_utc"": ""2026-09-06T18:00:08.362171+00:00""}"
3996.900000000,REPLAN_REQUESTED,"{""message"": ""Replanning request. curr_vertex_idx: 89"", ""wall_time_utc"": ""2026-09-06T18:00:08.364223+00:00""}"
3999.100000000,LOCAL_REPLAN,"{""message"": ""Call local replanning..."", ""wall_time_utc"": ""2026-09-06T18:00:10.536368+00:00""}"
3999.100000000,REPLAN_REQUESTED,"{""message"": ""Replanning request. curr_vertex_idx: 89"", ""wall_time_utc"": ""2026-09-06T18:00:10.538355+00:00""}"
4001.100000000,LOCAL_REPLAN,"{""message"": ""Call local replanning..."", ""wall_time_utc"": ""2026-09-06T18:00:12.544800+00:00""}"
4001.100000000,REPLAN_REQUESTED,"{""message"": ""Replanning request. curr_vertex_idx: 89"", ""wall_time_utc"": ""2026-09-06T18:00:12.546759+00:00""}"
4003.100000000,LOCAL_REPLAN,"{""message"": ""Call local replanning..."", ""wall_time_utc"": ""2026-09-06T18:00:14.549046+00:00""}"
4003.100000000,REPLAN_REQUESTED,"{""message"": ""Replanning request. curr_vertex_idx: 89"", ""wall_time_utc"": ""2026-09-06T18:00:14.551156+00:00""}"
4005.100000000,LOCAL_REPLAN,"{""message"": ""Call local replanning..."", ""wall_time_utc"": ""2026-09-06T18:00:16.543468+00:00""}"
4005.100000000,REPLAN_REQUESTED,"{""message"": ""Replanning request. curr_vertex_idx: 89"", ""wall_time_utc"": ""2026-09-06T18:00:16.546152+00:00""}"
4006.900000000,LOCAL_REPLAN,"{""message"": ""Call local replanning..."", ""wall_time_utc"": ""2026-09-06T18:00:18.332690+00:00""}"
4006.900000000,REPLAN_REQUESTED,"{""message"": ""Replanning request. curr_vertex_idx: 89"", ""wall_time_utc"": ""2026-09-06T18:00:18.334876+00:00""}"
4009.100000000,LOCAL_REPLAN,"{""message"": ""Call local replanning..."", ""wall_time_utc"": ""2026-09-06T18:00:20.533104+00:00""}"
4009.100000000,REPLAN_REQUESTED,"{""message"": ""Replanning request. curr_vertex_idx: 89"", ""wall_time_utc"": ""2026-09-06T18:00:20.535380+00:00""}"
4010.900000000,LOCAL_REPLAN,"{""message"": ""Call local replanning..."", ""wall_time_utc"": ""2026-09-06T18:00:22.378903+00:00""}"
4010.900000000,REPLAN_REQUESTED,"{""message"": ""Replanning request. curr_vertex_idx: 89"", ""wall_time_utc"": ""2026-09-06T18:00:22.381045+00:00""}"
4013.100000000,LOCAL_REPLAN,"{""message"": ""Call local replanning..."", ""wall_time_utc"": ""2026-09-06T18:00:24.560745+00:00""}"
4013.100000000,REPLAN_REQUESTED,"{""message"": ""Replanning request. curr_vertex_idx: 89"", ""wall_time_utc"": ""2026-09-06T18:00:24.562956+00:00""}"
4014.900000000,LOCAL_REPLAN,"{""message"": ""Call local replanning..."", ""wall_time_utc"": ""2026-09-06T18:00:26.390592+00:00""}"
4014.900000000,REPLAN_REQUESTED,"{""message"": ""Replanning request. curr_vertex_idx: 89"", ""wall_time_utc"": ""2026-09-06T18:00:26.393090+00:00""}"
4017.200000000,LOCAL_REPLAN,"{""message"": ""Call local replanning..."", ""wall_time_utc"": ""2026-09-06T18:00:28.656365+00:00""}"
4017.200000000,REPLAN_REQUESTED,"{""message"": ""Replanning request. curr_vertex_idx: 89"", ""wall_time_utc"": ""2026-09-06T18:00:28.658521+00:00""}"
4019.100000000,LOCAL_REPLAN,"{""message"": ""Call local replanning..."", ""wall_time_utc"": ""2026-09-06T18:00:30.530046+00:00""}"
4019.100000000,REPLAN_REQUESTED,"{""message"": ""Replanning request. curr_vertex_idx: 89"", ""wall_time_utc"": ""2026-09-06T18:00:30.531745+00:00""}"
4020.900000000,LOCAL_REPLAN,"{""message"": ""Call local replanning..."", ""wall_time_utc"": ""2026-09-06T18:00:32.383427+00:00""}"
4020.900000000,REPLAN_REQUESTED,"{""message"": ""Replanning request. curr_vertex_idx: 89"", ""wall_time_utc"": ""2026-09-06T18:00:32.385896+00:00""}"
4023.000000000,LOCAL_REPLAN,"{""message"": ""Call local replanning..."", ""wall_time_utc"": ""2026-09-06T18:00:34.448065+00:00""}"
4023.000000000,REPLAN_REQUESTED,"{""message"": ""Replanning request. curr_vertex_idx: 89"", ""wall_time_utc"": ""2026-09-06T18:00:34.450164+00:00""}"
4024.800000000,LOCAL_REPLAN,"{""message"": ""Call local replanning..."", ""wall_time_utc"": ""2026-09-06T18:00:36.309324+00:00""}"
4024.800000000,REPLAN_REQUESTED,"{""message"": ""Replanning request. curr_vertex_idx: 89"", ""wall_time_utc"": ""2026-09-06T18:00:36.311862+00:00""}"
4027.100000000,LOCAL_REPLAN,"{""message"": ""Call local replanning..."", ""wall_time_utc"": ""2026-09-06T18:00:38.548703+00:00""}"
4027.100000000,REPLAN_REQUESTED,"{""message"": ""Replanning request. curr_vertex_idx: 89"", ""wall_time_utc"": ""2026-09-06T18:00:38.551007+00:00""}"
4029.300000000,LOCAL_REPLAN,"{""message"": ""Call local replanning..."", ""wall_time_utc"": ""2026-09-06T18:00:40.813649+00:00""}"
4029.300000000,REPLAN_REQUESTED,"{""message"": ""Replanning request. curr_vertex_idx: 89"", ""wall_time_utc"": ""2026-09-06T18:00:40.815965+00:00""}"
4031.200000000,LOCAL_REPLAN,"{""message"": ""Call local replanning..."", ""wall_time_utc"": ""2026-09-06T18:00:42.628393+00:00""}"
4031.200000000,REPLAN_REQUESTED,"{""message"": ""Replanning request. curr_vertex_idx: 89"", ""wall_time_utc"": ""2026-09-06T18:00:42.630595+00:00""}"
4033.400000000,LOCAL_REPLAN,"{""message"": ""Call local replanning..."", ""wall_time_utc"": ""2026-09-06T18:00:44.831232+00:00""}"
4033.400000000,REPLAN_REQUESTED,"{""message"": ""Replanning request. curr_vertex_idx: 89"", ""wall_time_utc"": ""2026-09-06T18:00:44.833470+00:00""}"
4035.300000000,LOCAL_REPLAN,"{""message"": ""Call local replanning..."", ""wall_time_utc"": ""2026-09-06T18:00:46.794814+00:00""}"
4035.300000000,REPLAN_REQUESTED,"{""message"": ""Replanning request. curr_vertex_idx: 89"", ""wall_time_utc"": ""2026-09-06T18:00:46.796773+00:00""}"
4037.400000000,LOCAL_REPLAN,"{""message"": ""Call local replanning..."", ""wall_time_utc"": ""2026-09-06T18:00:48.846012+00:00""}"
4037.400000000,REPLAN_REQUESTED,"{""message"": ""Replanning request. curr_vertex_idx: 89"", ""wall_time_utc"": ""2026-09-06T18:00:48.848574+00:00""}"
4038.900000000,LOCAL_REPLAN,"{""message"": ""Call local replanning..."", ""wall_time_utc"": ""2026-09-06T18:00:50.367728+00:00""}"
4038.900000000,REPLAN_REQUESTED,"{""message"": ""Replanning request. curr_vertex_idx: 89"", ""wall_time_utc"": ""2026-09-06T18:00:50.369958+00:00""}"
4041.500000000,LOCAL_REPLAN,"{""message"": ""Call local replanning..."", ""wall_time_utc"": ""2026-09-06T18:00:53.022988+00:00""}"
4041.600000000,REPLAN_REQUESTED,"{""message"": ""Replanning request. curr_vertex_idx: 89"", ""wall_time_utc"": ""2026-09-06T18:00:53.025246+00:00""}"
4043.100000000,LOCAL_REPLAN,"{""message"": ""Call local replanning..."", ""wall_time_utc"": ""2026-09-06T18:00:54.563465+00:00""}"
4043.100000000,REPLAN_REQUESTED,"{""message"": ""Replanning request. curr_vertex_idx: 89"", ""wall_time_utc"": ""2026-09-06T18:00:54.565561+00:00""}"
4044.800000000,LOCAL_REPLAN,"{""message"": ""Call local replanning..."", ""wall_time_utc"": ""2026-09-06T18:00:56.280083+00:00""}"
4044.800000000,REPLAN_REQUESTED,"{""message"": ""Replanning request. curr_vertex_idx: 89"", ""wall_time_utc"": ""2026-09-06T18:00:56.282237+00:00""}"
4047.700000000,LOCAL_REPLAN,"{""message"": ""Call local replanning..."", ""wall_time_utc"": ""2026-09-06T18:00:59.139370+00:00""}"
4047.700000000,REPLAN_REQUESTED,"{""message"": ""Replanning request. curr_vertex_idx: 89"", ""wall_time_utc"": ""2026-09-06T18:00:59.141527+00:00""}"
4048.900000000,LOCAL_REPLAN,"{""message"": ""Call local replanning..."", ""wall_time_utc"": ""2026-09-06T18:01:00.373782+00:00""}"
4048.900000000,REPLAN_REQUESTED,"{""message"": ""Replanning request. curr_vertex_idx: 89"", ""wall_time_utc"": ""2026-09-06T18:01:00.376025+00:00""}"
4051.300000000,LOCAL_REPLAN,"{""message"": ""Call local replanning..."", ""wall_time_utc"": ""2026-09-06T18:01:02.815632+00:00""}"
4051.300000000,REPLAN_REQUESTED,"{""message"": ""Replanning request. curr_vertex_idx: 89"", ""wall_time_utc"": ""2026-09-06T18:01:02.818108+00:00""}"
4052.900000000,LOCAL_REPLAN,"{""message"": ""Call local replanning..."", ""wall_time_utc"": ""2026-09-06T18:01:04.372756+00:00""}"
4052.900000000,REPLAN_REQUESTED,"{""message"": ""Replanning request. curr_vertex_idx: 89"", ""wall_time_utc"": ""2026-09-06T18:01:04.374907+00:00""}"
4054.900000000,LOCAL_REPLAN,"{""message"": ""Call local replanning..."", ""wall_time_utc"": ""2026-09-06T18:01:06.358899+00:00""}"
4054.900000000,REPLAN_REQUESTED,"{""message"": ""Replanning request. curr_vertex_idx: 89"", ""wall_time_utc"": ""2026-09-06T18:01:06.360930+00:00""}"
4056.900000000,LOCAL_REPLAN,"{""message"": ""Call local replanning..."", ""wall_time_utc"": ""2026-09-06T18:01:08.358967+00:00""}"
4056.900000000,REPLAN_REQUESTED,"{""message"": ""Replanning request. curr_vertex_idx: 89"", ""wall_time_utc"": ""2026-09-06T18:01:08.361103+00:00""}"
4059.100000000,LOCAL_REPLAN,"{""message"": ""Call local replanning..."", ""wall_time_utc"": ""2026-09-06T18:01:10.567184+00:00""}"
4059.100000000,REPLAN_REQUESTED,"{""message"": ""Replanning request. curr_vertex_idx: 89"", ""wall_time_utc"": ""2026-09-06T18:01:10.569356+00:00""}"
4061.100000000,LOCAL_REPLAN,"{""message"": ""Call local replanning..."", ""wall_time_utc"": ""2026-09-06T18:01:12.548807+00:00""}"
4061.100000000,REPLAN_REQUESTED,"{""message"": ""Replanning request. curr_vertex_idx: 89"", ""wall_time_utc"": ""2026-09-06T18:01:12.551079+00:00""}"
4063.100000000,LOCAL_REPLAN,"{""message"": ""Call local replanning..."", ""wall_time_utc"": ""2026-09-06T18:01:14.554669+00:00""}"
4063.100000000,REPLAN_REQUESTED,"{""message"": ""Replanning request. curr_vertex_idx: 89"", ""wall_time_utc"": ""2026-09-06T18:01:14.556628+00:00""}"
4064.900000000,LOCAL_REPLAN,"{""message"": ""Call local replanning..."", ""wall_time_utc"": ""2026-09-06T18:01:16.376207+00:00""}"
4064.900000000,REPLAN_REQUESTED,"{""message"": ""Replanning request. curr_vertex_idx: 89"", ""wall_time_utc"": ""2026-09-06T18:01:16.378523+00:00""}"
4067.200000000,LOCAL_REPLAN,"{""message"": ""Call local replanning..."", ""wall_time_utc"": ""2026-09-06T18:01:18.681505+00:00""}"
4067.200000000,REPLAN_REQUESTED,"{""message"": ""Replanning request. curr_vertex_idx: 89"", ""wall_time_utc"": ""2026-09-06T18:01:18.683745+00:00""}"
4068.900000000,LOCAL_REPLAN,"{""message"": ""Call local replanning..."", ""wall_time_utc"": ""2026-09-06T18:01:20.388061+00:00""}"
4068.900000000,REPLAN_REQUESTED,"{""message"": ""Replanning request. curr_vertex_idx: 89"", ""wall_time_utc"": ""2026-09-06T18:01:20.390481+00:00""}"
4070.900000000,LOCAL_REPLAN,"{""message"": ""Call local replanning..."", ""wall_time_utc"": ""2026-09-06T18:01:22.395062+00:00""}"
4070.900000000,REPLAN_REQUESTED,"{""message"": ""Replanning request. curr_vertex_idx: 89"", ""wall_time_utc"": ""2026-09-06T18:01:22.397674+00:00""}"
4073.300000000,LOCAL_REPLAN,"{""message"": ""Call local replanning..."", ""wall_time_utc"": ""2026-09-06T18:01:24.821818+00:00""}"
4073.400000000,REPLAN_REQUESTED,"{""message"": ""Replanning request. curr_vertex_idx: 89"", ""wall_time_utc"": ""2026-09-06T18:01:24.824151+00:00""}"
4074.900000000,LOCAL_REPLAN,"{""message"": ""Call local replanning..."", ""wall_time_utc"": ""2026-09-06T18:01:26.366062+00:00""}"
4074.900000000,REPLAN_REQUESTED,"{""message"": ""Replanning request. curr_vertex_idx: 89"", ""wall_time_utc"": ""2026-09-06T18:01:26.368169+00:00""}"
4076.900000000,LOCAL_REPLAN,"{""message"": ""Call local replanning..."", ""wall_time_utc"": ""2026-09-06T18:01:28.382783+00:00""}"
4076.900000000,REPLAN_REQUESTED,"{""message"": ""Replanning request. curr_vertex_idx: 89"", ""wall_time_utc"": ""2026-09-06T18:01:28.384673+00:00""}"
4078.900000000,LOCAL_REPLAN,"{""message"": ""Call local replanning..."", ""wall_time_utc"": ""2026-09-06T18:01:30.373372+00:00""}"
4078.900000000,REPLAN_REQUESTED,"{""message"": ""Replanning request. curr_vertex_idx: 89"", ""wall_time_utc"": ""2026-09-06T18:01:30.375418+00:00""}"
4081.300000000,LOCAL_REPLAN,"{""message"": ""Call local replanning..."", ""wall_time_utc"": ""2026-09-06T18:01:32.741931+00:00""}"
4081.300000000,REPLAN_REQUESTED,"{""message"": ""Replanning request. curr_vertex_idx: 89"", ""wall_time_utc"": ""2026-09-06T18:01:32.743871+00:00""}"
4082.900000000,LOCAL_REPLAN,"{""message"": ""Call local replanning..."", ""wall_time_utc"": ""2026-09-06T18:01:34.386759+00:00""}"
4082.900000000,REPLAN_REQUESTED,"{""message"": ""Replanning request. curr_vertex_idx: 89"", ""wall_time_utc"": ""2026-09-06T18:01:34.388459+00:00""}"
4085.100000000,LOCAL_REPLAN,"{""message"": ""Call local replanning..."", ""wall_time_utc"": ""2026-09-06T18:01:36.565798+00:00""}"
4085.100000000,REPLAN_REQUESTED,"{""message"": ""Replanning request. curr_vertex_idx: 89"", ""wall_time_utc"": ""2026-09-06T18:01:36.567681+00:00""}"
4087.400000000,LOCAL_REPLAN,"{""message"": ""Call local replanning..."", ""wall_time_utc"": ""2026-09-06T18:01:38.853908+00:00""}"
4087.400000000,REPLAN_REQUESTED,"{""message"": ""Replanning request. curr_vertex_idx: 89"", ""wall_time_utc"": ""2026-09-06T18:01:38.856304+00:00""}"
4088.900000000,LOCAL_REPLAN,"{""message"": ""Call local replanning..."", ""wall_time_utc"": ""2026-09-06T18:01:40.364924+00:00""}"
4088.900000000,REPLAN_REQUESTED,"{""message"": ""Replanning request. curr_vertex_idx: 89"", ""wall_time_utc"": ""2026-09-06T18:01:40.366982+00:00""}"
4091.100000000,LOCAL_REPLAN,"{""message"": ""Call local replanning..."", ""wall_time_utc"": ""2026-09-06T18:01:42.561853+00:00""}"
4091.100000000,REPLAN_REQUESTED,"{""message"": ""Replanning request. curr_vertex_idx: 89"", ""wall_time_utc"": ""2026-09-06T18:01:42.563856+00:00""}"
4092.900000000,LOCAL_REPLAN,"{""message"": ""Call local replanning..."", ""wall_time_utc"": ""2026-09-06T18:01:44.394312+00:00""}"
4092.900000000,REPLAN_REQUESTED,"{""message"": ""Replanning request. curr_vertex_idx: 89"", ""wall_time_utc"": ""2026-09-06T18:01:44.396576+00:00""}"
4094.900000000,LOCAL_REPLAN,"{""message"": ""Call local replanning..."", ""wall_time_utc"": ""2026-09-06T18:01:46.380145+00:00""}"
4094.900000000,REPLAN_REQUESTED,"{""message"": ""Replanning request. curr_vertex_idx: 89"", ""wall_time_utc"": ""2026-09-06T18:01:46.382805+00:00""}"
4097.400000000,LOCAL_REPLAN,"{""message"": ""Call local replanning..."", ""wall_time_utc"": ""2026-09-06T18:01:48.868400+00:00""}"
4097.400000000,REPLAN_REQUESTED,"{""message"": ""Replanning request. curr_vertex_idx: 89"", ""wall_time_utc"": ""2026-09-06T18:01:48.870573+00:00""}"
4099.100000000,LOCAL_REPLAN,"{""message"": ""Call local replanning..."", ""wall_time_utc"": ""2026-09-06T18:01:50.554859+00:00""}"
4099.100000000,REPLAN_REQUESTED,"{""message"": ""Replanning request. curr_vertex_idx: 89"", ""wall_time_utc"": ""2026-09-06T18:01:50.557558+00:00""}"
4100.900000000,LOCAL_REPLAN,"{""message"": ""Call local replanning..."", ""wall_time_utc"": ""2026-09-06T18:01:52.392998+00:00""}"
4100.900000000,REPLAN_REQUESTED,"{""message"": ""Replanning request. curr_vertex_idx: 89"", ""wall_time_utc"": ""2026-09-06T18:01:52.394992+00:00""}"
4102.900000000,LOCAL_REPLAN,"{""message"": ""Call local replanning..."", ""wall_time_utc"": ""2026-09-06T18:01:54.384824+00:00""}"
4102.900000000,REPLAN_REQUESTED,"{""message"": ""Replanning request. curr_vertex_idx: 89"", ""wall_time_utc"": ""2026-09-06T18:01:54.386533+00:00""}"
4105.200000000,LOCAL_REPLAN,"{""message"": ""Call local replanning..."", ""wall_time_utc"": ""2026-09-06T18:01:56.674935+00:00""}"
4105.200000000,REPLAN_REQUESTED,"{""message"": ""Replanning request. curr_vertex_idx: 89"", ""wall_time_utc"": ""2026-09-06T18:01:56.676809+00:00""}"
4107.400000000,LOCAL_REPLAN,"{""message"": ""Call local replanning..."", ""wall_time_utc"": ""2026-09-06T18:01:58.865958+00:00""}"
4107.400000000,REPLAN_REQUESTED,"{""message"": ""Replanning request. curr_vertex_idx: 89"", ""wall_time_utc"": ""2026-09-06T18:01:58.868264+00:00""}"
4109.300000000,LOCAL_REPLAN,"{""message"": ""Call local replanning..."", ""wall_time_utc"": ""2026-09-06T18:02:00.803665+00:00""}"
4109.300000000,REPLAN_REQUESTED,"{""message"": ""Replanning request. curr_vertex_idx: 89"", ""wall_time_utc"": ""2026-09-06T18:02:00.805804+00:00""}"
4111.300000000,LOCAL_REPLAN,"{""message"": ""Call local replanning..."", ""wall_time_utc"": ""2026-09-06T18:02:02.726759+00:00""}"
4111.300000000,REPLAN_REQUESTED,"{""message"": ""Replanning request. curr_vertex_idx: 89"", ""wall_time_utc"": ""2026-09-06T18:02:02.728430+00:00""}"
4113.400000000,LOCAL_REPLAN,"{""message"": ""Call local replanning..."", ""wall_time_utc"": ""2026-09-06T18:02:04.834791+00:00""}"
4113.400000000,REPLAN_REQUESTED,"{""message"": ""Replanning request. curr_vertex_idx: 89"", ""wall_time_utc"": ""2026-09-06T18:02:04.836710+00:00""}"
4114.900000000,LOCAL_REPLAN,"{""message"": ""Call local replanning..."", ""wall_time_utc"": ""2026-09-06T18:02:06.378317+00:00""}"
4114.900000000,REPLAN_REQUESTED,"{""message"": ""Replanning request. curr_vertex_idx: 89"", ""wall_time_utc"": ""2026-09-06T18:02:06.380664+00:00""}"
4116.900000000,LOCAL_REPLAN,"{""message"": ""Call local replanning..."", ""wall_time_utc"": ""2026-09-06T18:02:08.373174+00:00""}"
4116.900000000,REPLAN_REQUESTED,"{""message"": ""Replanning request. curr_vertex_idx: 89"", ""wall_time_utc"": ""2026-09-06T18:02:08.374987+00:00""}"
4119.300000000,LOCAL_REPLAN,"{""message"": ""Call local replanning..."", ""wall_time_utc"": ""2026-09-06T18:02:10.780295+00:00""}"
4119.300000000,REPLAN_REQUESTED,"{""message"": ""Replanning request. curr_vertex_idx: 89"", ""wall_time_utc"": ""2026-09-06T18:02:10.782229+00:00""}"
4121.400000000,LOCAL_REPLAN,"{""message"": ""Call local replanning..."", ""wall_time_utc"": ""2026-09-06T18:02:12.827410+00:00""}"
4121.400000000,REPLAN_REQUESTED,"{""message"": ""Replanning request. curr_vertex_idx: 89"", ""wall_time_utc"": ""2026-09-06T18:02:12.829543+00:00""}"
4123.500000000,LOCAL_REPLAN,"{""message"": ""Call local replanning..."", ""wall_time_utc"": ""2026-09-06T18:02:14.931266+00:00""}"
4123.500000000,REPLAN_REQUESTED,"{""message"": ""Replanning request. curr_vertex_idx: 89"", ""wall_time_utc"": ""2026-09-06T18:02:14.932894+00:00""}"
4125.400000000,LOCAL_REPLAN,"{""message"": ""Call local replanning..."", ""wall_time_utc"": ""2026-09-06T18:02:16.865673+00:00""}"
4125.400000000,REPLAN_REQUESTED,"{""message"": ""Replanning request. curr_vertex_idx: 89"", ""wall_time_utc"": ""2026-09-06T18:02:16.867491+00:00""}"
4127.400000000,LOCAL_REPLAN,"{""message"": ""Call local replanning..."", ""wall_time_utc"": ""2026-09-06T18:02:18.830090+00:00""}"
4127.400000000,REPLAN_REQUESTED,"{""message"": ""Replanning request. curr_vertex_idx: 89"", ""wall_time_utc"": ""2026-09-06T18:02:18.832184+00:00""}"
4129.100000000,LOCAL_REPLAN,"{""message"": ""Call local replanning..."", ""wall_time_utc"": ""2026-09-06T18:02:20.540727+00:00""}"
4129.100000000,REPLAN_REQUESTED,"{""message"": ""Replanning request. curr_vertex_idx: 89"", ""wall_time_utc"": ""2026-09-06T18:02:20.542276+00:00""}"
4130.900000000,LOCAL_REPLAN,"{""message"": ""Call local replanning..."", ""wall_time_utc"": ""2026-09-06T18:02:22.375013+00:00""}"
4130.900000000,REPLAN_REQUESTED,"{""message"": ""Replanning request. curr_vertex_idx: 89"", ""wall_time_utc"": ""2026-09-06T18:02:22.377527+00:00""}"
4133.500000000,LOCAL_REPLAN,"{""message"": ""Call local replanning..."", ""wall_time_utc"": ""2026-09-06T18:02:24.923649+00:00""}"
4133.500000000,REPLAN_REQUESTED,"{""message"": ""Replanning request. curr_vertex_idx: 89"", ""wall_time_utc"": ""2026-09-06T18:02:24.925715+00:00""}"
4135.400000000,LOCAL_REPLAN,"{""message"": ""Call local replanning..."", ""wall_time_utc"": ""2026-09-06T18:02:26.875091+00:00""}"
4135.400000000,REPLAN_REQUESTED,"{""message"": ""Replanning request. curr_vertex_idx: 89"", ""wall_time_utc"": ""2026-09-06T18:02:26.877104+00:00""}"
4137.400000000,LOCAL_REPLAN,"{""message"": ""Call local replanning..."", ""wall_time_utc"": ""2026-09-06T18:02:28.873224+00:00""}"
4137.400000000,REPLAN_REQUESTED,"{""message"": ""Replanning request. curr_vertex_idx: 89"", ""wall_time_utc"": ""2026-09-06T18:02:28.875235+00:00""}"
4139.400000000,LOCAL_REPLAN,"{""message"": ""Call local replanning..."", ""wall_time_utc"": ""2026-09-06T18:02:30.855639+00:00""}"
4139.400000000,REPLAN_REQUESTED,"{""message"": ""Replanning request. curr_vertex_idx: 89"", ""wall_time_utc"": ""2026-09-06T18:02:30.857390+00:00""}"
4141.800000000,LOCAL_REPLAN,"{""message"": ""Call local replanning..."", ""wall_time_utc"": ""2026-09-06T18:02:33.311322+00:00""}"
4141.800000000,REPLAN_REQUESTED,"{""message"": ""Replanning request. curr_vertex_idx: 89"", ""wall_time_utc"": ""2026-09-06T18:02:33.313167+00:00""}"
4143.600000000,LOCAL_REPLAN,"{""message"": ""Call local replanning..."", ""wall_time_utc"": ""2026-09-06T18:02:35.042093+00:00""}"
4143.600000000,REPLAN_REQUESTED,"{""message"": ""Replanning request. curr_vertex_idx: 89"", ""wall_time_utc"": ""2026-09-06T18:02:35.044162+00:00""}"
4145.600000000,LOCAL_REPLAN,"{""message"": ""Call local replanning..."", ""wall_time_utc"": ""2026-09-06T18:02:37.056215+00:00""}"
4145.600000000,REPLAN_REQUESTED,"{""message"": ""Replanning request. curr_vertex_idx: 89"", ""wall_time_utc"": ""2026-09-06T18:02:37.058533+00:00""}"
4147.100000000,LOCAL_REPLAN,"{""message"": ""Call local replanning..."", ""wall_time_utc"": ""2026-09-06T18:02:38.542309+00:00""}"
4147.100000000,REPLAN_REQUESTED,"{""message"": ""Replanning request. curr_vertex_idx: 89"", ""wall_time_utc"": ""2026-09-06T18:02:38.544478+00:00""}"
4148.400000000,LOCAL_REPLAN,"{""message"": ""Call local replanning..."", ""wall_time_utc"": ""2026-09-06T18:02:39.883204+00:00""}"
4148.400000000,REPLAN_REQUESTED,"{""message"": ""Replanning request. curr_vertex_idx: 89"", ""wall_time_utc"": ""2026-09-06T18:02:39.885244+00:00""}"
4151.100000000,LOCAL_REPLAN,"{""message"": ""Call local replanning..."", ""wall_time_utc"": ""2026-09-06T18:02:42.555845+00:00""}"
4151.100000000,REPLAN_REQUESTED,"{""message"": ""Replanning request. curr_vertex_idx: 89"", ""wall_time_utc"": ""2026-09-06T18:02:42.558055+00:00""}"
4153.300000000,LOCAL_REPLAN,"{""message"": ""Call local replanning..."", ""wall_time_utc"": ""2026-09-06T18:02:44.754168+00:00""}"
4153.300000000,REPLAN_REQUESTED,"{""message"": ""Replanning request. curr_vertex_idx: 89"", ""wall_time_utc"": ""2026-09-06T18:02:44.756234+00:00""}"
4154.900000000,LOCAL_REPLAN,"{""message"": ""Call local replanning..."", ""wall_time_utc"": ""2026-09-06T18:02:46.369670+00:00""}"
4154.900000000,REPLAN_REQUESTED,"{""message"": ""Replanning request. curr_vertex_idx: 89"", ""wall_time_utc"": ""2026-09-06T18:02:46.371813+00:00""}"
4156.900000000,LOCAL_REPLAN,"{""message"": ""Call local replanning..."", ""wall_time_utc"": ""2026-09-06T18:02:48.377967+00:00""}"
4156.900000000,REPLAN_REQUESTED,"{""message"": ""Replanning request. curr_vertex_idx: 89"", ""wall_time_utc"": ""2026-09-06T18:02:48.379815+00:00""}"
4159.600000000,LOCAL_REPLAN,"{""message"": ""Call local replanning..."", ""wall_time_utc"": ""2026-09-06T18:02:51.063388+00:00""}"
4159.600000000,REPLAN_REQUESTED,"{""message"": ""Replanning request. curr_vertex_idx: 89"", ""wall_time_utc"": ""2026-09-06T18:02:51.065535+00:00""}"
4162.200000000,LOCAL_REPLAN,"{""message"": ""Call local replanning..."", ""wall_time_utc"": ""2026-09-06T18:02:53.660359+00:00""}"
4162.200000000,REPLAN_REQUESTED,"{""message"": ""Replanning request. curr_vertex_idx: 89"", ""wall_time_utc"": ""2026-09-06T18:02:53.662432+00:00""}"
4164.800000000,LOCAL_REPLAN,"{""message"": ""Call local replanning..."", ""wall_time_utc"": ""2026-09-06T18:02:56.296645+00:00""}"
4164.800000000,REPLAN_REQUESTED,"{""message"": ""Replanning request. curr_vertex_idx: 89"", ""wall_time_utc"": ""2026-09-06T18:02:56.298369+00:00""}"
4166.700000000,LOCAL_REPLAN,"{""message"": ""Call local replanning..."", ""wall_time_utc"": ""2026-09-06T18:02:58.191558+00:00""}"
4166.700000000,REPLAN_REQUESTED,"{""message"": ""Replanning request. curr_vertex_idx: 89"", ""wall_time_utc"": ""2026-09-06T18:02:58.193891+00:00""}"
4168.700000000,LOCAL_REPLAN,"{""message"": ""Call local replanning..."", ""wall_time_utc"": ""2026-09-06T18:03:00.150305+00:00""}"
4168.700000000,REPLAN_REQUESTED,"{""message"": ""Replanning request. curr_vertex_idx: 89"", ""wall_time_utc"": ""2026-09-06T18:03:00.152316+00:00""}"
4170.900000000,LOCAL_REPLAN,"{""message"": ""Call local replanning..."", ""wall_time_utc"": ""2026-09-06T18:03:02.383407+00:00""}"
4170.900000000,REPLAN_REQUESTED,"{""message"": ""Replanning request. curr_vertex_idx: 89"", ""wall_time_utc"": ""2026-09-06T18:03:02.385569+00:00""}"
4172.200000000,LOCAL_REPLAN,"{""message"": ""Call local replanning..."", ""wall_time_utc"": ""2026-09-06T18:03:03.721873+00:00""}"
4172.200000000,REPLAN_REQUESTED,"{""message"": ""Replanning request. curr_vertex_idx: 89"", ""wall_time_utc"": ""2026-09-06T18:03:03.723897+00:00""}"
4174.300000000,LOCAL_REPLAN,"{""message"": ""Call local replanning..."", ""wall_time_utc"": ""2026-09-06T18:03:05.738848+00:00""}"
4174.300000000,REPLAN_REQUESTED,"{""message"": ""Replanning request. curr_vertex_idx: 89"", ""wall_time_utc"": ""2026-09-06T18:03:05.740725+00:00""}"
4176.400000000,LOCAL_REPLAN,"{""message"": ""Call local replanning..."", ""wall_time_utc"": ""2026-09-06T18:03:07.864304+00:00""}"
4176.400000000,REPLAN_REQUESTED,"{""message"": ""Replanning request. curr_vertex_idx: 89"", ""wall_time_utc"": ""2026-09-06T18:03:07.866820+00:00""}"
4178.400000000,LOCAL_REPLAN,"{""message"": ""Call local replanning..."", ""wall_time_utc"": ""2026-09-06T18:03:09.856117+00:00""}"
4178.400000000,REPLAN_REQUESTED,"{""message"": ""Replanning request. curr_vertex_idx: 89"", ""wall_time_utc"": ""2026-09-06T18:03:09.858099+00:00""}"
4180.700000000,LOCAL_REPLAN,"{""message"": ""Call local replanning..."", ""wall_time_utc"": ""2026-09-06T18:03:12.163149+00:00""}"
4180.700000000,REPLAN_REQUESTED,"{""message"": ""Replanning request. curr_vertex_idx: 89"", ""wall_time_utc"": ""2026-09-06T18:03:12.165168+00:00""}"
4182.700000000,LOCAL_REPLAN,"{""message"": ""Call local replanning..."", ""wall_time_utc"": ""2026-09-06T18:03:14.156754+00:00""}"
4182.700000000,REPLAN_REQUESTED,"{""message"": ""Replanning request. curr_vertex_idx: 89"", ""wall_time_utc"": ""2026-09-06T18:03:14.158940+00:00""}"
4184.200000000,LOCAL_REPLAN,"{""message"": ""Call local replanning..."", ""wall_time_utc"": ""2026-09-06T18:03:15.681485+00:00""}"
4184.200000000,REPLAN_REQUESTED,"{""message"": ""Replanning request. curr_vertex_idx: 89"", ""wall_time_utc"": ""2026-09-06T18:03:15.683480+00:00""}"
4186.700000000,LOCAL_REPLAN,"{""message"": ""Call local replanning..."", ""wall_time_utc"": ""2026-09-06T18:03:18.200578+00:00""}"
4186.700000000,REPLAN_REQUESTED,"{""message"": ""Replanning request. curr_vertex_idx: 89"", ""wall_time_utc"": ""2026-09-06T18:03:18.202488+00:00""}"
4188.400000000,LOCAL_REPLAN,"{""message"": ""Call local replanning..."", ""wall_time_utc"": ""2026-09-06T18:03:19.885588+00:00""}"
4188.400000000,REPLAN_REQUESTED,"{""message"": ""Replanning request. curr_vertex_idx: 89"", ""wall_time_utc"": ""2026-09-06T18:03:19.887758+00:00""}"
4190.200000000,LOCAL_REPLAN,"{""message"": ""Call local replanning..."", ""wall_time_utc"": ""2026-09-06T18:03:21.683249+00:00""}"
4190.200000000,REPLAN_REQUESTED,"{""message"": ""Replanning request. curr_vertex_idx: 89"", ""wall_time_utc"": ""2026-09-06T18:03:21.685245+00:00""}"
4192.400000000,LOCAL_REPLAN,"{""message"": ""Call local replanning..."", ""wall_time_utc"": ""2026-09-06T18:03:23.899767+00:00""}"
4192.400000000,REPLAN_REQUESTED,"{""message"": ""Replanning request. curr_vertex_idx: 89"", ""wall_time_utc"": ""2026-09-06T18:03:23.901821+00:00""}"
4194.700000000,LOCAL_REPLAN,"{""message"": ""Call local replanning..."", ""wall_time_utc"": ""2026-09-06T18:03:26.172983+00:00""}"
4194.700000000,REPLAN_REQUESTED,"{""message"": ""Replanning request. curr_vertex_idx: 89"", ""wall_time_utc"": ""2026-09-06T18:03:26.174839+00:00""}"
4196.900000000,LOCAL_REPLAN,"{""message"": ""Call local replanning..."", ""wall_time_utc"": ""2026-09-06T18:03:28.366719+00:00""}"
4196.900000000,REPLAN_REQUESTED,"{""message"": ""Replanning request. curr_vertex_idx: 89"", ""wall_time_utc"": ""2026-09-06T18:03:28.369008+00:00""}"
4198.700000000,LOCAL_REPLAN,"{""message"": ""Call local replanning..."", ""wall_time_utc"": ""2026-09-06T18:03:30.143918+00:00""}"
4198.700000000,REPLAN_REQUESTED,"{""message"": ""Replanning request. curr_vertex_idx: 89"", ""wall_time_utc"": ""2026-09-06T18:03:30.146190+00:00""}"
4200.500000000,LOCAL_REPLAN,"{""message"": ""Call local replanning..."", ""wall_time_utc"": ""2026-09-06T18:03:31.925371+00:00""}"
4200.500000000,REPLAN_REQUESTED,"{""message"": ""Replanning request. curr_vertex_idx: 89"", ""wall_time_utc"": ""2026-09-06T18:03:31.927110+00:00""}"
4202.300000000,LOCAL_REPLAN,"{""message"": ""Call local replanning..."", ""wall_time_utc"": ""2026-09-06T18:03:33.732324+00:00""}"
4202.300000000,REPLAN_REQUESTED,"{""message"": ""Replanning request. curr_vertex_idx: 89"", ""wall_time_utc"": ""2026-09-06T18:03:33.734845+00:00""}"
4204.400000000,LOCAL_REPLAN,"{""message"": ""Call local replanning..."", ""wall_time_utc"": ""2026-09-06T18:03:35.860955+00:00""}"
4204.400000000,REPLAN_REQUESTED,"{""message"": ""Replanning request. curr_vertex_idx: 89"", ""wall_time_utc"": ""2026-09-06T18:03:35.863212+00:00""}"
4206.500000000,LOCAL_REPLAN,"{""message"": ""Call local replanning..."", ""wall_time_utc"": ""2026-09-06T18:03:38.019020+00:00""}"
4206.500000000,REPLAN_REQUESTED,"{""message"": ""Replanning request. curr_vertex_idx: 89"", ""wall_time_utc"": ""2026-09-06T18:03:38.021047+00:00""}"
4208.200000000,LOCAL_REPLAN,"{""message"": ""Call local replanning..."", ""wall_time_utc"": ""2026-09-06T18:03:39.700273+00:00""}"
4208.200000000,REPLAN_REQUESTED,"{""message"": ""Replanning request. curr_vertex_idx: 89"", ""wall_time_utc"": ""2026-09-06T18:03:39.702295+00:00""}"
4210.200000000,LOCAL_REPLAN,"{""message"": ""Call local replanning..."", ""wall_time_utc"": ""2026-09-06T18:03:41.683801+00:00""}"
4210.200000000,REPLAN_REQUESTED,"{""message"": ""Replanning request. curr_vertex_idx: 89"", ""wall_time_utc"": ""2026-09-06T18:03:41.686036+00:00""}"
4213.500000000,LOCAL_REPLAN,"{""message"": ""Call local replanning..."", ""wall_time_utc"": ""2026-09-06T18:03:44.981049+00:00""}"
4213.500000000,REPLAN_REQUESTED,"{""message"": ""Replanning request. curr_vertex_idx: 89"", ""wall_time_utc"": ""2026-09-06T18:03:44.982971+00:00""}"
4215.800000000,LOCAL_REPLAN,"{""message"": ""Call local replanning..."", ""wall_time_utc"": ""2026-09-06T18:03:47.230230+00:00""}"
4215.800000000,REPLAN_REQUESTED,"{""message"": ""Replanning request. curr_vertex_idx: 89"", ""wall_time_utc"": ""2026-09-06T18:03:47.232133+00:00""}"
4218.100000000,LOCAL_REPLAN,"{""message"": ""Call local replanning..."", ""wall_time_utc"": ""2026-09-06T18:03:49.611346+00:00""}"
4218.100000000,REPLAN_REQUESTED,"{""message"": ""Replanning request. curr_vertex_idx: 89"", ""wall_time_utc"": ""2026-09-06T18:03:49.613194+00:00""}"
4220.100000000,LOCAL_REPLAN,"{""message"": ""Call local replanning..."", ""wall_time_utc"": ""2026-09-06T18:03:51.599852+00:00""}"
4220.100000000,REPLAN_REQUESTED,"{""message"": ""Replanning request. curr_vertex_idx: 89"", ""wall_time_utc"": ""2026-09-06T18:03:51.601990+00:00""}"
4222.000000000,LOCAL_REPLAN,"{""message"": ""Call local replanning..."", ""wall_time_utc"": ""2026-09-06T18:03:53.456403+00:00""}"
4222.000000000,REPLAN_REQUESTED,"{""message"": ""Replanning request. curr_vertex_idx: 89"", ""wall_time_utc"": ""2026-09-06T18:03:53.458392+00:00""}"
4223.500000000,LOCAL_REPLAN,"{""message"": ""Call local replanning..."", ""wall_time_utc"": ""2026-09-06T18:03:54.996866+00:00""}"
4223.500000000,REPLAN_REQUESTED,"{""message"": ""Replanning request. curr_vertex_idx: 89"", ""wall_time_utc"": ""2026-09-06T18:03:54.999292+00:00""}"
4226.000000000,LOCAL_REPLAN,"{""message"": ""Call local replanning..."", ""wall_time_utc"": ""2026-09-06T18:03:57.470676+00:00""}"
4226.000000000,REPLAN_REQUESTED,"{""message"": ""Replanning request. curr_vertex_idx: 89"", ""wall_time_utc"": ""2026-09-06T18:03:57.472827+00:00""}"
4228.100000000,LOCAL_REPLAN,"{""message"": ""Call local replanning..."", ""wall_time_utc"": ""2026-09-06T18:03:59.578853+00:00""}"
4228.100000000,REPLAN_REQUESTED,"{""message"": ""Replanning request. curr_vertex_idx: 89"", ""wall_time_utc"": ""2026-09-06T18:03:59.581139+00:00""}"
4230.000000000,LOCAL_REPLAN,"{""message"": ""Call local replanning..."", ""wall_time_utc"": ""2026-09-06T18:04:01.482976+00:00""}"
4230.000000000,REPLAN_REQUESTED,"{""message"": ""Replanning request. curr_vertex_idx: 89"", ""wall_time_utc"": ""2026-09-06T18:04:01.485217+00:00""}"
4232.200000000,LOCAL_REPLAN,"{""message"": ""Call local replanning..."", ""wall_time_utc"": ""2026-09-06T18:04:03.625429+00:00""}"
4232.200000000,REPLAN_REQUESTED,"{""message"": ""Replanning request. curr_vertex_idx: 89"", ""wall_time_utc"": ""2026-09-06T18:04:03.627722+00:00""}"
4233.700000000,LOCAL_REPLAN,"{""message"": ""Call local replanning..."", ""wall_time_utc"": ""2026-09-06T18:04:05.159157+00:00""}"
4233.700000000,REPLAN_REQUESTED,"{""message"": ""Replanning request. curr_vertex_idx: 89"", ""wall_time_utc"": ""2026-09-06T18:04:05.161737+00:00""}"
4236.000000000,LOCAL_REPLAN,"{""message"": ""Call local replanning..."", ""wall_time_utc"": ""2026-09-06T18:04:07.511061+00:00""}"
4236.000000000,REPLAN_REQUESTED,"{""message"": ""Replanning request. curr_vertex_idx: 89"", ""wall_time_utc"": ""2026-09-06T18:04:07.513316+00:00""}"
4237.500000000,LOCAL_REPLAN,"{""message"": ""Call local replanning..."", ""wall_time_utc"": ""2026-09-06T18:04:08.992340+00:00""}"
4237.500000000,REPLAN_REQUESTED,"{""message"": ""Replanning request. curr_vertex_idx: 89"", ""wall_time_utc"": ""2026-09-06T18:04:08.994206+00:00""}"
4239.500000000,LOCAL_REPLAN,"{""message"": ""Call local replanning..."", ""wall_time_utc"": ""2026-09-06T18:04:10.994228+00:00""}"
4239.500000000,REPLAN_REQUESTED,"{""message"": ""Replanning request. curr_vertex_idx: 89"", ""wall_time_utc"": ""2026-09-06T18:04:10.996292+00:00""}"
4241.900000000,LOCAL_REPLAN,"{""message"": ""Call local replanning..."", ""wall_time_utc"": ""2026-09-06T18:04:13.379371+00:00""}"
4241.900000000,REPLAN_REQUESTED,"{""message"": ""Replanning request. curr_vertex_idx: 89"", ""wall_time_utc"": ""2026-09-06T18:04:13.381299+00:00""}"
4243.500000000,LOCAL_REPLAN,"{""message"": ""Call local replanning..."", ""wall_time_utc"": ""2026-09-06T18:04:14.982841+00:00""}"
4243.500000000,REPLAN_REQUESTED,"{""message"": ""Replanning request. curr_vertex_idx: 89"", ""wall_time_utc"": ""2026-09-06T18:04:14.985038+00:00""}"
4245.700000000,LOCAL_REPLAN,"{""message"": ""Call local replanning..."", ""wall_time_utc"": ""2026-09-06T18:04:17.174577+00:00""}"
4245.700000000,REPLAN_REQUESTED,"{""message"": ""Replanning request. curr_vertex_idx: 89"", ""wall_time_utc"": ""2026-09-06T18:04:17.176262+00:00""}"
4247.700000000,LOCAL_REPLAN,"{""message"": ""Call local replanning..."", ""wall_time_utc"": ""2026-09-06T18:04:19.128953+00:00""}"
4247.700000000,REPLAN_REQUESTED,"{""message"": ""Replanning request. curr_vertex_idx: 89"", ""wall_time_utc"": ""2026-09-06T18:04:19.130945+00:00""}"
4249.500000000,LOCAL_REPLAN,"{""message"": ""Call local replanning..."", ""wall_time_utc"": ""2026-09-06T18:04:21.002233+00:00""}"
4249.500000000,REPLAN_REQUESTED,"{""message"": ""Replanning request. curr_vertex_idx: 89"", ""wall_time_utc"": ""2026-09-06T18:04:21.004003+00:00""}"
4251.500000000,LOCAL_REPLAN,"{""message"": ""Call local replanning..."", ""wall_time_utc"": ""2026-09-06T18:04:22.990135+00:00""}"
4251.500000000,REPLAN_REQUESTED,"{""message"": ""Replanning request. curr_vertex_idx: 89"", ""wall_time_utc"": ""2026-09-06T18:04:22.992422+00:00""}"
4253.500000000,LOCAL_REPLAN,"{""message"": ""Call local replanning..."", ""wall_time_utc"": ""2026-09-06T18:04:24.982685+00:00""}"
4253.500000000,REPLAN_REQUESTED,"{""message"": ""Replanning request. curr_vertex_idx: 89"", ""wall_time_utc"": ""2026-09-06T18:04:24.984726+00:00""}"
4255.200000000,LOCAL_REPLAN,"{""message"": ""Call local replanning..."", ""wall_time_utc"": ""2026-09-06T18:04:26.656111+00:00""}"
4255.200000000,REPLAN_REQUESTED,"{""message"": ""Replanning request. curr_vertex_idx: 89"", ""wall_time_utc"": ""2026-09-06T18:04:26.658102+00:00""}"
4258.000000000,LOCAL_REPLAN,"{""message"": ""Call local replanning..."", ""wall_time_utc"": ""2026-09-06T18:04:29.503464+00:00""}"
4258.000000000,REPLAN_REQUESTED,"{""message"": ""Replanning request. curr_vertex_idx: 89"", ""wall_time_utc"": ""2026-09-06T18:04:29.505309+00:00""}"
4259.500000000,LOCAL_REPLAN,"{""message"": ""Call local replanning..."", ""wall_time_utc"": ""2026-09-06T18:04:31.023384+00:00""}"
4259.600000000,REPLAN_REQUESTED,"{""message"": ""Replanning request. curr_vertex_idx: 89"", ""wall_time_utc"": ""2026-09-06T18:04:31.025155+00:00""}"
4261.900000000,LOCAL_REPLAN,"{""message"": ""Call local replanning..."", ""wall_time_utc"": ""2026-09-06T18:04:33.396907+00:00""}"
4261.900000000,REPLAN_REQUESTED,"{""message"": ""Replanning request. curr_vertex_idx: 89"", ""wall_time_utc"": ""2026-09-06T18:04:33.398819+00:00""}"
4263.500000000,LOCAL_REPLAN,"{""message"": ""Call local replanning..."", ""wall_time_utc"": ""2026-09-06T18:04:34.972908+00:00""}"
4263.500000000,REPLAN_REQUESTED,"{""message"": ""Replanning request. curr_vertex_idx: 89"", ""wall_time_utc"": ""2026-09-06T18:04:34.975231+00:00""}"
4265.700000000,LOCAL_REPLAN,"{""message"": ""Call local replanning..."", ""wall_time_utc"": ""2026-09-06T18:04:37.167856+00:00""}"
4265.700000000,REPLAN_REQUESTED,"{""message"": ""Replanning request. curr_vertex_idx: 89"", ""wall_time_utc"": ""2026-09-06T18:04:37.169879+00:00""}"
4267.500000000,LOCAL_REPLAN,"{""message"": ""Call local replanning..."", ""wall_time_utc"": ""2026-09-06T18:04:38.991164+00:00""}"
4267.500000000,REPLAN_REQUESTED,"{""message"": ""Replanning request. curr_vertex_idx: 89"", ""wall_time_utc"": ""2026-09-06T18:04:38.993284+00:00""}"
4269.700000000,LOCAL_REPLAN,"{""message"": ""Call local replanning..."", ""wall_time_utc"": ""2026-09-06T18:04:41.183303+00:00""}"
4269.700000000,REPLAN_REQUESTED,"{""message"": ""Replanning request. curr_vertex_idx: 89"", ""wall_time_utc"": ""2026-09-06T18:04:41.185457+00:00""}"
4271.700000000,LOCAL_REPLAN,"{""message"": ""Call local replanning..."", ""wall_time_utc"": ""2026-09-06T18:04:43.176998+00:00""}"
4271.700000000,REPLAN_REQUESTED,"{""message"": ""Replanning request. curr_vertex_idx: 89"", ""wall_time_utc"": ""2026-09-06T18:04:43.179286+00:00""}"
4273.400000000,LOCAL_REPLAN,"{""message"": ""Call local replanning..."", ""wall_time_utc"": ""2026-09-06T18:04:44.895328+00:00""}"
4273.400000000,REPLAN_REQUESTED,"{""message"": ""Replanning request. curr_vertex_idx: 89"", ""wall_time_utc"": ""2026-09-06T18:04:44.897725+00:00""}"
4275.500000000,LOCAL_REPLAN,"{""message"": ""Call local replanning..."", ""wall_time_utc"": ""2026-09-06T18:04:46.990433+00:00""}"
4275.500000000,REPLAN_REQUESTED,"{""message"": ""Replanning request. curr_vertex_idx: 89"", ""wall_time_utc"": ""2026-09-06T18:04:46.993083+00:00""}"
4277.600000000,LOCAL_REPLAN,"{""message"": ""Call local replanning..."", ""wall_time_utc"": ""2026-09-06T18:04:49.035995+00:00""}"
4277.600000000,REPLAN_REQUESTED,"{""message"": ""Replanning request. curr_vertex_idx: 89"", ""wall_time_utc"": ""2026-09-06T18:04:49.038381+00:00""}"
4280.000000000,LOCAL_REPLAN,"{""message"": ""Call local replanning..."", ""wall_time_utc"": ""2026-09-06T18:04:51.459257+00:00""}"
4280.000000000,REPLAN_REQUESTED,"{""message"": ""Replanning request. curr_vertex_idx: 89"", ""wall_time_utc"": ""2026-09-06T18:04:51.461459+00:00""}"
4281.700000000,LOCAL_REPLAN,"{""message"": ""Call local replanning..."", ""wall_time_utc"": ""2026-09-06T18:04:53.157993+00:00""}"
4281.700000000,REPLAN_REQUESTED,"{""message"": ""Replanning request. curr_vertex_idx: 89"", ""wall_time_utc"": ""2026-09-06T18:04:53.160435+00:00""}"
4283.700000000,LOCAL_REPLAN,"{""message"": ""Call local replanning..."", ""wall_time_utc"": ""2026-09-06T18:04:55.168004+00:00""}"
4283.700000000,REPLAN_REQUESTED,"{""message"": ""Replanning request. curr_vertex_idx: 89"", ""wall_time_utc"": ""2026-09-06T18:04:55.170116+00:00""}"
4286.200000000,LOCAL_REPLAN,"{""message"": ""Call local replanning..."", ""wall_time_utc"": ""2026-09-06T18:04:57.641828+00:00""}"
4286.200000000,REPLAN_REQUESTED,"{""message"": ""Replanning request. curr_vertex_idx: 89"", ""wall_time_utc"": ""2026-09-06T18:04:57.644094+00:00""}"
4287.000000000,LOCAL_REPLAN,"{""message"": ""Call local replanning..."", ""wall_time_utc"": ""2026-09-06T18:04:58.488770+00:00""}"
4287.000000000,REPLAN_REQUESTED,"{""message"": ""Replanning request. curr_vertex_idx: 89"", ""wall_time_utc"": ""2026-09-06T18:04:58.490791+00:00""}"
4290.000000000,LOCAL_REPLAN,"{""message"": ""Call local replanning..."", ""wall_time_utc"": ""2026-09-06T18:05:01.467110+00:00""}"
4290.000000000,REPLAN_REQUESTED,"{""message"": ""Replanning request. curr_vertex_idx: 89"", ""wall_time_utc"": ""2026-09-06T18:05:01.469113+00:00""}"
4291.700000000,LOCAL_REPLAN,"{""message"": ""Call local replanning..."", ""wall_time_utc"": ""2026-09-06T18:05:03.185112+00:00""}"
4291.700000000,REPLAN_REQUESTED,"{""message"": ""Replanning request. curr_vertex_idx: 89"", ""wall_time_utc"": ""2026-09-06T18:05:03.187183+00:00""}"
4293.500000000,LOCAL_REPLAN,"{""message"": ""Call local replanning..."", ""wall_time_utc"": ""2026-09-06T18:05:04.959441+00:00""}"
4293.500000000,REPLAN_REQUESTED,"{""message"": ""Replanning request. curr_vertex_idx: 89"", ""wall_time_utc"": ""2026-09-06T18:05:04.961943+00:00""}"
4295.500000000,LOCAL_REPLAN,"{""message"": ""Call local replanning..."", ""wall_time_utc"": ""2026-09-06T18:05:07.014404+00:00""}"
4295.500000000,REPLAN_REQUESTED,"{""message"": ""Replanning request. curr_vertex_idx: 89"", ""wall_time_utc"": ""2026-09-06T18:05:07.016481+00:00""}"
4297.500000000,LOCAL_REPLAN,"{""message"": ""Call local replanning..."", ""wall_time_utc"": ""2026-09-06T18:05:08.987486+00:00""}"
4297.500000000,REPLAN_REQUESTED,"{""message"": ""Replanning request. curr_vertex_idx: 89"", ""wall_time_utc"": ""2026-09-06T18:05:08.989438+00:00""}"
4299.900000000,LOCAL_REPLAN,"{""message"": ""Call local replanning..."", ""wall_time_utc"": ""2026-09-06T18:05:11.348621+00:00""}"
4299.900000000,REPLAN_REQUESTED,"{""message"": ""Replanning request. curr_vertex_idx: 89"", ""wall_time_utc"": ""2026-09-06T18:05:11.350556+00:00""}"
4301.500000000,LOCAL_REPLAN,"{""message"": ""Call local replanning..."", ""wall_time_utc"": ""2026-09-06T18:05:12.987138+00:00""}"
4301.500000000,REPLAN_REQUESTED,"{""message"": ""Replanning request. curr_vertex_idx: 89"", ""wall_time_utc"": ""2026-09-06T18:05:12.989189+00:00""}"
4304.000000000,LOCAL_REPLAN,"{""message"": ""Call local replanning..."", ""wall_time_utc"": ""2026-09-06T18:05:15.440720+00:00""}"
4304.000000000,REPLAN_REQUESTED,"{""message"": ""Replanning request. curr_vertex_idx: 89"", ""wall_time_utc"": ""2026-09-06T18:05:15.442887+00:00""}"
4306.000000000,LOCAL_REPLAN,"{""message"": ""Call local replanning..."", ""wall_time_utc"": ""2026-09-06T18:05:17.461932+00:00""}"
4306.000000000,REPLAN_REQUESTED,"{""message"": ""Replanning request. curr_vertex_idx: 89"", ""wall_time_utc"": ""2026-09-06T18:05:17.464067+00:00""}"
4307.000000000,LOCAL_REPLAN,"{""message"": ""Call local replanning..."", ""wall_time_utc"": ""2026-09-06T18:05:18.472595+00:00""}"
4307.000000000,REPLAN_REQUESTED,"{""message"": ""Replanning request. curr_vertex_idx: 89"", ""wall_time_utc"": ""2026-09-06T18:05:18.474568+00:00""}"
4309.700000000,LOCAL_REPLAN,"{""message"": ""Call local replanning..."", ""wall_time_utc"": ""2026-09-06T18:05:21.182187+00:00""}"
4309.700000000,REPLAN_REQUESTED,"{""message"": ""Replanning request. curr_vertex_idx: 89"", ""wall_time_utc"": ""2026-09-06T18:05:21.184520+00:00""}"
4311.500000000,LOCAL_REPLAN,"{""message"": ""Call local replanning..."", ""wall_time_utc"": ""2026-09-06T18:05:22.981371+00:00""}"
4311.500000000,REPLAN_REQUESTED,"{""message"": ""Replanning request. curr_vertex_idx: 89"", ""wall_time_utc"": ""2026-09-06T18:05:22.983262+00:00""}"
4314.100000000,LOCAL_REPLAN,"{""message"": ""Call local replanning..."", ""wall_time_utc"": ""2026-09-06T18:05:25.585626+00:00""}"
4314.100000000,REPLAN_REQUESTED,"{""message"": ""Replanning request. curr_vertex_idx: 89"", ""wall_time_utc"": ""2026-09-06T18:05:25.587484+00:00""}"
4315.700000000,LOCAL_REPLAN,"{""message"": ""Call local replanning..."", ""wall_time_utc"": ""2026-09-06T18:05:27.179461+00:00""}"
4315.700000000,REPLAN_REQUESTED,"{""message"": ""Replanning request. curr_vertex_idx: 89"", ""wall_time_utc"": ""2026-09-06T18:05:27.181624+00:00""}"
4317.200000000,LOCAL_REPLAN,"{""message"": ""Call local replanning..."", ""wall_time_utc"": ""2026-09-06T18:05:28.669695+00:00""}"
4317.200000000,REPLAN_REQUESTED,"{""message"": ""Replanning request. curr_vertex_idx: 89"", ""wall_time_utc"": ""2026-09-06T18:05:28.671518+00:00""}"
4319.700000000,LOCAL_REPLAN,"{""message"": ""Call local replanning..."", ""wall_time_utc"": ""2026-09-06T18:05:31.183485+00:00""}"
4319.700000000,REPLAN_REQUESTED,"{""message"": ""Replanning request. curr_vertex_idx: 89"", ""wall_time_utc"": ""2026-09-06T18:05:31.185345+00:00""}"
4322.000000000,LOCAL_REPLAN,"{""message"": ""Call local replanning..."", ""wall_time_utc"": ""2026-09-06T18:05:33.475917+00:00""}"
4322.000000000,REPLAN_REQUESTED,"{""message"": ""Replanning request. curr_vertex_idx: 89"", ""wall_time_utc"": ""2026-09-06T18:05:33.477881+00:00""}"
4323.500000000,LOCAL_REPLAN,"{""message"": ""Call local replanning..."", ""wall_time_utc"": ""2026-09-06T18:05:35.009810+00:00""}"
4323.500000000,REPLAN_REQUESTED,"{""message"": ""Replanning request. curr_vertex_idx: 89"", ""wall_time_utc"": ""2026-09-06T18:05:35.011744+00:00""}"
4325.500000000,LOCAL_REPLAN,"{""message"": ""Call local replanning..."", ""wall_time_utc"": ""2026-09-06T18:05:36.982858+00:00""}"
4325.500000000,REPLAN_REQUESTED,"{""message"": ""Replanning request. curr_vertex_idx: 89"", ""wall_time_utc"": ""2026-09-06T18:05:36.984683+00:00""}"
4327.700000000,LOCAL_REPLAN,"{""message"": ""Call local replanning..."", ""wall_time_utc"": ""2026-09-06T18:05:39.185247+00:00""}"
4327.700000000,REPLAN_REQUESTED,"{""message"": ""Replanning request. curr_vertex_idx: 89"", ""wall_time_utc"": ""2026-09-06T18:05:39.187154+00:00""}"
4329.700000000,LOCAL_REPLAN,"{""message"": ""Call local replanning..."", ""wall_time_utc"": ""2026-09-06T18:05:41.168012+00:00""}"
4329.700000000,REPLAN_REQUESTED,"{""message"": ""Replanning request. curr_vertex_idx: 89"", ""wall_time_utc"": ""2026-09-06T18:05:41.169814+00:00""}"
4331.700000000,LOCAL_REPLAN,"{""message"": ""Call local replanning..."", ""wall_time_utc"": ""2026-09-06T18:05:43.158000+00:00""}"
4331.700000000,REPLAN_REQUESTED,"{""message"": ""Replanning request. curr_vertex_idx: 89"", ""wall_time_utc"": ""2026-09-06T18:05:43.160413+00:00""}"
4334.000000000,LOCAL_REPLAN,"{""message"": ""Call local replanning..."", ""wall_time_utc"": ""2026-09-06T18:05:45.496309+00:00""}"
4334.000000000,REPLAN_REQUESTED,"{""message"": ""Replanning request. curr_vertex_idx: 89"", ""wall_time_utc"": ""2026-09-06T18:05:45.498380+00:00""}"
4335.000000000,LOCAL_REPLAN,"{""message"": ""Call local replanning..."", ""wall_time_utc"": ""2026-09-06T18:05:46.511982+00:00""}"
4335.000000000,REPLAN_REQUESTED,"{""message"": ""Replanning request. curr_vertex_idx: 89"", ""wall_time_utc"": ""2026-09-06T18:05:46.514072+00:00""}"
4337.500000000,LOCAL_REPLAN,"{""message"": ""Call local replanning..."", ""wall_time_utc"": ""2026-09-06T18:05:49.002442+00:00""}"
4337.500000000,REPLAN_REQUESTED,"{""message"": ""Replanning request. curr_vertex_idx: 89"", ""wall_time_utc"": ""2026-09-06T18:05:49.004510+00:00""}"
4339.500000000,LOCAL_REPLAN,"{""message"": ""Call local replanning..."", ""wall_time_utc"": ""2026-09-06T18:05:50.987115+00:00""}"
4339.500000000,REPLAN_REQUESTED,"{""message"": ""Replanning request. curr_vertex_idx: 89"", ""wall_time_utc"": ""2026-09-06T18:05:50.989285+00:00""}"
4341.500000000,LOCAL_REPLAN,"{""message"": ""Call local replanning..."", ""wall_time_utc"": ""2026-09-06T18:05:52.983831+00:00""}"
4341.500000000,REPLAN_REQUESTED,"{""message"": ""Replanning request. curr_vertex_idx: 89"", ""wall_time_utc"": ""2026-09-06T18:05:52.985570+00:00""}"
4343.900000000,LOCAL_REPLAN,"{""message"": ""Call local replanning..."", ""wall_time_utc"": ""2026-09-06T18:05:55.415843+00:00""}"
4343.900000000,REPLAN_REQUESTED,"{""message"": ""Replanning request. curr_vertex_idx: 89"", ""wall_time_utc"": ""2026-09-06T18:05:55.417823+00:00""}"
4345.000000000,LOCAL_REPLAN,"{""message"": ""Call local replanning..."", ""wall_time_utc"": ""2026-09-06T18:05:56.476943+00:00""}"
4345.000000000,REPLAN_REQUESTED,"{""message"": ""Replanning request. curr_vertex_idx: 89"", ""wall_time_utc"": ""2026-09-06T18:05:56.478718+00:00""}"
4347.700000000,LOCAL_REPLAN,"{""message"": ""Call local replanning..."", ""wall_time_utc"": ""2026-09-06T18:05:59.166041+00:00""}"
4347.700000000,REPLAN_REQUESTED,"{""message"": ""Replanning request. curr_vertex_idx: 89"", ""wall_time_utc"": ""2026-09-06T18:05:59.167640+00:00""}"
4349.700000000,LOCAL_REPLAN,"{""message"": ""Call local replanning..."", ""wall_time_utc"": ""2026-09-06T18:06:01.174148+00:00""}"
4349.700000000,REPLAN_REQUESTED,"{""message"": ""Replanning request. curr_vertex_idx: 89"", ""wall_time_utc"": ""2026-09-06T18:06:01.176364+00:00""}"
4351.600000000,LOCAL_REPLAN,"{""message"": ""Call local replanning..."", ""wall_time_utc"": ""2026-09-06T18:06:03.048529+00:00""}"
4351.600000000,REPLAN_REQUESTED,"{""message"": ""Replanning request. curr_vertex_idx: 89"", ""wall_time_utc"": ""2026-09-06T18:06:03.053073+00:00""}"
4354.000000000,LOCAL_REPLAN,"{""message"": ""Call local replanning..."", ""wall_time_utc"": ""2026-09-06T18:06:05.506124+00:00""}"
4354.000000000,REPLAN_REQUESTED,"{""message"": ""Replanning request. curr_vertex_idx: 89"", ""wall_time_utc"": ""2026-09-06T18:06:05.507823+00:00""}"
4356.100000000,LOCAL_REPLAN,"{""message"": ""Call local replanning..."", ""wall_time_utc"": ""2026-09-06T18:06:07.613725+00:00""}"
4356.100000000,REPLAN_REQUESTED,"{""message"": ""Replanning request. curr_vertex_idx: 89"", ""wall_time_utc"": ""2026-09-06T18:06:07.615796+00:00""}"
4358.000000000,LOCAL_REPLAN,"{""message"": ""Call local replanning..."", ""wall_time_utc"": ""2026-09-06T18:06:09.454151+00:00""}"
4358.000000000,REPLAN_REQUESTED,"{""message"": ""Replanning request. curr_vertex_idx: 89"", ""wall_time_utc"": ""2026-09-06T18:06:09.456354+00:00""}"
4359.700000000,LOCAL_REPLAN,"{""message"": ""Call local replanning..."", ""wall_time_utc"": ""2026-09-06T18:06:11.191218+00:00""}"
4359.700000000,REPLAN_REQUESTED,"{""message"": ""Replanning request. curr_vertex_idx: 89"", ""wall_time_utc"": ""2026-09-06T18:06:11.192764+00:00""}"
4361.400000000,LOCAL_REPLAN,"{""message"": ""Call local replanning..."", ""wall_time_utc"": ""2026-09-06T18:06:12.915710+00:00""}"
4361.400000000,REPLAN_REQUESTED,"{""message"": ""Replanning request. curr_vertex_idx: 89"", ""wall_time_utc"": ""2026-09-06T18:06:12.918005+00:00""}"
4363.500000000,LOCAL_REPLAN,"{""message"": ""Call local replanning..."", ""wall_time_utc"": ""2026-09-06T18:06:14.988053+00:00""}"
4363.500000000,REPLAN_REQUESTED,"{""message"": ""Replanning request. curr_vertex_idx: 89"", ""wall_time_utc"": ""2026-09-06T18:06:14.990479+00:00""}"
4365.500000000,LOCAL_REPLAN,"{""message"": ""Call local replanning..."", ""wall_time_utc"": ""2026-09-06T18:06:16.992727+00:00""}"
4365.500000000,REPLAN_REQUESTED,"{""message"": ""Replanning request. curr_vertex_idx: 89"", ""wall_time_utc"": ""2026-09-06T18:06:16.994966+00:00""}"
4367.500000000,LOCAL_REPLAN,"{""message"": ""Call local replanning..."", ""wall_time_utc"": ""2026-09-06T18:06:19.019775+00:00""}"
4367.500000000,REPLAN_REQUESTED,"{""message"": ""Replanning request. curr_vertex_idx: 89"", ""wall_time_utc"": ""2026-09-06T18:06:19.021760+00:00""}"
4370.000000000,LOCAL_REPLAN,"{""message"": ""Call local replanning..."", ""wall_time_utc"": ""2026-09-06T18:06:21.439285+00:00""}"
4370.000000000,REPLAN_REQUESTED,"{""message"": ""Replanning request. curr_vertex_idx: 89"", ""wall_time_utc"": ""2026-09-06T18:06:21.440827+00:00""}"
4371.500000000,LOCAL_REPLAN,"{""message"": ""Call local replanning..."", ""wall_time_utc"": ""2026-09-06T18:06:23.003042+00:00""}"
4371.500000000,REPLAN_REQUESTED,"{""message"": ""Replanning request. curr_vertex_idx: 89"", ""wall_time_utc"": ""2026-09-06T18:06:23.004996+00:00""}"
4373.500000000,LOCAL_REPLAN,"{""message"": ""Call local replanning..."", ""wall_time_utc"": ""2026-09-06T18:06:25.001384+00:00""}"
4373.500000000,REPLAN_REQUESTED,"{""message"": ""Replanning request. curr_vertex_idx: 89"", ""wall_time_utc"": ""2026-09-06T18:06:25.003243+00:00""}"
4375.500000000,LOCAL_REPLAN,"{""message"": ""Call local replanning..."", ""wall_time_utc"": ""2026-09-06T18:06:26.998392+00:00""}"
4375.500000000,REPLAN_REQUESTED,"{""message"": ""Replanning request. curr_vertex_idx: 89"", ""wall_time_utc"": ""2026-09-06T18:06:27.000290+00:00""}"
4377.500000000,LOCAL_REPLAN,"{""message"": ""Call local replanning..."", ""wall_time_utc"": ""2026-09-06T18:06:29.002254+00:00""}"
4377.500000000,REPLAN_REQUESTED,"{""message"": ""Replanning request. curr_vertex_idx: 89"", ""wall_time_utc"": ""2026-09-06T18:06:29.004276+00:00""}"
4379.500000000,LOCAL_REPLAN,"{""message"": ""Call local replanning..."", ""wall_time_utc"": ""2026-09-06T18:06:30.985414+00:00""}"
4379.500000000,REPLAN_REQUESTED,"{""message"": ""Replanning request. curr_vertex_idx: 89"", ""wall_time_utc"": ""2026-09-06T18:06:30.987054+00:00""}"
4381.600000000,LOCAL_REPLAN,"{""message"": ""Call local replanning..."", ""wall_time_utc"": ""2026-09-06T18:06:33.101923+00:00""}"
4381.600000000,REPLAN_REQUESTED,"{""message"": ""Replanning request. curr_vertex_idx: 89"", ""wall_time_utc"": ""2026-09-06T18:06:33.103816+00:00""}"
4383.600000000,LOCAL_REPLAN,"{""message"": ""Call local replanning..."", ""wall_time_utc"": ""2026-09-06T18:06:35.111485+00:00""}"
4383.600000000,REPLAN_REQUESTED,"{""message"": ""Replanning request. curr_vertex_idx: 89"", ""wall_time_utc"": ""2026-09-06T18:06:35.113546+00:00""}"
4385.500000000,LOCAL_REPLAN,"{""message"": ""Call local replanning..."", ""wall_time_utc"": ""2026-09-06T18:06:37.015819+00:00""}"
4385.500000000,REPLAN_REQUESTED,"{""message"": ""Replanning request. curr_vertex_idx: 89"", ""wall_time_utc"": ""2026-09-06T18:06:37.017814+00:00""}"
4388.000000000,LOCAL_REPLAN,"{""message"": ""Call local replanning..."", ""wall_time_utc"": ""2026-09-06T18:06:39.457360+00:00""}"
4388.000000000,REPLAN_REQUESTED,"{""message"": ""Replanning request. curr_vertex_idx: 89"", ""wall_time_utc"": ""2026-09-06T18:06:39.459438+00:00""}"
4389.500000000,LOCAL_REPLAN,"{""message"": ""Call local replanning..."", ""wall_time_utc"": ""2026-09-06T18:06:40.974624+00:00""}"
4389.500000000,REPLAN_REQUESTED,"{""message"": ""Replanning request. curr_vertex_idx: 89"", ""wall_time_utc"": ""2026-09-06T18:06:40.977013+00:00""}"
4391.500000000,LOCAL_REPLAN,"{""message"": ""Call local replanning..."", ""wall_time_utc"": ""2026-09-06T18:06:43.018238+00:00""}"
4391.500000000,REPLAN_REQUESTED,"{""message"": ""Replanning request. curr_vertex_idx: 89"", ""wall_time_utc"": ""2026-09-06T18:06:43.020500+00:00""}"
4393.600000000,LOCAL_REPLAN,"{""message"": ""Call local replanning..."", ""wall_time_utc"": ""2026-09-06T18:06:45.075915+00:00""}"
4393.600000000,REPLAN_REQUESTED,"{""message"": ""Replanning request. curr_vertex_idx: 89"", ""wall_time_utc"": ""2026-09-06T18:06:45.078070+00:00""}"
4395.500000000,LOCAL_REPLAN,"{""message"": ""Call local replanning..."", ""wall_time_utc"": ""2026-09-06T18:06:46.985161+00:00""}"
4395.500000000,REPLAN_REQUESTED,"{""message"": ""Replanning request. curr_vertex_idx: 89"", ""wall_time_utc"": ""2026-09-06T18:06:46.987098+00:00""}"
4397.700000000,LOCAL_REPLAN,"{""message"": ""Call local replanning..."", ""wall_time_utc"": ""2026-09-06T18:06:49.158162+00:00""}"
4397.700000000,REPLAN_REQUESTED,"{""message"": ""Replanning request. curr_vertex_idx: 89"", ""wall_time_utc"": ""2026-09-06T18:06:49.160398+00:00""}"
4399.600000000,LOCAL_REPLAN,"{""message"": ""Call local replanning..."", ""wall_time_utc"": ""2026-09-06T18:06:51.028544+00:00""}"
4399.600000000,REPLAN_REQUESTED,"{""message"": ""Replanning request. curr_vertex_idx: 89"", ""wall_time_utc"": ""2026-09-06T18:06:51.030987+00:00""}"
4401.500000000,LOCAL_REPLAN,"{""message"": ""Call local replanning..."", ""wall_time_utc"": ""2026-09-06T18:06:52.995351+00:00""}"
4401.500000000,REPLAN_REQUESTED,"{""message"": ""Replanning request. curr_vertex_idx: 89"", ""wall_time_utc"": ""2026-09-06T18:06:52.997192+00:00""}"
4403.600000000,LOCAL_REPLAN,"{""message"": ""Call local replanning..."", ""wall_time_utc"": ""2026-09-06T18:06:55.033958+00:00""}"
4403.600000000,REPLAN_REQUESTED,"{""message"": ""Replanning request. curr_vertex_idx: 89"", ""wall_time_utc"": ""2026-09-06T18:06:55.035688+00:00""}"
4405.500000000,LOCAL_REPLAN,"{""message"": ""Call local replanning..."", ""wall_time_utc"": ""2026-09-06T18:06:56.984899+00:00""}"
4405.500000000,REPLAN_REQUESTED,"{""message"": ""Replanning request. curr_vertex_idx: 89"", ""wall_time_utc"": ""2026-09-06T18:06:56.986760+00:00""}"
4407.500000000,LOCAL_REPLAN,"{""message"": ""Call local replanning..."", ""wall_time_utc"": ""2026-09-06T18:06:58.990958+00:00""}"
4407.500000000,REPLAN_REQUESTED,"{""message"": ""Replanning request. curr_vertex_idx: 89"", ""wall_time_utc"": ""2026-09-06T18:06:58.992819+00:00""}"
4409.600000000,LOCAL_REPLAN,"{""message"": ""Call local replanning..."", ""wall_time_utc"": ""2026-09-06T18:07:01.061628+00:00""}"
4409.600000000,REPLAN_REQUESTED,"{""message"": ""Replanning request. curr_vertex_idx: 89"", ""wall_time_utc"": ""2026-09-06T18:07:01.063767+00:00""}"
4411.700000000,LOCAL_REPLAN,"{""message"": ""Call local replanning..."", ""wall_time_utc"": ""2026-09-06T18:07:03.186285+00:00""}"
4411.700000000,REPLAN_REQUESTED,"{""message"": ""Replanning request. curr_vertex_idx: 89"", ""wall_time_utc"": ""2026-09-06T18:07:03.188405+00:00""}"
4414.000000000,LOCAL_REPLAN,"{""message"": ""Call local replanning..."", ""wall_time_utc"": ""2026-09-06T18:07:05.511697+00:00""}"
4414.000000000,REPLAN_REQUESTED,"{""message"": ""Replanning request. curr_vertex_idx: 89"", ""wall_time_utc"": ""2026-09-06T18:07:05.513757+00:00""}"
4416.700000000,LOCAL_REPLAN,"{""message"": ""Call local replanning..."", ""wall_time_utc"": ""2026-09-06T18:07:08.198275+00:00""}"
4416.700000000,REPLAN_REQUESTED,"{""message"": ""Replanning request. curr_vertex_idx: 89"", ""wall_time_utc"": ""2026-09-06T18:07:08.200568+00:00""}"
4418.900000000,LOCAL_REPLAN,"{""message"": ""Call local replanning..."", ""wall_time_utc"": ""2026-09-06T18:07:10.397651+00:00""}"
4418.900000000,REPLAN_REQUESTED,"{""message"": ""Replanning request. curr_vertex_idx: 89"", ""wall_time_utc"": ""2026-09-06T18:07:10.399779+00:00""}"
4420.900000000,LOCAL_REPLAN,"{""message"": ""Call local replanning..."", ""wall_time_utc"": ""2026-09-06T18:07:12.387194+00:00""}"
4420.900000000,REPLAN_REQUESTED,"{""message"": ""Replanning request. curr_vertex_idx: 89"", ""wall_time_utc"": ""2026-09-06T18:07:12.389404+00:00""}"
4422.900000000,LOCAL_REPLAN,"{""message"": ""Call local replanning..."", ""wall_time_utc"": ""2026-09-06T18:07:14.395818+00:00""}"
4422.900000000,REPLAN_REQUESTED,"{""message"": ""Replanning request. curr_vertex_idx: 89"", ""wall_time_utc"": ""2026-09-06T18:07:14.397611+00:00""}"
4424.400000000,LOCAL_REPLAN,"{""message"": ""Call local replanning..."", ""wall_time_utc"": ""2026-09-06T18:07:15.842830+00:00""}"
4424.400000000,REPLAN_REQUESTED,"{""message"": ""Replanning request. curr_vertex_idx: 89"", ""wall_time_utc"": ""2026-09-06T18:07:15.845297+00:00""}"
4426.700000000,LOCAL_REPLAN,"{""message"": ""Call local replanning..."", ""wall_time_utc"": ""2026-09-06T18:07:18.198475+00:00""}"
4426.700000000,REPLAN_REQUESTED,"{""message"": ""Replanning request. curr_vertex_idx: 89"", ""wall_time_utc"": ""2026-09-06T18:07:18.200608+00:00""}"
4428.900000000,LOCAL_REPLAN,"{""message"": ""Call local replanning..."", ""wall_time_utc"": ""2026-09-06T18:07:20.355844+00:00""}"
4428.900000000,REPLAN_REQUESTED,"{""message"": ""Replanning request. curr_vertex_idx: 89"", ""wall_time_utc"": ""2026-09-06T18:07:20.358270+00:00""}"
4430.700000000,LOCAL_REPLAN,"{""message"": ""Call local replanning..."", ""wall_time_utc"": ""2026-09-06T18:07:22.196278+00:00""}"
4430.700000000,REPLAN_REQUESTED,"{""message"": ""Replanning request. curr_vertex_idx: 89"", ""wall_time_utc"": ""2026-09-06T18:07:22.198320+00:00""}"
4432.700000000,LOCAL_REPLAN,"{""message"": ""Call local replanning..."", ""wall_time_utc"": ""2026-09-06T18:07:24.193505+00:00""}"
4432.700000000,REPLAN_REQUESTED,"{""message"": ""Replanning request. curr_vertex_idx: 89"", ""wall_time_utc"": ""2026-09-06T18:07:24.195812+00:00""}"
4435.200000000,LOCAL_REPLAN,"{""message"": ""Call local replanning..."", ""wall_time_utc"": ""2026-09-06T18:07:26.721067+00:00""}"
4435.200000000,REPLAN_REQUESTED,"{""message"": ""Replanning request. curr_vertex_idx: 89"", ""wall_time_utc"": ""2026-09-06T18:07:26.723266+00:00""}"
4437.400000000,LOCAL_REPLAN,"{""message"": ""Call local replanning..."", ""wall_time_utc"": ""2026-09-06T18:07:28.904937+00:00""}"
4437.400000000,REPLAN_REQUESTED,"{""message"": ""Replanning request. curr_vertex_idx: 89"", ""wall_time_utc"": ""2026-09-06T18:07:28.907066+00:00""}"
4439.400000000,LOCAL_REPLAN,"{""message"": ""Call local replanning..."", ""wall_time_utc"": ""2026-09-06T18:07:30.864557+00:00""}"
4439.400000000,REPLAN_REQUESTED,"{""message"": ""Replanning request. curr_vertex_idx: 89"", ""wall_time_utc"": ""2026-09-06T18:07:30.866994+00:00""}"
4441.200000000,LOCAL_REPLAN,"{""message"": ""Call local replanning..."", ""wall_time_utc"": ""2026-09-06T18:07:32.721065+00:00""}"
4441.200000000,REPLAN_REQUESTED,"{""message"": ""Replanning request. curr_vertex_idx: 89"", ""wall_time_utc"": ""2026-09-06T18:07:32.723402+00:00""}"
4442.200000000,LOCAL_REPLAN,"{""message"": ""Call local replanning..."", ""wall_time_utc"": ""2026-09-06T18:07:33.690660+00:00""}"
4442.200000000,REPLAN_REQUESTED,"{""message"": ""Replanning request. curr_vertex_idx: 89"", ""wall_time_utc"": ""2026-09-06T18:07:33.692702+00:00""}"
4444.700000000,LOCAL_REPLAN,"{""message"": ""Call local replanning..."", ""wall_time_utc"": ""2026-09-06T18:07:36.213457+00:00""}"
4444.700000000,REPLAN_REQUESTED,"{""message"": ""Replanning request. curr_vertex_idx: 89"", ""wall_time_utc"": ""2026-09-06T18:07:36.215760+00:00""}"
4446.700000000,LOCAL_REPLAN,"{""message"": ""Call local replanning..."", ""wall_time_utc"": ""2026-09-06T18:07:38.197051+00:00""}"
4446.700000000,REPLAN_REQUESTED,"{""message"": ""Replanning request. curr_vertex_idx: 89"", ""wall_time_utc"": ""2026-09-06T18:07:38.199411+00:00""}"
4448.700000000,LOCAL_REPLAN,"{""message"": ""Call local replanning..."", ""wall_time_utc"": ""2026-09-06T18:07:40.196871+00:00""}"
4448.700000000,REPLAN_REQUESTED,"{""message"": ""Replanning request. curr_vertex_idx: 89"", ""wall_time_utc"": ""2026-09-06T18:07:40.199128+00:00""}"
4450.200000000,LOCAL_REPLAN,"{""message"": ""Call local replanning..."", ""wall_time_utc"": ""2026-09-06T18:07:41.682178+00:00""}"
4450.200000000,REPLAN_REQUESTED,"{""message"": ""Replanning request. curr_vertex_idx: 89"", ""wall_time_utc"": ""2026-09-06T18:07:41.684247+00:00""}"
4453.200000000,LOCAL_REPLAN,"{""message"": ""Call local replanning..."", ""wall_time_utc"": ""2026-09-06T18:07:44.703372+00:00""}"
4453.200000000,REPLAN_REQUESTED,"{""message"": ""Replanning request. curr_vertex_idx: 89"", ""wall_time_utc"": ""2026-09-06T18:07:44.705519+00:00""}"
4455.400000000,LOCAL_REPLAN,"{""message"": ""Call local replanning..."", ""wall_time_utc"": ""2026-09-06T18:07:46.886874+00:00""}"
4455.400000000,REPLAN_REQUESTED,"{""message"": ""Replanning request. curr_vertex_idx: 89"", ""wall_time_utc"": ""2026-09-06T18:07:46.888740+00:00""}"
4457.400000000,LOCAL_REPLAN,"{""message"": ""Call local replanning..."", ""wall_time_utc"": ""2026-09-06T18:07:48.872633+00:00""}"
4457.400000000,REPLAN_REQUESTED,"{""message"": ""Replanning request. curr_vertex_idx: 89"", ""wall_time_utc"": ""2026-09-06T18:07:48.874869+00:00""}"
4459.400000000,LOCAL_REPLAN,"{""message"": ""Call local replanning..."", ""wall_time_utc"": ""2026-09-06T18:07:50.866491+00:00""}"
4459.400000000,REPLAN_REQUESTED,"{""message"": ""Replanning request. curr_vertex_idx: 89"", ""wall_time_utc"": ""2026-09-06T18:07:50.868056+00:00""}"
4460.400000000,LOCAL_REPLAN,"{""message"": ""Call local replanning..."", ""wall_time_utc"": ""2026-09-06T18:07:51.881512+00:00""}"
4460.400000000,REPLAN_REQUESTED,"{""message"": ""Replanning request. curr_vertex_idx: 89"", ""wall_time_utc"": ""2026-09-06T18:07:51.883358+00:00""}"
4463.300000000,LOCAL_REPLAN,"{""message"": ""Call local replanning..."", ""wall_time_utc"": ""2026-09-06T18:07:54.736008+00:00""}"
4463.300000000,REPLAN_REQUESTED,"{""message"": ""Replanning request. curr_vertex_idx: 89"", ""wall_time_utc"": ""2026-09-06T18:07:54.737776+00:00""}"
4464.700000000,LOCAL_REPLAN,"{""message"": ""Call local replanning..."", ""wall_time_utc"": ""2026-09-06T18:07:56.190882+00:00""}"
4464.700000000,REPLAN_REQUESTED,"{""message"": ""Replanning request. curr_vertex_idx: 89"", ""wall_time_utc"": ""2026-09-06T18:07:56.192982+00:00""}"
4466.700000000,LOCAL_REPLAN,"{""message"": ""Call local replanning..."", ""wall_time_utc"": ""2026-09-06T18:07:58.189891+00:00""}"
4466.700000000,REPLAN_REQUESTED,"{""message"": ""Replanning request. curr_vertex_idx: 89"", ""wall_time_utc"": ""2026-09-06T18:07:58.192123+00:00""}"
4469.400000000,LOCAL_REPLAN,"{""message"": ""Call local replanning..."", ""wall_time_utc"": ""2026-09-06T18:08:00.902348+00:00""}"
4469.400000000,REPLAN_REQUESTED,"{""message"": ""Replanning request. curr_vertex_idx: 89"", ""wall_time_utc"": ""2026-09-06T18:08:00.904561+00:00""}"
4470.700000000,LOCAL_REPLAN,"{""message"": ""Call local replanning..."", ""wall_time_utc"": ""2026-09-06T18:08:02.203128+00:00""}"
4470.700000000,REPLAN_REQUESTED,"{""message"": ""Replanning request. curr_vertex_idx: 89"", ""wall_time_utc"": ""2026-09-06T18:08:02.205343+00:00""}"
4474.200000000,LOCAL_REPLAN,"{""message"": ""Call local replanning..."", ""wall_time_utc"": ""2026-09-06T18:08:05.689725+00:00""}"
4474.200000000,REPLAN_REQUESTED,"{""message"": ""Replanning request. curr_vertex_idx: 89"", ""wall_time_utc"": ""2026-09-06T18:08:05.691702+00:00""}"
4476.700000000,LOCAL_REPLAN,"{""message"": ""Call local replanning..."", ""wall_time_utc"": ""2026-09-06T18:08:08.182697+00:00""}"
4476.700000000,REPLAN_REQUESTED,"{""message"": ""Replanning request. curr_vertex_idx: 89"", ""wall_time_utc"": ""2026-09-06T18:08:08.185056+00:00""}"
4478.200000000,LOCAL_REPLAN,"{""message"": ""Call local replanning..."", ""wall_time_utc"": ""2026-09-06T18:08:09.636733+00:00""}"
4478.200000000,REPLAN_REQUESTED,"{""message"": ""Replanning request. curr_vertex_idx: 89"", ""wall_time_utc"": ""2026-09-06T18:08:09.638568+00:00""}"
4480.700000000,LOCAL_REPLAN,"{""message"": ""Call local replanning..."", ""wall_time_utc"": ""2026-09-06T18:08:12.214758+00:00""}"
4480.700000000,REPLAN_REQUESTED,"{""message"": ""Replanning request. curr_vertex_idx: 89"", ""wall_time_utc"": ""2026-09-06T18:08:12.216991+00:00""}"
4483.100000000,LOCAL_REPLAN,"{""message"": ""Call local replanning..."", ""wall_time_utc"": ""2026-09-06T18:08:14.583813+00:00""}"
4483.100000000,REPLAN_REQUESTED,"{""message"": ""Replanning request. curr_vertex_idx: 89"", ""wall_time_utc"": ""2026-09-06T18:08:14.585924+00:00""}"
4484.700000000,LOCAL_REPLAN,"{""message"": ""Call local replanning..."", ""wall_time_utc"": ""2026-09-06T18:08:16.204822+00:00""}"
4484.700000000,REPLAN_REQUESTED,"{""message"": ""Replanning request. curr_vertex_idx: 89"", ""wall_time_utc"": ""2026-09-06T18:08:16.206691+00:00""}"
4487.000000000,LOCAL_REPLAN,"{""message"": ""Call local replanning..."", ""wall_time_utc"": ""2026-09-06T18:08:18.445112+00:00""}"
4487.000000000,REPLAN_REQUESTED,"{""message"": ""Replanning request. curr_vertex_idx: 89"", ""wall_time_utc"": ""2026-09-06T18:08:18.447163+00:00""}"
4488.200000000,LOCAL_REPLAN,"{""message"": ""Call local replanning..."", ""wall_time_utc"": ""2026-09-06T18:08:19.711945+00:00""}"
4488.200000000,REPLAN_REQUESTED,"{""message"": ""Replanning request. curr_vertex_idx: 89"", ""wall_time_utc"": ""2026-09-06T18:08:19.714255+00:00""}"
4490.200000000,LOCAL_REPLAN,"{""message"": ""Call local replanning..."", ""wall_time_utc"": ""2026-09-06T18:08:21.714085+00:00""}"
4490.200000000,REPLAN_REQUESTED,"{""message"": ""Replanning request. curr_vertex_idx: 89"", ""wall_time_utc"": ""2026-09-06T18:08:21.716251+00:00""}"
4492.200000000,LOCAL_REPLAN,"{""message"": ""Call local replanning..."", ""wall_time_utc"": ""2026-09-06T18:08:23.695164+00:00""}"
4492.200000000,REPLAN_REQUESTED,"{""message"": ""Replanning request. curr_vertex_idx: 89"", ""wall_time_utc"": ""2026-09-06T18:08:23.696983+00:00""}"
4494.200000000,LOCAL_REPLAN,"{""message"": ""Call local replanning..."", ""wall_time_utc"": ""2026-09-06T18:08:25.712171+00:00""}"
4494.200000000,REPLAN_REQUESTED,"{""message"": ""Replanning request. curr_vertex_idx: 89"", ""wall_time_utc"": ""2026-09-06T18:08:25.714354+00:00""}"
4497.800000000,LOCAL_REPLAN,"{""message"": ""Call local replanning..."", ""wall_time_utc"": ""2026-09-06T18:08:29.234155+00:00""}"
4497.800000000,REPLAN_REQUESTED,"{""message"": ""Replanning request. curr_vertex_idx: 89"", ""wall_time_utc"": ""2026-09-06T18:08:29.236167+00:00""}"
4501.300000000,LOCAL_REPLAN,"{""message"": ""Call local replanning..."", ""wall_time_utc"": ""2026-09-06T18:08:32.798800+00:00""}"
4501.300000000,REPLAN_REQUESTED,"{""message"": ""Replanning request. curr_vertex_idx: 89"", ""wall_time_utc"": ""2026-09-06T18:08:32.800888+00:00""}"
4504.800000000,LOCAL_REPLAN,"{""message"": ""Call local replanning..."", ""wall_time_utc"": ""2026-09-06T18:08:36.290153+00:00""}"
4504.800000000,REPLAN_REQUESTED,"{""message"": ""Replanning request. curr_vertex_idx: 89"", ""wall_time_utc"": ""2026-09-06T18:08:36.291988+00:00""}"
4507.300000000,LOCAL_REPLAN,"{""message"": ""Call local replanning..."", ""wall_time_utc"": ""2026-09-06T18:08:38.821742+00:00""}"
4507.400000000,REPLAN_REQUESTED,"{""message"": ""Replanning request. curr_vertex_idx: 89"", ""wall_time_utc"": ""2026-09-06T18:08:38.824190+00:00""}"
4509.500000000,LOCAL_REPLAN,"{""message"": ""Call local replanning..."", ""wall_time_utc"": ""2026-09-06T18:08:41.000693+00:00""}"
4509.500000000,REPLAN_REQUESTED,"{""message"": ""Replanning request. curr_vertex_idx: 89"", ""wall_time_utc"": ""2026-09-06T18:08:41.002647+00:00""}"
4511.500000000,LOCAL_REPLAN,"{""message"": ""Call local replanning..."", ""wall_time_utc"": ""2026-09-06T18:08:42.964644+00:00""}"
4511.500000000,REPLAN_REQUESTED,"{""message"": ""Replanning request. curr_vertex_idx: 89"", ""wall_time_utc"": ""2026-09-06T18:08:42.966448+00:00""}"
4513.400000000,LOCAL_REPLAN,"{""message"": ""Call local replanning..."", ""wall_time_utc"": ""2026-09-06T18:08:44.876404+00:00""}"
4513.400000000,REPLAN_REQUESTED,"{""message"": ""Replanning request. curr_vertex_idx: 89"", ""wall_time_utc"": ""2026-09-06T18:08:44.878777+00:00""}"
4515.500000000,LOCAL_REPLAN,"{""message"": ""Call local replanning..."", ""wall_time_utc"": ""2026-09-06T18:08:46.989479+00:00""}"
4515.500000000,REPLAN_REQUESTED,"{""message"": ""Replanning request. curr_vertex_idx: 89"", ""wall_time_utc"": ""2026-09-06T18:08:46.991203+00:00""}"
4517.600000000,LOCAL_REPLAN,"{""message"": ""Call local replanning..."", ""wall_time_utc"": ""2026-09-06T18:08:49.053414+00:00""}"
4517.600000000,REPLAN_REQUESTED,"{""message"": ""Replanning request. curr_vertex_idx: 89"", ""wall_time_utc"": ""2026-09-06T18:08:49.055375+00:00""}"
4519.600000000,LOCAL_REPLAN,"{""message"": ""Call local replanning..."", ""wall_time_utc"": ""2026-09-06T18:08:51.030274+00:00""}"
4519.600000000,REPLAN_REQUESTED,"{""message"": ""Replanning request. curr_vertex_idx: 89"", ""wall_time_utc"": ""2026-09-06T18:08:51.032410+00:00""}"
4521.600000000,LOCAL_REPLAN,"{""message"": ""Call local replanning..."", ""wall_time_utc"": ""2026-09-06T18:08:53.071791+00:00""}"
4521.600000000,REPLAN_REQUESTED,"{""message"": ""Replanning request. curr_vertex_idx: 89"", ""wall_time_utc"": ""2026-09-06T18:08:53.073851+00:00""}"
4523.400000000,LOCAL_REPLAN,"{""message"": ""Call local replanning..."", ""wall_time_utc"": ""2026-09-06T18:08:54.828870+00:00""}"
4523.400000000,REPLAN_REQUESTED,"{""message"": ""Replanning request. curr_vertex_idx: 89"", ""wall_time_utc"": ""2026-09-06T18:08:54.830647+00:00""}"
4525.300000000,LOCAL_REPLAN,"{""message"": ""Call local replanning..."", ""wall_time_utc"": ""2026-09-06T18:08:56.812757+00:00""}"
4525.300000000,REPLAN_REQUESTED,"{""message"": ""Replanning request. curr_vertex_idx: 89"", ""wall_time_utc"": ""2026-09-06T18:08:56.814967+00:00""}"
4527.500000000,LOCAL_REPLAN,"{""message"": ""Call local replanning..."", ""wall_time_utc"": ""2026-09-06T18:08:58.980754+00:00""}"
4527.500000000,REPLAN_REQUESTED,"{""message"": ""Replanning request. curr_vertex_idx: 89"", ""wall_time_utc"": ""2026-09-06T18:08:58.982985+00:00""}"
4529.000000000,LOCAL_REPLAN,"{""message"": ""Call local replanning..."", ""wall_time_utc"": ""2026-09-06T18:09:00.500075+00:00""}"
4529.000000000,REPLAN_REQUESTED,"{""message"": ""Replanning request. curr_vertex_idx: 89"", ""wall_time_utc"": ""2026-09-06T18:09:00.502391+00:00""}"
4530.800000000,LOCAL_REPLAN,"{""message"": ""Call local replanning..."", ""wall_time_utc"": ""2026-09-06T18:09:02.317838+00:00""}"
4530.800000000,REPLAN_REQUESTED,"{""message"": ""Replanning request. curr_vertex_idx: 89"", ""wall_time_utc"": ""2026-09-06T18:09:02.320130+00:00""}"
4532.800000000,LOCAL_REPLAN,"{""message"": ""Call local replanning..."", ""wall_time_utc"": ""2026-09-06T18:09:04.319077+00:00""}"
4532.800000000,REPLAN_REQUESTED,"{""message"": ""Replanning request. curr_vertex_idx: 89"", ""wall_time_utc"": ""2026-09-06T18:09:04.321421+00:00""}"
4535.000000000,LOCAL_REPLAN,"{""message"": ""Call local replanning..."", ""wall_time_utc"": ""2026-09-06T18:09:06.487092+00:00""}"
4535.000000000,REPLAN_REQUESTED,"{""message"": ""Replanning request. curr_vertex_idx: 89"", ""wall_time_utc"": ""2026-09-06T18:09:06.489282+00:00""}"
4537.000000000,LOCAL_REPLAN,"{""message"": ""Call local replanning..."", ""wall_time_utc"": ""2026-09-06T18:09:08.488947+00:00""}"
4537.000000000,REPLAN_REQUESTED,"{""message"": ""Replanning request. curr_vertex_idx: 89"", ""wall_time_utc"": ""2026-09-06T18:09:08.490901+00:00""}"
4538.900000000,LOCAL_REPLAN,"{""message"": ""Call local replanning..."", ""wall_time_utc"": ""2026-09-06T18:09:10.373342+00:00""}"
4538.900000000,REPLAN_REQUESTED,"{""message"": ""Replanning request. curr_vertex_idx: 89"", ""wall_time_utc"": ""2026-09-06T18:09:10.375242+00:00""}"
4541.000000000,LOCAL_REPLAN,"{""message"": ""Call local replanning..."", ""wall_time_utc"": ""2026-09-06T18:09:12.474403+00:00""}"
4541.000000000,REPLAN_REQUESTED,"{""message"": ""Replanning request. curr_vertex_idx: 89"", ""wall_time_utc"": ""2026-09-06T18:09:12.476554+00:00""}"
4543.000000000,LOCAL_REPLAN,"{""message"": ""Call local replanning..."", ""wall_time_utc"": ""2026-09-06T18:09:14.512080+00:00""}"
4543.000000000,REPLAN_REQUESTED,"{""message"": ""Replanning request. curr_vertex_idx: 89"", ""wall_time_utc"": ""2026-09-06T18:09:14.514120+00:00""}"
4545.400000000,LOCAL_REPLAN,"{""message"": ""Call local replanning..."", ""wall_time_utc"": ""2026-09-06T18:09:16.829096+00:00""}"
4545.400000000,REPLAN_REQUESTED,"{""message"": ""Replanning request. curr_vertex_idx: 89"", ""wall_time_utc"": ""2026-09-06T18:09:16.831108+00:00""}"
4546.300000000,LOCAL_REPLAN,"{""message"": ""Call local replanning..."", ""wall_time_utc"": ""2026-09-06T18:09:17.770192+00:00""}"
4546.300000000,REPLAN_REQUESTED,"{""message"": ""Replanning request. curr_vertex_idx: 89"", ""wall_time_utc"": ""2026-09-06T18:09:17.772373+00:00""}"
4549.400000000,LOCAL_REPLAN,"{""message"": ""Call local replanning..."", ""wall_time_utc"": ""2026-09-06T18:09:20.872777+00:00""}"
4549.400000000,REPLAN_REQUESTED,"{""message"": ""Replanning request. curr_vertex_idx: 89"", ""wall_time_utc"": ""2026-09-06T18:09:20.874999+00:00""}"
4551.500000000,LOCAL_REPLAN,"{""message"": ""Call local replanning..."", ""wall_time_utc"": ""2026-09-06T18:09:23.021621+00:00""}"
4551.600000000,REPLAN_REQUESTED,"{""message"": ""Replanning request. curr_vertex_idx: 89"", ""wall_time_utc"": ""2026-09-06T18:09:23.023627+00:00""}"
4553.000000000,LOCAL_REPLAN,"{""message"": ""Call local replanning..."", ""wall_time_utc"": ""2026-09-06T18:09:24.489330+00:00""}"
4553.000000000,REPLAN_REQUESTED,"{""message"": ""Replanning request. curr_vertex_idx: 89"", ""wall_time_utc"": ""2026-09-06T18:09:24.491384+00:00""}"
4554.500000000,LOCAL_REPLAN,"{""message"": ""Call local replanning..."", ""wall_time_utc"": ""2026-09-06T18:09:25.964506+00:00""}"
4554.500000000,REPLAN_REQUESTED,"{""message"": ""Replanning request. curr_vertex_idx: 89"", ""wall_time_utc"": ""2026-09-06T18:09:25.966409+00:00""}"
4557.000000000,LOCAL_REPLAN,"{""message"": ""Call local replanning..."", ""wall_time_utc"": ""2026-09-06T18:09:28.478684+00:00""}"
4557.000000000,REPLAN_REQUESTED,"{""message"": ""Replanning request. curr_vertex_idx: 89"", ""wall_time_utc"": ""2026-09-06T18:09:28.480632+00:00""}"
4558.800000000,LOCAL_REPLAN,"{""message"": ""Call local replanning..."", ""wall_time_utc"": ""2026-09-06T18:09:30.309326+00:00""}"
4558.800000000,REPLAN_REQUESTED,"{""message"": ""Replanning request. curr_vertex_idx: 89"", ""wall_time_utc"": ""2026-09-06T18:09:30.311481+00:00""}"
4561.500000000,LOCAL_REPLAN,"{""message"": ""Call local replanning..."", ""wall_time_utc"": ""2026-09-06T18:09:32.981320+00:00""}"
4561.500000000,REPLAN_REQUESTED,"{""message"": ""Replanning request. curr_vertex_idx: 89"", ""wall_time_utc"": ""2026-09-06T18:09:32.983312+00:00""}"
4562.300000000,LOCAL_REPLAN,"{""message"": ""Call local replanning..."", ""wall_time_utc"": ""2026-09-06T18:09:33.780985+00:00""}"
4562.300000000,REPLAN_REQUESTED,"{""message"": ""Replanning request. curr_vertex_idx: 89"", ""wall_time_utc"": ""2026-09-06T18:09:33.782841+00:00""}"
4565.600000000,LOCAL_REPLAN,"{""message"": ""Call local replanning..."", ""wall_time_utc"": ""2026-09-06T18:09:37.091238+00:00""}"
4565.600000000,REPLAN_REQUESTED,"{""message"": ""Replanning request. curr_vertex_idx: 89"", ""wall_time_utc"": ""2026-09-06T18:09:37.093091+00:00""}"
4567.000000000,LOCAL_REPLAN,"{""message"": ""Call local replanning..."", ""wall_time_utc"": ""2026-09-06T18:09:38.495250+00:00""}"
4567.000000000,REPLAN_REQUESTED,"{""message"": ""Replanning request. curr_vertex_idx: 89"", ""wall_time_utc"": ""2026-09-06T18:09:38.497096+00:00""}"
4569.000000000,LOCAL_REPLAN,"{""message"": ""Call local replanning..."", ""wall_time_utc"": ""2026-09-06T18:09:40.488654+00:00""}"
4569.000000000,REPLAN_REQUESTED,"{""message"": ""Replanning request. curr_vertex_idx: 89"", ""wall_time_utc"": ""2026-09-06T18:09:40.490306+00:00""}"
4571.300000000,LOCAL_REPLAN,"{""message"": ""Call local replanning..."", ""wall_time_utc"": ""2026-09-06T18:09:42.786855+00:00""}"
4571.300000000,REPLAN_REQUESTED,"{""message"": ""Replanning request. curr_vertex_idx: 89"", ""wall_time_utc"": ""2026-09-06T18:09:42.788846+00:00""}"
4573.300000000,LOCAL_REPLAN,"{""message"": ""Call local replanning..."", ""wall_time_utc"": ""2026-09-06T18:09:44.789069+00:00""}"
4573.300000000,REPLAN_REQUESTED,"{""message"": ""Replanning request. curr_vertex_idx: 89"", ""wall_time_utc"": ""2026-09-06T18:09:44.791004+00:00""}"
4574.800000000,LOCAL_REPLAN,"{""message"": ""Call local replanning..."", ""wall_time_utc"": ""2026-09-06T18:09:46.309731+00:00""}"
4574.800000000,REPLAN_REQUESTED,"{""message"": ""Replanning request. curr_vertex_idx: 89"", ""wall_time_utc"": ""2026-09-06T18:09:46.311569+00:00""}"
4577.300000000,LOCAL_REPLAN,"{""message"": ""Call local replanning..."", ""wall_time_utc"": ""2026-09-06T18:09:48.753321+00:00""}"
4577.300000000,REPLAN_REQUESTED,"{""message"": ""Replanning request. curr_vertex_idx: 89"", ""wall_time_utc"": ""2026-09-06T18:09:48.755188+00:00""}"
4578.800000000,LOCAL_REPLAN,"{""message"": ""Call local replanning..."", ""wall_time_utc"": ""2026-09-06T18:09:50.313782+00:00""}"
4578.800000000,REPLAN_REQUESTED,"{""message"": ""Replanning request. curr_vertex_idx: 89"", ""wall_time_utc"": ""2026-09-06T18:09:50.315561+00:00""}"
4581.400000000,LOCAL_REPLAN,"{""message"": ""Call local replanning..."", ""wall_time_utc"": ""2026-09-06T18:09:52.873920+00:00""}"
4581.400000000,REPLAN_REQUESTED,"{""message"": ""Replanning request. curr_vertex_idx: 89"", ""wall_time_utc"": ""2026-09-06T18:09:52.875751+00:00""}"
4583.300000000,LOCAL_REPLAN,"{""message"": ""Call local replanning..."", ""wall_time_utc"": ""2026-09-06T18:09:54.796822+00:00""}"
4583.300000000,REPLAN_REQUESTED,"{""message"": ""Replanning request. curr_vertex_idx: 89"", ""wall_time_utc"": ""2026-09-06T18:09:54.798732+00:00""}"
4584.700000000,LOCAL_REPLAN,"{""message"": ""Call local replanning..."", ""wall_time_utc"": ""2026-09-06T18:09:56.199469+00:00""}"
4584.700000000,REPLAN_REQUESTED,"{""message"": ""Replanning request. curr_vertex_idx: 89"", ""wall_time_utc"": ""2026-09-06T18:09:56.201587+00:00""}"
4586.900000000,LOCAL_REPLAN,"{""message"": ""Call local replanning..."", ""wall_time_utc"": ""2026-09-06T18:09:58.346879+00:00""}"
4586.900000000,REPLAN_REQUESTED,"{""message"": ""Replanning request. curr_vertex_idx: 89"", ""wall_time_utc"": ""2026-09-06T18:09:58.348956+00:00""}"
4588.800000000,LOCAL_REPLAN,"{""message"": ""Call local replanning..."", ""wall_time_utc"": ""2026-09-06T18:10:00.311971+00:00""}"
4588.800000000,REPLAN_REQUESTED,"{""message"": ""Replanning request. curr_vertex_idx: 89"", ""wall_time_utc"": ""2026-09-06T18:10:00.314135+00:00""}"
4591.400000000,LOCAL_REPLAN,"{""message"": ""Call local replanning..."", ""wall_time_utc"": ""2026-09-06T18:10:02.850127+00:00""}"
4591.400000000,REPLAN_REQUESTED,"{""message"": ""Replanning request. curr_vertex_idx: 89"", ""wall_time_utc"": ""2026-09-06T18:10:02.851910+00:00""}"
4592.900000000,LOCAL_REPLAN,"{""message"": ""Call local replanning..."", ""wall_time_utc"": ""2026-09-06T18:10:04.363763+00:00""}"
4592.900000000,REPLAN_REQUESTED,"{""message"": ""Replanning request. curr_vertex_idx: 89"", ""wall_time_utc"": ""2026-09-06T18:10:04.365519+00:00""}"
4595.000000000,LOCAL_REPLAN,"{""message"": ""Call local replanning..."", ""wall_time_utc"": ""2026-09-06T18:10:06.497749+00:00""}"
4595.000000000,REPLAN_REQUESTED,"{""message"": ""Replanning request. curr_vertex_idx: 89"", ""wall_time_utc"": ""2026-09-06T18:10:06.499612+00:00""}"
4597.100000000,LOCAL_REPLAN,"{""message"": ""Call local replanning..."", ""wall_time_utc"": ""2026-09-06T18:10:08.552661+00:00""}"
4597.100000000,REPLAN_REQUESTED,"{""message"": ""Replanning request. curr_vertex_idx: 89"", ""wall_time_utc"": ""2026-09-06T18:10:08.554613+00:00""}"
4599.600000000,LOCAL_REPLAN,"{""message"": ""Call local replanning..."", ""wall_time_utc"": ""2026-09-06T18:10:11.032579+00:00""}"
4599.600000000,REPLAN_REQUESTED,"{""message"": ""Replanning request. curr_vertex_idx: 89"", ""wall_time_utc"": ""2026-09-06T18:10:11.034581+00:00""}"
4600.300000000,LOCAL_REPLAN,"{""message"": ""Call local replanning..."", ""wall_time_utc"": ""2026-09-06T18:10:11.778063+00:00""}"
4600.300000000,REPLAN_REQUESTED,"{""message"": ""Replanning request. curr_vertex_idx: 89"", ""wall_time_utc"": ""2026-09-06T18:10:11.780069+00:00""}"
4603.500000000,LOCAL_REPLAN,"{""message"": ""Call local replanning..."", ""wall_time_utc"": ""2026-09-06T18:10:15.019441+00:00""}"
4603.500000000,REPLAN_REQUESTED,"{""message"": ""Replanning request. curr_vertex_idx: 89"", ""wall_time_utc"": ""2026-09-06T18:10:15.021386+00:00""}"
4605.900000000,LOCAL_REPLAN,"{""message"": ""Call local replanning..."", ""wall_time_utc"": ""2026-09-06T18:10:17.337587+00:00""}"
4605.900000000,REPLAN_REQUESTED,"{""message"": ""Replanning request. curr_vertex_idx: 89"", ""wall_time_utc"": ""2026-09-06T18:10:17.339851+00:00""}"
4606.800000000,LOCAL_REPLAN,"{""message"": ""Call local replanning..."", ""wall_time_utc"": ""2026-09-06T18:10:18.321536+00:00""}"
4606.800000000,REPLAN_REQUESTED,"{""message"": ""Replanning request. curr_vertex_idx: 89"", ""wall_time_utc"": ""2026-09-06T18:10:18.323607+00:00""}"
4609.400000000,LOCAL_REPLAN,"{""message"": ""Call local replanning..."", ""wall_time_utc"": ""2026-09-06T18:10:20.880811+00:00""}"
4609.400000000,REPLAN_REQUESTED,"{""message"": ""Replanning request. curr_vertex_idx: 89"", ""wall_time_utc"": ""2026-09-06T18:10:20.882604+00:00""}"
4610.800000000,LOCAL_REPLAN,"{""message"": ""Call local replanning..."", ""wall_time_utc"": ""2026-09-06T18:10:22.322940+00:00""}"
4610.900000000,REPLAN_REQUESTED,"{""message"": ""Replanning request. curr_vertex_idx: 89"", ""wall_time_utc"": ""2026-09-06T18:10:22.324853+00:00""}"
4613.000000000,LOCAL_REPLAN,"{""message"": ""Call local replanning..."", ""wall_time_utc"": ""2026-09-06T18:10:24.486869+00:00""}"
4613.000000000,REPLAN_REQUESTED,"{""message"": ""Replanning request. curr_vertex_idx: 89"", ""wall_time_utc"": ""2026-09-06T18:10:24.488788+00:00""}"
4614.800000000,LOCAL_REPLAN,"{""message"": ""Call local replanning..."", ""wall_time_utc"": ""2026-09-06T18:10:26.280992+00:00""}"
4614.800000000,REPLAN_REQUESTED,"{""message"": ""Replanning request. curr_vertex_idx: 89"", ""wall_time_utc"": ""2026-09-06T18:10:26.283001+00:00""}"
4617.500000000,LOCAL_REPLAN,"{""message"": ""Call local replanning..."", ""wall_time_utc"": ""2026-09-06T18:10:28.928468+00:00""}"
4617.500000000,REPLAN_REQUESTED,"{""message"": ""Replanning request. curr_vertex_idx: 89"", ""wall_time_utc"": ""2026-09-06T18:10:28.930464+00:00""}"
4618.800000000,LOCAL_REPLAN,"{""message"": ""Call local replanning..."", ""wall_time_utc"": ""2026-09-06T18:10:30.321912+00:00""}"
4618.800000000,REPLAN_REQUESTED,"{""message"": ""Replanning request. curr_vertex_idx: 89"", ""wall_time_utc"": ""2026-09-06T18:10:30.324227+00:00""}"
4621.500000000,LOCAL_REPLAN,"{""message"": ""Call local replanning..."", ""wall_time_utc"": ""2026-09-06T18:10:32.973230+00:00""}"
4621.500000000,REPLAN_REQUESTED,"{""message"": ""Replanning request. curr_vertex_idx: 89"", ""wall_time_utc"": ""2026-09-06T18:10:32.975231+00:00""}"
4623.200000000,LOCAL_REPLAN,"{""message"": ""Call local replanning..."", ""wall_time_utc"": ""2026-09-06T18:10:34.698983+00:00""}"
4623.200000000,REPLAN_REQUESTED,"{""message"": ""Replanning request. curr_vertex_idx: 89"", ""wall_time_utc"": ""2026-09-06T18:10:34.701067+00:00""}"
4625.600000000,LOCAL_REPLAN,"{""message"": ""Call local replanning..."", ""wall_time_utc"": ""2026-09-06T18:10:37.074279+00:00""}"
4625.600000000,REPLAN_REQUESTED,"{""message"": ""Replanning request. curr_vertex_idx: 89"", ""wall_time_utc"": ""2026-09-06T18:10:37.076342+00:00""}"
4627.500000000,LOCAL_REPLAN,"{""message"": ""Call local replanning..."", ""wall_time_utc"": ""2026-09-06T18:10:39.003672+00:00""}"
4627.500000000,REPLAN_REQUESTED,"{""message"": ""Replanning request. curr_vertex_idx: 89"", ""wall_time_utc"": ""2026-09-06T18:10:39.005602+00:00""}"
4629.300000000,LOCAL_REPLAN,"{""message"": ""Call local replanning..."", ""wall_time_utc"": ""2026-09-06T18:10:40.823049+00:00""}"
4629.400000000,REPLAN_REQUESTED,"{""message"": ""Replanning request. curr_vertex_idx: 89"", ""wall_time_utc"": ""2026-09-06T18:10:40.824916+00:00""}"
4631.000000000,LOCAL_REPLAN,"{""message"": ""Call local replanning..."", ""wall_time_utc"": ""2026-09-06T18:10:42.489754+00:00""}"
4631.000000000,REPLAN_REQUESTED,"{""message"": ""Replanning request. curr_vertex_idx: 89"", ""wall_time_utc"": ""2026-09-06T18:10:42.491689+00:00""}"
4632.800000000,LOCAL_REPLAN,"{""message"": ""Call local replanning..."", ""wall_time_utc"": ""2026-09-06T18:10:44.320840+00:00""}"
4632.800000000,REPLAN_REQUESTED,"{""message"": ""Replanning request. curr_vertex_idx: 89"", ""wall_time_utc"": ""2026-09-06T18:10:44.322703+00:00""}"
4636.200000000,LOCAL_REPLAN,"{""message"": ""Call local replanning..."", ""wall_time_utc"": ""2026-09-06T18:10:47.626515+00:00""}"
4636.200000000,REPLAN_REQUESTED,"{""message"": ""Replanning request. curr_vertex_idx: 89"", ""wall_time_utc"": ""2026-09-06T18:10:47.628435+00:00""}"
4638.300000000,LOCAL_REPLAN,"{""message"": ""Call local replanning..."", ""wall_time_utc"": ""2026-09-06T18:10:49.783010+00:00""}"
4638.300000000,REPLAN_REQUESTED,"{""message"": ""Replanning request. curr_vertex_idx: 89"", ""wall_time_utc"": ""2026-09-06T18:10:49.785052+00:00""}"
4640.800000000,LOCAL_REPLAN,"{""message"": ""Call local replanning..."", ""wall_time_utc"": ""2026-09-06T18:10:52.307420+00:00""}"
4640.800000000,REPLAN_REQUESTED,"{""message"": ""Replanning request. curr_vertex_idx: 89"", ""wall_time_utc"": ""2026-09-06T18:10:52.309726+00:00""}"
4643.700000000,LOCAL_REPLAN,"{""message"": ""Call local replanning..."", ""wall_time_utc"": ""2026-09-06T18:10:55.194359+00:00""}"
4643.700000000,REPLAN_REQUESTED,"{""message"": ""Replanning request. curr_vertex_idx: 89"", ""wall_time_utc"": ""2026-09-06T18:10:55.196245+00:00""}"
4647.100000000,LOCAL_REPLAN,"{""message"": ""Call local replanning..."", ""wall_time_utc"": ""2026-09-06T18:10:58.529163+00:00""}"
4647.100000000,REPLAN_REQUESTED,"{""message"": ""Replanning request. curr_vertex_idx: 89"", ""wall_time_utc"": ""2026-09-06T18:10:58.531292+00:00""}"
4650.400000000,LOCAL_REPLAN,"{""message"": ""Call local replanning..."", ""wall_time_utc"": ""2026-09-06T18:11:01.851732+00:00""}"
4650.400000000,REPLAN_REQUESTED,"{""message"": ""Replanning request. curr_vertex_idx: 89"", ""wall_time_utc"": ""2026-09-06T18:11:01.853762+00:00""}"
4652.800000000,LOCAL_REPLAN,"{""message"": ""Call local replanning..."", ""wall_time_utc"": ""2026-09-06T18:11:04.298966+00:00""}"
4652.800000000,REPLAN_REQUESTED,"{""message"": ""Replanning request. curr_vertex_idx: 89"", ""wall_time_utc"": ""2026-09-06T18:11:04.300682+00:00""}"
4654.400000000,LOCAL_REPLAN,"{""message"": ""Call local replanning..."", ""wall_time_utc"": ""2026-09-06T18:11:05.835165+00:00""}"
4654.400000000,REPLAN_REQUESTED,"{""message"": ""Replanning request. curr_vertex_idx: 89"", ""wall_time_utc"": ""2026-09-06T18:11:05.836928+00:00""}"
4656.500000000,LOCAL_REPLAN,"{""message"": ""Call local replanning..."", ""wall_time_utc"": ""2026-09-06T18:11:07.998905+00:00""}"
4656.500000000,REPLAN_REQUESTED,"{""message"": ""Replanning request. curr_vertex_idx: 89"", ""wall_time_utc"": ""2026-09-06T18:11:08.001133+00:00""}"
4658.500000000,LOCAL_REPLAN,"{""message"": ""Call local replanning..."", ""wall_time_utc"": ""2026-09-06T18:11:10.001602+00:00""}"
4658.500000000,REPLAN_REQUESTED,"{""message"": ""Replanning request. curr_vertex_idx: 89"", ""wall_time_utc"": ""2026-09-06T18:11:10.003564+00:00""}"
4660.500000000,LOCAL_REPLAN,"{""message"": ""Call local replanning..."", ""wall_time_utc"": ""2026-09-06T18:11:12.008722+00:00""}"
4660.500000000,REPLAN_REQUESTED,"{""message"": ""Replanning request. curr_vertex_idx: 89"", ""wall_time_utc"": ""2026-09-06T18:11:12.010871+00:00""}"
4662.800000000,LOCAL_REPLAN,"{""message"": ""Call local replanning..."", ""wall_time_utc"": ""2026-09-06T18:11:14.291324+00:00""}"
4662.800000000,REPLAN_REQUESTED,"{""message"": ""Replanning request. curr_vertex_idx: 89"", ""wall_time_utc"": ""2026-09-06T18:11:14.293558+00:00""}"
4664.800000000,LOCAL_REPLAN,"{""message"": ""Call local replanning..."", ""wall_time_utc"": ""2026-09-06T18:11:16.303538+00:00""}"
4664.800000000,REPLAN_REQUESTED,"{""message"": ""Replanning request. curr_vertex_idx: 89"", ""wall_time_utc"": ""2026-09-06T18:11:16.305473+00:00""}"
4667.100000000,LOCAL_REPLAN,"{""message"": ""Call local replanning..."", ""wall_time_utc"": ""2026-09-06T18:11:18.568553+00:00""}"
4667.100000000,REPLAN_REQUESTED,"{""message"": ""Replanning request. curr_vertex_idx: 89"", ""wall_time_utc"": ""2026-09-06T18:11:18.570542+00:00""}"
4668.900000000,LOCAL_REPLAN,"{""message"": ""Call local replanning..."", ""wall_time_utc"": ""2026-09-06T18:11:20.331091+00:00""}"
4668.900000000,REPLAN_REQUESTED,"{""message"": ""Replanning request. curr_vertex_idx: 89"", ""wall_time_utc"": ""2026-09-06T18:11:20.333019+00:00""}"
4671.200000000,LOCAL_REPLAN,"{""message"": ""Call local replanning..."", ""wall_time_utc"": ""2026-09-06T18:11:22.633762+00:00""}"
4671.200000000,REPLAN_REQUESTED,"{""message"": ""Replanning request. curr_vertex_idx: 89"", ""wall_time_utc"": ""2026-09-06T18:11:22.635885+00:00""}"
4673.100000000,LOCAL_REPLAN,"{""message"": ""Call local replanning..."", ""wall_time_utc"": ""2026-09-06T18:11:24.540656+00:00""}"
4673.100000000,REPLAN_REQUESTED,"{""message"": ""Replanning request. curr_vertex_idx: 89"", ""wall_time_utc"": ""2026-09-06T18:11:24.542672+00:00""}"
4675.000000000,LOCAL_REPLAN,"{""message"": ""Call local replanning..."", ""wall_time_utc"": ""2026-09-06T18:11:26.479457+00:00""}"
4675.000000000,REPLAN_REQUESTED,"{""message"": ""Replanning request. curr_vertex_idx: 89"", ""wall_time_utc"": ""2026-09-06T18:11:26.481693+00:00""}"
4677.800000000,LOCAL_REPLAN,"{""message"": ""Call local replanning..."", ""wall_time_utc"": ""2026-09-06T18:11:29.252223+00:00""}"
4677.800000000,REPLAN_REQUESTED,"{""message"": ""Replanning request. curr_vertex_idx: 89"", ""wall_time_utc"": ""2026-09-06T18:11:29.254190+00:00""}"
4680.100000000,LOCAL_REPLAN,"{""message"": ""Call local replanning..."", ""wall_time_utc"": ""2026-09-06T18:11:31.552581+00:00""}"
4680.100000000,REPLAN_REQUESTED,"{""message"": ""Replanning request. curr_vertex_idx: 89"", ""wall_time_utc"": ""2026-09-06T18:11:31.554749+00:00""}"
4681.900000000,LOCAL_REPLAN,"{""message"": ""Call local replanning..."", ""wall_time_utc"": ""2026-09-06T18:11:33.411019+00:00""}"
4681.900000000,REPLAN_REQUESTED,"{""message"": ""Replanning request. curr_vertex_idx: 89"", ""wall_time_utc"": ""2026-09-06T18:11:33.412845+00:00""}"
4684.300000000,LOCAL_REPLAN,"{""message"": ""Call local replanning..."", ""wall_time_utc"": ""2026-09-06T18:11:35.745723+00:00""}"
4684.300000000,REPLAN_REQUESTED,"{""message"": ""Replanning request. curr_vertex_idx: 89"", ""wall_time_utc"": ""2026-09-06T18:11:35.747779+00:00""}"
4685.800000000,LOCAL_REPLAN,"{""message"": ""Call local replanning..."", ""wall_time_utc"": ""2026-09-06T18:11:37.229055+00:00""}"
4685.800000000,REPLAN_REQUESTED,"{""message"": ""Replanning request. curr_vertex_idx: 89"", ""wall_time_utc"": ""2026-09-06T18:11:37.230824+00:00""}"
4689.300000000,LOCAL_REPLAN,"{""message"": ""Call local replanning..."", ""wall_time_utc"": ""2026-09-06T18:11:40.730237+00:00""}"
4689.300000000,REPLAN_REQUESTED,"{""message"": ""Replanning request. curr_vertex_idx: 89"", ""wall_time_utc"": ""2026-09-06T18:11:40.731774+00:00""}"
4691.800000000,LOCAL_REPLAN,"{""message"": ""Call local replanning..."", ""wall_time_utc"": ""2026-09-06T18:11:43.248760+00:00""}"
4691.800000000,REPLAN_REQUESTED,"{""message"": ""Replanning request. curr_vertex_idx: 89"", ""wall_time_utc"": ""2026-09-06T18:11:43.251080+00:00""}"
4693.400000000,LOCAL_REPLAN,"{""message"": ""Call local replanning..."", ""wall_time_utc"": ""2026-09-06T18:11:44.881615+00:00""}"
4693.400000000,REPLAN_REQUESTED,"{""message"": ""Replanning request. curr_vertex_idx: 89"", ""wall_time_utc"": ""2026-09-06T18:11:44.883562+00:00""}"
4695.300000000,LOCAL_REPLAN,"{""message"": ""Call local replanning..."", ""wall_time_utc"": ""2026-09-06T18:11:46.732630+00:00""}"
4695.300000000,REPLAN_REQUESTED,"{""message"": ""Replanning request. curr_vertex_idx: 89"", ""wall_time_utc"": ""2026-09-06T18:11:46.734591+00:00""}"
4697.300000000,LOCAL_REPLAN,"{""message"": ""Call local replanning..."", ""wall_time_utc"": ""2026-09-06T18:11:48.751477+00:00""}"
4697.300000000,REPLAN_REQUESTED,"{""message"": ""Replanning request. curr_vertex_idx: 89"", ""wall_time_utc"": ""2026-09-06T18:11:48.753609+00:00""}"
4699.200000000,LOCAL_REPLAN,"{""message"": ""Call local replanning..."", ""wall_time_utc"": ""2026-09-06T18:11:50.719801+00:00""}"
4699.200000000,REPLAN_REQUESTED,"{""message"": ""Replanning request. curr_vertex_idx: 89"", ""wall_time_utc"": ""2026-09-06T18:11:50.721758+00:00""}"
4701.800000000,LOCAL_REPLAN,"{""message"": ""Call local replanning..."", ""wall_time_utc"": ""2026-09-06T18:11:53.246345+00:00""}"
4701.800000000,REPLAN_REQUESTED,"{""message"": ""Replanning request. curr_vertex_idx: 89"", ""wall_time_utc"": ""2026-09-06T18:11:53.248163+00:00""}"
4704.100000000,LOCAL_REPLAN,"{""message"": ""Call local replanning..."", ""wall_time_utc"": ""2026-09-06T18:11:55.617893+00:00""}"
4704.100000000,REPLAN_REQUESTED,"{""message"": ""Replanning request. curr_vertex_idx: 89"", ""wall_time_utc"": ""2026-09-06T18:11:55.619883+00:00""}"
4705.800000000,LOCAL_REPLAN,"{""message"": ""Call local replanning..."", ""wall_time_utc"": ""2026-09-06T18:11:57.242189+00:00""}"
4705.800000000,REPLAN_REQUESTED,"{""message"": ""Replanning request. curr_vertex_idx: 89"", ""wall_time_utc"": ""2026-09-06T18:11:57.244032+00:00""}"
4708.100000000,LOCAL_REPLAN,"{""message"": ""Call local replanning..."", ""wall_time_utc"": ""2026-09-06T18:11:59.564731+00:00""}"
4708.100000000,REPLAN_REQUESTED,"{""message"": ""Replanning request. curr_vertex_idx: 89"", ""wall_time_utc"": ""2026-09-06T18:11:59.566910+00:00""}"
4709.800000000,LOCAL_REPLAN,"{""message"": ""Call local replanning..."", ""wall_time_utc"": ""2026-09-06T18:12:01.254845+00:00""}"
4709.800000000,REPLAN_REQUESTED,"{""message"": ""Replanning request. curr_vertex_idx: 89"", ""wall_time_utc"": ""2026-09-06T18:12:01.256498+00:00""}"
4712.200000000,LOCAL_REPLAN,"{""message"": ""Call local replanning..."", ""wall_time_utc"": ""2026-09-06T18:12:03.639342+00:00""}"
4712.200000000,REPLAN_REQUESTED,"{""message"": ""Replanning request. curr_vertex_idx: 89"", ""wall_time_utc"": ""2026-09-06T18:12:03.641591+00:00""}"
4713.700000000,LOCAL_REPLAN,"{""message"": ""Call local replanning..."", ""wall_time_utc"": ""2026-09-06T18:12:05.207013+00:00""}"
4713.700000000,REPLAN_REQUESTED,"{""message"": ""Replanning request. curr_vertex_idx: 89"", ""wall_time_utc"": ""2026-09-06T18:12:05.208927+00:00""}"
4715.900000000,LOCAL_REPLAN,"{""message"": ""Call local replanning..."", ""wall_time_utc"": ""2026-09-06T18:12:07.385723+00:00""}"
4715.900000000,REPLAN_REQUESTED,"{""message"": ""Replanning request. curr_vertex_idx: 89"", ""wall_time_utc"": ""2026-09-06T18:12:07.387900+00:00""}"
4717.700000000,LOCAL_REPLAN,"{""message"": ""Call local replanning..."", ""wall_time_utc"": ""2026-09-06T18:12:09.153564+00:00""}"
4717.700000000,REPLAN_REQUESTED,"{""message"": ""Replanning request. curr_vertex_idx: 89"", ""wall_time_utc"": ""2026-09-06T18:12:09.155204+00:00""}"
4720.000000000,LOCAL_REPLAN,"{""message"": ""Call local replanning..."", ""wall_time_utc"": ""2026-09-06T18:12:11.437360+00:00""}"
4720.000000000,REPLAN_REQUESTED,"{""message"": ""Replanning request. curr_vertex_idx: 89"", ""wall_time_utc"": ""2026-09-06T18:12:11.439155+00:00""}"
4721.200000000,LOCAL_REPLAN,"{""message"": ""Call local replanning..."", ""wall_time_utc"": ""2026-09-06T18:12:12.713325+00:00""}"
4721.200000000,REPLAN_REQUESTED,"{""message"": ""Replanning request. curr_vertex_idx: 89"", ""wall_time_utc"": ""2026-09-06T18:12:12.715388+00:00""}"
4723.400000000,LOCAL_REPLAN,"{""message"": ""Call local replanning..."", ""wall_time_utc"": ""2026-09-06T18:12:14.881683+00:00""}"
4723.400000000,REPLAN_REQUESTED,"{""message"": ""Replanning request. curr_vertex_idx: 89"", ""wall_time_utc"": ""2026-09-06T18:12:14.883764+00:00""}"
4726.000000000,LOCAL_REPLAN,"{""message"": ""Call local replanning..."", ""wall_time_utc"": ""2026-09-06T18:12:17.523369+00:00""}"
4726.100000000,REPLAN_REQUESTED,"{""message"": ""Replanning request. curr_vertex_idx: 89"", ""wall_time_utc"": ""2026-09-06T18:12:17.525108+00:00""}"
4727.200000000,LOCAL_REPLAN,"{""message"": ""Call local replanning..."", ""wall_time_utc"": ""2026-09-06T18:12:18.705534+00:00""}"
4727.200000000,REPLAN_REQUESTED,"{""message"": ""Replanning request. curr_vertex_idx: 89"", ""wall_time_utc"": ""2026-09-06T18:12:18.707315+00:00""}"
4729.400000000,LOCAL_REPLAN,"{""message"": ""Call local replanning..."", ""wall_time_utc"": ""2026-09-06T18:12:20.878503+00:00""}"
4729.400000000,REPLAN_REQUESTED,"{""message"": ""Replanning request. curr_vertex_idx: 89"", ""wall_time_utc"": ""2026-09-06T18:12:20.880572+00:00""}"
4731.400000000,LOCAL_REPLAN,"{""message"": ""Call local replanning..."", ""wall_time_utc"": ""2026-09-06T18:12:22.873429+00:00""}"
4731.400000000,REPLAN_REQUESTED,"{""message"": ""Replanning request. curr_vertex_idx: 89"", ""wall_time_utc"": ""2026-09-06T18:12:22.875615+00:00""}"
4733.400000000,LOCAL_REPLAN,"{""message"": ""Call local replanning..."", ""wall_time_utc"": ""2026-09-06T18:12:24.880688+00:00""}"
4733.400000000,REPLAN_REQUESTED,"{""message"": ""Replanning request. curr_vertex_idx: 89"", ""wall_time_utc"": ""2026-09-06T18:12:24.882927+00:00""}"
4735.800000000,LOCAL_REPLAN,"{""message"": ""Call local replanning..."", ""wall_time_utc"": ""2026-09-06T18:12:27.246496+00:00""}"
4735.800000000,REPLAN_REQUESTED,"{""message"": ""Replanning request. curr_vertex_idx: 89"", ""wall_time_utc"": ""2026-09-06T18:12:27.248620+00:00""}"
4737.700000000,LOCAL_REPLAN,"{""message"": ""Call local replanning..."", ""wall_time_utc"": ""2026-09-06T18:12:29.207977+00:00""}"
4737.700000000,REPLAN_REQUESTED,"{""message"": ""Replanning request. curr_vertex_idx: 89"", ""wall_time_utc"": ""2026-09-06T18:12:29.209890+00:00""}"
4739.700000000,LOCAL_REPLAN,"{""message"": ""Call local replanning..."", ""wall_time_utc"": ""2026-09-06T18:12:31.157969+00:00""}"
4739.700000000,REPLAN_REQUESTED,"{""message"": ""Replanning request. curr_vertex_idx: 89"", ""wall_time_utc"": ""2026-09-06T18:12:31.159818+00:00""}"
4742.500000000,LOCAL_REPLAN,"{""message"": ""Call local replanning..."", ""wall_time_utc"": ""2026-09-06T18:12:33.966347+00:00""}"
4742.500000000,REPLAN_REQUESTED,"{""message"": ""Replanning request. curr_vertex_idx: 89"", ""wall_time_utc"": ""2026-09-06T18:12:33.968523+00:00""}"
4746.000000000,LOCAL_REPLAN,"{""message"": ""Call local replanning..."", ""wall_time_utc"": ""2026-09-06T18:12:37.443118+00:00""}"
4746.000000000,REPLAN_REQUESTED,"{""message"": ""Replanning request. curr_vertex_idx: 89"", ""wall_time_utc"": ""2026-09-06T18:12:37.445298+00:00""}"
4748.400000000,LOCAL_REPLAN,"{""message"": ""Call local replanning..."", ""wall_time_utc"": ""2026-09-06T18:12:39.893630+00:00""}"
4748.400000000,REPLAN_REQUESTED,"{""message"": ""Replanning request. curr_vertex_idx: 89"", ""wall_time_utc"": ""2026-09-06T18:12:39.895858+00:00""}"
4750.000000000,LOCAL_REPLAN,"{""message"": ""Call local replanning..."", ""wall_time_utc"": ""2026-09-06T18:12:41.431963+00:00""}"
4750.000000000,REPLAN_REQUESTED,"{""message"": ""Replanning request. curr_vertex_idx: 89"", ""wall_time_utc"": ""2026-09-06T18:12:41.433947+00:00""}"
4752.400000000,LOCAL_REPLAN,"{""message"": ""Call local replanning..."", ""wall_time_utc"": ""2026-09-06T18:12:43.923004+00:00""}"
4752.500000000,REPLAN_REQUESTED,"{""message"": ""Replanning request. curr_vertex_idx: 89"", ""wall_time_utc"": ""2026-09-06T18:12:43.925104+00:00""}"
4754.700000000,LOCAL_REPLAN,"{""message"": ""Call local replanning..."", ""wall_time_utc"": ""2026-09-06T18:12:46.201954+00:00""}"
4754.700000000,REPLAN_REQUESTED,"{""message"": ""Replanning request. curr_vertex_idx: 89"", ""wall_time_utc"": ""2026-09-06T18:12:46.204269+00:00""}"
4756.100000000,LOCAL_REPLAN,"{""message"": ""Call local replanning..."", ""wall_time_utc"": ""2026-09-06T18:12:47.580369+00:00""}"
4756.100000000,REPLAN_REQUESTED,"{""message"": ""Replanning request. curr_vertex_idx: 89"", ""wall_time_utc"": ""2026-09-06T18:12:47.582985+00:00""}"
4758.100000000,LOCAL_REPLAN,"{""message"": ""Call local replanning..."", ""wall_time_utc"": ""2026-09-06T18:12:49.579522+00:00""}"
4758.100000000,REPLAN_REQUESTED,"{""message"": ""Replanning request. curr_vertex_idx: 89"", ""wall_time_utc"": ""2026-09-06T18:12:49.581826+00:00""}"
4761.800000000,LOCAL_REPLAN,"{""message"": ""Call local replanning..."", ""wall_time_utc"": ""2026-09-06T18:12:53.238342+00:00""}"
4761.800000000,REPLAN_REQUESTED,"{""message"": ""Replanning request. curr_vertex_idx: 89"", ""wall_time_utc"": ""2026-09-06T18:12:53.240289+00:00""}"
4764.500000000,LOCAL_REPLAN,"{""message"": ""Call local replanning..."", ""wall_time_utc"": ""2026-09-06T18:12:56.010996+00:00""}"
4764.500000000,REPLAN_REQUESTED,"{""message"": ""Replanning request. curr_vertex_idx: 89"", ""wall_time_utc"": ""2026-09-06T18:12:56.012992+00:00""}"
4766.300000000,LOCAL_REPLAN,"{""message"": ""Call local replanning..."", ""wall_time_utc"": ""2026-09-06T18:12:57.788994+00:00""}"
4766.300000000,REPLAN_REQUESTED,"{""message"": ""Replanning request. curr_vertex_idx: 89"", ""wall_time_utc"": ""2026-09-06T18:12:57.791248+00:00""}"
4768.000000000,LOCAL_REPLAN,"{""message"": ""Call local replanning..."", ""wall_time_utc"": ""2026-09-06T18:12:59.475375+00:00""}"
4768.000000000,REPLAN_REQUESTED,"{""message"": ""Replanning request. curr_vertex_idx: 89"", ""wall_time_utc"": ""2026-09-06T18:12:59.477610+00:00""}"
4769.800000000,LOCAL_REPLAN,"{""message"": ""Call local replanning..."", ""wall_time_utc"": ""2026-09-06T18:13:01.316060+00:00""}"
4769.800000000,REPLAN_REQUESTED,"{""message"": ""Replanning request. curr_vertex_idx: 89"", ""wall_time_utc"": ""2026-09-06T18:13:01.317896+00:00""}"
4771.800000000,LOCAL_REPLAN,"{""message"": ""Call local replanning..."", ""wall_time_utc"": ""2026-09-06T18:13:03.305674+00:00""}"
4771.800000000,REPLAN_REQUESTED,"{""message"": ""Replanning request. curr_vertex_idx: 89"", ""wall_time_utc"": ""2026-09-06T18:13:03.307638+00:00""}"
4773.800000000,LOCAL_REPLAN,"{""message"": ""Call local replanning..."", ""wall_time_utc"": ""2026-09-06T18:13:05.300362+00:00""}"
4773.800000000,REPLAN_REQUESTED,"{""message"": ""Replanning request. curr_vertex_idx: 89"", ""wall_time_utc"": ""2026-09-06T18:13:05.302525+00:00""}"
4776.400000000,LOCAL_REPLAN,"{""message"": ""Call local replanning..."", ""wall_time_utc"": ""2026-09-06T18:13:07.830220+00:00""}"
4776.400000000,REPLAN_REQUESTED,"{""message"": ""Replanning request. curr_vertex_idx: 89"", ""wall_time_utc"": ""2026-09-06T18:13:07.832266+00:00""}"
4778.000000000,LOCAL_REPLAN,"{""message"": ""Call local replanning..."", ""wall_time_utc"": ""2026-09-06T18:13:09.486172+00:00""}"
4778.000000000,REPLAN_REQUESTED,"{""message"": ""Replanning request. curr_vertex_idx: 89"", ""wall_time_utc"": ""2026-09-06T18:13:09.488089+00:00""}"
4781.500000000,LOCAL_REPLAN,"{""message"": ""Call local replanning..."", ""wall_time_utc"": ""2026-09-06T18:13:12.939514+00:00""}"
4781.500000000,REPLAN_REQUESTED,"{""message"": ""Replanning request. curr_vertex_idx: 89"", ""wall_time_utc"": ""2026-09-06T18:13:12.941623+00:00""}"
4783.200000000,LOCAL_REPLAN,"{""message"": ""Call local replanning..."", ""wall_time_utc"": ""2026-09-06T18:13:14.657205+00:00""}"
4783.200000000,REPLAN_REQUESTED,"{""message"": ""Replanning request. curr_vertex_idx: 89"", ""wall_time_utc"": ""2026-09-06T18:13:14.659235+00:00""}"
4785.600000000,LOCAL_REPLAN,"{""message"": ""Call local replanning..."", ""wall_time_utc"": ""2026-09-06T18:13:17.038028+00:00""}"
4785.600000000,REPLAN_REQUESTED,"{""message"": ""Replanning request. curr_vertex_idx: 89"", ""wall_time_utc"": ""2026-09-06T18:13:17.039903+00:00""}"
4787.500000000,LOCAL_REPLAN,"{""message"": ""Call local replanning..."", ""wall_time_utc"": ""2026-09-06T18:13:18.929992+00:00""}"
4787.500000000,REPLAN_REQUESTED,"{""message"": ""Replanning request. curr_vertex_idx: 89"", ""wall_time_utc"": ""2026-09-06T18:13:18.931944+00:00""}"
4789.500000000,LOCAL_REPLAN,"{""message"": ""Call local replanning..."", ""wall_time_utc"": ""2026-09-06T18:13:21.016781+00:00""}"
4789.500000000,REPLAN_REQUESTED,"{""message"": ""Replanning request. curr_vertex_idx: 89"", ""wall_time_utc"": ""2026-09-06T18:13:21.018899+00:00""}"
4791.500000000,LOCAL_REPLAN,"{""message"": ""Call local replanning..."", ""wall_time_utc"": ""2026-09-06T18:13:23.002378+00:00""}"
4791.500000000,REPLAN_REQUESTED,"{""message"": ""Replanning request. curr_vertex_idx: 89"", ""wall_time_utc"": ""2026-09-06T18:13:23.004485+00:00""}"
4793.700000000,LOCAL_REPLAN,"{""message"": ""Call local replanning..."", ""wall_time_utc"": ""2026-09-06T18:13:25.204849+00:00""}"
4793.700000000,REPLAN_REQUESTED,"{""message"": ""Replanning request. curr_vertex_idx: 89"", ""wall_time_utc"": ""2026-09-06T18:13:25.206873+00:00""}"
4795.600000000,LOCAL_REPLAN,"{""message"": ""Call local replanning..."", ""wall_time_utc"": ""2026-09-06T18:13:27.024424+00:00""}"
4795.600000000,REPLAN_REQUESTED,"{""message"": ""Replanning request. curr_vertex_idx: 89"", ""wall_time_utc"": ""2026-09-06T18:13:27.026339+00:00""}"
4798.000000000,LOCAL_REPLAN,"{""message"": ""Call local replanning..."", ""wall_time_utc"": ""2026-09-06T18:13:29.468349+00:00""}"
4798.000000000,REPLAN_REQUESTED,"{""message"": ""Replanning request. curr_vertex_idx: 89"", ""wall_time_utc"": ""2026-09-06T18:13:29.470437+00:00""}"
4800.200000000,LOCAL_REPLAN,"{""message"": ""Call local replanning..."", ""wall_time_utc"": ""2026-09-06T18:13:31.706567+00:00""}"
4800.200000000,REPLAN_REQUESTED,"{""message"": ""Replanning request. curr_vertex_idx: 89"", ""wall_time_utc"": ""2026-09-06T18:13:31.708671+00:00""}"
4801.700000000,LOCAL_REPLAN,"{""message"": ""Call local replanning..."", ""wall_time_utc"": ""2026-09-06T18:13:33.203698+00:00""}"
4801.700000000,REPLAN_REQUESTED,"{""message"": ""Replanning request. curr_vertex_idx: 89"", ""wall_time_utc"": ""2026-09-06T18:13:33.205835+00:00""}"
4805.200000000,LOCAL_REPLAN,"{""message"": ""Call local replanning..."", ""wall_time_utc"": ""2026-09-06T18:13:36.723024+00:00""}"
4805.300000000,REPLAN_REQUESTED,"{""message"": ""Replanning request. curr_vertex_idx: 89"", ""wall_time_utc"": ""2026-09-06T18:13:36.725477+00:00""}"
4808.600000000,LOCAL_REPLAN,"{""message"": ""Call local replanning..."", ""wall_time_utc"": ""2026-09-06T18:13:40.086301+00:00""}"
4808.600000000,REPLAN_REQUESTED,"{""message"": ""Replanning request. curr_vertex_idx: 89"", ""wall_time_utc"": ""2026-09-06T18:13:40.088330+00:00""}"
4811.300000000,LOCAL_REPLAN,"{""message"": ""Call local replanning..."", ""wall_time_utc"": ""2026-09-06T18:13:42.800642+00:00""}"
4811.300000000,REPLAN_REQUESTED,"{""message"": ""Replanning request. curr_vertex_idx: 89"", ""wall_time_utc"": ""2026-09-06T18:13:42.802862+00:00""}"
4812.800000000,LOCAL_REPLAN,"{""message"": ""Call local replanning..."", ""wall_time_utc"": ""2026-09-06T18:13:44.285505+00:00""}"
4812.800000000,REPLAN_REQUESTED,"{""message"": ""Replanning request. curr_vertex_idx: 89"", ""wall_time_utc"": ""2026-09-06T18:13:44.287528+00:00""}"
4814.800000000,LOCAL_REPLAN,"{""message"": ""Call local replanning..."", ""wall_time_utc"": ""2026-09-06T18:13:46.265495+00:00""}"
4814.800000000,REPLAN_REQUESTED,"{""message"": ""Replanning request. curr_vertex_idx: 89"", ""wall_time_utc"": ""2026-09-06T18:13:46.267751+00:00""}"
4816.800000000,LOCAL_REPLAN,"{""message"": ""Call local replanning..."", ""wall_time_utc"": ""2026-09-06T18:13:48.311766+00:00""}"
4816.800000000,REPLAN_REQUESTED,"{""message"": ""Replanning request. curr_vertex_idx: 89"", ""wall_time_utc"": ""2026-09-06T18:13:48.314262+00:00""}"
4819.200000000,LOCAL_REPLAN,"{""message"": ""Call local replanning..."", ""wall_time_utc"": ""2026-09-06T18:13:50.683341+00:00""}"
4819.200000000,REPLAN_REQUESTED,"{""message"": ""Replanning request. curr_vertex_idx: 89"", ""wall_time_utc"": ""2026-09-06T18:13:50.685286+00:00""}"
4821.300000000,LOCAL_REPLAN,"{""message"": ""Call local replanning..."", ""wall_time_utc"": ""2026-09-06T18:13:52.822969+00:00""}"
4821.400000000,REPLAN_REQUESTED,"{""message"": ""Replanning request. curr_vertex_idx: 89"", ""wall_time_utc"": ""2026-09-06T18:13:52.825079+00:00""}"
4823.400000000,LOCAL_REPLAN,"{""message"": ""Call local replanning..."", ""wall_time_utc"": ""2026-09-06T18:13:54.916397+00:00""}"
4823.400000000,REPLAN_REQUESTED,"{""message"": ""Replanning request. curr_vertex_idx: 89"", ""wall_time_utc"": ""2026-09-06T18:13:54.918796+00:00""}"
4825.200000000,LOCAL_REPLAN,"{""message"": ""Call local replanning..."", ""wall_time_utc"": ""2026-09-06T18:13:56.632128+00:00""}"
4825.200000000,REPLAN_REQUESTED,"{""message"": ""Replanning request. curr_vertex_idx: 89"", ""wall_time_utc"": ""2026-09-06T18:13:56.634155+00:00""}"
4827.200000000,LOCAL_REPLAN,"{""message"": ""Call local replanning..."", ""wall_time_utc"": ""2026-09-06T18:13:58.625438+00:00""}"
4827.200000000,REPLAN_REQUESTED,"{""message"": ""Replanning request. curr_vertex_idx: 89"", ""wall_time_utc"": ""2026-09-06T18:13:58.627116+00:00""}"
4829.100000000,LOCAL_REPLAN,"{""message"": ""Call local replanning..."", ""wall_time_utc"": ""2026-09-06T18:14:00.576143+00:00""}"
4829.100000000,REPLAN_REQUESTED,"{""message"": ""Replanning request. curr_vertex_idx: 89"", ""wall_time_utc"": ""2026-09-06T18:14:00.578244+00:00""}"
4831.200000000,LOCAL_REPLAN,"{""message"": ""Call local replanning..."", ""wall_time_utc"": ""2026-09-06T18:14:02.628451+00:00""}"
4831.200000000,REPLAN_REQUESTED,"{""message"": ""Replanning request. curr_vertex_idx: 89"", ""wall_time_utc"": ""2026-09-06T18:14:02.630455+00:00""}"
4833.100000000,LOCAL_REPLAN,"{""message"": ""Call local replanning..."", ""wall_time_utc"": ""2026-09-06T18:14:04.609761+00:00""}"
4833.100000000,REPLAN_REQUESTED,"{""message"": ""Replanning request. curr_vertex_idx: 89"", ""wall_time_utc"": ""2026-09-06T18:14:04.612297+00:00""}"
4835.600000000,LOCAL_REPLAN,"{""message"": ""Call local replanning..."", ""wall_time_utc"": ""2026-09-06T18:14:07.047056+00:00""}"
4835.600000000,REPLAN_REQUESTED,"{""message"": ""Replanning request. curr_vertex_idx: 89"", ""wall_time_utc"": ""2026-09-06T18:14:07.049244+00:00""}"
4836.100000000,LOCAL_REPLAN,"{""message"": ""Call local replanning..."", ""wall_time_utc"": ""2026-09-06T18:14:07.582436+00:00""}"
4836.100000000,REPLAN_REQUESTED,"{""message"": ""Replanning request. curr_vertex_idx: 89"", ""wall_time_utc"": ""2026-09-06T18:14:07.584666+00:00""}"
4838.600000000,LOCAL_REPLAN,"{""message"": ""Call local replanning..."", ""wall_time_utc"": ""2026-09-06T18:14:10.109948+00:00""}"
4838.600000000,REPLAN_REQUESTED,"{""message"": ""Replanning request. curr_vertex_idx: 89"", ""wall_time_utc"": ""2026-09-06T18:14:10.112219+00:00""}"
4841.100000000,LOCAL_REPLAN,"{""message"": ""Call local replanning..."", ""wall_time_utc"": ""2026-09-06T18:14:12.580098+00:00""}"
4841.100000000,REPLAN_REQUESTED,"{""message"": ""Replanning request. curr_vertex_idx: 89"", ""wall_time_utc"": ""2026-09-06T18:14:12.582651+00:00""}"
4842.800000000,LOCAL_REPLAN,"{""message"": ""Call local replanning..."", ""wall_time_utc"": ""2026-09-06T18:14:14.298570+00:00""}"
4842.800000000,REPLAN_REQUESTED,"{""message"": ""Replanning request. curr_vertex_idx: 89"", ""wall_time_utc"": ""2026-09-06T18:14:14.300963+00:00""}"
4844.100000000,LOCAL_REPLAN,"{""message"": ""Call local replanning..."", ""wall_time_utc"": ""2026-09-06T18:14:15.581569+00:00""}"
4844.100000000,REPLAN_REQUESTED,"{""message"": ""Replanning request. curr_vertex_idx: 89"", ""wall_time_utc"": ""2026-09-06T18:14:15.583649+00:00""}"
4847.100000000,LOCAL_REPLAN,"{""message"": ""Call local replanning..."", ""wall_time_utc"": ""2026-09-06T18:14:18.602350+00:00""}"
4847.100000000,REPLAN_REQUESTED,"{""message"": ""Replanning request. curr_vertex_idx: 89"", ""wall_time_utc"": ""2026-09-06T18:14:18.604687+00:00""}"
4848.600000000,LOCAL_REPLAN,"{""message"": ""Call local replanning..."", ""wall_time_utc"": ""2026-09-06T18:14:20.102292+00:00""}"
4848.600000000,REPLAN_REQUESTED,"{""message"": ""Replanning request. curr_vertex_idx: 89"", ""wall_time_utc"": ""2026-09-06T18:14:20.104666+00:00""}"
4850.800000000,LOCAL_REPLAN,"{""message"": ""Call local replanning..."", ""wall_time_utc"": ""2026-09-06T18:14:22.288292+00:00""}"
4850.800000000,REPLAN_REQUESTED,"{""message"": ""Replanning request. curr_vertex_idx: 89"", ""wall_time_utc"": ""2026-09-06T18:14:22.290430+00:00""}"
4852.600000000,LOCAL_REPLAN,"{""message"": ""Call local replanning..."", ""wall_time_utc"": ""2026-09-06T18:14:24.113223+00:00""}"
4852.600000000,REPLAN_REQUESTED,"{""message"": ""Replanning request. curr_vertex_idx: 89"", ""wall_time_utc"": ""2026-09-06T18:14:24.115485+00:00""}"
4854.700000000,LOCAL_REPLAN,"{""message"": ""Call local replanning..."", ""wall_time_utc"": ""2026-09-06T18:14:26.125378+00:00""}"
4854.700000000,REPLAN_REQUESTED,"{""message"": ""Replanning request. curr_vertex_idx: 89"", ""wall_time_utc"": ""2026-09-06T18:14:26.127549+00:00""}"
4856.800000000,LOCAL_REPLAN,"{""message"": ""Call local replanning..."", ""wall_time_utc"": ""2026-09-06T18:14:28.276168+00:00""}"
4856.800000000,REPLAN_REQUESTED,"{""message"": ""Replanning request. curr_vertex_idx: 89"", ""wall_time_utc"": ""2026-09-06T18:14:28.278419+00:00""}"
4858.700000000,LOCAL_REPLAN,"{""message"": ""Call local replanning..."", ""wall_time_utc"": ""2026-09-06T18:14:30.163959+00:00""}"
4858.700000000,REPLAN_REQUESTED,"{""message"": ""Replanning request. curr_vertex_idx: 89"", ""wall_time_utc"": ""2026-09-06T18:14:30.166341+00:00""}"
4860.900000000,LOCAL_REPLAN,"{""message"": ""Call local replanning..."", ""wall_time_utc"": ""2026-09-06T18:14:32.335036+00:00""}"
4860.900000000,REPLAN_REQUESTED,"{""message"": ""Replanning request. curr_vertex_idx: 89"", ""wall_time_utc"": ""2026-09-06T18:14:32.336972+00:00""}"
4864.200000000,LOCAL_REPLAN,"{""message"": ""Call local replanning..."", ""wall_time_utc"": ""2026-09-06T18:14:35.647304+00:00""}"
4864.200000000,REPLAN_REQUESTED,"{""message"": ""Replanning request. curr_vertex_idx: 89"", ""wall_time_utc"": ""2026-09-06T18:14:35.649431+00:00""}"
4866.900000000,LOCAL_REPLAN,"{""message"": ""Call local replanning..."", ""wall_time_utc"": ""2026-09-06T18:14:38.335120+00:00""}"
4866.900000000,REPLAN_REQUESTED,"{""message"": ""Replanning request. curr_vertex_idx: 89"", ""wall_time_utc"": ""2026-09-06T18:14:38.337145+00:00""}"
4869.100000000,LOCAL_REPLAN,"{""message"": ""Call local replanning..."", ""wall_time_utc"": ""2026-09-06T18:14:40.577462+00:00""}"
4869.100000000,REPLAN_REQUESTED,"{""message"": ""Replanning request. curr_vertex_idx: 89"", ""wall_time_utc"": ""2026-09-06T18:14:40.579610+00:00""}"
4870.800000000,LOCAL_REPLAN,"{""message"": ""Call local replanning..."", ""wall_time_utc"": ""2026-09-06T18:14:42.254028+00:00""}"
4870.800000000,REPLAN_REQUESTED,"{""message"": ""Replanning request. curr_vertex_idx: 89"", ""wall_time_utc"": ""2026-09-06T18:14:42.256502+00:00""}"
4872.800000000,LOCAL_REPLAN,"{""message"": ""Call local replanning..."", ""wall_time_utc"": ""2026-09-06T18:14:44.253377+00:00""}"
4872.800000000,REPLAN_REQUESTED,"{""message"": ""Replanning request. curr_vertex_idx: 89"", ""wall_time_utc"": ""2026-09-06T18:14:44.255551+00:00""}"
4874.400000000,LOCAL_REPLAN,"{""message"": ""Call local replanning..."", ""wall_time_utc"": ""2026-09-06T18:14:45.893343+00:00""}"
4874.400000000,REPLAN_REQUESTED,"{""message"": ""Replanning request. curr_vertex_idx: 89"", ""wall_time_utc"": ""2026-09-06T18:14:45.895501+00:00""}"
4876.100000000,LOCAL_REPLAN,"{""message"": ""Call local replanning..."", ""wall_time_utc"": ""2026-09-06T18:14:47.607797+00:00""}"
4876.100000000,REPLAN_REQUESTED,"{""message"": ""Replanning request. curr_vertex_idx: 89"", ""wall_time_utc"": ""2026-09-06T18:14:47.610030+00:00""}"
4878.100000000,LOCAL_REPLAN,"{""message"": ""Call local replanning..."", ""wall_time_utc"": ""2026-09-06T18:14:49.606026+00:00""}"
4878.100000000,REPLAN_REQUESTED,"{""message"": ""Replanning request. curr_vertex_idx: 89"", ""wall_time_utc"": ""2026-09-06T18:14:49.607799+00:00""}"
4880.100000000,LOCAL_REPLAN,"{""message"": ""Call local replanning..."", ""wall_time_utc"": ""2026-09-06T18:14:51.622501+00:00""}"
4880.200000000,REPLAN_REQUESTED,"{""message"": ""Replanning request. curr_vertex_idx: 89"", ""wall_time_utc"": ""2026-09-06T18:14:51.624320+00:00""}"
4882.600000000,LOCAL_REPLAN,"{""message"": ""Call local replanning..."", ""wall_time_utc"": ""2026-09-06T18:14:54.100189+00:00""}"
4882.600000000,REPLAN_REQUESTED,"{""message"": ""Replanning request. curr_vertex_idx: 89"", ""wall_time_utc"": ""2026-09-06T18:14:54.102232+00:00""}"
4885.000000000,LOCAL_REPLAN,"{""message"": ""Call local replanning..."", ""wall_time_utc"": ""2026-09-06T18:14:56.460905+00:00""}"
4885.000000000,REPLAN_REQUESTED,"{""message"": ""Replanning request. curr_vertex_idx: 89"", ""wall_time_utc"": ""2026-09-06T18:14:56.463342+00:00""}"
4886.100000000,LOCAL_REPLAN,"{""message"": ""Call local replanning..."", ""wall_time_utc"": ""2026-09-06T18:14:57.622868+00:00""}"
4886.200000000,REPLAN_REQUESTED,"{""message"": ""Replanning request. curr_vertex_idx: 89"", ""wall_time_utc"": ""2026-09-06T18:14:57.624946+00:00""}"
4888.300000000,LOCAL_REPLAN,"{""message"": ""Call local replanning..."", ""wall_time_utc"": ""2026-09-06T18:14:59.801492+00:00""}"
4888.300000000,REPLAN_REQUESTED,"{""message"": ""Replanning request. curr_vertex_idx: 89"", ""wall_time_utc"": ""2026-09-06T18:14:59.803647+00:00""}"
4890.100000000,LOCAL_REPLAN,"{""message"": ""Call local replanning..."", ""wall_time_utc"": ""2026-09-06T18:15:01.582266+00:00""}"
4890.100000000,REPLAN_REQUESTED,"{""message"": ""Replanning request. curr_vertex_idx: 89"", ""wall_time_utc"": ""2026-09-06T18:15:01.584644+00:00""}"
4892.400000000,LOCAL_REPLAN,"{""message"": ""Call local replanning..."", ""wall_time_utc"": ""2026-09-06T18:15:03.835209+00:00""}"
4892.400000000,REPLAN_REQUESTED,"{""message"": ""Replanning request. curr_vertex_idx: 89"", ""wall_time_utc"": ""2026-09-06T18:15:03.837011+00:00""}"
4893.800000000,LOCAL_REPLAN,"{""message"": ""Call local replanning..."", ""wall_time_utc"": ""2026-09-06T18:15:05.259299+00:00""}"
4893.800000000,REPLAN_REQUESTED,"{""message"": ""Replanning request. curr_vertex_idx: 89"", ""wall_time_utc"": ""2026-09-06T18:15:05.261913+00:00""}"
4896.100000000,LOCAL_REPLAN,"{""message"": ""Call local replanning..."", ""wall_time_utc"": ""2026-09-06T18:15:07.622627+00:00""}"
4896.200000000,REPLAN_REQUESTED,"{""message"": ""Replanning request. curr_vertex_idx: 89"", ""wall_time_utc"": ""2026-09-06T18:15:07.624746+00:00""}"
4898.300000000,LOCAL_REPLAN,"{""message"": ""Call local replanning..."", ""wall_time_utc"": ""2026-09-06T18:15:09.777170+00:00""}"
4898.300000000,REPLAN_REQUESTED,"{""message"": ""Replanning request. curr_vertex_idx: 89"", ""wall_time_utc"": ""2026-09-06T18:15:09.779260+00:00""}"
4900.100000000,LOCAL_REPLAN,"{""message"": ""Call local replanning..."", ""wall_time_utc"": ""2026-09-06T18:15:11.616717+00:00""}"
4900.100000000,REPLAN_REQUESTED,"{""message"": ""Replanning request. curr_vertex_idx: 89"", ""wall_time_utc"": ""2026-09-06T18:15:11.619021+00:00""}"
4902.900000000,LOCAL_REPLAN,"{""message"": ""Call local replanning..."", ""wall_time_utc"": ""2026-09-06T18:15:14.348432+00:00""}"
4902.900000000,REPLAN_REQUESTED,"{""message"": ""Replanning request. curr_vertex_idx: 89"", ""wall_time_utc"": ""2026-09-06T18:15:14.350390+00:00""}"
4905.200000000,LOCAL_REPLAN,"{""message"": ""Call local replanning..."", ""wall_time_utc"": ""2026-09-06T18:15:16.626177+00:00""}"
4905.200000000,REPLAN_REQUESTED,"{""message"": ""Replanning request. curr_vertex_idx: 89"", ""wall_time_utc"": ""2026-09-06T18:15:16.627906+00:00""}"
4906.900000000,LOCAL_REPLAN,"{""message"": ""Call local replanning..."", ""wall_time_utc"": ""2026-09-06T18:15:18.362945+00:00""}"
4906.900000000,REPLAN_REQUESTED,"{""message"": ""Replanning request. curr_vertex_idx: 89"", ""wall_time_utc"": ""2026-09-06T18:15:18.365045+00:00""}"
4908.800000000,LOCAL_REPLAN,"{""message"": ""Call local replanning..."", ""wall_time_utc"": ""2026-09-06T18:15:20.323974+00:00""}"
4908.900000000,REPLAN_REQUESTED,"{""message"": ""Replanning request. curr_vertex_idx: 89"", ""wall_time_utc"": ""2026-09-06T18:15:20.326347+00:00""}"
4910.300000000,LOCAL_REPLAN,"{""message"": ""Call local replanning..."", ""wall_time_utc"": ""2026-09-06T18:15:21.818080+00:00""}"
4910.300000000,REPLAN_REQUESTED,"{""message"": ""Replanning request. curr_vertex_idx: 89"", ""wall_time_utc"": ""2026-09-06T18:15:21.820271+00:00""}"
4912.300000000,LOCAL_REPLAN,"{""message"": ""Call local replanning..."", ""wall_time_utc"": ""2026-09-06T18:15:23.815550+00:00""}"
4912.300000000,REPLAN_REQUESTED,"{""message"": ""Replanning request. curr_vertex_idx: 89"", ""wall_time_utc"": ""2026-09-06T18:15:23.817415+00:00""}"
4914.800000000,LOCAL_REPLAN,"{""message"": ""Call local replanning..."", ""wall_time_utc"": ""2026-09-06T18:15:26.275199+00:00""}"
4914.800000000,REPLAN_REQUESTED,"{""message"": ""Replanning request. curr_vertex_idx: 89"", ""wall_time_utc"": ""2026-09-06T18:15:26.277133+00:00""}"
4916.300000000,LOCAL_REPLAN,"{""message"": ""Call local replanning..."", ""wall_time_utc"": ""2026-09-06T18:15:27.803716+00:00""}"
4916.300000000,REPLAN_REQUESTED,"{""message"": ""Replanning request. curr_vertex_idx: 89"", ""wall_time_utc"": ""2026-09-06T18:15:27.805955+00:00""}"
4918.600000000,LOCAL_REPLAN,"{""message"": ""Call local replanning..."", ""wall_time_utc"": ""2026-09-06T18:15:30.118461+00:00""}"
4918.600000000,REPLAN_REQUESTED,"{""message"": ""Replanning request. curr_vertex_idx: 89"", ""wall_time_utc"": ""2026-09-06T18:15:30.120384+00:00""}"
4920.700000000,LOCAL_REPLAN,"{""message"": ""Call local replanning..."", ""wall_time_utc"": ""2026-09-06T18:15:32.142900+00:00""}"
4920.700000000,REPLAN_REQUESTED,"{""message"": ""Replanning request. curr_vertex_idx: 89"", ""wall_time_utc"": ""2026-09-06T18:15:32.144980+00:00""}"
4922.700000000,LOCAL_REPLAN,"{""message"": ""Call local replanning..."", ""wall_time_utc"": ""2026-09-06T18:15:34.143485+00:00""}"
4922.700000000,REPLAN_REQUESTED,"{""message"": ""Replanning request. curr_vertex_idx: 89"", ""wall_time_utc"": ""2026-09-06T18:15:34.145661+00:00""}"
4924.100000000,LOCAL_REPLAN,"{""message"": ""Call local replanning..."", ""wall_time_utc"": ""2026-09-06T18:15:35.622768+00:00""}"
4924.200000000,REPLAN_REQUESTED,"{""message"": ""Replanning request. curr_vertex_idx: 89"", ""wall_time_utc"": ""2026-09-06T18:15:35.624779+00:00""}"
4926.600000000,LOCAL_REPLAN,"{""message"": ""Call local replanning..."", ""wall_time_utc"": ""2026-09-06T18:15:38.092931+00:00""}"
4926.600000000,REPLAN_REQUESTED,"{""message"": ""Replanning request. curr_vertex_idx: 89"", ""wall_time_utc"": ""2026-09-06T18:15:38.094822+00:00""}"
4928.600000000,LOCAL_REPLAN,"{""message"": ""Call local replanning..."", ""wall_time_utc"": ""2026-09-06T18:15:40.089011+00:00""}"
4928.600000000,REPLAN_REQUESTED,"{""message"": ""Replanning request. curr_vertex_idx: 89"", ""wall_time_utc"": ""2026-09-06T18:15:40.090930+00:00""}"
4931.000000000,LOCAL_REPLAN,"{""message"": ""Call local replanning..."", ""wall_time_utc"": ""2026-09-06T18:15:42.464896+00:00""}"
4931.000000000,REPLAN_REQUESTED,"{""message"": ""Replanning request. curr_vertex_idx: 89"", ""wall_time_utc"": ""2026-09-06T18:15:42.467088+00:00""}"
4932.200000000,LOCAL_REPLAN,"{""message"": ""Call local replanning..."", ""wall_time_utc"": ""2026-09-06T18:15:43.626481+00:00""}"
4932.200000000,REPLAN_REQUESTED,"{""message"": ""Replanning request. curr_vertex_idx: 89"", ""wall_time_utc"": ""2026-09-06T18:15:43.628278+00:00""}"
4934.100000000,LOCAL_REPLAN,"{""message"": ""Call local replanning..."", ""wall_time_utc"": ""2026-09-06T18:15:45.611210+00:00""}"
4934.100000000,REPLAN_REQUESTED,"{""message"": ""Replanning request. curr_vertex_idx: 89"", ""wall_time_utc"": ""2026-09-06T18:15:45.613676+00:00""}"
4936.700000000,LOCAL_REPLAN,"{""message"": ""Call local replanning..."", ""wall_time_utc"": ""2026-09-06T18:15:48.125097+00:00""}"
4936.700000000,REPLAN_REQUESTED,"{""message"": ""Replanning request. curr_vertex_idx: 89"", ""wall_time_utc"": ""2026-09-06T18:15:48.127244+00:00""}"
4938.700000000,LOCAL_REPLAN,"{""message"": ""Call local replanning..."", ""wall_time_utc"": ""2026-09-06T18:15:50.145655+00:00""}"
4938.700000000,REPLAN_REQUESTED,"{""message"": ""Replanning request. curr_vertex_idx: 89"", ""wall_time_utc"": ""2026-09-06T18:15:50.147852+00:00""}"
4940.700000000,LOCAL_REPLAN,"{""message"": ""Call local replanning..."", ""wall_time_utc"": ""2026-09-06T18:15:52.196161+00:00""}"
4940.700000000,REPLAN_REQUESTED,"{""message"": ""Replanning request. curr_vertex_idx: 89"", ""wall_time_utc"": ""2026-09-06T18:15:52.198074+00:00""}"
4942.600000000,LOCAL_REPLAN,"{""message"": ""Call local replanning..."", ""wall_time_utc"": ""2026-09-06T18:15:54.117656+00:00""}"
4942.600000000,REPLAN_REQUESTED,"{""message"": ""Replanning request. curr_vertex_idx: 89"", ""wall_time_utc"": ""2026-09-06T18:15:54.119980+00:00""}"
4944.300000000,LOCAL_REPLAN,"{""message"": ""Call local replanning..."", ""wall_time_utc"": ""2026-09-06T18:15:55.793609+00:00""}"
4944.300000000,REPLAN_REQUESTED,"{""message"": ""Replanning request. curr_vertex_idx: 89"", ""wall_time_utc"": ""2026-09-06T18:15:55.795417+00:00""}"
4946.300000000,LOCAL_REPLAN,"{""message"": ""Call local replanning..."", ""wall_time_utc"": ""2026-09-06T18:15:57.794961+00:00""}"
4946.300000000,REPLAN_REQUESTED,"{""message"": ""Replanning request. curr_vertex_idx: 89"", ""wall_time_utc"": ""2026-09-06T18:15:57.797118+00:00""}"
4948.200000000,LOCAL_REPLAN,"{""message"": ""Call local replanning..."", ""wall_time_utc"": ""2026-09-06T18:15:59.628537+00:00""}"
4948.200000000,REPLAN_REQUESTED,"{""message"": ""Replanning request. curr_vertex_idx: 89"", ""wall_time_utc"": ""2026-09-06T18:15:59.630599+00:00""}"
4950.100000000,LOCAL_REPLAN,"{""message"": ""Call local replanning..."", ""wall_time_utc"": ""2026-09-06T18:16:01.551928+00:00""}"
4950.100000000,REPLAN_REQUESTED,"{""message"": ""Replanning request. curr_vertex_idx: 89"", ""wall_time_utc"": ""2026-09-06T18:16:01.554675+00:00""}"
4952.900000000,LOCAL_REPLAN,"{""message"": ""Call local replanning..."", ""wall_time_utc"": ""2026-09-06T18:16:04.357515+00:00""}"
4952.900000000,REPLAN_REQUESTED,"{""message"": ""Replanning request. curr_vertex_idx: 89"", ""wall_time_utc"": ""2026-09-06T18:16:04.359374+00:00""}"
4954.100000000,LOCAL_REPLAN,"{""message"": ""Call local replanning..."", ""wall_time_utc"": ""2026-09-06T18:16:05.621101+00:00""}"
4954.100000000,REPLAN_REQUESTED,"{""message"": ""Replanning request. curr_vertex_idx: 89"", ""wall_time_utc"": ""2026-09-06T18:16:05.622748+00:00""}"
4956.100000000,LOCAL_REPLAN,"{""message"": ""Call local replanning..."", ""wall_time_utc"": ""2026-09-06T18:16:07.616411+00:00""}"
4956.100000000,REPLAN_REQUESTED,"{""message"": ""Replanning request. curr_vertex_idx: 89"", ""wall_time_utc"": ""2026-09-06T18:16:07.618599+00:00""}"
4959.100000000,LOCAL_REPLAN,"{""message"": ""Call local replanning..."", ""wall_time_utc"": ""2026-09-06T18:16:10.528496+00:00""}"
4959.100000000,REPLAN_REQUESTED,"{""message"": ""Replanning request. curr_vertex_idx: 89"", ""wall_time_utc"": ""2026-09-06T18:16:10.530102+00:00""}"
4960.300000000,LOCAL_REPLAN,"{""message"": ""Call local replanning..."", ""wall_time_utc"": ""2026-09-06T18:16:11.791483+00:00""}"
4960.300000000,REPLAN_REQUESTED,"{""message"": ""Replanning request. curr_vertex_idx: 89"", ""wall_time_utc"": ""2026-09-06T18:16:11.793374+00:00""}"
4962.600000000,LOCAL_REPLAN,"{""message"": ""Call local replanning..."", ""wall_time_utc"": ""2026-09-06T18:16:14.098986+00:00""}"
4962.600000000,REPLAN_REQUESTED,"{""message"": ""Replanning request. curr_vertex_idx: 89"", ""wall_time_utc"": ""2026-09-06T18:16:14.101019+00:00""}"
4965.000000000,LOCAL_REPLAN,"{""message"": ""Call local replanning..."", ""wall_time_utc"": ""2026-09-06T18:16:16.461381+00:00""}"
4965.000000000,REPLAN_REQUESTED,"{""message"": ""Replanning request. curr_vertex_idx: 89"", ""wall_time_utc"": ""2026-09-06T18:16:16.463483+00:00""}"
4966.600000000,LOCAL_REPLAN,"{""message"": ""Call local replanning..."", ""wall_time_utc"": ""2026-09-06T18:16:18.101110+00:00""}"
4966.600000000,REPLAN_REQUESTED,"{""message"": ""Replanning request. curr_vertex_idx: 89"", ""wall_time_utc"": ""2026-09-06T18:16:18.103441+00:00""}"
4969.000000000,LOCAL_REPLAN,"{""message"": ""Call local replanning..."", ""wall_time_utc"": ""2026-09-06T18:16:20.468401+00:00""}"
4969.000000000,REPLAN_REQUESTED,"{""message"": ""Replanning request. curr_vertex_idx: 89"", ""wall_time_utc"": ""2026-09-06T18:16:20.470480+00:00""}"
4970.600000000,LOCAL_REPLAN,"{""message"": ""Call local replanning..."", ""wall_time_utc"": ""2026-09-06T18:16:22.118255+00:00""}"
4970.600000000,REPLAN_REQUESTED,"{""message"": ""Replanning request. curr_vertex_idx: 89"", ""wall_time_utc"": ""2026-09-06T18:16:22.120159+00:00""}"
4972.900000000,LOCAL_REPLAN,"{""message"": ""Call local replanning..."", ""wall_time_utc"": ""2026-09-06T18:16:24.387348+00:00""}"
4972.900000000,REPLAN_REQUESTED,"{""message"": ""Replanning request. curr_vertex_idx: 89"", ""wall_time_utc"": ""2026-09-06T18:16:24.389498+00:00""}"
4974.700000000,LOCAL_REPLAN,"{""message"": ""Call local replanning..."", ""wall_time_utc"": ""2026-09-06T18:16:26.146367+00:00""}"
4974.700000000,REPLAN_REQUESTED,"{""message"": ""Replanning request. curr_vertex_idx: 89"", ""wall_time_utc"": ""2026-09-06T18:16:26.148608+00:00""}"
4976.700000000,LOCAL_REPLAN,"{""message"": ""Call local replanning..."", ""wall_time_utc"": ""2026-09-06T18:16:28.140244+00:00""}"
4976.700000000,REPLAN_REQUESTED,"{""message"": ""Replanning request. curr_vertex_idx: 89"", ""wall_time_utc"": ""2026-09-06T18:16:28.142010+00:00""}"
4979.800000000,LOCAL_REPLAN,"{""message"": ""Call local replanning..."", ""wall_time_utc"": ""2026-09-06T18:16:31.308130+00:00""}"
4979.800000000,REPLAN_REQUESTED,"{""message"": ""Replanning request. curr_vertex_idx: 89"", ""wall_time_utc"": ""2026-09-06T18:16:31.310191+00:00""}"
4982.100000000,LOCAL_REPLAN,"{""message"": ""Call local replanning..."", ""wall_time_utc"": ""2026-09-06T18:16:33.570914+00:00""}"
4982.100000000,REPLAN_REQUESTED,"{""message"": ""Replanning request. curr_vertex_idx: 89"", ""wall_time_utc"": ""2026-09-06T18:16:33.572987+00:00""}"
4984.300000000,LOCAL_REPLAN,"{""message"": ""Call local replanning..."", ""wall_time_utc"": ""2026-09-06T18:16:35.783216+00:00""}"
4984.300000000,REPLAN_REQUESTED,"{""message"": ""Replanning request. curr_vertex_idx: 89"", ""wall_time_utc"": ""2026-09-06T18:16:35.785090+00:00""}"
4986.300000000,LOCAL_REPLAN,"{""message"": ""Call local replanning..."", ""wall_time_utc"": ""2026-09-06T18:16:37.791111+00:00""}"
4986.300000000,REPLAN_REQUESTED,"{""message"": ""Replanning request. curr_vertex_idx: 89"", ""wall_time_utc"": ""2026-09-06T18:16:37.793014+00:00""}"
4987.800000000,LOCAL_REPLAN,"{""message"": ""Call local replanning..."", ""wall_time_utc"": ""2026-09-06T18:16:39.321027+00:00""}"
4987.800000000,REPLAN_REQUESTED,"{""message"": ""Replanning request. curr_vertex_idx: 89"", ""wall_time_utc"": ""2026-09-06T18:16:39.323312+00:00""}"
4991.400000000,LOCAL_REPLAN,"{""message"": ""Call local replanning..."", ""wall_time_utc"": ""2026-09-06T18:16:42.906267+00:00""}"
4991.400000000,REPLAN_REQUESTED,"{""message"": ""Replanning request. curr_vertex_idx: 89"", ""wall_time_utc"": ""2026-09-06T18:16:42.907937+00:00""}"
4995.000000000,LOCAL_REPLAN,"{""message"": ""Call local replanning..."", ""wall_time_utc"": ""2026-09-06T18:16:46.476570+00:00""}"
4995.000000000,REPLAN_REQUESTED,"{""message"": ""Replanning request. curr_vertex_idx: 89"", ""wall_time_utc"": ""2026-09-06T18:16:46.478425+00:00""}"
4997.000000000,LOCAL_REPLAN,"{""message"": ""Call local replanning..."", ""wall_time_utc"": ""2026-09-06T18:16:48.518329+00:00""}"
4997.000000000,REPLAN_REQUESTED,"{""message"": ""Replanning request. curr_vertex_idx: 89"", ""wall_time_utc"": ""2026-09-06T18:16:48.520174+00:00""}"
4999.200000000,LOCAL_REPLAN,"{""message"": ""Call local replanning..."", ""wall_time_utc"": ""2026-09-06T18:16:50.692932+00:00""}"
4999.200000000,REPLAN_REQUESTED,"{""message"": ""Replanning request. curr_vertex_idx: 89"", ""wall_time_utc"": ""2026-09-06T18:16:50.695079+00:00""}"
5001.000000000,LOCAL_REPLAN,"{""message"": ""Call local replanning..."", ""wall_time_utc"": ""2026-09-06T18:16:52.522559+00:00""}"
5001.100000000,REPLAN_REQUESTED,"{""message"": ""Replanning request. curr_vertex_idx: 89"", ""wall_time_utc"": ""2026-09-06T18:16:52.524942+00:00""}"
5004.800000000,LOCAL_REPLAN,"{""message"": ""Call local replanning..."", ""wall_time_utc"": ""2026-09-06T18:16:56.315210+00:00""}"
5004.800000000,REPLAN_REQUESTED,"{""message"": ""Replanning request. curr_vertex_idx: 89"", ""wall_time_utc"": ""2026-09-06T18:16:56.316886+00:00""}"
5008.300000000,LOCAL_REPLAN,"{""message"": ""Call local replanning..."", ""wall_time_utc"": ""2026-09-06T18:16:59.788620+00:00""}"
5008.300000000,REPLAN_REQUESTED,"{""message"": ""Replanning request. curr_vertex_idx: 89"", ""wall_time_utc"": ""2026-09-06T18:16:59.790686+00:00""}"
5011.600000000,LOCAL_REPLAN,"{""message"": ""Call local replanning..."", ""wall_time_utc"": ""2026-09-06T18:17:03.078051+00:00""}"
5011.600000000,REPLAN_REQUESTED,"{""message"": ""Replanning request. curr_vertex_idx: 89"", ""wall_time_utc"": ""2026-09-06T18:17:03.080020+00:00""}"
5015.700000000,LOCAL_REPLAN,"{""message"": ""Call local replanning..."", ""wall_time_utc"": ""2026-09-06T18:17:07.129895+00:00""}"
5015.700000000,REPLAN_REQUESTED,"{""message"": ""Replanning request. curr_vertex_idx: 89"", ""wall_time_utc"": ""2026-09-06T18:17:07.131573+00:00""}"
5017.700000000,LOCAL_REPLAN,"{""message"": ""Call local replanning..."", ""wall_time_utc"": ""2026-09-06T18:17:09.208298+00:00""}"
5017.700000000,REPLAN_REQUESTED,"{""message"": ""Replanning request. curr_vertex_idx: 89"", ""wall_time_utc"": ""2026-09-06T18:17:09.210231+00:00""}"
5019.100000000,LOCAL_REPLAN,"{""message"": ""Call local replanning..."", ""wall_time_utc"": ""2026-09-06T18:17:10.586223+00:00""}"
5019.100000000,REPLAN_REQUESTED,"{""message"": ""Replanning request. curr_vertex_idx: 89"", ""wall_time_utc"": ""2026-09-06T18:17:10.588563+00:00""}"
5022.500000000,LOCAL_REPLAN,"{""message"": ""Call local replanning..."", ""wall_time_utc"": ""2026-09-06T18:17:14.000304+00:00""}"
5022.500000000,REPLAN_REQUESTED,"{""message"": ""Replanning request. curr_vertex_idx: 89"", ""wall_time_utc"": ""2026-09-06T18:17:14.002163+00:00""}"
5024.100000000,LOCAL_REPLAN,"{""message"": ""Call local replanning..."", ""wall_time_utc"": ""2026-09-06T18:17:15.614974+00:00""}"
5024.100000000,REPLAN_REQUESTED,"{""message"": ""Replanning request. curr_vertex_idx: 89"", ""wall_time_utc"": ""2026-09-06T18:17:15.617316+00:00""}"
5026.100000000,LOCAL_REPLAN,"{""message"": ""Call local replanning..."", ""wall_time_utc"": ""2026-09-06T18:17:17.609222+00:00""}"
5026.100000000,REPLAN_REQUESTED,"{""message"": ""Replanning request. curr_vertex_idx: 89"", ""wall_time_utc"": ""2026-09-06T18:17:17.611341+00:00""}"
5028.200000000,LOCAL_REPLAN,"{""message"": ""Call local replanning..."", ""wall_time_utc"": ""2026-09-06T18:17:19.640731+00:00""}"
5028.200000000,REPLAN_REQUESTED,"{""message"": ""Replanning request. curr_vertex_idx: 89"", ""wall_time_utc"": ""2026-09-06T18:17:19.642561+00:00""}"
5030.600000000,LOCAL_REPLAN,"{""message"": ""Call local replanning..."", ""wall_time_utc"": ""2026-09-06T18:17:22.086584+00:00""}"
5030.600000000,REPLAN_REQUESTED,"{""message"": ""Replanning request. curr_vertex_idx: 89"", ""wall_time_utc"": ""2026-09-06T18:17:22.088676+00:00""}"
5031.100000000,LOCAL_REPLAN,"{""message"": ""Call local replanning..."", ""wall_time_utc"": ""2026-09-06T18:17:22.585542+00:00""}"
5031.100000000,REPLAN_REQUESTED,"{""message"": ""Replanning request. curr_vertex_idx: 89"", ""wall_time_utc"": ""2026-09-06T18:17:22.587291+00:00""}"
5034.200000000,LOCAL_REPLAN,"{""message"": ""Call local replanning..."", ""wall_time_utc"": ""2026-09-06T18:17:25.665688+00:00""}"
5034.200000000,REPLAN_REQUESTED,"{""message"": ""Replanning request. curr_vertex_idx: 89"", ""wall_time_utc"": ""2026-09-06T18:17:25.667368+00:00""}"
5035.700000000,LOCAL_REPLAN,"{""message"": ""Call local replanning..."", ""wall_time_utc"": ""2026-09-06T18:17:27.147005+00:00""}"
5035.700000000,REPLAN_REQUESTED,"{""message"": ""Replanning request. curr_vertex_idx: 89"", ""wall_time_utc"": ""2026-09-06T18:17:27.149219+00:00""}"
5037.700000000,LOCAL_REPLAN,"{""message"": ""Call local replanning..."", ""wall_time_utc"": ""2026-09-06T18:17:29.138785+00:00""}"
5037.700000000,REPLAN_REQUESTED,"{""message"": ""Replanning request. curr_vertex_idx: 89"", ""wall_time_utc"": ""2026-09-06T18:17:29.140574+00:00""}"
5039.700000000,LOCAL_REPLAN,"{""message"": ""Call local replanning..."", ""wall_time_utc"": ""2026-09-06T18:17:31.127006+00:00""}"
5039.700000000,REPLAN_REQUESTED,"{""message"": ""Replanning request. curr_vertex_idx: 89"", ""wall_time_utc"": ""2026-09-06T18:17:31.128935+00:00""}"
5043.000000000,LOCAL_REPLAN,"{""message"": ""Call local replanning..."", ""wall_time_utc"": ""2026-09-06T18:17:34.455539+00:00""}"
5043.000000000,REPLAN_REQUESTED,"{""message"": ""Replanning request. curr_vertex_idx: 89"", ""wall_time_utc"": ""2026-09-06T18:17:34.457495+00:00""}"
5045.400000000,LOCAL_REPLAN,"{""message"": ""Call local replanning..."", ""wall_time_utc"": ""2026-09-06T18:17:36.902660+00:00""}"
5045.400000000,REPLAN_REQUESTED,"{""message"": ""Replanning request. curr_vertex_idx: 89"", ""wall_time_utc"": ""2026-09-06T18:17:36.904703+00:00""}"
5047.500000000,LOCAL_REPLAN,"{""message"": ""Call local replanning..."", ""wall_time_utc"": ""2026-09-06T18:17:38.948198+00:00""}"
5047.500000000,REPLAN_REQUESTED,"{""message"": ""Replanning request. curr_vertex_idx: 89"", ""wall_time_utc"": ""2026-09-06T18:17:38.950391+00:00""}"
5049.500000000,LOCAL_REPLAN,"{""message"": ""Call local replanning..."", ""wall_time_utc"": ""2026-09-06T18:17:40.939322+00:00""}"
5049.500000000,REPLAN_REQUESTED,"{""message"": ""Replanning request. curr_vertex_idx: 89"", ""wall_time_utc"": ""2026-09-06T18:17:40.941618+00:00""}"
5051.500000000,LOCAL_REPLAN,"{""message"": ""Call local replanning..."", ""wall_time_utc"": ""2026-09-06T18:17:42.947266+00:00""}"
5051.500000000,REPLAN_REQUESTED,"{""message"": ""Replanning request. curr_vertex_idx: 89"", ""wall_time_utc"": ""2026-09-06T18:17:42.949372+00:00""}"
5053.100000000,LOCAL_REPLAN,"{""message"": ""Call local replanning..."", ""wall_time_utc"": ""2026-09-06T18:17:44.610663+00:00""}"
5053.100000000,REPLAN_REQUESTED,"{""message"": ""Replanning request. curr_vertex_idx: 89"", ""wall_time_utc"": ""2026-09-06T18:17:44.612637+00:00""}"
5054.900000000,LOCAL_REPLAN,"{""message"": ""Call local replanning..."", ""wall_time_utc"": ""2026-09-06T18:17:46.408529+00:00""}"
5054.900000000,REPLAN_REQUESTED,"{""message"": ""Replanning request. curr_vertex_idx: 89"", ""wall_time_utc"": ""2026-09-06T18:17:46.410634+00:00""}"
5057.100000000,LOCAL_REPLAN,"{""message"": ""Call local replanning..."", ""wall_time_utc"": ""2026-09-06T18:17:48.621626+00:00""}"
5057.100000000,REPLAN_REQUESTED,"{""message"": ""Replanning request. curr_vertex_idx: 89"", ""wall_time_utc"": ""2026-09-06T18:17:48.623684+00:00""}"
5059.100000000,LOCAL_REPLAN,"{""message"": ""Call local replanning..."", ""wall_time_utc"": ""2026-09-06T18:17:50.595735+00:00""}"
5059.100000000,REPLAN_REQUESTED,"{""message"": ""Replanning request. curr_vertex_idx: 89"", ""wall_time_utc"": ""2026-09-06T18:17:50.597905+00:00""}"
5060.600000000,LOCAL_REPLAN,"{""message"": ""Call local replanning..."", ""wall_time_utc"": ""2026-09-06T18:17:52.072292+00:00""}"
5060.600000000,REPLAN_REQUESTED,"{""message"": ""Replanning request. curr_vertex_idx: 89"", ""wall_time_utc"": ""2026-09-06T18:17:52.074409+00:00""}"
5063.500000000,LOCAL_REPLAN,"{""message"": ""Call local replanning..."", ""wall_time_utc"": ""2026-09-06T18:17:54.969973+00:00""}"
5063.500000000,REPLAN_REQUESTED,"{""message"": ""Replanning request. curr_vertex_idx: 89"", ""wall_time_utc"": ""2026-09-06T18:17:54.972044+00:00""}"
5065.500000000,LOCAL_REPLAN,"{""message"": ""Call local replanning..."", ""wall_time_utc"": ""2026-09-06T18:17:56.959512+00:00""}"
5065.500000000,REPLAN_REQUESTED,"{""message"": ""Replanning request. curr_vertex_idx: 89"", ""wall_time_utc"": ""2026-09-06T18:17:56.962070+00:00""}"
5067.500000000,LOCAL_REPLAN,"{""message"": ""Call local replanning..."", ""wall_time_utc"": ""2026-09-06T18:17:58.953326+00:00""}"
5067.500000000,REPLAN_REQUESTED,"{""message"": ""Replanning request. curr_vertex_idx: 89"", ""wall_time_utc"": ""2026-09-06T18:17:58.955514+00:00""}"
5069.400000000,LOCAL_REPLAN,"{""message"": ""Call local replanning..."", ""wall_time_utc"": ""2026-09-06T18:18:00.892365+00:00""}"
5069.400000000,REPLAN_REQUESTED,"{""message"": ""Replanning request. curr_vertex_idx: 89"", ""wall_time_utc"": ""2026-09-06T18:18:00.894283+00:00""}"
5070.900000000,LOCAL_REPLAN,"{""message"": ""Call local replanning..."", ""wall_time_utc"": ""2026-09-06T18:18:02.414055+00:00""}"
5070.900000000,REPLAN_REQUESTED,"{""message"": ""Replanning request. curr_vertex_idx: 89"", ""wall_time_utc"": ""2026-09-06T18:18:02.415917+00:00""}"
5072.900000000,LOCAL_REPLAN,"{""message"": ""Call local replanning..."", ""wall_time_utc"": ""2026-09-06T18:18:04.388986+00:00""}"
5072.900000000,REPLAN_REQUESTED,"{""message"": ""Replanning request. curr_vertex_idx: 89"", ""wall_time_utc"": ""2026-09-06T18:18:04.391018+00:00""}"
5075.000000000,LOCAL_REPLAN,"{""message"": ""Call local replanning..."", ""wall_time_utc"": ""2026-09-06T18:18:06.427786+00:00""}"
5075.000000000,REPLAN_REQUESTED,"{""message"": ""Replanning request. curr_vertex_idx: 89"", ""wall_time_utc"": ""2026-09-06T18:18:06.429496+00:00""}"
5077.500000000,LOCAL_REPLAN,"{""message"": ""Call local replanning..."", ""wall_time_utc"": ""2026-09-06T18:18:08.953125+00:00""}"
5077.500000000,REPLAN_REQUESTED,"{""message"": ""Replanning request. curr_vertex_idx: 89"", ""wall_time_utc"": ""2026-09-06T18:18:08.954897+00:00""}"
5078.400000000,LOCAL_REPLAN,"{""message"": ""Call local replanning..."", ""wall_time_utc"": ""2026-09-06T18:18:09.876121+00:00""}"
5078.400000000,REPLAN_REQUESTED,"{""message"": ""Replanning request. curr_vertex_idx: 89"", ""wall_time_utc"": ""2026-09-06T18:18:09.878129+00:00""}"
5081.400000000,LOCAL_REPLAN,"{""message"": ""Call local replanning..."", ""wall_time_utc"": ""2026-09-06T18:18:12.845216+00:00""}"
5081.400000000,REPLAN_REQUESTED,"{""message"": ""Replanning request. curr_vertex_idx: 89"", ""wall_time_utc"": ""2026-09-06T18:18:12.847216+00:00""}"
5082.900000000,LOCAL_REPLAN,"{""message"": ""Call local replanning..."", ""wall_time_utc"": ""2026-09-06T18:18:14.420255+00:00""}"
5082.900000000,REPLAN_REQUESTED,"{""message"": ""Replanning request. curr_vertex_idx: 89"", ""wall_time_utc"": ""2026-09-06T18:18:14.422724+00:00""}"
5085.100000000,LOCAL_REPLAN,"{""message"": ""Call local replanning..."", ""wall_time_utc"": ""2026-09-06T18:18:16.607091+00:00""}"
5085.100000000,REPLAN_REQUESTED,"{""message"": ""Replanning request. curr_vertex_idx: 89"", ""wall_time_utc"": ""2026-09-06T18:18:16.608888+00:00""}"
5087.000000000,LOCAL_REPLAN,"{""message"": ""Call local replanning..."", ""wall_time_utc"": ""2026-09-06T18:18:18.428535+00:00""}"
5087.000000000,REPLAN_REQUESTED,"{""message"": ""Replanning request. curr_vertex_idx: 89"", ""wall_time_utc"": ""2026-09-06T18:18:18.430445+00:00""}"
5088.400000000,LOCAL_REPLAN,"{""message"": ""Call local replanning..."", ""wall_time_utc"": ""2026-09-06T18:18:19.878658+00:00""}"
5088.400000000,REPLAN_REQUESTED,"{""message"": ""Replanning request. curr_vertex_idx: 89"", ""wall_time_utc"": ""2026-09-06T18:18:19.880765+00:00""}"
5091.500000000,LOCAL_REPLAN,"{""message"": ""Call local replanning..."", ""wall_time_utc"": ""2026-09-06T18:18:22.954575+00:00""}"
5091.500000000,REPLAN_REQUESTED,"{""message"": ""Replanning request. curr_vertex_idx: 89"", ""wall_time_utc"": ""2026-09-06T18:18:22.956523+00:00""}"
5093.500000000,LOCAL_REPLAN,"{""message"": ""Call local replanning..."", ""wall_time_utc"": ""2026-09-06T18:18:24.986231+00:00""}"
5093.500000000,REPLAN_REQUESTED,"{""message"": ""Replanning request. curr_vertex_idx: 89"", ""wall_time_utc"": ""2026-09-06T18:18:24.988254+00:00""}"
5095.400000000,LOCAL_REPLAN,"{""message"": ""Call local replanning..."", ""wall_time_utc"": ""2026-09-06T18:18:26.898417+00:00""}"
5095.400000000,REPLAN_REQUESTED,"{""message"": ""Replanning request. curr_vertex_idx: 89"", ""wall_time_utc"": ""2026-09-06T18:18:26.900319+00:00""}"
5097.900000000,LOCAL_REPLAN,"{""message"": ""Call local replanning..."", ""wall_time_utc"": ""2026-09-06T18:18:29.360972+00:00""}"
5097.900000000,REPLAN_REQUESTED,"{""message"": ""Replanning request. curr_vertex_idx: 89"", ""wall_time_utc"": ""2026-09-06T18:18:29.362861+00:00""}"
5099.000000000,LOCAL_REPLAN,"{""message"": ""Call local replanning..."", ""wall_time_utc"": ""2026-09-06T18:18:30.432198+00:00""}"
5099.000000000,REPLAN_REQUESTED,"{""message"": ""Replanning request. curr_vertex_idx: 89"", ""wall_time_utc"": ""2026-09-06T18:18:30.434308+00:00""}"
5100.900000000,LOCAL_REPLAN,"{""message"": ""Call local replanning..."", ""wall_time_utc"": ""2026-09-06T18:18:32.416100+00:00""}"
5100.900000000,REPLAN_REQUESTED,"{""message"": ""Replanning request. curr_vertex_idx: 89"", ""wall_time_utc"": ""2026-09-06T18:18:32.417925+00:00""}"
5103.000000000,LOCAL_REPLAN,"{""message"": ""Call local replanning..."", ""wall_time_utc"": ""2026-09-06T18:18:34.425342+00:00""}"
5103.000000000,REPLAN_REQUESTED,"{""message"": ""Replanning request. curr_vertex_idx: 89"", ""wall_time_utc"": ""2026-09-06T18:18:34.427014+00:00""}"
5105.000000000,LOCAL_REPLAN,"{""message"": ""Call local replanning..."", ""wall_time_utc"": ""2026-09-06T18:18:36.450698+00:00""}"
5105.000000000,REPLAN_REQUESTED,"{""message"": ""Replanning request. curr_vertex_idx: 89"", ""wall_time_utc"": ""2026-09-06T18:18:36.452461+00:00""}"
5107.000000000,LOCAL_REPLAN,"{""message"": ""Call local replanning..."", ""wall_time_utc"": ""2026-09-06T18:18:38.430056+00:00""}"
5107.000000000,REPLAN_REQUESTED,"{""message"": ""Replanning request. curr_vertex_idx: 89"", ""wall_time_utc"": ""2026-09-06T18:18:38.432535+00:00""}"
5109.000000000,LOCAL_REPLAN,"{""message"": ""Call local replanning..."", ""wall_time_utc"": ""2026-09-06T18:18:40.427954+00:00""}"
5109.000000000,REPLAN_REQUESTED,"{""message"": ""Replanning request. curr_vertex_idx: 89"", ""wall_time_utc"": ""2026-09-06T18:18:40.429927+00:00""}"
5111.000000000,LOCAL_REPLAN,"{""message"": ""Call local replanning..."", ""wall_time_utc"": ""2026-09-06T18:18:42.431410+00:00""}"
5111.000000000,REPLAN_REQUESTED,"{""message"": ""Replanning request. curr_vertex_idx: 89"", ""wall_time_utc"": ""2026-09-06T18:18:42.433169+00:00""}"
5113.500000000,LOCAL_REPLAN,"{""message"": ""Call local replanning..."", ""wall_time_utc"": ""2026-09-06T18:18:44.959894+00:00""}"
5113.500000000,REPLAN_REQUESTED,"{""message"": ""Replanning request. curr_vertex_idx: 89"", ""wall_time_utc"": ""2026-09-06T18:18:44.962150+00:00""}"
5115.600000000,LOCAL_REPLAN,"{""message"": ""Call local replanning..."", ""wall_time_utc"": ""2026-09-06T18:18:47.055954+00:00""}"
5115.600000000,REPLAN_REQUESTED,"{""message"": ""Replanning request. curr_vertex_idx: 89"", ""wall_time_utc"": ""2026-09-06T18:18:47.058327+00:00""}"
5116.900000000,LOCAL_REPLAN,"{""message"": ""Call local replanning..."", ""wall_time_utc"": ""2026-09-06T18:18:48.416581+00:00""}"
5116.900000000,REPLAN_REQUESTED,"{""message"": ""Replanning request. curr_vertex_idx: 89"", ""wall_time_utc"": ""2026-09-06T18:18:48.418364+00:00""}"
5119.200000000,LOCAL_REPLAN,"{""message"": ""Call local replanning..."", ""wall_time_utc"": ""2026-09-06T18:18:50.657347+00:00""}"
5119.200000000,REPLAN_REQUESTED,"{""message"": ""Replanning request. curr_vertex_idx: 89"", ""wall_time_utc"": ""2026-09-06T18:18:50.659596+00:00""}"
5121.100000000,LOCAL_REPLAN,"{""message"": ""Call local replanning..."", ""wall_time_utc"": ""2026-09-06T18:18:52.595487+00:00""}"
5121.100000000,REPLAN_REQUESTED,"{""message"": ""Replanning request. curr_vertex_idx: 89"", ""wall_time_utc"": ""2026-09-06T18:18:52.597958+00:00""}"
5123.400000000,LOCAL_REPLAN,"{""message"": ""Call local replanning..."", ""wall_time_utc"": ""2026-09-06T18:18:54.917723+00:00""}"
5123.400000000,REPLAN_REQUESTED,"{""message"": ""Replanning request. curr_vertex_idx: 89"", ""wall_time_utc"": ""2026-09-06T18:18:54.919976+00:00""}"
5125.100000000,LOCAL_REPLAN,"{""message"": ""Call local replanning..."", ""wall_time_utc"": ""2026-09-06T18:18:56.614281+00:00""}"
5125.100000000,REPLAN_REQUESTED,"{""message"": ""Replanning request. curr_vertex_idx: 89"", ""wall_time_utc"": ""2026-09-06T18:18:56.616627+00:00""}"
5127.600000000,LOCAL_REPLAN,"{""message"": ""Call local replanning..."", ""wall_time_utc"": ""2026-09-06T18:18:59.099718+00:00""}"
5127.600000000,REPLAN_REQUESTED,"{""message"": ""Replanning request. curr_vertex_idx: 89"", ""wall_time_utc"": ""2026-09-06T18:18:59.101996+00:00""}"
5129.100000000,LOCAL_REPLAN,"{""message"": ""Call local replanning..."", ""wall_time_utc"": ""2026-09-06T18:19:00.605855+00:00""}"
5129.100000000,REPLAN_REQUESTED,"{""message"": ""Replanning request. curr_vertex_idx: 89"", ""wall_time_utc"": ""2026-09-06T18:19:00.607784+00:00""}"
5131.600000000,LOCAL_REPLAN,"{""message"": ""Call local replanning..."", ""wall_time_utc"": ""2026-09-06T18:19:03.104636+00:00""}"
5131.600000000,REPLAN_REQUESTED,"{""message"": ""Replanning request. curr_vertex_idx: 89"", ""wall_time_utc"": ""2026-09-06T18:19:03.106968+00:00""}"
5133.600000000,LOCAL_REPLAN,"{""message"": ""Call local replanning..."", ""wall_time_utc"": ""2026-09-06T18:19:05.111985+00:00""}"
5133.600000000,REPLAN_REQUESTED,"{""message"": ""Replanning request. curr_vertex_idx: 89"", ""wall_time_utc"": ""2026-09-06T18:19:05.114486+00:00""}"
5135.700000000,LOCAL_REPLAN,"{""message"": ""Call local replanning..."", ""wall_time_utc"": ""2026-09-06T18:19:07.125913+00:00""}"
5135.700000000,REPLAN_REQUESTED,"{""message"": ""Replanning request. curr_vertex_idx: 89"", ""wall_time_utc"": ""2026-09-06T18:19:07.128167+00:00""}"
5138.200000000,LOCAL_REPLAN,"{""message"": ""Call local replanning..."", ""wall_time_utc"": ""2026-09-06T18:19:09.641442+00:00""}"
5138.200000000,REPLAN_REQUESTED,"{""message"": ""Replanning request. curr_vertex_idx: 89"", ""wall_time_utc"": ""2026-09-06T18:19:09.643437+00:00""}"
5140.300000000,LOCAL_REPLAN,"{""message"": ""Call local replanning..."", ""wall_time_utc"": ""2026-09-06T18:19:11.754591+00:00""}"
5140.300000000,REPLAN_REQUESTED,"{""message"": ""Replanning request. curr_vertex_idx: 89"", ""wall_time_utc"": ""2026-09-06T18:19:11.756526+00:00""}"
5142.300000000,LOCAL_REPLAN,"{""message"": ""Call local replanning..."", ""wall_time_utc"": ""2026-09-06T18:19:13.742176+00:00""}"
5142.300000000,REPLAN_REQUESTED,"{""message"": ""Replanning request. curr_vertex_idx: 89"", ""wall_time_utc"": ""2026-09-06T18:19:13.743849+00:00""}"
5146.100000000,LOCAL_REPLAN,"{""message"": ""Call local replanning..."", ""wall_time_utc"": ""2026-09-06T18:19:17.621080+00:00""}"
5146.100000000,REPLAN_REQUESTED,"{""message"": ""Replanning request. curr_vertex_idx: 89"", ""wall_time_utc"": ""2026-09-06T18:19:17.623064+00:00""}"
5149.700000000,LOCAL_REPLAN,"{""message"": ""Call local replanning..."", ""wall_time_utc"": ""2026-09-06T18:19:21.129456+00:00""}"
5149.700000000,REPLAN_REQUESTED,"{""message"": ""Replanning request. curr_vertex_idx: 89"", ""wall_time_utc"": ""2026-09-06T18:19:21.131446+00:00""}"
5152.000000000,LOCAL_REPLAN,"{""message"": ""Call local replanning..."", ""wall_time_utc"": ""2026-09-06T18:19:23.467349+00:00""}"
5152.000000000,REPLAN_REQUESTED,"{""message"": ""Replanning request. curr_vertex_idx: 89"", ""wall_time_utc"": ""2026-09-06T18:19:23.469738+00:00""}"
5153.600000000,LOCAL_REPLAN,"{""message"": ""Call local replanning..."", ""wall_time_utc"": ""2026-09-06T18:19:25.117957+00:00""}"
5153.600000000,REPLAN_REQUESTED,"{""message"": ""Replanning request. curr_vertex_idx: 89"", ""wall_time_utc"": ""2026-09-06T18:19:25.120105+00:00""}"
5155.700000000,LOCAL_REPLAN,"{""message"": ""Call local replanning..."", ""wall_time_utc"": ""2026-09-06T18:19:27.125474+00:00""}"
5155.700000000,REPLAN_REQUESTED,"{""message"": ""Replanning request. curr_vertex_idx: 89"", ""wall_time_utc"": ""2026-09-06T18:19:27.127217+00:00""}"
5158.200000000,LOCAL_REPLAN,"{""message"": ""Call local replanning..."", ""wall_time_utc"": ""2026-09-06T18:19:29.672444+00:00""}"
5158.200000000,REPLAN_REQUESTED,"{""message"": ""Replanning request. curr_vertex_idx: 89"", ""wall_time_utc"": ""2026-09-06T18:19:29.674563+00:00""}"
5160.300000000,LOCAL_REPLAN,"{""message"": ""Call local replanning..."", ""wall_time_utc"": ""2026-09-06T18:19:31.820981+00:00""}"
5160.300000000,REPLAN_REQUESTED,"{""message"": ""Replanning request. curr_vertex_idx: 89"", ""wall_time_utc"": ""2026-09-06T18:19:31.823278+00:00""}"
5162.300000000,LOCAL_REPLAN,"{""message"": ""Call local replanning..."", ""wall_time_utc"": ""2026-09-06T18:19:33.817835+00:00""}"
5162.300000000,REPLAN_REQUESTED,"{""message"": ""Replanning request. curr_vertex_idx: 89"", ""wall_time_utc"": ""2026-09-06T18:19:33.820275+00:00""}"
5164.400000000,LOCAL_REPLAN,"{""message"": ""Call local replanning..."", ""wall_time_utc"": ""2026-09-06T18:19:35.838988+00:00""}"
5164.400000000,REPLAN_REQUESTED,"{""message"": ""Replanning request. curr_vertex_idx: 89"", ""wall_time_utc"": ""2026-09-06T18:19:35.841039+00:00""}"
5165.800000000,LOCAL_REPLAN,"{""message"": ""Call local replanning..."", ""wall_time_utc"": ""2026-09-06T18:19:37.292924+00:00""}"
5165.800000000,REPLAN_REQUESTED,"{""message"": ""Replanning request. curr_vertex_idx: 89"", ""wall_time_utc"": ""2026-09-06T18:19:37.295067+00:00""}"
5167.700000000,LOCAL_REPLAN,"{""message"": ""Call local replanning..."", ""wall_time_utc"": ""2026-09-06T18:19:39.141763+00:00""}"
5167.700000000,REPLAN_REQUESTED,"{""message"": ""Replanning request. curr_vertex_idx: 89"", ""wall_time_utc"": ""2026-09-06T18:19:39.143995+00:00""}"
5169.700000000,LOCAL_REPLAN,"{""message"": ""Call local replanning..."", ""wall_time_utc"": ""2026-09-06T18:19:41.164944+00:00""}"
5169.700000000,REPLAN_REQUESTED,"{""message"": ""Replanning request. curr_vertex_idx: 89"", ""wall_time_utc"": ""2026-09-06T18:19:41.167226+00:00""}"
5171.200000000,LOCAL_REPLAN,"{""message"": ""Call local replanning..."", ""wall_time_utc"": ""2026-09-06T18:19:42.640380+00:00""}"
5171.200000000,REPLAN_REQUESTED,"{""message"": ""Replanning request. curr_vertex_idx: 89"", ""wall_time_utc"": ""2026-09-06T18:19:42.642105+00:00""}"
5173.700000000,LOCAL_REPLAN,"{""message"": ""Call local replanning..."", ""wall_time_utc"": ""2026-09-06T18:19:45.130977+00:00""}"
5173.700000000,REPLAN_REQUESTED,"{""message"": ""Replanning request. curr_vertex_idx: 89"", ""wall_time_utc"": ""2026-09-06T18:19:45.132880+00:00""}"
5175.700000000,LOCAL_REPLAN,"{""message"": ""Call local replanning..."", ""wall_time_utc"": ""2026-09-06T18:19:47.171846+00:00""}"
5175.700000000,REPLAN_REQUESTED,"{""message"": ""Replanning request. curr_vertex_idx: 89"", ""wall_time_utc"": ""2026-09-06T18:19:47.174032+00:00""}"
5178.500000000,LOCAL_REPLAN,"{""message"": ""Call local replanning..."", ""wall_time_utc"": ""2026-09-06T18:19:49.997623+00:00""}"
5178.500000000,REPLAN_REQUESTED,"{""message"": ""Replanning request. curr_vertex_idx: 89"", ""wall_time_utc"": ""2026-09-06T18:19:49.999386+00:00""}"
5179.100000000,LOCAL_REPLAN,"{""message"": ""Call local replanning..."", ""wall_time_utc"": ""2026-09-06T18:19:50.587002+00:00""}"
5179.100000000,REPLAN_REQUESTED,"{""message"": ""Replanning request. curr_vertex_idx: 89"", ""wall_time_utc"": ""2026-09-06T18:19:50.589044+00:00""}"
5182.200000000,LOCAL_REPLAN,"{""message"": ""Call local replanning..."", ""wall_time_utc"": ""2026-09-06T18:19:53.656414+00:00""}"
5182.200000000,REPLAN_REQUESTED,"{""message"": ""Replanning request. curr_vertex_idx: 89"", ""wall_time_utc"": ""2026-09-06T18:19:53.658823+00:00""}"
5184.200000000,LOCAL_REPLAN,"{""message"": ""Call local replanning..."", ""wall_time_utc"": ""2026-09-06T18:19:55.665308+00:00""}"
5184.200000000,REPLAN_REQUESTED,"{""message"": ""Replanning request. curr_vertex_idx: 89"", ""wall_time_utc"": ""2026-09-06T18:19:55.667396+00:00""}"
5186.200000000,LOCAL_REPLAN,"{""message"": ""Call local replanning..."", ""wall_time_utc"": ""2026-09-06T18:19:57.639653+00:00""}"
5186.200000000,REPLAN_REQUESTED,"{""message"": ""Replanning request. curr_vertex_idx: 89"", ""wall_time_utc"": ""2026-09-06T18:19:57.641803+00:00""}"
5188.700000000,LOCAL_REPLAN,"{""message"": ""Call local replanning..."", ""wall_time_utc"": ""2026-09-06T18:20:00.143028+00:00""}"
5188.700000000,REPLAN_REQUESTED,"{""message"": ""Replanning request. curr_vertex_idx: 89"", ""wall_time_utc"": ""2026-09-06T18:20:00.144987+00:00""}"
5190.100000000,LOCAL_REPLAN,"{""message"": ""Call local replanning..."", ""wall_time_utc"": ""2026-09-06T18:20:01.618537+00:00""}"
5190.100000000,REPLAN_REQUESTED,"{""message"": ""Replanning request. curr_vertex_idx: 89"", ""wall_time_utc"": ""2026-09-06T18:20:01.620593+00:00""}"
5192.700000000,LOCAL_REPLAN,"{""message"": ""Call local replanning..."", ""wall_time_utc"": ""2026-09-06T18:20:04.196897+00:00""}"
5192.700000000,REPLAN_REQUESTED,"{""message"": ""Replanning request. curr_vertex_idx: 89"", ""wall_time_utc"": ""2026-09-06T18:20:04.198805+00:00""}"
5195.500000000,LOCAL_REPLAN,"{""message"": ""Call local replanning..."", ""wall_time_utc"": ""2026-09-06T18:20:07.006735+00:00""}"
5195.500000000,REPLAN_REQUESTED,"{""message"": ""Replanning request. curr_vertex_idx: 89"", ""wall_time_utc"": ""2026-09-06T18:20:07.009070+00:00""}"
5197.200000000,LOCAL_REPLAN,"{""message"": ""Call local replanning..."", ""wall_time_utc"": ""2026-09-06T18:20:08.713855+00:00""}"
5197.200000000,REPLAN_REQUESTED,"{""message"": ""Replanning request. curr_vertex_idx: 89"", ""wall_time_utc"": ""2026-09-06T18:20:08.716006+00:00""}"
5199.700000000,LOCAL_REPLAN,"{""message"": ""Call local replanning..."", ""wall_time_utc"": ""2026-09-06T18:20:11.175695+00:00""}"
5199.700000000,REPLAN_REQUESTED,"{""message"": ""Replanning request. curr_vertex_idx: 89"", ""wall_time_utc"": ""2026-09-06T18:20:11.177872+00:00""}"
5201.300000000,LOCAL_REPLAN,"{""message"": ""Call local replanning..."", ""wall_time_utc"": ""2026-09-06T18:20:12.767323+00:00""}"
5201.300000000,REPLAN_REQUESTED,"{""message"": ""Replanning request. curr_vertex_idx: 89"", ""wall_time_utc"": ""2026-09-06T18:20:12.769180+00:00""}"
5203.700000000,LOCAL_REPLAN,"{""message"": ""Call local replanning..."", ""wall_time_utc"": ""2026-09-06T18:20:15.217909+00:00""}"
5203.700000000,REPLAN_REQUESTED,"{""message"": ""Replanning request. curr_vertex_idx: 89"", ""wall_time_utc"": ""2026-09-06T18:20:15.220187+00:00""}"
5205.200000000,LOCAL_REPLAN,"{""message"": ""Call local replanning..."", ""wall_time_utc"": ""2026-09-06T18:20:16.720458+00:00""}"
5205.200000000,REPLAN_REQUESTED,"{""message"": ""Replanning request. curr_vertex_idx: 89"", ""wall_time_utc"": ""2026-09-06T18:20:16.722540+00:00""}"
5208.000000000,LOCAL_REPLAN,"{""message"": ""Call local replanning..."", ""wall_time_utc"": ""2026-09-06T18:20:19.465894+00:00""}"
5208.000000000,REPLAN_REQUESTED,"{""message"": ""Replanning request. curr_vertex_idx: 89"", ""wall_time_utc"": ""2026-09-06T18:20:19.467786+00:00""}"
5211.500000000,LOCAL_REPLAN,"{""message"": ""Call local replanning..."", ""wall_time_utc"": ""2026-09-06T18:20:22.975443+00:00""}"
5211.500000000,REPLAN_REQUESTED,"{""message"": ""Replanning request. curr_vertex_idx: 89"", ""wall_time_utc"": ""2026-09-06T18:20:22.977655+00:00""}"
5214.100000000,LOCAL_REPLAN,"{""message"": ""Call local replanning..."", ""wall_time_utc"": ""2026-09-06T18:20:25.588731+00:00""}"
5214.100000000,REPLAN_REQUESTED,"{""message"": ""Replanning request. curr_vertex_idx: 89"", ""wall_time_utc"": ""2026-09-06T18:20:25.590686+00:00""}"
5215.800000000,LOCAL_REPLAN,"{""message"": ""Call local replanning..."", ""wall_time_utc"": ""2026-09-06T18:20:27.266049+00:00""}"
5215.800000000,REPLAN_REQUESTED,"{""message"": ""Replanning request. curr_vertex_idx: 89"", ""wall_time_utc"": ""2026-09-06T18:20:27.268413+00:00""}"
5217.700000000,LOCAL_REPLAN,"{""message"": ""Call local replanning..."", ""wall_time_utc"": ""2026-09-06T18:20:29.214757+00:00""}"
5217.700000000,REPLAN_REQUESTED,"{""message"": ""Replanning request. curr_vertex_idx: 89"", ""wall_time_utc"": ""2026-09-06T18:20:29.216482+00:00""}"
5219.600000000,LOCAL_REPLAN,"{""message"": ""Call local replanning..."", ""wall_time_utc"": ""2026-09-06T18:20:31.055130+00:00""}"
5219.600000000,REPLAN_REQUESTED,"{""message"": ""Replanning request. curr_vertex_idx: 89"", ""wall_time_utc"": ""2026-09-06T18:20:31.057232+00:00""}"
5221.600000000,LOCAL_REPLAN,"{""message"": ""Call local replanning..."", ""wall_time_utc"": ""2026-09-06T18:20:33.045116+00:00""}"
5221.600000000,REPLAN_REQUESTED,"{""message"": ""Replanning request. curr_vertex_idx: 89"", ""wall_time_utc"": ""2026-09-06T18:20:33.047208+00:00""}"
5224.300000000,LOCAL_REPLAN,"{""message"": ""Call local replanning..."", ""wall_time_utc"": ""2026-09-06T18:20:35.767406+00:00""}"
5224.300000000,REPLAN_REQUESTED,"{""message"": ""Replanning request. curr_vertex_idx: 89"", ""wall_time_utc"": ""2026-09-06T18:20:35.769821+00:00""}"
5225.600000000,LOCAL_REPLAN,"{""message"": ""Call local replanning..."", ""wall_time_utc"": ""2026-09-06T18:20:37.049041+00:00""}"
5225.600000000,REPLAN_REQUESTED,"{""message"": ""Replanning request. curr_vertex_idx: 89"", ""wall_time_utc"": ""2026-09-06T18:20:37.051212+00:00""}"
5227.700000000,LOCAL_REPLAN,"{""message"": ""Call local replanning..."", ""wall_time_utc"": ""2026-09-06T18:20:39.199692+00:00""}"
5227.700000000,REPLAN_REQUESTED,"{""message"": ""Replanning request. curr_vertex_idx: 89"", ""wall_time_utc"": ""2026-09-06T18:20:39.201723+00:00""}"
5229.600000000,LOCAL_REPLAN,"{""message"": ""Call local replanning..."", ""wall_time_utc"": ""2026-09-06T18:20:41.111502+00:00""}"
5229.600000000,REPLAN_REQUESTED,"{""message"": ""Replanning request. curr_vertex_idx: 89"", ""wall_time_utc"": ""2026-09-06T18:20:41.113753+00:00""}"
5232.100000000,LOCAL_REPLAN,"{""message"": ""Call local replanning..."", ""wall_time_utc"": ""2026-09-06T18:20:43.563598+00:00""}"
5232.100000000,REPLAN_REQUESTED,"{""message"": ""Replanning request. curr_vertex_idx: 89"", ""wall_time_utc"": ""2026-09-06T18:20:43.565816+00:00""}"
5234.100000000,LOCAL_REPLAN,"{""message"": ""Call local replanning..."", ""wall_time_utc"": ""2026-09-06T18:20:45.536208+00:00""}"
5234.100000000,REPLAN_REQUESTED,"{""message"": ""Replanning request. curr_vertex_idx: 89"", ""wall_time_utc"": ""2026-09-06T18:20:45.538324+00:00""}"
5236.100000000,LOCAL_REPLAN,"{""message"": ""Call local replanning..."", ""wall_time_utc"": ""2026-09-06T18:20:47.537505+00:00""}"
5236.100000000,REPLAN_REQUESTED,"{""message"": ""Replanning request. curr_vertex_idx: 89"", ""wall_time_utc"": ""2026-09-06T18:20:47.539304+00:00""}"
5238.600000000,LOCAL_REPLAN,"{""message"": ""Call local replanning..."", ""wall_time_utc"": ""2026-09-06T18:20:50.116128+00:00""}"
5238.600000000,REPLAN_REQUESTED,"{""message"": ""Replanning request. curr_vertex_idx: 89"", ""wall_time_utc"": ""2026-09-06T18:20:50.118363+00:00""}"
5242.200000000,LOCAL_REPLAN,"{""message"": ""Call local replanning..."", ""wall_time_utc"": ""2026-09-06T18:20:53.639600+00:00""}"
5242.200000000,REPLAN_REQUESTED,"{""message"": ""Replanning request. curr_vertex_idx: 89"", ""wall_time_utc"": ""2026-09-06T18:20:53.641746+00:00""}"
5244.700000000,LOCAL_REPLAN,"{""message"": ""Call local replanning..."", ""wall_time_utc"": ""2026-09-06T18:20:56.169748+00:00""}"
5244.700000000,REPLAN_REQUESTED,"{""message"": ""Replanning request. curr_vertex_idx: 89"", ""wall_time_utc"": ""2026-09-06T18:20:56.171670+00:00""}"
5246.800000000,LOCAL_REPLAN,"{""message"": ""Call local replanning..."", ""wall_time_utc"": ""2026-09-06T18:20:58.288917+00:00""}"
5246.800000000,REPLAN_REQUESTED,"{""message"": ""Replanning request. curr_vertex_idx: 89"", ""wall_time_utc"": ""2026-09-06T18:20:58.291106+00:00""}"
5249.500000000,LOCAL_REPLAN,"{""message"": ""Call local replanning..."", ""wall_time_utc"": ""2026-09-06T18:21:00.983564+00:00""}"
5249.500000000,REPLAN_REQUESTED,"{""message"": ""Replanning request. curr_vertex_idx: 89"", ""wall_time_utc"": ""2026-09-06T18:21:00.985798+00:00""}"
5251.600000000,LOCAL_REPLAN,"{""message"": ""Call local replanning..."", ""wall_time_utc"": ""2026-09-06T18:21:03.118527+00:00""}"
5251.600000000,REPLAN_REQUESTED,"{""message"": ""Replanning request. curr_vertex_idx: 89"", ""wall_time_utc"": ""2026-09-06T18:21:03.120977+00:00""}"
5253.600000000,LOCAL_REPLAN,"{""message"": ""Call local replanning..."", ""wall_time_utc"": ""2026-09-06T18:21:05.055954+00:00""}"
5253.600000000,REPLAN_REQUESTED,"{""message"": ""Replanning request. curr_vertex_idx: 89"", ""wall_time_utc"": ""2026-09-06T18:21:05.058042+00:00""}"
5256.100000000,LOCAL_REPLAN,"{""message"": ""Call local replanning..."", ""wall_time_utc"": ""2026-09-06T18:21:07.590559+00:00""}"
5256.100000000,REPLAN_REQUESTED,"{""message"": ""Replanning request. curr_vertex_idx: 89"", ""wall_time_utc"": ""2026-09-06T18:21:07.592746+00:00""}"
5257.700000000,LOCAL_REPLAN,"{""message"": ""Call local replanning..."", ""wall_time_utc"": ""2026-09-06T18:21:09.212223+00:00""}"
5257.700000000,REPLAN_REQUESTED,"{""message"": ""Replanning request. curr_vertex_idx: 89"", ""wall_time_utc"": ""2026-09-06T18:21:09.214324+00:00""}"
5260.300000000,LOCAL_REPLAN,"{""message"": ""Call local replanning..."", ""wall_time_utc"": ""2026-09-06T18:21:11.728420+00:00""}"
5260.300000000,REPLAN_REQUESTED,"{""message"": ""Replanning request. curr_vertex_idx: 89"", ""wall_time_utc"": ""2026-09-06T18:21:11.730278+00:00""}"
5262.000000000,LOCAL_REPLAN,"{""message"": ""Call local replanning..."", ""wall_time_utc"": ""2026-09-06T18:21:13.517409+00:00""}"
5262.000000000,REPLAN_REQUESTED,"{""message"": ""Replanning request. curr_vertex_idx: 89"", ""wall_time_utc"": ""2026-09-06T18:21:13.519399+00:00""}"
5267.800000000,LOCAL_REPLAN,"{""message"": ""Call local replanning..."", ""wall_time_utc"": ""2026-09-06T18:21:19.230090+00:00""}"
5267.800000000,REPLAN_REQUESTED,"{""message"": ""Replanning request. curr_vertex_idx: 89"", ""wall_time_utc"": ""2026-09-06T18:21:19.231706+00:00""}"
5273.500000000,LOCAL_REPLAN,"{""message"": ""Call local replanning..."", ""wall_time_utc"": ""2026-09-06T18:21:25.018363+00:00""}"
5273.500000000,REPLAN_REQUESTED,"{""message"": ""Replanning request. curr_vertex_idx: 89"", ""wall_time_utc"": ""2026-09-06T18:21:25.019995+00:00""}"
5279.600000000,LOCAL_REPLAN,"{""message"": ""Call local replanning..."", ""wall_time_utc"": ""2026-09-06T18:21:31.099687+00:00""}"
5279.600000000,REPLAN_REQUESTED,"{""message"": ""Replanning request. curr_vertex_idx: 89"", ""wall_time_utc"": ""2026-09-06T18:21:31.101920+00:00""}"
5285.600000000,LOCAL_REPLAN,"{""message"": ""Call local replanning..."", ""wall_time_utc"": ""2026-09-06T18:21:37.056586+00:00""}"
5285.600000000,REPLAN_REQUESTED,"{""message"": ""Replanning request. curr_vertex_idx: 89"", ""wall_time_utc"": ""2026-09-06T18:21:37.058735+00:00""}"
5291.800000000,LOCAL_REPLAN,"{""message"": ""Call local replanning..."", ""wall_time_utc"": ""2026-09-06T18:21:43.262019+00:00""}"
5291.800000000,REPLAN_REQUESTED,"{""message"": ""Replanning request. curr_vertex_idx: 89"", ""wall_time_utc"": ""2026-09-06T18:21:43.264367+00:00""}"
5293.700000000,LOCAL_REPLAN,"{""message"": ""Call local replanning..."", ""wall_time_utc"": ""2026-09-06T18:21:45.138972+00:00""}"
5293.700000000,REPLAN_REQUESTED,"{""message"": ""Replanning request. curr_vertex_idx: 89"", ""wall_time_utc"": ""2026-09-06T18:21:45.140830+00:00""}"
5295.800000000,LOCAL_REPLAN,"{""message"": ""Call local replanning..."", ""wall_time_utc"": ""2026-09-06T18:21:47.226156+00:00""}"
5295.800000000,REPLAN_REQUESTED,"{""message"": ""Replanning request. curr_vertex_idx: 89"", ""wall_time_utc"": ""2026-09-06T18:21:47.228399+00:00""}"
5302.100000000,LOCAL_REPLAN,"{""message"": ""Call local replanning..."", ""wall_time_utc"": ""2026-09-06T18:21:53.609799+00:00""}"
5302.100000000,REPLAN_REQUESTED,"{""message"": ""Replanning request. curr_vertex_idx: 89"", ""wall_time_utc"": ""2026-09-06T18:21:53.611727+00:00""}"
5304.100000000,LOCAL_REPLAN,"{""message"": ""Call local replanning..."", ""wall_time_utc"": ""2026-09-06T18:21:55.600989+00:00""}"
5304.100000000,REPLAN_REQUESTED,"{""message"": ""Replanning request. curr_vertex_idx: 89"", ""wall_time_utc"": ""2026-09-06T18:21:55.603222+00:00""}"
5306.400000000,LOCAL_REPLAN,"{""message"": ""Call local replanning..."", ""wall_time_utc"": ""2026-09-06T18:21:57.915507+00:00""}"
5306.400000000,REPLAN_REQUESTED,"{""message"": ""Replanning request. curr_vertex_idx: 89"", ""wall_time_utc"": ""2026-09-06T18:21:57.917669+00:00""}"
5308.700000000,LOCAL_REPLAN,"{""message"": ""Call local replanning..."", ""wall_time_utc"": ""2026-09-06T18:22:00.131938+00:00""}"
5308.700000000,REPLAN_REQUESTED,"{""message"": ""Replanning request. curr_vertex_idx: 89"", ""wall_time_utc"": ""2026-09-06T18:22:00.133987+00:00""}"
5313.700000000,LOCAL_REPLAN,"{""message"": ""Call local replanning..."", ""wall_time_utc"": ""2026-09-06T18:22:05.151343+00:00""}"
5313.700000000,REPLAN_REQUESTED,"{""message"": ""Replanning request. curr_vertex_idx: 89"", ""wall_time_utc"": ""2026-09-06T18:22:05.153622+00:00""}"
5315.700000000,LOCAL_REPLAN,"{""message"": ""Call local replanning..."", ""wall_time_utc"": ""2026-09-06T18:22:07.151721+00:00""}"
5315.700000000,REPLAN_REQUESTED,"{""message"": ""Replanning request. curr_vertex_idx: 89"", ""wall_time_utc"": ""2026-09-06T18:22:07.153853+00:00""}"
5317.800000000,LOCAL_REPLAN,"{""message"": ""Call local replanning..."", ""wall_time_utc"": ""2026-09-06T18:22:09.224801+00:00""}"
5317.800000000,REPLAN_REQUESTED,"{""message"": ""Replanning request. curr_vertex_idx: 89"", ""wall_time_utc"": ""2026-09-06T18:22:09.226884+00:00""}"
5319.800000000,LOCAL_REPLAN,"{""message"": ""Call local replanning..."", ""wall_time_utc"": ""2026-09-06T18:22:11.245772+00:00""}"
5319.800000000,REPLAN_REQUESTED,"{""message"": ""Replanning request. curr_vertex_idx: 89"", ""wall_time_utc"": ""2026-09-06T18:22:11.248480+00:00""}"
5321.800000000,LOCAL_REPLAN,"{""message"": ""Call local replanning..."", ""wall_time_utc"": ""2026-09-06T18:22:13.309666+00:00""}"
5321.800000000,REPLAN_REQUESTED,"{""message"": ""Replanning request. curr_vertex_idx: 89"", ""wall_time_utc"": ""2026-09-06T18:22:13.311749+00:00""}"
5323.700000000,LOCAL_REPLAN,"{""message"": ""Call local replanning..."", ""wall_time_utc"": ""2026-09-06T18:22:15.178665+00:00""}"
5323.700000000,REPLAN_REQUESTED,"{""message"": ""Replanning request. curr_vertex_idx: 89"", ""wall_time_utc"": ""2026-09-06T18:22:15.180758+00:00""}"
5326.200000000,LOCAL_REPLAN,"{""message"": ""Call local replanning..."", ""wall_time_utc"": ""2026-09-06T18:22:17.678723+00:00""}"
5326.200000000,REPLAN_REQUESTED,"{""message"": ""Replanning request. curr_vertex_idx: 89"", ""wall_time_utc"": ""2026-09-06T18:22:17.680673+00:00""}"
5328.200000000,LOCAL_REPLAN,"{""message"": ""Call local replanning..."", ""wall_time_utc"": ""2026-09-06T18:22:19.688258+00:00""}"
5328.200000000,REPLAN_REQUESTED,"{""message"": ""Replanning request. curr_vertex_idx: 89"", ""wall_time_utc"": ""2026-09-06T18:22:19.690466+00:00""}"
5330.200000000,LOCAL_REPLAN,"{""message"": ""Call local replanning..."", ""wall_time_utc"": ""2026-09-06T18:22:21.720867+00:00""}"
5330.200000000,REPLAN_REQUESTED,"{""message"": ""Replanning request. curr_vertex_idx: 89"", ""wall_time_utc"": ""2026-09-06T18:22:21.723106+00:00""}"
5333.200000000,LOCAL_REPLAN,"{""message"": ""Call local replanning..."", ""wall_time_utc"": ""2026-09-06T18:22:24.646050+00:00""}"
5333.200000000,REPLAN_REQUESTED,"{""message"": ""Replanning request. curr_vertex_idx: 89"", ""wall_time_utc"": ""2026-09-06T18:22:24.648236+00:00""}"
5335.700000000,LOCAL_REPLAN,"{""message"": ""Call local replanning..."", ""wall_time_utc"": ""2026-09-06T18:22:27.187874+00:00""}"
5335.700000000,REPLAN_REQUESTED,"{""message"": ""Replanning request. curr_vertex_idx: 89"", ""wall_time_utc"": ""2026-09-06T18:22:27.189664+00:00""}"
5337.700000000,LOCAL_REPLAN,"{""message"": ""Call local replanning..."", ""wall_time_utc"": ""2026-09-06T18:22:29.212385+00:00""}"
5337.700000000,REPLAN_REQUESTED,"{""message"": ""Replanning request. curr_vertex_idx: 89"", ""wall_time_utc"": ""2026-09-06T18:22:29.214339+00:00""}"
5339.500000000,LOCAL_REPLAN,"{""message"": ""Call local replanning..."", ""wall_time_utc"": ""2026-09-06T18:22:30.992078+00:00""}"
5339.500000000,REPLAN_REQUESTED,"{""message"": ""Replanning request. curr_vertex_idx: 89"", ""wall_time_utc"": ""2026-09-06T18:22:30.994762+00:00""}"
5341.700000000,LOCAL_REPLAN,"{""message"": ""Call local replanning..."", ""wall_time_utc"": ""2026-09-06T18:22:33.218577+00:00""}"
5341.700000000,REPLAN_REQUESTED,"{""message"": ""Replanning request. curr_vertex_idx: 89"", ""wall_time_utc"": ""2026-09-06T18:22:33.220555+00:00""}"
5343.800000000,LOCAL_REPLAN,"{""message"": ""Call local replanning..."", ""wall_time_utc"": ""2026-09-06T18:22:35.239177+00:00""}"
5343.800000000,REPLAN_REQUESTED,"{""message"": ""Replanning request. curr_vertex_idx: 89"", ""wall_time_utc"": ""2026-09-06T18:22:35.240924+00:00""}"
5345.700000000,LOCAL_REPLAN,"{""message"": ""Call local replanning..."", ""wall_time_utc"": ""2026-09-06T18:22:37.182823+00:00""}"
5345.700000000,REPLAN_REQUESTED,"{""message"": ""Replanning request. curr_vertex_idx: 89"", ""wall_time_utc"": ""2026-09-06T18:22:37.185074+00:00""}"
5348.100000000,LOCAL_REPLAN,"{""message"": ""Call local replanning..."", ""wall_time_utc"": ""2026-09-06T18:22:39.565281+00:00""}"
5348.100000000,REPLAN_REQUESTED,"{""message"": ""Replanning request. curr_vertex_idx: 89"", ""wall_time_utc"": ""2026-09-06T18:22:39.567312+00:00""}"
5349.800000000,LOCAL_REPLAN,"{""message"": ""Call local replanning..."", ""wall_time_utc"": ""2026-09-06T18:22:41.241055+00:00""}"
5349.800000000,REPLAN_REQUESTED,"{""message"": ""Replanning request. curr_vertex_idx: 89"", ""wall_time_utc"": ""2026-09-06T18:22:41.243270+00:00""}"
5352.100000000,LOCAL_REPLAN,"{""message"": ""Call local replanning..."", ""wall_time_utc"": ""2026-09-06T18:22:43.561702+00:00""}"
5352.100000000,REPLAN_REQUESTED,"{""message"": ""Replanning request. curr_vertex_idx: 89"", ""wall_time_utc"": ""2026-09-06T18:22:43.563764+00:00""}"
5354.200000000,LOCAL_REPLAN,"{""message"": ""Call local replanning..."", ""wall_time_utc"": ""2026-09-06T18:22:45.678289+00:00""}"
5354.200000000,REPLAN_REQUESTED,"{""message"": ""Replanning request. curr_vertex_idx: 89"", ""wall_time_utc"": ""2026-09-06T18:22:45.680272+00:00""}"
5356.300000000,LOCAL_REPLAN,"{""message"": ""Call local replanning..."", ""wall_time_utc"": ""2026-09-06T18:22:47.749202+00:00""}"
5356.300000000,REPLAN_REQUESTED,"{""message"": ""Replanning request. curr_vertex_idx: 89"", ""wall_time_utc"": ""2026-09-06T18:22:47.751253+00:00""}"
5358.800000000,LOCAL_REPLAN,"{""message"": ""Call local replanning..."", ""wall_time_utc"": ""2026-09-06T18:22:50.282211+00:00""}"
5358.800000000,REPLAN_REQUESTED,"{""message"": ""Replanning request. curr_vertex_idx: 89"", ""wall_time_utc"": ""2026-09-06T18:22:50.284531+00:00""}"
5360.400000000,LOCAL_REPLAN,"{""message"": ""Call local replanning..."", ""wall_time_utc"": ""2026-09-06T18:22:51.868815+00:00""}"
5360.400000000,REPLAN_REQUESTED,"{""message"": ""Replanning request. curr_vertex_idx: 89"", ""wall_time_utc"": ""2026-09-06T18:22:51.870657+00:00""}"
5366.400000000,LOCAL_REPLAN,"{""message"": ""Call local replanning..."", ""wall_time_utc"": ""2026-09-06T18:22:57.884022+00:00""}"
5366.400000000,REPLAN_REQUESTED,"{""message"": ""Replanning request. curr_vertex_idx: 89"", ""wall_time_utc"": ""2026-09-06T18:22:57.886147+00:00""}"
5372.500000000,LOCAL_REPLAN,"{""message"": ""Call local replanning..."", ""wall_time_utc"": ""2026-09-06T18:23:04.001962+00:00""}"
5372.500000000,REPLAN_REQUESTED,"{""message"": ""Replanning request. curr_vertex_idx: 89"", ""wall_time_utc"": ""2026-09-06T18:23:04.003896+00:00""}"
5372.600000000,GOAL_FAILED,"{""message"": ""No way between robot and goal!"", ""wall_time_utc"": ""2026-09-06T18:23:04.059211+00:00""}"
5372.600000000,EXPLORATION_RESULT,"{""status"": 4, ""text"": """", ""wall_time_utc"": ""2026-09-06T18:23:04.059427+00:00""}"
5372.600000000,GOAL_FAILED,"{""message"": ""Exploration has failed!"", ""wall_time_utc"": ""2026-09-06T18:23:04.059520+00:00""}"
