timestamp,x,y,yaw,exploration_active,loop_id
0.100000000,-28.0,-28.0,0.0,0,
0.200000000,-28.0,-28.0,0.0,0,
0.300000000,-28.0,-28.0,0.0,0,
0.400000000,-28.0,-28.0,0.0,0,
0.500000000,-28.0,-28.0,0.0,0,
0.600000000,-28.0,-28.0,0.0,0,
0.700000000,-28.0,-28.0,0.0,0,
0.800000000,-28.0,-28.0,0.0,0,
0.900000000,-28.0,-28.0,0.0,0,
1.000000000,-28.0,-28.0,0.0,0,
1.100000000,-28.0,-28.0,0.0,0,
1.200000000,-28.0,-28.0,0.0,0,
1.300000000,-28.0,-28.0,0.0,0,
1.400000000,-28.0,-28.0,0.0,0,
1.500000000,-28.0,-28.0,0.0,0,
1.600000000,-28.0,-28.0,0.0,0,
1.700000000,-28.0,-28.0,0.0,0,
1.800000000,-28.0,-28.0,0.0,0,
1.900000000,-28.0,-28.0,0.0,0,
2.000000000,-28.0,-28.0,0.0,0,
2.100000000,-28.0,-28.0,0.0,0,
2.200000000,-28.0,-28.0,0.0,0,
2.300000000,-28.0,-28.0,0.0,0,
2.400000000,-28.0,-28.0,0.0,0,
2.500000000,-28.0,-28.0,0.0,0,
2.600000000,-28.0,-28.0,0.0,0,
2.700000000,-28.0,-28.0,0.0,0,
2.800000000,-28.0,-28.0,0.0,0,
2.900000000,-28.0,-28.0,0.0,0,
3.000000000,-28.0,-28.0,0.0,0,
3.100000000,-28.0,-28.0,0.0,0,
3.200000000,-28.0,-28.0,0.0,0,
3.300000000,-28.0,-28.0,0.0,0,
3.400000000,-28.0,-28.0,0.0,0,
3.500000000,-28.0,-28.0,0.0,0,
3.600000000,-28.0,-28.0,0.0,0,
3.700000000,-28.0,-28.0,0.0,0,
3.800000000,-28.0,-28.0,0.0,0,
3.900000000,-28.0,-28.0,0.0,0,
4.000000000,-28.0,-28.0,0.0,0,
4.100000000,-28.0,-28.0,0.0,0,
4.200000000,-27.98,-28.0,-2.3652108225094563e-17,0,
4.300000000,-27.96,-28.0,-4.7304216450189126e-17,0,
4.400000000,-27.94,-28.0,-7.09563246752837e-17,0,
4.500000000,-27.921666666666667,-28.0,-9.263742388162038e-17,0,
4.600000000,-27.901666666666667,-28.0,-1.1628953210671495e-16,0,
4.700000000,-27.881666666666668,-28.0,-1.399416403318095e-16,0,
4.800000000,-27.861666666666668,-28.0,-1.6359374855690406e-16,0,
4.900000000,-27.84,-28.0,-1.892168658007565e-16,0,
5.000000000,-27.82,-28.0,-2.1286897402585106e-16,0,
5.100000000,-27.8,-28.0,-2.365210822509456e-16,0,
5.200000000,-27.781666666666666,-28.0,-2.582021814572823e-16,0,
5.300000000,-27.761666666666667,-28.0,-2.818542896823769e-16,0,
5.400000000,-27.743333333333332,-28.0,-3.035353888887136e-16,0,
5.500000000,-27.723333333333333,-28.0,-3.2718749711380817e-16,0,
5.600000000,-27.703333333333333,-28.0,-3.5083960533890275e-16,0,
5.700000000,-27.683333333333334,-28.0,-3.7449171356399733e-16,0,
5.800000000,-27.661666666666665,-28.0,-4.001148308078498e-16,0,
5.900000000,-27.641666666666666,-28.0,-4.237669390329444e-16,0,
6.000000000,-27.618333333333332,-28.0,-4.513610652955547e-16,0,
6.100000000,-27.596666666666664,-28.0,-4.769841825394072e-16,0,
6.200000000,-27.574999999999996,-28.0,-5.026072997832597e-16,0,
6.300000000,-27.553333333333327,-28.0,-5.282304170271121e-16,0,
6.400000000,-27.53166666666666,-28.0,-5.538535342709646e-16,0,
6.500000000,-27.508333333333326,-28.0,-5.814476605335749e-16,0,
6.600000000,-27.486666666666657,-28.0,-6.070707777774274e-16,0,
6.700000000,-27.46499999999999,-28.0,-6.326938950212798e-16,0,
6.800000000,-27.44499999999999,-28.0,-6.563460032463744e-16,0,
6.900000000,-27.42499999999999,-28.0,-6.799981114714689e-16,0,
7.000000000,-27.406666666666656,-28.0,-7.016792106778056e-16,0,
7.100000000,-27.386666666666656,-28.0,-7.253313189029001e-16,0,
7.200000000,-27.366666666666656,-28.0,-7.489834271279947e-16,0,
7.300000000,-27.346666666666657,-28.0,-7.726355353530892e-16,0,
7.400000000,-27.326666666666657,-28.0,-7.962876435781837e-16,0,
7.500000000,-27.306666666666658,-28.0,-8.199397518032783e-16,0,
7.600000000,-27.286666666666658,-28.0,-8.435918600283728e-16,0,
7.700000000,-27.26499999999999,-28.0,-8.692149772722253e-16,0,
7.800000000,-27.24499999999999,-28.0,-8.928670854973198e-16,0,
7.900000000,-27.223333333333322,-28.0,-9.184902027411722e-16,0,
8.000000000,-27.203333333333322,-28.0,-9.421423109662668e-16,0,
8.100000000,-27.183333333333323,-28.0,-9.657944191913614e-16,0,
8.200000000,-27.16499999999999,-28.0,-9.874755183976981e-16,0,
8.300000000,-27.16499999999999,-28.0,-0.10000000000000099,0,
8.400000000,-27.16499999999999,-28.0,-0.20000000000000104,0,
8.500000000,-27.16499999999999,-28.0,-0.30000000000000104,0,
8.600000000,-27.16499999999999,-28.0,-0.40000000000000097,0,
8.700000000,-27.16499999999999,-28.0,-0.5000000000000011,0,
8.800000000,-27.16499999999999,-28.0,-0.600000000000001,0,
8.900000000,-27.16499999999999,-28.0,-0.7000000000000011,0,
9.000000000,-27.16499999999999,-28.0,-0.8000000000000012,0,
9.100000000,-27.16499999999999,-28.0,-0.900000000000001,0,
9.200000000,-27.16499999999999,-28.0,-1.000000000000001,0,
9.300000000,-27.16499999999999,-28.0,-1.1000000000000012,0,
9.400000000,-27.16499999999999,-28.0,-1.200000000000001,0,
9.500000000,-27.16499999999999,-28.0,-1.3000000000000012,0,
9.600000000,-27.16499999999999,-28.0,-1.4000000000000012,0,
9.700000000,-27.16499999999999,-28.0,-1.5000000000000016,0,
9.800000000,-27.16499999999999,-28.0,-1.6000000000000014,0,
9.900000000,-27.16499999999999,-28.0,-1.7000000000000017,0,
10.000000000,-27.16499999999999,-28.0,-1.8000000000000016,0,
10.100000000,-27.16499999999999,-28.0,-1.9000000000000028,0,
10.200000000,-27.16499999999999,-28.0,-2.0000000000000018,0,
10.300000000,-27.16499999999999,-28.0,-2.100000000000002,0,
10.400000000,-27.16499999999999,-28.0,-2.200000000000002,0,
10.500000000,-27.16499999999999,-28.0,-2.300000000000002,0,
10.600000000,-27.16499999999999,-28.0,-2.400000000000002,0,
10.700000000,-27.16499999999999,-28.0,-2.500000000000002,0,
10.800000000,-27.16499999999999,-28.0,-2.6000000000000023,0,
10.900000000,-27.16499999999999,-28.0,-2.7000000000000024,0,
11.000000000,-27.16499999999999,-28.0,-2.8000000000000025,0,
11.100000000,-27.16499999999999,-28.0,-2.9000000000000026,0,
11.200000000,-27.16499999999999,-28.0,-3.0000000000000027,0,
11.300000000,-27.16499999999999,-28.0,-3.1000000000000028,0,
11.400000000,-27.16499999999999,-28.0,3.0831853071795834,0,
11.500000000,-27.16499999999999,-28.0,2.9831853071795833,0,
11.600000000,-27.16499999999999,-28.0,2.883185307179583,0,
11.700000000,-27.16499999999999,-28.0,2.783185307179583,0,
11.800000000,-27.16499999999999,-28.0,2.683185307179583,0,
11.900000000,-27.16499999999999,-28.0,2.583185307179583,0,
12.000000000,-27.16499999999999,-28.0,2.483185307179583,0,
12.100000000,-27.16499999999999,-28.0,2.3831853071795828,0,
12.200000000,-27.16499999999999,-28.0,2.2831853071795827,0,
12.300000000,-27.16499999999999,-28.0,2.1831853071795826,0,
12.400000000,-27.16499999999999,-28.0,2.0831853071795825,0,
12.500000000,-27.16499999999999,-28.0,1.9831853071795822,0,
12.600000000,-27.16499999999999,-28.0,1.8831853071795823,0,
12.700000000,-27.16499999999999,-28.0,1.7831853071795831,0,
12.800000000,-27.16499999999999,-28.0,1.683185307179582,0,
12.900000000,-27.16499999999999,-28.0,1.5831853071795823,0,
13.000000000,-27.16499999999999,-28.0,1.483185307179582,0,
13.100000000,-27.16499999999999,-28.0,1.3831853071795819,0,
13.200000000,-27.16499999999999,-28.0,1.2831853071795822,0,
13.300000000,-27.16499999999999,-28.0,1.1831853071795817,0,
13.400000000,-27.16499999999999,-28.0,1.0831853071795816,0,
13.500000000,-27.16499999999999,-28.0,0.9831853071795814,0,
13.600000000,-27.16499999999999,-28.0,0.8831853071795818,0,
13.700000000,-27.16499999999999,-28.0,0.7831853071795818,0,
13.800000000,-27.16499999999999,-28.0,0.6831853071795817,0,
13.900000000,-27.16499999999999,-28.0,0.5831853071795817,0,
14.000000000,-27.16499999999999,-28.0,0.48318530717958175,0,
14.100000000,-27.16499999999999,-28.0,0.3831853071795819,0,
14.200000000,-27.16499999999999,-28.0,0.28318530717958185,0,
14.300000000,-27.16499999999999,-28.0,0.18318530717958173,0,
14.400000000,-27.16499999999999,-28.0,0.08318530717958178,0,
14.500000000,-27.16499999999999,-28.0,-0.01681469282041822,0,
14.600000000,-27.16499999999999,-28.0,-0.11681469282041824,0,
14.700000000,-27.16499999999999,-28.0,-0.21681469282041824,0,
14.800000000,-27.16499999999999,-28.0,-0.31681469282041835,0,
14.900000000,-27.16499999999999,-28.0,-0.4168146928204183,0,
15.000000000,-27.16499999999999,-28.0,-0.5168146928204183,0,
15.100000000,-27.16499999999999,-28.0,-0.5168146928204183,0,
15.200000000,-27.16499999999999,-28.0,-0.5168146928204183,0,
15.300000000,-27.16499999999999,-28.0,-0.5168146928204183,0,
15.400000000,-27.16499999999999,-28.0,-0.5168146928204183,0,
15.500000000,-27.16499999999999,-28.0,-0.5168146928204183,0,
15.600000000,-27.16499999999999,-28.0,-0.5168146928204183,0,
15.700000000,-27.16499999999999,-28.0,-0.5168146928204183,0,
15.800000000,-27.16499999999999,-28.0,-0.5168146928204183,0,
15.900000000,-27.16499999999999,-28.0,-0.5168146928204183,0,
16.000000000,-27.16499999999999,-28.0,-0.5168146928204183,0,
16.100000000,-27.16499999999999,-28.0,-0.5168146928204183,0,
16.200000000,-27.16499999999999,-28.0,-0.5168146928204183,0,
16.300000000,-27.16499999999999,-28.0,-0.5168146928204183,0,
16.400000000,-27.16499999999999,-28.0,-0.5168146928204183,0,
16.500000000,-27.16499999999999,-28.0,-0.5168146928204183,0,
16.600000000,-27.16499999999999,-28.0,-0.5168146928204183,0,
16.700000000,-27.16499999999999,-28.0,-0.5168146928204183,0,
16.800000000,-27.16499999999999,-28.0,-0.5168146928204183,0,
16.900000000,-27.16499999999999,-28.0,-0.5168146928204183,0,
17.000000000,-27.16499999999999,-28.0,-0.5168146928204183,0,
17.100000000,-27.16499999999999,-28.0,-0.5168146928204183,0,
17.200000000,-27.16499999999999,-28.0,-0.5168146928204183,0,
17.300000000,-27.16499999999999,-28.0,-0.5168146928204183,1,
17.400000000,-27.16499999999999,-28.0,-0.5168146928204183,1,
17.500000000,-27.09979518822375,-28.037058501335395,-0.4922909653177487,1,
17.600000000,-27.054263816471504,-28.06147854701109,-0.45475293476081396,1,
17.700000000,-27.01645972572064,-28.07996212358235,-0.39683371279978463,1,
17.800000000,-26.993841752053452,-28.08944054556916,-0.32135744041549846,1,
17.900000000,-26.990950854204147,-28.09040291562613,-0.22440431529013144,1,
18.000000000,-26.990950854204147,-28.09040291562613,-0.12440431529013143,1,
18.100000000,-26.990950854204147,-28.09040291562613,-0.024404315290131432,1,
18.200000000,-26.990950854204147,-28.09040291562613,0.07559568470986858,1,
18.300000000,-26.990950854204147,-28.09040291562613,0.1755956847098686,1,
18.400000000,-26.990950854204147,-28.09040291562613,0.2755956847098685,1,
18.500000000,-26.990950854204147,-28.09040291562613,0.3755956847098686,1,
18.600000000,-26.990950854204147,-28.09040291562613,0.47559568470986857,1,
18.700000000,-26.990950854204147,-28.09040291562613,0.5755956847098687,1,
18.800000000,-26.990950854204147,-28.09040291562613,0.6755956847098685,1,
18.900000000,-26.990950854204147,-28.09040291562613,0.7755956847098684,1,
19.000000000,-26.990950854204147,-28.09040291562613,0.8755956847098687,1,
19.100000000,-26.990950854204147,-28.09040291562613,0.9755956847098686,1,
19.200000000,-26.990950854204147,-28.09040291562613,1.0755956847098684,1,
19.300000000,-26.983889539978033,-28.07732851494275,1.1607362731525603,1,
19.400000000,-26.977502922195903,-28.062636590587868,1.2447162379483363,1,
19.500000000,-26.972371189933746,-28.047460726463076,1.328696202744112,1,
19.600000000,-26.96853051415761,-28.031907889502342,1.412676167539888,1,
19.700000000,-26.96600796583418,-28.01608770372908,1.496656132335664,1,
19.800000000,-26.964821325121324,-28.000111677572267,1.5806360971314393,1,
19.900000000,-26.964978956044824,-27.984092417900342,1.664616061927215,1,
20.000000000,-26.96647974754461,-27.968142836312765,1.7485960267229912,1,
20.100000000,-26.969313121306072,-27.95237535328368,1.8325759915187672,1,
20.200000000,-26.973459106321197,-27.936901105767276,1.9165559563145431,1,
20.300000000,-26.97888847965403,-27.921829163850013,2.0005359211103175,1,
20.400000000,-26.993668014497842,-27.889580974644378,2.065062263880736,1,
20.500000000,-27.018132701423706,-27.844181861725982,2.1134909505354487,1,
20.600000000,-27.05015434529548,-27.79108663925095,2.1514870125482215,1,
20.700000000,-27.085088442157222,-27.737846108174974,2.1878085603622774,1,
20.800000000,-27.121932851396163,-27.685909273648495,2.2241301081763334,1,
20.900000000,-27.160638971190785,-27.63534464605922,2.2604516559903893,1,
21.000000000,-27.201155743918914,-27.586218925703232,2.2967732038044453,1,
21.100000000,-27.243429723508346,-27.538596914799975,2.333094751618501,1,
21.200000000,-27.28740514593807,-27.49254143201101,2.369416299432557,1,
21.300000000,-27.333024002797142,-27.44811322957529,2.405737847246613,1,
21.400000000,-27.388618297319063,-27.397771652160493,2.422893986109848,1,
21.500000000,-27.445068035146825,-27.34839121980944,2.4273974866960395,1,
21.600000000,-27.501739584586705,-27.299265508780657,2.430444361401787,1,
21.700000000,-27.558560550627913,-27.250312696622988,2.433491236107535,1,
21.800000000,-27.615530405776518,-27.201533237786844,2.4365381108132826,1,
21.900000000,-27.672648621156384,-27.15292758511332,2.4395849855190304,1,
22.000000000,-27.729914666514084,-27.104496189829995,2.442631860224778,1,
22.100000000,-27.78732801022382,-27.056239501546735,2.445678734930526,1,
22.200000000,-27.84488811929236,-27.00815796825153,2.4487256096362735,1,
22.300000000,-27.902594459363982,-26.96025203630633,2.451772484342021,1,
22.400000000,-27.96044649472544,-26.912522150442893,2.444476518622955,1,
22.500000000,-28.017948757807982,-26.864371452209262,2.435840115930649,1,
22.600000000,-28.075033032779864,-26.815725943157194,2.4272037132383426,1,
22.700000000,-28.13169506189696,-26.766589251608682,2.4185673105460364,1,
22.800000000,-28.18793061890919,-26.71696504252154,2.40993090785373,1,
22.900000000,-28.243735509375746,-26.66685701721605,2.39871488341771,1,
23.000000000,-28.298974888720817,-26.61612624776031,2.38749885898169,1,
23.100000000,-28.35364180794729,-26.56477911597784,2.37628283454567,1,
23.200000000,-28.407729390072326,-26.51282208122924,2.36506681010965,1,
23.300000000,-28.46123083099247,-26.460261679599608,2.35385078567363,1,
23.400000000,-28.51413940033959,-26.407104523076324,2.34263476123761,1,
23.500000000,-28.566448442327548,-26.35335729871727,2.33141873680159,1,
23.600000000,-28.61815137658947,-26.299026767809618,2.32020271236557,1,
23.700000000,-28.66924169900556,-26.244119765019267,2.3077437742801385,1,
23.800000000,-28.719643990971218,-26.18858050895107,2.2965277498441186,1,
23.900000000,-28.769420196093375,-26.132479444757628,2.284068811758687,1,
24.000000000,-28.818493596403577,-26.07576259204175,2.272852787322667,1,
24.100000000,-28.86692778578031,-26.01849890983899,2.261636762886647,1,
24.200000000,-28.914716671304966,-25.960695601799472,2.250420738450627,1,
24.300000000,-28.961854241236804,-25.902359939457117,2.239204714014607,1,
24.400000000,-29.008334565769204,-25.843499261314893,2.227988689578587,1,
24.500000000,-29.05415179777563,-25.784120971921638,2.216772665142567,1,
24.600000000,-29.099300173545185,-25.724232540940594,2.205556640706547,1,
24.700000000,-29.143774013507663,-25.66384150220974,2.194340616270527,1,
24.800000000,-29.187567722948046,-25.602955452794035,2.184398169808779,1,
24.900000000,-29.230753921539925,-25.54163700327692,2.1744557233470307,1,
25.000000000,-29.273328340265927,-25.479892215074653,2.1645132768852826,1,
25.100000000,-29.31528677058399,-25.417727191747673,2.1545708304235345,1,
25.200000000,-29.356625064843396,-25.355148078397267,2.1459344277312282,1,
25.300000000,-29.397421365748897,-25.29221428912292,2.13599198126948,1,
25.400000000,-29.437589944746467,-25.22887800204106,2.127355578577174,1,
25.500000000,-29.47721003483694,-25.165197169279367,2.1187191758848676,1,
25.600000000,-29.51627868087714,-25.101176540599344,2.1100827731925613,1,
25.700000000,-29.554792968854436,-25.036820891106842,2.101446370500255,1,
25.800000000,-29.5927500261041,-24.97213502089591,2.091503924038508,1,
25.900000000,-29.630062082093566,-24.90707496803827,2.0842079583194404,1,
26.000000000,-29.66689847330217,-24.8417444217163,2.0782888879439816,1,
26.100000000,-29.70334752538057,-24.776196983912936,2.0723698175685197,1,
26.200000000,-29.739407961325593,-24.710434951101785,2.066450747193059,1,
26.300000000,-29.775078517749343,-24.64446062727486,2.049294608329824,1,
26.400000000,-29.80961201565152,-24.57788407342412,2.031025573224656,1,
26.500000000,-29.842923529061576,-24.510687770889444,2.0127565381194867,1,
26.600000000,-29.875001940316505,-24.442894146326662,1.994487503014319,1,
26.700000000,-29.905836543299134,-24.37452582574685,1.9762184679091512,1,
26.800000000,-29.935417047011256,-24.305605626964947,1.957949432803983,1,
26.900000000,-29.96373357900824,-24.23615655198433,1.9396803976988153,1,
27.000000000,-29.990776688693952,-24.166201779319938,1.9214113625936466,1,
27.100000000,-30.016537350474852,-24.09576465626249,1.9031423274884784,1,
27.200000000,-30.041006966772297,-24.024868691086354,1.8848732923833103,1,
27.300000000,-30.064177370891954,-23.953537545203705,1.8666042572781432,1,
27.400000000,-30.08604082974943,-23.881795025267564,1.8752406599704479,1,
27.500000000,-30.108523062832127,-23.810244000148316,1.8864566844064676,1,
27.600000000,-30.131806383026376,-23.73894963150161,1.8976727088424883,1,
27.700000000,-30.155887861339735,-23.66792088800827,1.9088887332785074,1,
27.800000000,-30.180764468373155,-23.597166704934015,1.920104757714527,1,
27.900000000,-30.206433074702076,-23.526695983005464,1.9313207821505478,1,
28.000000000,-30.2328904512701,-23.456517587290417,1.942536806586567,1,
28.100000000,-30.260133269795205,-23.38664034608265,1.9537528310225867,1,
28.200000000,-30.288158103188426,-23.317073049791347,1.9649688554586064,1,
28.300000000,-30.316961425984985,-23.247824449835267,1.976184879894626,1,
28.400000000,-30.346539614787783,-23.17890325754185,1.9792317546003737,1,
28.500000000,-30.376327660209515,-23.11007250605712,1.9807783837389437,1,
28.600000000,-30.40622212560727,-23.041287907936734,1.9823250128775143,1,
28.700000000,-30.436222939471648,-22.97254962771767,1.9838716420160842,1,
28.800000000,-30.466330030038876,-22.903857829826094,1.9854182711546537,1,
28.900000000,-30.496543325290943,-22.835212678576998,1.9869649002932235,1,
29.000000000,-30.526862752955804,-22.76661433817378,1.988511529431793,1,
29.100000000,-30.55728824050753,-22.698062972707877,1.9900581585703645,1,
29.200000000,-30.587819715166486,-22.629558746158345,1.9916047877089331,1,
29.300000000,-30.618457103899523,-22.561101822391493,1.9791458496235022,1,
29.400000000,-30.648239236307234,-22.492268512219386,1.965472976037481,1,
29.500000000,-30.677077465086608,-22.423034441409786,1.951800102451461,1,
29.600000000,-30.704966399087663,-22.35341255289558,1.9381272288654403,1,
29.700000000,-30.731900824625914,-22.283415862110054,1.9244543552794207,1,
29.800000000,-30.75787570645704,-22.21305745455375,1.9107814816934001,1,
29.900000000,-30.78288618871819,-22.142350483348185,1.8971086081073798,1,
30.000000000,-30.806927595835777,-22.07130816677696,1.8834357345213593,1,
30.100000000,-30.82999543339953,-21.999943785814658,1.8697628609353392,1,
30.200000000,-30.852085389002713,-21.928270681644058,1.856089987349319,1,
30.300000000,-30.873193333048302,-21.856302253162063,1.8424171137632985,1,
30.400000000,-30.893315319520994,-21.78405195447484,1.8287442401772782,1,
30.500000000,-30.912447586724888,-21.71153329238267,1.815071366591258,1,
30.600000000,-30.928469373594883,-21.647253957810033,1.7813173514326692,1,
30.700000000,-30.940237795124382,-21.59218083432049,1.7376338203932686,1,
30.800000000,-30.949325910912588,-21.538214325364976,1.6923602119920738,1,
30.900000000,-30.95596229031679,-21.48389180327856,1.647086603590878,1,
31.000000000,-30.960133333075937,-21.42932459389667,1.6018129951896825,1,
31.100000000,-30.961830491265488,-21.374624524504526,1.5565393867884878,1,
31.200000000,-30.961050286815095,-21.31990369466395,1.5112657783872925,1,
31.300000000,-30.95779431863638,-21.26527424648218,1.4659921699860967,1,
31.400000000,-30.950954549663617,-21.200250984508852,1.4313741784995455,1,
31.500000000,-30.941626986408128,-21.133783447999015,1.3984930048150566,1,
31.600000000,-30.930119328235133,-21.067658485622125,1.3656118311305672,1,
31.700000000,-30.9164440157767,-21.001947583367354,1.3327306574460775,1,
31.800000000,-30.900615833059973,-20.936721779594173,1.2998494837615884,1,
31.900000000,-30.882651891524525,-20.87205158823461,1.2669683100770996,1,
32.000000000,-30.862571611523638,-20.808006922562456,1.2340871363926105,1,
32.100000000,-30.84039670132946,-20.744657019611843,1.2012059627081213,1,
32.200000000,-30.81615113366474,-20.682070365326865,1.1683247890236321,1,
32.300000000,-30.789861119786547,-20.620314620523192,1.135443615339143,1,
32.400000000,-30.75823135189155,-20.55231051930195,1.1229846772537113,1,
32.500000000,-30.725756801864815,-20.48470575911037,1.1184811766675196,1,
32.600000000,-30.692978124106094,-20.417247933141915,1.113977676081328,1,
32.700000000,-30.65989598341559,-20.34993840954136,1.1094741754951363,1,
32.800000000,-30.62651105074819,-20.282778553445674,1.1049706749089443,1,
32.900000000,-30.592824003199837,-20.215769726956356,1.100467174322753,1,
33.000000000,-30.55883552399383,-20.1489132891118,1.0959636737365608,1,
33.100000000,-30.52454630246694,-20.08221059585973,1.091460173150369,1,
33.200000000,-30.489957034055436,-20.015663000029704,1.0869566725641775,1,
33.300000000,-30.455068420280988,-19.949271851305667,1.082453171977986,1,
33.400000000,-30.419881168736428,-19.88303849619859,1.1018131325524716,1,
33.500000000,-30.385982706262798,-19.816136371853215,1.1232936360485868,1,
33.600000000,-30.353529044870907,-19.748521581590577,1.144774139544702,1,
33.700000000,-30.322535158494777,-19.680225322488752,1.1662037145604527,1,
33.800000000,-30.29301183624883,-19.611280609540174,1.186721392767023,1,
33.900000000,-30.26553371697327,-19.543289942983243,1.2067831225690027,1,
34.000000000,-30.24061180377149,-19.477876655018466,1.225932955561801,1,
34.100000000,-30.21751048387044,-19.413566675518595,1.2446268401500094,1,
34.200000000,-30.196683389783043,-19.35199369319782,1.2624088279290369,1,
34.300000000,-30.17847203369023,-19.294824238860205,1.2808672380862325,1,
34.400000000,-30.161795451035836,-19.238925496756746,1.2988129146279506,1,
34.500000000,-30.147020115421945,-19.185947298811772,1.3157331239387127,1,
34.600000000,-30.133563765170496,-19.134339440085075,1.3321405996339972,1,
34.700000000,-30.12134993728298,-19.084137180646096,1.348035341713805,1,
34.800000000,-30.11030377597448,-19.035372620560448,1.3634173501781341,1,
34.900000000,-30.100352148306758,-18.988074880467774,1.3782866250269858,1,
35.000000000,-30.091423749322313,-18.942270279505074,1.39264316626036,1,
35.100000000,-30.083449197272184,-18.89798251009184,1.4064869738782568,1,
35.200000000,-30.071181370403867,-18.823992643056354,1.4300133365973242,1,
35.300000000,-30.060657490313236,-18.74973466067171,1.4535396993163916,1,
35.400000000,-30.055782985467722,-18.708354105895072,1.4621684511574167,1,
35.500000000,-30.051446410805855,-18.66858987422637,1.4704520529248004,1,
35.600000000,-30.047606332160615,-18.63044936766913,1.4783905046185433,1,
35.700000000,-30.04422293852242,-18.593939134967414,1.4859838062386448,1,
35.800000000,-30.041116872969003,-18.557404263936817,1.4935771078587465,1,
35.900000000,-30.038416885425164,-18.522508561231998,1.5008252594052074,1,
36.000000000,-30.036086419240032,-18.489256793783166,1.5077282608780271,1,
36.100000000,-30.0340905875306,-18.457653084609,1.5142861122772062,1,
36.200000000,-30.02985457683118,-18.3827728054071,1.5314422511404406,1,
36.300000000,-30.0269037829651,-18.307830875784493,1.5485983900036762,1,
36.400000000,-30.02523907442736,-18.232849353090668,1.5657545288669112,1,
36.500000000,-30.024860941184773,-18.157850306328385,1.5829106677301463,1,
36.600000000,-30.025769494531737,-18.08285580965819,1.5965835413161664,1,
36.700000000,-30.027703321278047,-18.00788074504258,1.6102564149021867,1,
36.800000000,-30.03066205990531,-17.93293912866199,1.6239292884882068,1,
36.900000000,-30.03464515729344,-17.858044970443895,1.6376021620742267,1,
37.000000000,-30.03965186882405,-17.78321227144373,1.6512750356602468,1,
37.100000000,-30.04568125851965,-17.708455021227458,1.6649479092462673,1,
37.200000000,-30.052732199218646,-17.6337871952563,1.678620782832287,1,
37.300000000,-30.060803372786033,-17.559222752274103,1.6770741536937168,1,
37.400000000,-30.06875921320581,-17.484645915366016,1.6740272789879695,1,
37.500000000,-30.076487790770372,-17.41004518421123,1.6709804042822216,1,
37.600000000,-30.08398903373195,-17.33542125136103,1.6679335295764737,1,
37.700000000,-30.091262872453214,-17.260774809582088,1.6648866548707264,1,
37.800000000,-30.098309239407932,-17.18610655185004,1.6618397801649782,1,
37.900000000,-30.105128069181593,-17.111417171343053,1.6588542848942736,1,
38.000000000,-30.111723884105515,-17.03670776614204,1.655921166733581,1,
38.100000000,-30.118100539457995,-16.96197933603331,1.6530928027929133,1,
38.200000000,-30.124265810389748,-16.88723316934673,1.6503691930722701,1,
38.300000000,-30.130227479319895,-16.812470488124294,1.6475932062416154,1,
38.400000000,-30.135981585327496,-16.73769154547295,1.646046577103045,1,
38.500000000,-30.141620029207463,-16.66290379279504,1.6444999479644749,1,
38.600000000,-30.147142797472295,-16.588107408987444,1.6429813866182557,1,
38.700000000,-30.152551976515664,-16.513302724761942,1.641489007364213,1,
38.800000000,-30.15784951261798,-16.43849005129518,1.6400489922945234,1,
38.900000000,-30.163039311887733,-16.363669826866623,1.6386613414091848,1,
39.000000000,-30.168125281843462,-16.28884247284679,1.6372998726160228,1,
39.100000000,-30.173109372009623,-16.214008263789598,1.635990768007214,1,
39.200000000,-30.17799549212504,-16.139167594162597,1.6346292992140519,1,
39.300000000,-30.182779714507326,-16.064320341599814,1.6333201946052427,1,
39.400000000,-30.18590387145899,-16.01441804061738,1.6301744612461637,1,
39.500000000,-30.18817869598093,-15.976152264552614,1.6271575624880152,1,
39.600000000,-30.19033806635335,-15.93787979972424,1.6241406637298665,1,
39.700000000,-30.19229309785415,-15.901265290356022,1.621254934482941,1,
39.800000000,-30.194058399803282,-15.866309837147282,1.6185003747472397,1,
39.900000000,-30.19564793169828,-15.83301442455837,1.6158769845227627,1,
40.000000000,-30.197150111363843,-15.79971495658419,1.6132535942982853,1,
40.100000000,-30.198494187606823,-15.768076827106755,1.6107613735850324,1,
40.200000000,-30.19969281987416,-15.73810078199257,1.6084003223830023,1,
40.300000000,-30.200820673888977,-15.70812199040049,1.6060392711809732,1,
40.400000000,-30.20234755201955,-15.664815565692924,1.6039957230586204,1,
40.500000000,-30.203730606097515,-15.623171859415402,1.6020307729409744,1,
40.600000000,-30.205031829752585,-15.581525515901108,1.6000658228233275,1,
40.700000000,-30.20620244243237,-15.541542648745864,1.598179470710387,1,
40.800000000,-30.20725199843841,-15.503223686382112,1.5963717166021525,1,
40.900000000,-30.208189660502658,-15.466569010905474,1.5946425604986234,1,
41.000000000,-30.209063939540876,-15.429912768863936,1.5929134043950945,1,
41.100000000,-30.209837974148158,-15.394921328904616,1.5912628462962715,1,
41.200000000,-30.21052014383818,-15.361594976634601,1.5896908862021544,1,
41.300000000,-30.211118435952443,-15.329933962369044,1.5881975241127428,1,
41.400000000,-30.21175644765446,-15.293272846926213,1.5870452276924711,1,
41.500000000,-30.21232513416036,-15.25827746729321,1.5859453083822115,1,
41.600000000,-30.212855328236188,-15.22328148332016,1.5848453890719518,1,
41.700000000,-30.213323614906965,-15.189951439535236,1.5837978468717044,1,
41.800000000,-30.21373531811015,-15.158287449290002,1.5828026817814695,1,
41.900000000,-30.214095500106076,-15.128289611552429,1.581859893801247,1,
42.000000000,-30.214427400345265,-15.098291447571425,1.5809171058210243,1,
42.100000000,-30.21471415085563,-15.069959565319753,1.5800266949508142,1,
42.200000000,-30.214975674239728,-15.041627438973547,1.5791362840806038,1,
42.300000000,-30.215198070522536,-15.014961699700006,1.5782982503204057,1,
42.400000000,-30.215385616851513,-14.989962403182414,1.5775125936702206,1,
42.500000000,-30.21556471595504,-14.963296337956697,1.5770936801954019,1,
42.600000000,-30.215722148749503,-14.938296833663307,1.576700948812759,1,
42.700000000,-30.215889445401217,-14.909963994243155,1.576255853245764,1,
42.800000000,-30.21603503205,-14.883297724994556,1.5758369397709449,1,
42.900000000,-30.21617784881288,-14.854964751604,1.5753918442039498,1,
43.000000000,-30.216300395512448,-14.828298366520574,1.5749729307291305,1,
43.100000000,-30.216411771293554,-14.801631932440507,1.5745540172543118,1,
43.200000000,-30.21650571333396,-14.77663210894327,1.5741612858716694,1,
43.300000000,-30.216589837152124,-14.751632250480005,1.573768554489026,1,
43.400000000,-30.216664142735073,-14.726632360906642,1.5733758231063832,1,
43.500000000,-30.2167329292271,-14.699965782957275,1.5729569096315643,1,
43.600000000,-30.216790544724585,-14.67329917853216,1.5725379961567454,1,
43.700000000,-30.216834086436617,-14.648299216449802,1.5721452647741023,1,
43.800000000,-30.21687005810515,-14.621632574044913,1.5717263512992836,1,
43.900000000,-30.216893308714408,-14.596632584856732,1.5713336199166408,1,
44.000000000,-30.216907636530298,-14.569965922039183,1.570914706441822,1,
44.100000000,-30.216910793320874,-14.543299255559365,1.5704957929670027,1,
44.200000000,-30.216902779085583,-14.516632590096973,1.5700768794921842,1,
44.300000000,-30.216884792904565,-14.491632596567028,1.5696841481095412,1,
44.400000000,-30.216856988443162,-14.466632612028794,1.5692914167268985,1,
44.500000000,-30.216816857523163,-14.439965975558847,1.5688725032520792,1,
44.600000000,-30.21676876196426,-14.414966021822545,1.5684797718694365,1,
44.700000000,-30.2167069872215,-14.388299426708203,1.5680608583946176,1,
44.800000000,-30.21663860059678,-14.363299520242986,1.5676681270119748,1,
44.900000000,-30.216555182071954,-14.336632984051331,1.5672492135371558,1,
45.000000000,-30.216466504426467,-14.311633141326322,1.5668564821545126,1,
45.100000000,-30.216368008565272,-14.286633335355768,1.5664637507718706,1,
45.200000000,-30.216259694503563,-14.261633569995588,1.5660710193892278,1,
45.300000000,-30.21614156225804,-14.236633849101695,1.565678288006585,1,
45.400000000,-30.216013611846932,-14.211634176529993,1.565678288006585,1,
45.500000000,-30.215868601381008,-14.183301214282064,1.565678288006585,1,
45.600000000,-30.21573212094249,-14.15663489687225,1.565678288006585,1,
45.700000000,-30.215595640503974,-14.129968579462435,1.565678288006585,1,
45.800000000,-30.215459160065457,-14.10330226205262,1.565678288006585,1,
45.900000000,-30.21532267962694,-14.076635944642806,1.565678288006585,1,
46.000000000,-30.215186199188423,-14.049969627232992,1.565678288006585,1,
46.100000000,-30.215058248777314,-14.02496995466129,1.565678288006585,1,
46.200000000,-30.214921768338797,-13.998303637251475,1.565678288006585,1,
46.300000000,-30.21478528790028,-13.97163731984166,1.565678288006585,1,
46.400000000,-30.214648807461764,-13.944971002431846,1.565678288006585,1,
46.500000000,-30.214520857050655,-13.919971329860143,1.565678288006585,1,
46.600000000,-30.214392906639546,-13.89497165728844,1.565678288006585,1,
46.700000000,-30.214264956228437,-13.869971984716738,1.565678288006585,1,
46.800000000,-30.21412847578992,-13.843305667306923,1.565678288006585,1,
46.900000000,-30.21400052537881,-13.818305994735221,1.565678288006585,1,
47.000000000,-30.213872574967702,-13.793306322163518,1.565678288006585,1,
47.100000000,-30.213753154583998,-13.76997329442993,1.565678288006585,1,
47.200000000,-30.213633734200293,-13.74664026669634,1.565678288006585,1,
47.300000000,-30.213522843843997,-13.724973883800866,1.565678288006585,1,
47.400000000,-30.2134119534877,-13.70330750090539,1.565678288006585,1,
47.500000000,-30.21330959315881,-13.68330776284803,1.565678288006585,1,
47.600000000,-30.213207232829923,-13.663308024790668,1.565678288006585,1,
47.700000000,-30.213104872501034,-13.643308286733307,1.565678288006585,1,
47.800000000,-30.213002512172146,-13.623308548675945,1.565678288006585,1,
47.900000000,-30.212900151843257,-13.603308810618584,1.565678288006585,1,
48.000000000,-30.21279779151437,-13.583309072561223,1.565678288006585,1,
48.100000000,-30.21269543118548,-13.563309334503861,1.565678288006585,1,
48.200000000,-30.21259307085659,-13.5433095964465,1.565678288006585,1,
48.300000000,-30.212490710527703,-13.523309858389139,1.565678288006585,1,
48.400000000,-30.212388350198815,-13.503310120331777,1.565678288006585,1,
48.500000000,-30.212277459842518,-13.481643737436302,1.565678288006585,1,
48.600000000,-30.21217509951363,-13.461643999378941,1.565678288006585,1,
48.700000000,-30.21207273918474,-13.44164426132158,1.565678288006585,1,
48.800000000,-30.211970378855852,-13.421644523264218,1.565678288006585,1,
48.900000000,-30.211868018526964,-13.401644785206857,1.565678288006585,1,
49.000000000,-30.21174859814326,-13.378311757473268,1.565678288006585,1,
49.100000000,-30.211637707786963,-13.356645374577793,1.565678288006585,1,
49.200000000,-30.211526817430666,-13.334978991682318,1.565678288006585,1,
49.300000000,-30.211424457101778,-13.314979253624957,1.565678288006585,1,
49.400000000,-30.21131356674548,-13.293312870729482,1.5643151368843164,1,
49.500000000,-30.2111731419472,-13.2716466591243,1.562609933238407,1,
49.600000000,-30.210995772067957,-13.249980718471507,1.560904729592497,1,
49.700000000,-30.210732000444008,-13.223315356376807,1.558806017412915,1,
49.800000000,-30.210412266521843,-13.19665060658743,1.5567073052333333,1,
49.900000000,-30.210036571709757,-13.169986586550696,1.554608593053751,1,
50.000000000,-30.20960491766254,-13.143323413710716,1.5525098808741689,1,
50.100000000,-30.209117306281442,-13.116661205507866,1.5504111686945876,1,
50.200000000,-30.208573739714197,-13.090000079378273,1.5483124565150055,1,
50.300000000,-30.20797422035499,-13.063340152753298,1.5483124565150055,1,
50.400000000,-30.207412170955738,-13.038346471542384,1.548705187897648,1,
50.500000000,-30.206859937402555,-13.013352571524525,1.5490979192802912,1,
50.600000000,-30.20613671390664,-12.98002708489813,1.5496215611238147,1,
50.700000000,-30.205395652489422,-12.945034931092227,1.5501713850595145,1,
50.800000000,-30.204708203172803,-12.911708687311263,1.5506950269030384,1,
50.900000000,-30.204038204965368,-12.87838208812213,1.551218668746562,1,
51.000000000,-30.203385658050827,-12.845055142663005,1.5517423105900854,1,
51.100000000,-30.20278231738025,-12.813394224201707,1.552239770341433,1,
51.200000000,-30.20222565263546,-12.783399389240302,1.5527110480006046,1,
51.300000000,-30.201592702382918,-12.7484051129372,1.5532608719363044,1,
51.400000000,-30.200277610667676,-12.67341664359837,1.5657198100217355,1,
51.500000000,-30.199896873545025,-12.59841761000964,1.5793926836077556,1,
51.600000000,-30.20054159236542,-12.523420381143218,1.5930655571937757,1,
51.700000000,-30.20221164660218,-12.448438977323029,1.6067384307797958,1,
51.800000000,-30.20490672404776,-12.373487415914594,1.6204113043658155,1,
51.900000000,-30.20862632087209,-12.298579708704558,1.6340841779518362,1,
52.000000000,-30.213369741716775,-12.223729859281262,1.6477570515378561,1,
52.100000000,-30.2191360998251,-12.148951860416846,1.6614299251238762,1,
52.200000000,-30.225924317207784,-12.074259691451381,1.6751027987098963,1,
52.300000000,-30.233733124844516,-11.999667315679506,1.6887756722959164,1,
52.400000000,-30.242561062921194,-11.925188677740065,1.712302035014984,1,
52.500000000,-30.253138607840917,-11.850938320545831,1.7358283977340512,1,
52.600000000,-30.265459905311097,-11.77695733901239,1.7593547604531183,1,
52.700000000,-30.279518135934513,-11.703286678965537,1.7808352639492335,1,
52.800000000,-30.295155484541667,-11.629934969179477,1.8043616266683007,1,
52.900000000,-30.312514045534513,-11.556971414165638,1.8203816617413309,1,
53.000000000,-30.331039207825107,-11.484295294551922,1.8439080244603991,1,
53.100000000,-30.351268890637353,-11.412075076237963,1.842361395321829,1,
53.200000000,-30.371386851404775,-11.339823656497169,1.8638418988179435,1,
53.300000000,-30.393052048541517,-11.268021015647225,1.8873682615370109,1,
53.400000000,-30.416400349368857,-11.196747901161634,1.8873682615370113,1,
53.500000000,-30.439748650196197,-11.125474786676044,1.88582163239844,1,
53.600000000,-30.462986690066543,-11.054165646287283,1.8842750032598714,1,
53.700000000,-30.486114413393082,-10.982820650571178,1.8827283741213006,1,
53.800000000,-30.50913176485288,-10.911439970189326,1.8811817449827304,1,
53.900000000,-30.532038689387026,-10.840023775888685,1.8796351158441598,1,
54.000000000,-30.554835132200754,-10.768572238501163,1.8780884867055896,1,
54.100000000,-30.577521038763575,-10.69708552894321,1.8765418575670205,1,
54.200000000,-30.600096354809413,-10.625563818215415,1.874995228428449,1,
54.300000000,-30.622561026336733,-10.554007277402086,1.8734485992898795,1,
54.400000000,-30.644914999608662,-10.482416077670848,1.8719019701513089,1,
54.500000000,-30.66715822115313,-10.410790390272236,1.8703553410127387,1,
54.600000000,-30.689141538245465,-10.339613138701889,1.8448500882872312,1,
54.700000000,-30.704599206112412,-10.284628558059756,1.80196614210992,1,
54.800000000,-30.714055664529127,-10.244452872526905,1.7432397452216142,1,
54.900000000,-30.71809255401281,-10.221275442309294,1.666766108055585,1,
55.000000000,-30.71838451327887,-10.21824258783065,1.569812982930217,1,
55.100000000,-30.71838299241067,-10.216695959265826,1.4713596122428108,1,
55.200000000,-30.718229453988002,-10.215156969927547,1.3729062415554043,1,
55.300000000,-30.7179253850672,-10.213640525295528,1.2744528708679976,1,
55.400000000,-30.71747373062847,-10.212161312498615,1.1759995001805907,1,
55.500000000,-30.716878865053037,-10.21073365806643,1.077546129493184,1,
55.600000000,-30.716146549756235,-10.2093713891735,0.9790927588057775,1,
55.700000000,-30.71528387738681,-10.208087699719774,0.8806393881183708,1,
55.800000000,-30.714299203132928,-10.206895022544545,0.7821860174309642,1,
55.900000000,-30.71320206380017,-10.205804909011425,0.6837326467435575,1,
56.000000000,-30.712003085445307,-10.204827917130629,0.5852792760561507,1,
56.100000000,-30.710713880460382,-10.203973509302122,0.48682590536874415,1,
56.200000000,-30.709346935103923,-10.203249960670014,0.3883725346813374,1,
56.300000000,-30.707915488568545,-10.202664278975808,0.28991916399393064,1,
56.400000000,-30.706433404756204,-10.202222136686752,0.19146579330652405,1,
56.500000000,-30.704915038002994,-10.20192781605663,0.09301242261911734,1,
56.600000000,-30.70337509405396,-10.201784167651116,-0.0054409480682893465,1,
56.700000000,-30.701828487634454,-10.201792582739367,-0.10389431875569605,1,
56.800000000,-30.700290197997443,-10.20195297981924,-0.2023476894431028,1,
56.900000000,-30.698775123845866,-10.202263805406664,-0.30080106013050933,1,
57.000000000,-30.697297939035142,-10.202722049081508,-0.39925443081791606,1,
57.100000000,-30.695872950453357,-10.203323272644214,-0.4977078015053228,1,
57.200000000,-30.69451395945564,-10.204061653100823,-0.5961611721927295,1,
57.300000000,-30.693234128194746,-10.204930039060065,-0.6946145428801361,1,
57.400000000,-30.692045852142442,-10.205920019996292,-0.793067913567543,1,
57.500000000,-30.690960640036415,-10.207022007707431,-0.8915212842549497,1,
57.600000000,-30.689989002415388,-10.208225329179015,-0.989974654942356,1,
57.700000000,-30.689140349822036,-10.209518329954875,-1.088428025629763,1,
57.800000000,-30.688422901659646,-10.210888487013337,-1.1868813963171698,1,
57.900000000,-30.687843606585208,-10.212322530055685,-1.2853347670045767,1,
58.000000000,-30.687408075210033,-10.213806570032173,-1.383788137691983,1,
58.100000000,-30.687120525759624,-10.21532623366079,-1.4822415083793898,1,
58.200000000,-30.68698374321916,-10.21686680263594,-1.5806948790667965,1,
58.300000000,-30.68699905236025,-10.218413356178747,-1.679148249754203,1,
58.400000000,-30.687166304910203,-10.219950915548367,-1.7776016204416094,1,
58.500000000,-30.687483880988086,-10.221464589114671,-1.8760549911290163,1,
58.600000000,-30.687948704793648,-10.22293971658725,-1.9745083618164228,1,
58.700000000,-30.688556274397193,-10.224362011003826,-2.07296173250383,1,
58.800000000,-30.68930070534184,-10.225717697102901,-2.1714151031912365,1,
58.900000000,-30.690174787635893,-10.22699364474046,-2.269868473878643,1,
59.000000000,-30.691170055583346,-10.228177496058553,-2.36832184456605,1,
59.100000000,-30.69227686977615,-10.229257785174102,-2.4667752152534566,1,
59.200000000,-30.693484510454216,-10.230224049228726,-2.5652285859408632,1,
59.300000000,-30.694781281328822,-10.23106692972402,-2.66368195662827,1,
59.400000000,-30.69615462286399,-10.231778263160855,-2.7621353273156766,1,
59.500000000,-30.697591233918583,-10.232351160104812,-2.8605886980030832,1,
59.600000000,-30.699077200571043,-10.23278007191201,-2.95904206869049,1,
59.700000000,-30.700598130879044,-10.233060844469042,-3.0574954393778966,1,
59.800000000,-30.702139294268893,-10.233190758426561,3.127236497114283,1,
59.900000000,-30.703685764204668,-10.233168555536825,3.0287831264268763,1,
60.000000000,-30.705222562755278,-10.23299445084013,2.9303297557394696,1,
60.100000000,-30.706734805659313,-10.232670130582092,2.831876385052063,1,
60.200000000,-30.70820784648266,-10.232198735881955,2.7334230143646563,1,
60.300000000,-30.70962741847275,-10.231584832310102,2.6349696436772496,1,
60.400000000,-30.710979772735428,-10.230834365669411,2.536516272989843,1,
60.500000000,-30.712251811396314,-10.229954604408736,2.4380629023024363,1,
60.600000000,-30.71343121445683,-10.228954069226237,2.3396095316150296,1,
60.700000000,-30.714506559116337,-10.227842450544387,2.241156160927623,1,
60.800000000,-30.715467430404694,-10.226630514655907,2.1427027902402163,1,
60.900000000,-30.716304522053726,-10.225329999449656,2.0442494195528096,1,
61.000000000,-30.717009726630664,-10.223953500726358,1.9457960488654038,1,
61.100000000,-30.717576214060564,-10.222514350205273,1.8473426781779962,1,
61.200000000,-30.71799849777722,-10.2210264864033,1.7488893074905907,1,
61.300000000,-30.718272487861867,-10.219504319637112,1.6504359368031827,1,
61.400000000,-30.7203015697651,-10.194079907177853,1.5759411896399727,1,
61.500000000,-30.72052220081357,-10.151196528468473,1.5188251359088476,1,
61.600000000,-30.717471493787908,-10.092549423774479,1.4775515328896325,1,
61.700000000,-30.711620681406437,-10.029984582434663,1.440389350940543,1,
61.800000000,-30.703449397731628,-9.967680316926552,1.4032271689914542,1,
61.900000000,-30.692968926234474,-9.905722661268863,1.366064987042365,1,
62.000000000,-30.680193739071473,-9.844197170857573,1.3289028050932763,1,
62.100000000,-30.665141477100477,-9.783188804325137,1.2917406231441868,1,
62.200000000,-30.647832925520987,-9.722781806223763,1.2545784411950978,1,
62.300000000,-30.62829198517251,-9.663059590694727,1.217416259246009,1,
62.400000000,-30.602336661233366,-9.592693965854085,1.199147224140841,1,
62.500000000,-30.575100228004274,-9.522814235567276,1.1961617288701358,1,
62.600000000,-30.547655290862366,-9.453016130827415,1.1947217138004453,1,
62.700000000,-30.520109871888035,-9.383257619565143,1.193307880822931,1,
62.800000000,-30.49246585359347,-9.313538122632579,1.1919464120297696,1,
62.900000000,-30.464726940029312,-9.243856326772539,1.1906373074209602,1,
63.000000000,-30.436896829499947,-9.174210903750467,1.1893543849043262,1,
63.100000000,-30.408977392216364,-9.10460124190839,1.1880714623876936,1,
63.200000000,-30.380968674130887,-9.035027455816154,1.1868409040554124,1,
63.300000000,-30.352874362671265,-8.96548818875351,1.185662709907484,1,
63.400000000,-30.32595041653692,-8.899071231312913,1.2052684913048726,1,
63.500000000,-30.302716666490767,-8.838365441977851,1.2252651023085015,1,
63.600000000,-30.281265884874944,-8.778775383417875,1.2447489796966524,1,
63.700000000,-30.261513981871637,-8.720357577009848,1.2637201234693254,1,
63.800000000,-30.24388139564299,-8.664752993739517,1.2816658000110435,1,
63.900000000,-30.227724655157843,-8.610438439078665,1.2990987429372833,1,
64.000000000,-30.212964462816053,-8.557456020088651,1.3160189522480459,1,
64.100000000,-30.19952286410109,-8.505844317264287,1.3324264279433302,1,
64.200000000,-30.18732338593924,-8.455638568818289,1.3483211700231377,1,
64.300000000,-30.17629116337354,-8.406870853419052,1.3637031784874676,1,
64.400000000,-30.164982281596505,-8.3530460525095,1.3806233877982295,1,
64.500000000,-30.154900749917644,-8.300674236010044,1.3970308634935151,1,
64.600000000,-30.14654428758254,-8.253068767328882,1.4102533672266377,1,
64.700000000,-30.13908442456104,-8.20700220438483,1.42301992255517,1,
64.800000000,-30.132458663365917,-8.16249266283939,1.435330529479112,1,
64.900000000,-30.126606416291214,-8.119556326456854,1.4471851879984639,1,
65.000000000,-30.121469058427163,-8.07820758203471,1.4585838981132253,1,
65.100000000,-30.1169899749332,-8.038459150480067,1.4695266598233956,1,
65.200000000,-30.10940772545089,-7.96384340487106,1.4910071633195106,1,
65.300000000,-30.10342988570186,-7.889082014889768,1.5124876668156255,1,
65.400000000,-30.099059213827232,-7.814209475014562,1.527347078238859,1,
65.500000000,-30.095801545402598,-7.739280257772987,1.5422064896620933,1,
65.600000000,-30.093657599714778,-7.664310907389729,1.5570659010853272,1,
65.700000000,-30.09262785014279,-7.5893179769507935,1.571925312508561,1,
65.800000000,-30.092712524053326,-7.514318024748616,1.586784723931795,1,
65.900000000,-30.093911602750552,-7.439327610626024,1.6016441353550293,1,
66.000000000,-30.096224821480238,-7.3643632923198545,1.6165035467782627,1,
66.100000000,-30.099651669488207,-7.289441621805041,1.6313629582014966,1,
66.200000000,-30.10419139013312,-7.214579141639967,1.6462223696247307,1,
66.300000000,-30.109842981053532,-7.139792381313902,1.6610817810479641,1,
66.400000000,-30.11660519438922,-7.065097853597324,1.6610817810479641,1,
66.500000000,-30.123367407724906,-6.990403325880746,1.659535151909394,1,
66.600000000,-30.130014088285776,-6.915698428869093,1.6579885227708235,1,
66.700000000,-30.136545220172565,-6.840983341261051,1.6564418936322538,1,
66.800000000,-30.1429607877624,-6.766258241779684,1.6548952644936832,1,
66.900000000,-30.14926077570886,-6.691523309172004,1.653348635355113,1,
67.000000000,-30.155445168941984,-6.616778722208545,1.651802006216543,1,
67.100000000,-30.161513952668322,-6.542024659682934,1.6502553770779733,1,
67.200000000,-30.167467112370975,-6.467261300411465,1.648708747939403,1,
67.300000000,-30.173304633809618,-6.392488823232671,1.6471621188008323,1,
67.400000000,-30.179026503020545,-6.317707407006893,1.6456154896622621,1,
67.500000000,-30.184632706316695,-6.2429172306158565,1.6440688605236922,1,
67.600000000,-30.190123230287682,-6.168118472962243,1.642522231385122,1,
67.700000000,-30.195498061799842,-6.093311312969259,1.6409756022465518,1,
67.800000000,-30.200757187996246,-6.018495929580211,1.639428973107982,1,
67.900000000,-30.205900596296743,-5.9436725017580745,1.6378823439694115,1,
68.000000000,-30.210928274397986,-5.868841208485071,1.6363376005310162,1,
68.100000000,-30.21584035139733,-5.794002238024805,1.6348452212769742,1,
68.200000000,-30.220640734841144,-5.719156020225959,1.6333790241151072,1,
68.300000000,-30.22533137385239,-5.644302844570772,1.631965191137593,1,
68.400000000,-30.228897332884753,-5.586078608088382,1.6282951688853347,1,
68.500000000,-30.23148335528031,-5.541152975225064,1.6247535920822902,1,
68.600000000,-30.23382036906575,-5.497882706629359,1.6213431847904698,1,
68.700000000,-30.23592559141307,-5.456269257481524,1.6180639470098732,1,
68.800000000,-30.23781559225607,-5.416313933720935,1.6149158787405007,1,
68.900000000,-30.239506293121366,-5.378017902921013,1.6118989799823515,1,
69.000000000,-30.241081451220058,-5.339716945734429,1.6088820812242028,1,
69.100000000,-30.24247759130273,-5.303076868806098,1.6059963519772777,1,
69.200000000,-30.243709337783116,-5.268098549798347,1.6032417922415763,1,
69.300000000,-30.245385392728934,-5.216459075708625,1.6008052540956954,1,
69.400000000,-30.24688561390319,-5.166481587412109,1.598447313954519,1,
69.500000000,-30.248221907984075,-5.118166730181227,1.5961679718180493,1,
69.600000000,-30.249405791060674,-5.071515082850841,1.5939672276862848,1,
69.700000000,-30.250448388301493,-5.026527162349962,1.5918450815592273,1,
69.800000000,-30.251395512325043,-4.981537130608652,1.5897229354321687,1,
69.900000000,-30.252215616401475,-4.9382115584014485,1.5876793873098163,1,
70.000000000,-30.252919043837924,-4.896550829879821,1.5857144371921696,1,
70.100000000,-30.253515746120556,-4.856555280797631,1.5838280850792292,1,
70.200000000,-30.254015282715397,-4.818225202430441,1.5820203309709946,1,
70.300000000,-30.25442682089425,-4.78156084534114,1.580291174867466,1,
70.400000000,-30.254774960092607,-4.744895831451289,1.5785620187639369,1,
70.500000000,-30.25504675657968,-4.7098968868004905,1.5769114606651136,1,
70.600000000,-30.255281168583732,-4.6715642701997835,1.5763092725450614,1,
70.700000000,-30.255483308903973,-4.634898160728838,1.5757332665171855,1,
70.800000000,-30.255656101092328,-4.599898587262014,1.5751834425814852,1,
70.900000000,-30.255809649652303,-4.56489892408021,1.5746336186457852,1,
71.000000000,-30.25593755906676,-4.531565836160055,1.5741099768022622,1,
71.100000000,-30.256042491124962,-4.499899343347605,1.5736125170509139,1,
71.200000000,-30.25613167036519,-4.468232802253874,1.5731150572995665,1,
71.300000000,-30.256201232217997,-4.438232882901506,1.5726437796403951,1,
71.400000000,-30.25625357668551,-4.409899597920154,1.5721986840734,1,
71.500000000,-30.25629331012871,-4.381566292447067,1.5717535885064042,1,
71.600000000,-30.256318837103787,-4.354899637998399,1.5713346750315857,1,
71.700000000,-30.256333193056072,-4.3282329751959825,1.5709157615567666,1,
71.800000000,-30.256336377983047,-4.3015663087195115,1.5704968480819477,1,
71.900000000,-30.256328891015336,-4.2765663098406055,1.5701041166993053,1,
72.000000000,-30.25631158576433,-4.251566315830041,1.5697113853166622,1,
72.100000000,-30.256286270468138,-4.228232996229516,1.5693448360261955,1,
72.200000000,-30.25624756406123,-4.20156635765385,1.5689259225513763,1,
72.300000000,-30.256200803982406,-4.176566401383988,1.5685331911687337,1,
72.400000000,-30.256140453750557,-4.14989980300773,1.5681142776939148,1,
72.500000000,-30.25607340260342,-4.1248998929250185,1.567721546311272,1,
72.600000000,-30.25599140858639,-4.098233352315253,1.567302632836453,1,
72.700000000,-30.25590406641511,-4.073233504888816,1.5669099014538101,1,
72.800000000,-30.25580042866691,-4.046567039612588,1.566490987978991,1,
72.900000000,-30.2556856199865,-4.019900620091438,1.5660720745041723,1,
73.000000000,-30.25555964039403,-3.9932342510050134,1.5656531610293534,1,
73.100000000,-30.255431061816754,-3.9682345816562106,1.5652604296467107,1,
73.200000000,-30.25529266509494,-3.9432349647321976,1.564867698264068,1,
73.300000000,-30.255134569260264,-3.9165687667126416,1.564448784789249,1,
73.400000000,-30.25497588177575,-3.8915692703520697,1.564448784789249,1,
73.500000000,-30.2548066151256,-3.864903140900793,1.564448784789249,1,
73.600000000,-30.254647927641084,-3.839903644540221,1.564448784789249,1,
73.700000000,-30.254478660990934,-3.813237515088944,1.564448784789249,1,
73.800000000,-30.25431997350642,-3.788238018728372,1.564448784789249,1,
73.900000000,-30.25415070685627,-3.761571889277095,1.564448784789249,1,
74.000000000,-30.253992019371754,-3.736572392916523,1.564448784789249,1,
74.100000000,-30.253822752721604,-3.709906263465246,1.564448784789249,1,
74.200000000,-30.25366406523709,-3.6849067671046742,1.564448784789249,1,
74.300000000,-30.25349479858694,-3.6582406376533974,1.564448784789249,1,
74.400000000,-30.253336111102424,-3.6332411412928254,1.564448784789249,1,
74.500000000,-30.25317742361791,-3.6082416449322534,1.564448784789249,1,
74.600000000,-30.253018736133395,-3.5832421485716814,1.564448784789249,1,
74.700000000,-30.252849469483245,-3.5565760191204046,1.564448784789249,1,
74.800000000,-30.252680202833094,-3.5299098896691277,1.564448784789249,1,
74.900000000,-30.252510936182944,-3.5032437602178508,1.564448784789249,1,
75.000000000,-30.252341669532793,-3.476577630766574,1.564448784789249,1,
75.100000000,-30.252172402882643,-3.449911501315297,1.564448784789249,1,
75.200000000,-30.252003136232492,-3.42324537186402,1.564448784789249,1,
75.300000000,-30.251844448747978,-3.398245875503448,1.564448784789249,1,
75.400000000,-30.251675182097827,-3.3715797460521713,1.564448784789249,1,
75.500000000,-30.251516494613313,-3.3465802496915993,1.564448784789249,1,
75.600000000,-30.251357807128798,-3.3215807533310273,1.564448784789249,1,
75.700000000,-30.251188540478648,-3.2949146238797504,1.564448784789249,1,
75.800000000,-30.251029852994133,-3.2699151275191785,1.564448784789249,1,
75.900000000,-30.25087116550962,-3.2449156311586065,1.564448784789249,1,
76.000000000,-30.250701898859468,-3.2182495017073296,1.564448784789249,1,
76.100000000,-30.250532632209318,-3.1915833722560527,1.564448784789249,1,
76.200000000,-30.250363365559167,-3.164917242804776,1.564448784789249,1,
76.300000000,-30.250194098909017,-3.138251113353499,1.564448784789249,1,
76.400000000,-30.250035411424502,-3.113251616992927,1.564448784789249,1,
76.500000000,-30.24986614477435,-3.08658548754165,1.564448784789249,1,
76.600000000,-30.249707457289837,-3.061585991181078,1.564448784789249,1,
76.700000000,-30.249548769805322,-3.036586494820506,1.564448784789249,1,
76.800000000,-30.249390082320808,-3.011586998459934,1.564448784789249,1,
76.900000000,-30.249220815670657,-2.9849208690086573,1.564448784789249,1,
77.000000000,-30.249051549020507,-2.9582547395573804,1.564448784789249,1,
77.100000000,-30.248882282370356,-2.9315886101061035,1.564448784789249,1,
77.200000000,-30.248713015720206,-2.9049224806548266,1.564448784789249,1,
77.300000000,-30.24855432823569,-2.8799229842942546,1.564448784789249,1,
77.400000000,-30.24838506158554,-2.8532568548429778,1.564448784789249,1,
77.500000000,-30.24821579493539,-2.826590725391701,1.564448784789249,1,
77.600000000,-30.248057107450876,-2.801591229031129,1.564448784789249,1,
77.700000000,-30.24789841996636,-2.776591732670557,1.564448784789249,1,
77.800000000,-30.24775031164748,-2.7532588694006894,1.564448784789249,1,
77.900000000,-30.247602203328597,-2.729926006130822,1.564448784789249,1,
78.000000000,-30.24746467417535,-2.7082597759516593,1.564448784789249,1,
78.100000000,-30.247327145022105,-2.6865935457724968,1.564448784789249,1,
78.200000000,-30.24718961586886,-2.664927315593334,1.564448784789249,1,
78.300000000,-30.247062665881245,-2.6449277185048765,1.564448784789249,1,
78.400000000,-30.24693571589363,-2.624928121416419,1.564448784789249,1,
78.500000000,-30.246808765906017,-2.604928524327961,1.564448784789249,1,
78.600000000,-30.246681815918404,-2.5849289272395035,1.564448784789249,1,
78.700000000,-30.24655486593079,-2.564929330151046,1.564448784789249,1,
78.800000000,-30.246427915943176,-2.544929733062588,1.564448784789249,1,
78.900000000,-30.246300965955562,-2.5249301359741305,1.564448784789249,1,
79.000000000,-30.24617401596795,-2.504930538885673,1.564448784789249,1,
79.100000000,-30.246047065980335,-2.484930941797215,1.564448784789249,1,
79.200000000,-30.245930695158357,-2.4665979777994624,1.564448784789249,1,
79.300000000,-30.245803745170743,-2.4465983807110048,1.564448784789249,1,
79.400000000,-30.24567679518313,-2.426598783622547,1.564448784789249,1,
79.500000000,-30.245549845195516,-2.4065991865340894,1.564448784789249,1,
79.600000000,-30.245422895207902,-2.3865995894456318,1.564448784789249,1,
79.700000000,-30.245285366054656,-2.364933359266469,1.564448784789249,1,
79.800000000,-30.24514783690141,-2.3432671290873066,1.564448784789249,1,
79.900000000,-30.245010307748164,-2.321600898908144,1.564448784789249,1,
80.000000000,-30.244872778594917,-2.2999346687289814,1.564448784789249,1,
80.100000000,-30.24473524944167,-2.278268438549819,1.564448784789249,1,
80.200000000,-30.244597720288425,-2.2566022083706563,1.564448784789249,1,
80.300000000,-30.244449611969543,-2.233269345100789,1.564448784789249,1,
80.400000000,-30.244312082816297,-2.211603114921626,1.564448784789249,1,
80.500000000,-30.244163974497415,-2.1882702516517587,1.564448784789249,1,
80.600000000,-30.24402644534417,-2.166604021472596,1.564448784789249,1,
80.700000000,-30.243888916190922,-2.1449377912934335,1.564448784789249,1,
80.800000000,-30.243751387037676,-2.123271561114271,1.564448784789249,1,
80.900000000,-30.24361385788443,-2.1016053309351084,1.564448784789249,1,
81.000000000,-30.243486907896816,-2.0816057338466507,1.564448784789249,1,
81.100000000,-30.243359957909203,-2.061606136758193,1.564448784789249,1,
81.200000000,-30.243222428755956,-2.0399399065790305,1.564448784789249,1,
81.300000000,-30.24308489960271,-2.018273676399868,1.564448784789249,1,
81.400000000,-30.242936791283828,-1.9949408131300006,1.564448784789249,1,
81.500000000,-30.242799262130582,-1.973274582950838,1.564448784789249,1,
81.600000000,-30.242661732977336,-1.9516083527716754,1.564448784789249,1,
81.700000000,-30.242534782989722,-1.9316087556832178,1.564448784789249,1,
81.800000000,-30.242397253836476,-1.9099425255040552,1.564448784789249,1,
81.900000000,-30.24225972468323,-1.8882762953248926,1.564448784789249,1,
82.000000000,-30.242122195529983,-1.86661006514573,1.564448784789249,1,
82.100000000,-30.241984666376737,-1.8449438349665674,1.564448784789249,1,
82.200000000,-30.24184713722349,-1.8232776047874049,1.564448784789249,1,
82.300000000,-30.241709608070245,-1.8016113746082423,1.564448784789249,1,
82.400000000,-30.241572078917,-1.7799451444290797,1.564448784789249,1,
82.500000000,-30.241423970598117,-1.7566122811592124,1.564448784789249,1,
82.600000000,-30.24128644144487,-1.7349460509800498,1.564448784789249,1,
82.700000000,-30.24113833312599,-1.7116131877101826,1.564448784789249,1,
82.800000000,-30.241000803972742,-1.68994695753102,1.564448784789249,1,
82.900000000,-30.240863274819496,-1.6682807273518574,1.564448784789249,1,
83.000000000,-30.24072574566625,-1.6466144971726948,1.564448784789249,1,
83.100000000,-30.240577637347368,-1.6232816339028275,1.564448784789249,1,
83.200000000,-30.24044010819412,-1.601615403723665,1.564448784789249,1,
83.300000000,-30.240302579040875,-1.5799491735445024,1.564448784789249,1,
83.400000000,-30.24016504988763,-1.5582829433653398,1.564448784789249,1,
83.500000000,-30.240016941568747,-1.5349500800954725,1.564448784789249,1,
83.600000000,-30.2398794124155,-1.51328384991631,1.564448784789249,1,
83.700000000,-30.239741883262255,-1.4916176197371473,1.564448784789249,1,
83.800000000,-30.23961493327464,-1.4716180226486897,1.564448784789249,1,
83.900000000,-30.239487983287027,-1.451618425560232,1.564448784789249,1,
84.000000000,-30.239339874968145,-1.4282855622903647,1.564448784789249,1,
84.100000000,-30.2392023458149,-1.4066193321112022,1.564448784789249,1,
84.200000000,-30.239064816661653,-1.3849531019320396,1.564448784789249,1,
84.300000000,-30.238927287508407,-1.363286871752877,1.564448784789249,1,
84.400000000,-30.23878975835516,-1.3416206415737144,1.564448784789249,1,
84.500000000,-30.238652229201914,-1.3199544113945518,1.564448784789249,1,
84.600000000,-30.23851470004867,-1.2982881812153892,1.564448784789249,1,
84.700000000,-30.238377170895422,-1.2766219510362267,1.564448784789249,1,
84.800000000,-30.238239641742176,-1.254955720857064,1.564448784789249,1,
84.900000000,-30.238059795926393,-1.2266229583150823,1.564448784789249,1,
85.000000000,-30.237890529276243,-1.1999568288638054,1.564448784789249,1,
85.100000000,-30.237731841791728,-1.1749573325032332,1.564448784789249,1,
85.200000000,-30.237562575141578,-1.1482912030519563,1.564448784789249,1,
85.300000000,-30.237393308491427,-1.1216250736006794,1.564448784789249,1,
85.400000000,-30.237224041841277,-1.0949589441494025,1.5627710603310734,1,
85.500000000,-30.23701003703275,-1.068293136210151,1.560672348151492,1,
85.600000000,-30.23674006888071,-1.0416278361310596,1.5585736359719102,1,
85.700000000,-30.236434509218405,-1.016629703534948,1.5566060933035517,1,
85.800000000,-30.23596151730956,-0.9832997261907422,1.5539827030790745,1,
85.900000000,-30.23540108959186,-0.9499711043787868,1.5513593128545975,1,
86.000000000,-30.234785622905758,-0.9183104193177198,1.5488670921413439,1,
86.100000000,-30.234127798592777,-0.8883176323986413,1.546506040939314,1,
86.200000000,-30.233399161673525,-0.8583264822333024,1.5441449897372852,1,
86.300000000,-30.2326441298467,-0.8300032107994045,1.541915108046479,1,
86.400000000,-30.231681556385844,-0.7966837785796989,1.5424387498900027,1,
86.500000000,-30.230736430505072,-0.7633638468843816,1.5429623917335265,1,
86.600000000,-30.229855136365614,-0.7317094459515329,1.5434598514848739,1,
86.700000000,-30.228989589124968,-0.7000546105270359,1.5439573112362213,1,
86.800000000,-30.22809506267482,-0.6667332820189902,1.544480953079745,1,
86.900000000,-30.227217984788407,-0.6334114896678534,1.5450045949232685,1,
87.000000000,-30.22640133716033,-0.6017553549633553,1.5455020546746157,1,
87.100000000,-30.225558284660558,-0.5684326843982019,1.5460256965181403,1,
87.200000000,-30.224773961582233,-0.536775732316762,1.5465231562694872,1,
87.300000000,-30.22396493534811,-0.5034522182814203,1.5470467981130112,1,
87.400000000,-30.222183888138332,-0.42847336879147047,1.5595057361984426,1,
87.500000000,-30.22133711183468,-0.3534781491445385,1.5731786097844627,1,
87.600000000,-30.221515782889895,-0.2784783619671469,1.586851483370483,1,
87.700000000,-30.222719867902402,-0.20348802806148503,1.6005243569565026,1,
87.800000000,-30.224949141775053,-0.12852116646250442,1.6141972305425232,1,
87.900000000,-30.228203187757227,-0.053591791817136594,1.6278701041285428,1,
88.000000000,-30.232481397522733,0.02128608823566891,1.641542977714563,1,
88.100000000,-30.23778297128353,0.09609847568359654,1.6552158513005837,1,
88.200000000,-30.24410691793924,0.1708313847578169,1.6688887248866033,1,
88.300000000,-30.25145205526245,0.2454708445475502,1.6825615984726237,1,
88.400000000,-30.25981701011969,0.32000290161185196,1.6962344720586435,1,
88.500000000,-30.26920021872816,0.39441362258813295,1.709907345644663,1,
88.600000000,-30.279133594621534,0.46535851732691746,1.7382704135067202,1,
88.700000000,-30.29092052092746,0.5350798797058613,1.7675597353617805,1,
88.800000000,-30.304744191265225,0.6044261567660623,1.7968490572168394,1,
88.900000000,-30.320592747648266,0.6733378630596297,1.8261383790718995,1,
89.000000000,-30.338452595136598,0.7417558859148019,1.8554277009269584,1,
89.100000000,-30.358308413498595,0.8096215361429755,1.884717022782018,1,
89.200000000,-30.380143170352724,0.8768765983824709,1.9140063446370779,1,
89.300000000,-30.403938135777988,0.9434633810358467,1.943295666492137,1,
89.400000000,-30.429672898380495,1.009324765757928,1.972584988347198,1,
89.500000000,-30.457325382802424,1.0744042564520973,2.001874310202256,1,
89.600000000,-30.486871868658326,1.1386460277328174,2.0311636320573156,1,
89.700000000,-30.518287010882553,1.2019949728128188,2.060452953912375,1,
89.800000000,-30.55154386147032,1.2643967507738687,2.0897422757674344,1,
89.900000000,-30.586613892593803,1.3257978331805769,2.119031597622494,1,
90.000000000,-30.623467021073377,1.3861455499972506,2.148320919477553,1,
90.100000000,-30.66207163418307,1.4453881347684117,2.1776102413326126,1,
90.200000000,-30.70239461676806,1.5034747690242203,2.206899563187672,1,
90.300000000,-30.74694951708677,1.5638060283976984,2.2229195982607024,1,
90.400000000,-30.79246516775964,1.6234158056479553,2.2377790096839365,1,
90.500000000,-30.838861527158027,1.682342691146645,2.2526384211071706,1,
90.600000000,-30.886128351056477,1.7405736739526472,2.2674978325304047,1,
90.700000000,-30.934255203032677,1.7980958967787952,2.282357243953639,1,
90.800000000,-30.983231456771794,1.8548966588307405,2.297216655376873,1,
90.900000000,-31.033046298412746,1.9109634186112632,2.312076066800107,1,
91.000000000,-31.083688728935883,1.96628379668941,2.326935478223341,1,
91.100000000,-31.13514756659155,2.0208455784338484,2.3417948896465752,1,
91.200000000,-31.187411449368987,2.0746367167098327,2.3566543010698093,1,
91.300000000,-31.240468837505052,2.12764533453919,2.3582009302083793,1,
91.400000000,-31.293608146823104,2.180571828898825,2.3582009302083793,1,
91.500000000,-31.346747456141156,2.2334983232584604,2.3582009302083793,1,
91.600000000,-31.399886765459208,2.2864248176180957,2.3582009302083793,1,
91.700000000,-31.45302607477726,2.339351311977731,2.3582009302083793,1,
91.800000000,-31.50616538409531,2.392277806337366,2.3582009302083793,1,
91.900000000,-31.559304693413363,2.4452043006970015,2.3582009302083793,1,
92.000000000,-31.612444002731415,2.4981307950566367,2.3582009302083793,1,
92.100000000,-31.665583312049467,2.551057289416272,2.3582009302083793,1,
92.200000000,-31.71872262136752,2.6039837837759072,2.3582009302083793,1,
92.300000000,-31.77186193068557,2.6569102781355425,2.3582009302083793,1,
92.400000000,-31.825001240003623,2.7098367724951777,2.3582009302083793,1,
92.500000000,-31.878140549321675,2.762763266854813,2.3582009302083793,1,
92.600000000,-31.931279858639726,2.8156897612144483,2.3582009302083793,1,
92.700000000,-31.98441916795778,2.8686162555740835,2.382724657711049,1,
92.800000000,-32.026446247903166,2.9084705004482667,2.4248054356580235,1,
92.900000000,-32.058171800904,2.936116136037929,2.4827246576190527,1,
93.000000000,-32.07756236350264,2.9511301061417243,2.5582009300033386,1,
93.100000000,-32.08010528252024,2.9528085010212477,2.6551540551287056,1,
93.200000000,-32.08010528252024,2.9528085010212477,2.7551540551287057,1,
93.300000000,-32.08010528252024,2.9528085010212477,2.855154055128706,1,
93.400000000,-32.08010528252024,2.9528085010212477,2.955154055128706,1,
93.500000000,-32.08010528252024,2.9528085010212477,3.055154055128706,1,
93.600000000,-32.08010528252024,2.9528085010212477,-3.12803125205088,1,
93.700000000,-32.08010528252024,2.9528085010212477,-3.02803125205088,1,
93.800000000,-32.08010528252024,2.9528085010212477,-2.92803125205088,1,
93.900000000,-32.08010528252024,2.9528085010212477,-2.82803125205088,1,
94.000000000,-32.08010528252024,2.9528085010212477,-2.72803125205088,1,
94.100000000,-32.08010528252024,2.9528085010212477,-2.6280312520508797,1,
94.200000000,-32.08010528252024,2.9528085010212477,-2.5280312520508796,1,
94.300000000,-32.08010528252024,2.9528085010212477,-2.4280312520508796,1,
94.400000000,-32.08010528252024,2.9528085010212477,-2.3280312520508795,1,
94.500000000,-32.08010528252024,2.9528085010212477,-2.2280312520508794,1,
94.600000000,-32.08010528252024,2.9528085010212477,-2.1280312520508793,1,
94.700000000,-32.08010528252024,2.9528085010212477,-2.02803125205088,1,
94.800000000,-32.08010528252024,2.9528085010212477,-1.928031252050879,1,
94.900000000,-32.08010528252024,2.9528085010212477,-1.8280312520508786,1,
95.000000000,-32.08010528252024,2.9528085010212477,-1.728031252050879,1,
95.100000000,-32.08010528252024,2.9528085010212477,-1.6280312520508788,1,
95.200000000,-32.08010528252024,2.9528085010212477,-1.528031252050879,1,
95.300000000,-32.08010528252024,2.9528085010212477,-1.4280312520508787,1,
95.400000000,-32.08010528252024,2.9528085010212477,-1.3280312520508786,1,
95.500000000,-32.08010528252024,2.9528085010212477,-1.228031252050879,1,
95.600000000,-32.08010528252024,2.9528085010212477,-1.1280312520508784,1,
95.700000000,-32.08010528252024,2.9528085010212477,-1.0280312520508783,1,
95.800000000,-32.08010528252024,2.9528085010212477,-0.9280312520508784,1,
95.900000000,-32.08010528252024,2.9528085010212477,-0.8280312520508784,1,
96.000000000,-32.08010528252024,2.9528085010212477,-0.7280312520508784,1,
96.100000000,-32.08010528252024,2.9528085010212477,-0.6280312520508783,1,
96.200000000,-32.08010528252024,2.9528085010212477,-0.5280312520508785,1,
96.300000000,-32.06829464509897,2.9459196462868102,-0.4417041257740165,1,
96.400000000,-32.05486137306347,2.939567535279465,-0.35656353733132423,1,
96.500000000,-32.04093659067004,2.934380768740929,-0.2714229488886321,1,
96.600000000,-32.02662117658897,2.9303969224190025,-0.18628236044593996,1,
96.700000000,-32.01201883943815,2.927644857455507,-0.10114177200324775,1,
96.800000000,-31.997235366461723,2.9261445113005338,-0.01600118356055555,1,
96.900000000,-31.98237785714991,2.92590675327475,0.06913940488213666,1,
97.000000000,-31.967553947352265,2.9269333058261484,0.15427999332482886,1,
97.100000000,-31.95287102950526,2.9292167320517013,0.23942058176752107,1,
97.200000000,-31.938435474623258,2.932740489574316,0.32456117021021325,1,
97.300000000,-31.92435186168925,2.9374790503847805,0.40970175865290537,1,
97.400000000,-31.892598866726246,2.9512686353039896,0.4750837670681159,1,
97.500000000,-31.847437670029393,2.9744985631073937,0.5242983042579467,1,
97.600000000,-31.79083807185265,3.0072291684101407,0.5589162957444977,1,
97.700000000,-31.73393269974375,3.0428201148870118,0.5917974694289866,1,
97.800000000,-31.678228148325577,3.080262601413308,0.6246786431134757,1,
97.900000000,-31.62378463835012,3.1195161498837836,0.6575598167979647,1,
98.000000000,-31.57066102729003,3.1605383243008953,0.6904409904824536,1,
98.100000000,-31.518914745709324,3.2032847766512633,0.7233221641669426,1,
98.200000000,-31.468601735176698,3.247709294849162,0.7562033378514313,1,
98.300000000,-31.419776387788517,3.2937638526952138,0.7890845115359202,1,
98.400000000,-31.36693923722592,3.3469919986372383,0.8015434496213518,1,
98.500000000,-31.314769336455427,3.400874291216498,0.8101798523136581,1,
98.600000000,-31.263066724674665,3.4552051290072754,0.8188162550059643,1,
98.700000000,-31.21183525822571,3.5099804596360316,0.8274526576982706,1,
98.800000000,-31.16107875830933,3.5651961975758466,0.8360890603905771,1,
98.900000000,-31.110801010699966,3.620848224451145,0.8447254630828833,1,
99.000000000,-31.061005765463367,3.6769323893448735,0.8533618657751895,1,
99.100000000,-31.011696736676885,3.7334445091081068,0.8619982684674956,1,
99.200000000,-30.962877602152453,3.790380368672054,0.8706346711598019,1,
99.300000000,-30.914552003162267,3.8477357213624495,0.8792710738521083,1,
99.400000000,-30.86672354416719,3.905506289216298,0.8975401089572765,1,
99.500000000,-30.81995842033149,3.9641409478460847,0.9158091440624446,1,
99.600000000,-30.774272239438595,4.023620128030599,0.9340781791676124,1,
99.700000000,-30.7296802491765,4.083923978690944,0.9523472142727805,1,
99.800000000,-30.686197332048863,4.145032373515804,0.9706162493779485,1,
99.900000000,-30.643838000408003,4.206924917678567,0.9888852844831165,1,
100.000000000,-30.602616391611427,4.2695809546440655,1.0071543195882848,1,
100.100000000,-30.562546263303503,4.3329795730626595,1.0254233546934524,1,
100.200000000,-30.523640988823878,4.397099613749367,1.0436923897986208,1,
100.300000000,-30.48591355274414,4.461919676745706,1.0619614249037885,1,
100.400000000,-30.449376546534243,4.527418128461895,1.0802304600089565,1,
100.500000000,-30.414042164360126,4.593573108897032,1.0984994951141243,1,
100.600000000,-30.37992219901392,4.660362538934828,1.1210117624834497,1,
100.700000000,-30.34731433384562,4.727903098076474,1.143524029852775,1,
100.800000000,-30.316235093894523,4.79616055806483,1.1657977555086947,1,
100.900000000,-30.286683785351816,4.8650932800726965,1.1875872697373122,1,
101.000000000,-30.259887712409068,4.9315619312246355,1.2084083611113239,1,
101.100000000,-30.235072144271633,4.997015636834146,1.2287452410580335,1,
101.200000000,-30.212710806941576,5.059820214989371,1.2481136981501377,1,
101.300000000,-30.192098535274763,5.121465443975348,1.2703681722951294,1,
101.400000000,-30.173356351900118,5.181962069281742,1.2920520188979423,1,
101.500000000,-30.156847433423128,5.239646171170564,1.312594610416396,1,
101.600000000,-30.141952466279974,5.296045796449303,1.3325665743926716,1,
101.700000000,-30.12858011066451,5.351112040341588,1.3519679108267673,1,
101.800000000,-30.112408334444545,5.423830270692595,1.3774731635522734,1,
101.900000000,-30.098096313718337,5.496937270591532,1.4029784162777803,1,
102.000000000,-30.085653358207093,5.570385485203161,1.4284836690032872,1,
102.100000000,-30.075087561837528,5.64412713773799,1.4539889217287936,1,
102.200000000,-30.06640579747689,5.718114260530251,1.4794941744543002,1,
102.300000000,-30.059613712462294,5.792298726240028,1.5049994271798068,1,
102.400000000,-30.054682504846046,5.867136438601146,1.5254295095904526,1,
102.500000000,-30.05128116058097,5.942059271283783,1.544789470164938,1,
102.600000000,-30.049330866200147,6.017033909341117,1.5641494307394246,1,
102.700000000,-30.048832352666828,6.092032252551197,1.5835093913139107,1,
102.800000000,-30.049785806822072,6.167026191807472,1.6028693518883972,1,
102.900000000,-30.05219087131473,6.2419876196539725,1.6222293124628835,1,
103.000000000,-30.05604664473536,6.3168884408198895,1.6415892730373698,1,
103.100000000,-30.0613516819541,6.391700582749578,1.6609492336118556,1,
103.200000000,-30.068103994662273,6.466396006124046,1.6803091941863428,1,
103.300000000,-30.076301052117607,6.540946715369994,1.6996691547608291,1,
103.400000000,-30.085939782092748,6.615324769152453,1.7027160294665762,1,
103.500000000,-30.095805087587706,6.689673109735758,1.7042626586051473,1,
103.600000000,-30.105785370547565,6.764006103433315,1.705809287743716,1,
103.700000000,-30.115880607098877,6.838323572436054,1.7073559168822872,1,
103.800000000,-30.126090773093217,6.912625338972039,1.708902546020856,1,
103.900000000,-30.136415844107244,6.986911225306897,1.710449175159426,1,
104.000000000,-30.146855795442754,7.061181053744239,1.711995804297996,1,
104.100000000,-30.157410602126745,7.13543464662609,1.7135424334365663,1,
104.200000000,-30.16808023891147,7.209671826333309,1.7150890625751356,1,
104.300000000,-30.17886468027451,7.283892415286019,1.7166356917137058,1,
104.400000000,-30.18976390041882,7.358096235944027,1.7093397259946403,1,
104.500000000,-30.200121446746955,7.432377601265759,1.7016199531238727,1,
104.600000000,-30.209905254874993,7.50673671031444,1.694215273023339,1,
104.700000000,-30.219138194401115,7.581166226151284,1.6869681393079246,1,
104.800000000,-30.227638311065274,7.654005266469464,1.6800360983627451,1,
104.900000000,-30.23545159994284,7.725244747293139,1.6732616038026835,1,
105.000000000,-30.24244114817433,7.793219673993829,1.6668022020128574,1,
105.100000000,-30.248831712180788,7.859579338972819,1.6605003466081485,1,
105.200000000,-30.25465465677511,7.924317992930493,1.654356037588558,1,
105.300000000,-30.25994061548514,7.987430351083448,1.648369274954085,1,
105.400000000,-30.264073691301473,8.040603296542026,1.6399221048132557,1,
105.500000000,-30.267642346186438,8.092146571047595,1.6317389087393275,1,
105.600000000,-30.270687589461847,8.142053749823734,1.6238196867323003,1,
105.700000000,-30.273249184487543,8.190319155053935,1.6161644387921739,1,
105.800000000,-30.275365636836195,8.236937803760581,1.6087731649189485,1,
105.900000000,-30.27707418379347,8.281905357255237,1.601645865112624,1,
106.000000000,-30.278410785091122,8.32521807218687,1.5947825393731998,1,
106.100000000,-30.279410114783328,8.366872753211664,1.5881831877006778,1,
106.200000000,-30.28010555417943,8.406866707305332,1.581847810095056,1,
106.300000000,-30.280529185749085,8.44519769973623,1.5757764065563353,1,
106.400000000,-30.280720088017503,8.48353055771432,1.569705003017614,1,
106.500000000,-30.280680072820278,8.520197202546216,1.5638975735457945,1,
106.600000000,-30.280404124879183,8.560196250694062,1.5601164603029694,1,
106.700000000,-30.279994737779514,8.598527397906832,1.5564928934452615,1,
106.800000000,-30.27947029643954,8.635190313853675,1.553026872972672,1,
106.900000000,-30.278848398284723,8.67018478831301,1.5497183988852,1,
107.000000000,-30.278110725432814,8.70517701371757,1.5464099247977277,1,
107.100000000,-30.277297925933347,8.738500435932055,1.5432589970953734,1,
107.200000000,-30.27642602069756,8.770155096869074,1.5402656157781371,1,
107.300000000,-30.275459365038902,8.80180700604712,1.5372722344609007,1,
107.400000000,-30.27445383064103,8.831790149654399,1.5353847944454537,1,
107.500000000,-30.273450713569364,8.860105720175197,1.5336022122086423,1,
107.600000000,-30.272397123285145,8.88841945757051,1.531819629971831,1,
107.700000000,-30.271358007850903,8.915065871029462,1.5301419055136558,1,
107.800000000,-30.27034192726613,8.940045214100193,1.528569038834117,1,
107.900000000,-30.26928655877801,8.965022928113974,1.5269961721545773,1,
108.000000000,-30.26826488191613,8.988333883067265,1.5255281632536735,1,
108.100000000,-30.267208985478067,9.011643313072232,1.52406015435277,1,
108.200000000,-30.26619673700638,9.033286321122779,1.5226970032305032,1,
108.300000000,-30.265154986793586,9.054927929217802,1.5216752291693272,1,
108.400000000,-30.26409112429465,9.076568461582507,1.520653455108151,1,
108.500000000,-30.263005150620273,9.098207895623696,1.5196316810469745,1,
108.600000000,-30.26189706690423,9.119846208749324,1.518609906985798,1,
108.700000000,-30.26085381219576,9.139818980705497,1.5176667309293281,1,
108.800000000,-30.25943768941984,9.166448019505173,1.5164091628540344,1,
108.900000000,-30.257988079943463,9.193075256377915,1.5151515947787408,1,
109.000000000,-30.25650498605915,9.219700649213353,1.5138940267034466,1,
109.100000000,-30.255083196109048,9.244660186735867,1.5127150566328589,1,
109.200000000,-30.253631980606173,9.269618030664464,1.5115360865622707,1,
109.300000000,-30.25215134156767,9.294574146308484,1.5107504299120855,1,
109.400000000,-30.250751112417785,9.317865427998685,1.5100171503719122,1,
109.500000000,-30.24933380462555,9.341155676667741,1.5092838708317393,1,
109.600000000,-30.248001875072518,9.362781365283602,1.5086029684015785,1,
109.700000000,-30.24665522084545,9.384406141972326,1.5079220659714176,1,
109.800000000,-30.245293842568696,9.406029996708057,1.5072411635412568,1,
109.900000000,-30.244023594849985,9.425989617714807,1.5066126382211085,1,
110.000000000,-30.24274080225582,9.445948436396291,1.5059841129009601,1,
110.100000000,-30.24144546529296,9.465906444867896,1.505355587580812,1,
110.200000000,-30.240137584473118,9.485863635245328,1.5047270622606637,1,
110.300000000,-30.238927195659645,9.504156969278013,1.5041509140505274,1,
110.400000000,-30.237484280415323,9.525775536299028,1.503810546852237,1,
110.500000000,-30.236034007003635,9.54739361094678,1.5034701796539465,1,
110.600000000,-30.234688501085753,9.567348299965278,1.5031559945478317,1,
110.700000000,-30.233336725768297,9.587302565260977,1.5028418094417175,1,
110.800000000,-30.231978681184703,9.607256404864145,1.5025276243356034,1,
110.900000000,-30.230500674659385,9.628872601133507,1.502187257137313,1,
111.000000000,-30.22912956953595,9.648825547551029,1.5018730720311986,1,
111.100000000,-30.227752195561703,9.668778062202948,1.5015588869250842,1,
111.200000000,-30.226137945757756,9.692055489939168,1.5011923376346177,1,
111.300000000,-30.22463107673925,9.713669693375925,1.5008519704363272,1,
111.400000000,-30.223116851042302,9.735283382671904,1.5005116032380368,1,
111.500000000,-30.221712313626952,9.75523400358076,1.5001974181319224,1,
111.600000000,-30.220183940965256,9.776846697106821,1.4998570509336322,1,
111.700000000,-30.218766345126827,9.796796394398731,1.4995428658275178,1,
111.800000000,-30.217223826155195,9.818408082895159,1.4992024986292276,1,
111.900000000,-30.215793172501037,9.838356848022903,1.4988883135231128,1,
112.000000000,-30.214236507880347,9.859967522230413,1.4985479463248228,1,
112.100000000,-30.212552178547256,9.883239984049958,1.4981813970343563,1,
112.200000000,-30.210980237374862,9.90484955242591,1.4978410298360656,1,
112.300000000,-30.209279456777004,9.928120817750392,1.4974744805455993,1,
112.400000000,-30.207692239838458,9.949729269495819,1.4971341133473086,1,
112.500000000,-30.206097668183812,9.971337179753005,1.496793746149018,1,
112.600000000,-30.2044957419978,9.99294454601868,1.4964533789507277,1,
112.700000000,-30.20239129822545,10.021199618026849,1.4982359611875387,1,
112.800000000,-30.20045805261037,10.047796115399677,1.4999136856457138,1,
112.900000000,-30.198569431289307,10.074395818793075,1.5015914101038894,1,
113.000000000,-30.1944204499395,10.134252196513073,1.505366290134783,1,
113.100000000,-30.190606420527825,10.19246070927044,1.5090363123870412,1,
113.200000000,-30.18710891079274,10.249019338468504,1.5126014768606635,1,
113.300000000,-30.184006937033306,10.302262386871465,1.5159569257770142,1,
113.400000000,-30.179987396366666,10.37548547797398,1.5194152379840713,1,
113.500000000,-30.176392302488324,10.445393097730383,1.5227163541817172,1,
113.600000000,-30.173108103372726,10.513647463749075,1.5259388723746574,1,
113.700000000,-30.169744922449897,10.588572019230442,1.5304423729608487,1,
113.800000000,-30.166719197271174,10.663510960957309,1.5349458735470403,1,
113.900000000,-30.16403098920275,10.738462769056786,1.5394493741332316,1,
114.000000000,-30.161680352765476,10.813425923395032,1.5439528747194233,1,
114.100000000,-30.159667335633742,10.888398903608088,1.548456375305615,1,
114.200000000,-30.15799197863452,10.963380189132712,1.552959875891806,1,
114.300000000,-30.15665431574654,11.038368259237217,1.565418813977238,1,
114.400000000,-30.156251004229023,11.113367174828175,1.579091687563258,1,
114.500000000,-30.156873149151316,11.188364594355088,1.5915506256486893,1,
114.600000000,-30.158429609821184,11.26334844215035,1.6040095637341212,1,
114.700000000,-30.16092014463993,11.338307078986386,1.6164685018195522,1,
114.800000000,-30.16434436701895,11.413228869548938,1.6276845262555721,1,
114.900000000,-30.168608681033152,11.488107542253442,1.6401434643410033,1,
115.000000000,-30.173805548699455,11.562927276057158,1.651359488777023,1,
115.100000000,-30.17984125185633,11.637684016806084,1.6625755132130429,1,
115.200000000,-30.186715031225088,11.712368360260315,1.6737915376490629,1,
115.300000000,-30.194426022098813,11.786970911287376,1.6850075620850824,1,
115.400000000,-30.202973254451162,11.861482285044106,1.6949500085468305,1,
115.500000000,-30.212260877489506,11.935904997023028,1.7098094199700649,1,
115.600000000,-30.222653312183635,12.010181489274132,1.724668831393299,1,
115.700000000,-30.23414826390428,12.084295361693133,1.724668831393299,1,
115.800000000,-30.245643215624927,12.158409234112135,1.7291723319794896,1,
115.900000000,-30.257471821517893,12.23247058761468,1.7440317434027235,1,
116.000000000,-30.270399589167944,12.306348005162848,1.7588911548259574,1,
116.100000000,-30.284423664149262,12.380025174767267,1.773750566249192,1,
116.200000000,-30.299540949973505,12.453485828652923,1.7886099776724247,1,
116.300000000,-30.315748108773516,12.526713746851048,1.8034693890956592,1,
116.400000000,-30.333041562040314,12.599692760780458,1.8034693890956586,1,
116.500000000,-30.350335015307113,12.672671774709869,1.8019227599570888,1,
116.600000000,-30.367515576465966,12.74567744790221,1.8003761308185182,1,
116.700000000,-30.384583204419915,12.818709605723443,1.7988295016799491,1,
116.800000000,-30.401537858342152,12.891768073476177,1.7972828725413783,1,
116.900000000,-30.418379497676106,12.964852676400083,1.7957362434028086,1,
117.000000000,-30.435108082135546,13.037963239672317,1.7941896142642377,1,
117.100000000,-30.451723571704672,13.111099588407937,1.7926429851256676,1,
117.200000000,-30.46822592663822,13.18426154766032,1.7910963559870974,1,
117.300000000,-30.48461510746154,13.25744894242158,1.789549726848528,1,
117.400000000,-30.500891074970713,13.330661597622987,1.7770907887630956,1,
117.500000000,-30.516253650936317,13.404071346701029,1.763417915177075,1,
117.600000000,-30.530611099981392,13.47768427801692,1.749745041591055,1,
117.700000000,-30.54396073805895,13.55148663003363,1.7360721680050337,1,
117.800000000,-30.556300069526777,13.625464605802955,1.7223992944190143,1,
117.900000000,-30.567626787613985,13.699604375544794,1.7087264208329938,1,
118.000000000,-30.57793877485225,13.773892079232537,1.6950535472469737,1,
118.100000000,-30.587234103471655,13.848313829184129,1.6813806736609533,1,
118.200000000,-30.59551103576109,13.922855712658295,1.6677078000749335,1,
118.300000000,-30.602768024393086,13.997503794455453,1.6540349264889127,1,
118.400000000,-30.609003712713104,14.07224411952282,1.6403620529028922,1,
118.500000000,-30.614216934993134,14.147062715563235,1.6266891793168723,1,
118.600000000,-30.618406716649634,14.22194559564721,1.6130163057308518,1,
118.700000000,-30.621202789882286,14.28813254664275,1.5792622905722626,1,
118.800000000,-30.621626083015077,14.338130754884755,1.5292622906171354,1,
118.900000000,-30.620224545565137,14.37185566020413,1.4630163058749432,1,
119.000000000,-30.61875373443421,14.385449195081637,1.3766891795980813,1,
119.100000000,-30.61845540429152,14.386966779134182,1.278235808910675,1,
119.200000000,-30.61800934884153,14.388447689923563,1.1797824382232682,1,
119.300000000,-30.617419888237922,14.389877584474698,1.0813290675358613,1,
119.400000000,-30.616692731547584,14.39124261391697,0.9828756968484547,1,
119.500000000,-30.615834921456926,14.392529557613852,0.8844223261610482,1,
119.600000000,-30.614854766061782,14.393725951207927,0.7859689554736413,1,
119.700000000,-30.61376175840151,14.394820207341176,0.6875155847862345,1,
119.800000000,-30.612566484516634,14.395801727881315,0.5890622140988281,1,
119.900000000,-30.611280520920527,14.396661006567227,0.49060884341142125,1,
120.000000000,-30.609916322478092,14.397389721079383,0.3921554727240147,1,
120.100000000,-30.608487101777424,14.397980813643498,0.293702102036608,1,
120.200000000,-30.60700670116274,14.398428559386756,0.19524873134920134,1,
120.300000000,-30.605489458667954,14.39872862178458,0.09679536066179457,1,
120.400000000,-30.603950069149406,14.3988780946609,-0.0016580100256120833,1,
120.500000000,-30.60240344196265,14.398875530335168,-0.10011138071301881,1,
120.600000000,-30.600864556561795,14.398720953643494,-0.19856475140042545,1,
120.700000000,-30.599348317419896,14.398415861698096,-0.2970181220878321,1,
120.800000000,-30.597869409675578,14.397963209387413,-0.3954714927752388,1,
120.900000000,-30.59644215690395,14.397367380757302,-0.49392486346264547,1,
121.000000000,-30.59508038238937,14.396634146550511,-0.5923782341500522,1,
121.100000000,-30.593797275243606,14.395770608315651,-0.690831604837459,1,
121.200000000,-30.59260526266616,14.394785129626998,-0.7892849755248657,1,
121.300000000,-30.591515889583864,14.39368725508128,-0.8877383462122721,1,
121.400000000,-30.59053970683548,14.392487617855979,-0.9861917168996792,1,
121.500000000,-30.589686168984336,14.391197836724453,-1.0846450875870857,1,
121.600000000,-30.588963542748605,14.389830403525352,-1.1830984582744923,1,
121.700000000,-30.588378826936157,14.388398562176162,-1.2815518289618992,1,
121.800000000,-30.587937684659448,14.386916180402707,-1.380005199649306,1,
121.900000000,-30.5876443884869,14.385397615426902,-1.4784585703367126,1,
122.000000000,-30.587501779062073,14.383857574913629,-1.576911941024119,1,
122.100000000,-30.587511237591347,14.382310974523483,-1.6753653117115257,1,
122.200000000,-30.5876726724666,14.380772793451039,-1.7738186823989324,1,
122.300000000,-30.59281531007852,14.355791376344296,-1.848313429562143,1,
122.400000000,-30.604564164684163,14.314548228270377,-1.9054294832932674,1,
122.500000000,-30.62227767088684,14.2636048760725,-1.951494397911401,1,
122.600000000,-30.642612282493694,14.212796594186333,-1.996768006312597,1,
122.700000000,-30.66522554626342,14.162960681040225,-2.042041614713792,1,
122.800000000,-30.69007111971441,14.11419926783965,-2.0873152231149894,1,
122.900000000,-30.717098085582244,14.06661228376412,-2.1325888315161836,1,
123.000000000,-30.74625105616696,14.020297251177366,-2.177862439917379,1,
123.100000000,-30.77747028684183,13.97534908576992,-2.2231360483185747,1,
123.200000000,-30.810691798490954,13.931859902043701,-2.2684096567197702,1,
123.300000000,-30.845847508624853,13.889918824537194,-2.313683265120966,1,
123.400000000,-30.882865370905282,13.84961180517812,-2.3589568735221613,1,
123.500000000,-30.92166952279336,13.811021447137893,-2.404230481923357,1,
123.600000000,-30.96218044101842,13.774226835548854,-2.4495040903245524,1,
123.700000000,-30.992071367021907,13.749451639197629,-2.5106804144091033,1,
123.800000000,-31.00856844887477,13.737400308872918,-2.590250331877325,1,
123.900000000,-31.009885901965305,13.736590136308083,-2.6887037025647316,1,
124.000000000,-31.011276610554056,13.735913385355552,-2.7871570732521382,1,
124.100000000,-31.012727105295816,13.735376610510112,-2.885610443939545,1,
124.200000000,-31.0142233378022,13.734985010564486,-2.9840638146269516,1,
124.300000000,-31.01575081670363,13.734742378257778,-3.0825171853143583,1,
124.400000000,-31.017294748001724,13.734651063541893,3.1022147511778213,1,
124.500000000,-31.018840178352704,13.734711950821687,3.0037613804904146,1,
124.600000000,-31.020372139894107,13.734924450389299,2.905308009803008,1,
124.700000000,-31.02187579521211,13.735286504135605,2.8068546391156013,1,
124.800000000,-31.023336581045434,13.735794605483505,2.7084012684281946,1,
124.900000000,-31.024740349334003,13.73644383334996,2.609947897740788,1,
125.000000000,-31.026073504246302,13.737227899807847,2.5114945270533813,1,
125.100000000,-31.027323133858246,13.738139210986054,2.4130411563659746,1,
125.200000000,-31.028477135208256,13.739168940617922,2.314587785678568,1,
125.300000000,-31.029524331517333,13.74030711552576,2.2161344149911613,1,
125.400000000,-31.041168739400316,13.755773719654664,2.1354943756890936,1,
125.500000000,-31.05210211804086,13.773032036599192,2.0559244582208724,1,
125.600000000,-31.061629109068324,13.79110479826469,1.9763545407526515,1,
125.700000000,-31.069689425379114,13.809877639637943,1.8967846232844285,1,
125.800000000,-31.076232061034098,13.829231765578976,1.8172147058162071,1,
125.900000000,-31.08121561402583,13.849044702560501,1.7376447883479846,1,
126.000000000,-31.084608548271756,13.869191073684307,1.658074870879763,1,
126.100000000,-31.086389393175573,13.889543392070276,1.5785049534115414,1,
126.200000000,-31.08654687949383,13.909972867597437,1.498935035943319,1,
126.300000000,-31.085080010648078,13.930350221891963,1.4193651184750977,1,
126.400000000,-31.079223338148758,13.968729606968115,1.3581887943905462,1,
126.500000000,-31.06767555314637,14.02222378047294,1.312915185989351,1,
126.600000000,-31.051219249446532,14.08461640016809,1.2774415288570895,1,
126.700000000,-31.03231303973796,14.147205235208439,1.242823537370538,1,
126.800000000,-31.01125189052894,14.20910220630758,1.2082055458839862,1,
126.900000000,-30.98806103909251,14.270233143212769,1.1735875543974355,1,
127.000000000,-30.962768274693346,14.330524793599047,1.1389695629108842,1,
127.100000000,-30.935403905288283,14.389904910846454,1.104351571424333,1,
127.200000000,-30.906000721208716,14.44830234061212,1.069733579937782,1,
127.300000000,-30.874593955868434,14.505647106093488,1.0351155884512306,1,
127.400000000,-30.83631196543639,14.570141208215782,1.0202561770279965,1,
127.500000000,-30.797075892167886,14.634059363339881,1.0233030517337443,1,
127.600000000,-30.758034751330975,14.698096768988083,1.0278065523199356,1,
127.700000000,-30.71928239791922,14.762309346455824,1.032310052906127,1,
127.800000000,-30.68081961788783,14.826695793416787,1.0368135534923184,1,
127.900000000,-30.642647191319035,14.89125480401833,1.0413170540785104,1,
128.000000000,-30.604765892406263,14.955985068907957,1.0458205546647017,1,
128.100000000,-30.567176489438445,15.020885275259886,1.0503240552508932,1,
128.200000000,-30.529879744784427,15.085954106801669,1.0548275558370848,1,
128.300000000,-30.49287641487751,15.15119024384089,1.0593310564232765,1,
128.400000000,-30.456167250200114,15.216592363291928,1.0818433237926013,1,
128.500000000,-30.420939612909965,15.282804247202249,1.105369686511669,1,
128.600000000,-30.38727930534182,15.349826509879794,1.1288960492307365,1,
128.700000000,-30.355204957271354,15.417622056900631,1.1524224119498037,1,
128.800000000,-30.32473432070241,15.486153365855616,1.1759487746688708,1,
128.900000000,-30.295884260041912,15.555382507117699,1.1994751373879387,1,
129.000000000,-30.268670742766002,15.625271164834626,1.2230015001070058,1,
129.100000000,-30.24310883058263,15.695780658135384,1.2465278628260732,1,
129.200000000,-30.219212671095438,15.766871962538684,1.2700542255451406,1,
129.300000000,-30.19699548997355,15.838505731551608,1.2935805882642084,1,
129.400000000,-30.17646958363165,15.910642318446495,1.3171069509832756,1,
129.500000000,-30.157646312424365,15.983241798203977,1.3406333137023427,1,
129.600000000,-30.140651360816186,16.055772060793647,1.3661385664278496,1,
129.700000000,-30.125511638786925,16.128712147086215,1.3916438191533558,1,
129.800000000,-30.11223699446313,16.20201461082085,1.4171490718788626,1,
129.900000000,-30.10083606277066,16.275631770016478,1.4426543246043695,1,
130.000000000,-30.091316259817805,16.349515737988085,1.4681595773298757,1,
130.100000000,-30.083683778071247,16.42361845449618,1.4936648300553823,1,
130.200000000,-30.07794358232796,16.49789171700914,1.5191700827808892,1,
130.300000000,-30.0740994064857,16.57228721205813,1.5446753355063956,1,
130.400000000,-30.072140554912888,16.647261627030943,1.5618314743696309,1,
130.500000000,-30.071468199987113,16.722258613229414,1.5778515094426615,1,
130.600000000,-30.071997334296007,16.797256746652074,1.593871544515692,1,
130.700000000,-30.07372782204464,16.872236780075326,1.6098915795887219,1,
130.800000000,-30.076659219127492,16.947179470920684,1.6259116146617525,1,
130.900000000,-30.080790773242448,17.02206558619311,1.6419316497347831,1,
131.000000000,-30.086121424083835,17.096875907416905,1.6579516848078133,1,
131.100000000,-30.09264980361456,17.171591235567846,1.6739717198808435,1,
131.200000000,-30.10037423641718,17.24619239600036,1.689991754953874,1,
131.300000000,-30.109292740123895,17.320660243368426,1.7060117900269045,1,
131.400000000,-30.11940302592527,17.394975666538954,1.709058664732653,1,
131.500000000,-30.1297396942303,17.469259940031744,1.710605293871222,1,
131.600000000,-30.140191240348475,17.54352813769225,1.712151923009792,1,
131.700000000,-30.15075763927906,17.61778008186639,1.7136985521483628,1,
131.800000000,-30.16143886574658,17.692015594938972,1.7152451812869323,1,
131.900000000,-30.172234894200884,17.766234499334104,1.716791810425502,1,
132.000000000,-30.183145698817214,17.840436617515625,1.718338439564072,1,
132.100000000,-30.194171253496258,17.914621771987523,1.719885068702642,1,
132.200000000,-30.205311531864215,17.98878978529437,1.7214316978412116,1,
132.300000000,-30.216566507272855,18.062940480021734,1.7229783269797814,1,
132.400000000,-30.22793615279959,18.137073678796618,1.71051938889435,1,
132.500000000,-30.238381318871408,18.21134277402291,1.69684651530833,1,
132.600000000,-30.247810068299053,18.285747738133047,1.6831736417223095,1,
132.700000000,-30.256220638429113,18.360274661523775,1.6695007681362894,1,
132.800000000,-30.26361145695126,18.434909611792214,1.6558278945502687,1,
132.900000000,-30.26998114219218,18.509638636340455,1.6421550209642486,1,
133.000000000,-30.27532850337387,18.584447764983906,1.6284821473782283,1,
133.100000000,-30.27965254083625,18.659323012562957,1.6148092737922077,1,
133.200000000,-30.282952446224037,18.734250381557416,1.6011364002061876,1,
133.300000000,-30.285227602637875,18.80921586470328,1.587463526620167,1,
133.400000000,-30.28647758474965,18.884205447611308,1.5815444562447067,1,
133.500000000,-30.28728367893787,18.95920111556726,1.5756253858692457,1,
133.600000000,-30.28764585696079,19.03420024107603,1.5697063154937854,1,
133.700000000,-30.287564106129395,19.10920019652136,1.5637872451183246,1,
133.800000000,-30.287038429307852,19.18419835425793,1.5578681747428642,1,
133.900000000,-30.286068844913398,19.259192086703397,1.5519491043674039,1,
134.000000000,-30.28465538691571,19.33417876643046,1.546030033991943,1,
134.100000000,-30.2827981048357,19.40915576625891,1.5401109636164825,1,
134.200000000,-30.280497063743784,19.48412045934768,1.534191893241022,1,
134.300000000,-30.277752344257614,19.55907021928687,1.5282728228655618,1,
134.400000000,-30.274564042539232,19.63400242018977,1.5237693222793693,1,
134.500000000,-30.271038317082596,19.70891950275446,1.5192658216931783,1,
134.600000000,-30.267175239394643,19.783819947551383,1.514762321106986,1,
134.700000000,-30.26297488782432,19.858702235488423,1.5102588205207943,1,
134.800000000,-30.25843734756099,19.933564847841712,1.5057553199346028,1,
134.900000000,-30.253562710632693,20.00840626628643,1.501251819348411,1,
135.000000000,-30.2483510759043,20.0832249729276,1.496748318762219,1,
135.100000000,-30.242802549075492,20.15801945033088,1.4922448181760273,1,
135.200000000,-30.236917242678626,20.232788181553328,1.4877413175898357,1,
135.300000000,-30.230695276076442,20.307529650174178,1.4832378170036438,1,
135.400000000,-30.224136775459655,20.382242340325583,1.4787343164174518,1,
135.500000000,-30.217241873844383,20.456924736723366,1.4742308158312607,1,
135.600000000,-30.210010711069458,20.53157532469776,1.4697273152450687,1,
135.700000000,-30.202443433793587,20.60619259022411,1.4756463856205295,1,
135.800000000,-30.195317951345494,20.680853339616828,1.4829423513395952,1,
135.900000000,-30.188737375980697,20.755564088695312,1.4902383170586617,1,
136.000000000,-30.18270205798901,20.830320860540674,1.497534282777727,1,
136.100000000,-30.17721231863572,20.905119675784185,1.5048302484967937,1,
136.200000000,-30.172268450144482,20.979956552819115,1.5121262142158596,1,
136.300000000,-30.167870715681765,21.05482750801267,1.5180452845913202,1,
136.400000000,-30.163916222122122,21.129723181991125,1.5225487851775117,1,
136.500000000,-30.16029906023551,21.204635905475765,1.5270522857637037,1,
136.600000000,-30.157019303383333,21.279564159125442,1.531555786349895,1,
136.700000000,-30.154077018083928,21.35450642328404,1.536059286936086,1,
136.800000000,-30.151472264011204,21.42946117801128,1.5405627875222778,1,
136.900000000,-30.149205093993437,21.50442690311356,1.5450662881084698,1,
137.000000000,-30.1472755540122,21.579402078174784,1.5495697886946607,1,
137.100000000,-30.145683683201423,21.65438518258719,1.554073289280852,1,
137.200000000,-30.144429513846607,21.729374695582205,1.5585767898670444,1,
137.300000000,-30.143513071384167,21.804369096261276,1.5630802904532353,1,
137.400000000,-30.142934374400916,21.87936686362672,1.566127165158983,1,
137.500000000,-30.14258418855063,21.95436604608807,1.5706306657451745,1,
137.600000000,-30.142571763971958,22.029366045058936,1.575134166331366,1,
137.700000000,-30.142897100916887,22.1043653394281,1.5796376669175576,1,
137.800000000,-30.143560192787103,22.179362408098626,1.5841411675037491,1,
137.900000000,-30.14456102613412,22.254355730018723,1.5871880422094966,1,
138.000000000,-30.14579034973767,22.32934565443179,1.590234916915244,1,
138.100000000,-30.147248152185405,22.404331485173493,1.596153987290705,1,
138.200000000,-30.14914977291348,22.47930737355507,1.6006574878768962,1,
138.300000000,-30.15138902717363,22.55427393770442,1.6065765582523563,1,
138.400000000,-30.15407197198527,22.629225934389883,1.6035296835466089,1,
138.500000000,-30.156526535353933,22.70418575775326,1.6004828088408611,1,
138.600000000,-30.158752694492826,22.779152711909667,1.5974359341351136,1,
138.700000000,-30.16075042873554,22.854126100908,1.594389059429366,1,
138.800000000,-30.16251971953623,22.929105228737434,1.591342184723618,1,
138.900000000,-30.164060550469802,23.00408939933386,1.5882953100178703,1,
139.000000000,-30.16537290723204,23.07907791658636,1.5852484353121232,1,
139.100000000,-30.166456777639763,23.15407008434366,1.5822015606063755,1,
139.200000000,-30.167312151630924,23.229065206420604,1.5791546859006274,1,
139.300000000,-30.167939021264715,23.304062586604594,1.5836581864868189,1,
139.400000000,-30.168903634145522,23.37905638316131,1.5881616870730106,1,
139.500000000,-30.170205970709567,23.45404507510532,1.592665187659202,1,
139.600000000,-30.171846004543532,23.529027141554728,1.597168688245394,1,
139.700000000,-30.173823702385096,23.604001061762006,1.601672188831585,1,
139.800000000,-30.176139024123618,23.67896531514485,1.6061756894177766,1,
139.900000000,-30.178791922800933,23.753918381317007,1.6106791900039683,1,
140.000000000,-30.181782344612326,23.828858740119124,1.6151826905901594,1,
140.100000000,-30.185110228907604,23.903784871649567,1.6196861911763514,1,
140.200000000,-30.18877550819234,23.978695256295254,1.624189691762543,1,
140.300000000,-30.19277810812923,24.053588374762473,1.6366486298479743,1,
140.400000000,-30.197713462004465,24.128425813802878,1.650321503433994,1,
140.500000000,-30.203671565522612,24.20318877925013,1.663994377020014,1,
140.600000000,-30.21065130484863,24.277863294574576,1.6776672506060344,1,
140.700000000,-30.21865137515822,24.35243539978183,1.6913401241920547,1,
140.800000000,-30.227670280881767,24.426891154022517,1.7050129977780741,1,
140.900000000,-30.237706335983912,24.50121663819845,1.718685871364095,1,
141.000000000,-30.24875766427875,24.575397957564714,1.732358744950115,1,
141.100000000,-30.26082219978058,24.649421244327225,1.7460316185361353,1,
141.200000000,-30.273897687090127,24.723272660235235,1.7597044921221547,1,
141.300000000,-30.28798168181617,24.796938399168315,1.773377365708176,1,
141.400000000,-30.303071551032517,24.87040468971734,1.7870502392941952,1,
141.500000000,-30.31916447377021,24.94365779775897,1.8007231128802161,1,
141.600000000,-30.336257441544902,25.01668402902318,1.8143959864662362,1,
141.700000000,-30.35434725891925,25.089469731653313,1.8280688600522554,1,
141.800000000,-30.371203139196975,25.15353539958608,1.8618228752108452,1,
141.900000000,-30.388756814146628,25.21213924874114,1.9006465510320645,1,
142.000000000,-30.408839972159853,25.270800608170834,1.9386426130448373,1,
142.100000000,-30.430839383849168,25.327884480896422,1.9774662888660577,1,
142.200000000,-30.45503786708006,25.384071454914885,2.0162899646872776,1,
142.300000000,-30.481398952596972,25.439276851484397,2.0551136405084987,1,
142.400000000,-30.502478539178952,25.479343678853137,2.1098400320167556,1,
142.500000000,-30.517037742569244,25.50368486249798,2.1814769640481484,1,
142.600000000,-30.52994684428769,25.52212821577749,2.258964696561955,1,
142.700000000,-30.543589616447388,25.53871998492231,2.337484192946897,1,
142.800000000,-30.55849179333989,25.554190510427965,2.416003689331839,1,
142.900000000,-30.573775716418055,25.567747426286523,2.4955736068000607,1,
143.000000000,-30.58923438760199,25.579402363585903,2.576213646102128,1,
143.100000000,-30.60558165988674,25.589774189224322,2.656853685404195,1,
143.200000000,-30.62174604040354,25.5982871470406,2.738584650173138,1,
143.300000000,-30.63855146022874,25.605452027554076,2.820315614942081,1,
143.400000000,-30.673812162322662,25.61718704618086,2.883153432897331,1,
143.500000000,-30.725192928412927,25.630769603194913,2.9300076994932023,1,
143.600000000,-30.793432819387686,25.64542752930626,2.9602112990263247,1,
143.700000000,-30.86720247820464,25.658956662243384,2.976231334099355,1,
143.800000000,-30.941179398958873,25.671302317176274,2.9922513691723855,1,
143.900000000,-31.015344596506758,25.682461325764997,3.0071107805956196,1,
144.000000000,-31.089667416486993,25.692517091781852,3.0219701920188538,1,
144.100000000,-31.16413144856622,25.701467394933363,3.035643065604874,1,
144.200000000,-31.238710892873193,25.709398755905045,3.050502477028108,1,
144.300000000,-31.31339995470117,25.7162210753975,3.062961415113539,1,
144.400000000,-31.388168216451334,25.72211234307593,3.0766342886995592,1,
144.500000000,-31.46301003749008,25.726980794945327,3.0903071622855793,1,
144.600000000,-31.537911426546124,25.730825520875097,3.1027661003710105,1,
144.700000000,-31.61285490235121,25.73373678078319,3.1139821248070305,1,
144.800000000,-31.680830091654595,25.735614088778018,-3.1372042900557293,1,
144.900000000,-31.73240090842735,25.73538777583351,-3.088775603401017,1,
145.000000000,-31.767825097777738,25.733515032896047,-3.024249260630599,1,
145.100000000,-31.78373496576901,25.731639498720167,-2.9402692958348235,1,
145.200000000,-31.78525035751418,25.731330225234,-2.841815925147417,1,
145.300000000,-31.78525035751418,25.731330225234,-2.741815925147417,1,
145.400000000,-31.78525035751418,25.731330225234,-2.6418159251474167,1,
145.500000000,-31.78525035751418,25.731330225234,-2.5418159251474166,1,
145.600000000,-31.78525035751418,25.731330225234,-2.4418159251474165,1,
145.700000000,-31.78525035751418,25.731330225234,-2.3418159251474164,1,
145.800000000,-31.78525035751418,25.731330225234,-2.2418159251474163,1,
145.900000000,-31.78525035751418,25.731330225234,-2.1418159251474163,1,
146.000000000,-31.78525035751418,25.731330225234,-2.041815925147416,1,
146.100000000,-31.78525035751418,25.731330225234,-1.941815925147416,1,
146.200000000,-31.78525035751418,25.731330225234,-1.841815925147416,1,
146.300000000,-31.78525035751418,25.731330225234,-1.7418159251474157,1,
146.400000000,-31.78525035751418,25.731330225234,-1.641815925147416,1,
146.500000000,-31.78525035751418,25.731330225234,-1.5418159251474157,1,
146.600000000,-31.78525035751418,25.731330225234,-1.441815925147416,1,
146.700000000,-31.78525035751418,25.731330225234,-1.3418159251474153,1,
146.800000000,-31.78525035751418,25.731330225234,-1.2418159251474152,1,
146.900000000,-31.78525035751418,25.731330225234,-1.1418159251474158,1,
147.000000000,-31.78525035751418,25.731330225234,-1.0418159251474155,1,
147.100000000,-31.78525035751418,25.731330225234,-0.9418159251474151,1,
147.200000000,-31.78525035751418,25.731330225234,-0.8418159251474154,1,
147.300000000,-31.78525035751418,25.731330225234,-0.7418159251474152,1,
147.400000000,-31.78525035751418,25.731330225234,-0.6418159251474154,1,
147.500000000,-31.78525035751418,25.731330225234,-0.5418159251474153,1,
147.600000000,-31.78525035751418,25.731330225234,-0.4418159251474154,1,
147.700000000,-31.78525035751418,25.731330225234,-0.34181592514741543,1,
147.800000000,-31.78525035751418,25.731330225234,-0.24181592514741543,1,
147.900000000,-31.78525035751418,25.731330225234,-0.14181592514741545,1,
148.000000000,-31.78525035751418,25.731330225234,-0.04181592514741542,1,
148.100000000,-31.78525035751418,25.731330225234,0.058184074852584595,1,
148.200000000,-31.78525035751418,25.731330225234,0.1581840748525846,1,
148.300000000,-31.78525035751418,25.731330225234,0.2581840748525846,1,
148.400000000,-31.761539463368223,25.73759175180257,0.33366034723687077,1,
148.500000000,-31.721779444506115,25.751373362029607,0.39157956919789993,1,
148.600000000,-31.67338461439072,25.771355712207658,0.43922162901175205,1,
148.700000000,-31.625283318388913,25.793955143660888,0.48607589560762365,1,
148.800000000,-31.578293304050785,25.81878269955278,0.5329301622034951,1,
148.900000000,-31.532517710731856,25.845783885366792,0.5797844287993664,1,
149.000000000,-31.488057012229806,25.874899435641044,0.6266386953952379,1,
149.100000000,-31.445008796252452,25.90606544405133,0.6734929619911093,1,
149.200000000,-31.403467550220473,25.93921350368041,0.7203472285869807,1,
149.300000000,-31.35101020002801,25.98525439777379,0.7505508281201032,1,
149.400000000,-31.296161703120916,26.036407524628682,0.7617668525561232,1,
149.500000000,-31.241890378817917,26.088172603189413,0.771709299017871,1,
149.600000000,-31.188136399956665,26.140474704070584,0.7803457017101775,1,
149.700000000,-31.134836122158767,26.193239089660363,0.7889821044024836,1,
149.800000000,-31.08199352093139,26.246461824422163,0.7976185070947899,1,
149.900000000,-31.029612537644997,26.30013893863251,0.8062549097870961,1,
150.000000000,-30.97769707923935,26.35426642867714,0.8148913124794024,1,
150.100000000,-30.92625101793211,26.40884025734961,0.8235277151717085,1,
150.200000000,-30.875278190930032,26.463856354152423,0.832164117864015,1,
150.300000000,-30.824782400142745,26.519310615600634,0.8408005205563213,1,
150.400000000,-30.77476741189918,26.57519890552792,0.8494369232486276,1,
150.500000000,-30.725236956666663,26.631517055395076,0.8580733259409337,1,
150.600000000,-30.676194728772654,26.688260864600945,0.86670972863324,1,
150.700000000,-30.62764438612921,26.745426100795715,0.8753461313255461,1,
150.800000000,-30.579589549960144,26.80300850019661,0.8722992566197982,1,
150.900000000,-30.531359490763357,26.860444215477912,0.8677957560336065,1,
151.000000000,-30.482871259752045,26.917662144952804,0.8632922554474147,1,
151.100000000,-30.43412584033945,26.974661128156807,0.8587887548612231,1,
151.200000000,-30.38512422115498,27.031440009066,0.8542852542750313,1,
151.300000000,-30.335867396024156,27.08799763612046,0.8497817536888399,1,
151.400000000,-30.28635636394845,27.14433286224762,0.8438626833133789,1,
151.500000000,-30.236512748968508,27.200374043942258,0.8379436129379182,1,
151.600000000,-30.18633829736993,27.256119217785216,0.8320245425624577,1,
151.700000000,-30.135834767029262,27.311566430728064,0.8261054721869965,1,
151.800000000,-30.085003927352435,27.366713740161515,0.8201864018115363,1,
151.900000000,-30.03384755921275,27.42155921398349,0.8142673314360755,1,
152.000000000,-29.98236745488849,27.476100930666806,0.8083482610606149,1,
152.100000000,-29.930565418000135,27.53033697932651,0.802429190685154,1,
152.200000000,-29.878443263447164,27.584265459786803,0.7965101203096936,1,
152.300000000,-29.82600281734447,27.63788448264764,0.7905910499342327,1,
152.400000000,-29.77324591695839,27.691192169350902,0.7875441752284849,1,
152.500000000,-29.720326839864093,27.744338865198223,0.7844973005227373,1,
152.600000000,-29.667246077332564,27.797324076805534,0.781450425816989,1,
152.700000000,-29.614004122135785,27.850147312287888,0.7784035511112414,1,
152.800000000,-29.560601468542167,27.90280808126404,0.7753566764054934,1,
152.900000000,-29.507038612311945,27.955305894860995,0.7723098016997455,1,
153.000000000,-29.45331605069259,28.007640265718535,0.769262926993998,1,
153.100000000,-29.399434282414187,28.05981070799376,0.7662160522882502,1,
153.200000000,-29.345393807684808,28.111816737365587,0.7631691775825024,1,
153.300000000,-29.291195128185866,28.163657871039252,0.7601223028767544,1,
153.400000000,-29.236838747067456,28.21533362775079,0.7601223028767544,1,
153.500000000,-29.182482365949046,28.26700938446233,0.7616689320153245,1,
153.600000000,-29.128205973041755,28.31876914849747,0.7632155611538944,1,
153.700000000,-29.07400969817804,28.370612796043687,0.7647621902924642,1,
153.800000000,-29.0198936709987,28.422540203087806,0.7663088194310341,1,
153.900000000,-28.9658580209526,28.474551245416286,0.7678554485696041,1,
154.000000000,-28.911902877296306,28.526645798615533,0.7694020777081739,1,
154.100000000,-28.858028369093837,28.578823738072185,0.7709487068467444,1,
154.200000000,-28.80423462521631,28.631084938973416,0.7724953359853142,1,
154.300000000,-28.75052177434165,28.683429276307237,0.7740419651238838,1,
154.400000000,-28.69688994495429,28.735856624862784,0.7740419651238838,1,
154.500000000,-28.64325811556693,28.78828397341833,0.7740419651238838,1,
154.600000000,-28.58962628617957,28.840711321973878,0.7740419651238838,1,
154.700000000,-28.53599445679221,28.893138670529424,0.7740419651238836,1,
154.800000000,-28.48236262740485,28.94556601908497,0.7740419651238838,1,
154.900000000,-28.42873079801749,28.997993367640518,0.7740419651238833,1,
155.000000000,-28.37509896863013,29.050420716196065,0.7740419651238831,1,
155.100000000,-28.32146713924277,29.102848064751612,0.774041965123883,1,
155.200000000,-28.26783530985541,29.15527541330716,0.7740419651238829,1,
155.300000000,-28.21420348046805,29.207702761862706,0.774041965123883,1,
155.400000000,-28.16057165108069,29.260130110418253,0.7580219300508523,1,
155.500000000,-28.106106851585267,29.311691584562457,0.740865791187617,1,
155.600000000,-28.050765514873156,29.362311110942272,0.7237096523243819,1,
155.700000000,-27.994563929332067,29.41197379092098,0.7065535134611468,1,
155.800000000,-27.937518636543203,29.460665007486526,0.6893973745979113,1,
155.900000000,-27.879646426412645,29.508370429553672,0.6722412357346761,1,
156.000000000,-27.82096433222965,29.55507601618202,0.655085096871441,1,
156.100000000,-27.761489625653315,29.600768020708617,0.6379289580082059,1,
156.200000000,-27.701239811629073,29.64543299479396,0.6207728191449706,1,
156.300000000,-27.640232623236543,29.68905779238018,0.6036166802817355,1,
156.400000000,-27.578486016470222,29.73162957356027,0.5864605414185005,1,
156.500000000,-27.516018164954577,29.773135808357214,0.5681915063133322,1,
156.600000000,-27.452802501029392,29.81349395294413,0.549922471208164,1,
156.700000000,-27.39251704868986,29.8504488476123,0.5206331493531041,1,
156.800000000,-27.33196836373287,29.88516763601443,0.49042954981998155,1,
156.900000000,-27.270398821718757,29.91804207919306,0.46022595028685914,1,
157.000000000,-27.207864585649574,29.94904218947313,0.4300223507537365,1,
157.100000000,-27.14442269850979,29.97813968892369,0.39981875122061394,1,
157.200000000,-27.08013103123235,30.005308035152712,0.3696151516874914,1,
157.300000000,-27.01504822990952,30.030522445518727,0.33941155215436875,1,
157.400000000,-26.949233662296603,30.053759919737264,0.3092079526212463,1,
157.500000000,-26.88274736365738,30.07499926086143,0.27900435308812366,1,
157.600000000,-26.81564998200067,30.094221094617513,0.2488007535550011,1,
157.700000000,-26.7494207397475,30.111047618768836,0.21923027970595454,1,
157.800000000,-26.684349730681564,30.125546178131252,0.1903810369263969,1,
157.900000000,-26.62216069124576,30.13753093866966,0.16297425628581722,1,
158.000000000,-26.56131116561425,30.14753658748409,0.13628870671472643,1,
158.100000000,-26.50186754195497,30.155688618289588,0.11032438821312456,1,
158.200000000,-26.44554538397874,30.161927659242487,0.08580253185050062,1,
158.300000000,-26.384105575378214,30.167212325448446,0.06996922298003448,1,
158.400000000,-26.32425238623342,30.17140705418789,0.0555644974523126,1,
158.500000000,-26.266009079290956,30.17464664894393,0.04155990318924966,1,
158.600000000,-26.21105657115731,30.176931785662337,0.02835557145550459,1,
158.700000000,-26.157744677412268,30.178443880157275,0.015551370986418464,1,
158.800000000,-26.106084258285794,30.17924733527204,0.003147301781991287,1,
158.900000000,-26.0560845059233,30.179404700101344,-0.008856636157776952,1,
159.000000000,-26.00775306821101,30.178976634950008,-0.02046044283288625,1,
159.100000000,-25.9610961692304,30.178021880902463,-0.03166411824333661,1,
159.200000000,-25.916118726214282,30.176597233671806,-0.042467662389128025,1,
159.300000000,-25.872824462892737,30.174757521405553,-0.05287107527026049,1,
159.400000000,-25.827887343631385,30.172379431312418,-0.05855589729377066,1,
159.500000000,-25.78462827959058,30.16984345889708,-0.06333994182694531,1,
159.600000000,-25.743045167238485,30.167206058998715,-0.06793998464730558,1,
159.700000000,-25.703137448564238,30.164490549798376,-0.07235602575485142,1,
159.800000000,-25.664904416520255,30.161719321700915,-0.07658806514958286,1,
159.900000000,-25.626683454767043,30.15878631520518,-0.08082010454431428,1,
160.000000000,-25.590136474234853,30.15582613642272,-0.08486814222623133,1,
160.100000000,-25.55526244412576,30.152859315910806,-0.08873217819533392,1,
160.200000000,-25.522060248041335,30.14990545635378,-0.09241221245162214,1,
160.300000000,-25.490528702108474,30.146983233080018,-0.09440451024570522,1,
160.400000000,-25.459003040689026,30.14399819541793,-0.0963968080397883,1,
160.500000000,-25.42914231795687,30.14111076785808,-0.09828424805523542,1,
160.600000000,-25.399287098256146,30.138166985151848,-0.10017168807068254,1,
160.700000000,-25.37109579962796,30.13533353152878,-0.10195427030749375,1,
160.800000000,-25.344567608591298,30.132619458679056,-0.10363199476566894,1,
160.900000000,-25.31638628333931,30.129688471674754,-0.10541457700248015,1,
161.000000000,-25.291525057673205,30.127057985335856,-0.10698744368201937,1,
161.100000000,-25.263353725827077,30.12403245401175,-0.10877002591883056,1,
161.200000000,-25.240158283847787,30.12149948819481,-0.1102380348197339,1,
161.300000000,-25.211996935583493,30.11838239953472,-0.11202061705654506,1,
161.400000000,-25.19046607018648,30.115960359134526,-0.1130423911177212,1,
161.500000000,-25.170593719989522,30.113704323308237,-0.11398556717419152,1,
161.600000000,-25.14575595309044,30.110860850877064,-0.11516453724477937,1,
161.700000000,-25.12092155582135,30.107988097445052,-0.11634350731536727,1,
161.800000000,-25.097745962242666,30.10527953570123,-0.11744387938124931,1,
161.900000000,-25.074573363119782,30.102545473826556,-0.1185442514471313,1,
162.000000000,-25.053058756268314,30.099983026466848,-0.11956602550830744,1,
162.100000000,-25.0315467788895,30.097398597381375,-0.12058779956948365,1,
162.200000000,-25.01003745344232,30.094792189268336,-0.12160957363065976,1,
162.300000000,-24.985222086835392,30.09175943801512,-0.12278854370124766,1,
162.400000000,-24.96206443125281,30.088901566016094,-0.12388891576712965,1,
162.500000000,-24.938909934411964,30.08601821371508,-0.12498928783301166,1,
162.600000000,-24.905836634321666,30.08186274355538,-0.12656124792712886,1,
162.700000000,-24.87276990732496,30.077655288643374,-0.12813320802124603,1,
162.800000000,-24.849627856789645,30.07467368815616,-0.12739992848107293,1,
162.900000000,-24.828136785462476,30.0719208173537,-0.12671902605091226,1,
163.000000000,-24.79837732899577,30.068129412494518,-0.1257762380706898,1,
163.100000000,-24.770267812249568,30.06457514096961,-0.12488582720047965,1,
163.200000000,-24.742155141884837,30.06104589986963,-0.12399541633026953,1,
163.300000000,-24.715693210878108,30.057747821867785,-0.12315738257007172,1,
163.400000000,-24.689228525263108,30.05447192101301,-0.12189981449477806,1,
163.500000000,-24.664414039929735,30.05143196745419,-0.12072084442419023,1,
163.600000000,-24.639595987828628,30.048421271536835,-0.1195418743536024,1,
163.700000000,-24.614774403456142,30.04543983744573,-0.11836290428301459,1,
163.800000000,-24.591604326789717,30.042684480533026,-0.11726253221713268,1,
163.900000000,-24.568431232233504,30.039954620988425,-0.11616216015125069,1,
164.000000000,-24.543599713246802,30.037057093626494,-0.11498319008066288,1,
164.100000000,-24.518764795420392,30.03418884388921,-0.11380422001007506,1,
164.200000000,-24.49558239875049,30.031539140305085,-0.11270384794419312,1,
164.300000000,-24.4707410077209,30.028727505244294,-0.1119181912940077,1,
164.400000000,-24.447553654868,30.02612152901271,-0.11118491175383464,1,
164.500000000,-24.421051646264715,30.023162703045784,-0.11034687799363685,1,
164.600000000,-24.39620369730266,30.020409626152716,-0.10956122134345146,1,
164.700000000,-24.371353593036435,30.01767607206366,-0.10877556469326605,1,
164.800000000,-24.343187716240724,30.01460017185289,-0.10788515382305591,1,
164.900000000,-24.315019111795788,30.01154935206101,-0.10699474295284578,1,
165.000000000,-24.28850493790289,30.008701599633522,-0.10615670919264798,1,
165.100000000,-24.261988386808056,30.00587606797627,-0.10531867543245023,1,
165.200000000,-24.235469477133872,30.003072759073625,-0.10448064167225245,1,
165.300000000,-24.210605805606416,30.000465492655554,-0.103694985022067,1,
165.400000000,-24.1857400933366,29.997877761349034,-0.10290932837188162,1,
165.500000000,-24.159214506495367,29.99513835377818,-0.1020712946116838,1,
165.600000000,-24.132686633252842,29.99242117650395,-0.10123326085148604,1,
165.700000000,-24.107814626052892,29.98989466550145,-0.1004476042013006,1,
165.800000000,-24.08294064155918,29.98738769613455,-0.09966194755111522,1,
165.900000000,-24.058064695125328,29.9849002699507,-0.09887629090092978,1,
166.000000000,-24.033186802106172,29.98243238848527,-0.09809063425074437,1,
166.100000000,-24.00830697785775,29.979984053261585,-0.09730497760055895,1,
166.200000000,-23.983425237737286,29.97755526579089,-0.09651932095037355,1,
166.300000000,-23.960200506478806,29.975306643453603,-0.0957860414102005,1,
166.400000000,-23.9336560791838,29.97275625315187,-0.0936873292306187,1,
166.500000000,-23.907106357816208,29.97026157753882,-0.09158861705103692,1,
166.600000000,-23.88221114047292,29.9679750619735,-0.08962107438267905,1,
166.700000000,-23.857311472503063,29.965737533204745,-0.08765353171432115,1,
166.800000000,-23.830747182151857,29.963403097673844,-0.08555481953473938,1,
166.900000000,-23.804178050998384,29.961124418042832,-0.08345610735515759,1,
167.000000000,-23.77760419606881,29.95890150434837,-0.08135739517557583,1,
167.100000000,-23.7510257344101,29.956734366381475,-0.07925868299599405,1,
167.200000000,-23.72444278308951,29.95462301368751,-0.07715997081641228,1,
167.300000000,-23.697855459194077,29.952567455566115,-0.07506125863683052,1,
167.400000000,-23.671263879830093,29.950567701071186,-0.07338353417865534,1,
167.500000000,-23.644668982855094,29.948612562712825,-0.0717058097204802,1,
167.600000000,-23.618070843127303,29.946702045994268,-0.07002808526230506,1,
167.700000000,-23.593132117239886,29.944952774399482,-0.06845521858276586,1,
167.800000000,-23.56652790773672,29.943128727299523,-0.06677749412459068,1,
167.900000000,-23.539920675428775,29.941349317278725,-0.06509976966641552,1,
168.000000000,-23.513310495208987,29.9396145493457,-0.06342204520824035,1,
168.100000000,-23.48836075780549,29.93803006094354,-0.06184917852870115,1,
168.200000000,-23.463408559075702,29.936484817095764,-0.060276311849161934,1,
168.300000000,-23.43845396074909,29.934978821625165,-0.058703445169622726,1,
168.400000000,-23.413497024561064,29.93351207825744,-0.057130578490083496,1,
168.500000000,-23.388537812252814,29.93208459062118,-0.05555771181054429,1,
168.600000000,-23.36357638557116,29.930696362247858,-0.05398484513100507,1,
168.700000000,-23.338612806268408,29.929347396571824,-0.05241197845146586,1,
168.800000000,-23.267074245489347,29.92559448199818,-0.02404891058940939,1,
168.900000000,-23.212363678634876,29.924278498758138,0.021224697811785886,1,
169.000000000,-23.17354874718727,29.92510245768023,0.0824010218963368,1,
169.100000000,-23.153187984817823,29.926784012909827,0.16197093936455834,1,
169.200000000,-23.13302530429042,29.93007864281395,0.24154085683277998,1,
169.300000000,-23.114227352483802,29.93470952675781,0.3221808961348473,1,
169.400000000,-23.095863517439096,29.940839587171567,0.4028209354369148,1,
169.500000000,-23.078053151097514,29.948428982997598,0.48346097473898203,1,
169.600000000,-23.060912008245104,29.957428388530122,0.5641010140410492,1,
169.700000000,-23.044551494188497,29.967779313997397,0.6447410533431163,1,
169.800000000,-23.029077940699196,29.979414485703874,0.7253810926451837,1,
169.900000000,-23.014591914932257,29.99225828326165,0.806021131947251,1,
170.000000000,-23.00194289512441,30.00544008686261,0.8877520967161944,1,
170.100000000,-22.99041226169061,30.019610554070464,0.9694830614851374,1,
170.200000000,-22.98007699582574,30.034675079545103,1.05121402625408,1,
170.300000000,-22.97100609817233,30.05053308900515,1.1329449910230232,1,
170.400000000,-22.955459634059725,30.083740797418105,1.1949449382341781,1,
170.500000000,-22.938329951803013,30.12714991815974,1.236087139142649,1,
170.600000000,-22.915402217446115,30.19307302879169,1.2662907386757711,1,
170.700000000,-22.892915601551593,30.264622676628786,1.2811501500990046,1,
170.800000000,-22.87149461468671,30.336498551035533,1.296009561522239,1,
170.900000000,-22.851143986563493,30.408684781959376,1.309682435108259,1,
171.000000000,-22.831782223117592,30.48114250836771,1.3233553086942789,1,
171.100000000,-22.813412943925357,30.553858184682777,1.3358142467797107,1,
171.200000000,-22.795951027072896,30.626797073211723,1.3482731848651424,1,
171.300000000,-22.779399183053606,30.699947852151944,1.3607321229505733,1,
171.400000000,-22.76375998109653,30.77329916681055,1.3731910610360045,1,
171.500000000,-22.74903584876755,30.846839631366866,1.3844070854720252,1,
171.600000000,-22.735137456924676,30.920540613071196,1.3956231099080443,1,
171.700000000,-22.722066553956207,30.99439284049589,1.406839134344064,1,
171.800000000,-22.7098247841541,31.06838702318691,1.4180551587800836,1,
171.900000000,-22.69841368750711,31.142513852832547,1.4292711832161034,1,
172.000000000,-22.68783469950706,31.216764004434378,1.4392136296778522,1,
172.100000000,-22.677994450375596,31.291115665458396,1.4491560761396,1,
172.200000000,-22.66889391283539,31.365561486136787,1.4590985226013484,1,
172.300000000,-22.660533986487565,31.440094107393918,1.4690409690630963,1,
172.400000000,-22.652915497722773,31.514706161573795,1.4776773717554024,1,
172.500000000,-22.645941664813233,31.589381228728435,1.4849733374744685,1,
172.600000000,-22.639512839411744,31.66410518876775,1.4936097401667747,1,
172.700000000,-22.633729591950853,31.738881883324318,1.500905705885841,1,
172.800000000,-22.62849206177352,31.81369878166715,1.5082016716049071,1,
172.900000000,-22.623800527678082,31.888551901226933,1.5154976373239728,1,
173.000000000,-22.619655239399027,31.96343725750627,1.5214167076994336,1,
173.100000000,-22.615953272841328,32.03834583808023,1.5273357780748942,1,
173.200000000,-22.61269475770446,32.11327501850484,1.533254848450355,1,
173.300000000,-22.609879808151458,32.18822217361438,1.5128247660397096,1,
173.400000000,-22.60593988548911,32.25610904757064,1.4808258737228828,1,
173.500000000,-22.599749871698634,32.324723826025775,1.4497192993393648,1,
173.600000000,-22.59142882593719,32.393112891603614,1.418612724955847,1,
173.700000000,-22.583491526774726,32.44486570005438,1.3709706651419946,1,
173.800000000,-22.576281755282974,32.480464492697564,1.3072922130525122,1,
173.900000000,-22.5718131762728,32.49702845679836,1.224448352044215,1,
174.000000000,-22.57128814988381,32.49848324527832,1.1259949813568086,1,
174.100000000,-22.57062266844402,32.499879381619756,1.027541610669402,1,
174.200000000,-22.569823177300297,32.50120334390837,0.9290882399819952,1,
174.300000000,-22.568897419715526,32.50244230925285,0.8306348692945885,1,
174.400000000,-22.567854361873263,32.50358427797758,0.7321814986071821,1,
174.500000000,-22.56670410603811,32.504618189842425,0.6337281279197752,1,
174.600000000,-22.565457792712856,32.50553403116376,0.5352747572323686,1,
174.700000000,-22.564127492740056,32.50632293179942,0.436821386544962,1,
174.800000000,-22.562726090393017,32.5069772510581,0.33836801585755527,1,
174.900000000,-22.561267158588553,32.50749065170135,0.23991464517014868,1,
175.000000000,-22.55976482743002,32.50785816132118,0.14146127448274187,1,
175.100000000,-22.558233647353894,32.50807622049905,0.043007903795335235,1,
175.200000000,-22.556688448205325,32.50814271727968,-0.05544546689207146,1,
175.300000000,-22.555144195607525,32.50805700762586,-0.15389883757947817,1,
175.400000000,-22.529940391157417,32.50414725526677,-0.22839358474268834,1,
175.500000000,-22.488170082431708,32.494437767301356,-0.2855096384738136,1,
175.600000000,-22.439440504569887,32.48013421969064,-0.3347241756636448,1,
175.700000000,-22.390731349800472,32.46319259633847,-0.3831528623183571,1,
175.800000000,-22.34143918373026,32.44332424605041,-0.43000712891422865,1,
175.900000000,-22.292414198699838,32.420839934232696,-0.47607204353236254,1,
176.000000000,-22.243773276554844,32.39575929169088,-0.5213456519335579,1,
176.100000000,-22.19631729886146,32.368502950803105,-0.5666192603347534,1,
176.200000000,-22.1494738924234,32.33870074645422,-0.6110992089049018,1,
176.300000000,-22.090032965000677,32.297059031477396,-0.6385233432257033,1,
176.400000000,-22.02980970981815,32.25235825368528,-0.6578833038001899,1,
176.500000000,-21.970463091600813,32.20650000572305,-0.6772432643746763,1,
176.600000000,-21.912015353245557,32.15950147509543,-0.6966032249491629,1,
176.700000000,-21.854488400752366,32.11138027668095,-0.7159631855236493,1,
176.800000000,-21.797903795014033,32.06215444612993,-0.7353231460981359,1,
176.900000000,-21.742282743735203,32.01184243310483,-0.7546831066726226,1,
177.000000000,-21.687646093483817,31.960463094365334,-0.7740430672471089,1,
177.100000000,-21.63401432187789,31.908035686700934,-0.7934030278215953,1,
177.200000000,-21.581407529910557,31.854579859713542,-0.812762988396082,1,
177.300000000,-21.529845434416327,31.800115648452902,-0.8321229489705686,1,
177.400000000,-21.479347360681253,31.744663465907514,-0.8350036900212485,1,
177.500000000,-21.429009239637097,31.689066041778837,-0.8350036900212487,1,
177.600000000,-21.37867111859294,31.63346861765016,-0.8350036900212485,1,
177.700000000,-21.328332997548785,31.57787119352148,-0.8350036900212491,1,
177.800000000,-21.27799487650463,31.522273769392804,-0.835003690021249,1,
177.900000000,-21.227656755460472,31.466676345264126,-0.8350036900212491,1,
178.000000000,-21.177318634416316,31.41107892113545,-0.8350036900212492,1,
178.100000000,-21.12698051337216,31.35548149700677,-0.8350036900212494,1,
178.200000000,-21.076642392328004,31.299884072878093,-0.8350036900212496,1,
178.300000000,-21.02630427128385,31.244286648749416,-0.8350036900212495,1,
178.400000000,-20.975966150239692,31.188689224620738,-0.8319568153155018,1,
178.500000000,-20.925458864727776,31.133245432270126,-0.8289099406097543,1,
178.600000000,-20.874782883629365,31.077955786406605,-0.8258630659040067,1,
178.700000000,-20.823938677391805,31.02282080030819,-0.8228161911982592,1,
178.800000000,-20.772926718024145,30.967840985817123,-0.8197693164925114,1,
178.900000000,-20.721747479092762,30.91301685333512,-0.8167224417867639,1,
179.000000000,-20.67040143571696,30.858348911818627,-0.8136755670810164,1,
179.100000000,-20.61888906456457,30.80383766877411,-0.8106286923752687,1,
179.200000000,-20.56721084384751,30.74948363025333,-0.8075818176695212,1,
179.300000000,-20.515367253317347,30.695287300848648,-0.8045349429637734,1,
179.400000000,-20.463358774260858,30.641249183688345,-0.8014880682580261,1,
179.500000000,-20.41118588949555,30.587369780431946,-0.7984411935522783,1,
179.600000000,-20.358849083365175,30.533649591265565,-0.7953943188465307,1,
179.700000000,-20.30634884173525,30.480089114897265,-0.7749642364358854,1,
179.800000000,-20.25276538738977,30.427612325548015,-0.7534837329397708,1,
179.900000000,-20.198067153421196,30.376298553510487,-0.732003229443656,1,
180.000000000,-20.142279377282303,30.326171474666047,-0.7105227259475412,1,
180.100000000,-20.085427799134393,30.277254217362593,-0.6890422224514264,1,
180.200000000,-20.027538649970946,30.22956935174328,-0.6675617189553116,1,
180.300000000,-19.968638639514776,30.183138879332773,-0.6460812154591964,1,
180.400000000,-19.910690492185125,30.1394437022517,-0.6186570811383952,1,
180.500000000,-19.852330891921063,30.09789846060894,-0.5902940132763387,1,
180.600000000,-19.792816571646583,30.05802496404289,-0.5619309454142821,1,
180.700000000,-19.732195405257595,30.019855287180558,-0.5335678775522259,1,
180.800000000,-19.670516157007754,29.98342013407987,-0.5052048096901692,1,
180.900000000,-19.607828442282013,29.948748813531033,-0.4768417418281129,1,
181.000000000,-19.544182687685534,29.915869215480253,-0.44847867396605656,1,
181.100000000,-19.47963009048003,29.884807788594802,-0.420115606104,1,
181.200000000,-19.4142225774002,29.855589518987447,-0.39175253824194345,1,
181.300000000,-19.348012762883354,29.82823791011738,-0.36338947037988717,1,
181.400000000,-19.282583943003132,29.803356802242497,-0.33818791969440837,1,
181.500000000,-19.218121185781282,29.78068529201928,-0.3135864059300126,1,
181.600000000,-19.15629101585175,29.760634604088814,-0.29018496600778243,1,
181.700000000,-19.09560558789871,29.742513071447576,-0.2673835630066349,1,
181.800000000,-19.02469016340897,29.723086264300505,-0.24091177709136333,1,
181.900000000,-18.95328538243346,29.705543302169524,-0.21443999117609175,1,
182.000000000,-18.88144127933965,29.689896477663073,-0.18796820526082006,1,
182.100000000,-18.8092081963344,29.67615675473842,-0.16149641934554848,1,
182.200000000,-18.73663674818844,29.664333761019044,-0.13502463343027685,1,
182.300000000,-18.663777786769884,29.654435781048416,-0.10855284751500528,1,
182.400000000,-18.614072090617594,29.64901879203089,-0.09819834530577559,1,
182.500000000,-18.539433409443603,29.641665746906096,-0.08104220644254057,1,
182.600000000,-18.464679568642453,29.635594232640603,-0.06388606757930554,1,
182.700000000,-18.389832570204224,29.630806036238198,-0.04672992871607051,1,
182.800000000,-18.31491444353771,29.62730256698901,-0.029573789852835486,1,
182.900000000,-18.239947238986574,29.62508485605471,-0.012417650989600466,1,
183.000000000,-18.164953021339375,29.624153556165027,0.004738487873634555,1,
183.100000000,-18.089953863335325,29.62450894142562,0.02189462673686958,1,
183.200000000,-18.014971839167707,29.62615090723741,0.039050765600104606,1,
183.300000000,-17.94002901798688,29.62907897032736,0.056206904463339646,1,
183.400000000,-17.865147457404746,29.63329226889072,0.0661493509250877,1,
183.500000000,-17.790311487702418,29.638249852849903,0.07609179738683575,1,
183.600000000,-17.71552850652232,29.64395123214065,0.08603424384858382,1,
183.700000000,-17.640805906268877,29.650395843173488,0.0959766903103319,1,
183.800000000,-17.566151073377785,29.657583048889414,0.10591913677207998,1,
183.900000000,-17.49157138758583,29.665512138822887,0.11586158323382802,1,
184.000000000,-17.4170742212014,29.674182329172048,0.1258040296955761,1,
184.100000000,-17.34266693837573,29.683592762876206,0.13574647615732413,1,
184.200000000,-17.268356894374925,29.693742509700556,0.14568892261907218,1,
184.300000000,-17.194151434852902,29.704630566328138,0.15563136908082023,1,
184.400000000,-17.12005789512525,29.716255856459014,0.14971229870535954,1,
184.500000000,-17.045896842833375,29.72744238062704,0.14328499265539016,1,
184.600000000,-16.971665423623083,29.738152021238452,0.1369888561166446,1,
184.700000000,-16.897368046810147,29.74839408151539,0.13095505860034684,1,
184.800000000,-16.823010224311844,29.758187662745495,0.12505243059527296,1,
184.900000000,-16.751903193393364,29.767126413501014,0.11941214161264671,1,
185.000000000,-16.68240167472435,29.775465412403793,0.11390302214124438,1,
185.100000000,-16.61616700398038,29.783042538236327,0.10865624169228978,1,
185.200000000,-16.55155032743845,29.790091304984884,0.10354063075455905,1,
185.300000000,-16.49021391931606,29.796464908080583,0.09868735883927604,1,
185.400000000,-16.43050585810708,29.80237654293608,0.0939652564352169,1,
185.500000000,-16.372429861535863,29.807849786950186,0.08937432354238163,1,
185.600000000,-16.315989364401617,29.812907592240055,0.08491456016077024,1,
185.700000000,-16.249562902767625,29.81856176231466,0.08177063997253589,1,
185.800000000,-16.18478009092998,29.82387093272145,0.07870531778900741,1,
185.900000000,-16.121642816380866,29.828850458162805,0.07571859361018478,1,
186.000000000,-16.061814733382143,29.83338923384548,0.07288906544077389,1,
186.100000000,-16.00363628858534,29.83763733210273,0.07013813527606885,1,
186.200000000,-15.947108946599524,29.841608568576376,0.06746580311606969,1,
186.300000000,-15.898885569385952,29.844866942592446,0.06366188729057758,1,
186.400000000,-15.850650146512088,29.847941855809218,0.05985797146508551,1,
186.500000000,-15.80406705767695,29.85073356001191,0.0561852251508173,1,
186.600000000,-15.759138066533376,29.85326056512088,0.05264364834777294,1,
186.700000000,-15.715864765331013,29.855540736348495,0.04923324105595245,1,
186.800000000,-15.674248586632096,29.857591292763445,0.04595400327535583,1,
186.900000000,-15.634290814608336,29.859428806000736,0.04280593500598308,1,
187.000000000,-15.595992595917366,29.861069199106993,0.03978903624783418,1,
187.100000000,-15.557689602622876,29.862594043074953,0.03677213748968528,1,
187.200000000,-15.52104772331467,29.863942050941162,0.03388640824276025,1,
187.300000000,-15.486067816443446,29.86512784825965,0.0311318485070591,1,
187.400000000,-15.447753057789674,29.866321043024822,0.029324094398824357,1,
187.500000000,-15.411102154872744,29.867396105729135,0.027594938295295468,1,
187.600000000,-15.376115479937988,29.86836180599824,0.025944380196472445,1,
187.700000000,-15.34112725871738,29.869269757438456,0.024293822097649413,1,
187.800000000,-15.307803761396809,29.870079471855362,0.022721862003532253,1,
187.900000000,-15.27614526885949,29.87079893557393,0.02122849991412094,1,
188.000000000,-15.244485737204005,29.871471120915256,0.01973513782470963,1,
188.100000000,-15.214491579149367,29.872063136618966,0.01832037374000418,1,
188.200000000,-15.186163000527708,29.872582184838578,0.016984207660004583,1,
188.300000000,-15.157833753659697,29.873063380920264,0.015648041580004993,1,
188.400000000,-15.131170351742481,29.873480644999947,0.014810007819807153,1,
188.500000000,-15.104506609506783,29.873875564104754,0.013971974059609317,1,
188.600000000,-15.079509049667825,29.874224852091547,0.013186317409423842,1,
188.700000000,-15.056177744893045,29.87453252391464,0.012453037869250734,1,
188.800000000,-15.032846220781439,29.874823087288117,0.011719758329077621,1,
188.900000000,-15.011181042085706,29.875077009572333,0.011038855898916877,1,
189.000000000,-14.98951569551598,29.875316179926003,0.010357953468756132,1,
189.100000000,-14.966183613855456,29.875557861185335,0.009624673928583027,1,
189.200000000,-14.944517950719815,29.87576639256756,0.008943771498422284,1,
189.300000000,-14.921185550609161,29.875975077787004,0.00821049195824917,1,
189.400000000,-14.89951961423699,29.876152969780737,0.00787012475995873,1,
189.500000000,-14.876187003520004,29.87633660412944,0.007503575469492099,1,
189.600000000,-14.854520946806627,29.87649918007233,0.007163208271201658,1,
189.700000000,-14.832854836012737,29.876654381590924,0.006822841072911215,1,
189.800000000,-14.811188673648351,29.876802208667243,0.006482473874620774,1,
189.900000000,-14.789522462223488,29.87694266128416,0.00614210667633033,1,
190.000000000,-14.767856204248176,29.877075739425404,0.005801739478039887,1,
190.100000000,-14.746189902232446,29.877201443075556,0.005461372279749446,1,
190.200000000,-14.726190200497577,29.877310669978172,0.005147187173635192,1,
190.300000000,-14.702857176254811,29.877430770481908,0.00478063788316856,1,
190.400000000,-14.679524109556787,29.877542318274287,0.004414088592701932,1,
190.500000000,-14.657857653968374,29.87763795654989,0.00407372139441149,1,
190.600000000,-14.636191167082858,29.87772622026931,0.0037333541961210473,1,
190.700000000,-14.614524651410296,29.87780710942232,0.003392986997830604,1,
190.800000000,-14.592858109460751,29.877880623999552,0.0030526197995401627,1,
190.900000000,-14.57119154374429,29.877946763992487,0.002712252601249721,1,
191.000000000,-14.549524956770977,29.878005529393466,0.0023718854029592773,1,
191.100000000,-14.529525013029355,29.878052967057044,0.002057700296845024,1,
191.200000000,-14.50785839223242,29.878097550532015,0.0017173330985545824,1,
191.300000000,-14.487858421724741,29.878131897177102,0.0014031479924403274,1,
191.400000000,-14.46785844141298,29.878159960127743,0.0010889628863260728,1,
191.500000000,-14.444525121914447,29.878185369256734,0.000722413595859443,1,
191.600000000,-14.422858460901494,29.87820102154995,0.0003820463975690011,1,
191.700000000,-14.401191795816056,29.878209299221695,4.167919927855892e-05,1,
191.800000000,-14.381191795833427,29.87821013280568,-0.0002725059068356953,1,
191.900000000,-14.361191796576021,29.87820468268761,-0.0005866910129499495,1,
192.000000000,-14.339525133638256,29.878191971049723,-0.0009270582112403914,1,
192.100000000,-14.317858476282156,29.878171884791357,-0.0012674254095308337,1,
192.200000000,-14.296191827017799,29.878144423914836,-0.001607792607821276,1,
192.300000000,-14.27452518835526,29.878109588423342,-0.001948159806111718,1,
192.400000000,-14.25285856280462,29.87806737832091,-0.00228852700440216,1,
192.500000000,-14.232858615178156,29.878021607820774,-0.002602712110516415,1,
192.600000000,-14.211192021897643,29.877965215788713,-0.0029430793088068554,1,
192.700000000,-14.19119210851474,29.87790635428751,-0.003257264414921112,1,
192.800000000,-14.17119221461236,29.877841209114408,-0.003571449521035366,1,
192.900000000,-14.152858998202042,29.87777573267905,-0.0038594525349734316,1,
193.000000000,-14.132859147155596,29.877698543819978,-0.0041736376410876855,1,
193.100000000,-14.112859321347855,29.877615071309496,-0.004487822747201939,1,
193.200000000,-14.092859522753047,29.877525315155843,-0.004802007853316193,1,
193.300000000,-14.072859753345398,29.87742927536788,-0.005116192959430448,1,
193.400000000,-14.052860015099132,29.877326951955087,-0.005116192959430471,1,
193.500000000,-14.032860276852865,29.877224628542294,-0.0051161929594304946,1,
193.600000000,-14.0128605386066,29.8771223051295,-0.005116192959430518,1,
193.700000000,-13.992860800360333,29.877019981716707,-0.005116192959430541,1,
193.800000000,-13.972861062114067,29.876917658303913,-0.005116192959430565,1,
193.900000000,-13.9528613238678,29.87681533489112,-0.005116192959430588,1,
194.000000000,-13.932861585621534,29.876713011478326,-0.005116192959430612,1,
194.100000000,-13.912861847375268,29.876610688065533,-0.005116192959430635,1,
194.200000000,-13.892862109129002,29.87650836465274,-0.0051161929594306585,1,
194.300000000,-13.87119572602888,29.87639751428888,-0.0051161929594306845,1,
194.400000000,-13.851195987782614,29.876295190876085,-0.005116192959430708,1,
194.500000000,-13.829529604682492,29.876184340512225,-0.005116192959430734,1,
194.600000000,-13.809529866436225,29.87608201709943,-0.005116192959430757,1,
194.700000000,-13.78953012818996,29.875979693686638,-0.005116192959430781,1,
194.800000000,-13.771197034797547,29.87588589722491,-0.0051161929594308025,1,
194.900000000,-13.75119729655128,29.875783573812118,-0.005116192959430826,1,
195.000000000,-13.731197558305015,29.875681250399325,-0.005116192959430849,1,
195.100000000,-13.711197820058748,29.87557892698653,-0.005116192959430873,1,
195.200000000,-13.691198081812482,29.875476603573738,-0.005116192959430896,1,
195.300000000,-13.67286498842007,29.87538280711201,-0.005116192959430918,1,
195.400000000,-13.652865250173804,29.875280483699218,-0.005116192959430941,1,
195.500000000,-13.632865511927537,29.875178160286424,-0.005116192959430965,1,
195.600000000,-13.612865773681271,29.87507583687363,-0.005116192959430988,1,
195.700000000,-13.59119939058115,29.87496498650977,-0.005116192959431014,1,
195.800000000,-13.571199652334883,29.874862663096977,-0.0051161929594310375,1,
195.900000000,-13.551199914088617,29.874760339684183,-0.005116192959431061,1,
196.000000000,-13.524533596426927,29.874623908467125,-0.005116192959431092,1,
196.100000000,-13.497867278765238,29.874487477250067,-0.005116192959431123,1,
196.200000000,-13.472867605957404,29.874359572984076,-0.005116192959431153,1,
196.300000000,-13.446201288295715,29.87422314176702,-0.005116192959431184,1,
196.400000000,-13.421201615487881,29.874095237501027,-0.005116192959431214,1,
196.500000000,-13.396201942680047,29.873967333235036,-0.005116192959431243,1,
196.600000000,-13.369535625018358,29.87383090201798,-0.005116192959431274,1,
196.700000000,-13.342869307356668,29.87369447080092,-0.0051161929594313055,1,
196.800000000,-13.316202989694979,29.873558039583862,-0.005116192959431337,1,
196.900000000,-13.291203316887145,29.87343013531787,-0.005116192959431366,1,
197.000000000,-13.264536999225456,29.873293704100814,-0.0051161929594313975,1,
197.100000000,-13.237870681563766,29.873157272883756,-0.005116192959431429,1,
197.200000000,-13.211204363902077,29.873020841666698,-0.00511619295943146,1,
197.300000000,-13.186204691094243,29.872892937400707,-0.005116192959431489,1,
197.400000000,-13.159538373432554,29.87275650618365,-0.005116192959431521,1,
197.500000000,-13.132872055770864,29.87262007496659,-0.005116192959431552,1,
197.600000000,-13.106205738109175,29.872483643749533,-0.005116192959431583,1,
197.700000000,-13.079539420447485,29.872347212532475,-0.005116192959431614,1,
197.800000000,-13.054539747639652,29.872219308266484,-0.005116192959431644,1,
197.900000000,-13.029540074831818,29.872091404000493,-0.005116192959431673,1,
198.000000000,-12.996207177754707,29.87192086497917,-0.005116192959431712,1,
198.100000000,-12.962874280677596,29.871750325957848,-0.005116192959431751,1,
198.200000000,-12.93120802845434,29.87158831388759,-0.005116192959431789,1,
198.300000000,-12.901208421084938,29.871434828768397,-0.005116192959431824,1,
198.400000000,-12.871208813715537,29.871281343649205,-0.00511619295943186,1,
198.500000000,-12.842875851199992,29.87113638548108,-0.005116192959431894,1,
198.600000000,-12.816209533538302,29.870999954264022,-0.005116192959431925,1,
198.700000000,-12.789543215876613,29.870863523046964,-0.005116192959431956,1,
198.800000000,-12.756210318799502,29.87069298402564,-0.005116192959431995,1,
198.900000000,-12.72287742172239,29.87052244500432,-0.005116192959432034,1,
199.000000000,-12.691211169499134,29.87036043293406,-0.005116192959432071,1,
199.100000000,-12.661211562129733,29.870206947814868,-0.005116192959432107,1,
199.200000000,-12.627878665052622,29.870036408793545,-0.005116192959432146,1,
199.300000000,-12.59454576797551,29.869865869772223,-0.005116192959432185,1,
199.400000000,-12.562879515752254,29.869703857701964,-0.005116192959432222,1,
199.500000000,-12.531213263528997,29.869541845631705,-0.00511619295943226,1,
199.600000000,-12.501213656159596,29.869388360512513,-0.005116192959432295,1,
199.700000000,-12.467880759082485,29.86921782149119,-0.005116192959432334,1,
199.800000000,-12.434547862005374,29.869047282469868,-0.005116192959432373,1,
199.900000000,-12.402881609782117,29.86888527039961,-0.0051161929594324106,1,
200.000000000,-12.37121535755886,29.86872325832935,-0.005116192959432448,1,
200.100000000,-12.336215815627893,29.86854419235696,-0.0051161929594324895,1,
200.200000000,-12.302882918550782,29.868373653335638,-0.0051161929594325285,1,
200.300000000,-12.269550021473671,29.868203114314316,-0.0051161929594325676,1,
200.400000000,-12.237883769250415,29.868041102244057,-0.005116192959432605,1,
200.500000000,-12.206217517027158,29.867879090173798,-0.005116192959432642,1,
200.600000000,-12.176217909657757,29.867725605054606,-0.005116192959432678,1,
200.700000000,-12.147884947142211,29.86758064688648,-0.0051161929594327115,1,
200.800000000,-12.119551984626666,29.867435688718356,-0.005116192959432745,1,
200.900000000,-12.092885666964976,29.867299257501298,-0.005116192959432777,1,
201.000000000,-12.066219349303287,29.86716282628424,-0.005116192959432808,1,
201.100000000,-12.041219676495453,29.86703492201825,-0.005116192959432837,1,
201.200000000,-12.01622000368762,29.866907017752258,-0.005116192959432867,1,
201.300000000,-11.991220330879786,29.866779113486267,-0.005116192959432896,1,
201.400000000,-11.966220658071952,29.866651209220276,-0.005116192959432926,1,
201.500000000,-11.942887630117974,29.86653183190535,-0.0051161929594329535,1,
201.600000000,-11.91788795731014,29.866403927639357,-0.005116192959432983,1,
201.700000000,-11.892888284502307,29.866276023373366,-0.0051161929594330125,1,
201.800000000,-11.867888611694474,29.866148119107375,-0.005116192959433042,1,
201.900000000,-11.84288893888664,29.866020214841384,-0.0051161929594330715,1,
202.000000000,-11.819555910932662,29.865900837526457,-0.005116192959433099,1,
202.100000000,-11.796222882978684,29.86578146021153,-0.005116192959433127,1,
202.200000000,-11.769556565316995,29.86564502899447,-0.005116192959433158,1,
202.300000000,-11.744556892509161,29.86551712472848,-0.005116192959433188,1,
202.400000000,-11.721223864555183,29.865397747413553,-0.0051161929594332155,1,
202.500000000,-11.69622419174735,29.865269843147562,-0.005116192959433245,1,
202.600000000,-11.672891163793372,29.865150465832635,-0.005116192959433273,1,
202.700000000,-11.649558135839394,29.865031088517707,-0.0051161929594333005,1,
202.800000000,-11.627891752739272,29.864920238153847,-0.0051161929594333265,1,
202.900000000,-11.60622536963915,29.864809387789986,-0.0051161929594333525,1,
203.000000000,-11.577892407123604,29.86466442962186,-0.005116192959433386,1,
203.100000000,-11.551226089461915,29.864527998404803,-0.005116192959433418,1,
203.200000000,-11.526226416654081,29.864400094138812,-0.005116192959433447,1,
203.300000000,-11.499560098992392,29.864263662921754,-0.005116192959433478,1,
203.400000000,-11.474560426184558,29.864135758655763,-0.005116192959433508,1,
203.500000000,-11.449560753376725,29.864007854389772,-0.005116192959433537,1,
203.600000000,-11.426227725422747,29.863888477074845,-0.005116192959433565,1,
203.700000000,-11.402894697468769,29.863769099759917,-0.005116192959433593,1,
203.800000000,-11.381228314368647,29.863658249396057,-0.005116192959433619,1,
203.900000000,-11.359561931268525,29.863547399032196,-0.005116192959433645,1,
204.000000000,-11.332895613606835,29.86341096781514,-0.005116192959433676,1,
204.100000000,-11.306229295945146,29.86327453659808,-0.005116192959433707,1,
204.200000000,-11.279562978283456,29.863138105381022,-0.0051161929594337385,1,
204.300000000,-11.252896660621767,29.863001674163964,-0.006793917417608966,1,
204.400000000,-11.227897237585971,29.862831827535143,-0.008761460085966937,1,
204.500000000,-11.202898197119618,29.862612793835307,-0.010729002754324913,1,
204.600000000,-11.179566206740903,29.86236245524058,-0.012565375911459023,1,
204.700000000,-11.156234715417838,29.8620692708512,-0.014401749068593128,1,
204.800000000,-11.134570295658078,29.861757243741252,-0.01610695271450337,1,
204.900000000,-11.112906439464846,29.86140827485529,-0.017812156360413615,1,
205.000000000,-11.091243209830541,29.861022365208015,-0.019517360006323863,1,
205.100000000,-11.069580669745745,29.860599515921546,-0.021222563652234107,1,
205.200000000,-11.047918882199033,29.86013972822541,-0.022927767298144348,1,
205.300000000,-11.021259224325503,29.85952837466372,-0.025026479477726182,1,
205.400000000,-10.996267052975321,29.85890277798599,-0.02659934615726546,1,
205.500000000,-10.969609819422,29.85819354572865,-0.028277070615440682,1,
205.600000000,-10.944619813665062,29.857486713168413,-0.029849937294979954,1,
205.700000000,-10.917965026366382,29.85669083304352,-0.03152766175315518,1,
205.800000000,-10.89297745025542,29.855902772069406,-0.03310052843269446,1,
205.900000000,-10.867991144567291,29.855075409960428,-0.034673395112233725,1,
206.000000000,-10.84134050621908,29.854150971350265,-0.03635111957040895,1,
206.100000000,-10.816357021948972,29.853242393491577,-0.03792398624994823,1,
206.200000000,-10.789709529367189,29.85223132958911,-0.03960171070812344,1,
206.300000000,-10.764729130498928,29.85124154558105,-0.03920897932548069,1,
206.400000000,-10.738082959127162,29.850196240679296,-0.038370945565282914,1,
206.500000000,-10.711435921111512,29.849173266533178,-0.03753291180508514,1,
206.600000000,-10.684788035166207,29.848172623861128,-0.03669487804488737,1,
206.700000000,-10.658139320006072,29.8471943133659,-0.0358568442846896,1,
206.800000000,-10.631489794346512,29.846238335734565,-0.03501881052449182,1,
206.900000000,-10.606505121743695,29.845363044394507,-0.0342331538743064,1,
207.000000000,-10.579854079002109,29.844450338583567,-0.033395120114108626,1,
207.100000000,-10.553202280740852,29.843559967564072,-0.032557086353910865,1,
207.200000000,-10.528215529118954,29.842746184186502,-0.03177142970372545,1,
207.300000000,-10.503228145854417,29.841952032065645,-0.030985773053540017,1,
207.400000000,-10.476574279738621,29.841125877000103,-0.030566859578721083,1,
207.500000000,-10.44992006987407,29.840310887670398,-0.030147946103902142,1,
207.600000000,-10.42326552093827,29.83950706421955,-0.02972903262908319,1,
207.700000000,-10.396610637608788,29.83871440678862,-0.029310119154264264,1,
207.800000000,-10.371621375378595,29.837981758721202,-0.0289173877716215,1,
207.900000000,-10.34496585747254,29.837210735847965,-0.028498474296802564,1,
208.000000000,-10.319976008823431,29.836498370425826,-0.028105742914159806,1,
208.100000000,-10.293319873900586,29.835748982618206,-0.02768682943934086,1,
208.200000000,-10.268329455295058,29.835056900310626,-0.0272940980566981,1,
208.300000000,-10.245004812713045,29.83442011709334,-0.026927548766231522,1,
208.400000000,-10.218347813367316,29.833702135900758,-0.026508635291412584,1,
208.500000000,-10.193356596699768,29.833039497631678,-0.026115903908769826,1,
208.600000000,-10.166699023388741,29.832343152689646,-0.025696990433950885,1,
208.700000000,-10.141707277126008,29.83170079862909,-0.025304259051308127,1,
208.800000000,-10.11504914741082,29.831026090396335,-0.024885345576489182,1,
208.900000000,-10.090056888016647,29.830404020967464,-0.024492614193846435,1,
209.000000000,-10.063398219458806,29.829750949888464,-0.024073700719027487,1,
209.100000000,-10.038405463397277,29.82914916550108,-0.02368096933638473,1,
209.200000000,-10.01174627355864,29.828517732006055,-0.023262055861565784,1,
209.300000000,-9.986753037294166,29.827936233056594,-0.02286932447892303,1,
209.400000000,-9.960093343736938,29.827326437561517,-0.02245041100410408,1,
209.500000000,-9.933433397067402,29.826727810224487,-0.022031497529285148,1,
209.600000000,-9.90843946415803,29.826177067342673,-0.021638766146642393,1,
209.700000000,-9.833962156771728,29.824565218721766,0.003866486578864188,1,
209.800000000,-9.77684652988297,29.824786056627065,0.046750432756176304,1,
209.900000000,-9.735618022411574,29.826714912635843,0.10547682964448267,1,
210.000000000,-9.712222407938311,29.829191800121002,0.18195046681051108,1,
210.100000000,-9.70922582895354,29.82974312660295,0.2789035919358781,1,
210.200000000,-9.70922582895354,29.82974312660295,0.37890359193587797,1,
210.300000000,-9.70922582895354,29.82974312660295,0.47890359193587806,1,
210.400000000,-9.70922582895354,29.82974312660295,0.578903591935878,1,
210.500000000,-9.70922582895354,29.82974312660295,0.678903591935878,1,
210.600000000,-9.70922582895354,29.82974312660295,0.778903591935878,1,
210.700000000,-9.70922582895354,29.82974312660295,0.8789035919358782,1,
210.800000000,-9.70922582895354,29.82974312660295,0.9789035919358778,1,
210.900000000,-9.70922582895354,29.82974312660295,1.078903591935878,1,
211.000000000,-9.70922582895354,29.82974312660295,1.1789035919358783,1,
211.100000000,-9.70922582895354,29.82974312660295,1.2789035919358778,1,
211.200000000,-9.70922582895354,29.82974312660295,1.3789035919358783,1,
211.300000000,-9.70922582895354,29.82974312660295,1.4789035919358784,1,
211.400000000,-9.706975446817763,29.854163384513395,1.5543798643201647,1,
211.500000000,-9.706284660333008,29.896238492289818,1.6122990862811941,1,
211.600000000,-9.708130171028843,29.940680138559458,1.6678191376202065,1,
211.700000000,-9.712438973143579,29.984950897048783,1.72333918895922,1,
211.800000000,-9.719197788309053,30.028914339252996,1.7788592402982324,1,
211.900000000,-9.728385787990161,30.072434983719088,1.8343792916372452,1,
212.000000000,-9.73997465767183,30.11537871355693,1.889899342976258,1,
212.100000000,-9.753928684115413,30.157613189745177,1.945419394315271,1,
212.200000000,-9.770204865415621,30.19900825895839,2.000939445654284,1,
212.300000000,-9.788753043518822,30.239436354658483,2.0564594969932983,1,
212.400000000,-9.816760740335775,30.29249828940468,2.0958721302803336,1,
212.500000000,-9.851014777852416,30.35162616234336,2.114566014868542,1,
212.600000000,-9.889817199735614,30.41580849679762,2.11006251428235,1,
212.700000000,-9.928330183929683,30.480164926534417,2.095203102859116,1,
212.800000000,-9.96588265285249,30.54508651060167,2.080343691435882,1,
212.900000000,-10.002466314992311,30.610558914440535,2.065484280012649,1,
213.000000000,-10.038073092748062,30.676567681872235,2.0518114064266277,1,
213.100000000,-10.072774040845129,30.743057111116023,2.038138532840608,1,
213.200000000,-10.10656267213005,30.810014772334824,2.024465659254588,1,
213.300000000,-10.139432670002027,30.877428148158145,2.0107927856685683,1,
213.400000000,-10.171377889593781,30.945284636022127,1.997119912082548,1,
213.500000000,-10.202392358920303,31.013571550525523,1.9834470384965277,1,
213.600000000,-10.232470279995281,31.082276125801172,1.969774164910506,1,
213.700000000,-10.261606029915004,31.151385517902504,1.9561012913244862,1,
213.800000000,-10.289794161909532,31.22088680720464,1.942428417738467,1,
213.900000000,-10.313850503123934,31.28261057049711,1.9086744025798779,1,
214.000000000,-10.330424797584582,31.329783579385868,1.85867440262475,1,
214.100000000,-10.340008178933171,31.362148565836534,1.7924284178825587,1,
214.200000000,-10.343013778546377,31.375487000782734,1.706101291605696,1,
214.300000000,-10.343222407232854,31.377019494274318,1.607647920918289,1,
214.400000000,-10.343279390088998,31.378565073513528,1.5091945502308826,1,
214.500000000,-10.343184175222222,31.380108769195882,1.4107411795434754,1,
214.600000000,-10.342937684811277,31.381635630259595,1.3122878088560688,1,
214.700000000,-10.34254230617473,31.38313086869019,1.213834438168662,1,
214.800000000,-10.34200186864921,31.38458000274596,1.1153810674812557,1,
214.900000000,-10.34132160650137,31.385968997217077,1.0169276967938488,1,
215.000000000,-10.340508108232767,31.38728439935998,0.9184743261064421,1,
215.100000000,-10.339569252768637,31.3885134691904,0.8200209554190356,1,
215.200000000,-10.338514133148635,31.389644302873158,0.7215675847316285,1,
215.300000000,-10.33735296845856,31.390665948013652,0.6231142140442222,1,
215.400000000,-10.336097004856072,31.39156850973442,0.5246608433568153,1,
215.500000000,-10.334758406648962,31.392343246509395,0.4262074726694087,1,
215.600000000,-10.33335013848093,31.392982654827666,0.32775410198200206,1,
215.700000000,-10.331885839765897,31.39348054186679,0.2293007312945954,1,
215.800000000,-10.330379692587039,31.393832085471747,0.13084736060718874,1,
215.900000000,-10.328846284339901,31.394033880858668,0.03239398991978203,1,
216.000000000,-10.32730046645,31.394083973590984,-0.06605938076762467,1,
216.100000000,-10.325757210533203,31.393981878508605,-0.1645127514550314,1,
216.200000000,-10.324231463392062,31.39372858442681,-0.26296612214243803,1,
216.300000000,-10.299602999636926,31.387098599861933,-0.3374608693056483,1,
216.400000000,-10.25913777685747,31.372900057929726,-0.3945769230367735,1,
216.500000000,-10.207148705624972,31.351251012949117,-0.4382604540761738,1,
216.600000000,-10.15470335770586,31.3266721243479,-0.48034123202314877,1,
216.700000000,-10.103338431358665,31.2999087048247,-0.5224220099701237,1,
216.800000000,-10.053144869756196,31.271008139832183,-0.5645027879170984,1,
216.900000000,-10.004211542134156,31.240021598704434,-0.6065835658640732,1,
217.000000000,-9.956625086445452,31.20700394406007,-0.6486643438110482,1,
217.100000000,-9.910469755965046,31.172013634666293,-0.6907451217580228,1,
217.200000000,-9.865827270116956,31.13511262193587,-0.7328258997049977,1,
217.300000000,-9.822776669787514,31.096366240240258,-0.7749066776519726,1,
217.400000000,-9.769190195030616,31.043892535176404,-0.7994304051546428,1,
217.500000000,-9.716906555132798,30.990120600126275,-0.8106464295906626,1,
217.600000000,-9.665229298513154,30.93576564498631,-0.8205888760524109,1,
217.700000000,-9.61409500840661,30.880899586486546,-0.8305313225141588,1,
217.800000000,-9.563508739510729,30.82552784821517,-0.8404737689759075,1,
217.900000000,-9.513475492350395,30.769655903747548,-0.8504162154376554,1,
218.000000000,-9.464000212783505,30.713289276105137,-0.8603586618994039,1,
218.100000000,-9.415087791512061,30.656433537209534,-0.8703011083611522,1,
218.200000000,-9.36674306359872,30.599094307331683,-0.8802435548229003,1,
218.300000000,-9.318970807988842,30.541277254536297,-0.8901860012846486,1,
218.400000000,-9.27177574703808,30.48298809412157,-0.8842669309091881,1,
218.500000000,-9.224236497205696,30.424979304051664,-0.8769709651901217,1,
218.600000000,-9.176275286262427,30.36731889957116,-0.8696749994710559,1,
218.700000000,-9.12789466722572,30.310009949994107,-0.86237903375199,1,
218.800000000,-9.079097215438482,30.253055505926305,-0.8550830680329238,1,
218.900000000,-9.029885528431999,30.19645859910291,-0.8477871023138576,1,
219.000000000,-8.980262225787657,30.14022224222706,-0.8404911365947914,1,
219.100000000,-8.930229948997507,30.084349428809496,-0.8331951708757256,1,
219.200000000,-8.879791361323655,30.028843133009225,-0.8258992051566593,1,
219.300000000,-8.828949147656488,29.9737063094752,-0.8186032394375929,1,
219.400000000,-8.777706014371764,29.91894189318904,-0.8113072737185271,1,
219.500000000,-8.726064689186545,29.864552799308793,-0.8040113079994609,1,
219.600000000,-8.674027921013995,29.81054192301377,-0.7967153422803949,1,
219.700000000,-8.627423973283383,29.76287100420191,-0.7946202578799006,1,
219.800000000,-8.581887846307994,29.716487158521744,-0.7935991562850296,1,
219.900000000,-8.538641994094293,29.67252610707744,-0.7926304188745107,1,
220.000000000,-8.48599391738201,29.619110940518706,-0.7914260426344063,1,
220.100000000,-8.434452932921866,29.566944814549288,-0.7902740305786539,1,
220.200000000,-8.393406646130476,29.525496290831104,-0.7893576573524875,1,
220.300000000,-8.345279379654926,29.476986388068514,-0.788284191573264,1,
220.400000000,-8.30885111901678,29.440347252280077,-0.788284191573264,1,
220.500000000,-8.273597963560508,29.404890024097718,-0.788284191573264,1,
220.600000000,-8.239519913286113,29.370614703521436,-0.7882841915732642,1,
220.700000000,-8.206616968193593,29.337521290551233,-0.7882841915732642,1,
220.800000000,-8.174889128282949,29.30560978518711,-0.7882841915732642,1,
220.900000000,-8.14433639355418,29.274880187429062,-0.7882841915732642,1,
221.000000000,-8.114958764007287,29.245332497277094,-0.7882841915732642,1,
221.100000000,-8.08675623964227,29.216966714731207,-0.7882841915732642,1,
221.200000000,-8.059728820459128,29.1897828397914,-0.7882841915732642,1,
221.300000000,-8.03152629609411,29.16141705724551,-0.7882841915732642,1,
221.400000000,-8.004498876910969,29.134233182305703,-0.7882841915732642,1,
221.500000000,-7.979821668091579,29.10941312257805,-0.7882841915732642,1,
221.600000000,-7.9563195644540645,29.085774970456477,-0.7882841915732642,1,
221.700000000,-7.933992565998426,29.06331872594098,-0.7882841915732642,1,
221.800000000,-7.911665567542787,29.040862481425485,-0.7882841915732642,1,
221.900000000,-7.890513674269024,29.019588144516067,-0.7882841915732642,1,
222.000000000,-7.868186675813385,28.99713190000057,-0.7882841915732642,1,
222.100000000,-7.8435094669939955,28.97231184027292,-0.7882841915732642,1,
222.200000000,-7.821182468538357,28.949855595757423,-0.7882841915732642,1,
222.300000000,-7.800030575264594,28.928581258848006,-0.7882841915732642,1,
222.400000000,-7.777703576808955,28.90612501433251,-0.7882841915732642,1,
222.500000000,-7.745975736898311,28.874213508968385,-0.7882841915732642,1,
222.600000000,-7.715423002169542,28.84348391121034,-0.7882841915732642,1,
222.700000000,-7.684870267440774,28.81275431345229,-0.7882841915732642,1,
222.800000000,-7.655492637893881,28.783206623300323,-0.7882841915732642,1,
222.900000000,-7.624939903165112,28.752477025542277,-0.7882841915732642,1,
223.000000000,-7.5967373788000945,28.72411124299639,-0.7882841915732642,1,
223.100000000,-7.56500953888945,28.692199737632265,-0.7882841915732642,1,
223.200000000,-7.534456804160682,28.66147013987422,-0.7882841915732642,1,
223.300000000,-7.502728964250037,28.629558634510094,-0.7882841915732642,1,
223.400000000,-7.472176229521269,28.598829036752047,-0.7882841915732642,1,
223.500000000,-7.4416234947925,28.568099438994,-0.7882841915732642,1,
223.600000000,-7.412245865245607,28.538551748842032,-0.7882841915732642,1,
223.700000000,-7.38404334088059,28.510185966296145,-0.7882841915732642,1,
223.800000000,-7.353490606151821,28.4794563685381,-0.7882841915732642,1,
223.900000000,-7.324112976604928,28.44990867838613,-0.7882841915732642,1,
224.000000000,-7.293560241876159,28.419179080628084,-0.7882841915732642,1,
224.100000000,-7.264182612329266,28.389631390476115,-0.7882841915732642,1,
224.200000000,-7.235980087964249,28.36126560793023,-0.7882841915732642,1,
224.300000000,-7.20542735323548,28.33053601017218,-0.7882841915732642,1,
224.400000000,-7.176049723688587,28.300988320020213,-0.7882841915732642,1,
224.500000000,-7.14784719932357,28.272622537474327,-0.7882841915732642,1,
224.600000000,-7.117294464594801,28.24189293971628,-0.7882841915732642,1,
224.700000000,-7.085566624684157,28.209981434352155,-0.7882841915732642,1,
224.800000000,-7.055013889955388,28.17925183659411,-0.7882841915732642,1,
224.900000000,-7.026811365590371,28.15088605404822,-0.7882841915732642,1,
225.000000000,-6.99978394640723,28.123702179108413,-0.7882841915732642,1,
225.100000000,-6.969231211678461,28.092972581350367,-0.7882841915732642,1,
225.200000000,-6.939853582131568,28.063424891198398,-0.7882841915732642,1,
225.300000000,-6.911651057766551,28.03505910865251,-0.7882841915732642,1,
225.400000000,-6.883448533401533,28.006693326106625,-0.7882841915732642,1,
225.500000000,-6.856421114218392,27.979509451166816,-0.7882841915732642,1,
225.600000000,-6.830568800217127,27.953507483833086,-0.7882841915732642,1,
225.700000000,-6.805891591397737,27.928687424105433,-0.7882841915732642,1,
225.800000000,-6.782389487760223,27.90504927198386,-0.7882841915732642,1,
225.900000000,-6.760062489304584,27.882593027468364,-0.7907764122865175,1,
226.000000000,-6.740135837968872,27.862450874050154,-0.7930062939773236,1,
226.100000000,-6.722593172781399,27.844639223421417,-0.7949738366456812,1,
226.200000000,-6.707419931519263,27.829172575625417,-0.7966790402915914,1,
226.300000000,-6.691107944132091,27.812488346187855,-0.7985154134487259,1,
226.400000000,-6.677152525764265,27.79816192660099,-0.8016831022515368,1,
226.500000000,-6.662083395076426,27.782593826371443,-0.8051147651212486,1,
226.600000000,-6.64591272997746,27.76577258876235,-0.8088104020578611,1,
226.700000000,-6.632105538869236,27.751303260039116,-0.8119780908606721,1,
226.800000000,-6.617197477322141,27.735580851020377,-0.8154097537303842,1,
226.900000000,-6.602343457457294,27.71980737523667,-0.8188414166000958,1,
227.000000000,-6.588682100604467,27.705200276656193,-0.8220091054029068,1,
227.100000000,-6.575067082957568,27.69054997650655,-0.8251767942057175,1,
227.200000000,-6.562629252951717,27.6770810680186,-0.8280805089416277,1,
227.300000000,-6.549103433579742,27.662348376128907,-0.8312481977444385,1,
227.400000000,-6.535624350573539,27.647572912640005,-0.8360497729203461,1,
227.500000000,-6.523333700040716,27.633969566706334,-0.8404512168315945,1,
227.600000000,-6.511103042730107,27.62031225610499,-0.8448526607428425,1,
227.700000000,-6.498932615582288,27.606601245414648,-0.8492541046540908,1,
227.800000000,-6.484620843241695,27.590334173861493,-0.8544558110946573,1,
227.900000000,-6.471488262408243,27.575249899909696,-0.8592573862705646,1,
228.000000000,-6.457339927504016,27.55884047993572,-0.8644590927111304,1,
228.100000000,-6.443277140611048,27.54235768680933,-0.869660799151697,1,
228.200000000,-6.4303754251877905,27.527075483462387,-0.8744623743276042,1,
228.300000000,-6.417547236855838,27.51173150796319,-0.8792639495035116,1,
228.400000000,-6.405855735160576,27.497609896892893,-0.8839711494379743,1,
228.500000000,-6.394230835994873,27.483433408240963,-0.8886783493724374,1,
228.600000000,-6.375317681177226,27.46014623205226,-0.8963810401742858,1,
228.700000000,-6.3597066631739505,27.44061942696537,-0.9027999491758261,1,
228.800000000,-6.342156592502839,27.418375938092964,-0.9100747127109051,1,
228.900000000,-6.327837234727244,27.399953114277412,-0.9160656944456761,1,
229.000000000,-6.309568866734003,27.376156754663732,-0.9237683852475245,1,
229.100000000,-6.2965078159434835,27.3588693778618,-0.9293314397155262,1,
229.200000000,-6.279554005513116,27.336168142440155,-0.936606203250605,1,
229.300000000,-6.265728414916526,27.317371933005806,-0.9425971849853763,1,
229.400000000,-6.221651765382943,27.256690395732154,-0.9661235477044438,1,
229.500000000,-6.210281907264353,27.240236632443377,-0.9722763510901755,1,
229.600000000,-6.168025381864663,27.178273852799904,-0.9958027138092429,1,
229.700000000,-6.1589615580190085,27.164287256535168,-1.00093004996402,1,
229.800000000,-6.118497598350784,27.10113927186449,-1.0244564126830873,1,
229.900000000,-6.079530341707538,27.037056880291615,-1.0479827754021551,1,
230.000000000,-6.042081355071342,26.972075549127027,-1.0715091381212227,1,
230.100000000,-6.00617136511615,26.906231243212105,-1.0950355008402903,1,
230.200000000,-5.971820246736328,26.839560405013867,-1.1185618635593577,1,
230.300000000,-5.939047012046611,26.772099934455376,-1.141074130928683,1,
230.400000000,-5.907800641653834,26.70391882022807,-1.1628636451573005,1,
230.500000000,-5.879369579381134,26.63813291133295,-1.1836847365313128,1,
230.600000000,-5.852943507221503,26.573312677530424,-1.204021616478022,1,
230.700000000,-5.82903640518418,26.511080090274056,-1.2233900735701269,1,
230.800000000,-5.806906494666074,26.449963259036984,-1.2422743192349288,1,
230.900000000,-5.786472347335047,26.39001697696741,-1.2606743534724278,1,
231.000000000,-5.768161859727235,26.332879195740237,-1.278105964855322,1,
231.100000000,-5.75133098914512,26.277026715283,-1.2950533648109135,1,
231.200000000,-5.735902814399329,26.2225007349147,-1.3115165533392021,1,
231.300000000,-5.72180166879349,26.169339116310645,-1.3274955304401888,1,
231.400000000,-5.708953268018167,26.117576552213016,-1.3429902961138718,1,
231.500000000,-5.69766122889984,26.068868340866775,-1.35751663893295,1,
231.600000000,-5.687430685794197,26.02163014552789,-1.3715587703247258,1,
231.700000000,-5.678194324501478,25.9758866497296,-1.3851166902891991,1,
231.800000000,-5.669886670635623,25.93166015442141,-1.3974272972131414,1,
231.900000000,-5.662124087525967,25.887334740678664,-1.408981333415914,1,
232.000000000,-5.655142664843953,25.844567492519438,-1.4201074423519173,1,
232.100000000,-5.648637497518405,25.80172521695144,-1.4312335512879204,1,
232.200000000,-5.642841241075355,25.760463678900155,-1.4419317329571537,1,
232.300000000,-5.637700911722616,25.720795341222036,-1.4522019873596184,1,
232.400000000,-5.633165444450548,25.6827312639172,-1.460770502527229,1,
232.500000000,-5.629139298920956,25.64628631095223,-1.4689664735571168,1,
232.600000000,-5.625581410317981,25.61146761728505,-1.4767899004492828,1,
232.700000000,-5.622296029322157,25.57662215457163,-1.4846133273414484,1,
232.800000000,-5.61942681760345,25.543412536458433,-1.492064210095892,1,
232.900000000,-5.616936208878599,25.51184396591814,-1.4991425487126138,1,
233.000000000,-5.614788434511013,25.48192094693165,-1.5058483431916128,1,
233.100000000,-5.612841364545128,25.451984198301446,-1.5125541376706118,1,
233.200000000,-5.611192101980794,25.423698906880432,-1.5188873880118892,1,
233.300000000,-5.60972200912637,25.395403737597018,-1.5252206383531661,1,
233.400000000,-5.608507078134182,25.368764761381794,-1.5294442234235812,1,
233.500000000,-5.607473570157834,25.343786133291708,-1.5330022503120344,1,
233.600000000,-5.606528943166218,25.318803986069206,-1.5365602772004874,1,
233.700000000,-5.605730258054434,25.29548432598299,-1.5398811022963772,1,
233.800000000,-5.605009017716656,25.272162142191167,-1.543201927392267,1,
233.900000000,-5.604411214935914,25.25050372405226,-1.5462855506955935,1,
234.000000000,-5.6038802012943885,25.228843565489658,-1.5493691739989197,1,
234.100000000,-5.60341598184134,25.20718187246386,-1.552452797302246,1,
234.200000000,-5.6030491318255535,25.187185237220252,-1.5552992188130088,1,
234.300000000,-5.602713374592252,25.165521172238705,-1.5590806574846447,1,
234.400000000,-5.6024790665661985,25.14552254479208,-1.5625712162584633,1,
234.500000000,-5.602314566210293,25.125523221312697,-1.5660617750322814,1,
234.600000000,-5.602227766418929,25.1071900934588,-1.5692614539082816,1,
234.700000000,-5.602199627093723,25.088856781720615,-1.572461132784281,1,
234.800000000,-5.60223292319813,25.068856809436397,-1.5759516915580996,1,
234.900000000,-5.602336030036668,25.048857075213668,-1.579442250331918,1,
235.000000000,-5.602508946353082,25.02885782272895,-1.5829328091057364,1,
235.100000000,-5.602731443066608,25.0105258395759,-1.5861324879817364,1,
235.200000000,-5.603038154267046,24.990528191508204,-1.5896230467555548,1,
235.300000000,-5.603446042436184,24.96886536455312,-1.592706670058881,1,
235.400000000,-5.603884214241145,24.948870164992492,-1.5955530915696443,1,
235.500000000,-5.604420556020266,24.927210137708567,-1.5986367148729699,1,
235.600000000,-5.604977291855519,24.90721788808003,-1.6014831363837325,1,
235.700000000,-5.605590931727953,24.887227304143913,-1.6043295578944954,1,
235.800000000,-5.606205592420969,24.86890427755594,-1.6069387776126942,1,
235.900000000,-5.606928284074126,24.84891733890155,-1.6097851991234573,1,
236.000000000,-5.607707863974916,24.828932538297636,-1.6126316206342195,1,
236.100000000,-5.608544325807097,24.808950037663248,-1.6154780421449821,1,
236.200000000,-5.609437662793564,24.788969998898807,-1.6183244636557448,1,
236.300000000,-5.610387867696402,24.76899258388478,-1.6205324842095175,1,
236.400000000,-5.611382180790068,24.74901731563948,-1.6227405047632906,1,
236.500000000,-5.612334062523862,24.730708710223556,-1.6247645236042487,1,
236.600000000,-5.613682612598011,24.705745108466246,-1.6275245492964656,1,
236.700000000,-5.615194553965949,24.679121338177065,-1.6304685767014957,1,
236.800000000,-5.61668547503956,24.65416583468881,-1.6332286023937121,1,
236.900000000,-5.618245268177789,24.62921454122803,-1.6359886280859282,1,
237.000000000,-5.619873921498543,24.60426764786712,-1.6387486537781444,1,
237.100000000,-5.621458255855394,24.580988164859754,-1.6413246777575463,1,
237.200000000,-5.623102553395637,24.557712840371284,-1.643900701736948,1,
237.300000000,-5.624806803207885,24.534441828854337,-1.6464767257163495,1,
237.400000000,-5.626570993982913,24.51117528473292,-1.6490527496957514,1,
237.500000000,-5.628395114013736,24.487913362401404,-1.6516287736751532,1,
237.600000000,-5.630279151195682,24.464656216223478,-1.6542047976545549,1,
237.700000000,-5.63305621095396,24.431438765234425,-1.657884831910843,1,
237.800000000,-5.63508570837885,24.40819386074663,-1.659721205067977,1,
237.900000000,-5.637009875797992,24.386612803678275,-1.6614264087138872,1,
238.000000000,-5.638970840499027,24.365035059081453,-1.6631316123597972,1,
238.100000000,-5.640814923219945,24.34512025657381,-1.6647056464944838,1,
238.200000000,-5.642690350222416,24.325208381384407,-1.6662796806291702,1,
238.300000000,-5.644756014079709,24.30364040796841,-1.6662796806291702,1,
238.400000000,-5.64666278071721,24.283731509430567,-1.6659654955230563,1,
238.500000000,-5.648563292181303,24.263822012797682,-1.665651310416942,1,
238.600000000,-5.650299693609129,24.245571094431952,-1.6653633074030039,1,
238.700000000,-5.652188215467007,24.225660456943608,-1.6650491222968902,1,
238.800000000,-5.6539136260944405,24.2074084962468,-1.6647611192829521,1,
238.900000000,-5.656259290552973,24.182518782342296,-1.6643683879003088,1,
239.000000000,-5.658595179859106,24.15762814914124,-1.663975656517666,1,
239.100000000,-5.6609212936525575,24.13273660048271,-1.6635829251350234,1,
239.200000000,-5.663237631574552,24.107844140205927,-1.66319019375238,1,
239.300000000,-5.665390422488271,24.084610330020634,-1.662823644461914,1,
239.400000000,-5.667687859380395,24.059716118168748,-1.662430913079271,1,
239.500000000,-5.669823008692223,24.036480680108305,-1.6620643637888044,1,
239.600000000,-5.672101543229987,24.011584731033,-1.6616716324061616,1,
239.700000000,-5.674219049708995,23.988347678492804,-1.661305083115695,1,
239.800000000,-5.67632803852082,23.965109851343176,-1.6609385338252287,1,
239.900000000,-5.678428509382103,23.94187125270631,-1.6605719845347622,1,
240.000000000,-5.680520462010627,23.918631885704507,-1.6602054352442952,1,
240.100000000,-5.682455079402842,23.897051762906194,-1.6598650680460054,1,
240.200000000,-5.6843823515172005,23.875470982877623,-1.659524700847715,1,
240.300000000,-5.686154591467873,23.85554965848497,-1.6592105157416004,1,
240.400000000,-5.687920572347759,23.835627778264172,-1.6588963306354865,1,
240.500000000,-5.689680293982534,23.815705344181758,-1.658582145529372,1,
240.600000000,-5.691433756198494,23.79578235820432,-1.658267960423258,1,
240.700000000,-5.693180958822549,23.7758588222985,-1.6579537753171438,1,
240.800000000,-5.694921901682229,23.755934738430994,-1.65763959021103,1,
240.900000000,-5.696801141515969,23.73434972274669,-1.6572992230127392,1,
241.000000000,-5.698529042648628,23.71442450360923,-1.6569850379066247,1,
241.100000000,-5.700250683489019,23.69449874257441,-1.656670852800511,1,
241.200000000,-5.7018231155023456,23.676232966689586,-1.6563828497865731,1,
241.300000000,-5.703390286852025,23.657966738697144,-1.6560948467726353,1,
241.400000000,-5.705662156751723,23.631397024391756,-1.6560948467726353,1,
241.500000000,-5.707792034782689,23.606487917230453,-1.6560948467726353,1,
241.600000000,-5.709779920944924,23.58323941721324,-1.6560948467726353,1,
241.700000000,-5.711767807107159,23.559990917196025,-1.6560948467726353,1,
241.800000000,-5.713755693269394,23.53674241717881,-1.6560948467726353,1,
241.900000000,-5.715743579431629,23.513493917161597,-1.6560948467726353,1,
242.000000000,-5.717731465593864,23.490245417144383,-1.6560948467726353,1,
242.100000000,-5.7197193517560985,23.46699691712717,-1.6560948467726353,1,
242.200000000,-5.721707237918333,23.443748417109955,-1.6560948467726353,1,
242.300000000,-5.723695124080568,23.42049991709274,-1.6560948467726353,1,
242.400000000,-5.725683010242803,23.397251417075527,-1.6560948467726353,1,
242.500000000,-5.727528904536308,23.3756635242024,-1.6560948467726353,1,
242.600000000,-5.729374798829812,23.35407563132927,-1.6560948467726353,1,
242.700000000,-5.731078701254585,23.33414834560023,-1.6560948467726353,1,
242.800000000,-5.732782603679358,23.31422105987119,-1.6560948467726353,1,
242.900000000,-5.7344865061041315,23.29429377414215,-1.6560948467726353,1,
243.000000000,-5.736190408528905,23.27436648841311,-1.6560948467726353,1,
243.100000000,-5.738036302822409,23.252778595539983,-1.6560948467726353,1,
243.200000000,-5.739740205247182,23.232851309810943,-1.6560948467726353,1,
243.300000000,-5.741444107671955,23.212924024081904,-1.6560948467726353,1,
243.400000000,-5.7431480100967285,23.192996738352864,-1.6560948467726353,1,
243.500000000,-5.744851912521502,23.173069452623825,-1.6560948467726353,1,
243.600000000,-5.7464138230775434,23.15480277403887,-1.6560948467726353,1,
243.700000000,-5.748117725502317,23.13487548830983,-1.6495964528559146,1,
243.800000000,-5.749692097509116,23.114937550783992,-1.6350656023177463,1,
243.900000000,-5.750869556579324,23.096642067700753,-1.6172993663671258,1,
244.000000000,-5.753193870614437,23.04669612123106,-1.5672993664119987,1,
244.100000000,-5.753019022951497,22.996696426904176,-1.5172993664568712,1,
244.200000000,-5.7503454506186005,22.946767957916354,-1.4672993665017438,1,
244.300000000,-5.745179836154199,22.897035509437593,-1.4172993665466163,1,
244.400000000,-5.73681244971725,22.84295256590046,-1.3720257581454207,1,
244.500000000,-5.726005943495955,22.78930373216929,-1.3267521497442256,1,
244.600000000,-5.712782463798824,22.736198953456586,-1.2814785413430305,1,
244.700000000,-5.697169110157836,22.683747060015957,-1.2362049329418354,1,
244.800000000,-5.67919787979203,22.63205554411088,-1.1909313245406397,1,
244.900000000,-5.658905602034014,22.581230339725483,-1.1456577161394443,1,
245.000000000,-5.6363338628537925,22.531375605468785,-1.100384107738249,1,
245.100000000,-5.61152891963458,22.482593511117297,-1.055110499337054,1,
245.200000000,-5.584541606375249,22.434984028233437,-1.0098368909358584,1,
245.300000000,-5.546430841558907,22.37432580825255,-0.981473823073802,1,
245.400000000,-5.504745996354964,22.311977001685598,-0.9678009494877816,1,
245.500000000,-5.462212586739584,22.25020395686433,-0.9553420114023505,1,
245.600000000,-5.418912871578663,22.188965613753307,-0.943007518189046,1,
245.700000000,-5.374861125404641,22.128265995475928,-0.9309102267683051,1,
245.800000000,-5.330078319494391,22.068103712483968,-0.9192873389326912,1,
245.900000000,-5.284599294715534,22.00846598696426,-0.9081388546822045,1,
246.000000000,-5.238458239700728,21.949338979242572,-0.8972275722242812,1,
246.100000000,-5.192714424821025,21.892021606849646,-0.8867906933514853,1,
246.200000000,-5.147428068778082,21.83647651645038,-0.8765910162712525,1,
246.300000000,-5.099444953288864,21.778834338941646,-0.8914504276944867,1,
246.400000000,-5.052323632399414,21.720485550456935,-0.9097194627996547,1,
246.500000000,-5.006276091611654,21.661285685698648,-0.9290794233741414,1,
246.600000000,-4.961383215503437,21.60120549200112,-0.9484393839486276,1,
246.700000000,-4.917661829761625,21.540267487202673,-0.9677993445231147,1,
246.800000000,-4.875128321002745,21.478494510646104,-0.9871593050976006,1,
246.900000000,-4.833798630631351,21.415909714618596,-1.0065192656720874,1,
247.000000000,-4.793688248865236,21.35253655567432,-1.025879226246574,1,
247.100000000,-4.754812208929758,21.288398785843,-1.0452391868210602,1,
247.200000000,-4.717185081423442,21.22352044372775,-1.064599147395547,1,
247.300000000,-4.68082096885697,21.15792584549548,-1.0839591079700335,1,
247.400000000,-4.648852386455561,21.097531688628372,-1.1110141885371605,1,
247.500000000,-4.620008449198811,21.039281990916464,-1.1379380700572406,1,
247.600000000,-4.594141308064417,20.98330280918512,-1.1634812397044956,1,
247.700000000,-4.57037257778434,20.92821154435236,-1.1883340534153388,1,
247.800000000,-4.548602229598086,20.874092881050068,-1.2124965111897696,1,
247.900000000,-4.528730219693937,20.82102486494356,-1.2359686130277876,1,
248.000000000,-4.511204542035228,20.770653294915938,-1.2580600029929818,1,
248.100000000,-4.495308600520889,20.721492706149963,-1.2794610370217634,1,
248.200000000,-4.480947025368612,20.67359964653643,-1.3001717151141325,1,
248.300000000,-4.465798134561865,20.61899541393092,-1.3147212421842909,1,
248.400000000,-4.451867427520078,20.565788878605684,-1.3279255739180356,1,
248.500000000,-4.439041288085231,20.514020793923688,-1.3407297743871218,1,
248.600000000,-4.427259101403448,20.463715480869897,-1.3531338435915488,1,
248.700000000,-4.416461708789586,20.41489523596328,-1.3651377815313168,1,
248.800000000,-4.406591468324541,20.367580444784693,-1.376741588206426,1,
248.900000000,-4.397592310229873,20.321789693192642,-1.3879452636168768,1,
249.000000000,-4.3894097873162385,20.277539876031803,-1.3987488077626682,1,
249.100000000,-4.381991120797307,20.234846303156502,-1.4091522206438005,1,
249.200000000,-4.375285241755354,20.193722802607716,-1.419155502260274,1,
249.300000000,-4.369242828538438,20.154181820797497,-1.4287586526120886,1,
249.400000000,-4.363816340362198,20.116234519569115,-1.4379616716992438,1,
249.500000000,-4.358960047381908,20.0798908700147,-1.446764559521741,1,
249.600000000,-4.354630057492413,20.045159742944637,-1.4551673160795786,1,
249.700000000,-4.350592054235842,20.010393458563072,-1.4635700726374163,1,
249.800000000,-4.347024690886525,19.977251566193367,-1.4715726979305952,1,
249.900000000,-4.344217965553034,19.949057593953185,-1.48893538690341,1,
250.000000000,-4.340451258548269,19.9031469384859,-1.5428704721949753,1,
250.100000000,-4.339276269593044,19.86108256779858,-1.6007896941560047,1,
250.200000000,-4.3405382245981885,19.819020716318526,-1.6587089161170339,1,
250.300000000,-4.344232891346996,19.777102446817263,-1.716628138078063,1,
250.400000000,-4.351955788139582,19.72452083554304,-1.7634824046739348,1,
250.500000000,-4.362284138571898,19.671583905026655,-1.8095473192920688,1,
250.600000000,-4.375039205540997,19.619178736371616,-1.8556122339102021,1,
250.700000000,-4.390193927882088,19.567416512444183,-1.901677148528336,1,
250.800000000,-4.407716153318772,19.51640705203834,-1.9477420631464697,1,
250.900000000,-4.427568706677354,19.466258576884115,-1.9938069777646048,1,
251.000000000,-4.449709468757732,19.417077482044235,-2.0398718923827373,1,
251.100000000,-4.474091465693539,19.368968110186234,-2.085936807000871,1,
251.200000000,-4.500662968611958,19.322032530208933,-2.1320017216190053,1,
251.300000000,-4.5382956927673765,19.262167865536362,-2.161291043474065,1,
251.400000000,-4.580053595394341,19.199867965310144,-2.1838033108433903,1,
251.500000000,-4.6232033105180586,19.138523836946117,-2.2063155782127155,1,
251.600000000,-4.667722970692309,19.07816656846941,-2.2288278455820407,1,
251.700000000,-4.713590014209054,19.018826747783525,-2.251340112951366,1,
251.800000000,-4.760781196532276,18.960534447168982,-2.273852380320691,1,
251.900000000,-4.809272602077862,18.90331920804326,-2.2963646476900164,1,
252.000000000,-4.859039656333563,18.847210025989785,-2.3188769150593416,1,
252.100000000,-4.910057138312881,18.792235336063513,-2.341389182428667,1,
252.200000000,-4.9622991933365865,18.738422998380596,-2.363901449797992,1,
252.300000000,-5.015739346135367,18.68580028399942,-2.3698205201734526,1,
252.400000000,-5.069490038519458,18.633494805622572,-2.3743240207596443,1,
252.500000000,-5.123475742787952,18.581431923118483,-2.378827521345836,1,
252.600000000,-5.177695364030693,18.52961269239963,-2.383331021932028,1,
252.700000000,-5.23214780259334,18.478038164436875,-2.3878345225182196,1,
252.800000000,-5.286831954099672,18.42670938523814,-2.3923380231044113,1,
252.900000000,-5.341746709473988,18.375627395827202,-2.396841523690603,1,
253.000000000,-5.396890954963594,18.324793232222575,-2.401345024276795,1,
253.100000000,-5.452263572161401,18.274207925416498,-2.4058485248629866,1,
253.200000000,-5.5078634380286005,18.22387250135402,-2.4103520254491784,1,
253.300000000,-5.563689424917443,18.173787980912202,-2.41485552603537,1,
253.400000000,-5.61974040059411,18.12395537987941,-2.4133088968968,1,
253.500000000,-5.675714236710014,18.074036148410265,-2.4102620221910525,1,
253.600000000,-5.73153571560273,18.023946603650604,-2.4072151474853047,1,
253.700000000,-5.787204319057002,17.97368721060362,-2.404168272779557,1,
253.800000000,-5.842719530276786,17.92325843584929,-2.4011213980738093,1,
253.900000000,-5.8980808338900435,17.872660747540035,-2.3980745233680616,1,
254.000000000,-5.95328771595353,17.821894615396367,-2.395027648662314,1,
254.100000000,-6.008339663957561,17.770960510702544,-2.391980773956566,1,
254.200000000,-6.063236166830776,17.719858906302182,-2.3889338992508184,1,
254.300000000,-6.117976714944877,17.66859027659387,-2.3858870245450707,1,
254.400000000,-6.172560800119365,17.617155097526776,-2.384340395406501,1,
254.500000000,-6.227065268894639,17.565635558674753,-2.382793766267931,1,
254.600000000,-6.2814899908926725,17.51403178327569,-2.381247137129361,1,
254.700000000,-6.3358348359262,17.46234389476898,-2.379700507990791,1,
254.800000000,-6.390099673999024,17.410572016795218,-2.378153878852221,1,
254.900000000,-6.4442843753063315,17.358716273195903,-2.376607249713651,1,
255.000000000,-6.498388810234999,17.30677678801315,-2.375060620575081,1,
255.100000000,-6.552412849363907,17.254753685489383,-2.373513991436511,1,
255.200000000,-6.606356363464245,17.202647090067053,-2.371967362297941,1,
255.300000000,-6.660219223499827,17.15045712638832,-2.370420733159371,1,
255.400000000,-6.714001300627395,17.09818391929478,-2.3688741040208012,1,
255.500000000,-6.767702466196926,17.045827593827138,-2.3673274748822313,1,
255.600000000,-6.821322591751946,16.99338827522493,-2.3657808457436613,1,
255.700000000,-6.874861549029832,16.940866088926217,-2.3642342166050914,1,
255.800000000,-6.928319209962122,16.888261160567286,-2.3642342166050914,1,
255.900000000,-6.981776870894411,16.835656232208354,-2.3642342166050914,1,
256.000000000,-7.0352345318267,16.783051303849422,-2.3642342166050914,1,
256.100000000,-7.088692192758989,16.73044637549049,-2.3642342166050914,1,
256.200000000,-7.142149853691278,16.67784144713156,-2.3642342166050914,1,
256.300000000,-7.195607514623568,16.625236518772628,-2.3642342166050914,1,
256.400000000,-7.249065175555857,16.572631590413696,-2.3657808457436618,1,
256.500000000,-7.302604132833744,16.520109404114983,-2.3673274748822326,1,
256.600000000,-7.356224258388764,16.467670085512776,-2.3688741040208026,1,
256.700000000,-7.4099254239582955,16.415313760045134,-2.370420733159373,1,
256.800000000,-7.463707501085863,16.363040552951592,-2.3719673622979434,1,
256.900000000,-7.517570361121446,16.31085058927286,-2.3735139914365138,1,
257.000000000,-7.571513875221785,16.25874399385053,-2.375060620575084,1,
257.100000000,-7.625537914350693,16.206720891326764,-2.3766072497136546,1,
257.200000000,-7.679642349279361,16.15478140614401,-2.378153878852225,1,
257.300000000,-7.733827050586669,16.102925662544695,-2.378153878852225,1,
257.400000000,-7.788011751893976,16.05106991894538,-2.378153878852225,1,
257.500000000,-7.842196453201284,15.999214175346065,-2.378153878852225,1,
257.600000000,-7.896381154508592,15.94735843174675,-2.378153878852225,1,
257.700000000,-7.950565855815899,15.895502688147435,-2.378153878852225,1,
257.800000000,-8.004750557123206,15.84364694454812,-2.378153878852225,1,
257.900000000,-8.058935258430513,15.791791200948804,-2.378153878852225,1,
258.000000000,-8.11311995973782,15.739935457349489,-2.378153878852225,1,
258.100000000,-8.167304661045126,15.688079713750174,-2.378153878852225,1,
258.200000000,-8.221489362352433,15.636223970150859,-2.378153878852225,1,
258.300000000,-8.27567406365974,15.584368226551543,-2.378153878852225,1,
258.400000000,-8.329858764967046,15.532512482952228,-2.3587939182777387,1,
258.500000000,-8.38302944972015,15.479617508872586,-2.3373134147816237,1,
258.600000000,-8.435051744847328,15.425592692262988,-2.3158329112855087,1,
258.700000000,-8.485901647558713,15.370462959865282,-2.292306548566441,1,
258.800000000,-8.535440596031298,15.314152280733962,-2.2687801858473735,1,
258.900000000,-8.583641172229907,15.256691820814796,-2.2462679184780483,1,
259.000000000,-8.630536078889733,15.198160908218405,-2.223755651108723,1,
259.100000000,-8.676101550573474,15.13858920528624,-2.201243383739398,1,
259.200000000,-8.720314495575922,15.078006901812282,-2.1787311163700727,1,
259.300000000,-8.76315250762639,15.016444699743449,-2.155204753651005,1,
259.400000000,-8.80216401896666,14.957469264292193,-2.1259154317959457,1,
259.500000000,-8.839431694661258,14.897376666145336,-2.0966261099408863,1,
259.600000000,-8.874923566384345,14.836218452916782,-2.067336788085828,1,
259.700000000,-8.908609189100147,14.774047086308302,-2.0380474662307675,1,
259.800000000,-8.940459667178798,14.710915897107727,-2.008758144375708,1,
259.900000000,-8.970447679183092,14.646879039441632,-1.979468822520649,1,
260.000000000,-8.998547501304902,14.581991444321764,-1.9501795006655882,1,
260.100000000,-9.024735029431138,14.516308772525049,-1.9208901788105293,1,
260.200000000,-9.048987799820333,14.449887366847614,-1.8916008569554696,1,
260.300000000,-9.071285008372103,14.38278420377376,-1.8623115351004096,1,
260.400000000,-9.092361289632981,14.312544840550634,-1.837203923244523,1,
260.500000000,-9.110790012464012,14.245014238785087,-1.8132375664729918,1,
260.600000000,-9.127195013409276,14.17867932800328,-1.7898418372436415,1,
260.700000000,-9.141681549402259,14.113605641160069,-1.7670167355564694,1,
260.800000000,-9.15402924847306,14.051487645065796,-1.7453328889536572,1,
260.900000000,-9.164737773634304,13.990757872576113,-1.724219669893024,1,
261.000000000,-9.173907102805591,13.931462650150115,-1.7036770783745698,1,
261.100000000,-9.18163568872085,13.873643563876392,-1.6837051143982948,1,
261.200000000,-9.187832485894276,13.818993772433137,-1.6648744055063782,1,
261.300000000,-9.19284258531863,13.765896283338053,-1.646614324156641,1,
261.400000000,-9.196756096615307,13.714378045074548,-1.6289248703490835,1,
261.500000000,-9.199660887301697,13.664462494480889,-1.6118060440837048,1,
261.600000000,-9.201642468092246,13.616169798877085,-1.595257845360506,1,
261.700000000,-9.20278389178586,13.569517093385018,-1.5792802741794858,1,
261.800000000,-9.203222223809021,13.517852286122416,-1.5719270186100163,1,
261.900000000,-9.203282527359645,13.464518986881451,-1.5651894517673373,1,
262.000000000,-9.202992840334378,13.412853132336386,-1.558662433888493,1,
262.100000000,-9.202386160576362,13.362856813075151,-1.5523459649734814,1,
262.200000000,-9.201494443682764,13.314531706224852,-1.546240045022304,1,
262.300000000,-9.200348599034294,13.267879109107227,-1.5403446740349593,1,
262.400000000,-9.198876996612434,13.219568183868487,-1.5388257378446015,1,
262.500000000,-9.197385289941904,13.172925364603493,-1.537359178764255,1,
262.600000000,-9.195880898646088,13.127950518224333,-1.5359449967939218,1,
262.700000000,-9.194370980051046,13.084643498890117,-1.5345831919336004,1,
262.800000000,-9.19286242919898,13.043004149886587,-1.5332737641832912,1,
262.900000000,-9.191299355936687,13.00136681191827,-1.531964336432982,1,
263.000000000,-9.189746466663912,12.961396966598247,-1.5307072857926858,1,
263.100000000,-9.188210131684649,12.92309443248788,-1.5295026122624014,1,
263.200000000,-9.186696459082453,12.88645902284505,-1.5283503158421297,1,
263.300000000,-9.185211294754009,12.851490547228897,-1.5272503965318693,1,
263.400000000,-9.183687668830132,12.81652372632616,-1.5267005725961704,1,
263.500000000,-9.182218286651374,12.783222795000988,-1.5261769307526463,1,
263.600000000,-9.180805807900674,12.751587645537827,-1.5256794710012989,1,
263.700000000,-9.179452761363853,12.721618173319097,-1.525208193342127,1,
263.800000000,-9.1780855910351,12.691649342089098,-1.5247369156829562,1,
263.900000000,-9.176781035763456,12.663346057592047,-1.524291820115961,1,
264.000000000,-9.175231444224085,12.630048762248848,-1.5237681782724373,1,
264.100000000,-9.173664417040841,12.596752282901654,-1.5232445364289138,1,
264.200000000,-9.172159177763278,12.56512141139145,-1.5227470766775664,1,
264.300000000,-9.170558152314708,12.531826549496195,-1.5248442322502855,1,
264.400000000,-9.16910351471452,12.500193310534149,-1.5268365300443683,1,
264.500000000,-9.16778514552453,12.470222292822385,-1.5287239700598159,1,
264.600000000,-9.1663831473277,12.436918456524337,-1.5308211256325344,1,
264.700000000,-9.165117603080551,12.40527708841965,-1.532813423426617,1,
264.800000000,-9.163915100331206,12.373633261771857,-1.5348057212207007,1,
264.900000000,-9.162715672459091,12.340321514836418,-1.5369028767934194,1,
265.000000000,-9.16158610708907,12.307007325769506,-1.539000032366139,1,
265.100000000,-9.160526409189037,12.27369084108892,-1.5410971879388575,1,
265.200000000,-9.159586074708079,12.242038139010871,-1.5430894857329411,1,
265.300000000,-9.158662631499723,12.208717599343093,-1.5451866413056596,1,
265.400000000,-9.156742115034467,12.13374219259857,-1.5687130040247275,1,
265.500000000,-9.156586918543477,12.059247606986327,-1.594218256750234,1,
265.600000000,-9.158331569770532,11.984773292195342,-1.6197235094757405,1,
265.700000000,-9.16197493385027,11.910367692475475,-1.6452287622012471,1,
265.800000000,-9.167514640837563,11.83607920737862,-1.670734014926754,1,
265.900000000,-9.174947087249112,11.761956160275645,-1.6962392676522602,1,
266.000000000,-9.184267438407458,11.688046766922866,-1.7217445203777675,1,
266.100000000,-9.195469631585855,11.614399104098547,-1.747249773103274,1,
266.200000000,-9.208546379951963,11.541061078329783,-1.7727550258287803,1,
266.300000000,-9.223489177307815,11.46808039473013,-1.7982602785542867,1,
266.400000000,-9.238898858395407,11.401507230668152,-1.8278307524033341,1,
266.500000000,-9.255846426679271,11.337030689401516,-1.8566799951828905,1,
266.600000000,-9.27370676640414,11.276267876958185,-1.8840867758234714,1,
266.700000000,-9.292711852443185,11.217602857718212,-1.910772325394561,1,
266.800000000,-9.312719720319942,11.161037097553372,-1.9367366438961635,1,
266.900000000,-9.332996612501606,11.10812246106625,-1.9612585002587868,1,
267.000000000,-9.353930483862591,11.0572621324216,-1.9850591255519225,1,
267.100000000,-9.375397960982477,11.008440089545953,-2.008138519775568,1,
267.200000000,-9.397280515238013,10.961636262098853,-2.0304966829297255,1,
267.300000000,-9.420203960742297,10.915333345444969,-2.0528548460838825,1,
267.400000000,-9.442611491856358,10.872507959743455,-2.0737705470990617,1,
267.500000000,-9.465106390302697,10.831620830696936,-2.093965017044752,1,
267.600000000,-9.487589627304574,10.792640014210907,-2.1134382559209537,1,
267.700000000,-9.509966969316906,10.755531627797039,-2.132190263727666,1,
267.800000000,-9.533036193055759,10.71884936104777,-2.148564565884175,1,
267.900000000,-9.555792684260334,10.683945876706414,-2.1628302544386573,1,
268.000000000,-9.579974848507751,10.647987557639906,-2.177666570535319,1,
268.100000000,-9.603737321843196,10.613761018637353,-2.191932259089801,1,
268.200000000,-9.627015693694975,10.581232302032939,-2.205627320102104,1,
268.300000000,-9.652714156241444,10.54634151814198,-2.218958394104523,1,
268.400000000,-9.674850638226777,10.517111044150658,-2.225952934844352,1,
268.500000000,-9.696175558400954,10.489357705980899,-2.2326295419141893,1,
268.600000000,-9.716661026621667,10.463062141661242,-2.238988215314034,1,
268.700000000,-9.737313284480717,10.436897368464548,-2.245346888713879,1,
268.800000000,-9.75709058633015,10.412166090508602,-2.2513876284437315,1,
268.900000000,-9.775968167153076,10.388850067214012,-2.2571104345035917,1,
269.000000000,-9.794978871202723,10.365642457868438,-2.262833240563452,1,
269.100000000,-9.813058564500118,10.343827268938476,-2.26823811295332,1,
269.200000000,-9.831255901458578,10.322110116606781,-2.2736429853431877,1,
269.300000000,-9.848493029955957,10.301763310659018,-2.2787299240630636,1,
269.400000000,-9.86474966244129,10.282770630483833,-2.28148994975528,1,
269.500000000,-9.88105865322594,10.263822891315632,-2.284249975447496,1,
269.600000000,-9.896329129749216,10.246180414414797,-2.286825999426898,1,
269.700000000,-9.911645002999133,10.228577333120976,-2.2894020234063,1,
269.800000000,-9.92590894503101,10.212268304880283,-2.2917940456728867,1,
269.900000000,-9.9402118577769,10.195993442932238,-2.2941860679394743,1,
270.000000000,-9.954553659398858,10.179752840397823,-2.2965780902060615,1,
270.100000000,-9.967828067187382,10.164793224832442,-2.2987861107598344,1,
270.200000000,-9.982244424274135,10.148618766795412,-2.3011781330264216,1,
270.300000000,-9.996699429744243,10.132478839245897,-2.303570155293009,1,
270.400000000,-10.01230789097762,10.115134664939502,-2.305406528450143,1,
270.500000000,-10.026831013017455,10.099056002972144,-2.307111732096053,1,
270.600000000,-10.041381531322433,10.083002129249552,-2.3088169357419632,1,
270.700000000,-10.05708077837307,10.065740087467438,-2.3106533088990973,1,
270.800000000,-10.071688061334187,10.049737846095109,-2.3123585125450075,1,
270.900000000,-10.086322610125476,10.03376053636788,-2.3140637161909177,1,
271.000000000,-10.099856553573145,10.019035307175937,-2.315637750325604,1,
271.100000000,-10.1134136582589,10.004331399105649,-2.317211784460291,1,
271.200000000,-10.128125576621802,9.988425302710628,-2.3189169881062006,1,
271.300000000,-10.141730825939582,9.973765930588977,-2.320491022240887,1,
271.400000000,-10.15649482497974,9.957908163508247,-2.3218541733631546,1,
271.500000000,-10.171280426829107,9.942070536716443,-2.323217324485422,1,
271.600000000,-10.186087604013363,9.926253079642738,-2.3245804756076898,1,
271.700000000,-10.202057000172307,9.909240647989293,-2.326048484508593,1,
271.800000000,-10.216908899705691,9.893465175739795,-2.3274116356308605,1,
271.900000000,-10.231782289786361,9.877709963524383,-2.328774786753128,1,
272.000000000,-10.247822900699218,9.860764661934066,-2.3302427956540313,1,
272.100000000,-10.262740836638736,9.845051621752457,-2.331605946776299,1,
272.200000000,-10.281127718264745,9.825737541521127,-2.333283671234474,1,
272.300000000,-10.297244570273241,9.808864737196394,-2.334751680135377,1,
272.400000000,-10.31453914605205,9.790812101692651,-2.335930650205965,1,
272.500000000,-10.329546213687228,9.775184166274382,-2.336952424267141,1,
272.600000000,-10.345724859244628,9.758370604118417,-2.3380527963330233,1,
272.700000000,-10.36307893453008,9.740375158278235,-2.339231766403611,1,
272.800000000,-10.378137509933609,9.724796847995645,-2.3402535404647873,1,
272.900000000,-10.394371570760326,9.70803678494329,-2.3413539125306695,1,
273.000000000,-10.411784956438844,9.690098724869491,-2.3425328826012572,1,
273.100000000,-10.426894875512032,9.674570209485008,-2.3435546566624335,1,
273.200000000,-10.44318417469969,9.657863828176675,-2.3446550287283157,1,
273.300000000,-10.46065668101137,9.639983349346725,-2.3458339987989034,1,
273.400000000,-10.475817779096017,9.624504798080144,-2.3468557728600796,1,
273.500000000,-10.492162139134287,9.607852280571256,-2.347956144925962,1,
273.600000000,-10.509693575674971,9.59002957783514,-2.3491351149965496,1,
273.700000000,-10.524905687555158,9.57460115936178,-2.350156889057726,1,
273.800000000,-10.541304930333693,9.558002687120785,-2.350890168597899,1,
273.900000000,-10.55888858357149,9.54023149867395,-2.3516758252480843,1,
274.000000000,-10.574139845451832,9.524841779524413,-2.352356727678245,1,
274.100000000,-10.590575562480865,9.508279423104327,-2.353090007218418,1,
274.200000000,-10.609373113848077,9.489364794540485,-2.353928040978616,1,
274.300000000,-10.62583483522723,9.472828284216975,-2.354661320518789,1,
274.400000000,-10.643485381124048,9.45512353260775,-2.3550540519014316,1,
274.500000000,-10.658788545838137,9.439785423396446,-2.355394419099722,1,
274.600000000,-10.675274498287012,9.423273069951286,-2.3557609683901886,1,
274.700000000,-10.689410501657868,9.409124804732569,-2.356075153496303,1,
274.800000000,-10.704729320159103,9.393802329600572,-2.3564155206945934,1,
274.900000000,-10.721232124800961,9.377306818593114,-2.35678206998506,1,
275.000000000,-10.738920178319818,9.359639539155859,-2.3571748013677025,1,
275.100000000,-10.75425583688287,9.344333918590786,-2.357515168565993,1,
275.200000000,-10.770776770796834,9.327856564827064,-2.3578817178564595,1,
275.300000000,-10.78848424140358,9.31020874669815,-2.358274449239102,1,
275.400000000,-10.803836721484181,9.294919999207947,-2.3586148164373926,1,
275.500000000,-10.82037576469272,9.278460822612791,-2.358981365727859,1,
275.600000000,-10.838102630975035,9.260832487132408,-2.3593740971105017,1,
275.700000000,-10.853471914008578,9.245560631204613,-2.359714464308792,1,
275.800000000,-10.870029046512263,9.229119651680877,-2.3600810135992587,1,
275.900000000,-10.887775287034371,9.211510820165653,-2.3604737449819013,1,
276.000000000,-10.903161354435928,9.196255874267383,-2.3608141121801918,1,
276.100000000,-10.919736556213454,9.179833111695917,-2.3611806614706583,1,
276.200000000,-10.93750214951615,9.162243805438898,-2.361573392853301,1,
276.300000000,-10.952904982680502,9.147005788016818,-2.3619137600515914,1,
276.400000000,-10.969498233688716,9.130601262256441,-2.362280309342058,1,
276.500000000,-10.992025804849579,9.108346233265895,-2.3627777690934053,1,
276.600000000,-11.012191955850694,9.0884438682914,-2.3632228646604005,1,
276.700000000,-11.029993433019241,9.070890879639387,-2.363615596043043,1,
276.800000000,-11.045427353170277,9.055684349686242,-2.3639559632413336,1,
276.900000000,-11.062054070928195,9.039313744900744,-2.3643225125318,1,
277.000000000,-11.085815095605883,9.01593587465178,-2.364846154375324,1,
277.100000000,-11.108399695503913,8.993738721113012,-2.3653436141266715,1,
277.200000000,-11.126238358104118,8.97622352437886,-2.365736345509314,1,
277.300000000,-11.141704492763642,8.961049760075369,-2.3660767127076046,1,
277.400000000,-11.158365891056928,8.944714453180273,-2.366443261998071,1,
277.500000000,-11.178604858397861,8.924886140625988,-2.3668883575650663,1,
277.600000000,-11.197661602708346,8.90623267962284,-2.3673072710398855,1,
277.700000000,-11.216726159532648,8.887587203383172,-2.3677261845147046,1,
277.800000000,-11.234606502650626,8.870114558191805,-2.3681189158973477,1,
277.900000000,-11.25249370644562,8.852648936519605,-2.36851164727999,1,
278.000000000,-11.2691948307112,8.836354247424378,-2.3688781965704564,1,
278.100000000,-11.294255474636508,8.811921398101203,-2.3694280205061564,1,
278.200000000,-11.318135545019373,8.788665144111782,-2.3699516623496804,1,
278.300000000,-11.340833177822626,8.766583585224183,-2.3699516623496804,1,
278.400000000,-11.363530810625878,8.744502026336583,-2.3699516623496804,1,
278.500000000,-11.385033831176328,8.723582654758857,-2.3699516623496804,1,
278.600000000,-11.405342239473974,8.703825470491006,-2.3699516623496804,1,
278.700000000,-11.42565064777162,8.684068286223155,-2.3699516623496804,1,
278.800000000,-11.444764443816464,8.665473289265178,-2.3699516623496804,1,
278.900000000,-11.463878239861307,8.6468782923072,-2.3699516623496804,1,
279.000000000,-11.481797423653349,8.629445482659095,-2.3699516623496804,1,
279.100000000,-11.498521995192588,8.613174860320864,-2.3699516623496804,1,
279.200000000,-11.515246566731827,8.596904237982633,-2.3699516623496804,1,
279.300000000,-11.530776526018263,8.581795802954275,-2.3699516623496804,1,
279.400000000,-11.546306485304699,8.566687367925917,-2.3699516623496804,1,
279.500000000,-11.563031056843938,8.550416745587686,-2.3699516623496804,1,
279.600000000,-11.579755628383177,8.534146123249455,-2.3699516623496804,1,
279.700000000,-11.595285587669613,8.519037688221097,-2.3699516623496804,1,
279.800000000,-11.610815546956049,8.503929253192739,-2.3629117356065663,1,
279.900000000,-11.652044800878098,8.463250205708084,-2.3208309576595916,1,
280.000000000,-11.6807297565098,8.432461162189773,-2.2629117356985624,1,
280.100000000,-11.696379996504897,8.413580399380352,-2.1874354633142765,1,
280.200000000,-11.69814199373255,8.411094677700154,-2.0904823381889095,1,
280.300000000,-11.705521290859803,8.398197077701038,-2.005341749746217,1,
280.400000000,-11.712265695491558,8.383665920344939,-1.9213617849504414,1,
280.500000000,-11.717767439017384,8.368620245015443,-1.8373818201546661,1,
280.600000000,-11.721987742450361,8.35316610101203,-1.7534018553588908,1,
280.700000000,-11.724896859021873,8.337412416721747,-1.6694218905631142,1,
280.800000000,-11.72647428385143,8.321470231838498,-1.5854419257673387,1,
280.900000000,-11.726708898475126,8.30545191470083,-1.501461960971563,1,
281.000000000,-11.725599049214011,8.289470370264757,-1.417481996175787,1,
281.100000000,-11.723152558830053,8.273638244294258,-1.3335020313800114,1,
281.200000000,-11.719386671387454,8.258067129378675,-1.2495220665842357,1,
281.300000000,-11.714327930708043,8.242866778373417,-1.1655421017884597,1,
281.400000000,-11.700342355979759,8.210266409406772,-1.1010157590180414,1,
281.500000000,-11.676996505359364,8.16428193790858,-1.0525870723633293,1,
281.600000000,-11.646284386259342,8.110418647382378,-1.0145910103505562,1,
281.700000000,-11.613108072109425,8.057052707337952,-0.9774288284014673,1,
281.800000000,-11.577971925697867,8.004956233438609,-0.9402666464523786,1,
281.900000000,-11.540924465434337,7.95420116408173,-0.9031044645032896,1,
282.000000000,-11.502016849002244,7.904857585360963,-0.8659422825542008,1,
282.100000000,-11.46130280271668,7.856993634286523,-0.8287801006051118,1,
282.200000000,-11.418838547335435,7.810675404696914,-0.7916179186560233,1,
282.300000000,-11.374682720425493,7.76596685599201,-0.7544557367069343,1,
282.400000000,-11.320034389468,7.714599941313781,-0.7361867016017662,1,
282.500000000,-11.264456806138607,7.664239915189241,-0.7347728686242521,1,
282.600000000,-11.208808077714917,7.61395851679156,-0.7361605195095902,1,
282.700000000,-11.153229175873728,7.56359994582169,-0.7374958062105759,1,
282.800000000,-11.097717566690974,7.513167205999812,-0.7387787287272091,1,
282.900000000,-11.042270704470965,7.462663290607485,-0.7400354691516661,1,
283.000000000,-10.9868873563326,7.412089732803187,-0.7412398453917703,1,
283.100000000,-10.931564957938289,7.361449509305447,-0.7424180395396989,1,
283.200000000,-10.878758381764822,7.3129977123940115,-0.7435438695032751,1,
283.300000000,-10.828459968657741,7.266742830669442,-0.7478430384273491,1,
283.400000000,-10.779582806373666,7.221405567281577,-0.7520373495727875,1,
283.500000000,-10.733330560766252,7.178140790760919,-0.7560219451609533,1,
283.600000000,-10.688463692572604,7.135835449298266,-0.7599016829704835,1,
283.700000000,-10.644969468175747,7.094504438614813,-0.7636765630013778,1,
283.800000000,-10.602835403329296,7.054162173466549,-0.7673465852536363,1,
283.900000000,-10.56324886316645,7.015979640314133,-0.7708068919486225,1,
284.000000000,-10.524990264230663,6.9788215449388975,-0.7741623408649728,1,
284.100000000,-10.488048240707242,6.942700479859924,-0.7774129320026875,1,
284.200000000,-10.45241171127631,6.907628585555248,-0.780558665361766,1,
284.300000000,-10.418069885696328,6.873617556065608,-0.7835995409422085,1,
284.400000000,-10.385012271135462,6.8406786444666645,-0.7850661000225548,1,
284.500000000,-10.353181901544696,6.808869407259286,-0.7864802819928887,1,
284.600000000,-10.322573783140852,6.778194973840655,-0.7878420868532102,1,
284.700000000,-10.293183093292127,6.748660274564597,-0.7891515146035196,1,
284.800000000,-10.265005181828162,6.7202700419919505,-0.7904085652438161,1,
284.900000000,-10.236862980577863,6.691844410797769,-0.7916656158841132,1,
285.000000000,-10.209927635951155,6.664569300270313,-0.7928702894143973,1,
285.100000000,-10.184194840964386,6.638449045550778,-0.7940225858346693,1,
285.200000000,-10.159660464950509,6.613487787697663,-0.795122505144929,1,
285.300000000,-10.136320554656438,6.5896894747621655,-0.7961700473451763,1,
285.400000000,-10.113005586900865,6.5658667253476315,-0.7972175895454239,1,
285.500000000,-10.090880087249968,6.543211923583415,-0.7982127546356584,1,
285.600000000,-10.069940456631368,6.521728630782809,-0.7991555426158812,1,
285.700000000,-10.049021089506082,6.500225605900772,-0.8000983305961035,1,
285.800000000,-10.02928306474815,6.479898575708611,-0.8009887414663137,1,
285.900000000,-10.01072314236959,6.460750719629849,-0.7984679993044304,1,
286.000000000,-9.99327802033576,6.442843522271671,-0.7957079736122142,1,
286.100000000,-9.97578354048607,6.424984542043539,-0.792947947919998,1,
286.200000000,-9.959409416382016,6.408361290127338,-0.7903719239405963,1,
286.300000000,-9.942992524758262,6.391780273455906,-0.7877958999611945,1,
286.400000000,-9.92653297455559,6.37524160205914,-0.7833448285813037,1,
286.500000000,-9.91118090153157,6.359952445826385,-0.7792116908714045,1,
286.600000000,-9.895765767627507,6.344726872235736,-0.7750785531615053,1,
286.700000000,-9.88147844628867,6.330731428371364,-0.7712633491215987,1,
286.800000000,-9.867137833586835,6.316790595278038,-0.7674481450816921,1,
286.900000000,-9.853943612871102,6.304061744158802,-0.7639508747117774,1,
287.000000000,-9.839501442503465,6.2902261482167345,-0.7601356706718706,1,
287.100000000,-9.826214495980157,6.277594118957829,-0.756638400301956,1,
287.200000000,-9.81288345318084,6.265008634899046,-0.7531411299320415,1,
287.300000000,-9.79829257024465,6.251329960433208,-0.7476697490769562,1,
287.400000000,-9.784849190290501,6.238864542408949,-0.7426543166264614,1,
287.500000000,-9.77134346021721,6.2264667052468265,-0.7376388841759665,1,
287.600000000,-9.756542288803669,6.2130158567684965,-0.7321675033208812,1,
287.700000000,-9.74166774458591,6.199646192063876,-0.7266961224657956,1,
287.800000000,-9.72796589549219,6.187465451424489,-0.7216806900153009,1,
287.900000000,-9.71295196656002,6.174252505575068,-0.7162093091602156,1,
288.000000000,-9.699123136066111,6.1622161208071295,-0.7111938767097207,1,
288.100000000,-9.683971473535006,6.1491613468702315,-0.7057224958546353,1,
288.200000000,-9.668748610509674,6.136189668439435,-0.7002511149995498,1,
288.300000000,-9.654729470018147,6.124375490051163,-0.6949247892992214,1,
288.400000000,-9.640647602521428,6.112636149400344,-0.6895984635988925,1,
288.500000000,-9.625217571608127,6.099911600449021,-0.6837879264712617,1,
288.600000000,-9.609713865123013,6.087276922565378,-0.6779773893436304,1,
288.700000000,-9.594137006506047,6.074732542324527,-0.672166852215999,1,
288.800000000,-9.578487521666974,6.062278883252928,-0.6663563150883677,1,
288.900000000,-9.56276593896756,6.0499163658140915,-0.6605457779607364,1,
289.000000000,-9.546972789203762,6.037645407394382,-0.6547352408331052,1,
289.100000000,-9.531108605587796,6.0254664222889245,-0.648924703705474,1,
289.200000000,-9.51650181388495,6.0143870384043945,-0.6435983780051452,1,
289.300000000,-9.501836217248995,6.003385611841327,-0.6382720523048167,1,
289.400000000,-9.485773687600846,5.991469440421684,-0.6334704771289094,1,
289.500000000,-9.469654126941123,5.979630531513449,-0.6289999474762432,1,
289.600000000,-9.453481801343926,5.967863803642954,-0.6245294178235772,1,
289.700000000,-9.43725703402292,5.956169491975342,-0.6200588881709109,1,
289.800000000,-9.420980149239849,5.944547830228473,-0.6155883585182449,1,
289.900000000,-9.404651472298056,5.932999050668252,-0.6111178288655787,1,
290.000000000,-9.38827132953598,5.9215233841039945,-0.6066472992129125,1,
290.100000000,-9.37320932175525,5.911071253568821,-0.6025493136979686,1,
290.200000000,-9.355358296273995,5.898791785595328,-0.5977062399075803,1,
290.300000000,-9.33882572433473,5.887536828239874,-0.5932357102549141,1,
290.400000000,-9.322243002149172,5.8763558924598716,-0.5884341350790068,1,
290.500000000,-9.305606785224208,5.865254708449794,-0.5836325599030996,1,
290.600000000,-9.290308234452075,5.855151963506782,-0.5792311159918514,1,
290.700000000,-9.272175752780361,5.843292049811082,-0.5740294095512851,1,
290.800000000,-9.255381357822111,5.832431649358692,-0.5692278343753777,1,
290.900000000,-9.238535009633082,5.821652013340068,-0.5644262591994705,1,
291.000000000,-9.221637096607179,5.810953390280581,-0.5596246840235634,1,
291.100000000,-9.206100432350471,5.801220807124735,-0.5552232401123148,1,
291.200000000,-9.18768847202589,5.789799591714345,-0.5500215336717487,1,
291.300000000,-9.170638206696157,5.779345479978492,-0.5452199584958414,1,
291.400000000,-9.153537941903522,5.768973356568999,-0.540418383319934,1,
291.500000000,-9.136388071895954,5.758683460616001,-0.5356168081440266,1,
291.600000000,-9.113455965454785,5.745073552266493,-0.5292147079094837,1,
291.700000000,-9.087559851581721,5.729927883371613,-0.522012345145623,1,
291.800000000,-9.07022350100395,5.71995537372536,-0.5172107699697156,1,
291.900000000,-9.049942127650377,5.708418028305488,-0.5116089322644904,1,
292.000000000,-9.029596442518091,5.69699447627723,-0.5056179505297196,1,
292.100000000,-9.006266433497213,5.684078525278681,-0.49877111426141013,1,
292.200000000,-8.9404036041244,5.648202520665461,-0.47834103185076504,1,
292.300000000,-8.87382162071518,5.61367949233227,-0.4579109494401199,1,
292.400000000,-8.806548272841633,5.580523849284897,-0.4364304459440049,1,
292.500000000,-8.738578299599283,5.54882080940803,-0.4149499424478902,1,
292.600000000,-8.669943061945604,5.51858500030321,-0.3934694389517752,1,
292.700000000,-8.600674227787273,5.489830372600081,-0.3719889354556603,1,
292.800000000,-8.530803757368773,5.462570193519647,-0.3505593604399093,1,
292.900000000,-8.460365200186406,5.436813453390774,-0.32958573382874873,1,
293.000000000,-8.39097892334293,5.413079040324965,-0.30952400402676916,1,
293.100000000,-8.322717952087771,5.391248994186364,-0.28991822262938,1,
293.200000000,-8.257236356211248,5.371714280318277,-0.27122433804117163,1,
293.300000000,-8.193006782567593,5.353853532461627,-0.252986401857554,1,
293.400000000,-8.126848550176803,5.336749944201538,-0.23883524883827328,1,
293.500000000,-8.058835557554456,5.320189967312889,-0.2254820346985994,1,
293.600000000,-7.993856460966806,5.305284885927761,-0.21276468789891015,1,
293.700000000,-7.930322155644723,5.291559287680675,-0.2003652747692131,1,
293.800000000,-7.869889195791494,5.279285936827884,-0.18860172897950045,1,
293.900000000,-7.810953154733739,5.268036800663776,-0.17715611685978003,1,
294.000000000,-7.753532804987786,5.25775666385388,-0.16602843841005183,1,
294.100000000,-7.6976453667368965,5.248391550033743,-0.1552186936303159,1,
294.200000000,-7.64495322032605,5.24014642110435,-0.14504481619056445,1,
294.300000000,-7.597127414577593,5.233160476957568,-0.13182231245744147,1,
294.400000000,-7.550865627279416,5.227026570065872,-0.11905575712890898,1,
294.500000000,-7.506184171900435,5.221681708494589,-0.10674515020496696,1,
294.600000000,-7.463097485651702,5.217064864780422,-0.09489049168561539,1,
294.700000000,-7.421618265883582,5.2131170250497405,-0.08349178157085423,1,
294.800000000,-7.380096741489891,5.20964224115211,-0.07209307145609306,1,
294.900000000,-7.340200644694929,5.206761015626923,-0.06115030974592236,1,
295.000000000,-7.301938960104703,5.20441838104967,-0.0506634964403421,1,
295.100000000,-7.265319341187583,5.202561514116007,-0.040632631539352294,1,
295.200000000,-7.230348229900676,5.2011397633084755,-0.031057715042952933,1,
295.300000000,-7.195365108722974,5.200052918026809,-0.02148279854655357,1,
295.400000000,-7.162039466937713,5.199336879821431,-0.01566520059018987,1,
295.500000000,-7.130376685667991,5.198840835424748,-0.010649693319072671,1,
295.600000000,-7.100378386891429,5.198521350664367,-0.0058981601148563835,1,
295.700000000,-7.070378908714307,5.1983444068868545,-0.0011466269106400996,1,
295.800000000,-7.042045594006643,5.1983119191315055,0.0033409322266752814,1,
295.900000000,-7.015379076164213,5.198401010491813,0.007564517297089756,1,
296.000000000,-6.988713172452868,5.198602729029269,0.011788102367504228,1,
296.100000000,-6.963714909424722,5.198897424763224,0.015747713371017807,1,
296.200000000,-6.938718009241616,5.199291101325689,0.019707324374531376,1,
296.300000000,-6.9153892068457,5.199750909129825,0.02340296131114404,1,
296.400000000,-6.892062263037709,5.20029692838157,0.02597898529054573,1,
296.500000000,-6.870402907459667,5.200859743083219,0.02802708829707593,1,
296.600000000,-6.848744750010816,5.201466917164708,0.03007519130360614,1,
296.700000000,-6.827087881541159,5.202118448079108,0.032123294310136344,1,
296.800000000,-6.807098199714204,5.20276080347694,0.03401385093154883,1,
296.900000000,-6.78710976801937,5.203440949329643,0.03590440755296132,1,
297.000000000,-6.767122657899374,5.2041588832062375,0.03779496417437382,1,
297.100000000,-6.747136940792211,5.204914602540683,0.039685520795786314,1,
297.200000000,-6.727152688130896,5.205708104631883,0.04157607741719879,1,
297.300000000,-6.707169971343211,5.2065393866437,0.04346663403861129,1,
297.400000000,-6.687188861851447,5.2074084456049645,0.04535719066002379,1,
297.500000000,-6.667209431072152,5.208315278409482,0.04724774728143628,1,
297.600000000,-6.647231750415872,5.209259881816048,0.04913830390284878,1,
297.700000000,-6.627255891286899,5.210242252448458,0.051028860524261255,1,
297.800000000,-6.607281925083014,5.21126238679552,0.05260289465894761,1,
297.900000000,-6.5873095893483296,5.2123139595704755,0.054176928793633936,1,
298.000000000,-6.5673389335659635,5.213396968167966,0.05575096292832026,1,
298.100000000,-6.547370007214872,5.214511409904747,0.057324997063006596,1,
298.200000000,-6.527402859769727,5.215657282019699,0.05889903119769293,1,
298.300000000,-6.505773764111714,5.216932689978338,0.06026218231996025,1,
298.400000000,-6.4858100684292115,5.2181372042773155,0.06152047566359163,1,
298.500000000,-6.465847904182913,5.2193668378015,0.062778769007223,1,
298.600000000,-6.447550686412614,5.220517026037135,0.0639322045722184,1,
298.700000000,-6.427591545760459,5.2217947992672,0.06519049791584978,1,
298.800000000,-6.407634028722102,5.223097685932914,0.06644879125948115,1,
298.900000000,-6.389341155381801,5.224315017468207,0.06760222682447659,1,
299.000000000,-6.36938683859062,5.225666032418971,0.06886052016810794,1,
299.100000000,-6.349434237568964,5.227042154677572,0.0701188135117393,1,
299.200000000,-6.329483383907825,5.228443382065193,0.07137710685537069,1,
299.300000000,-6.3078718863027285,5.2299885732214415,0.07274025797763799,1,
299.400000000,-6.287924774427969,5.231442095789488,0.07368343403410824,1,
299.500000000,-6.266316898013393,5.233037125976303,0.07470520809528435,1,
299.600000000,-6.2463726807443125,5.234529840792906,0.07564838415175458,1,
299.700000000,-6.2264298802388955,5.236041365850968,0.07659156020822484,1,
299.800000000,-6.208150294737964,5.237444171976291,0.07745613825998925,1,
299.900000000,-6.188210259282969,5.238991746224448,0.07839931431645951,1,
300.000000000,-6.168271692331873,5.240558126745477,0.07934249037292977,1,
300.100000000,-6.148334611621645,5.242143312145956,0.0802856664294,1,
300.200000000,-6.128399034887935,5.243747301015732,0.08122884248587024,1,
300.300000000,-6.11012615111696,5.245234859351913,0.08209342053763466,1,
300.400000000,-6.0901935065736135,5.246874884201905,0.08303659659410488,1,
300.500000000,-6.068601493657596,5.248671943655284,0.08405837065528098,1,
300.600000000,-6.048672110159444,5.25035113196622,0.08500154671175128,1,
300.700000000,-6.028744319295667,5.252049116444819,0.08594472276822152,1,
300.800000000,-6.008818138793649,5.253765895580584,0.08688789882469176,1,
300.900000000,-5.988893586379342,5.255501467846303,0.08783107488116201,1,
301.000000000,-5.970630921994091,5.257109634710397,0.08869565293292642,1,
301.100000000,-5.950709539622428,5.258881222812077,0.08963882898939664,1,
301.200000000,-5.930789837030839,5.26067159949385,0.0905820050458669,1,
301.300000000,-5.910871831939512,5.2624807631630315,0.09152518110233716,1,
301.400000000,-5.890955542067127,5.264308712210224,0.09215370642248548,1,
301.500000000,-5.871040405040833,5.266149178788,0.09278223174263381,1,
301.600000000,-5.851126428727985,5.268002162169294,0.09341075706278215,1,
301.700000000,-5.8312136209954835,5.269867661622096,0.0940392823829305,1,
301.800000000,-5.811301989709763,5.271745676409453,0.09466780770307882,1,
301.900000000,-5.791391542736797,5.273636205789464,0.09529633302322713,1,
302.000000000,-5.771482287942088,5.275539249015289,0.09592485834337543,1,
302.100000000,-5.751574233190669,5.27745480533514,0.0965533836635238,1,
302.200000000,-5.733326290250731,5.279222201604194,0.09712953187365977,1,
302.300000000,-5.713420557564413,5.281161739234879,0.09618635581718946,1,
302.400000000,-5.6935130044067925,5.283082501395203,0.0952431797607192,1,
302.500000000,-5.675262761480547,5.284825987628053,0.0943786017089547,1,
302.600000000,-5.655351768587815,5.286710758708472,0.0934354256524844,1,
302.700000000,-5.635439006880612,5.288576749381591,0.09249224959601411,1,
302.800000000,-5.615524494072954,5.29042395798746,0.0915490735395438,1,
302.900000000,-5.593948560697699,5.292404751624116,0.09052729947836766,1,
303.000000000,-5.574030456664851,5.294212825664819,0.08958412342189732,1,
303.100000000,-5.55245067278405,5.296151219871984,0.08856234936072116,1,
303.200000000,-5.532529054430365,5.297920152366498,0.08761917330425087,1,
303.300000000,-5.510945503364162,5.299816139659977,0.08659739924307469,1,
303.400000000,-5.4910204476075615,5.301545923778404,0.08565422318660437,1,
303.500000000,-5.4710937692227155,5.303256914294712,0.08471104713013408,1,
303.600000000,-5.4495047956621265,5.305090125969515,0.0836892730689579,1,
303.700000000,-5.429574793737157,5.306761958278892,0.0827460970124876,1,
303.800000000,-5.409643223844891,5.30841499234682,0.08180292095601731,1,
303.900000000,-5.389710103716077,5.310049226702791,0.08085974489954699,1,
304.000000000,-5.3697754510828375,5.3116646598930215,0.08023121957939862,1,
304.100000000,-5.349839787046536,5.313267563331065,0.07960269425925023,1,
304.200000000,-5.329903119482636,5.314857936383704,0.07897416893910186,1,
304.300000000,-5.309965456267001,5.316435778422671,0.07834564361895349,1,
304.400000000,-5.290026805275887,5.318001088824649,0.07771711829880508,1,
304.500000000,-5.270087174385939,5.319553866971271,0.07708859297865671,1,
304.600000000,-5.251808288383502,5.3209657584759675,0.07651244476852069,1,
304.700000000,-5.231866801371852,5.322494514756137,0.07588391944837228,1,
304.800000000,-5.213586227765012,5.323884385151534,0.07530777123823627,1,
304.900000000,-5.195304856420964,5.325263722997069,0.07473162302810028,1,
305.000000000,-5.175360678588802,5.326756964638311,0.07410309770795187,1,
305.100000000,-5.155415566155937,5.328237670564673,0.07347457238780349,1,
305.200000000,-5.135469527001566,5.3297058401912105,0.0728460470676551,1,
305.300000000,-5.115522569005253,5.331161472937933,0.07221752174750673,1,
305.400000000,-5.095574700046926,5.332604568229801,0.07158899642735836,1,
305.500000000,-5.075625928006872,5.334035125496728,0.07096047110720996,1,
305.600000000,-5.055676260765734,5.33545314417358,0.07033194578706156,1,
305.700000000,-5.035725706204512,5.336858623700179,0.06970342046691318,1,
305.800000000,-5.017436891704549,5.338135485202871,0.06912727225677717,1,
305.900000000,-4.997484658476257,5.339516929810446,0.0684987469366288,1,
306.000000000,-4.977531560916113,5.340885833662203,0.06787022161648039,1,
306.100000000,-4.95757760690647,5.342242196217366,0.06724169629633202,1,
306.200000000,-4.937622804330019,5.34358601694011,0.0666131709761836,1,
306.300000000,-4.917667161069787,5.344917295299568,0.06629898587006937,1,
306.400000000,-4.897711100526663,5.346242303827527,0.06598480076395515,1,
306.500000000,-4.8794176643252305,5.347451147512721,0.06569679775001705,1,
306.600000000,-4.859460809496098,5.34876413849858,0.06538261264390281,1,
306.700000000,-4.839503543129754,5.350070859273186,0.06506842753778853,1,
306.800000000,-4.819545867196225,5.351371309707549,0.0647542424316743,1,
306.900000000,-4.7995877836655785,5.352665489673299,0.06444005732556003,1,
307.000000000,-4.779629294507923,5.353953399042685,0.0641258722194458,1,
307.100000000,-4.759670401693406,5.355235037688574,0.06381168711333156,1,
307.200000000,-4.739711107192217,5.356510405484452,0.06349750200721731,1,
307.300000000,-4.721414720826051,5.357673744236095,0.06320949899327923,1,
307.400000000,-4.701454661932496,5.3589370925514235,0.06163546485859285,1,
307.500000000,-4.681492639212742,5.3601690215006705,0.06006143072390646,1,
307.600000000,-4.661528702124354,5.361369528031632,0.05848739658922008,1,
307.700000000,-4.643226716962535,5.3624411857417575,0.05704453196575758,1,
307.800000000,-4.623259248925574,5.363581457723765,0.05547049783107119,1,
307.900000000,-4.601625907620552,5.364782702255431,0.05376529418516094,1,
308.000000000,-4.581654807726323,5.365857490148326,0.05219126005047456,1,
308.100000000,-4.561682040819989,5.366900841529822,0.050617225915788176,1,
308.200000000,-4.543372188421926,5.367828427791172,0.04917436129232567,1,
308.300000000,-4.523396364727659,5.368811518700276,0.047600327157639295,1,
308.400000000,-4.503419018361263,5.369763165776155,0.046026293022952906,1,
308.500000000,-4.4851051004468525,5.370606683253953,0.044583428399490393,1,
308.600000000,-4.465124973975549,5.371498056459026,0.043009394264804,1,
308.700000000,-4.445143469204184,5.3723579791717775,0.04143536013011761,1,
308.800000000,-4.425160635638592,5.373186449261679,0.03986132599543125,1,
308.900000000,-4.405176522787902,5.373983464676127,0.03828729186074485,1,
309.000000000,-4.3851911801644095,5.37474902344045,0.03671325772605849,1,
309.100000000,-4.36520465728346,5.375483123657912,0.0351392235913721,1,
309.200000000,-4.345217003663321,5.37618576350972,0.03356518945668572,1,
309.300000000,-4.325228268825063,5.376856941255024,0.03199115532199932,1,
309.400000000,-4.306904316170153,5.377443345732935,0.03054829069853681,1,
309.500000000,-4.286913647425106,5.378054216525987,0.028974256563850442,1,
309.600000000,-4.266922041913245,5.3786336205803105,0.027400222429164053,1,
309.700000000,-4.248595590227751,5.379135895137045,0.025957357805701547,1,
309.800000000,-4.228602327693681,5.379654983996245,0.02438332367101517,1,
309.900000000,-4.208608272863848,5.380142602147704,0.02312503032738375,1,
310.000000000,-4.188613620295816,5.380605061533675,0.021866736983752334,1,
310.100000000,-4.166952133426434,5.3810788030792995,0.020503585861484958,1,
310.200000000,-4.146956337249489,5.381488846064977,0.019245292517853542,1,
310.300000000,-4.1269600409480125,5.381873728155454,0.017986999174222123,1,
310.400000000,-4.106963276182179,5.382233448741344,0.017043823117751822,1,
310.500000000,-4.086966181030923,5.382574308700296,0.016100647061281524,1,
310.600000000,-4.068635223928918,5.382869474476689,0.015236069009517081,1,
310.700000000,-4.050304018484243,5.383148791601561,0.01437149095775264,1,
310.800000000,-4.030306083846218,5.383436211526537,0.013428314901282335,1,
310.900000000,-4.010307887015533,5.383704769753339,0.012485138844812034,1,
311.000000000,-3.9903094457822044,5.383954466043062,0.011541962788341735,1,
311.100000000,-3.971977333590277,5.384166063996038,0.010677384736577294,1,
311.200000000,-3.951978473644894,5.384379607633154,0.009734208680106994,1,
311.300000000,-3.9303128334806567,5.384590512157149,0.008712434618930833,1,
311.400000000,-3.910313592541025,5.384764758645101,0.008083909298782456,1,
311.500000000,-3.8903142460333617,5.384926435070149,0.007455383978634075,1,
311.600000000,-3.8719814222062126,5.3850631158435665,0.006879235768498063,1,
311.700000000,-3.8519818954431937,5.385200699473765,0.006250710448349684,1,
311.800000000,-3.833648920263021,5.385315295085747,0.005674562238213669,1,
311.900000000,-3.815315882101581,5.385419328168457,0.005098414028077654,1,
312.000000000,-3.7953161420392743,5.385521296007261,0.004469888707929277,1,
312.100000000,-3.7753163418379923,5.385610693483727,0.0038413633877808972,1,
312.200000000,-3.7553164893985373,5.385687520562538,0.003212838067632517,1,
312.300000000,-3.7369832506864666,5.385746422492444,0.002636689857496504,1,
312.400000000,-3.7169833202077602,5.385799156228492,0.0020081645373481245,1,
312.500000000,-3.695316697228931,5.38584266643089,0.0013272621071873806,1,
312.600000000,-3.6753167148451755,5.3858692116652405,0.0006987367870390015,1,
312.700000000,-3.6553167197275065,5.385883186399844,7.021146689062247e-05,1,
312.800000000,-3.6369833864393617,5.385884473610069,-0.0005059367432453917,1,
312.900000000,-3.6169833889990817,5.385874354875636,-0.001134462063393771,1,
313.000000000,-3.596983401869122,5.385851665639235,-0.0017629873835421496,1,
313.100000000,-3.5786500970269226,5.3858193442206135,-0.0023391355936781635,1,
313.200000000,-3.5586501517424507,5.385772561551402,-0.002967660913826543,1,
313.300000000,-3.5386502398124993,5.385713208420246,-0.0032818460199407987,1,
313.400000000,-3.5186503475175357,5.385647571617671,-0.003596031126055053,1,
313.500000000,-3.498650476831795,5.385575651150156,-0.003910216232169306,1,
313.600000000,-3.47865062972951,5.3854974470248,-0.00422440133828356,1,
313.700000000,-3.456984156389528,5.385405918601368,-0.004564768536574003,1,
313.800000000,-3.436984364760284,5.385314623547691,-0.004878953642688258,1,
313.900000000,-3.416984602801698,5.385217044861968,-0.005193138748802511,1,
314.000000000,-3.3986515166808013,5.385121837746177,-0.005481141762740577,1,
314.100000000,-3.3786518171091995,5.3850122154598195,-0.005795326868854832,1,
314.200000000,-3.358652152966395,5.384896309571244,-0.006109511974969085,1,
314.300000000,-3.3386525262265994,5.384774120091891,-0.006423697081083343,1,
314.400000000,-3.3186529388640222,5.384645647033824,-0.006737882187197595,1,
314.500000000,-3.3003200216871313,5.3845221201283975,-0.007025885201135662,1,
314.600000000,-3.2803205153157293,5.384381603580436,-0.007340070307249913,1,
314.700000000,-3.2603210540796317,5.384234803492482,-0.00765425541336417,1,
314.800000000,-3.240321639953031,5.384081719879026,-0.007968440519478424,1,
314.900000000,-3.2186556611565376,5.383909072161525,-0.008308807717768868,1,
315.000000000,-3.1986563515154227,5.383742897919194,-0.008622992823883126,1,
315.100000000,-3.178657095070868,5.383570440199946,-0.008937177929997377,1,
315.200000000,-3.1603244939031967,5.383406594119067,-0.009225180943935441,1,
315.300000000,-3.1419919406839956,5.383237468200666,-0.009513183957873508,1,
315.400000000,-3.1219928456838604,5.383047207391328,-0.009827369063987764,1,
315.500000000,-3.101993811447915,5.382850663173698,-0.010141554170102016,1,
315.600000000,-3.0819948399503097,5.3826478355671785,-0.010455739276216274,1,
315.700000000,-3.0636625087306153,5.382456150506407,-0.010743742290154339,1,
315.800000000,-3.043663662999496,5.382241279794342,-0.011057927396268593,1,
315.900000000,-3.0219983209950465,5.382001696250115,-0.011398294594559035,1,
316.000000000,-3.001999620192177,5.3817737352944555,-0.011712479700673288,1,
316.100000000,-2.982000991998302,5.381539491056217,-0.012026664806787544,1,
316.200000000,-2.9620024383875316,5.381298963558522,-0.012340849912901797,1,
316.300000000,-2.942003961333969,5.381052152825114,-0.012655035019016055,1,
316.400000000,-2.9236720960218974,5.380820150042418,-0.012943038032954116,1,
316.500000000,-2.9053402982876007,5.3805828676369565,-0.013231041046892185,1,
316.600000000,-2.885342048866534,5.380318254536724,-0.013545226153006436,1,
316.700000000,-2.8653438835699974,5.380047358297539,-0.013859411259120696,1,
316.800000000,-2.845345804372055,5.379770178946142,-0.014173596365234948,1,
316.900000000,-2.8270143125072047,5.379510338379581,-0.014461599379173018,1,
317.000000000,-2.807016403849322,5.379221116473452,-0.014775784485287265,1,
317.100000000,-2.785352102314202,5.378900986125246,-0.015116151683577708,1,
317.200000000,-2.76535438725111,5.378598674604813,-0.015430336789691964,1,
317.300000000,-2.7453567681568036,5.378290080115176,-0.015744521895806215,1,
317.400000000,-2.7253592470052936,5.3779752026867955,-0.01574452189580624,1,
317.500000000,-2.7053617258537836,5.377660325258415,-0.015744521895806263,1,
317.600000000,-2.6870306647982325,5.377371687615733,-0.015744521895806284,1,
317.700000000,-2.6670331436467225,5.377056810187353,-0.01574452189580631,1,
317.800000000,-2.6470356224952125,5.376741932758973,-0.015744521895806333,1,
317.900000000,-2.6270381013437025,5.376427055330593,-0.015744521895806357,1,
318.000000000,-2.6070405801921925,5.376112177902213,-0.015744521895806385,1,
318.100000000,-2.5887095191366414,5.375823540259531,-0.015744521895806406,1,
318.200000000,-2.5687119979851314,5.375508662831151,-0.01574452189580643,1,
318.300000000,-2.547048016737662,5.375167545617072,-0.015744521895806454,1,
318.400000000,-2.527050495586152,5.374852668188692,-0.01574452189580648,1,
318.500000000,-2.507052974434642,5.374537790760312,-0.015744521895806503,1,
318.600000000,-2.487055453283132,5.3742229133319315,-0.015744521895806527,1,
318.700000000,-2.465391472035663,5.373881796117852,-0.01574452189580655,1,
318.800000000,-2.4470604109801117,5.37359315847517,-0.015744521895806572,1,
318.900000000,-2.4287293499245606,5.373304520832488,-0.015744521895806593,1,
319.000000000,-2.405398908581132,5.372937163832711,-0.01574452189580662,1,
319.100000000,-2.3837349273336628,5.372596046618632,-0.015744521895806645,1,
319.200000000,-2.3620709460861935,5.372254929404553,-0.01574452189580667,1,
319.300000000,-2.3404069648387242,5.371913812190474,-0.015744521895806694,1,
319.400000000,-2.318742983591255,5.371572694976395,-0.015744521895806718,1,
319.500000000,-2.298745462439745,5.371257817548015,-0.015744521895806742,1,
319.600000000,-2.2770814811922757,5.370916700333936,-0.015744521895806766,1,
319.700000000,-2.2554174999448064,5.370575583119857,-0.01574452189580679,1,
319.800000000,-2.233753518697337,5.370234465905778,-0.015744521895806815,1,
319.900000000,-2.212089537449868,5.369893348691699,-0.01574452189580684,1,
320.000000000,-2.1904255562023986,5.36955223147762,-0.015744521895806864,1,
320.100000000,-2.1687615749549294,5.369211114263541,-0.015744521895806888,1,
320.200000000,-2.1487640538034194,5.368896236835161,-0.015744521895806912,1,
320.300000000,-2.1287665326519094,5.368581359406781,-0.015744521895806936,1,
320.400000000,-2.1104354715963582,5.3682927217640986,-0.015744521895806957,1,
320.500000000,-2.092104410540807,5.3680040841214165,-0.015744521895806978,1,
320.600000000,-2.072106889389297,5.367689206693036,-0.015744521895807002,1,
320.700000000,-2.052109368237787,5.367374329264656,-0.015744521895807027,1,
320.800000000,-2.032111847086277,5.367059451836276,-0.01574452189580705,1,
320.900000000,-2.013780786030726,5.366770814193594,-0.015744521895807072,1,
321.000000000,-1.9937832648792158,5.366455936765214,-0.015744521895807096,1,
321.100000000,-1.9754522038236648,5.366167299122532,-0.015744521895807117,1,
321.200000000,-1.9554546826721546,5.365852421694152,-0.01574452189580714,1,
321.300000000,-1.9337907014246853,5.365511304480073,-0.015744521895807165,1,
321.400000000,-1.9137931802731751,5.365196427051693,-0.01574452189580719,1,
321.500000000,-1.893795659121665,5.364881549623313,-0.015744521895807214,1,
321.600000000,-1.875464598066114,5.364592911980631,-0.015744521895807235,1,
321.700000000,-1.8554670769146038,5.3642780345522505,-0.01574452189580726,1,
321.800000000,-1.8354695557630936,5.36396315712387,-0.015744521895807283,1,
321.900000000,-1.8154720346115834,5.36364827969549,-0.015744521895807308,1,
322.000000000,-1.7954745134600731,5.36333340226711,-0.015744521895807332,1,
322.100000000,-1.775476992308563,5.36301852483873,-0.015744521895807356,1,
322.200000000,-1.7554794711570527,5.36270364741035,-0.01574452189580738,1,
322.300000000,-1.7354819500055425,5.36238876998197,-0.015744521895807405,1,
322.400000000,-1.7154844288540323,5.36207389255359,-0.01574452189580743,1,
322.500000000,-1.693820447606563,5.361732775339511,-0.015744521895807453,1,
322.600000000,-1.6738229264550528,5.361417897911131,-0.015744521895807478,1,
322.700000000,-1.6538254053035426,5.361103020482751,-0.015744521895807502,1,
322.800000000,-1.6354943442479917,5.3608143828400685,-0.015744521895807523,1,
322.900000000,-1.6171632831924407,5.3605257451973864,-0.015744521895807544,1,
323.000000000,-1.5971657620409305,5.3602108677690055,-0.015744521895807568,1,
323.100000000,-1.5771682408894203,5.3598959903406245,-0.015744521895807592,1,
323.200000000,-1.55717071973791,5.3595811129122435,-0.015744521895807616,1,
323.300000000,-1.5371731985864,5.3592662354838625,-0.01574452189580764,1,
323.400000000,-1.5171756774348897,5.3589513580554815,-0.015744521895807665,1,
323.500000000,-1.4988446163793387,5.3586627204127995,-0.015744521895807686,1,
323.600000000,-1.4788470952278285,5.3583478429844185,-0.01574452189580771,1,
323.700000000,-1.4588495740763183,5.3580329655560375,-0.015744521895807734,1,
323.800000000,-1.4405185130207674,5.357744327913355,-0.015744521895807755,1,
323.900000000,-1.4221874519652165,5.357455690270673,-0.015744521895807776,1,
324.000000000,-1.4038563909096655,5.357167052627991,-0.015744521895807797,1,
324.100000000,-1.3838588697581553,5.35685217519961,-0.01574452189580782,1,
324.200000000,-1.363861348606645,5.356537297771229,-0.015744521895807845,1,
324.300000000,-1.3438638274551349,5.356222420342848,-0.01574452189580787,1,
324.400000000,-1.3238663063036247,5.355907542914467,-0.015744521895807894,1,
324.500000000,-1.3038687851521145,5.355592665486086,-0.01574452189580792,1,
324.600000000,-1.2838712640006043,5.355277788057705,-0.015744521895807943,1,
324.700000000,-1.262207282753135,5.354936670843626,-0.015744521895807967,1,
324.800000000,-1.2422097616016248,5.354621793415245,-0.01574452189580799,1,
324.900000000,-1.2205457803541555,5.354280676201166,-0.015744521895808015,1,
325.000000000,-1.2005482592026453,5.353965798772785,-0.01574452189580804,1,
325.100000000,-1.180550738051135,5.353650921344404,-0.015744521895808064,1,
325.200000000,-1.1622196769955841,5.353362283701722,-0.015744521895808085,1,
325.300000000,-1.142222155844074,5.353047406273341,-0.01574452189580811,1,
325.400000000,-1.1222246346925637,5.35273252884496,-0.015744521895808133,1,
325.500000000,-1.1022271135410535,5.352417651416579,-0.015744521895808158,1,
325.600000000,-1.0822295923895433,5.352102773988198,-0.015744521895808182,1,
325.700000000,-1.0638985313339924,5.351814136345516,-0.015744521895808203,1,
325.800000000,-1.0439010101824822,5.351499258917135,-0.015744521895808227,1,
325.900000000,-1.022237028935013,5.351158141703056,-0.01574452189580825,1,
326.000000000,-1.0022395077835027,5.350843264274675,-0.015744521895808276,1,
326.100000000,-0.9822419866319925,5.350528386846294,-0.0157445218958083,1,
326.200000000,-0.9622444654804823,5.350213509417913,-0.015744521895808324,1,
326.300000000,-0.942246944328972,5.349898631989532,-0.01574452189580835,1,
326.400000000,-0.9239158832734211,5.34960999434685,-0.01574452189580837,1,
326.500000000,-0.9039183621219109,5.349295116918469,-0.015744521895808394,1,
326.600000000,-0.8839208409704007,5.348980239490088,-0.015744521895808418,1,
326.700000000,-0.8639233198188905,5.348665362061707,-0.015744521895808442,1,
326.800000000,-0.8439257986673803,5.348350484633326,-0.015744521895808467,1,
326.900000000,-0.8255947376118293,5.348061846990644,-0.015744521895808487,1,
327.000000000,-0.8055972164603191,5.347746969562263,-0.01574452189580851,1,
327.100000000,-0.7839332352128497,5.347405852348184,-0.015744521895808536,1,
327.200000000,-0.7639357140613395,5.347090974919803,-0.01574452189580856,1,
327.300000000,-0.7422717328138702,5.346749857705724,-0.015744521895808584,1,
327.400000000,-0.7222742116623599,5.346434980277343,-0.01574452189580861,1,
327.500000000,-0.7022766905108497,5.346120102848962,-0.015744521895808633,1,
327.600000000,-0.6839456294552988,5.34583146520628,-0.015744521895808654,1,
327.700000000,-0.6639481083037886,5.345516587777899,-0.015744521895808678,1,
327.800000000,-0.64061766696036,5.345149230778122,-0.008163062326301375,1,
327.900000000,-0.5827003746372857,5.34467643780946,0.0339177156206733,1,
328.000000000,-0.5319441211152522,5.346398634444612,0.08313225281050422,1,
328.100000000,-0.48211679587670764,5.3505504610377566,0.13313225276563181,1,
328.200000000,-0.43255924666370993,5.357187427248952,0.18313225272075934,1,
328.300000000,-0.38339534153999666,5.366292944119167,0.23313225267588694,1,
328.400000000,-0.3278244176703312,5.37948824724369,0.276016198853199,1,
328.500000000,-0.2720975102779232,5.3952726723426805,0.3180969768001737,1,
328.600000000,-0.2170839608544741,5.413387463621119,0.36017775474714847,1,
328.700000000,-0.16288117257151896,5.433800548287106,0.4022585326941231,1,
328.800000000,-0.10958511312320104,5.456475784350023,0.4443393106410978,1,
328.900000000,-0.057290144812534666,5.481373024611025,0.48642008858807245,1,
329.000000000,-0.006088857480062181,5.508448187744887,0.5285008665350471,1,
329.100000000,0.043928095429290055,5.537653336347339,0.570581644482022,1,
329.200000000,0.09267215737090806,5.568936761809704,0.6126624224289966,1,
329.300000000,0.14005702549256044,5.6022430758705735,0.6547432003759713,1,
329.400000000,0.19954735052871642,5.647914743533278,0.6792669278786413,1,
329.500000000,0.2566031376257374,5.693984418336962,0.6944535311188448,1,
329.600000000,0.31295273039832705,5.740915230945962,0.708442612598503,1,
329.700000000,0.36737468520608946,5.787545285052868,0.7221137604081692,1,
329.800000000,0.41865272028438144,5.8327117279386425,0.7351490408778505,1,
329.900000000,0.4742825303042666,5.883014056285862,0.7511690759508808,1,
330.000000000,0.5290993914212792,5.934201083326688,0.7671891110239112,1,
330.100000000,0.5830892356535281,5.986259672625453,0.7832091460969417,1,
330.200000000,0.6362382072614569,6.039176464072209,0.7992291811699717,1,
330.300000000,0.6792358735850996,6.083380292735556,0.7992291811699714,1,
330.400000000,0.7210714408189142,6.12638942332692,0.7982866258516292,1,
330.500000000,0.7617843033054521,6.168165500284074,0.7973702526254624,1,
330.600000000,0.8013711132319298,6.208711715778939,0.7964800614914721,1,
330.700000000,0.8386632432255027,6.246839677762068,0.7956422345418341,1,
330.800000000,0.8748209278377671,6.283745860007384,0.7948305896843721,1,
330.900000000,0.9098412124302697,6.319433107968807,0.7940451269190868,1,
331.000000000,0.9437212403950742,6.35390418013396,0.793285846245977,1,
331.100000000,0.9764582527958869,6.387161747646435,0.7925527476650438,1,
331.200000000,1.008049588020324,6.41920839394113,0.7918458311762867,1,
331.300000000,1.0384926814433866,6.450046614392583,0.7911650967797058,1,
331.400000000,1.0689567604485646,6.480864104039601,0.7898032919193844,1,
331.500000000,1.0982894702095143,6.510456387648525,0.7884938641690754,1,
331.600000000,1.1264860464273883,6.5388280828673455,0.7872368135287783,1,
331.700000000,1.1535419225745516,6.565983634976515,0.7860321399984941,1,
331.800000000,1.1794527287397683,6.591927315677468,0.7848798435782224,1,
331.900000000,1.2042142905173467,6.616663221934066,0.7837799242679624,1,
332.000000000,1.2290030448118419,6.641371877513177,0.7826800049577024,1,
332.100000000,1.2526372513084347,6.664877948949883,0.7816324627574553,1,
332.200000000,1.2751131275785597,6.6871851846295405,0.7806372976672206,1,
332.300000000,1.2964270834387954,6.708297154826278,0.7796945096869983,1,
332.400000000,1.3177609339353775,6.729389021101918,0.7792232320278266,1,
332.500000000,1.3379189561737816,6.749299619214827,0.7787781364608314,1,
332.600000000,1.358085838534096,6.76920124310945,0.778333040893836,1,
332.700000000,1.3770747688747662,6.787923733211684,0.7779141274190171,1,
332.800000000,1.3948842424163201,6.805468608593763,0.7775213960363742,1,
332.900000000,1.4127006050074158,6.823006488283811,0.7771286646537314,1,
333.000000000,1.429335637307249,6.839368644157288,0.7767621153632648,1,
333.100000000,1.4459766660260458,6.855724701372418,0.776395566072798,1,
333.200000000,1.4614346158635232,6.870906803705972,0.7760551988745079,1,
333.300000000,1.4768977322951358,6.886083643781127,0.7757148316762171,1,
333.400000000,1.4923660135294843,6.90125521983965,0.7753744644779267,1,
333.500000000,1.506649192832641,6.915254890871281,0.7750602793718124,1,
333.600000000,1.5209367699188916,6.92925007364981,0.7747460942656982,1,
333.700000000,1.5364197411661253,6.94440665788907,0.7744057270674078,1,
333.800000000,1.5507164757701846,6.9583924857037225,0.7740915419612937,1,
333.900000000,1.5650176038073358,6.972373821007084,0.7737773568551793,1,
334.000000000,1.5781309971943367,6.9851859256346955,0.7734893538412414,1,
334.100000000,1.5912480799621842,6.997994253034187,0.773201350827303,1,
334.200000000,1.6055616483920256,7.011962852062158,0.7728871657211891,1,
334.300000000,1.6198796048411004,7.025926953290751,0.7725729806150746,1,
334.400000000,1.6353954764839627,7.041049855512437,0.7722326134167842,1,
334.500000000,1.6497225700998395,7.055004581898931,0.7719184283106699,1,
334.600000000,1.6640540473757046,7.068954806237319,0.7716042432045556,1,
334.700000000,1.6771952519367685,7.081738383741109,0.7713162401906178,1,
334.800000000,1.691535127272979,7.095679975305272,0.7710020550845034,1,
334.900000000,1.7058793821417817,7.109617060806151,0.7706878699783892,1,
335.000000000,1.7190322957117687,7.122388590696167,0.7703998669644511,1,
335.100000000,1.7321888869753168,7.135156331977813,0.7701118639505129,1,
335.200000000,1.7465455428289451,7.149080642829718,0.7697976788443986,1,
335.300000000,1.760906572784995,7.163000442347004,0.7694834937382844,1,
335.400000000,1.774074858539118,7.175756121921565,0.7694834937382844,1,
335.500000000,1.7872431442932408,7.1885118014961265,0.7694834937382844,1,
335.600000000,1.801608546934102,7.202427088304739,0.7694834937382844,1,
335.700000000,1.8171710664617018,7.217501982347402,0.7694834937382844,1,
335.800000000,1.8327335859893015,7.232576876390065,0.7694834937382844,1,
335.900000000,1.8470989886301628,7.246492163198678,0.7694834937382844,1,
336.000000000,1.861464391271024,7.26040745000729,0.7694834937382844,1,
336.100000000,1.874632677025147,7.273163129581851,0.7694834937382844,1,
336.200000000,1.8889980796660082,7.287078416390464,0.7694834937382844,1,
336.300000000,1.9033634823068695,7.300993703199076,0.7694834937382844,1,
336.400000000,1.9165317680609923,7.313749382773637,0.7694834937382844,1,
336.500000000,1.9332914044753307,7.3299838840503515,0.7694834937382844,1,
336.600000000,1.9488539240029303,7.345058778093015,0.7694834937382844,1,
336.700000000,1.9620222097570532,7.357814457667576,0.7694834937382844,1,
336.800000000,1.9763876123979145,7.3717297444761885,0.7694834937382844,1,
336.900000000,1.9919501319255142,7.386804638518852,0.7694834937382844,1,
337.000000000,2.007512651453114,7.401879532561515,0.7694834937382844,1,
337.100000000,2.021878054093975,7.415794819370127,0.7694834937382844,1,
337.200000000,2.0362434567348364,7.42971010617874,0.7694834937382844,1,
337.300000000,2.0506088593756977,7.443625392987352,0.7694834937382844,1,
337.400000000,2.0637771451298206,7.456381072561913,0.7694834937382844,1,
337.500000000,2.0793396646574203,7.471455966604577,0.7694834937382844,1,
337.600000000,2.09490218418502,7.48653086064724,0.7694834937382844,1,
337.700000000,2.1104647037126196,7.501605754689903,0.7694834937382844,1,
337.800000000,2.124830106353481,7.515521041498515,0.7694834937382844,1,
337.900000000,2.139195508994342,7.529436328307128,0.7694834937382844,1,
338.000000000,2.1535609116352035,7.54335161511574,0.7694834937382844,1,
338.100000000,2.169123431162803,7.558426509158403,0.7694834937382844,1,
338.200000000,2.1834888338036644,7.572341795967016,0.7694834937382844,1,
338.300000000,2.1978542364445257,7.586257082775628,0.7694834937382844,1,
338.400000000,2.2110225221986486,7.599012762350189,0.7694834937382844,1,
338.500000000,2.2241908079527715,7.611768441924751,0.7694834937382844,1,
338.600000000,2.2385562105936327,7.625683728733363,0.7694834937382844,1,
338.700000000,2.2541187301212324,7.640758622776026,0.7694834937382844,1,
338.800000000,2.2672870158753553,7.653514302350588,0.7694834937382844,1,
338.900000000,2.280455301629478,7.666269981925149,0.7694834937382844,1,
339.000000000,2.2948207042703395,7.680185268733761,0.7694834937382844,1,
339.100000000,2.3079889900244623,7.692940948308323,0.7694834937382844,1,
339.200000000,2.3247486264388004,7.709175449585037,0.7694834937382844,1,
339.300000000,2.3403111459664,7.7242503436277,0.7694834937382844,1,
339.400000000,2.355873665494,7.739325237670363,0.7694834937382844,1,
339.500000000,2.372633301908338,7.755559738947078,0.7694834937382844,1,
339.600000000,2.3905900552094144,7.772953847457843,0.7694834937382844,1,
339.700000000,2.406152574737014,7.788028741500506,0.7694834937382844,1,
339.800000000,2.422912211151352,7.80426324277722,0.7694834937382844,1,
339.900000000,2.4372776137922134,7.818178529585833,0.7694834937382844,1,
340.000000000,2.452840133319813,7.833253423628496,0.7694834937382844,1,
340.100000000,2.469599769734151,7.84948792490521,0.7694834937382844,1,
340.200000000,2.488753639921966,7.868041640650026,0.7694834937382844,1,
340.300000000,2.5043161594495658,7.8831165346926895,0.7694834937382844,1,
340.400000000,2.5222729127506422,7.900510643203455,0.7694834937382844,1,
340.500000000,2.5366383153915035,7.914425930012067,0.7694834937382844,1,
340.600000000,2.552200834919103,7.92950082405473,0.7694834937382844,1,
340.700000000,2.5701575882201797,7.946894932565495,0.7694834937382844,1,
340.800000000,2.5893114584079946,7.9654486483103115,0.7694834937382844,1,
340.900000000,2.6060710948223327,7.981683149587026,0.7694834937382844,1,
341.000000000,2.624027848123409,7.999077258097791,0.7694834937382844,1,
341.100000000,2.639590367651009,8.014152152140454,0.7694834937382844,1,
341.200000000,2.656350004065347,8.030386653417168,0.7694834937382844,1,
341.300000000,2.6743067573664234,8.047780761927932,0.7694834937382844,1,
341.400000000,2.689869276894023,8.062855655970594,0.7694834937382844,1,
341.500000000,2.706628913308361,8.079090157247308,0.7694834937382844,1,
341.600000000,2.7245856666094377,8.096484265758072,0.7694834937382844,1,
341.700000000,2.7401481861370374,8.111559159800734,0.7694834937382844,1,
341.800000000,2.7569078225513755,8.127793661077447,0.7694834937382844,1,
341.900000000,2.7868357447198364,8.156783841928723,0.7694834937382844,1,
342.000000000,2.8035953811341745,8.173018343205436,0.7694834937382844,1,
342.100000000,2.832326186415897,8.200848916822661,0.7694834937382844,1,
342.200000000,2.849085822830235,8.217083418099374,0.7694834937382844,1,
342.300000000,2.8670425761313116,8.234477526610139,0.7694834937382844,1,
342.400000000,2.8826050956589113,8.249552420652801,0.7694834937382844,1,
342.500000000,2.8993647320732494,8.265786921929514,0.7694834937382844,1,
342.600000000,2.9292926542417104,8.29477710278079,0.7694834937382844,1,
342.700000000,2.9592205764101713,8.323767283632066,0.7694834937382844,1,
342.800000000,2.987951381691894,8.35159785724929,0.7694834937382844,1,
342.900000000,3.015485070086878,8.378268823632464,0.7694834937382844,1,
343.000000000,3.041821641595124,8.403780182781587,0.7694834937382844,1,
343.100000000,3.066961096216631,8.428131934696658,0.7694834937382844,1,
343.200000000,3.0921005508381385,8.45248368661173,0.7694834937382844,1,
343.300000000,3.1160428885729075,8.475675831292751,0.7694834937382844,1,
343.400000000,3.138788109420938,8.49770836873972,0.7694834937382844,1,
343.500000000,3.16033621338223,8.51858129895264,0.7694834937382844,1,
343.600000000,3.1818843173435223,8.539454229165559,0.7694834937382844,1,
343.700000000,3.202235304418076,8.559167552144427,0.7694834937382844,1,
343.800000000,3.2225862914926298,8.578880875123295,0.7694834937382844,1,
343.900000000,3.2417401616804447,8.597434590868112,0.7694834937382844,1,
344.000000000,3.259696914981521,8.614828699378876,0.7694834937382844,1,
344.100000000,3.2776536682825976,8.63222280788964,0.7694834937382844,1,
344.200000000,3.2944133046969357,8.648457309166353,0.7694834937382844,1,
344.300000000,3.311172941111274,8.664691810443067,0.7694834937382844,1,
344.400000000,3.3267354606388735,8.67976670448573,0.7694834937382844,1,
344.500000000,3.342297980166473,8.694841598528392,0.7694834937382844,1,
344.600000000,3.3566633828073345,8.708756885337003,0.7694834937382844,1,
344.700000000,3.3710287854481957,8.722672172145614,0.7694834937382844,1,
344.800000000,3.3865913049757954,8.737747066188277,0.7694834937382844,1,
344.900000000,3.402153824503395,8.75282196023094,0.7694834937382844,1,
345.000000000,3.4165192271442564,8.76673724703955,0.7694834937382844,1,
345.100000000,3.432081746671856,8.781812141082213,0.7694834937382844,1,
345.200000000,3.4476442661994557,8.796887035124875,0.7694834937382844,1,
345.300000000,3.464403902613794,8.813121536401589,0.7694834937382844,1,
345.400000000,3.4799664221413935,8.828196430444251,0.7694834937382844,1,
345.500000000,3.495528941668993,8.843271324486913,0.7694834937382844,1,
345.600000000,3.5122885780833313,8.859505825763627,0.7694834937382844,1,
345.700000000,3.527851097610931,8.87458071980629,0.7694834937382844,1,
345.800000000,3.5434136171385306,8.889655613848952,0.7694834937382844,1,
345.900000000,3.5601732535528687,8.905890115125665,0.7694834937382844,1,
346.000000000,3.5757357730804684,8.920965009168327,0.7694834937382844,1,
346.100000000,3.591298292608068,8.93603990321099,0.7694834937382844,1,
346.200000000,3.608057929022406,8.952274404487703,0.7694834937382844,1,
346.300000000,3.623620448550006,8.967349298530365,0.7694834937382844,1,
346.400000000,3.6391829680776056,8.982424192573028,0.7694834937382844,1,
346.500000000,3.653548370718467,8.99633947938164,0.7694834937382844,1,
346.600000000,3.6691108902460665,9.011414373424302,0.7694834937382844,1,
346.700000000,3.684673409773666,9.026489267466964,0.7694834937382844,1,
346.800000000,3.7014330461880043,9.042723768743677,0.7694834937382844,1,
346.900000000,3.716995565715604,9.05779866278634,0.7694834937382844,1,
347.000000000,3.7325580852432036,9.072873556829002,0.7694834937382844,1,
347.100000000,3.7493177216575417,9.089108058105715,0.7694834937382844,1,
347.200000000,3.7672744749586182,9.10650216661648,0.7694834937382844,1,
347.300000000,3.782836994486218,9.121577060659142,0.7694834937382844,1,
347.400000000,3.799596630900556,9.137811561935855,0.7694834937382844,1,
347.500000000,3.8151591504281557,9.152886455978518,0.7694834937382844,1,
347.600000000,3.8307216699557554,9.16796135002118,0.7694834937382844,1,
347.700000000,3.8474813063700934,9.184195851297893,0.7694834937382844,1,
347.800000000,3.86543805967117,9.201589959808658,0.7694834937382844,1,
347.900000000,3.8810005791987696,9.21666485385132,0.7694834937382844,1,
348.000000000,3.8977602156131077,9.232899355128033,0.7694834937382844,1,
348.100000000,3.9133227351407074,9.247974249170696,0.7694834937382844,1,
348.200000000,3.928885254668307,9.263049143213358,0.7694834937382844,1,
348.300000000,3.945644891082645,9.279283644490071,0.7694834937382844,1,
348.400000000,3.96479876127046,9.297837360234888,0.7694834937382844,1,
348.500000000,3.9803612807980597,9.31291225427755,0.7694834937382844,1,
348.600000000,3.998318034099136,9.330306362788315,0.7694834937382844,1,
348.700000000,4.013880553626736,9.345381256830978,0.7694834937382844,1,
348.800000000,4.030640190041074,9.36161575810769,0.7694834937382844,1,
348.900000000,4.045005592681936,9.375531044916302,0.7694834937382844,1,
349.000000000,4.0641594628697515,9.39408476066112,0.7694834937382844,1,
349.100000000,4.08091909928409,9.410319261937833,0.7694834937382844,1,
349.200000000,4.095284501924952,9.424234548746444,0.7694834937382844,1,
349.300000000,4.110847021452551,9.439309442789106,0.7694834937382844,1,
349.400000000,4.12760665786689,9.45554394406582,0.7694834937382844,1,
349.500000000,4.1455634111679664,9.472938052576584,0.7694834937382844,1,
349.600000000,4.161125930695566,9.488012946619246,0.7694834937382844,1,
349.700000000,4.177885567109905,9.50424744789596,0.7694834937382844,1,
349.800000000,4.195842320410981,9.521641556406724,0.7694834937382844,1,
349.900000000,4.211404839938581,9.536716450449386,0.7694834937382844,1,
350.000000000,4.228164476352919,9.5529509517261,0.7694834937382844,1,
350.100000000,4.242529878993781,9.566866238534711,0.7694834937382844,1,
350.200000000,4.258092398521381,9.581941132577374,0.7694834937382844,1,
350.300000000,4.274852034935719,9.598175633854087,0.7694834937382844,1,
350.400000000,4.292808788236796,9.615569742364851,0.7694834937382844,1,
350.500000000,4.3083713077643955,9.630644636407514,0.7694834937382844,1,
350.600000000,4.325130944178734,9.646879137684227,0.7694834937382844,1,
350.700000000,4.339496346819596,9.660794424492838,0.7694834937382844,1,
350.800000000,4.368227152101318,9.688624998110063,0.7694834937382844,1,
350.900000000,4.395760840496303,9.715295964493237,0.7694834937382844,1,
351.000000000,4.422097412004549,9.74080732364236,0.7694834937382844,1,
351.100000000,4.4472368666260556,9.765159075557431,0.7694834937382844,1,
351.200000000,4.4711792043608245,9.788351220238452,0.7694834937382844,1,
351.300000000,4.4951215420955934,9.811543364919473,0.7694834937382844,1,
351.400000000,4.5178667629436235,9.833575902366443,0.7694834937382844,1,
351.500000000,4.539414866904916,9.854448832579362,0.7694834937382844,1,
351.600000000,4.560962970866208,9.87532176279228,0.7694834937382844,1,
351.700000000,4.581313957940761,9.895035085771148,0.7694834937382844,1,
351.800000000,4.601664945015314,9.914748408750016,0.7694834937382844,1,
351.900000000,4.62081881520313,9.933302124494833,0.7694834937382844,1,
352.000000000,4.638775568504206,9.950696233005598,0.7694834937382844,1,
352.100000000,4.656732321805283,9.968090341516362,0.7694834937382844,1,
352.200000000,4.673491958219621,9.984324842793075,0.7694834937382844,1,
352.300000000,4.69025159463396,10.000559344069789,0.7694834937382844,1,
352.400000000,4.7058141141615595,10.015634238112451,0.7694834937382844,1,
352.500000000,4.721376633689159,10.030709132155113,0.7694834937382844,1,
352.600000000,4.735742036330021,10.044624418963725,0.7694834937382844,1,
352.700000000,4.750107438970883,10.058539705772336,0.7694834937382844,1,
352.800000000,4.765669958498482,10.073614599814999,0.7694834937382844,1,
352.900000000,4.781232478026082,10.088689493857661,0.7694834937382844,1,
353.000000000,4.795597880666944,10.102604780666272,0.7694834937382844,1,
353.100000000,4.809963283307805,10.116520067474884,0.7694834937382844,1,
353.200000000,4.825525802835405,10.131594961517546,0.7694834937382844,1,
353.300000000,4.839891205476267,10.145510248326158,0.7694834937382844,1,
353.400000000,4.8554537250038665,10.16058514236882,0.7694834937382844,1,
353.500000000,4.871016244531466,10.175660036411482,0.7694834937382844,1,
353.600000000,4.885381647172328,10.189575323220094,0.7694834937382844,1,
353.700000000,4.89974704981319,10.203490610028705,0.7694834937382844,1,
353.800000000,4.915309569340789,10.218565504071368,0.7694834937382844,1,
353.900000000,4.929674971981651,10.232480790879979,0.7694834937382844,1,
354.000000000,4.94643460839599,10.248715292156692,0.7694834937382844,1,
354.100000000,4.961997127923589,10.263790186199355,0.7694834937382844,1,
354.200000000,4.977559647451189,10.278865080242017,0.7694834937382844,1,
354.300000000,4.991925050092051,10.292780367050629,0.7694834937382844,1,
354.400000000,5.00748756961965,10.307855261093291,0.7694834937382844,1,
354.500000000,5.02305008914725,10.322930155135953,0.7694834937382844,1,
354.600000000,5.037415491788112,10.336845441944565,0.7694834937382844,1,
354.700000000,5.0517808944289735,10.350760728753176,0.7694834937382844,1,
354.800000000,5.067343413956573,10.365835622795839,0.7694834937382844,1,
354.900000000,5.084103050370912,10.382070124072552,0.7694834937382844,1,
355.000000000,5.099665569898511,10.397145018115214,0.7694834937382844,1,
355.100000000,5.115228089426111,10.412219912157877,0.7694834937382844,1,
355.200000000,5.129593492066973,10.426135198966488,0.7694834937382844,1,
355.300000000,5.1451560115945725,10.44121009300915,0.7708466448605517,1,
355.400000000,5.160697967310817,10.456306187105264,0.7722097959828194,1,
355.500000000,5.175025379334012,10.470260586580613,0.7734680893264505,1,
355.600000000,5.189335221291556,10.48423300309137,0.7747263826700821,1,
355.700000000,5.204818491296241,10.499389282133617,0.7760895337923495,1,
355.800000000,5.2190916562134175,10.513399163048424,0.7773478271359806,1,
355.900000000,5.234535141719528,10.528595978499926,0.7787109782582482,1,
356.000000000,5.249957897327623,10.543813831630294,0.7800741293805155,1,
356.100000000,5.2653598943794355,10.559052694162006,0.7814372805027826,1,
356.200000000,5.280741104255273,10.574312537778502,0.7828004316250502,1,
356.300000000,5.296101498374067,10.589593334124235,0.7841635827473175,1,
356.400000000,5.31026108282271,10.603717999367763,0.7860541393687298,1,
356.500000000,5.3255716764766206,10.619048692972727,0.7881022423752605,1,
356.600000000,5.340850839200957,10.634410712074645,0.7901503453817905,1,
356.700000000,5.354925609388236,10.648619893760277,0.7920409020032031,1,
356.800000000,5.368973491175951,10.662855659186778,0.7939314586246154,1,
356.900000000,5.384162846285633,10.678306482329784,0.7959795616311457,1,
357.000000000,5.399320524682525,10.693788382408934,0.798027664637676,1,
357.100000000,5.413282929084205,10.708107993553234,0.7999182212590884,1,
357.200000000,5.42721823651411,10.722453975807301,0.8018087778805012,1,
357.300000000,5.442285410552164,10.738023969736377,0.8038568808870312,1,
357.400000000,5.458477222021939,10.754824853218256,0.8060625302786791,1,
357.500000000,5.47463193727766,10.771661409263096,0.8082681796703269,1,
357.600000000,5.489598224839117,10.787328402627244,0.8103162826768575,1,
357.700000000,5.504532393417068,10.803026015609152,0.8123643856833876,1,
357.800000000,5.518288073678351,10.817544323380698,0.8142549423048,1,
357.900000000,5.5320162816902965,10.832088611083462,0.8177455010786182,1,
358.000000000,5.545693638482122,10.846680729202127,0.8212360598524363,1,
358.100000000,5.560455505652988,10.862540480841865,0.8250174985240726,1,
358.200000000,5.574026387893346,10.877231673959455,0.828508057297891,1,
358.300000000,5.5875459070910685,10.891970147444264,0.8319986160717091,1,
358.400000000,5.601013898524494,10.906755721722904,0.8361404169554011,1,
358.500000000,5.6155377554756,10.922833719847928,0.8406273679127338,1,
358.600000000,5.628877666061971,10.937734954211148,0.8447691687964259,1,
358.700000000,5.645475264058836,10.95643040127011,0.8499464199010405,1,
358.800000000,5.6619758490242384,10.975211527322601,0.8551236710056558,1,
358.900000000,5.68165960460954,10.997851089289611,0.8613363723311935,1,
359.000000000,5.697945207760591,11.016818933922211,0.8665136234358084,1,
359.100000000,5.746506759870339,11.073974648043306,0.8836697622990431,1,
359.200000000,5.794080642252712,11.13195503882388,0.9008259011622782,1,
359.300000000,5.840652852682843,11.190743041134315,0.9179820400255131,1,
359.400000000,5.886209683753848,11.25032135214401,0.938412122436158,1,
359.500000000,5.930539902580023,11.310817895010718,0.9598926259322731,1,
359.600000000,5.973560498282306,11.372252643691091,0.981373129428388,1,
359.700000000,6.015251621403534,11.434597252542945,1.002853632924503,1,
359.800000000,6.055594035897598,11.497822956119807,1.0243341364206178,1,
359.900000000,6.094569128004847,11.56190058244313,1.0458146399167327,1,
360.000000000,6.13215891484037,11.626800566462078,1.0672951434128477,1,
360.100000000,6.1683460526911995,11.692492963694674,1.0887756469089627,1,
360.200000000,6.2031138450185965,11.758947464044004,1.1102561504050779,1,
360.300000000,6.236446250161741,11.82613340578313,1.1347798779077476,1,
360.400000000,6.268121147953687,11.8941164981655,1.1593036054104173,1,
360.500000000,6.298119489647167,11.962855857310325,1.1838273329130868,1,
360.600000000,6.326423234747367,12.032310144530792,1.2083510604157566,1,
360.700000000,6.353015361861171,12.102437591194443,1.2328747879184268,1,
360.800000000,6.377879878933547,12.173196023842133,1.2573985154210965,1,
360.900000000,6.40100183286489,12.244542889550424,1.2819222429237658,1,
361.000000000,6.422367318503565,12.3164352815222,1.3064459704264355,1,
361.100000000,6.441963487008233,12.388829964890087,1.330969697929105,1,
361.200000000,6.459778553574923,12.461683402717169,1.3554934254317752,1,
361.300000000,6.475801804524216,12.534951782179363,1.3737624605369427,1,
361.400000000,6.490483913467039,12.6085006480917,1.392031495642111,1,
361.500000000,6.503819980273598,12.682305453640737,1.4103005307472785,1,
361.600000000,6.515805554053455,12.75634156659359,1.4285695658524469,1,
361.700000000,6.526436634641006,12.830584277518913,1.4468386009576149,1,
361.800000000,6.53570967393053,12.905008808033623,1.4651076360627833,1,
361.900000000,6.543621577060363,12.979590319072647,1.483376671167951,1,
362.000000000,6.550169703445804,13.054303919178922,1.5016457062731188,1,
362.100000000,6.555351867660405,13.129124672810873,1.5199147413782867,1,
362.200000000,6.559166340165352,13.20402760866461,1.538183776483455,1,
362.300000000,6.5616118478867005,13.278987728008063,1.5564528115886227,1,
362.400000000,6.562687574640256,13.353980013024268,1.5663952580503715,1,
362.500000000,6.56301765373052,13.428979286672712,1.5763377045121192,1,
362.600000000,6.562602052528704,13.503978135168147,1.586280150973867,1,
362.700000000,6.5614408121175805,13.578969144767349,1.5962225974356152,1,
362.800000000,6.559534047287421,13.653944902501983,1.6061650438973634,1,
362.900000000,6.556881946524651,13.728897996911382,1.6161074903591117,1,
363.000000000,6.553484771993216,13.803821018775178,1.6260499368208596,1,
363.100000000,6.549342859508667,13.878706561845723,1.6359923832826078,1,
363.200000000,6.544456618504966,13.953547223580197,1.6459348297443555,1,
363.300000000,6.538826531994009,14.028335605872362,1.655877276206104,1,
363.400000000,6.532453156517885,14.103064315783884,1.6658197226678524,1,
363.500000000,6.525337122093856,14.177725966275124,1.6757621691296007,1,
363.600000000,6.517479132152083,14.252313176935365,1.6857046155913482,1,
363.700000000,6.508879963466086,14.32681857471237,1.6956470620530963,1,
363.800000000,6.499540466075964,14.401234794641226,1.6883510963340307,1,
363.900000000,6.490744150633362,14.475717173997918,1.6797146936417235,1,
364.000000000,6.482591415061213,14.55027274322444,1.6710782909494177,1,
364.100000000,6.475082867447507,14.624895941445454,1.6624418882571108,1,
364.200000000,6.468219067832193,14.69958120274138,1.6538054855648048,1,
364.300000000,6.46200052816541,14.774322956563541,1.645169082872498,1,
364.400000000,6.4564277122693,14.849115628149653,1.6365326801801916,1,
364.500000000,6.451501035803416,14.923953638939627,1.6278962774878851,1,
364.600000000,6.447220866233714,14.998831406991664,1.6192598747955784,1,
364.700000000,6.44358752280515,15.073743347398585,1.610623472103272,1,
364.800000000,6.440601276517867,15.148683872704401,1.6019870694109657,1,
364.900000000,6.438262350106981,15.223647393321063,1.5933506667186592,1,
365.000000000,6.436570918025966,15.298628317945365,1.5847142640263525,1,
365.100000000,6.435527106433648,15.373621053975995,1.576077861334046,1,
365.200000000,6.435130993184789,15.44862000793066,1.5674414586417396,1,
365.300000000,6.435382607824282,15.523619585863294,1.5588050559494329,1,
365.400000000,6.43628193158495,15.598614193781287,1.5501686532571266,1,
365.500000000,6.437828897388942,15.673598238062729,1.54153225056482,1,
365.600000000,6.4400233898527395,15.74856612587362,1.5328958478725139,1,
365.700000000,6.442865245295758,15.823512265585022,1.5242594451802072,1,
365.800000000,6.446354251752561,15.898431067190122,1.515623042487901,1,
365.900000000,6.450490148988667,15.973316942721176,1.5069866397955944,1,
366.000000000,6.455272628519958,16.048164306666294,1.4983502371032877,1,
366.100000000,6.460701333635691,16.12296757638605,1.4897138344109813,1,
366.200000000,6.466775859425105,16.19772117252987,1.4810774317186752,1,
366.300000000,6.473495752807617,16.272419519452193,1.472441029026368,1,
366.400000000,6.480860512566622,16.347057045628322,1.47694452961256,1,
366.500000000,6.487889068634819,16.42172698201236,1.4828635999880206,1,
366.600000000,6.49447552755167,16.49643721262997,1.4887826703634812,1,
366.700000000,6.500619658558667,16.571185119986424,1.494701740738942,1,
366.800000000,6.506321246394385,16.645968085266972,1.5006208111144024,1,
366.900000000,6.511580091302031,16.7207834884286,1.5065398814898627,1,
367.000000000,6.5163960090364395,16.795628708291833,1.5124589518653229,1,
367.100000000,6.5207688308705265,16.870501122632547,1.5183780222407839,1,
367.200000000,6.524698403601204,16.945398108273857,1.5242970926162451,1,
367.300000000,6.528184589554744,17.02031704117801,1.5302161629917048,1,
367.400000000,6.531227266591604,17.095255296538337,1.528669533853135,1,
367.500000000,6.5343858416324565,17.170188756379126,1.5256226591473872,1,
367.600000000,6.537772714522238,17.245112244632335,1.5225757844416394,1,
367.700000000,6.541387853819125,17.32002506575038,1.5195289097358917,1,
367.800000000,6.545231225962193,17.39492652428471,1.5164820350301444,1,
367.900000000,6.5493027952717355,17.469815924892256,1.5134351603243958,1,
368.000000000,6.553602523949589,17.54469257234189,1.5103882856186486,1,
368.100000000,6.558130372079488,17.619555771520876,1.507341410912901,1,
368.200000000,6.5628862976274345,17.694404827441325,1.5042945362071531,1,
368.300000000,6.567870256442086,17.769239045246643,1.5012476615014057,1,
368.400000000,6.573082202255169,17.844057730217987,1.5057511620875974,1,
368.500000000,6.577957150362591,17.918899128394063,1.5102546626737883,1,
368.600000000,6.582495001893174,17.993761721880304,1.51475816325998,1,
368.700000000,6.586695664812558,18.06864399235228,1.5192616638461713,1,
368.800000000,6.590559053925068,18.143544421086467,1.523765164432363,1,
368.900000000,6.594085090875443,18.218461488991082,1.5282686650185546,1,
369.000000000,6.597273704150423,18.293393676636864,1.5327721656047462,1,
369.100000000,6.600124829080202,18.368339464287903,1.5372756661909377,1,
369.200000000,6.602638407839737,18.443297331932463,1.5417791667771292,1,
369.300000000,6.604814389449922,18.51826575931381,1.5462826673633212,1,
369.400000000,6.606652729778624,18.593243225961036,1.5507861679495123,1,
369.500000000,6.608153391541572,18.66822821121991,1.5552896685357038,1,
369.600000000,6.609316344303122,18.743219194283704,1.5597931691218951,1,
369.700000000,6.610141564476866,18.818214654224054,1.5642966697080871,1,
369.800000000,6.610629035326115,18.893213070021798,1.5688001702942787,1,
369.900000000,6.610778746964237,18.968212920597818,1.57330367088047,1,
370.000000000,6.6105906963548575,19.0432126848439,1.5748503000190404,1,
370.100000000,6.610286649195869,19.118212068543535,1.5763969291576096,1,
370.200000000,6.60986660621457,19.193210892293603,1.57794355829618,1,
370.300000000,6.60933056841573,19.26820897669233,1.5794901874347498,1,
370.400000000,6.608678537081585,19.3432061423397,1.57794355829618,1,
370.500000000,6.608142499282745,19.418204226738425,1.5763969291576094,1,
370.600000000,6.607722456301446,19.493203050488493,1.5748503000190397,1,
370.700000000,6.607418409142458,19.568202434188127,1.573303670880469,1,
370.800000000,6.607230358533078,19.64320219843421,1.5717570417418993,1,
370.900000000,6.607158304923137,19.718202163822717,1.5702104126033287,1,
371.000000000,6.60720224848499,19.79320215094914,1.5686637834647585,1,
371.100000000,6.607362189113522,19.868201980408912,1.5671171543261884,1,
371.200000000,6.607638126426146,19.943201472797856,1.565570525187618,1,
371.300000000,6.608030059762801,20.018200448712594,1.5640238960490482,1,
371.400000000,6.608537988185961,20.093198728750984,1.564023896049048,1,
371.500000000,6.60904591660912,20.168197008789374,1.564023896049048,1,
371.600000000,6.60955384503228,20.243195288827764,1.5640238960490478,1,
371.700000000,6.610061773455439,20.318193568866153,1.5640238960490473,1,
371.800000000,6.610569701878599,20.393191848904543,1.5640238960490467,1,
371.900000000,6.611077630301758,20.468190128942933,1.5640238960490467,1,
372.000000000,6.611585558724918,20.543188408981322,1.5640238960490462,1,
372.100000000,6.612093487148077,20.618186689019712,1.5640238960490462,1,
372.200000000,6.612601415571237,20.693184969058102,1.5640238960490458,1,
372.300000000,6.613109343994396,20.76818324909649,1.5640238960490458,1,
372.400000000,6.613617272417556,20.84318152913488,1.5640238960490456,1,
372.500000000,6.614125200840715,20.91817980917327,1.5640238960490451,1,
372.600000000,6.614633129263875,20.99317808921166,1.5640238960490451,1,
372.700000000,6.615141057687034,21.06817636925005,1.564023896049045,1,
372.800000000,6.615648986110194,21.14317464928844,1.5640238960490447,1,
372.900000000,6.616156914533353,21.21817292932683,1.5640238960490447,1,
373.000000000,6.616664842956513,21.29317120936522,1.5640238960490442,1,
373.100000000,6.617172771379672,21.36816948940361,1.564023896049044,1,
373.200000000,6.617680699802832,21.443167769442,1.5640238960490436,1,
373.300000000,6.618188628225991,21.51816604948039,1.5640238960490436,1,
373.400000000,6.618696556649151,21.59316432951878,1.564023896049043,1,
373.500000000,6.61920448507231,21.668162609557168,1.564023896049043,1,
373.600000000,6.61971241349547,21.743160889595558,1.564023896049043,1,
373.700000000,6.620220341918629,21.818159169633947,1.5640238960490427,1,
373.800000000,6.620728270341789,21.893157449672337,1.5640238960490425,1,
373.900000000,6.621236198764948,21.968155729710727,1.564023896049042,1,
374.000000000,6.621744127188108,22.043154009749117,1.564023896049042,1,
374.100000000,6.622252055611267,22.118152289787506,1.5640238960490418,1,
374.200000000,6.622759984034427,22.193150569825896,1.5640238960490414,1,
374.300000000,6.623267912457586,22.268148849864286,1.5640238960490414,1,
374.400000000,6.623775840880746,22.343147129902675,1.5640238960490411,1,
374.500000000,6.624283769303905,22.418145409941065,1.564023896049041,1,
374.600000000,6.624791697727065,22.493143689979455,1.5640238960490405,1,
374.700000000,6.625299626150224,22.568141970017844,1.5640238960490405,1,
374.800000000,6.625807554573384,22.643140250056234,1.5640238960490402,1,
374.900000000,6.626315482996543,22.718138530094624,1.5640238960490398,1,
375.000000000,6.626823411419703,22.793136810133014,1.5640238960490398,1,
375.100000000,6.627331339842862,22.868135090171403,1.5640238960490396,1,
375.200000000,6.627839268266022,22.943133370209793,1.5640238960490394,1,
375.300000000,6.628347196689181,23.018131650248183,1.5640238960490394,1,
375.400000000,6.628855125112341,23.093129930286572,1.564023896049039,1,
375.500000000,6.6293630535355,23.168128210324962,1.5640238960490387,1,
375.600000000,6.62987098195866,23.243126490363352,1.5640238960490382,1,
375.700000000,6.630378910381819,23.31812477040174,1.5640238960490382,1,
375.800000000,6.630886838804979,23.39312305044013,1.564023896049038,1,
375.900000000,6.631394767228138,23.46812133047852,1.564023896049038,1,
376.000000000,6.631902695651298,23.54311961051691,1.564023896049038,1,
376.100000000,6.632410624074457,23.6181178905553,1.5640238960490374,1,
376.200000000,6.632918552497617,23.69311617059369,1.5640238960490371,1,
376.300000000,6.633426480920776,23.76811445063208,1.5640238960490367,1,
376.400000000,6.633934409343936,23.84311273067047,1.5640238960490367,1,
376.500000000,6.634442337767095,23.91811101070886,1.5640238960490365,1,
376.600000000,6.6349502661902555,23.99310929074725,1.564023896049036,1,
376.700000000,6.635458194613416,24.06810757078564,1.564023896049036,1,
376.800000000,6.635966123036576,24.14310585082403,1.5640238960490358,1,
376.900000000,6.636474051459737,24.218104130862418,1.5640238960490358,1,
377.000000000,6.636981979882897,24.293102410900808,1.5640238960490351,1,
377.100000000,6.6374899083060575,24.368100690939198,1.5640238960490351,1,
377.200000000,6.637997836729218,24.443098970977587,1.564023896049035,1,
377.300000000,6.638505765152378,24.518097251015977,1.5640238960490345,1,
377.400000000,6.639013693575539,24.593095531054367,1.5640238960490345,1,
377.500000000,6.639521621998699,24.668093811092756,1.5640238960490342,1,
377.600000000,6.640029550421859,24.743092091131146,1.564023896049034,1,
377.700000000,6.64053747884502,24.818090371169536,1.564023896049034,1,
377.800000000,6.64104540726818,24.893088651207925,1.5640238960490336,1,
377.900000000,6.6415533356913405,24.968086931246315,1.5640238960490334,1,
378.000000000,6.642061264114501,25.043085211284705,1.5640238960490334,1,
378.100000000,6.642569192537661,25.118083491323095,1.564023896049033,1,
378.200000000,6.643077120960822,25.193081771361484,1.5640238960490327,1,
378.300000000,6.643585049383982,25.268080051399874,1.5640238960490327,1,
378.400000000,6.6440929778071425,25.343078331438264,1.5640238960490327,1,
378.500000000,6.644600906230303,25.418076611476653,1.564023896049032,1,
378.600000000,6.645108834653463,25.493074891515043,1.5640238960490318,1,
378.700000000,6.645616763076624,25.568073171553433,1.5640238960490318,1,
378.800000000,6.646124691499784,25.643071451591823,1.5640238960490314,1,
378.900000000,6.646632619922944,25.718069731630212,1.5640238960490311,1,
379.000000000,6.647140548346105,25.793068011668602,1.5640238960490307,1,
379.100000000,6.647648476769265,25.86806629170699,1.5640238960490307,1,
379.200000000,6.648156405192426,25.94306457174538,1.5640238960490305,1,
379.300000000,6.648664333615586,26.01806285178377,1.5640238960490305,1,
379.400000000,6.649172262038746,26.09306113182216,1.5640238960490298,1,
379.500000000,6.649680190461907,26.16805941186055,1.5640238960490298,1,
379.600000000,6.650188118885067,26.24305769189894,1.5640238960490296,1,
379.700000000,6.6506960473082275,26.31805597193733,1.5640238960490296,1,
379.800000000,6.651203975731388,26.39305425197572,1.5640238960490291,1,
379.900000000,6.651711904154548,26.46805253201411,1.564023896049029,1,
380.000000000,6.652219832577709,26.5430508120525,1.5640238960490287,1,
380.100000000,6.652727761000869,26.61804909209089,1.5640238960490287,1,
380.200000000,6.653235689424029,26.69304737212928,1.5640238960490283,1,
380.300000000,6.65374361784719,26.768045652167668,1.5640238960490283,1,
380.400000000,6.65425154627035,26.843043932206058,1.564023896049028,1,
380.500000000,6.654759474693511,26.918042212244448,1.5640238960490276,1,
380.600000000,6.655267403116671,26.993040492282837,1.5640238960490274,1,
380.700000000,6.655775331539831,27.068038772321227,1.5640238960490274,1,
380.800000000,6.656283259962992,27.143037052359617,1.5640238960490274,1,
380.900000000,6.656791188386152,27.218035332398006,1.5395001685463572,1,
381.000000000,6.658603541639924,27.275926192288935,1.4974193905993822,1,
381.100000000,6.662326680199569,27.326574997527644,1.4482048534095517,1,
381.200000000,6.66844091218447,27.376199751146398,1.3982048534544238,1,
381.300000000,6.677027706930422,27.425456902510216,1.3482048534992965,1,
381.400000000,6.689284196872188,27.479607198585867,1.303724904929147,1,
381.500000000,6.704146553342906,27.533927130805335,1.2600413738897471,1,
381.600000000,6.721366863356108,27.587546209492306,1.2163578428503468,1,
381.700000000,6.740912271465189,27.64036213226224,1.1726743118109466,1,
381.800000000,6.762745486058556,27.692274129109887,1.1289907807715462,1,
381.900000000,6.786824850510066,27.743183154673154,1.0853072497321457,1,
382.000000000,6.813104422657679,27.792992077206456,1.041623718692745,1,
382.100000000,6.841534062458686,27.84160586390298,0.9979401876533451,1,
382.200000000,6.8720595276542795,27.888931762212287,0.9542566566139449,1,
382.300000000,6.904622577260931,27.934879476807303,0.9105731255745444,1,
382.400000000,6.949716928315057,27.992956131062666,0.884101339659273,1,
382.500000000,6.997265783243677,28.050957048253494,0.8680813045862423,1,
382.600000000,7.045737673781448,28.108188821139667,0.853221893163008,1,
382.700000000,7.095054612233887,28.16469403843576,0.8383624817397739,1,
382.800000000,7.145205709517392,28.220460223900254,0.8235030703165399,1,
382.900000000,7.196179892367726,28.27547506446842,0.808643658893306,1,
383.000000000,7.247965905784966,28.32972641297101,0.7937842474700716,1,
383.100000000,7.300552315518586,28.38320229081633,0.7789248360468374,1,
383.200000000,7.35392751059212,28.435890890635097,0.7640654246236035,1,
383.300000000,7.40807970586684,28.48778057888747,0.7492060132003692,1,
383.400000000,7.462996944643893,28.538859898431724,0.7379899887643492,1,
383.500000000,7.51848362406908,28.589320064963026,0.726773964328329,1,
383.600000000,7.574532764035461,28.639154730699126,0.7155579398923091,1,
383.700000000,7.631137313679753,28.68835762654446,0.7043419154562889,1,
383.800000000,7.688290152269309,28.736922562878775,0.6931258910202688,1,
383.900000000,7.74598409009789,28.78484343033578,0.6819098665842489,1,
384.000000000,7.80421186939012,28.83211420057168,0.6706938421482287,1,
384.100000000,7.862966165214495,28.878728927023545,0.6594778177122087,1,
384.200000000,7.922239586404841,28.924681745657352,0.6482617932761883,1,
384.300000000,7.982024676490117,28.969966875705698,0.6370457688401686,1,
384.400000000,8.042313914632413,29.01457862039498,0.6135194061211008,1,
384.500000000,8.10363592407719,29.05775976393767,0.588995678618431,1,
384.600000000,8.16599835096783,29.099424229760594,0.5644719511157609,1,
384.700000000,8.229363691596614,29.139546961559393,0.5399482236130915,1,
384.800000000,8.293693839120477,29.178103830202453,0.5154244961104213,1,
384.900000000,8.358950106477826,29.215071648241747,0.49090076860775156,1,
385.000000000,8.425093249654275,29.25042818385738,0.46637704110508177,1,
385.100000000,8.49208349128334,29.284152174227433,0.4418533136024118,1,
385.200000000,8.559880544567868,29.31622333831505,0.4173295860997421,1,
385.300000000,8.628443637507834,29.346622389065125,0.3928058585970722,1,
385.400000000,8.697731537419935,29.375331045003197,0.3682821310944023,1,
385.500000000,8.767702575734228,29.40233204122963,0.34375840359173254,1,
385.600000000,8.838314673052896,29.427609139802428,0.3192346760890627,1,
385.700000000,8.909525364456092,29.451147139502456,0.2948656989013604,1,
385.800000000,8.97809898238285,29.471974286103613,0.27157978736644495,1,
385.900000000,9.04553336442812,29.49075204204442,0.2488354086579228,1,
386.000000000,9.110146690368097,29.50717040235898,0.22717409560218743,1,
386.100000000,9.173476629060614,29.52181003572878,0.2060543153728455,1,
386.200000000,9.23547019743391,29.534767990484703,0.18547606796989694,1,
386.300000000,9.294441111525554,29.545832857912554,0.1659808862197351,1,
386.400000000,9.351972756324914,29.555470680511988,0.14702723729596667,1,
386.500000000,9.408028043624716,29.56377223921188,0.12861512119859167,1,
386.600000000,9.462573769495652,29.57082658462537,0.11074453792761,1,
386.700000000,9.51558038754165,29.576720894404303,0.09341548748302174,1,
386.800000000,9.567021784719831,29.581540344663523,0.07662796986482687,1,
386.900000000,9.616875060391992,29.58536799469395,0.06038198507302536,1,
387.000000000,9.66678393847976,29.588385259684028,0.050027482863795526,1,
387.100000000,9.715056801324703,29.590802246209538,0.04080740643402065,1,
387.200000000,9.761684617679961,29.592706063353642,0.031905263674238,1,
387.300000000,9.806661715841168,29.59414155664765,0.023321054584447585,1,
387.400000000,9.85498190620684,29.595268638781423,0.01644220260010456,1,
387.500000000,9.901642264941671,29.59603590699702,0.009800552408325093,1,
387.600000000,9.94664010381535,29.596476924795294,0.003396104009109179,1,
387.700000000,9.989973187255936,29.596624089019468,-0.0027711425975431836,1,
387.800000000,10.03163969393872,29.596508624892348,-0.008701187411631991,1,
387.900000000,10.071638179735025,29.596160581787682,-0.014394030433157248,1,
388.000000000,10.10996754203144,29.595608829674283,-0.019849671662118953,1,
388.100000000,10.148293323764646,29.594847975560153,-0.025305312891080654,1,
388.200000000,10.184948251145336,29.593920213111694,-0.030523752327478816,1,
388.300000000,10.21993194767074,29.592852047666458,-0.0355049899713134,1,
388.400000000,10.288222214881115,29.590426383060592,-0.039804158895387416,1,
388.500000000,10.354836076151434,29.587773473129367,-0.04399847004082549,1,
388.600000000,10.419773170676068,29.58491449521781,-0.048087923407627596,1,
388.700000000,10.494686470571297,29.581309290812037,-0.05322595456078921,1,
388.800000000,10.569580258065912,29.57731922881861,-0.05815427015667893,1,
388.900000000,10.644453471836032,29.572960116554174,-0.06407334053213962,1,
389.000000000,10.7192995722621,29.568157903417408,-0.06999241090760032,1,
389.100000000,10.794115937089147,29.562912757655248,-0.075911481283061,1,
389.200000000,10.868899945103998,29.557224863032907,-0.08183055165852168,1,
389.300000000,10.943648976227108,29.551094418827432,-0.08774962203398239,1,
389.400000000,11.018360411604357,29.54452163982073,-0.0877496220339825,1,
389.500000000,11.093071846981607,29.537948860814023,-0.08774962203398262,1,
389.600000000,11.167783282358856,29.531376081807316,-0.08774962203398275,1,
389.700000000,11.242494717736106,29.52480330280061,-0.08774962203398287,1,
389.800000000,11.317206153113355,29.518230523793903,-0.087749622033983,1,
389.900000000,11.391917588490605,29.511657744787197,-0.08774962203398312,1,
390.000000000,11.466629023867855,29.50508496578049,-0.08774962203398323,1,
390.100000000,11.541340459245104,29.498512186773784,-0.08774962203398336,1,
390.200000000,11.616051894622354,29.491939407767077,-0.08774962203398348,1,
390.300000000,11.690763329999603,29.48536662876037,-0.08774962203398361,1,
390.400000000,11.765474765376853,29.478793849753664,-0.08620299289541361,1,
390.500000000,11.84019627704442,29.472336629445074,-0.08465636375684367,1,
390.600000000,11.914927686263875,29.46599498328067,-0.08310973461827366,1,
390.700000000,11.98966881427311,29.45976892643005,-0.08156310547970366,1,
390.800000000,12.064419482286773,29.45365847378633,-0.08001647634113371,1,
390.900000000,12.13917951149669,29.447663639966084,-0.07846984720256371,1,
391.000000000,12.213948723072296,29.441784439309323,-0.07692321806399374,1,
391.100000000,12.288726938161057,29.436020885879454,-0.07537658892542376,1,
391.200000000,12.363513977888907,29.430372993463248,-0.07382995978685375,1,
391.300000000,12.438309663360668,29.42484077557081,-0.0722833306482838,1,
391.400000000,12.513113815660482,29.419424245435547,-0.06636426027282331,1,
391.500000000,12.587948718203494,29.41445057864154,-0.06044518989736281,1,
391.600000000,12.662811749127057,29.409919949442656,-0.054526119521902346,1,
391.700000000,12.737700285583033,29.405832516570815,-0.04860704914644188,1,
391.800000000,12.812611703829695,29.40218842323042,-0.042687978770981405,1,
391.900000000,12.887543379323645,29.398987797093344,-0.03676890839552093,1,
392.000000000,12.962492686811766,29.396230750294457,-0.030849838020060458,1,
392.100000000,13.037457000423196,29.393917379427698,-0.024930767644599987,1,
392.200000000,13.112433693761332,29.39204776554269,-0.01901169726913951,1,
392.300000000,13.187420139995846,29.3906219741419,-0.013092626893679035,1,
392.400000000,13.262413711954707,29.38964005517835,-0.007173556518218559,1,
392.500000000,13.33741178221624,29.389102043053853,-0.0012544861427580844,1,
392.600000000,13.412411723201167,29.389007956617824,0.0046645842327023915,1,
392.700000000,13.48741090726467,29.389357799166607,0.01058365460816287,1,
392.800000000,13.562406706788446,29.390151558443367,0.01650272498362335,1,
392.900000000,13.637396494272776,29.391389206638518,0.01804935412219333,1,
393.000000000,13.712384277885027,29.392742834697582,0.01804935412219321,1,
393.100000000,13.787372061497278,29.394096462756647,0.018049354122193093,1,
393.200000000,13.862359845109529,29.39545009081571,0.018049354122192975,1,
393.300000000,13.93734762872178,29.396803718874775,0.018049354122192857,1,
393.400000000,14.01233541233403,29.39815734693384,0.016502724983622645,1,
393.500000000,14.08732519981836,29.39939499512899,0.013455850277874846,1,
393.600000000,14.162318410174304,29.400404153446168,0.010408975572127064,1,
393.700000000,14.237314347207022,29.401184812516917,0.007362100866379275,1,
393.800000000,14.312312314696358,29.401736965094038,0.004315226160631485,1,
393.900000000,14.387311616403311,29.402060606051656,0.0012683514548836954,1,
394.000000000,14.462311556076491,29.402155732385268,-0.0017785232508640938,1,
394.100000000,14.537311437458587,29.402022343211776,-0.004825397956611883,1,
394.200000000,14.612310564292828,29.40166043976949,-0.00787227266235967,1,
394.300000000,14.687308240329447,29.401070025418118,-0.007872272662359788,1,
394.400000000,14.762305916366065,29.400479611066746,-0.007872272662359906,1,
394.500000000,14.837303592402684,29.399889196715375,-0.007872272662360024,1,
394.600000000,14.912301268439302,29.399298782364003,-0.007872272662360142,1,
394.700000000,14.98729894447592,29.39870836801263,-0.00787227266236026,1,
394.800000000,15.062296620512539,29.39811795366126,-0.00787227266236038,1,
394.900000000,15.137294296549157,29.397527539309888,-0.007872272662360498,1,
395.000000000,15.212291972585776,29.396937124958516,-0.007872272662360616,1,
395.100000000,15.287289648622394,29.396346710607144,-0.007872272662360734,1,
395.200000000,15.362287324659013,29.395756296255772,-0.007872272662360852,1,
395.300000000,15.437285000695631,29.3951658819044,-0.00787227266236097,1,
395.400000000,15.51228267673225,29.39457546755303,-0.007872272662361087,1,
395.500000000,15.587280352768868,29.393985053201657,-0.007872272662361205,1,
395.600000000,15.662278028805487,29.393394638850285,-0.007872272662361323,1,
395.700000000,15.737275704842105,29.392804224498914,-0.007872272662361441,1,
395.800000000,15.812273380878723,29.392213810147542,-0.00787227266236156,1,
395.900000000,15.887271056915342,29.39162339579617,-0.007872272662361677,1,
396.000000000,15.96226873295196,29.3910329814448,-0.007872272662361795,1,
396.100000000,16.03726640898858,29.390442567093427,-0.007872272662361913,1,
396.200000000,16.1122640850252,29.389852152742055,-0.007872272662362031,1,
396.300000000,16.18726176106182,29.389261738390683,-0.007872272662362149,1,
396.400000000,16.26225943709844,29.38867132403931,-0.007872272662362267,1,
396.500000000,16.33725711313506,29.38808090968794,-0.007872272662362385,1,
396.600000000,16.41225478917168,29.387490495336568,-0.007872272662362503,1,
396.700000000,16.4872524652083,29.386900080985196,-0.007872272662362621,1,
396.800000000,16.56225014124492,29.386309666633824,-0.007872272662362739,1,
396.900000000,16.63724781728154,29.385719252282453,-0.007872272662362857,1,
397.000000000,16.71224549331816,29.38512883793108,-0.007872272662362975,1,
397.100000000,16.78724316935478,29.38453842357971,-0.007872272662363093,1,
397.200000000,16.8622408453914,29.383948009228337,-0.00787227266236321,1,
397.300000000,16.93723852142802,29.383357594876966,-0.007872272662363329,1,
397.400000000,17.01223619746464,29.382767180525594,-0.007872272662363447,1,
397.500000000,17.087233873501262,29.38217676617422,-0.007872272662363565,1,
397.600000000,17.162231549537882,29.381586351822843,-0.007872272662363683,1,
397.700000000,17.237229225574502,29.380995937471468,-0.0078722726623638,1,
397.800000000,17.312226901611123,29.380405523120093,-0.007872272662363919,1,
397.900000000,17.387224577647743,29.379815108768717,-0.007872272662364036,1,
398.000000000,17.462222253684363,29.379224694417342,-0.007872272662364154,1,
398.100000000,17.537219929720983,29.378634280065967,-0.007872272662364272,1,
398.200000000,17.612217605757603,29.37804386571459,-0.00787227266236439,1,
398.300000000,17.687215281794224,29.377453451363216,-0.007872272662364508,1,
398.400000000,17.762212957830844,29.37686303701184,-0.007872272662364626,1,
398.500000000,17.837210633867464,29.376272622660466,-0.007872272662364744,1,
398.600000000,17.912208309904084,29.37568220830909,-0.007872272662364862,1,
398.700000000,17.987205985940705,29.375091793957715,-0.00787227266236498,1,
398.800000000,18.062203661977325,29.37450137960634,-0.007872272662365098,1,
398.900000000,18.137201338013945,29.373910965254964,-0.007872272662365216,1,
399.000000000,18.212199014050565,29.37332055090359,-0.007872272662365334,1,
399.100000000,18.287196690087185,29.372730136552214,-0.007872272662365452,1,
399.200000000,18.362194366123806,29.37213972220084,-0.00787227266236557,1,
399.300000000,18.437192042160426,29.371549307849463,-0.007872272662365688,1,
399.400000000,18.512189718197046,29.370958893498088,-0.007872272662365806,1,
399.500000000,18.587187394233666,29.370368479146713,-0.007872272662365924,1,
399.600000000,18.662185070270287,29.369778064795337,-0.007872272662366042,1,
399.700000000,18.737182746306907,29.369187650443962,-0.00787227266236616,1,
399.800000000,18.812180422343527,29.368597236092587,-0.007872272662366278,1,
399.900000000,18.887178098380147,29.36800682174121,-0.007872272662366396,1,
400.000000000,18.962175774416767,29.367416407389836,-0.007872272662366514,1,
400.100000000,19.037173450453388,29.36682599303846,-0.007872272662366632,1,
400.200000000,19.112171126490008,29.366235578687085,-0.00787227266236675,1,
400.300000000,19.187168802526628,29.36564516433571,-0.007872272662366868,1,
400.400000000,19.26216647856325,29.365054749984335,-0.007872272662366986,1,
400.500000000,19.33716415459987,29.36446433563296,-0.007872272662367103,1,
400.600000000,19.41216183063649,29.363873921281584,-0.007872272662367221,1,
400.700000000,19.48715950667311,29.36328350693021,-0.00787227266236734,1,
400.800000000,19.56215718270973,29.362693092578834,-0.007872272662367457,1,
400.900000000,19.63715485874635,29.36210267822746,-0.007872272662367575,1,
401.000000000,19.71215253478297,29.361512263876083,-0.007872272662367693,1,
401.100000000,19.78715021081959,29.360921849524708,-0.007872272662367811,1,
401.200000000,19.86214788685621,29.360331435173332,-0.00787227266236793,1,
401.300000000,19.93714556289283,29.359741020821957,-0.007872272662368047,1,
401.400000000,20.01214323892945,29.359150606470582,-0.007872272662368165,1,
401.500000000,20.08714091496607,29.358560192119207,-0.007872272662368283,1,
401.600000000,20.16213859100269,29.35796977776783,-0.007872272662368401,1,
401.700000000,20.23713626703931,29.357379363416456,-0.007872272662368519,1,
401.800000000,20.31213394307593,29.35678894906508,-0.007872272662368637,1,
401.900000000,20.38713161911255,29.356198534713705,-0.007872272662368755,1,
402.000000000,20.462129295149172,29.35560812036233,-0.007872272662368873,1,
402.100000000,20.537126971185792,29.355017706010955,-0.00787227266236899,1,
402.200000000,20.612124647222412,29.35442729165958,-0.007872272662369109,1,
402.300000000,20.687122323259032,29.353836877308204,-0.007872272662369227,1,
402.400000000,20.762119999295653,29.35324646295683,-0.007872272662369345,1,
402.500000000,20.837117675332273,29.352656048605454,-0.007872272662369463,1,
402.600000000,20.912115351368893,29.352065634254078,-0.00787227266236958,1,
402.700000000,20.987113027405513,29.351475219902703,-0.007872272662369699,1,
402.800000000,21.062110703442134,29.350884805551328,-0.007872272662369817,1,
402.900000000,21.137108379478754,29.350294391199952,-0.007872272662369935,1,
403.000000000,21.212106055515374,29.349703976848577,-0.007872272662370053,1,
403.100000000,21.287103731551994,29.3491135624972,-0.00787227266237017,1,
403.200000000,21.362101407588614,29.348523148145826,-0.007872272662370288,1,
403.300000000,21.437099083625235,29.34793273379445,-0.007872272662370406,1,
403.400000000,21.512096759661855,29.347342319443076,-0.007872272662370524,1,
403.500000000,21.587094435698475,29.3467519050917,-0.007872272662370642,1,
403.600000000,21.662092111735095,29.346161490740325,-0.00787227266237076,1,
403.700000000,21.737089787771716,29.34557107638895,-0.007872272662370878,1,
403.800000000,21.812087463808336,29.344980662037575,-0.007872272662370996,1,
403.900000000,21.887085139844956,29.3443902476862,-0.007872272662371114,1,
404.000000000,21.962082815881576,29.343799833334824,-0.007872272662371232,1,
404.100000000,22.037080491918196,29.34320941898345,-0.00787227266237135,1,
404.200000000,22.112078167954817,29.342619004632073,-0.007872272662371468,1,
404.300000000,22.187075843991437,29.342028590280698,-0.007872272662371586,1,
404.400000000,22.262073520028057,29.341438175929323,-0.007872272662371704,1,
404.500000000,22.337071196064677,29.340847761577947,-0.007872272662371822,1,
404.600000000,22.412068872101298,29.340257347226572,-0.00787227266237194,1,
404.700000000,22.487066548137918,29.339666932875197,-0.007872272662372058,1,
404.800000000,22.562064224174538,29.33907651852382,-0.007872272662372176,1,
404.900000000,22.637061900211158,29.338486104172446,-0.007872272662372294,1,
405.000000000,22.71205957624778,29.33789568982107,-0.007872272662372412,1,
405.100000000,22.7870572522844,29.337305275469696,-0.00787227266237253,1,
405.200000000,22.86205492832102,29.33671486111832,-0.007872272662372648,1,
405.300000000,22.93705260435764,29.336124446766945,-0.007872272662372766,1,
405.400000000,23.01205028039426,29.33553403241557,-0.007872272662372884,1,
405.500000000,23.08704795643088,29.334943618064194,-0.007872272662373002,1,
405.600000000,23.1620456324675,29.33435320371282,-0.00787227266237312,1,
405.700000000,23.23704330850412,29.333762789361444,-0.007872272662373237,1,
405.800000000,23.31204098454074,29.33317237501007,-0.007872272662373355,1,
405.900000000,23.38703866057736,29.332581960658693,-0.007872272662373473,1,
406.000000000,23.46203633661398,29.331991546307318,-0.007872272662373591,1,
406.100000000,23.5370340126506,29.331401131955943,-0.00787227266237371,1,
406.200000000,23.61203168868722,29.330810717604567,-0.007872272662373827,1,
406.300000000,23.68702936472384,29.330220303253192,-0.007872272662373945,1,
406.400000000,23.76202704076046,29.329629888901817,-0.007872272662374063,1,
406.500000000,23.83702471679708,29.32903947455044,-0.007872272662374181,1,
406.600000000,23.912022392833702,29.328449060199066,-0.007872272662374299,1,
406.700000000,23.987020068870322,29.32785864584769,-0.007872272662374417,1,
406.800000000,24.062017744906942,29.327268231496316,-0.007872272662374535,1,
406.900000000,24.137015420943563,29.32667781714494,-0.007872272662374653,1,
407.000000000,24.212013096980183,29.326087402793565,-0.007872272662374771,1,
407.100000000,24.287010773016803,29.32549698844219,-0.007872272662374889,1,
407.200000000,24.362008449053423,29.324906574090814,-0.007872272662375007,1,
407.300000000,24.437006125090043,29.32431615973944,-0.007872272662375125,1,
407.400000000,24.512003801126664,29.323725745388064,-0.007872272662375243,1,
407.500000000,24.587001477163284,29.32313533103669,-0.00787227266237536,1,
407.600000000,24.661999153199904,29.322544916685313,-0.007872272662375479,1,
407.700000000,24.736996829236524,29.321954502333938,-0.007872272662375597,1,
407.800000000,24.811994505273145,29.321364087982563,-0.007872272662375715,1,
407.900000000,24.886992181309765,29.320773673631187,-0.007872272662375833,1,
408.000000000,24.961989857346385,29.320183259279812,-0.00787227266237595,1,
408.100000000,25.036987533383005,29.319592844928437,-0.007872272662376069,1,
408.200000000,25.111985209419625,29.31900243057706,-0.007872272662376186,1,
408.300000000,25.186982885456246,29.318412016225686,-0.007872272662376304,1,
408.400000000,25.261980561492866,29.31782160187431,-0.007872272662376422,1,
408.500000000,25.336978237529486,29.317231187522935,-0.00787227266237654,1,
408.600000000,25.411975913566106,29.31664077317156,-0.007872272662376658,1,
408.700000000,25.486973589602727,29.316050358820185,-0.007872272662376776,1,
408.800000000,25.561971265639347,29.31545994446881,-0.007872272662376894,1,
408.900000000,25.636968941675967,29.314869530117434,-0.007872272662377012,1,
409.000000000,25.711966617712587,29.31427911576606,-0.00787227266237713,1,
409.100000000,25.786964293749207,29.313688701414684,-0.007872272662377248,1,
409.200000000,25.861961969785828,29.31309828706331,-0.007872272662377366,1,
409.300000000,25.936959645822448,29.312507872711933,-0.007872272662377484,1,
409.400000000,26.011957321859068,29.311917458360558,-0.007872272662377602,1,
409.500000000,26.08695499789569,29.311327044009182,-0.00787227266237772,1,
409.600000000,26.16195267393231,29.310736629657807,-0.007872272662377838,1,
409.700000000,26.23695034996893,29.310146215306432,-0.007872272662377956,1,
409.800000000,26.31194802600555,29.309555800955057,-0.007872272662378074,1,
409.900000000,26.38694570204217,29.30896538660368,-0.007872272662378192,1,
410.000000000,26.46194337807879,29.308374972252306,-0.00787227266237831,1,
410.100000000,26.53694105411541,29.30778455790093,-0.007872272662378428,1,
410.200000000,26.61193873015203,29.307194143549555,-0.007872272662378546,1,
410.300000000,26.68693640618865,29.30660372919818,-0.007872272662378664,1,
410.400000000,26.76193408222527,29.306013314846805,-0.007872272662378782,1,
410.500000000,26.83693175826189,29.30542290049543,-0.0078722726623789,1,
410.600000000,26.91192943429851,29.304832486144054,-0.007872272662379018,1,
410.700000000,26.98692711033513,29.30424207179268,-0.007872272662379136,1,
410.800000000,27.06192478637175,29.303651657441304,-0.007872272662379253,1,
410.900000000,27.13692246240837,29.303061243089928,-0.007872272662379368,1,
411.000000000,27.21192013844499,29.302470828738553,-0.007872272662379486,1,
411.100000000,27.286917814481612,29.301880414387178,-0.03239600016504932,1,
411.200000000,27.344806646056966,29.30000439144811,-0.0744767781120241,1,
411.300000000,27.395451325798934,29.296225549472524,-0.12369131530185512,1,
411.400000000,27.446628633147444,29.289862879222245,-0.17212000195656757,1,
411.500000000,27.497437922859653,29.28103018772425,-0.22054868861128,1,
411.600000000,27.547760053281685,29.269748186574375,-0.2689773752659924,1,
411.700000000,27.597477025089425,29.256043330704063,-0.3174060619207049,1,
411.800000000,27.646472257982694,29.23994775634674,-0.36583474857541737,1,
411.900000000,27.69463086405198,29.22149920568223,-0.4142634352301299,1,
412.000000000,27.741839917176733,29.200740938335887,-0.4626921218848423,1,
412.100000000,27.78798871782348,29.17772162994001,-0.511120808539555,1,
412.200000000,27.83296905262289,29.15249525799534,-0.5595494951942672,1,
412.300000000,27.890599605611584,29.116399967328054,-0.5915483875110938,1,
412.400000000,27.95285547217858,29.07457644430581,-0.6150747502301614,1,
412.500000000,28.01411024594133,29.031299976205066,-0.6375870175994867,1,
412.600000000,28.074375329202464,28.98665560657654,-0.6600992849688119,1,
412.700000000,28.133620180776184,28.94066596032863,-0.6826115523381372,1,
412.800000000,28.191814776510487,28.89335434413006,-0.7051238197074624,1,
412.900000000,28.248929624502846,28.844744734598514,-0.7276360870767876,1,
413.000000000,28.30493578004614,28.794861766149747,-0.7501483544461128,1,
413.100000000,28.35980486029726,28.743730718513344,-0.7726606218154378,1,
413.200000000,28.413509058661006,28.691377503921426,-0.7951728891847631,1,
413.300000000,28.46602115888193,28.63782865397684,-0.7996763897709549,1,
413.400000000,28.518291570129268,28.584043859582568,-0.8012230189095252,1,
413.500000000,28.57047873376254,28.53017828660767,-0.8027696480480953,1,
413.600000000,28.622582524946846,28.476232063901886,-0.8043162771866652,1,
413.700000000,28.674602819046736,28.42220532050789,-0.8058629063252358,1,
413.800000000,28.726539491626482,28.368098185660955,-0.8074095354638061,1,
413.900000000,28.77839241845038,28.31391078878866,-0.8089561646023758,1,
414.000000000,28.83016147548306,28.25964325951058,-0.8105027937409461,1,
414.100000000,28.88184653888976,28.205295727637964,-0.8120494228795164,1,
414.200000000,28.933447485036652,28.150868323173434,-0.8135960520180865,1,
414.300000000,28.984964190491112,28.096361176310676,-0.815142681156657,1,
414.400000000,29.036396532022028,28.04177441743412,-0.8135960520180866,1,
414.500000000,29.08791323747649,27.987267270571362,-0.8120494228795169,1,
414.600000000,29.13951418362338,27.932839866106832,-0.8105027937409468,1,
414.700000000,29.19119924703008,27.878492334234213,-0.8089561646023767,1,
414.800000000,29.24296830406276,27.82422480495613,-0.8074095354638069,1,
414.900000000,29.294821230886658,27.770037408083837,-0.805862906325237,1,
415.000000000,29.346757903466404,27.715930273236904,-0.804316277186667,1,
415.100000000,29.398778197566294,27.661903529842906,-0.8027696480480973,1,
415.200000000,29.450881988750602,27.607957307137124,-0.8012230189095269,1,
415.300000000,29.503069152383873,27.554091734162224,-0.7996763897709575,1,
415.400000000,29.55533956363121,27.500306939767952,-0.8190363503454436,1,
415.500000000,29.606558973044397,27.445520334658998,-0.8435600778481135,1,
415.600000000,29.65641954410985,27.389494238480278,-0.8680838053507834,1,
415.700000000,29.70489129152428,27.3322623443775,-0.8926075328534531,1,
415.800000000,29.751945065199436,27.27385907064283,-0.9171312603561228,1,
415.900000000,29.79755256779246,27.2143195400163,-0.9416549878587929,1,
416.000000000,29.84168637172344,27.153679558563617,-0.9661787153614628,1,
416.100000000,29.88431993566989,27.091975594142973,-0.9907024428641327,1,
416.200000000,29.925427620528247,27.029244754473908,-1.0152261703668024,1,
416.300000000,29.9649847048328,26.965524764821346,-1.0397498978694721,1,
416.400000000,30.002967399622765,26.90085394530827,-1.064273625372142,1,
416.500000000,30.039352862748547,26.835271187870646,-1.0887973528748116,1,
416.600000000,30.07411921260864,26.76881593286846,-1.1133210803774811,1,
416.700000000,30.10724554130884,26.701528145366964,-1.1378448078801513,1,
416.800000000,30.138711927235903,26.633448291102365,-1.1623685353828208,1,
416.900000000,30.16849944703807,26.564617312146407,-1.18689226288549,1,
417.000000000,30.19640094803284,26.495545077393725,-1.2123975156109972,1,
417.100000000,30.222531860499945,26.425783750104696,-1.2379027683365043,1,
417.200000000,30.24687518673412,26.355378708812562,-1.2634080210620104,1,
417.300000000,30.269415091823937,26.28437575077536,-1.2889132737875173,1,
417.400000000,30.289813849387368,26.213936639000394,-1.3153148983151615,1,
417.500000000,30.307924821591225,26.144596147244552,-1.3411164859217237,1,
417.600000000,30.323481983475588,26.07805729274173,-1.3657179996861195,1,
417.700000000,30.337058239895352,26.012787623629123,-1.3897194765294332,1,
417.800000000,30.34876401980981,25.948850351896635,-1.4131209164516632,1,
417.900000000,30.358447097403285,25.88794866237905,-1.435322282531728,1,
418.000000000,30.36655069902081,25.82849841729272,-1.45692361169071,1,
418.100000000,30.37317892766669,25.77054287948316,-1.4779249039286086,1,
418.200000000,30.37843407965092,25.714120415085247,-1.4983261592454253,1,
418.300000000,30.382416450876466,25.659264779828494,-1.5181273776411588,1,
418.400000000,30.385224162970353,25.606005403215146,-1.5309315781102446,1,
418.500000000,30.387283296156134,25.554379785398332,-1.5433356473146722,1,
418.600000000,30.388656157571702,25.504398636436612,-1.5553395852544403,1,
418.700000000,30.389403203665758,25.456071076667424,-1.5669433919295497,1,
418.800000000,30.38958300684794,25.40940475638616,-1.5781470673399998,1,
418.900000000,30.389227724254468,25.361072728853788,-1.5881564194755888,1,
419.000000000,30.388417627287666,25.314413094042933,-1.5978206215375363,1,
419.100000000,30.387201682040196,25.269429525074308,-1.6071396735258432,1,
419.200000000,30.38568770926345,25.227790372855004,-1.6221405965529143,1,
419.300000000,30.383720376913402,25.189507556241427,-1.6332774593808739,1,
419.400000000,30.381430892380695,25.152912437645924,-1.6445575989213828,1,
419.500000000,30.378483116200027,25.113021202824367,-1.6515387164690187,1,
419.600000000,30.37539135319173,25.07481275551301,-1.6588511908788408,1,
419.700000000,30.372313414098205,25.039948356895845,-1.6660993424253012,1,
419.800000000,30.36898285562306,25.005107183261142,-1.6745020989831394,1,
419.900000000,30.36501458966642,24.966979800584884,-1.676913827891766,1,
420.000000000,30.36113091317796,24.930519390529902,-1.679799557138691,1,
420.100000000,30.357323350636374,24.895727114555314,-1.6831080312261633,1,
420.200000000,30.353587492697024,24.862603792309983,-1.6878520670774337,1,
420.300000000,30.349694539158147,24.829498565776166,-1.6894240271715515,1,
420.400000000,30.345946799795673,24.798054453013222,-1.6914163249656349,1,
420.500000000,30.3423369680823,24.76827242630245,-1.6966521631263616,1,
420.600000000,30.338571252689285,24.738509708221287,-1.6961808854671905,1,
420.700000000,30.335027991355336,24.710398801496368,-1.6979634677040016,1,
420.800000000,30.325942660999086,24.639340326854324,-1.7263265355660584,1,
420.900000000,30.322070062750424,24.614642088398828,-1.7278994022455985,1,
421.000000000,30.31841938497028,24.591596112693946,-1.7271661227054245,1,
421.100000000,30.314785607312572,24.568547466217876,-1.7264328431652514,1,
421.200000000,30.31142707998699,24.54714268313914,-1.7257519407350912,1,
421.300000000,30.308083128007652,24.525735618193092,-1.7250710383049301,1,
421.400000000,30.304753752924906,24.50432628130465,-1.72336583465902,1,
421.500000000,30.301714187096593,24.484558604668905,-1.7217918005243336,1,
421.600000000,30.298204332172276,24.461490762055114,-1.7199554273672002,1,
421.700000000,30.294984522013703,24.440064673588314,-1.7182502237212889,1,
421.800000000,30.29180125236275,24.41863312584267,-1.7165450200753793,1,
421.900000000,30.28792836634763,24.392249193894894,-1.7144463078957974,1,
422.000000000,30.284110861100423,24.36585719198525,-1.7123475957162153,1,
422.100000000,30.280583885164727,24.341107233586314,-1.7103800530478577,1,
422.200000000,30.277105612623657,24.316350383622513,-1.7084125103794998,1,
422.300000000,30.273904693987802,24.29323764764576,-1.706576137222367,1,
422.400000000,30.2707462243332,24.27011907256239,-1.7047397640652322,1,
422.500000000,30.267852786455492,24.248646474636377,-1.7030345604193227,1,
422.600000000,30.26499596791896,24.227168974030075,-1.7013293567734116,1,
422.700000000,30.26217577703043,24.205686633194013,-1.6996241531275016,1,
422.800000000,30.259392221990222,24.184199514592798,-1.6979189494815916,1,
422.900000000,30.256645310892136,24.16270768070493,-1.696213745835681,1,
423.000000000,30.253935051723417,24.141211194022617,-1.694508542189771,1,
423.100000000,30.251261452364734,24.119710117051596,-1.6928033385438608,1,
423.200000000,30.248624520590162,24.098204512310954,-1.6900662020140222,1,
423.300000000,30.24604646239625,24.076691770496083,-1.6873290654841844,1,
423.400000000,30.243527297097586,24.05517205277855,-1.6849370432175976,1,
423.500000000,30.240300327678742,24.02702308394934,-1.6818090140997521,1,
423.600000000,30.237346066049508,24.00052056615693,-1.6788649866947218,1,
423.700000000,30.234649605299,23.975666409574558,-1.6761049610025063,1,
423.800000000,30.23114580202379,23.94251773729768,-1.6724249267462177,1,
423.900000000,30.227933100026917,23.911014462489227,-1.668928894202744,1,
424.000000000,30.2246672620121,23.877841500409062,-1.665248859946456,1,
424.100000000,30.22152352347261,23.844656744584942,-1.6615688256901677,1,
424.200000000,30.218653006807433,23.813120449433914,-1.6580727931466945,1,
424.300000000,30.215892759373876,23.781574311605596,-1.6545767606032205,1,
424.400000000,30.213242814908323,23.750018716664172,-1.651583379285984,1,
424.500000000,30.210821838776244,23.720116561648723,-1.6492223280839544,1,
424.600000000,30.20860204589726,23.691870317697497,-1.6469924463931487,1,
424.700000000,30.206572114951236,23.665281024900104,-1.6448937342135668,1,
424.800000000,30.2045979917074,23.63868753042252,-1.6427950220339858,1,
424.900000000,30.202799579038853,23.613752300087235,-1.6408274793656275,1,
425.000000000,30.20105023094931,23.588813579565493,-1.6388599366972696,1,
425.100000000,30.19946330599345,23.565534273011625,-1.6370235635401356,1,
425.200000000,30.197919133183003,23.542252091525004,-1.6351871903830015,1,
425.300000000,30.19652496168659,23.520630326326874,-1.633481986737091,1,
425.400000000,30.19516766171208,23.499006215218586,-1.632118835614824,1,
425.500000000,30.193839839920823,23.477380273996637,-1.6307556844925564,1,
425.600000000,30.19254149878015,23.45575254284594,-1.6293925333702897,1,
425.700000000,30.191272640702614,23.434123061954722,-1.6280293822480219,1,
425.800000000,30.19003326804598,23.41249187151447,-1.6266662311257545,1,
425.900000000,30.18891645118498,23.39252307785789,-1.6254079377821231,1,
426.000000000,30.187733787686337,23.370888712799186,-1.624044786659856,1,
426.100000000,30.186669321686367,23.350917060085028,-1.6227864933162244,1,
426.200000000,30.185543375472935,23.32927966907851,-1.621423342193957,1,
426.300000000,30.18444692533031,23.307640763340714,-1.6200601910716896,1,
426.400000000,30.183379973295892,23.286000383080637,-1.6190384170105132,1,
426.500000000,30.18209401649333,23.259364741053215,-1.61778084893522,1,
426.600000000,30.180841556831872,23.232727502909828,-1.616523280859926,1,
426.700000000,30.17962259629226,23.206088710776662,-1.6152657127846324,1,
426.800000000,30.178437136802245,23.179448406782363,-1.6140081447093384,1,
426.900000000,30.17735717752196,23.15447174391574,-1.612829174638751,1,
427.000000000,30.176236631603487,23.12782863058498,-1.6115716065634567,1,
427.100000000,30.175149592090992,23.101184129159556,-1.6103140384881633,1,
427.200000000,30.174096060703604,23.07453828177714,-1.6090564704128694,1,
427.300000000,30.17313979045722,23.04955657752751,-1.6066932746361036,1,
427.400000000,30.1722425594841,23.024572683183738,-1.6039332489438878,1,
427.500000000,30.171359069934287,22.997920655918886,-1.6009892215388577,1,
427.600000000,30.17060436224451,22.972932050189414,-1.5982291958466412,1,
427.700000000,30.169918626535576,22.947941456628286,-1.5954691701544252,1,
427.800000000,30.16806835102257,22.87296428356524,-1.5855267236926767,1,
427.900000000,30.166963611208168,22.797972420340336,-1.575584277230929,1,
428.000000000,30.16660451629748,22.722973280006297,-1.5656418307691808,1,
428.100000000,30.16699110178755,22.647974276335187,-1.555699384307433,1,
428.200000000,30.16812332946385,22.572982823085574,-1.5457569378456846,1,
428.300000000,30.17000108740406,22.498006333269647,-1.5358144913839369,1,
428.400000000,30.172624189989126,22.423052218420437,-1.5258720449221883,1,
428.500000000,30.175992377921613,22.34812788785919,-1.5159295984604402,1,
428.600000000,30.180105318251336,22.273240747962916,-1.5059871519986923,1,
428.700000000,30.184962604408273,22.198398201432287,-1.496044705536944,1,
428.800000000,30.190563756242756,22.12360764655985,-1.4861022590751958,1,
428.900000000,30.19690822007293,22.048876476498705,-1.4761598126134479,1,
429.000000000,30.203418326066167,21.98029132786483,-1.4450532382299297,1,
429.100000000,30.209984639518186,21.928346766761802,-1.397411178416078,1,
429.200000000,30.21625075029667,21.892569809116864,-1.333732726326595,1,
429.300000000,30.220279858719586,21.87589349686208,-1.250888865318299,1,
429.400000000,30.22076624072369,21.874425336524563,-1.1524354946308926,1,
429.500000000,30.22076624072369,21.874425336524563,-1.0524354946308925,1,
429.600000000,30.22076624072369,21.874425336524563,-0.9524354946308923,1,
429.700000000,30.22076624072369,21.874425336524563,-0.8524354946308923,1,
429.800000000,30.22076624072369,21.874425336524563,-0.7524354946308923,1,
429.900000000,30.22076624072369,21.874425336524563,-0.6524354946308922,1,
430.000000000,30.22076624072369,21.874425336524563,-0.5524354946308925,1,
430.100000000,30.22076624072369,21.874425336524563,-0.45243549463089233,1,
430.200000000,30.22076624072369,21.874425336524563,-0.35243549463089247,1,
430.300000000,30.2437826125633,21.865960122793616,-0.2769592222466062,1,
430.400000000,30.272835193189156,21.857701491550703,-0.20716282188354188,1,
430.500000000,30.30327665982219,21.851303360144758,-0.13826939636961888,1,
430.600000000,30.334086353381302,21.84701596477562,-0.06937597085569593,1,
430.700000000,30.365118099521663,21.84485964667803,-0.0004825453417729719,1,
430.800000000,30.396224670386157,21.844844636345996,0.06841088017214998,1,
430.900000000,30.42725848311722,21.84697100499494,0.1373043056860729,1,
431.000000000,30.458072300052947,21.85122866422384,0.2061977311999959,1,
431.100000000,30.488519927285445,21.857597413878896,0.27509115671391887,1,
431.200000000,30.51845690826717,21.8660470378917,0.34398458222784184,1,
431.300000000,30.547741209174482,21.876537447637165,0.412878007741765,1,
431.400000000,30.576233892776777,21.889018872131086,0.48177143325568783,1,
431.500000000,30.603799777614032,21.903432094164934,0.5506648587696107,1,
431.600000000,30.630308079355398,21.919708731257607,0.6195582842835335,1,
431.700000000,30.655633031295917,21.937771560091107,0.6884517097974565,1,
431.800000000,30.679654481047486,21.95753488289095,0.7573451353113797,1,
431.900000000,30.7022584605931,21.978904934013006,0.8262385608253026,1,
432.000000000,30.70899592636264,21.98621648648693,0.9162961142162075,1,
432.100000000,30.70993745677192,21.98744350837711,1.0147494849036136,1,
432.200000000,30.70993745677192,21.98744350837711,1.114749484903614,1,
432.300000000,30.70993745677192,21.98744350837711,1.214749484903614,1,
432.400000000,30.70993745677192,21.98744350837711,1.314749484903614,1,
432.500000000,30.70993745677192,21.98744350837711,1.414749484903614,1,
432.600000000,30.70993745677192,21.98744350837711,1.514749484903614,1,
432.700000000,30.70993745677192,21.98744350837711,1.6147494849036146,1,
432.800000000,30.70993745677192,21.98744350837711,1.7147494849036153,1,
432.900000000,30.70993745677192,21.98744350837711,1.8147494849036145,1,
433.000000000,30.70993745677192,21.98744350837711,1.9147494849036146,1,
433.100000000,30.70993745677192,21.98744350837711,2.0147494849036147,1,
433.200000000,30.70993745677192,21.98744350837711,2.114749484903615,1,
433.300000000,30.70993745677192,21.98744350837711,2.214749484903615,1,
433.400000000,30.70993745677192,21.98744350837711,2.314749484903615,1,
433.500000000,30.70993745677192,21.98744350837711,2.414749484903615,1,
433.600000000,30.70993745677192,21.98744350837711,2.514749484903615,1,
433.700000000,30.70993745677192,21.98744350837711,2.6147494849036153,1,
433.800000000,30.70993745677192,21.98744350837711,2.7147494849036153,1,
433.900000000,30.70993745677192,21.98744350837711,2.8147494849036154,1,
434.000000000,30.70993745677192,21.98744350837711,2.9147494849036155,1,
434.100000000,30.70993745677192,21.98744350837711,3.0147494849036156,1,
434.200000000,30.70993745677192,21.98744350837711,3.1147494849036157,1,
434.300000000,30.68542256398161,21.988101723880842,-3.092959549891684,1,
434.400000000,30.643391540416495,21.986056011673867,-3.035040327930655,1,
434.500000000,30.599955753018108,21.9814102323939,-2.9787238590612324,1,
434.600000000,30.556850322295954,21.97432696095383,-2.9224073901918097,1,
434.700000000,30.514211922920698,21.964828656328677,-2.866090921322387,1,
434.800000000,30.472175748743663,21.952945434854932,-2.8097744524529644,1,
434.900000000,30.430875084136805,21.938714974740517,-2.7534579835835418,1,
435.000000000,30.390440881387082,21.92218239659824,-2.697141514714119,1,
435.100000000,30.351001345485184,21.90340012038158,-2.6408250458446965,1,
435.200000000,30.31268152762513,21.882427699176375,-2.584508576975274,1,
435.300000000,30.275602928703638,21.859331630375493,-2.528192108105851,1,
435.400000000,30.226918982359166,21.825058491906624,-2.4877301182521236,1,
435.500000000,30.16738845895674,21.77943923299733,-2.463206390749454,1,
435.600000000,30.10899447801757,21.732373927409498,-2.440694123380129,1,
435.700000000,30.05167475080067,21.68400607784204,-2.4181818560108037,1,
435.800000000,29.995458325842023,21.634360196191405,-2.3956695886414785,1,
435.900000000,29.940373692545226,21.58346144203615,-2.3731573212721533,1,
436.000000000,29.88644876674362,21.53133560988652,-2.350645053902828,1,
436.100000000,29.83371087655308,21.47800911611231,-2.328132786533503,1,
436.200000000,29.782186748522655,21.42350898555555,-2.3056205191641777,1,
436.300000000,29.73190249409005,21.36786283783482,-2.2831082517948524,1,
436.400000000,29.682883596348873,21.311098873348186,-2.2861551265006,1,
436.500000000,29.633691973719657,21.254484526552478,-2.2934510922196663,1,
436.600000000,29.58408860767825,21.198230583780774,-2.3007470579387324,1,
436.700000000,29.534076138655458,21.142340039479933,-2.3078302115448213,1,
436.800000000,29.48366904621672,21.08680514025546,-2.314651026128462,1,
436.900000000,29.4328843360175,21.03161534763054,-2.321340671200879,1,
437.000000000,29.38173156478566,20.97676651906235,-2.3277679772508484,1,
437.100000000,29.330227322336892,20.922247595652415,-2.334064113789594,1,
437.200000000,29.278380844415356,20.868054028440692,-2.3400979113058917,1,
437.300000000,29.227367708692,20.815371604792496,-2.345869369799742,1,
437.400000000,29.17721765027804,20.764175093659535,-2.3515096587823683,1,
437.500000000,29.129125582509037,20.715630295151907,-2.3568876087425465,1,
437.600000000,29.0819524678342,20.66852252831544,-2.362134389191501,1,
437.700000000,29.035718330197863,20.622834406040344,-2.3672500001292316,1,
437.800000000,28.991634012001835,20.579714217416345,-2.3721032720445145,1,
437.900000000,28.94853804987157,20.537968103249078,-2.3768253744485737,1,
438.000000000,28.90524543952924,20.4964259573037,-2.3777679297669163,1,
438.100000000,28.863117352288366,20.456077449980587,-2.378684302993083,1,
438.200000000,28.823361739525684,20.418070986663622,-2.3795483120348973,1,
438.300000000,28.784779013855346,20.38124955643214,-2.380386138984535,1,
438.400000000,28.740132082663745,20.33871216919514,-2.3794174015740164,1,
438.500000000,28.703965296698737,20.304187343446685,-2.3786319388087307,1,
438.600000000,28.669030295080827,20.270785894779483,-2.3778726581356215,1,
438.700000000,28.63532444496628,20.238510618702687,-2.3771395595546885,1,
438.800000000,28.60284519986961,20.207364212201288,-2.3764326430659315,1,
438.900000000,28.56798374234489,20.173886011975423,-2.3756733623928223,1,
439.000000000,28.53795268361401,20.145002684213313,-2.3750188100884175,1,
439.100000000,28.505539565231736,20.113787467463517,-2.3743118935996606,1,
439.200000000,28.4743481897844,20.083706312640587,-2.3736311592030797,1,
439.300000000,28.44077953799736,20.051288363985897,-2.3728980606221466,1,
439.400000000,28.40843269210997,20.02000447738053,-2.3721911441333896,1,
439.500000000,28.382094029159774,19.994495277502047,-2.3716151381055135,1,
439.600000000,28.356966607900514,19.97013110912183,-2.3710653141698135,1,
439.700000000,28.33424439800913,19.948074841182088,-2.370567854418466,1,
439.800000000,28.309142506721212,19.923684370629644,-2.370018030482766,1,
439.900000000,28.286443408456112,19.90160431819019,-2.3695205707314186,1,
440.000000000,28.249425963345303,19.8655605503251,-2.368708925873957,1,
440.100000000,28.21363095220119,19.83065042031685,-2.367923463108671,1,
440.200000000,28.182632383303112,19.80037061674997,-2.3672427287120903,1,
440.300000000,28.15403735325988,19.772400556742408,-2.3672427287120903,1,
440.400000000,28.126633782801783,19.745595915901827,-2.3672427287120903,1,
440.500000000,28.100421671928817,19.71995669422823,-2.3672427287120903,1,
440.600000000,28.07301810147072,19.69315205338765,-2.3672427287120903,1,
440.700000000,28.046805990597754,19.667512831714053,-2.3672427287120903,1,
440.800000000,28.02297679889506,19.644204448374417,-2.3672427287120903,1,
440.900000000,28.0003390667775,19.622061484201765,-2.3672427287120903,1,
441.000000000,27.976509875074804,19.59875310086213,-2.3672427287120903,1,
441.100000000,27.953872142957245,19.576610136689478,-2.3672427287120903,1,
441.200000000,27.93004295125455,19.553301753349842,-2.3672427287120903,1,
441.300000000,27.903830840381584,19.527662531676246,-2.3672427287120903,1,
441.400000000,27.88000164867889,19.50435414833661,-2.3672427287120903,1,
441.500000000,27.85736391656133,19.48221118416396,-2.3672427287120903,1,
441.600000000,27.833534724858634,19.458902800824323,-2.3672427287120903,1,
441.700000000,27.812088452326208,19.43792525581865,-2.3672427287120903,1,
441.800000000,27.77991904352757,19.406458938310145,-2.3672427287120903,1,
441.900000000,27.74894109431407,19.37615803996862,-2.3672427287120903,1,
442.000000000,27.719154604685702,19.347022560794077,-2.3672427287120903,1,
442.100000000,27.69055957464247,19.319052500786515,-2.3672427287120903,1,
442.200000000,27.65958162542897,19.28875160244499,-2.3672427287120903,1,
442.300000000,27.629795135800602,19.259616123270447,-2.3672427287120903,1,
442.400000000,27.5988171865871,19.22931522492892,-2.3672427287120903,1,
442.500000000,27.57022215654387,19.20134516492136,-2.3672427287120903,1,
442.600000000,27.542818586085772,19.17454052408078,-2.3672427287120903,1,
442.700000000,27.516606475212807,19.148901302407182,-2.3672427287120903,1,
442.800000000,27.48443706641417,19.117434984898676,-2.3672427287120903,1,
442.900000000,27.45345911720067,19.08713408655715,-2.3672427287120903,1,
443.000000000,27.42248116798717,19.056833188215624,-2.3672427287120903,1,
443.100000000,27.3926946783588,19.02769770904108,-2.3672427287120903,1,
443.200000000,27.362908188730433,18.99856222986654,-2.3672427287120903,1,
443.300000000,27.334313158687202,18.97059216985898,-2.3672427287120903,1,
443.400000000,27.306909588229104,18.943787529018397,-2.3672427287120903,1,
443.500000000,27.28069747735614,18.9181483073448,-2.3672427287120903,1,
443.600000000,27.2485280685575,18.886681989836294,-2.3672427287120903,1,
443.700000000,27.217550119344,18.856381091494768,-2.3672427287120903,1,
443.800000000,27.187763629715633,18.827245612320226,-2.3672427287120903,1,
443.900000000,27.1591685996724,18.799275552312665,-2.3659856780717936,1,
444.000000000,27.10561888527604,18.74676433362496,-2.3614821774856023,1,
444.100000000,27.05230619741826,18.694012487084965,-2.356978676899411,1,
444.200000000,26.999231617359452,18.641021082578373,-2.3524751763132197,1,
444.300000000,26.94639622153082,18.58779119484947,-2.3479716757270284,1,
444.400000000,26.893801081512557,18.53432390347933,-2.3355127376415976,1,
444.500000000,26.841876151924584,18.480205499148788,-2.321839864055577,1,
444.600000000,26.79069600692404,18.42538221251142,-2.308166990469557,1,
444.700000000,26.740270214360596,18.3698642924824,-2.294494116883537,1,
444.800000000,26.690608201061835,18.31366211783485,-2.280821243297517,1,
444.900000000,26.64171925107097,18.256786195259554,-2.2671483697114967,1,
445.000000000,26.593612503911228,18.199247157400823,-2.2534754961254766,1,
445.100000000,26.546296952877274,18.141055760868745,-2.2398026225394565,1,
445.200000000,26.499781443353964,18.082222884228326,-2.2261297489534364,1,
445.300000000,26.45407467116274,18.022759525965782,-2.2124568753674163,1,
445.400000000,26.409185180936007,17.96267680243244,-2.197597463944182,1,
445.500000000,26.36519340751876,17.90193370511591,-2.182738052520948,1,
445.600000000,26.32210906420857,17.840543645973327,-2.167878641097714,1,
445.700000000,26.27994166394421,17.77852017980974,-2.15301922967448,1,
445.800000000,26.23870051720523,17.715877001285225,-2.138159818251246,1,
445.900000000,26.198394729956206,17.65262794189114,-2.1233004068280117,1,
446.000000000,26.159033201636166,17.58878696689615,-2.1084409954047776,1,
446.100000000,26.120624623193613,17.524368172262736,-2.093581583981544,1,
446.200000000,26.083177475167584,17.459385781534813,-2.0787221725583094,1,
446.300000000,26.046700025815156,17.39385414269722,-2.0638627611350753,1,
446.400000000,26.011200329285835,17.3277877250077,-2.0423822576389603,1,
446.500000000,25.977127853219102,17.26097405593705,-2.019869990269636,1,
446.600000000,25.944568010926446,17.19341033290555,-1.9973577229003099,1,
446.700000000,25.913537303110093,17.125130795909346,-1.9748454555309847,1,
446.800000000,25.884051455536305,17.056170047705347,-1.9523331881616597,1,
446.900000000,25.856125411065868,16.98656303627521,-1.9298209207923345,1,
447.000000000,25.829773322081333,16.916345037114375,-1.9073086534230104,1,
447.100000000,25.805008543314877,16.84555163535511,-1.8847963860536838,1,
447.200000000,25.781843625080352,16.774218707732675,-1.8622841186843584,1,
447.300000000,25.76029030691306,16.70238240440365,-1.8397718513150343,1,
447.400000000,25.74035951162036,16.63007913062576,-1.8172595839457082,1,
447.500000000,25.722061339746197,16.557345528308375,-1.794985858289789,1,
447.600000000,25.705758148151343,16.48584739041934,-1.7736805554884736,1,
447.700000000,25.691317656189337,16.415650643322298,-1.7528594641144617,1,
447.800000000,25.678945291489846,16.34844670715642,-1.7330067955950554,1,
447.900000000,25.668178621441996,16.282655193565947,-1.7136383385029508,1,
448.000000000,25.65892543251234,16.218317191618173,-1.6947540928381486,1,
448.100000000,25.65130093108061,16.157123689057073,-1.676838270027952,1,
448.200000000,25.644950332087863,16.09746071986819,-1.6594066586450582,1,
448.300000000,25.639788157642347,16.03935624729704,-1.642459258689467,1,
448.400000000,25.635850069134158,15.984497415201362,-1.624588675418485,1,
448.500000000,25.632982527269107,15.931241226376995,-1.6072596249738973,1,
448.600000000,25.631099007640472,15.879608903184513,-1.5904721073557024,1,
448.700000000,25.6301480729397,15.831284925344253,-1.5747676553902952,1,
448.800000000,25.629956125895472,15.782951973153814,-1.5590632034248866,1,
448.900000000,25.630503659089737,15.736288518661256,-1.5439002842858724,1,
449.000000000,25.631713835084028,15.691304794114895,-1.5292788979732508,1,
449.100000000,25.63351240686361,15.648008802183407,-1.515199044487023,1,
449.200000000,25.635827767044113,15.606406515968036,-1.5016607238271882,1,
449.300000000,25.638590988691742,15.566502072529666,-1.4886639359937472,1,
449.400000000,25.641735858480956,15.528297959682313,-1.4762086809866994,1,
449.500000000,25.64519890289139,15.491795195843723,-1.4642949588060454,1,
449.600000000,25.649273741953397,15.453679055810094,-1.4518397037989974,1,
449.700000000,25.653625205135956,15.417271512462385,-1.4399259816183434,1,
449.800000000,25.663412487225198,15.342912860583093,-1.4154022541156737,1,
449.900000000,25.675020194898572,15.26881656430204,-1.390878526613004,1,
450.000000000,25.68844134747721,15.195027183877341,-1.366354799110334,1,
450.100000000,25.69351685622053,15.170547820915932,-1.3627967722218808,1,
450.200000000,25.6986794308849,15.146086671661761,-1.3596385377643752,1,
450.300000000,25.703569913529503,15.123271597172572,-1.3566908522707033,1,
450.400000000,25.708527626494504,15.10047103738556,-1.3566908522707033,1,
450.500000000,25.713131217104863,15.079299089011906,-1.3566908522707033,1,
450.600000000,25.71773480771522,15.058127140638252,-1.3566908522707033,1,
450.700000000,25.72233839832558,15.036955192264598,-1.3566908522707033,1,
450.800000000,25.726941988935938,15.015783243890944,-1.3566908522707033,1,
450.900000000,25.731545579546296,14.99461129551729,-1.3566908522707033,1,
451.000000000,25.73579504780201,14.975067958556993,-1.3566908522707033,1,
451.100000000,25.740044516057726,14.955524621596696,-1.3566908522707033,1,
451.200000000,25.74429398431344,14.9359812846364,-1.3566908522707033,1,
451.300000000,25.748543452569155,14.916437947676103,-1.3566908522707033,1,
451.400000000,25.752438798470227,14.898523222129166,-1.3581337168941654,1,
451.500000000,25.75630829180176,14.880602894775338,-1.3595765815176288,1,
451.600000000,25.76050134566313,14.861047376390093,-1.3611506156523148,1,
451.700000000,25.764663613289432,14.841485282222877,-1.3627246497870011,1,
451.800000000,25.7687950843683,14.8219166607404,-1.364298683921688,1,
451.900000000,25.772895748663675,14.802341560425544,-1.365872718056374,1,
452.000000000,25.77696559601582,14.782760029777245,-1.3674467521910605,1,
452.100000000,25.781341201368477,14.761539791271463,-1.3691519558369702,1,
452.200000000,25.785346814458272,14.741945019933812,-1.3707259899716568,1,
452.300000000,25.789321579759736,14.722343967900866,-1.3723000241063432,1,
452.400000000,25.792936828452948,14.70437062408294,-1.3734534596713388,1,
452.500000000,25.796858117760884,14.684758803918472,-1.3747117530149695,1,
452.600000000,25.80075472654827,14.665142065148787,-1.3759700463586013,1,
452.700000000,25.8046266486456,14.645520438833106,-1.3772283397022327,1,
452.800000000,25.808473877922445,14.625893956038388,-1.3784866330458638,1,
452.900000000,25.812296408287487,14.60626264783928,-1.3797449263894954,1,
453.000000000,25.816094233688503,14.586626545318072,-1.3810032197331268,1,
453.100000000,25.81986734811239,14.566985679564642,-1.382261513076758,1,
453.200000000,25.82361574558517,14.547340081676412,-1.3835198064203895,1,
453.300000000,25.827339420171995,14.527689782758292,-1.3847780997640209,1,
453.400000000,25.83134661146093,14.506396899853003,-1.3875152362938592,1,
453.500000000,25.83529550628425,14.48509312849395,-1.390252372823697,1,
453.600000000,25.83888680053619,14.465418205226095,-1.392778960389702,1,
453.700000000,25.842428372961763,14.445734271047318,-1.395305547955707,1,
453.800000000,25.845920200952836,14.426041451612795,-1.3978321355217116,1,
453.900000000,25.849075423780004,14.407981670882618,-1.400148174123882,1,
454.000000000,25.852471846237695,14.388272172804562,-1.4026747616898863,1,
454.100000000,25.85553957564339,14.370197324329277,-1.4049908002920573,1,
454.200000000,25.858840512918256,14.35047160981478,-1.4075173878580618,1,
454.300000000,25.86182067696122,14.33238211746734,-1.4095414066990204,1,
454.400000000,25.86503181640516,14.312641585978255,-1.4117494272527933,1,
454.500000000,25.86846332257023,14.291248381218717,-1.4141414495193803,1,
454.600000000,25.87158362106985,14.271493287261125,-1.4163494700731538,1,
454.700000000,25.874660292345133,14.251731351782437,-1.4185574906269265,1,
454.800000000,25.877440568975302,14.233610061183509,-1.420581509467885,1,
454.900000000,25.880184162102008,14.21548318037444,-1.4226055283088437,1,
455.000000000,25.883629305499444,14.192405584498449,-1.4251815522882454,1,
455.100000000,25.88677315454917,14.170968218578238,-1.427573574554833,1,
455.200000000,25.889865715996994,14.149523393838086,-1.4299655968214207,1,
455.300000000,25.892906972147994,14.128071232980297,-1.4323576190880072,1,
455.400000000,25.89589690560081,14.106611858749154,-1.434749641354595,1,
455.500000000,25.898609453582587,14.08679666045475,-1.436957661908368,1,
455.600000000,25.90150064170915,14.065323759494207,-1.4393496841749553,1,
455.700000000,25.904340457956113,14.043844004185361,-1.4417417064415425,1,
455.800000000,25.907128886074712,14.022357517430383,-1.44413372870813,1,
455.900000000,25.909865910110206,14.000864422169961,-1.4465257509747176,1,
456.000000000,25.912344929456456,13.981018655289317,-1.448099785109404,1,
456.100000000,25.914996689361256,13.959514873904366,-1.4498049887553144,1,
456.200000000,25.91741061650667,13.939661084449035,-1.45137902289,1,
456.300000000,25.919793290132333,13.919803519986253,-1.4529530570246874,1,
456.400000000,25.921948753151415,13.901597337237405,-1.4552690956268581,1,
456.500000000,25.924062044205165,13.883386211186739,-1.457585134229029,1,
456.600000000,25.926321434480787,13.863514242095015,-1.460111721795033,1,
456.700000000,25.928346511424287,13.845293095740187,-1.462427760397204,1,
456.800000000,25.93050964306604,13.825410418317354,-1.4649543479632083,1,
456.900000000,25.93262253253135,13.805522339020765,-1.4674809355292129,1,
457.000000000,25.9346851663323,13.785628984808788,-1.4700075230952176,1,
457.100000000,25.93703292546335,13.762414065650905,-1.4729552085888895,1,
457.200000000,25.939149435731252,13.740851022527767,-1.4756923451187276,1,
457.300000000,25.941206917151472,13.7192822670085,-1.4780843673853152,1,
457.400000000,25.943058501126618,13.699368160531357,-1.4802923879390883,1,
457.500000000,25.94501674392926,13.677790168744114,-1.482684410205675,1,
457.600000000,25.94677670289486,13.657867755626235,-1.4848924307594482,1,
457.700000000,25.948492668508347,13.63794150505034,-1.487100451313221,1,
457.800000000,25.950303962728405,13.616350681590065,-1.4894924735798087,1,
457.900000000,25.952063606085343,13.594755587246654,-1.491884495846396,1,
458.000000000,25.953771588510886,13.573156345582223,-1.4942765181129836,1,
458.100000000,25.95542790023236,13.551553080182618,-1.4966685403795708,1,
458.200000000,25.957032531772725,13.529945914656707,-1.4990605626461582,1,
458.300000000,25.95846601686005,13.509997352791139,-1.5012685831999308,1,
458.400000000,25.95997123788702,13.488383034525128,-1.502973786845841,1,
458.500000000,25.96143959992916,13.466766180976158,-1.504678990491752,1,
458.600000000,25.96287109871689,13.445146854999958,-1.5063841941376617,1,
458.700000000,25.964158450751583,13.425188329885643,-1.507958228272348,1,
458.800000000,25.965519047059104,13.40356442593348,-1.5096634319182582,1,
458.900000000,25.967148242366694,13.376947573494455,-1.5117621440978402,1,
459.000000000,25.96872157301493,13.350327360464082,-1.5138608562774216,1,
459.100000000,25.970239032073927,13.323703904093517,-1.5159595684570044,1,
459.200000000,25.9717006128599,13.297077321648201,-1.5180582806365859,1,
459.300000000,25.973106308935186,13.270447730407346,-1.5201569928161678,1,
459.400000000,25.974456114108264,13.243815247663415,-1.521834717274343,1,
459.500000000,25.97567966535202,13.218845207167774,-1.5234075839538823,1,
459.600000000,25.976942892233925,13.192208477470682,-1.5250853084120577,1,
459.700000000,25.97816142826606,13.165569665915932,-1.5267630328702326,1,
459.800000000,25.979261904909006,13.140593898637261,-1.5283358995497722,1,
459.900000000,25.980393842771146,13.113951266864342,-1.5300136240079474,1,
460.000000000,25.98141312773529,13.088972054343492,-1.5315864906874865,1,
460.100000000,25.98239312248377,13.063991269522095,-1.5331593573670261,1,
460.200000000,25.983647391961632,13.030681542426425,-1.5352565129397449,1,
460.300000000,25.98483180305272,12.997369258183545,-1.537353668512464,1,
460.400000000,25.985890623173162,12.965720298046909,-1.538847030601875,1,
460.500000000,25.98690217877328,12.934069791999681,-1.5403403926912864,1,
460.600000000,25.987866467597176,12.9024178106266,-1.5418337547806977,1,
460.700000000,25.988831751699472,12.869098456825649,-1.5434057148748148,1,
460.800000000,25.989699012624328,12.837443668305331,-1.5448990769642261,1,
460.900000000,25.990562157797225,12.804121512139776,-1.5464710370583439,1,
461.000000000,25.991332382674095,12.772464213906717,-1.5479643991477545,1,
461.100000000,25.992093380807315,12.739139568477961,-1.5495363592418716,1,
461.200000000,25.99280199300911,12.705813767964568,-1.551108319335989,1,
461.300000000,25.993458217528456,12.672486894716522,-1.552680279430106,1,
461.400000000,25.99403186098302,12.640825424267966,-1.5541736415195166,1,
461.500000000,25.994530518576223,12.610829568877516,-1.5555884056042226,1,
461.600000000,25.99501208418394,12.579166564087332,-1.557081767693634,1,
461.700000000,25.99546922182323,12.54583636552372,-1.558653727787751,1,
461.800000000,25.99585372800952,12.514172033337955,-1.5601470898771623,1,
461.900000000,25.996208695864095,12.480840590090875,-1.5617190499712794,1,
462.000000000,25.996496139016063,12.449175228033697,-1.5632124120606907,1,
462.100000000,25.996736294013846,12.41750947202891,-1.5662057933779272,1,
462.200000000,25.99688166039483,12.385843139017442,-1.569199174695164,1,
462.300000000,25.99692957493745,12.355843177280857,-1.5720350096272824,1,
462.400000000,25.996836673748778,12.280843234818418,-1.5844939477127142,1,
462.500000000,25.99580938430481,12.205850270639115,-1.5981668212987343,1,
462.600000000,25.993756853512934,12.130878361784209,-1.6118396948847549,1,
462.700000000,25.990679465082614,12.055941523844188,-1.6255125684707754,1,
462.800000000,25.986577794314872,11.981053765853225,-1.6391854420567955,1,
462.900000000,25.981452607994747,11.906229087670262,-1.6528583156428158,1,
463.000000000,25.97530486424794,11.831481477361814,-1.6665311892288357,1,
463.100000000,25.968135712361693,11.756824908586978,-1.6802040628148565,1,
463.200000000,25.959946492569955,11.682273337985128,-1.6938769364008768,1,
463.300000000,25.95073873580281,11.607840702566804,-1.707549809986897,1,
463.400000000,25.941468305816702,11.54047446640943,-1.7395487023037246,1,
463.500000000,25.930342121879054,11.475169500759074,-1.7733027174623126,1,
463.600000000,25.917268988173742,11.411497739552688,-1.8064218716353633,1,
463.700000000,25.90248373972824,11.349914401387922,-1.838691816727054,1,
463.800000000,25.88616041384071,11.290447378511816,-1.8701125527373856,1,
463.900000000,25.868959844480376,11.234707642313497,-1.8998348705849941,1,
464.000000000,25.850648957453366,11.181080946280689,-1.9287079793512438,1,
464.100000000,25.83138141307,11.12956627134786,-1.9567318790361332,1,
464.200000000,25.811305357570465,11.080155782177807,-1.9839065696396616,1,
464.300000000,25.789894164830823,11.031309029267195,-2.007987492973185,1,
464.400000000,25.76801867945722,10.984501897501687,-2.0303456561273423,1,
464.500000000,25.745841467591315,10.939689273456061,-2.05198258821201,1,
464.600000000,25.723471299776516,10.89684435890312,-2.072898289227189,1,
464.700000000,25.701012074003263,10.855937624060997,-2.093092759172881,1,
464.800000000,25.67689994116084,10.814048291756693,-2.1104938298842817,1,
464.900000000,25.65291903717847,10.774014630645496,-2.1272948636746007,1,
465.000000000,25.629149302993333,10.73580468774096,-2.1434958605438372,1,
465.100000000,25.60566684746906,10.699385571053039,-2.1590968204919907,1,
465.200000000,25.58254401283587,10.664723695315605,-2.1740977435190616,1,
465.300000000,25.539991700226004,10.602963670286853,-2.196610010888387,1,
465.400000000,25.517537683925593,10.571895010894705,-2.205178526055997,1,
465.500000000,25.495806082924695,10.542362283923051,-2.212771827676099,1,
465.600000000,25.47484882436819,10.514330278754032,-2.2200199792225597,1,
465.700000000,25.454696551511653,10.487778498967607,-2.2269229806953796,1,
465.800000000,25.434361473276184,10.461366461858205,-2.2338259821681996,1,
465.900000000,25.414870404384615,10.43640897778545,-2.2403838335673787,1,
466.000000000,25.396250525992023,10.412886645234337,-2.2465965348929164,1,
466.100000000,25.377484870653593,10.389480445634247,-2.252809236218454,1,
466.200000000,25.359624757564905,10.367485124808281,-2.258676787470351,1,
466.300000000,25.312007177511106,10.309540616269336,-2.275832926333586,1,
466.400000000,25.29364542923867,10.287962294319808,-2.279412258718759,1,
466.500000000,25.27737584117484,10.268980711028805,-2.2821722844109753,1,
466.600000000,25.259965797776275,10.248781664022294,-2.285116311816006,1,
466.700000000,25.244680042666083,10.23115242310966,-2.2876923357954078,1,
466.800000000,25.22825384514113,10.212306202404404,-2.290452361487624,1,
466.900000000,25.213972780987035,10.196012165118605,-2.292844383754211,1,
467.000000000,25.198551243645,10.178501578879056,-2.295420407733613,1,
467.100000000,25.18529416323271,10.16352660579253,-2.297628428287386,1,
467.200000000,25.135456239042778,10.10748036316701,-2.307570874749134,1,
467.300000000,25.113059488597884,10.08279237660228,-2.3112509090054223,1,
467.400000000,25.062462723351587,10.027430229366004,-2.3211933554671704,1,
467.500000000,25.0113180327702,9.972573865784977,-2.3311358019289186,1,
467.600000000,24.95963047257938,9.918228708489035,-2.3410782483906667,1,
467.700000000,24.907405152168234,9.864400129574548,-2.351020694852415,1,
467.800000000,24.85464723408423,9.81109345007337,-2.360963141314163,1,
467.900000000,24.801361933522866,9.75831393942686,-2.370905587775911,1,
468.000000000,24.747554517812166,9.706066814964974,-2.3808480342376592,1,
468.100000000,24.69323030589197,9.654357241390542,-2.38676710461312,1,
468.200000000,24.638600974786236,9.602970120601963,-2.3926861749885804,1,
468.300000000,24.58366843844952,9.551907252962009,-2.398605245364041,1,
468.400000000,24.528434621459265,9.501170427473149,-2.397058616225471,1,
468.500000000,24.481859051759596,9.458253910626341,-2.395068286045001,1,
468.600000000,24.4316987244423,9.411849320251402,-2.3929208245344946,1,
468.700000000,24.38530113255976,9.368740451342411,-2.390930494354025,1,
468.800000000,24.343864349104088,9.33008680872029,-2.3891496726136046,1,
468.900000000,24.29884635928096,9.287942314773126,-2.387211719543147,1,
469.000000000,24.26241157715665,9.253700430310468,-2.3856404062427763,1,
469.100000000,24.227243342465837,9.220544640773149,-2.384121470052418,1,
469.200000000,24.19333646959904,9.188480614978301,-2.3826549109720716,1,
469.300000000,24.160685935989513,9.157513815740844,-2.3812407290017377,1,
469.400000000,24.10634142217969,9.105825578986494,-2.3799839885772807,1,
469.500000000,24.052061909965126,9.054069086120874,-2.3787796123371763,1,
469.600000000,23.997844771392582,9.002247257853188,-2.377601418189248,1,
469.700000000,23.94609566193485,8.952667617057363,-2.3764755882256723,1,
469.800000000,23.895604572307,8.904184116067931,-2.3753759403542727,1,
469.900000000,23.847568625323778,8.857956502654847,-2.3743286566672253,1,
470.000000000,23.8007808057807,8.812835554721492,-2.373307555072354,1,
470.100000000,23.756436095082243,8.76998319876703,-2.372338817661835,1,
470.200000000,23.713330301033352,8.728247236822746,-2.3713962623434925,1,
470.300000000,23.671460154480854,8.687631124189334,-2.3713962623434925,1,
470.400000000,23.629590007928357,8.647015011555922,-2.3713962623434925,1,
470.500000000,23.58891615127736,8.607559359283464,-2.3713962623434925,1,
470.600000000,23.54465342492186,8.564622325928141,-2.3713962623434925,1,
470.700000000,23.508764727876862,8.529808515099502,-2.3713962623434925,1,
470.800000000,23.474072320733363,8.496155164631817,-2.3713962623434925,1,
470.900000000,23.440576203491364,8.463662274525088,-2.3713962623434925,1,
471.000000000,23.408276376150866,8.432329844779312,-2.3713962623434925,1,
471.100000000,23.377172838711868,8.402157875394492,-2.3713962623434925,1,
471.200000000,23.34726559117437,8.373146366370626,-2.3713962623434925,1,
471.300000000,23.31496576383387,8.34181393662485,-2.3713962623434925,1,
471.400000000,23.283862226394874,8.31164196724003,-2.3713962623434925,1,
471.500000000,23.250366109152875,8.279149077133301,-2.3713962623434925,1,
471.600000000,23.218066281812376,8.247816647387525,-2.3713962623434925,1,
471.700000000,23.191747903979376,8.222286519446524,-2.3713962623434925,1,
471.800000000,23.166625816047876,8.197916851866475,-2.3713962623434925,1,
471.900000000,23.143896307919377,8.175868105008337,-2.3713962623434925,1,
472.000000000,23.118774219987877,8.15149843742829,-2.3713962623434925,1,
472.100000000,23.096044711859378,8.129449690570151,-2.3713962623434925,1,
472.200000000,23.06733375422338,8.10159864190724,-2.3713962623434925,1,
472.300000000,23.013500708655883,8.049377925664281,-2.3713962623434925,1,
472.400000000,22.985986040921382,8.022687337362324,-2.3713962623434925,1,
472.500000000,22.964452822694383,8.00179905086514,-2.3713962623434925,1,
472.600000000,22.910619777126886,7.94957833462218,-2.3713962623434925,1,
472.700000000,22.886693979096886,7.926369127403087,-2.3713962623434925,1,
472.800000000,22.86874963057439,7.908962221988768,-2.3713962623434925,1,
472.900000000,22.81970174461289,7.861383347189627,-2.3713962623434925,1,
473.000000000,22.804149975893388,7.846297362497217,-2.3713962623434925,1,
473.100000000,22.787401917272387,7.830050917443852,-2.3713962623434925,1,
473.200000000,22.76945756874989,7.812644012029533,-2.3713962623434925,1,
473.300000000,22.753905800030388,7.797558027337122,-2.3713962623434925,1,
473.400000000,22.737157741409387,7.781311582283758,-2.3713962623434925,1,
473.500000000,22.722802262591387,7.767386057952302,-2.3713962623434925,1,
473.600000000,22.707250493871886,7.7523000732598915,-2.3713962623434925,1,
473.700000000,22.690502435250885,7.736053628206527,-2.3713962623434925,1,
473.800000000,22.646239708895386,7.6931165948512055,-2.3713962623434925,1,
473.900000000,22.59240666332789,7.640895878608246,-2.3713962623434925,1,
474.000000000,22.53857361776039,7.588675162365287,-2.3713962623434925,1,
474.100000000,22.484740572192894,7.5364544461223275,-2.3713962623434925,1,
474.200000000,22.434496396329894,7.487715110962233,-2.3713962623434925,1,
474.300000000,22.384252220466895,7.438975775802138,-2.3713962623434925,1,
474.400000000,22.337596914308396,7.393717821724907,-2.3713962623434925,1,
474.500000000,22.292137898051397,7.349620328008631,-2.3713962623434925,1,
474.600000000,22.2466788817944,7.305522834292354,-2.3713962623434925,1,
474.700000000,22.2048087352419,7.264906721658941,-2.3713962623434925,1,
474.800000000,22.164134878590904,7.225451069386484,-2.3713962623434925,1,
474.900000000,22.124657311841403,7.18715587747498,-2.3713962623434925,1,
475.000000000,22.085179745091903,7.148860685563477,-2.3713962623434925,1,
475.100000000,22.046898468243903,7.111725954012928,-2.3713962623434925,1,
475.200000000,22.008617191395903,7.074591222462379,-2.3713962623434925,1,
475.300000000,21.975121074153904,7.042098332355649,-2.3713962623434925,1,
475.400000000,21.939232377108905,7.007284521527009,-2.3713962623434925,1,
475.500000000,21.908128839669907,6.977112552142189,-2.3713962623434925,1,
475.600000000,21.874632722427908,6.944619662035459,-2.3713962623434925,1,
475.700000000,21.84233289508741,6.913287232289683,-2.3713962623434925,1,
475.800000000,21.80764048794391,6.879633881821999,-2.3713962623434925,1,
475.900000000,21.777733240406413,6.850622372798132,-2.3713962623434925,1,
476.000000000,21.750218572671912,6.8239317844961755,-2.3713962623434925,1,
476.100000000,21.72390019483891,6.798401656555173,-2.3713962623434925,1,
476.200000000,21.699974396808912,6.77519244933608,-2.3713962623434925,1,
476.300000000,21.677244888680413,6.753143702477942,-2.3713962623434925,1,
476.400000000,21.653319090650413,6.729934495258849,-2.3703487201432454,1,
476.500000000,21.628222544753235,6.705538524607309,-2.3686981620444225,1,
476.600000000,21.604359454503,6.682264847742226,-2.367126201950305,1,
476.700000000,21.58172430278704,6.6601192458182945,-2.365632839860894,1,
476.800000000,21.559122247700813,6.637939866123252,-2.3641394777714826,1,
476.900000000,21.537741176915677,6.616895869067535,-2.3627247136867773,1,
477.000000000,21.51757608187101,6.59699243419771,-2.361388547606778,1,
477.100000000,21.49743759911375,6.577062073187099,-2.3600523815267787,1,
477.200000000,21.473776617330426,6.553582953694232,-2.3584804214326613,1,
477.300000000,21.45487738186978,6.534769926024179,-2.355536394027631,1,
477.400000000,21.434855878827683,6.514722053475875,-2.3524083649097864,1,
477.500000000,21.417245265711948,6.496977580936861,-2.3496483392175698,1,
477.600000000,21.402025237597485,6.4815569717193435,-2.3472563169509826,1,
477.700000000,21.385674208803014,6.464911002182941,-2.344680292971581,1,
477.800000000,21.371695842368716,6.450606972267266,-2.342472272417808,1,
477.900000000,21.353100177311156,6.43149382621074,-2.3395282450127777,1,
478.000000000,21.336878276750873,6.414721993077277,-2.336952221033376,1,
478.100000000,21.319544017314822,6.396707458672979,-2.33419219534116,1,
478.200000000,21.304564140803677,6.381053457773678,-2.3318001730745728,1,
478.300000000,21.28847233729488,6.364156762703969,-2.3292241490951713,1,
478.400000000,21.274716716831882,6.349638398275495,-2.325733590321353,1,
478.500000000,21.25986978563927,6.333858250031377,-2.321600452611454,1,
478.600000000,21.24622524744949,6.319235439850443,-2.3177852485715476,1,
478.700000000,21.232636597432187,6.3045606795216615,-2.313970044531641,1,
478.800000000,21.21797631970957,6.288606974574526,-2.309836906821742,1,
478.900000000,21.20450473771126,6.273824671693622,-2.3060217027818353,1,
479.000000000,21.191089651122386,6.258991079687198,-2.3022064987419286,1,
479.100000000,21.17773125520979,6.244106414469523,-2.298391294702022,1,
479.200000000,21.16332128518224,6.227926265884002,-2.294258156992123,1,
479.300000000,21.14787500726218,6.210437499693653,-2.2898070856122317,1,
479.400000000,21.132506725842596,6.1928801544885,-2.2853560142323404,1,
479.500000000,21.11612460393975,6.173995608373747,-2.2805870091824567,1,
479.600000000,21.100918853514013,6.156297314714902,-2.2761359378025654,1,
479.700000000,21.085792029824727,6.138531514718342,-2.271684866422674,1,
479.800000000,21.071819260940305,6.1219723428143205,-2.267551728712775,1,
479.900000000,21.052567280086503,6.098964491258715,-2.261828922652915,1,
480.000000000,21.0376961714293,6.080984097165422,-2.2573778512730236,1,
480.100000000,21.023961736809373,6.064226718190315,-2.2532447135631246,1,
480.200000000,21.01029667985853,6.047412716198679,-2.2480430071225586,1,
480.300000000,20.963297949576457,5.988965138388534,-2.2276129247119134,1,
480.400000000,20.917503033079182,5.92956963668169,-2.2061324212157984,1,
480.500000000,20.872994428507646,5.869204215130155,-2.1846519177196835,1,
480.600000000,20.829792671877808,5.8078967259946825,-2.1631714142235685,1,
480.700000000,20.78791769623345,5.7456754562006305,-2.1416909107274535,1,
480.800000000,20.74738882244918,5.682569114286533,-2.1202104072313386,1,
480.900000000,20.70822475031591,5.618606817158148,-2.0987299037352236,1,
481.000000000,20.670443549912846,5.553818076654079,-2.077756277124063,1,
481.100000000,20.63483861729134,5.489708275915067,-2.0576945473220833,1,
481.200000000,20.601306728047508,5.426370107999896,-2.038088765924694,1,
481.300000000,20.57052456676666,5.365362706880651,-2.0193948813364853,1,
481.400000000,20.542333860074763,5.306794079986969,-1.9982751011071451,1,
481.500000000,20.51676823079376,5.250676557079733,-1.9782383865305893,1,
481.600000000,20.492992505621675,5.195588310669619,-1.9587432047804283,1,
481.700000000,20.47092566688838,5.1415898624873195,-1.9397895558566591,1,
481.800000000,20.450487325724033,5.088737376059897,-1.9213774397592842,1,
481.900000000,20.43217033206059,5.038648133825883,-1.9040483893146969,1,
482.000000000,20.415269240648634,4.9898239845396,-1.8872608716965025,1,
482.100000000,20.399708809525748,4.9423069035763305,-1.8710148869046994,1,
482.200000000,20.385415241286697,4.896135429502974,-1.855310434939292,1,
482.300000000,20.37231632205735,4.851344849100384,-1.8401475158002778,1,
482.400000000,20.36034154866265,4.807967380269831,-1.8263037081823816,1,
482.500000000,20.3493896401414,4.7660408555209335,-1.8137142110725126,1,
482.600000000,20.33936731254535,4.725597511684542,-1.801608925389948,1,
482.700000000,20.330216566620386,4.686658278910683,-1.7899878511346863,1,
482.800000000,20.32151894411994,4.647615336362257,-1.778366776879423,1,
482.900000000,20.31361909149257,4.6101048475236635,-1.767229914051463,1,
483.000000000,20.306462757223013,4.574143321912716,-1.7565772626508065,1,
483.100000000,20.299997764159766,4.539745591396123,-1.746408822677451,1,
483.200000000,20.294174055964834,4.506924934273338,-1.7367245941313987,1,
483.300000000,20.28866845863044,4.47404941892981,-1.7270403655853466,1,
483.400000000,20.28348148849104,4.44112212854806,-1.7190377402921688,1,
483.500000000,20.278804351501748,4.409802770838152,-1.7114352462636482,1,
483.600000000,20.274365452612496,4.378448760657176,-1.7038327522351284,1,
483.700000000,20.270386122288066,4.348713849690955,-1.696630389471268,1,
483.800000000,20.266830225347377,4.320604538516097,-1.6898281579720653,1,
483.900000000,20.263465615240044,4.292471689804965,-1.6830259264728635,1,
484.000000000,20.260479104564396,4.265972786712661,-1.6766238262383206,1,
484.100000000,20.257662302567237,4.239455306862194,-1.6702217260037777,1,
484.200000000,20.255015324700118,4.212920337118814,-1.6638196257692353,1,
484.300000000,20.252693094781932,4.18802842581801,-1.6578176567993512,1,
484.400000000,20.250375453706205,4.161462664941363,-1.6531635784342598,1,
484.500000000,20.248181476417603,4.134886405333054,-1.6489399933638453,1,
484.600000000,20.246099765457377,4.108301116344796,-1.6447164082934305,1,
484.700000000,20.24413035796043,4.081707272222103,-1.6404928232230167,1,
484.800000000,20.24227328905832,4.055105347363102,-1.636269238152602,1,
484.900000000,20.24052859187864,4.028495816310069,-1.6320456530821874,1,
485.000000000,20.23889629754442,4.001879153740964,-1.6278220680117734,1,
485.100000000,20.237471426571762,3.9769197919159636,-1.6238624570082598,1,
485.200000000,20.236056993828008,3.9502906632947616,-1.6196388719378452,1,
485.300000000,20.234755043755733,3.9236557982280784,-1.6154152868674305,1,
485.400000000,20.233639939840945,3.8986806797446913,-1.6114556758639171,1,
485.500000000,20.232623736163283,3.8737013416812935,-1.6074960648604038,1,
485.600000000,20.231645296154763,3.8470526312760818,-1.6032724797899889,1,
485.700000000,20.230779417634047,3.8204000260469777,-1.599048894719575,1,
485.800000000,20.230073197396404,3.795410002978242,-1.595089283716061,1,
485.900000000,20.229425448927444,3.7687512045613576,-1.590865698645647,1,
486.000000000,20.228923748311892,3.74375623913845,-1.5869060876421333,1,
486.100000000,20.22771556850862,3.6687659710927694,-1.573233214056113,1,
486.200000000,20.227658707862137,3.6454327070409627,-1.570657190076711,1,
486.300000000,20.22766218628008,3.6204327072829505,-1.5690843233971725,1,
486.400000000,20.227702133006513,3.597099408144091,-1.5676163144962685,1,
486.500000000,20.227776333168425,3.573766192789571,-1.5661483055953649,1,
486.600000000,20.227900279954117,3.5470998141770664,-1.56447058113719,1,
486.700000000,20.22806896537999,3.520433681042729,-1.562792856679015,1,
486.800000000,20.228282388971238,3.4937678684452886,-1.56111513222084,1,
486.900000000,20.229008467222158,3.4187713831251516,-1.5551960618453795,1,
487.000000000,20.230178439636333,3.3437805092500588,-1.549276991469919,1,
487.100000000,20.230680518707874,3.320452578329157,-1.5489104421794522,1,
487.200000000,20.231191148582024,3.29712483301213,-1.5485438928889859,1,
487.300000000,20.231673244861017,3.2754635304746045,-1.5482035256906954,1,
487.400000000,20.232953394678297,3.2188113255081916,-1.547313334556705,1,
487.500000000,20.234244840548925,3.1638264897117354,-1.5464493255148908,1,
487.600000000,20.235502644673684,3.112175135680808,-1.5456376806574288,1,
487.700000000,20.236886224242628,3.0571925410932805,-1.5447736716156144,1,
487.800000000,20.23827394255096,3.0038772648364596,-1.5439358446659772,1,
487.900000000,20.23966156725506,2.952229235424632,-1.543124199808515,1,
488.000000000,20.24104499702916,2.902248377868362,-1.5423387370432302,1,
488.100000000,20.242420261560195,2.853934614212642,-1.5415794563701202,1,
488.200000000,20.243783521541783,2.807287864057884,-1.5408463577891873,1,
488.300000000,20.245131068667515,2.7623080450637625,-1.54013944130043,1,
488.400000000,20.246459325623597,2.7189950734358956,-1.5394587069038497,1,
488.500000000,20.24776484608096,2.677348864395378,-1.538804154599445,1,
488.600000000,20.249044314686888,2.6373693326311556,-1.5381757843872166,1,
488.700000000,20.25029454705632,2.5990563927352555,-1.5375735962671644,1,
488.800000000,20.25156785079492,2.5607442126611106,-1.5369714081471124,1,
488.900000000,20.252807861325905,2.524098519621853,-1.5363954021192365,1,
489.000000000,20.25401165622355,2.489119227492875,-1.5358455781835356,1,
489.100000000,20.25517644400144,2.455806251334273,-1.5353219363400123,1,
489.200000000,20.256358675687085,2.422493889674484,-1.5347982944964886,1,
489.300000000,20.257498367192863,2.390847738549119,-1.5343008347451417,1,
489.400000000,20.258592988924992,2.3608677151458,-1.533358046764919,1,
489.500000000,20.259715874972166,2.330888737062399,-1.5328867691057477,1,
489.600000000,20.260789721853147,2.3025757606972412,-1.5319963582355376,1,
489.700000000,20.261824128096805,2.2759291640133457,-1.5311583244753397,1,
489.800000000,20.26288086472223,2.2492834435536624,-1.5307394110005208,1,
489.900000000,20.263948763505955,2.2226381681131864,-1.5303204975257019,1,
490.000000000,20.26502782426057,2.1959933423678573,-1.529901584050883,1,
490.100000000,20.26611804679672,2.169348970993535,-1.529901584050883,1,
490.200000000,20.26720826933287,2.142704599619213,-1.529901584050883,1,
490.300000000,20.268230352960508,2.1177255014557863,-1.529901584050883,1,
490.400000000,20.269252436588147,2.0927464032923595,-1.529901584050883,1,
490.500000000,20.271569159477462,2.0361271141219253,-1.529901584050883,1,
490.600000000,20.27381774345827,1.9811730981623863,-1.529901584050883,1,
490.700000000,20.27599818853057,1.9278843554137424,-1.529901584050883,1,
490.800000000,20.278110494694356,1.8762608858759937,-1.529901584050883,1,
490.900000000,20.280086523041128,1.8279679627600351,-1.529901584050883,1,
491.000000000,20.28199441247939,1.7813403128549719,-1.529901584050883,1,
491.100000000,20.28383416300914,1.7363779361608036,-1.529194667562126,1,
491.200000000,20.285636381621536,1.6930820958773432,-1.5285139331655457,1,
491.300000000,20.28746807278179,1.6497874924576186,-1.5285139331655457,1,
491.400000000,20.28937021360206,1.6048277119832892,-1.5285139331655457,1,
491.500000000,20.291201904762314,1.5615331085635646,-1.5285139331655457,1,
491.600000000,20.29296314626256,1.5199036821984448,-1.5285139331655457,1,
491.700000000,20.294653938102797,1.4799394328879298,-1.5285139331655457,1,
491.800000000,20.296274280283022,1.4416403606320198,-1.5285139331655457,1,
491.900000000,20.29782417280324,1.4050064654307146,-1.5285139331655457,1,
492.000000000,20.299374065323455,1.3683725702294094,-1.5285139331655457,1,
492.100000000,20.30085350818366,1.333403852082709,-1.5285139331655457,1,
492.200000000,20.302262501383858,1.3001003109906133,-1.5300858932596626,1,
492.300000000,20.30355130904501,1.2684598819070763,-1.5315792553490737,1,
492.400000000,20.30479286466933,1.2368175634488865,-1.5310817955977263,1,
492.500000000,20.305983987432416,1.20684121899925,-1.5306105179385556,1,
492.600000000,20.307122278921273,1.1785307603264523,-1.5301654223715597,1,
492.700000000,20.308273171156614,1.1502208111064272,-1.5297203268045647,1,
492.800000000,20.309368223160213,1.1235766377805285,-1.5293014133297456,1,
492.900000000,20.31047443667063,1.0969329255245295,-1.5288824998549266,1,
493.000000000,20.3115219755673,1.071954881920997,-1.5353014088564672,1,
493.100000000,20.312409162195564,1.0469706288826004,-1.5413033778263512,1,
493.200000000,20.313097231243727,1.0236474428774809,-1.547294359561122,1,
493.300000000,20.313645559998385,1.000320553242957,-1.5528961972663475,1,
493.400000000,20.314242199119494,0.9669925600109865,-1.5518486550661006,1,
493.500000000,20.314842172822882,0.9353315775667695,-1.5508534899758648,1,
493.600000000,20.315506889986615,0.9020048726260864,-1.5503298481323413,1,
493.700000000,20.31618905831563,0.8686785203282126,-1.549806206288818,1,
493.800000000,20.316853696657514,0.8370188293371073,-1.5493087465374697,1,
493.900000000,20.31756989421647,0.8036931909761147,-1.5487851046939467,1,
494.000000000,20.31826685996721,0.7720341951531251,-1.5482876449425993,1,
494.100000000,20.318942063405146,0.7420417944436554,-1.5478163672834278,1,
494.200000000,20.3197079946394,0.7087172620319995,-1.5478163672834278,1,
494.300000000,20.320473925873657,0.6753927296203436,-1.5478163672834278,1,
494.400000000,20.3212015605462,0.6437344238292705,-1.5478163672834278,1,
494.500000000,20.321967491780455,0.6104098914176146,-1.5478163672834278,1,
494.600000000,20.322695126453,0.5787515856265415,-1.5478163672834278,1,
494.700000000,20.32441847173007,0.5037713877003157,-1.5378739208216796,1,
494.800000000,20.326887206151035,0.42881202970974364,-1.5279314743599315,1,
494.900000000,20.33010108567797,0.3538809214943546,-1.5220124039844711,1,
495.000000000,20.333758428818317,0.2789701489636046,-1.5220124039844711,1,
495.100000000,20.337415771958664,0.2040593764328546,-1.5235590331230413,1,
495.200000000,20.340957251587316,0.1291430369464659,-1.5098861595370212,1,
495.300000000,20.345522689909693,0.0542821207556753,-1.499943713075273,1,
495.400000000,20.350796422438993,-0.020025719454493898,-1.4744384603497664,1,
495.500000000,20.358012084272744,-0.09467780733086187,-1.451926192980441,1,
495.600000000,20.366906363538423,-0.1691485518977325,-1.4274024654777717,1,
495.700000000,20.37762408556162,-0.24337880472387796,-1.4028787379751018,1,
495.800000000,20.38932315693082,-0.3123942503074454,-1.3738837886457849,1,
495.900000000,20.402365988299685,-0.3777726029505628,-1.3462695511892933,1,
496.000000000,20.416837915952765,-0.4411410754743977,-1.3193456696692132,1,
496.100000000,20.434203906574545,-0.5087425539187109,-1.2891420701360907,1,
496.200000000,20.453857593228612,-0.5766670164091949,-1.259852748281031,1,
496.300000000,20.4749360260772,-0.6422566784133658,-1.2287461738975127,1,
496.400000000,20.496866405834844,-0.7038510408253443,-1.1941281824109624,1,
496.500000000,20.52253921377844,-0.7687543878147245,-1.1639245828778395,1,
496.600000000,20.54841338479004,-0.8287988239575944,-1.129306591391288,1,
496.700000000,20.57862712647891,-0.8927294880936384,-1.1000172695362287,1,
496.800000000,20.60828314566985,-0.9509989274508104,-1.0653992780496775,1,
496.900000000,20.640356463114475,-1.0089629923160777,-1.0316452628910886,1,
497.000000000,20.678862038110523,-1.0733238553791509,-1.0091329955217634,1,
497.100000000,20.7188066427394,-1.1368016354367656,-0.9876524920256488,1,
497.200000000,20.760105462082368,-1.1994068071151236,-0.9739796184396283,1,
497.300000000,20.802256387058037,-1.261441471003111,-0.9615206803541974,1,
497.400000000,20.837546592077175,-1.3120120079538393,-0.9313104921176135,1,
497.500000000,20.86785449052306,-1.3527624008922738,-0.8820959549277827,1,
497.600000000,20.889855411984936,-1.3794900045295813,-0.8167139465125723,1,
497.700000000,20.90002846386931,-1.3903210306668987,-0.7315733580698802,1,
497.800000000,20.908374579812012,-1.3978137975820544,-0.6427893826496427,1,
497.900000000,20.917352186845562,-1.4045370244356572,-0.5540054072294051,1,
498.000000000,20.925807483192237,-1.4097677230758576,-0.4639478538385002,1,
498.100000000,20.93469894237583,-1.4142167901871916,-0.3738903004475952,1,
498.200000000,20.943954500160807,-1.417848166601683,-0.2838327470566902,1,
498.300000000,20.953499141335087,-1.420632420438706,-0.19377519366578533,1,
498.400000000,20.961973907509353,-1.4222954875949543,-0.102411596509256,1,
498.500000000,20.970565060042954,-1.4231784101391827,-0.011047999352726628,1,
498.600000000,20.979200935819506,-1.4232738231711877,0.08031559780380271,1,
498.700000000,20.989111332313247,-1.4224761478540757,0.1703731511947077,1,
498.800000000,20.997622693582816,-1.4210118448070297,0.2617367483512371,1,
498.900000000,21.005964958134992,-1.4187771018204232,0.3531003455077663,1,
499.000000000,21.014068538953,-1.4157905600074372,0.44446394266429573,1,
499.100000000,21.021865840000917,-1.4120771316126965,0.5358275398208251,1,
499.200000000,21.021865840000917,-1.4120771316126965,0.635827539820825,1,
499.300000000,21.021865840000917,-1.4120771316126965,0.735827539820825,1,
499.400000000,21.021865840000917,-1.4120771316126965,0.8358275398208249,1,
499.500000000,21.021865840000917,-1.4120771316126965,0.935827539820825,1,
499.600000000,21.021865840000917,-1.4120771316126965,1.035827539820825,1,
499.700000000,21.021865840000917,-1.4120771316126965,1.135827539820825,1,
499.800000000,21.021865840000917,-1.4120771316126965,1.235827539820825,1,
499.900000000,21.021865840000917,-1.4120771316126965,1.3358275398208252,1,
500.000000000,21.021865840000917,-1.4120771316126965,1.4358275398208256,1,
500.100000000,21.021865840000917,-1.4120771316126965,1.5358275398208256,1,
500.200000000,21.021865840000917,-1.4120771316126965,1.6358275398208255,1,
500.300000000,21.021865840000917,-1.4120771316126965,1.7358275398208265,1,
500.400000000,21.021865840000917,-1.4120771316126965,1.8358275398208255,1,
500.500000000,21.021865840000917,-1.4120771316126965,1.935827539820826,1,
500.600000000,21.021865840000917,-1.4120771316126965,2.0358275398208256,1,
500.700000000,21.021865840000917,-1.4120771316126965,2.1358275398208257,1,
500.800000000,21.021865840000917,-1.4120771316126965,2.235827539820826,1,
500.900000000,21.021865840000917,-1.4120771316126965,2.335827539820826,1,
501.000000000,21.021865840000917,-1.4120771316126965,2.435827539820826,1,
501.100000000,21.021865840000917,-1.4120771316126965,2.535827539820826,1,
501.200000000,21.021865840000917,-1.4120771316126965,2.635827539820826,1,
501.300000000,21.021865840000917,-1.4120771316126965,2.7358275398208263,1,
501.400000000,21.021865840000917,-1.4120771316126965,2.8358275398208264,1,
501.500000000,21.021865840000917,-1.4120771316126965,2.9358275398208264,1,
501.600000000,21.021865840000917,-1.4120771316126965,3.0358275398208265,1,
501.700000000,21.021865840000917,-1.4120771316126965,3.1358275398208266,1,
501.800000000,21.021865840000917,-1.4120771316126965,-3.0473577673587595,1,
501.900000000,21.021865840000917,-1.4120771316126965,-2.9473577673587594,1,
502.000000000,21.021865840000917,-1.4120771316126965,-2.8473577673587593,1,
502.100000000,21.021865840000917,-1.4120771316126965,-2.7473577673587593,1,
502.200000000,21.021865840000917,-1.4120771316126965,-2.647357767358759,1,
502.300000000,21.021865840000917,-1.4120771316126965,-2.547357767358759,1,
502.400000000,21.021865840000917,-1.4120771316126965,-2.447357767358759,1,
502.500000000,21.021865840000917,-1.4120771316126965,-2.347357767358759,1,
502.600000000,21.021865840000917,-1.4120771316126965,-2.247357767358759,1,
502.700000000,21.021865840000917,-1.4120771316126965,-2.1473577673587587,1,
502.800000000,21.021865840000917,-1.4120771316126965,-2.0473577673587586,1,
502.900000000,21.021865840000917,-1.4120771316126965,-1.9473577673587585,1,
503.000000000,21.021865840000917,-1.4120771316126965,-1.8473577673587585,1,
503.100000000,21.021865840000917,-1.4120771316126965,-1.7473577673587593,1,
503.200000000,21.021865840000917,-1.4120771316126965,-1.6473577673587585,1,
503.300000000,21.021865840000917,-1.4120771316126965,-1.5473577673587582,1,
503.400000000,21.02244058822033,-1.4365941232848818,-1.4718814949744723,1,
503.500000000,21.026596217014568,-1.4784692069228835,-1.413962273013443,1,
503.600000000,21.035642730638003,-1.5356775705989112,-1.371881495066468,1,
503.700000000,21.047731519586012,-1.5956475949594002,-1.3330578192452478,1,
503.800000000,21.062138871037227,-1.6551032159231776,-1.2942341434240276,1,
503.900000000,21.078843071838104,-1.713954828608228,-1.2554104676028077,1,
504.000000000,21.097818947279883,-1.7721137384264607,-1.2165867917815876,1,
504.100000000,21.119037899039096,-1.8294922947543024,-1.1777631159603674,1,
504.200000000,21.142467948277783,-1.8860040230299433,-1.138939440139147,1,
504.300000000,21.16772980375631,-1.9408173845429433,-1.0992939423951742,1,
504.400000000,21.19742796305251,-1.9990653576550619,-1.0646759509086223,1,
504.500000000,21.228709537874472,-2.055502154167115,-1.0292022937763607,1,
504.600000000,21.26241413023821,-2.1115272154419316,-0.9945843022898097,1,
504.700000000,21.298037616475032,-2.166352157444523,-0.9599663108032587,1,
504.800000000,21.335537309472294,-2.2199112842331834,-0.9253483193167075,1,
504.900000000,21.374868273885692,-2.2721404166744232,-0.8907303278301564,1,
505.000000000,21.415983379984656,-2.3229769693479048,-0.8561123363436053,1,
505.100000000,21.458833360127215,-2.372360025541654,-0.8214943448570543,1,
505.200000000,21.509917949774312,-2.4272723620480137,-0.7969706173543845,1,
505.300000000,21.562333698916113,-2.4809155278932886,-0.773444254635317,1,
505.400000000,21.61599685509753,-2.53331081077876,-0.7689407540491254,1,
505.500000000,21.669895428484327,-2.585463891098797,-0.7658938793433779,1,
505.600000000,21.723952655344473,-2.6374525073930455,-0.7628470046376304,1,
505.700000000,21.77816803384104,-2.6892761770283946,-0.7598001299318827,1,
505.800000000,21.83254106066891,-2.7409344189030054,-0.756753255226135,1,
505.900000000,21.88707123105944,-2.7924267534507767,-0.7537063805203874,1,
506.000000000,21.941758038785164,-2.8437527026457987,-0.7506595058146399,1,
506.100000000,21.99660097616447,-2.8949117900067893,-0.7476126311088923,1,
506.200000000,22.051599534066337,-2.9459035406015177,-0.7445657564031446,1,
506.300000000,22.106753201915048,-2.9967274810512143,-0.7415188816973972,1,
506.400000000,22.162061467694926,-3.047383139534964,-0.7460223822835889,1,
506.500000000,22.217141045591426,-3.0982873642981748,-0.7505258828697806,1,
506.600000000,22.271990818509007,-3.1494391229276646,-0.7550293834559725,1,
506.700000000,22.32660967401292,-3.2008373779898975,-0.7595328840421642,1,
506.800000000,22.380996504351767,-3.2524810870520247,-0.7640363846283559,1,
506.900000000,22.435150206479953,-3.3043692027030254,-0.7685398852145476,1,
507.000000000,22.48906968208008,-3.3565006725749513,-0.7730433858007393,1,
507.100000000,22.542753837585202,-3.4088744393642694,-0.7775468863869311,1,
507.200000000,22.596201584201022,-3.4614894408533052,-0.7820503869731229,1,
507.300000000,22.64941183792796,-3.5143446099317877,-0.7835970161116931,1,
507.400000000,22.702540280701776,-3.567282012289945,-0.7851436452502633,1,
507.500000000,22.75558678543598,-3.6203015212982708,-0.7866902743888337,1,
507.600000000,22.80855122524009,-3.673403010130853,-0.7882369035274036,1,
507.700000000,22.861433473419922,-3.7265863517656803,-0.789783532665974,1,
507.800000000,22.9142334034779,-3.779851418984944,-0.7913301618045441,1,
507.900000000,22.96695088911336,-3.833198084375342,-0.792876790943114,1,
508.000000000,23.01958580422285,-3.886626220328386,-0.7944234200816842,1,
508.100000000,23.07213802290043,-3.9401356990407033,-0.7959700492202547,1,
508.200000000,23.124607419437975,-3.9937263925143456,-0.7975166783588246,1,
508.300000000,23.17699386832548,-4.047398172557093,-0.7990633074973948,1,
508.400000000,23.229297244251345,-4.1011509107827635,-0.7990633074973951,1,
508.500000000,23.281600620177212,-4.154903649008434,-0.7990633074973948,1,
508.600000000,23.33390399610308,-4.208656387234104,-0.7990633074973951,1,
508.700000000,23.386207372028945,-4.262409125459774,-0.7990633074973952,1,
508.800000000,23.438510747954812,-4.316161863685444,-0.7990633074973955,1,
508.900000000,23.49081412388068,-4.369914601911114,-0.7990633074973958,1,
509.000000000,23.543117499806545,-4.4236673401367845,-0.7990633074973956,1,
509.100000000,23.59542087573241,-4.477420078362455,-0.7990633074973958,1,
509.200000000,23.64772425165828,-4.531172816588125,-0.7990633074973958,1,
509.300000000,23.700027627584145,-4.584925554813795,-0.7990633074973961,1,
509.400000000,23.75233100351001,-4.638678293039465,-0.7990633074973964,1,
509.500000000,23.80463437943588,-4.692431031265135,-0.7990633074973965,1,
509.600000000,23.856937755361745,-4.746183769490806,-0.7990633074973964,1,
509.700000000,23.90924113128761,-4.799936507716476,-0.7990633074973965,1,
509.800000000,23.96154450721348,-4.853689245942146,-0.7990633074973966,1,
509.900000000,24.013847883139345,-4.907441984167816,-0.7990633074973966,1,
510.000000000,24.06615125906521,-4.961194722393486,-0.7990633074973967,1,
510.100000000,24.118454634991078,-5.014947460619156,-0.7990633074973968,1,
510.200000000,24.170758010916945,-5.068700198844827,-0.7990633074973971,1,
510.300000000,24.22306138684281,-5.122452937070497,-0.7990633074973972,1,
510.400000000,24.275364762768678,-5.176205675296167,-0.7990633074973971,1,
510.500000000,24.327668138694545,-5.229958413521837,-0.7990633074973974,1,
510.600000000,24.37997151462041,-5.283711151747507,-0.7990633074973977,1,
510.700000000,24.432274890546278,-5.3374638899731774,-0.7990633074973977,1,
510.800000000,24.484578266472145,-5.391216628198848,-0.7990633074973977,1,
510.900000000,24.53688164239801,-5.444969366424518,-0.7990633074973977,1,
511.000000000,24.589185018323878,-5.498722104650188,-0.7990633074973978,1,
511.100000000,24.641488394249745,-5.552474842875858,-0.799063307497398,1,
511.200000000,24.69379177017561,-5.606227581101528,-0.799063307497398,1,
511.300000000,24.746095146101478,-5.6599803193271985,-0.799063307497398,1,
511.400000000,24.798398522027345,-5.713733057552869,-0.7990633074973982,1,
511.500000000,24.85070189795321,-5.767485795778539,-0.7990633074973982,1,
511.600000000,24.903005273879078,-5.821238534004209,-0.7990633074973985,1,
511.700000000,24.955308649804945,-5.874991272229879,-0.7990633074973986,1,
511.800000000,25.00761202573081,-5.928744010455549,-0.7990633074973988,1,
511.900000000,25.059915401656678,-5.9824967486812195,-0.7990633074973988,1,
512.000000000,25.112218777582545,-6.03624948690689,-0.7990633074973992,1,
512.100000000,25.16452215350841,-6.09000222513256,-0.7990633074973993,1,
512.200000000,25.216825529434278,-6.14375496335823,-0.7990633074973992,1,
512.300000000,25.269128905360144,-6.1975077015839,-0.7990633074973993,1,
512.400000000,25.32143228128601,-6.25126043980957,-0.7990633074973995,1,
512.500000000,25.373735657211878,-6.3050131780352405,-0.7990633074973998,1,
512.600000000,25.426039033137744,-6.358765916260911,-0.7990633074973998,1,
512.700000000,25.47834240906361,-6.412518654486581,-0.7990633074973998,1,
512.800000000,25.530645784989478,-6.466271392712251,-0.7990633074973998,1,
512.900000000,25.582949160915344,-6.520024130937921,-0.7990633074974001,1,
513.000000000,25.63525253684121,-6.573776869163591,-0.7990633074974005,1,
513.100000000,25.687555912767078,-6.627529607389262,-0.7990633074974006,1,
513.200000000,25.739859288692944,-6.681282345614932,-0.7990633074974006,1,
513.300000000,25.79216266461881,-6.735035083840602,-0.7990633074974005,1,
513.400000000,25.844466040544678,-6.788787822066272,-0.7819071686341654,1,
513.500000000,25.8976838635554,-6.841635369918557,-0.7636381335289975,1,
513.600000000,25.951858225887648,-6.893501914683892,-0.7453690984238296,1,
513.700000000,26.006971046936787,-6.944370145987973,-0.7271000633186612,1,
513.800000000,26.063003932889128,-6.99422308664198,-0.7088310282134931,1,
513.900000000,26.119938182860825,-7.043044098308681,-0.6905619931083251,1,
514.000000000,26.177754795139272,-7.090816887055455,-0.672292958003157,1,
514.100000000,26.236434473524884,-7.1375255087923595,-0.6540239228979888,1,
514.200000000,26.29595763377118,-7.183154374593449,-0.6357548877928209,1,
514.300000000,26.35630441012099,-7.22768825589955,-0.6174858526876527,1,
514.400000000,26.41625466087879,-7.270260144518296,-0.591014066772381,1,
514.500000000,26.476519922615775,-7.310699661167949,-0.5635899324515796,1,
514.600000000,26.537871403258627,-7.349471456354851,-0.5361657981307785,1,
514.700000000,26.600262964284713,-7.3865463722929,-0.5087416638099772,1,
514.800000000,26.663647684993503,-7.421896527310291,-0.48131752948917567,1,
514.900000000,26.727977897792627,-7.45549533681754,-0.4538933951683743,1,
515.000000000,26.793205224045614,-7.487317533300049,-0.4264692608475729,1,
515.100000000,26.859280610454373,-7.517339185320187,-0.3990451265267716,1,
515.200000000,26.92615436594904,-7.545537715514597,-0.3716209922059701,1,
515.300000000,26.992038329326544,-7.571214619015389,-0.3423316703509105,1,
515.400000000,27.05864598653976,-7.5949510889358365,-0.313042348495851,1,
515.500000000,27.125920201337244,-7.616726764059674,-0.2837530266407914,1,
515.600000000,27.19380326569244,-7.636522965146388,-0.2544637047857319,1,
515.700000000,27.262236949305777,-7.654322710954331,-0.22517438293067235,1,
515.800000000,27.3311625495548,-7.670110732807278,-0.19588506107561285,1,
515.900000000,27.400520941849475,-7.683873487691949,-0.16659573922055326,1,
516.000000000,27.47025263034942,-7.695599169875243,-0.1373064173654938,1,
516.100000000,27.540297798999646,-7.7052777210312335,-0.10801709551043423,1,
516.200000000,27.61059636284092,-7.7129008388692295,-0.07872777365537473,1,
516.300000000,27.681088019550845,-7.718461984255508,-0.04943845180031517,1,
516.400000000,27.75171230117138,-7.7219563868226,-0.020149129945255626,1,
516.500000000,27.822408625978422,-7.723381049061332,0.009140191909803912,1,
516.600000000,27.89311635044901,-7.72273474889209,0.03842951376486345,1,
516.700000000,27.96377482128151,-7.72001804071313,0.06771883561992295,1,
516.800000000,28.03432342742422,-7.715233254925011,0.09700815747498254,1,
516.900000000,28.104701652067693,-7.708384495931571,0.12629747933004207,1,
517.000000000,28.158207148228225,-7.701590725567149,0.17236239394817574,1,
517.100000000,28.195640197670762,-7.695074012812695,0.2343663318404851,1,
517.200000000,28.21447088978593,-7.690578113270971,0.31500637114255237,1,
517.300000000,28.215941416282966,-7.6900989326661024,0.4134597418299588,1,
517.400000000,28.215941416282966,-7.6900989326661024,0.5134597418299589,1,
517.500000000,28.215941416282966,-7.6900989326661024,0.6134597418299587,1,
517.600000000,28.215941416282966,-7.6900989326661024,0.7134597418299587,1,
517.700000000,28.215941416282966,-7.6900989326661024,0.8134597418299587,1,
517.800000000,28.215941416282966,-7.6900989326661024,0.9134597418299585,1,
517.900000000,28.215941416282966,-7.6900989326661024,1.0134597418299587,1,
518.000000000,28.215941416282966,-7.6900989326661024,1.1134597418299588,1,
518.100000000,28.215941416282966,-7.6900989326661024,1.2134597418299589,1,
518.200000000,28.215941416282966,-7.6900989326661024,1.3134597418299592,1,
518.300000000,28.215941416282966,-7.6900989326661024,1.4134597418299595,1,
518.400000000,28.219783996213433,-7.665878119392232,1.4889360142142456,1,
518.500000000,28.22275396986333,-7.629678200895985,1.5526144663037278,1,
518.600000000,28.22342961024584,-7.592522161220037,1.6154522842589776,1,
518.700000000,28.221770648924355,-7.5553970265851165,1.6782901022142278,1,
518.800000000,28.217783634304052,-7.518449340747643,1.7411279201694787,1,
518.900000000,28.21148430429686,-7.481824947021772,1.803965738124728,1,
519.000000000,28.202897524199333,-7.445668412593209,1.8668035560799785,1,
519.100000000,28.192057188542048,-7.41012245787028,1.9296413740352287,1,
519.200000000,28.179006087297985,-7.375327393124768,1.9924791919904772,1,
519.300000000,28.16379573697801,-7.3414205646462625,2.055317009945728,1,
519.400000000,28.13904129053732,-7.294391995026532,2.102171276541599,1,
519.500000000,28.104583825057748,-7.235767480368733,2.1341701688584256,1,
519.600000000,28.0673096384967,-7.176757544473624,2.164373768391548,1,
519.700000000,28.02827041097326,-7.11890016609795,2.1945773679246705,1,
519.800000000,27.987501753605265,-7.062248122052358,2.224780967457793,1,
519.900000000,27.945040855075828,-7.006853089655892,2.2549845669909154,1,
520.000000000,27.90092644771027,-6.95276559959656,2.285188166524038,1,
520.100000000,27.85519877214496,-6.90003498983784,2.3153917660571603,1,
520.200000000,27.807899540620276,-6.84870936061318,2.345595365590283,1,
520.300000000,27.755431603847267,-6.7951172379571085,2.354231768282589,1,
520.400000000,27.702502786388237,-6.741980242535944,2.357278642988337,1,
520.500000000,27.649412313093126,-6.68900476098739,2.3603255176940845,1,
520.600000000,27.596160676824066,-6.636191285106061,2.363372392399832,1,
520.700000000,27.542748371939336,-6.5835403051826,2.36641926710558,1,
520.800000000,27.489175894288774,-6.531052309999131,2.3694661418113276,1,
520.900000000,27.435443741209166,-6.478727786824718,2.3725130165170754,1,
521.000000000,27.381552411519642,-6.426567221410843,2.375559891222823,1,
521.100000000,27.327502405517038,-6.374571097986896,2.378606765928571,1,
521.200000000,27.273294224971245,-6.322739899255681,2.3816446383092877,1,
521.300000000,27.218928838235026,-6.2710736169719565,2.3845253793599674,1,
521.400000000,27.164414840104374,-6.219564161453466,2.3814785046542197,1,
521.500000000,27.11005803762669,-6.16788884796238,2.378431629948472,1,
521.600000000,27.055858935419995,-6.1160481562232825,2.3753847552427243,1,
521.700000000,27.00181803663831,-6.0640425674960365,2.3723378805369766,1,
521.800000000,26.947935842966977,-6.011872564571316,2.369291005831229,1,
521.900000000,26.894212854618026,-5.959538631766124,2.366244131125481,1,
522.000000000,26.8406495703255,-5.907041254919295,2.3631972564197334,1,
522.100000000,26.78724648734084,-5.854380921386988,2.3601503817139857,1,
522.200000000,26.73400410142828,-5.80155812003816,2.357103507008238,1,
522.300000000,26.680922906860214,-5.748573341250027,2.3540566323024903,1,
522.400000000,26.628003396412645,-5.695427076903514,2.3510097575967426,1,
522.500000000,26.575246061360577,-5.642119820378687,2.347962882890995,1,
522.600000000,26.522651391473474,-5.58865206655017,2.344916008185247,1,
522.700000000,26.470219875010713,-5.535024311782559,2.3418691334794994,1,
522.800000000,26.417951998717037,-5.481237053925804,2.3388222587737517,1,
522.900000000,26.36584824781805,-5.427290792310595,2.335775384068004,1,
523.000000000,26.313909106015714,-5.3731860277437224,2.3327285093622563,1,
523.100000000,26.262135055483842,-5.3189232625034295,2.3296816346565086,1,
523.200000000,26.211539331956196,-5.265570933339619,2.3032098487412367,1,
523.300000000,26.17388241346167,-5.223696105988491,2.2595263177018365,1,
523.400000000,26.148166505246454,-5.192457272861812,2.199988307648575,1,
523.500000000,26.134918223493294,-5.17425603065259,2.1225005751347683,1,
523.600000000,26.133321236377444,-5.171661212999369,2.0255474500094013,1,
523.700000000,26.13264189686093,-5.170271767047963,1.9270940793219942,1,
523.800000000,26.132102421876766,-5.168822274387743,1.8286407086345886,1,
523.900000000,26.13170803636916,-5.1673267737016975,1.730187337947181,1,
524.000000000,26.131462560056054,-5.165799749271547,1.631733967259774,1,
524.100000000,26.13136837043423,-5.164255990694012,1.5332805965723673,1,
524.200000000,26.1314263797527,-5.16271044964003,1.434827225884961,1,
524.300000000,26.13163602617734,-5.161178095044249,1.3363738551975544,1,
524.400000000,26.131995279232406,-5.15967376812732,1.2379204845101475,1,
524.500000000,26.132500659466157,-5.158212038655117,1.1394671138227408,1,
524.600000000,26.133147272150193,-5.156807063827081,1.041013743135334,1,
524.700000000,26.13392885468607,-5.155472451160353,0.9425603724479275,1,
524.800000000,26.13483783726004,-5.154221126697718,0.8441070017605209,1,
524.900000000,26.13586541615854,-5.153065209815789,0.7456536310731139,1,
525.000000000,26.137001639034246,-5.152015895845951,0.6472002603857074,1,
525.100000000,26.13823550129693,-5.151083347644892,0.5487468896983005,1,
525.200000000,26.13955505269556,-5.150276597164915,0.4502935190108941,1,
525.300000000,26.140947513059334,-5.149603457977311,0.3518401483234874,1,
525.400000000,26.14239939607669,-5.149070449596063,0.2533867776360807,1,
525.500000000,26.14389663991346,-5.148682734334784,0.15493340694867408,1,
525.600000000,26.14542474340509,-5.148444067308485,0.0564800362612674,1,
525.700000000,26.146968906503893,-5.148356760064379,-0.0419733344261393,1,
525.800000000,26.14851417362104,-5.148421658194002,-0.140426705113546,1,
525.900000000,26.150045578475034,-5.148638133143452,-0.23888007580095266,1,
526.000000000,26.1515482890437,-5.149004088301083,-0.33733344648835933,1,
526.100000000,26.153007751215878,-5.149515979303692,-0.43578681717576595,1,
526.200000000,26.154409829751472,-5.150168848364527,-0.5342401878631727,1,
526.300000000,26.15574094518463,-5.15095637229063,-0.6326935585505794,1,
526.400000000,26.156988205344106,-5.151870923724481,-0.7311469292379861,1,
526.500000000,26.158139530217035,-5.15290364501677,-0.8296002999253926,1,
526.600000000,26.15918376894674,-5.154044534014858,-0.9280536706127996,1,
526.700000000,26.160110807831444,-5.15528254093601,-1.026507041300206,1,
526.800000000,26.160911668277894,-5.156605675387186,-1.1249604119876133,1,
526.900000000,26.161578593761178,-5.158001122494862,-1.2234137826750195,1,
527.000000000,26.162105124948525,-5.159455367020147,-1.3218671533624262,1,
527.100000000,26.162486162259494,-5.160954324257102,-1.420320524049833,1,
527.200000000,26.162718015256623,-5.162483476446486,-1.5187738947372396,1,
527.300000000,26.162798438388197,-5.16402801338372,-1.6172272654246458,1,
527.400000000,26.161614631014317,-5.189505778638352,-1.6917220125878565,1,
527.500000000,26.156441489770575,-5.232076560370239,-1.7488380663189815,1,
527.600000000,26.14814347688977,-5.278190173207559,-1.8019837996330106,1,
527.700000000,26.137407591732007,-5.32379788172881,-1.855129532947039,1,
527.800000000,26.1242641503352,-5.36877089869375,-1.9082752662610676,1,
527.900000000,26.108750267204766,-5.412982229106839,-1.9614209995750964,1,
528.000000000,26.090909750509507,-5.456307028826242,-2.0145667328891257,1,
528.100000000,26.070792978375938,-5.498622957099247,-2.0677124662031536,1,
528.200000000,26.0484567566303,-5.539810522028602,-2.1208581995171816,1,
528.300000000,26.023964158390044,-5.579753417994236,-2.17400393283121,1,
528.400000000,25.99738434595768,-5.618338854077563,-2.2271496661452383,1,
528.500000000,25.96879237551999,-5.655457872560954,-2.2802953994592667,1,
528.600000000,25.938268985204036,-5.691005656603004,-2.333441132773295,1,
528.700000000,25.90590036708851,-5.724881826220766,-2.3865868660873235,1,
528.800000000,25.871777923814165,-5.75699072174318,-2.439732599401352,1,
528.900000000,25.835998010480655,-5.787241673935247,-2.4928783327153803,1,
529.000000000,25.785924990383343,-5.825205920743707,-2.5300405146644693,1,
529.100000000,25.724518150808542,-5.8682663440281395,-2.5483095497696375,1,
529.200000000,25.662334929824066,-5.910197800334781,-2.5654656886328726,1,
529.300000000,25.599441513307248,-5.951056314243662,-2.581485723705903,1,
529.400000000,25.5359016403204,-5.990902073626754,-2.5709582755142177,1,
529.500000000,25.47278475469246,-6.031414525399382,-2.558815468436776,1,
529.600000000,25.410164445026243,-6.072690387804756,-2.5457258730349577,1,
529.700000000,25.35084864329676,-6.112911610763534,-2.533218037428776,1,
529.800000000,25.293408178799652,-6.152919023056212,-2.521001081720412,1,
529.900000000,25.239172539451975,-6.191686791485581,-2.5093658858076844,1,
530.000000000,25.186736154312456,-6.230098059539368,-2.4980215697927752,1,
530.100000000,25.137405410175038,-6.267101511548964,-2.487259013573502,1,
530.200000000,25.089798189894378,-6.3036193507121565,-2.4767873372520475,1,
530.300000000,25.039952519463085,-6.34269005905442,-2.473800613073225,1,
530.400000000,24.991532416055556,-6.38087737846521,-2.4718626600027673,1,
530.500000000,24.945799706451037,-6.417089214237601,-2.470029461152335,1,
530.600000000,24.901438207130138,-6.452347808780107,-2.4682486394119145,1,
530.700000000,24.85844246855894,-6.486646007926964,-2.4665201947815065,1,
530.800000000,24.81680717950464,-6.519976881750031,-2.464844127261111,1,
530.900000000,24.776527168881575,-6.5523337232004915,-2.463220436850728,1,
531.000000000,24.737597407536605,-6.583710046784104,-2.461649123550357,1,
531.100000000,24.70001300997423,-6.61409958727067,-2.4601301873599986,1,
531.200000000,24.66376923602199,-6.643496298438363,-2.4586636282796523,1,
531.300000000,24.628861492436513,-6.6718943518535285,-2.4572494463093184,1,
531.400000000,24.597868115834245,-6.697180921545559,-2.461665487416864,1,
531.500000000,24.56676337527061,-6.722330377095711,-2.4667186625488733,1,
531.600000000,24.536833257246155,-6.7462810029640785,-2.471561288717049,1,
531.700000000,24.508093843673365,-6.769051390574669,-2.4761933659213904,1,
531.800000000,24.48056038183275,-6.790659455714135,-2.4806148941618984,1,
531.900000000,24.454247302726454,-6.811122421751758,-2.4848258734385724,1,
532.000000000,24.42784828804487,-6.831474402858094,-2.4890368527152464,1,
532.100000000,24.40136380590378,-6.851715038145295,-2.4932478319919205,1,
532.200000000,24.37479432593451,-6.8718439686999355,-2.4974588112685945,1,
532.300000000,24.349473019608524,-6.890859994144899,-2.501459241581435,1,
532.400000000,24.289321813780788,-6.9356576775389005,-2.52188932399208,1,
532.500000000,24.228268004022382,-6.979217203638071,-2.5423194064027252,1,
532.600000000,24.166337072590824,-7.021520391839665,-2.5627494888133704,1,
532.700000000,24.10355486783119,-7.062549585903396,-2.5831795712240155,1,
532.800000000,24.039947593387698,-7.102287661320687,-2.603609653634661,1,
532.900000000,23.975541797266995,-7.140718032461993,-2.624039736045306,1,
533.000000000,23.910364360757715,-7.177824659499207,-2.644469818455951,1,
533.100000000,23.844442487210934,-7.21359205510026,-2.664899900866596,1,
533.200000000,23.777803690686206,-7.248005290893132,-2.6853299832772413,1,
533.300000000,23.710475784467913,-7.281050003696558,-2.7057600656878864,1,
533.400000000,23.64248686945674,-7.312712401514847,-2.7282723330572116,1,
533.500000000,23.573802450023894,-7.34283632103361,-2.750784600426537,1,
533.600000000,23.50445733411292,-7.371406496029463,-2.773296867795862,1,
533.700000000,23.434486664495644,-7.398408447686883,-2.7958091351651873,1,
533.800000000,23.363925900962474,-7.423828491935789,-2.8183214025345125,1,
533.900000000,23.292810802352086,-7.44765374638637,-2.8405951281904325,1,
534.000000000,23.22118271048044,-7.4698892237778525,-2.86238464241905,1,
534.100000000,23.1522914066121,-7.489640156981904,-2.883205733793062,1,
534.200000000,23.084615167756905,-7.507526651731141,-2.9035426137397717,1,
534.300000000,23.01982852518843,-7.523247192089197,-2.922911070831876,1,
534.400000000,22.956376544467666,-7.537348473683854,-2.9417953164966777,1,
534.500000000,22.894303112495177,-7.549918284910265,-2.960195350734177,1,
534.600000000,22.835287558062372,-7.560742532458643,-2.977626962117071,1,
534.700000000,22.777736608004933,-7.570264398098521,-2.994574362072662,1,
534.800000000,22.721681246443467,-7.578565455339879,-3.011037550600951,1,
534.900000000,22.66714930850778,-7.585725605127305,-3.027016527701937,1,
535.000000000,22.614165664069265,-7.591822970661482,-3.0425112933756204,1,
535.100000000,22.562752398823374,-7.5969338024137505,-3.0575218476220014,1,
535.200000000,22.509607431849027,-7.601412298784201,-3.0703260480910877,1,
535.300000000,22.458071915327103,-7.605091290665542,-3.0793433249234514,1,
535.400000000,22.408168758521917,-7.608201747364647,-3.088069721857997,1,
535.500000000,22.359904639015134,-7.610787454104785,-3.0965052388947245,1,
535.600000000,22.313285398062597,-7.612890820641306,-3.104649876033634,1,
535.700000000,22.2683161018687,-7.614552867519506,-3.112503633274725,1,
535.800000000,22.225001100949843,-7.615813213970819,-3.1200665106179977,1,
535.900000000,22.18334408755273,-7.616710067327687,-3.1273385080634526,1,
536.000000000,22.14334815109722,-7.617280213841158,-3.1343196256110892,1,
536.100000000,22.105015831617358,-7.617559010789076,-3.1410098632609076,1,
536.200000000,22.06834917117751,-7.617580379766593,3.1357760861666786,1,
536.300000000,22.03334976324383,-7.617376801054716,3.129667608312497,1,
536.400000000,21.998352251831673,-7.616959434362232,3.124124152907578,1,
536.500000000,21.965024004177614,-7.616377180619524,3.119380117056307,1,
536.600000000,21.93336514930542,-7.615673841470171,3.1148732829975994,1,
536.700000000,21.90170978577504,-7.614827828741376,3.110366448938892,1,
536.800000000,21.871724410724465,-7.613891194834018,3.106096816672748,1,
536.900000000,21.84340892487164,-7.61288569063399,3.1020643861991677,1,
537.000000000,21.815097723845206,-7.61176601469036,3.0980319557255873,1,
537.100000000,21.78845635363673,-7.61060476341434,3.0942367270445703,1,
537.200000000,21.76181958249955,-7.609342410651913,3.0904414983635533,1,
537.300000000,21.736852280877685,-7.608064189339824,3.0868834714751,1,
537.400000000,21.713553858272544,-7.606788278466468,3.084307447495698,1,
537.500000000,21.690258799743727,-7.605452354597584,3.0817314235162963,1,
537.600000000,21.668630941294026,-7.604156135741033,3.079339401249709,1,
537.700000000,21.647006245300528,-7.602808186323159,3.076947378983122,1,
537.800000000,21.62538483549472,-7.601408514056615,3.0745553567165347,1,
537.900000000,21.60542975865894,-7.600068772112048,3.072347336162762,1,
538.000000000,21.585477688642523,-7.598684972249336,3.070139315608989,1,
538.100000000,21.565528722718856,-7.59725712121499,3.067931295055216,1,
538.200000000,21.54558295814618,-7.595785225970288,3.065723274501443,1,
538.300000000,21.525640492167135,-7.594269293691239,3.06351525394767,1,
538.400000000,21.50570142200828,-7.592709331768547,3.063201068841556,1,
538.500000000,21.484101294695506,-7.5910125864970395,3.0628607016432654,1,
538.600000000,21.464163249884585,-7.589439573745134,3.062546516537151,1,
538.700000000,21.4442257002749,-7.587860296834244,3.0622323314310367,1,
538.800000000,21.425950068871227,-7.586406884329763,3.0619443284170984,1,
538.900000000,21.40601347389826,-7.584815601550429,3.061630143310984,1,
539.000000000,21.387738721035927,-7.583351183942021,3.0613421402970458,1,
539.100000000,21.367803087929296,-7.581747895871288,3.0610279551909314,1,
539.200000000,21.347867959535833,-7.580138344400788,3.060713770084817,1,
539.300000000,21.32793333782338,-7.578522529689402,3.060713770084817,1,
539.400000000,21.30799871611093,-7.5769067149780165,3.060713770084817,1,
539.500000000,21.28806409439848,-7.575290900266631,3.060713770084817,1,
539.600000000,21.268129472686027,-7.573675085555245,3.060713770084817,1,
539.700000000,21.248194850973576,-7.57205927084386,3.060713770084817,1,
539.800000000,21.228260229261124,-7.570443456132474,3.060713770084817,1,
539.900000000,21.208325607548673,-7.568827641421088,3.060713770084817,1,
540.000000000,21.19005220431226,-7.567346477935652,3.060713770084817,1,
540.100000000,21.170117582599808,-7.565730663224266,3.060713770084817,1,
540.200000000,21.150182960887356,-7.56411484851288,3.060713770084817,1,
540.300000000,21.131909557650943,-7.562633685027444,3.060713770084817,1,
540.400000000,21.11197493593849,-7.561017870316058,3.060713770084817,1,
540.500000000,21.093701532702077,-7.559536706830621,3.060713770084817,1,
540.600000000,21.073766910989626,-7.557920892119236,3.060713770084817,1,
540.700000000,21.05217107080114,-7.556170426181901,3.060713770084817,1,
540.800000000,21.03223644908869,-7.5545546114705155,3.060713770084817,1,
540.900000000,21.012301827376238,-7.55293879675913,3.060713770084817,1,
541.000000000,20.992367205663786,-7.551322982047744,3.060713770084817,1,
541.100000000,20.972432583951335,-7.549707167336359,3.060713770084817,1,
541.200000000,20.95415918071492,-7.548226003850922,3.060713770084817,1,
541.300000000,20.93422455900247,-7.546610189139536,3.060713770084817,1,
541.400000000,20.914289937290018,-7.544994374428151,3.060713770084817,1,
541.500000000,20.896016534053604,-7.543513210942714,3.060713770084817,1,
541.600000000,20.876081912341153,-7.541897396231328,3.060713770084817,1,
541.700000000,20.8561472906287,-7.540281581519943,3.060713770084817,1,
541.800000000,20.83621266891625,-7.538665766808557,3.060713770084817,1,
541.900000000,20.814616828727765,-7.536915300871223,3.060713770084817,1,
542.000000000,20.794682207015313,-7.535299486159837,3.060713770084817,1,
542.100000000,20.773086366826828,-7.533549020222503,3.060713770084817,1,
542.200000000,20.753151745114376,-7.531933205511117,3.060713770084817,1,
542.300000000,20.733217123401925,-7.530317390799731,3.060713770084817,1,
542.400000000,20.71494372016551,-7.528836227314295,3.060713770084817,1,
542.500000000,20.69500909845306,-7.527220412602909,3.060713770084817,1,
542.600000000,20.67507447674061,-7.525604597891523,3.060713770084817,1,
542.700000000,20.655139855028157,-7.523988783180138,3.060713770084817,1,
542.800000000,20.635205233315705,-7.522372968468752,3.060713770084817,1,
542.900000000,20.615270611603254,-7.5207571537573665,3.060713770084817,1,
543.000000000,20.595335989890803,-7.519141339045981,3.060713770084817,1,
543.100000000,20.57540136817835,-7.517525524334595,3.060713770084817,1,
543.200000000,20.5554667464659,-7.51590970962321,3.060713770084817,1,
543.300000000,20.533870906277414,-7.514159243685875,3.060713770084817,1,
543.400000000,20.513936284564963,-7.51254342897449,3.060713770084817,1,
543.500000000,20.49400166285251,-7.510927614263104,3.060713770084817,1,
543.600000000,20.475728259616098,-7.509446450777667,3.060713770084817,1,
543.700000000,20.457454856379684,-7.5079652872922304,3.060713770084817,1,
543.800000000,20.437520234667232,-7.506349472580845,3.060713770084817,1,
543.900000000,20.41758561295478,-7.504733657869459,3.060713770084817,1,
544.000000000,20.39765099124233,-7.503117843158074,3.060713770084817,1,
544.100000000,20.377716369529878,-7.501502028446688,3.060713770084817,1,
544.200000000,20.357781747817427,-7.499886213735302,3.060713770084817,1,
544.300000000,20.337847126104975,-7.498270399023917,3.060713770084817,1,
544.400000000,20.317912504392524,-7.496654584312531,3.0619720634284486,1,
544.500000000,20.296314478701348,-7.4949312936557435,3.063335214550716,1,
544.600000000,20.27637568972025,-7.493367741940187,3.0645935078943474,1,
544.700000000,20.256434949117516,-7.491829280301252,3.065851801237979,1,
544.800000000,20.23815417685304,-7.490442025268659,3.0670052368029745,1,
544.900000000,20.21820978389349,-7.488951659717854,3.068263530146606,1,
545.000000000,20.19826353140638,-7.48748639123718,3.0695218234902377,1,
545.100000000,20.17831545097265,-7.486046222146599,3.0707801168338693,1,
545.200000000,20.158365574176138,-7.484631154726333,3.072038410177501,1,
545.300000000,20.140076569401234,-7.483357021509319,3.0731918457424965,1,
545.400000000,20.12012333786759,-7.481990071852328,3.074450139086128,1,
545.500000000,20.101831313420142,-7.480760050419536,3.0756035746511237,1,
545.600000000,20.08187484320601,-7.479441226476593,3.0768618679947553,1,
545.700000000,20.061916729323485,-7.478147514664704,3.078120161338387,1,
545.800000000,20.04195700337229,-7.476878917032205,3.0793784546820184,1,
545.900000000,20.021995696954693,-7.475635435587671,3.08063674802565,1,
546.000000000,20.00369641294874,-7.474518602573888,3.0817901835906456,1,
546.100000000,19.983732165645712,-7.473323265958741,3.083048476934277,1,
546.200000000,19.96376643006369,-7.472153051162746,3.084306770277909,1,
546.300000000,19.945463170501895,-7.471103384299043,3.0854602058429044,1,
546.400000000,19.925494670746442,-7.469981324801292,3.086718499186536,1,
546.500000000,19.905524774919446,-7.468884392415515,3.0879767925301675,1,
546.600000000,19.885553514639284,-7.467812588878488,3.089235085873799,1,
546.700000000,19.86391653876709,-7.466678693137923,3.0905982369960663,1,
546.800000000,19.843942537437616,-7.465659246773371,3.091856530339698,1,
546.900000000,19.822302663468406,-7.464582074994549,3.093219681461965,1,
547.000000000,19.802326058350303,-7.463614992808075,3.0944779748055966,1,
547.100000000,19.782348252173943,-7.462673047809807,3.095421150862067,1,
547.200000000,19.764034456939537,-7.461826870982298,3.096285728913831,1,
547.300000000,19.74405498060264,-7.460921042464675,3.0972289049703012,1,
547.400000000,19.72407465879678,-7.460034058510864,3.0978574302904494,1,
547.500000000,19.70409378344564,-7.459159632869584,3.0984859556105975,1,
547.600000000,19.68411236244254,-7.458297765886273,3.0991144809307456,1,
547.700000000,19.66413040368103,-7.457448457901405,3.0997430062508937,1,
547.800000000,19.644147915054855,-7.456611709250495,3.100371531571042,1,
547.900000000,19.625830155341056,-7.455856202679629,3.1009476797811777,1,
548.000000000,19.60584667320585,-7.455043527005175,3.101576205101326,1,
548.100000000,19.584197351816012,-7.4541767353324015,3.1022571075314866,1,
548.200000000,19.564212822672875,-7.453390227273233,3.1028856328516348,1,
548.300000000,19.544227803136927,-7.452616280151167,3.103514158171783,1,
548.400000000,19.525907759605946,-7.451918343095216,3.1040903063819187,1,
548.500000000,19.505921822218124,-7.451168471952955,3.104718831702067,1,
548.600000000,19.485935417464994,-7.450431162625678,3.105347357022215,1,
548.700000000,19.465948553242068,-7.4497064154046555,3.105975882342363,1,
548.800000000,19.44596123744504,-7.448994230576194,3.1066044076625112,1,
548.900000000,19.42763912459272,-7.44835291026785,3.107180555872647,1,
549.000000000,19.407650965348864,-7.447664804140621,3.107809081192795,1,
549.100000000,19.385996661912028,-7.446932965968673,3.108489983622956,1,
549.200000000,19.36600761877903,-7.44627103347427,3.109118508943104,1,
549.300000000,19.346018163553,-7.44562166472952,3.1097470342632523,1,
549.400000000,19.32602830413066,-7.444984859990954,3.1100612193693666,1,
549.500000000,19.30603824562038,-7.444354335799818,3.110375404475481,1,
549.600000000,19.287713844630836,-7.443782112516809,3.110663407489419,1,
549.700000000,19.267723410050905,-7.443163626215023,3.110977592595533,1,
549.800000000,19.247732782138442,-7.44255142064047,3.1112917777016476,1,
549.900000000,19.22774196286677,-7.441945495853582,3.111605962807762,1,
550.000000000,19.207750954209228,-7.44134585191417,3.1119201479138763,1,
550.100000000,19.18942569114501,-7.440801935800823,3.112208150927814,1,
550.200000000,19.16943432501371,-7.44021433031733,3.1125223360339285,1,
550.300000000,19.147776812772094,-7.439584562146799,3.112862703232219,1,
550.400000000,19.127785066304835,-7.439010042183018,3.1131768883383333,1,
550.500000000,19.106127146486497,-7.438394450120929,3.1135172555366237,1,
550.600000000,19.086135028248517,-7.4378330159230055,3.113831440642738,1,
550.700000000,19.06614273460301,-7.437277862978479,3.1141456257488525,1,
550.800000000,19.047816306446755,-7.436774730645177,3.1144336287627903,1,
550.900000000,19.027823682119667,-7.436231616922306,3.1147478138689046,1,
551.000000000,19.0078308881411,-7.435694784610934,3.115061998975019,1,
551.100000000,18.987837926484584,-7.435164233764053,3.1153761840811334,1,
551.200000000,18.96784479912367,-7.434639964434034,3.1156903691872477,1,
551.300000000,18.94951761562291,-7.434165142319412,3.1159783722011856,1,
551.400000000,18.929524176178315,-7.433652912707503,3.1162925573073,1,
551.500000000,18.909530576785606,-7.433146964761665,3.1166067424134143,1,
551.600000000,18.8895368194184,-7.432647298531842,3.1169209275195287,1,
551.700000000,18.86954290605032,-7.432153914067357,3.117235112625643,1,
551.800000000,18.849548838655018,-7.431666811416914,3.1175492977317574,1,
551.900000000,18.82955461920615,-7.431185990628595,3.1178634828378717,1,
552.000000000,18.81122644713812,-7.430750996656425,3.1181514858518096,1,
552.100000000,18.79123194176996,-7.43028221623598,3.118465670957924,1,
552.200000000,18.77123729010483,-7.42981971781436,3.1187798560640383,1,
552.300000000,18.752908727115475,-7.429401519468648,3.119067859077976,1,
552.400000000,18.73291380056464,-7.428951061671856,3.1193820441840905,1,
552.500000000,18.71458498906447,-7.428543900644192,3.1196700471980283,1,
552.600000000,18.694589794878702,-7.428105483635576,3.1199842323041427,1,
552.700000000,18.674594463935726,-7.427673348840704,3.120298417410257,1,
552.800000000,18.65459899820933,-7.427247496302231,3.1206126025163714,1,
552.900000000,18.63293709979531,-7.426792961875524,3.120952969714662,1,
553.000000000,18.61294135960959,-7.426380197505511,3.121267154820776,1,
553.100000000,18.592945490726365,-7.425973715519518,3.1215813399268906,1,
553.200000000,18.574615828086717,-7.42560686592116,3.1218693429408284,1,
553.300000000,18.556286060553465,-7.425245295336027,3.1221573459547662,1,
553.400000000,18.536289837746395,-7.424856613653937,3.1224715310608806,1,
553.500000000,18.51795985580311,-7.4245060811019465,3.1227595340748184,1,
553.600000000,18.49796340256218,-7.424129440977423,3.123073719180933,1,
553.700000000,18.479633212855877,-7.42378994658569,3.1233617221948706,1,
553.800000000,18.459636536432416,-7.423425348155314,3.123675907300985,1,
553.900000000,18.437973347278863,-7.423037172754519,3.1240162744992754,1,
554.000000000,18.417976436490353,-7.422685663271945,3.12433045960539,1,
554.100000000,18.39797941624977,-7.422340436538156,3.124644644711504,1,
554.200000000,18.379648715840958,-7.422029737916472,3.124932647725442,1,
554.300000000,18.359651491334713,-7.421696553212575,3.1252468328315564,1,
554.400000000,18.34132060715053,-7.421396893176578,3.1252468328315564,1,
554.500000000,18.321323278949603,-7.421069991319126,3.1252468328315564,1,
554.600000000,18.301325950748677,-7.4207430894616735,3.1252468328315564,1,
554.700000000,18.28132862254775,-7.420416187604221,3.1252468328315564,1,
554.800000000,18.261331294346824,-7.420089285746769,3.1252468328315564,1,
554.900000000,18.2413339661459,-7.419762383889317,3.1252468328315564,1,
555.000000000,18.221336637944972,-7.419435482031865,3.1252468328315564,1,
555.100000000,18.1996728657273,-7.419081338352958,3.1252468328315564,1,
555.200000000,18.179675537526375,-7.418754436495506,3.1252468328315564,1,
555.300000000,18.15967820932545,-7.418427534638054,3.1252468328315564,1,
555.400000000,18.141347325141265,-7.418127874602057,3.1252468328315564,1,
555.500000000,18.12134999694034,-7.417800972744605,3.1252468328315564,1,
555.600000000,18.103019112756154,-7.417501312708607,3.1252468328315564,1,
555.700000000,18.08302178455523,-7.417174410851155,3.1252468328315564,1,
555.800000000,18.063024456354302,-7.416847508993703,3.1252468328315564,1,
555.900000000,18.044693572170118,-7.4165478489577055,3.1252468328315564,1,
556.000000000,18.024696243969192,-7.416220947100253,3.1252468328315564,1,
556.100000000,18.004698915768266,-7.415894045242801,3.1252468328315564,1,
556.200000000,17.98470158756734,-7.415567143385349,3.1252468328315564,1,
556.300000000,17.96303781534967,-7.415212999706442,3.1252468328315564,1,
556.400000000,17.943040487148743,-7.41488609784899,3.1252468328315564,1,
556.500000000,17.923043158947817,-7.414559195991538,3.1252468328315564,1,
556.600000000,17.904712274763632,-7.414259535955541,3.1252468328315564,1,
556.700000000,17.886381390579448,-7.413959875919543,3.1252468328315564,1,
556.800000000,17.866384062378522,-7.413632974062091,3.1252468328315564,1,
556.900000000,17.846386734177596,-7.413306072204639,3.1252468328315564,1,
557.000000000,17.82638940597667,-7.412979170347187,3.1252468328315564,1,
557.100000000,17.806392077775744,-7.412652268489735,3.1252468328315564,1,
557.200000000,17.786394749574818,-7.412325366632283,3.1252468328315564,1,
557.300000000,17.76639742137389,-7.411998464774831,3.1252468328315564,1,
557.400000000,17.746400093172966,-7.411671562917379,3.1252468328315564,1,
557.500000000,17.724736320955294,-7.411317419238472,3.1252468328315564,1,
557.600000000,17.70473899275437,-7.41099051738102,3.1252468328315564,1,
557.700000000,17.684741664553442,-7.410663615523568,3.1252468328315564,1,
557.800000000,17.666410780369258,-7.41036395548757,3.1252468328315564,1,
557.900000000,17.646413452168332,-7.410037053630118,3.1252468328315564,1,
558.000000000,17.626416123967406,-7.409710151772666,3.1252468328315564,1,
558.100000000,17.60641879576648,-7.409383249915214,3.1252468328315564,1,
558.200000000,17.586421467565554,-7.409056348057762,3.1252468328315564,1,
558.300000000,17.56809058338137,-7.408756688021764,3.1252468328315564,1,
558.400000000,17.548093255180444,-7.408429786164312,3.1252468328315564,1,
558.500000000,17.528095926979518,-7.40810288430686,3.1252468328315564,1,
558.600000000,17.50809859877859,-7.407775982449408,3.1252468328315564,1,
558.700000000,17.48643482656092,-7.407421838770501,3.1252468328315564,1,
558.800000000,17.466437498359994,-7.407094936913049,3.1252468328315564,1,
558.900000000,17.446440170159068,-7.406768035055597,3.1252468328315564,1,
559.000000000,17.428109285974884,-7.4064683750196,3.1252468328315564,1,
559.100000000,17.4097784017907,-7.406168714983602,3.1252468328315564,1,
559.200000000,17.389781073589774,-7.40584181312615,3.1252468328315564,1,
559.300000000,17.37145018940559,-7.405542153090153,3.1252468328315564,1,
559.400000000,17.351452861204663,-7.4052152512327005,3.1252468328315564,1,
559.500000000,17.33312197702048,-7.404915591196703,3.1252468328315564,1,
559.600000000,17.313124648819553,-7.404588689339251,3.1252468328315564,1,
559.700000000,17.29146087660188,-7.404234545660344,3.1252468328315564,1,
559.800000000,17.271463548400956,-7.403907643802892,3.1252468328315564,1,
559.900000000,17.249799776183284,-7.403553500123985,3.1252468328315564,1,
560.000000000,17.229802447982358,-7.403226598266533,3.1252468328315564,1,
560.100000000,17.209805119781432,-7.402899696409081,3.1252468328315564,1,
560.200000000,17.191474235597248,-7.402600036373084,3.1252468328315564,1,
560.300000000,17.171476907396322,-7.402273134515632,3.1252468328315564,1,
560.400000000,17.151479579195396,-7.4019462326581795,3.1252468328315564,1,
560.500000000,17.13314869501121,-7.401646572622182,3.1252468328315564,1,
560.600000000,17.113151366810285,-7.40131967076473,3.1252468328315564,1,
560.700000000,17.09315403860936,-7.400992768907278,3.1252468328315564,1,
560.800000000,17.073156710408433,-7.400665867049826,3.1252468328315564,1,
560.900000000,17.05482582622425,-7.400366207013828,3.1252468328315564,1,
561.000000000,17.034828498023323,-7.400039305156376,3.1252468328315564,1,
561.100000000,17.01316472580565,-7.3996851614774695,3.1252468328315564,1,
561.200000000,16.993167397604726,-7.399358259620017,3.1252468328315564,1,
561.300000000,16.9731700694038,-7.399031357762565,3.1252468328315564,1,
561.400000000,16.954839185219615,-7.398731697726568,3.1252468328315564,1,
561.500000000,16.93650830103543,-7.39843203769057,3.1252468328315564,1,
561.600000000,16.916510972834505,-7.398105135833118,3.1252468328315564,1,
561.700000000,16.89651364463358,-7.397778233975666,3.1252468328315564,1,
561.800000000,16.876516316432653,-7.397451332118214,3.1252468328315564,1,
561.900000000,16.856518988231727,-7.397124430260762,3.1252468328315564,1,
562.000000000,16.8365216600308,-7.39679752840331,3.1252468328315564,1,
562.100000000,16.816524331829875,-7.396470626545858,3.1252468328315564,1,
562.200000000,16.79652700362895,-7.396143724688406,3.1252468328315564,1,
562.300000000,16.776529675428023,-7.3958168228309535,3.1252468328315564,1,
562.400000000,16.756532347227097,-7.395489920973501,3.1252468328315564,1,
562.500000000,16.73653501902617,-7.395163019116049,3.1252468328315564,1,
562.600000000,16.718204134841987,-7.394863359080052,3.1252468328315564,1,
562.700000000,16.69820680664106,-7.3945364572226,3.1252468328315564,1,
562.800000000,16.678209478440134,-7.394209555365148,3.1252468328315564,1,
562.900000000,16.65821215023921,-7.393882653507696,3.1252468328315564,1,
563.000000000,16.638214822038282,-7.3935557516502435,3.1252468328315564,1,
563.100000000,16.618217493837356,-7.393228849792791,3.1252468328315564,1,
563.200000000,16.59822016563643,-7.392901947935339,3.1252468328315564,1,
563.300000000,16.578222837435504,-7.392575046077887,3.1252468328315564,1,
563.400000000,16.55822550923458,-7.392248144220435,3.1252468328315564,1,
563.500000000,16.536561737016907,-7.391894000541528,3.1252468328315564,1,
563.600000000,16.51656440881598,-7.391567098684076,3.1252468328315564,1,
563.700000000,16.496567080615055,-7.391240196826624,3.1252468328315564,1,
563.800000000,16.47823619643087,-7.390940536790627,3.1252468328315564,1,
563.900000000,16.458238868229945,-7.390613634933175,3.1252468328315564,1,
564.000000000,16.43824154002902,-7.3902867330757225,3.1252468328315564,1,
564.100000000,16.419910655844834,-7.389987073039725,3.1252468328315564,1,
564.200000000,16.399913327643908,-7.389660171182273,3.1252468328315564,1,
564.300000000,16.381582443459724,-7.3893605111462755,3.1252468328315564,1,
564.400000000,16.361585115258798,-7.389033609288823,3.1252468328315564,1,
564.500000000,16.341587787057872,-7.388706707431371,3.1252468328315564,1,
564.600000000,16.321590458856946,-7.388379805573919,3.1252468328315564,1,
564.700000000,16.30159313065602,-7.388052903716467,3.1252468328315564,1,
564.800000000,16.281595802455094,-7.387726001859015,3.1252468328315564,1,
564.900000000,16.261598474254168,-7.387399100001563,3.1252468328315564,1,
565.000000000,16.243267590069983,-7.387099439965565,3.1252468328315564,1,
565.100000000,16.223270261869057,-7.386772538108113,3.1252468328315564,1,
565.200000000,16.20327293366813,-7.386445636250661,3.1252468328315564,1,
565.300000000,16.183275605467205,-7.386118734393209,3.1252468328315564,1,
565.400000000,16.16327827726628,-7.385791832535757,3.1252468328315564,1,
565.500000000,16.144947393082095,-7.3854921724997595,3.1252468328315564,1,
565.600000000,16.12495006488117,-7.385165270642307,3.1252468328315564,1,
565.700000000,16.103286292663498,-7.384811126963401,3.1252468328315564,1,
565.800000000,16.08328896446257,-7.384484225105949,3.1252468328315564,1,
565.900000000,16.0616251922449,-7.384130081427042,3.1252468328315564,1,
566.000000000,16.041627864043974,-7.38380317956959,3.1252468328315564,1,
566.100000000,16.021630535843048,-7.383476277712138,3.1252468328315564,1,
566.200000000,16.003299651658864,-7.38317661767614,3.1252468328315564,1,
566.300000000,15.983302323457936,-7.382849715818688,3.1252468328315564,1,
566.400000000,15.963304995257008,-7.382522813961236,3.1252468328315564,1,
566.500000000,15.94330766705608,-7.382195912103784,3.1252468328315564,1,
566.600000000,15.923310338855153,-7.381869010246332,3.1252468328315564,1,
566.700000000,15.90497945467097,-7.381569350210334,3.1252468328315564,1,
566.800000000,15.884982126470042,-7.381242448352882,3.1252468328315564,1,
566.900000000,15.864984798269115,-7.38091554649543,3.1252468328315564,1,
567.000000000,15.844987470068187,-7.380588644637978,3.1252468328315564,1,
567.100000000,15.823323697850515,-7.380234500959071,3.1252468328315564,1,
567.200000000,15.803326369649588,-7.379907599101619,3.1252468328315564,1,
567.300000000,15.78332904144866,-7.379580697244167,3.1252468328315564,1,
567.400000000,15.764998157264477,-7.37928103720817,3.1252468328315564,1,
567.500000000,15.74500082906355,-7.3789541353507175,3.1252468328315564,1,
567.600000000,15.725003500862622,-7.378627233493265,3.1252468328315564,1,
567.700000000,15.705006172661694,-7.378300331635813,3.1252468328315564,1,
567.800000000,15.685008844460766,-7.377973429778361,3.1252468328315564,1,
567.900000000,15.666677960276584,-7.377673769742364,3.1252468328315564,1,
568.000000000,15.646680632075656,-7.377346867884912,3.1252468328315564,1,
568.100000000,15.625016859857984,-7.376992724206005,3.1252468328315564,1,
568.200000000,15.605019531657057,-7.376665822348553,3.1252468328315564,1,
568.300000000,15.583355759439385,-7.376311678669646,3.1252468328315564,1,
568.400000000,15.563358431238457,-7.375984776812194,3.1252468328315564,1,
568.500000000,15.54336110303753,-7.375657874954742,3.1252468328315564,1,
568.600000000,15.525030218853347,-7.375358214918744,3.1252468328315564,1,
568.700000000,15.506699334669165,-7.375058554882747,3.1252468328315564,1,
568.800000000,15.486702006468237,-7.374731653025295,3.1252468328315564,1,
568.900000000,15.466704678267309,-7.374404751167843,3.1252468328315564,1,
569.000000000,15.446707350066381,-7.374077849310391,3.1252468328315564,1,
569.100000000,15.428376465882199,-7.373778189274393,3.1252468328315564,1,
569.200000000,15.40837913768127,-7.373451287416941,3.1252468328315564,1,
569.300000000,15.3867153654636,-7.373097143738034,3.1252468328315564,1,
569.400000000,15.366718037262672,-7.372770241880582,3.1252468328315564,1,
569.500000000,15.345054265045,-7.3724160982016755,3.1252468328315564,1,
569.600000000,15.325056936844073,-7.372089196344223,3.1252468328315564,1,
569.700000000,15.305059608643145,-7.371762294486771,3.1252468328315564,1,
569.800000000,15.286728724458962,-7.371462634450774,3.1252468328315564,1,
569.900000000,15.266731396258034,-7.371135732593322,3.1252468328315564,1,
570.000000000,15.246734068057107,-7.37080883073587,3.1252468328315564,1,
570.100000000,15.226736739856179,-7.370481928878418,3.1252468328315564,1,
570.200000000,15.206739411655251,-7.3701550270209655,3.1252468328315564,1,
570.300000000,15.186742083454323,-7.369828125163513,3.1252468328315564,1,
570.400000000,15.166744755253395,-7.369501223306061,3.1252468328315564,1,
570.500000000,15.148413871069213,-7.369201563270064,3.1252468328315564,1,
570.600000000,15.128416542868285,-7.368874661412612,3.1252468328315564,1,
570.700000000,15.106752770650614,-7.368520517733705,3.1252468328315564,1,
570.800000000,15.086755442449686,-7.368193615876253,3.1252468328315564,1,
570.900000000,15.066758114248758,-7.367866714018801,3.1252468328315564,1,
571.000000000,15.048427230064576,-7.367567053982803,3.1252468328315564,1,
571.100000000,15.030096345880393,-7.367267393946806,3.1252468328315564,1,
571.200000000,15.010099017679465,-7.366940492089354,3.1252468328315564,1,
571.300000000,14.990101689478537,-7.366613590231902,3.1252468328315564,1,
571.400000000,14.97010436127761,-7.3662866883744496,3.1252468328315564,1,
571.500000000,14.950107033076682,-7.3659597865169975,3.1252468328315564,1,
571.600000000,14.930109704875754,-7.365632884659545,3.1252468328315564,1,
571.700000000,14.910112376674826,-7.365305982802093,3.1252468328315564,1,
571.800000000,14.890115048473898,-7.364979080944641,3.1252468328315564,1,
571.900000000,14.87011772027297,-7.364652179087189,3.1252468328315564,1,
572.000000000,14.850120392072043,-7.364325277229737,3.1252468328315564,1,
572.100000000,14.830123063871115,-7.363998375372285,3.1252468328315564,1,
572.200000000,14.811792179686933,-7.363698715336287,3.1252468328315564,1,
572.300000000,14.791794851486005,-7.363371813478835,3.1252468328315564,1,
572.400000000,14.771797523285077,-7.363044911621383,3.1252468328315564,1,
572.500000000,14.751800195084149,-7.362718009763931,3.1252468328315564,1,
572.600000000,14.731802866883221,-7.362391107906479,3.1252468328315564,1,
572.700000000,14.711805538682293,-7.362064206049027,3.1252468328315564,1,
572.800000000,14.691808210481366,-7.361737304191575,3.1252468328315564,1,
572.900000000,14.673477326297183,-7.361437644155577,3.1252468328315564,1,
573.000000000,14.653479998096255,-7.361110742298125,3.1252468328315564,1,
573.100000000,14.631816225878584,-7.3607565986192185,3.1252468328315564,1,
573.200000000,14.611818897677656,-7.360429696761766,3.1252468328315564,1,
573.300000000,14.591821569476728,-7.360102794904314,3.1252468328315564,1,
573.400000000,14.573490685292546,-7.359803134868317,3.1252468328315564,1,
573.500000000,14.553493357091618,-7.359476233010865,3.1252468328315564,1,
573.600000000,14.53349602889069,-7.359149331153413,3.1252468328315564,1,
573.700000000,14.513498700689762,-7.3588224292959605,3.1252468328315564,1,
573.800000000,14.493501372488835,-7.358495527438508,3.1252468328315564,1,
573.900000000,14.475170488304652,-7.358195867402511,3.1252468328315564,1,
574.000000000,14.455173160103724,-7.357868965545059,3.1252468328315564,1,
574.100000000,14.433509387886053,-7.357514821866152,3.1252468328315564,1,
574.200000000,14.413512059685125,-7.3571879200087,3.1252468328315564,1,
574.300000000,14.391848287467454,-7.356833776329793,3.1252468328315564,1,
574.400000000,14.371850959266526,-7.356506874472341,3.1252468328315564,1,
574.500000000,14.351853631065598,-7.356179972614889,3.1252468328315564,1,
574.600000000,14.333522746881416,-7.355880312578892,3.1252468328315564,1,
574.700000000,14.313525418680488,-7.3555534107214395,3.1252468328315564,1,
574.800000000,14.29352809047956,-7.355226508863987,3.1252468328315564,1,
574.900000000,14.275197206295378,-7.35492684882799,3.1252468328315564,1,
575.000000000,14.25519987809445,-7.354599946970538,3.1252468328315564,1,
575.100000000,14.235202549893522,-7.354273045113086,3.1252468328315564,1,
575.200000000,14.215205221692594,-7.353946143255634,3.1252468328315564,1,
575.300000000,14.195207893491666,-7.353619241398182,3.1252468328315564,1,
575.400000000,14.175210565290739,-7.3532923395407295,3.1252468328315564,1,
575.500000000,14.153546793073067,-7.352938195861823,3.1252468328315564,1,
575.600000000,14.13354946487214,-7.352611294004371,3.1252468328315564,1,
575.700000000,14.113552136671212,-7.3522843921469185,3.1252468328315564,1,
575.800000000,14.095221252487029,-7.351984732110921,3.1252468328315564,1,
575.900000000,14.075223924286101,-7.351657830253469,3.1252468328315564,1,
576.000000000,14.055226596085173,-7.351330928396017,3.1252468328315564,1,
576.100000000,14.035229267884246,-7.351004026538565,3.1252468328315564,1,
576.200000000,14.015231939683318,-7.350677124681113,3.1252468328315564,1,
576.300000000,13.99523461148239,-7.350350222823661,3.1252468328315564,1,
576.400000000,13.975237283281462,-7.3500233209662085,3.1252468328315564,1,
576.500000000,13.955239955080534,-7.349696419108756,3.1252468328315564,1,
576.600000000,13.935242626879607,-7.349369517251304,3.1252468328315564,1,
576.700000000,13.915245298678679,-7.349042615393852,3.1252468328315564,1,
576.800000000,13.895247970477751,-7.3487157135364,3.1252468328315564,1,
576.900000000,13.875250642276823,-7.348388811678948,3.1252468328315564,1,
577.000000000,13.85691975809264,-7.3480891516429505,3.1252468328315564,1,
577.100000000,13.836922429891713,-7.347762249785498,3.1252468328315564,1,
577.200000000,13.816925101690785,-7.347435347928046,3.1252468328315564,1,
577.300000000,13.798594217506603,-7.347135687892049,3.1252468328315564,1,
577.400000000,13.778596889305675,-7.346808786034597,3.1252468328315564,1,
577.500000000,13.760266005121492,-7.346509125998599,3.1252468328315564,1,
577.600000000,13.740268676920564,-7.346182224141147,3.1252468328315564,1,
577.700000000,13.720271348719637,-7.345855322283695,3.1252468328315564,1,
577.800000000,13.700274020518709,-7.345528420426243,3.1252468328315564,1,
577.900000000,13.680276692317781,-7.345201518568791,3.1252468328315564,1,
578.000000000,13.660279364116853,-7.344874616711339,3.1252468328315564,1,
578.100000000,13.640282035915925,-7.344547714853887,3.1252468328315564,1,
578.200000000,13.621951151731743,-7.344248054817889,3.1252468328315564,1,
578.300000000,13.601953823530815,-7.343921152960437,3.1252468328315564,1,
578.400000000,13.581956495329887,-7.343594251102985,3.1252468328315564,1,
578.500000000,13.563625611145705,-7.343294591066988,3.1252468328315564,1,
578.600000000,13.543628282944777,-7.3429676892095355,3.1252468328315564,1,
578.700000000,13.52363095474385,-7.342640787352083,3.1252468328315564,1,
578.800000000,13.503633626542921,-7.342313885494631,3.1252468328315564,1,
578.900000000,13.48196985432525,-7.3419597418157245,3.1252468328315564,1,
579.000000000,13.461972526124322,-7.341632839958272,3.1252468328315564,1,
579.100000000,13.441975197923394,-7.34130593810082,3.1252468328315564,1,
579.200000000,13.421977869722467,-7.340979036243368,3.1252468328315564,1,
579.300000000,13.401980541521539,-7.340652134385916,3.1252468328315564,1,
579.400000000,13.383649657337356,-7.340352474349919,3.1252468328315564,1,
579.500000000,13.363652329136428,-7.340025572492467,3.1252468328315564,1,
579.600000000,13.3436550009355,-7.3396986706350145,3.1252468328315564,1,
579.700000000,13.325324116751318,-7.339399010599017,3.1252468328315564,1,
579.800000000,13.30532678855039,-7.339072108741565,3.1252468328315564,1,
579.900000000,13.285329460349462,-7.338745206884113,3.1252468328315564,1,
580.000000000,13.265332132148535,-7.338418305026661,3.1252468328315564,1,
580.100000000,13.243668359930863,-7.338064161347754,3.1252468328315564,1,
580.200000000,13.223671031729936,-7.337737259490302,3.1252468328315564,1,
580.300000000,13.203673703529008,-7.33741035763285,3.1252468328315564,1,
580.400000000,13.18367637532808,-7.337083455775398,3.1252468328315564,1,
580.500000000,13.163679047127152,-7.336756553917946,3.1252468328315564,1,
580.600000000,13.14534816294297,-7.336456893881948,3.1252468328315564,1,
580.700000000,13.125350834742042,-7.336129992024496,3.1252468328315564,1,
580.800000000,13.105353506541114,-7.335803090167044,3.1252468328315564,1,
580.900000000,13.087022622356931,-7.335503430131046,3.1252468328315564,1,
581.000000000,13.067025294156004,-7.335176528273594,3.1252468328315564,1,
581.100000000,13.048694409971821,-7.334876868237597,3.1252468328315564,1,
581.200000000,13.028697081770893,-7.334549966380145,3.1252468328315564,1,
581.300000000,13.008699753569966,-7.334223064522693,3.1252468328315564,1,
581.400000000,12.988702425369038,-7.333896162665241,3.1252468328315564,1,
581.500000000,12.96870509716811,-7.3335692608077885,3.1252468328315564,1,
581.600000000,12.950374212983927,-7.333269600771791,3.1252468328315564,1,
581.700000000,12.930376884783,-7.332942698914339,3.1252468328315564,1,
581.800000000,12.912046000598817,-7.3326430388783415,3.1252468328315564,1,
581.900000000,12.893715116414635,-7.332343378842344,3.1252468328315564,1,
582.000000000,12.873717788213707,-7.332016476984892,3.1252468328315564,1,
582.100000000,12.853720460012779,-7.33168957512744,3.1252468328315564,1,
582.200000000,12.833723131811851,-7.331362673269988,3.1252468328315564,1,
582.300000000,12.813725803610923,-7.331035771412536,3.1252468328315564,1,
582.400000000,12.793728475409996,-7.3307088695550835,3.1252468328315564,1,
582.500000000,12.772064703192324,-7.330354725876177,3.1252468328315564,1,
582.600000000,12.752067374991396,-7.330027824018725,3.1252468328315564,1,
582.700000000,12.732070046790469,-7.329700922161273,3.1252468328315564,1,
582.800000000,12.713739162606286,-7.329401262125275,3.1252468328315564,1,
582.900000000,12.695408278422104,-7.329101602089278,3.1252468328315564,1,
583.000000000,12.675410950221176,-7.3287747002318255,3.1252468328315564,1,
583.100000000,12.657080066036993,-7.328475040195828,3.1252468328315564,1,
583.200000000,12.637082737836066,-7.328148138338376,3.1252468328315564,1,
583.300000000,12.617085409635138,-7.327821236480924,3.1252468328315564,1,
583.400000000,12.59708808143421,-7.327494334623472,3.1252468328315564,1,
583.500000000,12.577090753233282,-7.32716743276602,3.1252468328315564,1,
583.600000000,12.557093425032354,-7.326840530908568,3.1252468328315564,1,
583.700000000,12.535429652814683,-7.326486387229661,3.1252468328315564,1,
583.800000000,12.515432324613755,-7.326159485372209,3.1252468328315564,1,
583.900000000,12.495434996412827,-7.325832583514757,3.1252468328315564,1,
584.000000000,12.477104112228645,-7.325532923478759,3.1252468328315564,1,
584.100000000,12.458773228044462,-7.325233263442762,3.1252468328315564,1,
584.200000000,12.438775899843534,-7.32490636158531,3.1252468328315564,1,
584.300000000,12.418778571642607,-7.3245794597278575,3.1252468328315564,1,
584.400000000,12.398781243441679,-7.324252557870405,3.1252468328315564,1,
584.500000000,12.378783915240751,-7.323925656012953,3.1252468328315564,1,
584.600000000,12.358786587039823,-7.323598754155501,3.1252468328315564,1,
584.700000000,12.338789258838895,-7.323271852298049,3.1252468328315564,1,
584.800000000,12.318791930637968,-7.322944950440597,3.1252468328315564,1,
584.900000000,12.29879460243704,-7.322618048583145,3.1252468328315564,1,
585.000000000,12.278797274236112,-7.322291146725693,3.1252468328315564,1,
585.100000000,12.258799946035184,-7.321964244868241,3.1252468328315564,1,
585.200000000,12.240469061851002,-7.321664584832243,3.1252468328315564,1,
585.300000000,12.22213817766682,-7.321364924796246,3.1252468328315564,1,
585.400000000,12.202140849465891,-7.321038022938794,3.1252468328315564,1,
585.500000000,12.183809965281709,-7.320738362902796,3.1252468328315564,1,
585.600000000,12.163812637080781,-7.320411461045344,3.1252468328315564,1,
585.700000000,12.143815308879853,-7.320084559187892,3.1252468328315564,1,
585.800000000,12.123817980678925,-7.31975765733044,3.1252468328315564,1,
585.900000000,12.102154208461254,-7.319403513651533,3.1252468328315564,1,
586.000000000,12.082156880260326,-7.319076611794081,3.1252468328315564,1,
586.100000000,12.062159552059398,-7.318749709936629,3.1252468328315564,1,
586.200000000,12.04216222385847,-7.318422808079177,3.1252468328315564,1,
586.300000000,12.022164895657543,-7.318095906221725,3.1252468328315564,1,
586.400000000,12.00383401147336,-7.317796246185727,3.1252468328315564,1,
586.500000000,11.983836683272433,-7.317469344328275,3.1252468328315564,1,
586.600000000,11.963839355071505,-7.317142442470823,3.1252468328315564,1,
586.700000000,11.943842026870577,-7.316815540613371,3.1252468328315564,1,
586.800000000,11.92384469866965,-7.316488638755919,3.1252468328315564,1,
586.900000000,11.903847370468721,-7.316161736898467,3.1252468328315564,1,
587.000000000,11.883850042267794,-7.315834835041015,3.1252468328315564,1,
587.100000000,11.862186270050122,-7.315480691362108,3.1252468328315564,1,
587.200000000,11.842188941849194,-7.315153789504656,3.1252468328315564,1,
587.300000000,11.822191613648267,-7.314826887647204,3.1252468328315564,1,
587.400000000,11.802194285447339,-7.314499985789752,3.1252468328315564,1,
587.500000000,11.782196957246411,-7.3141730839323,3.1252468328315564,1,
587.600000000,11.763866073062228,-7.313873423896302,3.1252468328315564,1,
587.700000000,11.745535188878046,-7.313573763860305,3.1252468328315564,1,
587.800000000,11.725537860677118,-7.313246862002853,3.1252468328315564,1,
587.900000000,11.70554053247619,-7.3129199601454005,3.1252468328315564,1,
588.000000000,11.685543204275262,-7.312593058287948,3.1252468328315564,1,
588.100000000,11.665545876074335,-7.312266156430496,3.1252468328315564,1,
588.200000000,11.645548547873407,-7.311939254573044,3.1252468328315564,1,
588.300000000,11.625551219672479,-7.311612352715592,3.1252468328315564,1,
588.400000000,11.605553891471551,-7.31128545085814,3.1252468328315564,1,
588.500000000,11.58389011925388,-7.310931307179233,3.1252468328315564,1,
588.600000000,11.563892791052952,-7.310604405321781,3.1252468328315564,1,
588.700000000,11.543895462852024,-7.310277503464329,3.1252468328315564,1,
588.800000000,11.525564578667842,-7.309977843428332,3.1252468328315564,1,
588.900000000,11.505567250466914,-7.3096509415708795,3.1252468328315564,1,
589.000000000,11.430577269713437,-7.308425059605434,-3.1334147468453604,1,
589.100000000,11.37265998441508,-7.308898712322549,-3.0913339688983856,1,
589.200000000,11.32272311946366,-7.311410588774725,-3.041333968943258,1,
589.300000000,11.272974204088289,-7.316415129059439,-2.99133396898813,1,
589.400000000,11.223537584668446,-7.3238998244323135,-2.9413339690330025,1,
589.500000000,11.175306592417948,-7.333689720559313,-2.8905485063126006,1,
589.600000000,11.127634755313537,-7.345915375009501,-2.8397630435921988,1,
589.700000000,11.080645000380132,-7.360545262601124,-2.788977580871797,1,
589.800000000,11.034458495819477,-7.3775416585753755,-2.738192118151395,1,
589.900000000,10.98847192376434,-7.397169067856912,-2.6881921181962674,1,
590.000000000,10.943523784559444,-7.41907031865463,-2.6381921182411396,1,
590.100000000,10.899726425144062,-7.443190669247585,-2.588192118286012,1,
590.200000000,10.857189316107311,-7.469469831321038,-2.538192118330884,1,
590.300000000,10.816018778068694,-7.497842120655846,-2.4881921183757565,1,
590.400000000,10.76341805890589,-7.538112393204766,-2.454438103217168,1,
590.500000000,10.713169540792972,-7.579344497534471,-2.440977250345169,1,
590.600000000,10.664754653500811,-7.620174753468013,-2.4299238142280783,1,
590.700000000,10.618056150933011,-7.660449157693313,-2.4191612580088053,1,
590.800000000,10.573044133921519,-7.70012179718903,-2.4086895816873506,1,
590.900000000,10.530927467235102,-7.738033503802376,-2.3987996651615324,1,
591.000000000,10.490415435096036,-7.775232633522886,-2.389200628533532,1,
591.100000000,10.435661214084513,-7.8264866605004935,-2.374341217110298,1,
591.200000000,10.397270743291912,-7.863508494555101,-2.365033060380116,1,
591.300000000,10.360415417143015,-7.899718015111204,-2.356015783547752,1,
591.400000000,10.325066396882221,-7.935079671839954,-2.3552303207824665,1,
591.500000000,10.28974516278757,-7.9704690829968365,-2.3552303207824665,1,
591.600000000,10.256778677632562,-8.003499200076593,-2.3552303207824665,1,
591.700000000,10.223812192477554,-8.036529317156349,-2.3552303207824665,1,
591.800000000,10.192023081792367,-8.068379787197543,-2.3552303207824665,1,
591.900000000,10.161411345577003,-8.099050610200173,-2.3552303207824665,1,
592.000000000,10.13197698383146,-8.128541786164242,-2.3552303207824665,1,
592.100000000,10.10371999655574,-8.156853315089746,-2.3552303207824665,1,
592.200000000,10.07664038374984,-8.183985196976689,-2.3552303207824665,1,
592.300000000,10.050738145413762,-8.20993743182507,-2.3552303207824665,1,
592.400000000,10.024835907077684,-8.235889666673451,-2.3558063268103426,1,
592.500000000,10.000096778153956,-8.26064800870387,-2.3563561507460427,1,
592.600000000,9.976522742046622,-8.284214424059652,-2.3568797925895666,1,
592.700000000,9.954115687472477,-8.306590788444623,-2.357377252340914,1,
592.800000000,9.931697504330621,-8.32895600345356,-2.3578747120922614,1,
592.900000000,9.91044868796679,-8.350133534072974,-2.3583459897514327,1,
593.000000000,9.890370937604914,-8.370125075238777,-2.358791085318428,1,
593.100000000,9.870284291085783,-8.39010767790693,-2.359236180885423,1,
593.200000000,9.851370842900353,-8.408906416929753,-2.3596550943602423,1,
593.300000000,9.832449521329615,-8.427697231205027,-2.3600740078350615,1,
593.400000000,9.814703404171263,-8.445306187045794,-2.360466739217704,1,
593.500000000,9.796950372792079,-8.462908172071629,-2.3608594706003467,1,
593.600000000,9.780374426121039,-8.479330182801235,-2.3612260198908133,1,
593.700000000,9.763792461087313,-8.495746116526268,-2.36159256918128,1,
593.800000000,9.748389335716574,-8.510983838575765,-2.3619329363795702,1,
593.900000000,9.732981024817397,-8.526216317024092,-2.3622733035778607,1,
594.000000000,9.718753183608875,-8.540272224484841,-2.362587488683975,1,
594.100000000,9.704520926945882,-8.554323661076118,-2.3629016737900894,1,
594.200000000,9.691470645459361,-8.567200045049644,-2.3631896768040277,1,
594.300000000,9.677229929769219,-8.581242908597815,-2.363503861910142,1,
594.400000000,9.662984802723441,-8.595281297232187,-2.3638180470162564,1,
594.500000000,9.647547804311928,-8.610484702261568,-2.364158414214547,1,
594.600000000,9.633293491458758,-8.624513763708578,-2.3644725993206612,1,
594.700000000,9.61903477158704,-8.638538345970444,-2.3647867844267756,1,
594.800000000,9.604771646104284,-8.652558447662768,-2.36510096953289,1,
594.900000000,9.589315155611281,-8.667742035713164,-2.3654413367311804,1,
595.000000000,9.575042856294747,-8.681752798441126,-2.3657555218372948,1,
595.100000000,9.560766155709736,-8.695759076333768,-2.3657555218372948,1,
595.200000000,9.547679180173477,-8.708598164402025,-2.3657555218372948,1,
595.300000000,9.534592204637217,-8.721437252470281,-2.3657555218372948,1,
595.400000000,9.520315504052206,-8.735443530362923,-2.3657555218372948,1,
595.500000000,9.504849078418445,-8.750616998079954,-2.3657555218372948,1,
595.600000000,9.489382652784684,-8.765790465796984,-2.3657555218372948,1,
595.700000000,9.475105952199673,-8.779796743689626,-2.3657555218372948,1,
595.800000000,9.460829251614662,-8.793803021582269,-2.3657555218372948,1,
595.900000000,9.4453628259809,-8.8089764892993,-2.3657555218372948,1,
596.000000000,9.43108612539589,-8.822982767191942,-2.3657555218372948,1,
596.100000000,9.416809424810879,-8.836989045084584,-2.3657555218372948,1,
596.200000000,9.40372244927462,-8.84982813315284,-2.3657555218372948,1,
596.300000000,9.39063547373836,-8.862667221221097,-2.3657555218372948,1,
596.400000000,9.376358773153349,-8.876673499113739,-2.3657555218372948,1,
596.500000000,9.360892347519588,-8.89184696683077,-2.3657555218372948,1,
596.600000000,9.345425921885827,-8.9070204345478,-2.3657555218372948,1,
596.700000000,9.331149221300816,-8.921026712440442,-2.3657555218372948,1,
596.800000000,9.316872520715805,-8.935032990333085,-2.3657555218372948,1,
596.900000000,9.301406095082044,-8.950206458050115,-2.3657555218372948,1,
597.000000000,9.287129394497033,-8.964212735942757,-2.3657555218372948,1,
597.100000000,9.272852693912021,-8.9782190138354,-2.3657555218372948,1,
597.200000000,9.259765718375762,-8.991058101903656,-2.3657555218372948,1,
597.300000000,9.2419198426445,-9.00856594926946,-2.3657555218372948,1,
597.400000000,9.224073966913236,-9.026073796635265,-2.3657555218372948,1,
597.500000000,9.207417816230723,-9.042414454176681,-2.3657555218372948,1,
597.600000000,9.19076166554821,-9.058755111718098,-2.3657555218372948,1,
597.700000000,9.17529523991445,-9.073928579435128,-2.3657555218372948,1,
597.800000000,9.159828814280688,-9.089102047152158,-2.3657555218372948,1,
597.900000000,9.141982938549425,-9.106609894517963,-2.3657555218372948,1,
598.000000000,9.124137062818162,-9.124117741883767,-2.3657555218372948,1,
598.100000000,9.10748091213565,-9.140458399425183,-2.3657555218372948,1,
598.200000000,9.090824761453137,-9.1567990569666,-2.3657555218372948,1,
598.300000000,9.075358335819375,-9.17197252468363,-2.3657555218372948,1,
598.400000000,9.059891910185614,-9.18714599240066,-2.3657555218372948,1,
598.500000000,9.045615209600603,-9.201152270293303,-2.3657555218372948,1,
598.600000000,9.031338509015592,-9.215158548185945,-2.3657555218372948,1,
598.700000000,9.012302908235577,-9.233833585376136,-2.3657555218372948,1,
598.800000000,8.994457032504314,-9.25134143274194,-2.3657555218372948,1,
598.900000000,8.976611156773052,-9.268849280107744,-2.3657555218372948,1,
599.000000000,8.959955006090539,-9.285189937649161,-2.3657555218372948,1,
599.100000000,8.943298855408026,-9.301530595190577,-2.3657555218372948,1,
599.200000000,8.927832429774265,-9.316704062907608,-2.3657555218372948,1,
599.300000000,8.912366004140504,-9.331877530624638,-2.3657555218372948,1,
599.400000000,8.898089303555492,-9.34588380851728,-2.3657555218372948,1,
599.500000000,8.883812602970481,-9.359890086409923,-2.3657555218372948,1,
599.600000000,8.870725627434222,-9.372729174478179,-2.3657555218372948,1,
599.700000000,8.857638651897963,-9.385568262546435,-2.3657555218372948,1,
599.800000000,8.843361951312952,-9.399574540439078,-2.3657555218372948,1,
599.900000000,8.82789552567919,-9.414748008156108,-2.3657555218372948,1,
600.000000000,8.81242910004543,-9.429921475873138,-2.3657555218372948,1,
600.100000000,8.798152399460418,-9.44392775376578,-2.3657555218372948,1,
600.200000000,8.783875698875407,-9.457934031658423,-2.3657555218372948,1,
600.300000000,8.770788723339148,-9.47077311972668,-2.3657555218372948,1,
600.400000000,8.756512022754137,-9.484779397619322,-2.3657555218372948,1,
600.500000000,8.742235322169126,-9.498785675511964,-2.3657555218372948,1,
600.600000000,8.729148346632867,-9.51162476358022,-2.3657555218372948,1,
600.700000000,8.711302470901604,-9.529132610946025,-2.3657555218372948,1,
600.800000000,8.69345659517034,-9.54664045831183,-2.3657555218372948,1,
600.900000000,8.676800444487828,-9.562981115853246,-2.3657555218372948,1,
601.000000000,8.658954568756565,-9.58048896321905,-2.3657555218372948,1,
601.100000000,8.605416941562774,-9.633012505316461,-2.3902792493399647,1,
601.200000000,8.563089981212558,-9.672548118511894,-2.4323600272869395,1,
601.300000000,8.531156484024876,-9.6999532938941,-2.4902792492479686,1,
601.400000000,8.511653051417307,-9.71482034917387,-2.565755521632255,1,
601.500000000,8.504409382991092,-9.71952319105998,-2.6571191187887844,1,
601.600000000,8.499171477501225,-9.722279954030757,-2.751200048253825,1,
601.700000000,8.493697759463556,-9.7245324652609,-2.8452809777188652,1,
601.800000000,8.488036642242117,-9.726260801976634,-2.9393619071839057,1,
601.900000000,8.482238196689478,-9.72744967756765,-3.033442836648946,1,
602.000000000,8.47635370828535,-9.7280885767925,-3.1275237661139865,1,
602.100000000,8.470435223532183,-9.7281718487827,3.0615806116005593,1,
602.200000000,8.464535089619748,-9.727698757022933,2.967499682135519,1,
602.300000000,8.458705491430235,-9.726673485865303,2.8734187526704784,1,
602.400000000,8.431356222547796,-9.71915809391359,2.8017818206390857,1,
602.500000000,8.388671461605446,-9.704068004147192,2.747055429130828,1,
602.600000000,8.339608673333355,-9.683639793603176,2.700201162534956,1,
602.700000000,8.290842829197532,-9.660598832666839,2.654136247916822,1,
602.800000000,8.243189720464857,-9.63533671353045,2.608071333298688,1,
602.900000000,8.196750448025778,-9.607907032335104,2.562006418680554,1,
603.000000000,8.151623537494263,-9.578367983924062,2.51594150406242,1,
603.100000000,8.107904730175743,-9.546782238376501,2.469876589444286,1,
603.200000000,8.065686779942247,-9.513216808046602,2.423811674826152,1,
603.300000000,8.025059256445683,-9.477742905390068,2.377746760208018,1,
603.400000000,7.973993338408362,-9.428832047508378,2.348457438352958,1,
603.500000000,7.92137223218458,-9.375390311198771,2.3375088922336054,1,
603.600000000,7.869339377417896,-9.32137566480699,2.328124804880071,1,
603.700000000,7.817815684390265,-9.26687512300423,2.320247485624185,1,
603.800000000,7.766722903659947,-9.21197040774913,2.3126852591385347,1,
603.900000000,7.7160467817855,-9.156680890914869,2.305280579038002,1,
604.000000000,7.665781446616414,-9.101017652773889,2.2981909917077052,1,
604.100000000,7.6170202106566665,-9.046244304825679,2.291258950762526,1,
604.200000000,7.570838942324355,-8.99363926271735,2.284642002587582,1,
604.300000000,7.526098009548856,-8.941989544626901,2.2781826007977557,1,
604.400000000,7.483857798769387,-8.892585449722674,2.2802253080882378,1,
604.500000000,7.442602425792032,-8.844532298820672,2.2832120322670604,1,
604.600000000,7.403382595017447,-8.79912519723939,2.286041560436471,1,
604.700000000,7.36512744502808,-8.75508747162749,2.288792490601176,1,
604.800000000,7.327847756656499,-8.71241035895537,2.291464822761175,1,
604.900000000,7.291553965953206,-8.671085296869688,2.294058556916468,1,
605.000000000,7.257359223635101,-8.632353345689262,2.2964950950623497,1,
605.100000000,7.224176308216693,-8.594951552626164,2.2988530352035252,1,
605.200000000,7.192014327746605,-8.558872221654639,2.301132377339995,1,
605.300000000,7.160882060444885,-8.52410787626411,2.303333121471759,1,
605.400000000,7.130787957569628,-8.490651262984617,2.3083011677177483,1,
605.500000000,7.1016487514555795,-8.458578152053171,2.3137754407774245,1,
605.600000000,7.073461880697578,-8.427892464379878,2.319039164873267,1,
605.700000000,7.046247800195726,-8.398577044846146,2.3240923400052766,1,
605.800000000,7.0200260096734315,-8.370615246866592,2.3289349661734513,1,
605.900000000,6.994815070394553,-8.34399095372816,2.333567043377793,1,
606.000000000,6.969481076239591,-8.317483724816016,2.3381991205821344,1,
606.100000000,6.945181684661928,-8.292293655960307,2.3426206488226424,1,
606.200000000,6.921933558670989,-8.268405672600037,2.3468316280993164,1,
606.300000000,6.8997524728648,-8.245805291845805,2.350832058412157,1,
606.400000000,6.87748115353814,-8.223293825584637,2.3548324887249974,1,
606.500000000,6.856296862183569,-8.20205174941952,2.3586223700740043,1,
606.600000000,6.835032218210376,-8.180890111564823,2.3624122514230113,1,
606.700000000,6.8148733432223105,-8.160980376835466,2.365991583808184,1,
606.800000000,6.795833334506633,-8.142309833747007,2.3693603672295236,1,
606.900000000,6.776730536933486,-8.123703538146042,2.372729150650863,1,
607.000000000,6.758763002897046,-8.106320565999445,2.3766887616543766,1,
607.100000000,6.7407267800846595,-8.089008874381872,2.38064837265789,1,
607.200000000,6.723829126531053,-8.072918077359141,2.384344009594503,1,
607.300000000,6.706872122760674,-8.05688983766865,2.388039646531116,1,
607.400000000,6.691071437681279,-8.042064764465923,2.392882720321504,1,
607.500000000,6.675199139264138,-8.027316388711228,2.39808442676207,1,
607.600000000,6.659250339205666,-8.012650775149588,2.403286133202636,1,
607.700000000,6.644458151363697,-7.999190047871767,2.4080877083785435,1,
607.800000000,6.629601501593669,-7.9858005012920374,2.412889283554451,1,
607.900000000,6.615924129848232,-7.973592282206182,2.417290727465699,1,
608.000000000,6.602193156968382,-7.961444381363488,2.4216921713769475,1,
608.100000000,6.588408848959824,-7.949357034101317,2.426093615288196,1,
608.200000000,6.573313529579842,-7.936237150991459,2.430895190464103,1,
608.300000000,6.556892209912847,-7.922102629250741,2.4360968969046692,1,
608.400000000,6.540397589106122,-7.908053717232837,2.4412986033452353,1,
608.500000000,6.5251045346690715,-7.895164866004531,2.4461001785211427,1,
608.600000000,6.5097497699730145,-7.882349593821361,2.45090175369705,1,
608.700000000,6.493048972277466,-7.8685464130003755,2.456103460137616,1,
608.800000000,6.476276600753625,-7.85483029117565,2.461305166578182,1,
608.900000000,6.460728762417759,-7.842249960373887,2.4661067417540896,1,
609.000000000,6.43731666599849,-7.823491662443241,2.4733091045179503,1,
609.100000000,6.417694505931431,-7.8080006704058444,2.4793110734878345,1,
609.200000000,6.392722448056696,-7.788528277042967,2.4869135675163543,1,
609.300000000,6.3715692913914515,-7.772290818060517,2.495117305363997,1,
609.400000000,6.311703397351397,-7.727112562994778,2.5196410328666663,1,
609.500000000,6.25074767631417,-7.68341588036518,2.544164760369336,1,
609.600000000,6.188738786018407,-7.6412270486168605,2.5686884878720053,1,
609.700000000,6.125714017560904,-7.600571439398966,2.593212215374675,1,
609.800000000,6.0617112729703875,-7.561473502306568,2.6177359428773443,1,
609.900000000,5.99676904241387,-7.523956750177097,2.642259670380014,1,
610.000000000,5.9309263810493205,-7.488043744950116,2.6667833978826834,1,
610.100000000,5.865705185438788,-7.454518032117866,2.6906108422439923,1,
610.200000000,5.801203779745115,-7.423282158916508,2.7138967537789074,1,
610.300000000,5.737509110376239,-7.394247884446676,2.736641132487429,1,
610.400000000,5.671638736375776,-7.366013066576708,2.7550420049585114,1,
610.500000000,5.608347380885326,-7.340251685312771,2.7725870228960545,1,
610.600000000,5.546168283291711,-7.316205806936465,2.7897041135668283,1,
610.700000000,5.486715797376186,-7.2943766285374645,2.8059653497040635,1,
610.800000000,5.428489891094381,-7.2740660003974895,2.8217986585745294,1,
610.900000000,5.3715318790812026,-7.255203739994596,2.837204040178226,1,
611.000000000,5.317470158142569,-7.238220176167635,2.851753567248384,1,
611.100000000,5.264764214922682,-7.222501284689479,2.8658751670517724,1,
611.200000000,5.213445275261279,-7.20798195700278,2.8795688395883916,1,
611.300000000,5.163542109924861,-7.194598439757656,2.8928345848582415,1,
611.400000000,5.116696528157264,-7.182698751527853,2.9060570885913646,1,
611.500000000,5.071318351522687,-7.1718084410135035,2.918823643919897,1,
611.600000000,5.0258048448423915,-7.161498325231397,2.9315901992484297,1,
611.700000000,4.981793476703366,-7.152117521719373,2.9439008061723717,1,
611.800000000,4.939304167248638,-7.143606566435852,2.9557554646917232,1,
611.900000000,4.8983549210740644,-7.135907842590613,2.9671541748064842,1,
612.000000000,4.858961955111347,-7.128965635977423,2.9780969365166547,1,
612.100000000,4.82113982280007,-7.1227261847297,2.988583749822235,1,
612.200000000,4.7849015343496895,-7.117137723883331,2.998614614723225,1,
612.300000000,4.748609012844919,-7.1119130394650885,3.008645479624215,1,
612.400000000,4.713917869167883,-7.107273583637168,3.0182203961206144,1,
612.500000000,4.680837892798899,-7.1031715994174744,3.0273393642124233,1,
612.600000000,4.649377686784434,-7.099561444946377,3.0360023838996417,1,
612.700000000,4.617887386825869,-7.096223962916856,3.04466540358686,1,
612.800000000,4.588028199907321,-7.093320696383578,3.052872474869488,1,
612.900000000,4.558146191533204,-7.090662581350475,3.061079546152116,1,
613.000000000,4.529904642042449,-7.088383840439583,3.0688306690301532,1,
613.100000000,4.5033085349891495,-7.086445232505897,3.074353070208409,1,
613.200000000,4.476702127768103,-7.0846535277593095,3.079875471386665,1,
613.300000000,4.451749725289176,-7.083111577523534,3.08505272249128,1,
613.400000000,4.426789674192815,-7.081698832229061,3.088610749379733,1,
613.500000000,4.4034890824913955,-7.080463166089606,3.091931574475623,1,
613.600000000,4.380184515844331,-7.079304883810987,3.0952523995715127,1,
613.700000000,4.358541108722261,-7.078301204284045,3.0983360228748387,1,
613.800000000,4.336894709536123,-7.077364269537757,3.1014196461781647,1,
613.900000000,4.3169108460710035,-7.076561025485527,3.1042660676889273,1,
614.000000000,4.296924777193552,-7.075814667109308,3.10711248919969,1,
614.100000000,4.276936664833096,-7.075125200456176,3.1099589107104526,1,
614.200000000,4.25694667093552,-7.074492631112266,3.1128053322212152,1,
614.300000000,4.235288981339154,-7.073868991960262,3.116236995090927,1,
614.400000000,4.215295410088896,-7.0733619331265105,3.119404683893738,1,
614.500000000,4.193634076518423,-7.072881233227269,3.12283634676345,1,
614.600000000,4.173637594405746,-7.072506129085192,3.1260040355662606,1,
614.700000000,4.153640024406656,-7.072194369351609,3.1291717243690713,1,
614.800000000,4.135308105283731,-7.0719666581711955,3.132075439104981,1,
614.900000000,4.11530901105061,-7.071776316754967,3.135243127907792,1,
615.000000000,4.09530941421402,-7.071649327094627,3.1384108167106026,1,
615.100000000,4.075309515454793,-7.0715856904644205,3.1415785055134133,1,
615.200000000,4.055309515456795,-7.0715854075028926,-3.138439112863362,1,
615.300000000,4.036976273284228,-7.071643222320384,-3.1355353981274523,1,
615.400000000,4.016976640186543,-7.071764366688823,-3.133008810561448,1,
615.500000000,3.9986439822707065,-7.071921735211779,-3.130692771959277,1,
615.600000000,3.9786451703331394,-7.072139728527793,-3.128166184393273,1,
615.700000000,3.9586469730068092,-7.072408249843827,-3.1256395968272686,1,
615.800000000,3.938649517953035,-7.072727297445739,-3.1231130092612642,1,
615.900000000,3.9186529328283974,-7.073096869296842,-3.12058642169526,1,
616.000000000,3.9003236442459635,-7.073481955226167,-3.118270383093089,1,
616.100000000,3.880329083282431,-7.073948358351775,-3.115743795527085,1,
616.200000000,3.8603357645450354,-7.074465277944077,-3.1132172079610805,1,
616.300000000,3.8370118241837723,-7.075127282829773,-3.1102695224674086,1,
616.400000000,3.813689936530915,-7.075858036380537,-3.107693498488007,1,
616.500000000,3.790370008695455,-7.076648865182092,-3.105487849096359,1,
616.600000000,3.7670518818740555,-7.077491127602939,-3.103282199704711,1,
616.700000000,3.743735669506775,-7.078384819545567,-3.101076550313063,1,
616.800000000,3.720421485024358,-7.0793299366622655,-3.098870900921415,1,
616.900000000,3.697109441847684,-7.080326474355146,-3.096665251529767,1,
617.000000000,3.673799653387215,-7.081374427776164,-3.094459602138119,1,
617.100000000,3.6504922330424434,-7.082473791827145,-3.092253952746471,1,
617.200000000,3.6271872942013426,-7.083624561159808,-3.090048303354823,1,
617.300000000,3.6038849502398125,-7.084826730175788,-3.088211930197689,1,
617.400000000,3.5805848531987974,-7.08607168893965,-3.086375557040555,1,
617.500000000,3.5572870816524085,-7.087359433253062,-3.084539183883421,1,
617.600000000,3.5339917141669157,-7.08868995877341,-3.082702810726287,1,
617.700000000,3.5106988293004813,-7.090063261013807,-3.080866437569153,1,
617.800000000,3.4874085056028954,-7.091479335343114,-3.0790300644120188,1,
617.900000000,3.465784227614425,-7.092833974011464,-3.0773248607661086,1,
618.000000000,3.4441622909982903,-7.094225484490156,-3.0756196571201984,1,
618.100000000,3.4242057995767943,-7.095543987483614,-3.074045622985512,1,
618.200000000,3.404251408245091,-7.096893901029457,-3.0724715888508256,1,
618.300000000,3.3842991664418403,-7.098275221783162,-3.0708975547161392,1,
618.400000000,3.364349123600376,-7.099687946322391,-3.069323520581453,1,
618.500000000,3.3444013291485843,-7.1011320711470045,-3.0677494864467665,1,
618.600000000,3.326117957228764,-7.10248463255139,-3.066306621823304,1,
618.700000000,3.307836555902959,-7.103863572969243,-3.0648637571998414,1,
618.800000000,3.28291011134954,-7.105779913733645,-3.0628962145314835,1,
618.900000000,3.2596489939122018,-7.107614269209229,-3.0610598413743495,1,
619.000000000,3.236391284255457,-7.109491337659504,-3.0595918324734463,1,
619.100000000,3.213136355211676,-7.111402546599719,-3.058123823572543,1,
619.200000000,3.1898842568963874,-7.113347891911124,-3.05665581467164,1,
619.300000000,3.1682956978102603,-7.115185978152096,-3.055292663549373,1,
619.400000000,3.1450492002596433,-7.117197145990341,-3.0556592128398394,1,
619.500000000,3.12346248373437,-7.119056746512475,-3.0563401152700003,1,
619.600000000,3.100213892335431,-7.121043563668034,-3.0570733948101734,1,
619.700000000,3.076963850294623,-7.123013332574556,-3.0578066743503465,1,
619.800000000,3.0537123701134665,-7.124966052172897,-3.0585399538905196,1,
619.900000000,3.030459464294257,-7.126901721413082,-3.0592732334306927,1,
620.000000000,3.007205145340054,-7.128820339254306,-3.060006512970866,1,
620.100000000,2.9839494257546795,-7.130721904664928,-3.060739792511039,1,
620.200000000,2.960692318042707,-7.1326064166224805,-3.061473072051212,1,
620.300000000,2.9390951549475464,-7.1343404842928635,-3.062153974481373,1,
620.400000000,2.9174968161281116,-7.136059846001565,-3.0628348769115337,1,
620.500000000,2.89755881194647,-7.1376333736476045,-3.0634634022316822,1,
620.600000000,2.8776198227011216,-7.139194369443202,-3.064091927551831,1,
620.700000000,2.8560181923994885,-7.140871871382402,-3.0647728299819916,1,
620.800000000,2.8360771762372146,-7.142406757181387,-3.06540135530214,1,
620.900000000,2.816135199299206,-7.143929109244456,-3.0660298806222888,1,
621.000000000,2.797854180283071,-7.145313108826399,-3.0666060288324246,1,
621.100000000,2.779572366912261,-7.146686575602833,-3.0671821770425605,1,
621.200000000,2.759627710559282,-7.148173412164657,-3.067810702362709,1,
621.300000000,2.739682123631448,-7.149647712712104,-3.0684392276828576,1,
621.400000000,2.719735614008144,-7.151109476662761,-3.068753412788972,1,
621.500000000,2.699788646104868,-7.152564973645131,-3.0690675978950863,1,
621.600000000,2.6798412218906313,-7.154014203515539,-3.0693817830012007,1,
621.700000000,2.6598933433344896,-7.155457166130928,-3.069695968107315,1,
621.800000000,2.639945012405543,-7.15689386134886,-3.0700101532134294,1,
621.900000000,2.6199962310729368,-7.158324289027516,-3.0703243383195438,1,
622.000000000,2.6000470013058607,-7.159748449025695,-3.070638523425658,1,
622.100000000,2.580097325073549,-7.161166341202815,-3.0709527085317725,1,
622.200000000,2.5618097144059684,-7.162460330067571,-3.0712407115457108,1,
622.300000000,2.5435217318241397,-7.163749051991744,-3.071528714559649,1,
622.400000000,2.5185830686707305,-7.165499217732695,-3.0719214459422917,1,
622.500000000,2.4953063433339158,-7.1671235643825595,-3.072287995232758,1,
622.600000000,2.4720290241577136,-7.168739378856336,-3.0726545445232247,1,
622.700000000,2.4487511142696277,-7.170346660936927,-3.0730210938136913,1,
622.800000000,2.4254726167972396,-7.171945410408379,-3.073387643104158,1,
622.900000000,2.402193534868211,-7.173535627055889,-3.0737541923946243,1,
623.000000000,2.3789138716102816,-7.175117310665796,-3.074120741685091,1,
623.100000000,2.355633630151269,-7.176690461025589,-3.0744872909755574,1,
623.200000000,2.3323528136190688,-7.178255077923901,-3.074853840266024,1,
623.300000000,2.310734381461469,-7.179700012348612,-3.0751942074643144,1,
623.400000000,2.287452464692949,-7.181248171264273,-3.075560756754781,1,
623.500000000,2.26416998201195,-7.182787796106049,-3.0759273060452474,1,
623.600000000,2.2408869365466684,-7.184318886667078,-3.076293855335714,1,
623.700000000,2.2192664460768974,-7.185732688736319,-3.0766342225340044,1,
623.800000000,2.1976454756476516,-7.187139131818041,-3.076974589732295,1,
623.900000000,2.177687216062481,-7.188430593908441,-3.0772887748384092,1,
624.000000000,2.1577285517042255,-7.189715785347297,-3.0776029599445236,1,
624.100000000,2.1394327401398154,-7.190888129286041,-3.077890962958462,1,
624.200000000,2.119473305473401,-7.19216130162203,-3.0782051480645762,1,
624.300000000,2.099513471780328,-7.193428202938184,-3.0785193331706906,1,
624.400000000,2.0795532410308777,-7.194688833109446,-3.078833518276805,1,
624.500000000,2.0595926151953696,-7.195943192011375,-3.0791477033829193,1,
624.600000000,2.0412950144900965,-7.197087272227752,-3.0794357063968576,1,
624.700000000,2.0229970850451315,-7.198226082632603,-3.079723709410796,1,
624.800000000,2.003035350499399,-7.199462672267729,-3.0800378945169102,1,
624.900000000,1.9847367385940726,-7.200590463671029,-3.0803258975308485,1,
625.000000000,1.9647742630081644,-7.201815032363269,-3.080640082636963,1,
625.100000000,1.9448114036662887,-7.203033329082663,-3.0822141167716492,1,
625.200000000,1.9248466514144023,-7.2042202020837856,-3.0837881509063356,1,
625.300000000,1.9048800557168348,-7.205375648426062,-3.085362185041022,1,
625.400000000,1.8849116660424834,-7.206499665246778,-3.0869362191757084,1,
625.500000000,1.8649415318646896,-7.207592249761087,-3.0885102533103947,1,
625.600000000,1.846634021761415,-7.208564970136944,-3.0899531179338573,1,
625.700000000,1.8266606822525546,-7.209597301897473,-3.0915271520685437,1,
625.800000000,1.8083503208693066,-7.210514786025928,-3.092970016692006,1,
625.900000000,1.788373957820149,-7.211486855636731,-3.0945440508266926,1,
626.000000000,1.7683960894474227,-7.2124274805790005,-3.096118084961379,1,
626.100000000,1.7484167652479536,-7.21333665852226,-3.0976921190960653,1,
626.200000000,1.7284360347221748,-7.2142143872139455,-3.0992661532307517,1,
626.300000000,1.7084539473740032,-7.215060664479411,-3.1005244465743833,1,
626.400000000,1.6884708109799016,-7.215881797754054,-3.101782739918015,1,
626.500000000,1.66682131102915,-7.216744118069748,-3.1031458910402825,1,
626.600000000,1.6468360907439636,-7.2175128639006765,-3.104404184383914,1,
626.700000000,1.6268499189725893,-7.2182564618600065,-3.1056624777275457,1,
626.800000000,1.6085284183269564,-7.218915040027865,-3.1068159132925413,1,
626.900000000,1.5885405113247453,-7.219610434643144,-3.108074206636173,1,
627.000000000,1.570217475651541,-7.220224824445793,-3.1092276422011684,1,
627.100000000,1.5518937435080515,-7.220818079403428,-3.110381077766164,1,
627.200000000,1.5319034843419042,-7.221442209574351,-3.1116393711097956,1,
627.300000000,1.5119124556624322,-7.222041185647773,-3.112582547166266,1,
627.400000000,1.491920870934973,-7.2226213063979765,-3.113525723222736,1,
627.500000000,1.4719287479436605,-7.2231825713088975,-3.1144688992792062,1,
627.600000000,1.4519361044731076,-7.223724979881245,-3.1154120753356764,1,
627.700000000,1.4302768627946638,-7.224292160945109,-3.1164338493968526,1,
627.800000000,1.410283192115084,-7.22479528394847,-3.117377025453323,1,
627.900000000,1.3902890557949992,-7.225279549179377,-3.118320201509793,1,
628.000000000,1.371960686968662,-7.225706172288064,-3.1191847795615577,1,
628.100000000,1.3519657078867524,-7.226154292265301,-3.120127955618028,1,
628.200000000,1.3319703150424493,-7.226583553260495,-3.121071131674498,1,
628.300000000,1.3136408419582057,-7.226959754755843,-3.1219357097262628,1,
628.400000000,1.2936447057882101,-7.227352868315758,-3.1225642350464113,1,
628.500000000,1.273648326486082,-7.227733413720963,-3.12319276036656,1,
628.600000000,1.2536517119512725,-7.228101390821127,-3.1238212856867085,1,
628.700000000,1.235321273572321,-7.228427182083403,-3.1243974338968443,1,
628.800000000,1.2153242302552711,-7.228771069530158,-3.125025959216993,1,
628.900000000,1.1953269747461246,-7.2291023882617615,-3.1256544845371415,1,
629.000000000,1.1753295149446785,-7.229421138147329,-3.12628300985729,1,
629.100000000,1.1553318587508108,-7.22972731906094,-3.1269115351774386,1,
629.200000000,1.137000501121671,-7.229996463229915,-3.1274876833875744,1,
629.300000000,1.117002490590531,-7.2302785532800975,-3.128116208707723,1,
629.400000000,1.0970043067087112,-7.230548074019417,-3.1287447340278716,1,
629.500000000,1.0770059573763755,-7.230805025341401,-3.12937325934802,1,
629.600000000,1.0570074504937532,-7.231049407144543,-3.1300017846681687,1,
629.700000000,1.0386753486721871,-7.2312619016499875,-3.1305779328783045,1,
629.800000000,1.0186765619006444,-7.231482191609742,-3.131206458198453,1,
629.900000000,0.9970110638482318,-7.231707221797388,-3.131887360628614,1,
630.000000000,0.9770120057679529,-7.2319013246093995,-3.1325158859487625,1,
630.100000000,0.9553462316286921,-7.23209798520786,-3.1331967883789233,1,
630.200000000,0.9353469365300777,-7.23226590053932,-3.133825313699072,1,
630.300000000,0.9153475398427342,-7.232421245775087,-3.1344538390192205,1,
630.400000000,0.8970146736652571,-7.232552122930566,-3.1350299872293563,1,
630.500000000,0.878681735125913,-7.2326724376168725,-3.135606135439492,1,
630.600000000,0.8586820935088383,-7.232792167264722,-3.1362346607596407,1,
630.700000000,0.8403490233323411,-7.232890396663277,-3.1368108089697766,1,
630.800000000,0.820349251992285,-7.232986033191205,-3.137439334289925,1,
630.900000000,0.8003494244926491,-7.233069099338386,-3.1380678596100737,1,
631.000000000,0.7803495487342464,-7.2331395950720045,-3.1386963849302223,1,
631.100000000,0.7586829729415479,-7.233202347471897,-3.139377287360383,1,
631.200000000,0.7386830220200031,-7.233246654760243,-3.1400058126805317,1,
631.300000000,0.7170163826323582,-7.233281036298847,-3.1406867151106925,1,
631.400000000,0.697016390839603,-7.233299155065951,-3.141000900216807,1,
631.500000000,0.6770163943413234,-7.23331099013272,-3.1413150853229213,1,
631.600000000,0.6586830617142281,-7.233316078884214,3.1415822188427267,1,
631.700000000,0.6403497283818929,-7.233315887580518,3.1412942158287884,1,
631.800000000,0.6203497292725438,-7.233309918825386,3.140980030722674,1,
631.900000000,0.6003497330256115,-7.23329766636881,3.1406658456165597,1,
632.000000000,0.580349741615341,-7.233279130211999,3.1403516605104453,1,
632.100000000,0.5603497570159772,-7.233254310356783,3.140037475404331,1,
632.200000000,0.5403497812017642,-7.2332232068056115,3.1397232902982166,1,
632.300000000,0.5203498161469452,-7.233185819561555,3.1394091051921023,1,
632.400000000,0.5003498638257623,-7.233142148628304,3.139094920085988,1,
632.500000000,0.4786832647446809,-7.233088031125326,3.1387545528876974,1,
632.600000000,0.4586833452927828,-7.233031269187485,3.138440367781583,1,
632.700000000,0.4386834446617587,-7.232968223575734,3.1381261826754687,1,
632.800000000,0.4203502214788372,-7.232904671736249,3.1378381796615304,1,
632.900000000,0.4020170173593681,-7.232835839875941,3.137550176647592,1,
633.000000000,0.38201718077534386,-7.232754990557299,3.137235991541478,1,
633.100000000,0.36201737058008565,-7.232667857591972,3.1369218064353634,1,
633.200000000,0.3420175887478204,-7.23257444098856,3.136607621329249,1,
633.300000000,0.32201783725277217,-7.232474740756285,3.1362934362231347,1,
633.400000000,0.302018118069162,-7.232368756904988,3.1359792511170204,1,
633.500000000,0.2820184331712078,-7.232256489445131,3.135665066010906,1,
633.600000000,0.26201878453312405,-7.232137938387797,3.1353508809047916,1,
633.700000000,0.24201917412912166,-7.232013103744688,3.1350366957986773,1,
633.800000000,0.2220196039334078,-7.231881985528126,3.134722510692563,1,
633.900000000,0.20202007592018564,-7.231744583751055,3.1344083255864486,1,
634.000000000,0.18368721571836513,-7.23161287220404,3.1341203225725103,1,
634.100000000,0.16368777407307541,-7.231463426974434,3.133806137466396,1,
634.200000000,0.1436883803683455,-7.231307698225612,3.1334919523602816,1,
634.300000000,0.12535564856085982,-7.2311591869940015,3.1332039493463433,1,
634.400000000,0.105356352260322,-7.230991414876846,3.132889764240229,1,
634.500000000,0.08535710965837182,-7.230817359287045,3.1325755791341146,1,
634.600000000,0.06535792272918012,-7.230637020241778,3.132261394028,1,
634.700000000,0.04369219934005657,-7.23043484588527,3.1319210268297097,1,
634.800000000,0.02369313473640695,-7.230241416365679,3.1316068417235954,1,
634.900000000,0.002027548322182122,-7.230025060704323,3.131266474525305,1,
635.000000000,-0.01797138538755209,-7.229818540793281,3.1309522894191906,1,
635.100000000,-0.03797025322473703,-7.229605737525426,3.130638104313076,1,
635.200000000,-0.056302486549363706,-7.2294049081387355,3.130350101299138,1,
635.300000000,-0.07463466127423224,-7.229198799021997,3.1300620982851997,1,
635.400000000,-0.09463333175190643,-7.228968193025971,3.1300620982851997,1,
635.500000000,-0.1129654463564411,-7.228756804196281,3.1300620982851997,1,
635.600000000,-0.1329641168341153,-7.228526198200255,3.1300620982851997,1,
635.700000000,-0.15129623143864998,-7.2283148093705645,3.1300620982851997,1,
635.800000000,-0.17129490191632418,-7.2280842033745385,3.1300620982851997,1,
635.900000000,-0.19296012826713788,-7.227834380212177,3.1300620982851997,1,
636.000000000,-0.21295879874481205,-7.227603774216151,3.1300620982851997,1,
636.100000000,-0.23462402509562574,-7.227353951053789,3.1300620982851997,1,
636.200000000,-0.2546226955732999,-7.227123345057763,3.1300620982851997,1,
636.300000000,-0.2746213660509741,-7.2268927390617375,3.1300620982851997,1,
636.400000000,-0.29295348065550875,-7.226681350232047,3.1300620982851997,1,
636.500000000,-0.3112855952600434,-7.226469961402357,3.1300620982851997,1,
636.600000000,-0.3312842657377176,-7.226239355406331,3.1300620982851997,1,
636.700000000,-0.35128293621539175,-7.226008749410305,3.1300620982851997,1,
636.800000000,-0.3712816066930659,-7.225778143414279,3.1300620982851997,1,
636.900000000,-0.3912802771707401,-7.225547537418253,3.1300620982851997,1,
637.000000000,-0.4112789476484143,-7.225316931422227,3.1300620982851997,1,
637.100000000,-0.43127761812608845,-7.225086325426201,3.1300620982851997,1,
637.200000000,-0.4512762886037626,-7.224855719430175,3.1300620982851997,1,
637.300000000,-0.5262713028950409,-7.2239909469450785,-3.128599481391717,1,
637.400000000,-0.5841856359822266,-7.224743480196281,-3.0865187034447423,1,
637.500000000,-0.6348940985491149,-7.227539022531062,-3.0373041662549114,1,
637.600000000,-0.6846224427257019,-7.2327439999510075,-2.9873041662997837,1,
637.700000000,-0.734028498973902,-7.240427853833464,-2.937304166344656,1,
637.800000000,-0.7829887778834929,-7.250571378545432,-2.8873041663895282,1,
637.900000000,-0.8313809042554405,-7.263149220557824,-2.8373041664344005,1,
638.000000000,-0.8790839229761644,-7.278129941816078,-2.787304166479273,1,
638.100000000,-0.9259786013423286,-7.295476098318925,-2.737304166524145,1,
638.200000000,-0.9719477270805043,-7.315144333708889,-2.6873041665690174,1,
638.300000000,-1.0168764013168101,-7.337085487640603,-2.6373041666138897,1,
638.400000000,-1.0748759858120467,-7.369094528644488,-2.603550151455301,1,
638.500000000,-1.1363915834961151,-7.405805307548077,-2.5751870835932444,1,
638.600000000,-1.1976336537695675,-7.444749692351365,-2.547762949272443,1,
638.700000000,-1.257784813749864,-7.485358733612024,-2.5203388149516415,1,
638.800000000,-1.3167998275987356,-7.5276018918687475,-2.49291468063084,1,
638.900000000,-1.374634313900716,-7.5714473987454065,-2.4654905463100385,1,
639.000000000,-1.431244779039563,-7.616862280842011,-2.438066411989237,1,
639.100000000,-1.4865886499070244,-7.663812384531895,-2.4106422776684355,1,
639.200000000,-1.5406243059193485,-7.7122624016464725,-2.383218143347634,1,
639.300000000,-1.593311110317462,-7.7621758960282525,-2.3557940090268326,1,
639.400000000,-1.629830326630441,-7.798724374578396,-2.353357470880951,1,
639.500000000,-1.666260382867278,-7.835361725015147,-2.3525458260234893,1,
639.600000000,-1.7014864871158875,-7.870845828208917,-2.3517603632582036,1,
639.700000000,-1.7343381609295914,-7.903990138511226,-2.3510272646772705,1,
639.800000000,-1.765993121908641,-7.935973938245073,-2.3503203481885135,1,
639.900000000,-1.797625465104688,-7.967980107399278,-2.3496134316997566,1,
640.000000000,-1.8280644447246877,-7.998822388402326,-2.3489326973031757,1,
640.100000000,-1.8573124996933152,-8.028498344859756,-2.348278144998771,1,
640.200000000,-1.8853719789625927,-8.057005635561206,-2.3476497747865426,1,
640.300000000,-1.912245141202839,-8.084342014173851,-2.3470475866664904,1,
640.400000000,-1.937934154506238,-8.110505328947447,-2.3476235926943665,1,
640.500000000,-1.964806601013689,-8.137842411146332,-2.3482257808144187,1,
640.600000000,-1.989357339174749,-8.16278757612368,-2.3487756047501187,1,
640.700000000,-2.0127520533635406,-8.186532016717972,-2.3492992465936426,1,
640.800000000,-2.0349888406988135,-8.209077594261775,-2.34979670634499,1,
640.900000000,-2.0584077881733216,-8.232798134101698,-2.350320348188514,1,
641.000000000,-2.079496016970686,-8.2541355802045,-2.3507916258476853,1,
641.100000000,-2.0994221724920785,-8.274278224120208,-2.3512367214146805,1,
641.200000000,-2.119357291440904,-8.29441199699749,-2.3516818169816758,1,
641.300000000,-2.138128188783878,-8.313353077327044,-2.352100730456495,1,
641.400000000,-2.158080696051452,-8.3334696185684,-2.35254582602349,1,
641.500000000,-2.175693748175757,-8.351211670165284,-2.352938557406133,1,
641.600000000,-2.1944884347104554,-8.370129145397819,-2.353357470880952,1,
641.700000000,-2.2109407181722527,-8.38667504559506,-2.3537240201714185,1,
641.800000000,-2.2285746616483824,-8.404396333287568,-2.354116751554061,1,
641.900000000,-2.2438634432273252,-8.419748779420866,-2.3544571187523515,1,
642.000000000,-2.260333911402129,-8.436276577899406,-2.354823668042818,1,
642.100000000,-2.2744566473915584,-8.450438086582201,-2.3551378531489324,1,
642.200000000,-2.289761097404597,-8.465774913315357,-2.355478220347223,1,
642.300000000,-2.305070766683772,-8.481106530027457,-2.3558185875455133,1,
642.400000000,-2.3203856534554608,-8.496432934942336,-2.3561589547438038,1,
642.500000000,-2.33452728652313,-8.51057557310427,-2.356473139849918,1,
642.600000000,-2.3486733622990217,-8.524713767477765,-2.3567873249560325,1,
642.700000000,-2.3640030891440538,-8.540025329099661,-2.357127692154323,1,
642.800000000,-2.3781584160766283,-8.554154261098645,-2.3574418772604373,1,
642.900000000,-2.392318181410477,-8.56827874500746,-2.3577560623665517,1,
643.000000000,-2.4076627339426384,-8.583575448967208,-2.358096429564842,1,
643.100000000,-2.424193242708253,-8.600043196973369,-2.3584629788553086,1,
643.200000000,-2.438367423190813,-8.614153214962295,-2.358777163961423,1,
643.300000000,-2.4537275872095834,-8.62943424260316,-2.3591175311597135,1,
643.400000000,-2.4702749025982746,-8.645885102698355,-2.35948408045018,1,
643.500000000,-2.48446348345086,-8.659980640055604,-2.3597982655562943,1,
643.600000000,-2.4986564922109795,-8.674071718876446,-2.3601124506624087,1,
643.700000000,-2.516403286294266,-8.691679992493285,-2.3605051820450513,1,
643.800000000,-2.5329734137946613,-8.708107874860318,-2.360871731335518,1,
643.900000000,-2.5495495618103794,-8.724529682355397,-2.3612382806259844,1,
644.000000000,-2.566131728114276,-8.740945412772115,-2.361604829916451,1,
644.100000000,-2.5815350403095323,-8.756182945966826,-2.3619451971147414,1,
644.200000000,-2.596943537968935,-8.77141523549679,-2.362285564313032,1,
644.300000000,-2.614728554897948,-8.788984901766662,-2.3626782956956744,1,
644.400000000,-2.6313343429001077,-8.805376736602085,-2.363044844986141,1,
644.500000000,-2.647946138201998,-8.821762483496643,-2.3634113942766075,1,
644.600000000,-2.664563938571685,-8.838142140248776,-2.363777943567074,1,
644.700000000,-2.680000327261803,-8.853346164342812,-2.3641183107653645,1,
644.800000000,-2.6954418900087536,-8.868544933515887,-2.364458677963655,1,
644.900000000,-2.7144532561809136,-8.887244641197537,-2.364877591438474,1,
645.000000000,-2.7310950544863153,-8.90359991538071,-2.3652441407289406,1,
645.100000000,-2.7489319747021352,-8.921116886500583,-2.3656368721115832,1,
645.200000000,-2.766775773006501,-8.938626851151406,-2.366029603494226,1,
645.300000000,-2.784626446647222,-8.95612980663248,-2.3664223348768685,1,
645.400000000,-2.801293489789459,-8.972459354003405,-2.3664223348768685,1,
645.500000000,-2.817960532931696,-8.98878890137433,-2.3664223348768685,1,
645.600000000,-2.8334370729923446,-9.003952052504474,-2.3664223348768685,1,
645.700000000,-2.8536756253793465,-9.023780788597739,-2.3664223348768685,1,
645.800000000,-2.8703426685215834,-9.040110335968663,-2.3664223348768685,1,
645.900000000,-2.888200214745409,-9.057606279580368,-2.3664223348768685,1,
646.000000000,-2.9060577609692344,-9.075102223192072,-2.3664223348768685,1,
646.100000000,-2.92391530719306,-9.092598166803777,-2.3664223348768685,1,
646.200000000,-2.940582350335297,-9.108927714174701,-2.3664223348768685,1,
646.300000000,-2.9572493934775337,-9.125257261545626,-2.3664223348768685,1,
646.400000000,-2.9727259335381824,-9.14042041267577,-2.3664223348768685,1,
646.500000000,-2.988202473598831,-9.155583563805914,-2.3664223348768685,1,
646.600000000,-3.002488510577891,-9.169580318695278,-2.3664223348768685,1,
646.700000000,-3.016774547556951,-9.183577073584642,-2.3664223348768685,1,
646.800000000,-3.029870081454423,-9.196407432233226,-2.3664223348768685,1,
646.900000000,-3.042965615351895,-9.20923779088181,-2.3664223348768685,1,
647.000000000,-3.057251652330955,-9.223234545771174,-2.3664223348768685,1,
647.100000000,-3.0727281923916037,-9.238397696901318,-2.3664223348768685,1,
647.200000000,-3.0882047324522524,-9.253560848031462,-2.3664223348768685,1,
647.300000000,-3.1024907694313124,-9.267557602920826,-2.3664223348768685,1,
647.400000000,-3.1167768064103725,-9.28155435781019,-2.3664223348768685,1,
647.500000000,-3.132253346471021,-9.296717508940334,-2.3664223348768685,1,
647.600000000,-3.146539383450081,-9.310714263829698,-2.3664223348768685,1,
647.700000000,-3.1608254204291413,-9.324711018719062,-2.3664223348768685,1,
647.800000000,-3.173920954326613,-9.337541377367646,-2.3664223348768685,1,
647.900000000,-3.187016488224085,-9.35037173601623,-2.3664223348768685,1,
648.000000000,-3.201302525203145,-9.364368490905594,-2.3664223348768685,1,
648.100000000,-3.2167790652637938,-9.379531642035738,-2.3664223348768685,1,
648.200000000,-3.2322556053244424,-9.394694793165883,-2.3664223348768685,1,
648.300000000,-3.2465416423035025,-9.408691548055247,-2.3664223348768685,1,
648.400000000,-3.2608276792825626,-9.42268830294461,-2.3664223348768685,1,
648.500000000,-3.2763042193432113,-9.437851454074755,-2.3664223348768685,1,
648.600000000,-3.2905902563222713,-9.451848208964119,-2.3664223348768685,1,
648.700000000,-3.3048762933013314,-9.465844963853483,-2.3664223348768685,1,
648.800000000,-3.3179718271988032,-9.478675322502067,-2.3664223348768685,1,
648.900000000,-3.331067361096275,-9.49150568115065,-2.3664223348768685,1,
649.000000000,-3.345353398075335,-9.505502436040015,-2.3664223348768685,1,
649.100000000,-3.360829938135984,-9.520665587170159,-2.3664223348768685,1,
649.200000000,-3.3763064781966325,-9.535828738300303,-2.3664223348768685,1,
649.300000000,-3.3905925151756926,-9.549825493189667,-2.3664223348768685,1,
649.400000000,-3.4048785521547527,-9.563822248079031,-2.3664223348768685,1,
649.500000000,-3.4179740860522245,-9.576652606727615,-2.3664223348768685,1,
649.600000000,-3.4322601230312846,-9.590649361616979,-2.3664223348768685,1,
649.700000000,-3.4465461600103446,-9.604646116506343,-2.3664223348768685,1,
649.800000000,-3.4596416939078165,-9.617476475154927,-2.3664223348768685,1,
649.900000000,-3.4798802462948184,-9.637305211248192,-2.3664223348768685,1,
650.000000000,-3.498928295600232,-9.655967551100677,-2.3664223348768685,1,
650.100000000,-3.517976344905646,-9.674629890953161,-2.3664223348768685,1,
650.200000000,-3.5358338911294713,-9.692125834564866,-2.3664223348768685,1,
650.300000000,-3.552500934271708,-9.70845538193579,-2.3664223348768685,1,
650.400000000,-3.569167977413945,-9.724784929306715,-2.3664223348768685,1,
650.500000000,-3.584644517474594,-9.739948080436859,-2.3664223348768685,1,
650.600000000,-3.6001210575352425,-9.755111231567003,-2.3664223348768685,1,
650.700000000,-3.615597597595891,-9.770274382697147,-2.3664223348768685,1,
650.800000000,-3.6298836345749512,-9.784271137586511,-2.3664223348768685,1,
650.900000000,-3.6453601746356,-9.799434288716656,-2.3664223348768685,1,
651.000000000,-3.6608367146962486,-9.8145974398468,-2.3664223348768685,1,
651.100000000,-3.6751227516753087,-9.828594194736164,-2.3664223348768685,1,
651.200000000,-3.6894087886543687,-9.842590949625528,-2.3664223348768685,1,
651.300000000,-3.7025043225518406,-9.855421308274112,-2.3664223348768685,1,
651.400000000,-3.7167903595309006,-9.869418063163476,-2.3664223348768685,1,
651.500000000,-3.7310763965099607,-9.88341481805284,-2.3664223348768685,1,
651.600000000,-3.7453624334890208,-9.897411572942204,-2.3664223348768685,1,
651.700000000,-3.7584579673864926,-9.910241931590788,-2.3664223348768685,1,
651.800000000,-3.7727440043655527,-9.924238686480152,-2.3664223348768685,1,
651.900000000,-3.7870300413446127,-9.938235441369516,-2.3664223348768685,1,
652.000000000,-3.8001255752420846,-9.9510658000181,-2.3664223348768685,1,
652.100000000,-3.8144116122211447,-9.965062554907464,-2.3664223348768685,1,
652.200000000,-3.8286976492002047,-9.979059309796828,-2.3664223348768685,1,
652.300000000,-3.8441741892608534,-9.994222460926972,-2.3664223348768685,1,
652.400000000,-3.859650729321502,-10.009385612057116,-2.3664223348768685,1,
652.500000000,-3.873936766300562,-10.02338236694648,-2.3664223348768685,1,
652.600000000,-3.888222803279622,-10.037379121835844,-2.3664223348768685,1,
652.700000000,-3.903699343340271,-10.052542272965988,-2.3664223348768685,1,
652.800000000,-3.917985380319331,-10.066539027855352,-2.3664223348768685,1,
652.900000000,-3.932271417298391,-10.080535782744716,-2.3664223348768685,1,
653.000000000,-3.945366951195863,-10.0933661413933,-2.3664223348768685,1,
653.100000000,-3.959652988174923,-10.107362896282664,-2.3664223348768685,1,
653.200000000,-3.973939025153983,-10.121359651172028,-2.3664223348768685,1,
653.300000000,-3.9894155652146317,-10.136522802302173,-2.3664223348768685,1,
653.400000000,-4.00489210527528,-10.151685953432317,-2.3664223348768685,1,
653.500000000,-4.01917814225434,-10.16568270832168,-2.3664223348768685,1,
653.600000000,-4.0334641792334,-10.179679463211045,-2.3664223348768685,1,
653.700000000,-4.048940719294048,-10.194842614341189,-2.3664223348768685,1,
653.800000000,-4.063226756273108,-10.208839369230553,-2.3664223348768685,1,
653.900000000,-4.077512793252168,-10.222836124119917,-2.3664223348768685,1,
654.000000000,-4.09060832714964,-10.2356664827685,-2.3664223348768685,1,
654.100000000,-4.103703861047112,-10.248496841417085,-2.3664223348768685,1,
654.200000000,-4.117989898026172,-10.262493596306449,-2.3664223348768685,1,
654.300000000,-4.1334664380868205,-10.277656747436593,-2.3664223348768685,1,
654.400000000,-4.148942978147469,-10.292819898566737,-2.3664223348768685,1,
654.500000000,-4.163229015126529,-10.306816653456101,-2.3664223348768685,1,
654.600000000,-4.177515052105589,-10.320813408345465,-2.3664223348768685,1,
654.700000000,-4.192991592166237,-10.33597655947561,-2.3664223348768685,1,
654.800000000,-4.207277629145297,-10.349973314364973,-2.3664223348768685,1,
654.900000000,-4.221563666124357,-10.363970069254338,-2.3664223348768685,1,
655.000000000,-4.234659200021829,-10.376800427902921,-2.3664223348768685,1,
655.100000000,-4.247754733919301,-10.389630786551505,-2.3664223348768685,1,
655.200000000,-4.262040770898361,-10.40362754144087,-2.3664223348768685,1,
655.300000000,-4.277517310959009,-10.418790692571013,-2.3664223348768685,1,
655.400000000,-4.2929938510196575,-10.433953843701158,-2.3664223348768685,1,
655.500000000,-4.3072798879987175,-10.447950598590522,-2.3664223348768685,1,
655.600000000,-4.321565924977778,-10.461947353479886,-2.3664223348768685,1,
655.700000000,-4.337042465038426,-10.47711050461003,-2.3664223348768685,1,
655.800000000,-4.351328502017486,-10.491107259499394,-2.3664223348768685,1,
655.900000000,-4.365614538996546,-10.505104014388758,-2.3664223348768685,1,
656.000000000,-4.378710072894018,-10.517934373037342,-2.3664223348768685,1,
656.100000000,-4.395377116036255,-10.534263920408266,-2.3664223348768685,1,
656.200000000,-4.410853656096903,-10.54942707153841,-2.3664223348768685,1,
656.300000000,-4.427520699239141,-10.565756618909335,-2.3664223348768685,1,
656.400000000,-4.444187742381378,-10.58208616628026,-2.3664223348768685,1,
656.500000000,-4.459664282442026,-10.597249317410403,-2.3664223348768685,1,
656.600000000,-4.4751408225026745,-10.612412468540548,-2.3664223348768685,1,
656.700000000,-4.491807865644912,-10.628742015911472,-2.3664223348768685,1,
656.800000000,-4.506093902623972,-10.642738770800836,-2.3664223348768685,1,
656.900000000,-4.52157044268462,-10.65790192193098,-2.3664223348768685,1,
657.000000000,-4.5382374858268575,-10.674231469301905,-2.3664223348768685,1,
657.100000000,-4.5525235228059175,-10.688228224191269,-2.3664223348768685,1,
657.200000000,-4.568000062866566,-10.703391375321413,-2.3664223348768685,1,
657.300000000,-4.584667106008803,-10.719720922692337,-2.3664223348768685,1,
657.400000000,-4.602524652232629,-10.737216866304042,-2.3664223348768685,1,
657.500000000,-4.618001192293277,-10.752380017434186,-2.3664223348768685,1,
657.600000000,-4.634668235435514,-10.76870956480511,-2.3664223348768685,1,
657.700000000,-4.6513352785777515,-10.785039112176035,-2.3664223348768685,1,
657.800000000,-4.6668118186384,-10.80020226330618,-2.3664223348768685,1,
657.900000000,-4.683478861780637,-10.816531810677104,-2.3664223348768685,1,
658.000000000,-4.701336408004463,-10.834027754288808,-2.3664223348768685,1,
658.100000000,-4.716812948065111,-10.849190905418952,-2.3664223348768685,1,
658.200000000,-4.733479991207348,-10.865520452789877,-2.3664223348768685,1,
658.300000000,-4.751337537431174,-10.883016396401581,-2.3664223348768685,1,
658.400000000,-4.766814077491822,-10.898179547531726,-2.3664223348768685,1,
658.500000000,-4.783481120634059,-10.91450909490265,-2.3664223348768685,1,
658.600000000,-4.7989576606947075,-10.929672246032794,-2.3664223348768685,1,
658.700000000,-4.814434200755356,-10.944835397162938,-2.3664223348768685,1,
658.800000000,-4.831101243897593,-10.961164944533863,-2.3664223348768685,1,
658.900000000,-4.84776828703983,-10.977494491904787,-2.3664223348768685,1,
659.000000000,-4.863244827100479,-10.992657643034931,-2.3664223348768685,1,
659.100000000,-4.879911870242716,-11.008987190405856,-2.3664223348768685,1,
659.200000000,-4.894197907221776,-11.02298394529522,-2.3664223348768685,1,
659.300000000,-4.909674447282424,-11.038147096425364,-2.3664223348768685,1,
659.400000000,-4.926341490424662,-11.054476643796288,-2.3664223348768685,1,
659.500000000,-4.944199036648487,-11.071972587407993,-2.3664223348768685,1,
659.600000000,-4.959675576709135,-11.087135738538137,-2.3664223348768685,1,
659.700000000,-4.976342619851373,-11.103465285909062,-2.3664223348768685,1,
659.800000000,-4.990628656830433,-11.117462040798426,-2.3664223348768685,1,
659.900000000,-5.006105196891081,-11.13262519192857,-2.3664223348768685,1,
660.000000000,-5.022772240033318,-11.148954739299494,-2.3664223348768685,1,
660.100000000,-5.041820289338732,-11.167617079151979,-2.3664223348768685,1,
660.200000000,-5.058487332480969,-11.183946626522904,-2.3664223348768685,1,
660.300000000,-5.076344878704795,-11.201442570134608,-2.3664223348768685,1,
660.400000000,-5.091821418765443,-11.216605721264752,-2.3664223348768685,1,
660.500000000,-5.1084884619076805,-11.232935268635677,-2.3664223348768685,1,
660.600000000,-5.126346008131506,-11.250431212247381,-2.3664223348768685,1,
660.700000000,-5.141822548192154,-11.265594363377526,-2.3664223348768685,1,
660.800000000,-5.1584895913343916,-11.28192391074845,-2.3664223348768685,1,
660.900000000,-5.175156634476629,-11.298253458119374,-2.3664223348768685,1,
661.000000000,-5.190633174537277,-11.313416609249519,-2.3664223348768685,1,
661.100000000,-5.244205813208753,-11.365904440084632,-2.3909460623795384,1,
661.200000000,-5.2865591270093,-11.405411820323518,-2.433026840326513,1,
661.300000000,-5.318510891224475,-11.432795695942266,-2.4909460622875423,1,
661.400000000,-5.338024233041631,-11.44764974277458,-2.5664223346718287,1,
661.500000000,-5.341803119012019,-11.45009954681373,-2.661918833921586,1,
661.600000000,-5.343175204245116,-11.450813300513328,-2.7603722046089927,1,
661.700000000,-5.344610802979696,-11.45138872948709,-2.8588255752963994,1,
661.800000000,-5.346096011098762,-11.45182026056782,-2.957278945983806,1,
661.900000000,-5.347616444006564,-11.452103714273818,-3.0557323166712127,1,
662.000000000,-5.349157375946854,-11.45223634528817,3.128999619820967,1,
662.100000000,-5.35070388262535,-11.45221686904779,3.03054624913356,1,
662.200000000,-5.3522409857551,-11.452045474184722,2.9320928784461535,1,
662.300000000,-5.353753798124768,-11.451723820699195,2.833639507758747,1,
662.400000000,-5.378059181465497,-11.443992956392483,2.759144760595537,1,
662.500000000,-5.417844929027741,-11.427988983807367,2.7020287068644113,1,
662.600000000,-5.466652800080684,-11.405037183040795,2.6559637922462773,1,
662.700000000,-5.515051813504821,-11.379492840477404,2.610690183845082,1,
662.800000000,-5.562245144152869,-11.351784223049432,2.5654165754438862,1,
662.900000000,-5.608136076394567,-11.321968115399143,2.5201429670426907,1,
663.000000000,-5.652630563669225,-11.290105621152914,2.474869358641495,1,
663.100000000,-5.695637421219999,-11.25626203769854,2.4295957502402996,1,
663.200000000,-5.737068512963326,-11.220506722368066,2.384322141839104,1,
663.300000000,-5.789128053786607,-11.171296415973924,2.3559590739770475,1,
663.400000000,-5.84214857607598,-11.118250924024446,2.3460166275152994,1,
663.500000000,-5.894639084513556,-11.06468090886704,2.337380224822993,1,
663.600000000,-5.946664988924862,-11.010659567989702,2.330084259103927,1,
663.700000000,-5.998295374289425,-10.956260089066584,2.322788293384861,1,
663.800000000,-6.0495274922764155,-10.901485367829803,2.315492327665795,1,
663.900000000,-6.100358615755126,-10.846338319985952,2.3081963619467287,1,
664.000000000,-6.150786038940141,-10.790821881060896,2.3009003962276626,1,
664.100000000,-6.200807077535367,-10.734939006243517,2.2936044305085965,1,
664.200000000,-6.2504190688769174,-10.678692670228395,2.2863084647895304,1,
664.300000000,-6.299619372074853,-10.622085867057475,2.2790124990704643,1,
664.400000000,-6.347321234907557,-10.566387482340613,2.281317091911008,1,
664.500000000,-6.3940642853644665,-10.51206254934393,2.28469680611336,1,
664.600000000,-6.439899359959309,-10.459155593876003,2.2879979223110056,1,
664.700000000,-6.484813372776739,-10.407656313326852,2.291220440503946,1,
664.800000000,-6.527694097922154,-10.358807122842226,2.294285762687474,1,
664.900000000,-6.569621019832269,-10.311338772015025,2.2972724868662966,1,
665.000000000,-6.609475397315482,-10.266487589249957,2.300102015035707,1,
665.100000000,-6.648345935954613,-10.222992083692699,2.3028529452004123,1,
665.200000000,-6.686221979190865,-10.180843341601426,2.3055252773604114,1,
665.300000000,-6.723093212391914,-10.140032654738377,2.3081190115157044,1,
665.400000000,-6.758949659548311,-10.1005515245397,2.310634147666292,1,
665.500000000,-6.7926580664769975,-10.063622629317528,2.3129920878074675,1,
665.600000000,-6.825326942766572,-10.028001629428593,2.3152714299439374,1,
665.700000000,-6.856947616781666,-9.993680924998046,2.3174721740757014,1,
665.800000000,-6.887511740662703,-9.960653143792149,2.3195943202027594,1,
665.900000000,-6.91701128749135,-9.928911144569003,2.321637868325112,1,
666.000000000,-6.945438548539492,-9.898448020296994,2.323602818442758,1,
666.100000000,-6.973925613189516,-9.868040812948465,2.3255677685604046,1,
666.200000000,-7.001330501121573,-9.838903686847365,2.327454120673345,1,
666.300000000,-7.027646144725148,-9.811030198616178,2.32926187478158,1,
666.400000000,-7.052865786367347,-9.784414148573328,2.3309910308851087,1,
666.500000000,-7.076982975987902,-9.759049583432049,2.3326415889839316,1,
666.600000000,-7.101141998426136,-9.733724859646212,2.3342921470827545,1,
666.700000000,-7.124190369319932,-9.709644084944117,2.3358641071768718,1,
666.800000000,-7.146122255917168,-9.686801796791137,2.337357469266283,1,
666.900000000,-7.166932125962028,-9.66519278689443,2.3387722333509884,1,
667.000000000,-7.187772546821726,-9.643613239670481,2.3392435110101597,1,
667.100000000,-7.207464769297223,-9.623241834423093,2.339688606577155,1,
667.200000000,-7.226007157764755,-9.604076998367695,2.3401075200519745,1,
667.300000000,-7.244557573013131,-9.58491993165006,2.3405264335267932,1,
667.400000000,-7.2619561093636005,-9.566967468508157,2.3405264335267932,1,
667.500000000,-7.27935464571407,-9.549015005366254,2.3405264335267932,1,
667.600000000,-7.295593279641176,-9.532259373100478,2.3405264335267932,1,
667.700000000,-7.311831913568282,-9.515503740834703,2.3405264335267932,1,
667.800000000,-7.326910645072023,-9.499944939445054,2.3405264335267932,1,
667.900000000,-7.341989376575764,-9.484386138055406,2.3405264335267932,1,
668.000000000,-7.35822801050287,-9.46763050578963,2.3405264335267932,1,
668.100000000,-7.373306742006611,-9.452071704399982,2.3405264335267932,1,
668.200000000,-7.388385473510352,-9.436512903010334,2.3405264335267932,1,
668.300000000,-7.404624107437458,-9.419757270744558,2.3405264335267932,1,
668.400000000,-7.419702838941199,-9.40419846935491,2.3405264335267932,1,
668.500000000,-7.43478157044494,-9.388639667965261,2.3405264335267932,1,
668.600000000,-7.4487003995253165,-9.37427769745174,2.3405264335267932,1,
668.700000000,-7.462619228605693,-9.359915726938219,2.3405264335267932,1,
668.800000000,-7.476538057686069,-9.345553756424698,2.3405264335267932,1,
668.900000000,-7.492776691613175,-9.328798124158922,2.3405264335267932,1,
669.000000000,-7.507855423116916,-9.313239322769274,2.3405264335267932,1,
669.100000000,-7.522934154620657,-9.297680521379625,2.3405264335267932,1,
669.200000000,-7.536852983701033,-9.283318550866104,2.3405264335267932,1,
669.300000000,-7.550771812781409,-9.268956580352583,2.3405264335267932,1,
669.400000000,-7.564690641861786,-9.254594609839062,2.3405264335267932,1,
669.500000000,-7.579769373365527,-9.239035808449414,2.3405264335267932,1,
669.600000000,-7.593688202445903,-9.224673837935892,2.3405264335267932,1,
669.700000000,-7.607607031526279,-9.210311867422371,2.3405264335267932,1,
669.800000000,-7.6203659581832905,-9.197146727784975,2.3405264335267932,1,
669.900000000,-7.636604592110396,-9.1803910955192,2.3405264335267932,1,
670.000000000,-7.6516833236141375,-9.164832294129551,2.3405264335267932,1,
670.100000000,-7.666762055117879,-9.149273492739903,2.3405264335267932,1,
670.200000000,-7.680680884198255,-9.134911522226382,2.3405264335267932,1,
670.300000000,-7.694599713278631,-9.12054955171286,2.3405264335267932,1,
670.400000000,-7.708518542359007,-9.10618758119934,2.3405264335267932,1,
670.500000000,-7.723597273862748,-9.090628779809691,2.3405264335267932,1,
670.600000000,-7.7375161029431245,-9.07626680929617,2.3405264335267932,1,
670.700000000,-7.751434932023501,-9.061904838782649,2.3405264335267932,1,
670.800000000,-7.764193858680512,-9.048739699145253,2.3405264335267932,1,
670.900000000,-7.7769527853375235,-9.035574559507857,2.3405264335267932,1,
671.000000000,-7.7908716144179,-9.021212588994336,2.3405264335267932,1,
671.100000000,-7.804790443498276,-9.006850618480815,2.3405264335267932,1,
671.200000000,-7.819869175002017,-8.991291817091167,2.3405264335267932,1,
671.300000000,-7.833788004082393,-8.976929846577645,2.3405264335267932,1,
671.400000000,-7.8477068331627695,-8.962567876064124,2.3405264335267932,1,
671.500000000,-7.860465759819781,-8.949402736426729,2.3405264335267932,1,
671.600000000,-7.874384588900157,-8.935040765913207,2.3405264335267932,1,
671.700000000,-7.888303417980533,-8.920678795399686,2.3405264335267932,1,
671.800000000,-7.901062344637545,-8.90751365576229,2.3405264335267932,1,
671.900000000,-7.913821271294556,-8.894348516124895,2.3405264335267932,1,
672.000000000,-7.927740100374932,-8.879986545611374,2.3405264335267932,1,
672.100000000,-7.941658929455309,-8.865624575097852,2.3405264335267932,1,
672.200000000,-7.95441785611232,-8.852459435460457,2.3405264335267932,1,
672.300000000,-7.968336685192696,-8.838097464946935,2.3405264335267932,1,
672.400000000,-7.9822555142730724,-8.823735494433414,2.3405264335267932,1,
672.500000000,-7.9973342457768135,-8.808176693043766,2.3405264335267932,1,
672.600000000,-8.011253074857189,-8.793814722530245,2.3405264335267932,1,
672.700000000,-8.025171903937565,-8.779452752016724,2.3405264335267932,1,
672.800000000,-8.039090733017941,-8.765090781503202,2.3405264335267932,1,
672.900000000,-8.051849659674954,-8.751925641865807,2.3405264335267932,1,
673.000000000,-8.06576848875533,-8.737563671352286,2.3405264335267932,1,
673.100000000,-8.079687317835706,-8.723201700838764,2.3405264335267932,1,
673.200000000,-8.092446244492718,-8.710036561201369,2.3405264335267932,1,
673.300000000,-8.106365073573095,-8.695674590687847,2.3405264335267932,1,
673.400000000,-8.12028390265347,-8.681312620174326,2.3405264335267932,1,
673.500000000,-8.134202731733847,-8.666950649660805,2.3405264335267932,1,
673.600000000,-8.149281463237587,-8.651391848271157,2.3405264335267932,1,
673.700000000,-8.166679999588057,-8.633439385129254,2.3405264335267932,1,
673.800000000,-8.181758731091797,-8.617880583739606,2.3405264335267932,1,
673.900000000,-8.197997365018903,-8.60112495147383,2.3405264335267932,1,
674.000000000,-8.21191619409928,-8.586762980960309,2.3405264335267932,1,
674.100000000,-8.22699492560302,-8.57120417957066,2.3405264335267932,1,
674.200000000,-8.24207365710676,-8.555645378181012,2.3405264335267932,1,
674.300000000,-8.25947219345723,-8.53769291503911,2.3405264335267932,1,
674.400000000,-8.27455092496097,-8.52213411364946,2.3405264335267932,1,
674.500000000,-8.290789558888076,-8.505378481383685,2.3405264335267932,1,
674.600000000,-8.308188095238545,-8.487426018241782,2.3405264335267932,1,
674.700000000,-8.323266826742286,-8.471867216852134,2.3405264335267932,1,
674.800000000,-8.339505460669391,-8.455111584586358,2.3405264335267932,1,
674.900000000,-8.356903997019861,-8.437159121444456,2.3405264335267932,1,
675.000000000,-8.371982728523601,-8.421600320054807,2.3405264335267932,1,
675.100000000,-8.388221362450707,-8.404844687789032,2.3405264335267932,1,
675.200000000,-8.405619898801177,-8.386892224647129,2.3405264335267932,1,
675.300000000,-8.420698630304917,-8.37133342325748,2.3405264335267932,1,
675.400000000,-8.436937264232023,-8.354577790991705,2.3405264335267932,1,
675.500000000,-8.454335800582493,-8.336625327849802,2.3405264335267932,1,
675.600000000,-8.469414532086233,-8.321066526460154,2.3405264335267932,1,
675.700000000,-8.48565316601334,-8.304310894194378,2.3405264335267932,1,
675.800000000,-8.499571995093715,-8.289948923680857,2.3405264335267932,1,
675.900000000,-8.514650726597456,-8.274390122291209,2.3405264335267932,1,
676.000000000,-8.530889360524561,-8.257634490025433,2.3405264335267932,1,
676.100000000,-8.544808189604938,-8.243272519511912,2.3405264335267932,1,
676.200000000,-8.559886921108678,-8.227713718122263,2.3405264335267932,1,
676.300000000,-8.576125555035784,-8.210958085856488,2.3412597130669663,1,
676.400000000,-8.590054911712281,-8.196606325595846,2.3422028891234365,1,
676.500000000,-8.605159705654064,-8.181072824882204,2.3432246631846128,1,
676.600000000,-8.621443490958034,-8.164361069121105,2.3443250352504945,1,
676.700000000,-8.635416774893278,-8.150052074185572,2.3452682113069647,1,
676.800000000,-8.65056911298104,-8.13456494743725,2.346289985368141,1,
676.900000000,-8.666904048617656,-8.117903185159745,2.3473903574340227,1,
677.000000000,-8.680921128515976,-8.103637089999397,2.348333533490493,1,
677.100000000,-8.69612086837543,-8.088196482736425,2.349355307551669,1,
677.200000000,-8.711336377109697,-8.072771414230843,2.3503770816128453,1,
677.300000000,-8.725396003316238,-8.058547247790155,2.352585102166618,1,
677.400000000,-8.7394870024763,-8.0443541599418,2.354793122720391,1,
677.500000000,-8.752432447273376,-8.03137238155373,2.3568171415613497,1,
677.600000000,-8.76658338577523,-8.017239054290952,2.3590251621151226,1,
677.700000000,-8.780765496433405,-8.003137007018331,2.3612331826688955,1,
677.800000000,-8.79379427563247,-7.990238866699157,2.363257201509854,1,
677.900000000,-8.808035939530376,-7.976196964783138,2.365465222063627,1,
678.000000000,-8.822308573494565,-7.962186542957786,2.3676732426174,1,
678.100000000,-8.837804069144774,-7.947042763409774,2.370065264883987,1,
678.200000000,-8.852141000414985,-7.933098144313032,2.37227328543776,1,
678.300000000,-8.86650868671696,-7.919185215421959,2.374481305991533,1,
678.400000000,-8.882106922277007,-7.904147280329077,2.37687332825812,1,
678.500000000,-8.897741084253596,-7.88914669954918,2.3792653505247072,1,
678.600000000,-8.912205698657983,-7.875334569730343,2.38147337107848,1,
678.700000000,-8.927908698292912,-7.860406065220184,2.3838653933450673,1,
678.800000000,-8.943647362284525,-7.8455151653077015,2.3862574156116545,1,
678.900000000,-8.958208197634045,-7.831804509819209,2.3884654361654274,1,
679.000000000,-8.97401519364344,-7.8169861657280695,2.3908574584320146,1,
679.100000000,-8.98863894431664,-7.803342635530643,2.3930654789857875,1,
679.200000000,-9.0057350912118,-7.787462893537034,2.397137797555242,1,
679.300000000,-9.025347288155183,-7.769394334043674,2.401791875920333,1,
679.400000000,-9.043812360087262,-7.752540814573155,2.4073800379861656,1,
679.500000000,-9.064845851862751,-7.733557400720316,2.413713288327443,1,
679.600000000,-9.08226621315769,-7.718034016527484,2.4189289062555535,1,
679.700000000,-9.101017378903187,-7.701499392758408,2.424517068321386,1,
679.800000000,-9.117348213463185,-7.687260422043557,2.4293601421117743,1,
679.900000000,-9.135009324551925,-7.672011500784804,2.434575760039885,1,
680.000000000,-9.150215384318592,-7.659020128787493,2.439046289692551,1,
680.100000000,-9.169295366738373,-7.642866049709413,2.444634451758384,1,
680.200000000,-9.226805233694494,-7.594724433588958,2.462903486863552,1,
680.300000000,-9.24367048671573,-7.581122680577889,2.46774656065394,1,
680.400000000,-9.30227754956406,-7.534322977755199,2.4860155957591084,1,
680.500000000,-9.361729770261727,-7.4886017195254,2.5042846308642766,1,
680.600000000,-9.422007306727519,-7.443974165283485,2.5225536659694447,1,
680.700000000,-9.48309004143244,-7.400455209402535,2.540822701074613,1,
680.800000000,-9.544957588113904,-7.358059376262744,2.559091736179781,1,
680.900000000,-9.607589298579608,-7.316800815403934,2.5773607712849493,1,
681.000000000,-9.670964269598844,-7.276693296803165,2.5956298063901175,1,
681.100000000,-9.73506134987891,-7.23775020627903,2.6138988414952857,1,
681.200000000,-9.79985914712432,-7.199984541024163,2.632167876600454,1,
681.300000000,-9.865336035176453,-7.163408905267441,2.650436911705622,1,
681.400000000,-9.931470161231243,-7.128035506067349,2.6739632744246897,1,
681.500000000,-9.996930384163221,-7.094978933476208,2.697790718785998,1,
681.600000000,-10.060149185549657,-7.064922600511882,2.72053509749452,1,
681.700000000,-10.122514094232006,-7.036992999557218,2.7427379433766483,1,
681.800000000,-10.18394785334421,-7.011102119197753,2.7643992564323834,1,
681.900000000,-10.242828980207292,-6.987775653317886,2.7849775038353317,1,
682.000000000,-10.300615817966046,-6.966247551691842,2.8050142184118867,1,
682.100000000,-10.371407582407004,-6.941478092930376,2.829537945914556,1,
682.200000000,-10.442785438935523,-6.918451986064599,2.8540616734172257,1,
682.300000000,-10.514706462117132,-6.89718307860534,2.8785854009198952,1,
682.400000000,-10.587127399866132,-6.877684161313458,2.902111763638963,1,
682.500000000,-10.659986992700594,-6.859894284079577,2.9256381263580304,1,
682.600000000,-10.733244915443235,-6.843823292964119,2.949164489077098,1,
682.700000000,-10.806860622455426,-6.829480082685549,2.9726908517961657,1,
682.800000000,-10.880793370077745,-6.8168725916974715,2.9962172145152333,1,
682.900000000,-10.95500223918014,-6.806007797794976,3.019743577234301,1,
683.000000000,-11.029446157809197,-6.796891714252681,3.0432699399533685,1,
683.100000000,-11.104083923920006,-6.789529386496597,3.066796302672436,1,
683.200000000,-11.178874228180012,-6.783924889311672,3.0903226653915037,1,
683.300000000,-11.25377567683225,-6.780081324586534,3.1015386898275237,1,
683.400000000,-11.328715522874589,-6.777078080482129,3.111481136289272,1,
683.500000000,-11.403681524063328,-6.774820057946835,3.12142358275102,1,
683.600000000,-11.47866626990225,-6.773307480189403,3.131366029212768,1,
683.700000000,-11.5536623480422,-6.7725404967303025,3.141308475674516,1,
683.800000000,-11.62866234501381,-6.772519183386944,-3.131934385043322,1,
683.900000000,-11.703658846960328,-6.773243542266181,-3.1219919385815738,1,
684.000000000,-11.778644440370492,-6.774713501764105,-3.1120494921198256,1,
684.100000000,-11.853611712811364,-6.776928916573121,-3.1021070456580775,1,
684.200000000,-11.928553253661061,-6.779889567696314,-3.0921645991963294,1,
684.300000000,-12.003461654841303,-6.783595162469093,-3.082222152734581,1,
684.400000000,-12.078329511549713,-6.788045334588127,-3.072279706272833,1,
684.500000000,-12.153149422991794,-6.79323964414755,-3.062337259811085,1,
684.600000000,-12.227913993112507,-6.799177577682448,-3.052394813349337,1,
684.700000000,-12.302615831327383,-6.805858548219614,-3.0424523668875887,1,
684.800000000,-12.37724755325309,-6.813281895335577,-3.0325099204258406,1,
684.900000000,-12.45180178143739,-6.821446885221878,-3.0225674739640924,1,
685.000000000,-12.520207776561282,-6.829627589609871,-2.9914608995805745,1,
685.100000000,-12.574318571792395,-6.837812928752653,-2.9461872911793794,1,
685.200000000,-12.62722722089866,-6.8482851913973395,-2.900122376561246,1,
685.300000000,-12.67959751118503,-6.861182715596606,-2.8540574619431123,1,
685.400000000,-12.736691234849747,-6.878067068420289,-2.8135954720893848,1,
685.500000000,-12.793828205096519,-6.897510128199865,-2.7739499743454115,1,
685.600000000,-12.850149650394115,-6.919202540287104,-2.734304476601438,1,
685.700000000,-12.905567058232714,-6.943110213762857,-2.694658978857465,1,
685.800000000,-12.959993336851268,-6.969195576292605,-2.6550134811134916,1,
685.900000000,-13.0133429521074,-6.99741763317362,-2.6153679833695183,1,
686.000000000,-13.065532061899418,-7.027732031760587,-2.575722485625545,1,
686.100000000,-13.11647864792916,-7.0600911311684325,-2.5360769878815717,1,
686.200000000,-13.166102644598656,-7.0944440771428114,-2.4964314901375984,1,
686.300000000,-13.214326064837982,-7.130736881980604,-2.456785992393625,1,
686.400000000,-13.272416666302526,-7.178176127563638,-2.43530548889751,1,
686.500000000,-13.318063273991209,-7.217116944279721,-2.4248338125760553,1,
686.600000000,-13.362043045902803,-7.255438706248371,-2.414653016152419,1,
686.700000000,-13.403139693387152,-7.2919909368991425,-2.4050539795244186,1,
686.800000000,-13.4426489232856,-7.327816419411958,-2.3957458227942365,1,
686.900000000,-13.480598788044798,-7.362877112633898,-2.386728545961873,1,
687.000000000,-13.517017021142836,-7.397136597423033,-2.3780021490273273,1,
687.100000000,-13.551930979942858,-7.430560041171718,-2.3695666319906,1,
687.200000000,-13.585367591175132,-7.463114162371339,-2.361421994851691,1,
687.300000000,-13.61735329898483,-7.4947671953368005,-2.3535682376105997,1,
687.400000000,-13.65614190069293,-7.533760071321144,-2.352704228568786,1,
687.500000000,-13.703117533464814,-7.58106476844654,-2.352704228568786,1,
687.600000000,-13.747744384598105,-7.626004230715666,-2.352704228568786,1,
687.700000000,-13.800591971466476,-7.679222014981736,-2.352704228568786,1,
687.800000000,-13.853439558334847,-7.732439799247806,-2.352704228568786,1,
687.900000000,-13.906287145203217,-7.785657583513876,-2.352704228568786,1,
688.000000000,-13.959134732071588,-7.838875367779946,-2.352704228568786,1,
688.100000000,-14.009633537301365,-7.889727917189746,-2.352704228568786,1,
688.200000000,-14.062481124169736,-7.942945701455816,-2.352704228568786,1,
688.300000000,-14.112979929399513,-7.993798250865616,-2.352704228568786,1,
688.400000000,-14.165827516267884,-8.047016035131687,-2.354250857707356,1,
688.500000000,-14.218757348071945,-8.100152020162492,-2.3557974868459266,1,
688.600000000,-14.271769298200299,-8.1532060788535,-2.357344115984497,1,
688.700000000,-14.324863239845115,-8.206178084296157,-2.3588907451230674,1,
688.800000000,-14.378039046002435,-8.259067909778183,-2.360437374261638,1,
688.900000000,-14.431296589472476,-8.311875428783877,-2.361984003400208,1,
689.000000000,-14.484635742859933,-8.364600514994422,-2.3635306325387786,1,
689.100000000,-14.538056378574286,-8.417243042288183,-2.365077261677349,1,
689.200000000,-14.591558368830105,-8.469802884741013,-2.3666238908159194,1,
689.300000000,-14.645141585647353,-8.52227991662655,-2.36817051995449,1,
689.400000000,-14.698805900851697,-8.574674012416523,-2.36817051995449,1,
689.500000000,-14.752470216056041,-8.627068108206496,-2.36817051995449,1,
689.600000000,-14.806134531260385,-8.679462203996469,-2.36817051995449,1,
689.700000000,-14.859798846464729,-8.731856299786442,-2.36817051995449,1,
689.800000000,-14.913463161669073,-8.784250395576414,-2.36817051995449,1,
689.900000000,-14.967127476873417,-8.836644491366387,-2.36817051995449,1,
690.000000000,-15.02079179207776,-8.88903858715636,-2.36817051995449,1,
690.100000000,-15.074456107282105,-8.941432682946333,-2.36817051995449,1,
690.200000000,-15.128120422486449,-8.993826778736306,-2.36817051995449,1,
690.300000000,-15.181784737690792,-9.046220874526279,-2.36817051995449,1,
690.400000000,-15.235449052895136,-9.098614970316252,-2.36817051995449,1,
690.500000000,-15.28911336809948,-9.151009066106225,-2.36817051995449,1,
690.600000000,-15.342777683303824,-9.203403161896198,-2.36817051995449,1,
690.700000000,-15.396441998508168,-9.25579725768617,-2.36817051995449,1,
690.800000000,-15.450106313712512,-9.308191353476143,-2.36817051995449,1,
690.900000000,-15.503770628916856,-9.360585449266116,-2.36817051995449,1,
691.000000000,-15.5574349441212,-9.41297954505609,-2.36817051995449,1,
691.100000000,-15.611099259325544,-9.465373640846062,-2.36817051995449,1,
691.200000000,-15.664763574529887,-9.517767736636035,-2.36817051995449,1,
691.300000000,-15.718427889734231,-9.570161832426008,-2.36817051995449,1,
691.400000000,-15.772092204938575,-9.62255592821598,-2.36817051995449,1,
691.500000000,-15.82575652014292,-9.674950024005954,-2.36817051995449,1,
691.600000000,-15.879420835347263,-9.727344119795927,-2.36817051995449,1,
691.700000000,-15.933085150551607,-9.7797382155859,-2.36817051995449,1,
691.800000000,-15.98674946575595,-9.832132311375872,-2.36817051995449,1,
691.900000000,-16.040413780960293,-9.884526407165845,-2.36817051995449,1,
692.000000000,-16.094078096164637,-9.936920502955818,-2.36817051995449,1,
692.100000000,-16.14774241136898,-9.989314598745791,-2.36817051995449,1,
692.200000000,-16.201406726573325,-10.041708694535764,-2.36817051995449,1,
692.300000000,-16.25507104177767,-10.094102790325737,-2.36817051995449,1,
692.400000000,-16.275344227521533,-10.11389611540195,-2.3663879377176786,1,
692.500000000,-16.293201171924036,-10.131392673252163,-2.3644203950493208,1,
692.600000000,-16.30864732527566,-10.146586777078403,-2.3627151914034106,1,
692.700000000,-16.325253718054867,-10.162977999220367,-2.3608788182462765,1,
692.800000000,-16.343014001335423,-10.180572667099995,-2.3589112755779187,1,
692.900000000,-16.358376214579373,-10.195851634627019,-2.3572060719320085,1,
693.000000000,-16.37489205460962,-10.212334094168595,-2.3553696987748745,1,
693.100000000,-16.39255513773794,-10.230026338073824,-2.3534021561065166,1,
693.200000000,-16.40783294462612,-10.24538970558007,-2.3516969524606064,1,
693.300000000,-16.42425773064637,-10.261962902273327,-2.3498605793034724,1,
693.400000000,-16.441823077542214,-10.279752185238884,-2.346302552415019,1,
693.500000000,-16.458158222566688,-10.29641374223317,-2.3429817273191293,1,
693.600000000,-16.474437947505333,-10.313129453416561,-2.3396609022232395,1,
693.700000000,-16.489503206733033,-10.32870130009082,-2.3365772789199135,1,
693.800000000,-16.504520376701848,-10.344319528241677,-2.3334936556165875,1,
693.900000000,-16.520640771380386,-10.361188947907232,-2.3301728305206977,1,
694.000000000,-16.53555760791844,-10.37690303178576,-2.3270892072173717,1,
694.100000000,-16.55156963340412,-10.393875347016463,-2.323768382121482,1,
694.200000000,-16.56752520861378,-10.41090074170127,-2.320447557025592,1,
694.300000000,-16.582288518378732,-10.426759150487417,-2.317363933722266,1,
694.400000000,-16.597002856672166,-10.442663008290818,-2.312876982764933,1,
694.500000000,-16.612772058838733,-10.4598611682934,-2.3076613648368225,1,
694.600000000,-16.631811195554306,-10.480844234106183,-2.3013281144955453,1,
694.700000000,-16.649604950628234,-10.500706091810844,-2.2953674082919906,1,
694.800000000,-16.699316025859947,-10.556864875623415,-2.2770983731868224,1,
694.900000000,-16.74799289587354,-10.613922410846026,-2.258829338081654,1,
695.000000000,-16.795619314843435,-10.67185965461982,-2.240560302976486,1,
695.100000000,-16.84217938753036,-10.730657270484649,-2.222291267871318,1,
695.200000000,-16.887657574586378,-10.790295634832592,-2.2040222327661496,1,
695.300000000,-16.932038697741092,-10.8507548434573,-2.1815099653968244,1,
695.400000000,-16.975047616239195,-10.912197767619677,-2.157983602677757,1,
695.500000000,-17.01659923761214,-10.974635438630688,-2.134457239958689,1,
695.600000000,-17.056670564524467,-11.038033299473822,-2.1109308772396216,1,
695.700000000,-17.09523941893072,-11.102356261701857,-2.087404514520553,1,
695.800000000,-17.13228445435021,-11.16756872485706,-2.0638781518014864,1,
695.900000000,-17.167785167681522,-11.233634596174769,-2.040351789082419,1,
696.000000000,-17.20172191055026,-11.300517310559439,-2.016825426363351,1,
696.100000000,-17.2340759001837,-11.368179850822122,-1.9932990636442838,1,
696.200000000,-17.264829229806406,-11.436584768168153,-1.9697727009252164,1,
696.300000000,-17.293964878550963,-11.505694202923719,-1.946246338206149,1,
696.400000000,-17.32146672087844,-11.57546990548983,-1.9227199754870818,1,
696.500000000,-17.347319535503292,-11.64587325751211,-1.899193612768014,1,
696.600000000,-17.371509013817793,-11.716865293254665,-1.8756672500489473,1,
696.700000000,-17.39402176781134,-11.788406721166233,-1.8521408873298797,1,
696.800000000,-17.414845337480234,-11.860457945626644,-1.8286145246108123,1,
696.900000000,-17.43396819772386,-11.932979088861584,-1.8050881618917456,1,
697.000000000,-17.451379764723402,-12.005930013013513,-1.781561799172678,1,
697.100000000,-17.467070401799614,-12.079270342356534,-1.7580354364536102,1,
697.200000000,-17.48103142474638,-12.152959485642908,-1.7345090737345426,1,
697.300000000,-17.49325510663711,-12.226956658568866,-1.7109827110154752,1,
697.400000000,-17.503734682101314,-12.301220906347256,-1.69055262860483,1,
697.500000000,-17.51269495145648,-12.375683739848828,-1.670122546194185,1,
697.600000000,-17.520132174921393,-12.450314080241546,-1.649692463783539,1,
697.700000000,-17.526043248394206,-12.525080778780394,-1.6292623813728946,1,
697.800000000,-17.53042570474802,-12.599952629808046,-1.6088322989622499,1,
697.900000000,-17.53327771486059,-12.674898383779286,-1.5884022165516045,1,
698.000000000,-17.53459808837776,-12.749886760303752,-1.5679721341409592,1,
698.100000000,-17.534386274210288,-12.824886461201546,-1.5475420517303142,1,
698.200000000,-17.532642360763848,-12.899866183566271,-1.5271119693196689,1,
698.300000000,-17.529367075902133,-12.974794632830049,-1.5066818869090237,1,
698.400000000,-17.524561786643066,-13.049640535825047,-1.5007628165335636,1,
698.500000000,-17.519313565981093,-13.124456685016805,-1.4977159418278152,1,
698.600000000,-17.513837414600037,-13.199256496286965,-1.4946690671220684,1,
698.700000000,-17.508133383337405,-13.274039275236099,-1.4916221924163207,1,
698.800000000,-17.502201525146226,-13.34880432762289,-1.4885753177105734,1,
698.900000000,-17.496041895094535,-13.42355095937059,-1.485528443004826,1,
699.000000000,-17.48965455036488,-13.498278476573455,-1.4824815682990786,1,
699.100000000,-17.48303955025378,-13.572986185503192,-1.479434693593331,1,
699.200000000,-17.47619695617118,-13.647673392615392,-1.4763878188875827,1,
699.300000000,-17.46912683163988,-13.72233940455598,-1.4733409441818357,1,
699.400000000,-17.461829242294947,-13.796983528167639,-1.4763878188875827,1,
699.500000000,-17.454759117763647,-13.871649540108226,-1.4794346935933311,1,
699.600000000,-17.447916523681048,-13.946336747220426,-1.4824815682990788,1,
699.700000000,-17.441301523569948,-14.021044456150163,-1.4855284430048266,1,
699.800000000,-17.43491417884029,-14.095771973353028,-1.488575317710574,1,
699.900000000,-17.4287545487886,-14.170518605100728,-1.491622192416322,1,
700.000000000,-17.42282269059742,-14.24528365748752,-1.4946690671220693,1,
700.100000000,-17.41711865933479,-14.320066436436653,-1.4977159418278174,1,
700.200000000,-17.411642507953733,-14.394866247706814,-1.5007628165335647,1,
700.300000000,-17.40639428729176,-14.469682396898571,-1.5038096912393129,1,
700.400000000,-17.401374046070405,-14.54451418946082,-1.5150257156753328,1,
700.500000000,-17.397193418233464,-14.619397581150093,-1.5274846537607647,1,
700.600000000,-17.393946058265794,-14.694327245858007,-1.5399435918461963,1,
700.700000000,-17.391632470232775,-14.769291552767452,-1.5524025299316278,1,
700.800000000,-17.390253013256785,-14.844278865684048,-1.5648614680170596,1,
700.900000000,-17.389807901461452,-14.919277544842348,-1.577320406102491,1,
701.000000000,-17.390297203938424,-14.994275948712604,-1.589779344187923,1,
701.100000000,-17.39172084473664,-15.069262435807797,-1.6022382822733545,1,
701.200000000,-17.394078602874114,-15.14422536649067,-1.614697220358786,1,
701.300000000,-17.39737011237225,-15.219153104780462,-1.6271561584442176,1,
701.400000000,-17.401594862312642,-15.29403402015909,-1.6316596590304093,1,
701.500000000,-17.40615679451733,-15.368895150090182,-1.634706533736157,1,
701.600000000,-17.410946797677127,-15.443742032922597,-1.637753408441905,1,
701.700000000,-17.415964827324334,-15.518573973819915,-1.6408002831476527,1,
701.800000000,-17.421210836874383,-15.593390278084433,-1.6438471578534002,1,
701.900000000,-17.426684777626267,-15.668190251163605,-1.646894032559148,1,
702.000000000,-17.432386598762996,-15.742973198656497,-1.649940907264896,1,
702.100000000,-17.438316247352063,-15.817738426320233,-1.6529877819706433,1,
702.200000000,-17.444473668345942,-15.892485240076434,-1.6560346566763913,1,
702.300000000,-17.450858804582598,-15.967212946017666,-1.659081531382139,1,
702.400000000,-17.45747159678601,-16.041920850413884,-1.6621284060878863,1,
702.500000000,-17.46431198356673,-16.116608259718866,-1.6651752807936342,1,
702.600000000,-17.471379901422452,-16.19127448057666,-1.668222155499382,1,
702.700000000,-17.478675284738593,-16.26591881982801,-1.67126903020513,1,
702.800000000,-17.486198065788916,-16.3405405845168,-1.6743159049108776,1,
702.900000000,-17.493948174736143,-16.415139081896477,-1.677362779616625,1,
703.000000000,-17.50192553963262,-16.4897136194365,-1.675816150478055,1,
703.100000000,-17.50978755588115,-16.564300405803174,-1.6742695213394854,1,
703.200000000,-17.517534204675314,-16.63889926258034,-1.6727228922009156,1,
703.300000000,-17.52516546748465,-16.71351001132296,-1.6711762630623457,1,
703.400000000,-17.532681326054714,-16.788132473557564,-1.6625398603700388,1,
703.500000000,-17.53955244270993,-16.862817062034107,-1.6539034576777332,1,
703.600000000,-17.545778304954403,-16.937558206254096,-1.6452670549854267,1,
703.700000000,-17.551358448419823,-17.01235033150071,-1.6366306522931204,1,
703.800000000,-17.556292456900096,-17.087187859254616,-1.6279942496008142,1,
703.900000000,-17.56057996238239,-17.162065207610038,-1.6193578469085077,1,
704.000000000,-17.56422064507459,-17.236976791691106,-1.6107214442162014,1,
704.100000000,-17.56721423342914,-17.311917024068403,-1.6020850415238952,1,
704.200000000,-17.5695605041633,-17.38688031517573,-1.5934486388315887,1,
704.300000000,-17.5712592822758,-17.461861073727004,-1.5848122361392827,1,
704.400000000,-17.5723104410599,-17.536853707133297,-1.5817653614335354,1,
704.500000000,-17.573133102160508,-17.611849195189002,-1.5787184867277877,1,
704.600000000,-17.573727257940497,-17.686846841678136,-1.5756716120220406,1,
704.700000000,-17.57409290288406,-17.761845950364673,-1.5726247373162932,1,
704.800000000,-17.57423003359676,-17.83684582499902,-1.5695778626105457,1,
704.900000000,-17.574138648805544,-17.911845769324465,-1.5665309879047982,1,
705.000000000,-17.573818749358782,-17.986845087083655,-1.5634841131990505,1,
705.100000000,-17.57327033822624,-18.06184308202505,-1.5604372384933025,1,
705.200000000,-17.57249342049906,-18.136839057909395,-1.5573903637875555,1,
705.300000000,-17.57148800338971,-18.211832318516173,-1.5589369929261259,1,
705.400000000,-17.570598574198677,-18.286827044435494,-1.560483622064696,1,
705.500000000,-17.569825135053534,-18.361823056275384,-1.5620302512032658,1,
705.600000000,-17.56916768780439,-18.43682017464079,-1.5635768803418362,1,
705.700000000,-17.568626234023906,-18.511818220134014,-1.5651235094804061,1,
705.800000000,-17.568200775007266,-18.58681701335514,-1.5666701386189763,1,
705.900000000,-17.567891311772197,-18.661816374902465,-1.5682167677575465,1,
706.000000000,-17.567697845058955,-18.736816125372922,-1.5697633968961167,1,
706.100000000,-17.56762037533032,-18.81181608536252,-1.5713100260346873,1,
706.200000000,-17.567658902771612,-18.88681607546676,-1.572856655173257,1,
706.300000000,-17.567813427290663,-18.96181591628108,-1.5744013986116523,1,
706.400000000,-17.568083807091252,-19.03681542891125,-1.5684823282361915,1,
706.500000000,-17.56791025735423,-19.11181522811424,-1.5625632578607305,1,
706.600000000,-17.567292784159967,-19.186812686250192,-1.5566441874852706,1,
706.700000000,-17.56623140914181,-19.261805175761282,-1.55072511710981,1,
706.800000000,-17.564726169485347,-19.33679006926375,-1.544806046734349,1,
706.900000000,-17.562777117927087,-19.41176473963997,-1.5388869763588886,1,
707.000000000,-17.56038432275262,-19.486726560130492,-1.532967905983428,1,
707.100000000,-17.55754786779422,-19.561672904426054,-1.5270488356079677,1,
707.200000000,-17.55426785242792,-19.636601146759613,-1.5211297652325073,1,
707.300000000,-17.550544391570014,-19.711508661998337,-1.5152106948570465,1,
707.400000000,-17.546377615673038,-19.786392825735568,-1.519714195443238,1,
707.500000000,-17.542548121765588,-19.861294995106107,-1.5242176960294298,1,
707.600000000,-17.539055987515482,-19.93621365098286,-1.5287211966156218,1,
707.700000000,-17.53590128374838,-20.011147273904363,-1.533224697201813,1,
707.800000000,-17.533084074446357,-20.086094344105597,-1.537728197788005,1,
707.900000000,-17.530604416746595,-20.16105334154881,-1.5422316983741968,1,
708.000000000,-17.528462360940228,-20.236022745954358,-1.5467351989603886,1,
708.100000000,-17.52665795047133,-20.311001036831517,-1.5512386995465806,1,
708.200000000,-17.525191221936012,-20.385986693509334,-1.555742200132772,1,
708.300000000,-17.524062205081712,-20.460978195167474,-1.560245700718964,1,
708.400000000,-17.523270922806567,-20.535974020867048,-1.5647492013051558,1,
708.500000000,-17.522817391158952,-20.610972649581477,-1.5692527018913471,1,
708.600000000,-17.522701619337163,-20.685972560227327,-1.5737562024775393,1,
708.700000000,-17.522923609689222,-20.760972231695163,-1.5782597030637309,1,
708.800000000,-17.523483357712838,-20.83597014288041,-1.5827632036499228,1,
708.900000000,-17.52438085205549,-20.910964772714184,-1.5872667042361144,1,
709.000000000,-17.525616074514662,-20.98595460019416,-1.5888133333746846,1,
709.100000000,-17.526967276902507,-21.06094242755372,-1.5903599625132547,1,
709.200000000,-17.52843445598687,-21.13592807541739,-1.5919065916518254,1,
709.300000000,-17.530017608258163,-21.210911364414912,-1.5919065916518254,1,
709.400000000,-17.531600760529457,-21.285894653412434,-1.5919065916518256,1,
709.500000000,-17.53318391280075,-21.360877942409957,-1.5919065916518256,1,
709.600000000,-17.534767065072046,-21.43586123140748,-1.591906591651826,1,
709.700000000,-17.53635021734334,-21.510844520405,-1.591906591651826,1,
709.800000000,-17.537933369614635,-21.585827809402524,-1.5919065916518262,1,
709.900000000,-17.53951652188593,-21.660811098400046,-1.5919065916518267,1,
710.000000000,-17.541099674157223,-21.73579438739757,-1.5919065916518267,1,
710.100000000,-17.542682826428518,-21.81077767639509,-1.591906591651827,1,
710.200000000,-17.544265978699812,-21.885760965392613,-1.5919065916518274,1,
710.300000000,-17.545849130971106,-21.960744254390136,-1.5903599625132574,1,
710.400000000,-17.547316310055468,-22.035729902253806,-1.5888133333746874,1,
710.500000000,-17.548667512443313,-22.110717729613366,-1.5872667042361175,1,
710.600000000,-17.549902734902485,-22.18570755709334,-1.585720075097548,1,
710.700000000,-17.551021974478257,-22.260699205313472,-1.5841734459589774,1,
710.800000000,-17.552025228493335,-22.335692494889148,-1.5826268168204076,1,
710.900000000,-17.55291249454788,-22.41068724643183,-1.5810801876818377,1,
711.000000000,-17.55368377051949,-22.48568328054948,-1.5795335585432677,1,
711.100000000,-17.554339054563233,-22.560680417846992,-1.5779869294046975,1,
711.200000000,-17.554878345111625,-22.635678478926625,-1.5764403002661276,1,
711.300000000,-17.55530164087465,-22.710677284388424,-1.5748936711275576,1,
711.400000000,-17.55560894083976,-22.78567665483066,-1.5748936711275576,1,
711.500000000,-17.555916240804873,-22.860676025272895,-1.574893671127558,1,
711.600000000,-17.556223540769984,-22.93567539571513,-1.5748936711275583,1,
711.700000000,-17.556530840735096,-23.010674766157365,-1.5748936711275583,1,
711.800000000,-17.556838140700208,-23.0856741365996,-1.5748936711275585,1,
711.900000000,-17.55714544066532,-23.160673507041835,-1.574893671127559,1,
712.000000000,-17.55745274063043,-23.23567287748407,-1.574893671127559,1,
712.100000000,-17.557760040595543,-23.310672247926306,-1.574893671127559,1,
712.200000000,-17.558067340560655,-23.38567161836854,-1.5748936711275596,1,
712.300000000,-17.558374640525766,-23.460670988810776,-1.5748936711275598,1,
712.400000000,-17.558681940490878,-23.53567035925301,-1.57644030026613,1,
712.500000000,-17.559105236253906,-23.61066916471481,-1.5779869294047002,1,
712.600000000,-17.5596445268023,-23.685667225794443,-1.5795335585432704,1,
712.700000000,-17.56029981084604,-23.760664363091955,-1.5810801876818406,1,
712.800000000,-17.561071086817652,-23.835660397209605,-1.5826268168204107,1,
712.900000000,-17.561958352872196,-23.910655148752287,-1.5841734459589811,1,
713.000000000,-17.562961606887274,-23.985648438327964,-1.585720075097551,1,
713.100000000,-17.564080846463046,-24.060640086548094,-1.5872667042361213,1,
713.200000000,-17.56531606892222,-24.13562991402807,-1.5888133333746919,1,
713.300000000,-17.566667271310063,-24.21061774138763,-1.5903580768130865,1,
713.400000000,-17.568134308993972,-24.285603392017826,-1.5903580768130867,1,
713.500000000,-17.56960134667788,-24.360589042648023,-1.5903580768130872,1,
713.600000000,-17.57106838436179,-24.43557469327822,-1.5903580768130872,1,
713.700000000,-17.5725354220457,-24.510560343908416,-1.5903580768130874,1,
713.800000000,-17.57400245972961,-24.585545994538613,-1.5903580768130878,1,
713.900000000,-17.57546949741352,-24.66053164516881,-1.5903580768130878,1,
714.000000000,-17.576936535097428,-24.735517295799006,-1.590358076813088,1,
714.100000000,-17.578403572781337,-24.810502946429203,-1.5903580768130883,1,
714.200000000,-17.579870610465246,-24.8854885970594,-1.5903580768130887,1,
714.300000000,-17.581337648149155,-24.960474247689596,-1.5903580768130887,1,
714.400000000,-17.582804685833064,-25.035459898319793,-1.590358076813089,1,
714.500000000,-17.584271723516974,-25.11044554894999,-1.5903580768130894,1,
714.600000000,-17.585738761200883,-25.185431199580187,-1.5903580768130894,1,
714.700000000,-17.587205798884792,-25.260416850210383,-1.5903580768130896,1,
714.800000000,-17.5886728365687,-25.33540250084058,-1.5903580768130903,1,
714.900000000,-17.59013987425261,-25.410388151470777,-1.59035807681309,1,
715.000000000,-17.59160691193652,-25.485373802100973,-1.5658343493104203,1,
715.100000000,-17.591319519240106,-25.54329231113449,-1.523753571363446,1,
715.200000000,-17.588968248925415,-25.59323699586064,-1.4737535714083185,1,
715.300000000,-17.584123723236495,-25.643001748199385,-1.4237535714531906,1,
715.400000000,-17.576452581030637,-25.69479467703908,-1.3761115116393383,1,
715.500000000,-17.566171150196464,-25.746936418082747,-1.329257245043467,1,
715.600000000,-17.553458833576393,-25.798539382970567,-1.2824029784475954,1,
715.700000000,-17.538343533697415,-25.849490307286338,-1.235548711851724,1,
715.800000000,-17.520858427444235,-25.8996773577912,-1.1886944452558523,1,
715.900000000,-17.501041893238643,-25.94899037788875,-1.141840178659981,1,
716.000000000,-17.47893742680192,-25.997321129410018,-1.0949859120641092,1,
716.100000000,-17.45459354568518,-26.044563530187677,-1.0481316454682377,1,
716.200000000,-17.428063682777193,-26.09061388689798,-1.0012773788723661,1,
716.300000000,-17.399406069023424,-26.13537112265939,-0.9544231122764946,1,
716.400000000,-17.359058194939795,-26.192323616679094,-0.9242195127433722,1,
716.500000000,-17.313873865764258,-26.25218492636203,-0.9048595521688859,1,
716.600000000,-17.267539163848138,-26.311160305956776,-0.8865905170637179,1,
716.700000000,-17.22013483064931,-26.369279400873804,-0.8694343782004831,1,
716.800000000,-17.17174042326106,-26.42657670738589,-0.8522782393372478,1,
716.900000000,-17.12237018540999,-26.48303536141279,-0.8351221004740129,1,
717.000000000,-17.07203864803488,-26.53863874571139,-0.8179659616107776,1,
717.100000000,-17.020760625009828,-26.593370494766596,-0.8008098227475431,1,
717.200000000,-16.96855120878416,-26.64721449960813,-0.783653683884308,1,
717.300000000,-16.915425765940327,-26.700154912551803,-0.7664975450210729,1,
717.400000000,-16.86139993267112,-26.752176151863914,-0.764950915882503,1,
717.500000000,-16.807293706485993,-26.804113771062372,-0.7649509158825031,1,
717.600000000,-16.753187480300866,-26.85605139026083,-0.7649509158825031,1,
717.700000000,-16.69908125411574,-26.90798900945929,-0.7649509158825033,1,
717.800000000,-16.644975027930613,-26.959926628657747,-0.7649509158825034,1,
717.900000000,-16.590868801745486,-27.011864247856206,-0.7649509158825034,1,
718.000000000,-16.53676257556036,-27.063801867054664,-0.7649509158825035,1,
718.100000000,-16.482656349375233,-27.115739486253123,-0.7649509158825036,1,
718.200000000,-16.428550123190107,-27.16767710545158,-0.764950915882504,1,
718.300000000,-16.37444389700498,-27.21961472465004,-0.764950915882504,1,
718.400000000,-16.320337670819853,-27.271552343848498,-0.767997790588252,1,
718.500000000,-16.266389942954,-27.32365457660403,-0.7710446652939994,1,
718.600000000,-16.21260121422782,-27.375920939228777,-0.7740915399997474,1,
718.700000000,-16.15897198398566,-27.428350946511184,-0.7771384147054953,1,
718.800000000,-16.105502750091166,-27.480944111720515,-0.7801852894112431,1,
718.900000000,-16.052194008922672,-27.533699946611364,-0.7832321641169909,1,
719.000000000,-15.99904625536859,-27.586617961428196,-0.7862790388227386,1,
719.100000000,-15.946059982822808,-27.639697664909885,-0.7893259135284866,1,
719.200000000,-15.893235683180118,-27.69293856429428,-0.7923727882342344,1,
719.300000000,-15.840573846831646,-27.746340165322778,-0.7954196629399822,1,
719.400000000,-15.7880749626603,-27.799901972244907,-0.7969662920785525,1,
719.500000000,-15.7356589814975,-27.853544911377107,-0.7985129212171226,1,
719.600000000,-15.68332602872548,-27.907268854402183,-0.8000595503556927,1,
719.700000000,-15.631076229527869,-27.961073672809174,-0.801606179494263,1,
719.800000000,-15.578909708889386,-28.014959237893663,-0.803152808632833,1,
719.900000000,-15.526826591595539,-28.068925420758077,-0.8046994377714031,1,
720.000000000,-15.474827002232335,-28.122972092312004,-0.8062460669099735,1,
720.100000000,-15.422911065185973,-28.177099123272498,-0.8077926960485436,1,
720.200000000,-15.371078904642554,-28.231306384164387,-0.8093393251871139,1,
720.300000000,-15.319330644587778,-28.285593745320583,-0.8108859543256839,1,
720.400000000,-15.267666408806651,-28.339961076882396,-0.8124325834642544,1,
720.500000000,-15.21608632088319,-28.39440824879984,-0.8139792126028242,1,
720.600000000,-15.164590504200119,-28.448935130831952,-0.8239216590645729,1,
720.700000000,-15.11363935440811,-28.503971303799123,-0.833864105526321,1,
720.800000000,-15.06323790810104,-28.5595113272971,-0.843806551988069,1,
720.900000000,-15.013391147533822,-28.615549711115285,-0.8537489984498173,1,
721.000000000,-14.964104000129883,-28.672080915779457,-0.8636914449115656,1,
721.100000000,-14.915381337994091,-28.72909935309934,-0.8736338913733137,1,
721.200000000,-14.867227977431146,-28.786599386721026,-0.8848499158093341,1,
721.300000000,-14.819722553924148,-28.844635881596414,-0.8947923622710823,1,
721.400000000,-14.772796493643085,-28.903141820324873,-0.8776362234078472,1,
721.500000000,-14.724873652367965,-28.960834118633397,-0.8561557199117322,1,
721.600000000,-14.675722702439318,-29.017483779895503,-0.8346752164156175,1,
721.700000000,-14.625366321824737,-29.07306466628102,-0.8131947129195024,1,
721.800000000,-14.573827744670654,-29.12755113308639,-0.791714209423388,1,
721.900000000,-14.521130750582225,-29.180918040567,-0.7702337059272728,1,
722.000000000,-14.46729965365157,-29.233140765536525,-0.749803623516628,1,
722.100000000,-14.412412950207527,-29.284252895066075,-0.7293735411059827,1,
722.200000000,-14.35649354851932,-29.33423309629449,-0.7089434586953376,1,
722.300000000,-14.299564787877317,-29.383060508797772,-0.6885133762846928,1,
722.400000000,-14.241650428851818,-29.43071475329567,-0.6680832938740475,1,
722.500000000,-14.182774643376014,-29.477175940157473,-0.6487233332995613,1,
722.600000000,-14.123010460557664,-29.522488658593414,-0.6293633727250749,1,
722.700000000,-14.062380279795354,-29.56663592556125,-0.6100034121505884,1,
722.800000000,-14.000906825060554,-29.60960119482572,-0.5906434515761019,1,
722.900000000,-13.938613136380756,-29.651368363160007,-0.5712834910016156,1,
723.000000000,-13.875522561204154,-29.691921776381157,-0.5519235304271295,1,
723.100000000,-13.811658745649105,-29.731246235217238,-0.5325635698526426,1,
723.200000000,-13.747045625641652,-29.76932700100395,-0.5132036092781564,1,
723.300000000,-13.681707417944423,-29.80614980120863,-0.4938436487036699,1,
723.400000000,-13.61566861108028,-29.841700834779544,-0.4744836881291836,1,
723.500000000,-13.548953956154103,-29.875966777318474,-0.45512372755469727,1,
723.600000000,-13.481588457576175,-29.90893478607465,-0.43576376698021074,1,
723.700000000,-13.413597363690611,-29.940592504758165,-0.4164038064057244,1,
723.800000000,-13.345006157312378,-29.970928068171077,-0.3970438458312378,1,
723.900000000,-13.275840546176424,-29.999930106654432,-0.3776838852567514,1,
724.000000000,-13.206126453302511,-30.027587750349575,-0.358323924682265,1,
724.100000000,-13.135890007279366,-30.053890633272136,-0.3389639641077786,1,
724.200000000,-13.065157532471778,-30.078828897197155,-0.31960400353329216,1,
724.300000000,-12.993955539154323,-30.102393195353923,-0.3002440429588058,1,
724.400000000,-12.922310713575405,-30.1245746959291,-0.2798139605481608,1,
724.500000000,-12.85022770097047,-30.14528795964578,-0.2597013790100014,1,
724.600000000,-12.777742698118448,-30.164547356353427,-0.24001672473861124,1,
724.700000000,-12.706511538176978,-30.181980073616387,-0.22118792500075987,1,
724.800000000,-12.636590849215699,-30.19770293487925,-0.20278705252967782,1,
724.900000000,-12.569657729412773,-30.211465271813495,-0.18524203459213448,1,
725.000000000,-12.504131616051714,-30.22374423399432,-0.16812494392136046,1,
725.100000000,-12.440048099116657,-30.234620945686473,-0.15143578051735584,1,
725.200000000,-12.379087176709653,-30.243923833252442,-0.13560247164688988,1,
725.300000000,-12.31963797283795,-30.252035069842556,-0.12019709004319329,1,
725.400000000,-12.2451790961514,-30.261028160667017,-0.11311393643710478,1,
725.500000000,-12.170658388386551,-30.269493626645097,-0.10719486606164434,1,
725.600000000,-12.096088878652779,-30.277517853590098,-0.10127579568618379,1,
725.700000000,-12.021473179514617,-30.285100560370882,-0.09535672531072334,1,
725.800000000,-11.94681390515486,-30.292241481325107,-0.08969440526438216,1,
725.900000000,-11.872115393686013,-30.298959545357143,-0.0842418007753129,1,
726.000000000,-11.797381361876655,-30.30527021010167,-0.07899891184351551,1,
726.100000000,-11.722615271242391,-30.311188967679843,-0.07396573846899003,1,
726.200000000,-11.647820337617343,-30.31673134118086,-0.06914228065173647,1,
726.300000000,-11.57299954076942,-30.321912881399918,-0.0644236806131188,1,
726.400000000,-11.501481545718743,-30.326526718744528,-0.05991479613177307,1,
726.500000000,-11.43160715053534,-30.33071824564455,-0.05551076942906328,1,
726.600000000,-11.365043172346285,-30.334417063305832,-0.051316458283625375,1,
726.700000000,-11.300128738380447,-30.33775116931717,-0.047227004916823405,1,
726.800000000,-11.236866020937027,-30.340741101220253,-0.0432424093286574,1,
726.900000000,-11.175257000720642,-30.34340688548659,-0.03936267151912735,1,
727.000000000,-11.100315096465428,-30.346358323543246,-0.059792753929772555,1,
727.100000000,-11.039248097693529,-30.350014045225773,-0.0986164297509928,1,
727.200000000,-10.97918683747798,-30.355956348137347,-0.13826192749496624,1,
727.300000000,-10.935131359344796,-30.36208665639554,-0.19378197883397927,1,
727.400000000,-10.9082205237152,-30.367367761856332,-0.266357844405137,1,
727.500000000,-10.89276541936458,-30.371584547060255,-0.3503378092009128,1,
727.600000000,-10.877718491958795,-30.37708286531129,-0.4343177739966885,1,
727.700000000,-10.864238667869353,-30.383335581069037,-0.5194583624393809,1,
727.800000000,-10.851339388315179,-30.390711941879946,-0.6045989508820734,1,
727.900000000,-10.839114102668193,-30.39915850938865,-0.6897395393247656,1,
728.000000000,-10.827651377523177,-30.40861409208245,-0.774880127767458,1,
728.100000000,-10.817882042176384,-30.418180050619405,-0.8612072540443199,1,
728.200000000,-10.808973862988058,-30.428552698275503,-0.9475343803211822,1,
728.300000000,-10.80170174404995,-30.438669092290343,-1.035075442095414,1,
728.400000000,-10.784917185179985,-30.466943642207255,-1.1021942683106603,1,
728.500000000,-10.762689957010068,-30.510852878223467,-1.1529797310310625,1,
728.600000000,-10.736160171376287,-30.570610534732726,-1.187597722517614,1,
728.700000000,-10.708118496558651,-30.64017104417179,-1.2080278049282587,1,
728.800000000,-10.681503701752643,-30.710289891120624,-1.2284578873389045,1,
728.900000000,-10.65632689527497,-30.78093780981315,-1.2488879697495492,1,
729.000000000,-10.63259858526376,-30.85208531366263,-1.2682479303240357,1,
729.100000000,-10.61025204872161,-30.923678835049486,-1.2865169654292035,1,
729.200000000,-10.589217113040084,-30.995668636277674,-1.304786000534372,1,
729.300000000,-10.569500798594484,-31.06803069086903,-1.321942139397607,1,
729.400000000,-10.551028778217454,-31.140720335683064,-1.3390982782608416,1,
729.500000000,-10.53380648870267,-31.213716176275998,-1.355118313333873,1,
729.600000000,-10.5177557550258,-31.28697854006829,-1.371138348406903,1,
729.700000000,-10.502880696383496,-31.36048862529738,-1.3871583834799333,1,
729.800000000,-10.489185130251828,-31.434227566626454,-1.4031784185529639,1,
729.900000000,-10.476672571406587,-31.508176439985988,-1.4180378299761982,1,
730.000000000,-10.465260190232014,-31.58230307187984,-1.4328972413994325,1,
730.100000000,-10.454950506559562,-31.656591095292594,-1.4465701149854524,1,
730.200000000,-10.445657485662073,-31.73101313344393,-1.4602429885714723,1,
730.300000000,-10.437382864819245,-31.805555273538694,-1.4727019266569044,1,
730.400000000,-10.430037578064399,-31.880194718622974,-1.485160864742336,1,
730.500000000,-10.423622765555937,-31.954919882928454,-1.4976198028277679,1,
730.600000000,-10.418139423021138,-32.029719167381224,-1.5088358272637876,1,
730.700000000,-10.41349535839523,-32.10457524705249,-1.5200518516998072,1,
730.800000000,-10.409691155891721,-32.17947870520572,-1.528688254392114,1,
730.900000000,-10.40653398364618,-32.2544122241636,-1.5373246570844206,1,
731.000000000,-10.40402407714257,-32.32937021486068,-1.5190556219792528,1,
731.100000000,-10.400774254617485,-32.39212394009636,-1.4818934400301638,1,
731.200000000,-10.396614260016792,-32.438793167126626,-1.4287477067161356,1,
731.300000000,-10.392338294228491,-32.4686925575486,-1.358951306353071,1,
731.400000000,-10.390522369352906,-32.477135890475886,-1.2675877091965415,1,
731.500000000,-10.390060570602241,-32.47861196775857,-1.1691343385091353,1,
731.600000000,-10.390060570602241,-32.47861196775857,-1.0691343385091356,1,
731.700000000,-10.390060570602241,-32.47861196775857,-0.9691343385091354,1,
731.800000000,-10.390060570602241,-32.47861196775857,-0.8691343385091356,1,
731.900000000,-10.390060570602241,-32.47861196775857,-0.7691343385091357,1,
732.000000000,-10.390060570602241,-32.47861196775857,-0.6691343385091353,1,
732.100000000,-10.390060570602241,-32.47861196775857,-0.5691343385091355,1,
732.200000000,-10.390060570602241,-32.47861196775857,-0.46913433850913566,1,
732.300000000,-10.390060570602241,-32.47861196775857,-0.36913433850913563,1,
732.400000000,-10.374060068570436,-32.48480204367352,-0.28629047750083936,1,
732.500000000,-10.356534619130597,-32.48996113954443,-0.2045595127318963,1,
732.600000000,-10.33864648308495,-32.49367223602472,-0.12282854796295326,1,
732.700000000,-10.320515085796808,-32.49591055696979,-0.04109758319401018,1,
732.800000000,-10.302261476698204,-32.496661158827585,0.04063338157493285,1,
732.900000000,-10.284007521135687,-32.495919030405254,0.12236434634387588,1,
733.000000000,-10.26587508676888,-32.493689126325016,0.20409531111281892,1,
733.100000000,-10.247985229953596,-32.48998633394598,0.28582627588176196,1,
733.200000000,-10.230457387541405,-32.48483537397263,0.3675572406507049,1,
733.300000000,-10.21340857949139,-32.47827063541368,0.44928820541964815,1,
733.400000000,-10.179934503191381,-32.46213018962714,0.512126023374898,1,
733.500000000,-10.133607119734592,-32.43608709992737,0.5589802899707694,1,
733.600000000,-10.078901923300366,-32.401867362830515,0.5944539471030312,1,
733.700000000,-10.024735907869031,-32.365249746720984,0.6290719385895823,1,
733.800000000,-9.97186972076657,-32.32677932563543,0.6636899300761333,1,
733.900000000,-9.920366710786784,-32.286502198127685,0.6983079215626846,1,
734.000000000,-9.87028859324788,-32.244466627702,0.7329259130492356,1,
734.100000000,-9.821695376039886,-32.20072298497955,0.7675439045357867,1,
734.200000000,-9.774645287718062,-32.15532368734004,0.8021618960223377,1,
734.300000000,-9.729194707728457,-32.108323136110705,0.8367798875088889,1,
734.400000000,-9.678955418042715,-32.05263638928642,0.8516392989321229,1,
734.500000000,-9.629549116556397,-31.996209291421625,0.8531859280706932,1,
734.600000000,-9.580230145920499,-31.939705847850323,0.8531859280706928,1,
734.700000000,-9.5309111752846,-31.88320240427902,0.8531859280706927,1,
734.800000000,-9.481592204648702,-31.82669896070772,0.8531859280706925,1,
734.900000000,-9.432273234012804,-31.77019551713642,0.8531859280706922,1,
735.000000000,-9.382954263376906,-31.713692073565117,0.853185928070692,1,
735.100000000,-9.333635292741008,-31.657188629993815,0.8531859280706922,1,
735.200000000,-9.28431632210511,-31.600685186422513,0.853185928070692,1,
735.300000000,-9.234997351469211,-31.54418174285121,0.8458899623516256,1,
735.400000000,-9.185267449949489,-31.488039629470624,0.8385939966325593,1,
735.500000000,-9.135129264712345,-31.43226183477483,0.8312980309134932,1,
735.600000000,-9.084585464657485,-31.376851327864912,0.8240020651944269,1,
735.700000000,-9.033638740275844,-31.32181105829089,0.8167060994753605,1,
735.800000000,-8.982291803506376,-31.26714395589473,0.8094101337562941,1,
735.900000000,-8.930547387591695,-31.212852930654382,0.8021141680372279,1,
736.000000000,-8.878408246932574,-31.15894087252887,0.7948182023181618,1,
736.100000000,-8.825877156941337,-31.105410651304478,0.7875222365990954,1,
736.200000000,-8.77295691389411,-31.052265116441966,0.7802262708800288,1,
736.300000000,-8.719650334781983,-30.999507096924905,0.7729303051609625,1,
736.400000000,-8.665960257161053,-30.947139401109084,0.7656343394418962,1,
736.500000000,-8.61188953900138,-30.89516481657301,0.7583383737228299,1,
736.600000000,-8.557441058534854,-30.843586109969547,0.7510424080037634,1,
736.700000000,-8.502617714101987,-30.79240602687861,0.7437464422846973,1,
736.800000000,-8.447422423997628,-30.741627291661047,0.736450476565631,1,
736.900000000,-8.391858126315618,-30.691252607313597,0.7291545108465646,1,
737.000000000,-8.335927778792405,-30.641284655325023,0.7218585451274984,1,
737.100000000,-8.279634358649583,-30.59172609553336,0.7145625794084322,1,
737.200000000,-8.222980862435424,-30.542579565984344,0.7072666136893655,1,
737.300000000,-8.165970305865368,-30.49384768279097,0.6999706479702994,1,
737.400000000,-8.10860572366149,-30.445533039994253,0.7044741485564908,1,
737.500000000,-8.051459307463684,-30.39696054658752,0.7103932189319513,1,
737.600000000,-7.994601394664548,-30.348050652372486,0.7163122893074118,1,
737.700000000,-7.93803397729765,-30.298805070921567,0.7222313596828722,1,
737.800000000,-7.881759037218964,-30.24922552756808,0.7281504300583328,1,
737.900000000,-7.825778546037438,-30.199313759345795,0.734069500433793,1,
738.000000000,-7.770094465045917,-30.149071514928078,0.7399885708092534,1,
738.100000000,-7.714708745152428,-30.098500554566623,0.7459076411847141,1,
738.200000000,-7.65962332681183,-30.04760265002978,0.7518267115601744,1,
738.300000000,-7.6048401399578305,-29.996379584540495,0.7548735862659222,1,
738.400000000,-7.5502132774131105,-29.94498983956623,0.75792046097167,1,
738.500000000,-7.495743246302777,-29.893433892180507,0.7609673356774173,1,
738.600000000,-7.441430552296003,-29.84171222099979,0.7640142103831649,1,
738.700000000,-7.387275699601331,-29.78982530617901,0.7670610850889126,1,
738.800000000,-7.333279190961995,-29.73777362940715,0.7701079597946603,1,
738.900000000,-7.27944152765125,-29.68555767390274,0.773154834500408,1,
739.000000000,-7.225763209467721,-29.633177924409374,0.7762017092061552,1,
739.100000000,-7.172244734730763,-29.580634867191225,0.7792485839119027,1,
739.200000000,-7.118886600275834,-29.527928990028524,0.7822954586176505,1,
739.300000000,-7.065689301449882,-29.475060782213028,0.7853423333233984,1,
739.400000000,-7.012653332106748,-29.422030734543483,0.7853423333233983,1,
739.500000000,-6.9596173627636135,-29.36900068687394,0.7853423333233982,1,
739.600000000,-6.906581393420479,-29.315970639204394,0.785342333323398,1,
739.700000000,-6.853545424077345,-29.26294059153485,0.7853423333233976,1,
739.800000000,-6.800509454734211,-29.209910543865305,0.7853423333233974,1,
739.900000000,-6.747473485391077,-29.15688049619576,0.7853423333233975,1,
740.000000000,-6.694437516047943,-29.103850448526217,0.7853423333233974,1,
740.100000000,-6.641401546704809,-29.050820400856672,0.7853423333233974,1,
740.200000000,-6.5883655773616745,-28.997790353187128,0.7853423333233972,1,
740.300000000,-6.53532960801854,-28.944760305517583,0.7837957041848269,1,
740.400000000,-6.482211684323802,-28.891812348216476,0.7822490750462566,1,
740.500000000,-6.429011933338784,-28.83894660793856,0.7807024459076868,1,
740.600000000,-6.375730482320548,-28.786163211141922,0.7791558167691166,1,
740.700000000,-6.322367458721587,-28.73346228408768,0.7776091876305461,1,
740.800000000,-6.268922990189519,-28.680843952839673,0.7760625584919761,1,
740.900000000,-6.215397204566784,-28.628308343264177,0.7745159293534057,1,
741.000000000,-6.1617902298903395,-28.575855581029582,0.7729693002148356,1,
741.100000000,-6.10810219439135,-28.523485791606106,0.7714226710762657,1,
741.200000000,-6.054333226494882,-28.47119910026549,0.7698760419376952,1,
741.300000000,-6.000483454819599,-28.418995632080705,0.7698760419376954,1,
741.400000000,-5.946633683144316,-28.36679216389592,0.7698760419376952,1,
741.500000000,-5.892783911469032,-28.314588695711134,0.7698760419376951,1,
741.600000000,-5.838934139793749,-28.262385227526348,0.7698760419376949,1,
741.700000000,-5.785084368118466,-28.210181759341562,0.7698760419376949,1,
741.800000000,-5.731234596443183,-28.157978291156777,0.7698760419376949,1,
741.900000000,-5.677384824767899,-28.10577482297199,0.7698760419376947,1,
742.000000000,-5.623535053092616,-28.053571354787206,0.7698760419376945,1,
742.100000000,-5.569685281417333,-28.00136788660242,0.7698760419376945,1,
742.200000000,-5.5158355097420495,-27.949164418417634,0.7698760419376942,1,
742.300000000,-5.461985738066766,-27.89696095023285,0.769876041937694,1,
742.400000000,-5.408135966391483,-27.844757482048063,0.7698760419376939,1,
742.500000000,-5.3542861947162,-27.792554013863278,0.7698760419376938,1,
742.600000000,-5.3004364230409164,-27.740350545678492,0.7698760419376939,1,
742.700000000,-5.246586651365633,-27.688147077493706,0.7698760419376938,1,
742.800000000,-5.19273687969035,-27.63594360930892,0.7698760419376935,1,
742.900000000,-5.138887108015067,-27.583740141124135,0.7698760419376934,1,
743.000000000,-5.085037336339783,-27.53153667293935,0.7698760419376933,1,
743.100000000,-5.0311875646645,-27.479333204754564,0.7698760419376933,1,
743.200000000,-4.977337792989217,-27.42712973656978,0.7698760419376932,1,
743.300000000,-4.923488021313934,-27.374926268384993,0.7453523144350235,1,
743.400000000,-4.87084569354772,-27.326339898140954,0.7169892465729667,1,
743.500000000,-4.816846665023271,-27.279265967302834,0.68862617871091,1,
743.600000000,-4.761534373082375,-27.233742342596738,0.6602631108488534,1,
743.700000000,-4.7049533114686355,-27.189805643667498,0.6319000429867967,1,
743.800000000,-4.647148994536278,-27.147491213621475,0.60353697512474,1,
743.900000000,-4.588167920637957,-27.106833090596215,0.5751739072626834,1,
744.000000000,-4.528057534721036,-27.06786398037985,0.5468108394006267,1,
744.100000000,-4.466866190162405,-27.030615230102246,0.51844777153857,1,
744.200000000,-4.4046431098725645,-26.99511680301906,0.49008470367651347,1,
744.300000000,-4.3414383467002295,-26.96139725440901,0.46172163581445685,1,
744.400000000,-4.278132006191798,-26.929896345610253,0.4324323139593971,1,
744.500000000,-4.213930309523826,-26.90026288228463,0.4031429921043375,1,
744.600000000,-4.148888329107458,-26.872522284107333,0.37385367024927785,1,
744.700000000,-4.083061858151801,-26.846698347048058,0.3445643483942182,1,
744.800000000,-4.0165073628043375,-26.822813222958747,0.3152750265391585,1,
744.900000000,-3.9492819337140923,-26.800887400571668,0.2859857046840988,1,
745.000000000,-3.881443237059101,-26.78093968792411,0.2566963828290391,1,
745.100000000,-3.8130494650801867,-26.762987196224806,0.22740706097397947,1,
745.200000000,-3.7448516673687138,-26.747205549057764,0.1984121116446626,1,
745.300000000,-3.674591042877001,-26.73307912852227,0.17636456617912338,1,
745.400000000,-3.605676880069846,-26.720797509549637,0.15602768623241375,1,
745.500000000,-3.539820056419122,-26.71043781732053,0.1366592291403093,1,
745.600000000,-3.4754260740946883,-26.701582590592743,0.1177749834755075,1,
745.700000000,-3.414186600811562,-26.6943365786011,0.0998591606653109,1,
745.800000000,-3.354485507858663,-26.688354981805148,0.0824275492824169,1,
745.900000000,-3.2963502294591778,-26.683552151057338,0.06548014932682551,1,
746.000000000,-3.2398050028076004,-26.679844260277818,0.049016960798536735,1,
746.100000000,-3.1848710627966197,-26.677149406873646,0.03303798369755057,1,
746.200000000,-3.1315668337056297,-26.675387701603267,0.017543218023867026,1,
746.300000000,-3.0815745276207664,-26.674510585694545,0.0030168752047887047,1,
746.400000000,-3.0265747779128165,-26.674344657809982,-0.004810783949808528,1,
746.500000000,-2.973242061742085,-26.674601231964292,-0.011548350792487254,1,
746.600000000,-2.921578840284285,-26.67519788349302,-0.018075368671332265,1,
746.700000000,-2.8715870080357164,-26.676101602714343,-0.024391837586343567,1,
746.800000000,-2.823268052231592,-26.677280424630577,-0.030497757537521163,1,
746.900000000,-2.776623086524497,-26.678703432698622,-0.03639312852486505,1,
747.000000000,-2.7316528835811154,-26.680340761996913,-0.042077950548375216,1,
747.100000000,-2.688357906589601,-26.682163601836837,-0.047552223608051676,1,
747.200000000,-2.64673833967109,-26.684144197864978,-0.05281594770389444,1,
747.300000000,-2.6067941171898563,-26.686255853700978,-0.05786912283590347,1,
747.400000000,-2.568524951957565,-26.68847293215426,-0.05967687694413823,1,
747.500000000,-2.5319235569597205,-26.690659785751606,-0.06140603304766712,1,
747.600000000,-2.4953259980899585,-26.692909925573648,-0.063135189151196,1,
747.700000000,-2.4603957308340556,-26.69511818946893,-0.06478574725001905,1,
747.800000000,-2.427132326254328,-26.697276204037102,-0.06635770734413621,1,
747.900000000,-2.39553535364241,-26.6993759896308,-0.06785106943354752,1,
748.000000000,-2.3639415520022053,-26.701522958586597,-0.06934443152295883,1,
748.100000000,-2.334013652855691,-26.703601624667538,-0.07075919560766428,1,
748.200000000,-2.3057512205022976,-26.70560479596517,-0.07209536168766385,1,
748.300000000,-2.277491489946667,-26.707645728766842,-0.07343152776766344,1,
748.400000000,-2.250896686836405,-26.709602143507507,-0.07468909584295717,1,
748.500000000,-2.2243043650797523,-26.711592001467704,-0.07594666391825093,1,
748.600000000,-2.199376429128604,-26.71348884337347,-0.07712563398883877,1,
748.700000000,-2.1744507468213183,-26.715415073244554,-0.07830460405942664,1,
748.800000000,-2.1511889124050168,-26.717240314059627,-0.07940497612530867,1,
748.900000000,-2.1279291005152468,-26.71909115043731,-0.08050534819119069,1,
749.000000000,-2.1063326079725506,-26.72083354944377,-0.0808457153894811,1,
749.100000000,-2.084736709736286,-26.72258329908682,-0.08118608258777156,1,
749.200000000,-2.064802585341254,-26.724205237619373,-0.08150026769388583,1,
749.300000000,-2.0448689715190147,-26.72583343907676,-0.08181445280000005,1,
749.400000000,-2.0265969620107405,-26.72733169794646,-0.08181445280000008,1,
749.500000000,-2.006663860728987,-26.728966162167954,-0.0818144528000001,1,
749.600000000,-1.986730759447233,-26.730600626389446,-0.08181445280000013,1,
749.700000000,-1.9634754746185201,-26.732507501314522,-0.08181445280000016,1,
749.800000000,-1.9402201897898073,-26.7344143762396,-0.08181445280000019,1,
749.900000000,-1.918625996734574,-26.736185045812885,-0.08181445280000021,1,
750.000000000,-1.8953707119058611,-26.73809192073796,-0.08181445280000024,1,
750.100000000,-1.8721154270771483,-26.739998795663038,-0.08181445280000027,1,
750.200000000,-1.8488601422484354,-26.741905670588114,-0.0818144528000003,1,
750.300000000,-1.8256048574197226,-26.74381254551319,-0.08181445280000033,1,
750.400000000,-1.8023495725910097,-26.745719420438267,-0.08181445280000035,1,
750.500000000,-1.772449920668379,-26.748171116770507,-0.0818144528000004,1,
750.600000000,-1.7425502687457484,-26.750622813102748,-0.08181445280000044,1,
750.700000000,-1.714311708596597,-26.752938304083198,-0.08181445280000046,1,
750.800000000,-1.6877342402209252,-26.75511758971186,-0.08181445280000049,1,
750.900000000,-1.6611567718452536,-26.75729687534052,-0.08181445280000052,1,
751.000000000,-1.6362403952430613,-26.759339955617385,-0.08181445280000055,1,
751.100000000,-1.611324018640869,-26.76138303589425,-0.08181445280000058,1,
751.200000000,-1.5880687338121562,-26.763289910819328,-0.0818144528000006,1,
751.300000000,-1.563152357209964,-26.765332991096194,-0.08181445280000063,1,
751.400000000,-1.539897072381251,-26.76723986602127,-0.08181445280000066,1,
751.500000000,-1.5149806957790588,-26.769282946298137,-0.08181445280000069,1,
751.600000000,-1.491725410950346,-26.771189821223214,-0.08181445280000071,1,
751.700000000,-1.4668090343481537,-26.77323290150008,-0.08181445280000074,1,
751.800000000,-1.4435537495194408,-26.775139776425156,-0.08181445280000078,1,
751.900000000,-1.4186373729172486,-26.777182856702023,-0.08181445280000081,1,
752.000000000,-1.3953820880885357,-26.7790897316271,-0.08181445280000084,1,
752.100000000,-1.3721268032598228,-26.780996606552176,-0.08181445280000087,1,
752.200000000,-1.3472104266576306,-26.783039686829042,-0.0818144528000009,1,
752.300000000,-1.3222940500554383,-26.78508276710591,-0.08181445280000092,1,
752.400000000,-1.2990387652267255,-26.786989642030985,-0.08181445280000095,1,
752.500000000,-1.2757834803980126,-26.78889651695606,-0.08181445280000098,1,
752.600000000,-1.2525281955692997,-26.790803391881138,-0.081814452800001,1,
752.700000000,-1.2292729107405869,-26.792710266806214,-0.08181445280000103,1,
752.800000000,-1.1993732588179562,-26.795161963138455,-0.08181445280000108,1,
752.900000000,-1.1694736068953255,-26.797613659470695,-0.08181445280000112,1,
753.000000000,-1.1412350467461743,-26.799929150451145,-0.08181445280000114,1,
753.100000000,-1.1146575783705026,-26.802108436079806,-0.08181445280000117,1,
753.200000000,-1.088080109994831,-26.804287721708466,-0.0818144528000012,1,
753.300000000,-1.0631637333926387,-26.806330801985332,-0.08181445280000123,1,
753.400000000,-1.0382473567904464,-26.8083738822622,-0.08181445280000126,1,
753.500000000,-1.0133309801882542,-26.810416962539065,-0.08181445280000128,1,
753.600000000,-0.9884146035860619,-26.812460042815932,-0.08181445280000131,1,
753.700000000,-0.9634982269838697,-26.8145031230928,-0.08181445280000134,1,
753.800000000,-0.9385818503816774,-26.816546203369665,-0.08181445280000137,1,
753.900000000,-0.9136654737794851,-26.81858928364653,-0.0818144528000014,1,
754.000000000,-0.8887490971772929,-26.820632363923398,-0.08181445280000142,1,
754.100000000,-0.8638327205751006,-26.822675444200264,-0.08181445280000145,1,
754.200000000,-0.8389163439729084,-26.82471852447713,-0.08181445280000146,1,
754.300000000,-0.8139999673707161,-26.826761604753997,-0.08181445280000149,1,
754.400000000,-0.7890835907685239,-26.828804685030864,-0.08181445280000152,1,
754.500000000,-0.7641672141663316,-26.83084776530773,-0.08181445280000156,1,
754.600000000,-0.7392508375641393,-26.832890845584597,-0.08181445280000159,1,
754.700000000,-0.7143344609619471,-26.834933925861463,-0.08181445280000162,1,
754.800000000,-0.6910791761332343,-26.83684080078654,-0.08181445280000164,1,
754.900000000,-0.6678238913045216,-26.838747675711616,-0.08181445280000167,1,
755.000000000,-0.6462296982492882,-26.840518345284902,-0.0818144528000017,1,
755.100000000,-0.6196522298736165,-26.842697630913563,-0.08013672834182656,1,
755.200000000,-0.5947324606140756,-26.844698905520218,-0.07856386166228733,1,
755.300000000,-0.5615019457183866,-26.84731500775035,-0.07646670608956839,1,
755.400000000,-0.5299278139377528,-26.84973409437074,-0.07246627577672797,1,
755.500000000,-0.49834425744255256,-26.85202685185732,-0.06795944171802056,1,
755.600000000,-0.46508786925018686,-26.85429042326326,-0.0632154058667496,1,
755.700000000,-0.433484454484805,-26.856290911439938,-0.058708571808042176,1,
755.800000000,-0.4002085495938238,-26.858246739857126,-0.05396453595677121,1,
755.900000000,-0.36858798111477664,-26.859954787526153,-0.049457701898063776,1,
756.000000000,-0.3369600359052666,-26.86152030967611,-0.044950867839356354,1,
756.100000000,-0.26203579491702744,-26.864890489543157,-0.032491929753924995,1,
756.200000000,-0.18707538114037897,-26.86732695551535,-0.02003299166849364,1,
756.300000000,-0.11209043016539798,-26.86882932939681,-0.007574053583062283,1,
756.400000000,-0.03709258139090192,-26.869397377984363,0.013906449913052614,1,
756.500000000,0.03790016662537618,-26.86835442785755,0.03641871728237771,1,
756.600000000,0.11285043501110407,-26.8656236278086,0.058930984651702815,1,
756.700000000,0.18772024041092555,-26.86120636175448,0.08144325202102795,1,
756.800000000,0.26247164024657904,-26.855104868280726,0.10395551939035302,1,
756.900000000,0.337066751945467,-26.847322239506948,0.12646778675967815,1,
757.000000000,0.41146777213881536,-26.837862419519816,0.1489800541290032,1,
757.100000000,0.4856369958196945,-26.826730202374264,0.17149232149832833,1,
757.200000000,0.5595368354511917,-26.813931229663964,0.19400458886765343,1,
757.300000000,0.6331298400150525,-26.79947198766227,0.21651685623697847,1,
757.400000000,0.6998677029710405,-26.78479199813529,0.24737053925805522,1,
757.500000000,0.7628890776470434,-26.768876397802696,0.27795721749695085,1,
757.600000000,0.8237915489017275,-26.75149824755063,0.3077596219348492,1,
757.700000000,0.8809724264600248,-26.733322790426723,0.3359934787707529,1,
757.800000000,0.9360439475350582,-26.714089866981237,0.36344306180565916,1,
757.900000000,0.9890090555506638,-26.693945179244608,0.39010837103956825,1,
758.000000000,1.0398767874663468,-26.673029303701036,0.41598940647247995,1,
758.100000000,1.087137163418766,-26.652151054031094,0.440301894303397,1,
758.200000000,1.1323683150834767,-26.63084042477985,0.4638301083333166,1,
758.300000000,1.175595017146412,-26.609217211793034,0.4865740485622392,1,
758.400000000,1.2197920180897015,-26.585837196660044,0.5028200333540406,1,
758.500000000,1.262142993533555,-26.562545438674327,0.5185244853194485,1,
758.600000000,1.30267539167131,-26.539417479858635,0.533687404458463,1,
758.700000000,1.3414175613097525,-26.516525466148476,0.5483087907710844,1,
758.800000000,1.3783985432659969,-26.493938196474392,0.5623886442573122,1,
758.900000000,1.413647871611891,-26.471721176821106,0.5759269649171468,1,
759.000000000,1.4485931977026134,-26.449028991040002,0.5894652855769813,1,
759.100000000,1.4818427198849442,-26.426792325942763,0.6024620734104222,1,
759.200000000,1.5134271986223053,-26.405069868730614,0.6149173284174697,1,
759.300000000,1.543377307169041,-26.383917198864065,0.6268310505981244,1,
759.400000000,1.5744231065224832,-26.361431585976035,0.6335212882479427,1,
759.500000000,1.6039745315221097,-26.33972541807528,0.6393287177197625,1,
759.600000000,1.6320619077569178,-26.318842427478998,0.6448721731246814,1,
759.700000000,1.6587011280813198,-26.29880588457312,0.6501516544626995,1,
759.800000000,1.6852341950871736,-26.278628980291888,0.6554311358007177,1,
759.900000000,1.7103390605153144,-26.25932811218673,0.6604466430718348,1,
760.000000000,1.73403060976475,-26.240924023125828,0.6651981762760513,1,
760.100000000,1.7576344442606173,-26.22240757106039,0.6699497094802674,1,
760.200000000,1.7798436096075514,-26.204814084982573,0.6744372686175827,1,
760.300000000,1.8006718356564284,-26.18816187459572,0.6786608536879973,1,
760.400000000,1.8214295441135728,-26.171421843212258,0.6828844387584118,1,
760.500000000,1.840823438403604,-26.15564601156169,0.6868440497619254,1,
760.600000000,1.860154714666697,-26.139793511505232,0.6908036607654389,1,
760.700000000,1.878138512807409,-26.124926519580885,0.6944992977020517,1,
760.800000000,1.8960672452598841,-26.10999316774374,0.6981949346386643,1,
760.900000000,1.912663994165808,-26.09606505336317,0.7016265975083761,1,
761.000000000,1.9292128488484435,-26.082080066658225,0.7050582603780877,1,
761.100000000,1.945713614423538,-26.06803837232028,0.7084899232477995,1,
761.200000000,1.960900521023181,-26.055024615447888,0.7103804798692119,1,
761.300000000,1.9773263202718372,-26.040895299700573,0.7117436309914793,1,
761.400000000,1.993732843872789,-26.026743606240924,0.7131067821137465,1,
761.500000000,2.011380616529517,-26.01147925022107,0.7145747910146499,1,
761.600000000,2.027747008722279,-25.997281164045912,0.7159379421369173,1,
761.700000000,2.0440940315780742,-25.983060781203086,0.7173010932591848,1,
761.800000000,2.0616776257321883,-25.96772253941767,0.718769102160088,1,
761.900000000,2.0779843229478807,-25.953455932590533,0.7201322532823552,1,
762.000000000,2.0942715574780935,-25.939167110532633,0.7214954044046229,1,
762.100000000,2.1117906637951336,-25.923755252815386,0.7229634133055262,1,
762.200000000,2.1280373791627483,-25.909420376317552,0.7243265644277933,1,
762.300000000,2.1442645388387627,-25.895063366416686,0.7256897155500608,1,
762.400000000,2.164212322015894,-25.877365992107787,0.7269472836253545,1,
762.500000000,2.1816471448028905,-25.86185885185465,0.7280476556912363,1,
762.600000000,2.2003090183149765,-25.845223513654933,0.7292266257618242,1,
762.700000000,2.2177084497639594,-25.82967667379287,0.7303269978277063,1,
762.800000000,2.23509076337432,-25.814110697498545,0.7314273698935883,1,
762.900000000,2.2512155684760233,-25.799638824610888,0.7324491439547643,1,
763.000000000,2.2673255781786397,-25.78515048337298,0.7334709180159404,1,
763.100000000,2.2846588677771407,-25.76952993549082,0.7345712900818223,1,
763.200000000,2.3007380948498546,-25.755007439108017,0.7355930641429984,1,
763.300000000,2.3168024748215084,-25.740468520971827,0.7366148382041745,1,
763.400000000,2.3316174127590705,-25.727032836623565,0.7375580142606447,1,
763.500000000,2.347653193487698,-25.712462380869958,0.7385797883218208,1,
763.600000000,2.3636740781343124,-25.69787554778034,0.739601562382997,1,
763.700000000,2.378448821369798,-25.684395675291128,0.7405447384394669,1,
763.800000000,2.3944410127069213,-25.66977739014268,0.7415665125006432,1,
763.900000000,2.410418259113959,-25.655142772221694,0.7425882865618194,1,
764.000000000,2.4276084119715704,-25.639364841775137,0.7436886586277014,1,
764.100000000,2.4435545656273923,-25.624696350781537,0.7447104326888775,1,
764.200000000,2.4594857230781395,-25.610011574081703,0.7457322067500534,1,
764.300000000,2.4778505053241298,-25.593048827456897,0.7469111768206413,1,
764.400000000,2.4961952762409165,-25.576064441097344,0.7476968334708266,1,
764.500000000,2.5133046028439137,-25.560198900210363,0.748430113011,1,
764.600000000,2.5304022909715944,-25.544320817670805,0.7491633925511728,1,
764.700000000,2.5462678999691972,-25.529565245991616,0.7498442949813338,1,
764.800000000,2.5621234581850905,-25.51479887480209,0.7505251974114944,1,
764.900000000,2.576750073646415,-25.501158415860157,0.7511537227316427,1,
765.000000000,2.5925862827786506,-25.486371295627855,0.7518346251618035,1,
765.100000000,2.608412419654507,-25.471573395910966,0.7525155275919644,1,
765.200000000,2.623011857145617,-25.457903852211807,0.7531440529121125,1,
765.300000000,2.638818603678722,-25.44308524200428,0.753824955342273,1,
765.400000000,2.654615256520678,-25.428255872380618,0.7541653225405637,1,
765.500000000,2.6704068610167213,-25.41342112695358,0.754505689738854,1,
765.600000000,2.6849790650050367,-25.399722555096524,0.7548198748449683,1,
765.700000000,2.6995469643869425,-25.386019405546197,0.7551340599510824,1,
765.800000000,2.7153241905025305,-25.371169369164353,0.755474427149373,1,
765.900000000,2.7323096051418525,-25.355171240087028,0.7558409764398393,1,
766.000000000,2.748076329580554,-25.34031005423534,0.7561813436381297,1,
766.100000000,2.7638379948458756,-25.32544350276876,0.75652171083642,1,
766.200000000,2.778382552629834,-25.31171558089875,0.7568358959425341,1,
766.300000000,2.7941344835838757,-25.29683871578329,0.7571762631408244,1,
766.400000000,2.809881350028687,-25.281956490089073,0.7575166303391149,1,
766.500000000,2.8292558732426065,-25.26363330910584,0.7579355438139335,1,
766.600000000,2.8462018632184916,-25.24759342543476,0.7583020931044002,1,
766.700000000,2.864351980464513,-25.23040118171977,0.7586948244870431,1,
766.800000000,2.8837049019715333,-25.212055186509527,0.759113737961862,1,
766.900000000,2.9018410592445347,-25.19484821700967,0.7595064693445048,1,
767.000000000,2.9199704574021457,-25.17763412619886,0.7598992007271473,1,
767.100000000,2.936884917898393,-25.161560997363274,0.7602657500176141,1,
767.200000000,2.9550012405049384,-25.144333146214173,0.7606584814002567,1,
767.300000000,2.9743180994828644,-25.12594918390084,0.7610773948750756,1,
767.400000000,2.9912136109773293,-25.10985613770738,0.7614439441655423,1,
767.500000000,3.009309623261158,-25.092606953975285,0.7618366755481849,1,
767.600000000,3.028604808960017,-25.074200245416783,0.7622555890230039,1,
767.700000000,3.0454813479993423,-25.05808730420487,0.7626221383134705,1,
767.800000000,3.063557024840632,-25.040816811834087,0.7630148696961132,1,
767.900000000,3.08283051047598,-25.022387382581528,0.763433783170932,1,
768.000000000,3.1008921638586573,-25.00510222487082,0.7638265145535748,1,
768.100000000,3.118947027424726,-24.987809975115205,0.7642192459362174,1,
768.200000000,3.1357918936584603,-24.97166392525736,0.764585795226684,1,
768.300000000,3.153833622350378,-24.954357971778652,0.7649785266093271,1,
768.400000000,3.173070881774053,-24.93589073156856,0.7653974400841457,1,
768.500000000,3.1910985582367175,-24.918570140315445,0.7657901714667884,1,
768.600000000,3.20911943096953,-24.901242470363954,0.766182902849431,1,
768.700000000,3.225932559444758,-24.88506337411849,0.7665494521398979,1,
768.800000000,3.24394027041935,-24.8677220262627,0.7669421835225405,1,
768.900000000,3.2619411695138605,-24.85037360755121,0.7673349149051832,1,
769.000000000,3.2787356483226677,-24.83417515311923,0.7677014641956498,1,
769.100000000,3.29552418847139,-24.817970543771295,0.7680680134861161,1,
769.200000000,3.3111080306162775,-24.80291769326225,0.7684083806844066,1,
769.300000000,3.3302818370725724,-24.78438458081216,0.7688272941592256,1,
769.400000000,3.348250000513443,-24.76700225925944,0.7688272941592256,1,
769.500000000,3.3650202863915886,-24.750778759143568,0.7688272941592256,1,
769.600000000,3.3817905722697343,-24.734555259027697,0.7688272941592256,1,
769.700000000,3.3973629805851555,-24.719490580348673,0.7688272941592256,1,
769.800000000,3.4129353889005767,-24.704425901669648,0.7688272941592256,1,
769.900000000,3.430903552341447,-24.687043580116928,0.7688272941592256,1,
770.000000000,3.4488717157823174,-24.669661258564208,0.7688272941592256,1,
770.100000000,3.465642001660463,-24.653437758448337,0.7688272941592256,1,
770.200000000,3.482412287538609,-24.637214258332467,0.7688272941592256,1,
770.300000000,3.49798469585403,-24.622149579653442,0.7688272941592256,1,
770.400000000,3.5135571041694513,-24.607084900974417,0.7688272941592256,1,
770.500000000,3.527931634922148,-24.593179043732242,0.7688272941592256,1,
770.600000000,3.5423061656748445,-24.579273186490067,0.7688272941592256,1,
770.700000000,3.556680696427541,-24.56536732924789,0.7688272941592256,1,
770.800000000,3.5746488598684114,-24.54798500769517,0.7688272941592256,1,
770.900000000,3.592617023309282,-24.53060268614245,0.7688272941592256,1,
771.000000000,3.6093873091874276,-24.51437918602658,0.7688272941592256,1,
771.100000000,3.6261575950655733,-24.49815568591071,0.7688272941592256,1,
771.200000000,3.6417300033809945,-24.483091007231685,0.7688272941592256,1,
771.300000000,3.6573024116964157,-24.46802632855266,0.7688272941592256,1,
771.400000000,3.6716769424491122,-24.454120471310485,0.7688272941592256,1,
771.500000000,3.686051473201809,-24.44021461406831,0.7688272941592256,1,
771.600000000,3.7004260039545054,-24.426308756826135,0.7688272941592256,1,
771.700000000,3.7183941673953758,-24.408926435273415,0.7688272941592256,1,
771.800000000,3.736362330836246,-24.391544113720695,0.7688272941592256,1,
771.900000000,3.753132616714392,-24.375320613604824,0.7688272941592256,1,
772.000000000,3.7699029025925377,-24.359097113488954,0.7688272941592256,1,
772.100000000,3.785475310907959,-24.34403243480993,0.7688272941592256,1,
772.200000000,3.80104771922338,-24.328967756130904,0.7688272941592256,1,
772.300000000,3.8154222499760766,-24.31506189888873,0.7688272941592256,1,
772.400000000,3.829796780728773,-24.301156041646554,0.7688272941592256,1,
772.500000000,3.8453691890441943,-24.28609136296753,0.7688272941592256,1,
772.600000000,3.859743719796891,-24.272185505725353,0.7688272941592256,1,
772.700000000,3.8741182505495875,-24.258279648483178,0.7688272941592256,1,
772.800000000,3.888492781302284,-24.244373791241003,0.7688272941592256,1,
772.900000000,3.904065189617705,-24.229309112561978,0.7688272941592256,1,
773.000000000,3.918439720370402,-24.215403255319803,0.7688272941592256,1,
773.100000000,3.9328142511230983,-24.201497398077628,0.7688272941592256,1,
773.200000000,3.98671874144571,-24.149350433419468,0.7443035666565557,1,
773.300000000,4.029321797830835,-24.110112494255013,0.7022227887095807,1,
773.400000000,4.061446614705832,-24.082931838981217,0.6443035667485515,1,
773.500000000,4.081053782926769,-24.068201863742757,0.5688272943642656,1,
773.600000000,4.083620876243059,-24.066560681727523,0.4718741692388982,1,
773.700000000,4.084998486714181,-24.065857651414927,0.37342079855149146,1,
773.800000000,4.0864385298813195,-24.065293436998815,0.2749674278640848,1,
773.900000000,4.0879270585820855,-24.06487350303071,0.1765140571766781,1,
774.000000000,4.089449656060102,-24.064601916671503,0.07806068648927143,1,
774.100000000,4.090991575594741,-24.064481308300014,-0.020392684198135256,1,
774.200000000,4.092537883326632,-24.06451284603716,-0.11884605488554194,1,
774.300000000,4.117863225071922,-24.06753691411723,-0.19334080204875204,1,
774.400000000,4.159948149765781,-24.075776571944104,-0.2504568557798775,1,
774.500000000,4.212200422333909,-24.08914419875724,-0.29652177039801125,1,
774.600000000,4.2652975007314815,-24.105366910503903,-0.3410017189681597,1,
774.700000000,4.317620714941925,-24.1239345534739,-0.3854816675383083,1,
774.800000000,4.36906656234047,-24.144810398276423,-0.4299616161084568,1,
774.900000000,4.419533275856426,-24.167953149575087,-0.4744415646786055,1,
775.000000000,4.46892102528266,-24.193317027775883,-0.5189215132487539,1,
775.100000000,4.517132114753691,-24.220851859585604,-0.5634014618189025,1,
775.200000000,4.56407117600175,-24.250503177261624,-0.607881410389051,1,
775.300000000,4.609645357008536,-24.282212326356706,-0.6523613589591993,1,
775.400000000,4.667317951420093,-24.326270562055893,-0.6797854932800009,1,
775.500000000,4.725646020009324,-24.373417528179388,-0.696941632143236,1,
775.600000000,4.783156684649118,-24.42155819137267,-0.7129616672162664,1,
775.700000000,4.8398887875088565,-24.470613960708317,-0.728981702289297,1,
775.800000000,4.895827769086602,-24.520572246708184,-0.7450017373623276,1,
775.900000000,4.950959273423918,-24.571420228275837,-0.7610217724353582,1,
776.000000000,5.0052691517901255,-24.623144855986897,-0.7770418075083887,1,
776.100000000,5.058743466313376,-24.675732855437992,-0.793061842581419,1,
776.200000000,5.111368493557614,-24.729170730653454,-0.8090818776544499,1,
776.300000000,5.163130728044503,-24.783444767548865,-0.8202979020904698,1,
776.400000000,5.214280980580575,-24.838295944979215,-0.8315139265264901,1,
776.500000000,5.264812816572228,-24.89371736278238,-0.84272995096251,1,
776.600000000,5.3147198792213475,-24.949702049061187,-0.85394597539853,1,
776.700000000,5.363995890324989,-25.006242961060497,-0.8651619998345502,1,
776.800000000,5.412634651065156,-25.06333298605314,-0.8763780242705702,1,
776.900000000,5.460630042788601,-25.1209649422347,-0.8875940487065903,1,
777.000000000,5.507976027776537,-25.179131579626954,-0.8988100731426104,1,
777.100000000,5.5546666500041715,-25.237825580989924,-0.9100260975786303,1,
777.200000000,5.600696035889962,-25.297039562742352,-0.9212421220146506,1,
777.300000000,5.6460583950345,-25.35676607589055,-0.9324581464506707,1,
777.400000000,5.69074802094893,-25.416997606965467,-0.9559845091697382,1,
777.500000000,5.734008381676697,-25.478263757405195,-0.9805082366724082,1,
777.600000000,5.775753410598471,-25.540572284593054,-1.005031964175078,1,
777.700000000,5.8159580029606115,-25.603885717235695,-1.029555691677748,1,
777.800000000,5.854597980401947,-25.668165979706636,-1.0540794191804175,1,
777.900000000,5.89165010549423,-25.733374414944308,-1.0786031466830874,1,
778.000000000,5.927092095716731,-25.799471807699756,-1.1031268741857572,1,
778.100000000,5.960902636856572,-25.866418408120026,-1.1276506016884267,1,
778.200000000,5.993061395826733,-25.934173955653044,-1.1521743291910969,1,
778.300000000,6.023549032894025,-26.002697703259646,-1.1766980566937661,1,
778.400000000,6.05234721330968,-26.071948441918142,-1.2012217841964359,1,
778.500000000,6.079438618335557,-26.141884525406738,-1.2257455116991058,1,
778.600000000,6.1048069556593365,-26.21246389534886,-1.2502692392017754,1,
778.700000000,6.128436969192446,-26.28364410650635,-1.274792966704445,1,
778.800000000,6.150314448244808,-26.35538235230532,-1.2993166942071148,1,
778.900000000,6.170426236070912,-26.42763549057929,-1.3238404217097846,1,
779.000000000,6.188760237782057,-26.500360069514173,-1.348364149212454,1,
779.100000000,6.205305427620014,-26.573512353779435,-1.3728878767151242,1,
779.200000000,6.2200518555877276,-26.647048350829813,-1.3974116042177938,1,
779.300000000,6.232990653433079,-26.72092383736166,-1.3974116042177942,1,
779.400000000,6.245929451278431,-26.794799323893507,-1.3728878767151242,1,
779.500000000,6.258120606015007,-26.855592942572713,-1.3348918147023512,1,
779.600000000,6.272418891958762,-26.915074886548155,-1.296068138881131,1,
779.700000000,6.28879218290725,-26.97316603291392,-1.2564226411371577,1,
779.800000000,6.307455057204075,-27.030562575192647,-1.2167771433931847,1,
779.900000000,6.328378185029383,-27.087174311295495,-1.1771316456492116,1,
780.000000000,6.351528684440116,-27.14291227250333,-1.1374861479052374,1,
780.100000000,6.37687017304595,-27.197688863286377,-1.0978406501612648,1,
780.200000000,6.4043628251863876,-27.2514179989658,-1.0581951524172912,1,
780.300000000,6.433963434519159,-27.304015241000922,-1.018549654673318,1,
780.400000000,6.473043472151312,-27.367436199919563,-0.9930444019478114,1,
780.500000000,6.51400413135108,-27.43026313998448,-0.969518039228744,1,
780.600000000,6.556431408454375,-27.492109127385444,-0.9459916765096765,1,
780.700000000,6.600301821481621,-27.55293993258165,-0.922465313790609,1,
780.800000000,6.645591089729154,-27.612721887899315,-0.8989389510715418,1,
780.900000000,6.692274147207719,-27.671421906165524,-0.8754125883524744,1,
781.000000000,6.740325156515602,-27.729007499020803,-0.851886225633407,1,
781.100000000,6.789717523138702,-27.785446794900263,-0.8283598629143396,1,
781.200000000,6.840423910169648,-27.840708556673373,-0.8048335001952723,1,
781.300000000,6.892416253437796,-27.894762198932586,-0.781307137476205,1,
781.400000000,6.945665777041745,-27.947577804921277,-0.7768036368900133,1,
781.500000000,6.9991526149645535,-28.000153066870404,-0.7737567621842659,1,
781.600000000,7.052799394604411,-28.05256511733852,-0.7707098874785182,1,
781.700000000,7.106605617934748,-28.104813469761595,-0.7676630127727704,1,
781.800000000,7.160570785448812,-28.15689763909527,-0.7646161380670229,1,
781.900000000,7.214694396164299,-28.208817141819374,-0.7615692633612753,1,
782.000000000,7.26897594762801,-28.260571495942408,-0.7585223886555277,1,
782.100000000,7.323414935920511,-28.312160221006017,-0.7554755139497802,1,
782.200000000,7.378010855660815,-28.36358283808946,-0.7524286392440325,1,
782.300000000,7.432763200011068,-28.41483886981404,-0.7554755139497804,1,
782.400000000,7.487359119751371,-28.466261486897483,-0.759979014535972,1,
782.500000000,7.541722904845184,-28.517929454442896,-0.7644825151221639,1,
782.600000000,7.595853452714309,-28.56984172454726,-0.7689860157083556,1,
782.700000000,7.649749665510947,-28.621997244352738,-0.7734895162945473,1,
782.800000000,7.70341045013996,-28.674394956068028,-0.7779930168807391,1,
782.900000000,7.756834718281044,-28.72703379698982,-0.7824965174669308,1,
783.000000000,7.810021386410799,-28.77991269952434,-0.7870000180531226,1,
783.100000000,7.862969375824707,-28.833030591209013,-0.7915035186393141,1,
783.200000000,7.915677612659007,-28.88638639473421,-0.7960070192255063,1,
783.300000000,7.968145027912476,-28.939979027965094,-0.7944603900869363,1,
783.400000000,8.020695268308431,-28.993490449496644,-0.7914135153811883,1,
783.500000000,8.073408307125398,-29.046841508892694,-0.7883666406754408,1,
783.600000000,8.126283655005132,-29.100031710871978,-0.7853197659696934,1,
783.700000000,8.179320821082603,-29.153060561646537,-0.7822728912639457,1,
783.800000000,8.232519312990554,-29.20592756892631,-0.7792260165581981,1,
783.900000000,8.285878636864068,-29.258632241923696,-0.7761791418524505,1,
784.000000000,8.339398297345154,-29.311174091358115,-0.7731322671467029,1,
784.100000000,8.393077797587347,-29.36355262946055,-0.7700853924409553,1,
784.200000000,8.44691663926032,-29.415767369978077,-0.7670385177352077,1,
784.300000000,8.500914322554506,-29.467817828178372,-0.76399164302946,1,
784.400000000,8.555070346185747,-29.51970352085422,-0.7609447683237125,1,
784.500000000,8.60938420739994,-29.57142396632799,-0.769581171016019,1,
784.600000000,8.66324937001869,-29.623611553511683,-0.7782175737083254,1,
784.700000000,8.716661816401768,-29.676262389890365,-0.7868539764006319,1,
784.800000000,8.769617562675684,-29.729372548396743,-0.7954903790929384,1,
784.900000000,8.822112659030836,-29.782938067704066,-0.8041267817852452,1,
785.000000000,8.874143190016106,-29.8369549525216,-0.8140692282469933,1,
785.100000000,8.925634098218142,-29.891486469761904,-0.8240116747087415,1,
785.200000000,8.976580293687173,-29.946527228906664,-0.8339541211704895,1,
785.300000000,9.026976740319059,-30.002071789098274,-0.8451701456065097,1,
785.400000000,9.07674704098518,-30.058178091521476,-0.8291501105334794,1,
785.500000000,9.120334758288038,-30.10575707663267,-0.7936764534012174,1,
785.600000000,9.157602086934428,-30.14364658962274,-0.7468221868053462,1,
785.700000000,9.195447761831955,-30.178679506311312,-0.6983935001506338,1,
785.800000000,9.234944999998921,-30.211839249032565,-0.6499648134959214,1,
785.900000000,9.27600118517745,-30.24304806219078,-0.601536126841209,1,
786.000000000,9.318520045567016,-30.272232764884667,-0.5531074401864967,1,
786.100000000,9.362401879570212,-30.299324922507747,-0.5046787535317845,1,
786.200000000,9.407543789580957,-30.32426100721926,-0.4562500668770722,1,
786.300000000,9.453839923266969,-30.34698254690927,-0.40782138022235986,1,
786.400000000,9.506271721811052,-30.369635363637194,-0.36493743404504775,1,
786.500000000,9.560376736755718,-30.390306203994204,-0.322856656098073,1,
786.600000000,9.615303442755335,-30.40868263594546,-0.28077587815109833,1,
786.700000000,9.670954590397308,-30.424732123456252,-0.23869510020412368,1,
786.800000000,9.727231647622956,-30.438426250418154,-0.19661432225714895,1,
786.900000000,9.784034974181544,-30.449740770960624,-0.15453354431017427,1,
787.000000000,9.84126399804639,-30.458655652379054,-0.11245276636319958,1,
787.100000000,9.89881739348071,-30.465155110603277,-0.07037198841622493,1,
787.200000000,9.956593260437941,-30.46922763814376,-0.028291210469250223,1,
787.300000000,10.031563247717733,-30.471349195889342,-0.0037674829665805204,1,
787.400000000,10.093229476738808,-30.471581523456006,0.013102608003265974,1,
787.500000000,10.168223038893293,-30.470598855973446,0.03458311149938087,1,
787.600000000,10.243178193678066,-30.46800563959396,0.05606361499549576,1,
787.700000000,10.31806035721278,-30.463803070812784,0.07754411849161064,1,
787.800000000,10.392834979294832,-30.457993088671145,0.0990246219877256,1,
787.900000000,10.467467559340637,-30.450578373861628,0.12050512548384049,1,
788.000000000,10.54192366230399,-30.441562347491296,0.14198562897995537,1,
788.100000000,10.616168934564206,-30.43094916950323,0.1634661324760703,1,
788.200000000,10.69016911977668,-30.418743736757136,0.1849466359721852,1,
788.300000000,10.763890074678574,-30.40495168076998,0.20642713946830016,1,
788.400000000,10.806303418328739,-30.396069898393066,0.2077889443286215,1,
788.500000000,10.876428494870003,-30.381285286420038,0.2089147742921974,1,
788.600000000,10.943276026798099,-30.367113062897715,0.20998824007142095,1,
788.700000000,11.016628529257853,-30.351479433028366,0.2115348692099909,1,
788.800000000,11.08995676456791,-30.335732372784857,0.21308149834856088,1,
788.900000000,11.163260557322644,-30.319871919835116,0.21462812748713095,1,
789.000000000,11.236539732174895,-30.30389811211832,0.2161747566257009,1,
789.100000000,11.309794113836391,-30.287810987844793,0.21772138576427086,1,
789.200000000,11.383023527078167,-30.271610585495925,0.21926801490284092,1,
789.300000000,11.456227796730984,-30.255296943824067,0.2068090768174093,1,
789.400000000,11.529629630279166,-30.2398965921474,0.193136203231389,1,
789.500000000,11.603235163291508,-30.225501262697577,0.1794633296453688,1,
789.600000000,11.677030635614052,-30.21211364660312,0.16579045605934853,1,
789.700000000,11.75100225158472,-30.199736246606033,0.1521175824733282,1,
789.800000000,11.825136182612336,-30.188371376593903,0.138444708887308,1,
789.900000000,11.899418569761808,-30.178021161167347,0.12477183530128774,1,
790.000000000,11.973835526344978,-30.168687535242835,0.11109896171526745,1,
790.100000000,12.048373140516665,-30.160372243690954,0.0974260881292472,1,
790.200000000,12.12301747787541,-30.153076841010222,0.08375321454322697,1,
790.300000000,12.19775458406843,-30.14680269103648,0.07008034095720667,1,
790.400000000,12.272570487400323,-30.141550966687934,0.05640746737118641,1,
790.500000000,12.34745120144498,-30.13732264974588,0.04273459378516616,1,
790.600000000,12.422382727660285,-30.134118530671163,0.029061720199145904,1,
790.700000000,12.497351058005066,-30.131939208456416,0.015388846613125643,1,
790.800000000,12.572342177557818,-30.13078509051407,0.001715973027105387,1,
790.900000000,12.647342067136716,-30.130656392600198,-0.01195690055891487,1,
791.000000000,12.722336705920428,-30.131553138774173,-0.025629774144935127,1,
791.100000000,12.797312074069229,-30.133475161394173,-0.039302647730955376,1,
791.200000000,12.872254155345933,-30.13642210114853,-0.05297552131697564,1,
791.300000000,12.938407205364806,-30.1399298754869,-0.08672953647556454,1,
791.400000000,13.00354346583696,-30.145593320459383,-0.1213475279621158,1,
791.500000000,13.068444682452865,-30.153507808378897,-0.15596551944866704,1,
791.600000000,13.133033085015459,-30.163663855428076,-0.19058351093521828,1,
791.700000000,13.197231278168273,-30.176049291761398,-0.22520150242176945,1,
791.800000000,13.260962334137178,-30.190649276088138,-0.2598194939083208,1,
791.900000000,13.324149884911833,-30.207446313456465,-0.29443748539487186,1,
792.000000000,13.386718213756378,-30.226420276217407,-0.3290554768814231,1,
792.100000000,13.448592345939709,-30.24754842814351,-0.3636734683679743,1,
792.200000000,13.509698138576624,-30.270805451673336,-0.3982914598545255,1,
792.300000000,13.569962369472183,-30.296163478249145,-0.43290945134107656,1,
792.400000000,13.63804354739105,-30.32762700019408,-0.44776886276431077,1,
792.500000000,13.705649697002075,-30.3600986576013,-0.4564052654566173,1,
792.600000000,13.772972890520299,-30.393152970701223,-0.46370123117568374,1,
792.700000000,13.84005313120643,-30.42669758740034,-0.47099719689475017,1,
792.800000000,13.90688684832025,-30.460730722089195,-0.47829316261381627,1,
792.900000000,13.973470484244208,-30.495250563154094,-0.4855891283328827,1,
793.000000000,14.039800494672793,-30.53025527307353,-0.49288509405194886,1,
793.100000000,14.105873348801204,-30.565742988516,-0.5001810597710153,1,
793.200000000,14.171685529513294,-30.601711820439196,-0.5074770254900817,1,
793.300000000,14.237233533568793,-30.638159854190555,-0.5147729912091479,1,
793.400000000,14.302513871789786,-30.67508514960918,-0.4987529561361176,1,
793.500000000,14.368377352592727,-30.71095995827098,-0.4815968172728825,1,
793.600000000,14.43484658373933,-30.74569957989787,-0.4644406784096475,1,
793.700000000,14.501902001614548,-30.779293789720096,-0.44728453954641245,1,
793.800000000,14.56952387007341,-30.811732700092243,-0.4301284006831775,1,
793.900000000,14.63769228624988,-30.843006763403423,-0.41297226181994245,1,
794.000000000,14.70638718641478,-30.873106774887383,-0.39581612295670743,1,
794.100000000,14.775588351881067,-30.902023875331714,-0.3786599840934725,1,
794.200000000,14.84527541495472,-30.929749553685337,-0.36150384523023743,1,
794.300000000,14.915427864929477,-30.956275649563533,-0.3389915778609123,1,
794.400000000,14.986159651071034,-30.981215866668144,-0.31546521514184483,1,
794.500000000,15.057458561924848,-31.004485273859988,-0.29193885242277745,1,
794.600000000,15.129285136095266,-31.0260709923549,-0.26841248970370996,1,
794.700000000,15.201599620143867,-31.04596107523016,-0.24488612698464254,1,
794.800000000,15.274361990591574,-31.064144514036688,-0.22135976426557508,1,
794.900000000,15.347531976070218,-31.08061124489181,-0.19783340154650764,1,
795.000000000,15.421069079611296,-31.09535215404928,-0.1743070388274402,1,
795.100000000,15.494932601059595,-31.108359082943394,-0.15078067610837276,1,
795.200000000,15.569081659599274,-31.119624832704478,-0.12725431338930532,1,
795.300000000,15.643475216379926,-31.129143168143194,-0.1037279506702379,1,
795.400000000,15.71807209723012,-31.1369088212015,-0.08020158795117047,1,
795.500000000,15.792831015445827,-31.14291749386833,-0.056675225232103006,1,
795.600000000,15.867710594641139,-31.147165860558392,-0.03314886251303558,1,
795.700000000,15.942669391648607,-31.14965156995275,-0.00962249979396814,1,
795.800000000,16.01766591945656,-31.150373246300205,0.013903862925099292,1,
795.900000000,16.09265867017069,-31.14933049017873,0.03743022564416674,1,
796.000000000,16.167606137987153,-31.146523878716522,0.06095658836323414,1,
796.100000000,16.242466842164593,-31.14195496527259,0.08448295108230157,1,
796.200000000,16.300983787784148,-31.13699948570924,0.12575655410151668,1,
796.300000000,16.343529082106805,-31.13162075178849,0.1828726078326418,1,
796.400000000,16.36860904384226,-31.12698249332041,0.2573673549958518,1,
796.500000000,16.371555565110057,-31.126206955494073,0.35432048012121886,1,
796.600000000,16.371555565110057,-31.126206955494073,0.4543204801212189,1,
796.700000000,16.371555565110057,-31.126206955494073,0.5543204801212189,1,
796.800000000,16.371555565110057,-31.126206955494073,0.6543204801212188,1,
796.900000000,16.371555565110057,-31.126206955494073,0.7543204801212188,1,
797.000000000,16.371555565110057,-31.126206955494073,0.8543204801212188,1,
797.100000000,16.371555565110057,-31.126206955494073,0.9543204801212187,1,
797.200000000,16.371555565110057,-31.126206955494073,1.0543204801212187,1,
797.300000000,16.371555565110057,-31.126206955494073,1.1543204801212188,1,
797.400000000,16.371555565110057,-31.126206955494073,1.254320480121219,1,
797.500000000,16.371555565110057,-31.126206955494073,1.3543204801212188,1,
797.600000000,16.371555565110057,-31.126206955494073,1.4543204801212186,1,
797.700000000,16.371555565110057,-31.126206955494073,1.5543204801212192,1,
797.800000000,16.371555565110057,-31.126206955494073,1.6543204801212192,1,
797.900000000,16.371555565110057,-31.126206955494073,1.7543204801212189,1,
798.000000000,16.371555565110057,-31.126206955494073,1.8543204801212194,1,
798.100000000,16.371555565110057,-31.126206955494073,1.9543204801212195,1,
798.200000000,16.371555565110057,-31.126206955494073,2.054320480121219,1,
798.300000000,16.371555565110057,-31.126206955494073,2.1543204801212195,1,
798.400000000,16.371555565110057,-31.126206955494073,2.2543204801212195,1,
798.500000000,16.371555565110057,-31.126206955494073,2.3543204801212196,1,
798.600000000,16.371555565110057,-31.126206955494073,2.4543204801212197,1,
798.700000000,16.371555565110057,-31.126206955494073,2.55432048012122,1,
798.800000000,16.371555565110057,-31.126206955494073,2.65432048012122,1,
798.900000000,16.371555565110057,-31.126206955494073,2.75432048012122,1,
799.000000000,16.371555565110057,-31.126206955494073,2.85432048012122,1,
799.100000000,16.371555565110057,-31.126206955494073,2.95432048012122,1,
799.200000000,16.371555565110057,-31.126206955494073,3.0543204801212203,1,
799.300000000,16.371555565110057,-31.126206955494073,-3.128864827058366,1,
799.400000000,16.347033823859647,-31.126519080817655,-3.0533885546740795,1,
799.500000000,16.305116633170236,-31.130225966987012,-2.9954693327130504,1,
799.600000000,16.26032550687154,-31.136817979635495,-2.9407429412047925,1,
799.700000000,16.215962015066754,-31.145850156601785,-2.8860165496965346,1,
799.800000000,16.17215899227662,-31.15729545346603,-2.831290158188277,1,
799.900000000,16.129047594848455,-31.17111960037115,-2.776563766680019,1,
800.000000000,16.08675690824381,-31.18728120463469,-2.721837375171761,1,
800.100000000,16.045413560526853,-31.205731874688063,-2.667110983663503,1,
800.200000000,16.00514134321075,-31.22641636497204,-2.6123845921552453,1,
800.300000000,15.952333502691825,-31.25730122566065,-2.573560916334025,1,
800.400000000,15.889111391590768,-31.297649269825463,-2.55313083392338,1,
800.500000000,15.826726730639937,-31.339280436972803,-2.5371107988503496,1,
800.600000000,15.765016978996215,-31.381905623800193,-2.5222513874271155,1,
800.700000000,15.703947401928275,-31.425443041692656,-2.5073919760038814,1,
800.800000000,15.643531483479348,-31.469883077673433,-2.4925325645806473,1,
800.900000000,15.58378256336612,-31.515215919469455,-2.477673153157413,1,
801.000000000,15.524713834033346,-31.561431557677874,-2.462813741734179,1,
801.100000000,15.46633833774099,-31.608519787976125,-2.447954330310945,1,
801.200000000,15.40866896368451,-31.65647021337501,-2.433094918887711,1,
801.300000000,15.351718445148963,-31.70527224651434,-2.418235507464477,1,
801.400000000,15.295499356697505,-31.754915112000603,-2.4033760960412427,1,
801.500000000,15.240024111394963,-31.805387848786147,-2.3885166846180086,1,
801.600000000,15.185304958067048,-31.85667931258936,-2.3736572731947745,1,
801.700000000,15.131353978595847,-31.908778178355305,-2.3587978617715404,1,
801.800000000,15.078183085252155,-31.96167294275627,-2.3439384503483063,1,
801.900000000,15.025804018065276,-32.01535192673168,-2.329079038925072,1,
802.000000000,14.97422834223085,-32.069803278066814,-2.314219627501838,1,
802.100000000,14.92997701718469,-32.11793463238925,-2.279601636015287,1,
802.200000000,14.897941931405073,-32.15529535988133,-2.2288161732948852,1,
802.300000000,14.877833405348674,-32.18131110067998,-2.161697347079639,1,
802.400000000,14.870892412610564,-32.19165748949555,-2.0741562853054085,1,
802.500000000,14.87014636275881,-32.19301228536551,-1.9757029146180023,1,
802.600000000,14.87014636275881,-32.19301228536551,-1.875702914618001,1,
802.700000000,14.87014636275881,-32.19301228536551,-1.7757029146180006,1,
802.800000000,14.87014636275881,-32.19301228536551,-1.675702914618001,1,
802.900000000,14.87014636275881,-32.19301228536551,-1.5757029146180006,1,
803.000000000,14.87014636275881,-32.19301228536551,-1.4757029146180005,1,
803.100000000,14.87014636275881,-32.19301228536551,-1.3757029146180006,1,
803.200000000,14.87014636275881,-32.19301228536551,-1.2757029146180006,1,
803.300000000,14.87014636275881,-32.19301228536551,-1.1757029146180005,1,
803.400000000,14.87014636275881,-32.19301228536551,-1.0757029146180004,1,
803.500000000,14.87014636275881,-32.19301228536551,-0.9757029146180007,1,
803.600000000,14.87014636275881,-32.19301228536551,-0.8757029146180005,1,
803.700000000,14.87014636275881,-32.19301228536551,-0.7757029146180003,1,
803.800000000,14.87014636275881,-32.19301228536551,-0.6757029146180006,1,
803.900000000,14.87014636275881,-32.19301228536551,-0.5757029146180006,1,
804.000000000,14.87014636275881,-32.19301228536551,-0.4757029146180004,1,
804.100000000,14.87014636275881,-32.19301228536551,-0.3757029146180005,1,
804.200000000,14.87014636275881,-32.19301228536551,-0.2757029146180006,1,
804.300000000,14.8937439293759,-32.19968821720472,-0.20022664223371428,1,
804.400000000,14.923344107177023,-32.20569545493683,-0.13043024187065003,1,
804.500000000,14.95418646328752,-32.209741199097195,-0.06153681635672705,1,
804.600000000,14.985234159483594,-32.21165419077886,0.007356609157195907,1,
804.700000000,15.016339892234255,-32.211425353932256,0.07625003467111886,1,
804.800000000,15.047356082658307,-32.20905577425712,0.14514346018504182,1,
804.900000000,15.078135576701598,-32.20455669405147,0.2140368856989648,1,
805.000000000,15.108532343298695,-32.19794945887331,0.2829303112128878,1,
805.100000000,15.138402167206628,-32.18926541626823,0.3518237367268107,1,
805.200000000,15.167603333223605,-32.17854576704324,0.4207171622407337,1,
805.300000000,15.19599729854644,-32.165841369792545,0.48961058775465677,1,
805.400000000,15.238042181504433,-32.1434361541291,0.5419685278508601,1,
805.500000000,15.292595188587937,-32.110589317280706,0.578290075664916,1,
805.600000000,15.353370110085347,-32.07091986812813,0.6057142099857175,1,
805.700000000,15.41381733667893,-32.029056625735386,0.6321859959009889,1,
805.800000000,15.473135319781607,-31.9856080912708,0.6586577818162604,1,
805.900000000,15.531282494420786,-31.940604709753735,0.6851295677315319,1,
806.000000000,15.588218116026379,-31.894078015707475,0.7116013536468035,1,
806.100000000,15.64390228898111,-31.84606061106252,0.7380731395620752,1,
806.200000000,15.698295994575956,-31.796586142311952,0.7645449254773465,1,
806.300000000,15.75136111835112,-31.745689276934836,0.7910167113926182,1,
806.400000000,15.80409532293077,-31.69235913848244,0.7940635860983658,1,
806.500000000,15.856666792734561,-31.638868573308113,0.7956102152369359,1,
806.600000000,15.90915546962751,-31.585296763575496,0.7956102152369356,1,
806.700000000,15.96164414652046,-31.53172495384288,0.7956102152369356,1,
806.800000000,16.01413282341341,-31.478153144110262,0.7956102152369355,1,
806.900000000,16.066621500306358,-31.424581334377645,0.7956102152369356,1,
807.000000000,16.119110177199307,-31.37100952464503,0.7956102152369355,1,
807.100000000,16.171598854092256,-31.317437714912412,0.7956102152369352,1,
807.200000000,16.224087530985205,-31.263865905179795,0.7956102152369351,1,
807.300000000,16.276576207878154,-31.21029409544718,0.7956102152369349,1,
807.400000000,16.329064884771103,-31.15672228571456,0.7956102152369349,1,
807.500000000,16.381553561664052,-31.103150475981945,0.7956102152369349,1,
807.600000000,16.434042238557,-31.049578666249328,0.7956102152369346,1,
807.700000000,16.48653091544995,-30.99600685651671,0.7956102152369346,1,
807.800000000,16.5390195923429,-30.942435046784095,0.7956102152369344,1,
807.900000000,16.59150826923585,-30.888863237051478,0.7956102152369342,1,
808.000000000,16.643996946128798,-30.83529142731886,0.7843941908009141,1,
808.100000000,16.69708317166858,-30.78231168913586,0.7719352527154826,1,
808.200000000,16.75082533130464,-30.72999744367965,0.759476314630051,1,
808.300000000,16.805215083010722,-30.678356811331174,0.7470173765446196,1,
808.400000000,16.860243984239315,-30.627397807911034,0.723491013825552,1,
808.500000000,16.916456426610818,-30.577747416949528,0.6989672863228821,1,
808.600000000,16.973869456990702,-30.529490355884864,0.6744435588202122,1,
808.700000000,17.03244854815451,-30.48265564569656,0.6499198313175423,1,
808.800000000,17.092158471628576,-30.437271451986405,0.6253961038148727,1,
808.900000000,17.15296331887583,-30.393365068040126,0.6008723763122028,1,
809.000000000,17.21482652289058,-30.350962898413684,0.576348648809533,1,
809.100000000,17.277710880189286,-30.31009044305401,0.5518249213068628,1,
809.200000000,17.341578573184123,-30.270772281963776,0.5273011938041932,1,
809.300000000,17.406391192925817,-30.233032060419397,0.5027774663015233,1,
809.400000000,17.4675501206501,-30.199399887165967,0.47257386676840085,1,
809.500000000,17.52889280389802,-30.168041007958973,0.44146729238488264,1,
809.600000000,17.591181121369775,-30.138605152277314,0.41036071800136464,1,
809.700000000,17.654354806567596,-30.111120800516716,0.3792541436178465,1,
809.800000000,17.718352736364185,-30.085614544912954,0.3481475692343284,1,
809.900000000,17.783112990141845,-30.062111063812765,0.3170409948508102,1,
810.000000000,17.848572909703208,-30.040633097796547,0.2859344204672921,1,
810.100000000,17.91466915989561,-30.021201427675912,0.2548278460837739,1,
810.200000000,17.981337789890446,-30.0038348543874,0.2237212717002559,1,
810.300000000,18.048514295058215,-29.988550180801802,0.19261469731673783,1,
810.400000000,18.12068275702907,-29.97447497695777,0.16614291140146606,1,
810.500000000,18.19319848652298,-29.962314909422783,0.13967112548619437,1,
810.600000000,18.266010670714714,-29.95207849893284,0.11319933957092258,1,
810.700000000,18.33906828904892,-29.94377291828949,0.08672755365565082,1,
810.800000000,18.41232014899098,-29.937403987333767,0.060255767740379065,1,
810.900000000,18.485714921898353,-29.932976168868123,0.033783981825107334,1,
811.000000000,18.559201178987315,-29.93049256552929,0.007312195909835594,1,
811.100000000,18.632727427369844,-29.929954917614207,-0.019159590005436152,1,
811.200000000,18.706242146135434,-29.93136360186059,-0.04563137592070789,1,
811.300000000,18.77969382245255,-29.93471763118291,-0.07210316183597962,1,
811.400000000,18.85449894942806,-29.94012068385506,-0.0857760354219999,1,
811.500000000,18.929223211243418,-29.946546000668235,-0.09823497350743145,1,
811.600000000,19.00386162303852,-29.95390177966876,-0.11069391159286299,1,
811.700000000,19.078402599205447,-29.9621868790696,-0.12315284967829454,1,
811.800000000,19.152834569260538,-29.97140001283168,-0.13561178776372604,1,
811.900000000,19.227145979640405,-29.981539750863544,-0.1480707258491576,1,
812.000000000,19.30132529549531,-29.99260451924331,-0.16052966393458915,1,
812.100000000,19.375361002479643,-30.004592600463,-0.17298860202002062,1,
812.200000000,19.44924160853921,-30.017502133695114,-0.18544754010545214,1,
812.300000000,19.522955645695067,-30.031331115081496,-0.1979064781908837,1,
812.400000000,19.596491671823618,-30.046077398044364,-0.19061051247181765,1,
812.500000000,19.670133328178967,-30.060286776962556,-0.1819741097795114,1,
812.600000000,19.743894954572465,-30.073859634870377,-0.17333770708720508,1,
812.700000000,19.817771049346582,-30.08679495940924,-0.1647013043948988,1,
812.800000000,19.891756102305933,-30.09909178577225,-0.15606490170259257,1,
812.900000000,19.96584459512827,-30.110749196776165,-0.14742849901028632,1,
813.000000000,20.040031001776082,-30.121766322929815,-0.1387920963179801,1,
813.100000000,20.114309788908756,-30.132142342498945,-0.1301556936256738,1,
813.200000000,20.188675416295297,-30.141876481567508,-0.1215192909333676,1,
813.300000000,20.263122337227557,-30.150968014095394,-0.11288288824106131,1,
813.400000000,20.33764499893395,-30.159416261972574,-0.10424648554875504,1,
813.500000000,20.412237842993612,-30.167220595069686,-0.0956100828564488,1,
813.600000000,20.48689530575099,-30.174380431285037,-0.08697368016414252,1,
813.700000000,20.561611818730817,-30.180895236588007,-0.07833727747183629,1,
813.800000000,20.636381809053443,-30.18676452505889,-0.06970087477953002,1,
813.900000000,20.71119969985051,-30.191987858925142,-0.06106447208722376,1,
814.000000000,20.786059910680905,-30.19656484859402,-0.052428069394917495,1,
814.100000000,20.86095685794699,-30.20049515268165,-0.04379166670261124,1,
814.200000000,20.93588495531107,-30.203778478038494,-0.03515526401030497,1,
814.300000000,21.010838614112057,-30.2064145797712,-0.02651886131799871,1,
814.400000000,21.085812243782314,-30.208403261260877,-0.017882458625692443,1,
814.500000000,21.160800252264632,-30.20974437417777,-0.016335829487122467,1,
814.600000000,21.235790245262486,-30.210969506897925,-0.014789200348552474,1,
814.700000000,21.31078204339522,-30.212078656490753,-0.013242571209982488,1,
814.800000000,21.385775467277863,-30.2130718203031,-0.011695942071412502,1,
814.900000000,21.460770337521556,-30.213948995959253,-0.010149312932842516,1,
815.000000000,21.535766474733975,-30.214710181360957,-0.00860268379427253,1,
815.100000000,21.610763699519772,-30.215355374687412,-0.007056054655702544,1,
815.200000000,21.685761832480996,-30.215884574395275,-0.005509425517132556,1,
815.300000000,21.760760694217517,-30.216297779218664,-0.00396279637856257,1,
815.400000000,21.83576010532747,-30.21659498816917,-0.003962796378562688,1,
815.500000000,21.910759516437423,-30.216892197119677,-0.003962796378562806,1,
815.600000000,21.985758927547376,-30.217189406070183,-0.003962796378562924,1,
815.700000000,22.06075833865733,-30.21748661502069,-0.003962796378563042,1,
815.800000000,22.135757749767283,-30.217783823971196,-0.00396279637856316,1,
815.900000000,22.210757160877236,-30.218081032921702,-0.003962796378563278,1,
816.000000000,22.28575657198719,-30.21837824187221,-0.003962796378563396,1,
816.100000000,22.360755983097143,-30.218675450822715,-0.003962796378563514,1,
816.200000000,22.435755394207096,-30.218972659773222,-0.003962796378563632,1,
816.300000000,22.51075480531705,-30.219269868723728,-0.00396279637856375,1,
816.400000000,22.585754216427002,-30.219567077674235,-0.005509425517133965,1,
816.500000000,22.660753078163523,-30.219980282497627,-0.007056054655704184,1,
816.600000000,22.735751211124747,-30.22050948220549,-0.0086026837942744,1,
816.700000000,22.810748435910543,-30.221154675531945,-0.010149312932844616,1,
816.800000000,22.885744573122963,-30.22191586093365,-0.011695942071414833,1,
816.900000000,22.960739443366656,-30.222793036589803,-0.01324257120998505,1,
817.000000000,23.035732867249298,-30.22378620040215,-0.014789200348555263,1,
817.100000000,23.110724665382033,-30.224895349994977,-0.016335829487125492,1,
817.200000000,23.185714658379887,-30.22612048271513,-0.017882458625695704,1,
817.300000000,23.260702666862205,-30.227461595632025,-0.01942908776426593,1,
817.400000000,23.33518335408836,-30.22890886955568,-0.044934340489772656,1,
817.500000000,23.40223443216239,-30.231923794941466,-0.07781551417426177,1,
817.600000000,23.46915015021926,-30.237141411533855,-0.11069668785875089,1,
817.700000000,23.53585816740425,-30.244556078702296,-0.14357786154324007,1,
817.800000000,23.60228636740269,-30.25415978064159,-0.1764590352277291,1,
817.900000000,23.668362936403046,-30.265942135037587,-0.20934020891221822,1,
818.000000000,23.734016440732972,-30.27989040429122,-0.2422213825967074,1,
818.100000000,23.799175904084418,-30.29598950928881,-0.27510255628119645,1,
818.200000000,23.863770884244268,-30.314222045703694,-0.30798372996568557,1,
818.300000000,23.927731549247614,-30.334568302811608,-0.3408649036501747,1,
818.400000000,23.998416490153364,-30.35964097975586,-0.3633771710194999,1,
818.500000000,24.06851912504299,-30.38629844740625,-0.38485767451561503,1,
818.600000000,24.138033015662153,-30.414455489349375,-0.40528775692626023,1,
818.700000000,24.206957188973696,-30.444026731009476,-0.4257178393369055,1,
818.800000000,24.27526287783696,-30.47499983012654,-0.44614792174755064,1,
818.900000000,24.342921573250447,-30.50736185934204,-0.4665780041581959,1,
819.000000000,24.409905036250752,-30.541099311594497,-0.48700808656884104,1,
819.100000000,24.47618530969875,-30.57619810575696,-0.5074381689794863,1,
819.200000000,24.541734729948175,-30.61264359251409,-0.5278682513901315,1,
819.300000000,24.606525938391705,-30.650420560476423,-0.5482983338007769,1,
819.400000000,24.67053189287972,-30.689513242529184,-0.5687284162114219,1,
819.500000000,24.733725879006986,-30.729905322413074,-0.5891584986220674,1,
819.600000000,24.796081521262554,-30.771579941534256,-0.6095885810327125,1,
819.700000000,24.857572794038198,-30.814519706000674,-0.6300186634433577,1,
819.800000000,24.918174032490818,-30.85870669388182,-0.6504487458540029,1,
819.900000000,24.977859943254284,-30.904122462688875,-0.6708788282646483,1,
820.000000000,25.036605614996212,-30.950748057072108,-0.6649597578891878,1,
820.100000000,25.09297969815627,-30.994950011712138,-0.6365966900271315,1,
820.200000000,25.1369864784486,-31.027482783277566,-0.5913230816259362,1,
820.300000000,25.169218043314128,-31.049125427245134,-0.5301467575413851,1,
820.400000000,25.186843747059143,-31.0594561019447,-0.4505768400731636,1,
820.500000000,25.202287635561373,-31.0669273410008,-0.36773297906486735,1,
820.600000000,25.218296796400725,-31.07309498839039,-0.2848891180565712,1,
820.700000000,25.23476141984503,-31.077916739103564,-0.20204525704827478,1,
820.800000000,25.251568572061647,-31.081359519879346,-0.11920139603997854,1,
820.900000000,25.268602969751097,-31.08339971606118,-0.03635753503168229,1,
821.000000000,25.285747770896055,-31.084023333574137,0.04648632597661397,1,
821.100000000,25.302885376201917,-31.08322609491281,0.12933018698491025,1,
821.200000000,25.319898235731642,-31.081013468481494,0.2121740479932065,1,
821.300000000,25.336669655202044,-31.07740063108541,0.2950179090015028,1,
821.400000000,25.37142200092844,-31.06683988730814,0.35869636109098557,1,
821.500000000,25.42044763397419,-31.048459430159323,0.40633842090483774,1,
821.600000000,25.475887723273438,-31.024604400478683,0.4459839186488109,1,
821.700000000,25.531080188875514,-30.99821625198754,0.4848075944700311,1,
821.800000000,25.58520683693473,-30.969705751993665,0.5236312702912512,1,
821.900000000,25.6381860938028,-30.93911586834344,0.5624549461124713,1,
822.000000000,25.689938115051493,-30.906492702698422,0.6012786219336915,1,
822.100000000,25.740384905805254,-30.871885421056064,0.6401022977549117,1,
822.200000000,25.789450438286384,-30.83534617965219,0.6789259735761318,1,
822.300000000,25.83706076639563,-30.79693004635696,0.7177496493973521,1,
822.400000000,25.893557341719273,-30.7476032080567,0.7381797318079971,1,
822.500000000,25.94903444568011,-30.697132514222368,0.7481221782697451,1,
822.600000000,26.004007013741493,-30.64611274588953,0.7567585809620511,1,
822.700000000,26.058536909896674,-30.5946201209292,0.7653949836543578,1,
822.800000000,26.112620066924954,-30.542658480021178,0.7740313863466641,1,
822.900000000,26.166252450926557,-30.49023169882774,0.78266778903897,1,
823.000000000,26.219430061623505,-30.437343687704576,0.7913041917312763,1,
823.100000000,26.272148932657995,-30.383998391409133,0.7999405944235826,1,
823.200000000,26.324405131888234,-30.330199788806375,0.8085769971158888,1,
823.300000000,26.376194761681727,-30.275951892572024,0.8070303679773188,1,
823.400000000,26.42806823087681,-30.221784160538398,0.8039834932715708,1,
823.500000000,26.480106501327057,-30.167774731652816,0.800936618565823,1,
823.600000000,26.532309089938398,-30.113924107308478,0.7978897438600753,1,
823.700000000,26.584675512091323,-30.060232787424333,0.7948428691543274,1,
823.800000000,26.637205281645382,-30.006701270440434,0.7917959944485795,1,
823.900000000,26.689897910943703,-29.95333005331332,0.7887491197428321,1,
824.000000000,26.74275291081751,-29.900119631511387,0.7857022450370834,1,
824.100000000,26.79576979059068,-29.847070499010304,0.7826553703313359,1,
824.200000000,26.84894805808427,-29.79418314828842,0.7796084956255882,1,
824.300000000,26.90228721962113,-29.74145807032219,0.7765616209198404,1,
824.400000000,26.955786780030433,-29.68889575458162,0.7750149917812702,1,
824.500000000,27.00936757082933,-29.63641624565323,0.7734683626427002,1,
824.600000000,27.06302946384929,-29.584019669071218,0.7719217335041303,1,
824.700000000,27.116772330727777,-29.531706150171402,0.7703751043655598,1,
824.800000000,27.170596042908564,-29.479475814090925,0.7688284752269895,1,
824.900000000,27.22450047164204,-29.427328785767944,0.7672818460884193,1,
825.000000000,27.278485487985506,-29.375265189941345,0.7657352169498493,1,
825.100000000,27.332550962803506,-29.323285151150436,0.7641885878112791,1,
825.200000000,27.386696766768107,-29.27138879373465,0.7626419586727087,1,
825.300000000,27.440922770359236,-29.219576241833256,0.7610953295341386,1,
825.400000000,27.49522884386497,-29.167847619385043,0.7595487003955684,1,
825.500000000,27.54961485738186,-29.116203050128046,0.7580020712569984,1,
825.600000000,27.604080680815233,-29.064642657599236,0.7564554421184281,1,
825.700000000,27.658626183879502,-29.013166565134227,0.7549088129798578,1,
825.800000000,27.713251236098483,-28.961774895866984,0.7533621838412877,1,
825.900000000,27.767955706805708,-28.91046777272953,0.7518155547027179,0,
826.000000000,27.767955706805708,-28.91046777272953,0.7518155547027179,0,
826.100000000,27.767955706805708,-28.91046777272953,0.7518155547027179,0,
826.200000000,27.767955706805708,-28.91046777272953,0.7518155547027179,0,
826.300000000,27.767955706805708,-28.91046777272953,0.7518155547027179,0,
826.400000000,27.767955706805708,-28.91046777272953,0.7518155547027179,0,
826.500000000,27.767955706805708,-28.91046777272953,0.7518155547027179,0,
826.600000000,27.767955706805708,-28.91046777272953,0.7518155547027179,0,
826.700000000,27.767955706805708,-28.91046777272953,0.7518155547027179,0,
826.800000000,27.767955706805708,-28.91046777272953,0.7518155547027179,0,
826.900000000,27.767955706805708,-28.91046777272953,0.7518155547027179,0,
827.000000000,27.767955706805708,-28.91046777272953,0.7518155547027179,0,
827.100000000,27.767955706805708,-28.91046777272953,0.7518155547027179,0,
827.200000000,27.767955706805708,-28.91046777272953,0.7518155547027179,0,
827.300000000,27.767955706805708,-28.91046777272953,0.7518155547027179,0,
827.400000000,27.767955706805708,-28.91046777272953,0.7518155547027179,0,
827.500000000,27.767955706805708,-28.91046777272953,0.7518155547027179,0,
827.600000000,27.767955706805708,-28.91046777272953,0.7518155547027179,0,
827.700000000,27.767955706805708,-28.91046777272953,0.7518155547027179,0,
827.800000000,27.767955706805708,-28.91046777272953,0.7518155547027179,0,
827.900000000,27.767955706805708,-28.91046777272953,0.7518155547027179,0,
828.000000000,27.767955706805708,-28.91046777272953,0.7518155547027179,0,
828.100000000,27.767955706805708,-28.91046777272953,0.7518155547027179,0,
828.200000000,27.767955706805708,-28.91046777272953,0.7518155547027179,0,
828.300000000,27.767955706805708,-28.91046777272953,0.7518155547027179,0,
828.400000000,27.767955706805708,-28.91046777272953,0.7518155547027179,0,
828.500000000,27.767955706805708,-28.91046777272953,0.7518155547027179,0,
828.600000000,27.767955706805708,-28.91046777272953,0.7518155547027179,0,
828.700000000,27.767955706805708,-28.91046777272953,0.7518155547027179,0,
828.800000000,27.767955706805708,-28.91046777272953,0.7518155547027179,0,
828.900000000,27.767955706805708,-28.91046777272953,0.7518155547027179,0,
829.000000000,27.767955706805708,-28.91046777272953,0.7518155547027179,0,
829.100000000,27.767955706805708,-28.91046777272953,0.7518155547027179,0,
829.200000000,27.767955706805708,-28.91046777272953,0.7518155547027179,0,
829.300000000,27.767955706805708,-28.91046777272953,0.7518155547027179,0,
829.400000000,27.767955706805708,-28.91046777272953,0.7518155547027179,0,
829.500000000,27.767955706805708,-28.91046777272953,0.7518155547027179,0,
829.600000000,27.767955706805708,-28.91046777272953,0.7518155547027179,0,
829.700000000,27.767955706805708,-28.91046777272953,0.7518155547027179,0,
829.800000000,27.767955706805708,-28.91046777272953,0.7518155547027179,0,
829.900000000,27.767955706805708,-28.91046777272953,0.7518155547027179,0,
830.000000000,27.767955706805708,-28.91046777272953,0.7518155547027179,0,
830.100000000,27.767955706805708,-28.91046777272953,0.7518155547027179,0,
830.200000000,27.767955706805708,-28.91046777272953,0.7518155547027179,0,
830.300000000,27.767955706805708,-28.91046777272953,0.7518155547027179,0,
830.400000000,27.767955706805708,-28.91046777272953,0.7518155547027179,0,
830.500000000,27.767955706805708,-28.91046777272953,0.7518155547027179,0,
830.600000000,27.767955706805708,-28.91046777272953,0.7518155547027179,0,
830.700000000,27.767955706805708,-28.91046777272953,0.7518155547027179,0,
830.800000000,27.767955706805708,-28.91046777272953,0.7518155547027179,0,
830.900000000,27.767955706805708,-28.91046777272953,0.7518155547027179,0,
831.000000000,27.767955706805708,-28.91046777272953,0.7518155547027179,0,
831.100000000,27.767955706805708,-28.91046777272953,0.7518155547027179,0,
831.200000000,27.767955706805708,-28.91046777272953,0.7518155547027179,0,
831.300000000,27.767955706805708,-28.91046777272953,0.7518155547027179,0,
831.400000000,27.767955706805708,-28.91046777272953,0.7518155547027179,0,
831.500000000,27.767955706805708,-28.91046777272953,0.7518155547027179,0,
831.600000000,27.767955706805708,-28.91046777272953,0.7518155547027179,0,
831.700000000,27.767955706805708,-28.91046777272953,0.7518155547027179,0,
831.800000000,27.767955706805708,-28.91046777272953,0.7518155547027179,0,
831.900000000,27.767955706805708,-28.91046777272953,0.7518155547027179,0,
832.000000000,27.767955706805708,-28.91046777272953,0.7518155547027179,0,
832.100000000,27.767955706805708,-28.91046777272953,0.7518155547027179,0,
832.200000000,27.767955706805708,-28.91046777272953,0.7518155547027179,0,
832.300000000,27.767955706805708,-28.91046777272953,0.7518155547027179,0,
832.400000000,27.767955706805708,-28.91046777272953,0.7518155547027179,0,
832.500000000,27.767955706805708,-28.91046777272953,0.7518155547027179,0,
832.600000000,27.767955706805708,-28.91046777272953,0.7518155547027179,0,
832.700000000,27.767955706805708,-28.91046777272953,0.7518155547027179,0,
832.800000000,27.767955706805708,-28.91046777272953,0.7518155547027179,0,
832.900000000,27.767955706805708,-28.91046777272953,0.7518155547027179,0,
833.000000000,27.767955706805708,-28.91046777272953,0.7518155547027179,0,
833.100000000,27.767955706805708,-28.91046777272953,0.7518155547027179,0,
833.200000000,27.767955706805708,-28.91046777272953,0.7518155547027179,0,
833.300000000,27.767955706805708,-28.91046777272953,0.7518155547027179,0,
833.400000000,27.767955706805708,-28.91046777272953,0.7518155547027179,0,
833.500000000,27.767955706805708,-28.91046777272953,0.7518155547027179,0,
833.600000000,27.767955706805708,-28.91046777272953,0.7518155547027179,0,
833.700000000,27.767955706805708,-28.91046777272953,0.7518155547027179,0,
833.800000000,27.767955706805708,-28.91046777272953,0.7518155547027179,0,
833.900000000,27.767955706805708,-28.91046777272953,0.7518155547027179,0,
834.000000000,27.767955706805708,-28.91046777272953,0.7518155547027179,0,
834.100000000,27.767955706805708,-28.91046777272953,0.7518155547027179,0,
834.200000000,27.767955706805708,-28.91046777272953,0.7518155547027179,0,
834.300000000,27.767955706805708,-28.91046777272953,0.7518155547027179,0,
834.400000000,27.767955706805708,-28.91046777272953,0.7518155547027179,0,
834.500000000,27.767955706805708,-28.91046777272953,0.7518155547027179,0,
834.600000000,27.767955706805708,-28.91046777272953,0.7518155547027179,0,
834.700000000,27.767955706805708,-28.91046777272953,0.7518155547027179,0,
834.800000000,27.767955706805708,-28.91046777272953,0.7518155547027179,0,
834.900000000,27.767955706805708,-28.91046777272953,0.7518155547027179,0,
835.000000000,27.767955706805708,-28.91046777272953,0.7518155547027179,0,
835.100000000,27.767955706805708,-28.91046777272953,0.7518155547027179,0,
835.200000000,27.767955706805708,-28.91046777272953,0.7518155547027179,0,
835.300000000,27.767955706805708,-28.91046777272953,0.7518155547027179,0,
835.400000000,27.767955706805708,-28.91046777272953,0.7518155547027179,0,
835.500000000,27.767955706805708,-28.91046777272953,0.7518155547027179,0,
835.600000000,27.767955706805708,-28.91046777272953,0.7518155547027179,0,
835.700000000,27.767955706805708,-28.91046777272953,0.7518155547027179,0,
835.800000000,27.767955706805708,-28.91046777272953,0.7518155547027179,0,
835.900000000,27.767955706805708,-28.91046777272953,0.7518155547027179,0,
