timestamp,event,data
8.200000000,REPLAN_REQUESTED,"{""message"": ""Replanning request. curr_vertex_idx: 0"", ""wall_time_utc"": ""2026-09-01T09:32:12.205044+00:00""}"
8.200000000,SLAM_PATH_CREATED,"{""node"": ""/Navigator"", ""path"": [62, 82, 98, 106, 90, 81, 63, 70, 63, 52, 48, 56, 57, 51, 57, 56, 48, 30, 20, 16, 5, 16, 148, 10, 148, 16, 20, 9, 4, 9, 147, 7, 147, 9, 20, 30, 24, 15, 14, 15, 6, 15, 24, 22, 24, 37, 31, 37, 42, 44, 33, 29, 33, 28, 33, 41, 36, 38, 36, 32, 149, 18, 146, 3, 146, 18, 27, 18, 8, 18, 13, 18, 19, 12, 19, 26, 19, 23, 21, 17, 21, 25, 11, 25, 39, 43, 35, 40, 35, 150, 35, 43, 39, 45, 49, 45, 58, 73, 58, 154, 54, 50, 54, 59, 74, 59, 157, 156, 155, 55, 69, 59, 69, 55, 60, 47, 41, 47, 46, 47, 61, 80, 82, 80, 79, 89, 78, 69, 78, 87, 163, 86, 75, 162, 77, 58, 77, 88, 85, 88, 97, 111, 166, 111, 124, 133, 124, 129, 104, 166, 104, 108, 92, 87, 92, 105, 116, 130, 134, 137, 134, 125, 138, 125, 117, 139, 117, 140, 117, 121, 141, 121, 122, 112, 122, 123, 106, 123, 142, 123, 126, 113, 109, 100, 109, 99, 109, 165, 100, 165, 109, 113, 126, 127, 143, 127, 118, 101, 102, 94, 102, 101, 91, 83, 91, 93, 91, 101, 118, 167, 114, 110, 114, 135, 114, 128, 131, 136, 131, 145, 131, 144, 131, 119, 115, 120, 115, 132, 115, 107, 164, 96, 164, 107, 103, 95, 84, 68, 64, 53, 64, 71, 64, 68, 153, 64, 153, 152, 151, 34, 151, 152, 153, 68, 84, 72, 65, 72, 158, 65, 158, 72, 161, 160, 66, 159, 67, 76], ""wall_time_utc"": ""2026-09-01T09:32:12.208233+00:00""}"
8.200000000,LOOP_INSERTED,"{""path_index"": 111, ""vertex"": 59, ""wall_time_utc"": ""2026-09-01T09:32:12.208440+00:00""}"
8.200000000,LOOP_INSERTED,"{""path_index"": 116, ""vertex"": 41, ""wall_time_utc"": ""2026-09-01T09:32:12.208464+00:00""}"
8.200000000,LOOP_INSERTED,"{""path_index"": 122, ""vertex"": 82, ""wall_time_utc"": ""2026-09-01T09:32:12.208478+00:00""}"
8.200000000,LOOP_INSERTED,"{""path_index"": 127, ""vertex"": 69, ""wall_time_utc"": ""2026-09-01T09:32:12.208490+00:00""}"
8.200000000,LOOP_INSERTED,"{""path_index"": 135, ""vertex"": 58, ""wall_time_utc"": ""2026-09-01T09:32:12.208503+00:00""}"
8.200000000,LOOP_INSERTED,"{""path_index"": 149, ""vertex"": 166, ""wall_time_utc"": ""2026-09-01T09:32:12.208514+00:00""}"
8.200000000,LOOP_INSERTED,"{""path_index"": 153, ""vertex"": 87, ""wall_time_utc"": ""2026-09-01T09:32:12.208526+00:00""}"
8.200000000,LOOP_INSERTED,"{""path_index"": 176, ""vertex"": 106, ""wall_time_utc"": ""2026-09-01T09:32:12.208537+00:00""}"
8.200000000,LOOP_INSERTED,"{""path_index"": 183, ""vertex"": 100, ""wall_time_utc"": ""2026-09-01T09:32:12.208549+00:00""}"
8.200000000,LOOP_INSERTED,"{""path_index"": 245, ""vertex"": 64, ""wall_time_utc"": ""2026-09-01T09:32:12.208561+00:00""}"
8.200000000,LOOP_INSERTED,"{""path_index"": 256, ""vertex"": 65, ""wall_time_utc"": ""2026-09-01T09:32:12.208573+00:00""}"
25.300000000,LOCAL_REPLAN,"{""message"": ""Call local replanning..."", ""wall_time_utc"": ""2026-09-01T09:32:29.336936+00:00""}"
25.300000000,REPLAN_REQUESTED,"{""message"": ""Replanning request. curr_vertex_idx: 0"", ""wall_time_utc"": ""2026-09-01T09:32:29.339135+00:00""}"
25.300000000,GOAL_REACHED,"{""vertex"": 62, ""wall_time_utc"": ""2026-09-01T09:32:29.342559+00:00""}"
26.300000000,LOCAL_REPLAN,"{""message"": ""Call local replanning..."", ""wall_time_utc"": ""2026-09-01T09:32:30.334844+00:00""}"
26.300000000,REPLAN_REQUESTED,"{""message"": ""Replanning request. curr_vertex_idx: 0"", ""wall_time_utc"": ""2026-09-01T09:32:30.337056+00:00""}"
32.400000000,LOCAL_REPLAN,"{""message"": ""Call local replanning..."", ""wall_time_utc"": ""2026-09-01T09:32:36.361132+00:00""}"
32.400000000,REPLAN_REQUESTED,"{""message"": ""Replanning request. curr_vertex_idx: 0"", ""wall_time_utc"": ""2026-09-01T09:32:36.362827+00:00""}"
32.400000000,NO_FRONTIER,"{""message"": ""No frontier at vertex 62. #Frontier: 0"", ""wall_time_utc"": ""2026-09-01T09:32:36.366798+00:00""}"
38.400000000,LOCAL_REPLAN,"{""message"": ""Call local replanning..."", ""wall_time_utc"": ""2026-09-01T09:32:42.373042+00:00""}"
38.400000000,REPLAN_REQUESTED,"{""message"": ""Replanning request. curr_vertex_idx: 1"", ""wall_time_utc"": ""2026-09-01T09:32:42.375072+00:00""}"
42.400000000,LOCAL_REPLAN,"{""message"": ""Call local replanning..."", ""wall_time_utc"": ""2026-09-01T09:32:46.400070+00:00""}"
42.400000000,REPLAN_REQUESTED,"{""message"": ""Replanning request. curr_vertex_idx: 1"", ""wall_time_utc"": ""2026-09-01T09:32:46.401767+00:00""}"
42.400000000,GOAL_REACHED,"{""vertex"": 82, ""wall_time_utc"": ""2026-09-01T09:32:46.406194+00:00""}"
42.400000000,NO_FRONTIER,"{""message"": ""No frontier at vertex 82. #Frontier: 0"", ""wall_time_utc"": ""2026-09-01T09:32:46.406263+00:00""}"
42.400000000,REPEATED_VISIT_SKIP,"{""message"": ""Skip repeated visit to vertex 98"", ""wall_time_utc"": ""2026-09-01T09:32:46.406300+00:00""}"
48.400000000,LOCAL_REPLAN,"{""message"": ""Call local replanning..."", ""wall_time_utc"": ""2026-09-01T09:32:52.417926+00:00""}"
48.400000000,REPLAN_REQUESTED,"{""message"": ""Replanning request. curr_vertex_idx: 3"", ""wall_time_utc"": ""2026-09-01T09:32:52.419968+00:00""}"
54.400000000,LOCAL_REPLAN,"{""message"": ""Call local replanning..."", ""wall_time_utc"": ""2026-09-01T09:32:58.407980+00:00""}"
54.400000000,REPLAN_REQUESTED,"{""message"": ""Replanning request. curr_vertex_idx: 3"", ""wall_time_utc"": ""2026-09-01T09:32:58.409953+00:00""}"
54.400000000,GOAL_SKIP,"{""message"": ""Skip currGoal 106 that has no frontier and seen by robot"", ""wall_time_utc"": ""2026-09-01T09:32:58.413925+00:00""}"
54.400000000,REPEATED_VISIT_SKIP,"{""message"": ""Skip repeated visit to vertex 90"", ""wall_time_utc"": ""2026-09-01T09:32:58.414008+00:00""}"
54.400000000,REPEATED_VISIT_SKIP,"{""message"": ""Skip repeated visit to vertex 81"", ""wall_time_utc"": ""2026-09-01T09:32:58.414049+00:00""}"
54.400000000,REPEATED_VISIT_SKIP,"{""message"": ""Skip repeated visit to vertex 63"", ""wall_time_utc"": ""2026-09-01T09:32:58.414084+00:00""}"
60.400000000,LOCAL_REPLAN,"{""message"": ""Call local replanning..."", ""wall_time_utc"": ""2026-09-01T09:33:04.399545+00:00""}"
60.400000000,REPLAN_REQUESTED,"{""message"": ""Replanning request. curr_vertex_idx: 7"", ""wall_time_utc"": ""2026-09-01T09:33:04.401531+00:00""}"
66.500000000,LOCAL_REPLAN,"{""message"": ""Call local replanning..."", ""wall_time_utc"": ""2026-09-01T09:33:10.495386+00:00""}"
66.500000000,REPLAN_REQUESTED,"{""message"": ""Replanning request. curr_vertex_idx: 7"", ""wall_time_utc"": ""2026-09-01T09:33:10.497030+00:00""}"
72.500000000,LOCAL_REPLAN,"{""message"": ""Call local replanning..."", ""wall_time_utc"": ""2026-09-01T09:33:16.490508+00:00""}"
72.500000000,REPLAN_REQUESTED,"{""message"": ""Replanning request. curr_vertex_idx: 7"", ""wall_time_utc"": ""2026-09-01T09:33:16.492204+00:00""}"
78.400000000,LOCAL_REPLAN,"{""message"": ""Call local replanning..."", ""wall_time_utc"": ""2026-09-01T09:33:22.424119+00:00""}"
78.400000000,REPLAN_REQUESTED,"{""message"": ""Replanning request. curr_vertex_idx: 7"", ""wall_time_utc"": ""2026-09-01T09:33:22.425971+00:00""}"
78.400000000,GOAL_REACHED,"{""vertex"": 70, ""wall_time_utc"": ""2026-09-01T09:33:22.429070+00:00""}"
78.400000000,NO_FRONTIER,"{""message"": ""No frontier at vertex 70. #Frontier: 0"", ""wall_time_utc"": ""2026-09-01T09:33:22.429120+00:00""}"
78.400000000,REPEATED_VISIT_SKIP,"{""message"": ""Skip repeated visit to vertex 63"", ""wall_time_utc"": ""2026-09-01T09:33:22.429157+00:00""}"
78.400000000,REPEATED_VISIT_SKIP,"{""message"": ""Skip repeated visit to vertex 52"", ""wall_time_utc"": ""2026-09-01T09:33:22.429284+00:00""}"
78.400000000,REPEATED_VISIT_SKIP,"{""message"": ""Skip repeated visit to vertex 48"", ""wall_time_utc"": ""2026-09-01T09:33:22.429317+00:00""}"
84.500000000,LOCAL_REPLAN,"{""message"": ""Call local replanning..."", ""wall_time_utc"": ""2026-09-01T09:33:28.512602+00:00""}"
84.500000000,REPLAN_REQUESTED,"{""message"": ""Replanning request. curr_vertex_idx: 11"", ""wall_time_utc"": ""2026-09-01T09:33:28.513814+00:00""}"
87.500000000,LOCAL_REPLAN,"{""message"": ""Call local replanning..."", ""wall_time_utc"": ""2026-09-01T09:33:31.456920+00:00""}"
87.500000000,REPLAN_REQUESTED,"{""message"": ""Replanning request. curr_vertex_idx: 11"", ""wall_time_utc"": ""2026-09-01T09:33:31.459096+00:00""}"
87.500000000,GOAL_REACHED,"{""vertex"": 56, ""wall_time_utc"": ""2026-09-01T09:33:31.462597+00:00""}"
87.500000000,NO_FRONTIER,"{""message"": ""No frontier at vertex 56. #Frontier: 0"", ""wall_time_utc"": ""2026-09-01T09:33:31.462653+00:00""}"
93.500000000,LOCAL_REPLAN,"{""message"": ""Call local replanning..."", ""wall_time_utc"": ""2026-09-01T09:33:37.479205+00:00""}"
93.500000000,REPLAN_REQUESTED,"{""message"": ""Replanning request. curr_vertex_idx: 12"", ""wall_time_utc"": ""2026-09-01T09:33:37.480835+00:00""}"
93.500000000,GOAL_SKIP,"{""message"": ""Skip currGoal 57 that has no frontier and seen by robot"", ""wall_time_utc"": ""2026-09-01T09:33:37.483994+00:00""}"
93.500000000,REPEATED_VISIT_SKIP,"{""message"": ""Skip repeated visit to vertex 51"", ""wall_time_utc"": ""2026-09-01T09:33:37.484167+00:00""}"
93.500000000,REPEATED_VISIT_SKIP,"{""message"": ""Skip repeated visit to vertex 57"", ""wall_time_utc"": ""2026-09-01T09:33:37.484209+00:00""}"
93.500000000,REPEATED_VISIT_SKIP,"{""message"": ""Skip repeated visit to vertex 56"", ""wall_time_utc"": ""2026-09-01T09:33:37.484241+00:00""}"
93.500000000,REPEATED_VISIT_SKIP,"{""message"": ""Skip repeated visit to vertex 48"", ""wall_time_utc"": ""2026-09-01T09:33:37.484270+00:00""}"
99.400000000,LOCAL_REPLAN,"{""message"": ""Call local replanning..."", ""wall_time_utc"": ""2026-09-01T09:33:43.432528+00:00""}"
99.400000000,REPLAN_REQUESTED,"{""message"": ""Replanning request. curr_vertex_idx: 17"", ""wall_time_utc"": ""2026-09-01T09:33:43.434579+00:00""}"
105.400000000,LOCAL_REPLAN,"{""message"": ""Call local replanning..."", ""wall_time_utc"": ""2026-09-01T09:33:49.430948+00:00""}"
105.400000000,REPLAN_REQUESTED,"{""message"": ""Replanning request. curr_vertex_idx: 17"", ""wall_time_utc"": ""2026-09-01T09:33:49.432804+00:00""}"
111.500000000,LOCAL_REPLAN,"{""message"": ""Call local replanning..."", ""wall_time_utc"": ""2026-09-01T09:33:55.526890+00:00""}"
111.500000000,REPLAN_REQUESTED,"{""message"": ""Replanning request. curr_vertex_idx: 17"", ""wall_time_utc"": ""2026-09-01T09:33:55.528235+00:00""}"
117.400000000,LOCAL_REPLAN,"{""message"": ""Call local replanning..."", ""wall_time_utc"": ""2026-09-01T09:34:01.438208+00:00""}"
117.400000000,REPLAN_REQUESTED,"{""message"": ""Replanning request. curr_vertex_idx: 17"", ""wall_time_utc"": ""2026-09-01T09:34:01.439985+00:00""}"
117.400000000,GOAL_REACHED,"{""vertex"": 30, ""wall_time_utc"": ""2026-09-01T09:34:01.443235+00:00""}"
119.600000000,LOCAL_REPLAN,"{""message"": ""Call local replanning..."", ""wall_time_utc"": ""2026-09-01T09:34:03.578126+00:00""}"
119.600000000,REPLAN_REQUESTED,"{""message"": ""Replanning request. curr_vertex_idx: 17"", ""wall_time_utc"": ""2026-09-01T09:34:03.580025+00:00""}"
121.600000000,LOCAL_REPLAN,"{""message"": ""Call local replanning..."", ""wall_time_utc"": ""2026-09-01T09:34:05.588796+00:00""}"
121.600000000,REPLAN_REQUESTED,"{""message"": ""Replanning request. curr_vertex_idx: 17"", ""wall_time_utc"": ""2026-09-01T09:34:05.590462+00:00""}"
123.500000000,LOCAL_REPLAN,"{""message"": ""Call local replanning..."", ""wall_time_utc"": ""2026-09-01T09:34:07.469076+00:00""}"
123.500000000,REPLAN_REQUESTED,"{""message"": ""Replanning request. curr_vertex_idx: 17"", ""wall_time_utc"": ""2026-09-01T09:34:07.470350+00:00""}"
129.600000000,LOCAL_REPLAN,"{""message"": ""Call local replanning..."", ""wall_time_utc"": ""2026-09-01T09:34:13.563956+00:00""}"
129.600000000,REPLAN_REQUESTED,"{""message"": ""Replanning request. curr_vertex_idx: 17"", ""wall_time_utc"": ""2026-09-01T09:34:13.565743+00:00""}"
134.600000000,LOCAL_REPLAN,"{""message"": ""Call local replanning..."", ""wall_time_utc"": ""2026-09-01T09:34:18.568675+00:00""}"
134.600000000,REPLAN_REQUESTED,"{""message"": ""Replanning request. curr_vertex_idx: 17"", ""wall_time_utc"": ""2026-09-01T09:34:18.570597+00:00""}"
134.600000000,NO_FRONTIER,"{""message"": ""No frontier at vertex 30. #Frontier: 0"", ""wall_time_utc"": ""2026-09-01T09:34:18.575241+00:00""}"
134.600000000,REPEATED_VISIT_SKIP,"{""message"": ""Skip repeated visit to vertex 20"", ""wall_time_utc"": ""2026-09-01T09:34:18.575328+00:00""}"
134.600000000,REPEATED_VISIT_SKIP,"{""message"": ""Skip repeated visit to vertex 16"", ""wall_time_utc"": ""2026-09-01T09:34:18.575369+00:00""}"
134.600000000,REPEATED_VISIT_SKIP,"{""message"": ""Skip repeated visit to vertex 5"", ""wall_time_utc"": ""2026-09-01T09:34:18.575404+00:00""}"
134.600000000,REPEATED_VISIT_SKIP,"{""message"": ""Skip repeated visit to vertex 16"", ""wall_time_utc"": ""2026-09-01T09:34:18.575441+00:00""}"
134.600000000,REPEATED_VISIT_SKIP,"{""message"": ""Skip repeated visit to vertex 148"", ""wall_time_utc"": ""2026-09-01T09:34:18.575472+00:00""}"
140.500000000,LOCAL_REPLAN,"{""message"": ""Call local replanning..."", ""wall_time_utc"": ""2026-09-01T09:34:24.470937+00:00""}"
140.500000000,REPLAN_REQUESTED,"{""message"": ""Replanning request. curr_vertex_idx: 23"", ""wall_time_utc"": ""2026-09-01T09:34:24.472701+00:00""}"
146.500000000,LOCAL_REPLAN,"{""message"": ""Call local replanning..."", ""wall_time_utc"": ""2026-09-01T09:34:30.456572+00:00""}"
146.500000000,REPLAN_REQUESTED,"{""message"": ""Replanning request. curr_vertex_idx: 23"", ""wall_time_utc"": ""2026-09-01T09:34:30.458274+00:00""}"
152.500000000,LOCAL_REPLAN,"{""message"": ""Call local replanning..."", ""wall_time_utc"": ""2026-09-01T09:34:36.530649+00:00""}"
152.500000000,REPLAN_REQUESTED,"{""message"": ""Replanning request. curr_vertex_idx: 23"", ""wall_time_utc"": ""2026-09-01T09:34:36.532719+00:00""}"
152.500000000,GOAL_SKIP,"{""message"": ""Skip currGoal 10 that has no frontier and seen by robot"", ""wall_time_utc"": ""2026-09-01T09:34:36.537098+00:00""}"
152.500000000,REPEATED_VISIT_SKIP,"{""message"": ""Skip repeated visit to vertex 148"", ""wall_time_utc"": ""2026-09-01T09:34:36.537168+00:00""}"
152.500000000,REPEATED_VISIT_SKIP,"{""message"": ""Skip repeated visit to vertex 16"", ""wall_time_utc"": ""2026-09-01T09:34:36.537204+00:00""}"
152.500000000,REPEATED_VISIT_SKIP,"{""message"": ""Skip repeated visit to vertex 20"", ""wall_time_utc"": ""2026-09-01T09:34:36.537234+00:00""}"
152.500000000,REPEATED_VISIT_SKIP,"{""message"": ""Skip repeated visit to vertex 9"", ""wall_time_utc"": ""2026-09-01T09:34:36.537263+00:00""}"
158.400000000,LOCAL_REPLAN,"{""message"": ""Call local replanning..."", ""wall_time_utc"": ""2026-09-01T09:34:42.444822+00:00""}"
158.400000000,REPLAN_REQUESTED,"{""message"": ""Replanning request. curr_vertex_idx: 28"", ""wall_time_utc"": ""2026-09-01T09:34:42.446938+00:00""}"
158.400000000,GOAL_SKIP,"{""message"": ""Skip currGoal 4 that has no frontier and seen by robot"", ""wall_time_utc"": ""2026-09-01T09:34:42.450257+00:00""}"
158.400000000,REPEATED_VISIT_SKIP,"{""message"": ""Skip repeated visit to vertex 9"", ""wall_time_utc"": ""2026-09-01T09:34:42.450359+00:00""}"
158.400000000,REPEATED_VISIT_SKIP,"{""message"": ""Skip repeated visit to vertex 147"", ""wall_time_utc"": ""2026-09-01T09:34:42.450681+00:00""}"
164.500000000,LOCAL_REPLAN,"{""message"": ""Call local replanning..."", ""wall_time_utc"": ""2026-09-01T09:34:48.531258+00:00""}"
164.500000000,REPLAN_REQUESTED,"{""message"": ""Replanning request. curr_vertex_idx: 31"", ""wall_time_utc"": ""2026-09-01T09:34:48.533234+00:00""}"
166.500000000,LOCAL_REPLAN,"{""message"": ""Call local replanning..."", ""wall_time_utc"": ""2026-09-01T09:34:50.467121+00:00""}"
166.500000000,REPLAN_REQUESTED,"{""message"": ""Replanning request. curr_vertex_idx: 31"", ""wall_time_utc"": ""2026-09-01T09:34:50.468757+00:00""}"
168.600000000,LOCAL_REPLAN,"{""message"": ""Call local replanning..."", ""wall_time_utc"": ""2026-09-01T09:34:52.568144+00:00""}"
168.600000000,REPLAN_REQUESTED,"{""message"": ""Replanning request. curr_vertex_idx: 31"", ""wall_time_utc"": ""2026-09-01T09:34:52.569908+00:00""}"
170.500000000,LOCAL_REPLAN,"{""message"": ""Call local replanning..."", ""wall_time_utc"": ""2026-09-01T09:34:54.466714+00:00""}"
170.500000000,REPLAN_REQUESTED,"{""message"": ""Replanning request. curr_vertex_idx: 31"", ""wall_time_utc"": ""2026-09-01T09:34:54.468218+00:00""}"
176.500000000,LOCAL_REPLAN,"{""message"": ""Call local replanning..."", ""wall_time_utc"": ""2026-09-01T09:35:00.534341+00:00""}"
176.500000000,REPLAN_REQUESTED,"{""message"": ""Replanning request. curr_vertex_idx: 31"", ""wall_time_utc"": ""2026-09-01T09:35:00.536186+00:00""}"
182.500000000,LOCAL_REPLAN,"{""message"": ""Call local replanning..."", ""wall_time_utc"": ""2026-09-01T09:35:06.528489+00:00""}"
182.500000000,REPLAN_REQUESTED,"{""message"": ""Replanning request. curr_vertex_idx: 31"", ""wall_time_utc"": ""2026-09-01T09:35:06.530545+00:00""}"
188.500000000,LOCAL_REPLAN,"{""message"": ""Call local replanning..."", ""wall_time_utc"": ""2026-09-01T09:35:12.469555+00:00""}"
188.500000000,REPLAN_REQUESTED,"{""message"": ""Replanning request. curr_vertex_idx: 31"", ""wall_time_utc"": ""2026-09-01T09:35:12.471645+00:00""}"
194.500000000,LOCAL_REPLAN,"{""message"": ""Call local replanning..."", ""wall_time_utc"": ""2026-09-01T09:35:18.478591+00:00""}"
194.500000000,REPLAN_REQUESTED,"{""message"": ""Replanning request. curr_vertex_idx: 31"", ""wall_time_utc"": ""2026-09-01T09:35:18.480731+00:00""}"
200.500000000,LOCAL_REPLAN,"{""message"": ""Call local replanning..."", ""wall_time_utc"": ""2026-09-01T09:35:24.514749+00:00""}"
200.500000000,REPLAN_REQUESTED,"{""message"": ""Replanning request. curr_vertex_idx: 31"", ""wall_time_utc"": ""2026-09-01T09:35:24.517077+00:00""}"
206.500000000,LOCAL_REPLAN,"{""message"": ""Call local replanning..."", ""wall_time_utc"": ""2026-09-01T09:35:30.544660+00:00""}"
206.500000000,REPLAN_REQUESTED,"{""message"": ""Replanning request. curr_vertex_idx: 31"", ""wall_time_utc"": ""2026-09-01T09:35:30.546354+00:00""}"
208.600000000,LOCAL_REPLAN,"{""message"": ""Call local replanning..."", ""wall_time_utc"": ""2026-09-01T09:35:32.575083+00:00""}"
208.600000000,REPLAN_REQUESTED,"{""message"": ""Replanning request. curr_vertex_idx: 31"", ""wall_time_utc"": ""2026-09-01T09:35:32.576788+00:00""}"
214.500000000,LOCAL_REPLAN,"{""message"": ""Call local replanning..."", ""wall_time_utc"": ""2026-09-01T09:35:38.482813+00:00""}"
214.500000000,REPLAN_REQUESTED,"{""message"": ""Replanning request. curr_vertex_idx: 31"", ""wall_time_utc"": ""2026-09-01T09:35:38.484791+00:00""}"
220.500000000,LOCAL_REPLAN,"{""message"": ""Call local replanning..."", ""wall_time_utc"": ""2026-09-01T09:35:44.479071+00:00""}"
220.500000000,REPLAN_REQUESTED,"{""message"": ""Replanning request. curr_vertex_idx: 31"", ""wall_time_utc"": ""2026-09-01T09:35:44.480952+00:00""}"
226.400000000,LOCAL_REPLAN,"{""message"": ""Call local replanning..."", ""wall_time_utc"": ""2026-09-01T09:35:50.443592+00:00""}"
226.400000000,REPLAN_REQUESTED,"{""message"": ""Replanning request. curr_vertex_idx: 31"", ""wall_time_utc"": ""2026-09-01T09:35:50.445905+00:00""}"
232.500000000,LOCAL_REPLAN,"{""message"": ""Call local replanning..."", ""wall_time_utc"": ""2026-09-01T09:35:56.497838+00:00""}"
232.500000000,REPLAN_REQUESTED,"{""message"": ""Replanning request. curr_vertex_idx: 31"", ""wall_time_utc"": ""2026-09-01T09:35:56.500539+00:00""}"
238.400000000,LOCAL_REPLAN,"{""message"": ""Call local replanning..."", ""wall_time_utc"": ""2026-09-01T09:36:02.445423+00:00""}"
238.400000000,REPLAN_REQUESTED,"{""message"": ""Replanning request. curr_vertex_idx: 31"", ""wall_time_utc"": ""2026-09-01T09:36:02.447668+00:00""}"
244.400000000,LOCAL_REPLAN,"{""message"": ""Call local replanning..."", ""wall_time_utc"": ""2026-09-01T09:36:08.438138+00:00""}"
244.400000000,REPLAN_REQUESTED,"{""message"": ""Replanning request. curr_vertex_idx: 31"", ""wall_time_utc"": ""2026-09-01T09:36:08.440730+00:00""}"
250.500000000,LOCAL_REPLAN,"{""message"": ""Call local replanning..."", ""wall_time_utc"": ""2026-09-01T09:36:14.537246+00:00""}"
250.500000000,REPLAN_REQUESTED,"{""message"": ""Replanning request. curr_vertex_idx: 31"", ""wall_time_utc"": ""2026-09-01T09:36:14.539270+00:00""}"
256.500000000,LOCAL_REPLAN,"{""message"": ""Call local replanning..."", ""wall_time_utc"": ""2026-09-01T09:36:20.547848+00:00""}"
256.500000000,REPLAN_REQUESTED,"{""message"": ""Replanning request. curr_vertex_idx: 31"", ""wall_time_utc"": ""2026-09-01T09:36:20.549711+00:00""}"
262.500000000,LOCAL_REPLAN,"{""message"": ""Call local replanning..."", ""wall_time_utc"": ""2026-09-01T09:36:26.451443+00:00""}"
262.500000000,REPLAN_REQUESTED,"{""message"": ""Replanning request. curr_vertex_idx: 31"", ""wall_time_utc"": ""2026-09-01T09:36:26.453697+00:00""}"
268.600000000,LOCAL_REPLAN,"{""message"": ""Call local replanning..."", ""wall_time_utc"": ""2026-09-01T09:36:32.597724+00:00""}"
268.600000000,REPLAN_REQUESTED,"{""message"": ""Replanning request. curr_vertex_idx: 31"", ""wall_time_utc"": ""2026-09-01T09:36:32.600047+00:00""}"
274.500000000,LOCAL_REPLAN,"{""message"": ""Call local replanning..."", ""wall_time_utc"": ""2026-09-01T09:36:38.521873+00:00""}"
274.500000000,REPLAN_REQUESTED,"{""message"": ""Replanning request. curr_vertex_idx: 31"", ""wall_time_utc"": ""2026-09-01T09:36:38.524076+00:00""}"
280.600000000,LOCAL_REPLAN,"{""message"": ""Call local replanning..."", ""wall_time_utc"": ""2026-09-01T09:36:44.584414+00:00""}"
280.600000000,REPLAN_REQUESTED,"{""message"": ""Replanning request. curr_vertex_idx: 31"", ""wall_time_utc"": ""2026-09-01T09:36:44.586527+00:00""}"
286.400000000,LOCAL_REPLAN,"{""message"": ""Call local replanning..."", ""wall_time_utc"": ""2026-09-01T09:36:50.450479+00:00""}"
286.500000000,REPLAN_REQUESTED,"{""message"": ""Replanning request. curr_vertex_idx: 31"", ""wall_time_utc"": ""2026-09-01T09:36:50.452388+00:00""}"
292.400000000,LOCAL_REPLAN,"{""message"": ""Call local replanning..."", ""wall_time_utc"": ""2026-09-01T09:36:56.448715+00:00""}"
292.400000000,REPLAN_REQUESTED,"{""message"": ""Replanning request. curr_vertex_idx: 31"", ""wall_time_utc"": ""2026-09-01T09:36:56.450824+00:00""}"
298.500000000,LOCAL_REPLAN,"{""message"": ""Call local replanning..."", ""wall_time_utc"": ""2026-09-01T09:37:02.450540+00:00""}"
298.500000000,REPLAN_REQUESTED,"{""message"": ""Replanning request. curr_vertex_idx: 31"", ""wall_time_utc"": ""2026-09-01T09:37:02.452494+00:00""}"
304.600000000,LOCAL_REPLAN,"{""message"": ""Call local replanning..."", ""wall_time_utc"": ""2026-09-01T09:37:08.552386+00:00""}"
304.600000000,REPLAN_REQUESTED,"{""message"": ""Replanning request. curr_vertex_idx: 31"", ""wall_time_utc"": ""2026-09-01T09:37:08.554387+00:00""}"
310.500000000,LOCAL_REPLAN,"{""message"": ""Call local replanning..."", ""wall_time_utc"": ""2026-09-01T09:37:14.498607+00:00""}"
310.500000000,REPLAN_REQUESTED,"{""message"": ""Replanning request. curr_vertex_idx: 31"", ""wall_time_utc"": ""2026-09-01T09:37:14.500577+00:00""}"
312.600000000,LOCAL_REPLAN,"{""message"": ""Call local replanning..."", ""wall_time_utc"": ""2026-09-01T09:37:16.594905+00:00""}"
312.600000000,REPLAN_REQUESTED,"{""message"": ""Replanning request. curr_vertex_idx: 31"", ""wall_time_utc"": ""2026-09-01T09:37:16.596934+00:00""}"
318.300000000,LOCAL_REPLAN,"{""message"": ""Call local replanning..."", ""wall_time_utc"": ""2026-09-01T09:37:22.338343+00:00""}"
318.300000000,REPLAN_REQUESTED,"{""message"": ""Replanning request. curr_vertex_idx: 31"", ""wall_time_utc"": ""2026-09-01T09:37:22.340497+00:00""}"
324.400000000,LOCAL_REPLAN,"{""message"": ""Call local replanning..."", ""wall_time_utc"": ""2026-09-01T09:37:28.448351+00:00""}"
324.400000000,REPLAN_REQUESTED,"{""message"": ""Replanning request. curr_vertex_idx: 31"", ""wall_time_utc"": ""2026-09-01T09:37:28.450657+00:00""}"
330.500000000,LOCAL_REPLAN,"{""message"": ""Call local replanning..."", ""wall_time_utc"": ""2026-09-01T09:37:34.544729+00:00""}"
330.500000000,REPLAN_REQUESTED,"{""message"": ""Replanning request. curr_vertex_idx: 31"", ""wall_time_utc"": ""2026-09-01T09:37:34.546834+00:00""}"
336.600000000,LOCAL_REPLAN,"{""message"": ""Call local replanning..."", ""wall_time_utc"": ""2026-09-01T09:37:40.553166+00:00""}"
336.600000000,REPLAN_REQUESTED,"{""message"": ""Replanning request. curr_vertex_idx: 31"", ""wall_time_utc"": ""2026-09-01T09:37:40.555079+00:00""}"
342.500000000,LOCAL_REPLAN,"{""message"": ""Call local replanning..."", ""wall_time_utc"": ""2026-09-01T09:37:46.451337+00:00""}"
342.500000000,REPLAN_REQUESTED,"{""message"": ""Replanning request. curr_vertex_idx: 31"", ""wall_time_utc"": ""2026-09-01T09:37:46.453443+00:00""}"
346.700000000,LOCAL_REPLAN,"{""message"": ""Call local replanning..."", ""wall_time_utc"": ""2026-09-01T09:37:50.673428+00:00""}"
346.700000000,REPLAN_REQUESTED,"{""message"": ""Replanning request. curr_vertex_idx: 31"", ""wall_time_utc"": ""2026-09-01T09:37:50.675452+00:00""}"
352.500000000,LOCAL_REPLAN,"{""message"": ""Call local replanning..."", ""wall_time_utc"": ""2026-09-01T09:37:56.494429+00:00""}"
352.500000000,REPLAN_REQUESTED,"{""message"": ""Replanning request. curr_vertex_idx: 31"", ""wall_time_utc"": ""2026-09-01T09:37:56.496328+00:00""}"
358.600000000,LOCAL_REPLAN,"{""message"": ""Call local replanning..."", ""wall_time_utc"": ""2026-09-01T09:38:02.571087+00:00""}"
358.600000000,REPLAN_REQUESTED,"{""message"": ""Replanning request. curr_vertex_idx: 31"", ""wall_time_utc"": ""2026-09-01T09:38:02.572906+00:00""}"
364.600000000,LOCAL_REPLAN,"{""message"": ""Call local replanning..."", ""wall_time_utc"": ""2026-09-01T09:38:08.581104+00:00""}"
364.600000000,REPLAN_REQUESTED,"{""message"": ""Replanning request. curr_vertex_idx: 31"", ""wall_time_utc"": ""2026-09-01T09:38:08.582946+00:00""}"
370.600000000,LOCAL_REPLAN,"{""message"": ""Call local replanning..."", ""wall_time_utc"": ""2026-09-01T09:38:14.596580+00:00""}"
370.600000000,REPLAN_REQUESTED,"{""message"": ""Replanning request. curr_vertex_idx: 31"", ""wall_time_utc"": ""2026-09-01T09:38:14.598273+00:00""}"
376.600000000,LOCAL_REPLAN,"{""message"": ""Call local replanning..."", ""wall_time_utc"": ""2026-09-01T09:38:20.643525+00:00""}"
376.600000000,REPLAN_REQUESTED,"{""message"": ""Replanning request. curr_vertex_idx: 31"", ""wall_time_utc"": ""2026-09-01T09:38:20.645487+00:00""}"
382.600000000,LOCAL_REPLAN,"{""message"": ""Call local replanning..."", ""wall_time_utc"": ""2026-09-01T09:38:26.592775+00:00""}"
382.600000000,REPLAN_REQUESTED,"{""message"": ""Replanning request. curr_vertex_idx: 31"", ""wall_time_utc"": ""2026-09-01T09:38:26.594915+00:00""}"
388.600000000,LOCAL_REPLAN,"{""message"": ""Call local replanning..."", ""wall_time_utc"": ""2026-09-01T09:38:32.648067+00:00""}"
388.600000000,REPLAN_REQUESTED,"{""message"": ""Replanning request. curr_vertex_idx: 31"", ""wall_time_utc"": ""2026-09-01T09:38:32.649904+00:00""}"
394.500000000,LOCAL_REPLAN,"{""message"": ""Call local replanning..."", ""wall_time_utc"": ""2026-09-01T09:38:38.545350+00:00""}"
394.500000000,REPLAN_REQUESTED,"{""message"": ""Replanning request. curr_vertex_idx: 31"", ""wall_time_utc"": ""2026-09-01T09:38:38.547288+00:00""}"
400.500000000,LOCAL_REPLAN,"{""message"": ""Call local replanning..."", ""wall_time_utc"": ""2026-09-01T09:38:44.480246+00:00""}"
400.500000000,REPLAN_REQUESTED,"{""message"": ""Replanning request. curr_vertex_idx: 31"", ""wall_time_utc"": ""2026-09-01T09:38:44.482308+00:00""}"
406.500000000,LOCAL_REPLAN,"{""message"": ""Call local replanning..."", ""wall_time_utc"": ""2026-09-01T09:38:50.537835+00:00""}"
406.500000000,REPLAN_REQUESTED,"{""message"": ""Replanning request. curr_vertex_idx: 31"", ""wall_time_utc"": ""2026-09-01T09:38:50.539802+00:00""}"
412.500000000,LOCAL_REPLAN,"{""message"": ""Call local replanning..."", ""wall_time_utc"": ""2026-09-01T09:38:56.469648+00:00""}"
412.500000000,REPLAN_REQUESTED,"{""message"": ""Replanning request. curr_vertex_idx: 31"", ""wall_time_utc"": ""2026-09-01T09:38:56.471438+00:00""}"
418.600000000,LOCAL_REPLAN,"{""message"": ""Call local replanning..."", ""wall_time_utc"": ""2026-09-01T09:39:02.585399+00:00""}"
418.600000000,REPLAN_REQUESTED,"{""message"": ""Replanning request. curr_vertex_idx: 31"", ""wall_time_utc"": ""2026-09-01T09:39:02.587530+00:00""}"
424.700000000,LOCAL_REPLAN,"{""message"": ""Call local replanning..."", ""wall_time_utc"": ""2026-09-01T09:39:08.651151+00:00""}"
424.700000000,REPLAN_REQUESTED,"{""message"": ""Replanning request. curr_vertex_idx: 31"", ""wall_time_utc"": ""2026-09-01T09:39:08.653038+00:00""}"
427.100000000,KARTO_LOOP_ACCEPTED,"{""chain_end"": 59, ""chain_start"": 54, ""current_scan"": 308, ""loop_count"": 1, ""received_ros_time"": 427.1, ""received_wall_time_utc"": ""2026-09-01T09:39:11.105577+00:00"", ""seq"": 1, ""stamp"": 427.1, ""wall_time_utc"": ""2026-09-01T09:39:11.105597+00:00""}"
427.100000000,KARTO_LOOP_CONSTRAINT,"{""message"": ""Add one Loop closure. 1 loops have been added."", ""wall_time_utc"": ""2026-09-01T09:39:11.105761+00:00""}"
430.600000000,LOCAL_REPLAN,"{""message"": ""Call local replanning..."", ""wall_time_utc"": ""2026-09-01T09:39:14.591335+00:00""}"
430.600000000,REPLAN_REQUESTED,"{""message"": ""Replanning request. curr_vertex_idx: 31"", ""wall_time_utc"": ""2026-09-01T09:39:14.593511+00:00""}"
436.700000000,LOCAL_REPLAN,"{""message"": ""Call local replanning..."", ""wall_time_utc"": ""2026-09-01T09:39:20.652848+00:00""}"
436.700000000,REPLAN_REQUESTED,"{""message"": ""Replanning request. curr_vertex_idx: 31"", ""wall_time_utc"": ""2026-09-01T09:39:20.654801+00:00""}"
442.500000000,LOCAL_REPLAN,"{""message"": ""Call local replanning..."", ""wall_time_utc"": ""2026-09-01T09:39:26.495843+00:00""}"
442.500000000,REPLAN_REQUESTED,"{""message"": ""Replanning request. curr_vertex_idx: 31"", ""wall_time_utc"": ""2026-09-01T09:39:26.497988+00:00""}"
448.600000000,LOCAL_REPLAN,"{""message"": ""Call local replanning..."", ""wall_time_utc"": ""2026-09-01T09:39:32.608602+00:00""}"
448.600000000,REPLAN_REQUESTED,"{""message"": ""Replanning request. curr_vertex_idx: 31"", ""wall_time_utc"": ""2026-09-01T09:39:32.610514+00:00""}"
454.700000000,LOCAL_REPLAN,"{""message"": ""Call local replanning..."", ""wall_time_utc"": ""2026-09-01T09:39:38.662972+00:00""}"
454.700000000,REPLAN_REQUESTED,"{""message"": ""Replanning request. curr_vertex_idx: 31"", ""wall_time_utc"": ""2026-09-01T09:39:38.664900+00:00""}"
460.500000000,LOCAL_REPLAN,"{""message"": ""Call local replanning..."", ""wall_time_utc"": ""2026-09-01T09:39:44.478285+00:00""}"
460.500000000,REPLAN_REQUESTED,"{""message"": ""Replanning request. curr_vertex_idx: 31"", ""wall_time_utc"": ""2026-09-01T09:39:44.480488+00:00""}"
466.600000000,LOCAL_REPLAN,"{""message"": ""Call local replanning..."", ""wall_time_utc"": ""2026-09-01T09:39:50.602032+00:00""}"
466.600000000,REPLAN_REQUESTED,"{""message"": ""Replanning request. curr_vertex_idx: 31"", ""wall_time_utc"": ""2026-09-01T09:39:50.603740+00:00""}"
472.700000000,LOCAL_REPLAN,"{""message"": ""Call local replanning..."", ""wall_time_utc"": ""2026-09-01T09:39:56.744686+00:00""}"
472.700000000,REPLAN_REQUESTED,"{""message"": ""Replanning request. curr_vertex_idx: 31"", ""wall_time_utc"": ""2026-09-01T09:39:56.746607+00:00""}"
478.700000000,LOCAL_REPLAN,"{""message"": ""Call local replanning..."", ""wall_time_utc"": ""2026-09-01T09:40:02.687259+00:00""}"
478.700000000,REPLAN_REQUESTED,"{""message"": ""Replanning request. curr_vertex_idx: 31"", ""wall_time_utc"": ""2026-09-01T09:40:02.689518+00:00""}"
484.600000000,LOCAL_REPLAN,"{""message"": ""Call local replanning..."", ""wall_time_utc"": ""2026-09-01T09:40:08.630676+00:00""}"
484.600000000,REPLAN_REQUESTED,"{""message"": ""Replanning request. curr_vertex_idx: 31"", ""wall_time_utc"": ""2026-09-01T09:40:08.632496+00:00""}"
490.500000000,LOCAL_REPLAN,"{""message"": ""Call local replanning..."", ""wall_time_utc"": ""2026-09-01T09:40:14.514071+00:00""}"
490.500000000,REPLAN_REQUESTED,"{""message"": ""Replanning request. curr_vertex_idx: 31"", ""wall_time_utc"": ""2026-09-01T09:40:14.516014+00:00""}"
496.700000000,LOCAL_REPLAN,"{""message"": ""Call local replanning..."", ""wall_time_utc"": ""2026-09-01T09:40:20.742162+00:00""}"
496.700000000,REPLAN_REQUESTED,"{""message"": ""Replanning request. curr_vertex_idx: 31"", ""wall_time_utc"": ""2026-09-01T09:40:20.744091+00:00""}"
502.500000000,LOCAL_REPLAN,"{""message"": ""Call local replanning..."", ""wall_time_utc"": ""2026-09-01T09:40:26.493669+00:00""}"
502.500000000,REPLAN_REQUESTED,"{""message"": ""Replanning request. curr_vertex_idx: 31"", ""wall_time_utc"": ""2026-09-01T09:40:26.495646+00:00""}"
508.700000000,LOCAL_REPLAN,"{""message"": ""Call local replanning..."", ""wall_time_utc"": ""2026-09-01T09:40:32.660166+00:00""}"
508.700000000,REPLAN_REQUESTED,"{""message"": ""Replanning request. curr_vertex_idx: 31"", ""wall_time_utc"": ""2026-09-01T09:40:32.662667+00:00""}"
514.500000000,LOCAL_REPLAN,"{""message"": ""Call local replanning..."", ""wall_time_utc"": ""2026-09-01T09:40:38.489871+00:00""}"
514.500000000,REPLAN_REQUESTED,"{""message"": ""Replanning request. curr_vertex_idx: 31"", ""wall_time_utc"": ""2026-09-01T09:40:38.491962+00:00""}"
520.600000000,LOCAL_REPLAN,"{""message"": ""Call local replanning..."", ""wall_time_utc"": ""2026-09-01T09:40:44.557823+00:00""}"
520.600000000,REPLAN_REQUESTED,"{""message"": ""Replanning request. curr_vertex_idx: 31"", ""wall_time_utc"": ""2026-09-01T09:40:44.559742+00:00""}"
526.600000000,LOCAL_REPLAN,"{""message"": ""Call local replanning..."", ""wall_time_utc"": ""2026-09-01T09:40:50.601891+00:00""}"
526.600000000,REPLAN_REQUESTED,"{""message"": ""Replanning request. curr_vertex_idx: 31"", ""wall_time_utc"": ""2026-09-01T09:40:50.604128+00:00""}"
529.600000000,KARTO_LOOP_CONSTRAINT,"{""message"": ""Add one Loop closure. 2 loops have been added."", ""wall_time_utc"": ""2026-09-01T09:40:53.571968+00:00""}"
529.600000000,KARTO_LOOP_ACCEPTED,"{""chain_end"": 220, ""chain_start"": 216, ""current_scan"": 376, ""loop_count"": 2, ""received_ros_time"": 529.6, ""received_wall_time_utc"": ""2026-09-01T09:40:53.572213+00:00"", ""seq"": 2, ""stamp"": 529.6, ""wall_time_utc"": ""2026-09-01T09:40:53.572238+00:00""}"
532.500000000,LOCAL_REPLAN,"{""message"": ""Call local replanning..."", ""wall_time_utc"": ""2026-09-01T09:40:56.476446+00:00""}"
532.500000000,REPLAN_REQUESTED,"{""message"": ""Replanning request. curr_vertex_idx: 31"", ""wall_time_utc"": ""2026-09-01T09:40:56.478294+00:00""}"
538.500000000,LOCAL_REPLAN,"{""message"": ""Call local replanning..."", ""wall_time_utc"": ""2026-09-01T09:41:02.485871+00:00""}"
538.500000000,REPLAN_REQUESTED,"{""message"": ""Replanning request. curr_vertex_idx: 31"", ""wall_time_utc"": ""2026-09-01T09:41:02.487401+00:00""}"
544.600000000,LOCAL_REPLAN,"{""message"": ""Call local replanning..."", ""wall_time_utc"": ""2026-09-01T09:41:08.605415+00:00""}"
544.600000000,REPLAN_REQUESTED,"{""message"": ""Replanning request. curr_vertex_idx: 31"", ""wall_time_utc"": ""2026-09-01T09:41:08.607444+00:00""}"
550.500000000,LOCAL_REPLAN,"{""message"": ""Call local replanning..."", ""wall_time_utc"": ""2026-09-01T09:41:14.495595+00:00""}"
550.500000000,REPLAN_REQUESTED,"{""message"": ""Replanning request. curr_vertex_idx: 31"", ""wall_time_utc"": ""2026-09-01T09:41:14.497748+00:00""}"
556.700000000,LOCAL_REPLAN,"{""message"": ""Call local replanning..."", ""wall_time_utc"": ""2026-09-01T09:41:20.655733+00:00""}"
556.700000000,REPLAN_REQUESTED,"{""message"": ""Replanning request. curr_vertex_idx: 31"", ""wall_time_utc"": ""2026-09-01T09:41:20.657437+00:00""}"
562.600000000,LOCAL_REPLAN,"{""message"": ""Call local replanning..."", ""wall_time_utc"": ""2026-09-01T09:41:26.607357+00:00""}"
562.600000000,REPLAN_REQUESTED,"{""message"": ""Replanning request. curr_vertex_idx: 31"", ""wall_time_utc"": ""2026-09-01T09:41:26.609190+00:00""}"
568.700000000,LOCAL_REPLAN,"{""message"": ""Call local replanning..."", ""wall_time_utc"": ""2026-09-01T09:41:32.699976+00:00""}"
568.700000000,REPLAN_REQUESTED,"{""message"": ""Replanning request. curr_vertex_idx: 31"", ""wall_time_utc"": ""2026-09-01T09:41:32.702106+00:00""}"
574.500000000,LOCAL_REPLAN,"{""message"": ""Call local replanning..."", ""wall_time_utc"": ""2026-09-01T09:41:38.487167+00:00""}"
574.500000000,REPLAN_REQUESTED,"{""message"": ""Replanning request. curr_vertex_idx: 31"", ""wall_time_utc"": ""2026-09-01T09:41:38.489022+00:00""}"
580.500000000,LOCAL_REPLAN,"{""message"": ""Call local replanning..."", ""wall_time_utc"": ""2026-09-01T09:41:44.484164+00:00""}"
580.500000000,REPLAN_REQUESTED,"{""message"": ""Replanning request. curr_vertex_idx: 31"", ""wall_time_utc"": ""2026-09-01T09:41:44.486391+00:00""}"
586.700000000,LOCAL_REPLAN,"{""message"": ""Call local replanning..."", ""wall_time_utc"": ""2026-09-01T09:41:50.663771+00:00""}"
586.700000000,REPLAN_REQUESTED,"{""message"": ""Replanning request. curr_vertex_idx: 31"", ""wall_time_utc"": ""2026-09-01T09:41:50.665926+00:00""}"
592.600000000,LOCAL_REPLAN,"{""message"": ""Call local replanning..."", ""wall_time_utc"": ""2026-09-01T09:41:56.610782+00:00""}"
592.600000000,REPLAN_REQUESTED,"{""message"": ""Replanning request. curr_vertex_idx: 31"", ""wall_time_utc"": ""2026-09-01T09:41:56.613048+00:00""}"
598.600000000,LOCAL_REPLAN,"{""message"": ""Call local replanning..."", ""wall_time_utc"": ""2026-09-01T09:42:02.604668+00:00""}"
598.600000000,REPLAN_REQUESTED,"{""message"": ""Replanning request. curr_vertex_idx: 31"", ""wall_time_utc"": ""2026-09-01T09:42:02.606702+00:00""}"
604.400000000,LOCAL_REPLAN,"{""message"": ""Call local replanning..."", ""wall_time_utc"": ""2026-09-01T09:42:08.443032+00:00""}"
604.400000000,REPLAN_REQUESTED,"{""message"": ""Replanning request. curr_vertex_idx: 31"", ""wall_time_utc"": ""2026-09-01T09:42:08.445224+00:00""}"
610.500000000,LOCAL_REPLAN,"{""message"": ""Call local replanning..."", ""wall_time_utc"": ""2026-09-01T09:42:14.494675+00:00""}"
610.500000000,REPLAN_REQUESTED,"{""message"": ""Replanning request. curr_vertex_idx: 31"", ""wall_time_utc"": ""2026-09-01T09:42:14.496904+00:00""}"
616.500000000,LOCAL_REPLAN,"{""message"": ""Call local replanning..."", ""wall_time_utc"": ""2026-09-01T09:42:20.483457+00:00""}"
616.500000000,REPLAN_REQUESTED,"{""message"": ""Replanning request. curr_vertex_idx: 31"", ""wall_time_utc"": ""2026-09-01T09:42:20.485557+00:00""}"
622.700000000,LOCAL_REPLAN,"{""message"": ""Call local replanning..."", ""wall_time_utc"": ""2026-09-01T09:42:26.707644+00:00""}"
622.700000000,REPLAN_REQUESTED,"{""message"": ""Replanning request. curr_vertex_idx: 31"", ""wall_time_utc"": ""2026-09-01T09:42:26.709725+00:00""}"
628.500000000,LOCAL_REPLAN,"{""message"": ""Call local replanning..."", ""wall_time_utc"": ""2026-09-01T09:42:32.452108+00:00""}"
628.500000000,REPLAN_REQUESTED,"{""message"": ""Replanning request. curr_vertex_idx: 31"", ""wall_time_utc"": ""2026-09-01T09:42:32.453823+00:00""}"
634.600000000,LOCAL_REPLAN,"{""message"": ""Call local replanning..."", ""wall_time_utc"": ""2026-09-01T09:42:38.615126+00:00""}"
634.600000000,REPLAN_REQUESTED,"{""message"": ""Replanning request. curr_vertex_idx: 31"", ""wall_time_utc"": ""2026-09-01T09:42:38.617166+00:00""}"
640.500000000,LOCAL_REPLAN,"{""message"": ""Call local replanning..."", ""wall_time_utc"": ""2026-09-01T09:42:44.541578+00:00""}"
640.500000000,REPLAN_REQUESTED,"{""message"": ""Replanning request. curr_vertex_idx: 31"", ""wall_time_utc"": ""2026-09-01T09:42:44.586333+00:00""}"
646.500000000,LOCAL_REPLAN,"{""message"": ""Call local replanning..."", ""wall_time_utc"": ""2026-09-01T09:42:50.501303+00:00""}"
646.500000000,REPLAN_REQUESTED,"{""message"": ""Replanning request. curr_vertex_idx: 31"", ""wall_time_utc"": ""2026-09-01T09:42:50.503071+00:00""}"
652.600000000,LOCAL_REPLAN,"{""message"": ""Call local replanning..."", ""wall_time_utc"": ""2026-09-01T09:42:56.585627+00:00""}"
652.600000000,REPLAN_REQUESTED,"{""message"": ""Replanning request. curr_vertex_idx: 31"", ""wall_time_utc"": ""2026-09-01T09:42:56.587572+00:00""}"
658.500000000,LOCAL_REPLAN,"{""message"": ""Call local replanning..."", ""wall_time_utc"": ""2026-09-01T09:43:02.525578+00:00""}"
658.500000000,REPLAN_REQUESTED,"{""message"": ""Replanning request. curr_vertex_idx: 31"", ""wall_time_utc"": ""2026-09-01T09:43:02.527309+00:00""}"
664.600000000,LOCAL_REPLAN,"{""message"": ""Call local replanning..."", ""wall_time_utc"": ""2026-09-01T09:43:08.588272+00:00""}"
664.600000000,REPLAN_REQUESTED,"{""message"": ""Replanning request. curr_vertex_idx: 31"", ""wall_time_utc"": ""2026-09-01T09:43:08.589973+00:00""}"
670.700000000,LOCAL_REPLAN,"{""message"": ""Call local replanning..."", ""wall_time_utc"": ""2026-09-01T09:43:14.694070+00:00""}"
670.700000000,REPLAN_REQUESTED,"{""message"": ""Replanning request. curr_vertex_idx: 31"", ""wall_time_utc"": ""2026-09-01T09:43:14.695801+00:00""}"
676.400000000,LOCAL_REPLAN,"{""message"": ""Call local replanning..."", ""wall_time_utc"": ""2026-09-01T09:43:20.440927+00:00""}"
676.400000000,REPLAN_REQUESTED,"{""message"": ""Replanning request. curr_vertex_idx: 31"", ""wall_time_utc"": ""2026-09-01T09:43:20.443049+00:00""}"
682.500000000,LOCAL_REPLAN,"{""message"": ""Call local replanning..."", ""wall_time_utc"": ""2026-09-01T09:43:26.513136+00:00""}"
682.500000000,REPLAN_REQUESTED,"{""message"": ""Replanning request. curr_vertex_idx: 31"", ""wall_time_utc"": ""2026-09-01T09:43:26.515055+00:00""}"
688.600000000,LOCAL_REPLAN,"{""message"": ""Call local replanning..."", ""wall_time_utc"": ""2026-09-01T09:43:32.600488+00:00""}"
688.600000000,REPLAN_REQUESTED,"{""message"": ""Replanning request. curr_vertex_idx: 31"", ""wall_time_utc"": ""2026-09-01T09:43:32.602466+00:00""}"
694.700000000,LOCAL_REPLAN,"{""message"": ""Call local replanning..."", ""wall_time_utc"": ""2026-09-01T09:43:38.732349+00:00""}"
694.700000000,REPLAN_REQUESTED,"{""message"": ""Replanning request. curr_vertex_idx: 31"", ""wall_time_utc"": ""2026-09-01T09:43:38.734305+00:00""}"
700.600000000,LOCAL_REPLAN,"{""message"": ""Call local replanning..."", ""wall_time_utc"": ""2026-09-01T09:43:44.573699+00:00""}"
700.600000000,REPLAN_REQUESTED,"{""message"": ""Replanning request. curr_vertex_idx: 31"", ""wall_time_utc"": ""2026-09-01T09:43:44.575354+00:00""}"
706.500000000,LOCAL_REPLAN,"{""message"": ""Call local replanning..."", ""wall_time_utc"": ""2026-09-01T09:43:50.512423+00:00""}"
706.500000000,REPLAN_REQUESTED,"{""message"": ""Replanning request. curr_vertex_idx: 31"", ""wall_time_utc"": ""2026-09-01T09:43:50.514357+00:00""}"
712.700000000,LOCAL_REPLAN,"{""message"": ""Call local replanning..."", ""wall_time_utc"": ""2026-09-01T09:43:56.711205+00:00""}"
712.700000000,REPLAN_REQUESTED,"{""message"": ""Replanning request. curr_vertex_idx: 31"", ""wall_time_utc"": ""2026-09-01T09:43:56.713325+00:00""}"
718.600000000,LOCAL_REPLAN,"{""message"": ""Call local replanning..."", ""wall_time_utc"": ""2026-09-01T09:44:02.616949+00:00""}"
718.600000000,REPLAN_REQUESTED,"{""message"": ""Replanning request. curr_vertex_idx: 31"", ""wall_time_utc"": ""2026-09-01T09:44:02.619083+00:00""}"
724.700000000,LOCAL_REPLAN,"{""message"": ""Call local replanning..."", ""wall_time_utc"": ""2026-09-01T09:44:08.725661+00:00""}"
724.700000000,REPLAN_REQUESTED,"{""message"": ""Replanning request. curr_vertex_idx: 31"", ""wall_time_utc"": ""2026-09-01T09:44:08.727935+00:00""}"
730.500000000,LOCAL_REPLAN,"{""message"": ""Call local replanning..."", ""wall_time_utc"": ""2026-09-01T09:44:14.498750+00:00""}"
730.500000000,REPLAN_REQUESTED,"{""message"": ""Replanning request. curr_vertex_idx: 31"", ""wall_time_utc"": ""2026-09-01T09:44:14.500685+00:00""}"
736.600000000,LOCAL_REPLAN,"{""message"": ""Call local replanning..."", ""wall_time_utc"": ""2026-09-01T09:44:20.607514+00:00""}"
736.600000000,REPLAN_REQUESTED,"{""message"": ""Replanning request. curr_vertex_idx: 31"", ""wall_time_utc"": ""2026-09-01T09:44:20.609311+00:00""}"
742.700000000,LOCAL_REPLAN,"{""message"": ""Call local replanning..."", ""wall_time_utc"": ""2026-09-01T09:44:26.709102+00:00""}"
742.700000000,REPLAN_REQUESTED,"{""message"": ""Replanning request. curr_vertex_idx: 31"", ""wall_time_utc"": ""2026-09-01T09:44:26.711029+00:00""}"
748.600000000,LOCAL_REPLAN,"{""message"": ""Call local replanning..."", ""wall_time_utc"": ""2026-09-01T09:44:32.593827+00:00""}"
748.600000000,REPLAN_REQUESTED,"{""message"": ""Replanning request. curr_vertex_idx: 31"", ""wall_time_utc"": ""2026-09-01T09:44:32.595814+00:00""}"
754.500000000,LOCAL_REPLAN,"{""message"": ""Call local replanning..."", ""wall_time_utc"": ""2026-09-01T09:44:38.493432+00:00""}"
754.500000000,REPLAN_REQUESTED,"{""message"": ""Replanning request. curr_vertex_idx: 31"", ""wall_time_utc"": ""2026-09-01T09:44:38.495277+00:00""}"
760.700000000,LOCAL_REPLAN,"{""message"": ""Call local replanning..."", ""wall_time_utc"": ""2026-09-01T09:44:44.700487+00:00""}"
760.700000000,REPLAN_REQUESTED,"{""message"": ""Replanning request. curr_vertex_idx: 31"", ""wall_time_utc"": ""2026-09-01T09:44:44.702396+00:00""}"
766.500000000,LOCAL_REPLAN,"{""message"": ""Call local replanning..."", ""wall_time_utc"": ""2026-09-01T09:44:50.491816+00:00""}"
766.500000000,REPLAN_REQUESTED,"{""message"": ""Replanning request. curr_vertex_idx: 31"", ""wall_time_utc"": ""2026-09-01T09:44:50.493702+00:00""}"
772.600000000,LOCAL_REPLAN,"{""message"": ""Call local replanning..."", ""wall_time_utc"": ""2026-09-01T09:44:56.603219+00:00""}"
772.600000000,REPLAN_REQUESTED,"{""message"": ""Replanning request. curr_vertex_idx: 31"", ""wall_time_utc"": ""2026-09-01T09:44:56.605474+00:00""}"
778.600000000,LOCAL_REPLAN,"{""message"": ""Call local replanning..."", ""wall_time_utc"": ""2026-09-01T09:45:02.607405+00:00""}"
778.600000000,REPLAN_REQUESTED,"{""message"": ""Replanning request. curr_vertex_idx: 31"", ""wall_time_utc"": ""2026-09-01T09:45:02.609054+00:00""}"
784.500000000,LOCAL_REPLAN,"{""message"": ""Call local replanning..."", ""wall_time_utc"": ""2026-09-01T09:45:08.483529+00:00""}"
784.500000000,REPLAN_REQUESTED,"{""message"": ""Replanning request. curr_vertex_idx: 31"", ""wall_time_utc"": ""2026-09-01T09:45:08.485844+00:00""}"
790.500000000,LOCAL_REPLAN,"{""message"": ""Call local replanning..."", ""wall_time_utc"": ""2026-09-01T09:45:14.493861+00:00""}"
790.500000000,REPLAN_REQUESTED,"{""message"": ""Replanning request. curr_vertex_idx: 31"", ""wall_time_utc"": ""2026-09-01T09:45:14.495722+00:00""}"
796.600000000,LOCAL_REPLAN,"{""message"": ""Call local replanning..."", ""wall_time_utc"": ""2026-09-01T09:45:20.612420+00:00""}"
796.600000000,REPLAN_REQUESTED,"{""message"": ""Replanning request. curr_vertex_idx: 31"", ""wall_time_utc"": ""2026-09-01T09:45:20.614239+00:00""}"
802.600000000,LOCAL_REPLAN,"{""message"": ""Call local replanning..."", ""wall_time_utc"": ""2026-09-01T09:45:26.645716+00:00""}"
802.600000000,REPLAN_REQUESTED,"{""message"": ""Replanning request. curr_vertex_idx: 31"", ""wall_time_utc"": ""2026-09-01T09:45:26.647933+00:00""}"
808.500000000,LOCAL_REPLAN,"{""message"": ""Call local replanning..."", ""wall_time_utc"": ""2026-09-01T09:45:32.484158+00:00""}"
808.500000000,REPLAN_REQUESTED,"{""message"": ""Replanning request. curr_vertex_idx: 31"", ""wall_time_utc"": ""2026-09-01T09:45:32.486143+00:00""}"
814.900000000,LOCAL_REPLAN,"{""message"": ""Call local replanning..."", ""wall_time_utc"": ""2026-09-01T09:45:38.868324+00:00""}"
814.900000000,REPLAN_REQUESTED,"{""message"": ""Replanning request. curr_vertex_idx: 31"", ""wall_time_utc"": ""2026-09-01T09:45:38.870256+00:00""}"
820.700000000,LOCAL_REPLAN,"{""message"": ""Call local replanning..."", ""wall_time_utc"": ""2026-09-01T09:45:44.728357+00:00""}"
820.700000000,REPLAN_REQUESTED,"{""message"": ""Replanning request. curr_vertex_idx: 31"", ""wall_time_utc"": ""2026-09-01T09:45:44.730555+00:00""}"
826.500000000,LOCAL_REPLAN,"{""message"": ""Call local replanning..."", ""wall_time_utc"": ""2026-09-01T09:45:50.485154+00:00""}"
826.500000000,REPLAN_REQUESTED,"{""message"": ""Replanning request. curr_vertex_idx: 31"", ""wall_time_utc"": ""2026-09-01T09:45:50.487168+00:00""}"
828.600000000,LOCAL_REPLAN,"{""message"": ""Call local replanning..."", ""wall_time_utc"": ""2026-09-01T09:45:52.617584+00:00""}"
828.600000000,REPLAN_REQUESTED,"{""message"": ""Replanning request. curr_vertex_idx: 31"", ""wall_time_utc"": ""2026-09-01T09:45:52.619544+00:00""}"
834.500000000,LOCAL_REPLAN,"{""message"": ""Call local replanning..."", ""wall_time_utc"": ""2026-09-01T09:45:58.520124+00:00""}"
834.500000000,REPLAN_REQUESTED,"{""message"": ""Replanning request. curr_vertex_idx: 31"", ""wall_time_utc"": ""2026-09-01T09:45:58.522285+00:00""}"
840.700000000,LOCAL_REPLAN,"{""message"": ""Call local replanning..."", ""wall_time_utc"": ""2026-09-01T09:46:04.745059+00:00""}"
840.700000000,REPLAN_REQUESTED,"{""message"": ""Replanning request. curr_vertex_idx: 31"", ""wall_time_utc"": ""2026-09-01T09:46:04.747075+00:00""}"
846.900000000,LOCAL_REPLAN,"{""message"": ""Call local replanning..."", ""wall_time_utc"": ""2026-09-01T09:46:10.880817+00:00""}"
846.900000000,REPLAN_REQUESTED,"{""message"": ""Replanning request. curr_vertex_idx: 31"", ""wall_time_utc"": ""2026-09-01T09:46:10.882857+00:00""}"
852.500000000,LOCAL_REPLAN,"{""message"": ""Call local replanning..."", ""wall_time_utc"": ""2026-09-01T09:46:16.500113+00:00""}"
852.500000000,REPLAN_REQUESTED,"{""message"": ""Replanning request. curr_vertex_idx: 31"", ""wall_time_utc"": ""2026-09-01T09:46:16.502234+00:00""}"
858.500000000,LOCAL_REPLAN,"{""message"": ""Call local replanning..."", ""wall_time_utc"": ""2026-09-01T09:46:22.493038+00:00""}"
858.500000000,REPLAN_REQUESTED,"{""message"": ""Replanning request. curr_vertex_idx: 31"", ""wall_time_utc"": ""2026-09-01T09:46:22.494980+00:00""}"
864.700000000,LOCAL_REPLAN,"{""message"": ""Call local replanning..."", ""wall_time_utc"": ""2026-09-01T09:46:28.657856+00:00""}"
864.700000000,REPLAN_REQUESTED,"{""message"": ""Replanning request. curr_vertex_idx: 31"", ""wall_time_utc"": ""2026-09-01T09:46:28.659995+00:00""}"
870.500000000,LOCAL_REPLAN,"{""message"": ""Call local replanning..."", ""wall_time_utc"": ""2026-09-01T09:46:34.514396+00:00""}"
870.500000000,REPLAN_REQUESTED,"{""message"": ""Replanning request. curr_vertex_idx: 31"", ""wall_time_utc"": ""2026-09-01T09:46:34.516406+00:00""}"
876.800000000,LOCAL_REPLAN,"{""message"": ""Call local replanning..."", ""wall_time_utc"": ""2026-09-01T09:46:40.812378+00:00""}"
876.800000000,REPLAN_REQUESTED,"{""message"": ""Replanning request. curr_vertex_idx: 31"", ""wall_time_utc"": ""2026-09-01T09:46:40.814483+00:00""}"
882.600000000,LOCAL_REPLAN,"{""message"": ""Call local replanning..."", ""wall_time_utc"": ""2026-09-01T09:46:46.650290+00:00""}"
882.700000000,REPLAN_REQUESTED,"{""message"": ""Replanning request. curr_vertex_idx: 31"", ""wall_time_utc"": ""2026-09-01T09:46:46.652500+00:00""}"
888.800000000,LOCAL_REPLAN,"{""message"": ""Call local replanning..."", ""wall_time_utc"": ""2026-09-01T09:46:52.775923+00:00""}"
888.800000000,REPLAN_REQUESTED,"{""message"": ""Replanning request. curr_vertex_idx: 31"", ""wall_time_utc"": ""2026-09-01T09:46:52.777952+00:00""}"
892.400000000,KARTO_LOOP_CONSTRAINT,"{""message"": ""Add one Loop closure. 3 loops have been added."", ""wall_time_utc"": ""2026-09-01T09:46:56.385938+00:00""}"
892.400000000,KARTO_LOOP_ACCEPTED,"{""chain_end"": 43, ""chain_start"": 40, ""current_scan"": 654, ""loop_count"": 3, ""received_ros_time"": 892.4, ""received_wall_time_utc"": ""2026-09-01T09:46:56.386104+00:00"", ""seq"": 3, ""stamp"": 892.4, ""wall_time_utc"": ""2026-09-01T09:46:56.386172+00:00""}"
894.600000000,LOCAL_REPLAN,"{""message"": ""Call local replanning..."", ""wall_time_utc"": ""2026-09-01T09:46:58.632291+00:00""}"
894.600000000,REPLAN_REQUESTED,"{""message"": ""Replanning request. curr_vertex_idx: 31"", ""wall_time_utc"": ""2026-09-01T09:46:58.634249+00:00""}"
900.600000000,LOCAL_REPLAN,"{""message"": ""Call local replanning..."", ""wall_time_utc"": ""2026-09-01T09:47:04.642945+00:00""}"
900.600000000,REPLAN_REQUESTED,"{""message"": ""Replanning request. curr_vertex_idx: 31"", ""wall_time_utc"": ""2026-09-01T09:47:04.645051+00:00""}"
906.500000000,LOCAL_REPLAN,"{""message"": ""Call local replanning..."", ""wall_time_utc"": ""2026-09-01T09:47:10.498093+00:00""}"
906.500000000,REPLAN_REQUESTED,"{""message"": ""Replanning request. curr_vertex_idx: 31"", ""wall_time_utc"": ""2026-09-01T09:47:10.500136+00:00""}"
912.800000000,LOCAL_REPLAN,"{""message"": ""Call local replanning..."", ""wall_time_utc"": ""2026-09-01T09:47:16.791149+00:00""}"
912.800000000,REPLAN_REQUESTED,"{""message"": ""Replanning request. curr_vertex_idx: 31"", ""wall_time_utc"": ""2026-09-01T09:47:16.793208+00:00""}"
918.500000000,LOCAL_REPLAN,"{""message"": ""Call local replanning..."", ""wall_time_utc"": ""2026-09-01T09:47:22.516617+00:00""}"
918.500000000,REPLAN_REQUESTED,"{""message"": ""Replanning request. curr_vertex_idx: 31"", ""wall_time_utc"": ""2026-09-01T09:47:22.518918+00:00""}"
924.600000000,LOCAL_REPLAN,"{""message"": ""Call local replanning..."", ""wall_time_utc"": ""2026-09-01T09:47:28.645966+00:00""}"
924.600000000,REPLAN_REQUESTED,"{""message"": ""Replanning request. curr_vertex_idx: 31"", ""wall_time_utc"": ""2026-09-01T09:47:28.647999+00:00""}"
930.700000000,LOCAL_REPLAN,"{""message"": ""Call local replanning..."", ""wall_time_utc"": ""2026-09-01T09:47:34.669707+00:00""}"
930.700000000,REPLAN_REQUESTED,"{""message"": ""Replanning request. curr_vertex_idx: 31"", ""wall_time_utc"": ""2026-09-01T09:47:34.671701+00:00""}"
936.600000000,LOCAL_REPLAN,"{""message"": ""Call local replanning..."", ""wall_time_utc"": ""2026-09-01T09:47:40.643170+00:00""}"
936.600000000,REPLAN_REQUESTED,"{""message"": ""Replanning request. curr_vertex_idx: 31"", ""wall_time_utc"": ""2026-09-01T09:47:40.645139+00:00""}"
942.500000000,LOCAL_REPLAN,"{""message"": ""Call local replanning..."", ""wall_time_utc"": ""2026-09-01T09:47:46.524192+00:00""}"
942.500000000,REPLAN_REQUESTED,"{""message"": ""Replanning request. curr_vertex_idx: 31"", ""wall_time_utc"": ""2026-09-01T09:47:46.526089+00:00""}"
948.500000000,LOCAL_REPLAN,"{""message"": ""Call local replanning..."", ""wall_time_utc"": ""2026-09-01T09:47:52.521388+00:00""}"
948.500000000,REPLAN_REQUESTED,"{""message"": ""Replanning request. curr_vertex_idx: 31"", ""wall_time_utc"": ""2026-09-01T09:47:52.523233+00:00""}"
954.700000000,LOCAL_REPLAN,"{""message"": ""Call local replanning..."", ""wall_time_utc"": ""2026-09-01T09:47:58.677746+00:00""}"
954.700000000,REPLAN_REQUESTED,"{""message"": ""Replanning request. curr_vertex_idx: 31"", ""wall_time_utc"": ""2026-09-01T09:47:58.680130+00:00""}"
960.800000000,LOCAL_REPLAN,"{""message"": ""Call local replanning..."", ""wall_time_utc"": ""2026-09-01T09:48:04.824440+00:00""}"
960.800000000,REPLAN_REQUESTED,"{""message"": ""Replanning request. curr_vertex_idx: 31"", ""wall_time_utc"": ""2026-09-01T09:48:04.826420+00:00""}"
966.800000000,LOCAL_REPLAN,"{""message"": ""Call local replanning..."", ""wall_time_utc"": ""2026-09-01T09:48:10.827074+00:00""}"
966.800000000,REPLAN_REQUESTED,"{""message"": ""Replanning request. curr_vertex_idx: 31"", ""wall_time_utc"": ""2026-09-01T09:48:10.829108+00:00""}"
972.800000000,LOCAL_REPLAN,"{""message"": ""Call local replanning..."", ""wall_time_utc"": ""2026-09-01T09:48:16.825976+00:00""}"
972.800000000,REPLAN_REQUESTED,"{""message"": ""Replanning request. curr_vertex_idx: 31"", ""wall_time_utc"": ""2026-09-01T09:48:16.828054+00:00""}"
978.500000000,LOCAL_REPLAN,"{""message"": ""Call local replanning..."", ""wall_time_utc"": ""2026-09-01T09:48:22.531062+00:00""}"
978.500000000,REPLAN_REQUESTED,"{""message"": ""Replanning request. curr_vertex_idx: 31"", ""wall_time_utc"": ""2026-09-01T09:48:22.533096+00:00""}"
984.800000000,LOCAL_REPLAN,"{""message"": ""Call local replanning..."", ""wall_time_utc"": ""2026-09-01T09:48:28.833160+00:00""}"
984.800000000,REPLAN_REQUESTED,"{""message"": ""Replanning request. curr_vertex_idx: 31"", ""wall_time_utc"": ""2026-09-01T09:48:28.835262+00:00""}"
990.500000000,LOCAL_REPLAN,"{""message"": ""Call local replanning..."", ""wall_time_utc"": ""2026-09-01T09:48:34.527335+00:00""}"
990.500000000,REPLAN_REQUESTED,"{""message"": ""Replanning request. curr_vertex_idx: 31"", ""wall_time_utc"": ""2026-09-01T09:48:34.529340+00:00""}"
992.300000000,KARTO_LOOP_CONSTRAINT,"{""message"": ""Add one Loop closure. 4 loops have been added."", ""wall_time_utc"": ""2026-09-01T09:48:36.346380+00:00""}"
992.300000000,KARTO_LOOP_ACCEPTED,"{""chain_end"": 429, ""chain_start"": 425, ""current_scan"": 730, ""loop_count"": 4, ""received_ros_time"": 992.3, ""received_wall_time_utc"": ""2026-09-01T09:48:36.346733+00:00"", ""seq"": 4, ""stamp"": 992.3, ""wall_time_utc"": ""2026-09-01T09:48:36.346759+00:00""}"
996.800000000,LOCAL_REPLAN,"{""message"": ""Call local replanning..."", ""wall_time_utc"": ""2026-09-01T09:48:40.822555+00:00""}"
996.800000000,REPLAN_REQUESTED,"{""message"": ""Replanning request. curr_vertex_idx: 31"", ""wall_time_utc"": ""2026-09-01T09:48:40.824663+00:00""}"
1002.700000000,LOCAL_REPLAN,"{""message"": ""Call local replanning..."", ""wall_time_utc"": ""2026-09-01T09:48:46.664226+00:00""}"
1002.700000000,REPLAN_REQUESTED,"{""message"": ""Replanning request. curr_vertex_idx: 31"", ""wall_time_utc"": ""2026-09-01T09:48:46.666201+00:00""}"
1008.700000000,LOCAL_REPLAN,"{""message"": ""Call local replanning..."", ""wall_time_utc"": ""2026-09-01T09:48:52.689849+00:00""}"
1008.700000000,REPLAN_REQUESTED,"{""message"": ""Replanning request. curr_vertex_idx: 31"", ""wall_time_utc"": ""2026-09-01T09:48:52.691999+00:00""}"
1014.700000000,LOCAL_REPLAN,"{""message"": ""Call local replanning..."", ""wall_time_utc"": ""2026-09-01T09:48:58.708376+00:00""}"
1014.700000000,REPLAN_REQUESTED,"{""message"": ""Replanning request. curr_vertex_idx: 31"", ""wall_time_utc"": ""2026-09-01T09:48:58.710806+00:00""}"
1020.700000000,LOCAL_REPLAN,"{""message"": ""Call local replanning..."", ""wall_time_utc"": ""2026-09-01T09:49:04.740958+00:00""}"
1020.700000000,REPLAN_REQUESTED,"{""message"": ""Replanning request. curr_vertex_idx: 31"", ""wall_time_utc"": ""2026-09-01T09:49:04.742898+00:00""}"
1026.500000000,LOCAL_REPLAN,"{""message"": ""Call local replanning..."", ""wall_time_utc"": ""2026-09-01T09:49:10.532945+00:00""}"
1026.500000000,REPLAN_REQUESTED,"{""message"": ""Replanning request. curr_vertex_idx: 31"", ""wall_time_utc"": ""2026-09-01T09:49:10.534726+00:00""}"
1032.900000000,LOCAL_REPLAN,"{""message"": ""Call local replanning..."", ""wall_time_utc"": ""2026-09-01T09:49:16.911352+00:00""}"
1032.900000000,REPLAN_REQUESTED,"{""message"": ""Replanning request. curr_vertex_idx: 31"", ""wall_time_utc"": ""2026-09-01T09:49:16.913177+00:00""}"
1038.800000000,LOCAL_REPLAN,"{""message"": ""Call local replanning..."", ""wall_time_utc"": ""2026-09-01T09:49:22.840956+00:00""}"
1038.800000000,REPLAN_REQUESTED,"{""message"": ""Replanning request. curr_vertex_idx: 31"", ""wall_time_utc"": ""2026-09-01T09:49:22.842966+00:00""}"
1044.900000000,LOCAL_REPLAN,"{""message"": ""Call local replanning..."", ""wall_time_utc"": ""2026-09-01T09:49:28.857580+00:00""}"
1044.900000000,REPLAN_REQUESTED,"{""message"": ""Replanning request. curr_vertex_idx: 31"", ""wall_time_utc"": ""2026-09-01T09:49:28.859484+00:00""}"
1050.800000000,LOCAL_REPLAN,"{""message"": ""Call local replanning..."", ""wall_time_utc"": ""2026-09-01T09:49:34.848481+00:00""}"
1050.900000000,REPLAN_REQUESTED,"{""message"": ""Replanning request. curr_vertex_idx: 31"", ""wall_time_utc"": ""2026-09-01T09:49:34.850238+00:00""}"
1056.800000000,LOCAL_REPLAN,"{""message"": ""Call local replanning..."", ""wall_time_utc"": ""2026-09-01T09:49:40.819807+00:00""}"
1056.800000000,REPLAN_REQUESTED,"{""message"": ""Replanning request. curr_vertex_idx: 31"", ""wall_time_utc"": ""2026-09-01T09:49:40.821704+00:00""}"
1062.500000000,LOCAL_REPLAN,"{""message"": ""Call local replanning..."", ""wall_time_utc"": ""2026-09-01T09:49:46.550275+00:00""}"
1062.600000000,REPLAN_REQUESTED,"{""message"": ""Replanning request. curr_vertex_idx: 31"", ""wall_time_utc"": ""2026-09-01T09:49:46.552378+00:00""}"
1069.000000000,LOCAL_REPLAN,"{""message"": ""Call local replanning..."", ""wall_time_utc"": ""2026-09-01T09:49:52.974992+00:00""}"
1069.000000000,REPLAN_REQUESTED,"{""message"": ""Replanning request. curr_vertex_idx: 31"", ""wall_time_utc"": ""2026-09-01T09:49:52.977035+00:00""}"
1074.500000000,LOCAL_REPLAN,"{""message"": ""Call local replanning..."", ""wall_time_utc"": ""2026-09-01T09:49:58.526739+00:00""}"
1074.500000000,REPLAN_REQUESTED,"{""message"": ""Replanning request. curr_vertex_idx: 31"", ""wall_time_utc"": ""2026-09-01T09:49:58.529236+00:00""}"
1080.500000000,LOCAL_REPLAN,"{""message"": ""Call local replanning..."", ""wall_time_utc"": ""2026-09-01T09:50:04.480153+00:00""}"
1080.500000000,REPLAN_REQUESTED,"{""message"": ""Replanning request. curr_vertex_idx: 31"", ""wall_time_utc"": ""2026-09-01T09:50:04.482159+00:00""}"
1086.600000000,LOCAL_REPLAN,"{""message"": ""Call local replanning..."", ""wall_time_utc"": ""2026-09-01T09:50:10.645906+00:00""}"
1086.600000000,REPLAN_REQUESTED,"{""message"": ""Replanning request. curr_vertex_idx: 31"", ""wall_time_utc"": ""2026-09-01T09:50:10.648362+00:00""}"
1092.700000000,LOCAL_REPLAN,"{""message"": ""Call local replanning..."", ""wall_time_utc"": ""2026-09-01T09:50:16.670159+00:00""}"
1092.700000000,REPLAN_REQUESTED,"{""message"": ""Replanning request. curr_vertex_idx: 31"", ""wall_time_utc"": ""2026-09-01T09:50:16.672223+00:00""}"
1098.700000000,LOCAL_REPLAN,"{""message"": ""Call local replanning..."", ""wall_time_utc"": ""2026-09-01T09:50:22.694931+00:00""}"
1098.700000000,REPLAN_REQUESTED,"{""message"": ""Replanning request. curr_vertex_idx: 31"", ""wall_time_utc"": ""2026-09-01T09:50:22.696903+00:00""}"
1104.700000000,LOCAL_REPLAN,"{""message"": ""Call local replanning..."", ""wall_time_utc"": ""2026-09-01T09:50:28.665011+00:00""}"
1104.700000000,REPLAN_REQUESTED,"{""message"": ""Replanning request. curr_vertex_idx: 31"", ""wall_time_utc"": ""2026-09-01T09:50:28.667013+00:00""}"
1110.900000000,LOCAL_REPLAN,"{""message"": ""Call local replanning..."", ""wall_time_utc"": ""2026-09-01T09:50:34.858303+00:00""}"
1110.900000000,REPLAN_REQUESTED,"{""message"": ""Replanning request. curr_vertex_idx: 31"", ""wall_time_utc"": ""2026-09-01T09:50:34.859997+00:00""}"
1116.700000000,LOCAL_REPLAN,"{""message"": ""Call local replanning..."", ""wall_time_utc"": ""2026-09-01T09:50:40.673838+00:00""}"
1116.700000000,REPLAN_REQUESTED,"{""message"": ""Replanning request. curr_vertex_idx: 31"", ""wall_time_utc"": ""2026-09-01T09:50:40.675537+00:00""}"
1122.700000000,LOCAL_REPLAN,"{""message"": ""Call local replanning..."", ""wall_time_utc"": ""2026-09-01T09:50:46.682483+00:00""}"
1122.700000000,REPLAN_REQUESTED,"{""message"": ""Replanning request. curr_vertex_idx: 31"", ""wall_time_utc"": ""2026-09-01T09:50:46.684769+00:00""}"
1128.500000000,LOCAL_REPLAN,"{""message"": ""Call local replanning..."", ""wall_time_utc"": ""2026-09-01T09:50:52.521628+00:00""}"
1128.500000000,REPLAN_REQUESTED,"{""message"": ""Replanning request. curr_vertex_idx: 31"", ""wall_time_utc"": ""2026-09-01T09:50:52.524203+00:00""}"
1134.900000000,LOCAL_REPLAN,"{""message"": ""Call local replanning..."", ""wall_time_utc"": ""2026-09-01T09:50:58.861138+00:00""}"
1134.900000000,REPLAN_REQUESTED,"{""message"": ""Replanning request. curr_vertex_idx: 31"", ""wall_time_utc"": ""2026-09-01T09:50:58.862646+00:00""}"
1140.700000000,LOCAL_REPLAN,"{""message"": ""Call local replanning..."", ""wall_time_utc"": ""2026-09-01T09:51:04.683084+00:00""}"
1140.700000000,REPLAN_REQUESTED,"{""message"": ""Replanning request. curr_vertex_idx: 31"", ""wall_time_utc"": ""2026-09-01T09:51:04.685223+00:00""}"
1147.000000000,LOCAL_REPLAN,"{""message"": ""Call local replanning..."", ""wall_time_utc"": ""2026-09-01T09:51:11.012719+00:00""}"
1147.000000000,REPLAN_REQUESTED,"{""message"": ""Replanning request. curr_vertex_idx: 31"", ""wall_time_utc"": ""2026-09-01T09:51:11.014774+00:00""}"
1152.700000000,LOCAL_REPLAN,"{""message"": ""Call local replanning..."", ""wall_time_utc"": ""2026-09-01T09:51:16.699160+00:00""}"
1152.700000000,REPLAN_REQUESTED,"{""message"": ""Replanning request. curr_vertex_idx: 31"", ""wall_time_utc"": ""2026-09-01T09:51:16.701291+00:00""}"
1158.700000000,LOCAL_REPLAN,"{""message"": ""Call local replanning..."", ""wall_time_utc"": ""2026-09-01T09:51:22.706691+00:00""}"
1158.700000000,REPLAN_REQUESTED,"{""message"": ""Replanning request. curr_vertex_idx: 31"", ""wall_time_utc"": ""2026-09-01T09:51:22.709124+00:00""}"
1164.500000000,LOCAL_REPLAN,"{""message"": ""Call local replanning..."", ""wall_time_utc"": ""2026-09-01T09:51:28.522929+00:00""}"
1164.500000000,REPLAN_REQUESTED,"{""message"": ""Replanning request. curr_vertex_idx: 31"", ""wall_time_utc"": ""2026-09-01T09:51:28.525384+00:00""}"
1170.700000000,LOCAL_REPLAN,"{""message"": ""Call local replanning..."", ""wall_time_utc"": ""2026-09-01T09:51:34.716590+00:00""}"
1170.700000000,REPLAN_REQUESTED,"{""message"": ""Replanning request. curr_vertex_idx: 31"", ""wall_time_utc"": ""2026-09-01T09:51:34.718467+00:00""}"
1176.700000000,LOCAL_REPLAN,"{""message"": ""Call local replanning..."", ""wall_time_utc"": ""2026-09-01T09:51:40.721974+00:00""}"
1176.700000000,REPLAN_REQUESTED,"{""message"": ""Replanning request. curr_vertex_idx: 31"", ""wall_time_utc"": ""2026-09-01T09:51:40.724164+00:00""}"
1182.600000000,LOCAL_REPLAN,"{""message"": ""Call local replanning..."", ""wall_time_utc"": ""2026-09-01T09:51:46.608993+00:00""}"
1182.600000000,REPLAN_REQUESTED,"{""message"": ""Replanning request. curr_vertex_idx: 31"", ""wall_time_utc"": ""2026-09-01T09:51:46.611024+00:00""}"
1188.700000000,LOCAL_REPLAN,"{""message"": ""Call local replanning..."", ""wall_time_utc"": ""2026-09-01T09:51:52.684122+00:00""}"
1188.700000000,REPLAN_REQUESTED,"{""message"": ""Replanning request. curr_vertex_idx: 31"", ""wall_time_utc"": ""2026-09-01T09:51:52.686287+00:00""}"
1194.500000000,LOCAL_REPLAN,"{""message"": ""Call local replanning..."", ""wall_time_utc"": ""2026-09-01T09:51:58.543074+00:00""}"
1194.500000000,REPLAN_REQUESTED,"{""message"": ""Replanning request. curr_vertex_idx: 31"", ""wall_time_utc"": ""2026-09-01T09:51:58.545234+00:00""}"
1200.900000000,LOCAL_REPLAN,"{""message"": ""Call local replanning..."", ""wall_time_utc"": ""2026-09-01T09:52:04.890668+00:00""}"
1200.900000000,REPLAN_REQUESTED,"{""message"": ""Replanning request. curr_vertex_idx: 31"", ""wall_time_utc"": ""2026-09-01T09:52:04.892686+00:00""}"
1206.500000000,LOCAL_REPLAN,"{""message"": ""Call local replanning..."", ""wall_time_utc"": ""2026-09-01T09:52:10.539615+00:00""}"
1206.500000000,REPLAN_REQUESTED,"{""message"": ""Replanning request. curr_vertex_idx: 31"", ""wall_time_utc"": ""2026-09-01T09:52:10.578391+00:00""}"
1211.400000000,KARTO_LOOP_CONSTRAINT,"{""message"": ""Add one Loop closure. 5 loops have been added."", ""wall_time_utc"": ""2026-09-01T09:52:15.379470+00:00""}"
1211.400000000,KARTO_LOOP_ACCEPTED,"{""chain_end"": 596, ""chain_start"": 593, ""current_scan"": 866, ""loop_count"": 5, ""received_ros_time"": 1211.4, ""received_wall_time_utc"": ""2026-09-01T09:52:15.379756+00:00"", ""seq"": 5, ""stamp"": 1211.4, ""wall_time_utc"": ""2026-09-01T09:52:15.379772+00:00""}"
1212.700000000,LOCAL_REPLAN,"{""message"": ""Call local replanning..."", ""wall_time_utc"": ""2026-09-01T09:52:16.696537+00:00""}"
1212.700000000,REPLAN_REQUESTED,"{""message"": ""Replanning request. curr_vertex_idx: 31"", ""wall_time_utc"": ""2026-09-01T09:52:16.698539+00:00""}"
1218.700000000,LOCAL_REPLAN,"{""message"": ""Call local replanning..."", ""wall_time_utc"": ""2026-09-01T09:52:22.709227+00:00""}"
1218.700000000,REPLAN_REQUESTED,"{""message"": ""Replanning request. curr_vertex_idx: 31"", ""wall_time_utc"": ""2026-09-01T09:52:22.711734+00:00""}"
1224.700000000,LOCAL_REPLAN,"{""message"": ""Call local replanning..."", ""wall_time_utc"": ""2026-09-01T09:52:28.725105+00:00""}"
1224.700000000,REPLAN_REQUESTED,"{""message"": ""Replanning request. curr_vertex_idx: 31"", ""wall_time_utc"": ""2026-09-01T09:52:28.727570+00:00""}"
1230.900000000,LOCAL_REPLAN,"{""message"": ""Call local replanning..."", ""wall_time_utc"": ""2026-09-01T09:52:34.870456+00:00""}"
1230.900000000,REPLAN_REQUESTED,"{""message"": ""Replanning request. curr_vertex_idx: 31"", ""wall_time_utc"": ""2026-09-01T09:52:34.872475+00:00""}"
1236.700000000,LOCAL_REPLAN,"{""message"": ""Call local replanning..."", ""wall_time_utc"": ""2026-09-01T09:52:40.675419+00:00""}"
1236.700000000,REPLAN_REQUESTED,"{""message"": ""Replanning request. curr_vertex_idx: 31"", ""wall_time_utc"": ""2026-09-01T09:52:40.677291+00:00""}"
1241.900000000,LOCAL_REPLAN,"{""message"": ""Call local replanning..."", ""wall_time_utc"": ""2026-09-01T09:52:45.902578+00:00""}"
1241.900000000,REPLAN_REQUESTED,"{""message"": ""Replanning request. curr_vertex_idx: 31"", ""wall_time_utc"": ""2026-09-01T09:52:45.904305+00:00""}"
1247.800000000,LOCAL_REPLAN,"{""message"": ""Call local replanning..."", ""wall_time_utc"": ""2026-09-01T09:52:51.850379+00:00""}"
1247.900000000,REPLAN_REQUESTED,"{""message"": ""Replanning request. curr_vertex_idx: 31"", ""wall_time_utc"": ""2026-09-01T09:52:51.852138+00:00""}"
1253.500000000,LOCAL_REPLAN,"{""message"": ""Call local replanning..."", ""wall_time_utc"": ""2026-09-01T09:52:57.533392+00:00""}"
1253.500000000,REPLAN_REQUESTED,"{""message"": ""Replanning request. curr_vertex_idx: 31"", ""wall_time_utc"": ""2026-09-01T09:52:57.535424+00:00""}"
1259.800000000,LOCAL_REPLAN,"{""message"": ""Call local replanning..."", ""wall_time_utc"": ""2026-09-01T09:53:03.850469+00:00""}"
1259.900000000,REPLAN_REQUESTED,"{""message"": ""Replanning request. curr_vertex_idx: 31"", ""wall_time_utc"": ""2026-09-01T09:53:03.852246+00:00""}"
1265.600000000,LOCAL_REPLAN,"{""message"": ""Call local replanning..."", ""wall_time_utc"": ""2026-09-01T09:53:09.624792+00:00""}"
1265.600000000,REPLAN_REQUESTED,"{""message"": ""Replanning request. curr_vertex_idx: 31"", ""wall_time_utc"": ""2026-09-01T09:53:09.627061+00:00""}"
1271.700000000,LOCAL_REPLAN,"{""message"": ""Call local replanning..."", ""wall_time_utc"": ""2026-09-01T09:53:15.675087+00:00""}"
1271.700000000,REPLAN_REQUESTED,"{""message"": ""Replanning request. curr_vertex_idx: 31"", ""wall_time_utc"": ""2026-09-01T09:53:15.677271+00:00""}"
1277.700000000,LOCAL_REPLAN,"{""message"": ""Call local replanning..."", ""wall_time_utc"": ""2026-09-01T09:53:21.699765+00:00""}"
1277.700000000,REPLAN_REQUESTED,"{""message"": ""Replanning request. curr_vertex_idx: 31"", ""wall_time_utc"": ""2026-09-01T09:53:21.701946+00:00""}"
1283.500000000,LOCAL_REPLAN,"{""message"": ""Call local replanning..."", ""wall_time_utc"": ""2026-09-01T09:53:27.545185+00:00""}"
1283.500000000,REPLAN_REQUESTED,"{""message"": ""Replanning request. curr_vertex_idx: 31"", ""wall_time_utc"": ""2026-09-01T09:53:27.547190+00:00""}"
1289.900000000,LOCAL_REPLAN,"{""message"": ""Call local replanning..."", ""wall_time_utc"": ""2026-09-01T09:53:33.900127+00:00""}"
1289.900000000,REPLAN_REQUESTED,"{""message"": ""Replanning request. curr_vertex_idx: 31"", ""wall_time_utc"": ""2026-09-01T09:53:33.901927+00:00""}"
1293.900000000,LOCAL_REPLAN,"{""message"": ""Call local replanning..."", ""wall_time_utc"": ""2026-09-01T09:53:37.881290+00:00""}"
1293.900000000,REPLAN_REQUESTED,"{""message"": ""Replanning request. curr_vertex_idx: 31"", ""wall_time_utc"": ""2026-09-01T09:53:37.883390+00:00""}"
1295.900000000,LOCAL_REPLAN,"{""message"": ""Call local replanning..."", ""wall_time_utc"": ""2026-09-01T09:53:39.870560+00:00""}"
1295.900000000,REPLAN_REQUESTED,"{""message"": ""Replanning request. curr_vertex_idx: 31"", ""wall_time_utc"": ""2026-09-01T09:53:39.872720+00:00""}"
1301.700000000,LOCAL_REPLAN,"{""message"": ""Call local replanning..."", ""wall_time_utc"": ""2026-09-01T09:53:45.732592+00:00""}"
1301.700000000,REPLAN_REQUESTED,"{""message"": ""Replanning request. curr_vertex_idx: 31"", ""wall_time_utc"": ""2026-09-01T09:53:45.734760+00:00""}"
1307.700000000,LOCAL_REPLAN,"{""message"": ""Call local replanning..."", ""wall_time_utc"": ""2026-09-01T09:53:51.658694+00:00""}"
1307.700000000,REPLAN_REQUESTED,"{""message"": ""Replanning request. curr_vertex_idx: 31"", ""wall_time_utc"": ""2026-09-01T09:53:51.660386+00:00""}"
1313.500000000,LOCAL_REPLAN,"{""message"": ""Call local replanning..."", ""wall_time_utc"": ""2026-09-01T09:53:57.532675+00:00""}"
1313.500000000,REPLAN_REQUESTED,"{""message"": ""Replanning request. curr_vertex_idx: 31"", ""wall_time_utc"": ""2026-09-01T09:53:57.534823+00:00""}"
1319.800000000,LOCAL_REPLAN,"{""message"": ""Call local replanning..."", ""wall_time_utc"": ""2026-09-01T09:54:03.803968+00:00""}"
1319.800000000,REPLAN_REQUESTED,"{""message"": ""Replanning request. curr_vertex_idx: 31"", ""wall_time_utc"": ""2026-09-01T09:54:03.805905+00:00""}"
1325.700000000,LOCAL_REPLAN,"{""message"": ""Call local replanning..."", ""wall_time_utc"": ""2026-09-01T09:54:09.687339+00:00""}"
1325.700000000,REPLAN_REQUESTED,"{""message"": ""Replanning request. curr_vertex_idx: 31"", ""wall_time_utc"": ""2026-09-01T09:54:09.689465+00:00""}"
1331.900000000,LOCAL_REPLAN,"{""message"": ""Call local replanning..."", ""wall_time_utc"": ""2026-09-01T09:54:15.931766+00:00""}"
1331.900000000,REPLAN_REQUESTED,"{""message"": ""Replanning request. curr_vertex_idx: 31"", ""wall_time_utc"": ""2026-09-01T09:54:15.933775+00:00""}"
1337.900000000,LOCAL_REPLAN,"{""message"": ""Call local replanning..."", ""wall_time_utc"": ""2026-09-01T09:54:21.901948+00:00""}"
1337.900000000,REPLAN_REQUESTED,"{""message"": ""Replanning request. curr_vertex_idx: 31"", ""wall_time_utc"": ""2026-09-01T09:54:21.904098+00:00""}"
1344.100000000,LOCAL_REPLAN,"{""message"": ""Call local replanning..."", ""wall_time_utc"": ""2026-09-01T09:54:28.063851+00:00""}"
1344.100000000,REPLAN_REQUESTED,"{""message"": ""Replanning request. curr_vertex_idx: 31"", ""wall_time_utc"": ""2026-09-01T09:54:28.065819+00:00""}"
1350.100000000,LOCAL_REPLAN,"{""message"": ""Call local replanning..."", ""wall_time_utc"": ""2026-09-01T09:54:34.059742+00:00""}"
1350.100000000,REPLAN_REQUESTED,"{""message"": ""Replanning request. curr_vertex_idx: 31"", ""wall_time_utc"": ""2026-09-01T09:54:34.061375+00:00""}"
1355.700000000,LOCAL_REPLAN,"{""message"": ""Call local replanning..."", ""wall_time_utc"": ""2026-09-01T09:54:39.742448+00:00""}"
1355.700000000,REPLAN_REQUESTED,"{""message"": ""Replanning request. curr_vertex_idx: 31"", ""wall_time_utc"": ""2026-09-01T09:54:39.744530+00:00""}"
1361.900000000,LOCAL_REPLAN,"{""message"": ""Call local replanning..."", ""wall_time_utc"": ""2026-09-01T09:54:45.910544+00:00""}"
1361.900000000,REPLAN_REQUESTED,"{""message"": ""Replanning request. curr_vertex_idx: 31"", ""wall_time_utc"": ""2026-09-01T09:54:45.912417+00:00""}"
1367.900000000,LOCAL_REPLAN,"{""message"": ""Call local replanning..."", ""wall_time_utc"": ""2026-09-01T09:54:51.887787+00:00""}"
1367.900000000,REPLAN_REQUESTED,"{""message"": ""Replanning request. curr_vertex_idx: 31"", ""wall_time_utc"": ""2026-09-01T09:54:51.889861+00:00""}"
1373.700000000,LOCAL_REPLAN,"{""message"": ""Call local replanning..."", ""wall_time_utc"": ""2026-09-01T09:54:57.684347+00:00""}"
1373.700000000,REPLAN_REQUESTED,"{""message"": ""Replanning request. curr_vertex_idx: 31"", ""wall_time_utc"": ""2026-09-01T09:54:57.686513+00:00""}"
1379.700000000,LOCAL_REPLAN,"{""message"": ""Call local replanning..."", ""wall_time_utc"": ""2026-09-01T09:55:03.737978+00:00""}"
1379.700000000,REPLAN_REQUESTED,"{""message"": ""Replanning request. curr_vertex_idx: 31"", ""wall_time_utc"": ""2026-09-01T09:55:03.739949+00:00""}"
1385.500000000,LOCAL_REPLAN,"{""message"": ""Call local replanning..."", ""wall_time_utc"": ""2026-09-01T09:55:09.501983+00:00""}"
1385.500000000,REPLAN_REQUESTED,"{""message"": ""Replanning request. curr_vertex_idx: 31"", ""wall_time_utc"": ""2026-09-01T09:55:09.504256+00:00""}"
1391.900000000,LOCAL_REPLAN,"{""message"": ""Call local replanning..."", ""wall_time_utc"": ""2026-09-01T09:55:15.898563+00:00""}"
1391.900000000,REPLAN_REQUESTED,"{""message"": ""Replanning request. curr_vertex_idx: 31"", ""wall_time_utc"": ""2026-09-01T09:55:15.900384+00:00""}"
1393.900000000,KARTO_LOOP_CONSTRAINT,"{""message"": ""Add one Loop closure. 6 loops have been added."", ""wall_time_utc"": ""2026-09-01T09:55:17.909500+00:00""}"
1393.900000000,KARTO_LOOP_ACCEPTED,"{""chain_end"": 806, ""chain_start"": 799, ""current_scan"": 980, ""loop_count"": 6, ""received_ros_time"": 1393.9, ""received_wall_time_utc"": ""2026-09-01T09:55:17.909615+00:00"", ""seq"": 6, ""stamp"": 1393.9, ""wall_time_utc"": ""2026-09-01T09:55:17.909640+00:00""}"
1397.500000000,LOCAL_REPLAN,"{""message"": ""Call local replanning..."", ""wall_time_utc"": ""2026-09-01T09:55:21.540948+00:00""}"
1397.500000000,REPLAN_REQUESTED,"{""message"": ""Replanning request. curr_vertex_idx: 31"", ""wall_time_utc"": ""2026-09-01T09:55:21.543276+00:00""}"
1403.700000000,LOCAL_REPLAN,"{""message"": ""Call local replanning..."", ""wall_time_utc"": ""2026-09-01T09:55:27.738070+00:00""}"
1403.700000000,REPLAN_REQUESTED,"{""message"": ""Replanning request. curr_vertex_idx: 31"", ""wall_time_utc"": ""2026-09-01T09:55:27.740253+00:00""}"
1409.600000000,LOCAL_REPLAN,"{""message"": ""Call local replanning..."", ""wall_time_utc"": ""2026-09-01T09:55:33.594616+00:00""}"
1409.600000000,REPLAN_REQUESTED,"{""message"": ""Replanning request. curr_vertex_idx: 31"", ""wall_time_utc"": ""2026-09-01T09:55:33.596807+00:00""}"
1415.700000000,LOCAL_REPLAN,"{""message"": ""Call local replanning..."", ""wall_time_utc"": ""2026-09-01T09:55:39.742986+00:00""}"
1415.700000000,REPLAN_REQUESTED,"{""message"": ""Replanning request. curr_vertex_idx: 31"", ""wall_time_utc"": ""2026-09-01T09:55:39.744991+00:00""}"
1421.800000000,LOCAL_REPLAN,"{""message"": ""Call local replanning..."", ""wall_time_utc"": ""2026-09-01T09:55:45.756113+00:00""}"
1421.800000000,REPLAN_REQUESTED,"{""message"": ""Replanning request. curr_vertex_idx: 31"", ""wall_time_utc"": ""2026-09-01T09:55:45.758025+00:00""}"
1427.800000000,LOCAL_REPLAN,"{""message"": ""Call local replanning..."", ""wall_time_utc"": ""2026-09-01T09:55:51.803774+00:00""}"
1427.800000000,REPLAN_REQUESTED,"{""message"": ""Replanning request. curr_vertex_idx: 31"", ""wall_time_utc"": ""2026-09-01T09:55:51.805615+00:00""}"
1433.500000000,LOCAL_REPLAN,"{""message"": ""Call local replanning..."", ""wall_time_utc"": ""2026-09-01T09:55:57.536170+00:00""}"
1433.500000000,REPLAN_REQUESTED,"{""message"": ""Replanning request. curr_vertex_idx: 31"", ""wall_time_utc"": ""2026-09-01T09:55:57.537789+00:00""}"
1435.700000000,LOCAL_REPLAN,"{""message"": ""Call local replanning..."", ""wall_time_utc"": ""2026-09-01T09:55:59.748157+00:00""}"
1435.700000000,REPLAN_REQUESTED,"{""message"": ""Replanning request. curr_vertex_idx: 31"", ""wall_time_utc"": ""2026-09-01T09:55:59.749936+00:00""}"
1441.800000000,LOCAL_REPLAN,"{""message"": ""Call local replanning..."", ""wall_time_utc"": ""2026-09-01T09:56:05.760711+00:00""}"
1441.800000000,REPLAN_REQUESTED,"{""message"": ""Replanning request. curr_vertex_idx: 31"", ""wall_time_utc"": ""2026-09-01T09:56:05.762543+00:00""}"
1443.800000000,LOCAL_REPLAN,"{""message"": ""Call local replanning..."", ""wall_time_utc"": ""2026-09-01T09:56:07.760266+00:00""}"
1443.800000000,REPLAN_REQUESTED,"{""message"": ""Replanning request. curr_vertex_idx: 31"", ""wall_time_utc"": ""2026-09-01T09:56:07.761909+00:00""}"
1450.000000000,LOCAL_REPLAN,"{""message"": ""Call local replanning..."", ""wall_time_utc"": ""2026-09-01T09:56:13.991539+00:00""}"
1450.000000000,REPLAN_REQUESTED,"{""message"": ""Replanning request. curr_vertex_idx: 31"", ""wall_time_utc"": ""2026-09-01T09:56:13.993339+00:00""}"
1455.700000000,LOCAL_REPLAN,"{""message"": ""Call local replanning..."", ""wall_time_utc"": ""2026-09-01T09:56:19.675089+00:00""}"
1455.700000000,REPLAN_REQUESTED,"{""message"": ""Replanning request. curr_vertex_idx: 31"", ""wall_time_utc"": ""2026-09-01T09:56:19.677033+00:00""}"
1461.600000000,LOCAL_REPLAN,"{""message"": ""Call local replanning..."", ""wall_time_utc"": ""2026-09-01T09:56:25.557034+00:00""}"
1461.600000000,REPLAN_REQUESTED,"{""message"": ""Replanning request. curr_vertex_idx: 31"", ""wall_time_utc"": ""2026-09-01T09:56:25.559073+00:00""}"
1467.800000000,LOCAL_REPLAN,"{""message"": ""Call local replanning..."", ""wall_time_utc"": ""2026-09-01T09:56:31.768890+00:00""}"
1467.800000000,REPLAN_REQUESTED,"{""message"": ""Replanning request. curr_vertex_idx: 31"", ""wall_time_utc"": ""2026-09-01T09:56:31.798287+00:00""}"
1473.600000000,LOCAL_REPLAN,"{""message"": ""Call local replanning..."", ""wall_time_utc"": ""2026-09-01T09:56:37.554344+00:00""}"
1473.600000000,REPLAN_REQUESTED,"{""message"": ""Replanning request. curr_vertex_idx: 31"", ""wall_time_utc"": ""2026-09-01T09:56:37.556335+00:00""}"
1477.700000000,KARTO_LOOP_CONSTRAINT,"{""message"": ""Add one Loop closure. 7 loops have been added."", ""wall_time_utc"": ""2026-09-01T09:56:41.729854+00:00""}"
1477.700000000,KARTO_LOOP_ACCEPTED,"{""chain_end"": 337, ""chain_start"": 333, ""current_scan"": 1049, ""loop_count"": 7, ""received_ros_time"": 1477.7, ""received_wall_time_utc"": ""2026-09-01T09:56:41.729971+00:00"", ""seq"": 7, ""stamp"": 1477.7, ""wall_time_utc"": ""2026-09-01T09:56:41.729999+00:00""}"
1479.500000000,LOCAL_REPLAN,"{""message"": ""Call local replanning..."", ""wall_time_utc"": ""2026-09-01T09:56:43.545656+00:00""}"
1479.500000000,REPLAN_REQUESTED,"{""message"": ""Replanning request. curr_vertex_idx: 31"", ""wall_time_utc"": ""2026-09-01T09:56:43.547717+00:00""}"
1485.900000000,LOCAL_REPLAN,"{""message"": ""Call local replanning..."", ""wall_time_utc"": ""2026-09-01T09:56:49.928126+00:00""}"
1485.900000000,REPLAN_REQUESTED,"{""message"": ""Replanning request. curr_vertex_idx: 31"", ""wall_time_utc"": ""2026-09-01T09:56:49.930101+00:00""}"
1491.500000000,LOCAL_REPLAN,"{""message"": ""Call local replanning..."", ""wall_time_utc"": ""2026-09-01T09:56:55.532254+00:00""}"
1491.500000000,REPLAN_REQUESTED,"{""message"": ""Replanning request. curr_vertex_idx: 31"", ""wall_time_utc"": ""2026-09-01T09:56:55.534058+00:00""}"
1498.000000000,LOCAL_REPLAN,"{""message"": ""Call local replanning..."", ""wall_time_utc"": ""2026-09-01T09:57:02.007273+00:00""}"
1498.000000000,REPLAN_REQUESTED,"{""message"": ""Replanning request. curr_vertex_idx: 31"", ""wall_time_utc"": ""2026-09-01T09:57:02.009313+00:00""}"
1504.000000000,LOCAL_REPLAN,"{""message"": ""Call local replanning..."", ""wall_time_utc"": ""2026-09-01T09:57:08.016810+00:00""}"
1504.000000000,REPLAN_REQUESTED,"{""message"": ""Replanning request. curr_vertex_idx: 31"", ""wall_time_utc"": ""2026-09-01T09:57:08.018356+00:00""}"
1509.600000000,LOCAL_REPLAN,"{""message"": ""Call local replanning..."", ""wall_time_utc"": ""2026-09-01T09:57:13.562104+00:00""}"
1509.600000000,REPLAN_REQUESTED,"{""message"": ""Replanning request. curr_vertex_idx: 31"", ""wall_time_utc"": ""2026-09-01T09:57:13.564055+00:00""}"
1515.800000000,LOCAL_REPLAN,"{""message"": ""Call local replanning..."", ""wall_time_utc"": ""2026-09-01T09:57:19.782348+00:00""}"
1515.800000000,REPLAN_REQUESTED,"{""message"": ""Replanning request. curr_vertex_idx: 31"", ""wall_time_utc"": ""2026-09-01T09:57:19.784515+00:00""}"
1522.000000000,LOCAL_REPLAN,"{""message"": ""Call local replanning..."", ""wall_time_utc"": ""2026-09-01T09:57:26.019055+00:00""}"
1522.000000000,REPLAN_REQUESTED,"{""message"": ""Replanning request. curr_vertex_idx: 31"", ""wall_time_utc"": ""2026-09-01T09:57:26.021143+00:00""}"
1527.800000000,LOCAL_REPLAN,"{""message"": ""Call local replanning..."", ""wall_time_utc"": ""2026-09-01T09:57:31.835432+00:00""}"
1527.800000000,REPLAN_REQUESTED,"{""message"": ""Replanning request. curr_vertex_idx: 31"", ""wall_time_utc"": ""2026-09-01T09:57:31.837404+00:00""}"
1534.000000000,LOCAL_REPLAN,"{""message"": ""Call local replanning..."", ""wall_time_utc"": ""2026-09-01T09:57:37.958848+00:00""}"
1534.000000000,REPLAN_REQUESTED,"{""message"": ""Replanning request. curr_vertex_idx: 31"", ""wall_time_utc"": ""2026-09-01T09:57:37.960275+00:00""}"
1540.000000000,LOCAL_REPLAN,"{""message"": ""Call local replanning..."", ""wall_time_utc"": ""2026-09-01T09:57:44.012946+00:00""}"
1540.000000000,REPLAN_REQUESTED,"{""message"": ""Replanning request. curr_vertex_idx: 31"", ""wall_time_utc"": ""2026-09-01T09:57:44.015040+00:00""}"
1545.900000000,LOCAL_REPLAN,"{""message"": ""Call local replanning..."", ""wall_time_utc"": ""2026-09-01T09:57:49.943871+00:00""}"
1545.900000000,REPLAN_REQUESTED,"{""message"": ""Replanning request. curr_vertex_idx: 31"", ""wall_time_utc"": ""2026-09-01T09:57:49.945892+00:00""}"
1548.800000000,LOCAL_REPLAN,"{""message"": ""Call local replanning..."", ""wall_time_utc"": ""2026-09-01T09:57:52.779540+00:00""}"
1548.800000000,REPLAN_REQUESTED,"{""message"": ""Replanning request. curr_vertex_idx: 31"", ""wall_time_utc"": ""2026-09-01T09:57:52.781634+00:00""}"
1552.900000000,LOCAL_REPLAN,"{""message"": ""Call local replanning..."", ""wall_time_utc"": ""2026-09-01T09:57:56.947911+00:00""}"
1552.900000000,REPLAN_REQUESTED,"{""message"": ""Replanning request. curr_vertex_idx: 31"", ""wall_time_utc"": ""2026-09-01T09:57:56.949920+00:00""}"
1558.600000000,LOCAL_REPLAN,"{""message"": ""Call local replanning..."", ""wall_time_utc"": ""2026-09-01T09:58:02.569945+00:00""}"
1558.600000000,REPLAN_REQUESTED,"{""message"": ""Replanning request. curr_vertex_idx: 31"", ""wall_time_utc"": ""2026-09-01T09:58:02.571571+00:00""}"
1564.700000000,LOCAL_REPLAN,"{""message"": ""Call local replanning..."", ""wall_time_utc"": ""2026-09-01T09:58:08.719691+00:00""}"
1564.700000000,REPLAN_REQUESTED,"{""message"": ""Replanning request. curr_vertex_idx: 31"", ""wall_time_utc"": ""2026-09-01T09:58:08.721690+00:00""}"
1570.600000000,LOCAL_REPLAN,"{""message"": ""Call local replanning..."", ""wall_time_utc"": ""2026-09-01T09:58:14.621528+00:00""}"
1570.600000000,REPLAN_REQUESTED,"{""message"": ""Replanning request. curr_vertex_idx: 31"", ""wall_time_utc"": ""2026-09-01T09:58:14.623625+00:00""}"
1575.700000000,KARTO_LOOP_ACCEPTED,"{""chain_end"": 1131, ""chain_start"": 1127, ""current_scan"": 1148, ""loop_count"": 8, ""received_ros_time"": 1575.7, ""received_wall_time_utc"": ""2026-09-01T09:58:19.683268+00:00"", ""seq"": 8, ""stamp"": 1575.7, ""wall_time_utc"": ""2026-09-01T09:58:19.683287+00:00""}"
1575.700000000,KARTO_LOOP_CONSTRAINT,"{""message"": ""Add one Loop closure. 8 loops have been added."", ""wall_time_utc"": ""2026-09-01T09:58:19.683491+00:00""}"
1576.600000000,LOCAL_REPLAN,"{""message"": ""Call local replanning..."", ""wall_time_utc"": ""2026-09-01T09:58:20.555744+00:00""}"
1576.600000000,REPLAN_REQUESTED,"{""message"": ""Replanning request. curr_vertex_idx: 31"", ""wall_time_utc"": ""2026-09-01T09:58:20.557355+00:00""}"
1582.600000000,LOCAL_REPLAN,"{""message"": ""Call local replanning..."", ""wall_time_utc"": ""2026-09-01T09:58:26.552648+00:00""}"
1582.600000000,REPLAN_REQUESTED,"{""message"": ""Replanning request. curr_vertex_idx: 31"", ""wall_time_utc"": ""2026-09-01T09:58:26.554489+00:00""}"
1588.800000000,LOCAL_REPLAN,"{""message"": ""Call local replanning..."", ""wall_time_utc"": ""2026-09-01T09:58:32.788989+00:00""}"
1588.800000000,REPLAN_REQUESTED,"{""message"": ""Replanning request. curr_vertex_idx: 31"", ""wall_time_utc"": ""2026-09-01T09:58:32.791200+00:00""}"
1595.000000000,LOCAL_REPLAN,"{""message"": ""Call local replanning..."", ""wall_time_utc"": ""2026-09-01T09:58:38.964372+00:00""}"
1595.000000000,REPLAN_REQUESTED,"{""message"": ""Replanning request. curr_vertex_idx: 31"", ""wall_time_utc"": ""2026-09-01T09:58:38.966276+00:00""}"
1601.000000000,LOCAL_REPLAN,"{""message"": ""Call local replanning..."", ""wall_time_utc"": ""2026-09-01T09:58:45.040070+00:00""}"
1601.000000000,REPLAN_REQUESTED,"{""message"": ""Replanning request. curr_vertex_idx: 31"", ""wall_time_utc"": ""2026-09-01T09:58:45.041871+00:00""}"
1603.200000000,LOCAL_REPLAN,"{""message"": ""Call local replanning..."", ""wall_time_utc"": ""2026-09-01T09:58:47.207156+00:00""}"
1603.200000000,REPLAN_REQUESTED,"{""message"": ""Replanning request. curr_vertex_idx: 31"", ""wall_time_utc"": ""2026-09-01T09:58:47.209326+00:00""}"
1608.000000000,LOCAL_REPLAN,"{""message"": ""Call local replanning..."", ""wall_time_utc"": ""2026-09-01T09:58:52.036605+00:00""}"
1608.000000000,REPLAN_REQUESTED,"{""message"": ""Replanning request. curr_vertex_idx: 31"", ""wall_time_utc"": ""2026-09-01T09:58:52.038556+00:00""}"
1613.700000000,LOCAL_REPLAN,"{""message"": ""Call local replanning..."", ""wall_time_utc"": ""2026-09-01T09:58:57.736372+00:00""}"
1613.700000000,REPLAN_REQUESTED,"{""message"": ""Replanning request. curr_vertex_idx: 31"", ""wall_time_utc"": ""2026-09-01T09:58:57.738230+00:00""}"
1619.900000000,LOCAL_REPLAN,"{""message"": ""Call local replanning..."", ""wall_time_utc"": ""2026-09-01T09:59:03.865923+00:00""}"
1619.900000000,REPLAN_REQUESTED,"{""message"": ""Replanning request. curr_vertex_idx: 31"", ""wall_time_utc"": ""2026-09-01T09:59:03.867344+00:00""}"
1625.600000000,LOCAL_REPLAN,"{""message"": ""Call local replanning..."", ""wall_time_utc"": ""2026-09-01T09:59:09.560627+00:00""}"
1625.600000000,REPLAN_REQUESTED,"{""message"": ""Replanning request. curr_vertex_idx: 31"", ""wall_time_utc"": ""2026-09-01T09:59:09.562184+00:00""}"
1631.700000000,LOCAL_REPLAN,"{""message"": ""Call local replanning..."", ""wall_time_utc"": ""2026-09-01T09:59:15.708707+00:00""}"
1631.700000000,REPLAN_REQUESTED,"{""message"": ""Replanning request. curr_vertex_idx: 31"", ""wall_time_utc"": ""2026-09-01T09:59:15.710878+00:00""}"
1637.700000000,LOCAL_REPLAN,"{""message"": ""Call local replanning..."", ""wall_time_utc"": ""2026-09-01T09:59:21.732034+00:00""}"
1637.700000000,REPLAN_REQUESTED,"{""message"": ""Replanning request. curr_vertex_idx: 31"", ""wall_time_utc"": ""2026-09-01T09:59:21.734081+00:00""}"
1644.100000000,LOCAL_REPLAN,"{""message"": ""Call local replanning..."", ""wall_time_utc"": ""2026-09-01T09:59:28.072660+00:00""}"
1644.100000000,REPLAN_REQUESTED,"{""message"": ""Replanning request. curr_vertex_idx: 31"", ""wall_time_utc"": ""2026-09-01T09:59:28.074490+00:00""}"
1650.000000000,LOCAL_REPLAN,"{""message"": ""Call local replanning..."", ""wall_time_utc"": ""2026-09-01T09:59:33.985595+00:00""}"
1650.000000000,REPLAN_REQUESTED,"{""message"": ""Replanning request. curr_vertex_idx: 31"", ""wall_time_utc"": ""2026-09-01T09:59:33.987997+00:00""}"
1656.000000000,LOCAL_REPLAN,"{""message"": ""Call local replanning..."", ""wall_time_utc"": ""2026-09-01T09:59:40.046112+00:00""}"
1656.000000000,REPLAN_REQUESTED,"{""message"": ""Replanning request. curr_vertex_idx: 31"", ""wall_time_utc"": ""2026-09-01T09:59:40.048489+00:00""}"
1661.700000000,LOCAL_REPLAN,"{""message"": ""Call local replanning..."", ""wall_time_utc"": ""2026-09-01T09:59:45.669444+00:00""}"
1661.700000000,REPLAN_REQUESTED,"{""message"": ""Replanning request. curr_vertex_idx: 31"", ""wall_time_utc"": ""2026-09-01T09:59:45.672025+00:00""}"
1668.100000000,LOCAL_REPLAN,"{""message"": ""Call local replanning..."", ""wall_time_utc"": ""2026-09-01T09:59:52.067307+00:00""}"
1668.100000000,REPLAN_REQUESTED,"{""message"": ""Replanning request. curr_vertex_idx: 31"", ""wall_time_utc"": ""2026-09-01T09:59:52.069013+00:00""}"
1673.600000000,LOCAL_REPLAN,"{""message"": ""Call local replanning..."", ""wall_time_utc"": ""2026-09-01T09:59:57.572714+00:00""}"
1673.600000000,REPLAN_REQUESTED,"{""message"": ""Replanning request. curr_vertex_idx: 31"", ""wall_time_utc"": ""2026-09-01T09:59:57.574932+00:00""}"
1680.200000000,LOCAL_REPLAN,"{""message"": ""Call local replanning..."", ""wall_time_utc"": ""2026-09-01T10:00:04.202066+00:00""}"
1680.200000000,REPLAN_REQUESTED,"{""message"": ""Replanning request. curr_vertex_idx: 31"", ""wall_time_utc"": ""2026-09-01T10:00:04.204272+00:00""}"
1686.500000000,LOCAL_REPLAN,"{""message"": ""Call local replanning..."", ""wall_time_utc"": ""2026-09-01T10:00:10.458329+00:00""}"
1686.500000000,REPLAN_REQUESTED,"{""message"": ""Replanning request. curr_vertex_idx: 31"", ""wall_time_utc"": ""2026-09-01T10:00:10.460104+00:00""}"
1692.000000000,LOCAL_REPLAN,"{""message"": ""Call local replanning..."", ""wall_time_utc"": ""2026-09-01T10:00:15.961658+00:00""}"
1692.000000000,REPLAN_REQUESTED,"{""message"": ""Replanning request. curr_vertex_idx: 31"", ""wall_time_utc"": ""2026-09-01T10:00:15.963716+00:00""}"
1698.100000000,LOCAL_REPLAN,"{""message"": ""Call local replanning..."", ""wall_time_utc"": ""2026-09-01T10:00:22.054042+00:00""}"
1698.100000000,REPLAN_REQUESTED,"{""message"": ""Replanning request. curr_vertex_idx: 31"", ""wall_time_utc"": ""2026-09-01T10:00:22.055893+00:00""}"
1704.100000000,LOCAL_REPLAN,"{""message"": ""Call local replanning..."", ""wall_time_utc"": ""2026-09-01T10:00:28.092703+00:00""}"
1704.100000000,REPLAN_REQUESTED,"{""message"": ""Replanning request. curr_vertex_idx: 31"", ""wall_time_utc"": ""2026-09-01T10:00:28.094609+00:00""}"
1710.000000000,LOCAL_REPLAN,"{""message"": ""Call local replanning..."", ""wall_time_utc"": ""2026-09-01T10:00:33.964213+00:00""}"
1710.000000000,REPLAN_REQUESTED,"{""message"": ""Replanning request. curr_vertex_idx: 31"", ""wall_time_utc"": ""2026-09-01T10:00:33.966056+00:00""}"
1715.800000000,LOCAL_REPLAN,"{""message"": ""Call local replanning..."", ""wall_time_utc"": ""2026-09-01T10:00:39.810923+00:00""}"
1715.800000000,REPLAN_REQUESTED,"{""message"": ""Replanning request. curr_vertex_idx: 31"", ""wall_time_utc"": ""2026-09-01T10:00:39.812842+00:00""}"
1722.000000000,LOCAL_REPLAN,"{""message"": ""Call local replanning..."", ""wall_time_utc"": ""2026-09-01T10:00:45.969546+00:00""}"
1722.000000000,REPLAN_REQUESTED,"{""message"": ""Replanning request. curr_vertex_idx: 31"", ""wall_time_utc"": ""2026-09-01T10:00:45.971181+00:00""}"
1728.100000000,LOCAL_REPLAN,"{""message"": ""Call local replanning..."", ""wall_time_utc"": ""2026-09-01T10:00:52.060313+00:00""}"
1728.100000000,REPLAN_REQUESTED,"{""message"": ""Replanning request. curr_vertex_idx: 31"", ""wall_time_utc"": ""2026-09-01T10:00:52.062458+00:00""}"
1733.800000000,LOCAL_REPLAN,"{""message"": ""Call local replanning..."", ""wall_time_utc"": ""2026-09-01T10:00:57.836612+00:00""}"
1733.800000000,REPLAN_REQUESTED,"{""message"": ""Replanning request. curr_vertex_idx: 31"", ""wall_time_utc"": ""2026-09-01T10:00:57.838293+00:00""}"
1739.600000000,LOCAL_REPLAN,"{""message"": ""Call local replanning..."", ""wall_time_utc"": ""2026-09-01T10:01:03.572285+00:00""}"
1739.600000000,REPLAN_REQUESTED,"{""message"": ""Replanning request. curr_vertex_idx: 31"", ""wall_time_utc"": ""2026-09-01T10:01:03.574018+00:00""}"
1745.800000000,LOCAL_REPLAN,"{""message"": ""Call local replanning..."", ""wall_time_utc"": ""2026-09-01T10:01:09.812281+00:00""}"
1745.800000000,REPLAN_REQUESTED,"{""message"": ""Replanning request. curr_vertex_idx: 31"", ""wall_time_utc"": ""2026-09-01T10:01:09.813789+00:00""}"
1751.700000000,LOCAL_REPLAN,"{""message"": ""Call local replanning..."", ""wall_time_utc"": ""2026-09-01T10:01:15.727136+00:00""}"
1751.700000000,REPLAN_REQUESTED,"{""message"": ""Replanning request. curr_vertex_idx: 31"", ""wall_time_utc"": ""2026-09-01T10:01:15.729062+00:00""}"
1758.000000000,LOCAL_REPLAN,"{""message"": ""Call local replanning..."", ""wall_time_utc"": ""2026-09-01T10:01:22.039874+00:00""}"
1758.000000000,REPLAN_REQUESTED,"{""message"": ""Replanning request. curr_vertex_idx: 31"", ""wall_time_utc"": ""2026-09-01T10:01:22.041935+00:00""}"
1764.000000000,LOCAL_REPLAN,"{""message"": ""Call local replanning..."", ""wall_time_utc"": ""2026-09-01T10:01:27.988756+00:00""}"
1764.000000000,REPLAN_REQUESTED,"{""message"": ""Replanning request. curr_vertex_idx: 31"", ""wall_time_utc"": ""2026-09-01T10:01:27.991584+00:00""}"
1769.900000000,LOCAL_REPLAN,"{""message"": ""Call local replanning..."", ""wall_time_utc"": ""2026-09-01T10:01:33.854552+00:00""}"
1769.900000000,REPLAN_REQUESTED,"{""message"": ""Replanning request. curr_vertex_idx: 31"", ""wall_time_utc"": ""2026-09-01T10:01:33.856512+00:00""}"
1774.100000000,LOCAL_REPLAN,"{""message"": ""Call local replanning..."", ""wall_time_utc"": ""2026-09-01T10:01:38.086785+00:00""}"
1774.100000000,REPLAN_REQUESTED,"{""message"": ""Replanning request. curr_vertex_idx: 31"", ""wall_time_utc"": ""2026-09-01T10:01:38.088810+00:00""}"
1776.000000000,LOCAL_REPLAN,"{""message"": ""Call local replanning..."", ""wall_time_utc"": ""2026-09-01T10:01:39.981743+00:00""}"
1776.000000000,REPLAN_REQUESTED,"{""message"": ""Replanning request. curr_vertex_idx: 31"", ""wall_time_utc"": ""2026-09-01T10:01:39.983757+00:00""}"
1781.900000000,LOCAL_REPLAN,"{""message"": ""Call local replanning..."", ""wall_time_utc"": ""2026-09-01T10:01:45.920855+00:00""}"
1781.900000000,REPLAN_REQUESTED,"{""message"": ""Replanning request. curr_vertex_idx: 31"", ""wall_time_utc"": ""2026-09-01T10:01:45.923167+00:00""}"
1788.100000000,LOCAL_REPLAN,"{""message"": ""Call local replanning..."", ""wall_time_utc"": ""2026-09-01T10:01:52.084873+00:00""}"
1788.100000000,REPLAN_REQUESTED,"{""message"": ""Replanning request. curr_vertex_idx: 31"", ""wall_time_utc"": ""2026-09-01T10:01:52.086994+00:00""}"
1794.000000000,LOCAL_REPLAN,"{""message"": ""Call local replanning..."", ""wall_time_utc"": ""2026-09-01T10:01:57.963232+00:00""}"
1794.000000000,REPLAN_REQUESTED,"{""message"": ""Replanning request. curr_vertex_idx: 31"", ""wall_time_utc"": ""2026-09-01T10:01:57.965112+00:00""}"
1799.700000000,LOCAL_REPLAN,"{""message"": ""Call local replanning..."", ""wall_time_utc"": ""2026-09-01T10:02:03.672496+00:00""}"
1799.700000000,REPLAN_REQUESTED,"{""message"": ""Replanning request. curr_vertex_idx: 31"", ""wall_time_utc"": ""2026-09-01T10:02:03.674705+00:00""}"
1806.000000000,LOCAL_REPLAN,"{""message"": ""Call local replanning..."", ""wall_time_utc"": ""2026-09-01T10:02:10.043067+00:00""}"
1806.000000000,REPLAN_REQUESTED,"{""message"": ""Replanning request. curr_vertex_idx: 31"", ""wall_time_utc"": ""2026-09-01T10:02:10.045029+00:00""}"
1812.100000000,LOCAL_REPLAN,"{""message"": ""Call local replanning..."", ""wall_time_utc"": ""2026-09-01T10:02:16.099224+00:00""}"
1812.100000000,REPLAN_REQUESTED,"{""message"": ""Replanning request. curr_vertex_idx: 31"", ""wall_time_utc"": ""2026-09-01T10:02:16.101194+00:00""}"
1817.900000000,LOCAL_REPLAN,"{""message"": ""Call local replanning..."", ""wall_time_utc"": ""2026-09-01T10:02:21.873176+00:00""}"
1817.900000000,REPLAN_REQUESTED,"{""message"": ""Replanning request. curr_vertex_idx: 31"", ""wall_time_utc"": ""2026-09-01T10:02:21.875369+00:00""}"
1823.800000000,LOCAL_REPLAN,"{""message"": ""Call local replanning..."", ""wall_time_utc"": ""2026-09-01T10:02:27.834920+00:00""}"
1823.800000000,REPLAN_REQUESTED,"{""message"": ""Replanning request. curr_vertex_idx: 31"", ""wall_time_utc"": ""2026-09-01T10:02:27.837074+00:00""}"
1829.900000000,LOCAL_REPLAN,"{""message"": ""Call local replanning..."", ""wall_time_utc"": ""2026-09-01T10:02:33.864402+00:00""}"
1829.900000000,REPLAN_REQUESTED,"{""message"": ""Replanning request. curr_vertex_idx: 31"", ""wall_time_utc"": ""2026-09-01T10:02:33.866348+00:00""}"
1836.000000000,LOCAL_REPLAN,"{""message"": ""Call local replanning..."", ""wall_time_utc"": ""2026-09-01T10:02:40.009601+00:00""}"
1836.000000000,REPLAN_REQUESTED,"{""message"": ""Replanning request. curr_vertex_idx: 31"", ""wall_time_utc"": ""2026-09-01T10:02:40.011509+00:00""}"
1842.300000000,LOCAL_REPLAN,"{""message"": ""Call local replanning..."", ""wall_time_utc"": ""2026-09-01T10:02:46.262855+00:00""}"
1842.300000000,REPLAN_REQUESTED,"{""message"": ""Replanning request. curr_vertex_idx: 31"", ""wall_time_utc"": ""2026-09-01T10:02:46.265169+00:00""}"
1847.600000000,LOCAL_REPLAN,"{""message"": ""Call local replanning..."", ""wall_time_utc"": ""2026-09-01T10:02:51.640611+00:00""}"
1847.600000000,REPLAN_REQUESTED,"{""message"": ""Replanning request. curr_vertex_idx: 31"", ""wall_time_utc"": ""2026-09-01T10:02:51.642611+00:00""}"
1853.700000000,LOCAL_REPLAN,"{""message"": ""Call local replanning..."", ""wall_time_utc"": ""2026-09-01T10:02:57.748221+00:00""}"
1853.700000000,REPLAN_REQUESTED,"{""message"": ""Replanning request. curr_vertex_idx: 31"", ""wall_time_utc"": ""2026-09-01T10:02:57.750274+00:00""}"
1859.500000000,LOCAL_REPLAN,"{""message"": ""Call local replanning..."", ""wall_time_utc"": ""2026-09-01T10:03:03.470941+00:00""}"
1859.500000000,REPLAN_REQUESTED,"{""message"": ""Replanning request. curr_vertex_idx: 31"", ""wall_time_utc"": ""2026-09-01T10:03:03.473180+00:00""}"
1865.600000000,LOCAL_REPLAN,"{""message"": ""Call local replanning..."", ""wall_time_utc"": ""2026-09-01T10:03:10.660710+00:00""}"
1865.600000000,REPLAN_REQUESTED,"{""message"": ""Replanning request. curr_vertex_idx: 31"", ""wall_time_utc"": ""2026-09-01T10:03:10.662865+00:00""}"
1871.600000000,LOCAL_REPLAN,"{""message"": ""Call local replanning..."", ""wall_time_utc"": ""2026-09-01T10:03:16.654200+00:00""}"
1871.600000000,REPLAN_REQUESTED,"{""message"": ""Replanning request. curr_vertex_idx: 31"", ""wall_time_utc"": ""2026-09-01T10:03:16.656141+00:00""}"
1878.200000000,LOCAL_REPLAN,"{""message"": ""Call local replanning..."", ""wall_time_utc"": ""2026-09-01T10:03:23.263352+00:00""}"
1878.200000000,REPLAN_REQUESTED,"{""message"": ""Replanning request. curr_vertex_idx: 31"", ""wall_time_utc"": ""2026-09-01T10:03:23.265437+00:00""}"
1884.400000000,LOCAL_REPLAN,"{""message"": ""Call local replanning..."", ""wall_time_utc"": ""2026-09-01T10:03:29.493922+00:00""}"
1884.400000000,REPLAN_REQUESTED,"{""message"": ""Replanning request. curr_vertex_idx: 31"", ""wall_time_utc"": ""2026-09-01T10:03:29.495844+00:00""}"
1890.300000000,LOCAL_REPLAN,"{""message"": ""Call local replanning..."", ""wall_time_utc"": ""2026-09-01T10:03:35.355769+00:00""}"
1890.300000000,REPLAN_REQUESTED,"{""message"": ""Replanning request. curr_vertex_idx: 31"", ""wall_time_utc"": ""2026-09-01T10:03:35.357580+00:00""}"
1895.800000000,LOCAL_REPLAN,"{""message"": ""Call local replanning..."", ""wall_time_utc"": ""2026-09-01T10:03:40.850605+00:00""}"
1895.800000000,REPLAN_REQUESTED,"{""message"": ""Replanning request. curr_vertex_idx: 31"", ""wall_time_utc"": ""2026-09-01T10:03:40.852234+00:00""}"
1901.800000000,LOCAL_REPLAN,"{""message"": ""Call local replanning..."", ""wall_time_utc"": ""2026-09-01T10:03:46.920332+00:00""}"
1901.800000000,REPLAN_REQUESTED,"{""message"": ""Replanning request. curr_vertex_idx: 31"", ""wall_time_utc"": ""2026-09-01T10:03:46.922364+00:00""}"
1904.300000000,LOCAL_REPLAN,"{""message"": ""Call local replanning..."", ""wall_time_utc"": ""2026-09-01T10:03:49.356970+00:00""}"
1904.300000000,REPLAN_REQUESTED,"{""message"": ""Replanning request. curr_vertex_idx: 31"", ""wall_time_utc"": ""2026-09-01T10:03:49.358716+00:00""}"
1910.000000000,LOCAL_REPLAN,"{""message"": ""Call local replanning..."", ""wall_time_utc"": ""2026-09-01T10:03:55.095176+00:00""}"
1910.000000000,REPLAN_REQUESTED,"{""message"": ""Replanning request. curr_vertex_idx: 31"", ""wall_time_utc"": ""2026-09-01T10:03:55.097123+00:00""}"
1915.000000000,LOCAL_REPLAN,"{""message"": ""Call local replanning..."", ""wall_time_utc"": ""2026-09-01T10:04:00.082888+00:00""}"
1915.000000000,REPLAN_REQUESTED,"{""message"": ""Replanning request. curr_vertex_idx: 31"", ""wall_time_utc"": ""2026-09-01T10:04:00.084555+00:00""}"
1917.100000000,LOCAL_REPLAN,"{""message"": ""Call local replanning..."", ""wall_time_utc"": ""2026-09-01T10:04:02.200253+00:00""}"
1917.100000000,REPLAN_REQUESTED,"{""message"": ""Replanning request. curr_vertex_idx: 31"", ""wall_time_utc"": ""2026-09-01T10:04:02.202038+00:00""}"
1923.100000000,LOCAL_REPLAN,"{""message"": ""Call local replanning..."", ""wall_time_utc"": ""2026-09-01T10:04:08.190995+00:00""}"
1923.100000000,REPLAN_REQUESTED,"{""message"": ""Replanning request. curr_vertex_idx: 31"", ""wall_time_utc"": ""2026-09-01T10:04:08.193338+00:00""}"
1925.800000000,KARTO_LOOP_ACCEPTED,"{""chain_end"": 943, ""chain_start"": 939, ""current_scan"": 1452, ""loop_count"": 9, ""received_ros_time"": 1925.8, ""received_wall_time_utc"": ""2026-09-01T10:04:10.864682+00:00"", ""seq"": 9, ""stamp"": 1925.8, ""wall_time_utc"": ""2026-09-01T10:04:10.864713+00:00""}"
1925.800000000,KARTO_LOOP_CONSTRAINT,"{""message"": ""Add one Loop closure. 9 loops have been added."", ""wall_time_utc"": ""2026-09-01T10:04:10.864951+00:00""}"
1929.000000000,LOCAL_REPLAN,"{""message"": ""Call local replanning..."", ""wall_time_utc"": ""2026-09-01T10:04:14.069721+00:00""}"
1929.000000000,REPLAN_REQUESTED,"{""message"": ""Replanning request. curr_vertex_idx: 31"", ""wall_time_utc"": ""2026-09-01T10:04:14.071699+00:00""}"
1934.900000000,LOCAL_REPLAN,"{""message"": ""Call local replanning..."", ""wall_time_utc"": ""2026-09-01T10:04:20.023425+00:00""}"
1934.900000000,REPLAN_REQUESTED,"{""message"": ""Replanning request. curr_vertex_idx: 31"", ""wall_time_utc"": ""2026-09-01T10:04:20.025224+00:00""}"
1940.600000000,LOCAL_REPLAN,"{""message"": ""Call local replanning..."", ""wall_time_utc"": ""2026-09-01T10:04:25.692130+00:00""}"
1940.600000000,REPLAN_REQUESTED,"{""message"": ""Replanning request. curr_vertex_idx: 31"", ""wall_time_utc"": ""2026-09-01T10:04:25.693847+00:00""}"
1947.100000000,LOCAL_REPLAN,"{""message"": ""Call local replanning..."", ""wall_time_utc"": ""2026-09-01T10:04:32.178107+00:00""}"
1947.100000000,REPLAN_REQUESTED,"{""message"": ""Replanning request. curr_vertex_idx: 31"", ""wall_time_utc"": ""2026-09-01T10:04:32.180098+00:00""}"
1952.500000000,LOCAL_REPLAN,"{""message"": ""Call local replanning..."", ""wall_time_utc"": ""2026-09-01T10:04:37.550728+00:00""}"
1952.500000000,REPLAN_REQUESTED,"{""message"": ""Replanning request. curr_vertex_idx: 31"", ""wall_time_utc"": ""2026-09-01T10:04:37.552547+00:00""}"
1959.000000000,LOCAL_REPLAN,"{""message"": ""Call local replanning..."", ""wall_time_utc"": ""2026-09-01T10:04:44.114182+00:00""}"
1959.000000000,REPLAN_REQUESTED,"{""message"": ""Replanning request. curr_vertex_idx: 31"", ""wall_time_utc"": ""2026-09-01T10:04:44.116380+00:00""}"
1960.900000000,LOCAL_REPLAN,"{""message"": ""Call local replanning..."", ""wall_time_utc"": ""2026-09-01T10:04:45.956555+00:00""}"
1960.900000000,REPLAN_REQUESTED,"{""message"": ""Replanning request. curr_vertex_idx: 31"", ""wall_time_utc"": ""2026-09-01T10:04:45.958538+00:00""}"
1966.700000000,LOCAL_REPLAN,"{""message"": ""Call local replanning..."", ""wall_time_utc"": ""2026-09-01T10:04:51.827463+00:00""}"
1966.700000000,REPLAN_REQUESTED,"{""message"": ""Replanning request. curr_vertex_idx: 31"", ""wall_time_utc"": ""2026-09-01T10:04:51.828967+00:00""}"
1972.900000000,LOCAL_REPLAN,"{""message"": ""Call local replanning..."", ""wall_time_utc"": ""2026-09-01T10:04:57.939208+00:00""}"
1972.900000000,REPLAN_REQUESTED,"{""message"": ""Replanning request. curr_vertex_idx: 31"", ""wall_time_utc"": ""2026-09-01T10:04:57.941104+00:00""}"
1978.900000000,LOCAL_REPLAN,"{""message"": ""Call local replanning..."", ""wall_time_utc"": ""2026-09-01T10:05:04.027293+00:00""}"
1978.900000000,REPLAN_REQUESTED,"{""message"": ""Replanning request. curr_vertex_idx: 31"", ""wall_time_utc"": ""2026-09-01T10:05:04.029354+00:00""}"
1984.600000000,LOCAL_REPLAN,"{""message"": ""Call local replanning..."", ""wall_time_utc"": ""2026-09-01T10:05:09.658742+00:00""}"
1984.600000000,REPLAN_REQUESTED,"{""message"": ""Replanning request. curr_vertex_idx: 31"", ""wall_time_utc"": ""2026-09-01T10:05:09.660668+00:00""}"
1991.300000000,LOCAL_REPLAN,"{""message"": ""Call local replanning..."", ""wall_time_utc"": ""2026-09-01T10:05:16.396277+00:00""}"
1991.300000000,REPLAN_REQUESTED,"{""message"": ""Replanning request. curr_vertex_idx: 31"", ""wall_time_utc"": ""2026-09-01T10:05:16.398179+00:00""}"
1996.900000000,LOCAL_REPLAN,"{""message"": ""Call local replanning..."", ""wall_time_utc"": ""2026-09-01T10:05:21.951948+00:00""}"
1996.900000000,REPLAN_REQUESTED,"{""message"": ""Replanning request. curr_vertex_idx: 31"", ""wall_time_utc"": ""2026-09-01T10:05:21.953867+00:00""}"
2003.300000000,LOCAL_REPLAN,"{""message"": ""Call local replanning..."", ""wall_time_utc"": ""2026-09-01T10:05:28.410985+00:00""}"
2003.300000000,REPLAN_REQUESTED,"{""message"": ""Replanning request. curr_vertex_idx: 31"", ""wall_time_utc"": ""2026-09-01T10:05:28.413093+00:00""}"
2009.300000000,LOCAL_REPLAN,"{""message"": ""Call local replanning..."", ""wall_time_utc"": ""2026-09-01T10:05:34.400770+00:00""}"
2009.300000000,REPLAN_REQUESTED,"{""message"": ""Replanning request. curr_vertex_idx: 31"", ""wall_time_utc"": ""2026-09-01T10:05:34.402532+00:00""}"
2015.100000000,LOCAL_REPLAN,"{""message"": ""Call local replanning..."", ""wall_time_utc"": ""2026-09-01T10:05:40.200338+00:00""}"
2015.100000000,REPLAN_REQUESTED,"{""message"": ""Replanning request. curr_vertex_idx: 31"", ""wall_time_utc"": ""2026-09-01T10:05:40.202183+00:00""}"
2021.000000000,LOCAL_REPLAN,"{""message"": ""Call local replanning..."", ""wall_time_utc"": ""2026-09-01T10:05:46.109522+00:00""}"
2021.000000000,REPLAN_REQUESTED,"{""message"": ""Replanning request. curr_vertex_idx: 31"", ""wall_time_utc"": ""2026-09-01T10:05:46.111832+00:00""}"
2026.800000000,LOCAL_REPLAN,"{""message"": ""Call local replanning..."", ""wall_time_utc"": ""2026-09-01T10:05:51.838260+00:00""}"
2026.800000000,REPLAN_REQUESTED,"{""message"": ""Replanning request. curr_vertex_idx: 31"", ""wall_time_utc"": ""2026-09-01T10:05:51.840302+00:00""}"
2032.800000000,LOCAL_REPLAN,"{""message"": ""Call local replanning..."", ""wall_time_utc"": ""2026-09-01T10:05:57.894536+00:00""}"
2032.800000000,REPLAN_REQUESTED,"{""message"": ""Replanning request. curr_vertex_idx: 31"", ""wall_time_utc"": ""2026-09-01T10:05:57.896640+00:00""}"
2038.600000000,LOCAL_REPLAN,"{""message"": ""Call local replanning..."", ""wall_time_utc"": ""2026-09-01T10:06:03.655698+00:00""}"
2038.600000000,REPLAN_REQUESTED,"{""message"": ""Replanning request. curr_vertex_idx: 31"", ""wall_time_utc"": ""2026-09-01T10:06:03.657661+00:00""}"
2044.900000000,LOCAL_REPLAN,"{""message"": ""Call local replanning..."", ""wall_time_utc"": ""2026-09-01T10:06:09.948638+00:00""}"
2044.900000000,REPLAN_REQUESTED,"{""message"": ""Replanning request. curr_vertex_idx: 31"", ""wall_time_utc"": ""2026-09-01T10:06:09.950356+00:00""}"
2051.100000000,LOCAL_REPLAN,"{""message"": ""Call local replanning..."", ""wall_time_utc"": ""2026-09-01T10:06:16.225580+00:00""}"
2051.100000000,REPLAN_REQUESTED,"{""message"": ""Replanning request. curr_vertex_idx: 31"", ""wall_time_utc"": ""2026-09-01T10:06:16.227316+00:00""}"
2057.200000000,LOCAL_REPLAN,"{""message"": ""Call local replanning..."", ""wall_time_utc"": ""2026-09-01T10:06:22.275587+00:00""}"
2057.200000000,REPLAN_REQUESTED,"{""message"": ""Replanning request. curr_vertex_idx: 31"", ""wall_time_utc"": ""2026-09-01T10:06:22.277544+00:00""}"
2063.300000000,LOCAL_REPLAN,"{""message"": ""Call local replanning..."", ""wall_time_utc"": ""2026-09-01T10:06:28.371847+00:00""}"
2063.300000000,REPLAN_REQUESTED,"{""message"": ""Replanning request. curr_vertex_idx: 31"", ""wall_time_utc"": ""2026-09-01T10:06:28.373971+00:00""}"
2068.600000000,LOCAL_REPLAN,"{""message"": ""Call local replanning..."", ""wall_time_utc"": ""2026-09-01T10:06:33.665660+00:00""}"
2068.600000000,REPLAN_REQUESTED,"{""message"": ""Replanning request. curr_vertex_idx: 31"", ""wall_time_utc"": ""2026-09-01T10:06:33.667867+00:00""}"
2074.800000000,LOCAL_REPLAN,"{""message"": ""Call local replanning..."", ""wall_time_utc"": ""2026-09-01T10:06:39.925826+00:00""}"
2074.800000000,REPLAN_REQUESTED,"{""message"": ""Replanning request. curr_vertex_idx: 31"", ""wall_time_utc"": ""2026-09-01T10:06:39.927652+00:00""}"
2081.200000000,LOCAL_REPLAN,"{""message"": ""Call local replanning..."", ""wall_time_utc"": ""2026-09-01T10:06:46.277913+00:00""}"
2081.200000000,REPLAN_REQUESTED,"{""message"": ""Replanning request. curr_vertex_idx: 31"", ""wall_time_utc"": ""2026-09-01T10:06:46.280266+00:00""}"
2087.500000000,LOCAL_REPLAN,"{""message"": ""Call local replanning..."", ""wall_time_utc"": ""2026-09-01T10:06:52.541430+00:00""}"
2087.500000000,REPLAN_REQUESTED,"{""message"": ""Replanning request. curr_vertex_idx: 31"", ""wall_time_utc"": ""2026-09-01T10:06:52.543144+00:00""}"
2092.900000000,LOCAL_REPLAN,"{""message"": ""Call local replanning..."", ""wall_time_utc"": ""2026-09-01T10:06:57.982864+00:00""}"
2092.900000000,REPLAN_REQUESTED,"{""message"": ""Replanning request. curr_vertex_idx: 31"", ""wall_time_utc"": ""2026-09-01T10:06:57.985222+00:00""}"
2098.700000000,LOCAL_REPLAN,"{""message"": ""Call local replanning..."", ""wall_time_utc"": ""2026-09-01T10:07:03.749786+00:00""}"
2098.700000000,REPLAN_REQUESTED,"{""message"": ""Replanning request. curr_vertex_idx: 31"", ""wall_time_utc"": ""2026-09-01T10:07:03.751920+00:00""}"
2104.800000000,LOCAL_REPLAN,"{""message"": ""Call local replanning..."", ""wall_time_utc"": ""2026-09-01T10:07:09.847197+00:00""}"
2104.800000000,REPLAN_REQUESTED,"{""message"": ""Replanning request. curr_vertex_idx: 31"", ""wall_time_utc"": ""2026-09-01T10:07:09.849231+00:00""}"
2111.300000000,LOCAL_REPLAN,"{""message"": ""Call local replanning..."", ""wall_time_utc"": ""2026-09-01T10:07:16.427884+00:00""}"
2111.300000000,REPLAN_REQUESTED,"{""message"": ""Replanning request. curr_vertex_idx: 31"", ""wall_time_utc"": ""2026-09-01T10:07:16.429983+00:00""}"
2117.000000000,LOCAL_REPLAN,"{""message"": ""Call local replanning..."", ""wall_time_utc"": ""2026-09-01T10:07:22.047728+00:00""}"
2117.000000000,REPLAN_REQUESTED,"{""message"": ""Replanning request. curr_vertex_idx: 31"", ""wall_time_utc"": ""2026-09-01T10:07:22.049810+00:00""}"
2122.900000000,LOCAL_REPLAN,"{""message"": ""Call local replanning..."", ""wall_time_utc"": ""2026-09-01T10:07:27.976103+00:00""}"
2122.900000000,REPLAN_REQUESTED,"{""message"": ""Replanning request. curr_vertex_idx: 31"", ""wall_time_utc"": ""2026-09-01T10:07:27.977905+00:00""}"
2129.100000000,LOCAL_REPLAN,"{""message"": ""Call local replanning..."", ""wall_time_utc"": ""2026-09-01T10:07:34.152722+00:00""}"
2129.100000000,REPLAN_REQUESTED,"{""message"": ""Replanning request. curr_vertex_idx: 31"", ""wall_time_utc"": ""2026-09-01T10:07:34.154732+00:00""}"
2134.900000000,LOCAL_REPLAN,"{""message"": ""Call local replanning..."", ""wall_time_utc"": ""2026-09-01T10:07:39.970594+00:00""}"
2134.900000000,REPLAN_REQUESTED,"{""message"": ""Replanning request. curr_vertex_idx: 31"", ""wall_time_utc"": ""2026-09-01T10:07:39.972653+00:00""}"
2140.600000000,LOCAL_REPLAN,"{""message"": ""Call local replanning..."", ""wall_time_utc"": ""2026-09-01T10:07:45.656631+00:00""}"
2140.600000000,REPLAN_REQUESTED,"{""message"": ""Replanning request. curr_vertex_idx: 31"", ""wall_time_utc"": ""2026-09-01T10:07:45.658563+00:00""}"
2147.100000000,LOCAL_REPLAN,"{""message"": ""Call local replanning..."", ""wall_time_utc"": ""2026-09-01T10:07:52.157559+00:00""}"
2147.100000000,REPLAN_REQUESTED,"{""message"": ""Replanning request. curr_vertex_idx: 31"", ""wall_time_utc"": ""2026-09-01T10:07:52.159527+00:00""}"
2152.500000000,LOCAL_REPLAN,"{""message"": ""Call local replanning..."", ""wall_time_utc"": ""2026-09-01T10:07:57.619637+00:00""}"
2152.500000000,REPLAN_REQUESTED,"{""message"": ""Replanning request. curr_vertex_idx: 31"", ""wall_time_utc"": ""2026-09-01T10:07:57.621612+00:00""}"
2159.200000000,LOCAL_REPLAN,"{""message"": ""Call local replanning..."", ""wall_time_utc"": ""2026-09-01T10:08:04.271180+00:00""}"
2159.200000000,REPLAN_REQUESTED,"{""message"": ""Replanning request. curr_vertex_idx: 31"", ""wall_time_utc"": ""2026-09-01T10:08:04.273268+00:00""}"
2165.200000000,LOCAL_REPLAN,"{""message"": ""Call local replanning..."", ""wall_time_utc"": ""2026-09-01T10:08:10.295100+00:00""}"
2165.200000000,REPLAN_REQUESTED,"{""message"": ""Replanning request. curr_vertex_idx: 31"", ""wall_time_utc"": ""2026-09-01T10:08:10.296874+00:00""}"
2171.100000000,LOCAL_REPLAN,"{""message"": ""Call local replanning..."", ""wall_time_utc"": ""2026-09-01T10:08:16.227086+00:00""}"
2171.100000000,REPLAN_REQUESTED,"{""message"": ""Replanning request. curr_vertex_idx: 31"", ""wall_time_utc"": ""2026-09-01T10:08:16.229511+00:00""}"
2173.400000000,LOCAL_REPLAN,"{""message"": ""Call local replanning..."", ""wall_time_utc"": ""2026-09-01T10:08:18.450085+00:00""}"
2173.400000000,REPLAN_REQUESTED,"{""message"": ""Replanning request. curr_vertex_idx: 31"", ""wall_time_utc"": ""2026-09-01T10:08:18.451823+00:00""}"
2178.200000000,LOCAL_REPLAN,"{""message"": ""Call local replanning..."", ""wall_time_utc"": ""2026-09-01T10:08:23.279784+00:00""}"
2178.200000000,REPLAN_REQUESTED,"{""message"": ""Replanning request. curr_vertex_idx: 31"", ""wall_time_utc"": ""2026-09-01T10:08:23.281250+00:00""}"
2184.400000000,LOCAL_REPLAN,"{""message"": ""Call local replanning..."", ""wall_time_utc"": ""2026-09-01T10:08:29.499635+00:00""}"
2184.400000000,REPLAN_REQUESTED,"{""message"": ""Replanning request. curr_vertex_idx: 31"", ""wall_time_utc"": ""2026-09-01T10:08:29.501476+00:00""}"
2187.900000000,LOCAL_REPLAN,"{""message"": ""Call local replanning..."", ""wall_time_utc"": ""2026-09-01T10:08:33.017012+00:00""}"
2187.900000000,REPLAN_REQUESTED,"{""message"": ""Replanning request. curr_vertex_idx: 31"", ""wall_time_utc"": ""2026-09-01T10:08:33.018961+00:00""}"
2189.900000000,LOCAL_REPLAN,"{""message"": ""Call local replanning..."", ""wall_time_utc"": ""2026-09-01T10:08:35.013659+00:00""}"
2189.900000000,REPLAN_REQUESTED,"{""message"": ""Replanning request. curr_vertex_idx: 31"", ""wall_time_utc"": ""2026-09-01T10:08:35.015282+00:00""}"
2195.900000000,LOCAL_REPLAN,"{""message"": ""Call local replanning..."", ""wall_time_utc"": ""2026-09-01T10:08:41.022512+00:00""}"
2195.900000000,REPLAN_REQUESTED,"{""message"": ""Replanning request. curr_vertex_idx: 31"", ""wall_time_utc"": ""2026-09-01T10:08:41.024121+00:00""}"
2201.300000000,KARTO_LOOP_CONSTRAINT,"{""message"": ""Add one Loop closure. 10 loops have been added."", ""wall_time_utc"": ""2026-09-01T10:08:46.401227+00:00""}"
2201.300000000,KARTO_LOOP_ACCEPTED,"{""chain_end"": 1649, ""chain_start"": 1644, ""current_scan"": 1663, ""loop_count"": 10, ""received_ros_time"": 2201.3, ""received_wall_time_utc"": ""2026-09-01T10:08:46.355571+00:00"", ""seq"": 10, ""stamp"": 2201.3, ""wall_time_utc"": ""2026-09-01T10:08:46.401560+00:00""}"
2201.800000000,LOCAL_REPLAN,"{""message"": ""Call local replanning..."", ""wall_time_utc"": ""2026-09-01T10:08:46.859693+00:00""}"
2201.800000000,REPLAN_REQUESTED,"{""message"": ""Replanning request. curr_vertex_idx: 31"", ""wall_time_utc"": ""2026-09-01T10:08:46.861720+00:00""}"
2208.100000000,LOCAL_REPLAN,"{""message"": ""Call local replanning..."", ""wall_time_utc"": ""2026-09-01T10:08:53.213489+00:00""}"
2208.100000000,REPLAN_REQUESTED,"{""message"": ""Replanning request. curr_vertex_idx: 31"", ""wall_time_utc"": ""2026-09-01T10:08:53.215260+00:00""}"
2214.100000000,LOCAL_REPLAN,"{""message"": ""Call local replanning..."", ""wall_time_utc"": ""2026-09-01T10:08:59.201352+00:00""}"
2214.100000000,REPLAN_REQUESTED,"{""message"": ""Replanning request. curr_vertex_idx: 31"", ""wall_time_utc"": ""2026-09-01T10:08:59.203340+00:00""}"
2220.000000000,LOCAL_REPLAN,"{""message"": ""Call local replanning..."", ""wall_time_utc"": ""2026-09-01T10:09:05.077668+00:00""}"
2220.000000000,REPLAN_REQUESTED,"{""message"": ""Replanning request. curr_vertex_idx: 31"", ""wall_time_utc"": ""2026-09-01T10:09:05.079592+00:00""}"
2225.500000000,LOCAL_REPLAN,"{""message"": ""Call local replanning..."", ""wall_time_utc"": ""2026-09-01T10:09:10.573777+00:00""}"
2225.500000000,REPLAN_REQUESTED,"{""message"": ""Replanning request. curr_vertex_idx: 31"", ""wall_time_utc"": ""2026-09-01T10:09:10.575616+00:00""}"
2228.900000000,LOCAL_REPLAN,"{""message"": ""Call local replanning..."", ""wall_time_utc"": ""2026-09-01T10:09:14.026879+00:00""}"
2228.900000000,REPLAN_REQUESTED,"{""message"": ""Replanning request. curr_vertex_idx: 31"", ""wall_time_utc"": ""2026-09-01T10:09:14.028717+00:00""}"
2234.900000000,LOCAL_REPLAN,"{""message"": ""Call local replanning..."", ""wall_time_utc"": ""2026-09-01T10:09:20.029321+00:00""}"
2235.000000000,REPLAN_REQUESTED,"{""message"": ""Replanning request. curr_vertex_idx: 31"", ""wall_time_utc"": ""2026-09-01T10:09:20.031216+00:00""}"
2240.700000000,LOCAL_REPLAN,"{""message"": ""Call local replanning..."", ""wall_time_utc"": ""2026-09-01T10:09:25.770349+00:00""}"
2240.700000000,REPLAN_REQUESTED,"{""message"": ""Replanning request. curr_vertex_idx: 31"", ""wall_time_utc"": ""2026-09-01T10:09:25.772256+00:00""}"
2247.100000000,LOCAL_REPLAN,"{""message"": ""Call local replanning..."", ""wall_time_utc"": ""2026-09-01T10:09:32.215871+00:00""}"
2247.100000000,REPLAN_REQUESTED,"{""message"": ""Replanning request. curr_vertex_idx: 31"", ""wall_time_utc"": ""2026-09-01T10:09:32.217493+00:00""}"
2253.300000000,LOCAL_REPLAN,"{""message"": ""Call local replanning..."", ""wall_time_utc"": ""2026-09-01T10:09:38.395739+00:00""}"
2253.300000000,REPLAN_REQUESTED,"{""message"": ""Replanning request. curr_vertex_idx: 31"", ""wall_time_utc"": ""2026-09-01T10:09:38.397575+00:00""}"
2259.100000000,LOCAL_REPLAN,"{""message"": ""Call local replanning..."", ""wall_time_utc"": ""2026-09-01T10:09:44.196091+00:00""}"
2259.100000000,REPLAN_REQUESTED,"{""message"": ""Replanning request. curr_vertex_idx: 31"", ""wall_time_utc"": ""2026-09-01T10:09:44.197698+00:00""}"
2265.100000000,LOCAL_REPLAN,"{""message"": ""Call local replanning..."", ""wall_time_utc"": ""2026-09-01T10:09:50.199626+00:00""}"
2265.100000000,REPLAN_REQUESTED,"{""message"": ""Replanning request. curr_vertex_idx: 31"", ""wall_time_utc"": ""2026-09-01T10:09:50.201714+00:00""}"
2270.900000000,LOCAL_REPLAN,"{""message"": ""Call local replanning..."", ""wall_time_utc"": ""2026-09-01T10:09:56.027167+00:00""}"
2270.900000000,REPLAN_REQUESTED,"{""message"": ""Replanning request. curr_vertex_idx: 31"", ""wall_time_utc"": ""2026-09-01T10:09:56.029377+00:00""}"
2276.600000000,LOCAL_REPLAN,"{""message"": ""Call local replanning..."", ""wall_time_utc"": ""2026-09-01T10:10:01.721101+00:00""}"
2276.600000000,REPLAN_REQUESTED,"{""message"": ""Replanning request. curr_vertex_idx: 31"", ""wall_time_utc"": ""2026-09-01T10:10:01.723058+00:00""}"
2282.800000000,LOCAL_REPLAN,"{""message"": ""Call local replanning..."", ""wall_time_utc"": ""2026-09-01T10:10:07.872551+00:00""}"
2282.800000000,REPLAN_REQUESTED,"{""message"": ""Replanning request. curr_vertex_idx: 31"", ""wall_time_utc"": ""2026-09-01T10:10:07.874815+00:00""}"
2288.800000000,LOCAL_REPLAN,"{""message"": ""Call local replanning..."", ""wall_time_utc"": ""2026-09-01T10:10:13.853685+00:00""}"
2288.800000000,REPLAN_REQUESTED,"{""message"": ""Replanning request. curr_vertex_idx: 31"", ""wall_time_utc"": ""2026-09-01T10:10:13.855750+00:00""}"
2294.800000000,LOCAL_REPLAN,"{""message"": ""Call local replanning..."", ""wall_time_utc"": ""2026-09-01T10:10:19.898016+00:00""}"
2294.800000000,REPLAN_REQUESTED,"{""message"": ""Replanning request. curr_vertex_idx: 31"", ""wall_time_utc"": ""2026-09-01T10:10:19.900013+00:00""}"
2301.200000000,LOCAL_REPLAN,"{""message"": ""Call local replanning..."", ""wall_time_utc"": ""2026-09-01T10:10:26.253230+00:00""}"
2301.200000000,REPLAN_REQUESTED,"{""message"": ""Replanning request. curr_vertex_idx: 31"", ""wall_time_utc"": ""2026-09-01T10:10:26.255208+00:00""}"
2307.300000000,LOCAL_REPLAN,"{""message"": ""Call local replanning..."", ""wall_time_utc"": ""2026-09-01T10:10:32.341754+00:00""}"
2307.300000000,REPLAN_REQUESTED,"{""message"": ""Replanning request. curr_vertex_idx: 31"", ""wall_time_utc"": ""2026-09-01T10:10:32.343640+00:00""}"
2313.300000000,LOCAL_REPLAN,"{""message"": ""Call local replanning..."", ""wall_time_utc"": ""2026-09-01T10:10:38.352429+00:00""}"
2313.300000000,REPLAN_REQUESTED,"{""message"": ""Replanning request. curr_vertex_idx: 31"", ""wall_time_utc"": ""2026-09-01T10:10:38.354174+00:00""}"
2319.100000000,LOCAL_REPLAN,"{""message"": ""Call local replanning..."", ""wall_time_utc"": ""2026-09-01T10:10:44.223497+00:00""}"
2319.100000000,REPLAN_REQUESTED,"{""message"": ""Replanning request. curr_vertex_idx: 31"", ""wall_time_utc"": ""2026-09-01T10:10:44.225357+00:00""}"
2325.000000000,LOCAL_REPLAN,"{""message"": ""Call local replanning..."", ""wall_time_utc"": ""2026-09-01T10:10:50.060598+00:00""}"
2325.000000000,REPLAN_REQUESTED,"{""message"": ""Replanning request. curr_vertex_idx: 31"", ""wall_time_utc"": ""2026-09-01T10:10:50.062634+00:00""}"
2331.000000000,LOCAL_REPLAN,"{""message"": ""Call local replanning..."", ""wall_time_utc"": ""2026-09-01T10:10:56.034582+00:00""}"
2331.000000000,REPLAN_REQUESTED,"{""message"": ""Replanning request. curr_vertex_idx: 31"", ""wall_time_utc"": ""2026-09-01T10:10:56.036464+00:00""}"
2337.000000000,LOCAL_REPLAN,"{""message"": ""Call local replanning..."", ""wall_time_utc"": ""2026-09-01T10:11:02.113035+00:00""}"
2337.000000000,REPLAN_REQUESTED,"{""message"": ""Replanning request. curr_vertex_idx: 31"", ""wall_time_utc"": ""2026-09-01T10:11:02.114902+00:00""}"
2342.600000000,LOCAL_REPLAN,"{""message"": ""Call local replanning..."", ""wall_time_utc"": ""2026-09-01T10:11:07.682842+00:00""}"
2342.600000000,REPLAN_REQUESTED,"{""message"": ""Replanning request. curr_vertex_idx: 31"", ""wall_time_utc"": ""2026-09-01T10:11:07.684531+00:00""}"
2349.200000000,LOCAL_REPLAN,"{""message"": ""Call local replanning..."", ""wall_time_utc"": ""2026-09-01T10:11:14.316549+00:00""}"
2349.200000000,REPLAN_REQUESTED,"{""message"": ""Replanning request. curr_vertex_idx: 31"", ""wall_time_utc"": ""2026-09-01T10:11:14.318524+00:00""}"
2354.900000000,LOCAL_REPLAN,"{""message"": ""Call local replanning..."", ""wall_time_utc"": ""2026-09-01T10:11:20.030058+00:00""}"
2355.000000000,REPLAN_REQUESTED,"{""message"": ""Replanning request. curr_vertex_idx: 31"", ""wall_time_utc"": ""2026-09-01T10:11:20.031957+00:00""}"
2360.600000000,LOCAL_REPLAN,"{""message"": ""Call local replanning..."", ""wall_time_utc"": ""2026-09-01T10:11:25.709326+00:00""}"
2360.600000000,REPLAN_REQUESTED,"{""message"": ""Replanning request. curr_vertex_idx: 31"", ""wall_time_utc"": ""2026-09-01T10:11:25.711229+00:00""}"
2366.600000000,LOCAL_REPLAN,"{""message"": ""Call local replanning..."", ""wall_time_utc"": ""2026-09-01T10:11:31.680609+00:00""}"
2366.600000000,REPLAN_REQUESTED,"{""message"": ""Replanning request. curr_vertex_idx: 31"", ""wall_time_utc"": ""2026-09-01T10:11:31.682796+00:00""}"
2373.300000000,LOCAL_REPLAN,"{""message"": ""Call local replanning..."", ""wall_time_utc"": ""2026-09-01T10:11:38.390212+00:00""}"
2373.300000000,REPLAN_REQUESTED,"{""message"": ""Replanning request. curr_vertex_idx: 31"", ""wall_time_utc"": ""2026-09-01T10:11:38.392248+00:00""}"
2379.000000000,LOCAL_REPLAN,"{""message"": ""Call local replanning..."", ""wall_time_utc"": ""2026-09-01T10:11:44.039901+00:00""}"
2379.000000000,REPLAN_REQUESTED,"{""message"": ""Replanning request. curr_vertex_idx: 31"", ""wall_time_utc"": ""2026-09-01T10:11:44.041725+00:00""}"
2384.600000000,LOCAL_REPLAN,"{""message"": ""Call local replanning..."", ""wall_time_utc"": ""2026-09-01T10:11:49.717415+00:00""}"
2384.600000000,REPLAN_REQUESTED,"{""message"": ""Replanning request. curr_vertex_idx: 31"", ""wall_time_utc"": ""2026-09-01T10:11:49.719388+00:00""}"
2391.300000000,LOCAL_REPLAN,"{""message"": ""Call local replanning..."", ""wall_time_utc"": ""2026-09-01T10:11:56.361864+00:00""}"
2391.300000000,REPLAN_REQUESTED,"{""message"": ""Replanning request. curr_vertex_idx: 31"", ""wall_time_utc"": ""2026-09-01T10:11:56.363644+00:00""}"
2397.200000000,LOCAL_REPLAN,"{""message"": ""Call local replanning..."", ""wall_time_utc"": ""2026-09-01T10:12:02.236605+00:00""}"
2397.200000000,REPLAN_REQUESTED,"{""message"": ""Replanning request. curr_vertex_idx: 31"", ""wall_time_utc"": ""2026-09-01T10:12:02.238526+00:00""}"
2403.100000000,LOCAL_REPLAN,"{""message"": ""Call local replanning..."", ""wall_time_utc"": ""2026-09-01T10:12:08.200394+00:00""}"
2403.100000000,REPLAN_REQUESTED,"{""message"": ""Replanning request. curr_vertex_idx: 31"", ""wall_time_utc"": ""2026-09-01T10:12:08.202885+00:00""}"
2409.000000000,LOCAL_REPLAN,"{""message"": ""Call local replanning..."", ""wall_time_utc"": ""2026-09-01T10:12:14.053354+00:00""}"
2409.000000000,REPLAN_REQUESTED,"{""message"": ""Replanning request. curr_vertex_idx: 31"", ""wall_time_utc"": ""2026-09-01T10:12:14.055382+00:00""}"
2415.300000000,LOCAL_REPLAN,"{""message"": ""Call local replanning..."", ""wall_time_utc"": ""2026-09-01T10:12:20.409186+00:00""}"
2415.300000000,REPLAN_REQUESTED,"{""message"": ""Replanning request. curr_vertex_idx: 31"", ""wall_time_utc"": ""2026-09-01T10:12:20.411651+00:00""}"
2421.000000000,LOCAL_REPLAN,"{""message"": ""Call local replanning..."", ""wall_time_utc"": ""2026-09-01T10:12:26.059949+00:00""}"
2421.000000000,REPLAN_REQUESTED,"{""message"": ""Replanning request. curr_vertex_idx: 31"", ""wall_time_utc"": ""2026-09-01T10:12:26.062015+00:00""}"
2427.000000000,LOCAL_REPLAN,"{""message"": ""Call local replanning..."", ""wall_time_utc"": ""2026-09-01T10:12:32.075401+00:00""}"
2427.000000000,REPLAN_REQUESTED,"{""message"": ""Replanning request. curr_vertex_idx: 31"", ""wall_time_utc"": ""2026-09-01T10:12:32.077150+00:00""}"
2433.200000000,LOCAL_REPLAN,"{""message"": ""Call local replanning..."", ""wall_time_utc"": ""2026-09-01T10:12:38.259138+00:00""}"
2433.200000000,REPLAN_REQUESTED,"{""message"": ""Replanning request. curr_vertex_idx: 31"", ""wall_time_utc"": ""2026-09-01T10:12:38.260959+00:00""}"
2439.200000000,LOCAL_REPLAN,"{""message"": ""Call local replanning..."", ""wall_time_utc"": ""2026-09-01T10:12:44.241402+00:00""}"
2439.200000000,REPLAN_REQUESTED,"{""message"": ""Replanning request. curr_vertex_idx: 31"", ""wall_time_utc"": ""2026-09-01T10:12:44.243042+00:00""}"
2445.000000000,LOCAL_REPLAN,"{""message"": ""Call local replanning..."", ""wall_time_utc"": ""2026-09-01T10:12:50.073364+00:00""}"
2445.000000000,REPLAN_REQUESTED,"{""message"": ""Replanning request. curr_vertex_idx: 31"", ""wall_time_utc"": ""2026-09-01T10:12:50.075232+00:00""}"
2450.600000000,LOCAL_REPLAN,"{""message"": ""Call local replanning..."", ""wall_time_utc"": ""2026-09-01T10:12:55.721755+00:00""}"
2450.600000000,REPLAN_REQUESTED,"{""message"": ""Replanning request. curr_vertex_idx: 31"", ""wall_time_utc"": ""2026-09-01T10:12:55.723686+00:00""}"
2456.800000000,LOCAL_REPLAN,"{""message"": ""Call local replanning..."", ""wall_time_utc"": ""2026-09-01T10:13:01.898660+00:00""}"
2456.800000000,REPLAN_REQUESTED,"{""message"": ""Replanning request. curr_vertex_idx: 31"", ""wall_time_utc"": ""2026-09-01T10:13:01.900586+00:00""}"
2463.300000000,LOCAL_REPLAN,"{""message"": ""Call local replanning..."", ""wall_time_utc"": ""2026-09-01T10:13:08.418084+00:00""}"
2463.300000000,REPLAN_REQUESTED,"{""message"": ""Replanning request. curr_vertex_idx: 31"", ""wall_time_utc"": ""2026-09-01T10:13:08.419982+00:00""}"
2469.000000000,LOCAL_REPLAN,"{""message"": ""Call local replanning..."", ""wall_time_utc"": ""2026-09-01T10:13:14.051251+00:00""}"
2469.000000000,REPLAN_REQUESTED,"{""message"": ""Replanning request. curr_vertex_idx: 31"", ""wall_time_utc"": ""2026-09-01T10:13:14.053196+00:00""}"
2475.000000000,LOCAL_REPLAN,"{""message"": ""Call local replanning..."", ""wall_time_utc"": ""2026-09-01T10:13:20.065704+00:00""}"
2475.000000000,REPLAN_REQUESTED,"{""message"": ""Replanning request. curr_vertex_idx: 31"", ""wall_time_utc"": ""2026-09-01T10:13:20.067353+00:00""}"
2481.000000000,LOCAL_REPLAN,"{""message"": ""Call local replanning..."", ""wall_time_utc"": ""2026-09-01T10:13:26.062455+00:00""}"
2481.000000000,REPLAN_REQUESTED,"{""message"": ""Replanning request. curr_vertex_idx: 31"", ""wall_time_utc"": ""2026-09-01T10:13:26.064337+00:00""}"
2486.600000000,LOCAL_REPLAN,"{""message"": ""Call local replanning..."", ""wall_time_utc"": ""2026-09-01T10:13:31.662579+00:00""}"
2486.600000000,REPLAN_REQUESTED,"{""message"": ""Replanning request. curr_vertex_idx: 31"", ""wall_time_utc"": ""2026-09-01T10:13:31.664293+00:00""}"
2492.000000000,LOCAL_REPLAN,"{""message"": ""Call local replanning..."", ""wall_time_utc"": ""2026-09-01T10:13:37.065767+00:00""}"
2492.000000000,REPLAN_REQUESTED,"{""message"": ""Replanning request. curr_vertex_idx: 31"", ""wall_time_utc"": ""2026-09-01T10:13:37.067535+00:00""}"
2498.000000000,LOCAL_REPLAN,"{""message"": ""Call local replanning..."", ""wall_time_utc"": ""2026-09-01T10:13:43.070875+00:00""}"
2498.000000000,REPLAN_REQUESTED,"{""message"": ""Replanning request. curr_vertex_idx: 31"", ""wall_time_utc"": ""2026-09-01T10:13:43.072729+00:00""}"
2504.300000000,LOCAL_REPLAN,"{""message"": ""Call local replanning..."", ""wall_time_utc"": ""2026-09-01T10:13:49.393883+00:00""}"
2504.300000000,REPLAN_REQUESTED,"{""message"": ""Replanning request. curr_vertex_idx: 31"", ""wall_time_utc"": ""2026-09-01T10:13:49.395982+00:00""}"
2510.100000000,LOCAL_REPLAN,"{""message"": ""Call local replanning..."", ""wall_time_utc"": ""2026-09-01T10:13:55.222448+00:00""}"
2510.100000000,REPLAN_REQUESTED,"{""message"": ""Replanning request. curr_vertex_idx: 31"", ""wall_time_utc"": ""2026-09-01T10:13:55.224833+00:00""}"
2515.800000000,LOCAL_REPLAN,"{""message"": ""Call local replanning..."", ""wall_time_utc"": ""2026-09-01T10:14:00.833643+00:00""}"
2515.800000000,REPLAN_REQUESTED,"{""message"": ""Replanning request. curr_vertex_idx: 31"", ""wall_time_utc"": ""2026-09-01T10:14:00.835469+00:00""}"
2522.200000000,LOCAL_REPLAN,"{""message"": ""Call local replanning..."", ""wall_time_utc"": ""2026-09-01T10:14:07.257256+00:00""}"
2522.200000000,REPLAN_REQUESTED,"{""message"": ""Replanning request. curr_vertex_idx: 31"", ""wall_time_utc"": ""2026-09-01T10:14:07.258904+00:00""}"
2528.200000000,LOCAL_REPLAN,"{""message"": ""Call local replanning..."", ""wall_time_utc"": ""2026-09-01T10:14:13.244603+00:00""}"
2528.200000000,REPLAN_REQUESTED,"{""message"": ""Replanning request. curr_vertex_idx: 31"", ""wall_time_utc"": ""2026-09-01T10:14:13.246726+00:00""}"
2534.300000000,LOCAL_REPLAN,"{""message"": ""Call local replanning..."", ""wall_time_utc"": ""2026-09-01T10:14:19.421877+00:00""}"
2534.300000000,REPLAN_REQUESTED,"{""message"": ""Replanning request. curr_vertex_idx: 31"", ""wall_time_utc"": ""2026-09-01T10:14:19.423480+00:00""}"
2540.200000000,LOCAL_REPLAN,"{""message"": ""Call local replanning..."", ""wall_time_utc"": ""2026-09-01T10:14:25.271303+00:00""}"
2540.200000000,REPLAN_REQUESTED,"{""message"": ""Replanning request. curr_vertex_idx: 31"", ""wall_time_utc"": ""2026-09-01T10:14:25.273394+00:00""}"
2545.800000000,LOCAL_REPLAN,"{""message"": ""Call local replanning..."", ""wall_time_utc"": ""2026-09-01T10:14:30.917440+00:00""}"
2545.800000000,REPLAN_REQUESTED,"{""message"": ""Replanning request. curr_vertex_idx: 31"", ""wall_time_utc"": ""2026-09-01T10:14:30.919178+00:00""}"
2552.300000000,LOCAL_REPLAN,"{""message"": ""Call local replanning..."", ""wall_time_utc"": ""2026-09-01T10:14:37.410393+00:00""}"
2552.300000000,REPLAN_REQUESTED,"{""message"": ""Replanning request. curr_vertex_idx: 31"", ""wall_time_utc"": ""2026-09-01T10:14:37.412398+00:00""}"
2558.000000000,LOCAL_REPLAN,"{""message"": ""Call local replanning..."", ""wall_time_utc"": ""2026-09-01T10:14:43.063866+00:00""}"
2558.000000000,REPLAN_REQUESTED,"{""message"": ""Replanning request. curr_vertex_idx: 31"", ""wall_time_utc"": ""2026-09-01T10:14:43.065709+00:00""}"
2564.000000000,LOCAL_REPLAN,"{""message"": ""Call local replanning..."", ""wall_time_utc"": ""2026-09-01T10:14:49.055763+00:00""}"
2564.000000000,REPLAN_REQUESTED,"{""message"": ""Replanning request. curr_vertex_idx: 31"", ""wall_time_utc"": ""2026-09-01T10:14:49.057741+00:00""}"
2570.200000000,LOCAL_REPLAN,"{""message"": ""Call local replanning..."", ""wall_time_utc"": ""2026-09-01T10:14:55.276341+00:00""}"
2570.200000000,REPLAN_REQUESTED,"{""message"": ""Replanning request. curr_vertex_idx: 31"", ""wall_time_utc"": ""2026-09-01T10:14:55.278043+00:00""}"
2576.200000000,LOCAL_REPLAN,"{""message"": ""Call local replanning..."", ""wall_time_utc"": ""2026-09-01T10:15:01.299465+00:00""}"
2576.200000000,REPLAN_REQUESTED,"{""message"": ""Replanning request. curr_vertex_idx: 31"", ""wall_time_utc"": ""2026-09-01T10:15:01.301481+00:00""}"
2582.000000000,LOCAL_REPLAN,"{""message"": ""Call local replanning..."", ""wall_time_utc"": ""2026-09-01T10:15:07.067138+00:00""}"
2582.000000000,REPLAN_REQUESTED,"{""message"": ""Replanning request. curr_vertex_idx: 31"", ""wall_time_utc"": ""2026-09-01T10:15:07.068862+00:00""}"
2588.300000000,LOCAL_REPLAN,"{""message"": ""Call local replanning..."", ""wall_time_utc"": ""2026-09-01T10:15:13.408402+00:00""}"
2588.300000000,REPLAN_REQUESTED,"{""message"": ""Replanning request. curr_vertex_idx: 31"", ""wall_time_utc"": ""2026-09-01T10:15:13.410318+00:00""}"
2594.200000000,LOCAL_REPLAN,"{""message"": ""Call local replanning..."", ""wall_time_utc"": ""2026-09-01T10:15:19.258088+00:00""}"
2594.200000000,REPLAN_REQUESTED,"{""message"": ""Replanning request. curr_vertex_idx: 31"", ""wall_time_utc"": ""2026-09-01T10:15:19.259666+00:00""}"
2600.000000000,LOCAL_REPLAN,"{""message"": ""Call local replanning..."", ""wall_time_utc"": ""2026-09-01T10:15:25.074382+00:00""}"
2600.000000000,REPLAN_REQUESTED,"{""message"": ""Replanning request. curr_vertex_idx: 31"", ""wall_time_utc"": ""2026-09-01T10:15:25.076207+00:00""}"
2606.200000000,LOCAL_REPLAN,"{""message"": ""Call local replanning..."", ""wall_time_utc"": ""2026-09-01T10:15:31.300566+00:00""}"
2606.200000000,REPLAN_REQUESTED,"{""message"": ""Replanning request. curr_vertex_idx: 31"", ""wall_time_utc"": ""2026-09-01T10:15:31.302536+00:00""}"
2612.000000000,LOCAL_REPLAN,"{""message"": ""Call local replanning..."", ""wall_time_utc"": ""2026-09-01T10:15:37.091707+00:00""}"
2612.000000000,REPLAN_REQUESTED,"{""message"": ""Replanning request. curr_vertex_idx: 31"", ""wall_time_utc"": ""2026-09-01T10:15:37.093755+00:00""}"
2618.000000000,LOCAL_REPLAN,"{""message"": ""Call local replanning..."", ""wall_time_utc"": ""2026-09-01T10:15:43.092595+00:00""}"
2618.000000000,REPLAN_REQUESTED,"{""message"": ""Replanning request. curr_vertex_idx: 31"", ""wall_time_utc"": ""2026-09-01T10:15:43.094801+00:00""}"
2624.000000000,LOCAL_REPLAN,"{""message"": ""Call local replanning..."", ""wall_time_utc"": ""2026-09-01T10:15:49.079967+00:00""}"
2624.000000000,REPLAN_REQUESTED,"{""message"": ""Replanning request. curr_vertex_idx: 31"", ""wall_time_utc"": ""2026-09-01T10:15:49.081923+00:00""}"
2629.000000000,KARTO_LOOP_CONSTRAINT,"{""message"": ""Add one Loop closure. 11 loops have been added."", ""wall_time_utc"": ""2026-09-01T10:15:54.124895+00:00""}"
2629.000000000,KARTO_LOOP_ACCEPTED,"{""chain_end"": 1608, ""chain_start"": 1602, ""current_scan"": 1892, ""loop_count"": 11, ""received_ros_time"": 2629.0, ""received_wall_time_utc"": ""2026-09-01T10:15:54.125111+00:00"", ""seq"": 11, ""stamp"": 2629.0, ""wall_time_utc"": ""2026-09-01T10:15:54.125127+00:00""}"
2630.000000000,LOCAL_REPLAN,"{""message"": ""Call local replanning..."", ""wall_time_utc"": ""2026-09-01T10:15:55.032328+00:00""}"
2630.000000000,REPLAN_REQUESTED,"{""message"": ""Replanning request. curr_vertex_idx: 31"", ""wall_time_utc"": ""2026-09-01T10:15:55.034874+00:00""}"
2635.600000000,LOCAL_REPLAN,"{""message"": ""Call local replanning..."", ""wall_time_utc"": ""2026-09-01T10:16:00.684769+00:00""}"
2635.600000000,REPLAN_REQUESTED,"{""message"": ""Replanning request. curr_vertex_idx: 31"", ""wall_time_utc"": ""2026-09-01T10:16:00.686700+00:00""}"
2642.400000000,LOCAL_REPLAN,"{""message"": ""Call local replanning..."", ""wall_time_utc"": ""2026-09-01T10:16:07.431776+00:00""}"
2642.400000000,REPLAN_REQUESTED,"{""message"": ""Replanning request. curr_vertex_idx: 31"", ""wall_time_utc"": ""2026-09-01T10:16:07.434331+00:00""}"
2648.200000000,LOCAL_REPLAN,"{""message"": ""Call local replanning..."", ""wall_time_utc"": ""2026-09-01T10:16:13.239394+00:00""}"
2648.200000000,REPLAN_REQUESTED,"{""message"": ""Replanning request. curr_vertex_idx: 31"", ""wall_time_utc"": ""2026-09-01T10:16:13.241599+00:00""}"
2654.200000000,LOCAL_REPLAN,"{""message"": ""Call local replanning..."", ""wall_time_utc"": ""2026-09-01T10:16:19.289528+00:00""}"
2654.200000000,REPLAN_REQUESTED,"{""message"": ""Replanning request. curr_vertex_idx: 31"", ""wall_time_utc"": ""2026-09-01T10:16:19.291420+00:00""}"
2659.800000000,LOCAL_REPLAN,"{""message"": ""Call local replanning..."", ""wall_time_utc"": ""2026-09-01T10:16:24.918649+00:00""}"
2659.800000000,REPLAN_REQUESTED,"{""message"": ""Replanning request. curr_vertex_idx: 31"", ""wall_time_utc"": ""2026-09-01T10:16:24.920585+00:00""}"
2666.600000000,LOCAL_REPLAN,"{""message"": ""Call local replanning..."", ""wall_time_utc"": ""2026-09-01T10:16:31.667221+00:00""}"
2666.600000000,REPLAN_REQUESTED,"{""message"": ""Replanning request. curr_vertex_idx: 31"", ""wall_time_utc"": ""2026-09-01T10:16:31.669202+00:00""}"
2672.000000000,LOCAL_REPLAN,"{""message"": ""Call local replanning..."", ""wall_time_utc"": ""2026-09-01T10:16:37.086911+00:00""}"
2672.000000000,REPLAN_REQUESTED,"{""message"": ""Replanning request. curr_vertex_idx: 31"", ""wall_time_utc"": ""2026-09-01T10:16:37.088695+00:00""}"
2678.500000000,LOCAL_REPLAN,"{""message"": ""Call local replanning..."", ""wall_time_utc"": ""2026-09-01T10:16:43.560056+00:00""}"
2678.500000000,REPLAN_REQUESTED,"{""message"": ""Replanning request. curr_vertex_idx: 31"", ""wall_time_utc"": ""2026-09-01T10:16:43.561697+00:00""}"
2684.400000000,LOCAL_REPLAN,"{""message"": ""Call local replanning..."", ""wall_time_utc"": ""2026-09-01T10:16:49.446401+00:00""}"
2684.400000000,REPLAN_REQUESTED,"{""message"": ""Replanning request. curr_vertex_idx: 31"", ""wall_time_utc"": ""2026-09-01T10:16:49.448229+00:00""}"
2689.900000000,LOCAL_REPLAN,"{""message"": ""Call local replanning..."", ""wall_time_utc"": ""2026-09-01T10:16:54.984161+00:00""}"
2689.900000000,REPLAN_REQUESTED,"{""message"": ""Replanning request. curr_vertex_idx: 31"", ""wall_time_utc"": ""2026-09-01T10:16:54.985769+00:00""}"
2696.100000000,LOCAL_REPLAN,"{""message"": ""Call local replanning..."", ""wall_time_utc"": ""2026-09-01T10:17:01.135385+00:00""}"
2696.100000000,REPLAN_REQUESTED,"{""message"": ""Replanning request. curr_vertex_idx: 31"", ""wall_time_utc"": ""2026-09-01T10:17:01.137051+00:00""}"
2702.200000000,LOCAL_REPLAN,"{""message"": ""Call local replanning..."", ""wall_time_utc"": ""2026-09-01T10:17:07.286830+00:00""}"
2702.200000000,REPLAN_REQUESTED,"{""message"": ""Replanning request. curr_vertex_idx: 31"", ""wall_time_utc"": ""2026-09-01T10:17:07.288458+00:00""}"
2707.800000000,LOCAL_REPLAN,"{""message"": ""Call local replanning..."", ""wall_time_utc"": ""2026-09-01T10:17:12.875500+00:00""}"
2707.800000000,REPLAN_REQUESTED,"{""message"": ""Replanning request. curr_vertex_idx: 31"", ""wall_time_utc"": ""2026-09-01T10:17:12.877298+00:00""}"
2713.800000000,LOCAL_REPLAN,"{""message"": ""Call local replanning..."", ""wall_time_utc"": ""2026-09-01T10:17:18.898681+00:00""}"
2713.800000000,REPLAN_REQUESTED,"{""message"": ""Replanning request. curr_vertex_idx: 31"", ""wall_time_utc"": ""2026-09-01T10:17:18.900243+00:00""}"
2719.800000000,LOCAL_REPLAN,"{""message"": ""Call local replanning..."", ""wall_time_utc"": ""2026-09-01T10:17:24.862347+00:00""}"
2719.800000000,REPLAN_REQUESTED,"{""message"": ""Replanning request. curr_vertex_idx: 31"", ""wall_time_utc"": ""2026-09-01T10:17:24.864145+00:00""}"
2726.200000000,LOCAL_REPLAN,"{""message"": ""Call local replanning..."", ""wall_time_utc"": ""2026-09-01T10:17:31.292614+00:00""}"
2726.200000000,REPLAN_REQUESTED,"{""message"": ""Replanning request. curr_vertex_idx: 31"", ""wall_time_utc"": ""2026-09-01T10:17:31.294540+00:00""}"
2732.000000000,LOCAL_REPLAN,"{""message"": ""Call local replanning..."", ""wall_time_utc"": ""2026-09-01T10:17:37.083572+00:00""}"
2732.000000000,REPLAN_REQUESTED,"{""message"": ""Replanning request. curr_vertex_idx: 31"", ""wall_time_utc"": ""2026-09-01T10:17:37.085318+00:00""}"
2738.600000000,LOCAL_REPLAN,"{""message"": ""Call local replanning..."", ""wall_time_utc"": ""2026-09-01T10:17:43.657384+00:00""}"
2738.600000000,REPLAN_REQUESTED,"{""message"": ""Replanning request. curr_vertex_idx: 31"", ""wall_time_utc"": ""2026-09-01T10:17:43.658842+00:00""}"
2744.000000000,LOCAL_REPLAN,"{""message"": ""Call local replanning..."", ""wall_time_utc"": ""2026-09-01T10:17:49.087999+00:00""}"
2744.000000000,REPLAN_REQUESTED,"{""message"": ""Replanning request. curr_vertex_idx: 31"", ""wall_time_utc"": ""2026-09-01T10:17:49.089938+00:00""}"
2750.000000000,LOCAL_REPLAN,"{""message"": ""Call local replanning..."", ""wall_time_utc"": ""2026-09-01T10:17:55.093483+00:00""}"
2750.000000000,REPLAN_REQUESTED,"{""message"": ""Replanning request. curr_vertex_idx: 31"", ""wall_time_utc"": ""2026-09-01T10:17:55.095326+00:00""}"
2755.700000000,LOCAL_REPLAN,"{""message"": ""Call local replanning..."", ""wall_time_utc"": ""2026-09-01T10:18:00.740864+00:00""}"
2755.700000000,REPLAN_REQUESTED,"{""message"": ""Replanning request. curr_vertex_idx: 31"", ""wall_time_utc"": ""2026-09-01T10:18:00.742672+00:00""}"
2762.100000000,LOCAL_REPLAN,"{""message"": ""Call local replanning..."", ""wall_time_utc"": ""2026-09-01T10:18:07.224153+00:00""}"
2762.100000000,REPLAN_REQUESTED,"{""message"": ""Replanning request. curr_vertex_idx: 31"", ""wall_time_utc"": ""2026-09-01T10:18:07.226048+00:00""}"
2768.600000000,LOCAL_REPLAN,"{""message"": ""Call local replanning..."", ""wall_time_utc"": ""2026-09-01T10:18:13.713848+00:00""}"
2768.600000000,REPLAN_REQUESTED,"{""message"": ""Replanning request. curr_vertex_idx: 31"", ""wall_time_utc"": ""2026-09-01T10:18:13.715792+00:00""}"
2774.200000000,LOCAL_REPLAN,"{""message"": ""Call local replanning..."", ""wall_time_utc"": ""2026-09-01T10:18:19.288221+00:00""}"
2774.200000000,REPLAN_REQUESTED,"{""message"": ""Replanning request. curr_vertex_idx: 31"", ""wall_time_utc"": ""2026-09-01T10:18:19.290129+00:00""}"
2781.100000000,LOCAL_REPLAN,"{""message"": ""Call local replanning..."", ""wall_time_utc"": ""2026-09-01T10:18:26.194288+00:00""}"
2781.100000000,REPLAN_REQUESTED,"{""message"": ""Replanning request. curr_vertex_idx: 31"", ""wall_time_utc"": ""2026-09-01T10:18:26.196405+00:00""}"
2786.100000000,LOCAL_REPLAN,"{""message"": ""Call local replanning..."", ""wall_time_utc"": ""2026-09-01T10:18:31.154200+00:00""}"
2786.100000000,REPLAN_REQUESTED,"{""message"": ""Replanning request. curr_vertex_idx: 31"", ""wall_time_utc"": ""2026-09-01T10:18:31.156113+00:00""}"
2791.800000000,LOCAL_REPLAN,"{""message"": ""Call local replanning..."", ""wall_time_utc"": ""2026-09-01T10:18:36.898333+00:00""}"
2791.800000000,REPLAN_REQUESTED,"{""message"": ""Replanning request. curr_vertex_idx: 31"", ""wall_time_utc"": ""2026-09-01T10:18:36.900544+00:00""}"
2797.900000000,LOCAL_REPLAN,"{""message"": ""Call local replanning..."", ""wall_time_utc"": ""2026-09-01T10:18:42.956924+00:00""}"
2797.900000000,REPLAN_REQUESTED,"{""message"": ""Replanning request. curr_vertex_idx: 31"", ""wall_time_utc"": ""2026-09-01T10:18:42.959068+00:00""}"
2804.200000000,LOCAL_REPLAN,"{""message"": ""Call local replanning..."", ""wall_time_utc"": ""2026-09-01T10:18:49.307672+00:00""}"
2804.200000000,REPLAN_REQUESTED,"{""message"": ""Replanning request. curr_vertex_idx: 31"", ""wall_time_utc"": ""2026-09-01T10:18:49.309813+00:00""}"
2810.400000000,LOCAL_REPLAN,"{""message"": ""Call local replanning..."", ""wall_time_utc"": ""2026-09-01T10:18:55.506314+00:00""}"
2810.400000000,REPLAN_REQUESTED,"{""message"": ""Replanning request. curr_vertex_idx: 31"", ""wall_time_utc"": ""2026-09-01T10:18:55.508166+00:00""}"
2816.600000000,LOCAL_REPLAN,"{""message"": ""Call local replanning..."", ""wall_time_utc"": ""2026-09-01T10:19:01.670163+00:00""}"
2816.600000000,REPLAN_REQUESTED,"{""message"": ""Replanning request. curr_vertex_idx: 31"", ""wall_time_utc"": ""2026-09-01T10:19:01.672023+00:00""}"
2822.100000000,LOCAL_REPLAN,"{""message"": ""Call local replanning..."", ""wall_time_utc"": ""2026-09-01T10:19:07.141624+00:00""}"
2822.100000000,REPLAN_REQUESTED,"{""message"": ""Replanning request. curr_vertex_idx: 31"", ""wall_time_utc"": ""2026-09-01T10:19:07.143699+00:00""}"
2824.000000000,LOCAL_REPLAN,"{""message"": ""Call local replanning..."", ""wall_time_utc"": ""2026-09-01T10:19:09.102047+00:00""}"
2824.000000000,REPLAN_REQUESTED,"{""message"": ""Replanning request. curr_vertex_idx: 31"", ""wall_time_utc"": ""2026-09-01T10:19:09.104130+00:00""}"
2826.000000000,LOCAL_REPLAN,"{""message"": ""Call local replanning..."", ""wall_time_utc"": ""2026-09-01T10:19:11.127265+00:00""}"
2826.000000000,REPLAN_REQUESTED,"{""message"": ""Replanning request. curr_vertex_idx: 31"", ""wall_time_utc"": ""2026-09-01T10:19:11.129372+00:00""}"
2832.200000000,LOCAL_REPLAN,"{""message"": ""Call local replanning..."", ""wall_time_utc"": ""2026-09-01T10:19:17.291965+00:00""}"
2832.200000000,REPLAN_REQUESTED,"{""message"": ""Replanning request. curr_vertex_idx: 31"", ""wall_time_utc"": ""2026-09-01T10:19:17.293808+00:00""}"
2838.400000000,LOCAL_REPLAN,"{""message"": ""Call local replanning..."", ""wall_time_utc"": ""2026-09-01T10:19:23.497973+00:00""}"
2838.400000000,REPLAN_REQUESTED,"{""message"": ""Replanning request. curr_vertex_idx: 31"", ""wall_time_utc"": ""2026-09-01T10:19:23.499949+00:00""}"
2844.000000000,LOCAL_REPLAN,"{""message"": ""Call local replanning..."", ""wall_time_utc"": ""2026-09-01T10:19:29.116877+00:00""}"
2844.000000000,REPLAN_REQUESTED,"{""message"": ""Replanning request. curr_vertex_idx: 31"", ""wall_time_utc"": ""2026-09-01T10:19:29.119095+00:00""}"
2850.100000000,LOCAL_REPLAN,"{""message"": ""Call local replanning..."", ""wall_time_utc"": ""2026-09-01T10:19:35.166478+00:00""}"
2850.100000000,REPLAN_REQUESTED,"{""message"": ""Replanning request. curr_vertex_idx: 31"", ""wall_time_utc"": ""2026-09-01T10:19:35.169468+00:00""}"
2856.100000000,LOCAL_REPLAN,"{""message"": ""Call local replanning..."", ""wall_time_utc"": ""2026-09-01T10:19:41.135090+00:00""}"
2856.100000000,REPLAN_REQUESTED,"{""message"": ""Replanning request. curr_vertex_idx: 31"", ""wall_time_utc"": ""2026-09-01T10:19:41.137049+00:00""}"
2862.300000000,LOCAL_REPLAN,"{""message"": ""Call local replanning..."", ""wall_time_utc"": ""2026-09-01T10:19:47.415954+00:00""}"
2862.300000000,REPLAN_REQUESTED,"{""message"": ""Replanning request. curr_vertex_idx: 31"", ""wall_time_utc"": ""2026-09-01T10:19:47.417991+00:00""}"
2868.000000000,LOCAL_REPLAN,"{""message"": ""Call local replanning..."", ""wall_time_utc"": ""2026-09-01T10:19:53.114766+00:00""}"
2868.000000000,REPLAN_REQUESTED,"{""message"": ""Replanning request. curr_vertex_idx: 31"", ""wall_time_utc"": ""2026-09-01T10:19:53.116521+00:00""}"
2874.100000000,LOCAL_REPLAN,"{""message"": ""Call local replanning..."", ""wall_time_utc"": ""2026-09-01T10:19:59.150561+00:00""}"
2874.100000000,REPLAN_REQUESTED,"{""message"": ""Replanning request. curr_vertex_idx: 31"", ""wall_time_utc"": ""2026-09-01T10:19:59.152500+00:00""}"
2880.400000000,LOCAL_REPLAN,"{""message"": ""Call local replanning..."", ""wall_time_utc"": ""2026-09-01T10:20:05.530275+00:00""}"
2880.500000000,REPLAN_REQUESTED,"{""message"": ""Replanning request. curr_vertex_idx: 31"", ""wall_time_utc"": ""2026-09-01T10:20:05.532274+00:00""}"
2886.100000000,LOCAL_REPLAN,"{""message"": ""Call local replanning..."", ""wall_time_utc"": ""2026-09-01T10:20:11.138587+00:00""}"
2886.100000000,REPLAN_REQUESTED,"{""message"": ""Replanning request. curr_vertex_idx: 31"", ""wall_time_utc"": ""2026-09-01T10:20:11.140459+00:00""}"
2892.000000000,LOCAL_REPLAN,"{""message"": ""Call local replanning..."", ""wall_time_utc"": ""2026-09-01T10:20:17.107416+00:00""}"
2892.000000000,REPLAN_REQUESTED,"{""message"": ""Replanning request. curr_vertex_idx: 31"", ""wall_time_utc"": ""2026-09-01T10:20:17.109265+00:00""}"
2898.900000000,LOCAL_REPLAN,"{""message"": ""Call local replanning..."", ""wall_time_utc"": ""2026-09-01T10:20:24.027369+00:00""}"
2898.900000000,REPLAN_REQUESTED,"{""message"": ""Replanning request. curr_vertex_idx: 31"", ""wall_time_utc"": ""2026-09-01T10:20:24.029512+00:00""}"
2904.600000000,LOCAL_REPLAN,"{""message"": ""Call local replanning..."", ""wall_time_utc"": ""2026-09-01T10:20:29.677422+00:00""}"
2904.600000000,REPLAN_REQUESTED,"{""message"": ""Replanning request. curr_vertex_idx: 31"", ""wall_time_utc"": ""2026-09-01T10:20:29.679475+00:00""}"
2910.100000000,LOCAL_REPLAN,"{""message"": ""Call local replanning..."", ""wall_time_utc"": ""2026-09-01T10:20:35.144634+00:00""}"
2910.100000000,REPLAN_REQUESTED,"{""message"": ""Replanning request. curr_vertex_idx: 31"", ""wall_time_utc"": ""2026-09-01T10:20:35.146493+00:00""}"
2916.400000000,LOCAL_REPLAN,"{""message"": ""Call local replanning..."", ""wall_time_utc"": ""2026-09-01T10:20:41.510164+00:00""}"
2916.400000000,REPLAN_REQUESTED,"{""message"": ""Replanning request. curr_vertex_idx: 31"", ""wall_time_utc"": ""2026-09-01T10:20:41.512213+00:00""}"
2922.000000000,LOCAL_REPLAN,"{""message"": ""Call local replanning..."", ""wall_time_utc"": ""2026-09-01T10:20:47.117460+00:00""}"
2922.000000000,REPLAN_REQUESTED,"{""message"": ""Replanning request. curr_vertex_idx: 31"", ""wall_time_utc"": ""2026-09-01T10:20:47.119810+00:00""}"
2928.000000000,LOCAL_REPLAN,"{""message"": ""Call local replanning..."", ""wall_time_utc"": ""2026-09-01T10:20:53.080151+00:00""}"
2928.000000000,REPLAN_REQUESTED,"{""message"": ""Replanning request. curr_vertex_idx: 31"", ""wall_time_utc"": ""2026-09-01T10:20:53.082500+00:00""}"
2934.000000000,LOCAL_REPLAN,"{""message"": ""Call local replanning..."", ""wall_time_utc"": ""2026-09-01T10:20:59.110433+00:00""}"
2934.000000000,REPLAN_REQUESTED,"{""message"": ""Replanning request. curr_vertex_idx: 31"", ""wall_time_utc"": ""2026-09-01T10:20:59.112320+00:00""}"
2940.200000000,LOCAL_REPLAN,"{""message"": ""Call local replanning..."", ""wall_time_utc"": ""2026-09-01T10:21:05.290988+00:00""}"
2940.200000000,REPLAN_REQUESTED,"{""message"": ""Replanning request. curr_vertex_idx: 31"", ""wall_time_utc"": ""2026-09-01T10:21:05.293164+00:00""}"
2946.100000000,LOCAL_REPLAN,"{""message"": ""Call local replanning..."", ""wall_time_utc"": ""2026-09-01T10:21:11.151316+00:00""}"
2946.100000000,REPLAN_REQUESTED,"{""message"": ""Replanning request. curr_vertex_idx: 31"", ""wall_time_utc"": ""2026-09-01T10:21:11.153111+00:00""}"
2952.800000000,LOCAL_REPLAN,"{""message"": ""Call local replanning..."", ""wall_time_utc"": ""2026-09-01T10:21:17.888862+00:00""}"
2952.800000000,REPLAN_REQUESTED,"{""message"": ""Replanning request. curr_vertex_idx: 31"", ""wall_time_utc"": ""2026-09-01T10:21:17.890696+00:00""}"
2958.400000000,LOCAL_REPLAN,"{""message"": ""Call local replanning..."", ""wall_time_utc"": ""2026-09-01T10:21:23.519236+00:00""}"
2958.400000000,REPLAN_REQUESTED,"{""message"": ""Replanning request. curr_vertex_idx: 31"", ""wall_time_utc"": ""2026-09-01T10:21:23.521175+00:00""}"
2964.700000000,LOCAL_REPLAN,"{""message"": ""Call local replanning..."", ""wall_time_utc"": ""2026-09-01T10:21:29.758586+00:00""}"
2964.700000000,REPLAN_REQUESTED,"{""message"": ""Replanning request. curr_vertex_idx: 31"", ""wall_time_utc"": ""2026-09-01T10:21:29.760212+00:00""}"
2970.200000000,LOCAL_REPLAN,"{""message"": ""Call local replanning..."", ""wall_time_utc"": ""2026-09-01T10:21:35.316403+00:00""}"
2970.200000000,REPLAN_REQUESTED,"{""message"": ""Replanning request. curr_vertex_idx: 31"", ""wall_time_utc"": ""2026-09-01T10:21:35.318285+00:00""}"
2976.400000000,LOCAL_REPLAN,"{""message"": ""Call local replanning..."", ""wall_time_utc"": ""2026-09-01T10:21:41.508760+00:00""}"
2976.400000000,REPLAN_REQUESTED,"{""message"": ""Replanning request. curr_vertex_idx: 31"", ""wall_time_utc"": ""2026-09-01T10:21:41.510692+00:00""}"
2982.600000000,LOCAL_REPLAN,"{""message"": ""Call local replanning..."", ""wall_time_utc"": ""2026-09-01T10:21:47.683139+00:00""}"
2982.600000000,REPLAN_REQUESTED,"{""message"": ""Replanning request. curr_vertex_idx: 31"", ""wall_time_utc"": ""2026-09-01T10:21:47.685177+00:00""}"
2988.200000000,LOCAL_REPLAN,"{""message"": ""Call local replanning..."", ""wall_time_utc"": ""2026-09-01T10:21:53.320761+00:00""}"
2988.200000000,REPLAN_REQUESTED,"{""message"": ""Replanning request. curr_vertex_idx: 31"", ""wall_time_utc"": ""2026-09-01T10:21:53.323020+00:00""}"
2994.100000000,LOCAL_REPLAN,"{""message"": ""Call local replanning..."", ""wall_time_utc"": ""2026-09-01T10:21:59.143349+00:00""}"
2994.100000000,REPLAN_REQUESTED,"{""message"": ""Replanning request. curr_vertex_idx: 31"", ""wall_time_utc"": ""2026-09-01T10:21:59.145011+00:00""}"
3000.000000000,LOCAL_REPLAN,"{""message"": ""Call local replanning..."", ""wall_time_utc"": ""2026-09-01T10:22:05.121977+00:00""}"
3000.000000000,REPLAN_REQUESTED,"{""message"": ""Replanning request. curr_vertex_idx: 31"", ""wall_time_utc"": ""2026-09-01T10:22:05.123847+00:00""}"
3006.400000000,LOCAL_REPLAN,"{""message"": ""Call local replanning..."", ""wall_time_utc"": ""2026-09-01T10:22:11.516151+00:00""}"
3006.400000000,REPLAN_REQUESTED,"{""message"": ""Replanning request. curr_vertex_idx: 31"", ""wall_time_utc"": ""2026-09-01T10:22:11.517861+00:00""}"
3012.700000000,LOCAL_REPLAN,"{""message"": ""Call local replanning..."", ""wall_time_utc"": ""2026-09-01T10:22:17.738252+00:00""}"
3012.700000000,REPLAN_REQUESTED,"{""message"": ""Replanning request. curr_vertex_idx: 31"", ""wall_time_utc"": ""2026-09-01T10:22:17.740760+00:00""}"
3018.000000000,LOCAL_REPLAN,"{""message"": ""Call local replanning..."", ""wall_time_utc"": ""2026-09-01T10:22:23.047426+00:00""}"
3018.000000000,REPLAN_REQUESTED,"{""message"": ""Replanning request. curr_vertex_idx: 31"", ""wall_time_utc"": ""2026-09-01T10:22:23.049278+00:00""}"
3024.400000000,LOCAL_REPLAN,"{""message"": ""Call local replanning..."", ""wall_time_utc"": ""2026-09-01T10:22:29.526359+00:00""}"
3024.400000000,REPLAN_REQUESTED,"{""message"": ""Replanning request. curr_vertex_idx: 31"", ""wall_time_utc"": ""2026-09-01T10:22:29.528311+00:00""}"
3030.500000000,LOCAL_REPLAN,"{""message"": ""Call local replanning..."", ""wall_time_utc"": ""2026-09-01T10:22:35.542034+00:00""}"
3030.500000000,REPLAN_REQUESTED,"{""message"": ""Replanning request. curr_vertex_idx: 31"", ""wall_time_utc"": ""2026-09-01T10:22:35.543663+00:00""}"
3036.200000000,LOCAL_REPLAN,"{""message"": ""Call local replanning..."", ""wall_time_utc"": ""2026-09-01T10:22:41.299517+00:00""}"
3036.200000000,REPLAN_REQUESTED,"{""message"": ""Replanning request. curr_vertex_idx: 31"", ""wall_time_utc"": ""2026-09-01T10:22:41.301614+00:00""}"
3041.900000000,LOCAL_REPLAN,"{""message"": ""Call local replanning..."", ""wall_time_utc"": ""2026-09-01T10:22:46.976982+00:00""}"
3041.900000000,REPLAN_REQUESTED,"{""message"": ""Replanning request. curr_vertex_idx: 31"", ""wall_time_utc"": ""2026-09-01T10:22:46.978573+00:00""}"
3048.400000000,LOCAL_REPLAN,"{""message"": ""Call local replanning..."", ""wall_time_utc"": ""2026-09-01T10:22:53.507351+00:00""}"
3048.400000000,REPLAN_REQUESTED,"{""message"": ""Replanning request. curr_vertex_idx: 31"", ""wall_time_utc"": ""2026-09-01T10:22:53.509244+00:00""}"
3054.100000000,LOCAL_REPLAN,"{""message"": ""Call local replanning..."", ""wall_time_utc"": ""2026-09-01T10:22:59.142248+00:00""}"
3054.100000000,REPLAN_REQUESTED,"{""message"": ""Replanning request. curr_vertex_idx: 31"", ""wall_time_utc"": ""2026-09-01T10:22:59.144272+00:00""}"
3060.000000000,LOCAL_REPLAN,"{""message"": ""Call local replanning..."", ""wall_time_utc"": ""2026-09-01T10:23:05.131605+00:00""}"
3060.100000000,REPLAN_REQUESTED,"{""message"": ""Replanning request. curr_vertex_idx: 31"", ""wall_time_utc"": ""2026-09-01T10:23:05.133085+00:00""}"
3065.800000000,LOCAL_REPLAN,"{""message"": ""Call local replanning..."", ""wall_time_utc"": ""2026-09-01T10:23:10.903255+00:00""}"
3065.800000000,REPLAN_REQUESTED,"{""message"": ""Replanning request. curr_vertex_idx: 31"", ""wall_time_utc"": ""2026-09-01T10:23:10.904988+00:00""}"
3071.900000000,LOCAL_REPLAN,"{""message"": ""Call local replanning..."", ""wall_time_utc"": ""2026-09-01T10:23:16.968704+00:00""}"
3071.900000000,REPLAN_REQUESTED,"{""message"": ""Replanning request. curr_vertex_idx: 31"", ""wall_time_utc"": ""2026-09-01T10:23:16.970244+00:00""}"
3078.100000000,LOCAL_REPLAN,"{""message"": ""Call local replanning..."", ""wall_time_utc"": ""2026-09-01T10:23:23.138726+00:00""}"
3078.100000000,REPLAN_REQUESTED,"{""message"": ""Replanning request. curr_vertex_idx: 31"", ""wall_time_utc"": ""2026-09-01T10:23:23.140495+00:00""}"
3084.200000000,LOCAL_REPLAN,"{""message"": ""Call local replanning..."", ""wall_time_utc"": ""2026-09-01T10:23:29.317895+00:00""}"
3084.200000000,REPLAN_REQUESTED,"{""message"": ""Replanning request. curr_vertex_idx: 31"", ""wall_time_utc"": ""2026-09-01T10:23:29.319996+00:00""}"
3090.200000000,LOCAL_REPLAN,"{""message"": ""Call local replanning..."", ""wall_time_utc"": ""2026-09-01T10:23:35.308915+00:00""}"
3090.200000000,REPLAN_REQUESTED,"{""message"": ""Replanning request. curr_vertex_idx: 31"", ""wall_time_utc"": ""2026-09-01T10:23:35.310881+00:00""}"
3096.500000000,LOCAL_REPLAN,"{""message"": ""Call local replanning..."", ""wall_time_utc"": ""2026-09-01T10:23:41.592209+00:00""}"
3096.500000000,REPLAN_REQUESTED,"{""message"": ""Replanning request. curr_vertex_idx: 31"", ""wall_time_utc"": ""2026-09-01T10:23:41.594176+00:00""}"
3102.100000000,LOCAL_REPLAN,"{""message"": ""Call local replanning..."", ""wall_time_utc"": ""2026-09-01T10:23:47.132757+00:00""}"
3102.100000000,REPLAN_REQUESTED,"{""message"": ""Replanning request. curr_vertex_idx: 31"", ""wall_time_utc"": ""2026-09-01T10:23:47.134706+00:00""}"
3108.000000000,LOCAL_REPLAN,"{""message"": ""Call local replanning..."", ""wall_time_utc"": ""2026-09-01T10:23:53.127624+00:00""}"
3108.000000000,REPLAN_REQUESTED,"{""message"": ""Replanning request. curr_vertex_idx: 31"", ""wall_time_utc"": ""2026-09-01T10:23:53.129446+00:00""}"
3114.100000000,LOCAL_REPLAN,"{""message"": ""Call local replanning..."", ""wall_time_utc"": ""2026-09-01T10:23:59.153904+00:00""}"
3114.100000000,REPLAN_REQUESTED,"{""message"": ""Replanning request. curr_vertex_idx: 31"", ""wall_time_utc"": ""2026-09-01T10:23:59.155753+00:00""}"
3120.100000000,LOCAL_REPLAN,"{""message"": ""Call local replanning..."", ""wall_time_utc"": ""2026-09-01T10:24:05.135558+00:00""}"
3120.100000000,REPLAN_REQUESTED,"{""message"": ""Replanning request. curr_vertex_idx: 31"", ""wall_time_utc"": ""2026-09-01T10:24:05.137195+00:00""}"
3126.300000000,LOCAL_REPLAN,"{""message"": ""Call local replanning..."", ""wall_time_utc"": ""2026-09-01T10:24:11.349856+00:00""}"
3126.300000000,REPLAN_REQUESTED,"{""message"": ""Replanning request. curr_vertex_idx: 31"", ""wall_time_utc"": ""2026-09-01T10:24:11.351604+00:00""}"
3131.700000000,LOCAL_REPLAN,"{""message"": ""Call local replanning..."", ""wall_time_utc"": ""2026-09-01T10:24:16.743666+00:00""}"
3131.700000000,REPLAN_REQUESTED,"{""message"": ""Replanning request. curr_vertex_idx: 31"", ""wall_time_utc"": ""2026-09-01T10:24:16.745374+00:00""}"
3135.600000000,KARTO_LOOP_CONSTRAINT,"{""message"": ""Add one Loop closure. 12 loops have been added."", ""wall_time_utc"": ""2026-09-01T10:24:20.715495+00:00""}"
3135.600000000,KARTO_LOOP_ACCEPTED,"{""chain_end"": 1891, ""chain_start"": 1884, ""current_scan"": 2191, ""loop_count"": 12, ""received_ros_time"": 3135.6, ""received_wall_time_utc"": ""2026-09-01T10:24:20.715651+00:00"", ""seq"": 12, ""stamp"": 3135.6, ""wall_time_utc"": ""2026-09-01T10:24:20.715662+00:00""}"
3138.100000000,LOCAL_REPLAN,"{""message"": ""Call local replanning..."", ""wall_time_utc"": ""2026-09-01T10:24:23.130949+00:00""}"
3138.100000000,REPLAN_REQUESTED,"{""message"": ""Replanning request. curr_vertex_idx: 31"", ""wall_time_utc"": ""2026-09-01T10:24:23.132826+00:00""}"
3144.700000000,LOCAL_REPLAN,"{""message"": ""Call local replanning..."", ""wall_time_utc"": ""2026-09-01T10:24:29.753622+00:00""}"
3144.700000000,REPLAN_REQUESTED,"{""message"": ""Replanning request. curr_vertex_idx: 31"", ""wall_time_utc"": ""2026-09-01T10:24:29.755521+00:00""}"
3150.100000000,LOCAL_REPLAN,"{""message"": ""Call local replanning..."", ""wall_time_utc"": ""2026-09-01T10:24:35.141489+00:00""}"
3150.100000000,REPLAN_REQUESTED,"{""message"": ""Replanning request. curr_vertex_idx: 31"", ""wall_time_utc"": ""2026-09-01T10:24:35.143472+00:00""}"
3156.300000000,LOCAL_REPLAN,"{""message"": ""Call local replanning..."", ""wall_time_utc"": ""2026-09-01T10:24:41.340503+00:00""}"
3156.300000000,REPLAN_REQUESTED,"{""message"": ""Replanning request. curr_vertex_idx: 31"", ""wall_time_utc"": ""2026-09-01T10:24:41.342584+00:00""}"
3162.200000000,LOCAL_REPLAN,"{""message"": ""Call local replanning..."", ""wall_time_utc"": ""2026-09-01T10:24:47.247933+00:00""}"
3162.200000000,REPLAN_REQUESTED,"{""message"": ""Replanning request. curr_vertex_idx: 31"", ""wall_time_utc"": ""2026-09-01T10:24:47.249892+00:00""}"
3168.100000000,LOCAL_REPLAN,"{""message"": ""Call local replanning..."", ""wall_time_utc"": ""2026-09-01T10:24:53.200401+00:00""}"
3168.100000000,REPLAN_REQUESTED,"{""message"": ""Replanning request. curr_vertex_idx: 31"", ""wall_time_utc"": ""2026-09-01T10:24:53.202668+00:00""}"
3168.200000000,KARTO_LOOP_ACCEPTED,"{""chain_end"": 54, ""chain_start"": 46, ""current_scan"": 2218, ""loop_count"": 13, ""received_ros_time"": 3168.2, ""received_wall_time_utc"": ""2026-09-01T10:24:53.268583+00:00"", ""seq"": 13, ""stamp"": 3168.2, ""wall_time_utc"": ""2026-09-01T10:24:53.268602+00:00""}"
3168.200000000,KARTO_LOOP_CONSTRAINT,"{""message"": ""Add one Loop closure. 13 loops have been added."", ""wall_time_utc"": ""2026-09-01T10:24:53.268799+00:00""}"
3175.200000000,LOCAL_REPLAN,"{""message"": ""Call local replanning..."", ""wall_time_utc"": ""2026-09-01T10:25:00.300953+00:00""}"
3175.200000000,REPLAN_REQUESTED,"{""message"": ""Replanning request. curr_vertex_idx: 31"", ""wall_time_utc"": ""2026-09-01T10:25:00.303181+00:00""}"
3181.300000000,LOCAL_REPLAN,"{""message"": ""Call local replanning..."", ""wall_time_utc"": ""2026-09-01T10:25:06.368175+00:00""}"
3181.300000000,REPLAN_REQUESTED,"{""message"": ""Replanning request. curr_vertex_idx: 31"", ""wall_time_utc"": ""2026-09-01T10:25:06.370155+00:00""}"
3187.200000000,LOCAL_REPLAN,"{""message"": ""Call local replanning..."", ""wall_time_utc"": ""2026-09-01T10:25:12.260543+00:00""}"
3187.200000000,REPLAN_REQUESTED,"{""message"": ""Replanning request. curr_vertex_idx: 31"", ""wall_time_utc"": ""2026-09-01T10:25:12.262208+00:00""}"
3194.300000000,LOCAL_REPLAN,"{""message"": ""Call local replanning..."", ""wall_time_utc"": ""2026-09-01T10:25:19.374090+00:00""}"
3194.300000000,REPLAN_REQUESTED,"{""message"": ""Replanning request. curr_vertex_idx: 31"", ""wall_time_utc"": ""2026-09-01T10:25:19.376255+00:00""}"
3200.500000000,LOCAL_REPLAN,"{""message"": ""Call local replanning..."", ""wall_time_utc"": ""2026-09-01T10:25:25.585237+00:00""}"
3200.500000000,REPLAN_REQUESTED,"{""message"": ""Replanning request. curr_vertex_idx: 31"", ""wall_time_utc"": ""2026-09-01T10:25:25.587101+00:00""}"
3206.300000000,LOCAL_REPLAN,"{""message"": ""Call local replanning..."", ""wall_time_utc"": ""2026-09-01T10:25:31.382346+00:00""}"
3206.300000000,REPLAN_REQUESTED,"{""message"": ""Replanning request. curr_vertex_idx: 31"", ""wall_time_utc"": ""2026-09-01T10:25:31.384647+00:00""}"
3212.300000000,LOCAL_REPLAN,"{""message"": ""Call local replanning..."", ""wall_time_utc"": ""2026-09-01T10:25:37.362882+00:00""}"
3212.300000000,REPLAN_REQUESTED,"{""message"": ""Replanning request. curr_vertex_idx: 31"", ""wall_time_utc"": ""2026-09-01T10:25:37.364890+00:00""}"
3218.500000000,LOCAL_REPLAN,"{""message"": ""Call local replanning..."", ""wall_time_utc"": ""2026-09-01T10:25:43.542552+00:00""}"
3218.500000000,REPLAN_REQUESTED,"{""message"": ""Replanning request. curr_vertex_idx: 31"", ""wall_time_utc"": ""2026-09-01T10:25:43.545038+00:00""}"
3223.800000000,LOCAL_REPLAN,"{""message"": ""Call local replanning..."", ""wall_time_utc"": ""2026-09-01T10:25:48.850839+00:00""}"
3223.800000000,REPLAN_REQUESTED,"{""message"": ""Replanning request. curr_vertex_idx: 31"", ""wall_time_utc"": ""2026-09-01T10:25:48.852869+00:00""}"
3230.900000000,LOCAL_REPLAN,"{""message"": ""Call local replanning..."", ""wall_time_utc"": ""2026-09-01T10:25:55.997902+00:00""}"
3230.900000000,REPLAN_REQUESTED,"{""message"": ""Replanning request. curr_vertex_idx: 31"", ""wall_time_utc"": ""2026-09-01T10:25:55.999679+00:00""}"
3237.100000000,LOCAL_REPLAN,"{""message"": ""Call local replanning..."", ""wall_time_utc"": ""2026-09-01T10:26:02.158176+00:00""}"
3237.100000000,REPLAN_REQUESTED,"{""message"": ""Replanning request. curr_vertex_idx: 31"", ""wall_time_utc"": ""2026-09-01T10:26:02.160455+00:00""}"
3242.200000000,LOCAL_REPLAN,"{""message"": ""Call local replanning..."", ""wall_time_utc"": ""2026-09-01T10:26:07.268775+00:00""}"
3242.200000000,REPLAN_REQUESTED,"{""message"": ""Replanning request. curr_vertex_idx: 31"", ""wall_time_utc"": ""2026-09-01T10:26:07.270665+00:00""}"
3248.200000000,LOCAL_REPLAN,"{""message"": ""Call local replanning..."", ""wall_time_utc"": ""2026-09-01T10:26:13.249807+00:00""}"
3248.200000000,REPLAN_REQUESTED,"{""message"": ""Replanning request. curr_vertex_idx: 31"", ""wall_time_utc"": ""2026-09-01T10:26:13.251520+00:00""}"
3254.500000000,LOCAL_REPLAN,"{""message"": ""Call local replanning..."", ""wall_time_utc"": ""2026-09-01T10:26:19.565366+00:00""}"
3254.500000000,REPLAN_REQUESTED,"{""message"": ""Replanning request. curr_vertex_idx: 31"", ""wall_time_utc"": ""2026-09-01T10:26:19.567215+00:00""}"
3260.800000000,LOCAL_REPLAN,"{""message"": ""Call local replanning..."", ""wall_time_utc"": ""2026-09-01T10:26:25.844039+00:00""}"
3260.800000000,REPLAN_REQUESTED,"{""message"": ""Replanning request. curr_vertex_idx: 31"", ""wall_time_utc"": ""2026-09-01T10:26:25.845856+00:00""}"
3266.900000000,LOCAL_REPLAN,"{""message"": ""Call local replanning..."", ""wall_time_utc"": ""2026-09-01T10:26:31.959868+00:00""}"
3266.900000000,REPLAN_REQUESTED,"{""message"": ""Replanning request. curr_vertex_idx: 31"", ""wall_time_utc"": ""2026-09-01T10:26:31.961660+00:00""}"
3272.400000000,LOCAL_REPLAN,"{""message"": ""Call local replanning..."", ""wall_time_utc"": ""2026-09-01T10:26:37.478968+00:00""}"
3272.400000000,REPLAN_REQUESTED,"{""message"": ""Replanning request. curr_vertex_idx: 31"", ""wall_time_utc"": ""2026-09-01T10:26:37.480857+00:00""}"
3277.900000000,LOCAL_REPLAN,"{""message"": ""Call local replanning..."", ""wall_time_utc"": ""2026-09-01T10:26:43.012789+00:00""}"
3277.900000000,REPLAN_REQUESTED,"{""message"": ""Replanning request. curr_vertex_idx: 31"", ""wall_time_utc"": ""2026-09-01T10:26:43.014700+00:00""}"
3284.400000000,LOCAL_REPLAN,"{""message"": ""Call local replanning..."", ""wall_time_utc"": ""2026-09-01T10:26:49.508144+00:00""}"
3284.400000000,REPLAN_REQUESTED,"{""message"": ""Replanning request. curr_vertex_idx: 31"", ""wall_time_utc"": ""2026-09-01T10:26:49.509809+00:00""}"
3291.500000000,LOCAL_REPLAN,"{""message"": ""Call local replanning..."", ""wall_time_utc"": ""2026-09-01T10:26:56.605177+00:00""}"
3291.500000000,REPLAN_REQUESTED,"{""message"": ""Replanning request. curr_vertex_idx: 31"", ""wall_time_utc"": ""2026-09-01T10:26:56.607131+00:00""}"
3297.500000000,LOCAL_REPLAN,"{""message"": ""Call local replanning..."", ""wall_time_utc"": ""2026-09-01T10:27:02.586632+00:00""}"
3297.500000000,REPLAN_REQUESTED,"{""message"": ""Replanning request. curr_vertex_idx: 31"", ""wall_time_utc"": ""2026-09-01T10:27:02.588689+00:00""}"
3303.900000000,LOCAL_REPLAN,"{""message"": ""Call local replanning..."", ""wall_time_utc"": ""2026-09-01T10:27:09.014560+00:00""}"
3303.900000000,REPLAN_REQUESTED,"{""message"": ""Replanning request. curr_vertex_idx: 31"", ""wall_time_utc"": ""2026-09-01T10:27:09.016745+00:00""}"
3309.900000000,LOCAL_REPLAN,"{""message"": ""Call local replanning..."", ""wall_time_utc"": ""2026-09-01T10:27:15.023725+00:00""}"
3309.900000000,REPLAN_REQUESTED,"{""message"": ""Replanning request. curr_vertex_idx: 31"", ""wall_time_utc"": ""2026-09-01T10:27:15.025584+00:00""}"
3315.600000000,LOCAL_REPLAN,"{""message"": ""Call local replanning..."", ""wall_time_utc"": ""2026-09-01T10:27:20.689727+00:00""}"
3315.600000000,REPLAN_REQUESTED,"{""message"": ""Replanning request. curr_vertex_idx: 31"", ""wall_time_utc"": ""2026-09-01T10:27:20.691558+00:00""}"
3322.000000000,LOCAL_REPLAN,"{""message"": ""Call local replanning..."", ""wall_time_utc"": ""2026-09-01T10:27:27.094689+00:00""}"
3322.000000000,REPLAN_REQUESTED,"{""message"": ""Replanning request. curr_vertex_idx: 31"", ""wall_time_utc"": ""2026-09-01T10:27:27.096534+00:00""}"
3328.000000000,LOCAL_REPLAN,"{""message"": ""Call local replanning..."", ""wall_time_utc"": ""2026-09-01T10:27:33.066808+00:00""}"
3328.000000000,REPLAN_REQUESTED,"{""message"": ""Replanning request. curr_vertex_idx: 31"", ""wall_time_utc"": ""2026-09-01T10:27:33.068448+00:00""}"
3333.500000000,LOCAL_REPLAN,"{""message"": ""Call local replanning..."", ""wall_time_utc"": ""2026-09-01T10:27:38.612839+00:00""}"
3333.500000000,REPLAN_REQUESTED,"{""message"": ""Replanning request. curr_vertex_idx: 31"", ""wall_time_utc"": ""2026-09-01T10:27:38.614837+00:00""}"
3339.900000000,LOCAL_REPLAN,"{""message"": ""Call local replanning..."", ""wall_time_utc"": ""2026-09-01T10:27:45.018676+00:00""}"
3339.900000000,REPLAN_REQUESTED,"{""message"": ""Replanning request. curr_vertex_idx: 31"", ""wall_time_utc"": ""2026-09-01T10:27:45.020543+00:00""}"
3345.700000000,LOCAL_REPLAN,"{""message"": ""Call local replanning..."", ""wall_time_utc"": ""2026-09-01T10:27:50.790996+00:00""}"
3345.700000000,REPLAN_REQUESTED,"{""message"": ""Replanning request. curr_vertex_idx: 31"", ""wall_time_utc"": ""2026-09-01T10:27:50.792726+00:00""}"
3351.700000000,LOCAL_REPLAN,"{""message"": ""Call local replanning..."", ""wall_time_utc"": ""2026-09-01T10:27:56.752383+00:00""}"
3351.700000000,REPLAN_REQUESTED,"{""message"": ""Replanning request. curr_vertex_idx: 31"", ""wall_time_utc"": ""2026-09-01T10:27:56.754489+00:00""}"
3357.500000000,LOCAL_REPLAN,"{""message"": ""Call local replanning..."", ""wall_time_utc"": ""2026-09-01T10:28:02.591029+00:00""}"
3357.500000000,REPLAN_REQUESTED,"{""message"": ""Replanning request. curr_vertex_idx: 31"", ""wall_time_utc"": ""2026-09-01T10:28:02.592761+00:00""}"
3363.900000000,LOCAL_REPLAN,"{""message"": ""Call local replanning..."", ""wall_time_utc"": ""2026-09-01T10:28:09.003018+00:00""}"
3363.900000000,REPLAN_REQUESTED,"{""message"": ""Replanning request. curr_vertex_idx: 31"", ""wall_time_utc"": ""2026-09-01T10:28:09.005434+00:00""}"
3371.200000000,LOCAL_REPLAN,"{""message"": ""Call local replanning..."", ""wall_time_utc"": ""2026-09-01T10:28:16.294187+00:00""}"
3371.200000000,REPLAN_REQUESTED,"{""message"": ""Replanning request. curr_vertex_idx: 31"", ""wall_time_utc"": ""2026-09-01T10:28:16.296312+00:00""}"
3377.300000000,LOCAL_REPLAN,"{""message"": ""Call local replanning..."", ""wall_time_utc"": ""2026-09-01T10:28:22.406444+00:00""}"
3377.300000000,REPLAN_REQUESTED,"{""message"": ""Replanning request. curr_vertex_idx: 31"", ""wall_time_utc"": ""2026-09-01T10:28:22.408317+00:00""}"
3383.200000000,LOCAL_REPLAN,"{""message"": ""Call local replanning..."", ""wall_time_utc"": ""2026-09-01T10:28:28.287428+00:00""}"
3383.200000000,REPLAN_REQUESTED,"{""message"": ""Replanning request. curr_vertex_idx: 31"", ""wall_time_utc"": ""2026-09-01T10:28:28.289432+00:00""}"
3385.400000000,LOCAL_REPLAN,"{""message"": ""Call local replanning..."", ""wall_time_utc"": ""2026-09-01T10:28:30.475399+00:00""}"
3385.400000000,REPLAN_REQUESTED,"{""message"": ""Replanning request. curr_vertex_idx: 31"", ""wall_time_utc"": ""2026-09-01T10:28:30.477588+00:00""}"
3390.800000000,LOCAL_REPLAN,"{""message"": ""Call local replanning..."", ""wall_time_utc"": ""2026-09-01T10:28:35.884983+00:00""}"
3390.800000000,REPLAN_REQUESTED,"{""message"": ""Replanning request. curr_vertex_idx: 31"", ""wall_time_utc"": ""2026-09-01T10:28:35.887050+00:00""}"
3397.200000000,LOCAL_REPLAN,"{""message"": ""Call local replanning..."", ""wall_time_utc"": ""2026-09-01T10:28:42.271303+00:00""}"
3397.200000000,REPLAN_REQUESTED,"{""message"": ""Replanning request. curr_vertex_idx: 31"", ""wall_time_utc"": ""2026-09-01T10:28:42.273359+00:00""}"
3403.000000000,LOCAL_REPLAN,"{""message"": ""Call local replanning..."", ""wall_time_utc"": ""2026-09-01T10:28:48.074148+00:00""}"
3403.000000000,REPLAN_REQUESTED,"{""message"": ""Replanning request. curr_vertex_idx: 31"", ""wall_time_utc"": ""2026-09-01T10:28:48.075977+00:00""}"
3409.700000000,LOCAL_REPLAN,"{""message"": ""Call local replanning..."", ""wall_time_utc"": ""2026-09-01T10:28:54.746375+00:00""}"
3409.700000000,REPLAN_REQUESTED,"{""message"": ""Replanning request. curr_vertex_idx: 31"", ""wall_time_utc"": ""2026-09-01T10:28:54.747970+00:00""}"
3415.700000000,LOCAL_REPLAN,"{""message"": ""Call local replanning..."", ""wall_time_utc"": ""2026-09-01T10:29:00.749273+00:00""}"
3415.700000000,REPLAN_REQUESTED,"{""message"": ""Replanning request. curr_vertex_idx: 31"", ""wall_time_utc"": ""2026-09-01T10:29:00.751140+00:00""}"
3421.400000000,LOCAL_REPLAN,"{""message"": ""Call local replanning..."", ""wall_time_utc"": ""2026-09-01T10:29:06.527315+00:00""}"
3421.400000000,REPLAN_REQUESTED,"{""message"": ""Replanning request. curr_vertex_idx: 31"", ""wall_time_utc"": ""2026-09-01T10:29:06.529322+00:00""}"
3427.900000000,LOCAL_REPLAN,"{""message"": ""Call local replanning..."", ""wall_time_utc"": ""2026-09-01T10:29:12.944239+00:00""}"
3427.900000000,REPLAN_REQUESTED,"{""message"": ""Replanning request. curr_vertex_idx: 31"", ""wall_time_utc"": ""2026-09-01T10:29:12.945861+00:00""}"
3433.700000000,LOCAL_REPLAN,"{""message"": ""Call local replanning..."", ""wall_time_utc"": ""2026-09-01T10:29:18.763741+00:00""}"
3433.700000000,REPLAN_REQUESTED,"{""message"": ""Replanning request. curr_vertex_idx: 31"", ""wall_time_utc"": ""2026-09-01T10:29:18.765747+00:00""}"
3439.400000000,LOCAL_REPLAN,"{""message"": ""Call local replanning..."", ""wall_time_utc"": ""2026-09-01T10:29:24.506198+00:00""}"
3439.400000000,REPLAN_REQUESTED,"{""message"": ""Replanning request. curr_vertex_idx: 31"", ""wall_time_utc"": ""2026-09-01T10:29:24.508251+00:00""}"
3445.700000000,LOCAL_REPLAN,"{""message"": ""Call local replanning..."", ""wall_time_utc"": ""2026-09-01T10:29:30.805823+00:00""}"
3445.700000000,REPLAN_REQUESTED,"{""message"": ""Replanning request. curr_vertex_idx: 31"", ""wall_time_utc"": ""2026-09-01T10:29:30.807808+00:00""}"
3451.500000000,LOCAL_REPLAN,"{""message"": ""Call local replanning..."", ""wall_time_utc"": ""2026-09-01T10:29:36.554602+00:00""}"
3451.500000000,REPLAN_REQUESTED,"{""message"": ""Replanning request. curr_vertex_idx: 31"", ""wall_time_utc"": ""2026-09-01T10:29:36.556680+00:00""}"
3457.200000000,LOCAL_REPLAN,"{""message"": ""Call local replanning..."", ""wall_time_utc"": ""2026-09-01T10:29:42.311525+00:00""}"
3457.200000000,REPLAN_REQUESTED,"{""message"": ""Replanning request. curr_vertex_idx: 31"", ""wall_time_utc"": ""2026-09-01T10:29:42.313607+00:00""}"
3463.000000000,LOCAL_REPLAN,"{""message"": ""Call local replanning..."", ""wall_time_utc"": ""2026-09-01T10:29:48.064559+00:00""}"
3463.000000000,REPLAN_REQUESTED,"{""message"": ""Replanning request. curr_vertex_idx: 31"", ""wall_time_utc"": ""2026-09-01T10:29:48.066655+00:00""}"
3469.700000000,LOCAL_REPLAN,"{""message"": ""Call local replanning..."", ""wall_time_utc"": ""2026-09-01T10:29:54.766153+00:00""}"
3469.700000000,REPLAN_REQUESTED,"{""message"": ""Replanning request. curr_vertex_idx: 31"", ""wall_time_utc"": ""2026-09-01T10:29:54.768046+00:00""}"
3475.400000000,LOCAL_REPLAN,"{""message"": ""Call local replanning..."", ""wall_time_utc"": ""2026-09-01T10:30:00.503614+00:00""}"
3475.400000000,REPLAN_REQUESTED,"{""message"": ""Replanning request. curr_vertex_idx: 31"", ""wall_time_utc"": ""2026-09-01T10:30:00.505730+00:00""}"
3480.900000000,LOCAL_REPLAN,"{""message"": ""Call local replanning..."", ""wall_time_utc"": ""2026-09-01T10:30:05.937844+00:00""}"
3480.900000000,REPLAN_REQUESTED,"{""message"": ""Replanning request. curr_vertex_idx: 31"", ""wall_time_utc"": ""2026-09-01T10:30:05.939801+00:00""}"
3486.900000000,LOCAL_REPLAN,"{""message"": ""Call local replanning..."", ""wall_time_utc"": ""2026-09-01T10:30:11.995308+00:00""}"
3486.900000000,REPLAN_REQUESTED,"{""message"": ""Replanning request. curr_vertex_idx: 31"", ""wall_time_utc"": ""2026-09-01T10:30:11.997434+00:00""}"
3492.900000000,LOCAL_REPLAN,"{""message"": ""Call local replanning..."", ""wall_time_utc"": ""2026-09-01T10:30:17.968769+00:00""}"
3492.900000000,REPLAN_REQUESTED,"{""message"": ""Replanning request. curr_vertex_idx: 31"", ""wall_time_utc"": ""2026-09-01T10:30:17.970895+00:00""}"
3499.200000000,LOCAL_REPLAN,"{""message"": ""Call local replanning..."", ""wall_time_utc"": ""2026-09-01T10:30:24.313823+00:00""}"
3499.200000000,REPLAN_REQUESTED,"{""message"": ""Replanning request. curr_vertex_idx: 31"", ""wall_time_utc"": ""2026-09-01T10:30:24.315496+00:00""}"
3505.300000000,LOCAL_REPLAN,"{""message"": ""Call local replanning..."", ""wall_time_utc"": ""2026-09-01T10:30:30.385981+00:00""}"
3505.300000000,REPLAN_REQUESTED,"{""message"": ""Replanning request. curr_vertex_idx: 31"", ""wall_time_utc"": ""2026-09-01T10:30:30.387839+00:00""}"
3511.300000000,LOCAL_REPLAN,"{""message"": ""Call local replanning..."", ""wall_time_utc"": ""2026-09-01T10:30:36.336974+00:00""}"
3511.300000000,REPLAN_REQUESTED,"{""message"": ""Replanning request. curr_vertex_idx: 31"", ""wall_time_utc"": ""2026-09-01T10:30:36.338786+00:00""}"
3518.100000000,LOCAL_REPLAN,"{""message"": ""Call local replanning..."", ""wall_time_utc"": ""2026-09-01T10:30:43.139127+00:00""}"
3518.100000000,REPLAN_REQUESTED,"{""message"": ""Replanning request. curr_vertex_idx: 31"", ""wall_time_utc"": ""2026-09-01T10:30:43.141091+00:00""}"
3523.400000000,LOCAL_REPLAN,"{""message"": ""Call local replanning..."", ""wall_time_utc"": ""2026-09-01T10:30:48.468018+00:00""}"
3523.400000000,REPLAN_REQUESTED,"{""message"": ""Replanning request. curr_vertex_idx: 31"", ""wall_time_utc"": ""2026-09-01T10:30:48.469849+00:00""}"
3529.900000000,LOCAL_REPLAN,"{""message"": ""Call local replanning..."", ""wall_time_utc"": ""2026-09-01T10:30:54.980979+00:00""}"
3529.900000000,REPLAN_REQUESTED,"{""message"": ""Replanning request. curr_vertex_idx: 31"", ""wall_time_utc"": ""2026-09-01T10:30:54.982690+00:00""}"
3535.200000000,LOCAL_REPLAN,"{""message"": ""Call local replanning..."", ""wall_time_utc"": ""2026-09-01T10:31:00.310189+00:00""}"
3535.200000000,REPLAN_REQUESTED,"{""message"": ""Replanning request. curr_vertex_idx: 31"", ""wall_time_utc"": ""2026-09-01T10:31:00.312032+00:00""}"
3541.200000000,LOCAL_REPLAN,"{""message"": ""Call local replanning..."", ""wall_time_utc"": ""2026-09-01T10:31:06.314330+00:00""}"
3541.200000000,REPLAN_REQUESTED,"{""message"": ""Replanning request. curr_vertex_idx: 31"", ""wall_time_utc"": ""2026-09-01T10:31:06.316393+00:00""}"
3547.000000000,LOCAL_REPLAN,"{""message"": ""Call local replanning..."", ""wall_time_utc"": ""2026-09-01T10:31:12.127243+00:00""}"
3547.000000000,REPLAN_REQUESTED,"{""message"": ""Replanning request. curr_vertex_idx: 31"", ""wall_time_utc"": ""2026-09-01T10:31:12.129617+00:00""}"
3553.700000000,LOCAL_REPLAN,"{""message"": ""Call local replanning..."", ""wall_time_utc"": ""2026-09-01T10:31:18.822119+00:00""}"
3553.700000000,REPLAN_REQUESTED,"{""message"": ""Replanning request. curr_vertex_idx: 31"", ""wall_time_utc"": ""2026-09-01T10:31:18.824332+00:00""}"
3559.400000000,LOCAL_REPLAN,"{""message"": ""Call local replanning..."", ""wall_time_utc"": ""2026-09-01T10:31:24.491225+00:00""}"
3559.400000000,REPLAN_REQUESTED,"{""message"": ""Replanning request. curr_vertex_idx: 31"", ""wall_time_utc"": ""2026-09-01T10:31:24.493628+00:00""}"
3565.900000000,LOCAL_REPLAN,"{""message"": ""Call local replanning..."", ""wall_time_utc"": ""2026-09-01T10:31:30.987334+00:00""}"
3565.900000000,REPLAN_REQUESTED,"{""message"": ""Replanning request. curr_vertex_idx: 31"", ""wall_time_utc"": ""2026-09-01T10:31:30.989470+00:00""}"
3571.200000000,LOCAL_REPLAN,"{""message"": ""Call local replanning..."", ""wall_time_utc"": ""2026-09-01T10:31:36.320320+00:00""}"
3571.200000000,REPLAN_REQUESTED,"{""message"": ""Replanning request. curr_vertex_idx: 31"", ""wall_time_utc"": ""2026-09-01T10:31:36.322343+00:00""}"
3577.200000000,LOCAL_REPLAN,"{""message"": ""Call local replanning..."", ""wall_time_utc"": ""2026-09-01T10:31:42.324266+00:00""}"
3577.200000000,REPLAN_REQUESTED,"{""message"": ""Replanning request. curr_vertex_idx: 31"", ""wall_time_utc"": ""2026-09-01T10:31:42.326408+00:00""}"
3582.800000000,LOCAL_REPLAN,"{""message"": ""Call local replanning..."", ""wall_time_utc"": ""2026-09-01T10:31:47.921476+00:00""}"
3582.800000000,REPLAN_REQUESTED,"{""message"": ""Replanning request. curr_vertex_idx: 31"", ""wall_time_utc"": ""2026-09-01T10:31:47.923530+00:00""}"
3589.200000000,LOCAL_REPLAN,"{""message"": ""Call local replanning..."", ""wall_time_utc"": ""2026-09-01T10:31:54.307439+00:00""}"
3589.200000000,REPLAN_REQUESTED,"{""message"": ""Replanning request. curr_vertex_idx: 31"", ""wall_time_utc"": ""2026-09-01T10:31:54.309568+00:00""}"
3594.200000000,LOCAL_REPLAN,"{""message"": ""Call local replanning..."", ""wall_time_utc"": ""2026-09-01T10:31:59.305386+00:00""}"
3594.200000000,REPLAN_REQUESTED,"{""message"": ""Replanning request. curr_vertex_idx: 31"", ""wall_time_utc"": ""2026-09-01T10:31:59.307492+00:00""}"
3596.200000000,LOCAL_REPLAN,"{""message"": ""Call local replanning..."", ""wall_time_utc"": ""2026-09-01T10:32:01.314728+00:00""}"
3596.200000000,REPLAN_REQUESTED,"{""message"": ""Replanning request. curr_vertex_idx: 31"", ""wall_time_utc"": ""2026-09-01T10:32:01.316456+00:00""}"
3603.500000000,LOCAL_REPLAN,"{""message"": ""Call local replanning..."", ""wall_time_utc"": ""2026-09-01T10:32:08.537255+00:00""}"
3603.500000000,REPLAN_REQUESTED,"{""message"": ""Replanning request. curr_vertex_idx: 31"", ""wall_time_utc"": ""2026-09-01T10:32:08.538936+00:00""}"
3609.300000000,LOCAL_REPLAN,"{""message"": ""Call local replanning..."", ""wall_time_utc"": ""2026-09-01T10:32:14.381699+00:00""}"
3609.300000000,REPLAN_REQUESTED,"{""message"": ""Replanning request. curr_vertex_idx: 31"", ""wall_time_utc"": ""2026-09-01T10:32:14.383576+00:00""}"
3615.500000000,LOCAL_REPLAN,"{""message"": ""Call local replanning..."", ""wall_time_utc"": ""2026-09-01T10:32:20.547599+00:00""}"
3615.500000000,REPLAN_REQUESTED,"{""message"": ""Replanning request. curr_vertex_idx: 31"", ""wall_time_utc"": ""2026-09-01T10:32:20.549457+00:00""}"
3621.700000000,LOCAL_REPLAN,"{""message"": ""Call local replanning..."", ""wall_time_utc"": ""2026-09-01T10:32:26.741431+00:00""}"
3621.700000000,REPLAN_REQUESTED,"{""message"": ""Replanning request. curr_vertex_idx: 31"", ""wall_time_utc"": ""2026-09-01T10:32:26.743446+00:00""}"
3628.000000000,LOCAL_REPLAN,"{""message"": ""Call local replanning..."", ""wall_time_utc"": ""2026-09-01T10:32:33.050047+00:00""}"
3628.000000000,REPLAN_REQUESTED,"{""message"": ""Replanning request. curr_vertex_idx: 31"", ""wall_time_utc"": ""2026-09-01T10:32:33.052537+00:00""}"
3633.900000000,LOCAL_REPLAN,"{""message"": ""Call local replanning..."", ""wall_time_utc"": ""2026-09-01T10:32:38.999875+00:00""}"
3633.900000000,REPLAN_REQUESTED,"{""message"": ""Replanning request. curr_vertex_idx: 31"", ""wall_time_utc"": ""2026-09-01T10:32:39.001905+00:00""}"
3639.400000000,LOCAL_REPLAN,"{""message"": ""Call local replanning..."", ""wall_time_utc"": ""2026-09-01T10:32:44.519448+00:00""}"
3639.400000000,REPLAN_REQUESTED,"{""message"": ""Replanning request. curr_vertex_idx: 31"", ""wall_time_utc"": ""2026-09-01T10:32:44.521658+00:00""}"
3645.800000000,LOCAL_REPLAN,"{""message"": ""Call local replanning..."", ""wall_time_utc"": ""2026-09-01T10:32:50.884015+00:00""}"
3645.800000000,REPLAN_REQUESTED,"{""message"": ""Replanning request. curr_vertex_idx: 31"", ""wall_time_utc"": ""2026-09-01T10:32:50.885890+00:00""}"
3652.100000000,LOCAL_REPLAN,"{""message"": ""Call local replanning..."", ""wall_time_utc"": ""2026-09-01T10:32:57.228257+00:00""}"
3652.100000000,REPLAN_REQUESTED,"{""message"": ""Replanning request. curr_vertex_idx: 31"", ""wall_time_utc"": ""2026-09-01T10:32:57.230645+00:00""}"
3657.400000000,LOCAL_REPLAN,"{""message"": ""Call local replanning..."", ""wall_time_utc"": ""2026-09-01T10:33:02.509577+00:00""}"
3657.400000000,REPLAN_REQUESTED,"{""message"": ""Replanning request. curr_vertex_idx: 31"", ""wall_time_utc"": ""2026-09-01T10:33:02.511338+00:00""}"
3663.700000000,LOCAL_REPLAN,"{""message"": ""Call local replanning..."", ""wall_time_utc"": ""2026-09-01T10:33:08.735032+00:00""}"
3663.700000000,REPLAN_REQUESTED,"{""message"": ""Replanning request. curr_vertex_idx: 31"", ""wall_time_utc"": ""2026-09-01T10:33:08.736961+00:00""}"
3670.000000000,LOCAL_REPLAN,"{""message"": ""Call local replanning..."", ""wall_time_utc"": ""2026-09-01T10:33:15.066118+00:00""}"
3670.000000000,REPLAN_REQUESTED,"{""message"": ""Replanning request. curr_vertex_idx: 31"", ""wall_time_utc"": ""2026-09-01T10:33:15.068109+00:00""}"
3675.600000000,LOCAL_REPLAN,"{""message"": ""Call local replanning..."", ""wall_time_utc"": ""2026-09-01T10:33:20.729993+00:00""}"
3675.700000000,REPLAN_REQUESTED,"{""message"": ""Replanning request. curr_vertex_idx: 31"", ""wall_time_utc"": ""2026-09-01T10:33:20.732370+00:00""}"
3681.400000000,LOCAL_REPLAN,"{""message"": ""Call local replanning..."", ""wall_time_utc"": ""2026-09-01T10:33:26.520579+00:00""}"
3681.400000000,REPLAN_REQUESTED,"{""message"": ""Replanning request. curr_vertex_idx: 31"", ""wall_time_utc"": ""2026-09-01T10:33:26.522287+00:00""}"
3687.700000000,LOCAL_REPLAN,"{""message"": ""Call local replanning..."", ""wall_time_utc"": ""2026-09-01T10:33:32.742969+00:00""}"
3687.700000000,REPLAN_REQUESTED,"{""message"": ""Replanning request. curr_vertex_idx: 31"", ""wall_time_utc"": ""2026-09-01T10:33:32.745166+00:00""}"
3693.900000000,LOCAL_REPLAN,"{""message"": ""Call local replanning..."", ""wall_time_utc"": ""2026-09-01T10:33:39.026656+00:00""}"
3693.900000000,REPLAN_REQUESTED,"{""message"": ""Replanning request. curr_vertex_idx: 31"", ""wall_time_utc"": ""2026-09-01T10:33:39.028712+00:00""}"
3699.600000000,LOCAL_REPLAN,"{""message"": ""Call local replanning..."", ""wall_time_utc"": ""2026-09-01T10:33:44.726095+00:00""}"
3699.600000000,REPLAN_REQUESTED,"{""message"": ""Replanning request. curr_vertex_idx: 31"", ""wall_time_utc"": ""2026-09-01T10:33:44.728042+00:00""}"
3706.200000000,LOCAL_REPLAN,"{""message"": ""Call local replanning..."", ""wall_time_utc"": ""2026-09-01T10:33:51.258852+00:00""}"
3706.200000000,REPLAN_REQUESTED,"{""message"": ""Replanning request. curr_vertex_idx: 31"", ""wall_time_utc"": ""2026-09-01T10:33:51.260838+00:00""}"
3711.500000000,LOCAL_REPLAN,"{""message"": ""Call local replanning..."", ""wall_time_utc"": ""2026-09-01T10:33:56.562418+00:00""}"
3711.500000000,REPLAN_REQUESTED,"{""message"": ""Replanning request. curr_vertex_idx: 31"", ""wall_time_utc"": ""2026-09-01T10:33:56.564344+00:00""}"
3717.900000000,LOCAL_REPLAN,"{""message"": ""Call local replanning..."", ""wall_time_utc"": ""2026-09-01T10:34:03.013365+00:00""}"
3717.900000000,REPLAN_REQUESTED,"{""message"": ""Replanning request. curr_vertex_idx: 31"", ""wall_time_utc"": ""2026-09-01T10:34:03.015095+00:00""}"
3723.400000000,LOCAL_REPLAN,"{""message"": ""Call local replanning..."", ""wall_time_utc"": ""2026-09-01T10:34:08.522009+00:00""}"
3723.400000000,REPLAN_REQUESTED,"{""message"": ""Replanning request. curr_vertex_idx: 31"", ""wall_time_utc"": ""2026-09-01T10:34:08.524313+00:00""}"
3729.600000000,LOCAL_REPLAN,"{""message"": ""Call local replanning..."", ""wall_time_utc"": ""2026-09-01T10:34:14.712785+00:00""}"
3729.600000000,REPLAN_REQUESTED,"{""message"": ""Replanning request. curr_vertex_idx: 31"", ""wall_time_utc"": ""2026-09-01T10:34:14.714788+00:00""}"
3735.300000000,LOCAL_REPLAN,"{""message"": ""Call local replanning..."", ""wall_time_utc"": ""2026-09-01T10:34:20.357469+00:00""}"
3735.300000000,REPLAN_REQUESTED,"{""message"": ""Replanning request. curr_vertex_idx: 31"", ""wall_time_utc"": ""2026-09-01T10:34:20.359162+00:00""}"
3741.500000000,LOCAL_REPLAN,"{""message"": ""Call local replanning..."", ""wall_time_utc"": ""2026-09-01T10:34:26.540450+00:00""}"
3741.500000000,REPLAN_REQUESTED,"{""message"": ""Replanning request. curr_vertex_idx: 31"", ""wall_time_utc"": ""2026-09-01T10:34:26.542457+00:00""}"
3747.700000000,LOCAL_REPLAN,"{""message"": ""Call local replanning..."", ""wall_time_utc"": ""2026-09-01T10:34:32.747600+00:00""}"
3747.700000000,REPLAN_REQUESTED,"{""message"": ""Replanning request. curr_vertex_idx: 31"", ""wall_time_utc"": ""2026-09-01T10:34:32.749542+00:00""}"
3754.100000000,LOCAL_REPLAN,"{""message"": ""Call local replanning..."", ""wall_time_utc"": ""2026-09-01T10:34:39.230127+00:00""}"
3754.200000000,REPLAN_REQUESTED,"{""message"": ""Replanning request. curr_vertex_idx: 31"", ""wall_time_utc"": ""2026-09-01T10:34:39.231813+00:00""}"
3754.700000000,KARTO_LOOP_CONSTRAINT,"{""message"": ""Add one Loop closure. 14 loops have been added."", ""wall_time_utc"": ""2026-09-01T10:34:39.811339+00:00""}"
3754.700000000,KARTO_LOOP_ACCEPTED,"{""chain_end"": 1892, ""chain_start"": 1885, ""current_scan"": 2588, ""loop_count"": 14, ""received_ros_time"": 3754.7, ""received_wall_time_utc"": ""2026-09-01T10:34:39.811468+00:00"", ""seq"": 14, ""stamp"": 3754.7, ""wall_time_utc"": ""2026-09-01T10:34:39.811497+00:00""}"
3759.500000000,LOCAL_REPLAN,"{""message"": ""Call local replanning..."", ""wall_time_utc"": ""2026-09-01T10:34:44.541669+00:00""}"
3759.500000000,REPLAN_REQUESTED,"{""message"": ""Replanning request. curr_vertex_idx: 31"", ""wall_time_utc"": ""2026-09-01T10:34:44.543391+00:00""}"
3766.000000000,LOCAL_REPLAN,"{""message"": ""Call local replanning..."", ""wall_time_utc"": ""2026-09-01T10:34:51.067949+00:00""}"
3766.000000000,REPLAN_REQUESTED,"{""message"": ""Replanning request. curr_vertex_idx: 31"", ""wall_time_utc"": ""2026-09-01T10:34:51.069901+00:00""}"
3772.300000000,LOCAL_REPLAN,"{""message"": ""Call local replanning..."", ""wall_time_utc"": ""2026-09-01T10:34:57.422436+00:00""}"
3772.300000000,REPLAN_REQUESTED,"{""message"": ""Replanning request. curr_vertex_idx: 31"", ""wall_time_utc"": ""2026-09-01T10:34:57.424562+00:00""}"
3778.000000000,LOCAL_REPLAN,"{""message"": ""Call local replanning..."", ""wall_time_utc"": ""2026-09-01T10:35:03.085095+00:00""}"
3778.000000000,REPLAN_REQUESTED,"{""message"": ""Replanning request. curr_vertex_idx: 31"", ""wall_time_utc"": ""2026-09-01T10:35:03.086764+00:00""}"
3783.500000000,LOCAL_REPLAN,"{""message"": ""Call local replanning..."", ""wall_time_utc"": ""2026-09-01T10:35:08.615109+00:00""}"
3783.500000000,REPLAN_REQUESTED,"{""message"": ""Replanning request. curr_vertex_idx: 31"", ""wall_time_utc"": ""2026-09-01T10:35:08.616927+00:00""}"
3789.400000000,LOCAL_REPLAN,"{""message"": ""Call local replanning..."", ""wall_time_utc"": ""2026-09-01T10:35:14.531674+00:00""}"
3789.500000000,REPLAN_REQUESTED,"{""message"": ""Replanning request. curr_vertex_idx: 31"", ""wall_time_utc"": ""2026-09-01T10:35:14.533386+00:00""}"
3795.500000000,LOCAL_REPLAN,"{""message"": ""Call local replanning..."", ""wall_time_utc"": ""2026-09-01T10:35:20.540730+00:00""}"
3795.500000000,REPLAN_REQUESTED,"{""message"": ""Replanning request. curr_vertex_idx: 31"", ""wall_time_utc"": ""2026-09-01T10:35:20.542796+00:00""}"
3802.600000000,LOCAL_REPLAN,"{""message"": ""Call local replanning..."", ""wall_time_utc"": ""2026-09-01T10:35:27.673822+00:00""}"
3802.600000000,REPLAN_REQUESTED,"{""message"": ""Replanning request. curr_vertex_idx: 31"", ""wall_time_utc"": ""2026-09-01T10:35:27.675894+00:00""}"
3808.800000000,LOCAL_REPLAN,"{""message"": ""Call local replanning..."", ""wall_time_utc"": ""2026-09-01T10:35:33.885914+00:00""}"
3808.800000000,REPLAN_REQUESTED,"{""message"": ""Replanning request. curr_vertex_idx: 31"", ""wall_time_utc"": ""2026-09-01T10:35:33.888000+00:00""}"
3816.100000000,LOCAL_REPLAN,"{""message"": ""Call local replanning..."", ""wall_time_utc"": ""2026-09-01T10:35:41.229287+00:00""}"
3816.200000000,REPLAN_REQUESTED,"{""message"": ""Replanning request. curr_vertex_idx: 31"", ""wall_time_utc"": ""2026-09-01T10:35:41.231394+00:00""}"
3822.700000000,LOCAL_REPLAN,"{""message"": ""Call local replanning..."", ""wall_time_utc"": ""2026-09-01T10:35:47.779327+00:00""}"
3822.700000000,REPLAN_REQUESTED,"{""message"": ""Replanning request. curr_vertex_idx: 31"", ""wall_time_utc"": ""2026-09-01T10:35:47.781360+00:00""}"
3828.700000000,LOCAL_REPLAN,"{""message"": ""Call local replanning..."", ""wall_time_utc"": ""2026-09-01T10:35:53.800472+00:00""}"
3828.700000000,REPLAN_REQUESTED,"{""message"": ""Replanning request. curr_vertex_idx: 31"", ""wall_time_utc"": ""2026-09-01T10:35:53.802398+00:00""}"
3834.100000000,LOCAL_REPLAN,"{""message"": ""Call local replanning..."", ""wall_time_utc"": ""2026-09-01T10:35:59.166861+00:00""}"
3834.100000000,REPLAN_REQUESTED,"{""message"": ""Replanning request. curr_vertex_idx: 31"", ""wall_time_utc"": ""2026-09-01T10:35:59.168940+00:00""}"
3840.300000000,LOCAL_REPLAN,"{""message"": ""Call local replanning..."", ""wall_time_utc"": ""2026-09-01T10:36:05.400103+00:00""}"
3840.300000000,REPLAN_REQUESTED,"{""message"": ""Replanning request. curr_vertex_idx: 31"", ""wall_time_utc"": ""2026-09-01T10:36:05.402060+00:00""}"
3846.700000000,LOCAL_REPLAN,"{""message"": ""Call local replanning..."", ""wall_time_utc"": ""2026-09-01T10:36:11.775169+00:00""}"
3846.700000000,REPLAN_REQUESTED,"{""message"": ""Replanning request. curr_vertex_idx: 31"", ""wall_time_utc"": ""2026-09-01T10:36:11.777229+00:00""}"
3853.200000000,LOCAL_REPLAN,"{""message"": ""Call local replanning..."", ""wall_time_utc"": ""2026-09-01T10:36:18.235189+00:00""}"
3853.200000000,REPLAN_REQUESTED,"{""message"": ""Replanning request. curr_vertex_idx: 31"", ""wall_time_utc"": ""2026-09-01T10:36:18.237467+00:00""}"
3860.100000000,LOCAL_REPLAN,"{""message"": ""Call local replanning..."", ""wall_time_utc"": ""2026-09-01T10:36:25.154914+00:00""}"
3860.100000000,REPLAN_REQUESTED,"{""message"": ""Replanning request. curr_vertex_idx: 31"", ""wall_time_utc"": ""2026-09-01T10:36:25.157074+00:00""}"
3867.800000000,LOCAL_REPLAN,"{""message"": ""Call local replanning..."", ""wall_time_utc"": ""2026-09-01T10:36:32.889684+00:00""}"
3867.800000000,REPLAN_REQUESTED,"{""message"": ""Replanning request. curr_vertex_idx: 31"", ""wall_time_utc"": ""2026-09-01T10:36:32.891910+00:00""}"
3873.900000000,LOCAL_REPLAN,"{""message"": ""Call local replanning..."", ""wall_time_utc"": ""2026-09-01T10:36:38.950297+00:00""}"
3873.900000000,REPLAN_REQUESTED,"{""message"": ""Replanning request. curr_vertex_idx: 31"", ""wall_time_utc"": ""2026-09-01T10:36:38.952452+00:00""}"
3881.000000000,LOCAL_REPLAN,"{""message"": ""Call local replanning..."", ""wall_time_utc"": ""2026-09-01T10:36:46.101373+00:00""}"
3881.000000000,REPLAN_REQUESTED,"{""message"": ""Replanning request. curr_vertex_idx: 31"", ""wall_time_utc"": ""2026-09-01T10:36:46.103317+00:00""}"
3887.100000000,LOCAL_REPLAN,"{""message"": ""Call local replanning..."", ""wall_time_utc"": ""2026-09-01T10:36:52.181523+00:00""}"
3887.100000000,REPLAN_REQUESTED,"{""message"": ""Replanning request. curr_vertex_idx: 31"", ""wall_time_utc"": ""2026-09-01T10:36:52.183794+00:00""}"
3893.300000000,LOCAL_REPLAN,"{""message"": ""Call local replanning..."", ""wall_time_utc"": ""2026-09-01T10:36:58.365858+00:00""}"
3893.300000000,REPLAN_REQUESTED,"{""message"": ""Replanning request. curr_vertex_idx: 31"", ""wall_time_utc"": ""2026-09-01T10:36:58.367958+00:00""}"
3898.700000000,LOCAL_REPLAN,"{""message"": ""Call local replanning..."", ""wall_time_utc"": ""2026-09-01T10:37:03.763759+00:00""}"
3898.700000000,REPLAN_REQUESTED,"{""message"": ""Replanning request. curr_vertex_idx: 31"", ""wall_time_utc"": ""2026-09-01T10:37:03.765859+00:00""}"
3905.100000000,LOCAL_REPLAN,"{""message"": ""Call local replanning..."", ""wall_time_utc"": ""2026-09-01T10:37:10.213992+00:00""}"
3905.100000000,REPLAN_REQUESTED,"{""message"": ""Replanning request. curr_vertex_idx: 31"", ""wall_time_utc"": ""2026-09-01T10:37:10.216448+00:00""}"
3911.900000000,LOCAL_REPLAN,"{""message"": ""Call local replanning..."", ""wall_time_utc"": ""2026-09-01T10:37:16.953207+00:00""}"
3911.900000000,REPLAN_REQUESTED,"{""message"": ""Replanning request. curr_vertex_idx: 31"", ""wall_time_utc"": ""2026-09-01T10:37:16.955152+00:00""}"
3917.100000000,LOCAL_REPLAN,"{""message"": ""Call local replanning..."", ""wall_time_utc"": ""2026-09-01T10:37:22.157508+00:00""}"
3917.100000000,REPLAN_REQUESTED,"{""message"": ""Replanning request. curr_vertex_idx: 31"", ""wall_time_utc"": ""2026-09-01T10:37:22.159551+00:00""}"
3923.100000000,LOCAL_REPLAN,"{""message"": ""Call local replanning..."", ""wall_time_utc"": ""2026-09-01T10:37:28.154175+00:00""}"
3923.100000000,REPLAN_REQUESTED,"{""message"": ""Replanning request. curr_vertex_idx: 31"", ""wall_time_utc"": ""2026-09-01T10:37:28.156248+00:00""}"
3929.200000000,LOCAL_REPLAN,"{""message"": ""Call local replanning..."", ""wall_time_utc"": ""2026-09-01T10:37:34.299546+00:00""}"
3929.200000000,REPLAN_REQUESTED,"{""message"": ""Replanning request. curr_vertex_idx: 31"", ""wall_time_utc"": ""2026-09-01T10:37:34.301644+00:00""}"
3935.100000000,LOCAL_REPLAN,"{""message"": ""Call local replanning..."", ""wall_time_utc"": ""2026-09-01T10:37:40.170835+00:00""}"
3935.100000000,REPLAN_REQUESTED,"{""message"": ""Replanning request. curr_vertex_idx: 31"", ""wall_time_utc"": ""2026-09-01T10:37:40.172857+00:00""}"
3941.600000000,LOCAL_REPLAN,"{""message"": ""Call local replanning..."", ""wall_time_utc"": ""2026-09-01T10:37:46.715813+00:00""}"
3941.600000000,REPLAN_REQUESTED,"{""message"": ""Replanning request. curr_vertex_idx: 31"", ""wall_time_utc"": ""2026-09-01T10:37:46.717910+00:00""}"
3947.100000000,LOCAL_REPLAN,"{""message"": ""Call local replanning..."", ""wall_time_utc"": ""2026-09-01T10:37:52.178303+00:00""}"
3947.100000000,REPLAN_REQUESTED,"{""message"": ""Replanning request. curr_vertex_idx: 31"", ""wall_time_utc"": ""2026-09-01T10:37:52.180333+00:00""}"
3954.300000000,LOCAL_REPLAN,"{""message"": ""Call local replanning..."", ""wall_time_utc"": ""2026-09-01T10:37:59.402073+00:00""}"
3954.300000000,REPLAN_REQUESTED,"{""message"": ""Replanning request. curr_vertex_idx: 31"", ""wall_time_utc"": ""2026-09-01T10:37:59.404082+00:00""}"
3960.600000000,LOCAL_REPLAN,"{""message"": ""Call local replanning..."", ""wall_time_utc"": ""2026-09-01T10:38:05.647530+00:00""}"
3960.600000000,REPLAN_REQUESTED,"{""message"": ""Replanning request. curr_vertex_idx: 31"", ""wall_time_utc"": ""2026-09-01T10:38:05.649808+00:00""}"
3967.200000000,LOCAL_REPLAN,"{""message"": ""Call local replanning..."", ""wall_time_utc"": ""2026-09-01T10:38:12.266273+00:00""}"
3967.200000000,REPLAN_REQUESTED,"{""message"": ""Replanning request. curr_vertex_idx: 31"", ""wall_time_utc"": ""2026-09-01T10:38:12.268290+00:00""}"
3973.000000000,LOCAL_REPLAN,"{""message"": ""Call local replanning..."", ""wall_time_utc"": ""2026-09-01T10:38:18.050317+00:00""}"
3973.000000000,REPLAN_REQUESTED,"{""message"": ""Replanning request. curr_vertex_idx: 31"", ""wall_time_utc"": ""2026-09-01T10:38:18.052527+00:00""}"
3981.100000000,LOCAL_REPLAN,"{""message"": ""Call local replanning..."", ""wall_time_utc"": ""2026-09-01T10:38:26.138763+00:00""}"
3981.100000000,REPLAN_REQUESTED,"{""message"": ""Replanning request. curr_vertex_idx: 31"", ""wall_time_utc"": ""2026-09-01T10:38:26.140437+00:00""}"
3987.300000000,LOCAL_REPLAN,"{""message"": ""Call local replanning..."", ""wall_time_utc"": ""2026-09-01T10:38:32.344972+00:00""}"
3987.300000000,REPLAN_REQUESTED,"{""message"": ""Replanning request. curr_vertex_idx: 31"", ""wall_time_utc"": ""2026-09-01T10:38:32.347139+00:00""}"
3993.300000000,LOCAL_REPLAN,"{""message"": ""Call local replanning..."", ""wall_time_utc"": ""2026-09-01T10:38:38.363442+00:00""}"
3993.300000000,REPLAN_REQUESTED,"{""message"": ""Replanning request. curr_vertex_idx: 31"", ""wall_time_utc"": ""2026-09-01T10:38:38.365500+00:00""}"
3999.100000000,LOCAL_REPLAN,"{""message"": ""Call local replanning..."", ""wall_time_utc"": ""2026-09-01T10:38:44.150954+00:00""}"
3999.100000000,REPLAN_REQUESTED,"{""message"": ""Replanning request. curr_vertex_idx: 31"", ""wall_time_utc"": ""2026-09-01T10:38:44.152964+00:00""}"
4005.300000000,LOCAL_REPLAN,"{""message"": ""Call local replanning..."", ""wall_time_utc"": ""2026-09-01T10:38:50.332845+00:00""}"
4005.300000000,REPLAN_REQUESTED,"{""message"": ""Replanning request. curr_vertex_idx: 31"", ""wall_time_utc"": ""2026-09-01T10:38:50.334856+00:00""}"
4010.800000000,LOCAL_REPLAN,"{""message"": ""Call local replanning..."", ""wall_time_utc"": ""2026-09-01T10:38:55.873446+00:00""}"
4010.800000000,REPLAN_REQUESTED,"{""message"": ""Replanning request. curr_vertex_idx: 31"", ""wall_time_utc"": ""2026-09-01T10:38:55.875759+00:00""}"
4017.100000000,LOCAL_REPLAN,"{""message"": ""Call local replanning..."", ""wall_time_utc"": ""2026-09-01T10:39:02.223316+00:00""}"
4017.100000000,REPLAN_REQUESTED,"{""message"": ""Replanning request. curr_vertex_idx: 31"", ""wall_time_utc"": ""2026-09-01T10:39:02.225394+00:00""}"
4023.700000000,LOCAL_REPLAN,"{""message"": ""Call local replanning..."", ""wall_time_utc"": ""2026-09-01T10:39:08.755131+00:00""}"
4023.700000000,REPLAN_REQUESTED,"{""message"": ""Replanning request. curr_vertex_idx: 31"", ""wall_time_utc"": ""2026-09-01T10:39:08.757108+00:00""}"
4029.500000000,LOCAL_REPLAN,"{""message"": ""Call local replanning..."", ""wall_time_utc"": ""2026-09-01T10:39:14.574977+00:00""}"
4029.500000000,REPLAN_REQUESTED,"{""message"": ""Replanning request. curr_vertex_idx: 31"", ""wall_time_utc"": ""2026-09-01T10:39:14.576540+00:00""}"
4036.100000000,LOCAL_REPLAN,"{""message"": ""Call local replanning..."", ""wall_time_utc"": ""2026-09-01T10:39:21.216693+00:00""}"
4036.100000000,REPLAN_REQUESTED,"{""message"": ""Replanning request. curr_vertex_idx: 31"", ""wall_time_utc"": ""2026-09-01T10:39:21.218612+00:00""}"
4044.900000000,LOCAL_REPLAN,"{""message"": ""Call local replanning..."", ""wall_time_utc"": ""2026-09-01T10:39:30.004782+00:00""}"
4044.900000000,REPLAN_REQUESTED,"{""message"": ""Replanning request. curr_vertex_idx: 31"", ""wall_time_utc"": ""2026-09-01T10:39:30.006824+00:00""}"
4051.000000000,LOCAL_REPLAN,"{""message"": ""Call local replanning..."", ""wall_time_utc"": ""2026-09-01T10:39:36.050245+00:00""}"
4051.000000000,REPLAN_REQUESTED,"{""message"": ""Replanning request. curr_vertex_idx: 31"", ""wall_time_utc"": ""2026-09-01T10:39:36.052152+00:00""}"
4057.300000000,LOCAL_REPLAN,"{""message"": ""Call local replanning..."", ""wall_time_utc"": ""2026-09-01T10:39:42.383951+00:00""}"
4057.300000000,REPLAN_REQUESTED,"{""message"": ""Replanning request. curr_vertex_idx: 31"", ""wall_time_utc"": ""2026-09-01T10:39:42.385984+00:00""}"
4063.000000000,LOCAL_REPLAN,"{""message"": ""Call local replanning..."", ""wall_time_utc"": ""2026-09-01T10:39:48.056066+00:00""}"
4063.000000000,REPLAN_REQUESTED,"{""message"": ""Replanning request. curr_vertex_idx: 31"", ""wall_time_utc"": ""2026-09-01T10:39:48.058123+00:00""}"
4069.200000000,LOCAL_REPLAN,"{""message"": ""Call local replanning..."", ""wall_time_utc"": ""2026-09-01T10:39:54.295984+00:00""}"
4069.200000000,REPLAN_REQUESTED,"{""message"": ""Replanning request. curr_vertex_idx: 31"", ""wall_time_utc"": ""2026-09-01T10:39:54.298082+00:00""}"
4075.000000000,LOCAL_REPLAN,"{""message"": ""Call local replanning..."", ""wall_time_utc"": ""2026-09-01T10:40:00.091190+00:00""}"
4075.000000000,REPLAN_REQUESTED,"{""message"": ""Replanning request. curr_vertex_idx: 31"", ""wall_time_utc"": ""2026-09-01T10:40:00.093263+00:00""}"
4082.400000000,LOCAL_REPLAN,"{""message"": ""Call local replanning..."", ""wall_time_utc"": ""2026-09-01T10:40:07.517800+00:00""}"
4082.400000000,REPLAN_REQUESTED,"{""message"": ""Replanning request. curr_vertex_idx: 31"", ""wall_time_utc"": ""2026-09-01T10:40:07.519968+00:00""}"
4090.200000000,LOCAL_REPLAN,"{""message"": ""Call local replanning..."", ""wall_time_utc"": ""2026-09-01T10:40:15.327298+00:00""}"
4090.200000000,REPLAN_REQUESTED,"{""message"": ""Replanning request. curr_vertex_idx: 31"", ""wall_time_utc"": ""2026-09-01T10:40:15.329706+00:00""}"
4096.000000000,LOCAL_REPLAN,"{""message"": ""Call local replanning..."", ""wall_time_utc"": ""2026-09-01T10:40:21.124047+00:00""}"
4096.000000000,REPLAN_REQUESTED,"{""message"": ""Replanning request. curr_vertex_idx: 31"", ""wall_time_utc"": ""2026-09-01T10:40:21.126008+00:00""}"
4102.300000000,LOCAL_REPLAN,"{""message"": ""Call local replanning..."", ""wall_time_utc"": ""2026-09-01T10:40:27.404403+00:00""}"
4102.300000000,REPLAN_REQUESTED,"{""message"": ""Replanning request. curr_vertex_idx: 31"", ""wall_time_utc"": ""2026-09-01T10:40:27.406364+00:00""}"
4108.300000000,LOCAL_REPLAN,"{""message"": ""Call local replanning..."", ""wall_time_utc"": ""2026-09-01T10:40:33.399936+00:00""}"
4108.300000000,REPLAN_REQUESTED,"{""message"": ""Replanning request. curr_vertex_idx: 31"", ""wall_time_utc"": ""2026-09-01T10:40:33.401806+00:00""}"
4114.900000000,LOCAL_REPLAN,"{""message"": ""Call local replanning..."", ""wall_time_utc"": ""2026-09-01T10:40:39.993433+00:00""}"
4114.900000000,REPLAN_REQUESTED,"{""message"": ""Replanning request. curr_vertex_idx: 31"", ""wall_time_utc"": ""2026-09-01T10:40:39.995768+00:00""}"
4120.300000000,LOCAL_REPLAN,"{""message"": ""Call local replanning..."", ""wall_time_utc"": ""2026-09-01T10:40:45.388613+00:00""}"
4120.300000000,REPLAN_REQUESTED,"{""message"": ""Replanning request. curr_vertex_idx: 31"", ""wall_time_utc"": ""2026-09-01T10:40:45.390552+00:00""}"
4126.500000000,LOCAL_REPLAN,"{""message"": ""Call local replanning..."", ""wall_time_utc"": ""2026-09-01T10:40:51.612657+00:00""}"
4126.500000000,REPLAN_REQUESTED,"{""message"": ""Replanning request. curr_vertex_idx: 31"", ""wall_time_utc"": ""2026-09-01T10:40:51.614987+00:00""}"
4133.000000000,LOCAL_REPLAN,"{""message"": ""Call local replanning..."", ""wall_time_utc"": ""2026-09-01T10:40:58.128409+00:00""}"
4133.000000000,REPLAN_REQUESTED,"{""message"": ""Replanning request. curr_vertex_idx: 31"", ""wall_time_utc"": ""2026-09-01T10:40:58.130313+00:00""}"
4138.300000000,LOCAL_REPLAN,"{""message"": ""Call local replanning..."", ""wall_time_utc"": ""2026-09-01T10:41:03.397252+00:00""}"
4138.300000000,REPLAN_REQUESTED,"{""message"": ""Replanning request. curr_vertex_idx: 31"", ""wall_time_utc"": ""2026-09-01T10:41:03.399269+00:00""}"
4144.200000000,LOCAL_REPLAN,"{""message"": ""Call local replanning..."", ""wall_time_utc"": ""2026-09-01T10:41:09.250654+00:00""}"
4144.200000000,REPLAN_REQUESTED,"{""message"": ""Replanning request. curr_vertex_idx: 31"", ""wall_time_utc"": ""2026-09-01T10:41:09.252879+00:00""}"
4146.900000000,LOCAL_REPLAN,"{""message"": ""Call local replanning..."", ""wall_time_utc"": ""2026-09-01T10:41:11.989637+00:00""}"
4146.900000000,REPLAN_REQUESTED,"{""message"": ""Replanning request. curr_vertex_idx: 31"", ""wall_time_utc"": ""2026-09-01T10:41:11.992469+00:00""}"
4148.500000000,LOCAL_REPLAN,"{""message"": ""Call local replanning..."", ""wall_time_utc"": ""2026-09-01T10:41:13.616940+00:00""}"
4148.500000000,REPLAN_REQUESTED,"{""message"": ""Replanning request. curr_vertex_idx: 31"", ""wall_time_utc"": ""2026-09-01T10:41:13.619233+00:00""}"
4150.500000000,LOCAL_REPLAN,"{""message"": ""Call local replanning..."", ""wall_time_utc"": ""2026-09-01T10:41:15.614154+00:00""}"
4150.500000000,REPLAN_REQUESTED,"{""message"": ""Replanning request. curr_vertex_idx: 31"", ""wall_time_utc"": ""2026-09-01T10:41:15.615974+00:00""}"
4153.000000000,LOCAL_REPLAN,"{""message"": ""Call local replanning..."", ""wall_time_utc"": ""2026-09-01T10:41:18.130824+00:00""}"
4153.100000000,REPLAN_REQUESTED,"{""message"": ""Replanning request. curr_vertex_idx: 31"", ""wall_time_utc"": ""2026-09-01T10:41:18.132656+00:00""}"
4154.300000000,LOCAL_REPLAN,"{""message"": ""Call local replanning..."", ""wall_time_utc"": ""2026-09-01T10:41:19.386332+00:00""}"
4154.300000000,REPLAN_REQUESTED,"{""message"": ""Replanning request. curr_vertex_idx: 31"", ""wall_time_utc"": ""2026-09-01T10:41:19.388418+00:00""}"
4156.300000000,LOCAL_REPLAN,"{""message"": ""Call local replanning..."", ""wall_time_utc"": ""2026-09-01T10:41:21.401513+00:00""}"
4156.300000000,REPLAN_REQUESTED,"{""message"": ""Replanning request. curr_vertex_idx: 31"", ""wall_time_utc"": ""2026-09-01T10:41:21.403533+00:00""}"
4158.200000000,LOCAL_REPLAN,"{""message"": ""Call local replanning..."", ""wall_time_utc"": ""2026-09-01T10:41:23.304098+00:00""}"
4158.200000000,REPLAN_REQUESTED,"{""message"": ""Replanning request. curr_vertex_idx: 31"", ""wall_time_utc"": ""2026-09-01T10:41:23.306067+00:00""}"
4160.300000000,LOCAL_REPLAN,"{""message"": ""Call local replanning..."", ""wall_time_utc"": ""2026-09-01T10:41:25.390907+00:00""}"
4160.300000000,REPLAN_REQUESTED,"{""message"": ""Replanning request. curr_vertex_idx: 31"", ""wall_time_utc"": ""2026-09-01T10:41:25.393343+00:00""}"
4162.400000000,LOCAL_REPLAN,"{""message"": ""Call local replanning..."", ""wall_time_utc"": ""2026-09-01T10:41:27.510019+00:00""}"
4162.400000000,REPLAN_REQUESTED,"{""message"": ""Replanning request. curr_vertex_idx: 31"", ""wall_time_utc"": ""2026-09-01T10:41:27.512289+00:00""}"
4164.900000000,LOCAL_REPLAN,"{""message"": ""Call local replanning..."", ""wall_time_utc"": ""2026-09-01T10:41:29.985214+00:00""}"
4164.900000000,REPLAN_REQUESTED,"{""message"": ""Replanning request. curr_vertex_idx: 31"", ""wall_time_utc"": ""2026-09-01T10:41:29.987301+00:00""}"
4167.600000000,LOCAL_REPLAN,"{""message"": ""Call local replanning..."", ""wall_time_utc"": ""2026-09-01T10:41:32.696619+00:00""}"
4167.600000000,REPLAN_REQUESTED,"{""message"": ""Replanning request. curr_vertex_idx: 31"", ""wall_time_utc"": ""2026-09-01T10:41:32.698709+00:00""}"
4169.900000000,LOCAL_REPLAN,"{""message"": ""Call local replanning..."", ""wall_time_utc"": ""2026-09-01T10:41:35.000130+00:00""}"
4169.900000000,REPLAN_REQUESTED,"{""message"": ""Replanning request. curr_vertex_idx: 31"", ""wall_time_utc"": ""2026-09-01T10:41:35.002092+00:00""}"
4171.900000000,LOCAL_REPLAN,"{""message"": ""Call local replanning..."", ""wall_time_utc"": ""2026-09-01T10:41:37.009794+00:00""}"
4171.900000000,REPLAN_REQUESTED,"{""message"": ""Replanning request. curr_vertex_idx: 31"", ""wall_time_utc"": ""2026-09-01T10:41:37.012393+00:00""}"
4174.400000000,LOCAL_REPLAN,"{""message"": ""Call local replanning..."", ""wall_time_utc"": ""2026-09-01T10:41:39.435465+00:00""}"
4174.400000000,REPLAN_REQUESTED,"{""message"": ""Replanning request. curr_vertex_idx: 31"", ""wall_time_utc"": ""2026-09-01T10:41:39.437375+00:00""}"
4175.700000000,LOCAL_REPLAN,"{""message"": ""Call local replanning..."", ""wall_time_utc"": ""2026-09-01T10:41:40.807015+00:00""}"
4175.700000000,REPLAN_REQUESTED,"{""message"": ""Replanning request. curr_vertex_idx: 31"", ""wall_time_utc"": ""2026-09-01T10:41:40.809115+00:00""}"
4177.800000000,LOCAL_REPLAN,"{""message"": ""Call local replanning..."", ""wall_time_utc"": ""2026-09-01T10:41:42.909323+00:00""}"
4177.800000000,REPLAN_REQUESTED,"{""message"": ""Replanning request. curr_vertex_idx: 31"", ""wall_time_utc"": ""2026-09-01T10:41:42.911243+00:00""}"
4179.700000000,LOCAL_REPLAN,"{""message"": ""Call local replanning..."", ""wall_time_utc"": ""2026-09-01T10:41:44.820762+00:00""}"
4179.700000000,REPLAN_REQUESTED,"{""message"": ""Replanning request. curr_vertex_idx: 31"", ""wall_time_utc"": ""2026-09-01T10:41:44.822831+00:00""}"
4181.700000000,LOCAL_REPLAN,"{""message"": ""Call local replanning..."", ""wall_time_utc"": ""2026-09-01T10:41:46.821501+00:00""}"
4181.700000000,REPLAN_REQUESTED,"{""message"": ""Replanning request. curr_vertex_idx: 31"", ""wall_time_utc"": ""2026-09-01T10:41:46.823547+00:00""}"
4183.700000000,LOCAL_REPLAN,"{""message"": ""Call local replanning..."", ""wall_time_utc"": ""2026-09-01T10:41:48.799954+00:00""}"
4183.700000000,REPLAN_REQUESTED,"{""message"": ""Replanning request. curr_vertex_idx: 31"", ""wall_time_utc"": ""2026-09-01T10:41:48.802513+00:00""}"
4186.300000000,LOCAL_REPLAN,"{""message"": ""Call local replanning..."", ""wall_time_utc"": ""2026-09-01T10:41:51.396401+00:00""}"
4186.300000000,REPLAN_REQUESTED,"{""message"": ""Replanning request. curr_vertex_idx: 31"", ""wall_time_utc"": ""2026-09-01T10:41:51.398805+00:00""}"
4187.900000000,LOCAL_REPLAN,"{""message"": ""Call local replanning..."", ""wall_time_utc"": ""2026-09-01T10:41:53.013681+00:00""}"
4187.900000000,REPLAN_REQUESTED,"{""message"": ""Replanning request. curr_vertex_idx: 31"", ""wall_time_utc"": ""2026-09-01T10:41:53.016301+00:00""}"
4190.300000000,LOCAL_REPLAN,"{""message"": ""Call local replanning..."", ""wall_time_utc"": ""2026-09-01T10:41:55.378877+00:00""}"
4190.300000000,REPLAN_REQUESTED,"{""message"": ""Replanning request. curr_vertex_idx: 31"", ""wall_time_utc"": ""2026-09-01T10:41:55.381083+00:00""}"
4191.700000000,LOCAL_REPLAN,"{""message"": ""Call local replanning..."", ""wall_time_utc"": ""2026-09-01T10:41:56.822639+00:00""}"
4191.700000000,REPLAN_REQUESTED,"{""message"": ""Replanning request. curr_vertex_idx: 31"", ""wall_time_utc"": ""2026-09-01T10:41:56.824817+00:00""}"
4193.700000000,LOCAL_REPLAN,"{""message"": ""Call local replanning..."", ""wall_time_utc"": ""2026-09-01T10:41:58.806137+00:00""}"
4193.700000000,REPLAN_REQUESTED,"{""message"": ""Replanning request. curr_vertex_idx: 31"", ""wall_time_utc"": ""2026-09-01T10:41:58.808569+00:00""}"
4196.500000000,LOCAL_REPLAN,"{""message"": ""Call local replanning..."", ""wall_time_utc"": ""2026-09-01T10:42:01.552937+00:00""}"
4196.500000000,REPLAN_REQUESTED,"{""message"": ""Replanning request. curr_vertex_idx: 31"", ""wall_time_utc"": ""2026-09-01T10:42:01.554997+00:00""}"
4197.700000000,LOCAL_REPLAN,"{""message"": ""Call local replanning..."", ""wall_time_utc"": ""2026-09-01T10:42:02.810419+00:00""}"
4197.700000000,REPLAN_REQUESTED,"{""message"": ""Replanning request. curr_vertex_idx: 31"", ""wall_time_utc"": ""2026-09-01T10:42:02.812434+00:00""}"
4199.300000000,LOCAL_REPLAN,"{""message"": ""Call local replanning..."", ""wall_time_utc"": ""2026-09-01T10:42:04.370872+00:00""}"
4199.300000000,REPLAN_REQUESTED,"{""message"": ""Replanning request. curr_vertex_idx: 31"", ""wall_time_utc"": ""2026-09-01T10:42:04.372840+00:00""}"
4201.700000000,LOCAL_REPLAN,"{""message"": ""Call local replanning..."", ""wall_time_utc"": ""2026-09-01T10:42:06.738584+00:00""}"
4201.700000000,REPLAN_REQUESTED,"{""message"": ""Replanning request. curr_vertex_idx: 31"", ""wall_time_utc"": ""2026-09-01T10:42:06.741155+00:00""}"
4204.500000000,LOCAL_REPLAN,"{""message"": ""Call local replanning..."", ""wall_time_utc"": ""2026-09-01T10:42:09.627156+00:00""}"
4204.500000000,REPLAN_REQUESTED,"{""message"": ""Replanning request. curr_vertex_idx: 31"", ""wall_time_utc"": ""2026-09-01T10:42:09.629172+00:00""}"
4206.900000000,LOCAL_REPLAN,"{""message"": ""Call local replanning..."", ""wall_time_utc"": ""2026-09-01T10:42:11.955740+00:00""}"
4206.900000000,REPLAN_REQUESTED,"{""message"": ""Replanning request. curr_vertex_idx: 31"", ""wall_time_utc"": ""2026-09-01T10:42:11.957878+00:00""}"
4210.700000000,LOCAL_REPLAN,"{""message"": ""Call local replanning..."", ""wall_time_utc"": ""2026-09-01T10:42:15.781835+00:00""}"
4210.700000000,REPLAN_REQUESTED,"{""message"": ""Replanning request. curr_vertex_idx: 31"", ""wall_time_utc"": ""2026-09-01T10:42:15.784107+00:00""}"
4214.700000000,LOCAL_REPLAN,"{""message"": ""Call local replanning..."", ""wall_time_utc"": ""2026-09-01T10:42:19.768805+00:00""}"
4214.700000000,REPLAN_REQUESTED,"{""message"": ""Replanning request. curr_vertex_idx: 31"", ""wall_time_utc"": ""2026-09-01T10:42:19.771061+00:00""}"
4218.200000000,LOCAL_REPLAN,"{""message"": ""Call local replanning..."", ""wall_time_utc"": ""2026-09-01T10:42:23.297374+00:00""}"
4218.200000000,REPLAN_REQUESTED,"{""message"": ""Replanning request. curr_vertex_idx: 31"", ""wall_time_utc"": ""2026-09-01T10:42:23.299456+00:00""}"
4221.600000000,LOCAL_REPLAN,"{""message"": ""Call local replanning..."", ""wall_time_utc"": ""2026-09-01T10:42:26.706812+00:00""}"
4221.600000000,REPLAN_REQUESTED,"{""message"": ""Replanning request. curr_vertex_idx: 31"", ""wall_time_utc"": ""2026-09-01T10:42:26.709095+00:00""}"
4225.700000000,LOCAL_REPLAN,"{""message"": ""Call local replanning..."", ""wall_time_utc"": ""2026-09-01T10:42:30.738532+00:00""}"
4225.700000000,REPLAN_REQUESTED,"{""message"": ""Replanning request. curr_vertex_idx: 31"", ""wall_time_utc"": ""2026-09-01T10:42:30.740686+00:00""}"
4229.300000000,LOCAL_REPLAN,"{""message"": ""Call local replanning..."", ""wall_time_utc"": ""2026-09-01T10:42:34.425509+00:00""}"
4229.300000000,REPLAN_REQUESTED,"{""message"": ""Replanning request. curr_vertex_idx: 31"", ""wall_time_utc"": ""2026-09-01T10:42:34.427974+00:00""}"
4232.700000000,LOCAL_REPLAN,"{""message"": ""Call local replanning..."", ""wall_time_utc"": ""2026-09-01T10:42:37.798572+00:00""}"
4232.700000000,REPLAN_REQUESTED,"{""message"": ""Replanning request. curr_vertex_idx: 31"", ""wall_time_utc"": ""2026-09-01T10:42:37.800753+00:00""}"
4234.800000000,LOCAL_REPLAN,"{""message"": ""Call local replanning..."", ""wall_time_utc"": ""2026-09-01T10:42:39.879660+00:00""}"
4234.800000000,REPLAN_REQUESTED,"{""message"": ""Replanning request. curr_vertex_idx: 31"", ""wall_time_utc"": ""2026-09-01T10:42:39.882054+00:00""}"
4241.700000000,LOCAL_REPLAN,"{""message"": ""Call local replanning..."", ""wall_time_utc"": ""2026-09-01T10:42:46.734818+00:00""}"
4241.700000000,REPLAN_REQUESTED,"{""message"": ""Replanning request. curr_vertex_idx: 31"", ""wall_time_utc"": ""2026-09-01T10:42:46.736818+00:00""}"
4246.800000000,LOCAL_REPLAN,"{""message"": ""Call local replanning..."", ""wall_time_utc"": ""2026-09-01T10:42:51.880924+00:00""}"
4246.800000000,REPLAN_REQUESTED,"{""message"": ""Replanning request. curr_vertex_idx: 31"", ""wall_time_utc"": ""2026-09-01T10:42:51.883279+00:00""}"
4252.800000000,LOCAL_REPLAN,"{""message"": ""Call local replanning..."", ""wall_time_utc"": ""2026-09-01T10:42:57.893304+00:00""}"
4252.800000000,REPLAN_REQUESTED,"{""message"": ""Replanning request. curr_vertex_idx: 31"", ""wall_time_utc"": ""2026-09-01T10:42:57.895636+00:00""}"
4258.800000000,LOCAL_REPLAN,"{""message"": ""Call local replanning..."", ""wall_time_utc"": ""2026-09-01T10:43:03.893478+00:00""}"
4258.800000000,REPLAN_REQUESTED,"{""message"": ""Replanning request. curr_vertex_idx: 31"", ""wall_time_utc"": ""2026-09-01T10:43:03.895584+00:00""}"
4264.800000000,LOCAL_REPLAN,"{""message"": ""Call local replanning..."", ""wall_time_utc"": ""2026-09-01T10:43:09.908725+00:00""}"
4264.800000000,REPLAN_REQUESTED,"{""message"": ""Replanning request. curr_vertex_idx: 31"", ""wall_time_utc"": ""2026-09-01T10:43:09.910909+00:00""}"
4270.800000000,LOCAL_REPLAN,"{""message"": ""Call local replanning..."", ""wall_time_utc"": ""2026-09-01T10:43:15.913342+00:00""}"
4270.800000000,REPLAN_REQUESTED,"{""message"": ""Replanning request. curr_vertex_idx: 31"", ""wall_time_utc"": ""2026-09-01T10:43:15.915531+00:00""}"
4277.300000000,LOCAL_REPLAN,"{""message"": ""Call local replanning..."", ""wall_time_utc"": ""2026-09-01T10:43:22.425158+00:00""}"
4277.300000000,REPLAN_REQUESTED,"{""message"": ""Replanning request. curr_vertex_idx: 31"", ""wall_time_utc"": ""2026-09-01T10:43:22.427467+00:00""}"
4282.800000000,LOCAL_REPLAN,"{""message"": ""Call local replanning..."", ""wall_time_utc"": ""2026-09-01T10:43:27.920000+00:00""}"
4282.800000000,REPLAN_REQUESTED,"{""message"": ""Replanning request. curr_vertex_idx: 31"", ""wall_time_utc"": ""2026-09-01T10:43:27.922229+00:00""}"
4288.800000000,LOCAL_REPLAN,"{""message"": ""Call local replanning..."", ""wall_time_utc"": ""2026-09-01T10:43:33.899216+00:00""}"
4288.800000000,REPLAN_REQUESTED,"{""message"": ""Replanning request. curr_vertex_idx: 31"", ""wall_time_utc"": ""2026-09-01T10:43:33.901097+00:00""}"
4294.800000000,LOCAL_REPLAN,"{""message"": ""Call local replanning..."", ""wall_time_utc"": ""2026-09-01T10:43:39.891411+00:00""}"
4294.800000000,REPLAN_REQUESTED,"{""message"": ""Replanning request. curr_vertex_idx: 31"", ""wall_time_utc"": ""2026-09-01T10:43:39.893472+00:00""}"
4301.400000000,LOCAL_REPLAN,"{""message"": ""Call local replanning..."", ""wall_time_utc"": ""2026-09-01T10:43:46.480645+00:00""}"
4301.400000000,REPLAN_REQUESTED,"{""message"": ""Replanning request. curr_vertex_idx: 31"", ""wall_time_utc"": ""2026-09-01T10:43:46.482711+00:00""}"
4307.400000000,LOCAL_REPLAN,"{""message"": ""Call local replanning..."", ""wall_time_utc"": ""2026-09-01T10:43:52.468964+00:00""}"
4307.400000000,REPLAN_REQUESTED,"{""message"": ""Replanning request. curr_vertex_idx: 31"", ""wall_time_utc"": ""2026-09-01T10:43:52.470685+00:00""}"
4313.400000000,LOCAL_REPLAN,"{""message"": ""Call local replanning..."", ""wall_time_utc"": ""2026-09-01T10:43:58.477915+00:00""}"
4313.400000000,REPLAN_REQUESTED,"{""message"": ""Replanning request. curr_vertex_idx: 31"", ""wall_time_utc"": ""2026-09-01T10:43:58.479918+00:00""}"
4314.700000000,KARTO_LOOP_CONSTRAINT,"{""message"": ""Add one Loop closure. 15 loops have been added."", ""wall_time_utc"": ""2026-09-01T10:43:59.763659+00:00""}"
4314.700000000,KARTO_LOOP_ACCEPTED,"{""chain_end"": 1862, ""chain_start"": 1859, ""current_scan"": 2971, ""loop_count"": 15, ""received_ros_time"": 4314.7, ""received_wall_time_utc"": ""2026-09-01T10:43:59.763777+00:00"", ""seq"": 15, ""stamp"": 4314.7, ""wall_time_utc"": ""2026-09-01T10:43:59.763880+00:00""}"
4319.300000000,LOCAL_REPLAN,"{""message"": ""Call local replanning..."", ""wall_time_utc"": ""2026-09-01T10:44:04.425844+00:00""}"
4319.300000000,REPLAN_REQUESTED,"{""message"": ""Replanning request. curr_vertex_idx: 31"", ""wall_time_utc"": ""2026-09-01T10:44:04.427794+00:00""}"
4324.700000000,LOCAL_REPLAN,"{""message"": ""Call local replanning..."", ""wall_time_utc"": ""2026-09-01T10:44:09.799935+00:00""}"
4324.700000000,REPLAN_REQUESTED,"{""message"": ""Replanning request. curr_vertex_idx: 31"", ""wall_time_utc"": ""2026-09-01T10:44:09.801794+00:00""}"
4330.900000000,LOCAL_REPLAN,"{""message"": ""Call local replanning..."", ""wall_time_utc"": ""2026-09-01T10:44:15.954408+00:00""}"
4330.900000000,REPLAN_REQUESTED,"{""message"": ""Replanning request. curr_vertex_idx: 31"", ""wall_time_utc"": ""2026-09-01T10:44:15.956369+00:00""}"
4337.600000000,LOCAL_REPLAN,"{""message"": ""Call local replanning..."", ""wall_time_utc"": ""2026-09-01T10:44:22.653809+00:00""}"
4337.600000000,REPLAN_REQUESTED,"{""message"": ""Replanning request. curr_vertex_idx: 31"", ""wall_time_utc"": ""2026-09-01T10:44:22.655676+00:00""}"
4343.800000000,LOCAL_REPLAN,"{""message"": ""Call local replanning..."", ""wall_time_utc"": ""2026-09-01T10:44:28.897136+00:00""}"
4343.800000000,REPLAN_REQUESTED,"{""message"": ""Replanning request. curr_vertex_idx: 31"", ""wall_time_utc"": ""2026-09-01T10:44:28.899014+00:00""}"
4350.900000000,LOCAL_REPLAN,"{""message"": ""Call local replanning..."", ""wall_time_utc"": ""2026-09-01T10:44:35.969392+00:00""}"
4350.900000000,REPLAN_REQUESTED,"{""message"": ""Replanning request. curr_vertex_idx: 31"", ""wall_time_utc"": ""2026-09-01T10:44:35.971670+00:00""}"
4357.600000000,LOCAL_REPLAN,"{""message"": ""Call local replanning..."", ""wall_time_utc"": ""2026-09-01T10:44:42.669860+00:00""}"
4357.600000000,REPLAN_REQUESTED,"{""message"": ""Replanning request. curr_vertex_idx: 31"", ""wall_time_utc"": ""2026-09-01T10:44:42.672002+00:00""}"
4363.000000000,LOCAL_REPLAN,"{""message"": ""Call local replanning..."", ""wall_time_utc"": ""2026-09-01T10:44:48.094364+00:00""}"
4363.000000000,REPLAN_REQUESTED,"{""message"": ""Replanning request. curr_vertex_idx: 31"", ""wall_time_utc"": ""2026-09-01T10:44:48.096476+00:00""}"
4369.100000000,LOCAL_REPLAN,"{""message"": ""Call local replanning..."", ""wall_time_utc"": ""2026-09-01T10:44:54.198743+00:00""}"
4369.100000000,REPLAN_REQUESTED,"{""message"": ""Replanning request. curr_vertex_idx: 31"", ""wall_time_utc"": ""2026-09-01T10:44:54.201009+00:00""}"
4375.000000000,LOCAL_REPLAN,"{""message"": ""Call local replanning..."", ""wall_time_utc"": ""2026-09-01T10:45:00.095631+00:00""}"
4375.000000000,REPLAN_REQUESTED,"{""message"": ""Replanning request. curr_vertex_idx: 31"", ""wall_time_utc"": ""2026-09-01T10:45:00.097456+00:00""}"
4382.900000000,LOCAL_REPLAN,"{""message"": ""Call local replanning..."", ""wall_time_utc"": ""2026-09-01T10:45:08.029946+00:00""}"
4383.000000000,REPLAN_REQUESTED,"{""message"": ""Replanning request. curr_vertex_idx: 31"", ""wall_time_utc"": ""2026-09-01T10:45:08.031591+00:00""}"
4389.000000000,LOCAL_REPLAN,"{""message"": ""Call local replanning..."", ""wall_time_utc"": ""2026-09-01T10:45:14.079504+00:00""}"
4389.000000000,REPLAN_REQUESTED,"{""message"": ""Replanning request. curr_vertex_idx: 31"", ""wall_time_utc"": ""2026-09-01T10:45:14.081598+00:00""}"
4395.700000000,LOCAL_REPLAN,"{""message"": ""Call local replanning..."", ""wall_time_utc"": ""2026-09-01T10:45:20.777173+00:00""}"
4395.700000000,REPLAN_REQUESTED,"{""message"": ""Replanning request. curr_vertex_idx: 31"", ""wall_time_utc"": ""2026-09-01T10:45:20.779280+00:00""}"
4401.000000000,LOCAL_REPLAN,"{""message"": ""Call local replanning..."", ""wall_time_utc"": ""2026-09-01T10:45:26.099719+00:00""}"
4401.000000000,REPLAN_REQUESTED,"{""message"": ""Replanning request. curr_vertex_idx: 31"", ""wall_time_utc"": ""2026-09-01T10:45:26.101891+00:00""}"
4406.900000000,LOCAL_REPLAN,"{""message"": ""Call local replanning..."", ""wall_time_utc"": ""2026-09-01T10:45:32.015662+00:00""}"
4406.900000000,REPLAN_REQUESTED,"{""message"": ""Replanning request. curr_vertex_idx: 31"", ""wall_time_utc"": ""2026-09-01T10:45:32.017437+00:00""}"
4413.200000000,LOCAL_REPLAN,"{""message"": ""Call local replanning..."", ""wall_time_utc"": ""2026-09-01T10:45:38.328679+00:00""}"
4413.200000000,REPLAN_REQUESTED,"{""message"": ""Replanning request. curr_vertex_idx: 31"", ""wall_time_utc"": ""2026-09-01T10:45:38.330523+00:00""}"
4419.000000000,LOCAL_REPLAN,"{""message"": ""Call local replanning..."", ""wall_time_utc"": ""2026-09-01T10:45:44.056690+00:00""}"
4419.000000000,REPLAN_REQUESTED,"{""message"": ""Replanning request. curr_vertex_idx: 31"", ""wall_time_utc"": ""2026-09-01T10:45:44.058850+00:00""}"
4425.600000000,LOCAL_REPLAN,"{""message"": ""Call local replanning..."", ""wall_time_utc"": ""2026-09-01T10:45:50.691283+00:00""}"
4425.600000000,REPLAN_REQUESTED,"{""message"": ""Replanning request. curr_vertex_idx: 31"", ""wall_time_utc"": ""2026-09-01T10:45:50.693468+00:00""}"
4431.000000000,LOCAL_REPLAN,"{""message"": ""Call local replanning..."", ""wall_time_utc"": ""2026-09-01T10:45:56.113992+00:00""}"
4431.000000000,REPLAN_REQUESTED,"{""message"": ""Replanning request. curr_vertex_idx: 31"", ""wall_time_utc"": ""2026-09-01T10:45:56.116177+00:00""}"
4437.500000000,LOCAL_REPLAN,"{""message"": ""Call local replanning..."", ""wall_time_utc"": ""2026-09-01T10:46:02.531872+00:00""}"
4437.500000000,REPLAN_REQUESTED,"{""message"": ""Replanning request. curr_vertex_idx: 31"", ""wall_time_utc"": ""2026-09-01T10:46:02.533843+00:00""}"
4443.400000000,LOCAL_REPLAN,"{""message"": ""Call local replanning..."", ""wall_time_utc"": ""2026-09-01T10:46:08.483879+00:00""}"
4443.400000000,REPLAN_REQUESTED,"{""message"": ""Replanning request. curr_vertex_idx: 31"", ""wall_time_utc"": ""2026-09-01T10:46:08.485849+00:00""}"
4449.000000000,LOCAL_REPLAN,"{""message"": ""Call local replanning..."", ""wall_time_utc"": ""2026-09-01T10:46:14.124453+00:00""}"
4449.000000000,REPLAN_REQUESTED,"{""message"": ""Replanning request. curr_vertex_idx: 31"", ""wall_time_utc"": ""2026-09-01T10:46:14.126254+00:00""}"
4456.500000000,LOCAL_REPLAN,"{""message"": ""Call local replanning..."", ""wall_time_utc"": ""2026-09-01T10:46:21.572520+00:00""}"
4456.500000000,REPLAN_REQUESTED,"{""message"": ""Replanning request. curr_vertex_idx: 31"", ""wall_time_utc"": ""2026-09-01T10:46:21.574383+00:00""}"
4462.500000000,LOCAL_REPLAN,"{""message"": ""Call local replanning..."", ""wall_time_utc"": ""2026-09-01T10:46:27.582637+00:00""}"
4462.500000000,REPLAN_REQUESTED,"{""message"": ""Replanning request. curr_vertex_idx: 31"", ""wall_time_utc"": ""2026-09-01T10:46:27.584648+00:00""}"
4468.500000000,LOCAL_REPLAN,"{""message"": ""Call local replanning..."", ""wall_time_utc"": ""2026-09-01T10:46:33.605993+00:00""}"
4468.500000000,REPLAN_REQUESTED,"{""message"": ""Replanning request. curr_vertex_idx: 31"", ""wall_time_utc"": ""2026-09-01T10:46:33.607852+00:00""}"
4475.200000000,LOCAL_REPLAN,"{""message"": ""Call local replanning..."", ""wall_time_utc"": ""2026-09-01T10:46:40.319719+00:00""}"
4475.200000000,REPLAN_REQUESTED,"{""message"": ""Replanning request. curr_vertex_idx: 31"", ""wall_time_utc"": ""2026-09-01T10:46:40.321854+00:00""}"
4481.100000000,LOCAL_REPLAN,"{""message"": ""Call local replanning..."", ""wall_time_utc"": ""2026-09-01T10:46:46.219472+00:00""}"
4481.100000000,REPLAN_REQUESTED,"{""message"": ""Replanning request. curr_vertex_idx: 31"", ""wall_time_utc"": ""2026-09-01T10:46:46.221215+00:00""}"
4487.400000000,LOCAL_REPLAN,"{""message"": ""Call local replanning..."", ""wall_time_utc"": ""2026-09-01T10:46:52.492700+00:00""}"
4487.400000000,REPLAN_REQUESTED,"{""message"": ""Replanning request. curr_vertex_idx: 31"", ""wall_time_utc"": ""2026-09-01T10:46:52.494207+00:00""}"
4492.500000000,LOCAL_REPLAN,"{""message"": ""Call local replanning..."", ""wall_time_utc"": ""2026-09-01T10:46:57.620188+00:00""}"
4492.500000000,REPLAN_REQUESTED,"{""message"": ""Replanning request. curr_vertex_idx: 31"", ""wall_time_utc"": ""2026-09-01T10:46:57.621987+00:00""}"
4498.700000000,LOCAL_REPLAN,"{""message"": ""Call local replanning..."", ""wall_time_utc"": ""2026-09-01T10:47:03.796781+00:00""}"
4498.700000000,REPLAN_REQUESTED,"{""message"": ""Replanning request. curr_vertex_idx: 31"", ""wall_time_utc"": ""2026-09-01T10:47:03.798241+00:00""}"
4502.700000000,LOCAL_REPLAN,"{""message"": ""Call local replanning..."", ""wall_time_utc"": ""2026-09-01T10:47:07.799017+00:00""}"
4502.700000000,REPLAN_REQUESTED,"{""message"": ""Replanning request. curr_vertex_idx: 31"", ""wall_time_utc"": ""2026-09-01T10:47:07.800861+00:00""}"
4505.100000000,LOCAL_REPLAN,"{""message"": ""Call local replanning..."", ""wall_time_utc"": ""2026-09-01T10:47:10.186829+00:00""}"
4505.100000000,REPLAN_REQUESTED,"{""message"": ""Replanning request. curr_vertex_idx: 31"", ""wall_time_utc"": ""2026-09-01T10:47:10.188975+00:00""}"
4506.500000000,LOCAL_REPLAN,"{""message"": ""Call local replanning..."", ""wall_time_utc"": ""2026-09-01T10:47:11.610928+00:00""}"
4506.500000000,REPLAN_REQUESTED,"{""message"": ""Replanning request. curr_vertex_idx: 31"", ""wall_time_utc"": ""2026-09-01T10:47:11.612762+00:00""}"
4508.500000000,LOCAL_REPLAN,"{""message"": ""Call local replanning..."", ""wall_time_utc"": ""2026-09-01T10:47:13.616758+00:00""}"
4508.500000000,REPLAN_REQUESTED,"{""message"": ""Replanning request. curr_vertex_idx: 31"", ""wall_time_utc"": ""2026-09-01T10:47:13.618581+00:00""}"
4510.500000000,LOCAL_REPLAN,"{""message"": ""Call local replanning..."", ""wall_time_utc"": ""2026-09-01T10:47:15.594979+00:00""}"
4510.500000000,REPLAN_REQUESTED,"{""message"": ""Replanning request. curr_vertex_idx: 31"", ""wall_time_utc"": ""2026-09-01T10:47:15.596768+00:00""}"
4512.500000000,LOCAL_REPLAN,"{""message"": ""Call local replanning..."", ""wall_time_utc"": ""2026-09-01T10:47:17.615208+00:00""}"
4512.500000000,REPLAN_REQUESTED,"{""message"": ""Replanning request. curr_vertex_idx: 31"", ""wall_time_utc"": ""2026-09-01T10:47:17.617262+00:00""}"
4514.500000000,LOCAL_REPLAN,"{""message"": ""Call local replanning..."", ""wall_time_utc"": ""2026-09-01T10:47:19.604230+00:00""}"
4514.500000000,REPLAN_REQUESTED,"{""message"": ""Replanning request. curr_vertex_idx: 31"", ""wall_time_utc"": ""2026-09-01T10:47:19.606029+00:00""}"
4517.100000000,LOCAL_REPLAN,"{""message"": ""Call local replanning..."", ""wall_time_utc"": ""2026-09-01T10:47:22.189688+00:00""}"
4517.100000000,REPLAN_REQUESTED,"{""message"": ""Replanning request. curr_vertex_idx: 31"", ""wall_time_utc"": ""2026-09-01T10:47:22.191455+00:00""}"
4517.800000000,LOCAL_REPLAN,"{""message"": ""Call local replanning..."", ""wall_time_utc"": ""2026-09-01T10:47:22.898219+00:00""}"
4517.800000000,REPLAN_REQUESTED,"{""message"": ""Replanning request. curr_vertex_idx: 31"", ""wall_time_utc"": ""2026-09-01T10:47:22.900033+00:00""}"
4520.500000000,LOCAL_REPLAN,"{""message"": ""Call local replanning..."", ""wall_time_utc"": ""2026-09-01T10:47:25.616873+00:00""}"
4520.500000000,REPLAN_REQUESTED,"{""message"": ""Replanning request. curr_vertex_idx: 31"", ""wall_time_utc"": ""2026-09-01T10:47:25.618636+00:00""}"
4522.500000000,LOCAL_REPLAN,"{""message"": ""Call local replanning..."", ""wall_time_utc"": ""2026-09-01T10:47:27.627530+00:00""}"
4522.500000000,REPLAN_REQUESTED,"{""message"": ""Replanning request. curr_vertex_idx: 31"", ""wall_time_utc"": ""2026-09-01T10:47:27.629658+00:00""}"
4525.100000000,LOCAL_REPLAN,"{""message"": ""Call local replanning..."", ""wall_time_utc"": ""2026-09-01T10:47:30.143801+00:00""}"
4525.100000000,REPLAN_REQUESTED,"{""message"": ""Replanning request. curr_vertex_idx: 31"", ""wall_time_utc"": ""2026-09-01T10:47:30.146086+00:00""}"
4527.200000000,LOCAL_REPLAN,"{""message"": ""Call local replanning..."", ""wall_time_utc"": ""2026-09-01T10:47:32.233340+00:00""}"
4527.200000000,REPLAN_REQUESTED,"{""message"": ""Replanning request. curr_vertex_idx: 31"", ""wall_time_utc"": ""2026-09-01T10:47:32.235025+00:00""}"
4529.900000000,LOCAL_REPLAN,"{""message"": ""Call local replanning..."", ""wall_time_utc"": ""2026-09-01T10:47:34.977860+00:00""}"
4529.900000000,REPLAN_REQUESTED,"{""message"": ""Replanning request. curr_vertex_idx: 31"", ""wall_time_utc"": ""2026-09-01T10:47:34.980007+00:00""}"
4532.600000000,LOCAL_REPLAN,"{""message"": ""Call local replanning..."", ""wall_time_utc"": ""2026-09-01T10:47:37.664163+00:00""}"
4532.600000000,REPLAN_REQUESTED,"{""message"": ""Replanning request. curr_vertex_idx: 31"", ""wall_time_utc"": ""2026-09-01T10:47:37.666058+00:00""}"
4534.000000000,LOCAL_REPLAN,"{""message"": ""Call local replanning..."", ""wall_time_utc"": ""2026-09-01T10:47:39.130825+00:00""}"
4534.100000000,REPLAN_REQUESTED,"{""message"": ""Replanning request. curr_vertex_idx: 31"", ""wall_time_utc"": ""2026-09-01T10:47:39.132795+00:00""}"
4536.200000000,LOCAL_REPLAN,"{""message"": ""Call local replanning..."", ""wall_time_utc"": ""2026-09-01T10:47:41.296014+00:00""}"
4536.200000000,REPLAN_REQUESTED,"{""message"": ""Replanning request. curr_vertex_idx: 31"", ""wall_time_utc"": ""2026-09-01T10:47:41.298518+00:00""}"
4539.200000000,LOCAL_REPLAN,"{""message"": ""Call local replanning..."", ""wall_time_utc"": ""2026-09-01T10:47:44.284704+00:00""}"
4539.200000000,REPLAN_REQUESTED,"{""message"": ""Replanning request. curr_vertex_idx: 31"", ""wall_time_utc"": ""2026-09-01T10:47:44.286667+00:00""}"
4541.900000000,LOCAL_REPLAN,"{""message"": ""Call local replanning..."", ""wall_time_utc"": ""2026-09-01T10:47:46.944094+00:00""}"
4541.900000000,REPLAN_REQUESTED,"{""message"": ""Replanning request. curr_vertex_idx: 31"", ""wall_time_utc"": ""2026-09-01T10:47:46.946756+00:00""}"
4543.300000000,LOCAL_REPLAN,"{""message"": ""Call local replanning..."", ""wall_time_utc"": ""2026-09-01T10:47:48.415254+00:00""}"
4543.300000000,REPLAN_REQUESTED,"{""message"": ""Replanning request. curr_vertex_idx: 31"", ""wall_time_utc"": ""2026-09-01T10:47:48.417306+00:00""}"
4545.300000000,LOCAL_REPLAN,"{""message"": ""Call local replanning..."", ""wall_time_utc"": ""2026-09-01T10:47:50.417995+00:00""}"
4545.300000000,REPLAN_REQUESTED,"{""message"": ""Replanning request. curr_vertex_idx: 31"", ""wall_time_utc"": ""2026-09-01T10:47:50.420248+00:00""}"
4546.900000000,LOCAL_REPLAN,"{""message"": ""Call local replanning..."", ""wall_time_utc"": ""2026-09-01T10:47:51.999700+00:00""}"
4546.900000000,REPLAN_REQUESTED,"{""message"": ""Replanning request. curr_vertex_idx: 31"", ""wall_time_utc"": ""2026-09-01T10:47:52.001751+00:00""}"
4549.500000000,LOCAL_REPLAN,"{""message"": ""Call local replanning..."", ""wall_time_utc"": ""2026-09-01T10:47:54.600384+00:00""}"
4549.500000000,REPLAN_REQUESTED,"{""message"": ""Replanning request. curr_vertex_idx: 31"", ""wall_time_utc"": ""2026-09-01T10:47:54.602624+00:00""}"
4551.500000000,LOCAL_REPLAN,"{""message"": ""Call local replanning..."", ""wall_time_utc"": ""2026-09-01T10:47:56.594982+00:00""}"
4551.500000000,REPLAN_REQUESTED,"{""message"": ""Replanning request. curr_vertex_idx: 31"", ""wall_time_utc"": ""2026-09-01T10:47:56.597183+00:00""}"
4554.900000000,LOCAL_REPLAN,"{""message"": ""Call local replanning..."", ""wall_time_utc"": ""2026-09-01T10:47:59.937721+00:00""}"
4554.900000000,REPLAN_REQUESTED,"{""message"": ""Replanning request. curr_vertex_idx: 31"", ""wall_time_utc"": ""2026-09-01T10:47:59.939997+00:00""}"
4558.300000000,LOCAL_REPLAN,"{""message"": ""Call local replanning..."", ""wall_time_utc"": ""2026-09-01T10:48:03.418928+00:00""}"
4558.300000000,REPLAN_REQUESTED,"{""message"": ""Replanning request. curr_vertex_idx: 31"", ""wall_time_utc"": ""2026-09-01T10:48:03.421030+00:00""}"
4560.900000000,LOCAL_REPLAN,"{""message"": ""Call local replanning..."", ""wall_time_utc"": ""2026-09-01T10:48:06.029623+00:00""}"
4561.000000000,REPLAN_REQUESTED,"{""message"": ""Replanning request. curr_vertex_idx: 31"", ""wall_time_utc"": ""2026-09-01T10:48:06.031935+00:00""}"
4563.700000000,LOCAL_REPLAN,"{""message"": ""Call local replanning..."", ""wall_time_utc"": ""2026-09-01T10:48:08.748072+00:00""}"
4563.700000000,REPLAN_REQUESTED,"{""message"": ""Replanning request. curr_vertex_idx: 31"", ""wall_time_utc"": ""2026-09-01T10:48:08.750086+00:00""}"
4566.000000000,LOCAL_REPLAN,"{""message"": ""Call local replanning..."", ""wall_time_utc"": ""2026-09-01T10:48:11.067751+00:00""}"
4566.000000000,REPLAN_REQUESTED,"{""message"": ""Replanning request. curr_vertex_idx: 31"", ""wall_time_utc"": ""2026-09-01T10:48:11.070187+00:00""}"
4567.900000000,LOCAL_REPLAN,"{""message"": ""Call local replanning..."", ""wall_time_utc"": ""2026-09-01T10:48:13.028128+00:00""}"
4567.900000000,REPLAN_REQUESTED,"{""message"": ""Replanning request. curr_vertex_idx: 31"", ""wall_time_utc"": ""2026-09-01T10:48:13.030347+00:00""}"
4569.900000000,LOCAL_REPLAN,"{""message"": ""Call local replanning..."", ""wall_time_utc"": ""2026-09-01T10:48:15.028676+00:00""}"
4569.900000000,REPLAN_REQUESTED,"{""message"": ""Replanning request. curr_vertex_idx: 31"", ""wall_time_utc"": ""2026-09-01T10:48:15.031089+00:00""}"
4571.800000000,LOCAL_REPLAN,"{""message"": ""Call local replanning..."", ""wall_time_utc"": ""2026-09-01T10:48:16.841207+00:00""}"
4571.800000000,REPLAN_REQUESTED,"{""message"": ""Replanning request. curr_vertex_idx: 31"", ""wall_time_utc"": ""2026-09-01T10:48:16.843319+00:00""}"
4575.600000000,LOCAL_REPLAN,"{""message"": ""Call local replanning..."", ""wall_time_utc"": ""2026-09-01T10:48:20.730406+00:00""}"
4575.700000000,REPLAN_REQUESTED,"{""message"": ""Replanning request. curr_vertex_idx: 31"", ""wall_time_utc"": ""2026-09-01T10:48:20.732466+00:00""}"
4578.000000000,LOCAL_REPLAN,"{""message"": ""Call local replanning..."", ""wall_time_utc"": ""2026-09-01T10:48:23.031774+00:00""}"
4578.000000000,REPLAN_REQUESTED,"{""message"": ""Replanning request. curr_vertex_idx: 31"", ""wall_time_utc"": ""2026-09-01T10:48:23.033348+00:00""}"
4580.000000000,LOCAL_REPLAN,"{""message"": ""Call local replanning..."", ""wall_time_utc"": ""2026-09-01T10:48:25.033785+00:00""}"
4580.000000000,REPLAN_REQUESTED,"{""message"": ""Replanning request. curr_vertex_idx: 31"", ""wall_time_utc"": ""2026-09-01T10:48:25.035871+00:00""}"
4582.000000000,LOCAL_REPLAN,"{""message"": ""Call local replanning..."", ""wall_time_utc"": ""2026-09-01T10:48:27.047813+00:00""}"
4582.000000000,REPLAN_REQUESTED,"{""message"": ""Replanning request. curr_vertex_idx: 31"", ""wall_time_utc"": ""2026-09-01T10:48:27.049817+00:00""}"
4584.200000000,LOCAL_REPLAN,"{""message"": ""Call local replanning..."", ""wall_time_utc"": ""2026-09-01T10:48:29.243518+00:00""}"
4584.200000000,REPLAN_REQUESTED,"{""message"": ""Replanning request. curr_vertex_idx: 31"", ""wall_time_utc"": ""2026-09-01T10:48:29.245799+00:00""}"
4585.300000000,LOCAL_REPLAN,"{""message"": ""Call local replanning..."", ""wall_time_utc"": ""2026-09-01T10:48:30.425166+00:00""}"
4585.300000000,REPLAN_REQUESTED,"{""message"": ""Replanning request. curr_vertex_idx: 31"", ""wall_time_utc"": ""2026-09-01T10:48:30.427606+00:00""}"
4588.400000000,LOCAL_REPLAN,"{""message"": ""Call local replanning..."", ""wall_time_utc"": ""2026-09-01T10:48:33.457110+00:00""}"
4588.400000000,REPLAN_REQUESTED,"{""message"": ""Replanning request. curr_vertex_idx: 31"", ""wall_time_utc"": ""2026-09-01T10:48:33.459444+00:00""}"
4590.400000000,LOCAL_REPLAN,"{""message"": ""Call local replanning..."", ""wall_time_utc"": ""2026-09-01T10:48:35.518597+00:00""}"
4590.400000000,REPLAN_REQUESTED,"{""message"": ""Replanning request. curr_vertex_idx: 31"", ""wall_time_utc"": ""2026-09-01T10:48:35.520857+00:00""}"
4592.300000000,LOCAL_REPLAN,"{""message"": ""Call local replanning..."", ""wall_time_utc"": ""2026-09-01T10:48:37.384082+00:00""}"
4592.300000000,REPLAN_REQUESTED,"{""message"": ""Replanning request. curr_vertex_idx: 31"", ""wall_time_utc"": ""2026-09-01T10:48:37.386368+00:00""}"
4593.300000000,LOCAL_REPLAN,"{""message"": ""Call local replanning..."", ""wall_time_utc"": ""2026-09-01T10:48:38.429022+00:00""}"
4593.400000000,REPLAN_REQUESTED,"{""message"": ""Replanning request. curr_vertex_idx: 31"", ""wall_time_utc"": ""2026-09-01T10:48:38.431276+00:00""}"
4595.800000000,LOCAL_REPLAN,"{""message"": ""Call local replanning..."", ""wall_time_utc"": ""2026-09-01T10:48:40.846058+00:00""}"
4595.800000000,REPLAN_REQUESTED,"{""message"": ""Replanning request. curr_vertex_idx: 31"", ""wall_time_utc"": ""2026-09-01T10:48:40.848447+00:00""}"
4597.900000000,LOCAL_REPLAN,"{""message"": ""Call local replanning..."", ""wall_time_utc"": ""2026-09-01T10:48:43.018977+00:00""}"
4597.900000000,REPLAN_REQUESTED,"{""message"": ""Replanning request. curr_vertex_idx: 31"", ""wall_time_utc"": ""2026-09-01T10:48:43.021103+00:00""}"
4600.400000000,LOCAL_REPLAN,"{""message"": ""Call local replanning..."", ""wall_time_utc"": ""2026-09-01T10:48:45.442154+00:00""}"
4600.400000000,REPLAN_REQUESTED,"{""message"": ""Replanning request. curr_vertex_idx: 31"", ""wall_time_utc"": ""2026-09-01T10:48:45.444399+00:00""}"
4603.000000000,LOCAL_REPLAN,"{""message"": ""Call local replanning..."", ""wall_time_utc"": ""2026-09-01T10:48:48.071200+00:00""}"
4603.000000000,REPLAN_REQUESTED,"{""message"": ""Replanning request. curr_vertex_idx: 31"", ""wall_time_utc"": ""2026-09-01T10:48:48.073692+00:00""}"
4605.200000000,LOCAL_REPLAN,"{""message"": ""Call local replanning..."", ""wall_time_utc"": ""2026-09-01T10:48:50.234357+00:00""}"
4605.200000000,REPLAN_REQUESTED,"{""message"": ""Replanning request. curr_vertex_idx: 31"", ""wall_time_utc"": ""2026-09-01T10:48:50.236403+00:00""}"
4607.100000000,LOCAL_REPLAN,"{""message"": ""Call local replanning..."", ""wall_time_utc"": ""2026-09-01T10:48:52.175000+00:00""}"
4607.100000000,REPLAN_REQUESTED,"{""message"": ""Replanning request. curr_vertex_idx: 31"", ""wall_time_utc"": ""2026-09-01T10:48:52.177520+00:00""}"
4609.200000000,LOCAL_REPLAN,"{""message"": ""Call local replanning..."", ""wall_time_utc"": ""2026-09-01T10:48:54.324401+00:00""}"
4609.200000000,REPLAN_REQUESTED,"{""message"": ""Replanning request. curr_vertex_idx: 31"", ""wall_time_utc"": ""2026-09-01T10:48:54.326764+00:00""}"
4610.600000000,LOCAL_REPLAN,"{""message"": ""Call local replanning..."", ""wall_time_utc"": ""2026-09-01T10:48:55.700855+00:00""}"
4610.600000000,REPLAN_REQUESTED,"{""message"": ""Replanning request. curr_vertex_idx: 31"", ""wall_time_utc"": ""2026-09-01T10:48:55.703355+00:00""}"
4613.300000000,LOCAL_REPLAN,"{""message"": ""Call local replanning..."", ""wall_time_utc"": ""2026-09-01T10:48:58.332653+00:00""}"
4613.300000000,REPLAN_REQUESTED,"{""message"": ""Replanning request. curr_vertex_idx: 31"", ""wall_time_utc"": ""2026-09-01T10:48:58.334739+00:00""}"
4615.100000000,LOCAL_REPLAN,"{""message"": ""Call local replanning..."", ""wall_time_utc"": ""2026-09-01T10:49:00.201288+00:00""}"
4615.100000000,REPLAN_REQUESTED,"{""message"": ""Replanning request. curr_vertex_idx: 31"", ""wall_time_utc"": ""2026-09-01T10:49:00.203476+00:00""}"
4617.200000000,LOCAL_REPLAN,"{""message"": ""Call local replanning..."", ""wall_time_utc"": ""2026-09-01T10:49:02.312879+00:00""}"
4617.200000000,REPLAN_REQUESTED,"{""message"": ""Replanning request. curr_vertex_idx: 31"", ""wall_time_utc"": ""2026-09-01T10:49:02.315471+00:00""}"
4619.000000000,LOCAL_REPLAN,"{""message"": ""Call local replanning..."", ""wall_time_utc"": ""2026-09-01T10:49:04.123103+00:00""}"
4619.000000000,REPLAN_REQUESTED,"{""message"": ""Replanning request. curr_vertex_idx: 31"", ""wall_time_utc"": ""2026-09-01T10:49:04.125543+00:00""}"
4621.300000000,LOCAL_REPLAN,"{""message"": ""Call local replanning..."", ""wall_time_utc"": ""2026-09-01T10:49:06.340175+00:00""}"
4621.300000000,REPLAN_REQUESTED,"{""message"": ""Replanning request. curr_vertex_idx: 31"", ""wall_time_utc"": ""2026-09-01T10:49:06.342488+00:00""}"
4623.300000000,LOCAL_REPLAN,"{""message"": ""Call local replanning..."", ""wall_time_utc"": ""2026-09-01T10:49:08.337614+00:00""}"
4623.300000000,REPLAN_REQUESTED,"{""message"": ""Replanning request. curr_vertex_idx: 31"", ""wall_time_utc"": ""2026-09-01T10:49:08.339875+00:00""}"
4625.600000000,LOCAL_REPLAN,"{""message"": ""Call local replanning..."", ""wall_time_utc"": ""2026-09-01T10:49:10.708865+00:00""}"
4625.600000000,REPLAN_REQUESTED,"{""message"": ""Replanning request. curr_vertex_idx: 31"", ""wall_time_utc"": ""2026-09-01T10:49:10.710980+00:00""}"
4627.000000000,LOCAL_REPLAN,"{""message"": ""Call local replanning..."", ""wall_time_utc"": ""2026-09-01T10:49:12.124168+00:00""}"
4627.000000000,REPLAN_REQUESTED,"{""message"": ""Replanning request. curr_vertex_idx: 31"", ""wall_time_utc"": ""2026-09-01T10:49:12.126457+00:00""}"
4629.900000000,LOCAL_REPLAN,"{""message"": ""Call local replanning..."", ""wall_time_utc"": ""2026-09-01T10:49:14.952646+00:00""}"
4629.900000000,REPLAN_REQUESTED,"{""message"": ""Replanning request. curr_vertex_idx: 31"", ""wall_time_utc"": ""2026-09-01T10:49:14.954437+00:00""}"
4631.300000000,LOCAL_REPLAN,"{""message"": ""Call local replanning..."", ""wall_time_utc"": ""2026-09-01T10:49:16.337877+00:00""}"
4631.300000000,REPLAN_REQUESTED,"{""message"": ""Replanning request. curr_vertex_idx: 31"", ""wall_time_utc"": ""2026-09-01T10:49:16.339575+00:00""}"
4633.300000000,LOCAL_REPLAN,"{""message"": ""Call local replanning..."", ""wall_time_utc"": ""2026-09-01T10:49:18.357353+00:00""}"
4633.300000000,REPLAN_REQUESTED,"{""message"": ""Replanning request. curr_vertex_idx: 31"", ""wall_time_utc"": ""2026-09-01T10:49:18.359286+00:00""}"
4637.000000000,LOCAL_REPLAN,"{""message"": ""Call local replanning..."", ""wall_time_utc"": ""2026-09-01T10:49:22.060609+00:00""}"
4637.000000000,REPLAN_REQUESTED,"{""message"": ""Replanning request. curr_vertex_idx: 31"", ""wall_time_utc"": ""2026-09-01T10:49:22.062516+00:00""}"
4639.200000000,LOCAL_REPLAN,"{""message"": ""Call local replanning..."", ""wall_time_utc"": ""2026-09-01T10:49:24.325680+00:00""}"
4639.200000000,REPLAN_REQUESTED,"{""message"": ""Replanning request. curr_vertex_idx: 31"", ""wall_time_utc"": ""2026-09-01T10:49:24.327833+00:00""}"
4642.300000000,LOCAL_REPLAN,"{""message"": ""Call local replanning..."", ""wall_time_utc"": ""2026-09-01T10:49:27.370252+00:00""}"
4642.300000000,REPLAN_REQUESTED,"{""message"": ""Replanning request. curr_vertex_idx: 31"", ""wall_time_utc"": ""2026-09-01T10:49:27.371988+00:00""}"
4645.000000000,LOCAL_REPLAN,"{""message"": ""Call local replanning..."", ""wall_time_utc"": ""2026-09-01T10:49:30.115454+00:00""}"
4645.000000000,REPLAN_REQUESTED,"{""message"": ""Replanning request. curr_vertex_idx: 31"", ""wall_time_utc"": ""2026-09-01T10:49:30.117419+00:00""}"
4646.600000000,LOCAL_REPLAN,"{""message"": ""Call local replanning..."", ""wall_time_utc"": ""2026-09-01T10:49:31.728138+00:00""}"
4646.600000000,REPLAN_REQUESTED,"{""message"": ""Replanning request. curr_vertex_idx: 31"", ""wall_time_utc"": ""2026-09-01T10:49:31.730281+00:00""}"
4648.600000000,LOCAL_REPLAN,"{""message"": ""Call local replanning..."", ""wall_time_utc"": ""2026-09-01T10:49:33.721429+00:00""}"
4648.600000000,REPLAN_REQUESTED,"{""message"": ""Replanning request. curr_vertex_idx: 31"", ""wall_time_utc"": ""2026-09-01T10:49:33.723420+00:00""}"
4651.200000000,LOCAL_REPLAN,"{""message"": ""Call local replanning..."", ""wall_time_utc"": ""2026-09-01T10:49:36.323873+00:00""}"
4651.200000000,REPLAN_REQUESTED,"{""message"": ""Replanning request. curr_vertex_idx: 31"", ""wall_time_utc"": ""2026-09-01T10:49:36.326065+00:00""}"
4653.300000000,LOCAL_REPLAN,"{""message"": ""Call local replanning..."", ""wall_time_utc"": ""2026-09-01T10:49:38.351804+00:00""}"
4653.300000000,REPLAN_REQUESTED,"{""message"": ""Replanning request. curr_vertex_idx: 31"", ""wall_time_utc"": ""2026-09-01T10:49:38.353777+00:00""}"
4655.300000000,LOCAL_REPLAN,"{""message"": ""Call local replanning..."", ""wall_time_utc"": ""2026-09-01T10:49:40.333102+00:00""}"
4655.300000000,REPLAN_REQUESTED,"{""message"": ""Replanning request. curr_vertex_idx: 31"", ""wall_time_utc"": ""2026-09-01T10:49:40.334811+00:00""}"
4657.200000000,LOCAL_REPLAN,"{""message"": ""Call local replanning..."", ""wall_time_utc"": ""2026-09-01T10:49:42.299203+00:00""}"
4657.200000000,REPLAN_REQUESTED,"{""message"": ""Replanning request. curr_vertex_idx: 31"", ""wall_time_utc"": ""2026-09-01T10:49:42.301608+00:00""}"
4658.600000000,LOCAL_REPLAN,"{""message"": ""Call local replanning..."", ""wall_time_utc"": ""2026-09-01T10:49:43.711758+00:00""}"
4658.600000000,REPLAN_REQUESTED,"{""message"": ""Replanning request. curr_vertex_idx: 31"", ""wall_time_utc"": ""2026-09-01T10:49:43.713810+00:00""}"
4660.600000000,LOCAL_REPLAN,"{""message"": ""Call local replanning..."", ""wall_time_utc"": ""2026-09-01T10:49:45.724850+00:00""}"
4660.600000000,REPLAN_REQUESTED,"{""message"": ""Replanning request. curr_vertex_idx: 31"", ""wall_time_utc"": ""2026-09-01T10:49:45.726882+00:00""}"
4663.300000000,LOCAL_REPLAN,"{""message"": ""Call local replanning..."", ""wall_time_utc"": ""2026-09-01T10:49:48.363421+00:00""}"
4663.300000000,REPLAN_REQUESTED,"{""message"": ""Replanning request. curr_vertex_idx: 31"", ""wall_time_utc"": ""2026-09-01T10:49:48.365419+00:00""}"
4666.100000000,LOCAL_REPLAN,"{""message"": ""Call local replanning..."", ""wall_time_utc"": ""2026-09-01T10:49:51.228077+00:00""}"
4666.100000000,REPLAN_REQUESTED,"{""message"": ""Replanning request. curr_vertex_idx: 31"", ""wall_time_utc"": ""2026-09-01T10:49:51.229901+00:00""}"
4668.300000000,LOCAL_REPLAN,"{""message"": ""Call local replanning..."", ""wall_time_utc"": ""2026-09-01T10:49:53.334122+00:00""}"
4668.300000000,REPLAN_REQUESTED,"{""message"": ""Replanning request. curr_vertex_idx: 31"", ""wall_time_utc"": ""2026-09-01T10:49:53.336388+00:00""}"
4670.900000000,LOCAL_REPLAN,"{""message"": ""Call local replanning..."", ""wall_time_utc"": ""2026-09-01T10:49:55.931323+00:00""}"
4670.900000000,REPLAN_REQUESTED,"{""message"": ""Replanning request. curr_vertex_idx: 31"", ""wall_time_utc"": ""2026-09-01T10:49:55.933248+00:00""}"
4672.300000000,LOCAL_REPLAN,"{""message"": ""Call local replanning..."", ""wall_time_utc"": ""2026-09-01T10:49:57.341043+00:00""}"
4672.300000000,REPLAN_REQUESTED,"{""message"": ""Replanning request. curr_vertex_idx: 31"", ""wall_time_utc"": ""2026-09-01T10:49:57.343404+00:00""}"
4674.300000000,LOCAL_REPLAN,"{""message"": ""Call local replanning..."", ""wall_time_utc"": ""2026-09-01T10:49:59.336347+00:00""}"
4674.300000000,REPLAN_REQUESTED,"{""message"": ""Replanning request. curr_vertex_idx: 31"", ""wall_time_utc"": ""2026-09-01T10:49:59.338203+00:00""}"
4676.300000000,LOCAL_REPLAN,"{""message"": ""Call local replanning..."", ""wall_time_utc"": ""2026-09-01T10:50:01.374249+00:00""}"
4676.300000000,REPLAN_REQUESTED,"{""message"": ""Replanning request. curr_vertex_idx: 31"", ""wall_time_utc"": ""2026-09-01T10:50:01.376002+00:00""}"
4678.200000000,LOCAL_REPLAN,"{""message"": ""Call local replanning..."", ""wall_time_utc"": ""2026-09-01T10:50:03.321462+00:00""}"
4678.200000000,REPLAN_REQUESTED,"{""message"": ""Replanning request. curr_vertex_idx: 31"", ""wall_time_utc"": ""2026-09-01T10:50:03.323081+00:00""}"
4679.800000000,LOCAL_REPLAN,"{""message"": ""Call local replanning..."", ""wall_time_utc"": ""2026-09-01T10:50:04.902173+00:00""}"
4679.800000000,REPLAN_REQUESTED,"{""message"": ""Replanning request. curr_vertex_idx: 31"", ""wall_time_utc"": ""2026-09-01T10:50:04.903960+00:00""}"
4684.200000000,LOCAL_REPLAN,"{""message"": ""Call local replanning..."", ""wall_time_utc"": ""2026-09-01T10:50:09.321220+00:00""}"
4684.200000000,REPLAN_REQUESTED,"{""message"": ""Replanning request. curr_vertex_idx: 31"", ""wall_time_utc"": ""2026-09-01T10:50:09.322897+00:00""}"
4686.900000000,LOCAL_REPLAN,"{""message"": ""Call local replanning..."", ""wall_time_utc"": ""2026-09-01T10:50:12.029950+00:00""}"
4687.000000000,REPLAN_REQUESTED,"{""message"": ""Replanning request. curr_vertex_idx: 31"", ""wall_time_utc"": ""2026-09-01T10:50:12.032714+00:00""}"
4688.600000000,LOCAL_REPLAN,"{""message"": ""Call local replanning..."", ""wall_time_utc"": ""2026-09-01T10:50:13.638989+00:00""}"
4688.600000000,REPLAN_REQUESTED,"{""message"": ""Replanning request. curr_vertex_idx: 31"", ""wall_time_utc"": ""2026-09-01T10:50:13.641200+00:00""}"
4690.400000000,LOCAL_REPLAN,"{""message"": ""Call local replanning..."", ""wall_time_utc"": ""2026-09-01T10:50:15.440864+00:00""}"
4690.400000000,REPLAN_REQUESTED,"{""message"": ""Replanning request. curr_vertex_idx: 31"", ""wall_time_utc"": ""2026-09-01T10:50:15.442810+00:00""}"
4692.500000000,LOCAL_REPLAN,"{""message"": ""Call local replanning..."", ""wall_time_utc"": ""2026-09-01T10:50:17.543948+00:00""}"
4692.500000000,REPLAN_REQUESTED,"{""message"": ""Replanning request. curr_vertex_idx: 31"", ""wall_time_utc"": ""2026-09-01T10:50:17.545875+00:00""}"
4694.300000000,LOCAL_REPLAN,"{""message"": ""Call local replanning..."", ""wall_time_utc"": ""2026-09-01T10:50:19.426364+00:00""}"
4694.300000000,REPLAN_REQUESTED,"{""message"": ""Replanning request. curr_vertex_idx: 31"", ""wall_time_utc"": ""2026-09-01T10:50:19.428329+00:00""}"
4696.400000000,LOCAL_REPLAN,"{""message"": ""Call local replanning..."", ""wall_time_utc"": ""2026-09-01T10:50:21.442583+00:00""}"
4696.400000000,REPLAN_REQUESTED,"{""message"": ""Replanning request. curr_vertex_idx: 31"", ""wall_time_utc"": ""2026-09-01T10:50:21.444502+00:00""}"
4698.600000000,LOCAL_REPLAN,"{""message"": ""Call local replanning..."", ""wall_time_utc"": ""2026-09-01T10:50:23.640518+00:00""}"
4698.600000000,REPLAN_REQUESTED,"{""message"": ""Replanning request. curr_vertex_idx: 31"", ""wall_time_utc"": ""2026-09-01T10:50:23.642473+00:00""}"
4700.900000000,LOCAL_REPLAN,"{""message"": ""Call local replanning..."", ""wall_time_utc"": ""2026-09-01T10:50:25.948817+00:00""}"
4700.900000000,REPLAN_REQUESTED,"{""message"": ""Replanning request. curr_vertex_idx: 31"", ""wall_time_utc"": ""2026-09-01T10:50:25.950719+00:00""}"
4702.600000000,LOCAL_REPLAN,"{""message"": ""Call local replanning..."", ""wall_time_utc"": ""2026-09-01T10:50:27.646452+00:00""}"
4702.600000000,REPLAN_REQUESTED,"{""message"": ""Replanning request. curr_vertex_idx: 31"", ""wall_time_utc"": ""2026-09-01T10:50:27.648661+00:00""}"
4704.600000000,LOCAL_REPLAN,"{""message"": ""Call local replanning..."", ""wall_time_utc"": ""2026-09-01T10:50:29.704920+00:00""}"
4704.600000000,REPLAN_REQUESTED,"{""message"": ""Replanning request. curr_vertex_idx: 31"", ""wall_time_utc"": ""2026-09-01T10:50:29.706741+00:00""}"
4706.400000000,LOCAL_REPLAN,"{""message"": ""Call local replanning..."", ""wall_time_utc"": ""2026-09-01T10:50:31.432901+00:00""}"
4706.400000000,REPLAN_REQUESTED,"{""message"": ""Replanning request. curr_vertex_idx: 31"", ""wall_time_utc"": ""2026-09-01T10:50:31.434906+00:00""}"
4708.600000000,LOCAL_REPLAN,"{""message"": ""Call local replanning..."", ""wall_time_utc"": ""2026-09-01T10:50:33.633333+00:00""}"
4708.600000000,REPLAN_REQUESTED,"{""message"": ""Replanning request. curr_vertex_idx: 31"", ""wall_time_utc"": ""2026-09-01T10:50:33.635509+00:00""}"
4710.300000000,LOCAL_REPLAN,"{""message"": ""Call local replanning..."", ""wall_time_utc"": ""2026-09-01T10:50:35.409017+00:00""}"
4710.300000000,REPLAN_REQUESTED,"{""message"": ""Replanning request. curr_vertex_idx: 31"", ""wall_time_utc"": ""2026-09-01T10:50:35.410863+00:00""}"
4712.500000000,LOCAL_REPLAN,"{""message"": ""Call local replanning..."", ""wall_time_utc"": ""2026-09-01T10:50:37.627815+00:00""}"
4712.500000000,REPLAN_REQUESTED,"{""message"": ""Replanning request. curr_vertex_idx: 31"", ""wall_time_utc"": ""2026-09-01T10:50:37.629814+00:00""}"
4714.400000000,LOCAL_REPLAN,"{""message"": ""Call local replanning..."", ""wall_time_utc"": ""2026-09-01T10:50:39.473447+00:00""}"
4714.400000000,REPLAN_REQUESTED,"{""message"": ""Replanning request. curr_vertex_idx: 31"", ""wall_time_utc"": ""2026-09-01T10:50:39.475585+00:00""}"
4717.000000000,LOCAL_REPLAN,"{""message"": ""Call local replanning..."", ""wall_time_utc"": ""2026-09-01T10:50:42.037544+00:00""}"
4717.000000000,REPLAN_REQUESTED,"{""message"": ""Replanning request. curr_vertex_idx: 31"", ""wall_time_utc"": ""2026-09-01T10:50:42.039659+00:00""}"
4719.800000000,LOCAL_REPLAN,"{""message"": ""Call local replanning..."", ""wall_time_utc"": ""2026-09-01T10:50:44.834570+00:00""}"
4719.800000000,REPLAN_REQUESTED,"{""message"": ""Replanning request. curr_vertex_idx: 31"", ""wall_time_utc"": ""2026-09-01T10:50:44.836167+00:00""}"
4721.800000000,LOCAL_REPLAN,"{""message"": ""Call local replanning..."", ""wall_time_utc"": ""2026-09-01T10:50:46.902989+00:00""}"
4721.800000000,REPLAN_REQUESTED,"{""message"": ""Replanning request. curr_vertex_idx: 31"", ""wall_time_utc"": ""2026-09-01T10:50:46.904646+00:00""}"
