0.100000000 0.2 0 0 0 0 0 1
15.500000000 1.261 -0.0084596 0 0 0 -0.000674266 1
16.800000000 2.23996 -0.017386 0 0 0 -0.00116684 0.999999
18.100000000 3.2064 -0.0304206 0 0 0 -0.0192529 0.999815
18.800000000 3.24645 -0.138965 0 0 0 -0.315976 0.948767
19.500000000 3.13182 -0.201793 0 0 0 -0.621751 0.783215
20.200000000 3.1235 -0.204237 0 0 0 -0.85636 0.51638
20.800000000 3.04995 -0.121199 0 0 0 -0.970712 0.240245
21.400000000 3.02851 -0.0155791 0 0 0 0.998352 0.0573955
22.000000000 3.0659 0.0902904 0 0 0 0.936731 0.35005
22.600000000 3.1808 0.158603 0 0 0 0.791692 0.610921
23.300000000 3.27876 0.124478 0 0 0 0.533697 0.845676
23.900000000 3.3901 0.0690358 0 0 0 0.260613 0.965443
24.500000000 3.38587 -0.0561358 0 0 0 -0.0362365 0.999343
27.700000000 3.44849 -0.224692 0 0 0 -0.312074 0.950058
28.300000000 3.42624 -0.343593 0 0 0 -0.548254 0.836312
29.100000000 3.23725 -0.478645 0 0 0 -0.781334 0.624113
30.300000000 2.92113 -1.04662 0 0 0 -0.916834 0.399269
31.700000000 2.09042 -1.51658 0 0 0 -0.982096 0.188379
33.200000000 0.987351 -1.67727 0 0 0 -0.999946 0.0103974
34.600000000 -0.0208952 -1.81112 0 0 0 -0.993714 0.111946
36.100000000 -0.875829 -2.33578 0 0 0 -0.93983 0.341641
37.500000000 -1.47554 -3.16226 0 0 0 -0.860275 0.509831
38.700000000 -1.74239 -4.00419 0 0 0 -0.783401 0.621516
40.000000000 -1.87899 -4.97884 0 0 0 -0.767208 0.641398
41.600000000 -1.97576 -6.05294 0 0 0 -0.672815 0.73981
43.100000000 -1.55947 -6.92929 0 0 0 -0.460799 0.887505
44.400000000 -0.87846 -7.61993 0 0 0 -0.370277 0.928922
45.600000000 -0.232891 -8.2327 0 0 0 -0.36919 0.929354
47.400000000 0.562965 -8.80257 0 0 0 -0.110414 0.993886
48.200000000 0.827324 -8.70016 0 0 0 0.153587 0.988135
49.700000000 1.7594 -8.13171 0 0 0 0.311849 0.950132
51.000000000 2.47903 -7.49451 0 0 0 0.37397 0.927441
52.300000000 3.11279 -6.7636 0 0 0 0.382793 0.923834
53.700000000 3.87299 -6.04623 0 0 0 0.378056 0.925783
55.000000000 4.5567 -5.36279 0 0 0 0.385088 0.92288
56.200000000 5.21824 -4.71823 0 0 0 0.388458 0.921467
57.600000000 5.95215 -3.96288 0 0 0 0.385675 0.922635
58.900000000 6.62028 -3.27229 0 0 0 0.378051 0.925785
60.200000000 7.31117 -2.5815 0 0 0 0.384722 0.923032
61.500000000 7.99132 -1.88211 0 0 0 0.3856 0.922666
62.800000000 8.68075 -1.19336 0 0 0 0.385597 0.922667
64.200000000 9.3728 -0.397657 0 0 0 0.418183 0.908363
65.800000000 10.1535 0.0938443 0 0 0 0.148753 0.988874
67.400000000 11.1696 -0.0296077 0 0 0 -0.125065 0.992149
68.700000000 12.1011 -0.251338 0 0 0 -0.103273 0.994653
70.000000000 13.0475 -0.326975 0 0 0 -0.0411715 0.999152
71.400000000 14.1404 -0.420304 0 0 0 0.00777706 0.99997
72.700000000 15.0996 -0.321822 0 0 0 0.0633238 0.997993
74.000000000 16.07 -0.120383 0 0 0 0.150737 0.988574
75.300000000 16.9172 0.343339 0 0 0 0.292006 0.956417
76.700000000 17.6185 1.0822 0 0 0 0.447245 0.894412
77.300000000 17.5845 1.18842 0 0 0 0.661487 0.749956
78.000000000 17.487 1.18402 0 0 0 0.865274 0.501299
78.600000000 17.3545 1.13007 0 0 0 0.967888 0.251383
80.600000000 16.6725 1.7995 0 0 0 0.842075 0.53936
81.900000000 16.4346 2.65275 0 0 0 0.839532 0.54331
83.200000000 15.8426 3.41213 0 0 0 0.918169 0.396188
84.600000000 15.0414 4.10306 0 0 0 0.934367 0.356313
85.900000000 14.3703 4.81037 0 0 0 0.926012 0.377495
87.100000000 13.7118 5.43341 0 0 0 0.924341 0.381568
88.500000000 12.9751 6.17526 0 0 0 0.924337 0.381577
89.700000000 12.3544 6.83205 0 0 0 0.912719 0.408588
91.000000000 11.7442 7.59126 0 0 0 0.897573 0.440866
92.400000000 11.1507 8.4593 0 0 0 0.875322 0.483541
93.600000000 10.6903 9.2416 0 0 0 0.862393 0.506239
95.000000000 10.2129 10.1707 0 0 0 0.844597 0.535402
96.300000000 9.91692 11.0995 0 0 0 0.784091 0.620646
97.400000000 9.97462 11.4678 0 0 0 0.527244 0.849714
98.000000000 10.0665 11.3947 0 0 0 0.257071 0.966392
98.600000000 10.1024 11.282 0 0 0 -0.0354268 0.999372
99.200000000 10.0701 11.1692 0 0 0 -0.324866 0.94576
99.800000000 9.98 11.0949 0 0 0 -0.586108 0.810233
100.300000000 9.8835 11.0742 0 0 0 -0.766093 0.64273
101.100000000 9.65815 10.9407 0 0 0 -0.916236 0.40064
102.500000000 8.8279 10.3789 0 0 0 -0.962347 0.271823
104.100000000 8.06363 9.83087 0 0 0 -0.936043 0.351886
105.300000000 7.95698 9.57439 0 0 0 -0.774833 0.632166
105.900000000 8.08522 9.57571 0 0 0 -0.553498 0.832851
106.500000000 8.18581 9.64811 0 0 0 -0.283229 0.959052
107.200000000 8.21788 9.79088 0 0 0 0.0634369 0.997986
107.800000000 8.16767 9.89895 0 0 0 0.355437 0.9347
108.400000000 8.07301 9.98618 0 0 0 0.60489 0.796309
109.200000000 8.03061 10.3168 0 0 0 0.773246 0.634107
110.700000000 7.70469 11.3481 0 0 0 0.791934 0.610607
112.000000000 7.49552 12.3104 0 0 0 0.765276 0.643702
113.400000000 7.38948 13.3515 0 0 0 0.732197 0.681093
114.700000000 7.26945 14.2966 0 0 0 0.786994 0.61696
116.000000000 6.7878 14.8941 0 0 0 0.924637 0.380848
117.000000000 6.35761 15.0763 0 0 0 0.992394 0.123102
117.600000000 6.36164 14.9582 0 0 0 -0.984435 0.17575
118.300000000 6.44503 14.8658 0 0 0 -0.864204 0.503142
118.900000000 6.56165 14.8407 0 0 0 -0.677003 0.73598
119.400000000 6.66286 14.8851 0 0 0 -0.474438 0.880289
120.100000000 6.73918 14.977 0 0 0 -0.143211 0.989692
120.800000000 6.9034 15.0875 0 0 0 0.123607 0.992331
122.100000000 7.46963 15.5933 0 0 0 0.353532 0.935423
123.300000000 7.70968 15.9822 0 0 0 0.637137 0.770751
124.200000000 7.56442 16.2496 0 0 0 0.842385 0.538876
125.500000000 6.96456 16.7903 0 0 0 0.947662 0.319276
127.100000000 6.13319 17.4882 0 0 0 0.903378 0.428845
128.500000000 5.76958 18.3739 0 0 0 0.789176 0.614167
129.900000000 5.72681 19.4258 0 0 0 0.701338 0.712829
131.200000000 5.83488 20.3886 0 0 0 0.63903 0.769182
132.500000000 6.10627 21.3267 0 0 0 0.577285 0.816543
133.700000000 6.4571 22.1552 0 0 0 0.524422 0.851459
135.000000000 7.02044 22.9483 0 0 0 0.43223 0.901763
136.400000000 7.82177 23.6064 0 0 0 0.27266 0.96211
137.900000000 8.81179 23.8176 0 0 0 0.0348667 0.999392
139.200000000 9.76254 23.7135 0 0 0 -0.0840955 0.996458
140.600000000 10.7958 23.5646 0 0 0 -0.0454593 0.998966
141.800000000 11.6942 23.5636 0 0 0 0.00453865 0.99999
143.200000000 12.7446 23.5718 0 0 0 0.00367934 0.999993
144.500000000 13.7174 23.5773 0 0 0 0.00300674 0.999995
145.900000000 14.6901 23.4522 0 0 0 -0.144075 0.989567
147.800000000 15.5105 23.3342 0 0 0 0.191001 0.98159
148.500000000 15.6063 23.5235 0 0 0 0.4093 0.9124
149.800000000 16.0853 23.7736 0 0 0 0.13831 0.990389
151.700000000 17.0898 23.5868 0 0 0 -0.0293212 0.99957
153.100000000 18.1436 23.5956 0 0 0 0.00652898 0.999979
154.300000000 19.0473 23.5838 0 0 0 -0.00909039 0.999959
155.600000000 19.4794 23.4314 0 0 0 -0.350644 0.936509
156.200000000 19.3753 23.3813 0 0 0 -0.609448 0.792826
156.800000000 19.2681 23.3558 0 0 0 -0.811803 0.583932
157.400000000 19.1673 23.4058 0 0 0 -0.944922 0.327296
158.000000000 19.0784 23.4819 0 0 0 -0.998111 0.0614345
159.900000000 18.0419 23.7636 0 0 0 0.998806 0.0488605
161.200000000 17.0595 23.7307 0 0 0 -0.999345 0.0361987
162.500000000 16.1197 23.5682 0 0 0 -0.986011 0.166681
163.900000000 15.319 23.0269 0 0 0 -0.936377 0.350997
165.200000000 14.6421 22.2364 0 0 0 -0.921068 0.389401
166.500000000 13.9519 21.5688 0 0 0 -0.924727 0.38063
167.800000000 13.2546 20.8773 0 0 0 -0.925611 0.378475
169.200000000 12.5087 20.1355 0 0 0 -0.922581 0.385804
170.500000000 11.8221 19.4546 0 0 0 -0.921982 0.387233
171.800000000 11.1426 18.7664 0 0 0 -0.924138 0.382058
173.100000000 10.4497 18.0719 0 0 0 -0.925237 0.379389
174.400000000 9.76109 17.3827 0 0 0 -0.921373 0.38868
175.700000000 9.06503 16.691 0 0 0 -0.922268 0.386552
177.000000000 8.34185 16.0381 0 0 0 -0.939868 0.341538
178.500000000 7.47628 15.4059 0 0 0 -0.95885 0.283915
179.800000000 6.58128 15.0014 0 0 0 -0.98662 0.163038
181.100000000 5.61556 14.8315 0 0 0 -0.998864 0.0476458
182.500000000 4.64746 14.5059 0 0 0 -0.977963 0.208778
183.900000000 3.8997 14.0095 0 0 0 -0.933116 0.359575
185.900000000 3.25431 13.3501 0 0 0 -0.920698 0.390275
190.300000000 2.59272 12.6695 0 0 0 -0.92306 0.384656
194.800000000 1.87644 11.9763 0 0 0 -0.931614 0.36345
196.100000000 1.07642 11.4289 0 0 0 -0.966402 0.257034
197.500000000 0.083569 11.047 0 0 0 -0.994273 0.10687
198.800000000 -0.879847 11.0498 0 0 0 1 0.000836528
200.100000000 -1.8643 11.0587 0 0 0 0.999558 0.0297429
201.500000000 -2.90278 11.1679 0 0 0 0.998769 0.0495941
202.800000000 -3.87411 11.3065 0 0 0 0.996529 0.083245
204.100000000 -4.80414 11.6001 0 0 0 0.982947 0.183889
205.400000000 -5.65447 12.085 0 0 0 0.959157 0.282874
206.800000000 -6.32773 12.7785 0 0 0 0.891648 0.452729
208.000000000 -6.47975 13.3425 0 0 0 0.717111 0.696959
208.900000000 -6.25345 13.7047 0 0 0 0.547625 0.836724
210.200000000 -5.84563 14.586 0 0 0 0.532758 0.846268
211.600000000 -5.40069 15.5342 0 0 0 0.541475 0.840717
212.900000000 -5.01993 16.4402 0 0 0 0.565454 0.82478
214.200000000 -4.75178 17.3738 0 0 0 0.628263 0.778001
215.500000000 -4.65975 18.3431 0 0 0 0.68527 0.728289
216.800000000 -4.6229 19.3155 0 0 0 0.702884 0.711305
218.200000000 -4.61215 20.3691 0 0 0 0.705224 0.708985
219.500000000 -4.58378 21.3407 0 0 0 0.682521 0.730866
221.000000000 -4.64468 22.4017 0 0 0 0.781864 0.623449
222.100000000 -4.91431 22.8069 0 0 0 0.930767 0.365612
222.700000000 -4.9654 22.7003 0 0 0 0.99724 0.0742446
223.300000000 -4.94785 22.5858 0 0 0 -0.97439 0.224863
224.000000000 -4.84677 22.4995 0 0 0 -0.837867 0.545874
224.600000000 -4.72916 22.4857 0 0 0 -0.639116 0.76911
225.200000000 -4.62485 22.5411 0 0 0 -0.383487 0.923546
225.900000000 -4.44404 22.544 0 0 0 -0.12041 0.992724
226.500000000 -4.2931 22.6224 0 0 0 0.112732 0.993625
227.300000000 -4.21163 22.8157 0 0 0 0.409952 0.912107
228.000000000 -4.27257 22.9371 0 0 0 0.664418 0.747362
228.700000000 -4.40881 22.9056 0 0 0 0.879867 0.47522
229.300000000 -4.48407 22.8145 0 0 0 0.981008 0.193969
230.100000000 -4.78648 22.7635 0 0 0 -0.99852 0.0543893
231.600000000 -5.73946 22.3618 0 0 0 -0.977945 0.208862
232.900000000 -6.66413 22.0416 0 0 0 -0.990323 0.138783
234.200000000 -7.62976 21.9129 0 0 0 -0.999815 0.0192517
235.800000000 -8.53041 22.0428 0 0 0 0.990645 0.136463
236.500000000 -8.52723 22.1643 0 0 0 0.901717 0.432327
237.200000000 -8.40233 22.2168 0 0 0 0.704156 0.710045
237.700000000 -8.308 22.1911 0 0 0 0.509603 0.86041
238.400000000 -8.19948 22.1143 0 0 0 0.201312 0.979527
239.200000000 -7.88604 22.0871 0 0 0 -0.046333 0.998926
240.700000000 -6.86536 21.7709 0 0 0 -0.159944 0.987126
242.100000000 -5.92653 21.4654 0 0 0 -0.103866 0.994591
243.700000000 -5.02303 21.0085 0 0 0 -0.336051 0.941844
245.200000000 -4.51646 20.1661 0 0 0 -0.566416 0.824119
246.700000000 -4.5055 19.1754 0 0 0 -0.751268 0.659997
248.200000000 -4.72764 18.2247 0 0 0 -0.780194 0.625538
249.500000000 -4.8343 17.2928 0 0 0 -0.739791 0.672836
250.900000000 -4.97041 16.2579 0 0 0 -0.781495 0.623911
252.300000000 -5.43621 15.3647 0 0 0 -0.88389 0.467695
253.500000000 -5.97734 14.6181 0 0 0 -0.900244 0.435386
254.900000000 -6.69622 13.8608 0 0 0 -0.921804 0.387656
256.200000000 -7.39008 13.1693 0 0 0 -0.925328 0.379167
257.600000000 -8.08104 12.4964 0 0 0 -0.924377 0.381481
258.900000000 -8.76773 11.8017 0 0 0 -0.922227 0.386648
260.100000000 -9.39801 11.162 0 0 0 -0.922252 0.386588
261.500000000 -10.1361 10.41 0 0 0 -0.922242 0.386612
262.800000000 -10.8027 9.69538 0 0 0 -0.910271 0.414012
264.200000000 -11.3786 8.81524 0 0 0 -0.852951 0.521991
265.500000000 -11.6856 7.89359 0 0 0 -0.790213 0.612832
266.900000000 -11.7695 6.98727 0 0 0 -0.695028 0.718982
267.600000000 -11.6573 7.02037 0 0 0 -0.412291 0.911052
268.200000000 -11.6025 7.1146 0 0 0 -0.124933 0.992165
268.800000000 -11.5988 7.23417 0 0 0 0.174037 0.984739
269.400000000 -11.6692 7.33016 0 0 0 0.457343 0.88929
270.000000000 -11.7804 7.36952 0 0 0 0.699288 0.71484
270.800000000 -11.9752 7.55392 0 0 0 0.872822 0.488039
272.300000000 -12.7243 8.23148 0 0 0 0.936467 0.350756
273.700000000 -13.5035 8.93848 0 0 0 0.928502 0.371327
274.900000000 -14.139 9.57447 0 0 0 0.923185 0.384356
276.200000000 -14.8277 10.2597 0 0 0 0.923167 0.3844
277.600000000 -15.569 11.0064 0 0 0 0.923212 0.384291
278.900000000 -16.2437 11.6879 0 0 0 0.911992 0.410208
280.200000000 -16.6455 12.5178 0 0 0 0.818755 0.574143
281.500000000 -16.7858 13.483 0 0 0 0.728429 0.685122
282.900000000 -16.7078 14.5314 0 0 0 0.659842 0.751405
284.200000000 -16.5208 15.4889 0 0 0 0.632553 0.774517
285.800000000 -16.6007 16.3138 0 0 0 0.841568 0.540152
287.400000000 -17.26 17.1416 0 0 0 0.886215 0.463274
288.700000000 -17.7225 17.9986 0 0 0 0.858424 0.51294
290.300000000 -18.3285 18.584 0 0 0 0.979129 0.20324
290.900000000 -18.3326 18.4667 0 0 0 -0.995456 0.0952189
291.500000000 -18.2799 18.3625 0 0 0 -0.922977 0.384855
292.100000000 -18.1755 18.3074 0 0 0 -0.768073 0.640363
292.800000000 -18.0217 18.1835 0 0 0 -0.563255 0.826283
293.600000000 -17.7347 17.9942 0 0 0 -0.351628 0.93614
295.300000000 -16.783 17.4811 0 0 0 -0.309671 0.950844
296.300000000 -16.6044 17.1588 0 0 0 -0.58792 0.808919
296.900000000 -16.737 17.1408 0 0 0 -0.798304 0.602254
297.500000000 -16.8423 17.1948 0 0 0 -0.939089 0.343674
298.100000000 -16.8555 17.3167 0 0 0 -0.998287 0.0585146
299.100000000 -17.2452 17.5191 0 0 0 0.973899 0.226982
300.600000000 -18.0635 18.2224 0 0 0 0.92703 0.374988
301.800000000 -18.8149 18.7158 0 0 0 0.965615 0.259976
303.000000000 -19.3932 18.8164 0 0 0 -0.999421 0.0340274
304.500000000 -20.2724 18.454 0 0 0 -0.988274 0.152691
305.900000000 -21.2982 18.2412 0 0 0 -0.996087 0.0883808
307.200000000 -22.2533 18.1325 0 0 0 -0.999033 0.0439715
308.500000000 -22.7967 18.211 0 0 0 0.959042 0.283266
309.100000000 -22.7177 18.2963 0 0 0 0.834954 0.55032
309.600000000 -22.5855 18.3208 0 0 0 0.676638 0.736316
310.300000000 -22.4755 18.2862 0 0 0 0.386823 0.922154
311.500000000 -21.7724 18.5735 0 0 0 0.175365 0.984503
312.800000000 -20.8106 18.7424 0 0 0 0.0529178 0.998599
314.200000000 -19.7502 18.7248 0 0 0 -0.0391931 0.999232
315.500000000 -18.7818 18.6381 0 0 0 -0.055621 0.998452
316.900000000 -17.7957 18.407 0 0 0 -0.191831 0.981428
318.400000000 -16.9296 17.7209 0 0 0 -0.38236 0.924014
319.700000000 -16.3861 16.914 0 0 0 -0.514211 0.857664
321.100000000 -16.1293 15.9225 0 0 0 -0.652986 0.75737
322.300000000 -16.1647 15.0432 0 0 0 -0.745095 0.666959
324.200000000 -16.1031 13.9956 0 0 0 -0.652123 0.758113
326.100000000 -15.8509 13.1109 0 0 0 -0.582827 0.812596
330.500000000 -15.4189 12.2262 0 0 0 -0.522876 0.852409
334.700000000 -14.9168 11.3987 0 0 0 -0.488411 0.872614
337.100000000 -14.2819 10.6542 0 0 0 -0.406919 0.913464
338.300000000 -13.6215 9.94624 0 0 0 -0.35836 0.933584
339.700000000 -12.7914 9.40505 0 0 0 -0.269291 0.963059
341.100000000 -11.8541 8.9775 0 0 0 -0.159083 0.987265
342.400000000 -10.9341 8.81312 0 0 0 -0.0417039 0.99913
343.900000000 -9.95715 8.89914 0 0 0 0.0628521 0.998023
346.400000000 -8.92031 8.9952 0 0 0 0.048429 0.998827
347.800000000 -8.02105 8.98351 0 0 0 -0.0536587 0.998559
349.500000000 -7.08516 8.54744 0 0 0 -0.310001 0.950736
350.900000000 -6.34948 7.81063 0 0 0 -0.391714 0.920087
352.200000000 -5.67456 7.12242 0 0 0 -0.380346 0.924844
353.500000000 -4.97978 6.43379 0 0 0 -0.378929 0.925426
354.800000000 -4.28976 5.75798 0 0 0 -0.378995 0.925399
356.200000000 -3.53972 5.02148 0 0 0 -0.379066 0.92537
357.500000000 -2.8416 4.34459 0 0 0 -0.379093 0.925358
358.700000000 -2.20439 3.70697 0 0 0 -0.379131 0.925343
360.100000000 -1.41971 3.00786 0 0 0 -0.328623 0.944461
361.500000000 -0.502974 2.53225 0 0 0 -0.173657 0.984806
362.900000000 0.520013 2.42746 0 0 0 0.00234364 0.999997
364.200000000 1.4942 2.51862 0 0 0 0.0779378 0.996958
365.600000000 2.48324 2.61162 0 0 0 0.039667 0.999213
367.600000000 3.46438 2.63765 0 0 0 0.00543954 0.999985
370.900000000 4.39677 2.69032 0 0 0 0.00186919 0.999998
374.100000000 5.39352 2.65377 0 0 0 -0.0228678 0.999738
375.600000000 6.46999 2.59312 0 0 0 -0.0334749 0.99944
377.600000000 7.47707 2.53521 0 0 0 -0.0215767 0.999767
381.400000000 8.4716 2.52607 0 0 0 -0.00481272 0.999988
384.100000000 9.51688 2.52762 0 0 0 0.000427716 1
385.300000000 10.4088 2.52861 0 0 0 0.000612995 1
386.700000000 11.4628 2.53182 0 0 0 0.000712648 1
388.000000000 12.4368 2.53501 0 0 0 0.000796554 1
389.300000000 13.4108 2.53814 0 0 0 0.000885167 1
390.600000000 14.3856 2.53978 0 0 0 0.00104196 0.999999
391.800000000 15.29 2.53691 0 0 0 -0.00204148 0.999998
393.200000000 16.319 2.37833 0 0 0 -0.11016 0.993914
394.500000000 17.2579 2.09319 0 0 0 -0.17577 0.984431
395.900000000 18.2314 1.70709 0 0 0 -0.186128 0.982526
397.200000000 19.1578 1.38548 0 0 0 -0.157503 0.987519
398.500000000 20.091 1.12833 0 0 0 -0.126549 0.99196
399.700000000 20.9738 0.938154 0 0 0 -0.0866741 0.996237
401.100000000 22.0069 0.768617 0 0 0 -0.088301 0.996094
402.400000000 22.9059 0.845119 0 0 0 0.0947303 0.995503
403.500000000 23.2726 0.73305 0 0 0 -0.241835 0.970317
404.100000000 23.2425 0.640397 0 0 0 -0.499337 0.866408
404.700000000 23.122 0.611573 0 0 0 -0.730219 0.683214
405.300000000 23.0205 0.631022 0 0 0 -0.89726 0.441504
405.800000000 22.9568 0.710264 0 0 0 -0.977717 0.209927
406.500000000 22.8298 0.797302 0 0 0 0.996762 0.0804069
407.500000000 22.436 1.09948 0 0 0 0.943163 0.33233
408.700000000 21.8169 1.75226 0 0 0 0.916551 0.399918
410.400000000 21.1499 2.27103 0 0 0 0.995561 0.0941232
411.000000000 21.1525 2.16517 0 0 0 -0.978897 0.204355
411.600000000 21.2357 2.06503 0 0 0 -0.875602 0.483034
412.200000000 21.3434 2.03379 0 0 0 -0.693619 0.720342
412.800000000 21.4457 2.07364 0 0 0 -0.448525 0.893771
413.500000000 21.5774 2.13674 0 0 0 -0.146201 0.989255
414.800000000 22.3395 2.24944 0 0 0 0.0943106 0.995543
416.200000000 23.3502 2.54317 0 0 0 0.151816 0.988409
417.500000000 24.3171 2.72489 0 0 0 0.0621576 0.998066
418.900000000 25.358 2.73062 0 0 0 -0.00305319 0.999995
420.200000000 26.3373 2.71989 0 0 0 0.000717118 1
421.500000000 27.2961 2.71347 0 0 0 0.000477105 1
422.800000000 28.2785 2.72076 0 0 0 0.00521775 0.999986
424.000000000 29.1938 2.74554 0 0 0 0.0185393 0.999828
425.400000000 30.2338 2.78107 0 0 0 0.0201222 0.999798
426.800000000 31.267 2.78416 0 0 0 -0.0389513 0.999241
428.300000000 32.2002 2.40106 0 0 0 -0.278503 0.960435
429.400000000 32.4542 2.05894 0 0 0 -0.573644 0.819105
430.100000000 32.3191 2.0489 0 0 0 -0.816435 0.577438
430.700000000 32.2306 2.07689 0 0 0 -0.945246 0.326358
431.200000000 32.0968 2.17547 0 0 0 -0.994346 0.106189
432.700000000 31.0659 2.2204 0 0 0 0.998977 0.0452241
434.300000000 30.1754 2.32369 0 0 0 0.996894 0.0787552
436.600000000 29.1887 2.50573 0 0 0 0.99586 0.0908962
438.500000000 28.2596 2.67417 0 0 0 0.995603 0.0936688
441.600000000 27.3278 2.83564 0 0 0 0.996637 0.0819379
445.600000000 26.3455 2.99123 0 0 0 0.997164 0.0752616
447.800000000 25.3336 3.19963 0 0 0 0.993216 0.116285
449.000000000 24.4676 3.43086 0 0 0 0.990552 0.13714
450.400000000 23.469 3.71185 0 0 0 0.99176 0.128113
451.700000000 22.5246 3.92528 0 0 0 0.993875 0.11051
453.400000000 21.5713 3.99484 0 0 0 -0.996847 0.0793496
455.000000000 20.6978 3.43835 0 0 0 -0.945476 0.325692
456.300000000 19.87 2.90627 0 0 0 -0.967773 0.251823
457.600000000 18.9396 2.63285 0 0 0 -0.995553 0.0942044
459.500000000 17.9457 2.73657 0 0 0 0.97723 0.212182
460.600000000 17.5587 3.19263 0 0 0 0.901752 0.432253
461.900000000 16.847 3.84398 0 0 0 0.941824 0.336105
463.200000000 16.0331 4.37929 0 0 0 0.966365 0.257173
464.500000000 15.2017 4.94012 0 0 0 0.94539 0.325942
465.800000000 14.4729 5.59916 0 0 0 0.928222 0.372027
467.100000000 13.7484 6.23433 0 0 0 0.954365 0.298642
468.500000000 12.7988 6.54808 0 0 0 0.994775 0.102094
469.900000000 11.8578 6.55012 0 0 0 -0.999647 0.0265804
471.700000000 10.8842 6.44697 0 0 0 -0.999246 0.0388235
473.100000000 9.87417 6.46032 0 0 0 0.99966 0.02609
474.500000000 8.82319 6.48012 0 0 0 0.999968 0.00796331
475.800000000 7.97437 6.50484 0 0 0 0.999804 0.0198005
477.600000000 6.92211 6.48057 0 0 0 -0.984609 0.174771
479.400000000 6.17115 5.85984 0 0 0 -0.923881 0.38268
483.400000000 5.48243 5.15934 0 0 0 -0.92294 0.384945
487.900000000 4.78945 4.45691 0 0 0 -0.922959 0.384899
489.400000000 4.45874 4.29322 0 0 0 -0.992484 0.122374
490.100000000 4.3433 4.39966 0 0 0 0.988978 0.148061
491.300000000 3.85737 4.87528 0 0 0 0.914272 0.405102
492.700000000 3.14789 5.63281 0 0 0 0.917017 0.398849
494.000000000 2.48779 6.3445 0 0 0 0.925006 0.379952
495.300000000 1.80669 7.02669 0 0 0 0.92467 0.38077
496.600000000 1.09816 7.71942 0 0 0 0.921426 0.388554
497.900000000 0.400619 8.41054 0 0 0 0.922929 0.384971
499.200000000 -0.275958 9.10236 0 0 0 0.924417 0.381383
500.500000000 -0.922418 9.82605 0 0 0 0.909444 0.415827
501.700000000 -1.59367 10.4378 0 0 0 0.945047 0.326936
503.100000000 -2.53723 10.8738 0 0 0 0.988103 0.153796
504.500000000 -3.5777 10.95 0 0 0 -0.999987 0.00500149
505.800000000 -4.54579 10.8797 0 0 0 -0.99879 0.0491774
507.000000000 -5.44575 10.8069 0 0 0 -0.999446 0.0332815
508.500000000 -6.54046 10.7816 0 0 0 -0.999985 0.00547375
509.800000000 -7.51485 10.779 0 0 0 0.999999 0.00140779
511.100000000 -8.49013 10.7772 0 0 0 0.999999 0.00145307
512.300000000 -9.3934 10.7796 0 0 0 0.999999 0.00143277
514.300000000 -10.3761 10.7999 0 0 0 0.999843 0.0177263
517.100000000 -11.3339 10.8523 0 0 0 0.99954 0.030332
518.600000000 -12.428 10.8635 0 0 0 -0.999949 0.0101083
520.100000000 -13.3913 10.8451 0 0 0 0.999988 0.00488451
521.600000000 -14.4276 11.0139 0 0 0 0.990134 0.140123
523.000000000 -15.3154 11.5318 0 0 0 0.947702 0.319157
524.300000000 -16.0632 12.1589 0 0 0 0.948788 0.315915
525.800000000 -17.0428 12.6156 0 0 0 0.990746 0.135728
527.400000000 -18.0236 12.6707 0 0 0 -0.999899 0.0142073
529.000000000 -18.9668 12.5666 0 0 0 -0.997926 0.0643711
530.300000000 -19.9333 12.4564 0 0 0 -0.999208 0.0398019
531.700000000 -20.987 12.4244 0 0 0 -0.99998 0.0063704
533.000000000 -21.9618 12.4264 0 0 0 0.999955 0.00948761
534.300000000 -22.9342 12.4602 0 0 0 0.999721 0.0236376
535.700000000 -23.9735 12.5796 0 0 0 0.996222 0.0868473
537.000000000 -24.8707 12.797 0 0 0 0.986127 0.165991
537.600000000 -24.836 12.9057 0 0 0 0.90014 0.435601
538.200000000 -24.7288 12.9487 0 0 0 0.734163 0.678973
538.800000000 -24.6174 12.9443 0 0 0 0.503069 0.864246
539.300000000 -24.5395 12.8773 0 0 0 0.277343 0.960771
540.100000000 -24.3801 12.7913 0 0 0 -0.0449017 0.998991
541.000000000 -24.0701 12.5421 0 0 0 -0.299133 0.954212
542.600000000 -23.2763 11.8754 0 0 0 -0.266286 0.963894
544.000000000 -22.3476 11.6429 0 0 0 -0.0497724 0.998761
545.400000000 -21.3681 11.7954 0 0 0 0.0841795 0.996451
546.900000000 -20.4252 11.8186 0 0 0 -0.00944396 0.999955
548.900000000 -19.4846 11.7622 0 0 0 -0.0340826 0.999419
551.800000000 -18.4072 11.6954 0 0 0 -0.0196126 0.999808
554.300000000 -17.4883 11.578 0 0 0 -0.124769 0.992186
555.800000000 -16.5871 11.0377 0 0 0 -0.330026 0.943972
557.200000000 -15.8397 10.2997 0 0 0 -0.389332 0.921097
558.400000000 -15.2083 9.66295 0 0 0 -0.384462 0.923141
559.800000000 -14.4614 8.9223 0 0 0 -0.37783 0.925875
561.100000000 -13.7713 8.23513 0 0 0 -0.377607 0.925966
562.400000000 -13.0698 7.5582 0 0 0 -0.377363 0.926065
563.700000000 -12.3722 6.85913 0 0 0 -0.391578 0.920145
564.900000000 -11.7537 6.20078 0 0 0 -0.398181 0.917307
566.800000000 -11.0903 5.43668 0 0 0 -0.410746 0.91175
568.500000000 -10.3701 4.65502 0 0 0 -0.395066 0.918653
569.800000000 -9.68178 3.96077 0 0 0 -0.381315 0.924445
571.100000000 -8.9863 3.27047 0 0 0 -0.377111 0.926168
572.300000000 -8.34097 2.63593 0 0 0 -0.384349 0.923188
573.600000000 -7.66258 1.93249 0 0 0 -0.386801 0.922163
575.000000000 -6.91713 1.18849 0 0 0 -0.382718 0.923865
576.300000000 -6.22344 0.505796 0 0 0 -0.382719 0.923865
577.600000000 -5.54026 -0.184648 0 0 0 -0.382956 0.923767
578.900000000 -4.84738 -0.865613 0 0 0 -0.383227 0.923654
580.200000000 -4.16376 -1.56013 0 0 0 -0.383619 0.923491
581.500000000 -3.4504 -2.22385 0 0 0 -0.351652 0.936131
582.900000000 -2.56941 -2.7384 0 0 0 -0.196212 0.980562
584.200000000 -1.62348 -2.91543 0 0 0 -0.0301351 0.999546
585.400000000 -0.729453 -2.76485 0 0 0 0.0772273 0.997014
586.800000000 0.333061 -2.69574 0 0 0 0.0273737 0.999625
588.100000000 1.29112 -2.66049 0 0 0 -0.00376699 0.999993
589.400000000 2.27442 -2.75587 0 0 0 -0.0424294 0.999099
590.700000000 3.22418 -2.90059 0 0 0 -0.133464 0.991054
592.000000000 4.00582 -3.40869 0 0 0 -0.322579 0.946542
593.400000000 4.73297 -4.14536 0 0 0 -0.397681 0.917524
594.800000000 5.47431 -4.88235 0 0 0 -0.382276 0.924048
596.100000000 6.1611 -5.57402 0 0 0 -0.378705 0.925517
597.500000000 6.90583 -6.31677 0 0 0 -0.384449 0.923146
598.800000000 7.58607 -7.0153 0 0 0 -0.393577 0.919292
600.100000000 8.24129 -7.73715 0 0 0 -0.412514 0.910951
601.500000000 8.92282 -8.54014 0 0 0 -0.425994 0.904726
602.800000000 9.50998 -9.30717 0 0 0 -0.472952 0.881088
603.500000000 9.42584 -9.39515 0 0 0 -0.721422 0.692496
604.200000000 9.31077 -9.36253 0 0 0 -0.913366 0.407141
604.800000000 9.21537 -9.2471 0 0 0 -0.992164 0.124944
605.500000000 9.1672 -9.11875 0 0 0 0.982616 0.18565
607.000000000 8.40518 -8.45453 0 0 0 0.921877 0.387482
608.300000000 7.74583 -7.72716 0 0 0 0.918111 0.396322
610.000000000 6.87296 -7.19091 0 0 0 0.988292 0.152573
611.500000000 5.881 -7.22366 0 0 0 -0.996255 0.086469
612.800000000 4.93372 -7.41259 0 0 0 -0.994964 0.100229
614.300000000 4.07627 -7.56171 0 0 0 -0.998557 0.0536976
616.800000000 3.0894 -7.63418 0 0 0 -0.99919 0.0402403
619.900000000 2.06715 -7.69298 0 0 0 -0.999938 0.0111184
621.200000000 1.17912 -7.66085 0 0 0 0.99959 0.0286497
622.600000000 0.224293 -7.502 0 0 0 0.993613 0.112844
624.200000000 -0.754338 -7.15008 0 0 0 0.967214 0.253962
625.500000000 -1.40716 -6.40524 0 0 0 0.926518 0.376251
626.800000000 -2.18887 -5.77006 0 0 0 0.919305 0.393545
628.000000000 -2.80607 -5.11977 0 0 0 0.923222 0.384268
629.400000000 -3.54995 -4.37601 0 0 0 0.923821 0.382824
630.700000000 -4.23351 -3.68188 0 0 0 0.923849 0.382757
632.000000000 -4.92724 -2.99783 0 0 0 0.923851 0.382753
633.300000000 -5.64255 -2.326 0 0 0 0.915558 0.402187
634.600000000 -6.07823 -1.44539 0 0 0 0.850374 0.526179
636.000000000 -6.32798 -0.438614 0 0 0 0.75334 0.657632
637.400000000 -6.29969 0.616229 0 0 0 0.678984 0.734153
638.700000000 -6.23466 1.5719 0 0 0 0.671126 0.741343
640.000000000 -6.26325 2.52246 0 0 0 0.719429 0.694566
641.300000000 -6.21926 3.55595 0 0 0 0.719585 0.694405
642.500000000 -6.26951 4.44002 0 0 0 0.711561 0.702624
643.800000000 -6.30934 5.41477 0 0 0 0.716692 0.69739
645.200000000 -6.2973 6.46995 0 0 0 0.700898 0.713261
646.400000000 -6.28968 7.37511 0 0 0 0.707008 0.707205
647.800000000 -6.29005 8.42022 0 0 0 0.710352 0.703847
649.100000000 -6.29833 9.39468 0 0 0 0.707146 0.707067
650.300000000 -6.29568 10.2992 0 0 0 0.707226 0.706987
651.700000000 -6.29413 11.3543 0 0 0 0.707321 0.706893
653.000000000 -6.29237 12.3287 0 0 0 0.707428 0.706785
654.200000000 -6.2112 13.2281 0 0 0 0.651521 0.758631
655.600000000 -5.93081 14.244 0 0 0 0.585936 0.810358
656.800000000 -5.60622 15.0518 0 0 0 0.532641 0.846341
657.500000000 -5.48763 15.0287 0 0 0 0.244649 0.969612
658.200000000 -5.44932 14.8924 0 0 0 -0.095693 0.995411
658.800000000 -5.50283 14.8163 0 0 0 -0.337907 0.941179
659.500000000 -5.60646 14.6922 0 0 0 -0.662425 0.749128
660.200000000 -5.73658 14.588 0 0 0 -0.849057 0.528302
661.700000000 -6.49388 13.9239 0 0 0 -0.93535 0.353724
663.000000000 -7.17037 13.2535 0 0 0 -0.912482 0.409117
663.800000000 -7.10133 13.0646 0 0 0 -0.736235 0.676726
664.500000000 -6.97295 12.8865 0 0 0 -0.547969 0.836499
665.900000000 -6.3715 12.0892 0 0 0 -0.400458 0.916315
667.200000000 -5.64849 11.4059 0 0 0 -0.372849 0.927892
668.500000000 -4.95751 10.7249 0 0 0 -0.382087 0.924126
669.900000000 -4.21474 9.97404 0 0 0 -0.383453 0.92356
671.100000000 -3.57447 9.34196 0 0 0 -0.383281 0.923632
672.500000000 -2.83222 8.59843 0 0 0 -0.383327 0.923613
673.800000000 -2.1468 7.90329 0 0 0 -0.383377 0.923592
675.100000000 -1.4553 7.21516 0 0 0 -0.383459 0.923558
676.400000000 -0.77099 6.52684 0 0 0 -0.383364 0.923597
677.700000000 -0.0869101 5.83571 0 0 0 -0.383359 0.9236
679.100000000 0.65306 5.09185 0 0 0 -0.383412 0.923577
680.500000000 1.40199 4.34622 0 0 0 -0.383455 0.92356
681.900000000 2.14547 3.6001 0 0 0 -0.383563 0.923515
683.200000000 2.80977 2.89366 0 0 0 -0.410589 0.911821
684.600000000 3.45585 2.05772 0 0 0 -0.450234 0.89291
686.000000000 4.01124 1.23258 0 0 0 -0.484768 0.874643
687.500000000 4.48532 0.434289 0 0 0 -0.493016 0.87002
689.000000000 5.04104 -0.40756 0 0 0 -0.444048 0.896003
690.300000000 5.71133 -1.10548 0 0 0 -0.373026 0.927821
691.600000000 6.42021 -1.78589 0 0 0 -0.375434 0.926849
693.000000000 7.15994 -2.52827 0 0 0 -0.383776 0.923426
694.300000000 7.8518 -3.21377 0 0 0 -0.383732 0.923445
695.600000000 8.52441 -3.92838 0 0 0 -0.414115 0.910225
696.800000000 9.02203 -4.66939 0 0 0 -0.499529 0.866297
698.200000000 9.34082 -5.65736 0 0 0 -0.635118 0.772415
699.500000000 9.332 -6.62344 0 0 0 -0.734528 0.678579
700.800000000 9.18882 -7.59261 0 0 0 -0.752096 0.659054
702.100000000 9.2007 -8.56686 0 0 0 -0.679194 0.733959
703.500000000 9.5423 -9.45503 0 0 0 -0.498332 0.866986
705.100000000 10.3555 -10.0697 0 0 0 -0.25198 0.967732
706.100000000 10.7879 -10.1636 0 0 0 0.0160525 0.999871
706.800000000 10.8659 -10.0106 0 0 0 0.300887 0.95366
708.700000000 11.5522 -9.75836 0 0 0 0.0143222 0.999897
709.900000000 12.1647 -10.0129 0 0 0 -0.246388 0.969171
711.300000000 12.905 -10.6437 0 0 0 -0.370363 0.928887
712.100000000 12.8593 -10.7962 0 0 0 -0.656652 0.754194
712.700000000 12.7435 -10.7866 0 0 0 -0.84791 0.53014
713.300000000 12.6569 -10.715 0 0 0 -0.965506 0.260383
713.900000000 12.6303 -10.6256 0 0 0 0.99949 0.0319405
714.500000000 12.6609 -10.5045 0 0 0 0.946905 0.321515
715.100000000 12.7497 -10.4279 0 0 0 0.812369 0.583144
715.700000000 12.8556 -10.3864 0 0 0 0.619019 0.785376
716.400000000 12.9898 -10.3892 0 0 0 0.343013 0.939331
717.000000000 13.0962 -10.453 0 0 0 0.0829693 0.996552
719.900000000 13.86 -10.2994 0 0 0 0.433324 0.901238
720.500000000 13.7668 -10.2488 0 0 0 0.674271 0.738484
721.200000000 13.6333 -10.2835 0 0 0 0.886535 0.462662
721.900000000 13.5617 -10.3969 0 0 0 0.991502 0.130093
722.400000000 13.5676 -10.4969 0 0 0 -0.992937 0.118644
723.000000000 13.6197 -10.5869 0 0 0 -0.913515 0.406804
723.700000000 13.7437 -10.6455 0 0 0 -0.718618 0.695405
724.300000000 13.8541 -10.6112 0 0 0 -0.480986 0.876729
725.000000000 13.935 -10.5116 0 0 0 -0.150952 0.988541
725.600000000 13.9332 -10.3881 0 0 0 0.147389 0.989079
726.300000000 13.8593 -10.2772 0 0 0 0.477474 0.878646
727.000000000 13.7269 -10.2497 0 0 0 0.7504 0.660984
727.500000000 13.6344 -10.2764 0 0 0 0.887262 0.461265
728.200000000 13.5399 -10.3666 0 0 0 0.988923 0.148431
729.800000000 12.4792 -10.4429 0 0 0 -0.999959 0.00902206
731.500000000 11.5396 -10.329 0 0 0 0.993941 0.109918
732.800000000 10.6184 -9.98903 0 0 0 0.981541 0.191252
734.100000000 9.74393 -9.5259 0 0 0 0.963821 0.266549
735.400000000 8.99853 -8.92946 0 0 0 0.928438 0.371489
736.700000000 8.35014 -8.27829 0 0 0 0.917025 0.398831
738.100000000 7.68532 -7.56881 0 0 0 0.921682 0.387946
739.500000000 6.94492 -6.83465 0 0 0 0.925436 0.378903
740.800000000 6.25529 -6.14509 0 0 0 0.925456 0.378856
742.100000000 5.5595 -5.45987 0 0 0 0.925476 0.378806
743.700000000 4.80131 -4.70692 0 0 0 0.924699 0.3807
745.600000000 4.16299 -4.01518 0 0 0 0.919345 0.393453
747.900000000 3.41712 -3.23962 0 0 0 0.912404 0.409291
749.200000000 2.74006 -2.5242 0 0 0 0.920369 0.391051
750.400000000 2.14716 -1.86542 0 0 0 0.926703 0.375795
751.800000000 1.40602 -1.13053 0 0 0 0.925535 0.378662
753.100000000 0.704406 -0.445109 0 0 0 0.92378 0.382923
754.300000000 0.072709 0.189847 0 0 0 0.923833 0.382797
755.700000000 -0.669969 0.934538 0 0 0 0.923887 0.382666
756.900000000 -1.30216 1.56916 0 0 0 0.923941 0.382536
758.300000000 -2.0463 2.31298 0 0 0 0.923966 0.382474
759.600000000 -2.74009 3.00646 0 0 0 0.923969 0.382467
760.900000000 -3.4287 3.69534 0 0 0 0.923986 0.382426
762.200000000 -4.11294 4.37934 0 0 0 0.92398 0.382441
763.600000000 -4.85578 5.12545 0 0 0 0.92157 0.388212
764.900000000 -5.51078 5.84652 0 0 0 0.910139 0.414304
766.200000000 -6.1309 6.60611 0 0 0 0.898922 0.438109
767.500000000 -6.68606 7.4002 0 0 0 0.883882 0.467711
768.800000000 -7.2392 8.22745 0 0 0 0.880259 0.474493
770.100000000 -7.83838 9.00684 0 0 0 0.905311 0.424749
771.400000000 -8.48375 9.71607 0 0 0 0.927892 0.37285
772.700000000 -9.20421 10.3846 0 0 0 0.927547 0.373707
774.000000000 -9.96137 10.879 0 0 0 0.977498 0.210944
775.500000000 -10.9976 11.0034 0 0 0 -0.999994 0.00342593
776.900000000 -12.0482 10.8895 0 0 0 -0.998555 0.0537382
778.100000000 -12.9479 10.8137 0 0 0 -0.999355 0.0359052
779.600000000 -13.9966 10.8229 0 0 0 0.997928 0.0643388
781.000000000 -14.9026 11.2164 0 0 0 0.963342 0.268276
782.300000000 -15.6222 11.8547 0 0 0 0.925107 0.379708
783.600000000 -16.291 12.564 0 0 0 0.912035 0.410112
784.900000000 -16.8813 13.3423 0 0 0 0.887106 0.461565
786.200000000 -17.3435 14.198 0 0 0 0.83845 0.544978
787.400000000 -17.548 15.0773 0 0 0 0.757963 0.652298
788.800000000 -17.5474 16.1235 0 0 0 0.69175 0.722137
790.100000000 -17.5276 17.1005 0 0 0 0.697866 0.716228
791.400000000 -17.5907 18.0365 0 0 0 0.77032 0.637657
792.500000000 -17.9092 18.4885 0 0 0 0.912213 0.409717
794.000000000 -18.816 18.9278 0 0 0 0.986765 0.162158
795.500000000 -19.7474 18.8444 0 0 0 -0.996027 0.0890541
796.800000000 -20.6836 18.5953 0 0 0 -0.989376 0.145379
798.100000000 -21.6362 18.3709 0 0 0 -0.996224 0.0868238
799.500000000 -22.6834 18.29 0 0 0 -0.999735 0.0229996
800.800000000 -23.6656 18.2829 0 0 0 0.999997 0.00264368
802.000000000 -24.562 18.2889 0 0 0 0.999996 0.00266115
803.400000000 -25.6164 18.2943 0 0 0 0.999996 0.00266837
804.600000000 -26.5123 18.3004 0 0 0 0.999996 0.00266815
806.000000000 -27.5646 18.3131 0 0 0 0.999889 0.0149289
806.800000000 -27.6469 18.4383 0 0 0 0.940161 0.340729
807.400000000 -27.5395 18.512 0 0 0 0.800073 0.599903
808.100000000 -27.415 18.5159 0 0 0 0.550804 0.834635
808.700000000 -27.2945 18.5002 0 0 0 0.308608 0.951189
809.300000000 -27.1582 18.4533 0 0 0 0.0591307 0.99825
810.800000000 -26.0726 18.4351 0 0 0 0.00804946 0.999968
812.200000000 -25.0301 18.5293 0 0 0 0.0537004 0.998557
813.500000000 -24.0514 18.5557 0 0 0 0.00276694 0.999996
814.800000000 -23.0779 18.5582 0 0 0 -0.00608264 0.999982
816.100000000 -22.1034 18.5495 0 0 0 0.00483341 0.999988
817.400000000 -21.1173 18.5639 0 0 0 0.00675231 0.999977
818.900000000 -19.9914 18.5731 0 0 0 0.000213498 1
820.200000000 -19.0066 18.5679 0 0 0 -0.00126615 0.999999
821.500000000 -18.0619 18.4342 0 0 0 -0.124544 0.992214
822.900000000 -17.2744 17.9482 0 0 0 -0.350047 0.936732
824.500000000 -16.7704 17.0112 0 0 0 -0.58587 0.810405
825.800000000 -16.6782 16.0482 0 0 0 -0.698147 0.715955
827.200000000 -16.7462 15.0079 0 0 0 -0.738013 0.674787
828.500000000 -16.807 14.0363 0 0 0 -0.729322 0.68417
830.200000000 -16.8318 13.1108 0 0 0 -0.705652 0.708559
832.400000000 -16.8112 12.1003 0 0 0 -0.704716 0.709489
834.500000000 -16.7824 11.1053 0 0 0 -0.711831 0.70235
835.800000000 -16.8392 10.1324 0 0 0 -0.733413 0.679783
837.100000000 -16.9267 9.15251 0 0 0 -0.733333 0.67987
838.600000000 -16.9545 8.12399 0 0 0 -0.712912 0.701254
840.500000000 -16.9631 7.14105 0 0 0 -0.705314 0.708895
843.100000000 -16.9559 6.17866 0 0 0 -0.705238 0.708971
845.000000000 -16.9507 5.14465 0 0 0 -0.705211 0.708998
846.200000000 -17.0677 4.2588 0 0 0 -0.779677 0.626181
847.700000000 -17.5784 3.37698 0 0 0 -0.903818 0.427918
848.800000000 -18.0187 3.13566 0 0 0 -0.989404 0.14519
849.500000000 -18.2149 3.2378 0 0 0 0.994516 0.104582
850.900000000 -19.2423 3.44756 0 0 0 0.995455 0.0952365
852.100000000 -20.1244 3.58954 0 0 0 0.997722 0.0674637
853.500000000 -21.1715 3.71575 0 0 0 0.998259 0.0589754
854.800000000 -22.1436 3.78334 0 0 0 0.999821 0.0189434
856.100000000 -23.1188 3.77155 0 0 0 -0.999985 0.00554206
857.900000000 -23.9437 3.61786 0 0 0 -0.934885 0.35495
858.400000000 -23.8721 3.55876 0 0 0 -0.822431 0.568865
859.000000000 -23.7769 3.49443 0 0 0 -0.637926 0.770098
860.000000000 -23.4338 3.21052 0 0 0 -0.392204 0.919878
861.400000000 -22.6324 2.57717 0 0 0 -0.323818 0.946119
862.700000000 -21.895 1.9395 0 0 0 -0.368482 0.929635
864.000000000 -21.2176 1.2398 0 0 0 -0.386305 0.922371
865.400000000 -20.4646 0.516408 0 0 0 -0.366606 0.930376
866.600000000 -19.795 -0.0630534 0 0 0 -0.346064 0.938211
868.300000000 -18.8986 -0.670028 0 0 0 -0.247592 0.968864
869.700000000 -17.9471 -1.00734 0 0 0 -0.125797 0.992056
871.300000000 -16.8767 -1.29747 0 0 0 -0.171269 0.985224
872.600000000 -16.0491 -1.82168 0 0 0 -0.324417 0.945914
873.900000000 -15.2602 -2.50544 0 0 0 -0.389866 0.920872
875.200000000 -14.6401 -3.19851 0 0 0 -0.401544 0.91584
876.500000000 -14.0153 -3.88561 0 0 0 -0.380127 0.924934
877.800000000 -13.3129 -4.57582 0 0 0 -0.380274 0.924874
879.000000000 -12.6798 -5.20165 0 0 0 -0.380247 0.924885
880.300000000 -11.9817 -5.89129 0 0 0 -0.380163 0.924919
881.700000000 -11.2294 -6.63394 0 0 0 -0.380658 0.924716
883.000000000 -10.5431 -7.3152 0 0 0 -0.380642 0.924722
884.300000000 -9.85039 -8.00254 0 0 0 -0.380633 0.924726
885.700000000 -9.09713 -8.74906 0 0 0 -0.380748 0.924679
887.100000000 -8.34999 -9.49038 0 0 0 -0.380852 0.924636
888.400000000 -7.66298 -10.1717 0 0 0 -0.380948 0.924596
889.700000000 -6.966 -10.8633 0 0 0 -0.38104 0.924559
891.000000000 -6.27926 -11.5447 0 0 0 -0.381067 0.924548
892.300000000 -5.58681 -12.2313 0 0 0 -0.381056 0.924552
893.700000000 -4.75047 -12.9629 0 0 0 -0.359333 0.933209
895.000000000 -3.93693 -13.5056 0 0 0 -0.249116 0.968474
896.600000000 -3.09033 -13.7195 0 0 0 -0.0909757 0.995853
899.500000000 -2.10679 -13.767 0 0 0 -0.00147225 0.999999
901.000000000 -1.12184 -13.7446 0 0 0 0.0203617 0.999793
902.800000000 -0.0509041 -13.6918 0 0 0 0.0262754 0.999655
904.300000000 0.888085 -13.6454 0 0 0 0.0242858 0.999705
905.800000000 1.39212 -13.7499 0 0 0 -0.313994 0.949425
906.300000000 1.28382 -13.8271 0 0 0 -0.534692 0.845047
907.000000000 1.1896 -13.8438 0 0 0 -0.789577 0.613652
907.700000000 0.953404 -13.9069 0 0 0 -0.928109 0.372308
908.500000000 0.710251 -13.9004 0 0 0 -0.995371 0.0961078
909.900000000 -0.313319 -13.8418 0 0 0 0.996513 0.0834375
911.200000000 -1.19574 -13.4669 0 0 0 0.96823 0.250062
912.400000000 -1.89526 -12.9087 0 0 0 0.939807 0.341704
913.700000000 -2.74884 -12.4925 0 0 0 0.984332 0.176324
915.100000000 -3.76637 -12.383 0 0 0 0.999915 0.0130319
916.600000000 -4.76117 -12.5248 0 0 0 -0.99687 0.079059
918.100000000 -5.64685 -12.3668 0 0 0 0.976646 0.214853
919.400000000 -6.31618 -11.6467 0 0 0 0.928691 0.370855
920.800000000 -7.05267 -10.8954 0 0 0 0.920982 0.389605
922.100000000 -7.73998 -10.205 0 0 0 0.923074 0.384623
923.300000000 -8.37962 -9.56694 0 0 0 0.925432 0.378915
924.700000000 -9.11995 -8.81955 0 0 0 0.922459 0.386094
926.000000000 -9.80415 -8.12466 0 0 0 0.922444 0.38613
927.300000000 -10.4946 -7.43341 0 0 0 0.922496 0.386008
928.700000000 -11.23 -6.68634 0 0 0 0.922555 0.385865
930.100000000 -11.9691 -5.93544 0 0 0 0.922662 0.38561
931.400000000 -12.6482 -5.23519 0 0 0 0.922791 0.385301
932.700000000 -13.337 -4.5461 0 0 0 0.922811 0.385254
934.000000000 -14.0217 -3.84787 0 0 0 0.922387 0.386266
935.700000000 -14.4738 -3.2164 0 0 0 0.736338 0.676614
936.300000000 -14.3433 -3.21986 0 0 0 0.508874 0.860841
936.900000000 -14.3139 -3.27345 0 0 0 0.235217 0.971943
937.600000000 -14.2035 -3.37519 0 0 0 -0.061564 0.998103
938.600000000 -13.7642 -3.74172 0 0 0 -0.338334 0.941026
939.900000000 -13.1325 -4.49349 0 0 0 -0.41726 0.908787
941.500000000 -12.605 -4.98654 0 0 0 -0.113944 0.993487
942.000000000 -12.5501 -4.86911 0 0 0 0.132926 0.991126
942.700000000 -12.6631 -4.71818 0 0 0 0.467903 0.88378
943.300000000 -12.7416 -4.68364 0 0 0 0.699118 0.715007
944.100000000 -12.8752 -4.36269 0 0 0 0.849174 0.528114
945.600000000 -13.6041 -3.56953 0 0 0 0.926616 0.376009
947.000000000 -14.3679 -2.84491 0 0 0 0.928241 0.371979
948.300000000 -15.0606 -2.15901 0 0 0 0.920888 0.389827
949.700000000 -15.7977 -1.40554 0 0 0 0.921801 0.387663
951.000000000 -16.4802 -0.711498 0 0 0 0.923832 0.382797
952.200000000 -17.1136 -0.077565 0 0 0 0.923783 0.382917
953.800000000 -17.6924 0.315702 0 0 0 0.999006 0.0445853
954.500000000 -17.6585 0.189822 0 0 0 -0.953476 0.30147
955.100000000 -17.5668 0.111261 0 0 0 -0.821873 0.569671
955.900000000 -17.4543 -0.0992663 0 0 0 -0.619812 0.78475
957.200000000 -16.9633 -0.71901 0 0 0 -0.397755 0.917492
958.400000000 -16.2837 -1.38119 0 0 0 -0.355453 0.934694
960.000000000 -15.3815 -2.14277 0 0 0 -0.360977 0.932575
961.300000000 -14.6543 -2.8234 0 0 0 -0.393772 0.919208
962.600000000 -13.9384 -3.46012 0 0 0 -0.386177 0.922425
963.900000000 -13.282 -4.19937 0 0 0 -0.380248 0.924884
965.100000000 -12.634 -4.83837 0 0 0 -0.380276 0.924873
966.500000000 -11.9014 -5.56364 0 0 0 -0.38017 0.924917
967.900000000 -11.1657 -6.30469 0 0 0 -0.380039 0.924971
969.200000000 -10.4781 -6.99441 0 0 0 -0.38006 0.924962
970.600000000 -9.7349 -7.72784 0 0 0 -0.380074 0.924956
971.900000000 -9.25569 -8.01207 0 0 0 -0.0912248 0.99583
972.600000000 -9.28815 -7.91708 0 0 0 0.256146 0.966638
973.100000000 -9.3443 -7.85409 0 0 0 0.486284 0.873801
973.800000000 -9.42412 -7.71072 0 0 0 0.717503 0.696556
974.600000000 -9.6193 -7.52735 0 0 0 0.879341 0.476193
976.100000000 -10.3929 -6.80382 0 0 0 0.934422 0.356168
977.400000000 -11.11 -6.15076 0 0 0 0.927317 0.374277
978.800000000 -11.8526 -5.40183 0 0 0 0.92277 0.385352
980.100000000 -12.5452 -4.70315 0 0 0 0.923031 0.384725
981.400000000 -13.2309 -4.01323 0 0 0 0.92342 0.383791
982.700000000 -13.9355 -3.29986 0 0 0 0.923842 0.382775
984.000000000 -14.6265 -2.57031 0 0 0 0.924706 0.380682
985.300000000 -15.3236 -1.8797 0 0 0 0.924702 0.380692
986.600000000 -16.0067 -1.19391 0 0 0 0.924685 0.380732
988.000000000 -16.7534 -0.453084 0 0 0 0.924663 0.380786
989.300000000 -17.4503 0.227673 0 0 0 0.924646 0.380828
990.600000000 -18.1371 0.918564 0 0 0 0.924632 0.380862
991.900000000 -18.8338 1.60979 0 0 0 0.924609 0.380916
993.100000000 -19.4988 2.2113 0 0 0 0.935473 0.353398
994.700000000 -20.4477 2.94371 0 0 0 0.954107 0.299465
996.000000000 -21.295 3.40876 0 0 0 0.97532 0.220796
997.400000000 -22.3033 3.70926 0 0 0 0.994316 0.106467
998.800000000 -23.3437 3.77859 0 0 0 0.999973 0.0073456
1000.100000000 -24.3259 3.74312 0 0 0 -0.999712 0.023981
1001.300000000 -25.2191 3.7035 0 0 0 -0.999954 0.00962304
1002.700000000 -26.2723 3.70528 0 0 0 0.999997 0.0023562
1004.000000000 -27.2427 3.72619 0 0 0 0.999738 0.0228729
1005.400000000 -28.2946 3.7471 0 0 0 0.999985 0.00546564
1006.700000000 -29.2666 3.74602 0 0 0 -0.999998 0.00220823
1007.900000000 -30.1602 3.79661 0 0 0 0.997749 0.0670569
1009.500000000 -31.1456 4.274 0 0 0 0.952703 0.303901
1010.800000000 -31.8207 4.95331 0 0 0 0.903441 0.428713
1012.000000000 -31.9377 5.62195 0 0 0 0.759305 0.650735
1013.400000000 -31.8769 6.65789 0 0 0 0.631104 0.775698
1014.700000000 -31.48 7.54518 0 0 0 0.499907 0.866079
1016.000000000 -30.8781 8.29779 0 0 0 0.40056 0.916271
1017.600000000 -30.0491 8.83329 0 0 0 0.16523 0.986255
1018.900000000 -29.2124 9.31697 0 0 0 0.316862 0.948472
1020.200000000 -28.5529 10.0361 0 0 0 0.432451 0.901657
1021.500000000 -28.0348 10.8741 0 0 0 0.511735 0.859144
1022.900000000 -27.4941 11.76 0 0 0 0.45116 0.892443
1024.400000000 -26.685 12.3004 0 0 0 0.211303 0.977421
1025.800000000 -25.6739 12.4817 0 0 0 0.0290962 0.999577
1027.100000000 -24.7084 12.3667 0 0 0 -0.100585 0.994928
1028.300000000 -23.8366 12.143 0 0 0 -0.11804 0.993009
1030.800000000 -22.8977 11.9551 0 0 0 -0.0820985 0.996624
1032.800000000 -21.8871 11.8897 0 0 0 -0.00698887 0.999976
1034.900000000 -20.8683 11.8728 0 0 0 -0.0341793 0.999416
1038.300000000 -19.9388 11.8017 0 0 0 -0.037043 0.999314
1042.300000000 -18.9821 11.7401 0 0 0 -0.0248886 0.99969
1044.300000000 -17.9975 11.7089 0 0 0 -0.0254541 0.999676
1046.300000000 -17.1236 11.385 0 0 0 -0.248673 0.968587
1047.700000000 -16.3962 10.7043 0 0 0 -0.394106 0.919065
1049.100000000 -15.6747 9.9425 0 0 0 -0.388468 0.921462
1050.500000000 -14.9261 9.20363 0 0 0 -0.378512 0.925596
1051.700000000 -14.2833 8.57584 0 0 0 -0.378482 0.925609
1053.100000000 -13.5318 7.83854 0 0 0 -0.378449 0.925622
1054.400000000 -12.8373 7.15074 0 0 0 -0.378486 0.925607
1055.700000000 -12.126 6.46372 0 0 0 -0.380566 0.924754
1057.100000000 -11.3855 5.72053 0 0 0 -0.381 0.924575
1058.300000000 -10.732 5.08038 0 0 0 -0.380947 0.924597
1059.700000000 -9.99466 4.3335 0 0 0 -0.380887 0.924621
1060.900000000 -9.35503 3.70045 0 0 0 -0.381003 0.924574
1062.300000000 -8.60683 2.95825 0 0 0 -0.381089 0.924538
1063.600000000 -7.91585 2.26517 0 0 0 -0.381174 0.924503
1064.900000000 -7.22873 1.57211 0 0 0 -0.381462 0.924385
1066.200000000 -6.53196 0.888583 0 0 0 -0.381763 0.92426
1067.500000000 -5.83569 0.202782 0 0 0 -0.381997 0.924163
1068.800000000 -5.15137 -0.4815 0 0 0 -0.381585 0.924334
1070.100000000 -4.46777 -1.16663 0 0 0 -0.381569 0.92434
1071.400000000 -3.7709 -1.85833 0 0 0 -0.37672 0.926327
1072.700000000 -3.00894 -2.4449 0 0 0 -0.288177 0.957577
1073.900000000 -2.18081 -2.79053 0 0 0 -0.14695 0.989144
1075.300000000 -1.13443 -2.89161 0 0 0 0.00316777 0.999995
1076.600000000 -0.167117 -2.79991 0 0 0 0.0664551 0.997789
1078.000000000 0.880041 -2.69955 0 0 0 0.0242331 0.999706
1079.300000000 1.85697 -2.6932 0 0 0 -0.00420215 0.999991
1080.700000000 2.89633 -2.83553 0 0 0 -0.112411 0.993662
1082.200000000 3.85698 -3.33222 0 0 0 -0.309086 0.951034
1083.300000000 4.1751 -3.7676 0 0 0 -0.560944 0.827853
1084.000000000 4.04023 -3.77367 0 0 0 -0.807375 0.590038
1084.600000000 3.93796 -3.71439 0 0 0 -0.944206 0.329357
1085.200000000 3.88484 -3.60813 0 0 0 -0.999191 0.0402059
1085.800000000 3.89918 -3.49088 0 0 0 0.967646 0.252312
1086.400000000 3.97483 -3.41226 0 0 0 0.852338 0.522991
1087.000000000 4.0874 -3.38146 0 0 0 0.663241 0.748406
1087.800000000 4.33739 -3.12845 0 0 0 0.471017 0.882124
1089.100000000 4.96168 -2.6108 0 0 0 0.243055 0.970013
1089.900000000 5.15174 -2.70568 0 0 0 -0.0658661 0.997828
1090.900000000 5.55316 -3.02081 0 0 0 -0.314855 0.94914
1092.300000000 6.24389 -3.75399 0 0 0 -0.402 0.91564
1093.600000000 6.92732 -4.45906 0 0 0 -0.385871 0.922553
1095.000000000 7.67147 -5.19612 0 0 0 -0.372156 0.92817
1096.300000000 8.3146 -5.93165 0 0 0 -0.446072 0.894997
1097.600000000 8.79169 -6.78034 0 0 0 -0.534118 0.84541
1098.900000000 9.10334 -7.70462 0 0 0 -0.608153 0.79382
1100.200000000 9.30517 -8.66015 0 0 0 -0.636303 0.771439
1101.600000000 9.52177 -9.62422 0 0 0 -0.574612 0.818426
1103.100000000 10.166 -10.4078 0 0 0 -0.383642 0.923482
1104.400000000 10.8861 -11.0687 0 0 0 -0.3655 0.930811
1105.700000000 11.5884 -11.748 0 0 0 -0.380504 0.924779
1107.100000000 12.3209 -12.4972 0 0 0 -0.387909 0.921698
1108.400000000 13.0179 -13.1805 0 0 0 -0.379067 0.925369
1109.700000000 13.7461 -13.8359 0 0 0 -0.340969 0.940075
1111.300000000 14.7333 -14.2601 0 0 0 -0.100103 0.994977
1112.300000000 15.1817 -14.1869 0 0 0 0.167987 0.985789
1113.100000000 15.2255 -13.9477 0 0 0 0.458255 0.888821
1114.500000000 15.9061 -13.1837 0 0 0 0.375985 0.926626
1116.000000000 16.8192 -12.7119 0 0 0 0.152129 0.988361
1117.500000000 17.8295 -12.6805 0 0 0 -0.0143503 0.999897
1119.400000000 18.7505 -12.7375 0 0 0 -0.0412844 0.999147
1123.000000000 19.7615 -12.7795 0 0 0 -0.0174891 0.999847
1124.300000000 20.745 -12.794 0 0 0 0.00835725 0.999965
1125.700000000 21.799 -12.7602 0 0 0 0.0110585 0.999939
1127.000000000 22.7735 -12.7515 0 0 0 -0.00348848 0.999994
1128.700000000 23.789 -12.7846 0 0 0 -0.0140123 0.999902
1130.000000000 24.7621 -12.7759 0 0 0 0.00392106 0.999992
1131.300000000 25.7347 -12.7522 0 0 0 0.0380672 0.999275
1132.600000000 26.387 -12.4163 0 0 0 0.313625 0.949547
1134.200000000 27.1257 -11.6204 0 0 0 0.337412 0.941357
1135.600000000 28.0427 -11.2105 0 0 0 0.144543 0.989499
1136.800000000 28.9284 -11.1484 0 0 0 -0.00116759 0.999999
1137.800000000 29.2834 -11.2647 0 0 0 -0.309017 0.951056
1138.400000000 29.0684 -11.3705 0 0 0 -0.560934 0.827861
1139.000000000 29.1045 -11.4993 0 0 0 -0.745767 0.666207
1140.100000000 28.7491 -11.9167 0 0 0 -0.902011 0.431714
1141.500000000 27.9959 -12.6129 0 0 0 -0.93521 0.354094
1142.900000000 27.2414 -13.3531 0 0 0 -0.923659 0.383214
1144.000000000 26.9834 -13.7167 0 0 0 -0.75947 0.650542
1144.600000000 27.1003 -13.7003 0 0 0 -0.533329 0.845908
1145.200000000 27.1874 -13.6221 0 0 0 -0.259559 0.965727
1145.900000000 27.4181 -13.5191 0 0 0 0.0212319 0.999775
1146.700000000 27.5962 -13.3208 0 0 0 0.270866 0.962617
1148.100000000 28.2289 -12.6247 0 0 0 0.421061 0.907032
1149.600000000 28.6061 -12.0184 0 0 0 0.687453 0.726229
1150.300000000 28.4625 -11.8817 0 0 0 0.854097 0.520113
1151.400000000 27.9912 -11.4972 0 0 0 0.954515 0.298164
1152.700000000 27.2236 -10.8901 0 0 0 0.93498 0.3547
1154.000000000 26.5022 -10.2339 0 0 0 0.942844 0.333234
1155.600000000 25.7549 -9.84356 0 0 0 0.999864 0.0164873
1156.200000000 25.7858 -9.9572 0 0 0 -0.960072 0.279754
1156.800000000 25.8732 -10.0542 0 0 0 -0.835419 0.549614
1157.400000000 26.0072 -10.0923 0 0 0 -0.644949 0.764226
1158.100000000 26.1594 -10.2276 0 0 0 -0.437941 0.899004
1159.700000000 27.102 -10.7745 0 0 0 -0.25451 0.96707
1161.000000000 27.868 -11.2215 0 0 0 -0.189849 0.981813
1162.400000000 28.9146 -11.3292 0 0 0 0.0175174 0.999847
1163.800000000 29.8176 -10.9979 0 0 0 0.238016 0.971261
1165.300000000 30.6186 -10.2985 0 0 0 0.392645 0.91969
1166.600000000 31.2989 -9.59955 0 0 0 0.394043 0.919092
1167.900000000 31.9798 -8.89427 0 0 0 0.386213 0.92241
1169.200000000 32.6162 -8.1657 0 0 0 0.452885 0.891569
1170.500000000 33.0004 -7.3331 0 0 0 0.603021 0.797725
1171.900000000 33.0615 -6.30504 0 0 0 0.721751 0.692153
1173.200000000 32.8787 -5.29901 0 0 0 0.758416 0.65177
1174.500000000 32.8705 -4.37731 0 0 0 0.705668 0.708543
1175.800000000 32.8875 -3.35758 0 0 0 0.686253 0.727363
1177.200000000 32.8975 -2.31413 0 0 0 0.710438 0.70376
1178.500000000 32.9014 -1.34814 0 0 0 0.710525 0.703672
1179.800000000 32.8796 -0.365196 0 0 0 0.71043 0.703768
1181.000000000 32.8675 0.537303 0 0 0 0.710303 0.703896
1182.500000000 32.7234 1.59167 0 0 0 0.803419 0.595414
1183.800000000 32.36 2.09346 0 0 0 0.953961 0.299932
1184.300000000 32.3383 2.00127 0 0 0 0.998501 0.054737
1185.000000000 32.3582 1.88498 0 0 0 -0.956592 0.29143
1185.600000000 32.4519 1.81005 0 0 0 -0.82777 0.561067
1186.200000000 32.5705 1.79967 0 0 0 -0.625042 0.780591
1186.800000000 32.6541 1.85592 0 0 0 -0.366683 0.930346
1187.400000000 32.7089 1.93444 0 0 0 -0.0785875 0.996907
1187.900000000 32.7606 2.03076 0 0 0 0.144598 0.989491
1188.700000000 32.8113 2.23612 0 0 0 0.441317 0.897351
1189.500000000 32.8301 2.51794 0 0 0 0.663079 0.748549
1190.300000000 32.702 2.75176 0 0 0 0.837499 0.546439
1191.200000000 32.482 2.87273 0 0 0 0.97027 0.242024
1191.700000000 32.478 2.77622 0 0 0 -0.999988 0.00487931
1192.400000000 32.4953 2.66582 0 0 0 -0.93744 0.348146
1193.000000000 32.6112 2.60519 0 0 0 -0.792783 0.609505
1193.600000000 32.7388 2.60935 0 0 0 -0.577308 0.816526
1194.200000000 32.7714 2.64878 0 0 0 -0.309172 0.951006
1194.800000000 32.8424 2.76787 0 0 0 -0.015562 0.999879
1195.400000000 32.8225 2.88007 0 0 0 0.270059 0.962844
1196.000000000 32.7945 2.99245 0 0 0 0.521128 0.853478
1196.600000000 32.6939 3.04683 0 0 0 0.732432 0.68084
1197.200000000 32.5863 3.04813 0 0 0 0.895698 0.444663
1197.800000000 32.5349 2.9667 0 0 0 0.987402 0.15823
1198.400000000 32.5314 2.85448 0 0 0 -0.990065 0.140608
1199.000000000 32.6029 2.75988 0 0 0 -0.904249 0.427006
1199.600000000 32.6903 2.72041 0 0 0 -0.737766 0.675056
1200.100000000 32.7871 2.7295 0 0 0 -0.546944 0.837169
1200.800000000 32.8706 2.81579 0 0 0 -0.226612 0.973985
1201.500000000 32.9192 2.92705 0 0 0 0.11215 0.993691
1202.100000000 32.8673 3.03283 0 0 0 0.391593 0.920139
1202.700000000 32.7738 3.09953 0 0 0 0.638917 0.769275
1203.300000000 32.6586 3.10086 0 0 0 0.83423 0.551416
1203.900000000 32.5858 3.04301 0 0 0 0.960292 0.278997
1204.500000000 32.5693 2.93521 0 0 0 -0.999851 0.0172396
1205.100000000 32.6073 2.83014 0 0 0 -0.950114 0.311904
1205.700000000 32.6897 2.75489 0 0 0 -0.815525 0.578722
1206.300000000 32.7909 2.76111 0 0 0 -0.606726 0.794911
1206.900000000 32.8885 2.8253 0 0 0 -0.344565 0.938763
1207.500000000 32.9453 2.92461 0 0 0 -0.0532115 0.998583
1208.100000000 32.9212 3.01874 0 0 0 0.242945 0.97004
1208.600000000 32.8487 3.0887 0 0 0 0.473767 0.88065
1209.300000000 32.7162 3.12071 0 0 0 0.74662 0.665251
1210.000000000 32.611 3.05172 0 0 0 0.929567 0.368653
1210.600000000 32.5711 2.96492 0 0 0 0.997125 0.075778
1211.200000000 32.5896 2.85176 0 0 0 -0.975025 0.222093
1211.800000000 32.6741 2.76312 0 0 0 -0.86599 0.500061
1212.500000000 32.774 2.75993 0 0 0 -0.641362 0.767239
1213.100000000 32.8693 2.81604 0 0 0 -0.385776 0.922592
1213.600000000 32.9268 2.89335 0 0 0 -0.145552 0.989351
1214.200000000 32.9274 2.99156 0 0 0 0.15084 0.988558
1214.900000000 32.8504 3.08974 0 0 0 0.48036 0.877072
1215.500000000 32.7374 3.11691 0 0 0 0.714411 0.699726
1216.100000000 32.6265 3.09997 0 0 0 0.88767 0.46048
1216.700000000 32.564 3.04381 0 0 0 0.981329 0.192336
1217.300000000 32.5324 2.94866 0 0 0 -0.995267 0.0971801
1217.900000000 32.5619 2.83287 0 0 0 -0.925682 0.378303
1218.500000000 32.6613 2.77024 0 0 0 -0.776281 0.630387
1219.100000000 32.7495 2.79503 0 0 0 -0.554355 0.83228
1219.700000000 32.8393 2.86696 0 0 0 -0.283428 0.958994
1220.300000000 32.8693 2.94997 0 0 0 0.0108721 0.999941
1221.000000000 32.8728 3.09887 0 0 0 0.308496 0.951225
1222.300000000 33.1011 3.10422 0 0 0 -0.0195047 0.99981
1223.000000000 33.0935 2.98804 0 0 0 -0.335879 0.941905
1223.600000000 33.0155 2.90637 0 0 0 -0.592638 0.805469
1224.100000000 32.9111 2.89986 0 0 0 -0.768473 0.639882
1224.800000000 32.7968 2.93639 0 0 0 -0.93841 0.345523
1225.400000000 32.7471 3.03335 0 0 0 -0.998345 0.0575024
1226.100000000 32.7822 3.16021 0 0 0 0.958742 0.284278
1226.700000000 32.8584 3.22302 0 0 0 0.833816 0.552043
1227.300000000 32.9534 3.30637 0 0 0 0.669076 0.743194
1230.300000000 33.1402 4.26682 0 0 0 0.657228 0.753692
1231.100000000 33.0218 4.33754 0 0 0 0.856529 0.516098
1231.600000000 32.9559 4.27563 0 0 0 0.957315 0.289046
1233.300000000 32.9957 4.38716 0 0 0 0.815842 0.578275
1233.900000000 33.1147 4.42431 0 0 0 0.632534 0.774533
1235.300000000 33.0343 4.64699 0 0 0 0.858822 0.512274
1236.000000000 32.958 4.57243 0 0 0 0.972024 0.234882
1236.700000000 32.9461 4.45147 0 0 0 -0.993371 0.114949
1237.300000000 32.9931 4.36201 0 0 0 -0.915054 0.403332
1237.900000000 33.0882 4.33818 0 0 0 -0.755013 0.65571
1240.000000000 32.8992 3.30033 0 0 0 -0.867204 0.497953
1241.100000000 32.8648 2.97263 0 0 0 -0.63662 0.771177
1241.700000000 32.9734 2.98662 0 0 0 -0.403268 0.915082
1242.300000000 33.0699 3.03845 0 0 0 -0.137514 0.9905
1242.900000000 33.0716 3.1458 0 0 0 0.159235 0.987241
1243.500000000 33.0217 3.25174 0 0 0 0.424285 0.905529
1244.700000000 33.1765 3.77324 0 0 0 0.626724 0.779242
1246.400000000 33.2006 4.7966 0 0 0 0.711129 0.703062
1247.700000000 33.2118 5.77197 0 0 0 0.704914 0.709293
1249.100000000 33.2072 6.72939 0 0 0 0.708097 0.706115
1250.400000000 33.2517 7.63051 0 0 0 0.683901 0.729575
1252.200000000 33.32 8.76266 0 0 0 0.684162 0.72933
1253.500000000 33.3366 9.73861 0 0 0 0.703832 0.710367
1254.800000000 33.3056 10.7114 0 0 0 0.722676 0.691187
1256.100000000 33.211 11.6901 0 0 0 0.760199 0.649691
1257.600000000 32.8645 12.6989 0 0 0 0.854599 0.519288
1259.000000000 32.2008 13.4385 0 0 0 0.924444 0.381318
1260.300000000 31.487 14.1027 0 0 0 0.931443 0.363888
1261.600000000 30.7857 14.7807 0 0 0 0.923836 0.382789
1262.900000000 30.1457 15.4998 0 0 0 0.902703 0.430265
1263.600000000 30.2175 15.5965 0 0 0 0.726571 0.687091
1264.100000000 30.3122 15.5862 0 0 0 0.536918 0.843634
1264.700000000 30.4044 15.5118 0 0 0 0.268056 0.963403
1265.400000000 30.4407 15.3751 0 0 0 -0.0729819 0.997333
1266.000000000 30.3999 15.2638 0 0 0 -0.360238 0.93286
1266.600000000 30.3621 15.1531 0 0 0 -0.597823 0.801628
1267.200000000 30.2839 15.039 0 0 0 -0.775075 0.631869
1268.700000000 29.7114 14.1234 0 0 0 -0.890294 0.455386
1270.100000000 28.9814 13.5432 0 0 0 -0.967667 0.252229
1271.500000000 28.1831 13.4208 0 0 0 0.999425 0.0339037
1272.100000000 28.1252 13.5331 0 0 0 0.957906 0.287081
1274.000000000 27.4703 14.2966 0 0 0 0.96037 0.27873
1274.900000000 27.1904 14.2605 0 0 0 -0.999354 0.0359284
1275.500000000 27.2346 14.1553 0 0 0 -0.943981 0.33
1276.200000000 27.3524 14.0789 0 0 0 -0.773183 0.634183
1276.900000000 27.4945 13.9562 0 0 0 -0.571609 0.820526
1278.000000000 27.9622 13.55 0 0 0 -0.368197 0.929748
1279.300000000 28.7299 12.9665 0 0 0 -0.295521 0.955336
1280.600000000 29.6012 12.5203 0 0 0 -0.198105 0.980181
1281.800000000 30.4759 12.2851 0 0 0 -0.0851037 0.996372
1283.300000000 31.5095 12.3182 0 0 0 0.0928633 0.995679
1284.500000000 31.9956 12.6351 0 0 0 0.393743 0.919221
1285.100000000 31.8905 12.6985 0 0 0 0.647763 0.761842
1285.700000000 31.764 12.6832 0 0 0 0.843966 0.536397
1286.300000000 31.6761 12.604 0 0 0 0.964793 0.26301
1286.900000000 31.6503 12.4786 0 0 0 -0.999447 0.0332518
1287.600000000 31.702 12.3498 0 0 0 -0.927793 0.373095
1288.200000000 31.8145 12.2896 0 0 0 -0.776357 0.630293
1288.900000000 31.9418 12.3097 0 0 0 -0.513137 0.858307
1289.500000000 32.0752 12.3555 0 0 0 -0.26555 0.964097
1290.400000000 32.4217 12.3686 0 0 0 0.0116406 0.999932
1292.000000000 32.8603 12.2395 0 0 0 -0.321186 0.947016
1292.500000000 32.7968 12.166 0 0 0 -0.533054 0.846082
1293.100000000 32.7102 12.1173 0 0 0 -0.751248 0.66002
1293.800000000 32.5883 12.1427 0 0 0 -0.929034 0.369994
1294.400000000 32.5287 12.2537 0 0 0 -0.996496 0.0836455
1295.000000000 32.5349 12.3724 0 0 0 0.977717 0.209926
1295.600000000 32.6018 12.4765 0 0 0 0.874046 0.485844
1296.300000000 32.7119 12.4946 0 0 0 0.657493 0.75346
1296.900000000 32.8315 12.4636 0 0 0 0.411285 0.911507
1297.500000000 32.9104 12.3687 0 0 0 0.127859 0.991792
1298.100000000 32.9049 12.2417 0 0 0 -0.161292 0.986907
1298.800000000 32.8222 12.1374 0 0 0 -0.48398 0.875079
1299.500000000 32.7034 12.0924 0 0 0 -0.752021 0.659139
1300.200000000 32.5836 12.1426 0 0 0 -0.931448 0.363874
1300.800000000 32.5222 12.2525 0 0 0 -0.996911 0.0785349
1301.400000000 32.5295 12.37 0 0 0 0.976605 0.215041
1302.000000000 32.6006 12.4543 0 0 0 0.871702 0.490036
1302.600000000 32.7111 12.5022 0 0 0 0.691301 0.722567
1303.200000000 32.8141 12.4717 0 0 0 0.451024 0.892512
1303.800000000 32.8912 12.3732 0 0 0 0.171473 0.985189
1304.300000000 32.9056 12.2668 0 0 0 -0.069078 0.997611
1305.000000000 32.8542 12.1566 0 0 0 -0.40155 0.915837
1305.500000000 32.7763 12.0927 0 0 0 -0.611095 0.791557
1306.200000000 32.6504 12.0757 0 0 0 -0.839554 0.543276
1306.800000000 32.549 12.1492 0 0 0 -0.96019 0.279348
1307.400000000 32.5096 12.2468 0 0 0 0.999926 0.0121601
1307.900000000 32.5382 12.3598 0 0 0 0.967126 0.254299
1308.500000000 32.617 12.4395 0 0 0 0.850272 0.526343
1309.200000000 32.7306 12.4675 0 0 0 0.622754 0.782417
1309.800000000 32.8369 12.416 0 0 0 0.368005 0.929824
1310.300000000 32.9059 12.3268 0 0 0 0.131569 0.991307
1311.000000000 32.9037 12.1914 0 0 0 -0.207671 0.978199
1313.400000000 33.1848 12.1033 0 0 0 0.101421 0.994844
1314.100000000 33.1714 12.2247 0 0 0 0.408342 0.912829
1314.700000000 33.093 12.3267 0 0 0 0.643639 0.765329
1315.300000000 32.9787 12.3309 0 0 0 0.829706 0.5582
1316.000000000 32.8972 12.2547 0 0 0 0.971382 0.237524
1316.600000000 32.8601 12.1432 0 0 0 -0.998223 0.0595885
1318.200000000 32.5037 12.1455 0 0 0 0.979034 0.203697
1318.800000000 32.5384 12.2613 0 0 0 0.885768 0.464128
1319.500000000 32.6277 12.3439 0 0 0 0.692424 0.721491
1320.000000000 32.747 12.3581 0 0 0 0.507648 0.861565
1320.700000000 32.8554 12.2868 0 0 0 0.203535 0.979068
1321.300000000 32.8821 12.1737 0 0 0 -0.0864718 0.996254
1321.900000000 32.853 12.0634 0 0 0 -0.350468 0.936575
1323.300000000 33.137 12.0014 0 0 0 -0.0358754 0.999356
1324.000000000 33.1724 12.1284 0 0 0 0.270637 0.962681
1324.600000000 33.1206 12.2267 0 0 0 0.517038 0.855962
1325.200000000 33.0344 12.3045 0 0 0 0.730138 0.6833
1326.500000000 32.6717 13.0007 0 0 0 0.883044 0.469291
1327.900000000 31.937 13.7394 0 0 0 0.931752 0.363096
1329.300000000 31.1556 14.4417 0 0 0 0.93138 0.364049
1330.500000000 30.5165 15.079 0 0 0 0.921294 0.388868
1331.900000000 29.8111 15.8591 0 0 0 0.908908 0.416996
1333.200000000 29.2135 16.6398 0 0 0 0.882441 0.470424
1334.600000000 28.6654 17.5278 0 0 0 0.875158 0.483838
1336.300000000 28.3997 18.4225 0 0 0 0.68449 0.729023
1337.300000000 28.6389 18.8988 0 0 0 0.493619 0.869678
1338.900000000 28.9838 19.9176 0 0 0 0.658849 0.752276
1340.300000000 28.8304 20.8743 0 0 0 0.803888 0.594781
1341.900000000 28.4073 21.8029 0 0 0 0.815573 0.578654
1343.200000000 28.4023 22.3999 0 0 0 0.632462 0.774592
1344.200000000 28.6865 22.6934 0 0 0 0.377182 0.926139
1345.100000000 29.0649 22.8025 0 0 0 0.128471 0.991713
1346.300000000 29.6143 22.6927 0 0 0 -0.12129 0.992617
1348.300000000 30.6268 22.5206 0 0 0 0.0291691 0.999574
1349.600000000 31.3257 22.8484 0 0 0 0.285985 0.958234
1350.900000000 31.7109 23.3581 0 0 0 0.572362 0.820001
1351.600000000 31.6034 23.4156 0 0 0 0.802759 0.596303
1352.300000000 31.4844 23.3733 0 0 0 0.954162 0.299291
1352.900000000 31.4583 23.2606 0 0 0 0.999992 0.00400068
1353.500000000 31.4818 23.1471 0 0 0 -0.956539 0.291605
1354.100000000 31.5741 23.0732 0 0 0 -0.827595 0.561325
1354.700000000 31.6915 23.0595 0 0 0 -0.625146 0.780508
1355.400000000 31.8395 23.0669 0 0 0 -0.348668 0.937246
1356.300000000 32.2416 22.9639 0 0 0 -0.116432 0.993199
1357.300000000 32.695 23.0646 0 0 0 0.158877 0.987298
1357.900000000 32.6246 23.163 0 0 0 0.437133 0.899397
1358.600000000 32.5043 23.2051 0 0 0 0.719449 0.694545
1359.100000000 32.4126 23.1762 0 0 0 0.869467 0.493991
1359.900000000 32.2068 23.1892 0 0 0 0.980774 0.195149
1360.900000000 31.7499 23.0751 0 0 0 -0.997747 0.0670827
1362.300000000 30.8012 22.8177 0 0 0 -0.986085 0.166241
1364.300000000 29.8152 22.4706 0 0 0 -0.9959 0.0904579
1365.700000000 28.8381 22.4662 0 0 0 -0.999911 0.0133707
1367.000000000 28.2057 22.2267 0 0 0 -0.950496 0.310738
1367.700000000 28.2872 22.1167 0 0 0 -0.799238 0.601014
1368.300000000 28.3929 22.0915 0 0 0 -0.596304 0.802759
1369.000000000 28.5094 22.1618 0 0 0 -0.290421 0.956899
1369.700000000 28.5374 22.2904 0 0 0 0.0533781 0.998574
1370.300000000 28.4907 22.3985 0 0 0 0.345947 0.938254
1370.900000000 28.391 22.4716 0 0 0 0.606322 0.795219
1371.400000000 28.2933 22.478 0 0 0 0.784887 0.619638
1372.100000000 28.1921 22.3779 0 0 0 0.949418 0.314015
1372.700000000 28.151 22.2767 0 0 0 0.999833 0.0182643
1373.400000000 28.1812 22.1528 0 0 0 -0.945272 0.326283
1374.000000000 28.2883 22.0858 0 0 0 -0.806614 0.591079
1374.400000000 28.3673 22.0741 0 0 0 -0.674108 0.738633
1375.200000000 28.4981 22.1399 0 0 0 -0.331749 0.943368
1375.800000000 28.5422 22.248 0 0 0 -0.0389818 0.99924
1376.400000000 28.5161 22.3732 0 0 0 0.257927 0.966164
1377.000000000 28.4315 22.4515 0 0 0 0.531359 0.847147
1377.600000000 28.3155 22.4792 0 0 0 0.757956 0.652306
1378.200000000 28.2198 22.4277 0 0 0 0.916857 0.399215
1378.900000000 28.1513 22.3053 0 0 0 0.998201 0.0599488
1379.500000000 28.1723 22.179 0 0 0 -0.971323 0.237764
1380.100000000 28.2558 22.0947 0 0 0 -0.857639 0.514253
1380.700000000 28.3722 22.0729 0 0 0 -0.667805 0.744336
1381.400000000 28.4921 22.1288 0 0 0 -0.372931 0.927859
1382.000000000 28.5448 22.2348 0 0 0 -0.0820689 0.996627
1382.600000000 28.5287 22.3419 0 0 0 0.216045 0.976383
1383.200000000 28.4391 22.4496 0 0 0 0.493365 0.869823
1383.800000000 28.3342 22.4777 0 0 0 0.728351 0.685204
1384.400000000 28.2236 22.426 0 0 0 0.899071 0.437802
1384.900000000 28.166 22.3491 0 0 0 0.979319 0.20232
1385.600000000 28.1581 22.2122 0 0 0 -0.989312 0.145813
1386.200000000 28.2243 22.1142 0 0 0 -0.902018 0.431699
1386.900000000 28.3541 22.0711 0 0 0 -0.698839 0.715279
1387.700000000 28.5417 21.904 0 0 0 -0.532232 0.846599
1388.900000000 28.9302 21.1046 0 0 0 -0.528726 0.848792
1390.200000000 29.345 20.2187 0 0 0 -0.522967 0.852353
1391.600000000 29.8263 19.2927 0 0 0 -0.514906 0.857247
1393.000000000 30.3422 18.3789 0 0 0 -0.506061 0.862498
1394.300000000 30.8054 17.5234 0 0 0 -0.519676 0.854363
1395.600000000 31.2088 16.6346 0 0 0 -0.54768 0.836688
1396.900000000 31.5639 15.7225 0 0 0 -0.56888 0.82242
1398.200000000 31.8942 14.8005 0 0 0 -0.575289 0.81795
1399.500000000 32.1514 13.9002 0 0 0 -0.637977 0.770056
1400.700000000 32.0502 13.3265 0 0 0 -0.840325 0.542082
1401.200000000 31.9752 13.3786 0 0 0 -0.947217 0.320594
1401.900000000 31.9233 13.5045 0 0 0 0.999833 0.0182663
1402.600000000 31.9633 13.6351 0 0 0 0.934928 0.354838
1403.300000000 32.077 13.7101 0 0 0 0.760175 0.649718
1404.000000000 32.2138 13.6932 0 0 0 0.496409 0.868089
1404.500000000 32.2897 13.6333 0 0 0 0.269903 0.962888
1405.200000000 32.3387 13.4994 0 0 0 -0.0647303 0.997903
1406.100000000 32.6273 13.2662 0 0 0 -0.325728 0.945464
1407.000000000 32.7711 12.9191 0 0 0 -0.55841 0.829565
1407.900000000 32.7208 12.5276 0 0 0 -0.753696 0.657224
1408.700000000 32.5826 12.3748 0 0 0 -0.894769 0.446529
1409.300000000 32.5054 12.4833 0 0 0 -0.993186 0.116539
1409.900000000 32.5026 12.6102 0 0 0 0.984335 0.176308
1410.400000000 32.555 12.6891 0 0 0 0.911546 0.411199
1411.100000000 32.6572 12.7466 0 0 0 0.718039 0.696003
1411.700000000 32.7823 12.7256 0 0 0 0.485909 0.87401
1412.200000000 32.8672 12.6652 0 0 0 0.258113 0.966115
1412.800000000 32.8933 12.5428 0 0 0 -0.0319132 0.999491
1413.500000000 32.8866 12.4134 0 0 0 -0.354776 0.934952
1414.200000000 32.8319 12.2637 0 0 0 -0.610107 0.792319
1414.900000000 32.7275 12.1557 0 0 0 -0.815336 0.578988
1415.500000000 32.6014 12.1439 0 0 0 -0.940048 0.341044
1416.200000000 32.5462 12.2713 0 0 0 -0.999993 0.00374054
1416.800000000 32.5697 12.3972 0 0 0 0.95779 0.287469
1417.400000000 32.6525 12.4797 0 0 0 0.832623 0.553841
1418.000000000 32.7668 12.5011 0 0 0 0.635325 0.772245
1418.600000000 32.8831 12.4445 0 0 0 0.383071 0.923719
1419.200000000 32.9368 12.3553 0 0 0 0.0983246 0.995154
1419.800000000 32.9568 12.2401 0 0 0 -0.18825 0.982121
1420.400000000 32.8763 12.1375 0 0 0 -0.460572 0.887622
1421.000000000 32.7784 12.0923 0 0 0 -0.699959 0.714183
1421.600000000 32.6731 12.1154 0 0 0 -0.879214 0.476426
1422.200000000 32.5904 12.1973 0 0 0 -0.979839 0.19979
1423.100000000 32.1625 12.2809 0 0 0 0.999657 0.0261768
1423.800000000 32.126 12.3985 0 0 0 0.943623 0.331022
1424.500000000 32.2364 12.4714 0 0 0 0.776515 0.630099
1425.100000000 32.3531 12.4792 0 0 0 0.559394 0.828902
1425.700000000 32.4491 12.4106 0 0 0 0.293558 0.955941
1426.300000000 32.5004 12.2968 0 0 0 0.00457098 0.99999
1426.900000000 32.5059 12.1721 0 0 0 -0.26908 0.963118
1427.400000000 32.4607 12.0934 0 0 0 -0.490544 0.871416
1428.000000000 32.3515 12.073 0 0 0 -0.723339 0.690493
1428.600000000 32.237 12.1032 0 0 0 -0.893245 0.44957
1429.500000000 31.9641 12.0766 0 0 0 -0.991538 0.129813
1430.100000000 31.968 12.2011 0 0 0 0.986534 0.163557
1430.700000000 32.0288 12.3013 0 0 0 0.896203 0.443645
1431.300000000 32.1349 12.3509 0 0 0 0.728234 0.685328
1431.900000000 32.2507 12.3327 0 0 0 0.497175 0.86765
1432.500000000 32.342 12.2573 0 0 0 0.22763 0.973748
1433.000000000 32.3768 12.1705 0 0 0 -0.0111086 0.999938
1433.600000000 32.3586 12.0447 0 0 0 -0.295789 0.955253
1434.300000000 32.2773 11.9501 0 0 0 -0.595263 0.803531
1435.000000000 32.1393 11.9264 0 0 0 -0.825199 0.564842
1435.500000000 32.0596 11.9849 0 0 0 -0.937924 0.346842
1436.100000000 32.0027 12.0871 0 0 0 -0.998269 0.0588134
1436.800000000 32.0136 12.2134 0 0 0 0.959065 0.283186
1437.400000000 32.1063 12.2958 0 0 0 0.836056 0.548644
1438.000000000 32.2205 12.3249 0 0 0 0.63987 0.768483
1438.700000000 32.3473 12.2738 0 0 0 0.346902 0.937901
1439.300000000 32.4104 12.1731 0 0 0 0.0637641 0.997965
1440.000000000 32.3877 12.0236 0 0 0 -0.276656 0.960969
1440.500000000 32.3245 11.9499 0 0 0 -0.501605 0.865097
1441.200000000 32.1979 11.9296 0 0 0 -0.763984 0.645235
1441.800000000 32.0815 11.9533 0 0 0 -0.918427 0.395589
1442.400000000 32.0204 12.0657 0 0 0 -0.993473 0.114068
1443.000000000 32.0187 12.1833 0 0 0 0.983664 0.180016
1443.600000000 32.0825 12.2828 0 0 0 0.888665 0.458557
1444.200000000 32.1902 12.3181 0 0 0 0.71668 0.697402
1444.700000000 32.2847 12.3149 0 0 0 0.524772 0.851243
1445.400000000 32.3855 12.2204 0 0 0 0.207967 0.978136
1446.000000000 32.4122 12.0972 0 0 0 -0.0839192 0.996473
1446.400000000 32.3876 12.0233 0 0 0 -0.278021 0.960575
1447.200000000 32.2775 11.9263 0 0 0 -0.624563 0.780974
1447.800000000 32.1621 11.9287 0 0 0 -0.823626 0.567134
1448.400000000 32.0596 11.9827 0 0 0 -0.951718 0.306974
1449.000000000 32.0112 12.0895 0 0 0 -0.999849 0.0173931
1449.600000000 32.0319 12.2048 0 0 0 0.961616 0.274399
1450.200000000 32.111 12.2974 0 0 0 0.839908 0.542728
1450.900000000 32.2456 12.3015 0 0 0 0.607488 0.794329
1451.500000000 32.3502 12.2584 0 0 0 0.350696 0.936489
1452.100000000 32.4097 12.1472 0 0 0 0.0656294 0.997844
1452.700000000 32.3957 12.0245 0 0 0 -0.227783 0.973712
1453.200000000 32.3382 11.9471 0 0 0 -0.458767 0.888557
1453.900000000 32.2217 11.9009 0 0 0 -0.731571 0.681766
1454.500000000 32.1061 11.931 0 0 0 -0.895923 0.44421
1455.100000000 32.0225 12.0139 0 0 0 -0.985998 0.166755
1455.700000000 32.0076 12.1404 0 0 0 0.991832 0.127554
1456.300000000 32.0606 12.2352 0 0 0 0.911747 0.410751
1456.900000000 32.1628 12.2922 0 0 0 0.752699 0.658365
1457.500000000 32.2797 12.2826 0 0 0 0.528468 0.848953
1458.100000000 32.3715 12.209 0 0 0 0.258468 0.96602
1458.800000000 32.4067 12.0757 0 0 0 -0.0829561 0.996553
1459.300000000 32.3727 11.9738 0 0 0 -0.323054 0.946381
1461.500000000 32.7645 11.8694 0 0 0 -0.0172537 0.999851
1462.400000000 33.1104 12.052 0 0 0 0.2303 0.97312
1464.200000000 33.4008 12.3984 0 0 0 0.515162 0.857093
1464.900000000 33.2859 12.4784 0 0 0 0.757855 0.652423
1465.500000000 33.1855 12.4858 0 0 0 0.908304 0.41831
1466.100000000 33.0786 12.4053 0 0 0 0.987928 0.154915
1466.800000000 33.0461 12.2927 0 0 0 -0.98498 0.172669
1467.400000000 33.071 12.185 0 0 0 -0.900597 0.434655
1467.900000000 33.1309 12.1012 0 0 0 -0.778725 0.627366
1470.300000000 33.364 11.1402 0 0 0 -0.655787 0.754946
1472.100000000 33.3916 10.1302 0 0 0 -0.714483 0.699653
1473.200000000 33.2556 9.94929 0 0 0 -0.89613 0.443791
1475.000000000 33.2572 9.76615 0 0 0 -0.710804 0.70339
1477.700000000 33.4091 8.79907 0 0 0 -0.561263 0.827638
1479.900000000 33.3969 7.76347 0 0 0 -0.748101 0.663585
1482.200000000 33.2329 6.86974 0 0 0 -0.760201 0.649687
1485.800000000 33.1462 5.86483 0 0 0 -0.72097 0.692966
1488.000000000 33.1356 4.94508 0 0 0 -0.704465 0.709739
1490.000000000 33.0988 3.9568 0 0 0 -0.73466 0.678436
1491.400000000 32.9055 2.9236 0 0 0 -0.77502 0.631937
1492.800000000 32.7861 1.88381 0 0 0 -0.723417 0.690411
1494.100000000 32.8512 0.910454 0 0 0 -0.658159 0.752879
1495.600000000 33.0583 -0.00599952 0 0 0 -0.60246 0.798149
1497.000000000 33.4426 -0.91023 0 0 0 -0.506921 0.861993
1498.500000000 34.1258 -1.48734 0 0 0 -0.241384 0.97043
1500.000000000 35.1664 -1.70502 0 0 0 -0.0220138 0.999758
1501.300000000 36.1152 -1.55413 0 0 0 0.12548 0.992096
1502.600000000 37.0633 -1.30115 0 0 0 0.104146 0.994562
1503.900000000 38.0309 -1.17577 0 0 0 0.0483277 0.998832
1505.200000000 39.0049 -1.13562 0 0 0 -0.00112135 0.999999
1506.800000000 40.2106 -1.1341 0 0 0 -0.0016223 0.999999
1508.200000000 41.2413 -1.03424 0 0 0 0.0899313 0.995948
1509.700000000 41.9245 -0.775787 0 0 0 0.381415 0.924404
1510.400000000 41.8007 -0.720526 0 0 0 0.674091 0.738649
1510.900000000 41.7071 -0.735958 0 0 0 0.83552 0.54946
1511.500000000 41.5924 -0.76346 0 0 0 0.952787 0.303639
1512.400000000 41.2917 -0.776852 0 0 0 -0.999995 0.00328151
1513.400000000 40.893 -0.998164 0 0 0 -0.962377 0.271718
1514.600000000 40.1039 -1.44648 0 0 0 -0.973062 0.230544
1516.100000000 39.0783 -1.71849 0 0 0 -0.998848 0.0479774
1517.400000000 38.1124 -1.61484 0 0 0 0.995774 0.0918338
1518.800000000 37.1435 -1.37442 0 0 0 0.992778 0.119963
1520.300000000 36.1189 -1.19982 0 0 0 0.998804 0.0488905
1521.700000000 35.0664 -1.22333 0 0 0 -0.999556 0.0298061
1523.100000000 34.0073 -1.22244 0 0 0 0.999638 0.0268939
1524.600000000 33.0815 -0.884025 0 0 0 0.964556 0.263878
1526.000000000 32.3385 -0.17899 0 0 0 0.919397 0.393332
1527.300000000 31.7154 0.558432 0 0 0 0.895298 0.445468
1528.700000000 31.0036 1.35286 0 0 0 0.928494 0.371347
1530.100000000 30.163 1.9558 0 0 0 0.959267 0.282502
1531.300000000 29.3687 2.35992 0 0 0 0.977523 0.210827
1532.800000000 28.2976 2.70842 0 0 0 0.991089 0.1332
1534.700000000 27.3693 2.87798 0 0 0 0.997303 0.0733907
1538.300000000 26.4433 2.99757 0 0 0 0.997658 0.0683981
1541.100000000 25.3858 3.17296 0 0 0 0.994471 0.105008
1542.400000000 24.4525 3.40016 0 0 0 0.991033 0.133618
1543.700000000 23.5015 3.65871 0 0 0 0.991263 0.1319
1545.000000000 22.5568 3.89733 0 0 0 0.993714 0.111945
1546.300000000 21.6949 4.06478 0 0 0 0.99514 0.098467
1549.600000000 20.714 4.19972 0 0 0 0.998757 0.0498437
1554.400000000 19.7417 4.26289 0 0 0 0.999514 0.031189
1559.400000000 18.7492 4.29538 0 0 0 0.999956 0.00940519
1564.300000000 17.7724 4.29694 0 0 0 1 0.00046257
1568.900000000 16.8016 4.31452 0 0 0 0.999838 0.0179844
1571.000000000 15.8394 4.38235 0 0 0 0.996434 0.0843801
1572.600000000 14.9372 4.92683 0 0 0 0.941246 0.337721
1574.000000000 14.1985 5.67975 0 0 0 0.918973 0.394321
1575.300000000 13.5129 6.35644 0 0 0 0.945665 0.325144
1576.700000000 12.6031 6.69446 0 0 0 0.993324 0.11536
1578.100000000 11.6732 6.70391 0 0 0 -0.999454 0.0330497
1580.300000000 10.6699 6.57986 0 0 0 -0.997634 0.0687487
1583.200000000 9.61193 6.46401 0 0 0 -0.999202 0.0399469
1584.400000000 8.82433 6.47722 0 0 0 0.999991 0.00428745
1585.900000000 7.67861 6.53422 0 0 0 0.998911 0.0466656
1587.700000000 6.73725 6.7949 0 0 0 0.972717 0.231995
1589.100000000 6.06256 7.47474 0 0 0 0.922907 0.385022
1590.400000000 5.30481 8.15393 0 0 0 0.922976 0.384857
1591.700000000 4.6463 8.85463 0 0 0 0.925683 0.378301
1593.000000000 3.95604 9.5425 0 0 0 0.925734 0.378175
1594.300000000 3.24607 10.2084 0 0 0 0.933799 0.357798
1595.600000000 2.41503 10.7144 0 0 0 0.973711 0.227788
1596.900000000 1.48166 10.9301 0 0 0 0.99819 0.060132
1598.200000000 0.517174 10.9111 0 0 0 -0.998833 0.0482973
1599.500000000 -0.445147 10.7368 0 0 0 -0.998142 0.0609348
1600.700000000 -1.34289 10.7459 0 0 0 0.999805 0.019746
1602.100000000 -2.39199 10.836 0 0 0 0.998949 0.0458363
1603.400000000 -3.33269 10.9081 0 0 0 0.999531 0.0306241
1604.800000000 -4.38405 10.9085 0 0 0 -0.999792 0.0204093
1606.200000000 -5.43544 10.8367 0 0 0 -0.999438 0.0335312
1607.500000000 -6.40372 10.7796 0 0 0 -0.999607 0.0280371
1608.800000000 -7.37338 10.7661 0 0 0 -1 0.000803421
1610.200000000 -8.36424 10.7778 0 0 0 0.999993 0.00376478
1611.900000000 -9.35768 10.7895 0 0 0 0.999898 0.0142919
1614.800000000 -10.3527 10.8432 0 0 0 0.99954 0.0303236
1616.300000000 -11.2979 10.8682 0 0 0 0.999997 0.00229759
1617.700000000 -12.3471 10.8402 0 0 0 -0.999895 0.0144906
1619.200000000 -13.2916 10.8433 0 0 0 0.999875 0.0158053
1620.900000000 -14.311 10.9753 0 0 0 0.99298 0.118283
1622.300000000 -15.2052 11.4497 0 0 0 0.951903 0.306399
1623.800000000 -15.9601 12.2158 0 0 0 0.935363 0.353689
1625.400000000 -16.9732 12.6284 0 0 0 0.993917 0.110128
1626.900000000 -17.9917 12.6389 0 0 0 -0.999119 0.0419594
1628.200000000 -18.9521 12.4676 0 0 0 -0.995381 0.0960049
1629.500000000 -19.9088 12.263 0 0 0 -0.995158 0.0982908
1630.800000000 -20.8812 12.1741 0 0 0 -0.999822 0.0188742
1632.100000000 -21.8557 12.2036 0 0 0 0.999605 0.0281185
1633.400000000 -22.8282 12.2672 0 0 0 0.999502 0.0315556
1634.700000000 -23.8016 12.2703 0 0 0 -0.999874 0.0158943
1636.000000000 -24.782 12.2306 0 0 0 -0.999941 0.0108908
1637.300000000 -25.7549 12.2665 0 0 0 0.999425 0.0339107
1638.700000000 -26.8021 12.286 0 0 0 -0.999999 0.00129295
1639.900000000 -27.706 12.2671 0 0 0 -0.999984 0.0056018
1641.200000000 -28.6793 12.2684 0 0 0 0.999997 0.00237633
1642.600000000 -29.7215 12.3213 0 0 0 0.998675 0.0514575
1643.900000000 -30.68 12.4562 0 0 0 0.997921 0.0644545
1645.200000000 -31.655 12.5448 0 0 0 0.999334 0.0364885
1646.500000000 -32.6327 12.602 0 0 0 0.999674 0.0255323
1647.800000000 -33.6133 12.6611 0 0 0 0.999072 0.043073
1649.100000000 -34.572 12.8167 0 0 0 0.993033 0.117839
1650.400000000 -35.4597 13.2201 0 0 0 0.966139 0.258024
1651.800000000 -36.1309 13.8707 0 0 0 0.898826 0.438307
1653.100000000 -36.4138 14.5835 0 0 0 0.747262 0.66453
1653.800000000 -36.2957 14.6277 0 0 0 0.504146 0.863618
1654.300000000 -36.1944 14.5741 0 0 0 0.298983 0.954258
1655.000000000 -36.0909 14.5302 0 0 0 -0.0142848 0.999898
1655.600000000 -36.0876 14.4082 0 0 0 -0.28857 0.957459
1656.200000000 -36.0938 14.2764 0 0 0 -0.52405 0.851687
1657.800000000 -35.8269 13.3234 0 0 0 -0.566639 0.823966
1659.200000000 -35.2585 12.4489 0 0 0 -0.39351 0.91932
1660.400000000 -34.4895 11.9815 0 0 0 -0.262804 0.964849
1661.900000000 -33.4702 11.6205 0 0 0 -0.0735436 0.997292
1663.300000000 -32.4218 11.6652 0 0 0 0.0548183 0.998496
1664.700000000 -31.3816 11.8236 0 0 0 0.0757485 0.997127
1666.000000000 -30.4208 11.9251 0 0 0 0.0337702 0.99943
1667.500000000 -29.3855 11.9227 0 0 0 -0.0182332 0.999834
1668.800000000 -28.419 11.9188 0 0 0 0.00487839 0.999988
1670.200000000 -27.3767 11.9274 0 0 0 0.0010096 0.999999
1671.500000000 -26.4022 11.9258 0 0 0 -0.000539013 1
1672.800000000 -25.4227 11.9252 0 0 0 -0.0005328 1
1674.100000000 -24.4511 11.9259 0 0 0 -0.000551475 1
1675.400000000 -23.4781 11.9249 0 0 0 -0.000559102 1
1676.700000000 -22.4992 11.9236 0 0 0 -0.000582482 1
1678.100000000 -21.4485 11.9229 0 0 0 -0.00068274 1
1679.700000000 -20.5248 11.9046 0 0 0 -0.0223865 0.999749
1683.600000000 -19.5718 11.8098 0 0 0 -0.0558081 0.998442
1687.800000000 -18.6137 11.7215 0 0 0 -0.0451761 0.998979
1692.000000000 -17.558 11.5335 0 0 0 -0.145904 0.989299
1693.200000000 -16.7822 11.0948 0 0 0 -0.296585 0.955007
1694.600000000 -16.0133 10.3815 0 0 0 -0.385972 0.922511
1695.800000000 -15.38 9.74395 0 0 0 -0.381274 0.924462
1697.100000000 -14.6605 9.08889 0 0 0 -0.344206 0.938894
1698.600000000 -13.7574 8.74185 0 0 0 -0.0890229 0.99603
1700.100000000 -12.6949 8.83662 0 0 0 0.0790628 0.99687
1701.400000000 -11.7683 9.01176 0 0 0 0.0859829 0.996297
1703.600000000 -10.733 9.06369 0 0 0 0.00500014 0.999987
1705.000000000 -9.73496 9.01032 0 0 0 -0.0354388 0.999372
1706.400000000 -8.67312 8.96033 0 0 0 -0.012387 0.999923
1708.000000000 -7.78813 8.82473 0 0 0 -0.130778 0.991412
1709.500000000 -6.91189 8.25422 0 0 0 -0.341248 0.939973
1710.900000000 -6.18378 7.55646 0 0 0 -0.387469 0.921883
1712.200000000 -5.5149 6.88084 0 0 0 -0.384302 0.923207
1713.600000000 -4.77256 6.13022 0 0 0 -0.383994 0.923336
1715.000000000 -4.12024 5.43261 0 0 0 -0.432746 0.901516
1715.700000000 -4.19938 5.34407 0 0 0 -0.691928 0.721966
1716.300000000 -4.30853 5.30838 0 0 0 -0.859486 0.51116
1717.700000000 -5.01068 4.6673 0 0 0 -0.935561 0.353165
1719.300000000 -5.74896 3.96084 0 0 0 -0.927129 0.374741
1721.600000000 -6.21163 3.32217 0 0 0 -0.738098 0.674693
1722.200000000 -6.09533 3.34612 0 0 0 -0.505713 0.862702
1723.100000000 -5.72396 3.14074 0 0 0 -0.280769 0.959775
1724.500000000 -4.77253 2.81174 0 0 0 -0.127888 0.991789
1725.800000000 -3.81055 2.67039 0 0 0 -0.0673372 0.99773
1727.100000000 -2.87478 2.57026 0 0 0 -0.0440154 0.999031
1729.200000000 -1.91836 2.53124 0 0 0 -0.00718636 0.999974
1732.400000000 -0.976821 2.56609 0 0 0 0.0226063 0.999744
1736.000000000 0.043034 2.59943 0 0 0 0.0108366 0.999941
1739.100000000 0.977308 2.60887 0 0 0 0.00313464 0.999995
1741.700000000 1.98194 2.61261 0 0 0 0.002598 0.999997
1744.600000000 2.92998 2.61844 0 0 0 0.00264638 0.999996
1747.700000000 3.93873 2.616 0 0 0 0.0026869 0.999996
1749.800000000 4.90913 2.63185 0 0 0 0.00265663 0.999996
1753.400000000 5.85904 2.63502 0 0 0 -0.00878576 0.999961
1755.100000000 6.77991 2.57441 0 0 0 -0.0366061 0.99933
1756.600000000 7.9276 2.48843 0 0 0 -0.0386782 0.999252
1759.000000000 9.0855 2.43639 0 0 0 -0.0152452 0.999884
1760.400000000 10.0968 2.4682 0 0 0 0.0333376 0.999444
1761.700000000 11.0644 2.53165 0 0 0 0.0253948 0.999677
1763.100000000 12.1174 2.52354 0 0 0 -0.0221315 0.999755
1764.300000000 13.0187 2.50827 0 0 0 -0.00117823 0.999999
1765.600000000 13.9914 2.5181 0 0 0 0.00411113 0.999992
1767.000000000 15.0455 2.51936 0 0 0 -0.00130887 0.999999
1768.300000000 16.0229 2.47934 0 0 0 -0.0310114 0.999519
1769.600000000 16.9898 2.37359 0 0 0 -0.0622029 0.998064
1771.000000000 18.0375 2.30216 0 0 0 0.000558529 1
1772.300000000 19.0071 2.37639 0 0 0 0.0506996 0.998714
1773.600000000 19.9781 2.41116 0 0 0 0.00551803 0.999985
1774.900000000 20.9525 2.3947 0 0 0 -0.0140927 0.999901
1776.200000000 21.9302 2.37262 0 0 0 -0.0039097 0.999992
1777.500000000 22.9051 2.3822 0 0 0 0.00557473 0.999984
1778.700000000 23.8088 2.39197 0 0 0 0.00248905 0.999997
1780.000000000 24.7829 2.38929 0 0 0 -0.00275094 0.999996
1781.400000000 25.8251 2.33757 0 0 0 -0.0525669 0.998617
1782.900000000 26.7467 1.91408 0 0 0 -0.285879 0.958266
1784.200000000 27.4668 1.26419 0 0 0 -0.385965 0.922513
1785.500000000 28.138 0.554391 0 0 0 -0.390963 0.920406
1786.800000000 28.8288 -0.143648 0 0 0 -0.3818 0.924245
1788.100000000 29.5573 -0.785054 0 0 0 -0.337832 0.941206
1789.400000000 30.3865 -1.28422 0 0 0 -0.203615 0.979051
1790.700000000 31.3422 -1.46692 0 0 0 -0.047828 0.998856
1792.000000000 32.313 -1.488 0 0 0 0.00562547 0.999984
1793.300000000 33.2801 -1.4293 0 0 0 0.0440672 0.999029
1794.600000000 34.2375 -1.30494 0 0 0 0.0707762 0.997492
1795.800000000 35.1333 -1.19372 0 0 0 0.0536142 0.998562
1797.200000000 36.184 -1.15847 0 0 0 0.00266249 0.999996
1798.800000000 37.3816 -1.16981 0 0 0 -0.0099321 0.999951
1800.200000000 38.4369 -1.18172 0 0 0 -0.000199317 1
1801.600000000 39.4873 -1.1443 0 0 0 0.023858 0.999715
1803.000000000 40.5363 -1.0715 0 0 0 0.0399099 0.999203
1804.300000000 41.5001 -0.949137 0 0 0 0.0784993 0.996914
1805.900000000 42.348 -0.92848 0 0 0 -0.187109 0.982339
1806.500000000 42.2814 -1.02696 0 0 0 -0.465195 0.885208
1807.100000000 42.1805 -1.07215 0 0 0 -0.702692 0.711494
1807.900000000 42.0193 -1.15281 0 0 0 -0.897783 0.440439
1808.700000000 41.6933 -1.25018 0 0 0 -0.975554 0.219759
1810.000000000 40.7449 -1.46703 0 0 0 -0.998265 0.0588849
1811.400000000 39.6982 -1.38892 0 0 0 0.997041 0.076869
1812.700000000 38.7303 -1.30111 0 0 0 0.99967 0.0256951
1814.000000000 37.7557 -1.29871 0 0 0 -0.999979 0.00645192
1815.300000000 36.7747 -1.30452 0 0 0 -1 0.000880864
1816.600000000 35.8014 -1.30799 0 0 0 -1 0.000280424
1817.900000000 34.8252 -1.30602 0 0 0 -1 0.000597989
1819.100000000 33.9278 -1.23962 0 0 0 0.997733 0.0672952
1820.700000000 32.946 -0.772393 0 0 0 0.95317 0.302435
1822.000000000 32.2335 -0.105106 0 0 0 0.922301 0.386471
1823.200000000 31.6343 0.57471 0 0 0 0.904585 0.426294
1824.600000000 30.8953 1.32184 0 0 0 0.93355 0.358447
1825.800000000 30.1693 1.85553 0 0 0 0.956986 0.290135
1827.100000000 29.3092 2.3087 0 0 0 0.976656 0.214809
1828.600000000 28.2558 2.66713 0 0 0 0.99019 0.139731
1830.100000000 27.3769 2.85599 0 0 0 0.995591 0.093803
1833.600000000 26.4063 2.97278 0 0 0 0.999109 0.0421979
1835.600000000 25.8843 3.20342 0 0 0 0.933269 0.359178
1837.200000000 25.497 3.38365 0 0 0 -0.999746 0.0225422
1837.800000000 25.4908 3.26999 0 0 0 -0.955425 0.295234
1838.400000000 25.529 3.16517 0 0 0 -0.837477 0.546473
1839.000000000 25.6412 3.12605 0 0 0 -0.649639 0.760243
1839.800000000 25.8805 2.86906 0 0 0 -0.452674 0.891676
1841.300000000 26.7114 2.27685 0 0 0 -0.229617 0.973281
1842.600000000 27.5196 1.74895 0 0 0 -0.332048 0.943263
1843.900000000 28.224 1.07709 0 0 0 -0.387102 0.922037
1845.200000000 28.9065 0.36919 0 0 0 -0.382631 0.923901
1846.600000000 29.6477 -0.372608 0 0 0 -0.382544 0.923937
1848.100000000 30.2238 -0.784567 0 0 0 -0.0940831 0.995564
1848.800000000 30.2031 -0.655393 0 0 0 0.253528 0.967328
1849.400000000 30.1167 -0.561519 0 0 0 0.526091 0.850428
1850.000000000 30.0062 -0.523855 0 0 0 0.747723 0.664011
1850.700000000 29.8163 -0.394038 0 0 0 0.888917 0.458068
1852.200000000 29.039 0.312447 0 0 0 0.933325 0.359034
1853.500000000 28.3151 0.974403 0 0 0 0.929326 0.36926
1854.800000000 27.5908 1.62049 0 0 0 0.936672 0.350209
1856.100000000 26.8233 2.2079 0 0 0 0.954201 0.299167
1857.500000000 25.9294 2.60708 0 0 0 0.989504 0.144506
1858.900000000 24.9503 2.62912 0 0 0 -0.998761 0.0497709
1859.700000000 24.8917 2.49539 0 0 0 -0.923968 0.382469
1860.400000000 25.0002 2.44113 0 0 0 -0.73713 0.675751
1861.000000000 25.1189 2.45237 0 0 0 -0.508761 0.860908
1861.600000000 25.2868 2.42289 0 0 0 -0.294597 0.955622
1862.900000000 26.1491 2.03366 0 0 0 -0.215677 0.976465
1864.300000000 27.0485 1.49034 0 0 0 -0.306522 0.951864
1865.700000000 27.8205 0.777029 0 0 0 -0.38118 0.924501
1867.000000000 28.5032 0.0793524 0 0 0 -0.387827 0.921732
1868.300000000 29.2006 -0.611946 0 0 0 -0.375163 0.926959
1869.600000000 29.9848 -1.16086 0 0 0 -0.254823 0.966988
1870.900000000 30.903 -1.4489 0 0 0 -0.085506 0.996338
1872.100000000 31.8034 -1.45687 0 0 0 0.00136393 0.999999
1873.500000000 32.8522 -1.41628 0 0 0 0.0290578 0.999578
1874.900000000 33.899 -1.35065 0 0 0 0.0359971 0.999352
1876.100000000 34.7842 -1.2322 0 0 0 0.0912948 0.995824
1877.500000000 35.806 -0.995882 0 0 0 0.087309 0.996181
1878.800000000 36.7801 -0.978223 0 0 0 -0.0127209 0.999919
1880.100000000 37.7504 -1.05529 0 0 0 -0.045083 0.998983
1881.300000000 38.6521 -1.13013 0 0 0 -0.0366449 0.999328
1882.400000000 39.5204 -1.13692 0 0 0 0.000987917 1
1884.200000000 40.8093 -1.04113 0 0 0 0.0532828 0.998579
1885.600000000 41.8587 -0.877126 0 0 0 0.0727312 0.997352
1886.900000000 42.835 -0.837438 0 0 0 -0.00142067 0.999999
1888.200000000 43.8038 -0.888286 0 0 0 -0.0344981 0.999405
1889.500000000 44.7712 -0.985916 0 0 0 -0.0499714 0.998751
1890.800000000 45.7487 -0.997047 0 0 0 0.0143924 0.999896
1892.300000000 46.5603 -0.698956 0 0 0 0.303793 0.952738
1893.600000000 46.9473 -0.0475755 0 0 0 0.54605 0.837752
1895.100000000 47.0518 0.975856 0 0 0 0.719519 0.694472
1896.400000000 46.9962 1.96908 0 0 0 0.72571 0.688001
1897.800000000 47.2283 2.91572 0 0 0 0.566076 0.824353
1899.500000000 47.3023 3.86467 0 0 0 0.773097 0.634288
1900.900000000 46.9011 4.78101 0 0 0 0.835377 0.549678
1902.300000000 46.6304 5.79768 0 0 0 0.764418 0.644721
1903.700000000 46.5494 6.84725 0 0 0 0.723609 0.69021
1905.100000000 46.5529 7.89966 0 0 0 0.697561 0.716525
1906.700000000 46.5616 9.09046 0 0 0 0.716375 0.697716
1908.100000000 46.4098 10.0504 0 0 0 0.799482 0.600691
1909.400000000 45.9327 10.799 0 0 0 0.901645 0.432477
1910.100000000 45.7967 10.7971 0 0 0 0.988337 0.152285
1910.800000000 45.806 10.6589 0 0 0 -0.98017 0.19816
1911.400000000 45.8521 10.5584 0 0 0 -0.880327 0.474368
1911.900000000 45.9292 10.4784 0 0 0 -0.757042 0.653367
1912.600000000 46.0692 10.4089 0 0 0 -0.527615 0.849483
1914.300000000 46.6772 9.62795 0 0 0 -0.518198 0.855261
1915.800000000 46.8992 8.60443 0 0 0 -0.653289 0.757108
1917.300000000 47.2365 7.72331 0 0 0 -0.476377 0.879241
1918.000000000 47.3797 7.71939 0 0 0 -0.204479 0.978871
1919.700000000 48.4223 7.65846 0 0 0 -0.0850166 0.99638
1920.900000000 48.9152 7.73117 0 0 0 0.191179 0.981555
1922.700000000 49.5807 8.56251 0 0 0 0.408026 0.91297
1924.000000000 50.2394 9.26226 0 0 0 0.400886 0.916128
1925.300000000 50.827 10.0356 0 0 0 0.476459 0.879196
1926.600000000 51.2089 10.9343 0 0 0 0.588675 0.80837
1927.900000000 51.2992 11.9022 0 0 0 0.707163 0.707051
1929.200000000 51.1152 12.8602 0 0 0 0.801535 0.597948
1930.400000000 50.7203 13.666 0 0 0 0.867694 0.497099
1931.800000000 50.0645 14.4795 0 0 0 0.918156 0.396219
1933.100000000 49.3541 15.1562 0 0 0 0.925323 0.37918
1934.300000000 48.7233 15.8028 0 0 0 0.917035 0.398806
1935.700000000 48.1164 16.646 0 0 0 0.875957 0.48239
1936.900000000 47.7388 17.4758 0 0 0 0.808995 0.587816
1938.200000000 47.7113 18.1901 0 0 0 0.617004 0.78696
1938.900000000 47.8267 18.1186 0 0 0 0.315232 0.949015
1939.500000000 47.9192 18.0183 0 0 0 0.0507698 0.99871
1940.200000000 48.0905 17.9146 0 0 0 -0.206909 0.97836
1941.800000000 48.8224 17.1572 0 0 0 -0.40555 0.914073
1943.100000000 49.4911 16.4485 0 0 0 -0.387369 0.921925
1944.300000000 50.1381 15.8179 0 0 0 -0.372072 0.928204
1945.700000000 50.8645 15.0394 0 0 0 -0.441373 0.897324
1947.000000000 51.2693 14.1661 0 0 0 -0.574121 0.818771
1948.300000000 51.4225 13.2039 0 0 0 -0.683245 0.730189
1949.700000000 51.3127 12.166 0 0 0 -0.76243 0.647071
1951.000000000 51.0849 11.2151 0 0 0 -0.800674 0.599101
1952.300000000 50.7668 10.306 0 0 0 -0.81523 0.579137
1953.600000000 50.7076 9.41917 0 0 0 -0.681572 0.731751
1955.100000000 51.0853 8.4245 0 0 0 -0.525944 0.850519
1956.500000000 51.546 7.63599 0 0 0 -0.551208 0.834368
1957.200000000 51.4434 7.52038 0 0 0 -0.769181 0.639031
1958.100000000 51.1876 7.17397 0 0 0 -0.89841 0.439158
1959.600000000 50.3696 6.453 0 0 0 -0.938005 0.346621
1960.900000000 49.6602 5.78052 0 0 0 -0.924422 0.381371
1962.200000000 48.9949 5.06915 0 0 0 -0.915505 0.402307
1963.500000000 48.3144 4.37106 0 0 0 -0.924266 0.38175
1964.700000000 47.692 3.71493 0 0 0 -0.911239 0.411877
1966.100000000 47.109 2.83693 0 0 0 -0.855167 0.518353
1967.300000000 46.8377 1.98042 0 0 0 -0.787392 0.616452
1968.700000000 46.7782 0.944781 0 0 0 -0.704867 0.70934
1970.000000000 46.7705 -0.0306099 0 0 0 -0.738557 0.674191
1971.400000000 46.3995 -0.831606 0 0 0 -0.8826 0.470125
1972.800000000 45.653 -1.56907 0 0 0 -0.942968 0.332884
1974.100000000 44.812 -2.0493 0 0 0 -0.975802 0.218655
1975.500000000 43.8195 -2.25786 0 0 0 -0.999243 0.0388987
1976.800000000 42.8554 -2.1986 0 0 0 0.99903 0.0440295
1978.200000000 41.8293 -2.10716 0 0 0 0.999229 0.0392491
1979.500000000 40.8559 -2.08414 0 0 0 0.999999 0.0012573
1980.800000000 39.8796 -2.08691 0 0 0 -0.999989 0.00472151
1982.100000000 38.9066 -2.09376 0 0 0 0.999985 0.00539995
1983.600000000 37.9259 -2.32451 0 0 0 -0.978009 0.208561
1985.100000000 37.1355 -3.01119 0 0 0 -0.921538 0.388289
1986.400000000 36.533 -3.75724 0 0 0 -0.8979 0.440199
1987.800000000 35.8087 -4.53638 0 0 0 -0.92348 0.383647
1989.100000000 35.1139 -5.22591 0 0 0 -0.926105 0.377267
1990.400000000 34.4214 -5.90934 0 0 0 -0.922912 0.38501
1991.700000000 33.7377 -6.60308 0 0 0 -0.922883 0.385081
1993.100000000 32.9969 -7.35179 0 0 0 -0.922954 0.384911
1994.400000000 32.3188 -8.0378 0 0 0 -0.923141 0.384463
1995.700000000 31.6352 -8.72756 0 0 0 -0.923206 0.384306
1997.000000000 30.9345 -9.42259 0 0 0 -0.923141 0.384462
1998.400000000 30.2035 -10.1677 0 0 0 -0.923072 0.384627
1999.700000000 29.5139 -10.8528 0 0 0 -0.92298 0.384849
2001.000000000 28.8349 -11.55 0 0 0 -0.922978 0.384853
2002.300000000 28.1504 -12.2483 0 0 0 -0.92301 0.384776
2003.600000000 27.4636 -12.9394 0 0 0 -0.923051 0.384677
2005.000000000 26.6943 -13.6828 0 0 0 -0.93318 0.359409
2006.200000000 25.9714 -14.1734 0 0 0 -0.969571 0.244811
2007.800000000 24.9166 -14.3434 0 0 0 -0.999998 0.00190092
2009.000000000 24.0028 -14.1867 0 0 0 0.996539 0.0831247
2010.400000000 22.9852 -13.9857 0 0 0 0.995776 0.0918139
2012.500000000 21.9436 -13.9749 0 0 0 -0.999923 0.0123854
2015.800000000 20.9945 -14.0224 0 0 0 -0.999581 0.0289519
2020.200000000 20.0363 -14.0899 0 0 0 -0.999441 0.0334303
2024.000000000 19.0798 -14.1137 0 0 0 -0.999963 0.00857027
2028.100000000 18.1068 -14.1206 0 0 0 -1 0.000268008
2031.800000000 17.1413 -14.1213 0 0 0 -1 0.000144639
2035.600000000 16.1513 -14.1216 0 0 0 -1 0.000160851
2040.100000000 15.1972 -14.1231 0 0 0 1 9.38556e-05
2042.100000000 14.1587 -14.056 0 0 0 0.998144 0.0608914
2043.400000000 13.227 -13.8154 0 0 0 0.990158 0.139956
2044.700000000 12.2862 -13.6393 0 0 0 0.997953 0.0639487
2047.000000000 11.2986 -13.6393 0 0 0 -0.999895 0.0145105
2051.100000000 10.3137 -13.67 0 0 0 -0.999946 0.010366
2053.500000000 9.35768 -13.354 0 0 0 0.965833 0.259164
2054.800000000 8.51358 -12.8467 0 0 0 0.966513 0.256619
2056.300000000 7.48781 -12.4884 0 0 0 0.99626 0.0864051
2057.700000000 6.62663 -12.5293 0 0 0 -0.999467 0.0326446
2059.500000000 5.56073 -12.6661 0 0 0 -0.999854 0.017074
2060.900000000 4.6517 -12.4439 0 0 0 0.983411 0.181391
2062.400000000 3.83845 -11.7896 0 0 0 0.926748 0.375685
2064.300000000 3.19448 -11.1019 0 0 0 0.91546 0.40241
2068.300000000 2.54677 -10.43 0 0 0 0.920312 0.391186
2072.900000000 1.88504 -9.74407 0 0 0 0.922276 0.386532
2077.400000000 1.17392 -9.05819 0 0 0 0.933548 0.358454
2078.900000000 0.296287 -8.47876 0 0 0 0.97239 0.233362
2080.200000000 -0.634373 -8.24766 0 0 0 0.997597 0.0692901
2081.400000000 -1.60158 -8.28036 0 0 0 -0.998835 0.0482543
2083.100000000 -2.7648 -8.49504 0 0 0 -0.998162 0.0606079
2084.400000000 -3.7379 -8.49087 0 0 0 0.999574 0.0291803
2085.700000000 -4.70201 -8.37401 0 0 0 0.99835 0.0574207
2087.300000000 -5.69845 -8.31762 0 0 0 0.999906 0.0136785
2089.400000000 -6.75463 -8.41249 0 0 0 -0.992658 0.120952
2090.700000000 -7.64844 -8.78558 0 0 0 -0.985203 0.171393
2092.000000000 -8.46587 -8.99807 0 0 0 -0.996074 0.0885201
2093.300000000 -9.52616 -9.06079 0 0 0 0.999127 0.0417821
2094.600000000 -10.472 -8.83587 0 0 0 0.993097 0.117299
2096.200000000 -11.5341 -8.68897 0 0 0 0.999909 0.0134666
2097.600000000 -12.4274 -8.72723 0 0 0 -0.99946 0.0328551
2099.000000000 -13.4647 -8.86156 0 0 0 -0.997869 0.0652494
2100.300000000 -14.423 -9.0184 0 0 0 -0.995532 0.0944289
2101.600000000 -15.3619 -9.27191 0 0 0 -0.987493 0.157664
2102.900000000 -16.186 -9.74739 0 0 0 -0.949745 0.313023
2104.200000000 -16.8369 -10.4668 0 0 0 -0.917154 0.398533
2105.600000000 -17.597 -11.1866 0 0 0 -0.924181 0.381956
2107.000000000 -18.4145 -11.8508 0 0 0 -0.963252 0.2686
2108.400000000 -19.3852 -12.1287 0 0 0 -0.996748 0.0805836
2109.700000000 -20.3589 -12.1421 0 0 0 0.999883 0.0152639
2111.000000000 -21.3298 -12.0849 0 0 0 0.999564 0.0295111
2112.300000000 -22.303 -12.0338 0 0 0 0.999945 0.0104605
2113.600000000 -23.2767 -12.0265 0 0 0 0.999993 0.00370036
2114.900000000 -24.2598 -11.9957 0 0 0 0.999425 0.033904
2116.300000000 -25.2056 -11.7455 0 0 0 0.978501 0.206243
2117.800000000 -25.9582 -11.0602 0 0 0 0.901434 0.432916
2118.900000000 -26.0815 -10.6399 0 0 0 0.715007 0.699117
2119.600000000 -25.9158 -10.5547 0 0 0 0.493813 0.869568
2121.000000000 -25.257 -9.735 0 0 0 0.418722 0.908114
2122.200000000 -24.6025 -9.13769 0 0 0 0.318493 0.947925
2123.700000000 -23.6091 -8.74676 0 0 0 0.108658 0.994079
2125.000000000 -22.6481 -8.75705 0 0 0 -0.0433147 0.999061
2126.200000000 -21.7745 -8.87235 0 0 0 -0.0567819 0.998387
2128.800000000 -20.7537 -8.92505 0 0 0 -0.0170295 0.999855
2132.200000000 -19.7967 -8.93544 0 0 0 -0.00310868 0.999995
2136.500000000 -18.8367 -8.94058 0 0 0 -0.00271719 0.999996
2140.100000000 -17.9003 -8.94574 0 0 0 -0.00268041 0.999996
2143.800000000 -16.9473 -8.95076 0 0 0 -0.00264469 0.999997
2147.700000000 -15.9138 -8.94392 0 0 0 0.0121849 0.999926
2152.200000000 -14.9063 -8.92519 0 0 0 0.00558819 0.999984
2154.500000000 -13.9149 -8.92464 0 0 0 -0.0039032 0.999992
2156.200000000 -12.9134 -9.07013 0 0 0 -0.101154 0.994871
2157.600000000 -11.916 -9.32483 0 0 0 -0.117054 0.993126
2158.900000000 -10.9403 -9.41966 0 0 0 -0.0353455 0.999375
2160.200000000 -9.96961 -9.36671 0 0 0 0.0612211 0.998124
2161.500000000 -8.98898 -9.27478 0 0 0 0.00108159 0.999999
2162.800000000 -8.00838 -9.33617 0 0 0 -0.0414979 0.999139
2164.000000000 -7.11849 -9.41499 0 0 0 -0.0407898 0.999168
2165.300000000 -6.14553 -9.45755 0 0 0 -0.00224808 0.999997
2166.700000000 -5.09307 -9.40346 0 0 0 0.025735 0.999669
2168.000000000 -4.12059 -9.37119 0 0 0 0.00106316 0.999999
2169.400000000 -3.07093 -9.47667 0 0 0 -0.0668578 0.997763
2170.700000000 -2.10767 -9.59246 0 0 0 -0.0666243 0.997778
2172.000000000 -1.12606 -9.67716 0 0 0 -0.0168059 0.999859
2173.300000000 -0.143511 -9.64688 0 0 0 0.0358426 0.999357
2174.600000000 0.828118 -9.58698 0 0 0 0.029151 0.999575
2175.900000000 1.79217 -9.56606 0 0 0 -0.00257262 0.999997
2177.200000000 2.76592 -9.56807 0 0 0 -0.00578807 0.999983
2178.500000000 3.73956 -9.57916 0 0 0 -0.00246478 0.999997
2179.800000000 4.72326 -9.58259 0 0 0 0.00375432 0.999993
2181.000000000 5.62693 -9.57513 0 0 0 0.00378706 0.999993
2182.400000000 6.64011 -9.70981 0 0 0 -0.141584 0.989926
2183.500000000 7.48792 -10.245 0 0 0 -0.269105 0.963111
2185.400000000 8.34734 -10.9448 0 0 0 -0.25897 0.965885
2186.500000000 8.90642 -11.0091 0 0 0 0.00431405 0.999991
2188.100000000 9.8499 -10.6189 0 0 0 0.223798 0.974635
2189.300000000 10.685 -10.3286 0 0 0 0.10293 0.994689
2190.700000000 11.7272 -10.3512 0 0 0 -0.0617381 0.998092
2192.100000000 12.6518 -10.6631 0 0 0 -0.242657 0.970112
2193.400000000 13.1111 -10.7737 0 0 0 0.063186 0.998002
2194.000000000 13.1435 -10.6522 0 0 0 0.317455 0.948273
2194.600000000 13.0877 -10.5578 0 0 0 0.568028 0.823009
2195.200000000 12.9712 -10.5509 0 0 0 0.785874 0.618386
2195.800000000 12.8131 -10.5024 0 0 0 0.909119 0.416537
2197.300000000 12.3487 -10.1668 0 0 0 0.995107 0.0988022
2198.000000000 12.321 -10.2871 0 0 0 -0.972982 0.23088
2198.600000000 12.3802 -10.389 0 0 0 -0.869196 0.494468
2199.100000000 12.4689 -10.432 0 0 0 -0.725271 0.688464
2199.800000000 12.5966 -10.4315 0 0 0 -0.461544 0.887117
2200.500000000 12.7795 -10.4084 0 0 0 -0.195681 0.980668
2202.300000000 13.6261 -10.4509 0 0 0 0.0715256 0.997439
2206.200000000 14.3364 -10.4685 0 0 0 -0.285569 0.958358
2206.800000000 14.3169 -10.5953 0 0 0 -0.519566 0.85443
2207.600000000 14.2027 -10.7261 0 0 0 -0.774831 0.632168
2208.400000000 13.9863 -10.872 0 0 0 -0.919938 0.392063
2209.700000000 13.384 -11.6065 0 0 0 -0.876602 0.481215
2211.200000000 13.1596 -12.5658 0 0 0 -0.728725 0.684807
2212.800000000 13.4505 -13.6008 0 0 0 -0.52981 0.848116
2214.300000000 14.1396 -14.2387 0 0 0 -0.276154 0.961113
2215.500000000 14.7497 -14.3654 0 0 0 0.00304529 0.999995
2216.200000000 14.8123 -14.2268 0 0 0 0.296995 0.954879
2217.800000000 15.5061 -13.4146 0 0 0 0.375709 0.926738
2219.000000000 16.2576 -12.9085 0 0 0 0.257647 0.966239
2220.400000000 17.2517 -12.6047 0 0 0 0.0880171 0.996119
2222.000000000 18.2202 -12.6294 0 0 0 -0.0416344 0.999133
2224.700000000 19.1969 -12.7404 0 0 0 -0.0536325 0.998561
2228.400000000 20.2284 -12.8152 0 0 0 -0.0239305 0.999714
2229.600000000 21.1314 -12.812 0 0 0 0.00703008 0.999975
2230.900000000 22.105 -12.8077 0 0 0 0.00254313 0.999997
2232.300000000 23.1585 -12.8032 0 0 0 0.00258975 0.999997
2233.500000000 24.0523 -12.799 0 0 0 0.00264719 0.999996
2234.900000000 25.1006 -12.7868 0 0 0 0.0210037 0.999779
2236.200000000 26.061 -12.6436 0 0 0 0.102678 0.994715
2237.700000000 26.8597 -12.1297 0 0 0 0.365567 0.930785
2239.200000000 27.5831 -11.4337 0 0 0 0.298913 0.95428
2240.700000000 28.5113 -11.1567 0 0 0 0.0509597 0.998701
2242.100000000 29.4744 -11.0551 0 0 0 0.130924 0.991392
2243.400000000 30.2113 -10.583 0 0 0 0.328731 0.944423
2245.000000000 30.9809 -9.71893 0 0 0 0.418408 0.908259
2246.300000000 31.6265 -8.97996 0 0 0 0.406758 0.913536
2247.600000000 32.319 -8.28627 0 0 0 0.379026 0.925386
2248.900000000 33.011 -7.60257 0 0 0 0.37898 0.925405
2250.300000000 33.7659 -6.86704 0 0 0 0.378983 0.925404
2251.500000000 34.4049 -6.24124 0 0 0 0.379051 0.925376
2252.900000000 35.159 -5.50415 0 0 0 0.379116 0.925349
2254.200000000 35.8434 -4.81983 0 0 0 0.38307 0.923719
2255.800000000 36.6837 -3.95551 0 0 0 0.392639 0.919693
2257.300000000 37.4497 -3.14108 0 0 0 0.404061 0.914732
2258.500000000 38.0697 -2.49107 0 0 0 0.370596 0.928794
2259.900000000 38.9126 -1.86231 0 0 0 0.286546 0.958067
2261.100000000 39.7068 -1.43694 0 0 0 0.224794 0.974406
2262.500000000 40.6856 -1.0633 0 0 0 0.144087 0.989565
2263.700000000 41.5693 -0.917079 0 0 0 0.0607814 0.998151
2265.000000000 42.549 -0.874923 0 0 0 0.00558321 0.999984
2266.400000000 43.6025 -0.881803 0 0 0 -0.00111602 0.999999
2267.600000000 44.4968 -0.880888 0 0 0 -0.000796724 1
2269.000000000 45.5498 -0.863298 0 0 0 0.0224739 0.999747
2270.300000000 46.5095 -0.734519 0 0 0 0.0803864 0.996764
2271.700000000 47.5429 -0.540872 0 0 0 0.0972071 0.995264
2273.100000000 48.5773 -0.346863 0 0 0 0.0800259 0.996793
2274.700000000 49.3414 -0.373455 0 0 0 -0.245711 0.969343
2275.300000000 49.2649 -0.463131 0 0 0 -0.516873 0.856062
2276.000000000 49.1862 -0.597609 0 0 0 -0.740667 0.671873
2276.800000000 48.9766 -0.860268 0 0 0 -0.879877 0.475201
2278.200000000 48.2367 -1.47611 0 0 0 -0.948766 0.315981
2279.600000000 47.3133 -1.98693 0 0 0 -0.976608 0.215027
2281.000000000 46.3158 -2.28234 0 0 0 -0.995843 0.0910875
2282.300000000 45.3496 -2.25351 0 0 0 0.998453 0.055604
2283.600000000 44.3817 -2.14171 0 0 0 0.997998 0.0632432
2284.900000000 43.4123 -2.0648 0 0 0 0.999858 0.0168536
2286.300000000 42.3587 -2.07058 0 0 0 -0.999951 0.00987637
2287.600000000 41.3859 -2.07943 0 0 0 1 0.000716858
2288.900000000 40.4149 -2.07248 0 0 0 0.999998 0.00203131
2290.300000000 39.3577 -2.08137 0 0 0 -0.999983 0.00589106
2291.600000000 38.3929 -2.19382 0 0 0 -0.996221 0.0868551
2293.100000000 37.5595 -2.64268 0 0 0 -0.940422 0.340009
2294.600000000 37.0877 -3.48616 0 0 0 -0.818932 0.573891
2295.900000000 36.9448 -4.45029 0 0 0 -0.724217 0.689572
2297.200000000 37.0856 -5.42184 0 0 0 -0.620752 0.784007
2298.600000000 37.5096 -6.37821 0 0 0 -0.525062 0.851064
2299.500000000 37.4654 -6.70939 0 0 0 -0.744665 0.667438
2300.500000000 37.1799 -7.13679 0 0 0 -0.885366 0.464895
2301.800000000 36.5097 -7.82409 0 0 0 -0.927189 0.374594
2303.100000000 35.774 -8.47236 0 0 0 -0.942456 0.334331
2304.400000000 34.9882 -9.03835 0 0 0 -0.952433 0.304747
2306.000000000 34.1966 -9.53064 0 0 0 -0.963277 0.268511
2307.500000000 33.3607 -10.0877 0 0 0 -0.952746 0.303767
2308.800000000 32.6151 -10.721 0 0 0 -0.930313 0.366765
2310.100000000 31.9571 -11.4415 0 0 0 -0.908369 0.418169
2311.400000000 31.3038 -12.1659 0 0 0 -0.916777 0.3994
2312.700000000 30.6335 -12.8576 0 0 0 -0.925435 0.378907
2314.000000000 29.9365 -13.5414 0 0 0 -0.925428 0.378923
2315.300000000 29.2371 -14.2296 0 0 0 -0.925424 0.378933
2316.600000000 28.5494 -14.8895 0 0 0 -0.937517 0.347938
2317.300000000 28.4531 -14.8279 0 0 0 -0.999046 0.043672
2317.900000000 28.4683 -14.7053 0 0 0 0.968411 0.24936
2318.500000000 28.5329 -14.626 0 0 0 0.853847 0.520524
2319.100000000 28.641 -14.5955 0 0 0 0.665323 0.746556
2319.900000000 28.839 -14.3725 0 0 0 0.458203 0.888848
2321.300000000 29.6019 -13.7101 0 0 0 0.348745 0.937218
2322.700000000 30.417 -13.0483 0 0 0 0.350275 0.936647
2324.100000000 31.1587 -12.299 0 0 0 0.392931 0.919568
2325.400000000 31.8282 -11.6062 0 0 0 0.388388 0.921496
2326.700000000 32.5076 -10.9102 0 0 0 0.38705 0.922059
2327.900000000 33.1149 -10.2503 0 0 0 0.403607 0.914932
2328.800000000 33.1309 -10.0558 0 0 0 0.69482 0.719183
2329.400000000 33.0134 -10.0771 0 0 0 0.876311 0.481746
2330.000000000 32.9376 -10.1673 0 0 0 0.979529 0.201305
2330.600000000 32.832 -10.2567 0 0 0 -0.998721 0.0505522
2331.400000000 32.6089 -10.4539 0 0 0 -0.953731 0.300662
2332.800000000 31.8828 -11.2104 0 0 0 -0.910915 0.412594
2334.100000000 31.2335 -11.9282 0 0 0 -0.914975 0.403511
2335.400000000 30.5518 -12.6237 0 0 0 -0.925832 0.377934
2336.700000000 29.8584 -13.3005 0 0 0 -0.924278 0.38172
2338.000000000 29.1768 -13.9971 0 0 0 -0.922872 0.385108
2339.300000000 28.4878 -14.6951 0 0 0 -0.922861 0.385132
2340.700000000 27.7291 -15.4085 0 0 0 -0.942085 0.335375
2342.000000000 26.8702 -15.8612 0 0 0 -0.98209 0.188412
2343.600000000 25.9899 -16.0061 0 0 0 -0.999183 0.0404097
2346.800000000 25.1164 -15.8772 0 0 0 0.956288 0.292427
2347.400000000 25.1461 -15.7886 0 0 0 0.83384 0.552006
2348.000000000 25.2674 -15.711 0 0 0 0.656525 0.754304
2348.900000000 25.5545 -15.4047 0 0 0 0.452484 0.891773
2350.300000000 26.2892 -14.7215 0 0 0 0.357036 0.934091
2351.700000000 27.0446 -13.9848 0 0 0 0.386026 0.922488
2353.000000000 27.7126 -13.2855 0 0 0 0.389737 0.920926
2354.400000000 28.4611 -12.5442 0 0 0 0.379087 0.925361
2355.700000000 29.155 -11.865 0 0 0 0.379094 0.925358
2357.000000000 29.8464 -11.1771 0 0 0 0.379135 0.925342
2358.300000000 30.5379 -10.4931 0 0 0 0.379155 0.925333
2359.700000000 31.2875 -9.75945 0 0 0 0.379084 0.925362
2361.000000000 31.9816 -9.07301 0 0 0 0.378943 0.92542
2362.400000000 32.7306 -8.3363 0 0 0 0.375935 0.926646
2363.700000000 33.4471 -7.6794 0 0 0 0.357585 0.933881
2365.100000000 34.2868 -7.18178 0 0 0 0.182553 0.983196
2366.500000000 35.2425 -7.12731 0 0 0 -0.0260291 0.999661
2367.900000000 36.2891 -7.2568 0 0 0 -0.0595423 0.998226
2369.200000000 37.2601 -7.33984 0 0 0 -0.0340591 0.99942
2370.500000000 38.2296 -7.38632 0 0 0 -0.0107632 0.999942
2371.800000000 39.2053 -7.35273 0 0 0 0.0249797 0.999688
2373.000000000 40.1096 -7.32661 0 0 0 0.00800202 0.999968
2374.400000000 41.1538 -7.33046 0 0 0 0.000632183 1
2375.700000000 42.1267 -7.33113 0 0 0 0.000783757 1
2377.000000000 42.6038 -7.45972 0 0 0 -0.339245 0.940698
2377.600000000 42.5118 -7.53029 0 0 0 -0.598458 0.801154
2378.100000000 42.3955 -7.53405 0 0 0 -0.774813 0.63219
2379.200000000 42.0096 -7.89337 0 0 0 -0.925918 0.377726
2380.500000000 41.2471 -8.47238 0 0 0 -0.954865 0.29704
2382.000000000 40.2652 -9.01582 0 0 0 -0.973786 0.227466
2383.500000000 39.5925 -9.18467 0 0 0 0.994592 0.10386
2384.100000000 39.6366 -9.07759 0 0 0 0.921266 0.388932
2384.700000000 39.7329 -9.01549 0 0 0 0.768148 0.640273
2385.300000000 39.8526 -8.99402 0 0 0 0.558486 0.829514
2386.200000000 40.1402 -8.77002 0 0 0 0.315423 0.948951
2387.700000000 41.0767 -8.28213 0 0 0 0.249139 0.968468
2389.000000000 41.9506 -7.85215 0 0 0 0.214859 0.976645
2390.300000000 42.8724 -7.53775 0 0 0 0.139524 0.990219
2391.600000000 43.8295 -7.35647 0 0 0 0.0730861 0.997326
2392.800000000 44.7326 -7.27742 0 0 0 0.0129025 0.999917
2394.200000000 45.7865 -7.30862 0 0 0 -0.00900289 0.999959
2396.000000000 46.5846 -7.18003 0 0 0 0.338566 0.940943
2396.600000000 46.4858 -7.12528 0 0 0 0.602903 0.797814
2397.200000000 46.3577 -7.12808 0 0 0 0.810725 0.585428
2397.800000000 46.2616 -7.18669 0 0 0 0.947521 0.319693
2398.400000000 46.2013 -7.29745 0 0 0 0.999293 0.0376092
2399.100000000 45.9945 -7.40693 0 0 0 -0.979681 0.20056
2400.600000000 45.2834 -8.10939 0 0 0 -0.900403 0.435056
2402.200000000 44.7707 -9.03079 0 0 0 -0.893346 0.449369
2403.400000000 44.187 -9.35531 0 0 0 -0.980482 0.196609
2404.800000000 43.2498 -9.42841 0 0 0 0.999813 0.0193327
2406.200000000 42.2093 -9.26493 0 0 0 0.996604 0.0823386
2407.500000000 41.2528 -9.09324 0 0 0 0.995722 0.0923967
2408.800000000 40.2812 -9.06086 0 0 0 -0.999519 0.0310028
2410.100000000 39.3186 -9.24241 0 0 0 -0.991979 0.1264
2411.300000000 38.4688 -9.52619 0 0 0 -0.986217 0.165457
2412.700000000 37.4477 -9.78177 0 0 0 -0.996257 0.0864425
2414.100000000 36.4008 -9.83072 0 0 0 0.999948 0.0101748
2415.400000000 35.4325 -9.74495 0 0 0 0.998957 0.0456501
2416.700000000 34.4519 -9.70917 0 0 0 -0.999991 0.00432686
2418.200000000 33.5694 -9.88975 0 0 0 -0.988159 0.153431
2419.700000000 32.6598 -10.4686 0 0 0 -0.940479 0.339852
2420.900000000 32.0304 -11.1139 0 0 0 -0.918161 0.396207
2422.300000000 31.306 -11.8709 0 0 0 -0.922988 0.384829
2423.500000000 30.662 -12.5025 0 0 0 -0.925268 0.379314
2424.900000000 29.916 -13.2393 0 0 0 -0.925262 0.379329
2426.200000000 29.2206 -13.9266 0 0 0 -0.925258 0.379338
2427.400000000 28.5817 -14.5552 0 0 0 -0.925247 0.379366
2428.800000000 27.8192 -15.2786 0 0 0 -0.937497 0.347994
2430.100000000 26.9893 -15.7776 0 0 0 -0.975802 0.218657
2431.600000000 26.0875 -15.9898 0 0 0 -0.997839 0.0657023
2433.400000000 25.1451 -15.9723 0 0 0 0.99895 0.0458232
2435.100000000 24.1518 -15.8336 0 0 0 0.997915 0.0645358
2439.000000000 23.2169 -15.7698 0 0 0 0.999787 0.0206477
2443.900000000 22.2497 -15.7577 0 0 0 0.999999 0.00138254
2448.300000000 21.2862 -15.7871 0 0 0 -0.999956 0.00933259
2450.800000000 20.2455 -15.886 0 0 0 -0.9942 0.10755
2452.100000000 19.299 -16.1396 0 0 0 -0.994096 0.108507
2454.000000000 18.3577 -16.2688 0 0 0 -0.999165 0.0408682
2456.600000000 17.3289 -16.1579 0 0 0 0.994842 0.10144
2457.900000000 16.3825 -15.8935 0 0 0 0.990501 0.137509
2459.600000000 15.4541 -15.7242 0 0 0 0.997917 0.0645164
2463.500000000 14.5068 -15.679 0 0 0 -0.999997 0.0025895
2468.000000000 13.5653 -15.7246 0 0 0 -0.999655 0.0262538
2472.300000000 12.5881 -15.7853 0 0 0 -0.999423 0.0339623
2476.700000000 11.6208 -15.8585 0 0 0 -0.999366 0.0356067
2481.100000000 10.6678 -15.9029 0 0 0 -0.999966 0.00827604
2485.400000000 9.69398 -15.8721 0 0 0 0.999715 0.023853
2490.300000000 8.71976 -15.839 0 0 0 0.99988 0.0154814
2494.600000000 7.76622 -15.8277 0 0 0 0.99999 0.00450665
2499.100000000 6.78278 -15.8541 0 0 0 -0.999088 0.0426971
2500.500000000 5.74138 -16.0425 0 0 0 -0.994993 0.099949
2502.700000000 4.75488 -16.1784 0 0 0 -0.999004 0.044625
2504.400000000 3.72597 -16.0552 0 0 0 0.994485 0.104876
2506.100000000 2.83523 -15.847 0 0 0 0.994232 0.107254
2508.100000000 1.79641 -15.7361 0 0 0 0.999708 0.0241599
2510.200000000 0.863109 -15.7721 0 0 0 -0.999503 0.0315292
2512.400000000 -0.150684 -15.792 0 0 0 -0.999971 0.00767237
2514.100000000 -1.06227 -15.7971 0 0 0 -1 7.83482e-06
2516.600000000 -2.05473 -15.8023 0 0 0 -0.999881 0.0154158
2520.700000000 -3.0701 -15.9056 0 0 0 -0.998497 0.0548087
2524.400000000 -4.03564 -15.9542 0 0 0 -0.999754 0.0221927
2527.500000000 -5.00403 -15.9729 0 0 0 -0.999988 0.00484043
2529.500000000 -6.01961 -15.942 0 0 0 0.999644 0.0266973
2531.200000000 -6.96927 -15.9085 0 0 0 0.999968 0.00794352
2534.000000000 -7.9279 -15.9043 0 0 0 0.999995 0.00325336
2536.900000000 -8.90461 -15.8984 0 0 0 0.999994 0.00332132
2538.600000000 -9.81051 -15.8924 0 0 0 0.999994 0.00337846
2541.400000000 -10.7978 -15.8861 0 0 0 0.999994 0.00344138
2544.400000000 -11.7255 -15.8793 0 0 0 0.999994 0.00351042
2548.300000000 -12.778 -15.8723 0 0 0 0.999993 0.00360867
2551.400000000 -13.7547 -15.8847 0 0 0 -0.999995 0.00322935
2554.300000000 -14.6866 -15.8874 0 0 0 -1 0.000857534
2558.000000000 -15.672 -15.8895 0 0 0 -1 0.00082368
2560.800000000 -16.6655 -15.8918 0 0 0 -1 0.000766217
2562.200000000 -17.7063 -15.895 0 0 0 -1 0.000603616
2563.600000000 -18.7573 -15.9064 0 0 0 -0.999983 0.00589461
2564.800000000 -19.6616 -15.9179 0 0 0 -0.999981 0.00611708
2566.100000000 -20.6357 -15.9256 0 0 0 -0.999997 0.00241845
2567.800000000 -21.906 -15.9284 0 0 0 -0.999998 0.00182616
2569.300000000 -22.8752 -15.7348 0 0 0 0.980531 0.196364
2570.900000000 -23.5942 -15.0154 0 0 0 0.885486 0.464665
2572.400000000 -23.9123 -14.001 0 0 0 0.772325 0.635228
2573.700000000 -24.1995 -13.0944 0 0 0 0.841212 0.540706
2575.100000000 -24.8359 -12.2948 0 0 0 0.918855 0.394595
2576.400000000 -25.6446 -11.7109 0 0 0 0.952827 0.303513
2577.700000000 -26.3623 -11.0569 0 0 0 0.925614 0.37847
2579.100000000 -27.0857 -10.3066 0 0 0 0.920616 0.390469
2580.400000000 -27.7661 -9.60996 0 0 0 0.924527 0.381117
2581.400000000 -28.3308 -9.04758 0 0 0 0.925314 0.379201
2583.000000000 -29.1937 -8.24444 0 0 0 0.924956 0.380075
2584.300000000 -29.7871 -7.48512 0 0 0 0.882379 0.47054
2585.600000000 -30.2219 -6.61822 0 0 0 0.834969 0.550297
2586.900000000 -30.496 -5.68532 0 0 0 0.809286 0.587415
2588.400000000 -30.9777 -4.82125 0 0 0 0.913503 0.406833
2589.100000000 -31.1468 -4.83292 0 0 0 0.990486 0.137611
2590.600000000 -32.1537 -4.85573 0 0 0 -0.999827 0.018575
2591.800000000 -33.054 -4.91856 0 0 0 -0.999248 0.0387622
2593.200000000 -34.0874 -5.09666 0 0 0 -0.995539 0.0943501
2594.400000000 -34.9559 -5.29475 0 0 0 -0.986596 0.163182
2595.300000000 -35.1147 -5.48424 0 0 0 -0.885215 0.465182
2595.900000000 -35.0018 -5.51948 0 0 0 -0.7082 0.706012
2596.500000000 -34.8988 -5.49442 0 0 0 -0.468281 0.88358
2597.100000000 -34.8265 -5.41205 0 0 0 -0.186444 0.982466
2597.700000000 -34.7186 -5.32381 0 0 0 0.0615046 0.998107
2599.300000000 -33.8817 -4.81222 0 0 0 0.249054 0.96849
2600.700000000 -32.9407 -4.32974 0 0 0 0.205974 0.978557
2602.100000000 -32.0065 -4.21578 0 0 0 -0.0158515 0.999874
2603.600000000 -31.0456 -4.55489 0 0 0 -0.210077 0.977685
2604.900000000 -30.1323 -4.83159 0 0 0 -0.100211 0.994966
2606.900000000 -29.1741 -4.85306 0 0 0 0.0234417 0.999725
2610.700000000 -28.2276 -4.77616 0 0 0 0.0365096 0.999333
2615.400000000 -27.2658 -4.71673 0 0 0 0.0214439 0.99977
2620.200000000 -26.305 -4.69732 0 0 0 0.00557576 0.999984
2624.500000000 -25.3187 -4.70623 0 0 0 -0.0015245 0.999999
2627.900000000 -24.3322 -4.70893 0 0 0 -0.00168215 0.999999
2629.600000000 -23.3345 -4.71194 0 0 0 -0.00213274 0.999998
2631.000000000 -22.2817 -4.71592 0 0 0 -0.00270614 0.999996
2632.400000000 -21.229 -4.72114 0 0 0 -0.00288613 0.999996
2633.800000000 -20.1749 -4.7266 0 0 0 -0.00306973 0.999995
2635.300000000 -19.2171 -4.89797 0 0 0 -0.172195 0.985063
2636.800000000 -18.422 -5.54157 0 0 0 -0.368656 0.929566
2638.100000000 -17.639 -6.21924 0 0 0 -0.407299 0.913295
2639.400000000 -16.9681 -6.92713 0 0 0 -0.387332 0.92194
2640.700000000 -16.2641 -7.60036 0 0 0 -0.356907 0.93414
2642.000000000 -15.4833 -8.19171 0 0 0 -0.300758 0.9537
2643.600000000 -14.6034 -8.71325 0 0 0 -0.253179 0.967419
2645.400000000 -13.6506 -9.05916 0 0 0 -0.131946 0.991257
2647.300000000 -12.7961 -9.3412 0 0 0 -0.170955 0.985279
2649.300000000 -11.9672 -9.87706 0 0 0 -0.312907 0.949784
2650.600000000 -11.0962 -10.5367 0 0 0 -0.400197 0.916429
2652.000000000 -10.383 -11.3097 0 0 0 -0.393252 0.919431
2653.200000000 -9.76058 -11.9547 0 0 0 -0.386634 0.922233
2654.600000000 -9.02295 -12.7048 0 0 0 -0.386703 0.922204
2655.900000000 -8.32999 -13.3898 0 0 0 -0.37815 0.925744
2657.200000000 -7.65795 -13.9551 0 0 0 -0.275904 0.961185
2658.900000000 -6.75545 -14.2674 0 0 0 -0.115158 0.993347
2662.500000000 -5.80117 -14.3507 0 0 0 -0.0159854 0.999872
2664.800000000 -4.7684 -14.3008 0 0 0 0.0297064 0.999559
2666.100000000 -3.7973 -14.2371 0 0 0 0.0370166 0.999315
2668.100000000 -2.8596 -14.2037 0 0 0 0.0105216 0.999945
2672.100000000 -1.88329 -14.202 0 0 0 -0.00194875 0.999998
2676.600000000 -0.916771 -14.2093 0 0 0 -0.00406356 0.999992
2681.000000000 0.0378319 -14.2166 0 0 0 -0.0041901 0.999991
2685.500000000 0.98893 -14.224 0 0 0 -0.00431809 0.999991
2690.300000000 1.95867 -14.2441 0 0 0 -0.0210908 0.999778
2695.000000000 2.91811 -14.2818 0 0 0 -0.0130464 0.999915
2699.800000000 3.86306 -14.2997 0 0 0 -0.00942698 0.999956
2704.700000000 4.834 -14.3178 0 0 0 -0.00952703 0.999955
2709.600000000 5.78844 -14.3358 0 0 0 -0.00988549 0.999951
2714.100000000 6.72468 -14.3543 0 0 0 -0.0102368 0.999948
2719.100000000 7.70608 -14.3741 0 0 0 -0.0105907 0.999944
2723.900000000 8.66699 -14.3943 0 0 0 -0.0109395 0.99994
2728.800000000 9.63361 -14.4153 0 0 0 -0.0110489 0.999939
2733.700000000 10.602 -14.4366 0 0 0 -0.0113815 0.999935
2738.400000000 11.5668 -14.4585 0 0 0 -0.0117168 0.999931
2743.300000000 12.5357 -14.4811 0 0 0 -0.0118318 0.99993
2748.300000000 13.5162 -14.5043 0 0 0 -0.0119734 0.999928
2753.200000000 14.5194 -14.5078 0 0 0 0.00820356 0.999966
2755.100000000 15.5834 -14.4664 0 0 0 0.0282762 0.9996
2756.400000000 16.5314 -14.4028 0 0 0 0.0297883 0.999556
2759.300000000 17.5329 -14.3914 0 0 0 0.00107235 0.999999
2763.900000000 18.4936 -14.4173 0 0 0 -0.0242384 0.999706
2768.400000000 19.4589 -14.4644 0 0 0 -0.0183471 0.999832
2772.700000000 20.4224 -14.4914 0 0 0 -0.011629 0.999932
2777.200000000 21.3741 -14.5151 0 0 0 -0.0115689 0.999933
2782.100000000 22.3429 -14.54 0 0 0 -0.011499 0.999934
2787.100000000 23.3289 -14.564 0 0 0 -0.0112623 0.999937
2791.500000000 24.2197 -14.5862 0 0 0 -0.0110064 0.999939
2796.800000000 25.2681 -14.6122 0 0 0 -0.0106961 0.999943
2799.700000000 26.2463 -14.6346 0 0 0 -0.0103485 0.999946
2801.100000000 27.3068 -14.6413 0 0 0 -0.0129546 0.999916
2802.400000000 28.2803 -14.6667 0 0 0 -0.0129998 0.999915
2803.400000000 29.2326 -14.6801 0 0 0 -0.0132992 0.999912
2805.100000000 29.8045 -14.8266 0 0 0 -0.350723 0.936479
2805.600000000 29.7079 -14.8907 0 0 0 -0.56798 0.823043
2806.300000000 29.6089 -14.9029 0 0 0 -0.813188 0.582
2807.300000000 29.1685 -15.2734 0 0 0 -0.928809 0.370558
2808.500000000 28.4982 -15.8439 0 0 0 -0.945475 0.325695
2809.900000000 27.6446 -16.4453 0 0 0 -0.956927 0.290329
2811.500000000 26.6759 -16.86 0 0 0 -0.995028 0.0995946
2813.000000000 25.6454 -16.7702 0 0 0 0.995894 0.0905286
2814.300000000 24.6858 -16.525 0 0 0 0.994806 0.101784
2817.100000000 23.7917 -16.4556 0 0 0 0.999808 0.0195858
2821.800000000 22.8192 -16.4711 0 0 0 -0.999909 0.0134685
2826.000000000 21.8406 -16.5148 0 0 0 -0.999863 0.0165657
2830.400000000 20.88 -16.5275 0 0 0 0.999996 0.00297256
2835.400000000 19.8885 -16.5102 0 0 0 0.999962 0.00871504
2840.300000000 18.9273 -16.4849 0 0 0 0.999967 0.00816398
2845.200000000 17.9619 -16.4693 0 0 0 0.999967 0.00816612
2850.100000000 16.973 -16.4532 0 0 0 0.999967 0.00816968
2854.700000000 16.034 -16.4379 0 0 0 0.999967 0.00817629
2859.700000000 15.0564 -16.4242 0 0 0 0.999966 0.00819101
2864.600000000 14.0979 -16.4076 0 0 0 0.999966 0.00820226
2869.800000000 13.0782 -16.3891 0 0 0 0.999966 0.00820587
2874.700000000 12.1183 -16.3732 0 0 0 0.999966 0.00821238
2879.600000000 11.1416 -16.3568 0 0 0 0.999966 0.00822141
2884.400000000 10.1901 -16.3402 0 0 0 0.999966 0.00822703
2889.300000000 9.21988 -16.3243 0 0 0 0.999966 0.0082352
2894.200000000 8.26723 -16.3085 0 0 0 0.999966 0.00823605
2899.100000000 7.30569 -16.2925 0 0 0 0.999966 0.00821856
2904.000000000 6.33527 -16.2764 0 0 0 0.999967 0.00811621
2908.100000000 5.34164 -16.2596 0 0 0 0.999971 0.00758837
2911.900000000 4.35371 -16.2443 0 0 0 0.999971 0.00765157
2914.400000000 3.32293 -16.2294 0 0 0 0.999971 0.00761022
2917.100000000 2.35675 -16.213 0 0 0 0.999972 0.00749783
2920.100000000 1.39621 -16.1955 0 0 0 0.999975 0.00706261
2923.100000000 0.43358 -16.1811 0 0 0 0.999973 0.00730326
2926.100000000 -0.532807 -16.1665 0 0 0 0.999973 0.0073213
2929.100000000 -1.50512 -16.1521 0 0 0 0.999973 0.00733596
2932.100000000 -2.4642 -16.1378 0 0 0 0.999973 0.00735012
2935.100000000 -3.4244 -16.124 0 0 0 0.999973 0.00735499
2938.100000000 -4.38224 -16.1119 0 0 0 0.999973 0.00735989
2941.100000000 -5.35014 -16.0996 0 0 0 0.999973 0.0073785
2944.100000000 -6.31737 -16.0845 0 0 0 0.999973 0.00738587
2947.300000000 -7.31357 -16.0693 0 0 0 0.999973 0.00739464
2950.800000000 -8.28656 -16.0546 0 0 0 0.999973 0.00739466
2954.500000000 -9.27401 -16.0391 0 0 0 0.999973 0.007383
2956.500000000 -10.2555 -16.024 0 0 0 0.999973 0.00736464
2959.800000000 -11.3181 -16.0082 0 0 0 0.999973 0.00734712
2962.800000000 -12.2733 -15.9948 0 0 0 0.999973 0.00732437
2965.400000000 -13.1302 -15.9849 0 0 0 0.999973 0.00730784
2968.800000000 -14.1848 -15.9679 0 0 0 0.999973 0.00728917
2971.600000000 -15.1667 -15.9501 0 0 0 0.999974 0.00721734
2975.300000000 -16.2974 -15.9329 0 0 0 0.999974 0.00715012
2977.000000000 -17.29 -15.9176 0 0 0 0.999973 0.0073214
2978.300000000 -18.2627 -15.9071 0 0 0 0.999987 0.0050759
2979.600000000 -19.2369 -15.9223 0 0 0 -0.999959 0.00905149
2980.800000000 -20.1317 -15.9633 0 0 0 -0.99945 0.0331722
2982.200000000 -21.1829 -16.0136 0 0 0 -0.99999 0.00452724
2983.500000000 -22.1468 -15.9143 0 0 0 0.997337 0.0729244
2984.800000000 -23.1122 -15.7809 0 0 0 0.998449 0.0556694
2986.200000000 -24.1594 -15.7458 0 0 0 -0.999999 0.00122989
2987.500000000 -25.1379 -15.792 0 0 0 -0.999501 0.0315805
2988.800000000 -26.1113 -15.8135 0 0 0 -0.999941 0.0108447
2990.100000000 -27.0842 -15.8206 0 0 0 0.999982 0.00599682
2991.500000000 -28.1443 -15.7909 0 0 0 0.999831 0.0183816
2992.900000000 -29.0763 -15.6445 0 0 0 0.984922 0.172997
2994.200000000 -29.808 -15.1 0 0 0 0.93257 0.360989
2995.800000000 -30.3798 -14.1234 0 0 0 0.823674 0.567064
2997.100000000 -30.674 -13.2059 0 0 0 0.822346 0.568988
2998.500000000 -31.2101 -12.4024 0 0 0 0.918251 0.395999
3000.000000000 -32.1124 -11.8975 0 0 0 0.984471 0.17555
3001.300000000 -33.0273 -11.8318 0 0 0 -0.99996 0.00899134
3002.800000000 -34.0371 -12.0969 0 0 0 -0.991434 0.130605
3003.800000000 -34.2736 -11.9836 0 0 0 0.971993 0.235011
3004.500000000 -34.2372 -11.8858 0 0 0 0.848073 0.529879
3005.100000000 -34.1256 -11.8083 0 0 0 0.666421 0.745575
3005.700000000 -34.0146 -11.8449 0 0 0 0.420492 0.907296
3006.200000000 -33.974 -11.916 0 0 0 0.18602 0.982546
3007.100000000 -33.6433 -11.9976 0 0 0 -0.104794 0.994494
3008.600000000 -32.6624 -12.3982 0 0 0 -0.189817 0.98182
3009.900000000 -31.7574 -12.75 0 0 0 -0.184649 0.982805
3011.100000000 -30.9006 -12.9985 0 0 0 -0.0959372 0.995387
3012.700000000 -29.8671 -13.0747 0 0 0 -0.0178156 0.999841
3014.000000000 -28.8874 -13.0163 0 0 0 0.042895 0.99908
3016.000000000 -27.9906 -12.9653 0 0 0 0.0187706 0.999824
3019.300000000 -26.9959 -12.9816 0 0 0 -0.0177133 0.999843
3023.700000000 -26.0531 -12.9985 0 0 0 -0.00507067 0.999987
3027.700000000 -24.964 -13.0223 0 0 0 -0.0192705 0.999814
3031.200000000 -24.0018 -13.0911 0 0 0 -0.0363763 0.999338
3033.900000000 -22.6587 -13.125 0 0 0 0.0103229 0.999947
3035.300000000 -21.6247 -13.0621 0 0 0 0.0277967 0.999614
3037.400000000 -20.6344 -13.0736 0 0 0 -0.0223294 0.999751
3040.800000000 -19.696 -13.1307 0 0 0 -0.0313434 0.999509
3044.300000000 -18.7523 -13.1856 0 0 0 -0.0292506 0.999572
3047.100000000 -17.7472 -13.4575 0 0 0 -0.199239 0.979951
3048.500000000 -16.9835 -14.0802 0 0 0 -0.358081 0.93369
3049.700000000 -16.2806 -14.7259 0 0 0 -0.393556 0.919301
3051.100000000 -15.5573 -15.472 0 0 0 -0.383579 0.923508
3052.500000000 -14.8069 -16.2094 0 0 0 -0.377852 0.925866
3053.800000000 -14.1323 -16.8772 0 0 0 -0.324125 0.946014
3055.000000000 -13.2884 -17.2741 0 0 0 -0.18709 0.982343
3056.700000000 -12.2601 -17.3955 0 0 0 -0.0124259 0.999923
3059.700000000 -11.3591 -17.3442 0 0 0 0.0537209 0.998556
3064.700000000 -10.3687 -17.2606 0 0 0 0.036112 0.999348
3069.400000000 -9.43914 -17.211 0 0 0 0.010981 0.99994
3074.600000000 -8.41173 -17.2121 0 0 0 -0.00884829 0.999961
3079.500000000 -7.44148 -17.2414 0 0 0 -0.0103219 0.999947
3084.400000000 -6.47861 -17.2532 0 0 0 -0.0043841 0.99999
3089.200000000 -5.52214 -17.2624 0 0 0 -0.0043181 0.999991
3093.900000000 -4.56932 -17.272 0 0 0 -0.00424629 0.999991
3099.000000000 -3.56267 -17.2816 0 0 0 -0.0041684 0.999991
3104.000000000 -2.57973 -17.2912 0 0 0 -0.00408421 0.999992
3108.900000000 -1.61144 -17.3004 0 0 0 -0.00399459 0.999992
3113.800000000 -0.643348 -17.3095 0 0 0 -0.00389966 0.999992
3118.700000000 0.329776 -17.3185 0 0 0 -0.00379883 0.999993
3123.300000000 1.27795 -17.3271 0 0 0 -0.00369314 0.999993
3127.000000000 2.28485 -17.3362 0 0 0 -0.00358279 0.999994
3129.900000000 3.24558 -17.3442 0 0 0 -0.00346611 0.999994
3132.900000000 4.21566 -17.3522 0 0 0 -0.00337691 0.999994
3135.100000000 5.17154 -17.3602 0 0 0 -0.00328376 0.999995
3138.600000000 6.15112 -17.3678 0 0 0 -0.00291351 0.999996
3141.900000000 7.20248 -17.3755 0 0 0 -0.00253522 0.999997
3144.800000000 8.15503 -17.3776 0 0 0 0.00535606 0.999986
3149.000000000 9.10558 -17.3528 0 0 0 0.0071669 0.999974
3152.500000000 10.0687 -17.3477 0 0 0 0.00257118 0.999997
3155.700000000 11.0195 -17.3431 0 0 0 0.0029291 0.999996
3159.600000000 11.9609 -17.3377 0 0 0 0.00329576 0.999995
3163.400000000 12.9502 -17.3315 0 0 0 0.00367744 0.999993
3167.500000000 13.9298 -17.3246 0 0 0 0.00406523 0.999992
3171.900000000 14.8746 -17.3171 0 0 0 0.00445808 0.99999
3176.500000000 15.8747 -17.3089 0 0 0 0.00487625 0.999988
3180.900000000 16.829 -17.3002 0 0 0 0.00502287 0.999987
3185.700000000 17.7851 -17.2908 0 0 0 0.00517381 0.999987
3190.500000000 18.7377 -17.2812 0 0 0 0.00538631 0.999985
3194.800000000 19.7417 -17.2711 0 0 0 0.00560489 0.999984
3197.800000000 20.7255 -17.2606 0 0 0 0.00582887 0.999983
3201.100000000 21.6963 -17.2496 0 0 0 0.00605849 0.999982
3204.700000000 22.6341 -17.2384 0 0 0 0.00629326 0.99998
3207.800000000 23.6394 -17.2266 0 0 0 0.00661283 0.999978
3210.800000000 24.6112 -17.2327 0 0 0 -0.00169914 0.999999
3213.400000000 25.4745 -17.2249 0 0 0 0.00530801 0.999986
3215.800000000 26.6684 -17.1642 0 0 0 -0.0183412 0.999832
3217.100000000 27.6535 -17.2319 0 0 0 -0.0801199 0.996785
3218.500000000 28.6564 -17.5256 0 0 0 -0.163956 0.986468
3219.800000000 29.5694 -17.8629 0 0 0 -0.191899 0.981415
3221.100000000 30.4687 -18.2492 0 0 0 -0.208524 0.978017
3222.400000000 31.3556 -18.6667 0 0 0 -0.224379 0.974502
3223.700000000 32.2217 -19.1129 0 0 0 -0.231647 0.9728
3225.000000000 33.1149 -19.4993 0 0 0 -0.187101 0.982341
3226.300000000 34.0374 -19.81 0 0 0 -0.15467 0.987966
3227.600000000 34.9734 -20.068 0 0 0 -0.1358 0.990736
3228.800000000 35.8325 -20.3281 0 0 0 -0.175871 0.984413
3230.200000000 36.7547 -20.8595 0 0 0 -0.329471 0.944166
3231.300000000 36.9764 -21.2827 0 0 0 -0.5912 0.806525
3232.000000000 36.8776 -21.3657 0 0 0 -0.80779 0.589471
3233.700000000 36.3809 -21.8819 0 0 0 -0.916353 0.400371
3235.800000000 36.2722 -22.2302 0 0 0 -0.724216 0.689574
3237.100000000 36.4017 -22.2575 0 0 0 -0.500588 0.865686
3238.400000000 36.5276 -22.2409 0 0 0 -0.240979 0.97053
3240.600000000 37.1041 -22.3165 0 0 0 0.0596391 0.99822
3241.300000000 37.0975 -22.2088 0 0 0 0.288958 0.957342
3242.100000000 37.0267 -22.1304 0 0 0 0.533371 0.845881
3243.000000000 36.9056 -22.0952 0 0 0 0.771872 0.635778
3243.600000000 36.9137 -22.2793 0 0 0 0.993242 0.116058
3243.700000000 36.8153 -22.1351 0 0 0 0.927772 0.373148
3244.300000000 36.7595 -22.2307 0 0 0 0.992773 0.120011
3245.000000000 36.7653 -22.3419 0 0 0 -0.984035 0.177973
3247.600000000 36.5254 -22.3234 0 0 0 0.987732 0.156159
3248.700000000 36.4759 -22.163 0 0 0 0.917254 0.398303
3249.900000000 36.528 -22.0725 0 0 0 0.781233 0.624239
3251.100000000 36.6342 -22.06 0 0 0 0.57253 0.819884
3252.200000000 36.7258 -22.1106 0 0 0 0.331989 0.943283
3254.100000000 37.1801 -22.1116 0 0 0 0.0742924 0.997236
3255.400000000 37.717 -22.243 0 0 0 -0.271927 0.962318
3255.500000000 37.597 -22.1679 0 0 0 -0.160984 0.986957
3256.200000000 37.5384 -22.2589 0 0 0 -0.436714 0.8996
3257.000000000 37.4312 -22.3072 0 0 0 -0.708482 0.705729
3257.700000000 37.3069 -22.2791 0 0 0 -0.884666 0.466225
3258.500000000 37.1972 -22.1865 0 0 0 -0.98796 0.154711
3259.300000000 36.9745 -22.1206 0 0 0 0.997416 0.0718443
3260.400000000 36.722 -21.8765 0 0 0 0.92953 0.368747
3261.300000000 36.735 -21.8016 0 0 0 0.810542 0.58568
3262.300000000 36.8352 -21.7654 0 0 0 0.624895 0.780709
3263.100000000 36.9587 -21.8169 0 0 0 0.341775 0.939782
3263.700000000 37.0032 -21.922 0 0 0 0.053501 0.998568
3264.300000000 36.9901 -22.0361 0 0 0 -0.239689 0.97085
3264.900000000 36.9133 -22.1222 0 0 0 -0.511932 0.859026
3265.600000000 36.8074 -22.1718 0 0 0 -0.763802 0.64545
3266.200000000 36.6841 -22.1713 0 0 0 -0.909472 0.415766
3266.800000000 36.5657 -22.137 0 0 0 -0.986552 0.163451
3267.300000000 36.5122 -22.071 0 0 0 0.998339 0.0576159
3268.000000000 36.4908 -21.9214 0 0 0 0.948825 0.315803
3268.700000000 36.564 -21.8292 0 0 0 0.765709 0.643187
3269.200000000 36.676 -21.8367 0 0 0 0.587164 0.809468
3269.900000000 36.772 -21.9113 0 0 0 0.279387 0.960179
3270.600000000 36.8087 -22.0189 0 0 0 -0.0625433 0.998042
3271.200000000 36.7722 -22.1273 0 0 0 -0.350575 0.936535
3271.800000000 36.678 -22.1936 0 0 0 -0.60813 0.793837
3272.400000000 36.5699 -22.213 0 0 0 -0.809721 0.586815
3273.000000000 36.4593 -22.1886 0 0 0 -0.942231 0.334964
3273.500000000 36.3994 -22.1119 0 0 0 -0.994314 0.106492
3274.200000000 36.3814 -21.9834 0 0 0 0.974099 0.226122
3274.700000000 36.4484 -21.8965 0 0 0 0.893058 0.449942
3275.400000000 36.5535 -21.8447 0 0 0 0.685567 0.728009
3276.000000000 36.6593 -21.8831 0 0 0 0.444272 0.895892
3276.500000000 36.7362 -21.9692 0 0 0 0.213948 0.976845
3277.200000000 36.7506 -22.0711 0 0 0 -0.130289 0.991476
3277.800000000 36.6984 -22.1709 0 0 0 -0.413487 0.91051
3278.400000000 36.5974 -22.238 0 0 0 -0.659355 0.751832
3279.000000000 36.4929 -22.2613 0 0 0 -0.843199 0.537602
3279.500000000 36.4015 -22.2112 0 0 0 -0.945928 0.324377
3280.200000000 36.3354 -22.0935 0 0 0 0.999971 0.00764336
3280.800000000 36.3539 -21.9808 0 0 0 0.954737 0.297452
3281.400000000 36.4455 -21.9127 0 0 0 0.825943 0.563754
3282.000000000 36.5498 -21.8919 0 0 0 0.626369 0.779527
3282.500000000 36.6498 -21.9386 0 0 0 0.418216 0.908348
3283.100000000 36.7224 -22.0208 0 0 0 0.135663 0.990755
3283.800000000 36.7197 -22.134 0 0 0 -0.208374 0.978049
3284.300000000 36.6635 -22.2232 0 0 0 -0.439342 0.89832
3284.900000000 36.5691 -22.271 0 0 0 -0.683022 0.730398
3285.500000000 36.4464 -22.2621 0 0 0 -0.863963 0.503555
3286.100000000 36.3705 -22.1877 0 0 0 -0.977413 0.21134
3287.300000000 36.4069 -21.9346 0 0 0 0.94569 0.325071
3288.000000000 36.4852 -21.895 0 0 0 0.75931 0.650729
3288.600000000 36.6022 -21.9113 0 0 0 0.539544 0.841958
3289.200000000 36.6962 -21.98 0 0 0 0.271293 0.962497
3289.800000000 36.7264 -22.0755 0 0 0 -0.0206715 0.999786
3290.400000000 36.6987 -22.1911 0 0 0 -0.310841 0.950462
3291.000000000 36.6131 -22.2666 0 0 0 -0.574269 0.818667
3291.800000000 36.4688 -22.262 0 0 0 -0.844713 0.53522
3292.400000000 36.3743 -22.1874 0 0 0 -0.963567 0.267466
3293.000000000 36.3265 -22.0961 0 0 0 0.999728 0.0233409
3293.500000000 36.3665 -21.9926 0 0 0 0.963782 0.266691
3294.200000000 36.4555 -21.9066 0 0 0 0.816214 0.577749
3294.800000000 36.5561 -21.8728 0 0 0 0.617598 0.786494
3295.500000000 36.762 -21.7494 0 0 0 0.412778 0.910831
3296.900000000 37.552 -21.1781 0 0 0 0.305617 0.952155
3298.200000000 38.2785 -20.5371 0 0 0 0.380072 0.924957
3299.500000000 38.9666 -19.8447 0 0 0 0.386392 0.922335
3300.800000000 39.6556 -19.1549 0 0 0 0.381421 0.924402
3302.200000000 40.3998 -18.4151 0 0 0 0.381683 0.924293
3303.600000000 41.2399 -17.7726 0 0 0 0.284761 0.958599
3305.100000000 41.927 -17.5334 0 0 0 -0.0392457 0.99923
3305.700000000 41.9014 -17.6439 0 0 0 -0.328311 0.94457
3306.200000000 41.8283 -17.7063 0 0 0 -0.54859 0.836091
3306.900000000 41.709 -17.7284 0 0 0 -0.799231 0.601024
3307.500000000 41.583 -17.7908 0 0 0 -0.919771 0.392455
3308.500000000 41.0618 -17.8841 0 0 0 -0.988287 0.152607
3310.000000000 40.1682 -17.826 0 0 0 0.990313 0.138855
3312.300000000 39.2537 -17.5346 0 0 0 0.991535 0.129841
3316.400000000 38.2526 -17.4025 0 0 0 0.999633 0.0270787
3317.800000000 37.2296 -17.5619 0 0 0 -0.995405 0.095759
3319.000000000 36.325 -17.7169 0 0 0 -0.997433 0.0716012
3320.700000000 35.2904 -17.7652 0 0 0 -0.999945 0.0104613
3323.300000000 34.3483 -17.7566 0 0 0 0.999983 0.00582936
3327.100000000 33.3924 -17.7501 0 0 0 0.999993 0.00372412
3331.700000000 32.4109 -17.7434 0 0 0 0.999994 0.00353559
3336.400000000 31.4341 -17.7373 0 0 0 0.999994 0.00345682
3339.800000000 30.5031 -17.7316 0 0 0 0.999994 0.0033826
3344.800000000 29.5127 -17.7256 0 0 0 0.999995 0.00331412
3349.400000000 28.4347 -17.6816 0 0 0 0.998078 0.0619654
3352.200000000 27.524 -17.5338 0 0 0 0.999786 0.0206862
3355.800000000 26.5567 -17.578 0 0 0 -0.999031 0.0440218
3357.200000000 25.5134 -17.7347 0 0 0 -0.998413 0.056315
3358.800000000 24.5583 -17.7325 0 0 0 0.996156 0.0876007
3359.900000000 24.0689 -17.3936 0 0 0 0.941803 0.336166
3361.200000000 23.4489 -16.7035 0 0 0 0.917089 0.398683
3362.600000000 22.6284 -16.0576 0 0 0 0.962698 0.270577
3364.000000000 21.6708 -15.76 0 0 0 0.994585 0.103924
3365.700000000 20.6614 -15.7716 0 0 0 -0.99882 0.0485633
3367.200000000 19.6268 -15.9201 0 0 0 -0.997118 0.075865
3370.500000000 18.7281 -16.0038 0 0 0 -0.999427 0.0338577
3375.300000000 17.788 -15.998 0 0 0 0.999936 0.0113261
3380.200000000 16.8255 -15.9662 0 0 0 0.999943 0.0106637
3385.200000000 15.8344 -15.9551 0 0 0 0.999996 0.00289386
3390.100000000 14.8624 -15.9446 0 0 0 0.999996 0.00273611
3394.900000000 13.9112 -15.9385 0 0 0 0.999996 0.00273868
3399.500000000 13.0038 -15.93 0 0 0 0.999996 0.00273614
3404.600000000 11.9922 -15.9246 0 0 0 0.999996 0.002737
3409.500000000 11.0298 -15.9192 0 0 0 0.999996 0.00274298
3414.400000000 10.0581 -15.913 0 0 0 0.999996 0.00274989
3419.200000000 9.06882 -15.9076 0 0 0 0.999996 0.00275858
3424.200000000 8.08808 -15.9019 0 0 0 0.999996 0.00277011
3429.000000000 7.13538 -15.8964 0 0 0 0.999996 0.00280351
3433.700000000 6.15732 -15.891 0 0 0 0.999996 0.00295919
3435.700000000 5.45013 -15.8847 0 0 0 0.999999 0.00152339
3439.600000000 4.20583 -15.9044 0 0 0 -0.999893 0.0146491
3441.800000000 3.1324 -15.9129 0 0 0 0.999998 0.00178352
3443.500000000 2.15079 -15.9012 0 0 0 0.999997 0.00254754
3445.600000000 1.19613 -15.8961 0 0 0 -1 0.000206638
3449.200000000 0.216599 -15.8958 0 0 0 -1 0.000259411
3452.200000000 -0.75239 -15.8962 0 0 0 -1 0.00025887
3455.200000000 -1.71735 -15.8971 0 0 0 -1 0.00025784
3457.200000000 -2.7223 -15.8978 0 0 0 -1 0.000256773
3460.500000000 -3.71866 -15.8979 0 0 0 -1 0.000254231
3463.600000000 -4.68672 -15.8965 0 0 0 -1 0.000254337
3466.600000000 -5.65825 -15.897 0 0 0 -1 0.000254137
3469.700000000 -6.65262 -15.8975 0 0 0 -1 0.000254234
3472.400000000 -7.60556 -15.8981 0 0 0 -1 0.000254939
3475.900000000 -8.57025 -15.8986 0 0 0 -1 0.000254252
3478.900000000 -9.53029 -15.899 0 0 0 -1 0.000254345
3481.900000000 -10.5011 -15.8995 0 0 0 -1 0.000251736
3484.800000000 -11.4345 -15.9 0 0 0 -1 0.00025007
3488.700000000 -12.435 -15.9001 0 0 0 -1 0.000247337
3492.200000000 -13.4437 -15.8979 0 0 0 -1 0.000253737
3495.300000000 -14.3968 -15.8984 0 0 0 -1 0.000252737
3498.400000000 -15.3887 -15.8987 0 0 0 -1 0.000252827
3500.900000000 -16.4492 -15.899 0 0 0 -1 0.00023875
3502.100000000 -17.3542 -15.8984 0 0 0 -1 0.000155298
3503.500000000 -18.4026 -15.9116 0 0 0 -0.999976 0.00690142
3504.800000000 -19.3754 -15.9299 0 0 0 -0.99997 0.00778148
3506.000000000 -20.2727 -15.9389 0 0 0 -0.999999 0.00171369
3507.300000000 -21.2465 -15.9432 0 0 0 1 0.000605547
3508.700000000 -22.3002 -15.9425 0 0 0 1 0.000608529
3510.000000000 -23.2731 -15.899 0 0 0 0.999799 0.0200307
3511.300000000 -24.2455 -15.8606 0 0 0 0.999645 0.0266297
3512.600000000 -25.2187 -15.8451 0 0 0 0.999992 0.00389528
3513.400000000 -26.4384 -15.7574 0 0 0 -0.998867 0.0475967
3515.600000000 -27.4682 -15.8707 0 0 0 0.99997 0.00779379
3516.900000000 -28.4449 -15.8035 0 0 0 0.99933 0.0365968
3518.200000000 -29.419 -15.734 0 0 0 0.999316 0.0369709
3519.600000000 -30.4711 -15.7166 0 0 0 -0.999913 0.0132058
3521.000000000 -31.4652 -15.8303 0 0 0 -0.993549 0.113403
3522.600000000 -32.2643 -16.4516 0 0 0 -0.931936 0.362623
3523.900000000 -32.9606 -17.1422 0 0 0 -0.918068 0.396422
3525.200000000 -33.6468 -17.8236 0 0 0 -0.930838 0.365433
3526.500000000 -34.4225 -18.4209 0 0 0 -0.957208 0.2894
3527.800000000 -35.298 -18.8115 0 0 0 -0.986484 0.163857
3529.700000000 -36.2643 -18.9119 0 0 0 -0.999794 0.0202753
3531.800000000 -36.7747 -18.7591 0 0 0 0.923101 0.384557
3532.500000000 -36.6883 -18.7399 0 0 0 0.784867 0.619665
3533.100000000 -36.5802 -18.7352 0 0 0 0.589581 0.807709
3533.500000000 -36.2908 -18.8705 0 0 0 0.171329 0.985214
3533.600000000 -36.4604 -18.7476 0 0 0 0.394683 0.918818
3534.200000000 -36.4074 -18.8356 0 0 0 0.133382 0.991065
3534.900000000 -36.3873 -18.9638 0 0 0 -0.168897 0.985634
